Num_Acc,id_vehicule,num_veh,place,catu,sexe,trajet,secu1,secu2,secu3,locp,actp,etatp,year_acc,victim_age,senc,catv,obs,obsm,choc,manv,motor,occutc,catr,voie,v1,v2,circ,nbv,vosp,prof,pr,pr1,plan,lartpc,larrout,surf,infra,situ,vma,jour,mois,lum,dep,com,agg_,int,atm,col,adr,lat,long,hour,nb_victim,nb_vehicules
202100014733,175Â 373,B01,2,2,1,0,1,0,-1,-1, -1,-1,2021,28.0,2,2,4,2,2,1,1,,1,AUTOROUTE A6B,0,,2,3,0,2,8,157,1,, -1,1,0,1,110,6,10,1,91,91689,1,1,0,3,AUTOROUTE A6B,48.74824,2.32786,16,3,2
202100049616,113Â 055,A01,10,3,1,5,0,-1,-1,9,3,1,2021,6.0,0,2,0,1,1,1,1,,4,VAILLANT COUTURIER. RUE PAUL,0,,2,2,0,1,0,0,3,, -1,1,0,1,50,10,2,1,76,76322,2,1,0,6,VAILLANT COUTURIER. RUE PAUL,49.41898,1.04294,17,2,1
202100056464,100Â 975,A01,1,1,1,9,8,-1,-1,0,0,-1,2021,30.0,2,2,3,0,2,1,1,,3,D8,0,,2,2,0,1,11,600,1,, -1,2,2,4,80,3,1,3,70,70504,1,1,1,6,D8,47.61213,5.964192,2,2,1
202100053376,106Â 316,A01,1,1,1,5,1,-1,-1,0,0,-1,2021,85.0,1,2,2,0,1,1,1,,3,13,-1,,2,2,0,1,2,780,2,, -1,2,0,3,80,28,1,1,56,56122,1,1,1,6,Rue du 20 Janvier 1944,48.000081,-2.385283,14,1,1
202100013718,177Â 184,A01,10,3,2,0,0,-1,-1,5,5,2,2021,11.0,1,2,0,0,0,1,0,,3,SAINT-DENIS (RUE DE),0,,2,2,0,1,0,1,1,, -1,1,0,1,50,12,10,1,93,93001,2,1,0,6,SAINT-DENIS (RUE DE),48.9220459402,2.373311258,16,2,1
202100049545,113Â 196,A01,1,1,1,0,2,6,-1,-1, -1,-1,2021,23.0,2,1,0,2,1,17,0,,3,986,0,,2,2,0,1,0,0,1,, -1,1,0,1,50,2,3,2,92,92050,2,2,0,3,REPUBLIQUE AVENUE DE LA,48.90921,2.21644,18,2,2
202100050984,110Â 549,B01,1,1,1,1,2,6,-1,0,0,-1,2021,41.0,2,1,0,2,2,17,1,,4,,0,,2,2,0,2,0,580,1,, -1,1,0,1,50,19,2,1,6,6085,1,1,0,3,Chemin du Grand Vallon,43.595931,6.965446,14,2,2
202100046803,118Â 114,A01,10,3,2,5,0,-1,-1,3,3,2,2021,10.0,2,2,0,1,3,1,1,,4,MEDERIC (AVENUE),0,,2,2,0,1,0,0,1,, -1,1,0,1,50,24,3,1,93,93051,2,1,0,6,MEDERIC (AVENUE),48.83012,2.5604,18,4,1
202100007415,188Â 504,A01,1,1,1,1,1,-1,-1,0,0,-1,2021,18.0,1,2,2,0,3,1,1,,3,,-1,,3,2,0,1,20,500,2,, -1,1,0,3,80,19,11,1,33,33494,1,1,0,6,Route de Castelnau,44.956724,-0.832697,16,1,1
202100007547,188Â 253,B01,1,1,2,0,2,6,-1,-1, -1,-1,2021,27.0,1,1,0,2,8,1,1,,1,AUTOROUTE A86,0,,1,8,0,1,25,100,1,, -1,1,0,1,90,18,11,5,93,93053,1,1,0,3,AUTOROUTE A86,48.89433,2.47141,19,2,2
202100015626,173Â 741,Z01,4,2,2,0,1,0,-1,-1, -1,-1,2021,21.0,3,2,15,0,0,26,0,,4,GEORGES POMPIDOU (RUE),0,,1,1,1,1,(1),(1),3,, -1,2,0,8,50,2,10,5,10,10387,2,6,1,6,GEORGES POMPIDOU (RUE),48.2909624564,4.0884447096,23,2,1
202100052920,107Â 127,B01,1,1,1,4,2,8,-1,-1, -1,-1,2021,24.0,1,1,0,2,1,9,1,,3,AV DE L'HIPPODROME,0,,1,2,0,1,0,0,1,, -1,2,0,1,50,30,1,5,94,94019,2,6,1,3,L'HIPPODROME (AV DE),48.79382,2.55876,19,2,2
202100017878,169Â 667,A01,10,3,2,1,0,-1,-1,2,3,1,2021,46.0,2,1,0,1,1,1,5,,4,BOULEVARD VINCENT AURIOL,0,,3,3,1,1,(1),(1),1,, -1,1,0,5,30,20,9,1,75,75113,2,3,0,6,BOULEVARD VINCENT AURIOL,48.8345736359,2.3673703775,13,2,1
202100053276,106Â 504,A01,10,3,2,5,0,-1,-1,2,3,1,2021,73.0,3,2,0,1,1,0,1,,4,,-1,,2,2,0,1,(1),(1),1,, -1,2,0,1,50,29,1,1,80,80016,2,1,1,6,Rue Gallieni,50.001098,2.649223,16,2,1
202100041964,126Â 609,A01,8,2,2,5,1,-1,-1,0,0,-1,2021,17.0,1,2,0,2,3,5,1,,4,145,-1,,2,2,0,1,(1),(1),3,, -1,1,0,3,-1,1,5,1,72,72231,2,1,0,3,Route de ChangÃ©,47.941019,0.360866,12,6,2
202100049042,114Â 092,A01,1,1,1,5,1,0,-1,-1, -1,-1,2021,53.0,2,2,0,2,4,2,1,,1,A4.W,0,,3,5,0,1,18,899,1,, -1,1,0,1,110,5,3,1,77,77258,1,1,0,6,A4.W,48.83039,2.63015,9,3,3
202100032452,143Â 772,B01,1,1,1,0,1,0,-1,-1, -1,-1,2021,73.0,1,2,0,2,4,2,1,,3,117,0,,1,1,0,1,0,0,1,, -1,1,0,1,50,24,6,1,91,91667,2,1,0,2,CORBEIL (ROUTE),48.65811,2.33939,16,2,2
202100042901,124Â 982,A01,1,1,1,5,2,6,-1,0,0,-1,2021,41.0,2,1,17,0,1,1,1,,3,NEFFES ( ROUTE DE ),0,,2,2,0,1,1,32,3,, -1,1,0,1,80,22,4,1,5,5061,1,1,0,7,NEFFES ( ROUTE DE ),44.52231,6.03713,17,1,1
202100016843,171Â 511,A01,10,3,2,5,0,-1,-1,3,3,1,2021,82.0,1,2,0,1,2,16,1,,4,RUE EMILE CLOUD,0,,2,2,0,1,1,0,1,, -1,1,0,1,30,25,9,1,77,77449,2,6,0,1,RUE EMILE CLOUD,48.843116,2.789044,17,2,1
202100013763,177Â 109,A01,1,1,1,4,1,-1,-1,0,0,-1,2021,40.0,2,4,3,0,0,1,1,,1,71,0,A,3,4,0,1,290,600,2,, -1,1,0,1,130,12,10,1,3,3305,1,1,0,6,A71 PK 290+600,46.411829,2.706366,16,1,1
202100010628,182Â 737,B01,2,2,2,0,1,-1,-1,0,0,-1,2021,22.0,1,2,0,2,1,1,1,,3,923,0,,2,3,0,1,31,500,2,, -1,1,0,1,90,28,10,1,28,28071,1,1,1,1,D923,48.407967,1.096659,12,4,2
202100041267,127Â 837,A01,1,1,2,1,8,-1,-1,0,0,-1,2021,21.0,3,1,0,2,1,9,5,,4,FERRE (PLACE),0,,-1,1,0,1,(1),(1),2,, -1,2,5,1,50,5,5,1,65,65440,2,6,1,3,FERRE (PLACE),43.2283801177,0.0758276618,8,2,2
202100017800,169Â 802,B01,1,1,1,3,1,0,-1,-1, -1,-1,2021,37.0,2,2,0,2,5,15,1,,4,AV PAUL VAILLANT COUTURIER,0,,2,2,0,1,0,100,1,, -1,1,0,1,50,20,9,1,91,91657,2,2,0,3,AV PAUL VAILLANT COUTURIER,48.69825,2.42541,16,2,2
202100006240,190Â 651,A01,10,3,1,5,0,-1,-1,3,3,1,2021,12.0,1,2,0,1,2,1,1,,3,CLEMENCEAU (RUE),0,,2,2,0,2,1,735,1,, -1,1,0,1,50,24,11,1,57,57012,2,1,1,6,CLEMENCEAU (RUE),49.35584,6.04581,14,2,1
202100035450,138Â 345,A01,10,3,2,5,0,-1,-1,5,5,2,2021,2.0,1,2,0,0,2,23,1,,4,LECLERC (DU MARECHAL),0,,2,2,0,1,0,0,1,, -1,1,0,1,30,7,6,1,974,97411,2,2,0,3,LECLERC (DU MARECHAL),-20.88037,55.45721,10,2,1
202100044817,121Â 607,B01,1,1,1,0,1,0,-1,-1, -1,-1,2021,49.0,1,2,0,2,3,1,1,,3,RD 65 A,0,,-1,2,0,1,0,0,1,, -1,1,0,1,50,6,4,1,52,52121,1,1,0,3,RD 65 A,48.11978,5.12987,13,2,2
202100026462,154Â 401,A01,1,1,1,5,1,5,-1,-1, -1,-1,2021,85.0,1,2,1,0,1,16,1,,4,TOSCANE (ALLEE DE),0,,1,1,0,1,(1),(1),3,, -1,1,9,8,30,28,7,1,37,37261,1,1,0,6,TOSCANE (ALLEE DE),47.3749520787,0.7090144604,14,1,1
202100046402,118Â 829,B01,1,1,1,4,2,0,-1,-1, -1,-1,2021,32.0,3,1,0,2,2,1,1,,3,JACQUES DUCLOS [CD44] (RUE),0,,1,4,0,2,0,1,1,, -1,2,0,1,50,26,3,5,93,93005,2,3,1,3,JACQUES DUCLOS [CD44] (RUE),48.9462040641,2.4933637549,22,2,2
202100026901,153Â 624,B01,1,1,1,1,1,-1,-1,0,0,-1,2021,35.0,2,2,0,2,3,1,1,,3,758,0,D,2,2,0,1,9,300,1,, -1,1,0,1,-1,28,7,1,85,85029,1,1,0,1,Le Pre Greneze,46.947827,-2.024542,15,2,2
202100019015,167Â 649,B01,1,1,1,1,2,6,-1,-1, -1,-1,2021,49.0,1,1,0,2,1,1,1,,4,BOURDIGNON (R),0,,2,2,0,1,0,0,1,, -1,1,0,1,30,14,9,1,94,94068,2,2,0,3,BOURDIGNON (R),48.80383,2.47708,13,2,2
202100004215,194Â 218,B01,2,2,2,0,2,0,-1,-1, -1,-1,2021,31.0,1,1,0,2,1,21,1,,2,kaweni-Kaweni nord ( Z I ),0,,2,2,0,1,0,0,1,, -1,1,0,1,50,6,12,1,976,97611,2,1,0,3,kaweni-Kaweni nord ( Z I ),-12.76725,45.2247,10,3,2
202100035507,138Â 243,B01,1,1,2,5,2,0,-1,0,0,-1,2021,15.0,3,1,0,2,5,12,1,,4,NOGUERES HENRI (RD POINT),0,,-1,1,0,1,(1),(1),2,, -1,1,0,1,50,8,6,1,34,34032,2,6,0,3,NOGUERES HENRI (RD POINT),43.35339,3.22519,15,3,2
202100005776,191Â 470,A01,10,3,1,5,8,8,-1,2,3,1,2021,7.0,1,2,0,1,7,1,1,,4,BOULEVARD DES BATIGNOLLES,0,,1,3,3,1,(1),(1),1,, -1,1,0,1,30,28,11,1,75,75117,2,5,0,6,BOULEVARD DES BATIGNOLLES,48.883014,2.32426,16,2,1
202100011106,181Â 877,A01,1,1,1,3,8,0,-1,-1, -1,-1,2021,27.0,3,1,0,0,0,0,5,,4,CRUSSOL (RUE DE),0,,1,1,0,1,0,0,1,, -1,1,0,1,30,25,10,1,7,7281,2,1,0,7,CRUSSOL (RUE DE),44.944474,4.84276,15,1,1
202100027239,153Â 028,A01,1,1,2,5,8,0,-1,-1, -1,-1,2021,51.0,2,2,12,0,2,14,1,,3,3,0,,2,3,0,2,0,0,2,, -1,1,0,4,50,23,7,5,92,92073,2,1,0,6,Avenue Franklin Roosevelt,48.8723307481,2.2209763527,23,1,1
202100028189,151Â 308,A01,1,1,1,1,2,6,-1,-1, -1,-1,2021,47.0,2,1,0,2,6,1,1,,4,,0,,1,1,0,1,0,0,1,, -1,1,0,1,30,19,7,1,92,92012,2,1,0,3,PYRAMIDE (SENTE DE LA),48.8339258396,2.2341236888,19,2,2
202100042250,126Â 109,A01,1,1,1,0,8,-1,-1,0,0,-1,2021,32.0,1,2,6,0,2,1,1,,3,279,-1,,2,2,0,4,(1),(1),3,, -1,1,2,3,80,29,4,3,14,14238,1,1,0,6,Bois de Boulogne,49.33325,0.15986,3,2,1
202100015011,174Â 872,B01,1,1,1,5,8,0,-1,-1, -1,-1,2021,25.0,2,1,0,2,1,1,3,,4,JACQUES PEIROTES (RUE),0,,2,2,1,1,0,0,1,, -1,1,0,5,30,3,10,5,67,67482,2,3,0,3,JACQUES PEIROTES (RUE),48.57619,7.75414,3,2,2
202100028337,151Â 045,A01,2,2,2,3,1,-1,-1,0,0,-1,2021,64.0,2,2,13,0,7,21,1,,3,56,0,D,2,2,0,1,3,950,1,, -1,1,0,3,80,17,7,1,35,35064,1,1,0,6,D56,47.703293,-1.935396,9,2,1
202100027440,152Â 674,B01,1,1,1,5,2,6,9,0,0,-1,2021,28.0,1,1,0,2,1,1,1,,3,918,0,D,2,2,0,1,51,880,1,, -1,1,0,1,80,23,7,1,64,64490,1,3,0,3,D918,43.223848,-1.298726,11,2,2
202100040452,129Â 300,B01,1,1,1,1,2,6,-1,-1, -1,-1,2021,39.0,1,1,0,2,7,2,1,,9,SAMPIERO CORSO - AV,0,,2,2,0,2,1,0,1,, -1,1,0,1,50,10,5,1,202,202033,2,1,0,3,SAMPIERO CORSO - AV,42.6674,9.44286,19,2,2
202100018720,168Â 177,A01,10,3,2,0,0,-1,-1,2,9,1,2021,18.0,3,2,0,1,1,1,1,,4,SAINT MICHEL (PL),0,,2,2,0,1,0,0,3,, -1,1,0,1,30,15,9,1,72,72181,2,7,0,6,SAINT MICHEL (PL),48.00926,0.19805,15,2,1
202100036149,137Â 069,A01,1,1,1,5,2,-1,-1,0,0,-1,2021,38.0,1,1,0,0,8,1,1,,3,112,-1,,2,2,0,2,(1),(1),2,, -1,1,0,1,80,5,6,1,14,14552,1,1,0,7,D112,49.301789,-0.606995,11,1,1
202100022704,161Â 017,B01,1,1,2,0,0,-1,-1,-1, -1,-1,2021,20.0,0,1,0,2,1,15,3,,4,SAINT CHARLES (ROCADE),0,,2,3,0,1,0,0,1,, -1,1,0,1,50,20,8,1,66,66136,1,1,0,3,SAINT CHARLES (ROCADE),42.6776553589,2.8512451798,15,2,2
202100030484,147Â 284,D01,1,1,1,5,1,-1,-1,0,0,-1,2021,18.0,2,2,0,2,4,1,1,,1,8,-1,A,3,5,0,1,152,200,1,, -1,1,0,1,110,7,7,1,6,6079,1,1,0,5,AUTOROUTE A8 K 152.200 NORD,43.534549,6.882334,13,10,7
202100034692,139Â 715,A01,9,2,1,5,0,-1,-1,0,0,-1,2021,14.0,1,2,4,2,1,2,1,,1,8,-1,,1,5,0,2,65,200,2,, -1,1,0,1,130,13,6,1,83,83140,1,1,0,2,A8,43.4236288948,5.9630846558,19,9,2
202100051161,110Â 224,A01,1,1,1,0,8,0,-1,-1, -1,-1,2021,17.0,1,1,0,2,7,1,1,,4,LADHOF (RUE DU),0,,2,2,0,1,(1),(1),1,, -1,1,0,1,50,7,2,1,68,68066,2,3,0,3,LADHOF (RUE DU),48.0834655046,7.3658437729,13,2,2
202100002446,197Â 399,B01,1,1,1,0,2,0,-1,0,0,-1,2021,31.0,3,1,0,2,1,1,1,,7,NICE AVENUE DE (RN7),0,,2,3,0,1,(1),(1),1,, -1,1,0,1,50,17,12,1,6,6027,2,2,0,1,NICE AVENUE DE (RN7),43.656232,7.154994,12,2,2
202100050087,112Â 207,B01,1,1,1,5,1,0,-1,-1, -1,-1,2021,53.0,1,2,0,2,4,1,1,,3,19,0,,1,3,1,1,144,0,1,, -1,1,0,1,50,26,2,1,92,92024,2,1,0,2,MARTRE (RUE) DE (111 A 119)   (122 A 144,48.90773,2.30122,16,2,2
202100030963,146Â 410,A01,1,1,1,0,2,6,-1,-1, -1,-1,2021,45.0,1,1,0,2,1,3,1,,1,13,0,,1,3,0,1,5,900,1,, -1,1,2,1,110,3,7,1,92,92047,1,1,0,4,A13,48.8367476276,2.1860577644,18,6,3
202100010365,183Â 180,A01,1,1,2,0,1,0,-1,-1, -1,-1,2021,41.0,2,2,0,2,1,15,1,,3,STALINGRAD (BD DE),0,,3,4,1,1,0,1,1,, -1,2,2,1,50,29,10,5,94,94073,2,2,1,3,Boulevard de Stalingrad,48.77065,2.40133,20,6,2
202100054966,103Â 563,B01,1,1,1,1,2,6,-1,0,0,-1,2021,19.0,2,1,0,2,1,1,1,,3,446,-1,,2,2,0,1,(1),(1),1,, -1,1,0,1,50,15,1,5,50,50292,2,2,0,1,Rue du Mesnil Amey,49.099414,-1.236783,19,2,2
202100039269,131Â 409,A01,1,1,1,1,2,6,-1,-1, -1,-1,2021,30.0,2,1,12,0,2,1,1,,4,CHRISTOPHE COLOMB (AVENUE),0,,3,4,0,1,(1),(1),2,, -1,1,0,1,70,18,5,2,76,76351,1,3,0,7,CHRISTOPHE COLOMB (AVENUE),49.48049,0.14877,21,1,1
202100008442,186Â 647,A01,1,1,1,0,1,8,-1,-1, -1,-1,2021,54.0,1,2,0,2,1,1,1,,4,BAS DU FORT,0,,1,1,0,1,(1),(1),1,, -1,1,0,1,50,10,11,1,971,97113,1,1,0,2,BAS DU FORT,16.22165,-61.52246,10,2,2
202100038308,133Â 163,A01,1,1,1,4,1,-1,-1,-1,0,-1,2021,42.0,2,4,0,2,1,1,1,,2,RN 104,0,,3,4,0,1,2,299,1,, -1,1,0,1,110,26,5,1,95,95151,1,1,0,2,RN 104,49.0637,2.268,11,2,2
202100056292,101Â 275,A01,1,1,1,9,1,5,-1,-1, -1,-1,2021,21.0,3,2,14,0,3,13,1,,3,COUBRON (ALLEE DE),0,,2,2,0,1,1,1,1,, -1,2,9,1,50,4,1,5,93,93014,2,1,1,6,COUBRON (ALLEE DE),48.9126475805,2.5519191877,4,2,1
202100052267,108Â 281,A01,1,1,1,9,1,9,-1,0,0,-1,2021,28.0,0,2,8,2,0,17,1,,2,N31,-1,,2,2,0,1,5,700,1,, -1,1,0,1,70,8,2,1,60,60187,2,2,0,3,n31,49.444294,1.829224,14,2,2
202100010880,182Â 280,A01,1,1,1,0,1,0,-1,0,0,-1,2021,24.0,1,2,0,2,1,26,1,,7,MONT-DORE (AVENUE DU),0,,2,2,0,2,(1),(1),1,, -1,1,0,1,50,22,10,5,63,63032,2,4,0,6,MONT-DORE (AVENUE DU),45.74739,3.07094,23,1,1
202100023872,158Â 956,A01,1,1,1,0,2,8,-1,-1, -1,-1,2021,28.0,1,1,8,0,3,14,1,,7,PAIX (RUE DE LA),0,,2,2,1,2,(1),(1),2,, -1,1,0,1,30,13,8,4,67,67447,2,1,0,7,PAIX (RUE DE LA),48.60622,7.72942,21,1,1
202100030915,146Â 501,A01,10,3,1,9,0,-1,-1,1,9,1,2021,86.0,3,6,0,1,1,1,1,,4,,0,,2,2,0,2,(1),(1),4,,3,2,0,1,-1,3,7,1,73,73107,1,4,1,6,lieu dit les bruns,45.4679706778,5.8847349032,14,2,1
202100046095,119Â 363,A01,1,1,1,2,8,-1,-1,-1, -1,-1,2021,19.0,2,1,0,2,1,1,5,,4,CHABAUD (RUE),0,,1,1,0,1,(1),(1),1,, -1,1,0,1,50,29,3,1,51,51454,2,3,0,3,Rue Chabaud,49.2502238437,4.0268394078,8,2,2
202100009980,183Â 864,A01,1,1,1,2,2,-1,-1,0,0,-1,2021,16.0,2,1,0,2,1,1,1,,3,1562,0,,3,2,0,1,0,260,1,, -1,1,5,1,50,21,10,5,33,33227,2,2,0,3,D1562,44.554385,-0.25481,8,2,2
202100008848,185Â 925,Z01,10,3,2,5,8,8,-1,2,3,1,2021,89.0,2,1,0,1,1,15,0,,4,RUE RODIER,0,,1,1,0,2,(1),(1),1,, -1,1,0,1,30,8,11,1,75,75109,2,2,0,6,RUE RODIER,48.880171,2.343767,13,2,1
202100003365,195Â 748,B01,1,1,1,5,2,-1,-1,0,0,-1,2021,58.0,1,1,0,2,8,2,5,,3,408,0,,2,2,0,1,12,600,1,, -1,1,0,1,90,6,12,1,77,77103,1,1,0,3,RD 408 pk 12+600 sens Nangis,48.543376,2.801256,13,2,2
202100038697,132Â 460,A01,1,1,2,5,1,-1,-1,0,0,-1,2021,27.0,1,2,13,0,3,1,1,,7,751,0,C,2,2,0,1,48,728,3,, -1,2,0,8,80,24,5,1,37,37099,1,1,0,6,3 Le PrieurÃ©,47.304882095,0.5589830875,8,1,1
202100047979,115Â 980,B01,1,1,1,5,2,-1,-1,0,0,-1,2021,39.0,2,1,0,2,7,1,5,,3,943,-1,,2,2,0,1,88,750,1,, -1,1,5,1,50,15,3,1,62,62038,2,2,0,3,Route de SAINT-OMER,50.853498,1.984902,16,2,2
202100050367,111Â 667,B01,1,1,2,1,1,0,-1,-1, -1,-1,2021,26.0,0,2,0,2,1,1,1,,3,GENERAL DE GAULLE (AV DU),0,,2,0,0,1,1,0,1,, -1,1,0,1,50,24,2,1,94,94058,2,2,0,3,GENERAL DE GAULLE (AV DU),48.839029,2.508632,14,2,2
202100000678,200Â 502,B01,2,1,1,5,2,6,-1,-1, -1,-1,2021,22.0,2,1,0,2,1,11,1,,7,EUROPE (AV),0,,2,5,3,1,0,0,1,, -1,1,0,1,50,6,6,1,13,13001,2,2,0,1,EUROPE (AV),43.52568,5.45507,20,2,2
202100008855,185Â 910,A01,1,1,1,1,2,6,-1,-1, -1,-1,2021,50.0,-1,1,0,2,1,26,1,,3,CROISAT AMBROISE RD 29 BIS,0,,2,4,0,1,0,1,1,, -1,1,0,1,50,8,11,1,93,93066,2,1,0,3,CROISAT AMBROISE RD 29 BIS,48.92589,2.35609,11,2,2
202100022111,162Â 103,A01,10,3,1,5,0,-1,-1,1,1,1,2021,71.0,2,1,0,1,1,1,1,,4,RUE BREY,0,,1,1,1,2,(1),(1),1,, -1,1,0,1,50,27,8,5,75,75117,2,1,0,6,RUE BREY,48.876861,2.295299,21,2,1
202100055345,102Â 907,B01,1,1,1,4,2,6,-1,0,0,-1,2021,47.0,2,1,0,2,2,3,1,,4,PORTE DE LA PLAINE,0,,1,3,0,1,8,300,1,, -1,1,0,1,70,11,1,5,75,75115,2,1,0,3,PORTE DE LA PLAINE,48.829478,2.287441,17,2,2
202100011055,181Â 961,A01,1,1,1,5,2,6,-1,-1,0,-1,2021,22.0,1,1,0,2,7,1,1,,3,FRANCES(AVENUE DES),0,,3,2,0,1,1,80,3,, -1,1,0,1,50,25,10,5,95,95424,2,6,0,3,FRANCES(AVENUE DES),49.00069,2.20631,21,2,2
202100034006,140Â 973,A01,10,3,2,0,0,-1,-1,4,3,1,2021,79.0,1,4,0,1,1,1,1,,3,,-1,,2,-1,-1,1,(1),(1),1,, -1,1,5,1,-1,16,6,1,92,92035,2,2,0,6,Pierre Joigneaux ( rue ),48.91119,2.2549,10,2,1
202100005157,192Â 559,A01,1,1,1,5,2,-1,-1,0,0,-1,2021,17.0,0,1,0,2,7,17,1,,2,31,0,N,2,2,0,1,38,0,1,, -1,2,0,1,50,2,12,2,60,60188,2,3,0,3,21 Rue de Soissons,49.403591,3.007443,16,2,2
202100001000,199Â 974,A01,10,3,2,1,8,8,-1,0,0,-1,2021,18.0,3,2,0,1,0,9,0,,7,GUESDE JULES RUE,0,,-1,2,0,1,(1),(1),3,, -1,2,0,1,50,28,12,1,59,59350,2,6,1,6,GUESDE JULES RUE,50.645134,3.001597,14,2,1
202100039790,130Â 461,A01,1,1,1,0,2,6,-1,-1, -1,-1,2021,56.0,2,1,0,2,1,2,1,,1,13,0,,3,6,0,1,4,699,1,, -1,2,0,1,70,16,5,1,92,92064,1,1,1,2,A13,48.8395693208,2.2020814717,18,5,2
202100033912,141Â 145,A01,1,1,1,5,1,-1,-1,0,0,-1,2021,36.0,2,5,0,2,2,13,1,,3,906,0,D,2,2,0,2,52,486,2,, -1,2,0,1,80,17,6,1,43,43048,1,1,1,1,la tour,45.336212,3.705118,18,2,2
202100056088,101Â 624,B01,1,1,1,5,2,-1,-1,0,0,-1,2021,68.0,2,1,12,0,0,1,5,,3,,-1,,2,2,0,2,5,222,1,, -1,1,0,1,50,6,1,1,64,64410,2,3,0,7,avenue Henry IV,43.372621,-0.62871,16,2,2
202100044116,122Â 817,A01,1,1,1,9,8,0,-1,-1, -1,-1,2021,19.0,1,1,0,2,4,2,1,,3,ROUTE DEPARTEMENTALE 3,0,,2,0,0,1,3,500,1,, -1,1,0,1,50,13,4,3,972,97213,1,1,0,6,ROUTE DEPARTEMENTALE 3,14.6255,-60.9894,19,1,1
202100025861,155Â 459,B01,1,1,1,5,0,-1,-1,0,0,-1,2021,7.0,3,1,0,2,0,26,5,,4,,-1,,2,2,0,1,375,(1),1,, -1,1,0,1,50,30,3,1,38,38463,1,1,1,1,Route de Rossat,45.179851,5.359078,17,2,2
202100031472,145Â 494,A01,1,1,1,5,2,6,-1,0,0,-1,2021,79.0,3,1,3,0,5,1,1,,3,71,0,,2,2,0,2,(1),(1),4,, -1,1,0,1,80,2,7,1,38,38457,1,1,0,6,D71,45.297592,5.266914,19,1,1
202100042856,125Â 062,B01,1,1,1,3,2,6,-1,-1, -1,-1,2021,30.0,1,1,0,2,1,1,1,,3,LIBERATION ( AVENUE ),0,,-1,2,0,1,5,420,1,, -1,1,0,1,50,23,4,1,62,62178,2,1,0,3,LIBERATION ( AVENUE ),50.493581,2.571756,13,2,2
202100037376,134Â 863,A01,1,1,2,0,1,-1,-1,0,0,-1,2021,56.0,1,2,12,2,3,1,1,,3,657,0,D,2,2,0,1,24,850,1,, -1,1,0,1,50,1,6,1,54,54351,2,1,0,1,Rue Jean JaurÃ©s,48.79862,6.10779,14,2,2
202100055669,102Â 348,B01,1,1,1,9,2,-1,-1,0,0,-1,2021,17.0,2,1,0,2,1,5,5,,2,7,0,,2,3,0,1,92,549,1,, -1,1,0,1,70,8,1,1,26,26198,2,1,0,3,18  Avenue de Gournier,44.5326,4.7392,16,2,2
202100052568,107Â 758,A01,10,3,2,1,0,-1,-1,4,3,1,2021,56.0,1,2,0,1,2,1,1,,4,AVENUE D IENA,0,,2,4,0,1,(1),(1),1,, -1,2,0,1,50,3,2,1,75,75116,2,2,1,6,AVENUE D IENA,48.869532,2.295729,8,2,1
202100036571,136Â 343,A01,10,3,2,1,0,-1,-1,2,3,1,2021,57.0,3,2,0,1,2,1,1,,4,COUTURIER PAUL VAILLANT (AVENUE),0,,2,2,0,1,(1),(1),1,, -1,1,6,1,50,3,6,1,95,95019,2,1,0,6,COUTURIER PAUL VAILLANT (AVENUE),48.98337,2.41943,8,2,1
202100045102,121Â 118,A01,10,3,1,5,0,-1,-1,3,3,1,2021,31.0,0,5,0,1,1,1,1,,4,BOUTET C. AVENUE,0,,1,0,0,2,0,0,1,, -1,1,0,1,50,31,3,2,8,8105,2,1,0,6,BOUTET C. AVENUE,49.775694,4.711244,20,2,1
202100048600,114Â 889,A01,1,1,1,0,8,-1,-1,0,0,-1,2021,20.0,3,2,16,0,0,14,1,,4,0,0, -,2,2,0,1,0,0,1,, -1,1,0,3,80,9,3,3,83,83072,2,1,0,7,Chemin de la Martinette,43.479448,6.353477,23,1,1
202100004652,193Â 455,A01,1,1,1,0,2,0,-1,-1, -1,-1,2021,25.0,1,1,0,2,1,17,1,,4,RESISTANCE (RUE DE LA),0,,2,2,0,1,0,0,1,, -1,1,0,1,50,11,9,1,74,74012,2,1,0,3,RESISTANCE (RUE DE LA),46.196381,6.25994,17,4,2
202100017171,170Â 941,A01,1,1,1,1,2,-1,-1,0,0,-1,2021,15.0,1,1,8,0,1,1,1,,3,,-1,,2,2,0,1,13,575,1,, -1,3,0,3,50,24,9,3,62,62252,2,1,0,6,Rue du Touret,50.570296,2.706214,23,1,1
202100003442,195Â 602,A01,1,1,1,9,1,0,-1,-1, -1,-1,2021,45.0,2,5,7,0,1,13,1,,4,PONT DE TOLBIAC,0,,2,5,0,1,(1),(1),1,, -1,1,0,1,30,10,12,5,75,75113,2,2,0,6,PONT DE TOLBIAC,48.8325537,2.379768,23,1,1
202100043704,123Â 568,B01,1,1,1,1,1,-1,-1,0,0,-1,2021,49.0,1,2,13,0,6,2,1,,2,10,-1,,2,2,0,2,27,700,1,,7,1,0,1,80,18,4,2,201,201247,1,1,0,2,RT10,41.621466,9.284059,6,2,2
202100002662,197Â 024,A01,1,1,1,0,2,0,-1,-1, -1,-1,2021,39.0,0,1,0,2,2,26,1,,4,MADELEINE VIONNET(RUE),0,,2,4,0,1,0,0,1,, -1,1,0,1,50,16,12,2,93,93001,2,1,0,3,MADELEINE VIONNET(RUE),48.9022978009,2.3734760284,16,2,2
202100021671,162Â 896,B01,1,1,1,5,2,6,-1,-1, -1,-1,2021,35.0,1,1,0,2,1,1,5,,4,,0,,2,2,0,1,0,0,1,, -1,1,0,1,30,31,8,1,92,92023,2,1,0,2,STENDHAL (AVENUE),48.7876562855,2.2368764789,19,2,2