Num_Acc,id_vehicule,num_veh,place,catu,sexe,trajet,secu1,secu2,secu3,locp,actp,etatp,year_acc,victim_age,senc,catv,obs,obsm,choc,manv,motor,occutc,catr,voie,v1,v2,circ,nbv,vosp,prof,pr,pr1,plan,lartpc,larrout,surf,infra,situ,vma,jour,mois,lum,dep,com,agg_,int,atm,col,adr,lat,long,hour,nb_victim,nb_vehicules
202100049492,113Â 288,B01,2,2,2,5,1,0,-1,-1, -1,-1,2021,41.0,2,2,0,2,3,1,1,,3,ANNOEULLIN (ROUTE D'),0,,2,2,0,1,1,900,1,, -1,1,0,1,80,17,2,1,62,62215,1,1,0,5,ANNOEULLIN (ROUTE D'),50.50758,2.94791,15,4,3
202100047387,117Â 066,B01,1,1,1,9,2,6,-1,0,0,-1,2021,59.0,2,1,0,2,3,3,1,,4,AVENUE MATHURIN MOREAU,0,,2,2,0,2,(1),(1),1,, -1,1,0,1,50,19,3,2,75,75119,2,4,0,3,AVENUE MATHURIN MOREAU,48.878298,2.372901,17,2,2
202100008523,186Â 500,A01,1,1,1,0,1,-1,-1,0,0,-1,2021,55.0,2,2,0,0,4,23,1,,3,767,0,,3,4,0,2,34,800,1,, -1,2,0,1,110,12,11,1,22,22004,1,1,1,2,D767,48.614754,-3.283045,11,2,2
202100001986,198Â 250,A01,4,2,1,0,2,0,-1,-1, -1,-1,2021,43.0,1,1,0,2,1,1,1,,2,1,0,,2,2,0,1,2,0,1,, -1,1,0,1,50,20,12,5,976,97611,2,9,0,2,kaweni-Kaweni sud  (Z I),-12.7756,45.22381,18,3,2
202100027554,152Â 471,A01,10,3,1,2,0,-1,-1,4,4,1,2021,13.0,1,2,0,1,1,1,1,,4,GAYE (BOULEVARD DE LA),0,,2,2,0,1,0,0,1,, -1,1,0,1,50,22,7,1,13,13209,2,1,0,3,GAYE (BOULEVARD DE LA),43.2593838879,5.4134185248,9,2,1
202100015308,174Â 344,A01,1,1,1,0,2,6,-1,-1, -1,-1,2021,35.0,2,1,0,2,2,3,1,,1,AUTOROUTE A3,0,,2,6,0,1,9,0,1,, -1,1,0,1,90,4,10,1,93,93010,1,1,0,3,AUTOROUTE A3,48.9147396278,2.4776225854,9,2,2
202100038816,132Â 235,A01,1,1,1,5,8,-1,-1,0,0,-1,2021,54.0,2,1,2,0,1,1,1,,3,653,-1,,2,2,0,1,95,100,3,, -1,1,0,3,80,22,5,1,46,46268,1,1,0,6,D653,44.467892,1.544856,15,1,1
202100008097,187Â 263,B01,1,1,1,4,8,-1,-1,0,0,-1,2021,45.0,2,4,0,0,6,1,1,,1,51,-1,,3,4,0,3,103,125,2,, -1,2,0,1,130,16,11,3,4,4127,1,1,0,2,A 51,44.066042,5.967196,6,3,2
202100018781,168Â 069,A01,1,1,1,0,2,8,-1,-1, -1,-1,2021,27.0,3,1,0,2,6,13,1,,4,GENERAL LECLERC (AVENUE DU),0,,2,2,0,1,1,0,3,, -1,1,0,1,50,15,9,1,14,14059,2,1,0,3,GENERAL LECLERC (AVENUE DU),49.34361,0.05381,16,2,2
202100010044,183Â 740,B01,1,1,1,9,2,0,-1,0,0,-1,2021,22.0,1,1,0,2,0,17,1,,4,RUE JEAN BAPTISTE PIGALLE,0,,1,2,1,2,(1),(1),1,, -1,1,0,5,30,31,10,5,75,75109,2,1,0,3,RUE JEAN BAPTISTE PIGALLE,48.881705,2.336844,0,3,2
202100040397,129Â 400,B01,1,1,2,9,1,-1,-1,0,0,-1,2021,74.0,1,2,0,2,2,1,1,,3,101,0,D,2,2,0,1,11,115,1,,7,2,0,1,80,7,5,1,56,56008,2,2,1,3,Toul Broc'h,47.621785,-2.898331,19,2,2
202100009870,184Â 062,A01,1,1,1,0,2,6,-1,-1, -1,-1,2021,23.0,0,1,0,0,0,0,1,,7,ROUTE DEPARTEMENTALE 652,0,,-1,4,0,1,2,599,2,, -1,2,0,1,90,30,10,3,59,59356,1,1,0,7,ROUTE DEPARTEMENTALE 652,50.6531791788,3.0043530464,2,1,1
202100010354,183Â 199,A01,1,1,2,9,2,6,-1,0,0,-1,2021,27.0,2,1,14,0,1,21,1,,4,AVENUE CLAUDE VELLEFAUX,0,,2,2,0,2,(1),(1),1,, -1,2,0,1,30,29,10,1,75,75110,2,3,1,6,AVENUE CLAUDE VELLEFAUX,48.874079,2.370351,15,1,1
202100031662,145Â 160,A01,1,1,2,5,1,-1,-1,0,0,-1,2021,52.0,1,2,0,0,8,9,1,,3,939,0,,2,2,0,1,6,450,1,, -1,1,0,1,80,1,7,1,28,28183,1,2,0,3,D939,48.321745,1.93537,15,2,2
202100034999,139Â 134,A01,1,1,1,5,2,6,-1,-1, -1,-1,2021,25.0,2,1,0,2,1,17,1,,3,GENNES (ROUTE DE) D 751,0,,2,2,0,1,3,500,1,, -1,1,0,1,50,9,6,1,49,49328,2,1,0,1,GENNES (ROUTE DE) D 751,47.27793,-0.11636,18,2,2
202100024302,158Â 231,B01,1,1,2,1,1,0,0,0,0,-1,2021,49.0,3,2,0,2,4,0,1,,7,BORD DE MER RN 98,0,,3,3,0,1,(1),(1),1,, -1,1,0,1,50,13,8,1,6,6123,2,1,0,4,BORD DE MER RN 98,43.658885,7.188532,20,3,3
202100050110,112Â 168,B01,1,1,1,5,2,-1,-1,0,0,-1,2021,36.0,1,1,0,2,1,1,1,,3,977,2,,2,2,0,1,6,300,1,, -1,1,0,1,80,27,2,1,21,21139,1,3,0,3,D977bis,47.288832,4.171114,16,4,2
202100028728,150Â 375,A01,1,1,1,5,1,-1,-1,0,0,-1,2021,61.0,1,2,6,0,3,1,1,,3,39,-1,,2,2,0,1,12,925,1,, -1,1,0,3,80,17,7,1,89,89238,1,1,0,6,D39,47.590131,3.649993,10,3,1
202100044443,122Â 246,A01,1,1,1,0,1,-1,-1,-1, -1,-1,2021,33.0,3,5,16,0,1,1,1,,4,LOUIS AULAGNE                       (QU),0,,2,2,0,1,(1),(1),3,, -1,1,0,8,50,10,4,5,69,69199,1,1,0,7,LOUIS AULAGNE (Q),45.7053801019,4.8444278198,22,1,1
202100030328,147Â 551,B01,1,1,1,9,2,-1,-1,-1, -1,-1,2021,35.0,0,1,0,2,1,15,1,,4,TONY GARNIER                        (AV),0,,-1,5,0,1,(1),(1),1,, -1,1,0,1,50,2,7,1,69,69387,2,2,0,3,TONY GARNIER (AV),45.7267,4.83091,18,2,2
202100006806,189Â 611,A01,1,1,1,1,1,0,-1,-1, -1,-1,2021,51.0,1,5,3,0,7,0,1,,1,BDL,0,,3,4,0,2,1,899,3,, -1,1,2,1,90,22,11,3,93,93027,1,1,0,3,BDL,48.92656,2.40184,6,1,1
202100038137,133Â 485,B01,1,1,1,1,1,-1,-1,-1,0,-1,2021,32.0,2,2,0,2,4,2,1,,2,RN 184,0,,3,4,0,1,11,699,1,, -1,2,0,1,90,26,5,1,95,95678,1,1,1,2,RN 184,49.06178,2.21231,9,2,2
202100001466,199Â 166,B01,1,1,1,9,8,0,-1,-1, -1,-1,2021,15.0,1,1,0,2,1,1,5,,4,VILLESICARD,0,,2,2,0,1,1,0,1,, -1,1,0,1,50,23,12,1,49,49246,2,1,0,3,VILLESICARD,47.44536,-0.52689,11,2,2
202100056109,101Â 588,A01,1,1,1,3,1,-1,-1,0,0,-1,2021,64.0,1,2,0,2,2,19,1,,3,D59,-1,,2,1,0,1,(1),(1),1,, -1,2,5,1,70,6,1,1,91,91661,1,2,0,3,Avenue de la Plesse,48.703432,2.254146,16,2,2
202100013032,178Â 455,A01,10,3,2,4,0,-1,-1,3,2,1,2021,62.0,2,5,0,1,0,4,1,,6,PL DE L ESPLANADE,0,,-1,0,0,1,0,100,1,, -1,1,9,1,30,15,10,1,91,91097,2,1,0,6,PL DE L ESPLANADE,48.69056,2.52906,10,2,1
202100051454,109Â 724,A01,1,1,1,5,1,0,-1,0,0,-1,2021,21.0,2,2,8,1,1,13,3,,4,RUE BLANCHE,0,,1,1,0,2,(1),(1),1,, -1,2,0,4,50,15,2,1,75,75109,2,3,1,6,RUE BLANCHE,48.881198,2.331569,13,2,1
202100028849,150Â 150,B01,1,1,2,5,1,0,-1,0,0,-1,2021,38.0,2,2,0,2,4,2,1,,4,BOULEVARD PERIPHERIQUE,0,,1,4,0,1,26,200,1,, -1,1,0,1,70,15,7,1,75,75119,2,1,0,2,BOULEVARD PERIPHERIQUE,48.89361,2.395287,15,2,2
202100001129,199Â 753,B01,1,1,2,5,1,0,-1,-1, -1,-1,2021,24.0,2,2,0,2,4,1,1,,1,A507 sens Aubagne- Marseille,0,,1,3,0,1,6,300,1,, -1,2,1,1,70,27,12,5,13,13055,1,1,0,2,A507 sens Aubagne- Marseille,43.2922460413,5.4243047731,18,3,2
202100032402,143Â 855,B01,2,2,2,3,1,-1,-1,0,0,-1,2021,89.0,1,2,0,2,7,19,1,,3,417A,-1,A,2,2,0,2,61,350,1,, -1,1,0,1,50,25,6,1,52,52060,2,2,0,3,Rue Jean Carbon,47.945176,5.736011,10,3,2
202100019862,166Â 137,B01,1,1,1,0,2,6,-1,-1, -1,-1,2021,30.0,2,1,0,2,1,1,1,,4,ECURIES (RUE DES),0,,2,2,0,1,0,0,1,, -1,1,0,1,50,9,9,1,49,49328,2,3,0,3,ECURIES (RUE DES),47.26628,-0.08477,12,2,2
202100040825,128Â 654,A01,1,1,1,0,1,-1,-1,0,0,-1,2021,34.0,0,2,2,0,1,1,1,,4,,-1,,2,2,0,1,(1),(1),2,, -1,1,0,3,70,8,5,1,88,88447,1,1,0,7,Route des Graviers,47.956008,6.745343,18,1,1
202100024973,157Â 023,A01,1,1,1,0,8,0,-1,-1, -1,-1,2021,48.0,1,2,0,2,4,0,1,,1,A50-Sens Marseille vers Aubagne,0,,1,2,0,2,15,800,1,, -1,1,0,1,110,9,8,3,13,13005,1,1,0,2,A50-Sens Marseille vers Aubagne,43.28565,5.56952,0,4,2
202100004490,193Â 743,B01,1,1,1,1,1,4,-1,-1, -1,-1,2021,55.0,1,2,0,2,1,2,1,,2,RN104,0,,3,6,0,1,19,0,1,, -1,2,0,1,90,6,12,1,77,77175,1,1,0,2,RN104,48.6685920044,2.6121797906,9,2,2
202100004472,193Â 775,B01,1,1,1,1,1,-1,-1,-1, -1,-1,2021,40.0,2,2,0,2,4,11,1,,1,A50,0,,3,6,0,1,64,500,1,, -1,1,0,1,90,3,12,2,83,83126,1,1,0,5,A50,43.12011,5.86521,17,3,3
202100050286,111Â 827,A01,1,1,1,1,2,8,-1,-1, -1,-1,2021,51.0,2,1,0,2,1,2,1,,1,A507 sens Aubagne- Marseille,0,,-1,3,0,1,5,0,1,, -1,1,2,1,90,24,2,1,13,13055,1,1,0,2,A507 sens Aubagne- Marseille,43.329824,5.412228,16,4,2
202100036803,135Â 921,B01,1,1,1,0,2,8,-1,-1, -1,-1,2021,40.0,1,1,0,2,1,1,1,,4,AVE DE THOUARS,0,,2,2,0,1,(1),(1),2,, -1,1,0,1,50,1,6,1,33,33550,2,3,0,3,Avenue de Thouars,44.7834342268,-0.5931158064,19,2,2
202100049310,113Â 619,A01,1,1,2,1,0,-1,-1,0,0,-1,2021,57.0,1,1,0,2,1,0,5,,6,94,-1,,-1,-1,0,1,(1),(1),1,, -1,1,0,6,50,1,2,1,41,41059,2,9,0,3,Avenue de la Paix,47.423462,1.439184,11,2,2
202100029980,148Â 206,A01,10,3,1,5,0,-1,-1,3,3,2,2021,8.0,1,2,0,1,1,1,1,,4,LALO (RUE EDOUARD LALO),0,,2,2,0,1,(1),(1),1,, -1,1,0,1,30,8,7,1,45,45234,2,3,0,6,Rue Edouard Lalo,47.91081,1.92775,10,2,1
202100039249,131Â 454,B01,1,1,1,4,2,2,-1,0,0,-1,2021,23.0,2,1,0,2,1,1,1,,4,ROUTE DE L'ANSE VATA,0,,2,2,0,1,0,0,1,, -1,1,0,1,50,19,5,1,988,98818,2,3,0,3,RUE SANTOS DUMONT/ROUTE DE L'ANSE VATA,-22.28824,166.44801,13,2,2
202100029532,149Â 007,A01,10,3,1,5,0,-1,-1,5,4,1,2021,67.0,0,5,0,1,5,26,3,,9,,-1,,-1,2,0,1,(1),(1),1,,4,1,0,8,-1,12,7,1,13,13041,2,9,0,2,Clos des Puits - Route blanche,43.448246,5.472693,10,2,1
202100031175,146Â 008,A01,1,1,1,0,2,6,-1,-1, -1,-1,2021,39.0,1,1,8,0,1,18,1,,3,ROGER SALENGRO (RUE),0,,1,2,1,1,0,0,1,, -1,1,0,4,50,1,7,5,10,10297,2,1,0,6,ROGER SALENGRO (RUE),48.31425,4.09882,0,1,1
202100023923,158Â 873,SB01,1,1,1,0,2,8,-1,-1, -1,-1,2021,18.0,1,1,0,2,1,0,1,,3,991,0,,2,2,1,1,0,0,1,, -1,1,0,1,50,14,8,1,92,92063,2,2,0,3,COLMAR (AVENUE DE),48.887187485,2.1795214713,13,2,2
202100045646,120Â 145,A01,1,1,1,0,2,6,-1,-1, -1,-1,2021,42.0,1,1,0,2,3,18,1,,4,AV DE LA REPUBLIQUE,0,,2,2,0,1,1,0,1,, -1,1,0,1,30,1,4,1,94,94028,2,1,0,3,Avenue de la RÃ©publique,48.7913,2.4648,19,2,2
202100022081,162Â 155,B01,1,1,1,0,8,0,-1,-1, -1,-1,2021,25.0,1,0,0,2,8,19,3,,4,RAVAZ (AVENUE DU PROFESSEUR LOUIS,0,,2,2,0,1,(1),(1),1,, -1,1,0,1,50,27,8,4,34,34172,2,1,0,4,RAVAZ (AVENUE DU PROFESSEUR LOUIS,43.62089,3.84908,21,3,3
202100036244,136Â 895,B01,1,1,1,5,2,8,-1,-1, -1,-1,2021,42.0,1,1,0,2,1,1,1,,4,HEURTELOUP (BOULEVARD),0,,1,3,0,1,(1),(1),1,, -1,1,0,1,50,5,6,1,37,37261,2,1,0,6,HEURTELOUP (BOULEVARD),47.3904363099,0.6897515059,14,2,2
202100056410,101Â 069,B01,1,1,1,4,2,6,-1,0, -1,-1,2021,31.0,0,1,0,2,1,1,0,,4,GUILLAMOT RENE,0,,2,2,0,1,(1),(1),1,, -1,2,5,1,50,1,1,5,29,29019,2,3,0,3,Rue RenÃ© Guillamot,48.410993,-4.4852402,21,2,2
202100021881,162Â 521,A01,10,3,1,4,4,-1,-1,1,3,1,2021,44.0,1,2,0,1,2,1,1,,3,11,0,D,2,2,0,1,33,902,1,,5,1,0,1,50,31,8,5,66,66133,2,1,0,6,Route de Sorede,42.563697,2.96355,4,2,1
202100048193,115Â 612,A01,1,1,1,3,6,2,-1,0,0,-1,2021,68.0,1,1,0,0,1,1,1,,4,382,0,D,2,2,0,1,(1),(1),2,, -1,1,0,3,80,13,3,1,7,7172,1,1,0,7,Route de Colombier le Cardinal,45.277778,4.739725,18,1,1
202100028516,150Â 740,A01,2,2,1,5,1,-1,-1,0,0,-1,2021,44.0,1,2,13,0,0,1,1,,1,11,-1,,3,3,0,1,100,400,1,,"13,5",1,0,3,130,18,7,1,28,28398,1,1,0,6,Autroute A11 PK 100+400,48.238552,1.063228,15,2,1
202100052141,108Â 509,A01,1,1,1,4,2,8,-1,0,0,-1,2021,31.0,3,1,0,0,3,21,1,,4,RUE CARDINET,0,,-1,2,0,1,(1),(1),1,, -1,2,0,1,50,8,2,1,75,75117,2,1,0,7,RUE CARDINET,48.888316,2.315374,13,1,1
202100030380,147Â 459,B01,1,1,1,1,1,5,-1,-1, -1,-1,2021,59.0,2,2,0,2,8,1,1,,1,VA007331 A620,0,,1,4,3,1,225,367,3,, -1,2,3,1,90,6,7,1,31,31555,2,9,1,5,VA007331 A620,43.65234,1.42994,6,3,3
202100003766,195Â 027,B01,1,1,1,0,1,-1,-1,0,0,-1,2021,43.0,1,2,0,2,1,1,1,,3,27,0,,2,2,0,1,0,800,1,, -1,1,0,1,50,10,12,3,51,51569,1,1,1,1,D27,49.257866,3.943523,20,2,2
202100046292,119Â 033,A01,1,1,1,5,2,-1,-1,0,0,-1,2021,52.0,3,1,0,0,7,1,1,,4,,0,,2,2,0,1,(1),(1),3,, -1,1,0,1,80,28,3,1,24,24454,1,1,0,6,Les Taules,44.974817,0.123274,17,1,1
202100037743,134Â 204,A01,10,3,1,5,0,-1,-1,1,3,1,2021,80.0,2,2,0,1,1,15,3,,4,ARBRE SEC (DE L')                   (R ),0,,1,1,0,1,(1),(1),1,, -1,1,0,1,50,27,5,1,69,69381,2,1,0,6,ARBRE SEC (DE L') (R),45.7666,4.8355,8,2,1
202100028558,150Â 672,A01,1,1,2,0,8,-1,-1,0,0,-1,2021,54.0,2,2,4,0,1,1,1,,7,353,-1,,3,4,0,1,(1),(1),1,, -1,1,5,3,70,18,7,3,67,67152,1,6,0,6,D401,48.522471,7.666435,3,1,1
202100000640,200Â 563,B01,1,1,1,9,1,8,-1,-1, -1,-1,2021,38.0,1,2,9,2,4,1,1,,3,909,0,,1,0,0,1,0,0,1,, -1,1,0,1,50,16,12,5,92,92004,2,1,0,2,ARGENTEUIL AV D',48.9207907407,2.2788155079,21,2,2
202100041632,127Â 186,A01,1,1,2,1,1,0,-1,-1, -1,-1,2021,35.0,2,2,0,2,3,2,1,,1,A4.W,0,,3,4,0,1,19,399,1,, -1,1,0,1,110,3,5,1,77,77258,1,1,0,2,A4.W,48.8309983653,2.6371101149,9,2,2
202100019953,165Â 969,A01,1,1,1,5,1,-1,-1,0,0,-1,2021,18.0,1,2,2,0,1,1,1,,3,40,-1,,2,2,0,1,48,400,1,, -1,2,0,3,80,9,9,2,46,46012,1,1,1,6,lescoles,44.801209,1.85537,19,1,1
202100019645,166Â 529,A01,1,1,2,0,1,0,-1,-1, -1,-1,2021,21.0,2,2,13,2,1,17,1,,2,BRETELLE ACCES RD 203 / RN 184,0,,3,2,0,1,23,740,1,, -1,1,9,1,70,10,9,5,78,78172,1,9,0,3,BRETELLE ACCES RD 203 / RN 184,49.002283,2.081442,1,3,2
202100046619,118Â 436,B01,1,1,1,0,2,6,-1,-1, -1,-1,2021,39.0,1,1,0,2,1,1,1,,4,SAINT ANTOINE (AVENUE DE),0,,2,2,0,1,0,0,1,, -1,1,0,1,50,25,3,5,13,13215,2,3,0,3,SAINT ANTOINE (AVENUE DE),43.38328,5.35838,21,2,2
202100025523,156Â 047,A01,9,2,1,5,0,-1,-1,0,0,-1,2021,16.0,1,2,15,0,9,1,1,,3,993,0,,-1,2,0,1,10,0,2,, -1,2,0,3,80,6,8,3,54,54129,1,1,1,7,RD 993,48.5921360284,6.9251418116,4,5,1
202100051376,109Â 846,A01,1,1,1,0,2,0,-1,-1, -1,-1,2021,38.0,2,1,0,0,7,9,1,,2,RN12,0,,1,2,0,2,29,0,3,, -1,1,0,1,70,16,2,1,78,78423,1,1,0,7,RN12,48.796834,2.021855,15,1,1
202100041184,127Â 983,B01,2,2,2,4,1,-1,-1,0,0,-1,2021,44.0,3,2,13,0,7,19,1,,3,,-1,,-1,2,0,1,(1),(1),1,, -1,1,0,8,-1,7,5,1,63,63061,1,2,0,7,RD 444,46.002566,3.258181,17,3,2
202100006943,189Â 359,B01,3,2,2,9,0,0,-1,0,0,-1,2021,33.0,1,3,1,2,3,21,1,3.0,4,AVENUE DE FRIEDLAND,0,,3,4,0,1,(1),(1),1,, -1,1,0,1,30,20,11,5,75,75108,2,4,0,3,AVENUE DE FRIEDLAND,48.874078,2.298212,19,4,2
202100001133,199Â 746,B01,1,1,2,1,2,6,-1,-1, -1,-1,2021,59.0,1,1,0,2,6,2,1,,1,ROCADE A 630,0,,3,6,0,1,26,899,1,, -1,1,0,1,90,22,10,1,33,33192,1,1,0,6,ROCADE A 630,44.78852,-0.60131,18,2,2
202100000179,201Â 422,A01,1,1,2,9,0,-1,-1,-1, -1,-1,2021,32.0,1,1,0,2,8,2,5,,4,,-1,,3,3,3,1,(1),(1),1,, -1,1,0,1,50,9,11,1,33,33063,2,6,0,3,Rue de Canolle,44.82677,-0.60132,16,2,2
202100006337,190Â 466,A01,1,1,1,3,1,-1,-1,0,0,-1,2021,76.0,2,2,0,2,1,13,1,,3,1,-1,,2,2,0,2,18,100,3,,7,2,0,1,90,26,11,1,72,72373,1,1,1,1,pk 18+100 D1,48.039615,0.743959,15,2,2
202100042463,125Â 716,B01,1,1,1,5,2,0,-1,-1, -1,-1,2021,33.0,2,1,0,2,7,1,5,,4,CHENAILLER DIT COLONEL MAURICE ( AV. ),0,,2,2,0,2,0,0,1,, -1,1,0,1,50,24,4,1,56,56121,2,3,0,3,CHENAILLER DIT COLONEL MAURICE ( AV. ),47.73657,-3.39032,17,2,2
202100053184,106Â 667,B01,1,1,1,0,1,0,-1,-1, -1,-1,2021,51.0,1,2,0,2,4,2,1,,2,Bretelle accÃ¨s RN 70,0,,1,1,0,2,37,775,3,, -1,1,3,1,80,29,1,1,71,71040,1,1,0,2,Bretelle accÃ¨s RN 70,46.69827,4.3869,15,2,2
202100012344,179Â 661,A01,2,2,2,9,1,0,-1,-1, -1,-1,2021,39.0,2,2,3,2,4,18,1,,1,A7-Sens Marseille vers Lyon,0,,1,2,0,1,258,0,1,, -1,1,0,1,110,19,10,1,13,13117,1,1,0,2,A7-Sens Marseille vers Lyon,43.47675,5.23789,13,3,2
202100001384,199Â 296,B01,1,1,1,0,8,0,-1,-1, -1,-1,2021,43.0,3,2,0,2,4,26,1,,4,CHAPIT RE ( RUE DU),0,,1,2,0,1,0,0,1,, -1,2,2,1,70,25,12,2,93,93073,1,1,1,2,CHAPIT RE ( RUE DU),49.0017219175,2.5369620323,9,2,2
202100037922,133Â 882,A01,10,3,1,5,0,-1,-1,5,2,2,2021,8.0,3,2,9,1,1,1,1,,4,,-1,,2,2,0,1,(1),(1),2,, -1,1,0,3,30,28,5,1,971,97114,1,1,0,6,Route de Moreau,16.130499,-61.587564,18,4,1
202100038557,132Â 725,A01,1,1,1,1,2,6,-1,0,0,-1,2021,16.0,1,1,0,2,1,19,1,,3,46,0,,2,2,0,1,3,0,1,, -1,1,0,1,80,25,5,1,89,89373,1,3,0,3,D46,48.207587,3.329072,17,2,2
202100025346,156Â 350,A01,1,1,1,9,8,0,-1,-1, -1,-1,2021,26.0,2,1,0,2,8,15,3,,4,),0,,1,0,0,1,0,0,1,, -1,1,0,1,50,6,8,1,92,92025,2,2,0,3,SOLFERINO (RUE   AV),48.929937,2.260374,19,2,2
202100034669,139Â 753,A01,1,1,1,5,2,-1,-1,0,0,-1,2021,67.0,1,1,0,5,1,1,5,,3,27,-1,,2,2,0,1,17,(1),1,, -1,1,0,1,50,12,6,1,84,84084,1,1,0,6,pk 17 D27,43.7583286313,5.5068111427,9,1,1
202100044827,121Â 590,A01,1,1,2,0,2,0,-1,-1, -1,-1,2021,36.0,3,1,0,2,1,9,1,,4,AV DE GRANDE BRETAGNE,0,,2,1,3,1,(1),(1),1,, -1,1,5,1,50,7,4,1,31,31555,2,1,0,3,AV DE GRANDE BRETAGNE,43.602735,1.408911,17,2,2
202100023840,159Â 013,A01,10,3,2,3,0,-1,-1,9,9,1,2021,49.0,0,2,1,1,1,1,1,,6,ESPAGNE (ROUTE D'),0,,-1,-1,0,1,0,0,1,, -1,1,9,8,30,29,5,1,66,66136,2,1,0,6,ESPAGNE (ROUTE D'),42.67317,2.88932,15,2,1
202100039954,130Â 170,B01,1,1,1,1,2,0,-1,-1, -1,-1,2021,47.0,1,1,0,2,1,17,1,,4,CHARLES LIVON (BOULEVARD),0,,2,4,0,1,(1),(1),1,, -1,1,0,1,50,13,5,1,13,13207,2,1,0,2,CHARLES LIVON (BOULEVARD),43.2922007501,5.3603196144,18,2,2
202100014123,176Â 443,A01,1,1,2,0,2,8,-1,-1, -1,-1,2021,55.0,1,1,0,2,1,1,1,,3,MADELEINE (ROUTE DE LA),0,,2,2,0,1,1,500,1,, -1,1,0,1,50,9,10,5,973,97302,2,1,0,2,MADELEINE (ROUTE DE LA),4.9283,-52.32516,20,2,2
202100054970,103Â 554,B01,2,2,2,5,1,-1,-1,0,0,-1,2021,37.0,1,2,0,2,2,1,1,,1,71,-1,,3,2,0,2,367,200,2,, -1,1,9,1,130,15,1,3,63,63135,1,9,0,3,Autoroute A71,45.95285,3.107994,23,4,2
202100051128,110Â 288,A01,1,1,2,9,1,-1,-1,0,0,-1,2021,53.0,1,2,3,2,2,14,1,,1,13,-1,,3,4,0,1,130,220,1,, -1,1,0,2,130,19,2,1,27,27340,1,1,0,3,A13,49.364238,0.828652,17,3,2
202100009459,184Â 795,A01,1,1,2,4,2,6,-1,0,0,-1,2021,32.0,2,1,0,2,5,1,1,,4,BOULEVARD DE PORT ROYAL,0,,2,4,0,1,(1),(1),1,, -1,2,0,1,30,4,11,3,75,75105,2,2,1,3,BOULEVARD DE PORT ROYAL,48.837694,2.345507,17,2,2
202100007404,188Â 522,B01,2,2,1,5,1,-1,-1,0,0,-1,2021,33.0,2,5,0,2,4,1,1,,2,1,0,,2,2,0,1,(1),(1),1,, -1,2,0,1,110,20,11,3,988,98821,1,1,1,2,RT1 sens Nord/Sud entre le carrefour Angou et l'ancienne boucherie,-22.042686,166.236706,18,8,2
202100049323,113Â 599,B01,1,1,1,1,2,-1,-1,0,0,-1,2021,51.0,2,1,0,0,1,1,1,,4,/,0,C,2,2,0,2,(1),(1),1,, -1,1,0,1,50,4,3,1,973,97309,2,3,0,3,Chemin patient,4.902065,-52.283013,14,2,2
202100001939,198Â 332,A01,10,3,2,1,0,-1,-1,6,9,1,2021,40.0,1,2,0,1,1,13,1,,3,918,-1,,2,2,0,2,15,100,1,, -1,1,0,3,80,23,12,1,65,65022,1,4,0,6,Rd 918 Rd 127,42.979802,-0.163572,10,2,1
202100015232,174Â 476,A01,2,2,2,1,1,0,-1,0,0,-1,2021,22.0,2,2,0,2,2,1,1,,4,RUE MORNAY,0,,1,1,0,1,(1),(1),1,, -1,1,0,1,30,4,10,1,75,75104,2,2,0,3,RUE MORNAY,48.849515,2.365643,8,3,2
202100000919,200Â 104,A01,1,1,1,5,2,6,-1,0,0,-1,2021,44.0,1,1,15,0,1,13,1,,3,13,0,B,2,2,0,2,1,600,3,,4,1,9,3,80,30,12,3,66,66106,1,1,0,6,Traverse des Cluses,42.493357,2.823704,18,2,1
202100023659,159Â 336,A01,10,3,1,3,0,-1,-1,1,3,3,2021,2.0,2,2,0,1,1,1,1,,4,,0,,2,2,1,1,(1),(1),1,,"5,5",1,0,1,50,18,8,1,71,71176,2,1,0,6,Rue de la FaÃ¯encerie,46.489147,3.995376,9,2,1
202100006113,190Â 877,B01,1,1,2,1,1,0,-1,-1, -1,-1,2021,50.0,1,2,4,2,0,0,1,,2,N186,0,,1,2,0,1,1,0,1,, -1,1,0,1,70,25,11,3,94,94034,1,1,0,2,RN 186,48.75653,2.33031,23,2,2
202100049415,113Â 430,A01,1,1,1,5,2,0,-1,0,0,-1,2021,73.0,2,0,0,0,0,21,3,,4,PORT DE LA BOURDONNAIS,0,,2,1,3,1,(1),(1),1,, -1,1,6,1,50,3,3,1,75,75107,2,1,0,7,PORT DE LA BOURDONNAIS,48.86285,2.300589,16,1,1
202100053330,106Â 395,B01,1,1,2,5,1,0,-1,-1, -1,-1,2021,29.0,2,2,1,0,3,26,1,,3,TUNIS (RUE DE),0,,2,2,0,1,85,415,1,, -1,1,0,1,50,28,1,1,62,62193,2,1,0,5,TUNIS (RUE DE),50.94338,1.83835,16,4,4
202100044093,122Â 860,A01,1,1,1,1,2,-1,-1,0,0,-1,2021,22.0,1,1,0,2,8,1,1,,7,7,0,N,3,4,0,1,43,950,1,, -1,1,0,1,50,15,4,1,69,69044,2,3,0,3,PARIS (DE) (RTE),45.7896091634,4.7440713644,11,2,2
202100047679,116Â 529,A01,1,1,1,5,1,-1,-1,0,0,-1,2021,76.0,2,5,13,0,2,1,1,,3,13,0,,2,2,0,1,42,377,1,, -1,1,0,1,80,13,3,1,72,72248,1,1,0,7,D13,47.81984,0.422856,9,1,1