Num_Acc,id_vehicule,num_veh,place,catu,sexe,trajet,secu1,secu2,secu3,locp,actp,etatp,year_acc,victim_age,senc,catv,obs,obsm,choc,manv,motor,occutc,catr,voie,v1,v2,circ,nbv,vosp,prof,pr,pr1,plan,lartpc,larrout,surf,infra,situ,vma,jour,mois,lum,dep,com,agg_,int,atm,col,adr,lat,long,hour,nb_victim,nb_vehicules
202100039099,131Â 744,A01,1,1,1,0,8,0,-1,-1, -1,-1,2021,27.0,2,1,0,2,1,16,3,,7,GUESDE (RUE JULES),0,,2,2,1,4,(1),(1),1,, -1,1,5,1,50,20,5,1,59,59299,2,2,0,3,GUESDE (RUE JULES),50.654338,3.189131,5,2,2
202100047119,117Â 545,A01,1,1,2,0,1,0,-1,-1, -1,-1,2021,43.0,3,2,0,9,3,9,1,,3,D 34 DE CLAYE A CHELLES,0,,-1,3,0,1,5,710,3,, -1,1,5,1,80,21,3,1,77,77517,1,6,0,2,D 34 DE CLAYE A CHELLES,48.91079,2.64101,9,3,2
202100041263,127Â 842,A01,10,3,2,5,0,-1,-1,2,3,1,2021,29.0,1,2,0,1,1,1,1,,4,THIERS (RUE),0,,-1,2,0,1,(1),(1),1,, -1,1,0,1,30,5,5,1,76,76217,2,1,0,6,THIERS (RUE),49.91836,1.07712,12,3,1
202100050371,111Â 660,A01,1,1,1,5,1,0,-1,-1, -1,-1,2021,19.0,1,2,0,0,9,2,1,,4,HUIT MAI 1945 (AV DU),0,,1,2,0,1,0,1,3,, -1,1,0,1,30,24,2,1,94,94022,2,1,0,7,HUIT MAI 1945 (AV DU),48.76769,2.41037,17,1,1
202100015228,174Â 482,B01,1,1,1,1,1,0,-1,0,0,-1,2021,59.0,3,2,0,2,1,1,1,,4,QUAI D ORSAY,0,,-1,-1,0,1,(1),(1),1,, -1,1,0,1,30,4,10,5,75,75107,2,2,0,3,QUAI D ORSAY,48.862829,2.313445,6,2,2
202100035199,138Â 778,B01,1,1,1,1,2,6,-1,-1, -1,-1,2021,44.0,1,1,0,2,2,1,1,,2,RN104,0,,3,6,0,1,2,299,1,, -1,1,0,1,90,11,6,1,77,77146,1,1,0,3,RN104,48.8139923741,2.627040126,7,2,2
202100055934,101Â 899,A01,1,1,2,1,2,6,-1,-1, -1,-1,2021,42.0,3,1,0,0,7,1,1,,4,BEAUREGARD (RUE DE),0,,2,1,0,1,0,0,1,, -1,1,0,1,50,7,1,1,7,7102,2,1,0,7,BEAUREGARD (RUE DE),44.92862,4.87219,13,1,1
202100005164,192Â 547,A01,1,1,1,4,1,-1,-1,0,0,-1,2021,57.0,2,4,6,0,3,1,1,,2,147,-1,,2,2,0,2,49,620,3,, -1,1,0,1,50,2,12,5,87,87139,2,1,0,6,le bourg,46.167821,0.954545,21,1,1
202100012284,179Â 771,A01,1,1,1,5,1,-1,-1,0,0,-1,2021,81.0,1,2,0,2,3,13,1,,3,40,0,T,2,2,0,2,42,550,3,, -1,1,0,1,80,19,10,3,201,201211,1,1,0,1,RT 40,41.78421,8.980882,19,2,2
202100009409,184Â 883,A01,10,3,2,0,0,-1,-1,3,3,1,2021,14.0,3,2,0,1,1,26,1,,4,FrÃ©dÃ©ric JALTON,0,,3,2,0,1,(1),(1),1,, -1,1,0,1,50,3,11,5,971,97101,2,1,0,6,FrÃ©dÃ©ric JALTON,16.27465,-61.5039,19,2,1
202100029022,149Â 855,B01,1,1,1,5,1,-1,-1,0,0,-1,2021,35.0,1,2,0,2,9,1,1,,3,660,-1,A,2,2,0,1,34,770,1,, -1,2,0,1,50,14,7,1,89,89404,2,1,0,4,Rue Aristide Bruand,48.167036,3.2039,14,3,3
202100034860,139Â 397,A01,1,1,1,0,2,6,9,0,0,-1,2021,33.0,2,1,0,0,0,1,1,,3,81,0,D,2,2,0,1,15,185,3,, -1,1,0,3,80,12,6,1,27,27261,1,1,0,7,D81,49.215943,0.959115,19,1,1
202100014580,175Â 646,B01,1,1,1,0,1,0,-1,0,0,-1,2021,32.0,2,2,1,2,3,1,1,,4,OISEAUX (RUE DES),0,,2,3,0,2,(1),(1),3,, -1,1,0,1,50,7,10,1,71,71306,2,4,0,3,OISEAUX (RUE DES),46.67079,4.36181,12,3,2
202100001658,198Â 842,A01,1,1,1,5,2,6,-1,0,0,-1,2021,72.0,2,1,14,0,8,1,1,,1,406,0,,1,1,0,1,1,100,1,, -1,2,7,1,50,25,12,2,1,1134,1,1,1,6,A406 PK 001+100,46.2953525445,4.8979389668,7,1,1
202100018610,168Â 370,A01,1,1,2,5,1,0,-1,0,0,-1,2021,78.0,1,2,0,2,1,2,1,,4,AVENUE DAUMESNIL,0,,2,2,0,1,(1),(1),1,, -1,2,0,1,30,15,9,1,75,75112,2,4,1,2,AVENUE DAUMESNIL,48.839927,2.432159,10,2,2
202100006233,190Â 662,A01,1,1,1,0,8,0,-1,-1, -1,-1,2021,37.0,2,1,12,2,1,15,3,,3,BEHOBIE (RUE DE),0,,2,2,0,1,1,990,1,, -1,2,0,8,50,25,11,2,64,64260,2,1,1,3,65 Route de Behobie,43.34934,-1.77123,16,2,2
202100001086,199Â 824,A01,1,1,1,0,1,0,-1,-1, -1,-1,2021,56.0,1,2,0,2,2,1,1,,3,990,0,,2,2,0,1,0,0,1,, -1,1,0,1,50,28,12,1,92,92063,2,3,0,3,NATIONAL (BOULEVARD),48.8875181499,2.1853888035,14,2,2
202100032102,144Â 368,A01,10,3,1,0,0,-1,-1,4,3,1,2021,81.0,1,2,0,1,1,15,1,,4,GAULLE GENERAL DE (BOULEVARD DU),0,,2,2,0,1,(1),(1),1,, -1,1,0,1,30,26,6,1,60,60057,2,1,0,6,Boulevard du GÃ©nÃ©ral de Gaulle,49.42915,2.08986,11,2,1
202100037153,135Â 273,B01,1,1,1,5,2,8,-1,-1, -1,-1,2021,36.0,2,1,0,2,1,21,1,,1,A4,0,,3,9,0,1,7,0,1,, -1,1,0,1,90,1,6,1,94,94042,1,1,0,6,A4,48.8283679668,2.4755835633,18,3,2
202100037909,133Â 903,A01,1,1,1,5,2,-1,-1,0,0,-1,2021,29.0,0,6,0,0,1,0,1,,9,,0,,-1,5,0,2,(1),(1),1,, -1,1,0,8,5,29,5,1,60,60595,1,1,0,7,Rue de Rotibequet,49.480673,2.424588,15,1,1
202100035782,137Â 747,B01,1,1,1,1,2,8,-1,-1, -1,-1,2021,22.0,3,1,0,2,0,0,1,,4,,0,,2,2,0,1,0,0,1,, -1,1,0,8,50,8,6,1,92,92048,2,3,0,3,ABBE MAILLET (SQUARE DE L'),48.7890829721,2.2332622111,9,2,2
202100013054,178Â 411,A01,1,1,1,0,2,0,-1,-1, -1,-1,2021,16.0,1,1,0,2,2,17,0,,3,PAUL GELOS (RUE),0,,2,3,3,1,27,455,1,, -1,1,0,1,50,15,10,1,64,64189,2,1,0,3,PAUL GELOS (RUE),43.37853,-1.67073,18,2,2
202100025080,156Â 825,A01,1,1,1,5,2,6,-1,0,0,-1,2021,44.0,1,1,4,0,1,1,1,,3,915,0,,2,2,0,2,9,150,2,, -1,1,0,3,80,6,8,2,73,73227,1,1,0,6,D915,45.446303,6.591653,19,1,1
202100050476,111Â 469,A01,10,3,2,0,0,-1,-1,4,3,3,2021,16.0,2,1,0,1,1,1,1,,7,ANGLAIS (DU NÂ° 1 AU NÂ° 43),0,,3,3,0,1,0,0,1,, -1,1,6,1,50,23,2,1,6,6088,2,1,0,6,ANGLAIS (DU NÂ° 1 AU NÂ° 43),43.694878,7.265271,16,2,1
202100024121,158Â 546,B01,1,1,1,0,2,6,-1,-1, -1,-1,2021,20.0,0,1,0,2,3,1,1,,4,EUROPE. BOULEVARD DE L',0,,2,4,0,1,(1),(1),1,, -1,1,0,1,50,14,8,1,76,76540,2,2,0,3,EUROPE. BOULEVARD DE L',49.42692,1.0915,8,3,2
202100053730,105Â 698,A01,1,1,2,5,1,0,-1,-1, -1,-1,2021,50.0,3,2,0,2,4,1,1,,4,rue Baudouin IX,0,,2,2,0,1,(1),(1),1,, -1,1,0,1,50,22,1,1,59,59009,2,1,0,2,BAUDOIN IX RUE,50.6238,3.13542,12,2,2
202100027203,153Â 091,B01,1,1,1,0,2,6,-1,-1, -1,-1,2021,54.0,1,1,0,2,1,21,1,,2,GORGES DU TARN (AVENUE DES),0,,2,2,0,1,52,645,1,, -1,1,9,1,50,23,7,1,48,48095,2,9,0,3,GORGES DU TARN (AVENUE DES),44.5162,3.48815,7,2,2
202100015152,174Â 626,A01,1,1,1,5,2,-1,-1,0,0,-1,2021,68.0,2,1,0,0,0,1,1,,3,8,-1,,2,2,0,1,20,250,1,, -1,1,0,3,80,6,10,1,84,84028,1,1,0,7,D8,44.223291,4.93417,16,1,1
202100011771,180Â 669,A01,1,1,2,0,8,0,-1,-1, -1,-1,2021,44.0,3,1,0,2,1,21,0,,4,RUE DE LA COTE VALORGE,0,,2,2,0,2,9,0,1,, -1,1,0,1,50,21,10,1,91,91103,1,1,0,5,RUE DE LA COTE VALORGE,48.610594,2.279988,8,3,3
202100049063,114Â 059,A01,1,1,1,4,8,0,-1,-1, -1,-1,2021,35.0,1,1,14,2,3,1,1,,3,AV DU GAL CHARLES DE GAULLE,0,,2,3,3,2,0,0,1,, -1,1,0,6,50,5,3,5,91,91097,2,1,0,6,AV DU GAL CHARLES DE GAULLE,48.684274,2.531436,19,1,1
202100028798,150Â 243,A01,2,2,1,2,1,-1,-1,-1,0,-1,2021,11.0,3,2,1,0,5,26,1,,4,LANGEVIN (AVENUE PAUL),0,,2,2,0,1,(1),(1),1,, -1,1,0,4,30,14,7,1,95,95585,2,1,0,6,Avenue Paul Langevin,48.981973,2.378791,19,2,1
202100010482,182Â 988,A01,1,1,2,1,1,0,-1,-1, -1,-1,2021,41.0,1,2,0,2,6,16,1,,3,RTE NATIONALE 7,0,,2,6,0,1,0,0,1,, -1,1,0,1,50,27,10,1,91,91027,2,2,0,3,AV FRANCOIS MITTERRAND,48.71619,2.37071,9,2,2
202100052794,107Â 356,B01,2,2,2,5,1,0,-1,-1, -1,-1,2021,30.0,1,2,0,2,1,0,0,,3,BOUYCHERES (COURS),0,,2,2,0,1,49,690,1,, -1,1,0,1,50,22,1,1,9,9122,2,1,0,4,BOUYCHERES (COURS),42.9663534849,1.6094348431,16,4,3
202100045216,120Â 906,B01,1,1,1,0,2,0,-1,-1, -1,-1,2021,34.0,2,1,0,2,0,1,1,,4,RTE DE LONGJUMEAU,0,,2,2,0,2,0,0,1,, -1,1,0,1,50,2,4,5,91,91161,2,1,0,1,RTE DE LONGJUMEAU,48.7062,2.297,22,2,2
202100007849,187Â 706,A01,1,1,1,1,2,6,-1,0,0,-1,2021,30.0,2,1,0,2,2,17,1,,4,AVENUE JEAN JAURES,0,,2,2,0,1,(1),(1),1,, -1,1,0,1,30,16,11,5,75,75119,2,2,0,3,AVENUE JEAN JAURES,48.887783,2.389279,6,2,2
202100047744,116Â 408,A01,1,1,2,5,1,0,-1,-1, -1,-1,2021,44.0,2,2,4,0,1,1,1,,3,RD 37,0,,3,4,0,1,8,199,1,, -1,1,0,1,90,7,3,1,37,37122,1,1,0,7,RD 37,47.34064,0.66266,11,2,1
202100027766,152Â 077,A01,1,1,1,9,2,0,-1,0,0,-1,2021,38.0,3,1,0,2,8,1,5,,4,BOULEVARD VOLTAIRE,0,,2,4,1,1,(1),(1),1,, -1,1,0,5,50,20,7,5,75,75111,2,5,0,3,BOULEVARD VOLTAIRE,48.850386,2.392521,22,3,2
202100027629,152Â 336,B01,1,1,1,5,2,6,-1,0,0,-1,2021,17.0,2,1,0,0,4,15,1,,3,483,-1,,2,2,0,1,0,160,1,, -1,1,0,1,50,22,7,1,26,26330,2,1,0,2,265 Avenue des Pins,45.290592,4.953766,18,2,2
202100007865,187Â 681,A01,1,1,1,0,2,6,-1,-1, -1,-1,2021,65.0,2,1,0,2,1,18,3,,3,"""LANDY RD 20, NR IMPAIRS 1 A 144""",0,,2,4,1,1,0,0,1,, -1,1,0,5,50,16,11,1,93,93066,2,1,0,3,"""LANDY RD 20, NR IMPAIRS 1 A 144""",48.9153,2.35331,16,2,2
202100032935,142Â 891,B01,1,1,1,5,8,0,-1,-1, -1,-1,2021,19.0,1,1,0,2,1,1,1,,4,"""JEAN JAURES (AVENUE """"DU 01 AU 19"""")""",0,,1,1,0,1,0,0,1,, -1,1,0,1,50,22,6,1,93,93007,2,1,0,2,"""JEAN JAURES (AVENUE """"DU 01 AU 19"""")""",48.923114,2.471241,20,2,2
202100048152,115Â 676,Z01,2,2,1,9,8,0,-1,0,0,-1,2021,39.0,2,1,0,2,1,13,1,,4,RUE FROIDEVAUX,0,,2,4,1,1,(1),(1),1,, -1,2,0,1,50,12,3,5,75,75114,2,2,0,1,RUE FROIDEVAUX,48.835996,2.327625,21,3,2
202100037423,134Â 765,A01,10,3,2,5,0,-1,-1,3,3,2,2021,11.0,1,2,0,1,1,1,1,,3,AVENUE DE GERBEVILLER,0,,2,2,0,1,(1),(1),1,, -1,1,0,1,50,29,5,1,54,54329,2,1,0,6,AVENUE DE GERBEVILLER,48.58385,6.48177,12,3,2
202100009551,184Â 634,A01,1,1,2,0,1,0,-1,-1, -1,-1,2021,23.0,2,2,3,0,3,26,1,,2,RN12,0,,1,2,0,1,26,799,3,, -1,1,0,3,70,4,11,1,78,78423,1,1,0,6,RN12,48.793608,2.051661,10,1,1
202100016159,172Â 757,A01,1,1,2,0,2,0,-1,-1, -1,-1,2021,17.0,3,1,0,2,8,26,1,,4,DEMAY (RUE),0,,2,1,0,1,0,0,1,, -1,1,0,1,50,28,9,1,45,45286,2,1,0,3,DEMAY (RUE),47.888,1.9213,9,2,2
202100037113,135Â 360,D01,2,2,2,5,1,-1,-1,0,0,-1,2021,74.0,1,2,0,2,2,17,1,,1,1,0,A,1,2,0,1,85,500,1,, -1,1,0,1,90,2,6,1,60,60538,1,1,0,4,A1 PK85+500,49.5590520724,2.7346944809,12,5,4
202100005740,191Â 538,A01,1,1,1,0,8,0,-1,-1, -1,-1,2021,25.0,1,2,1,2,2,14,1,,4,BARTHELEMY (RENE),0,,2,2,0,1,(1),(1),1,, -1,1,0,1,50,27,11,5,973,97302,2,1,0,3,BARTHELEMY (RENE),4.9343590061,-52.3305979371,2,4,2
202100017921,169Â 585,A01,1,1,1,5,2,-1,-1,0,0,-1,2021,16.0,3,1,13,0,0,1,1,,4,,-1,,2,2,0,1,(1),(1),3,,4,1,0,3,80,21,8,1,33,33320,1,1,0,7,Route du Camping,44.994047,-0.064266,19,1,1
202100032409,143Â 843,A01,1,1,1,5,2,-1,-1,0,0,-1,2021,46.0,2,1,0,2,4,26,5,,3,6,-1,,2,1,0,1,(1),(1),1,, -1,1,0,1,80,25,6,1,84,84141,1,1,0,2,avenue charles de gaulle,43.967757,4.921495,16,2,2
202100019212,167Â 287,A01,1,1,1,5,1,0,-1,-1, -1,-1,2021,22.0,1,2,0,5,9,21,1,,3,PONT DE CRETEIL.,0,,3,3,0,2,(1),(1),3,, -1,1,2,1,50,13,9,5,94,94028,2,1,0,7,PONT DE CRETEIL.,48.7999301551,2.4698521983,2,1,1
202100011646,180Â 908,B01,1,1,1,1,2,6,-1,0,0,-1,2021,37.0,1,1,0,2,4,23,3,,4,AVENUE DE L OPERA,0,,2,4,3,1,(1),(1),1,, -1,1,0,1,30,22,10,5,75,75101,2,4,0,2,AVENUE DE L OPERA,48.867308,2.333708,1,2,2
202100039998,130Â 097,A01,9,2,1,3,1,-1,-1,0,0,-1,2021,7.0,3,2,0,2,1,19,1,,3,130,-1,,2,2,0,1,(1),(1),1,, -1,1,0,1,80,15,5,1,50,50400,1,2,0,3,carrefour de la D69 et D130,49.396675,-1.419683,17,7,2
202100003260,195Â 936,A01,10,3,2,5,0,-1,-1,3,3,2,2021,19.0,1,5,0,1,6,1,1,,4,RUE JEAN OESTREICHER,0,,1,2,0,1,(1),(1),1,, -1,1,0,1,30,11,12,1,75,75117,2,1,0,6,RUE JEAN OESTREICHER,48.886706,2.288961,13,2,1
202100022418,161Â 567,A01,1,1,1,0,8,0,-1,-1, -1,-1,2021,50.0,1,1,0,2,1,25,3,,4,PAYRA (JEAN),0,,1,2,0,1,(1),(1),1,, -1,1,0,1,50,26,8,1,66,66136,2,3,0,3,PAYRA (JEAN),42.7022200938,2.8932824358,14,2,2
202100023919,158Â 879,A01,1,1,1,9,8,0,-1,0, -1,-1,2021,24.0,1,0,0,2,1,5,6,,4,CAILLOTS (RUE DES),0,,1,1,0,2,1,0,1,, -1,1,0,1,30,16,8,1,93,93048,2,1,0,1,Rue des Caillots,48.86665,2.44244,17,2,2
202100015562,173Â 866,A01,1,1,1,4,2,0,-1,-1, -1,-1,2021,25.0,1,1,0,0,0,26,3,,4,CLEMENCEAU BOULEVARD,0,,2,2,0,1,1,0,1,, -1,2,0,1,50,1,10,5,49,49007,2,1,0,7,CLEMENCEAU BOULEVARD,47.476579,-0.566245,21,1,1
202100000478,200Â 851,B01,1,1,2,0,2,0,-1,-1, -1,-1,2021,48.0,1,0,0,2,0,1,3,,3,MONTEIL (ROND-POINT ANDRE),0,,1,2,0,1,0,1,2,, -1,1,5,1,50,3,5,1,19,19031,2,6,0,3,MONTEIL (ROND-POINT ANDRE),45.1478379568,1.4897847174,18,2,2
202100041117,128Â 116,B01,1,1,1,1,2,-1,-1,-1, -1,-1,2021,47.0,1,1,0,2,0,1,0,,4,ROUSSE EMILE,0,,-1,2,0,1,(1),(1),2,, -1,2,5,1,50,4,5,1,29,29019,2,6,1,3,Rue Emile Rousse,48.3816433921,-4.5272039977,13,2,2
202100009132,185Â 386,A01,1,1,1,9,2,8,-1,-1, -1,-1,2021,22.0,2,1,0,0,0,0,1,,4,MAGASINS GENERAUX (AVENUE DES),0,,4,4,3,1,0,0,1,, -1,1,5,1,50,5,11,5,93,93001,1,1,0,4,MAGASINS GENERAUX (AVENUE DES),48.9027212126,2.3695606036,22,3,3
202100016702,171Â 771,A01,10,3,1,3,0,-1,-1,5,B,2,2021,29.0,1,2,9,1,2,1,1,,3,3,0,,2,2,0,1,104,260,1,, -1,1,0,4,50,27,9,1,51,51507,2,1,0,7,Rue Chanzy,49.090861,4.893486,15,2,1
202100041889,126Â 744,B01,1,1,1,0,2,0,-1,-1, -1,-1,2021,54.0,3,1,0,2,1,1,5,,7,REPUBLIQUE AV DE LA (NÂ°829-931),0,,2,-1,1,1,(1),(1),1,, -1,1,5,5,50,30,4,1,59,59378,2,5,0,3,REPUBLIQUE AV DE LA (NÂ°829-931),50.66215,3.09627,18,2,2
202100034882,139Â 365,A01,10,3,2,9,0,-1,-1,1,3,1,2021,62.0,1,2,0,1,3,1,1,,3,1,0,,2,2,0,1,14,950,4,,5,1,9,1,50,12,6,1,37,37131,2,1,0,6,42 rue de poce sur Cisse,47.4534640177,1.0270437612,15,2,1
202100020311,165Â 331,B01,1,1,1,5,1,0,-1,-1, -1,-1,2021,48.0,3,2,0,2,4,1,1,,5,TUNNEL PRADO SUD,0,,1,1,0,1,0,0,1,, -1,1,0,1,50,7,9,5,13,13208,2,1,0,2,TUNNEL PRADO SUD,43.28,5.39,3,3,2
202100027949,151Â 742,B01,1,1,1,4,2,6,-1,0,0,-1,2021,27.0,3,1,0,2,7,2,3,,3,BORD DE MER RN.98 LA SIESTA,0,,1,1,0,1,26,673,2,, -1,1,5,1,50,20,7,1,6,6004,1,6,0,3,BORD DE MER RN.98 LA SIESTA,43.611158,7.126653,11,2,2
202100025221,156Â 581,A01,7,2,1,9,1,-1,-1,0,0,-1,2021,19.0,3,2,2,0,1,0,0,,4,10,0,,2,2,0,1,(1),(1),1,, -1,1,0,3,-1,7,8,3,87,87035,1,1,0,6,Route des Landes,45.82853,1.546111,22,4,1
202100029235,149Â 503,A01,1,1,2,3,1,-1,-1,0,0,-1,2021,36.0,2,2,2,0,1,1,1,,3,536,-1,,2,2,0,1,36,900,1,, -1,1,0,3,80,13,7,1,7,7156,1,1,0,6,Le Pradel,44.680921,4.283322,9,1,1
202100036884,135Â 769,A01,1,1,1,5,8,-1,-1,0,0,-1,2021,31.0,1,2,0,2,1,5,1,,3,6,0,D,2,2,0,1,5,500,1,, -1,1,0,1,50,1,6,3,972,97210,1,1,0,1,Riviere Bambou,14.580915,-60.926785,20,2,2
202100012653,179Â 096,A01,1,1,1,0,8,0,-1,-1, -1,-1,2021,14.0,1,1,0,2,1,1,3,,7,AVENUE AMBROISE CROIZAT,0,,2,3,0,1,0,0,1,, -1,1,5,1,50,17,10,1,38,38421,2,2,0,1,AVENUE AMBROISE CROIZAT,45.18161,5.76312,17,2,2
202100044051,122Â 937,B01,1,1,1,9,2,6,-1,0,0,-1,2021,33.0,1,1,0,2,0,2,1,,4,RUE DE L AMIRAL DE COLIGNY,0,,2,4,0,1,(1),(1),1,, -1,1,0,1,50,14,4,2,75,75101,2,3,0,2,RUE DE L AMIRAL DE COLIGNY,48.86039,2.34058,18,2,2
202100049985,112Â 393,B01,1,1,2,0,1,-1,-1,-1, -1,-1,2021,29.0,1,2,0,2,1,1,1,,4,FERDINAND BUISSON                   (R ),0,,1,2,1,1,(1),(1),1,, -1,1,0,1,50,26,2,1,69,69383,2,2,0,3,FERDINAND BUISSON (R),45.74977,4.88978,11,2,2
202100021605,163Â 012,A01,1,1,1,0,1,0,-1,0,0,-1,2021,22.0,1,2,1,0,9,1,1,,7,PASTEUR (AVENUE),0,,2,2,0,1,(1),(1),1,, -1,1,0,1,50,30,8,1,63,63075,2,1,0,6,PASTEUR (AVENUE),45.7751709741,3.0696983635,16,2,1
202100030264,147Â 667,A01,9,2,2,5,1,-1,-1,0,0,-1,2021,10.0,1,2,1,0,2,1,1,,2,145,0,,2,2,0,1,18,300,1,, -1,1,0,1,80,7,7,1,87,87180,1,1,0,6,RN 145 PR 18+300,46.192294,1.242571,13,5,2
202100030342,147Â 527,A01,2,2,1,9,1,8,-1,-1, -1,-1,2021,23.0,1,2,0,2,2,15,0,,3,11 NOVEMBRE (AVENUE DU),0,,4,7,3,1,4,522,1,, -1,1,0,1,50,5,7,1,86,86194,2,2,0,5,Avenue du 11 Novembre,46.56733,0.36581,17,8,4
202100025228,156Â 566,A01,1,1,1,1,2,0,-1,-1, -1,-1,2021,28.0,2,1,3,0,1,13,1,,1,A7-Sens Marseille vers Lyon,0,,3,3,3,1,278,500,1,, -1,1,8,6,90,6,8,1,13,13215,1,1,0,1,A7-Sens Marseille vers Lyon,43.342643,5.375968,7,1,1
202100006780,189Â 667,B01,2,2,1,5,0,-1,-1,0,0,-1,2021,21.0,2,1,0,2,1,0,1,,3,888,-1,,2,2,0,1,0,300,1,, -1,1,0,1,-1,24,11,3,973,97313,1,1,0,1,Route de la Carapa,4.954132,-52.466562,0,3,2
202100053849,105Â 493,B01,1,1,1,5,1,8,-1,-1, -1,-1,2021,29.0,0,2,0,2,2,1,1,,4,VALBARELLE (BOULEVARD DE LA ),0,,2,2,0,1,(1),(1),1,, -1,1,0,1,50,24,1,1,13,13211,2,1,0,3,VALBARELLE (BOULEVARD DE LA ),43.2876,5.4488,12,3,2
202100038627,132Â 592,A01,1,1,1,9,1,0,-1,-1, -1,-1,2021,26.0,1,2,0,2,8,26,1,,4,BARA,0,,-1,2,0,1,1,0,1,, -1,1,0,1,50,23,5,1,49,49353,2,6,0,3,BARA,47.4434,-0.48862,21,2,2
202100038433,132Â 944,B01,1,1,1,0,2,6,-1,0,0,-1,2021,54.0,2,1,0,2,1,1,1,,2,10,0,,2,2,0,4,83,700,1,, -1,1,0,1,80,25,5,1,202,202123,1,1,0,1,2115 Avenue du 9 Septembre,42.026069,9.413116,17,2,2
202100049213,113Â 786,A01,1,1,1,1,2,8,-1,-1, -1,-1,2021,32.0,1,1,0,2,1,1,1,,2,CHAUDRON (BLD 3 DU),0,,2,2,0,2,(1),(1),3,, -1,1,0,1,50,3,3,3,974,97411,2,1,0,3,Boulevard du Chaudron,-20.896965,55.496256,21,2,2
202100046655,118Â 373,A01,1,1,1,4,8,0,-1,-1, -1,-1,2021,23.0,1,1,0,1,1,1,5,,4,VAILLANT COUTURIER (R),0,,1,2,3,1,1,0,1,, -1,1,0,4,50,25,3,5,94,94002,2,1,0,6,Rue Paul Vaillant Couturier,48.81418,2.41543,19,2,1
202100024877,157Â 194,B01,1,1,1,0,1,-1,-1,-1, -1,-1,2021,50.0,1,2,0,2,4,2,1,,4,ARNOULD (BOULEVARD CHARLES),0,,2,2,1,2,(1),(1),2,, -1,2,0,2,50,5,8,1,51,51454,2,1,0,2,Boulevard Charles Arnould,49.2602407449,4.0089207888,18,4,2
202100055087,103Â 347,A01,1,1,1,4,2,8,-1,-1, -1,-1,2021,20.0,3,1,0,2,1,2,0,,4,LOUISE MICHEL (RUE),0,,2,2,0,1,0,0,1,, -1,2,0,1,50,14,1,5,93,93005,2,1,1,2,LOUISE MICHEL (RUE),48.931728464,2.5022448533,19,2,2
202100024425,158Â 024,B01,1,1,1,0,2,6,-1,0,0,-1,2021,64.0,2,1,0,2,1,1,1,,3,933,0,,2,2,0,1,24,400,3,, -1,1,0,1,50,12,8,1,24,24186,2,9,0,3,le bourg,44.700428,0.417035,10,3,2
202100027923,151Â 798,B01,1,1,2,0,2,0,-1,-1, -1,-1,2021,33.0,3,1,0,2,0,0,5,,4,PROUDHON (AVENUE),0,,2,2,0,1,(1),(1),1,, -1,1,6,1,50,20,7,1,37,37261,2,3,0,6,PROUDHON (AVENUE),47.3948651545,0.6713187168,8,2,2
202100047804,116Â 306,B01,1,1,1,1,8,0,-1,-1, -1,-1,2021,55.0,1,1,0,2,8,1,0,,4,BIEF DU MOULIN (DU) (RUE),0,,2,2,0,1,(1),(1),1,, -1,1,0,1,50,15,3,1,21,21355,2,3,0,3,11 Rue Armand Thibaut,47.28466,5.059042,17,2,2
202100011667,180Â 869,B01,1,1,1,2,2,6,-1,-1, -1,-1,2021,16.0,2,1,0,2,7,1,1,,3,COLONEL FABIEN (AVENUE),0,,1,4,3,1,0,1,1,, -1,2,5,1,50,19,10,1,93,93066,2,3,1,3,COLONEL FABIEN (AVENUE),48.9448213773,2.3535231297,8,2,2
202100054017,105Â 192,B01,1,1,2,0,1,0,-1,-1, -1,-1,2021,42.0,2,2,0,2,6,23,1,,1,6,0,,3,6,0,1,12,949,1,, -1,1,0,2,110,22,1,3,91,91161,1,1,0,2,AUTOROUTE A6,48.708062,2.306555,23,3,2
202100045973,119Â 577,A01,1,1,1,5,2,6,-1,0,0,-1,2021,31.0,1,1,0,2,1,17,1,,4,PLACE DE LA REPUBLIQUE DOMINICAINE,0,,2,3,0,1,(1),(1),1,, -1,1,0,1,50,30,3,1,75,75117,2,7,0,3,PLACE DE LA REPUBLIQUE DOMINICAINE,48.8804489381,2.3086363077,11,2,2
202100026671,154Â 034,A01,2,2,2,9,2,0,-1,-1, -1,-1,2021,19.0,2,1,0,2,1,1,1,,4,PERIER (BOULEVARD),0,,2,4,0,2,0,0,1,, -1,1,0,1,50,28,7,1,13,13208,2,2,0,2,PERIER (BOULEVARD),43.2789,5.38208,18,3,2
202100052505,107Â 868,A01,1,1,2,1,1,-1,-1,0,0,-1,2021,29.0,0,2,0,2,1,15,1,,3,,-1,,2,4,0,1,(1),(1),1,, -1,1,5,1,70,5,2,1,38,38449,1,2,0,3,Boulevard de Tharabie,45.6582401803,5.1011590506,9,2,2
202100019271,167Â 188,B01,1,1,1,0,2,6,-1,0,0,-1,2021,49.0,2,1,0,2,1,1,1,,3,38,-1,,2,2,0,1,35,910,1,, -1,1,0,1,-1,14,9,1,40,40197,2,1,0,1,"Route de Mont de marsan, RD 38, PK 35+910",44.024672,-0.903137,16,2,2