Num_Acc,id_vehicule,num_veh,place,catu,sexe,trajet,secu1,secu2,secu3,locp,actp,etatp,year_acc,victim_age,senc,catv,obs,obsm,choc,manv,motor,occutc,catr,voie,v1,v2,circ,nbv,vosp,prof,pr,pr1,plan,lartpc,larrout,surf,infra,situ,vma,jour,mois,lum,dep,com,agg_,int,atm,col,adr,lat,long,hour,nb_victim,nb_vehicules
202100022151,162Â 044,A01,1,1,1,5,8,-1,-1,0,0,-1,2021,84.0,3,0,13,0,9,10,1,,9,,-1,,2,2,0,2,(1),(1),4,, -1,9,0,8,-1,27,8,1,12,12198,1,1,0,6,GrillÃ¨re,44.295546,2.21058,15,1,1
202100035109,138Â 946,A01,3,2,2,5,0,-1,-1,0,0,-1,2021,24.0,1,2,2,0,1,1,1,,3,RD98,-1,,2,2,0,1,42,700,1,, -1,1,0,3,90,12,6,1,83,83019,1,1,0,6,Route du Dom PK42,43.208825192,6.447622776,13,3,1
202100015033,174Â 836,A01,1,1,1,1,2,8,-1,-1, -1,-1,2021,34.0,2,1,3,0,8,13,1,,2,165,0,,3,8,0,1,97,85,1,, -1,2,0,1,90,4,10,2,56,56036,1,1,1,6,RN 165 sens Brest/Nantes,47.77599,-3.36368,8,1,1
202100020120,165Â 661,A01,10,3,2,1,0,-1,-1,3,3,1,2021,43.0,3,2,0,1,1,1,1,,4,LEDOUX(RUE CLAUDE NICOLAS),0,,1,2,0,1,1,0,1,, -1,1,0,1,50,7,9,1,94,94028,2,1,1,6,Rue Claude Nicolas Ledoux,48.76638,2.46905,9,2,1
202100038919,132Â 064,B01,1,1,1,5,2,8,-1,-1, -1,-1,2021,16.0,1,1,0,2,1,21,1,,4,LAJARRIGE ( AVENUE LOUIS ),0,,2,2,0,2,(1),(1),1,, -1,1,0,1,50,16,5,1,44,44055,2,1,0,3,LAJARRIGE ( AVENUE LOUIS ),47.28826,-2.38848,15,2,2
202100042695,125Â 315,A01,1,1,2,5,2,6,-1,0,0,-1,2021,23.0,3,1,0,2,1,5,1,,4,ECHANGEUR BERCY,0,,1,2,0,1,(1),(1),1,, -1,1,-1,6,50,23,4,1,75,75112,2,4,0,1,ECHANGEUR BERCY,48.828373,2.392073,19,2,2
202100033954,141Â 072,A01,1,1,1,0,2,-1,-1,0,0,-1,2021,55.0,0,1,0,0,0,0,0,,4,0,0,,2,2,0,1,0,0,1,, -1,1,0,1,50,17,6,5,30,30156,2,1,0,7,Avenue de Mezeirac,43.866118,4.448488,21,1,1
202100046743,118Â 219,A01,1,1,1,0,1,8,-1,-1, -1,-1,2021,70.0,1,2,0,2,3,1,1,,7,GRAND MARE. AVENUE DE LA,0,,2,2,0,2,0,0,1,, -1,2,0,1,30,16,3,1,76,76540,2,1,1,1,GRAND MARE. AVENUE DE LA,49.460334,1.133114,16,2,2
202100033365,142Â 129,B01,1,1,1,5,2,8,-1,-1, -1,-1,2021,58.0,2,1,0,2,1,2,5,,4,BLANQUI  boulevard,0,,2,2,1,1,(1),(1),1,, -1,1,0,5,50,12,6,1,10,10387,2,1,0,2,BLANQUI (RUE),48.30236,4.05195,14,2,2
202100036877,135Â 779,A01,5,2,1,5,1,-1,-1,0,0,-1,2021,21.0,1,2,7,0,9,0,1,,3,922,0,D,2,2,0,1,33,0,3,, -1,1,5,1,70,3,6,5,95,95052,2,6,0,6,D922,49.1379975672,2.2720456123,1,5,1
202100045688,120Â 074,A01,1,1,2,9,1,-1,-1,0,0,-1,2021,31.0,2,2,0,2,1,13,1,,3,953,-1,,2,2,0,1,18,300,1,, -1,1,0,1,80,2,4,1,18,18006,1,1,0,1,D953,46.953906,2.543265,16,5,3
202100025709,155Â 729,B01,1,1,1,5,1,-1,-1,-1, -1,-1,2021,68.0,3,2,0,2,1,1,1,,7,MARYSE BASTIE                       (R ),0,,2,2,0,2,0,1,1,, -1,1,0,1,70,2,8,1,69,69286,2,1,0,2,MARYSE BASTIE (R),45.82535,4.91805,18,2,2
202100019735,166Â 370,B01,1,1,1,3,2,8,-1,-1, -1,-1,2021,26.0,3,1,0,2,1,1,1,,4,CEDRES (R DES),0,,1,1,0,1,1,0,1,, -1,2,0,1,30,10,9,1,94,94068,2,2,1,3,CEDRES (R DES),48.79749,2.50879,18,3,2
202100040740,128Â 789,A01,10,3,2,3,0,-1,-1,3,3,2,2021,78.0,1,2,0,1,2,1,1,,4,LOUIS TOUSSAINT (AVE),0,,2,3,0,2,0,0,1,, -1,1,0,1,50,7,5,1,61,61169,2,1,1,6, LOUIS TOUSSAINT (AVE),48.7433,-0.56243,10,2,1
202100027613,152Â 369,B01,1,1,2,5,1,-1,-1,0,0,-1,2021,29.0,1,2,0,2,1,1,1,,3,999,-1,,2,2,0,1,60,415,1,, -1,1,0,1,90,23,7,1,81,81279,1,1,0,1,D999,43.92037,1.656489,18,3,2
202100006316,190Â 495,A01,10,3,2,2,0,-1,-1,2,3,1,2021,10.0,2,1,0,1,8,1,1,,4,110,0,,2,2,0,1,0,0,1,, -1,2,0,1,30,25,11,2,92,92024,2,3,1,6,GENERAL LECLERC (BD DU) (9 A 59)   (4 A,48.9016935923,2.3147812486,16,2,1
202100024067,158Â 631,A01,1,1,1,5,0,-1,-1,0,0,-1,2021,55.0,3,2,2,0,1,1,1,,3,0,0,,2,2,0,1,0,0,3,, -1,1,0,3,80,15,8,3,24,24291,1,1,0,1,Chemin de Gouny,45.054913,1.156515,23,1,1
202100026659,154Â 055,A01,1,1,2,5,1,8,-1,-1, -1,-1,2021,38.0,2,2,2,0,0,1,1,,4,MIRABEAU (RUE),0,,3,2,0,1,(1),(1),1,, -1,1,0,1,50,27,7,1,37,37261,2,1,0,7,MIRABEAU (RUE),47.3944764265,0.6999734044,9,1,1
202100020815,164Â 439,A01,1,1,1,0,2,6,-1,-1, -1,-1,2021,36.0,2,1,4,2,1,2,1,,1,AUTOROUTE A3,0,,3,8,0,1,3,400,1,, -1,1,0,1,90,5,9,1,93,93053,1,1,0,2,AUTOROUTE A3,48.8799715049,2.4504125118,19,2,2
202100050238,111Â 915,A01,1,1,1,5,2,6,-1,-1, -1,-1,2021,28.0,1,1,0,2,8,12,1,,2,"CHARLES DE GAULLE (AVENUE, NÂ° 18 A 116)",0,,3,3,0,1,0,0,1,, -1,1,0,1,50,24,2,1,92,92051,2,1,0,3,"CHARLES DE GAULLE (AVENUE, NÂ° 18 A 116)",48.88189,2.26872,9,2,2
202100025251,156Â 520,B01,1,1,1,0,2,6,-1,-1, -1,-1,2021,51.0,1,1,0,2,1,0,1,,4,,0,,2,2,0,1,0,0,1,, -1,1,0,1,30,6,8,1,91,91549,2,1,0,3,GABRIEL PERI (AVENUE),48.64729,2.32708,14,2,2
202100020118,165Â 664,A01,10,3,2,5,0,-1,-1,3,3,1,2021,78.0,3,5,0,1,0,0,1,,4,R DE LA COUTURE DU MOULIN ,0,,-1,2,0,1,1,0,1,, -1,1,0,1,30,5,8,1,94,94073,2,1,0,6,Rue de la Couture du Moulin,48.76326,2.38208,15,2,1
202100048510,115Â 050,A01,10,3,2,3,0,-1,-1,1,4,1,2021,67.0,3,2,0,2,1,17,1,,4,GARGES (ROUTE DE),0,,2,2,0,1,(1),(1),1,, -1,1,0,1,50,6,3,1,95,95585,2,1,0,6,GARGES (ROUTE DE),48.9889172285,2.3779499531,14,2,1
202100000748,200Â 377,A01,10,3,1,5,0,-1,-1,3,3,1,2021,11.0,2,1,0,1,8,16,1,,3,RENAUD (RUE),0,,2,2,0,2,6,850,3,, -1,1,0,1,30,31,12,1,95,95428,2,4,0,6,RD 144,48.989403008,2.3272776604,16,2,1
202100008992,185Â 643,A01,9,2,2,5,1,-1,-1,0,0,-1,2021,33.0,1,2,0,2,4,1,1,,3,936,-1,,2,2,0,1,47,(1),1,, -1,1,0,1,80,5,11,3,33,33108,1,1,0,2,Lieu Dit le Mounan D936,44.858732,-0.016828,21,4,2
202100044367,122Â 363,A01,10,3,2,9,0,-1,-1,3,3,1,2021,29.0,1,5,0,1,7,23,1,,4,PONT NEUF,0,,2,4,0,1,(1),(1),1,, -1,1,2,1,30,10,4,1,75,75101,2,3,0,6,PONT NEUF,48.856856634,2.3412772742,12,3,2
202100055373,102Â 861,A01,1,1,1,1,8,0,-1,-1, -1,-1,2021,21.0,3,2,12,0,9,2,0,,3,RAOUL DUFY (AVENUE),0,,1,2,0,1,0,1,1,, -1,2,0,4,50,12,1,3,93,93005,2,1,1,7,RAOUL DUFY (AVENUE),48.9623574894,2.4989352126,17,1,1
202100033581,141Â 742,A01,1,1,1,0,2,-1,-1,-1, -1,-1,2021,18.0,1,1,0,2,0,15,1,,4,FRANCHET D'ESPEREY (BOULEVARD),0,,2,9,0,1,(1),(1),1,, -1,1,5,1,50,17,6,1,51,51454,2,2,0,3,Boulevard Franchet dâEsperey,49.2419279252,4.0141976661,20,2,2
202100022177,162Â 004,A01,1,1,1,5,1,-1,-1,0,0,-1,2021,19.0,1,2,0,0,1,13,1,,3,910,-1,,2,2,0,1,56,900,1,, -1,1,0,3,90,28,8,2,37,37250,1,1,0,6,,47.2005040121,0.670666193,7,2,1
202100000147,201Â 482,A01,1,1,2,5,1,-1,-1,-1,0,-1,2021,21.0,2,2,16,0,1,1,1,,1,AUTOROUTE A115,0,,3,4,0,1,10,0,1,, -1,2,0,1,90,29,12,1,95,95060,1,1,1,7,A115,49.0430348796,2.187974453,15,1,1
202100012386,179Â 571,A01,1,1,1,0,2,8,-1,-1, -1,-1,2021,30.0,1,1,0,2,9,3,0,,3,ROUTE DEPARTEMENTALE 15,0,,2,2,0,1,3,500,1,, -1,1,0,1,50,16,10,1,972,97213,1,3,0,1,ROUTE DEPARTEMENTALE 15,14.63851,-61.01002,10,5,2
202100031711,145Â 074,A01,1,1,1,4,8,0,-1,-1, -1,-1,2021,22.0,0,5,0,2,2,1,1,,4,FRANÃOIS CAMOIN (RUE),0,,2,2,0,1,0,0,1,, -1,1,0,1,50,29,6,1,13,13213,2,2,0,3,FRANÃOIS CAMOIN (RUE),43.3542239632,5.4406656126,16,2,2
202100027063,153Â 342,B01,1,1,1,9,1,0,-1,-1, -1,-1,2021,22.0,1,2,0,2,1,1,1,,4,GUESDE JULES RUE,0,,2,2,0,1,(1),(1),1,, -1,2,0,4,50,25,7,5,59,59585,2,2,1,3,GUESDE JULES RUE,50.573964768,3.053129102,3,2,2
202100030563,147Â 123,A01,10,3,1,0,0,-1,-1,1,3,1,2021,88.0,1,1,0,1,1,1,3,,4,FAURIEL (COURS),0,,1,1,0,1,(1),(1),1,, -1,1,0,1,50,5,7,1,42,42218,2,1,0,6,Cours Fauriel,45.4249922662,4.4067192077,12,2,1
202100007189,188Â 905,A01,1,1,1,0,8,0,-1,-1, -1,-1,2021,32.0,3,1,0,2,1,1,3,,4,Robert Jarry (Bd),0,,2,2,2,1,0,0,1,, -1,1,0,1,50,18,11,5,72,72181,2,6,0,3,Robert Jarry (Bd),47.996,0.192155,19,2,2
202100046634,118Â 408,A01,1,1,1,1,2,0,-1,0,0,-1,2021,61.0,2,0,0,2,1,1,3,,4,AVENUE GAMBETTA,0,,2,4,1,2,(1),(1),1,, -1,2,-1,5,50,25,3,1,75,75120,2,1,1,5,AVENUE GAMBETTA,48.863168,2.388567,10,3,3
202100032573,143Â 545,A01,1,1,1,5,1,-1,-1,0,0,-1,2021,28.0,2,2,0,2,2,1,1,,3,315,0,,2,2,0,2,13,0,1,, -1,1,2,1,30,25,6,2,60,60248,2,1,0,2,D315,49.735648,1.823789,6,2,2
202100022875,160Â 728,A01,1,1,1,5,0,-1,-1,0,0,-1,2021,20.0,3,2,2,0,3,1,1,,4,,0,,2,2,0,1,(1),(1),3,,4,1,0,3,80,22,8,1,44,44205,1,1,0,7,La Volerie,47.462161,-1.413862,9,1,1
202100015918,173Â 215,B01,1,1,1,0,2,8,-1,-1, -1,-1,2021,59.0,1,1,0,2,6,0,1,,3,,0,,3,4,0,1,22,800,3,, -1,1,5,8,50,23,9,1,25,25388,2,9,0,3,LUDWIGSBURG (ROND POINT DE),47.502929,6.812213,12,2,2
202100005201,192Â 476,A01,1,1,1,1,2,6,-1,-1,0,-1,2021,49.0,2,1,0,2,1,3,1,,1,AUTOROUTE A15,0,,3,8,0,1,8,300,1,, -1,2,0,1,110,1,12,1,95,95582,1,1,1,5, A15,48.96563,2.25888,9,3,3
202100042369,125Â 894,A01,10,3,1,1,0,-1,-1,2,3,1,2021,60.0,1,5,0,1,0,20,1,,3,MARECHAL FOCH (AVENUE) F.BUISSON->PL J.M,0,,1,1,0,1,1,0,1,, -1,1,0,1,50,27,4,1,93,93049,2,1,0,1,MARECHAL FOCH (AVENUE) F.BUISSON->PL J.M,48.86299,2.50274,8,3,2
202100037480,134Â 675,B01,1,1,1,5,2,9,-1,0,0,-1,2021,31.0,3,1,0,2,1,1,5,,4,201,0,C,2,2,0,1,0,0,1,, -1,1,0,1,80,30,5,1,80,80334,1,1,0,1,Route de Neuville,49.795315,2.188999,18,2,2
202100056117,101Â 574,A01,1,1,1,0,2,6,-1,0,0,-1,2021,17.0,0,1,9,2,8,1,1,,4,,0,,1,1,0,1,(1),(1),1,, -1,1,6,1,30,6,1,1,33,33243,2,2,0,3,Rue Fonneuve,44.914591,-0.246779,13,2,2
202100036844,135Â 840,B01,1,1,1,1,2,6,-1,0,0,-1,2021,49.0,2,1,0,2,8,1,1,,4,AVENUE DE VILLARS,0,,2,3,2,1,(1),(1),1,, -1,1,0,1,50,2,6,1,75,75107,2,2,0,3,AVENUE DE VILLARS,48.851765,2.313872,13,2,2
202100045326,120Â 713,A01,1,1,1,5,2,6,-1,0,0,-1,2021,29.0,1,1,0,0,8,1,1,,3,496,0,,2,2,0,2,7,400,2,, -1,1,0,1,80,3,4,1,42,42328,1,1,0,7,Route du Soleillant,45.577508,3.993359,16,1,1
202100026883,153Â 664,A01,2,2,2,0,1,-1,-1,0,0,-1,2021,82.0,1,2,3,0,3,14,1,,1,28,0,,3,4,0,1,23,800,3,, -1,2,0,8,110,28,6,1,37,37054,1,1,1,7,"autoroute A28, PK 023+800",47.4798550978,0.6883841088,15,2,1
202100013362,177Â 862,B01,1,1,1,0,1,4,-1,-1, -1,-1,2021,57.0,0,2,0,2,4,2,2,,1,AUTOROUTE A5A,0,,1,3,0,1,5,691,1,, -1,1,0,1,110,14,10,1,77,77384,1,1,0,2,AUTOROUTE A5A,48.60378,2.59317,17,2,2
202100026816,153Â 789,A01,1,1,1,5,1,0,-1,-1, -1,-1,2021,19.0,2,2,0,2,1,1,1,,7,,0,,2,2,0,2,91,850,2,, -1,2,0,1,50,27,7,1,45,45234,2,1,1,1,Avenue de Trevise,47.894517,1.899987,12,3,2
202100007894,187Â 627,B01,1,1,1,0,2,6,-1,0,0,-1,2021,25.0,1,1,0,2,1,1,1,,3,36,-1,,2,1,0,1,1,200,1,, -1,2,0,1,80,15,11,3,32,32208,1,4,0,1,Pont de Pile,43.932675,0.614119,18,2,2
202100026523,154Â 289,A01,2,2,2,5,1,-1,-1,0,0,-1,2021,59.0,1,2,4,2,1,14,1,,1,6,0,,3,6,0,1,400,860,1,, -1,1,2,1,130,30,7,2,71,71481,1,1,0,4,A6 Pk 400.860 sens Paris/Lyon,46.20198,4.779856,7,4,3
202100039733,130Â 558,A01,2,1,1,0,2,6,-1,-1, -1,-1,2021,49.0,1,1,0,0,0,1,1,,4,HENRI BARBUSSE (RUE) DE (1 A 73)   (2 A,0,,2,2,0,1,0,0,1,, -1,2,0,1,50,16,5,1,92,92024,2,2,1,7,HENRI BARBUSSE (RUE) DE (1 A 73)   (2 A,48.8995563313,2.3052394575,19,1,1
202100053256,106Â 536,A01,1,1,1,1,2,8,-1,-1, -1,-1,2021,25.0,1,1,0,2,1,21,1,,4,ALMA (AV DE L),0,,2,3,0,1,0,0,2,, -1,2,0,1,50,28,1,5,94,94068,2,1,1,6,Avenue de lâAlma,48.788419,2.495272,7,4,3
202100026356,154Â 584,B01,2,2,2,5,1,-1,-1,0,0,-1,2021,71.0,2,2,0,2,3,1,1,,3,37,-1,,2,2,0,1,3,742,1,, -1,2,5,1,80,28,6,1,35,35002,1,2,1,3,La Croix de la Lande,47.996286,-1.515328,12,3,2
202100038582,132Â 681,A01,1,1,1,5,2,6,9,0,0,-1,2021,50.0,2,1,0,2,1,13,1,,3,11,0,,2,2,0,1,18,660,1,, -1,1,0,1,80,24,5,1,66,66037,1,4,0,3,Route de Saint Nazaire,42.697566,3.000171,12,3,2
202100038927,132Â 051,A01,1,1,1,0,1,0,-1,-1, -1,-1,2021,21.0,1,2,0,2,1,11,1,,3,CANAUX (CHEMIN),0,,2,0,0,1,0,0,1,, -1,1,0,1,50,17,5,1,30,30189,2,9,0,1,CANAUX (CHEMIN),43.78052,4.34889,19,2,2
202100039212,131Â 532,A01,1,1,1,0,1,-1,-1,0,0,-1,2021,35.0,1,2,0,2,1,13,1,,3,111,0,D,2,2,0,1,4,600,1,,"5,5",1,0,1,80,20,5,2,68,68095,1,1,0,1,D111,48.097702,7.446585,21,2,2
202100046962,117Â 834,A01,1,1,1,4,2,6,-1,-1, -1,-1,2021,21.0,3,1,0,2,8,16,3,,3,MARCEL CACHIN (AV),0,,1,-1,0,1,1,0,1,, -1,1,0,1,50,22,3,5,94,94054,2,2,0,3,Rue Camille GuÃ©rin,48.7485963508,2.4121642113,21,2,2
202100032529,143Â 624,A01,10,3,1,0,0,-1,-1,1,3,2,2021,58.0,2,1,0,1,1,3,3,,3,GENERAL LECLERC (AV),0,,1,2,0,1,0,1,1,, -1,1,0,1,50,24,6,1,94,94022,2,1,0,6,GENERAL LECLERC (AV),48.76163,2.40439,17,2,1
202100034312,140Â 402,A01,1,1,2,9,2,0,-1,0,0,-1,2021,24.0,1,1,0,2,2,1,5,,4,RUE ABEL,0,,2,2,1,1,(1),(1),1,, -1,1,0,5,30,15,6,1,75,75112,2,5,0,3,RUE ABEL,48.845871,2.374294,8,2,2
202100014935,175Â 014,A01,10,3,1,0,0,-1,-1,1,3,1,2021,12.0,1,2,0,1,2,1,1,,4,NEGRIER GENERAL (BD) NÂ° PAIRS,0,,2,2,0,2,0,0,1,, -1,1,0,1,50,4,10,1,72,72181,2,1,0,6,NEGRIER GENERAL (BD) NÂ° PAIRS,48.00963,0.20705,17,2,1
202100055894,101Â 966,B01,1,1,1,0,1,0,-1,-1, -1,-1,2021,31.0,1,2,0,2,4,2,1,,3,40,0,,2,2,0,1,0,250,1,, -1,1,0,1,50,7,1,1,972,97209,1,1,0,5,SOLEIL LEVANT (BOULEVARD DU),14.62085,-61.03896,16,4,3
202100043232,124Â 381,B01,1,1,1,5,0,-1,-1,0,0,-1,2021,69.0,1,0,0,0,6,1,1,,3,3,-1,,2,2,0,1,6,0,1,, -1,1,0,1,50,22,4,1,68,68203,2,1,0,2,10 Rue de Guebwiller,47.911759,7.292259,13,2,2
202100008229,187Â 002,B01,1,1,1,0,1,0,-1,-1, -1,-1,2021,33.0,2,2,0,2,4,1,1,,1,AUTOROUTE A3,0,,3,8,0,1,11,0,1,, -1,2,9,6,110,13,11,2,93,93005,1,1,0,4,AUTOROUTE A3,48.93253,2.48065,17,3,3
202100038890,132Â 116,A01,10,3,2,0,0,-1,-1,1,3,1,2021,51.0,1,2,0,1,2,26,1,,3,7,0,,2,4,0,1,1,0,1,, -1,1,1,1,50,21,5,1,91,91687,2,1,0,6,GENERAL DE GAULLE (AVENUE DU),48.68002,2.38062,10,2,1
202100004934,192Â 973,A01,10,3,1,2,0,-1,-1,3,3,2,2021,6.0,1,1,0,1,1,17,1,,3,FOSSE AUX BERGERS (RUE DE LA),0,,2,2,0,1,0,0,4,, -1,2,0,1,50,3,12,1,93,93077,2,1,1,6,FOSSE AUX BERGERS (RUE DE LA),48.88722,2.49502,11,2,1
202100006565,190Â 065,A01,1,1,1,0,8,0,-1,-1, -1,-1,2021,27.0,1,1,0,2,4,15,1,,4,DESROCHERS (ROUTE DE),0,,2,2,0,1,0,0,2,, -1,1,0,1,50,23,11,1,972,97209,2,1,0,1,DESROCHERS (ROUTE DE),14.62562,-61.072754,13,3,2
202100020724,164Â 584,A01,1,1,1,9,2,0,-1,0,0,-1,2021,28.0,2,1,0,2,1,1,1,,4,BOULEVARD DE SEBASTOPOL,0,,2,5,0,1,(1),(1),1,, -1,3,0,1,30,5,9,5,75,75102,2,2,0,3,BOULEVARD DE SEBASTOPOL,48.866225,2.352542,3,2,2
202100000736,200Â 397,A01,10,3,1,9,0,-1,-1,3,3,1,2021,61.0,3,2,0,1,1,1,1,,6,LOUIS JOUVET                        (R ),0,,-1,0,0,1,(1),(1),1,, -1,1,0,1,30,23,12,1,69,69259,2,1,1,6,LOUIS JOUVET (PC),45.7146798863,4.8769533634,9,2,1
202100031704,145Â 087,B01,1,1,2,0,1,8,-1,-1, -1,-1,2021,60.0,1,2,0,2,4,1,1,,3,JOFFRE (AVENUE DU MARECHAL),0,,2,2,0,1,78,508,1,, -1,1,0,1,50,28,6,1,31,31483,2,1,0,2,JOFFRE (AVENUE DU MARECHAL),43.1073,0.7194,14,3,2
202100042183,126Â 223,B01,1,1,1,5,8,0,-1,-1, -1,-1,2021,87.0,3,1,0,2,8,1,5,,4,BRANLY (RUE EDOUARD),0,,2,0,0,1,(1),(1),1,, -1,1,0,1,50,28,4,1,37,37122,2,3,0,6,BRANLY (RUE EDOUARD),47.3580024761,0.6810997725,17,2,2
202100013824,176Â 985,B01,1,1,1,0,2,0,-1,-1, -1,-1,2021,46.0,1,1,0,2,1,17,1,,7,BRIAND (AVE ARISTIDE DE 1 A 1219,0,,2,1,0,1,29,0,1,, -1,1,0,1,50,11,10,1,83,83137,2,1,0,3,BRIAND (AVE ARISTIDE DE 1 A 1219,43.126327,5.899273,12,3,2
202100022761,160Â 916,B01,1,1,1,1,2,6,-1,-1, -1,-1,2021,33.0,2,1,0,2,0,0,3,,3,906,0,,2,4,0,1,0,0,1,, -1,1,0,5,50,24,8,1,92,92046,2,3,0,3,BROSSOLETTE AVENUE PIERRE,48.812822,2.30159,8,2,2
202100009131,185Â 389,A01,10,3,1,5,0,-1,-1,3,3,1,2021,81.0,1,5,0,1,2,2,1,,3,LIBERATION PLACE DE LA,0,,3,4,0,1,0,0,1,, -1,1,9,1,50,6,11,2,93,93046,2,9,0,3,LIBERATION PLACE DE LA,48.922359,2.54333,7,2,1
202100029565,148Â 944,A01,1,1,1,9,2,0,-1,-1, -1,-1,2021,20.0,1,1,0,2,1,2,1,,3,BADUEL (ROUTE DE),0,,2,1,0,1,2,100,1,, -1,1,0,1,50,9,7,1,973,97302,2,1,0,2,BADUEL (ROUTE DE),4.93815,-52.31679,8,2,2
202100010472,183Â 005,A01,10,3,2,5,0,-1,-1,4,3,2,2021,16.0,1,1,0,1,2,1,1,,4,TILSITT                             (QU),0,,1,3,0,1,(1),(1),1,, -1,1,5,1,50,28,10,1,69,69382,2,1,0,6,TILSITT (Q),45.755197,4.82593,13,2,1
202100046037,119Â 468,A01,1,1,1,1,2,6,-1,0,0,-1,2021,36.0,1,1,0,2,1,17,1,,3,50,-1,,2,2,0,2,14,300,1,, -1,1,0,1,80,30,3,1,69,69028,1,1,0,2,PONT PINAY (DU) (RTE),45.720683,4.679275,16,2,2
202100051218,110Â 125,B01,1,1,2,3,1,-1,-1,0,0,-1,2021,62.0,1,2,0,2,1,13,1,,3,113,0,E,2,2,0,2,0,870,1,, -1,1,0,1,80,18,2,1,76,76758,1,1,0,4,D113e,49.61789,0.78882,15,3,3
202100008905,185Â 823,A01,1,1,1,1,1,-1,-1,0,0,-1,2021,28.0,1,2,0,2,3,1,1,,3,,0,,3,2,0,1,6,343,1,, -1,1,0,1,50,8,11,1,76,76314,2,1,0,1,530 Route d Etainhus,49.571889,0.329433,16,2,2
202100023631,159Â 380,A01,1,1,1,0,0,-1,-1,0,0,-1,2021,33.0,2,2,8,0,1,0,1,,4,,-1,,2,2,0,1,(1),(1),1,, -1,2,0,3,50,19,8,1,56,56100,2,1,1,6,Chemin de Ker Yves,48.111339,-3.494618,8,1,1
202100039163,131Â 621,B01,1,1,1,1,2,8,-1,-1, -1,-1,2021,21.0,1,1,0,2,7,16,1,,3,913,0,,3,5,0,1,0,0,1,, -1,2,0,1,50,14,5,1,92,92063,2,3,0,3,BONAPARTE (AVENUE NAPOLEON) SUD,48.8773961092,2.1734851599,17,2,2
202100014283,176Â 168,B01,1,1,1,5,2,6,-1,0,0,-1,2021,42.0,0,1,0,2,8,14,1,,3,139,0,D,2,2,0,2,(1),(1),1,, -1,1,5,1,80,10,10,1,67,67203,1,6,0,3,Croisement RD 139 RD 519,48.783625,7.673264,16,2,2
202100021359,163Â 474,B01,1,1,2,0,1,-1,-1,0,0,-1,2021,34.0,3,2,0,2,1,15,1,,3,929,0, -,2,2,0,1,41,100,1,, -1,1,0,1,80,2,9,2,60,60556,1,4,0,1,D929,49.613943,2.539902,20,7,2
202100007488,188Â 371,A01,10,3,2,3,0,-1,-1,2,3,1,2021,24.0,1,2,0,1,3,1,1,,3,,-1,,2,2,0,1,10,15,1,,7,2,9,1,50,19,11,1,89,89464,2,1,1,6,42 Rue Carnot,48.082317,3.294459,11,2,1
202100017852,169Â 709,B01,1,1,1,2,2,6,-1,-1, -1,-1,2021,24.0,1,1,0,2,1,1,1,,4,ALL DE BRIENNE,0,,2,2,0,1,(1),(1),1,, -1,1,0,1,50,20,9,1,31,31555,2,1,0,3,ALL DE BRIENNE,43.60528,1.43295,8,2,2
202100017051,171Â 147,B01,1,1,2,9,2,0,-1,0,0,-1,2021,41.0,1,0,0,2,1,1,3,,4,AVENUE LEON BOLLEE,0,,1,1,0,1,(1),(1),1,, -1,1,0,1,30,23,9,1,75,75113,2,3,0,3,AVENUE LEON BOLLEE,48.818045,2.362784,14,2,2
202100036104,137Â 145,Z01,10,3,2,5,0,-1,-1,3,5,2,2021,6.0,1,1,0,1,3,1,3,,4,RUE DE RIVOLI,0,,2,3,1,1,(1),(1),1,, -1,1,0,5,25,6,6,1,75,75101,2,2,0,6,RUE DE RIVOLI,48.859059,2.346632,17,3,1
202100003437,195Â 610,B01,1,1,1,9,2,6,-1,0,0,-1,2021,20.0,1,1,0,2,1,1,1,,4,AVENUE DE LA PORTE D AUTEUIL,0,,-1,0,0,1,(1),(1),1,, -1,1,0,1,50,11,12,5,75,75116,2,3,0,3,AVENUE DE LA PORTE D AUTEUIL,48.847976,2.25132,21,3,2
202100015219,174Â 497,A01,1,1,1,9,2,6,-1,0,0,-1,2021,25.0,3,1,0,2,1,1,1,,4,PLACE DE LA PORTE DE PANTIN,0,,3,2,0,1,(1),(1),1,, -1,1,5,1,30,4,10,1,75,75119,2,7,0,3,PLACE DE LA PORTE DE PANTIN,48.889541,2.39563,16,2,2
202100018183,169Â 108,A01,3,2,1,5,1,0,-1,0,0,-1,2021,33.0,1,2,0,2,7,1,1,,4,RUE DES MATHURINS,0,,1,1,0,1,(1),(1),1,, -1,1,0,1,50,18,9,5,75,75108,2,2,0,3,RUE DE L ARCADE,48.873319,2.324298,1,3,2
202100047641,116Â 597,A01,10,3,1,5,0,-1,-1,2,3,1,2021,28.0,2,1,0,1,1,1,1,,4,LIBERATION (BOULEVARD)  1 A 65,0,,-1,2,0,1,(1),(1),1,, -1,1,0,1,50,9,3,1,13,13201,2,1,0,6,LIBERATION (BOULEVARD)  1 A 65,43.299413,5.386412,16,2,1
202100040457,129Â 292,A01,1,1,1,5,8,0,-1,-1, -1,-1,2021,11.0,1,1,0,2,1,9,5,,4,PUY REJEAUD (RUE DU),0,,2,2,0,1,0,0,2,, -1,1,0,1,50,8,5,1,87,87085,2,3,0,3,PUY REJEAUD (RUE DU),45.84411,1.22373,18,2,2
202100024915,157Â 124,B01,1,1,2,9,1,0,-1,-1, -1,-1,2021,31.0,1,2,0,2,8,15,1,,3,boulevard AimÃ© CÃ©saire,0,,3,4,0,1,0,0,1,, -1,1,8,1,50,9,8,1,92,92050,2,3,0,3,boulevard AimÃ© CÃ©saire,48.89398,2.22732,12,3,2