Num_Acc,id_vehicule,num_veh,place,catu,sexe,trajet,secu1,secu2,secu3,locp,actp,etatp,year_acc,victim_age,senc,catv,obs,obsm,choc,manv,motor,occutc,catr,voie,v1,v2,circ,nbv,vosp,prof,pr,pr1,plan,lartpc,larrout,surf,infra,situ,vma,jour,mois,lum,dep,com,agg_,int,atm,col,adr,lat,long,hour,nb_victim,nb_vehicules
202100047142,117Â 502,A01,1,1,1,4,2,6,-1,0,0,-1,2021,34.0,2,1,0,2,7,5,1,,4,RUE DE LA FOLIE REGNAULT,0,,2,2,1,1,(1),(1),1,, -1,1,-1,5,30,21,3,1,75,75111,2,1,0,3,RUE DE LA FOLIE REGNAULT,48.86078,2.386071,14,2,2
202100001708,198Â 735,A01,1,1,1,0,1,0,-1,-1, -1,-1,2021,32.0,2,2,0,2,4,23,1,,7,BOIS AVENUE DU PONT DE,0,,1,1,0,1,(1),(1),2,, -1,1,0,1,50,22,12,5,59,59009,2,6,0,2,BOIS AVENUE DU PONT DE,50.62602,3.12375,18,2,2
202100028746,150Â 343,A01,1,1,1,4,1,-1,-1,0,0,-1,2021,49.0,1,2,0,2,1,2,1,,3,6014,-1,,2,2,0,1,4,700,1,, -1,1,0,1,80,16,7,1,27,27026,1,1,0,2,RD 6014,49.229789,1.62382,9,2,2
202100051959,108Â 831,B01,1,1,2,5,1,-1,-1,0,0,-1,2021,55.0,1,2,0,2,1,1,1,,3,916,-1,,2,2,0,1,59,480,1,, -1,2,0,1,90,6,2,2,61,61483,1,3,0,3,route departementale 916,48.552193,-0.403501,17,2,2
202100038679,132Â 500,A01,1,1,2,5,1,-1,-1,0,0,-1,2021,72.0,2,2,0,2,3,1,1,,3,39,0,,2,2,0,2,32,460,3,, -1,1,0,1,90,23,5,1,19,19015,1,1,0,1,Les Tourmissoux,45.265705,1.324046,18,2,2
202100035933,137Â 459,A01,1,1,2,0,2,8,-1,0,0,-1,2021,39.0,3,1,0,2,3,15,6,,7,PLAGE BOULEVARD DE LA,0,,2,4,0,1,(1),(1),1,, -1,1,0,1,50,7,6,1,6,6027,2,1,0,3,PLAGE BOULEVARD DE LA,43.655877,7.161929,18,2,2
202100005416,192Â 114,B01,1,1,2,0,0,-1,-1,0,0,-1,2021,61.0,2,0,0,2,1,26,3,,3,949,2,D,1,1,0,2,(1),(1),2,, -1,1,0,1,50,2,12,1,79,79202,2,6,0,3,33 Av du 114e Regiment dâInfanterie,46.644964,-0.251181,9,2,2
202100026018,155Â 170,B01,2,2,2,0,2,6,-1,0,0,-1,2021,20.0,2,1,0,2,8,18,1,,3,135,0,D,2,2,0,1,4,651,1,, -1,1,0,3,80,1,8,1,34,34263,1,1,0,3,D135 ROUTE DE SAUSSINES,43.757829,4.025716,19,3,2
202100023786,159Â 106,B01,1,1,1,-1,0,-1,-1,0,0,-1,2021,30.0,3,1,0,2,8,19,3,,3,,-1,,3,2,3,1,6,318,1,,4,1,0,1,50,17,8,1,6,6079,2,9,1,1,avenue du marÃ©chal lyautey,43.55094,6.946974,19,2,2
202100021406,163Â 384,A01,10,3,2,0,0,-1,-1,3,3,1,2021,38.0,0,5,1,1,1,16,3,,4,CHAUVIN (BOULEVARD GEORGES),0,,2,2,0,1,(1),(1),1,, -1,1,9,1,50,1,9,1,27,27229,2,3,0,6,CHAUVIN (BOULEVARD GEORGES),49.023940071,1.1438486718,17,2,1
202100037445,134Â 726,A01,10,3,1,9,0,-1,-1,4,3,1,2021,31.0,1,2,0,1,1,1,1,,4,BOULEVARD DE ROCHECHOUART,0,,1,1,1,1,(1),(1),1,, -1,1,0,1,30,29,5,4,75,75118,2,1,0,6,BOULEVARD DE ROCHECHOUART,48.882974,2.344103,22,3,1
202100049975,112Â 418,A01,1,1,1,0,2,6,-1,-1, -1,-1,2021,32.0,1,1,0,2,8,3,1,,1,86,0,,3,6,0,1,2,500,1,, -1,1,0,1,90,27,2,1,92,92025,1,1,0,3,A86,48.9189886921,2.2237886747,15,2,2
202100018238,169Â 007,B01,1,1,2,1,1,-1,-1,0,0,-1,2021,30.0,1,2,0,0,7,1,1,,3,17,-1,,2,2,0,1,8,967,2,, -1,1,0,1,80,10,8,1,56,56175,1,2,0,3,Lann Er Marh,47.723184,-2.913163,17,2,2
202100047640,116Â 598,A01,1,1,1,5,2,6,-1,-1, -1,-1,2021,80.0,3,1,0,2,8,11,1,,4,TUNNEL PRADO SUD,0,,1,2,0,1,(1),(1),1,, -1,1,1,1,50,16,3,1,13,13206,2,1,0,3,TUNNEL PRADO SUD,43.2830633511,5.3866535425,8,2,2
202100003934,194Â 715,B01,1,1,1,0,1,0,-1,-1, -1,-1,2021,55.0,1,2,0,2,3,0,1,,1,86,0,,1,2,0,3,5,0,1,, -1,2,2,1,70,9,12,3,92,92025,1,1,1,2,A86,48.9324073982,2.2485267811,21,2,2
202100024875,157Â 197,A01,1,1,1,0,1,0,-1,0,0,-1,2021,21.0,1,2,8,0,1,1,1,,7,RD 674,0,,1,2,0,2,(1),(1),1,, -1,1,0,1,70,8,8,5,54,54547,2,1,0,6,RM 674,48.6719336824,6.1942532659,5,1,1
202100003347,195Â 781,A01,1,1,1,5,1,-1,-1,0,0,-1,2021,80.0,2,2,0,2,3,19,1,,3,D18,0,,2,2,0,1,1,950,1,, -1,1,5,1,80,11,12,1,86,86225,1,2,0,3,D18,46.822668,0.058848,10,2,2
202100027412,152Â 717,B01,1,1,1,1,2,6,-1,0,0,-1,2021,23.0,0,1,0,0,3,1,1,,3,6007,0,R,3,4,0,1,30,826,1,, -1,1,0,1,70,23,7,1,6,6161,1,1,0,3,494 Route DÃ©partementale 6007,43.646122,7.136339,10,2,2
202100014120,176Â 447,A01,1,1,2,0,1,0,-1,-1, -1,-1,2021,19.0,1,2,1,0,6,16,1,,4,,0,,1,1,0,1,0,0,1,, -1,1,0,4,50,9,10,1,92,92026,2,1,0,6,CAMILLE SAINT SAENS,48.9030123951,2.2821843624,17,1,1
202100010122,183Â 613,C01,1,1,1,5,1,-1,-1,-1,0,-1,2021,21.0,1,2,0,2,1,2,1,,1,AUTOROUTE A15,0,,1,0,0,1,8,500,1,, -1,2,0,1,90,30,10,3,95,95582,1,1,1,4,A15,48.9661269472,2.2572009594,4,4,4
202100052528,107Â 824,A01,8,2,2,0,0,-1,-1,-1, -1,-1,2021,48.0,1,3,0,0,0,9,3,,4,,0,,2,0,3,1,(1),(1),3,, -1,1,4,6,20,4,2,2,69,69290,1,1,0,7,ANDRE BOULLOCHE (BD),45.7201107536,4.923248291,7,5,1
202100007452,188Â 432,B01,1,1,2,0,0,0,-1,0,0,-1,2021,32.0,1,1,0,2,4,1,3,,3,HENRI-MARIE LE BOURSICAUD (AV),0,,1,1,1,3,1,0,2,, -1,1,5,5,50,17,11,1,94,94017,2,6,0,2,Avenue Henri-Marie le Boursicaut,48.81386,2.52738,15,2,2
202100012907,178Â 657,A01,1,1,1,9,1,-1,-1,0,0,-1,2021,32.0,2,2,0,2,1,0,1,,3,10,-1,,2,2,3,1,110,200,2,,7,1,0,1,70,16,10,5,33,33253,1,1,1,5,84 Route de Saint-Macaire,44.612429,-0.30044,6,3,3
202100012082,180Â 117,A01,1,1,1,1,1,-1,-1,0,0,-1,2021,33.0,1,2,0,2,6,13,1,,3,925,0,D,4,2,0,3,20,200,2,, -1,2,0,8,80,21,10,1,80,80546,1,1,1,3,D925,50.100607,1.725605,12,6,2
202100004391,193Â 905,A01,1,1,1,5,1,0,-1,-1, -1,-1,2021,20.0,1,2,3,0,1,1,1,,1,A86 INT,0,,1,3,0,1,42,599,2,, -1,2,0,1,90,5,12,3,94,94022,1,1,1,7,A86 INT,48.77568,2.41301,23,1,1
202100016685,171Â 805,A01,1,1,1,0,2,0,-1,-1, -1,-1,2021,44.0,1,1,0,0,0,18,1,,3,106,0,,2,2,1,1,0,0,1,, -1,1,0,1,50,21,9,1,92,92035,2,1,0,7,GÃ©nÃ©ral de Gaulle  ( avenue du ),48.909955046,2.2549974918,10,1,1
202100008265,186Â 940,A01,1,1,1,9,2,6,-1,0,0,-1,2021,32.0,2,1,0,2,1,3,1,,4,BOULEVARD HAUSSMANN,0,,1,3,3,1,(1),(1),1,, -1,1,0,1,30,11,11,5,75,75108,2,1,0,5,BOULEVARD HAUSSMANN,48.874045,2.325097,20,3,3
202100053270,106Â 516,A01,10,3,1,1,0,-1,-1,2,3,2,2021,24.0,0,2,0,1,2,15,1,,4,MARNE (AVENUE DE LA),0,,2,2,0,1,0,0,1,, -1,1,0,1,50,26,1,2,93,93031,2,1,0,6,MARNE (AVENUE DE LA),48.9534227294,2.3272609968,6,3,1
202100020676,164Â 676,A01,1,1,1,9,2,0,-1,-1, -1,-1,2021,53.0,1,1,0,2,1,1,1,,4,VICTOR LAMON (AVENUE),0,,2,2,0,1,0,0,1,, -1,1,0,1,50,4,9,5,972,97209,2,1,0,1,VICTOR LAMON (AVENUE),14.602316,-61.056854,23,2,2
202100036965,135Â 626,B01,1,1,2,0,1,-1,-1,0,0,-1,2021,26.0,0,2,0,2,4,1,1,,4,ALBERT 1ER (MAIL),0,,2,5,0,1,(1),(1),1,, -1,1,0,1,50,28,5,1,80,80021,2,1,0,2,ALBERT 1ER (MAIL),49.88897,2.29763,15,2,2
202100012866,178Â 728,A01,1,1,1,9,8,0,-1,0,0,-1,2021,40.0,1,1,0,2,7,15,5,,4,AVENUE DE LA PORTE DE CLIGNANCOURT,0,,2,5,0,1,(1),(1),1,, -1,1,0,1,30,16,10,1,75,75118,2,3,0,2,AVENUE DE LA PORTE DE CLIGNANCOURT,48.899337,2.344059,16,2,2
202100048712,114Â 686,A01,10,3,2,0,8,8,-1,3,3,1,2021,42.0,2,1,0,1,0,17,0,,3,ROSNY (AVENUE DE),0,,2,4,0,1,1,230,1,, -1,1,0,1,50,9,3,1,93,93077,2,3,0,6,ROSNY (AVENUE DE),48.8848132426,2.5064224005,17,2,1
202100047011,117Â 746,A01,1,1,1,5,1,0,-1,-1,0,-1,2021,20.0,1,2,4,0,2,12,1,,1,AUTOROUTE A15,0,,3,8,0,2,10,600,3,, -1,1,0,1,110,23,3,3,95,95252,1,1,0,6, A15,48.9768717733,2.2347327893,2,3,1
202100000008,201Â 748,B01,1,1,1,5,2,-1,-1,0,0,-1,2021,49.0,2,1,0,2,1,1,1,,2,1,0,,2,2,0,1,5,500,1,, -1,1,0,1,40,21,11,1,987,98715,2,1,0,3,RT 1 - PK 5+500,-17.584522,-149.568578,16,3,2
202100005827,191Â 377,A01,1,1,2,5,1,-1,-1,0,0,-1,2021,66.0,2,2,6,0,2,14,1,,3,75,0,,2,2,0,2,(1),(1),1,,4,2,0,3,80,28,11,3,38,38449,1,3,1,1,D75,45.627938,5.092356,0,2,1
202100032303,144Â 016,A01,1,1,1,0,1,-1,-1,0,0,-1,2021,51.0,0,5,9,0,3,1,1,,4,PASTEUR ( RUE ),0,,1,1,0,1,0,1,1,, -1,1,0,1,30,24,6,1,5,5061,2,1,0,6,PASTEUR ( RUE ),44.5599304163,6.0790631175,7,1,1
202100012484,179Â 392,B01,1,1,1,9,2,0,-1,0,0,-1,2021,30.0,1,1,0,2,1,18,1,,4,RUE LINOIS,0,,2,4,0,1,(1),(1),1,, -1,1,0,1,30,18,10,1,75,75115,2,3,0,3,RUE LINOIS,48.847697,2.284131,13,3,2
202100002843,196Â 697,A01,1,1,1,5,2,6,-1,0,0,-1,2021,15.0,2,1,0,2,3,1,1,,3,,0,,2,2,0,4,(1),(1),1,,5,1,0,1,50,16,12,1,72,72383,2,1,0,3,Rue Roland NoÃ«l Pasquier,48.086873,0.55033,13,4,2
202100048175,115Â 634,A01,2,2,2,5,1,-1,-1,0,0,-1,2021,41.0,1,2,9,0,1,0,1,,4,2,0,D,2,2,0,1,(1),(1),1,, -1,1,5,1,50,13,3,3,84,84099,2,6,0,6,route des alpes,43.855998,5.10247,20,2,1
202100020649,164Â 719,A01,1,1,1,0,1,-1,-1,0,0,-1,2021,38.0,2,5,0,2,1,1,1,,7,6,-1,,3,4,0,1,12,(1),1,, -1,1,0,1,110,7,9,1,13,13015,1,1,0,4,CD6,43.447513,5.443983,13,4,3
202100031371,145Â 672,A01,1,1,1,0,2,6,-1,0,0,-1,2021,57.0,1,1,0,1,2,21,1,,3,30,-1,,2,2,2,2,(1),(1),1,, -1,1,0,5,50,2,7,1,50,50487,2,1,0,6,Rue Patton,48.523654,-1.324512,16,2,1
202100028696,150Â 426,Y01,1,1,1,5,8,0,-1,-1, -1,-1,2021,16.0,1,1,0,2,1,5,5,,4,DENIS PAPIN (R),0,,2,2,0,1,0,0,1,, -1,1,0,1,50,16,7,1,94,94041,2,2,0,1,DENIS PAPIN (R),48.81365,2.39539,16,2,2
202100050986,110Â 547,A01,1,1,1,4,1,-1,-1,0,0,-1,2021,41.0,1,5,11,0,3,1,1,,1,311,-1,,3,8,0,1,30,800,1,, -1,1,7,1,30,15,2,1,21,21481,1,1,0,6,A311,47.261682,5.03414,9,1,1
202100028214,151Â 263,B01,2,2,2,5,1,-1,-1,0,0,-1,2021,74.0,2,2,0,0,4,2,1,,3,46,-1,,2,2,0,1,31,275,1,, -1,1,0,1,90,19,7,1,3,3254,1,1,0,4,RD46,46.317473,3.335155,17,6,5
202100049853,112Â 625,B01,1,1,2,1,2,6,-1,-1, -1,-1,2021,32.0,1,1,0,2,1,17,1,,2,RN104,0,,1,2,0,1,8,399,1,, -1,1,0,1,90,28,2,1,77,77373,1,1,0,2,RN104,48.7641416397,2.615290405,13,2,2
202100037868,133Â 974,A01,10,3,2,3,0,-1,-1,4,3,1,2021,38.0,2,1,0,1,1,1,5,,3,LECLERC (AVENUE DE LA DIVISION),0,,2,2,0,2,0,0,3,, -1,1,0,1,50,28,5,1,92,92072,2,4,0,6,LECLERC (AVENUE DE LA DIVISION),48.8233927569,2.2206920385,16,2,1
202100054104,105Â 037,A01,1,1,2,5,8,0,-1,0,0,-1,2021,64.0,1,1,0,0,2,1,3,,4,RUE DE RIVOLI,0,,2,4,1,1,(1),(1),1,, -1,1,0,1,50,22,1,1,75,75101,2,3,0,7,RUE DE RIVOLI,48.864407,2.330132,12,1,1
202100024235,158Â 350,A01,2,2,2,0,1,-1,-1,-1, -1,-1,2021,32.0,3,2,0,2,1,26,1,,7,AMBROISE CROIZAT                    (BD),0,,2,4,0,1,2,300,1,, -1,1,5,1,30,13,8,5,69,69259,2,2,0,3,AMBROISE CROIZAT (BD),45.70055,4.88773,22,3,2
202100039444,131Â 100,A01,10,3,1,0,0,-1,-1,1,3,1,2021,8.0,1,2,0,1,1,1,1,,4,EUROPE (AVENUE DE L'),0,,2,2,2,1,(1),(1),1,, -1,1,0,1,30,17,5,1,54,54304,2,1,0,6,EUROPE (AVENUE DE L'),48.6800179011,6.1507565528,18,2,1
202100050545,111Â 347,A01,1,1,1,0,2,0,-1,-1, -1,-1,2021,40.0,2,1,0,2,1,2,1,,1,AUTOROUTE A1,0,,3,9,0,1,7,300,1,, -1,1,0,1,90,22,2,1,93,93027,1,1,0,2,A1,48.93814,2.41449,17,2,2
202100000261,201Â 259,B01,1,1,2,0,2,0,-1,-1, -1,-1,2021,16.0,3,1,0,2,1,17,1,,4,GIRAUD BOULEVARD LOUIS,0,,2,2,0,1,0,1,1,, -1,1,0,1,50,29,5,1,84,84031,2,1,0,3,GIRAUD BOULEVARD LOUIS,44.04609,5.04821,18,3,2
202100008745,186Â 104,B01,1,1,1,9,2,6,-1,0,0,-1,2021,30.0,2,1,0,2,1,1,1,,4,BOULEVARD DE PORT ROYAL,0,,2,4,0,1,(1),(1),1,, -1,1,0,1,30,7,11,5,75,75105,2,2,0,3,BOULEVARD DE PORT ROYAL,48.83889,2.33975,21,2,2
202100002057,198Â 117,B01,1,1,1,1,2,6,-1,-1, -1,-1,2021,64.0,-1,1,0,2,2,1,1,,3,VICTOR HUGO (AVE)  NÂ° 122 =>,0,,2,2,0,1,0,1,1,, -1,1,0,1,50,20,12,5,93,93001,2,2,0,3,VICTOR HUGO (AVE)  NÂ° 122 =>,48.90915,2.37816,7,2,2
202100002530,197Â 256,A01,1,1,1,1,0,-1,-1,0,0,-1,2021,19.0,2,2,2,0,1,14,1,,2,RT1,0,R,2,2,0,1,171,780,1,, -1,1,0,3,110,19,12,1,988,98803,1,1,0,6,La cigogne - NÃ©mÃ©ara,-21.53833,165.4714,8,1,1
202100016284,172Â 527,A01,1,1,1,5,0,-1,-1,0,0,-1,2021,21.0,1,2,15,0,1,1,1,,3,,-1,,2,2,0,1,56,0,1,,4,1,0,4,30,30,9,5,33,33236,2,1,0,6,86 route de bordeaux,44.723667,-1.203459,0,2,1
202100051335,109Â 912,A01,1,1,1,5,1,-1,-1,0,0,-1,2021,89.0,1,2,7,0,1,1,1,,3,16,0,,2,2,0,2,24,800,4,, -1,2,0,8,80,15,2,1,51,51144,1,1,1,7,D16,48.736139,4.913517,16,1,1
202100047545,116Â 781,A01,1,1,1,0,2,8,-1,-1, -1,-1,2021,44.0,1,1,0,0,0,1,5,,3,,-1,,2,-1,-1,1,(1),(1),2,, -1,8,0,1,-1,18,3,1,92,92004,2,3,0,7,CHANZY ( RUE DE ),48.9098081991,2.2726544738,17,1,1
202100032945,142Â 867,B01,1,1,1,4,2,0,-1,-1, -1,-1,2021,35.0,2,1,0,2,2,17,1,,3,HUGO (AVENUE VICTOR),0,,2,4,1,1,0,0,1,, -1,1,0,1,50,22,6,2,92,92007,2,1,0,3,HUGO (AVENUE VICTOR),48.804805136,2.3223169148,18,2,2
202100000530,200Â 755,A01,10,3,1,0,0,-1,-1,2,3,1,2021,63.0,1,2,0,1,4,4,0,,3,VICTOR HUGO (AVE)  => NÂ° 129,0,,2,3,0,1,(1),(1),1,, -1,1,5,1,50,12,1,1,93,93001,2,2,0,6,VICTOR HUGO (AVE)  => NÂ° 129,48.90625,2.37539,8,2,1
202100034575,139Â 916,A01,2,2,2,0,1,5,-1,-1, -1,-1,2021,76.0,0,2,0,2,1,12,1,,3,RD 901,0,,1,3,0,1,0,600,1,, -1,1,3,1,90,13,6,1,60,60057,1,1,0,4,RD 901,49.43428,2.11704,17,6,4
202100030226,147Â 736,B01,3,2,2,5,3,0,-1,0,0,-1,2021,7.0,1,2,0,2,4,23,1,,4,ALLEE DU BORD DE L EAU,0,,2,4,0,1,(1),(1),1,, -1,1,0,1,50,7,7,1,75,75116,2,1,0,2,ALLEE DU BORD DE L EAU,48.853843,2.226273,6,5,2
202100050637,111Â 176,A01,10,3,2,9,0,-1,-1,4,3,2,2021,67.0,2,2,0,1,1,16,1,,7,107,0,,2,2,0,2,14,900,3,, -1,1,0,1,50,21,2,2,21,21171,2,6,0,6,Boulevard Jan Pallach,47.292933,5.130545,17,4,1
202100027974,151Â 701,B01,1,1,1,0,1,0,-1,-1, -1,-1,2021,45.0,1,2,0,2,4,1,1,,2,PARIS (R DE),0,,2,0,0,1,1,0,1,, -1,1,0,1,50,20,7,1,94,94078,2,1,0,2,Rue de Paris,48.731,2.446,11,2,2
202100032036,144Â 485,A01,1,1,1,9,1,-1,-1,0,0,-1,2021,30.0,1,2,2,0,2,0,1,,3,D37,0,D,2,2,0,2,20,930,1,, -1,1,0,3,50,27,6,5,30,30227,2,1,0,6,D37,44.2543,4.202169,23,1,1
202100013284,177Â 995,A01,1,1,1,2,2,8,-1,-1, -1,-1,2021,15.0,3,1,0,0,7,26,1,,4,FRERES LAGADEC (RUE DES),0,,2,2,0,4,1,0,1,, -1,1,0,1,50,8,10,1,22,22113,2,2,0,7,FRERES LAGADEC (RUE DES),48.72803,-3.4653,13,1,1
202100037757,134Â 176,A01,10,3,1,5,0,-1,-1,6,9,1,2021,58.0,0,2,1,1,4,4,1,,4,SEMARD (PLACE PIERRE),0,,1,1,0,1,(1),(1),1,, -1,2,0,3,30,15,4,1,78,78545,2,1,0,6,SEMARD (PLACE PIERRE),48.798989,2.072461,9,2,1
202100030680,146Â 915,B01,2,2,1,0,1,5,-1,-1, -1,-1,2021,61.0,2,2,0,2,9,1,1,,2,RN12 EXT,0,,-1,2,0,1,31,770,1,, -1,1,0,1,110,4,7,3,78,78208,1,1,0,2,RN12 EXT,48.7995,1.9852,1,3,2
202100010331,183Â 235,A01,4,2,2,9,1,0,-1,0,0,-1,2021,6.0,1,2,0,2,1,11,1,,3,MONTALIVET (COURS),0,,3,2,0,1,1,0,1,, -1,1,0,1,70,28,10,1,14,14437,2,9,0,3,D513,49.1829,-0.3192,17,4,2
202100028912,150Â 050,B01,1,1,2,5,1,-1,-1,0,0,-1,2021,21.0,2,2,0,2,6,1,1,,3,62,-1,,3,4,0,1,1,750,1,, -1,1,0,1,110,8,7,3,34,34154,1,1,0,2,D62,43.551033,3.988901,2,5,2
202100052739,107Â 464,B01,1,1,2,1,1,0,-1,-1, -1,-1,2021,43.0,1,5,0,2,3,1,0,,1,AUTOROUTE A6B,0,,1,6,0,1,3,361,1,, -1,2,0,1,90,3,2,1,94,94038,1,1,0,2,AUTOROUTE A6B,48.77721,2.34642,16,2,2
202100039887,130Â 292,A01,1,1,1,5,0,-1,-1,0,0,-1,2021,27.0,2,2,15,0,4,19,1,,3,64,0,D,2,2,0,2,3,0,3,, -1,1,0,3,80,15,5,3,83,83108,1,1,0,7,Route de Gareoult,43.330403,6.005041,20,1,1
202100040109,129Â 904,A01,1,1,1,9,1,-1,-1,0,0,-1,2021,24.0,2,2,6,0,2,13,1,,3,112,0,,2,2,0,3,58,300,2,, -1,2,0,4,50,13,5,2,21,21317,2,1,1,6,15 Route de Gemeaux,47.513498,5.112893,20,2,1
202100016220,172Â 644,B01,1,1,1,0,2,8,-1,-1, -1,-1,2021,66.0,2,1,0,2,1,0,1,,4,24 AVRIL 15 (AVENUE DU),0,,2,2,0,2,0,0,1,, -1,1,0,1,50,27,9,1,13,13212,2,3,0,3,24 AVRIL 15 (AVENUE DU),43.3,5.43,9,2,2
202100023183,160Â 178,B01,1,1,1,5,1,-1,-1,0,0,-1,2021,48.0,2,2,0,2,2,5,1,,3,315,-1,,2,2,0,2,8,200,3,, -1,1,0,1,70,22,8,3,60,60599,2,1,0,3,21 Rue Anicet Corniquet,49.699421,1.851228,5,6,2
202100039479,131Â 039,A01,1,1,1,4,2,6,-1,0,0,-1,2021,19.0,1,1,0,0,7,16,3,,4,RUE DE GRENELLE,0,,1,1,0,1,(1),(1),1,, -1,2,0,1,50,18,5,1,75,75107,2,2,1,7,RUE DE GRENELLE,48.85806,2.310014,20,1,1
202100040214,129Â 716,A01,2,2,1,1,2,6,-1,0,0,-1,2021,23.0,1,1,0,2,8,12,1,,4,PORTE DE BAGNOLET,0,,1,4,0,1,29,600,1,, -1,1,0,1,70,12,5,1,75,75120,2,1,0,2,PORTE DE BAGNOLET,48.866942,2.41322,8,3,2
202100015964,173Â 134,B01,1,1,1,1,2,6,-1,-1, -1,-1,2021,43.0,2,1,0,2,2,1,1,,4,GALLIENI (AVENUE DU GENERAL),0,,2,2,1,1,0,0,1,, -1,1,0,1,50,30,9,1,93,93077,2,3,0,3,GALLIENI (AVENUE DU GENERAL),48.89083,2.50852,8,2,2
202100051760,109Â 183,A01,1,1,1,5,1,-1,-1,0,0,-1,2021,26.0,2,2,0,2,1,2,1,,2,70,0, -,3,4,0,1,5,900,1,, -1,1,0,1,110,12,2,3,71,71439,1,1,0,2,RN70 PK 5+900,46.4818011122,4.1469568581,19,2,2
202100034783,139Â 538,A01,1,1,1,5,2,0,-1,0,0,-1,2021,46.0,1,1,0,2,7,15,5,,4,BOULEVARD MASSENA,0,,3,2,0,1,(1),(1),1,, -1,1,5,1,50,12,6,1,75,75113,2,2,0,3,BOULEVARD MASSENA,48.818994,2.359532,12,2,2
202100022942,160Â 613,A01,1,1,1,1,2,6,-1,0,0,-1,2021,49.0,1,1,0,0,0,1,1,,3,54,0,,2,2,0,1,15,970,1,, -1,1,0,1,50,23,8,1,14,14027,2,1,0,7,"D54, 18 rue de la gare",49.020422,-0.637524,14,1,1
202100006115,190Â 873,B01,2,2,2,5,0,0,-1,-1, -1,-1,2021,69.0,2,3,0,2,2,2,1,2.0,3,VICTOR HUGO (AV),0,,1,2,0,1,0,1,1,, -1,2,0,1,50,26,11,1,94,94022,2,3,1,3,Avenue Victor Hugo,48.76931,2.42237,14,3,2
202100019545,166Â 697,B01,1,1,1,9,1,-1,-1,0,0,-1,2021,40.0,1,2,0,2,1,2,1,,7,613,0,D,2,2,0,1,34,800,1,, -1,1,0,1,80,10,9,3,34,34295,1,1,0,2,D613,43.56582,3.805228,21,3,2
202100040325,129Â 524,A01,2,2,1,5,8,0,-1,-1, -1,-1,2021,17.0,1,1,0,2,6,15,1,,4,GENERAL LECLERC (RUE DU),0,,3,4,0,1,0,0,1,, -1,1,4,1,50,8,5,2,67,67365,2,8,0,2,GENERAL LECLERC (RUE DU),48.55298,7.71238,20,3,2
202100010780,182Â 470,A01,1,1,2,1,1,-1,-1,0,0,-1,2021,53.0,0,2,0,2,3,19,1,,3,766,0,,2,2,0,1,0,798,1,, -1,1,0,1,80,21,10,1,49,49228,1,3,0,3,D766,47.528699,0.194997,7,2,2
202100033425,142Â 023,B01,1,1,1,9,2,0,-1,0,0,-1,2021,47.0,1,1,0,2,3,7,5,,4,AVENUE DE LA PORTE D ASNIERES,0,,2,6,3,1,(1),(1),1,, -1,1,0,6,50,19,6,1,75,75117,2,3,0,3,AVENUE DE LA PORTE D ASNIERES,48.891053,2.302528,12,2,2
202100050672,111Â 112,A01,1,1,1,9,2,-1,-1,0,0,-1,2021,29.0,1,1,0,0,8,15,1,,3,,-1,,2,2,0,1,5,120,1,, -1,1,5,1,50,21,2,1,51,51662,2,3,0,7,Avenue de Rethel,49.2959047194,4.1279294466,16,1,1
202100052864,107Â 224,B01,1,1,1,5,2,0,-1,-1, -1,-1,2021,59.0,1,1,0,2,1,15,5,,4,FRANCE (DE),0,,2,2,0,1,0,0,1,, -1,1,0,1,50,29,1,1,87,87114,2,2,0,3,FRANCE (DE),45.83213,1.2876,15,2,2
202100049279,113Â 673,B01,1,1,1,5,8,0,-1,0,0,-1,2021,28.0,1,1,0,2,1,1,3,,4,RUE DU CHATEAU DES RENTIERS,0,,1,1,2,2,(1),(1),1,, -1,1,-1,5,30,4,3,1,75,75113,2,2,0,3,RUE DU CHATEAU DES RENTIERS,48.8283,2.367253,17,2,2
202100015783,173Â 459,A01,10,3,1,5,0,-1,-1,4,3,1,2021,88.0,1,5,0,1,1,15,1,,3,910,0,,2,6,0,1,0,0,1,, -1,1,0,1,50,1,10,1,92,92012,2,2,0,6,EDOUARD VAILLANT (AVENUE) - DEBUT/55 - C,48.8354435105,2.2495135444,12,2,1
202100011051,181Â 968,A01,2,2,1,9,1,0,-1,-1, -1,-1,2021,18.0,3,2,2,0,1,15,1,,2,D 82,0,,3,4,0,1,1,0,2,, -1,1,5,8,50,25,10,5,202,202037,1,6,0,6,D 82,42.59487,9.43908,3,2,1
202100006406,190Â 349,A01,1,1,2,0,1,0,-1,0,0,-1,2021,54.0,3,2,1,0,1,14,1,,4,SAUZES (RUE DES),0,,2,2,0,1,(1),(1),1,, -1,1,0,1,50,23,11,1,63,63014,2,1,0,6,SAUZES (RUE DES),45.75676,3.13293,13,1,1
202100042221,126Â 157,A01,1,1,1,9,8,0,-1,-1, -1,-1,2021,49.0,2,1,0,2,4,15,6,,3,DOCTEUR BAUER(RUE DU) :NÂ°  75 AU 129,0,,2,6,2,1,0,0,1,, -1,2,0,1,50,28,4,1,93,93070,2,7,1,2,DOCTEUR BAUER(RUE DU) :NÂ°  75 AU 129,48.90546,2.34403,18,2,2
202100003674,195Â 190,A01,1,1,1,0,8,0,-1,-1, -1,-1,2021,37.0,1,1,0,2,1,1,0,,4,AV DE LA GLOIRE,0,,2,2,0,2,(1),(1),1,, -1,2,0,1,50,10,12,5,31,31555,2,1,1,2,AV DE LA GLOIRE,43.60685,1.47292,5,2,2