Num_Acc,id_vehicule,num_veh,place,catu,sexe,trajet,secu1,secu2,secu3,locp,actp,etatp,year_acc,victim_age,senc,catv,obs,obsm,choc,manv,motor,occutc,catr,voie,v1,v2,circ,nbv,vosp,prof,pr,pr1,plan,lartpc,larrout,surf,infra,situ,vma,jour,mois,lum,dep,com,agg_,int,atm,col,adr,lat,long,hour,nb_victim,nb_vehicules
202100044350,122Â 396,A01,1,1,1,4,1,-1,-1,-1,0,-1,2021,55.0,1,5,0,2,1,1,1,,1,AUTOROUTE A15,0,,3,9,0,1,15,300,1,, -1,1,0,1,110,12,4,1,95,95306,1,1,0,2, A15,48.99773,2.17904,11,2,2
202100046535,118Â 604,B01,1,1,1,0,2,6,-1,-1, -1,-1,2021,18.0,1,1,0,2,0,2,1,,4,LECLERC GENERAL (AVENUE),0,,2,2,1,1,0,0,1,, -1,1,0,1,50,26,3,2,30,30189,2,9,0,3,LECLERC GENERAL (AVENUE),43.82994,4.37081,18,2,2
202100010091,183Â 667,A01,1,1,1,1,2,6,-1,0,0,-1,2021,60.0,1,1,0,6,1,1,1,,3,26,-1,E,2,2,0,1,0,861,1,, -1,2,0,1,80,25,10,3,17,17485,1,1,0,6,D26e2,45.868646,-1.231005,23,1,1
202100053001,106Â 982,A01,1,1,1,0,1,-1,-1,0,0,-1,2021,41.0,3,2,0,2,8,0,1,,3,1508,-1,,2,2,0,1,25,(1),1,, -1,1,9,1,80,29,1,1,74,74179,1,3,0,3,Rte des Balmettes,45.992819,6.013389,15,2,2
202100010189,183Â 490,A01,1,1,1,5,1,8,-1,-1, -1,-1,2021,50.0,1,2,1,2,3,19,1,,4,DIVISION LECLERC AVENUE DE LA,0,,2,3,0,2,0,0,1,, -1,2,0,3,50,31,10,5,92,92020,2,1,0,6,DIVISION LECLERC AVENUE DE LA,48.796838,2.280476,21,1,1
202100006247,190Â 629,A01,1,1,2,0,1,0,-1,-1, -1,-1,2021,32.0,2,2,8,0,2,13,1,,3,OUEST  (BD),0,,3,4,0,1,3,200,2,, -1,1,0,1,70,25,11,1,42,42184,2,1,0,6,D300,46.0429730302,4.0455132723,9,1,1
202100019266,167Â 196,B01,1,1,1,5,2,-1,-1,0,0,-1,2021,81.0,3,1,0,2,4,2,1,,3,651,0,,2,2,0,1,(1),(1),1,, -1,1,0,1,80,13,9,1,50,50003,1,1,0,2,D651,49.057572,-1.598554,18,5,2
202100004140,194Â 345,A01,1,1,1,5,1,-1,-1,0,0,-1,2021,31.0,1,2,5,0,9,1,1,,3,33,-1,,2,2,0,1,0,376,1,, -1,2,9,3,80,8,12,3,44,44180,2,1,0,6,8 La Champeliere,47.526297,-1.172785,21,1,1
202100052977,107Â 021,A01,10,3,1,5,0,-1,-1,2,1,1,2021,40.0,1,2,0,1,1,1,1,,3,112,0,,2,2,0,1,0,0,2,, -1,2,5,1,50,31,1,5,33,33529,2,6,1,6,DE GAULLE (AVE CHARLES) 02 ET +,44.63306,-1.14488,19,2,1
202100025288,156Â 457,A01,10,3,1,0,0,-1,-1,1,5,1,2021,31.0,0,5,0,1,1,26,3,,4,SARREBRUCK ( BD DE ),0,,2,4,0,1,(1),(1),1,, -1,1,0,1,50,6,8,1,44,44109,2,1,0,6,SARREBRUCK ( BD DE ),47.21678,-1.51832,13,2,1
202100053404,106Â 267,B01,1,1,1,0,1,-1,-1,0,0,-1,2021,57.0,1,2,0,2,1,1,1,,3,1017,0,D,2,2,0,1,9,880,1,, -1,2,0,1,80,29,1,1,80,80685,1,2,0,3,D1017,49.6965244746,2.8064972162,9,2,2
202100031961,144Â 615,A01,10,3,2,9,0,-1,-1,1,3,2,2021,46.0,3,2,0,1,5,20,1,,4,CHARMETTES (AVENUE DES ),0,,1,1,0,1,(1),(1),1,, -1,1,0,1,50,27,6,1,95,95680,2,3,0,6,CHARMETTES (AVENUE DES ),48.9971818739,2.4137359858,10,2,1
202100024428,158Â 017,B01,1,1,2,1,1,-1,-1,0,0,-1,2021,39.0,1,2,0,2,2,1,1,,4,,0,,2,2,0,1,(1),(1),1,,"5,5",1,0,1,50,13,8,1,69,69244,2,9,0,3,FINAT DUCLOS (CHM),45.756927,4.744807,10,2,2
202100045093,121Â 128,A01,1,1,2,0,1,0,-1,-1, -1,-1,2021,65.0,2,2,3,0,1,16,1,,1,AUTOROUTE A6,0,,3,6,0,1,29,909,1,, -1,1,3,1,110,5,4,1,91,91659,1,1,0,7,AUTOROUTE A6,48.59185,2.44504,18,1,1
202100000054,201Â 650,A01,1,1,2,9,0,-1,-1,-1, -1,-1,2021,40.0,1,2,1,0,2,26,1,,3,RECHERCHANT (RUE ADRIEN) (2),0,,2,2,0,1,(1),(1),1,, -1,1,9,1,50,11,11,5,974,97416,2,9,0,6,RECHERCHANT (RUE ADRIEN) (2),-21.28744,55.48287,20,3,1
202100006741,189Â 734,B01,1,1,1,0,1,0,-1,-1, -1,-1,2021,50.0,2,1,0,2,1,1,1,,3,1,0,,2,4,0,1,0,0,1,, -1,9,0,1,50,21,11,5,92,92024,2,2,0,3,CLICHY (QUAI DE) DE (8 A 60),48.90854,2.30013,1,2,2
202100053970,105Â 282,C01,1,1,1,3,1,0,-1,-1, -1,-1,2021,34.0,0,2,0,2,3,23,0,,4,MOUSQUETAIRES (AV DES),0,,2,2,0,1,1,0,1,, -1,2,0,1,50,23,1,1,94,94079,2,2,0,5,MOUSQUETAIRES (AV DES),48.82,2.55,15,3,3
202100023302,159Â 964,A01,1,1,1,5,1,0,-1,-1, -1,-1,2021,66.0,3,2,0,2,3,1,1,,4,GÃNÃRAL DE GAULLE (AVENUE DU),0,,2,2,0,2,1,0,3,, -1,1,9,1,50,20,8,1,13,13002,2,1,0,1,GÃNÃRAL DE GAULLE (AVENUE DU),43.3383755253,5.4839417046,14,2,2
202100041296,127Â 793,A01,1,1,2,0,1,8,-1,-1, -1,-1,2021,60.0,1,2,0,2,3,13,1,,3,EXPRESS (VOIE),0,,2,2,0,1,35,958,1,, -1,2,0,1,80,4,5,1,17,17306,2,1,1,5,EXPRESS (VOIE),45.64415,-1.04173,16,5,3
202100016339,172Â 429,A01,1,1,2,1,2,6,-1,-1, -1,-1,2021,29.0,2,1,0,2,1,3,1,,1,AUTOROUTE A6,0,,1,3,0,1,20,479,1,, -1,2,0,1,110,29,9,1,91,91687,1,1,0,2,AUTOROUTE A6,48.66009,2.37305,8,2,2
202100024439,157Â 997,A01,1,1,1,5,2,6,-1,0,0,-1,2021,24.0,2,1,0,2,1,1,1,,2,2,-1,,2,2,0,1,(1),(1),1,, -1,1,0,1,50,12,8,5,971,97129,1,2,0,3,La Boucan,16.28227,-61.669902,20,2,2
202100030114,147Â 950,A01,1,1,1,5,2,-1,-1,0,0,-1,2021,37.0,1,1,7,0,1,1,1,,3,1113,-1,,2,2,0,1,23,710,1,, -1,1,9,8,80,8,7,3,33,33323,1,6,0,6,,44.570522,-0.214126,22,1,1
202100034853,139Â 411,A01,2,2,1,5,1,-1,-1,0,0,-1,2021,18.0,2,2,16,0,1,1,1,,3,47,-1,,2,2,0,1,18,330,1,, -1,1,0,3,80,12,6,2,43,43265,1,1,0,6,RD 47,45.2335721854,4.1931594908,20,2,1
202100013929,176Â 804,A01,1,1,2,0,2,6,9,0,0,-1,2021,27.0,2,1,0,2,2,1,1,,2,31,-1,,2,2,0,1,8,300,1,, -1,1,0,1,80,12,10,1,76,76591,1,2,0,3,Route de Gournay,49.451674,1.210207,8,2,2
202100004972,192Â 900,B01,1,1,1,9,2,6,-1,0,0,-1,2021,15.0,1,1,0,2,8,1,1,,4,,-1,,2,1,0,1,(1),(1),1,,3,2,0,1,50,3,12,3,27,27467,2,3,1,3,Rue de la RÃ©publique,49.355859,0.515075,20,3,2
202100047606,116Â 658,A01,2,2,2,4,1,0,-1,-1,0,-1,2021,42.0,2,2,0,2,3,1,1,,3,MAURICE UTRILLO (AVENUE),0,,2,2,0,1,1,0,1,, -1,2,0,1,50,16,3,1,95,95427,2,3,1,3,MAURICE UTRILLO (AVENUE),48.9759879479,2.3519870564,13,4,2
202100015386,174Â 206,B01,1,1,1,0,2,6,-1,0,0,-1,2021,36.0,1,1,0,2,1,1,1,,3,124,0,D,2,2,0,1,6,340,2,,"4,8",1,0,1,50,4,10,1,79,79216,2,1,0,1,42 Rue Saint Martin,46.255439,-0.343932,8,2,2
202100007305,188Â 690,B01,1,1,1,1,1,0,-1,-1, -1,-1,2021,28.0,1,2,0,2,4,2,1,,7,JEAN MOULIN (AVENUE),0,,-1,2,0,1,0,0,1,, -1,1,0,1,50,18,11,1,13,13002,2,1,0,2,JEAN MOULIN (AVENUE),43.3635,5.49602,9,2,2
202100050165,112Â 047,B01,1,1,2,0,1,0,-1,-1, -1,-1,2021,34.0,1,2,0,2,8,15,1,,4,DEGRE (RTE DE) NÂ° IMP DE 47 ET plus,0,,2,2,0,1,0,0,1,, -1,1,0,1,50,25,2,1,72,72181,2,3,0,1,DEGRE (RTE DE) NÂ° IMP DE 47 ET plus,47.99597,0.20759,7,2,2
202100029707,148Â 696,B01,1,1,1,5,2,-1,-1,0,0,-1,2021,62.0,1,0,0,2,4,15,3,,3,994,0,,2,2,0,1,54,115,1,, -1,1,0,1,80,11,7,1,71,71251,1,2,0,2,D994,46.898315,4.188457,14,2,2
202100001636,198Â 880,A01,10,3,2,0,0,-1,-1,9,3,1,2021,79.0,3,2,0,1,4,4,1,,4,ANTONIN ET PIERRE MAGNE AVENUE,0,,2,2,0,1,0,0,1,, -1,1,0,1,10,23,12,1,93,93046,2,1,0,6,ANTONIN ET PIERRE MAGNE AVENUE,48.9128264044,2.5343096432,9,2,1
202100046047,119Â 447,A01,1,1,1,5,2,0,-1,-1, -1,-1,2021,46.0,1,1,0,0,0,2,1,,1,A507 sens Marseille - Aubagne,0,,1,3,0,1,6,130,1,, -1,1,1,1,70,30,3,1,13,13055,1,1,0,7,A507 sens Marseille - Aubagne,43.28697,5.50547,15,1,1
202100009210,185Â 248,B01,1,1,2,1,8,-1,-1,-1, -1,-1,2021,36.0,3,1,0,2,6,1,5,,4,PRESIDENT CARNOT (DU)               (R ),0,,1,1,2,1,(1),(1),1,, -1,1,0,1,30,5,11,1,69,69382,2,2,0,3,PRESIDENT CARNOT (DU) (R),45.761124474,4.8362797762,11,2,2
202100022219,161Â 929,A01,1,1,1,0,2,0,-1,-1, -1,-1,2021,37.0,3,1,0,2,1,1,1,,3,ROUTE ROYALE,0,,2,2,0,2,1,0,1,, -1,1,5,1,50,27,8,1,202,202033,2,3,0,3,ROUTE ROYALE,42.6774678859,9.4337932497,10,2,2
202100002759,196Â 836,A01,10,3,2,0,0,-1,-1,3,3,1,2021,54.0,0,2,0,1,2,9,1,,4,LECLERC (AVENUE DU GENERAL),0,,2,2,0,1,(1),(1),2,, -1,2,0,1,50,14,12,1,45,45068,2,1,1,6,Avenue du GÃ©nÃ©ral Leclerc,48.01273,2.73916,10,2,1
202100024696,157Â 502,A01,1,1,1,5,1,0,-1,-1, -1,-1,2021,28.0,1,2,0,2,4,26,1,,1,A55-Sens Marseille vers Martigues,0,,1,2,0,2,0,1,2,, -1,1,3,1,70,10,8,5,13,13202,1,1,0,2,A55-Sens Marseille vers Martigues,43.31083,5.36911,22,3,2
202100046044,119Â 455,A01,1,1,1,0,1,-1,-1,0,0,-1,2021,46.0,1,2,3,2,7,1,1,,3,1016,-1,,3,4,0,4,21,50,1,, -1,1,2,1,110,30,3,1,60,60342,1,1,0,4,RD 1016,49.297297,2.452226,16,4,4
202100027426,152Â 694,A01,1,1,1,5,0,-1,-1,0,0,-1,2021,25.0,2,2,13,0,1,0,1,,3,D19,-1,,2,2,0,1,4,50,1,, -1,1,0,8,80,24,7,3,46,46284,1,1,0,6,D19,44.878719,1.849694,2,2,1
202100036949,135Â 653,B01,1,1,2,0,1,0,-1,-1, -1,-1,2021,21.0,3,2,0,9,3,1,1,,9,LORY LES HAUTS (RUE),0,,2,2,3,1,0,0,1,, -1,1,0,1,50,31,5,1,974,97411,2,1,0,3,LORY LES HAUTS (RUE),-20.89797,55.480361,12,3,2
202100047061,117Â 649,B01,1,1,1,1,2,6,-1,-1, -1,-1,2021,28.0,2,1,0,2,0,1,1,,3,AV JEAN JAURES,0,,2,0,0,2,1,0,1,, -1,1,0,1,50,22,3,1,94,94003,2,1,0,2,Avenue Jean JaurÃ¨s,48.810659,2.332398,16,2,2
202100031324,145Â 749,A01,1,1,1,0,2,0,-1,-1, -1,-1,2021,20.0,0,1,0,2,1,9,1,,4,POSTES (CHEMIN DES),0,,2,2,0,1,0,0,2,, -1,1,0,1,50,2,7,1,93,93014,2,6,0,3,Chemin des Postes / Allee de la Fosse Maussoin,48.9078,2.53203,15,2,2
202100030109,147Â 958,A01,1,1,2,5,1,-1,-1,0,0,-1,2021,18.0,1,2,0,2,1,2,1,,3,906,-1,,2,2,0,1,82,660,1,, -1,1,0,1,70,8,7,1,71,71150,1,1,0,5,RD 906 - PK 82+700,46.2526869575,4.7885610035,18,4,4
202100004163,194Â 309,B01,1,1,1,5,2,6,-1,0,0,-1,2021,38.0,1,1,0,2,1,17,1,,9,2565,0,M,2,2,0,1,7,600,3,, -1,1,0,1,80,4,12,1,6,6151,1,1,0,1,M2565,43.902222,7.253895,12,3,2
202100020616,164Â 774,A01,1,1,2,0,1,-1,-1,0,0,-1,2021,36.0,2,2,2,0,3,0,1,,3,119,-1,,2,2,0,1,13,800,1,, -1,1,0,3,80,7,9,1,11,11018,1,1,0,6,D119,43.209117,2.187352,7,1,1
202100051142,110Â 259,A01,2,2,2,0,1,0,-1,-1, -1,-1,2021,35.0,1,2,4,0,0,0,1,,1,AUTOROUTE A6,0,,3,6,0,1,16,600,2,, -1,1,0,1,110,17,2,3,91,91589,1,1,0,7,AUTOROUTE A6,48.68085,2.33126,22,2,1
202100012371,179Â 603,A01,1,1,1,5,2,6,-1,-1, -1,-1,2021,23.0,1,1,0,2,1,3,1,,1,A4.Y,0,,-1,8,0,1,20,299,1,, -1,1,0,1,110,19,10,1,77,77146,1,1,0,2,A4.Y,48.8316,2.64976,18,2,2
202100025835,155Â 513,B01,1,1,1,5,0,-1,-1,0,0,-1,2021,51.0,1,0,0,2,2,19,3,,4,887,-1,,2,2,0,2,39,100,1,, -1,2,5,1,50,3,8,1,29,29042,2,6,0,3,Boulevard de la France Libre,48.239455,-4.494411,9,2,2
202100051252,110Â 069,D01,1,1,1,5,1,4,-1,-1, -1,-1,2021,47.0,1,2,0,2,1,2,1,,7,Route DÃ©partementale 1083,0,,3,2,0,1,38,750,1,, -1,1,0,1,50,14,2,1,67,67137,1,1,0,4,M83,48.50283,7.69353,16,6,4
202100001707,198Â 737,Z01,10,3,1,9,0,-1,-1,3,3,1,2021,73.0,2,2,0,1,8,1,0,,4,LILAS DES,0,,2,2,1,1,0,0,1,, -1,1,0,1,50,21,12,5,64,64445,2,1,0,6,LILAS DES,43.32005,-0.33961,18,2,1
202100008105,187Â 250,B01,1,1,1,5,1,-1,-1,0,0,-1,2021,21.0,2,2,0,2,1,1,1,,2,2,-1,,2,2,0,1,(1),(1),1,, -1,1,0,1,80,14,11,3,971,97115,1,1,0,1,Lamoisse,16.2780015012,-61.6654014587,0,2,2
202100031077,146Â 192,A01,2,2,2,5,2,8,-1,-1, -1,-1,2021,14.0,2,1,0,0,8,1,1,,4,CARNOT (RUE SADI),0,,2,2,0,2,0,0,1,, -1,2,0,1,50,28,6,1,49,49099,2,1,1,7,CARNOT (RUE SADI),47.0612,-0.87092,18,2,1
202100020235,165Â 466,A01,10,3,1,5,0,-1,-1,2,3,1,2021,43.0,2,2,0,1,2,1,1,,4,DUTREIX (RUE ARMAND),0,,2,2,0,1,0,0,1,, -1,1,0,1,50,6,9,1,87,87085,2,1,0,6,DUTREIX (RUE ARMAND),45.83095,1.2434,15,3,1
202100005127,192Â 615,A01,10,3,1,1,0,-1,-1,5,9,1,2021,55.0,3,4,9,1,2,20,1,,3,909,0,,2,5,3,1,0,0,1,, -1,2,5,3,50,2,12,1,92,92044,2,5,0,6,PABLO NERUDA(STADE)4 NERUDA,48.8935436334,2.2995141149,13,2,1
202100038268,133Â 242,B01,1,1,1,5,2,-1,-1,0,0,-1,2021,26.0,1,1,0,2,4,0,5,,3,39,-1,D,2,2,0,1,5,160,1,, -1,1,0,1,-1,23,5,1,72,72199,1,1,0,3,D39,48.24851,0.06816,14,2,2
202100023785,159Â 108,A01,1,1,1,5,2,-1,-1,0,0,-1,2021,21.0,2,1,6,0,3,2,5,,3,3,-1,,2,2,0,2,19,797,4,, -1,1,0,1,50,17,8,1,6,6038,1,1,0,7,Route de Gourdon,43.683484,6.973121,13,2,2
202100043400,124Â 090,B01,1,1,2,1,1,0,-1,-1, -1,-1,2021,51.0,1,2,0,2,4,2,1,,7,Autoroute A.351,0,,1,3,0,1,1,500,1,, -1,1,2,1,90,19,4,1,67,67482,1,1,0,4,M351,48.58729,7.71379,16,3,3
202100044006,123Â 016,A01,10,3,1,5,0,-1,-1,1,3,1,2021,12.0,3,2,0,1,1,9,1,,4,RUE JACQUES ANQUETIL,0,,2,2,0,1,(1),(1),1,, -1,1,0,1,50,14,4,1,95,95268,2,1,0,6,RUE JACQUES ANQUETIL,48.961928,2.398331,16,2,1
202100050039,112Â 298,A01,1,1,1,1,2,8,-1,-1, -1,-1,2021,36.0,2,1,0,2,1,1,1,,3,BARBEZIEUX (AVENUE DE),0,,2,2,0,1,11,730,2,4,6,1,5,1,50,26,2,2,16,16089,2,6,0,3,Av de Barbezieux,45.681407,-0.32858,8,2,2
202100047604,116Â 662,A01,1,1,1,5,1,5,-1,-1, -1,-1,2021,21.0,2,2,12,9,1,14,1,,3,BLANCHARD,0,,1,2,0,1,(1),(1),3,, -1,1,0,4,30,17,3,1,971,97120,1,9,0,6,BLANCHARD,16.224162563,-61.5266346931,14,4,1
202100044312,122Â 460,B01,1,1,1,0,2,0,-1,-1, -1,-1,2021,29.0,1,1,0,2,1,17,1,,3,CHANZY S3 (BOULEVARD),0,,2,2,0,1,1,0,1,, -1,1,0,1,30,12,4,1,93,93048,2,1,0,3,CHANZY S3 (BOULEVARD),48.8585698151,2.4303220021,17,2,2
202100050359,111Â 683,B01,1,1,2,9,2,0,-1,0,0,-1,2021,32.0,1,1,0,2,4,23,5,,4,RUE JOSEPH DE MAISTRE,0,,2,2,0,2,(1),(1),1,, -1,1,0,1,50,24,2,1,75,75118,2,1,0,2,RUE JOSEPH DE MAISTRE,48.889673,2.331496,8,2,2
202100053262,106Â 528,A01,1,1,1,0,8,0,-1,-1, -1,-1,2021,28.0,2,1,0,2,1,25,5,,3,ALLIES (BD DES),0,,1,2,1,1,0,1,1,, -1,2,9,1,50,28,1,1,94,94022,2,2,1,3,ALLIES (BD DES),48.76624,2.40451,11,2,2
202100021814,162Â 630,A01,1,1,1,5,8,6,-1,-1, -1,-1,2021,53.0,3,1,8,0,1,1,0,,4,CHAMPIGNOL (QU DE),0,,2,1,1,1,1,0,1,, -1,1,6,5,30,26,8,1,94,94068,2,1,0,6,Quai de Champignol,48.809164,2.513482,14,1,1
202100056227,101Â 393,A01,1,1,1,0,1,-1,-1,-1, -1,-1,2021,34.0,1,2,0,2,0,0,1,,2,230,0,,3,6,0,1,42,377,1,, -1,1,0,1,90,5,1,5,33,33013,1,1,0,4,ROUTE NATIONALE 230,44.868492,-0.504497,17,3,3
202100053541,106Â 016,B01,1,1,1,1,9,-1,-1,0,0,-1,2021,23.0,1,1,0,2,1,16,5,,3,93A,0,D,2,2,0,1,(1),(1),4,, -1,2,0,1,50,28,1,2,59,59258,1,1,1,1,rue de la bertellerie,50.540197,3.220475,8,2,2
202100045168,120Â 997,B01,1,1,1,5,1,-1,-1,0,0,-1,2021,48.0,2,2,0,2,1,19,1,,3,CD94,0,,2,2,0,1,10,140,3,, -1,1,0,1,80,3,4,1,82,82136,1,2,1,3,Route de Campsas,43.90468,1.384814,11,3,2
202100015205,174Â 523,B01,1,1,1,1,2,0,-1,-1, -1,-1,2021,33.0,2,1,0,2,3,2,1,,2,118,0,,2,2,0,1,1,0,1,, -1,2,0,2,90,5,10,2,92,92072,1,1,1,3,N118,48.8211533023,2.2194239697,7,2,2
202100030382,147Â 456,A01,1,1,1,5,1,0,-1,0,0,-1,2021,23.0,1,2,2,0,0,0,1,,3,BEAUCAIRE (ROUTE),0,,2,0,0,1,20,0,1,, -1,1,0,1,90,1,7,3,30,30189,1,1,0,6,BEAUCAIRE (ROUTE),43.8338038103,4.4184958935,1,4,1
202100019485,166Â 807,A01,1,1,1,0,8,-1,-1,-1, -1,-1,2021,34.0,2,1,0,0,0,0,1,,4,COURLANCY (RUE DE),0,,2,2,0,1,(1),(1),1,, -1,1,0,1,50,11,9,1,51,51454,2,1,0,6,Rue de Courlancy,49.24315,4.02149,15,2,2
202100030821,146Â 674,B01,1,1,2,0,8,0,-1,-1, -1,-1,2021,66.0,2,2,0,2,4,2,1,,7,OLBIA  (VOIE),0,,1,2,0,1,13,940,1,, -1,1,0,1,50,30,6,1,83,83069,2,1,1,4,OLBIA  (VOIE),43.11569,6.13945,7,3,3
202100052184,108Â 432,A01,1,1,1,4,0,-1,-1,0,0,-1,2021,59.0,2,4,0,0,7,1,1,,1,A4,0,,3,4,0,1,193,568,1,, -1,1,0,3,130,9,2,3,51,51572,1,1,0,7,A4,49.0379237014,4.6284147651,5,1,1
202100020646,164Â 724,A01,1,1,1,4,1,-1,-1,0,0,-1,2021,18.0,1,4,0,2,3,13,1,,3,923,0,D,2,2,0,1,11,838,3,, -1,1,0,1,70,6,9,1,44,44096,1,1,0,1,D923,47.414313,-1.189372,14,2,2
202100038149,133Â 460,B01,1,1,1,1,8,-1,-1,-1, -1,-1,2021,35.0,2,2,0,2,4,2,1,,4,GERLAND (DE)                        (R ),0,,2,2,0,1,(1),(1),1,, -1,1,0,1,50,26,5,1,69,69387,2,1,0,2,GERLAND (DE) (R),45.74247,4.84129,17,2,2
202100047013,117Â 742,B01,1,1,2,1,8,0,-1,-1, -1,-1,2021,20.0,2,2,0,2,1,1,0,,1,A104,0,,-1,2,0,1,16,0,1,, -1,1,0,1,90,23,3,1,77,77514,1,1,0,6,A104,48.93186,2.62813,8,3,3
202100024723,157Â 455,A01,1,1,2,1,2,6,-1,-1, -1,-1,2021,26.0,2,1,0,2,1,3,1,,4,GASQUET (AVE JOSEPH DE 1408 A FIN,0,,2,2,0,1,32,750,1,, -1,1,0,1,50,10,8,1,83,83137,2,4,0,3,GASQUET (AVE JOSEPH DE 1408 A FIN,43.122035,5.973509,8,2,2
202100049627,113Â 034,B01,3,2,2,9,1,8,-1,-1, -1,-1,2021,31.0,1,2,0,2,4,23,1,,3,R D 900,0,,3,2,0,1,4,2480,1,, -1,1,0,1,70,26,2,1,66,66136,1,1,0,4,R D 900,42.68145,2.85703,17,6,4
202100014986,174Â 918,B01,1,1,1,5,2,6,-1,-1, -1,-1,2021,28.0,1,1,0,2,1,1,1,,4,QUINZIEME CORPS (RUE DU),0,,2,2,0,1,(1),0,1,, -1,1,0,1,50,5,10,5,83,83069,2,3,0,1,QUINZIEME CORPS (RUE DU),43.12194,6.14086,21,2,2
202100009444,184Â 818,A01,10,3,2,0,0,-1,-1,2,3,1,2021,21.0,3,2,0,1,2,0,1,,4,MONNET   AVENUE JEAN,0,,2,4,2,1,(1),(1),1,, -1,1,6,1,50,4,11,1,17,17300,2,1,0,6,MONNET   AVENUE JEAN,46.14432,-1.15304,15,2,1
202100007946,187Â 533,E01,1,1,2,1,1,0,-1,-1, -1,-1,2021,59.0,1,2,0,2,0,0,1,,1,AUTOROUTE A1,0,,1,8,0,1,12,0,1,, -1,1,0,1,110,16,11,4,93,93005,1,1,0,5,AUTOROUTE A1,48.9607215909,2.4678989547,20,7,7
202100026117,155Â 011,A01,1,1,1,1,1,0,-1,-1, -1,-1,2021,20.0,1,2,0,2,2,19,1,,2,RN104,0,,1,1,0,1,0,0,1,, -1,1,0,1,90,30,7,1,91,91103,2,4,0,3,CD 133,48.62441,2.29749,14,2,2
202100019631,166Â 550,A01,1,1,1,0,1,8,-1,-1, -1,-1,2021,37.0,1,2,0,2,1,13,1,,3,R.D.20,0,,2,2,0,1,0,0,1,, -1,1,0,1,50,9,9,1,91,91223,2,1,0,1,R.D.20,48.42871,2.15784,14,2,2
202100020329,165Â 298,B01,1,1,1,5,2,0,-1,0,0,-1,2021,19.0,1,1,0,2,1,1,3,,4,QUAI D AUSTERLITZ,0,,2,3,1,2,(1),(1),1,, -1,1,9,1,30,7,9,1,75,75113,2,1,0,3,QUAI D AUSTERLITZ,48.843009,2.36625,19,2,2
202100041998,126Â 552,B01,1,1,2,9,1,8,-1,-1, -1,-1,2021,43.0,3,2,0,2,7,1,6,,9,LALLOUETTE,0,,1,0,0,1,(1),(1),1,, -1,2,9,1,50,26,4,1,973,97302,2,9,1,3,LALLOUETTE,4.9406975962,-52.3293986321,11,2,2
202100002916,196Â 556,A01,1,1,2,1,1,0,0,-1,0,-1,2021,34.0,2,2,0,2,2,1,1,,4,REPUBLIQUE (RUE DE LA) A PARTIR DE NÂ° 20,0,,2,2,0,1,0,0,1,, -1,1,0,1,50,13,12,1,61,61006,2,3,0,3,REPUBLIQUE (RUE DE LA) A PARTIR DE NÂ° 20,48.747039,-0.019366,13,2,2
202100019969,165Â 941,A01,2,2,1,9,1,-1,-1,0,0,-1,2021,23.0,1,2,0,2,3,13,1,,3,6089,-1,,2,2,0,1,(1),(1),1,, -1,2,0,1,90,9,9,2,24,24229,1,1,1,1,14 Avenue de Rispe,45.136923,1.201497,20,4,2
202100030113,147Â 951,B01,1,1,1,1,8,-1,-1,0,0,-1,2021,60.0,2,0,0,2,7,0,3,,3,38,0,D,2,2,0,1,10,310,1,, -1,1,0,1,50,9,7,1,1,1249,2,3,0,3,935 Route de Tramoyes,45.871063,4.923125,11,2,2
202100020307,165Â 338,B01,1,1,2,5,8,0,-1,-1, -1,-1,2021,15.0,2,1,0,2,0,1,3,,4,ROY D'ESPAGNE (CHEMIN),0,,1,1,0,2,0,0,1,, -1,1,0,1,50,7,9,1,13,13209,2,6,0,3,ROY D'ESPAGNE (CHEMIN),43.24167,5.39729,19,2,2
202100016790,171Â 602,B01,1,1,2,9,1,8,-1,-1, -1,-1,2021,69.0,1,2,0,2,6,1,1,,2,ROUTE NATIONALE 1,0,,3,1,0,1,4,0,1,, -1,1,0,1,50,24,9,1,972,97213,1,1,0,2,ROUTE NATIONALE 1,14.61779,-61.00737,8,2,2
202100039173,131Â 600,A01,1,1,1,2,0,-1,-1,0,0,-1,2021,15.0,0,1,0,0,8,2,5,,4,,-1,,1,1,0,1,(1),(1),1,, -1,1,0,1,30,18,5,1,91,91665,2,1,0,7,Rue de Gaillard,48.658619,2.270565,16,1,1
202100050466,111Â 488,B01,1,1,1,0,8,-1,-1,-1, -1,-1,2021,67.0,2,1,0,2,2,1,5,,3,MESTREZAT (BD),0,,2,3,1,1,18,900,2,, -1,1,-1,1,50,23,2,1,33,33009,2,6,1,3,Boulevard Mestrezat,44.65361,-1.14675,8,2,2
202100014630,175Â 563,B01,1,1,2,9,2,0,-1,0,0,-1,2021,40.0,1,1,0,2,1,1,5,,4,AVENUE JEAN JAURES,0,,2,5,1,1,(1),(1),1,, -1,1,0,5,30,7,10,1,75,75119,2,1,0,3,AVENUE JEAN JAURES,48.888656,2.392559,8,2,2
202100010021,183Â 786,A01,1,1,2,0,1,-1,-1,-1, -1,-1,2021,66.0,3,2,15,0,1,1,1,,4,AVE DE CANEJAN,0,,1,1,0,1,(1),(1),1,, -1,1,0,3,50,29,10,1,33,33318,2,1,0,6,Avenue de CanÃ©jan,44.78097,-0.65889,15,1,1