Num_Acc,id_vehicule,num_veh,place,catu,sexe,trajet,secu1,secu2,secu3,locp,actp,etatp,year_acc,victim_age,senc,catv,obs,obsm,choc,manv,motor,occutc,catr,voie,v1,v2,circ,nbv,vosp,prof,pr,pr1,plan,lartpc,larrout,surf,infra,situ,vma,jour,mois,lum,dep,com,agg_,int,atm,col,adr,lat,long,hour,nb_victim,nb_vehicules
202100033718,141Â 493,B01,1,1,1,1,1,-1,-1,0,0,-1,2021,26.0,1,2,0,2,3,1,1,,3,36,-1,D,2,2,0,1,8,542,1,, -1,1,0,1,80,18,6,1,72,72292,1,9,0,3,La Grande Malpougere,48.124965,0.747767,14,2,2
202100011303,181Â 535,A01,1,1,1,0,8,-1,-1,0,0,-1,2021,28.0,2,2,2,0,9,13,1,,2,165,0,N,1,1,0,1,2,900,3,, -1,1,3,3,70,25,10,1,29,29234,1,1,0,6,Lieu Dit Kerfleury,47.844083,-3.50215,17,1,1
202100043251,124Â 350,A01,1,1,1,5,2,6,-1,0,0,-1,2021,16.0,3,1,0,2,1,1,1,,4,,0,,2,2,0,1,(1),(1),3,, -1,1,0,1,90,21,2,1,3,3082,1,2,0,3,Rue de PÃ¨re Mathieu,46.2688338272,2.7319324116,11,6,2
202100056347,101Â 180,A01,2,2,1,5,8,0,-1,-1, -1,-1,2021,20.0,2,2,8,0,1,0,1,,4,PIERRE BROSSOLETTE (R),0,,2,2,0,1,0,0,1,, -1,2,0,4,50,3,1,5,94,94053,2,1,1,6,PIERRE BROSSOLETTE (R),48.77629,2.54611,19,2,1
202100037471,134Â 689,A01,1,1,1,5,2,6,-1,0,0,-1,2021,69.0,2,1,0,0,0,1,1,,3,17,-1,,2,2,0,1,6,700,4,, -1,1,0,8,80,30,5,1,28,28012,1,1,0,7,Rue de Courtalain,48.10665,1.174335,15,1,1
202100010309,183Â 277,B01,1,1,1,9,2,0,-1,-1, -1,-1,2021,50.0,1,1,0,2,7,26,1,,4,CHAMPS RUE DES,0,,3,2,0,1,1,0,1,, -1,1,0,1,50,29,10,1,49,49015,2,2,0,3,CHAMPS RUE DES,47.49702,-0.58908,17,3,2
202100055758,102Â 198,A01,1,1,1,1,2,8,-1,-1, -1,-1,2021,23.0,1,1,0,2,1,2,1,,4,AV RENE MORIN,0,,2,2,0,1,0,0,1,, -1,1,0,1,50,8,1,2,91,91432,2,1,0,2,AV RENE MORIN,48.693749,2.324039,7,2,2
202100028741,150Â 352,A01,9,2,1,5,1,-1,-1,0,0,-1,2021,38.0,1,2,13,0,2,14,1,,3,739,0,D,2,2,0,4,16,615,1,0,6,1,0,3,80,16,7,1,16,16068,1,1,0,6,Lieu-Dit Les Pins,45.892323,0.340812,18,4,1
202100031197,145Â 973,A01,10,3,2,9,0,-1,-1,4,3,1,2021,45.0,2,2,0,1,5,4,1,,4,RUE DE TOLBIAC,0,,2,3,0,2,(1),(1),1,, -1,1,0,1,50,3,7,1,75,75113,2,2,0,6,RUE DE TOLBIAC,48.828472,2.372962,11,2,1
202100004266,194Â 131,A01,1,1,2,0,1,-1,-1,-1, -1,-1,2021,63.0,2,2,1,0,2,1,1,,4,RUE DU JARD,0,,2,2,2,1,(1),(1),1,, -1,1,0,1,30,6,12,1,33,33281,2,1,0,6,Rue du Jard,44.85098,-0.63744,11,1,1
202100006317,190Â 494,B01,1,1,1,4,2,6,-1,-1, -1,-1,2021,27.0,3,1,3,2,2,1,1,,4,,0,,2,0,0,1,0,0,1,, -1,2,0,1,30,25,11,5,92,92023,2,1,1,3,CONDORCET (RUE),48.8102389764,2.2679713368,20,2,2
202100042638,125Â 416,A01,1,1,1,5,2,6,-1,0,0,-1,2021,15.0,1,1,0,0,0,21,1,,3,944,-1,,2,2,0,2,9,444,2,, -1,1,0,3,90,25,4,1,5,5056,1,1,0,7,D944,44.635101,6.136208,12,2,2
202100042099,126Â 378,B01,1,1,1,5,0,-1,-1,0,0,-1,2021,80.0,1,1,0,2,1,1,5,,3,752,-1,D,2,2,0,1,0,0,1,, -1,1,0,1,50,28,4,1,44,44213,2,2,0,2,Place Jeanne d'Arc,47.38485,-1.029153,15,2,2
202100047709,116Â 467,B01,1,1,1,0,2,8,-1,-1, -1,-1,2021,24.0,3,1,0,2,3,1,5,,4,IRENE JOLIOT CURIE                  (BD),0,,1,1,2,1,(1),(1),3,, -1,1,-1,5,50,8,3,5,69,69259,2,9,0,3,IRENE JOLIOT CURIE                  (BD),45.71709,4.87748,18,2,2
202100054176,104Â 904,B01,1,1,1,1,1,0,-1,-1,0,-1,2021,31.0,1,5,0,2,5,1,1,,1,1,0,,3,7,0,1,21,900,1,, -1,2,0,1,110,21,1,3,95,95212,1,1,1,4, A1,49.03017,2.53889,17,5,5
202100043190,124Â 460,B01,1,1,1,5,8,8,-1,0,0,-1,2021,46.0,0,1,0,2,6,1,6,,7,POMPIDOU (BD GEORGES),0,,1,3,0,1,(1),(1),1,, -1,1,0,1,50,21,4,1,6,6088,2,9,0,3,POMPIDOU (BD GEORGES),43.66778,7.20427,16,2,2
202100023046,160Â 427,A01,1,1,1,0,8,0,-1,-1, -1,-1,2021,17.0,1,1,0,2,1,19,3,,4,FLANDRES/DUNKERQUE (CARREFOUR),0,,2,2,0,1,0,0,1,, -1,1,0,1,50,23,7,1,66,66136,2,1,0,3,FLANDRES/DUNKERQUE (CARREFOUR),42.68666,2.9072,21,2,2
202100046358,118Â 904,B01,1,1,1,0,2,6,-1,-1, -1,-1,2021,52.0,1,1,0,2,2,1,1,,4,ROMAIN ROLLAND (BOULEVARD),0,,2,4,0,1,(1),(1),1,, -1,1,0,1,50,27,3,1,13,13209,2,1,0,3,ROMAIN ROLLAND (BOULEVARD),43.268879699,5.4041480954,10,2,2
202100019346,167Â 051,A01,1,1,2,5,1,5,-1,0,0,-1,2021,28.0,0,2,0,2,7,1,1,,4,POLITZER (RUE GEORGES),0,,2,8,1,1,(1),(1),1,, -1,1,0,1,50,12,9,1,27,27229,2,2,0,3,POLITZER (RUE GEORGES),49.00625,1.14483,7,2,2
202100005294,192Â 324,A01,10,3,2,0,0,-1,-1,4,3,1,2021,71.0,0,2,0,1,8,15,1,,4,,0,,2,2,0,1,(1),(1),1,, -1,2,0,1,50,1,12,1,51,51454,2,2,1,7,Avenue Jean JaurÃ¨s,49.26168,4.05104,15,2,1
202100003992,194Â 612,A01,1,1,1,0,1,-1,-1,-1, -1,-1,2021,24.0,1,2,0,5,1,1,1,,3,D 1555(SORTIE VILLAGE VERS DRAGUIGNAN),0,,3,4,0,1,7,790,1,, -1,1,0,1,90,6,12,3,83,83141,1,1,0,1,D 1555(SORTIE VILLAGE VERS DRAGUIGNAN),43.48907,6.50744,21,2,2
202100016848,171Â 504,A01,1,1,2,9,1,-1,-1,-1, -1,-1,2021,26.0,1,2,0,2,3,1,1,,4,FOCH. RUE DU MARECHAL,0,,2,2,0,1,0,0,1,, -1,1,5,1,50,23,9,1,76,76561,2,6,0,3,FOCH. RUE DU MARECHAL,49.30137,1.02303,13,2,2
202100055197,103Â 152,B01,1,1,2,1,1,0,-1,-1, -1,-1,2021,28.0,1,2,0,2,4,2,1,,4,GEORGES POMPIDOU (RUE),0,,1,3,0,1,(1),(1),1,, -1,2,5,1,50,12,1,5,10,10387,2,1,1,2,GEORGES POMPIDOU (RUE),48.29663,4.0945,18,2,2
202100039494,131Â 010,B01,1,1,1,5,0,-1,-1,0,0,-1,2021,21.0,1,1,0,2,1,5,1,,2,2006,0,N,2,2,0,2,6,800,3,, -1,1,0,1,70,17,5,5,972,97210,1,1,0,1,Morne Pitault,14.600798,-60.935647,23,2,2
202100044388,122Â 334,A01,1,1,1,1,2,6,-1,0,0,-1,2021,27.0,2,1,0,2,1,17,1,,7,612,0,D,2,2,0,1,2,118,1,, -1,1,0,1,70,31,3,1,34,34270,2,1,0,3,2121 Route de Sete,43.564685,3.850204,16,2,2
202100033112,142Â 564,A01,1,1,1,5,1,-1,-1,0,0,-1,2021,86.0,1,2,0,0,4,1,1,,2,165,-1,,3,4,0,1,13,200,1,, -1,1,0,1,110,21,6,1,56,56004,1,1,0,2,N165 sens Nantes/Brest,47.536558,-2.400159,18,2,2
202100055358,102Â 886,B01,1,1,1,9,2,6,-1,0,0,-1,2021,21.0,2,1,0,2,3,1,1,,4,BOULEVARD PONIATOWSKI,0,,1,2,0,1,(1),(1),1,, -1,2,0,1,50,12,1,1,75,75112,2,7,1,3,BOULEVARD PONIATOWSKI,48.833345,2.402269,10,2,2
202100042562,125Â 548,B01,1,1,2,5,1,0,-1,-1, -1,-1,2021,26.0,1,2,0,0,4,1,1,,1,A507 sens Aubagne- Marseille,0,,1,3,0,1,6,0,1,, -1,1,0,1,70,26,4,1,13,13055,2,1,0,2,A507 sens Aubagne- Marseille,43.3123710575,5.4243680835,15,2,2
202100034518,140Â 027,A01,1,1,1,5,2,-1,-1,0,0,-1,2021,33.0,2,1,2,0,8,1,1,,7,10,-1,,-1,2,0,2,67,600,2,,5,1,0,1,80,14,6,1,13,13111,1,1,1,7,d10,43.551145,5.659504,17,1,1
202100025824,155Â 530,A01,1,1,2,1,1,-1,-1,0,0,-1,2021,23.0,2,2,3,0,3,0,1,,2,4,0,,3,4,0,2,28,600,1,, -1,2,0,1,110,3,8,1,57,57114,1,1,1,6,PR 28+600 nationale 4 sens Phalsbourg / Nancy,48.75386,7.178439,8,1,1
202100041899,126Â 725,A01,1,1,1,0,2,6,-1,-1, -1,-1,2021,45.0,2,1,0,0,1,16,1,,3,BELGES (AV. DES),0,,2,2,0,1,1,810,1,, -1,2,0,1,50,28,4,1,43,43157,2,4,1,7,REPUBLIQUE (BD DE LA),45.0465,3.89209,8,1,1
202100001212,199Â 605,A01,1,1,1,4,2,0,-1,-1, -1,-1,2021,22.0,1,1,0,0,0,21,3,,3,RIMINI (PL DE),0,,4,2,0,1,0,0,2,, -1,2,5,1,30,27,12,1,94,94068,2,7,1,7,RIMINI (PL DE),48.7941,2.49621,14,1,1
202100013012,178Â 488,B01,2,2,2,0,1,0,-1,-1, -1,-1,2021,87.0,1,2,0,2,4,2,1,,1,A13,0,,3,2,0,1,16,899,1,, -1,1,0,1,110,16,10,1,78,78455,1,1,0,2,A13,48.858978,2.05078,11,3,2
202100002207,197Â 848,A01,10,3,2,5,0,-1,-1,3,3,1,2021,68.0,1,2,0,1,1,1,1,,3,927,-1,,2,2,0,1,1,500,1,, -1,1,6,1,50,20,12,1,9,9282,2,1,0,6,Route de Toulouse,43.239134,1.572901,11,2,1
202100000724,200Â 414,A01,10,3,1,0,0,-1,-1,3,3,1,2021,55.0,1,2,0,2,1,15,2,,4,convalescence/vetivers-Vetiver ( rue ),0,,2,4,0,1,2,0,2,, -1,1,0,1,50,30,12,5,976,97611,2,3,0,6,convalescence/vetivers-Vetiver ( rue ),-12.78109,45.22576,18,2,1
202100038704,132Â 452,A01,1,1,1,0,2,6,9,0,0,-1,2021,27.0,1,1,6,0,1,1,1,,7,,-1,,2,2,0,1,10,750,2,, -1,1,0,1,70,22,5,1,6,6157,1,1,0,7,3317 Route de Saint-jeannet,43.748159,7.130126,16,1,1
202100038787,132Â 284,A01,1,1,1,0,2,6,-1,-1, -1,-1,2021,31.0,2,1,12,0,1,0,1,,3,QU DE BERCY,0,,1,2,0,1,1,0,2,, -1,1,0,1,50,21,5,5,94,94018,2,9,0,6,Quai de Bercy,48.82248,2.39772,23,1,1
202100042565,125Â 543,A01,1,1,1,0,2,6,-1,-1, -1,-1,2021,63.0,2,1,3,0,9,2,1,,7,ROUTE NATIONALE 356,0,,3,4,0,1,7,59,1,, -1,1,0,1,90,24,4,1,59,59646,1,1,0,6,ROUTE NATIONALE 356,50.683163,3.13196,18,1,1
202100024962,157Â 043,A01,1,1,1,0,1,-1,-1,0,0,-1,2021,79.0,1,2,0,2,3,1,1,,3,41,-1,,2,2,0,1,5,578,3,, -1,2,0,1,80,10,8,1,77,77273,1,1,1,1,Route dÃ©partementale 41,49.048684,2.762761,8,2,2
202100035556,138Â 156,A01,10,3,2,5,0,-1,-1,3,3,1,2021,64.0,1,4,0,1,2,1,1,,3,LOUIS BLANC (AV),0,,2,2,0,1,1,0,1,, -1,1,0,1,30,8,6,1,94,94068,2,2,0,6,Avenue Louis Blanc,48.796227,2.500311,16,2,1
202100016439,172Â 246,A01,1,1,1,0,1,0,-1,-1, -1,-1,2021,27.0,2,5,0,2,4,1,1,,4,RAVIER (RUE),0,,2,2,0,1,0,1,1,, -1,2,0,1,50,30,4,1,74,74008,2,1,1,2,RAVIER (RUE),46.20056,6.23025,10,2,2
202100030246,147Â 701,A01,10,3,1,9,0,-1,-1,5,3,2,2021,2.0,1,2,0,1,0,1,1,,4,FORT (ALLEE DU),0,,1,1,0,1,1,0,1,, -1,2,0,1,30,7,7,1,93,93051,2,9,1,6,AllÃ©e du Fort,48.831412,2.558873,16,5,1
202100028489,150Â 793,B01,1,1,1,9,2,8,-1,0,0,-1,2021,41.0,1,1,0,2,1,1,1,,3,LIBERTE AV.DE LA,0,,2,2,0,1,19,260,1,, -1,1,0,1,50,17,7,1,6,6155,2,3,0,1,LIBERTE AV.DE LA,43.572249,7.084288,10,2,2
202100011699,180Â 821,A01,1,1,1,0,2,-1,-1,0,0,-1,2021,50.0,3,1,14,0,1,1,1,,4,,0,,2,2,0,1,(1),(1),1,,4,1,0,1,90,21,10,3,41,41059,1,1,0,6,route de Seur,47.496778,1.336491,21,1,1
202100031155,146Â 044,B01,1,1,2,1,1,0,-1,0,0,-1,2021,21.0,3,2,0,2,3,1,1,,4,POIRIER (RUE DU ),0,,2,2,0,1,1,0,1,, -1,1,0,1,50,30,6,1,14,14137,2,2,0,3,Rue du Poirier,49.19292,-0.44696,18,2,2
202100002756,196Â 841,B01,1,1,2,1,0,-1,-1,-1, -1,-1,2021,22.0,1,1,0,2,1,15,5,,2,,-1,,1,1,-1,2,52,350,2,, -1,2,0,1,50,3,12,5,48,48095,2,6,0,3,ROND POINT DES CASERNES,44.51808,3.49144,18,2,2
202100037010,135Â 546,A01,10,3,1,0,0,-1,-1,1,3,1,2021,10.0,2,2,0,1,8,2,1,,4,LOUISVILLE (AVENUE DE),0,,2,2,0,1,(1),(1),1,, -1,1,0,1,50,31,5,1,34,34172,2,1,0,6,LOUISVILLE (AVENUE DE),43.62253,3.81544,18,2,1
202100056242,101Â 364,A01,1,1,1,5,2,0,0,-1,0,-1,2021,20.0,3,1,12,0,1,19,1,,4,,0,,2,2,0,1,(1),(1),1,, -1,1,5,3,50,1,1,3,85,85194,2,2,0,7,Avenue Louis Breguet,46.48948,-1.7323,2,1,1
202100025274,156Â 476,A01,1,1,1,1,2,0,-1,-1, -1,-1,2021,18.0,1,1,0,2,1,2,1,,3,NAVARRE (AVENUE HENRI DE),0,,2,2,0,1,85,660,1,, -1,1,0,1,50,5,8,1,64,64102,2,1,0,2,NAVARRE AVENUE HENRI DE),43.5085550102,-1.4440798759,19,2,2
202100011723,180Â 774,A01,1,1,1,5,8,-1,-1,0,0,-1,2021,15.0,1,2,15,0,9,13,1,,3,14,0,,2,2,0,1,21,280,1,, -1,1,0,3,70,21,8,3,45,45335,1,1,0,6,D14-PR 21 + 280,47.805027,2.109461,0,3,1
202100052918,107Â 131,B01,1,1,1,3,2,6,-1,-1, -1,-1,2021,34.0,1,1,0,2,0,0,0,,4,MAHIEU (AV),0,,2,1,0,1,1,0,1,, -1,1,0,1,50,28,1,1,94,94068,2,3,0,3,MAHIEU (AV),48.808696,2.479597,12,2,2
202100025045,156Â 889,B01,2,2,1,0,1,5,-1,0,0,-1,2021,67.0,2,2,0,2,2,1,2,,3,923,0,D,2,2,0,1,20,100,1,, -1,2,0,1,80,7,8,1,44,44096,1,1,1,1,D923,47.429611,-1.186244,13,3,2
202100029032,149Â 838,A01,10,3,2,5,0,-1,-1,9,6,1,2021,89.0,3,2,0,1,6,20,1,,6,,-1,,-1,-1,0,1,(1),(1),1,,4,1,0,1,30,13,7,1,6,6079,2,9,0,6,Place du Souvenir FranÃ§ais,43.555364,6.937287,9,2,1
202100027572,152Â 438,A01,1,1,1,5,8,0,-1,0,0,-1,2021,24.0,3,1,0,2,3,19,3,,4,BOULEVARD POISSONNIERE,0,,2,5,3,1,(1),(1),1,, -1,1,0,1,30,22,7,1,75,75109,2,2,0,3,BOULEVARD POISSONNIERE,48.871501,2.343064,6,2,2
202100044240,122Â 589,A01,1,1,2,0,1,8,-1,-1, -1,-1,2021,27.0,1,2,4,0,2,1,1,,1,AUTOROUTE A1,0,,1,1,0,1,6,800,3,, -1,2,0,1,70,12,4,1,972,97213,1,1,1,6,AUTOROUTE A1,14.5982716861,-60.9989976885,16,1,1
202100038375,133Â 044,A01,10,3,2,2,0,-1,-1,3,3,2,2021,13.0,1,2,0,1,3,1,0,,7,CASTRES (AV DE) DU 58AU 275,0,,2,2,0,2,2,715,1,, -1,1,0,1,50,25,5,1,31,31555,2,1,0,6,CASTRES (AV DE) DU 58AU 275,43.59516,1.4873,11,2,1
202100056068,101Â 664,B01,1,1,1,1,2,6,-1,0,0,-1,2021,51.0,3,1,0,2,3,1,1,,4,AVENUE DE LA PORTE DE CHATILLON,0,,2,7,0,1,(1),(1),1,, -1,1,0,1,50,6,1,5,75,75114,2,2,0,5,AVENUE DE LA PORTE DE CHATILLON,48.822328,2.314234,7,3,3
202100001576,198Â 995,B01,1,1,2,1,1,0,-1,-1, -1,-1,2021,59.0,1,2,0,2,4,0,1,,1,AUTOROUTE A1,0,,1,6,0,1,1,0,1,, -1,1,0,1,90,23,12,1,972,97213,1,1,0,2,AUTOROUTE A1,14.61605,-61.01548,12,2,2
202100026495,154Â 340,B01,1,1,1,1,2,6,-1,0,0,-1,2021,28.0,1,1,0,2,4,2,1,,4,RUE BELGRAND,0,,1,2,0,1,(1),(1),1,, -1,2,0,1,50,28,7,5,75,75120,2,2,1,2,RUE BELGRAND,48.864801,2.40131,2,2,2
202100025158,156Â 684,B01,1,1,1,4,2,8,-1,-1, -1,-1,2021,36.0,1,1,0,2,1,17,1,,4,,0,,2,1,0,1,0,0,1,, -1,1,0,1,50,7,8,2,92,92050,2,4,0,3,ONZE NOVEMBRE RUE DU,48.9068743858,2.2186106443,20,2,2
202100031496,145Â 457,A01,1,1,1,5,2,6,9,0,0,-1,2021,21.0,1,1,15,0,1,17,1,,2,5,0,N,2,1,0,1,19,0,1,, -1,1,0,1,80,2,7,1,971,97116,1,4,0,3,Route du 13 Fevrier 1952,16.323661,-61.413429,12,2,2
202100032254,144Â 109,A01,1,1,1,5,2,6,-1,-1, -1,-1,2021,22.0,3,1,4,0,1,16,1,,4,ANDRE BOULLOCHE                     (BD),0,,2,2,0,1,(1),(1),3,, -1,1,9,1,50,25,6,5,69,69290,2,9,0,7,ANDRE BOULLOCHE                     (BD),45.7203370433,4.9232947826,22,1,1
202100020743,164Â 553,A01,2,2,1,1,1,-1,-1,0,0,-1,2021,46.0,1,2,0,2,2,1,1,,2,12,0,N,3,4,0,1,89,400,1,, -1,1,0,1,110,6,9,1,22,22070,1,1,0,4,RN12 PR 89+400,48.549186,-3.150437,8,4,3
202100031935,144Â 661,A01,1,1,1,3,1,-1,-1,0,0,-1,2021,50.0,1,2,13,0,8,1,1,,3,21,0,,2,2,0,4,6,500,3,, -1,2,0,3,80,27,6,1,27,27096,1,1,0,7,DÃ©partementale 21,48.886857,0.670509,19,1,1
202100046592,118Â 485,B01,1,1,1,5,1,8,-1,-1, -1,-1,2021,68.0,1,2,0,2,8,1,1,,4,ECUREUILS DES,0,,2,2,0,1,0,0,1,, -1,1,9,1,50,25,3,1,64,64445,2,2,0,3,JEAN MERMOZ,43.32083,-0.37906,17,2,2
202100030934,146Â 466,A01,2,2,2,5,1,-1,-1,0,0,-1,2021,92.0,1,2,4,2,9,1,1,,1,7,0,,1,4,0,1,71,74,1,, -1,1,0,1,130,5,7,1,26,26362,1,1,0,4,Autoroute du Soleil,44.927003,4.880531,7,6,3
202100046194,119Â 199,B01,1,1,1,0,1,-1,-1,0,0,-1,2021,53.0,1,5,15,0,5,15,1,,3,8,0,D,2,2,0,2,(1),(1),3,, -1,1,0,1,80,29,3,1,22,22067,1,3,0,3,Pont Caffin,48.532166,-3.165457,17,2,2
202100023992,158Â 753,B01,1,1,1,0,2,0,-1,-1, -1,-1,2021,37.0,1,1,12,2,3,1,1,,2,11 - RT,0,,2,3,0,2,1,0,1,, -1,1,1,1,50,15,8,1,202,202033,2,1,0,2,11 - RT,42.67774,9.44492,18,2,2
202100007024,189Â 204,B01,1,1,2,1,1,0,-1,-1, -1,-1,2021,29.0,1,2,0,2,5,2,1,,7,D980,0,,3,2,0,1,1,14,1,, -1,1,3,1,90,19,11,2,31,31555,1,1,0,4,D980,43.6055929371,1.3678085804,7,3,3
202100004673,193Â 423,A01,1,1,2,1,1,8,-1,-1, -1,-1,2021,69.0,1,2,0,2,1,13,1,,4,MIRZA (ROND-POINT),0,,2,2,0,1,(1),(1),3,, -1,2,0,1,50,3,12,2,973,97302,2,6,1,1,MIRZA (ROND-POINT),4.93232,-52.32602,17,2,2
202100016098,172Â 864,A01,1,1,1,4,2,0,-1,-1, -1,-1,2021,23.0,1,1,0,0,1,1,1,,4,voie expresse MAYOL,0,,1,1,0,1,0,0,2,, -1,9,0,1,50,29,9,1,83,83137,2,1,0,7,Voie TessÃ© Roosevelt,43.12156,5.93835,17,1,1
202100012480,179Â 399,C01,1,1,1,9,2,0,-1,0,0,-1,2021,40.0,1,0,0,2,8,1,3,,4,PLACE DE LA CHAPELLE,0,,1,1,0,1,(1),(1),1,, -1,1,0,1,30,18,10,1,75,75118,2,7,0,4,PLACE DE LA CHAPELLE,48.884826,2.358444,11,3,3
202100049164,113Â 875,C01,1,1,2,5,1,-1,-1,0,0,-1,2021,29.0,2,2,0,2,1,1,1,,2,102,0,A,2,2,0,1,47,500,3,, -1,2,0,1,80,5,3,1,43,43095,1,1,1,5,RN 102,45.150995,3.6569,13,4,3
202100048750,114Â 623,A01,1,1,1,5,0,-1,-1,0,0,-1,2021,16.0,3,1,0,0,0,0,5,,4,,0,,2,1,0,2,(1),(1),1,, -1,1,0,6,30,10,3,1,1,1262,2,1,0,7,Rue des Ecorchats,45.853326,5.053085,14,1,1
202100033081,142Â 612,B01,1,1,1,9,2,0,-1,0,0,-1,2021,40.0,1,1,0,2,4,23,1,,4,RUE MARX DORMOY,0,,2,4,0,1,(1),(1),1,, -1,1,0,1,50,21,6,1,75,75118,2,1,0,2,RUE MARX DORMOY,48.88944,2.359922,12,2,2
202100055432,102Â 767,A01,1,1,1,0,2,6,-1,-1, -1,-1,2021,24.0,1,1,14,0,0,26,1,,2,tsoundzou-Mariage (place -tsoundzou 2),0,,2,0,0,1,5,380,1,, -1,1,0,1,50,11,1,1,976,97611,2,1,0,7,tsoundzou-Mariage (place -tsoundzou 2),-12.80943,45.20331,14,1,1
202100030131,147Â 919,A01,1,1,2,4,1,8,-1,-1, -1,-1,2021,71.0,2,2,5,2,1,13,1,,1,14,0,,1,4,0,1,2,0,1,, -1,1,1,1,70,8,7,5,92,92050,1,1,0,6,A14,48.894937158,2.2282637291,12,2,2
202100007655,188Â 067,B01,1,1,1,5,2,6,-1,0,0,-1,2021,29.0,2,1,0,2,4,2,1,,4,AVENUE DES CHAMPS ELYSEES,0,,2,10,0,1,(1),(1),1,, -1,1,0,1,30,16,11,1,75,75108,2,3,0,2,AVENUE DES CHAMPS ELYSEES,48.86705,2.316086,12,2,2
202100028557,150Â 674,B01,1,1,1,5,0,-1,-1,0,0,-1,2021,69.0,0,1,0,2,2,1,5,,4,,0,,2,2,0,1,(1),(1),1,,4,1,0,5,40,12,7,1,67,67471,2,2,0,3,6 Rue des Vosges,48.632313,7.748516,18,3,2
202100001764,198Â 638,A01,10,3,1,0,0,-1,-1,1,3,1,2021,86.0,2,2,0,1,2,1,1,,3,1,0,,1,2,0,1,0,0,1,, -1,1,0,1,50,22,12,5,92,92012,2,1,0,6,ALPHONSE LE GALLO (QUAI) 1/34,48.83378,2.22668,18,2,1
202100052467,107Â 931,B01,1,1,1,0,8,0,-1,-1, -1,-1,2021,30.0,2,1,0,2,4,1,0,,4,R DE L ECLUSE,0,,-1,6,0,2,1,0,1,, -1,1,2,3,50,5,2,1,94,94028,2,1,0,1,ECLUSE (Rue de l'),48.799184,2.468913,9,2,2
202100038201,133Â 361,B01,2,2,2,0,1,8,-1,0,0,-1,2021,0.0,1,2,0,2,4,2,1,,4,Cours Jacquin,0,,2,3,1,1,(1),(1),1,, -1,2,0,1,50,26,5,1,10,10387,2,1,1,2,JACQUIN (RUE),48.30396,4.08061,9,3,2
202100031273,145Â 842,A01,1,1,1,0,1,-1,-1,0,0,-1,2021,51.0,1,2,0,2,7,13,1,,3,1082,-1,,2,2,0,2,5,900,4,, -1,2,0,1,80,4,7,1,42,42202,1,1,1,3,2170 Route de Feurs,45.728584,4.317133,10,2,2
202100024786,157Â 345,A01,1,1,2,9,1,-1,-1,0,0,-1,2021,47.0,1,2,16,0,9,1,1,,3,275,0,,2,2,0,1,8,325,3,, -1,1,0,3,80,11,8,3,64,64367,1,1,0,7,20 Route de Loubieng,43.433994,-0.69841,0,1,1
202100004444,193Â 819,B01,1,1,2,5,1,-1,-1,0,0,-1,2021,22.0,2,2,0,2,8,0,1,,3,40,-1,,2,2,0,1,(1),(1),3,, -1,1,0,1,80,29,8,1,29,29216,1,4,0,1,Penn Alee,47.975731,-4.227591,19,2,2
202100006171,190Â 780,A01,10,3,1,3,0,-1,-1,2,3,1,2021,15.0,2,2,0,1,2,1,1,,4,,-1,,2,2,0,1,(1),(1),1,,"5,5",1,0,1,50,26,11,4,71,71176,2,1,0,6,21 Avenue du General de Gaulle,46.48171,3.983177,18,2,1
202100051790,109Â 125,A01,1,1,1,0,1,8,-1,-1, -1,-1,2021,23.0,2,2,2,0,1,1,1,,4,JARDINS SAINT-JACQUES (CHEMIN DES)(CR18),0,,2,1,0,1,(1),(1),4,, -1,1,0,8,50,9,2,3,66,66136,1,1,0,6,JARDINS SAINT-JACQUES (CHEMIN DES)(CR18),42.70669,2.92913,22,1,1
202100003125,196Â 181,B01,1,1,1,2,2,8,-1,-1, -1,-1,2021,15.0,2,1,0,2,1,1,3,,4,JEAN JAURES,0,,2,2,2,1,(1),(1),1,, -1,1,0,1,50,13,12,1,37,37122,2,3,0,3,JEAN JAURES,47.3502107355,0.6731057167,9,2,2
202100019705,166Â 422,B01,1,1,1,9,8,0,-1,-1, -1,-1,2021,23.0,3,1,0,2,1,9,5,,4,MARECHAL DE LATTRE DE TASSIGNY  ROND POI,0,,4,1,0,1,0,0,4,, -1,1,0,1,50,10,9,5,13,13063,2,6,0,3,MARECHAL DE LATTRE DE TASSIGNY  ROND POI,43.58761,5.00266,20,3,2
202100029333,149Â 331,A01,1,1,1,9,8,0,-1,0,0,-1,2021,57.0,1,1,0,0,8,21,5,,4,PLACE DE LA REPUBLIQUE,0,,2,7,0,1,(1),(1),1,, -1,2,0,1,50,12,7,1,75,75103,2,7,0,7,PLACE DE LA REPUBLIQUE,48.867331,2.363346,15,1,1
202100031531,145Â 401,A01,1,1,2,9,1,8,-1,-1, -1,-1,2021,31.0,2,2,0,2,4,2,1,,1,A507 sens Aubagne- Marseille,0,,1,2,0,1,3,99,1,, -1,1,0,1,70,30,6,1,13,13055,1,1,0,2,A507 sens Aubagne- Marseille,43.33006,5.40335,9,2,2
202100037446,134Â 724,A01,1,1,1,5,2,8,-1,0,0,-1,2021,29.0,3,1,0,2,1,2,5,,4,PONT D IENA,0,,2,8,1,1,(1),(1),1,, -1,1,2,1,50,30,5,1,75,75116,2,7,0,3,PONT D IENA,48.860389,2.291258,12,2,2
202100033699,141Â 528,A01,2,2,1,5,8,-1,-1,0,0,-1,2021,19.0,1,2,0,0,0,1,1,,3,72,-1,,2,2,0,1,34,900,3,, -1,1,0,3,80,18,6,3,62,62221,1,1,0,7,Route dÃ©partementale 72,50.384402,2.491901,22,2,1