Num_Acc,id_vehicule,num_veh,place,catu,sexe,trajet,secu1,secu2,secu3,locp,actp,etatp,year_acc,victim_age,senc,catv,obs,obsm,choc,manv,motor,occutc,catr,voie,v1,v2,circ,nbv,vosp,prof,pr,pr1,plan,lartpc,larrout,surf,infra,situ,vma,jour,mois,lum,dep,com,agg_,int,atm,col,adr,lat,long,hour,nb_victim,nb_vehicules
202100047380,117Â 081,B01,1,1,1,9,1,0,-1,0,0,-1,2021,55.0,2,2,0,2,5,1,1,,3,GENERAL LECLERC (RUE DU),0,,2,2,0,1,2,500,1,, -1,1,0,1,50,18,3,1,10,10362,2,3,0,3,GENERAL LECLERC (RUE DU),48.29239,4.04296,17,2,2
202100043189,124Â 461,A01,10,3,1,3,0,-1,-1,4,3,1,2021,80.0,3,2,0,1,1,15,0,,3,FRANCE (AVENUE ANATOLE),0,,2,2,0,1,0,0,1,, -1,1,9,1,50,18,4,1,11,11262,2,2,0,6,FRANCE (AVENUE ANATOLE),43.18551,2.99352,17,2,1
202100046797,118Â 125,B01,1,1,1,5,2,6,-1,-1, -1,-1,2021,38.0,1,1,0,2,8,15,1,,4,POINCARE (AV),0,,1,1,0,1,0,1,1,, -1,1,0,1,30,24,3,1,94,94077,2,1,0,3,POINCARE (AV),48.7344,2.41946,17,2,2
202100056247,101Â 352,B01,1,1,1,1,2,-1,-1,0,0,-1,2021,29.0,1,1,0,2,1,1,1,,2,JAURES (AVE JEAN),0,,2,2,0,1,20,20,1,, -1,1,0,1,50,4,1,1,65,65047,2,2,0,3,JAURES (AVE JEAN),43.2332390995,0.0919649005,13,2,2
202100046348,118Â 925,B01,2,2,1,9,1,0,-1,-1, -1,-1,2021,80.0,2,2,0,2,2,1,1,,4,GASTON PHOEBUS,0,,1,1,0,1,0,0,1,, -1,1,0,1,50,27,3,1,64,64445,2,2,0,3,GASTON PHOEBUS,43.30225,-0.37767,16,3,2
202100037930,133Â 868,A01,1,1,1,5,1,-1,-1,0,0,-1,2021,49.0,1,2,0,2,3,15,1,,3,161,0,,2,2,0,1,12,500,1,, -1,1,5,1,90,28,5,1,3,3054,1,3,0,3,Route dÃ©partementale 53,46.492365,3.516569,15,2,2
202100031731,145Â 041,B01,1,1,1,9,1,0,-1,0,0,-1,2021,46.0,1,2,0,2,4,2,1,,4,RUE DES PLANTES,0,,1,1,0,1,(1),(1),1,, -1,2,0,1,50,29,6,1,75,75114,2,2,1,4,RUE DES PLANTES,48.829302,2.322665,16,5,4
202100016720,171Â 737,A01,9,2,1,0,1,-1,-1,0,0,-1,2021,11.0,1,2,2,0,1,17,1,,3,985,0,D,2,2,0,2,15,50,1,, -1,9,0,3,50,25,9,1,58,58224,1,1,0,7,Le Poteau,47.313777,3.668329,17,5,1
202100012924,178Â 633,A01,1,1,1,5,0,-1,-1,0,0,-1,2021,32.0,1,2,13,0,1,21,1,,4,,-1,,2,2,0,1,(1),(1),1,,4,2,0,3,80,16,10,3,71,71209,1,1,1,6,Route de BiÃ´ne,46.564489,5.27848,2,1,1
202100013003,178Â 502,A01,1,1,2,1,1,-1,-1,0,0,-1,2021,55.0,3,2,13,0,8,0,1,,4,,-1,,2,1,0,1,(1),(1),1,,3,1,0,3,50,16,10,3,59,59051,1,1,0,6,Chemin des Trois Maisons,50.546123,2.807485,22,1,1
202100046017,119Â 503,B01,1,1,1,5,2,-1,-1,0,0,-1,2021,70.0,2,1,0,2,8,1,5,,3,20,-1,,2,2,0,2,4,425,1,, -1,1,0,1,50,31,3,1,25,25623,2,9,1,3,GRANDE RUE,47.226009,6.441797,10,2,2
202100032399,143Â 861,B01,1,1,1,5,2,4,-1,0,0,-1,2021,10.0,2,1,0,2,4,15,5,,3,60,-1,,2,1,0,1,0,655,1,,3,1,0,1,80,26,6,1,37,37130,1,2,0,3,Lieu Dit Chantepie,47.0164326224,0.8417402208,11,4,2
202100009534,184Â 669,A01,1,1,1,5,2,6,-1,0,0,-1,2021,64.0,-1,1,0,2,1,2,1,,3,d1201,0,,2,2,0,1,10,400,1,, -1,1,0,1,80,25,10,2,73,73329,1,1,0,2,D1201,45.631716,5.89188,17,2,2
202100010200,183Â 472,A01,10,3,1,9,0,-1,-1,1,3,1,2021,79.0,1,5,0,1,1,1,1,,3,900,-1,,3,4,0,1,14,550,1,, -1,1,0,1,110,31,10,3,66,66141,1,1,0,6,D900,42.761055,2.897805,2,2,1
202100010384,183Â 149,A01,1,1,1,0,2,8,-1,-1, -1,-1,2021,18.0,1,1,0,0,0,0,1,,3,911,0,,2,2,0,1,0,0,1,, -1,2,0,1,50,29,10,1,92,92036,2,1,1,7,CAMELINAT (BOULEVARD) (1/47),48.928372,2.299047,16,1,1
202100011970,180Â 324,B01,1,1,1,4,2,-1,-1,-1, -1,-1,2021,52.0,3,1,0,2,2,5,1,,4,FRERES LAFRANCHI (DES)                  ,0,,1,2,0,1,(1),(1),1,, -1,1,0,1,50,20,10,5,69,69259,2,3,1,3,FRERES LANFRANCHI (DES) (R),45.71315,4.87675,23,2,2
202100042805,125Â 146,B01,1,1,2,9,2,0,-1,-1, -1,-1,2021,32.0,1,1,0,2,1,16,1,,4,SOURCE DE BADUEL (CHEMIN DE LA),0,,2,1,0,1,(1),(1),1,, -1,1,0,1,50,23,4,1,973,97302,2,2,0,3,SOURCE DE BADUEL (CHEMIN DE LA),4.9321681429,-52.3093684259,12,2,2
202100050459,111Â 503,A01,1,1,2,1,1,0,-1,-1, -1,-1,2021,38.0,1,2,0,2,1,2,1,,4,GAUTHIER (QUAI LUCIEN),0,,2,2,0,1,0,0,1,, -1,1,0,1,50,19,2,1,49,49328,2,1,0,4,GAUTHIER (QUAI LUCIEN),47.25952,-0.07314,13,4,3
202100015803,173Â 422,A01,1,1,1,5,2,6,9,0,0,-1,2021,15.0,1,1,8,0,8,5,1,,3,506,0,,2,2,0,1,2,600,1,, -1,1,9,4,30,2,10,1,202,202207,2,1,0,6,D 506 route d'orezza,42.444148,9.496586,11,1,1
202100050706,111Â 055,A01,1,1,1,5,2,-1,-1,0,0,-1,2021,47.0,3,1,0,0,9,1,1,,9,,-1,,2,2,0,2,(1),(1),4,, -1,3,2,1,-1,21,2,1,73,73036,1,1,0,7,LD Glapigny,45.750434,6.11578,15,1,1
202100012709,179Â 000,A01,1,1,2,4,1,-1,-1,0,0,-1,2021,58.0,3,2,0,2,8,19,1,,3,17,0,R,2,2,0,1,77,45,1,,"5,5",1,0,1,70,2,9,1,56,56173,1,2,1,3,Kermouellic,47.996929,-3.055621,17,2,2
202100050835,110Â 817,C01,1,1,2,5,0,-1,-1,0,0,-1,2021,9.0,3,1,0,2,1,16,3,,4,,-1,,2,2,0,1,(1),(1),1,, -1,1,0,1,50,20,2,1,57,57206,2,3,0,1,Rue de la SaÃ´ne,49.306462,6.098759,17,2,2
202100035717,137Â 869,B01,1,1,2,1,2,-1,-1,-1, -1,-1,2021,56.0,1,1,1,0,7,1,5,,4,SAINT-CAST (QUAI),0,,1,1,2,2,(1),(1),1,, -1,1,0,5,50,8,6,1,35,35238,2,1,0,3,SAINT-CAST (QUAI),48.11088,-1.68588,8,2,2
202100053714,105Â 722,B01,1,1,1,1,1,-1,-1,-1, -1,-1,2021,50.0,1,2,0,2,8,1,1,,4,RICHELIEU,0,,2,2,0,1,0,0,1,, -1,2,0,1,50,22,1,2,76,76351,2,2,1,3,Rue de Richelieu,49.48922,0.10747,18,3,2
202100035950,137Â 425,A01,1,1,1,1,2,6,-1,0,0,-1,2021,19.0,2,1,0,2,1,2,1,,4,RUE DE TURENNE,0,,2,2,0,1,(1),(1),1,, -1,1,0,1,50,7,6,1,75,75103,2,1,1,2,RUE DE TURENNE,48.860955,2.364597,9,2,2
202100035614,138Â 061,B01,1,1,1,1,1,-1,-1,0,0,-1,2021,45.0,2,2,0,2,1,1,1,,3,35,0,,2,2,0,1,14,700,2,, -1,1,0,1,-1,9,6,1,83,83012,1,1,0,1,"RD 35, PK 014+700",43.561269,5.956221,8,2,2
202100032792,143Â 161,A01,1,1,1,0,0,-1,-1,0,0,-1,2021,24.0,1,2,1,0,1,1,1,,3,932,-1,A,2,2,0,3,0,100,3,, -1,1,0,4,50,24,6,5,60,60138,2,4,0,6,Route de Compiegne,49.215849,2.596759,0,1,1
202100009830,184Â 125,A01,10,3,2,0,0,-1,-1,5,8,1,2021,62.0,2,3,0,1,2,7,1,1.0,6,32,0,D,-1,1,3,1,(1),(1),1,, -1,1,9,6,30,2,11,1,34,34114,2,7,0,6,47 Boulevard Saint-Louis,43.652778,3.549802,8,2,1
202100053727,105Â 702,A01,10,3,2,5,0,-1,-1,2,3,1,2021,79.0,1,2,0,1,7,19,1,,4,ASSAUT (BOULEVARD DE L') - IMPAIR -,0,,-1,2,0,1,1,(1),1,, -1,1,0,1,50,25,1,1,60,60057,2,1,0,6,Boulevard de lâAssaut,49.4349002077,2.0887498853,15,2,1
202100011013,182Â 044,A01,1,1,1,4,0,-1,-1,0,0,-1,2021,30.0,1,4,3,0,7,0,1,,1,1,0,A,3,3,0,1,116,100,1,,"13,5",1,0,3,130,27,10,3,80,80002,1,1,0,7,Autoroute A1 sens Paris/Lille pk 116+100,49.838259,2.830696,5,1,1
202100005407,192Â 131,A01,1,1,1,4,1,-1,-1,0,0,-1,2021,19.0,2,5,0,2,1,2,1,,1,31,0,,3,4,0,1,72,0,1,, -1,2,0,1,130,29,11,3,21,21599,1,1,0,2,A31,47.605237,5.196785,1,2,2
202100054520,104Â 320,A01,1,1,1,0,1,-1,-1,0,0,-1,2021,37.0,1,5,13,0,1,13,1,,3,98,0,,2,2,0,1,47,800,1,, -1,2,0,3,80,19,1,3,83,83079,1,1,1,7,CHEMIN DES POMMIERS CD 98,43.224442,6.506009,22,1,1
202100020095,165Â 706,A01,1,1,1,1,2,6,-1,0,0,-1,2021,48.0,2,1,0,2,3,12,1,,4,PORTE D ASNIERES,0,,1,4,0,1,(1),(1),1,, -1,1,0,1,70,8,9,1,75,75117,2,4,0,2,BD PERIPHERIQUE EXTERIEUR,48.89337,2.303411,7,2,2
202100007785,187Â 833,B01,1,1,2,0,1,8,-1,-1, -1,-1,2021,47.0,1,2,0,2,4,2,1,,7,PAIX (RUE DE LA),0,,2,2,0,1,(1),(1),1,, -1,1,0,1,30,16,11,2,67,67447,2,1,0,4,PAIX (RUE DE LA),48.6052883252,7.7400666475,8,3,3
202100018755,168Â 117,B01,2,2,1,0,1,0,-1,0,0,-1,2021,16.0,2,2,0,2,1,1,1,,7,CHARMES (CAR DES),0,,2,2,0,1,(1),(1),1,, -1,2,0,1,50,15,9,1,63,63164,2,1,0,1,CHARMES (CAR DES),45.81598,3.15242,8,3,2
202100030887,146Â 552,B01,2,2,1,0,8,-1,-1,0,0,-1,2021,52.0,1,5,0,2,0,1,1,,3,936,0,D,2,2,0,1,31,45,1,, -1,1,0,1,80,2,7,1,80,80655,1,1,0,5,D936,49.959848,1.987821,16,4,3
202100019603,166Â 594,B01,1,1,2,0,2,0,-1,-1, -1,-1,2021,24.0,2,1,0,2,4,2,1,,1,A86 INT,0,,3,3,0,2,59,0,1,, -1,1,0,1,90,11,9,1,78,78640,1,1,0,2,A86 INT,48.777146,2.223922,16,2,2
202100026599,154Â 158,B01,1,1,1,0,2,0,-1,-1, -1,-1,2021,33.0,0,1,0,0,0,0,1,,1,13,0,,-1,3,0,1,5,699,1,, -1,1,0,1,90,28,7,1,92,92064,1,1,0,2,A13,48.8373662415,2.1886466304,8,3,2
202100030807,146Â 696,B01,2,2,1,9,1,0,-1,-1, -1,-1,2021,39.0,1,2,0,2,4,1,1,,1,AUTOROUTE A20,0,,3,4,0,1,187,820,1,, -1,1,0,1,110,28,6,1,87,87065,1,1,0,2,AUTOROUTE A20,45.79595,1.29838,15,4,2
202100016950,171Â 326,A01,2,2,2,2,2,0,-1,-1, -1,-1,2021,12.0,1,1,0,0,0,26,1,,4,RUE FEDERICO GARCIA LORCA,0,,2,4,1,1,(1),(1),3,, -1,8,0,1,50,23,9,1,31,31555,2,1,0,7,RUE FEDERICO GARCIA LORCA,43.6361,1.42745,17,2,1
202100027115,153Â 246,B01,2,2,1,5,2,-1,-1,0,0,-1,2021,14.0,2,1,0,2,7,0,1,,3,216,-1,,2,2,0,2,7,235,1,,4,1,0,1,50,25,7,1,25,25147,2,2,0,3,Grande Rue,47.223168,5.892518,18,4,2
202100016659,171Â 850,A01,1,1,1,5,2,6,-1,-1, -1,-1,2021,55.0,2,1,1,0,7,1,1,,4,Corniche John FitzgÃ©rald Kennedy,0,,2,3,0,2,0,0,2,, -1,2,0,1,50,25,9,5,13,13207,2,1,1,5,Corniche John FitzgÃ©rald Kennedy,43.268,5.369,23,1,1
202100040328,129Â 519,B01,1,1,1,9,2,0,-1,-1, -1,-1,2021,17.0,3,1,0,2,7,1,1,,4,BUTTE AUX CAILLES (ROND POINT DE LA),0,,2,2,0,1,0,0,3,, -1,1,0,1,50,10,5,1,64,64024,2,6,0,3,BUTTE AUX CAILLES (ROND POINT DE LA),43.49683,-1.50965,8,2,2
202100002692,196Â 965,B01,1,1,1,0,2,-1,-1,0,0,-1,2021,70.0,1,1,0,2,1,1,1,,3,RD126,-1,,2,2,0,1,1,220,1,, -1,1,9,1,80,17,12,1,30,30336,1,2,1,3,D126,43.879969,4.628452,15,2,2
202100046609,118Â 455,B01,1,1,1,5,1,-1,-1,-1, -1,-1,2021,63.0,1,2,0,2,4,23,1,,4,TOULOUSE (RTE DE),0,,2,5,3,1,(1),(1),1,, -1,1,0,1,50,25,3,1,33,33550,2,1,0,4,Route de Toulouse,44.779534194,-0.5661924948,15,3,3
202100042708,125Â 291,B01,1,1,2,9,8,0,-1,0,0,-1,2021,37.0,1,1,0,2,4,12,5,,4,RUE DE ROHAN,0,,-1,0,0,1,(1),(1),3,, -1,1,0,1,50,24,4,1,75,75101,2,5,0,2,RUE DE ROHAN,48.863164,2.335533,15,2,2
202100040495,129Â 223,A01,1,1,2,1,2,6,-1,0,0,-1,2021,38.0,1,1,0,2,1,18,1,,4,JUIN BOULEVARD MARECHAL,0,,2,3,0,1,(1),(1),1,, -1,1,0,1,50,9,5,5,6,6027,2,1,0,3,JUIN BOULEVARD MARECHAL,43.658114,7.150896,23,2,2
202100023031,160Â 459,B01,1,1,2,5,1,-1,-1,-1, -1,-1,2021,35.0,1,2,0,2,1,1,6,,7,MOULINS (AVE DES DE 18 A 23,0,,2,2,0,1,1,412,1,, -1,1,0,1,30,2,8,1,83,83137,2,1,0,1,MOULINS (AVE DES DE 18 A 23,43.13745,5.9144,8,2,2
202100014303,176Â 136,A01,1,1,1,0,1,0,-1,-1, -1,-1,2021,61.0,1,2,0,2,1,2,1,,1,AUTOROUTE A1,0,,3,6,0,1,34,0,1,, -1,1,0,2,130,8,10,3,60,60494,1,1,0,2,AUTOROUTE A1,49.1386929284,2.5687451096,23,2,2
202100024996,156Â 974,A01,1,1,1,0,2,6,-1,-1, -1,-1,2021,31.0,1,1,2,2,1,21,1,,4,BOIS D'AMOUR ( AVENUE DU ),0,,2,2,0,1,(1),(1),1,, -1,1,0,1,50,7,8,2,44,44055,2,1,0,2,BOIS D'AMOUR ( AVENUE DU ),47.2875,-2.381296,20,3,2
202100048926,114Â 301,A01,1,1,1,0,1,0,-1,-1, -1,-1,2021,26.0,2,2,0,2,3,13,1,,3,ROUTE DEPARTEMENTALE 3,0,,-1,2,0,1,3,849,1,, -1,1,0,1,70,5,3,3,972,97213,1,1,0,1,ROUTE DEPARTEMENTALE 3,14.6268,-60.9895,21,3,2
202100034741,139Â 613,A01,10,3,1,5,0,-1,-1,2,5,2,2021,6.0,1,2,0,1,1,1,1,,4,RUE DES EDELWEISS,0,,2,0,0,1,0,0,1,, -1,1,0,1,30,11,6,2,91,91657,2,1,0,6,RUE DES EDELWEISS,48.70145,2.44028,21,2,1
202100023584,159Â 482,A01,1,1,1,0,2,6,-1,-1, -1,-1,2021,26.0,2,1,0,2,1,3,1,,3,MARECHAL LECLERC (AV DU),0,,2,2,1,2,(1),(1),1,, -1,1,0,1,50,18,8,1,50,50218,2,1,0,3,MARECHAL LECLERC (AV DU),48.83802,-1.58608,16,2,2
202100021060,164Â 015,B01,1,1,1,5,2,0,-1,-1, -1,-1,2021,26.0,0,1,0,2,0,1,1,,4,BEAUCAIRE (ROUTE),0,,2,2,0,1,0,0,1,, -1,1,0,1,50,14,8,2,30,30189,2,3,0,3,BEAUCAIRE (ROUTE),43.8383,4.373,20,2,2
202100034279,140Â 466,A01,10,3,1,0,0,-1,-1,2,3,1,2021,45.0,0,2,0,1,2,1,1,,4,PRESIDENT SADATE RUE DU,0,,2,2,0,1,(1),(1),2,, -1,1,0,1,50,15,6,1,29,29232,2,1,0,6,Rue President Sadate,47.97874,-4.102243,16,2,1
202100044114,122Â 820,B01,2,2,2,0,2,0,-1,-1, -1,-1,2021,5.0,2,1,0,2,8,16,1,,4,11 NOVEMBRE,0,,1,1,0,1,(1),(1),1,, -1,1,0,1,30,12,4,1,973,97302,2,1,0,3,11 NOVEMBRE,4.93428,-52.32933,12,3,2
202100050426,111Â 561,A01,10,3,2,0,0,-1,-1,3,3,2,2021,7.0,2,2,0,1,1,15,1,,4,JACOB,0,,1,2,0,1,0,0,1,, -1,1,0,1,50,23,2,1,30,30351,2,2,0,6,JACOB,43.9768,4.7944,16,4,1
202100011741,180Â 737,A01,1,1,2,5,1,4,-1,-1, -1,-1,2021,43.0,1,2,4,0,3,21,1,,1,AUTOROUTE A5A,0,,-1,4,0,1,0,600,2,, -1,1,0,1,90,22,10,1,77,77251,1,1,0,6,AUTOROUTE A5A,48.62887,2.53683,13,1,1
202100032226,144Â 157,B01,1,1,1,0,1,0,-1,-1, -1,-1,2021,46.0,2,2,0,2,4,2,1,,1,86,0,,3,4,0,1,52,799,1,, -1,1,1,1,70,25,6,1,92,92002,1,1,0,2,AUTOROUTE A86,48.7629853869,2.3043052888,8,2,2
202100002378,197Â 532,B01,1,1,1,0,1,0,-1,-1, -1,-1,2021,51.0,1,2,0,2,1,1,1,,4,RUE CHATEAUBRIAND,0,,2,2,0,1,0,0,1,, -1,1,0,1,50,16,12,1,91,91589,2,1,0,3,RUE CHATEAUBRIAND,48.678343,2.357508,14,4,2
202100012647,179Â 106,B01,1,1,1,5,2,7,-1,-1, -1,-1,2021,55.0,1,1,0,2,1,2,1,,3,KOUTIALA (BOULEVARD),0,,2,2,0,1,34,300,1,, -1,1,0,1,50,17,10,2,61,61001,2,1,0,3,KOUTIALA (BOULEVARD),48.42439,0.07944,19,3,2
202100032743,143Â 243,A01,1,1,1,5,2,6,-1,0,0,-1,2021,45.0,1,1,6,0,1,1,1,,3,80,0,,2,2,0,1,10,0,3,, -1,1,0,3,80,24,6,2,202,202046,1,1,0,1,Porticciolo,42.867342,9.480981,20,1,1
202100038579,132Â 684,A01,7,2,1,5,3,-1,-1,0,0,-1,2021,6.0,2,2,0,2,8,10,1,,3,910,-1,,2,2,0,1,5,100,1,, -1,2,0,1,70,24,5,2,28,28425,1,1,1,3,DÃ©partementale 910,48.502858,1.716383,20,5,2
202100006858,189Â 522,A01,1,1,1,4,1,-1,-1,0,0,-1,2021,37.0,2,4,12,0,3,16,1,,3,,-1,,-1,1,0,4,19,950,3,,3,1,9,1,80,23,11,3,34,34142,1,6,0,7,RD609,43.755548,3.329716,5,1,1
202100029703,148Â 706,C01,1,1,1,5,1,-1,-1,0,0,-1,2021,88.0,1,2,0,2,4,1,1,,3,98,0, -,1,2,0,1,18,0,1,, -1,1,0,1,90,11,7,1,83,83071,1,1,0,4,D98,43.1274225597,6.2060598914,11,6,3
202100051092,110Â 352,B01,1,1,1,5,8,0,-1,-1, -1,-1,2021,59.0,1,1,0,2,6,19,5,,3,JOHN F. KENNEDY (AVENUE),0,,3,2,1,1,0,1,1,, -1,2,0,5,50,18,2,1,93,93071,2,3,1,3,JOHN F. KENNEDY (AVENUE),48.9364629115,2.5148877095,13,2,2
202100042775,125Â 189,A01,1,1,1,9,2,-1,-1,0,0,-1,2021,60.0,1,1,0,0,0,1,1,,3,130,0,D,2,2,0,2,26,350,3,, -1,1,0,3,80,23,4,3,78,78113,1,1,0,7,D130,49.025298,1.818506,21,1,1
202100003892,194Â 797,A01,10,3,1,5,0,-1,-1,1,3,1,2021,74.0,1,2,0,1,1,1,1,,3,125,0,,2,2,2,1,24,170,1,, -1,2,0,1,70,8,12,3,35,35040,1,1,1,6,La Grande Porte,48.14171,-1.917458,18,2,1
202100008132,187Â 184,A01,1,1,1,9,1,0,-1,-1, -1,-1,2021,45.0,1,2,1,0,2,1,1,,2,N104,0,,-1,2,0,1,26,700,1,, -1,1,0,1,90,15,11,1,77,77251,1,1,0,6,RN104,48.6449826128,2.5455356841,10,2,2
202100000697,200Â 468,B01,1,1,1,0,2,0,-1,-1, -1,-1,2021,15.0,1,1,0,2,2,15,1,,4,,0,,3,5,0,1,(1),(1),1,, -1,1,5,1,50,31,12,2,71,71306,2,2,0,3,ALOUETTES (AVENUE DES),46.6790396831,4.3656806501,17,2,2
202100015709,173Â 587,B01,1,1,2,0,1,0,-1,-1, -1,-1,2021,32.0,1,2,0,2,3,2,1,,1,A7-Sens Lyon vers Marseille,0,,1,0,0,1,275,0,1,, -1,1,0,1,90,1,10,5,13,13215,1,1,0,2,A7-Sens Lyon vers Marseille,43.37062,5.36102,20,3,3
202100034932,139Â 269,A01,10,3,1,0,0,-1,-1,3,3,1,2021,13.0,3,2,0,1,5,26,1,,3,ROUTE ROYALE,0,,-1,2,0,2,1,0,1,, -1,1,0,1,50,11,6,1,202,202033,2,1,0,3,ROUTE ROYALE,42.67591,9.43717,9,2,1
202100011802,180Â 621,A01,10,3,1,5,0,-1,-1,3,3,1,2021,58.0,2,2,0,1,1,16,1,,3,TOURS (ROUTE DE),0,,2,2,0,1,0,0,1,, -1,1,0,1,70,19,10,1,49,49328,2,1,0,6,TOURS (ROUTE DE),47.26709,-0.06971,8,2,1
202100001956,198Â 306,B01,1,1,2,1,1,-1,-1,0,0,-1,2021,28.0,1,2,0,2,1,1,1,,3,84,-1,,2,2,0,1,14,1710,1,,6,1,0,1,80,23,12,1,1,1390,1,2,0,5,Avenue de Cotier,45.831849,5.272912,12,3,3
202100055501,102Â 640,B01,2,2,2,1,8,0,-1,-1, -1,-1,2021,20.0,1,2,0,0,1,1,1,,4,SEGUIN (RUE MARC),0,,2,2,0,1,0,0,1,, -1,1,0,1,50,7,1,1,22,22360,2,1,0,4,SEGUIN (RUE MARC),48.4897676714,-2.7234594564,14,6,5
202100004492,193Â 738,A01,1,1,1,5,1,-1,-1,-1, -1,-1,2021,54.0,2,2,3,2,7,17,1,,1,A104,0,,3,2,0,1,21,250,1,, -1,2,0,1,90,5,12,3,77,77372,1,1,1,6,A104,48.8951948417,2.6643599392,18,5,3
202100044606,121Â 986,A01,10,3,1,0,0,-1,-1,3,3,1,2021,36.0,1,1,0,1,1,0,3,,4,EMILE ZOLA (R),0,,2,1,0,2,0,0,1,, -1,2,0,1,50,9,4,2,94,94002,2,1,0,6,EMILE ZOLA (R),48.79932,2.42506,19,2,1
202100021260,163Â 657,A01,10,3,1,5,0,-1,-1,1,3,1,2021,8.0,1,2,0,1,7,1,1,,4,ROSIERS (ALLEE DES),0,,2,2,0,1,(1),(1),1,, -1,1,0,1,50,31,8,1,37,37233,2,1,0,6,ROSIERS (ALLEE DES),47.3931033413,0.7265391293,19,2,1
202100017749,169Â 897,A01,10,3,1,3,0,-1,-1,1,3,2,2021,64.0,3,2,0,1,2,26,1,,6,,0,,-1,-1,0,1,(1),(1),3,,4,1,9,6,-1,22,9,1,70,70026,2,9,0,6,8 Place Aristide Briand,47.455795,5.588018,8,2,1
202100012432,179Â 485,A01,1,1,1,0,2,0,-1,0,0,-1,2021,25.0,3,1,1,0,1,13,1,,4,MARIVAUX (RUE),0,,1,1,0,2,(1),(1),1,, -1,1,0,1,50,16,10,2,63,63113,2,1,0,7,MARIVAUX (RUE),45.77223,3.09582,18,1,1
202100008277,186Â 918,B01,1,1,1,3,2,6,-1,-1, -1,-1,2021,72.0,1,1,0,2,2,2,1,,4,,0,,1,1,0,1,47,0,1,, -1,1,0,1,50,12,11,1,92,92035,2,3,0,3,Joffre ( avenue ),48.9048184058,2.2446763515,11,2,2
202100039345,131Â 272,A01,9,2,1,5,1,-1,-1,0,0,-1,2021,23.0,0,2,6,0,1,1,1,,3,149,2,,2,2,0,1,(1),(1),2,, -1,1,0,4,50,19,5,2,79,79079,2,1,0,6,13 Rue des Couturieres,46.916212,-0.708025,21,4,1
202100017952,169Â 538,B01,1,1,1,0,2,-1,-1,0,0,-1,2021,54.0,2,1,0,2,1,2,1,,3,318,0,D,2,2,0,1,13,650,1,, -1,1,0,1,80,7,9,1,69,69289,1,2,1,3,HEYRIEUX (D') (RTE),45.648481,5.024089,12,2,2
202100039326,131Â 306,B01,1,1,2,1,2,0,-1,-1, -1,-1,2021,21.0,1,1,0,2,7,1,1,,3,STALINGRAD (AV DE),0,,1,2,0,1,1,0,1,, -1,1,0,1,50,19,5,2,94,94021,2,9,0,3,Avenue de Stalingrad,48.7724,2.3676,21,2,2
202100052204,108Â 395,A01,2,2,2,0,8,0,-1,-1, -1,-1,2021,18.0,3,1,0,2,1,26,1,,4,ROBERT VIGNON (RUE),0,,2,2,0,1,(1),(1),1,, -1,2,0,1,50,6,2,5,973,97302,2,2,1,5,CESAIRE (CITE),4.93089,-52.32252,22,4,3
202100025174,156Â 659,A01,2,2,1,5,0,-1,-1,0,0,-1,2021,22.0,3,2,0,0,3,1,1,,4,1,0,V,2,2,0,1,(1),(1),3,, -1,1,0,3,80,6,8,1,41,41211,1,1,0,7,Le Petit Villeneuve,47.292085,1.15122,18,2,1
202100039443,131Â 101,A01,10,3,2,5,0,-1,-1,3,3,1,2021,20.0,1,5,0,1,2,1,1,,4,FOCH (AVENUE 18 ET 9 A FIN),0,,1,3,3,1,(1),(1),1,, -1,2,-1,1,50,18,5,1,54,54395,2,1,1,6,FOCH (AVENUE 18 ET 9 A FIN),48.6863,6.1676,12,2,1
202100030505,147Â 239,B01,1,1,2,0,1,0,-1,-1, -1,-1,2021,33.0,2,2,0,2,4,2,1,,1,Tunnel Prado CarÃ©nage,0,,1,2,0,1,1,952,1,, -1,1,1,1,60,5,7,1,13,13210,1,1,0,4,Tunnel Prado CarÃ©nage,43.2825843163,5.3934502602,9,3,3
202100015166,174Â 600,B01,1,1,1,1,1,-1,-1,0,0,-1,2021,70.0,2,2,0,2,3,1,1,,3,50,-1,,2,2,0,1,9,500,1,, -1,2,0,1,70,6,10,2,14,14520,1,1,1,5,D50 - Route du Coupe Gorge - Lieu dit Gaugy,49.13737,0.11409,7,4,3
202100012283,179Â 773,A01,1,1,1,5,1,-1,-1,0,0,-1,2021,23.0,1,2,13,0,1,1,1,,3,11,0,,2,2,0,1,65,400,4,,"5,5",1,0,3,80,17,10,1,86,86112,1,1,0,6,D11,46.244235,0.691146,12,2,1
202100051001,110Â 510,A01,1,1,1,1,1,-1,-1,0,0,-1,2021,25.0,1,5,15,0,1,1,1,,4,1,0,,2,2,1,1,(1),(1),3,, -1,1,0,5,80,19,2,3,14,14488,1,1,0,6,Route de Saint Aubin dâArquenay,49.26492,-0.27438,19,1,1
202100005892,191Â 258,B01,1,1,1,0,2,0,-1,-1, -1,-1,2021,17.0,3,1,0,2,1,26,1,,4,NOTRE DAME DE SANTE AVENUE,0,,2,1,0,1,0,1,1,, -1,1,0,1,50,19,11,1,84,84031,2,1,0,3,NOTRE DAME DE SANTE AVENUE,44.060619,5.048713,12,2,2