Num_Acc,id_vehicule,num_veh,place,catu,sexe,trajet,secu1,secu2,secu3,locp,actp,etatp,year_acc,victim_age,senc,catv,obs,obsm,choc,manv,motor,occutc,catr,voie,v1,v2,circ,nbv,vosp,prof,pr,pr1,plan,lartpc,larrout,surf,infra,situ,vma,jour,mois,lum,dep,com,agg_,int,atm,col,adr,lat,long,hour,nb_victim,nb_vehicules
202100034592,139Â 879,B01,2,2,2,5,1,0,-1,0,0,-1,2021,37.0,1,2,0,2,1,1,1,,3,AGUESSEAU (ROUTE D'),0,,2,2,0,2,499,0,2,, -1,1,0,1,50,13,6,1,14,14715,2,1,0,6,AGUESSEAU (ROUTE D'),49.364399,0.099223,10,9,3
202100053358,106Â 347,A01,1,1,2,9,1,0,-1,-1, -1,-1,2021,44.0,2,2,0,2,1,2,1,,3,R JEAN LE GALLEU,0,,1,2,0,1,1,0,1,, -1,2,0,1,50,27,1,1,94,94041,2,1,0,2,JEAN LE GALLEU (R),48.81,2.37,16,2,2
202100005316,192Â 287,A01,10,3,2,5,0,-1,-1,3,3,1,2021,87.0,0,3,0,1,2,16,1,1.0,4,PRE BOTTE (DU),0,,1,1,0,1,(1),(1),1,, -1,2,0,2,50,1,12,5,35,35238,2,2,0,6,PRE BOTTE (DU),48.109319,-1.677839,18,2,1
202100051030,110Â 455,A01,10,3,2,0,0,-1,-1,5,1,1,2021,55.0,1,5,0,1,4,4,1,,4,FREPPEL (RUE MONSEIGNEUR ),0,,2,1,0,2,0,0,1,, -1,1,0,8,50,17,2,1,83,83137,2,1,0,6,FREPPEL (RUE MONSEIGNEUR ),43.11097,5.95229,14,2,1
202100003644,195Â 238,A01,10,3,2,9,8,8,-1,4,3,1,2021,45.0,1,2,0,1,1,26,1,,4,POISSONNERIE,0,,2,2,0,1,1,0,1,, -1,2,0,1,50,9,12,5,49,49007,2,1,1,6,Place MoliÃ¨re,47.47344,-0.55544,21,2,1
202100037814,134Â 064,B01,1,1,1,0,2,6,-1,-1, -1,-1,2021,18.0,1,1,12,2,1,1,0,,7,ROSE (AVENUE DE LA),0,,3,9,0,1,1,100,1,, -1,1,0,1,50,28,5,1,13,13213,2,2,0,3,ROSE (AVENUE DE LA),43.32635,5.42152,8,2,2
202100032353,143Â 932,A01,1,1,2,9,1,8,-1,-1, -1,-1,2021,20.0,1,2,0,2,2,9,1,,3,PRESIDENT ROOSEVELT (AVENUE DU),0,,2,2,0,1,0,0,1,, -1,1,0,1,50,24,6,1,93,93001,1,9,0,3,PRESIDENT ROOSEVELT (AVENUE DU),48.91572,2.380587,17,2,2
202100043639,123Â 672,A01,1,1,1,0,2,0,-1,0,0,-1,2021,50.0,2,1,12,0,7,14,1,,4,EGLANTIERS (RUE DES),0,,2,1,0,1,0,0,1,, -1,1,0,4,50,17,4,1,14,14699,2,1,0,7,Rue des Eglantiers,49.35534,0.09452,15,1,1
202100008232,186Â 995,Z01,10,3,1,9,8,8,-1,3,3,1,2021,19.0,3,2,0,1,1,26,0,,4,MONTELIMAR ( ROUTE DE ),0,,2,2,0,2,(1),(1),1,, -1,1,9,1,50,10,11,5,7,7019,2,1,0,6,MONTELIMAR ( ROUTE DE ),44.61544,4.40248,18,2,1
202100006305,190Â 522,A01,1,1,1,5,2,6,-1,-1, -1,-1,2021,20.0,2,1,0,0,8,1,1,,3,VERSAILLES (AV DE),0,,1,2,0,1,1,0,1,, -1,1,0,1,50,25,11,1,94,94073,2,1,0,7,Avenue de Versailles,48.75701,2.38866,15,1,1
202100039314,131Â 328,A01,1,1,1,1,2,6,-1,0,0,-1,2021,36.0,1,1,0,2,1,17,1,,2,JEAN JAURES ( AVENUE ),0,,2,2,0,1,38,765,1,, -1,2,0,1,50,18,5,1,5,5061,2,3,1,3,JEAN JAURES ( AVENUE ),44.55161,6.0707,17,2,2
202100033289,142Â 261,A01,1,1,1,5,1,-1,-1,-1,0,-1,2021,31.0,1,2,4,0,1,1,1,,1,AUTOROUTE A15,0,,3,7,0,1,13,500,1,, -1,2,3,1,70,19,6,3,95,95424,1,1,1,6, A15,48.9895,2.20049,22,1,1
202100000744,200Â 386,A01,3,2,2,9,3,-1,-1,-1, -1,-1,2021,0.0,2,2,1,0,4,1,1,,7,ROUTE DE STRASBOURG D 483           (RO),0,,2,2,0,2,4,900,1,, -1,1,0,1,50,31,12,1,69,69286,2,1,0,4,STRASBOURG (DE) (RTE),45.81954,4.89443,11,4,3
202100010465,183Â 018,Z01,10,3,1,5,0,0,-1,3,3,2,2021,37.0,2,1,0,1,0,17,1,,3,REPUBLIQUE (AV DE LA),0,,3,2,0,1,1,0,1,, -1,1,0,1,50,28,10,1,94,94017,2,9,0,6,Avenue de la RÃ©publique,48.822142545,2.5106549263,13,2,1
202100044086,122Â 875,B01,1,1,1,1,2,6,-1,0,0,-1,2021,60.0,1,1,0,2,1,1,1,,3,13,0,,2,2,0,1,4,980,1,, -1,1,5,1,80,29,3,1,29,29015,1,2,0,2,Petite Ile,48.4869946083,-4.500483268,8,2,2
202100051368,109Â 860,A01,1,1,1,5,2,6,-1,0,0,-1,2021,28.0,1,1,0,0,0,1,1,,3,,-1,,2,2,0,1,1,0,3,, -1,1,0,1,50,14,2,1,62,62861,2,1,0,6,37 bis rue de la gare,50.373619,2.821952,15,1,1
202100031599,145Â 274,A01,10,3,1,4,8,8,-1,2,9,1,2021,32.0,1,1,0,1,2,5,1,,4,RUE ROYALE,0,,2,5,3,1,(1),(1),1,, -1,1,0,1,50,30,6,1,75,75108,2,2,0,6,RUE ROYALE,48.868385,2.323267,14,2,1
202100046784,118Â 145,B01,1,1,1,1,2,0,-1,0,0,-1,2021,26.0,2,1,0,2,3,9,1,,4,RUE DE LA CONVENTION,0,,2,3,0,2,(1),(1),1,, -1,1,0,1,50,24,3,1,75,75115,2,2,0,3,RUE DE LA CONVENTION,48.837232,2.296436,13,2,2
202100020304,165Â 344,A01,10,3,2,2,0,-1,-1,5,1,1,2021,17.0,2,2,8,1,3,15,1,,4,,0,,2,2,0,1,1,0,3,, -1,1,5,4,50,7,9,1,14,14118,2,6,0,6,Boulevard Raymond PoincarÃ©,49.1675,-0.3368,10,1,1
202100039288,131Â 374,A01,1,1,2,0,2,0,-1,-1, -1,-1,2021,30.0,0,1,0,0,2,1,1,,4,SAINT-HELIER,0,,-1,2,2,1,(1),(1),1,, -1,2,5,1,50,19,5,1,35,35238,2,2,1,7,SAINT-HELIER,48.10698,-1.67068,14,1,1
202100020900,164Â 291,B01,1,1,1,5,2,6,9,0,0,-1,2021,44.0,2,1,0,2,1,2,1,,3,314,2,,2,2,0,1,1,400,1,, -1,1,0,1,80,4,9,1,71,71087,1,2,0,3,sur RD 215  la tuilerie,46.567653,4.747446,17,2,2
202100031137,146Â 083,A01,1,1,2,5,1,-1,-1,0,0,-1,2021,71.0,1,2,1,0,2,14,1,,4,GUILLOU ( BOULEVARD ALFRED ),0,,-1,2,1,1,(1),(1),1,, -1,1,0,1,50,1,7,1,29,29039,2,1,0,6,Boulevard Alfred Guillou,47.87584,-3.92934,13,1,1
202100044108,122Â 832,A01,1,1,1,3,2,2,-1,-1, -1,-1,2021,18.0,1,1,0,2,2,15,1,,4,RUE HENRI SCHMIDT,0,,2,2,0,1,0,0,1,, -1,2,5,1,50,12,4,1,988,98818,2,3,1,3,RUE HENRI SCHMIDT/ACCES STATION ESSENCE GEANT STE MARIE,-22.27625,166.45886,15,2,2
202100002516,197Â 279,A01,10,3,2,5,0,-1,-1,1,1,2,2021,46.0,2,2,0,1,1,1,1,,3,944,0,D,2,2,1,1,(1),(1),1,, -1,1,0,1,50,18,12,1,58,58145,2,1,0,6,Avenue du 8 Mai 1945,47.284326,3.820147,8,2,1
202100045418,120Â 549,A01,1,1,1,5,2,6,-1,0,0,-1,2021,57.0,1,1,0,2,3,3,1,,4,PORTE DE CHAMPERRET,0,,1,4,0,1,17,100,1,, -1,1,0,1,70,2,4,1,75,75117,2,1,0,5,PORTE DE CHAMPERRET,48.884578,2.286301,16,3,3
202100021048,164Â 037,A01,1,1,1,0,1,0,-1,0, -1,-1,2021,36.0,1,2,0,2,2,2,1,,4,FRANCE (AVENUE DE)  1,0,,2,2,0,1,(1),(1),1,, -1,1,0,1,50,28,8,1,41,41018,2,1,0,4,FRANCE (AVENUE DE)  1,47.5998,1.31941,19,4,3
202100021773,162Â 708,B01,1,1,1,5,0,-1,-1,-1, -1,-1,2021,22.0,2,1,0,2,4,15,3,,3,ALENCON (RUE D'),0,,2,2,0,1,7,175,1,, -1,1,0,1,50,30,8,1,61,61117,2,2,0,2,ALENCON (RUE D'),48.43564,0.04888,8,2,2
202100029819,148Â 487,A01,10,3,1,9,0,-1,-1,2,4,1,2021,13.0,1,2,0,1,1,1,1,,4,AVENUE DE LA PORTE BRUNET,0,,2,2,0,2,(1),(1),1,, -1,1,0,1,50,9,7,1,75,75119,2,3,0,6,AVENUE DE LA PORTE BRUNET,48.883456,2.39578,16,2,1
202100017850,169Â 712,A01,1,1,2,0,8,0,-1,-1, -1,-1,2021,23.0,1,1,0,2,4,19,5,,4,,0,,2,5,1,1,(1),(1),1,, -1,1,5,1,50,20,9,1,33,33522,2,3,0,3,Cours de la LibÃ©ration,44.799247,-0.598221,11,2,2
202100015653,173Â 690,B01,1,1,1,0,1,0,-1,-1, -1,-1,2021,33.0,1,2,0,2,0,0,1,,4,CHAPIT RE ( RUE DU),0,,2,2,0,1,(1),(1),1,, -1,2,0,1,70,2,10,1,93,93073,1,1,1,2,CHAPIT RE ( RUE DU),49.00242,2.53289,14,3,2
202100046540,118Â 592,B01,1,1,2,5,8,0,-1,-1, -1,-1,2021,48.0,1,1,0,2,4,1,5,,4,MICHELET (BOULEVARD),0,,1,1,0,1,(1),(1),1,, -1,1,0,1,50,26,3,5,13,13209,2,1,0,2,MICHELET (BOULEVARD),43.26446,5.39555,22,2,2
202100043357,124Â 165,B01,1,1,1,4,2,0,-1,-1, -1,-1,2021,18.0,1,1,0,2,8,1,3,,3,GENERAL DE GAULLE (AV DU),0,,2,2,0,1,0,0,1,, -1,1,5,1,50,19,4,1,94,94059,2,2,0,3,GENERAL DE GAULLE (AV DU),48.8,2.57,20,2,2
202100041313,127Â 760,A01,1,1,1,9,1,0,-1,0,0,-1,2021,62.0,1,5,0,2,3,15,1,,4,AVENUE DE L HIPPODROME,0,,2,4,0,1,(1),(1),1,, -1,2,0,1,50,4,5,1,75,75116,2,2,1,5,AVENUE DE L HIPPODROME,48.862293,2.238313,11,3,3
202100029365,149Â 285,A01,9,2,1,5,0,-1,-1,0,0,-1,2021,16.0,3,2,13,0,3,1,1,,3,101,-1,,2,2,0,1,2,250,1,,5,1,0,8,80,12,7,2,11,11043,1,1,0,5,Le Moulin,43.228062,2.435188,21,6,1
202100006576,190Â 042,B01,1,1,1,1,2,6,-1,-1, -1,-1,2021,30.0,2,1,0,2,1,2,1,,3,LONGPONT (ROUTE DE),0,,2,2,0,1,0,0,1,, -1,1,0,1,50,23,11,1,91,91549,2,1,0,3,LONGPONT (ROUTE DE),48.65128,2.30807,8,2,2
202100023319,159Â 933,B01,1,1,1,1,1,0,-1,-1, -1,-1,2021,41.0,1,2,0,2,3,1,1,,3,AV DU GENERAL LECLERC,0,,-1,4,0,1,1,0,1,, -1,1,0,1,50,20,8,1,94,94046,2,3,0,3,GENERAL LECLERC (AV DU),48.80439,2.44347,17,2,2
202100018414,168Â 711,A01,1,1,1,5,1,8,-1,-1, -1,-1,2021,22.0,2,2,4,0,3,1,1,,2,MELUN (AV DE),0,,2,4,0,1,1,0,2,, -1,1,0,1,50,12,9,5,94,94078,2,1,0,6,avenue de Melun,48.723271,2.444135,21,1,1
202100029511,149Â 045,A01,1,1,1,5,2,6,-1,0,0,-1,2021,28.0,1,1,0,0,8,21,1,,3,111,-1,,2,2,0,1,15,150,1,,"5,5",1,0,1,80,11,7,1,4,4176,1,1,0,7,RD 111,43.760537,6.148047,15,1,1
202100049477,113Â 316,B01,1,1,1,0,2,8,-1,-1, -1,-1,2021,59.0,2,1,0,2,4,23,1,,4,BUGE (CHEMIN DE LA)NÂ° PAIRS,0,,2,1,2,1,0,0,1,, -1,1,0,1,50,28,2,1,83,83123,2,1,0,4,BUGE (CHEMIN DE LA)NÂ° PAIRS,43.12092,5.80708,10,4,3
202100011387,181Â 367,A01,1,1,1,5,1,0,-1,-1, -1,-1,2021,24.0,1,2,2,0,9,14,1,,3,Park Poullig rond point,0,,-1,2,0,1,5,10,1,, -1,1,2,3,80,22,10,3,29,29232,1,6,0,7,Lieu dit Park Poullig,48.030736711,-4.085073173,19,1,1
202100046459,118Â 740,A01,1,1,2,0,1,-1,-1,0,0,-1,2021,48.0,2,2,0,2,1,13,1,,3,6009,0,D,2,2,0,1,48,500,1,, -1,1,0,1,80,27,3,3,11,11144,1,1,0,1,RD 6009 - PR 048+500,42.8818547923,2.9927693357,21,2,2
202100022428,161Â 548,A01,10,3,1,1,0,-1,-1,3,3,1,2021,31.0,1,2,0,1,1,16,1,,4,BONNEFONS (RUE JEAN),0,,1,1,0,1,(1),(1),2,, -1,1,0,1,50,26,8,2,63,63113,2,2,0,6,BONNEFONS / Fayolle,45.78127,3.07942,6,2,1
202100033765,141Â 416,A01,1,1,2,9,1,0,-1,-1, -1,-1,2021,20.0,1,2,3,0,5,26,1,,1,15,0,,3,8,0,1,4,500,3,, -1,2,2,1,90,17,6,3,92,92036,1,1,1,2,AUTOROUTE A15,48.9406783537,2.2926308104,23,2,2
202100045508,120Â 396,A01,10,3,1,2,0,-1,-1,3,3,1,2021,12.0,2,2,0,1,3,1,1,,7,1532,0,D,2,3,3,1,52,210,1,, -1,1,9,1,50,1,4,1,38,38474,2,1,0,6,Avenue de Romans,45.20069,5.66872,15,4,1
202100055680,102Â 330,A01,10,3,2,9,0,-1,-1,1,3,1,2021,13.0,1,3,0,1,2,1,1,1.0,4,PLACE VIOLET,0,,2,2,0,1,(1),(1),1,, -1,1,0,1,50,8,1,2,75,75115,2,3,0,6,PLACE VIOLET,48.84467,2.290509,16,2,1
202100053529,106Â 035,A01,1,1,1,3,1,-1,-1,0,0,-1,2021,59.0,1,2,9,0,1,0,1,,4,24,-1,,2,2,0,2,11,540,2,, -1,1,0,8,50,28,1,1,30,30147,2,1,0,6,Place du Portail d'AlÃ¨s,44.014338,4.05064,8,1,1
202100044126,122Â 800,A01,1,1,1,5,8,0,-1,-1, -1,-1,2021,18.0,3,1,0,2,1,1,1,,4,FOLLEREAU (AVENUE RAOUL),0,,2,2,0,1,1,0,1,, -1,1,5,1,50,29,3,1,84,84035,2,1,0,6,FOLLEREAU (AVENUE RAOUL),43.84039,5.04751,17,2,2
202100004122,194Â 373,B01,1,1,2,9,8,0,-1,0,0,-1,2021,56.0,2,1,0,2,8,1,5,,4,RUE DE SEZE,0,,1,1,0,1,(1),(1),1,, -1,1,0,1,30,8,12,1,75,75109,2,2,0,3,RUE DE SEZE,48.870368,2.326711,9,2,2
202100003132,196Â 168,A01,10,3,1,9,0,-1,-1,1,9,3,2021,25.0,3,2,0,1,7,1,1,,6,Rue EugÃ¨ne Berest,0,,-1,-1,0,1,(1),(1),1,, -1,1,9,1,30,24,10,5,29,29019,2,1,0,7,Rue EugÃ¨ne Berest,48.39378,-4.43411,2,2,1
202100007639,188Â 091,A01,1,1,1,0,2,0,-1,-1, -1,-1,2021,36.0,3,1,0,2,2,12,1,,7,SALENGRO (AVENUE ROGER),0,,1,3,0,1,0,100,2,, -1,1,0,1,50,13,11,2,13,13005,1,6,0,3,SALENGRO (AVENUE ROGER),43.30449,5.57116,17,2,2
202100020547,164Â 907,B01,1,1,1,0,2,6,-1,-1, -1,-1,2021,36.0,2,1,0,2,1,1,1,,4,PASCAL (BOULEVARD),0,,2,2,0,1,0,0,1,, -1,1,0,1,50,5,9,5,21,21231,2,3,0,1,PASCAL (BOULEVARD),47.33883,5.04909,4,2,2
202100025552,156Â 000,A01,1,1,1,0,1,-1,-1,0,0,-1,2021,23.0,2,2,9,0,1,21,1,,3,64,0,,2,2,0,1,30,775,3,, -1,1,0,3,80,5,8,3,1,1412,1,1,0,6,D64,46.165959,4.948112,23,1,1
202100022494,161Â 424,B01,1,1,1,0,2,6,9,0,0,-1,2021,55.0,1,1,0,2,1,1,1,,3,24,-1,,2,2,0,1,37,200,1,, -1,1,5,1,80,26,8,1,28,28006,1,2,0,3,D24,48.451806,1.417279,19,2,2
202100031509,145Â 437,A01,1,1,1,5,2,6,-1,0,0,-1,2021,63.0,2,1,8,0,1,1,1,,3,952,0,,2,2,0,1,12,150,2,, -1,1,0,3,80,2,7,1,4,4171,1,1,0,6,RD 952,43.804487,6.440992,18,1,1
202100033525,141Â 845,B01,1,1,1,1,2,6,-1,-1, -1,-1,2021,39.0,1,1,0,2,1,3,1,,1,A4,0,,3,4,0,1,13,100,1,, -1,1,0,1,110,18,6,1,93,93051,1,1,0,3,A4,48.8362965033,2.5533127785,18,2,2
202100036722,136Â 071,A01,2,2,2,2,1,-1,-1,0,0,-1,2021,15.0,3,2,6,0,1,15,1,,3,18,-1,,1,1,0,1,(1),(1),1,, -1,1,0,4,50,3,6,1,38,38316,2,1,0,6,10 Rue CÃ©sar Sornin,45.749618,5.178391,13,5,1
202100026301,154Â 680,A01,1,1,1,0,2,0,-1,-1, -1,-1,2021,19.0,0,1,0,4,1,6,1,,4,AVENUE DE L'ANGEVINIERE,0,,3,0,0,1,(1),(1),1,, -1,1,0,6,50,30,7,1,44,44162,2,1,0,3,AVENUE DE L'ANGEVINIERE,47.24552,-1.60932,13,2,2
202100001801,198Â 579,B01,2,2,1,5,1,-1,-1,0,0,-1,2021,16.0,3,2,0,2,8,1,1,,3,75,0,,2,2,0,1,9,800,1,, -1,1,0,1,50,23,12,5,38,38288,2,3,0,3,RD 75,45.566986,5.008113,23,4,2
202100033312,142Â 224,A01,10,3,2,5,0,-1,-1,3,3,2,2021,27.0,3,2,0,1,1,26,1,,4,JAURES JEAN (RUE),0,,2,2,0,2,(1),(1),1,, -1,1,0,1,50,14,6,1,95,95019,2,1,1,6,Rue Jean JaurÃ¨s,48.99539,2.41965,20,3,1
202100031557,145Â 348,B01,1,1,1,5,1,0,-1,-1, -1,-1,2021,79.0,2,5,1,0,4,23,1,,3,RD 492 DU PONT BD HÃPITAL A ÃCHANGEUR CR,0,,2,2,0,1,0,0,1,, -1,1,0,1,80,23,6,1,44,44184,1,1,0,4,RD 492 DU PONT BD HÃPITAL A ÃCHANGEUR CR,47.28178,-2.24903,14,3,3
202100051746,109Â 201,A01,1,1,1,1,1,-1,-1,0,0,-1,2021,24.0,2,2,2,0,1,1,1,,3,13,0,,2,2,0,1,53,800,1,, -1,5,0,3,80,12,2,1,72,72376,1,1,0,6,"RD 13, PK 53+800",47.877879,0.522744,13,1,1
202100019386,166Â 980,A01,1,1,1,0,2,-1,-1,0,0,-1,2021,74.0,1,1,0,2,3,2,1,,3,103,0,A,2,2,0,2,24,700,3,, -1,1,0,1,80,18,8,1,11,11367,1,1,0,3,D103,43.362692,2.206299,17,2,2
202100033233,142Â 364,A01,10,3,1,5,0,-1,-1,1,3,1,2021,78.0,2,2,0,1,2,1,1,,1,8,-1,,3,5,0,3,94,700,3,, -1,1,0,1,130,21,6,1,83,83073,1,1,0,6,PK 94+700,43.404578,6.2978814,14,2,1
202100037337,134Â 926,B01,1,1,1,5,2,6,-1,0,0,-1,2021,63.0,1,1,0,2,2,1,1,,3,235,0,D,2,2,0,2,7,260,3,, -1,1,0,1,80,1,6,1,61,61096,1,4,0,2,Lieu Dit Etre Guerin,48.559792,-0.456952,11,2,2
202100010066,183Â 701,B01,1,1,1,1,1,-1,-1,0,0,-1,2021,55.0,2,2,0,2,1,1,1,,7,132,0,D,2,2,0,1,12,1054,3,, -1,2,0,1,70,29,10,3,34,34270,2,1,0,1,D132,43.591453,3.819262,20,2,2
202100049182,113Â 842,A01,1,1,1,0,2,6,9,0,0,-1,2021,43.0,2,1,0,0,0,1,1,,3,39,0,,2,2,0,1,47,400,3,, -1,1,0,1,80,5,3,1,85,85282,1,1,0,7,La Bergeronnette,46.709868,-1.007137,17,3,2
202100041741,126Â 999,A01,1,1,1,0,1,0,-1,-1, -1,-1,2021,25.0,1,2,0,2,4,2,1,,1,A7-Sens Lyon vers Marseille,0,,1,1,0,1,254,400,3,, -1,2,3,1,90,30,4,2,13,13081,1,1,1,2,A7-Sens Lyon vers Marseille,43.49409,5.23927,19,3,2
202100008137,187Â 175,A01,1,1,2,4,2,8,-1,-1, -1,-1,2021,55.0,0,0,1,0,1,0,3,,4,39,0,,2,2,0,2,0,0,1,, -1,1,0,1,50,10,11,1,92,92064,2,9,0,6,MONT VALERIEN,48.8526855067,2.2161537409,11,1,1
202100048163,115Â 658,A01,1,1,1,1,8,0,-1,-1, -1,-1,2021,19.0,3,2,0,2,6,1,1,,4,DENIS PAPIN  (AVENUE),0,,2,2,0,1,0,0,1,, -1,1,0,1,50,13,3,3,93,93047,2,2,0,3,DENIS PAPIN  (AVENUE),48.9064626635,2.5878556697,21,3,2
202100013728,177Â 167,A01,1,1,2,2,2,0,-1,-1, -1,-1,2021,18.0,1,1,0,2,1,1,1,,3,ARISTIDE BRIAND (AVENUE),0,,2,2,1,1,0,0,1,, -1,1,0,1,50,12,10,1,92,92002,2,3,0,3,ARISTIDE BRIAND (AVENUE),48.7568,2.30636,18,2,2
202100046836,118Â 062,A01,1,1,2,5,1,-1,-1,0,0,-1,2021,60.0,1,2,0,2,8,9,1,,3,100,0,,2,2,0,2,12,0,1,, -1,1,5,1,80,24,3,1,10,10019,1,2,0,3,pk 12 D100,48.394718,4.366379,9,4,2
202100026243,154Â 790,A01,1,1,1,5,1,0,-1,-1, -1,-1,2021,27.0,1,5,3,0,1,1,1,,1,A55-Sens Marseille vers Martigues,0,,1,1,0,2,3,799,2,, -1,1,3,1,50,31,7,3,13,13215,1,1,0,1,A55-Sens Marseille vers Martigues,43.33019,5.35513,3,1,1
202100049180,113Â 845,B01,1,1,1,5,2,-1,-1,0,0,-1,2021,75.0,2,1,0,2,1,0,5,,3,33,-1,D,2,2,0,1,46,100,1,, -1,1,0,1,90,6,3,1,53,53202,1,1,0,6,L'embranchement,48.412788,-0.927626,14,2,2
202100014579,175Â 648,A01,1,1,1,0,8,0,-1,-1, -1,-1,2021,25.0,3,1,0,2,1,0,3,,4,POINTE (RUE DE LA),0,,1,1,2,1,0,0,1,, -1,1,0,1,50,7,10,1,72,72181,2,1,1,1,POINTE (RUE DE LA),47.9842,0.18992,8,2,2
202100013313,177Â 949,A01,10,3,2,5,0,-1,-1,4,3,1,2021,19.0,1,1,0,1,1,1,1,,4,BOULEVARD DE STRASBOURG,0,,2,4,0,1,(1),(1),1,, -1,1,0,1,30,14,10,5,75,75110,2,2,0,6,BOULEVARD DE STRASBOURG,48.872278,2.355935,20,2,1
202100049221,113Â 772,A01,1,1,1,0,1,-1,-1,-1, -1,-1,2021,50.0,1,2,0,2,1,2,1,,4,JEAN MERMOZ                         (AV),0,,3,4,3,1,(1),(1),1,, -1,1,0,1,50,3,3,1,69,69388,2,1,0,2,JEAN MERMOZ                         (AV),45.73541,4.87246,11,3,2
202100051998,108Â 763,A01,1,1,1,5,2,8,-1,-1, -1,-1,2021,58.0,1,1,0,2,1,2,1,,4,SAINTE CECILE (AVE DE),0,,3,2,0,2,0,0,1,, -1,1,0,1,50,9,2,1,83,83144,2,1,0,2,SAINTE CECILE (AVE DE),43.14333,5.98271,16,3,2
202100012462,179Â 431,A01,1,1,1,1,2,6,-1,-1, -1,-1,2021,31.0,3,1,0,0,8,1,1,,4,GUIGONNET (Route du),0,,2,2,0,1,0,0,1,, -1,1,0,1,50,9,9,2,13,13039,1,1,0,6,GUIGONNET (Route du),43.45018,4.92535,21,1,1
202100050162,112Â 054,B01,2,2,1,0,1,4,-1,-1, -1,-1,2021,57.0,2,2,0,2,3,0,1,,3,D 934,0,,2,2,0,2,44,185,1,, -1,1,0,1,80,20,2,1,77,77131,1,6,0,3,D 934,48.7979120221,3.0947086151,10,3,2
202100033230,142Â 367,A01,1,1,1,5,2,6,-1,0,0,-1,2021,39.0,1,1,8,0,1,1,1,,3,129,-1,,2,2,0,2,2,600,3,, -1,1,5,3,50,8,6,1,47,47060,2,3,0,6,Route de Layrac,44.116299,0.728129,18,1,1
202100040010,130Â 076,A01,10,3,2,3,0,-1,-1,3,3,1,2021,33.0,3,2,0,1,2,16,1,,4,,-1,,2,2,0,1,(1),(1),3,, -1,1,2,1,50,14,5,2,1,1376,2,6,0,6,Avenue Maurice-Cusin (Pont),45.826138,4.981382,17,2,1
202100039130,131Â 683,A01,1,1,2,9,1,0,-1,0,0,-1,2021,31.0,3,2,1,9,1,13,1,,4,,0,,-1,2,0,1,(1),(1),1,, -1,1,0,1,50,11,5,1,6,6027,2,9,0,6,VAL FLEURI CHEMIN DU,43.66373,7.14882,12,2,2
202100028606,150Â 583,B01,1,1,1,0,2,8,-1,-1, -1,-1,2021,37.0,2,1,0,2,1,1,1,,1,AUTOROUTE (A1),0,,1,6,0,1,0,19,1,, -1,1,0,1,90,16,7,1,972,97209,1,1,0,2,AUTOROUTE (A1),14.61466,-61.04822,13,2,2
202100027293,152Â 944,B01,1,1,2,5,1,-1,-1,0,0,-1,2021,21.0,0,2,0,2,8,16,1,,3,216,-1,,2,2,0,1,20,565,1,, -1,1,0,1,80,24,7,2,77,77091,1,2,0,3,D216,48.74331,2.816309,21,4,2
202100011830,180Â 576,A01,10,3,2,0,0,-1,-1,3,3,1,2021,41.0,3,1,0,1,1,1,1,,4,ROMAIN ROLLAND (BOULEVARD),0,,2,2,0,1,(1),(1),1,, -1,2,0,1,50,21,10,1,13,13210,2,1,1,6,ROMAIN ROLLAND (BOULEVARD),43.2748685995,5.4156565539,8,2,1
202100034690,139Â 718,A01,10,3,1,0,0,-1,-1,6,3,1,2021,28.0,2,4,0,1,2,1,1,,1,9,-1,,3,3,0,2,128,90,1,, -1,1,8,1,130,14,6,1,34,34143,1,1,0,6,A9 PK 128+90,43.462646,3.62743,18,3,1
202100010371,183Â 170,A01,2,2,2,4,1,8,-1,-1, -1,-1,2021,39.0,1,2,0,2,7,1,1,,3,AUBERVILLIERS (CHEMIN),0,,2,-1,0,1,0,1,1,, -1,1,0,1,50,27,10,1,93,93066,2,2,0,3,DE PRESSENSE FRANCIS,48.92311,2.37059,17,3,2
202100025098,156Â 793,A01,1,1,2,5,1,4,-1,-1, -1,-1,2021,34.0,1,2,0,2,4,23,1,,1,A4,0,,-1,6,0,1,3,799,1,, -1,1,0,1,90,8,8,1,94,94069,1,1,0,2,A4,48.8173796932,2.4387983899,19,2,2
202100022040,162Â 232,A01,3,2,2,5,1,0,-1,-1, -1,-1,2021,69.0,2,2,0,2,1,2,1,,1,A13W,0,,3,4,0,1,22,0,1,, -1,2,0,1,110,29,8,1,78,78007,1,1,1,2,A13W,48.89533,2.00684,16,6,2
202100053870,105Â 454,A01,10,3,1,5,0,-1,-1,3,3,1,2021,90.0,0,2,0,1,1,1,1,,3,38,0,D,2,2,0,1,(1),(1),1,, -1,1,0,1,-1,25,1,1,84,84043,2,1,1,6,Route de Sorgues,44.002979,4.908636,16,2,1
202100013150,178Â 242,A01,1,1,1,0,8,-1,-1,0,0,-1,2021,40.0,1,2,0,2,3,13,1,,3,6015,0,D,2,2,0,1,60,169,1,, -1,1,0,1,80,15,10,1,76,76715,1,1,0,3,D6015,49.59679,0.606265,15,2,2
202100024313,158Â 208,A01,1,1,1,9,2,0,-1,0,0,-1,2021,39.0,1,1,0,2,1,13,1,,4,AVENUE JEAN JAURES,0,,2,2,0,1,(1),(1),1,, -1,1,0,1,50,12,8,5,75,75119,2,3,0,1,AVENUE JEAN JAURES,48.883603,2.37337,23,2,2
202100036791,135Â 944,A01,1,1,1,5,2,8,-1,-1, -1,-1,2021,18.0,1,1,0,2,7,1,1,,4,BELGIQUE (RUE  DE ),0,,2,2,0,2,(1),(1),1,, -1,1,0,1,50,1,6,1,56,56121,2,3,0,3,BELGIQUE (RUE  DE ),47.76067,-3.38472,19,2,2