Num_Acc,id_vehicule,num_veh,place,catu,sexe,trajet,secu1,secu2,secu3,locp,actp,etatp,year_acc,victim_age,senc,catv,obs,obsm,choc,manv,motor,occutc,catr,voie,v1,v2,circ,nbv,vosp,prof,pr,pr1,plan,lartpc,larrout,surf,infra,situ,vma,jour,mois,lum,dep,com,agg_,int,atm,col,adr,lat,long,hour,nb_victim,nb_vehicules
202100044638,121Â 933,A01,2,2,1,5,1,-1,-1,0,0,-1,2021,18.0,1,2,2,0,1,2,1,,3,2a,-1,A,2,2,0,1,2,360,2,, -1,1,0,1,80,9,4,1,1,1262,1,1,0,2,D2a,45.904568,5.014572,18,4,2
202100038563,132Â 716,B01,1,1,1,2,1,-1,-1,0,0,-1,2021,32.0,1,2,0,2,3,1,1,,3,418,0,D,2,2,0,1,3,235,1,, -1,1,0,1,50,24,5,1,61,61214,2,4,0,3,1 Avenue du Perche,48.759388,0.631396,17,6,2
202100009222,185Â 229,A01,10,3,1,1,0,-1,-1,4,3,1,2021,21.0,2,2,0,1,2,1,1,,4,LABUSSIERE (AVENUE EMILE),0,,2,2,0,1,0,0,1,, -1,1,0,1,50,4,11,1,87,87085,2,1,0,6,LABUSSIERE (AVENUE EMILE),45.84111,1.25648,17,2,1
202100015384,174Â 209,B01,1,1,1,1,2,9,-1,0,0,-1,2021,51.0,1,1,0,2,1,1,1,,3,1201,0,,2,3,0,1,43,700,1,, -1,2,0,1,80,4,10,3,74,74009,1,1,1,3,route de genÃ¨ve D1201,46.075717,6.092649,6,2,2
202100033342,142Â 167,B01,1,1,1,0,8,0,-1,-1, -1,-1,2021,31.0,3,1,0,2,8,15,5,,4,BOULEVARD JEAN PHILIPPOT,0,,2,2,2,1,(1),(1),1,, -1,1,0,1,30,14,6,1,44,44109,2,1,0,3,BOULEVARD JEAN PHILIPPOT,47.21194,-1.55532,12,2,2
202100020499,164Â 995,A01,2,2,2,0,2,-1,-1,-1, -1,-1,2021,19.0,3,1,0,2,1,9,1,,4,SAULES (DES),0,,2,1,0,1,0,0,1,, -1,1,0,1,50,3,9,1,76,76351,2,1,0,3,SAULES (DES),49.51258,0.1579,17,3,2
202100039706,130Â 609,B01,1,1,1,1,2,0,-1,0,0,-1,2021,28.0,1,1,0,2,3,7,5,,4,BOULEVARD DE BELLEVILLE,0,,3,2,3,1,(1),(1),1,, -1,2,0,6,50,16,5,2,75,75120,2,2,1,3,BOULEVARD DE BELLEVILLE,48.869054,2.380701,21,2,2
202100009241,185Â 194,A01,3,2,1,0,3,0,-1,0,0,-1,2021,8.0,1,2,0,2,7,15,1,,4,RESISTANCE (AV. DE LA -PAIR-),0,,2,4,0,1,(1),(1),1,, -1,1,0,1,50,5,11,1,54,54304,2,1,0,3,RESISTANCE (AV. DE LA -PAIR-),48.6944778025,6.1290474236,16,4,2
202100031382,145Â 655,A01,1,1,2,5,1,9,-1,0,0,-1,2021,77.0,3,2,2,0,1,1,1,,4,,-1,,2,2,0,2,(1),(1),1,,5,2,0,3,50,2,7,1,971,97104,2,1,0,6,Chemin des Pyrenees,16.03063,-61.742708,8,1,1
202100012639,179Â 120,A01,2,2,2,0,1,0,-1,-1, -1,-1,2021,22.0,3,2,0,2,1,9,1,,3,CHAMP DE COURSES (RUE DU),0,,-1,2,0,1,1,251,1,, -1,1,0,1,50,17,10,5,76,76545,2,3,0,3,CHAMP DE COURSES (RUE DU),49.90845,1.08769,7,4,2
202100020870,164Â 342,A01,2,2,2,5,1,0,-1,-1, -1,-1,2021,80.0,1,2,0,2,1,2,2,,3,MERIMEE (PROSPER),0,,3,4,0,1,1,0,1,, -1,1,0,1,50,4,9,1,22,22278,2,9,0,2,MERIMEE (PROSPER),48.4952078426,-2.7516082611,11,3,2
202100047708,116Â 470,B01,1,1,1,2,2,0,-1,-1, -1,-1,2021,18.0,1,1,0,2,1,3,1,,3,BADUEL (ROUTE DE),0,,2,1,0,1,2,900,1,, -1,1,0,1,50,8,3,1,973,97302,2,1,0,3,BADUEL (ROUTE DE),4.9303134716,-52.3046822844,7,2,2
202100046645,118Â 389,B01,1,1,1,1,2,0,-1,0,0,-1,2021,54.0,2,1,0,2,0,1,5,,4,RUE DES VINAIGRIERS,0,,2,2,0,1,(1),(1),1,, -1,2,0,1,30,25,3,1,75,75110,2,1,1,3,RUE DES VINAIGRIERS,48.873156,2.36219,9,2,2
202100047470,116Â 912,A01,1,1,1,2,8,0,-1,-1, -1,-1,2021,21.0,1,1,0,2,8,18,1,,4,SCHOELCHER (PLACE),0,,1,2,0,1,(1),(1),2,, -1,1,0,1,50,18,3,1,973,97302,2,1,0,3,SCHOELCHER (PLACE),4.93726,-52.33506,7,2,2
202100023165,160Â 209,A01,1,1,2,0,0,-1,-1,0,0,-1,2021,63.0,1,2,0,2,3,15,1,,3,629,-1,,2,2,0,1,23,847,1,,4,1,0,1,80,20,8,1,32,32242,1,2,1,1,CD 929,43.417794,0.575725,12,4,2
202100013550,177Â 500,A01,10,3,1,4,8,8,8,2,3,1,2021,28.0,2,2,0,1,7,2,1,,4,,0,,2,2,0,1,(1),(1),1,, -1,1,0,1,50,13,10,1,6,6069,2,1,0,6,CANNES (ROUTE DE)  -RD 6085-,43.638664,6.950172,10,2,1
202100018743,168Â 138,A01,1,1,2,0,1,-1,-1,-1, -1,-1,2021,30.0,2,2,7,0,2,14,1,,4,LENINGRAD (BD DE),0,,3,4,0,1,95,1000,1,, -1,2,0,4,50,14,9,5,76,76351,2,1,1,6,LENINGRAD (BD DE),49.50005,0.17246,6,1,1
202100032933,142Â 896,A01,2,2,1,0,8,0,-1,-1, -1,-1,2021,53.0,1,2,0,2,4,4,1,,4,SOURCE (AVENUE DE LA),0,,1,1,0,1,0,0,1,, -1,1,0,1,50,20,6,1,93,93029,2,1,0,2,Avenue de la Source,48.91782,2.450465,11,3,2
202100022529,161Â 359,A01,1,1,1,3,2,-1,-1,0,0,-1,2021,15.0,1,1,0,2,7,15,1,,3,907,-1,,2,2,0,1,6,(1),1,, -1,1,0,1,30,26,8,2,50,50029,2,2,1,1,Rue Robert Shumann,48.599391,-0.833277,19,2,2
202100041995,126Â 557,B01,1,1,1,0,2,0,-1,-1, -1,-1,2021,39.0,1,1,0,2,8,1,0,,2,JAURES (BOULEVARD JEAN),0,,3,6,0,2,(1),(1),1,, -1,2,0,1,50,29,4,1,974,97411,2,2,0,3,JAURES (BOULEVARD JEAN),-20.88838,55.44643,13,2,2
202100009978,183Â 869,A01,1,1,1,5,2,6,-1,0,0,-1,2021,31.0,1,1,0,2,1,15,1,,7,306,0,D,2,2,0,1,44,800,1,, -1,1,2,1,50,29,10,1,69,69072,2,2,0,2,PORTE DE LYON (DE LA) (AV),45.821383,4.763893,13,2,2
202100038477,132Â 873,B01,1,1,1,0,2,-1,-1,0,0,-1,2021,15.0,2,1,0,2,1,2,1,,3,511,-1,,2,2,0,2,42,844,1,, -1,2,0,1,50,26,5,1,14,14258,2,1,1,2,D511,48.8907336896,-0.2079650105,14,2,2
202100044065,122Â 913,A01,1,1,1,9,1,0,-1,-1, -1,-1,2021,70.0,3,2,0,2,3,10,1,,3,,-1,,2,-1,-1,1,(1),(1),1,, -1,1,0,1,-1,14,4,1,92,92023,2,3,1,3,PETIT CLAMART (AVENUE DU),48.7771214744,2.2285093367,19,3,2
202100023197,160Â 156,A01,1,1,2,5,2,-1,-1,0,0,-1,2021,69.0,2,4,0,2,1,13,1,,2,91,-1,,2,2,0,1,12,5,1,, -1,1,0,1,60,16,8,1,987,98729,2,1,0,1,devant la route de l'usine de jus de fruit,-17.533189,-149.838611,14,2,2
202100007829,187Â 744,A01,2,2,2,5,1,8,-1,-1, -1,-1,2021,62.0,1,2,0,2,2,1,1,,7,POILUS (AVENUE DES),0,,2,3,0,1,0,0,1,, -1,1,0,1,50,16,11,5,13,13212,2,1,0,3,POILUS (AVENUE DES),43.31342,5.46347,19,3,2
202100028923,150Â 031,B01,1,1,1,4,1,-1,-1,0,0,-1,2021,24.0,0,5,16,2,1,2,1,,3,704,0,D,2,2,0,1,(1),(1),2,, -1,1,5,1,50,15,7,1,24,24130,2,1,0,2,Avenue Georges Haupinot,45.1212742055,1.2273073194,15,2,2
202100027940,151Â 762,A01,1,1,1,4,8,0,-1,-1, -1,-1,2021,20.0,2,1,0,2,1,2,3,,4,PRADO (AVENUE DU),0,,2,6,3,1,0,0,1,, -1,1,0,6,50,20,7,1,13,13208,2,1,0,2,PRADO (AVENUE DU),43.270821789,5.3886912463,13,2,2
202100030914,146Â 502,A01,2,2,2,3,1,-1,-1,0,0,-1,2021,51.0,2,2,0,0,2,13,1,,3,202,0,A,2,2,0,1,8,820,3,, -1,1,0,3,80,29,6,1,64,64451,1,1,0,7,Route Departementale 202,43.325388,-0.053719,21,2,1
202100037276,135Â 042,A01,10,3,1,2,0,-1,-1,2,3,1,2021,12.0,2,2,0,1,8,2,1,,4,CESSOLE (BD DE) (JUSQU'AU NÂ° 93-110),0,,2,3,3,1,(1),(1),1,, -1,1,9,1,50,31,5,1,6,6088,2,3,0,6,CESSOLE (BD DE) (JUSQU'AU NÂ° 93-110),43.7161,7.253543,16,2,1
202100015333,174Â 301,A01,1,1,1,9,8,0,-1,-1, -1,-1,2021,32.0,1,2,0,0,0,26,1,,1,ESTIENNE D'ORVES BOULEVARD,0,,1,2,0,1,1,0,3,, -1,2,0,1,50,3,10,1,49,49007,2,1,0,7,ESTIENNE D'ORVES BOULEVARD,47.46143,-0.51694,9,1,1
202100004976,192Â 895,C01,5,2,1,5,8,-1,-1,0,0,-1,2021,31.0,2,2,0,2,1,26,1,,1,10,-1,,3,3,0,1,93,200,1,,"13,5",2,9,1,90,4,12,3,45,45154,1,1,1,5,A10 PK 93+200,47.969956,1.857805,17,9,3
202100035769,137Â 772,A01,10,3,2,9,0,-1,-1,3,3,1,2021,52.0,3,2,0,1,1,16,1,,4,ARDOUIN (AV),0,,1,1,0,1,1,0,1,, -1,1,0,8,50,8,6,1,94,94059,2,1,0,6,Avenue Ardouin,48.8074475813,2.5756716728,9,2,1
202100000809,200Â 275,B01,1,1,2,5,1,-1,-1,-1, -1,-1,2021,26.0,1,2,0,2,4,2,2,,1,AUTOROUTE A 62,0,,3,4,0,1,12,270,1,, -1,1,0,1,130,31,12,1,33,33474,1,1,0,2,,44.676267,-0.482689,16,4,2
202100007642,188Â 086,A01,10,3,1,0,0,-1,-1,3,3,1,2021,50.0,3,2,0,1,2,16,2,,4,GEORGES POMPIDOU (RUE),0,,1,1,0,1,(1),(1),1,, -1,2,0,1,70,16,11,1,10,10387,2,1,1,7,GEORGES POMPIDOU (RUE),48.2872384503,4.0793824196,9,2,1
202100014709,175Â 421,A01,1,1,2,5,0,-1,-1,0,0,-1,2021,20.0,1,2,0,2,3,13,1,,3,979,0,,2,2,0,1,45,0,2,, -1,1,0,1,70,7,10,5,71,71176,2,1,0,1,Avenue des Platanes,46.483328,3.976493,23,2,2
202100020695,164Â 637,B01,1,1,2,0,1,8,-1,0, -1,-1,2021,47.0,1,2,0,2,4,1,1,,4,TY BOS AVENUE DE,0,,2,2,0,1,51,100,1,, -1,1,0,1,50,1,9,1,29,29232,2,3,0,4,Avenue de Ty Bos,47.97119,-4.06414,19,7,3
202100019078,167Â 542,A01,1,1,1,3,1,-1,-1,0,0,-1,2021,86.0,2,2,13,0,0,14,1,,3,620,0,D,2,2,0,1,31,500,1,, -1,1,0,3,50,14,9,1,11,11410,2,9,0,7,D620,43.260831,2.419642,9,1,1
202100019837,166Â 175,B01,1,1,1,4,2,8,-1,-1, -1,-1,2021,25.0,1,1,0,2,2,17,1,,4,ENTRAIDE (ROUTE DE L'),0,,2,1,0,2,0,0,1,, -1,1,0,1,50,9,9,1,972,97209,2,1,0,3,ENTRAIDE (ROUTE DE L'),14.62316,-61.05547,12,2,2
202100003010,196Â 396,A01,1,1,1,1,2,-1,-1,0,0,-1,2021,32.0,2,1,0,2,1,1,1,,2,RT 01,0,R,2,2,1,1,16,200,1,, -1,1,0,1,60,16,12,1,987,98738,1,1,0,3,PK 16.200 RT 01,-17.6409603007,-149.6074073017,6,2,2
202100055729,102Â 250,B01,2,2,2,5,1,-1,-1,0,0,-1,2021,72.0,2,2,0,0,1,1,1,,3,14E1,0,E,2,2,0,1,0,800,1,, -1,1,0,1,80,10,1,1,17,17155,2,2,0,1,D14e1,45.727337,-1.090506,12,3,2
202100042791,125Â 170,B01,1,1,1,5,0,-1,-1,0,0,-1,2021,22.0,2,1,0,0,4,1,5,,3,237,0,D,2,2,0,1,0,320,1,, -1,1,0,1,80,24,4,1,62,62089,1,1,0,2,departementale d237,50.829871,1.655571,14,2,2
202100020049,165Â 789,B01,4,2,2,9,1,0,-1,-1, -1,-1,2021,9.0,2,2,0,0,4,2,1,,3,PALAIS ROYAL,0,,2,2,0,1,(1),(1),1,, -1,1,0,1,70,8,9,1,971,97101,2,1,0,2,PALAIS ROYAL,16.28425,-61.49493,11,3,2
202100007125,189Â 035,A01,10,3,2,9,0,-1,-1,1,0,1,2021,59.0,2,0,0,1,7,14,0,,4,BRIAND (RUE ARISTIDE),0,,2,2,0,1,(1),(1),1,, -1,1,0,1,30,9,11,1,28,28085,2,1,1,6,BRIAND (RUE ARISTIDE),48.44521,1.52081,13,2,1
202100000804,200Â 281,A01,2,2,1,5,8,-1,-1,0,0,-1,2021,58.0,1,2,13,0,1,0,1,,3,9,0,D,2,2,0,1,5,0,2,, -1,1,0,3,80,31,12,1,973,97311,1,1,0,7,Route de Mana,5.5270439517,-53.9514112473,17,2,1
202100015492,174Â 011,A01,2,2,1,5,1,-1,-1,-1,0,-1,2021,17.0,2,2,2,0,1,26,1,,3,ERMONT (RUE D'),0,,3,4,0,1,0,0,1,, -1,1,0,1,50,1,10,5,95,95555,2,9,0,6,ERMONT (RUE D'),48.9731630689,2.2759321509,3,2,1
202100056413,101Â 064,B01,1,1,1,0,2,8,-1,-1, -1,-1,2021,25.0,1,1,0,2,1,2,1,,4,PARADIS (RUE),0,,1,2,0,2,0,0,1,, -1,1,0,1,50,1,1,5,13,13206,2,1,0,3,PARADIS (RUE),43.2857,5.38006,20,2,2
202100039379,131Â 213,A01,1,1,1,0,2,6,-1,0,0,-1,2021,36.0,2,1,0,0,0,17,1,,3,559,0,,2,2,0,2,4,700,1,, -1,1,0,3,70,19,5,1,83,83112,1,1,0,7,Route de Bandol.,43.172432,5.715542,14,1,1
202100005559,191Â 861,B01,2,2,2,0,8,0,-1,-1, -1,-1,2021,47.0,3,2,0,2,1,1,1,,4,MEDERIC (RUE),0,,1,1,0,2,1,0,1,, -1,1,0,1,50,30,11,1,93,93049,2,2,0,3,MEDERIC (RUE),48.868001832,2.5033396425,14,3,2
202100055476,102Â 686,A01,1,1,1,0,8,0,-1,-1, -1,-1,2021,24.0,2,2,8,0,1,13,1,,3,938,0,,2,2,0,1,(1),(1),3,, -1,2,0,1,50,7,1,4,59,59239,2,1,0,6,ALLIES (BOULEVARD DES),50.42923,3.17329,22,1,1
202100041446,127Â 519,A01,1,1,2,5,1,-1,-1,0,0,-1,2021,75.0,2,2,0,2,1,13,1,,3,250,-1,,2,2,0,1,15,10,1,, -1,1,0,1,30,5,5,1,33,33492,2,3,0,1,119 avenue du gÃ©nÃ©ral de gaulle,45.139986,-0.410102,11,3,2
202100050556,111Â 321,A01,1,1,1,0,2,0,-1,-1, -1,-1,2021,20.0,3,1,0,2,1,17,1,,4,LAUDE E(RUE),0,,-1,2,0,1,0,0,1,, -1,1,0,1,50,21,2,1,974,97407,2,1,0,3,LAUDE E(RUE),-20.93729,55.29936,12,2,2
202100050573,111Â 288,A01,2,2,2,9,2,8,-1,-1, -1,-1,2021,23.0,1,1,0,2,1,1,1,,4,MARNE (AVENUE DE LA),0,,2,3,0,1,0,0,1,, -1,2,5,1,50,22,2,2,64,64122,2,2,1,3,MARNE (AVENUE DE LA),43.4824,-1.54448,7,3,2
202100050042,112Â 290,B01,1,1,1,1,2,6,-1,-1, -1,-1,2021,31.0,1,1,0,2,1,2,1,,4,TOURETTE (QUAI DE LA),0,,1,2,3,1,(1),(1),1,, -1,1,0,1,50,25,2,1,13,13202,2,1,0,1,BD JAQUES SAADE,43.3011033669,5.3640507689,8,2,2
202100022749,160Â 936,B01,1,1,2,3,8,0,-1,0,0,-1,2021,43.0,1,1,0,2,1,1,5,,4,RUE AGAR,0,,1,1,0,1,(1),(1),1,, -1,1,0,1,30,24,8,1,75,75116,2,1,0,2,RUE AGAR,48.8513748078,2.2738601267,8,2,2
202100002856,196Â 674,A01,1,1,2,3,2,-1,-1,0,0,-1,2021,49.0,1,1,0,2,1,14,1,,2,2,0,,2,3,0,1,0,600,1,, -1,1,0,1,50,17,12,1,973,97307,2,1,0,3,RN2 - Balata,4.885875,-52.33537,14,3,2
202100003292,195Â 880,A01,1,1,1,5,1,-1,-1,0,0,-1,2021,36.0,1,2,8,0,1,1,2,,3,16,0,,2,2,0,1,(1),(1),1,, -1,1,0,1,90,13,12,1,14,14654,1,1,0,6,VallÃ©e Beslin (Ouville-la-Bien-TournÃ©e),49.057543,-0.007778,13,1,1
202100032033,144Â 489,B01,1,1,1,5,2,-1,-1,0,0,-1,2021,61.0,2,1,0,2,1,1,5,,3,6,-1,,-1,2,0,2,(1),(1),4,, -1,1,0,1,-1,15,6,1,24,24255,1,1,1,1,Route de Callabout,44.938777,1.121252,8,2,2
202100034276,140Â 472,A01,1,1,2,5,1,5,-1,0,0,-1,2021,19.0,2,2,0,2,1,19,1,,2,HUIT MAI 1945 (QUAI DU),0,,2,1,0,1,0,0,1,, -1,1,0,1,50,16,6,5,30,30007,2,2,0,6,HUIT MAI 1945 (QUAI DU),44.13375,4.07834,1,2,2
202100010919,182Â 207,A01,1,1,1,1,1,0,-1,-1, -1,-1,2021,47.0,1,2,0,2,1,1,1,,3,CD20 E,0,,1,1,0,1,(1),(1),1,, -1,1,0,1,50,26,10,2,13,13117,2,2,0,3,LONDRES (AVENUE DE),43.4339723449,5.2425869058,18,2,2
202100006173,190Â 778,B01,9,2,2,3,3,-1,-1,0,0,-1,2021,7.0,1,2,0,2,2,5,1,,3,60,0,D,2,2,0,2,17,400,3,, -1,2,0,1,70,26,11,3,42,42066,1,1,0,1,Route de Montbrison,45.7308767457,4.1724298596,20,5,2
202100054807,103Â 829,A01,1,1,2,5,1,-1,-1,0,0,-1,2021,20.0,1,2,13,9,9,1,1,,3,780,-1,,3,4,0,1,12,473,1,, -1,2,0,3,80,16,1,1,56,56240,1,1,1,7,KerlÃ©venan,47.540679,-2.733997,12,1,1
202100007951,187Â 518,A01,1,1,1,5,1,0,-1,-1, -1,-1,2021,55.0,2,2,0,2,4,23,1,,1,A104,0,,3,8,0,1,25,0,1,, -1,2,0,1,90,16,11,3,77,77438,1,1,1,6,A104,48.8628,2.6682,17,4,3
202100025594,155Â 931,A01,10,3,1,5,8,8,-1,2,3,1,2021,12.0,1,2,0,1,1,9,0,,4,,0,,2,0,0,1,(1),(1),1,, -1,1,0,1,50,24,2,1,69,69256,2,3,0,6,ROMAIN ROLLAND (R),45.75864,4.93115,12,2,1
202100018339,168Â 846,A01,1,1,2,0,1,8,-1,-1, -1,-1,2021,23.0,2,2,0,2,1,2,1,,2,165,0,,3,4,0,1,94,178,1,, -1,1,0,1,90,15,9,1,56,56036,1,1,0,2,N165 sens Brest/Nantes,47.78732,-3.32953,17,2,2
202100030500,147Â 250,A01,1,1,1,5,1,0,-1,-1, -1,-1,2021,75.0,1,2,3,0,1,1,1,,1,A50-Sens Aubagne vers Toulon,0,,3,3,0,2,30,600,1,, -1,1,0,1,110,6,7,1,13,13022,1,1,0,1,A50-Sens Aubagne vers Toulon,43.227,5.583,14,1,1
202100034794,139Â 520,A01,10,3,2,5,0,-1,-1,3,3,1,2021,40.0,2,2,0,1,8,15,1,,4,DIDIER (AV),0,,1,1,0,1,1,0,1,, -1,1,0,1,30,12,6,1,94,94068,2,2,1,6,Avenue Didier,48.79748,2.5088,12,2,1
202100007120,189Â 041,A01,10,3,2,0,0,-1,-1,1,5,1,2021,10.0,1,2,0,1,8,1,1,,3,MARECHAL FOCH,0,,2,2,0,2,3,703,1,, -1,1,0,1,50,18,11,2,76,76447,2,1,0,6,MARECHAL FOCH,49.54041,0.18748,17,2,1
202100023397,159Â 796,A01,10,3,1,9,0,-1,-1,2,3,1,2021,4.0,1,2,0,1,1,1,1,,4,CROISETTE (BOULEVARD DE LA),0,,3,4,0,1,(1),(1),1,, -1,1,0,1,30,19,8,5,6,6029,2,1,0,6,CROISETTE (BOULEVARD DE LA),43.54623,7.03314,20,2,1
202100008868,185Â 890,A01,2,2,1,4,1,-1,-1,0,0,-1,2021,15.0,2,5,0,2,1,2,1,,1,7,-1,,3,5,0,1,109,350,1,, -1,1,0,1,130,9,11,1,26,26312,1,1,0,2,Autourte du Soleil,44.607182,4.793687,12,3,2
202100002098,198Â 046,A01,1,1,1,5,2,-1,-1,0,0,-1,2021,24.0,1,1,0,2,1,1,1,,3,39,-1,,2,2,0,4,14,375,1,, -1,1,0,1,50,22,12,5,66,66227,2,3,1,3,D39,42.639436,2.911613,17,2,2
202100053567,105Â 969,B01,1,1,1,5,2,8,-1,-1,0,-1,2021,31.0,3,1,0,2,1,1,1,,4,GUILLOT (BOULEVARD MARCEAU),0,,2,2,0,1,(1),(1),1,, -1,1,0,1,50,26,1,1,95,95018,1,3,0,1,GUILLOT (BOULEVARD MARCEAU),48.95515,2.252688,14,2,2
202100012418,179Â 510,A01,10,3,1,5,0,-1,-1,8,3,1,2021,62.0,1,3,0,1,3,1,3,,4,DUCS (RUE DES),0,,2,4,3,2,0,0,1,, -1,1,4,6,50,15,10,5,67,67482,2,8,0,6,DUCS (RUE DES),48.58996,7.71551,21,3,1
202100035532,138Â 196,A01,10,3,1,5,0,-1,-1,2,4,1,2021,83.0,1,4,0,1,7,1,1,,4,RUE LA FAYETTE,0,,1,2,1,1,(1),(1),1,, -1,1,0,1,30,8,6,1,75,75109,2,1,0,6,RUE LA FAYETTE,48.874881,2.340162,14,2,1
202100000119,201Â 541,A01,10,3,2,2,0,-1,-1,2,3,3,2021,15.0,0,2,0,1,1,1,6,,4,JEAN DE LA FONTAINE (PLACE),0,,3,2,0,1,0,0,1,, -1,1,0,8,30,14,10,1,2,2168,2,7,0,6,JEAN DE LA FONTAINE (PLACE),49.04458,3.403077,17,3,1
202100000125,201Â 532,A01,1,1,1,0,8,0,-1,-1, -1,-1,2021,23.0,2,2,0,0,3,1,1,,3,RD 1005,0,,1,1,0,1,18,150,2,, -1,2,2,1,90,16,7,2,74,74013,1,1,1,7,RD 1005,46.348261,6.44184,5,1,1
202100051033,110Â 448,B01,1,1,1,1,1,4,-1,-1, -1,-1,2021,26.0,2,5,0,2,4,23,1,,3,PARIS (AVENUE DE),0,,2,3,0,1,40,99,1,, -1,2,0,1,50,16,2,5,77,77320,2,1,1,6,PARIS (AVENUE DE),48.81786,3.05409,18,2,2
202100009842,184Â 105,A01,1,1,1,5,8,-1,-1,0,0,-1,2021,50.0,2,2,0,0,1,2,1,,3,951,-1,,2,2,0,1,79,100,1,, -1,2,0,1,70,29,10,3,45,45300,1,1,1,2,1271 Route de Jargeau,47.850467,2.050031,19,2,2
202100009700,184Â 366,A01,2,2,2,5,1,0,-1,-1, -1,-1,2021,39.0,1,2,4,0,8,19,1,,1,A50,0,,3,6,0,1,37,700,1,, -1,1,0,1,130,1,11,3,13,13023,1,1,0,6,A50,43.20987,5.62421,3,2,1
202100001113,199Â 779,A01,2,2,2,9,1,-1,-1,0,0,-1,2021,78.0,2,2,3,0,3,2,1,,1,40,-1,,3,3,0,2,128,400,1,, -1,3,0,6,110,29,12,1,1,1067,1,1,1,3,A40 Pk ! 128+400 GENEVE/MACON,46.130547,5.509146,15,3,2
202100008275,186Â 922,B01,1,1,1,5,2,0,-1,-1, -1,-1,2021,40.0,0,1,0,2,1,1,1,,4,LEONARD DE VINCI,0,,2,0,0,1,0,0,1,, -1,1,0,1,50,13,11,4,92,92026,2,3,0,3,LEONARD DE VINCI,48.8970850797,2.2381478548,18,2,2
202100037334,134Â 933,B01,1,1,1,5,1,-1,-1,0,0,-1,2021,64.0,1,2,0,2,4,1,1,,1,75,0,A,3,4,0,1,285,352,1,, -1,1,0,1,130,30,5,1,34,34036,1,1,0,2,A75 - PK: 285.300,43.677696,3.409083,16,5,2
202100052011,108Â 738,B01,1,1,1,2,8,0,-1,-1, -1,-1,2021,16.0,2,1,0,2,4,2,0,,4,,0,,-1,2,0,1,(1),(1),1,, -1,1,0,1,50,9,2,1,45,45234,2,1,0,2,Avenue Dauphine,47.8910454662,1.9047794474,14,2,2
202100028099,151Â 477,B01,1,1,1,5,1,-1,-1,-1,0,-1,2021,19.0,2,2,0,2,8,11,1,,3,RN 1 SENS PARIS- PROVINCE,0,,3,4,0,1,4,700,1,, -1,1,0,1,90,19,7,1,95,95489,1,1,0,3,RD 301,49.0144670214,2.352039814,15,2,2
202100018171,169Â 130,A01,1,1,2,9,1,0,-1,0,0,-1,2021,48.0,3,2,1,0,2,13,1,,4,AVENUE CARTELLIER,0,,1,3,0,1,(1),(1),1,, -1,1,0,1,50,17,9,1,75,75120,2,4,0,6,AVENUE CARTELLIER,48.864521,2.412609,13,1,1
202100044572,122Â 046,A01,4,2,2,5,1,-1,-1,-1, -1,-1,2021,21.0,2,2,2,0,1,1,1,,9,PISTE 214,0,,2,2,0,1,(1),(1),1,, -1,1,0,1,30,9,4,1,33,33529,1,1,0,6,Piste 214,44.586155,-1.203333,16,3,1
202100005199,192Â 480,B01,1,1,1,1,1,8,-1,-1, -1,-1,2021,55.0,2,2,14,2,3,26,1,,1,AUTOROUTE A1,0,,3,3,0,1,11,399,1,, -1,1,0,1,110,2,12,1,93,93005,1,1,0,6,AUTOROUTE A1,48.95673,2.46063,16,2,2
202100043954,123Â 110,B01,1,1,1,4,1,-1,-1,0,0,-1,2021,61.0,1,5,0,2,3,15,1,,3,97,0,,2,2,0,1,24,650,1,, -1,1,0,1,80,12,4,1,83,83100,1,1,0,3,Route Departementale 97,43.263144,6.113441,17,2,2
202100029110,149Â 714,B01,1,1,1,0,1,0,-1,-1, -1,-1,2021,29.0,2,5,0,2,4,1,1,,3,AQUITAINE (AVENUE DE L'),0,,2,4,0,2,5,315,1,, -1,2,0,1,50,12,7,1,64,64102,2,1,0,4,AQUITAINE (AVENUE DE L'),43.48826,-1.45963,18,3,3
202100009366,184Â 964,B01,1,1,1,5,2,-1,-1,0,0,-1,2021,32.0,1,1,0,2,1,17,1,,2,10,0,T,2,2,0,2,26,7,1,,7,1,0,1,50,6,11,1,201,201247,2,3,0,3,Avenue de Bastia,41.612795,9.279435,11,2,2
202100001893,198Â 413,A01,1,1,2,0,2,6,-1,-1, -1,-1,2021,26.0,2,1,2,0,3,26,1,,4,SAINT LOUP (BOULEVARD DE),0,,2,2,0,1,0,0,3,, -1,1,6,1,50,21,12,5,13,13211,2,1,0,7,SAINT LOUP (BOULEVARD DE),43.2834999457,5.434166806,23,1,1
202100024948,157Â 067,A01,2,2,2,0,2,-1,-1,0,0,-1,2021,52.0,1,1,0,2,1,2,1,,3,900,0,B,2,2,0,1,20,800,1,, -1,1,0,1,90,9,8,1,5,5050,1,1,0,2,D900b,44.463981,6.222445,16,3,2
202100011757,180Â 699,A01,1,1,1,5,2,-1,-1,-1, -1,-1,2021,17.0,2,1,0,2,1,1,1,,3,VINCENDERIE ( RUE DE LA ),0,,2,2,0,1,17,145,1,, -1,1,0,1,50,21,8,1,86,86194,2,1,0,2,Rue de la Vincenderie,46.593539,0.340447,20,2,2