Num_Acc,id_vehicule,num_veh,place,catu,sexe,trajet,secu1,secu2,secu3,locp,actp,etatp,year_acc,victim_age,senc,catv,obs,obsm,choc,manv,motor,occutc,catr,voie,v1,v2,circ,nbv,vosp,prof,pr,pr1,plan,lartpc,larrout,surf,infra,situ,vma,jour,mois,lum,dep,com,agg_,int,atm,col,adr,lat,long,hour,nb_victim,nb_vehicules
202100055995,101Â 799,A01,1,1,2,0,1,-1,-1,0,0,-1,2021,27.0,1,2,13,2,3,15,1,,3,436,0,,2,2,0,2,5,460,1,, -1,2,5,1,50,8,1,1,77,77141,2,4,0,3,Route de Melun,48.864376,2.855233,16,4,2
202100044221,122Â 629,A01,2,2,2,5,1,0,-1,-1, -1,-1,2021,34.0,2,2,0,2,2,1,1,,1,6,0,,3,3,0,1,8,350,1,, -1,1,0,1,90,13,4,1,91,91689,1,1,0,3,AUTOROUTE A6B,48.7412,2.32121,8,3,2
202100013025,178Â 467,A01,1,1,1,0,2,6,-1,-1, -1,-1,2021,30.0,3,1,0,2,1,19,1,,7,AMBROISE CROIZAT                    (BD),0,,1,3,0,1,2,0,1,, -1,1,0,1,50,14,10,1,69,69259,2,2,0,3,EMILE ZOLA (R),45.70314,4.88744,16,2,2
202100024808,157Â 312,A01,1,1,2,4,1,-1,-1,0,0,-1,2021,46.0,1,2,13,0,3,1,1,,3,30.2,-1,,2,2,0,1,14,50,1,, -1,9,0,8,80,10,8,1,28,28282,1,1,0,7,D30.2,48.336522,1.142818,10,1,1
202100052630,107Â 652,A01,1,1,1,5,2,6,9,0,0,-1,2021,34.0,1,1,8,0,0,1,1,,3,202,-1,,2,2,0,1,2,500,1,, -1,1,0,3,80,4,2,1,83,83127,1,1,0,7,D202,43.27643,5.913183,17,1,1
202100024232,158Â 355,A01,1,1,2,5,1,0,-1,-1, -1,-1,2021,36.0,1,2,0,2,1,2,1,,2,RN2 SENS STE SUZANNE ST BENOIT,0,,2,4,0,1,(1),(1),1,, -1,1,9,1,110,13,8,1,974,97409,1,1,0,2,RN2 SENS STE SUZANNE ST BENOIT,-20.9716905238,55.6552530942,17,2,2
202100004730,193Â 323,A01,10,3,2,0,0,-1,-1,9,B,-1,2021,71.0,2,2,0,1,3,1,1,,4,POUDRETTE     (Rue de la),0,,2,3,0,1,(1),(1),1,, -1,1,0,1,50,3,12,1,69,69266,2,3,0,6,POUDRETTE (DE LA) (R),45.7616725224,4.9201342463,11,2,1
202100040008,130Â 081,B01,1,1,1,4,0,-1,-1,0,0,-1,2021,30.0,1,2,0,0,4,23,1,,2,6,0,N,2,3,0,4,81,113,1,, -1,2,0,1,90,14,5,1,89,89295,1,1,1,2,N6,47.831596,3.553391,14,2,2
202100020803,164Â 463,A01,1,1,2,5,1,0,-1,-1, -1,-1,2021,26.0,2,2,0,2,4,2,1,,1,A55-Sens Martigues vers Marseille,0,,-1,3,0,2,6,0,2,, -1,2,0,1,90,3,9,1,13,13216,1,1,1,2,A55-Sens Martigues vers Marseille,43.3479963424,5.3448970312,19,2,2
202100048963,114Â 230,B01,1,1,1,9,2,8,-1,0,0,-1,2021,45.0,0,1,0,2,3,1,1,,4,PLACE DE LA CONCORDE,0,,2,0,0,1,(1),(1),1,, -1,1,0,1,50,6,3,1,75,75108,2,7,0,3,PLACE DE LA CONCORDE,48.866589762,2.3219722509,20,2,2
202100029758,148Â 594,B01,1,1,1,3,2,0,-1,-1, -1,-1,2021,34.0,1,1,0,2,1,1,1,,4,EUROPE (AVENUE DE L'),0,,2,2,0,2,0,1,2,, -1,2,0,1,50,8,7,1,74,74298,2,1,1,3,EUROPE (AVENUE DE L'),46.17636,6.24305,13,2,2
202100033194,142Â 430,A01,3,2,2,5,1,0,-1,-1, -1,-1,2021,23.0,1,2,6,0,1,1,1,,4,GAMBARDELLA EMANUEL (RUE),0,,2,1,0,1,(1),(1),1,, -1,1,0,4,50,18,6,5,34,34032,2,1,0,6,GAMBARDELLA EMANUEL (RUE),43.335191,3.24936,23,3,1
202100010927,182Â 194,SA01,1,1,1,0,2,6,-1,0,0,-1,2021,15.0,1,1,12,0,2,1,1,,3,,0,,2,2,0,1,56,716,3,, -1,1,0,1,50,26,10,5,6,6104,2,1,0,7,FRANCE (AVENUE DE),43.753306,7.445747,23,1,1
202100033840,141Â 269,B01,2,2,2,5,1,0,-1,0,0,-1,2021,22.0,0,2,0,2,1,1,1,,3,ROUTE DE CORNEILHAN (RD.154),0,,2,2,0,1,2,215,1,, -1,1,0,1,80,15,6,3,34,34032,1,1,0,1,ROUTE DE CORNEILHAN (RD.154),43.36829,3.20992,23,3,2
202100047565,116Â 746,A01,1,1,2,1,1,-1,-1,0,0,-1,2021,43.0,2,2,0,5,1,1,1,,1,35,0,,3,4,0,1,79,0,1,, -1,2,0,1,130,16,3,1,68,68037,1,1,1,7,Autoroute A35 PK 79.000,47.967708,7.370903,17,1,1
202100019574,166Â 644,A01,1,1,1,5,1,-1,-1,0,0,-1,2021,36.0,2,2,14,0,1,1,1,,3,62,-1,,2,2,0,1,2,784,1,, -1,1,9,8,90,12,9,3,30,30003,1,6,0,7,RD62,43.572331,4.174536,3,1,1
202100013316,177Â 944,B01,1,1,1,9,2,6,-1,0,0,-1,2021,45.0,3,1,0,2,8,19,5,,4,QUAI DE L HOTEL DE VILLE,0,,2,4,1,1,(1),(1),1,, -1,1,-1,5,30,14,10,1,75,75104,2,2,0,3,QUAI DE L HOTEL DE VILLE,48.855347,2.352838,8,2,2
202100001533,199Â 061,A01,1,1,1,5,1,-1,-1,0,0,-1,2021,49.0,0,2,8,0,2,1,1,,4,,-1,,2,2,0,1,0,0,1,,4,2,0,3,80,25,12,1,24,24229,1,1,0,1,Chemin du Bos,45.127085,1.254308,13,1,1
202100002492,197Â 319,B01,1,1,1,5,1,-1,-1,0,0,-1,2021,31.0,2,2,0,2,3,23,1,,3,653,-1,D,2,2,0,4,129,710,1,, -1,1,5,6,50,17,12,5,46,46201,2,2,0,3,Croisement D28 / D653,44.34377,1.209151,20,2,2
202100023354,159Â 869,A01,2,2,2,5,2,-1,-1,0,0,-1,2021,41.0,2,1,0,2,1,2,1,,2,85,0,,2,2,0,1,7,700,1,, -1,1,2,1,70,20,8,1,5,5142,1,1,0,2,Pont de Richards (Plateforme),44.7744384455,6.0177675582,15,4,2
202100022434,161Â 538,A01,10,3,2,5,0,-1,-1,4,3,1,2021,45.0,1,2,0,1,2,26,1,,4,CLEMENCEAU BOULEVARD,0,,2,2,0,1,1,0,1,, -1,1,0,1,30,26,8,1,49,49007,2,1,0,6,CLEMENCEAU BOULEVARD,47.47865,-0.56518,14,2,1
202100044944,121Â 395,A01,1,1,2,1,0,-1,-1,-1, -1,-1,2021,20.0,1,1,0,2,4,0,3,,4,SAINT NICOLAS (RUE),0,,2,2,0,1,(1),(1),1,, -1,1,0,1,50,5,4,1,50,50218,2,3,0,3,SAINT NICOLAS (RUE),48.83202,-1.56703,17,2,2
202100009454,184Â 804,B01,1,1,1,0,2,6,-1,0,0,-1,2021,34.0,3,1,0,2,3,1,1,,7,ANGLAIS (DU NÂ° 265 AU NÂ° 350),0,,1,3,0,1,(1),(1),1,, -1,1,0,1,50,4,11,1,6,6088,2,2,0,3,ANGLAIS (DU NÂ° 265 AU NÂ° 350),43.677842,7.229306,14,3,2
202100014329,176Â 092,A01,1,1,1,0,2,6,-1,-1, -1,-1,2021,63.0,2,1,0,2,1,5,1,,3,,0,,2,3,0,1,0,0,1,, -1,1,0,1,50,7,10,1,91,91570,2,1,0,1,SAINTE GENEVIEVE (RUE),48.63836,2.31492,19,2,2
202100043326,124Â 217,A01,1,1,1,0,8,8,8,-1, -1,-1,2021,14.0,1,0,1,0,1,14,0,,4,CERAMISTES (RUE DES),0,,2,2,0,1,0,0,1,, -1,1,0,1,50,17,4,1,49,49099,2,1,0,6,CERAMISTES (RUE DES),47.04886,-0.89964,20,1,1
202100042032,126Â 493,B01,1,1,2,2,8,0,-1,-1, -1,-1,2021,11.0,3,1,0,2,1,19,0,,4,SERBIE (PLACE DE),0,,2,2,0,1,(1),(1),1,, -1,1,0,1,20,28,4,1,35,35238,2,1,0,3,SERBIE (PLACE DE),48.08812,-1.65902,17,3,2
202100035119,138Â 930,A01,1,1,1,5,2,-1,-1,0,0,-1,2021,21.0,2,1,0,2,1,11,1,,3,D1,0,,2,2,0,1,17,50,2,, -1,1,0,1,80,11,6,3,63,63457,1,1,0,3,DÃ©partementale 1,45.6607884394,3.2198953826,22,2,2
202100008077,187Â 296,A01,10,3,1,3,0,-1,-1,4,3,1,2021,45.0,1,2,0,1,1,16,3,,3,,-1,,1,1,0,1,(1),(1),1,,"3,5",2,6,1,50,4,11,2,91,91573,2,9,1,6,Avenue de la Tour Maury,48.615981,2.508718,17,2,1
202100005958,191Â 146,B01,1,1,1,5,2,-1,-1,-1, -1,-1,2021,23.0,1,1,0,2,1,1,1,,4,MERIGNAC (AVENUE DE),0,,2,2,1,1,(1),(1),1,, -1,1,0,1,50,22,11,5,33,33063,2,2,0,3,Avenue de MÃ©rignac,44.83863,-0.621,19,2,2
202100000399,200Â 989,B01,2,2,2,0,1,0,-1,-1, -1,-1,2021,54.0,0,2,0,2,4,1,1,,7,D 543,0,,2,2,0,1,0,0,1,, -1,1,0,1,50,28,7,1,13,13071,2,1,0,2,D 543,43.41468,5.36714,15,5,2
202100031762,144Â 987,A01,1,1,1,0,2,0,-1,-1, -1,-1,2021,20.0,1,1,1,2,1,2,1,,3,9,0,,2,2,0,1,0,0,1,, -1,2,0,1,50,28,6,1,92,92026,2,1,1,2,SAINT-DENIS BD (120 A 174 / DE 199 A 315,48.89909,2.26656,19,2,2
202100029632,148Â 821,B01,1,1,2,0,1,8,-1,-1, -1,-1,2021,21.0,2,2,0,2,1,1,1,,3,WLADIMIR D ORMESSON (AV),0,,2,2,0,1,1,0,1,, -1,1,0,1,50,9,7,1,94,94055,2,1,0,5,Avenue Wladimir dâOrmesson,48.7862,2.54147,16,4,3
202100055820,102Â 094,A01,10,3,2,5,0,-1,-1,3,3,2,2021,44.0,1,2,0,1,1,21,1,,4,CARNOT (RUE),0,,1,1,0,1,(1),(1),1,, -1,2,5,1,50,7,1,1,10,10387,2,1,0,6,CARNOT (RUE),48.29724,4.06594,9,2,1
202100037653,134Â 355,A01,1,1,1,5,2,6,-1,0,0,-1,2021,19.0,0,1,6,0,9,1,1,,3,175,0,D,2,2,0,1,92,500,1,, -1,1,0,1,50,29,5,1,80,80815,2,1,0,6,Rue du MarÃ©chal Leclerc,50.317004,1.763037,18,1,1
202100044974,121Â 340,A01,1,1,1,5,2,6,-1,0,0,-1,2021,29.0,1,1,0,1,2,1,1,,4,RUE DU FAUBOURG SAINT MARTIN,0,,2,2,0,1,(1),(1),1,, -1,1,0,1,50,6,4,1,75,75110,2,3,0,6,RUE DU FAUBOURG SAINT MARTIN,48.880405,2.364303,18,3,2
202100029155,149Â 631,A01,3,2,2,9,1,0,-1,0,0,-1,2021,23.0,2,2,0,2,2,1,3,,4,RUE DU PRINTEMPS,0,,1,1,0,1,(1),(1),1,, -1,2,0,1,30,13,7,1,75,75117,2,3,1,3,RUE DU PRINTEMPS,48.886688,2.308629,16,3,2
202100008605,186Â 356,B01,1,1,2,9,2,0,-1,0,0,-1,2021,33.0,3,1,0,2,5,19,5,,4,QUAI SAINT EXUPERY,0,,1,2,1,1,(1),(1),1,, -1,1,-1,5,50,10,11,1,75,75116,2,4,0,3,QUAI SAINT EXUPERY,48.836394,2.263773,10,2,2
202100032365,143Â 913,B01,1,1,1,9,2,6,-1,0,0,-1,2021,77.0,1,1,0,0,7,1,0,,3,281,0,,1,1,0,1,4,880,2,, -1,1,5,1,50,21,6,1,64,64410,2,6,0,3,rond point des chenes mourenx,43.37413,-0.624381,8,2,2
202100029569,148Â 937,A01,1,1,1,0,1,0,-1,-1, -1,-1,2021,39.0,2,2,4,2,3,0,1,,1,AUTOROUTE A1,0,,2,8,3,2,4,0,1,, -1,1,0,1,90,10,7,5,972,97213,1,1,0,6,AUTOROUTE A1,14.61815,-61.03242,4,1,1
202100025908,155Â 378,B01,1,1,1,5,2,6,-1,0,0,-1,2021,56.0,1,1,0,2,8,17,1,,3,40,-1,,2,2,0,1,15,450,3,, -1,1,0,1,80,2,8,1,29,29167,1,1,0,3,Penfrat Huella,47.964612,-4.308894,12,2,2
202100030798,146Â 712,A01,1,1,1,1,1,0,-1,-1, -1,-1,2021,61.0,1,2,0,2,8,1,1,,3,,0,,2,4,0,2,0,0,1,, -1,1,0,1,50,29,6,1,91,91326,2,2,0,3,COUR DE FRANCE (AVENUE DE LA),48.69287,2.37083,6,2,2
202100015801,173Â 424,A01,1,1,1,5,1,-1,-1,0,0,-1,2021,39.0,1,2,2,0,2,1,1,,2,10,-1,,2,2,0,1,90,800,1,,7,9,8,3,80,2,10,1,202,202123,1,1,0,7,40 Route de Vadina,42.0763544186,9.4675862802,12,1,1
202100045410,120Â 560,B01,1,1,1,1,2,0,-1,-1, -1,-1,2021,52.0,2,1,0,2,8,15,1,,4,ROMAIN ROLLAND (BOULEVARD),0,,2,4,0,1,(1),(1),1,, -1,1,0,1,50,2,4,1,13,13210,2,9,0,3,ROMAIN ROLLAND (BOULEVARD),43.274734,5.415492,9,3,2
202100051087,110Â 361,A01,1,1,1,1,8,0,-1,0,0,-1,2021,38.0,1,1,8,2,3,15,5,,4,RUE DU TEMPLE,0,,1,3,0,1,(1),(1),3,, -1,1,0,1,50,17,2,1,75,75103,2,4,0,1,RUE DU TEMPLE,48.8668096515,2.3620036436,12,2,2
202100030644,146Â 981,A01,1,1,1,1,1,-1,-1,0,0,-1,2021,22.0,1,2,0,2,7,1,1,,3,918,0,D,2,2,0,1,55,145,3,, -1,2,0,1,80,6,7,2,64,64066,1,1,1,1,D918,43.204413,-1.273888,7,2,2
202100008662,186Â 260,A01,1,1,2,9,1,8,-1,-1, -1,-1,2021,34.0,1,2,3,2,4,2,2,,1,A7-Sens Lyon vers Marseille,0,,1,3,0,1,264,0,1,, -1,2,0,1,110,10,11,1,13,13117,1,1,1,2,A7-Sens Lyon vers Marseille,43.418088,5.273441,8,4,2
202100005340,192Â 245,A01,10,3,1,2,0,-1,-1,2,3,1,2021,19.0,1,2,0,1,3,1,1,,4,,0,,2,2,0,1,(1),(1),1,, -1,2,0,1,50,30,11,5,25,25056,2,1,1,6,LAPLACE   RUE PIERRE,47.251364,5.986897,18,3,2
202100014795,175Â 265,A01,10,3,2,3,0,-1,-1,3,3,1,2021,50.0,1,5,0,1,1,1,1,,3,GAMBETTA (RUE),0,,2,1,0,1,(1),(1),1,, -1,2,0,1,50,6,10,5,54,54273,2,7,0,6,GAMBETTA (RUE),49.15683,5.88257,7,2,1
202100045019,121Â 255,A01,1,1,1,5,2,6,-1,-1, -1,-1,2021,22.0,2,1,0,2,1,13,1,,4,TOGA,0,,2,4,0,1,0,0,1,, -1,1,0,1,50,5,4,2,202,202033,2,1,0,1,TOGA,42.70822,9.45372,19,3,2
202100037662,134Â 337,A01,1,1,1,5,2,-1,-1,0,0,-1,2021,58.0,2,1,0,2,1,1,1,,3,11,0,D,2,2,0,4,0,90,1,,5,1,0,1,80,29,5,1,39,39350,1,1,0,3,34 Rue du ChÃ¢teau d'Eau,47.035328,5.636379,19,2,2
202100055350,102Â 900,A01,10,3,2,1,0,-1,-1,3,3,1,2021,26.0,2,1,0,1,1,17,1,,4,RUE DE ROME,0,,2,2,0,1,(1),(1),1,, -1,2,0,1,30,12,1,2,75,75117,2,2,1,6,RUE DE ROME,48.8840260144,2.3185175657,8,2,1
202100008701,186Â 184,A01,2,2,2,0,1,0,-1,-1, -1,-1,2021,31.0,3,2,9,0,1,1,1,,4,CHURCHILL WINSTON (BD) NÂ° PAIRS DE 2 A 8,0,,3,2,2,1,0,0,1,, -1,1,0,1,50,6,11,5,72,72181,2,9,0,6,CHURCHILL WINSTON (BD) NÂ° PAIRS DE 2 A 8,47.9885166843,0.2148520944,3,2,1
202100028839,150Â 168,B01,1,1,2,2,1,0,-1,-1, -1,-1,2021,21.0,2,2,0,2,4,1,1,,2,2122,0,,2,2,0,1,49,300,1,, -1,1,0,1,50,15,7,1,15,15014,2,1,0,4,POMPIDOU (AVENUE GEORGES),44.91309,2.44549,18,4,3
202100027729,152Â 149,Z01,10,3,2,5,0,-1,-1,3,3,1,2021,20.0,1,1,0,1,1,1,1,,4,,0,,1,1,0,1,0,0,1,, -1,1,0,1,50,20,7,1,49,49099,2,2,0,6,OISILLONNETTE (RUE DE L'),47.0661,-0.87623,11,2,1
202100030624,147Â 016,A01,1,1,1,0,8,-1,-1,0,0,-1,2021,37.0,2,2,4,0,1,1,1,,1,34,-1,,3,4,0,1,108,150,1,, -1,1,0,1,-1,5,7,1,51,51454,1,1,0,7,A34,49.253549,4.084597,14,1,1
202100017184,170Â 918,A01,1,1,1,4,1,-1,-1,0,0,-1,2021,20.0,2,5,0,2,2,17,1,,3,138,-1,D,2,2,0,1,18,500,1,, -1,1,0,1,80,25,8,1,62,62094,1,1,0,3,D138,50.445071,1.788674,17,3,2
202100030822,146Â 672,A01,10,3,2,0,0,-1,-1,2,3,2,2021,73.0,0,5,0,1,2,1,1,,4,RIMBAUD ( RUE EMILE ),0,,1,1,0,1,(1),0,1,, -1,1,0,1,50,29,6,1,83,83069,2,1,0,6,RIMBAUD ( RUE EMILE ),43.08074,6.15557,18,3,1
202100021065,164Â 006,B01,1,1,1,1,8,-1,-1,0,0,-1,2021,53.0,1,1,0,2,4,23,1,,3,PROVENCE AVENUE DE,0,,3,2,0,1,47,500,1,, -1,1,0,1,70,3,9,1,26,26362,2,1,0,2,Avenue de Provence,44.912993,4.877865,19,2,2
202100020698,164Â 633,B01,1,1,1,5,0,-1,-1,0,0,-1,2021,17.0,3,1,0,2,1,19,0,,4,MAUNOURY (RUE DU DOCTEUR),0,,2,2,0,1,0,0,1,, -1,1,5,1,30,31,8,5,28,28085,2,2,0,3,MAUNOURY (RUE DU DOCTEUR),48.43959,1.48207,21,2,2
202100012221,179Â 875,B01,1,1,1,2,2,0,-1,-1, -1,-1,2021,16.0,1,1,0,2,7,1,1,,4,SAINT-JACQUES (BOULEVARD),0,,1,2,0,1,0,0,1,, -1,1,9,1,50,19,10,1,21,21054,2,1,0,3,SAINT-JACQUES (BOULEVARD),47.020753133,4.8375905094,12,2,2
202100053790,105Â 601,A01,1,1,1,5,2,6,-1,0,0,-1,2021,17.0,1,1,0,2,1,17,1,,3,164,-1,,2,2,0,1,2,416,1,, -1,1,0,1,80,26,1,2,26,26011,1,1,0,5,Route de Die,44.715498,5.042553,17,4,4
202100053199,106Â 642,A01,10,3,1,0,0,-1,-1,5,3,2,2021,6.0,3,2,0,1,3,0,1,,4,VAILLANT COUTURIER (RUE PAUL) NÂ°1 A 103,0,,1,1,0,1,(1),(1),1,, -1,2,0,1,50,29,1,5,51,51454,2,1,1,7,Rue Paul Vaillant Couturier,49.2659117292,4.0253188741,18,2,1
202100041702,127Â 070,A01,1,1,1,1,2,6,-1,0,0,-1,2021,57.0,1,1,0,2,2,3,1,,3,3,0,D,2,1,0,1,202,105,1,,3,2,0,1,50,21,4,1,974,97422,2,3,0,3,Rue Charles Baudelaire,-21.257671,55.501567,7,2,2
202100029571,148Â 934,A01,1,1,1,0,2,-1,-1,-1, -1,-1,2021,39.0,2,1,0,2,1,1,1,,4,ST CLAIR (DE)                       (GR),0,,1,1,0,1,(1),(1),1,, -1,1,0,1,50,9,7,1,69,69034,2,1,0,2,ST CLAIR (DE) (R) (GR),45.7869621066,4.8504301212,20,2,2
202100019129,167Â 432,A01,10,3,1,5,0,-1,-1,9,B,1,2021,69.0,0,1,0,1,1,1,5,,4,PAUL VERLAINE       (Rue),0,,2,2,2,1,(1),(1),1,, -1,1,0,1,50,13,9,1,69,69266,2,2,0,6,PAUL VERLAINE (R),45.76477,4.88045,7,2,1
202100021125,163Â 897,A01,1,1,1,4,1,-1,-1,0,0,-1,2021,49.0,1,5,16,0,9,1,1,,1,16,-1,A,3,4,0,1,151,500,1,, -1,1,0,3,130,4,9,1,80,80296,1,1,0,7,Autoroute A16 - PK151.5,50.034044,2.047577,12,1,1
202100010086,183Â 673,B01,1,1,2,5,1,-1,-1,0,0,-1,2021,62.0,0,2,0,2,8,10,1,,3,38,-1,,2,2,0,2,0,104,1,, -1,1,0,1,50,31,10,1,36,36012,2,1,0,3,Rue du 11 Novembre,46.4890871883,1.5627062915,14,2,2
202100039100,131Â 741,B01,1,1,1,1,1,8,-1,-1, -1,-1,2021,45.0,1,2,0,2,1,1,1,,4,KERULVE (RUE  DE ),0,,2,2,0,1,(1),(1),1,, -1,1,0,1,30,19,5,1,56,56121,2,3,0,3,KERULVE (RUE  DE ),47.76421,-3.38955,15,2,2
202100046530,118Â 614,A01,10,3,1,3,0,-1,-1,2,3,1,2021,85.0,3,2,0,1,4,4,1,,4,,0,,1,2,0,1,(1),(1),1,, -1,2,0,1,30,26,3,1,35,35238,2,1,0,6,Rue du Bosphore,48.08235,-1.68005,16,4,1
202100037744,134Â 202,A01,2,1,1,0,2,0,-1,-1, -1,-1,2021,34.0,2,1,0,2,9,21,1,,4,USINE (RUE DE L'),0,,-1,1,0,1,(1),(1),1,, -1,1,0,1,50,28,5,1,971,97107,2,9,0,3,USINE (RUE DE L'),16.04946,-61.56614,13,2,2
202100053429,106Â 211,A01,10,3,1,2,0,-1,-1,2,3,1,2021,18.0,3,2,0,1,2,1,1,,4,JARDIN PUBLIC (RUE DU),0,,2,2,0,1,0,0,1,, -1,1,0,1,50,27,1,1,91,91549,2,1,0,6,JARDIN PUBLIC (RUE DU),48.64869,2.31826,10,2,1
202100023336,159Â 899,A01,1,1,1,5,1,-1,-1,0,0,-1,2021,83.0,2,2,8,2,1,14,1,,3,1508,0,,2,2,0,1,44,100,1,, -1,1,0,1,50,21,8,1,74,74267,2,1,0,1,210 Rte d Albertville,45.881334,6.141894,18,2,2
202100052273,108Â 272,A01,1,1,1,4,2,6,-1,0,0,-1,2021,18.0,3,1,12,0,0,1,1,,7,7,-1,,2,2,0,1,43,400,1,, -1,1,0,1,70,8,2,1,69,69044,1,1,0,7,PARIS (DE) (RTE),45.77773,4.75153,13,1,1
202100004776,193Â 241,B01,2,2,2,5,1,-1,-1,-1, -1,-1,2021,73.0,2,2,0,2,1,16,1,,3,DOUARNENEZ ROUTE DE,0,,2,2,0,1,59,400,1,, -1,2,0,1,70,4,12,1,29,29232,1,6,0,1,Route de Douarnenez,48.0018206,-4.157584905,10,4,2
202100023731,159Â 199,A01,1,1,2,1,1,5,-1,-1, -1,-1,2021,56.0,1,2,0,2,3,15,1,,3,LAMARTINE (RUE),0,,2,2,0,1,22,900,1,, -1,1,0,1,50,16,8,1,10,10265,2,3,0,3,JEAN DE LA FONTAINE (RUE),48.29976,4.04523,13,3,2
202100051194,110Â 165,A01,1,1,1,3,2,6,-1,0,0,-1,2021,35.0,1,1,0,0,0,15,1,,4,QUAI DES CELESTINS,0,,1,0,0,1,(1),(1),2,, -1,1,0,1,50,16,2,1,75,75104,2,3,0,7,QUAI DES CELESTINS,48.851136,2.362394,14,2,1
202100016079,172Â 904,A01,2,1,1,0,2,0,-1,-1, -1,-1,2021,46.0,1,1,0,2,1,2,1,,3,ROUTE DE BOULIQUI,0,,-1,0,0,1,(1),(1),3,, -1,1,0,1,50,27,9,1,971,97101,1,1,0,2,ROUTE DE BOULIQUI,16.2580964432,-61.4552235603,14,2,2
202100004349,193Â 984,A01,1,1,1,4,1,-1,-1,0,0,-1,2021,22.0,2,5,0,2,1,1,1,,2,T40,0,,2,2,0,2,119,700,1,, -1,2,0,1,80,8,12,1,201,201114,1,1,1,1,RT40,41.478699,9.086069,15,2,2
202100037926,133Â 875,A01,1,1,1,5,2,-1,-1,0,0,-1,2021,51.0,2,1,13,0,1,1,1,,3,54,0,,2,2,0,2,7,900,3,, -1,1,0,1,50,28,5,1,71,71526,2,1,0,7,D54,46.296551,4.713306,18,1,1
202100038587,132Â 673,B01,1,1,2,1,2,-1,-1,0,0,-1,2021,22.0,0,1,0,2,1,1,1,,3,152,-1,,2,2,0,1,(1),(1),1,, -1,1,0,1,80,23,5,1,69,69270,1,4,0,3,Le Gravier d Aillon,45.6395713239,4.916749835,8,2,2
202100041182,127Â 987,A01,7,2,1,5,8,-1,-1,0,0,-1,2021,19.0,2,2,2,0,2,1,1,,3,2,-1,,2,2,0,2,24,510,4,, -1,1,0,3,70,6,5,2,81,81220,1,1,0,6,dÃ©partementale 2,43.840702,1.714125,20,3,1
202100010434,183Â 071,A01,1,1,2,4,1,-1,-1,0,0,-1,2021,30.0,1,2,0,2,3,0,1,,3,947,0,,2,2,0,1,5,600,1,, -1,2,0,1,90,30,10,1,5,5038,1,1,1,1,D947,44.767715,6.832021,10,5,2
202100050735,110Â 997,A01,1,1,1,5,2,0,-1,-1,0,-1,2021,27.0,3,1,0,2,4,9,1,,4,HAUTE (HAUTE),0,,1,1,0,1,(1),(1),1,, -1,2,6,1,50,18,2,1,95,95197,2,2,1,3,HAUTE (HAUTE),48.977259,2.327421,12,2,2
202100028807,150Â 229,A01,2,2,1,5,1,8,-1,-1, -1,-1,2021,26.0,2,2,0,2,2,15,1,,7,CD 7 (ROUTE DE TOURVILLE),0,,2,2,3,1,6,260,1,, -1,1,-1,1,50,15,7,1,76,76178,2,2,0,1,CD 7 (ROUTE DE TOURVILLE),49.30854,1.03848,19,3,2
202100022334,161Â 716,B01,1,1,1,5,2,-1,-1,0,0,-1,2021,71.0,2,1,0,0,7,2,5,,3,2089,-1,,2,2,0,1,(1),(1),2,, -1,1,5,1,50,26,8,1,63,63195,2,6,0,3,Avenue blaise pascal,45.823181,3.379235,15,2,2
202100045912,119Â 689,A01,1,1,1,0,8,-1,-1,-1, -1,-1,2021,19.0,1,2,0,2,7,15,1,,4,EUROPE (DE L')                      (AV),0,,3,2,0,1,(1),(1),1,, -1,1,0,1,50,29,3,5,69,69286,2,3,0,3,EUROPE (DE L')                      (AV),45.81219,4.88976,21,3,2
202100005446,192Â 059,A01,1,1,1,5,1,-1,-1,0,0,-1,2021,80.0,2,2,16,0,0,1,0,,2,2,-1,,2,2,0,2,10,0,2,, -1,2,0,1,50,1,12,1,987,98725,2,1,1,6,Les Hauts de Mahinarama,-17.542975,-149.476001,10,1,1
202100000010,201Â 745,B01,8,2,2,5,8,8,-1,-1, -1,-1,2021,61.0,1,3,0,2,3,2,2,4.0,2,VAILLANT COUTURIER (AVENUE PAUL),0,,1,4,3,1,(1),(1),1,, -1,1,3,6,50,16,10,1,93,93008,2,1,0,3,VAILLANT COUTURIER (AVENUE PAUL),48.9075657758,2.4547603726,9,5,2
202100038076,133Â 600,A01,1,1,1,5,1,-1,-1,0,0,-1,2021,77.0,1,2,13,0,2,0,1,,1,88,-1,A,3,4,0,1,0,600,1,, -1,1,2,3,110,27,5,1,61,61464,1,1,0,6,A88,48.636156,0.185781,13,1,1
202100052991,106Â 998,A01,10,3,2,5,0,-1,-1,3,3,1,2021,78.0,1,1,0,1,3,17,1,,4,RUE REAUMUR,0,,1,3,0,1,(1),(1),1,, -1,2,0,1,50,30,1,1,75,75103,2,3,1,6,RUE REAUMUR,48.864984,2.358262,13,2,1
202100023459,159Â 693,B01,1,1,1,9,2,0,-1,0,0,-1,2021,40.0,1,1,0,2,4,7,1,,4,RUE LA FAYETTE,0,,2,3,3,1,(1),(1),1,, -1,1,0,6,50,18,8,1,75,75109,2,2,0,4,RUE LA FAYETTE,48.876752,2.347319,14,3,3
202100029377,149Â 265,A01,1,1,1,5,2,6,-1,0,0,-1,2021,16.0,3,1,0,2,1,13,1,,4,,-1,,2,2,0,2,(1),(1),3,,4,1,0,1,50,12,7,1,53,53182,2,1,0,1,51 Rue des Rochers,48.108617,-0.967703,16,2,2