Num_Acc,id_vehicule,num_veh,place,catu,sexe,trajet,secu1,secu2,secu3,locp,actp,etatp,year_acc,victim_age,senc,catv,obs,obsm,choc,manv,motor,occutc,catr,voie,v1,v2,circ,nbv,vosp,prof,pr,pr1,plan,lartpc,larrout,surf,infra,situ,vma,jour,mois,lum,dep,com,agg_,int,atm,col,adr,lat,long,hour,nb_victim,nb_vehicules
202100030128,147Â 924,B01,1,1,2,1,2,6,-1,-1, -1,-1,2021,55.0,2,1,0,2,2,3,1,,1,AUTOROUTE A6A,0,,1,3,0,1,0,952,1,, -1,1,0,1,70,8,7,1,94,94003,1,1,0,3,AUTOROUTE A6A,48.80957,2.3392,8,2,2
202100040994,128Â 344,A01,1,1,1,5,1,-1,-1,0,0,-1,2021,40.0,1,2,2,0,1,1,1,,3,820,-1,D,2,2,0,1,63,400,1,, -1,1,0,1,50,7,5,1,31,31145,2,1,0,6,845 Les Baccarets,43.310495,1.513367,16,1,1
202100010037,183Â 756,A01,1,1,1,5,2,6,-1,0,0,-1,2021,59.0,1,1,0,2,1,3,1,,4,PORTE DE CLIGNANCOURT,0,,1,4,0,1,22,400,1,, -1,2,0,1,70,31,10,1,75,75118,2,1,0,2,PORTE DE CLIGNANCOURT,48.901041,2.350764,12,2,2
202100032079,144Â 409,A01,2,2,2,0,1,-1,-1,-1, -1,-1,2021,21.0,1,2,0,2,7,1,1,,4,ROGER SALENGRO                      (R ),0,,2,2,0,1,(1),(1),1,, -1,1,0,1,50,26,6,1,69,69389,2,2,0,3,ROGER SALENGRO (R),45.7787,4.80492,17,3,2
202100037829,134Â 036,B01,1,1,2,5,8,0,-1,0,0,-1,2021,32.0,1,0,0,2,4,1,3,,4,AVENUE DE FLANDRE,0,,2,4,1,1,(1),(1),1,, -1,1,0,1,50,28,5,1,75,75119,2,2,0,3,AVENUE DE FLANDRE,48.884032,2.368841,19,2,2
202100042894,124Â 994,A01,1,1,1,3,2,6,-1,-1, -1,-1,2021,18.0,2,1,0,0,0,1,1,,3,GOUT HENRI -AV. NÂ° IMPAIRS A PARTIR DU N,0,,2,2,0,1,(1),(1),1,, -1,1,0,1,50,22,4,1,11,11069,2,1,0,7,GOUT HENRI -AV. NÂ° IMPAIRS A PARTIR DU N,43.21083,2.34275,18,1,1
202100051053,110Â 418,B01,1,1,1,0,2,0,-1,-1, -1,-1,2021,24.0,3,1,0,2,8,9,1,,4,BIRGE BOULEVARD,0,,2,4,0,1,1,0,1,, -1,2,0,1,50,17,2,2,49,49007,2,1,0,3,BIRGE BOULEVARD,47.4714,-0.51912,7,2,2
202100053893,105Â 415,B01,1,1,1,1,2,6,-1,0,0,-1,2021,55.0,1,1,0,0,4,1,1,,4,,-1,,2,2,0,2,(1),(1),1,, -1,7,0,1,30,25,1,2,69,69043,2,2,0,2,PIERRE PHILIPPE REYDELLET (BD),45.70467,4.752386,7,2,2
202100037961,133Â 809,A01,10,3,2,9,0,-1,-1,2,3,1,2021,46.0,2,5,1,1,4,26,1,,4,,0,,1,1,0,1,(1),(1),1,, -1,1,0,1,50,27,5,1,69,69388,2,1,0,6,ST MATHIEU (R),45.7424745728,4.8645552993,9,2,1
202100010311,183Â 275,A01,1,1,1,9,8,0,-1,-1, -1,-1,2021,23.0,1,2,0,0,0,26,1,,3,CANTENAY EPINARD ROUTE,0,,2,2,0,1,3,935,1,, -1,1,0,1,70,29,10,5,49,49055,2,1,0,7,CANTENAY EPINARD ROUTE,47.51555,-0.56959,2,1,1
202100044713,121Â 792,A01,1,1,1,9,8,0,-1,0,0,-1,2021,21.0,1,0,0,0,1,15,3,,4,QUAI ANDRE CITROEN,0,,1,1,0,1,(1),(1),1,, -1,1,0,1,30,8,4,1,75,75115,2,2,0,7,QUAI ANDRE CITROEN,48.8473975922,2.2788677706,11,1,1
202100014313,176Â 119,A01,10,3,2,0,0,-1,-1,3,3,1,2021,29.0,2,1,0,1,3,17,1,,4,FIER (BOULEVARD DU)),0,,2,2,0,1,0,0,1,, -1,2,0,1,50,8,7,1,74,74010,2,1,1,6,FIER (BOULEVARD DU)),45.91913,6.11851,14,2,1
202100017331,170Â 671,B01,1,1,1,0,1,-1,-1,0,0,-1,2021,44.0,1,2,0,0,2,1,1,,3,47,0,,2,2,0,2,6,789,1,, -1,1,0,1,80,25,9,3,72,72147,1,1,0,6,D47,48.106857,0.196876,1,1,1
202100053022,106Â 946,A01,1,1,1,5,0,-1,-1,0,0,-1,2021,24.0,2,2,8,0,1,1,1,,3,210,-1,D,2,2,0,1,4,255,1,, -1,1,0,4,50,29,1,1,33,33256,2,1,0,6,45 rue du 11 novembre,44.974165,-0.608068,16,1,1
202100030025,148Â 120,A01,10,3,1,4,0,-1,-1,2,3,1,2021,36.0,1,1,0,1,1,17,1,,4,BOULEVARD DE COURCELLES,0,,2,2,0,1,(1),(1),1,, -1,1,0,1,50,8,7,1,75,75117,2,1,0,6,BOULEVARD DE COURCELLES,48.879743,2.305815,9,2,1
202100040526,129Â 167,A01,3,2,2,5,1,0,-1,-1, -1,-1,2021,18.0,1,2,0,2,5,17,1,,3,JULES PRINCET [CD115] (RUE),0,,2,2,0,1,0,1,1,, -1,1,0,1,50,10,5,1,93,93005,2,2,0,3,Rue Jules Princet / Avenue Anatole France,48.93583,2.49387,19,3,2
202100018675,168Â 260,B01,1,1,1,1,2,-1,-1,0,0,-1,2021,26.0,2,1,0,2,1,11,1,,3,559,0,,2,2,0,1,102,800,1,, -1,1,0,1,70,17,9,1,83,83115,2,1,0,3,rd 559,43.328335,6.667183,8,2,2
202100048424,115Â 201,A01,1,1,1,1,2,0,-1,-1, -1,-1,2021,47.0,1,1,12,0,1,1,1,,4,FRANÃOISE DUPARC (BOULEVARD),0,,2,5,0,1,(1),(1),1,, -1,1,0,4,50,10,3,1,13,13204,2,1,0,6,FRANÃOISE DUPARC (BOULEVARD),43.3043,5.40107,17,1,1
202100038221,133Â 328,B01,1,1,2,1,8,0,-1,0,0,-1,2021,39.0,1,1,0,2,1,1,5,,4,RUE ALAIN,0,,3,3,1,1,(1),(1),2,, -1,1,0,5,50,25,5,1,75,75114,2,4,0,1,RUE ALAIN,48.835998,2.315319,10,2,2
202100029319,149Â 355,B01,1,1,1,5,8,0,-1,0,0,-1,2021,66.0,1,0,0,2,3,7,3,,4,BOULEVARD BARBES,0,,2,6,3,1,(1),(1),1,, -1,2,0,6,50,12,7,1,75,75118,2,3,1,3,BOULEVARD BARBES,48.885261,2.34955,15,2,2
202100029062,149Â 796,A01,1,1,1,0,2,6,-1,-1, -1,-1,2021,26.0,2,1,0,2,1,3,1,,1,AUTOROUTE A86,0,,3,10,0,1,13,899,1,, -1,1,0,1,90,14,7,1,93,93066,1,1,0,3,AUTOROUTE A86,48.92236,2.35723,16,2,2
202100030102,147Â 971,A01,10,3,1,0,0,-1,-1,1,3,1,2021,69.0,2,2,0,1,2,1,1,,2,2,-1,,-1,2,0,1,(1),(1),1,, -1,1,0,1,50,8,7,1,971,97106,2,1,0,6,Galets,16.168884,-61.77637,16,2,1
202100037774,134Â 142,A01,1,1,1,5,1,0,-1,0,0,-1,2021,71.0,1,2,0,4,8,9,1,,4,GAULLE (RUE DE),0,,2,2,0,1,(1),(1),1,, -1,1,4,1,50,27,5,1,57,57306,2,8,0,3,GAULLE (RUE DE),49.3308,6.06376,10,2,2
202100022723,160Â 982,A01,2,2,1,5,8,0,-1,-1, -1,-1,2021,11.0,2,1,0,2,1,1,5,,7,AV DE FRONTON,0,,-1,1,3,1,35,369,1,, -1,1,0,4,50,23,8,1,31,31555,2,9,0,3,AV DE FRONTON,43.65255,1.43255,16,3,2
202100052114,108Â 555,B01,4,2,1,4,1,8,-1,-1, -1,-1,2021,24.0,0,2,0,2,1,1,1,,4,LENORMAND. RUE,0,,2,2,0,1,0,0,1,, -1,2,0,1,50,16,1,5,76,76165,2,2,0,3,Rue Lenormand,49.28387,1.01242,6,4,2
202100014095,176Â 506,A01,1,1,1,5,1,0,-1,-1, -1,-1,2021,24.0,2,5,4,0,1,18,1,,1,AUTOROUTE A6B,0,,1,2,0,2,1,399,3,, -1,1,1,1,50,10,10,5,94,94043,1,1,0,6,AUTOROUTE A6B,48.805047,2.344679,1,1,1
202100045952,119Â 615,A01,1,1,1,1,1,-1,-1,0, -1,-1,2021,55.0,1,2,3,0,2,14,1,,2,RN12,0,,2,4,0,1,17,600,1,, -1,1,0,3,90,30,3,1,29,29151,1,1,0,6,N12,48.59284,-3.81909,9,1,1
202100018628,168Â 338,A01,1,1,1,4,2,6,-1,-1, -1,-1,2021,35.0,2,1,0,2,8,18,1,,3,7,0,,1,2,0,1,0,0,1,, -1,1,0,1,50,16,9,1,92,92062,2,1,0,3,DE DION BOUTON (QUAI) DU 29 AU 65,48.8831330848,2.2486379743,13,2,2
202100018423,168Â 697,A01,10,3,2,1,0,-1,-1,0,0,-1,2021,33.0,3,2,0,1,1,2,1,,4,MONTGOLFIER (RUE J ET E),0,,2,2,0,1,1,0,1,, -1,1,0,1,30,17,9,1,93,93064,2,1,0,6,MONTGOLFIER (RUE J ET E),48.88626,2.48046,8,2,1
202100026445,154Â 428,B01,1,1,1,5,8,0,-1,-1, -1,-1,2021,14.0,2,1,0,2,7,19,5,,4,JOFFRE (AVENUE DU MARECHAL CD 88),0,,2,2,0,1,0,0,1,, -1,1,0,1,50,28,7,1,66,66136,2,1,0,6,JOFFRE (AVENUE DU MARECHAL CD 88),42.71054,2.89024,15,2,2
202100034243,140Â 537,A01,2,2,1,5,1,8,-1,-1, -1,-1,2021,21.0,1,2,2,0,2,13,1,,7,FONTAINE (RUE DE LA),0,,2,2,0,1,0,0,1,, -1,1,0,3,70,12,6,3,67,67204,1,1,0,6,FONTAINE (RUE DE LA),48.62458,7.74075,0,4,1
202100051326,109Â 927,A01,1,1,1,0,8,8,-1,-1, -1,-1,2021,15.0,2,2,6,0,1,14,1,,3,AV DU GENERAL DE GAULLE ,0,,1,0,0,1,0,1,2,, -1,1,0,4,50,16,2,5,94,94038,2,6,0,6,Avenue du GÃ©nÃ©ral Leclerc,48.771193,2.349838,4,4,1
202100042186,126Â 218,B01,1,1,1,1,0,-1,-1,0,0,-1,2021,41.0,1,1,0,2,1,15,5,,4,CHATEAUGIRON (DE),0,,2,2,3,1,(1),(1),1,, -1,1,5,1,50,28,4,1,35,35238,2,3,0,6,CHATEAUGIRON (DE),48.09744,-1.64203,18,2,2
202100042729,125Â 260,B01,1,1,1,5,2,-1,-1,0,0,-1,2021,61.0,2,1,0,0,4,2,5,,3,936,-1,,2,2,0,1,4,750,2,, -1,1,0,1,50,24,4,1,1,1353,1,1,0,2,D936,45.983216,4.790125,12,2,2
202100055529,102Â 592,A01,1,1,1,4,8,0,-1,0,0,-1,2021,22.0,1,1,0,1,1,1,5,,4,AVENUE LEDRU ROLLIN,0,,2,2,0,1,(1),(1),1,, -1,1,0,1,50,10,1,5,75,75111,2,4,0,6,AVENUE LEDRU ROLLIN,48.8545127779,2.3780304193,19,2,1
202100009117,185Â 413,A01,2,2,2,5,1,0,-1,0,0,-1,2021,70.0,2,2,0,2,1,2,1,,4,PORTE D AUTEUIL,0,,1,4,0,1,12,100,1,, -1,2,1,1,70,4,11,2,75,75116,2,4,0,2,PORTE D AUTEUIL,48.847335,2.254069,19,3,2
202100022356,161Â 685,C01,2,2,2,5,1,-1,-1,0,0,-1,2021,27.0,2,2,0,2,8,1,1,,2,10,0,,3,2,0,1,83,550,3,,"10,5",1,0,1,110,28,8,1,16,16028,1,1,0,4,N10,45.461703,-0.138177,10,14,5
202100020577,164Â 851,A01,1,1,1,1,2,8,-1,-1, -1,-1,2021,32.0,1,1,0,2,4,2,5,,4,ROBESPIERRE (R),0,,1,1,0,2,1,0,1,, -1,1,0,1,30,6,9,1,94,94041,2,1,0,2,Rue Robespierre,48.809369,2.385566,12,2,2
202100009374,184Â 948,B01,1,1,2,1,1,-1,-1,0,0,-1,2021,48.0,1,2,0,2,1,1,1,,3,53,0,D,2,2,0,1,0,800,1,, -1,2,5,1,80,25,10,3,60,60090,1,3,0,1,D53,49.171379,1.884327,21,5,2
202100001082,199Â 829,A01,10,3,1,0,0,-1,-1,4,3,1,2021,36.0,3,2,0,1,2,15,2,,4,GABRIEL PERI (RUE),0,,2,2,0,1,0,0,1,, -1,1,5,1,50,28,12,2,93,93071,2,2,0,1,GABRIEL PERI (RUE),48.94444,2.5333,17,2,1
202100001435,199Â 216,A01,1,1,2,5,1,-1,-1,-1,0,-1,2021,42.0,2,2,4,0,1,1,1,,1,AUTOROUTE A15,0,,1,1,0,1,21,0,3,, -1,1,3,1,50,25,12,1,95,95572,1,1,0,6, A15,49.0308598442,2.1211767197,13,1,1
202100051978,108Â 795,A01,1,1,1,5,1,0,-1,-1,0,-1,2021,27.0,2,2,0,2,1,1,1,,1,AUTOROUTE A15,0,,3,9,0,1,21,0,1,, -1,1,0,1,90,9,2,1,95,95572,1,1,0,2, A15,49.0310371904,2.1215077035,15,2,2
202100045928,119Â 659,B01,1,1,1,0,8,-1,-1,-1, -1,-1,2021,80.0,2,1,0,0,0,0,5,,4,JEAN JAURES      (Rue),0,,2,2,0,1,(1),(1),1,, -1,1,0,1,50,29,3,1,69,69266,2,2,0,6,JEAN JAURES (R),45.75816,4.88515,18,2,2
202100008796,186Â 026,A01,1,1,1,1,6,2,-1,0,0,-1,2021,27.0,3,1,9,0,1,1,1,,7,6007,0,M,2,2,0,2,(1),(1),3,, -1,2,0,1,50,10,11,1,6,6032,2,1,0,1,M6007,43.727987,7.407886,13,1,1
202100034544,139Â 980,B01,1,1,1,4,1,8,-1,-1, -1,-1,2021,36.0,2,5,0,2,4,2,1,,1,A13,0,,1,3,0,1,42,99,1,, -1,1,0,1,130,14,6,1,78,78402,1,1,0,4,A13,48.964526,1.799633,7,3,3
202100003544,195Â 410,A01,1,1,1,5,8,0,-1,-1, -1,-1,2021,19.0,1,1,0,2,8,19,0,,2,SACRE COEUR (RD POINT) -RIV. DES GALETS ,0,,1,2,2,1,(1),(1),1,, -1,1,0,1,50,8,12,3,974,97407,2,1,0,3,SACRE COEUR (RD POINT) -RIV. DES GALETS ,-20.95534,55.31172,0,2,2
202100006807,189Â 610,B01,2,2,1,5,1,0,-1,-1, -1,-1,2021,32.0,1,2,0,2,4,2,1,,2,RN104,0,,1,1,0,1,0,800,1,, -1,1,0,1,50,23,11,3,77,77169,1,1,0,2,RN104,48.8226054237,2.6150531482,20,3,2
202100041458,127Â 502,B01,1,1,2,4,1,-1,-1,0,0,-1,2021,40.0,2,2,6,2,3,13,1,,3,417,0,,2,2,0,2,(1),(1),3,,4,2,0,1,50,4,5,1,52,52208,2,2,1,1,D417,47.940842,5.834979,15,3,2
202100023078,160Â 365,B01,1,1,2,5,1,0,-1,-1, -1,-1,2021,21.0,1,2,0,2,1,1,1,,4,GUITON   AVENUE JEAN (343-371),0,,2,2,0,1,(1),(1),1,, -1,1,0,1,50,2,8,1,17,17300,2,1,0,5,GUITON   AVENUE JEAN (343-371),46.16074,-1.18939,19,3,3
202100002657,197Â 035,A01,1,1,1,0,1,8,-1,-1, -1,-1,2021,33.0,1,2,0,2,1,26,1,,3,BREMENT (RUE DE),0,,1,1,0,1,1,0,1,, -1,1,0,1,50,15,12,5,93,93064,2,1,0,4,BREMENT (RUE DE),48.8870290359,2.4680179183,23,3,3
202100041971,126Â 597,A01,1,1,1,5,1,-1,-1,0,0,-1,2021,68.0,2,2,2,0,1,1,1,,3,4,-1,,2,2,0,1,59,700,1,, -1,2,0,4,50,1,5,1,4,4116,2,1,1,6,RD 4 - Bd des tilleuls,44.030122,5.975034,12,1,1
202100044432,122Â 264,A01,1,1,2,1,1,-1,-1,-1,0,-1,2021,33.0,2,2,0,0,9,1,1,,1,AUTOROUTE A15,0,,1,2,0,2,22,0,3,, -1,2,0,1,50,11,4,1,95,95572,1,1,1,7, A15,49.03177,2.10559,7,1,1
202100045048,121Â 205,B01,1,1,1,0,2,6,-1,-1, -1,-1,2021,35.0,2,1,0,2,1,17,1,,3,15,0,,2,2,2,1,0,0,1,, -1,1,0,1,50,5,4,1,92,92004,2,4,0,3,VOLTAIRE ( BD ),48.9165659754,2.2890293598,19,2,2
202100031266,145Â 853,A01,1,1,1,5,2,6,-1,0,0,-1,2021,21.0,1,1,0,2,8,1,1,,3,82,0,,2,2,0,1,19,200,3,, -1,1,0,1,50,3,7,3,202,202185,1,1,0,3,RD 82,42.663867,9.313617,2,2,2
202100003180,196Â 084,B01,9,2,2,9,1,-1,-1,0,0,-1,2021,12.0,1,2,0,2,7,1,1,,3,721,0,,2,2,0,4,10,200,1,,7,1,5,1,70,15,12,3,91,91001,1,3,0,3,CD 721,48.348587,2.176868,17,4,2
202100031456,145Â 520,B01,9,2,2,0,1,-1,-1,0,0,-1,2021,84.0,2,2,0,2,1,1,1,,3,403,-1,,2,2,0,1,(1),(1),1,, -1,1,0,1,80,1,7,1,59,59641,2,1,0,1,Rue du Canal,50.984066,2.486429,18,4,2
202100027946,151Â 749,B01,1,1,1,0,1,8,-1,-1, -1,-1,2021,32.0,1,2,0,2,1,10,1,,3,ROCADE OUEST,0,,2,2,0,1,2,0,3,, -1,1,3,1,70,18,7,1,11,11069,1,9,0,3,ROCADE OUEST,43.2165845991,2.3232167959,20,2,2
202100000006,201Â 752,B01,1,1,1,2,0,-1,-1,0,0,-1,2021,12.0,2,1,0,0,5,1,5,,4,,-1,,2,2,0,1,(1),(1),1,,4,1,0,1,50,23,11,1,68,68004,2,3,0,2,Rue Charles Edouard Amiot,47.614239,7.234336,11,2,2
202100024691,157Â 510,A01,1,1,1,5,2,6,-1,0,0,-1,2021,16.0,1,1,0,9,0,2,1,,3,58,0,D,2,2,0,2,8,525,2,, -1,1,0,1,50,11,8,1,19,19146,2,9,0,3,D58,45.3126776949,1.7701774835,14,2,2
202100014936,175Â 013,A01,10,3,2,2,0,-1,-1,0,4,3,2021,16.0,1,2,0,1,2,1,1,,3,,0,,3,4,0,1,48,400,1,, -1,1,0,1,70,29,9,1,60,60159,1,1,0,6,Avenue Marcelin Berthelot,49.387158,2.78598,13,4,1
202100006691,189Â 820,A01,1,1,1,4,1,-1,-1,0,0,-1,2021,30.0,1,5,0,2,2,2,1,,2,Route Nationale 814,0,,3,4,0,1,1,0,1,, -1,1,0,8,110,23,11,1,14,14101,1,9,0,2,Route Nationale 814,49.18562,-0.42493,10,2,2
202100042961,124Â 880,A01,1,1,1,0,2,6,-1,0,0,-1,2021,21.0,0,1,0,2,1,17,1,,3,10,-1,D,2,2,0,1,24,400,1,, -1,1,9,1,80,24,4,1,42,42013,1,4,0,3,Route de Saint Galmier,45.624496,4.30681,9,2,2
202100030637,146Â 996,A01,2,2,1,5,2,-1,-1,0,0,-1,2021,16.0,2,1,3,2,4,2,1,,3,62,-1,,3,4,0,1,3,300,1,, -1,1,0,1,110,5,7,3,34,34154,1,1,0,2,D62,43.554532,4.007553,0,3,2
202100000243,201Â 288,B01,1,1,1,5,0,-1,-1,0,0,-1,2021,69.0,2,1,0,2,1,1,5,,4,,-1,,2,2,-1,1,(1),(1),1,, -1,1,0,1,50,25,9,1,36,36044,2,3,0,3,Ferdinand de Lesseps,46.81089,1.71609,18,2,2
202100051813,109Â 086,B01,1,1,2,5,1,5,-1,-1, -1,-1,2021,51.0,1,2,0,2,1,1,1,,7,D.5,0,,-1,2,0,1,38,100,1,, -1,1,0,1,80,11,2,1,13,13047,1,1,0,3,D.5,43.478001,4.99655,11,2,2
202100042648,125Â 398,A01,1,1,1,5,8,-1,-1,0,0,-1,2021,67.0,3,2,5,0,1,1,1,,7,5,0,D,1,1,0,1,(1),(1),2,, -1,1,5,4,30,25,4,1,13,13104,2,6,0,1,Rond Point du Port,43.331031,5.10662,13,1,1
202100050879,110Â 730,B01,1,1,1,5,2,8,-1,-1, -1,-1,2021,25.0,1,1,0,2,0,2,0,,3,STRASBOURG ( RUE DE ),0,,2,2,0,1,69,0,1,, -1,1,0,1,50,19,2,1,68,68297,2,1,0,3,STRASBOURG ( RUE DE ),47.61508,7.5349,13,2,2
202100028978,149Â 929,B01,1,1,1,0,1,0,-1,-1, -1,-1,2021,34.0,0,2,0,2,3,0,1,,7,GARDANNE (ROUTE DE ),0,,-1,2,0,1,0,0,1,, -1,1,0,1,80,14,7,3,13,13001,1,1,0,1,GARDANNE (ROUTE DE ),43.48805,5.40945,22,10,4
202100014825,175Â 207,A01,1,1,1,4,2,6,-1,-1, -1,-1,2021,25.0,1,1,15,2,1,19,1,,3,COUR DE FRANCE (AVENUE DE LA),0,,2,4,0,1,(1),(1),1,, -1,2,9,1,50,21,1,2,91,91326,2,2,0,3,PETIT (RUE),48.692933,2.370661,8,2,2
202100018275,168Â 956,A01,10,3,1,5,0,-1,-1,3,3,1,2021,85.0,1,1,0,1,1,1,5,,3,538,0,,2,2,0,2,137,360,1,, -1,1,0,1,50,18,9,1,26,26220,2,1,0,6,27 Route de Montelimar,44.362388,5.129168,10,2,1
202100051596,109Â 467,A01,1,1,1,1,2,6,-1,0,0,-1,2021,29.0,1,1,0,2,1,18,1,,4,RUE FRANCOIS 1ER,0,,1,2,1,2,(1),(1),1,, -1,1,-1,5,50,13,2,1,75,75108,2,2,0,3,RUE FRANCOIS 1ER,48.868654,2.303707,9,3,2
202100044030,122Â 975,A01,1,1,1,4,1,-1,-1,0,0,-1,2021,48.0,3,3,0,2,1,2,6,1.0,4,BREST ROUTE DE,0,,1,1,0,1,(1),(1),2,, -1,1,9,1,50,13,4,1,29,29232,2,6,0,2,Route du Loc H,48.01903,-4.08422,18,2,2
202100040909,128Â 502,A01,1,1,1,0,2,-1,-1,-1, -1,-1,2021,55.0,0,1,0,2,1,19,5,,4,CARNOT (RUE),0,,2,2,1,1,(1),(1),1,, -1,1,0,1,50,2,5,1,50,50602,2,1,0,3,CARNOT (RUE),49.6459,-1.59188,12,2,2
202100034651,139Â 782,A01,1,1,1,5,2,-1,-1,0,0,-1,2021,71.0,3,1,0,0,0,0,0,,4,,-1,,2,2,0,2,(1),(1),2,, -1,1,0,3,80,13,6,1,41,41287,1,1,0,7,Rue des MasniÃ¨res,47.767985,1.037537,18,1,1
202100056137,101Â 537,B01,1,1,2,0,1,5,-1,-1, -1,-1,2021,25.0,1,2,0,2,1,1,1,,2,BAIMBRIDGE,0,,4,2,0,1,(1),(1),1,, -1,1,2,1,50,4,1,3,971,97101,1,6,0,3,BAIMBRIDGE (ROUTE DE),16.248,-61.52716,22,3,2
202100052632,107Â 648,A01,1,1,1,5,0,-1,-1,0,0,-1,2021,37.0,3,2,13,0,1,1,1,,3,,-1,,2,2,0,1,5,800,4,, -1,1,0,8,80,4,2,3,71,71350,1,2,0,7,D45,46.335912,4.676598,20,1,1
202100007858,187Â 691,A01,1,1,2,5,1,0,-1,0,0,-1,2021,20.0,1,2,11,0,3,13,1,,4,AVENUE DES CHAMPS ELYSEES,0,,2,10,0,2,(1),(1),1,, -1,1,0,1,30,16,11,5,75,75108,2,3,0,6,AVENUE DES CHAMPS ELYSEES,48.872062,2.300464,3,1,1
202100043794,123Â 402,Z01,10,3,2,9,0,-1,-1,4,3,1,2021,34.0,1,2,0,1,1,15,1,,4,RUE JACQUES KELLNER,0,,-1,2,1,1,(1),(1),1,, -1,1,0,1,30,16,4,1,75,75117,2,2,0,6,RUE JACQUES KELLNER,48.896465,2.325114,12,2,1
202100003669,195Â 198,B01,10,3,2,0,0,-1,-1,2,3,1,2021,17.0,1,2,0,1,1,1,1,,4,PCE DE LA VICTOIRE,0,,2,2,0,1,(1),(1),2,, -1,2,0,1,50,10,12,5,33,33063,2,7,1,6,Place de la Victoire,44.83077,-0.57307,17,2,1
202100053113,106Â 795,A01,1,1,1,0,0,-1,-1,0,0,-1,2021,41.0,2,5,8,0,0,0,1,,3,902,-1,D,2,2,0,1,31,10,1,, -1,2,0,8,80,30,1,3,55,55108,1,1,1,6,D902,48.922961,5.263439,23,1,1
202100051377,109Â 844,A01,1,1,2,0,2,6,-1,-1, -1,-1,2021,31.0,2,1,0,2,1,3,1,,1,A13,0,,1,3,0,3,46,900,1,, -1,1,0,1,110,16,2,1,78,78291,1,1,1,2,A13,48.969809,1.73586,8,2,2
202100038968,131Â 984,A01,10,3,1,2,0,-1,-1,2,4,1,2021,14.0,2,1,0,1,1,1,1,,4,BOULEVARD DE MENILMONTANT,0,,-1,1,0,1,(1),(1),1,, -1,1,0,1,30,21,5,1,75,75111,2,1,0,6,BOULEVARD DE MENILMONTANT,48.862398,2.387533,10,3,1
202100016453,172Â 219,A01,10,3,1,5,0,-1,-1,9,9,1,2021,61.0,0,2,0,1,4,4,2,,6,GARE TGV (Parking),0,,-1,0,0,1,0,1,1,, -1,1,0,8,30,26,9,1,84,84007,1,1,0,6,GARE TGV (Parking),43.92238,4.78162,18,2,1
202100013851,176Â 938,A01,1,1,1,5,2,8,-1,-1, -1,-1,2021,29.0,3,1,13,0,2,14,1,,4,RD160,0,,2,2,0,1,0,0,2,, -1,1,0,3,50,10,10,1,49,49099,1,1,0,7,,47.02313,-0.9244,15,1,1
202100052003,108Â 756,A01,10,3,1,5,0,-1,-1,2,3,1,2021,91.0,2,1,0,1,1,1,5,,4,SAINT LOUP (RUE DE),0,,2,2,0,2,(1),(1),1,, -1,2,0,1,50,31,1,1,70,70550,2,1,1,6,SAINT LOUP (RUE DE),47.6379,6.16579,11,3,2
202100009586,184Â 571,B01,1,1,1,4,2,6,-1,-1, -1,-1,2021,22.0,2,1,0,2,2,1,3,,4,RIBEAUVILLE (RUE DE),0,,3,6,3,1,0,0,1,, -1,1,4,1,50,2,11,5,67,67482,2,8,0,3,RIBEAUVILLE (RUE DE),48.56356,7.76779,18,2,2
202100021179,163Â 806,A01,1,1,1,5,2,6,9,0,0,-1,2021,25.0,1,1,0,2,1,11,1,,3,979,0,,2,2,0,1,11,500,1,, -1,1,0,1,80,2,9,1,8,8188,1,1,1,2,D979,49.805713,4.82877,16,2,2
202100000062,201Â 637,A01,10,3,2,5,0,-1,-1,2,3,1,2021,63.0,1,1,0,1,1,1,3,,4,LILAS ( AVENUE DES ),0,,2,1,0,1,(1),(1),1,, -1,1,0,1,30,9,10,1,44,44055,2,1,0,6,LILAS ( AVENUE DES ),47.27964,-2.41522,18,2,1
202100038915,132Â 070,A01,1,1,1,5,1,0,-1,-1, -1,-1,2021,38.0,1,2,15,0,1,13,1,,3,USINE (RUE DE L'),0,,2,2,0,1,2,0,3,, -1,1,0,3,70,20,5,3,57,57019,2,1,0,6,USINE (RUE DE L'),49.26227,6.12546,22,1,1
202100045169,120Â 995,A01,4,2,1,5,1,3,-1,0,0,-1,2021,3.0,1,2,0,0,9,1,1,,4,250,-1,,2,2,0,1,(1),(1),2,, -1,1,0,3,80,2,4,1,33,33382,1,1,0,7,Lieu Dit Rabut,45.127005,-0.517771,19,2,1
202100055370,102Â 866,A01,10,3,2,2,0,-1,-1,3,3,2,2021,33.0,1,2,0,1,3,15,1,,4,QUINET (RUE EDGAR),0,,1,2,0,1,0,0,1,, -1,1,0,8,30,11,1,2,93,93013,2,3,0,6,DOHET (AVENUE DANIEL),48.93452,2.42918,8,2,1
202100021326,163Â 532,A01,2,2,1,5,8,-1,-1,0,0,-1,2021,15.0,3,1,12,0,0,1,1,,4,,-1,,2,1,0,1,(1),(1),1,,3,1,0,8,50,29,8,5,40,40304,2,1,0,6,Avenue de la Grande Dune,43.661352,-1.434043,0,2,1
202100046916,117Â 912,B01,1,1,1,1,2,6,-1,-1, -1,-1,2021,26.0,2,1,0,2,2,1,1,,4,AVE DE LABARDE,0,,2,2,1,1,(1),(1),1,, -1,1,0,1,50,23,3,1,33,33063,2,1,0,3,Avenue de Labarde,44.88523,-0.54991,9,2,2