Num_Acc,id_vehicule,num_veh,place,catu,sexe,trajet,secu1,secu2,secu3,locp,actp,etatp,year_acc,victim_age,senc,catv,obs,obsm,choc,manv,motor,occutc,catr,voie,v1,v2,circ,nbv,vosp,prof,pr,pr1,plan,lartpc,larrout,surf,infra,situ,vma,jour,mois,lum,dep,com,agg_,int,atm,col,adr,lat,long,hour,nb_victim,nb_vehicules
202100009936,183Â 932,C01,4,2,1,1,8,8,-1,-1, -1,-1,2021,61.0,1,0,1,0,6,23,1,,3,WILSON (AVENUE DU PRESIDENT),0,,1,2,3,1,0,1,1,, -1,1,0,8,50,1,11,2,93,93066,2,1,0,5,WILSON (AVENUE DU PRESIDENT),48.9188095789,2.3577934445,7,4,3
202100020312,165Â 330,A01,10,3,2,0,0,-1,-1,3,3,1,2021,21.0,1,2,0,1,3,1,1,,3,EGALITE (RUE DE L'),0,,2,2,0,1,4,700,1,, -1,1,0,1,50,6,9,1,10,10325,2,1,0,6,EGALITE (RUE DE L'),48.26588,4.06025,18,3,1
202100052612,107Â 677,A01,1,1,2,1,1,-1,-1,0,0,-1,2021,20.0,1,2,2,6,1,1,1,,3,62,-1,,2,2,0,4,25,864,1,, -1,2,0,1,80,4,2,3,35,35331,1,1,1,6,La Bedoyere,48.085923,-1.912298,5,1,1
202100043854,123Â 281,A01,1,1,1,1,1,4,-1,-1, -1,-1,2021,23.0,1,2,0,2,8,23,1,,2,RN406.Y,0,,1,1,0,2,2,0,1,, -1,1,0,2,50,16,4,1,94,94074,1,9,0,3,RN406.Y,48.7690354532,2.4499019295,17,4,2
202100025566,155Â 974,B01,2,2,1,0,1,0,-1,-1, -1,-1,2021,29.0,1,2,0,2,2,2,1,,1,AUTOROUTE A104,0,,3,8,0,1,5,500,1,, -1,1,0,1,90,5,8,1,93,93078,1,1,0,5,AUTOROUTE A104,48.96365,2.55129,12,4,3
202100016216,172Â 649,B01,2,2,1,9,8,0,-1,-1, -1,-1,2021,24.0,3,2,0,2,3,9,1,,7,CARGO RHIN FIDELI (RUE),0,,2,4,0,2,0,0,4,, -1,1,3,1,50,29,9,1,13,13202,2,3,0,3,CARGO RHIN FIDELI (RUE),43.32693,5.35655,15,3,2
202100011348,181Â 445,A01,10,3,1,5,0,-1,-1,9,5,1,2021,4.0,2,2,0,2,7,1,1,,3,ZEPHIR (ROCADE),0,,2,1,0,1,3,0,1,, -1,1,0,1,50,23,10,4,973,97302,2,1,0,6,ZEPHIR (ROCADE),4.9380317613,-52.3063445092,20,2,1
202100005135,192Â 598,A01,10,3,1,0,0,-1,-1,2,3,1,2021,63.0,2,2,0,1,3,1,1,,4,,-1,,2,2,0,1,(1),(1),1,,4,1,9,1,50,1,12,1,974,97422,2,1,0,3,rue du gÃ©nÃ©ral de gaulle,-21.272199,55.515938,6,2,1
202100045322,120Â 721,A01,1,1,1,5,2,-1,-1,0,0,-1,2021,50.0,2,1,0,0,0,1,1,,3,8,0,D,2,2,0,2,5,200,2,, -1,1,0,3,80,4,4,1,83,83035,1,1,0,7,Dn8,43.242739,5.799524,14,1,1
202100001337,199Â 369,B01,1,1,2,3,1,-1,-1,0,0,-1,2021,21.0,0,2,0,2,2,1,1,,7,rue,0,,2,2,0,1,(1),(1),1,, -1,1,0,1,50,17,12,3,44,44035,2,3,0,6,Rue Charles de Gaulle,47.301332,-1.553472,20,2,2
202100016860,171Â 482,A01,1,1,1,0,2,-1,-1,-1, -1,-1,2021,38.0,1,1,0,2,1,1,1,,4,BOLHEN   (DE)                        (AV,0,,2,4,0,1,(1),(1),1,, -1,1,0,1,50,24,9,1,69,69256,2,1,0,3,BOLHEN (DE) (AV),45.76539,4.92406,12,2,2
202100017843,169Â 725,B01,1,1,2,0,2,0,-1,-1, -1,-1,2021,44.0,0,1,0,2,1,26,3,,4,BOULEVARD SALVADOR ALLENDE,0,,1,1,0,1,(1),0,1,, -1,1,0,1,50,20,9,5,44,44162,2,6,0,3,BOULEVARD SALVADOR ALLENDE,47.21939,-1.62159,7,2,2
202100023900,158Â 914,B01,1,1,1,0,2,0,-1,-1, -1,-1,2021,50.0,2,1,0,2,7,16,1,,4,TROIS FRERES CARASSO (RUE),0,,1,1,0,1,0,0,1,, -1,1,0,1,50,15,8,1,13,13204,2,3,0,3,TROIS FRERES CARASSO (RUE),43.3043196653,5.399898069,10,2,2
202100027675,152Â 245,D01,1,1,1,1,8,8,-1,-1, -1,-1,2021,61.0,2,5,0,2,4,1,1,,1,A104,0,,-1,4,0,1,11,600,1,, -1,1,0,1,90,22,7,1,77,77294,1,1,0,2,A104,48.965234,2.608879,9,5,5
202100012685,179Â 041,B01,1,1,2,5,8,0,-1,0,0,-1,2021,27.0,2,1,0,2,1,1,3,,4,RUE SAINT MARTIN,0,,1,2,3,1,(1),(1),1,, -1,1,0,1,30,17,10,5,75,75103,2,3,0,2,RUE SAINT MARTIN,48.867923,2.355024,0,2,2
202100028112,151Â 453,B01,1,1,1,0,2,8,-1,-1, -1,-1,2021,64.0,0,1,0,2,8,1,5,,4,MAS-PALEGRY (CHEMIN DU),0,,2,2,0,1,0,0,1,, -1,1,0,1,50,19,7,1,66,66136,2,2,0,3,MAS-PALEGRY (CHEMIN DU),42.66012,2.88561,8,2,2
202100031205,145Â 960,B01,7,2,1,3,8,0,-1,-1, -1,-1,2021,53.0,3,3,0,2,1,1,1,2.0,3,CHOISY(ROUTE DE),0,,3,6,3,1,0,0,1,, -1,1,0,6,50,3,7,1,94,94028,2,1,0,1,CHOISY(ROUTE DE),48.7877,2.4507,19,3,2
202100023428,159Â 745,A01,1,1,1,1,8,-1,-1,-1, -1,-1,2021,21.0,2,1,0,2,1,5,5,,4,PARIS (RUE DE),0,,1,1,3,1,(1),(1),1,, -1,1,5,8,30,19,8,1,35,35238,2,2,0,1,PARIS (RUE DE),48.11245,-1.66618,16,2,2
202100020496,164Â 999,A01,1,1,1,5,2,6,-1,-1, -1,-1,2021,36.0,0,1,2,0,1,15,1,,4,MARECHAL JOFFRE (RUE),0,,2,2,0,1,0,0,1,, -1,1,0,4,50,4,9,5,76,76351,2,4,0,6,MARECHAL JOFFRE (RUE),49.50031,0.12676,2,1,1
202100018691,168Â 234,B01,1,1,1,5,1,-1,-1,0,0,-1,2021,60.0,3,2,0,2,8,15,1,,7,39,0,M,2,2,0,1,(1),(1),1,, -1,1,0,1,50,15,9,1,59,59011,2,3,0,1,rue Salengro,50.531257,2.941182,7,3,2
202100055238,103Â 085,A01,1,1,1,5,8,-1,-1,0,0,-1,2021,32.0,1,2,13,0,1,1,1,,3,108,-1,D,2,2,0,1,6,900,1,, -1,2,0,3,80,14,1,2,56,56081,1,1,1,7,Kerminot D108,48.078652,-3.674841,17,1,1
202100034062,140Â 875,A01,10,3,2,0,0,-1,-1,8,1,1,2021,50.0,3,2,0,1,4,26,0,,6,GRIMAULT (BD LEON),0,,-1,0,0,1,(1),(1),1,, -1,1,9,8,-1,15,6,1,35,35238,2,1,0,6,GRIMAULT (BD LEON),48.09107,-1.65249,11,2,1
202100019010,167Â 657,Z01,10,3,1,5,0,-1,-1,3,3,1,2021,32.0,2,2,0,1,1,1,0,,4,RUE SAINT HONORE,0,,2,2,0,1,(1),(1),1,, -1,1,0,1,30,14,9,1,75,75101,2,2,0,6,RUE SAINT HONORE,48.861182,2.34401,13,2,1
202100008225,187Â 010,A01,1,1,2,5,1,-1,-1,-1,0,-1,2021,31.0,1,2,0,2,1,1,1,,2,RN 104,0,,3,4,0,1,10,0,1,, -1,2,0,1,110,13,11,1,95,95028,1,1,1,2,RN 104,49.060161,2.355538,12,2,2
202100030125,147Â 929,A01,1,1,1,0,2,6,-1,-1, -1,-1,2021,50.0,1,1,0,2,1,2,1,,1,AUTOROUTE A2,0,,3,4,0,1,61,900,1,, -1,1,0,1,110,7,7,1,59,59383,1,1,0,2,AUTOROUTE A2,50.338311,3.540221,17,3,2
202100056437,101Â 021,B01,1,1,1,9,8,0,-1,-1, -1,-1,2021,29.0,0,2,0,2,4,1,1,,3,SEVIGNE (AVENUE DE),0,,2,2,0,4,0,1,1,, -1,1,5,1,50,1,1,1,93,93014,2,2,0,2,SEVIGNE (AVENUE DE),48.9127,2.54005,17,2,2
202100053902,105Â 402,A01,1,1,2,4,1,-1,-1,0,0,-1,2021,49.0,2,2,16,0,1,1,1,,3,900,0,,2,2,0,1,91,500,1,, -1,5,0,3,80,25,1,1,4,4086,1,1,1,7,RD 900,44.404845,6.708226,9,1,1
202100049327,113Â 592,B01,1,1,1,0,2,6,-1,0,0,-1,2021,24.0,2,1,0,2,1,13,1,,2,2,-1,,2,2,0,2,9,950,2,, -1,1,0,1,70,5,3,3,976,97607,1,1,0,1,ROUTE NATIONALE 2 PK9+950,-12.837358,45.185298,18,2,2
202100023930,158Â 858,B01,1,1,1,0,8,-1,-1,0,0,-1,2021,27.0,2,2,0,0,3,0,1,,3,942,0,D,2,2,0,1,27,(1),1,, -1,1,0,1,90,16,8,3,23,23169,1,1,0,1,D942,46.129954,1.9434,23,2,2
202100052418,108Â 016,A01,10,3,2,3,0,-1,-1,2,3,1,2021,82.0,1,2,0,1,2,1,1,,4,,0,,2,2,0,1,0,0,1,, -1,1,0,1,50,2,2,1,64,64335,2,1,0,6,SAINTE-CATHERINE,43.3263757235,-0.4404254258,8,2,1
202100039623,130Â 765,B01,1,1,1,0,1,0,-1,-1, -1,-1,2021,32.0,2,1,0,2,1,1,1,,3,992,0,,3,4,0,1,0,0,1,, -1,2,0,1,50,17,5,2,92,92025,2,3,0,2,CHARLES DE GAULLE (BD),48.9103221418,2.2344600994,18,2,2
202100025081,156Â 824,B01,1,1,2,1,2,6,-1,0,0,-1,2021,49.0,0,1,0,2,1,2,1,,7,312,0,,2,2,0,1,(1),(1),1,, -1,1,0,1,70,15,6,1,69,69296,1,1,0,3,D312,45.639525,4.825273,17,2,2
202100037549,134Â 544,B01,1,1,1,0,1,4,-1,-1, -1,-1,2021,49.0,2,2,0,2,4,2,1,,1,AUTOROUTE A1,0,,3,8,0,1,11,500,1,, -1,1,0,1,110,30,5,1,93,93005,1,1,0,2,AUTOROUTE A1,48.9578,2.46266,18,2,2
202100025843,155Â 492,B01,1,1,2,5,1,0,-1,-1, -1,-1,2021,57.0,1,2,0,2,8,1,1,,1,A50,0,,3,6,0,1,53,900,1,, -1,1,0,1,130,30,7,1,83,83027,1,1,0,3,A50,43.1750195329,5.7697120318,19,2,2
202100049670,112Â 956,B01,1,1,1,0,2,6,-1,-1, -1,-1,2021,26.0,1,1,0,2,1,1,1,,3,REPUBLIQUE (AV DE LA),0,,2,4,0,1,1,0,1,, -1,1,0,1,50,1,3,5,94,94046,2,2,0,3,REPUBLIQUE (AV DE LA),48.80284,2.43429,5,2,2
202100029444,149Â 150,A01,1,1,1,1,1,0,-1,0,0,-1,2021,43.0,1,2,0,2,3,1,1,,4,PLACE DE L ALMA,0,,2,4,0,1,(1),(1),1,, -1,1,5,1,50,11,7,1,75,75108,2,7,0,3,PLACE DE L ALMA,48.864712,2.301391,19,2,2
202100054591,104Â 200,B01,1,1,2,1,1,-1,-1,-1, -1,-1,2021,34.0,1,5,0,2,4,1,1,,3,RD 905  COTE PEAGE,0,,3,4,0,1,11,320,1,, -1,2,0,1,90,15,1,3,39,39150,1,1,0,2,,47.055,5.44014,17,2,2
202100004257,194Â 143,A01,1,1,1,3,1,0,-1,-1, -1,-1,2021,24.0,2,2,0,2,3,13,1,,4,HUSS JEAN,0,,2,2,0,1,(1),(1),3,, -1,2,0,1,50,28,11,1,42,42218,2,4,1,5,Rue Jean Huss,45.45271,4.41519,11,4,3
202100012798,178Â 841,A01,2,2,1,5,2,6,-1,-1, -1,-1,2021,18.0,1,1,0,0,7,1,1,,1,RN104,0,,1,3,0,1,0,200,3,, -1,9,0,1,90,17,10,1,77,77121,1,1,0,6,RN104,48.834077,2.665679,17,2,1
202100045215,120Â 908,B01,1,1,1,4,1,0,-1,-1, -1,-1,2021,38.0,1,3,0,2,3,9,1,6.0,3,120,0,,1,3,1,1,0,0,2,, -1,1,5,1,50,3,4,1,91,91377,2,6,0,3,AV DU PDT SALVADOR ALLENDE,48.73227,2.26556,11,7,2
202100043317,124Â 232,A01,10,3,1,5,0,-1,-1,1,5,1,2021,9.0,1,2,0,1,2,1,1,,4,LAMARTINE (RUE),0,,2,2,0,1,0,0,1,, -1,1,0,1,30,18,4,1,67,67447,2,1,0,6,LAMARTINE (RUE),48.6130406873,7.7388234437,11,2,1
202100007382,188Â 563,A01,1,1,1,0,1,-1,-1,0,0,-1,2021,50.0,1,2,16,0,0,17,1,,3,84,-1,,2,2,0,2,53,100,3,,"6,5",1,0,3,80,20,11,1,89,89122,1,1,0,7,D84,48.277781,3.53793,12,1,1
202100046595,118Â 480,A01,1,1,1,5,2,6,-1,-1, -1,-1,2021,48.0,2,1,0,2,5,16,1,,3,BRUAY ( AVENUE DE ),0,,1,2,0,1,29,295,2,, -1,1,0,1,50,23,3,1,62,62119,2,6,0,3,BRUAY ( AVENUE DE ),50.52298,2.627578,18,3,2
202100047372,117Â 098,B01,1,1,2,0,8,0,-1,-1, -1,-1,2021,50.0,1,1,0,2,1,1,1,,4,BLANCARDE (BOULEVARD),0,,1,2,0,1,(1),(1),1,, -1,2,0,1,50,19,3,1,13,13204,2,1,1,1,BLANCARDE (BOULEVARD),43.302973,5.401257,9,2,2
202100015610,173Â 773,A01,1,1,1,5,2,6,-1,0,0,-1,2021,34.0,1,1,0,0,7,16,1,,3,FERNAND MOUREAUX (BOULEVARD),0,,3,1,0,1,0,0,3,, -1,2,0,1,30,28,9,5,14,14715,2,4,1,7,FERNAND MOUREAUX (BOULEVARD),49.365411,0.081537,23,1,1
202100005686,191Â 634,A01,10,3,2,0,0,-1,-1,1,3,1,2021,81.0,1,2,0,1,1,1,1,,4,,0,,2,2,0,1,3,10,1,,4,2,0,1,50,30,11,5,80,80274,2,1,1,6,30 rue AndrÃ© DELORME,49.735905,3.049843,18,3,1
202100046457,118Â 744,B01,1,1,1,1,1,-1,-1,0,0,-1,2021,30.0,2,2,0,0,4,1,1,,1,35,-1,,3,4,0,1,104,0,1,, -1,1,0,1,130,24,3,1,68,68278,1,1,0,2,A 35 PK 104+000,47.744734,7.421168,17,2,2
202100020271,165Â 400,A01,1,1,2,0,1,8,-1,0,0,-1,2021,37.0,1,2,0,2,2,9,1,,4,METZ (RUE DE),0,,1,1,0,1,(1),(1),1,, -1,1,0,1,30,2,9,1,63,63113,2,2,0,3,METZ / VÃ©nÃ©rable,45.78132,3.09805,16,2,2
202100018396,168Â 743,B01,1,1,2,1,2,0,-1,0,0,-1,2021,26.0,1,1,0,2,3,1,3,,4,AVENUE DAUMESNIL,0,,1,3,1,1,(1),(1),1,, -1,1,0,5,30,16,9,5,75,75112,2,2,0,3,AVENUE DAUMESNIL,48.848631,2.372542,0,2,2
202100025795,155Â 584,A01,2,2,2,5,1,-1,-1,0,0,-1,2021,40.0,2,2,0,2,2,14,1,,1,6,0,,3,5,0,2,376,300,1,, -1,2,0,1,130,4,8,2,71,71494,1,1,1,2,autoroute A6,46.4072158926,4.8572613189,6,8,2
202100052515,107Â 849,A01,1,1,1,9,8,0,-1,-1, -1,-1,2021,21.0,2,2,0,0,1,14,1,,3,ROUTE DEPARTEMENTALE 13,0,,2,2,0,1,6,500,3,, -1,2,0,1,50,3,2,5,972,97213,2,9,1,6,ROUTE DEPARTEMENTALE 13,14.634323603,-61.0145330431,8,1,1
202100028596,150Â 603,B01,2,2,2,5,1,0,-1,-1, -1,-1,2021,5.0,2,2,0,2,4,1,1,,2,RN104,0,,3,3,0,1,6,500,1,, -1,1,0,1,90,17,7,1,77,77373,1,1,0,2,RN104,48.7869240079,2.6174129882,17,4,3
202100012072,180Â 135,B01,2,2,2,0,3,0,-1,-1, -1,-1,2021,0.0,3,2,0,2,0,0,1,,3,7,0,,1,3,0,1,0,0,1,, -1,1,0,1,30,20,10,2,92,92040,2,6,0,2,RESISTANCE (PLACE DE LA),48.8217487038,2.2500032187,19,3,2
202100008382,186Â 748,A01,1,1,1,5,8,0,-1,-1, -1,-1,2021,16.0,1,1,0,0,0,1,5,,4,PARCHAMP (RUE DU) 1/7 - 2/6,0,,1,1,0,1,0,0,1,, -1,1,0,1,50,12,11,5,92,92012,2,1,0,7,PARCHAMP (RUE DU) 1/7 - 2/6,48.84674,2.23663,20,1,1
202100030849,146Â 621,B01,1,1,1,0,1,0,-1,-1, -1,-1,2021,26.0,2,2,0,2,6,0,1,,4,MADRAGUE VILLE (chemin de la),0,,2,4,0,2,0,0,2,, -1,1,0,1,50,4,7,1,13,13215,2,1,0,3,MADRAGUE VILLE (chemin de la),43.3333152,5.3585199,18,3,3
202100055633,102Â 408,A01,1,1,2,1,1,-1,-1,0,0,-1,2021,23.0,1,2,0,2,1,13,1,,7,512,-1,,2,2,0,2,28,700,4,, -1,7,0,1,80,11,1,3,38,38126,1,1,0,1,Route de Chartreuse,45.24194,5.75501,18,2,2
202100035883,137Â 546,A01,1,1,2,9,1,8,-1,-1, -1,-1,2021,41.0,1,2,0,2,1,1,1,,3,418,0,,-1,2,0,1,7,750,1,, -1,1,0,1,50,6,6,1,77,77464,2,1,0,1,CLAYE  (RUE DE  ),48.89304,2.70832,18,4,2
202100014352,176Â 055,A01,10,3,1,2,0,-1,-1,5,9,2,2021,18.0,1,2,0,1,7,14,1,,4,"""KENNEDY (AVENUE DU PRESIDENT J,F)""",0,,2,2,0,1,0,0,2,, -1,1,0,4,50,7,10,1,64,64122,2,1,0,6,"""KENNEDY (AVENUE DU PRESIDENT J,F)""",43.466423,-1.553905,15,3,1
202100052219,108Â 366,B01,1,1,1,1,1,8,-1,-1, -1,-1,2021,25.0,1,2,0,2,0,2,1,,4,24 AVRIL 15 (AVENUE DU),0,,2,2,0,2,(1),(1),1,, -1,2,0,1,50,7,2,1,13,13212,2,1,0,5,24 AVRIL 15 (AVENUE DU),43.308009,5.434047,9,3,3
202100045570,120Â 276,A01,1,1,1,1,2,6,-1,-1, -1,-1,2021,53.0,3,1,12,0,2,14,1,,4,REPUBLIQUE (PLACE DE LA),0,,2,3,3,1,0,0,3,, -1,1,0,6,50,31,3,1,64,64102,2,1,0,7,REPUBLIQUE (PLACE DE LA),43.49569,-1.47003,16,1,1
202100052479,107Â 913,A01,10,3,1,2,0,-1,-1,1,1,1,2021,13.0,1,2,0,1,8,22,1,,4,STALINGRAD (AVENUE DE),0,,-1,2,0,1,1,0,1,, -1,1,0,1,50,5,2,1,94,94003,2,1,0,6,STALINGRAD (AVENUE DE),48.8061583131,2.3183391988,8,2,1
202100030394,147Â 438,B01,1,1,1,1,8,0,-1,-1, -1,-1,2021,22.0,3,1,0,2,7,19,5,,7,ROVARCH (AVENUE PIERRE),0,,1,2,1,1,0,0,1,, -1,1,6,8,30,5,7,1,13,13028,2,1,1,3,ROVARCH (AVENUE PIERRE),43.19244,5.61511,20,2,2
202100041016,128Â 302,A01,2,2,1,5,1,-1,-1,0,0,-1,2021,30.0,1,2,12,0,9,1,1,,3,155,-1,,2,2,0,2,4,240,2,, -1,1,0,1,50,7,5,5,78,78262,2,1,0,6,Rue du Pont Marie,48.797352,1.792177,21,2,1
202100049845,112Â 642,A01,1,1,1,9,1,8,-1,-1, -1,-1,2021,56.0,1,5,4,0,3,2,1,,1,A86,0,,3,2,0,1,4,599,1,, -1,1,2,1,70,28,2,3,92,92025,1,1,0,6,A86,48.93082,2.24405,2,1,1
202100015661,173Â 674,A01,2,2,2,0,1,0,-1,-1, -1,-1,2021,74.0,2,2,6,2,1,1,1,,4,CHATAIGNERAIE (RUE DE LA),0,,2,1,0,2,0,0,1,, -1,1,0,1,30,2,10,1,92,92072,2,1,0,2,CHATAIGNERAIE (RUE DE LA),48.81808,2.20477,12,3,2
202100012893,178Â 683,A01,2,2,1,4,1,8,-1,-1, -1,-1,2021,32.0,0,2,15,0,0,16,1,,4,DOCTEUR CLAUDE BERNARD (RUE DU),0,,2,2,0,1,0,0,3,, -1,1,0,4,30,16,10,5,93,93005,2,3,0,6,DOCTEUR CLAUDE BERNARD (RUE DU),48.951,2.5183,0,2,1
202100009280,185Â 111,A01,1,1,1,5,2,8,-1,-1, -1,-1,2021,18.0,1,1,0,2,4,1,1,,3,PARIS DE 189-212 A FIN (RUE DE),0,,2,2,0,2,0,0,1,, -1,1,0,1,80,12,9,3,2,2691,1,1,0,2,PARIS DE 189-212 A FIN (RUE DE),49.836478,3.267819,0,2,2
202100015158,174Â 617,B01,1,1,1,1,2,6,-1,0,0,-1,2021,17.0,2,1,0,2,1,1,1,,3,977,-1,,2,1,0,1,29,400,1,,3,2,0,1,80,6,10,2,71,71102,1,1,0,1,D977,46.732602,4.787913,7,2,2
202100015322,174Â 316,A01,1,1,1,0,1,0,-1,-1, -1,-1,2021,19.0,1,2,0,2,7,15,1,,3,BAYONNE (AVENUE DE),0,,2,1,0,1,9,755,1,, -1,2,0,1,30,3,10,5,64,64024,2,3,1,3,DUFOURG (RUE AMEDE),43.4803489195,-1.5155003965,21,2,2
202100013640,177Â 334,A01,1,1,1,0,2,4,-1,0,0,-1,2021,23.0,1,1,0,2,1,1,5,,4,LECLERC (AVENUE DU GENERAL),0,,1,3,3,1,(1),(1),1,, -1,1,0,1,50,12,10,1,54,54395,2,3,0,3,LECLERC (AVENUE DU GENERAL),48.66962,6.16981,17,2,2
202100046933,117Â 883,A01,1,1,2,5,1,0,-1,-1, -1,-1,2021,54.0,1,2,3,2,1,21,1,,2,116 PK RN137 JUSTICE ROCHEFORT,0,,3,4,0,1,116,112,1,, -1,1,0,2,90,23,3,1,17,17274,1,1,0,7,116 PK RN137 JUSTICE ROCHEFORT,46.155436,-1.115498,17,1,1
202100028672,150Â 467,A01,1,1,1,0,2,6,-1,-1, -1,-1,2021,43.0,2,1,0,0,3,13,1,,3,LIBERTE AV.DE LA,0,,2,2,0,1,18,313,1,, -1,1,0,1,50,16,7,5,6,6155,2,9,0,7,LIBERTE AV.DE LA,43.568628,7.074026,0,1,1
202100010764,182Â 492,A01,1,1,1,0,8,-1,-1,0,0,-1,2021,34.0,1,2,8,0,1,1,1,,3,1113,0,,2,2,0,1,15,625,2,, -1,1,0,3,50,24,10,4,33,33102,2,1,0,6,,44.586595,-0.110123,2,1,1
202100012711,178Â 995,B01,1,1,1,5,1,-1,-1,0,0,-1,2021,24.0,1,2,0,2,3,21,1,,3,411,0,,2,2,0,3,20,392,1,, -1,1,0,1,80,15,10,3,77,77019,1,1,0,1,D411,48.391399,3.157089,20,2,2
202100024168,158Â 460,A01,1,1,1,1,2,6,9,0,0,-1,2021,17.0,2,1,6,0,1,13,1,,3,504,0,A,2,2,0,1,17,300,1,, -1,1,0,1,50,14,8,5,69,69070,2,1,0,6,HOTEL DE VILLE ( DE L') (R),46.018987,4.37792,6,1,1
202100003370,195Â 735,A01,1,1,1,1,1,-1,-1,0,0,-1,2021,50.0,1,2,2,0,1,14,1,,3,D43,0,,2,2,0,1,24,600,1,, -1,1,0,3,80,13,12,1,95,95054,1,1,0,6,RD 43,49.151051,1.884716,14,1,1
202100034433,140Â 184,A01,1,1,1,9,2,6,-1,0,0,-1,2021,28.0,1,1,12,0,1,21,5,,4,QUAI VOLTAIRE,0,,1,2,1,1,(1),(1),1,, -1,1,0,5,50,14,6,1,75,75107,2,1,0,6,QUAI VOLTAIRE,48.858818,2.331504,15,1,1
202100022212,161Â 944,B01,3,2,2,5,8,8,-1,0,0,-1,2021,56.0,2,2,0,2,1,1,1,,4,AVENUE DU MARECHAL FOCH,0,,1,4,0,1,0,0,1,, -1,1,0,1,50,27,8,5,988,98818,2,2,0,5,AVENUE DU MARECHAL FOCH/RUE AUGUSTE BRUN,-22.27668,166.44302,22,11,3
202100040840,128Â 635,B01,1,1,1,1,2,-1,-1,0,0,-1,2021,45.0,2,1,0,2,1,18,1,,7,65,0,D,2,2,0,1,1,2131,1,, -1,1,0,1,50,7,5,1,34,34327,2,3,0,1,Route de Jacou,43.658201,3.96114,18,2,2
202100020033,165Â 818,A01,10,3,2,5,0,-1,-1,2,3,1,2021,77.0,1,2,0,1,8,1,1,,4,LAROCHE (AVENUE LOUIS),0,,2,2,0,1,0,0,1,, -1,1,0,1,50,14,5,1,23,23096,2,1,0,6,LAROCHE (AVENUE LOUIS),46.1783,1.8703,15,2,1
202100028006,151Â 645,A01,1,1,1,5,2,9,-1,0,0,-1,2021,18.0,1,1,0,2,1,1,1,,3,22,2,D,2,2,0,1,3,300,1,, -1,1,0,1,80,21,7,1,82,82113,1,2,1,3,Route de Molieres,44.194082,1.438179,17,2,2
202100030283,147Â 636,A01,10,3,2,5,0,-1,-1,3,3,2,2021,3.0,1,2,0,1,2,1,3,,3,2085,-1,,2,2,1,1,14,404,1,, -1,1,0,1,30,8,7,1,6,6105,2,1,0,6,Route DÃ©partementale 2085,43.666234,7.050771,19,3,1
202100027988,151Â 678,A01,1,1,2,9,0,-1,-1,0,0,-1,2021,24.0,2,2,2,0,1,1,1,,3,D4,-1,,2,2,0,1,4,100,1,, -1,1,0,3,-1,18,7,2,1,1156,1,1,0,6,D4,45.9140127981,5.1445010304,6,1,1
202100047186,117Â 421,A01,10,3,1,2,0,-1,-1,2,3,2,2021,13.0,1,2,0,1,1,1,1,,3,128E1,-1,,2,2,0,1,(1),(1),1,, -1,1,0,1,50,17,3,1,33,33179,2,1,0,6,Avenue Francois Mitterand,44.991801,-0.275769,12,2,1
202100017370,170Â 590,A01,1,1,1,5,8,0,-1,-1, -1,-1,2021,28.0,2,2,6,0,1,21,1,,1,14,0,,1,4,0,1,3,500,1,, -1,1,1,1,70,25,9,5,92,92050,1,1,0,6,A14,48.9000874695,2.2094467145,0,2,1
202100013535,177Â 530,A01,1,1,1,4,1,0,-1,-1, -1,-1,2021,26.0,2,5,0,2,3,9,1,,1,21 DEMOISELLES  (PERIPH OUEST A620),0,,3,7,0,2,15,863,1,, -1,1,3,1,70,13,10,1,31,31555,1,1,0,3,21 DEMOISELLES  (PERIPH OUEST A620),43.5732,1.47266,10,3,2
202100023883,158Â 941,A01,10,3,1,5,8,8,-1,1,4,2,2021,74.0,1,2,0,1,4,4,1,,6,MAYAUD (QUAI),0,,-1,-1,0,1,0,0,1,, -1,1,0,1,20,14,8,1,49,49328,2,1,0,6,MAYAUD (QUAI),47.25997,-0.07424,8,2,1
202100054260,104Â 767,B01,1,1,1,9,2,0,-1,-1, -1,-1,2021,29.0,2,1,0,2,8,1,5,,3,VIC. HUGO(RUE)115A149 ET 148A178,0,,2,2,3,1,0,0,1,, -1,2,0,1,50,12,1,1,92,92044,2,2,1,3,VIC. HUGO(RUE)115A149 ET 148A178,48.900266,2.292657,14,2,2
202100024133,158Â 522,B01,1,1,2,3,1,0,-1,-1, -1,-1,2021,33.0,1,2,0,0,0,0,1,,3,,0,,2,2,0,2,21,0,1,, -1,1,0,1,80,14,8,1,25,25462,1,1,0,3,ETRACHES LES,46.92422,6.40044,14,2,2
202100009421,184Â 857,B01,1,1,2,9,1,8,-1,-1, -1,-1,2021,62.0,1,2,0,2,1,15,1,,4,REPUBLIQUE DE LA,0,,2,2,0,1,0,0,1,, -1,2,0,1,50,4,11,2,64,64132,2,1,1,1,REPUBLIQUE DE LA,43.28996,-0.33975,17,2,2
202100013682,177Â 245,A01,1,1,1,9,8,0,-1,0,0,-1,2021,34.0,2,1,0,2,8,19,3,,4,AVENUE JEAN JAURES,0,,2,2,1,1,(1),(1),1,, -1,1,0,1,30,12,10,1,75,75119,2,3,0,3,AVENUE JEAN JAURES,48.887004,2.386344,18,2,2
202100005919,191Â 210,A01,10,3,1,3,0,-1,-1,3,3,1,2021,46.0,2,2,0,1,3,9,1,,4,LAMARTINE ( RUE ),0,,2,2,0,1,(1),(1),3,, -1,2,0,1,50,27,11,5,62,62119,2,1,1,6,LAMARTINE ( RUE ),50.534671,2.638585,19,2,1
202100053653,105Â 829,A01,1,1,1,0,8,-1,-1,0,0,-1,2021,39.0,1,2,8,0,1,1,1,,3,780,-1,,2,2,0,1,19,30,2,, -1,2,0,3,80,27,1,1,56,56240,1,1,1,6,Coet Y Huel,47.5293,-2.807543,12,1,1