Num_Acc,id_vehicule,num_veh,place,catu,sexe,trajet,secu1,secu2,secu3,locp,actp,etatp,year_acc,victim_age,senc,catv,obs,obsm,choc,manv,motor,occutc,catr,voie,v1,v2,circ,nbv,vosp,prof,pr,pr1,plan,lartpc,larrout,surf,infra,situ,vma,jour,mois,lum,dep,com,agg_,int,atm,col,adr,lat,long,hour,nb_victim,nb_vehicules
202100008939,185Â 738,A01,1,1,1,9,2,8,-1,-1, -1,-1,2021,29.0,1,1,12,0,0,1,1,,4,CARNOT (BOULEVARD),0,,1,1,0,2,0,0,1,, -1,1,0,1,50,7,11,5,74,74281,2,1,0,3,CARNOT (BOULEVARD),46.37091,6.47811,19,2,2
202100017332,170Â 670,A01,2,2,2,5,1,-1,-1,0,0,-1,2021,15.0,1,2,6,0,1,1,1,,3,8,-1,,2,2,0,2,9,300,1,, -1,1,0,4,50,25,9,3,29,29022,2,1,0,6,Rue AndrÃ© Antoine,48.272233,-4.603894,0,3,1
202100038270,133Â 238,A01,2,2,2,0,8,-1,-1,0,0,-1,2021,1.0,2,2,6,0,1,1,1,,3,93,0,,2,2,0,1,5,820,3,, -1,2,0,3,80,26,5,1,45,45102,1,1,1,6,D93,47.941381,2.786214,18,2,1
202100042941,124Â 914,A01,1,1,1,5,2,6,9,0,0,-1,2021,28.0,2,1,14,0,8,1,1,,3,13,-1,D,2,2,0,1,9,845,2,, -1,1,0,1,70,23,4,1,47,47140,1,1,0,7,Hameau de Saint-julien,44.275047,0.629911,17,1,1
202100025297,156Â 442,A01,10,3,1,5,8,8,-1,4,3,1,2021,39.0,1,2,0,1,2,15,1,,4,SAINT LAZARE (AVENUE DE),0,,-1,1,0,1,(1),(1),1,, -1,1,9,1,30,6,8,5,34,34172,2,4,0,6,SAINT LAZARE (AVENUE DE),43.61768,3.886,1,2,1
202100013004,178Â 501,A01,1,1,1,0,2,0,-1,-1, -1,-1,2021,37.0,1,1,0,0,0,3,1,,1,A7-Sens Lyon vers Marseille,0,,1,3,0,2,274,0,1,, -1,1,0,1,90,15,10,5,13,13215,1,1,0,7,A7-Sens Lyon vers Marseille,43.37766,5.35741,19,1,1
202100018361,168Â 807,A01,1,1,1,0,2,0,-1,-1, -1,-1,2021,39.0,2,1,2,0,1,1,1,,7,LAVERUNE (ROUTE DE,0,,2,2,0,1,3,236,1,, -1,2,0,1,50,17,9,3,34,34172,2,1,0,6,LAVERUNE (ROUTE DE,43.59437,3.83527,1,1,1
202100015484,174Â 026,A01,1,1,1,4,2,-1,-1,-1, -1,-1,2021,21.0,1,1,8,2,1,5,1,,4,MARIETTON                           (R ),0,,1,3,3,1,(1),(1),1,, -1,1,0,6,50,30,9,1,69,69389,2,2,0,3,MARIETTON (R),45.77507,4.80722,12,2,2
202100000943,200Â 065,A01,1,1,1,5,1,-1,-1,0,0,-1,2021,18.0,1,2,2,0,3,1,1,,7,51,0,,3,2,0,1,16,600,3,, -1,2,0,3,50,30,12,5,69,69207,2,1,1,6,LOUIS ARMAND (AV),45.8909166409,4.8052471876,22,1,1
202100012601,179Â 191,A01,1,1,1,1,1,0,-1,-1, -1,-1,2021,27.0,1,2,13,0,9,21,1,,1,A12 Y,0,,-1,4,0,1,3,0,1,, -1,1,0,1,110,17,10,5,78,78043,1,1,0,6,A12 Y,48.822906,2.071772,6,1,1
202100045758,119Â 959,B01,1,1,2,0,8,0,-1,-1, -1,-1,2021,58.0,3,1,0,2,8,1,5,,4,PAUL BERT,0,,2,4,2,1,1,0,1,, -1,1,0,5,50,31,3,1,49,49007,2,1,0,3,PAUL BERT,47.46635,-0.55307,15,2,2
202100050806,110Â 865,A01,1,1,1,0,6,2,9,0,0,-1,2021,23.0,2,1,0,2,7,5,1,,3,437,-1,D,2,2,0,2,102,237,3,, -1,1,5,1,80,21,2,1,25,25387,1,3,0,1,D 437,47.280583,6.826522,16,3,2
202100009664,184Â 435,A01,1,1,1,0,2,6,-1,0,0,-1,2021,21.0,1,1,0,2,1,1,1,,3,763,0,,2,2,0,2,17,83,2,, -1,1,3,1,80,3,11,2,44,44064,1,9,0,2,Les Forges,47.114014,-1.282665,17,2,2
202100052208,108Â 389,B01,1,1,1,5,2,6,9,-1, -1,-1,2021,20.0,2,1,0,2,1,1,1,,4,ROGER SALENGRO                      (R ),0,,2,0,0,1,(1),(1),1,, -1,1,0,1,50,7,2,1,69,69389,2,2,0,3,ROGER SALENGRO (R),45.77811,4.80576,16,3,2
202100008336,186Â 826,A01,1,1,1,1,1,0,-1,-1, -1,-1,2021,67.0,1,2,0,2,4,2,1,,7,BRETELLE SORTIE,0,,1,1,0,1,0,1,3,, -1,1,3,8,50,6,11,3,67,67218,1,1,1,2,M35,48.547605,7.728886,2,2,2
202100001002,199Â 972,A01,1,1,2,4,1,8,-1,-1, -1,-1,2021,24.0,2,2,4,0,3,13,1,,2,165,0,,1,2,0,2,98,300,3,, -1,2,3,1,70,24,12,3,56,56185,1,1,1,6,N165 bretelle Ã©changeur ,47.77109,-3.37795,19,1,1
202100049867,112Â 601,B01,1,1,1,0,8,0,-1,0,0,-1,2021,39.0,0,1,0,2,7,1,5,,2,ROUTE NATIONALE 13,0,,1,1,0,2,23,141,3,, -1,1,2,1,50,27,2,1,78,78551,2,3,0,3,FOURQUEUX (DE),48.89281,2.08305,17,2,2
202100054451,104Â 432,A01,10,3,1,9,0,-1,-1,3,3,1,2021,48.0,1,2,0,1,3,1,1,,4,FRANCE LIBRE  AVENUE DE LA,0,,2,0,0,1,(1),(1),1,, -1,2,9,1,50,19,1,5,29,29232,2,1,1,6,Avenue de la France Libre,48.006842,-4.0971,18,2,1
202100052092,108Â 599,A01,2,2,1,0,1,0,-1,-1, -1,-1,2021,34.0,1,2,0,2,4,1,1,,1,A7-Sens Lyon vers Marseille,0,,1,3,0,1,274,899,1,, -1,1,0,1,90,8,2,1,13,13215,1,1,0,4,A7-Sens Lyon vers Marseille,43.36691,5.36083,16,4,3
202100031355,145Â 697,A01,1,1,1,5,0,-1,-1,0,0,-1,2021,54.0,3,1,0,0,0,1,5,,9,CH,0,C,2,2,1,1,0,0,1,, -1,1,0,5,20,3,7,1,55,55245,1,1,0,6,Lac de la Madine,48.9379838696,5.7247942686,11,1,1
202100030325,147Â 558,B01,1,1,2,0,2,-1,-1,-1, -1,-1,2021,36.0,3,1,0,2,1,19,3,,4,,0,,2,5,1,1,(1),(1),1,, -1,2,0,1,50,6,7,1,69,69388,2,2,1,3,ETATS UNIS (DES) (BD),45.73458,4.86334,16,2,2
202100017784,169Â 826,A01,1,1,1,5,2,6,-1,0, -1,-1,2021,40.0,1,1,0,0,1,16,1,,3,,-1,,2,-1,0,1,4,878,3,, -1,2,0,1,80,31,1,1,61,61234,1,6,0,6,,48.457391,0.036521,11,1,1
202100001164,199Â 695,A01,2,2,1,0,1,0,-1,-1, -1,-1,2021,19.0,1,2,0,2,1,0,0,,4,RABIN (PLACE YITZHAK),0,,-1,2,0,1,0,0,1,, -1,1,0,1,50,27,12,5,90,90010,2,2,1,3,RABIN (PLACE YITZHAK),47.641923,6.857134,22,3,2
202100024062,158Â 639,B01,1,1,2,5,2,7,-1,0,0,-1,2021,27.0,1,1,0,2,8,1,1,,3,207,-1,,2,2,0,1,8,700,1,, -1,1,0,1,80,15,8,1,14,14209,1,2,0,3,D207,49.256246,-0.816792,15,2,2
202100018311,168Â 891,A01,1,1,1,9,2,0,-1,-1, -1,-1,2021,17.0,1,1,0,2,1,1,1,,3,JOHN KENNEDY (AVENUE),0,,3,5,3,1,1,940,1,, -1,1,0,1,50,17,9,1,86,86194,2,1,0,3,Avenue John Kennedy,46.587926,0.363668,9,2,2
202100056329,101Â 212,A01,2,2,2,0,2,0,-1,-1, -1,-1,2021,29.0,2,1,0,9,1,1,1,,1,AUTOROUTE A1,0,,1,6,0,1,2,200,1,, -1,1,2,1,90,2,1,4,972,97213,1,1,0,6,AUTOROUTE A1,14.61795,-61.03056,22,2,1
202100021181,163Â 802,A01,1,1,1,0,2,-1,-1,0,0,-1,2021,64.0,2,1,13,0,9,17,1,,3,110,0,D,2,2,0,1,4,260,1,,"5,5",1,0,1,80,27,8,1,73,73116,1,1,0,6,D110,45.246016,6.321597,13,2,2
202100051539,109Â 572,A01,1,1,1,0,1,5,-1,0,0,-1,2021,52.0,1,2,0,2,1,13,1,,2,164,0,N,2,2,0,1,95,0,1,, -1,2,0,1,80,15,2,1,22,22061,1,1,1,1,ZA de Goperen,48.255177,-3.38484,9,2,2
202100018922,167Â 820,A01,1,1,2,5,1,0,-1,-1, -1,-1,2021,20.0,1,2,1,0,7,14,1,,4,GERONE (AV DE),0,,2,2,0,1,(1),(1),1,, -1,1,0,1,50,14,9,5,81,81004,2,1,0,6,GERONE (AV DE),43.9372025854,2.1891341955,21,1,1
202100047144,117Â 499,B01,1,1,1,0,2,8,-1,-1, -1,-1,2021,50.0,1,1,0,2,3,1,3,,3,PONT DE CRETEIL - PONT DE CRETEIL (R DU),0,,3,4,0,1,1,0,1,, -1,1,0,1,30,21,3,1,94,94068,2,3,0,3,PONT DE CRETEIL - PONT DE CRETEIL (R DU),48.80841,2.47114,12,2,2
202100014250,176Â 220,A01,1,1,1,5,2,6,-1,0,0,-1,2021,27.0,1,1,0,2,1,17,1,,3,940,0,,2,2,0,1,1,800,1,, -1,1,0,1,80,10,10,1,46,46034,1,1,0,2,D940,44.716329,1.912748,9,2,2
202100049570,113Â 152,B01,1,1,1,5,0,-1,-1,0,0,-1,2021,18.0,3,1,0,2,2,9,5,,4,166,-1,D,2,2,0,1,(1),(1),1,, -1,1,0,1,70,28,2,1,22,22327,1,2,0,1,D166,48.492812,-2.041778,16,2,2
202100002523,197Â 267,A01,1,1,1,0,0,-1,-1,0,0,-1,2021,18.0,1,2,6,0,1,1,1,,3,31,-1,D,2,2,0,4,23,70,1,, -1,2,0,3,70,19,12,5,53,53096,1,1,1,6,23 Avenue de la LibÃ©ration,48.306078,-0.938858,7,1,1
202100026796,153Â 825,A01,1,1,1,5,1,8,-1,-1, -1,-1,2021,64.0,1,2,9,0,1,9,1,,3,VOIE RAPIDE NORD SUD,0,,3,2,0,2,54,0,3,, -1,1,0,1,50,27,7,1,68,68224,2,6,0,6,VOIE RAPIDE NORD SUD,47.77808,7.33415,13,1,1
202100008835,185Â 947,B01,1,1,2,1,1,-1,-1,-1,0,-1,2021,43.0,1,2,0,2,4,2,1,,2,RN 104,0,,3,4,0,1,21,100,1,, -1,1,0,1,110,9,11,1,95,95351,1,1,0,2,RN 104,49.040313,2.482885,7,2,2
202100048656,114Â 783,A01,10,3,1,2,0,-1,-1,3,B,1,2021,12.0,2,2,0,0,1,9,1,,7,REPUBLIQUE (RUE DE LA),0,,2,1,0,1,1,150,1,, -1,1,9,1,30,8,3,1,83,83090,2,9,0,6,REPUBLIQUE (RUE DE LA),43.1378323259,5.8473029514,16,2,1
202100000995,199Â 981,A01,1,1,1,5,2,8,-1,-1, -1,-1,2021,25.0,2,1,12,0,1,1,1,,3,ESPAGNE (AVENUE D'),0,,2,2,0,2,19,160,1,, -1,1,0,1,50,28,12,5,64,64125,2,1,0,6,Avenue dâEspagne,43.429499,-1.600257,3,1,1
202100051508,109Â 626,A01,10,3,2,3,0,-1,-1,2,3,1,2021,57.0,2,2,0,1,1,1,1,,4,SAINT-PIERRE (RUE),0,,2,2,0,1,(1),(1),1,, -1,1,0,1,50,10,2,1,65,65286,2,1,0,6, RUE SAINT-PIERRE,43.09615,-0.04615,16,2,1
202100007503,188Â 346,A01,1,1,2,0,1,-1,-1,0,0,-1,2021,37.0,0,2,0,0,7,0,1,,3,941,0,,2,2,0,1,(1),(1),1,, -1,1,0,1,90,18,11,1,87,87185,1,2,0,3,Le Petit Loubier,45.896098,1.03758,15,2,2
202100030460,147Â 325,A01,1,1,1,5,2,6,9,0,0,-1,2021,43.0,2,1,0,9,0,0,5,,3,930,-1,,2,2,0,1,8,300,1,, -1,1,0,1,80,6,7,1,32,32083,1,1,0,3,D930,43.810546,0.427297,18,2,2
202100012045,180Â 179,B01,7,2,2,9,8,0,-1,0,0,-1,2021,51.0,2,3,0,2,2,1,3,,4,BOULEVARD NEY,0,,2,4,2,1,(1),(1),1,, -1,1,-1,6,50,20,10,1,75,75118,2,2,0,3,BOULEVARD NEY,48.897679,2.32898,14,5,2
202100033546,141Â 808,A01,1,1,1,4,1,0,-1,-1, -1,-1,2021,31.0,1,5,0,2,1,13,1,,2,RN520,0,,2,2,0,2,10,199,1,, -1,1,0,1,80,17,6,1,87,87085,1,1,0,1,RN520,45.88089,1.18033,7,3,2
202100031667,145Â 152,A01,1,1,1,5,1,-1,-1,0,0,-1,2021,33.0,3,2,13,0,0,1,1,,4,,0,,2,2,0,1,(1),(1),1,,4,1,0,3,80,27,6,3,88,88310,1,1,0,7,Chemin latÃ©ral,48.03488,5.990059,22,1,1
202100014200,176Â 310,A01,1,1,2,9,2,6,-1,0,0,-1,2021,38.0,1,1,0,2,3,12,1,,4,AVENUE DE FLANDRE,0,,1,2,3,1,(1),(1),1,, -1,1,0,1,30,9,10,1,75,75119,2,3,0,3,AVENUE DE FLANDRE,48.889835,2.37599,17,3,2
202100033918,141Â 135,A01,1,1,2,1,1,-1,-1,0,0,-1,2021,19.0,2,2,0,2,4,1,1,,3,984,-1,C,2,2,0,1,2,250,1,, -1,1,0,1,-1,17,6,1,1,1354,2,1,0,4,Rue de la Faucille,46.266557,6.031859,13,3,3
202100043816,123Â 364,A01,1,1,1,0,1,0,-1,-1, -1,-1,2021,22.0,3,1,0,2,8,17,0,,4,,0,,1,1,0,1,0,0,1,, -1,1,0,1,50,16,4,1,92,92004,2,1,0,3,MOURINOUX ( RUE DES ),48.9301465628,2.275038287,18,2,2
202100016929,171Â 362,A01,1,1,2,5,2,0,-1,-1, -1,-1,2021,14.0,3,1,0,2,1,19,3,,4,HEURTELOUP (BOULEVARD),0,,1,3,0,1,(1),(1),1,, -1,1,5,8,50,23,9,1,37,37261,2,2,0,6,HEURTELOUP (BOULEVARD),47.3924279751,0.7003933434,17,2,2
202100014007,176Â 665,B01,1,1,1,5,2,0,-1,-1, -1,-1,2021,36.0,1,1,0,2,4,23,1,,4,PRADO (AVENUE DU),0,,2,6,3,1,0,0,1,, -1,1,0,1,50,9,10,5,13,13206,2,1,0,2,PRADO (AVENUE DU),43.283,5.384,21,3,2
202100010903,182Â 239,A01,10,3,1,0,0,-1,-1,2,3,1,2021,18.0,0,2,0,1,1,1,1,,4,NAUTIN LEON,0,,2,2,0,1,(1),(1),1,, -1,1,0,1,50,15,10,5,42,42218,2,1,0,6,Rue LÃ©on Nautin,45.4347832845,4.3898359067,1,2,1
202100030187,147Â 810,A01,1,1,1,4,1,-1,-1,-1, -1,-1,2021,58.0,2,5,0,2,2,15,1,,2,LORIENT (DE),0,,3,6,3,1,2,353,1,, -1,1,0,1,50,7,7,1,35,35238,2,9,0,3,LORIENT (DE),48.10689,-1.72764,11,2,2
202100050484,111Â 456,B01,1,1,2,4,2,6,-1,0,0,-1,2021,64.0,2,1,0,2,3,15,3,,4,RUE DE REUILLY,0,,2,2,0,1,(1),(1),1,, -1,1,0,1,50,23,2,1,75,75112,2,3,0,3,RUE DE REUILLY,48.846579,2.387457,12,2,2
202100015143,174Â 643,A01,1,1,1,2,2,6,-1,-1, -1,-1,2021,17.0,1,1,0,2,2,1,1,,3,50,0,,2,4,0,1,0,0,1,, -1,1,0,1,30,5,10,1,92,92040,2,1,0,3,ROUGET DE L'ISLE,48.82838,2.26586,12,2,2
202100036466,136Â 517,A01,10,3,2,5,0,-1,-1,2,3,2,2021,6.0,0,2,0,1,1,1,2,,4,AVENUE DE LA PORTE DE CLICHY,0,,1,3,0,1,(1),(1),1,, -1,1,0,1,50,3,6,1,75,75117,2,1,0,6,AVENUE DE LA PORTE DE CLICHY,48.895552,2.311444,9,2,1
202100021431,163Â 337,A01,1,1,1,0,8,0,-1,-1, -1,-1,2021,37.0,3,1,0,2,1,2,5,,4,GENESLAY FELIX (AV) NÂ° PAIRS 288 ET plus,0,,3,4,0,1,0,0,1,, -1,1,0,1,50,1,9,1,72,72181,2,1,0,2,GENESLAY FELIX (AV) NÂ° PAIRS 288 ET plus,47.969525,0.204203,14,2,2
202100044375,122Â 351,B01,2,2,2,5,1,0,-1,-1, -1,-1,2021,17.0,0,5,0,2,8,1,1,,3,CHAPIT RE ( RUE DU),0,,2,3,0,1,0,0,1,, -1,1,0,1,50,11,4,1,93,93073,1,1,0,3,CHAPIT RE ( RUE DU),48.98362,2.54105,14,5,2
202100025919,155Â 354,A01,1,1,2,0,1,-1,-1,0,0,-1,2021,49.0,1,2,13,0,2,1,1,,3,16,0,D,2,2,0,2,1,0,4,, -1,1,0,8,80,3,8,1,48,48061,1,1,0,6,D16,44.323691,3.58709,15,1,1
202100013435,177Â 720,A01,1,1,1,4,1,-1,-1,0,0,-1,2021,37.0,1,5,0,2,1,12,1,,1,10,-1,,3,2,0,1,248,500,1,,"10,5",1,0,1,130,6,9,1,37,37142,1,1,0,3,A10,47.0413226783,0.5802447146,17,2,2
202100043995,123Â 038,B01,1,1,1,0,2,6,-1,-1, -1,-1,2021,24.0,2,1,0,2,1,3,1,,1,AUTOROUTE A86,0,,3,8,0,1,12,500,1,, -1,1,0,1,90,14,4,1,93,93066,1,1,0,3,AUTOROUTE A86,48.92555,2.33972,17,2,2
202100032371,143Â 901,B01,2,2,2,0,1,-1,-1,0,0,-1,2021,18.0,1,2,0,2,9,1,0,,3,17,0,D,-1,2,0,1,12,40,1,, -1,1,0,3,80,21,5,1,83,83031,1,1,0,3,Route Thoronet D17,43.402152,6.358158,18,3,2
202100015456,174Â 080,A01,1,1,1,1,1,-1,-1,-1,0,-1,2021,25.0,2,2,0,2,1,9,1,,1,AUTOROUTE A115,0,,3,4,0,2,8,0,1,, -1,1,0,1,70,2,10,1,95,95607,1,1,0,5, A115,49.0136296465,2.2190451622,12,6,4
202100022438,161Â 531,B01,3,2,1,9,1,0,-1,-1, -1,-1,2021,6.0,2,2,0,2,4,2,1,,2,BOULEVARD ALEXANDER FLEMING,0,,3,0,0,1,1,214,3,, -1,1,0,1,70,26,8,1,44,44109,1,1,0,4,BOULEVARD ALEXANDER FLEMING,47.25798,-1.55406,17,4,3
202100040147,129Â 836,B01,2,1,1,0,8,0,-1,-1, -1,-1,2021,20.0,1,1,0,2,1,1,0,,3,PETIT PEROU,0,,3,2,0,1,0,0,1,, -1,1,0,1,80,11,5,1,971,97101,1,6,0,3,PETIT PEROU,16.2548983058,-61.5133950102,10,2,2
202100051524,109Â 596,A01,2,2,1,0,2,0,-1,-1, -1,-1,2021,33.0,-1,1,0,2,3,21,0,,3,SEMARD (AVENUE PIERRE),0,,-1,2,0,1,0,1,1,, -1,1,0,1,50,14,2,5,93,93008,2,6,0,3,SEMARD (AVENUE PIERRE),48.9098,2.44602,20,3,2
202100035069,139Â 011,B01,1,1,2,9,8,0,-1,0,0,-1,2021,17.0,1,1,14,2,1,1,3,,4,AVENUE DE FRIEDLAND,0,,2,2,0,2,(1),(1),1,, -1,1,0,1,50,11,6,1,75,75108,2,1,0,3,AVENUE DE FRIEDLAND,48.874651,2.304405,10,2,2
202100015342,174Â 287,A01,1,1,2,0,2,6,-1,-1, -1,-1,2021,15.0,0,1,0,0,6,15,1,,4,GAMMERTINGEN (ROND-POINT DE),0,,1,2,0,1,1,0,2,, -1,2,5,1,50,2,10,5,22,22360,2,6,1,7,GAMMERTINGEN (ROND-POINT DE),48.48594,-2.74267,19,1,1
202100031665,145Â 155,A01,1,1,1,2,2,-1,-1,0,0,-1,2021,14.0,2,1,0,2,1,1,5,,4,,0,,2,2,0,2,(1),(1),1,,4,2,0,1,50,30,6,1,52,52093,2,2,1,3,Rue des Adieux,47.805722,5.430894,9,2,2
202100050341,111Â 718,Z01,10,3,2,3,8,8,-1,0,9,1,2021,89.0,3,2,0,1,6,26,1,,6,ITALIE (PLACE D'),0,,-1,0,0,1,0,0,1,, -1,1,9,8,50,12,2,1,28,28134,1,1,0,6,ITALIE (PLACE D'),48.736,1.34915,15,2,1
202100042071,126Â 425,A01,1,1,2,4,8,0,-1,-1, -1,-1,2021,34.0,3,2,0,2,5,1,1,,4,COTTAGE RUE DU,0,,2,2,0,3,0,0,1,, -1,1,0,1,50,29,4,1,93,93015,1,9,0,3,COTTAGE RUE DU,48.91821,2.56634,12,2,2
202100042162,126Â 257,A01,1,1,1,0,2,0,-1,-1, -1,-1,2021,50.0,3,1,0,2,9,13,1,,2,MARSEILLE (Route)-MONTFAVET,0,,3,2,0,1,61,700,1,, -1,1,0,1,90,18,4,1,84,84007,2,1,0,3,MARSEILLE (Route)-MONTFAVET,43.89084,4.91043,18,3,2
202100010247,183Â 393,A01,2,2,2,5,1,0,-1,-1, -1,-1,2021,21.0,1,2,3,0,1,2,1,,1,AUTOROUTE A86,0,,1,2,0,2,51,299,2,, -1,2,2,1,70,30,10,1,94,94034,1,1,0,6,AUTOROUTE A86,48.7588,2.33688,17,2,1
202100007756,187Â 893,A01,2,2,1,0,8,0,-1,-1, -1,-1,2021,14.0,1,2,0,9,1,16,1,,4,REDOUTE DU MATOUBA (RUE DE LA ),0,,1,1,0,1,0,0,1,, -1,1,0,1,30,16,11,1,972,97209,2,3,0,6,REDOUTE DU MATOUBA (RUE DE LA ),14.60603,-61.06595,11,2,1
202100008330,186Â 837,B01,1,1,1,5,2,6,-1,0,0,-1,2021,68.0,2,1,0,2,1,1,1,,3,754,-1,,2,2,0,-1,23,461,-1,, -1,1,0,1,-1,14,11,1,85,85088,1,9,0,2,Route du Pas Opton,46.728402,-1.880784,12,2,2
202100009497,184Â 733,B01,1,1,1,1,2,6,-1,0,0,-1,2021,42.0,1,1,0,2,4,2,1,,3,316,-1,,2,3,0,1,7,200,1,, -1,1,0,1,80,5,11,1,95,95205,1,1,0,2,RD 316,49.03101,2.38995,8,2,2
202100051938,108Â 867,A01,1,1,1,0,8,0,-1,-1, -1,-1,2021,22.0,3,2,1,1,4,4,0,,4,BOIS DE NEUILLY (RUE DU),0,,2,2,0,2,1,0,1,, -1,7,0,1,50,10,2,2,93,93064,2,1,1,5,BOIS DE NEUILLY (RUE DU),48.8725039623,2.5009614229,8,4,3
202100039375,131Â 219,B01,1,1,1,2,0,-1,-1,0,0,-1,2021,13.0,1,1,0,2,1,0,5,,3,,-1,,2,1,1,1,1,2,3,,4,1,0,5,30,20,5,1,91,91461,2,1,0,6,Rue de la Maison Rouge,48.595504,2.227435,8,2,2
202100022321,161Â 737,B01,1,1,1,5,2,-1,-1,0,0,-1,2021,72.0,1,1,0,2,8,13,5,,3,643,0,,2,2,0,2,41,500,1,, -1,1,0,1,80,28,8,1,54,54067,1,1,0,3,D643 PK 41-500,49.435427,5.6595039368,14,2,2
202100024359,158Â 139,B01,1,1,1,5,0,-1,-1,0,0,-1,2021,45.0,2,1,0,0,2,15,5,,2,RN524,-1,,2,2,0,1,(1),(1),1,, -1,1,0,1,50,14,8,1,33,33046,2,3,0,3,54 Grande Route,44.371861,-0.243668,12,3,2
202100003736,195Â 074,B01,1,1,1,1,2,8,-1,-1, -1,-1,2021,33.0,2,1,0,2,4,23,3,,3,GENERAL DE GAULLE (PL DU),0,,1,3,0,1,1,0,2,, -1,1,5,1,50,9,12,5,94,94033,2,6,0,2,Place du General de Gaulle,48.8522,2.4854,20,2,2
202100040868,128Â 575,Z01,2,2,2,0,2,0,-1,-1, -1,-1,2021,30.0,2,1,0,2,0,1,0,,3,BADUEL (ROUTE DE),0,,2,1,0,1,1,500,1,, -1,1,9,1,50,7,5,1,973,97302,2,1,0,6,BADUEL (ROUTE DE),4.9379052751,-52.3162879946,9,3,2
202100028602,150Â 591,A01,1,1,1,1,2,8,-1,-1, -1,-1,2021,26.0,3,1,0,2,1,17,1,,4,CHAUDRON  (BLD 1 DU),0,,2,2,0,1,0,0,1,, -1,1,0,1,50,16,7,1,974,97411,2,1,0,3,CHAUDRON  (BLD 1 DU),-20.89737,55.49634,7,2,2
202100041470,127Â 482,C01,1,1,2,5,1,8,-1,-1, -1,-1,2021,19.0,1,2,0,2,1,1,1,,1,A51-Sens Marseille vers Aix en Provence,0,,1,3,0,1,4,0,1,, -1,1,0,1,90,3,5,1,13,13019,1,1,0,4,A51-Sens Marseille vers Aix en Provence,43.4244,5.37591,18,3,3
202100044527,122Â 125,A01,1,1,2,0,1,0,-1,-1, -1,-1,2021,29.0,1,2,4,0,1,1,1,,2,RN 118,0,,3,4,0,3,2,599,3,, -1,2,0,3,90,10,4,1,91,91064,1,1,1,7,RN 118,48.750096,2.221365,18,1,1
202100040720,128Â 824,B01,1,1,1,0,2,0,-1,-1, -1,-1,2021,34.0,1,1,0,2,1,1,1,,4,RABAN (ROUTE DE),0,,2,2,0,1,(1),(1),1,, -1,1,0,1,50,7,5,1,973,97302,2,1,0,3,RABAN (ROUTE DE),4.93581,-52.3146,13,2,2
202100039891,130Â 286,A01,1,1,1,5,1,-1,-1,0,0,-1,2021,19.0,2,2,13,0,3,14,1,,3,76,0,,2,2,0,2,11,825,2,, -1,1,0,3,80,13,5,1,26,26307,1,1,0,6,Route de Lente,45.004592,5.296977,18,1,1
202100032133,144Â 310,B01,1,1,1,5,2,0,-1,0,0,-1,2021,70.0,1,1,0,2,1,1,5,,4,AVENUE PAUL DOUMER,0,,2,2,0,1,(1),(1),1,, -1,1,0,1,50,25,6,1,75,75116,2,5,0,3,AVENUE PAUL DOUMER,48.859716,2.279027,12,2,2
202100027641,152Â 310,A01,1,1,1,1,2,6,-1,0,0,-1,2021,53.0,1,1,0,0,2,3,1,,4,,-1,,2,3,0,2,(1),(1),1,,9,1,0,1,50,23,7,1,69,69244,2,1,0,3,GENERAL BROSSET (AV),45.7570874691,4.7803124342,8,2,2
202100015654,173Â 688,Z01,1,1,1,0,8,0,-1,-1, -1,-1,2021,37.0,2,1,0,2,3,2,5,,3,JAURES (AVENUE JEAN),0,,2,1,0,1,0,1,1,, -1,2,0,1,50,2,10,2,93,93064,2,1,1,3,JAURES (AVENUE JEAN),48.86762,2.48642,18,2,2
202100025352,156Â 339,B01,1,1,1,0,1,-1,-1,0,0,-1,2021,21.0,2,2,0,2,2,1,0,,3,4,0,A,2,3,0,1,16,200,1,, -1,1,0,1,90,6,8,1,95,95487,1,1,0,3,ROUTE DÃPARTEMENTALE 4,49.152422,2.254965,16,2,2
202100044839,121Â 567,B01,1,1,2,9,8,0,-1,0,0,-1,2021,40.0,1,1,0,2,8,18,5,,4,PLACE DE LA REPUBLIQUE,0,,2,6,0,1,(1),(1),1,, -1,1,0,1,50,7,4,1,75,75103,2,3,0,3,PLACE DE LA REPUBLIQUE,48.8673377785,2.3633641762,8,2,2
202100009020,185Â 590,A01,1,1,1,5,1,-1,-1,0,0,-1,2021,21.0,1,2,13,0,9,2,1,,2,4,0,,1,1,0,2,18,500,3,, -1,2,0,3,70,7,11,3,57,57119,1,9,0,7,RN4 PK18+500 sortie ABRESCHVILLER,48.718248,7.050519,21,2,1
202100006222,190Â 687,B01,1,1,1,5,2,6,-1,-1, -1,-1,2021,23.0,1,1,0,2,1,1,1,,4,DUTREIX (RUE ARMAND),0,,2,3,0,1,0,0,1,, -1,1,0,1,50,23,11,5,87,87085,2,2,0,1,DUTREIX (RUE ARMAND),45.83123,1.24033,18,2,2
202100025111,156Â 766,B01,10,3,1,5,0,-1,-1,1,5,2,2021,5.0,1,2,0,1,1,1,1,,4,REFFYE (COURS),0,,2,2,0,1,(1),(1),1,, -1,1,0,1,50,7,8,1,65,65440,2,1,0,6,REFFYE (COURS),43.232274,0.071454,15,2,1