Num_Acc,id_vehicule,num_veh,place,catu,sexe,trajet,secu1,secu2,secu3,locp,actp,etatp,year_acc,victim_age,senc,catv,obs,obsm,choc,manv,motor,occutc,catr,voie,v1,v2,circ,nbv,vosp,prof,pr,pr1,plan,lartpc,larrout,surf,infra,situ,vma,jour,mois,lum,dep,com,agg_,int,atm,col,adr,lat,long,hour,nb_victim,nb_vehicules
202100025032,156Â 909,A01,1,1,1,4,1,-1,-1,0,0,-1,2021,28.0,1,5,0,2,4,23,1,,7,132e2,0,,2,2,0,1,12,100,1,, -1,1,0,1,80,9,8,1,34,34270,1,1,0,2,D132e2,43.589266,3.822341,10,4,2
202100004830,193Â 150,B01,2,1,1,1,8,0,-1,-1, -1,-1,2021,23.0,-1,1,0,2,1,0,0,,3,PROGRES RUE DU,0,,2,1,0,1,1,0,1,, -1,3,0,1,50,3,12,5,93,93063,2,2,1,1,PROGRES RUE DU,48.8718796984,2.439811153,20,2,2
202100038438,132Â 938,A01,1,1,2,3,1,-1,-1,0,0,-1,2021,76.0,2,2,6,0,1,2,1,,3,908E2,0,D,2,2,0,1,6,318,1,, -1,1,0,3,50,26,5,1,34,34028,2,1,0,6,66 route de saint pons,43.604246,3.147556,16,1,1
202100043936,123Â 141,B01,1,1,1,5,2,0,-1,-1, -1,-1,2021,27.0,2,1,0,2,3,21,6,,3,406,0,,2,2,0,2,0,0,1,, -1,1,0,1,30,15,4,1,92,92048,2,1,0,1,ETANG DE TRIVAUX (ROUTE DE L'),48.7955112148,2.2324709594,16,2,2
202100005366,192Â 194,A01,10,3,1,5,0,-1,-1,4,3,1,2021,84.0,1,2,0,1,1,15,1,,2,COMMANDANT DUMONT ( AVENUE),0,,2,3,0,2,36,661,1,, -1,1,0,1,50,30,11,1,5,5061,2,3,1,6,VILLAROBERT ( RUE DE ),44.56985,6.08332,8,2,1
202100023384,159Â 820,A01,1,1,1,5,1,-1,-1,0,0,-1,2021,44.0,2,2,16,0,0,1,1,,3,981,0,D,2,2,0,1,0,800,2,, -1,1,0,8,80,20,8,1,60,60644,1,1,0,7,RD981,49.2809162892,1.7985670566,18,1,1
202100029321,149Â 353,B01,1,1,1,9,2,6,-1,0,0,-1,2021,58.0,1,1,0,2,7,1,3,,4,QUAI SAINT EXUPERY,0,,1,2,0,1,(1),(1),1,, -1,2,0,1,50,12,7,1,75,75116,2,1,0,3,QUAI SAINT EXUPERY,48.837805,2.265302,16,2,2
202100020738,164Â 563,A01,2,2,2,5,1,-1,-1,0,0,-1,2021,52.0,1,5,0,2,3,17,1,,3,68,-1,,-1,2,0,1,6,700,1,, -1,1,0,1,90,5,9,1,49,49017,1,1,0,5,D68,47.64168,-0.346883,18,4,3
202100014543,175Â 707,B01,1,1,1,0,1,-1,-1,0,0,-1,2021,38.0,1,2,0,2,3,1,1,,3,1201,-1,,2,2,0,1,4,250,1,, -1,1,0,1,80,27,6,5,74,74002,1,1,0,1,D1201,45.819005,6.004736,22,3,2
202100034280,140Â 464,B01,1,1,1,4,1,-1,-1,-1, -1,-1,2021,49.0,1,2,0,2,4,1,1,,4,MONTAIGNE (DE 39 A 111 ET 32 A 96),0,,-1,2,0,1,(1),(1),1,, -1,1,0,1,30,15,6,1,29,29019,2,1,0,2,Boulevard Montaigne,48.40322,-4.481,12,3,2
202100008543,186Â 468,A01,10,3,1,9,0,-1,-1,1,2,1,2021,66.0,2,5,0,1,2,1,1,,3,1,0,,2,2,0,1,5,74,1,,"5,5",1,0,1,80,11,11,3,50,50562,1,1,0,6,La Bijude,49.608579,-1.257463,18,2,1
202100017531,170Â 284,A01,10,3,1,5,0,-1,-1,1,1,1,2021,41.0,2,2,3,1,3,1,1,,3,3,0,D,2,2,0,1,8,622,1,, -1,1,0,1,90,22,9,3,51,51585,1,1,0,7,D3,49.080226,3.685066,22,4,1
202100019818,166Â 220,A01,1,1,1,1,2,6,-1,-1,0,-1,2021,49.0,1,1,0,0,1,1,1,,3,RD 170,0,,3,4,0,2,0,500,3,, -1,2,0,1,70,10,9,1,95,95582,1,1,1,7,RD 170,48.96384,2.2683,17,1,1
202100039608,130Â 790,A01,1,1,1,1,2,6,-1,0,0,-1,2021,19.0,1,1,0,2,1,1,1,,4,BOULEVARD MASSENA,0,,2,6,0,1,(1),(1),1,, -1,2,0,1,50,17,5,1,75,75113,2,2,1,3,BOULEVARD MASSENA,48.81915,2.359488,13,2,2
202100040990,128Â 352,B01,1,1,1,5,0,-1,-1,0,0,-1,2021,13.0,2,1,0,2,4,1,5,,3,15,0,,2,2,0,1,9,574,3,,4,1,0,1,50,8,5,1,89,89464,2,4,0,2,Rue de Dixmont,48.0861599348,3.2982874877,15,2,2
202100056141,101Â 530,A01,1,1,2,0,1,-1,-1,0,0,-1,2021,45.0,0,2,1,0,5,1,1,,4,SOMME (QUAI DE LA),0,,2,2,0,1,(1),(1),1,, -1,1,0,1,50,1,1,5,80,80021,2,1,0,6,SOMME (QUAI DE LA),49.9022,2.28765,20,1,1
202100016421,172Â 287,B01,1,1,1,5,2,-1,-1,0,0,-1,2021,21.0,2,1,0,2,4,9,5,,3,115,-1,D,2,2,0,1,0,290,1,,4,1,0,1,80,20,9,1,33,33415,1,3,0,1,Rue de la Croix de l Avocat,45.012837,-0.451715,11,2,2
202100031370,145Â 674,A01,1,1,1,0,2,6,-1,0,0,-1,2021,50.0,2,1,0,2,2,17,1,,3,942,0,A,2,2,0,2,8,950,1,, -1,1,0,1,80,29,6,1,5,5068,1,1,0,3,d942A,44.503421405,6.1116089688,17,2,2
202100042874,125Â 030,Z01,10,3,2,0,0,-1,-1,8,1,2,2021,17.0,3,1,0,1,1,2,0,,4,RUE D'ALSACE,0,,2,4,3,1,(1),(1),1,, -1,1,9,6,50,23,4,1,38,38151,2,1,0,6,Rue de lâAtlas,45.15,5.7,18,3,1
202100029475,149Â 100,A01,9,2,2,5,1,-1,-1,0,0,-1,2021,20.0,0,2,6,0,1,1,1,,3,46,0,D,2,2,0,2,2,700,2,, -1,1,2,1,80,6,7,3,11,11129,1,1,0,6,route dÃ©partementale 46,42.915126,2.226743,0,4,1
202100022185,161Â 987,A01,1,1,1,0,2,-1,-1,0,0,-1,2021,67.0,0,1,0,0,0,1,0,,3,0,0,A,-1,2,0,2,0,0,2,, -1,1,0,8,80,29,8,1,84,84078,1,1,0,7,chemin des mines,44.238089,4.728338,15,1,1
202100022732,160Â 967,A01,10,3,2,5,0,-1,-1,2,1,1,2021,55.0,0,3,0,1,2,1,3,,4,PARIS (BOULEVARD DE),0,,-1,3,0,1,0,0,1,, -1,1,-1,1,30,24,8,1,13,13203,2,2,0,3,PARIS (BOULEVARD DE),43.311058887,5.3695652381,16,2,1
202100055457,102Â 723,A01,1,1,1,5,8,0,-1,-1, -1,-1,2021,76.0,2,0,0,2,4,1,3,,7,GOURAUD (AVE GENERAL),0,,2,1,0,4,1,120,1,, -1,1,0,1,50,11,1,1,83,83137,2,1,0,2,GOURAUD (AVE GENERAL),43.13305,5.91768,13,2,2
202100022838,160Â 788,A01,9,2,1,5,1,-1,-1,0,0,-1,2021,37.0,1,2,0,2,3,1,1,,3,,0,,2,2,0,3,15,246,2,,4,1,0,1,50,22,8,1,44,44070,2,1,0,3,rue de la sÃ¨vre,47.152369,-1.401615,17,5,2
202100015985,173Â 095,A01,1,1,1,5,1,-1,-1,0,0,-1,2021,22.0,2,2,2,0,3,13,1,,3,72,-1,,2,2,0,1,19,700,3,, -1,1,0,8,80,1,10,1,57,57154,1,1,0,6,dÃ©partementale 72,49.198321,6.593127,14,1,1
202100037780,134Â 130,B01,1,1,2,1,8,-1,-1,-1, -1,-1,2021,50.0,0,2,0,2,4,2,1,,4,MONNET (AVENUE JEAN),0,,2,2,0,2,(1),(1),1,, -1,1,0,1,50,28,5,1,51,51058,2,1,0,4,Avenue Jean Monnet,49.213799,4.006048,10,3,3
202100032239,144Â 137,B01,1,1,1,1,2,8,-1,-1, -1,-1,2021,40.0,2,1,0,2,1,1,1,,4,BASSIN MARTIN (CHEMIN),0,,2,2,0,2,0,0,3,, -1,1,0,1,50,25,6,1,974,97416,1,1,0,3,BASSIN MARTIN (CHEMIN),-21.32554,55.4987,7,2,2
202100028096,151Â 484,C01,1,1,1,0,2,0,-1,-1, -1,-1,2021,55.0,3,1,0,2,1,17,1,,2,11 - RT,0,,2,2,0,1,1,0,2,, -1,1,1,1,50,17,7,1,202,202033,2,1,0,1,11 - RT,42.69863,9.45264,18,4,3
202100006919,189Â 400,A01,10,3,1,0,8,8,-1,3,3,1,2021,24.0,1,2,0,1,1,1,1,,4,BOULEVARD SALVADOR ALLENDE,0,,3,2,2,1,(1),0,1,, -1,1,0,1,30,20,11,5,44,44162,2,1,0,6,BOULEVARD SALVADOR ALLENDE,47.22155,-1.63273,20,2,1
202100001329,199Â 383,B01,1,1,1,0,1,-1,-1,0,0,-1,2021,36.0,1,2,3,2,1,1,1,,1,1,0,A,1,3,0,2,55,600,1,,"13,5",2,0,1,130,28,12,3,60,60541,1,9,1,3,Autoroute A1 - PK 55+600 sens PARIS/LILLE,49.294121,2.690685,1,2,2
202100053596,105Â 916,A01,10,3,1,2,0,-1,-1,3,3,2,2021,8.0,1,2,0,1,1,1,1,,4,,0,,2,0,0,1,(1),(1),1,, -1,1,6,1,50,26,1,1,45,45004,2,1,0,6,552 Rue de la CheminÃ©e Peynault,47.99759,2.75884,8,2,1
202100015960,173Â 140,B01,1,1,2,1,0,0,-1,-1, -1,-1,2021,51.0,2,1,0,2,8,14,5,,3,GEORGES GOSNAT (AV),0,,2,2,0,1,1,0,1,, -1,1,0,1,50,30,9,1,94,94041,2,2,0,3,Rue Marat,48.811033,2.384301,10,2,2
202100034165,140Â 691,A01,1,1,1,5,1,-1,-1,0,0,-1,2021,48.0,0,2,0,0,0,1,1,,4,13,-1,,2,2,0,1,(1),(1),1,, -1,1,0,3,80,4,6,1,37,37113,1,1,0,7,Moizay,46.9263315153,0.774393564,18,2,1
202100017513,170Â 318,B01,1,1,1,0,1,0,-1,-1, -1,-1,2021,31.0,3,2,0,2,0,1,1,,3,ROSNY (AVENUE DE),0,,2,2,0,1,0,1,1,, -1,1,0,1,50,21,9,5,93,93077,2,3,0,3,Avenue de Rosny / Rue de la Fosse aux Bergers,48.882296,2.497406,23,2,2
202100041257,127Â 851,B01,1,1,2,0,1,8,-1,-1, -1,-1,2021,22.0,0,2,0,2,4,2,1,,4,PARIS (AVENUE DE),0,,2,2,0,1,47,0,1,, -1,1,0,1,50,4,5,1,91,91223,2,4,0,2,PARIS (AVENUE DE),48.43936,2.16807,14,2,2
202100001263,199Â 504,F01,2,2,1,5,1,0,-1,-1, -1,-1,2021,28.0,2,2,0,2,1,1,1,,1,A4,0,,3,8,0,1,9,500,1,, -1,2,1,1,90,27,12,1,94,94017,1,1,1,4,A4,48.82772,2.50788,13,7,6
202100002256,197Â 751,A01,10,3,2,0,0,-1,-1,2,2,1,2021,72.0,3,2,0,1,3,21,1,,6,BATTAGE IMPASSE DU,0,,-1,0,0,1,1,0,2,, -1,1,0,8,20,18,12,5,13,13047,2,1,0,3,BATTAGE IMPASSE DU,43.49997,4.97918,19,2,1
202100005160,192Â 553,B01,1,1,1,4,1,-1,-1,0,0,-1,2021,61.0,2,0,0,2,1,1,1,,3,918,-1,,1,2,0,1,113,360,3,, -1,7,0,1,80,3,12,3,64,64029,1,1,0,1,Route de Lanne,43.113735,-0.741534,7,2,2
202100031695,145Â 105,A01,1,1,1,0,1,0,-1,-1, -1,-1,2021,53.0,2,2,0,2,7,2,1,,1,AUTOROUTE A25,0,,3,4,0,1,1,200,1,, -1,1,0,1,70,28,6,1,59,59350,1,1,0,3,AUTOROUTE A25,50.6161660159,3.0719874888,11,2,2
202100013987,176Â 700,B01,1,1,2,5,1,-1,-1,-1, -1,-1,2021,80.0,1,2,0,2,1,1,1,,7,ROUTE DE GENEVE                     (RO),0,,2,2,2,2,2,900,1,, -1,1,0,1,50,9,10,2,69,69286,2,1,0,5,GENEVE (DE) (RTE),45.80801,4.91587,7,3,3
202100048150,115Â 679,A01,1,1,2,9,8,0,-1,0,0,-1,2021,29.0,2,1,0,2,1,1,5,,4,RUE OLIVIER DE SERRES,0,,3,2,0,1,(1),(1),1,, -1,1,0,1,50,13,3,1,75,75115,2,2,0,3,BOULEVARD LEFEBVRE,48.831112,2.292445,10,2,2
202100001061,199Â 866,A01,1,1,1,9,2,8,-1,0,0,-1,2021,43.0,1,1,1,0,5,13,1,,4,RUE LECOURBE,0,,1,2,0,1,(1),(1),1,, -1,2,0,1,30,27,12,5,75,75115,2,1,1,6,RUE LECOURBE,48.843453,2.305501,3,1,1
202100022830,160Â 803,B01,2,2,1,0,2,8,-1,-1, -1,-1,2021,15.0,1,1,0,2,1,1,1,,4,,0,,2,2,0,1,0,0,1,, -1,1,0,1,50,20,8,1,92,92063,2,2,0,3,CHATEAUBRIAND (RUE),48.8690385661,2.2040140629,17,3,2
202100028341,151Â 040,B01,1,1,1,0,1,-1,-1,0,0,-1,2021,80.0,3,2,0,2,3,1,1,,4,,-1,,2,1,0,1,(1),(1),1,,3,1,0,1,50,18,7,1,22,22103,2,2,0,3,Rue de la Rance,48.561468,-2.006845,15,2,2
202100028369,150Â 997,A01,1,1,2,3,1,-1,-1,0,0,-1,2021,62.0,1,2,6,0,3,1,1,,3,148,0,D,2,2,0,1,11,800,1,, -1,1,0,4,50,16,7,1,89,89405,2,1,0,6,16 Rue de l Abreuvoir,47.597907,3.423632,15,1,1
202100022433,161Â 540,A01,1,1,2,1,8,-1,-1,-1, -1,-1,2021,28.0,3,1,0,2,1,5,3,,4,BEREGOVOY (RUE PIERRE),0,,1,1,1,2,(1),(1),3,, -1,1,0,5,50,25,8,1,51,51454,2,6,0,3,Rue Pierre Beregovoy,49.2199794272,4.0345011809,13,2,2
202100015999,173Â 069,B01,1,1,1,1,2,-1,-1,0,0,-1,2021,58.0,2,1,0,2,1,1,1,,3,,-1,,2,2,0,1,8,295,1,,4,1,0,1,50,30,9,2,44,44173,1,2,0,3,D117,47.073458,-1.375732,6,2,2
202100022206,161Â 952,A01,1,1,1,0,2,6,-1,-1, -1,-1,2021,26.0,2,1,4,0,0,1,1,,1,AUTOROUTE A1,0,,1,2,0,2,3,500,3,, -1,1,0,1,50,27,8,1,93,93066,1,1,0,6,AUTOROUTE A1,48.9297470989,2.3636498568,19,1,1
202100032664,143Â 380,B01,2,2,2,5,1,8,-1,-1, -1,-1,2021,60.0,2,2,0,2,6,16,1,,3,PASTEUR ( AVENUE ),0,,2,2,0,2,0,567,1,, -1,1,0,1,30,22,6,1,56,56083,2,4,0,3,PASTEUR ( AVENUE ),47.80529,-3.28699,16,3,2
202100019031,167Â 620,A01,10,3,2,9,0,-1,-1,3,3,1,2021,37.0,1,1,0,1,1,3,1,,3,VERDUN AVENUE DE NÂ°1 A 45,0,,2,3,0,2,0,1,1,, -1,2,0,1,50,14,9,1,92,92020,2,1,1,6,VERDUN AVENUE DE NÂ°1 A 45,48.7992154459,2.2809866062,10,2,1
202100035787,137Â 735,A01,1,1,1,1,2,6,-1,-1, -1,-1,2021,30.0,1,1,0,2,1,17,1,,3,77,0,,2,2,1,1,1,0,1,, -1,1,0,8,50,8,6,1,92,92007,2,1,0,3,PASTEUR (AVENUE LOUIS) NÂ° 1 A 39 ET 2 A,48.79668,2.31725,8,3,2
202100051965,108Â 820,B01,1,1,1,9,2,6,-1,0,0,-1,2021,15.0,2,1,0,2,0,1,1,,3,675,0,D,2,2,0,1,35,20,1,, -1,1,0,1,70,11,2,2,27,27656,2,3,0,3,Route de la VallÃ©e de la Masse,49.357591,0.481744,7,2,2
202100051663,109Â 345,B01,1,1,1,1,8,0,-1,-1, -1,-1,2021,23.0,1,1,0,2,8,18,5,,3,JEAN JAURES (AVENUE),0,,1,4,0,1,19,619,1,, -1,1,0,1,50,12,2,1,78,78481,2,1,0,3,JEAN JAURES (AVENUE),48.897971,2.111372,8,2,2
202100053361,106Â 340,A01,1,1,2,0,1,0,-1,-1, -1,-1,2021,61.0,0,2,0,-1,2,9,1,,4,ROMAIN ROLLAND (ALLEE),0,,-1,1,3,1,0,0,1,, -1,1,4,6,50,28,1,5,93,93014,2,2,0,3,ROMAIN ROLLAND (ALLEE),48.90464,2.55099,18,2,2
202100018688,168Â 240,A01,1,1,1,0,1,-1,-1,0,0,-1,2021,21.0,2,2,0,2,1,17,1,,7,34,0,,2,2,0,1,18,162,3,, -1,1,0,1,80,17,9,1,35,35066,1,1,0,1,D34,48.040753,-1.691666,16,2,2
202100021862,162Â 556,A01,10,3,2,-1,0,-1,-1,6,A,1,2021,24.0,3,2,0,1,4,20,1,,4,70,0,,2,2,0,1,(1),(1),3,, -1,1,0,1,30,29,8,1,66,66148,2,1,0,6,70 Boulevard des Evades de France,42.518659,3.101578,11,2,1
202100012049,180Â 172,A01,10,3,2,5,0,-1,-1,2,3,2,2021,74.0,1,1,0,1,1,1,1,,4,BOULEVARD RICHARD LENOIR,0,,1,2,0,1,(1),(1),1,, -1,1,0,1,30,20,10,1,75,75111,2,1,0,6,BOULEVARD RICHARD LENOIR,48.862885,2.37224,14,2,1
202100032815,143Â 120,A01,2,2,1,0,2,0,-1,-1, -1,-1,2021,22.0,3,1,0,2,4,26,1,,4,TROUBIRAN (CHEMIN DE),0,,2,2,0,2,(1),(1),3,, -1,1,0,1,30,22,6,3,973,97302,2,1,0,2,TROUBIRAN (CHEMIN DE),4.92702,-52.30347,0,3,2
202100023049,160Â 421,A01,1,1,1,0,2,0,-1,-1, -1,-1,2021,15.0,1,1,0,2,1,1,5,,3,CORNICHE (ROUTE DE LA),0,,2,2,1,2,10,500,1,, -1,1,9,5,50,2,8,1,64,64260,2,1,0,2,CORNICHE (ROUTE DE LA),43.3751,-1.76093,15,2,2
202100045351,120Â 677,B01,1,1,1,3,1,0,-1,-1, -1,-1,2021,57.0,1,2,0,2,3,16,0,,3,BD HENRI BARBUSSE,0,,2,0,0,1,0,100,1,, -1,1,5,1,50,2,4,1,91,91201,2,1,0,3,BD HENRI BARBUSSE,48.68102,2.4091,19,2,2
202100050988,110Â 540,A01,1,1,1,5,2,-1,-1,0,0,-1,2021,28.0,2,1,0,2,3,10,1,,4,,-1,,2,2,0,1,17,500,1,, -1,1,0,1,60,2,2,3,987,98754,2,1,0,3,pk 17.500,-16.878131,-151.447298,20,2,2
202100044849,121Â 551,A01,10,3,1,9,8,8,-1,2,3,1,2021,13.0,3,2,0,1,3,26,1,,3,SEVIGNE (AVENUE DE),0,,2,2,0,2,0,1,1,, -1,1,0,1,50,7,4,1,93,93014,2,1,0,6,SEVIGNE (AVENUE DE),48.912895958,2.5443308906,17,2,1
202100042102,126Â 373,A01,1,1,1,5,2,6,-1,0,0,-1,2021,15.0,1,1,0,2,0,1,1,,4,69,-1,,2,2,0,1,0,1,3,, -1,2,0,1,30,29,4,1,5,5040,2,3,1,3,route du grand logis,44.546243,6.276852,15,2,2
202100029978,148Â 210,A01,1,1,2,0,8,0,-1,0,0,-1,2021,36.0,1,1,0,2,8,1,3,,4,SELLIER (RUE),0,,1,1,2,1,(1),(1),1,, -1,1,0,1,30,7,7,1,54,54395,2,2,0,3,SELLIER (RUE),48.70003,6.18004,19,2,2
202100019722,166Â 389,A01,1,1,1,1,2,6,-1,0,0,-1,2021,48.0,1,1,0,2,2,17,1,,4,ALLEE DE LA REINE MARGUERITE,0,,2,2,0,1,(1),(1),3,, -1,1,0,1,50,9,9,1,75,75116,2,1,0,3,ALLEE DE LA REINE MARGUERITE,48.852553,2.241642,17,2,2
202100009658,184Â 443,B01,1,1,1,5,2,-1,-1,0,0,-1,2021,71.0,2,1,0,2,7,1,5,,3,31,0,D,1,1,0,1,5,363,3,, -1,1,0,1,80,2,11,1,66,66021,1,6,1,3,RD 31,42.726603,2.94661,16,2,2
202100023423,159Â 753,A01,1,1,1,0,2,0,-1,0,0,-1,2021,27.0,1,1,0,2,1,26,1,,7,MON DESERT (RUE),0,,1,2,0,1,(1),(1),1,, -1,1,0,1,50,18,8,1,54,54395,2,1,0,2,MON DESERT (RUE),48.684455744,6.1785013229,18,2,2
202100038124,133Â 517,B01,1,1,2,5,1,-1,-1,-1, -1,-1,2021,61.0,2,2,4,2,3,9,1,,1,AUTOROUTE A 10,0,,3,7,0,1,539,599,1,, -1,1,0,1,130,27,5,1,33,33397,1,1,0,2,,44.91076,-0.486821,19,2,2
202100023280,160Â 004,A01,10,3,2,0,0,-1,-1,3,3,1,2021,78.0,0,2,0,1,1,26,1,,7,BOULEVARD MENDES FRANCE,0,,2,2,0,2,(1),(1),1,, -1,1,0,1,30,20,8,1,44,44114,2,1,0,6,BOULEVARD MENDES FRANCE,47.2609,-1.5881,13,2,1
202100038729,132Â 399,A01,1,1,1,0,2,0,-1,-1, -1,-1,2021,32.0,2,1,0,2,7,1,1,,1,A86.EXT,0,,3,3,0,1,30,0,1,, -1,1,0,1,90,23,5,1,94,94033,1,1,0,2,A86.EXT,48.8521422803,2.4902740888,14,2,2
202100022819,160Â 820,A01,1,1,2,5,8,-1,-1,0,0,-1,2021,22.0,1,1,0,2,3,13,3,,4,DESCENTE ( ROUTE DE LA ),0,,-1,2,0,2,0,1,3,, -1,1,0,1,50,19,8,5,5,5061,2,1,0,3,DESCENTE ( ROUTE DE LA ),44.573458237,6.0833976451,21,2,2
202100009091,185Â 455,A01,1,1,2,0,1,0,-1,-1, -1,-1,2021,23.0,1,2,8,0,2,1,1,,4,BATE (RUE DE LA),0,,2,2,0,2,0,0,2,, -1,1,0,8,70,6,11,3,45,45235,1,1,0,6,BATE (RUE DE LA),47.932029,1.816912,20,1,1
202100051686,109Â 308,A01,1,1,1,0,2,0,-1,-1, -1,-1,2021,37.0,3,1,0,2,1,1,1,,4,TRESPEAUX (CHEMIN DE),0,,2,2,0,1,0,0,1,, -1,1,0,1,50,11,2,1,30,30007,2,2,0,5,TRESPEAUX (CHEMIN DE),44.11707,4.10639,9,3,3
202100034934,139Â 264,B01,1,1,1,5,2,-1,-1,-1,0,-1,2021,57.0,3,1,14,2,1,1,5,,4,ECANCOURT (BOULEVARD D'),0,,2,2,0,2,(1),(1),1,, -1,1,0,1,50,10,6,1,95,95323,2,2,0,3,ECANCOURT (BOULEVARD D'),49.011,2.05014,11,2,2
202100036960,135Â 634,A01,10,3,1,0,0,-1,-1,1,3,1,2021,27.0,3,5,1,1,1,0,1,,4,RUE DES MARGUERITES,0,,2,2,0,1,0,0,1,, -1,1,0,1,30,31,5,1,91,91345,2,1,0,6,RUE DES MARGUERITES,48.697012,2.301907,11,2,1
202100048205,115Â 589,A01,9,2,1,5,1,0,-1,-1, -1,-1,2021,4.0,1,2,0,2,8,1,1,,1,A7-Sens Marseille vers Lyon,0,,1,4,0,1,275,0,1,, -1,1,0,1,90,12,3,1,13,13215,1,1,0,3,A7-Sens Marseille vers Lyon,43.3660070982,5.3606522083,13,4,2
202100000956,200Â 041,A01,1,1,1,4,2,6,-1,-1, -1,-1,2021,32.0,2,1,0,0,3,1,1,,1,A104,0,,3,2,0,3,18,100,1,, -1,2,0,1,50,29,12,1,77,77363,1,1,1,7,A104,48.91095,2.63504,15,1,1
202100052848,107Â 253,B01,3,2,1,0,1,0,-1,-1, -1,-1,2021,44.0,2,2,0,2,4,23,1,,1,6,0,,3,6,0,1,33,599,1,, -1,1,0,1,110,1,2,3,91,91179,1,1,0,2,AUTOROUTE A6,48.56759,2.472531,22,4,2
202100031887,144Â 757,B01,1,1,1,1,2,0,-1,-1, -1,-1,2021,63.0,1,1,0,9,7,15,1,,4,JOLIETTE (PLACE DE LA),0,,1,2,0,1,0,0,1,, -1,1,0,1,50,28,6,1,13,13202,2,3,0,3,JOLIETTE (PLACE DE LA),43.304,5.366,8,2,2
202100036333,136Â 749,A01,1,1,1,5,2,6,9,0,0,-1,2021,26.0,2,1,16,0,1,1,1,,3,906,-1,,2,2,0,1,48,0,3,, -1,1,0,3,80,6,6,1,48,48086,1,1,0,7,D906,44.627603,3.892164,14,1,1
202100007413,188Â 507,A01,10,3,2,3,0,-1,-1,4,3,1,2021,66.0,3,5,0,1,8,1,1,,4,VC,0,,3,2,0,1,(1),(1),1,, -1,1,6,1,50,19,11,5,44,44035,2,1,0,6,Rue Jean JaurÃ¨s,47.300999,-1.550671,17,2,1
202100002635,197Â 069,A01,1,1,1,5,2,6,-1,0,0,-1,2021,28.0,2,1,0,2,1,13,1,,4,,0,,2,2,0,1,(1),(1),3,, -1,1,0,1,50,16,12,1,6,6069,2,1,0,1,PROVENCE (AVENUE DE),43.65639,6.92506,14,2,2
202100005829,191Â 375,B01,1,1,2,5,1,9,-1,0,0,-1,2021,64.0,2,2,0,2,1,1,1,,3,28,-1,,2,2,0,1,1,73,1,, -1,2,0,1,50,14,11,1,65,65451,2,1,1,1,22 rue des PyrÃ©nÃ©es,43.10132,0.12012,16,2,2
202100019644,166Â 532,B01,1,1,2,2,1,8,-1,-1, -1,-1,2021,30.0,2,2,0,2,8,1,1,,3,,-1,,2,-1,-1,1,7,140,1,, -1,2,0,1,-1,10,9,1,78,78401,2,3,1,3,TESSANCOURT (RUE DE),49.00872,1.9051,7,4,2
202100018940,167Â 789,A01,10,3,2,0,0,-1,-1,3,3,1,2021,18.0,1,2,0,1,1,16,1,,7,DESCARTES (RUE),0,,2,2,0,1,(1),(1),1,, -1,1,0,1,50,13,9,1,63,63075,2,3,0,6,DESCARTES (RUE),45.781263035,3.0694450624,15,2,1
202100029013,149Â 870,A01,1,1,1,5,2,6,-1,0,0,-1,2021,16.0,2,1,0,2,1,2,1,,3,765,0,,2,2,0,1,100,740,1,, -1,1,0,1,80,13,7,1,56,56078,1,2,0,2,Route DÃ©partementale NÂ°765,47.797247,-3.472479,14,2,2
202100006800,189Â 626,A01,10,3,1,4,0,-1,-1,6,9,1,2021,51.0,1,2,0,1,2,1,1,,1,86,0,,-1,3,0,1,78,239,1,, -1,1,0,1,70,22,11,1,92,92050,1,1,0,6,A86,48.8919195014,2.1788476632,11,2,1
202100050957,110Â 595,A01,1,1,2,5,1,-1,-1,0,0,-1,2021,52.0,1,2,0,2,3,1,1,,3,23,-1,,2,2,0,1,53,100,1,, -1,1,0,1,80,17,2,1,31,31547,1,2,0,3,D23,43.488253,1.275476,11,2,2
202100003834,194Â 898,A01,10,3,1,4,0,-1,-1,2,9,1,2021,41.0,2,5,0,1,5,1,1,,4,RUE RAFFET,0,,2,2,0,1,(1),(1),1,, -1,1,0,1,30,9,12,1,75,75116,2,2,0,6,RUE RAFFET,48.852725,2.262502,11,2,1
202100026538,154Â 259,B01,3,2,1,0,0,-1,-1,0,0,-1,2021,20.0,1,2,0,2,1,1,1,,3,101E5,-1,D,2,2,0,1,1,735,1,,3,1,0,1,80,29,7,3,33,33193,1,2,0,3,Route de Vensac,45.418678,-1.075931,23,6,2
202100030331,147Â 546,B01,1,1,1,0,1,-1,-1,-1, -1,-1,2021,54.0,2,2,14,0,5,20,1,,4,ST CLAIR (DE)                       (GR),0,,1,1,0,1,(1),(1),1,, -1,2,0,1,50,6,7,5,69,69034,2,1,0,2,ST CLAIR (DE) (GR) (R),45.78685,4.85017,22,2,2
202100034630,139Â 812,A01,1,1,1,0,2,0,-1,-1, -1,-1,2021,40.0,3,1,0,2,3,15,1,,4,ROME (AV.),0,,1,1,0,1,1,0,1,, -1,1,0,1,50,13,6,1,93,93057,2,1,0,3,ROME (AV.),48.916073,2.498494,17,3,2
202100056495,100Â 918,A01,1,1,1,0,1,0,-1,-1, -1,-1,2021,23.0,2,2,0,0,9,2,1,,1,AUTOROUTE A86,0,,3,6,0,2,10,600,3,, -1,2,0,1,70,1,1,3,92,92036,1,1,0,7,AUTOROUTE A86,48.93421,2.32076,6,1,1
202100033097,142Â 586,A01,1,1,1,0,2,0,-1,-1, -1,-1,2021,37.0,1,1,0,0,0,17,0,,4,ROBERT SCHUMANN (AVENUE),0,,2,2,0,1,1,0,1,, -1,1,0,1,50,20,6,1,93,93050,2,1,0,7,Avenue Robert Schumann,48.873169,2.532367,12,1,1