Num_Acc,id_vehicule,num_veh,place,catu,sexe,trajet,secu1,secu2,secu3,locp,actp,etatp,year_acc,victim_age,senc,catv,obs,obsm,choc,manv,motor,occutc,catr,voie,v1,v2,circ,nbv,vosp,prof,pr,pr1,plan,lartpc,larrout,surf,infra,situ,vma,jour,mois,lum,dep,com,agg_,int,atm,col,adr,lat,long,hour,nb_victim,nb_vehicules
202100040788,128Â 706,A01,1,1,2,5,1,-1,-1,0,0,-1,2021,74.0,1,2,0,2,1,2,1,,1,10,-1,,1,5,0,1,192,0,1,, -1,1,7,1,70,8,5,1,37,37153,1,1,0,2,A10 - PEAGE DE MONNAIE,47.4904767337,0.8195414544,16,4,2
202100018318,168Â 880,A01,10,3,2,5,0,-1,-1,1,3,2,2021,72.0,1,2,0,1,6,26,1,,4,JOSEPH DESBOIS                      (R ),0,,2,2,0,1,(1),(1),1,,"7,4",1,0,1,50,17,9,1,69,69282,2,1,0,6,JOSEPH DESBOIS (R),45.77373,5.0046,18,3,1
202100003926,194Â 737,A01,1,1,1,1,2,-1,-1,-1, -1,-1,2021,24.0,2,1,0,2,1,3,1,,2,ROUTE NATIONALE 89,0,,3,4,0,2,48,247,1,, -1,2,0,1,90,9,12,1,33,33013,1,1,0,2,ROUTE NATIONALE 89,44.86825,-0.49446,8,3,2
202100024732,157Â 436,A01,10,3,2,0,0,-1,-1,8,3,1,2021,44.0,3,2,0,1,4,4,1,,6,SAINT ALYRE (RUE),0,,-1,0,0,1,(1),(1),1,, -1,1,9,8,30,9,8,1,63,63113,2,1,0,6,SAINT ALYRE (RUE),45.78651,3.08117,11,2,1
202100039223,131Â 510,A01,1,1,2,9,1,8,-1,-1, -1,-1,2021,31.0,1,2,0,2,4,2,1,,1,A50-Sens Marseille vers Aubagne,0,,1,3,0,1,5,0,1,, -1,1,0,1,90,20,5,1,13,13211,1,1,0,2,A50-Sens Marseille vers Aubagne,43.29266,5.45452,14,2,2
202100042474,125Â 698,A01,10,3,2,0,0,-1,-1,4,3,1,2021,25.0,1,2,0,1,1,1,1,,4,HEURTELOUP (BOULEVARD),0,,3,4,3,1,(1),(1),1,, -1,1,0,1,50,26,4,1,37,37261,2,1,0,6,HEURTELOUP (BOULEVARD),47.3912023726,0.6949219622,8,2,1
202100037280,135Â 035,A01,1,1,1,1,2,6,-1,0,0,-1,2021,44.0,1,1,0,2,2,3,1,,4,PORTE MAILLOT,0,,1,4,0,1,16,200,1,, -1,1,0,1,70,31,5,1,75,75116,2,1,0,5,PORTE MAILLOT,48.877655,2.280344,17,3,3
202100035855,137Â 604,A01,1,1,1,0,1,0,-1,-1, -1,-1,2021,23.0,1,2,0,2,4,2,1,,1,AUTOROUTE A21,0,,1,4,0,1,34,0,1,, -1,1,0,1,130,4,6,1,59,59178,1,1,0,6,AUTOROUTE A21,50.3912403544,3.1242907047,12,2,2
202100028027,151Â 615,A01,2,2,2,0,1,-1,-1,0,0,-1,2021,72.0,1,2,4,0,1,1,1,,1,,-1,,2,4,-1,2,11,170,1,, -1,1,3,1,-1,20,7,1,64,64147,1,3,0,7,D21,43.452041,-1.334729,12,2,1
202100018972,167Â 722,B01,1,1,1,1,2,0,-1,-1, -1,-1,2021,56.0,3,1,0,2,0,0,1,,4,POMPIDOU GEORGES (avenue),0,,2,1,0,1,0,0,1,, -1,1,0,1,50,14,9,5,13,13039,2,1,0,3,POMPIDOU GEORGES (avenue),43.4607848928,4.9413054855,5,2,2
202100029904,148Â 350,B01,1,1,1,5,2,6,-1,0,0,-1,2021,45.0,2,1,0,2,1,1,1,,3,568,0,D,2,2,0,1,1,156,1,, -1,1,0,1,50,9,7,1,201,201247,2,3,0,1,Rue Henry Frenay,41.605624,9.279628,21,3,2
202100053132,106Â 768,A01,1,1,1,5,2,6,9,0,0,-1,2021,40.0,1,1,0,0,8,16,1,,3,2,0,,-1,2,0,1,4,800,3,, -1,2,0,1,50,5,1,1,61,61234,2,6,0,7,RD 2 - PK 004+800,48.457523,0.036103,12,1,1
202100023645,159Â 359,B01,2,2,2,5,2,6,-1,0,0,-1,2021,22.0,2,1,0,2,8,1,1,,3,4085,-1,,2,2,0,1,82,650,3,, -1,1,0,1,80,19,8,1,4,4204,1,1,0,3,RD 4085,43.929534,6.394279,9,3,2
202100038786,132Â 285,B01,1,1,2,0,2,0,-1,-1, -1,-1,2021,22.0,2,1,0,2,1,25,5,,3,R JEAN JAURES ,0,,-1,0,0,1,1,0,1,, -1,1,0,4,50,22,5,1,94,94017,2,1,0,3,Rue Jean JaurÃ¨s,48.815792,2.503808,11,2,2
202100047412,117Â 022,B01,1,1,1,4,2,8,-1,-1, -1,-1,2021,30.0,1,1,0,2,2,21,1,,4,,0,,1,1,0,1,0,0,1,, -1,1,0,1,50,19,3,1,92,92036,2,1,0,2,VILLAGE (PLACE DU),48.9347254644,2.3044507205,15,2,2
202100038621,132Â 605,A01,2,2,2,5,8,0,-1,-1, -1,-1,2021,18.0,2,2,8,0,7,1,1,,3,VALMONT ( ROUTE DE),0,,2,2,0,1,1,145,3,, -1,2,0,3,80,22,5,1,76,76259,1,1,0,7,VALMONT ( ROUTE DE),49.759534,0.386707,19,2,1
202100047200,117Â 398,A01,1,1,2,0,2,8,-1,-1, -1,-1,2021,29.0,2,1,0,2,1,5,6,,3,MONTABO (ROUTE DE) 1,0,,2,2,1,1,1,200,1,, -1,1,0,5,50,19,3,1,973,97302,2,1,0,3,MONTABO (ROUTE DE) 1,4.9445502462,-52.3104765416,12,2,2
202100041208,127Â 948,A01,1,1,1,1,2,6,-1,0,0,-1,2021,32.0,2,1,0,2,1,3,1,,2,N2,-1,,3,4,0,1,(1),(1),1,, -1,1,0,1,90,3,5,1,974,97418,1,1,0,2,N2,-20.900252,55.560372,8,2,2
202100006902,189Â 435,A01,1,1,1,5,2,6,-1,-1, -1,-1,2021,50.0,1,1,4,2,9,17,1,,2,RN03,0,,1,2,0,2,58,299,1,, -1,1,0,1,110,21,11,1,974,97416,1,1,0,5,RN03,-21.298,55.507,12,3,3
202100008036,187Â 365,A01,2,2,1,5,2,6,-1,0,0,-1,2021,24.0,1,1,0,2,1,1,1,,4,BERNIERES (RUE DE),0,,2,3,0,1,1,0,1,, -1,1,0,1,50,9,11,1,14,14118,2,1,0,2,BERNIERES (RUE DE),49.18235,-0.35923,16,3,2
202100038048,133Â 652,A01,10,3,1,3,0,-1,-1,3,3,1,2021,86.0,1,2,0,1,2,13,1,,3,AV FOCH,0,,2,2,0,1,1,0,1,, -1,1,0,1,30,26,5,1,94,94068,2,3,0,6,FOCH (AV),48.804,2.48731,11,2,1
202100017746,169Â 901,A01,1,1,1,1,2,-1,-1,0,0,-1,2021,29.0,2,1,0,2,0,21,1,,3,D938,-1,,2,2,0,1,12,620,1,, -1,1,0,1,50,21,9,1,78,78575,2,1,0,7,Route de Versailles,48.714312,2.08531,17,3,3
202100037694,134Â 286,A01,9,2,2,9,0,-1,-1,0,0,-1,2021,77.0,3,2,2,0,1,1,1,,3,407,0,,2,2,0,3,0,600,2,, -1,1,0,4,50,30,5,1,77,77183,2,1,0,6,Avenue du Capitaine Lahitte,48.939757,3.134639,7,3,1
202100054544,104Â 277,A01,1,1,1,9,2,6,-1,-1, -1,-1,2021,33.0,2,1,0,2,8,1,1,,1,AUTOROUTE A1,0,,3,8,0,1,2,0,1,, -1,2,0,1,70,19,1,1,93,93066,1,1,1,7,AUTOROUTE A1,48.9193634411,2.3575464282,10,1,1
202100025449,156Â 175,A01,1,1,1,9,2,0,-1,-1, -1,-1,2021,18.0,0,1,0,2,3,18,1,,4,BOULEVARD MICHELET,0,,3,2,3,1,(1),0,1,, -1,1,0,5,30,2,8,1,44,44109,2,1,0,3,BOULEVARD MICHELET,47.23134,-1.55654,15,2,2
202100040103,129Â 914,B01,1,1,1,5,2,-1,-1,0,0,-1,2021,43.0,1,1,0,2,4,2,1,,3,1075,0,,2,2,0,1,3,700,3,, -1,1,0,1,50,13,5,1,5,5146,2,9,0,4,D1075,44.616947,5.708326,13,3,3
202100019695,166Â 442,B01,1,1,1,5,2,6,-1,-1, -1,-1,2021,16.0,3,1,0,2,1,1,1,,4,TROUY (ROUTE DE),0,,2,2,0,1,(1),(1),1,, -1,2,0,1,50,10,9,1,18,18050,2,2,1,1,TROUY (ROUTE DE),47.0567463128,2.3254832625,19,2,2
202100019057,167Â 577,B01,1,1,1,0,2,-1,-1,0,0,-1,2021,42.0,2,1,0,2,1,13,1,,3,22,-1,A,2,2,0,2,3,67,2,, -1,1,0,1,80,12,9,1,6,6113,1,1,0,1,D22a,43.789676,7.472946,18,2,2
202100012196,179Â 917,A01,1,1,1,5,1,8,-1,-1, -1,-1,2021,38.0,1,2,14,2,8,26,1,,4,ROUSSEAU (R JEAN JACQUES),0,,2,2,0,1,(1),(1),1,, -1,1,0,1,50,15,10,5,62,62637,2,3,0,3,ROUSSEAU (R JEAN JACQUES),50.470742,2.992909,21,5,2
202100040771,128Â 735,A01,1,1,1,9,2,6,-1,0,0,-1,2021,22.0,1,1,0,2,1,18,1,,4,AVENUE DAUMESNIL,0,,2,2,0,1,(1),(1),1,, -1,1,0,1,50,7,5,1,75,75112,2,1,0,4,AVENUE DAUMESNIL,48.838765,2.397845,18,4,3
202100016444,172Â 236,B01,1,1,1,4,1,8,-1,0,0,-1,2021,28.0,1,5,0,2,6,24,1,,2,T40,0,,1,2,0,1,(1),(1),3,, -1,1,0,1,90,27,9,1,201,201004,1,1,0,2,T40,41.9333667934,8.8074850932,10,2,2
202100049668,112Â 960,A01,2,2,2,0,2,0,-1,-1, -1,-1,2021,19.0,1,1,0,2,1,16,1,,4,CHAMPAGNE (QU DE),0,,1,1,0,1,1,0,1,, -1,1,0,1,30,1,3,1,94,94058,2,1,0,2,CHAMPAGNE (QU DE),48.83927,2.51278,17,3,2
202100003918,194Â 753,A01,1,1,1,3,1,-1,-1,0,0,-1,2021,85.0,1,2,0,2,8,13,1,,3,340,0,D,2,2,0,1,3,250,3,, -1,1,0,1,80,9,12,3,63,63226,1,1,0,3,Route de Vertaizon,45.757523,3.261352,18,2,2
202100019997,165Â 888,A01,2,2,1,0,2,6,-1,0,0,-1,2021,28.0,1,1,0,0,0,0,1,,7,51,0,D,1,2,0,1,15,200,2,, -1,1,0,1,70,10,9,1,69,69071,1,6,0,7,D51,45.879978,4.821019,17,2,1
202100041239,127Â 887,B01,1,1,1,1,2,-1,-1,-1,0,-1,2021,43.0,1,1,0,2,6,3,1,,1,AUTOROUTE A15,0,,3,7,0,1,20,700,1,, -1,1,0,1,110,5,5,1,95,95572,1,1,0,3,A15,49.0299,2.12517,18,2,2
202100026652,154Â 066,A01,1,1,2,9,8,0,-1,-1, -1,-1,2021,30.0,1,1,0,0,0,26,3,,4,BRESSIGNY,0,,1,1,0,1,1,0,1,, -1,1,0,1,30,27,7,1,49,49007,2,1,0,7,BRESSIGNY,47.46719,-0.54946,10,1,1
202100013828,176Â 977,B01,1,1,2,5,1,-1,-1,0,0,-1,2021,63.0,0,2,0,2,1,1,1,,4,ROUBAIX (BOULEVARD DE ),0,,2,4,0,1,(1),(1),1,, -1,1,0,1,50,9,10,5,80,80021,2,1,0,1,ROUBAIX (BOULEVARD DE ),49.91548,2.30836,19,3,2
202100008744,186Â 105,A01,1,1,1,5,2,6,-1,0,0,-1,2021,22.0,1,1,4,0,7,3,1,,4,BOULEVARD PERIPHERIQUE EXTERIEUR NORD  ,0,,1,4,0,1,20,200,1,, -1,1,2,1,70,8,11,5,75,75117,2,1,0,6,BOULEVARD PERIPHERIQUE EXTERIEUR NORD  ,48.900188,2.320781,5,1,1
202100022762,160Â 914,B01,2,1,1,1,2,0,0,-1, -1,-1,2021,37.0,2,1,0,2,1,17,0,,3,69,0,,2,2,0,1,0,0,1,, -1,1,0,8,50,24,8,1,92,92040,2,1,0,3,GALLIENI (BOULEVARD),48.82831,2.2675,11,2,2
202100018408,168Â 720,B01,1,1,1,9,2,6,-1,0,0,-1,2021,22.0,2,1,0,2,2,1,1,,4,AVENUE PHILIPPE AUGUSTE,0,,2,0,2,1,(1),(1),1,, -1,1,0,5,30,17,9,1,75,75111,2,2,0,3,AVENUE PHILIPPE AUGUSTE,48.850669,2.394493,15,2,2
202100055875,102Â 006,A01,10,3,1,5,0,-1,-1,2,3,1,2021,49.0,1,2,0,1,1,1,1,,3,114,-1,,2,2,0,1,(1),(1),1,, -1,1,0,1,80,3,1,5,971,97128,1,1,0,6,Bel Ãtang,16.296492,-61.367097,18,2,1
202100053668,105Â 805,B01,1,1,1,1,1,-1,-1,0,0,-1,2021,57.0,2,2,0,2,3,1,1,,3,33,0,D,2,2,0,1,7,800,3,, -1,7,0,1,50,26,1,5,8,8173,2,1,0,1,27 Rue Gambetta,49.688514,4.769295,7,2,2
202100051726,109Â 233,B01,1,1,2,5,1,5,-1,-1, -1,-1,2021,37.0,2,2,0,2,4,23,1,,3,EMILE COSSONNEAU (AVE),0,,3,2,0,1,0,1,1,, -1,1,0,1,50,11,2,1,93,93051,2,1,0,2,EMILE COSSONNEAU (AVE),48.849369758,2.5668653116,11,2,2
202100005260,192Â 379,A01,2,2,2,0,8,0,-1,-1, -1,-1,2021,20.0,3,1,0,2,1,1,3,,4,COURBOULAY PAUL (RUE),0,,2,2,2,1,0,0,1,, -1,1,0,1,50,29,11,1,72,72181,2,2,0,3,COURBOULAY PAUL (RUE),48.00588,0.1922,16,3,2
202100049250,113Â 724,A01,2,2,1,0,8,0,-1,-1, -1,-1,2021,19.0,3,2,8,0,1,1,1,,4,MAGNOLIAS ALLE,0,,2,2,0,1,1,0,1,, -1,1,0,3,50,3,3,1,49,49353,2,1,0,6,MAGNOLIAS ALLE,47.439568,-0.493073,16,3,1
202100041324,127Â 741,A01,1,1,1,4,2,0,-1,0,0,-1,2021,21.0,2,0,0,2,7,1,3,,4,RUE DU TEMPLE,0,,1,1,0,1,(1),(1),1,, -1,1,0,1,30,4,5,1,75,75103,2,2,0,3,RUE DU TEMPLE,48.861897,2.356921,11,2,2
202100037596,134Â 458,A01,1,1,1,0,2,0,-1,-1, -1,-1,2021,17.0,2,1,0,2,2,9,5,,3,,0,,2,3,0,2,34,220,1,, -1,1,0,1,50,29,5,1,25,25056,2,9,0,3,SIFFERT  AVENUE CHARLES,47.23996,6.01506,13,2,2
202100046131,119Â 305,A01,1,1,1,5,1,0,-1,0,0,-1,2021,17.0,1,2,9,0,1,14,1,,7,GAUDE AVENUE DE LA,0,,2,3,0,1,(1),(1),1,, -1,1,0,1,50,29,3,1,6,6027,2,1,0,7,GAUDE AVENUE DE LA,43.66554,7.15389,14,1,1
202100050391,111Â 623,A01,1,1,2,5,1,-1,-1,0,0,-1,2021,42.0,1,2,0,2,3,5,1,,2,112,-1,,2,2,0,1,31,389,1,, -1,1,0,1,80,24,2,1,81,81120,1,1,0,4,400 Route de la Scierie,43.520936,2.30023,16,3,3
202100055793,102Â 137,A01,1,1,2,0,8,0,-1,-1, -1,-1,2021,23.0,2,2,0,2,5,12,1,,2,RN87,0,,3,4,0,1,0,725,1,, -1,1,0,1,90,8,1,1,38,38185,1,1,0,3,Rocade Sud,45.15857,5.70907,9,2,2
202100028537,150Â 709,B01,1,1,1,5,2,-1,-1,0,0,-1,2021,36.0,1,1,0,2,4,1,5,,3,68,-1,,1,1,0,3,16,743,1,, -1,1,5,1,80,18,7,1,35,35227,1,6,0,2,giratoire D68,48.175974,-1.925933,9,2,2
202100053183,106Â 672,B01,7,2,2,1,1,0,-1,-1, -1,-1,2021,20.0,1,3,0,2,2,1,1,5.0,7,RONDEAUX. AVENUE JEAN,0,,2,2,3,1,21,300,1,, -1,1,-1,1,50,18,1,5,76,76540,2,2,0,3,RONDEAUX. AVENUE JEAN,49.43185,1.0741,18,6,2
202100020991,164Â 143,B01,1,1,1,9,2,0,-1,-1, -1,-1,2021,29.0,0,1,0,2,6,15,1,,3,GENERAL DE GAULLE (AV DU),0,,2,2,0,1,(1),(1),1,, -1,1,0,1,50,3,9,1,94,94067,2,1,0,3,GENERAL DE GAULLE (AV DU),48.8408386162,2.4175787118,16,2,2
202100048368,115Â 297,B01,1,1,2,9,1,-1,-1,-1, -1,-1,2021,36.0,1,2,0,2,4,23,1,,4,GUILLOTIERE (DE LA)                 (GR),0,,1,2,2,1,(1),(1),1,, -1,2,0,1,50,11,3,5,69,69387,2,2,1,4,GUILLOTIERE (DE LA)                 (GR),45.74907,4.85346,18,3,3
202100041953,126Â 630,A01,1,1,1,5,2,6,-1,-1, -1,-1,2021,24.0,2,1,0,2,1,3,1,,3,907,0,,-1,2,0,1,6,0,1,, -1,1,0,1,50,30,4,1,92,92076,2,1,0,3,CAZES,48.8383914615,2.1643656492,14,3,2
202100022009,162Â 294,A01,2,2,1,5,1,-1,-1,0,0,-1,2021,60.0,1,2,4,0,3,13,1,,1,A63,0,A,3,3,0,1,141,600,1,, -1,1,0,1,130,29,8,1,40,40261,1,1,0,6,A63 PK 141+600 sens BAYONNE/BORDEAUX,43.685498,-1.258455,10,2,1
202100013654,177Â 306,B01,1,1,2,0,8,0,-1,-1, -1,-1,2021,46.0,0,1,0,2,4,25,0,,4,MINIMES (BD DES) DU 1AU 76,0,,1,3,3,1,(1),(1),1,, -1,1,0,4,50,12,10,5,31,31555,2,1,0,6,MINIMES (BD DES) DU 1AU 76,43.615653,1.44643,19,3,3
202100013510,177Â 579,B01,1,1,1,2,2,6,-1,-1, -1,-1,2021,17.0,2,1,0,2,2,17,1,,3,LOUIS DE FOIX (AVENUE),0,,2,2,0,3,0,495,2,, -1,1,0,1,50,13,10,2,64,64102,2,1,1,3,LOUIS DE FOIX (AVENUE),43.51163,-1.46852,7,2,2
202100012678,179Â 055,B01,1,1,2,5,8,0,-1,0,0,-1,2021,18.0,2,1,0,2,2,5,5,,4,RUE D HAUTEVILLE,0,,1,2,0,1,(1),(1),1,, -1,1,0,1,30,17,10,1,75,75110,2,2,0,1,RUE D HAUTEVILLE,48.875314,2.350921,12,2,2
202100053844,105Â 504,B01,2,2,1,5,1,-1,-1,-1, -1,-1,2021,13.0,2,2,8,2,7,1,1,,4,AVENUE DE MAGELLAN,0,,2,3,0,1,(1),(1),2,, -1,2,0,1,50,24,1,1,33,33318,2,3,0,3,Avenue de Magellan,44.78467,-0.66351,14,3,2
202100032837,143Â 081,A01,10,3,2,2,0,-1,-1,5,3,2,2021,9.0,1,2,0,1,1,1,1,,4,GAMBETTA (RUE),0,,2,2,0,2,(1),(1),1,,"6,3",2,0,1,50,22,6,1,79,79329,2,1,1,7,54 Rue Gambetta,46.98242,-0.21043,16,2,1
202100000198,201Â 386,A01,2,2,2,5,1,-1,-1,-1, -1,-1,2021,22.0,1,2,8,0,1,1,1,,4,,-1,,2,2,2,1,(1),(1),3,, -1,2,-1,1,50,26,11,5,33,33529,2,1,1,6,Rue Lagrua,44.6421,-1.15671,22,2,1
202100022179,161Â 996,A01,1,1,1,9,0,-1,-1,0,0,-1,2021,16.0,1,5,16,0,9,13,1,,3,10,0,A,2,2,0,1,6,385,2,, -1,1,0,1,90,29,8,3,988,98829,1,1,0,7,RPS10 THIO,-21.590275,166.155993,5,1,1
202100027378,152Â 779,B01,1,1,1,0,2,6,-1,0,0,-1,2021,54.0,2,1,0,2,0,17,1,,2,PROVENCE (AVENUE DE),0,,2,2,0,2,40,365,1,, -1,1,0,1,50,21,7,1,5,5061,2,1,0,3,PROVENCE (AVENUE DE),44.54104,6.05765,14,2,2
202100032429,143Â 807,B01,2,2,2,0,1,0,-1,-1, -1,-1,2021,18.0,1,2,0,2,6,1,1,,2,118,0,,1,2,0,2,10,100,1,, -1,1,0,1,90,25,6,1,91,91471,1,1,0,2,RN 118,48.7123,2.1825,15,3,2
202100053164,106Â 707,B01,1,1,1,1,2,6,-1,-1, -1,-1,2021,25.0,2,1,0,2,1,1,1,,4,BARRE (DE LA)                       (R ),0,,1,1,3,3,(1),(1),1,, -1,1,0,1,50,29,1,5,69,69382,2,1,0,3,BARRE (DE LA) (R),45.7577,4.83502,22,2,2
202100000714,200Â 440,A01,1,1,2,5,1,-1,-1,0,0,-1,2021,19.0,0,2,7,2,8,19,1,,3,703,-1,,2,2,0,1,(1),(1),1,,4,1,0,1,80,31,12,5,24,24067,1,3,0,3,RD 703 et Route de boutenÃ¨gre,44.905222,0.949727,19,3,2
202100028546,150Â 695,B01,1,1,1,5,1,-1,-1,0,0,-1,2021,53.0,1,2,0,2,1,0,1,,3,1,0,,2,2,0,2,44,714,3,,5,1,0,1,50,18,7,1,72,72248,2,1,0,1,Rue du Pont de l Arche,47.83799,0.43309,16,4,2
202100046152,119Â 268,A01,10,3,1,2,0,-1,-1,1,3,2,2021,17.0,0,2,0,1,0,0,-1,,3,JAURES (AVENUE JEAN),0,,-1,2,1,1,0,1,1,, -1,1,0,5,50,29,3,1,93,93027,2,1,0,6,JAURES (AVENUE JEAN),48.923234,2.405742,13,2,1
202100032165,144Â 259,A01,1,1,1,5,2,6,9,0,0,-1,2021,38.0,3,1,0,0,0,1,1,,4,,-1,,2,2,0,2,(1),(1),1,, -1,1,0,6,-1,27,6,1,42,42093,1,1,0,7,Rue de la Courroux,45.4963417102,4.589653071,13,1,1
202100031879,144Â 770,A01,10,3,2,2,0,-1,-1,4,3,1,2021,15.0,2,2,0,1,1,1,1,,3,HUIT MAI 1945   AVENUE DU,0,,3,4,0,1,3,717,1,, -1,2,0,1,50,28,6,1,17,17200,2,1,1,6,HUIT MAI 1945   AVENUE DU,46.19014,-1.14738,7,2,1
202100000510,200Â 789,A01,1,1,1,0,8,0,-1,-1, -1,-1,2021,25.0,1,1,0,2,1,1,1,,4,VALBARELLE (BOULEVARD DE LA ),0,,2,2,0,1,0,0,1,, -1,1,0,1,50,25,6,1,13,13211,2,1,0,3,VALBARELLE (BOULEVARD DE LA ),43.2876519986,5.4485658368,7,2,2
202100010383,183Â 150,A01,1,1,2,9,2,6,-1,-1, -1,-1,2021,55.0,2,1,0,0,8,26,1,,4,CAMILLE DESMOULINS,0,,4,2,0,1,0,0,1,, -1,2,9,1,20,29,10,1,92,92040,2,1,1,7,Rue Camille Desmoulins,48.8298062073,2.2647634149,12,1,1
202100017992,169Â 467,A01,4,2,2,5,1,8,-1,-1, -1,-1,2021,20.0,1,2,2,0,1,16,1,,4,SAINT-ETIENNE DE TULMONT (ROUTE),0,,2,2,0,1,(1),(1),3,, -1,2,0,8,70,19,9,3,82,82121,1,1,1,6,SAINT-ETIENNE DE TULMONT (ROUTE),44.03268,1.41511,6,4,1
202100010649,182Â 702,A01,2,2,2,5,1,-1,-1,0,0,-1,2021,20.0,2,2,0,2,7,15,1,,3,773,0,D,2,2,0,1,28,451,1,, -1,1,0,1,70,28,10,1,44,44052,1,2,0,3,D773,47.37703,-2.097466,16,3,2
202100015893,173Â 262,A01,1,1,1,9,8,0,-1,-1, -1,-1,2021,18.0,2,1,2,0,1,26,1,,4,LANGUEDOC (AVENUE DU CD 88),0,,2,2,0,1,0,0,1,, -1,1,9,4,50,29,9,1,66,66136,2,1,0,6,LANGUEDOC (AVENUE DU CD 88),42.72214,2.88634,14,1,1
202100036609,136Â 268,A01,1,1,2,1,8,0,-1,-1, -1,-1,2021,19.0,1,1,0,2,1,26,5,,4,MENDES FRANCE AVENUE PIERRE,0,,1,2,0,1,1,0,1,, -1,2,0,1,50,2,6,1,49,49015,2,1,1,1,MENDES FRANCE AVENUE PIERRE,47.49367,-0.5761,7,2,2
202100002939,196Â 520,A01,10,3,2,5,0,-1,-1,3,3,1,2021,92.0,1,2,0,1,2,1,1,,4,RUE DU LANGUEDOC,0,,2,2,3,1,(1),(1),1,, -1,2,0,1,50,14,12,1,31,31555,2,1,0,6,RUE DU LANGUEDOC,43.59927,1.44551,14,2,1
202100053364,106Â 333,B01,1,1,1,5,2,6,-1,-1, -1,-1,2021,43.0,1,1,0,2,4,0,1,,3,BRIAND ( AV.  ARISTIDE) 93 A 175,0,,1,3,0,1,0,1,1,, -1,2,0,1,50,28,1,5,93,93057,2,1,1,1,BRIAND ( AV.  ARISTIDE) 93 A 175,48.9094085797,2.5039337333,19,2,2
202100047913,116Â 093,A01,2,2,1,5,1,0,-1,-1, -1,-1,2021,25.0,1,2,0,2,2,17,1,,3,ROUTE DE CHATEAUNEUF,0,,2,2,0,1,0,0,1,, -1,1,0,1,80,15,3,1,84,84087,1,1,0,3,ROUTE DE CHATEAUNEUF,44.10193,4.8222,13,3,2
202100005779,191Â 467,A01,1,1,1,1,2,0,-1,0,0,-1,2021,30.0,1,1,0,0,0,21,1,,4,RUE DE TOLBIAC,0,,2,2,3,1,(1),(1),1,, -1,2,5,1,30,27,11,5,75,75113,2,2,1,7,RUE DE TOLBIAC,48.825945,2.345213,3,2,2
202100007947,187Â 528,A01,1,1,1,0,2,8,-1,-1, -1,-1,2021,57.0,1,1,0,2,3,3,1,,1,AUTOROUTE A104,0,,2,8,0,1,1,0,1,, -1,2,0,1,90,16,11,3,93,93078,1,1,1,5,AUTOROUTE A104,48.9713639038,2.4985811012,18,3,3
202100038470,132Â 883,B01,1,1,1,5,2,-1,-1,0,0,-1,2021,56.0,1,1,0,2,6,0,5,,3,306,0,D,2,2,0,1,16,300,1,, -1,1,0,3,-1,23,5,1,69,69013,1,1,0,2,D306,46.0312774389,4.7175848889,18,3,2
202100039490,131Â 019,A01,1,1,1,0,2,0,-1,-1, -1,-1,2021,15.0,1,1,0,2,0,7,1,,3,19,0,,1,3,1,1,0,0,1,, -1,2,0,1,50,18,5,1,92,92024,2,2,0,3,MARTRE DE (4 A 54),48.90085,2.30811,20,2,2
202100033327,142Â 189,A01,1,1,1,0,8,0,-1,-1, -1,-1,2021,30.0,1,1,0,2,1,1,3,,4,REGNIER (HENRI DE),0,,2,2,0,1,0,0,1,, -1,1,0,1,50,13,6,5,66,66136,2,3,0,3,REGNIER (HENRI DE),42.70804,2.88761,1,2,2
202100008513,186Â 518,B01,1,1,2,5,1,0,-1,-1, -1,-1,2021,24.0,2,5,0,2,7,1,1,,3,988,0,,1,3,0,1,0,0,1,, -1,1,0,1,50,11,11,5,92,92078,2,3,0,3,MARC SANGNIER (AVENUE),48.9297508034,2.3260371387,18,2,2
202100038394,133Â 008,A01,1,1,1,5,2,6,-1,0,0,-1,2021,19.0,2,1,0,2,3,18,1,,4,RUE D AUBERVILLIERS,0,,-1,4,0,1,(1),(1),1,, -1,1,0,1,50,25,5,1,75,75119,2,2,0,3,RUE D AUBERVILLIERS,48.895276,2.37194,10,2,2
202100028396,150Â 955,A01,1,1,1,0,1,-1,-1,0,0,-1,2021,30.0,1,2,2,0,1,1,1,,3,27,0,,2,2,0,2,17,800,2,, -1,1,0,1,80,19,7,1,8,8419,1,1,1,6,ROUTE DÃPARTEMENTALE 27,49.721136,4.402878,18,1,1
202100052582,107Â 737,A01,1,1,1,5,2,0,-1,-1, -1,-1,2021,51.0,3,1,0,2,7,15,1,,4,R GUY MOCQUET ,0,,2,0,0,1,1,0,1,, -1,1,0,1,50,4,2,1,94,94076,2,4,0,3,GUY MOCQUET (R),48.798536,2.357462,16,2,2
202100007098,189Â 079,A01,1,1,1,5,1,-1,-1,0,0,-1,2021,25.0,1,2,2,0,8,1,1,,3,88,-1,,2,2,0,1,0,400,1,, -1,1,0,4,50,20,11,5,69,69151,2,1,1,6,LOUVEIGNE (DE) (R),46.061034,4.605353,23,1,1
202100050668,111Â 119,B01,9,2,2,9,1,-1,-1,0,0,-1,2021,28.0,2,2,0,2,2,15,1,,3,,-1,,2,2,0,1,4,190,1,, -1,1,0,1,50,21,2,1,1,1354,2,2,0,3,Rue de Pouilly,46.248053,6.027691,16,5,2
202100003465,195Â 558,B01,1,1,2,5,1,-1,-1,0,0,-1,2021,30.0,1,2,0,2,1,1,1,,3,475,-1,,2,2,0,2,17,660,1,, -1,2,8,1,50,11,12,3,39,39030,1,1,0,1,,47.136031,5.500706,17,4,2