Num_Acc,id_vehicule,num_veh,place,catu,sexe,trajet,secu1,secu2,secu3,locp,actp,etatp,year_acc,victim_age,senc,catv,obs,obsm,choc,manv,motor,occutc,catr,voie,v1,v2,circ,nbv,vosp,prof,pr,pr1,plan,lartpc,larrout,surf,infra,situ,vma,jour,mois,lum,dep,com,agg_,int,atm,col,adr,lat,long,hour,nb_victim,nb_vehicules
202100050412,111Â 588,A01,10,3,1,2,0,-1,-1,2,3,1,2021,13.0,1,2,0,1,2,1,1,,2,5,0,N,1,1,0,1,(1),(1),1,, -1,1,0,1,50,24,2,1,971,97117,2,6,0,6,Rue Gaston Monnerville,16.334189,-61.349614,6,2,1
202100018172,169Â 129,A01,1,1,1,9,2,6,-1,0,0,-1,2021,56.0,1,1,0,2,5,16,1,,4,RUE EMILE BOLLAERT,0,,1,1,0,1,(1),(1),3,, -1,1,0,1,30,18,9,5,75,75119,2,2,0,3,RUE EMILE BOLLAERT,48.899724,2.371141,21,2,2
202100051298,109Â 982,A01,1,1,2,3,1,8,-1,-1, -1,-1,2021,82.0,1,2,0,2,3,13,1,,4,PREVOLES (RUE DES),0,,2,2,0,1,(1),(1),2,, -1,1,0,1,50,15,2,1,21,21054,2,1,0,1,3 Rue des PrÃ©voles,47.021153,4.830701,15,4,2
202100053685,105Â 774,A01,1,1,2,5,1,-1,-1,0,0,-1,2021,21.0,1,2,17,0,1,21,1,,3,105,0,D,2,2,0,1,10,360,3,, -1,2,0,3,70,24,1,1,33,33022,1,1,1,6,47 Route de Castelnau,45.033073,-0.768479,16,1,1
202100041671,127Â 118,A01,10,3,1,3,0,-1,-1,3,3,1,2021,26.0,1,2,0,1,2,1,1,,4,QUIMPER ( RUE DE),0,,2,2,0,1,(1),(1),1,, -1,1,0,8,50,27,4,1,29,29039,2,1,0,6,Rue de Quimper,47.886052,-3.919729,12,2,1
202100022874,160Â 729,A01,1,1,1,1,0,-1,-1,0,0,-1,2021,33.0,2,1,0,2,1,0,5,,3,d2,0,,2,2,0,1,63,580,1,, -1,1,0,1,80,24,8,3,33,33517,1,1,0,1,D2,45.049244,-0.692332,6,2,2
202100052571,107Â 754,A01,10,3,1,2,0,-1,-1,3,5,2,2021,9.0,2,1,0,1,7,1,5,,4,RUE ALEXANDRE PARODI,0,,1,1,0,1,(1),(1),1,, -1,1,0,1,50,4,2,1,75,75110,2,3,0,6,RUE ALEXANDRE PARODI,48.879798,2.365527,13,2,1
202100048863,114Â 419,A01,1,1,1,5,2,8,-1,-1, -1,-1,2021,64.0,1,1,0,0,0,1,5,,3,C.D. 287 (VERS ST ROMAIN DE LERPS),0,,2,2,0,2,19,600,3,, -1,2,0,1,50,7,3,1,7,7281,1,1,0,7,C.D. 287 (VERS ST ROMAIN DE LERPS),44.95213,4.82356,12,1,1
202100020538,164Â 927,B01,1,1,2,5,8,0,-1,-1, -1,-1,2021,46.0,3,1,0,2,1,9,0,,7,TARBES (ROUTE DE),0,,3,2,0,1,8,165,1,, -1,1,9,1,50,6,9,5,31,31557,2,6,0,3,TARBES (ROUTE DE),43.577866,1.327137,20,2,2
202100054911,103Â 658,B01,1,1,1,0,0,0,-1,-1, -1,-1,2021,64.0,2,1,0,2,3,1,5,,4,INFIRMERIES (AV DES),0,,2,3,0,1,(1),(1),1,, -1,1,0,1,50,14,1,1,13,13001,2,9,0,3,INFIRMERIES (AV DES),43.512776,5.463736,10,2,2
202100021298,163Â 583,B01,1,1,1,9,2,0,-1,0,0,-1,2021,22.0,2,1,0,2,1,1,1,,4,RUE D ESTREES,0,,1,2,0,1,(1),(1),1,, -1,1,0,1,50,2,9,1,75,75107,2,2,0,3,RUE D ESTREES,48.851775,2.313849,15,2,2
202100027283,152Â 961,A01,1,1,1,9,2,6,9,0,0,-1,2021,59.0,3,1,2,0,0,0,1,,4,,-1,,-1,1,0,1,(1),(1),1,, -1,6,0,8,-1,25,7,1,27,27629,1,9,1,6,La CarbonniÃ¨re,49.134518,0.435237,11,1,1
202100016118,172Â 831,B01,1,1,1,1,2,0,-1,-1, -1,-1,2021,19.0,1,1,0,2,7,1,1,,3,GENERAL LECLERC  (RUE   ),0,,2,2,0,1,2,126,1,, -1,1,0,1,50,28,9,1,77,77372,2,3,0,3,D334,48.881912,2.697491,8,2,2
202100022696,161Â 036,B01,2,2,1,5,1,0,-1,-1, -1,-1,2021,13.0,1,2,0,2,0,2,1,,3,BD ARISTIDE BRIAND,0,,2,2,0,1,0,0,1,, -1,2,0,1,50,23,8,1,91,91589,2,1,1,2,BD ARISTIDE BRIAND,48.68962,2.36018,15,6,2
202100054943,103Â 601,B01,1,1,1,3,8,0,-1,-1, -1,-1,2021,31.0,1,2,0,2,1,19,1,,4,EUGENIE    (ALLEE),0,,1,1,0,1,1,0,1,, -1,2,0,1,50,14,1,5,93,93032,2,2,1,3,EUGENIE    (ALLEE),48.8865219266,2.5380134369,19,3,2
202100016610,171Â 947,A01,1,1,2,5,1,0,-1,-1, -1,-1,2021,20.0,2,2,0,2,4,2,1,,1,AUTOROUTE A86,0,,3,1,0,2,18,799,1,, -1,1,1,1,50,27,9,1,93,93029,1,1,0,6,AUTOROUTE A86,48.91405,2.43355,18,1,1
202100033730,141Â 473,B01,9,2,2,9,1,9,-1,0,0,-1,2021,5.0,2,2,0,2,3,26,1,,3,999,-1,,2,2,0,2,43,200,2,, -1,2,0,1,70,18,6,1,30,30088,1,1,0,1,D 999,43.861438,4.143316,10,5,2
202100044157,122Â 743,A01,1,1,1,1,1,0,-1,-1, -1,-1,2021,28.0,2,2,6,0,0,0,1,,4,,0,,3,4,0,2,(1),(1),1,, -1,1,5,1,50,13,4,5,1,1283,2,5,0,3,VERDUN (COURS DE DU 59-86 AU 151),46.2482612847,5.6410015659,4,3,2
202100040034,130Â 038,A01,10,3,1,3,0,-1,-1,2,3,1,2021,47.0,3,5,0,1,8,15,1,,4,SEMARD PIERRE (AVENUE),0,,1,1,0,1,(1),(1),1,, -1,1,0,1,30,12,5,1,95,95019,2,1,0,6,SEMARD PIERRE (AVENUE),48.9970270123,2.414932251,11,2,1
202100046322,118Â 974,D01,1,1,1,4,1,8,-1,-1, -1,-1,2021,61.0,2,5,0,2,4,23,1,,7,351,0,,3,3,0,1,1,0,1,, -1,1,0,1,90,26,3,1,67,67482,1,1,0,4,M351,48.58664,7.71677,16,5,5
202100006371,190Â 409,B01,1,1,1,0,1,8,-1,-1, -1,-1,2021,39.0,1,2,0,2,4,1,1,,1,A13,0,,1,1,0,2,25,700,1,, -1,2,3,1,70,25,11,2,78,78466,1,1,1,2,A13,48.92722,1.9937,17,2,2
202100028470,150Â 826,B01,1,1,1,0,1,-1,-1,-1, -1,-1,2021,18.0,1,2,0,2,4,1,1,,2,RN136,0,,3,6,0,1,14,628,1,, -1,1,0,1,90,17,7,1,35,35238,1,1,1,4,RN136,48.11154,-1.71819,16,3,3
202100010362,183Â 186,A01,1,1,1,4,1,0,-1,-1, -1,-1,2021,24.0,1,2,0,2,3,2,1,,4,AV DE L'EUROPE,0,,2,4,0,1,1,0,1,, -1,1,9,1,50,29,10,1,94,94073,2,9,0,3,Avenue de lâEurope,48.75658,2.36912,10,2,2
202100052629,107Â 653,A01,10,3,2,2,0,-1,-1,3,3,1,2021,14.0,2,2,0,1,1,1,1,,4,,-1,,2,4,0,1,(1),(1),1,, -1,1,0,1,50,2,2,1,34,34145,2,2,0,6,Boulevard sainte-Claire,43.672404,4.140419,12,2,1
202100052121,108Â 542,B01,1,1,1,5,8,8,-1,-1, -1,-1,2021,25.0,0,0,0,2,8,0,3,,4,GAMBETTA (RUE),0,,2,2,0,1,0,0,1,, -1,1,0,1,50,6,2,1,50,50173,2,1,0,3,GAMBETTA (RUE),49.6473,-1.64635,14,2,2
202100039092,131Â 755,B01,1,1,1,5,8,0,-1,-1, -1,-1,2021,30.0,2,1,0,2,1,17,1,,3,,0,,2,2,3,2,16,352,1,, -1,1,0,1,50,19,5,1,64,64125,2,1,0,3,CUMBA (AVENUE),43.44674,-1.57914,18,2,2
202100021171,163Â 821,A01,2,2,2,5,2,6,-1,0,0,-1,2021,49.0,1,1,13,0,9,2,1,,1,A13,-1,,1,3,0,2,57,50,2,, -1,2,0,3,110,4,9,2,78,78089,1,1,1,7,A13,49.020253,1.575465,19,2,1
202100034251,140Â 522,B01,1,1,2,0,1,0,-1,0,0,-1,2021,27.0,1,2,0,2,1,19,1,,4,BERTEAUX (RUE),0,,2,2,0,1,(1),(1),1,, -1,1,0,1,50,14,6,1,63,63113,2,2,0,3,BERTEAUX (RUE),45.76283,3.09607,17,2,2
202100041103,128Â 142,A01,1,1,1,4,1,8,-1,-1, -1,-1,2021,50.0,1,2,0,2,1,1,1,,7,SAINT MESMIN (ROUTE DE SAINT MESMIN),0,,2,2,0,1,94,825,1,, -1,1,0,1,50,5,5,1,45,45298,2,3,0,2,Route de Saint-Mesmin,47.8829371498,1.8729600274,18,2,2
202100055497,102Â 649,B01,1,1,2,9,1,0,-1,-1, -1,-1,2021,46.0,1,2,0,2,4,1,1,,4,ALL CHARLES DE FITTE,0,,3,4,0,1,(1),(1),1,, -1,1,0,1,50,8,1,1,31,31555,2,1,0,2,14 AllÃ©es Charles de Fitte,43.59408,1.43374,9,2,2
202100027817,151Â 991,A01,1,1,2,0,1,-1,-1,0,0,-1,2021,22.0,2,2,3,2,7,14,1,,2,88,-1,,2,2,0,1,16,450,1,, -1,1,0,1,80,22,7,1,12,12107,1,1,0,3,N88,44.357748,2.905165,18,2,2
202100006531,190Â 128,C01,2,2,1,0,1,0,-1,-1, -1,-1,2021,29.0,0,2,0,2,1,2,1,,1,A50-Sens Marseille vers Aubagne,0,,3,3,0,3,7,800,1,, -1,2,0,1,90,24,11,1,13,13211,1,1,1,4,A50-Sens Marseille vers Aubagne,43.29102,5.4861,17,4,3
202100052951,107Â 071,A01,1,1,1,0,1,-1,-1,0,0,-1,2021,26.0,1,2,13,0,7,1,1,,3,449,0,,2,2,0,1,(1),(1),2,, -1,2,0,3,80,22,1,1,91,91156,1,1,1,6,D449,48.538091,2.285972,11,1,1
202100034005,140Â 974,B01,1,1,1,5,8,0,-1,-1, -1,-1,2021,29.0,0,1,0,2,3,15,3,,4,MONNET. RUE JEAN,0,,2,2,0,1,(1),(1),1,, -1,1,0,1,30,16,6,1,76,76561,2,3,0,3,MONNET. RUE JEAN,49.3015132409,1.0368280727,19,2,2
202100043312,124Â 242,A01,10,3,2,5,8,8,-1,3,3,1,2021,40.0,3,0,0,1,1,1,0,,4,ROSE DES VENTS,0,,2,2,0,1,0,0,1,, -1,1,0,1,30,20,4,1,77,77067,2,1,0,6,ROSE DES VENTS,48.57117,2.60011,18,2,1
202100024773,157Â 369,B01,1,1,1,1,8,0,-1,-1, -1,-1,2021,37.0,2,1,0,2,7,0,5,,3,GENERAL LECLERC (AV DU),0,,1,0,1,1,1,0,1,, -1,1,9,5,50,10,8,1,94,94046,2,1,0,3,Avenue du GÃ©nÃ©ral Leclerc,48.8046,2.44329,9,2,2
202100046453,118Â 749,A01,1,1,1,0,1,-1,-1,0,0,-1,2021,38.0,1,2,0,0,9,13,1,,3,36,-1,,2,2,0,1,12,430,2,, -1,1,0,3,80,27,3,3,21,21567,1,1,0,7,D36,47.106544,4.491048,20,1,1
202100049982,112Â 400,A01,1,1,1,0,2,8,-1,-1, -1,-1,2021,42.0,2,1,12,0,1,14,1,,4,passamanty-MRony Manga ( rue ),0,,2,0,0,1,0,0,1,, -1,1,0,1,50,26,2,5,976,97611,2,1,0,6,passamanty-MRony Manga ( rue ),-12.79872,45.20158,19,1,1
202100052023,108Â 720,A01,1,1,1,0,2,0,-1,-1, -1,-1,2021,21.0,1,1,0,0,0,1,1,,4,PIERRE PUGET (COURS),0,,2,4,0,1,0,0,1,, -1,2,0,1,50,9,2,5,13,13206,2,1,1,7,PIERRE PUGET (COURS),43.29124,5.37678,21,1,1
202100051564,109Â 525,A01,1,1,1,0,1,8,-1,-1, -1,-1,2021,24.0,2,2,13,0,1,14,1,,3,vahibe-Departementale 3 ( route ),0,,2,0,0,1,0,0,1,, -1,1,0,1,50,13,2,3,976,97611,2,1,0,7,vahibe-Departementale 3 ( route ),-12.79919,45.20264,20,4,1
202100024141,158Â 507,A01,1,1,1,5,1,-1,-1,0,0,-1,2021,41.0,2,2,0,2,3,13,1,,3,COMTES D'ARMAGNAC (AVENUE DES),0,,-1,2,0,1,1,930,2,, -1,1,0,1,50,14,8,1,12,12084,2,1,0,1,COMTES D'ARMAGNAC (AVENUE DES),44.084361,3.057332,12,2,2
202100054817,103Â 813,B01,2,2,2,5,1,-1,-1,0,0,-1,2021,56.0,2,2,0,2,7,1,1,,3,2076,0,,2,2,0,1,40,950,1,, -1,1,0,1,90,17,1,1,18,18289,1,2,0,3,40+950,46.95161,2.568569,14,3,2
202100005193,192Â 494,B01,1,2,1,0,1,0,-1,-1, -1,-1,2021,33.0,1,2,0,2,4,2,1,,1,A10 PARIS / RD188 PROVINCE,0,,2,6,0,1,5,250,1,, -1,1,0,1,90,2,12,4,91,91136,1,1,0,2,A10 PARIS / RD188 PROVINCE,48.71405,2.27552,18,3,2
202100006746,189Â 724,A01,1,1,1,5,0,-1,-1,0,0,-1,2021,16.0,2,1,0,2,1,5,5,,4,381,0,,2,2,0,2,381,(1),2,, -1,1,0,1,50,24,11,5,974,97422,2,1,0,1,381 Chemin Champcourt,-21.26481,55.504684,21,2,2
202100033527,141Â 842,Z01,10,3,2,5,8,8,-1,4,3,2,2021,12.0,2,0,0,1,1,1,0,,3,JOFFRE MARECHAL AVENUE DU,0,,2,4,0,1,26,0,1,, -1,1,0,1,50,18,6,1,92,92050,2,2,0,6,JOFFRE MARECHAL AVENUE DU,48.8854087704,2.1959915757,17,2,1
202100036955,135Â 642,B01,1,1,1,5,2,6,-1,-1, -1,-1,2021,70.0,2,1,0,2,8,1,1,,4,DEBOURG                             (AV),0,,2,2,0,1,(1),(1),1,, -1,1,0,1,50,1,6,1,69,69387,2,2,0,1,DEBOURG (AV),45.73149,4.8299,10,3,2
202100010518,182Â 926,A01,10,3,1,0,0,-1,-1,3,3,2,2021,7.0,2,2,0,1,2,19,1,,4,LHERMITTE FIDELE RUE,0,,2,2,0,1,(1),(1),1,, -1,1,0,1,50,20,10,1,59,59286,2,1,0,6,LHERMITTE FIDELE RUE,50.609837,2.975719,15,2,1
202100012813,178Â 817,B01,1,1,1,0,2,6,-1,-1, -1,-1,2021,55.0,3,1,0,0,0,0,1,,4,DE LATTRE DE TASSIGNY               (PT),0,,2,5,3,1,(1),(1),1,, -1,1,0,1,50,16,10,1,69,69381,2,1,0,2,LATTRE DE TASSIGNY (DE) (PT),45.7724460153,4.839206636,16,4,2
202100006253,190Â 619,B01,5,2,1,0,8,0,-1,-1, -1,-1,2021,67.0,2,3,0,2,2,1,1,3.0,4,GRAMMONT (AVENUE DE),0,,1,4,0,1,(1),(1),1,, -1,1,5,6,50,25,11,1,37,37261,2,6,0,3,LIBERTE (PLACE DE LA),47.3795310775,0.693184558,13,5,2
202100008803,186Â 009,A01,10,3,2,5,0,-1,-1,2,A,1,2021,30.0,3,2,0,1,8,1,1,,4,,-1,,2,2,0,1,(1),(1),1,,5,1,0,1,50,8,11,1,976,97608,2,1,0,6,rue du commerce,-12.788923,45.272327,11,2,1
202100054758,103Â 918,A01,1,1,2,0,1,0,-1,-1, -1,-1,2021,24.0,1,2,6,2,1,26,1,,4,GARIBALDI                           (AV),0,,2,4,0,1,(1),(1),1,, -1,1,0,1,50,16,1,1,69,69256,2,3,0,2,GARIBALDI (AV),45.76647,4.9299,13,3,2
202100015118,174Â 685,A01,10,3,2,5,0,-1,-1,4,5,1,2021,38.0,2,1,0,1,3,21,1,,4,QUAI DES TUILERIES,0,,1,3,3,1,(1),(1),1,, -1,2,0,1,30,5,10,5,75,75101,2,1,1,6,QUAI DES TUILERIES,48.862443,2.325168,20,2,1
202100010843,182Â 344,B01,1,1,1,0,1,0,-1,-1, -1,-1,2021,39.0,2,1,0,2,8,1,5,,3,BRAS DES CHEVRETTES (chemin),0,,2,2,0,2,(1),(1),3,, -1,1,0,1,50,25,10,2,974,97409,1,3,0,1,BRAS DES CHEVRETTES (chemin),-20.967,55.62465,17,2,2
202100043911,123Â 178,A01,1,1,1,1,2,0,-1,0,0,-1,2021,48.0,1,1,0,1,1,1,3,,4,AVENUE D IVRY,0,,2,5,1,1,(1),(1),1,, -1,1,-1,5,50,15,4,1,75,75113,2,3,0,6,AVENUE D IVRY,48.823323,2.365705,12,2,1
202100019219,167Â 275,B01,2,2,1,2,1,5,-1,-1, -1,-1,2021,14.0,1,2,0,2,8,1,1,,3,GRANDE RUE,0,,2,4,0,1,0,0,1,, -1,1,0,1,50,13,9,1,93,93077,2,2,0,3,Grande Rue / Rue de la Montagne Savart,48.882717,2.51818,8,3,2
202100011416,181Â 316,A01,1,1,1,5,2,6,-1,0,0,-1,2021,21.0,2,1,0,2,0,1,1,,4,RUE DE BELLEVILLE,0,,2,2,0,2,(1),(1),1,, -1,1,5,1,30,23,10,1,75,75119,2,2,0,6,RUE DE BELLEVILLE,48.873944,2.385404,14,2,2
202100055104,103Â 316,A01,1,1,1,9,8,-1,-1,0,0,-1,2021,39.0,1,2,3,2,2,1,1,,2,6,-1,,2,3,0,2,81,100,1,, -1,2,0,1,90,15,1,3,89,89295,1,1,1,4,N6,47.832143,3.553369,7,3,3
202100009608,184Â 531,B01,1,1,1,5,8,0,-1,-1, -1,-1,2021,41.0,0,1,0,2,8,1,1,,4,FORTUNÃ JOURDAN (RUE),0,,1,1,0,1,0,0,1,, -1,1,0,1,50,3,11,1,13,13203,2,2,0,3,FORTUNÃ JOURDAN (RUE),43.3110901724,5.3862281847,10,2,2
202100042489,125Â 673,B01,1,1,1,4,1,0,-1,-1, -1,-1,2021,36.0,2,5,0,2,3,0,1,,4,TIFFOU ARMAND,0,,2,2,0,1,(1),(1),1,, -1,1,0,1,50,23,4,1,11,11069,2,2,0,3,TIFFOU ARMAND,43.212,2.3667,19,2,2
202100019073,167Â 550,A01,1,1,1,0,8,-1,-1,0,0,-1,2021,66.0,1,2,3,0,3,14,1,,1,10,-1,,1,3,0,1,104,418,1,,10,1,9,8,130,13,9,1,45,45067,1,9,0,6,A10,47.894928,1.774292,15,1,1
202100042392,125Â 855,A01,1,1,1,1,1,-1,-1,0,0,-1,2021,56.0,2,2,7,2,1,1,1,,3,94,0,,2,2,0,1,16,150,1,, -1,1,0,1,80,27,4,1,2,2667,1,2,0,3,D94,49.350354,3.214727,12,2,2
202100047929,116Â 063,B01,1,1,1,5,1,0,-1,0,0,-1,2021,65.0,2,2,0,2,3,1,1,,2,52 (ROUTE NATIONALE),0,,2,3,0,3,20,759,2,, -1,2,0,3,90,13,3,1,54,54382,1,1,0,3,52 (ROUTE NATIONALE),49.5417,5.7592,12,3,2
202100049592,113Â 099,B01,1,1,1,9,1,8,-1,-1, -1,-1,2021,72.0,3,2,0,2,6,19,1,,4,COMMUNE DE PARIS (AVENUE),0,,3,2,0,1,0,0,1,, -1,1,0,1,50,28,2,5,974,97407,2,9,0,3,COMMUNE DE PARIS (AVENUE),-20.93766,55.29081,21,2,2
202100047510,116Â 838,B01,2,2,1,4,1,0,-1,-1, -1,-1,2021,22.0,1,2,0,2,4,23,0,,4,MAZARGUES (AVENUE DE),0,,1,1,0,1,0,0,1,, -1,1,0,1,50,18,3,1,13,13208,2,1,0,2,MAZARGUES (AVENUE DE),43.24,5.39,17,5,2
202100002326,197Â 634,B01,1,1,1,4,2,-1,-1,0,0,-1,2021,30.0,3,1,0,2,7,2,1,,3,208,-1,,2,2,0,1,(1),(1),1,, -1,1,0,1,50,19,2,1,978,97801,2,1,0,3,route de Sandy Ground,18.058023,-63.102896,14,2,2
202100015854,173Â 334,A01,10,3,1,3,8,-1,-1,3,3,1,2021,62.0,3,2,0,1,3,1,1,,4,LE GORGEU (NÂ°ENTRE TARENTE ET PROVENCE),0,,2,1,0,1,(1),(1),1,, -1,1,0,1,50,29,9,1,29,29019,2,3,0,6,Avenue Victor le Gorgeu,48.4048660313,-4.5063017283,9,2,1
202100013136,178Â 264,B01,1,1,1,1,1,5,-1,-1, -1,-1,2021,58.0,-1,2,0,2,8,1,0,,3,GAGARINE (BOULEVARD),0,,2,4,1,2,0,1,3,, -1,1,0,4,50,15,10,1,93,93014,2,1,0,3,GAGARINE (BOULEVARD),48.9056170804,2.5404392207,18,2,2
202100016684,171Â 807,A01,1,1,1,5,2,6,-1,-1, -1,-1,2021,19.0,3,1,0,2,8,1,1,,3,7,0,,1,2,0,1,0,0,1,, -1,1,0,1,50,26,9,1,92,92040,2,1,0,3,STALINGRAD (QUAI DE),48.8227927499,2.2535046449,17,2,2
202100043217,124Â 408,A01,1,1,1,1,2,0,-1,-1, -1,-1,2021,43.0,3,1,0,2,1,26,3,,3,101,0,,1,2,0,1,0,0,1,, -1,1,0,1,50,21,4,1,92,92040,2,7,0,3,RESISTANCE (PLACE DE LA),48.82141,2.2505,7,2,2
202100056346,101Â 181,A01,10,3,1,0,0,-1,-1,1,3,1,2021,49.0,1,1,0,1,1,13,0,,3,FONTAINEBLEAU (AV DE),0,,1,1,1,1,0,0,1,, -1,1,0,1,30,3,1,5,94,94043,2,1,0,7,FONTAINEBLEAU (AV DE),48.81049,2.36194,18,2,1
202100050211,111Â 964,A01,2,2,2,9,1,0,-1,0,0,-1,2021,41.0,1,2,0,2,4,23,1,,4,AVENUE DE LA PORTE CHAUMONT,0,,2,4,0,1,(1),(1),1,, -1,1,0,1,50,24,2,1,75,75119,2,2,0,4,AVENUE DE LA PORTE CHAUMONT,48.88634,2.395301,14,5,4
202100047317,117Â 188,A01,1,1,2,5,1,5,-1,-1,0,-1,2021,40.0,1,2,3,2,4,26,1,,1,AUTOROUTE A1,0,,3,6,0,1,17,0,1,, -1,1,2,1,110,20,3,3,95,95527,1,1,0,2,AUTOROUTE A1,48.9934462028,2.5146091151,21,2,2
202100037667,134Â 330,A01,1,1,1,5,2,6,-1,0,0,-1,2021,22.0,2,1,13,0,0,2,1,,3,960,0,,2,2,0,1,49,870,1,, -1,1,0,8,50,29,5,1,2,2321,2,1,0,6,rue du pont de pierre,49.832578,3.88974,14,1,1
202100041100,128Â 147,A01,1,1,2,1,1,-1,-1,-1, -1,-1,2021,27.0,0,2,0,2,1,15,1,,4,POLLE (RUE DE LA),0,,2,2,0,2,(1),(1),1,, -1,1,0,1,50,4,5,1,50,50129,2,2,0,1,POLLE (RUE DE LA),49.64043,-1.64068,14,3,2
202100044880,121Â 497,B01,1,1,2,1,1,-1,-1,0,0,-1,2021,29.0,2,2,0,2,3,1,1,,3,937,0,D,2,2,0,1,(1),(1),3,, -1,1,0,1,50,7,4,1,2,2173,2,1,0,1,Rue Anatole France,49.6112,3.22114,12,2,2
202100040290,129Â 584,A01,1,1,1,4,8,0,-1,-1, -1,-1,2021,41.0,2,4,0,0,2,1,0,,2,RN 104,0,,3,4,0,1,46,99,2,, -1,1,0,8,90,12,5,3,91,91549,1,1,0,7,RN 104,48.62484,2.33241,3,1,1
202100052858,107Â 235,B01,1,1,1,0,2,8,-1,-1, -1,-1,2021,45.0,1,1,0,2,1,1,1,,4,SOURCE DE BADUEL (CHEMIN DE LA),0,,2,2,0,1,(1),(1),1,, -1,1,0,1,50,1,2,1,973,97302,2,3,0,1,SOURCE DE BADUEL (CHEMIN DE LA),4.92953,-52.30876,7,4,2
202100028468,150Â 830,A01,1,1,1,5,1,0,-1,-1, -1,-1,2021,25.0,3,2,0,2,1,5,1,,7,AVENUE ESCLANGON,0,,3,4,0,1,0,0,1,, -1,1,0,1,50,17,7,4,38,38179,2,1,0,1,AVENUE ESCLANGON,45.18115,5.78039,5,2,2
202100054203,104Â 861,A01,1,1,1,5,2,0,-1,-1, -1,-1,2021,37.0,3,1,0,0,1,1,1,,4,STAND (AVENUE),0,,2,2,0,1,0,0,1,, -1,1,0,1,50,11,1,5,58,58194,2,1,0,6,STAND (AVENUE),46.9798,3.15906,0,1,1
202100042049,126Â 465,B01,1,1,2,0,1,0,-1,0,0,-1,2021,39.0,1,2,0,2,7,1,1,,2,JEAN JAURES ( AVENUE ),0,,2,2,0,1,38,310,1,, -1,2,5,1,50,28,4,1,5,5061,2,6,1,3,JEAN JAURES ( AVENUE ),44.55488,6.07471,13,2,2
202100025655,155Â 823,B01,1,1,1,0,1,-1,-1,0,0,-1,2021,36.0,1,2,0,2,3,1,1,,3,35,0,A,2,2,0,1,0,0,1,, -1,1,5,1,80,5,8,1,91,91458,1,1,0,1,CD 35,48.660897,2.224251,15,2,2
202100046242,119Â 115,A01,1,1,2,5,2,6,-1,0,0,-1,2021,29.0,2,1,0,0,0,1,1,,4,AVENUE DE LA PORTE CHAUMONT,0,,2,4,0,4,(1),(1),3,, -1,1,0,1,50,28,3,5,75,75119,2,2,0,7,AVENUE DE LA PORTE CHAUMONT,48.886299,2.396364,20,2,1
202100052760,107Â 420,A01,10,3,1,2,0,-1,-1,3,3,1,2021,17.0,1,2,0,1,1,1,1,,4,SULLY                               (R ),0,,2,2,0,1,(1),(1),1,, -1,2,0,8,30,1,2,1,69,69275,2,1,1,6,SULLY (R),45.771411,4.9759,8,2,1
202100022507,161Â 399,A01,1,1,1,9,1,-1,-1,0,0,-1,2021,34.0,1,2,9,0,9,1,1,,3,930,-1,,2,2,0,1,42,400,2,, -1,1,0,8,80,27,8,1,80,80274,1,1,0,7,Rue du Pont d Allemagne,49.740419481,3.0327297282,15,2,1
202100002798,196Â 768,A01,1,1,1,1,2,6,-1,0,0,-1,2021,21.0,2,1,0,2,1,1,1,,4,AVENUE GEORGE V,0,,3,2,2,1,(1),(1),1,, -1,1,0,1,30,14,12,5,75,75108,2,2,0,3,AVENUE GEORGE V,48.870064,2.300994,18,2,2
202100046880,117Â 978,B01,1,1,1,0,2,6,-1,-1, -1,-1,2021,57.0,2,1,0,2,1,1,6,,7,AEROPORT (AVENUE DE L'),0,,2,0,1,1,2,470,1,, -1,1,0,5,50,23,3,1,83,83069,2,1,0,3,AEROPORT (AVENUE DE L'),43.09132,6.14257,14,2,2
202100033156,142Â 498,A01,1,1,2,3,1,-1,-1,0,0,-1,2021,24.0,2,2,0,0,3,1,1,,3,643,-1,,1,2,0,1,(1),(1),1,, -1,2,0,1,90,22,6,1,59,59126,1,6,1,7,D643,50.317586,3.132498,20,1,1
202100046446,118Â 763,A01,1,1,1,5,2,6,9,0,0,-1,2021,46.0,1,1,0,1,1,13,1,,3,112,0,D,2,2,0,2,5,579,1,, -1,1,0,3,50,28,3,1,72,72294,2,1,0,6,3 Rue des Alpes Mancelles,48.351081,-0.077962,17,2,1
202100032952,142Â 855,B01,1,1,1,5,2,-1,-1,0,0,-1,2021,60.0,3,1,0,2,4,1,1,,7,,-1,,2,2,3,1,(1),(1),1,,4,1,0,1,50,19,6,1,44,44009,2,6,0,3,Route du Loroux Bottereau,47.193522,-1.463043,10,2,2
202100039252,131Â 448,B01,1,1,2,1,2,6,-1,-1, -1,-1,2021,31.0,3,1,0,2,2,17,1,,4,DE LA ZONE(ALLEE),0,,2,2,0,1,0,0,1,, -1,1,0,1,50,19,5,1,974,97416,1,3,0,3,DE LA ZONE(ALLEE),-21.318271,55.473278,14,2,2
202100012023,180Â 220,B01,1,1,2,5,0,-1,-1,-1, -1,-1,2021,63.0,1,1,0,2,3,1,5,,4,RUE DE DAUGERE,0,,-1,2,0,1,(1),(1),1,, -1,1,0,1,50,20,10,1,33,33075,2,6,0,2,Rue de DaugÃ¨re,44.88414,-0.59309,14,2,2