Num_Acc,id_vehicule,num_veh,place,catu,sexe,trajet,secu1,secu2,secu3,locp,actp,etatp,year_acc,victim_age,senc,catv,obs,obsm,choc,manv,motor,occutc,catr,voie,v1,v2,circ,nbv,vosp,prof,pr,pr1,plan,lartpc,larrout,surf,infra,situ,vma,jour,mois,lum,dep,com,agg_,int,atm,col,adr,lat,long,hour,nb_victim,nb_vehicules
202100007631,188Â 104,A01,1,1,2,5,1,8,-1,0,0,-1,2021,20.0,1,2,4,0,3,1,1,,3,DE LATTRE DE TASSIGNY (AVENUE DU MAL),0,,2,2,0,2,11,135,3,, -1,2,0,1,50,12,11,5,27,27681,2,1,1,7,DE LATTRE DE TASSIGNY (AVENUE DU MAL),49.08591,1.46366,22,1,1
202100028163,151Â 359,B01,1,1,2,9,8,0,-1,0,0,-1,2021,36.0,1,1,0,2,0,5,3,,4,RUE DE KABYLIE,0,,1,0,1,1,(1),(1),1,, -1,1,0,5,30,19,7,1,75,75119,2,3,0,3,RUE DE KABYLIE,48.884293,2.367615,19,2,2
202100017959,169Â 526,A01,1,1,1,4,1,0,-1,-1, -1,-1,2021,27.0,1,5,0,5,1,1,1,,1,A51-Sens Aix en Provence vers Marseille,0,,1,2,0,1,10,0,1,, -1,1,0,1,90,20,9,3,13,13015,1,1,0,1,A51-Sens Aix en Provence vers Marseille,43.4552305281,5.3984338862,3,2,1
202100007061,189Â 134,A01,10,3,1,9,8,8,-1,4,3,1,2021,18.0,1,2,0,1,1,1,1,,4,JAURES (AVENUE JEAN),0,,1,2,0,1,0,0,1,, -1,1,0,6,50,20,11,5,93,93027,2,1,0,1,JAURES (AVENUE JEAN),48.92,2.407,21,2,1
202100018534,168Â 505,B01,1,1,1,1,1,0,-1,-1, -1,-1,2021,26.0,1,2,0,2,7,15,1,,4,HALEVY (RUE),0,,2,2,0,1,0,0,1,, -1,2,0,1,50,14,9,1,87,87085,2,3,1,3,HALEVY (RUE),45.85623,1.25901,17,2,2
202100024047,158Â 662,B01,1,1,2,5,2,-1,-1,0,0,-1,2021,67.0,2,1,0,2,1,23,1,,3,27,0,A,2,2,0,1,17,0,1,, -1,1,0,1,50,6,8,1,74,74177,1,3,0,2,RD 27,46.046612,6.183307,12,2,2
202100036226,136Â 934,B01,3,2,2,0,1,0,-1,-1, -1,-1,2021,13.0,1,2,0,2,1,0,1,,3,RESISTANCE(AVENUE),0,,2,2,0,1,0,100,1,, -1,1,9,1,50,4,6,1,91,91691,2,1,0,1,RESISTANCE(AVENUE),48.69388,2.47737,18,4,2
202100049080,114Â 031,B01,2,2,2,0,1,0,-1,0,0,-1,2021,24.0,1,2,0,2,4,2,1,,4,REPUBLIQUE (AVENUE DE LA),0,,3,2,0,1,(1),(1),1,, -1,1,0,1,50,2,3,1,63,63113,2,1,0,4,REPUBLIQUE (AVENUE DE LA),45.78698,3.105,11,4,3
202100029970,148Â 227,B01,1,1,1,0,2,0,-1,0,0,-1,2021,42.0,1,1,0,2,7,1,5,,7,ORADOU (RUE DE L'),0,,2,3,0,1,(1),(1),1,, -1,1,0,1,50,7,7,5,63,63113,2,1,0,2,ORADOU (RUE DE L'),45.7648941468,3.1238318793,23,2,2
202100000219,201Â 346,B01,1,1,1,1,2,-1,-1,-1, -1,-1,2021,29.0,1,1,0,2,1,3,1,,3,EUROPE (AVENUE DE L'),0,,2,2,0,2,0,1,3,, -1,2,0,1,50,30,10,1,74,74298,2,1,1,3,EUROPE (AVENUE DE L'),46.176581,6.24054,16,2,2
202100022958,160Â 587,A01,1,1,2,5,0,-1,-1,0,0,-1,2021,55.0,1,2,13,0,1,13,1,,3,192,-1,,2,2,0,1,3,300,1,, -1,1,0,1,90,22,8,3,3,3218,1,1,0,7,La Chaume,46.533595,2.990127,23,1,1
202100042546,125Â 578,A01,1,1,1,5,0,-1,-1,0,0,-1,2021,31.0,0,1,0,0,9,26,1,,4,,-1,,2,2,0,1,(1),(1),1,, -1,1,0,1,30,24,4,1,34,34082,2,1,0,7,allÃ©e des Erables,43.675337,3.764918,17,1,1
202100048408,115Â 232,A01,1,1,1,1,2,6,-1,-1, -1,-1,2021,24.0,2,1,0,2,1,1,1,,3,DUPUY (AVENUE CHARLES),0,,2,2,0,1,61,790,1,, -1,1,0,1,50,11,3,1,43,43041,2,3,0,3,70 Avenue Charles Dupuy,45.048,3.9199,13,3,2
202100018758,168Â 111,B01,1,1,1,9,2,8,-1,-1, -1,-1,2021,15.0,1,1,0,2,1,13,1,,4,GABRIEL PERI (IMPASSE),0,,2,1,0,1,(1),(1),3,, -1,1,0,1,50,13,9,1,59,59033,2,1,0,1,GABRIEL PERI (IMPASSE),50.19795,3.84042,14,3,2
202100011069,181Â 938,A01,2,2,2,0,1,8,-1,-1, -1,-1,2021,56.0,1,2,1,0,9,5,1,,7,JEAN ZIMMERMANN (RUE),0,,1,1,0,1,0,0,1,, -1,1,0,1,30,23,10,1,67,67043,2,1,0,6,JEAN ZIMMERMANN (RUE),48.61412,7.75214,11,2,1
202100001846,198Â 499,B01,1,1,1,0,8,0,-1,-1, -1,-1,2021,17.0,3,1,0,2,7,19,0,,4,PEICAL(ROUTE DU),0,,2,2,0,2,0,0,1,, -1,1,0,5,30,18,12,1,83,83141,2,9,0,1,PEICAL(ROUTE DU),43.490984,6.49712,11,2,2
202100020578,164Â 849,A01,4,2,2,0,1,0,-1,-1, -1,-1,2021,0.0,1,2,0,2,1,2,1,,3,CUVETTE DE CHAMPLAIN,0,,3,4,0,2,(1),(1),1,, -1,1,0,1,30,6,9,1,94,94060,1,1,0,2,CUVETTE DE CHAMPLAIN,48.7882703894,2.5616382335,15,3,2
202100035360,138Â 504,A01,1,1,2,0,1,-1,-1,0,0,-1,2021,20.0,1,2,0,2,1,13,1,,3,20,-1,,2,2,0,1,48,700,1,, -1,1,0,1,80,11,6,1,76,76151,1,1,0,1,D20,49.84193,0.73013,13,2,2
202100040693,128Â 887,A01,1,1,1,5,2,6,-1,0,0,-1,2021,54.0,0,1,0,2,3,1,1,,3,570,0,D,2,1,0,1,23,800,1,, -1,1,0,1,80,7,5,1,13,13096,1,1,0,6,D570,43.558283,4.41689,17,2,2
202100011865,180Â 511,B01,1,1,1,4,2,6,-1,-1, -1,-1,2021,49.0,1,1,0,0,0,0,0,,3,MICHELET(AV):NÂ°1AU 103,0,,2,4,3,1,0,1,1,, -1,2,0,1,50,21,10,1,93,93070,2,1,1,3,Avenue Michelet,48.9025,2.34387,13,2,2
202100004030,194Â 537,B01,1,1,1,5,2,0,-1,-1, -1,-1,2021,43.0,3,1,0,2,4,1,3,,4,,0,,2,2,2,2,(1),(1),2,, -1,1,5,1,30,5,12,5,56,56121,2,6,0,2,Boulevard de Normandie,47.7599,-3.36606,18,2,2
202100046460,118Â 738,B01,1,1,1,0,2,-1,-1,0,0,-1,2021,35.0,2,1,0,2,1,2,1,,2,1,0,,2,2,0,1,12,0,1,, -1,1,0,1,80,13,2,1,973,97305,1,1,0,2,PK 12 RN.1,4.919136,-52.381901,11,2,2
202100002279,197Â 708,A01,1,1,2,1,1,0,-1,-1, -1,-1,2021,35.0,3,2,0,2,1,1,1,,4,DOUCET.(RUE HENRI),0,,2,3,0,1,0,0,1,, -1,1,0,1,30,17,12,1,94,94028,2,3,0,1,Rue Henri Doucet,48.77893,2.47065,14,2,2
202100040161,129Â 811,A01,1,1,2,0,2,6,-1,-1, -1,-1,2021,19.0,2,1,0,2,2,1,1,,4,TRESPOEY,0,,2,2,0,1,0,0,1,, -1,1,0,1,50,12,5,1,64,64445,2,1,0,2,TRESPOEY,43.2986,-0.35679,18,2,2
202100040121,129Â 884,A01,1,1,1,1,2,6,-1,0,0,-1,2021,51.0,0,1,0,2,2,17,1,,4,,-1,,2,2,0,1,(1),(1),1,, -1,1,5,1,50,14,5,5,13,13097,1,4,0,3,Avenue Marie Curie,43.621809,4.790393,5,2,2
202100034988,139Â 157,B01,1,1,1,5,2,6,-1,-1, -1,-1,2021,54.0,2,1,0,0,0,0,1,,2,MONS (ROUTE DE),0,,3,2,0,1,(1),(1),1,, -1,1,0,1,50,11,6,1,59,59392,2,1,0,3,MONS (ROUTE DE),50.293748,3.975935,5,2,2
202100046559,118Â 546,A01,10,3,1,9,0,-1,-1,5,3,1,2021,33.0,3,2,0,1,1,25,1,,4,ALEX. FLEMING (BOULEVARD),0,,4,3,0,1,(1),(1),1,, -1,1,9,4,50,19,1,1,13,13204,2,1,0,6,ALEX. FLEMING (BOULEVARD),43.3142420023,5.406190753,16,2,1
202100012788,178Â 864,A01,1,1,2,5,1,-1,-1,-1, -1,-1,2021,60.0,1,2,0,2,1,2,1,,1,ROCADE A 630,0,,3,6,0,1,4,99,1,, -1,1,0,1,70,17,10,1,33,33063,1,1,0,4,ROCADE A 630,44.882465,-0.550574,12,6,3
202100033517,141Â 864,A01,1,1,1,0,2,0,-1,-1, -1,-1,2021,34.0,1,1,0,2,3,2,1,,1,AUTOROUTE A86,0,,3,8,0,1,27,500,1,, -1,1,0,1,90,18,6,1,93,93064,1,1,0,3,AUTOROUTE A86,48.87506,2.47875,21,2,2
202100018444,168Â 659,A01,10,3,1,0,0,-1,-1,2,3,1,2021,19.0,2,2,0,1,1,1,1,,3,60,0,,2,1,0,1,0,0,1,, -1,1,0,1,50,16,9,5,92,92014,2,1,0,6,ROOSEVELT PRESIDENT F (AVE DU),48.7769435262,2.310320735,23,2,1
202100045933,119Â 649,B01,1,1,2,5,2,6,-1,0,0,-1,2021,21.0,2,1,0,2,1,1,1,,4,SEPTEMBRE (RUE DU IV),0,,2,2,0,1,(1),(1),1,, -1,1,0,1,50,30,3,1,65,65440,2,2,0,3,SEPTEMBRE (RUE DU IV),43.22882,0.083084,14,2,2
202100031922,144Â 688,B01,1,1,1,1,2,0,-1,-1, -1,-1,2021,55.0,2,1,0,2,0,0,1,,3,985,0,,-1,2,0,1,0,0,1,, -1,2,0,1,50,28,6,2,92,92064,2,1,1,1,REPUBLIQUE,48.8492165466,2.2138296068,20,2,2
202100038668,132Â 519,A01,1,1,1,5,2,-1,-1,0,0,-1,2021,41.0,1,1,0,2,0,1,1,,2,40,-1,,1,2,0,4,47,12,4,, -1,2,0,1,80,24,5,1,201,201211,1,1,0,7,RT 40,41.783213,8.970707,13,4,2
202100043782,123Â 426,B01,4,2,1,5,1,8,-1,-1, -1,-1,2021,20.0,1,2,0,2,4,24,1,,4,SAINT MARCEL (BOULEVARD DE ),0,,2,2,0,1,(1),(1),1,, -1,1,0,1,30,16,4,5,13,13211,2,1,0,2,SAINT MARCEL (BOULEVARD DE ),43.287705,5.464738,23,5,2
202100001573,198Â 999,B01,1,1,1,0,8,-1,-1,-1, -1,-1,2021,65.0,3,1,0,2,0,0,0,,4,PART DIEU      (DE LA)             (R ),0,,1,1,2,1,(1),(1),1,, -1,1,0,5,30,23,12,1,69,69383,2,1,0,3,PART DIEU (DE LA) (R),45.75968,4.8495,11,2,2
202100054059,105Â 116,B01,1,1,2,1,1,8,-1,-1, -1,-1,2021,39.0,2,2,0,2,1,1,1,,4,MAURICE (RUE  JEAN-MARIE ),0,,2,2,0,1,(1),(1),1,, -1,2,0,1,50,21,1,5,56,56098,2,2,1,3,MAURICE (RUE  JEAN-MARIE ),47.75615,-3.34061,21,2,2
202100047783,116Â 339,A01,1,1,2,0,1,0,-1,-1, -1,-1,2021,36.0,1,2,0,2,1,1,1,,4,HONORE BARADAT,0,,2,2,0,1,0,0,1,, -1,1,0,1,30,16,3,1,64,64445,2,2,0,3,HONORE BARADAT,43.3054,-0.36108,7,2,2
202100006111,190Â 881,B01,1,1,2,5,2,0,-1,-1, -1,-1,2021,28.0,3,1,0,2,0,0,3,,3,BAS MARIN (R DU),0,,2,2,0,1,1,0,1,, -1,2,0,1,50,26,11,5,94,94054,2,2,1,3,Rue du Bas Marin,48.7496,2.38934,19,2,2
202100034174,140Â 666,A01,1,1,1,0,1,-1,-1,0,0,-1,2021,19.0,1,2,0,2,1,5,1,,3,603,-1,,2,2,0,1,33,900,1,, -1,1,9,3,80,16,6,1,77,77415,1,1,0,1,D603,48.951606,3.044243,16,3,2
202100024136,158Â 516,B01,2,2,2,0,1,5,-1,-1, -1,-1,2021,18.0,3,2,0,2,0,0,1,,4,ALBERT IER   RUE,0,,1,1,1,1,(1),(1),1,, -1,1,0,1,20,14,8,5,17,17300,2,2,0,3,ALBERT IER   RUE,46.166461,-1.150915,22,3,2
202100043981,123Â 068,A01,1,1,1,0,1,-1,-1,0,0,-1,2021,32.0,1,2,0,0,9,1,1,,3,83,-1,,3,4,0,1,33,400,1,, -1,1,0,3,110,15,4,1,68,68123,1,1,0,7,D83,48.009075,7.302668,14,1,1
202100017100,171Â 064,B01,1,1,1,9,2,8,-1,-1, -1,-1,2021,59.0,2,1,0,2,1,1,1,,4,SAVAR.(RUE JULIETTE),0,,2,2,0,1,0,1,1,, -1,1,0,1,50,23,9,1,94,94028,2,2,0,1,SAVAR.(RUE JULIETTE),48.78,2.4655,18,2,2
202100047782,116Â 341,B01,1,1,1,9,1,0,-1,-1, -1,-1,2021,49.0,1,2,0,2,4,1,1,,4,MASSANE (AVENUE DE LA),0,,-1,2,0,1,(1),(1),1,, -1,1,0,1,50,15,3,1,66,66136,2,1,0,2,MASSANE (AVENUE DE LA),42.69718,2.87245,17,2,2
202100035367,138Â 494,A01,10,3,2,0,0,-1,-1,2,3,1,2021,39.0,1,2,0,1,3,1,1,,2,135,-1,N,2,2,0,1,10,100,1,, -1,1,0,1,50,11,6,1,55,55519,2,1,0,6,44 Route Nationale,48.718058,5.277016,18,2,1
202100035634,138Â 022,A01,1,1,1,4,1,-1,-1,0,0,-1,2021,32.0,1,2,14,2,3,5,1,,7,301,-1,M,-1,2,0,1,3,950,3,, -1,1,5,1,70,8,6,1,67,67519,1,6,0,5,M301,48.668841,7.797858,17,5,3
202100046549,118Â 571,A01,1,1,1,0,1,0,-1,-1, -1,-1,2021,60.0,1,2,0,2,4,1,1,,1,A50-Sens Marseille vers Aubagne,0,,1,3,0,1,9,500,1,, -1,1,0,1,90,23,3,1,13,13211,1,1,0,4,A50-Sens Marseille vers Aubagne,43.28641,5.50841,18,5,4
202100020161,165Â 597,A01,1,1,1,5,2,6,-1,0,0,-1,2021,79.0,2,1,0,0,0,1,1,,3,262,-1,,2,2,0,1,22,851,1,, -1,1,0,3,80,15,8,1,17,17132,1,1,0,7,D262,46.223315,-0.73705,18,1,1
202100024201,158Â 413,B01,1,1,2,4,0,-1,-1,0,0,-1,2021,13.0,0,1,7,2,8,19,5,,4,,0,,2,2,0,2,(1),(1),1,,4,1,0,1,50,14,8,1,33,33214,1,1,1,3,Route du Baganais,45.001391,-1.180275,19,2,2
202100046772,118Â 166,A01,1,1,2,0,8,5,-1,-1, -1,-1,2021,20.0,1,0,0,2,3,1,0,,3,SIBIAN (AVENUE DE),0,,1,0,0,2,0,212,1,, -1,1,0,1,50,24,3,1,9,9122,2,1,0,3,SIBIAN (AVENUE DE),42.96536,1.59494,10,2,2
202100052278,108Â 261,A01,1,1,1,9,2,-1,-1,0,0,-1,2021,26.0,1,6,0,2,1,1,1,,3,,-1,,2,-1,0,1,(1),(1),1,, -1,1,0,1,-1,7,2,1,30,30155,2,2,0,3,Chemin de Saint Paul,43.816527,4.46679,13,2,2
202100023086,160Â 348,C01,1,1,2,0,1,0,-1,-1, -1,-1,2021,26.0,0,2,0,2,4,2,1,,4,JEAN PAUL SARTRE (AVENUE),0,,3,2,0,1,0,0,1,, -1,1,0,1,70,26,7,1,13,13213,2,1,0,4,JEAN PAUL SARTRE (AVENUE),43.3217159202,5.4174342946,8,3,3
202100003087,196Â 241,A01,10,3,1,0,0,-1,-1,3,3,1,2021,70.0,2,2,0,1,1,1,1,,3,COURSMOREAU,0,,2,2,0,2,0,490,1,, -1,1,0,1,50,12,12,5,71,71270,2,6,0,6,Rue de FlacÃ©,46.31034,4.8346,20,2,1
202100045620,120Â 189,A01,10,3,2,5,0,-1,-1,2,3,3,2021,7.0,2,5,0,1,1,1,2,,4,BOULEVARD DE CLICHY,0,,2,6,3,1,(1),(1),1,, -1,1,0,1,30,1,4,1,75,75109,2,1,0,6,BOULEVARD DE CLICHY,48.884136,2.32899,11,2,1
202100025547,156Â 008,A01,1,1,1,9,2,6,-1,0,0,-1,2021,56.0,1,1,0,0,0,0,1,,3,20,0,R,2,4,0,3,28,100,1,, -1,1,0,1,90,6,8,1,91,91226,1,1,0,7,Route Nationale 20,48.480194,2.192287,14,1,1
202100052014,108Â 734,A01,10,3,2,1,0,-1,-1,3,3,1,2021,33.0,1,2,0,1,1,15,1,,4,PRE BOTTE (DU),0,,1,1,0,1,(1),(1),1,, -1,1,6,1,50,9,2,1,35,35238,2,3,0,6,PRE BOTTE (DU),48.1093593328,-1.6792274524,14,2,1
202100032830,143Â 095,A01,1,1,1,1,2,8,-1,-1, -1,-1,2021,27.0,3,1,0,2,1,17,1,,4,,0,,3,2,0,1,(1),(1),3,, -1,1,0,1,50,20,6,4,85,85194,2,1,0,1,VENDEE GLOBE (BOULEVARD DU),46.50067,-1.75844,1,2,2
202100018433,168Â 678,A01,1,1,1,1,2,6,-1,-1, -1,-1,2021,34.0,1,1,8,0,7,1,1,,3,MARECHAL JUIN,0,,1,2,0,1,0,0,1,, -1,1,0,1,50,17,9,1,92,92064,2,1,0,6,MARECHAL JUIN,48.83896,2.22138,18,1,1
202100032632,143Â 435,A01,10,3,2,5,0,-1,-1,2,3,1,2021,88.0,1,2,0,1,4,20,0,,3,,-1,,1,2,0,1,21,228,1,, -1,2,0,1,50,19,6,1,33,33009,2,3,0,6,Rue Roger Expert,44.66248,-1.16975,18,2,1
202100010519,182Â 925,B01,1,1,2,5,2,8,-1,-1, -1,-1,2021,69.0,2,1,0,2,7,1,5,,3,162E,0,,2,2,0,1,1,840,1,, -1,1,0,1,70,26,10,1,56,56162,1,3,1,3,Lieu-Dit Kergohel,47.73366,-3.47692,16,2,2
202100018030,169Â 399,B01,1,1,1,9,2,0,-1,0,0,-1,2021,19.0,2,1,0,2,1,1,3,,4,RUE DE RIVOLI,0,,2,4,1,1,(1),(1),1,, -1,1,0,5,30,19,9,2,75,75101,2,3,0,1,RUE DE RIVOLI,48.8605034015,2.3421397805,18,2,2
202100021085,163Â 967,A01,1,1,1,5,2,0,-1,0,0,-1,2021,21.0,1,1,0,2,1,2,5,,4,BOULEVARD BARBES,0,,2,4,3,1,(1),(1),1,, -1,1,0,6,30,3,9,1,75,75118,2,2,0,2,BOULEVARD BARBES,48.886536,2.349555,7,2,2
202100021543,163Â 132,B01,1,1,1,2,2,-1,-1,0,0,-1,2021,21.0,2,1,0,2,1,15,1,,7,745,-1,D,1,1,1,1,(1),(1),1,, -1,1,0,1,30,1,9,1,67,67118,2,3,1,3,21 rue d'oberhausbergen,48.582069,7.687249,14,2,2
202100029738,148Â 634,A01,1,1,1,0,2,4,-1,-1, -1,-1,2021,55.0,3,1,0,2,7,19,0,,4,JULES GUESDE                        (PL),0,,1,1,2,1,(1),(1),1,, -1,2,4,6,50,8,7,1,69,69387,2,2,0,3,JULES GUESDE (PL),45.74668,4.83745,19,2,2
202100001672,198Â 810,C01,3,2,2,5,1,8,-1,-1, -1,-1,2021,12.0,1,2,0,2,4,0,1,,2,RN 104,0,,1,3,0,1,58,900,1,, -1,1,0,1,110,23,12,3,91,91363,1,1,0,4,RN 104,48.66105,2.18647,18,4,3
202100044181,122Â 701,B01,1,1,1,5,2,8,-1,-1, -1,-1,2021,30.0,2,1,0,2,1,1,1,,3,,0,,2,0,1,1,0,1,1,, -1,1,0,1,50,13,4,1,92,92049,2,5,0,3,MARNE AVENUE DE LA,48.8175101807,2.3080408573,14,2,2
202100003162,196Â 112,A01,1,1,1,1,2,6,-1,0,0,-1,2021,46.0,1,1,0,2,4,2,1,,4,VOIE GEORGES POMPIDOU,0,,1,2,0,1,(1),(1),1,, -1,1,0,1,30,13,12,5,75,75108,2,4,0,2,VOIE GEORGES POMPIDOU,48.865043,2.316108,20,2,2
202100009911,183Â 975,B01,1,1,1,5,2,0,-1,-1, -1,-1,2021,49.0,1,1,0,2,1,1,1,,4,,0,,2,2,0,2,(1),(1),1,, -1,2,0,1,50,1,11,1,25,25056,2,3,1,3,DANTON RUE,47.24638,6.056155,15,2,2
202100035721,137Â 862,B01,1,1,1,3,1,0,-1,-1, -1,-1,2021,56.0,1,2,0,2,8,1,1,,4,RUE ROGER CAMBOULIVES,0,,3,6,0,1,(1),(1),1,, -1,1,5,1,50,6,6,1,31,31555,2,1,0,3,RUE ROGER CAMBOULIVES,43.570352,1.385854,11,6,2
202100015907,173Â 238,A01,1,1,1,9,2,0,-1,-1, -1,-1,2021,64.0,1,1,0,2,1,26,5,,4,MEIGNANNE,0,,2,2,0,1,1,0,1,, -1,1,0,1,50,29,9,1,49,49007,2,1,0,2,MEIGNANNE,47.4786,-0.56973,19,2,2
202100033724,141Â 483,B01,1,1,1,5,2,-1,-1,0,0,-1,2021,64.0,2,1,0,2,1,13,5,,3,236,0,R,2,2,0,2,3,200,4,, -1,1,0,3,80,19,6,1,7,7129,1,1,0,1,D236,44.998538,4.566189,8,2,2
202100023293,159Â 978,B01,1,1,1,0,2,8,-1,-1, -1,-1,2021,31.0,3,1,0,2,3,0,1,,4,LAENNEC (RUE),0,,2,2,0,1,1,0,1,, -1,1,0,1,50,7,7,1,22,22106,2,1,0,3,LAENNEC (RUE),48.49391,-2.72625,14,2,2
202100046397,118Â 839,B01,1,1,1,0,2,6,-1,-1, -1,-1,2021,46.0,1,1,0,2,7,17,1,,3,JEAN LOLIVE (AVENUE)(1/55 2/60),0,,3,4,1,1,0,1,1,, -1,1,0,1,50,27,3,1,93,93055,2,1,0,3,JEAN LOLIVE (AVENUE)(1/55 2/60),48.89157,2.40498,15,2,2
202100009158,185Â 342,A01,1,1,1,5,2,-1,-1,0,0,-1,2021,73.0,1,0,2,0,0,0,3,,3,30,0,C,2,2,0,2,5,125,1,, -1,1,0,3,80,6,11,1,38,38395,1,1,0,7,D30c,45.369815,5.922575,16,1,1
202100033077,142Â 618,A01,10,3,1,1,0,-1,-1,2,3,1,2021,28.0,1,1,0,1,1,1,1,,4,AVENUE DE FLANDRE,0,,3,2,0,1,(1),(1),1,, -1,1,0,1,50,21,6,1,75,75119,2,1,0,6,AVENUE DE FLANDRE,48.892031,2.378761,11,2,1
202100054602,104Â 182,A01,1,1,1,2,8,0,-1,0,0,-1,2021,19.0,1,1,0,1,1,1,5,,4,BOULEVARD DE MENILMONTANT,0,,1,1,1,1,(1),(1),1,, -1,1,-1,5,30,18,1,2,75,75120,2,1,0,6,BOULEVARD DE MENILMONTANT,48.866366,2.383667,17,2,1
202100015170,174Â 592,B01,1,1,1,4,1,-1,-1,0,0,-1,2021,51.0,1,4,0,2,6,2,1,,3,652,0,,2,2,0,1,61,(1),1,, -1,2,0,1,80,5,10,1,40,40266,1,1,1,2,RD 652,44.091353,-1.231627,10,2,2
202100047741,116Â 414,Y01,1,1,1,0,8,0,-1,-1, -1,-1,2021,5.0,3,1,0,0,0,0,5,,4,KING MARTIN-LUTHER RUE ET SQUARE,0,,2,2,0,1,1,0,1,, -1,1,0,1,50,8,2,1,49,49007,2,1,0,3,KING MARTIN-LUTHER RUE ET SQUARE,47.45041,-0.56258,17,2,2
202100003876,194Â 823,A01,1,1,1,1,2,6,-1,0,0,-1,2021,21.0,2,1,0,2,1,1,1,,3,42,0,D,2,2,0,1,10,400,1,, -1,2,0,1,50,9,12,2,62,62323,2,1,1,3,60 Rue d Arras,50.301297,2.862757,8,3,2
202100003701,195Â 137,A01,1,1,2,0,2,0,-1,-1, -1,-1,2021,15.0,2,1,0,2,1,2,1,,3,GAMBETTA SQUARE -IMPAIR-,0,,1,2,0,1,(1),(1),1,, -1,2,6,1,50,8,12,1,11,11069,2,1,1,2,GAMBETTA SQUARE -IMPAIR-,43.21175,2.35753,16,3,2
202100012730,178Â 964,B01,2,2,2,5,6,2,-1,0,0,-1,2021,67.0,1,1,0,2,1,1,1,,3,55,-1,,2,2,0,1,22,800,3,, -1,1,0,1,-1,17,10,3,83,83041,1,1,0,1,D55,43.597895,6.546736,19,3,2
202100019665,166Â 497,A01,10,3,1,2,0,-1,-1,3,5,1,2021,13.0,2,2,0,1,2,1,1,,4,DE GAULLE ( AV. GENERAL ),0,,2,2,0,1,(1),(1),1,, -1,1,5,1,50,9,9,1,56,56098,2,2,0,6,Rue Jules Guesde,47.76222,-3.33742,13,2,1
202100053744,105Â 671,A01,3,2,1,5,8,0,-1,0,0,-1,2021,2.0,2,3,0,0,0,7,1,3.0,4,AVENUE GAMBETTA,0,,2,3,3,2,(1),(1),1,, -1,1,-1,6,50,25,1,1,75,75120,2,3,0,7,AVENUE GAMBETTA,48.86468,2.394555,17,3,1
202100006058,190Â 971,B01,1,1,1,0,1,-1,-1,0,0,-1,2021,20.0,0,2,0,2,3,0,1,,4,,-1,,2,2,0,2,(1),(1),4,,5,1,0,1,70,27,11,3,69,69297,1,1,0,1,Rue des Cites,45.596444,4.796852,18,3,2
202100056373,101Â 137,B01,1,1,1,1,8,-1,-1,0,0,-1,2021,28.0,0,1,0,2,7,19,3,,9,,-1,,2,2,0,1,(1),(1),1,, -1,2,5,1,30,4,1,5,84,84092,2,1,0,3,41 Avenue ThÃ©ophile Delorme,43.963764,4.858234,19,2,2
202100033882,141Â 199,B01,1,1,2,5,2,0,-1,0,0,-1,2021,22.0,2,1,0,2,1,2,3,,4,RUE DE CONSTANTINE,0,,2,4,0,1,(1),(1),1,, -1,1,0,1,50,16,6,5,75,75107,2,2,0,2,RUE DE CONSTANTINE,48.860965,2.314983,23,2,2
202100026966,153Â 508,B01,1,1,2,0,1,0,-1,-1, -1,-1,2021,45.0,0,2,0,2,8,1,1,,4,GAMBETTA AVENUE,0,,2,3,0,1,1,0,1,, -1,1,0,1,50,25,7,1,93,93046,2,9,0,3,Avenue Gambetta,48.918415,2.521146,18,3,2
202100031368,145Â 676,B01,1,1,2,5,1,-1,-1,0,0,-1,2021,32.0,2,2,0,2,3,1,1,,3,111,0,,2,2,0,2,18,650,1,,7,1,0,1,80,2,7,1,26,26125,1,1,0,1,Route de Montoison,44.760272,4.957875,18,3,2
202100019710,166Â 411,A01,1,1,1,0,1,0,-1,-1, -1,-1,2021,42.0,1,2,0,2,3,26,1,,3,NECKARBISCHOFSHEIM (CD),0,,2,2,0,2,(1),(1),1,, -1,1,2,8,50,9,9,3,10,10081,1,1,0,5,NECKARBISCHOFSHEIM (CD),48.30844,4.02216,21,5,3
202100006257,190Â 613,A01,2,2,2,0,1,-1,-1,-1, -1,-1,2021,19.0,3,2,0,2,2,1,1,,4,QUAI LOUIS XVIII,0,,3,4,0,1,(1),(1),1,, -1,1,5,1,50,13,11,5,33,33063,2,3,0,3,Quai Louis XVIII,44.84334,-0.57022,5,9,2
202100030793,146Â 721,A01,1,1,1,4,2,8,-1,-1, -1,-1,2021,20.0,2,1,0,2,1,1,3,,3,448,0,,2,2,0,1,0,0,1,, -1,2,0,1,50,29,6,2,91,91657,2,2,1,3,AV HENRI BARBUSSE,48.70193,2.42603,21,2,2
202100048203,115Â 593,A01,1,1,1,5,2,-1,-1,0,0,-1,2021,16.0,1,1,0,2,2,15,1,,3,248,-1,,2,2,0,1,1,(1),3,, -1,1,0,1,50,13,3,1,14,14737,2,3,0,3,Place de lâEglise,48.91682,-0.17944,17,2,2
202100002983,196Â 443,A01,10,3,1,0,0,-1,-1,5,2,1,2021,28.0,3,2,0,1,3,9,1,,4,,0,,1,1,1,2,1,0,1,, -1,1,0,5,30,14,12,2,92,92073,2,1,0,6,TUILERIE (RUE DE LA),48.862442,2.214934,7,3,2
202100022807,160Â 839,A01,1,1,1,1,2,6,-1,-1, -1,-1,2021,21.0,3,1,0,2,1,18,1,,6,ANTIBES (AVENUE D'),0,,-1,-1,0,1,(1),(1),1,, -1,1,0,1,30,23,8,1,45,45004,2,9,0,3,Parking Leclerc,47.9771104438,2.7323727113,8,2,2