Num_Acc,id_vehicule,num_veh,place,catu,sexe,trajet,secu1,secu2,secu3,locp,actp,etatp,year_acc,victim_age,senc,catv,obs,obsm,choc,manv,motor,occutc,catr,voie,v1,v2,circ,nbv,vosp,prof,pr,pr1,plan,lartpc,larrout,surf,infra,situ,vma,jour,mois,lum,dep,com,agg_,int,atm,col,adr,lat,long,hour,nb_victim,nb_vehicules
202100032564,143Â 563,A01,2,2,1,5,1,-1,-1,0,0,-1,2021,19.0,1,2,0,2,3,13,1,,3,RD 60,-1,,2,2,0,2,56,390,3,, -1,1,0,1,80,25,6,1,39,39397,1,1,0,1,,46.502645,5.655572,6,4,2
202100047464,116Â 924,A01,1,1,2,9,1,0,-1,-1, -1,-1,2021,23.0,1,2,3,0,3,1,1,,1,AUTOROUTE A15,0,,3,8,0,1,5,599,1,, -1,2,2,1,110,19,3,3,92,92036,1,1,1,6,AUTOROUTE A15,48.94648,2.28279,3,1,1
202100029146,149Â 648,A01,1,1,2,5,8,-1,-1,0,0,-1,2021,21.0,2,2,0,0,1,13,1,,3,RD5 ANTOINE DE ST EXUPERY,0,,2,2,0,2,13,300,1,, -1,2,0,3,90,12,7,1,12,12013,1,1,1,7,RD5 ANTOINE DE ST EXUPERY,44.513042,2.244437,19,1,1
202100027859,151Â 922,A01,1,1,2,0,1,0,-1,-1, -1,-1,2021,25.0,2,2,0,2,4,1,1,,1,A507 sens Aubagne- Marseille,0,,3,2,0,2,4,280,2,, -1,1,0,1,70,21,7,1,13,13055,1,1,0,2,A507 sens Aubagne- Marseille,43.32686,5.42002,12,2,2
202100003982,194Â 633,B01,1,1,1,1,2,6,-1,-1, -1,-1,2021,31.0,1,1,0,2,2,1,1,,3,AV ARISTIDE BRIAND,0,,3,3,0,3,0,0,1,, -1,1,0,1,50,8,12,2,91,91027,2,1,0,2,AV ARISTIDE BRIAND,48.70592,2.38583,17,2,2
202100055363,102Â 879,A01,1,1,1,4,8,0,-1,0,0,-1,2021,25.0,1,1,0,0,0,1,5,,4,RUE DU CLOITRE SAINT MERRI,0,,2,0,3,1,(1),(1),1,, -1,1,6,1,15,11,1,5,75,75104,2,1,0,7,RUE DU CLOITRE SAINT MERRI,48.85926,2.350832,19,1,1
202100016699,171Â 777,A01,1,1,1,1,2,9,-1,0,0,-1,2021,24.0,1,1,0,0,0,17,1,,3,116,0,D,2,2,0,2,0,700,1,, -1,9,0,1,80,24,9,1,47,47165,1,1,0,7,D116,44.524286,0.021361,18,1,1
202100039070,131Â 801,B01,1,1,1,1,2,8,-1,-1, -1,-1,2021,39.0,3,1,0,2,4,16,1,,3,GRAND VAUX (RUE),0,,1,2,0,2,0,0,3,, -1,1,0,1,50,20,5,5,91,91216,2,4,0,2,GRAND VAUX (RUE),48.674401,2.334768,21,2,2
202100054063,105Â 110,A01,10,3,2,2,0,-1,-1,3,3,1,2021,20.0,2,2,0,1,3,1,1,,4,PATTON (RUE GENERAL GEORGES),0,,-1,2,0,1,(1),(1),1,, -1,2,0,1,30,22,1,2,51,51454,2,1,1,7,Rue GÃ©nÃ©ral Georges Patton,49.2500971819,4.0565804889,8,2,1
202100006229,190Â 669,A01,1,1,2,1,2,6,-1,-1, -1,-1,2021,51.0,1,1,0,2,1,17,1,,4,LIBERATION (RUE DE LA),0,,2,0,0,1,0,1,1,, -1,1,0,1,50,23,11,1,74,74133,2,2,0,3,LIBERATION (RUE DE LA),46.19055,6.21141,9,2,2
202100006633,189Â 934,B01,2,2,2,0,1,-1,-1,-1, -1,-1,2021,36.0,1,2,0,2,1,1,1,,3,FUMECON (LIEU-DIT),0,,-1,2,0,1,36,1050,3,, -1,1,0,1,90,23,11,1,61,61466,1,1,0,5,FUMECON (LIEU-DIT),48.73619,-0.54099,15,4,3
202100037627,134Â 401,B01,1,1,1,5,2,0,-1,-1, -1,-1,2021,22.0,1,1,0,2,1,2,1,,3,APPEL DU DIX HUIT JUIN 1940 (PONT DE L),0,,1,1,0,2,0,1,1,, -1,1,2,1,50,29,5,1,94,94022,2,1,0,2,Pont de l'Appel du 18 juin 1940,48.76685,2.41418,15,2,2
202100004430,193Â 844,B01,1,1,1,0,1,0,-1,-1, -1,-1,2021,27.0,2,1,1,2,4,0,1,,3,909,0,,-1,2,0,1,0,0,1,, -1,1,0,1,50,3,12,5,92,92004,2,1,0,3,Avenue dâArgenteuil,48.9175875873,2.2816693783,21,2,2
202100038670,132Â 517,B01,1,1,1,5,1,-1,-1,0,0,-1,2021,33.0,1,2,0,2,1,1,1,,3,24,0,,2,2,0,1,42,360,2,0,"5,2",2,0,1,70,24,5,1,16,16150,1,1,1,6,Ld La Perdrasse,45.654951,-0.292605,17,2,2
202100043713,123Â 557,A01,1,1,1,5,2,-1,-1,0,0,-1,2021,19.0,3,1,0,2,1,1,1,,4,,-1,,2,2,0,1,(1),(1),2,, -1,1,0,1,50,15,4,1,40,40184,2,2,0,3,Route Noire,44.208,-1.234637,15,2,2
202100006577,190Â 041,A01,1,1,1,3,1,5,-1,-1, -1,-1,2021,47.0,2,2,0,2,8,26,1,,3,OCEANIE (AVENUE DE L'),0,,1,2,0,1,0,0,1,, -1,2,0,1,70,21,11,1,91,91692,1,1,1,4,OCEANIE (AVENUE DE L'),48.67992,2.20072,12,4,3
202100046852,118Â 031,B01,1,1,1,1,2,4,6,0,0,-1,2021,58.0,1,1,0,2,3,21,5,,3,,-1,,2,2,0,1,22,212,2,, -1,1,0,1,50,10,3,2,85,85092,2,6,0,3,Rond point de l'Europe,46.467416,-0.82508,7,2,2
202100028772,150Â 297,A01,1,1,1,5,2,6,-1,0,0,-1,2021,26.0,2,1,12,0,1,1,1,,3,100,0,,2,1,0,1,32,500,1,,3,1,0,1,80,16,7,2,44,44103,1,6,0,7,D100,47.307492,-2.15185,22,1,1
202100029138,149Â 668,B01,1,1,1,4,1,-1,-1,-1, -1,-1,2021,38.0,1,2,0,2,1,1,1,,4,RUE DE TREMEUGE,0,,2,2,0,1,(1),(1),1,, -1,1,0,1,50,13,7,1,33,33522,2,2,0,3,Rue de Tremeuge,44.80293,-0.58935,9,2,2
202100036073,137Â 205,B01,1,1,1,5,2,6,-1,-1, -1,-1,2021,54.0,2,1,0,2,8,1,5,,4,ESPELUCHE (Route d'),0,,2,2,0,1,(1),(1),3,, -1,1,0,1,50,6,6,1,26,26198,2,1,0,3,Boulevard de lâEurope,44.548663,4.756715,10,2,2
202100022361,161Â 678,A01,4,2,1,5,8,-1,-1,0,0,-1,2021,19.0,1,4,0,0,0,1,1,,3,257,-1,,2,2,0,1,5,500,1,, -1,1,0,1,80,28,8,1,52,52288,1,1,0,7,D257,48.435113,5.365427,9,2,1
202100011527,181Â 113,A01,1,1,1,0,2,6,-1,-1, -1,-1,2021,19.0,1,1,0,2,7,17,1,,4,PAUL BERT                           (R ),0,,1,1,0,1,(1),(1),1,, -1,1,0,1,50,22,10,5,69,69383,2,1,0,3,PAUL BERT (R),45.75679,4.84947,23,2,2
202100014918,175Â 050,B01,1,1,1,5,2,-1,-1,0,0,-1,2021,15.0,2,1,0,2,9,1,1,,4,,-1,,2,2,0,1,(1),(1),1,,4,1,0,1,50,6,10,1,62,62128,2,4,0,3,Rue Parmentier,50.311032,2.936993,16,2,2
202100018468,168Â 620,B01,2,2,2,5,2,-1,-1,0,0,-1,2021,33.0,1,1,0,2,1,1,1,,3,,-1,,2,2,0,1,17,55,1,,5,1,0,1,-1,17,9,1,43,43087,2,2,0,3,12 Rue de Rochefoy,45.212229,4.345533,15,3,2
202100006476,190Â 225,A01,1,1,1,0,2,6,-1,-1, -1,-1,2021,28.0,2,1,15,0,0,1,1,,3,PARMENTIER (PL),0,,1,1,0,2,1,0,1,, -1,1,0,1,50,24,11,5,94,94041,2,1,0,6,Place Parmentier,48.8111,2.38344,1,1,1
202100050900,110Â 696,A01,1,1,2,2,1,-1,-1,-1, -1,-1,2021,19.0,1,2,0,2,1,17,1,,7,RD32,0,,2,2,0,2,3,44,1,, -1,1,0,1,80,19,2,1,35,35051,1,1,0,1,RD32,48.096843,-1.563085,16,2,2
202100007119,189Â 042,A01,10,3,2,5,0,-1,-1,9,B,1,2021,81.0,1,5,0,1,1,1,1,,3,REINE (ROUTE DE LA) 39/107 BIS,0,,2,4,0,1,0,0,1,, -1,1,0,8,50,19,11,5,92,92012,2,1,0,6,REINE (ROUTE DE LA) 39/107 BIS,48.8392,2.24563,19,2,1
202100038506,132Â 814,A01,10,3,2,5,0,-1,-1,4,3,2,2021,4.0,1,1,0,1,7,0,1,,4,VIVIANI                             (AV),0,,3,2,1,1,(1),(1),2,, -1,1,0,8,50,24,5,1,69,69259,2,2,0,6,VIVIANI                             (AV),45.72673,4.86252,18,2,1
202100002470,197Â 358,D01,1,1,1,0,2,6,-1,-1, -1,-1,2021,52.0,1,1,0,2,4,1,1,,2,PARIS (R DE),0,,3,4,0,1,1,0,1,, -1,1,0,1,50,17,12,5,94,94078,2,1,0,6,PARIS (R DE),48.75472,2.4445,0,5,4
202100014256,176Â 209,A01,1,1,2,1,1,-1,-1,0,0,-1,2021,45.0,1,2,2,0,1,0,1,,3,137,-1,,2,2,0,1,(1),(1),1,, -1,1,0,8,90,10,10,2,3,3275,1,3,1,6,intersection D137 / D34,46.513544,3.229964,6,1,1
202100033980,141Â 019,C01,1,1,1,0,8,0,-1,-1, -1,-1,2021,47.0,1,2,0,2,1,26,1,,1,A13Y,0,,1,3,0,1,38,500,1,, -1,1,0,1,130,16,6,1,78,78029,1,1,0,4,A13Y,48.965114,1.84777,15,3,3
202100051709,109Â 264,A01,1,1,1,1,2,0,-1,0,0,-1,2021,22.0,2,0,0,2,1,1,3,,4,RUE DU FAUBOURG SAINT MARTIN,0,,2,2,0,1,(1),(1),1,, -1,1,0,1,50,12,2,1,75,75110,2,3,0,2,RUE DU FAUBOURG SAINT MARTIN,48.880416,2.364299,10,2,2
202100050206,111Â 972,A01,1,1,2,5,2,0,-1,-1, -1,-1,2021,56.0,2,1,0,2,4,26,1,,4,PASSAU RUE DE,0,,1,2,0,1,(1),(1),1,, -1,1,0,1,50,23,2,1,6,6027,2,3,0,2,PASSAU RUE DE,43.66392,7.1524,9,2,2
202100002354,197Â 573,B01,1,1,1,0,1,0,-1,-1, -1,-1,2021,25.0,1,2,0,2,4,1,1,,1,A4,0,,3,4,0,1,14,0,1,, -1,1,0,1,110,18,12,3,93,93051,1,1,0,6,A4,48.8355,2.5644,2,2,2
202100007840,187Â 724,B01,1,1,1,0,8,0,-1,-1, -1,-1,2021,49.0,1,1,0,2,1,1,0,,4,VOLTAIRE (RUE),0,,2,2,0,1,(1),(1),1,, -1,1,5,1,50,15,11,1,10,10387,2,3,0,3,VOLTAIRE (RUE),48.2948,4.0641,12,2,2
202100034844,139Â 427,A01,1,1,1,5,2,6,9,0,0,-1,2021,22.0,1,1,5,0,1,13,1,,3,41,-1,,2,2,0,2,12,105,3,, -1,1,0,3,80,13,6,1,29,29062,1,1,0,6,Lieu Dit Ti Ar Prat,48.158485,-3.926829,16,1,1
202100024838,157Â 257,A01,1,1,1,1,1,-1,-1,-1,0,-1,2021,47.0,1,2,4,0,1,1,1,,1,AUTOROUTE A115,0,,1,2,0,1,10,899,2,, -1,2,0,1,70,10,8,1,95,95394,1,1,1,6,A115,49.05018,2.18409,7,1,1
202100006655,189Â 893,A01,1,1,1,0,2,8,-1,-1, -1,-1,2021,20.0,0,1,0,2,3,17,1,,4,THINAT (PONT RENE),0,,2,4,0,1,1,0,1,, -1,1,2,1,70,23,11,5,45,45286,2,9,0,1,THINAT (PONT RENE),47.89417,1.92167,18,2,2
202100034464,140Â 126,B01,1,1,1,4,1,-1,-1,0,0,-1,2021,40.0,1,2,0,2,1,1,1,,3,612,-1,,2,2,0,1,71,134,1,, -1,1,0,1,90,14,6,1,81,81079,1,1,0,1,D612 PK071+100,43.830657,2.191322,17,2,2
202100038773,132Â 309,A01,1,1,1,9,2,0,-1,0,0,-1,2021,48.0,1,1,0,1,3,9,3,,4,BOULEVARD DE CHARONNE,0,,2,4,1,1,(1),(1),1,, -1,2,0,1,50,22,5,1,75,75120,2,1,0,6,BOULEVARD DE CHARONNE,48.852242,2.397794,15,2,1
202100030480,147Â 288,B01,1,1,2,5,0,-1,-1,0,0,-1,2021,16.0,1,0,0,2,1,25,3,,3,19,-1,,2,2,1,1,(1),(1),1,,4,2,0,4,50,6,7,1,68,68375,2,3,1,3,75 Rue de Reiningue,47.797471,7.23182,16,2,2
202100038635,132Â 578,B01,1,1,1,0,2,6,-1,-1, -1,-1,2021,62.0,0,1,0,2,8,1,1,,4,PERRIN (RUE JEAN),0,,2,2,0,1,0,0,1,, -1,1,0,1,50,23,5,1,30,30007,2,6,0,3,PERRIN (RUE JEAN),44.14584,4.10095,14,2,2
202100036303,136Â 796,A01,3,2,1,5,1,-1,-1,0,0,-1,2021,10.0,2,2,0,0,9,1,1,,3,7,-1,,2,2,0,2,8,700,1,, -1,1,0,1,80,6,6,1,87,87152,1,1,1,6,senelas,45.979067,1.225367,16,5,1
202100022259,161Â 853,A01,1,1,2,1,1,0,-1,-1, -1,-1,2021,25.0,1,2,0,2,2,15,1,,4,MADELEINE,0,,2,2,0,1,1,0,1,, -1,1,0,1,30,27,8,1,49,49007,2,1,0,3,MADELEINE,47.46006,-0.53725,8,2,2
202100045277,120Â 789,A01,1,1,2,0,1,-1,-1,0,0,-1,2021,20.0,1,2,13,0,1,1,1,,3,174,-1,E,2,2,0,2,1,480,2,, -1,1,0,1,90,2,4,1,19,19241,1,1,0,6,route dÃ©partementale 174E4,45.7135447468,2.0776532691,15,1,1
202100002461,197Â 374,A01,1,1,1,1,8,0,-1,0,0,-1,2021,43.0,3,1,0,2,1,1,5,,4,AVENUE DAVID WEILL,0,,2,2,1,1,(1),(1),1,, -1,1,-1,5,30,17,12,1,75,75114,2,2,0,6,AVENUE DAVID WEILL,48.821209,2.334299,9,3,2
202100030975,146Â 379,A01,1,1,2,0,1,0,-1,-1, -1,-1,2021,48.0,2,2,0,2,1,2,1,,1,AUTOROUTE A86,0,,3,10,0,1,14,399,1,, -1,1,0,1,90,3,7,1,93,93066,1,1,0,4,AUTOROUTE A86,48.92191,2.36663,19,4,3
202100012166,179Â 976,B01,1,1,2,0,8,-1,-1,-1, -1,-1,2021,30.0,2,1,1,0,0,17,3,,4,CHALLEMEL LACOUR                    (R ),0,,2,3,2,1,(1),(1),1,, -1,1,0,1,50,19,10,1,69,69388,2,2,0,6,CHALLEMEL LACOUR (R),45.7297926571,4.8536422849,17,2,2
202100033190,142Â 436,A01,1,1,1,5,2,6,-1,-1, -1,-1,2021,45.0,2,1,0,2,1,1,1,,4,PAUL (RUE MARCEL),0,,2,2,0,1,(1),(1),1,, -1,2,0,1,50,19,6,1,45,45302,2,3,1,3,Rue Marcel Paul,47.94793,1.90861,17,2,2
202100041189,127Â 974,A01,1,1,1,1,2,6,-1,0,0,-1,2021,59.0,1,1,0,2,1,9,1,,4,1,0,A,2,2,0,1,0,400,3,, -1,1,0,1,50,5,5,5,38,38034,2,1,0,1,Chemin du Pouloux,45.332313,5.060408,21,2,2
202100000386,201Â 015,A01,3,2,2,5,1,-1,-1,-1, -1,-1,2021,20.0,0,2,13,0,9,1,1,,4,,-1,,2,2,-1,1,(1),(1),3,, -1,1,0,1,70,22,8,3,33,33279,1,1,0,6,Route de Larame,44.523107,-0.253805,2,4,1
202100013088,178Â 347,A01,1,1,1,0,2,-1,-1,-1, -1,-1,2021,28.0,2,1,6,2,1,17,1,,4,RUE ARISTIDE BERGES,0,,2,2,0,1,(1),(1),1,, -1,1,0,1,50,15,10,1,33,33167,2,1,0,3,Rue Aristide BergÃ¨s,44.82116,-0.53015,12,2,2
202100036327,136Â 757,A01,1,1,1,5,2,6,-1,0,0,-1,2021,25.0,1,1,0,2,1,17,1,,3,RD927,0,A,2,2,0,2,22,484,1,, -1,1,0,1,80,6,6,1,60,60030,1,1,0,2,D927,49.3653283514,2.1062993673,17,3,2
202100006042,190Â 994,B01,2,2,1,5,1,-1,-1,0,0,-1,2021,70.0,1,2,0,2,8,1,1,,3,18,0,D,2,2,0,2,28,705,1,, -1,1,0,1,90,28,11,1,16,16200,1,2,0,3,route de mansle,45.857933,0.165364,11,3,2
202100051849,109Â 024,A01,1,1,1,0,1,-1,-1,0,0,-1,2021,72.0,1,2,0,2,1,13,1,,3,981,-1,,2,2,0,1,27,500,1,, -1,1,0,1,90,11,2,2,21,21362,1,1,0,1,RD 981,47.233339,4.568295,17,4,2
202100038860,132Â 167,A01,1,1,1,5,1,-1,-1,-1, -1,-1,2021,31.0,1,2,13,0,1,1,1,,1,A515CD-Gardanne vers A51-Marseille,0,,1,2,0,3,0,500,2,, -1,2,0,1,90,22,5,3,13,13015,1,1,1,7,A515CD-Gardanne vers A51-Marseille,43.43054,5.39077,1,2,1
202100009082,185Â 472,B01,1,1,1,3,2,8,-1,-1, -1,-1,2021,49.0,2,1,0,2,7,2,1,,3,,0,,2,2,1,1,19,100,1,, -1,1,0,1,50,5,11,5,71,71270,2,3,0,3,Rue de SancÃ©,46.3168773246,4.8330379906,18,2,2
202100005096,192Â 664,A01,1,1,1,4,2,6,-1,0,0,-1,2021,23.0,1,1,0,0,0,21,1,,4,PLACE GENERAL CATROUX,0,,2,2,0,1,(1),(1),1,, -1,1,0,1,30,30,11,5,75,75117,2,4,0,7,PLACE GENERAL CATROUX,48.883031,2.310498,20,1,1
202100050138,112Â 105,C01,1,1,1,5,1,0,-1,-1, -1,-1,2021,51.0,1,2,0,2,4,1,1,,1,A13,0,,3,4,0,1,21,500,1,, -1,1,0,1,110,25,2,1,78,78133,1,1,0,4,A13,48.891901,2.009014,15,7,4
202100018544,168Â 487,B01,1,1,1,9,1,8,-1,0,0,-1,2021,65.0,1,2,0,2,1,26,1,,3,BUXY (ROUTE DE ),0,,2,2,0,1,32,590,1,, -1,1,0,1,80,15,9,1,71,71475,1,1,0,1,Route de Buxy,46.7500472167,4.8186023694,15,3,2
202100013396,177Â 786,A01,10,3,2,5,0,-1,-1,1,A,1,2021,48.0,1,4,0,1,8,15,1,,3,PAUL VAILLANT COUTURIER (AV),0,,2,2,0,2,0,0,1,, -1,1,0,1,50,13,10,1,94,94003,2,1,0,6,PAUL VAILLANT COUTURIER (AV),48.79863,2.34587,15,2,1
202100026343,154Â 606,A01,10,3,1,9,0,-1,-1,9,2,2,2021,54.0,1,2,0,1,1,26,1,,6,DUCATTE (PLACE EMILE),0,,-1,-1,0,1,0,0,1,, -1,1,0,1,30,30,7,1,93,93077,2,1,0,6,Parking Place Emile Ducate,48.88408,2.51065,15,3,1
202100047919,116Â 079,A01,1,1,2,5,1,0,-1,-1, -1,-1,2021,38.0,2,2,6,0,2,14,1,,4,VIGNES DES,0,,2,2,0,1,0,0,1,, -1,2,0,1,50,15,3,1,64,64348,2,3,0,7,VIGNES DES,43.31432,-0.40835,7,1,1
202100009140,185Â 372,A01,2,2,2,5,1,-1,-1,0,0,-1,2021,32.0,2,2,0,2,1,2,1,,2,176,-1,,3,2,0,1,4,550,1,, -1,1,0,1,110,6,11,1,22,22213,1,1,0,2,ROUTE NATIONALE,48.528951,-2.02996,14,5,2
202100018797,168Â 043,A01,1,1,1,1,2,0,-1,0,0,-1,2021,32.0,1,1,0,1,1,1,3,,4,RUE DE LA CHAPELLE,0,,2,4,1,1,(1),(1),1,, -1,1,0,5,30,15,9,5,75,75118,2,4,0,6,RUE DE LA CHAPELLE,48.890822,2.35992,21,2,1
202100052131,108Â 527,A01,10,3,2,5,0,-1,-1,0,0,-1,2021,43.0,1,2,0,1,1,1,1,,4,GAMBETTA (PLACE),0,,2,2,0,1,1,0,1,, -1,2,0,1,50,6,2,2,14,14118,2,1,1,6,Place Gambetta,49.17979,-0.36438,15,2,1
202100051221,110Â 120,A01,1,1,1,9,0,-1,-1,0,0,-1,2021,80.0,0,6,0,0,0,0,1,,4,,-1,,2,1,0,1,(1),(1),3,, -1,1,0,8,50,17,2,2,46,46033,2,1,0,7,"La RiviÃ¨re, Le Boulve",44.4198820151,1.1520626158,19,1,1
202100014469,175Â 840,A01,1,1,1,5,2,6,-1,0,0,-1,2021,34.0,2,1,0,0,9,1,1,,3,80,-1,,2,2,0,2,22,0,3,, -1,9,0,1,30,29,7,1,202,202046,2,1,0,7,Porticciolo,42.871358,9.477985,17,1,1
202100033283,142Â 279,A01,2,2,1,5,2,0,-1,-1, -1,-1,2021,26.0,1,1,0,2,1,10,1,,1,A55-Sens Marseille vers Martigues,0,,1,2,0,3,2,700,2,, -1,1,2,1,50,20,6,5,13,13202,1,9,0,1,A55-Sens Marseille vers Martigues,43.31092,5.36842,2,3,2
202100038615,132Â 614,A01,1,1,2,0,1,8,-1,-1, -1,-1,2021,35.0,1,2,4,0,1,21,1,,7,Rond point de l'UniversitÃ©,0,,1,2,0,1,1,250,2,, -1,1,9,1,50,22,5,1,83,83144,2,9,0,6,Rond point de l'UniversitÃ©,43.13817,6.01744,15,1,1
202100019401,166Â 951,B01,2,2,1,1,1,-1,-1,0,0,-1,2021,55.0,2,2,0,2,3,1,1,,3,1029,-1,,2,2,0,1,10,(1),1,, -1,1,0,1,-1,13,9,3,80,80273,1,1,0,1,D1029,49.781971,1.918906,3,3,2
202100002680,196Â 986,A01,1,1,1,2,2,-1,-1,0,0,-1,2021,14.0,3,1,0,2,1,0,1,,3,922,-1,,2,2,0,1,43,945,1,, -1,2,0,1,80,17,12,2,41,41280,1,1,0,3,Route de Romorantin,47.317319,1.761321,7,2,2
202100009532,184Â 673,A01,1,1,1,1,1,-1,-1,0,0,-1,2021,22.0,3,2,3,2,7,13,1,,7,6,0,D,3,2,0,1,0,0,1,, -1,1,0,1,110,5,11,2,13,13015,1,1,0,3,D6,43.446298,5.441548,7,2,2
202100017338,170Â 658,A01,1,1,1,0,2,-1,-1,0,0,-1,2021,27.0,2,1,0,2,3,13,1,,3,115,0,D,2,2,0,2,21,0,3,, -1,1,0,1,80,23,9,1,60,60143,1,1,0,3,,49.276261,1.909261,13,2,2
202100010317,183Â 265,A01,1,1,2,5,2,8,-1,-1, -1,-1,2021,16.0,0,1,0,2,1,1,1,,4,MICHEL (RUE LOUISE),0,,2,2,0,4,(1),(1),1,, -1,1,0,1,50,28,10,5,37,37261,2,3,0,3,MICHEL (RUE LOUISE),47.4103946447,0.7066217521,23,2,2
202100015381,174Â 215,B01,1,1,1,5,2,6,9,0,0,-1,2021,23.0,1,1,0,2,7,9,1,,3,42,0,D,2,2,0,2,12,500,3,, -1,1,9,1,50,4,10,1,62,62042,2,6,0,3,Rue de Fampoux,50.303571,2.837048,12,2,2
202100053334,106Â 387,A01,10,3,2,5,0,-1,-1,3,3,1,2021,60.0,2,2,0,1,1,1,1,,4,GIRAUDOUX (RUE JEAN),0,,2,2,0,2,(1),(1),1,, -1,2,5,1,50,28,1,5,37,37261,2,2,1,6,GIRAUDOUX (RUE JEAN),47.4122138658,0.7113710493,18,2,1
202100004045,194Â 514,B01,1,1,1,1,2,0,-1,-1, -1,-1,2021,17.0,1,1,0,2,1,1,1,,4,BIRGE BOULEVARD,0,,2,2,0,1,1,0,1,, -1,1,0,1,50,8,12,1,49,49007,2,1,0,3,BIRGE BOULEVARD,47.4713,-0.51901,8,2,2
202100003455,195Â 579,B01,1,1,1,5,1,0,-1,-1, -1,-1,2021,42.0,3,2,0,2,3,1,1,,4,CENTRE,0,,1,3,0,1,0,0,1,, -1,2,8,1,50,11,4,1,93,93051,2,3,0,1,CENTRE,48.83845,2.54717,13,2,2
202100020314,165Â 327,A01,10,3,2,3,8,8,-1,9,3,1,2021,84.0,3,5,0,1,1,1,1,,6,ALLENDE (RUE DU PT SALVADOR),0,,-1,0,0,1,0,0,1,, -1,1,9,8,50,6,9,1,8,8409,2,9,1,6,ALLENDE (RUE DU PT SALVADOR),49.69595,4.94214,10,2,1
202100030723,146Â 842,A01,1,1,2,5,1,0,-1,-1, -1,-1,2021,51.0,2,2,0,2,1,1,2,,2,,0,,1,3,0,1,(1),(1),1,, -1,1,0,1,50,28,6,1,974,97411,2,2,0,3,JAURES (BOULEVARD JEAN),-20.8884,55.44643,10,2,2
202100033778,141Â 392,A01,1,1,1,4,8,-1,-1,-1, -1,-1,2021,29.0,1,5,0,4,7,24,1,,4,BERTHELOT                           (AV),0,,1,3,3,1,(1),(1),1,, -1,1,4,6,50,17,6,1,69,69387,2,1,0,3,BERTHELOT (AV),45.7426479703,4.850056842,9,2,2
202100046259,119Â 089,A01,1,1,2,1,2,6,9,0,0,-1,2021,23.0,1,1,0,2,1,1,1,,3,764,-1,,2,2,0,1,20,400,1,, -1,1,0,1,50,29,3,1,8,8053,2,1,1,1,31 Rue Henri Dunant,49.676307,4.989043,13,2,2
202100019296,167Â 144,A01,1,1,2,5,1,-1,-1,-1, -1,-1,2021,25.0,2,2,0,2,1,2,1,,1,A57,0,,3,5,0,1,1,700,1,, -1,1,8,1,50,10,9,1,83,83137,1,1,0,5,A57,43.123287,5.959106,18,3,3
202100040574,129Â 094,A01,1,1,1,3,2,-1,-1,0,0,-1,2021,54.0,2,1,15,0,8,17,1,,3,51,0,D,2,2,0,4,65,625,3,, -1,2,0,1,80,11,5,1,38,38468,1,1,0,7,D51,45.33957,4.79813,15,1,1
202100000715,200Â 436,A01,1,1,1,5,2,6,9,0,0,-1,2021,29.0,1,1,0,2,1,1,1,,2,1,-1,,2,3,0,4,38,300,1,,"10,5",2,5,1,80,31,12,1,971,97114,1,3,0,3,RN1 - Section La Rose,16.140857,-61.582038,16,2,2
202100049674,112Â 949,A01,1,1,1,9,1,8,-1,-1, -1,-1,2021,82.0,2,2,15,0,3,1,1,,4,NOUVEAU MONDE (rue du),0,,2,2,0,2,1,0,3,, -1,1,0,8,50,28,2,1,94,94028,2,1,0,6,NOUVEAU MONDE (rue du),48.77028,2.45667,11,2,1
202100002788,196Â 784,B01,1,1,1,9,8,0,-1,0,0,-1,2021,28.0,2,1,0,2,2,1,5,,4,RUE ORDENER,0,,2,2,0,1,(1),(1),1,, -1,1,0,1,30,15,12,2,75,75118,2,5,0,3,RUE ORDENER,48.894171,2.332709,20,2,2
202100049798,112Â 732,A01,1,1,1,0,8,-1,-1,0,0,-1,2021,78.0,3,2,2,0,1,0,1,,4,5,-1,,2,2,0,2,(1),(1),1,, -1,1,0,3,80,26,2,1,74,74269,1,1,0,6,Rte de Ponty,45.972644,5.840553,16,1,1
202100028197,151Â 292,A01,1,1,1,5,1,-1,-1,0,0,-1,2021,42.0,0,2,0,0,0,14,1,,3,68,0,,2,2,0,1,4,484,1,, -1,1,0,1,80,19,7,1,77,77472,1,1,1,7,DÃ©partementale 68,48.889552,3.218179,15,2,1
202100031720,145Â 061,A01,1,1,1,5,1,0,-1,0,0,-1,2021,49.0,1,2,0,2,3,1,1,,3,MARIGARDE (ROUTE DE LA),0,,2,2,0,1,20,57,2,, -1,1,0,1,50,29,6,1,6,6069,2,1,0,3,MARIGARDE (ROUTE DE LA),43.655332,6.941387,7,2,2
202100007786,187Â 832,A01,1,1,1,0,2,8,-1,-1, -1,-1,2021,43.0,1,1,0,2,1,1,1,,4,NEUHOF (ROUTE),0,,3,3,0,1,0,0,1,, -1,1,0,1,50,10,11,5,67,67482,2,3,0,3,NEUHOF (ROUTE),48.54618,7.76561,6,2,2
202100021826,162Â 612,A01,10,3,2,0,0,-1,-1,4,3,1,2021,18.0,1,2,0,1,1,1,1,,3,15,0,,2,3,0,1,0,0,1,, -1,1,0,1,50,30,8,1,92,92009,2,3,0,6,ARGENTEUIL AV D',48.9211071017,2.2783935046,16,2,1