Num_Acc,id_vehicule,num_veh,place,catu,sexe,trajet,secu1,secu2,secu3,locp,actp,etatp,year_acc,victim_age,senc,catv,obs,obsm,choc,manv,motor,occutc,catr,voie,v1,v2,circ,nbv,vosp,prof,pr,pr1,plan,lartpc,larrout,surf,infra,situ,vma,jour,mois,lum,dep,com,agg_,int,atm,col,adr,lat,long,hour,nb_victim,nb_vehicules
202100036830,135Â 868,A01,1,1,1,5,2,8,-1,0,0,-1,2021,22.0,1,1,0,2,1,3,1,,4,BOULEVARD PERIPHERIQUE,0,,2,4,0,1,23,600,1,, -1,1,0,1,70,31,5,1,75,75118,2,1,0,4,BOULEVARD PERIPHERIQUE,48.900682,2.367073,17,4,3
202100042863,125Â 050,B01,1,1,2,0,2,6,-1,-1, -1,-1,2021,36.0,3,1,0,2,1,2,0,,4,LISFRANC-CROISE LAROCHE PLACE,0,,2,6,0,1,(1),(1),1,, -1,1,0,1,50,19,4,1,59,59378,2,2,0,3,LISFRANC-CROISE LAROCHE PLACE,50.6664273291,3.1032950431,18,2,2
202100010637,182Â 725,A01,1,1,1,1,2,-1,-1,0,0,-1,2021,45.0,2,1,0,2,3,17,1,,3,47,-1,,2,2,0,1,9,0,1,, -1,1,0,1,90,28,10,3,95,95241,2,1,0,3,RD 47,49.0516438966,2.4442317247,18,2,2
202100054515,104Â 331,B01,1,1,1,1,2,6,-1,0,0,-1,2021,38.0,2,1,0,2,6,1,1,,7,307,-1,,3,4,0,1,47,900,1,, -1,1,5,1,50,14,1,1,69,69244,2,2,1,3,PARIS (DE) (RTE),45.764174,4.76907,9,2,2
202100040749,128Â 771,A01,1,1,1,5,1,-1,-1,-1, -1,-1,2021,37.0,1,2,1,0,4,4,1,,4,BUFERON (DE),0,,2,2,0,1,(1),(1),1,, -1,1,0,1,50,8,5,1,35,35238,2,9,0,6,BUFERON (DE),48.09906,-1.68949,16,1,1
202100049370,113Â 512,B01,1,1,1,1,2,6,-1,-1, -1,-1,2021,48.0,1,1,0,2,1,1,1,,3,ECOLE DES POSTES (RUE DE L'),0,,2,2,0,1,1,371,1,, -1,1,0,1,50,2,3,1,78,78646,2,2,0,3,ECOLE DES POSTES (RUE DE L'),48.801457,2.161172,17,2,2
202100029790,148Â 540,A01,10,3,2,3,0,-1,-1,8,1,1,2021,86.0,3,5,0,1,6,4,1,,4,BORDIERS (RUE DES),0,,1,1,3,1,(1),(1),1,, -1,1,0,6,30,8,7,1,37,37261,2,1,0,6,BORDIERS (RUE DES),47.4249275734,0.6725732982,15,2,1
202100015377,174Â 222,A01,1,1,1,5,1,-1,-1,0,0,-1,2021,57.0,1,2,3,0,7,1,1,,1,8,0,,3,4,0,2,114,550,2,, -1,2,0,2,130,4,10,1,83,83004,1,1,1,6,A8,43.4518231896,6.5177199769,17,2,1
202100031857,144Â 813,A01,1,1,1,0,1,0,-1,0,0,-1,2021,38.0,1,2,13,0,9,1,1,,3,D2089,0,,1,2,0,1,(1),(1),1,, -1,1,0,1,50,28,6,1,63,63070,2,1,0,6,D2089,45.74152,3.07481,7,1,1
202100019460,166Â 853,A01,10,3,2,9,0,-1,-1,1,3,1,2021,10.0,1,2,0,1,1,0,1,,3,BD CHAMPS ELYSEES CLINIQUE,0,,-1,1,0,1,0,0,1,, -1,1,0,1,50,5,9,1,91,91228,2,1,0,6,BD CHAMPS ELYSEES CLINIQUE,48.63812,2.42626,11,2,1
202100052940,107Â 093,C01,1,1,1,5,1,-1,-1,0,0,-1,2021,51.0,2,0,0,2,1,1,1,,3,34,-1,,2,2,0,1,28,314,3,, -1,1,0,1,80,1,1,2,44,44054,1,1,0,4,Rue du Rocher,47.686019,-1.290722,18,7,3
202100033648,141Â 622,A01,1,1,2,9,2,0,-1,0,0,-1,2021,38.0,1,1,0,0,0,1,5,,4,BOULEVARD DES INVALIDES,0,,2,4,0,1,(1),(1),1,, -1,1,0,1,50,18,6,1,75,75107,2,3,0,7,BOULEVARD DES INVALIDES,48.853677,2.314746,15,1,1
202100008930,185Â 754,B01,4,2,2,9,1,-1,-1,-1, -1,-1,2021,56.0,2,5,0,2,8,9,1,,4,CHEVREUL                            (R ),0,,1,1,2,1,(1),(1),1,, -1,1,0,1,30,7,11,1,69,69387,2,2,0,3,CHEVREUL (R),45.74955,4.83745,8,4,2
202100030486,147Â 275,A01,1,1,1,9,0,-1,-1,0,0,-1,2021,38.0,2,1,12,0,0,1,1,,3,45,-1,,2,2,0,2,2,400,1,, -1,1,0,1,50,7,7,5,974,97418,2,1,0,6,Rue Roger Payet,-20.909719,55.509903,22,1,1
202100009017,185Â 600,A01,1,1,1,1,1,-1,-1,0,0,-1,2021,49.0,2,2,0,2,1,2,1,,1,A10,-1,,3,4,0,2,350,850,1,4,19,1,0,1,130,8,11,2,79,79189,1,1,0,5,,46.408274,-0.144539,7,5,5
202100033821,141Â 305,B01,1,1,1,5,2,6,-1,-1, -1,-1,2021,61.0,2,1,0,2,1,1,1,,3,BUCHEL (ROUTE DU),0,,2,2,0,1,7,130,1,, -1,1,0,1,50,16,6,1,57,57672,2,3,0,3,BUCHEL (ROUTE DU),49.35809,6.11105,18,2,2
202100055009,103Â 483,B01,1,1,2,1,1,8,-1,-1, -1,-1,2021,42.0,2,2,0,2,4,12,2,,2,ROUTE NATIONALE 1,0,,3,4,0,1,2,900,1,, -1,2,0,1,90,14,1,5,973,97302,1,1,1,2,ROUTE NATIONALE 1,4.90906,-52.32363,21,2,2
202100046220,119Â 152,A01,10,3,1,5,0,-1,-1,4,3,2,2021,2.0,0,2,0,1,3,9,1,,3,PAUL RAOULT (AVENUE),0,,1,1,0,1,5,120,1,, -1,1,0,1,50,28,3,1,78,78440,2,3,0,6,MAURICE BELLONTE (ALLEE),48.98853,1.91256,13,3,1
202100010514,182Â 931,A01,10,3,1,5,0,-1,-1,2,3,1,2021,12.0,2,2,0,1,1,1,1,,3,DEMEES (RUE),0,,3,2,0,1,1,0,1,, -1,1,0,1,50,27,10,1,61,61001,2,1,0,6,DEMEES (RUE),48.43404,0.09421,13,2,1
202100040474,129Â 258,A01,2,2,2,5,1,0,-1,-1, -1,-1,2021,18.0,3,2,9,0,1,1,1,,7,EPINETTE RUE DE L,0,,3,4,0,1,(1),(1),3,, -1,1,0,3,50,9,5,1,59,59560,1,6,0,6,EPINETTE RUE DE L,50.54837,3.04949,14,2,1
202100005912,191Â 222,A01,10,3,2,0,0,-1,-1,4,3,1,2021,42.0,1,2,0,1,3,15,2,,4,ETIGNY D',0,,2,3,0,2,0,0,1,, -1,1,0,1,50,26,11,5,64,64445,2,2,0,6,ETIGNY D',43.29599,-0.37858,19,2,1
202100029228,149Â 515,B01,7,2,1,5,1,-1,-1,0,0,-1,2021,14.0,2,2,0,2,1,1,1,,3,35,-1,,2,2,0,1,(1),(1),1,, -1,2,0,1,80,12,7,1,30,30330,1,1,0,3,RD 35,44.003187,4.00795,18,6,2
202100043748,123Â 487,A01,1,1,2,0,1,0,-1,-1, -1,-1,2021,25.0,0,2,0,2,1,13,1,,3,D942,0,,2,1,0,1,0,1,2,, -1,1,0,1,50,31,3,1,84,84031,1,9,0,3,D942,44.04579,5.02767,18,3,2
202100002992,196Â 428,B01,2,2,2,9,1,-1,-1,0,0,-1,2021,85.0,2,2,0,2,1,1,1,,3,748,-1,,2,2,0,1,16,587,1,,"5,7",2,0,1,80,16,12,3,79,79013,1,1,0,1,,46.956385,-0.454806,17,3,2
202100037719,134Â 242,A01,1,1,2,5,8,0,-1,-1, -1,-1,2021,52.0,1,2,3,0,1,2,1,,1,AUTOROUTE A106,0,,1,2,0,1,5,725,1,, -1,1,0,1,90,29,5,1,94,94021,1,1,0,6,AUTOROUTE A106,48.767116,2.343651,12,1,1
202100008471,186Â 595,B01,1,1,1,0,2,0,-1,-1, -1,-1,2021,20.0,1,1,0,2,1,1,1,,4,BOULEVARD ROBERT SCHUMAN,0,,2,0,0,1,(1),(1),1,, -1,1,0,5,30,10,11,1,44,44109,2,1,0,3,BOULEVARD ROBERT SCHUMAN,47.23688,-1.56908,16,2,2
202100043786,123Â 417,A01,1,1,1,5,2,6,-1,0,0,-1,2021,30.0,2,1,0,2,4,2,1,,4,PORTE DE VINCENNES,0,,1,4,0,1,32,400,1,, -1,1,0,1,70,16,4,5,75,75112,2,1,0,4,PORTE DE VINCENNES,48.84225,2.413863,0,3,3
202100000563,200Â 695,A01,10,3,2,9,0,-1,-1,4,3,2,2021,10.0,1,2,0,1,1,1,1,,4,SAINT LEONARD,0,,2,2,0,1,1,0,1,, -1,1,0,1,30,11,11,5,49,49007,2,1,0,6,SAINT LEONARD,47.46331,-0.53715,18,2,1
202100043001,124Â 809,A01,10,3,1,5,0,-1,-1,2,3,1,2021,13.0,2,2,0,1,3,19,1,,4,LECLERC (RUE DU GENERAL),0,,2,2,0,1,(1),(1),1,, -1,1,0,1,50,22,4,1,95,95555,2,1,1,6,LECLERC (RUE DU GENERAL),48.96869,2.28667,18,2,1
202100011944,180Â 374,B01,1,1,1,0,2,6,-1,-1, -1,-1,2021,46.0,1,1,0,2,1,3,1,,1,AUTOROUTE A6,0,,1,3,0,1,10,600,1,, -1,2,0,1,110,21,10,2,91,91689,1,1,0,2,AUTOROUTE A6,48.72863,2.31406,18,2,2
202100045780,119Â 919,A01,1,1,1,0,8,0,-1,-1, -1,-1,2021,23.0,2,1,0,2,2,1,1,,4,LOUBIERE (RUE DE LA),0,,1,1,0,1,0,0,1,, -1,1,0,1,50,30,3,1,13,13205,2,3,0,3,LOUBIERE (RUE DE LA),43.28982,5.39048,18,2,2
202100049028,114Â 124,A01,1,1,1,5,1,-1,-1,0,0,-1,2021,59.0,2,2,10,0,3,1,1,,3,50,-1,,2,2,0,2,49,657,3,, -1,1,2,1,80,6,3,2,85,85003,1,1,0,6,,46.69677,-1.64604,19,1,1
202100032357,143Â 924,B01,4,2,1,4,1,5,-1,-1, -1,-1,2021,28.0,3,2,0,2,6,2,1,,3,989,0,,1,1,0,1,0,0,1,, -1,2,0,1,50,25,6,5,92,92040,2,5,1,3,Avenue Victor Cresson,48.8239649113,2.2728341818,22,4,2
202100031612,145Â 251,D01,1,1,2,9,1,4,-1,-1, -1,-1,2021,51.0,1,2,0,2,7,15,1,,3,AUBERVILLIERS (CHEMIN),0,,2,4,0,1,0,1,1,, -1,1,5,1,50,29,6,1,93,93066,2,2,0,5,Chemin dâAubervilliers / Rue Francis de PressensÃ©,48.923163,2.370261,8,4,4
202100040906,128Â 506,A01,10,3,2,5,0,-1,-1,3,3,2,2021,60.0,2,5,0,1,1,1,1,,4,VASCO DE GAMMA (BOULEVARD),0,,2,2,0,1,(1),(1),3,, -1,1,0,1,50,7,5,1,51,51454,2,1,0,7,Boulevard Vasco de Gama,49.2232093037,4.0384154292,15,2,1
202100009792,184Â 189,B01,1,1,1,0,2,0,-1,-1, -1,-1,2021,27.0,2,1,0,2,1,1,1,,4,ROMAIN ROLLAND (BOULEVARD),0,,2,2,0,1,0,0,1,, -1,1,0,1,50,1,11,1,13,13210,2,1,0,1,ROMAIN ROLLAND (BOULEVARD),43.274426019,5.4150206037,16,2,2
202100048468,115Â 127,A01,1,1,1,4,1,-1,-1,0,0,-1,2021,31.0,1,2,8,2,2,17,1,,3,740,0,D,2,2,0,1,29,400,1,,"5,7",2,0,1,70,11,3,1,79,79057,1,1,1,3,6 Route de Chef-Boutonne,46.14428,-0.191107,10,3,2
202100031613,145Â 245,A01,1,1,2,5,1,0,-1,-1, -1,-1,2021,23.0,1,2,0,2,1,1,1,,3,JEAN JAURES (AVENUE)(130 AU 172),0,,2,2,3,1,0,1,1,, -1,2,0,1,50,30,6,5,93,93055,2,1,1,5,JEAN JAURES (AVENUE)(130 AU 172),48.90935,2.39833,5,3,3
202100032253,144Â 110,A01,1,1,1,1,8,0,-1,-1, -1,-1,2021,25.0,3,1,0,2,2,1,6,,2,EUROPE. BOULEVARD DE L',0,,2,4,0,1,8,370,1,, -1,1,5,1,50,25,6,5,76,76540,2,2,0,3,RONDEAUX. AVENUE JEAN,49.43438,1.0762,4,2,2
202100007882,187Â 653,A01,1,1,2,5,1,-1,-1,0,0,-1,2021,18.0,2,2,0,2,6,1,1,,3,956,-1,,2,2,0,1,14,981,1,, -1,2,0,1,-1,15,11,2,41,41050,1,1,1,2,D956,47.471822,1.423073,17,2,2
202100038370,133Â 052,B01,1,1,1,5,2,6,-1,-1, -1,-1,2021,36.0,3,1,0,2,8,26,1,,4,POMPIDOU (H12 A 14,0,,2,2,0,1,(1),(1),1,, -1,1,0,1,50,23,1,1,34,34003,2,2,0,3,Boulevard Georges Pompidou,43.30842,3.47623,14,3,2
202100005736,191Â 545,B01,2,2,2,9,8,0,-1,-1, -1,-1,2021,21.0,1,1,0,2,6,1,1,,4,GAUGUIN (RUE BLOC QTIER LATIN),0,,2,3,0,1,(1),(1),1,, -1,1,9,1,30,27,11,5,987,98735,2,9,0,3,GAUGUIN (RUE BLOC QTIER LATIN),-17.53797,-149.567431,19,4,2
202100022352,161Â 692,A01,1,1,1,3,2,6,-1,0,0,-1,2021,28.0,2,1,13,0,1,1,1,,3,162,-1,,2,2,0,1,7,0,2,, -1,1,0,3,80,27,8,1,45,45329,1,1,0,6,D162-PR 7 + 0,47.91984,2.973093,19,1,1
202100021937,162Â 414,B01,1,1,1,0,1,8,-1,-1, -1,-1,2021,29.0,2,2,0,2,6,1,1,,4,RAYMOND TEISSERE (RUE),0,,2,2,0,1,0,0,3,, -1,1,0,1,50,29,8,2,13,13208,2,1,0,3,RAYMOND TEISSERE (RUE),43.27,5.401,19,2,2
202100032813,143Â 124,A01,1,1,1,5,2,8,-1,-1, -1,-1,2021,27.0,3,1,0,0,0,26,1,,4,BREST (BOULEVARD),0,,2,2,0,1,0,0,1,, -1,1,0,1,50,8,6,1,974,97407,2,9,0,7,BREST (BOULEVARD),-20.9341,55.29562,18,1,1
202100048005,115Â 931,A01,1,1,1,0,2,6,-1,-1, -1,-1,2021,33.0,1,1,0,0,7,1,1,,1,AUTOROUTE A10,0,,1,2,0,1,0,600,2,, -1,2,0,1,70,15,3,1,91,91689,1,1,0,7,AUTOROUTE A10,48.73751,2.31838,10,1,1
202100016437,172Â 249,A01,10,3,2,2,0,-1,-1,4,3,1,2021,19.0,2,2,0,1,1,0,1,,4,REPUBLIQUE (COURS DE LA),0,,2,4,0,1,0,0,1,, -1,1,0,1,50,27,9,1,76,76351,2,2,0,6,REPUBLIQUE (COURS DE LA),49.49608,0.12684,12,2,1
202100016680,171Â 814,A01,2,2,2,5,2,0,-1,0,0,-1,2021,18.0,1,1,0,2,0,1,3,,4,RUE DE CLICHY,0,,1,2,0,2,(1),(1),1,, -1,2,0,1,30,26,9,1,75,75109,2,3,1,3,RUE DE CLICHY,48.879683,2.329223,15,3,2
202100013890,176Â 869,B01,1,1,2,1,2,8,-1,0,0,-1,2021,27.0,2,1,0,2,8,21,5,,4,AVENUE DE FLANDRE,0,,2,6,1,1,(1),(1),1,, -1,1,-1,5,30,11,10,1,75,75119,2,2,0,3,AVENUE DE FLANDRE,48.888382,2.374157,9,2,2
202100003966,194Â 658,A01,1,1,1,0,2,-1,-1,-1, -1,-1,2021,43.0,3,1,0,0,0,1,1,,4,DEBOURG                             (AV),0,,2,2,2,1,(1),(1),1,, -1,2,0,1,50,7,12,5,69,69387,2,1,1,7,DEBOURG (AV),45.73148,4.83009,20,1,1
202100038455,132Â 908,B01,1,1,2,3,8,-1,-1,0,0,-1,2021,79.0,2,2,0,2,1,19,1,,3,121,-1,,2,2,0,1,24,920,1,, -1,1,5,1,80,26,5,1,17,17367,1,2,0,3,D121,45.950165,-0.34152,9,2,2
202100004305,194Â 059,A01,1,1,1,0,2,6,-1,-1, -1,-1,2021,38.0,1,1,0,2,1,1,1,,4,PASTEUR (AVENUE),0,,1,1,0,1,0,0,1,, -1,2,0,1,50,7,12,5,93,93073,2,1,1,2,PASTEUR (AVENUE),48.94,2.57,19,2,2
202100018644,168Â 314,A01,2,2,2,5,1,-1,-1,0,0,-1,2021,63.0,3,2,0,0,0,1,1,,3,,-1,,-1,2,0,2,2,400,1,,4,2,0,8,90,9,9,2,19,19010,1,1,1,7,Le Sablier,45.111374,1.955666,21,2,1
202100015066,174Â 776,B01,1,1,2,5,8,-1,-1,0,0,-1,2021,76.0,1,1,0,2,1,1,5,,4,ORIERES (RUE DES),0,,2,2,0,1,(1),(1),1,, -1,1,0,1,30,14,9,1,35,35115,2,2,0,6,CANROBERT (RUE),48.350972,-1.191228,15,2,2
202100026590,154Â 175,A01,9,2,2,5,1,-1,-1,0,0,-1,2021,8.0,1,2,0,2,1,0,1,,3,958,-1,,2,2,0,1,(1),(1),1,, -1,1,0,1,80,29,7,3,59,59571,1,1,0,1,D958,50.196216,3.50074,23,4,2
202100019663,166Â 500,B01,1,1,1,5,8,8,-1,-1, -1,-1,2021,17.0,3,1,0,0,1,1,5,,4,LIBERTE BVD NÂ°2 - 90-51 - 145,0,,1,4,3,1,(1),(1),1,, -1,1,0,6,50,10,9,5,59,59350,2,1,0,3,LIBERTE BVD NÂ°2 - 90-51 - 145,50.6330266762,3.0594080687,21,2,2
202100028417,150Â 920,A01,2,2,2,5,2,6,-1,0,0,-1,2021,60.0,1,1,0,2,4,2,1,,3,912,0,,2,2,0,2,12,915,3,, -1,1,0,1,80,18,7,1,73,73192,1,1,0,2,D912 Le Cholet,45.66737,6.042287,17,4,2
202100008604,186Â 358,A01,1,1,1,9,2,8,-1,0,0,-1,2021,66.0,1,1,9,0,2,1,1,,4,RUE DE BUDAPEST,0,,1,1,0,1,(1),(1),1,, -1,1,0,1,30,10,11,1,75,75109,2,7,0,6,RUE DE BUDAPEST,48.877092,2.327296,14,1,1
202100035859,137Â 593,A01,2,2,2,5,1,0,-1,-1, -1,-1,2021,22.0,1,5,0,2,1,2,1,,1,AUTOROUTE A6,0,,1,3,0,1,12,500,1,, -1,1,0,1,110,7,6,1,91,91161,1,1,0,4,AUTOROUTE A6,48.71554,2.30944,18,5,4
202100011323,181Â 494,B01,3,2,1,0,3,0,-1,-1, -1,-1,2021,0.0,2,2,0,2,4,26,1,,1,AUTOROUTE A6A,0,,3,3,0,2,4,199,1,, -1,1,0,1,90,24,10,1,94,94038,1,1,0,2,AUTOROUTE A6A,48.78001,2.34689,14,4,2
202100051609,109Â 439,A01,1,1,1,0,2,0,-1,-1, -1,-1,2021,19.0,2,1,9,0,3,13,1,,4,GARE RUE DE LA,0,,2,2,0,1,0,0,1,, -1,1,0,4,50,13,2,1,92,92050,2,6,0,6,GARE RUE DE LA,48.89635,2.19966,15,1,1
202100044133,122Â 788,B01,1,1,2,5,1,8,-1,-1, -1,-1,2021,55.0,2,2,0,2,3,1,1,,4,PFASTATT (RUE DE),0,,2,3,0,1,(1),(1),1,, -1,1,0,1,50,13,4,1,68,68224,2,2,0,1,PFASTATT (RUE DE),47.7540400998,7.3141781305,11,3,2
202100017950,169Â 543,A01,1,1,2,9,2,6,4,0,0,-1,2021,46.0,1,1,3,0,3,17,1,,3,83,0,,3,4,0,1,28,150,3,, -1,1,0,1,110,20,9,1,68,68287,1,1,0,6,Route dÃ©partementale 83,47.945833,7.290818,14,1,1
202100011453,181Â 246,A01,1,1,1,5,8,-1,-1,0,0,-1,2021,25.0,0,1,0,0,0,1,1,,9,,-1,,-1,2,0,1,(1),(1),1,,4,6,0,8,-1,24,10,1,76,76709,1,1,0,3,rue worms route de la marre pigeonniere,49.4800038175,0.8181484043,12,2,2
202100028425,150Â 908,A01,10,3,1,5,0,-1,-1,1,2,2,2021,16.0,3,1,0,1,1,1,1,,4,,-1,,2,2,0,1,(1),(1),1,,5,1,0,1,50,19,7,3,27,27004,2,1,0,6,Rue Andre Rouille,49.010458,1.424274,1,2,1
202100001151,199Â 715,B01,1,1,1,9,2,7,-1,-1, -1,-1,2021,33.0,3,1,0,2,8,17,1,,2,ANCIENNE RN 1,0,,2,2,0,1,(1),(1),1,, -1,1,0,1,70,27,12,1,974,97416,1,1,0,3,ANCIENNE RN 1,-21.3134910455,55.4386746883,14,2,2
202100035583,138Â 112,A01,4,2,2,5,1,0,-1,-1, -1,-1,2021,8.0,1,2,0,2,6,15,1,,4,,0,,2,2,0,1,1,0,1,, -1,1,0,1,50,9,6,1,92,92007,2,1,0,3,VERDUN (RUE DE) NÂ° PAIRS,48.8019985683,2.3170611262,19,3,2
202100050897,110Â 701,C01,1,1,2,3,8,0,-1,-1, -1,-1,2021,43.0,2,1,0,2,7,19,5,,4,DE GAULLE (BD CHARLES),0,,2,4,0,1,(1),(1),1,, -1,2,0,1,50,18,2,1,37,37214,2,6,0,6,DE GAULLE (BD CHARLES),47.4198470865,0.6632995606,17,3,3
202100027168,153Â 154,F01,1,1,1,0,1,0,-1,-1, -1,-1,2021,45.0,2,2,0,2,7,0,1,,1,A7-Sens Marseille vers Lyon,0,,1,3,0,1,275,0,1,, -1,1,0,1,90,25,7,1,13,13215,1,1,0,4,A7-Sens Marseille vers Lyon,43.3458187582,5.3736421119,12,6,6
202100012229,179Â 862,A01,1,1,1,5,8,0,-1,-1, -1,-1,2021,22.0,2,1,0,2,1,8,5,,7,MARÃCHAL DE LATTRE (AVENUE),0,,2,3,3,1,0,0,1,, -1,1,0,1,50,18,10,1,13,13209,2,1,0,3,MARÃCHAL DE LATTRE (AVENUE),43.2501,5.40448,17,2,2
202100004426,193Â 851,A01,1,1,2,1,1,8,-1,-1, -1,-1,2021,24.0,1,2,0,2,1,1,1,,4,,0,,2,2,0,1,0,0,1,, -1,1,0,1,50,6,12,1,92,92036,2,3,0,3,PORT CHARBONNIER (ROUTE DU),48.9377283819,2.2768065333,9,2,2
202100003599,195Â 313,B01,1,1,1,4,1,-1,-1,-1, -1,-1,2021,43.0,2,2,0,2,1,1,1,,3,RD 915,0,,2,2,0,2,76,781,1,, -1,2,0,1,80,9,12,1,76,76565,1,1,0,3,RD 915,49.878151,1.094951,12,2,2
202100023115,160Â 293,A01,1,1,2,0,8,0,-1,-1, -1,-1,2021,48.0,3,1,6,0,0,0,0,,9,GALERIE DE L'ARLEQUIN,0,,-1,0,0,1,0,0,1,, -1,1,6,4,30,21,8,1,38,38185,2,1,0,6,GALERIE DE L'ARLEQUIN,45.16515,5.73181,17,2,1
202100022868,160Â 743,B01,1,1,1,4,1,-1,-1,0,0,-1,2021,48.0,2,4,0,2,3,1,0,,3,613,0,A,2,2,0,2,66,457,1,, -1,1,0,8,80,24,8,1,34,34162,1,1,0,1,le trou du renard,43.460407,3.513055,15,2,2
202100004314,194Â 045,A01,1,1,1,1,2,0,-1,-1, -1,-1,2021,21.0,2,1,0,2,7,26,1,,3,DIVISION LECLERC (53 A 217 - 58 A 186),0,,1,4,1,2,0,0,1,, -1,2,0,1,50,7,12,5,92,92002,2,1,1,6,DIVISION LECLERC (53 A 217 - 58 A 186),48.7428552708,2.302877605,18,1,1
202100036014,137Â 314,A01,10,3,2,0,0,-1,-1,9,1,1,2021,51.0,1,2,0,1,2,2,1,,3,612,-1,,2,2,0,1,12,600,1,, -1,1,0,1,90,7,6,3,34,34333,1,1,0,6,"RD 612 Pk 12+600, Pk croissant",43.497888,3.780477,22,2,1
202100017575,170Â 208,A01,1,1,1,5,2,-1,-1,0,0,-1,2021,22.0,1,1,0,2,2,17,1,,4,,-1,,2,2,0,1,(1),(1),1,,5,1,0,1,30,22,9,1,89,89257,2,3,0,3,Avenue de l Europe,47.965517,3.520362,19,2,2
202100037078,135Â 424,A01,1,1,1,0,2,8,-1,-1, -1,-1,2021,35.0,3,1,0,2,6,1,1,,3,909,0,,3,4,1,1,0,0,1,, -1,1,0,1,50,1,6,1,92,92025,2,2,0,3,STALINGRAD (AV DE),48.9356205486,2.260825932,9,2,2
202100040696,128Â 882,A01,1,1,1,5,2,6,-1,0,0,-1,2021,44.0,1,1,0,6,1,1,0,,3,110,0,H,2,2,0,1,5,600,2,, -1,1,0,1,80,9,5,1,57,57006,1,1,0,7,Rue de Wiesviller,49.058932,7.172667,13,1,1
202100034401,140Â 246,A01,1,1,2,5,1,0,-1,-1, -1,-1,2021,19.0,2,2,14,0,1,26,1,,1,A51-Sens Aix en Provence vers Marseille,0,,1,2,0,1,17,0,1,, -1,1,0,1,90,15,6,1,13,13001,1,1,0,6,A51-Sens Aix en Provence vers Marseille,43.52255,5.42695,11,2,1
202100013224,178Â 103,B01,1,1,2,5,1,0,-1,-1, -1,-1,2021,22.0,2,2,0,2,3,1,1,,3,ITALIENS (avenue des ),0,,2,2,1,1,0,9,1,, -1,1,0,1,30,9,10,3,84,84007,2,1,0,3,ITALIENS (avenue des ),43.9529,4.8199,22,2,2
202100006318,190Â 492,A01,1,1,1,0,1,0,-1,-1, -1,-1,2021,23.0,1,2,8,2,2,14,1,,4,,0,,1,2,0,2,0,0,1,, -1,1,0,1,50,25,11,5,92,92019,2,1,0,6,LAVOIR (RUE DU),48.7653835803,2.2801499069,2,1,1
202100015585,173Â 825,A01,10,3,1,2,0,-1,-1,1,3,1,2021,11.0,3,2,0,1,3,1,1,,4,DE LESSEPS (FERDINAND),0,,2,2,0,2,0,0,2,, -1,2,0,1,50,1,10,1,35,35238,2,1,1,6,DE LESSEPS (FERDINAND),48.09907,-1.70594,12,2,1
202100023551,159Â 543,A01,1,1,1,1,2,6,-1,-1, -1,-1,2021,61.0,1,1,16,0,0,1,1,,1,ROCADE A 630,0,,3,6,0,1,12,821,1,, -1,1,0,1,70,18,8,1,33,33162,1,1,0,7,Rocade Nord Ouest A630,44.864197,-0.654303,17,1,1
202100031483,145Â 478,B01,1,1,1,1,2,6,-1,0,0,-1,2021,49.0,0,1,0,2,1,1,1,,3,703,0,D,2,2,0,1,(1),(1),1,, -1,1,0,1,80,2,7,1,24,24355,1,3,0,3,RD 703,44.808756,1.205664,13,3,2
202100030728,146Â 835,A01,1,1,1,9,2,8,-1,-1, -1,-1,2021,52.0,1,1,0,2,1,1,1,,3,MADELEINE (ROUTE DE LA),0,,2,2,0,1,2,700,1,, -1,2,9,1,50,4,7,5,973,97302,2,9,0,2,MADELEINE (ROUTE DE LA),4.9177428746,-52.3214774335,20,2,2
202100018772,168Â 086,A01,1,1,1,4,1,0,-1,-1, -1,-1,2021,59.0,1,2,1,2,1,1,1,,4,LOGES (RUE DUPONT DES),0,,1,0,0,1,(1),(1),1,, -1,1,0,1,50,15,9,1,35,35238,2,1,0,6,LOGES (RUE DUPONT DES),48.10867,-1.669,9,1,1
202100008312,186Â 868,A01,1,1,1,0,0,-1,-1,0,0,-1,2021,24.0,2,2,13,0,2,0,1,,4,939,-1,D,2,2,0,1,(1),(1),2,, -1,2,0,3,50,14,11,4,17,17459,1,1,0,7,Chemin de la Richardiere,45.917524,-0.42643,1,1,1
202100036928,135Â 696,A01,2,2,1,5,1,-1,-1,0,0,-1,2021,19.0,1,2,16,0,9,1,1,,3,109,-1,,2,2,0,2,1,600,3,, -1,1,0,1,90,2,6,1,14,14762,1,1,0,7,D109,48.862484,-0.886824,17,4,1
202100037116,135Â 357,A01,1,1,1,0,8,-1,-1,0,0,-1,2021,32.0,1,2,16,0,1,1,1,,3,317,0,,2,2,0,1,3,430,1,, -1,1,0,8,80,1,6,1,45,45210,1,1,0,6,CD. 317,47.893039,2.844257,18,1,1
202100030413,147Â 406,B01,1,1,1,9,8,0,-1,0,0,-1,2021,32.0,2,1,0,2,5,1,5,,4,BOULEVARD ARAGO,0,,3,2,1,1,(1),(1),1,, -1,1,0,5,50,6,7,1,75,75113,2,2,0,3,BOULEVARD ARAGO,48.83496,2.344992,17,2,2
202100055594,102Â 483,A01,1,1,1,1,2,4,9,0,0,-1,2021,17.0,1,1,0,0,4,0,0,,4,,0,,2,2,0,1,(1),(1),1,, -1,2,0,1,50,11,1,5,53,53097,2,1,1,2,Rue de Laval,48.149581,-0.40879,6,2,2