Num_Acc,id_vehicule,num_veh,place,catu,sexe,trajet,secu1,secu2,secu3,locp,actp,etatp,year_acc,victim_age,senc,catv,obs,obsm,choc,manv,motor,occutc,catr,voie,v1,v2,circ,nbv,vosp,prof,pr,pr1,plan,lartpc,larrout,surf,infra,situ,vma,jour,mois,lum,dep,com,agg_,int,atm,col,adr,lat,long,hour,nb_victim,nb_vehicules
202100002235,197Â 790,A01,1,1,1,5,1,-1,-1,-1, -1,-1,2021,18.0,3,2,0,2,8,1,1,,4,CORDONNIER. BOULEVARD,0,,2,2,0,1,0,0,1,, -1,1,0,1,50,18,12,1,76,76497,1,2,0,3,CORDONNIER. BOULEVARD,49.383916,1.015887,15,2,2
202100020910,164Â 275,A01,1,1,1,5,2,6,-1,0,0,-1,2021,16.0,0,1,0,0,2,16,1,,4,,-1,,2,1,0,1,(1),(1),3,,3,1,0,1,80,3,9,1,76,76408,2,1,0,7,Route des Hortensias,49.61153,0.359588,16,1,1
202100053825,105Â 538,B01,1,1,1,0,1,-1,-1,-1, -1,-1,2021,20.0,3,2,0,2,4,1,1,,4,,0,,3,2,2,1,(1),(1),1,, -1,1,0,1,50,24,1,1,69,69259,2,2,0,2,JEAN CAGNE (AV),45.6949658517,4.8734021187,15,2,2
202100023922,158Â 875,A01,2,1,2,5,2,6,-1,-1, -1,-1,2021,20.0,3,1,0,2,1,23,1,,3,985,0,,1,2,0,1,0,0,1,, -1,1,0,1,50,27,7,1,92,92064,2,1,0,2,REPUBLIQUE,48.8444027396,2.2087025642,11,2,2
202100028347,151Â 031,B01,2,2,2,5,1,-1,-1,0,0,-1,2021,72.0,1,2,0,2,1,1,1,,3,920,-1,,2,2,0,1,19,990,3,, -1,1,0,1,90,18,7,1,12,12098,1,1,0,1,D920,44.550643,2.67855,17,4,2
202100033544,141Â 813,A01,1,1,1,5,8,0,-1,-1, -1,-1,2021,47.0,2,1,12,0,1,26,3,,4,BEAUBLANC (BOULEVARD DE),0,,3,4,0,1,6,0,1,, -1,1,0,1,50,16,6,1,87,87085,2,1,0,7,BEAUBLANC (BOULEVARD DE),45.8457,1.2425,10,1,1
202100046875,117Â 989,A01,10,3,2,2,0,-1,-1,1,A,1,2021,33.0,3,2,0,1,6,4,1,,4,REPUBLIQUE (RUE DE LA),0,,2,1,0,1,0,0,1,, -1,1,6,1,30,23,3,1,87,87048,2,1,0,6,REPUBLIQUE (RUE DE LA),45.79105,1.23425,8,2,1
202100034109,140Â 790,B01,1,1,2,1,1,0,-1,-1, -1,-1,2021,52.0,1,2,1,2,2,1,1,,4,EUGENE HENAFF (R),0,,2,2,0,1,1,0,1,, -1,1,0,1,50,16,6,1,94,94081,2,1,0,1,Rue Eugene Henaff,48.79351,2.41219,14,2,2
202100039822,130Â 399,A01,1,1,1,5,8,0,-1,-1, -1,-1,2021,50.0,1,1,0,2,0,13,3,,4,AV CAMILLE PUJOL,0,,2,2,0,2,(1),(1),1,, -1,1,0,1,50,14,5,1,31,31555,2,1,0,7,AV CAMILLE PUJOL,43.601127,1.461031,18,3,2
202100042313,125Â 992,B01,1,1,2,1,1,0,-1,-1, -1,-1,2021,24.0,2,2,0,2,4,2,1,,7,,0,,3,4,0,1,5,980,1,, -1,1,0,1,50,27,4,1,45,45285,2,1,0,4,Rue Henri Pavard,47.89873,1.87383,7,4,4
202100046760,118Â 189,B01,4,2,2,5,8,0,-1,-1, -1,-1,2021,13.0,0,3,0,2,2,1,1,2.0,4,PECH (RUE DU) DU 6AU 60,0,,1,1,0,1,(1),(1),1,, -1,1,0,1,50,24,3,1,31,31555,2,3,0,3,PECH (RUE DU) DU 6AU 60,43.59276,1.41237,13,3,2
202100043203,124Â 436,B01,1,1,2,9,2,0,-1,0,0,-1,2021,31.0,2,1,0,2,1,1,5,,4,RUE BALLU,0,,2,2,2,1,(1),(1),1,, -1,1,-1,5,30,21,4,1,75,75109,2,1,0,3,RUE BALLU,48.881877,2.330091,13,2,2
202100026230,154Â 815,A01,1,1,1,0,1,-1,-1,0,0,-1,2021,59.0,1,2,3,0,6,1,1,,3,603,0,,2,2,0,3,73,530,1,, -1,1,2,1,50,31,7,1,57,57596,2,1,0,2,D603,49.163245,6.857834,18,2,2
202100026708,153Â 972,A01,1,1,1,5,1,-1,-1,0,0,-1,2021,23.0,2,2,7,0,2,0,1,,2,165,0,,3,4,0,1,28,900,1,, -1,2,0,2,110,19,7,3,44,44089,1,1,1,6,RN 165 PR28+900,47.34823,-1.869071,3,2,1
202100005266,192Â 371,A01,10,3,1,0,0,-1,-1,3,3,1,2021,26.0,1,2,0,1,1,1,3,,4,SCHUMANN (AVENUE),0,,2,2,1,1,0,0,3,, -1,2,5,1,50,29,11,5,67,67267,2,1,1,6,SCHUMANN (AVENUE),48.55633,7.69266,16,2,1
202100048699,114Â 706,A01,10,3,2,9,0,-1,-1,0,0,-1,2021,45.0,1,2,0,1,2,1,1,,4,BOULEVARD DES CAPUCINES,0,,2,6,3,1,(1),(1),1,, -1,1,0,1,50,9,3,1,75,75109,2,2,0,6,BOULEVARD DES CAPUCINES,48.8701085941,2.3291145135,17,3,1
202100027317,152Â 896,B01,1,1,1,4,2,8,-1,-1, -1,-1,2021,27.0,2,1,0,2,3,1,1,,4,VICTOIRE (AVENUE DE LA),0,,2,2,0,2,0,0,1,, -1,1,0,1,50,23,7,1,974,97411,2,3,0,3,VICTOIRE (AVENUE DE LA),-20.875995,55.447616,14,2,2
202100007285,188Â 726,C01,1,1,2,1,1,7,-1,0,0,-1,2021,42.0,0,2,0,2,1,0,1,,4,RESISTANCE (RUE DE LA),0,,1,4,0,2,(1),(1),1,, -1,1,0,1,50,19,11,5,27,27229,2,1,0,4,RESISTANCE (RUE DE LA),49.02001,1.15589,17,3,3
202100054373,104Â 570,A01,10,3,2,0,0,-1,-1,1,3,1,2021,15.0,-1,2,0,1,1,1,1,,3,BARBUSSE (AVENUE HENRI),0,,1,1,1,1,0,1,1,, -1,1,0,1,50,20,1,1,93,93027,2,1,0,6,BARBUSSE (AVENUE HENRI),48.93202,2.39151,13,2,1
202100017119,171Â 033,A01,10,3,1,5,0,-1,-1,2,3,1,2021,85.0,1,2,0,1,1,1,1,,4,EMILE COSSONNEAU (AVE),0,,2,2,0,1,0,0,1,, -1,1,0,1,50,23,9,1,93,93051,2,1,0,6,EMILE COSSONNEAU (AVE),48.848768556,2.5564976335,16,3,1
202100010234,183Â 418,A01,1,1,1,5,1,-1,-1,0,0,-1,2021,29.0,2,2,8,0,9,13,1,,3,520,0,D,2,2,0,1,55,99,1,, -1,2,0,8,80,31,10,2,38,38376,1,1,0,7,D520,45.438559,5.765564,6,1,1
202100005145,192Â 577,A01,1,1,1,0,2,6,-1,0,0,-1,2021,26.0,1,1,0,2,1,18,1,,2,249,-1,,3,4,0,1,5,300,1,, -1,1,3,1,110,1,12,3,44,44071,1,1,0,4,RN 249,47.198235,-1.446912,19,3,3
202100033917,141Â 138,A01,1,1,1,1,2,-1,-1,0,0,-1,2021,24.0,1,1,0,0,0,1,1,,3,1004,0,D,2,2,0,1,8,200,1,, -1,1,0,1,90,17,6,1,67,67283,1,1,0,7,Route Departementale 1004,48.704817,7.374751,18,1,1
202100023503,159Â 622,A01,1,1,1,5,2,6,9,0,0,-1,2021,42.0,1,1,0,6,1,21,1,,2,20,-1,,2,2,0,2,69,410,4,, -1,1,0,1,80,27,6,1,9,9131,1,1,0,4,RN 20,42.767801,1.742685,16,6,3
202100036061,137Â 223,A01,10,3,2,5,8,8,-1,5,6,1,2021,60.0,3,2,0,1,1,20,1,,4,MARTEL (RUE DES FRERES),0,,1,1,0,1,(1),(1),1,, -1,1,0,8,30,6,6,1,59,59279,2,1,0,6,MARTEL (RUE DES FRERES),50.782059,3.133622,9,2,1
202100054175,104Â 910,B01,1,1,2,0,1,0,-1,-1, -1,-1,2021,62.0,1,2,3,0,1,0,2,,1,AUTOROUTE A86,0,,3,10,0,2,15,600,1,, -1,2,0,1,90,21,1,3,93,93027,1,1,1,6,AUTOROUTE A86,48.92216,2.37815,19,2,2
202100029234,149Â 505,A01,1,1,2,1,0,-1,-1,0,0,-1,2021,20.0,1,2,0,2,1,1,1,,3,26,0,D,2,2,0,1,8,44,3,, -1,2,0,1,80,13,7,1,74,74222,1,1,1,1,D26,46.336481,6.555549,16,2,2
202100040443,129Â 317,B01,1,1,1,5,2,8,-1,-1, -1,-1,2021,45.0,2,1,0,2,1,13,1,,2,MASCAREIGNES(BOULEVARD),0,,2,2,0,1,(1),(1),1,, -1,1,9,1,70,10,5,1,974,97407,1,9,0,3,MASCAREIGNES(BOULEVARD),-20.93963,55.30838,12,2,2
202100045332,120Â 707,A01,1,1,1,9,1,8,-1,-1, -1,-1,2021,33.0,1,2,4,0,9,1,1,,1,A50-Sens Marseille vers Aubagne,0,,1,4,0,1,26,0,1,, -1,1,0,1,110,3,4,1,13,13005,1,1,0,7,A50-Sens Marseille vers Aubagne,43.277315,5.587181,14,1,1
202100049667,112Â 962,A01,2,2,2,9,2,0,-1,0,0,-1,2021,53.0,1,1,0,2,8,11,1,,4,QUAI DES CELESTINS,0,,2,4,0,1,(1),(1),1,, -1,1,0,1,50,28,2,1,75,75104,2,3,0,3,QUAI DES CELESTINS,48.852906,2.358984,14,3,2
202100004891,193Â 047,B01,1,1,1,5,2,6,-1,0,0,-1,2021,19.0,1,1,0,2,1,1,1,,3,261,-1,,2,2,0,1,4,150,1,, -1,1,0,1,70,20,10,1,64,64304,1,9,0,3,Chemin de l Aiguette,43.493456,-1.395645,16,2,2
202100030230,147Â 728,A01,1,1,1,5,8,0,-1,0,0,-1,2021,25.0,2,1,0,1,1,5,5,,4,AVENUE DES GOBELINS,0,,1,4,0,2,(1),(1),1,, -1,1,0,1,50,6,7,1,75,75113,2,3,0,6,AVENUE DES GOBELINS,48.834364,2.353556,16,2,1
202100006282,190Â 566,A01,10,3,1,5,0,-1,-1,4,3,1,2021,65.0,2,1,0,1,8,1,1,,4,AVENUE PHILIPPE AUGUSTE,0,,2,2,0,2,(1),(1),1,, -1,1,0,1,30,23,11,1,75,75111,2,2,0,6,AVENUE PHILIPPE AUGUSTE,48.855758,2.391335,16,2,1
202100007128,189Â 028,B01,1,1,2,5,1,5,-1,-1, -1,-1,2021,35.0,2,2,0,2,8,1,1,,4,RUE EUGENE PORCHERON,0,,1,1,0,1,0,0,1,, -1,1,0,1,50,19,11,2,988,98818,2,2,0,3,RUE EUGENE PORCHERON,-22.27525,166.44563,17,2,2
202100055318,102Â 951,A01,1,1,1,1,2,4,-1,-1, -1,-1,2021,24.0,2,1,0,2,1,18,1,,4,COMBES (BD EMILE),0,,2,2,0,1,(1),(1),1,, -1,1,5,1,50,12,1,5,35,35238,2,2,0,3,COMBES (BD EMILE),48.09363,-1.67124,20,2,2
202100001500,199Â 110,A01,3,2,1,5,8,0,-1,0,0,-1,2021,71.0,1,2,14,0,3,13,1,,4,AVENUE DES CHAMPS ELYSEES,0,,2,8,1,2,(1),(1),1,, -1,2,0,1,50,24,12,5,75,75108,2,2,1,6,AVENUE DES CHAMPS ELYSEES,48.87052,2.305295,19,2,1
202100015358,174Â 260,A01,7,2,2,5,8,0,-1,0,0,-1,2021,20.0,3,3,6,0,1,1,1,4.0,4,BOULEVARD VINCENT AURIOL,0,,3,4,1,2,(1),(1),1,, -1,2,0,1,30,3,10,5,75,75113,2,2,0,6,BOULEVARD VINCENT AURIOL,48.836193,2.37152,20,4,1
202100018835,167Â 980,B01,1,1,1,5,0,-1,-1,0,0,-1,2021,66.0,0,0,0,2,8,5,3,,3,1324,-1,,2,2,0,1,18,620,1,, -1,1,0,1,50,10,9,5,60,60203,2,1,0,3,22 Rue de Senlis,49.234817243,2.85564462,20,2,2
202100035743,137Â 818,B01,1,1,1,9,1,0,-1,0,0,-1,2021,44.0,2,2,0,2,4,2,1,,4,VOIE RAPIDE,0,,1,1,0,2,(1),(1),1,, -1,1,9,1,50,8,6,1,6,6088,2,1,0,4,VOIE RAPIDE,43.70046,7.25145,15,4,3
202100043898,123Â 202,B01,1,1,1,0,2,8,-1,-1, -1,-1,2021,28.0,1,1,0,2,1,1,1,,4,JEAN LOMBARD (AVENUE),0,,2,2,1,1,0,0,1,, -1,1,0,1,50,14,4,1,13,13211,2,1,0,3,JEAN LOMBARD (AVENUE),43.2889133217,5.4312999216,19,2,2
202100034555,139Â 956,A01,1,1,1,0,8,0,-1,-1, -1,-1,2021,29.0,1,1,0,2,1,1,1,,4,TIVOLI (ROUTE DE ),0,,2,2,0,2,0,0,4,, -1,1,0,1,50,13,6,1,972,97209,2,1,0,3,TIVOLI (ROUTE DE ),14.63881,-61.07145,17,2,2
202100021097,163Â 946,A01,10,3,1,5,0,-1,-1,4,3,1,2021,4.0,1,2,0,1,3,1,1,,4,RUE D HAUTEVILLE,0,,1,1,0,1,(1),(1),1,, -1,1,0,1,30,3,9,1,75,75110,2,2,0,6,RUE D HAUTEVILLE,48.875324,2.350924,17,2,1
202100017367,170Â 595,A01,1,1,1,1,2,6,-1,-1, -1,-1,2021,41.0,2,1,0,0,0,3,1,,1,A86,0,,3,4,0,1,7,0,1,, -1,1,0,1,90,25,9,1,92,92036,1,1,0,7,A86,48.9337071386,2.2742219004,15,1,1
202100010664,182Â 666,B01,1,1,1,0,1,0,-1,-1, -1,-1,2021,27.0,2,2,0,2,1,2,0,,1,AUTOROUTE A6,0,,3,3,0,1,18,950,1,, -1,1,0,1,110,28,10,5,91,91434,1,1,0,4,AUTOROUTE A6,48.66799,2.35559,19,5,5
202100019446,166Â 878,B01,1,1,1,0,2,6,-1,-1, -1,-1,2021,27.0,1,1,0,2,1,3,1,,1,AUTOROUTE A86,0,,3,5,0,2,22,750,1,, -1,1,0,1,90,12,9,1,93,93008,1,1,0,3,AUTOROUTE A86,48.90618,2.46022,19,2,2
202100016924,171Â 369,B01,1,1,2,5,1,0,-1,-1, -1,-1,2021,20.0,1,2,0,2,2,1,1,,4,BERANGER (BOULEVARD),0,,3,4,0,1,(1),(1),1,, -1,1,0,1,50,25,9,5,37,37261,2,1,0,3,BERANGER (BOULEVARD),47.3900145525,0.686359153,5,2,2
202100027235,153Â 037,B01,1,1,2,0,1,0,-1,-1, -1,-1,2021,63.0,3,2,2,2,8,0,0,,3,Saussaie du ban (rue de la),0,,2,2,0,1,0,1,3,, -1,2,0,1,50,24,7,1,94,94028,2,1,0,3,Saussaie du ban (rue de la),48.76667,2.45681,19,2,2
202100053488,106Â 109,A01,1,1,1,1,2,6,-1,0,0,-1,2021,58.0,3,1,0,0,7,1,1,,4,PLACE CHARLES DE GAULLE,0,,1,6,0,1,(1),(1),2,, -1,2,0,1,50,27,1,1,75,75116,2,7,0,7,PLACE CHARLES DE GAULLE,48.873258,2.294646,9,1,1
202100025154,156Â 692,B01,1,1,1,5,2,0,-1,-1, -1,-1,2021,54.0,3,1,0,2,3,1,0,,4,MARNE (QUAI),0,,-1,0,0,1,(1),(1),1,, -1,1,0,1,50,7,8,1,93,93051,2,1,0,2,Quai de la Marne,48.8577,2.5679,10,2,2
202100047962,116Â 007,A01,10,3,1,0,0,-1,-1,2,3,1,2021,19.0,0,2,0,1,2,1,1,,3,REPUBLIQUE (R DE LA),0,,1,2,3,1,0,0,1,, -1,2,0,1,30,15,3,1,94,94018,2,1,1,3,REPUBLIQUE (R DE LA),48.82256,2.41715,9,2,1
202100013103,178Â 322,B01,1,1,1,5,2,0,-1,-1, -1,-1,2021,73.0,2,1,0,2,8,1,3,,3,LYAUTEY (RUE DU MARECHAL),0,,2,2,0,2,0,0,1,, -1,1,0,1,50,17,9,1,3,3310,2,2,0,3,LYAUTEY (RUE DU MARECHAL),46.119691,3.4333668,11,2,2
202100053670,105Â 801,A01,1,1,2,2,1,-1,-1,0,0,-1,2021,20.0,1,2,0,0,4,1,1,,1,8,0,,3,5,0,1,187,400,1,, -1,1,0,1,110,26,1,1,6,6088,1,1,0,2,A8 PK 187+400 chaussÃ©e sud,43.677339,7.195069,9,2,2
202100032375,143Â 896,A01,2,2,1,5,1,-1,-1,0,0,-1,2021,29.0,1,2,8,0,2,1,1,,3,14,0,D,2,2,0,2,17,200,2,, -1,1,0,3,90,26,6,1,19,19099,1,1,0,6,D14,45.072581,1.69565,18,3,1
202100000182,201Â 417,A01,2,2,2,5,1,-1,-1,0,0,-1,2021,94.0,2,2,15,0,1,1,1,,1,43,-1,,3,4,0,1,69,10,1,, -1,1,0,1,130,27,9,1,73,73025,1,1,0,6,Autoroute A43,45.5629786859,5.6827133994,14,3,1
202100017576,170Â 207,A01,1,1,1,1,2,6,-1,0,0,-1,2021,48.0,2,1,0,2,1,17,1,,3,907,-1,D,2,2,0,2,60,900,1,, -1,1,0,1,70,23,9,1,58,58214,1,1,0,3,D907,47.061447,3.108519,17,3,2
202100026345,154Â 603,A01,1,1,1,1,1,0,-1,-1, -1,-1,2021,49.0,1,2,0,2,1,9,1,,3,PARIS (RUE DE),0,,1,1,0,1,0,0,1,, -1,1,0,1,50,30,7,1,93,93053,2,9,0,3,PARIS (RUE DE),48.90177,2.46037,17,2,2
202100042228,126Â 144,A01,10,3,1,5,0,-1,-1,2,5,1,2021,21.0,2,2,0,1,1,10,1,,4,SURESNES,0,,-1,2,0,1,0,0,1,, -1,1,0,1,50,28,4,1,92,92033,2,1,0,6,SURESNES,48.8462,2.19095,20,2,1
202100011974,180Â 315,B01,1,1,2,9,1,0,-1,-1, -1,-1,2021,50.0,1,2,1,2,3,1,1,,4,FOUR A CHAUX (CHEMIN DU),0,,1,1,0,1,4,0,1,, -1,1,0,1,30,20,10,1,972,97213,2,1,0,6,FOUR A CHAUX (CHEMIN DU),14.612695,-61.002872,14,4,3
202100042637,125Â 418,A01,1,1,1,5,2,6,-1,0,0,-1,2021,43.0,2,6,0,0,3,1,1,,3,13,0,,2,2,0,1,16,980,1,, -1,1,0,3,90,24,4,1,14,14643,1,1,0,7,D13,49.181971,-0.764985,19,1,1
202100016532,172Â 076,A01,10,3,1,9,0,-1,-1,2,3,1,2021,32.0,2,1,0,1,1,1,1,,4,RUE DU CHEMIN DE FER,0,,2,2,0,1,(1),(1),1,, -1,2,0,1,30,27,9,1,75,75119,2,1,0,6,RUE DU CHEMIN DE FER,48.8996790975,2.3891969106,18,2,1
202100024589,157Â 706,B01,2,2,2,5,2,-1,-1,-1,0,-1,2021,22.0,1,1,0,2,7,19,1,,3,PRUDHON (RUE DU LT COLONEL),0,,3,2,0,1,2,850,1,, -1,1,0,1,50,11,8,3,95,95018,2,2,0,3,RD 41,48.94693,2.2381,23,3,2
202100023573,159Â 501,A01,1,1,1,4,2,-1,-1,-1, -1,-1,2021,40.0,1,1,5,0,1,0,1,,7,DARNETAL. ROUTE DE,0,,2,2,0,1,10,0,2,, -1,1,0,1,50,18,8,1,76,76429,2,1,0,7,DARNETAL. ROUTE DE,49.41778,1.14653,17,1,1
202100004118,194Â 380,A01,10,3,2,2,0,-1,-1,4,3,1,2021,15.0,1,1,0,1,1,1,3,,4,QUAI D AUSTERLITZ,0,,3,3,0,1,(1),(1),1,, -1,1,0,1,30,8,12,4,75,75113,2,2,0,6,QUAI D AUSTERLITZ,48.837572,2.373683,17,2,1
202100024373,158Â 116,A01,1,1,1,5,0,-1,-1,0,0,-1,2021,28.0,1,2,0,0,1,14,1,,3,13,0,D,2,2,0,1,8,60,2,, -1,1,0,8,80,13,8,3,39,39299,1,1,0,7,,46.952885,5.363406,0,1,1
202100032414,143Â 835,A01,1,1,1,5,2,6,9,0,0,-1,2021,64.0,1,1,4,0,0,17,1,,3,902,-1,D,2,2,0,2,93,100,2,, -1,1,0,1,80,19,6,1,73,73290,1,1,0,6,D902,45.294241,6.924477,10,1,1
202100027842,151Â 949,A01,1,1,1,5,0,-1,-1,0,0,-1,2021,33.0,1,1,0,0,0,1,1,,4,,-1,,2,2,0,1,(1),(1),1,,4,1,0,1,50,22,7,5,974,97408,2,1,0,7,Rue du Camp Magloire,-20.925849,55.339116,20,1,1
202100038023,133Â 695,A01,1,1,1,1,2,6,-1,0,0,-1,2021,17.0,1,1,0,2,1,13,1,,3,JEAN JAURES (RUE ),0,,2,2,0,1,1,0,1,, -1,1,0,1,50,26,5,1,14,14167,2,1,0,1,D226,49.19941,-0.29344,8,2,2
202100002001,198Â 215,A01,10,3,1,3,0,-1,-1,3,3,2,2021,68.0,3,1,8,1,0,17,1,,4,COUTURIER ( RUE GUSTAVE),0,,2,2,0,1,1,0,1,, -1,1,0,1,50,18,12,1,76,76259,2,1,0,6,COUTURIER ( RUE GUSTAVE),49.75252,0.39317,10,2,1
202100033140,142Â 519,A01,1,1,1,0,6,9,2,0,0,-1,2021,35.0,2,1,0,0,7,21,1,,1,8,-1,,1,3,0,1,187,600,1,, -1,1,0,1,90,21,6,1,6,6088,1,1,0,7,"AUTOROUTE A8, pk 187+600, sens NICE-CANNES",43.680838,7.192998,18,1,1
202100032565,143Â 561,B01,1,1,1,1,2,6,-1,0,0,-1,2021,45.0,1,1,0,2,8,1,1,,3,52,0,,2,2,0,1,4,700,1,, -1,2,5,1,70,25,6,1,29,29015,1,2,1,3,Le Narret,48.494769,-4.467028,14,2,2
202100051646,109Â 373,A01,10,3,2,1,0,-1,-1,3,3,1,2021,20.0,1,2,0,1,1,1,1,,4,JULES MONNEROT (RUE),0,,1,2,0,1,(1),(1),1,, -1,2,0,1,50,12,2,1,972,97209,2,2,1,6,JULES MONNEROT (RUE),14.60816,-61.06937,6,2,1
202100040032,130Â 042,B01,1,1,1,0,8,-1,-1,-1, -1,-1,2021,23.0,3,1,0,2,0,0,0,,4,MARCEL MERIEUX                      (R ),0,,1,2,1,1,(1),(1),1,, -1,1,0,1,50,13,5,5,69,69387,2,3,0,3,MARCEL MERIEUX (R),45.72661,4.8305,23,2,2
202100045016,121Â 261,B01,1,1,1,0,8,-1,-1,-1, -1,-1,2021,46.0,1,1,0,2,8,1,5,,4,FELIX FAURE                         (AV),0,,2,3,2,1,(1),(1),1,, -1,1,0,1,50,5,4,1,69,69383,2,2,0,3,FELIX FAURE (AV),45.75289,4.85336,17,2,2
202100023576,159Â 496,A01,1,1,1,5,2,6,-1,-1, -1,-1,2021,19.0,3,1,0,0,8,1,1,,4,BARTHES (CHEMIN DES),0,,2,2,0,1,0,0,1,, -1,1,0,1,50,18,8,5,64,64102,2,1,0,6,BARTHES (CHEMIN DES),43.49982,-1.49266,22,1,1
202100029479,149Â 096,A01,2,2,1,0,1,-1,-1,0,0,-1,2021,49.0,1,2,4,0,3,1,1,,2,4,-1,,3,4,0,2,24,100,1,, -1,2,0,1,110,12,7,1,55,55291,1,1,1,7,Route Nationale 4,48.674229,5.299315,10,3,1
202100043500,123Â 907,A01,1,1,1,5,2,-1,-1,0,0,-1,2021,45.0,3,1,0,0,0,14,1,,4,vc,0,,2,2,0,1,(1),(1),3,, -1,9,0,1,50,18,4,1,49,49359,1,1,0,7,Rue des Vignes,47.216639,-0.187052,17,1,1
202100005109,192Â 641,A01,1,1,1,1,2,6,-1,-1, -1,-1,2021,59.0,3,1,0,2,7,1,1,,3,REPUBLIQUE (AV DE LA),0,,3,4,0,1,1,0,3,, -1,2,5,1,50,30,11,5,94,94017,2,3,1,3,REPUBLIQUE (AV DE LA),48.82682,2.50998,5,4,2
202100010516,182Â 928,A01,10,3,1,9,0,-1,-1,5,9,1,2021,19.0,3,2,15,1,1,26,1,,4,LEHOUCQ (RUE FIDELE),0,,2,2,1,1,(1),(1),1,, -1,1,0,4,50,28,10,1,59,59599,2,1,0,6,LEHOUCQ (RUE FIDELE),50.72037,3.15942,13,2,1
202100021276,163Â 624,B01,1,1,2,0,1,0,-1,-1, -1,-1,2021,49.0,3,2,0,2,3,1,1,,4,CHAILLOUET RUE),0,,2,0,0,1,(1),(1),1,, -1,1,0,1,50,1,9,1,10,10387,2,2,1,3,CHAILLOUET RUE),48.30479,4.0837,14,2,2
202100044203,122Â 665,A01,1,1,2,0,8,-1,-1,0,0,-1,2021,70.0,1,2,0,2,3,9,1,,3,20,-1,,2,2,0,1,4,990,1,, -1,1,5,1,80,13,4,1,28,28171,1,2,0,3,D20,48.713302,1.311455,18,2,2
202100040838,128Â 637,A01,1,1,1,0,2,-1,-1,0,0,-1,2021,46.0,1,1,8,0,1,1,1,,9,,-1,,2,2,0,1,7,800,3,, -1,1,0,4,50,8,5,1,30,30156,2,6,0,6,Rue des 4 Vents,43.85861,4.43463,20,1,1
202100051598,109Â 463,A01,1,1,1,4,8,0,-1,0,0,-1,2021,39.0,3,1,0,2,2,1,5,,4,RUE SAINT MARTIN,0,,1,3,0,1,(1),(1),1,, -1,1,0,1,50,13,2,1,75,75103,2,3,0,3,RUE SAINT MARTIN,48.868426,2.355281,12,2,2
202100012603,179Â 187,A01,1,1,1,0,1,0,-1,-1, -1,-1,2021,29.0,1,2,4,0,1,2,0,,1,AUTOROUTE A104,0,,1,3,0,1,3,599,1,, -1,2,0,1,70,18,10,3,93,93078,1,1,1,6,AUTOROUTE A104,48.95872,2.52691,0,1,1
202100002791,196Â 777,B01,1,1,1,9,2,0,-1,0,0,-1,2021,42.0,1,1,0,2,4,15,1,,4,PLACE FERNAND FOREST,0,,2,6,0,1,(1),(1),1,, -1,1,0,1,30,15,12,1,75,75115,2,2,0,2,PLACE FERNAND FOREST,48.849306,2.281676,15,2,2
202100004875,193Â 074,A01,1,1,1,1,2,-1,-1,0,0,-1,2021,57.0,3,1,12,2,8,21,1,,2,4,0,N,2,2,0,1,0,366,1,, -1,1,9,1,50,5,12,5,976,97608,2,1,0,3,Boulevard des crabes,-12.787675,45.264101,22,2,2
202100016304,172Â 492,A01,1,1,1,-1,1,-1,-1,0,0,-1,2021,52.0,2,4,3,0,3,2,1,,1,8,0,,1,4,0,2,202,0,1,, -1,1,2,1,110,30,9,1,6,6149,1,1,0,6,"A8, PK 202.000 chaussÃ©e nord",43.732081,7.305479,11,1,1
202100025741,155Â 673,A01,1,1,2,4,1,0,-1,-1, -1,-1,2021,24.0,2,2,0,2,3,19,1,,4,PIERRE DE MONTESQUIOU (AVENUE),0,,2,2,0,1,0,0,1,, -1,1,0,1,50,3,8,1,32,32013,2,4,0,3,PIERRE DE MONTESQUIOU (AVENUE),43.63,0.5872,12,2,2
202100025493,156Â 097,A01,1,1,1,1,2,6,-1,-1, -1,-1,2021,69.0,2,1,0,2,3,1,1,,4,REPUBLIQUE (R DE LA),0,,1,2,3,1,1,0,1,, -1,1,0,1,30,5,8,1,94,94018,2,1,0,3,Rue de la Republique,48.823329,2.41934,16,2,2
202100016092,172Â 881,A01,1,1,2,5,1,0,-1,-1, -1,-1,2021,60.0,0,2,0,5,9,26,1,,4,CAVES(RUE DES),0,,2,2,0,1,(1),(1),1,, -1,1,0,3,80,25,9,1,89,89354,1,1,0,6,CAVES(RUE DES),48.20123,3.24966,16,1,1
202100008057,187Â 331,A01,1,1,1,0,2,0,-1,-1, -1,-1,2021,20.0,1,1,0,2,1,1,0,,3,CRETEIL (BD DE),0,,2,2,0,1,86,0,1,, -1,1,0,1,30,14,11,5,94,94068,2,2,0,3,Boulevard de CrÃ©teil,48.7980066207,2.4828457832,21,3,2
202100003456,195Â 577,B01,1,1,1,0,8,0,-1,-1, -1,-1,2021,18.0,1,1,0,2,2,5,3,,4,,0,,1,1,0,1,0,0,1,, -1,1,0,1,50,11,12,1,92,92044,2,2,0,3,Rue Aristide Briand,48.8898323245,2.2823399305,15,2,2
202100002576,197Â 180,A01,1,1,1,0,8,0,-1,-1, -1,-1,2021,19.0,3,1,16,0,0,0,0,,4,MORNE PICHEVIN (AVENUE),0,,-1,1,0,1,0,0,1,, -1,1,0,1,30,16,12,1,972,97209,2,1,0,7,MORNE PICHEVIN (AVENUE),14.6041,-61.061602,10,1,1