Num_Acc,id_vehicule,num_veh,place,catu,sexe,trajet,secu1,secu2,secu3,locp,actp,etatp,year_acc,victim_age,senc,catv,obs,obsm,choc,manv,motor,occutc,catr,voie,v1,v2,circ,nbv,vosp,prof,pr,pr1,plan,lartpc,larrout,surf,infra,situ,vma,jour,mois,lum,dep,com,agg_,int,atm,col,adr,lat,long,hour,nb_victim,nb_vehicules
202100002306,197Â 665,A01,1,1,1,1,1,-1,-1,0,0,-1,2021,45.0,1,2,13,0,2,1,1,,3,66,-1,,2,2,0,4,1,20,3,, -1,7,0,3,80,20,12,3,82,82113,1,1,1,6,"""Clairette""",44.169792,1.376011,8,1,1
202100037380,134Â 853,A01,1,1,1,5,2,6,-1,0,0,-1,2021,63.0,1,1,13,0,2,1,1,,3,919,-1,,2,2,0,1,5,618,1,, -1,1,0,1,80,1,6,1,64,64422,1,1,0,7,Route de BarÃ©tous,43.168785,-0.660746,20,1,1
202100048825,114Â 491,A01,1,1,1,9,1,-1,-1,0,0,-1,2021,22.0,2,2,0,2,2,12,1,,1,7,0,,3,3,0,1,60,730,1,, -1,1,0,1,130,9,3,1,26,26250,1,1,0,2,Autoroute du Soleil,45.017471,4.875848,16,2,2
202100018648,168Â 306,A01,1,1,1,5,6,2,-1,0,0,-1,2021,58.0,1,1,0,0,0,1,1,,3,118,0,D,2,2,0,1,74,500,2,, -1,1,5,1,50,16,9,1,11,11209,2,9,0,7,D118,42.95921,2.258291,15,2,2
202100003489,195Â 517,A01,9,2,1,9,1,-1,-1,0,0,-1,2021,20.0,1,2,0,2,1,13,1,,2,4,-1,,2,2,0,1,(1),(1),1,, -1,1,0,1,80,12,12,2,971,97125,1,1,0,1,RN4,16.259653,-61.291904,5,4,2
202100009550,184Â 635,A01,1,1,2,0,1,4,-1,-1, -1,-1,2021,48.0,1,2,14,0,1,0,1,,1,A13,0,,3,3,0,1,48,1800,1,, -1,1,0,1,110,4,11,1,78,78362,1,1,0,6,A13,48.976367,1.720469,16,1,1
202100055221,103Â 113,A01,1,1,1,1,2,6,-1,-1, -1,-1,2021,48.0,2,1,0,2,3,17,1,,3,PAUL VAILLANT COUTURIER (AV),0,,2,2,0,1,65,0,1,, -1,2,0,1,50,13,1,1,94,94037,2,3,1,7,Avenue Paul Vaillant-Couturier,48.81512,2.34562,13,2,2
202100010533,182Â 901,A01,10,3,2,1,8,8,-1,3,3,1,2021,29.0,2,2,0,1,1,19,1,,4,BAS DES LICES (PLACE DU),0,,3,2,2,4,(1),(1),1,, -1,1,0,1,50,28,10,1,35,35238,2,3,0,6,BAS DES LICES (PLACE DU),48.11246,-1.68593,8,2,1
202100051980,108Â 792,B01,1,1,2,0,1,0,-1,-1, -1,-1,2021,41.0,1,2,4,0,4,0,1,,3,RD 170,0,,3,7,0,1,1,0,1,, -1,2,0,1,70,9,2,2,95,95582,1,1,1,2,RD 170,48.9643180407,2.2684302737,7,2,2
202100000526,200Â 760,B01,1,1,1,4,2,6,-1,-1, -1,-1,2021,40.0,1,1,0,2,3,21,1,,7,BD FERDINAND DE LESSEPS,0,,1,1,0,1,1,0,1,, -1,1,0,1,50,26,12,5,13,13203,2,9,0,3,BD FERDINAND DE LESSEPS,43.3213,5.3731,2,2,2
202100048342,115Â 346,A01,1,1,1,5,2,-1,-1,0,0,-1,2021,39.0,1,1,0,0,4,13,6,,3,903,-1,,2,2,0,2,58,400,1,, -1,1,0,1,70,13,3,1,74,74158,1,1,1,2,Route du pays de la CotÃ©,46.247182,6.331188,11,2,2
202100016963,171Â 303,A01,10,3,2,5,8,8,-1,3,3,2,2021,40.0,1,5,0,1,1,1,1,,4,GARE (DE LA),0,,1,1,0,1,(1),(1),1,, -1,1,5,6,30,24,9,1,25,25462,2,3,0,6,GARE (DE LA),46.90234,6.35458,11,3,1
202100055551,102Â 559,A01,1,1,1,1,1,0,-1,-1, -1,-1,2021,33.0,2,5,2,0,7,26,1,,4,RESISTANCE (BOULEVARD),0,,2,2,0,2,0,0,1,, -1,1,0,1,50,11,1,1,93,93033,2,2,0,3,RESISTANCE (BOULEVARD),48.8581,2.57151,14,2,2
202100034866,139Â 388,B01,1,1,1,5,1,-1,-1,0,0,-1,2021,43.0,2,2,0,2,1,0,1,,3,16,0,D,-1,2,0,2,6,900,1,, -1,1,0,1,70,12,6,1,30,30223,1,9,0,1,Route des Fumades,44.177827,4.169668,19,2,2
202100037913,133Â 896,A01,9,2,2,5,8,-1,-1,0,0,-1,2021,33.0,2,2,13,0,1,0,1,,3,,0,,2,2,1,1,3,450,2,, -1,1,0,3,50,27,5,3,85,85288,2,1,0,7,50 Rue de Cayola,46.453868,-1.710505,23,3,1
202100037806,134Â 078,A01,1,1,1,9,1,0,-1,-1, -1,-1,2021,52.0,1,2,0,2,1,1,1,,2,RN 1021,0,,1,2,0,1,107,645,1,, -1,1,0,1,80,28,5,1,24,24140,1,1,0,2,RN 1021,44.83969,0.5327,14,3,2
202100032326,143Â 977,B01,1,1,2,9,2,0,-1,0,0,-1,2021,51.0,1,1,0,2,2,1,5,,4,BOULEVARD DE STRASBOURG,0,,1,3,1,1,(1),(1),1,, -1,2,0,5,50,25,6,1,75,75110,2,1,1,3,BOULEVARD DE STRASBOURG,48.87137,2.355433,15,3,2
202100042732,125Â 255,A01,1,1,1,4,1,-1,-1,0,0,-1,2021,55.0,0,5,0,2,3,1,1,,3,93,0,D,2,2,0,1,4,790,1,, -1,1,0,1,50,23,4,1,62,62668,2,2,0,1,Rue de Laires,50.506061,2.258276,17,5,2
202100012496,179Â 371,A01,1,1,2,5,2,0,-1,-1, -1,-1,2021,25.0,1,1,0,2,1,2,1,,3,JEAN BAPTISTE CLEMENT (QU),0,,2,2,0,1,1,0,1,, -1,1,0,1,50,16,10,1,94,94002,2,1,0,2,Quai Jean-Baptiste ClÃ©ment,48.79516,2.42249,15,2,2
202100012570,179Â 244,A01,1,1,1,5,2,6,-1,0,0,-1,2021,15.0,1,1,0,0,9,9,1,,3,201,-1,,2,2,0,1,51,840,3,, -1,1,0,1,50,17,10,1,68,68309,2,6,0,7,D201,47.668386,7.44121,13,1,1
202100005504,191Â 955,A01,1,1,1,0,2,8,-1,-1, -1,-1,2021,16.0,1,1,0,2,1,2,1,,3,PASTEUR LOUIS (RUE),0,,2,2,0,1,(1),(1),1,, -1,2,0,1,50,26,11,5,59,59574,2,1,1,2,PASTEUR LOUIS (RUE),50.36042,3.28078,17,2,2
202100037456,134Â 710,A01,1,1,1,0,2,8,-1,-1, -1,-1,2021,46.0,1,1,1,0,7,0,1,,3,STALINGRAD (AV DE),0,,3,4,0,1,1,0,1,, -1,1,0,1,50,30,5,1,94,94021,2,1,0,6,178 Avenue de Stalingrad,48.7664,2.3679,8,1,1
202100011441,181Â 272,A01,1,1,1,5,1,5,-1,-1, -1,-1,2021,21.0,2,2,8,0,1,1,1,,3,50,0,,3,4,0,2,0,0,1,, -1,1,0,4,50,23,10,1,92,92049,2,2,0,6,BARBES RUE,48.8172823499,2.3288306594,10,1,1
202100053075,106Â 853,A01,1,1,1,1,2,6,-1,0,0,-1,2021,44.0,2,1,0,2,1,1,1,,4,BOULEVARD PERIPHERIQUE,0,,1,4,0,1,10,300,1,, -1,2,2,1,70,29,1,1,75,75116,2,1,1,7,BOULEVARD PERIPHERIQUE,48.834928,2.262709,16,1,1
202100034539,139Â 992,A01,1,1,1,0,1,0,-1,-1, -1,-1,2021,20.0,1,2,3,0,9,2,1,,1,AUTOROUTE A1,0,,3,4,0,1,198,699,1,, -1,1,0,1,90,11,6,3,59,59560,1,1,0,6,AUTOROUTE A1,50.539979,3.052657,22,2,1
202100024342,158Â 163,A01,1,1,1,3,1,-1,-1,0,0,-1,2021,64.0,1,2,15,0,1,1,1,,3,17,0,,2,2,0,2,(1),(1),2,, -1,1,0,3,30,11,8,1,63,63093,2,1,0,6,13 Route de Manzat,45.964914,2.999042,8,1,1
202100025024,156Â 924,A01,10,3,1,0,0,-1,-1,1,3,1,2021,66.0,1,2,0,1,5,26,1,,4,PASTEUR S2  (AVENUE),0,,2,1,3,1,(1),(1),1,, -1,1,0,1,30,8,8,1,93,93048,2,1,0,6,Avenue Pasteur,48.8665205988,2.435809346,16,2,1
202100007535,188Â 280,B01,1,1,1,0,1,0,-1,-1, -1,-1,2021,26.0,2,2,0,2,8,1,1,,1,A50-Sens Aubagne vers Marseille,0,,3,3,0,1,10,0,1,, -1,1,0,1,90,17,11,1,13,13070,1,1,0,5,A50-Sens Aubagne vers Marseille,43.28513,5.51728,14,3,3
202100044618,121Â 966,A01,1,1,1,0,0,-1,-1,0,0,-1,2021,26.0,2,2,6,0,1,1,1,,3,80,0,D,2,2,0,1,(1),(1),2,, -1,1,0,4,50,10,4,5,54,54456,2,1,0,6,Rue Charles Berlet,48.7028006447,6.3874340066,2,1,1
202100031870,144Â 787,A01,10,3,2,0,0,-1,-1,2,3,1,2021,23.0,1,2,0,1,3,1,1,,4,MULSANT (RUE),0,,-1,2,0,1,(1),(1),1,, -1,1,0,1,50,28,6,1,42,42187,2,2,0,6,Rue Mulsant,46.03769,4.06155,20,2,1
202100012468,179Â 422,B01,1,1,2,1,1,8,-1,-1, -1,-1,2021,49.0,0,2,0,0,8,9,1,,4,STRASBOURG (RUE DE),0,,2,4,0,1,0,1,1,, -1,1,9,1,50,14,10,1,8,8409,2,1,1,3,STRASBOURG (RUE DE),49.69879,4.94398,16,2,2
202100036187,137Â 011,B01,1,1,1,5,2,-1,-1,0,0,-1,2021,30.0,1,1,0,2,7,17,1,,3,D1001,0,,4,2,0,1,21,0,1,, -1,1,0,1,50,7,6,1,60,60462,2,1,0,3,Rue de Calais,49.331939,2.199304,17,2,2
202100006403,190Â 352,A01,10,3,1,1,0,-1,-1,3,3,1,2021,77.0,2,5,0,1,1,15,1,,4,JARDIN PUBLIC (AVENUE DU),0,,1,1,0,2,0,0,1,, -1,2,0,1,30,24,11,1,64,64122,2,1,0,6,JARDIN PUBLIC (AVENUE DU),43.48005,-1.56044,9,2,1
202100022836,160Â 793,B01,1,1,1,5,1,-1,-1,0,0,-1,2021,33.0,2,2,3,2,6,1,1,,1,84,-1,A,3,4,0,3,110,0,1,, -1,1,0,1,130,22,8,2,35,35152,1,1,0,3,A 84,48.232307,-1.484887,21,3,2
202100048178,115Â 630,A01,1,1,1,0,1,-1,-1,0,0,-1,2021,24.0,1,2,3,0,1,0,1,,2,137,-1,,3,4,0,1,65,200,1,, -1,1,0,1,110,13,3,1,44,44113,1,1,1,6,route nationale 137,47.579656,-1.628841,13,1,1
202100032784,143Â 175,A01,1,1,1,5,2,6,-1,0,0,-1,2021,22.0,1,1,0,2,1,17,1,,7,7,0,N,2,2,0,3,81,750,1,, -1,1,0,1,80,22,6,1,13,13079,1,9,0,3,Logis de la Colle,43.49088,5.655856,17,2,2
202100024579,157Â 723,B01,1,1,1,0,1,0,-1,-1, -1,-1,2021,59.0,2,2,0,0,0,0,1,,1,86,0,,3,6,0,1,2,400,1,, -1,1,0,1,90,12,8,1,92,92050,1,1,0,2,A86,48.9180852121,2.2229496253,17,2,2
202100054025,105Â 175,A01,1,1,1,0,2,0,-1,-1, -1,-1,2021,33.0,1,1,0,2,8,3,1,,2,ROUTE NATIONALE 1,0,,3,4,0,1,4,0,1,, -1,1,0,1,90,22,1,1,973,97302,1,1,0,3,ROUTE NATIONALE 1,4.89755,-52.32798,9,2,2
202100025124,156Â 746,A01,1,1,1,5,8,0,-1,-1, -1,-1,2021,37.0,1,1,12,0,1,0,3,,3,BOIS SABOT (RUE DU),0,,2,2,2,1,0,0,1,, -1,1,0,4,50,7,8,5,28,28134,2,1,0,6,BOIS SABOT (RUE DU),48.73973,1.35416,0,1,1
202100023443,159Â 717,A01,10,3,1,0,0,-1,-1,3,3,-1,2021,68.0,3,5,0,1,3,15,1,,7,DULAC (AVENUE GUILLAUME),0,,2,2,0,1,0,0,1,, -1,1,0,1,50,19,8,1,13,13028,2,1,0,1,DULAC (AVENUE GUILLAUME),43.1962875264,5.6130073764,8,2,1
202100039855,130Â 341,B01,1,1,1,0,2,0,-1,-1, -1,-1,2021,13.0,1,1,1,0,6,1,5,,4,ANATOLE FRANCE (BOULEVARD) 5/FIN,0,,3,2,0,2,0,0,1,, -1,2,0,1,30,15,5,1,92,92012,2,1,1,2,ANATOLE FRANCE (BOULEVARD) 5/FIN,48.85014,2.23854,15,2,2
202100012333,179Â 690,B01,2,2,2,5,2,-1,-1,0,0,-1,2021,16.0,1,1,0,2,1,1,1,,2,7,0,A,3,5,1,1,13,200,1,, -1,1,5,1,50,20,10,1,69,69243,2,3,0,3,EDOUARD HERRIOT (AV),45.889291,4.456072,12,3,2
202100004366,193Â 953,A01,1,1,1,1,1,0,-1,-1, -1,-1,2021,45.0,2,2,3,2,6,1,1,,1,Autoroute A31,0,,3,4,0,1,344,100,1,, -1,2,0,1,110,30,11,3,57,57356,1,1,0,6,Autoroute A31,49.44307,6.10539,21,1,1
202100003117,196Â 194,A01,1,1,1,5,1,0,-1,-1, -1,-1,2021,47.0,2,2,0,2,1,19,1,,3,MACONS (RUE DES),0,,2,2,0,1,0,0,1,, -1,1,5,1,50,10,12,5,50,50129,2,2,0,3,MACONS (RUE DES),49.64656,-1.64304,21,2,2
202100000301,201Â 184,A01,10,3,1,5,0,-1,-1,1,1,1,2021,89.0,1,2,0,1,7,0,1,,3,54,-1,E,2,2,0,2,0,500,2,, -1,1,0,1,80,17,12,1,69,69093,1,1,0,6,GRANDRIS (DE) (RTE),46.036681,4.481531,16,2,1
202100026142,154Â 966,A01,10,3,2,5,0,-1,-1,1,3,2,2021,16.0,3,2,0,1,2,1,1,,4,RECOUVRANCE (PONT),0,,3,2,0,1,(1),(1),1,, -1,1,2,1,50,31,7,1,29,29019,2,1,0,6,Pont de Recouvrance,48.38435,-4.49546,15,3,1
202100055365,102Â 874,A01,10,3,1,4,0,-1,-1,2,A,1,2021,45.0,1,5,1,1,2,1,1,,4,QUAI HENRI IV,0,,1,2,0,1,(1),(1),1,, -1,1,0,1,50,11,1,1,75,75104,2,3,0,6,QUAI HENRI IV,48.848927,2.362493,10,2,1
202100048928,114Â 297,A01,1,1,1,1,2,6,-1,-1, -1,-1,2021,40.0,1,1,0,2,7,17,1,,3,GABRIEL PERI (AVENUE),0,,2,2,0,1,0,0,1,, -1,1,0,1,30,6,3,1,91,91687,2,1,0,3,GABRIEL PERI (AVENUE),48.67852,2.3737,8,2,2
202100008298,186Â 890,A01,1,1,1,5,0,-1,-1,0,0,-1,2021,66.0,2,2,0,2,3,13,1,,3,19,0,D,2,2,0,1,10,450,1,, -1,2,0,1,80,14,11,3,38,38546,1,1,0,5,Les Culees,45.643396,5.4304,19,4,3
202100000161,201Â 458,B01,1,1,1,5,2,-1,-1,0,0,-1,2021,16.0,3,1,0,2,3,10,1,,2,7,0,,2,2,0,2,(1),(1),1,, -1,1,0,1,70,19,12,1,978,97801,2,1,0,3,ZA DE BELLEVUE,18.05759,-63.085502,14,2,2
202100048131,115Â 709,A01,1,1,1,9,8,-1,-1,-1, -1,-1,2021,27.0,1,2,11,0,1,1,1,,4,LEON BLUM      (Rue),0,,2,4,0,1,(1),(1),1,, -1,1,0,1,50,13,3,5,69,69266,2,1,0,6,LEON BLUM (R),45.7600682719,4.8983520269,2,1,1
202100029345,149Â 313,B01,1,1,1,5,2,6,-1,-1, -1,-1,2021,39.0,1,1,0,2,1,1,1,,3,3,0,,2,4,2,2,0,0,1,, -1,1,0,1,50,11,7,5,92,92050,2,2,0,1,VAILLANT COUTURIER PAUL RUE,48.8786685212,2.210637778,1,2,2
202100052997,106Â 987,B01,1,1,1,4,2,8,-1,-1, -1,-1,2021,20.0,1,1,0,2,1,5,1,,3,GENERAL GALLIENI (AVENUE DU) NÂ° 12 A 42,0,,2,2,0,2,0,0,1,, -1,2,0,1,30,31,1,1,92,92048,2,1,1,3,GENERAL GALLIENI (AVENUE DU) NÂ° 12 A 42,48.8197307183,2.2292542972,12,3,2
202100010029,183Â 771,A01,1,1,1,5,1,0,-1,-1, -1,-1,2021,28.0,3,2,4,0,1,21,1,,7,D9,0,,1,4,0,1,0,0,3,, -1,2,0,1,90,30,10,3,13,13019,1,1,1,7,D9,43.46538,5.3399,19,1,1
202100056358,101Â 163,A01,1,1,1,5,1,-1,-1,0,0,-1,2021,49.0,0,2,15,0,1,1,1,,4,VC,0,,2,2,0,1,(1),(1),1,, -1,1,0,1,80,3,1,3,46,46231,1,1,0,6,Lieu Dit Inganels,44.495373,1.115777,21,1,1
202100004848,193Â 123,A01,4,2,2,5,1,-1,-1,0,0,-1,2021,15.0,2,2,0,2,9,13,1,,2,40,0,T,2,2,0,2,14,375,3,, -1,1,0,1,80,3,12,3,201,201085,1,1,0,1,195 Traina,41.918810244,8.8918435612,20,7,2
202100007895,187Â 626,A01,1,1,1,0,1,-1,-1,0,0,-1,2021,64.0,1,2,0,2,1,17,1,,3,951,0,,2,2,0,1,14,580,2,, -1,2,0,1,80,16,11,1,89,89021,1,1,1,5,D951,47.494722,3.761167,11,4,3
202100048194,115Â 611,A01,1,1,1,5,2,6,9,0,0,-1,2021,25.0,1,1,13,0,7,2,1,,3,,-1,,2,2,0,2,20,0,3,, -1,1,0,3,80,13,3,1,85,85289,1,1,0,6,D49,46.66585,-0.686214,14,2,1
202100002415,197Â 460,B01,1,1,1,9,8,0,-1,-1, -1,-1,2021,60.0,1,1,0,2,6,26,1,,4,DOYENNE BOULEVARD ET PASSAGE,0,,2,2,0,1,1,0,1,, -1,1,0,1,50,17,12,1,49,49007,2,1,0,3,DOYENNE BOULEVARD ET PASSAGE,47.48822,-0.53634,9,2,2
202100026640,154Â 087,B01,1,1,2,0,1,0,-1,0,0,-1,2021,26.0,1,2,0,2,7,19,1,,7,FLAUBERT (BD GUSTAVE),0,,-1,4,0,1,(1),(1),1,, -1,1,0,1,50,27,7,5,63,63113,2,6,0,3,FLAUBERT (BD GUSTAVE),45.76456,3.12555,23,4,2
202100007248,188Â 800,A01,1,1,1,0,8,0,-1,0,0,-1,2021,50.0,1,2,0,2,7,1,1,,4,MALRAUX (RUE ANDRE),0,,2,2,0,1,0,0,1,, -1,2,0,1,50,13,11,5,47,47323,2,2,1,3,MALRAUX (RUE ANDRE),44.41136,0.728395,18,2,2
202100054833,103Â 788,A01,1,1,1,5,8,-1,-1,0,0,-1,2021,19.0,1,2,15,0,9,13,1,,3,103,0,,2,2,0,2,11,180,3,, -1,2,0,3,80,17,1,1,33,33038,1,1,0,6,Route de Courbian,45.376359,-0.942586,15,1,1
202100046156,119Â 263,A01,1,1,2,0,2,8,-1,-1, -1,-1,2021,24.0,1,1,0,0,0,0,1,,4,PETITES MURAILLES (RUE DES),0,,2,2,0,1,0,0,1,, -1,1,0,1,50,28,3,5,92,92036,2,1,0,7,PETITES MURAILLES (RUE DES),48.9318611006,2.2977299784,22,1,1
202100052924,107Â 120,A01,10,3,2,0,0,-1,-1,4,3,1,2021,77.0,-1,2,0,1,0,-1,-1,,4,DE LA REPUBLIQUE (AVENUE),0,,2,2,0,1,0,0,1,, -1,2,0,1,50,1,2,1,93,93007,2,3,1,6,DE LA REPUBLIQUE (AVENUE),48.936561268,2.4651352841,10,2,1
202100024354,158Â 148,B01,2,2,2,9,1,-1,-1,0,0,-1,2021,76.0,2,2,0,2,1,1,1,,3,1120,-1,,2,2,0,1,28,450,1,, -1,1,0,8,90,14,8,1,19,19192,1,1,0,1,RD1120,45.120356,1.906192,9,3,2
202100002990,196Â 433,A01,1,1,1,1,1,-1,-1,0,0,-1,2021,34.0,1,2,13,0,0,2,1,,3,130,0,A,2,2,0,1,9,758,1,,5,2,0,3,80,16,12,3,79,79285,1,1,1,7,La Boucherie,46.553519,-0.342207,8,1,1
202100024240,158Â 340,A01,2,2,2,0,8,0,-1,-1, -1,-1,2021,19.0,2,2,9,0,1,6,1,,2,Voie d'accÃ¨s Ã  la R.N. 306,0,,1,0,0,1,0,0,3,, -1,2,3,3,50,7,8,2,91,91064,2,4,0,7,VAL DE GRACE (RUE DU),48.77396,2.22858,20,2,1
202100054583,104Â 212,A01,1,1,1,0,1,0,-1,0,0,-1,2021,44.0,1,2,14,0,1,13,1,,7,D974 ,0,,3,2,0,2,(1),(1),3,, -1,2,0,1,50,18,1,5,54,54547,2,1,0,6,LECLERC (AVENUE DU GENERAL),48.65918,6.15853,23,1,1
202100003613,195Â 288,B01,1,1,1,1,2,6,-1,-1, -1,-1,2021,51.0,2,1,0,2,1,1,1,,4,LECLERC (PLACE DU GENERAL),0,,2,2,0,1,0,0,3,, -1,2,0,1,30,10,12,5,64,64024,2,1,1,1,LECLERC (PLACE DU GENERAL),43.49471,-1.529,4,2,2
202100041028,128Â 281,A01,1,1,1,5,2,-1,-1,0,0,-1,2021,16.0,2,1,3,0,7,1,1,,2,134,0,N,2,2,0,2,48,600,2,, -1,1,0,3,50,8,5,1,64,64230,1,1,0,6,N134,43.201178,-0.419645,17,2,1
202100023168,160Â 205,A01,1,1,2,0,1,-1,-1,0,0,-1,2021,20.0,1,2,0,0,1,1,1,,3,906,-1,D,2,2,0,1,74,10,1,, -1,1,0,1,80,20,8,1,63,63430,1,1,0,6,D906,45.864766,3.538758,8,1,1
202100027112,153Â 251,B01,1,1,1,1,1,-1,-1,0,0,-1,2021,18.0,0,2,0,2,3,0,1,,3,224,-1,D,2,2,0,1,25,(1),1,, -1,2,0,1,80,24,7,3,63,63148,2,1,0,1,7 Route des Rollet,45.88841,3.185386,4,2,2
202100013229,178Â 093,B01,1,1,1,0,2,6,-1,-1, -1,-1,2021,51.0,3,1,0,2,3,3,1,,3,QUAI DES TANNEURS,0,,2,2,0,1,38,373,1,, -1,1,0,1,50,14,10,1,77,77333,2,1,0,3,D607,48.267,2.69868,16,2,2
202100030485,147Â 276,A01,1,1,1,5,2,-1,-1,0,0,-1,2021,70.0,2,1,0,2,1,17,1,,3,950,-1,,2,2,0,1,13,200,1,, -1,1,5,1,90,7,7,1,17,17271,1,2,0,3,Intersection D950/D220,45.989195,-0.412642,17,2,2
202100051479,109Â 688,A01,1,1,1,1,1,-1,-1,0,0,-1,2021,46.0,2,2,3,0,3,17,1,,1,26,-1,A,3,4,0,1,103,370,1,, -1,7,0,3,130,15,2,5,62,62369,1,1,0,6,L'Autoroute des Anglais (Pont),50.322422,2.858886,5,1,1
202100018891,167Â 879,A01,1,1,1,5,2,6,-1,-1, -1,-1,2021,60.0,1,1,0,2,1,2,1,,1,86,0,,3,6,0,1,2,509,1,, -1,2,0,1,90,15,9,1,92,92025,1,1,1,2,A86,48.9190696484,2.2238645791,10,2,2
202100037800,134Â 094,B01,1,1,1,0,2,-1,-1,-1, -1,-1,2021,21.0,3,1,0,2,1,0,1,,6,RUE DES FRERES LUMIERE,0,,-1,-1,0,1,(1),(1),1,, -1,1,0,1,50,27,5,1,33,33039,2,3,0,3,RUE DES FRERES LUMIERE,44.795737,-0.537203,10,2,2
202100052599,107Â 703,B01,1,1,1,2,2,-1,-1,0,0,-1,2021,23.0,1,1,0,2,1,1,1,,3,177,0,D,2,2,0,1,67,530,1,, -1,2,0,1,80,5,2,2,35,35285,1,2,1,3,lieu-dit La BAsse lande,47.75549,-1.943979,7,2,2
202100054728,103Â 966,B01,1,1,1,5,2,-1,-1,0,0,-1,2021,20.0,1,1,0,2,1,1,1,,2,3,0,A,3,3,0,2,15,5,1,, -1,1,0,1,50,14,1,5,976,97606,2,9,0,3,RN3 STATION ESSENCE,-12.933996,45.152993,19,2,2
202100007749,187Â 902,A01,4,2,1,9,1,8,-1,-1, -1,-1,2021,11.0,3,2,0,2,2,26,1,,4,TAMATAVE (BOULEVARD),0,,2,2,0,1,0,0,1,, -1,1,0,1,50,14,11,3,974,97407,2,3,0,3,TAMATAVE (BOULEVARD),-20.93,55.301,20,5,2
202100007761,187Â 887,B01,1,1,2,9,2,6,-1,0,0,-1,2021,51.0,2,1,0,2,7,17,1,,3,MEZZAVIA ROUTE DE,0,,-1,2,0,2,0,800,1,, -1,1,0,1,50,16,11,5,201,201004,2,1,0,3,MEZZAVIA ROUTE DE,41.94624,8.76825,18,2,2
202100010306,183Â 281,B01,2,2,1,0,1,-1,-1,-1, -1,-1,2021,19.0,0,2,7,2,3,1,1,,4,LAURENT (RUE GUSTAVE),0,,2,2,0,1,(1),(1),1,, -1,2,5,1,20,29,10,5,51,51454,2,2,0,4,Rue Gustave Laurent,49.25453,4.04823,18,4,3
202100054496,104Â 360,A01,10,3,1,5,0,-1,-1,4,3,2,2021,1.0,1,1,0,1,1,1,5,,3,MARNE   ( AVENUE DE LA ),0,,2,2,0,1,0,0,1,, -1,1,0,1,50,19,1,1,92,92004,2,1,0,6,MARNE   ( AVENUE DE LA ),48.9090384327,2.285505208,16,2,1
202100051547,109Â 560,A01,1,1,2,1,1,-1,-1,0,0,-1,2021,52.0,0,2,13,0,2,1,1,,3,83,-1,,2,2,0,1,2,150,1,, -1,1,0,1,80,15,2,4,24,24064,1,1,0,3,Les gourdou,45.373554,0.685143,7,2,2
202100026835,153Â 751,A01,1,1,1,0,2,0,-1,-1, -1,-1,2021,49.0,1,1,0,2,8,18,5,,4,CATALANS (RUE DES),0,,1,3,2,1,0,0,1,, -1,1,0,1,50,26,7,1,13,13207,2,1,0,2,CATALANS (RUE DES),43.2924334329,5.3556697461,9,2,2
202100047866,116Â 200,B01,1,1,1,1,1,-1,-1,0,0,-1,2021,37.0,1,2,0,2,1,1,1,,2,20,0,,2,2,0,1,61,116,1,, -1,1,0,1,50,15,3,5,9,9296,2,9,0,1,N20,42.798948,1.661761,4,4,2
202100031091,146Â 169,A01,1,1,1,5,1,0,-1,-1, -1,-1,2021,37.0,2,2,0,2,1,2,1,,7,RN 60,0,,3,4,0,1,93,405,1,, -1,2,0,1,90,29,6,1,45,45284,1,1,1,2,D2060-PK93+405,47.9238049227,1.955144763,9,6,2
202100035235,138Â 723,A01,10,3,2,0,0,-1,-1,1,3,2,2021,64.0,2,2,0,1,2,1,1,,3,15EME CORPS (AVE DU),0,,2,1,0,1,28,800,1,, -1,1,0,1,50,10,6,1,83,83137,2,1,0,6,15EME CORPS (AVE DU),43.12814,5.90846,16,2,1
202100024444,157Â 988,B01,1,1,1,0,1,-1,-1,0,0,-1,2021,22.0,1,2,0,2,1,2,0,,3,228,0,,2,2,0,1,3,92,1,, -1,1,0,1,90,13,8,1,77,77382,1,1,0,6,D228,48.907594,2.888439,16,4,4
202100046370,118Â 884,A01,1,1,1,5,2,6,-1,0,0,-1,2021,41.0,2,1,0,2,3,7,1,,4,RUE DE CRIMEE,0,,1,2,3,1,(1),(1),1,, -1,1,0,1,50,27,3,1,75,75119,2,1,0,3,RUE DE CRIMEE,48.891079,2.376285,14,2,2
202100022666,161Â 104,B01,1,1,2,9,1,0,-1,-1, -1,-1,2021,28.0,1,2,0,2,4,2,1,,4,BRY (RTE DE),0,,2,2,0,1,1,0,3,, -1,1,0,1,50,25,8,1,94,94079,2,1,0,4,Route de Bry,48.82972,2.53903,11,3,3
202100002174,197Â 901,A01,1,1,1,4,1,-1,-1,0,0,-1,2021,33.0,2,4,12,0,8,1,1,,3,929,-1,,2,2,0,1,30,1012,1,, -1,1,5,4,-1,21,12,3,76,76328,1,6,0,7,D929/D151,49.666593,1.189004,3,1,1
202100040595,129Â 053,A01,2,2,2,5,1,0,-1,-1, -1,-1,2021,19.0,1,1,0,2,0,15,1,,2,ROUTE NATIONALE 1,0,,-1,2,0,1,4,199,1,, -1,1,0,1,50,9,5,1,972,97213,1,9,0,7,ROUTE NATIONALE 1,14.61983,-60.9947,13,3,2
202100042386,125Â 866,A01,2,2,2,4,0,-1,-1,0,0,-1,2021,39.0,1,5,2,0,1,1,1,,2,580,0,N,2,2,0,2,19,50,1,, -1,2,0,3,70,27,4,3,30,30221,1,1,1,7,N580,44.028556,4.736953,22,3,1