Num_Acc,id_vehicule,num_veh,place,catu,sexe,trajet,secu1,secu2,secu3,locp,actp,etatp,year_acc,victim_age,senc,catv,obs,obsm,choc,manv,motor,occutc,catr,voie,v1,v2,circ,nbv,vosp,prof,pr,pr1,plan,lartpc,larrout,surf,infra,situ,vma,jour,mois,lum,dep,com,agg_,int,atm,col,adr,lat,long,hour,nb_victim,nb_vehicules
202100039627,130Â 757,A01,1,1,1,5,2,-1,-1,0,0,-1,2021,45.0,2,1,0,2,1,2,0,,3,939,0,,2,2,0,1,82,247,1,, -1,1,0,1,50,17,5,2,17,17420,2,1,0,2,Grande Rue de Grolleau,46.116357,-1.020591,19,2,2
202100019214,167Â 284,A01,2,2,2,5,1,5,-1,-1, -1,-1,2021,21.0,0,2,8,0,1,2,1,,4,PAVE DE GRIGNON (R DU),0,,2,2,0,1,1,0,1,, -1,1,0,4,50,13,9,5,94,94073,2,1,0,6,PAVE DE GRIGNON (R DU),48.757431,2.401998,2,2,1
202100054379,104Â 561,B01,1,1,1,1,2,6,-1,-1, -1,-1,2021,43.0,1,1,0,2,8,1,0,,3,MARTRE DE (4 A 54),0,,1,3,1,1,0,0,1,, -1,1,0,5,50,20,1,1,92,92024,2,3,0,3,MARTRE DE (4 A 54),48.89953,2.30926,8,2,2
202100051448,109Â 734,B01,1,1,1,5,1,0,-1,0,0,-1,2021,78.0,1,2,0,2,4,2,1,,4,BOULEVARD HENRI IV,0,,2,4,0,1,(1),(1),1,, -1,1,0,1,50,14,2,1,75,75104,2,3,0,5,BOULEVARD HENRI IV,48.852231,2.36603,13,7,4
202100050712,111Â 045,B01,1,1,1,9,2,6,-1,0,0,-1,2021,23.0,1,1,0,2,1,17,1,,7,57,0,M,2,2,0,1,5,500,1,, -1,1,0,1,80,20,2,1,59,59611,1,1,0,2,rue de messines,50.69187,2.984553,13,2,2
202100044234,122Â 596,B01,1,1,1,0,2,6,-1,-1, -1,-1,2021,16.0,2,1,0,2,1,1,1,,2,kaweni-Kaweni nord ( Z I ),0,,2,0,0,2,0,0,3,, -1,1,0,1,50,12,4,3,976,97611,1,1,0,3,kaweni-Kaweni nord ( Z I ),-12.75852,45.23098,20,2,2
202100039230,131Â 495,A01,1,1,1,1,2,6,-1,-1, -1,-1,2021,33.0,2,1,14,0,0,26,1,,1,ROCADE A 630,0,,3,4,0,1,10,859,1,, -1,1,3,1,70,20,5,1,33,33162,1,1,0,6,,44.877918,-0.630419,18,1,1
202100029826,148Â 475,B01,3,2,2,9,3,0,-1,0,0,-1,2021,0.0,1,2,0,2,3,1,1,,4,BOULEVARD MASSENA,0,,3,2,0,2,(1),(1),1,, -1,1,0,1,50,9,7,5,75,75113,2,4,0,3,BOULEVARD MASSENA,48.822716,2.373039,0,4,2
202100030702,146Â 880,A01,1,1,2,1,1,5,-1,0,0,-1,2021,23.0,2,2,0,2,3,15,1,,2,19,0,N,2,2,0,2,10,600,1,, -1,2,0,1,80,9,3,1,70,70329,1,2,1,3,N19,47.7361509849,5.7988568544,16,2,2
202100017145,170Â 991,B01,1,1,1,4,2,0,-1,-1, -1,-1,2021,28.0,1,1,0,2,1,1,1,,3,908,0,,-1,2,0,1,0,0,1,, -1,1,0,1,50,24,9,1,92,92035,2,1,0,3,RÃ©publique ( boulevard de la ),48.9070920687,2.2427988052,13,2,2
202100039771,130Â 496,A01,2,2,1,5,8,-1,-1,0,0,-1,2021,34.0,1,2,9,0,1,0,1,,3,31,-1,,2,2,0,1,4,(1),1,, -1,1,0,1,50,16,5,3,71,71084,2,1,0,6,Rue du Bourgneuf,46.2460405762,4.7644777461,1,2,1
202100002888,196Â 608,A01,10,3,2,0,0,-1,-1,3,3,1,2021,69.0,2,2,0,1,3,1,1,,3,ALBERT 1ER BD,0,,2,2,0,1,(1),(1),1,, -1,1,0,1,50,14,12,1,201,201004,2,1,0,6,ALBERT 1ER BD,41.91286,8.72466,10,2,1
202100004806,193Â 191,B01,1,1,1,9,2,8,-1,0,0,-1,2021,34.0,2,1,0,2,7,1,1,,4,AVENUE DE LA PORTE D IVRY,0,,2,4,0,1,(1),(1),1,, -1,2,2,1,30,4,12,3,75,75113,2,2,1,3,AVENUE DE LA PORTE D IVRY,48.819628,2.373084,4,2,2
202100022844,160Â 781,A01,1,1,1,5,2,6,-1,0,0,-1,2021,63.0,2,1,6,0,1,15,1,,4,,-1,,2,1,0,1,(1),(1),1,,4,1,0,8,50,23,8,5,71,71305,2,4,0,6,Chemin du Lavoir de By,46.470102,4.851134,22,1,1
202100033857,141Â 245,A01,1,1,1,2,1,5,-1,-1, -1,-1,2021,19.0,3,2,0,2,1,13,1,,7,COL DE LA GINESTE D559,0,,-1,2,0,1,1,0,1,, -1,1,0,1,70,17,6,1,13,13209,1,1,0,1,COL DE LA GINESTE D559,43.2401099502,5.4553651338,17,2,2
202100025512,156Â 067,A01,1,1,2,4,0,-1,-1,0,0,-1,2021,20.0,2,2,10,0,2,2,1,,3,58,0,D,2,2,0,4,0,780,2,, -1,2,2,3,50,5,8,1,79,79176,2,1,1,6,56 Rue de Saint-Maixent,46.490079,-0.057431,19,1,1
202100012870,178Â 721,A01,1,1,1,9,1,0,-1,0,0,-1,2021,46.0,1,2,4,0,1,15,2,,4,BOULEVARD THIERRY DE MARTEL,0,,2,2,0,1,(1),(1),2,, -1,1,8,1,50,16,10,5,75,75116,2,3,0,6,BOULEVARD THIERRY DE MARTEL,48.875535,2.27907,5,1,1
202100028420,150Â 915,A01,1,1,1,5,2,-1,-1,0,0,-1,2021,67.0,1,1,6,0,1,13,1,,3,910,-1,,3,2,0,2,1,200,3,, -1,1,0,4,50,18,7,1,53,53094,1,1,1,7,Le Port,47.998602,-0.73456,18,1,1
202100049694,112Â 916,A01,1,1,1,0,2,-1,-1,0,0,-1,2021,54.0,0,1,0,2,2,1,1,,7,2204,-1,,2,2,0,1,(1),(1),1,, -1,1,0,1,50,26,2,1,6,6149,2,1,0,3,M2204,43.733992,7.300898,14,2,2
202100011138,181Â 824,B01,1,1,2,0,1,-1,-1,0,0,-1,2021,22.0,1,2,0,0,1,1,1,,3,1113,0,D,2,2,0,1,31,784,3,, -1,2,0,1,70,25,10,1,33,33337,1,1,0,1,,44.575658,-0.290322,10,2,2
202100053044,106Â 906,B01,1,1,2,0,1,5,-1,-1, -1,-1,2021,25.0,2,2,0,2,5,1,1,,1,AUTOROUTE A1,0,,-1,3,0,1,2,0,1,, -1,1,0,1,90,30,1,2,972,97213,1,1,0,2,AUTOROUTE A1,14.61809,-61.02804,6,2,2
202100011942,180Â 380,B01,2,2,2,5,1,-1,-1,-1, -1,-1,2021,22.0,2,2,0,2,7,1,1,,7,,0,,1,3,0,1,0,649,1,, -1,1,0,1,70,17,10,1,69,69382,1,1,0,5,M7,45.74349,4.82652,16,4,3
202100046486,118Â 693,A01,10,3,2,0,0,-1,-1,3,3,1,2021,38.0,1,2,0,1,2,1,1,,4,JAURES (BOULEVARD JEAN),0,,1,0,0,1,0,0,1,, -1,1,0,1,70,26,3,1,974,97411,2,1,0,6,JAURES (BOULEVARD JEAN),-20.89969,55.48013,8,2,1
202100004270,194Â 122,B01,1,1,1,0,8,0,-1,-1, -1,-1,2021,21.0,0,1,0,0,0,0,3,,4,DE GAULLE (RUE DU GENERAL),0,,1,0,0,1,(1),(1),1,, -1,1,0,1,50,6,12,1,27,27528,2,6,0,3,DE GAULLE (RUE DU GENERAL),49.26323,1.21154,13,2,2
202100025286,156Â 460,A01,1,1,2,0,1,0,-1,-1, -1,-1,2021,36.0,1,2,8,0,1,26,1,,7,,0,,1,1,0,3,4,1,1,, -1,1,2,8,50,6,8,1,45,45302,2,2,0,6,Rue de Pimelin,47.927208,1.87571,11,1,1
202100051919,108Â 900,B01,1,1,1,5,2,0,-1,0,0,-1,2021,63.0,1,1,0,2,1,9,5,,3,VEYNES ( AVENUE DE  ),0,,2,3,0,2,68,700,1,, -1,1,5,1,50,9,2,1,5,5061,2,6,0,3,VEYNES ( AVENUE DE  ),44.557894,6.068714,14,2,2
202100021233,163Â 702,A01,1,1,2,1,1,5,-1,-1, -1,-1,2021,51.0,1,2,0,2,1,26,1,,4,COURONNE (RUE DE LA),0,,2,2,0,4,(1),(1),1,, -1,1,0,1,50,2,9,1,71,71153,2,1,0,2,COURONNE (RUE DE LA),46.80294,4.41527,9,3,2
202100007234,188Â 824,B01,1,1,1,5,2,6,-1,-1, -1,-1,2021,29.0,1,1,0,2,1,2,1,,2,RN 162,0,,3,5,0,1,0,0,1,, -1,1,3,1,90,18,11,3,53,53054,1,1,0,2,RN 162,48.09661,-0.74783,19,2,2
202100003356,195Â 764,A01,1,1,2,5,1,-1,-1,0,0,-1,2021,79.0,1,2,7,4,2,1,1,,3,1006,-1,,2,2,0,1,2,330,2,, -1,2,4,8,70,13,12,1,73,73100,1,8,1,3,D1006,45.5244645285,5.6955265402,16,2,2
202100033226,142Â 373,B01,1,1,1,0,1,0,-1,-1, -1,-1,2021,27.0,3,2,0,2,1,1,0,,4,EUGENE DELACROIX (RUE),0,,2,2,0,1,0,0,1,, -1,1,0,1,50,20,6,1,93,93005,2,9,0,3,EUGENE DELACROIX (RUE),48.953406,2.499003,16,3,2
202100026944,153Â 551,A01,1,1,2,5,1,-1,-1,0,0,-1,2021,19.0,2,2,0,0,9,1,1,,3,1205,0,,2,2,0,1,35,450,4,, -1,1,0,1,80,21,3,2,74,74264,1,1,0,7,Av de la Route Blanche,46.060281,6.549616,18,1,1
202100009667,184Â 430,B01,1,1,1,0,1,-1,-1,0,0,-1,2021,47.0,0,2,0,2,0,16,1,,3,143,0,,2,2,0,1,14,100,1,, -1,2,0,1,80,4,11,1,29,29225,1,3,0,3,D143 - Kersaudy Bihan,47.9661396059,-4.3583765424,8,3,2
202100024264,158Â 297,B01,1,1,2,5,2,6,-1,-1, -1,-1,2021,15.0,3,1,0,2,7,1,1,,4,PYRENEES (AVENUE DES),0,,2,2,0,1,0,0,1,, -1,1,0,1,30,12,8,1,64,64024,2,3,0,3,PYRENEES (AVENUE DES),43.50331,-1.50539,18,2,2
202100022071,162Â 176,B01,1,1,1,5,2,0,-1,-1, -1,-1,2021,12.0,3,1,0,2,2,19,0,,4,ALLENDE (BOULEVARD SALVADOR),0,,2,3,0,1,(1),(1),1,, -1,1,0,1,50,27,8,1,60,60175,2,1,0,3,ALLENDE (BOULEVARD SALVADOR),49.25182,2.47667,15,2,2
202100006630,189Â 940,B01,1,1,2,0,1,0,-1,-1, -1,-1,2021,24.0,1,2,0,2,4,1,2,,4,BIARRITZ (AVENUE DE),0,,2,2,0,1,0,0,1,, -1,2,0,1,50,22,11,1,64,64024,2,1,1,2,BIARRITZ (AVENUE DE),43.4803,-1.52038,13,2,2
202100026311,154Â 661,A01,1,1,1,0,2,-1,-1,-1, -1,-1,2021,54.0,2,1,0,2,1,3,1,,4,RUE DU JARD,0,,2,2,0,1,(1),(1),1,, -1,1,0,1,50,29,7,1,33,33281,2,2,0,3,Rue du Jard,44.84156,-0.63946,16,2,2
202100054313,104Â 678,A01,10,3,1,2,0,-1,-1,5,3,2,2021,18.0,1,2,9,2,2,1,0,,4,MARGOT (RUE),0,,2,2,0,2,0,0,3,, -1,1,0,1,30,20,1,1,91,91687,2,1,0,6,MARGOT (RUE),48.67032,2.37065,12,2,1
202100047828,116Â 264,B01,1,1,1,9,2,6,-1,0,0,-1,2021,41.0,2,1,0,2,8,9,1,,4,RUE MANIN,0,,2,2,0,1,(1),(1),1,, -1,2,0,1,30,16,3,1,75,75119,2,1,1,3,RUE MANIN,48.884955,2.392545,13,2,2
202100000311,201Â 163,B01,1,1,1,5,2,8,-1,-1, -1,-1,2021,60.0,3,1,0,2,0,0,0,,7,ROUTE DâAPT,0,,1,1,0,1,0,0,2,, -1,1,0,1,50,8,7,1,13,13019,2,6,0,3,ROUTE DâAPT,43.46511,5.3536,9,2,2
202100041339,127Â 716,A01,10,3,1,9,0,-1,-1,6,3,1,2021,12.0,3,2,0,1,8,1,1,,3,992,0,,1,1,0,1,1,0,1,, -1,1,0,1,50,5,5,1,92,92025,2,1,0,6,CHARLES DE GAULLE (BD),48.9136641443,2.2298555461,8,2,1
202100048719,114Â 676,B01,1,1,1,1,2,0,-1,-1, -1,-1,2021,45.0,2,1,0,0,0,1,1,,3,986,0,,1,3,0,1,0,0,1,, -1,1,0,1,50,9,3,5,92,92050,2,4,0,7,PERRIN JEAN RUE,48.9080981842,2.2129753232,5,2,2
202100052620,107Â 667,B01,2,2,1,5,1,-1,-1,0,0,-1,2021,72.0,2,2,0,0,3,14,1,,3,939,0,,2,2,0,1,4,967,1,, -1,2,0,1,80,5,2,1,17,17202,1,1,1,1,D939,45.983641,-0.585837,15,3,2
202100033198,142Â 422,A01,2,2,1,5,1,5,-1,0,0,-1,2021,17.0,0,2,0,2,1,15,1,,4,SAINT ANDRE (ROUTE DE),0,,2,2,0,1,(1),(1),1,, -1,1,0,1,50,20,6,1,27,27229,2,3,0,3,SAINT ANDRE (ROUTE DE),49.01159,1.16546,13,3,2
202100001885,198Â 426,A01,10,3,1,0,0,-1,-1,2,3,1,2021,45.0,0,2,0,1,1,19,1,,4,VILLAGE (CHAUSSEE DU),0,,2,1,0,1,(1),(1),1,, -1,1,6,1,50,21,12,4,27,27701,2,1,0,6,VILLAGE (CHAUSSEE DU),49.26445,1.20538,18,2,1
202100051055,110Â 414,A01,10,3,1,3,8,8,-1,5,3,1,2021,69.0,0,2,0,1,1,9,1,,4,VENDOME (AVENUE DE),0,,4,0,0,1,(1),(1),1,, -1,1,0,1,50,17,2,1,41,41018,2,9,0,6,VENDOME (AVENUE DE),47.59937,1.32113,17,2,1
202100022491,161Â 428,A01,1,1,1,5,0,-1,-1,0,0,-1,2021,20.0,1,2,4,0,1,1,1,,3,32,0,D,2,2,0,2,24,900,1,, -1,1,0,8,80,25,8,3,74,74034,1,1,0,6,Rte du Col,46.28513,6.640157,20,2,1
202100051572,109Â 515,A01,1,1,1,5,8,8,-1,-1, -1,-1,2021,22.0,1,2,6,0,1,26,1,,4,ROMILLY (RUE DE),0,,1,1,0,1,(1),(1),1,, -1,1,0,4,50,13,2,5,78,78396,2,1,0,6,ROMILLY (RUE DE),48.9408,2.12806,23,2,1
202100023778,159Â 117,A01,1,1,1,9,0,-1,-1,0,0,-1,2021,55.0,3,0,12,0,0,0,3,,4,570,0,R,2,2,0,1,(1),(1),1,, -1,1,0,4,50,14,8,1,44,44003,2,1,0,6,Rue RenÃ© Urien,47.37066,-1.186917,13,1,1
202100032944,142Â 868,A01,1,1,1,9,2,6,-1,-1, -1,-1,2021,19.0,2,1,0,2,3,1,0,,4,,0,,2,2,0,1,0,0,1,, -1,1,0,1,50,22,6,1,92,92012,2,3,0,3,THIERS (RUE) 67/FIN - 84/FIN,48.8312981954,2.2525191307,19,3,2
202100040090,129Â 933,A01,1,1,2,0,1,-1,-1,0,0,-1,2021,27.0,1,2,0,2,3,5,1,,3,765,-1,,2,2,0,1,100,450,1,, -1,1,0,1,80,14,5,1,56,56078,1,1,0,1,KerguÃ©ro D765,47.796004,-3.468354,13,2,2
202100041628,127Â 194,B01,1,1,1,0,1,0,-1,-1, -1,-1,2021,34.0,1,2,0,2,1,2,1,,1,AUTOROUTE A86,0,,3,4,0,2,51,599,1,, -1,1,1,1,70,3,5,1,94,94034,1,1,0,2,AUTOROUTE A86,48.75936,2.32335,7,2,2
202100010231,183Â 424,B01,2,2,1,0,1,-1,-1,0,0,-1,2021,44.0,2,2,0,2,1,1,1,,3,903,-1,D,2,2,0,2,(1),(1),2,, -1,2,0,1,70,30,10,1,74,74197,1,1,1,1,815 Route d Annecy,46.134984,6.31193,16,3,2
202100039588,130Â 822,A01,1,1,1,0,8,8,-1,-1, -1,-1,2021,33.0,0,1,9,0,9,1,1,,3,ARLES (PETITE ROUTE D ARLES CD 35),0,,2,2,0,1,0,0,1,, -1,1,0,1,50,13,5,1,13,13108,1,1,0,7,ARLES (PETITE ROUTE D ARLES CD 35),43.741124,4.659953,19,2,1
202100000354,201Â 082,B01,1,1,1,9,2,0,-1,-1, -1,-1,2021,57.0,1,1,0,2,1,1,5,,3,FRACHON ( ave Benoit),0,,3,2,3,2,1,200,1,, -1,1,9,1,50,24,10,1,87,87085,2,1,0,3,FRACHON ( ave Benoit),45.85328,1.29588,12,2,2
202100022843,160Â 782,A01,1,1,2,1,1,-1,-1,0,0,-1,2021,34.0,1,2,13,0,1,1,1,,3,328,0,,2,2,0,1,2,65,2,, -1,1,0,3,80,23,8,1,71,71436,1,1,0,6,10 Lieu Dit la Galoche,46.7225648121,4.5163459829,14,1,1
202100025162,156Â 678,A01,10,3,1,5,0,-1,-1,9,1,1,2021,29.0,0,2,0,1,8,23,1,,3,1016,-1,,2,2,0,1,27,591,1,, -1,1,8,1,70,7,8,3,60,60107,1,1,0,6,D1016,49.353127,2.426991,23,4,2
202100021779,162Â 694,B01,2,2,2,5,1,-1,-1,-1, -1,-1,2021,31.0,0,2,0,2,3,1,1,,4,ROULE (RUE PROLONGEE DU),0,,2,1,0,2,(1),(1),3,, -1,1,0,1,50,27,8,1,50,50129,2,1,0,1,ROULE (RUE PROLONGEE DU),49.62641,-1.6202,15,4,2
202100030235,147Â 719,B01,1,1,2,9,2,0,-1,0,0,-1,2021,33.0,2,1,0,2,4,23,5,,4,RUE DE LA TOUR D AUVERGNE,0,,2,2,0,1,(1),(1),1,, -1,1,0,1,30,7,7,1,75,75109,2,2,0,2,RUE DE LA TOUR D AUVERGNE,48.878761,2.34532,19,2,2
202100055209,103Â 131,B01,1,1,1,1,2,0,-1,0,0,-1,2021,41.0,1,1,0,2,8,7,1,,4,BOULEVARD RASPAIL,0,,2,4,3,1,(1),(1),1,, -1,2,-1,6,50,13,1,5,75,75114,2,1,0,3,BOULEVARD RASPAIL,48.840899,2.329995,17,2,2
202100016915,171Â 385,B01,1,1,1,0,8,0,-1,0,0,-1,2021,65.0,0,1,0,2,0,19,5,,4,CHINCHON (BOULEVARD DU),0,,1,1,0,1,(1),(1),1,, -1,1,0,1,30,25,9,1,45,45208,2,6,0,3,Place Victor Hugo,47.99499,2.73244,14,2,2
202100037248,135Â 100,B01,1,1,2,5,8,-1,-1,-1, -1,-1,2021,80.0,3,1,0,2,1,2,6,,4,Loriettes (Rue des),0,,1,2,1,1,(1),(1),2,, -1,1,0,1,30,31,5,1,35,35238,2,6,0,2,Loriettes (Rue des),48.08387,-1.67734,18,2,2
202100033768,141Â 413,A01,10,3,1,0,0,-1,-1,2,3,1,2021,2.0,1,5,0,1,1,2,1,,4,PONSARDIN (RUE),0,,1,1,0,1,(1),(1),1,, -1,1,0,1,50,17,6,1,51,51454,2,1,0,7,Rue Ponsardin,49.2523118177,4.0400626249,18,2,1
202100043526,123Â 861,B01,2,2,1,9,1,-1,-1,0,0,-1,2021,58.0,2,2,0,2,7,2,1,,3,148,-1,D,2,2,3,1,25,500,1,, -1,1,0,1,80,19,4,1,85,85126,1,1,0,3,D148,46.46493,-0.84549,15,3,2
202100010282,183Â 329,A01,1,1,1,5,4,-1,-1,-1, -1,-1,2021,79.0,2,1,0,2,1,1,5,,4,BARBIER (QUAI YVES),0,,2,2,1,1,(1),(1),3,, -1,1,0,4,30,24,9,1,70,70550,2,1,0,3,BARBIER (QUAI YVES),47.61953,6.149,12,2,2
202100053993,105Â 241,A01,7,2,2,5,1,-1,-1,0,0,-1,2021,56.0,1,2,0,0,9,1,1,,3,518,-1,,2,2,0,2,40,332,4,, -1,5,0,8,80,24,1,2,26,26069,1,1,0,7,D518,44.825865,5.389051,8,3,1
202100000745,200Â 382,A01,1,1,1,5,2,0,-1,-1, -1,-1,2021,24.0,1,1,0,2,1,17,1,,4,JEAN  IGNACE (RUE) ,0,,2,0,0,1,(1),(1),1,, -1,3,0,1,50,30,12,1,971,97101,2,1,1,3,JEAN  IGNACE (RUE) ,16.2532177139,-61.5222251415,11,2,2
202100029935,148Â 290,B01,1,1,1,0,2,6,-1,-1, -1,-1,2021,62.0,2,1,0,2,1,2,1,,1,A86.EXT,0,,1,2,0,1,30,500,1,, -1,1,0,1,90,9,7,1,94,94052,1,1,0,7,A86.EXT,48.8472805032,2.4919650215,15,2,2
202100021077,163Â 983,B01,1,1,1,0,1,0,-1,-1, -1,-1,2021,52.0,1,2,0,2,0,2,1,,3,COURSAN (ANCIENNE ROUTE DE),0,,2,2,0,1,0,0,1,, -1,1,0,1,50,1,9,1,11,11262,2,1,0,6,COURSAN (ANCIENNE ROUTE DE),43.20087,3.01219,12,2,2
202100017070,171Â 113,B01,1,1,1,5,2,0,-1,0,0,-1,2021,26.0,1,1,0,2,3,1,3,,4,BOULEVARD MONTMARTRE,0,,2,5,0,1,(1),(1),1,, -1,1,0,1,30,22,9,5,75,75109,2,5,0,3,BOULEVARD MONTMARTRE,48.8719675911,2.3400136215,22,2,2
202100041595,127Â 253,A01,1,1,1,1,2,6,9,0,0,-1,2021,51.0,2,1,0,2,1,17,1,,3,820,-1,W,2,2,0,1,46,150,1,, -1,1,0,1,50,4,5,1,31,31574,2,1,0,3,990 Avenue de Toulouse,43.441339,1.423668,7,2,2
202100036922,135Â 705,A01,1,1,2,1,1,-1,-1,0,0,-1,2021,24.0,2,2,2,0,1,1,1,,4,36,0,R,2,2,0,1,233,700,1,, -1,1,0,3,50,3,6,2,988,98825,1,1,0,6,Route de OUATE,-21.258581,165.022459,6,1,1
202100044970,121Â 346,A01,1,1,2,1,1,0,-1,0,0,-1,2021,27.0,1,2,0,2,1,1,1,,2,RN 94,0,,2,2,0,1,72,558,1,, -1,1,0,1,50,2,4,1,5,5061,2,1,0,4,RN 94,44.573261,6.108942,16,5,4
202100035849,137Â 618,A01,1,1,2,1,1,0,-1,-1, -1,-1,2021,43.0,2,5,0,2,4,2,1,,1,A50-Sens Aubagne vers Marseille,0,,3,3,0,1,4,699,1,, -1,1,0,1,90,8,6,1,13,13211,1,1,0,2,A50-Sens Aubagne vers Marseille,43.29125,5.45081,9,2,2
202100003133,196Â 167,A01,1,1,2,5,1,5,-1,0,0,-1,2021,18.0,2,2,3,0,2,14,1,,2,RN 154,0,,-1,2,0,1,31,900,1,, -1,1,0,1,110,13,12,1,27,27299,1,1,0,7,RN 154,49.052,1.17854,12,1,1
202100009220,185Â 232,A01,10,3,1,5,0,-1,-1,2,3,1,2021,78.0,2,2,0,1,1,1,1,,4,RUE FERDINAND BUISSON,0,,1,1,0,1,0,0,1,, -1,1,0,1,50,5,11,5,91,91027,2,2,0,6,RUE FERDINAND BUISSON,48.70075,2.36213,18,2,1
202100028622,150Â 553,A01,1,1,1,5,1,-1,-1,-1, -1,-1,2021,19.0,1,2,13,0,1,0,1,,3,EUROPE DE L',0,,2,2,0,1,24,679,1,, -1,1,0,1,70,16,7,1,64,64445,2,3,0,7,EUROPE DE L',43.32335,-0.3154,21,1,1
202100008963,185Â 695,A01,1,1,1,3,8,0,-1,0,0,-1,2021,47.0,1,1,0,2,4,11,5,,4,PLACE DE LA BATAILLE DE STALINGRAD,0,,1,1,1,1,(1),(1),3,, -1,1,-1,5,30,7,11,1,75,75119,2,7,0,2,PLACE DE LA BATAILLE DE STALINGRAD,48.883018,2.369588,15,2,2
202100041680,127Â 105,B01,1,1,1,1,8,0,-1,0,0,-1,2021,53.0,1,1,0,2,1,1,3,,4,RUE DU FAUBOURG SAINT DENIS,0,,2,3,3,1,(1),(1),1,, -1,1,0,1,50,30,4,5,75,75110,2,2,0,3,RUE DU FAUBOURG SAINT DENIS,48.879325,2.357096,21,3,2
202100000699,200Â 465,A01,1,1,1,5,2,6,-1,-1, -1,-1,2021,20.0,2,1,13,2,3,1,1,,3,MORRE ROUTE DE,0,,2,2,0,2,1,350,3,, -1,2,0,1,80,31,12,3,25,25056,1,1,0,3,MORRE ROUTE DE,47.22536,6.04724,17,2,2
202100028438,150Â 882,B01,2,2,1,0,1,0,-1,-1, -1,-1,2021,35.0,1,2,0,2,1,2,1,,1,AUTOROUTE A10,0,,3,3,0,1,2,0,1,, -1,1,0,1,110,18,7,3,92,92002,1,1,0,4,AUTOROUTE A10,48.7294333177,2.3064851761,2,6,3
202100019624,166Â 561,B01,1,1,1,0,2,0,-1,-1, -1,-1,2021,76.0,2,1,0,2,1,1,1,,3,CAP - ROUTE DU CAP,0,,2,2,0,2,1,0,3,, -1,1,0,1,50,10,9,1,202,202353,2,1,0,3,CAP - ROUTE DU CAP,42.71181,9.45427,16,2,2
202100032704,143Â 309,B01,1,1,1,1,2,6,-1,0,0,-1,2021,41.0,2,1,0,2,2,1,1,,4,BOULEVARD DIDEROT,0,,2,4,0,1,(1),(1),1,, -1,1,0,1,50,23,6,2,75,75112,2,2,0,3,BOULEVARD DIDEROT,48.84734,2.386792,6,2,2
202100044737,121Â 749,A01,2,2,2,3,1,-1,-1,0,0,-1,2021,32.0,2,2,2,0,2,1,1,,3,48,-1,,2,2,0,2,(1),(1),1,, -1,1,0,3,80,8,4,1,80,80373,1,1,0,6,D48,49.994802,1.566957,12,3,1
202100023026,160Â 471,B01,1,1,2,1,1,0,-1,-1, -1,-1,2021,56.0,1,2,0,2,7,9,1,,4,CHARENTES (PLACE DES),0,,2,2,0,1,0,0,1,, -1,1,0,1,50,29,7,1,87,87085,2,2,0,6,CHARENTES (PLACE DES),45.8376,1.25267,20,4,2
202100028390,150Â 966,A01,10,3,1,5,0,-1,-1,3,3,1,2021,72.0,2,4,0,1,3,16,1,,3,940,-1,,2,2,0,2,17,330,1,, -1,1,5,1,50,19,7,1,36,36046,2,2,0,6,Rue Nationale,46.57961,1.985578,11,2,1
202100021107,163Â 928,B01,1,1,1,0,0,-1,-1,0,0,-1,2021,30.0,1,1,0,2,1,2,3,,3,POMPADOUR(ROUTE DE LA),0,,2,1,3,1,1,0,1,, -1,1,0,6,30,3,9,3,94,94028,2,9,0,3,Route de la Pompadour,48.77245,2.43318,20,2,2
202100043605,123Â 731,A01,1,1,1,0,1,0,-1,-1, -1,-1,2021,47.0,2,2,4,0,2,26,1,,1,AUTOROUTE A6A,0,,3,3,0,1,2,0,3,, -1,1,0,1,70,18,4,1,94,94003,1,1,0,6,AUTOROUTE A6A,48.80066,2.34206,19,1,1
202100054939,103Â 610,B01,1,1,1,1,2,6,-1,-1, -1,-1,2021,22.0,1,1,0,2,1,1,1,,3,PARIS (RUE DE),0,,2,5,0,1,0,1,1,, -1,1,0,1,50,15,1,1,93,93053,2,9,0,4,PARIS (RUE DE),48.9019060304,2.4604448676,12,3,3
202100019039,167Â 606,A01,2,2,1,0,1,-1,-1,0,0,-1,2021,19.0,3,2,2,0,2,0,1,,3,26,-1,,2,2,0,2,(1),(1),2,, -1,2,0,1,80,15,9,3,22,22105,1,1,0,7,D26,48.493573,-2.110062,5,2,1
202100019581,166Â 634,A01,1,1,1,1,2,6,9,0,0,-1,2021,29.0,1,1,0,2,1,17,1,,3,17,-1,,2,2,0,1,(1),(1),1,, -1,1,0,1,-1,25,8,1,91,91579,2,1,0,3,Avenue Charles RenÃ© de Mortemart,48.540009,2.342512,8,2,2
202100023088,160Â 343,B01,1,1,1,0,8,0,-1,-1, -1,-1,2021,35.0,0,1,1,0,2,1,1,,7,MERCANTOUR (BD),0,,1,2,0,1,(1),(1),1,, -1,1,0,1,30,26,7,1,6,6088,1,1,0,6,MERCANTOUR (BD),43.68661,7.1974,15,1,1
202100025373,156Â 305,B01,1,1,2,3,9,1,-1,0,0,-1,2021,46.0,1,2,0,2,1,15,1,,2,77,0,,2,3,0,1,13,20,1,, -1,1,5,1,80,6,8,1,10,10074,1,9,0,6,Rue du Bourget,48.12633,3.964257,14,4,3