Num_Acc,id_vehicule,num_veh,place,catu,sexe,trajet,secu1,secu2,secu3,locp,actp,etatp,year_acc,victim_age,senc,catv,obs,obsm,choc,manv,motor,occutc,catr,voie,v1,v2,circ,nbv,vosp,prof,pr,pr1,plan,lartpc,larrout,surf,infra,situ,vma,jour,mois,lum,dep,com,agg_,int,atm,col,adr,lat,long,hour,nb_victim,nb_vehicules
202100056059,101Â 682,A01,1,1,1,4,2,0,-1,0,0,-1,2021,19.0,2,1,0,0,1,0,1,,4,MISTRAL (AVENUE ET PLACE FREDERIC),0,,2,2,0,1,0,0,3,, -1,1,0,1,50,6,1,3,6,6069,2,1,0,7,MISTRAL (AVENUE ET PLACE FREDERIC),43.64282,6.91412,22,1,1
202100033383,142Â 095,B01,2,2,1,5,2,-1,-1,-1, -1,-1,2021,4.0,2,1,0,2,8,1,5,,4,AIME BOUSSANGE                      (R ),0,,2,2,1,2,(1),(1),1,, -1,1,0,1,30,16,6,1,69,69384,2,2,0,1,AIME BOUSSANGE (R),45.77547,4.83475,19,3,2
202100047819,116Â 280,B01,1,1,1,5,2,6,-1,0,0,-1,2021,15.0,1,1,0,2,1,15,1,,3,PONT LEROUGE (AVENUE DU),0,,2,2,0,1,24,540,1,, -1,2,0,1,50,12,3,1,12,12145,2,4,0,3,PONT LEROUGE (AVENUE DU),44.093597,3.074661,18,2,2
202100003710,195Â 119,B01,1,1,1,0,2,8,-1,0,0,-1,2021,55.0,1,1,0,2,4,23,0,,4,AGRICULTEURS ALLEE DES,0,,2,2,0,1,(1),(1),1,, -1,1,0,1,50,9,12,1,6,6123,2,1,0,2,AGRICULTEURS ALLEE DES,43.702972,7.181489,9,2,2
202100011982,180Â 301,B01,1,1,2,1,1,0,-1,-1, -1,-1,2021,21.0,2,2,0,2,1,1,1,,3,TOULOUSE (RUE DE),0,,3,3,0,2,0,0,2,, -1,1,3,1,50,19,10,1,87,87065,2,1,0,3,TOULOUSE (RUE DE),45.7982,1.29564,13,3,2
202100041002,128Â 328,B01,1,1,1,5,2,6,-1,0,0,-1,2021,34.0,2,1,0,2,1,1,1,,3,13,0,,2,2,0,2,24,295,2,, -1,1,0,1,50,8,5,1,83,83046,1,1,0,3,RD13 PK 24.295 route de Sillans La Cascade,43.52919,6.15302,14,2,2
202100048413,115Â 222,A01,1,1,1,9,1,5,-1,-1, -1,-1,2021,28.0,1,2,0,2,1,1,1,,3,CROUPILLAC (AVE DE),0,,2,4,0,1,3,420,1,, -1,1,0,1,70,11,3,1,30,30007,2,1,0,4,CROUPILLAC (AVE DE),44.13733,4.10482,16,3,3
202100024594,157Â 697,A01,10,3,2,5,0,-1,-1,2,3,1,2021,56.0,3,2,0,1,1,16,1,,9,ALL DU TRAIT D'UNION,0,,3,4,0,1,0,0,1,, -1,1,0,1,50,11,8,1,77,77251,1,3,0,6,ALL DU TRAIT D'UNION,48.614885,2.544773,9,2,1
202100005824,191Â 381,A01,1,1,2,1,8,-1,-1,0,0,-1,2021,32.0,1,2,0,2,1,15,1,,3,80,-1,,2,1,0,2,27,860,1,,3,1,0,1,50,26,11,3,37,37060,2,2,0,3,23 rue de la loire,47.4367419762,1.0584908724,17,2,2
202100041106,128Â 137,B01,1,1,1,5,2,0,-1,0,0,-1,2021,45.0,1,1,0,2,1,21,5,,4,Place Jean JaurÃ¨s,0,,2,2,0,1,(1),(1),1,, -1,1,0,1,50,20,4,1,42,42044,2,1,0,1,Place Jean JaurÃ¨s,45.39668,4.32449,17,2,2
202100023767,159Â 133,C01,2,2,2,5,1,7,-1,0,0,-1,2021,46.0,3,2,0,2,5,1,1,,4,01,-1,,2,2,0,1,(1),(1),1,, -1,1,0,1,80,16,8,1,57,57733,1,1,0,5,route communale 01,49.317283,6.254225,10,5,3
202100009487,184Â 751,A01,10,3,2,0,0,-1,-1,4,3,1,2021,51.0,3,2,0,1,1,1,1,,3,989,0,,2,2,1,1,0,0,1,, -1,2,0,1,30,4,11,5,92,92040,2,1,1,6,VERDUN (AVENUE DE) DU 115 AU 149,48.8195376523,2.2559416294,6,2,1
202100018927,167Â 813,B01,1,1,1,2,2,0,-1,-1, -1,-1,2021,15.0,1,1,0,2,7,19,5,,3,,-1,,2,-1,-1,1,4,0,1,, -1,1,0,1,-1,8,9,1,68,68066,2,2,0,3,BRUAT (RUE),48.07494,7.35084,18,2,2
202100053836,105Â 519,B01,1,1,1,0,2,0,-1,0,0,-1,2021,27.0,1,1,0,2,1,1,3,,4,,0,,2,2,0,1,(1),(1),1,, -1,1,0,1,30,24,1,5,54,54395,2,2,0,6,AUXONNE (RUE D'),48.70063,6.16852,17,2,2
202100000909,200Â 119,B01,1,1,1,5,2,6,-1,0,0,-1,2021,24.0,1,1,0,2,1,1,1,,3,947,0,A,2,2,0,1,14,300,1,, -1,1,5,1,70,20,12,1,62,62529,1,2,0,1,Rue du Grand chemin,50.566082,2.782283,14,2,2
202100033631,141Â 650,A01,10,3,2,9,0,-1,-1,2,3,1,2021,43.0,1,1,0,1,1,1,3,,4,RUE DU RANELAGH,0,,1,1,0,1,(1),(1),1,, -1,1,0,1,50,18,6,1,75,75116,2,2,0,6,RUE DU RANELAGH,48.855382,2.27093,14,2,1
202100047029,117Â 709,A01,1,1,1,0,8,-1,-1,0,0,-1,2021,22.0,0,1,0,2,1,25,5,,4,GENERAL LECLERC (RUE DU ),0,,1,1,0,1,(1),(1),1,, -1,1,0,1,30,19,3,1,80,80021,2,2,0,3,GENERAL LECLERC (RUE DU ),49.897378,2.295156,14,2,2
202100006897,189Â 441,B01,1,1,1,5,2,6,-1,0,0,-1,2021,17.0,0,1,0,0,7,1,1,,4,,-1,,2,2,0,1,(1),(1),1,,4,1,0,1,50,30,6,1,38,38465,2,2,0,1,rue des champagnes,45.702433,5.500985,17,2,2
202100055622,102Â 424,A01,10,3,2,5,0,-1,-1,3,3,1,2021,71.0,2,2,0,1,1,1,1,,3,679,0,,2,2,0,1,82,1020,1,, -1,1,0,1,50,11,1,1,15,15187,2,1,1,6,Allees Georges Pompidou,45.033813,3.088537,14,2,1
202100036100,137Â 151,A01,1,1,1,9,2,6,-1,0,0,-1,2021,31.0,2,1,0,2,3,7,1,,4,BOULEVARD DE MAGENTA,0,,2,4,3,1,(1),(1),1,, -1,1,0,6,50,6,6,1,75,75110,2,1,0,3,BOULEVARD DE MAGENTA,48.882877,2.350156,16,3,2
202100035625,138Â 042,B01,2,2,2,9,2,-1,-1,0,0,-1,2021,9.0,1,1,0,2,1,1,1,,3,2,0,A,2,2,2,1,10,300,1,, -1,2,0,1,50,9,6,1,973,97309,2,2,1,3,Route de RÃ©mire,4.907714,-52.272823,12,3,2
202100015164,174Â 606,A01,1,1,1,0,2,6,-1,0,0,-1,2021,42.0,2,1,0,0,6,23,1,,3,27,-1,,3,2,0,1,9,50,3,, -1,2,0,3,80,6,10,3,72,72112,1,1,0,2,DÃ©partementale 27 PK 9,48.244004,0.25733,6,2,2
202100038546,132Â 743,A01,1,1,1,5,2,6,-1,-1, -1,-1,2021,20.0,2,1,0,0,0,1,1,,3,CLAUDE TREBIGNAUD (AVENUE) BOIS S102,0,,1,2,0,2,0,0,1,, -1,2,0,1,50,24,5,1,92,92023,2,1,1,7,CLAUDE TREBIGNAUD (AVENUE) BOIS S102,48.80299,2.25665,16,1,1
202100022869,160Â 741,A01,1,1,1,5,1,-1,-1,0,0,-1,2021,47.0,2,5,8,0,3,14,1,,3,101,-1,,2,2,0,2,19,600,1,,4,1,0,3,80,23,8,1,4,4077,1,1,0,6,RD 101,43.942452,6.002719,16,1,1
202100016763,171Â 657,B01,1,1,1,5,8,0,-1,-1, -1,-1,2021,26.0,1,2,0,2,6,23,1,,1,A13,0,,1,3,0,1,30,600,1,, -1,1,0,2,130,25,9,3,78,78206,1,1,0,3,A13,48.95116,1.94288,23,2,2
202100037309,134Â 983,A01,1,1,1,5,8,0,-1,-1, -1,-1,2021,34.0,1,2,1,0,2,1,1,,4,REPUBLIQUE,0,,1,1,0,1,0,0,1,, -1,1,0,1,30,29,5,5,93,93051,2,1,0,6,Rue de la RÃ©publique,48.84643,2.55498,23,2,1
202100001068,199Â 852,A01,10,3,2,5,0,-1,-1,3,3,1,2021,48.0,2,2,0,1,3,1,1,,3,LIBERTE (AV DE LA),0,,2,2,0,1,0,0,1,, -1,2,9,1,50,29,12,2,94,94034,2,1,1,3,LIBERTE (AV DE LA),48.76403,2.3182,8,2,1
202100013628,177Â 355,A01,10,3,1,2,0,-1,-1,2,3,1,2021,11.0,3,3,0,1,1,1,1,1.0,4,CARNOT (AVENUE),0,,4,3,3,3,(1),(1),1,, -1,1,0,6,50,11,10,1,63,63113,2,1,0,6,CARNOT (AVENUE),45.77627,3.0931,9,2,1
202100009279,185Â 113,B01,1,1,2,1,1,0,-1,0,0,-1,2021,30.0,3,2,0,2,1,19,0,,7,,0,,3,4,0,1,(1),(1),1,, -1,1,0,1,50,5,11,1,6,6123,2,2,0,3,BORD DE MER RN 98,43.656684,7.178753,14,2,2
202100006272,190Â 582,A01,10,3,1,9,0,-1,-1,3,3,1,2021,81.0,3,2,0,1,1,1,1,,4,HUGO (QUAI ET PASSERELLE VICTOR),0,,2,2,0,1,0,0,1,, -1,2,9,1,50,24,11,1,11,11262,2,1,1,6,HUGO (QUAI ET PASSERELLE VICTOR),43.18059,3.01097,12,2,1
202100040416,129Â 369,A01,1,1,2,0,1,-1,-1,0,0,-1,2021,63.0,2,2,0,2,1,2,1,,1,54,0,A,3,4,0,1,8,0,1,, -1,1,0,1,130,12,5,1,30,30258,1,1,0,2,A54,43.762432,4.4244,12,2,2
202100037835,134Â 028,B01,1,1,1,9,2,6,-1,0,0,-1,2021,61.0,0,1,0,2,7,17,1,,4,BOULEVARD LANNES,0,,2,2,0,1,(1),(1),1,, -1,1,0,1,50,28,5,1,75,75116,2,1,0,3,BOULEVARD LANNES,48.868251,2.272994,10,2,2
202100028778,150Â 284,A01,2,2,2,5,1,0,-1,-1, -1,-1,2021,61.0,1,2,0,2,4,9,1,,1,A7-Sens Lyon vers Marseille,0,,1,1,0,1,272,830,1,, -1,1,0,6,50,13,7,1,13,13106,1,1,0,2,A7-Sens Lyon vers Marseille,43.3906881539,5.3509865221,15,4,3
202100005716,191Â 589,A01,1,1,1,5,1,-1,-1,-1, -1,-1,2021,21.0,1,5,4,0,1,13,1,,1,A50,0,,3,6,0,4,62,0,2,, -1,2,0,1,110,25,11,3,83,83090,1,1,1,6,A50,43.1221,5.83038,23,3,1
202100007576,188Â 201,A01,1,1,1,0,2,8,-1,-1, -1,-1,2021,36.0,1,1,0,2,1,18,1,,3,R.D.20,0,,3,4,0,1,35,0,1,, -1,1,9,1,90,16,11,1,91,91223,1,1,0,3,R.D.20,48.4392,2.17254,14,2,2
202100037852,134Â 001,B01,1,1,1,4,1,0,-1,-1, -1,-1,2021,38.0,3,5,0,2,7,24,1,,4,POMPADOUR(ROUTE DE LA),0,,1,1,0,1,1,0,3,, -1,2,0,1,30,18,5,1,94,94028,2,9,0,2,Route de la Pompadour,48.7674,2.4673,18,2,2
202100018413,168Â 712,A01,10,3,2,5,0,-1,-1,3,3,2,2021,90.0,1,1,0,1,1,1,1,,3,BAC (AV DU),0,,2,2,0,1,89,0,1,, -1,1,0,1,30,16,9,1,94,94068,2,1,0,6,Avenue du Bac,48.79304,2.51579,15,3,1
202100045839,119Â 817,A01,1,1,1,5,2,-1,-1,0,0,-1,2021,63.0,2,1,0,0,1,19,0,,3,199,-1,,2,2,0,1,11,615,3,, -1,1,0,1,80,31,3,1,56,56205,1,2,0,7,D199,47.560021,-2.70452,16,1,1
202100014081,176Â 529,A01,1,1,1,5,2,6,-1,0,0,-1,2021,49.0,2,1,2,2,1,13,1,,3,3,-1,,2,2,0,1,10,900,2,, -1,1,0,1,80,10,10,1,17,17237,1,1,0,1,D3,45.874488,-1.059939,16,2,2
202100011590,181Â 009,A01,1,1,1,9,8,0,-1,-1, -1,-1,2021,54.0,1,1,0,0,0,26,5,,4,HARAS ALLEE ET RUE,0,,2,2,2,1,1,0,1,, -1,1,0,5,50,21,10,1,49,49007,2,1,0,7,HARAS ALLEE ET RUE,47.46622,-0.55316,10,1,1
202100019103,167Â 487,A01,1,1,1,1,2,6,-1,-1, -1,-1,2021,36.0,2,1,0,2,8,1,1,,1,A7-Sens Marseille vers Lyon,0,,1,2,0,1,278,0,1,, -1,1,0,1,70,14,9,1,13,13215,1,1,0,3,A7-Sens Marseille vers Lyon,43.343532,5.375912,7,2,2
202100043482,123Â 937,B01,1,1,1,0,1,0,-1,-1, -1,-1,2021,17.0,2,1,0,2,1,17,0,,3,908,0,,2,2,0,1,0,0,1,, -1,1,0,1,50,19,4,1,92,92035,2,1,0,2,RÃ©publique ( boulevard de la ),48.9065708446,2.2468972206,14,2,2
202100038765,132Â 322,A01,10,3,1,5,0,-1,-1,4,3,3,2021,17.0,1,2,0,1,1,2,1,,4,MENDES FRANCE (AVENUE),0,,3,5,0,1,(1),(1),1,, -1,2,0,1,50,22,5,5,13,13208,2,1,1,7,MENDES FRANCE (AVENUE),43.2601,5.3754,0,3,1
202100020492,165Â 008,C01,1,1,2,0,1,0,-1,-1, -1,-1,2021,49.0,1,2,0,2,4,1,1,,3,RD 191,0,,2,2,0,1,38,500,1,, -1,1,0,1,80,3,9,1,91,91223,1,1,0,4,RD 191,48.4424,2.13291,18,3,3
202100024472,157Â 928,A01,1,1,1,0,2,-1,-1,0,0,-1,2021,34.0,3,1,0,0,7,1,1,,3,68,0,,2,2,0,2,(1),(1),3,, -1,1,0,1,80,12,8,1,80,80395,1,1,0,7,route dÃ©partementale 68,49.694695,2.661813,8,1,1
202100024972,157Â 025,A01,1,1,1,0,2,6,-1,0,0,-1,2021,19.0,3,1,0,0,0,1,1,,3,RD162,-1,,2,2,0,1,9,500,1,, -1,1,0,1,-1,9,8,1,60,60589,2,3,0,7,,49.2227712694,2.4554754495,17,1,1
202100013685,177Â 240,A01,10,3,2,5,0,-1,-1,1,3,1,2021,32.0,1,1,0,1,1,1,1,,4,BOULEVARD ORNANO,0,,2,2,0,1,(1),(1),1,, -1,1,0,1,30,12,10,1,75,75118,2,1,0,6,BOULEVARD ORNANO,48.893149,2.34842,17,2,1
202100055005,103Â 491,A01,1,1,1,1,2,0,-1,-1, -1,-1,2021,34.0,1,1,0,2,1,3,1,,1,A86 INT,0,,3,3,0,1,38,900,1,, -1,1,0,1,90,15,1,2,94,94028,1,1,0,5,A86 INT,48.7898800361,2.4402915859,8,3,3
202100048902,114Â 347,A01,1,1,1,5,2,-1,-1,0,0,-1,2021,32.0,2,1,0,2,1,2,1,,3,41,-1,,2,2,0,2,30,170,1,, -1,1,0,1,30,5,3,1,974,97408,2,1,0,2,CD41,-20.927126,55.346686,16,2,2
202100049535,113Â 214,A01,1,1,1,1,2,0,-1,-1, -1,-1,2021,23.0,1,1,0,2,1,2,1,,4,BALTARD (R),0,,1,2,0,1,1,0,1,, -1,1,0,1,50,1,3,1,94,94065,2,1,0,2,BALTARD (R),48.7579,2.34595,12,2,2
202100022246,161Â 879,A01,2,2,1,5,1,0,-1,-1, -1,-1,2021,18.0,2,2,15,0,1,26,1,,3,CATEAU (AVENUE DU),0,,2,0,0,1,(1),(1),1,, -1,1,0,4,50,27,8,5,59,59122,2,1,0,6,CATEAU (AVENUE DU),50.17397,3.25031,2,2,1
202100056115,101Â 577,A01,10,3,1,0,0,-1,-1,4,3,-1,2021,28.0,0,2,0,1,3,1,1,,3,829,-1,,2,2,0,1,(1),(1),1,, -1,2,0,1,50,6,1,5,67,67028,2,1,1,6,Rue de Strasbourg,48.371964,7.592533,18,2,1
202100005028,192Â 799,A01,1,1,1,0,8,-1,-1,-1, -1,-1,2021,18.0,1,1,0,2,3,26,5,,4,FEUILLAT                            (R ),0,,2,2,2,1,(1),(1),1,, -1,2,0,1,50,2,12,1,69,69383,2,1,0,3,FEUILLAT (R),45.75302,4.87694,15,3,2
202100031894,144Â 745,A01,1,1,1,4,1,0,-1,0,0,-1,2021,20.0,1,2,0,2,3,1,1,,3,D 292,0,,2,2,0,2,3,350,2,, -1,1,0,1,80,25,6,1,5,5061,1,1,0,1,D 292,44.59552,6.13142,16,4,2
202100056239,101Â 369,A01,1,1,2,5,1,0,-1,-1, -1,-1,2021,38.0,3,2,0,2,3,9,1,,3,25,0,,-1,2,0,1,0,0,1,, -1,1,0,1,50,4,1,1,91,91027,2,2,0,3,RUE ANATOLE FRANCE,48.711053,2.382864,16,2,2
202100024793,157Â 334,A01,1,1,1,5,2,-1,-1,0,0,-1,2021,50.0,3,1,8,0,0,17,1,,4,,-1,,2,2,0,1,(1),(1),1,,"5,5",1,0,1,50,10,8,1,49,49331,2,1,0,6,Rue Ernest Renan,47.685835,-0.874979,20,1,1
202100045035,121Â 227,B01,1,1,1,1,2,6,-1,0,0,-1,2021,22.0,3,1,0,2,7,1,1,,4,PLACE DES TERNES,0,,1,2,0,2,(1),(1),2,, -1,2,0,1,30,5,4,1,75,75117,2,7,1,3,PLACE DES TERNES,48.878296,2.298581,16,2,2
202100002165,197Â 913,A01,1,1,1,0,1,-1,-1,0,0,-1,2021,41.0,2,2,2,0,1,0,1,,3,942,-1,D,3,4,0,1,3,900,2,, -1,1,0,3,110,16,12,1,84,84043,2,1,0,6,Avenue du Clapier,43.993559,4.916516,12,1,1
202100024310,158Â 213,B01,1,1,1,9,2,6,-1,0,0,-1,2021,21.0,1,1,0,2,1,1,1,,4,BOULEVARD DAVOUT,0,,2,2,0,1,(1),(1),1,, -1,1,0,1,30,13,8,1,75,75120,2,2,1,3,BOULEVARD DAVOUT,48.853487,2.410792,17,2,2
202100013626,177Â 359,B01,1,1,2,1,2,8,-1,-1, -1,-1,2021,53.0,1,0,0,2,1,1,3,,4,DROITS DE L' HOMME DES,0,,1,1,0,1,0,0,2,, -1,1,0,1,50,12,10,2,64,64445,2,6,0,3,ROND POINT DES DROITS DE L'HOMME,43.31276,-0.36841,7,2,2
202100009876,184Â 051,A01,1,1,1,5,1,0,-1,-1, -1,-1,2021,45.0,1,2,4,2,3,5,2,,1,126,0,,1,1,0,2,5,500,3,, -1,2,3,1,70,1,11,3,91,91477,1,9,0,1,AUTOROUTE A126,48.72372,2.24656,4,3,2
202100033962,141Â 059,A01,1,1,1,5,0,-1,-1,0,0,-1,2021,82.0,0,1,0,2,1,15,5,,4,,-1,,2,2,0,1,(1),(1),1,,4,1,0,1,-1,16,6,1,67,67378,2,3,0,3,Rue de la Retraite,48.471552,7.72311,7,2,2
202100020042,165Â 802,B01,1,1,2,4,8,-1,-1,-1, -1,-1,2021,52.0,2,1,0,2,1,17,3,,4,FRERES LUMIERE (DES)                (AV),0,,1,2,2,1,(1),(1),1,, -1,1,0,5,50,8,9,1,69,69388,2,1,0,3,FRERES LUMIERE (DES) (AV),45.7452049118,4.8658860122,16,2,2
202100048265,115Â 477,B01,1,1,1,9,2,6,-1,-1, -1,-1,2021,18.0,0,1,0,2,8,1,1,,4,BOURGOINS (RUE DES),0,,2,2,0,1,(1),(1),1,, -1,1,0,1,50,12,3,1,45,45004,2,3,0,3,Rue des Bourgoins,47.99813,2.77038,16,3,2
202100019442,166Â 885,A01,1,1,1,5,2,6,-1,-1, -1,-1,2021,27.0,2,1,14,0,1,21,1,,1,AUTOROUTE A86,0,,3,2,0,3,50,512,1,, -1,1,0,1,70,11,9,1,94,94034,1,1,0,6,AUTOROUTE A86,48.75637,2.33266,17,2,1
202100018680,168Â 252,A01,1,1,2,5,8,-1,-1,0,0,-1,2021,21.0,2,2,0,2,1,2,1,,3,4,-1,,2,2,0,1,15,24,1,, -1,1,0,1,80,17,9,1,1,1262,1,2,0,3,Route de Meximieux,45.92377,5.011016,16,6,2
202100005022,192Â 809,A01,1,1,1,5,1,-1,-1,-1, -1,-1,2021,59.0,2,2,13,0,7,14,1,,3,AFRIQUE (LIEU DIT L'),0,,2,2,0,1,72,404,1,, -1,1,0,3,80,21,7,2,35,35288,1,1,0,6,AFRIQUE (LIEU DIT L'),48.6539,-1.950888,22,2,1
202100046816,118Â 095,A01,1,1,1,0,8,-1,-1,0,0,-1,2021,46.0,0,2,2,0,1,0,1,,4,,-1,,2,2,0,1,(1),(1),1,, -1,2,0,3,80,25,3,3,60,60257,2,1,1,6,Rue du 11 Novembre 1918,49.252022,1.988107,5,1,1
202100010601,182Â 779,B01,1,1,1,5,0,-1,-1,0,0,-1,2021,43.0,1,1,0,0,4,1,5,,3,939,-1,,2,2,0,1,47,800,1,, -1,1,0,1,90,27,10,1,28,28022,1,1,0,2,Route Departementale 939,48.473817,1.410949,16,2,2
202100017767,169Â 860,B01,2,2,1,5,2,6,-1,-1, -1,-1,2021,12.0,1,1,0,2,2,0,1,,4,BPNL   34.000 A 34.614,0,,1,3,0,1,34,400,1,, -1,1,1,1,70,21,9,1,69,69081,1,1,0,3,PERIPHERIQUE NORD INTERIEUR (BD),45.7747,4.79065,8,3,2
202100026373,154Â 554,B01,1,1,2,5,1,-1,-1,0,0,-1,2021,28.0,2,2,0,2,1,1,1,,3,24,0,,2,2,0,1,35,0,1,, -1,1,0,1,80,30,7,1,86,86002,1,1,0,1,D 24,46.747768,0.13798,16,2,2
202100010262,183Â 362,A01,10,3,1,2,0,-1,-1,1,5,3,2021,13.0,1,2,0,1,8,1,1,,4,AV GAY LUSSAC,0,,2,1,0,1,0,0,1,, -1,1,0,1,30,22,10,1,91,91521,2,1,0,6,AV GAY LUSSAC,48.64227,2.41327,16,2,1
202100000800,200Â 287,A01,1,1,1,5,8,-1,-1,0,0,-1,2021,29.0,1,2,14,0,5,14,1,,3,D 936,0,,2,2,0,2,(1),(1),1,, -1,1,5,8,50,31,12,5,80,80013,2,6,0,6,Place du 8 Mai 1945,49.967074,1.941817,23,2,1
202100042640,125Â 409,B01,1,1,1,5,2,-1,-1,0,0,-1,2021,69.0,2,1,0,2,3,1,5,,3,D918,-1,,-1,1,0,1,13,900,2,, -1,1,5,1,50,25,4,1,64,64495,2,6,0,3,D918,43.351295,-1.54948,10,2,2
202100048914,114Â 326,A01,1,1,1,0,2,6,-1,-1, -1,-1,2021,50.0,1,1,0,2,2,3,1,,1,AUTOROUTE A86,0,,3,2,0,1,52,0,1,, -1,1,1,1,70,7,3,1,94,94034,1,1,0,3,AUTOROUTE A86,48.761836,2.314397,17,2,2
202100027217,153Â 065,A01,1,1,1,0,2,6,-1,0,0,-1,2021,22.0,1,1,0,2,1,1,1,,4,BRAS (RUE DE),0,,1,1,0,1,1,0,1,, -1,1,0,1,50,25,7,5,14,14118,2,3,0,1,Rue de Bras,49.1817,-0.36657,2,2,2
202100029986,148Â 196,A01,1,1,1,5,2,6,-1,-1, -1,-1,2021,28.0,1,1,0,2,1,2,1,,4,ROOSEVELT (BD FRANKLIN),0,,2,2,0,1,(1),(1),1,, -1,2,0,1,50,7,7,2,35,35238,2,1,1,2,ROOSEVELT (BD FRANKLIN),48.09784,-1.65622,20,2,2
202100046073,119Â 396,B01,1,1,1,4,2,6,-1,-1, -1,-1,2021,31.0,2,1,0,2,1,17,1,,4,HENRI MARECHAL                      (R ),0,,2,4,2,1,(1),(1),1,, -1,1,0,1,50,29,3,5,69,69290,2,3,0,3,HENRI MARECHAL (R),45.69554,4.94153,21,3,2
202100011565,181Â 050,A01,8,2,2,5,8,0,-1,-1, -1,-1,2021,69.0,2,3,0,2,0,21,2,2.0,4,ALSACE LORRAINE D',0,,2,1,3,1,0,0,1,, -1,1,5,1,50,22,10,1,64,64445,2,9,0,7,ALSACE LORRAINE D',43.3045,-0.36816,11,2,1
202100043827,123Â 344,B01,1,1,1,5,2,6,-1,0,0,-1,2021,24.0,2,1,0,2,1,1,1,,3,9,0,,2,2,0,2,6,200,1,, -1,1,5,1,70,16,4,1,29,29191,1,4,0,3,Lieu Dit la Croix de Pierre,48.544484,-3.758998,18,2,2
202100016546,172Â 053,A01,1,1,1,2,0,0,-1,-1, -1,-1,2021,15.0,3,1,0,2,3,1,5,,4,VANNE (BD DE LA),0,,2,2,0,1,1,0,1,, -1,2,0,1,50,27,9,1,94,94016,2,6,1,3,Boulevard de la Vanne,48.78643,2.33876,8,2,2
202100002289,197Â 695,A01,1,1,1,5,1,0,-1,-1, -1,-1,2021,32.0,1,2,15,0,1,1,0,,3,7,0,,2,0,0,1,0,0,1,, -1,1,0,1,50,18,12,1,92,92040,2,1,0,6,Quai du PrÃ©sident Roosevelt,48.83140548,2.262095958,13,1,1
202100011215,181Â 685,B01,1,1,1,5,2,8,-1,-1, -1,-1,2021,56.0,3,1,0,2,1,1,1,,4,BROSSOLETTE (RUE PIERRE BROSSOLETTE) F,0,,2,2,0,1,1,0,1,, -1,1,0,1,50,24,10,1,45,45147,2,3,0,3,BROSSOLETTE (RUE PIERRE BROSSOLETTE) F,47.9231079772,1.9120931625,12,2,2
202100054067,105Â 102,B01,1,1,1,5,2,6,-1,-1, -1,-1,2021,18.0,-1,1,0,2,1,0,1,,4,751,0,,2,3,0,1,(1),(1),1,, -1,1,5,1,50,22,1,1,37,37122,2,2,0,6,JAURES (BOULEVARD JEAN),47.3477036955,0.6556848371,16,2,2
202100023686,159Â 283,A01,1,1,2,0,2,-1,-1,-1, -1,-1,2021,17.0,3,1,0,2,1,2,1,,4,WINSTON CHURCHILL,0,,3,4,0,1,0,0,1,, -1,1,0,1,50,16,8,1,76,76351,2,3,0,2,WINSTON CHURCHILL,49.49292,0.13377,17,2,2
202100028581,150Â 631,A01,1,1,1,1,2,-1,-1,0,0,-1,2021,41.0,2,1,0,2,1,1,1,,3,155,0, -,2,2,0,2,33,330,1,, -1,1,0,1,50,17,7,1,27,27439,2,3,0,1,D155,49.066858,1.172742,18,2,2
202100013231,178Â 090,A01,10,3,1,5,0,-1,-1,1,3,1,2021,8.0,0,2,0,1,1,1,1,,4,ANEMONES. RUE DES,0,,2,2,0,2,0,0,1,, -1,1,0,1,50,14,10,1,76,76575,2,1,0,6,ANEMONES. RUE DES,49.3919030356,1.0914553373,16,2,1
202100034400,140Â 249,B01,1,1,1,5,1,4,-1,-1, -1,-1,2021,45.0,1,5,0,2,4,2,1,,1,A502-Sens Aubagne vers Toulon par R.N.,0,,1,2,0,1,0,500,1,, -1,1,0,1,70,14,6,1,13,13005,1,1,0,4,A502-Sens Aubagne vers Toulon par R.N.,43.2838673251,5.586872758,17,3,3
202100026877,153Â 676,A01,2,2,2,9,1,5,-1,0,0,-1,2021,59.0,1,2,0,2,1,15,1,,3,62,0,,2,2,0,1,9,0,2,, -1,3,0,1,80,25,7,1,57,57245,1,1,1,1,D62,49.424702,6.292441,17,3,2
202100025379,156Â 290,D01,1,1,1,1,1,-1,-1,0,0,-1,2021,53.0,2,2,0,2,1,2,1,,3,124,0,,2,2,0,1,5,740,1,, -1,1,0,1,80,6,8,1,1,1047,1,1,0,4,D124,45.856633,5.230093,11,4,4
202100040953,128Â 415,A01,1,1,1,5,2,6,-1,0,0,-1,2021,64.0,1,1,0,2,6,1,1,,4,QUAI DE BERCY,0,,2,6,0,2,(1),(1),1,, -1,1,0,1,50,7,5,1,75,75112,2,1,0,3,QUAI DE BERCY,48.838911,2.375629,14,2,2
202100044278,122Â 521,A01,1,1,1,9,2,-1,-1,-1, -1,-1,2021,27.0,2,1,0,2,1,1,1,,4,CRS DE LA MARNE,0,,2,3,3,2,(1),(1),1,, -1,1,0,1,50,12,4,1,33,33063,2,3,0,3,Cours de la Marne,44.82983,-0.56804,14,2,2
202100044909,121Â 451,Y01,1,1,1,5,0,-1,-1,0,0,-1,2021,17.0,2,1,0,2,7,1,5,,4,FRANKLIN                            (R ),0,,1,1,2,1,(1),(1),1,, -1,1,0,1,50,6,4,1,69,69382,2,2,0,3,FRANKLIN (R),45.75271,4.82811,18,2,2