Num_Acc,id_vehicule,num_veh,place,catu,sexe,trajet,secu1,secu2,secu3,locp,actp,etatp,year_acc,victim_age,senc,catv,obs,obsm,choc,manv,motor,occutc,catr,voie,v1,v2,circ,nbv,vosp,prof,pr,pr1,plan,lartpc,larrout,surf,infra,situ,vma,jour,mois,lum,dep,com,agg_,int,atm,col,adr,lat,long,hour,nb_victim,nb_vehicules
202100001146,199Â 724,A01,1,1,1,1,2,6,-1,-1, -1,-1,2021,46.0,2,1,0,2,1,3,1,,1,A86.EXT,0,,3,2,0,1,33,200,1,, -1,1,0,1,90,28,12,1,94,94017,1,1,0,2,A4,48.8291211439,2.4817299843,17,2,2
202100029822,148Â 482,B01,1,1,2,9,1,0,-1,0,0,-1,2021,74.0,2,2,0,2,5,20,1,,4,RUE LEBLANC,0,,1,2,0,1,(1),(1),1,, -1,1,0,1,50,9,7,1,75,75115,2,1,0,2,RUE LEBLANC,48.83651,2.280011,16,2,2
202100026441,154Â 437,B01,1,1,1,5,8,0,-1,-1, -1,-1,2021,81.0,2,1,0,2,7,1,5,,3,Avenue de Tresserve,0,,1,1,0,1,0,310,2,, -1,1,0,1,50,25,7,1,73,73008,2,6,0,3,D50 / Bd Lepic,45.68541,5.90617,9,2,2
202100000848,200Â 218,B01,2,2,2,5,1,8,-1,-1, -1,-1,2021,9.0,2,2,0,2,5,23,1,,7,MER (AVENUE DE LA) NÂ°IMPAIRS,0,,2,2,0,1,20,890,1,, -1,1,0,1,50,29,12,5,83,83129,2,1,0,2,MER (AVENUE DE LA) NÂ°IMPAIRS,43.1034791536,5.819594264,17,3,2
202100053540,106Â 018,A01,1,1,1,4,1,-1,-1,0,0,-1,2021,19.0,2,2,13,2,4,1,1,,3,909,0,A,2,2,0,4,9,530,2,, -1,2,0,1,90,28,1,2,61,61424,1,1,1,3,RD 909 PK 009+530,48.556109,-0.143573,7,2,2
202100048602,114Â 886,B01,1,1,1,1,0,-1,-1,0,0,-1,2021,19.0,2,1,0,0,6,1,3,,3,420,0,,2,2,2,1,2,1534,1,, -1,1,5,8,50,10,3,2,68,68300,2,6,0,2,Rue de la Fabrique,47.779501,7.364995,18,3,2
202100020408,165Â 158,A01,1,1,2,5,1,-1,-1,0,0,-1,2021,21.0,1,2,6,0,1,13,1,,3,502,0,D,2,2,0,1,5,0,2,, -1,1,0,3,80,29,8,2,69,69252,1,1,0,6,DEUX VALLEES (DES) (RTE),45.524604,4.695065,6,1,1
202100039317,131Â 323,A01,2,2,2,9,3,0,-1,0,0,-1,2021,3.0,1,1,0,2,1,1,3,,4,RUE CURIAL,0,,-1,1,0,1,(1),(1),1,, -1,2,0,4,30,19,5,1,75,75119,2,1,0,3,RUE CURIAL,48.896065,2.378899,8,3,2
202100036284,136Â 822,A01,10,3,2,0,0,-1,-1,4,1,1,2021,12.0,3,2,0,1,3,26,2,,4,,0,,2,2,0,2,0,0,1,, -1,1,0,1,50,2,6,1,92,92062,2,1,0,6,REPUBLIQUE (RUE DE LA) DU 157 AU 175,48.8840770148,2.2317031515,12,2,1
202100030835,146Â 647,A01,2,2,1,5,1,-1,-1,-1, -1,-1,2021,33.0,1,2,6,0,1,14,1,,3,2EME D.B. (AVENUE DE LA),0,,2,2,0,1,1,440,1,, -1,2,0,4,50,4,7,3,61,61006,2,6,0,6,2EME D.B. (AVENUE DE LA),48.733823,-0.034201,3,2,1
202100014340,176Â 074,B01,1,1,1,1,1,0,-1,-1, -1,-1,2021,18.0,3,2,0,2,0,14,1,,3,C.D 39,0,,2,2,0,1,39,612,3,, -1,1,0,3,80,7,10,3,77,77039,2,1,0,6,D39,48.52526,2.59577,21,2,2
202100030405,147Â 419,A01,2,2,1,4,1,0,-1,0,0,-1,2021,32.0,2,2,0,2,1,5,1,,4,AVENUE MONTAIGNE,0,,2,4,3,1,(1),(1),1,, -1,1,0,6,30,4,7,1,75,75108,2,7,0,3,AVENUE MONTAIGNE,48.865282,2.302946,20,3,2
202100009036,185Â 560,B01,1,1,1,0,1,-1,-1,0,0,-1,2021,51.0,0,2,0,2,3,1,1,,3,153,0,X,2,2,0,1,22,500,1,, -1,1,0,1,80,8,11,1,60,60363,1,1,0,1,DÃ©partementale 153,49.1988870166,1.8801555628,8,3,2
202100044105,122Â 838,B01,1,1,1,0,1,0,-1,-1, -1,-1,2021,35.0,2,2,0,2,2,1,1,,1,AUTOROUTE A6A,0,,1,3,0,2,8,751,1,, -1,1,0,1,110,14,4,1,91,91689,1,1,0,3,AUTOROUTE A6A,48.74492,2.32292,11,2,2
202100023341,159Â 888,B01,2,2,1,5,1,-1,-1,0,0,-1,2021,51.0,1,2,0,2,1,1,1,,3,606,0,,3,3,0,1,8,725,2,, -1,1,0,1,70,20,8,3,89,89074,1,1,0,1,D606,48.316923,3.144021,23,10,2
202100002734,196Â 882,A01,1,1,2,0,8,-1,-1,-1, -1,-1,2021,29.0,2,1,0,2,0,21,1,,4,FEUILLAT                            (R ),0,,2,2,0,1,(1),(1),1,, -1,1,0,1,50,15,12,1,69,69383,2,1,0,7,FEUILLAT (R),45.75082,4.87615,9,2,2
202100014335,176Â 082,A01,1,1,1,1,2,0,-1,-1, -1,-1,2021,24.0,2,1,12,0,7,14,1,,4,LEBON (RUE PHILIPPE),0,,2,2,0,1,0,0,1,, -1,1,0,1,50,7,10,1,87,87085,2,1,0,6,LEBON (RUE PHILIPPE),45.88093,1.2788,13,1,1
202100042434,125Â 771,B01,1,1,1,9,8,0,-1,-1, -1,-1,2021,18.0,1,1,0,2,1,1,1,,3,31,0,,1,1,0,1,0,0,1,, -1,1,0,1,30,26,4,1,91,91421,2,1,0,2,RENE CASSIN (RUE),48.70036,2.46466,15,2,2
202100047892,116Â 133,B01,1,1,2,5,1,4,-1,-1, -1,-1,2021,25.0,1,2,0,2,3,26,1,,1,A86 INT,0,,1,3,0,1,54,299,2,, -1,1,1,1,90,15,3,3,94,94073,1,1,0,2,A86 INT,48.760978,2.382263,23,2,2
202100013542,177Â 519,A01,1,1,2,5,1,0,-1,0,0,-1,2021,27.0,0,2,12,0,3,16,1,,4,CORBEAU (RUE CHARLES),0,,-1,1,0,1,(1),(1),1,, -1,1,0,1,30,9,10,5,27,27229,2,1,0,6,CORBEAU (RUE CHARLES),49.02445,1.15119,22,1,1
202100048687,114Â 726,A01,1,1,1,1,8,0,-1,-1, -1,-1,2021,53.0,0,1,0,2,1,1,1,,4,CHATEAU GOMBERT CHEMIN,0,,2,2,0,1,(1),(1),1,, -1,1,0,1,50,8,3,1,13,13213,2,1,0,2,CHATEAU GOMBERT CHEMIN,43.345079,5.423645,15,2,2
202100053208,106Â 627,B01,1,1,1,1,2,6,-1,-1, -1,-1,2021,48.0,1,1,0,2,2,1,1,,4,NANTES (RUE DE),0,,2,1,0,1,(1),(1),1,, -1,1,0,1,50,29,1,5,35,35281,2,1,0,3,NANTES (RUE DE),48.08888,-1.69366,18,2,2
202100008207,187Â 049,C01,1,1,1,5,2,6,9,0,0,-1,2021,21.0,2,1,0,2,1,21,1,,3,986,0,D,2,2,0,1,2,508,2,, -1,1,0,1,50,13,11,1,34,34128,1,1,0,5,d 986,43.915733,3.728072,14,3,3
202100038423,132Â 963,A01,1,1,1,5,2,6,-1,-1, -1,-1,2021,20.0,1,1,15,0,1,13,1,,3,2,0,,2,2,0,2,0,0,2,, -1,2,9,4,50,25,5,1,92,92023,2,1,0,6,GARDE (PLACE DU) S102,48.80319,2.2572,20,1,1
202100021396,163Â 402,A01,1,1,1,0,2,6,-1,-1, -1,-1,2021,34.0,2,1,0,2,2,3,1,,1,13,0,,3,6,0,1,6,699,1,, -1,1,0,1,90,2,9,1,92,92047,1,1,0,3,A13,48.8350835791,2.1757683191,11,2,2
202100037704,134Â 270,B01,1,1,1,5,2,-1,-1,0,0,-1,2021,42.0,2,1,0,2,1,1,1,,3,432,0,D,2,2,0,1,5,175,1,, -1,1,0,1,50,29,5,2,26,26313,2,1,0,3,82 Avenue de Provence,44.971083,4.955488,19,2,2
202100033683,141Â 556,A01,1,1,1,1,8,0,-1,-1, -1,-1,2021,52.0,1,1,0,0,0,15,5,,4,,0,,2,2,2,1,0,0,1,, -1,1,0,5,30,18,6,1,92,92040,2,9,0,6,BARA,48.8331313056,2.2678038454,18,1,1
202100008813,185Â 995,A01,1,1,1,5,1,-1,-1,0,0,-1,2021,19.0,2,2,0,2,3,9,1,,3,820,-1,,2,2,0,1,10,100,1,, -1,2,0,1,70,10,11,1,9,9331,1,1,1,3,Route dÃ©partementale 820,43.19303,1.610468,14,5,2
202100015280,174Â 402,A01,1,1,1,1,1,5,-1,0,0,-1,2021,51.0,1,5,0,2,2,1,1,,1,11,0,A,3,2,0,1,174,700,1,,"10,5",2,0,1,130,5,10,1,72,72198,1,1,1,2,A11 - PK 174+700,48.04366,0.152435,15,3,2
202100016775,171Â 629,B01,1,1,1,2,2,6,-1,-1, -1,-1,2021,17.0,3,1,0,2,5,16,1,,4,VIGIE (CHEMIN DE LA),0,,2,2,0,1,0,0,2,, -1,1,0,1,80,22,9,1,974,97411,1,1,0,3,VIGIE (CHEMIN DE LA),-20.88478,55.43391,13,2,2
202100012192,179Â 925,B01,1,1,1,5,0,-1,-1,0,0,-1,2021,4.0,3,1,0,2,7,19,5,,4,REGIMENT D'INFANTERIE (PLACE DU 12EME),0,,1,1,0,1,(1),(1),1,, -1,1,0,1,50,19,10,1,65,65440,2,7,0,3,REGIMENT D'INFANTERIE (PLACE DU 12EME),43.23634,0.06528,18,3,2
202100047360,117Â 118,B01,1,1,1,2,8,-1,-1,-1, -1,-1,2021,18.0,2,1,0,2,3,1,1,,4,RUE PIERRE MENDES-FRANCE,0,,2,2,2,1,(1),(1),1,, -1,1,5,5,50,18,3,1,33,33249,2,3,0,3,Rue Pierre Mendes-France,44.88003,-0.515,8,2,2
202100042770,125Â 198,A01,1,1,1,5,1,-1,-1,0,0,-1,2021,25.0,3,2,1,0,2,1,1,,4,,-1,,2,2,0,2,(1),(1),1,, -1,1,0,1,50,25,4,1,95,95371,2,1,0,2,Rue du Colonel Fabien,49.080416,2.499138,7,2,2
202100024675,157Â 538,A01,1,1,1,1,1,-1,-1,0,0,-1,2021,19.0,2,2,3,0,1,2,1,,1,A35,0,A,3,4,0,1,424,700,1,, -1,1,0,1,130,12,8,3,67,67155,1,1,0,6,A35 PK 424.600,48.400845,7.477355,4,3,2
202100040621,129Â 004,A01,10,3,1,0,0,0,0,1,5,3,2021,7.0,2,2,0,1,3,1,1,,4,SARAMITO (AV. GEN.),0,,1,1,0,1,(1),(1),1,, -1,1,0,1,50,9,5,1,6,6088,2,1,0,6,SARAMITO (AV. GEN.),43.74032,7.30743,12,4,1
202100001381,199Â 301,B01,1,1,1,4,2,6,-1,0,0,-1,2021,31.0,1,1,0,2,4,23,1,,4,BOULEVARD DE COURCELLES,0,,2,4,0,1,(1),(1),1,, -1,2,0,1,30,25,12,5,75,75117,2,2,0,2,BOULEVARD DE COURCELLES,48.879547,2.304981,20,2,2
202100045179,120Â 979,A01,1,1,1,5,2,9,-1,0,0,-1,2021,33.0,1,1,13,0,2,1,1,,3,936,-1,,-1,2,0,1,111,600,2,, -1,1,0,3,80,4,4,1,64,64094,1,1,0,7,D936,43.464071,-1.249781,18,1,1
202100048231,115Â 543,A01,1,1,1,5,1,8,-1,-1, -1,-1,2021,64.0,1,5,14,9,1,26,1,,9,MARINA (ZONE COMMERCIALE),0,,2,2,3,1,(1),(1),1,, -1,1,9,6,30,3,3,5,971,97120,1,1,0,6,MARINA (ZONE COMMERCIALE),16.22064,-61.52807,21,1,1
202100022979,160Â 553,C01,1,1,1,1,1,-1,-1,0,0,-1,2021,39.0,1,2,0,2,1,1,1,,3,478,-1,,2,3,0,1,(1),(1),1,, -1,1,0,1,80,22,8,3,91,91179,1,1,0,5,D948,48.556646,2.485149,23,4,4
202100041483,127Â 454,A01,10,3,2,0,0,-1,-1,3,3,2,2021,17.0,1,1,0,1,1,1,1,,4,kaweni-Centrale EDM (rue de la ),0,,2,0,0,1,0,0,1,, -1,1,0,1,50,3,5,1,976,97611,2,1,0,6,kaweni-Centrale EDM (rue de la ),-12.76206,45.22616,8,2,1
202100045969,119Â 584,A01,10,3,2,5,0,-1,-1,2,3,1,2021,84.0,2,4,0,1,1,1,1,,4,RUE RAYMOND LOSSERAND,0,,1,1,0,1,(1),(1),1,, -1,1,0,1,30,30,3,1,75,75114,2,3,0,6,RUE RAYMOND LOSSERAND,48.833706,2.317679,9,2,1
202100054913,103Â 654,A01,10,3,1,0,0,-1,-1,6,3,1,2021,66.0,1,2,0,1,1,9,1,,7,MERCANTOUR (BD),0,,1,4,0,2,0,0,1,, -1,1,0,1,50,15,1,1,6,6088,1,9,0,6,MERCANTOUR (BD),43.7382,7.18424,12,2,1
202100044724,121Â 772,A01,10,3,1,9,0,-1,-1,4,3,1,2021,47.0,2,2,0,1,1,1,1,,3,PL DE VERDUN,0,,2,0,3,1,1,0,1,, -1,1,0,1,50,8,4,1,94,94042,2,1,0,6,Place de Verdun,48.82004,2.4734,12,2,1
202100032845,143Â 060,B01,1,1,1,0,8,0,-1,-1, -1,-1,2021,82.0,1,1,0,2,2,1,5,,3,4IEME BATAILLON DU CHASSEURS A PIED,0,,2,2,0,1,1,0,1,, -1,1,0,1,30,16,6,1,68,68066,2,1,0,3,4IEME BATAILLON DU CHASSEURS A PIED,48.08195,7.35506,10,2,2
202100046818,118Â 092,A01,10,3,1,2,0,-1,-1,2,3,1,2021,12.0,1,1,0,1,1,1,1,,4,,0,,2,2,0,2,(1),(1),1,, -1,1,0,1,50,23,3,1,974,97412,2,1,0,1,Rue Hippolyte Foucque,-21.374799,55.626274,16,2,1
202100012428,179Â 492,B01,1,1,2,3,2,0,-1,-1, -1,-1,2021,52.0,2,0,0,2,1,19,3,,3,PASSICOT JEAN MARTIN (BD DU COMMANDANT),0,,1,2,0,1,26,495,2,, -1,1,0,1,50,18,10,1,64,64483,2,6,0,3,PASSICOT JEAN MARTIN (BD DU COMMANDANT),43.38598,-1.66213,12,2,2
202100000476,200Â 854,A01,1,1,1,9,2,6,-1,-1, -1,-1,2021,17.0,2,1,0,2,1,17,1,,4,PARIS (AVENUE DE),0,,2,2,0,1,(1),(1),1,, -1,1,0,1,50,22,5,1,19,19031,2,3,0,3,PARIS (AVENUE DE),45.1637890746,1.5322977148,14,3,2
202100050368,111Â 665,A01,10,3,2,0,0,-1,-1,1,3,1,2021,39.0,1,2,1,1,2,1,1,,4,AUGUSTE DAIX (R),0,,2,0,0,1,1,0,1,, -1,1,0,4,50,24,2,1,94,94034,2,1,1,6,AUGUSTE DAIX (R),48.75301,2.31882,16,2,1
202100001716,198Â 724,B01,1,1,2,0,1,-1,-1,-1, -1,-1,2021,39.0,1,2,0,0,4,2,1,,3,CHAMPAGNE   (  AVENUE DE),0,,1,2,0,1,24,500,3,, -1,1,0,1,50,22,12,1,51,51454,2,6,0,2,Avenue de Champagne,49.21361,4.01555,9,3,2
202100049270,113Â 690,B01,1,1,1,1,2,6,-1,0,0,-1,2021,35.0,1,1,0,2,2,1,1,,4,ECHANGEUR BERCY,0,,1,2,0,2,(1),(1),1,, -1,1,0,1,50,2,3,1,75,75112,2,4,0,3,ECHANGEUR BERCY,48.8267142194,2.3912604118,9,2,2
202100006570,190Â 057,A01,1,1,1,5,2,6,-1,0,0,-1,2021,74.0,2,1,0,2,1,18,1,,2,PRINCE IMPERIAL COURS,0,,1,4,3,1,2,300,1,, -1,1,0,6,50,23,11,1,201,201004,2,3,0,3,PRINCE IMPERIAL COURS,41.93415,8.74759,16,2,2
202100034236,140Â 552,A01,10,3,1,0,0,-1,-1,4,3,1,2021,69.0,3,1,0,1,1,15,1,,3,HUGO (QUAI VICTOR),0,,2,4,0,1,21,510,2,, -1,1,5,1,50,14,6,1,77,77284,2,3,0,6,HUGO (QUAI VICTOR),48.95821,2.87973,13,2,1
202100022585,161Â 249,A01,1,1,1,0,2,8,-1,-1, -1,-1,2021,61.0,1,1,0,2,2,15,1,,4,POUDRIERE(RUE DE LA),0,,2,2,0,1,0,0,1,, -1,1,0,1,30,24,8,5,974,97416,2,1,0,3,POUDRIERE(RUE DE LA),-21.3339,55.4569,18,2,2
202100025371,156Â 308,A01,1,1,2,5,8,-1,-1,0,0,-1,2021,74.0,3,2,0,2,3,9,1,,3,RD163,-1,,2,2,0,1,7,760,3,, -1,1,0,1,70,6,8,1,45,45279,1,2,0,1,Avenue des Guiberts aux Ducoins,47.981014,2.84202,17,2,2
202100016800,171Â 586,A01,1,1,1,9,2,6,-1,-1, -1,-1,2021,46.0,1,1,0,2,1,13,1,,3,ST FLORENT-ANCIENNE RT DE,0,,2,2,0,2,1,0,3,, -1,1,0,1,50,23,9,3,202,202033,1,1,0,1,ST FLORENT-ANCIENNE RT DE,42.68093,9.4166,20,2,2
202100013247,178Â 063,A01,10,3,1,5,8,8,-1,5,9,2,2021,31.0,3,2,9,1,2,14,1,,7,VOIE RAPIDE EST,0,,3,6,0,1,0,0,2,, -1,1,5,4,50,13,10,1,57,57463,2,3,0,6,VOIE RAPIDE EST,49.11578,6.19069,11,2,1
202100015446,174Â 097,A01,1,1,2,0,8,0,-1,-1, -1,-1,2021,36.0,1,2,0,2,1,21,1,,2,RN12,0,,1,3,0,1,22,200,1,, -1,2,0,1,90,3,10,1,78,78646,1,1,1,2,RN12,48.790919,2.107671,10,2,2
202100006197,190Â 731,B01,1,1,1,0,1,0,-1,-1, -1,-1,2021,50.0,2,2,0,2,3,1,1,,1,86,0,,3,3,0,4,78,0,1,, -1,1,0,1,90,26,11,4,92,92063,1,1,0,1,A86,48.8913353867,2.1761888757,4,2,2
202100006470,190Â 233,A01,1,1,1,1,2,6,-1,0,0,-1,2021,29.0,1,1,0,0,1,1,1,,4,RUE DE BABYLONE,0,,1,1,0,1,(1),(1),1,, -1,1,8,1,30,24,11,5,75,75107,2,1,0,7,RUE DE BABYLONE,48.85173,2.325786,18,1,1
202100034284,140Â 456,B01,1,1,1,0,2,0,-1,-1, -1,-1,2021,37.0,1,1,0,2,7,1,1,,2,RN12,0,,3,4,0,1,57,500,1,, -1,1,3,1,90,28,5,1,22,22278,1,1,0,3,RN12,48.521969,-2.748896,17,2,2
202100040079,129Â 956,A01,1,1,1,5,8,0,-1,-1, -1,-1,2021,38.0,1,1,0,2,1,1,5,,3,50,0,,2,2,0,1,0,1,1,, -1,1,0,1,50,13,5,1,92,92049,2,3,0,2,PERI RUE GABRIEL NÂ°38 A 82,48.81908,2.31632,16,2,2
202100012106,180Â 074,B01,1,1,1,4,1,-1,-1,0,0,-1,2021,23.0,1,5,3,2,3,1,1,,3,756,-1,,2,2,0,2,38,800,2,, -1,2,0,1,70,21,10,1,49,49023,1,9,1,3,D756,47.185629,-1.029389,13,2,2
202100030407,147Â 415,Z01,10,3,2,5,0,-1,-1,2,3,1,2021,5.0,1,2,0,1,1,1,0,,4,RUE ARCHEREAU,0,,1,1,0,1,(1),(1),1,, -1,1,0,1,50,6,7,1,75,75119,2,1,0,6,RUE ARCHEREAU,48.891612,2.374422,17,2,1
202100054199,104Â 868,A01,10,3,2,3,0,-1,-1,4,3,1,2021,85.0,1,4,0,1,2,1,1,,3,BARBUSSE (AVENUE HENRI),0,,2,2,0,1,(1),(1),1,, -1,2,0,1,50,12,1,1,59,59557,2,1,0,6,BARBUSSE (AVENUE HENRI),50.33648,3.57678,15,2,1
202100012199,179Â 909,B01,1,1,2,0,2,0,-1,0,0,-1,2021,27.0,1,1,0,2,1,1,3,,4,HAGUENAUER (RUE DU GRAND RABBIN),0,,2,2,0,1,(1),(1),1,, -1,1,8,1,30,19,10,1,54,54395,2,1,0,3,HAGUENAUER (RUE DU GRAND RABBIN),48.68734,6.18018,17,2,2
202100043916,123Â 171,A01,10,3,2,9,0,-1,-1,5,9,1,2021,59.0,3,2,0,1,7,4,2,,4,RUE D ABOUKIR,0,,2,2,0,2,(1),(1),1,, -1,1,0,4,30,15,4,2,75,75102,2,2,0,6,RUE D ABOUKIR,48.8693633158,2.3524206877,19,2,1
202100041661,127Â 133,B01,1,1,1,0,1,0,-1,-1, -1,-1,2021,18.0,0,2,0,2,3,1,1,,4,CLEMENCEAU (AVE GEORGES),0,,2,2,0,2,0,0,3,, -1,1,0,1,30,2,5,1,83,83090,2,1,0,5,CLEMENCEAU (AVE GEORGES),43.137428,5.84992,18,3,3
202100011248,181Â 628,A01,1,1,2,4,8,0,-1,-1, -1,-1,2021,60.0,-1,3,0,2,1,1,2,1.0,3,BALLANGER (BD ROBERT),0,,1,2,0,1,0,1,1,, -1,1,0,1,50,24,10,1,93,93078,2,1,0,2,BALLANGER (BD ROBERT),48.96151,2.55631,16,2,2
202100049933,112Â 489,A01,3,2,1,5,1,-1,-1,0,0,-1,2021,36.0,1,2,0,2,7,13,1,,7,13,0,D,2,2,0,1,0,400,3,, -1,1,5,1,70,28,2,1,29,29061,1,1,0,1,D13 - Rond Point du Dorguen,48.449546,-4.471596,8,5,2
202100027603,152Â 382,A01,1,1,1,5,2,6,-1,0,0,-1,2021,15.0,1,1,12,0,0,1,1,,4,,-1,,2,2,0,1,(1),(1),1,,5,1,0,1,50,23,7,1,85,85215,2,1,0,7,3 Rue Jules Verne,46.851567,-1.170537,17,1,1
202100009547,184Â 639,A01,1,1,1,0,1,0,-1,-1, -1,-1,2021,20.0,3,2,0,0,0,1,1,,1,RN 105,0,,1,0,0,1,0,980,2,, -1,2,0,8,70,4,11,1,77,77495,1,1,0,7,RN 105,48.5896,2.6372,9,1,1
202100028671,150Â 468,A01,1,1,1,0,2,8,-1,-1, -1,-1,2021,18.0,2,1,0,0,1,1,1,,4,HAUTES RIBES (CHEMIN DES),0,,2,1,0,2,0,0,1,, -1,1,0,1,30,16,7,1,6,6069,2,1,0,7,HAUTES RIBES (CHEMIN DES),43.66593,6.89483,12,1,1
202100010158,183Â 540,A01,1,1,1,5,1,0,-1,-1, -1,-1,2021,65.0,3,2,1,0,1,1,1,,4,GUESDE (APRES RUE DES DONNEAUX),0,,2,2,0,1,65,0,1,, -1,1,9,8,50,30,10,1,18,18279,2,1,0,-1,GUESDE (APRES RUE DES DONNEAUX),47.22833,2.04479,13,1,1
202100011420,181Â 309,A01,1,1,1,5,2,6,-1,0,0,-1,2021,42.0,2,1,1,0,1,21,1,,4,RUE LEGENDRE,0,,1,1,1,1,(1),(1),1,, -1,2,0,1,30,22,10,5,75,75117,2,2,0,6,RUE LEGENDRE,48.883817,2.313634,22,2,1
202100002772,196Â 811,B01,1,1,2,0,2,0,-1,-1, -1,-1,2021,38.0,1,1,0,0,7,1,1,,4,MASSILLON (RUE),0,,1,0,0,1,0,0,1,, -1,1,0,1,50,2,12,1,30,30189,2,3,0,6,MASSILLON (RUE),43.83182,4.36098,12,2,2
202100014068,176Â 551,A01,10,3,2,5,0,-1,-1,2,3,1,2021,57.0,1,1,0,1,1,1,1,,2,RN7,-1,,2,2,0,1,(1),(1),1,, -1,2,0,1,50,10,10,5,978,97801,2,1,1,6,rue de hollande,18.06883,-63.083271,21,2,1
202100002020,198Â 182,A01,1,1,1,4,8,0,-1,-1, -1,-1,2021,29.0,2,1,0,2,1,1,5,,4,MERVILLE (RUE  JEAN DE ),0,,2,2,0,1,(1),(1),1,, -1,1,0,1,30,17,12,1,56,56121,2,2,0,3,MERVILLE (RUE  JEAN DE ),47.74511,-3.37463,14,2,2
202100016281,172Â 532,A01,1,1,2,4,1,-1,-1,0,0,-1,2021,51.0,3,2,0,2,3,13,2,,4,,0,,2,2,0,1,(1),(1),2,, -1,1,0,1,50,29,9,1,56,56094,1,1,0,1,Lieu Dit Branjouan,47.774817,-3.235779,11,2,2
202100027086,153Â 302,B01,1,1,1,1,2,0,-1,0,0,-1,2021,29.0,2,1,0,0,1,1,1,,4,AVENUE DE LA PORTE DE LA VILLETTE,0,,3,6,0,1,(1),(1),1,, -1,2,0,1,50,25,7,1,75,75119,2,7,1,3,AVENUE DE LA PORTE DE LA VILLETTE,48.899626,2.387693,13,2,2
202100045870,119Â 764,B01,1,1,1,1,0,-1,-1,0,0,-1,2021,61.0,3,0,0,2,7,17,3,,9,,-1,,2,1,1,1,(1),(1),3,, -1,1,0,1,-1,31,3,1,67,67118,2,1,0,3,Piste cyclable du canal de la Bruche,48.574662,7.692372,8,2,2
202100009400,184Â 898,A01,10,3,2,0,0,-1,-1,8,9,1,2021,53.0,1,2,0,1,7,1,1,,4,RABAN (ROUTE DE),0,,-1,2,0,1,(1),(1),1,, -1,1,9,8,30,4,11,1,973,97302,2,1,0,6,RABAN (ROUTE DE),4.9296908929,-52.3133309484,10,2,1
202100055877,102Â 000,A01,1,1,2,3,1,-1,-1,0,0,-1,2021,26.0,1,2,0,2,1,2,1,,3,4096,-1,,2,2,0,1,20,570,1,, -1,1,0,1,80,9,1,1,4,4242,1,9,0,4,RD 4096,43.885599,5.863792,12,5,3
202100046123,119Â 319,A01,1,1,1,0,2,0,-1,-1, -1,-1,2021,24.0,2,1,0,2,1,13,1,,4,BLANCARDE (BOULEVARD),0,,2,2,0,2,0,0,1,, -1,1,0,1,50,29,3,1,13,13204,2,1,0,1,BLANCARDE (BOULEVARD),43.30331,5.4038,19,2,2
202100053898,105Â 408,A01,7,2,2,5,1,-1,-1,0,0,-1,2021,24.0,1,2,0,2,1,13,1,,3,22,0, -,2,2,0,2,31,900,2,, -1,5,0,1,80,24,1,1,95,95059,1,1,1,1,RD 22,49.193243277,2.0474586006,12,5,2
202100014797,175Â 258,D01,1,1,2,0,1,-1,-1,-1, -1,-1,2021,63.0,2,2,0,2,4,2,1,,3,CHAMPAGNE   (  AVENUE DE),0,,1,2,0,1,22,900,1,, -1,2,0,1,70,5,10,1,51,51454,2,1,1,4,Avenue de Champagne,49.22477,4.02597,17,4,4
202100054411,104Â 495,B01,1,1,1,0,1,8,-1,-1, -1,-1,2021,29.0,1,2,0,2,6,2,1,,2,ROUTE NATIONALE 3,0,,1,1,0,1,0,400,3,, -1,1,0,6,50,19,1,1,973,97302,2,1,0,2,ROUTE NATIONALE 3,4.90537,-52.32009,16,2,2
202100000539,200Â 742,A01,1,1,1,9,8,0,-1,-1, -1,-1,2021,34.0,3,2,8,0,1,16,1,,4,ALPHASIS (AVENUE D'),0,,2,2,0,1,(1),(1),3,, -1,1,0,4,50,9,11,1,35,35278,2,6,0,6,ALPHASIS (AVENUE D'),48.1534,-1.69652,16,2,1
202100001552,199Â 032,A01,1,1,1,5,1,-1,-1,0,0,-1,2021,20.0,1,2,9,0,2,1,1,,3,859,0,D,2,2,0,1,19,155,3,, -1,1,0,3,80,26,12,5,201,201247,1,1,0,6,D859,41.567354,9.256464,2,1,1
202100053966,105Â 291,B01,1,1,1,4,1,0,-1,0,0,-1,2021,44.0,2,2,0,2,3,1,1,,4,RUE TAITBOUT,0,,1,0,0,1,(1),(1),1,, -1,2,0,1,50,23,1,1,75,75109,2,2,1,3,RUE TAITBOUT,48.875191,2.335202,11,2,2
202100038597,132Â 647,A01,6,2,2,5,1,5,-1,-1, -1,-1,2021,39.0,1,5,6,0,1,16,1,,3,BOUGAINVILLEES (ROUTE DES),0,,2,2,0,2,8,410,1,, -1,1,0,3,50,23,5,1,974,97411,1,3,0,6,BOUGAINVILLEES (ROUTE DES),-20.891332,55.420039,13,3,1
202100001090,199Â 815,A01,1,1,1,5,2,0,-1,-1, -1,-1,2021,14.0,0,1,0,2,5,1,1,,3,50,0,,3,1,0,1,0,0,1,, -1,2,2,1,50,29,12,5,92,92012,2,5,1,2,ISSY (PONT D'),48.8309312499,2.2581772506,17,2,2
202100020356,165Â 248,A01,10,3,1,0,0,-1,-1,1,3,2,2021,49.0,2,1,0,1,1,1,1,,3,,0,,1,2,0,1,0,0,1,, -1,1,0,1,50,7,9,1,92,92044,2,1,0,6,ANA. FRANCE(RUE)1A75 ET 2A72,48.891494622,2.2855927795,18,2,1