Num_Acc,id_vehicule,num_veh,place,catu,sexe,trajet,secu1,secu2,secu3,locp,actp,etatp,year_acc,victim_age,senc,catv,obs,obsm,choc,manv,motor,occutc,catr,voie,v1,v2,circ,nbv,vosp,prof,pr,pr1,plan,lartpc,larrout,surf,infra,situ,vma,jour,mois,lum,dep,com,agg_,int,atm,col,adr,lat,long,hour,nb_victim,nb_vehicules
202100016998,171Â 237,A01,1,1,1,4,2,6,-1,0,0,-1,2021,17.0,1,1,0,2,1,1,1,,7,PUGETS AVENUE DES,0,,2,2,0,1,(1),(1),1,, -1,1,0,1,50,24,9,5,6,6123,2,3,0,3,PUGETS AVENUE DES,43.677437,7.188599,20,2,2
202100029778,148Â 560,B01,1,1,1,5,2,7,-1,-1, -1,-1,2021,17.0,1,1,0,2,1,7,1,,4,,0,,2,2,3,1,(1),(1),1,, -1,1,5,6,30,4,7,5,56,56121,2,6,0,3,Rue Colonel Jean Muller,47.76351,-3.39505,2,2,2
202100034726,139Â 641,B01,1,1,1,5,1,-1,-1,-1,0,-1,2021,45.0,2,2,0,2,4,2,1,,1,AUTOROUTE A15,0,,3,8,0,1,6,699,1,, -1,1,0,1,110,13,6,1,95,95018,1,1,0,4, A15,48.9537750808,2.2789100209,18,3,3
202100055203,103Â 142,A01,1,1,1,9,8,0,-1,0,0,-1,2021,50.0,1,1,0,2,1,11,5,,4,QUAI SAINT BERNARD,0,,2,3,0,1,(1),(1),1,, -1,2,0,1,50,13,1,5,75,75105,2,3,1,3,QUAI SAINT BERNARD,48.846845,2.360977,21,2,2
202100021933,162Â 421,A01,3,2,2,5,1,-1,-1,0, -1,-1,2021,16.0,1,2,13,0,2,1,1,,2,RN 165,0,,3,4,0,2,50,900,1,, -1,1,0,3,110,30,8,3,29,29232,1,1,0,6,N165 - Moulin de Penhoat,48.0083,-4.06519,2,3,1
202100039355,131Â 254,A01,1,1,1,9,0,-1,-1,0,0,-1,2021,76.0,1,2,1,0,2,1,1,,3,1504,0,,2,2,0,1,158,(1),2,, -1,1,0,3,50,12,5,1,1,1098,2,1,0,6,236 route de bourg,45.805582,5.682984,16,1,1
202100009512,184Â 710,A01,1,1,2,9,6,2,-1,0,0,-1,2021,28.0,1,1,0,0,2,1,1,,3,201,-1,,2,2,0,1,17,130,2,, -1,2,0,4,80,5,11,1,68,68234,1,1,0,7,D201,47.952038,7.363994,10,1,1
202100015987,173Â 092,B01,1,1,1,4,1,-1,-1,0,0,-1,2021,27.0,2,2,0,2,1,21,1,,3,25,-1,,2,2,0,1,9,500,1,, -1,1,0,1,80,1,10,1,51,51013,1,1,0,1,D25,49.191962,3.70221,10,3,2
202100003979,194Â 639,A01,10,3,2,1,0,-1,-1,3,3,1,2021,33.0,3,2,0,1,1,26,1,,4,POMPIDOU GEORGES (AVENUE),0,,2,2,0,1,(1),(1),1,, -1,2,0,1,50,7,12,5,95,95277,2,1,1,6,POMPIDOU GEORGES (AVENUE),48.99057,2.43035,17,2,1
202100033352,142Â 150,B01,1,1,2,0,1,-1,-1,-1, -1,-1,2021,19.0,2,2,0,2,7,1,1,,4,PARC DES EXPOSITIONS (Ave du),0,,2,2,0,1,(1),(1),1,, -1,1,0,1,50,14,6,1,33,33529,2,2,0,3,Avenue du Parc des Expositions,44.614906,-1.118725,20,2,2
202100048467,115Â 128,A01,1,1,1,1,1,-1,-1,0,0,-1,2021,47.0,1,5,13,0,2,0,1,,3,951,-1,,2,2,0,1,38,500,1,, -1,1,0,3,80,10,3,2,59,59525,1,1,0,6,D951,50.078057,4.019676,6,1,1
202100021016,164Â 096,A01,1,1,1,1,2,6,-1,-1, -1,-1,2021,59.0,1,1,1,5,1,1,1,,3,,0,,2,2,0,1,10,44,1,, -1,1,0,1,80,1,9,2,77,77186,1,1,0,6,D138,48.45388,2.70578,21,1,1
202100035765,137Â 778,B01,1,1,1,9,2,6,-1,-1, -1,-1,2021,29.0,1,1,0,0,1,1,1,,3,REPUBLIQUE (AV DE LA),0,,-1,2,0,1,1,0,1,, -1,1,0,1,50,8,6,1,94,94076,2,2,0,3,REPUBLIQUE (AV DE LA),48.78849,2.36172,17,2,2
202100015769,173Â 482,B01,1,1,1,0,8,0,-1,-1, -1,-1,2021,35.0,3,1,0,2,1,1,0,,3,REPUBLIQUE (AVENUE),0,,3,2,1,1,0,1,1,, -1,1,0,5,50,1,10,5,93,93031,2,3,0,3,Rue des Solivats / Avenue de la RÃ©publique,48.9485307924,2.3360871077,6,2,2
202100027869,151Â 898,A01,10,3,1,0,8,8,-1,3,3,1,2021,14.0,3,2,0,1,3,1,1,,4,RUE MAURICE DODERO,0,,2,2,1,1,(1),(1),1,, -1,1,0,1,30,20,7,1,38,38185,2,1,0,6,RUE MAURICE DODERO,45.16369,5.7306,9,2,1
202100005544,191Â 892,B01,1,1,1,1,2,6,-1,0,0,-1,2021,34.0,2,1,0,2,1,17,1,,4,AVENUE DES CHAMPS ELYSEES,0,,2,8,0,2,(1),(1),1,, -1,2,0,1,30,30,11,5,75,75108,2,1,0,3,AVENUE DES CHAMPS ELYSEES,48.87262,2.298801,6,2,2
202100024845,157Â 246,A01,10,3,2,3,0,-1,-1,3,1,1,2021,81.0,1,1,0,1,1,3,1,,7,DE GAULLE (AV CHARLES),0,,3,2,0,1,4,880,1,, -1,1,0,1,50,6,8,1,83,83126,2,1,0,6,DE GAULLE (AV CHARLES),43.08117,5.88684,16,2,1
202100009052,185Â 523,B01,2,2,1,5,1,-1,-1,-1,0,-1,2021,39.0,2,2,0,2,4,24,1,,1,AUTOROUTE A115,0,,3,6,0,1,3,200,1,, -1,1,0,2,110,7,11,3,95,95491,1,1,0,2,A115,49.00118,2.24619,21,3,2
202100030972,146Â 385,A01,2,2,1,0,1,0,-1,-1, -1,-1,2021,25.0,1,2,3,2,7,26,1,,1,AUTOROUTE A1,0,,3,6,0,2,2,900,3,, -1,2,2,1,70,4,7,3,93,93066,1,1,1,5,AUTOROUTE A1,48.9287391267,2.3587736587,6,4,3
202100048659,114Â 776,B01,1,1,1,5,2,6,-1,0,0,-1,2021,79.0,2,1,0,2,1,26,5,,3,VERDUN( AVENUE DE),0,,-1,0,0,1,1,500,1,, -1,1,5,1,50,7,3,1,83,83050,2,6,0,3,PREMIERE ARMEE(AVENUE DE LA),43.53151,6.47379,10,2,2
202100043941,123Â 134,A01,10,3,1,0,0,-1,-1,2,3,1,2021,71.0,2,1,0,1,3,1,5,,4,FERME (RUE DE LA) - COTE IMPAIR,0,,2,2,1,1,0,0,1,, -1,1,0,1,50,15,4,1,92,92012,2,1,0,6,FERME (RUE DE LA) - COTE IMPAIR,48.8306137404,2.2387084365,16,2,1
202100019709,166Â 414,B01,1,1,1,4,2,6,-1,-1, -1,-1,2021,30.0,1,1,0,2,7,17,1,,4,,0,,1,2,0,3,1,0,1,, -1,2,0,1,50,8,9,5,11,11069,2,7,0,3,VERDUN,43.21243,2.34669,20,2,2
202100055611,102Â 449,A01,1,1,1,0,2,0,-1,-1, -1,-1,2021,38.0,2,1,0,2,1,3,1,,1,A13,0,,3,6,0,1,6,699,1,, -1,2,0,1,110,11,1,1,92,92047,1,1,0,4,A13,48.8350835791,2.1757683191,9,3,3
202100046442,118Â 768,A01,4,2,2,5,1,-1,-1,0,0,-1,2021,28.0,2,2,13,0,1,1,1,,3,712,-1,,2,2,0,2,31,500,2,, -1,1,0,3,80,27,3,1,29,29266,1,1,0,6,D712 - Lieu dit Keravel,48.517777,-3.925585,18,4,1
202100051487,109Â 671,A01,2,2,2,3,1,-1,-1,0,0,-1,2021,19.0,2,2,0,2,1,13,1,,7,610,-1,,2,2,0,1,4,721,2,, -1,2,0,1,70,16,2,1,34,34058,1,1,1,1,Avenue de SommiÃ¨res,43.684237,3.994389,10,3,2
202100007779,187Â 845,A01,1,1,1,5,2,-1,-1,-1, -1,-1,2021,41.0,2,1,0,2,5,15,5,,7,MARNE. BOULEVARD DE LA,0,,2,6,3,3,22,900,1,, -1,1,-1,1,50,15,11,5,76,76540,2,2,0,1,MARNE. BOULEVARD DE LA,49.44717,1.09357,21,2,2
202100053028,106Â 935,A01,1,1,1,5,1,0,-1,-1, -1,-1,2021,29.0,2,2,0,2,4,2,1,,1,Sens Aubagne vers Marseille,0,,1,3,0,1,7,500,1,, -1,1,0,1,90,31,1,2,13,13211,1,1,0,2,Sens Aubagne vers Marseille,43.29244,5.47853,17,3,2
202100005256,192Â 385,A01,1,1,1,0,8,0,-1,-1, -1,-1,2021,28.0,3,2,13,2,1,26,1,,3,D217BIS,0,,2,2,0,2,8,751,3,, -1,2,5,1,70,29,11,3,77,77209,1,2,0,6,D217B,48.8539,2.6906,19,2,2
202100042322,125Â 973,B01,1,1,1,0,1,0,-1,0, -1,-1,2021,31.0,3,2,0,2,1,2,1,,4,JAURES JEAN (BOULEVARD),0,,1,3,3,1,0,0,1,, -1,1,0,1,50,24,4,3,30,30189,2,2,0,6,JAURES JEAN (BOULEVARD),43.82837,4.35323,22,2,2
202100000899,200Â 139,A01,1,1,1,5,2,8,-1,-1, -1,-1,2021,22.0,1,1,1,0,1,1,1,,4,,0,,2,2,0,1,12,0,1,, -1,1,0,1,50,30,12,5,92,92050,2,1,0,6,COLONNE EDOUARD RUE,48.9016630676,2.2245597839,18,1,1
202100008216,187Â 030,C01,1,1,1,0,1,0,-1,-1, -1,-1,2021,34.0,2,5,0,2,4,0,1,,7,RD383   11.0044 A 11.460,0,,1,3,0,1,11,399,1,, -1,2,0,1,70,14,11,5,69,69259,1,1,1,4,RD383   11.0044 A 11.460,45.7222080507,4.8875051737,4,4,3
202100007965,187Â 492,B01,1,1,1,0,8,8,-1,-1, -1,-1,2021,59.0,1,1,0,2,8,1,0,,4,MERE THERESA (rue),0,,2,2,0,1,(1),(1),1,, -1,1,0,1,50,15,11,3,973,97302,2,1,0,3,MERE THERESA (rue),4.92476,-52.31247,18,2,2
202100014539,175Â 717,C01,2,2,2,5,1,0,-1,-1, -1,-1,2021,90.0,1,2,0,2,8,1,2,,1,A86.INT,0,,3,2,0,1,29,299,3,, -1,1,0,1,90,8,10,1,94,94033,1,1,0,5,A86.INT,48.8593412312,2.486201098,14,4,3
202100038356,133Â 075,B01,1,1,1,5,2,0,-1,-1, -1,-1,2021,16.0,2,1,0,2,1,1,1,,3,REPUBLIQUE (AVENUE),0,,2,1,0,1,0,1,1,, -1,1,0,1,50,21,5,1,52,52121,2,1,0,3,REPUBLIQUE (AVENUE),48.10188,5.14472,18,2,2
202100038972,131Â 978,B01,1,1,1,1,2,0,-1,0,0,-1,2021,34.0,2,1,0,2,1,1,1,,4,RUE VIVIENNE,0,,1,2,0,1,(1),(1),1,, -1,1,0,1,30,21,5,1,75,75102,2,2,0,3,RUE VIVIENNE,48.867303,2.334603,20,2,2
202100021683,162Â 876,A01,1,1,1,1,2,6,-1,0,0,-1,2021,59.0,1,1,0,2,1,17,1,,3,984,0,,2,2,0,1,122,728,1,,4,1,0,1,80,1,9,1,1,1109,2,2,0,3,,46.141017,5.910494,13,2,2
202100032566,143Â 558,B01,1,1,1,0,1,-1,-1,0,0,-1,2021,32.0,2,2,0,2,1,5,1,,3,28,0,,2,2,0,2,16,856,2,, -1,1,0,1,70,24,6,1,1,1266,1,1,0,1,Route de Macon,46.332218,5.106737,20,2,2
202100022274,161Â 823,A01,1,1,2,0,1,0,-1,-1, -1,-1,2021,20.0,1,2,0,2,1,13,1,,4,VESOUL RUE DE (inf 52),0,,2,2,1,2,(1),(1),1,, -1,1,0,1,50,26,8,1,25,25056,2,2,0,5,VESOUL RUE DE (inf 52),47.24923,6.02002,19,3,3
202100042368,125Â 896,B01,1,1,1,0,1,0,-1,-1, -1,-1,2021,12.0,3,1,0,2,8,1,5,,4,SAINT JUST (ALLEE),0,,2,2,0,1,0,1,1,, -1,1,0,1,50,27,4,1,93,93066,2,9,0,3,SAINT JUST (ALLEE),48.9085279601,2.3615913099,20,3,2
202100011756,180Â 702,B01,1,1,2,5,1,0,-1,-1, -1,-1,2021,50.0,1,2,0,2,1,1,1,,2,BEAUVOIR (ROUTE DE),0,,-1,2,0,1,47,700,1,, -1,1,0,1,80,20,8,1,86,86157,2,1,0,3,Route de Beauvoir,46.536697,0.425766,13,2,2
202100054511,104Â 337,A01,10,3,2,0,0,-1,-1,1,1,1,2021,47.0,2,2,0,1,5,1,1,,3,906,-1,,2,2,0,1,66,0,3,, -1,1,0,1,50,18,1,1,28,28140,2,1,0,6,Avenue de la Prairie,48.603006,1.666435,12,2,1
202100033563,141Â 772,A01,1,1,1,5,2,6,-1,-1, -1,-1,2021,19.0,1,1,12,0,3,0,1,,4,MARINES (AVENUE DES ALLEES),0,,2,1,0,1,0,0,1,, -1,1,0,4,50,18,6,1,64,64102,2,1,0,7,MARINES (AVENUE DES ALLEES),43.49916,-1.48917,20,1,1
202100018014,169Â 428,A01,1,1,1,5,2,6,-1,0,0,-1,2021,47.0,2,1,0,2,4,3,1,,4,PORTE DE PANTIN,0,,1,4,0,1,26,0,1,, -1,1,0,1,70,19,9,1,75,75119,2,1,0,4,BD PERIPHERIQUE EXTERIEUR,48.895385,2.394802,7,3,3
202100051154,110Â 238,A01,1,1,1,0,0,-1,-1,-1, -1,-1,2021,29.0,2,0,0,0,1,26,1,,3,BOLOGNE (ROUTE DE),0,,-1,0,0,2,0,100,1,, -1,1,0,1,70,16,2,1,971,97105,1,1,0,7,BOLOGNE (ROUTE DE),16.00844,-61.729445,16,1,1
202100034688,139Â 722,A01,1,1,1,4,0,-1,-1,0,0,-1,2021,44.0,1,2,0,2,8,24,1,,1,10,-1,,3,4,0,1,510,500,1,,10,1,0,2,130,13,6,1,33,33382,1,1,0,3,,45.149843,-0.479236,15,3,2
202100035836,137Â 647,A01,1,1,1,1,2,-1,-1,0,0,-1,2021,31.0,3,1,0,2,3,0,1,,3,571,0,D,2,2,0,1,1,1,1,, -1,1,0,1,-1,8,6,1,13,13027,1,9,0,2,D571,43.89417,4.824795,14,1,1
202100008558,186Â 439,B01,1,1,2,1,2,-1,-1,0,0,-1,2021,49.0,1,1,0,0,1,1,1,,3,,-1,,2,2,0,3,(1),(1),1,,4,2,1,1,50,8,11,2,68,68155,2,1,0,2,39 Rue Robert Schuman,48.097264,7.311938,8,2,2
202100029096,149Â 739,A01,10,3,1,3,0,-1,-1,3,3,2,2021,72.0,1,2,0,1,1,1,1,,7,PARIS. ROUTE DE,0,,2,2,0,1,12,500,1,, -1,1,0,1,50,13,7,1,76,76429,2,1,0,7,PARIS. ROUTE DE,49.4161,1.13381,15,3,1
202100047577,116Â 721,B01,1,1,1,4,1,-1,-1,0,0,-1,2021,63.0,1,4,0,2,1,1,1,,3,82,-1,,2,2,0,1,13,200,1,, -1,2,0,1,80,19,3,1,81,81158,1,1,1,1,82,43.816879,2.54076,12,2,2
202100005223,192Â 443,A01,1,1,1,1,1,8,-1,-1, -1,-1,2021,31.0,1,2,0,2,1,15,1,,3,ROUTE DEPARTEMENTALE 15,0,,2,2,0,2,2,0,1,, -1,1,0,1,50,1,12,3,972,97213,2,1,0,1,ROUTE DEPARTEMENTALE 15,14.63772,-61.00977,18,2,2
202100036602,136Â 278,A01,1,1,1,0,1,0,-1,0,0,-1,2021,53.0,3,2,1,0,2,1,1,,4,CHAMPFLEURI (RUE DE),0,,1,2,0,1,(1),(1),1,, -1,1,0,1,50,3,6,1,63,63113,2,1,0,6,CHAMPFLEURI (RUE DE),45.79006,3.09446,7,1,1
202100005339,192Â 248,A01,2,2,2,3,1,0,-1,-1, -1,-1,2021,24.0,2,2,0,2,1,9,1,,4,,0,,2,2,0,2,(1),(1),1,, -1,2,5,1,50,1,12,1,25,25056,2,3,1,3,DANTON RUE,47.2464101,6.0562605,14,3,2
202100020796,164Â 475,B01,1,1,1,5,2,6,-1,0,0,-1,2021,64.0,3,0,0,2,3,13,3,,4,,0,,2,2,0,2,(1),(1),2,,4,1,0,1,50,5,9,1,57,57396,2,1,0,1,Rue de la CÃ´te,49.124774,6.094043,11,2,2
202100042108,126Â 363,B01,1,1,1,5,0,-1,-1,0,0,-1,2021,14.0,0,1,0,2,1,19,0,,3,66,-1,,2,2,0,1,4,375,1,, -1,1,0,1,50,30,4,1,27,27511,2,3,0,3,D66,49.144966,0.995303,12,2,2
202100024185,158Â 436,A01,10,3,1,5,0,-1,-1,6,1,3,2021,23.0,3,2,0,1,1,2,1,,3,306,0,,2,2,0,1,(1),(1),1,, -1,1,0,3,80,14,8,2,50,50481,1,1,0,6,Rue du Corps de Garde,49.234028,-1.62677,20,5,1
202100028211,151Â 269,B01,1,1,1,1,2,6,-1,0,0,-1,2021,42.0,0,1,0,2,7,1,1,,3,40,-1,,2,2,0,1,(1),(1),1,,4,1,0,1,50,20,7,1,38,38022,2,2,0,3,Avenue Perriollat,45.634627,5.56111,8,2,2
202100013808,177Â 014,B01,1,1,1,9,2,0,-1,-1, -1,-1,2021,69.0,1,1,0,2,4,1,1,,3,BADUEL (ROND POINT DE),0,,2,2,0,1,2,400,2,, -1,1,0,1,50,11,10,2,973,97302,2,6,0,2,BADUEL (ROND POINT DE),4.93275,-52.30668,18,2,2
202100040334,129Â 507,A01,10,3,2,3,8,8,-1,3,3,1,2021,68.0,2,2,0,1,1,1,1,,3,POINCARE (AV. RAYMOND),0,,2,2,0,1,(1),(1),1,, -1,1,0,1,50,4,5,1,60,60382,2,1,1,6,Avenue Raymond PoincarÃ©,49.4232731426,2.8241944312,16,2,1
202100005987,191Â 095,A01,1,1,2,3,8,0,-1,-1, -1,-1,2021,83.0,2,2,6,0,1,15,1,,4,ROUSSEAU ( RUE JEAN-JACQUES ),0,,2,2,0,1,0,0,1,, -1,8,0,4,50,26,11,1,3,3098,2,3,1,6,ROUSSEAU ( RUE JEAN-JACQUES ),46.3541,2.6172,10,1,1
202100007362,188Â 594,B01,1,1,2,5,1,0,-1,-1, -1,-1,2021,48.0,3,2,0,2,1,16,1,,3,JAURES RUE JEAN,0,,2,4,0,1,0,1,1,, -1,1,0,1,50,1,11,5,93,93015,1,3,0,1,BAS PRES RUE DE,48.9159945852,2.5838696744,4,2,2
202100020563,164Â 874,B01,1,1,2,5,2,0,-1,0,0,-1,2021,9.0,3,1,0,2,7,19,5,,4,QUAI BRANLY,0,,2,4,0,1,(1),(1),1,, -1,1,0,1,30,5,9,1,75,75115,2,2,0,3,QUAI BRANLY,48.854617,2.288852,11,2,2
202100040433,129Â 336,C01,1,1,1,1,2,6,-1,-1,0,-1,2021,46.0,2,1,0,2,7,3,1,,1,AUTOROUTE A15,0,,3,9,0,1,8,0,1,, -1,1,0,1,110,11,5,1,95,95582,1,1,0,5, A15,48.96395,2.26309,6,3,3
202100003220,196Â 014,B01,1,1,1,1,1,0,-1,-1, -1,-1,2021,28.0,1,2,0,2,4,1,1,,1,AUTOROUTE A6B,0,,1,4,0,1,2,927,1,, -1,2,0,1,90,13,12,3,94,94016,1,1,0,2,AUTOROUTE A6B,48.79235,2.34428,5,2,2
202100006850,189Â 537,A01,1,1,2,5,1,5,-1,0,0,-1,2021,76.0,2,2,13,0,1,1,1,,2,24,-1,,3,4,0,1,52,63,1,, -1,1,0,3,110,22,11,1,56,56140,1,1,1,6,Le Barderff N24,47.904345,-2.78601,13,1,1
202100046654,118Â 375,B01,1,1,1,5,2,0,-1,-1, -1,-1,2021,31.0,2,1,0,2,1,1,1,,4,R DE BRUNOY,0,,2,2,0,2,1,0,1,, -1,1,0,1,50,25,3,1,94,94075,2,1,0,3,Rue de Brunoy,48.708551,2.529489,18,2,2
202100044216,122Â 637,A01,1,1,1,9,1,-1,-1,0,0,-1,2021,35.0,1,2,13,0,1,1,1,,2,2,0,A,3,4,0,1,8,500,2,, -1,1,0,3,110,14,4,1,60,60446,1,1,0,7,Route RN 2,49.134329,2.798252,11,1,1
202100027552,152Â 474,A01,10,3,1,5,0,-1,-1,2,9,1,2021,59.0,2,1,0,1,1,1,3,,4,CARMES (RUE DES),0,,2,2,2,1,(1),(1),1,, -1,1,0,5,30,21,7,1,15,15014,2,1,0,6,Rue des Carmes,44.9272,2.4434,13,2,1
202100053428,106Â 212,A01,10,3,2,9,0,-1,-1,3,3,1,2021,59.0,1,5,0,1,7,1,1,,3,CORBEIL (RUE),0,,2,2,0,2,0,0,1,, -1,2,9,1,30,27,1,5,91,91216,2,1,1,6,CORBEIL (RUE),48.670166,2.332474,18,2,1
202100026593,154Â 170,C01,1,1,1,5,2,6,-1,-1, -1,-1,2021,30.0,2,1,0,2,4,1,1,,1,A47   1.809 A 5.820,0,,3,4,0,1,1,799,1,, -1,1,0,1,70,25,7,1,69,69091,1,1,0,4,A47   1.809 A 5.820,45.5896192618,4.7762929162,19,3,3
202100051915,108Â 905,A01,10,3,1,0,0,-1,-1,3,3,1,2021,28.0,1,2,0,1,1,1,1,,4,PAGNOL MARCEL (AV),0,,2,4,0,1,0,0,3,, -1,1,9,1,50,1,2,1,13,13001,2,1,0,6,PAGNOL MARCEL (AV),43.5256344751,5.4237404272,12,2,1
202100039312,131Â 330,A01,10,3,2,5,8,8,-1,2,3,2,2021,7.0,2,1,0,1,3,26,1,,3,,0,,2,2,0,2,23,35,1,, -1,1,0,1,50,19,5,1,6,6069,2,1,0,6,Avenue Pierre SÃ©mard,43.654685,6.921992,18,2,1
202100004939,192Â 963,A01,1,1,1,5,1,0,-1,-1, -1,-1,2021,36.0,-1,2,0,2,6,17,1,,3,SUZANNE LENGLEN (AVENUE),0,,-1,3,0,1,0,1,1,, -1,1,0,1,50,3,12,3,93,93005,2,1,0,2,SUZANNE LENGLEN (AVENUE),48.9519268185,2.5130657779,1,2,2
202100044912,121Â 445,B01,1,1,1,0,8,0,-1,-1, -1,-1,2021,16.0,1,1,0,2,0,0,5,,2,RN4 - SECTION RIVIERA,0,,3,6,0,1,(1),(1),2,, -1,1,5,1,50,26,3,5,971,97113,1,9,0,6,RN4 - SECTION RIVIERA,16.21354,-61.47755,21,2,2
202100001163,199Â 696,A01,10,3,2,0,0,-1,-1,2,1,1,2021,56.0,2,2,0,1,2,0,1,,3,HUIT MAI 1945 (AVENUE DU),0,,2,2,0,2,0,0,1,, -1,2,0,1,50,26,12,5,91,91477,2,1,1,6,HUIT MAI 1945 (AVENUE DU),48.70766,2.2406,18,2,1
202100054795,103Â 850,B01,1,1,1,9,1,0,-1,-1, -1,-1,2021,23.0,1,2,0,2,2,26,0,,4,PASTEUR (AV.),0,,2,1,3,1,1,0,1,, -1,1,0,1,50,15,1,5,93,93010,2,1,0,3,PASTEUR (AV.),48.9055743608,2.4867339695,21,2,2
202100028960,149Â 959,A01,2,2,1,0,8,-1,-1,-1, -1,-1,2021,38.0,2,2,6,0,1,15,1,,4,ARTILLERIE (DE L')                  (BD),0,,2,2,0,1,(1),(1),2,, -1,1,9,8,50,14,7,2,69,69387,2,1,0,7,ARTILLERIE (DE L')                  (BD),45.7358644318,4.8430148162,6,2,1
202100011282,181Â 570,B01,1,1,1,5,2,6,9,0,0,-1,2021,59.0,1,1,0,2,1,1,1,,3,933,-1,,2,2,0,2,19,500,1,,4,1,0,1,50,17,10,1,1,1231,2,2,1,3,Grand Route,46.353045,4.903346,8,2,2
202100044665,121Â 875,A01,1,1,2,5,1,8,-1,0,0,-1,2021,49.0,1,2,0,2,1,19,1,,4,DUMAY (RUE JEAN BAPTISTE),0,,2,2,0,2,(1),(1),1,, -1,1,0,1,50,7,4,1,71,71153,2,2,0,3,DUMAY (RUE JEAN BAPTISTE),46.8006897533,4.4191088976,18,2,2
202100030218,147Â 751,B01,1,1,1,4,1,0,-1,0,0,-1,2021,51.0,1,2,0,2,4,2,1,,4,PORTE D ITALIE,0,,1,4,0,1,2,100,1,, -1,1,0,1,70,6,7,1,75,75113,2,1,0,4,PORTE D ITALIE,48.817318,2.366127,6,3,3
202100030559,147Â 136,B01,1,1,1,5,0,-1,-1,0,0,-1,2021,44.0,2,1,0,2,2,1,5,,3,,0,,2,2,0,1,(1),(1),3,, -1,1,0,1,50,16,6,1,54,54342,2,3,0,6,RUE JOFFRE,49.28264,5.89663,17,2,2
202100008098,187Â 261,A01,1,1,2,2,1,-1,-1,0,0,-1,2021,37.0,3,2,0,2,2,1,1,,3,98,0,,2,2,0,2,6,401,2,,"3,5",2,5,1,50,15,11,5,6,6018,2,3,1,3,3550 Route des Dolines,43.621722,7.058642,20,3,2
202100044762,121Â 701,B01,1,1,1,5,2,-1,-1,0,0,-1,2021,54.0,1,1,0,2,1,1,1,,3,100,-1,,2,2,0,2,1,390,2,, -1,1,5,1,80,9,4,1,974,97415,1,3,0,6,voie canniÃ¨re,-21.067651,55.22943,8,2,2
202100049011,114Â 151,A01,1,1,1,5,2,-1,-1,0,0,-1,2021,18.0,3,1,0,2,1,1,1,,4,,-1,,2,-1,-1,1,(1),(1),1,, -1,1,9,8,-1,7,3,1,7,7319,2,3,0,1,Place Jean MacÃ©,44.550177,4.68399,14,4,2
202100041942,126Â 651,A01,10,3,2,3,0,-1,-1,3,3,1,2021,68.0,2,2,0,1,1,1,1,,3,RTE DE LA LIBERATION ,0,,-1,2,0,1,1,0,1,, -1,1,0,1,50,30,4,1,94,94019,2,1,0,6,Route de la LibÃ©ration,48.80161,2.54052,10,2,1
202100000292,201Â 201,A01,1,1,1,5,2,6,-1,-1, -1,-1,2021,48.0,1,1,0,2,1,26,1,,7,M6   449.510 A 451.640,0,,3,6,3,1,448,600,1,, -1,1,0,1,70,22,10,1,69,69081,1,1,0,3,M6   449.510 A 451.640,45.7946674871,4.7798171639,17,2,2
202100032550,143Â 586,A01,10,3,2,5,0,-1,-1,3,3,1,2021,67.0,1,5,0,1,2,1,1,,3,559,-1,,2,2,0,1,77,250,1,, -1,1,9,1,70,23,6,1,83,83036,1,9,0,6,D559,43.185082,6.545153,12,2,1
202100017926,169Â 580,A01,10,3,2,5,0,-1,-1,3,3,1,2021,84.0,3,2,0,1,1,16,1,,4,,-1,,2,2,0,1,(1),(1),3,,5,1,5,1,50,30,8,2,44,44003,2,6,1,6,Boulevard du Docteur Moutel,47.370887,-1.177377,18,2,1
202100002911,196Â 567,A01,10,3,2,0,0,-1,-1,1,1,2,2021,59.0,1,2,0,1,1,26,1,,4,CHAMP BLANC (CHEMIN DE),0,,2,2,0,1,(1),(1),1,, -1,7,0,1,50,14,12,1,63,63070,2,1,0,6,CHAMP BLANC (CHEMIN DE),45.73501,3.06812,10,2,1
202100033236,142Â 360,A01,1,1,1,0,0,-1,-1,0,0,-1,2021,45.0,1,1,0,0,9,13,5,,3,45,0,C,2,2,0,2,0,900,3,, -1,1,0,1,50,21,6,1,38,38337,2,1,0,7,Avenue Jean Jaures,45.35174,5.50054,10,1,1
202100017859,169Â 696,A01,10,3,1,1,8,8,-1,3,3,1,2021,42.0,1,2,0,1,3,1,1,,4,CARNOT   AVENUE,0,,2,2,1,1,(1),(1),1,, -1,1,0,8,50,20,9,1,17,17300,2,1,0,6,CARNOT   AVENUE,46.16528,-1.18584,16,2,1
202100020731,164Â 571,A01,7,2,1,5,1,9,-1,0,0,-1,2021,15.0,3,2,13,0,3,2,1,,4,,0,,2,1,0,1,(1),(1),2,,3,1,0,3,80,5,9,1,76,76258,1,1,1,6,Route de Normanville,49.6879817724,0.5688992143,18,3,1
202100019520,166Â 741,A01,10,3,1,5,0,-1,-1,1,5,1,2021,16.0,0,1,0,1,5,26,1,,4,FLOUQUET (AV),0,,2,2,0,1,1,0,1,, -1,1,0,1,50,11,9,1,94,94038,2,1,0,6,Avenue Flouquet,48.774235,2.325068,18,2,1
202100041487,127Â 449,A01,3,2,2,0,2,8,-1,-1, -1,-1,2021,24.0,0,1,0,2,1,3,1,,4,MAZARGUES (AVENUE DE),0,,2,2,0,1,(1),(1),1,, -1,1,0,1,50,14,1,1,13,13209,2,1,0,3,MAZARGUES (AVENUE DE),43.2484326738,5.3984887357,14,3,2