Num_Acc,id_vehicule,num_veh,place,catu,sexe,trajet,secu1,secu2,secu3,locp,actp,etatp,year_acc,victim_age,senc,catv,obs,obsm,choc,manv,motor,occutc,catr,voie,v1,v2,circ,nbv,vosp,prof,pr,pr1,plan,lartpc,larrout,surf,infra,situ,vma,jour,mois,lum,dep,com,agg_,int,atm,col,adr,lat,long,hour,nb_victim,nb_vehicules
202100004680,193Â 412,B01,1,1,2,1,1,-1,-1,-1, -1,-1,2021,49.0,2,2,0,2,3,1,3,,7,YVES FARGE                          (BD),0,,2,2,2,1,62,900,1,, -1,1,0,1,50,3,12,1,69,69199,2,2,0,3,YVES FARGE (BD),45.6954166523,4.8589235544,13,2,2
202100022903,160Â 685,B01,1,1,1,0,2,8,-1,-1, -1,-1,2021,32.0,1,1,0,2,1,2,1,,4,AV MAZARIN,0,,2,2,0,1,0,0,1,, -1,1,0,1,50,21,8,1,91,91161,2,1,0,3,AV MAZARIN,48.706,2.31373,19,2,2
202100026693,153Â 999,B01,1,1,1,1,0,0,-1,-1, -1,-1,2021,22.0,2,1,0,2,8,25,3,,3,CARRIERES (QU DES),0,,2,3,0,1,1,0,1,, -1,2,0,4,30,27,7,1,94,94018,2,1,0,3,Quai des Carrieres,48.81953,2.40669,18,2,2
202100030409,147Â 412,B01,1,1,1,9,2,6,-1,0,0,-1,2021,59.0,1,1,0,2,7,17,1,,4,BOULEVARD DE LA CHAPELLE,0,,1,2,0,1,(1),(1),1,, -1,1,0,1,50,6,7,1,75,75118,2,3,0,3,BOULEVARD DE LA CHAPELLE,48.883976,2.351251,11,2,2
202100005786,191Â 448,B01,2,2,1,0,8,0,-1,-1, -1,-1,2021,0.0,0,2,0,0,6,0,1,,4,GARDEBLED (RUE RICHARD),0,,1,1,0,1,1,0,1,, -1,2,0,1,50,27,11,5,93,93064,2,1,1,2,GARDEBLED (RUE RICHARD),48.876016,2.484173,21,3,2
202100031890,144Â 752,A01,10,3,2,0,0,-1,-1,3,3,1,2021,68.0,3,5,0,1,7,1,1,,4,,0,,1,2,0,1,(1),(1),1,, -1,1,4,1,50,28,6,1,6,6088,2,1,0,6,JAURES (BD JEAN),43.697417,7.273042,10,2,1
202100055420,102Â 787,A01,1,1,2,5,1,0,-1,-1, -1,-1,2021,25.0,1,2,0,2,3,9,1,,2,RN 104 INT / RN 6 PARIS,0,,3,4,0,1,28,0,1,, -1,2,0,1,110,12,1,1,91,91553,1,9,1,3,RN 104 INT / RN 6 PARIS,48.63152,2.50189,8,2,2
202100035682,137Â 932,B01,1,1,1,1,2,6,-1,-1, -1,-1,2021,62.0,1,1,0,2,4,2,1,,4,JEAN JAURES (RUE),0,,2,3,0,4,(1),(1),1,, -1,1,0,1,50,7,6,1,86,86194,2,1,0,2,Rue Jean Jaures,46.578514,0.350388,9,2,2
202100013393,177Â 791,A01,1,1,2,1,2,6,-1,-1, -1,-1,2021,60.0,1,1,0,2,3,2,1,,2,PARIS (R DE),0,,2,4,0,1,1,0,1,, -1,1,0,1,50,13,10,1,94,94078,2,4,0,2,Rue de Paris,48.75535,2.44431,9,2,2
202100034040,140Â 916,B01,1,1,1,1,2,8,-1,-1, -1,-1,2021,40.0,1,1,0,2,5,1,3,,4,PLAINE DES BOUCHERS (RUE DE LA),0,,2,4,1,1,0,0,1,, -1,1,0,5,50,14,6,1,67,67482,2,1,1,3,PLAINE DES BOUCHERS (RUE DE LA),48.5640379775,7.7386042459,12,2,2
202100014673,175Â 485,A01,1,1,1,5,0,-1,-1,0,0,-1,2021,84.0,0,2,6,0,1,1,1,,9,,-1,,-1,1,0,2,(1),(1),2,,3,2,0,1,50,6,10,1,974,97422,2,1,0,1,22 Rue des Muriers,-21.280972,55.533992,14,1,1
202100004298,194Â 076,A01,1,1,2,5,2,4,-1,0,0,-1,2021,47.0,3,1,0,0,0,1,5,,4,PLACE SAINT MICHEL,0,,1,3,1,1,(1),(1),1,, -1,2,0,1,30,7,12,5,75,75105,2,7,1,7,PLACE SAINT MICHEL,48.853724,2.344291,18,1,1
202100002731,196Â 888,A01,1,1,2,5,2,-1,-1,-1, -1,-1,2021,29.0,2,1,0,2,1,1,1,,3,MONTABO (ROUTE DE) 3,0,,2,2,2,1,2,50,1,, -1,1,0,1,50,15,12,1,973,97302,2,3,0,3,MONTABO (ROUTE DE) 3,4.9416834754,-52.3040864468,16,3,2
202100002468,197Â 361,B01,1,1,1,9,2,0,-1,0,0,-1,2021,24.0,1,1,0,2,0,15,1,,4,AVENUE CESAR CAIRE,0,,2,2,0,1,(1),(1),1,, -1,1,0,1,30,17,12,1,75,75108,2,3,0,3,AVENUE CESAR CAIRE,48.876185,2.319466,13,2,2
202100044683,121Â 842,A01,1,1,1,5,2,6,-1,-1, -1,-1,2021,64.0,2,1,0,2,1,17,1,,2,ROUGES TERRES (LES),0,,2,2,0,2,0,0,1,, -1,1,0,1,50,5,4,1,50,50203,2,1,0,2,ROUGES TERRES (LES),49.61727,-1.60847,18,2,2
202100021606,163Â 011,B01,1,1,1,1,2,6,-1,-1, -1,-1,2021,23.0,1,1,0,2,1,2,1,,4,SAINT EXUPERY (AVENUE. 220 A ...),0,,2,0,0,1,(1),(1),1,, -1,1,0,1,50,30,8,1,62,62193,2,3,0,3,SAINT EXUPERY (AVENUE. 220 A ...),50.946393,1.897767,7,2,2
202100021138,163Â 875,B01,1,1,1,5,1,-1,-1,0,0,-1,2021,29.0,2,2,13,2,1,1,1,,3,906,-1,,2,2,0,1,32,50,3,, -1,1,0,1,80,3,9,3,63,63454,1,1,1,1,D906,45.637503,3.709452,21,2,2
202100022404,161Â 598,B01,1,1,1,0,2,0,-1,-1, -1,-1,2021,35.0,3,1,0,2,9,1,1,,4,FÃ©licien FLORENT (Rue),0,,2,1,0,1,0,9,1,, -1,1,0,1,50,23,8,1,84,84007,2,1,0,3,FÃ©licien FLORENT (Rue),43.91699,4.88889,16,2,2
202100018624,168Â 347,B01,1,1,1,5,2,0,-1,-1, -1,-1,2021,24.0,1,1,0,0,0,0,0,,3,JEAN JAURES (AVE)  215 =>,0,,2,4,0,1,0,0,1,, -1,1,0,1,50,16,9,5,93,93001,2,1,0,2,JEAN JAURES (AVE)  215 =>,48.9158,2.40514,0,3,2
202100000492,200Â 825,A01,1,1,1,0,2,7,-1,-1, -1,-1,2021,39.0,0,1,0,2,1,1,1,,4,SEIZIEME PORT (AVENUE DU),0,,3,3,3,1,0,0,1,, -1,1,0,1,50,27,10,1,76,76351,2,1,0,2,SEIZIEME PORT (AVENUE DU),49.4821030652,0.1601892332,16,2,2
202100051482,109Â 684,B01,4,2,1,4,0,-1,-1,0,0,-1,2021,37.0,2,2,0,0,6,23,1,,1,7,-1,,3,4,0,2,252,400,1,, -1,2,1,1,130,16,2,3,13,13081,1,1,1,2,A7 PK 252.400 sens sud-nord,43.508099,5.235793,3,5,2
202100028481,150Â 804,B01,1,1,2,5,2,-1,-1,-1, -1,-1,2021,25.0,0,1,0,2,7,1,1,,7,FONTSAINTE (AVENUE DE),0,,2,2,0,1,0,0,1,, -1,1,0,1,50,17,7,1,13,13028,2,1,0,3,FONTSAINTE (AVENUE DE),43.1903456125,5.6373652288,9,2,2
202100047734,116Â 424,B01,1,1,1,0,2,0,-1,0,0,-1,2021,35.0,2,1,0,2,3,1,1,,4,BLATIN (RUE),0,,1,2,0,1,(1),(1),1,, -1,1,0,1,50,5,3,1,63,63075,2,2,0,3,BLATIN/berthelot,45.7763,3.07322,18,2,2
202100035629,138Â 032,B01,1,1,2,5,1,-1,-1,0,0,-1,2021,75.0,1,2,0,2,2,1,1,,3,,-1,,2,2,0,1,0,900,1,,4,1,0,1,50,9,6,1,201,201247,2,2,0,3,Rue Henry Frenay,41.602102,9.278737,20,2,2
202100015762,173Â 496,B01,1,1,1,9,2,0,-1,-1, -1,-1,2021,22.0,1,1,0,2,1,26,1,,3,STALINGRAD (AVENUE DE) DES NÂ° 126 A 156,0,,1,2,0,1,0,0,1,, -1,1,0,1,50,30,8,5,93,93072,2,1,0,1,STALINGRAD (AVENUE DE) DES NÂ° 126 A 156,48.9571,2.3958,1,2,2
202100044280,122Â 517,A01,10,3,2,0,0,-1,-1,1,3,1,2021,62.0,3,2,0,1,4,4,1,,4,TRUDAINE   RUE,0,,1,1,0,1,(1),(1),1,, -1,1,0,1,30,12,4,1,17,17300,2,1,0,6,TRUDAINE   RUE,46.16848,-1.1985,11,2,1
202100007418,188Â 499,A01,1,1,1,1,2,6,9,0,0,-1,2021,33.0,1,1,0,0,0,2,1,,3,82,-1,,2,2,0,3,7,0,3,, -1,1,5,1,50,9,11,3,60,60533,2,6,0,7,,49.530974,2.729373,21,1,1
202100009836,184Â 115,B01,1,1,2,3,1,-1,-1,0,0,-1,2021,30.0,2,2,0,0,6,1,1,,3,50,0,,2,2,0,1,(1),(1),1,, -1,2,0,8,80,2,11,3,68,68140,1,2,0,3,D8,47.888597,7.448055,18,5,2
202100031978,144Â 584,B01,1,1,1,5,8,0,-1,-1, -1,-1,2021,32.0,1,0,0,2,4,2,3,,4,AV JEAN RIEUX,0,,-1,2,0,1,(1),(1),1,, -1,2,0,1,50,27,6,5,31,31555,2,1,1,2,AV JEAN RIEUX,43.58532,1.47588,22,2,2
202100017050,171Â 149,B01,1,1,1,1,2,0,-1,0,0,-1,2021,30.0,2,1,0,2,2,1,1,,4,BOULEVARD DE L HOPITAL,0,,2,5,0,2,(1),(1),1,, -1,1,0,1,50,23,9,5,75,75113,2,4,0,3,BOULEVARD DE L HOPITAL,48.8388736752,2.3609940989,21,2,2
202100047687,116Â 516,B01,1,1,2,4,1,-1,-1,0,0,-1,2021,31.0,3,2,0,0,2,23,1,,6,,-1,,-1,-1,0,1,(1),(1),1,, -1,1,0,1,50,15,3,1,68,68297,2,1,0,2,5 Rue de Seville,47.607226,7.535779,14,3,2
202100022045,162Â 225,B01,3,2,1,5,3,-1,-1,-1, -1,-1,2021,1.0,1,2,6,2,6,1,1,,1,A86.EXT,0,,1,2,0,1,31,799,3,, -1,1,1,1,90,28,8,5,94,94052,1,1,0,3,A86.EXT,48.8353272552,2.4937909007,23,3,2
202100024204,158Â 410,B01,1,1,1,0,1,-1,-1,0,0,-1,2021,34.0,1,2,2,0,6,1,1,,2,12,-1,,3,2,0,1,43,900,1,, -1,1,0,1,110,14,8,3,78,78389,1,1,0,2,N12,48.801092,1.827736,22,2,2
202100003037,196Â 351,B01,3,2,2,5,1,-1,-1,-1, -1,-1,2021,6.0,2,2,0,2,4,2,1,,1,ROCADE A 630,0,,3,4,0,1,10,939,1,, -1,1,3,1,70,14,12,1,33,33162,1,1,0,4,ROCADE A 630,44.87775,-0.63068,16,6,4
202100039843,130Â 361,A01,1,1,1,5,2,6,-1,0,0,-1,2021,18.0,2,1,0,2,1,17,1,,4,RUE DE CHARONNE,0,,2,2,0,2,(1),(1),1,, -1,2,0,1,50,15,5,1,75,75111,2,1,1,3,RUE DE CHARONNE,48.855357,2.388698,13,2,2
202100009989,183Â 843,B01,1,1,1,0,1,0,-1,-1, -1,-1,2021,32.0,2,2,0,2,4,2,1,,1,A86.EXT,0,,3,3,0,1,29,799,1,, -1,2,0,1,90,1,11,5,94,94033,1,1,1,4,A86.EXT,48.8552845039,2.4893358452,21,5,3
202100052735,107Â 470,B01,1,1,2,3,0,-1,-1,0,0,-1,2021,43.0,0,2,0,0,7,24,1,,6,,0,,-1,-1,0,1,(1),(1),1,, -1,2,9,1,30,3,2,2,88,88078,2,1,1,6,50 Rue Abel Ferry,48.204198,6.721916,17,4,2
202100030262,147Â 672,A01,1,1,1,0,1,-1,-1,0,0,-1,2021,34.0,1,5,2,0,3,1,1,,3,42,0,A,2,2,0,2,6,255,3,, -1,1,0,3,70,8,7,3,83,83019,1,1,0,6,2387 Route de LÃ©oube,43.122667,6.293229,0,1,1
202100044194,122Â 678,A01,1,1,1,5,2,6,9,0,0,-1,2021,19.0,2,1,0,0,1,2,1,,3,770,0,,2,2,0,1,21,780,1,, -1,1,0,1,90,13,4,1,49,49176,1,4,0,2,La Grande Alnaie (Le Lion-d'Angers),47.6120974034,-0.7774776654,18,2,2
202100020432,165Â 117,A01,1,1,2,0,1,0,-1,-1, -1,-1,2021,38.0,1,2,0,2,1,2,1,,2,RN 104,0,,1,2,0,1,29,799,1,, -1,1,0,1,110,7,9,1,91,91617,1,1,0,2,RN 104,48.631556,2.516174,8,2,2
202100021618,162Â 991,B01,2,2,2,9,1,8,-1,-1, -1,-1,2021,16.0,3,2,0,2,7,1,1,,4,CLOCHEVILLE (RUE DE),0,,1,1,0,1,(1),(1),1,, -1,1,0,1,30,31,8,5,37,37261,2,2,0,3,CLOCHEVILLE (RUE DE),47.3909384148,0.6838463205,22,3,2
202100000525,200Â 762,A01,10,3,2,0,0,-1,-1,2,B,-1,2021,58.0,0,2,0,1,2,20,1,,4,VIAL JEAN ANTOINE RUE,0,,2,2,0,1,(1),(1),1,, -1,1,0,1,30,20,12,1,42,42207,2,3,0,6,Rue Jean-Antoine Vial,45.47685,4.50877,8,2,1
202100027197,153Â 105,A01,1,1,1,9,2,8,-1,-1, -1,-1,2021,31.0,3,1,0,2,0,17,0,,4,BROSSOLETTE (STADE),0,,2,2,0,1,(1),(1),1,, -1,1,0,1,50,24,7,1,78,78440,2,9,0,3,BROSSOLETTE (STADE),48.97873,1.91586,20,3,2
202100055605,102Â 464,B01,1,1,1,1,1,-1,-1,0,0,-1,2021,29.0,2,5,0,2,2,13,1,,3,37,-1,,2,2,0,1,26,50,1,, -1,1,0,1,90,11,1,3,83,83133,1,1,0,1,D37,43.573797,6.805876,19,2,2
202100047128,117Â 527,A01,1,1,1,5,1,-1,-1,0, -1,-1,2021,24.0,2,2,1,0,2,14,1,,4,COMMANDANT DROGOU (DE 71 ET 78 AFIN),0,,2,2,0,1,(1),(1),1,, -1,1,0,1,50,21,3,5,29,29019,2,1,0,6,Rue du Commandant Drogou,48.4043536908,-4.4909620285,4,1,1
202100043213,124Â 416,A01,1,1,2,0,2,0,-1,-1, -1,-1,2021,45.0,1,1,0,2,1,5,5,,3,BROSSOLETTE AVENUE PIERRE,0,,2,4,1,1,0,1,1,, -1,1,0,1,50,21,4,1,92,92049,2,2,0,3,BROSSOLETTE AVENUE PIERRE,48.8176956235,2.3078852892,10,2,2
202100046987,117Â 793,A01,10,3,1,0,0,-1,-1,3,3,1,2021,80.0,3,2,0,1,1,1,1,,4,,-1,,2,2,0,1,(1),(1),1,, -1,1,6,1,50,24,3,1,50,50484,2,1,0,6,Boulevard de la SÃ©lune,48.580928,-1.091833,10,2,1
202100021149,163Â 858,A01,1,1,1,0,1,-1,-1,0,0,-1,2021,50.0,2,2,9,2,8,1,1,,3,650,-1,,2,2,0,1,73,600,1,, -1,1,5,1,80,3,9,1,50,50215,1,2,0,3,D650,49.129022,-1.590421,20,3,2
202100053443,106Â 190,B01,1,1,1,1,2,0,-1,-1, -1,-1,2021,48.0,2,1,0,2,1,1,5,,4,CANONNIERS (RUE DES),0,,2,2,1,1,0,0,1,, -1,1,0,1,50,26,1,2,67,67482,2,1,0,3,CANONNIERS (RUE DES),48.554264,7.763214,8,2,2
202100000633,200Â 575,B01,1,1,1,0,1,0,-1,-1, -1,-1,2021,39.0,2,2,0,2,4,26,1,,2,20 (R.N.) COTE SUD DU TUNNEL,0,,3,2,0,1,41,341,1,, -1,1,9,1,80,30,12,1,9,9207,2,1,0,2,20 (R.N.) COTE SUD DU TUNNEL,42.938742,1.624617,16,5,2
202100014725,175Â 393,B01,1,1,1,5,1,-1,-1,-1, -1,-1,2021,30.0,1,2,0,2,4,1,1,,7,RD383 2.321 A 3.750,0,,1,3,0,1,2,461,1,, -1,2,0,1,70,23,6,1,69,69266,1,1,1,2,RD383 2.321 A 3.750,45.7835,4.8916,20,2,2
202100000154,201Â 472,A01,10,3,1,5,0,-1,-1,1,3,1,2021,76.0,1,2,0,1,1,15,1,,4,BACCIOCCHI COMTE RUE,0,,1,1,0,1,(1),(1),1,, -1,1,0,1,50,31,12,1,201,201004,2,4,0,6,BACCIOCCHI COMTE RUE,41.9463509,8.7547114,9,2,1
202100008500,186Â 540,A01,10,3,2,5,0,-1,-1,4,3,2,2021,67.0,1,2,0,1,1,16,1,,4,RUE DU DOCTEUR ROUX,0,,1,1,0,1,(1),(1),1,, -1,1,0,1,30,10,11,5,75,75115,2,2,0,6,RUE DU DOCTEUR ROUX,48.842093,2.312995,19,3,1
202100031491,145Â 467,A01,1,1,1,1,2,-1,-1,0,0,-1,2021,27.0,1,1,0,2,2,1,1,,4,,0,,2,2,0,1,(1),(1),1,,4,1,0,1,50,24,6,1,973,97307,2,1,0,3,Rue ConvouÃ©,4.886923,-52.344988,17,2,2
202100050878,110Â 732,B01,1,1,1,1,2,8,-1,-1, -1,-1,2021,20.0,3,1,0,2,8,1,1,,4,MONPLAISIR,0,,2,2,2,1,(1),(1),3,, -1,1,0,1,50,19,2,1,69,69264,2,3,0,3,MONPLAISIR,45.9949867109,4.7230859399,9,2,2
202100007667,188Â 045,A01,1,1,2,1,2,8,-1,0,0,-1,2021,52.0,1,1,0,0,8,1,1,,4,RUE DU LOUVRE,0,,1,3,3,1,(1),(1),1,, -1,2,0,1,30,17,11,1,75,75102,2,2,1,7,RUE DU LOUVRE,48.866749,2.343829,8,1,1
202100052110,108Â 564,A01,1,1,1,4,2,0,-1,-1, -1,-1,2021,20.0,2,1,14,0,1,26,1,,4,GRAND CERF (BOULEVARD DU),0,,2,3,3,1,(1),(1),1,, -1,2,0,6,50,5,2,2,86,86194,2,1,1,1,Boulevard du Grand Cerf,46.58536,0.337422,17,2,2
202100037021,135Â 528,B01,1,1,1,1,2,0,-1,0,0,-1,2021,61.0,1,0,0,2,1,9,5,,3,DOUVENANT (RUE DE),0,,2,2,1,1,(1),(1),1,, -1,1,-1,1,50,12,5,1,22,22106,2,1,0,3,DOUVENANT (RUE DE),48.501071,-2.728723,7,2,2
202100003278,195Â 904,B01,1,1,1,5,2,6,-1,0,0,-1,2021,32.0,2,1,7,0,8,1,1,,3,98,-1,,2,2,0,1,16,249,1,, -1,2,0,1,80,13,12,3,60,60027,1,2,1,1,D1324,49.230728,2.810698,21,2,2
202100028654,150Â 495,A01,10,3,2,5,8,8,-1,5,5,2,2021,53.0,1,1,0,1,1,25,5,,3,POMPIDOU GEORGES (AVENUE),0,,2,4,0,1,22,468,1,, -1,1,0,4,50,13,7,1,30,30189,2,3,0,6,POMPIDOU GEORGES (AVENUE),43.8377,4.345,7,2,1
202100014734,175Â 372,A01,1,1,1,9,1,0,-1,-1, -1,-1,2021,31.0,1,2,0,0,0,26,1,,2,RN12 EXT,0,,-1,3,0,1,36,299,1,, -1,1,0,1,110,7,10,1,78,78490,1,1,0,6,RN12 EXT,48.798707,1.924454,16,1,1
202100050941,110Â 624,Z01,10,3,1,1,0,-1,-1,4,3,1,2021,58.0,1,2,0,1,1,16,0,,3,R CHAPSAL ,0,,1,1,0,1,1,0,1,, -1,2,0,1,50,19,2,2,94,94042,2,1,0,6,CHAPSAL (R),48.82032,2.46709,7,2,1
202100028680,150Â 456,A01,10,3,1,5,0,-1,-1,4,3,1,2021,92.0,2,1,0,1,1,1,3,,4,BOULEVARD PEREIRE,0,,1,1,0,1,(1),(1),1,, -1,1,0,1,30,16,7,1,75,75117,2,2,0,6,BOULEVARD PEREIRE,48.880849,2.289954,15,2,1
202100031560,145Â 342,A01,1,1,1,1,2,8,-1,-1, -1,-1,2021,17.0,3,1,0,2,1,15,5,,4,LANGEVIN (BOULEVARD PAUL),0,,2,2,0,1,(1),(1),1,, -1,1,0,1,50,30,6,1,37,37233,2,1,0,6,LANGEVIN (BOULEVARD PAUL),47.3907150425,0.7284316421,8,2,2
202100012674,179Â 061,B01,1,1,2,9,2,0,-1,0,0,-1,2021,29.0,3,1,0,2,1,1,1,,4,RUE DU GENERAL NIOX,0,,1,1,0,1,(1),(1),1,, -1,1,0,1,30,17,10,1,75,75116,2,2,0,3,RUE DU GENERAL NIOX,48.836717,2.26291,18,2,2
202100005917,191Â 214,A01,1,1,1,5,8,0,-1,-1, -1,-1,2021,16.0,2,1,0,2,1,5,3,,3,BASSEE (RTE DE LA),0,,1,1,0,1,1,220,1,, -1,2,0,1,50,20,11,2,62,62498,2,1,1,1,BASSEE (RTE DE LA),50.443492,2.81985,17,2,2
202100052228,108Â 347,A01,1,1,1,5,8,0,-1,0,0,-1,2021,51.0,1,1,0,1,1,1,1,,4,AVENUE DU PRESIDENT KENNEDY,0,,-1,3,3,1,(1),(1),1,, -1,2,0,1,50,7,2,5,75,75116,2,1,1,6,AVENUE DU PRESIDENT KENNEDY,48.853925,2.282792,17,2,1
202100053525,106Â 040,A01,1,1,1,5,8,-1,-1,0,0,-1,2021,43.0,1,2,0,0,9,1,1,,3,74,0,D,2,2,2,4,18,100,3,, -1,5,-1,3,80,27,1,3,73,73255,1,1,1,6,D74,45.3239038854,6.3180154507,17,1,1
202100053383,106Â 300,A01,1,1,2,5,9,-1,-1,0,0,-1,2021,28.0,1,2,0,2,2,9,1,,3,906,0,D,2,2,0,1,1,820,1,, -1,1,0,1,90,26,1,1,43,43174,1,3,0,5,D906,44.982346,3.827984,14,3,3
202100053014,106Â 958,A01,2,2,1,5,0,-1,-1,0,0,-1,2021,31.0,2,2,7,0,1,14,1,,3,988,-1,,2,2,0,1,30,810,1,, -1,2,5,3,80,1,2,1,78,78522,1,3,0,7,D988,48.577615,1.965635,14,2,1
202100037052,135Â 470,B01,1,1,2,9,2,8,-1,0,0,-1,2021,56.0,1,1,0,2,6,20,1,,4,RUE DES VINAIGRIERS,0,,1,1,0,1,(1),(1),1,, -1,1,0,1,50,1,6,1,75,75110,2,1,0,2,RUE DES VINAIGRIERS,48.873201,2.360021,18,2,2
202100052070,108Â 645,A01,1,1,2,5,1,-1,-1,0,0,-1,2021,64.0,2,2,2,0,7,1,1,,3,98,-1,,2,2,0,1,8,277,3,, -1,2,0,3,80,10,2,1,1,1408,1,1,1,6,D98,46.22673,5.396465,12,1,1
202100000486,200Â 835,A01,1,1,1,1,0,-1,-1,0, -1,-1,2021,20.0,0,1,0,2,2,19,3,,3,TANNERIES (RUE DES),0,,3,2,0,4,0,122,1,, -1,1,0,1,50,27,10,1,50,50129,2,1,0,3,TANNERIES (RUE DES),49.632841,-1.62288,17,2,2
202100006825,189Â 577,B01,1,1,2,1,2,0,-1,-1, -1,-1,2021,32.0,-1,0,0,0,4,15,3,,3,LUCIEN LEFRANC (QUAI),0,,2,2,0,1,0,1,1,, -1,1,0,1,50,22,11,1,93,93001,2,9,0,2,LUCIEN LEFRANC (QUAI),48.9119,2.37338,8,2,2
202100043597,123Â 743,A01,2,2,2,5,1,-1,-1,0,0,-1,2021,83.0,2,2,1,0,2,1,2,,3,,-1,,2,2,0,1,(1),(1),1,,4,1,0,1,50,16,4,1,67,67397,2,1,0,6,rue du 34eme rif,48.32060116,7.7072885353,12,2,1
202100053320,106Â 415,A01,10,3,2,2,0,-1,-1,4,3,1,2021,16.0,3,2,0,1,1,1,1,,7,307,0,,2,2,0,2,64,650,1,, -1,2,0,1,50,28,1,5,69,69276,2,1,1,6,LYON (DE) (RTE)                          ,45.679995867,4.861222744,18,4,1
202100002478,197Â 341,A01,10,3,2,9,0,-1,-1,2,3,1,2021,14.0,2,5,0,1,7,26,1,,3,HUGO (AVENUE VICTOR),0,,3,2,0,4,0,0,1,, -1,1,0,1,50,17,12,5,93,93027,2,1,0,3,HUGO (AVENUE VICTOR),48.92,2.38,18,2,1
202100002763,196Â 831,A01,1,1,2,5,1,0,-1,0,0,-1,2021,93.0,3,2,12,0,7,1,1,,4,LE GUILLOUX (HENRI),0,,-1,0,0,1,(1),(1),1,, -1,1,9,8,30,15,12,1,35,35238,2,1,0,1,LE GUILLOUX (HENRI),48.1197184193,-1.6913473606,14,2,2
202100031488,145Â 470,A01,1,1,1,4,1,-1,-1,0,0,-1,2021,63.0,1,4,0,9,3,1,1,,3,1,-1,,2,2,0,2,(1),(1),1,,"5,5",1,0,1,90,1,7,1,52,52423,1,1,0,6,DÃ©partementale 1,48.245768,5.32824,15,1,1
202100050572,111Â 289,B01,1,1,1,5,2,0,-1,-1, -1,-1,2021,35.0,2,1,0,2,7,1,5,,4,ANDRE PHILIP      (Cours),0,,1,2,3,1,(1),(1),1,, -1,1,0,1,50,21,2,1,69,69266,2,1,0,3,ANDRE PHILIP (CR),45.77249,4.8637,12,2,2
202100004212,194Â 223,Z01,10,3,1,0,0,8,-1,3,3,1,2021,26.0,1,1,0,1,0,1,0,,4,PERRAY ( RUE DU ),0,,2,0,0,1,(1),(1),1,, -1,2,0,1,30,6,12,1,44,44109,2,1,1,7,PERRAY ( RUE DU ),47.24846,-1.51121,12,2,1
202100023997,158Â 745,B01,1,1,1,0,2,0,-1,-1, -1,-1,2021,16.0,2,1,0,2,1,1,1,,3,RUE DE LA GARE,0,,2,2,0,1,0,330,1,, -1,1,0,1,50,15,8,1,88,88409,2,3,0,3,RUE DE LA GARE,48.020109,6.66612,17,2,2
202100048798,114Â 545,B01,1,1,2,5,2,8,-1,-1, -1,-1,2021,39.0,0,1,0,2,8,26,0,,3,SELLIER (BOULEVARD HENRI),0,,1,8,3,1,1,0,1,, -1,1,0,5,50,8,3,1,92,92073,2,1,0,3,SELLIER (BOULEVARD HENRI),48.8666344599,2.2209334373,16,2,2
202100012571,179Â 243,A01,1,1,2,1,2,6,-1,0,0,-1,2021,18.0,1,1,0,0,9,1,1,,3,201,-1,,2,1,0,1,51,380,1,, -1,8,0,1,50,15,10,1,68,68309,2,6,0,7,D201,47.665293,7.444139,17,1,1
202100025044,156Â 890,A01,1,1,2,5,2,-1,-1,0,0,-1,2021,32.0,1,1,3,0,1,1,1,,2,57,0,,3,4,0,1,29,4,3,, -1,1,0,1,90,8,8,1,25,25364,1,1,0,6,N57,47.197003,6.171484,11,1,1
202100023076,160Â 371,A01,1,1,1,0,2,-1,-1,-1, -1,-1,2021,55.0,1,1,0,2,1,26,1,,4,PASCAL (BOULEVARD),0,,2,2,0,1,(1),(1),1,, -1,1,0,1,50,31,7,1,21,21231,2,1,0,3,PASCAL (BOULEVARD),47.3372611549,5.0540844327,19,2,2
202100030299,147Â 608,A01,1,1,1,4,8,-1,-1,0,0,-1,2021,34.0,1,5,0,2,1,13,1,,3,231,0,,2,2,0,1,34,500,1,, -1,1,0,1,80,8,7,1,77,77144,1,1,0,1,D 231,48.7634096431,2.9231275828,9,2,2
202100038992,131Â 940,A01,2,2,2,3,1,0,-1,-1, -1,-1,2021,66.0,1,2,0,2,8,1,1,,3,ARISTIDE BRIAND (RUE),0,,2,2,0,1,1,0,3,, -1,1,0,1,50,21,5,1,93,93032,2,1,0,3,Rue Aristide Briand,48.878915,2.533252,10,3,2
202100021081,163Â 975,A01,1,1,1,1,2,0,-1,0,0,-1,2021,47.0,1,1,0,2,1,2,1,,4,PLACE VALHUBERT,0,,1,2,0,1,(1),(1),1,, -1,1,0,1,30,3,9,1,75,75105,2,7,0,2,PLACE VALHUBERT,48.8448,2.364017,9,2,2
202100043725,123Â 532,C01,2,2,1,0,1,0,-1,-1, -1,-1,2021,28.0,1,2,0,0,2,14,1,,1,10,0,,3,6,0,1,1,399,1,, -1,1,0,1,110,17,4,2,92,92002,1,1,0,4,AUTOROUTE A10,48.7325683326,2.3112541746,6,4,3
202100003742,195Â 063,B01,2,1,1,0,8,0,-1,-1, -1,-1,2021,49.0,3,1,0,2,2,15,3,,4,PAUL FORT (ALLEE),0,,2,2,0,1,0,1,1,, -1,1,0,1,50,10,12,5,93,93071,2,4,0,3,PAUL FORT (ALLEE),48.9453898182,2.5487146679,17,2,2