Num_Acc,id_vehicule,num_veh,place,catu,sexe,trajet,secu1,secu2,secu3,locp,actp,etatp,year_acc,victim_age,senc,catv,obs,obsm,choc,manv,motor,occutc,catr,voie,v1,v2,circ,nbv,vosp,prof,pr,pr1,plan,lartpc,larrout,surf,infra,situ,vma,jour,mois,lum,dep,com,agg_,int,atm,col,adr,lat,long,hour,nb_victim,nb_vehicules
202100040733,128Â 800,B01,1,1,2,9,1,0,-1,0,0,-1,2021,60.0,0,2,0,2,8,1,1,,4,VERDUN (BOULEVARD DE),0,,2,2,0,1,(1),(1),1,, -1,1,0,1,50,7,5,1,71,71486,2,1,0,3,VERDUN (BOULEVARD DE),46.64574,4.31731,16,3,2
202100024063,158Â 637,B01,1,1,1,1,1,-1,-1,0,0,-1,2021,53.0,2,2,0,2,6,15,1,,3,901,0,,2,2,0,1,8,900,1,, -1,1,0,1,80,16,8,1,50,50539,1,1,0,3,Rue des Hommets,49.673446,-1.384621,19,2,2
202100015485,174Â 025,A01,10,3,2,9,0,-1,-1,3,3,1,2021,18.0,1,2,0,1,3,17,1,,3,CHANZY (BOULEVARD),0,,1,2,0,1,(1),(1),1,, -1,1,0,8,50,1,10,1,971,97120,2,2,0,6,CHANZY (BOULEVARD),16.24111,-61.53558,16,2,1
202100012596,179Â 200,B01,1,1,1,1,6,2,-1,-1, -1,-1,2021,33.0,2,1,0,2,7,3,1,,1,ROCADE A 630,0,,3,6,0,1,15,119,1,, -1,1,0,1,90,18,10,1,33,33281,1,1,0,3,ROCADE A 630,44.850346,-0.667415,17,2,2
202100041875,126Â 773,A01,1,1,1,4,1,0,-1,-1,0,-1,2021,20.0,3,2,14,2,9,1,1,,4,PASTEUR (RUE),0,,1,1,0,1,(1),(1),1,, -1,1,0,1,50,29,4,3,95,95288,2,2,0,3,PASTEUR (RUE),48.986291,2.351758,21,2,2
202100055463,102Â 710,A01,2,2,1,5,1,0,-1,-1, -1,-1,2021,20.0,2,2,2,0,3,26,1,,3,360,0,,1,1,0,2,4,119,3,, -1,1,3,3,50,9,1,1,77,77276,1,1,0,6,RD 360,48.92706,2.88135,14,2,1
202100003289,195Â 885,A01,2,2,1,5,1,-1,-1,0,0,-1,2021,39.0,1,2,15,0,0,1,1,,3,989,-1,,2,2,0,2,28,400,2,, -1,2,0,3,80,13,12,3,3,3274,1,1,1,6,Hameau de Peublanc,46.367557,3.638813,19,3,1
202100015070,174Â 768,B01,1,1,1,0,2,6,-1,-1, -1,-1,2021,20.0,2,1,12,2,6,3,1,,4,AVE DU MAL DE LATTRE DE TASSIGNY CAUD.,0,,2,3,2,1,(1),(1),1,, -1,1,0,1,50,4,10,1,33,33063,2,3,0,3,AVE DU MAL DE LATTRE DE TASSIGNY CAUD.,44.85883,-0.628,18,2,2
202100039054,131Â 824,A01,10,3,2,5,0,-1,-1,3,3,1,2021,75.0,0,2,0,1,2,1,1,,4,LAVERUNE (ROUTE DE,0,,2,2,0,1,(1),(1),1,, -1,1,0,1,50,19,5,1,34,34172,2,1,0,6,LAVERUNE (ROUTE DE,43.602542,3.854354,9,2,1
202100041743,126Â 996,A01,3,2,1,0,1,0,-1,-1, -1,-1,2021,19.0,1,2,4,2,1,1,1,,1,A7-Sens Lyon vers Marseille,0,,3,3,0,1,277,0,1,, -1,2,0,2,90,1,5,1,13,13215,1,1,1,2,A7-Sens Lyon vers Marseille,43.3537369724,5.3645682335,17,4,2
202100042639,125Â 414,B01,2,2,2,5,1,-1,-1,0,0,-1,2021,25.0,0,2,0,2,4,15,0,,3,650,0,,2,2,0,1,70,962,1,, -1,1,0,1,80,26,4,1,50,50403,1,2,0,4,Chemin des Matelots,49.156829,-1.588554,18,4,3
202100048380,115Â 279,A01,1,1,1,2,2,6,-1,-1, -1,-1,2021,16.0,3,1,0,2,1,13,1,,4,SABLONS (AVENUE DES),0,,2,2,0,1,0,0,1,, -1,2,0,1,50,11,3,1,91,91687,2,1,0,1,SABLONS (AVENUE DES),48.66727,2.36544,9,2,2
202100009748,184Â 274,A01,1,1,1,0,1,0,-1,0,0,-1,2021,27.0,0,2,0,0,2,9,1,,4,MARECHAL LECLERC (AVENUE DU),0,,1,3,0,1,(1),(1),2,, -1,2,2,1,50,2,11,1,71,71040,2,1,1,7,MARECHAL LECLERC (AVENUE DU),46.6906247865,4.3808322117,8,1,1
202100042307,126Â 001,A01,1,1,1,4,2,6,-1,-1, -1,-1,2021,36.0,1,1,0,2,7,17,1,,3,CERNAY (RUE DE ) DU NÂ° 39 A FIN ET DU NÂ°,0,,2,2,0,2,35,750,1,, -1,1,0,1,50,27,4,1,51,51454,2,2,0,3,Rue de Cernay,49.2578456132,4.0529589635,18,2,2
202100020862,164Â 356,B01,1,1,1,5,2,8,-1,-1, -1,-1,2021,49.0,0,1,0,2,1,1,1,,4,PATTON (AVENUE DU GENERAL SIR GEORGES),0,,2,4,0,2,(1),(1),1,, -1,2,5,1,50,4,9,2,35,35238,2,2,1,3,PATTON (AVENUE DU GENERAL SIR GEORGES),48.13852,-1.65841,20,2,2
202100033528,141Â 841,A01,1,1,1,5,1,0,-1,-1, -1,-1,2021,28.0,3,2,0,2,3,13,1,,4,SAINT-BERNARD (CHEMIN DE),0,,-1,0,0,1,0,0,1,, -1,1,0,1,50,18,6,5,974,97411,1,1,0,1,SAINT-BERNARD (CHEMIN DE),-20.89886,55.4028,21,3,2
202100035052,139Â 039,B01,1,1,1,9,2,0,-1,0,0,-1,2021,26.0,1,1,0,2,8,18,5,,4,BOULEVARD LEFEBVRE,0,,3,3,0,2,(1),(1),1,, -1,1,5,1,30,10,6,1,75,75115,2,2,0,3,BOULEVARD LEFEBVRE,48.830915,2.292326,15,2,2
202100038949,132Â 014,A01,1,1,1,1,2,0,-1,0,0,-1,2021,57.0,1,1,0,0,8,26,1,,7,,0,,2,2,0,2,(1),(1),2,, -1,1,0,3,50,21,5,1,6,6027,2,1,0,7,GAUDE AVENUE DE LA,43.68103,7.1497,13,1,1
202100022244,161Â 881,A01,1,1,1,9,8,0,-1,-1, -1,-1,2021,51.0,2,0,12,0,0,2,3,,7,SALENGRO ROGER RUE,0,,2,6,1,2,(1),(1),1,, -1,1,2,5,10,21,8,1,59,59350,2,1,0,6,SALENGRO ROGER RUE,50.6243294702,3.1202861667,16,1,1
202100031128,146Â 101,A01,2,2,2,0,1,0,-1,-1, -1,-1,2021,22.0,2,2,0,2,1,19,1,,7,PAUL VALERY,0,,2,2,0,2,11,1422,1,, -1,1,0,1,50,2,7,1,31,31149,2,3,0,3,PAUL VALERY,43.60248,1.34493,11,4,2
202100027596,152Â 398,A01,1,1,1,0,2,8,-1,-1, -1,-1,2021,35.0,2,1,0,2,1,17,1,,3,909,0,,2,0,0,1,0,0,1,, -1,1,0,1,50,21,7,1,92,92009,2,1,0,1,ARGENTEUIL ( AVENUE D' ),48.9228487953,2.2763518989,19,2,2
202100053049,106Â 898,A01,1,1,1,0,1,0,-1,-1, -1,-1,2021,23.0,1,2,1,0,1,1,1,,3,JEAN JAURES (RUE),0,,2,2,0,1,10,115,1,, -1,2,0,4,50,30,1,3,71,71499,2,1,1,7,JEAN JAURES (RUE),46.6647825548,4.304753455,0,1,1
202100003091,196Â 236,A01,10,3,2,5,0,-1,-1,3,3,2,2021,38.0,1,2,0,1,1,2,1,,4,GAULLE (CHARLES DE) ( R ),0,,2,2,0,1,(1),(1),1,, -1,1,6,1,50,13,12,5,69,69096,2,1,0,6,CHARLES DE GAULLE (R),45.60738,4.78357,17,2,1
202100050380,111Â 645,A01,10,3,1,0,0,-1,-1,1,3,1,2021,65.0,2,2,0,1,2,1,1,,3,REPUBLIQUE (AVENUE),0,,2,4,0,1,0,1,1,, -1,1,0,1,50,24,2,1,93,93031,2,1,0,6,REPUBLIQUE (AVENUE),48.9515675054,2.3202885389,17,2,1
202100047935,116Â 054,A01,1,1,2,5,1,5,-1,-1, -1,-1,2021,45.0,1,2,0,2,1,17,1,,3,RD 2060 - RIC Environnement,0,,2,2,0,1,24,1050,2,, -1,2,0,1,80,15,3,3,45,45004,1,1,1,1,D2060 - PR 24 + 1050,47.9985043343,2.7792107756,1,2,2
202100053515,106Â 058,A01,10,3,1,5,0,-1,-1,6,1,1,2021,28.0,2,5,0,1,7,1,1,,3,130,-1,,2,2,0,1,10,100,1,, -1,1,0,1,80,25,1,1,78,78070,1,1,1,6,D130,48.916773,1.749618,17,2,1
202100000173,201Â 435,B01,1,1,1,3,2,8,-1,-1, -1,-1,2021,19.0,1,1,0,2,3,15,1,,4,CLEMENCEAU (BOULEVARD GEORGES),0,,2,2,0,1,(1),(1),1,, -1,1,0,1,30,13,10,1,13,13028,2,9,0,3,CLEMENCEAU (BOULEVARD GEORGES),43.17712,5.61079,13,2,2
202100029529,149Â 010,B01,1,1,1,1,2,6,-1,0,0,-1,2021,61.0,1,1,0,2,2,16,1,,3,19,0,D,1,3,0,1,1,20,2,, -1,1,0,1,50,8,7,1,91,91041,2,6,0,2,D19,48.573015,2.240868,11,2,2
202100001487,199Â 128,B01,1,1,1,1,2,6,-1,-1, -1,-1,2021,35.0,1,1,0,2,7,0,1,,4,rue Edouard Herriot,0,,1,1,0,1,(1),(1),1,, -1,2,0,1,50,24,12,5,10,10387,2,3,1,3,EDOUARD HERRIOT (RUE),48.27069,4.08472,7,2,2
202100034186,140Â 643,B01,1,1,1,3,0,-1,-1,0,0,-1,2021,78.0,2,1,0,2,1,0,5,,3,23,0,D,2,2,0,1,22,403,1,, -1,1,0,1,50,16,6,1,44,44205,1,1,0,1,D23,47.436281,-1.459726,16,2,2
202100009498,184Â 732,A01,1,1,1,0,1,-1,-1,0,0,-1,2021,40.0,1,5,13,0,9,1,1,,3,980,-1,,2,2,0,1,5,500,1,, -1,1,0,1,90,10,9,1,51,51425,1,1,0,7,D980,49.1322550383,3.6816370437,11,1,1
202100000139,201Â 499,B01,1,1,1,0,2,0,-1,-1, -1,-1,2021,47.0,1,1,0,2,1,1,1,,4,DELON (RUE ANDRE),0,,1,1,0,1,0,0,1,, -1,1,0,1,30,25,11,5,19,19031,2,1,0,2,DELON (RUE ANDRE),45.1619,1.52389,20,2,2
202100010727,182Â 555,B01,1,1,1,5,2,6,-1,-1, -1,-1,2021,32.0,2,1,0,2,1,1,1,,4,ROGER BRUN (RUE),0,,1,1,0,1,91,0,1,, -1,1,0,1,50,27,10,5,13,13206,2,1,0,3,ROGER BRUN (RUE),43.28529,5.39402,21,2,2
202100032814,143Â 122,A01,1,1,1,9,2,8,-1,-1, -1,-1,2021,58.0,1,1,0,2,7,9,1,,3,MONTABO (ROUTE DE) 2,0,,2,2,2,1,3,400,1,, -1,1,0,1,50,22,6,1,973,97302,2,1,0,3,MONTABO (ROUTE DE) 2,4.93601,-52.29581,6,3,2
202100020877,164Â 332,A01,2,2,1,0,2,0,-1,0,0,-1,2021,16.0,2,1,0,2,1,1,1,,7,ANGLAIS (DU NÂ° 114 AU NÂ° 263),0,,3,6,0,1,(1),(1),1,, -1,1,0,1,50,4,9,5,6,6088,2,1,0,3,ANGLAIS (DU NÂ° 114 AU NÂ° 263),43.685276,7.236174,22,3,2
202100015094,174Â 726,B01,1,1,1,4,1,0,-1,-1, -1,-1,2021,52.0,3,2,0,2,3,1,1,,4,JUIN (RUE MARECHAL),0,,1,1,0,1,(1),(1),1,, -1,2,0,1,50,5,10,1,7,7281,2,2,0,3,JUIN (RUE MARECHAL),44.9496822837,4.8470445774,9,2,2
202100010120,183Â 616,A01,1,1,1,5,1,-1,-1,-1,0,-1,2021,37.0,1,2,4,0,1,1,1,,2,RN 184,0,,3,2,0,2,3,0,3,, -1,2,3,1,90,30,10,1,95,95572,1,1,1,6,RN 184,49.0338573374,2.1113688831,12,1,1
202100052402,108Â 044,A01,10,3,1,0,0,-1,-1,4,3,1,2021,17.0,0,2,0,1,1,1,1,,4,SAINT JULIEN. RUE,0,,2,2,0,1,(1),(1),1,, -1,2,0,1,30,11,1,2,76,76540,2,3,1,6,Rue Saint-Julien,49.4255271445,1.073525828,18,2,1
202100039751,130Â 527,A01,1,1,1,0,8,-1,-1,0,0,-1,2021,21.0,1,2,0,2,7,13,1,,3,951,-1,,2,2,0,1,24,200,1,, -1,2,0,1,90,16,5,1,18,18209,1,1,1,1,RD 951 PK 24+200,46.688118,2.467504,11,3,2
202100024742,157Â 419,A01,1,1,1,0,2,6,-1,-1, -1,-1,2021,41.0,1,1,0,2,4,2,1,,7,,0,,2,2,0,1,86,700,1,, -1,1,0,1,70,10,8,1,45,45274,1,1,0,2,2619 Route de Sandillon,47.86604,1.96381,8,2,2
202100049684,112Â 929,B01,1,1,1,0,1,0,-1,-1, -1,-1,2021,21.0,3,2,0,2,1,1,0,,4,VICTOR HUGO (AVENUE),0,,2,2,0,1,0,0,1,, -1,1,0,1,30,1,3,1,93,93071,2,3,0,3,VICTOR HUGO (AVENUE),48.93006,2.52587,17,2,2
202100038511,132Â 806,A01,10,3,1,0,0,-1,-1,5,3,1,2021,86.0,1,2,0,1,1,25,1,,4,8 MAI 1945 (AVENUE DU),0,,2,2,0,1,0,0,1,, -1,1,9,1,50,24,5,1,83,83062,2,1,0,6,8 MAI 1945 (AVENUE DU),43.12071,6.00515,18,2,1
202100033967,141Â 048,A01,1,1,1,2,1,-1,-1,0,0,-1,2021,34.0,2,2,0,0,0,1,1,,3,630,0,,2,2,0,1,2,746,1,, -1,2,0,1,30,17,6,1,81,81271,2,1,1,6,3 Avenue Rhin et Danube,43.7743314946,1.6844708472,17,2,1
202100032601,143Â 498,B01,2,2,2,9,1,-1,-1,0,0,-1,2021,59.0,2,2,6,2,2,26,1,,3,9,0,,2,2,0,1,5,810,1,, -1,1,9,1,80,20,6,1,77,77193,1,2,0,3,intersection RD9 et RD 127A,49.054882,2.847841,16,3,2
202100029452,149Â 136,A01,1,1,1,1,1,5,-1,-1, -1,-1,2021,26.0,1,2,8,0,1,21,1,,4,STANISLAS KUBACKI ALLEE,0,,-1,2,0,1,1,0,1,, -1,1,0,4,50,11,7,1,93,93046,2,2,0,6,STANISLAS KUBACKI ALLEE,48.92405,2.53468,7,2,2
202100013465,177Â 668,A01,1,1,2,0,1,-1,-1,0,0,-1,2021,54.0,2,2,0,2,1,17,1,,2,151,0,,2,2,0,1,29,390,3,, -1,1,0,1,80,13,10,1,89,89427,1,1,0,4,N151,47.751657,3.545012,18,5,3
202100034867,139Â 386,A01,1,1,1,5,2,6,9,0,0,-1,2021,53.0,2,1,13,0,1,1,1,,3,52,-1,,2,2,0,1,30,10,2,, -1,1,0,3,90,12,6,1,48,48104,1,1,0,6,D52,44.637613,3.062557,12,1,1
202100012202,179Â 904,B01,1,1,1,0,0,-1,-1,-1, -1,-1,2021,19.0,0,1,0,0,0,15,5,,4,FERME PIERQUIN (RUE),0,,2,2,0,1,(1),(1),1,, -1,1,0,1,50,18,10,1,51,51055,2,1,0,3,Rue de la Ferme Pierquin,49.2853621762,4.0286121165,18,2,2
202100045202,120Â 937,A01,2,2,1,5,1,0,-1,-1,0,-1,2021,23.0,2,2,0,5,2,21,1,,1,AUTOROUTE A1,0,,3,6,0,1,30,0,1,, -1,1,0,1,130,4,4,1,95,95604,1,1,0,6, A1,49.1056030188,2.5510853676,15,2,1
202100037880,133Â 953,A01,1,1,1,5,1,-1,-1,0,0,-1,2021,68.0,2,2,0,0,3,1,1,,3,9,-1,,2,2,0,1,38,700,2,, -1,1,0,1,80,28,5,1,42,42145,1,1,1,1,D9,45.999827,4.241543,15,3,2
202100038113,133Â 538,A01,2,2,1,4,1,-1,-1,0,0,-1,2021,39.0,3,2,0,2,4,23,1,,9,,-1,,1,1,0,1,(1),(1),2,, -1,1,0,1,50,27,5,1,66,66164,2,6,0,2,Rue Georges Melies,42.77624,2.908673,14,4,2
202100046857,118Â 022,A01,1,1,2,4,1,-1,-1,-1, -1,-1,2021,26.0,2,2,0,2,1,1,1,,2,ROUTE NATIONALE 89,0,,3,5,0,1,49,860,1,, -1,1,3,1,50,24,3,1,33,33013,1,1,0,4,Route Nationale 89,44.868642,-0.501452,11,3,3
202100019853,166Â 151,B01,1,1,1,0,2,6,-1,-1, -1,-1,2021,52.0,3,1,0,2,1,21,6,,4,CLOS DE LA FAMILLE (DU),0,,2,2,0,1,(1),(1),1,, -1,1,0,1,50,9,9,5,78,78133,2,2,0,1,CLOS DE LA FAMILLE (DU),48.90344,2.04519,6,2,2
202100020249,165Â 442,B01,1,1,1,5,8,6,-1,-1, -1,-1,2021,44.0,1,1,0,2,8,11,5,,3,D.306,0,,2,3,1,1,9,282,1,, -1,1,0,1,50,3,9,1,77,77495,1,1,0,3,D306,48.56125,2.63366,18,2,2
202100040323,129Â 527,B01,1,1,2,1,2,0,-1,-1, -1,-1,2021,48.0,1,1,0,2,5,0,1,,4,MONTMARTIN (rue du Stade),0,,2,2,0,1,(1),(1),3,, -1,2,0,1,50,11,5,5,69,69092,2,6,1,3,STADE PIERRE MONTMARTIN (DU) (R),46.00077,4.71756,5,2,2
202100036905,135Â 734,A01,1,1,1,5,2,6,-1,0,0,-1,2021,22.0,2,1,0,2,1,1,1,,3,112,2,D,2,2,0,2,0,178,3,, -1,1,8,1,50,2,6,1,72,72337,2,1,0,1,2 rue du grouas,48.3165541094,-0.0316311226,13,2,2
202100005535,191Â 904,A01,10,3,2,2,0,-1,-1,2,3,1,2021,21.0,1,1,0,1,2,1,1,,4,RUE DE TOLBIAC,0,,2,3,3,1,(1),(1),1,, -1,1,0,1,30,30,11,5,75,75113,2,2,0,6,RUE DE TOLBIAC,48.826181,2.357272,17,2,1
202100050474,111Â 472,A01,10,3,1,1,0,-1,-1,3,7,1,2021,21.0,1,2,0,1,1,1,1,,4,FRANCOISE DUPARC (BOULEVARD),0,,2,4,0,1,(1),(1),1,, -1,1,2,1,50,19,2,2,13,13204,2,1,0,6,FRANCOISE DUPARC (BOULEVARD),43.3073755102,5.4014725577,18,2,1
202100047443,116Â 964,A01,1,1,1,5,2,-1,-1,0,0,-1,2021,28.0,3,1,0,0,8,13,1,,9,,-1,,2,2,0,1,(1),(1),1,, -1,1,0,1,30,16,3,5,977,97701,2,1,0,3,R SAMUEL FAHLBERG,17.894803,-62.849602,22,2,2
202100003935,194Â 713,A01,1,1,2,0,1,5,-1,-1, -1,-1,2021,25.0,2,2,0,2,6,9,1,,1,A13,0,,1,3,0,2,31,700,1,, -1,1,0,2,130,9,12,3,78,78140,1,1,0,2,A13,48.95893,1.93289,20,2,2
202100048299,115Â 421,A01,10,3,2,2,0,-1,-1,4,3,1,2021,20.0,1,2,0,1,0,0,1,,4,CHARLES INFROIT (R),0,,2,2,0,1,1,0,1,, -1,1,0,1,50,12,3,1,94,94081,2,1,0,6,CHARLES INFROIT (R),48.79552,2.39163,9,2,1
202100009124,185Â 401,Z01,10,3,1,0,8,8,-1,3,3,1,2021,19.0,3,0,0,1,0,0,0,,4,ANATOLE FRANCE (AV),0,,2,2,1,1,1,0,1,, -1,1,0,1,50,6,11,1,94,94078,2,1,0,3,ANATOLE FRANCE (AV),48.7435569009,2.4522421359,11,2,1
202100027001,153Â 451,A01,1,1,1,4,0,-1,-1,0,0,-1,2021,18.0,2,4,13,0,2,14,1,,3,146,0,,2,2,0,2,0,200,1,, -1,1,0,3,50,27,7,1,14,14070,2,1,0,6,D146 ,49.19035,-0.044079,10,1,1
202100007640,188Â 090,A01,10,3,2,9,0,-1,-1,3,3,1,2021,39.0,2,2,0,1,1,1,1,,4,MAROTS (RUE DES),0,,2,2,0,1,0,0,1,, -1,2,0,1,50,16,11,5,10,10387,2,1,1,6,MAROTS (RUE DES),48.3074,4.0445,18,2,1
202100000001,201Â 764,B01,1,1,1,1,0,9,-1,0,0,-1,2021,21.0,1,1,0,2,1,1,5,,3,981,-1,,2,2,0,1,(1),(1),1,, -1,1,0,1,80,30,11,2,30,30319,1,1,0,1,CD 981,44.038958,4.348022,7,2,2
202100034663,139Â 762,A01,1,1,1,5,0,-1,-1,0,0,-1,2021,13.0,3,1,0,2,1,13,5,,4,D34,0,D,2,2,0,2,(1),(1),1,, -1,1,0,1,30,9,6,1,44,44036,2,1,0,1,Rue du Faubourg Saint-Michel,47.718259,-1.36984,16,2,2
202100007750,187Â 900,B01,2,2,1,0,2,0,-1,-1, -1,-1,2021,26.0,2,1,0,2,1,1,1,,3,ZEPHIR (ROCADE),0,,2,2,2,1,3,0,1,, -1,1,0,1,50,16,11,1,973,97302,2,9,0,3,ZEPHIR (ROCADE),4.9358330276,-52.3077292443,14,3,2
202100030238,147Â 712,A01,1,1,1,9,2,6,-1,0,0,-1,2021,49.0,1,1,0,2,1,2,1,,4,BOULEVARD DE LA TOUR MAUBOURG,0,,1,2,0,1,(1),(1),1,, -1,1,0,1,50,7,7,1,75,75107,2,3,0,2,BOULEVARD DE LA TOUR MAUBOURG,48.854969,2.309658,9,2,2
202100025720,155Â 712,A01,1,1,1,9,1,-1,-1,0,0,-1,2021,75.0,0,2,1,0,2,1,1,,4,GAUTHIER DE RUMILLY (RUE),0,,1,1,1,1,(1),(1),1,, -1,1,0,1,50,30,7,1,80,80021,2,1,0,6,GAUTHIER DE RUMILLY (RUE),49.8838436759,2.2919695217,19,1,1
202100001427,199Â 231,A01,3,2,1,5,1,-1,-1,0,0,-1,2021,18.0,1,2,6,0,5,13,1,,7,277,-1,,2,2,0,1,(1),(1),3,, -1,2,0,8,70,27,12,3,35,35363,1,9,0,6,La gibotiÃ¨re,48.005451,-1.707945,7,3,1
202100008961,185Â 699,B01,1,1,1,1,1,0,-1,-1, -1,-1,2021,26.0,2,2,0,2,1,1,1,,3,KENNEDY BVD J  - IMPAIR DE DIMES A CROIX,0,,2,4,0,1,0,552,2,, -1,2,9,1,50,7,11,5,1,1053,2,1,0,3,KENNEDY BVD J  - IMPAIR DE DIMES A CROIX,46.20545,5.24255,23,3,2
202100002552,197Â 220,B01,1,1,2,5,1,-1,-1,-1, -1,-1,2021,49.0,1,2,0,2,6,2,1,,1,A43   13.029 A 15.971,0,,3,6,0,1,15,300,1,, -1,2,0,1,130,13,12,3,69,69288,1,1,1,2,A43,45.67059,5.04665,21,2,2
202100046447,118Â 760,A01,1,1,1,5,2,6,-1,0,0,-1,2021,12.0,0,1,13,0,1,0,1,,4,,-1,,2,2,0,1,(1),(1),2,, -1,1,0,1,90,27,3,1,72,72175,1,1,0,7,Haut Bois,47.73047,0.058204,11,1,1
202100014911,175Â 062,B01,1,1,2,0,1,-1,-1,0,0,-1,2021,23.0,2,2,0,2,3,1,1,,3,420,-1,D,2,2,0,2,32,185,4,, -1,2,0,1,80,6,10,3,88,88064,2,1,1,3,13 Maillefaing,48.253627,6.788317,19,2,2
202100002323,197Â 640,A01,1,1,1,1,1,4,-1,0,0,-1,2021,25.0,2,2,14,0,1,1,1,,1,4,-1,,1,4,0,1,427,0,1,, -1,1,0,1,130,17,12,2,57,57468,1,1,0,6,A4,48.777008,7.234626,7,1,1
202100005302,192Â 312,B01,1,1,1,1,2,6,-1,-1, -1,-1,2021,56.0,2,1,0,2,7,1,1,,7,CHARTRES (RUE DE),0,,2,2,0,1,1,0,1,, -1,2,0,1,50,1,12,5,45,45234,2,1,1,3,CHARTRES (RUE DE),47.8475,1.93547,7,2,2
202100009913,183Â 970,B01,1,1,1,1,2,6,-1,0,0,-1,2021,30.0,1,6,0,2,1,2,1,,3,FERNAND MOUREAUX (BOULEVARD),0,,-1,4,0,1,499,0,1,, -1,1,0,1,30,1,11,1,14,14715,2,9,0,3,D513,49.36278,0.08518,9,2,2
202100041985,126Â 575,B01,1,1,1,5,2,-1,-1,0,0,-1,2021,59.0,0,1,0,2,1,2,1,,3,1017,0,,2,2,0,1,11,50,1,, -1,2,0,1,50,1,5,1,60,60612,2,2,1,2,Avenue de CompiÃ¨gne,49.211255,2.593095,18,3,2
202100033534,141Â 831,B01,1,1,2,2,1,0,-1,-1, -1,-1,2021,35.0,1,2,0,2,3,1,1,,3,CLUNY (ROUTE DE),0,,2,2,0,1,1,0,1,, -1,1,0,1,50,18,6,1,972,97209,2,9,0,5,CLUNY (ROUTE DE),14.61364,-61.08101,13,5,3
202100049385,113Â 484,B01,1,1,1,0,2,0,-1,0,0,-1,2021,22.0,1,1,0,2,1,1,1,,7,LECLERC (AVENUE DU GENERAL),0,,2,2,0,1,(1),(1),1,, -1,1,0,1,50,2,3,1,54,54578,2,1,0,3,LECLERC (AVENUE DU GENERAL),48.67716,6.15584,17,2,2
202100002348,197Â 585,A01,1,1,1,0,1,8,-1,-1, -1,-1,2021,25.0,2,2,0,2,1,2,1,,1,AUTOROUTE A3,0,,3,10,0,1,6,699,1,, -1,1,0,1,70,17,12,3,93,93053,1,1,0,5,AUTOROUTE A3,48.8958375835,2.4707170752,20,3,3
202100055422,102Â 783,B01,2,2,1,0,1,0,-1,-1, -1,-1,2021,30.0,2,5,0,2,5,2,1,,1,A13,0,,3,6,0,1,28,399,1,, -1,2,0,1,110,12,1,2,78,78431,1,1,1,2,A13,48.936249,1.961374,8,3,2
202100054193,104Â 882,A01,1,1,1,1,2,8,-1,-1, -1,-1,2021,39.0,0,1,0,0,7,1,1,,4,RENE COTY,0,,1,2,0,1,0,0,1,, -1,2,0,1,30,20,1,5,76,76351,2,2,1,7,Avenue RenÃ© Coty,49.49714,0.11186,23,2,2
202100010515,182Â 929,A01,1,1,2,1,1,0,-1,-1, -1,-1,2021,38.0,3,2,0,2,1,13,1,,3,D 202,0,,2,2,0,1,2,0,1,, -1,1,0,1,80,28,10,3,60,60382,1,1,0,1,D 202,49.4344992557,2.7922911643,20,2,2
202100015923,173Â 203,A01,1,1,2,1,1,0,-1,0,0,-1,2021,42.0,1,2,0,2,1,1,1,,3,JUIN (BOULEVARD MARECHAL),0,,-1,2,0,1,1,0,1,, -1,1,5,1,50,29,9,1,14,14118,2,6,0,3,JUIN (BOULEVARD MARECHAL),49.21104,-0.36362,13,2,2
202100056052,101Â 694,A01,10,3,2,5,0,-1,-1,3,3,1,2021,43.0,2,2,0,1,3,1,1,,4,VEXIN (CHAUSSEE DU),0,,2,2,0,1,(1),(1),1,, -1,1,6,1,30,6,1,1,27,27375,2,1,0,6,VEXIN (CHAUSSEE DU),49.21967,1.17863,14,2,1
202100039765,130Â 506,A01,1,1,1,5,2,-1,-1,0,0,-1,2021,44.0,3,1,0,0,1,1,1,,2,48,0,T,2,2,0,1,0,0,4,, -1,9,0,1,50,16,5,1,977,97701,1,1,0,7,route de saline,17.897749,-62.829593,13,1,1
202100023225,160Â 104,B01,1,1,1,5,1,-1,-1,0,0,-1,2021,72.0,1,2,0,2,3,1,1,,3,D2,-1,A,2,2,0,1,1,300,1,, -1,1,0,1,80,21,8,1,85,85178,1,1,0,1,D2a,46.761914,-1.484892,15,3,2
202100023020,160Â 480,B01,1,1,1,4,2,6,-1,-1,0,-1,2021,18.0,2,1,0,2,1,1,1,,3,BROSSELETTE (RUE PIERRE),0,,2,2,0,1,1,400,1,, -1,1,9,1,50,26,7,1,95,95585,2,1,0,1,RD 10,48.99476,2.37891,9,2,2
202100003658,195Â 215,B01,1,1,1,5,2,0,-1,-1, -1,-1,2021,46.0,1,1,0,2,1,1,1,,4,VAILLANT (RUE EDOUARD),0,,2,2,0,1,(1),(1),1,, -1,2,0,1,50,9,12,5,37,37261,2,3,0,3,VAILLANT (RUE EDOUARD),47.3849857472,0.7003475726,7,2,2
202100006575,190Â 045,B01,1,1,1,0,2,6,-1,-1, -1,-1,2021,35.0,3,1,0,2,1,1,0,,4,AV DE LA COMMUNE DE PARIS,0,,2,2,0,1,0,0,1,, -1,1,0,1,50,23,11,1,91,91103,2,3,0,1,AV DE LA COMMUNE DE PARIS,48.59183,2.30172,11,2,2
202100041212,127Â 940,A01,10,3,1,5,0,-1,-1,3,3,1,2021,61.0,1,2,0,0,3,1,1,,3,D1006,0,,2,2,0,1,27,400,2,, -1,1,0,1,50,20,4,1,38,38064,2,9,0,1,13 route de Lyon,45.56714,5.373661,18,2,1