Num_Acc,id_vehicule,num_veh,place,catu,sexe,trajet,secu1,secu2,secu3,locp,actp,etatp,year_acc,victim_age,senc,catv,obs,obsm,choc,manv,motor,occutc,catr,voie,v1,v2,circ,nbv,vosp,prof,pr,pr1,plan,lartpc,larrout,surf,infra,situ,vma,jour,mois,lum,dep,com,agg_,int,atm,col,adr,lat,long,hour,nb_victim,nb_vehicules
202100037676,134Â 311,A01,1,1,2,5,2,6,9,0,0,-1,2021,50.0,1,1,0,2,3,1,1,,2,102,0,N,2,2,0,3,83,953,3,, -1,1,0,1,80,29,5,1,7,7130,1,1,0,3,Le Village,44.724052,4.005042,18,2,2
202100044411,122Â 299,A01,2,2,2,5,1,-1,-1,0,0,-1,2021,28.0,1,2,2,0,4,4,1,,1,VE 2,-1,,3,4,0,1,5,300,2,, -1,2,0,3,90,11,4,3,988,98805,1,1,1,6,VE2 PK5+300 Sens NOUMEA PAITA,-22.18988,166.44077,21,2,1
202100007069,189Â 119,A01,1,1,1,0,2,-1,-1,0,0,-1,2021,33.0,2,1,0,2,1,17,1,,3,807,0,,2,2,0,1,(1),(1),1,, -1,1,0,1,50,19,11,1,26,26325,2,1,0,3,2bis Av du Docteur Lucien Steinberg,45.295028,4.812731,12,2,2
202100014121,176Â 446,B01,1,1,1,5,8,0,-1,-1, -1,-1,2021,18.0,2,1,0,2,1,0,5,,4,PAVE(RUE),0,,2,2,0,2,0,0,1,, -1,1,0,1,30,9,10,2,974,97416,2,3,0,1,PAVE(RUE),-21.34237,55.48457,18,2,2
202100004325,194Â 028,A01,1,1,2,5,1,-1,-1,0,0,-1,2021,86.0,1,2,0,2,2,15,1,,3,611,0,,2,2,0,1,17,800,1,, -1,2,0,1,70,4,12,1,86,86139,1,9,1,3,D611,46.426918,0.122614,16,3,2
202100014038,176Â 607,B01,2,2,2,5,2,6,-1,0,0,-1,2021,42.0,3,1,0,2,1,15,1,,4,3,0,,2,2,0,1,(1),(1),1,, -1,1,0,1,80,10,10,1,35,35006,1,3,0,2,La Gueusserie,48.04082,-1.108482,18,4,2
202100020465,165Â 054,B01,1,1,1,4,8,0,-1,-1, -1,-1,2021,35.0,2,0,0,2,8,16,0,,4,SOLFERINO RUE NÂ°2 - 108,0,,2,2,0,1,(1),(1),3,, -1,1,5,1,30,18,5,1,59,59350,2,3,0,3,SOLFERINO RUE NÂ°2 - 108,50.63358,3.05033,14,2,2
202100004578,193Â 590,B01,1,1,2,5,8,-1,-1,0,0,-1,2021,51.0,2,2,0,2,3,14,1,,3,474,-1,,2,2,0,1,41,690,1,, -1,2,0,3,80,6,12,3,70,70324,1,1,1,1,18 Avenue de la MaladiÃ¨re,47.535693,6.040823,18,2,2
202100033959,141Â 064,B01,1,1,1,1,2,7,-1,0,0,-1,2021,50.0,2,1,0,2,1,1,1,,7,6,-1,D,2,2,3,1,0,400,1,, -1,1,0,1,50,15,6,1,13,13015,2,9,0,1,Route de Rans,43.426759,5.38608,11,2,2
202100043679,123Â 602,A01,1,1,1,0,8,-1,-1,0,0,-1,2021,21.0,1,2,14,0,1,1,0,,3,203,0,,2,2,0,2,19,0,3,, -1,1,2,1,80,18,4,1,63,63192,1,1,0,6,D 203 La Chauderie-Basse - PK 019.000,45.528437,2.699713,7,1,1
202100045587,120Â 245,B01,1,1,2,1,2,0,-1,-1, -1,-1,2021,26.0,3,1,0,2,1,1,5,,4,CARNOT,0,,2,2,0,1,1,0,1,, -1,1,0,1,50,31,3,1,49,49007,2,3,0,3,CARNOT,47.47537,-0.54854,8,2,2
202100006266,190Â 591,A01,10,3,2,0,0,-1,-1,2,3,1,2021,16.0,1,2,0,1,1,1,1,,4,PADOVANI ( AVE ),0,,2,2,0,1,0,9,1,, -1,2,0,1,50,25,11,5,13,13117,2,1,1,1,PADOVANI ( AVE ),43.4346,5.26065,18,2,1
202100006956,189Â 332,A01,1,1,2,5,2,6,-1,0,0,-1,2021,14.0,1,1,13,0,3,16,1,,3,D 19,0,,2,2,0,1,22,320,1,,"7,6",1,0,3,80,5,11,1,79,79076,2,2,0,7,D 19,46.73732,-0.482535,15,1,1
202100000224,201Â 333,A01,10,3,2,3,0,-1,-1,3,3,1,2021,92.0,1,2,0,1,1,9,1,,4,,0,,1,1,0,1,(1),(1),1,, -1,1,0,1,30,9,11,1,6,6030,1,1,0,6,MESANGES (ALLEE DES),43.57489,7.022578,16,2,1
202100038954,132Â 007,A01,1,1,1,5,2,6,-1,0,0,-1,2021,27.0,2,1,0,0,7,3,1,,4,PORTE D IVRY,0,,1,4,0,1,0,900,1,, -1,1,0,1,70,21,5,1,75,75113,2,1,0,7,PORTE D IVRY,48.822313,2.380376,8,1,1
202100007386,188Â 555,A01,10,3,1,0,0,-1,-1,4,3,1,2021,31.0,2,5,0,1,1,19,1,,2,21,0,,2,2,0,1,31,900,1,, -1,1,0,1,50,19,11,5,32,32286,2,1,0,6,Route d Agen,43.793549,0.630504,20,2,1
202100021287,163Â 605,A01,10,3,1,9,0,-1,-1,2,3,1,2021,38.0,1,5,0,1,2,1,1,,4,AVENUE GAMBETTA,0,,2,2,0,1,(1),(1),1,, -1,1,0,1,30,2,9,1,75,75120,2,7,0,6,AVENUE GAMBETTA,48.8648985003,2.3981859393,10,3,1
202100052621,107Â 665,A01,1,1,1,0,2,-1,-1,0,0,-1,2021,45.0,1,1,13,0,7,13,1,,3,766,0,,2,2,0,4,55,0,2,, -1,2,0,8,90,4,2,1,37,37062,1,1,1,6,D766,47.5425254196,0.3391291201,13,1,1
202100048146,115Â 688,B01,1,1,1,5,2,0,-1,0,0,-1,2021,48.0,3,1,0,2,1,1,5,,4,BOUALAM ROND POINT BACHAGA,0,,1,2,0,1,0,0,2,, -1,1,9,1,50,13,3,1,6,6027,2,9,0,3,BOUALAM ROND POINT BACHAGA,43.66024,7.14415,9,2,2
202100051214,110Â 134,A01,1,1,2,0,1,-1,-1,0,0,-1,2021,66.0,2,2,13,0,1,1,1,,3,777,-1,,2,2,0,1,16,440,2,, -1,1,0,3,80,18,2,1,56,56218,1,1,1,6,RD 777 - PK16+500,47.72261,-2.316699,14,1,1
202100002767,196Â 820,B01,1,1,2,0,2,-1,-1,-1, -1,-1,2021,50.0,3,1,0,2,1,1,5,,4,PESSAC (RUE DE),0,,2,2,0,4,(1),(1),1,, -1,2,0,1,50,7,12,5,33,33063,2,2,1,3,Rue de Pessac,44.82993,-0.58092,17,2,2
202100013847,176Â 943,B01,1,1,1,5,2,0,-1,-1, -1,-1,2021,52.0,1,1,0,2,0,15,1,,3,CIMENTERIE (RUE DE LA),0,,2,2,0,1,1,480,1,, -1,1,0,1,50,8,10,1,57,57019,2,1,0,3,CIMENTERIE (RUE DE LA),49.25659,6.11965,17,2,2
202100041150,128Â 049,B01,1,1,2,4,1,0,-1,-1, -1,-1,2021,47.0,1,5,0,2,2,1,1,,3,AV GABRIEL PERI ,0,,1,1,1,1,1,0,1,, -1,2,0,1,30,6,5,1,94,94003,2,1,1,3,Avenue Gabriel PÃ©ri,48.80189,2.34379,11,2,2
202100039697,130Â 624,B01,1,1,1,0,2,0,-1,-1, -1,-1,2021,24.0,2,1,0,2,1,2,0,,7,MINIMES (AV DES) DU 1AU 178,0,,2,2,0,1,0,0,1,, -1,2,8,1,50,16,5,1,31,31555,2,3,1,1,MINIMES (AV DES) DU 1AU 178,43.61847,1.43641,13,2,2
202100015352,174Â 270,B01,2,2,2,5,1,8,-1,0,0,-1,2021,35.0,2,2,0,2,4,2,1,,4,PORTE DE PANTIN,0,,1,4,0,1,26,500,1,, -1,2,0,1,70,2,10,5,75,75119,2,1,1,2,PORTE DE PANTIN,48.890958,2.396033,19,3,2
202100008735,186Â 120,B01,2,2,2,9,1,8,-1,-1, -1,-1,2021,42.0,2,2,0,2,3,1,1,,4,COMMANDANT ROLLAND,0,,2,2,0,2,0,0,3,, -1,1,0,1,50,8,11,5,13,13208,2,1,0,1,COMMANDANT ROLLAND,43.27209,5.38278,20,3,2
202100024500,157Â 869,A01,1,1,1,0,2,0,-1,-1, -1,-1,2021,41.0,2,1,0,2,7,17,1,,4,BOULEVARD DE LA MER,0,,2,2,0,1,0,0,1,, -1,1,0,1,50,11,8,1,83,83061,2,3,0,3,BOULEVARD DE LA MER,43.4265,6.73764,11,2,2
202100022924,160Â 646,A01,10,3,2,9,0,-1,-1,3,3,1,2021,31.0,0,2,0,1,8,1,1,,4,AVENUE KLEBER,0,,2,3,0,1,(1),(1),1,, -1,1,0,1,50,20,8,1,75,75116,2,3,0,6,AVENUE KLEBER,48.871269,2.293249,14,2,1
202100012974,178Â 548,B01,1,1,1,5,2,6,-1,0,0,-1,2021,15.0,2,1,0,2,1,1,1,,4,,-1,,2,1,0,1,(1),(1),1,,"3,5",1,0,1,30,16,10,5,84,84092,2,1,0,3,16 avenue de la RÃ©publique,43.961206,4.857824,20,2,2
202100044083,122Â 880,A01,1,1,2,1,1,-1,-1,0,0,-1,2021,43.0,2,2,0,2,3,1,1,,3,33,-1,,2,2,0,1,18,(1),2,, -1,1,0,1,70,12,4,1,22,22264,1,1,0,1,Croas Ar Roc'h - Pommerit jaudy,48.751587,-3.242705,8,2,2
202100025272,156Â 481,A01,1,1,1,3,2,-1,-1,0,0,-1,2021,28.0,1,1,0,0,7,1,1,,2,KENNEDY (BOULEVARD DU PRESIDENT JOHN),0,,-1,2,0,1,22,324,3,, -1,1,0,1,50,6,8,1,65,65440,2,1,0,7,KENNEDY (BOULEVARD DU PRESIDENT JOHN),43.219434,0.080335,8,1,1
202100007349,188Â 616,B01,1,1,1,1,2,6,-1,-1, -1,-1,2021,27.0,2,1,0,2,2,2,1,,3,GENERAL LECLERC (AV DU),0,,1,2,0,1,1,0,1,, -1,1,0,1,50,19,11,5,94,94046,2,1,0,3,Avenue du GÃ©nÃ©ral Leclerc,48.81199,2.4293,18,2,2
202100030778,146Â 747,B01,1,1,1,5,2,0,-1,-1, -1,-1,2021,25.0,1,1,0,2,1,15,6,,4,USINE (RUE DE L'),0,,2,2,0,1,(1),(1),3,, -1,1,9,1,30,1,7,1,971,97107,2,4,0,3,USINE (RUE DE L'),16.0438337605,-61.5678548813,16,2,2
202100035475,138Â 299,B01,1,1,1,0,2,8,-1,-1, -1,-1,2021,42.0,0,1,0,2,1,1,1,,4,BRIAND BOULEVARD ARISTIDE,0,,2,2,0,1,0,0,1,, -1,1,0,1,50,9,6,1,66,66136,2,3,0,3,BRIAND BOULEVARD ARISTIDE,42.69567,2.90586,13,2,2
202100008505,186Â 532,A01,1,1,1,9,1,5,-1,0,0,-1,2021,33.0,2,2,1,0,2,14,3,,4,QUAI HENRI IV,0,,1,2,0,1,(1),(1),2,, -1,2,0,1,30,11,11,5,75,75104,2,3,1,6,QUAI HENRI IV,48.849736,2.361528,3,1,1
202100037675,134Â 313,B01,2,2,2,0,2,6,9,0,0,-1,2021,23.0,1,1,15,2,3,1,1,,3,4,-1,,2,2,0,1,31,800,1,, -1,1,0,1,80,29,5,1,7,7115,1,1,0,6,route dÃ©partementale 4,44.477524,4.333312,15,3,2
202100051083,110Â 366,A01,10,3,1,9,0,-1,-1,3,3,2,2021,22.0,1,2,0,1,1,1,1,,4,COURS DE VINCENNES,0,,1,0,0,1,(1),(1),1,, -1,2,0,1,30,18,2,1,75,75112,2,1,1,6,COURS DE VINCENNES,48.846827,2.410052,16,2,1
202100004150,194Â 326,A01,1,1,2,5,1,-1,-1,0,0,-1,2021,85.0,1,2,0,2,1,5,1,,3,980,0,D,2,2,0,1,22,980,3,, -1,2,0,1,90,7,12,3,51,51479,1,1,1,4,D980,49.202324,3.869172,17,7,3
202100041532,127Â 373,B01,2,2,2,9,1,0,-1,-1, -1,-1,2021,55.0,3,2,0,2,7,1,1,,4,ATELIERS (RUE DES),0,,2,2,0,1,(1),(1),1,, -1,1,0,1,50,3,5,1,37,37233,2,3,0,3,ATELIERS (RUE DES),47.3862887311,0.7153397204,9,4,2
202100052778,107Â 389,B01,1,1,1,0,2,6,-1,-1, -1,-1,2021,24.0,2,1,0,2,8,1,1,,4,BD PIERRE 1ER,0,,3,4,3,1,(1),(1),1,, -1,1,5,1,50,28,1,1,33,33069,2,2,0,1,Boulevard Pierre 1er,44.857084,-0.591101,16,2,2
202100025722,155Â 708,A01,4,2,2,0,1,0,-1,-1, -1,-1,2021,14.0,3,2,0,2,1,13,1,,3,D 607,0,,2,3,0,1,27,940,1,, -1,1,0,1,90,2,8,2,77,77186,1,9,0,1,D607,48.35045,2.69593,7,5,2
202100017318,170Â 697,A01,10,3,2,3,0,-1,-1,3,3,1,2021,81.0,0,2,0,1,1,26,0,,6,,-1,,-1,-1,0,1,(1),(1),1,,4,1,6,8,30,24,9,1,42,42299,2,1,0,6,Rue du Champ de Mars,45.606987,4.089612,15,2,1
202100046681,118Â 332,A01,1,1,1,1,2,6,-1,0,0,-1,2021,59.0,1,1,0,6,1,1,1,,3,61,0,D,2,2,0,1,8,600,1,, -1,1,0,1,80,24,3,3,201,201006,1,1,0,6,Cardiglione,41.9876502024,8.722076585,22,1,1
202100049106,113Â 979,B01,1,1,1,5,1,8,-1,-1, -1,-1,2021,80.0,2,2,0,2,4,2,1,,3,RD921,0,,2,2,0,1,3,980,2,, -1,1,0,1,80,5,3,1,31,31483,1,1,0,2,RD921,43.09282,0.72396,14,2,2
202100017918,169Â 592,A01,1,1,1,1,1,-1,-1,0,0,-1,2021,25.0,2,2,0,2,5,21,1,,3,768,0,D,2,2,0,1,12,330,1,, -1,1,0,1,80,20,9,1,56,56168,1,1,0,5,D768,47.593242,-3.131962,15,4,3
202100019606,166Â 588,A01,1,1,2,1,2,6,-1,-1, -1,-1,2021,31.0,1,1,0,2,8,3,1,,1,AUTOROUTE A86,0,,3,8,0,3,18,299,3,, -1,1,0,1,90,10,9,3,93,93027,1,1,0,6,AUTOROUTE A86,48.92838,2.41407,20,2,2
202100040800,128Â 688,B01,1,1,1,0,2,-1,-1,0,0,-1,2021,72.0,1,1,0,2,8,1,0,,3,1089,0,D,2,2,0,1,9,900,1,,4,1,0,1,70,8,5,1,42,42013,1,3,0,3,Avenue des Farges,45.64622,4.284571,18,2,2
202100043172,124Â 496,A01,1,1,1,0,1,-1,-1,-1, -1,-1,2021,47.0,1,2,0,4,1,9,1,,4,AVE DE LA LIBERATION,0,,3,2,0,1,(1),(1),1,, -1,1,4,6,50,21,4,1,33,33249,2,3,0,4,Avenue de la LibÃ©ration,44.87441,-0.51981,11,3,3
202100044166,122Â 727,B01,2,2,1,5,1,0,-1,0,0,-1,2021,12.0,3,2,0,2,4,23,1,,4,RUE DES LONGUES RAIES,0,,1,1,0,1,(1),(1),1,, -1,1,0,1,50,13,4,1,75,75113,2,4,0,2,RUE DES LONGUES RAIES,48.821208,2.350485,16,3,2
202100002308,197Â 663,A01,1,1,2,1,1,-1,-1,0,0,-1,2021,26.0,3,2,0,2,1,19,1,,3,347,-1,,2,2,0,1,3,50,1,, -1,1,5,1,80,20,12,3,49,49215,1,2,0,3,D347,47.113824,-0.122792,7,2,2
202100043735,123Â 513,A01,2,2,2,0,2,8,-1,-1, -1,-1,2021,31.0,2,1,0,2,1,9,1,,4,RABAN (ROUTE DE),0,,2,2,0,1,(1),(1),1,, -1,1,0,1,50,16,4,1,973,97302,2,1,0,3,RABAN (ROUTE DE),4.9220201372,-52.3124946356,15,3,2
202100032790,143Â 164,A01,1,1,1,5,2,-1,-1,0,0,-1,2021,57.0,3,1,0,0,0,0,5,,4,,0,,2,2,0,1,(1),(1),1,,4,2,0,8,30,20,6,1,31,31291,2,1,1,7,AllÃ©e de Castelnouvel,43.599375,1.25467,9,1,1
202100002527,197Â 260,A01,1,1,1,5,2,-1,-1,0,0,-1,2021,28.0,1,1,0,2,1,1,1,,4,,-1,,2,2,0,1,(1),(1),1,,"5,5",1,0,1,50,18,12,5,973,97309,2,1,0,2,Boulevard Edmard Lama,4.906656,-52.277251,20,2,2
202100025109,156Â 770,B01,7,2,2,5,1,0,-1,-1, -1,-1,2021,19.0,1,2,0,2,8,10,2,,3,D 922,0,,-1,2,0,1,6,315,1,, -1,1,0,1,80,7,8,2,78,78638,1,9,0,5,D 922,49.018993,1.980475,6,11,3
202100000246,201Â 282,B01,10,3,2,2,0,0,0,4,3,1,2021,12.0,0,2,0,2,1,1,1,,7,DOUAI (BOULEVARD DE),0,,3,5,0,1,(1),(1),1,, -1,1,5,1,50,15,10,1,59,59512,2,2,0,6,DOUAI (BOULEVARD DE),50.681204,3.168013,16,2,1
202100024296,158Â 242,A01,2,2,2,5,1,0,-1,-1, -1,-1,2021,54.0,2,2,2,0,1,1,1,,3,,0,,2,2,0,1,0,0,1,, -1,1,0,1,50,13,8,1,11,11069,2,1,0,6,MONTREAL -ROUTE DE -,43.2114,2.3226,7,2,1
202100030620,147Â 021,A01,1,1,1,5,2,6,-1,0,0,-1,2021,15.0,1,1,11,0,1,1,1,,3,468,-1,,2,2,0,1,14,450,2,, -1,2,0,4,30,5,7,1,68,68144,2,1,1,6,13 Rue Principale,47.760319,7.504204,10,1,1
202100044680,121Â 848,A01,1,1,1,0,2,-1,-1,-1, -1,-1,2021,59.0,3,1,0,2,1,16,1,,4,TROIS FONTAINES (PLACE DES),0,,1,1,0,1,(1),(1),2,, -1,1,0,1,50,8,4,1,51,51454,2,6,0,2,Place des Trois-Fontaines,49.2779197076,4.0051978827,16,2,2
202100050045,112Â 285,A01,10,3,1,5,0,-1,-1,1,3,3,2021,5.0,2,2,0,1,1,26,1,,9,PERGAUD LOUIS,0,,2,2,0,1,0,0,1,, -1,1,0,1,50,25,2,1,11,11069,2,1,0,6,PERGAUD LOUIS,43.2092,2.3297,16,4,1
202100048462,115Â 135,B01,1,1,1,0,0,-1,-1,0,0,-1,2021,69.0,1,1,0,2,6,1,5,,3,794,-1,,2,2,0,1,67,480,1,, -1,1,2,1,80,11,3,1,35,35226,1,1,0,2,D794,48.428353,-1.913638,18,2,2
202100004387,193Â 913,A01,1,1,1,1,2,6,-1,-1, -1,-1,2021,21.0,2,1,0,2,1,3,1,,1,A86.EXT,0,,3,3,0,1,30,200,1,, -1,1,0,1,90,7,12,3,94,94033,1,1,0,3,A86.EXT,48.85,2.49,7,2,2
202100045650,120Â 138,B01,1,1,1,1,1,0,-1,-1, -1,-1,2021,38.0,2,2,0,2,4,23,1,,3,MAXIME GORKI (BOULEVARD) DES NÂ°1 AU 87,0,,1,4,0,1,0,1,1,, -1,1,0,1,50,1,4,1,93,93072,2,1,0,2,MAXIME GORKI (BOULEVARD) DES NÂ°1 AU 87,48.9496,2.3861,17,2,2
202100003114,196Â 201,A01,2,2,2,0,1,0,-1,-1, -1,-1,2021,83.0,1,2,0,2,7,1,1,,4,BRIGACHTAL (AVENUE DE),0,,2,4,0,1,(1),(1),1,, -1,2,0,1,50,13,12,1,54,54184,2,2,0,3,BRIGACHTAL (AVENUE DE),48.7006365235,6.2247006297,12,4,2
202100006625,189Â 948,A01,10,3,1,5,0,-1,-1,3,3,2,2021,7.0,1,2,0,2,3,1,1,,4,JULIEN PANCHOT (AVENUE),0,,2,2,0,1,(1),(1),1,, -1,1,0,1,50,20,11,1,66,66136,2,1,0,6,JULIEN PANCHOT (AVENUE),42.69284,2.88588,15,3,1
202100004560,193Â 625,B01,1,1,1,5,2,6,-1,-1, -1,-1,2021,34.0,1,1,0,0,7,1,1,,3,FOCH (BOULEVARD),0,,2,2,0,1,0,1,1,, -1,2,0,1,50,5,12,5,93,93031,2,1,1,3,FOCH (BOULEVARD),48.94621,2.33465,0,2,2
202100005347,192Â 229,A01,1,1,1,5,8,0,-1,-1, -1,-1,2021,31.0,0,2,0,2,2,20,1,,4,GUIBAL (RUE),0,,2,2,0,1,0,0,1,, -1,1,0,1,50,1,12,1,13,13203,2,1,0,3,GUIBAL (RUE),43.3075173101,5.387180322,16,2,2
202100012337,179Â 683,B01,1,1,1,1,2,-1,-1,0,0,-1,2021,57.0,0,1,0,2,3,1,1,,4,,0,,2,2,1,1,(1),(1),1,,4,1,0,1,50,14,10,1,33,33243,2,2,0,3,Avenue du Parc des Sports,44.906332,-0.234296,17,2,2
202100044403,122Â 309,A01,2,2,2,5,1,-1,-1,0,0,-1,2021,19.0,2,2,2,0,2,1,1,,3,914,-1,,2,2,0,4,31,750,1,, -1,2,0,3,80,11,4,1,54,54222,1,1,1,6,D914,48.5122263639,6.4957094194,15,2,1
202100025331,156Â 375,B01,1,1,1,9,8,0,-1,0,0,-1,2021,33.0,2,1,0,2,1,1,5,,4,RUE DES POISSONNIERS,0,,2,2,0,1,(1),(1),1,, -1,1,5,1,50,6,8,5,75,75118,2,2,0,3,RUE DES POISSONNIERS,48.891185,2.351618,1,2,2
202100012422,179Â 503,B01,1,1,1,0,2,8,-1,-1, -1,-1,2021,46.0,2,1,0,2,1,1,1,,3,PRADES (AVENUE DE),0,,2,2,0,1,4,782,1,, -1,1,0,1,70,16,10,1,66,66136,1,3,0,3,PRADES (AVENUE DE),42.68906,2.82962,12,2,2
202100030891,146Â 542,A01,1,1,1,5,1,-1,-1,0,0,-1,2021,20.0,2,2,0,2,3,13,1,,3,840,0,,2,2,0,1,14,750,2,, -1,1,0,1,90,4,7,1,12,12288,1,1,0,1,RD840,44.430095,2.446014,19,4,2
202100045672,120Â 101,A01,1,1,1,5,1,-1,-1,0,0,-1,2021,69.0,1,2,0,2,1,13,1,,3,787,0,,2,2,0,1,18,(1),1,, -1,1,0,1,80,2,4,1,22,22067,1,1,0,4,17Le Derff rd 787,48.534311,-3.188996,9,3,3
202100002119,198Â 009,A01,10,3,1,0,0,-1,-1,5,1,1,2021,47.0,2,2,0,1,3,25,1,,4,DOXILE(RUE),0,,1,1,0,1,0,0,1,, -1,1,0,4,50,18,12,3,974,97407,2,1,0,6,DOXILE(RUE),-20.94185,55.2961,21,2,1
202100008987,185Â 653,A01,1,1,1,5,2,6,-1,0,0,-1,2021,19.0,1,1,0,2,2,21,1,,3,901,0,D,2,2,0,1,5,760,2,, -1,1,0,1,50,7,11,2,62,62870,2,2,0,1,127 route nationale,50.404608,1.725241,17,2,2
202100037753,134Â 184,B01,1,1,1,5,1,0,-1,-1, -1,-1,2021,70.0,1,2,0,2,4,2,1,,2,RN 147,0,,2,2,0,1,48,720,1,, -1,1,0,1,50,27,5,1,86,86157,2,1,0,4,N147,46.54247,0.41626,17,4,4
202100051202,110Â 151,A01,10,3,2,5,8,8,-1,1,9,1,2021,19.0,2,2,0,1,2,1,1,,3,986,0,,2,2,0,1,352,0,1,, -1,1,0,1,50,17,2,1,92,92050,2,1,0,6,REPUBLIQUE AVENUE DE LA,48.9113630278,2.2217045724,18,2,1
202100042469,125Â 706,B01,2,2,1,0,1,0,-1,-1, -1,-1,2021,28.0,3,2,0,2,0,0,1,,4,MARTIN (RUE DU GENDARME),0,,3,2,0,2,(1),(1),3,, -1,1,9,8,30,26,4,1,42,42183,2,1,0,3,Rue du Gendarme Martin,45.4085,4.36363,18,3,2
202100013200,178Â 140,C01,3,2,2,9,1,0,-1,-1, -1,-1,2021,53.0,1,2,0,2,4,2,1,,1,A86,0,,3,3,0,1,7,900,1,, -1,1,0,1,90,13,10,1,92,92036,1,1,0,4,A86,48.9353585481,2.2851630231,17,7,3
202100009232,185Â 207,A01,10,3,2,0,0,-1,-1,3,1,1,2021,63.0,0,2,0,1,2,16,1,,4,AGASSE PASCAL MARIE,0,,2,3,0,1,(1),(1),1,, -1,1,0,1,50,3,11,1,66,66136,2,3,0,6,AGASSE PASCAL MARIE,42.6943078262,2.8724051267,15,2,1
202100047945,116Â 037,B01,1,1,1,5,2,0,-1,0,0,-1,2021,23.0,1,1,0,2,4,1,1,,4,CROIX GUERIN (AVENUE),0,,1,1,0,1,1,0,1,, -1,1,0,1,50,15,3,1,14,14118,2,1,0,2,Avenue Croix Guerin,49.19012,-0.35653,15,2,2
202100055319,102Â 948,B01,1,1,1,1,2,0,-1,-1, -1,-1,2021,35.0,3,1,0,2,1,1,1,,4,PATIS TATELIN (rue),0,,2,2,0,1,(1),(1),1,, -1,2,0,1,30,12,1,5,35,35238,2,1,1,3,Rue du PÃ¢tis Tatelin,48.13218,-1.63999,18,2,2
202100039980,130Â 129,B01,1,1,1,3,1,-1,-1,0,0,-1,2021,22.0,2,2,0,0,4,2,1,,1,26,0,,3,4,0,1,166,900,3,, -1,1,0,1,130,14,5,1,2,2303,1,1,0,2,"autoroute A26, pk 166+900, sens Reims Calais",49.863756,3.236895,17,3,2
202100019303,167Â 129,B01,2,2,2,0,1,0,-1,-1, -1,-1,2021,62.0,1,2,0,2,5,1,1,,1,AUTOROUTE A2,0,,3,4,0,1,52,200,1,, -1,1,0,1,110,5,9,1,59,59288,1,1,0,5,AUTOROUTE A2,50.314617,3.405702,18,5,3
202100005946,191Â 166,A01,1,1,1,4,2,6,-1,-1, -1,-1,2021,22.0,1,1,0,0,7,16,3,,4,GILLES (RUE CHARLES),0,,1,3,3,1,(1),(1),3,, -1,2,0,1,30,27,11,5,37,37261,2,3,1,7,GILLES (RUE CHARLES),47.3882949225,0.6898017973,20,1,1
202100001087,199Â 821,B01,1,1,1,0,2,6,-1,-1, -1,-1,2021,35.0,2,1,1,0,1,1,1,,3,7,0,,1,2,0,1,68,0,1,, -1,2,0,1,50,28,12,1,92,92026,2,1,1,3,JOFFRE ( DE 52 A FIN ET DE 61 A FIN ),48.9009001428,2.2758328915,15,2,2
202100029782,148Â 551,B01,1,1,1,5,2,6,-1,-1, -1,-1,2021,22.0,0,1,0,2,3,16,1,,4,COTENTIN (BOULEVARD DU),0,,2,2,0,1,(1),(1),1,, -1,1,0,1,50,7,7,1,50,50602,2,2,0,3,COTENTIN (BOULEVARD DU),49.63899,-1.5736,22,2,2
202100038241,133Â 288,A01,10,3,2,0,0,-1,-1,4,3,1,2021,71.0,3,1,0,1,1,26,5,,3,9,0,,2,0,0,1,0,0,1,, -1,2,0,1,50,26,5,1,92,92026,2,6,0,6,JEAN MERMOZ (SQUARE ET PLACE),48.90248,2.2749,11,2,1
202100044514,122Â 141,A01,2,2,1,0,8,-1,-1,0,0,-1,2021,29.0,1,5,13,0,1,0,1,,3,3,-1,,2,2,0,1,114,537,3,, -1,1,0,3,110,11,4,1,988,98808,1,1,0,6,Lieu dit KAPOUE,-21.27711,165.63956,11,5,1
202100048517,115Â 037,B01,1,1,2,0,1,0,-1,-1, -1,-1,2021,58.0,1,2,0,2,6,23,0,,3,SAINT CYR (ROUTE DE),0,,3,2,0,2,8,160,3,, -1,2,0,1,50,10,3,1,78,78372,2,1,1,2,SAINT CYR (ROUTE DE),48.86651,2.09365,17,2,2
202100049725,112Â 865,B01,1,1,1,5,2,9,-1,0,0,-1,2021,41.0,2,1,0,2,1,1,5,,3,84,-1,,2,2,0,2,1,995,2,, -1,1,5,1,80,28,2,1,60,60666,1,9,0,3,D84,49.103473,2.68899,11,2,2
202100031017,146Â 293,B01,2,2,2,0,1,8,-1,-1, -1,-1,2021,46.0,2,2,0,2,1,1,1,,4,,0,,3,4,0,1,(1),(1),2,, -1,1,5,1,50,27,6,1,67,67482,2,3,0,3,MONTAGNE VERTE (RUE DE LA),48.57032,7.73809,15,3,2
202100052556,107Â 778,Z01,10,3,2,2,8,8,-1,4,3,-1,2021,12.0,2,1,0,1,0,1,0,,4,LIEUTAUD (COURS),0,,2,2,0,2,0,0,1,, -1,1,0,1,50,4,2,5,13,13206,2,2,0,6,LIEUTAUD (COURS),43.2882,5.3845,18,2,1
202100004836,193Â 142,A01,10,3,2,0,8,8,-1,2,3,1,2021,21.0,1,3,0,1,7,1,1,1.0,3,906,0,,-1,2,0,1,0,0,1,, -1,2,0,1,50,4,12,1,92,92023,2,1,0,6,GENERAL DE GAULLE (AV DU) NÂ°130 A 340 ET,48.7897666469,2.2622019053,13,2,1