Num_Acc,id_vehicule,num_veh,place,catu,sexe,trajet,secu1,secu2,secu3,locp,actp,etatp,year_acc,victim_age,senc,catv,obs,obsm,choc,manv,motor,occutc,catr,voie,v1,v2,circ,nbv,vosp,prof,pr,pr1,plan,lartpc,larrout,surf,infra,situ,vma,jour,mois,lum,dep,com,agg_,int,atm,col,adr,lat,long,hour,nb_victim,nb_vehicules
202100053827,105Â 534,B01,2,2,2,9,1,-1,-1,-1, -1,-1,2021,53.0,2,2,0,2,7,1,1,,4,,0,,2,2,0,2,(1),(1),3,, -1,2,0,1,50,21,1,2,69,69389,2,9,1,3,MONTRIBLOUD (DE) (R),45.7718867869,4.7917685509,17,4,2
202100024129,158Â 529,B01,1,1,1,0,8,0,-1,-1, -1,-1,2021,21.0,0,1,0,0,0,0,2,,4,RUE MEURIS,0,,2,2,0,2,(1),(1),1,, -1,1,0,1,30,14,8,1,44,44109,2,2,0,3,RUE MEURIS,47.20847,-1.57404,18,2,2
202100009825,184Â 134,B01,1,1,1,5,2,-1,-1,0,0,-1,2021,21.0,1,1,0,2,3,1,5,,3,,-1,,2,2,3,1,34,840,1,,4,1,0,6,50,21,10,1,31,31035,2,1,0,2,2c Route de Narbonne,43.535413,1.483905,15,2,2
202100006339,190Â 460,A01,10,3,1,0,0,-1,-1,3,3,1,2021,17.0,2,2,0,1,2,1,1,,2,,-1,,1,2,0,1,108,765,1,, -1,1,0,1,50,26,11,5,5,5012,2,6,0,6,Impasse des Courlis,44.54846,6.484138,18,2,1
202100033435,142Â 009,A01,10,3,1,5,8,8,-1,1,9,1,2021,59.0,2,2,0,1,1,1,1,,4,MOLIERE (R),0,,2,2,0,1,1,0,1,, -1,2,0,1,30,19,6,5,94,94017,2,1,1,6,Rue MoliÃ¨re,48.80683,2.54139,21,2,1
202100018807,168Â 027,A01,1,1,1,4,2,8,-1,-1, -1,-1,2021,35.0,1,1,0,2,2,1,1,,3,MINIMES (AV DES),0,,2,2,0,1,1,0,1,, -1,2,0,1,50,15,9,1,94,94067,2,1,1,3,Avenue des Minimes,48.84164,2.42715,12,2,2
202100031871,144Â 786,A01,1,1,2,0,1,0,-1,-1, -1,-1,2021,32.0,1,2,0,2,3,1,1,,3,,0,,2,2,0,1,2,350,2,, -1,1,0,1,50,28,6,1,38,38544,2,1,0,1,Rue Lafayette,45.52703,4.89704,8,7,2
202100026962,153Â 515,A01,2,1,1,0,2,0,-1,-1, -1,-1,2021,23.0,1,1,0,2,1,19,3,,3,DIEUMEGARD(RUE),0,,1,2,0,1,48,908,1,, -1,1,0,1,50,26,7,1,93,93070,2,4,0,3,DIEUMEGARD(RUE),48.91185,2.33376,7,2,2
202100017790,169Â 817,B01,1,1,1,1,2,0,-1,-1, -1,-1,2021,55.0,1,1,0,2,7,2,1,,3,MONTABO (ROUTE DE) 2,0,,2,1,0,1,4,0,1,, -1,2,0,1,50,20,9,1,973,97302,2,1,1,3,MONTABO (ROUTE DE) 2,4.93251,-52.2904,7,2,2
202100016870,171Â 467,A01,2,2,2,4,1,0,-1,-1, -1,-1,2021,29.0,1,2,14,0,1,1,1,,4,,0,,2,1,1,1,(1),(1),1,, -1,9,9,1,30,21,9,1,67,67482,2,1,0,6,GENERAL OFFENSTEIN (RUE DU),48.555537,7.752658,15,3,1
202100046640,118Â 397,A01,10,3,2,2,0,-1,-1,3,3,1,2021,16.0,2,2,0,1,2,1,1,,4,RUE DU CHATEAU DES RENTIERS,0,,2,2,0,1,(1),(1),1,, -1,2,0,1,30,25,3,1,75,75113,2,1,1,6,RUE DU CHATEAU DES RENTIERS,48.831142,2.360986,11,2,1
202100034718,139Â 661,A01,1,1,1,0,2,5,-1,-1, -1,-1,2021,41.0,2,1,0,2,1,3,1,,1,AUTOROUTE A6,0,,-1,6,0,1,11,899,1,, -1,1,0,1,110,13,6,1,91,91161,1,1,0,2,AUTOROUTE A6,48.7168,2.3097,16,2,2
202100019703,166Â 426,A01,1,1,1,0,8,0,-1,-1, -1,-1,2021,23.0,1,1,0,2,8,26,3,,4,STRASBOURG (BOULEVARD),0,,2,2,0,1,0,0,1,, -1,1,0,1,50,9,9,1,13,13203,2,4,0,3,STRASBOURG (BOULEVARD),43.30792,5.37647,20,2,2
202100038403,132Â 993,B01,1,1,1,4,1,0,-1,0,0,-1,2021,54.0,1,2,0,2,4,2,1,,4,RUE LA FAYETTE,0,,1,2,0,1,(1),(1),1,, -1,1,0,1,50,25,5,1,75,75109,2,4,0,2,RUE LA FAYETTE,48.875603,2.342834,9,2,2
202100054325,104Â 656,A01,1,1,1,2,2,6,-1,-1, -1,-1,2021,18.0,1,1,0,1,1,1,1,,4,PETIT MOUESSE,0,,2,2,0,1,0,0,1,, -1,2,0,1,50,18,1,5,58,58194,2,1,0,3,PETIT MOUESSE,46.9891,3.1706,7,2,1
202100025603,155Â 918,B01,1,1,2,1,2,0,-1,-1, -1,-1,2021,44.0,3,1,0,2,3,1,1,,7,PARE AMBROISE RUE,0,,2,3,0,1,(1),(1),1,, -1,1,0,1,50,4,8,1,59,59360,2,9,0,3,PARE AMBROISE RUE,50.60205,3.03788,13,2,2
202100020915,164Â 269,B01,1,1,1,5,2,6,9,0,0,-1,2021,52.0,1,1,0,2,1,1,1,,3,50,-1,,2,2,0,1,6,445,1,, -1,1,5,1,80,4,9,1,82,82125,1,2,0,3,D50 intersection route de borde basse et route de brials,43.932301,1.251873,16,2,2
202100050019,112Â 335,A01,10,3,2,0,0,-1,-1,4,3,1,2021,54.0,1,2,0,1,7,1,1,,7,POINCARE (RUE HENRI),0,,1,2,0,1,(1),(1),1,, -1,1,0,1,50,26,2,1,54,54395,2,2,0,6,POINCARE (RUE HENRI),48.690031713,6.1718102172,12,2,1
202100021037,164Â 058,B01,1,1,1,0,2,8,-1,-1, -1,-1,2021,29.0,1,1,0,2,2,1,1,,3,BOLLARDIERE (RUE  GEN. DE ),0,,2,2,0,2,0,180,1,, -1,1,0,1,70,1,9,1,56,56098,2,3,0,3,BOLLARDIERE (RUE  GEN. DE ),47.77788,-3.34138,17,2,2
202100010148,183Â 560,A01,2,2,2,5,1,0,-1,-1, -1,-1,2021,47.0,1,2,0,2,3,9,1,,1,A87N,0,,3,5,0,1,1,0,1,, -1,2,0,1,70,30,10,1,49,49267,2,1,0,4,A87N,47.4663,-0.51626,13,6,3
202100055781,102Â 158,A01,1,1,1,4,2,8,-1,-1, -1,-1,2021,18.0,2,1,0,0,8,1,1,,3,724,0,,2,2,0,1,103,310,1,, -1,1,0,1,50,7,1,5,56,56098,2,1,0,7,JAURES (RUE  JEAN ),47.76333,-3.36162,19,1,1
202100014662,175Â 507,A01,10,3,2,0,0,-1,-1,4,3,1,2021,74.0,0,2,0,1,2,19,0,,4,,0,,1,2,1,1,0,0,1,, -1,1,0,1,50,7,10,1,92,92044,2,1,0,6,JEAN JAURES(RUE) 1A55 ET 2A54,48.8901295281,2.2913549885,16,2,1
202100013017,178Â 479,A01,1,1,1,5,1,-1,-1,-1,0,-1,2021,31.0,1,2,0,2,7,14,1,,1,AUTOROUTE A115,0,,1,4,0,1,6,0,1,, -1,1,0,1,90,16,10,1,95,95607,1,1,0,3, A115,49.0137781954,2.2191116081,14,4,2
202100021643,162Â 941,A01,1,1,1,0,2,6,-1,0,0,-1,2021,60.0,2,1,0,2,1,3,-1,,3,VICTOR HUGO  (BD),0,,2,2,0,1,11,843,1,, -1,1,0,1,50,31,8,1,6,6069,2,1,0,3,VICTOR HUGO  (BD),43.65618,6.919682,9,2,2
202100017524,170Â 297,A01,1,1,2,0,2,6,-1,-1, -1,-1,2021,20.0,1,1,0,2,1,2,1,,3,1,0,,2,2,0,2,0,0,1,, -1,1,0,1,50,22,9,1,92,92012,2,9,0,2,POINT DU JOUR (QUAI DU),48.830451843,2.257177819,9,2,2
202100019732,166Â 374,Z01,10,3,2,5,0,-1,-1,2,3,2,2021,70.0,1,1,0,1,7,1,5,,4,RUE D ABOUKIR,0,,2,2,0,1,(1),(1),1,, -1,1,0,1,30,9,9,1,75,75102,2,7,0,6,RUE D ABOUKIR,48.8682576478,2.348620234,11,2,1
202100029336,149Â 327,A01,1,1,2,3,1,0,-1,-1, -1,-1,2021,68.0,1,2,0,0,1,16,1,,4,PETIT LEROY (R DU),0,,2,1,0,1,1,0,1,, -1,2,0,4,30,12,7,1,94,94021,2,4,1,7,Rue du Lieutenant Petit Leroy,48.76507,2.3615,21,1,1
202100012534,179Â 308,A01,1,1,1,1,1,-1,-1,0,0,-1,2021,43.0,1,2,13,0,2,14,1,,3,25,0,D,2,2,0,1,22,180,1,, -1,2,0,3,80,18,10,1,22,22079,1,1,1,7,Les Aulnays,48.386963,-2.705373,12,1,1
202100006501,190Â 180,A01,1,1,1,2,2,6,-1,0,0,-1,2021,17.0,1,1,0,2,2,1,1,,3,142,0,D,2,2,0,1,25,641,2,, -1,1,0,1,80,23,11,1,76,76144,1,2,0,3,Route de Veules,49.764009,0.880998,7,2,2
202100030412,147Â 407,A01,1,1,2,9,8,0,-1,0,0,-1,2021,56.0,1,1,0,2,8,1,5,,4,AVENUE DU GENERAL LECLERC,0,,1,2,3,1,(1),(1),1,, -1,1,0,6,50,6,7,1,75,75114,2,2,0,3,AVENUE DU GENERAL LECLERC,48.823273,2.325448,17,2,2
202100020914,164Â 270,A01,1,1,1,5,0,-1,-1,0,0,-1,2021,62.0,3,2,15,0,1,14,1,,4,,-1,,2,1,0,1,(1),(1),2,,3,1,0,3,80,4,9,1,82,82037,1,1,0,6,Chemin de Piboul,44.127891,1.578072,16,2,1
202100023080,160Â 361,B01,1,1,1,0,1,8,-1,-1, -1,-1,2021,48.0,0,2,0,2,4,1,1,,7,CD6,0,,2,2,0,2,0,0,1,, -1,1,0,1,70,2,8,1,13,13019,1,1,0,2,CD6,43.4246,5.3798,7,2,2
202100051305,109Â 967,A01,1,1,1,5,2,6,-1,0,0,-1,2021,41.0,1,1,0,2,1,2,1,,4,PROVENCE (AVENUE DE),0,,2,2,0,1,(1),(1),1,, -1,1,0,1,50,16,2,2,6,6069,2,1,0,2,PROVENCE (AVENUE DE),43.653665,6.922015,18,2,2
202100049315,113Â 612,A01,10,3,2,5,0,-1,-1,5,2,1,2021,46.0,1,2,0,1,2,14,1,,3,465,-1,,2,2,0,1,(1),(1),1,, -1,1,5,4,50,24,2,1,90,90052,2,1,0,6,Faubourg de Belfort,47.739313,6.827681,11,2,1
202100016526,172Â 091,A01,10,3,2,2,0,-1,-1,2,B,1,2021,15.0,2,2,0,1,2,1,1,,7,Rue Jean JaurÃ¨s,0,,2,2,0,1,23,100,1,, -1,1,0,1,30,23,9,1,42,42095,2,1,0,6,Rue Jean JaurÃ¨s,45.391227,4.289563,16,2,1
202100039042,131Â 851,B01,1,1,2,1,1,-1,-1,-1, -1,-1,2021,41.0,1,2,0,2,6,0,1,,1,A7   13.970 A 15.270,0,,3,6,0,1,14,0,1,, -1,1,0,1,110,19,5,1,69,69294,1,1,0,4,A7,45.6373211455,4.8227448463,7,6,4
202100039681,130Â 650,A01,1,1,1,0,2,6,-1,-1, -1,-1,2021,19.0,1,1,0,2,1,1,1,,4,VICTOR AUGAGNEUR                    (QU),0,,1,3,0,1,(1),(1),1,, -1,1,0,1,50,16,5,1,69,69383,2,2,0,3,VICTOR AUGAGNEUR (Q),45.76,4.84106,20,2,2
202100008270,186Â 931,A01,1,1,2,9,8,0,-1,-1, -1,-1,2021,38.0,3,2,0,2,3,15,1,,3,CLEMENCEAU (AVENUE GEORGES),0,,3,4,0,1,0,1,1,, -1,2,0,1,50,13,11,5,93,93078,2,2,0,3,CLEMENCEAU (AVENUE GEORGES),48.9582,2.55845,19,4,2
202100029629,148Â 825,B01,1,1,1,5,2,0,-1,-1, -1,-1,2021,32.0,2,1,0,2,8,13,5,,3,GEORGES MELIES (BD),0,,2,4,0,1,1,0,1,, -1,2,0,1,50,10,7,1,94,94015,2,1,1,3,Boulevard Georges MÃ©liÃ¨s,48.830513,2.528061,13,2,2
202100024007,158Â 728,A01,1,1,1,0,8,0,-1,-1, -1,-1,2021,52.0,1,2,2,0,1,0,1,,7,BRIQUETERIE (RUE),0,,2,2,0,1,(1),(1),1,, -1,1,0,3,50,15,8,2,59,59426,2,1,0,6,BRIQUETERIE (RUE),50.74779,3.17251,5,3,1
202100002037,198Â 153,B01,1,1,1,0,1,-1,-1,0,0,-1,2021,44.0,2,2,0,2,4,23,1,,2,PROVENCE (AVENUE DE),0,,2,2,0,1,40,830,1,, -1,1,0,1,50,17,12,5,5,5061,2,1,0,4,PROVENCE (AVENUE DE),44.537646,6.053519,18,5,3
202100028675,150Â 462,A01,1,1,1,1,2,6,-1,0,0,-1,2021,42.0,1,1,0,0,0,3,1,,4,PORTE DE SAINT CLOUD,0,,1,4,0,1,10,900,1,, -1,1,0,1,70,16,7,1,75,75116,2,1,0,7,PORTE DE SAINT CLOUD,48.837187,2.255484,7,1,1
202100014202,176Â 306,A01,1,1,1,4,2,0,-1,0,0,-1,2021,32.0,1,1,0,2,7,17,3,,4,BOULEVARD NEY,0,,3,2,0,1,(1),(1),1,, -1,1,0,1,50,8,10,1,75,75118,2,1,0,3,BOULEVARD NEY,48.898488,2.356199,13,2,2
202100021969,162Â 361,A01,1,1,1,5,1,-1,-1,0,0,-1,2021,42.0,2,2,0,2,3,5,1,,1,34,0,A,3,4,0,1,106,150,1,, -1,1,0,1,110,29,8,3,51,51105,1,1,0,1,A34,49.2729440258,4.0905401884,21,2,2
202100027273,152Â 974,C01,1,1,1,5,2,6,-1,0,0,-1,2021,58.0,1,1,5,9,7,26,1,,3,94,-1,,2,2,0,1,57,350,2,, -1,1,0,1,80,25,7,1,26,26288,1,1,0,5,1935 Route de Nyons,44.4023,5.248568,9,5,3
202100036225,136Â 935,B01,3,2,1,9,3,0,-1,-1, -1,-1,2021,1.0,2,2,0,2,8,1,1,,3,Jean Jaures (Avenue),0,,2,0,0,1,0,0,1,, -1,1,0,1,30,5,6,1,91,91191,2,1,0,5,Jean Jaures (Avenue),48.71382,2.46233,13,5,3
202100002777,196Â 803,A01,1,1,1,0,1,0,-1,-1, -1,-1,2021,81.0,3,2,0,2,1,15,1,,3,SOURS (RUE DE),0,,-1,2,0,1,41,0,1,, -1,1,0,1,50,9,11,5,28,28085,2,1,0,1,SOURS (RUE DE),48.43902,1.5175,6,2,2
202100031767,144Â 978,A01,1,1,1,0,2,8,-1,-1, -1,-1,2021,26.0,1,1,0,2,2,17,1,,4,JEAN BAPTISTE CLEMENT (AVENUE) 1/47 - 2/,0,,2,2,0,1,0,0,1,, -1,1,0,1,30,29,6,1,92,92012,2,2,0,3,JEAN BAPTISTE CLEMENT (AVENUE) 1/47 - 2/,48.846584,2.238667,9,2,2
202100051410,109Â 793,A01,10,3,2,1,0,-1,-1,3,3,1,2021,23.0,1,1,0,1,1,1,5,,7,LYONS. ROUTE DE (BRETELLE C),0,,2,2,0,1,0,180,1,, -1,1,-1,1,50,11,2,1,76,76540,2,1,0,7,LYONS. ROUTE DE (BRETELLE C),49.43799,1.11021,9,2,1
202100026542,154Â 251,A01,1,1,1,0,1,-1,-1,0,0,-1,2021,83.0,1,5,7,2,3,13,1,,3,911,0,,2,2,0,2,37,380,3,, -1,1,0,1,90,30,7,1,12,12266,1,1,0,1,RD 911 ,44.262462,2.821437,17,2,2
202100015388,174Â 201,A01,10,3,2,3,0,-1,-1,2,3,1,2021,51.0,1,2,0,1,2,1,1,,3,,0,,2,2,0,1,(1),(1),1,,3,1,0,1,50,2,10,1,63,63295,2,1,0,6,52 rue du commerce,46.017909,3.354993,15,2,1
202100017445,170Â 443,A01,1,1,1,5,2,6,-1,-1, -1,-1,2021,28.0,3,1,0,2,1,1,1,,3,RENE MARLIN (CARREFOUR),0,,1,1,0,1,0,0,2,, -1,1,0,1,50,4,9,5,58,58194,2,6,0,3,RENE MARLIN (CARREFOUR),46.9999,3.1558,22,2,2
202100026005,155Â 195,B01,1,1,1,5,2,6,-1,0,0,-1,2021,28.0,2,1,0,2,3,3,1,,4,BOULEVARD PERIPHERIQUE EXTERIEUR SUD,0,,-1,4,0,1,1,600,1,, -1,1,0,1,70,1,8,1,75,75113,2,1,0,5,BOULEVARD PERIPHERIQUE EXTERIEUR SUD,48.819066,2.371901,19,3,3
202100009526,184Â 684,B01,1,1,1,5,1,-1,-1,0,0,-1,2021,53.0,2,5,0,2,6,1,1,,1,8,0,A,3,5,0,1,180,300,1,, -1,2,0,1,100,1,11,1,6,6027,1,1,1,2,"Autoroute A8 PK 180.300 NORD, sens NICE / CANNES",43.650405,7.14184,11,2,2
202100035509,138Â 240,A01,4,2,1,5,1,0,-1,-1, -1,-1,2021,18.0,3,2,0,2,1,5,1,,3,EPARGES (RUE DES),0,,2,2,0,1,1,10,1,, -1,1,0,1,30,8,6,1,28,28134,2,1,0,1,EPARGES (RUE DES),48.73235,1.37176,12,6,2
202100000035,201Â 698,A01,10,3,1,4,8,8,-1,1,9,1,2021,26.0,1,2,0,1,1,16,1,,4,LASHERMES (RUE),-1,,1,1,-1,1,(1),(1),1,, -1,1,0,8,50,2,4,1,43,43157,2,3,0,6,Rue Lashermes,45.0412,3.87966,14,2,1
202100025016,156Â 936,Z01,10,3,1,5,8,8,-1,3,3,1,2021,82.0,1,2,0,1,4,4,0,,4,BOULEVARD DE LA VILLETTE,0,,2,3,0,1,(1),(1),1,, -1,1,0,1,50,8,8,1,75,75119,2,3,0,6,BOULEVARD DE LA VILLETTE,48.875153,2.373618,20,2,1
202100026530,154Â 274,A01,1,1,1,0,1,-1,-1,0,0,-1,2021,29.0,1,2,0,0,1,26,1,,7,36,0,D,1,2,0,1,4,100,1,, -1,1,2,1,50,30,7,1,69,69260,2,1,0,1,VERNAISON (DE) (PT),45.645923,4.816035,9,3,2
202100014815,175Â 222,A01,10,3,1,0,0,-1,-1,1,3,1,2021,91.0,2,4,0,1,3,15,1,,4,CROIX ROUGE (AVENUE),0,,2,2,0,1,0,0,1,, -1,1,0,1,50,6,10,1,13,13213,2,1,0,3,CROIX ROUGE (AVENUE),43.3323271544,5.435508212,8,2,1
202100049754,112Â 809,B01,1,1,1,0,1,0,-1,-1,0,-1,2021,25.0,3,2,0,2,1,1,1,,4,EGALITE RUE DE L,0,,-1,2,0,1,(1),(1),1,, -1,1,0,1,30,27,2,1,59,59220,2,1,0,3,EGALITE RUE DE L,50.5849225282,3.0844065729,18,2,2
202100015203,174Â 530,C01,3,2,2,9,1,8,-1,-1, -1,-1,2021,44.0,2,2,0,2,4,2,1,,1,A13,0,,1,3,0,1,6,99,1,, -1,2,0,1,90,5,10,1,92,92047,1,1,0,4,A13,48.8360747161,2.183497178,12,4,3
202100035249,138Â 693,B01,1,1,1,0,2,0,-1,0,0,-1,2021,30.0,1,1,0,2,1,26,1,,4,JAURES (BD JEAN),0,,1,3,2,1,(1),(1),1,, -1,1,0,1,50,10,6,1,63,63113,2,1,0,2,JAURES (BD JEAN),45.76784,3.08191,9,2,2
202100025885,155Â 416,A01,10,3,2,5,0,-1,-1,2,5,1,2021,54.0,1,2,0,1,1,9,1,,4,CALVAIRE,0,,1,1,0,1,0,0,1,, -1,1,0,1,50,2,8,1,92,92064,2,1,0,6,CALVAIRE,48.8482865927,2.2188234554,11,2,1
202100017966,169Â 512,B01,1,1,1,1,2,6,-1,-1, -1,-1,2021,35.0,1,1,0,2,2,1,1,,1,AUTOROUTE A6A,0,,3,5,0,2,8,913,1,, -1,1,3,1,110,20,9,1,91,91689,1,1,0,3,AUTOROUTE A6A,48.740825,2.320883,18,3,2
202100007890,187Â 637,B01,1,1,2,0,1,-1,-1,0,0,-1,2021,26.0,2,2,0,2,5,15,1,,3,1206,-1,,1,1,0,1,(1),(1),3,, -1,1,0,5,50,16,11,2,1,1033,2,6,0,2,Place Berard,46.108402,5.82932,7,2,2
202100017052,171Â 145,Z01,10,3,2,5,0,-1,-1,4,3,1,2021,71.0,2,1,0,1,3,17,3,,4,BOULEVARD VINCENT AURIOL,0,,3,2,0,2,(1),(1),1,, -1,1,0,1,30,23,9,1,75,75113,2,2,0,6,BOULEVARD VINCENT AURIOL,48.8333169825,2.3636532497,13,2,1
202100040498,129Â 218,A01,1,1,2,1,2,6,-1,0,0,-1,2021,31.0,2,1,0,2,7,3,1,,4,PORTE DE SEVRES,0,,1,3,0,1,9,200,1,, -1,1,0,1,70,10,5,1,75,75115,2,1,0,3,PORTE DE SEVRES,48.833786,2.277052,18,2,2
202100031486,145Â 472,A01,1,1,1,4,1,-1,-1,0,0,-1,2021,39.0,1,4,0,2,3,13,1,,3,2020,0,,2,3,0,1,10,50,1,, -1,1,0,1,90,1,7,1,28,28391,1,1,0,3,D2020,48.207244,1.944666,16,2,2
202100002296,197Â 683,A01,2,2,2,0,8,0,-1,-1, -1,-1,2021,23.0,3,2,0,2,1,5,1,,3,920,0,,1,4,0,1,0,0,1,, -1,2,0,1,50,18,12,2,92,92007,2,1,0,2,BRIAND (AVENUE ARISTIDE) NÂ° 162 A 300,48.7938597095,2.320856452,8,4,2
202100029976,148Â 214,A01,2,2,1,5,1,8,-1,-1, -1,-1,2021,22.0,2,2,0,2,1,0,1,,3,PLAPPEVILLE (ROUTE DE ),0,,2,2,0,1,0,0,3,, -1,1,0,1,50,8,7,5,57,57049,2,1,0,1,PLAPPEVILLE (ROUTE DE ),49.12801,6.15139,0,3,2
202100005336,192Â 254,A01,1,1,1,5,2,6,-1,0,0,-1,2021,38.0,0,1,0,0,2,1,1,,4,CORBEAU (RUE CHARLES),0,,2,2,0,1,(1),(1),1,, -1,2,0,1,50,30,11,1,27,27229,2,1,0,7,CORBEAU (RUE CHARLES),49.02453,1.15088,10,1,1
202100035412,138Â 421,A01,10,3,1,3,0,-1,-1,3,3,1,2021,87.0,1,5,0,1,0,1,1,,4,21,-1,,2,2,0,1,(1),(1),1,, -1,1,9,1,50,9,6,1,38,38382,2,1,0,6,Avenue de l Ile Brune,45.220954,5.677142,11,2,1
202100015429,174Â 127,A01,9,2,2,5,8,-1,-1,0,0,-1,2021,17.0,3,2,0,0,1,21,1,,4,,-1,,2,2,0,2,(1),(1),3,,4,1,0,8,-1,2,10,1,86,86095,1,1,0,7,Chemin de Puygremier,46.699476,0.415281,12,3,1
202100040996,128Â 340,A01,1,1,1,5,2,-1,-1,0,0,-1,2021,37.0,2,6,0,0,0,1,1,,3,483,0,D,2,2,0,2,0,461,1,, -1,1,0,1,80,8,5,1,2,2735,1,1,0,7,RD483 PR+0.461,49.291623,3.563524,19,1,1
202100021397,163Â 400,A01,1,1,1,1,2,6,-1,-1,0,-1,2021,28.0,1,1,0,2,1,1,1,,2,RN 104,0,,3,4,0,1,2,900,1,, -1,1,0,1,110,2,9,1,95,95151,1,1,0,2,RN 104,49.06254,2.27598,17,2,2
202100010786,182Â 459,A01,1,1,2,5,1,-1,-1,0,0,-1,2021,33.0,1,2,6,0,2,14,1,,7,973,0,,2,2,0,2,(1),(1),2,, -1,1,0,3,80,28,10,3,84,84089,1,1,0,-1,RD 973,43.70066,5.454969,3,1,1
202100030913,146Â 504,A01,1,1,1,5,8,-1,-1,0,0,-1,2021,23.0,3,1,0,0,7,1,1,,4,,-1,,1,2,0,1,(1),(1),1,,4,2,9,1,50,3,7,5,14,14515,2,1,1,7,Quai FÃ©lix Faure,49.34785,-0.755133,23,1,1
202100006590,190Â 020,A01,1,1,1,5,2,8,-1,0,0,-1,2021,16.0,3,1,0,1,2,21,1,,4,CHEMIN GASTON BELTRAME,0,,2,2,0,2,0,0,2,, -1,1,0,1,50,23,11,3,83,83126,1,1,0,6,CHEMIN GASTON BELTRAME,43.11971,5.85991,20,2,1
202100045278,120Â 788,B01,1,1,1,5,2,-1,-1,0,0,-1,2021,53.0,3,1,0,2,1,1,6,,4,,-1,,2,2,0,1,(1),(1),1,, -1,1,0,1,80,11,3,1,56,56015,1,1,0,3,Le Rendez Vous,47.632067,-2.55886,12,2,2
202100038316,133Â 151,A01,1,1,1,5,8,0,-1,-1, -1,-1,2021,9.0,1,1,0,9,1,1,5,,3,MADELEINE (ROUTE DE LA),0,,1,1,0,1,2,200,1,, -1,1,0,1,50,25,5,5,973,97302,2,1,0,1,MADELEINE (ROUTE DE LA),4.9196015577,-52.3218114826,19,2,2
202100009729,184Â 312,B01,1,1,1,0,2,-1,-1,-1, -1,-1,2021,22.0,1,1,0,2,4,2,1,,4,VICTOR AUGAGNEUR                    (QU),0,,1,3,0,1,(1),(1),1,, -1,1,0,1,50,2,11,1,69,69383,2,1,0,2,VICTOR AUGAGNEUR (Q),45.7596016189,4.8410063982,10,2,2
202100053879,105Â 438,A01,1,1,2,5,1,-1,-1,0,0,-1,2021,26.0,1,2,0,2,3,15,1,,3,611,-1,,2,2,0,1,25,800,1,, -1,1,0,1,80,24,1,1,11,11132,1,3,0,1,Route dÃ©partementale 611 PK 25+800,43.106427,2.74214,16,3,2
202100038204,133Â 357,B01,1,1,2,1,1,0,-1,0,0,-1,2021,35.0,2,2,0,2,4,26,1,,7,VERDUN AVENUE DE,0,,2,2,0,1,(1),(1),1,, -1,1,0,1,50,26,5,1,6,6027,2,1,0,2,VERDUN AVENUE DE,43.66587,7.14275,11,2,2
202100017181,170Â 924,A01,10,3,1,9,8,-1,-1,1,1,2,2021,0.0,3,2,0,1,2,1,1,,4,,-1,,2,2,0,1,(1),(1),1,,4,1,0,1,50,24,9,1,85,85065,2,1,1,6,Chemin de la Plante,46.894352,-1.257741,8,3,1
202100006190,190Â 751,A01,1,1,1,5,1,-1,-1,-1, -1,-1,2021,47.0,2,2,10,0,2,13,1,,4,BPNL   37.781 A 41.124,0,,3,5,0,1,40,599,1,, -1,2,2,1,70,26,11,1,69,69034,2,1,1,6,BPNL   37.781 A 41.124,45.78816,4.86099,16,4,4
202100007637,188Â 096,A01,1,1,2,5,8,0,-1,-1, -1,-1,2021,22.0,0,2,0,2,2,17,1,,4,MAHOUBI TIR ,0,,2,2,0,1,0,0,1,, -1,1,0,1,50,17,11,1,13,13214,2,1,0,3,MAHOUBI TIR ,43.333226734,5.3976660498,12,2,2
202100031192,145Â 981,A01,10,3,2,5,0,-1,-1,2,3,1,2021,83.0,2,1,0,1,7,1,5,,4,RUE DAMREMONT,0,,1,1,1,2,(1),(1),1,, -1,1,0,5,50,3,7,1,75,75118,2,1,0,6,RUE DAMREMONT,48.891214,2.334717,12,2,1
202100011257,181Â 609,B01,1,1,1,4,1,-1,-1,0,0,-1,2021,20.0,1,4,0,2,3,1,1,,3,938,0,D,2,2,0,1,30,150,1,, -1,1,0,1,80,14,10,3,60,60495,1,2,0,3,D938,49.528447,2.45538,23,2,2
202100053065,106Â 868,A01,1,1,2,5,1,0,-1,-1, -1,-1,2021,22.0,2,2,7,0,7,1,1,,3,CÃTE DE LASCANAUX (RN120),0,,1,2,0,1,2,663,2,, -1,2,0,1,90,30,1,1,15,15014,1,1,1,6,CÃTE DE LASCANAUX (RN120),44.930958,2.426146,12,1,1
202100055479,102Â 682,A01,10,3,1,2,0,-1,-1,4,3,1,2021,12.0,1,2,0,1,3,1,1,,7, 71,0,,2,3,0,1,(1),(1),1,, -1,2,0,1,70,7,1,2,54,54257,2,2,1,6,FLEVILLE (ROUTE DE),48.648099431,6.2087787688,7,2,1
202100030121,147Â 937,A01,1,1,1,5,1,0,-1,-1, -1,-1,2021,28.0,2,2,4,0,9,1,1,,1,A50-Sens Aubagne vers Marseille,0,,1,3,0,2,6,0,1,, -1,1,0,1,90,8,7,3,13,13211,1,1,0,7,A50-Sens Aubagne vers Marseille,43.29473,5.46546,0,1,1
202100052422,108Â 009,A01,10,3,2,0,0,-1,-1,3,3,1,2021,16.0,0,1,0,1,7,1,1,,4,PAIX (DE LA ),0,,2,2,0,1,0,0,1,, -1,2,6,1,50,2,2,5,55,55545,2,1,1,7,PAIX (DE LA ),49.1636,5.38,7,2,1