Num_Acc,id_vehicule,num_veh,place,catu,sexe,trajet,secu1,secu2,secu3,locp,actp,etatp,year_acc,victim_age,senc,catv,obs,obsm,choc,manv,motor,occutc,catr,voie,v1,v2,circ,nbv,vosp,prof,pr,pr1,plan,lartpc,larrout,surf,infra,situ,vma,jour,mois,lum,dep,com,agg_,int,atm,col,adr,lat,long,hour,nb_victim,nb_vehicules
202100032737,143Â 254,B01,1,1,1,0,2,-1,-1,0,0,-1,2021,56.0,0,1,0,2,6,0,1,,3,53,0,,2,2,0,2,5,225,1,, -1,1,0,1,50,24,6,2,974,97410,2,1,0,3,Chemin Departemental 53 Olympe,-21.041619,55.662929,18,2,2
202100022505,161Â 403,A01,10,3,2,5,0,-1,-1,1,3,1,2021,75.0,3,2,0,1,1,15,1,,4,13,0,,1,1,0,2,(1),(1),2,, -1,1,0,1,30,26,8,1,56,56094,2,1,1,6,Place de l Eglise,47.763135,-3.238816,9,2,1
202100033864,141Â 231,B01,1,1,1,5,0,-1,-1,0,0,-1,2021,66.0,2,1,0,2,1,1,5,,3,DECAZEVILLE (AVENUE DE) RD 840,0,,2,2,0,2,3,45,1,, -1,1,0,1,70,12,6,1,12,12202,2,4,0,3,DECAZEVILLE (AVENUE DE) RD 840,44.36538,2.55103,15,2,2
202100006554,190Â 085,B01,1,1,2,1,2,8,-1,-1, -1,-1,2021,33.0,1,1,0,2,5,1,1,,4,ROUTE DE L'ANSE VATA,0,,-1,2,0,1,0,0,1,, -1,1,0,1,50,22,11,1,988,98818,2,3,0,3,ROUTE DE L'ANSE VATA,-22.27946,166.44864,17,2,2
202100005900,191Â 242,B01,1,1,1,9,2,6,-1,-1, -1,-1,2021,46.0,3,1,0,2,1,1,1,,3,LYS(AVENUE DU)LE RESTE,0,,2,2,0,1,4,1632,1,, -1,1,0,1,50,26,11,5,77,77152,2,9,0,3,D82E2,48.51659,2.626221,17,2,2
202100030482,147Â 286,A01,1,1,2,5,1,-1,-1,0,0,-1,2021,25.0,1,5,7,0,2,14,1,,3,44,-1,,-1,2,0,2,8,750,1,, -1,1,0,1,70,6,7,2,95,95151,1,1,0,6,D44,49.057853,2.269578,21,1,1
202100021383,163Â 424,B01,1,1,1,0,2,6,-1,0,0,-1,2021,17.0,3,1,0,2,7,5,1,,3,124,0,,2,2,0,1,(1),(1),2,, -1,1,9,1,50,2,9,1,38,38449,2,6,0,3,Rue du Limousin,45.638902,5.108213,16,2,2
202100013336,177Â 909,A01,1,1,1,0,2,8,-1,-1, -1,-1,2021,21.0,1,1,0,2,3,17,1,,3,914,0,,1,2,0,1,0,0,1,, -1,1,0,1,50,14,10,1,92,92050,2,4,0,3,HEBERT CELESTIN RUE,48.89688,2.22403,18,2,2
202100041786,126Â 919,B01,2,2,2,0,1,-1,-1,-1, -1,-1,2021,17.0,0,2,0,2,0,0,1,,4,COQUELICOTS. RUE DES,0,,2,2,0,1,(1),(1),1,, -1,2,-1,1,50,1,5,1,76,76575,2,1,0,5,COQUELICOTS. RUE DES,49.39094,1.09774,20,4,3
202100021991,162Â 326,A01,1,1,1,5,1,-1,-1,0,0,-1,2021,33.0,1,2,13,0,3,16,1,,3,28,0,E,2,2,0,1,4,958,3,, -1,9,0,3,80,29,8,2,31,31033,1,1,0,6,D28e,43.339997,1.470948,20,1,1
202100027302,152Â 928,A01,1,1,1,5,2,-1,-1,0,0,-1,2021,44.0,3,1,0,2,1,1,5,,6,,-1,,-1,0,0,1,(1),(1),1,,0,1,0,8,-1,23,7,1,22,22143,2,1,0,3,Route de Saint-Cast,48.598774,-2.286701,17,2,2
202100032623,143Â 451,A01,1,1,2,0,1,0,-1,-1, -1,-1,2021,31.0,1,2,0,2,4,26,1,,1,AUTOROUTE A1,0,,3,9,0,1,11,100,1,, -1,1,0,1,110,24,6,3,93,93007,1,1,0,4,AUTOROUTE A1,48.95541,2.45856,0,3,3
202100055069,103Â 376,B01,1,1,2,5,8,0,-1,0,0,-1,2021,13.0,3,1,0,2,8,19,5,,4,BOULEVARD SUCHET,0,,2,4,0,1,(1),(1),1,, -1,2,0,1,50,14,1,5,75,75116,2,3,1,6,BOULEVARD SUCHET,48.853019,2.261921,19,2,2
202100043723,123Â 538,B01,1,1,1,0,2,6,-1,-1, -1,-1,2021,21.0,1,1,4,2,7,1,1,,1,AUTOROUTE A86,0,,3,4,0,1,52,0,1,, -1,1,0,1,70,17,4,1,94,94034,1,1,0,3,AUTOROUTE A86,48.7617,2.31549,19,3,2
202100017002,171Â 231,B01,1,1,1,1,2,0,-1,0,0,-1,2021,55.0,2,1,0,2,8,3,1,,4,PORTE DE CHAMPERRET,0,,1,4,0,1,17,300,1,, -1,1,0,1,70,25,9,1,75,75117,2,1,0,3,BD PERIPHERIQUE EXTERIEUR,48.8859,2.288119,16,2,2
202100003633,195Â 256,C01,1,1,1,4,1,0,-1,0,0,-1,2021,57.0,1,3,0,2,4,23,1,1.0,4,MULLER (AVENUE PAUL),0,,2,2,0,1,(1),(1),3,, -1,2,0,1,50,7,12,5,54,54578,2,1,0,5,MULLER (AVENUE PAUL),48.6671510837,6.1462154383,18,3,3
202100002897,196Â 593,A01,10,3,2,5,0,-1,-1,3,3,2,2021,66.0,3,2,0,1,1,26,1,,4,RUE DE LA GARONNE,0,,2,2,0,1,0,0,3,, -1,1,5,1,50,8,12,1,83,83118,2,6,0,6,RUE DE LA GARONNE,43.4250205857,6.7639651895,15,2,1
202100054044,105Â 143,B01,2,2,1,5,1,0,-1,-1, -1,-1,2021,21.0,3,2,0,2,7,1,1,,4,BIR-HAKEIM (AVENUE DE),0,,2,0,0,1,0,0,1,, -1,1,0,1,50,23,1,5,77,77285,2,2,0,1,BIR-HAKEIM (AVENUE DE),48.5442,2.64389,23,3,2
202100017115,171Â 039,A01,10,3,2,0,0,-1,-1,0,B,1,2021,82.0,0,2,0,1,4,24,1,,9,JEAN MERMOZ (BOULEVARD) DES NÂ°1A57 ET NÂ°,0,,-1,0,0,1,0,0,1,, -1,2,0,8,30,24,9,1,93,93059,2,1,0,6,JEAN MERMOZ (BOULEVARD) DES NÂ°1A57 ET NÂ°,48.96651,2.36429,14,2,1
202100034653,139Â 780,A01,1,1,1,5,0,-1,-1,0,0,-1,2021,34.0,3,1,0,0,0,1,3,,9,,-1,,4,2,1,1,(1),(1),1,,4,1,9,5,-1,14,6,1,74,74278,1,1,0,7,Prom de l Arve,46.07597,6.532804,13,1,1
202100030881,146Â 562,A01,10,3,2,5,0,-1,-1,5,1,2,2021,63.0,1,2,0,0,0,1,1,,4,,-1,,1,2,0,1,(1),(1),1,,5,2,0,1,50,4,7,1,60,60176,2,1,1,7,Rue Jeanne dâArc,49.236095,2.887339,10,2,1
202100055954,101Â 869,B01,1,1,1,0,1,8,-1,-1, -1,-1,2021,41.0,1,2,0,0,4,0,1,,4,PARMENTIER (RUE) COTE NÂ° PAIRS,0,,2,2,0,1,0,0,1,, -1,2,0,1,50,7,1,5,93,93072,2,3,1,2,PARMENTIER (RUE) COTE NÂ° PAIRS,48.9677497764,2.3739831316,0,2,2
202100056304,101Â 254,A01,1,1,1,3,1,-1,-1,0,0,-1,2021,27.0,1,2,0,0,7,0,1,,3,45,0,D,2,2,0,2,8,450,4,, -1,1,0,3,80,5,1,1,76,76419,1,1,0,6,route de duclair,49.396563,0.881621,15,1,1
202100020310,165Â 333,A01,1,1,2,2,1,0,-1,-1, -1,-1,2021,20.0,1,2,1,0,2,1,1,,4,VALLON DE TOULOUSE (RUE),0,,2,2,0,1,0,0,1,, -1,1,0,1,50,7,9,1,13,13209,2,1,0,4,VALLON DE TOULOUSE (RUE),43.2675066948,5.4216286042,7,1,1
202100042812,125Â 133,A01,1,1,1,9,0,-1,-1,-1, -1,-1,2021,19.0,2,1,0,2,1,5,1,,4,CAPITAINE FERBER (DU)               (R ),0,,1,1,0,1,(1),(1),4,, -1,1,0,1,50,22,4,1,69,69034,2,3,0,1,CAPITAINE FERBER (DU) (R),45.79002,4.82684,12,2,2
202100020573,164Â 859,Z01,10,3,2,1,8,8,-1,4,3,1,2021,54.0,1,1,0,1,7,1,3,,4,RUE DE RIVOLI,0,,1,2,0,1,(1),(1),1,, -1,1,0,1,30,6,9,1,75,75104,2,3,0,6,RUE DE RIVOLI,48.85572,2.358981,12,2,1
202100053660,105Â 818,A01,2,2,2,0,1,-1,-1,0,0,-1,2021,51.0,2,2,2,0,1,1,1,,3,1084,0,,2,2,0,1,55,530,2,, -1,5,0,3,80,25,1,1,1,1200,1,1,1,6,DÃ©partementale 1084,46.097512,5.484023,8,2,1
202100026218,154Â 838,A01,1,1,1,5,2,-1,-1,0,0,-1,2021,40.0,1,1,0,0,8,1,1,,3,32,-1,,2,2,0,1,2,200,3,, -1,1,0,3,70,29,7,2,11,11262,1,1,0,7,CD32,43.169129,3.037162,21,1,1
202100018542,168Â 490,A01,1,1,1,0,2,6,-1,0,0,-1,2021,22.0,2,1,0,2,1,19,1,,4,CHATILLON (RUE DE),0,,2,2,0,1,(1),(1),1,, -1,1,5,1,50,15,9,1,71,71306,2,6,0,1,CHATILLON (RUE DE),46.68912,4.35631,12,3,2
202100022462,161Â 485,A01,10,3,2,0,0,-1,-1,3,3,2,2021,60.0,1,5,0,1,1,1,1,,3,VILLOTE (ALLEES DE),0,,1,4,0,1,(1),(1),1,, -1,1,0,1,30,26,8,1,9,9122,2,1,0,6,VILLOTE (ALLEES DE),42.96356,1.607167,10,2,1
202100048729,114Â 657,B01,1,1,1,9,2,-1,-1,0,0,-1,2021,41.0,2,1,0,2,8,1,5,,3,30,-1,,2,2,0,1,1,150,1,, -1,1,0,1,80,9,3,1,972,97210,1,1,0,3,D30,14.61852,-60.928288,16,3,2
202100046917,117Â 911,B01,1,1,1,1,1,-1,-1,-1, -1,-1,2021,23.0,1,2,0,2,1,1,1,,1,,-1,,1,-1,-1,1,18,431,1,, -1,1,0,1,90,22,3,2,31,31555,1,1,0,4,18 MONTAUDRAN (PERIPH EST A61),43.55453,1.49228,8,3,3
202100012351,179Â 645,B01,1,1,1,0,2,6,-1,-1, -1,-1,2021,52.0,2,1,0,2,4,2,1,,1,AUTOROUTE A23,0,,-1,2,0,1,6,380,1,, -1,1,0,1,130,16,10,3,59,59586,1,1,0,2,AUTOROUTE A23,50.5525316808,3.1800006508,0,2,2
202100030765,146Â 769,A01,10,3,2,3,0,-1,-1,4,3,1,2021,98.0,2,2,0,1,1,15,1,,4,TRION (DE) (R ),0,,1,3,0,2,(1),(1),2,, -1,1,0,1,50,1,7,1,69,69385,2,7,0,6,FOSSES DE TRION (DES) (R),45.75839,4.81312,8,2,1
202100038284,133Â 215,A01,1,1,1,5,1,-1,-1,0,0,-1,2021,78.0,2,2,0,2,2,1,1,,3,18,-1,,2,2,0,1,25,400,1,, -1,1,0,1,50,25,5,1,18,18055,2,1,1,2,36 Rue de Vierzon,46.99864,2.124433,17,2,2
202100055313,102Â 957,B01,1,1,1,0,1,-1,-1,-1, -1,-1,2021,37.0,1,2,0,2,2,19,1,,4,AUGE (RUE JOANNY),0,,2,2,0,1,(1),(1),1,, -1,1,0,1,50,11,1,1,42,42187,2,2,0,3,Rue Joanny AugÃ©,46.0356915041,4.0521731526,12,2,2
202100044415,122Â 292,B01,1,1,2,0,1,-1,-1,0,0,-1,2021,61.0,1,2,0,2,3,15,1,,3,204,0,,2,2,0,1,47,873,1,, -1,1,0,1,50,9,4,1,77,77238,2,4,0,3,Avenue de la FertÃ©,48.937929,3.145067,12,2,2
202100012314,179Â 722,A01,1,1,1,1,2,6,-1,0,0,-1,2021,18.0,2,1,0,0,0,1,1,,3,12,0,,2,2,0,1,(1),(1),1,, -1,3,2,1,80,20,10,1,18,18075,1,1,1,7,Route de Nevers,47.012333,3.07232,16,1,1
202100027002,153Â 450,A01,9,2,1,5,1,-1,-1,0,0,-1,2021,16.0,2,2,8,0,1,13,1,,3,933,-1,,2,2,0,1,40,500,1,, -1,1,0,3,80,27,7,3,64,64034,1,1,0,6,D933 - PK 40.500,43.346903,-1.001236,1,3,1
202100044751,121Â 724,B01,2,2,2,5,1,-1,-1,0,0,-1,2021,57.0,1,2,0,0,1,1,1,,3,38,-1,D,2,2,0,2,3,600,1,, -1,1,0,1,-1,27,3,2,43,43078,2,1,0,1,Route de la Gare,45.001428,3.912163,19,3,2
202100013375,177Â 827,B01,1,1,1,1,2,8,-1,-1, -1,-1,2021,24.0,1,1,0,2,1,1,1,,1,A86 EXT,0,,1,1,0,2,37,500,1,, -1,1,0,1,70,14,10,1,94,94028,1,9,0,2,A86 EXT,48.8030108828,2.4483130603,11,2,2
202100045198,120Â 949,A01,9,2,1,5,0,-1,-1,0,0,-1,2021,21.0,3,2,0,0,9,1,1,,4,,-1,,2,2,0,1,(1),(1),2,, -1,1,0,3,80,5,4,3,80,80721,1,1,0,7,rue de l'amboise,50.170783,1.644924,0,3,1
202100045427,120Â 530,B01,1,1,1,9,2,0,-1,0,0,-1,2021,17.0,3,1,0,2,3,1,1,,4,COURS DES MARECHAUX,0,,2,2,0,1,(1),(1),1,, -1,1,0,1,50,2,4,1,75,75112,2,2,0,3,COURS DES MARECHAUX,48.844576,2.438766,17,3,2
202100013506,177Â 586,B01,1,1,1,0,2,6,-1,-1, -1,-1,2021,22.0,1,1,0,2,1,1,1,,4,JEAN MERMOZ,0,,2,2,0,1,0,0,1,, -1,1,0,1,50,12,10,5,64,64445,2,1,0,3,COURS LEON BERARD,43.313926,-0.370097,21,2,2
202100048604,114Â 880,A01,1,1,2,4,2,-1,-1,0,0,-1,2021,30.0,1,1,0,2,1,13,1,,3,1201,-1,D,2,2,0,2,26,30,4,, -1,1,0,1,70,11,3,1,74,74010,1,1,0,1,Rte de Pringy (Annecy),45.958803,6.126037,11,2,2
202100056337,101Â 198,Z01,4,2,2,9,8,0,-1,-1, -1,-1,2021,17.0,2,2,1,0,0,0,1,,4,DUPORT CHARLES RUE,0,,2,2,0,1,(1),(1),2,, -1,1,0,3,30,3,1,1,59,59560,2,1,0,6,DUPORT CHARLES RUE,50.5428124923,3.0353040621,12,3,1
202100040543,129Â 142,B01,1,1,1,1,1,-1,-1,0,0,-1,2021,64.0,2,2,0,2,2,1,1,,3,8,0,,2,2,0,1,0,400,3,, -1,2,0,1,50,8,5,1,972,97221,2,1,1,1,Thoraille,14.514471,-60.962199,11,2,2
202100042815,125Â 128,A01,1,1,1,0,2,6,-1,-1, -1,-1,2021,50.0,1,1,16,2,0,21,1,,3,RTE DE MONTLHERY,0,,3,2,0,1,0,0,2,, -1,1,0,1,50,22,4,1,91,91347,2,1,0,7,RTE DE MONTLHERY,48.63483,2.288038,17,1,1
202100035143,138Â 890,A01,1,1,1,0,1,-1,-1,0,0,-1,2021,49.0,2,2,2,0,5,1,1,,3,4100,-1,,2,2,0,1,4,276,3,, -1,1,0,3,70,11,6,3,4,4045,1,1,0,6,RD 4100,43.856722,5.607751,23,1,1
202100047311,117Â 200,A01,1,1,1,0,2,6,-1,-1, -1,-1,2021,25.0,2,1,0,2,6,1,1,,1,A51-Sens Aix en Provence vers Marseille,0,,1,4,0,1,2,500,1,, -1,1,0,1,90,19,3,2,13,13071,1,1,0,3,A51-Sens Aix en Provence vers Marseille,43.4156005261,5.3648632765,18,2,2
202100051310,109Â 956,B01,1,1,2,5,1,0,-1,0,0,-1,2021,24.0,2,2,0,2,3,1,1,,4,BOULEVARD PERIPHERIQUE EXTERIEUR NORD  ,0,,1,4,0,1,34,100,1,, -1,1,0,1,70,16,2,1,75,75112,2,1,0,3,BOULEVARD PERIPHERIQUE EXTERIEUR NORD  ,48.830171,2.402188,11,2,2
202100046378,118Â 870,B01,1,1,2,9,2,6,-1,0,0,-1,2021,28.0,2,1,0,2,5,7,3,,4,RUE D ALESIA,0,,2,4,3,1,(1),(1),1,, -1,2,-1,6,50,25,3,1,75,75114,2,3,1,4,RUE D ALESIA,48.83114,2.317147,12,3,3
202100052279,108Â 260,A01,1,1,1,0,8,-1,-1,0,0,-1,2021,21.0,2,2,15,0,0,0,1,,3,606,0,,2,2,0,1,1,100,1,, -1,1,0,1,80,8,2,3,11,11022,1,1,0,6,Route dÃ©partementale 606,43.271999,2.66957,3,1,1
202100040934,128Â 452,B01,1,1,1,0,2,8,-1,-1, -1,-1,2021,17.0,0,1,0,2,0,1,1,,4,SAINT JUST (AVENUE DE),0,,2,2,0,1,(1),(1),1,, -1,1,0,1,50,7,5,5,13,13204,2,2,0,3,SAINT JUST (AVENUE DE),43.314,5.40283,21,2,2
202100030036,148Â 098,B01,5,2,2,9,1,0,-1,-1, -1,-1,2021,43.0,1,2,0,2,1,9,1,,3,PONT (R DU),0,,-1,8,0,1,1,0,1,, -1,1,5,1,50,8,7,5,94,94069,2,2,0,3,Rue du Pont,48.817866,2.419636,1,3,2
202100013097,178Â 330,A01,4,2,1,5,1,0,-1,-1, -1,-1,2021,19.0,2,2,16,0,1,26,1,,4,COLLINES -BD-,0,,2,2,0,1,1,0,1,, -1,1,0,8,50,15,10,1,11,11069,2,1,0,7,COLLINES -BD-,43.20186,2.39093,14,3,1
202100011609,180Â 974,B01,1,1,2,1,1,-1,-1,-1, -1,-1,2021,22.0,3,2,0,2,7,1,1,,6,LAGRUA (RUE),0,,-1,-1,0,1,(1),(1),1,, -1,1,0,1,30,22,10,1,33,33529,2,1,0,3,Centre Commercial Cap OcÃ©an,44.635835,-1.153801,15,2,2
202100032842,143Â 068,C01,1,1,1,0,1,-1,-1,-1, -1,-1,2021,32.0,1,2,0,2,8,23,1,,1,AUTOROUTE A46 ROCADE EST - RN 346   (XX),0,,1,1,0,2,42,300,1,, -1,1,0,1,50,18,6,1,69,69290,1,2,0,5,ST BONNET DE MURE (DE) (CHM),45.69196,4.96699,20,3,3
202100032749,143Â 232,B01,1,1,1,5,2,-1,-1,0,0,-1,2021,55.0,2,1,0,2,1,0,5,,3,10,0,D,2,2,0,1,10,0,1,,4,1,0,1,80,23,6,1,63,63229,1,2,0,3,Vassel (route de),45.777162,3.350422,11,2,2
202100011424,181Â 302,A01,10,3,2,3,0,-1,-1,2,3,1,2021,82.0,2,1,0,1,1,1,1,,4,RUE DE LA GLACIERE,0,,1,2,0,1,(1),(1),1,, -1,1,0,1,30,22,10,1,75,75113,2,1,0,6,RUE DE LA GLACIERE,48.826963,2.342031,16,2,1
202100000302,201Â 181,A01,10,3,2,5,0,-1,-1,9,9,2,2021,34.0,3,1,0,1,4,1,3,,9,,-1,,-1,-1,-1,1,(1),(1),1,, -1,1,0,8,-1,10,6,5,33,33063,2,1,-1,6,Promenade Quai des Chartrons,44.853526,-0.565706,22,2,1
202100021006,164Â 116,B01,1,1,1,0,2,6,-1,-1, -1,-1,2021,50.0,0,1,0,2,1,0,5,,4,PASTEUR(ROND POINT),0,,-1,1,0,1,0,0,2,, -1,1,9,1,30,3,9,1,91,91691,2,6,0,3,PASTEUR (ROND POINT),48.694484,2.482856,8,2,2
202100006578,190Â 037,B01,1,1,1,1,8,0,-1,-1, -1,-1,2021,24.0,1,1,0,2,0,0,5,,3,AV HENRI BARBUSSE,0,,-1,3,0,1,0,100,1,, -1,1,0,1,50,23,11,5,91,91657,2,2,0,6,AV HENRI BARBUSSE,48.70253,2.42791,5,2,2
202100019854,166Â 149,A01,10,3,1,2,8,8,-1,0,0,-1,2021,13.0,1,2,0,1,2,1,1,,4,AV DE LA SOCIETE DES NATIONS,0,,2,2,0,1,1,0,1,, -1,1,0,8,50,8,9,1,77,77307,2,2,0,6,AV DE LA SOCIETE DES NATIONS,48.85538,2.76351,9,2,1
202100001104,199Â 796,A01,1,1,1,5,2,6,-1,0,0,-1,2021,17.0,1,1,6,0,3,1,1,,4,,0,,2,2,0,1,(1),(1),1,,5,2,0,4,50,30,12,5,44,44087,2,1,0,6,9 Place du Port (Machecoul),46.992802,-1.817021,2,1,1
202100002539,197Â 242,A01,1,1,2,5,1,-1,-1,0,0,-1,2021,37.0,1,2,0,2,1,1,1,,3,508,-1,,2,2,0,2,0,412,3,, -1,1,0,1,80,18,12,3,9,9006,1,1,0,1,avenue de la grotte,42.814965,1.586859,20,2,2
202100043104,124Â 631,A01,10,3,1,9,0,-1,-1,5,5,3,2021,12.0,1,2,0,1,2,1,1,,3,,-1,,2,2,0,1,(1),(1),1,, -1,1,0,1,50,23,4,1,976,97608,2,1,0,6,Boulevard des Amoureux,-12.784652,45.279433,10,2,1
202100030775,146Â 751,A01,10,3,2,0,0,-1,-1,3,3,2,2021,89.0,1,1,0,1,1,13,1,,2,RN05,0,,1,2,0,1,(1),(1),1,, -1,1,6,1,50,29,6,1,971,97101,2,1,0,6,RN05,16.25412,-61.52324,11,4,1
202100015099,174Â 717,A01,10,3,1,0,8,8,-1,3,3,1,2021,9.0,2,2,0,1,2,1,1,,4,BRIAND (RUE ARISTIDE),0,,2,1,0,1,0,0,3,, -1,2,0,1,50,5,10,1,3,3321,2,1,1,6,BRIAND (RUE ARISTIDE),46.55939,3.34458,13,2,1
202100029560,148Â 952,B01,1,1,1,9,2,6,-1,-1, -1,-1,2021,52.0,1,1,0,2,1,2,1,,1,A4,0,,3,3,0,1,14,500,1,, -1,1,0,1,110,8,7,4,93,93051,1,1,0,6,A4,48.8352965341,2.5718894005,23,2,2
202100053486,106Â 111,A01,10,3,2,9,0,-1,-1,4,5,2,2021,6.0,2,1,0,1,6,2,1,,4,RUE DE SAINT QUENTIN,0,,1,2,0,2,(1),(1),1,, -1,2,0,1,50,27,1,5,75,75110,2,2,1,6,RUE DE SAINT QUENTIN,48.878976,2.355754,18,2,1
202100012459,179Â 436,A01,10,3,2,0,0,-1,-1,9,3,1,2021,82.0,3,2,0,1,6,20,1,,6,SCHWEITZER   RUE DU DOCTEUR ALB,0,,-1,-1,0,1,(1),(1),4,, -1,1,9,8,10,18,10,1,17,17300,2,9,0,6,SCHWEITZER   RUE DU DOCTEUR ALB,46.15792,-1.14381,15,2,1
202100000200,201Â 383,A01,1,1,1,5,2,-1,-1,-1, -1,-1,2021,18.0,3,1,0,1,1,18,1,,4,CARNOT ( BOULEVARD ),0,,3,1,0,1,(1),(1),1,, -1,1,0,1,50,29,5,1,62,62041,2,1,0,6,CARNOT ( BOULEVARD ),50.287639,2.773255,18,2,1
202100054552,104Â 262,A01,1,1,1,5,2,6,-1,-1, -1,-1,2021,29.0,1,1,0,2,1,1,1,,4,,0,,1,3,0,1,(1),(1),1,, -1,2,0,1,50,18,1,1,69,69382,2,3,0,2,DOCTEUR GAILLETON (DU) (Q),45.7501986174,4.8315420956,14,2,2
202100045487,120Â 432,A01,1,1,1,5,8,-1,-1,0,0,-1,2021,44.0,3,2,13,0,1,1,1,,4,,-1,,2,2,0,1,(1),(1),1,, -1,1,0,1,80,3,4,3,50,50232,1,1,0,6,La fauvisiÃ¨re,49.121495,-1.307395,5,1,1
202100035121,138Â 927,A01,1,1,2,5,1,-1,-1,0,0,-1,2021,69.0,3,2,0,2,1,1,1,,3,30,-1,,2,2,0,1,4,863,1,, -1,1,0,1,80,11,6,1,41,41166,1,2,0,3,D30,47.405266,1.368753,17,5,2
202100007819,187Â 769,A01,1,1,2,0,1,-1,-1,-1, -1,-1,2021,43.0,3,2,0,2,3,20,1,,4,AVE MIRIEU DE LABARRE,0,,2,1,0,1,(1),(1),1,, -1,1,0,1,50,15,11,1,33,33550,2,1,0,1,Avenue Mirieu de Labarre,44.78285,-0.53689,11,3,2
202100003151,196Â 134,B01,1,1,2,0,1,-1,-1,0,0,-1,2021,50.0,0,2,0,2,4,1,1,,4,SOUVENIR FRANCAIS (ALLEE  DU ),0,,1,1,0,2,0,1,1,, -1,1,0,1,50,11,12,5,5,5061,2,1,0,2,SOUVENIR FRANCAIS (ALLEE  DU ),44.5557,6.07228,19,3,2
202100030154,147Â 868,A01,10,3,1,5,0,-1,-1,3,9,1,2021,80.0,1,2,0,1,1,15,1,,7,VILETTE (CHEMIN DE LA),0,,2,2,0,1,5,95,1,, -1,1,0,1,50,6,7,1,83,83069,2,1,0,6,VILETTE (CHEMIN DE LA),43.10581,6.12677,18,2,1
202100009525,184Â 686,A01,1,1,1,0,1,-1,-1,0,0,-1,2021,27.0,2,2,0,2,2,21,1,,7,D125,-1,,2,2,0,1,33,350,1,, -1,2,9,1,50,4,11,1,35,35210,1,2,0,3,D125,48.130115,-1.805159,8,2,2
202100029952,148Â 263,A01,1,1,1,5,2,6,-1,-1, -1,-1,2021,16.0,2,1,0,2,7,17,1,,3,,0,,2,2,0,1,2,827,1,, -1,1,0,1,50,7,7,1,89,89236,2,3,0,3,D146/Route de Sens,48.18023,3.3067,14,2,2
202100027516,152Â 542,A01,10,3,1,9,0,-1,-1,4,3,1,2021,81.0,1,2,0,1,1,26,1,,4,,0,,3,2,1,1,(1),(1),1,, -1,1,0,1,50,22,7,1,71,71076,2,3,0,6,Avenue Georges Pompidou,46.7799471131,4.8452828288,13,2,1
202100046883,117Â 972,A01,10,3,1,0,0,-1,-1,3,3,1,2021,13.0,1,2,0,1,3,1,1,,3,ROUVROY (de),0,,2,2,0,1,(1),(1),1,, -1,1,0,1,50,23,3,1,80,80001,2,1,0,6,ROUVROY (de),50.1082951229,1.804933548,7,2,1
202100048691,114Â 718,B01,1,1,1,0,2,8,-1,0,0,-1,2021,53.0,2,1,1,0,1,2,1,,7,GRENOBLE (ROUTE DE),0,,1,3,0,1,(1),(1),1,, -1,1,0,1,50,9,3,1,6,6088,2,1,0,2,GRENOBLE (ROUTE DE),43.6723,7.20204,7,2,2
202100010596,182Â 790,B01,1,1,2,1,1,-1,-1,0,0,-1,2021,57.0,3,2,0,2,3,1,1,,4,,-1,,2,2,0,1,(1),(1),1,,4,2,0,1,50,29,10,5,49,49244,2,1,1,3,AllÃ©e de la MenanciÃ¨re (la Pommeraye),47.349066,-0.851762,7,2,2
202100042885,125Â 009,A01,4,2,1,5,1,0,-1,0,0,-1,2021,18.0,3,2,0,2,1,1,1,,4,HERMAND (RUE GEORGES),0,,2,2,0,2,(1),(1),3,, -1,1,0,1,50,17,3,1,27,27562,1,1,0,1,HERMAND (RUE GEORGES),49.09585,1.43728,14,6,2
202100055460,102Â 716,B01,1,1,2,0,1,-1,-1,0,0,-1,2021,73.0,0,2,0,2,3,1,1,,3,ABBEVILLE (RUE D'),0,,2,2,0,1,(1),(1),1,, -1,1,0,1,50,10,1,1,80,80021,2,3,0,3,COMMUNE DE PARIS (AVENUE DE LA),49.9115,2.25402,16,2,2
202100044027,122Â 981,A01,1,1,1,1,2,8,-1,-1, -1,-1,2021,42.0,0,1,0,2,1,1,1,,4,MONDIAL 98 (AVENUE DU),0,,1,2,1,2,(1),(1),1,, -1,1,0,1,50,14,4,1,34,34172,2,1,0,3,MONDIAL 98 (AVENUE DU),43.60324,3.90528,7,2,2
202100005821,191Â 388,A01,1,1,1,0,6,2,-1,0,0,-1,2021,24.0,3,1,0,2,1,1,1,,4,,-1,,2,0,0,1,(1),(1),1,,0,2,0,1,50,23,11,5,35,35059,2,3,0,5,Rue de Rennes,48.175459,-1.729478,19,3,3
202100046482,118Â 697,A01,1,1,1,5,1,0,-1,-1,0,-1,2021,26.0,2,2,3,0,1,11,1,,2,RN 184,0,,3,4,0,1,12,0,1,, -1,1,0,1,110,26,3,1,95,95678,1,1,0,6,RN 184,49.0642631784,2.2138264282,11,1,1
202100047181,117Â 431,A01,1,1,1,0,0,-1,-1,0,0,-1,2021,51.0,2,2,0,0,9,17,1,,3,441,-1,,2,2,0,1,14,388,1,, -1,1,0,3,90,22,3,1,10,10299,1,1,0,7,route dÃ©partementale 441,48.535874,4.083867,15,1,1
202100020783,164Â 496,A01,1,1,2,1,1,-1,-1,0,0,-1,2021,20.0,2,2,0,2,5,12,1,,1,8,0,A,3,5,0,2,12,800,2,, -1,1,0,1,130,6,9,1,13,13016,1,1,0,6,A52 PK012.800 sens AUBAGNE-AIX EN PROVENCE,43.38433,5.604368,8,4,2