Num_Acc,id_vehicule,num_veh,place,catu,sexe,trajet,secu1,secu2,secu3,locp,actp,etatp,year_acc,victim_age,senc,catv,obs,obsm,choc,manv,motor,occutc,catr,voie,v1,v2,circ,nbv,vosp,prof,pr,pr1,plan,lartpc,larrout,surf,infra,situ,vma,jour,mois,lum,dep,com,agg_,int,atm,col,adr,lat,long,hour,nb_victim,nb_vehicules
202100022327,161Â 726,A01,2,2,1,5,1,-1,-1,0,0,-1,2021,20.0,2,2,13,0,7,13,1,,3,919,0,,2,2,0,1,16,800,1,, -1,1,0,3,80,27,8,1,67,67099,1,1,0,6,D919,48.955551,7.149138,18,2,1
202100022990,160Â 534,A01,10,3,1,5,0,-1,-1,6,1,1,2021,72.0,2,2,0,1,2,14,1,,3,42,-1,,2,2,0,1,5,657,1,, -1,1,0,3,80,23,8,1,62,62128,1,1,0,6,D42,50.310113,2.926454,10,2,1
202100031689,145Â 115,B01,1,1,1,5,2,6,-1,0,0,-1,2021,30.0,1,1,0,2,2,1,1,,3,38,0,,2,2,0,1,16,515,1,, -1,1,5,1,80,1,7,1,85,85035,1,3,0,6,174 Rue de la Grande Sauzaie,46.65374,-1.89503,18,3,3
202100018424,168Â 695,B01,1,1,1,0,8,0,-1,-1, -1,-1,2021,16.0,-1,1,0,2,1,1,1,,3,QUATRIEME ZOUAVES (RUE DU),0,,3,2,0,4,1,0,1,, -1,1,2,1,30,17,9,5,93,93064,2,1,0,3,QUATRIEME ZOUAVES (RUE DU),48.87304,2.48055,0,2,2
202100027342,152Â 847,B01,1,1,1,0,2,6,-1,-1, -1,-1,2021,60.0,2,1,1,2,8,2,1,,3,TRIEL AVENUE DE,0,,2,2,0,1,0,160,1,, -1,1,0,1,50,1,7,1,78,78643,2,3,0,3,TRIEL AVENUE DE,48.977306,1.983719,12,2,2
202100037734,134Â 219,A01,1,1,1,0,8,0,-1,-1, -1,-1,2021,18.0,3,1,0,0,0,0,0,,4,MANGO (CITE),0,,-1,1,0,1,(1),(1),1,, -1,1,0,1,50,28,5,1,973,97302,2,1,0,7,MANGO (CITE),4.9309192532,-52.3149572611,12,1,1
202100048543,114Â 983,A01,1,1,2,5,1,8,-1,-1, -1,-1,2021,74.0,2,2,14,0,3,13,1,,4,COSMAO-DUMANOIR ( BD ),0,,2,2,0,1,(1),(1),1,, -1,1,0,1,30,9,3,2,56,56121,2,1,0,6,COSMAO-DUMANOIR ( BD ),47.75331,-3.37225,7,1,1
202100033089,142Â 598,B01,1,1,1,5,2,6,-1,-1, -1,-1,2021,63.0,1,1,0,2,8,1,1,,2,PARIS (R DE),0,,2,4,0,1,1,0,1,, -1,1,0,1,50,21,6,1,94,94078,2,7,0,3,Rue de Paris,48.74631,2.44657,18,2,2
202100002752,196Â 848,A01,10,3,2,0,0,-1,-1,3,3,1,2021,18.0,1,2,0,1,1,1,1,,7,BENNETT (RUE GORDON),0,,3,4,0,1,(1),(1),1,, -1,1,0,1,50,6,12,4,63,63113,2,6,0,6,BENNETT (RUE GORDON),45.78898,3.08017,18,2,1
202100034348,140Â 338,B01,1,1,1,5,1,-1,-1,0,0,-1,2021,84.0,2,2,0,2,3,1,1,,3,158,-1,D,2,2,0,1,0,924,1,, -1,1,0,1,80,15,6,3,79,79171,1,1,0,1,,46.952503,-0.296931,23,2,2
202100034493,140Â 073,B01,1,1,1,1,2,6,-1,0,0,-1,2021,60.0,2,1,0,2,2,1,1,,3,,0,,2,2,0,1,(1),(1),1,,4,1,0,1,50,15,6,1,50,50639,1,3,0,3,Route de la Foulerie,48.850389,-1.220636,7,2,2
202100044702,121Â 809,A01,10,3,2,5,0,-1,-1,2,3,1,2021,78.0,1,2,0,1,2,9,1,,4,CANAC (CHEMIN DE ),0,,2,2,0,3,(1),(1),1,, -1,1,5,1,50,1,4,1,12,12176,2,4,0,6,CANAC (CHEMIN DE ),44.362707,2.587058,9,2,1
202100010353,183Â 200,A01,10,3,2,9,0,-1,-1,4,3,1,2021,22.0,1,1,0,1,1,1,1,,4,BOULEVARD RICHARD LENOIR,0,,1,2,0,1,(1),(1),1,, -1,2,0,1,30,29,10,1,75,75111,2,3,1,6,BOULEVARD RICHARD LENOIR,48.855484,2.381818,16,2,1
202100049201,113Â 813,B01,1,1,2,1,1,8,-1,-1, -1,-1,2021,58.0,2,2,0,2,5,1,1,,1,A7-Sens Marseille vers Lyon,0,,1,2,0,1,264,500,1,, -1,1,0,1,110,5,3,3,13,13071,1,1,0,3,A7-Sens Marseille vers Lyon,43.416209,5.276758,18,2,2
202100035093,138Â 968,A01,1,1,1,1,2,0,-1,-1, -1,-1,2021,46.0,1,1,0,2,1,17,1,,3,131,0,,2,4,0,1,0,0,1,, -1,1,0,1,50,11,6,1,92,92050,2,3,0,3,ARAGO FRANCOIS AVENUE,48.902186,2.226808,14,2,2
202100046004,119Â 524,A01,1,1,1,5,1,-1,-1,0,0,-1,2021,23.0,1,2,1,0,1,1,1,,3,384,-1,A,2,2,0,2,1,700,1,, -1,1,0,4,70,30,3,4,52,52327,2,1,0,6,route dÃ©partementale 384A,48.617658,4.892789,22,1,1
202100025968,155Â 263,Z01,10,3,2,5,0,-1,-1,5,1,2,2021,15.0,3,2,0,1,3,25,0,,4,EPINAY (RUE D' ),0,,2,2,0,1,(1),(1),1,, -1,1,0,4,50,1,8,1,95,95018,2,1,0,6,EPINAY (RUE D' ),48.9551838769,2.2891178727,21,4,1
202100056235,101Â 375,B01,1,1,2,9,0,-1,-1,-1, -1,-1,2021,34.0,1,1,0,0,8,1,3,,4,,0,,2,2,0,1,(1),(1),1,, -1,1,0,1,50,4,1,1,69,69383,2,1,0,7,Rue Baraban,45.7597592289,4.8679511094,9,1,1
202100010285,183Â 323,B01,1,1,1,0,2,-1,-1,-1, -1,-1,2021,68.0,1,1,0,2,7,9,1,,4,FRANKLIN ROOSEVELT                  (AV),0,,1,2,0,1,(1),(1),2,, -1,1,9,1,50,28,10,5,69,69029,2,6,0,3,FRANKLIN ROOSEVELT (AV),45.73473,4.90526,18,2,2
202100027511,152Â 551,B01,1,1,1,0,2,0,-1,-1, -1,-1,2021,75.0,2,1,0,2,1,2,1,,4,CAWELL (AVENUE EDITH),0,,1,1,0,1,0,0,1,, -1,1,0,1,50,22,7,1,83,83069,2,1,0,2,CAWELL (AVENUE EDITH),43.11034,6.1256,14,2,2
202100052150,108Â 496,B01,2,2,1,4,2,6,-1,-1, -1,-1,2021,19.0,2,1,0,2,1,1,1,,3,RASPAIL AVENUE,0,,2,2,0,1,1,0,1,, -1,2,5,1,50,7,2,5,93,93006,2,2,1,1,RASPAIL AVENUE,48.8735532657,2.4336591776,19,3,2
202100003683,195Â 170,B01,1,1,2,0,1,0,-1,0,0,-1,2021,67.0,3,2,0,2,1,0,1,,4,CREST ROUTE DE,0,,2,2,0,1,(1),(1),1,, -1,1,0,1,50,9,12,2,26,26362,2,1,0,4,CREST ROUTE DE,44.91299,4.91403,8,4,4
202100044340,122Â 412,A01,10,3,1,5,0,-1,-1,6,9,1,2021,65.0,3,4,0,1,5,17,1,,5,,0,,-1,2,0,1,(1),(1),1,, -1,1,0,3,30,12,4,1,45,45315,1,1,0,6,Route de la levÃ©e de la Loire,47.770671,2.395127,9,2,1
202100020757,164Â 532,B01,1,1,1,5,2,6,-1,0,0,-1,2021,16.0,1,1,0,2,4,1,1,,3,933,-1,,3,2,0,1,8,320,1,, -1,1,0,1,70,5,9,1,71,71332,1,2,0,2,D933,46.6346858373,4.9851378723,16,2,2
202100046997,117Â 774,A01,1,1,1,4,1,-1,-1,0,0,-1,2021,37.0,2,2,4,0,2,17,1,,1,A13,-1,,1,1,0,1,113,300,1,, -1,1,3,1,110,23,3,1,76,76484,1,1,0,7,Autoroute A13 pk 113.000,49.342936,1.060095,17,1,1
202100000447,200Â 906,A01,1,1,2,5,1,-1,-1,0,0,-1,2021,82.0,1,2,13,0,8,5,1,,3,921,0,,2,2,0,1,14,80,2,, -1,1,0,1,80,14,9,1,73,73330,1,1,0,6,RD 921,45.7397942175,5.7804527879,13,1,1
202100008726,186Â 135,A01,1,1,1,1,2,0,-1,-1, -1,-1,2021,42.0,0,0,14,0,0,1,3,,4,RABLAIS (RUE DE LA),0,,2,3,2,1,(1),(1),1,, -1,1,0,1,50,8,11,1,35,35281,1,1,0,2,RABLAIS (RUE DE LA),48.085796,-1.701817,8,2,2
202100019349,167Â 046,A01,1,1,2,5,1,0,-1,-1, -1,-1,2021,19.0,2,2,0,2,1,13,1,,3,ROCHEFORT (DE)  (AVENUE),0,,2,2,0,1,38,832,1,, -1,1,0,1,50,12,9,3,17,17306,2,1,0,1,ROCHEFORT (DE)  (AVENUE),45.649115,-1.024431,6,2,2
202100025157,156Â 686,A01,1,1,2,9,1,0,-1,-1, -1,-1,2021,29.0,0,2,4,2,2,18,1,,2,"CHARLES DE GAULLE (AVENUE, NÂ°27 A 129)",0,,1,3,0,1,0,0,1,, -1,1,8,1,50,7,8,5,92,92051,2,1,0,3,"CHARLES DE GAULLE (AVENUE, NÂ°27 A 129)",48.886034,2.256183,21,2,2
202100030208,147Â 772,B01,1,1,1,9,2,8,-1,-1, -1,-1,2021,52.0,1,1,0,2,7,26,1,,4,LIEUTAUD (COURS)      2 A 52,0,,2,2,0,1,0,0,1,, -1,1,0,1,50,6,7,1,13,13201,2,3,0,3,LIEUTAUD (COURS)      2 A 52,43.29508,5.38179,10,2,2
202100033451,141Â 977,A01,1,1,1,5,2,6,-1,0,0,-1,2021,55.0,2,1,0,2,1,1,1,,4,SO,0,,2,2,0,1,(1),(1),3,, -1,2,0,1,80,19,6,1,28,28012,1,1,1,1,Lieu Dit Beauvoir,48.130193,1.210642,17,2,2
202100048202,115Â 595,A01,1,1,1,5,2,6,9,0,0,-1,2021,28.0,1,1,0,2,1,1,1,,3,8,0,D,2,2,0,2,5,200,4,, -1,1,0,1,80,13,3,1,83,83035,1,1,0,1,Dn8,43.244843,5.794644,17,2,2
202100016205,172Â 671,B01,4,2,2,0,1,0,-1,-1, -1,-1,2021,2.0,1,2,0,2,4,2,1,,3,MAUPASSANT (Rue Guy de),0,,2,2,0,1,1,0,1,, -1,1,0,1,50,28,9,1,22,22215,1,1,0,2,MAUPASSANT (Rue Guy de),48.49675,-2.76873,8,4,2
202100036796,135Â 936,B01,1,1,1,0,8,0,-1,-1, -1,-1,2021,20.0,1,1,0,2,7,0,1,,4,ROI RENE BOULEVARD,0,,-1,2,0,1,1,0,1,, -1,1,0,1,50,31,5,1,49,49007,2,1,0,3,ROI RENE BOULEVARD,47.46696,-0.5546,17,2,2
202100032073,144Â 419,A01,10,3,1,5,0,-1,-1,3,3,1,2021,18.0,2,2,0,1,2,18,1,,4,PRESIDENT MITTERAND(AVENUE),0,,3,2,0,1,0,0,3,, -1,1,0,1,50,26,6,5,974,97416,2,1,0,6,PRESIDENT MITTERAND(AVENUE),-21.3464,55.4863,18,2,1
202100031408,145Â 609,A01,1,1,1,1,2,6,-1,-1,0,-1,2021,22.0,1,1,0,2,3,9,1,,1,AUTOROUTE A15,0,,3,6,0,1,22,399,1,, -1,1,0,1,90,2,7,1,95,95572,1,1,0,3,A15,49.03401,2.10276,17,2,2
202100041960,126Â 618,B01,1,1,1,0,2,0,-1,-1, -1,-1,2021,38.0,3,1,0,2,2,2,1,,4,,0,,1,1,0,1,1,0,2,, -1,1,0,1,50,30,4,2,92,92025,2,9,0,2,COLBERT  115 A 131   104 A 124 (RUE),48.9153400709,2.2329504043,21,2,2
202100031654,145Â 174,B01,9,2,2,5,1,-1,-1,0,0,-1,2021,17.0,2,2,0,2,8,2,1,,3,34,0,D,2,2,0,2,66,800,1,, -1,1,0,1,80,24,6,1,58,58151,1,1,0,1,D34,46.905216,3.471122,14,4,2
202100041180,127Â 990,A01,10,3,1,5,0,-1,-1,0,0,-1,2021,46.0,2,2,0,1,0,1,1,,2,165,-1,,3,4,0,1,23,650,4,, -1,1,0,1,110,7,5,3,56,56143,1,1,0,6,N165 sens Brest/Nantes,47.573225,-2.520332,4,2,1
202100038554,132Â 729,A01,1,1,1,5,2,6,9,0,0,-1,2021,69.0,1,1,0,0,1,14,1,,3,316,0,,2,2,0,1,2,850,3,, -1,1,0,1,80,5,5,1,40,40171,1,1,0,7,D316,44.407313,-0.630834,15,1,1
202100034297,140Â 435,A01,1,1,1,9,2,8,-1,-1, -1,-1,2021,27.0,2,1,0,2,1,17,1,,4,PONT DE VIVAUX (BOULEVARD),0,,2,2,0,1,(1),(1),1,, -1,1,0,1,50,23,2,5,13,13210,2,1,0,3,PONT DE VIVAUX (BOULEVARD),43.280949,5.422103,7,2,2
202100042235,126Â 132,A01,1,1,1,0,2,0,-1,-1, -1,-1,2021,23.0,1,1,12,0,1,13,0,,3,13,0,,2,2,0,2,1,0,1,, -1,1,0,1,50,27,4,5,92,92025,2,1,0,6,VALMY (BD DE),48.9256348332,2.2528934083,23,1,1
202100015057,174Â 793,A01,10,3,1,5,0,-1,-1,2,3,1,2021,33.0,3,2,0,1,2,1,2,,4,DE GAULLE (AVENUE DU GENERAL),0,,2,2,0,1,(1),(1),1,, -1,1,0,1,50,4,10,1,37,37261,2,1,0,6,DE GAULLE (AVENUE DU GENERAL),47.3810792016,0.7007918888,10,2,1
202100022384,161Â 637,B01,1,1,1,5,1,-1,-1,0,0,-1,2021,74.0,1,2,0,0,3,1,1,,3,164,0,D,2,2,0,1,24,50,1,, -1,1,0,1,80,27,8,1,44,44205,1,2,0,1,La Marchanderie,47.438103,-1.465795,10,2,2
202100021096,163Â 947,A01,10,3,2,5,0,-1,-1,4,3,1,2021,71.0,1,1,0,1,1,7,5,,4,BOULEVARD DE MAGENTA,0,,2,4,3,1,(1),(1),1,, -1,1,0,6,30,3,9,1,75,75110,2,4,0,6,BOULEVARD DE MAGENTA,48.869019,2.362529,18,2,1
202100026062,155Â 100,B01,1,1,1,5,1,-1,-1,0,0,-1,2021,44.0,2,2,13,0,3,21,1,,3,975,0,,2,2,0,3,40,50,1,, -1,1,0,3,80,30,7,1,36,36165,1,2,0,6,la boudiniÃ¨re,46.702673,1.038637,9,6,2
202100005763,191Â 498,B01,1,1,1,0,2,6,-1,-1, -1,-1,2021,31.0,0,1,0,2,1,1,1,,4,GASTON RAMON (BOULEVARD),0,,2,2,0,1,0,0,1,, -1,1,0,1,50,28,11,5,13,13209,2,1,0,2,GASTON RAMON (BOULEVARD),43.2669929298,5.3962571254,18,2,2
202100019089,167Â 522,A01,3,2,1,5,1,-1,-1,0,0,-1,2021,13.0,2,2,6,0,2,1,1,,3,531,-1,,2,2,0,1,(1),(1),2,, -1,1,0,3,70,15,9,1,38,38548,1,1,0,6,435 Route des Geymonds,45.083328,5.553696,15,2,1
202100027090,153Â 294,B01,1,1,1,5,8,0,-1,0,0,-1,2021,28.0,1,1,0,2,0,9,5,,4,RUE FROMENT,0,,1,2,2,1,(1),(1),1,, -1,2,0,5,30,25,7,1,75,75111,2,2,1,7,RUE FROMENT,48.857194,2.372811,14,2,2
202100018728,168Â 163,B01,1,1,1,9,2,6,-1,-1, -1,-1,2021,43.0,1,1,0,2,6,1,1,,2,JAURES (BOULEVARD JEAN),0,,3,0,0,1,(1),(1),1,, -1,1,0,1,70,15,9,1,974,97411,2,1,0,3,JAURES (BOULEVARD JEAN),-20.90055,55.49572,15,3,2
202100015879,173Â 294,B01,1,1,1,0,2,0,-1,-1, -1,-1,2021,26.0,1,1,0,2,1,2,1,,3,VOIE DE LA VALLEE DE LA BIEVRE,0,,2,3,0,1,0,0,1,, -1,1,0,1,50,30,9,1,91,91645,2,1,0,3,VOIE DE LA VALLEE DE LA BIEVRE,48.737893,2.255556,16,2,2
202100048077,115Â 810,A01,2,2,1,5,1,-1,-1,0,0,-1,2021,74.0,1,2,13,0,2,1,1,,2,106,0,,2,2,0,1,15,400,2,, -1,1,0,3,80,14,3,1,48,48178,1,1,0,6,N106,44.272062,3.851695,16,2,1
202100055786,102Â 149,A01,1,1,1,0,2,0,-1,0,0,-1,2021,57.0,1,1,0,2,0,26,1,,7,,0,,1,2,0,1,(1),(1),1,, -1,1,0,1,30,8,1,1,54,54395,2,2,0,4,MON DESERT (RUE),48.6845008996,6.1787205935,12,3,3
202100001307,199Â 428,A01,10,3,2,5,0,-1,-1,6,3,2,2021,72.0,1,5,0,1,2,1,1,,9,A,-1,,1,1,0,1,(1),(1),1,, -1,1,6,1,20,6,12,1,68,68269,2,1,0,6,18 grand'rue,48.193744,7.322761,11,2,1
202100001978,198Â 264,A01,1,1,1,1,2,-1,-1,-1, -1,-1,2021,19.0,2,1,0,2,1,11,1,,1,ROCADE A 630,0,,3,6,0,1,31,110,1,, -1,1,0,1,90,21,12,5,33,33550,1,1,0,2,ROCADE A 630,44.777913,-0.557907,21,2,2
202100010712,182Â 578,A01,1,1,1,5,2,6,-1,-1, -1,-1,2021,27.0,1,1,11,0,1,17,1,,4,,0,,2,2,0,1,(1),(1),1,, -1,1,0,1,50,22,10,5,36,36202,2,1,0,6,230 Avenue de Tours,46.82085,1.66589,20,1,1
202100017979,169Â 489,A01,10,3,1,2,0,-1,-1,3,3,1,2021,13.0,1,2,0,1,1,1,1,,4,SAINT MARC (LIEU DIT),0,,2,2,0,1,0,0,1,, -1,1,9,1,30,14,9,1,22,22113,2,9,0,6,SAINT MARC (LIEU DIT),48.7338765966,-3.4422767339,16,2,1
202100053347,106Â 363,A01,1,1,1,9,2,6,-1,0,0,-1,2021,34.0,1,1,0,2,8,1,1,,4,BOULEVARD D INDOCHINE,0,,2,4,0,2,(1),(1),1,, -1,2,0,1,50,28,1,1,75,75119,2,2,0,3,BOULEVARD D INDOCHINE,48.883654,2.396974,15,2,2
202100037377,134Â 861,B01,1,1,1,5,2,6,-1,0,0,-1,2021,56.0,2,1,0,2,8,1,1,,3,9,-1,,2,2,0,2,10,750,2,, -1,1,0,1,80,1,6,1,74,74128,1,3,1,3,Rte des Vallees,46.153713,6.344165,7,2,2
202100042579,125Â 514,B01,1,1,1,1,1,5,-1,-1, -1,-1,2021,47.0,3,5,0,2,4,9,1,,4,RUE DU JUBILE,0,,1,3,0,1,0,0,1,, -1,1,9,1,70,24,4,1,91,91339,1,1,0,3,RUE DU JUBILE,48.61701,2.25701,6,2,2
202100033503,141Â 895,A01,10,3,2,2,0,-1,-1,1,4,1,2021,12.0,3,1,0,1,1,1,5,,4,,0,,2,1,0,1,(1),(1),1,,3,1,0,1,50,18,6,1,31,31291,2,1,0,6,Avenue Carreli,43.606313,1.231155,17,2,1
202100022790,160Â 868,B01,1,1,1,0,2,0,-1,-1, -1,-1,2021,34.0,3,1,0,2,2,17,1,,4,MISTRAL AVENUE FREDERIC,0,,2,2,0,1,0,0,1,, -1,1,0,1,50,20,8,1,84,84031,2,1,0,3,MISTRAL AVENUE FREDERIC,44.04901,5.0364,16,2,2
202100030026,148Â 119,A01,1,1,2,9,2,6,-1,0,0,-1,2021,52.0,1,1,0,2,8,1,1,,4,AVENUE DES CHAMPS ELYSEES,0,,2,8,0,1,(1),(1),1,, -1,8,0,1,50,7,7,1,75,75108,2,7,1,7,AVENUE DES CHAMPS ELYSEES,48.868919,2.31033,19,1,1
202100040062,129Â 987,B01,1,1,1,9,1,0,-1,-1, -1,-1,2021,70.0,3,5,0,2,3,9,0,,7,Cabane Noire (Route de la),0,,1,2,0,1,6,500,1,, -1,1,0,1,50,12,5,1,13,13047,1,9,0,3,Cabane Noire (Route de la),43.48217,4.9819,16,2,2
202100042922,124Â 947,A01,2,2,1,0,1,0,-1,-1, -1,-1,2021,55.0,2,2,0,2,3,23,1,,4,AV PASTEUR,0,,2,3,1,1,1,0,1,, -1,1,5,1,50,23,4,1,94,94016,2,1,0,3,Avenue Pasteur,48.78669,2.32355,9,3,2
202100013405,177Â 770,A01,1,1,1,0,2,0,-1,-1, -1,-1,2021,27.0,1,1,0,2,1,1,1,,3,JEAN LOLIVE (AVENUE)(137/FIN ET 134/FIN),0,,2,2,1,1,0,0,1,, -1,1,0,1,50,13,10,2,93,93055,2,1,0,3,JEAN LOLIVE (AVENUE)(137/FIN ET 134/FIN),48.8944582801,2.4193766713,18,2,2
202100050011,112Â 351,B01,1,1,2,9,2,0,-1,-1, -1,-1,2021,49.0,2,1,0,2,1,25,5,,4,LOUISE DARRACQ (AVENUE),0,,1,1,0,1,0,0,1,, -1,1,0,4,50,26,2,1,64,64102,2,1,0,3,LOUISE DARRACQ (AVENUE),43.49417,-1.48168,10,2,2
202100038902,132Â 094,A01,1,1,1,0,2,0,-1,-1, -1,-1,2021,29.0,3,1,0,2,8,9,1,,1,JACQUES DAGUERRE                    (R ),0,,-1,5,0,1,43,700,1,, -1,1,0,1,50,20,5,1,69,69290,2,6,0,3,HEYRIEUX (D') (RTE),45.6809889976,4.9596619606,13,2,2
202100033071,142Â 628,A01,1,1,1,5,2,6,-1,0,0,-1,2021,28.0,1,1,0,2,8,1,1,,4,RUE JULIA BARTET,0,,2,3,0,1,(1),(1),1,, -1,1,1,1,50,21,6,1,75,75114,2,4,0,3,RUE JULIA BARTET,48.825438,2.302346,17,3,2
202100012994,178Â 517,B01,1,1,2,1,0,-1,-1,0,0,-1,2021,23.0,3,1,0,2,1,23,5,,4,,-1,,2,2,0,1,(1),(1),1,,5,1,0,3,80,15,10,1,14,14758,1,1,1,1,rue de cambes,49.240098,-0.40084,9,2,2
202100030682,146Â 911,B01,1,1,2,1,1,4,-1,-1,0,-1,2021,58.0,1,2,4,2,1,1,1,,2,RN 104,0,,3,4,0,1,12,399,2,, -1,2,0,1,110,5,7,1,95,95682,1,1,1,2,RN 104,49.06827,2.38573,8,2,2
202100033197,142Â 424,A01,1,1,1,1,8,0,-1,-1, -1,-1,2021,34.0,1,2,0,2,6,2,1,,7,ALBI (RTE D) DU 1AU 243,0,,2,2,1,1,2,966,1,, -1,1,0,1,50,19,6,1,31,31555,2,1,0,4,ALBI (RTE D) DU 1AU 243,43.63934,1.46588,9,4,4
202100026884,153Â 663,B01,2,2,2,5,2,-1,-1,0,0,-1,2021,50.0,1,1,0,2,1,1,1,,3,62,0,D,2,2,0,1,0,410,2,, -1,2,0,1,70,26,7,1,66,66189,1,1,0,1,D62,42.6544196893,2.9287026823,18,3,2
202100033969,141Â 046,B01,1,1,1,1,2,6,-1,0,0,-1,2021,48.0,1,1,0,2,1,1,1,,4,,-1,,2,2,0,1,(1),(1),1,,4,1,0,1,30,15,6,2,33,33003,2,3,0,3,Avenue LÃ©on Blum,44.932331,-0.48007,20,2,2
202100051301,109Â 976,B01,1,1,1,5,8,0,-1,-1, -1,-1,2021,14.0,2,1,0,2,8,1,5,,4,Corniche John FitzgÃ©rald Kennedy,0,,2,2,0,1,0,0,1,, -1,1,0,1,30,15,2,1,13,13207,2,1,0,6,Corniche John FitzgÃ©rald Kennedy,43.276844081,5.3572879896,13,2,2
202100005365,192Â 195,B01,1,1,1,1,2,6,-1,0,0,-1,2021,65.0,1,1,1,2,1,1,1,,4,CLEMENCEAU (RUE GEORGES),0,,2,2,0,1,(1),(1),1,, -1,1,0,1,50,30,11,1,6,6029,2,1,0,3,CLEMENCEAU (RUE GEORGES),43.549926,7.008266,10,2,2
202100028971,149Â 944,A01,1,1,2,0,1,0,-1,-1, -1,-1,2021,31.0,1,2,0,2,2,1,1,,4,VILLEMONTAIS (RUE DE ),0,,2,2,0,1,(1),(1),1,, -1,1,0,1,50,13,7,1,42,42187,2,4,0,3,Rue de Villemontais,46.0262251768,4.061295495,10,4,2
202100024513,157Â 843,B01,1,1,1,0,1,0,-1,0,0,-1,2021,22.0,1,2,0,2,3,1,1,,4,LAMARTINE (RUE),0,,1,1,0,1,(1),(1),1,, -1,1,0,1,50,11,8,1,63,63063,2,2,0,3,LAMARTINE (RUE),45.83316,3.10048,19,4,2
202100018804,168Â 032,A01,1,1,2,1,2,0,-1,0,0,-1,2021,37.0,2,1,0,2,8,15,5,,4,BOULEVARD VOLTAIRE,0,,2,4,0,1,(1),(1),1,, -1,2,0,1,30,15,9,1,75,75111,2,2,1,3,BOULEVARD VOLTAIRE,48.865168,2.367759,8,2,2
202100047228,117Â 342,A01,1,1,1,5,2,6,-1,0,0,-1,2021,34.0,1,1,0,2,1,1,1,,4,MASSON PAUL (DE 1 A 9 ET 2 A 10),0,,1,1,0,1,(1),(1),1,, -1,1,0,1,50,19,3,1,29,29019,2,5,0,3,,48.398172,-4.482,19,2,2
202100045440,120Â 512,B01,1,1,2,0,0,0,-1,-1, -1,-1,2021,48.0,2,1,0,2,1,1,5,,3,MARECHAL DE LATTRE DE TASSIGNY (AV),0,,1,2,1,2,0,375,1,, -1,1,0,5,30,2,4,1,94,94069,2,9,0,3,MARECHAL DE LATTRE DE TASSIGNY (AV),48.81994,2.42024,16,2,2
202100011753,180Â 707,A01,10,3,1,2,0,-1,-1,2,3,-1,2021,4.0,0,2,0,1,1,1,1,,4,COMMERCE (RUE DU),0,,2,2,0,1,(1),(1),1,, -1,1,0,1,50,21,10,1,86,86194,2,1,0,6,Rue du Commerce,46.566184,0.350389,16,2,1
202100022323,161Â 733,B01,1,1,1,0,0,-1,-1,0,0,-1,2021,65.0,3,1,0,0,2,26,5,,3,RD468,-1,,2,2,1,1,109,(1),3,, -1,1,5,1,30,27,8,1,67,67194,2,6,0,3,Rue de Drusenheim,48.731076,7.907549,16,2,2
202100011481,181Â 204,B01,1,1,1,5,2,6,9,0,0,-1,2021,43.0,2,1,0,2,2,17,1,,3,950,0,D,2,2,0,1,18,1044,1,, -1,1,0,1,80,24,10,1,17,17288,1,3,0,3,D950,45.94877,-0.462981,15,3,2
202100039393,131Â 183,B01,1,1,1,0,2,0,-1,-1, -1,-1,2021,39.0,1,1,0,2,8,1,1,,1,A13,0,,-1,2,0,2,24,299,1,, -1,2,0,1,110,19,5,1,78,78498,1,1,0,3,A13,48.916844,2.005571,16,2,2
202100050347,111Â 708,A01,2,2,1,5,1,0,-1,-1, -1,-1,2021,18.0,2,2,0,2,1,1,1,,2,,0,,2,4,0,3,48,448,1,, -1,1,0,1,50,23,2,1,15,15014,2,2,0,3,Boulevard de Verdun,44.9122,2.43688,17,3,2
202100049950,112Â 464,A01,1,1,1,5,2,-1,-1,0,0,-1,2021,20.0,1,1,14,0,1,1,1,,3,36,0,,2,2,0,1,24,300,1,, -1,1,0,1,70,28,2,1,38,38048,1,1,0,6,D36,45.600377,5.125079,16,1,1
202100029831,148Â 467,A01,10,3,1,4,0,-1,-1,5,9,1,2021,65.0,3,4,9,1,2,1,1,,4,RUE D HAUTEVILLE,0,,1,1,0,1,(1),(1),1,, -1,1,0,4,30,9,7,1,75,75110,2,2,0,6,RUE D HAUTEVILLE,48.873824,2.350516,10,2,1
202100055587,102Â 498,B01,1,1,2,0,1,-1,-1,0,0,-1,2021,28.0,2,2,0,2,3,1,1,,4,Lieu-dit Brouhel,-1,,2,2,0,2,(1),(1),3,, -1,1,0,1,80,11,1,1,29,29014,1,1,0,1,Lieu-dit Brouhel,48.496253,-3.639232,16,3,2
202100025205,156Â 610,A01,1,1,1,5,2,-1,-1,0,0,-1,2021,37.0,3,1,16,0,0,1,1,,3,,-1,,2,2,0,1,(1),(1),1,,4,1,0,1,80,8,8,1,24,24147,1,1,0,7,Roubeyrac,45.23077,0.996225,7,1,1
202100013495,177Â 610,A01,10,3,1,5,8,-1,-1,3,3,1,2021,81.0,1,2,0,1,2,16,1,,3,RTE DE MANDRES,0,,2,2,0,1,35,555,1,, -1,1,0,1,30,13,10,1,77,77053,2,6,1,1,D216,48.692182,2.600918,17,2,1
202100055534,102Â 584,A01,1,1,1,1,8,0,-1,0,0,-1,2021,48.0,1,1,9,0,1,19,5,,4,RUE ARSENE HOUSSAYE,0,,1,1,0,1,(1),(1),1,, -1,1,0,1,50,11,1,2,75,75108,2,1,0,6,RUE ARSENE HOUSSAYE,48.874793,2.299932,8,1,1