Num_Acc,id_vehicule,num_veh,place,catu,sexe,trajet,secu1,secu2,secu3,locp,actp,etatp,year_acc,victim_age,senc,catv,obs,obsm,choc,manv,motor,occutc,catr,voie,v1,v2,circ,nbv,vosp,prof,pr,pr1,plan,lartpc,larrout,surf,infra,situ,vma,jour,mois,lum,dep,com,agg_,int,atm,col,adr,lat,long,hour,nb_victim,nb_vehicules
202100011895,180Â 463,A01,1,1,2,0,1,-1,-1,0,0,-1,2021,26.0,1,2,0,2,2,0,1,,3,5,0,D,2,2,0,1,31,150,1,, -1,1,0,1,80,20,10,3,51,51248,1,1,0,1,D5,48.7580323004,3.9991557353,6,2,2
202100026188,154Â 884,B01,2,2,2,5,1,-1,-1,0,0,-1,2021,75.0,2,2,0,2,7,1,2,,3,102,0,D,2,2,0,1,20,468,1,,"5,6",2,0,1,80,26,7,1,79,79126,1,2,1,3,,46.178048,-0.366454,10,3,2
202100044470,122Â 204,A01,2,2,1,5,8,0,-1,-1, -1,-1,2021,35.0,0,1,0,2,1,17,1,,4,CAPITAINE GEZE (BOULEVARD),0,,-1,4,0,1,(1),(1),1,, -1,1,0,1,50,7,4,1,13,13214,2,1,0,3,CAPITAINE GEZE (BOULEVARD),43.330395,5.370593,17,3,2
202100022741,160Â 949,A01,1,1,2,5,2,6,-1,0,0,-1,2021,23.0,2,1,0,2,1,2,1,,3,LIBERATION ( BD DE LA ),0,,1,2,0,1,69,730,1,, -1,1,0,1,50,21,8,1,5,5061,2,1,0,6,LIBERATION ( BD DE LA ),44.56025,6.07669,20,3,3
202100043083,124Â 665,A01,10,3,1,5,0,-1,-1,3,3,2,2021,58.0,1,2,0,1,1,9,1,,3,21,0,D,2,2,0,1,14,900,1,, -1,1,6,1,50,30,3,1,51,51388,2,1,0,7,Rue du GÃ©nÃ©ral Gouraud,49.136474,4.365048,17,2,1
202100037179,135Â 229,B01,1,1,1,0,2,0,-1,-1, -1,-1,2021,16.0,1,1,0,0,0,0,0,,3,32,0,,2,2,0,1,0,100,1,, -1,1,0,1,30,4,5,1,91,91191,2,1,0,3,Jean Jaures (Avenue),48.71513,2.45943,18,2,2
202100004648,193Â 462,A01,1,1,1,5,2,-1,-1,-1, -1,-1,2021,56.0,2,1,0,0,0,1,-1,,3,,-1,,2,-1,-1,1,4,525,1,, -1,1,0,1,50,1,11,1,33,33256,2,1,0,7,,44.971951,-0.609735,12,1,1
202100049226,113Â 763,A01,10,3,1,5,0,-1,-1,2,3,1,2021,43.0,2,4,0,1,5,1,1,,3,20,0,,3,6,0,1,0,0,1,, -1,1,0,1,70,3,3,1,91,91425,2,1,0,6,RTE D ORLEANS RN 20,48.64483,2.26998,12,2,1
202100018294,168Â 923,A01,2,2,2,0,2,8,-1,-1, -1,-1,2021,42.0,1,1,0,2,7,3,1,,3,MADELEINE (ROUTE DE LA),0,,2,2,0,1,1,500,1,, -1,1,0,1,50,17,9,1,973,97302,2,1,0,3,MADELEINE (ROUTE DE LA),4.9279886429,-52.3250906468,7,3,2
202100048913,114Â 328,A01,1,1,1,5,1,-1,-1,-1, -1,-1,2021,26.0,1,2,2,0,1,14,1,,1,A7   10.992 A 13.970,0,,3,6,0,1,11,925,1,, -1,2,0,3,110,7,3,2,69,69296,1,1,1,7,A7,45.65306,4.83745,7,2,1
202100050551,111Â 328,A01,1,1,2,1,1,0,-1,-1, -1,-1,2021,26.0,2,2,0,2,6,1,1,,2,RN104,0,,-1,4,0,1,11,300,1,, -1,2,0,1,110,22,2,1,77,77249,1,1,1,3,RN104,48.7368615789,2.6124278647,7,2,2
202100054576,104Â 222,B01,1,1,2,0,1,0,-1,0,0,-1,2021,72.0,1,2,0,2,4,2,2,,7,2009,0,,3,4,0,1,(1),(1),1,, -1,1,0,1,50,16,1,1,63,63113,2,1,0,2,BRUGIERE (BD AMBROISE),45.78948,3.11808,13,2,2
202100038400,132Â 998,A01,1,1,1,4,2,6,-1,0,0,-1,2021,28.0,2,1,0,2,8,10,1,,4,AVENUE DE LA REPUBLIQUE,0,,2,4,1,1,(1),(1),1,, -1,1,0,6,50,25,5,1,75,75111,2,4,0,3,AVENUE DE LA REPUBLIQUE,48.866504,2.367999,19,2,2
202100024032,158Â 688,A01,1,1,1,0,2,0,-1,-1, -1,-1,2021,19.0,2,1,0,2,1,1,5,,3,FONTAINEBLEAU (AV DE),0,,2,5,1,1,0,0,1,, -1,1,0,1,50,15,8,1,94,94043,2,3,0,3,FONTAINEBLEAU (AV DE),48.81351,2.36143,17,2,2
202100051497,109Â 655,A01,2,2,2,5,1,-1,-1,0,0,-1,2021,69.0,1,2,6,0,2,1,1,,3,10,-1,,2,2,0,1,(1),(1),1,, -1,2,0,8,50,15,2,1,59,59086,2,1,1,6,Rue de la Gare,50.81034,2.67936,12,2,1
202100031622,145Â 230,A01,1,1,1,1,2,0,-1,-1, -1,-1,2021,20.0,1,1,0,2,1,1,1,,4,,0,,1,2,0,1,0,0,1,, -1,1,0,1,50,30,6,1,92,92044,2,2,0,3,ARISTIDE BRIAND(RUE)51A83  54A96,48.8929447306,2.2895842418,13,2,2
202100011173,181Â 758,B01,1,1,1,5,2,6,-1,0,0,-1,2021,46.0,1,1,0,2,8,1,5,,3,49,0,D,2,2,0,1,0,0,1,, -1,1,0,1,70,26,10,1,38,38236,1,4,0,3,Rue du Bourg,45.424201,5.705091,9,2,2
202100043739,123Â 504,B01,1,1,1,0,2,0,-1,-1, -1,-1,2021,20.0,1,1,0,2,8,0,1,,3,ROUTE DEPARTEMENTALE 15,0,,2,2,0,1,2,99,1,, -1,1,0,1,70,14,4,5,972,97213,1,1,0,3,ROUTE DEPARTEMENTALE 15,14.62706,-61.00837,22,2,2
202100026312,154Â 659,B01,1,1,1,4,8,0,-1,-1, -1,-1,2021,46.0,1,5,0,2,6,24,0,,7,RAMELET MOUNDI (CH DE),0,,2,1,0,1,33,481,1,, -1,1,0,1,50,30,7,1,31,31557,2,9,0,2,RAMELET MOUNDI (CH DE),43.5816,1.36776,14,2,2
202100019549,166Â 690,A01,1,1,1,0,8,-1,-1,0,0,-1,2021,24.0,2,2,8,0,0,1,1,,2,20,0,T,2,2,0,1,(1),(1),2,, -1,1,0,3,80,12,9,1,201,201323,1,1,0,6,RT20 Zone artisanale de la gravona,42.018621,8.891534,9,1,1
202100035930,137Â 464,A01,1,1,1,5,8,0,-1,-1, -1,-1,2021,25.0,2,2,0,2,3,5,1,,4,GRANDE ARMEE (RUE DE LA),0,,1,2,0,2,0,0,1,, -1,1,0,1,50,6,6,5,13,13201,2,9,0,3,GRANDE ARMEE (RUE DE LA),43.3,5.38,22,2,2
202100053980,105Â 262,A01,1,1,1,4,2,8,-1,-1, -1,-1,2021,39.0,1,1,0,0,0,1,1,,4,VOLTAIRE ( BD ),0,,2,2,0,1,0,0,1,, -1,1,0,1,50,23,1,1,92,92004,2,1,0,7,VOLTAIRE ( BD ),48.9167181786,2.2884821892,13,1,1
202100028754,150Â 324,A01,2,2,2,5,2,6,-1,0,0,-1,2021,26.0,2,1,0,2,7,2,1,,1,8,-1,,3,4,0,2,194,0,3,, -1,1,0,1,90,17,7,1,6,6088,1,1,0,6,A8 PK 194+000 NORD,43.7223325283,7.2226953506,9,3,2
202100050704,111Â 059,A01,1,1,1,5,2,9,-1,0,0,-1,2021,17.0,2,1,0,2,1,17,1,,3,91,0,,2,2,0,1,15,468,1,, -1,1,0,1,80,21,2,1,78,78548,1,2,0,3,route dÃ©partementale 91,48.713087,2.001901,17,2,2
202100036664,136Â 176,A01,10,3,2,9,0,-1,-1,9,2,1,2021,51.0,2,2,0,1,5,26,1,,4,GENERAL GALLIENI (RUE DU),0,,1,0,3,1,1,0,1,, -1,1,6,1,20,2,6,1,93,93048,2,1,0,6,GENERAL GALLIENI (RUE DU),48.85954,2.44039,15,2,1
202100040745,128Â 781,A01,1,1,1,5,2,8,-1,-1, -1,-1,2021,17.0,2,1,0,2,7,2,1,,3,VENDEENS (AV DES),0,,2,2,0,1,(1),(1),1,, -1,1,0,1,50,7,5,1,50,50218,2,1,0,2,VENDEENS (AV DES),48.8337,-1.5675,17,4,2
202100014658,175Â 514,A01,1,1,1,1,2,6,-1,-1, -1,-1,2021,25.0,-1,1,0,2,0,1,1,,3,VAILLANT COUTURIER (AVENUE PAUL),0,,3,1,1,1,0,1,1,, -1,1,0,5,50,7,10,1,93,93008,2,1,0,3,VAILLANT COUTURIER (AVENUE PAUL),48.9121057556,2.4391812086,13,2,2
202100004634,193Â 484,B01,4,2,1,0,1,0,-1,-1, -1,-1,2021,0.0,2,2,0,2,4,2,1,,1,AUTOROUTE A3,0,,3,4,0,1,1,600,1,, -1,2,1,1,90,5,12,5,93,93048,1,1,1,4,AUTOROUTE A3,48.8704,2.43112,19,5,3
202100034106,140Â 797,A01,1,1,1,1,2,6,-1,0,0,-1,2021,49.0,2,1,0,2,3,7,1,,4,AVENUE MARCEAU,0,,2,4,3,1,(1),(1),1,, -1,1,0,6,50,16,6,1,75,75116,2,7,0,3,AVENUE MARCEAU,48.866139,2.299649,14,2,2
202100028565,150Â 660,B01,4,2,2,5,1,-1,-1,0,0,-1,2021,9.0,2,2,0,2,8,1,1,,3,1075,-1,,2,2,0,1,35,660,3,, -1,1,0,1,90,17,7,1,5,5089,1,1,0,3,RD 1075,44.387021,5.743586,16,6,2
202100046199,119Â 190,B01,1,1,1,5,0,-1,-1,0,0,-1,2021,54.0,3,1,0,0,0,14,5,,4,,-1,,2,2,0,1,(1),(1),1,, -1,1,5,1,30,30,3,1,59,59011,2,4,0,7,Rue du Docteur Schaffner,50.531346,2.938489,17,2,2
202100045972,119Â 579,A01,1,1,1,9,2,0,-1,0,0,-1,2021,32.0,3,1,0,2,1,15,1,,4,AVENUE LEON GAUMONT,0,,2,2,0,1,(1),(1),1,, -1,1,0,1,50,30,3,5,75,75120,2,2,0,3,AVENUE LEON GAUMONT,48.849251,2.416188,21,2,2
202100025681,155Â 780,B01,3,2,1,9,8,-1,-1,0,0,-1,2021,11.0,2,2,0,2,1,0,1,,3,168,-1,,2,2,0,2,7,800,4,, -1,2,0,1,70,4,8,3,11,11014,1,1,0,1,CD 168 Route de Narbonne Plage,43.177235,3.101406,22,13,2
202100003568,195Â 373,A01,10,3,1,1,0,-1,-1,3,3,1,2021,35.0,1,2,0,1,2,9,1,,3,CUIRASSIERS (AVENUE 12EME REGIMENT,0,,1,1,0,4,0,900,1,, -1,2,5,4,50,10,12,5,95,95277,2,6,1,6,Rue Berthelot,48.98524,2.4598,6,2,1
202100046349,118Â 924,A01,1,1,1,0,2,6,-1,-1, -1,-1,2021,36.0,2,1,0,2,3,17,1,,4,AVIATION (ROUTE DE L'),0,,2,2,0,1,0,0,1,, -1,1,0,1,50,27,3,1,64,64024,2,1,0,3,rue de pichot,43.4645317131,-1.5336455405,14,3,2
202100051856,109Â 012,A01,2,2,2,5,1,-1,-1,0,0,-1,2021,27.0,0,2,0,0,1,1,1,,3,219,0,,2,2,0,1,2,670,1,, -1,7,0,3,90,12,2,1,77,77172,1,1,0,7,D219,48.335841,2.958176,9,3,1
202100025180,156Â 650,A01,1,1,1,0,1,-1,-1,0,0,-1,2021,35.0,2,2,0,2,7,19,1,,3,223,0,,2,1,0,1,(1),(1),1,, -1,2,0,1,80,7,8,1,63,63418,1,2,0,3,D223,45.7738914705,3.5038078576,13,4,2
202100035842,137Â 635,A01,1,1,1,1,2,6,9,0,0,-1,2021,36.0,2,1,0,2,1,2,1,,2,162,0,,2,2,0,1,31,770,1,, -1,1,0,1,80,9,6,1,53,53094,1,1,0,2,N162,48.017573,-0.731277,16,2,2
202100002690,196Â 969,B01,1,1,1,1,1,-1,-1,0,0,-1,2021,54.0,2,2,0,2,1,1,1,,3,30,0,D,2,2,0,2,11,200,1,, -1,1,0,1,70,17,12,3,53,53243,1,1,0,1,Rue du Maine,48.135413,-0.897532,17,2,2
202100029755,148Â 603,B01,1,1,1,0,2,6,-1,-1, -1,-1,2021,25.0,0,1,0,2,1,1,1,,4,SEMARD. RUE PIERRE,0,,2,2,0,1,(1),(1),1,, -1,1,0,1,500,9,7,1,76,76575,2,1,0,3,SEMARD. RUE PIERRE,49.394,1.09333,9,2,2
202100037137,135Â 311,A01,1,1,1,0,1,-1,-1,-1, -1,-1,2021,28.0,1,2,0,2,2,1,1,,1,AUTOROUTE A10,0,,3,6,0,1,540,500,1,, -1,1,0,1,110,1,6,1,33,33096,1,1,0,4,AUTOROUTE A10,44.904179,-0.492941,9,3,3
202100017144,170Â 992,A01,1,1,2,4,2,6,-1,-1, -1,-1,2021,35.0,1,1,0,2,2,9,1,,3,989,0,,1,1,0,1,0,0,1,, -1,1,0,1,50,23,9,1,92,92040,2,9,0,3,VERDUN (AVENUE DE) DU 152 AU 226,48.81791,2.24891,17,2,2
202100040007,130Â 082,A01,1,1,1,9,2,6,-1,0,0,-1,2021,43.0,2,1,2,0,1,2,1,,4,,-1,,2,2,0,1,(1),(1),1,, -1,1,0,1,80,14,5,1,66,66093,1,1,1,7,ROUTE D'ARGELES SUR MER,42.547374,2.945194,13,1,1
202100039920,130Â 232,A01,10,3,2,5,0,-1,-1,3,3,1,2021,42.0,1,2,0,1,2,16,1,,7,TRAITE DE L'ELYSEE (ROND POINT),0,,1,2,0,1,18,700,3,, -1,1,5,1,50,8,5,1,83,83129,2,6,0,6,TRAITE DE L'ELYSEE (ROND POINT),43.10696,5.81443,15,2,1
202100046496,118Â 677,A01,1,1,1,3,1,8,-1,-1, -1,-1,2021,82.0,1,2,10,0,1,1,1,,3,TAVEL AVENUE DE,0,,2,2,0,2,0,327,1,, -1,1,0,1,50,16,3,1,30,30011,2,6,0,6,TAVEL AVENUE DE,43.96005,4.7505,16,1,1
202100044516,122Â 138,A01,10,3,2,5,0,-1,-1,2,9,3,2021,63.0,3,2,0,1,2,20,1,,6,,0,,2,2,0,1,(1),(1),1,, -1,1,0,8,50,9,4,1,18,18207,2,7,0,6,Place de la RÃ©publique,46.992768,2.244387,15,2,1
202100019168,167Â 366,A01,10,3,1,2,0,-1,-1,3,3,2,2021,5.0,1,2,0,1,1,1,1,,4,FOURNIER-SARLOVEZE,0,,1,1,0,1,(1),(1),1,, -1,1,0,1,30,13,9,1,60,60159,2,1,0,6,Rue Fournier SarlovÃ¨ze,49.4167385129,2.82900846,8,2,1
202100021695,162Â 856,A01,1,1,1,9,2,6,-1,0,0,-1,2021,19.0,1,1,0,2,1,1,1,,3,38,0,D,2,2,0,1,38,800,3,, -1,1,0,1,80,1,9,1,55,55102,1,1,0,3,D38,49.20678,5.36023,10,2,2
202100042642,125Â 406,A01,2,2,1,5,2,6,-1,0,0,-1,2021,12.0,1,6,0,0,0,16,1,,3,928,0,,2,2,0,1,57,800,1,, -1,1,0,1,80,25,4,1,28,28130,1,9,0,7,D928 D155,48.518623,1.097775,16,2,1
202100003240,195Â 976,B01,1,1,2,5,1,4,-1,-1, -1,-1,2021,29.0,1,2,0,9,1,1,1,,2,RN88 OUEST,0,,3,2,0,1,35,500,1,, -1,1,0,1,90,12,12,3,81,81004,1,1,0,7,RN88 OUEST,43.917352,2.164576,20,2,2
202100023451,159Â 706,B01,1,1,2,4,2,0,-1,0,0,-1,2021,25.0,1,0,0,2,8,1,3,,4,RUE DE RIVOLI,0,,2,4,1,1,(1),(1),1,, -1,1,0,5,30,18,8,1,75,75104,2,3,0,3,RUE DE RIVOLI,48.856927,2.353926,13,2,2
202100006155,190Â 810,B01,1,1,1,1,2,6,-1,0,0,-1,2021,35.0,1,1,0,2,2,17,1,,2,113,0,,2,2,0,1,35,500,1,, -1,1,0,1,70,22,11,1,30,30036,1,1,0,3,12 Route Nationale 113,43.78047,4.292441,13,2,2
202100053717,105Â 716,B01,1,1,2,9,1,8,-1,-1, -1,-1,2021,55.0,1,2,0,2,1,1,1,,4,,0,,-1,0,0,1,(1),(1),1,, -1,1,0,1,50,25,1,1,69,69266,2,2,0,3,FONTANIERES (DE) (R),45.77588,4.88329,15,2,2
202100015555,173Â 880,A01,10,3,2,2,8,8,-1,3,3,1,2021,13.0,1,2,0,1,7,1,1,,3,SEPTIENE DIVISION BLINDEE USA ( DE LA ),0,,2,2,0,1,0,0,1,, -1,1,6,1,30,30,9,1,55,55545,2,1,1,7,SEPTIENE DIVISION BLINDEE USA ( DE LA ),49.147,5.34224,17,2,1
202100031947,144Â 638,A01,2,2,1,5,1,0,-1,-1, -1,-1,2021,23.0,1,2,0,2,4,2,1,,1,A86 INT,0,,3,7,0,1,41,299,1,, -1,1,0,1,90,28,6,1,94,94028,1,1,0,2,A86 INT,48.77633,2.43091,18,3,2
202100005332,192Â 260,B01,2,2,1,2,2,6,-1,0, -1,-1,2021,14.0,2,1,0,2,1,1,1,,4,CROIX (QUAI DE LA),0,,2,2,2,1,0,0,1,, -1,2,0,1,30,30,11,2,29,29039,2,4,1,3,Quai de la Croix,47.869465503,-3.9189782739,17,3,2
202100040058,129Â 993,A01,1,1,1,5,2,0,-1,-1, -1,-1,2021,18.0,2,1,0,2,1,17,1,,3,CD 275,0,,2,2,0,2,0,0,1,, -1,2,0,1,80,13,5,1,14,14701,1,2,1,3,D275,49.31097,0.0839,15,2,2
202100011143,181Â 815,B01,1,1,1,0,8,-1,-1,0,0,-1,2021,40.0,1,1,0,2,1,2,1,,3,712,0,D,2,2,0,1,0,0,1,, -1,2,0,1,50,24,10,1,22,22020,2,1,1,2,7 Route de Rennes,48.315503,-2.25342,18,2,2
202100045694,120Â 065,A01,1,1,1,5,8,-1,-1,0,0,-1,2021,72.0,2,2,13,0,1,26,1,,3,2007,0,,2,2,0,1,34,50,2,, -1,1,0,3,90,1,4,1,45,45257,1,6,0,6,Lieu dit Les motteux,47.865695,2.738514,17,1,1
202100017972,169Â 500,A01,1,1,1,0,2,4,-1,-1, -1,-1,2021,24.0,2,1,0,0,0,1,1,,1,AUTOROUTE A86,0,,1,3,0,1,17,500,1,, -1,4,0,1,90,20,9,3,93,93027,1,1,1,7,AUTOROUTE A86,48.9263982344,2.4028344808,3,1,1
202100033387,142Â 086,A01,1,1,1,9,2,6,-1,-1, -1,-1,2021,69.0,3,1,0,2,1,1,1,,4,ROMAGNY (RUE DE),0,,2,2,0,1,0,1,1,, -1,1,0,1,50,19,6,1,74,74012,2,1,0,2,ROMAGNY (RUE DE),46.19691,6.25003,11,2,2
202100028514,150Â 746,A01,1,1,1,5,2,6,-1,0,0,-1,2021,48.0,1,1,0,2,1,13,1,,3,5,-1,,2,2,0,2,64,700,3,, -1,1,0,1,-1,18,7,1,87,87157,1,1,0,1,Rd 5,45.948106,1.510105,14,2,2
202100023403,159Â 783,B01,1,1,1,9,2,8,-1,-1, -1,-1,2021,45.0,3,1,0,2,1,1,1,,4,LALLOUETTE,0,,1,1,0,1,(1),(1),1,, -1,1,0,1,50,18,8,1,973,97302,2,1,0,3,LALLOUETTE,4.9404797221,-52.3302471545,10,2,2
202100027425,152Â 695,A01,10,3,2,3,0,-1,-1,2,3,1,2021,88.0,2,2,0,1,3,1,1,,3,1089,0,D,2,2,0,1,6,700,1,, -1,1,0,1,50,21,7,1,42,42149,2,4,0,6,Avenue de la Gare,45.6441650427,4.2323984206,9,2,1
202100030479,147Â 290,A01,1,1,2,5,1,-1,-1,0,0,-1,2021,20.0,1,2,7,0,2,1,1,,3,806,0,D,2,2,0,1,124,270,1,, -1,2,0,3,90,6,7,1,48,48128,1,1,0,6,D806,44.78198734,3.29576969,19,2,1
202100004605,193Â 545,A01,1,1,1,5,1,5,-1,0,0,-1,2021,46.0,1,5,13,0,5,1,1,,3,63,0,D,2,2,0,2,24,320,1,, -1,2,0,1,80,5,12,3,49,49301,1,1,1,6,La Hutte (tilliÃ¨res),47.148028,-1.202815,21,1,1
202100002781,196Â 795,A01,1,1,1,1,2,0,-1,-1, -1,-1,2021,31.0,1,1,0,2,1,1,1,,4,JEAN MARTIN (RUE),0,,1,2,0,1,0,0,1,, -1,1,0,6,50,15,12,1,13,13205,2,2,0,3,JEAN MARTIN (RUE),43.2957909103,5.4021990322,8,3,2
202100035862,137Â 582,A01,10,3,2,5,0,-1,-1,2,3,1,2021,83.0,0,1,0,1,1,1,1,,4,PUY (RUE DOCTEUR LOUIS),0,,1,4,0,1,0,0,3,, -1,1,0,1,50,7,6,1,83,83137,2,1,0,6,PUY (RUE DOCTEUR LOUIS),43.1224,5.939152,16,2,1
202100001074,199Â 844,A01,10,3,2,0,0,-1,-1,1,3,1,2021,43.0,1,2,0,1,1,1,1,,3,PERI (BOULEVARD GABRIEL)  0 - 37 / 42,0,,3,3,0,2,0,0,1,, -1,2,0,1,50,29,12,1,93,93064,2,1,1,1,PERI (BOULEVARD GABRIEL)  0 - 37 / 42,48.879809,2.469532,12,2,1
202100002082,198Â 078,A01,1,1,1,9,8,-1,-1,0,0,-1,2021,53.0,1,2,1,0,3,13,1,,3,940,0,,1,1,0,1,7,0,1,, -1,1,0,1,50,21,12,1,18,18127,2,1,0,6,16 Grande Rue,46.751506,2.176774,10,3,2
202100034507,140Â 046,A01,1,1,2,0,1,-1,-1,0,0,-1,2021,22.0,1,2,8,2,7,19,1,,3,7,-1,B,2,2,0,3,(1),(1),1,, -1,1,5,1,80,7,6,1,87,87146,1,2,0,3,le martoulet,45.581465,1.468788,13,2,2
202100010534,182Â 899,A01,1,1,1,1,2,6,-1,-1, -1,-1,2021,35.0,1,1,0,2,1,15,1,,4,RTE DU MEDOC,0,,2,2,3,1,(1),(1),1,, -1,1,4,1,50,28,10,5,33,33162,2,2,0,1,Route du MÃ©doc,44.87674,-0.62215,19,2,2
202100046125,119Â 317,B01,1,1,1,1,1,0,-1,-1, -1,-1,2021,46.0,1,2,0,2,4,1,0,,7,CAPELETTE (AVENUE DE LA),0,,2,4,0,1,1,0,1,, -1,1,0,1,50,29,3,5,13,13210,2,1,0,2,CAPELETTE (AVENUE DE LA),43.280685,5.407509,3,2,2
202100032292,144Â 038,A01,1,1,1,5,8,0,-1,0,0,-1,2021,22.0,2,2,7,2,1,1,1,,2,RN12,0,,3,4,0,1,53,670,1,, -1,9,8,1,90,24,6,5,22,22360,1,1,0,1,RN12,48.48861,-2.72045,2,2,2
202100011175,181Â 754,A01,1,1,1,4,1,9,-1,0,0,-1,2021,42.0,1,2,3,2,1,1,1,,3,3,-1,,2,2,0,1,59,500,1,, -1,1,0,1,80,25,10,1,31,31395,1,1,0,1,Route de Rieumes,43.464632,1.289091,14,3,2
202100035872,137Â 563,B01,1,1,1,9,2,8,-1,-1, -1,-1,2021,76.0,1,1,14,9,1,1,1,,2,Secteur Pont de la Gabarre,0,,1,3,0,1,(1),(1),1,, -1,1,2,1,80,7,6,1,971,97120,1,1,0,2,Secteur Pont de la Gabarre,16.2535370151,-61.5482600033,8,2,2
202100029085,149Â 759,B01,1,1,1,1,2,0,-1,-1, -1,-1,2021,18.0,2,1,1,0,3,1,3,,6,BEAUBLANC (BOULEVARD DE),0,,-1,-1,0,1,0,0,1,, -1,1,0,1,30,9,7,1,87,87085,2,1,0,6,BEAUBLANC (BOULEVARD DE),45.84619,1.24326,19,3,2
202100002154,197Â 936,A01,10,3,1,5,0,-1,-1,3,3,2,2021,7.0,1,2,0,1,3,1,1,,4,AVENUE DU PRESIDENT WILSON,0,,1,3,3,3,(1),(1),1,, -1,2,0,1,50,18,12,2,75,75116,2,3,0,6,AVENUE DU PRESIDENT WILSON,48.864953,2.29589,17,2,1
202100056414,101Â 061,A01,2,2,1,5,2,0,-1,-1, -1,-1,2021,14.0,1,1,0,2,7,1,1,,4,GOUFFE (PLACE),0,,-1,1,0,1,(1),(1),1,, -1,1,0,8,30,1,1,1,13,13206,2,7,0,3,GOUFFE (COURS),43.285984,5.387474,14,3,2
202100026501,154Â 330,A01,1,1,1,9,2,6,-1,-1, -1,-1,2021,21.0,2,1,0,2,5,18,1,,4,QUAI DE LA MEGISSERIE,0,,1,3,3,1,(1),(1),1,, -1,1,0,1,50,29,7,5,75,75101,2,3,0,3,QUAI DE LA MEGISSERIE,48.857998,2.344419,1,2,2
202100026274,154Â 733,B01,1,1,2,0,1,0,-1,-1, -1,-1,2021,37.0,2,2,0,2,4,23,1,,4,JAURES JEAN (AV) NÂ° IMP 35 A 179,0,,3,2,0,1,0,0,1,, -1,1,0,1,50,30,7,1,72,72181,2,1,0,2,JAURES JEAN (AV) NÂ° IMP 35 A 179,47.9940741621,0.2035939691,17,2,2
202100051058,110Â 409,B01,1,1,1,0,1,-1,-1,-1, -1,-1,2021,35.0,2,2,0,2,2,1,1,,4,SCHUMAN (RUE ROBERT),0,,2,2,0,1,(1),(1),1,, -1,1,5,1,50,18,2,1,33,33063,2,2,0,3,Rue Pierre Trebod,44.85825,-0.58433,16,2,2
202100055761,102Â 193,A01,4,2,2,5,1,8,-1,-1, -1,-1,2021,22.0,3,2,12,0,1,14,1,,6,TEYSSIER (AV DU COLONEL),0,,-1,-1,0,1,(1),(1),1,, -1,7,5,8,50,8,1,5,81,81004,2,1,0,6,TEYSSIER (AV DU COLONEL),43.9216805976,2.1663115919,2,5,1
202100012326,179Â 702,A01,1,1,1,0,8,-1,-1,0,0,-1,2021,34.0,1,2,10,0,1,0,1,,3,3,0,R,2,2,0,1,113,862,1,, -1,2,0,3,90,19,10,3,988,98808,1,1,1,6,ParaouyÃ© (Tribu),-21.273909,165.64442,2,1,1
202100054363,104Â 589,A01,2,2,1,4,1,0,-1,-1, -1,-1,2021,48.0,1,5,0,2,2,1,1,,4,CORNEILLES (BD DES),0,,2,2,0,1,0,0,1,, -1,2,5,1,50,19,1,1,94,94068,2,2,1,3,CORNEILLES (BD DES),48.785,2.492,11,3,2
202100039808,130Â 424,A01,1,1,1,9,8,0,-1,-1, -1,-1,2021,39.0,1,0,8,0,2,13,1,,3,AV CHARLES CHRISTOFLE,0,,2,0,0,1,0,100,2,, -1,2,0,4,50,15,5,5,91,91114,2,1,1,6,AV CHARLES CHRISTOFLE,48.70527,2.49555,23,1,1
202100054106,105Â 035,B01,1,1,1,9,8,5,-1,-1, -1,-1,2021,17.0,3,1,1,0,7,1,3,,3,BAC (AV DU),0,,2,2,0,1,0,0,1,, -1,1,0,1,50,22,1,1,94,94068,2,1,0,3,BAC (AV DU),48.79202,2.51827,15,2,2
202100028359,151Â 012,A01,1,1,1,5,2,-1,-1,0,0,-1,2021,66.0,1,1,0,0,0,1,1,,3,d11,0,,2,2,0,1,18,808,2,, -1,1,0,3,80,18,7,1,76,76021,1,1,0,7,Route de Mentheville,49.688764,0.416569,19,1,1
202100041451,127Â 513,A01,7,2,1,5,1,-1,-1,0,0,-1,2021,17.0,0,2,13,0,9,16,1,,3,528,-1,,2,2,0,1,(1),(1),3,, -1,1,0,8,70,12,4,1,38,38175,1,1,0,6,D528,45.2569650647,5.916159153,16,2,1
202100011262,181Â 604,A01,1,1,1,5,2,6,-1,0,0,-1,2021,44.0,3,1,0,0,0,2,1,,3,941,0,,2,2,0,1,(1),(1),2,, -1,1,0,1,80,24,10,1,28,28127,1,1,0,7,Cormeray,48.193461,1.277675,17,1,1
202100052202,108Â 399,A01,1,1,2,5,1,0,-1,-1, -1,-1,2021,28.0,2,2,4,0,1,1,1,,2,RN02,0,,3,4,0,2,123,0,1,, -1,2,0,1,90,7,2,3,974,97416,1,1,0,6,RN02,-21.35908,55.53549,21,3,1
202100029233,149Â 506,A01,1,1,1,5,2,-1,-1,0,0,-1,2021,54.0,3,1,6,0,2,1,1,,4,,2,,2,2,0,2,(1),(1),1,,4,1,0,4,50,11,7,1,57,57091,2,1,0,6,6 rue du chateau,49.112859,7.177078,15,1,1
202100032260,144Â 100,B01,1,1,1,5,2,8,-1,-1, -1,-1,2021,77.0,1,0,0,2,0,0,3,,4,BEARN DU,0,,2,2,1,1,0,0,1,, -1,1,0,1,30,25,6,1,64,64269,2,2,0,3,BEARN DU,43.3,-0.299,9,2,2