Num_Acc,id_vehicule,num_veh,place,catu,sexe,trajet,secu1,secu2,secu3,locp,actp,etatp,year_acc,victim_age,senc,catv,obs,obsm,choc,manv,motor,occutc,catr,voie,v1,v2,circ,nbv,vosp,prof,pr,pr1,plan,lartpc,larrout,surf,infra,situ,vma,jour,mois,lum,dep,com,agg_,int,atm,col,adr,lat,long,hour,nb_victim,nb_vehicules
202100004265,194Â 133,A01,1,1,1,9,1,0,-1,-1, -1,-1,2021,25.0,0,2,2,0,1,1,1,,3,ROUTE DE MURVIEL (RD.19 - SECT.3),0,,2,2,0,1,26,661,1,, -1,1,0,3,70,4,12,3,34,34032,1,1,0,6,ROUTE DE MURVIEL (RD.19 - SECT.3),43.3591,3.19719,6,3,2
202100046941,117Â 868,B01,1,1,1,4,8,0,-1,0, -1,-1,2021,21.0,3,2,0,2,3,1,0,,6,CREISSEL (BOULEVARD DE),0,,-1,-1,0,1,0,0,1,, -1,1,9,1,30,21,3,2,11,11262,2,1,0,3,CREISSEL (BOULEVARD DE),43.18062,3.028599,18,2,2
202100036611,136Â 265,A01,1,1,1,5,2,6,-1,-1, -1,-1,2021,16.0,0,1,0,0,8,26,1,,3,HUIT MAI 1945 (AVENUE DU),0,,2,2,0,4,80,523,1,, -1,2,0,1,50,29,5,5,48,48095,2,3,1,7,HUIT MAI 1945 (AVENUE DU),44.523096,3.495696,4,1,1
202100037088,135Â 409,B01,1,1,2,4,1,-1,-1,0,0,-1,2021,55.0,3,5,0,2,3,1,1,,4,,-1,,2,2,0,2,(1),(1),3,, -1,1,0,1,90,1,6,1,19,19121,1,1,0,1,Route de Vassagnac,45.412235,1.400778,17,2,2
202100036132,137Â 096,A01,1,1,1,5,1,-1,-1,0,0,-1,2021,92.0,1,2,14,2,8,6,1,,3,744,0,D,2,2,0,1,15,220,1,,"10,2",1,5,1,50,7,6,1,79,79062,2,6,0,3,Route de Cerizay,46.807756,-0.661819,10,3,2
202100029357,149Â 295,A01,1,1,1,5,0,-1,-1,0,0,-1,2021,21.0,0,2,8,0,1,0,1,,4,,-1,,2,2,0,1,(1),(1),1,,4,1,0,1,50,12,7,3,974,97414,2,1,0,7,Chemin du Piton,-21.285566,55.443599,22,1,1
202100025025,156Â 922,A01,10,3,1,0,0,-1,-1,2,3,1,2021,9.0,2,2,0,1,1,1,1,,3,COUBRON (ALLEE DE),0,,2,2,0,1,0,1,1,, -1,2,0,1,50,8,8,1,93,93014,2,1,0,6,AllÃ©e de Coubron,48.912763,2.552395,15,3,2
202100052706,107Â 520,A01,10,3,2,1,8,8,-1,4,3,1,2021,24.0,1,2,0,1,3,15,1,,4,,0,,1,2,0,1,0,0,1,, -1,2,0,1,50,3,2,5,92,92044,2,2,1,6,PDT WILSON(RUE)107A131 ET 110A130,48.89642,2.28656,8,2,1
202100030174,147Â 833,A01,1,1,2,0,1,0,-1,0,0,-1,2021,44.0,1,2,0,2,4,2,1,,7,POURCHON (BD MAURICE),0,,2,4,0,1,(1),(1),1,, -1,1,0,1,50,6,7,2,63,63113,2,1,0,2,POURCHON (BD MAURICE),45.78964,3.08138,21,2,2
202100042139,126Â 305,B01,1,1,2,5,1,0,-1,-1, -1,-1,2021,27.0,2,2,0,2,6,1,1,,1,A507 sens Aubagne- Marseille,0,,3,3,0,2,5,0,1,, -1,2,3,1,50,28,4,1,13,13055,1,1,1,3,A507 sens Aubagne- Marseille,43.32413,5.42284,9,3,2
202100056111,101Â 583,A01,1,1,1,3,1,-1,-1,0,0,-1,2021,62.0,2,2,3,0,3,1,1,,3,900,-1,,2,2,0,1,78,160,1,, -1,2,0,8,80,7,1,1,4,4220,1,1,0,7,RD 900,44.393312,6.555131,11,1,1
202100012755,178Â 921,A01,1,1,1,0,2,6,-1,0,0,-1,2021,58.0,2,1,0,2,1,2,1,,3,910,0,,2,3,0,1,3,400,1,, -1,1,0,1,90,17,10,1,28,28208,1,1,0,2,DÃ©partementale 910,48.503192,1.742642,17,6,2
202100030055,148Â 061,B01,1,1,2,0,1,-1,-1,0,0,-1,2021,63.0,2,2,0,2,1,0,1,,3,302,0,D,2,2,0,2,30,100,2,, -1,1,0,1,80,23,6,1,201,201232,1,1,0,1,D302,41.780849,8.906136,10,2,2
202100056307,101Â 250,B01,1,1,1,5,2,-1,-1,0,0,-1,2021,68.0,1,1,9,0,4,1,5,,3,243,-1,,2,2,0,1,15,920,1,, -1,1,9,1,30,4,1,1,47,47283,2,1,0,2,8 Avenue Principale,44.473198,0.939744,14,2,2
202100015962,173Â 137,A01,10,3,2,9,0,-1,-1,3,3,1,2021,17.0,3,2,0,1,2,1,1,,4,EGLISE (RUE DE L'),0,,2,2,0,1,0,0,1,, -1,1,6,1,50,30,9,1,93,93078,2,1,0,6,Rue de lâEglise,48.9637305305,2.5358998776,8,2,1
202100030661,146Â 949,A01,3,2,2,5,1,-1,-1,0,0,-1,2021,22.0,1,2,0,0,8,1,1,,3,859,0,D,2,2,0,2,(1),(1),2,, -1,1,0,3,70,6,7,2,201,201247,1,1,0,7,Route de Piccovaggia,41.59314,9.315226,6,3,1
202100037458,134Â 708,A01,10,3,1,5,0,-1,-1,1,3,2,2021,16.0,2,5,0,1,1,1,1,,4,RATEAU (RUE),0,,2,2,0,1,0,0,1,, -1,1,0,1,50,30,5,1,93,93027,2,1,1,6,Rue Rateau,48.92522,2.41161,15,2,1
202100026399,154Â 505,A01,1,1,2,5,1,-1,-1,0,0,-1,2021,42.0,1,2,0,2,1,1,1,,3,1079,-1,,2,2,0,1,21,323,1,, -1,1,0,1,80,30,7,3,1,1301,1,2,0,2,,46.251902,5.100494,22,3,2
202100036721,136Â 072,A01,1,1,1,5,1,-1,-1,0,0,-1,2021,27.0,1,2,1,0,1,14,1,,3,,-1,,1,2,0,1,(1),(1),1,,4,1,0,1,50,2,6,5,38,38298,2,6,0,6,32 Rue de la RÃ©publique,45.375169,4.798371,22,1,1
202100049333,113Â 580,B01,1,1,1,5,1,-1,-1,0,0,-1,2021,36.0,2,2,0,2,8,9,1,,4,257,0,D,2,2,0,1,1,787,1,, -1,1,5,1,80,5,3,1,33,33487,1,2,0,3,D257,44.95981,-0.483651,9,2,2
202100023521,159Â 591,B01,1,1,1,0,2,-1,-1,0,0,-1,2021,38.0,2,1,0,2,1,0,1,,2,3,0,N,2,2,0,1,0,0,1,, -1,1,0,1,30,20,8,5,976,97606,2,1,0,3,Route Nationale 3,-12.936312,45.147827,18,2,2
202100027414,152Â 710,A01,1,1,1,5,2,-1,-1,0,0,-1,2021,17.0,1,1,0,2,0,15,1,,3,,-1,,2,1,0,1,46,875,1,,4,1,0,1,30,23,7,1,62,62620,2,3,0,3,Rue de l Eglise,50.582409,2.410973,17,2,2
202100032097,144Â 377,A01,1,1,1,3,1,-1,-1,0,0,-1,2021,66.0,1,2,14,2,1,13,1,,3,ESPAGNE (BOULEVARD D'),0,,3,2,0,1,3,572,1,, -1,1,1,1,50,26,6,1,65,65286,2,1,0,1,ESPAGNE (BOULEVARD D'),43.08392,-0.04433,16,3,2
202100010496,182Â 959,A01,1,1,1,0,2,-1,-1,-1, -1,-1,2021,26.0,1,1,0,0,0,0,1,,4,RENE COTY,0,,2,2,0,1,0,0,1,, -1,1,0,1,30,27,10,5,76,76351,2,1,0,7,RENE COTY,49.49814,0.11564,22,1,1
202100056384,101Â 117,B01,3,2,1,5,1,0,-1,-1, -1,-1,2021,3.0,2,2,0,2,4,2,1,,1,AUTOROUTE A3,0,,3,8,0,1,8,0,1,, -1,1,0,1,90,3,1,4,93,93010,1,1,0,2,AUTOROUTE A3,48.91486,2.47746,19,4,2
202100015281,174Â 400,A01,2,2,1,3,1,-1,-1,0,0,-1,2021,52.0,1,2,0,2,3,5,1,,2,102,0,,2,2,0,2,94,100,3,, -1,2,0,1,80,5,10,1,7,7142,1,1,0,1,Route Nationale 102,44.761575,3.921223,8,3,2
202100048617,114Â 860,A01,1,1,1,2,2,6,-1,0,0,-1,2021,16.0,0,1,0,0,6,2,1,,3,8,0,D,2,2,0,1,55,545,1,, -1,1,0,8,80,8,3,1,36,36088,1,1,0,7,,46.94269,2.014119,17,1,1
202100013896,176Â 861,A01,10,3,2,2,0,-1,-1,3,3,3,2021,15.0,3,5,0,1,2,15,1,,3,PROFESSEUR BERGONIE (R DU),0,,2,2,0,2,0,0,1,, -1,1,9,1,50,11,10,1,94,94043,2,1,0,6,PROFESSEUR BERGONIE (R DU),48.80493,2.34594,16,2,1
202100005870,191Â 297,Z01,1,1,2,0,8,0,-1,-1, -1,-1,2021,29.0,2,1,0,2,1,17,0,,4,14 ET 22 JUIN 1962,0,,1,2,0,1,(1),(1),1,, -1,1,0,1,50,22,11,1,973,97302,2,3,0,3,14 ET 22 JUIN 1962,4.9355013108,-52.3274792433,14,2,2
202100009291,185Â 092,A01,10,3,2,1,0,-1,-1,3,3,1,2021,24.0,2,1,0,1,1,1,1,,4,AVENUE DU MAINE,0,,2,3,0,1,(1),(1),1,, -1,1,0,1,30,4,11,1,75,75114,2,3,0,6,AVENUE DU MAINE,48.834077,2.324325,14,2,1
202100009277,185Â 116,A01,10,3,2,5,0,-1,-1,3,3,1,2021,87.0,1,2,0,1,4,20,1,,4,,0,,1,1,0,1,(1),(1),1,, -1,1,0,1,50,5,11,1,6,6030,2,1,0,6,EST (RUE DE L'),43.57223,7.01678,9,2,1
202100017696,169Â 990,A01,10,3,1,2,0,-1,-1,2,3,1,2021,11.0,2,2,0,1,3,1,2,,4,PIERRE DE MONTREUIL (RUE),0,,1,1,0,1,1,0,1,, -1,1,0,1,30,21,9,1,93,93048,2,1,0,6,Rue Pierre de Montreuil,48.86333,2.45011,16,2,1
202100032820,143Â 113,A01,1,1,1,4,1,-1,-1,-1,0,-1,2021,33.0,1,2,0,2,4,23,1,,3,301,0,,2,4,0,1,2,0,1,, -1,1,0,1,50,22,6,1,95,95539,2,1,0,2,RD 301,48.9912263986,2.3601776361,18,2,2
202100000291,201Â 204,A01,1,1,2,0,1,-1,-1,0,0,-1,2021,35.0,0,2,0,2,1,0,1,,3,308,0,D,2,2,0,1,3,500,1,, -1,1,0,1,50,31,12,1,69,69214,2,4,0,2,D308,46.002976,4.325448,14,2,2
202100028179,151Â 326,A01,5,2,1,0,1,0,-1,-1, -1,-1,2021,35.0,1,3,0,2,3,19,1,4.0,3,PAUL ET CAMILLE THOMOUX (RUE) COTE PAIR,0,,3,3,0,1,1,0,1,, -1,1,0,1,50,19,7,1,93,93050,2,2,0,3,Rue Paul et Camille Thomoux / Avenue du General de Gaulle,48.857137,2.531263,16,5,2
202100051975,108Â 801,B01,1,1,1,5,1,0,-1,-1,0,-1,2021,67.0,2,2,0,2,8,1,1,,2,RN 184,0,,3,4,0,1,12,0,1,, -1,5,0,1,90,10,2,2,95,95678,1,1,1,3,RN 184,49.0651,2.21443,6,2,2
202100002959,196Â 484,A01,2,2,2,5,1,0,-1,-1, -1,-1,2021,18.0,2,2,16,0,2,1,1,,3,C.D. 533 (VERS LE PUY),0,,2,2,0,2,55,850,2,, -1,1,0,1,80,14,12,3,7,7281,1,1,0,6,C.D. 533 (VERS LE PUY),44.939939,4.832396,17,2,1
202100029731,148Â 647,B01,1,1,1,0,2,6,-1,-1, -1,-1,2021,42.0,2,1,0,2,8,1,1,,1,AUTOROUTE A3,0,,3,8,0,1,9,100,1,, -1,1,0,1,90,9,7,1,93,93010,1,1,0,3,AUTOROUTE A3,48.91577,2.47758,11,2,2
202100027227,153Â 051,B01,1,1,1,9,2,0,-1,0,0,-1,2021,50.0,1,1,0,2,5,1,3,,4,BOULEVARD DE MAGENTA,0,,3,2,1,1,(1),(1),1,, -1,1,0,5,50,24,7,1,75,75110,2,3,0,3,BOULEVARD DE MAGENTA,48.881971,2.350958,20,2,2
202100025204,156Â 613,A01,1,1,1,5,0,-1,-1,0,0,-1,2021,76.0,2,1,0,2,4,2,5,,3,652,0,,2,2,0,1,66,500,1,, -1,1,0,1,80,5,8,3,40,40266,1,1,0,2,Route du Nel,44.04741,-1.235232,23,4,3
202100039097,131Â 747,A01,1,1,1,4,1,0,-1,-1, -1,-1,2021,55.0,2,5,0,2,1,2,1,,2,RN 1031,0,,3,4,0,1,79,500,1,, -1,2,3,1,70,19,5,1,60,60665,1,1,0,2,RN 1031,49.41051,2.77447,7,3,2
202100000369,201Â 049,A01,10,3,1,5,0,-1,-1,2,3,1,2021,16.0,1,2,0,1,2,21,1,,3,VICTOR HUGO  (BD),0,,2,2,0,2,11,675,1,, -1,2,0,1,50,12,11,5,6,6069,2,1,0,6,VICTOR HUGO  (BD),43.654837,6.918761,18,2,1
202100024937,157Â 087,A01,1,1,1,5,2,-1,-1,0,0,-1,2021,43.0,0,1,0,2,1,13,1,,3,30,0,D,2,2,0,2,32,995,3,, -1,1,0,1,80,9,8,1,34,34281,1,1,0,1,D30,43.5277475013,3.5499022901,17,2,2
202100036019,137Â 306,A01,10,3,1,0,0,-1,-1,1,3,1,2021,37.0,2,2,0,1,1,1,1,,2,1,-1,,2,2,0,1,23,800,1,, -1,1,0,1,60,7,6,5,987,98733,2,1,0,1,RT1 PK 23.800,-17.708208,-149.584002,18,2,1
202100031690,145Â 113,A01,2,2,2,5,1,-1,-1,0,0,-1,2021,19.0,2,2,6,0,3,1,1,,4,45,0,,2,2,0,1,10,500,1,, -1,1,0,3,50,1,7,5,29,29058,2,1,0,6,16 Rue des GlÃ©nan,47.862489,-3.988377,0,5,1
202100040646,128Â 962,A01,10,3,2,3,0,-1,-1,2,3,1,2021,45.0,2,5,0,1,2,1,1,,2,2,0,,3,4,0,1,3,450,1,, -1,1,5,1,50,8,5,1,972,97229,2,6,0,6,Anse Gouraud,14.609426,-61.097036,7,2,1
202100044707,121Â 802,B01,1,1,1,1,2,6,-1,0,0,-1,2021,45.0,1,1,0,2,1,1,1,,4,BOULEVARD MONTMARTRE,0,,-1,0,0,1,(1),(1),1,, -1,1,0,1,50,7,4,5,75,75109,2,5,0,3,BOULEVARD MONTMARTRE,48.8719629419,2.34003697,22,6,2
202100046380,118Â 865,B01,1,1,1,5,8,0,-1,0,0,-1,2021,30.0,1,1,0,2,0,21,3,,4,AVENUE DAUMESNIL,0,,2,2,1,2,(1),(1),1,, -1,1,-1,5,50,26,3,1,75,75112,2,1,0,3,AVENUE DAUMESNIL,48.841248,2.388427,12,2,2
202100000815,200Â 264,A01,10,3,2,3,0,-1,-1,9,3,1,2021,68.0,3,2,0,1,3,9,1,,6,ROCADE OUEST (RD 610),0,,-1,-1,0,1,(1),(1),1,, -1,1,0,1,30,21,12,1,10,10081,2,9,0,6,ROCADE OUEST (RD 610),48.3070617938,4.0224552155,13,2,1
202100014255,176Â 211,A01,2,2,2,5,2,6,-1,0,0,-1,2021,19.0,1,1,0,2,1,1,1,,3,137,0,A,3,4,0,1,111,300,1,, -1,1,0,1,90,9,10,1,35,35284,1,9,0,2,RN 137-PK 111+300 sens RENNES / SAINT MALO,48.608536,-1.978741,14,3,2
202100042047,126Â 468,A01,1,1,1,0,8,0,-1,-1, -1,-1,2021,23.0,0,1,6,0,0,26,1,,3,NATIONALE (ROUTE),0,,2,2,0,1,0,600,2,, -1,1,9,8,80,24,4,1,7,7116,1,1,0,7,NATIONALE (ROUTE),44.64701,4.3603,19,1,1
202100007847,187Â 710,Z01,10,3,2,9,8,8,-1,4,3,1,2021,30.0,3,5,0,1,1,16,0,,4,RUE DE LA CROIX SAINT SIMON,0,,2,2,0,1,(1),(1),1,, -1,1,0,1,30,16,11,1,75,75120,2,4,0,6,RUE DE LA CROIX SAINT SIMON,48.85584,2.410089,8,2,1
202100001698,198Â 753,B01,1,1,1,0,2,8,-1,0,0,-1,2021,44.0,1,1,0,2,1,3,1,,3,ROUTE DU STILETTO,0,,2,2,0,2,0,0,1,, -1,1,0,1,50,21,12,1,201,201004,2,1,0,3,ROUTE DU STILETTO,41.94619,8.76346,12,2,2
202100054255,104Â 777,B01,1,1,1,0,1,8,-1,-1, -1,-1,2021,44.0,1,2,0,2,9,1,1,,3,GENERAL DE GAULLE (R DU),0,,2,4,0,1,0,0,2,, -1,1,0,1,50,21,1,1,94,94060,1,2,0,5,GENERAL DE GAULLE (R DU),48.7817351681,2.5704360008,12,3,3
202100039188,131Â 579,A01,1,1,1,1,2,-1,-1,0,0,-1,2021,37.0,1,1,0,2,1,1,1,,3,437,-1,A,2,2,0,1,17,230,3,, -1,2,0,1,80,21,5,2,25,25280,1,1,1,1,D'la Ranceniere,47.257891,6.944035,6,2,2
202100024529,157Â 815,A01,1,1,2,9,2,6,-1,0,0,-1,2021,23.0,2,1,0,0,1,1,1,,3,CONCHES (ROUTE DE),0,,-1,1,0,1,0,65,2,, -1,1,0,1,50,11,8,1,27,27229,1,1,0,6,CONCHES (ROUTE DE),49.01409,1.10776,12,1,1
202100024613,157Â 663,B01,1,1,2,5,1,-1,-1,0, -1,-1,2021,58.0,2,2,0,2,8,15,1,,4,TARENTE,0,,3,2,0,2,(1),(1),1,, -1,1,0,1,50,11,8,1,29,29019,2,9,0,3,Avenue de Tarente,48.403081,-4.50639,14,2,2
202100010896,182Â 250,B01,1,1,1,4,1,0,-1,-1, -1,-1,2021,42.0,1,4,0,2,3,1,1,,3,RD 674,0,,-1,2,0,1,0,1,1,, -1,1,0,1,80,25,10,1,52,52121,1,1,0,1,RD 674,48.11978,5.17223,15,2,2
202100014127,176Â 435,A01,1,1,1,0,8,0,-1,-1, -1,-1,2021,19.0,1,2,3,0,1,26,1,,2,ROUTE NATIONALE 1,0,,3,4,0,1,1,200,1,, -1,1,9,1,90,9,10,5,973,97302,1,1,0,6,ROUTE NATIONALE 1,4.92038,-52.33041,3,1,1
202100014949,174Â 984,A01,1,1,1,5,2,6,-1,-1, -1,-1,2021,16.0,2,1,0,0,8,14,1,,3,MONTAGNE (ROUTE DE LA),0,,2,2,0,2,(1),(1),4,, -1,2,0,1,70,3,10,1,974,97411,1,1,1,7,MONTAGNE (ROUTE DE LA),-20.878657,55.44365,10,1,1
202100035416,138Â 414,B01,1,1,1,0,2,-1,-1,0,0,-1,2021,22.0,0,1,0,2,1,1,0,,4,,0,,2,2,0,1,(1),(1),1,,4,1,0,1,50,10,6,1,64,64422,2,9,0,4,rue de la pistole,43.1850382957,-0.6193924704,13,4,4
202100016484,172Â 162,A01,1,1,1,5,2,8,-1,-1, -1,-1,2021,48.0,2,1,12,0,1,13,1,,3,,0,,2,2,0,1,4,305,2,, -1,1,5,3,50,25,9,3,56,56162,1,6,0,6,Kerscouet,47.70967,-3.43869,7,1,1
202100044087,122Â 872,B01,1,1,2,3,1,-1,-1,0,0,-1,2021,34.0,1,2,0,2,1,1,0,,3,7,0,,2,2,0,1,35,500,1,, -1,1,0,1,80,14,4,1,50,50320,1,1,1,1,la petite croute,48.85298,-1.383891,19,2,2
202100008516,186Â 510,A01,1,1,1,5,2,6,-1,-1, -1,-1,2021,30.0,1,1,0,2,1,2,1,,3,909,0,,2,3,3,1,0,0,1,, -1,1,0,1,50,11,11,1,92,92044,2,1,0,2,VIC. HUGO(RUE)001A067 ET002A078,48.8950478298,2.2974662483,14,2,2
202100012509,179Â 349,B01,1,1,1,5,1,-1,-1,0,0,-1,2021,24.0,2,2,0,2,3,13,1,,3,241,-1,,2,2,0,2,1,500,2,, -1,1,0,1,80,16,10,1,47,47192,1,1,1,1,RD 241 La GrÃ¨ze,44.555127,0.554101,16,2,2
202100001035,199Â 918,B01,1,1,2,5,1,0,-1,-1, -1,-1,2021,57.0,0,2,0,2,1,1,0,,3,RIBERAC (ROUTE DE),0,,2,2,0,1,0,0,1,, -1,1,0,1,50,24,12,2,24,24102,1,1,0,1,RIBERAC (ROUTE DE),45.19632,0.65168,18,3,2
202100040982,128Â 365,B01,1,1,2,5,1,-1,-1,0,0,-1,2021,65.0,2,2,0,2,3,1,1,,3,23,-1,,2,2,0,2,16,350,3,, -1,1,0,1,-1,8,5,1,80,80766,1,1,0,1,D23,50.033057,2.465987,18,4,2
202100042777,125Â 187,A01,2,2,2,5,2,6,-1,0,0,-1,2021,33.0,2,1,0,1,7,17,1,,3,1,-1,,2,2,0,2,4,116,1,, -1,1,0,1,-1,24,4,1,34,34238,1,1,0,6,dÃ©partementale 1,43.8496626804,3.6503362656,17,3,1
202100045164,121Â 002,A01,1,1,1,0,1,-1,-1,0,0,-1,2021,75.0,2,2,5,0,0,1,1,,1,75,0,,2,4,0,2,115,690,2,, -1,1,0,2,130,5,4,1,48,48002,1,1,0,6,AUTOROUTE A75 PK 115+690,44.878571,3.244604,10,1,1
202100019476,166Â 823,A01,1,1,2,0,2,0,-1,-1, -1,-1,2021,15.0,1,1,0,2,1,13,1,,3,PAUL GELOS (RUE),0,,2,3,0,1,27,750,1,, -1,1,0,1,50,11,9,1,64,64545,2,3,0,3,PAUL GELOS (RUE),43.377909,-1.672476,11,2,2
202100001141,199Â 732,A01,1,1,2,0,1,0,-1,-1, -1,-1,2021,52.0,1,2,3,0,1,1,1,,1,AUTOROUTE A86,0,,-1,2,0,3,16,0,2,, -1,2,2,1,70,29,12,1,93,93027,1,1,1,1,AUTOROUTE A86,48.92681,2.40337,13,1,1
202100010930,182Â 191,A01,10,3,1,5,0,-1,-1,3,3,1,2021,66.0,1,5,0,1,1,1,3,,4,AVENUE DELCASSE,0,,1,3,0,1,(1),(1),1,, -1,1,8,1,30,26,10,2,75,75108,2,2,0,6,AVENUE DELCASSE,48.872587,2.314701,18,2,1
202100030859,146Â 602,A01,1,1,1,9,2,0,-1,0,0,-1,2021,26.0,1,1,0,2,1,2,5,,4,RUE LOUIS BRAILLE,0,,2,2,0,2,(1),(1),1,, -1,1,0,1,50,4,7,5,75,75112,2,1,0,2,RUE LOUIS BRAILLE,48.83972,2.40212,1,2,2
202100014008,176Â 664,A01,1,1,1,0,8,0,-1,-1, -1,-1,2021,30.0,1,2,2,0,1,1,1,,4,PASCALIS PIERRE (CH),0,,2,2,0,1,0,0,3,, -1,1,0,8,50,10,10,1,13,13001,1,1,0,7,PASCALIS PIERRE (CH),43.56168,5.46616,13,1,1
202100017257,170Â 803,B01,1,1,1,5,2,-1,-1,0,0,-1,2021,57.0,1,1,0,2,8,2,0,,3,1,0,G,2,2,0,1,4,50,4,,"5,5",1,0,1,80,25,9,1,10,10209,1,1,0,6,D 1 G,48.27571,4.302564,16,3,3
202100023268,160Â 025,A01,10,3,2,0,0,-1,-1,1,3,1,2021,41.0,1,2,0,1,5,17,1,,4,JOFFRE (AVENUE DU MARECHAL CD 88),0,,2,2,0,1,0,0,1,, -1,1,0,1,50,18,8,1,66,66136,2,1,0,6,JOFFRE (AVENUE DU MARECHAL CD 88),42.71063,2.89021,12,2,1
202100006782,189Â 663,A01,2,2,2,3,1,-1,-1,0,0,-1,2021,86.0,2,2,1,0,2,14,1,,2,,0,,3,2,0,1,70,328,1,,4,2,0,3,50,24,11,1,34,34325,2,1,1,6,Avenue de BÃ©ziers,43.419902,3.364772,10,2,1
202100027076,153Â 323,A01,10,3,1,5,0,-1,-1,2,3,1,2021,18.0,1,2,0,1,1,1,1,,4,FRANÃOISE DUPARC (BOULEVARD),0,,3,4,0,1,0,0,1,, -1,1,0,1,50,25,7,2,13,13204,2,1,0,6,FRANÃOISE DUPARC (BOULEVARD),43.30802,5.40216,20,2,1
202100029005,149Â 886,A01,1,1,1,5,2,6,-1,0,0,-1,2021,15.0,3,1,7,0,0,1,1,,3,676,-1,,2,2,0,2,18,345,1,, -1,1,0,4,50,14,7,1,47,47175,2,1,0,6,Avenue de la libÃ©ration,44.529418,0.765921,15,1,1
202100031803,144Â 914,A01,1,1,2,5,1,0,-1,-1, -1,-1,2021,28.0,1,2,4,0,3,13,1,,1,A72,0,,3,7,0,1,8,300,1,, -1,1,0,1,90,28,6,1,42,42330,1,1,0,6,A72,45.47586,4.35905,18,1,1
202100009772,184Â 227,B01,1,1,2,1,1,8,-1,-1, -1,-1,2021,62.0,2,2,0,2,6,1,1,,4,,0,,2,2,0,1,(1),(1),1,, -1,1,0,1,50,2,11,1,37,37261,2,2,0,3,PITARD (RUE STEPHANE),47.377709694,0.6853919034,13,2,2
202100034753,139Â 590,A01,10,3,1,5,0,-1,-1,3,3,1,2021,3.0,2,5,0,1,3,1,1,,4,CARMES (RUE DES),0,,2,2,3,1,(1),(1),1,, -1,1,6,1,30,12,6,1,45,45234,2,1,0,6,Rue des Carmes,47.90178,1.89935,17,2,1
202100052108,108Â 567,A01,1,1,2,5,1,0,-1,-1, -1,-1,2021,48.0,2,2,0,2,3,10,1,,4,CARNOT (BOULEVARD),0,,2,4,0,2,0,0,1,, -1,1,0,1,50,6,2,1,87,87085,2,1,0,3,CARNOT (BOULEVARD),45.83296,1.25894,10,2,2
202100032445,143Â 782,A01,10,3,1,0,0,-1,-1,1,3,2,2021,17.0,2,2,0,1,3,19,1,,3,ROUTE DEPARTEMENTALE 14,0,,2,2,0,1,1,0,1,, -1,1,0,1,70,23,6,3,972,97213,1,9,0,6,ROUTE DEPARTEMENTALE 14,14.6245793035,-61.0186457634,18,2,1
202100005172,192Â 534,B01,2,2,2,0,1,-1,-1,0,0,-1,2021,49.0,2,2,0,0,7,1,1,,3,216,-1,,2,2,0,1,9,655,1,, -1,2,5,1,70,3,12,1,77,77318,1,2,0,3,D216,48.79257,2.934862,16,3,2
202100049044,114Â 088,B01,1,1,1,1,1,0,-1,-1, -1,-1,2021,27.0,1,2,0,2,4,2,1,,2,RN1 (ROUTE NATIONALE),0,,1,1,0,1,(1),(1),3,, -1,1,0,1,70,4,3,1,974,97416,1,1,0,4,RN1 (ROUTE NATIONALE),-21.33188,55.45704,7,3,3
202100004995,192Â 860,A01,1,1,1,5,1,-1,-1,0,0,-1,2021,30.0,1,2,13,0,1,0,1,,3,13,0,,2,2,0,1,(1),(1),3,, -1,2,0,3,80,4,12,3,50,50295,1,2,1,6,La Croix Mariee,48.95671,-1.200567,6,1,1
202100024097,158Â 588,B01,2,2,2,0,2,6,-1,-1, -1,-1,2021,22.0,1,1,0,2,5,17,1,,1,A507 sens Marseille - Aubagne,0,,3,4,0,2,7,670,1,, -1,1,1,1,70,15,8,1,13,13055,1,1,0,2,A507 sens Marseille - Aubagne,43.29673,5.4246,18,4,2
202100041541,127Â 352,B01,1,1,1,0,2,8,-1,-1, -1,-1,2021,15.0,1,1,1,0,4,2,1,,2,RN7 (GrÃ¨zes-pouloumard),0,,2,2,0,1,91,233,1,, -1,1,0,3,80,3,5,1,26,26198,1,1,0,2,Route Nationale 7,44.54118,4.7305,12,3,2
202100018528,168Â 514,A01,10,3,2,0,0,-1,-1,3,3,1,2021,78.0,1,2,0,1,2,1,1,,7,GENERAL DE GAULLE                   (AV),0,,2,2,3,1,1,700,1,, -1,2,0,1,50,16,9,1,69,69034,2,1,1,6,GENERAL DE GAULLE (AV),45.81156,4.85903,14,2,1
202100054497,104Â 359,A01,10,3,1,9,0,-1,-1,1,3,1,2021,57.0,3,2,0,1,6,15,1,,4,HENRI POINCARE,0,,1,1,0,1,0,0,1,, -1,2,9,1,50,14,1,4,92,92004,2,3,1,6,LADJI DOUCOURE,48.9308783383,2.2829375402,18,2,1
202100013458,177Â 684,B01,1,1,1,0,1,-1,-1,0,0,-1,2021,52.0,1,2,0,2,3,1,1,,3,,0,D,2,2,0,4,16,500,3,, -1,1,0,1,80,14,10,1,88,88141,1,1,1,1,D13,48.267127,5.896976,10,2,2
202100005735,191Â 546,A01,10,3,1,9,0,-1,-1,2,3,1,2021,95.0,2,2,0,1,2,1,1,,3,UNAL (AVENUE MARCEL),0,,3,2,0,1,2,213,1,, -1,1,9,1,50,28,11,4,82,82121,2,1,0,6,330 Avenue Marcel Unal,44.00743,1.38058,17,2,1
202100013487,177Â 627,A01,10,3,1,3,8,8,-1,3,3,1,2021,11.0,3,2,0,1,2,1,1,,4,AV SALVADOR ALLENDE,0,,2,2,0,1,0,0,1,, -1,1,0,1,50,12,10,1,91,91103,2,1,0,6,AV SALVADOR ALLENDE,48.61975,2.31074,17,2,1