Num_Acc,id_vehicule,num_veh,place,catu,sexe,trajet,secu1,secu2,secu3,locp,actp,etatp,year_acc,victim_age,senc,catv,obs,obsm,choc,manv,motor,occutc,catr,voie,v1,v2,circ,nbv,vosp,prof,pr,pr1,plan,lartpc,larrout,surf,infra,situ,vma,jour,mois,lum,dep,com,agg_,int,atm,col,adr,lat,long,hour,nb_victim,nb_vehicules
202100052134,108Â 521,A01,2,2,1,5,2,6,-1,-1, -1,-1,2021,18.0,1,1,0,0,0,1,1,,3,ROCADE OUEST (RD 610),0,,1,1,0,2,8,257,3,, -1,2,0,1,50,7,2,1,10,10325,2,1,0,7,ROCADE OUEST (RD 610),48.263526,4.080009,15,2,1
202100008780,186Â 050,A01,10,3,1,0,0,-1,-1,4,3,1,2021,13.0,2,2,0,1,1,1,3,,4,JEAN BAPTISTE CLEMENT (AVENUE) 1/47 - 2/,0,,-1,2,0,1,0,0,1,, -1,1,0,1,50,9,11,1,92,92012,2,2,0,6,JEAN BAPTISTE CLEMENT (AVENUE) 1/47 - 2/,48.8458767301,2.2370240092,15,2,1
202100052567,107Â 759,A01,10,3,1,5,0,-1,-1,4,3,1,2021,16.0,1,1,0,1,1,1,1,,4,AVENUE DE CLICHY,0,,2,2,0,1,(1),(1),1,, -1,1,0,1,50,4,2,1,75,75117,2,3,0,6,AVENUE DE CLICHY,48.892327,2.317185,15,2,1
202100055723,102Â 260,B01,1,1,1,0,0,-1,-1,0,0,-1,2021,67.0,1,1,0,2,1,1,5,,3,35,0,D,2,2,0,2,20,150,3,, -1,1,5,1,80,8,1,1,67,67120,1,2,1,1,intersection D35 - D603,48.375685,7.43848,13,2,2
202100035697,137Â 904,A01,10,3,2,5,-1,-1,-1,8,A,1,2021,23.0,1,1,0,1,1,1,5,,3,FORGES (AVENUE DES),0,,-1,2,0,1,1,465,1,, -1,1,0,1,50,8,6,1,65,65440,2,1,0,6,FORGES (AVENUE DES),43.241172,0.078278,8,2,1
202100020854,164Â 372,B01,1,1,1,5,8,0,-1,-1, -1,-1,2021,19.0,3,1,0,2,1,1,3,,4,RHIN ET DANUBE (AVENUE),0,,2,5,2,1,(1),(1),1,, -1,1,0,1,50,4,9,5,38,38185,2,1,0,2,Avenue Rhin et Danube,45.17452,5.70504,23,2,2
202100053985,105Â 252,A01,1,1,1,5,2,6,-1,0,0,-1,2021,21.0,1,1,0,0,7,1,1,,3,6,0,D,2,2,0,1,13,0,1,, -1,2,9,1,30,24,1,1,82,82190,2,1,1,7,Route d'Auch,43.850162,1.227551,14,1,1
202100021840,162Â 589,A01,1,1,2,0,1,-1,-1,0,0,-1,2021,20.0,2,2,13,0,2,0,1,,3,151,0,D,2,2,0,1,18,667,1,, -1,1,0,3,80,31,8,1,76,76328,1,1,0,6,D151,49.650709,1.179142,9,1,1
202100039338,131Â 285,A01,1,1,1,5,2,6,-1,0,0,-1,2021,17.0,0,1,15,0,8,13,1,,3,19,0,D,2,2,0,2,(1),(1),2,, -1,1,0,1,80,9,5,1,84,84069,1,1,0,7,D19,44.142798,5.132225,17,1,1
202100047467,116Â 917,A01,1,1,1,0,2,6,-1,-1, -1,-1,2021,26.0,1,1,0,2,1,1,1,,4,kaweni-GEOLE (la),0,,2,0,0,1,0,0,1,, -1,1,0,1,50,18,3,1,976,97611,2,1,0,2,kaweni-GEOLE (la),-12.767,45.22477,10,2,2
202100029112,149Â 710,C01,1,1,1,0,8,0,-1,-1, -1,-1,2021,22.0,2,1,0,9,1,1,5,,4,JACOBINS (RUE DES),0,,1,2,2,2,(1),(1),1,, -1,1,-1,4,50,8,7,1,63,63113,2,1,0,5,JACOBINS (RUE DES),45.78188,3.09511,19,3,3
202100056221,101Â 402,A01,10,3,1,2,0,-1,-1,3,3,1,2021,12.0,1,2,0,1,7,1,1,,4,,-1,,2,2,0,1,(1),(1),1,, -1,1,0,1,50,4,1,1,14,14047,2,1,0,6,Avenue Conseil,49.277013,-0.71063,16,2,1
202100027332,152Â 865,A01,1,1,2,9,1,8,-1,-1, -1,-1,2021,18.0,1,2,0,2,1,13,1,,3,201,0,,2,2,0,1,0,0,1,, -1,1,0,1,70,23,7,1,91,91109,2,1,0,1,COCHET (RUE DU)        RD201,48.45937,2.12498,18,2,2
202100016987,171Â 256,Z01,10,3,1,3,0,-1,-1,2,3,1,2021,53.0,1,2,0,1,0,0,1,,4,ATHENES (BOULEVARD D'),0,,2,4,0,2,(1),(1),1,, -1,1,0,1,50,22,9,5,13,13201,2,1,0,1,ATHENES (BOULEVARD D'),43.3002529147,5.3807415768,20,2,1
202100034033,140Â 929,A01,1,1,1,0,2,8,-1,-1, -1,-1,2021,47.0,0,1,0,2,1,1,1,,4,INGOUVILLE (RUE),0,,2,3,1,2,(1),(1),1,, -1,1,0,1,50,15,6,1,76,76351,2,2,0,2,INGOUVILLE (RUE),49.49748,0.10943,20,2,2
202100002089,198Â 065,A01,2,2,1,4,8,-1,-1,0,0,-1,2021,50.0,2,5,0,2,3,11,1,,7,910,-1,,3,4,0,1,(1),(1),1,, -1,7,0,1,50,21,12,5,37,37050,2,1,1,3,77 Avenue du Grand Sud,47.3411764731,0.7033985853,7,3,2
202100006567,190Â 062,A01,10,3,2,5,8,-1,-1,3,3,1,2021,74.0,2,2,0,1,1,1,1,,4,PRESIDENT EDOUARD HERRIOT (DU)      (R ),0,,1,1,3,1,(1),(1),1,, -1,1,0,1,50,22,11,5,69,69382,2,3,0,6,PRESIDENT EDOUARD HERRIOT (DU) (R),45.75875,4.83393,18,2,1
202100028209,151Â 272,B01,1,1,1,5,2,6,-1,0,0,-1,2021,60.0,2,1,0,2,1,1,1,,7,512,0,,2,2,0,2,(1),(1),4,, -1,1,0,1,70,20,7,1,38,38126,1,4,0,3,D512,45.227332,5.758821,17,2,2
202100010019,183Â 788,A01,1,1,2,5,1,0,-1,-1, -1,-1,2021,27.0,1,2,0,0,1,26,1,,3,RD 323,0,,1,1,0,1,37,600,3,, -1,1,0,1,70,31,10,1,49,49007,1,1,0,6,RD 323,47.46458,-0.57347,11,2,1
202100038842,132Â 198,A01,1,1,1,0,8,-1,-1,0,0,-1,2021,29.0,2,5,8,0,1,14,1,,3,9,-1,,2,2,0,1,0,950,2,, -1,2,0,3,50,23,5,3,973,97311,1,1,0,7,Route de Mana,5.496985,-53.971581,6,2,1
202100041489,127Â 446,A01,10,3,1,0,8,8,-1,3,3,1,2021,10.0,2,2,0,1,2,1,1,,4,,0,,1,1,0,1,(1),(1),1,, -1,1,0,1,50,11,3,1,42,42183,2,9,0,6,Rue de la LibÃ©ration,45.403793,4.366387,12,2,1
202100034737,139Â 620,A01,1,1,1,5,2,-1,-1,-1, -1,-1,2021,30.0,1,1,0,0,0,1,1,,4,REPOS (DU)                          (R ),0,,1,1,0,1,(1),(1),1,, -1,1,0,1,50,11,6,2,69,69387,2,2,0,7,REPOS (DU) (R),45.74751,4.84857,21,1,1
202100033623,141Â 663,A01,10,3,1,0,0,-1,-1,3,3,1,2021,12.0,1,2,0,1,2,1,3,,3,,0,,2,2,0,1,11,823,1,, -1,1,9,1,50,18,6,1,6,6069,2,1,0,6,VICTOR HUGO  (BD),43.65601,6.919526,13,2,1
202100019536,166Â 712,B01,1,1,1,5,0,-1,-1,0,0,-1,2021,11.0,3,1,0,2,7,1,5,,4,,-1,,2,2,1,1,(1),(1),1,,4,1,9,5,-1,11,9,1,51,51649,2,1,0,3,Rue du 8 Mai 1945,48.716921,4.590113,19,2,2
202100045187,120Â 968,A01,1,1,1,5,0,-1,-1,0,0,-1,2021,21.0,1,1,0,0,0,1,1,,2,RT91,0,,2,2,1,1,7,800,4,, -1,1,0,1,60,3,4,3,987,98729,1,1,0,7,pk 07+800 AFAREAITU,-17.542161,-149.775324,21,2,1
202100020525,164Â 949,B01,1,1,1,4,1,8,-1,-1, -1,-1,2021,49.0,1,5,0,2,6,23,1,,4,ZAY (AVENUE JEAN ZAY),0,,3,4,0,1,(1),(1),1,, -1,1,0,1,50,6,9,1,45,45234,2,1,0,2,Avenue Jean Zay,47.90537,1.92036,13,2,2
202100040899,128Â 523,A01,10,3,2,2,0,-1,-1,3,3,2,2021,8.0,1,2,0,1,3,1,1,,4,CURIE (AV. PIERRE ET MARIE),0,,3,4,0,1,(1),(1),3,, -1,2,0,1,30,6,5,1,60,60159,2,6,0,6,Avenue Pierre et Marie Curie,49.39698,2.7944,13,3,1
202100049198,113Â 819,A01,1,1,2,5,2,-1,-1,0,0,-1,2021,16.0,3,1,0,2,1,9,1,,3,,-1,,2,2,0,1,0,180,3,, -1,1,0,1,-1,28,2,1,7,7042,2,4,0,1,avenue marechal leclerc,44.384595,4.641802,17,2,2
202100003361,195Â 756,A01,1,1,2,9,1,-1,-1,0,0,-1,2021,23.0,1,2,13,0,3,2,1,,3,32,-1,,2,2,0,1,21,(1),1,, -1,2,0,3,80,12,12,1,28,28137,1,1,0,7,D32,48.560733,1.748285,13,1,1
202100046608,118Â 458,A01,2,2,1,0,8,0,-1,-1, -1,-1,2021,20.0,2,2,6,0,1,1,1,,4,KOENING (AVENUE MARECHAL),0,,2,2,0,1,(1),(1),2,, -1,1,0,4,50,24,3,5,34,34198,2,1,0,6,KOENING (AVENUE MARECHAL),43.5583866152,3.9549436096,21,2,1
202100004749,193Â 293,B01,1,1,1,9,1,0,-1,-1, -1,-1,2021,58.0,1,2,0,2,1,2,1,,3,RD 323,0,,3,4,0,1,39,750,1,, -1,2,0,1,80,3,12,2,49,49007,2,1,1,4,RD 323,47.46945,-0.59526,17,4,4
202100027014,153Â 430,B01,1,1,1,5,2,-1,-1,0,0,-1,2021,39.0,2,1,0,2,4,1,5,,3,718,-1,D,2,2,0,1,5,300,1,, -1,1,0,1,80,26,7,2,11,11145,1,1,0,2,D718,43.231134,3.200455,21,2,2
202100028548,150Â 690,A01,1,1,1,5,2,6,-1,0,0,-1,2021,14.0,2,1,0,2,8,17,1,,4,,0,,2,2,0,1,(1),(1),1,,4,1,0,1,-1,15,7,1,64,64547,1,1,0,1,Chemin Oihan Bidea,43.391203,-1.491759,17,2,2
202100041926,126Â 676,B01,1,1,1,9,2,6,-1,0,0,-1,2021,35.0,2,1,0,2,3,21,1,,4,RUE EMERIAU,0,,2,2,0,1,(1),(1),1,, -1,1,0,1,50,30,4,2,75,75115,2,3,0,3,RUE EMERIAU,48.8486383415,2.2851233954,19,2,2
202100046560,118Â 544,A01,1,1,1,0,2,6,-1,-1, -1,-1,2021,30.0,2,1,0,2,7,1,1,,3,vahibe-Departementale 3 ( route ),0,,2,0,0,1,0,0,1,, -1,1,0,1,50,24,3,2,976,97611,2,6,0,1,passamanty-VahibÃ© ( route ),-12.80097,45.20607,17,2,2
202100012435,179Â 481,A01,10,3,2,0,0,-1,-1,4,3,1,2021,18.0,3,2,0,1,1,1,1,,4,MONTLOSIER (RUE),0,,2,2,0,1,(1),(1),1,, -1,1,0,1,30,14,10,2,63,63113,2,5,0,6,MONTLOSIER (RUE),45.7812772442,3.0915570437,8,2,1
202100004810,193Â 185,A01,3,2,2,9,1,0,-1,0,0,-1,2021,39.0,2,2,9,0,3,13,1,,4,RUE MARX DORMOY,0,,2,3,3,1,(1),(1),1,, -1,2,0,6,30,3,12,5,75,75118,2,2,1,6,RUE MARX DORMOY,48.890252,2.359914,22,3,1
202100042311,125Â 996,B01,1,1,2,1,8,0,-1,-1, -1,-1,2021,47.0,1,1,0,2,1,1,3,,4,ORGEMONT,0,,2,2,0,1,1,0,1,, -1,1,0,1,50,27,4,1,49,49007,2,1,0,3,ORGEMONT,47.453729,-0.546064,9,2,2
202100018548,168Â 479,B01,1,1,1,5,2,-1,-1,-1, -1,-1,2021,70.0,2,1,0,2,6,1,5,,7,MARS 1962 (AVENUE DU 19),0,,3,4,0,1,0,600,1,, -1,1,0,1,50,31,8,1,69,69096,2,2,0,3,19 MARS 1962 (DU) (AV),45.6044580228,4.7826039791,15,2,2
202100019150,167Â 397,A01,1,1,2,9,1,0,-1,-1, -1,-1,2021,41.0,1,2,0,2,1,15,1,,3,SAINT JUERY (AV DE) DU NÂ° 49 A LA FIN,0,,2,3,0,1,2,988,1,, -1,1,0,1,50,13,9,1,81,81004,2,9,0,1,Avenue de Saint JuÃ©ry,43.936870663,2.1809503734,17,3,2
202100039637,130Â 740,B01,1,1,1,5,2,-1,-1,0,0,-1,2021,52.0,1,1,0,2,1,1,1,,2,21,0, -,2,2,0,1,2,200,1,, -1,1,6,1,30,10,5,1,65,65375,2,2,1,3,Place Centrale,43.388115,0.151105,8,2,2
202100025145,156Â 710,A01,2,2,2,9,1,0,-1,0,0,-1,2021,48.0,0,2,0,2,2,1,1,,4,RUE DE MOUZAIA,0,,2,4,0,2,(1),(1),1,, -1,1,0,1,50,7,8,1,75,75119,2,5,0,3,RUE DE MOUZAIA,48.880076,2.398463,10,3,2
202100033885,141Â 193,B01,1,1,1,5,0,0,-1,-1, -1,-1,2021,66.0,1,1,0,2,4,1,5,,4,LEROUX (R),0,,1,3,0,1,1,0,1,, -1,1,0,3,30,16,6,1,94,94068,2,1,0,2,Rue Leroux,48.80612,2.47226,18,2,2
202100045767,119Â 945,A01,1,1,1,0,1,-1,-1,-1, -1,-1,2021,42.0,1,2,0,2,8,10,1,,4,CASSIN (AVE RENE),0,,2,3,0,2,(1),(1),3,, -1,1,0,1,30,31,3,1,33,33281,1,1,0,3,Avenue RenÃ© Cassin,44.83213,-0.67027,16,2,2
202100052471,107Â 924,B01,1,1,1,3,8,0,-1,-1, -1,-1,2021,74.0,1,1,0,2,0,0,0,,3,PASTEUR S2  (AVENUE),0,,1,2,1,2,1,1,1,, -1,1,0,1,50,5,2,1,93,93048,2,6,0,3,PASTEUR S2  (AVENUE),48.869153233,2.4325352778,11,2,2
202100053038,106Â 918,A01,1,1,1,0,1,4,-1,-1, -1,-1,2021,33.0,1,2,0,2,9,1,1,,1,A4,0,,1,3,0,1,26,500,1,, -1,1,0,1,130,31,1,1,77,77058,1,1,0,2,A4,48.8288028375,2.7341561827,14,2,2
202100034698,139Â 703,B01,1,1,1,5,2,-1,-1,0,0,-1,2021,52.0,3,1,0,0,3,1,1,,3,D34,-1,,2,1,0,1,(1),(1),1,,5,1,0,1,80,13,6,1,13,13027,1,3,0,3,route de la crau,43.885282,4.829092,18,2,2
202100038446,132Â 923,A01,1,1,1,5,2,-1,-1,0,0,-1,2021,57.0,0,1,0,0,0,0,5,,3,2210,-1,,2,1,0,3,28,225,4,, -1,1,0,1,80,25,5,1,6,6148,1,1,0,7,Route de Grasse,43.711142,6.997685,16,1,1
202100048185,115Â 621,A01,2,2,1,5,1,9,-1,0,0,-1,2021,18.0,1,2,13,0,1,1,1,,3,17,0,D,2,2,0,1,39,300,4,, -1,2,0,1,80,14,3,3,2,2718,1,1,1,6,Rue des Hureaux,49.191773,3.143892,3,2,1
202100001280,199Â 471,A01,1,1,1,5,8,0,-1,-1, -1,-1,2021,53.0,1,1,0,2,7,9,5,,3,GRAND PORT (RONDEAU) AVENUE DU,0,,4,2,0,1,29,145,3,, -1,2,0,1,50,26,12,5,73,73008,2,6,1,3,D991 GRAND PORT (RONDEAU) AVENUE DU,45.69943,5.90428,18,2,2
202100052473,107Â 921,B01,1,1,2,3,2,8,-1,-1, -1,-1,2021,56.0,2,1,0,2,1,1,0,,4,ROBESPIERRE RUE,0,,1,1,0,1,40,0,1,, -1,1,0,1,30,5,2,1,93,93006,2,1,0,1,ROBESPIERRE RUE,48.86459,2.41857,13,2,2
202100031016,146Â 295,A01,1,1,1,5,1,8,-1,-1, -1,-1,2021,86.0,1,2,1,0,2,14,1,,4,JARDINIERS (RUE DES),0,,1,1,2,1,0,0,2,, -1,1,0,1,30,27,6,1,67,67482,2,1,0,6,JARDINIERS (RUE DES),48.5984027109,7.7852344729,20,1,1
202100048475,115Â 117,A01,1,1,1,5,2,9,6,0,0,-1,2021,38.0,1,1,13,0,1,1,1,,3,1084,0,,2,2,0,2,53,465,2,, -1,1,0,8,80,12,3,1,1,1068,1,1,0,6,D1084,46.082046,5.477291,16,1,1
202100013765,177Â 105,B01,2,2,1,0,2,-1,-1,0,0,-1,2021,8.0,0,1,0,0,0,0,1,,2,RT1,0,,2,2,0,1,(1),(1),1,, -1,1,0,1,50,12,10,1,987,98715,2,9,0,3,"RT1 face Ã  la blanchisserie MEAMA, Ã  la sortie de l'aÃ©roport",-17.584522,-149.568578,16,3,2
202100019102,167Â 489,B01,1,1,2,1,1,8,-1,-1, -1,-1,2021,30.0,1,2,0,2,4,1,1,,1,A507 sens Marseille - Aubagne,0,,1,3,0,1,6,510,1,, -1,1,1,1,70,14,9,1,13,13055,1,1,0,4,A507 sens Marseille - Aubagne,43.330094,5.409358,8,5,4
202100046395,118Â 842,B01,1,1,1,0,2,0,-1,-1, -1,-1,2021,39.0,1,1,8,2,7,17,0,,4,CARNOT (BOULEVARD),0,,1,1,0,1,0,1,1,, -1,1,0,1,50,27,3,1,93,93066,2,1,0,3,CARNOT (BOULEVARD),48.9383087081,2.3532919981,15,4,2
202100041280,127Â 818,B01,1,1,1,4,2,-1,-1,-1, -1,-1,2021,19.0,0,1,0,2,1,13,3,,4,,0,,2,1,0,2,(1),(1),3,, -1,1,0,1,50,2,5,1,50,50203,2,1,0,1,GOLF DES ROCHES (LE),49.6047,-1.60794,21,2,2
202100000430,200Â 941,B01,2,2,2,0,2,0,-1,-1, -1,-1,2021,26.0,1,1,0,2,2,1,0,,4,PRADO (AVENUE DU),0,,1,4,0,1,0,0,1,, -1,1,9,1,50,13,11,5,13,13208,2,1,0,3,PRADO (AVENUE DU),43.2704975943,5.3881923555,23,3,2
202100004837,193Â 141,B01,1,1,2,0,2,0,-1,-1, -1,-1,2021,36.0,1,1,0,2,1,1,3,,3,910,0,,-1,0,1,1,0,0,1,, -1,2,0,1,50,4,12,5,92,92012,2,6,1,3,MARCEL SEMBAT (PLACE),48.8337823895,2.2436544299,17,2,2
202100032396,143Â 865,A01,7,2,2,5,1,-1,-1,0,0,-1,2021,83.0,1,2,7,2,7,19,1,,3,378,-1,D,2,2,0,1,9,0,1,, -1,1,5,1,80,25,6,1,40,40150,1,2,0,5,D16,43.822855,-1.258063,18,5,2
202100051126,110Â 290,A01,10,3,1,3,0,-1,-1,2,3,1,2021,69.0,2,4,0,1,3,19,1,,3,,-1,,1,1,0,1,8,450,1,, -1,1,0,1,50,19,2,1,31,31582,2,1,0,6,Rue de la RÃ©publique,43.399238,1.71647,10,2,1
202100024115,158Â 555,A01,1,1,2,5,8,-1,-1,-1, -1,-1,2021,21.0,2,0,0,0,0,26,3,,4,TRION (DE)                          (R ),0,,2,3,0,2,(1),(1),1,, -1,1,0,1,50,14,8,1,69,69385,2,1,0,7,TRION (DE) (R),45.7579,4.81402,17,1,1
202100032804,143Â 138,A01,1,1,2,0,1,8,-1,-1, -1,-1,2021,18.0,1,4,0,2,4,23,1,,4,NORMANDIN   RUE EMILE,0,,2,2,0,1,(1),(1),1,, -1,1,5,1,50,20,6,5,17,17300,2,6,0,2,NORMANDIN   RUE EMILE,46.14193,-1.13987,3,2,2
202100056406,101Â 077,A01,1,1,1,9,8,0,-1,-1, -1,-1,2021,25.0,3,2,2,0,1,1,1,,4,,0,,3,2,0,1,(1),(1),1,, -1,1,0,3,50,1,1,5,37,37261,2,1,0,6,PONT CHER (AVENUE DE),47.3684742906,0.6762705303,3,1,1
202100017009,171Â 216,A01,1,1,1,1,2,6,-1,0,0,-1,2021,40.0,1,1,0,2,8,18,1,,4,ECHANGEUR MAILLOT,0,,1,2,0,1,(1),(1),3,, -1,1,0,1,50,23,9,1,75,75116,2,4,0,3,ECHANGEUR MAILLOT,48.8750625024,2.2766418429,12,2,2
202100017259,170Â 800,A01,1,1,2,0,1,-1,-1,0,0,-1,2021,60.0,1,2,0,2,3,19,1,,3,990,-1,,2,3,0,2,23,600,1,, -1,1,5,1,80,23,9,1,36,36030,1,4,0,3,,46.61701,1.776851,18,2,2
202100054349,104Â 613,B01,1,1,1,5,2,6,-1,0,0,-1,2021,70.0,2,1,0,2,8,1,1,,4,BOULEVARD PERIPHERIQUE,0,,1,5,0,1,0,100,1,, -1,1,0,1,70,20,1,1,75,75112,2,4,0,3,BOULEVARD PERIPHERIQUE,48.826782,2.390342,14,2,2
202100056477,100Â 950,A01,1,1,1,5,1,-1,-1,0,0,-1,2021,20.0,2,2,17,0,3,1,1,,3,519,0,,2,2,0,1,1,10,1,, -1,1,0,3,80,1,1,1,38,38072,1,1,0,7,Route de Grenoble,45.3134,4.82158,9,1,1
202100024035,158Â 682,B01,1,1,1,0,2,0,-1,-1, -1,-1,2021,28.0,1,1,1,0,1,1,5,,4,R LEON BLUM,0,,2,2,0,2,1,0,1,, -1,1,0,3,50,15,8,1,94,94022,2,1,0,6,Rue LÃ©on Blum,48.7571,2.4121,12,1,1
202100046643,118Â 393,A01,1,1,1,1,2,0,-1,0,0,-1,2021,19.0,1,1,0,2,1,2,1,,4,BOULEVARD BEAUMARCHAIS,0,,2,4,3,1,(1),(1),1,, -1,1,0,1,50,24,3,5,75,75111,2,2,0,2,BOULEVARD BEAUMARCHAIS,48.855804,2.368492,20,2,2
202100015321,174Â 318,A01,1,1,2,0,1,0,-1,-1, -1,-1,2021,28.0,2,2,0,2,1,1,1,,3,ITHURRALDE ANDRE (AVENUE),0,,2,2,0,1,24,300,3,, -1,2,0,1,50,3,10,1,64,64483,2,1,1,1,ITHURRALDE ANDRE (AVENUE),43.3977,-1.64297,13,2,2
202100007522,188Â 309,A01,1,1,2,0,1,-1,-1,0,0,-1,2021,40.0,3,2,0,0,4,23,1,,3,76,-1,,2,2,0,2,(1),(1),3,, -1,1,0,1,80,18,11,1,38,38449,1,1,0,2,Route d Heyrieux,45.639653,5.088054,11,2,2
202100048165,115Â 655,A01,1,1,1,0,2,6,-1,-1, -1,-1,2021,24.0,1,1,0,2,1,2,1,,3,907,0,,-1,2,0,1,101,0,1,, -1,1,0,1,50,13,3,1,92,92076,2,1,0,2,REPUBLIQUE,48.8374262692,2.1537494659,14,2,2
202100043705,123Â 567,A01,1,1,1,5,2,6,-1,0,0,-1,2021,16.0,2,1,0,2,2,1,1,,4,,-1,,1,2,0,1,(1),(1),1,, -1,1,0,1,50,17,4,1,83,83099,2,1,0,3,Rue du General Charles de Gaulle,43.454591,6.687275,18,3,2
202100024903,157Â 146,B01,1,1,2,0,1,0,-1,-1, -1,-1,2021,19.0,3,2,0,2,4,4,1,,4,AV LE FOLL,0,,1,3,0,1,1,0,1,, -1,1,0,1,50,9,8,1,94,94077,2,1,0,2,Avenue le Foll,48.72843,2.432,9,2,2
202100050917,110Â 663,A01,2,2,2,0,2,0,-1,-1, -1,-1,2021,30.0,2,1,0,2,1,1,1,,4,LIBERATION (BOULEVARD),0,,2,2,0,1,(1),(1),1,, -1,1,0,1,50,18,2,1,13,13205,2,1,0,2,LIBERATION (BOULEVARD),43.300395,5.389296,10,3,2
202100012139,180Â 015,A01,1,1,1,0,2,0,-1,-1, -1,-1,2021,31.0,2,1,0,2,7,3,1,,1,AUTOROUTE A1,0,,3,4,0,1,2,0,1,, -1,1,0,1,90,20,10,1,93,93066,1,1,1,3,AUTOROUTE A1,48.919966,2.357664,9,2,2
202100023160,160Â 220,B01,1,1,1,5,2,-1,-1,0,0,-1,2021,53.0,2,1,0,2,1,1,5,,3,176,0,,2,2,0,2,5,280,1,, -1,1,0,1,80,22,8,1,56,56147,1,1,0,5,LE ROSIER,47.551028,-2.254086,9,5,5
202100000872,200Â 182,A01,1,1,2,3,1,8,-1,-1, -1,-1,2021,32.0,3,2,13,0,1,13,1,,4,LAPEYRUSSE (LIEU-DIT),0,,2,2,0,2,(1),(1),2,, -1,2,0,3,90,24,12,1,15,15012,1,1,0,6,LAPEYRUSSE (LIEU-DIT),44.87431,2.45097,10,1,1
202100013955,176Â 756,A01,9,2,1,4,1,-1,-1,0,0,-1,2021,28.0,3,5,0,2,1,13,1,,4,,-1,,2,2,0,1,(1),(1),1,,4,1,0,1,50,12,10,1,1,1004,2,9,0,1,70 Avenue de la Liberation,45.96814,5.339313,15,4,2
202100027118,153Â 241,B01,1,1,1,5,1,-1,-1,0,0,-1,2021,53.0,1,2,0,2,3,1,1,,3,72,-1,,2,2,0,1,13,500,1,, -1,1,0,1,70,17,7,1,29,29267,1,1,0,1,D72 - Lieu Dit Kergoloen,48.160393,-3.877863,17,2,2
202100052313,108Â 209,A01,2,2,2,0,1,0,-1,-1, -1,-1,2021,17.0,2,2,0,2,2,15,1,,4,751,0,,2,4,0,1,(1),(1),1,, -1,2,0,1,50,5,2,5,37,37261,2,2,1,3,MALRAUX (QUAI ANDRE),47.3975748326,0.6994471478,19,5,2
202100021223,163Â 724,A01,1,1,1,0,8,8,-1,-1, -1,-1,2021,16.0,1,1,0,0,0,1,5,,3,CD63,0,,2,2,0,1,0,0,1,, -1,1,0,1,80,1,9,1,91,91223,1,1,0,7,CD63,48.41585,2.19405,19,1,1
202100016837,171Â 524,B01,1,1,2,3,1,-1,-1,-1, -1,-1,2021,52.0,3,2,0,2,8,1,1,,4,EUROPE (BD DE L'),0,,3,4,0,1,0,0,1,, -1,1,0,1,50,11,9,1,83,83126,2,1,0,3,EUROPE (BD DE L'),43.11207,5.85926,18,2,2
202100005922,191Â 205,B01,1,1,1,5,2,6,-1,-1, -1,-1,2021,43.0,1,1,0,2,1,1,1,,7,MIRABEAU (RUE),0,,2,1,0,1,(1),(1),1,, -1,2,0,1,30,26,11,5,59,59421,2,1,1,2,MIRABEAU (RUE),50.7027,3.1334,19,2,2
202100034116,140Â 779,A01,2,2,1,5,2,0,-1,-1, -1,-1,2021,22.0,2,1,0,2,1,17,1,,3,VICTOIRE (AV DE LA),0,,2,2,0,2,0,1,1,, -1,1,9,1,50,16,6,1,94,94054,2,9,0,2,Avenue de la Victoire,48.74542,2.40253,18,3,2
202100023101,160Â 320,B01,1,1,1,4,1,8,-1,-1, -1,-1,2021,45.0,3,5,0,2,3,15,1,,3,CLOS DE L'AUMONE (BOULEVARD DU),0,,2,2,0,1,2,213,1,, -1,1,0,1,70,21,8,1,77,77169,1,3,0,3,CLOS DE L'AUMONE (BOULEVARD DU),48.82617,2.61103,10,2,2
202100056132,101Â 548,B01,4,2,1,0,1,0,-1,-1, -1,-1,2021,28.0,3,2,0,2,1,0,1,,4,PARIS (RUE DE),0,,2,3,1,1,0,0,1,, -1,1,0,1,50,5,1,5,974,97411,2,3,0,3,Rue de Paris,-20.883954,55.450423,19,5,2
202100000017,201Â 731,A01,1,1,1,0,1,-1,-1,0,0,-1,2021,53.0,2,2,0,0,7,5,1,,1,26,0,,3,4,0,1,259,950,1,, -1,1,0,1,130,23,10,1,51,51362,1,1,0,3,A26,49.2759855047,3.9647179842,14,7,2
202100022065,162Â 187,A01,1,1,1,0,2,6,-1,-1, -1,-1,2021,22.0,1,1,0,0,7,1,1,,7,AMFREVILLE. ROUTE D',0,,2,2,0,1,18,400,2,, -1,1,0,1,80,28,8,1,76,76429,1,1,0,7,AMFREVILLE. ROUTE D',49.3981,1.1424,15,1,1
202100001592,198Â 962,A01,1,1,1,0,2,0,-1,0,0,-1,2021,59.0,1,1,0,2,1,2,1,,7,BINGEN (BD JACQUES),0,,3,5,0,1,(1),(1),1,, -1,1,0,1,90,21,12,1,63,63113,1,9,0,2,BINGEN (BD JACQUES),45.77171,3.11847,16,2,2
202100009337,185Â 015,A01,1,1,1,5,0,-1,-1,0,0,-1,2021,27.0,3,2,2,0,1,0,1,,4,,-1,,2,2,0,2,(1),(1),3,,"3,5",1,0,3,50,5,11,3,12,12032,1,1,0,6,Chemin du Lezert,44.27757,2.363139,23,2,1