Num_Acc,id_vehicule,num_veh,place,catu,sexe,trajet,secu1,secu2,secu3,locp,actp,etatp,year_acc,victim_age,senc,catv,obs,obsm,choc,manv,motor,occutc,catr,voie,v1,v2,circ,nbv,vosp,prof,pr,pr1,plan,lartpc,larrout,surf,infra,situ,vma,jour,mois,lum,dep,com,agg_,int,atm,col,adr,lat,long,hour,nb_victim,nb_vehicules
202100045980,119Â 565,A01,1,1,1,1,2,6,-1,0,0,-1,2021,20.0,1,1,0,2,1,1,1,,4,AVENUE DU DOCTEUR ARNOLD NETTER,0,,2,2,1,1,(1),(1),1,, -1,1,0,1,50,30,3,1,75,75112,2,1,0,2,AVENUE DU DOCTEUR ARNOLD NETTER,48.843936,2.405555,7,2,2
202100010964,182Â 128,B01,1,1,1,5,2,4,-1,0,0,-1,2021,89.0,2,1,0,0,4,1,5,,3,13,-1,,2,2,0,1,50,50,1,, -1,1,0,1,80,27,10,1,83,83057,1,1,0,2,RD 13 PK 49+950,43.37932,6.208949,13,2,2
202100047038,117Â 692,A01,1,1,1,1,1,0,-1,-1, -1,-1,2021,31.0,2,5,0,0,1,0,1,,4,ALLEVILLE (RUE D'),0,,2,2,0,1,(1),(1),2,, -1,1,0,1,50,20,3,2,45,45285,2,1,0,2,Rue dâAlleville,47.9209,1.86236,5,2,2
202100019792,166Â 270,A01,1,1,1,5,2,6,-1,0,0,-1,2021,32.0,2,1,0,2,3,13,1,,3,82,0,,2,2,0,2,4,980,3,, -1,1,0,1,80,11,9,2,202,202265,1,1,0,4,D82,42.5979436663,9.4071668399,19,3,3
202100004307,194Â 056,A01,10,3,1,9,0,-1,-1,1,3,1,2021,44.0,-1,5,0,1,2,1,1,,3,MARNAUDES (PETIT CHEMIN DES),0,,1,2,0,1,0,1,1,, -1,2,0,1,30,7,12,5,93,93077,2,1,1,6,MARNAUDES (PETIT CHEMIN DES),48.88482,2.49501,19,2,1
202100041874,126Â 774,B01,1,1,2,3,1,-1,-1,-1, -1,-1,2021,28.0,2,2,0,2,8,1,1,,4,COMMANDANT CHARCOT (DU)             (R ),0,,2,4,0,1,(1),(1),1,, -1,1,0,1,30,28,4,1,69,69385,2,1,0,3,COMMANDANT CHARCOT (R),45.7538,4.8055,16,4,2
202100038139,133Â 480,A01,1,1,1,4,2,6,-1,-1, -1,-1,2021,37.0,2,1,0,2,1,2,1,,1,AUTOROUTE A1,0,,3,8,0,1,8,0,1,, -1,2,0,1,90,26,5,1,93,93013,1,1,1,2,AUTOROUTE A1,48.94024,2.42273,8,2,2
202100044676,121Â 854,B01,1,1,2,0,1,0,-1,0,0,-1,2021,19.0,1,2,0,2,3,1,1,,7,,0,,3,4,0,1,(1),(1),1,, -1,1,0,1,50,2,4,5,63,63113,2,1,0,3,KENNEDY (BD J.F.),45.79766,3.12274,20,2,2
202100036780,135Â 965,B01,2,2,1,9,1,8,-1,-1, -1,-1,2021,1.0,1,2,0,2,9,1,1,,4,ESPAGNE D',0,,2,2,0,2,0,0,1,, -1,1,2,1,50,2,6,1,64,64129,2,1,0,4,PONT D'ESPAGNE,43.295408,-0.387082,8,4,3
202100036111,137Â 133,A01,10,3,2,5,0,-1,-1,0,9,1,2021,39.0,3,2,0,1,3,20,1,,4,CAPUCINS (RUE DES) NÂ° 1 A 31,0,,2,2,0,1,0,0,1,, -1,1,0,1,30,6,6,1,92,92048,2,9,0,6,CAPUCINS (RUE DES) NÂ° 1 A 31,48.8156915015,2.2277288139,14,2,1
202100003100,196Â 223,B01,1,1,1,4,1,0,-1,-1, -1,-1,2021,27.0,1,5,0,2,1,1,1,,4,JEAN JACQUES DE MONAIX,0,,-1,2,0,1,0,0,1,, -1,1,0,1,50,13,12,1,64,64445,2,2,0,1,Rue Jean-Jacques de Monaix,43.30346,-0.35703,9,2,2
202100015721,173Â 567,A01,1,1,1,0,2,6,-1,-1, -1,-1,2021,23.0,2,1,0,0,7,16,1,,1,AUTOROUTE A15,0,,1,2,0,2,4,500,3,, -1,2,0,1,50,2,10,1,92,92036,1,1,0,7,AUTOROUTE A15,48.9407552111,2.2929279506,8,1,1
202100016696,171Â 781,A01,3,2,1,5,1,-1,-1,0,0,-1,2021,9.0,1,2,0,2,2,9,1,,3,246,0,,2,2,0,1,9,269,1,, -1,1,0,1,80,26,9,1,26,26010,1,4,0,1,Route d Epinouze,45.286768,4.91003,13,4,2
202100031434,145Â 555,Z01,10,3,2,9,8,8,-1,1,9,1,2021,38.0,3,2,0,1,2,26,0,,3,PREFET CHALEIL (CD44) (RUE DU),0,,2,2,0,1,1,111,1,, -1,1,9,1,50,1,7,1,93,93005,2,1,0,3,PREFET CHALEIL (CD44) (RUE DU),48.939876,2.506032,21,2,1
202100007803,187Â 800,B01,1,1,1,0,8,0,-1,0,0,-1,2021,24.0,1,1,0,2,8,1,3,,4,BRIGACHTAL (AVENUE DE),0,,2,4,1,1,(1),(1),1,, -1,1,0,1,70,12,11,5,54,54184,2,6,1,3,BRIGACHTAL (AVENUE DE),48.708033,6.243483,19,2,2
202100033281,142Â 282,B01,1,1,1,9,1,0,-1,-1, -1,-1,2021,21.0,2,2,0,2,6,11,1,,1,A7-Sens Marseille vers Lyon,0,,1,2,0,1,269,0,1,, -1,1,0,1,110,20,6,1,13,13071,1,1,0,3,A7-Sens Marseille vers Lyon,43.40669,5.32554,17,2,2
202100028809,150Â 224,A01,2,2,1,5,1,8,-1,-1, -1,-1,2021,21.0,3,2,3,0,1,19,1,,3,RD 149,0,,2,2,0,1,2,433,1,, -1,1,2,8,50,12,7,5,76,76114,2,3,0,6,RD 149,49.5914431743,0.4856514931,2,2,1
202100009540,184Â 658,B01,1,1,1,0,0,-1,-1,0,0,-1,2021,21.0,0,1,0,2,8,19,3,,4,,-1,,2,2,0,1,(1),(1),1,,6,2,6,1,-1,3,11,5,60,60139,1,1,1,3,Rue FranÃ§ois Truffaut,49.1576184329,2.2579414858,18,2,2
202100009200,185Â 264,B01,2,2,1,0,8,0,-1,-1, -1,-1,2021,17.0,0,1,0,2,1,1,1,,4,FLAMBOYANTS (RUE DES),0,,2,1,0,1,(1),(1),1,, -1,1,0,1,50,4,11,2,973,97302,2,9,0,3,FLAMBOYANTS (RUE DES),4.9229294373,-52.3207787276,18,3,2
202100038230,133Â 310,A01,1,1,1,4,8,8,-1,-1, -1,-1,2021,20.0,2,1,0,2,1,26,1,,3,STALINGRAD (AV DE),0,,1,2,0,1,1,0,1,, -1,2,5,1,50,25,5,1,94,94034,2,1,1,2,STALINGRAD (AV DE),48.762179,2.333151,14,2,2
202100050888,110Â 715,Z01,10,3,2,0,8,8,-1,3,3,1,2021,19.0,1,2,0,1,1,1,1,,4,OBERLIN (RUE),0,,2,2,0,1,(1),(1),1,, -1,1,0,1,50,12,2,1,54,54395,2,3,0,6,rue de Dieuze,48.6985857029,6.192586273,15,2,1
202100052792,107Â 359,A01,1,1,1,4,2,6,-1,-1, -1,-1,2021,19.0,3,1,0,0,0,1,1,,4,MONTESQUIEU (AVENUE),0,,2,2,0,1,0,0,1,, -1,1,0,1,50,30,1,5,11,11262,2,1,0,7,MONTESQUIEU (AVENUE),43.19068,3.02277,19,1,1
202100010119,183Â 618,B01,1,1,2,0,8,0,-1,-1, -1,-1,2021,36.0,2,2,0,2,6,23,1,,1,AUTOROUTE A86,0,,3,3,0,3,18,299,2,, -1,2,0,1,70,30,10,1,93,93027,1,1,1,3,AUTOROUTE A86,48.92865,2.41547,13,3,3
202100026999,153Â 455,A01,1,1,1,4,0,-1,-1,0,0,-1,2021,24.0,3,4,0,4,6,26,1,,4,1,-1,,-1,2,0,1,1,(1),1,, -1,1,4,6,80,26,7,1,58,58017,1,8,0,3,Chausse,47.102484,3.730765,16,2,2
202100006082,190Â 931,B01,1,1,2,0,1,0,-1,-1, -1,-1,2021,33.0,1,2,0,2,5,2,1,,1,AUTOROUTE A86,0,,2,8,0,1,20,799,1,, -1,1,1,1,90,26,11,1,93,93008,1,1,0,2,AUTOROUTE A86,48.9057111171,2.4635392427,11,2,2
202100002121,198Â 005,A01,1,1,1,5,2,-1,-1,-1, -1,-1,2021,38.0,3,1,0,2,1,1,1,,4,JACARANDAS (CITE),0,,2,2,0,1,(1),(1),1,, -1,1,0,1,50,19,12,5,973,97302,2,1,0,1,JACARANDAS (CITE),4.9349999048,-52.316267252,1,3,2
202100023249,160Â 059,B01,1,1,1,0,8,0,-1,-1, -1,-1,2021,30.0,1,1,0,2,1,1,0,,3,GENERAL DE GAULLE,0,,2,2,0,1,(1),(1),1,, -1,1,0,1,50,20,8,5,971,97101,2,3,0,1,GENERAL DE GAULLE,16.2554,-61.52714,19,2,2
202100035387,138Â 460,A01,1,1,1,2,2,6,-1,0,0,-1,2021,16.0,2,1,0,2,1,1,1,,3,,-1,,2,1,0,1,51,33,1,, -1,1,8,1,80,10,6,1,85,85086,1,1,0,2,Le Quarteron,46.87618,-1.72803,9,2,2
202100009758,184Â 257,B01,1,1,2,9,1,8,-1,-1, -1,-1,2021,73.0,1,2,0,2,1,1,1,,4,GASTON PHOEBUS,0,,2,2,0,1,0,0,3,, -1,1,5,1,50,2,11,1,64,64445,2,5,0,5,CHAMPETIER DE RIBES,43.30246,-0.3794,8,3,3
202100008593,186Â 371,B01,1,1,2,1,1,0,-1,0,0,-1,2021,46.0,1,2,0,1,4,23,1,,4,AVENUE DES GOBELINS,0,,2,2,0,1,(1),(1),1,, -1,1,0,1,30,10,11,1,75,75105,2,3,0,6,AVENUE DES GOBELINS,48.838035,2.350997,15,3,2
202100036282,136Â 826,B01,1,1,1,9,2,0,-1,-1, -1,-1,2021,26.0,1,1,0,2,1,2,1,,4,HENRI BARBUSSE (AVE) NÂ°2-124,0,,2,2,0,1,0,0,1,, -1,1,0,1,50,5,6,1,93,93029,2,1,0,3,Avenue Henri Barbusse,48.92015,2.45205,15,2,2
202100010165,183Â 532,B01,1,1,1,1,2,6,-1,0,0,-1,2021,28.0,1,1,0,2,3,3,1,,4,PORTE D AUTEUIL,0,,1,4,0,1,12,0,1,, -1,1,0,1,70,29,10,1,75,75116,2,1,0,3,PORTE D AUTEUIL,48.846575,2.254875,8,2,2
202100010545,182Â 878,B01,1,1,2,5,8,0,-1,-1, -1,-1,2021,18.0,3,1,0,2,8,19,3,,3,LIMOUX - ROUTE DE-,0,,2,2,0,1,1,0,1,, -1,1,0,1,50,27,10,1,11,11069,2,1,0,3,LIMOUX - ROUTE DE-,43.20498,2.33314,17,2,2
202100020546,164Â 908,A01,1,1,1,5,2,6,-1,-1, -1,-1,2021,25.0,1,1,1,0,1,21,1,,7,ARISTIDE BRIAND (AVENUE),0,,2,2,0,1,0,0,1,, -1,1,0,1,50,5,9,5,21,21231,2,3,0,6,ARISTIDE BRIAND (AVENUE),47.3351135339,5.0544815429,7,1,1
202100029525,149Â 019,A01,1,1,2,5,0,-1,-1,0,0,-1,2021,27.0,3,2,14,0,1,13,1,,4,,0,,2,1,0,1,(1),(1),1,,3,1,0,3,50,11,7,2,45,45210,2,1,0,6,Chemin des Gravissants,47.862881,2.820944,20,1,1
202100006354,190Â 440,A01,2,2,1,5,1,-1,-1,0,0,-1,2021,32.0,1,2,0,0,7,13,1,,3,73,-1,,2,2,0,1,9,(1),2,, -1,1,0,3,80,25,11,1,57,57087,1,1,0,7,D73,49.16803,6.620384,14,2,1
202100054630,104Â 139,B01,1,1,1,5,2,-1,-1,0,0,-1,2021,16.0,-1,1,0,2,1,1,1,,3,68,-1,D,2,2,0,1,16,950,1,, -1,1,5,1,50,18,1,1,49,49347,2,2,0,3,Rue d'anjou,47.62031,-0.466361,15,3,2
202100044265,122Â 544,A01,1,1,1,5,8,0,-1,-1, -1,-1,2021,22.0,3,1,1,0,1,26,0,,6,ROTONDE AVENUE DE LA,0,,-1,0,0,1,(1),(1),1,, -1,1,0,1,50,11,4,1,59,59350,1,1,0,6,ROTONDE AVENUE DE LA,50.6418061142,3.0043738751,17,1,1
202100030229,147Â 729,A01,1,1,1,1,2,0,-1,0,0,-1,2021,40.0,1,1,0,2,3,17,3,,4,RUE MAURICE ET LOUIS DE BROGLIE,0,,2,2,0,1,(1),(1),1,, -1,1,0,1,50,7,7,2,75,75113,2,2,0,1,RUE MAURICE ET LOUIS DE BROGLIE,48.83328,2.36967,7,2,2
202100014545,175Â 703,A01,10,3,1,1,0,-1,-1,1,3,1,2021,56.0,1,5,0,1,7,1,1,,4,LORY LES BAS (RUE),0,,2,2,0,1,0,0,1,, -1,1,0,1,30,6,10,1,974,97411,2,1,0,6,LORY LES BAS (RUE),-20.8895273216,55.4821443556,7,2,1
202100038989,131Â 948,A01,1,1,1,0,2,6,-1,0, -1,-1,2021,32.0,1,1,0,2,2,13,1,,4,JEAN MOULIN BOULEVARD,0,,2,2,0,1,0,1,1,, -1,1,0,1,50,21,5,1,93,93046,2,1,0,5,Boulevard Jean Moulin,48.911455,2.513161,18,3,3
202100035679,137Â 937,B01,1,1,1,0,2,6,-1,-1, -1,-1,2021,44.0,1,1,0,2,1,1,1,,3,CD 257,0,,1,2,0,1,0,0,1,, -1,1,0,1,50,7,6,2,91,91216,2,2,0,2,CD 257,48.673479,2.335194,20,2,2
202100054284,104Â 729,A01,1,1,1,9,0,-1,-1,0,0,-1,2021,30.0,2,2,0,2,3,5,1,,3,140,0,,2,3,0,1,12,800,1,, -1,2,0,1,80,21,1,2,37,37225,1,1,1,1,D140,47.360441,0.873467,18,4,4
202100045515,120Â 386,A01,1,1,2,0,1,-1,-1,0,0,-1,2021,54.0,3,2,6,0,1,0,1,,3,0,0,B,2,2,0,1,0,0,1,, -1,1,0,4,50,3,4,1,80,80628,2,4,0,6,Rue du Bois,49.751684,2.550781,19,1,1
202100039472,131Â 051,A01,10,3,1,5,0,-1,-1,2,4,1,2021,8.0,1,2,0,1,2,1,3,,4,RUE BERTHOLLET,0,,1,1,0,1,(1),(1),1,, -1,1,0,1,30,18,5,1,75,75105,2,1,0,6,RUE BERTHOLLET,48.839806,2.345917,12,2,1
202100049810,112Â 713,A01,1,1,1,9,1,-1,-1,0,0,-1,2021,51.0,2,2,13,0,3,0,1,,3,28,-1,C,2,2,0,1,1,750,3,, -1,1,0,3,50,28,2,2,54,54594,2,1,0,6,Route de Charey,48.975709,5.856394,18,1,1
202100050050,112Â 275,A01,1,1,1,5,8,0,-1,0,0,-1,2021,47.0,2,1,0,2,4,14,5,,7,PLAGE BOULEVARD DE LA,0,,2,4,0,1,(1),(1),1,, -1,1,0,1,50,26,2,1,6,6027,2,1,0,2,PLAGE BOULEVARD DE LA,43.65683,7.1647,13,2,2
202100033614,141Â 680,A01,1,1,2,5,1,-1,-1,0,0,-1,2021,29.0,1,2,0,2,1,1,1,,4,FORMIGNY (RUE DE),0,,2,2,0,1,1,0,1,, -1,1,0,1,50,18,6,1,14,14118,2,2,0,3,Rue de Formigny,49.17292,-0.33886,19,2,2
202100027441,152Â 673,A01,1,1,1,5,1,-1,-1,0,0,-1,2021,26.0,2,2,2,0,1,1,1,,3,231,-1,,2,2,0,2,1,530,2,, -1,1,0,3,70,24,7,3,43,43227,1,1,0,6,D231,45.287418,4.309505,2,2,1
202100035728,137Â 850,A01,5,2,2,0,2,6,-1,-1, -1,-1,2021,14.0,1,1,0,2,1,26,1,,3,REPUBLIQUE (AVENUE DE LA),0,,2,2,0,1,0,0,1,, -1,1,0,1,30,8,6,1,28,28218,2,1,0,1,REPUBLIQUE (AVENUE DE LA),48.44057,1.47036,18,3,2
202100054031,105Â 165,B01,1,1,2,0,1,0,-1,-1, -1,-1,2021,30.0,3,2,0,2,4,23,1,,4,LONGPONT (ROUTE DE),0,,3,2,0,1,0,0,1,, -1,1,0,1,50,22,1,1,91,91549,2,1,0,4,LONGPONT (ROUTE DE),48.65397,2.31429,16,3,3
202100000143,201Â 490,C01,1,1,1,5,1,-1,-1,-1,0,-1,2021,28.0,1,2,0,2,8,1,1,,1,AUTOROUTE A15,0,,3,5,0,1,10,0,1,, -1,1,0,1,110,31,12,3,95,95582,1,1,0,5, A15,48.975149,2.24303,20,3,3
202100020347,165Â 262,B01,1,1,1,0,8,0,-1,0,0,-1,2021,68.0,2,1,1,0,1,26,0,,4,PONTOISE (RUE DE) COTE DES NÂ°1 AU 57,0,,3,2,0,1,0,0,1,, -1,1,0,1,50,7,9,1,93,93072,2,1,0,3,PONTOISE (RUE DE) COTE DES NÂ°1 AU 57,48.97176,2.37916,10,2,2
202100052649,107Â 617,A01,1,1,1,0,2,6,-1,-1, -1,-1,2021,38.0,2,1,0,2,1,1,0,,4,BON PASTEUR (DU)                  AV,0,,2,4,0,2,(1),(1),3,, -1,2,1,1,50,3,2,1,69,69081,2,1,1,1,BON PASTEUR (DU) (AV)  ,45.78722,4.77979,8,2,2
202100023655,159Â 342,A01,1,1,1,0,2,6,-1,0,0,-1,2021,59.0,3,1,0,2,1,1,1,,3,47,0,,2,2,0,1,(1),(1),1,, -1,1,0,3,80,19,8,2,202,202162,1,1,0,1,47,42.476695,9.151654,18,2,2
202100004455,193Â 802,B01,2,2,2,5,8,-1,-1,0,0,-1,2021,70.0,2,2,0,2,1,1,1,,1,,-1,,3,2,0,2,472,950,1,,4,2,0,1,130,6,12,1,42,42243,1,1,0,1,A89,45.859065,3.987098,10,3,2
202100036576,136Â 338,B01,1,1,1,0,2,0,-1,-1, -1,-1,2021,47.0,1,1,0,2,8,1,1,,2,LANCASTEL (BOULEVARD),0,,-1,0,0,1,(1),(1),1,, -1,1,0,1,50,2,6,1,974,97411,1,1,0,6,LANCASTEL (BOULEVARD),-20.8767,55.45583,15,4,4
202100031819,144Â 880,B01,1,1,1,5,1,0,-1,-1, -1,-1,2021,56.0,3,2,2,0,1,0,2,,4,BOIS DE FER (chemin),0,,-1,1,0,1,10,0,1,, -1,1,0,1,50,28,6,1,974,97409,1,1,0,1,BOIS DE FER (chemin),-20.94248,55.65738,17,2,2
202100042717,125Â 277,A01,10,3,1,9,8,8,-1,1,3,1,2021,62.0,1,2,1,0,2,17,1,,4,MICHEL LOUISE RUE,0,,2,2,0,1,1,0,1,, -1,1,0,1,50,23,4,1,93,93006,2,1,0,6,Rue Louise Michel,48.87583,2.43186,17,2,1
202100034118,140Â 775,B01,1,1,1,-1,2,-1,-1,-1, -1,-1,2021,29.0,-1,1,0,0,0,-1,-1,,3,CHANZY S3 (BOULEVARD),0,,1,1,1,1,1,0,1,, -1,1,9,5,50,16,6,1,93,93048,2,1,0,3,CHANZY S3 (BOULEVARD),48.859241,2.425198,18,2,2
202100048735,114Â 648,A01,1,1,1,5,8,-1,-1,0,0,-1,2021,20.0,1,2,6,0,8,1,1,,3,,-1,,2,2,0,1,8,929,1,, -1,1,0,5,50,10,3,5,31,31187,2,1,0,6,Route de Fontenilles,43.541401,1.220587,4,1,1
202100043808,123Â 375,B01,1,1,1,0,8,0,-1,-1, -1,-1,2021,72.0,2,2,1,0,2,0,1,,4,PAPIN (RUE DENIS),0,,2,2,0,1,0,0,1,, -1,1,0,1,50,16,4,1,93,93077,2,1,0,1,PAPIN (RUE DENIS),48.88796,2.48926,16,2,2
202100047564,116Â 747,A01,1,1,1,5,1,-1,-1,0,0,-1,2021,20.0,1,2,7,0,3,26,1,,3,941,0,D,2,2,0,1,733,0,3,, -1,2,0,3,70,17,3,1,23,23131,1,1,1,7,Letrade,45.887778,2.487419,16,1,1
202100049572,113Â 149,B01,1,1,2,9,1,0,-1,-1, -1,-1,2021,43.0,1,2,0,2,4,23,1,,1,A51-Sens Marseille vers Aix en Provence,0,,1,3,0,1,2,0,1,, -1,1,0,1,90,2,3,1,13,13106,1,1,0,2,A51-Sens Marseille vers Aix en Provence,43.4056482913,5.3613632014,14,4,2
202100007699,187Â 993,B01,1,1,2,9,1,-1,-1,0,0,-1,2021,31.0,2,2,9,2,2,1,1,,3,22,-1,,2,2,0,3,16,300,3,, -1,1,5,1,50,18,11,1,51,51252,2,2,0,1,Route de Damery,49.0944920358,3.8806521893,15,2,2
202100015668,173Â 662,A01,1,1,2,3,1,-1,-1,0,0,-1,2021,66.0,1,2,0,2,3,19,0,,3,138,-1,,2,2,0,1,12,399,1,, -1,2,0,1,80,2,10,1,62,62204,1,2,1,3,Campagne-lÃ¨s-Hesdin,50.409502,1.84845,15,2,2
202100021368,163Â 457,A01,1,1,1,5,2,6,-1,0,0,-1,2021,34.0,1,1,0,2,1,13,1,,3,999,-1,,2,2,0,3,(1),(1),3,, -1,2,0,1,80,3,9,1,30,30192,1,1,0,3,RD 999,43.876944,4.056914,18,3,2
202100003390,195Â 701,A01,1,1,2,1,1,8,-1,-1, -1,-1,2021,45.0,3,2,2,0,2,11,1,,4,POLITZER(AVENUE),0,,1,1,1,1,0,0,1,, -1,1,0,3,50,11,12,2,974,97407,2,1,0,7,POLITZER(AVENUE),-20.94651,55.29326,5,1,1
202100043399,124Â 091,A01,1,1,2,5,1,5,-1,-1, -1,-1,2021,24.0,1,2,15,1,1,14,1,,1,A507 sens Marseille - Aubagne,0,,1,3,0,1,4,199,3,, -1,1,3,1,70,18,4,1,13,13055,1,1,0,6,A507,43.32514,5.42148,20,3,1
202100007108,189Â 062,A01,10,3,1,9,0,-1,-1,9,3,1,2021,49.0,2,2,0,1,6,1,3,,1,AUTOROUTE A 63,0,,3,4,0,1,7,469,1,, -1,1,0,1,130,20,11,3,33,33122,1,1,0,6,AUTOROUTE A 63,44.746393,-0.701343,19,6,3
202100038544,132Â 747,B01,1,1,1,5,3,0,-1,-1, -1,-1,2021,5.0,1,1,0,2,2,25,5,,4,PROVINCES FRANCAISES BD DES,0,,2,0,3,1,0,0,1,, -1,2,6,4,30,24,5,1,92,92050,2,9,1,3,PROVINCES FRANCAISES BD DES,48.9011323539,2.2166593373,16,2,2
202100030395,147Â 436,A01,1,1,1,5,0,-1,-1,0,0,-1,2021,60.0,1,1,0,0,8,1,5,,3,JAURES JEAN (AVENUE),0,,2,2,0,1,18,600,1,, -1,1,0,3,70,5,7,1,12,12305,1,1,0,7,JAURES JEAN (AVENUE),44.54877,2.21774,14,1,1
202100037537,134Â 569,A01,1,1,2,1,1,8,-1,-1, -1,-1,2021,20.0,2,2,0,2,4,1,1,,1,A7-Sens Marseille vers Lyon,0,,1,3,0,1,258,0,1,, -1,1,0,1,110,30,5,1,13,13117,1,1,0,2,A7-Sens Marseille vers Lyon,43.45021,5.23928,13,2,2
202100033060,142Â 649,A01,10,3,1,5,0,-1,-1,2,5,1,2021,13.0,1,2,0,1,3,26,1,,4,CHASLES (BOULEVARD),0,,2,4,0,1,0,0,1,, -1,1,0,1,30,17,6,1,28,28085,2,1,0,3,CHASLES (BOULEVARD),48.44257,1.48646,16,2,1
202100028487,150Â 797,A01,1,1,1,1,2,6,-1,0,0,-1,2021,42.0,3,1,0,2,1,17,1,,4,,0,,2,2,0,1,(1),(1),1,, -1,1,0,1,50,17,7,1,6,6027,2,1,0,3,VAL FLEURI CHEMIN DU,43.666399,7.16913,13,2,2
202100031561,145Â 339,B01,1,1,2,0,1,0,-1,-1, -1,-1,2021,46.0,3,2,0,2,2,15,1,,7,RD 37,0,,1,2,0,1,(1),(1),1,, -1,1,0,1,50,28,6,1,37,37261,2,2,0,3,PROUDHON (AVENUE),47.3942167789,0.6672531366,20,2,2
202100036540,136Â 401,A01,1,1,1,5,2,6,-1,0,0,-1,2021,22.0,1,1,2,0,1,1,1,,3,994,-1,,2,2,0,1,22,121,4,, -1,1,0,3,90,5,6,1,5,5081,1,1,0,6,RD 994 PK23+021,44.415728,5.652251,16,1,1
202100016154,172Â 765,A01,1,1,2,5,2,0,-1,-1, -1,-1,2021,24.0,0,1,0,2,3,11,1,,3,EST (BOULEVARD DE L'),0,,3,4,1,1,0,0,1,, -1,1,0,1,70,27,9,1,50,50602,2,1,0,3,EST (BOULEVARD DE L'),49.63594,-1.58108,14,2,2
202100053158,106Â 719,B01,1,1,2,0,1,-1,-1,-1, -1,-1,2021,60.0,2,2,0,2,4,2,1,,4,,0,,2,3,3,1,(1),(1),1,, -1,2,0,1,50,29,1,1,69,69383,2,2,0,5,MARECHAL DE SAXE                    (AV),45.7550025969,4.8467689422,7,4,3
202100039775,130Â 490,A01,1,1,1,2,1,-1,-1,0,0,-1,2021,18.0,2,2,2,0,1,1,1,,3,52,0,D,2,2,0,1,(1),(1),2,, -1,1,0,3,80,12,5,1,22,22242,1,1,0,7,RD 52,48.607577,-2.423623,7,1,1
202100020855,164Â 370,A01,1,1,1,5,8,0,-1,-1, -1,-1,2021,16.0,2,1,0,2,1,1,3,,4,VERDUN (PLACE DE),0,,1,1,0,1,(1),(1),1,, -1,1,0,1,30,4,9,5,38,38185,2,3,0,3,Rue GÃ©nÃ©ral Marchand,45.1893,5.73164,22,3,2
202100003321,195Â 828,B01,1,1,1,9,1,-1,-1,-1,0,-1,2021,48.0,2,2,4,2,4,2,1,,1,AUTOROUTE A3,0,,3,2,0,1,16,500,1,, -1,2,0,1,90,12,12,3,95,95277,1,1,1,2,A3,48.9763486804,2.4912571907,18,2,2
202100056336,101Â 200,B01,1,1,2,0,1,0,-1,-1, -1,-1,2021,48.0,1,2,0,2,3,15,1,,4,GUYNEMER (RUE),0,,2,2,0,2,3,0,1,, -1,2,0,1,50,3,1,5,64,64260,2,4,1,3,LISSARDY ( AVENUE DE),43.370099,-1.758541,8,2,2
202100004463,193Â 789,A01,1,1,1,0,1,-1,-1,0,0,-1,2021,32.0,2,2,0,2,1,17,1,,3,7,-1,,2,2,0,1,29,200,3,, -1,1,0,1,80,6,12,3,83,83023,1,1,0,1,Dn7,43.403941,6.012161,21,2,2
202100051691,109Â 297,A01,1,1,2,3,1,0,-1,-1, -1,-1,2021,68.0,2,2,0,2,1,19,0,,3,ROCHEFORT (DE)  (AVENUE),0,,2,2,0,1,40,337,1,, -1,1,0,1,50,12,2,1,17,17306,2,2,0,3,REUTIN (BD FELIX),45.63558,-1.02637,13,2,2
202100029968,148Â 231,B01,1,1,2,0,8,0,-1,-1, -1,-1,2021,25.0,1,1,0,2,8,1,5,,7,GENERAL DE GAULLE (ROUTE DU),0,,2,3,3,1,(1),(1),1,, -1,1,0,1,50,7,7,1,67,67447,2,3,1,3,GENERAL DE GAULLE (ROUTE DU),48.606683,7.736014,19,2,2
202100009463,184Â 790,A01,10,3,1,3,0,-1,-1,2,3,1,2021,68.0,2,1,0,1,2,17,1,,4,AVENUE DU GENERAL LECLERC,0,,2,4,0,1,(1),(1),1,, -1,1,0,1,30,3,11,2,75,75114,2,4,0,6,AVENUE DU GENERAL LECLERC,48.828821,2.327718,17,2,1
202100054575,104Â 224,B01,2,2,2,0,1,0,-1,0,0,-1,2021,39.0,2,2,0,2,7,9,1,,7,ORADOU (RUE DE L'),0,,2,2,0,1,(1),(1),1,, -1,1,0,1,50,16,1,5,63,63113,2,5,0,3,ORADOU (RUE DE L'),45.76423,3.12548,20,3,2
202100006029,191Â 016,A01,2,2,2,5,1,-1,-1,0,0,-1,2021,26.0,1,2,13,0,1,1,1,,1,88,-1,,1,4,0,1,17,0,1,, -1,5,0,3,130,27,11,2,61,61375,1,1,1,7,A 88 pk 017.000,48.69232,-0.013046,16,2,1
202100000231,201Â 314,A01,2,2,1,0,1,7,-1,0,0,-1,2021,10.0,1,2,0,2,1,2,1,,4,,0,,3,4,3,1,(1),(1),1,, -1,1,0,1,50,10,10,1,6,6088,2,1,0,2,ARIANE (BD DE L'),43.73314,7.28898,14,3,2
202100015017,174Â 862,B01,1,1,1,0,1,0,-1,0,0,-1,2021,36.0,1,2,0,2,7,15,1,,7,,0,,3,4,0,1,(1),(1),1,, -1,1,0,1,50,3,10,5,63,63113,2,2,0,3,FOREST (AVENUE FERNAND),45.80004,3.11237,2,2,2