Num_Acc,id_vehicule,num_veh,place,catu,sexe,trajet,secu1,secu2,secu3,locp,actp,etatp,year_acc,victim_age,senc,catv,obs,obsm,choc,manv,motor,occutc,catr,voie,v1,v2,circ,nbv,vosp,prof,pr,pr1,plan,lartpc,larrout,surf,infra,situ,vma,jour,mois,lum,dep,com,agg_,int,atm,col,adr,lat,long,hour,nb_victim,nb_vehicules
202100027457,152Â 648,A01,10,3,1,5,0,-1,-1,3,3,1,2021,71.0,1,2,0,1,1,1,1,,4,,-1,,2,2,0,1,(1),(1),1,,4,1,0,1,50,17,7,1,74,74081,2,1,0,6,Av du Dr Jacques Arnaud,46.065519,6.570677,9,2,1
202100047384,117Â 071,A01,1,1,2,5,1,4,-1,0,0,-1,2021,54.0,1,2,0,2,1,1,1,,4,PORTE DE PANTIN,0,,1,4,0,1,27,500,1,, -1,1,0,1,70,17,3,5,75,75119,2,1,0,2,PORTE DE PANTIN,48.882735,2.400603,22,2,2
202100034221,140Â 576,B01,1,1,1,0,8,0,-1,-1, -1,-1,2021,69.0,1,1,0,2,7,1,5,,2,ROUTE DES ABYMES,0,,-1,2,0,1,(1),(1),1,, -1,1,9,1,50,15,6,1,971,97101,2,6,0,3,ROUTE DES ABYMES,16.2392606524,-61.5238022804,8,2,2
202100012065,180Â 147,A01,10,3,1,2,0,-1,-1,2,7,1,2021,15.0,2,2,0,1,3,1,1,,4,LE ROY DES BARRES,0,,2,2,0,1,0,1,1,, -1,2,0,1,50,20,10,1,93,93066,2,1,0,6,LE ROY DES BARRES,48.9288227963,2.3669334253,9,2,1
202100021344,163Â 501,A01,1,1,1,3,2,6,9,0,0,-1,2021,41.0,2,1,16,0,0,1,1,,3,123,-1,,2,2,0,2,11,300,2,, -1,1,0,3,80,2,9,1,63,63375,1,1,0,7,D123,45.487283,3.323364,15,1,1
202100022347,161Â 700,A01,1,1,2,5,1,-1,-1,0,0,-1,2021,58.0,1,2,0,2,3,1,1,,3,309,-1,,2,2,0,1,45,257,3,, -1,1,0,1,90,28,8,1,72,72169,1,1,1,1,La JouanniÃ¨re,47.957743,0.071089,17,3,2
202100007797,187Â 813,B01,1,1,2,2,1,8,-1,-1, -1,-1,2021,47.0,1,2,0,1,6,1,1,,3,DOCKS,0,,1,1,0,1,0,0,2,, -1,1,0,1,30,8,11,2,58,58194,2,6,0,3,DOCKS,46.9924,3.1489,19,2,2
202100040186,129Â 768,A01,1,1,2,1,2,6,-1,-1, -1,-1,2021,21.0,2,1,0,0,7,26,1,,4,BERANGER (BOULEVARD),0,,-1,2,0,1,(1),(1),1,, -1,2,0,1,50,6,5,1,37,37261,2,1,1,7,BERANGER (BOULEVARD),47.3899365567,0.6875865113,10,1,1
202100016025,173Â 015,B01,1,1,1,5,2,-1,-1,0,0,-1,2021,33.0,2,1,0,0,4,0,5,,3,1083,-1,,2,2,0,1,1,100,1,, -1,1,0,1,50,1,10,1,1,1249,2,1,0,2,D1083,45.861362,4.911366,16,2,2
202100023482,159Â 653,A01,1,1,1,5,2,6,9,0,0,-1,2021,40.0,2,1,0,2,1,13,1,,3,6,0,,2,2,0,2,6,720,3,, -1,1,0,1,80,19,8,1,12,12216,1,1,1,3,La Roque Basse,44.511113,2.838598,18,2,2
202100011566,181Â 048,B01,1,1,1,0,1,0,-1,-1, -1,-1,2021,28.0,1,2,0,2,5,23,1,,4,PAIX,0,,2,3,0,1,0,0,1,, -1,1,0,1,50,22,10,1,64,64445,2,1,0,2,PAIX,43.31646,-0.3397,9,2,2
202100001150,199Â 718,B01,2,2,2,0,2,6,-1,-1, -1,-1,2021,18.0,1,1,0,2,3,1,1,,3,MARNE   ( AVENUE DE LA ),0,,3,2,0,1,0,0,1,, -1,1,0,1,50,15,10,5,92,92004,2,1,0,3,MARNE   ( AVENUE DE LA ),48.9086965855,2.2850027692,21,3,2
202100020325,165Â 305,A01,3,2,2,9,1,8,-1,0,0,-1,2021,32.0,3,2,0,2,3,1,1,,4,QUAI D ISSY LES MOULINEAUX,0,,1,2,0,1,(1),(1),1,, -1,1,5,1,50,6,9,5,75,75115,2,2,0,3,QUAI D ISSY LES MOULINEAUX,48.83458,2.266937,23,7,2
202100011618,180Â 958,B01,2,1,1,1,2,6,-1,-1, -1,-1,2021,24.0,1,1,0,2,1,1,1,,7,CAMOINS ((RUE LES),0,,2,2,0,1,0,0,1,, -1,1,0,1,50,22,10,5,13,13211,2,1,0,3,CAMOINS ((RUE LES),43.2907,5.4384,21,2,2
202100025800,155Â 572,A01,1,1,1,5,8,-1,-1,0,0,-1,2021,37.0,2,2,0,2,1,13,1,,3,933,0,,2,2,0,1,50,300,1,, -1,2,0,1,80,3,8,1,47,47121,1,1,1,1,RD 933,44.343947,0.107353,20,2,2
202100025142,156Â 715,B01,1,1,2,9,2,0,-1,0,0,-1,2021,21.0,2,1,0,2,2,17,3,,4,BOULEVARD SAINT MICHEL,0,,2,3,0,1,(1),(1),1,, -1,1,0,1,50,7,8,1,75,75106,2,2,0,3,BOULEVARD SAINT MICHEL,48.851399,2.343178,16,2,2
202100033676,141Â 567,A01,1,1,2,1,1,0,-1,-1, -1,-1,2021,62.0,3,2,0,2,4,23,1,,3,MARCEL DASSAULT,0,,2,2,0,1,0,0,1,, -1,1,0,1,50,18,6,1,92,92073,2,1,0,2,MARCEL DASSAULT,48.8609,2.22496,9,2,2
202100037950,133Â 829,A01,1,1,1,1,2,6,-1,-1, -1,-1,2021,31.0,1,1,0,2,3,3,1,,1,A104,0,,3,6,0,1,14,800,1,, -1,1,0,1,90,28,5,1,77,77514,1,1,0,3,A104,48.93861,2.62813,17,2,2
202100033423,142Â 027,A01,1,1,2,9,2,0,-1,0,0,-1,2021,16.0,1,1,0,2,8,8,5,,4,RUE DE LA CHAPELLE,0,,2,4,3,1,(1),(1),1,, -1,1,0,6,50,18,6,1,75,75118,2,4,0,3,RUE DE LA CHAPELLE,48.890849,2.359921,12,2,2
202100014666,175Â 500,B01,1,1,2,1,2,0,-1,-1, -1,-1,2021,43.0,1,1,1,0,7,17,5,,3,BRIAND (AVENUE ARISTIDE) NÂ° 100 A 160,0,,3,6,2,1,0,0,1,, -1,1,0,5,50,7,10,1,92,92007,2,1,0,3,BRIAND (AVENUE ARISTIDE) NÂ° 100 A 160,48.7967927758,2.3219963908,17,2,2
202100047383,117Â 075,A01,1,1,1,1,2,6,-1,0,0,-1,2021,21.0,1,1,0,2,3,3,1,,4,PORTE D ITALIE,0,,-1,3,0,1,3,100,1,, -1,1,0,1,70,18,3,1,75,75113,2,1,0,5,PORTE D ITALIE,48.817884,2.35351,7,3,3
202100033043,142Â 677,A01,1,1,2,9,8,0,-1,-1, -1,-1,2021,39.0,1,2,0,2,1,9,1,,1,A87N,0,,3,5,0,1,1,0,1,, -1,2,9,1,90,19,6,1,49,49267,2,1,0,4,A87N,47.46651,-0.51622,15,6,3
202100045451,120Â 494,A01,1,1,1,5,1,5,-1,-1, -1,-1,2021,20.0,1,2,12,0,3,14,1,,4,AULNAY (ROUTE) COTE PAIRE DE 2 A FIN,0,,2,2,0,1,0,0,1,, -1,1,0,4,50,2,4,5,93,93010,2,1,0,6,AULNAY (ROUTE) COTE PAIRE DE 2 A FIN,48.9119927902,2.4813707918,1,1,1
202100020119,165Â 663,A01,1,1,1,1,1,0,-1,-1, -1,-1,2021,40.0,1,2,0,2,3,1,1,,3,POMPADOUR(CARREFOUR),0,,-1,2,1,2,1,0,3,, -1,1,5,1,50,7,9,5,94,94028,2,9,0,1,Avenue Pompadour,48.77405,2.43902,21,2,2
202100052453,107Â 954,B01,1,1,2,5,1,0,-1,0,0,-1,2021,38.0,1,2,0,2,4,23,1,,2,MUSEE ( Carrefour du ),0,,2,1,0,1,70,0,1,, -1,1,0,1,50,4,2,1,5,5061,2,6,0,2,MUSEE ( Carrefour du ),44.5618446751,6.0842886853,9,3,2
202100055769,102Â 177,A01,10,3,2,3,0,-1,-1,3,3,2,2021,70.0,3,2,0,1,6,4,1,,6,,0,,-1,-1,0,1,(1),(1),1,, -1,1,0,8,10,8,1,1,69,69029,2,1,0,6,8 MAI 1945 (DU) (AV),45.72759,4.91545,11,2,1
202100005947,191Â 165,A01,1,1,1,3,2,6,-1,-1, -1,-1,2021,34.0,2,1,0,0,7,9,1,,4,VOIE COMMUNALE 300 LIEUDIT BOUCHARDIERE,0,,4,1,0,1,(1),(1),1,, -1,2,2,1,30,27,11,1,37,37122,2,1,1,7,VOIE COMMUNALE 300 LIEUDIT BOUCHARDIERE,47.3400208284,0.6707923233,13,1,1
202100033412,142Â 046,A01,2,2,2,0,1,-1,-1,0,0,-1,2021,20.0,2,2,8,2,3,26,1,,4,VICTOR-HUGO (RUE),0,,3,4,0,1,0,0,1,, -1,2,0,1,50,18,6,5,14,14220,2,2,1,3,Rue Victor Hugo,49.357844,0.07104,23,6,2
202100018553,168Â 471,B01,1,1,1,9,2,6,-1,-1, -1,-1,2021,33.0,3,1,0,2,4,2,1,,4,MONNAIE,0,,1,1,0,4,0,0,1,, -1,1,0,1,50,16,9,5,64,64445,2,9,0,2,MONNAIE,43.29449,-0.37726,7,2,2
202100000999,199Â 975,B01,1,1,1,0,1,0,-1,-1, -1,-1,2021,36.0,1,2,0,2,1,1,1,,7,WAMBRECHIES RUE DE,0,,2,2,0,1,(1),(1),1,, -1,2,5,1,50,28,12,1,59,59386,2,3,1,3,WAMBRECHIES RUE DE,50.678561,3.063816,14,2,2
202100017981,169Â 484,B01,1,1,1,0,2,8,-1,-1, -1,-1,2021,71.0,1,1,0,2,7,1,1,,2,LEBLOND (ROND POINT),0,,2,2,0,1,1,0,1,, -1,1,0,1,50,18,9,1,973,97302,2,1,0,3,LEBLOND (ROND POINT),4.9207816057,-52.330321312,10,2,2
202100037002,135Â 557,A01,10,3,2,9,0,-1,-1,4,3,1,2021,85.0,1,2,0,1,1,15,2,,4,GENERAL DE GAULLE (AVENUE DU),0,,2,2,0,1,(1),(1),1,, -1,1,9,6,50,1,6,1,45,45208,2,3,0,6,Avenue du GÃ©nÃ©ral de Gaulle,48.0021878543,2.7348009646,17,2,1
202100028421,150Â 914,A01,1,1,1,5,2,-1,-1,0,0,-1,2021,5.0,0,1,0,2,0,0,0,,3,,-1,,2,2,0,2,(1),(1),1,,5,1,0,1,50,18,7,1,49,49301,2,3,0,3,Rue Saint-Sauveur (torfou),47.038256,-1.119533,18,2,2
202100024833,157Â 264,B01,1,1,1,0,1,0,-1,-1, -1,-1,2021,70.0,1,2,0,2,4,2,1,,1,AUTOROUTE A2,0,,3,4,0,1,71,400,1,, -1,1,0,1,110,8,8,3,59,59447,1,1,0,2,AUTOROUTE A2,50.388014,3.612399,23,2,2
202100012513,179Â 343,B01,1,1,1,5,2,6,-1,0,0,-1,2021,14.0,0,1,0,2,2,1,1,,6,,-1,,-1,2,0,1,(1),(1),1,,4,1,0,1,50,18,10,1,974,97422,2,1,0,1,Rue Hubert Delisle,-21.275497,55.513628,11,2,2
202100046174,119Â 233,B01,1,1,1,1,2,-1,-1,0,0,-1,2021,16.0,2,1,0,2,1,1,1,,3,19,-1,,2,2,0,1,10,310,1,, -1,1,0,1,80,30,3,1,68,68267,1,2,0,2,D19,47.766929,7.232673,17,4,2
202100014287,176Â 162,A01,1,1,2,5,1,-1,-1,0,0,-1,2021,71.0,1,2,0,0,0,15,1,,3,937,0,,2,2,0,2,24,0,2,, -1,1,0,1,80,8,10,1,65,65320,1,1,0,7,Darre Capdeville,43.118628,0.087939,12,1,1
202100047632,116Â 613,A01,1,1,2,0,1,5,-1,0,0,-1,2021,57.0,0,2,0,2,1,13,1,,3,PARIS (ROUTE DE),0,,2,2,0,2,2,640,1,, -1,2,0,1,80,16,3,2,27,27456,1,1,0,1,PARIS (ROUTE DE),49.20061,1.2044,18,2,2
202100031998,144Â 549,A01,2,2,2,0,1,0,-1,-1, -1,-1,2021,19.0,1,2,0,2,6,23,1,,3,MONTFERMEIL (ALLEE DE) 74 - 114,0,,1,1,0,1,0,1,1,, -1,2,0,1,50,27,6,1,93,93062,2,1,0,2,AllÃ©e de Montfermeil,48.89662,2.53039,15,3,2
202100042478,125Â 692,B01,1,1,1,0,8,0,-1,0,0,-1,2021,15.0,3,1,0,2,8,0,0,,4,FALAISES (ROUTE DES) NATION A ANDELLE,0,,2,2,0,1,(1),(1),1,, -1,1,0,1,50,26,4,1,27,27701,2,1,0,3,FALAISES (ROUTE DES) NATION A ANDELLE,49.272736,1.22085,18,2,2
202100014554,175Â 688,B01,1,1,1,1,2,-1,-1,-1, -1,-1,2021,28.0,3,1,0,2,1,19,5,,4,JULES COURMONT                      (QU),0,,3,7,3,1,(1),(1),1,, -1,1,2,1,50,7,10,1,69,69382,2,5,0,4,JULES COURMONT (Q),45.76035,4.83791,8,3,3
202100017488,170Â 364,A01,10,3,2,1,0,-1,-1,4,3,1,2021,59.0,2,2,0,1,1,16,1,,4,RUE DES FRERES FLAVIEN,0,,2,4,0,1,(1),(1),1,, -1,1,0,1,50,21,9,5,75,75120,2,2,0,6,RUE DES FRERES FLAVIEN,48.8784090349,2.4107078081,5,2,1
202100017264,170Â 792,A01,1,1,1,5,2,-1,-1,0,0,-1,2021,36.0,1,1,2,0,3,1,1,,3,126,-1,,2,2,0,1,8,383,1,, -1,1,0,3,80,26,9,3,17,17337,1,1,0,6,DÃ©partementale 126,45.966439,-1.253643,0,1,1
202100015217,174Â 500,B01,1,1,1,5,2,-1,-1,0,0,-1,2021,62.0,2,1,0,0,1,17,1,,3,D625,-1,,2,2,0,1,24,966,1,, -1,1,0,1,50,26,6,1,9,9160,2,1,0,2,63 avenue Alsace Lorraine,42.944726,1.857663,16,2,2
202100049419,113Â 425,A01,8,2,1,5,1,0,-1,-1, -1,-1,2021,74.0,1,3,0,0,0,2,1,3.0,3,DIVISION LECLERC (AV DE LA),0,,2,2,3,1,1,0,1,, -1,1,0,1,50,2,3,1,94,94016,2,4,0,7,DIVISION LECLERC (AV DE LA),48.78819,2.33037,16,3,1
202100017376,170Â 580,B01,4,2,2,0,8,0,-1,-1, -1,-1,2021,31.0,2,2,0,2,2,1,1,,1,13,0,,1,3,0,1,3,799,1,, -1,1,1,1,70,22,9,5,92,92064,1,1,0,3,A13,48.8392352667,2.21316576,21,5,2
202100001336,199Â 371,A01,1,1,1,0,1,-1,-1,0,0,-1,2021,65.0,1,2,0,2,1,1,1,,3,643,0,,2,2,0,1,16,200,1,, -1,1,0,1,90,28,12,3,55,55351,1,1,0,3,D643,49.536211,5.360749,6,2,2
202100006080,190Â 935,A01,1,1,1,5,2,6,-1,-1,0,-1,2021,36.0,2,1,0,0,7,21,1,,1,AUTOROUTE A15,0,,3,4,0,1,21,0,2,, -1,2,0,1,90,27,11,1,95,95572,1,1,1,7, A15,49.030904268,2.1213675484,10,1,1
202100012575,179Â 238,B01,1,1,1,5,0,-1,-1,0,0,-1,2021,65.0,2,1,0,2,3,1,5,,4,,-1,,2,2,0,1,(1),(1),1,,"5,5",1,0,1,70,17,10,1,74,74056,1,1,1,2,738 Route des Praz,45.936012,6.877196,14,2,2
202100027399,152Â 736,B01,1,1,1,5,2,6,-1,-1, -1,-1,2021,51.0,2,1,0,2,1,16,1,,3,EGLISE.(PLACE DE L'),0,,1,3,3,1,1,0,1,, -1,1,5,1,50,23,7,1,94,94028,2,9,0,3,EGLISE.(PLACE DE L'),48.793657,2.460957,19,2,2
202100009554,184Â 627,B01,1,1,1,0,2,0,-1,-1, -1,-1,2021,52.0,1,1,0,2,8,3,1,,1,86,0,,-1,2,0,1,3,599,1,, -1,1,0,1,90,3,11,1,92,92025,1,1,0,3,A86,48.9253996939,2.2332822352,14,2,2
202100031470,145Â 497,A01,1,1,1,0,2,-1,-1,0,0,-1,2021,62.0,3,1,0,2,1,1,1,,4,,-1,,2,2,0,1,(1),(1),2,,4,1,0,1,50,1,7,1,34,34192,2,1,0,3,Route de Maguelone,43.519708,3.90969,18,2,2
202100053180,106Â 677,A01,10,3,2,5,0,-1,-1,1,3,2,2021,74.0,0,2,0,2,1,1,1,,4,RENAUD. RUE DE L'ENSEIGNE,0,,2,2,0,2,0,0,3,, -1,2,0,1,50,25,1,1,76,76540,2,1,0,6,RENAUD. RUE DE L'ENSEIGNE,49.4348634313,1.1254390882,16,3,1
202100042410,125Â 821,A01,1,1,2,1,1,-1,-1,0,0,-1,2021,46.0,1,2,3,2,7,13,1,,3,940,-1,,2,2,0,2,40,160,2,, -1,2,0,1,90,28,4,1,19,19101,1,9,1,1,lieu dit marvialle,45.241173,1.772447,8,2,2
202100012698,179Â 019,B01,8,2,2,5,0,-1,-1,0,0,-1,2021,47.0,2,2,4,0,0,21,1,,1,61,-1,,3,4,0,1,292,850,1,, -1,1,0,1,130,17,10,1,11,11195,1,1,0,6,A61 - PK 292.850,43.270706,2.003803,16,11,2
202100022499,161Â 413,A01,1,1,1,0,1,-1,-1,0,0,-1,2021,22.0,1,2,13,0,1,1,1,,3,981,-1,,2,2,0,1,34,50,1,, -1,1,0,3,80,26,8,1,30,30286,1,1,0,7,Route de Remoulins,43.984817,4.459827,9,1,1
202100032707,143Â 304,A01,1,1,2,1,2,0,-1,0,0,-1,2021,45.0,1,0,12,0,7,14,3,,4,RUE DE RIVOLI,0,,2,4,1,1,(1),(1),1,, -1,1,0,5,30,23,6,1,75,75101,2,3,0,6,RUE DE RIVOLI,48.859476,2.345183,17,1,1
202100001276,199Â 480,B01,2,2,1,5,1,-1,-1,-1,0,-1,2021,55.0,2,2,0,2,4,23,1,,3,RN 1 SENS PROVINCE-PARIS,0,,3,4,0,1,2,50,1,, -1,2,0,1,70,26,12,1,95,95539,2,1,1,4,RD 301,48.9921,2.36028,14,6,3
202100004042,194Â 518,B01,1,1,1,9,8,0,-1,-1, -1,-1,2021,18.0,1,1,0,2,1,26,5,,3,GUINEL,0,,2,2,0,1,0,20,1,, -1,1,0,1,50,8,12,1,49,49007,2,1,0,3,GUINEL,47.4428,-0.535,15,2,2
202100001753,198Â 655,A01,1,1,1,5,2,0,-1,-1, -1,-1,2021,22.0,2,1,0,2,1,3,3,,3,STALINGRAD (AV DE),0,,1,1,1,1,1,0,1,, -1,1,0,1,50,22,12,1,94,94076,2,3,0,3,Avenue de Stalingrad,48.78397,2.36734,12,2,2
202100054909,103Â 661,A01,1,1,2,1,1,5,-1,-1, -1,-1,2021,48.0,2,2,0,2,1,16,1,,3,ROCHEFORT (DE)  (AVENUE),0,,1,1,0,1,39,831,3,, -1,1,0,1,50,15,1,1,17,17306,2,1,0,2,ROCHEFORT (DE)  (AVENUE),45.64005,-1.02499,10,2,2
202100049956,112Â 454,B01,1,1,1,5,0,-1,-1,0,0,-1,2021,18.0,1,6,0,2,8,19,1,,2,2,0,,2,2,0,1,(1),(1),1,, -1,1,0,1,50,28,2,1,971,97129,2,1,0,3,La Boucan,16.284724,-61.668864,13,2,2
202100034553,139Â 961,A01,1,1,1,4,8,-1,-1,-1, -1,-1,2021,23.0,1,1,0,2,8,1,5,,4,GARIBALDI                           (R ),0,,1,5,3,1,(1),(1),1,, -1,1,0,6,50,13,6,2,69,69387,2,2,0,3,GARIBALDI (R),45.74645,4.84993,21,2,2
202100020197,165Â 538,A01,1,1,1,4,1,0,-1,-1, -1,-1,2021,53.0,1,4,0,2,1,2,1,,1,AUTOROUTE A16,0,,3,4,0,1,110,500,1,, -1,1,0,1,110,7,9,1,59,59159,1,1,0,5,AUTOROUTE A16,50.9718944675,2.2215663456,12,4,4
202100053438,106Â 198,B01,1,1,2,0,1,-1,-1,-1, -1,-1,2021,49.0,1,2,0,0,4,1,2,,3,RD 920,0,,2,2,0,1,49,725,1,, -1,2,0,1,50,27,1,2,76,76414,2,1,1,2,D920,49.919672,1.132269,17,3,2
202100044096,122Â 855,A01,1,1,1,5,2,6,9,0,0,-1,2021,50.0,1,1,13,0,1,1,1,,3,901,0,,2,2,0,1,(1),(1),1,, -1,1,0,1,80,15,4,1,84,84132,1,1,0,7,D901,43.92479,4.976184,11,1,1
202100045761,119Â 954,A01,1,1,1,2,2,6,-1,-1, -1,-1,2021,18.0,2,1,0,0,8,15,1,,4,BEL AIR (RUE DE),0,,2,8,0,1,(1),(1),1,, -1,1,0,1,50,30,3,1,45,45338,2,2,0,7,Rue de Bel-Air,47.98111,2.71644,15,1,1
202100005283,192Â 342,A01,10,3,2,2,0,-1,-1,3,3,1,2021,15.0,1,2,0,1,2,13,1,,3,ANATOLE France (RUE),0,,2,2,0,1,1,0,1,, -1,2,9,1,30,22,11,5,59,59104,2,1,1,6,ANATOLE France (RUE),50.28943,4.05547,18,2,1
202100000854,200Â 211,A01,1,1,1,1,8,-1,-1,-1, -1,-1,2021,60.0,2,1,0,0,8,25,0,,4,VERMOREL VICTOR BD,0,,1,1,0,2,(1),(1),1,, -1,2,6,4,50,30,12,5,69,69264,2,1,1,7,VERMOREL VICTOR (BD),45.9855705454,4.7133842111,5,1,1
202100017165,170Â 957,A01,3,2,1,5,8,-1,-1,0,0,-1,2021,21.0,2,2,3,0,2,1,1,,1,11,-1,,1,3,0,1,46,700,1,,"13,5",1,0,2,130,25,9,3,28,28073,1,1,0,6,A11 PK 48.500,48.48554,1.656033,0,3,1
202100048848,114Â 448,A01,1,1,1,9,8,-1,-1,-1, -1,-1,2021,55.0,3,2,8,0,2,26,1,,4,LYON (BOULEVARD DE),0,,2,2,1,1,(1),(1),2,, -1,1,0,4,50,7,3,1,59,59512,2,9,0,6,Boulevard de Lyon,50.677782,3.174383,6,1,1
202100022835,160Â 794,A01,1,1,1,5,2,6,-1,0,0,-1,2021,36.0,3,1,1,2,3,1,1,,3,109,0,D,2,2,0,2,(1),(1),1,, -1,1,0,1,50,23,8,1,24,24266,2,1,0,5,197 Route de Gravelle,45.224003,0.558704,13,4,3
202100018316,168Â 885,A01,1,1,1,0,2,-1,-1,-1, -1,-1,2021,32.0,0,1,0,2,1,13,1,,7,SAINT JEAN. ROUTE DE,0,,2,2,0,2,6,800,2,, -1,1,0,1,80,17,9,1,76,76366,1,1,0,1,SAINT JEAN. ROUTE DE,49.5100982686,1.0230374336,12,3,2
202100027527,152Â 524,A01,10,3,2,3,0,-1,-1,3,3,1,2021,73.0,2,3,0,1,3,15,1,1.0,3,BOIS ( Rue au ),0,,1,1,0,2,102,370,1,, -1,1,0,1,50,20,7,1,62,62758,2,2,0,6,BOIS ( Rue au ),50.72619,1.63784,8,2,1
202100045173,120Â 987,A01,1,1,1,5,2,6,9,0,0,-1,2021,15.0,1,1,0,2,3,13,1,,3,598,-1,,2,2,0,1,6,460,2,, -1,1,0,1,80,4,4,1,12,12090,1,1,0,1,Lieu dit LA GARDE - RD598,44.392549,2.473319,17,4,2
202100041955,126Â 626,B01,1,1,1,5,8,0,-1,-1, -1,-1,2021,18.0,1,1,0,2,8,1,5,,3,1,0,,-1,0,2,1,0,0,1,, -1,1,0,1,50,30,4,1,92,92044,2,2,0,3,PDTWILSOO(RUE)151A159 ET 146A170,48.90042,2.28326,9,2,2
202100005724,191Â 569,B01,1,1,1,1,2,6,-1,-1, -1,-1,2021,30.0,2,1,0,2,3,3,1,,1,AUTOROUTE A6,0,,3,0,0,1,12,600,1,, -1,2,0,1,110,29,11,3,91,91161,1,1,0,3,AUTOROUTE A6,48.71052,2.30749,7,2,2
202100030774,146Â 752,A01,1,1,1,0,2,0,-1,-1, -1,-1,2021,45.0,2,1,0,2,7,17,1,,3,PETIT PEROU,0,,2,2,0,1,(1),(1),1,, -1,1,0,1,50,30,6,1,971,97101,2,1,0,3,PETIT PEROU,16.25603,-61.51401,13,2,2
202100046276,119Â 059,A01,1,1,1,0,1,8,-1,0,0,-1,2021,21.0,2,2,17,0,9,1,1,,3,3,-1,,2,2,0,1,25,150,3,, -1,2,0,3,90,27,3,3,3,3313,1,1,0,6,Route de CÃ©rilly,46.580457,2.800612,2,1,1
202100051065,110Â 396,B01,1,1,1,5,2,8,-1,0,0,-1,2021,76.0,3,1,0,2,7,1,5,,3,ESPELUCHE (Route d'),0,,2,2,0,1,3,695,1,, -1,1,0,1,50,18,2,1,26,26198,1,9,0,6,ESPELUCHE (Route d'),44.54291,4.7731,11,2,2
202100042510,125Â 634,A01,1,1,1,3,1,0,-1,-1, -1,-1,2021,30.0,1,2,14,0,1,14,1,,3,VICTOIRE (AV DE LA),0,,2,2,0,2,0,9,1,, -1,1,0,1,50,26,4,1,94,94054,2,1,0,7,VICTOIRE (AV DE LA),48.74478,2.39829,18,1,1
202100038369,133Â 054,A01,1,1,1,0,0,0,-1,0,0,-1,2021,13.0,2,1,0,2,7,5,1,,4,ALCO (RUE D',0,,2,5,3,1,(1),(1),1,, -1,1,0,1,50,24,5,1,34,34172,2,2,0,3,ALCO (RUE D'),43.61795,3.83949,20,2,2
202100044393,122Â 327,A01,1,1,1,5,2,-1,-1,0,0,-1,2021,70.0,1,1,0,0,9,1,5,,3,931,0,,2,2,0,4,35,200,3,, -1,1,0,1,80,10,4,1,32,32180,1,1,0,7,D931 PK 35+200,43.877804,0.216079,15,1,1
202100006098,190Â 903,A01,10,3,2,2,0,-1,-1,4,3,2,2021,8.0,2,1,0,1,2,1,1,,4,BOULEVARD PEREIRE,0,,2,2,0,1,(1),(1),1,, -1,2,0,1,30,26,11,5,75,75117,2,4,1,6,BOULEVARD PEREIRE,48.88783,2.311356,18,2,1
202100047643,116Â 594,B01,2,2,1,9,1,0,-1,0,0,-1,2021,7.0,2,2,0,2,9,1,1,,3,PLAN (ROUTE DU) -D304-,0,,2,2,0,1,0,158,1,, -1,1,0,1,50,17,3,1,6,6069,2,1,0,4,PLAN (ROUTE DU) -D304-,43.652976,6.94632,10,4,3
202100051730,109Â 226,A01,1,1,2,9,1,0,-1,-1, -1,-1,2021,60.0,1,2,1,0,4,2,1,,4,LOUISE MICHEL (RUE),0,,-1,2,1,1,0,0,1,, -1,1,0,1,50,12,2,1,93,93005,2,1,0,6,LOUISE MICHEL (RUE),48.93095,2.50492,16,1,1
202100031374,145Â 667,A01,1,1,1,5,1,-1,-1,0,0,-1,2021,42.0,2,2,0,2,2,17,1,,3,192,0,,2,2,0,4,7,170,4,, -1,2,0,1,80,2,7,1,43,43191,1,1,1,6,Gizac,45.351173,3.292058,17,6,2
202100048695,114Â 714,B01,1,1,1,4,2,6,-1,0,0,-1,2021,26.0,3,1,0,2,7,17,1,,4,BOULEVARD ROMAIN ROLLAND,0,,1,2,0,1,(1),(1),1,, -1,1,0,1,50,9,3,5,75,75114,2,2,0,3,BOULEVARD ROMAIN ROLLAND,48.82021,2.324009,21,2,2
202100048142,115Â 695,B01,1,1,2,0,1,0,-1,-1, -1,-1,2021,25.0,0,2,0,2,4,2,1,,4,LUDOVIC LEGRE (AVENUE),0,,2,2,0,1,0,0,1,, -1,1,0,1,50,13,3,1,13,13209,2,1,0,2,LUDOVIC LEGRE (AVENUE),43.25034,5.39713,13,2,2
202100053941,105Â 332,A01,1,1,1,5,2,0,-1,-1, -1,-1,2021,56.0,1,1,0,2,8,1,5,,4,BERANGER (BOULEVARD),0,,3,4,0,1,(1),(1),1,, -1,2,0,1,50,23,1,1,37,37261,2,2,0,6,BERANGER (BOULEVARD),47.389475352,0.6843098403,14,3,2
202100043323,124Â 222,A01,1,1,2,0,1,8,-1,-1, -1,-1,2021,45.0,1,2,16,0,1,26,1,,4,SEMBAT ( ET IMP. MARCEL ),0,,2,2,0,1,(1),(1),1,, -1,1,0,1,50,19,4,1,56,56098,2,1,0,7,SEMBAT ( ET IMP. MARCEL ),47.76560528,-3.34533423,14,1,1
202100042577,125Â 518,A01,10,3,1,0,0,-1,-1,4,3,2,2021,9.0,3,2,0,1,0,26,1,,4,AmitiÃ© des peuples,0,,1,2,0,1,(1),(1),1,, -1,1,0,1,50,19,4,5,971,97120,2,1,0,6,AmitiÃ© des peuples,16.243,-61.5397,21,2,1
202100025747,155Â 661,B01,1,1,1,5,1,0,-1,-1, -1,-1,2021,20.0,1,2,1,2,7,1,1,,4,FRIEDLAND (RUE),0,,1,1,0,2,25,0,1,, -1,1,0,1,50,3,8,5,13,13206,2,2,0,3,FRIEDLAND (RUE),43.28592,5.3901,22,2,2