Num_Acc,id_vehicule,num_veh,place,catu,sexe,trajet,secu1,secu2,secu3,locp,actp,etatp,year_acc,victim_age,senc,catv,obs,obsm,choc,manv,motor,occutc,catr,voie,v1,v2,circ,nbv,vosp,prof,pr,pr1,plan,lartpc,larrout,surf,infra,situ,vma,jour,mois,lum,dep,com,agg_,int,atm,col,adr,lat,long,hour,nb_victim,nb_vehicules
202100029395,149Â 235,B01,1,1,1,9,2,6,9,0,0,-1,2021,56.0,2,1,0,2,1,1,1,,3,32,-1,,2,2,0,1,15,580,3,, -1,9,0,1,80,26,6,1,74,74073,1,1,0,1,D32,46.346779,6.631858,17,2,2
202100038803,132Â 255,A01,1,1,1,0,2,6,-1,0,0,-1,2021,22.0,2,1,0,2,1,13,1,,3,27,-1,,2,2,0,2,12,450,3,, -1,1,0,1,50,23,5,1,974,97422,2,1,0,1,Chemin Neuf,-21.243416,55.512278,15,2,2
202100047438,116Â 973,A01,1,1,1,2,1,-1,-1,0,0,-1,2021,20.0,1,2,14,0,5,1,1,,1,10,0,A,3,4,0,1,347,572,1,, -1,1,0,3,110,19,3,2,79,79246,1,1,0,6,,46.414103,-0.125098,19,1,1
202100034387,140Â 272,A01,1,1,2,1,1,-1,-1,0,0,-1,2021,39.0,2,2,2,0,1,11,1,,3,34,0,,2,2,0,1,8,939,2,, -1,1,0,3,90,15,6,2,34,34145,1,1,0,7,Route de Sommieres,43.694435,4.135612,21,1,1
202100053581,105Â 945,A01,10,3,2,2,0,-1,-1,-1, -1,-1,2021,14.0,3,2,0,1,3,1,1,,4,PIERRE MENDES FRANCE                (R ),0,,2,2,1,2,(1),(1),1,, -1,1,0,1,50,26,1,2,69,69290,2,1,0,6,PIERRE MENDES FRANCE (AV),45.6898872108,4.9569126795,7,2,1
202100044048,122Â 941,A01,1,1,1,9,8,0,-1,0,0,-1,2021,37.0,2,1,0,2,3,15,3,,4,BOULEVARD DE LA CHAPELLE,0,,1,0,0,1,(1),(1),1,, -1,1,0,1,50,14,4,2,75,75110,2,5,0,3,BOULEVARD DE LA CHAPELLE,48.8842449494,2.3615509275,19,2,2
202100054142,104Â 971,A01,1,1,1,5,1,-1,-1,0,0,-1,2021,23.0,2,2,0,2,8,1,1,,3,1314,0,D,2,2,0,2,47,650,2,, -1,2,0,3,80,23,1,1,76,76671,1,1,1,1,Route du Circuit,49.961077,1.434757,10,3,2
202100043509,123Â 893,A01,1,1,1,4,1,-1,-1,0,0,-1,2021,41.0,2,4,8,0,7,1,1,,3,54,0,D,2,2,0,1,2,150,1,, -1,1,0,1,80,24,3,1,27,27359,1,3,0,3,RD54 pk 002.150,48.852574,0.63629,15,2,2
202100055097,103Â 330,B01,1,1,1,5,2,-1,-1,0,0,-1,2021,70.0,1,1,0,2,4,2,5,,2,5,-1,,2,4,0,1,9,400,1,, -1,1,0,1,70,14,1,1,972,97221,1,1,0,2,RN5,14.507192,-60.981417,14,2,2
202100036094,137Â 162,A01,10,3,1,5,0,-1,-1,2,3,1,2021,11.0,2,1,0,1,1,5,1,,4,RUE DES VIGNOLES,0,,1,1,2,1,(1),(1),1,, -1,1,0,5,30,6,6,1,75,75120,2,1,0,6,RUE DES VIGNOLES,48.853141,2.397527,16,2,1
202100046019,119Â 500,B01,1,1,1,0,2,-1,-1,0,0,-1,2021,62.0,0,1,0,0,7,1,1,,3,519,0,D,1,1,0,1,23,200,3,, -1,1,0,1,50,30,3,1,38,38363,2,6,0,3,RD519,45.346075,5.077931,17,2,2
202100024187,158Â 432,A01,1,1,1,5,1,-1,-1,0,0,-1,2021,77.0,3,2,1,0,2,1,1,,4,,-1,,2,2,0,2,(1),(1),1,, -1,1,0,3,80,14,8,3,24,24240,1,1,0,6,route du saut,44.887446,0.892344,22,1,1
202100055520,102Â 605,A01,1,1,1,1,2,6,-1,0,0,-1,2021,25.0,1,1,0,2,1,7,1,,4,AVENUE DE FLANDRE,0,,1,2,3,1,(1),(1),1,, -1,1,-1,6,50,11,1,5,75,75119,2,3,0,3,AVENUE DE FLANDRE,48.889846,2.37596,18,2,2
202100043674,123Â 610,B01,1,1,1,0,0,-1,-1,0,0,-1,2021,49.0,2,1,0,0,5,1,0,,3,DN7,0,D,2,2,0,1,58,340,1,, -1,1,0,1,-1,24,3,1,83,83031,2,6,0,2,rond point du vieux cannet,43.394417,6.331467,15,2,2
202100054220,104Â 833,A01,1,1,2,1,1,0,-1,0,0,-1,2021,20.0,1,2,0,2,1,1,1,,2,814,0,,3,4,0,1,1,0,1,, -1,2,0,1,90,20,1,1,14,14327,1,1,1,2,N814,49.18793,-0.33107,8,2,2
202100036444,136Â 562,A01,1,1,1,5,2,6,-1,-1, -1,-1,2021,41.0,2,1,0,2,7,1,1,,4,BARASSE,0,,2,2,0,1,(1),(1),1,, -1,1,0,1,50,4,6,2,13,13211,2,1,0,3,BARASSE,43.28624,5.47615,19,2,2
202100030958,146Â 416,A01,1,1,1,5,1,0,-1,-1, -1,-1,2021,20.0,2,2,4,0,1,1,1,,2,RN 104,0,,1,2,0,1,41,99,2,, -1,2,0,1,90,4,7,1,91,91228,1,1,1,6,RN 104,48.62707,2.40039,9,1,1
202100012030,180Â 207,B01,1,1,1,0,1,0,-1,-1, -1,-1,2021,49.0,3,5,10,2,3,1,1,,7,LONDRES (AVENUE DE),0,,2,2,0,1,0,9,1,, -1,1,2,1,50,20,10,1,13,13117,2,2,0,3,LONDRES (AVENUE DE),43.42718,5.23536,7,2,2
202100013453,177Â 692,A01,1,1,1,5,8,-1,-1,0,0,-1,2021,53.0,1,1,0,0,1,26,1,,4,,-1,,2,2,0,1,(1),(1),1,,4,1,0,1,80,9,10,2,45,45222,1,1,0,7,Route des Gourdets,48.093438,2.736626,19,2,1
202100039549,130Â 899,B01,2,1,1,0,2,0,-1,-1, -1,-1,2021,72.0,0,1,0,2,8,1,0,,4,POMARE V (AVENUE),0,,-1,1,0,1,0,0,1,, -1,1,0,1,50,15,5,1,987,98735,2,2,0,3,POMARE V (AVENUE),-17.53099,-149.56389,11,2,2
202100048038,115Â 875,A01,1,1,1,9,2,0,-1,0,0,-1,2021,48.0,1,1,1,2,1,21,3,,4,BOULEVARD DE MAGENTA,0,,1,5,1,1,(1),(1),1,, -1,1,-1,5,30,14,3,2,75,75110,2,4,0,3,BOULEVARD DE MAGENTA,48.879484,2.353197,17,2,2
202100014688,175Â 459,B01,1,1,1,1,2,6,-1,0,0,-1,2021,52.0,1,1,0,2,1,1,1,,3,921,-1,,2,2,0,1,27,700,1,, -1,1,0,1,80,8,10,1,41,41235,1,3,0,3,D921,47.933805,0.862352,17,2,2
202100019299,167Â 138,B01,3,2,1,5,1,-1,-1,-1, -1,-1,2021,12.0,1,2,0,2,4,2,1,,1,AUTOROUTE A 10,0,,3,6,0,1,548,700,1,, -1,1,0,1,90,12,9,1,33,33096,1,1,0,2,AUTOROUTE A 10,44.888416,-0.504,18,6,2
202100018748,168Â 129,A01,1,1,1,0,2,-1,-1,-1, -1,-1,2021,42.0,2,1,0,2,1,17,1,,7,FRANKLIN ROOSEVELT                  (AV),0,,2,2,2,1,4,400,1,, -1,2,0,1,50,15,9,1,69,69275,2,1,1,3,FRANKLIN ROOSEVELT (AV),45.76127,4.93701,17,2,2
202100035611,138Â 066,A01,9,2,1,5,8,-1,-1,0,0,-1,2021,20.0,3,2,2,0,5,1,1,,4,,-1,,2,1,0,1,(1),(1),1,,3,2,0,3,80,10,6,3,70,70171,1,1,1,7,Avenue de la ForÃªt,47.894665,6.351594,0,4,1
202100039335,131Â 289,A01,1,1,1,5,1,8,-1,-1, -1,-1,2021,22.0,3,2,15,0,1,9,1,,3,REPUBLIQUE AV. NÂ°27 A 105 ET 26 A 178,0,,2,2,0,1,0,0,3,, -1,1,5,8,50,19,5,5,92,92020,2,6,0,6,REPUBLIQUE AV. NÂ°27 A 105 ET 26 A 178,48.8073694278,2.2983014396,1,1,1
202100026618,154Â 127,B01,1,1,2,5,1,8,-1,-1, -1,-1,2021,45.0,1,2,0,2,4,2,1,,3,CAP - ROUTE DU CAP,0,,2,2,0,1,1,0,2,, -1,1,0,1,50,28,7,1,202,202353,2,1,0,2,CAP - ROUTE DU CAP,42.71615,9.45573,13,3,2
202100042189,126Â 212,A01,1,1,1,1,8,-1,-1,-1, -1,-1,2021,26.0,1,1,0,2,4,19,5,,4,BISSERIE (IMPASSE ),0,,2,2,1,1,(1),(1),3,, -1,2,0,1,50,28,4,2,33,33529,2,1,0,3,Avenue de BisseriÃ©,44.626563459,-1.1412256817,7,2,2
202100010014,183Â 799,B01,1,1,1,0,2,0,-1,-1, -1,-1,2021,32.0,3,1,0,2,1,1,5,,4,COMMANDANT RENE MOUCHOTTE DU,0,,2,2,1,1,0,0,1,, -1,2,0,5,50,30,10,1,64,64132,2,1,1,3,COMMANDANT RENE MOUCHOTTE DU,43.302742,-0.319609,17,2,2
202100006612,189Â 970,A01,1,1,1,0,1,0,-1,-1, -1,-1,2021,50.0,3,2,0,2,8,15,1,,4,DURAND GEORGES (AV) NÂ° PAIRS 312 A 460,0,,3,2,2,1,0,0,1,, -1,1,0,1,50,22,11,2,72,72181,2,3,0,3,DURAND GEORGES (AV) NÂ° PAIRS 312 A 460,47.96573,0.22039,7,2,2
202100019517,166Â 746,Z01,10,3,2,9,0,-1,-1,2,3,2,2021,23.0,1,1,0,1,1,1,3,,4,BOULEVARD POISSONNIERE,0,,2,4,0,2,(1),(1),1,, -1,1,0,1,30,10,9,5,75,75109,2,2,0,6,BOULEVARD POISSONNIERE,48.8714859909,2.343051042,23,2,1
202100006016,191Â 040,B01,1,1,1,0,2,6,-1,-1, -1,-1,2021,18.0,1,1,0,2,1,17,1,,4,GABRIEL PERI (RUE),0,,2,4,0,1,0,0,1,, -1,2,9,1,50,27,11,5,92,92025,2,1,1,3,GABRIEL PERI (RUE),48.918253,2.238973,22,2,2
202100001508,199Â 098,A01,1,1,1,5,2,6,-1,-1, -1,-1,2021,41.0,2,1,0,2,2,1,1,,3,EMILE ZOLA (R),0,,2,2,0,3,1,0,1,, -1,1,0,1,50,22,12,1,94,94002,2,2,0,3,Rue Joffrin,48.79984,2.42708,13,2,2
202100041061,128Â 211,B01,2,1,1,0,2,0,-1,-1, -1,-1,2021,60.0,1,1,0,2,1,1,1,,4,DESRAVINIERES,0,,2,2,0,2,(1),(1),3,, -1,1,0,1,50,4,5,1,971,97101,1,3,0,3,DESRAVINIERES,16.27691,-61.48975,6,2,2
202100029535,148Â 999,B01,1,1,1,0,2,6,-1,0,0,-1,2021,62.0,0,1,0,2,8,2,5,,7,1091,0,D,3,4,1,1,5,400,1,, -1,1,0,1,80,29,6,1,38,38478,1,1,0,3,RD1091,45.053621,5.801532,18,2,2
202100048009,115Â 926,B01,1,1,1,0,1,6,-1,-1, -1,-1,2021,43.0,1,1,3,2,4,2,1,,1,AUTOROUTE A3,0,,3,11,0,2,0,1,3,, -1,2,3,1,70,13,3,1,93,93006,1,1,1,2,AUTOROUTE A3,48.8617,2.41407,16,2,2
202100028177,151Â 331,B01,1,1,1,5,0,-1,-1,0,0,-1,2021,72.0,0,1,0,2,0,19,5,,3,WILSON (AVENUE DU PRESIDENT),0,,3,4,3,1,0,1,1,, -1,1,0,1,50,19,7,1,93,93066,2,1,0,1,Avenue du PrÃ©sident Wilson,48.914497,2.357443,18,2,2
202100022523,161Â 371,A01,1,1,2,5,1,-1,-1,0,0,-1,2021,61.0,2,2,0,0,2,1,1,,3,820,0,D,2,2,0,1,65,438,1,, -1,1,5,1,80,22,8,1,31,31145,1,2,0,3,Route Departementale 820,43.298174,1.52814,18,2,2
202100025554,155Â 997,A01,1,1,1,5,2,6,9,0,0,-1,2021,36.0,2,1,0,2,1,1,1,,3,25,-1,,2,2,0,1,0,1697,2,,3,1,5,1,80,6,8,1,17,17452,1,2,0,3,D25,45.759724,-1.158822,15,4,2
202100024604,157Â 676,B01,2,2,1,5,1,8,-1,-1, -1,-1,2021,21.0,2,2,12,2,8,1,1,,4,SAINT PIERRE (RUE),0,,1,1,0,2,0,0,1,, -1,1,0,1,50,9,8,1,49,49099,2,1,0,3,SAINT PIERRE (RUE),47.06116,-0.8772,13,5,2
202100009843,184Â 103,A01,2,2,1,0,1,-1,-1,0,0,-1,2021,23.0,1,2,13,0,1,1,1,,3,161,0,,2,2,0,1,5,520,1,, -1,2,0,3,80,31,10,3,10,10375,1,3,0,7,D161,48.295282,4.164081,19,2,1
202100028927,150Â 025,A01,10,3,2,3,0,-1,-1,5,B,1,2021,27.0,3,2,1,1,3,1,1,,3,1,0,D,2,2,0,1,0,0,1,,5,1,0,3,50,16,7,1,976,97617,2,1,0,1,Combani,-12.790092,45.133794,11,2,1
202100049347,113Â 553,B01,1,1,1,2,2,2,-1,0,0,-1,2021,18.0,1,1,0,2,1,17,1,,4,COOK (AVENUE JAMES),0,,2,2,0,1,0,0,1,, -1,1,0,1,50,3,3,1,988,98818,2,3,0,3,FELIX RUSSEIL/AVENUE JAMES COOK,-22.26805,166.43041,7,2,2
202100007609,188Â 140,A01,10,3,2,2,0,-1,-1,3,3,1,2021,15.0,3,2,0,1,8,1,1,,4,SAINT MARTIN (CHAUSSEE),0,,2,2,0,1,(1),(1),1,, -1,2,0,1,50,16,11,1,51,51454,2,6,1,7,ChaussÃ©e Saint Martin,49.2422588308,4.0249343005,8,2,1
202100045783,119Â 914,A01,1,1,1,5,1,0,0,0,0,-1,2021,77.0,3,2,0,0,0,26,1,,5,CANNES (ROUTE DE)  -RD 6085-,0,,-1,0,0,2,(1),(1),1,, -1,1,9,8,10,29,3,1,6,6069,2,1,0,7,CANNES (ROUTE DE)  -RD 6085-,43.627517,6.95571,9,1,1
202100034075,140Â 853,B01,2,2,1,5,2,0,-1,-1, -1,-1,2021,26.0,2,1,0,2,7,2,1,,2,537 RN ECHANGEUR LA PALLICE ROCADE CHEF,0,,2,2,0,1,1,218,1,, -1,1,0,1,80,15,6,3,17,17300,2,1,0,3,537 RN ECHANGEUR LA PALLICE ROCADE CHEF,46.16599,-1.19276,22,3,2
202100041397,127Â 608,B01,3,2,2,0,3,0,-1,-1, -1,-1,2021,0.0,2,2,0,2,4,2,1,,1,AUTOROUTE A1,0,,3,8,0,1,1,500,1,, -1,1,1,1,90,4,5,1,93,93066,1,1,0,4,AUTOROUTE A1,48.91482,2.35753,17,4,3
202100015647,173Â 702,A01,1,1,1,5,0,0,-1,-1, -1,-1,2021,67.0,1,1,12,0,1,0,5,,4,BOURDIGNON (R),0,,2,2,0,1,1,0,1,, -1,1,0,4,30,2,10,1,94,94068,2,1,0,6,Rue Bourdignon,48.80593,2.47836,14,1,1
202100015061,174Â 787,B01,1,1,2,1,1,0,-1,-1, -1,-1,2021,27.0,2,2,0,2,1,2,1,,2,RN157,0,,3,4,0,1,41,796,1,, -1,1,3,1,90,5,10,1,35,35051,1,1,0,4,RN157,48.114382,-1.577173,17,4,4
202100047334,117Â 158,A01,1,1,1,4,1,0,-1,-1, -1,-1,2021,33.0,1,5,0,2,1,2,1,,2,RN 70 (ROUTE EXPRESS),0,,3,4,0,1,29,75,1,, -1,1,0,1,110,19,3,1,71,71486,1,1,0,5,RN 70 (ROUTE EXPRESS),46.63976,4.32782,9,3,3
202100056312,101Â 244,A01,1,1,2,5,0,-1,-1,0,0,-1,2021,16.0,2,1,0,2,3,25,5,,3,704,-1,D,2,2,0,1,(1),(1),1,, -1,1,0,1,50,4,1,1,24,24520,2,1,0,3,RD 704,44.87505,1.224686,16,2,2
202100052888,107Â 182,A01,10,3,1,5,0,-1,-1,2,3,1,2021,22.0,2,2,0,1,7,1,1,,4,ALLEE DE BOUTAUT,0,,3,4,0,1,(1),(1),1,, -1,1,0,1,50,1,2,1,33,33075,2,1,0,6,AllÃ©e de Boutaut,44.87121,-0.57638,17,2,1
202100004893,193Â 042,A01,1,1,1,5,1,-1,-1,-1, -1,-1,2021,40.0,2,2,1,0,1,1,1,,7,RD383   11.750 A 14.250,0,,3,10,0,1,13,500,1,, -1,2,0,1,70,4,12,1,69,69259,1,1,0,2,RD383   11.750 A 14.250,45.71812,4.86841,13,3,2
202100004407,193Â 882,C01,1,1,1,9,2,6,-1,0,0,-1,2021,20.0,2,1,0,2,1,2,3,,4,BOULEVARD DE MAGENTA,0,,2,4,0,1,(1),(1),1,, -1,2,0,1,30,6,12,5,75,75110,2,1,1,4,BOULEVARD DE MAGENTA,48.87285,2.359118,8,3,3
202100025730,155Â 690,A01,1,1,2,1,1,0,-1,-1, -1,-1,2021,21.0,1,2,0,2,4,1,1,,4,LONDRES RUE COTE PAIR DU 10 AU 58,0,,2,1,0,1,(1),(1),1,, -1,1,0,1,50,2,8,1,59,59350,2,1,0,2,LONDRES RUE COTE PAIR DU 10 AU 58,50.61988,3.02304,18,2,2
202100026207,154Â 851,B01,1,1,1,5,1,-1,-1,0,0,-1,2021,31.0,2,2,0,2,1,1,1,,3,6089,0,,2,2,0,1,31,800,3,, -1,1,0,1,90,31,7,1,24,24004,1,1,0,1,lieu-dit Tuilerie de La Garde - PK 31+800 - CD 6089,45.134492,1.036159,17,7,2
202100009172,185Â 318,A01,2,2,1,5,1,-1,-1,0,0,-1,2021,20.0,2,2,8,0,2,1,1,,3,26,0,,2,2,0,1,0,500,1,, -1,2,0,3,50,7,11,5,45,45252,2,1,1,6,Route de Puiseaux,48.178421,2.259471,3,4,1
202100021137,163Â 876,A01,1,1,1,5,1,-1,-1,0,0,-1,2021,29.0,3,2,13,0,1,13,1,,4,,-1,D,2,2,0,2,(1),(1),3,,4,1,0,3,50,3,9,1,80,80039,2,1,0,6,Rue d Eu,50.090755,1.448071,20,5,1
202100050175,112Â 029,B01,1,1,1,4,1,0,-1,-1, -1,-1,2021,40.0,2,2,1,0,3,1,1,,4,GLACIS (RUE DES),0,,2,2,0,1,(1),(1),1,, -1,1,0,1,50,24,2,1,59,59178,2,2,0,5,GLACIS (RUE DES),50.36275,3.08419,16,3,3
202100028704,150Â 411,A01,1,1,1,0,2,6,-1,-1, -1,-1,2021,21.0,3,1,0,2,1,17,1,,3,GAMBETTA AV.,0,,2,2,0,1,0,0,1,, -1,1,5,1,50,15,7,1,93,93006,2,2,0,3,GAMBETTA AV.,48.87215,2.41879,14,2,2
202100042825,125Â 114,A01,10,3,2,0,0,-1,-1,3,6,1,2021,59.0,0,2,0,1,3,1,1,,4,LOUIS BLANC (AVENUE),0,,2,2,0,1,(1),(1),1,, -1,1,0,1,50,19,4,1,80,80021,2,1,0,6,LOUIS BLANC (AVENUE),49.90003,2.27382,17,2,1
202100046788,118Â 140,A01,1,1,2,9,2,0,-1,0,0,-1,2021,57.0,1,1,0,2,1,1,5,,4,AVENUE DAUMESNIL,0,,2,2,1,1,(1),(1),1,, -1,1,-1,5,50,24,3,5,75,75112,2,4,0,3,AVENUE DAUMESNIL,48.844831,2.380447,19,2,2
202100029599,148Â 880,Z01,10,3,2,0,8,8,-1,6,A,1,2021,24.0,2,2,1,0,1,5,1,,4,BEDEL (RUE MAURICE),0,,2,1,0,1,(1),(1),2,, -1,2,0,1,50,10,7,1,37,37261,2,1,1,6,BEDEL (RUE MAURICE),47.3782812977,0.6980712422,17,2,1
202100012184,179Â 938,A01,1,1,2,5,1,-1,-1,-1, -1,-1,2021,18.0,0,2,16,0,1,1,1,,4,DOCTEUR ANDRE CAUCHOIS. RUE DU,0,,2,1,0,1,0,0,1,, -1,1,0,1,50,18,10,5,76,76540,2,1,0,7,DOCTEUR ANDRE CAUCHOIS. RUE DU,49.45031,1.12559,3,2,1
202100040697,128Â 881,A01,1,1,1,5,2,-1,-1,0,0,-1,2021,40.0,1,1,0,2,1,5,1,,3,42,-1,,2,2,0,2,27,115,3,, -1,1,0,1,80,9,5,1,73,73051,1,1,0,1,D42,45.6509123412,5.8243551429,14,3,2
202100038309,133Â 162,A01,1,1,1,1,1,0,-1,-1,0,-1,2021,31.0,1,2,0,2,2,1,1,,1,AUTOROUTE A1,0,,3,6,0,1,18,200,1,, -1,2,0,1,110,26,5,1,95,95527,1,1,1,3, A1,49.00207,2.52374,6,2,2
202100034941,139Â 250,B01,1,1,1,0,1,8,-1,-1, -1,-1,2021,44.0,0,2,0,2,1,2,1,,4,SABLIERE (RUE DE LA),0,,2,2,0,1,0,0,1,, -1,1,0,1,50,10,6,1,91,91223,1,1,0,2,SABLIERE (RUE DE LA),48.44966,2.152596,16,2,2
202100040160,129Â 813,B01,1,1,1,4,2,6,-1,0,0,-1,2021,20.0,1,1,0,2,1,2,0,,4,,-1,,2,2,-1,1,(1),(1),1,, -1,2,0,1,30,12,5,5,65,65440,2,2,0,3,TORNE (RUE ABBE),43.23399,0.06965,22,3,2
202100039829,130Â 385,A01,1,1,1,0,8,0,-1,-1, -1,-1,2021,20.0,1,2,0,0,0,9,0,,4,PORT (QUAI DU),0,,2,2,3,1,(1),(1),1,, -1,1,0,1,50,15,5,5,13,13202,2,1,0,7,PORT (QUAI DU),43.2951,5.36355,3,1,1
202100055861,102Â 031,A01,2,2,2,5,1,-1,-1,0,0,-1,2021,20.0,1,2,4,0,1,0,1,,2,2,-1,,2,2,0,2,134,0,2,, -1,2,0,1,80,7,1,3,974,97405,1,1,1,6,Rue Maxime Payet,-21.3687802927,55.5756926537,20,2,1
202100036082,137Â 187,A01,10,3,1,5,0,-1,-1,2,3,2,2021,75.0,1,2,0,1,3,1,1,,9,BD DES LICES,0,,2,2,3,1,0,0,1,, -1,1,0,1,50,6,6,1,13,13004,2,1,0,6,BD DES LICES,43.67513,4.62978,18,3,1
202100004203,194Â 239,B01,1,1,1,9,2,6,-1,-1, -1,-1,2021,36.0,1,1,0,2,1,2,1,,1,86,0,,1,2,0,1,1,0,1,, -1,1,0,1,90,8,12,1,92,92050,1,1,0,5,A86,48.9073305976,2.2124361992,16,3,3
202100047506,116Â 846,B01,1,1,1,3,8,0,-1,-1, -1,-1,2021,71.0,3,4,0,2,7,0,0,,4,Route DÃ©partementale NÂ° 131,0,,2,2,0,1,32,1,1,, -1,1,0,1,50,18,3,1,17,17415,2,1,0,2,Route DÃ©partementale NÂ° 131,45.736116,-0.67341,9,2,2
202100027886,151Â 867,B01,2,2,2,5,1,0,-1,-1, -1,-1,2021,24.0,1,5,0,2,4,1,1,,3,7,0,,3,3,0,1,0,0,1,, -1,1,0,1,50,20,7,1,91,91687,2,1,0,4,GENERAL DE GAULLE (AVENUE DU),48.67816,2.38279,19,4,3
202100017638,170Â 092,B01,1,1,2,0,1,0,-1,0,0,-1,2021,23.0,3,2,0,2,1,2,1,,7,,0,,2,4,0,1,(1),(1),1,, -1,1,0,1,70,17,9,1,54,54395,2,1,0,4,M 674,48.675527419,6.1990262568,17,5,4
202100024510,157Â 848,B01,1,1,1,5,1,0,-1,-1, -1,-1,2021,24.0,1,2,0,2,7,1,1,,4,DALBIEZ (AVENUE VICTOR),0,,2,2,0,1,0,0,1,, -1,1,0,1,50,10,8,1,66,66136,2,3,0,3,DALBIEZ (AVENUE VICTOR),42.6846407156,2.8820612592,12,3,2
202100011089,181Â 906,A01,1,1,1,5,2,6,-1,-1, -1,-1,2021,33.0,-1,1,12,0,1,1,1,,7,RD 88,0,,2,2,0,1,(1),(1),2,, -1,1,0,4,50,24,10,5,37,37195,1,1,0,7,RD 88,47.3841785112,0.6508433819,5,1,1
202100002994,196Â 425,B01,1,1,2,1,1,-1,-1,0,0,-1,2021,29.0,2,2,0,2,1,1,1,,3,930,-1,,2,1,0,4,22,800,1,,3,1,0,1,80,15,12,1,32,32024,1,2,0,1,D930,43.84584,0.4141,13,2,2
202100026744,153Â 916,A01,1,1,1,4,8,-1,-1,0,0,-1,2021,30.0,1,4,1,0,2,2,1,,1,13,-1,,3,4,0,1,129,300,1,, -1,1,0,1,130,29,7,2,27,27091,1,1,0,6,A13,49.363148,0.846977,5,1,1
202100011908,180Â 438,B01,1,1,1,2,2,6,-1,0,0,-1,2021,16.0,0,1,0,0,2,1,1,,4,,0,,2,2,0,1,(1),(1),1,,4,1,0,1,-1,24,9,1,49,49248,2,3,0,3,Rue Gustave Lariviere,47.711285,-0.98782,14,2,2
202100047172,117Â 449,A01,1,1,2,3,1,-1,-1,0,0,-1,2021,64.0,1,2,0,2,2,1,1,,7,15,0,,2,2,1,2,9,250,2,, -1,1,0,1,50,22,3,1,13,13051,2,3,0,1,D15,43.592436,5.121753,10,2,2
202100017190,170Â 907,A01,1,1,1,0,8,-1,-1,0,0,-1,2021,34.0,1,2,8,0,2,14,1,,3,131,0,D,2,2,0,2,5,670,2,, -1,1,0,3,80,22,9,3,56,56110,1,1,0,6,1 Saint Andre,48.047401,-3.275669,22,1,1
202100056226,101Â 394,A01,1,1,2,0,1,0,-1,-1, -1,-1,2021,24.0,1,2,0,2,4,1,1,,1,A7-Sens Marseille vers Lyon,0,,3,2,0,1,264,500,1,, -1,2,0,1,90,4,1,5,13,13071,1,1,0,2,A7-Sens Marseille vers Lyon,43.416277,5.276429,18,2,2
202100005380,192Â 173,A01,10,3,1,9,0,-1,-1,2,3,1,2021,57.0,1,1,0,1,8,1,3,,4,RUE DE VAUGIRARD,0,,2,4,1,1,(1),(1),1,, -1,1,0,5,30,1,12,5,75,75115,2,2,0,6,RUE DE VAUGIRARD,48.841489,2.307951,18,2,1
202100013079,178Â 363,A01,10,3,2,5,0,-1,-1,4,3,1,2021,75.0,1,1,0,1,7,26,3,,4,FOCH BOULEVARD,0,,3,2,0,1,1,0,1,, -1,1,0,1,30,13,10,1,49,49007,2,1,0,6,FOCH BOULEVARD,47.46926,-0.54946,17,2,1
202100035294,138Â 616,A01,10,3,1,4,0,-1,-1,2,3,1,2021,21.0,2,1,0,1,1,5,1,,4,PELLOS (R. FRANCOIS),0,,2,2,0,1,(1),(1),1,, -1,1,0,1,50,10,6,1,6,6088,2,1,0,6,PELLOS (R. FRANCOIS),43.71061,7.26484,10,2,1
202100006978,189Â 293,B01,1,1,1,2,2,-1,-1,0,0,-1,2021,15.0,2,1,0,2,2,17,1,,3,611,0,,2,2,0,1,16,210,1,,7,1,0,1,50,17,11,2,79,79270,2,1,1,3,44 Avenue du PrÃ©sident Wilson,46.409236,-0.218364,7,2,2
202100037346,134Â 912,B01,1,1,1,5,0,-1,-1,0,0,-1,2021,32.0,2,1,0,2,7,6,5,,2,7,0,,2,2,0,1,77,200,1,, -1,1,0,1,50,30,5,1,26,26353,2,1,0,1,route nationale 7,44.664181,4.791123,19,2,2
202100046901,117Â 939,B01,1,1,1,2,0,0,-1,-1, -1,-1,2021,13.0,1,1,0,2,0,0,5,,4,LAURIERS DES,0,,2,2,0,1,0,0,3,, -1,1,0,1,30,23,3,1,64,64445,2,6,1,3,LAURIERS DES,43.30176,-0.34464,17,2,2
202100054896,103Â 685,B01,1,1,1,0,2,0,-1,-1, -1,-1,2021,22.0,1,1,0,2,1,1,1,,4,,0,,2,2,0,1,(1),(1),1,, -1,1,0,1,50,15,1,5,44,44162,2,1,0,1,AVENUE DE LA JONCQUIERE,47.21786,-1.60616,19,2,2
202100052808,107Â 329,A01,10,3,1,9,0,-1,-1,3,3,1,2021,12.0,2,5,0,1,1,1,0,,4,GENERAL LECLERC (PL DU),0,,2,2,0,1,1,0,1,, -1,2,0,1,50,2,2,1,94,94073,2,1,1,6,GENERAL LECLERC (PL DU),48.765517,2.393485,17,2,1
202100023441,159Â 721,A01,4,2,1,5,8,0,-1,-1, -1,-1,2021,26.0,2,2,1,0,1,2,1,,4,BD MAURICE BOURDET,0,,3,3,0,2,0,0,3,, -1,1,0,1,50,17,8,5,13,13201,2,1,0,5,BD MAURICE BOURDET,43.302,5.3792,23,5,2