Num_Acc,id_vehicule,num_veh,place,catu,sexe,trajet,secu1,secu2,secu3,locp,actp,etatp,year_acc,victim_age,senc,catv,obs,obsm,choc,manv,motor,occutc,catr,voie,v1,v2,circ,nbv,vosp,prof,pr,pr1,plan,lartpc,larrout,surf,infra,situ,vma,jour,mois,lum,dep,com,agg_,int,atm,col,adr,lat,long,hour,nb_victim,nb_vehicules
202100005558,191Â 864,B01,1,1,1,1,8,0,-1,-1, -1,-1,2021,29.0,0,2,0,2,1,1,1,,4,JULES-VALLES(RUE),0,,1,1,0,1,0,0,1,, -1,1,0,1,50,30,11,1,93,93070,2,2,0,3,JULES-VALLES(RUE),48.9018694321,2.3386395503,12,5,2
202100013083,178Â 356,B01,1,1,2,1,8,0,-1,-1, -1,-1,2021,61.0,1,1,0,2,8,1,5,,4,MOULIN A VENT (RUE DU),0,,2,2,0,1,(1),(1),1,, -1,1,0,1,50,15,10,1,37,37208,2,2,0,6,MOULIN A VENT (RUE DU),47.3503007562,0.74046379,13,2,2
202100016644,171Â 880,B01,1,1,1,9,2,8,-1,-1, -1,-1,2021,33.0,0,1,0,0,0,0,0,,7,FOREST (CHAUSSEE FERNAND),0,,1,3,1,1,(1),(1),1,, -1,1,0,5,50,25,9,1,59,59599,2,1,0,6,FOREST (CHAUSSEE FERNAND),50.7377769355,3.1608653069,12,2,2
202100015895,173Â 258,B01,1,1,2,1,0,0,-1,-1, -1,-1,2021,45.0,1,1,0,2,1,2,3,,3,GENERAL LECLERC (AVENUE DU),0,,2,2,0,1,1,403,2,, -1,1,5,1,50,29,9,1,61,61001,2,9,0,3,GENERAL LECLERC (AVENUE DU),48.423208,0.08975,12,2,2
202100048911,114Â 331,A01,10,3,1,9,0,-1,-1,6,1,1,2021,61.0,2,2,0,1,2,2,1,,3,961,-1,,2,2,0,2,(1),(1),1,, -1,1,0,1,80,7,3,3,59,59053,1,1,0,6,150 Route d'Avesnes,50.2784204928,3.8134232908,20,2,1
202100035636,138Â 018,A01,1,1,1,5,2,6,-1,0,0,-1,2021,66.0,0,1,16,0,0,0,1,,4,,-1,,2,2,0,1,(1),(1),1,,"4,1",1,0,3,80,8,6,1,79,79115,1,1,0,7,lieu dit la Garenne,46.352793,-0.081046,18,1,1
202100036157,137Â 059,A01,2,2,2,5,0,-1,-1,0,0,-1,2021,22.0,1,2,1,0,0,2,1,,3,86,-1,,2,2,0,1,51,500,1,, -1,1,0,1,70,7,6,5,7,7349,1,1,0,6,D86,44.788262,4.772358,2,3,1
202100016851,171Â 499,A01,5,2,2,0,1,0,-1,-1, -1,-1,2021,6.0,1,2,1,0,1,5,2,,4,LETOUZE (RUE DE),0,,1,1,0,1,0,0,1,, -1,1,0,1,50,25,9,1,72,72181,2,1,0,6,LETOUZE (RUE DE),47.98724,0.20816,16,3,1
202100050606,111Â 232,B01,1,1,1,0,1,0,-1,-1, -1,-1,2021,53.0,-1,2,0,2,4,23,0,,3,JEAN MONET (CARREFOUR),0,,1,2,0,3,0,1,2,, -1,1,9,1,50,21,2,1,93,93005,2,6,0,4,JEAN MONET (CARREFOUR),48.9542281186,2.5100585412,16,3,3
202100023479,159Â 656,A01,1,1,2,1,2,-1,-1,0,0,-1,2021,46.0,0,1,0,0,5,1,1,,3,836,-1,D,2,2,0,1,0,1,1,, -1,1,0,1,50,20,8,1,27,27355,2,3,0,3,Rue de Garennes,48.883189,1.458778,17,3,2
202100036596,136Â 290,A01,1,1,2,0,1,0,-1,-1, -1,-1,2021,21.0,1,2,0,2,1,19,1,,2,RN 70 (ROUTE EXPRESS),0,,1,1,0,1,31,870,1,, -1,1,3,1,50,3,6,1,71,71306,1,3,0,3,Rue de Chez Lecuyer,46.66329,4.3358,8,3,2
202100013106,178Â 316,A01,2,2,2,9,2,0,-1,0,0,-1,2021,38.0,2,1,0,2,2,1,1,,4,RUE DE TERRE NEUVE,0,,1,1,0,1,(1),(1),1,, -1,1,0,1,30,15,10,1,75,75120,2,2,0,3,RUE DE TERRE NEUVE,48.854334,2.397925,13,3,2
202100011187,181Â 734,B01,1,1,1,5,1,0,-1,-1, -1,-1,2021,41.0,3,1,0,2,1,26,3,,3,ROND POINT DES ORIELS,0,,2,1,0,1,0,0,3,, -1,1,0,1,50,19,6,5,28,28134,2,6,0,1,ROND POINT DES ORIELS,48.73495,1.36139,0,2,2
202100031407,145Â 611,A01,1,1,1,0,1,5,-1,-1, -1,-1,2021,19.0,2,2,4,2,9,0,1,,1,A13,0,,3,6,0,1,47,799,1,, -1,1,0,1,110,2,7,5,78,78362,1,1,0,3,A13,48.97467,1.72663,0,4,2
202100043640,123Â 671,B01,1,1,1,5,2,6,-1,-1, -1,-1,2021,34.0,1,1,0,2,3,0,1,,4,PRADO JACQUES CHIRAC (ROND POINT),0,,2,2,0,1,(1),(1),1,, -1,1,6,1,50,17,4,5,13,13208,2,6,0,3,,43.2720732253,5.3909343481,23,2,2
202100012724,178Â 975,A01,1,1,1,5,0,-1,-1,0,0,-1,2021,28.0,3,2,2,0,1,2,1,,4,,-1,,2,2,0,2,(1),(1),2,,4,1,0,3,50,16,10,3,29,29023,2,1,0,6,Route de la Grande GrÃªve,48.66044,-3.923955,21,2,1
202100006790,189Â 647,A01,1,1,1,0,2,6,-1,-1, -1,-1,2021,52.0,2,1,0,0,9,0,1,,1,A55-Sens Martigues vers Marseille,0,,1,3,0,1,35,0,1,, -1,2,0,1,110,22,11,1,13,13056,1,1,1,7,A55-Sens Martigues vers Marseille,43.394072,5.064186,6,1,1
202100016470,172Â 186,A01,1,1,2,5,2,6,-1,-1, -1,-1,2021,18.0,1,1,0,2,1,2,1,,3,BAYONNE (AVENUE DE),0,,1,2,0,1,0,0,1,, -1,1,0,1,30,26,9,5,64,64024,1,1,0,6,BAYONNE (AVENUE DE),43.4819,-1.5074,21,1,1
202100005972,191Â 121,A01,10,3,1,3,0,-1,-1,2,3,1,2021,62.0,-1,2,0,1,2,26,1,,4,PUPILLES DE LA NATION (AVENUE DES),0,,2,3,0,1,(1),(1),1,, -1,2,0,1,50,26,11,2,15,15014,2,1,0,6,Avenue des Pupilles de la Nation,44.92241,2.44017,8,2,1
202100013722,177Â 179,B01,1,1,1,0,2,0,-1,-1, -1,-1,2021,75.0,1,1,0,2,3,0,5,,3,19,0,,2,4,0,1,0,0,1,, -1,1,0,1,50,11,10,1,92,92036,2,6,0,6,PIERRE DE COUBERTIN (BOULEVARD) (PORT ->,48.9305240809,2.2845742106,19,2,2
202100038931,132Â 041,B01,1,1,1,0,2,0,-1,-1, -1,-1,2021,39.0,1,1,0,2,4,0,1,,4,SAINTONGE A10 A ROCADE OUEST AVENUE DE,0,,2,2,0,1,(1),(1),3,, -1,1,9,1,50,21,5,5,17,17415,2,6,0,2,SAINTONGE A10 A ROCADE OUEST AVENUE DE,45.74041,-0.66232,6,2,2
202100046591,118Â 487,A01,1,1,2,5,8,0,-1,-1, -1,-1,2021,25.0,1,1,0,2,1,15,3,,4,EMILE GARET,0,,2,2,0,1,0,0,1,, -1,1,9,1,50,25,3,1,64,64445,2,2,0,3,EMILE GARET,43.30091,-0.36174,17,2,2
202100007805,187Â 796,B01,3,2,2,5,3,0,-1,0,0,-1,2021,5.0,1,2,0,2,2,1,1,,4,AIGUILLETTES  (BD 5A A 17A),0,,2,4,0,1,(1),(1),1,, -1,1,0,1,50,10,11,1,54,54395,2,1,0,3,AIGUILLETTES  (BD 5A A 17A),48.667381,6.16413,11,6,2
202100022090,162Â 140,A01,1,1,1,5,2,6,-1,-1, -1,-1,2021,25.0,2,1,9,0,2,14,1,,4,Georges ClÃ©menceau (Bd),0,,2,2,0,1,0,0,2,, -1,9,6,1,30,27,8,1,19,19272,2,1,0,6,Georges ClÃ©menceau (Bd),45.2654022165,1.7636997144,18,1,1
202100019274,167Â 184,A01,1,1,1,0,2,-1,-1,0,0,-1,2021,84.0,2,1,0,2,0,0,6,,3,941,0,D,2,2,0,1,61,600,1,, -1,1,0,1,80,4,9,2,87,87154,2,1,0,1,ZI du Pavillon,45.90415,0.931504,19,2,2
202100040424,129Â 357,A01,1,1,1,5,2,6,-1,0,0,-1,2021,25.0,2,1,14,0,1,1,1,,3,139,-1,,2,2,0,1,7,950,1,, -1,1,0,1,80,12,5,1,80,80359,1,1,0,7,route dÃ©partementale 139,49.737655,2.780528,15,1,1
202100035095,138Â 966,A01,1,1,1,4,2,8,-1,-1, -1,-1,2021,27.0,2,1,0,0,0,13,1,,3,76,0,,1,2,0,1,0,0,1,, -1,1,0,1,30,11,6,1,92,92040,2,1,0,7,GUYNEMER,48.8297201958,2.2770769298,13,1,1
202100033013,142Â 732,B01,1,1,1,1,2,6,-1,-1, -1,-1,2021,31.0,1,1,0,2,4,14,1,,7,HIPPODROME (DE L')                  (AV),0,,-1,1,0,1,2,900,1,, -1,1,0,1,50,21,6,1,69,69286,2,1,0,2,HIPPODROME (DE) (L') (AV),45.81502,4.8852,16,2,2
202100037268,135Â 060,B01,2,1,1,1,2,6,-1,-1, -1,-1,2021,43.0,2,1,0,2,1,17,1,,4,RIVOLI (RUE DE),0,,-1,1,0,1,(1),(1),1,, -1,1,0,1,50,4,5,1,13,13206,2,2,0,3,RIVOLI (RUE DE),43.28614,5.387,7,2,2
202100004410,193Â 876,B01,1,1,1,9,2,0,-1,-1, -1,-1,2021,21.0,3,1,0,2,1,1,1,,3,CRETEIL (BD DE),0,,2,2,0,1,0,0,1,, -1,2,0,1,30,6,12,2,94,94068,2,1,1,1,CRETEIL (BD DE),48.79799,2.49259,15,2,2
202100028220,151Â 251,A01,2,2,1,5,2,6,-1,0,0,-1,2021,15.0,1,1,0,2,2,17,1,,3,61,-1,,2,2,0,1,2,750,1,, -1,1,0,1,80,16,7,1,10,10193,1,1,0,2,D61,48.421255,4.417191,17,4,2
202100048471,115Â 123,B01,1,1,1,4,1,-1,-1,0,0,-1,2021,53.0,1,2,0,2,3,1,1,,3,6113,0,D,2,2,0,1,6,100,3,, -1,1,0,1,80,12,3,1,11,11255,1,1,0,3,D6113,43.18575228,2.92697437,9,2,2
202100030335,147Â 540,A01,1,1,1,1,2,8,-1,-1,0,-1,2021,34.0,3,1,1,0,1,1,1,,4,CHE DE BONNEUIL,0,,2,2,0,1,(1),(1),1,, -1,1,0,1,90,6,7,1,95,95268,1,1,0,6,CHEMIN DE BONNEUIL,48.965769,2.41454,19,1,1
202100003887,194Â 807,A01,1,1,2,1,1,-1,-1,0,0,-1,2021,29.0,2,2,0,2,1,1,1,,3,116,0,,2,2,0,1,14,70,3,, -1,7,0,1,90,9,12,3,49,49307,1,1,0,1,Route de SarrignÃ© (baunÃ©) D116,47.499311,-0.337261,7,3,2
202100021537,163Â 146,A01,1,1,1,5,8,-1,-1,0,0,-1,2021,36.0,1,2,0,2,1,5,1,,1,89,-1,A,3,4,0,1,304,500,1,, -1,1,0,1,130,2,9,3,63,63370,1,1,0,5,A89 PK 304.500,45.660472,2.653069,3,3,3
202100010917,182Â 211,B01,1,1,1,0,2,6,-1,-1, -1,-1,2021,50.0,1,1,0,2,1,1,1,,4,LAGORD   AVENUE DE,0,,2,2,1,1,(1),(1),1,, -1,1,0,1,30,26,10,2,17,17200,2,1,0,1,Avenue de Lagord,46.181395,-1.158794,19,2,2
202100056442,101Â 010,A01,1,1,1,0,2,0,-1,-1, -1,-1,2021,23.0,2,1,0,2,1,1,1,,3,REPUBLIQUE (BOULEVARD DE LA) 5/77BIS - 6,0,,2,6,0,1,0,0,1,, -1,1,0,1,50,2,1,1,92,92012,2,2,0,3,REPUBLIQUE (BOULEVARD DE LA) 5/77BIS - 6,48.83107,2.25723,14,2,2
202100007033,189Â 185,A01,1,1,1,5,2,8,-1,-1, -1,-1,2021,23.0,1,1,0,0,1,16,1,,4,GOUDES (CHEMIN DES),0,,2,2,0,1,0,0,3,, -1,2,0,1,50,21,11,5,13,13208,2,1,0,7,GOUDES (CHEMIN DES),43.22793,5.35127,0,1,1
202100015277,174Â 406,A01,1,1,1,5,1,-1,-1,0,0,-1,2021,30.0,1,2,6,0,1,1,1,,3,21,-1,C,2,2,0,1,93,390,1,, -1,2,0,8,50,5,10,5,85,85029,2,3,1,6,8 Rue du Grand Vitrail,46.973818,-1.998729,1,1,1
202100036229,136Â 926,B01,1,1,1,3,8,0,-1,-1, -1,-1,2021,36.0,2,1,0,2,0,0,5,,3,GENEVE (RUE DE),0,,1,1,0,1,0,0,1,, -1,1,0,4,50,5,6,1,74,74008,2,1,0,6,GENEVE (RUE DE),46.19241,6.22321,18,2,2
202100044121,122Â 808,A01,10,3,2,3,0,-1,-1,2,3,1,2021,49.0,3,2,0,1,5,4,1,,6,SAINT-DENIS (ROUTE),0,,-1,-1,0,1,(1),(1),1,, -1,1,9,6,30,12,4,1,95,95197,2,1,0,6,SAINT-DENIS (ROUTE),48.9617236317,2.3249937594,11,2,1
202100033552,141Â 790,B01,1,1,2,1,1,-1,-1,-1, -1,-1,2021,19.0,1,2,0,2,3,0,1,,4,COMMANDANT COUSTEAU ,0,,2,2,0,1,(1),(1),1,, -1,1,0,1,50,18,6,1,76,76351,2,2,0,3,COMMANDANT COUSTEAU ,49.522678,0.0909846,8,2,2
202100002227,197Â 807,B01,1,1,1,0,8,-1,-1,-1, -1,-1,2021,18.0,0,2,0,2,1,1,1,,4,ABBE PIERRE                        (PL),0,,2,2,3,2,(1),(1),1,, -1,1,0,1,50,13,12,2,69,69389,2,2,0,1,ABBE PIERRE  (DE L') (PL),45.78651,4.79514,20,3,2
202100055579,102Â 510,A01,2,2,1,3,1,-1,-1,0,0,-1,2021,10.0,2,2,3,0,1,16,1,,3,11,-1,,2,1,0,1,(1),(1),4,, -1,1,0,3,50,11,1,1,59,59089,2,6,0,6,route de granveline,50.86622,2.348622,15,2,1
202100024105,158Â 570,A01,1,1,2,5,2,-1,-1,-1,0,-1,2021,30.0,1,1,3,0,7,3,1,,2,RN 184,0,,2,2,0,1,10,100,1,, -1,1,0,1,70,14,8,1,95,95394,1,1,0,6,RN 184,49.0510714607,2.1919368565,20,1,1
202100030042,148Â 086,B01,1,1,1,0,2,0,-1,-1, -1,-1,2021,39.0,-1,1,0,2,3,1,1,,3,STALINGRAD (AVENUE DE) DES NÂ° 126 A 156,0,,1,2,0,1,0,1,1,, -1,1,0,1,50,8,7,1,93,93072,2,1,0,3,STALINGRAD (AVENUE DE) DES NÂ° 126 A 156,48.9515731421,2.3880055547,9,2,2
202100014501,175Â 788,B01,1,1,1,5,0,-1,-1,0,0,-1,2021,29.0,1,1,0,2,1,1,1,,3,20,0,,2,2,0,1,(1),(1),1,,5,1,0,1,50,9,10,1,8,8363,2,3,0,1,Avenue Danton,49.93862,4.640629,15,2,2
202100038030,133Â 684,B01,1,1,2,9,1,0,-1,-1, -1,-1,2021,53.0,1,2,0,2,1,1,1,,7,ALEX ANSALDI (RUE),0,,2,3,0,1,4,800,2,, -1,1,0,1,50,27,5,1,13,13214,2,1,0,3,ALEX ANSALDI (RUE),43.333014,5.403589,7,2,2
202100021462,163Â 277,B01,1,1,1,0,2,8,-1,-1, -1,-1,2021,15.0,2,1,0,2,7,1,1,,4,CLEMENCEAU (BD),0,,2,2,0,1,1,0,1,, -1,1,0,1,50,1,9,1,22,22278,2,1,0,3,CLEMENCEAU (BD),48.50865,-2.76019,15,2,2
202100034719,139Â 658,A01,1,1,1,5,1,0,-1,-1, -1,-1,2021,25.0,2,2,0,2,2,1,1,,2,104,0,,3,4,0,1,47,700,1,, -1,1,2,1,110,12,6,3,91,91570,1,1,0,2,RN 104,48.6249,2.3153,23,5,2
202100027453,152Â 655,A01,1,1,1,5,1,-1,-1,0,0,-1,2021,23.0,2,2,2,0,1,1,1,,7,7,-1,,2,2,0,1,47,10,1,, -1,1,0,3,80,24,7,1,13,13091,1,1,0,1,route nationale 7,43.606157,5.335729,5,1,1
202100036029,137Â 286,B01,1,1,1,0,0,-1,-1,0,0,-1,2021,62.0,2,1,0,2,8,1,5,,3,6,0,,2,2,0,1,2,701,1,, -1,1,0,5,50,7,6,1,64,64422,2,1,0,6,Rue LÃ©on Jouhaux,43.198966,-0.612069,18,3,2
202100025715,155Â 719,Z01,10,3,1,5,8,8,-1,1,3,1,2021,17.0,2,1,0,1,1,1,1,,4,JOLIOT CURIE (RUE IRENE ET FREDERIC),0,,2,2,0,1,0,0,1,, -1,1,0,1,50,31,7,5,87,87085,2,1,0,6,JOLIOT CURIE (RUE IRENE ET FREDERIC),45.83373,1.22406,1,2,1
202100003573,195Â 366,B01,1,1,1,5,2,4,-1,-1, -1,-1,2021,42.0,2,1,0,2,1,1,5,,4,CHARLES DE GAULLE(RUE),0,,-1,1,0,1,0,0,1,, -1,2,0,1,50,8,12,2,91,91122,2,1,1,1,CHARLES DE GAULLE(RUE),48.69522,2.15751,18,2,2
202100011024,182Â 018,A01,1,1,1,1,2,0,-1,-1, -1,-1,2021,43.0,2,1,0,2,1,1,1,,2,RD 118,0,,3,4,0,1,14,100,1,, -1,1,0,1,90,26,10,1,91,91692,1,1,0,2,RD 118,48.6795825375,2.191439867,9,2,2
202100034436,140Â 179,A01,1,1,2,1,2,0,-1,0,0,-1,2021,48.0,1,1,0,2,8,1,3,,4,QUAI DE LA RAPEE,0,,1,3,1,1,(1),(1),3,, -1,1,0,1,50,14,6,1,75,75112,2,1,0,3,QUAI DE LA RAPEE,48.84635,2.366721,10,2,2
202100018412,168Â 713,B01,1,1,1,1,0,-1,-1,-1, -1,-1,2021,35.0,1,1,0,2,1,26,1,,3,VALENTON (AV DE),0,,1,2,0,1,1,0,1,, -1,1,0,1,50,17,9,1,94,94044,2,6,0,3,Avenue de Valenton,48.74247,2.49119,8,2,2
202100016346,172Â 416,A01,10,3,2,9,0,8,-1,2,4,1,2021,24.0,1,2,0,1,2,1,1,,4,AVENUE PAUL DOUMER,0,,2,2,0,2,(1),(1),1,, -1,1,0,1,30,28,9,1,75,75116,2,2,0,6,AVENUE PAUL DOUMER,48.861015,2.283393,16,3,1
202100012347,179Â 654,A01,1,1,1,1,2,6,-1,-1, -1,-1,2021,51.0,2,1,0,2,7,3,1,,1,A50-Sens Aubagne vers Marseille,0,,1,3,0,1,9,800,1,, -1,1,0,1,90,19,10,1,13,13211,1,9,0,3,A50-Sens Aubagne vers Marseille,43.28613,5.51032,7,2,2
202100041192,127Â 969,B01,1,1,1,1,2,6,-1,0,0,-1,2021,48.0,2,1,0,2,1,1,1,,3,540,0,,2,2,0,3,22,490,1,, -1,1,0,1,80,7,5,1,26,26243,1,1,0,3,1225 Route de Dieulefit,44.529743,4.989705,17,2,2
202100006986,189Â 275,A01,1,1,2,9,1,0,-1,-1, -1,-1,2021,57.0,2,2,0,2,1,18,1,,1,A13,0,,3,3,0,1,42,349,1,, -1,2,0,1,110,21,11,1,78,78402,1,1,1,5,A13,48.9643,1.7977,11,3,3
202100020181,165Â 562,A01,1,1,1,4,1,-1,-1,0,0,-1,2021,45.0,2,4,3,0,7,1,1,,1,7,-1,,3,5,0,1,87,910,1,, -1,1,0,2,130,9,9,3,26,26165,1,1,0,6,Autoroute A7,44.784158,4.829854,2,1,1
202100038374,133Â 045,A01,2,2,2,0,1,-1,-1,-1, -1,-1,2021,30.0,1,2,1,0,3,1,1,,4,DUNES (AVE DES),0,,2,2,0,2,(1),(1),1,, -1,1,0,1,50,25,5,1,33,33529,2,1,0,6,23 Avenue des Dunes,44.602447,-1.204538,14,2,1
202100033489,141Â 914,A01,9,2,2,5,8,-1,-1,0,0,-1,2021,20.0,2,3,1,0,2,1,1,12.0,1,62,0,A,3,4,0,3,78,662,3,, -1,1,0,1,100,27,5,1,47,47159,1,1,0,2,PK 78+662,44.39675,0.192089,15,13,2
202100038283,133Â 216,A01,1,1,1,4,8,-1,-1,0,0,-1,2021,48.0,3,5,0,9,8,26,1,,4,79,0,,2,2,0,3,(1),(1),3,, -1,1,0,1,50,25,5,1,972,97230,2,1,0,7,79 Lotissement l'Autre Bord,14.740235,-60.94974,9,1,1
202100049367,113Â 520,B01,1,1,2,3,8,0,-1,-1, -1,-1,2021,50.0,3,1,0,2,7,1,0,,4,,0,,2,2,0,1,(1),(1),1,, -1,1,0,1,50,2,3,1,85,85194,2,2,0,3,GABARET (AVENUE ALCIDE),46.49602,-1.77085,9,2,2
202100050590,111Â 256,A01,1,1,1,0,1,8,-1,-1, -1,-1,2021,79.0,2,2,0,2,1,17,1,,3,RD 6009 NARBONNE - BEZIERS,0,,2,0,0,1,0,0,1,, -1,1,0,1,80,19,2,1,11,11262,2,1,0,5,RD 6009 NARBONNE - BEZIERS,43.17815,2.96886,10,6,3
202100007264,188Â 772,B01,1,1,1,9,1,8,-1,-1, -1,-1,2021,28.0,3,2,0,2,4,2,1,,4,,0,,2,2,0,1,(1),(1),1,, -1,1,0,1,50,17,11,5,37,37261,2,2,0,2,DE GAULLE (AVENUE DU GENERAL),47.3809163067,0.6999208448,20,2,2
202100031036,146Â 263,A01,10,3,2,3,0,-1,-1,4,3,1,2021,29.0,1,1,0,1,1,1,1,,3,SOULT (AVENUE MARECHAL),0,,2,4,0,2,8,865,1,, -1,1,0,1,50,28,6,1,64,64102,2,1,0,6,SOULT (AVENUE MARECHAL),43.48368,-1.50096,12,2,1
202100041050,128Â 235,A01,1,1,2,9,2,8,-1,-1, -1,-1,2021,40.0,0,1,0,2,1,1,1,,4,RABAN (ROUTE DE),0,,2,1,0,1,(1),(1),1,, -1,1,0,1,50,6,5,1,973,97302,2,2,0,6,RABAN (ROUTE DE),4.9261495696,-52.3135821991,12,1,1
202100003089,196Â 239,A01,1,1,1,2,2,6,-1,-1, -1,-1,2021,17.0,2,1,0,0,7,16,1,,3,BURDEAU   BD ( HORS GEANT CASINO),0,,2,2,2,1,0,1,1,, -1,2,0,1,50,13,12,1,69,69264,2,9,0,7,BURDEAU (BD),45.99681,4.72876,9,1,1
202100050961,110Â 586,B01,1,1,1,5,2,-1,-1,0,0,-1,2021,41.0,1,1,0,2,4,2,5,,3,913,0,,2,3,0,3,11,0,1,, -1,1,0,1,90,20,2,1,57,57708,1,1,1,2,D913,49.022195,6.198778,10,2,2
202100047249,117Â 304,B01,1,1,1,9,2,0,-1,0,0,-1,2021,26.0,1,1,0,2,1,7,1,,4,RUE OBERKAMPF,0,,1,1,0,2,(1),(1),1,, -1,1,-1,6,50,20,3,1,75,75111,2,3,0,1,RUE OBERKAMPF,48.866615,2.381301,15,2,2
202100054663,104Â 072,B01,1,1,1,0,2,6,-1,-1, -1,-1,2021,23.0,1,1,0,2,1,1,1,,4,doujani-MosquÃ©e de doujani ( rue de la ),0,,2,0,0,1,0,0,1,, -1,1,0,1,50,17,1,5,976,97611,2,1,0,1,doujani-MosquÃ©e de doujani ( rue de la ),-12.79422,45.21501,19,2,2
202100051423,109Â 773,A01,1,1,2,0,2,0,-1,-1, -1,-1,2021,51.0,2,1,0,0,8,2,1,,4,MAIGNON (GIRATOIRE DE),0,,2,2,0,1,0,0,2,, -1,1,0,1,50,15,2,1,64,64102,2,6,0,7,MAIGNON (GIRATOIRE DE),43.46618,-1.49456,13,1,1
202100007071,189Â 117,A01,1,1,2,5,2,6,9,0,0,-1,2021,30.0,1,1,13,0,1,1,1,,3,166,0,,2,2,0,2,9,800,2,, -1,1,0,1,80,20,11,1,30,30225,1,1,0,6,D 166,44.148458,4.540539,16,1,1
202100029754,148Â 604,A01,1,1,1,5,0,-1,-1,-1, -1,-1,2021,24.0,3,1,6,0,1,0,0,,5,RUE ALBERT DAUVERGNE,0,,-1,0,3,2,0,1,4,, -1,9,6,6,15,8,7,5,77,77114,2,1,0,6,RUE ALBERT DAUVERGNE,48.7274049212,2.6589094503,2,1,1
202100012165,179Â 978,A01,1,1,1,5,2,-1,-1,-1, -1,-1,2021,70.0,2,0,0,2,1,1,3,,4,FRANCIS DE PRESSENSE                (AV),0,,2,2,2,1,(1),(1),1,, -1,1,0,5,50,19,10,5,69,69259,2,9,0,1,FRANCIS DE PRESSENSE (AV),45.720163187,4.8679035902,19,2,2
202100038267,133Â 244,B01,1,1,2,1,1,-1,-1,0,0,-1,2021,22.0,1,2,0,2,3,1,1,,3,10,0,D,2,1,0,1,21,600,1,,4,1,0,1,80,27,5,1,70,70168,1,1,0,5,D10,47.80503,6.20519,13,5,3
202100037070,135Â 439,A01,1,1,1,0,2,8,-1,-1, -1,-1,2021,35.0,2,1,0,2,8,21,1,,3,"JULES GUESDES  (RUE, DU 2 AU 96 ET DE 1",0,,3,2,0,1,1,0,1,, -1,1,0,5,50,31,5,1,93,93032,2,4,0,3,Avenue du President Pompidou / Rue Jules Guesde,48.88143,2.5412,16,3,2
202100004185,194Â 275,B01,2,2,1,5,2,-1,-1,0,0,-1,2021,18.0,0,1,0,2,2,1,1,,3,1086,-1,,2,2,0,1,4,750,3,, -1,2,5,1,50,8,12,2,42,42056,2,9,1,1,D1086,45.41794,4.737629,16,3,2
202100016893,171Â 426,A01,10,3,2,0,0,-1,-1,1,9,2,2021,5.0,1,2,0,1,2,1,1,,4,MALRAUX (AVENUE ANDRE),0,,2,2,0,2,(1),(1),1,, -1,1,0,1,50,23,9,1,54,54578,2,1,0,6,MALRAUX (AVENUE ANDRE),48.67169,6.15265,17,2,1
202100054887,103Â 699,A01,10,3,1,5,0,-1,-1,2,3,1,2021,80.0,2,5,0,1,2,21,1,,4,BARTHES (RUE DES),0,,2,2,0,1,0,0,3,, -1,1,0,1,50,8,1,5,64,64024,2,3,0,6,BARTHES (RUE DES),43.48349,-1.50814,19,2,1
202100031249,145Â 886,A01,1,1,1,5,2,6,-1,0,0,-1,2021,21.0,1,1,13,0,0,14,1,,3,952,-1,,2,2,0,1,47,160,2,, -1,1,2,3,80,3,7,1,4,4135,2,1,0,6,RD 952,43.846212,6.203606,16,1,1
202100044568,122Â 052,A01,1,1,1,0,2,8,-1,-1, -1,-1,2021,44.0,1,1,0,0,0,1,1,,4,AUBERDIERE (RUE DE L'),0,,2,2,0,2,(1),(1),1,, -1,1,0,1,50,8,4,1,37,37261,2,1,0,7,AUBERDIERE (RUE DE L'),47.3632105685,0.69513689,16,1,1
202100038173,133Â 415,A01,10,3,1,5,0,-1,-1,4,3,1,2021,67.0,3,1,0,1,1,16,1,,4,LECLERC (AV. DU MAL),0,,1,2,0,1,(1),(1),1,, -1,1,0,1,50,5,5,1,62,62427,2,1,0,6,LECLERC (AV. DU MAL),50.423045,2.937721,8,2,1
202100035003,139Â 128,B01,1,1,1,9,8,0,-1,-1, -1,-1,2021,34.0,1,1,0,2,3,26,5,,4,GAULLE BOULEVARD CHARLES DE,0,,2,2,1,1,1,0,1,, -1,1,0,1,50,10,6,1,49,49007,2,1,0,3,GAULLE BOULEVARD CHARLES DE,47.46965,-0.56152,19,2,2
202100031023,146Â 285,A01,1,1,2,9,1,-1,-1,0,0,-1,2021,33.0,2,2,13,0,1,14,1,,2,JAURES (AVE JEAN),0,,2,2,0,1,16,893,1,, -1,1,0,3,70,1,7,1,65,65047,1,1,0,6,JAURES (AVE JEAN),43.26152,0.10279,12,2,1
202100054285,104Â 723,A01,9,2,2,9,0,-1,-1,0,0,-1,2021,22.0,1,2,0,2,3,11,1,,1,9,0,,4,3,0,1,133,900,1,, -1,1,0,1,130,18,1,1,34,34157,1,1,0,5,A9 - PK 133+900,43.433881,3.56442,10,7,3
202100019980,165Â 916,B01,1,1,1,4,1,4,-1,0,0,-1,2021,49.0,1,5,0,0,6,24,1,,1,A43,-1,A,3,4,0,1,43,140,1,, -1,1,0,2,130,7,9,1,38,38064,1,1,0,2,A43,45.559512,5.400231,9,2,2
202100044826,121Â 591,A01,10,3,2,0,0,-1,-1,4,3,1,2021,23.0,1,1,0,1,1,18,1,,4,BD MARECHAL LECLERC,0,,3,4,3,1,(1),(1),1,, -1,1,5,6,50,7,4,1,33,33063,2,2,0,6,Boulevard MarÃ©chal Leclerc,44.827958,-0.593299,17,2,1