Num_Acc,id_vehicule,num_veh,place,catu,sexe,trajet,secu1,secu2,secu3,locp,actp,etatp,year_acc,victim_age,senc,catv,obs,obsm,choc,manv,motor,occutc,catr,voie,v1,v2,circ,nbv,vosp,prof,pr,pr1,plan,lartpc,larrout,surf,infra,situ,vma,jour,mois,lum,dep,com,agg_,int,atm,col,adr,lat,long,hour,nb_victim,nb_vehicules
202100008220,187Â 022,B01,1,1,2,5,1,0,-1,-1, -1,-1,2021,21.0,2,2,0,2,4,2,1,,1,A13W,0,,3,2,0,1,14,350,1,, -1,2,0,1,110,14,11,3,78,78043,1,1,0,4,A13W,48.847743,2.076566,18,6,3
202100031547,145Â 368,A01,1,1,1,5,2,6,-1,-1,0,-1,2021,37.0,2,1,4,0,2,14,1,,1,AUTOROUTE A115,0,,1,2,0,1,0,1,2,, -1,2,0,1,70,30,6,1,95,95582,1,1,1,6, A115,48.97498,2.24162,10,1,1
202100004004,194Â 584,A01,1,1,1,0,1,-1,-1,-1, -1,-1,2021,27.0,3,2,2,0,1,14,1,,3,RD 910,0,,2,2,0,2,14,845,2,, -1,2,0,1,80,8,12,3,76,76576,1,1,0,6,Cite Radieuse,49.55818,0.44739,19,1,1
202100025427,156Â 210,A01,10,3,1,0,0,-1,-1,3,3,1,2021,19.0,2,2,0,1,3,26,1,,3,744,0,,-1,2,0,1,73,433,1,,"7,3",2,0,1,50,5,8,1,79,79191,2,1,1,7,133 Route de Coulonges,46.34432,-0.47624,18,2,1
202100022198,161Â 967,A01,1,1,1,5,8,-1,-1,0,0,-1,2021,19.0,2,2,16,0,3,21,1,,3,94,-1,,2,2,0,2,1,700,2,, -1,1,0,1,80,23,8,1,60,60103,1,1,0,7,D94,49.4242561998,2.2603890223,18,5,1
202100009926,183Â 948,A01,1,1,1,5,2,6,-1,0,0,-1,2021,52.0,1,1,0,2,8,18,1,,4,AVENUE FOCH,0,,2,4,0,2,(1),(1),1,, -1,2,0,1,30,31,10,1,75,75116,2,1,1,3,AVENUE FOCH,48.873571,2.292331,11,4,2
202100000553,200Â 713,B01,1,1,1,4,1,0,-1,-1, -1,-1,2021,53.0,1,2,0,2,4,2,1,,3,SAMPIERO BD,0,,3,3,0,1,0,900,1,, -1,1,0,1,50,25,9,1,201,201004,2,1,0,2,SAMPIERO BD,41.926471,8.73884,16,3,2
202100045154,121Â 019,B01,1,1,1,9,1,8,-1,-1, -1,-1,2021,37.0,1,2,0,2,4,9,0,,3,LENINE (AVENUE) NR 28 A 62 ET 13 A 41,0,,1,2,0,3,0,1,1,, -1,1,9,1,50,4,4,2,93,93066,1,9,0,2,LENINE (AVENUE) NR 28 A 62 ET 13 A 41,48.9403098651,2.3679645888,20,5,2
202100002875,196Â 630,B01,1,1,1,1,2,6,-1,-1, -1,-1,2021,50.0,2,1,0,2,3,3,1,,2,RN19 .W,0,,3,3,0,1,17,500,1,, -1,1,1,1,90,15,12,2,94,94004,1,1,0,2,RN19 .W,48.753,2.512,8,2,2
202100046884,117Â 970,B01,1,1,2,9,2,0,-1,-1, -1,-1,2021,45.0,1,1,0,0,0,1,0,,4,MARE GRISEAU NÂ°2 (RESIDENCE),0,,-1,1,0,2,(1),(1),1,, -1,1,0,1,50,23,3,1,78,78367,2,1,0,6,MARE GRISEAU NÂ°2 (RESIDENCE),48.88345,2.07173,8,2,2
202100045431,120Â 525,A01,1,1,1,5,2,6,-1,0,0,-1,2021,26.0,2,1,0,0,1,1,1,,4,BOULEVARD SAINT MARTIN,0,,2,2,0,2,(1),(1),1,, -1,1,0,1,50,2,4,5,75,75103,2,1,0,7,BOULEVARD SAINT MARTIN,48.868231,2.360434,2,1,1
202100044936,121Â 406,A01,10,3,1,5,0,-1,-1,3,3,1,2021,73.0,3,2,0,1,3,1,1,,4,DARNEL,0,,1,2,0,1,(1),(1),1,, -1,1,0,1,50,6,4,1,62,62193,2,3,0,6,DARNEL,50.94664,1.85381,9,2,1
202100024763,157Â 386,Z01,10,3,2,5,8,8,-1,2,3,1,2021,64.0,1,2,0,1,4,20,1,,4,AVENUE DE LA PORTE BRUNET,0,,2,2,0,2,(1),(1),1,, -1,1,0,1,50,10,8,1,75,75119,2,3,0,6,AVENUE DE LA PORTE BRUNET,48.883439,2.395789,12,2,1
202100004860,193Â 104,A01,1,1,1,5,2,-1,-1,0,0,-1,2021,18.0,3,1,0,2,1,13,1,,4,,-1,,2,2,0,1,(1),(1),3,,4,2,0,1,70,5,12,1,38,38124,1,1,0,3,Les Combes de Parjin,45.611768,5.54794,15,4,2
202100035626,138Â 041,A01,1,1,1,1,1,-1,-1,0,0,-1,2021,72.0,3,5,0,0,8,1,1,,4,,-1,,2,2,0,2,(1),(1),3,,4,1,0,8,80,10,6,1,974,97402,1,1,0,6,24 Les Hauts de Bellevue,-21.005155,55.622674,15,1,1
202100018437,168Â 671,A01,1,1,2,0,1,0,-1,-1, -1,-1,2021,23.0,1,2,8,0,1,14,1,,4,,0,,1,2,0,1,0,0,1,, -1,1,0,4,30,17,9,5,92,92044,2,1,0,6,ALSACE (RUE) NÂ°19 + ET 20+,48.891199,2.295174,2,2,1
202100009029,185Â 572,A01,1,1,2,5,1,-1,-1,0,0,-1,2021,50.0,1,2,0,2,3,1,1,,2,568,0,N,3,2,0,1,1,100,1,,4,1,5,1,90,6,11,1,13,13004,1,2,0,3,N568,43.625763,4.748154,8,2,2
202100051536,109Â 578,A01,1,1,1,0,8,-1,-1,0,0,-1,2021,47.0,2,1,0,2,3,3,1,,2,10,-1,,2,2,0,1,143,796,1,, -1,1,0,1,-1,15,2,3,202,202343,2,1,0,3,RT 10,42.497423,9.469442,18,2,2
202100002740,196Â 870,Z01,10,3,2,5,0,-1,-1,3,3,1,2021,15.0,1,2,0,1,1,26,0,,3,VAILLANT COUTURIER (RUE PAUL),0,,2,2,0,1,0,250,1,, -1,1,0,1,50,15,12,1,95,95018,2,1,0,6,Avenue Gabriel Peri,48.9441606298,2.2510385513,17,2,1
202100008753,186Â 090,A01,10,3,2,9,0,-1,-1,3,3,1,2021,25.0,2,2,0,1,1,16,1,,4,RUE SEXTIUS MICHEL,0,,1,1,0,1,(1),(1),2,, -1,1,0,1,30,9,11,5,75,75115,2,3,0,6,RUE SEXTIUS MICHEL,48.851927,2.288683,19,2,1
202100014891,175Â 095,B01,1,1,1,5,0,-1,-1,0,0,-1,2021,13.0,3,1,0,2,1,1,3,,3,56,0,D,2,2,0,2,11,240,1,,4,1,0,1,80,6,10,1,16,16400,1,2,0,3,D56,45.963859,0.21808,18,2,2
202100038448,132Â 920,A01,2,2,2,5,2,6,-1,0,0,-1,2021,18.0,2,1,0,0,9,1,1,,3,913,-1,,2,2,0,2,15,540,2,, -1,9,8,1,50,26,5,1,73,73164,1,1,0,7,D913,45.696079,6.011667,17,2,1
202100032000,144Â 543,A01,1,1,1,0,2,8,-1,-1, -1,-1,2021,34.0,1,1,0,2,5,1,1,,3,REPUBLIQUE (AVENUE),0,,3,4,0,1,0,1,1,, -1,1,0,1,50,27,6,2,93,93031,2,9,0,2,Avenue de la RÃ©publique,48.949562,2.330455,20,2,2
202100002634,197Â 071,A01,1,1,1,5,2,6,-1,-1, -1,-1,2021,32.0,3,1,14,0,0,15,1,,4,RAVELIN (RUE),0,,1,1,0,1,0,0,2,, -1,1,0,1,30,15,12,5,10,10387,2,1,0,6,RAVELIN (RUE),48.29701,4.06497,21,2,1
202100000356,201Â 080,A01,10,3,1,5,0,-1,-1,4,3,1,2021,12.0,2,2,0,1,7,16,1,,4,RONCEVAUX R,0,,1,1,0,1,(1),(1),3,, -1,1,0,1,50,12,11,5,69,69264,2,1,0,6,RONCEVAUX (R),45.99459,4.71517,18,2,1
202100008120,187Â 214,A01,1,1,1,5,1,0,-1,-1, -1,-1,2021,27.0,1,2,4,0,1,13,1,,1,86,0,,1,1,0,2,77,0,3,, -1,1,0,1,50,15,11,1,92,92063,1,1,0,6,A86,48.8865396188,2.1657389402,16,1,1
202100017721,169Â 950,B01,1,1,1,5,6,2,-1,0,0,-1,2021,68.0,2,1,0,2,7,1,1,,3,655,-1,,2,2,0,1,15,950,1,, -1,1,0,1,50,20,9,1,33,33195,2,3,0,1,,44.386818,-0.04365,10,2,2
202100000826,200Â 248,A01,10,3,2,0,0,-1,-1,8,B,1,2021,45.0,3,2,0,1,1,1,1,,4,REPUBLIQUE (AVENUE),0,,-1,0,0,1,0,0,1,, -1,1,0,8,30,17,12,1,52,52121,2,1,0,6,REPUBLIQUE (AVENUE),48.09956,5.14375,16,2,1
202100039362,131Â 242,A01,1,1,1,1,0,-1,-1,0,0,-1,2021,21.0,1,0,0,0,2,23,3,,4,,0,,2,2,1,1,(1),(1),1,, -1,1,5,5,50,20,5,1,85,85047,2,3,0,1,Route de Cholet,46.84976,-1.86471,17,2,2
202100045559,120Â 295,A01,1,1,1,5,2,0,-1,-1, -1,-1,2021,26.0,2,1,0,2,1,17,1,,3,ANDRE MAGINOT (BOULEVARD),0,,2,2,0,1,0,547,1,, -1,1,0,1,50,1,4,1,77,77186,2,1,0,3,ANDRE MAGINOT (BOULEVARD),48.40424,2.69128,14,2,2
202100009996,183Â 831,A01,2,2,2,5,8,0,-1,-1, -1,-1,2021,21.0,1,1,0,2,0,2,0,,1,AUTOROUTE A1,0,,1,2,0,1,3,0,1,, -1,1,0,1,80,30,10,3,972,97213,1,1,0,6,AUTOROUTE A1,14.60594,-61.00322,19,2,1
202100006242,190Â 644,A01,10,3,2,5,0,-1,-1,1,3,1,2021,83.0,0,2,0,1,3,15,1,,4,SAINT EXUPERY (SQUARE),0,,2,-1,0,1,(1),(1),2,, -1,2,0,1,50,12,11,1,50,50129,2,1,1,6,SAINT EXUPERY (SQUARE),49.63462,-1.62278,10,2,1
202100013968,176Â 732,B01,2,2,2,5,1,0,-1,-1, -1,-1,2021,63.0,2,2,9,0,6,1,1,,2,RN 118,0,,1,2,0,1,8,250,1,, -1,1,9,1,110,11,10,1,91,91534,1,1,0,2,RN 118,48.72261,2.16834,10,3,2
202100043537,123Â 841,B01,1,1,2,5,1,0,-1,-1, -1,-1,2021,56.0,-1,2,4,0,4,2,1,,3,Voie sur berges (   RD 1212),0,,2,2,2,1,24,600,1,, -1,1,-1,1,70,18,4,3,73,73011,1,1,0,2,D1212,45.67115,6.3925,21,2,2
202100054507,104Â 344,A01,10,3,1,0,0,-1,-1,1,3,1,2021,90.0,1,2,0,1,3,1,0,,3,612,0,A,2,2,0,1,4,367,1,, -1,1,0,1,90,20,1,3,34,34031,1,1,0,6,D612a,43.343048,3.424966,7,3,2
202100036934,135Â 685,C01,1,1,2,4,1,-1,-1,-1, -1,-1,2021,29.0,1,5,0,2,4,2,1,,2,ROUTE NATIONALE 230,0,,3,6,0,1,43,64,1,, -1,1,0,1,90,31,5,1,33,33249,1,1,0,4,ROUTE NATIONALE 230,44.87421,-0.507037,17,4,4
202100026706,153Â 975,B01,1,1,1,5,2,6,-1,0,0,-1,2021,24.0,1,1,0,9,1,1,1,,2,5,0,,3,4,0,1,13,200,1,, -1,1,0,1,-1,26,7,1,972,97221,1,1,0,1,RN5,14.505509,-60.981781,14,3,2
202100030224,147Â 740,A01,1,1,1,4,2,0,-1,0,0,-1,2021,27.0,1,1,0,2,8,1,1,,4,BOULEVARD BESSIERES,0,,3,3,1,1,(1),(1),1,, -1,1,0,5,50,7,7,1,75,75117,2,5,0,3,BOULEVARD BESSIERES,48.897526,2.324185,11,2,2
202100041522,127Â 392,A01,1,1,2,9,2,6,-1,-1, -1,-1,2021,32.0,2,1,5,0,2,13,1,,3,BAYONNE (AVENUE DE),0,,2,4,0,1,9,0,1,, -1,1,0,1,30,3,5,1,64,64024,2,1,0,7,BAYONNE (AVENUE DE),43.48257,-1.50565,17,1,1
202100003042,196Â 339,B01,1,1,1,0,2,6,-1,-1, -1,-1,2021,27.0,2,1,0,2,7,3,1,,1,AUTOROUTE A10,0,,1,3,0,1,5,50,1,, -1,1,0,1,90,14,12,1,91,91136,1,1,0,3,AUTOROUTE A10,48.713,2.27944,8,2,2
202100045957,119Â 605,A01,10,3,1,5,8,8,-1,2,3,1,2021,12.0,1,2,0,1,0,0,1,,4,FRANCHE COMTE RUE DE,0,,2,2,0,1,(1),(1),1,, -1,1,0,1,30,29,3,1,25,25056,2,1,0,6,FRANCHE COMTE RUE DE,47.22296,5.975339,17,2,1
202100021660,162Â 914,B01,1,1,1,5,2,6,-1,-1, -1,-1,2021,67.0,1,1,0,2,1,1,1,,3,AV OLIVIER D ORMESSON ,0,,2,2,0,1,1,0,1,, -1,1,0,1,50,31,8,1,94,94055,2,1,0,3,Avenue Olivier dâOrmesson,48.78381,2.53581,17,2,2
202100017156,170Â 976,A01,1,1,1,5,1,-1,-1,0,0,-1,2021,23.0,1,2,7,0,3,13,1,,3,137,-1,,2,2,0,1,4,820,3,, -1,1,0,1,80,25,9,3,62,62382,1,1,0,6,D 137,50.38759,1.898232,21,1,1
202100023586,159Â 478,A01,1,1,1,1,8,0,-1,-1, -1,-1,2021,44.0,3,1,0,2,1,19,5,,4,ROI (QUAI DU),0,,2,2,0,1,(1),(1),1,, -1,2,0,1,50,18,8,1,45,45234,2,1,0,3,Quai du Roi,47.89888,1.92049,14,2,2
202100046952,117Â 851,A01,1,1,2,9,8,0,-1,0,0,-1,2021,25.0,2,1,0,1,3,1,5,,4,BOULEVARD DE PICPUS,0,,2,4,1,1,(1),(1),1,, -1,1,-1,5,30,23,3,1,75,75112,2,4,0,6,BOULEVARD DE PICPUS,48.846503,2.400021,10,2,1
202100021463,163Â 276,A01,1,1,2,0,8,0,-1,0,0,-1,2021,66.0,3,1,0,2,0,0,5,,4,GUILLOUARD (PLACE),0,,1,2,0,1,1,0,2,, -1,1,0,1,50,1,9,1,14,14118,2,6,0,3,GUILLOUARD (PLACE),49.18101,-0.37007,18,2,2
202100006663,189Â 876,B01,1,1,2,1,8,-1,-1,-1, -1,-1,2021,28.0,1,1,0,2,1,1,1,,4,,-1,,2,2,-1,1,(1),(1),1,,5,1,0,1,50,15,7,1,35,35288,2,2,0,3,CARTIER (AVENUE DES PORTES),48.662652,-1.985222,20,2,2
202100046398,118Â 836,A01,1,1,1,0,1,5,-1,-1, -1,-1,2021,47.0,-1,2,0,2,3,15,0,,3,GENERAL DE GAULLE (AVENUE),0,,3,2,0,1,1,1,1,, -1,1,9,1,50,26,3,1,93,93050,2,2,0,3,GENERAL DE GAULLE (AVENUE),48.85689,2.53075,6,2,2
202100033480,141Â 929,A01,1,1,2,3,1,-1,-1,0,0,-1,2021,87.0,1,2,2,0,7,1,1,,3,2144,-1,,2,2,0,2,14,500,1,, -1,9,0,3,90,16,6,1,18,18038,1,1,0,6,RD 2144,46.747926,2.46201,11,1,1
202100024550,157Â 777,A01,2,2,1,5,2,6,-1,0,0,-1,2021,24.0,1,1,0,2,2,2,1,,4,BOULEVARD MALESHERBES,0,,2,4,0,1,(1),(1),1,, -1,1,0,1,50,12,8,1,75,75117,2,1,0,2,BOULEVARD MALESHERBES,48.888276,2.304442,17,3,2
202100026945,153Â 550,B01,1,1,1,1,2,6,-1,0,0,-1,2021,41.0,3,1,0,2,4,23,1,,4,PLACE AUGUSTE BARON,0,,1,3,0,1,(1),(1),1,, -1,2,0,1,50,26,7,1,75,75119,2,7,0,2,PLACE AUGUSTE BARON,48.900148,2.38839,11,3,2
202100017946,169Â 549,B01,1,1,2,1,2,6,-1,0,0,-1,2021,30.0,2,1,0,0,4,2,1,,2,198,0,N,2,2,0,1,26,0,1,, -1,1,5,1,50,21,9,1,201,201247,2,6,0,2,Les Quatre Chemins,41.5955105809,9.2745454861,8,2,2
202100036833,135Â 860,B01,1,1,1,9,2,6,-1,0,0,-1,2021,34.0,2,1,0,2,2,3,1,,4,RUE CHAMPIONNET,0,,2,2,0,1,(1),(1),1,, -1,1,0,1,50,2,6,1,75,75118,2,1,0,3,RUE CHAMPIONNET,48.89339,2.329037,18,2,2
202100010820,182Â 390,A01,1,1,1,1,8,-1,-1,0,0,-1,2021,26.0,1,2,0,0,1,1,1,,3,153,-1,,2,2,0,1,17,250,2,, -1,1,0,3,80,27,10,3,60,60528,1,1,0,7,D153,49.243282,1.874585,21,1,1
202100037365,134Â 880,A01,1,1,1,0,2,6,8,0,0,-1,2021,48.0,2,1,0,2,1,2,1,,3,20,0,,3,4,0,1,(1),(1),1,, -1,1,0,1,-1,1,6,1,91,91041,1,1,0,2,Route Nationale 20,48.569629,2.23303,14,2,2
202100035823,137Â 672,A01,1,1,1,5,2,6,-1,0,0,-1,2021,21.0,2,1,13,0,1,1,1,,3,30,0,,2,2,0,1,5,800,3,, -1,1,0,8,80,6,6,1,85,85042,1,1,0,7,La Petite BoissiÃ¨re,46.407238,-0.981753,15,2,2
202100006792,189Â 641,B01,1,1,1,1,2,6,-1,-1, -1,-1,2021,55.0,2,1,0,2,7,17,1,,1,A50,0,,3,6,0,1,64,400,1,, -1,1,0,1,110,22,11,1,83,83090,1,1,0,3,A50,43.12424,5.872,8,2,2
202100013569,177Â 466,A01,2,2,1,5,1,0,-1,-1, -1,-1,2021,57.0,1,2,0,2,6,23,1,,1,A86 INT,0,,3,4,0,1,38,99,1,, -1,1,0,2,90,12,10,3,94,94028,1,1,0,6,A86 INT,48.7978767905,2.4442674715,20,2,1
202100030228,147Â 732,A01,1,1,1,9,2,6,-1,0,0,-1,2021,55.0,3,1,0,2,2,17,1,,4,RUE DU BAC,0,,2,2,0,1,(1),(1),1,, -1,1,0,1,50,7,7,1,75,75107,2,3,0,3,RUE DU BAC,48.856436,2.326548,16,2,2
202100033852,141Â 252,A01,1,1,1,4,1,0,-1,-1, -1,-1,2021,43.0,1,5,15,0,1,1,1,,3,RD13,0,,2,0,0,1,0,1,1,, -1,1,0,1,80,17,6,1,24,24037,1,1,0,6,RD13,44.86585,0.45062,7,1,1
202100008100,187Â 258,A01,1,1,2,9,1,-1,-1,0,0,-1,2021,20.0,1,2,0,6,3,1,1,,1,35,0,,3,4,0,1,112,200,1,, -1,1,0,1,130,15,11,3,68,68309,1,1,0,6,A35,47.675603,7.466766,23,1,1
202100001637,198Â 878,B01,1,1,1,1,2,6,-1,-1, -1,-1,2021,29.0,2,1,0,2,5,13,1,,3,SAINT LEU (ROUTE DE) 1 Ã  157,0,,2,2,2,1,0,1,1,, -1,1,0,1,50,23,12,1,93,93031,2,3,0,3,SAINT LEU (ROUTE DE) 1 Ã  157,48.9496379155,2.3414137959,10,3,2
202100005650,191Â 689,Z01,10,3,1,1,0,-1,-1,3,3,1,2021,34.0,1,2,1,1,3,18,1,,4,RUE FRANCOIS 1ER,0,,1,2,2,2,(1),(1),1,, -1,1,0,1,30,29,11,5,75,75108,2,2,0,6,RUE FRANCOIS 1ER,48.868646,2.303701,6,2,1
202100019097,167Â 502,A01,1,1,2,5,1,0,-1,-1, -1,-1,2021,32.0,1,2,0,0,4,1,1,,1,A507 sens Marseille - Aubagne,0,,1,3,0,1,8,449,1,, -1,1,1,1,70,14,9,1,13,13055,1,1,0,2,A507 sens Marseille - Aubagne,43.33,5.39,18,2,2
202100026689,154Â 004,A01,1,1,1,9,2,6,-1,0,0,-1,2021,40.0,2,1,0,2,8,21,1,,4,QUAI DE LA MEGISSERIE,0,,1,3,3,1,(1),(1),1,, -1,2,0,1,50,27,7,1,75,75101,2,7,1,7,QUAI DE LA MEGISSERIE,48.857321,2.346847,18,1,1
202100056119,101Â 571,A01,2,2,2,5,1,0,-1,-1, -1,-1,2021,27.0,2,2,4,0,1,1,1,,1,A50-Sens Toulon vers Aubagne,0,,1,3,0,3,28,700,2,, -1,2,0,1,110,2,1,1,13,13085,1,1,1,7,A50-Sens Toulon vers Aubagne,43.25479,5.59467,11,5,1
202100003248,195Â 956,F01,2,2,2,0,1,0,-1,-1, -1,-1,2021,19.0,2,2,0,2,4,1,1,,2,RN136,0,,3,4,0,1,16,100,1,, -1,1,3,1,90,12,12,5,35,35238,1,1,0,4,RN136,48.124097,-1.717615,19,8,6
202100053050,106Â 897,A01,1,1,2,5,8,0,-1,-1,0,-1,2021,22.0,3,2,8,0,1,15,1,,7,DE GAULLE  (BOULEVARD DU GENERAL),0,,2,2,0,1,(1),(1),1,, -1,2,9,1,50,30,1,5,59,59512,2,2,1,6,DE GAULLE  (BOULEVARD DU GENERAL),50.68146,3.16791,3,2,1
202100054353,104Â 604,B01,1,1,1,1,1,0,-1,0,0,-1,2021,48.0,1,2,0,2,6,1,2,,4,PORTE D AUBERVILLIERS,0,,1,4,0,1,24,100,1,, -1,1,0,1,70,19,1,5,75,75119,2,1,0,2,PORTE D AUBERVILLIERS,48.900495,2.373846,18,2,2
202100033960,141Â 063,B01,1,1,1,1,2,6,-1,0,0,-1,2021,38.0,1,1,0,0,1,1,1,,3,109,0,,2,2,0,1,30,400,2,, -1,1,0,1,80,16,6,1,21,21320,1,1,1,1,D109,47.281938,5.198985,18,2,2
202100031680,145Â 130,A01,10,3,2,5,0,-1,-1,1,3,1,2021,65.0,1,1,0,1,1,26,1,,3,559,-1,,2,2,0,1,91,500,1,, -1,1,0,1,70,29,6,1,83,83068,2,1,1,6,D559,43.284579,6.595037,10,2,1
202100028140,151Â 404,A01,1,1,1,5,1,0,-1,0,0,-1,2021,74.0,1,2,11,2,1,1,1,,3,EVREUX (ROUTE D'),0,,2,4,0,2,10,100,2,, -1,1,0,1,50,19,7,1,27,27681,1,3,0,3,EVREUX (ROUTE D'),49.07675,1.464,10,4,2
202100012731,178Â 962,A01,2,2,2,5,1,-1,-1,0,0,-1,2021,43.0,1,2,0,2,4,1,2,,3,201,-1,D,2,2,0,3,24,320,1,, -1,1,0,1,80,17,10,2,73,73247,1,1,1,2,D201,45.545478,6.11564,17,4,2
202100036783,135Â 958,B01,1,1,1,0,8,0,-1,-1, -1,-1,2021,41.0,3,1,0,2,4,1,5,,4,BUTTE AUX CAILLES (ROND POINT DE LA),0,,1,2,0,1,0,0,2,, -1,1,0,1,50,2,6,1,64,64024,2,6,0,3,BUTTE AUX CAILLES (ROND POINT DE LA),43.49694,-1.50975,8,2,2
202100012352,179Â 642,B01,2,2,1,5,1,8,-1,-1, -1,-1,2021,42.0,2,2,0,2,4,2,1,,2,RN 104,0,,3,8,0,1,33,299,1,, -1,1,0,1,90,19,10,3,91,91225,1,1,0,4,RN 104,48.6260350768,2.473962307,19,4,3
202100026163,154Â 931,A01,1,1,2,0,2,8,-1,-1, -1,-1,2021,31.0,1,0,12,2,7,26,3,,3,KENNEDY (AVENUE DU PRESIDENT),0,,2,2,1,1,0,0,1,, -1,1,0,5,50,31,7,1,93,93064,1,1,0,3,KENNEDY (AVENUE DU PRESIDENT),48.87,2.486,16,2,2
202100039478,131Â 040,A01,1,1,1,1,8,0,-1,0,0,-1,2021,56.0,3,0,0,0,0,1,3,,4,PLACE DU CARDINAL LAVIGERIE,0,,1,3,0,1,(1),(1),1,, -1,1,0,1,50,18,5,1,75,75112,2,7,0,7,PLACE DU CARDINAL LAVIGERIE,48.832002,2.403859,19,1,1
202100030690,146Â 900,A01,10,3,1,5,0,-1,-1,9,3,1,2021,74.0,0,2,0,1,3,15,1,,9,Parking cora Desmarais,0,,3,2,0,4,100,0,3,, -1,2,9,1,30,30,6,5,971,97105,2,9,1,6,Parking cora Desmarais,16.0002033431,-61.7192709446,5,2,1
202100014804,175Â 243,A01,10,3,2,0,0,-1,-1,2,3,2,2021,33.0,1,1,0,1,1,1,1,,4,RUE DE BELFORT,0,,1,1,2,1,(1),(1),1,, -1,1,0,1,50,6,10,1,33,33063,2,2,0,6,Rue de Belfort,44.83575,-0.58237,18,2,1
202100053471,106Â 138,A01,1,1,1,5,1,0,-1,-1, -1,-1,2021,75.0,3,2,0,4,3,1,1,,4,CHAVE (BOULEVARD),0,,1,0,3,2,(1),(1),3,, -1,1,1,6,20,26,1,1,13,13205,2,1,0,1,CHAVE (BOULEVARD),43.29509,5.38834,11,2,2
202100047444,116Â 962,B01,10,3,1,0,0,-1,-1,5,1,1,2021,61.0,3,2,0,1,3,11,1,,4,,0,D,2,2,0,1,(1),(1),1,, -1,1,0,1,50,19,3,1,44,44020,2,1,0,6,rue jean baptiste clement,47.173783,-1.585141,11,4,2
202100005899,191Â 245,B01,1,1,1,1,8,0,-1,-1, -1,-1,2021,31.0,3,1,0,2,5,16,5,,3,RD 57,0,,2,2,0,1,25,461,2,, -1,2,5,1,50,26,11,5,77,77296,2,6,1,3,D57,48.629,2.57311,20,2,2
202100035534,138Â 193,A01,1,1,1,9,2,6,-1,0,0,-1,2021,21.0,2,1,0,2,1,8,1,,4,BOULEVARD SAINT MICHEL,0,,2,4,3,1,(1),(1),1,, -1,1,0,6,50,8,6,1,75,75106,2,2,0,3,BOULEVARD SAINT MICHEL,48.850307,2.342652,18,3,2
202100052861,107Â 229,B01,2,2,2,1,1,0,-1,-1, -1,-1,2021,51.0,2,2,0,9,4,2,1,,3,AV ROBERT BENOIST,0,,3,4,0,2,0,0,1,, -1,1,0,1,50,1,2,5,91,91339,2,1,0,2,AV ROBERT BENOIST,48.63559,2.26642,21,3,2
202100024911,157Â 132,A01,10,3,2,0,0,-1,-1,2,3,2,2021,46.0,1,2,0,1,1,17,1,,4,JEAN MOULIN (AVENUE),0,,2,2,0,1,0,0,1,, -1,2,0,1,50,7,8,1,93,93014,2,1,0,6,Avenue Jean Moulin,48.908229,2.555069,13,2,1
202100021312,163Â 557,A01,10,3,1,0,0,-1,-1,1,3,1,2021,36.0,1,5,0,1,3,26,1,,4,JULES GUESDE (RUE),0,,1,1,2,2,1,0,1,, -1,1,0,1,30,2,9,1,93,93048,2,1,1,6,Rue Jules Guesde,48.8628773349,2.4786400795,19,2,1
202100052180,108Â 440,A01,1,1,1,5,8,-1,-1,0,0,-1,2021,57.0,1,2,0,2,7,15,1,,2,2,0,,2,2,0,1,4,900,1,, -1,1,5,1,50,6,2,1,973,97307,2,1,0,3,rn 2,4.850352,-52.331845,17,2,2
202100042955,124Â 888,A01,1,1,2,9,1,-1,-1,0,0,-1,2021,49.0,3,2,0,2,8,19,1,,3,122,0,D,2,2,0,2,3,650,1,, -1,1,0,1,80,23,4,1,80,80411,1,2,0,3,D122 - C204,49.881639,2.560759,18,2,2
202100036666,136Â 172,A01,1,1,1,1,2,0,-1,-1, -1,-1,2021,23.0,0,1,0,2,1,0,0,,3,VAILLANT (RUE EDOUARD),0,,2,2,0,1,1,0,1,, -1,1,5,1,50,1,6,5,93,93013,2,2,0,1,Rue Edouard Vaillant / Avenue de la Division Leclerc,48.93779,2.42864,23,2,2
202100005005,192Â 840,A01,1,1,2,0,1,4,-1,-1, -1,-1,2021,69.0,2,2,0,2,3,13,1,,2,RN 104,0,,1,2,0,1,44,902,1,, -1,2,0,2,110,3,12,1,91,91549,1,1,0,4,RN 104,48.6266,2.34889,14,3,3
202100021114,163Â 914,B01,1,1,1,0,2,6,-1,-1, -1,-1,2021,51.0,1,1,0,2,8,1,1,,3,,-1,,2,2,-1,1,(1),(1),1,, -1,1,0,1,-1,3,9,1,93,93077,2,3,0,3,Rue de la Montagne Savart / Grande Rue,48.882663,2.518125,16,2,2
202100048374,115Â 288,A01,1,1,1,5,1,-1,-1,-1, -1,-1,2021,94.0,2,2,1,0,2,1,1,,4,PIERRE MENDES FRANCE                (AV),0,,2,2,0,1,(1),(1),1,, -1,1,0,1,50,10,3,1,69,69286,2,1,0,6,PIERRE MENDES FRANCE (AV),45.8192,4.8827,11,1,1
202100016242,172Â 600,A01,10,3,2,5,0,-1,-1,2,3,1,2021,72.0,1,1,0,1,1,1,5,,4,AVENUE DE SAINT OUEN,0,,2,5,1,2,(1),(1),1,, -1,2,0,5,30,29,9,1,75,75118,2,3,0,6,AVENUE DE SAINT OUEN,48.8958836125,2.3284120508,14,2,1