Num_Acc,id_vehicule,num_veh,place,catu,sexe,trajet,secu1,secu2,secu3,locp,actp,etatp,year_acc,victim_age,senc,catv,obs,obsm,choc,manv,motor,occutc,catr,voie,v1,v2,circ,nbv,vosp,prof,pr,pr1,plan,lartpc,larrout,surf,infra,situ,vma,jour,mois,lum,dep,com,agg_,int,atm,col,adr,lat,long,hour,nb_victim,nb_vehicules
202100004162,194Â 310,A01,1,1,1,5,8,-1,-1,0,0,-1,2021,21.0,1,2,0,0,0,1,1,,3,91,-1,,2,2,0,1,11,216,1,, -1,1,0,3,90,10,11,3,72,72129,1,1,0,7,dÃ©partementale 91,48.04468,0.32902,0,3,1
202100039104,131Â 736,A01,10,3,2,0,0,-1,-1,2,3,1,2021,81.0,1,2,0,1,1,1,1,,4,RUE DU GENERAL DE GAULLE,0,,2,2,2,1,(1),(1),1,, -1,1,0,1,50,19,5,1,44,44190,2,1,0,6,RUE DU GENERAL DE GAULLE,47.2,-1.4929,11,2,1
202100041479,127Â 464,A01,1,1,1,0,1,0,-1,-1, -1,-1,2021,34.0,1,4,0,2,1,2,1,,1,AUTOROUTE A86,0,,3,10,0,1,12,600,1,, -1,1,0,1,90,3,5,1,93,93066,1,1,0,2,AUTOROUTE A86,48.92481,2.34053,12,2,2
202100041650,127Â 155,A01,10,3,1,0,0,-1,-1,1,3,1,2021,5.0,1,2,0,1,1,1,1,,4,REPUBLIQUE (CO. DE LA) 1 A 35,0,,2,1,0,1,1,0,1,, -1,1,0,1,30,26,4,1,93,93010,2,1,0,6,REPUBLIQUE (CO. DE LA) 1 A 35,48.90165,2.48,17,2,1
202100037736,134Â 216,B01,1,1,2,0,0,-1,-1,-1, -1,-1,2021,34.0,1,1,0,2,8,1,0,,4,CLAUDE BERNARD                      (QU),0,,1,3,1,1,(1),(1),1,, -1,1,0,1,50,28,5,1,69,69387,2,3,0,3,CLAUDE BERNARD (Q),45.75298,4.83783,19,2,2
202100052398,108Â 050,A01,10,3,1,5,0,-1,-1,5,5,1,2021,13.0,2,2,0,1,1,1,1,,4,FOURNAS( AVENUE DU),0,,2,2,0,3,0,0,1,, -1,1,0,1,50,12,1,1,83,83050,2,1,0,6,FOURNAS( AVENUE DU),43.52755,6.464944,8,2,1
202100017114,171Â 040,A01,10,3,2,2,0,-1,-1,2,3,1,2021,12.0,0,2,0,1,2,26,1,,4,BROSSOLETTE (RUE PIERRE),0,,2,2,0,1,0,0,1,, -1,1,0,1,50,23,9,1,93,93073,2,1,0,6,Rue Pierre Brossolette,48.9496,2.5705,17,2,1
202100044528,122Â 124,A01,5,2,1,5,1,0,-1,-1, -1,-1,2021,23.0,2,2,4,2,9,1,2,,2,RN 118,0,,2,4,0,2,12,578,1,, -1,2,2,1,90,10,4,1,91,91471,1,1,1,6,RN 118,48.69417,2.19258,8,5,1
202100038384,133Â 028,A01,10,3,1,5,8,8,-1,3,3,1,2021,74.0,2,2,0,1,1,15,0,,4,LIBERTE (BOULEVARD DE LA),0,,1,2,0,2,0,0,2,, -1,1,0,1,30,20,5,1,13,13201,2,2,0,3,LIBERTE (BOULEVARD DE LA),43.300718302,5.3806597613,11,2,1
202100045599,120Â 222,A01,1,1,1,5,1,0,-1,-1, -1,-1,2021,37.0,1,2,9,0,1,1,1,,7,EISENHOWER (AVENUE DU GENERAL),0,,3,5,0,1,1,20,1,, -1,1,0,1,70,1,4,5,31,31555,2,1,0,7,EISENHOWER (AVENUE DU GENERAL),43.554477,1.410606,0,2,1
202100043141,124Â 558,A01,10,3,2,0,0,-1,-1,2,3,1,2021,42.0,0,4,0,1,1,1,0,,4,MOUTIERS (RUE DES),0,,2,2,0,3,(1),(1),1,, -1,1,0,1,50,20,4,1,80,80725,2,1,0,6,MOUTIERS (RUE DES),49.86984,2.24376,9,2,1
202100042319,125Â 979,B01,1,1,1,4,2,0,-1,-1, -1,-1,2021,39.0,0,1,0,0,0,0,1,,4,VESTREPAIN (RUE) DU 1AU 65,0,,2,2,0,1,(1),(1),1,, -1,1,0,1,30,7,4,1,31,31555,2,1,0,3,VESTREPAIN (RUE) DU 1AU 65,43.58519,1.41099,14,3,2
202100025325,156Â 387,A01,1,1,1,1,1,0,-1,0,0,-1,2021,22.0,2,2,0,2,1,2,1,,4,ECHANGEUR MUETTE,0,,-1,4,0,1,14,400,1,, -1,1,1,1,70,6,8,1,75,75116,2,1,0,4,ECHANGEUR MUETTE,48.864239,2.266641,16,3,3
202100006333,190Â 471,A01,1,1,1,4,1,-1,-1,0,0,-1,2021,48.0,1,5,2,0,3,9,1,,3,765,-1,,3,2,0,1,62,500,3,, -1,2,5,8,80,26,11,3,29,29173,1,6,1,6,D765 - Route de Douarnenez,48.012018,-4.197013,7,1,1
202100042933,124Â 928,B01,2,1,1,0,0,0,-1,-1, -1,-1,2021,24.0,1,1,0,2,1,1,1,,3,FRANCIS DE PRESSENCE (RUE),0,,2,2,0,1,0,1,1,, -1,1,0,1,50,23,4,1,93,93001,2,5,0,3,HAUT DE SAINT DENIS (CHEMIN DU),48.9224918769,2.3685101542,18,2,2
202100043068,124Â 692,A01,10,3,1,5,0,0,-1,1,3,1,2021,43.0,1,1,0,1,1,1,1,,3,PAUL VAILLANT COUTURIER (BD),0,,2,3,3,1,1,0,1,, -1,1,0,1,30,22,4,2,94,94041,2,1,0,6,PAUL VAILLANT COUTURIER (BD),48.8174,2.39879,19,2,1
202100009515,184Â 704,B01,1,1,2,0,0,-1,-1,0,0,-1,2021,76.0,0,1,0,2,1,2,6,,4,,-1,,2,2,0,1,(1),(1),1,,5,2,0,1,50,4,11,1,44,44154,2,2,0,3,Avenue de la Combe des Bondres,47.2214092436,-2.1612864733,10,2,2
202100013721,177Â 180,A01,1,1,1,0,2,8,-1,-1, -1,-1,2021,19.0,1,1,9,0,3,13,1,,4,128,0,,1,1,1,1,0,1,3,, -1,1,0,1,50,12,10,5,92,92049,2,1,0,6,GINOUX AV. HENRI NÂ°1 A 95 ET 2 A 104,48.81461,2.32058,4,2,1
202100011903,180Â 449,B01,1,1,1,2,2,6,-1,0,0,-1,2021,18.0,0,1,0,2,1,1,1,,6,817,-1,D,-1,-1,0,1,(1),(1),1,, -1,1,0,1,50,15,10,3,65,65127,2,9,0,3,RD 817,43.111957,0.355114,19,2,2
202100033095,142Â 588,B01,1,1,2,0,1,8,-1,-1, -1,-1,2021,52.0,2,2,0,2,1,2,1,,3,LIBERATION (RTE DE LA),0,,1,2,0,1,1,0,1,, -1,2,0,1,50,20,6,1,94,94019,2,1,1,4,LIBERATION (RTE DE LA),48.79963,2.54395,19,3,3
202100004072,194Â 470,A01,1,1,1,5,1,-1,-1,-1, -1,-1,2021,27.0,2,2,0,2,3,15,0,,4,BEREST EUGENE,0,,2,1,0,1,(1),(1),3,, -1,2,0,1,30,5,12,5,29,29019,2,1,0,1,Rue EugÃ¨ne BÃ©rest,48.3952288914,-4.4340401888,19,2,2
202100013230,178Â 091,A01,10,3,1,0,0,-1,-1,3,3,1,2021,62.0,1,2,0,1,1,1,1,,3,ANDRE MAGINOT (BOULEVARD),0,,2,2,0,1,0,308,1,, -1,1,0,1,50,14,10,1,77,77186,2,1,0,6,D417,48.406027,2.689132,10,2,1
202100017239,170Â 832,A01,1,1,1,5,1,-1,-1,0,0,-1,2021,21.0,1,2,0,0,3,1,1,,3,38,0,D,2,2,0,1,6,0,3,, -1,1,0,1,80,25,9,1,58,58122,1,2,0,3,intersection D38 et D125,47.258185,3.050245,15,2,2
202100055433,102Â 766,A01,1,1,1,3,1,0,-1,-1, -1,-1,2021,26.0,2,5,4,0,1,15,1,,2,KARTING (DU),0,,-1,4,0,1,(1),(1),2,, -1,2,0,2,90,11,1,1,974,97411,2,1,1,7,KARTING (DU),-20.8933901266,55.5018782616,18,1,1
202100002745,196Â 859,B01,1,1,1,1,1,-1,-1,-1, -1,-1,2021,53.0,0,2,0,2,1,1,1,,7,CD 51 (RUE DE LA VALETTE),0,,2,2,0,1,18,520,1,, -1,1,0,1,50,15,12,5,76,76157,2,4,0,1,CD 51 (RUE DE LA VALETTE),49.4612162965,1.0425961018,18,2,2
202100045649,120Â 140,A01,1,1,2,5,1,0,-1,-1, -1,-1,2021,69.0,1,2,1,0,3,1,1,,4,LAFONTAINE (AVENUE),0,,2,1,0,1,0,0,1,, -1,1,0,1,50,1,4,1,93,93073,2,1,0,6,LAFONTAINE (AVENUE),48.95718,2.5776,14,1,1
202100023095,160Â 333,A01,1,1,1,0,1,0,-1,-1, -1,-1,2021,51.0,2,2,0,2,1,1,1,,1,AUTOROUTE (A1),0,,2,8,3,1,0,100,1,, -1,1,0,1,90,20,8,5,972,97209,1,1,0,2,AUTOROUTE (A1),14.61446,-61.04967,20,3,2
202100044271,122Â 533,B01,1,1,1,0,2,0,-1,-1, -1,-1,2021,46.0,1,1,0,2,1,1,1,,4,DESSAUX (RUE ANDRE DESSAUX),0,,2,3,0,1,(1),(1),1,, -1,1,0,1,50,12,4,1,45,45147,2,2,0,3,Rue AndrÃ© Dessaux,47.92096,1.90231,13,2,2
202100056023,101Â 743,A01,1,1,1,5,2,0,-1,0,0,-1,2021,26.0,2,1,0,2,1,2,1,,2,MEZZAVIA ROUTE DE,0,,2,2,0,1,2,915,1,, -1,1,0,1,50,6,1,1,201,201004,2,9,0,2,MEZZAVIA ROUTE DE,41.95194,8.77751,12,2,2
202100024236,158Â 348,A01,1,1,1,0,8,0,-1,-1, -1,-1,2021,29.0,0,2,0,0,9,0,1,,4,GODISSARD (BOULEVARD),0,,2,2,0,2,(1),(1),1,, -1,1,0,1,50,1,8,1,972,97209,1,1,0,6,GODISSARD (BOULEVARD),14.63009,-61.07002,10,1,1
202100031394,145Â 637,A01,1,1,1,4,2,6,-1,0,0,-1,2021,21.0,1,1,12,0,1,16,1,,3,489,0,D,2,2,0,1,7,200,3,, -1,1,0,4,50,2,7,2,69,69094,2,6,0,6,Le Tupinier,45.746631,4.703436,20,1,1
202100038212,133Â 341,B01,1,1,1,5,2,6,-1,0,0,-1,2021,39.0,1,1,0,2,3,18,3,,4,QUAI D ORSAY,0,,2,2,1,1,(1),(1),1,, -1,1,0,5,50,26,5,1,75,75107,2,2,0,3,QUAI D ORSAY,48.862785,2.313457,19,2,2
202100040157,129Â 819,A01,2,2,2,5,2,0,-1,0,0,-1,2021,16.0,0,1,0,0,0,14,1,,4,MAUGRAND (BLD DE LA),0,,2,2,0,1,1,0,1,, -1,1,0,3,50,12,5,1,71,71306,2,1,0,7,Boulevard Maugrand,46.677916,4.359369,15,2,1
202100039702,130Â 617,B01,2,2,2,5,1,0,-1,0,0,-1,2021,42.0,1,2,0,2,4,2,1,,4,PORTE DE MONTREUIL,0,,1,4,0,1,30,500,1,, -1,1,0,1,70,16,5,1,75,75120,2,1,0,2,PORTE DE MONTREUIL,48.859033,2.41411,16,3,2
202100025090,156Â 808,B01,2,2,2,4,1,0,-1,-1, -1,-1,2021,29.0,2,5,0,2,4,1,1,,1,A72,0,,3,6,0,1,10,700,1,, -1,1,0,2,110,3,8,1,42,42097,1,1,0,2,A72,45.4850002095,4.3307774093,12,3,2
202100002178,197Â 895,A01,1,1,2,1,1,-1,-1,0,0,-1,2021,61.0,2,2,13,0,1,1,1,,3,20,-1,,2,2,0,1,10,454,1,, -1,7,0,3,80,21,12,2,82,82144,1,1,1,6,D20,44.167107,1.324486,9,1,1
202100038529,132Â 769,A01,4,2,2,5,3,0,-1,0,0,-1,2021,0.0,2,2,0,2,6,22,1,,4,AVENUE DU GENERAL MICHEL BIZOT,0,,2,2,0,1,(1),(1),1,, -1,2,0,1,50,24,5,1,75,75112,2,4,1,3,AVENUE DU GENERAL MICHEL BIZOT,48.837713,2.403823,11,3,2
202100013105,178Â 318,A01,10,3,1,5,0,-1,-1,2,3,1,2021,89.0,1,4,0,1,3,1,1,,4,AVENUE DES CHAMPS ELYSEES,0,,2,4,1,1,(1),(1),1,, -1,1,0,1,50,13,10,1,75,75108,2,1,1,6,AVENUE DES CHAMPS ELYSEES,48.869376,2.308938,16,2,1
202100028811,150Â 222,A01,1,1,2,5,1,0,-1,0,0,-1,2021,24.0,2,2,13,0,2,14,1,,2,RN 70 (ROUTE EXPRESS),0,,1,2,0,1,36,600,1,, -1,2,0,3,110,14,7,1,71,71040,1,1,1,6,RN 70 (ROUTE EXPRESS),46.69203,4.37552,17,3,1
202100044004,123Â 019,A01,1,1,1,5,8,-1,-1,-1, -1,-1,2021,21.0,1,5,8,2,1,19,1,,4,FRANCISQUE JOMARD                   (R ),0,,2,2,0,2,(1),(1),1,, -1,1,0,1,50,13,4,5,69,69149,2,2,0,3,FRANCISQUE JOMARD (R),45.71758,4.79043,23,2,2
202100048196,115Â 608,B01,1,1,1,5,0,-1,-1,0,0,-1,2021,15.0,3,1,0,2,1,26,0,,3,,0,D,2,2,0,1,14,800,1,, -1,2,0,1,70,7,1,2,88,88481,2,3,0,3,dÃ©partementale 44 rue du cone,48.0990175406,6.3899713755,17,2,2
202100027169,153Â 149,B01,2,2,2,5,1,8,-1,-1, -1,-1,2021,41.0,1,2,0,2,1,2,1,,1,A50-Sens Marseille vers Aubagne,0,,3,3,0,1,12,100,1,, -1,1,0,1,90,24,7,3,13,13005,1,1,0,2,A50-Sens Marseille vers Aubagne,43.2863114586,5.5348191464,22,7,3
202100013040,178Â 440,B01,1,1,1,0,2,0,-1,-1, -1,-1,2021,19.0,2,1,0,2,7,17,1,,3,MICHELET (BOULEVARD),0,,2,2,0,1,43,900,1,, -1,1,0,1,50,15,10,2,78,78299,2,1,0,3,MICHELET (BOULEVARD),49.004196,1.899492,8,2,2
202100005551,191Â 879,A01,1,1,1,1,2,6,-1,-1, -1,-1,2021,49.0,2,1,0,2,7,2,1,,3,GEORGES CLEMENCEAU (AV),0,,2,2,0,1,1,0,1,, -1,7,0,1,30,29,11,5,94,94052,2,1,0,3,Avenue Georges ClÃ©menceau,48.83585,2.47215,7,2,2
202100014997,174Â 896,B01,1,1,1,1,2,-1,-1,-1, -1,-1,2021,21.0,2,1,0,2,2,1,1,,4,MARECHAL JOFFRE (RUE),0,,2,2,0,1,0,0,1,, -1,2,0,1,30,3,10,5,76,76351,2,2,1,1,MARECHAL JOFFRE (RUE),49.49859,0.11816,6,2,2
202100017628,170Â 109,B01,1,1,2,2,2,6,-1,-1, -1,-1,2021,17.0,3,1,0,2,1,1,1,,4,PRISSE (Avenue du ),0,,2,2,0,1,0,0,1,, -1,1,0,1,50,21,9,1,64,64102,2,1,0,3,Avenue du PrissÃ©,43.48114,-1.4588,7,2,2
202100001895,198Â 410,B01,2,1,1,5,2,0,-1,-1, -1,-1,2021,66.0,0,1,0,0,0,0,0,,7,LIBERATION (AVE DE LA),0,,-1,1,0,1,0,0,1,, -1,1,0,1,50,21,12,1,13,13075,2,6,0,2,LIBERATION (AVE DE LA),43.344,5.459,11,2,2
202100009531,184Â 674,A01,1,1,1,0,1,-1,-1,0,0,-1,2021,78.0,1,2,8,0,3,0,1,,3,1075,0,A,2,2,0,1,40,160,1,, -1,1,0,3,90,5,11,1,5,5053,1,1,0,6,route dÃ©partementale 1075,44.352984,5.765972,12,2,1
202100014110,176Â 468,B01,1,1,1,5,1,-1,-1,-1,0,-1,2021,51.0,1,2,0,2,4,2,1,,1,AUTOROUTE A15,0,,3,6,0,1,23,0,1,, -1,1,0,1,110,9,10,1,95,95500,1,1,0,4, A15,49.036315,2.095081,13,4,3
202100037066,135Â 446,A01,1,1,1,0,1,0,-1,-1, -1,-1,2021,48.0,0,2,0,2,4,0,1,,3,VILLEPINTE (ROUTE DE),0,,2,2,0,1,0,1,1,, -1,1,0,1,50,1,6,1,93,93073,2,6,0,2,Route de Villepinte / Avenue Vauban,48.97089,2.54889,8,2,2
202100050461,111Â 499,A01,1,1,1,0,2,8,-1,-1, -1,-1,2021,31.0,1,1,0,2,1,1,6,,4,PLACE AIME DELRUE,0,,2,4,3,1,(1),(1),1,, -1,1,5,1,30,23,2,5,44,44109,2,2,0,3,PLACE AIME DELRUE,47.2088217233,-1.5499134064,22,2,2
202100019714,166Â 402,A01,10,3,1,9,0,-1,-1,9,2,1,2021,71.0,1,5,0,1,4,4,3,,4,SOUVENIR FRANCAIS ALLEE DU,0,,2,1,0,1,(1),(1),1,, -1,1,9,6,30,10,9,1,6,6123,2,1,0,6,SOUVENIR FRANCAIS ALLEE DU,43.683882,7.185513,11,2,1
202100035646,137Â 997,B01,1,1,1,9,1,-1,-1,-1, -1,-1,2021,58.0,2,2,0,2,4,2,1,,1,A46S   49.160 A 53.980,0,,3,4,0,1,49,300,1,, -1,1,0,1,90,19,4,1,69,69281,1,1,0,4,A46 ,45.6445,4.9107,15,3,3
202100006838,189Â 559,B01,1,1,1,5,2,6,-1,-1, -1,-1,2021,24.0,1,1,0,2,1,15,1,,3,80,0,,2,2,0,1,0,0,1,, -1,2,0,1,50,21,11,1,92,92023,2,9,1,2,PORTE DE TRIVAUX (RUE DE LA) NÂ°1 A 55 ET,48.7863159057,2.243667841,14,2,2
202100007083,189Â 100,A01,1,1,1,5,1,-1,-1,0,0,-1,2021,40.0,2,2,0,5,1,1,1,,3,650,0,,2,2,0,1,58,600,1,, -1,1,0,1,80,20,11,3,50,50481,1,1,1,6,CD 650,49.237748,-1.605704,4,1,1
202100035495,138Â 264,A01,1,1,1,5,8,0,-1,-1, -1,-1,2021,17.0,1,2,0,0,9,26,3,,4,CHANTERIE,0,,2,2,0,1,1,0,2,, -1,1,0,1,50,1,6,1,49,49267,2,1,0,7,CHANTERIE,47.4781,-0.49555,17,1,1
202100019773,166Â 304,A01,1,1,1,5,8,-1,-1,0,0,-1,2021,39.0,1,2,8,0,1,2,1,,3,978,0,D,2,2,0,2,10,600,2,, -1,1,0,8,80,10,9,3,63,63455,1,1,0,6,D978,45.689401,3.170248,22,1,1
202100033825,141Â 295,B01,1,1,1,5,0,-1,-1,0, -1,-1,2021,49.0,0,1,0,2,7,19,5,,4,COURCELLES (RUE DE) DU 1 AU 97 ET 2 A 22,0,,2,2,0,1,(1),(1),1,, -1,1,5,1,50,16,6,5,51,51454,2,3,0,3,Rue de Courcelles,49.25764,4.02194,22,2,2
202100021522,163Â 170,B01,1,1,1,5,2,-1,-1,0,0,-1,2021,76.0,2,1,0,2,1,1,5,,3,D9,-1,,2,2,0,1,68,635,1,, -1,1,5,1,70,1,9,1,25,25320,1,2,0,3,Avenue de la Gare,46.787932,6.277742,14,2,2
202100026998,153Â 456,A01,1,1,1,5,1,-1,-1,0,0,-1,2021,19.0,3,2,6,0,1,13,1,,4,,-1,,2,2,0,1,(1),(1),1,,4,1,0,8,70,25,7,3,26,26305,1,1,0,6,735 Chemin des Andrans,44.590475,4.901898,3,1,1
202100001994,198Â 233,A01,10,3,1,0,0,-1,-1,3,5,2,2021,6.0,1,5,0,1,3,1,1,,4,EUROPE (DE L')                      (AV),0,,2,2,0,1,(1),(1),1,, -1,1,0,1,50,20,12,1,69,69286,2,1,0,6,EUROPE (DE L') (AV),45.81233,4.8904,7,2,1
202100001309,199Â 424,B01,1,1,2,-1,1,8,8,0,0,-1,2021,29.0,2,2,0,2,7,1,1,,1,750,0,A,1,2,0,1,32,940,1,, -1,2,0,1,130,28,12,1,34,34239,1,1,1,5,A750,43.655907,3.520949,8,3,3
202100000929,200Â 089,B01,1,1,1,5,1,-1,-1,0,0,-1,2021,31.0,2,2,0,2,4,1,1,,2,147,-1,,2,2,0,1,39,500,1,, -1,1,0,1,80,26,12,1,87,87116,1,1,0,4,Route nationale 147,46.138092,1.054071,15,3,3
202100013307,177Â 958,A01,10,3,1,9,0,-1,-1,1,3,1,2021,59.0,1,2,0,1,1,9,1,,4,RUE DES SUISSES,0,,1,1,0,1,(1),(1),1,, -1,1,0,1,30,13,10,1,75,75114,2,1,0,6,RUE DES SUISSES,48.831007,2.314735,18,2,1
202100049648,112Â 996,B01,1,1,1,0,2,6,-1,0,0,-1,2021,60.0,1,1,0,2,1,17,1,,4,CHAPTAL,0,,2,2,0,1,(1),(1),1,, -1,1,9,1,50,23,2,1,22,22278,2,1,0,1,CHAPTAL,48.506307,-2.732436,17,2,2
202100004639,193Â 475,A01,1,1,1,0,1,0,-1,-1, -1,-1,2021,22.0,2,2,0,0,9,2,1,,1,AUTOROUTE A104,0,,3,8,0,1,2,900,1,, -1,2,0,1,90,5,12,2,93,93078,1,1,1,6,AUTOROUTE A104,48.963,2.52188,6,1,1
202100036239,136Â 908,B01,1,1,1,5,2,8,-1,0,0,-1,2021,64.0,1,1,0,2,4,1,5,,4,RUE DE LA POLOGNE,0,,2,4,2,1,(1),(1),1,, -1,1,0,1,50,4,6,1,54,54329,2,1,0,2,RUE DE LA POLOGNE,48.58074,6.51012,14,2,2
202100056106,101Â 596,A01,1,1,1,1,1,-1,-1,0,0,-1,2021,47.0,2,2,0,2,3,13,1,,3,31,0,,2,2,0,2,48,130,3,, -1,2,0,1,80,7,1,2,53,53125,1,1,1,1,Route dÃ©partementale 31,48.504688,-1.065685,8,2,2
202100053062,106Â 877,A01,1,1,1,5,2,6,-1,0,0,-1,2021,61.0,2,1,0,2,1,9,1,,4,SEBASTOPOL,0,,2,2,0,1,(1),(1),1,, -1,1,0,1,30,29,1,1,29,29019,2,6,0,3,Rue SÃ©bastopol,48.4003432,-4.4691575,15,2,2
202100012823,178Â 800,B01,4,2,2,0,3,1,-1,-1, -1,-1,2021,1.0,1,2,0,0,4,23,1,,7,PAUL MARCELLIN                      (R ),0,,2,2,0,1,0,1,1,, -1,1,0,1,50,16,10,5,69,69256,2,2,1,2,PAUL MARCELLIN (R),45.76801,4.9365,23,4,2
202100012704,179Â 010,B01,1,1,1,5,0,-1,-1,0,0,-1,2021,17.0,3,1,0,0,4,16,3,,3,,-1,,1,1,0,1,(1),(1),1,,"3,5",1,0,1,50,18,10,1,38,38239,2,1,0,2,Rue du 8 Mai 1945,45.326836,5.562821,16,2,2
202100012609,179Â 174,B01,4,2,2,0,1,0,-1,-1, -1,-1,2021,25.0,1,2,0,2,2,0,1,,4,,0,,2,2,2,1,(1),(1),1,, -1,1,0,1,50,23,4,1,60,60057,2,3,0,3,Rue Condorcet,49.43541,2.07776,19,6,2
202100000346,201Â 096,F01,1,1,2,4,1,-1,-1,-1, -1,-1,2021,39.0,1,2,0,2,9,2,1,,3,,-1,,2,2,0,1,4,548,1,, -1,1,0,1,50,18,1,1,17,17333,2,3,0,4,Av GÃ©neral Andrieu ,45.605745,-0.964731,11,4,4
202100020063,165Â 762,A01,1,1,1,0,2,0,-1,-1, -1,-1,2021,24.0,2,1,0,2,1,17,1,,3,D402 (DEVIATION),0,,2,2,0,1,48,675,1,, -1,1,0,1,80,8,9,1,77,77433,1,3,0,1,D402,48.79254,3.06817,19,3,2
202100006990,189Â 266,B01,2,2,2,0,8,0,-1,-1, -1,-1,2021,38.0,1,2,0,2,4,2,1,,1,A104,0,,3,7,0,1,8,0,1,, -1,1,0,1,110,21,11,3,77,77294,1,1,0,6,A104,48.9702456742,2.5705678494,20,4,3
202100033571,141Â 757,A01,1,1,2,5,8,0,-1,-1, -1,-1,2021,53.0,3,1,0,2,6,1,5,,7,HEGEL RUE,0,,2,1,0,1,(1),(1),1,, -1,2,0,1,50,17,6,1,59,59350,2,1,0,2,HEGEL RUE,50.6289,3.0181,9,2,2
202100048061,115Â 835,A01,1,1,1,0,1,-1,-1,0,0,-1,2021,30.0,2,2,13,0,1,0,1,,3,1,0,,3,2,0,2,10,500,1,, -1,1,0,1,70,14,3,1,74,74263,1,1,0,6,route des crapons,46.314806,6.381254,18,1,1
202100006324,190Â 484,B01,1,1,1,0,2,6,-1,0,0,-1,2021,68.0,1,1,0,2,1,1,1,,3,1201,0,D,2,2,0,1,(1),(1),1,, -1,1,0,1,50,25,11,1,74,74010,2,2,0,3,Route de Geneve,45.947151,6.121219,13,2,2
202100030917,146Â 497,B01,1,1,2,0,1,-1,-1,0,0,-1,2021,24.0,2,2,0,2,6,15,1,,3,28,-1,,2,2,0,2,16,195,1,, -1,1,0,1,80,2,7,1,43,43194,1,3,0,2,lieu dit le Triadour,45.069279,4.067192,19,2,2
202100049197,113Â 821,A01,10,3,2,5,0,-1,-1,1,1,2,2021,22.0,1,2,0,1,2,1,1,,3,13,-1,,2,2,0,1,1,335,1,, -1,1,0,1,80,5,3,3,26,26235,1,1,1,6,Route de Bourg-saint-andÃ©ol,44.370473,4.669468,21,2,1
202100036249,136Â 886,A01,1,1,1,0,8,0,-1,-1, -1,-1,2021,29.0,1,2,15,0,0,14,1,,2,ONZE NOVEMBRE 1918 (QUAI DU),0,,2,2,0,1,0,0,1,, -1,1,9,3,50,5,6,1,30,30007,2,1,0,6,ONZE NOVEMBRE 1918 (QUAI DU),44.1291,4.0731,19,1,1
202100030009,148Â 152,B01,1,1,1,1,2,0,-1,0,0,-1,2021,26.0,2,1,0,2,2,1,5,,4,RUE ORDENER,0,,2,2,0,1,(1),(1),1,, -1,1,0,1,50,7,7,1,75,75118,2,3,0,3,RUE ORDENER,48.890885,2.353254,13,2,2
202100046416,118Â 808,A01,1,1,2,1,1,-1,-1,0,0,-1,2021,51.0,2,2,2,0,3,1,1,,3,19,-1,,2,2,0,1,41,100,3,, -1,9,0,3,70,27,3,1,63,63206,1,1,0,6,lieu-dit la prade,45.969385,2.978094,8,1,1
202100004510,193Â 711,A01,1,1,2,0,1,0,-1,-1, -1,-1,2021,43.0,1,2,8,1,1,14,1,,3,13,0,,1,0,0,1,(1),(1),1,, -1,1,0,8,30,5,12,1,972,97209,1,1,0,6,CHATEAUBOEUF (ROUTE DE),14.6156685646,-61.050593555,12,8,1
202100046478,118Â 706,A01,1,1,1,0,1,-1,-1,-1, -1,-1,2021,26.0,1,2,0,2,1,1,1,,1,A13,0,,1,4,0,1,12,199,1,, -1,2,0,1,110,26,3,3,78,78524,1,1,1,2,A13,48.841625,2.104561,20,3,2
202100055174,103Â 192,B01,1,1,1,1,2,0,-1,0,0,-1,2021,34.0,2,1,0,2,1,1,1,,3,RD909,0,,2,2,0,3,2,800,3,, -1,1,0,1,80,8,1,3,54,54167,1,1,0,1,RD909,48.664558,5.955727,6,2,2
202100053093,106Â 827,C01,4,2,1,0,1,0,-1,-1, -1,-1,2021,2.0,1,2,1,0,1,16,1,,4,LEON GOURDAULT (AV),0,,1,0,0,1,0,1,1,, -1,1,0,1,50,30,1,5,94,94022,2,1,0,4,LEON GOURDAULT (AV),48.76416,2.40537,18,5,3
202100047251,117Â 300,A01,1,1,1,5,8,0,-1,0,0,-1,2021,28.0,1,1,0,2,1,1,5,,4,RUE DE L UNIVERSITE,0,,2,3,0,1,(1),(1),1,, -1,1,0,1,50,20,3,1,75,75107,2,2,0,3,RUE DE L UNIVERSITE,48.860984,2.314958,17,2,2
202100039175,131Â 598,A01,1,1,1,5,0,-1,-1,0,0,-1,2021,12.0,1,1,0,2,8,19,5,,3,86,-1,,2,2,0,1,6,375,1,, -1,1,0,1,50,16,5,1,62,62580,2,1,0,1,Rue de Saint Pol,50.39898,2.432533,14,2,2
202100033775,141Â 398,A01,1,1,1,5,1,-1,-1,-1, -1,-1,2021,35.0,1,2,0,4,2,2,1,,4,TONY GARNIER                        (AV),0,,2,4,3,1,(1),(1),3,, -1,1,4,6,50,18,6,5,69,69387,2,8,0,3,TONY GARNIER (AV),45.731601267,4.8241809011,0,2,2
202100014377,176Â 011,B01,1,1,2,0,2,-1,-1,-1, -1,-1,2021,30.0,2,1,0,2,0,1,1,,4,QUAI DE BRAZZA,0,,2,2,0,1,(1),(1),1,, -1,1,0,1,50,8,10,4,33,33063,2,3,0,1,Quai de Brazza,44.85519,-0.55096,20,2,2