Num_Acc,id_vehicule,num_veh,place,catu,sexe,trajet,secu1,secu2,secu3,locp,actp,etatp,year_acc,victim_age,senc,catv,obs,obsm,choc,manv,motor,occutc,catr,voie,v1,v2,circ,nbv,vosp,prof,pr,pr1,plan,lartpc,larrout,surf,infra,situ,vma,jour,mois,lum,dep,com,agg_,int,atm,col,adr,lat,long,hour,nb_victim,nb_vehicules
202100045082,121Â 151,B01,1,1,1,1,8,-1,-1,0,0,-1,2021,41.0,2,2,5,2,2,5,1,,4,40,-1,,2,2,0,1,(1),(1),1,, -1,1,0,1,80,24,3,2,66,66065,1,1,0,1,D40,42.6055589071,2.9868968949,19,2,2
202100051848,109Â 026,A01,1,1,1,1,2,-1,-1,0,0,-1,2021,23.0,1,1,0,2,1,1,1,,3,1,0,,2,2,1,1,2,475,1,, -1,2,5,1,50,10,2,5,73,73065,2,2,0,3,D1 Av de la Motte Servolex,45.5867597477,5.8838864866,5,2,2
202100053261,106Â 530,A01,1,1,1,5,2,0,-1,-1, -1,-1,2021,54.0,3,1,0,0,8,1,1,,4,RUE JEAN PIERRE TIMBAUD ,0,,2,2,0,1,0,1,1,, -1,2,0,1,50,29,1,1,94,94077,2,1,1,7,JEAN PIERRE TIMBAUD (R),48.732016,2.429597,14,1,1
202100053182,106Â 673,A01,10,3,1,1,0,-1,-1,2,3,1,2021,50.0,1,2,0,1,1,1,1,,7,MARNE. BOULEVARD DE LA,0,,2,4,3,1,22,500,1,, -1,1,-1,1,50,22,1,5,76,76540,2,1,0,6,MARNE. BOULEVARD DE LA,49.44713,1.09401,18,2,1
202100044341,122Â 411,A01,1,1,1,0,8,-1,-1,0,0,-1,2021,49.0,1,2,13,0,1,5,1,,3,,0,D,2,2,0,1,84,500,1,, -1,1,0,3,80,13,4,1,11,11192,1,1,0,7,D6113,43.288751,2.062945,15,1,1
202100052195,108Â 414,B01,1,1,1,0,1,-1,-1,0,0,-1,2021,21.0,1,2,0,2,1,1,1,,3,86,0,D,4,2,0,1,133,80,1,, -1,1,5,1,80,9,2,2,7,7264,1,9,0,3,D86,44.312971,4.615395,17,3,2
202100037808,134Â 075,B01,1,1,2,5,8,-1,-1,0,0,-1,2021,22.0,1,1,0,2,1,1,5,,4,SIEUR DE BRAS (RUE DU),0,,1,2,0,1,1,0,1,, -1,1,0,1,50,27,5,1,14,14181,2,1,0,3,Rue du Sieur de Bras,49.1536,-0.3283,10,2,2
202100052353,108Â 137,A01,1,1,1,0,1,-1,-1,0,0,-1,2021,51.0,1,2,2,0,0,1,1,,3,603,0,,2,2,0,1,34,700,3,, -1,2,0,3,80,7,2,3,77,77415,1,1,1,6,dÃ©partementale 603,48.951856,3.054548,3,1,1
202100045404,120Â 573,B01,1,1,2,0,1,0,-1,-1, -1,-1,2021,66.0,2,2,0,2,4,2,1,,3,LAGRANGE  AVENUE LEO,0,,2,4,0,1,11,840,1,, -1,1,0,1,30,2,4,1,25,25056,2,1,0,4,LAGRANGE  AVENUE LEO,47.24491,6.00345,13,4,4
202100028552,150Â 683,A01,1,1,2,1,1,-1,-1,0,0,-1,2021,22.0,1,2,0,2,3,1,1,,3,19,-1,,2,1,0,1,16,855,1,, -1,1,0,1,80,17,7,1,85,85101,1,2,0,1,La Joyeuse,46.491948,-1.412555,14,2,2
202100002573,197Â 184,B01,1,1,1,9,2,6,-1,-1, -1,-1,2021,61.0,2,1,0,2,7,1,1,,4,LACASSAGNE                          (AV),0,,1,2,3,1,(1),(1),1,, -1,1,0,1,50,16,12,5,69,69383,2,2,0,3,LACASSAGNE (AV),45.75452,4.86652,18,4,2
202100016938,171Â 346,A01,1,1,2,9,0,-1,-1,-1, -1,-1,2021,54.0,3,1,0,2,0,1,5,,4,RUE CAMILLE GODARD,0,,1,2,1,1,(1),(1),1,, -1,1,0,1,50,23,9,1,33,33063,2,5,0,6,RUE CAMILLE GODARD,44.85503,-0.5738,19,2,2
202100021711,162Â 831,A01,1,1,1,5,2,6,-1,0,0,-1,2021,42.0,2,1,15,0,1,1,1,,3,RD34,0,,2,2,0,2,26,615,3,, -1,1,0,3,80,31,8,1,88,88075,1,1,0,6,27 Route de Planois,48.000031,6.854112,17,1,1
202100002715,196Â 917,A01,1,1,1,1,1,0,-1,-1, -1,-1,2021,43.0,2,2,0,2,4,2,1,,1,A7-Sens Marseille vers Lyon,0,,-1,3,0,1,264,500,1,, -1,1,0,1,90,15,12,3,13,13071,1,1,0,2,A7-Sens Marseille vers Lyon,43.41873,5.27288,7,2,2
202100005136,192Â 597,B01,1,1,1,0,2,6,-1,0,0,-1,2021,37.0,1,1,0,2,1,17,1,,3,7,-1,,2,2,0,3,(1),(1),1,, -1,1,0,1,70,1,12,1,972,97202,1,1,0,2,Gallochat,14.519884,-61.074318,11,2,2
202100036119,137Â 120,B01,1,1,1,5,2,-1,-1,0,0,-1,2021,46.0,2,1,0,2,2,1,5,,3,540,-1,,-1,1,0,1,10,365,2,, -1,1,5,1,80,7,6,1,26,26031,1,6,0,3,Route de MontÃ©limar,44.555196,4.851526,10,2,2
202100050827,110Â 829,B01,1,1,1,0,1,-1,-1,0,0,-1,2021,41.0,2,2,0,2,0,1,1,,3,986,0,L,2,2,0,1,7,670,1,, -1,1,0,1,80,19,2,1,30,30179,1,3,0,3,D986l,43.870437,4.584225,14,2,2
202100020939,164Â 234,A01,2,2,2,1,2,6,-1,0,0,-1,2021,24.0,3,1,0,2,3,1,1,,3,5,-1,,2,2,0,2,(1),(1),3,, -1,1,3,1,90,26,8,1,24,24147,1,4,0,3,RD5,45.227136,0.952715,16,3,2
202100026040,155Â 135,B01,1,1,2,4,0,-1,-1,0,0,-1,2021,39.0,1,4,0,0,4,2,1,,3,1215,0,,3,4,0,1,37,340,1,, -1,1,0,1,-1,29,7,1,33,33248,1,1,0,2,,45.102032,-0.802732,13,2,2
202100025116,156Â 759,B01,2,2,2,4,1,-1,-1,-1, -1,-1,2021,33.0,1,2,0,2,6,1,1,,3,NEUFCHATEL (RUE DE) DU NÂ° 123 A FIN (IMP,0,,2,2,0,1,1,50,1,, -1,1,0,1,50,8,8,5,51,51454,2,2,0,3,Rue de Neufchatel,49.2762933184,4.0268715885,1,3,2
202100055945,101Â 883,A01,10,3,2,5,0,-1,-1,4,3,1,2021,34.0,2,2,0,1,1,15,1,,4,RUE POPINCOURT,0,,2,2,0,1,(1),(1),1,, -1,1,0,1,30,7,1,5,75,75111,2,2,0,6,RUE POPINCOURT,48.857931,2.376992,18,2,1
202100029553,148Â 966,A01,1,1,1,5,1,-1,-1,-1,0,-1,2021,22.0,1,2,4,0,1,1,1,,1,AUTOROUTE A15,0,,3,9,0,2,21,500,1,, -1,1,0,1,90,11,7,1,95,95572,1,1,0,6,A15,49.03217,2.11405,17,1,1
202100014189,176Â 332,B01,1,1,1,5,2,0,-1,-1, -1,-1,2021,52.0,3,1,0,2,8,0,1,,4,HORACE BERTIN (RUE),0,,1,1,0,1,(1),(1),1,, -1,1,0,1,50,9,10,1,13,13205,2,2,0,3,HORACE BERTIN (RUE),43.29613,5.39781,11,3,2
202100029131,149Â 681,A01,1,1,2,1,1,0,-1,-1, -1,-1,2021,24.0,3,5,0,0,0,1,1,,4,PROUDHON (AVENUE),0,,1,4,0,1,(1),(1),3,, -1,2,0,3,50,12,7,1,37,37261,2,1,1,7,PROUDHON (AVENUE),47.3954623495,0.6750020385,8,2,1
202100054163,104Â 931,A01,7,2,2,5,0,-1,-1,0,0,-1,2021,21.0,2,2,0,0,9,1,1,,3,902,-1,,2,2,0,1,117,720,2,, -1,5,2,8,30,23,1,3,73,73306,1,9,1,7,D902 lieu dit La Rivine ,45.136963,6.419776,2,7,1
202100025241,156Â 539,C01,1,1,2,5,1,0,-1,-1, -1,-1,2021,30.0,1,2,0,2,1,1,1,,1,A86 INT,0,,-1,2,0,1,49,99,1,, -1,1,0,1,90,6,8,1,94,94065,1,1,0,4,A86 INT,48.7539,2.3526,11,3,3
202100028505,150Â 762,A01,2,2,1,5,2,8,-1,-1, -1,-1,2021,25.0,2,1,0,2,8,15,1,,3,VERDUN (BD DE),0,,2,2,0,1,1,0,1,, -1,1,0,1,50,17,7,5,94,94033,2,1,0,3,Boulevard de Verdun,48.85348,2.46999,23,3,2
202100042111,126Â 358,A01,1,1,1,1,1,-1,-1,0,0,-1,2021,22.0,2,2,0,2,1,21,1,,1,89,0,A,3,4,3,4,528,400,1,, -1,2,9,6,130,30,4,2,69,69032,1,1,1,2,A89,45.864747,4.597081,7,2,2
202100050945,110Â 615,B01,1,1,1,1,1,0,-1,-1, -1,-1,2021,50.0,2,2,0,2,5,2,1,,3,GENERAL DE GAULLE (AV DU),0,,2,4,0,1,1,0,1,, -1,1,0,1,50,19,2,5,94,94017,2,5,0,4,GENERAL DE GAULLE (AV DU),48.82479,2.50015,19,4,3
202100025120,156Â 752,A01,1,1,1,4,2,8,-1,-1, -1,-1,2021,21.0,1,1,0,0,7,13,3,,4,RENNES (RUE DE),0,,3,2,3,1,(1),(1),1,, -1,1,0,1,50,7,8,1,35,35051,2,1,0,7,RENNES (RUE DE),48.1142,-1.62375,18,1,1
202100037184,135Â 219,B01,1,1,2,5,1,0,-1,-1, -1,-1,2021,79.0,1,2,0,2,1,15,1,,2,PORT DU NAVEIX (RUE DU),0,,3,5,0,1,14,0,1,, -1,1,5,1,50,30,5,1,87,87085,2,3,0,3,PORT DU NAVEIX (RUE DU),45.83322,1.27569,19,3,2
202100008857,185Â 907,B01,1,1,1,0,2,5,-1,-1, -1,-1,2021,32.0,3,1,0,2,1,1,1,,3,182,0,,3,2,0,1,0,0,1,, -1,1,0,1,70,8,11,5,92,92076,2,1,0,3,JARDY,48.82762,2.15149,18,2,2
202100018068,169Â 337,A01,2,2,1,5,1,-1,-1,0,0,-1,2021,27.0,1,2,16,0,1,1,1,,3,6,-1,,2,2,0,1,49,245,1,, -1,1,0,3,-1,15,9,3,33,33214,1,1,0,7,contournement du moutchic,45.007584,-1.132134,5,2,1
202100045998,119Â 536,A01,1,1,1,1,2,8,-1,-1, -1,-1,2021,24.0,2,1,0,2,1,1,1,,3,DOUMER (AVENUE PAUL) NORD,0,,3,4,0,1,0,0,1,, -1,1,5,1,50,29,3,1,92,92063,2,3,0,3,DOUMER (AVENUE PAUL) NORD,48.8830394042,2.1894711256,18,2,2
202100032492,143Â 689,A01,1,1,1,0,2,8,-1,-1, -1,-1,2021,26.0,1,1,0,2,1,18,1,,7,AV DES ETATS UNIS,0,,3,4,0,1,19,158,1,, -1,1,0,1,50,24,6,1,31,31555,2,1,0,3,AV DES ETATS UNIS,43.65731,1.42051,11,2,2
202100052306,108Â 219,A01,10,3,1,5,0,-1,-1,3,3,1,2021,84.0,2,2,0,1,1,1,1,,4,TOHANNIC(AVENUE DE),0,,1,1,0,1,(1),(1),1,, -1,2,0,1,30,5,2,4,56,56260,2,6,1,6,TOHANNIC (AVENUE DE),47.64683,-2.74354,7,2,1
202100007885,187Â 645,B01,1,1,2,1,0,-1,-1,0,0,-1,2021,33.0,2,1,0,2,7,0,5,,3,106,0,,2,2,1,1,1,200,1,, -1,1,0,1,50,27,10,1,68,68269,2,1,0,3,Route de GuÃ©mar,48.191854,7.336341,17,2,2
202100055661,102Â 360,A01,10,3,2,2,0,-1,-1,3,3,1,2021,11.0,1,2,0,1,3,1,0,,3,916,0,,2,2,0,1,0,0,1,, -1,2,0,1,50,8,1,1,59,59295,2,2,0,6,NOTRE DAME,50.7318477898,2.5439089537,11,2,1
202100013233,178Â 087,B01,1,1,1,5,8,0,-1,-1, -1,-1,2021,43.0,1,1,0,2,8,5,0,,4,SANGNIER (RUE MARC),0,,2,2,0,1,0,1,1,, -1,1,0,1,50,14,10,1,74,74008,2,1,0,3,SANGNIER (RUE MARC),46.1976564357,6.222547653,15,2,2
202100045634,120Â 167,A01,10,3,2,3,0,-1,-1,1,3,1,2021,82.0,2,1,0,1,2,5,5,,4,RUE OBERKAMPF,0,,1,1,0,2,(1),(1),1,, -1,1,0,1,50,1,4,1,75,75111,2,3,0,6,RUE OBERKAMPF,48.865928,2.378554,12,2,1
202100034953,139Â 228,B01,1,1,1,5,2,6,-1,-1, -1,-1,2021,66.0,3,1,0,2,4,2,1,,3,D.50,0,,2,2,0,1,15,305,1,, -1,1,0,1,50,11,6,1,77,77326,2,1,0,6,D50,48.58227,2.55428,15,5,3
202100018269,168Â 963,A01,10,3,2,0,0,-1,-1,6,1,1,2021,25.0,2,2,0,1,2,1,1,,3,83,-1,,3,4,0,1,1,480,1,, -1,1,0,2,110,19,9,3,66,66017,1,9,0,6,RD83,42.82996,3.035365,6,3,1
202100022095,162Â 129,A01,10,3,2,5,0,-1,-1,1,3,1,2021,71.0,0,2,0,1,2,0,3,,4,HAMBOURG (BOULEVARD),0,,2,-1,0,2,0,0,1,, -1,1,0,1,50,28,8,1,13,13208,2,1,0,3,HAMBOURG (BOULEVARD),43.2510770678,5.3880052222,15,2,1
202100018137,169Â 198,B01,1,1,1,0,2,-1,-1,-1, -1,-1,2021,18.0,2,1,0,2,1,2,3,,4,LECLERC (BOULEVARD DU GENERAL),0,,2,2,0,1,(1),(1),1,, -1,1,0,1,50,17,9,1,51,51454,2,1,0,3,Boulevard General Leclerc,49.2568355392,4.0251605158,19,2,2
202100008534,186Â 482,A01,1,1,1,9,1,-1,-1,0,0,-1,2021,30.0,2,2,0,2,8,10,1,,3,813,-1,,2,2,0,1,19,390,1,, -1,1,9,1,80,12,11,1,47,47069,1,1,1,3,488 Route d Agen,44.217858,0.590483,8,3,2
202100004497,193Â 728,A01,10,3,2,3,0,-1,-1,3,3,1,2021,71.0,1,2,0,1,1,1,1,,3,1508,-1,,3,2,0,1,48,600,1,, -1,1,0,1,50,30,9,1,74,74267,2,9,0,6,route d'albertville,45.8433531,6.151172,10,2,1
202100024153,158Â 486,B01,1,1,1,3,1,0,-1,-1, -1,-1,2021,65.0,1,2,0,2,3,15,1,,4,ROGER SALENGRO (R),0,,2,2,0,2,0,0,2,, -1,1,0,1,30,14,8,1,94,94033,2,3,0,3,ROGER SALENGRO (R),48.8483990616,2.4876254797,18,2,2
202100000365,201Â 055,B01,1,1,1,5,2,4,-1,-1, -1,-1,2021,35.0,3,1,0,2,1,2,5,,7,JEAN MONNET (RUE ),0,,2,2,0,1,1,233,1,, -1,1,8,1,50,25,1,1,13,13054,2,2,0,3,JEAN MONNET (RUE ),43.4029,5.21648,10,2,2
202100043755,123Â 474,A01,10,3,2,3,0,-1,-1,9,9,1,2021,68.0,0,5,0,1,2,15,1,,6,BALE (RUE DE),0,,-1,-1,0,1,(1),(1),1,, -1,5,6,8,20,11,1,1,68,68224,2,9,0,6,BALE (RUE DE),47.7485363475,7.3504704237,8,2,1
202100030024,148Â 122,A01,1,1,1,9,8,0,-1,0,0,-1,2021,31.0,1,1,0,2,3,1,5,,4,AVENUE DE MARIGNY,0,,2,2,0,1,(1),(1),1,, -1,1,0,1,50,8,7,1,75,75108,2,2,0,3,AVENUE DE MARIGNY,48.869032,2.31476,15,2,2
202100008758,186Â 083,A01,10,3,2,5,0,-1,-1,4,3,1,2021,82.0,1,1,0,1,5,1,5,,4,BOULEVARD DIDEROT,0,,2,2,1,1,(1),(1),1,, -1,1,-1,5,50,9,11,1,75,75112,2,2,0,6,BOULEVARD DIDEROT,48.847345,2.386735,16,2,1
202100050575,111Â 284,A01,10,3,2,0,0,-1,-1,6,3,1,2021,62.0,3,2,0,1,2,16,1,,4,COLBERT,0,,2,2,0,1,0,0,1,, -1,1,0,1,30,19,2,1,58,58194,2,3,0,6,COLBERT,46.99303,3.16024,15,2,1
202100017337,170Â 663,D01,1,1,1,5,2,-1,-1,0,0,-1,2021,66.0,1,1,0,0,0,1,5,,3,922,0,D,2,2,0,1,24,600,1,, -1,1,0,1,70,26,9,1,60,60446,1,1,0,7,D922,49.137193,2.777696,10,4,4
202100050151,112Â 079,A01,1,1,1,5,1,0,-1,-1, -1,-1,2021,21.0,2,2,0,2,3,2,1,,1,AUTOROUTE (A1),0,,3,7,0,1,0,100,1,, -1,1,0,1,90,23,2,1,972,97209,1,1,0,5,AUTOROUTE (A1),14.61479,-61.04816,16,4,4
202100046233,119Â 132,A01,4,2,2,0,1,0,-1,-1, -1,-1,2021,7.0,0,2,0,2,5,15,1,,7,BD FERDINAND DE LESSEPS,0,,-1,6,0,1,0,600,1,, -1,1,0,1,50,28,3,1,13,13203,2,2,0,3,FÃLIX PYAT (RUE),43.320789,5.374729,13,3,2
202100033410,142Â 048,A01,10,3,2,9,0,-1,-1,4,3,1,2021,66.0,3,0,0,1,1,1,3,,4,CLEMENCEAU GEORGES (DE 16 ET 37 A FIN),0,,2,2,0,1,(1),(1),1,, -1,1,5,1,30,19,6,1,29,29019,2,3,0,6,Avenue Georges Clemenceau,48.390645,-4.487046,19,2,1
202100050587,111Â 263,A01,1,1,2,0,1,8,-1,-1, -1,-1,2021,35.0,3,2,0,2,7,15,1,,7,BODIN (AVENUE EMILE),0,,2,2,0,1,0,0,1,, -1,1,0,1,50,20,2,1,13,13028,2,4,0,3,BODIN (AVENUE EMILE),43.19737,5.58847,13,2,2
202100018325,168Â 870,A01,1,1,1,4,8,0,-1,-1, -1,-1,2021,36.0,1,1,8,2,3,1,5,,4,,0,,2,2,0,1,0,0,1,, -1,1,0,1,50,16,9,1,67,67482,2,1,0,3,ALTKIRCH (RUE D ),48.559942,7.767654,11,2,2
202100029168,149Â 611,A01,1,1,1,1,2,6,-1,-1, -1,-1,2021,36.0,2,1,0,0,0,26,1,,3,VERSAILLES (AV DE),0,,1,6,0,2,127,0,1,, -1,2,0,1,50,13,7,1,94,94073,2,1,1,7,Avenue de Versailles,48.75866,2.39474,13,1,1
202100031042,146Â 254,B01,1,1,1,0,1,0,-1,0,0,-1,2021,34.0,1,2,0,2,7,19,1,,7,CLEMENTEL (BD ETIENNE),0,,3,7,0,1,(1),(1),1,, -1,1,0,1,50,29,6,1,63,63113,2,2,0,3,CLEMENTEL (BD ETIENNE),45.80006,3.11232,20,2,2
202100003842,194Â 886,A01,1,1,1,5,2,6,-1,0,0,-1,2021,50.0,1,1,0,2,8,16,1,,4,BOULEVARD DE SEBASTOPOL,0,,1,3,0,1,(1),(1),1,, -1,1,0,1,30,8,12,5,75,75103,2,3,0,3,BOULEVARD DE SEBASTOPOL,48.868186,2.353621,23,2,2
202100019706,166Â 420,B01,1,1,1,0,2,8,-1,-1, -1,-1,2021,17.0,3,1,0,2,3,19,1,,4,BROSSOLETTE PIERRE (AV),0,,2,3,0,1,0,0,1,, -1,2,0,1,50,10,9,1,13,13001,2,2,1,3,BROSSOLETTE PIERRE (AV),43.5192495257,5.4427279565,13,2,2
202100035502,138Â 253,A01,1,1,1,5,1,0,-1,-1, -1,-1,2021,23.0,2,2,0,2,7,9,1,,3,FREREJEAN(AV G.ET L.),0,,2,2,0,1,4,625,1,, -1,1,0,1,50,9,6,1,38,38318,2,6,0,3,Av Georges et Louis Frerejean,45.52439,4.921998,17,2,2
202100024558,157Â 763,A01,1,1,1,4,2,0,-1,-1, -1,-1,2021,31.0,2,1,0,2,1,1,1,,3,GENERAL GALLIENI (RUE DU),0,,2,2,0,2,1,0,1,, -1,1,0,1,50,11,8,1,94,94079,2,1,0,2,Rue du GÃ©nÃ©ral GalliÃ©ni,48.8263,2.540323,13,2,2
202100002760,196Â 835,A01,2,2,1,5,1,0,-1,-1, -1,-1,2021,34.0,0,2,9,0,9,1,1,,4,DUGUESCLIN (RUE BERTRAND),0,,2,2,0,1,(1),(1),1,, -1,1,5,1,50,15,12,4,41,41018,2,3,0,6,DUGUESCLIN (RUE BERTRAND),47.59909,1.30338,3,2,1
202100041735,127Â 011,A01,1,1,1,0,1,-1,-1,0,0,-1,2021,47.0,2,2,13,0,2,0,1,,3,9,-1,,2,2,0,4,24,220,1,, -1,1,0,3,80,3,5,1,10,10130,1,1,0,7,9,48.614305,4.23237,17,1,1
202100001987,198Â 247,A01,1,1,1,0,2,6,-1,-1, -1,-1,2021,52.0,2,1,0,2,3,1,1,,2,2,0,,2,2,0,1,0,0,1,, -1,1,0,1,50,20,12,1,976,97611,2,1,0,3,mgombani-Mahabou (rond point),-12.77973,45.23277,15,2,2
202100047653,116Â 575,B01,1,1,1,1,2,8,-1,0,0,-1,2021,48.0,2,1,0,2,5,1,5,,4,RUE DE CHARONNE,0,,2,2,0,2,(1),(1),1,, -1,2,0,1,50,17,3,1,75,75111,2,1,1,3,RUE DE CHARONNE,48.85619,2.393264,16,2,2
202100002195,197Â 870,A01,1,1,1,5,1,-1,-1,0,0,-1,2021,80.0,2,2,0,2,1,13,1,,3,221,-1,D,2,2,0,2,1,640,1,, -1,1,0,1,80,20,12,3,53,53185,1,1,0,3,Le Pre du Berry (Saint-Samson),48.473078,-0.195222,18,2,2
202100044846,121Â 556,A01,10,3,2,1,0,-1,-1,2,3,1,2021,32.0,3,1,0,1,1,17,1,,4,AV DU GENERAL MALLERET JOINVILLE ,0,,2,2,0,1,1,0,1,, -1,1,0,1,50,6,4,3,94,94002,2,3,0,6,Avenue du General Malleret-Joinville,48.80272,2.4253,21,2,1
202100023468,159Â 675,B01,10,3,1,9,0,-1,-1,2,3,1,2021,34.0,2,1,0,1,0,17,0,,3,992,0,,1,2,0,1,0,0,1,, -1,1,0,1,50,19,8,1,92,92025,2,1,0,6,CHARLES DE GAULLE (BD),48.9161314158,2.2269045647,17,3,2
202100050194,111Â 996,A01,1,1,2,5,1,5,-1,0,0,-1,2021,25.0,0,2,8,0,1,13,1,,4,QUATORZE JUILLET (BOULEVARD),0,,-1,4,0,1,(1),(1),1,, -1,1,0,1,50,24,2,1,27,27229,2,1,0,1,QUATORZE JUILLET (BOULEVARD),49.01198,1.16842,11,1,1
202100012504,179Â 358,B01,1,1,1,0,2,6,-1,-1, -1,-1,2021,71.0,2,1,0,2,6,2,1,,4,63A,0,,1,2,0,1,0,0,3,, -1,1,8,1,30,18,10,1,92,92049,2,1,0,2,JAURES AVENUE JEAN NÂ°53 A FIN,48.816532,2.312746,12,2,2
202100003494,195Â 506,A01,2,2,1,5,8,-1,-1,0,0,-1,2021,22.0,2,2,2,0,1,14,1,,3,13,0,D,2,2,0,1,10,536,1,, -1,9,9,8,90,12,12,3,34,34289,1,1,0,6,D13,43.396025,3.412167,3,3,1
202100029619,148Â 842,A01,1,1,1,9,2,0,-1,0,0,-1,2021,27.0,2,1,0,0,1,1,3,,4,AVENUE ALBERT BARTHOLOME,0,,2,2,0,1,(1),(1),1,, -1,1,0,1,50,10,7,5,75,75115,2,3,0,7,AVENUE ALBERT BARTHOLOME,48.827726,2.300127,3,1,1
202100027522,152Â 529,B01,1,1,1,5,2,0,-1,-1, -1,-1,2021,52.0,1,1,0,2,1,1,1,,4,PANCHOT (AVENUE JULIEN),0,,2,2,0,1,0,0,1,, -1,1,0,1,50,21,7,1,66,66136,2,1,0,3,PANCHOT (AVENUE JULIEN),42.6919,2.88363,18,2,2
202100016099,172Â 863,A01,10,3,1,5,8,8,-1,3,3,1,2021,84.0,2,2,0,1,3,1,1,,4,TREMOLIERE (AVE),0,,2,1,0,1,0,0,1,, -1,1,0,1,50,29,9,1,83,83144,2,1,0,6,TREMOLIERE (AVE),43.1366642739,5.981228071,9,3,1
202100000646,200Â 556,A01,1,1,1,5,1,0,-1,-1, -1,-1,2021,20.0,1,2,3,0,1,1,1,,1,AUTOROUTE A21,0,,-1,2,0,1,34,0,2,, -1,2,0,1,110,31,12,3,59,59178,1,1,0,6,AUTOROUTE A21,50.3912420554,3.1242686143,0,1,1
202100026032,155Â 150,A01,1,1,1,0,1,-1,-1,0,0,-1,2021,74.0,0,2,0,2,1,13,1,,3,834,-1,D,2,2,0,1,35,300,1,, -1,1,0,5,80,2,8,1,40,40246,1,1,0,1,D834,44.14128,-0.724676,15,3,2
202100037415,134Â 787,A01,3,2,1,0,1,0,-1,-1, -1,-1,2021,13.0,1,2,0,2,7,26,0,,4,,0,,2,0,0,1,0,100,1,, -1,1,5,1,50,29,5,1,91,91657,2,2,0,3,AV PAUL VAILLANT COUTURIER,48.69659,2.43597,20,4,2
202100014737,175Â 367,A01,1,1,1,0,2,0,-1,-1, -1,-1,2021,28.0,2,1,0,2,1,3,1,,1,A13W,0,,-1,3,0,1,12,100,1,, -1,1,0,1,110,7,10,1,78,78524,1,1,0,3,A13W,48.841212,2.105106,8,2,2
202100033228,142Â 370,A01,10,3,1,5,0,-1,-1,5,3,1,2021,7.0,2,2,0,1,1,1,2,,4,LOMBARD (AVENUE),0,,2,2,0,1,0,0,1,, -1,1,0,1,30,20,6,1,92,92032,2,1,0,6,LOMBARD (AVENUE),48.7870417439,2.293408066,16,2,1
202100034755,139Â 587,A01,1,1,1,5,2,6,-1,-1, -1,-1,2021,23.0,2,1,0,0,0,1,1,,2,RN 87,0,,1,2,0,2,11,125,3,, -1,1,3,1,90,11,6,3,38,38229,1,1,0,7,A41,45.20544,5.78691,23,1,1
202100037557,134Â 533,A01,1,1,1,5,0,0,-1,0,0,-1,2021,26.0,1,1,1,0,3,13,1,,4,RUE GABRIEL BUSIAU,0,,2,2,0,1,0,0,1,, -1,2,0,1,50,30,5,5,988,98818,2,3,1,6,RUE GABRIEL BUSIAU/RUE MARCEL KOLLEN,-22.2954,166.44269,5,2,1
202100054101,105Â 041,B01,1,1,1,5,2,6,-1,0,0,-1,2021,32.0,2,1,0,2,1,1,1,,4,RUE DE ROME,0,,2,4,3,2,(1),(1),1,, -1,1,0,1,50,22,1,2,75,75108,2,2,0,3,RUE DE ROME,48.87803,2.322646,17,2,2
202100043709,123Â 561,A01,1,1,1,5,1,5,-1,0,0,-1,2021,25.0,2,2,2,0,8,14,1,,3,677,-1,,2,2,0,1,1,600,1,, -1,1,9,3,50,18,4,2,67,67160,2,1,0,6,103 Route de Woerth,48.9491417607,7.7644872279,6,1,1
202100031565,145Â 333,A01,10,3,2,1,0,-1,-1,3,3,1,2021,51.0,1,2,0,1,1,1,1,,4,CONTI (RUE ANITA),0,,2,2,2,1,(1),(1),1,, -1,2,0,1,50,22,6,1,35,35288,2,1,1,6,CONTI (RUE ANITA),48.647944,-2.004122,17,2,1
202100028280,151Â 146,B01,1,1,2,5,1,0,-1,-1, -1,-1,2021,32.0,1,2,0,2,6,2,1,,7,KENNEDY (AVENUE J.)NÂ°PAIRS 2A2560,0,,2,2,0,2,2,515,1,, -1,1,0,1,50,16,7,1,83,83129,2,1,1,3,KENNEDY (AVENUE J.)NÂ°PAIRS 2A2560,43.1077455676,5.8333218098,13,2,2
202100027594,152Â 401,A01,10,3,1,0,0,-1,-1,1,1,1,2021,24.0,2,1,0,1,1,1,1,,3,12,0,,2,2,0,1,0,0,1,, -1,1,0,1,50,22,7,1,92,92026,2,1,0,6,GAULTIER,48.8995,2.24528,12,2,1
202100002123,198Â 002,B01,2,2,2,3,1,-1,-1,-1, -1,-1,2021,62.0,1,2,0,2,2,1,1,,4,,0,,2,2,0,1,(1),(1),1,, -1,2,0,1,50,18,12,1,69,69384,2,2,0,3,JACQUES-LOUIS HENON (R),45.77958,4.82677,11,3,2
202100021574,163Â 072,A01,10,3,2,3,0,-1,-1,1,9,1,2021,82.0,3,2,1,0,2,20,1,,6,BENODET ROUTE DE,0,,-1,-1,0,1,(1),(1),1,, -1,1,9,1,30,31,8,1,29,29232,1,9,0,6,Route de Benodet,47.97477,-4.0935,11,2,1
202100040198,129Â 747,A01,9,2,2,2,1,0,-1,0,0,-1,2021,17.0,0,3,0,2,2,1,1,2.0,4,ARTOIS (RUE D'),0,,2,2,0,2,(1),(1),1,, -1,2,0,1,50,12,5,1,27,27229,2,3,1,1,ARTOIS (RUE D'),49.03301,1.1389,16,3,2
202100041973,126Â 593,A01,1,1,1,5,0,-1,-1,0,0,-1,2021,39.0,1,1,8,0,1,26,1,,2,91,0,R,2,2,1,1,15,0,3,, -1,1,0,8,60,1,5,3,987,98729,1,1,0,1,Maatea,-17.585227,-149.810846,0,1,1