Num_Acc,id_vehicule,num_veh,place,catu,sexe,trajet,secu1,secu2,secu3,locp,actp,etatp,year_acc,victim_age,senc,catv,obs,obsm,choc,manv,motor,occutc,catr,voie,v1,v2,circ,nbv,vosp,prof,pr,pr1,plan,lartpc,larrout,surf,infra,situ,vma,jour,mois,lum,dep,com,agg_,int,atm,col,adr,lat,long,hour,nb_victim,nb_vehicules
202100047946,116Â 035,A01,1,1,1,0,2,0,-1,-1, -1,-1,2021,57.0,3,1,0,2,1,3,1,,4,FLEMING AVENUE DU ALEXANDER,0,,2,2,0,1,(1),(1),1,, -1,1,0,1,50,12,3,1,13,13056,2,1,0,3,FLEMING AVENUE DU ALEXANDER,43.41969,5.05844,11,2,2
202100021302,163Â 577,B01,1,1,1,1,0,0,-1,-1, -1,-1,2021,26.0,2,1,0,2,0,0,3,,3,CHOISY(ROUTE DE),0,,1,1,0,1,1,0,1,, -1,1,0,1,70,2,9,1,94,94028,1,1,0,3,Route de Choisy,48.77667,2.44095,19,2,2
202100031522,145Â 417,C01,1,1,2,5,2,-1,-1,0,0,-1,2021,46.0,1,1,0,2,1,1,5,,3,2,-1,D,2,2,0,1,27,590,1,, -1,1,0,1,30,1,7,1,33,33268,2,3,0,5,,45.028608,-0.654214,18,3,3
202100017657,170Â 058,B01,2,2,2,1,1,0,-1,-1, -1,-1,2021,44.0,3,2,0,2,8,1,1,,4,GARRIC (RUE ROBERT),0,,2,2,0,2,(1),(1),1,, -1,2,0,1,50,20,9,1,15,15014,2,9,1,3,Rue Robert Garric,44.916053,2.437776,13,3,2
202100056192,101Â 449,A01,10,3,1,2,0,-1,-1,3,3,1,2021,14.0,2,2,0,1,1,1,1,,3,ANATOLE FRANCE  (BLD) IMPAIR,0,,2,2,0,1,0,1,1,, -1,2,0,1,50,5,1,1,93,93001,2,2,1,6,ANATOLE FRANCE  (BLD) IMPAIR,48.9163180592,2.3815694881,12,2,1
202100031064,146Â 215,A01,10,3,1,2,0,-1,-1,2,3,1,2021,9.0,1,2,0,1,2,17,1,,4,PONT BERNON (AVENUE),0,,2,2,0,1,(1),(1),1,, -1,1,0,1,30,17,6,1,54,54528,2,9,0,6,PONT BERNON (AVENUE),48.69019,5.8933,8,2,1
202100001342,199Â 360,A01,1,1,1,0,1,0,-1,-1, -1,-1,2021,30.0,1,2,0,2,1,0,1,,1,A55-Sens Marseille vers Martigues,0,,1,2,0,1,3,500,1,, -1,2,0,1,90,25,12,3,13,13215,1,1,0,2,A55-Sens Marseille vers Martigues,43.324964,5.361889,19,2,2
202100050246,111Â 903,B01,1,1,1,5,2,6,9,0,0,-1,2021,34.0,1,1,0,0,4,2,1,,2,123,-1,,3,4,0,1,11,500,1,, -1,1,0,1,110,24,2,1,28,28006,1,6,0,2,N123,48.436248,1.431098,15,4,2
202100000598,200Â 633,B01,1,1,1,2,2,8,-1,-1, -1,-1,2021,15.0,1,1,0,2,1,1,1,,4,FAIDHERBE (BOULEVARD DU GENERAL),0,,2,2,0,1,0,0,1,, -1,2,0,1,50,3,12,5,49,49099,2,6,1,3,FAIDHERBE (BOULEVARD DU GENERAL),47.06536,-0.87052,6,2,2
202100048511,115Â 048,B01,1,1,1,3,2,6,-1,-1,0,-1,2021,51.0,3,1,0,2,3,1,1,,4,COUTURIER PAUL VAILLANT (AVENUE),0,,-1,2,0,2,(1),(1),1,, -1,1,0,1,50,10,3,1,95,95019,2,1,0,4,COUTURIER PAUL VAILLANT (AVENUE),48.9830804648,2.420193404,12,3,3
202100034625,139Â 822,B01,1,1,1,0,1,0,-1,-1, -1,-1,2021,39.0,0,1,0,0,8,0,3,,3,BREMENT (RUE DE) 1 A 83 - 2 A 78,0,,3,2,0,1,0,1,1,, -1,1,5,1,50,13,6,1,93,93053,2,6,0,3,Rue de BrÃ©ment / Rue Jules Auffret,48.88821,2.45648,20,2,2
202100045488,120Â 429,A01,1,1,1,5,2,6,-1,0,0,-1,2021,24.0,1,1,13,0,1,26,1,,3,578,0,D,2,2,0,1,0,150,2,, -1,1,0,3,80,29,3,1,7,7049,1,1,0,7,Pont des deux eaux / croisement D578-D281,44.838807,4.33121,15,1,1
202100043533,123Â 848,B01,1,1,1,0,2,6,-1,-1, -1,-1,2021,50.0,1,1,0,2,8,1,1,,4,CREUZET                             (R ),0,,1,1,0,1,(1),(1),1,, -1,1,0,1,50,18,4,1,69,69387,2,2,0,3,CREUZET (R),45.7508937678,4.8467074239,16,2,2
202100043216,124Â 411,A01,1,1,2,0,8,6,-1,-1, -1,-1,2021,54.0,1,1,0,2,3,1,1,,3,VIC. HUGO(RUE)001A067 ET002A078,0,,3,3,3,1,0,0,1,, -1,1,0,1,50,21,4,1,92,92044,2,1,0,3,VIC. HUGO(RUE)001A067 ET002A078,48.8944900216,2.298194468,17,2,2
202100049296,113Â 644,A01,1,1,1,5,2,6,-1,-1, -1,-1,2021,35.0,1,1,14,0,1,1,1,,3,,0,,2,2,0,1,0,0,1,, -1,1,0,1,50,3,3,5,92,92046,2,1,0,6,RAYMOND DAVID,48.8163126001,2.2952494237,19,1,1
202100046685,118Â 328,B01,1,1,1,5,2,-1,-1,0,0,-1,2021,51.0,2,1,0,2,1,1,1,,3,3,-1,,2,2,0,1,10,0,3,, -1,1,0,1,80,26,3,1,11,11257,1,1,0,3,D3,43.151113,2.474724,10,2,2
202100012307,179Â 735,B01,1,1,1,1,0,-1,-1,0,0,-1,2021,35.0,2,1,0,2,4,1,5,,4,,0,,2,1,0,1,(1),(1),2,,"3,5",2,5,1,50,18,10,1,29,29061,2,6,1,2,Boulevard Gabriel Lippmann,48.42596,-4.457416,13,2,2
202100022465,161Â 479,A01,1,1,1,5,2,0,-1,-1, -1,-1,2021,14.0,2,1,0,2,8,15,6,,3,GRAVIERS (AVENUE DES),0,,2,2,0,1,0,0,1,, -1,1,0,1,50,25,8,2,3,3001,2,1,0,3,GRAVIERS (AVENUE DES),46.10916,3.44001,20,2,2
202100048622,114Â 853,B01,1,1,2,1,2,-1,-1,0,0,-1,2021,47.0,1,1,0,2,4,14,5,,3,103,-1,,1,2,0,1,4,74,1,, -1,1,0,1,80,8,3,1,6,6152,1,1,0,2,Route du Parc,43.613335,7.044956,13,2,2
202100018363,168Â 804,A01,1,1,1,2,8,-1,-1,-1, -1,-1,2021,19.0,1,1,0,2,1,2,1,,4,PONT Jacques CHABAN DELMAS,0,,3,4,0,4,(1),(1),1,, -1,1,2,1,50,17,9,1,33,33063,2,1,0,2,Pont Jacques Chaban Delmas,44.85906,-0.55247,8,2,2
202100040500,129Â 213,B01,1,1,2,5,1,0,-1,0,0,-1,2021,70.0,1,2,0,2,8,1,1,,4,PORTE D ASNIERES,0,,1,4,0,1,18,600,1,, -1,1,0,1,70,10,5,1,75,75117,2,1,0,3,PORTE D ASNIERES,48.89261,2.302462,14,2,2
202100025543,156Â 016,A01,1,1,1,4,1,-1,-1,0,0,-1,2021,62.0,1,4,2,0,1,1,1,,1,641,-1,A,2,2,0,1,1,200,2,, -1,1,0,1,80,4,8,1,40,40206,1,1,0,7,A 641 - sens A64 Peyrehorade,43.522695,-1.101036,13,1,1
202100015550,173Â 887,B01,1,1,2,5,1,8,-1,-1, -1,-1,2021,34.0,1,2,6,9,4,1,1,,4,BRIEY (RUE DE ),0,,2,2,1,1,0,0,1,, -1,1,0,1,50,30,9,5,57,57751,2,1,0,2,BRIEY (RUE DE ),49.1528804,6.1384687,19,2,2
202100036518,136Â 433,A01,1,1,1,5,8,-1,-1,0,0,-1,2021,34.0,1,5,6,0,8,1,1,,3,973,0,D,2,2,0,2,8,500,3,, -1,2,0,3,70,4,6,1,3,3120,1,9,0,6,L'Haut Brenot,46.632262,3.65577,16,1,1
202100052833,107Â 286,A01,1,1,2,1,2,-1,-1,0,0,-1,2021,17.0,2,1,0,2,8,1,1,,4,,-1,,2,2,0,1,(1),(1),1,, -1,1,0,1,50,1,2,1,6,6085,2,1,0,3,1999 Avenue Marechal Juin,43.583585,6.997814,7,2,2
202100021741,162Â 770,B01,1,1,1,0,8,0,-1,-1, -1,-1,2021,61.0,2,2,0,2,5,1,1,,1,86,0,,-1,3,0,1,0,100,1,, -1,1,0,1,90,31,8,1,92,92050,1,1,0,6,A86,48.902257,2.203464,9,2,2
202100026198,154Â 867,A01,9,2,1,5,8,-1,-1,0,0,-1,2021,19.0,1,2,13,0,2,14,1,,3,11,-1,,2,2,0,2,11,50,1,,"5,5",9,0,3,50,1,8,2,3,3122,1,1,0,7,les placourauds,46.504241,3.027248,5,3,1
202100029906,148Â 346,A01,1,1,1,5,2,6,-1,0,0,-1,2021,25.0,1,1,7,0,1,13,1,,3,,-1,,2,2,0,1,1,407,3,, -1,1,0,3,50,10,7,1,83,83071,2,1,0,6,Chemin du Pansard,43.123101,6.234612,12,1,1
202100013540,177Â 523,B01,1,1,1,5,1,0,-1,0,0,-1,2021,58.0,3,2,0,2,4,1,1,,4,EVREUX (PLACE D'),0,,1,1,0,1,(1),(1),2,, -1,1,0,1,50,9,10,1,27,27681,2,6,0,2,EVREUX (PLACE D'),49.09195,1.48223,11,3,2
202100047825,116Â 267,B01,1,1,1,4,2,6,-1,0,0,-1,2021,57.0,1,1,0,2,1,1,1,,4,PORTE DE CLIGNANCOURT,0,,1,4,0,1,21,800,1,, -1,2,0,1,70,15,3,1,75,75118,2,1,0,3,PORTE DE CLIGNANCOURT,48.900646,2.331722,12,2,2
202100023447,159Â 712,B01,1,1,2,1,2,6,0,0,0,-1,2021,35.0,1,1,0,2,1,0,0,,3,LIBERTE AV.DE LA,0,,2,2,0,1,16,256,1,, -1,1,0,1,50,19,8,1,6,6155,2,3,0,3,LIBERTE AV.DE LA,43.5722,7.0843,19,2,2
202100054592,104Â 199,B01,1,1,1,1,8,0,-1,-1, -1,-1,2021,42.0,3,1,1,0,1,1,0,,4,CHARITE(RUE DE LA),0,,1,1,0,2,(1),(1),1,, -1,2,0,1,50,15,1,5,38,38544,2,1,1,2,Rue de la CharitÃ©,45.52539,4.87704,8,2,2
202100005189,192Â 502,A01,1,1,1,5,1,-1,-1,-1, -1,-1,2021,20.0,2,2,2,0,1,0,1,,1,A46N   19.955 A 25.180,0,,1,2,0,1,22,100,3,, -1,2,0,3,110,14,11,5,69,69286,1,1,1,7,A46N   19.955 A 25.180,45.83416,4.91773,6,1,1
202100019961,165Â 954,A01,1,1,1,5,2,6,-1,0,0,-1,2021,41.0,1,1,0,2,7,15,1,,3,323,0,D,2,2,0,3,3,800,1,, -1,1,0,1,90,10,9,2,72,72359,1,1,0,3,Lieu Dit la Mahoulerie,48.122544,0.402848,18,2,2
202100029179,149Â 594,A01,1,1,2,9,8,0,-1,-1, -1,-1,2021,50.0,1,1,0,2,3,15,0,,3,6A,0,,1,2,0,2,0,0,2,, -1,2,0,1,50,13,7,1,92,92026,2,1,1,3,Rue du GÃ©nÃ©ral Audran,48.8903452139,2.2535356879,13,2,2
202100034479,140Â 094,A01,1,1,1,5,2,-1,-1,0,0,-1,2021,58.0,1,6,13,0,0,1,1,,4,,-1,,2,1,0,1,(1),(1),1,,3,9,0,1,70,12,6,1,61,61018,1,1,0,7,Herbage du Bourgel,48.931405,0.320182,18,1,1
202100048738,114Â 643,A01,1,1,1,5,1,-1,-1,0,0,-1,2021,74.0,1,2,2,0,1,1,1,,3,RD160,0,D,2,2,0,1,6,500,1,, -1,1,0,3,80,10,3,1,53,53144,1,1,0,6,LA FOUCAURAIS,48.317158,-0.494449,10,1,1
202100046428,118Â 789,A01,1,1,1,5,2,-1,-1,0,0,-1,2021,60.0,1,1,0,0,1,1,1,,3,161,-1,D,2,2,0,2,4,880,2,, -1,1,0,3,80,28,3,1,71,71284,1,1,0,7,Route de Cruzille,46.5218370113,4.8014551188,14,1,1
202100013932,176Â 797,A01,10,3,1,5,0,-1,-1,2,9,1,2021,70.0,1,2,0,1,1,16,1,,3,813,0,,2,2,0,1,21,840,1,, -1,1,0,4,50,8,10,2,47,47069,2,4,0,6,D813,44.221999,0.560067,18,2,1
202100012768,178Â 899,A01,1,1,1,5,1,-1,-1,0,0,-1,2021,26.0,0,2,0,0,2,1,1,,3,54,-1,C,2,2,0,2,(1),(1),1,, -1,2,0,1,80,17,10,5,38,38348,2,1,1,7,Impasse des Moulins,45.578428,5.305928,5,1,1
202100045010,121Â 274,A01,1,1,1,1,1,4,-1,-1, -1,-1,2021,25.0,2,5,0,2,1,2,1,,1,13,0,,3,6,0,1,6,349,1,, -1,1,0,1,90,6,4,2,92,92047,1,1,0,2,A13,48.8356238797,2.1802820185,7,2,2
202100048433,115Â 186,A01,10,3,2,3,0,-1,-1,3,3,1,2021,72.0,1,2,0,1,2,1,1,,4,RUE POUCHET,0,,2,2,0,1,(1),(1),1,, -1,2,0,1,50,11,3,1,75,75117,2,1,1,6,RUE POUCHET,48.892609,2.31935,16,2,1
202100027011,153Â 436,B01,1,1,2,3,1,-1,-1,0,0,-1,2021,45.0,2,2,0,0,4,2,1,,1,26,-1,,3,2,0,1,360,0,1,, -1,1,0,1,130,26,7,1,10,10380,1,1,0,2,Autoroute A26,48.523341,4.178967,15,3,2
202100040405,129Â 388,A01,1,1,1,4,8,-1,-1,0,0,-1,2021,57.0,1,4,13,0,1,13,1,,3,802,-1,,2,2,0,1,12,100,3,, -1,2,0,3,80,11,5,1,46,46090,1,1,1,6,"Axe dÃ©partemental 802, Point Route 12+100",44.677412,1.719403,8,1,1
202100022480,161Â 450,A01,1,1,1,9,2,0,-1,-1, -1,-1,2021,27.0,1,1,0,2,4,2,3,,4,WILSON (AVENUE DU PRESIDENT),0,,3,6,3,1,0,1,1,, -1,1,0,1,50,26,8,1,93,93066,2,1,0,2,Avenue du PrÃ©sident Wilson,48.92823,2.35673,19,2,2
202100013615,177Â 380,A01,2,2,1,0,1,-1,-1,-1, -1,-1,2021,25.0,2,2,0,2,1,2,1,,4,LUCIEN BUISSON                      (AV),0,,2,2,0,1,(1),(1),1,, -1,2,0,1,50,4,10,5,69,69282,2,1,1,4,LUCIEN BUISSON (AV),45.76513,4.996558,19,5,3
202100035482,138Â 289,A01,1,1,2,0,2,0,-1,-1, -1,-1,2021,16.0,2,1,0,2,1,1,1,,3,CHANTACO (AVENUE DE ),0,,2,3,0,1,1,0,1,, -1,1,0,1,50,9,6,1,64,64483,2,1,0,2,CHANTACO (AVENUE DE ),43.38731,-1.6533,12,3,2
202100005853,191Â 325,A01,1,1,2,1,1,-1,-1,-1,0,-1,2021,27.0,1,2,4,0,1,1,1,,1,AUTOROUTE A115,0,,3,4,0,1,0,100,3,, -1,1,0,1,70,28,11,2,95,95582,1,1,0,6, A115,48.97728,2.24103,8,1,1
202100014881,175Â 115,A01,1,1,2,5,1,-1,-1,0,0,-1,2021,28.0,2,2,0,2,3,13,1,,3,929,0,D,2,2,0,1,41,700,1,, -1,1,0,1,90,6,10,1,65,65218,1,1,0,1,Rebouc,42.993909,0.374463,16,2,2
202100012324,179Â 705,A01,1,1,1,4,1,-1,-1,0,0,-1,2021,37.0,3,5,0,0,0,1,1,,3,43,-1,,2,2,0,1,4,10,1,, -1,1,0,8,80,1,9,1,38,38005,1,1,0,6,Route du Villaret,45.14808,6.044508,13,1,1
202100041598,127Â 248,A01,1,1,1,0,2,6,-1,0,0,-1,2021,35.0,2,1,0,0,0,0,0,,3,97,-1,,2,2,0,1,17,0,1,, -1,1,0,3,80,3,5,1,72,72067,1,1,0,7,La Petite Garlandiere,48.102287,0.443187,18,1,1
202100026326,154Â 635,A01,1,1,1,0,2,8,-1,0,0,-1,2021,21.0,3,1,0,2,1,17,1,,7,PRINCESSE GRACE DE MONACO (AVENUE),0,,2,2,0,1,(1),(1),1,, -1,1,0,1,50,30,7,1,6,6159,2,9,0,3,PRINCESSE GRACE DE MONACO (AVENUE),43.695537,7.305057,12,2,2
202100050103,112Â 180,B01,1,1,2,1,1,-1,-1,0,0,-1,2021,41.0,1,2,0,2,3,15,1,,7,1090,0,D,2,2,1,2,7,200,1,, -1,1,0,1,50,26,2,1,38,38229,2,1,0,3,6 Avenue des 7 Laux,45.223879,5.794634,7,2,2
202100008326,186Â 844,A01,1,1,1,0,1,-1,-1,0,0,-1,2021,31.0,1,2,6,0,1,14,1,,3,69,-1,,2,2,0,1,1,300,3,, -1,2,0,8,50,14,11,1,55,55425,2,1,0,6,41 Rue du Moulin,49.440429,5.367926,9,1,1
202100016030,173Â 006,A01,2,2,1,9,1,-1,-1,0,0,-1,2021,94.0,2,2,0,2,8,10,1,,3,178,-1,,2,2,0,2,19,500,1,, -1,1,3,1,80,1,10,2,35,35360,1,1,0,3,route departementale 178,48.124908,-1.232582,8,3,2
202100044155,122Â 746,A01,1,1,1,4,2,6,-1,-1, -1,-1,2021,49.0,2,1,6,0,0,2,1,,4,RUE DE LA CITE,0,,2,2,0,1,(1),(1),1,, -1,1,8,1,30,13,4,1,7,7231,2,1,0,6,RUE DE LA CITE,44.5953,4.37718,10,1,1
202100013671,177Â 272,B01,1,1,1,5,2,0,-1,-1, -1,-1,2021,36.0,2,1,0,2,6,0,1,,4,Corniche John FitzgÃ©rald Kennedy,0,,2,2,0,1,0,0,1,, -1,1,0,1,50,12,10,5,13,13207,2,1,0,3,Corniche John FitzgÃ©rald Kennedy,43.289,5.354,19,2,2
202100000595,200Â 638,B01,1,1,1,5,2,0,-1,-1, -1,-1,2021,82.0,3,1,0,2,7,19,3,,4,,0,,2,2,0,1,(1),(1),1,, -1,1,0,1,50,8,11,1,37,37261,2,1,0,3,CALAIS (RUE DE),47.4222775715,0.6858560491,8,2,2
202100022487,161Â 436,A01,2,2,1,5,1,0,-1,-1, -1,-1,2021,31.0,2,2,0,2,6,11,1,,3,910,0,,1,1,0,1,0,0,1,, -1,1,0,1,50,25,8,1,92,92012,2,1,0,3,EDOUARD VAILLANT (AVENUE) 57/FIN - 58/FI,48.833837011,2.2444477389,15,3,2
202100051677,109Â 324,A01,10,3,2,2,0,-1,-1,3,3,1,2021,57.0,1,2,0,1,1,15,1,,4,REPUBLIQUE (AVENUE DE LA),0,,2,2,0,1,(1),(1),1,, -1,1,0,1,30,12,2,1,37,37214,2,1,1,6,REPUBLIQUE (AVENUE DE LA),47.40402948,0.6675481796,16,2,1
202100000529,200Â 756,A01,10,3,1,5,0,-1,-1,4,3,1,2021,79.0,1,3,0,1,1,1,3,,4,BOULEVARD BESSIERES,0,,3,6,0,1,(1),(1),1,, -1,1,-1,6,30,26,1,1,75,75117,2,1,0,6,BOULEVARD BESSIERES,48.897572,2.327011,16,2,1
202100002059,198Â 114,A01,10,3,2,5,0,-1,-1,1,3,1,2021,18.0,1,2,0,1,2,1,1,,4,,0,,2,2,0,2,0,0,1,, -1,1,0,1,50,19,12,1,92,92063,2,1,0,6,BONS RAISINS (RUE DES),48.8735950856,2.1898667514,15,2,1
202100032264,144Â 093,A01,2,2,1,0,1,0,-1,-1, -1,-1,2021,19.0,2,2,0,2,2,21,1,,4,LEBAS (AVENUE JEAN),0,,1,1,0,1,(1),(1),1,, -1,1,0,1,50,25,6,5,59,59512,2,1,0,2,LEBAS (AVENUE JEAN),50.6935145271,3.168639511,2,8,2
202100024039,158Â 676,A01,1,1,1,5,0,-1,-1,0,0,-1,2021,21.0,2,1,0,0,0,1,0,,3,6,-1,,2,2,0,2,6,350,1,, -1,1,0,1,80,15,8,1,54,54411,1,1,0,7,D6,48.483462,6.186966,11,1,1
202100001938,198Â 333,A01,10,3,1,5,0,-1,-1,2,3,1,2021,84.0,2,5,0,1,3,9,1,,3,939,0,,2,2,0,1,29,707,1,, -1,1,0,1,50,22,12,1,65,65258,2,3,0,6,Rue des RÃ©sistants,43.111581,0.384956,16,2,1
202100004757,193Â 279,B01,1,1,2,5,2,0,-1,-1, -1,-1,2021,14.0,3,1,0,2,8,19,3,,4,BERT (QUAI PAUL),0,,2,2,0,1,(1),(1),1,, -1,2,0,1,50,3,12,1,37,37261,2,1,1,3,BERT (QUAI PAUL),47.4023660173,0.6946840882,11,2,2
202100002691,196Â 967,A01,1,1,1,9,8,-1,-1,0,0,-1,2021,38.0,3,2,2,0,3,1,1,,4,,-1,,2,2,0,1,(1),(1),1,,"3,5",1,0,3,80,17,12,2,37,37115,1,1,0,6,CÃ©ry,46.9974532934,0.719762072,17,1,1
202100008153,187Â 146,A01,10,3,2,5,0,-1,-1,9,3,1,2021,13.0,3,3,0,1,0,0,3,,9,CHRISTOPHE COLOMB (R),0,,1,1,3,1,20,0,1,, -1,2,4,8,50,13,11,5,94,94054,2,8,1,6,Rue Christophe Colomb,48.75226,2.41699,20,2,1
202100051228,110Â 109,B01,1,1,1,5,2,-1,-1,0,0,-1,2021,70.0,2,1,0,2,4,1,5,,3,6098,-1,,2,2,1,1,10,162,1,, -1,1,2,1,-1,18,2,1,6,6079,2,1,0,5,295 avenue du general de gaulle,43.53166,6.948127,8,2,2
202100015670,173Â 658,A01,7,2,1,5,1,-1,-1,0,0,-1,2021,19.0,1,2,16,0,9,17,1,,2,12,-1,,3,4,0,1,54,450,1,, -1,2,0,3,110,2,10,1,29,29181,1,1,1,7,N12 - PK 54+450,48.488609756,-4.2556379674,12,3,1
202100021074,163Â 988,B01,1,1,2,0,2,0,-1,-1, -1,-1,2021,36.0,1,1,0,2,1,1,1,,4,CORSE (AVENUE DE LA),0,,2,3,3,1,0,0,1,, -1,1,5,1,50,2,9,5,13,13207,2,2,0,5,CORSE (AVENUE DE LA),43.28985,5.3663,23,3,3
202100036938,135Â 675,B01,1,1,1,0,1,4,-1,-1, -1,-1,2021,37.0,2,5,4,2,4,2,1,,1,AUTOROUTE A3,0,,3,8,0,1,3,700,1,, -1,1,0,1,90,2,6,1,93,93053,1,1,0,4,AUTOROUTE A3,48.8819,2.4538,7,4,3
202100023528,159Â 582,B01,10,3,1,0,0,-1,-1,1,1,1,2021,67.0,1,0,0,1,0,0,0,,2,RN,0,,3,2,0,1,12,743,1,, -1,1,0,1,110,20,8,2,77,77153,1,1,0,6,N2,49.054504,2.699389,6,2,1
202100007862,187Â 685,A01,10,3,2,3,0,-1,-1,1,3,1,2021,61.0,1,5,0,1,4,20,3,,4,PRAIRIAL (R),0,,1,1,0,2,1,0,1,, -1,1,0,1,30,16,11,1,94,94017,2,1,0,6,Rue Prairial,48.82261,2.50861,12,2,1
202100026083,155Â 066,A01,1,1,2,5,2,-1,-1,0,0,-1,2021,63.0,1,1,3,0,0,1,1,,2,61,-1,,3,4,0,2,24,600,3,, -1,1,0,8,110,1,8,1,57,57631,1,1,0,7,RN 61,49.109532,7.02867,19,1,1
202100021257,163Â 662,A01,1,1,1,5,1,8,-1,-1, -1,-1,2021,24.0,1,2,14,0,2,15,1,,4,,0,,2,2,0,1,(1),(1),1,, -1,1,0,1,50,2,9,5,45,45302,2,6,0,6,Rue du Faubourg Bannier,47.93398,1.89482,2,1,1
202100012267,179Â 797,B01,1,1,1,0,2,6,-1,-1, -1,-1,2021,29.0,2,1,0,2,1,3,1,,3,SAINT LEU (ROUTE),0,,2,2,2,1,0,1,1,, -1,1,0,1,50,19,10,1,93,93079,2,3,0,3,SAINT LEU (ROUTE),48.9532237186,2.3366170444,9,2,2
202100015583,173Â 827,A01,10,3,2,5,0,-1,-1,3,3,1,2021,44.0,0,2,0,1,2,15,1,,4,BRIAND (AVENUE ARISTIDE),0,,1,2,2,1,(1),(1),1,, -1,2,0,1,50,2,10,1,35,35238,2,2,1,6,BRIAND (AVENUE ARISTIDE),48.1102,-1.66566,12,2,1
202100054926,103Â 632,A01,1,1,2,1,2,0,-1,0,0,-1,2021,50.0,1,1,0,2,3,15,5,,4,RUE DU LOUVRE,0,,2,4,0,1,(1),(1),1,, -1,1,0,1,30,15,1,1,75,75101,2,3,0,3,RUE DU LOUVRE,48.862404,2.341595,14,2,2
202100015400,174Â 179,A01,1,1,1,4,8,-1,-1,0,0,-1,2021,32.0,3,4,2,0,8,1,1,,4,,0,,2,1,0,1,(1),(1),4,,3,1,0,8,80,1,10,1,64,64522,1,1,0,7,Chemin Laguangue,43.152451,-0.366037,8,1,1
202100019551,166Â 685,A01,1,1,1,0,1,-1,-1,0,0,-1,2021,77.0,1,2,0,2,6,5,1,,3,1015,0,D,2,2,0,2,14,50,1,, -1,1,0,1,80,12,9,1,80,80732,1,1,0,5,D1015,49.874559,1.731548,15,6,3
202100006196,190Â 736,A01,1,1,2,0,1,0,-1,-1, -1,-1,2021,24.0,1,2,0,2,1,2,1,,1,A14,0,,1,2,0,1,16,500,1,, -1,2,0,1,110,26,11,1,78,78133,1,1,1,4,A14,48.909628,2.049352,16,8,5
202100040116,129Â 893,B01,6,2,1,5,0,-1,-1,0,0,-1,2021,9.0,1,2,0,2,1,15,1,,3,61,0,,2,2,0,4,3,600,3,, -1,1,0,1,90,14,5,1,974,97418,1,1,0,1,Route Emile de la Giroday,-20.916148,55.53738,15,4,2
202100014484,175Â 819,A01,1,1,1,1,2,6,-1,0,0,-1,2021,24.0,1,1,0,6,2,17,1,,3,RD125,0,U,2,2,0,1,2,377,1,, -1,1,0,1,80,9,10,3,31,31144,1,1,0,6,RD 125,42.918391,0.647179,7,1,1
202100020150,165Â 613,A01,1,1,1,0,1,-1,-1,0,0,-1,2021,64.0,0,2,0,0,3,15,1,,3,29,-1,D,3,2,0,1,4,400,2,, -1,1,0,1,80,8,9,1,80,80026,1,4,0,1,D29,49.881625,1.82152,17,5,2
202100010080,183Â 681,A01,1,1,1,0,1,-1,-1,0,0,-1,2021,24.0,0,2,13,0,1,1,1,,4,1,0,C,2,2,0,1,(1),(1),1,, -1,2,0,1,80,1,11,3,54,54010,1,1,1,6,c1,48.5557903639,5.8220243456,0,1,1
202100045975,119Â 574,A01,1,1,2,5,1,0,-1,0,0,-1,2021,49.0,2,2,6,0,1,15,1,,4,BOULEVARD DU BOIS LE PRETRE,0,,3,2,0,2,(1),(1),1,, -1,1,0,4,50,29,3,1,75,75117,2,3,0,6,BOULEVARD DU BOIS LE PRETRE,48.899665606,2.3190662591,16,1,1
202100029810,148Â 503,A01,10,3,2,0,0,-1,-1,3,3,2,2021,34.0,2,2,0,1,2,2,0,,3,LERIDA (AVENUE DE),0,,3,2,0,1,40,784,3,, -1,1,9,1,50,9,7,1,9,9122,2,1,0,6,LERIDA (AVENUE DE),42.964405,1.602892,9,2,1
202100011626,180Â 940,A01,10,3,1,1,0,-1,-1,3,3,1,2021,70.0,1,2,0,1,1,1,1,,3,AUXERRE (RUE),0,,2,2,0,1,(1),(1),1,, -1,1,5,1,50,22,10,5,10,10387,2,1,0,6,AUXERRE (RUE),48.2786484035,4.0670335293,7,2,1
202100040587,129Â 068,B01,2,2,2,5,1,1,-1,0,0,-1,2021,23.0,2,2,0,2,7,1,1,,4,AVENUE JAMES COOK,0,,2,2,0,2,0,0,1,, -1,1,0,1,50,8,5,1,988,98818,2,3,0,3,RUE DU DOCTEUR ESCHEMBRENNER/AVENUE JAMES COOK,-22.26173,166.40063,7,3,2
202100010386,183Â 147,A01,10,3,2,0,0,-1,-1,4,3,1,2021,15.0,2,1,0,1,1,1,3,,4,GENERAL LECLERC (RUE DU) DE (59 ET PLUS),0,,2,2,1,1,0,0,1,, -1,1,5,8,50,28,10,5,92,92024,2,2,0,6,GENERAL LECLERC (RUE DU) DE (59 ET PLUS),48.9053480213,2.3102394777,22,2,1
202100041380,127Â 642,A01,1,1,1,4,1,-1,-1,0,0,-1,2021,20.0,2,2,13,0,2,1,1,,3,45,0,,2,2,0,1,16,500,1,, -1,2,0,3,80,6,5,1,1,1065,1,9,1,6,dÃ©partementale 45,46.207636,5.141945,9,1,1