Num_Acc,id_vehicule,num_veh,place,catu,sexe,trajet,secu1,secu2,secu3,locp,actp,etatp,year_acc,victim_age,senc,catv,obs,obsm,choc,manv,motor,occutc,catr,voie,v1,v2,circ,nbv,vosp,prof,pr,pr1,plan,lartpc,larrout,surf,infra,situ,vma,jour,mois,lum,dep,com,agg_,int,atm,col,adr,lat,long,hour,nb_victim,nb_vehicules
202100015438,174Â 114,A01,1,1,2,1,1,0,-1,-1, -1,-1,2021,24.0,2,2,0,2,8,1,1,,1,A55-Sens Marseille vers Martigues,0,,-1,3,0,1,6,0,2,, -1,1,0,1,90,28,9,1,13,13216,1,1,0,3,A55-Sens Marseille vers Martigues,43.34503,5.34636,16,2,2
202100028467,150Â 833,B01,1,1,2,9,8,0,-1,-1, -1,-1,2021,58.0,1,1,0,2,3,26,5,,4,SAINT JULIEN RUE ET IMPASSE,0,,1,1,2,1,1,0,1,, -1,1,0,1,30,17,7,1,49,49007,2,2,0,1,SAINT JULIEN RUE ET IMPASSE,47.47022,-0.55192,12,2,2
202100027005,153Â 447,A01,1,1,1,9,2,-1,-1,0,0,-1,2021,52.0,1,1,9,0,0,1,1,,3,905,0,,3,2,0,1,8,600,2,, -1,1,0,8,50,26,7,1,21,21425,2,1,0,6,D905,47.624562,4.317976,14,1,1
202100041486,127Â 451,A01,10,3,2,5,0,-1,-1,4,3,1,2021,69.0,3,2,0,1,3,15,1,,4,MAIL MARCEL CACHIN,0,,2,5,1,1,(1),(1),1,, -1,1,0,1,30,4,3,1,38,38169,2,3,0,6,MAIL MARCEL CACHIN,45.19224,5.68763,8,2,1
202100001287,199Â 463,B01,1,1,1,0,2,0,-1,-1, -1,-1,2021,21.0,1,1,0,2,7,17,3,,4,BOULEVARD DU MASSACRE,0,,2,2,2,1,(1),0,1,, -1,2,0,1,50,26,12,5,44,44109,2,1,1,3,BOULEVARD DU MASSACRE,47.22295,-1.6027,18,2,2
202100039981,130Â 128,B01,1,1,1,5,2,6,9,0,0,-1,2021,46.0,1,1,0,0,4,2,1,,2,102,-1,,1,-1,-1,2,(1),(1),2,, -1,1,5,1,-1,14,5,1,43,43262,1,3,0,2,D912,45.26364,3.414093,11,2,2
202100018597,168Â 392,A01,1,1,1,0,2,6,-1,-1, -1,-1,2021,21.0,1,1,0,2,3,1,1,,4,CHARMILLES (MAIL DES),0,,1,2,1,1,(1),(1),2,, -1,1,0,1,50,16,9,5,10,10387,2,1,0,2,CHARMILLES (MAIL DES),48.29503,4.08435,21,2,2
202100014113,176Â 462,C01,2,2,2,5,1,8,-1,-1, -1,-1,2021,55.0,1,2,0,2,1,2,1,,1,A104,0,,-1,8,0,1,8,700,1,, -1,1,9,1,90,9,10,1,77,77294,1,1,0,4,A104,48.973633,2.578754,12,4,3
202100002963,196Â 476,A01,1,1,2,5,2,6,-1,0,0,-1,2021,32.0,1,1,0,2,8,3,1,,4,PORTE DE MONTREUIL,0,,1,4,0,1,29,900,1,, -1,1,0,1,70,13,12,1,75,75120,2,1,0,3,PORTE DE MONTREUIL,48.864257,2.413279,16,2,2
202100006481,190Â 216,A01,1,1,1,0,2,8,-1,-1, -1,-1,2021,37.0,2,1,0,2,1,1,1,,3,SAINT LEU (ROUTE DE) 1 Ã  157,0,,2,2,2,1,0,1,1,, -1,1,0,1,50,24,11,1,93,93031,2,9,0,3,SAINT LEU (ROUTE DE) 1 Ã  157,48.952516,2.337564,8,2,2
202100017484,170Â 371,A01,1,1,1,1,2,6,-1,0,0,-1,2021,35.0,2,1,0,2,8,3,1,,4,PORTE DE PASSY,0,,1,4,0,1,13,900,1,, -1,1,0,1,70,22,9,1,75,75116,2,1,0,3,BD PERIPHERIQUE EXTERIEUR,48.860277,2.263373,18,2,2
202100035678,137Â 939,Z01,10,3,1,5,8,8,-1,1,3,1,2021,7.0,1,2,0,1,2,9,0,,4,LIBERTE (AVENUE DE LA),0,,3,1,0,1,0,0,3,, -1,1,0,1,30,8,6,1,91,91549,1,1,0,6,LIBERTE (AVENUE DE LA),48.64207,2.34617,20,2,1
202100029931,148Â 298,B01,1,1,1,5,1,0,-1,-1, -1,-1,2021,59.0,1,2,0,2,4,2,0,,1,6,0,,3,6,0,2,31,500,1,, -1,1,0,1,110,9,7,1,91,91659,1,1,0,4,AUTOROUTE A6,48.58084,2.45963,19,3,3
202100045525,120Â 365,A01,10,3,2,0,0,-1,-1,1,B,1,2021,51.0,2,2,0,1,3,0,1,,1,A12 W,0,,3,2,0,1,6,900,1,, -1,1,0,1,90,1,4,3,78,78423,1,1,0,6,A12 W,48.794,2.0411,1,2,1
202100001946,198Â 323,A01,1,1,1,5,2,6,-1,0,0,-1,2021,16.0,2,1,0,6,1,0,1,,3,44,-1,,2,2,1,1,0,500,1,, -1,1,0,1,80,17,12,3,29,29220,1,1,0,6,D44 - Route de Combrit,47.8827557142,-4.2107713225,20,1,1
202100011167,181Â 770,A01,1,1,1,4,1,-1,-1,0,0,-1,2021,33.0,1,5,0,2,1,13,1,,3,75,-1,,2,2,0,1,27,557,3,, -1,2,0,1,70,25,10,1,24,24565,1,1,1,1,Le grand moulin RD 75,45.589357,0.5189,18,2,2
202100054216,104Â 839,A01,10,3,2,1,0,-1,-1,3,3,1,2021,24.0,1,2,0,1,1,1,2,,4,ANQUETIL JACQUES RUE,0,,2,2,0,2,1,0,1,, -1,2,0,1,50,21,1,4,29,29232,2,3,1,6,Rue Jacques Anquetil,48.009531,-4.071447,8,2,1
202100022620,161Â 181,B01,1,1,1,0,1,0,-1,0,0,-1,2021,52.0,1,2,0,2,4,2,0,,4,MALZEVILLE (Rue de),0,,2,2,0,1,(1),(1),1,, -1,1,0,1,50,25,8,1,54,54395,2,1,0,2,MALZEVILLE (Rue de),48.7047221159,6.1833720468,18,2,2
202100012334,179Â 688,A01,1,1,1,1,2,6,-1,0,0,-1,2021,34.0,2,1,0,2,2,17,1,,3,37,0,E,2,2,0,1,1,800,1,, -1,1,0,1,80,20,10,1,31,31291,1,1,0,3,Chemin de Mader,43.579155,1.221328,17,2,2
202100021389,163Â 412,A01,2,2,1,5,1,-1,-1,0,0,-1,2021,11.0,3,2,0,2,2,15,1,,4,,-1,,2,2,0,1,(1),(1),1,,4,1,5,1,50,3,9,1,60,60612,2,3,1,1,Avenue de Reims,49.191605,2.571568,17,3,2
202100003570,195Â 370,Z01,10,3,2,5,0,-1,-1,4,3,2,2021,16.0,1,2,0,1,1,26,0,,3,JAURES (AVENUE JEAN),0,,2,2,0,1,1,170,1,, -1,1,0,1,50,10,12,1,95,95018,2,1,0,6,Boulevard du General Leclerc,48.9396035959,2.2284221649,16,2,1
202100041667,127Â 123,A01,1,1,1,5,1,-1,-1,-1, -1,-1,2021,38.0,1,2,0,2,1,15,1,,4,,0,,2,3,0,1,(1),(1),1,, -1,1,0,1,50,1,5,1,33,33318,2,2,0,1,Avenue Roger CohÃ©,44.8091,-0.6328,16,2,2
202100035747,137Â 809,A01,10,3,2,5,0,-1,-1,3,3,2,2021,11.0,2,2,0,1,1,15,1,,4,RUE HENRI CHEVREAU,0,,1,1,0,2,(1),(1),1,, -1,1,0,1,50,8,6,1,75,75120,2,3,0,6,RUE HENRI CHEVREAU,48.870578,2.388239,17,3,1
202100040060,129Â 991,A01,4,2,1,5,1,0,-1,-1, -1,-1,2021,6.0,3,2,0,2,1,1,1,,7,ANATOLE DE LA FORGE (BOULEVARD),0,,2,4,0,1,4,300,1,, -1,1,0,1,50,13,5,1,13,13214,2,2,0,3,ANATOLE DE LA FORGE (BOULEVARD),43.3359,5.3988,15,5,2
202100051511,109Â 621,A01,10,3,2,0,0,-1,-1,2,3,2,2021,29.0,1,1,0,1,1,17,1,,4,SAINTE MARTHE (chemin),0,,2,2,0,1,0,0,1,, -1,1,0,1,50,10,2,1,13,13214,2,1,0,6,SAINTE MARTHE (chemin),43.33071,5.38988,12,2,1
202100037306,134Â 987,A01,10,3,1,5,0,-1,-1,3,3,2,2021,5.0,1,1,0,1,1,1,0,,3,MARCEL CACHIN (AVENUE) COTE NÂ°16 AU 50,0,,2,2,1,2,0,1,1,, -1,1,6,1,50,31,5,1,93,93072,2,1,0,6,MARCEL CACHIN (AVENUE) COTE NÂ°16 AU 50,48.95808,2.38241,18,2,1
202100043384,124Â 114,A01,1,1,2,3,8,-1,-1,0,0,-1,2021,74.0,1,2,0,2,1,1,1,,3,943,-1,,2,2,0,1,10,500,1,, -1,1,8,1,90,20,4,1,18,18225,1,1,0,2,D943,46.555076,2.279475,10,2,2
202100027905,151Â 828,A01,1,1,1,0,2,6,-1,-1, -1,-1,2021,70.0,2,1,0,2,5,16,1,,3,RD810,0,,2,2,0,1,21,500,3,, -1,1,5,8,50,20,7,1,64,64483,2,6,0,3,RD810,43.41232,-1.61793,17,2,2
202100029512,149Â 044,A01,1,1,2,1,1,-1,-1,0,0,-1,2021,19.0,2,2,6,0,2,17,1,,3,948,0,D,2,2,0,1,92,800,1,, -1,1,0,1,80,11,7,1,85,85018,1,1,0,6,D948 - les mÃ©nites,46.92157,-2.09231,16,1,1
202100044682,121Â 844,A01,1,1,1,5,2,6,-1,-1, -1,-1,2021,15.0,2,1,0,2,4,1,1,,4,KOENIG (AVENUE DU GENERAL),0,,2,2,0,1,0,0,1,, -1,1,0,1,50,6,4,1,50,50129,2,1,0,2,KOENIG (AVENUE DU GENERAL),49.63338,-1.60116,11,2,2
202100015293,174Â 377,A01,3,2,1,5,1,-1,-1,0,0,-1,2021,19.0,1,2,13,0,1,2,1,,3,D145,-1,E,2,2,0,1,3,155,1,, -1,2,0,3,80,3,10,3,17,17118,1,1,0,6,RD 145E1,45.239723,-0.389414,3,3,1
202100030148,147Â 883,A01,4,2,2,0,3,-1,-1,-1, -1,-1,2021,1.0,3,2,6,0,1,26,1,,7,FRERES PERRET                       (AV),0,,2,2,0,1,0,1,1,, -1,1,0,3,70,7,7,1,69,69199,1,1,0,6,FRERES PERRET (AV),45.69338,4.84511,13,2,1
202100017287,170Â 751,A01,1,1,1,0,1,-1,-1,0,0,-1,2021,31.0,2,2,13,0,8,17,1,,1,48,-1,,1,4,0,1,70,500,3,, -1,1,0,3,130,25,9,1,38,38331,1,1,0,7,Autoroute A48 + PR 070+500,45.356126,5.522518,9,2,1
202100027902,151Â 832,A01,1,1,2,0,1,0,-1,-1, -1,-1,2021,41.0,2,2,0,2,7,16,1,,4,ELISEE RECLUS                       (R ),0,,2,2,0,1,(1),(1),3,, -1,1,0,1,50,19,7,1,69,69275,2,1,0,5,ELISEE RECLUS (R),45.7518,4.94217,18,7,5
202100051421,109Â 776,B01,1,1,1,1,2,0,-1,-1, -1,-1,2021,48.0,2,1,0,2,1,1,5,,4,RUE DU IV SEPTEMBRE,0,,2,2,0,1,(1),(1),1,, -1,1,0,1,50,15,2,2,65,65440,2,2,0,3,SEPTEMBRE (RUE DU IV),43.228818,0.083073,7,2,2
202100042835,125Â 098,A01,1,1,1,0,2,6,-1,0,0,-1,2021,60.0,2,1,0,2,1,19,1,,4,SAINT GENGOUX (RUE DE),0,,2,2,0,3,1,0,1,, -1,1,0,1,50,23,4,1,71,71306,2,2,0,3,SAINT GENGOUX (RUE DE),46.6711570587,4.3767573386,18,2,2
202100055385,102Â 845,A01,10,3,1,2,0,-1,-1,0,3,1,2021,10.0,1,2,0,1,2,1,1,,4,,-1,,2,2,0,1,(1),(1),3,, -1,2,0,1,-1,12,1,1,57,57097,2,9,0,6,Rue des Erables,49.177872,6.491656,16,2,1
202100040806,128Â 680,A01,1,1,1,5,2,6,9,0,0,-1,2021,66.0,1,1,14,0,1,1,1,,3,531,0,,2,2,0,2,15,200,3,, -1,1,0,1,80,9,5,1,38,38108,1,1,0,6,D531,45.06289,5.42083,12,1,1
202100008955,185Â 708,Z01,10,3,1,5,0,-1,-1,1,3,1,2021,10.0,2,2,1,1,1,1,1,,4,HENRI BARBUSSE (RUE),0,,2,2,0,2,0,0,1,, -1,1,0,1,50,7,11,1,13,13201,2,1,0,1,HENRI BARBUSSE (RUE),43.29831,5.37402,12,2,1
202100000731,200Â 404,A01,1,1,2,3,8,0,-1,-1, -1,-1,2021,26.0,1,2,0,2,2,0,0,,1,AUTOROUTE A3,0,,4,0,0,1,6,800,1,, -1,1,0,1,90,27,12,1,93,93053,1,1,0,3,AUTOROUTE A3,48.8963683205,2.4700175612,16,2,2
202100033240,142Â 351,A01,1,1,1,1,2,6,-1,0,0,-1,2021,17.0,2,1,0,9,1,1,1,,3,980,-1,,2,2,0,1,38,500,1,, -1,1,0,3,80,14,6,1,51,51105,1,1,0,7,D980,49.2607180922,4.0907841183,18,1,1
202100003053,196Â 313,A01,2,2,2,5,1,-1,-1,-1,0,-1,2021,30.0,2,2,0,2,1,1,1,,1,AUTOROUTE A1,0,,3,6,0,1,23,100,1,, -1,1,0,1,110,13,12,1,95,95154,1,1,0,4, A1,49.0449266302,2.5450837612,9,7,6
202100046252,119Â 099,A01,1,1,1,5,2,0,-1,-1, -1,-1,2021,78.0,1,1,12,0,1,1,5,,9,ILE MARTINET,0,,-1,2,1,1,0,375,1,, -1,1,0,5,30,28,3,1,94,94018,2,1,0,7,ILE MARTINET,48.81949,2.40413,11,1,1
202100016158,172Â 758,A01,10,3,1,1,8,8,-1,4,3,1,2021,31.0,2,0,0,1,0,1,1,,4,FAUBOURG SAINT VINCENT (RUE DU ) DU139 A,0,,2,2,0,1,(1),(1),1,, -1,1,0,1,50,29,9,1,45,45234,2,2,0,6,Rue du Faubourg Saint Vincent,47.91252,1.91565,10,2,1
202100050922,110Â 655,A01,1,1,1,5,2,0,-1,0,0,-1,2021,50.0,2,1,0,2,1,2,1,,3,NEFFES ( ROUTE DE ),0,,2,2,0,2,0,710,2,, -1,1,0,1,80,18,2,1,5,5061,1,3,0,6,NEFFES ( ROUTE DE ),44.52669,6.04081,12,3,3
202100048229,115Â 547,B01,1,1,1,9,1,-1,-1,-1, -1,-1,2021,39.0,2,2,0,2,7,1,1,,7,GEORGES CLEMENCEAU                  (QU),0,,2,2,0,1,12,600,3,, -1,2,9,1,50,12,3,5,69,69034,2,1,0,3,GEORGES CLEMENCEAU (Q),45.81067,4.84539,5,2,2
202100029792,148Â 537,A01,10,3,2,5,0,-1,-1,2,5,1,2021,10.0,2,2,0,1,2,1,1,,4,,0,,2,2,0,1,(1),(1),1,, -1,1,0,1,50,17,6,1,36,36044,2,1,0,6,21 Rue du 11 Novembre 1918,46.8058440635,1.7042917013,18,2,1
202100021034,164Â 063,B01,1,1,2,1,8,0,-1,-1, -1,-1,2021,45.0,2,1,0,2,1,1,5,,3,767,0,,3,4,2,1,0,150,2,, -1,1,0,1,50,3,9,1,56,56260,2,9,0,3,POMPIDOU (AVENUE GEORGES),47.67009,-2.76999,8,2,2
202100029894,148Â 364,A01,1,1,1,5,1,-1,-1,0,0,-1,2021,21.0,1,2,2,0,1,1,1,,7,561,0,,2,2,0,1,25,850,1,, -1,1,0,3,80,10,7,2,13,13080,1,1,0,1,RD 561 PK 25850,43.653807,5.474818,5,2,1
202100041507,127Â 418,A01,10,3,2,5,0,-1,-1,5,1,2,2021,20.0,1,0,0,1,1,1,3,,4,LECLERC (AVENUE DU GENERAL),0,,2,2,0,2,0,0,1,, -1,1,0,4,50,30,4,1,87,87085,2,1,0,6,LECLERC (AVENUE DU GENERAL),45.84019,1.25861,16,2,1
202100054617,104Â 158,A01,1,1,1,0,2,0,-1,-1, -1,-1,2021,28.0,2,1,0,2,1,1,1,,3,FABIEN (BOULEVARD DU COLONEL),0,,2,2,0,2,0,0,1,, -1,2,0,1,50,18,1,1,92,92046,2,1,0,3,FABIEN (BOULEVARD DU COLONEL),48.8118382553,2.2807359695,12,2,2
202100025473,156Â 134,A01,2,2,1,0,1,0,-1,-1, -1,-1,2021,18.0,1,2,1,0,2,14,1,,4,JEAN NESMY (RUE),0,,2,2,0,1,(1),(1),2,, -1,1,0,1,50,4,8,1,10,10387,2,1,0,6,JEAN NESMY (RUE),48.294519,4.08979,19,2,1
202100036285,136Â 821,B01,1,1,1,0,8,0,-1,-1, -1,-1,2021,50.0,1,1,0,2,1,1,5,,3,909,0,,2,3,0,1,0,0,1,, -1,1,0,1,50,5,6,5,92,92044,2,1,0,3,VIC. HUGO(RUE)001A067 ET002A078,48.893636711,2.2993470648,22,2,2
202100039426,131Â 127,B01,1,1,1,0,2,0,-1,-1, -1,-1,2021,16.0,1,1,0,2,0,1,1,,3,SIMON VOUET (AVENUE),0,,3,4,0,1,3,812,1,, -1,2,0,1,50,18,5,1,78,78502,2,1,1,3,SIMON VOUET (AVENUE),48.87791,2.1152,19,2,2
202100028032,151Â 608,A01,2,2,2,5,2,6,-1,0,0,-1,2021,58.0,3,1,0,2,1,0,1,,2,102,-1,,2,2,0,2,85,600,3,, -1,1,0,1,80,20,7,1,7,7130,1,1,0,1,N102,44.733504,4.002081,19,3,2
202100000268,201Â 243,A01,1,1,1,5,1,-1,-1,-1, -1,-1,2021,78.0,1,5,6,0,1,1,1,,4,FEUILLAT                            (R ),0,,1,1,0,1,(1),(1),1,, -1,1,0,4,50,7,10,1,69,69383,2,1,0,6,FEUILLAT (R),45.745091,4.87475,9,1,1
202100044706,121Â 803,A01,1,1,1,4,2,6,-1,0,0,-1,2021,24.0,2,1,0,0,2,1,1,,4,PORTE DE LA CHAPELLE,0,,1,4,0,1,22,800,1,, -1,1,0,1,70,8,4,5,75,75118,2,1,0,7,PORTE DE LA CHAPELLE,48.901023,2.356188,21,1,1
202100044995,121Â 300,A01,1,1,1,1,2,6,-1,0,0,-1,2021,18.0,0,1,0,2,2,1,1,,4,,-1,,2,2,0,1,(1),(1),1,, -1,1,0,1,50,6,4,1,74,74112,2,3,0,3,R du Nante,45.936777,6.090299,17,2,2
202100017137,171Â 005,A01,10,3,2,1,0,-1,-1,1,1,1,2021,56.0,0,2,0,1,0,9,0,,4,,0,,1,0,0,1,1,0,1,, -1,1,0,1,30,19,9,1,92,92073,2,1,0,6,CARON (RUE ALBERT),48.864888,2.209948,8,2,1
202100005039,192Â 781,B01,1,1,1,4,1,0,-1,-1, -1,-1,2021,36.0,2,5,0,0,4,2,1,,2,NATIONALE 6 (PARTIE FORET),0,,1,0,0,1,0,100,1,, -1,1,0,1,50,2,12,1,91,91421,2,1,0,2,NATIONALE 6 (PARTIE FORET),48.690276,2.461174,11,2,2
202100037931,133Â 865,B01,1,1,1,5,2,-1,-1,0,0,-1,2021,44.0,1,1,0,2,4,2,5,,3,986,0,A,3,4,0,2,8,100,2,, -1,1,0,1,80,29,5,1,63,63470,1,1,0,2,D986,45.870529,3.025725,18,2,2
202100036360,136Â 704,A01,10,3,1,0,0,-1,-1,2,5,2,2021,2.0,1,2,0,1,5,1,1,,4,ARC (AVENUE JEANNE D'),0,,1,2,0,1,(1),(1),1,, -1,1,0,1,50,4,6,1,54,54547,2,1,0,6,ARC (AVENUE JEANNE D'),48.6591,6.18109,17,3,1
202100002898,196Â 592,A01,10,3,1,0,0,-1,-1,4,3,1,2021,33.0,0,2,0,1,1,1,1,,4,CARNOT (BOULEVARD),0,,2,2,0,1,(1),(1),1,, -1,1,0,1,50,9,12,5,80,80021,2,1,0,6,CARNOT (BOULEVARD),49.89217,2.28739,19,2,1
202100019852,166Â 152,B01,1,1,1,0,2,0,-1,-1, -1,-1,2021,60.0,1,1,0,2,4,1,1,,3,CHARLES DE GAULLE (AVENUE),0,,-1,1,0,1,21,0,1,, -1,1,0,1,50,9,9,1,78,78481,2,3,0,3,CHARLES DE GAULLE (AVENUE),48.88926,2.10386,13,2,2
202100033173,142Â 467,A01,1,1,2,0,8,-1,-1,-1, -1,-1,2021,35.0,0,2,1,0,0,0,1,,4,VIENNE (DE)                         (RO),0,,1,2,0,1,(1),(1),1,, -1,1,0,1,50,19,6,5,69,69387,2,1,0,7,VIENNE (DE) (RTE),45.74309,4.85041,23,1,1
202100033906,141Â 155,A01,1,1,2,0,8,8,-1,-1, -1,-1,2021,21.0,2,2,0,2,2,1,1,,3,913,0,,2,3,0,1,0,0,2,, -1,1,0,1,50,15,6,1,92,92050,2,6,0,3,BOULE PLACE DE LA,48.8868373063,2.2004412797,20,3,2
202100004637,193Â 477,B01,1,1,1,0,1,0,-1,-1, -1,-1,2021,22.0,1,2,0,2,4,23,0,,1,AUTOROUTE A1,0,,3,4,0,1,1,500,1,, -1,1,1,1,90,5,12,5,93,93066,1,1,1,2,AUTOROUTE A1,48.91462,2.3577,6,2,2
202100024293,158Â 247,Z01,10,3,1,5,8,8,-1,3,3,2,2021,2.0,1,2,0,1,3,2,1,,4,CAMILLE PELLETAN (AVENUE),0,,1,2,3,1,0,0,1,, -1,1,0,1,50,13,8,5,13,13203,2,1,0,7,CAMILLE PELLETAN (AVENUE),43.30761,5.37383,21,3,1
202100032982,142Â 798,A01,4,2,2,0,1,0,-1,-1, -1,-1,2021,16.0,2,2,0,2,4,0,1,,1,A7-Sens Marseille vers Lyon,0,,1,3,0,1,274,0,1,, -1,1,0,1,90,21,6,1,13,13215,1,1,0,2,A7-Sens Marseille vers Lyon,43.3724,5.36125,16,4,2
202100047584,116Â 707,A01,1,1,2,5,1,8,-1,-1, -1,-1,2021,22.0,1,2,0,2,7,17,1,,1,A51-Sens Aix en Provence vers Marseille,0,,1,2,0,1,16,0,1,, -1,1,0,1,90,17,3,3,13,13001,1,1,0,3,A51-Sens Aix en Provence vers Marseille,43.5104696924,5.4172675398,23,2,2
202100036822,135Â 882,B01,1,1,1,0,2,8,-1,-1, -1,-1,2021,39.0,2,1,0,2,7,26,5,,3,,0,,2,2,0,1,(1),(1),3,, -1,1,9,1,50,28,5,2,11,11262,2,6,0,3,CARNOT (AVENUE),43.2005,3.01936,20,2,2
202100046936,117Â 878,B01,1,1,1,5,2,0,-1,-1, -1,-1,2021,19.0,2,1,0,2,7,1,1,,4,GARIBALDI (BOULEVARD) NÂ° IMPAIRS,0,,2,4,0,4,(1),(1),1,, -1,1,0,1,50,23,3,1,13,13201,2,1,0,3,GARIBALDI (BOULEVARD) NÂ° IMPAIRS,43.296879,5.381227,18,3,2
202100037422,134Â 766,A01,1,1,1,0,1,0,-1,-1, -1,-1,2021,68.0,3,2,0,2,1,1,1,,4,ZOLA RUE EMILE,0,,3,2,0,1,(1),(1),1,, -1,1,0,1,50,30,5,1,59,59009,2,1,0,2,ZOLA RUE EMILE,50.635335,3.12347,14,2,2
202100039009,131Â 913,A01,1,1,1,5,2,-1,-1,0,0,-1,2021,65.0,2,1,0,2,7,17,1,,3,D621,0,,2,2,0,1,31,500,1,, -1,1,9,1,50,21,5,1,81,81325,2,1,0,3,D621,43.55291,2.17304,12,2,2
202100029362,149Â 289,A01,2,2,1,9,8,-1,-1,0,0,-1,2021,16.0,2,2,13,0,1,13,1,,3,767,0,D,2,2,0,1,43,250,1,, -1,1,0,3,80,11,7,3,56,56151,1,1,0,6,D767,48.010917,-2.905763,1,2,1
202100027243,153Â 022,A01,1,1,1,5,2,6,-1,0,0,-1,2021,28.0,1,1,0,1,3,9,1,,3,,0,,1,1,0,1,0,0,2,, -1,1,2,1,50,24,7,5,92,92023,2,1,0,6,PETIT CLAMART (ROND POINT DU),48.7767614677,2.230219245,2,2,1
202100004251,194Â 155,A01,10,3,1,0,0,-1,-1,1,3,1,2021,68.0,1,2,0,1,1,19,1,,3,VASNIER (BOULEVARD HENRI) COTE PAIR,0,,2,2,0,1,19,800,1,, -1,2,0,1,50,6,12,5,51,51454,2,1,1,7,Boulevard Henry Vasnier,49.24532,4.04781,17,3,1
202100054323,104Â 660,A01,1,1,2,5,1,0,-1,-1, -1,-1,2021,74.0,1,2,0,2,1,13,1,,3,CD940,0,,2,2,0,1,12,590,4,, -1,1,0,1,70,20,1,1,62,62108,1,1,0,1,CD940,50.426972,1.602684,16,3,2
202100034385,140Â 275,B01,1,1,1,0,2,-1,-1,0,0,-1,2021,62.0,0,1,0,2,1,9,0,,4,,0,,2,2,0,1,(1),(1),1,,7,1,0,1,50,15,6,1,973,97311,2,1,0,3,Rue Edgard Milien,5.488369,-54.035592,9,2,2
202100003995,194Â 608,A01,10,3,1,0,0,-1,-1,2,3,2,2021,42.0,0,2,0,1,0,1,1,,4,MARIVAUX (RUE),0,,2,2,0,1,(1),(1),1,, -1,1,0,1,50,6,12,1,80,80021,2,1,0,6,MARIVAUX (RUE),49.9114468453,2.3240947165,8,2,1
202100020165,165Â 589,C01,1,1,2,4,1,-1,-1,0,0,-1,2021,38.0,2,3,0,2,1,1,1,2.0,1,71,0,A,2,2,0,2,359,700,3,, -1,1,8,1,50,9,9,3,63,63181,1,9,0,5,A 71 PR 359+700-basculement,46.016266,3.118551,1,4,3
202100043554,123Â 813,A01,10,3,2,5,0,-1,-1,0,0,1,2021,40.0,3,5,0,1,3,1,1,,6,RD 2144,0,,-1,0,0,1,(1),(1),1,, -1,1,9,8,10,17,4,1,3,3262,2,9,0,6,RD 2144,46.383304715,2.6188730552,16,4,1
202100039955,130Â 169,A01,2,2,2,3,1,0,-1,-1, -1,-1,2021,31.0,2,2,2,0,2,14,1,,3,,0,,2,2,0,1,(1),(1),2,, -1,1,0,3,70,13,5,1,11,11069,2,1,0,6,LIMOUX -ROUTE DE-,43.20105,2.32926,17,2,1
202100042346,125Â 930,A01,1,1,1,3,2,6,-1,0,0,-1,2021,28.0,1,1,0,2,7,1,1,,4,BOULEVARD PERIPHERIQUE,0,,1,0,0,1,24,500,2,, -1,1,0,1,70,27,4,5,75,75119,2,1,0,3,BOULEVARD PERIPHERIQUE,48.900327,2.379367,23,3,2
202100038410,132Â 982,B01,1,1,1,0,2,0,-1,-1, -1,-1,2021,58.0,0,1,0,2,2,1,0,,3,GABRIEL-PERI (AV),0,,2,2,0,1,0,1,1,, -1,1,0,8,50,25,5,1,93,93070,2,1,0,3,GABRIEL-PERI (AV),48.9061,2.33181,14,2,2
202100023186,160Â 173,A01,1,1,1,5,2,6,-1,0,0,-1,2021,66.0,1,1,0,2,1,1,1,,2,151,-1,,2,2,0,2,74,20,1,, -1,1,0,1,50,21,8,1,18,18049,2,5,0,3,route nationale 151,47.174581,3.008097,16,2,2
202100001018,199Â 945,A01,10,3,2,5,0,-1,-1,2,3,2,2021,2.0,0,2,0,1,1,1,1,,4,MAUREPAS (ALLEE DE),0,,-1,1,0,2,(1),(1),1,, -1,1,0,1,30,28,12,5,35,35238,2,1,0,6,AllÃ©e de Maurepas,48.12711,-1.66341,17,2,1
202100008614,186Â 343,A01,1,1,1,1,2,6,-1,-1, -1,-1,2021,40.0,1,1,0,2,1,5,1,,3,MAXIME GORKI (BOULEVARD) DES NÂ°1 AU 87,0,,2,0,0,1,0,0,1,, -1,1,0,1,50,10,11,1,93,93072,2,3,0,3,MAXIME GORKI (BOULEVARD) DES NÂ°1 AU 87,48.953202,2.384374,17,2,2
202100012052,180Â 169,B01,1,1,1,9,8,0,-1,0,0,-1,2021,25.0,2,1,0,2,1,1,3,,4,PONT DES INVALIDES,0,,2,2,2,1,(1),(1),1,, -1,1,-1,5,30,20,10,1,75,75107,2,2,0,3,PONT DES INVALIDES,48.862618,2.310387,17,2,2
202100049838,112Â 659,C01,1,1,1,1,1,0,-1,-1, -1,-1,2021,24.0,2,2,0,2,1,2,1,,1,A7-Sens Marseille vers Lyon,0,,3,3,0,2,275,0,3,, -1,1,0,1,90,26,2,1,13,13215,1,1,0,2,A7-Sens Marseille vers Lyon,43.3672836313,5.3608345985,12,2,2
202100036373,136Â 686,A01,10,3,1,0,0,-1,-1,3,3,2,2021,5.0,3,2,0,1,1,1,1,,4,GRENETTE                            (R ),0,,1,2,0,1,(1),(1),1,, -1,1,0,1,50,4,6,1,69,69382,2,1,0,6,GRENETTE (R),45.7633,4.8327,8,2,1