Num_Acc,id_vehicule,num_veh,place,catu,sexe,trajet,secu1,secu2,secu3,locp,actp,etatp,year_acc,victim_age,senc,catv,obs,obsm,choc,manv,motor,occutc,catr,voie,v1,v2,circ,nbv,vosp,prof,pr,pr1,plan,lartpc,larrout,surf,infra,situ,vma,jour,mois,lum,dep,com,agg_,int,atm,col,adr,lat,long,hour,nb_victim,nb_vehicules
202100033526,141Â 844,A01,10,3,2,3,0,-1,-1,3,3,1,2021,75.0,1,2,16,1,4,19,1,,4,avenue des frais fonds,0,,1,1,0,1,(1),(1),1,, -1,2,9,1,50,18,6,1,62,62525,2,9,0,6,avenue des frais fonds,50.735526,2.273656,10,2,1
202100034234,140Â 554,A01,1,1,1,0,8,0,-1,-1, -1,-1,2021,31.0,3,2,1,0,0,26,0,,4,CAMILLE SAINT SAENS (RUE),0,,1,2,2,1,(1),(1),1,, -1,1,0,1,50,15,6,5,78,78350,2,1,0,6,CAMILLE SAINT SAENS (RUE),48.863419,2.116998,3,1,1
202100043392,124Â 101,A01,1,1,1,9,1,-1,-1,0,0,-1,2021,52.0,0,2,13,0,1,1,1,,3,606,-1,,2,2,0,1,91,888,1,, -1,1,0,8,70,20,4,1,89,89077,2,1,0,6,D606,47.760633,3.609921,16,1,1
202100011364,181Â 414,A01,1,1,1,2,2,6,-1,-1, -1,-1,2021,16.0,2,1,0,2,1,1,1,,3,ARGENSON (ALLEE D'),0,,2,2,0,1,19,380,1,, -1,1,0,1,50,22,10,1,86,86066,2,3,0,3,AllÃ©e dâArgenson,46.844876,0.549996,13,2,2
202100051193,110Â 166,A01,1,1,1,1,2,6,-1,0,0,-1,2021,34.0,2,1,12,0,2,14,3,,4,BOULEVARD MONTMARTRE,0,,2,2,0,2,(1),(1),1,, -1,2,0,1,50,17,2,1,75,75109,2,5,0,7,BOULEVARD MONTMARTRE,48.8719773445,2.3400198206,9,1,1
202100038824,132Â 226,A01,1,1,1,0,2,6,-1,0,0,-1,2021,48.0,2,1,0,0,7,1,1,,3,111,-1,,2,2,0,1,6,645,3,, -1,1,0,1,80,19,4,1,26,26124,1,9,0,7,Route d' Etoile ,44.849936,4.893572,13,1,1
202100046257,119Â 092,A01,2,2,2,5,2,6,-1,0,0,-1,2021,57.0,1,1,0,2,7,17,1,,2,5,-1,,2,2,0,2,78,640,3,, -1,1,0,1,80,28,3,1,39,39129,1,1,0,3,,46.663306,5.946941,18,3,2
202100015959,173Â 142,B01,1,1,1,1,2,8,-1,-1, -1,-1,2021,59.0,3,0,0,2,1,9,3,,4,PIERRE CURIE (R),0,,2,2,0,1,0,0,1,, -1,1,5,1,50,30,9,1,94,94044,2,6,0,3,PIERRE CURIE (R),48.74698,2.48973,12,2,2
202100009520,184Â 694,A01,2,2,2,4,1,-1,-1,0,0,-1,2021,55.0,3,2,0,2,4,2,1,,7,2565,0,M,2,2,0,1,(1),(1),1,, -1,1,0,1,50,29,7,1,6,6127,1,1,0,2,M2565,44.089693,7.249537,9,3,2
202100010097,183Â 656,B01,2,2,2,5,1,-1,-1,0,0,-1,2021,74.0,1,2,0,2,2,1,1,,2,30,0,,2,2,0,1,(1),(1),3,, -1,2,0,1,80,1,11,1,202,202059,1,1,1,1,Ponte Rosso,42.4824471171,9.1977882388,16,8,2
202100054397,104Â 529,A01,1,1,1,4,1,-1,-1,0,0,-1,2021,24.0,2,4,0,2,1,1,1,,7,46,0,A,2,2,0,2,1,800,2,, -1,1,0,1,70,18,1,1,13,13041,1,1,0,3,D46a,43.452763,5.493336,9,2,2
202100003721,195Â 099,B01,1,1,1,9,1,0,-1,0,0,-1,2021,42.0,1,2,0,2,4,23,1,,4,RUE DE L OURCQ,0,,2,2,0,2,(1),(1),1,, -1,2,0,1,30,10,12,1,75,75119,2,1,1,2,RUE DE L OURCQ,48.891885,2.379955,9,2,2
202100055624,102Â 421,A01,10,3,2,5,8,-1,-1,0,9,1,2021,58.0,1,1,0,0,0,1,1,,3,70,-1,,2,2,0,2,3,650,1,, -1,7,0,1,80,10,1,1,60,60405,1,1,0,7,D70,49.671067,1.829045,13,2,1
202100013323,177Â 932,A01,10,3,2,0,0,-1,-1,4,3,1,2021,67.0,2,4,0,1,1,26,1,,3,BROSSOLETTE(AVENUE PIERRE),0,,3,4,0,1,1,0,1,, -1,1,0,1,50,13,10,1,94,94028,2,2,0,6,Avenue Pierre Brossolette,48.79357,2.46127,18,2,1
202100008321,186Â 854,B01,1,1,1,5,2,6,-1,0,0,-1,2021,38.0,2,1,0,2,1,17,1,,3,34,0,,2,2,0,1,6,42,1,, -1,1,0,1,-1,14,11,3,34,34294,1,3,0,3,D34,43.713224,4.114042,17,3,2
202100027916,151Â 810,B01,1,1,2,5,8,0,-1,0,0,-1,2021,19.0,1,1,0,2,3,19,5,,4,PRE PIGEON,0,,2,2,0,1,1,0,1,, -1,1,0,1,30,19,7,1,49,49007,2,1,0,3,PRE PIGEON,47.47794,-0.54343,18,2,2
202100002462,197Â 373,B01,1,1,1,4,2,6,-1,0,0,-1,2021,24.0,1,1,0,2,3,1,1,,4,BOULEVARD MASSENA,0,,2,4,0,1,(1),(1),1,, -1,1,0,1,30,17,12,5,75,75113,2,2,0,3,BOULEVARD MASSENA,48.820205,2.366053,17,2,2
202100041438,127Â 532,A01,1,1,1,0,1,-1,-1,0,0,-1,2021,44.0,1,2,13,0,9,1,2,,1,61,0,A,3,5,0,3,325,0,3,, -1,2,9,8,130,5,5,3,11,11069,1,9,1,7,"PK 325, Autoroute A.61",43.1921681495,2.3706419021,5,1,1
202100046008,119Â 518,A01,10,3,2,0,0,-1,-1,1,3,2,2021,74.0,3,2,0,1,1,1,1,,9,,-1,,2,2,0,2,(1),(1),1,, -1,2,0,1,50,31,3,2,974,97422,2,1,1,3,Rue du Docteur Henri Roussel,-21.281057,55.513967,5,2,1
202100041688,127Â 090,B01,1,1,1,1,2,6,-1,0,0,-1,2021,31.0,1,1,0,2,4,2,1,,4,BOULEVARD DE LA BASTILLE,0,,1,2,0,1,(1),(1),1,, -1,2,0,1,50,1,5,1,75,75112,2,3,1,2,BOULEVARD DE LA BASTILLE,48.848793,2.367999,9,2,2
202100021206,163Â 753,A01,1,1,2,0,8,0,-1,-1, -1,-1,2021,21.0,1,2,4,0,3,1,1,,1,AUTOROUTE A86,0,,1,4,0,2,19,0,3,, -1,1,1,1,90,3,9,5,93,93029,1,1,0,6,AUTOROUTE A86,48.92726,2.41788,2,1,1
202100038328,133Â 127,B01,1,1,2,5,1,0,-1,-1, -1,-1,2021,46.0,2,2,0,2,4,23,1,,4,CHENIEUX (RUE FRANCOIS),0,,2,2,0,1,0,0,1,, -1,2,0,1,50,25,5,1,87,87085,2,1,1,2,CHENIEUX (RUE FRANCOIS),45.83427,1.25579,12,3,2
202100018315,168Â 886,B01,1,1,1,5,8,0,-1,-1, -1,-1,2021,17.0,2,1,0,2,1,5,1,,4,CHARLES GIDE (AVENUE),0,,2,2,0,1,1,0,1,, -1,1,0,1,50,17,9,5,77,77514,2,3,0,3,CHARLES GIDE (AVENUE),48.94056,2.60441,1,6,2
202100021610,163Â 005,B01,1,1,1,5,2,8,-1,-1, -1,-1,2021,55.0,2,1,0,2,4,1,5,,3,ROUTE DEPARTEMENTALE 152,0,,1,2,0,1,3,0,2,, -1,1,5,1,50,27,8,1,56,56162,2,6,1,2,Giratoire de Kerlir D152,47.70824,-3.42111,11,2,2
202100018493,168Â 578,A01,2,2,2,5,1,-1,-1,0,0,-1,2021,88.0,1,2,0,2,1,5,1,,3,1075,0,,2,2,0,1,29,47,1,, -1,1,0,1,90,18,9,1,5,5166,1,1,0,5,D1075,44.44,5.71303,15,5,3
202100039103,131Â 737,B01,2,2,1,0,2,0,-1,-1, -1,-1,2021,20.0,1,1,0,2,2,1,1,,4,OLIVET (ROUTE D'OLIVET),0,,2,2,0,1,(1),(1),1,, -1,1,0,1,50,20,5,1,45,45234,2,3,0,3,Route dâOlivet,47.87942,1.90292,10,3,2
202100016115,172Â 840,A01,10,3,2,0,0,-1,-1,2,3,1,2021,19.0,1,2,0,1,5,17,1,,3,POISSY AVENUE DE,0,,2,2,0,1,33,420,1,, -1,1,0,1,30,28,9,1,78,78624,2,1,0,6,POISSY AVENUE DE,48.969045,2.010187,16,2,1
202100035952,137Â 421,A01,1,1,1,9,1,0,-1,-1, -1,-1,2021,38.0,1,2,0,2,2,23,1,,3,GENERAL DE GAULLE (AV DU),0,,2,2,0,2,1,0,1,, -1,1,0,1,50,7,6,1,94,94067,2,3,0,3,Avenue du GÃ©nÃ©ral de Gaulle,48.835033,2.419783,16,2,2
202100050183,112Â 018,B01,1,1,2,0,1,0,-1,-1, -1,-1,2021,79.0,1,2,0,2,4,23,1,,7,RN 60,0,,1,4,0,1,91,490,1,, -1,1,0,1,90,25,2,1,45,45284,1,1,0,2,D2060-PR 91 + 490,47.92495,1.97947,14,2,2
202100053057,106Â 884,B01,1,1,1,0,2,0,-1,-1, -1,-1,2021,41.0,2,1,0,2,4,1,1,,1,630,-1,,1,-1,-1,2,10,500,1,, -1,2,3,1,50,30,1,1,33,33162,2,2,1,2,Avenue du MÃ©doc,44.880266,-0.62792,8,2,2
202100017162,170Â 965,B01,1,1,1,1,2,-1,-1,0,0,-1,2021,18.0,1,1,0,2,4,23,1,,3,52,0,,2,2,0,2,30,800,1,, -1,1,0,1,90,24,8,3,49,49220,1,1,0,2,D52,47.708599,-0.422459,5,2,2
202100031611,145Â 252,A01,1,1,1,0,2,6,-1,-1, -1,-1,2021,56.0,1,1,0,2,8,11,1,,3,JEAN-JAURES (BD),0,,2,2,0,1,0,1,1,, -1,2,0,1,50,29,6,1,93,93070,2,2,1,3,JEAN-JAURES (BD),48.91522,2.33773,9,2,2
202100012095,180Â 097,A01,1,1,1,5,0,-1,-1,0,0,-1,2021,26.0,1,2,17,0,1,5,1,,3,106,-1,,2,2,0,2,4,0,1,, -1,2,0,3,80,21,10,3,63,63003,1,1,1,6,PK4  - D106,45.560646,3.754771,1,1,1
202100040152,129Â 828,A01,10,3,2,5,0,-1,-1,5,1,1,2021,47.0,1,1,0,1,1,14,3,,7,AVENUE VALERANE,0,,2,2,1,1,42,50,1,, -1,1,0,5,70,11,5,1,83,83034,1,1,0,6,AVENUE VALERANE,43.08975,6.08734,9,2,1
202100035829,137Â 664,A01,1,1,1,4,1,-1,-1,0,0,-1,2021,48.0,1,5,0,2,1,2,1,,1,13,0,A,3,5,0,1,82,200,1,, -1,1,0,1,130,8,6,3,27,27517,1,1,0,5,A13,49.138976,1.308575,23,4,4
202100011236,181Â 648,B01,1,1,1,9,2,0,-1,0,0,-1,2021,23.0,1,1,0,2,4,23,1,,4,BOULEVARD MURAT,0,,2,4,0,1,(1),(1),1,, -1,1,0,1,50,24,10,1,75,75116,2,3,0,2,BOULEVARD MURAT,48.844431,2.257105,11,2,2
202100014805,175Â 242,A01,10,3,2,5,0,-1,-1,3,3,2,2021,9.0,0,0,0,1,2,26,1,,4,LABITRIE (RUE PIERRE),0,,2,2,2,1,(1),(1),1,, -1,1,0,8,50,6,10,2,31,31557,2,1,0,6,LABITRIE (RUE PIERRE),43.5782023353,1.3268150389,19,2,1
202100041772,126Â 945,A01,1,1,1,4,2,-1,-1,-1, -1,-1,2021,25.0,1,1,0,2,7,1,1,,4,,-1,,2,2,-1,1,(1),(1),4,, -1,1,0,1,30,6,1,5,73,73065,2,3,0,3,Ch de Jacob / R des tilleuls,45.56188,5.913355,21,2,2
202100027347,152Â 839,B01,1,1,1,0,2,6,-1,-1, -1,-1,2021,47.0,2,1,0,2,1,1,1,,7,MONTAGNE VERTE (RUE DE LA),0,,3,4,0,1,(1),(1),2,, -1,1,0,1,50,21,7,1,67,67482,2,3,0,3,MONTAGNE VERTE (RUE DE LA),48.570268,7.737739,11,2,2
202100025406,156Â 243,A01,1,1,1,1,2,-1,-1,-1, -1,-1,2021,21.0,3,1,0,0,0,26,6,,4,,0,,-1,0,0,2,0,0,1,, -1,1,9,8,30,1,8,1,92,92048,2,1,0,7,GEORGES LANGRONET (RUE) NÂ° 1 A 31,48.8021468259,2.2395885927,19,1,1
202100033694,141Â 535,A01,1,1,1,5,2,6,9,0,0,-1,2021,61.0,2,1,0,2,6,2,1,,3,,0,,2,2,0,2,7,292,1,,5,1,0,1,90,19,6,1,43,43071,1,1,0,2,lieu dit les fauchers,45.2752689666,3.8324046135,12,3,2
202100038313,133Â 155,A01,1,1,1,5,2,0,-1,-1, -1,-1,2021,17.0,2,1,0,1,1,1,1,,4,ROME (RUE DE)        1 A 71A,0,,2,2,3,1,0,0,1,, -1,1,9,6,50,25,5,1,13,13201,2,1,0,3,ROME (RUE DE)        1 A 71A,43.29318,5.37965,15,2,1
202100041269,127Â 834,A01,1,1,2,0,2,6,-1,-1, -1,-1,2021,19.0,1,1,0,0,8,2,1,,4,MARINES (AVENUE DES ALLEES),0,,2,2,0,1,58,0,1,, -1,2,0,1,50,5,5,1,64,64102,2,1,1,7,MARINES (AVENUE DES ALLEES),43.49952,-1.48967,9,1,1
202100046538,118Â 597,B01,1,1,1,1,1,0,-1,-1, -1,-1,2021,42.0,2,2,0,2,4,15,1,,2,RN 122 ( LA SABLIERE),0,,2,2,0,1,46,923,1,, -1,1,0,1,50,26,3,1,15,15014,2,1,0,2,avenue Charles de Gaulle,44.90775,2.42122,8,2,2
202100007004,189Â 239,A01,1,1,1,0,2,0,-1,-1, -1,-1,2021,39.0,2,1,0,2,1,17,1,,2,PALAIS ROYAL,0,,2,1,0,2,(1),(1),1,, -1,2,0,1,70,20,11,1,971,97101,2,3,1,3,PALAIS ROYAL,16.28768,-61.49478,16,2,2
202100027257,152Â 997,B01,8,2,2,5,1,-1,-1,0,0,-1,2021,67.0,1,2,0,2,4,1,1,,3,901,0,D,2,2,0,1,38,500,1,, -1,2,0,1,80,24,7,3,62,62214,1,1,1,5,D901,50.65765,1.705477,22,10,3
202100044569,122Â 050,A01,1,1,1,5,2,0,-1,-1, -1,-1,2021,16.0,3,1,0,2,1,2,6,,4,MIVOIE (ROUTE DE),0,,2,2,0,1,(1),(1),1,, -1,1,0,1,50,9,4,1,35,35281,2,2,0,2,Rue de la Jaunais de Mivoie,48.069101,-1.703725,11,2,2
202100035370,138Â 484,A01,1,1,1,4,1,-1,-1,0,0,-1,2021,59.0,1,3,0,0,8,13,1,4.0,3,792,0,D,2,2,0,2,0,0,1,, -1,1,0,3,80,10,6,1,22,22183,1,1,0,7,Lieu Dit Launay,48.203726,-2.581658,8,4,1
202100037583,134Â 481,B01,1,1,1,4,2,6,-1,-1, -1,-1,2021,29.0,1,1,0,2,1,21,1,,4,ALLEES MARINES (AVENUE DES),0,,2,2,0,1,0,0,1,, -1,1,0,1,50,29,5,1,64,64102,2,9,0,3,ALLEES MARINES (AVENUE DES),43.49933,-1.48921,13,2,2
202100003444,195Â 600,A01,1,1,1,9,1,8,-1,0,0,-1,2021,19.0,2,2,0,2,1,18,1,,4,BOULEVARD PERIPHERIQUE,0,,1,4,0,1,33,100,1,, -1,1,0,1,70,11,12,5,75,75112,2,4,0,2,BOULEVARD PERIPHERIQUE,48.835517,2.412257,2,3,2
202100046887,117Â 962,A01,10,3,2,5,0,-1,-1,8,2,1,2021,85.0,3,5,0,1,4,26,1,,9,HAVRE. QUAI (BAS) DU,0,,2,1,3,1,38,0,1,, -1,2,6,6,10,16,3,1,76,76540,2,1,1,7,HAVRE. QUAI (BAS) DU,49.43925,1.08598,11,2,1
202100014516,175Â 762,B01,1,1,2,5,1,-1,-1,0,0,-1,2021,27.0,1,2,0,2,3,1,2,,3,30,-1,,2,2,0,1,6,197,1,, -1,1,0,1,80,8,10,2,69,69140,1,1,0,3,CHAZAY (DE) (RTE),45.8871137813,4.7034481256,18,2,2
202100049873,112Â 591,B01,1,1,1,0,8,0,-1,-1, -1,-1,2021,38.0,1,1,0,2,1,1,1,,4,ANDRE MARIE AMPERE,0,,2,0,0,1,0,0,1,, -1,1,0,1,50,27,2,1,64,64335,2,1,0,1,ANDRE MARIE AMPERE,43.31523,-0.42989,15,2,2
202100019674,166Â 481,A01,1,1,1,5,2,0,-1,-1, -1,-1,2021,27.0,3,0,0,2,1,15,3,,4,LOIRE (QUAI DE LA),0,,2,2,1,1,(1),(1),1,, -1,1,0,1,50,10,9,5,37,37261,2,3,0,6,LOIRE (QUAI DE LA),47.3975412612,0.6674046814,4,5,2
202100017227,170Â 852,A01,1,1,1,5,2,-1,-1,0,0,-1,2021,65.0,1,1,0,2,7,1,5,,7,D64,-1,,4,2,0,3,23,823,1,,4,1,9,1,30,3,9,1,31,31182,1,2,0,3,Route de Lacourtensourt,43.667503,1.410289,13,2,2
202100013949,176Â 769,A01,1,1,1,4,0,-1,-1,0,0,-1,2021,23.0,1,4,1,0,1,2,1,,1,20,0,,3,4,0,1,321,200,1,, -1,1,0,1,130,12,10,3,46,46290,1,1,0,2,A20 PK 321.200,44.769158,1.539257,3,5,3
202100007368,188Â 583,A01,1,1,2,0,2,6,-1,-1, -1,-1,2021,25.0,3,1,0,2,6,19,1,,3,GAY     (ALLEE),0,,2,2,0,1,1,0,1,, -1,1,5,1,50,18,11,1,93,93032,2,5,0,3,GAY     (ALLEE),48.89477,2.53642,14,3,2
202100044321,122Â 446,B01,1,1,1,1,2,6,-1,0,0,-1,2021,26.0,2,1,0,0,8,1,1,,3,670,0,D,3,2,0,1,66,380,1,, -1,1,5,1,50,13,4,1,33,33352,2,2,1,3,Chemin de Ronde,44.583094,-0.033678,7,2,2
202100005561,191Â 857,A01,1,1,1,5,1,0,-1,-1, -1,-1,2021,23.0,2,2,0,2,1,1,2,,4,HENRI BARBUSSE (AVE) NÂ°2-124,0,,2,2,0,1,0,0,1,, -1,1,0,1,50,29,11,3,93,93001,2,1,0,2,HENRI BARBUSSE (AVE) NÂ°2-124,48.9104974772,2.3912175,22,3,2
202100012850,178Â 755,A01,10,3,1,5,0,-1,-1,1,1,1,2021,56.0,3,2,0,1,1,0,1,,4,PORTE  MAURE CHEMIN DU,0,,2,2,0,1,(1),(1),1,, -1,1,0,1,80,16,10,3,26,26362,1,1,0,6,Chemin de Porte Maure,44.895315,4.910972,22,3,1
202100004014,194Â 565,B01,1,1,1,0,1,0,-1,-1, -1,-1,2021,46.0,3,2,0,2,1,21,1,,4,ARMAND TOULET (AVENUE),0,,2,2,0,3,0,0,1,, -1,2,5,1,50,6,12,5,64,64024,2,1,1,3,Avenue Armand Toulet,43.4878687183,-1.5034049749,18,4,2
202100003029,196Â 367,A01,1,1,1,5,1,-1,-1,0,0,-1,2021,66.0,2,2,0,2,1,13,1,,3,938,3,,2,2,0,1,16,0,1,, -1,1,0,1,-1,15,12,1,85,85009,1,1,0,1,RD 938 TER,46.421455,-0.843887,15,3,2
202100045433,120Â 523,A01,10,3,1,5,0,-1,-1,4,3,2,2021,72.0,2,1,0,1,3,1,1,,4,RUE DU RENARD,0,,1,3,0,1,(1),(1),1,, -1,1,8,1,50,2,4,1,75,75104,2,2,0,6,RUE DU RENARD,48.858353,2.351939,15,2,1
202100024119,158Â 548,B01,1,1,1,1,8,0,-1,-1, -1,-1,2021,40.0,1,2,0,9,3,1,1,,2,CROIX DE NOAILLES,0,,-1,2,0,1,16,585,1,, -1,1,0,1,70,12,8,1,78,78551,1,2,0,1,CROIX DE NOAILLES,48.93948,2.09578,9,3,2
202100055275,103Â 017,A01,1,1,1,5,2,8,-1,-1, -1,-1,2021,20.0,1,1,1,0,1,13,1,,4,COURS NOLIVOS ( RUE DU),0,,2,2,0,1,100,0,1,, -1,1,0,3,50,10,1,1,971,97105,2,1,0,6,COURS NOLIVOS ( RUE DU),15.98697214,-61.724231,10,1,1
202100043308,124Â 250,B01,1,1,1,4,2,8,-1,-1, -1,-1,2021,52.0,3,1,0,2,5,2,1,,4,JACQUES COEUR (AVENUE),0,,2,2,0,1,(1),(1),1,, -1,1,0,1,50,19,4,1,86,86194,2,1,0,2,Avenue Jacques Coeur,46.560387,0.386884,16,2,2
202100042031,126Â 495,A01,1,1,1,0,2,0,-1,-1, -1,-1,2021,26.0,3,1,0,2,1,5,1,,4,AVENUE VICTOR HUGO,0,,2,3,2,1,(1),(1),1,, -1,1,0,1,50,29,4,5,38,38151,2,3,0,1,Avenue Victor Hugo,45.15455,5.71224,20,2,2
202100008678,186Â 226,A01,1,1,1,9,2,6,-1,-1, -1,-1,2021,31.0,1,1,0,2,1,18,1,,4,FRERES LUMIERE (DES)                (AV),0,,1,1,2,1,(1),(1),1,, -1,1,0,1,50,8,11,2,69,69388,2,2,0,3,FRERES LUMIERE (DES) (AV),45.74319,4.87482,17,2,2
202100006389,190Â 376,A01,1,1,1,0,2,6,-1,-1, -1,-1,2021,18.0,1,1,0,2,1,1,1,,7,EUROPE (DE L')                      (BD),0,,2,2,2,1,3,700,1,, -1,1,0,1,50,24,11,5,69,69152,2,1,0,3,EUROPE (DE L') (BD),45.6972164227,4.8250070214,17,2,2
202100048714,114Â 683,B01,1,1,1,9,1,0,-1,-1, -1,-1,2021,24.0,1,1,0,0,0,0,1,,3,PASTEUR (BOULEVARD) DE 1 A 39,0,,2,2,0,1,0,1,1,, -1,1,0,1,50,8,3,1,93,93027,2,1,0,1,PASTEUR (BOULEVARD) DE 1 A 39,48.9207750246,2.3830885679,11,2,2
202100006823,189Â 581,A01,10,3,2,1,0,-1,-1,4,3,1,2021,28.0,1,2,0,1,1,15,1,,3,REPUBLIQUE (AV DE LA),0,,2,2,0,1,1,0,1,, -1,1,0,1,50,22,11,5,94,94073,2,3,0,6,REPUBLIQUE (AV DE LA),48.76573,2.39265,18,2,1
202100000315,201Â 154,A01,1,1,2,0,1,0,-1,-1, -1,-1,2021,21.0,3,2,15,2,3,19,1,,4,ALTADIS (BD DE L'EUROPE),0,,1,1,0,2,0,0,3,, -1,1,0,1,50,28,3,1,13,13117,2,3,0,3,ALTADIS (BD DE L'EUROPE),43.4230244821,5.2554774284,16,3,2
202100011532,181Â 104,B01,1,1,1,9,2,6,-1,-1, -1,-1,2021,17.0,2,1,0,2,1,1,1,,7,EUROPE (DE L')                      (BD),0,,2,2,1,1,3,200,1,, -1,1,0,1,50,22,10,5,69,69152,2,1,0,3,EUROPE (DE L')                      (BD),45.69994,4.82319,19,3,2
202100014063,176Â 557,A01,2,2,1,1,1,-1,-1,0,0,-1,2021,45.0,1,5,3,0,3,14,1,,1,6,0,,3,4,0,1,215,300,1,, -1,1,0,3,-1,11,10,2,89,89379,1,1,1,6,autoroute A6,47.50472,4.06776,8,2,1
202100006185,190Â 760,C01,1,1,1,5,1,-1,-1,0,0,-1,2021,27.0,0,2,1,0,4,0,1,,3,1017,0,,-1,2,0,2,35,900,1,, -1,2,0,5,50,26,11,5,60,60223,2,1,1,5,Avenue de Flandres,49.423564,2.636333,22,4,3
202100015528,173Â 931,A01,10,3,1,3,0,-1,-1,4,3,1,2021,39.0,1,2,0,1,1,1,1,,4,COLMAR (AVENUE DE),0,,3,6,3,1,0,0,1,, -1,1,4,1,50,30,9,1,67,67482,2,8,0,6,COLMAR (AVENUE DE),48.55357,7.74471,11,2,1
202100008331,186Â 836,A01,1,1,2,5,1,-1,-1,0,0,-1,2021,20.0,1,2,13,0,1,21,1,,3,4,0,D,2,2,0,1,21,777,1,, -1,2,0,3,80,2,10,3,44,44052,1,1,1,7,D4,47.3502,-2.102327,4,1,1
202100016097,172Â 866,A01,1,1,1,0,2,0,-1,-1, -1,-1,2021,16.0,1,1,0,2,1,14,1,,4,PRUNEAU (AVE GENERAL),0,,2,3,3,1,0,0,3,, -1,1,0,6,50,29,9,2,83,83137,2,2,0,3,PRUNEAU (AVE GENERAL),43.119259,5.95021,19,2,2
202100042064,126Â 439,B01,1,1,2,5,2,0,-1,-1, -1,-1,2021,34.0,1,1,0,2,5,23,1,,3,AMITIE ENTRE LES PEUPLES (PL),0,,1,2,2,1,0,0,2,, -1,1,0,1,50,28,4,1,94,94033,2,6,0,2,AMITIE ENTRE LES PEUPLES (PL),48.85247,2.4816,15,2,2
202100047398,117Â 047,B01,1,1,1,1,2,0,-1,-1, -1,-1,2021,32.0,2,1,0,2,1,1,1,,3,WINSTON CHURCHILL (AV),0,,3,4,0,1,1,0,1,, -1,2,0,1,50,18,3,1,94,94078,2,9,1,3,Avenue Winston Churchill,48.754961,2.445098,17,2,2
202100038800,132Â 261,A01,1,1,1,5,2,6,-1,0,0,-1,2021,31.0,1,1,0,0,6,1,1,,3,53,0,D,2,2,0,3,4,800,1,, -1,1,0,1,80,23,5,1,54,54117,1,1,0,7,D53,48.4422196636,6.0666525372,17,1,1
202100014497,175Â 798,B01,1,1,1,5,0,-1,-1,0,0,-1,2021,58.0,1,4,0,2,8,15,1,,3,131,-1,,2,2,0,1,19,425,1,, -1,1,0,1,80,9,10,1,53,53007,1,3,0,2,Lieu-dit la carie,48.090941,-0.666287,10,3,2
202100038064,133Â 619,A01,1,1,1,4,2,8,-1,-1, -1,-1,2021,51.0,1,1,0,2,1,17,1,,4,,0,,2,2,0,1,0,0,1,, -1,1,0,1,50,26,5,1,92,92036,2,3,0,3,LOUISE MICHEL (IMPAIRS),48.922665,2.320603,18,2,2
202100010947,182Â 157,B01,1,1,1,3,8,0,-1,-1, -1,-1,2021,38.0,-1,1,0,2,7,25,5,,3,ELYSEE RECLUS (AVENUE) NÂ° 23 AU 217,0,,1,2,1,1,0,1,1,, -1,1,0,5,30,26,10,1,93,93059,2,3,0,3,MERCHER (PASSAGE),48.94933,2.35775,9,2,2
202100051414,109Â 788,A01,1,1,2,0,1,-1,-1,-1, -1,-1,2021,38.0,1,2,0,2,1,1,1,,4,MARNE        (Rue de la),0,,1,1,0,1,0,(1),1,, -1,1,0,1,50,14,2,1,69,69266,2,2,0,3,MARNE (DE LA) (R),45.7524809194,4.9061346521,10,2,2
202100000644,200Â 558,A01,10,3,1,3,0,-1,-1,2,3,1,2021,71.0,1,4,0,1,1,1,1,,3,974,-1,,2,2,0,1,28,0,1,,4,1,0,1,50,8,10,1,21,21464,2,2,0,6,Rue Thurot,47.136323,4.950001,10,2,1
202100008461,186Â 614,B01,1,1,1,5,8,0,-1,-1, -1,-1,2021,32.0,2,1,0,2,1,2,5,,7,CARREL ARMAND RUE,0,,2,2,0,1,(1),(1),1,, -1,1,5,5,50,31,10,5,59,59350,2,3,0,1,FERBER RUE CAPITAINE,50.6132579381,3.0748600727,4,2,2
202100033925,141Â 120,A01,1,1,1,1,2,6,-1,0,0,-1,2021,49.0,1,1,0,0,8,1,1,,3,59,0,B,2,2,0,1,0,925,3,, -1,6,0,1,80,18,6,3,81,81252,1,1,0,7,D59b,43.668298,2.233819,5,1,1
202100028448,150Â 865,A01,2,2,1,0,2,0,-1,-1, -1,-1,2021,20.0,1,1,0,2,5,1,1,,2,MADELEINE (ROUTE DE LA),0,,2,2,0,1,3,0,1,, -1,1,0,1,50,16,7,1,973,97302,1,6,0,3,MADELEINE (ROUTE DE LA),4.90767253,-52.32262053,11,3,2
202100014927,175Â 032,B01,1,1,1,1,2,6,-1,-1, -1,-1,2021,33.0,1,1,0,2,3,3,1,,1,A4,0,,3,4,0,1,13,699,1,, -1,1,0,1,110,6,10,1,93,93051,1,1,0,3,A4,48.8357622127,2.5613654673,18,2,2
202100054174,104Â 911,A01,1,1,1,0,2,6,-1,-1, -1,-1,2021,20.0,2,1,0,0,7,1,1,,1,AUTOROUTE A3,0,,3,6,0,1,8,0,1,, -1,1,0,1,90,22,1,2,93,93010,1,1,0,3,AUTOROUTE A3,48.90632,2.47217,17,2,2