Num_Acc,id_vehicule,num_veh,place,catu,sexe,trajet,secu1,secu2,secu3,locp,actp,etatp,year_acc,victim_age,senc,catv,obs,obsm,choc,manv,motor,occutc,catr,voie,v1,v2,circ,nbv,vosp,prof,pr,pr1,plan,lartpc,larrout,surf,infra,situ,vma,jour,mois,lum,dep,com,agg_,int,atm,col,adr,lat,long,hour,nb_victim,nb_vehicules
202100044819,121Â 603,A01,10,3,1,3,0,-1,-1,8,9,1,2021,61.0,0,2,0,1,4,4,3,,6,BROSSOLETTE (RUE PIERRE),0,,-1,0,0,1,(1),(1),1,, -1,1,9,8,30,2,4,1,50,50602,2,1,0,6,BROSSOLETTE (RUE PIERRE),49.6314,-1.59044,15,3,1
202100015472,174Â 045,B01,1,1,1,0,8,0,-1,-1, -1,-1,2021,17.0,3,1,0,2,7,19,5,,4,DE GAULLE(RUE),0,,2,2,0,2,0,0,1,, -1,1,6,1,30,29,9,1,974,97407,2,1,0,3,DE GAULLE(RUE),-20.94353,55.29752,11,2,2
202100019437,166Â 892,A01,1,1,1,5,8,-1,-1,0,0,-1,2021,70.0,1,2,0,2,3,13,1,,3,112,0,,2,2,0,1,73,314,1,, -1,1,0,1,80,13,9,1,81,81140,1,1,0,1,d112,43.677742,1.89085,16,2,2
202100027664,152Â 272,A01,4,2,2,0,1,0,-1,-1, -1,-1,2021,2.0,1,2,0,2,7,17,1,,1,AUTOROUTE A5A,0,,3,8,0,1,3,500,1,, -1,1,0,1,110,22,7,1,77,77251,1,1,0,2,AUTOROUTE A5A,48.61318,2.56665,18,3,2
202100037785,134Â 120,A01,2,2,2,5,1,0,-1,-1, -1,-1,2021,65.0,1,2,0,2,2,26,1,,4,DE LATTRE DE TASSIGNY,0,,3,2,0,1,1,0,1,, -1,1,0,1,50,28,5,1,49,49007,2,2,0,3,DE LATTRE DE TASSIGNY,47.452522,-0.54062,13,3,2
202100028861,150Â 129,A01,1,1,1,9,2,0,-1,0,0,-1,2021,21.0,2,1,0,2,1,5,5,,4,RUE OBERKAMPF,0,,1,1,0,1,(1),(1),1,, -1,1,0,1,50,15,7,5,75,75111,2,2,0,1,RUE OBERKAMPF,48.865131,2.375265,1,2,2
202100023732,159Â 198,A01,2,2,2,0,2,8,-1,-1, -1,-1,2021,23.0,3,1,0,0,8,15,1,,3,,0,,2,2,0,1,1,200,2,, -1,1,0,1,80,17,8,1,7,7231,1,1,0,7,,44.5908,4.39379,20,2,1
202100033677,141Â 566,A01,1,1,1,0,2,6,-1,-1, -1,-1,2021,52.0,3,1,0,2,8,18,1,,3,913,0,,2,2,1,1,0,0,1,, -1,2,8,1,50,18,6,1,92,92062,2,1,0,3,GENERAL DE GAULLE (AV) DU 44 AU 106,48.8889339285,2.2358264029,17,2,2
202100037408,134Â 799,B01,1,1,2,0,1,-1,-1,-1, -1,-1,2021,36.0,3,2,0,2,5,1,1,,4,IRENE JOLIOT CURIE                  (BD),0,,1,4,2,1,(1),(1),1,, -1,2,0,1,50,30,5,5,69,69259,2,6,0,2,IRENE JOLIOT CURIE                  (BD),45.72098,4.87408,3,5,2
202100032998,142Â 762,B01,1,1,1,0,1,8,-1,-1, -1,-1,2021,39.0,2,2,0,2,4,2,1,,1,AUTOROUTE A3,0,,3,-1,0,1,15,0,1,, -1,2,0,1,90,22,6,1,93,93005,1,1,1,4,AUTOROUTE A3,48.96841,2.47878,17,4,3
202100048955,114Â 242,A01,1,1,1,9,8,0,-1,0,0,-1,2021,57.0,3,1,0,2,2,7,3,,4,RUE PELLEPORT,0,,1,1,0,2,(1),(1),1,, -1,1,-1,6,50,6,3,1,75,75120,2,4,0,3,RUE DU CAPITAINE FERBER,48.86435,2.404316,16,2,2
202100042293,126Â 027,A01,1,1,1,0,1,0,-1,-1, -1,-1,2021,58.0,1,0,0,2,1,2,1,,3,REBAIS (AVENUE DE),0,,3,2,0,2,0,42,3,, -1,1,0,1,30,27,4,1,77,77131,2,6,0,2,REBAIS (AVENUE DE),48.81359,3.0873,15,2,2
202100033223,142Â 379,A01,1,1,1,5,1,0,-1,-1, -1,-1,2021,55.0,2,2,0,9,4,16,1,,3,STALINGRAD (AV DE),0,,1,3,0,1,0,1,1,, -1,2,2,8,50,20,6,5,94,94021,2,9,0,2,Avenue de Stalingrad,48.761082,2.368358,0,2,2
202100033819,141Â 309,A01,10,3,1,9,0,-1,-1,2,3,1,2021,19.0,3,2,0,1,1,1,1,,7,FAUBOURG D'ARRAS RUE,0,,2,1,0,1,(1),(1),1,, -1,1,9,1,30,15,6,1,59,59350,2,1,0,6,FAUBOURG D'ARRAS RUE,50.609657124,3.0604353547,18,2,1
202100014670,175Â 490,B01,1,1,1,5,2,6,-1,0,0,-1,2021,49.0,2,1,0,2,1,1,1,,3,1113,0,D,2,2,0,1,49,696,1,, -1,1,0,1,50,19,7,1,33,33334,2,2,0,1,Route des Graves,44.692806,-0.432017,12,2,2
202100005049,192Â 757,A01,1,1,1,0,8,-1,-1,-1, -1,-1,2021,19.0,2,1,0,2,3,15,3,,4,,0,,1,2,2,1,(1),(1),1,, -1,1,0,1,50,2,12,1,69,69266,2,2,0,3,ANATOLE FRANCE (R),45.76788,4.87802,16,2,2
202100014156,176Â 389,B01,1,1,2,0,1,0,-1,-1, -1,-1,2021,21.0,2,2,0,0,8,0,1,,7,GRAMME (CHAUSSEE),0,,3,4,0,1,(1),(1),1,, -1,1,0,1,50,10,10,5,59,59599,2,1,0,3,GRAMME (CHAUSSEE),50.737456,3.165275,0,2,2
202100032774,143Â 193,A01,1,1,1,1,2,-1,-1,0,0,-1,2021,59.0,2,1,0,2,1,3,1,,1,8,0,,3,3,0,1,21,500,1,, -1,1,0,1,90,24,6,1,13,13001,1,1,0,2,autoroute A8,43.511833,5.444283,8,2,2
202100052939,107Â 094,A01,10,3,1,9,0,-1,-1,1,9,1,2021,24.0,1,4,0,1,2,1,1,,2,10,-1,,3,4,0,2,70,800,1,, -1,2,0,1,110,2,2,3,86,86293,1,1,1,6,N10,46.454848,0.266494,4,2,1
202100052116,108Â 552,B01,1,1,2,9,8,8,-1,-1, -1,-1,2021,61.0,0,1,0,2,7,1,5,,4,JOFFRE (AVENUE DU MARECHAL CD 88),0,,2,3,1,1,(1),(1),1,, -1,1,0,5,50,6,2,1,66,66136,2,3,0,3,JOFFRE (AVENUE DU MARECHAL CD 88),42.71177,2.88964,10,2,2
202100018708,168Â 201,A01,1,1,1,0,2,6,-1,-1, -1,-1,2021,34.0,2,1,0,2,8,0,1,,1,AUTOROUTE A1,0,,1,9,0,1,0,500,1,, -1,1,0,1,50,16,9,1,93,93066,1,1,0,3,AUTOROUTE A1,48.9075182389,2.358505508,9,2,2
202100017663,170Â 051,B01,1,1,1,9,2,0,-1,-1, -1,-1,2021,38.0,2,1,0,2,2,1,1,,4,LIEUTAUD (COURS),0,,2,2,0,2,0,0,1,, -1,1,0,1,50,21,9,1,13,13206,2,2,0,3,LIEUTAUD (COURS),43.2891,5.38408,8,2,2
202100006168,190Â 785,C01,7,2,1,5,1,9,-1,0,0,-1,2021,3.0,2,2,13,2,8,1,1,,3,23,-1,,2,2,0,2,(1),(1),3,, -1,2,0,1,70,2,11,1,971,97118,1,1,1,4,Route de la Traversee,16.2059142031,-61.6324907541,14,5,4
202100039919,130Â 233,A01,1,1,1,4,2,0,-1,-1, -1,-1,2021,20.0,1,1,0,2,1,16,1,,3,15EME CORPS (AVE DU),0,,2,2,0,1,27,820,1,, -1,1,0,1,50,14,5,1,83,83137,2,3,0,1,15EME CORPS (AVE DU),43.12827,5.91655,20,2,2
202100052293,108Â 238,A01,10,3,1,0,0,-1,-1,2,3,-1,2021,12.0,3,2,0,1,2,26,1,,4,MARECHAL LECLERC,0,,2,2,0,1,(1),(1),1,, -1,1,0,1,50,3,2,1,971,97101,2,9,0,6,MARECHAL LECLERC,16.2574,-61.52963,12,2,1
202100004289,194Â 091,Z01,10,3,2,1,0,-1,-1,3,3,1,2021,42.0,2,1,0,1,0,1,3,,4,AVENUE DES TERNES,0,,2,2,0,1,(1),(1),1,, -1,1,0,1,50,7,12,1,75,75117,2,3,0,6,AVENUE DES TERNES,48.879003,2.292813,9,2,1
202100017567,170Â 222,A01,1,1,1,0,2,-1,-1,0,0,-1,2021,33.0,1,1,4,0,0,1,1,,4,,0,,2,2,0,2,(1),(1),3,,5,1,9,1,80,22,9,2,971,97128,1,1,0,6,Richeplaine,16.273161,-61.335597,17,1,1
202100023730,159Â 201,A01,10,3,1,0,0,-1,-1,9,5,2,2021,2.0,3,2,0,1,1,26,1,,4,LUCIEN MOREL PAYEN (RUE),0,,-1,-1,0,1,(1),(1),1,, -1,1,0,6,30,16,8,1,10,10387,2,1,0,6,LUCIEN MOREL PAYEN (RUE),48.3052101177,4.0893888784,16,2,1
202100054418,104Â 483,A01,1,1,1,0,8,0,-1,-1, -1,-1,2021,59.0,0,2,0,2,1,5,1,,3,D235,0,,2,4,0,1,0,1,1,, -1,1,0,1,80,14,1,1,84,84031,1,1,0,4,D235,44.031773,5.050781,9,5,4
202100050501,111Â 429,A01,1,1,1,4,2,0,-1,-1, -1,-1,2021,26.0,1,1,12,0,8,14,3,,4,,0,,1,1,0,1,0,0,1,, -1,1,0,4,30,23,2,5,92,92023,2,6,0,7,VICTOR HUGO (AVENUE),48.803723098,2.2668810189,22,1,1
202100010839,182Â 351,A01,10,3,1,3,0,-1,-1,3,3,1,2021,77.0,2,5,0,1,2,1,1,,4,BOURDILLON,0,,2,2,0,1,(1),(1),2,, -1,1,0,1,50,27,8,1,36,36044,2,1,0,6,Rue Bourdillon,46.80777,1.69499,12,2,1
202100031768,144Â 977,A01,10,3,2,5,0,-1,-1,2,3,1,2021,69.0,1,2,0,1,1,1,1,,3,,-1,,1,2,0,1,21,0,1,,5,2,0,1,50,25,6,1,95,95313,2,1,1,6,Grande Rue,49.112166,2.217323,16,2,1
202100052985,107Â 007,A01,10,3,2,5,0,-1,-1,2,5,1,2021,32.0,1,2,0,1,1,1,1,,4,RUE DE ROME,0,,2,2,0,1,(1),(1),1,, -1,1,0,1,50,31,1,1,75,75117,2,1,0,6,RUE DE ROME,48.882713,2.319848,10,2,1
202100034958,139Â 217,B01,1,1,1,9,1,0,-1,0,0,-1,2021,56.0,1,2,0,2,5,1,1,,4,,0,,2,2,0,1,1,0,1,, -1,1,0,1,50,11,6,1,71,71486,2,2,0,5,Avenue Waldeck Rochet,46.6649534,4.3681765948,21,4,3
202100020284,165Â 378,A01,10,3,1,9,0,-1,-1,6,1,1,2021,90.0,2,2,0,1,2,1,1,,3,ROQUEBILIERE (COTE DE),0,,2,2,0,3,3,380,1,, -1,1,0,3,50,6,9,1,46,46042,2,9,0,7,ROQUEBILIERE (COTE DE),44.4372,1.410882,19,2,1
202100032504,143Â 664,A01,1,1,1,5,2,8,-1,0,0,-1,2021,28.0,1,1,0,2,1,1,1,,3,DE GAULLE (AVENUE GENERAL),0,,2,3,0,1,72,676,1,, -1,1,5,1,30,24,6,5,6,6083,2,3,0,3,DE GAULLE (AVENUE GENERAL),43.770311,7.493497,4,2,2
202100053052,106Â 894,B01,1,1,1,0,8,0,-1,0,0,-1,2021,38.0,3,1,0,2,1,25,3,,4,,0,,1,-1,2,1,(1),(1),1,, -1,2,-1,1,30,30,1,5,54,54395,2,2,1,1,HENNER (RUE),48.67932,6.17426,17,2,2
202100014390,175Â 987,A01,1,1,1,5,1,0,-1,-1, -1,-1,2021,21.0,1,2,0,2,1,13,1,,4,GRIVEL (BOULEVARD AMIRAL),0,,2,2,0,1,(1),(1),3,, -1,2,0,1,50,4,10,5,19,19031,2,1,0,1,GRIVEL (BOULEVARD AMIRAL),45.15541,1.54013,5,4,2
202100031285,145Â 816,A01,1,1,1,0,2,4,-1,-1, -1,-1,2021,52.0,2,1,0,2,2,2,1,,1,AUTOROUTE A3,0,,3,8,0,1,0,800,1,, -1,1,0,1,90,3,7,1,93,93006,1,1,0,3,AUTOROUTE A3,48.86649,2.4239,13,2,2
202100030429,147Â 381,A01,7,2,2,4,8,0,-1,-1, -1,-1,2021,31.0,2,3,1,0,0,21,1,4.0,3,LENINE (R),0,,1,2,0,1,1,0,1,, -1,1,0,1,50,6,7,1,94,94041,2,1,0,7,Rue LÃ©nine,48.81566,2.39351,15,4,1
202100023927,158Â 863,A01,1,1,1,0,8,0,-1,-1, -1,-1,2021,27.0,1,1,0,1,1,1,3,,4,2,0,,2,2,0,1,0,0,1,, -1,1,0,1,50,16,8,1,92,92012,2,1,0,6,JEAN JAURES (BOULEVARD) 63/215 - 70/208,48.8366383057,2.2417928967,17,2,1
202100036740,136Â 033,A01,1,1,1,0,1,0,-1,-1, -1,-1,2021,29.0,2,2,3,0,1,1,0,,1,AUTOROUTE A3,0,,3,5,0,1,6,500,3,, -1,1,0,1,90,3,6,3,93,93053,1,1,0,6,AUTOROUTE A3,48.89315,2.47216,3,1,1
202100055010,103Â 481,A01,1,1,1,4,2,-1,-1,-1, -1,-1,2021,23.0,1,1,0,2,1,1,1,,4,,0,,1,1,0,1,(1),(1),1,, -1,1,0,1,50,14,1,1,69,69383,2,2,0,3,DANTON (R),45.7561758691,4.857416153,11,2,2
202100044319,122Â 450,B01,1,1,1,4,1,0,-1,-1, -1,-1,2021,38.0,1,3,0,2,2,1,1,1.0,3,REDOUTE ( AVENUE DE LA  ),0,,3,3,0,1,0,0,1,, -1,1,5,1,50,2,4,5,92,92004,2,2,0,3,REDOUTE ( AVENUE DE LA  ),48.9268352181,2.2733277615,21,2,2
202100001643,198Â 867,A01,10,3,1,0,0,-1,-1,6,1,1,2021,46.0,2,2,0,1,2,1,1,,3,20,-1,N,3,2,0,1,48,300,1,, -1,2,0,1,90,25,12,3,91,91414,1,1,1,6,N20,48.353055,2.049133,19,2,1
202100034626,139Â 821,B01,1,1,1,0,8,0,-1,-1, -1,-1,2021,20.0,3,1,0,2,1,1,0,,3,SOLIDARITE (RUE DE LA),0,,2,2,1,2,1,0,1,, -1,1,0,1,50,13,6,2,93,93048,2,2,0,3,Boulevard Jeanne dâArc / Rue de la SolidaritÃ©,48.85283,2.44468,21,2,2
202100044418,122Â 288,A01,1,1,1,1,1,-1,-1,0,0,-1,2021,46.0,1,2,0,2,3,13,1,,3,417,-1,,2,2,0,1,17,(1),1,, -1,1,0,1,90,12,4,1,52,52353,1,1,0,1,D 417 PK 17,48.050338,5.353721,12,2,2
202100020488,165Â 015,A01,10,3,2,1,0,-1,-1,1,1,2,2021,36.0,1,2,0,1,2,1,1,,4,EGALITE (RUE DE L'),0,,2,2,0,1,(1),(1),1,, -1,1,9,4,30,6,9,1,95,95598,2,1,1,6,EGALITE (RUE DE L'),48.9940548082,2.2942728164,12,2,1
202100015047,174Â 813,A01,1,1,1,0,1,0,-1,-1, -1,-1,2021,20.0,1,2,0,2,1,0,1,,7,,0,,3,4,0,1,89,930,1,, -1,2,0,1,110,5,10,1,45,45284,1,1,1,2,D2060-89+930,47.9208000365,1.9981976152,15,2,2
202100019164,167Â 372,B01,1,1,1,0,1,0,-1,0,0,-1,2021,25.0,2,2,0,2,1,1,1,,7,,0,,1,2,0,1,(1),(1),1,, -1,1,5,1,50,10,9,1,63,63113,2,5,0,3,PARDIEU (ROND-POINT DE LA),45.76451,3.12546,12,2,2
202100012099,180Â 090,A01,1,1,1,0,1,-1,-1,0,0,-1,2021,70.0,2,2,0,0,9,14,1,,3,8,0,F,2,2,0,4,10,1,1,, -1,1,0,3,-1,20,10,1,9,9029,1,1,0,7,D8f,42.777614,1.377926,14,1,1
202100003886,194Â 808,A01,2,2,1,0,0,-1,-1,0,0,-1,2021,45.0,2,1,0,6,3,1,1,,3,120,0,A,2,2,0,1,2,300,1,, -1,2,0,1,80,10,12,3,55,55519,1,1,1,6,Route de Guerpont,48.722785,5.269361,18,2,1
202100018849,167Â 952,A01,1,1,1,5,2,6,-1,0,0,-1,2021,51.0,2,1,0,0,0,1,1,,3,96,-1,,2,2,0,1,13,500,1,, -1,1,5,1,80,12,9,1,70,70477,2,1,0,7,rue d'arcey,47.56493,6.636,17,1,1
202100010305,183Â 285,B01,1,1,1,5,8,0,-1,0,0,-1,2021,14.0,2,1,0,2,4,1,5,,3,SOMMERVILLER (ROUTE DE),0,,2,2,0,1,13,350,1,, -1,1,0,1,80,29,10,2,54,54159,1,1,0,6,SOMMERVILLER (ROUTE DE),48.62909,6.36344,19,3,3
202100035558,138Â 153,A01,1,1,1,9,2,0,-1,-1, -1,-1,2021,27.0,3,1,15,0,1,1,1,,3,REPUBLIQUE (AV DE LA),0,,2,2,0,1,0,0,1,, -1,1,0,1,50,9,6,5,94,94046,2,1,0,6,REPUBLIQUE (AV DE LA),48.8063,2.44254,0,1,1
202100047870,116Â 193,A01,1,1,1,5,2,-1,-1,0,0,-1,2021,56.0,1,1,0,2,1,1,5,,3,14,-1,,2,2,0,1,13,480,3,, -1,1,0,1,80,16,3,1,30,30036,1,3,1,3,Route de Camargue,43.765391,4.298589,9,2,2
202100028878,150Â 104,B01,1,1,1,0,2,8,-1,-1, -1,-1,2021,23.0,0,1,0,2,1,16,1,,4,VIEUX CHEMIN DE ST DENIS (AVENUE),0,,2,0,0,1,0,0,1,, -1,1,0,1,50,13,7,1,92,92036,2,1,0,3,VIEUX CHEMIN DE ST DENIS (AVENUE),48.931477,2.319998,20,2,2
202100030515,147Â 217,B01,1,1,1,0,2,6,-1,-1, -1,-1,2021,27.0,1,1,0,2,1,1,1,,1,AUTOROUTE A3,0,,3,9,0,3,0,899,2,, -1,1,0,1,110,5,7,1,93,93006,1,1,0,3,AUTOROUTE A3,48.86634,2.42384,17,2,2
202100001514,199Â 090,A01,1,1,1,5,1,-1,-1,0,0,-1,2021,57.0,1,2,13,0,1,1,1,,3,,0,D,2,2,0,1,0,0,3,, -1,2,0,3,80,25,12,3,36,36057,1,1,1,6,,46.880376,1.72418,6,1,1
202100003554,195Â 393,B01,1,1,2,0,8,-1,-1,0,0,-1,2021,64.0,3,1,15,2,3,24,5,,4,,0,,2,2,0,1,(1),(1),1,, -1,1,0,1,50,9,12,1,69,69386,2,3,0,2,BERANGER                            (R ),45.76619,4.86112,13,2,2
202100013919,176Â 823,A01,1,1,1,5,2,6,-1,0,0,-1,2021,17.0,2,1,0,2,1,1,1,,3,,-1,,2,2,0,1,5,900,1,,6,1,0,1,-1,11,10,3,11,11203,1,2,0,3,CD11,43.230321,2.795463,19,2,2
202100004940,192Â 961,XA01,1,1,1,1,2,0,-1,-1, -1,-1,2021,41.0,1,1,14,0,4,23,1,,4,EDOUARD VAILLANT (BLD),0,,1,1,0,1,0,0,1,, -1,1,0,1,50,3,12,5,93,93001,2,1,0,2,EDOUARD VAILLANT (BLD),48.9182974683,2.3971652985,7,2,2
202100014502,175Â 787,A01,1,1,1,1,1,-1,-1,0,0,-1,2021,30.0,2,2,0,2,3,13,1,,3,37,-1,,2,2,0,1,29,2175,3,, -1,1,0,1,80,8,10,1,31,31291,1,1,0,1,D37,43.576536,1.212385,15,2,2
202100006268,190Â 588,B01,1,1,2,0,8,8,-1,-1, -1,-1,2021,31.0,2,2,0,2,4,0,0,,4,SAINT JEROME (AVENUE DE),0,,2,2,0,1,0,0,1,, -1,2,0,1,50,25,11,5,13,13213,2,1,1,2,SAINT JEROME (AVENUE DE),43.33119,5.41928,22,2,2
202100034890,139Â 351,A01,1,1,1,5,2,-1,-1,0,0,-1,2021,67.0,1,1,0,0,1,1,5,,3,27,-1,,2,2,0,4,25,100,2,, -1,1,0,3,80,12,6,1,68,68171,1,1,0,7,D27,47.942394,6.970943,16,1,1
202100002698,196Â 948,B01,2,2,2,5,2,6,-1,0,0,-1,2021,18.0,1,1,0,0,4,1,1,,1,54,-1,,3,4,3,1,71,650,1,, -1,1,0,2,90,17,12,1,13,13103,1,1,0,2,"Autoroute A54, pk 071+650, sens ARLES-SALON",43.6265857465,5.1158952713,15,5,2
202100010209,183Â 460,B01,1,1,1,5,2,-1,-1,0,0,-1,2021,41.0,0,1,0,2,7,23,5,,4,,-1,,2,2,0,1,(1),(1),2,,4,1,0,3,70,9,10,1,44,44195,1,1,0,1,Moulin de la PÃ¢quelais (Patrimoine national),47.341007,-1.896064,10,2,2
202100022283,161Â 802,A01,1,1,1,1,1,0,-1,-1, -1,-1,2021,22.0,0,5,0,2,3,1,1,,2,RTE N113 MARSEILLE A BORBEAUX,0,,2,2,0,2,76,0,3,, -1,1,0,1,70,27,8,3,13,13004,1,1,0,1,RTE N113 MARSEILLE A BORBEAUX,43.65993,4.63931,5,2,2
202100046635,118Â 405,A01,1,1,1,9,2,6,-1,0,0,-1,2021,54.0,2,1,14,0,8,1,1,,4,RUE GEORGES AURIC,0,,1,1,0,2,(1),(1),1,, -1,1,0,1,50,25,3,3,75,75119,2,4,0,6,RUE GEORGES AURIC,48.884924,2.386205,19,1,1
202100041566,127Â 303,B01,2,2,2,0,2,0,-1,-1, -1,-1,2021,35.0,0,1,0,0,5,0,1,,3,,0,,-1,0,0,1,0,0,1,, -1,1,0,1,50,3,5,1,93,93070,2,1,0,3,Avenue Michelet,48.9123539144,2.3442650566,18,3,2
202100017560,170Â 238,A01,1,1,1,1,2,6,9,0,0,-1,2021,57.0,2,1,3,0,1,13,1,,3,20,0,D,2,2,0,2,52,65,1,, -1,1,0,3,80,23,9,2,53,53059,1,1,1,6,Chemin de la Barrerie,48.093635,-0.52607,7,1,1
202100045321,120Â 722,A01,10,3,1,5,0,-1,-1,2,3,1,2021,53.0,3,2,0,1,2,1,1,,4,,-1,,2,2,0,1,(1),(1),1,, -1,1,0,1,50,3,4,1,34,34344,2,1,0,6,AllÃ©e des GoÃ©lands,43.567892,4.098249,16,2,1
202100030448,147Â 348,B01,1,1,1,9,2,8,-1,-1, -1,-1,2021,27.0,1,1,0,2,2,3,1,,3,PASTEUR (AVENUE LOUIS) NÂ° 1 A 39 ET 2 A,0,,2,2,0,1,0,0,1,, -1,1,0,1,50,6,7,1,92,92007,2,3,0,3,PASTEUR (AVENUE LOUIS) NÂ° 1 A 39 ET 2 A,48.797106,2.317347,9,4,2
202100048967,114Â 222,A01,10,3,2,0,0,-1,-1,9,3,1,2021,67.0,0,5,1,2,4,4,1,,6,ALOUETTES (R DES),0,,-1,0,0,1,1,0,1,, -1,1,9,8,10,6,3,1,94,94073,1,9,0,6,ALOUETTES (R DES),48.75216,2.36973,17,2,1
202100005781,191Â 462,B01,1,1,2,1,2,6,-1,0,0,-1,2021,25.0,1,1,0,2,0,1,1,,4,AVENUE DE SEGUR,0,,3,1,0,1,(1),(1),1,, -1,2,0,1,30,28,11,1,75,75107,2,2,1,3,AVENUE DE SEGUR,48.849744,2.308,9,2,2
202100031040,146Â 258,A01,1,1,1,5,2,6,-1,0,0,-1,2021,25.0,2,1,0,9,7,1,1,,4,JAURES (BD JEAN),0,,2,2,0,1,(1),(1),1,, -1,1,0,1,50,2,7,5,63,63113,2,2,0,3,JAURES (BD JEAN),45.7678246174,3.081869576,1,3,2
202100013684,177Â 241,Z01,10,3,2,1,0,-1,-1,2,3,1,2021,46.0,1,1,0,1,1,8,1,,4,RUE DE CLIGNANCOURT,0,,1,1,3,1,(1),(1),1,, -1,1,-1,6,30,12,10,5,75,75118,2,4,0,6,RUE DE CLIGNANCOURT,48.886361,2.347558,19,2,1
202100031906,144Â 720,A01,1,1,1,9,2,6,-1,0,0,-1,2021,55.0,0,1,0,2,1,1,1,,4,RUE DE LA VICTOIRE,0,,1,1,0,1,(1),(1),1,, -1,1,0,1,30,28,6,1,75,75109,2,2,0,3,RUE DE LA VICTOIRE,48.875207,2.335213,8,2,2
202100002851,196Â 685,A01,1,1,1,9,1,-1,-1,0,0,-1,2021,59.0,2,2,3,2,5,13,1,,3,82,0,,2,2,0,2,3,650,4,, -1,1,0,1,80,17,12,1,4,4094,1,1,0,1,RD 82,43.789193,5.864763,12,3,2
202100050505,111Â 424,B01,9,2,2,4,1,-1,-1,0,0,-1,2021,36.0,1,2,0,0,4,23,1,,3,955,0,,2,2,0,3,51,0,1,, -1,1,0,1,90,23,2,1,28,28088,1,9,0,2,D955,48.086551,1.309841,10,4,2
202100027855,151Â 928,A01,1,1,1,5,2,6,-1,0,0,-1,2021,20.0,2,1,4,0,7,1,1,,3,918,-1,D,2,2,0,2,53,0,3,, -1,1,0,3,80,21,7,1,65,65123,1,1,0,7,D918,42.936475,0.209169,13,1,1
202100008009,187Â 416,B01,1,1,1,0,2,0,-1,0,0,-1,2021,29.0,1,1,0,2,1,1,1,,4,ALBERT 1ER  (BD),0,,2,4,0,1,(1),(1),1,, -1,2,0,1,50,15,11,2,54,54395,2,2,1,3,ALBERT 1ER  (BD),48.69634,6.16726,8,2,2
202100018070,169Â 335,A01,1,1,1,1,2,6,-1,0,0,-1,2021,58.0,1,1,2,0,9,1,1,,3,43,0,,2,2,0,1,24,600,1,, -1,6,0,3,80,19,9,2,95,95054,1,1,0,6,RD 43,49.151051,1.884716,7,1,1
202100018899,167Â 865,A01,10,3,2,5,0,-1,-1,2,3,1,2021,19.0,1,2,0,1,2,26,1,,3,LECLERC ( RUE GENERAL ),0,,2,3,0,2,72,250,1,, -1,1,0,1,50,9,9,1,88,88209,2,1,0,6,LECLERC ( RUE GENERAL ),48.192708,6.437505,14,2,1
202100015560,173Â 868,A01,2,2,2,5,8,0,-1,-1, -1,-1,2021,20.0,1,2,0,0,1,16,1,,4,CROIX BLANCHE RUE ET SQUARE,0,,1,2,0,1,1,0,3,, -1,2,0,1,50,2,10,1,49,49267,2,1,1,7,CROIX BLANCHE RUE ET SQUARE,47.468377,-0.514733,19,2,1
202100014669,175Â 496,A01,1,1,1,1,1,-1,-1,0,0,-1,2021,22.0,2,2,0,2,1,13,1,,3,35,-1,,2,2,0,1,25,115,1,, -1,1,0,1,80,8,10,1,50,50565,1,1,0,1,D35 la Croix,48.77138,-1.431055,13,2,2
202100031891,144Â 751,B01,1,1,1,5,2,8,-1,0,0,-1,2021,61.0,1,1,0,2,1,2,1,,4,,0,,2,2,0,1,(1),(1),1,, -1,1,0,1,50,26,6,1,6,6027,2,9,0,3,LECLERCAVENUE GENERAL,43.658209,7.163694,20,2,2
202100017555,170Â 247,A01,10,3,2,3,0,-1,-1,2,3,1,2021,79.0,3,2,0,1,2,1,1,,4,,-1,,1,2,0,1,(1),(1),3,, -1,1,0,1,50,22,9,1,6,6079,2,6,1,6,675 Boulevard des Ecureuils,43.544805,6.941688,17,2,1
202100045306,120Â 744,A01,2,2,1,5,8,-1,-1,0,0,-1,2021,29.0,1,2,13,0,9,1,1,,4,13,0,C,2,2,0,1,0,0,1,0,3,1,0,1,80,4,4,1,16,16009,1,1,1,6,Lieu-Dit Le PÃ¢turage,45.958698,0.554338,15,2,1
202100012522,179Â 331,A01,10,3,2,0,0,-1,-1,3,3,1,2021,35.0,1,2,0,1,1,15,1,,3,,-1,,2,2,0,1,8,393,1,,4,1,6,1,-1,19,10,1,76,76752,2,3,0,6,Place du General Leclerc,49.6683393303,0.8974057312,12,2,1
202100040237,129Â 675,B01,1,1,2,0,8,0,-1,-1, -1,-1,2021,8.0,2,1,1,0,1,1,5,,3,911,0,,1,3,3,1,0,0,1,, -1,1,0,6,50,12,5,1,92,92024,2,1,0,3,JEAN JAURES (BD) DE 47 A 109)   (56 A 14,48.9020485809,2.3045727611,16,2,2
202100055682,102Â 328,A01,1,1,1,5,2,6,-1,0,0,-1,2021,30.0,1,1,11,0,8,21,1,,4,AVENUE DE LA PORTE DE VINCENNES,0,,2,2,0,1,(1),(1),1,, -1,1,0,1,50,9,1,5,75,75112,2,2,0,6,AVENUE DE LA PORTE DE VINCENNES,48.84691,2.411148,19,1,1
202100035357,138Â 508,A01,2,2,2,5,1,-1,-1,0,0,-1,2021,23.0,1,2,6,0,2,14,1,,3,1075,0,,2,2,0,2,153,600,4,, -1,1,0,3,80,11,6,1,38,38204,1,1,0,6,Lalley,44.732366,5.679647,17,2,1
202100026025,155Â 160,A01,1,1,1,3,0,-1,-1,0,0,-1,2021,12.0,3,1,12,0,1,26,5,,4,,-1,,1,1,0,2,(1),(1),3,,3,1,0,4,50,1,8,1,974,97405,2,9,0,7,Chemin Cambrai,-21.350132,55.562239,10,1,1