Num_Acc,id_vehicule,num_veh,place,catu,sexe,trajet,secu1,secu2,secu3,locp,actp,etatp,year_acc,victim_age,senc,catv,obs,obsm,choc,manv,motor,occutc,catr,voie,v1,v2,circ,nbv,vosp,prof,pr,pr1,plan,lartpc,larrout,surf,infra,situ,vma,jour,mois,lum,dep,com,agg_,int,atm,col,adr,lat,long,hour,nb_victim,nb_vehicules
202100049306,113Â 625,B01,1,1,1,5,1,-1,-1,0,0,-1,2021,84.0,3,2,0,2,8,15,1,,3,26,0,D,2,2,0,1,5,500,1,, -1,1,0,1,80,16,2,1,56,56040,1,3,0,3,Bois de Pistol D26,47.832356,-3.380651,15,3,2
202100032530,143Â 622,A01,2,2,2,0,1,0,-1,-1, -1,-1,2021,23.0,1,2,1,0,1,14,2,,3,EMILE COSSONNEAU (NR 140 A 202),0,,1,2,0,1,0,0,1,, -1,1,0,1,50,23,6,5,93,93051,2,1,0,2,EMILE COSSONNEAU (NR 140 A 202),48.84947,2.57187,23,4,2
202100030189,147Â 807,B01,1,1,1,5,2,0,-1,-1, -1,-1,2021,23.0,2,1,0,2,7,0,1,,4,LIBERTE (BD DE LA),0,,2,2,0,1,(1),(1),1,, -1,1,0,1,50,5,7,1,34,34032,2,1,0,3,LIBERTE (BD DE LA),43.34031,3.22286,16,2,2
202100045046,121Â 209,B01,1,1,1,4,2,6,-1,-1, -1,-1,2021,28.0,2,1,0,2,1,1,1,,4,CARNOT(RUE) 43A71 ET 38A58,0,,1,1,0,1,0,0,1,, -1,2,0,1,50,5,4,1,92,92044,2,2,1,3,CARNOT(RUE) 43A71 ET 38A58,48.89172,2.28675,14,2,2
202100013761,177Â 112,A01,1,1,1,5,2,6,-1,0,0,-1,2021,59.0,1,1,0,2,1,26,1,,3,943,0,,2,2,0,1,36,600,1,, -1,1,0,1,50,10,10,1,37,37263,2,6,0,1,Tour CarrÃ©e,47.2751997322,0.8309715112,16,2,2
202100002782,196Â 793,A01,2,2,1,0,2,6,-1,-1, -1,-1,2021,23.0,1,1,0,2,2,17,1,,4,JEANNE D'ARC (BOULEVARD),0,,2,2,0,1,0,0,1,, -1,1,0,1,50,14,12,1,13,13205,2,1,0,3,JEANNE D'ARC (BOULEVARD),43.29341,5.40318,15,3,2
202100023332,159Â 904,A01,1,1,1,0,8,-1,-1,0,0,-1,2021,18.0,2,2,2,0,0,1,1,,3,59,-1,,2,2,0,1,14,520,1,, -1,1,0,3,80,20,8,3,27,27073,1,1,0,6,D59,48.861323,1.335641,22,1,1
202100026431,154Â 452,B01,1,1,1,5,2,-1,-1,-1,0,-1,2021,27.0,1,1,1,0,1,1,5,,3,SAINT LEU (ROUTE DE),0,,2,2,0,2,0,100,3,, -1,1,0,1,50,17,7,1,95,95427,2,1,0,3,RD 928,48.959275727,2.3290586472,15,2,2
202100014148,176Â 401,A01,10,3,2,0,0,-1,-1,1,3,1,2021,73.0,1,5,0,1,4,20,1,,4,LIBERATION (RUE DE LA),0,,2,2,0,1,0,0,1,, -1,1,0,8,50,9,10,1,74,74133,2,1,0,6,LIBERATION (RUE DE LA),46.1856,6.20699,10,2,1
202100014144,176Â 406,B01,1,1,1,5,2,6,-1,-1, -1,-1,2021,15.0,1,1,0,2,2,17,1,,4,allÃ©e de l'empereur,0,,2,2,0,1,(1),(1),1,, -1,1,0,1,50,9,10,1,82,82121,2,9,0,3,allÃ©e de l'empereur,44.01663,1.35665,17,2,2
202100041626,127Â 198,A01,1,1,1,0,1,0,-1,-1, -1,-1,2021,55.0,2,5,0,2,6,2,1,,1,AUTOROUTE A6A,0,,3,3,0,1,4,699,1,, -1,1,0,1,110,3,5,1,94,94038,1,1,0,2,AUTOROUTE A6A,48.7753718554,2.3461481062,15,2,2
202100008537,186Â 477,B01,10,3,1,0,0,-1,-1,1,2,1,2021,39.0,2,1,0,1,1,1,1,,3,763,0,D,2,2,0,1,12,927,1,, -1,1,0,1,80,11,11,3,44,44212,1,1,0,6,D763,47.151603,-1.278813,20,3,2
202100035843,137Â 633,B01,1,1,1,2,2,6,-1,0,0,-1,2021,17.0,2,1,0,2,7,1,1,,3,166,-1,,2,2,0,1,(1),(1),1,,4,1,5,1,30,8,6,1,22,22339,2,6,0,3,Carrefour giratoire des Champs Blancs,48.474849,-2.04299,9,2,2
202100017334,170Â 668,A01,10,3,2,0,0,-1,-1,3,3,1,2021,57.0,0,2,0,1,2,1,1,,4,34,-1,,2,2,0,1,32,800,1,, -1,1,0,6,50,24,9,1,29,29055,2,6,0,6,Giratoire de La Croix Rouge,48.563154,-4.335367,16,2,1
202100013218,178Â 112,A01,10,3,1,5,0,-1,-1,1,5,2,2021,4.0,1,2,0,1,1,9,1,,3,GRANDE CEINTURE (RUE DE LA),0,,2,2,0,1,3,300,1,, -1,1,0,1,50,14,10,1,95,95018,2,1,0,6,GRANDE CEINTURE (RUE DE LA),48.9497,2.26144,13,2,1
202100008663,186Â 257,C01,2,2,2,3,1,-1,-1,-1, -1,-1,2021,66.0,2,2,0,2,4,1,1,,1,A57,0,,3,4,0,1,0,100,1,, -1,2,0,1,70,9,11,1,83,83137,1,1,1,4,A57,43.12073,5.95176,11,6,5
202100021828,162Â 609,B01,1,1,1,9,2,8,-1,-1, -1,-1,2021,19.0,1,1,0,2,0,21,1,,3,19,0,,2,0,0,1,0,0,1,, -1,1,0,1,50,19,8,2,92,92036,2,1,0,3,PIERRE DE COUBERTIN  ( BD ),48.93031,2.28462,20,2,2
202100050807,110Â 862,C01,1,1,2,9,1,-1,-1,0,0,-1,2021,72.0,1,2,14,0,1,1,1,,3,785,-1,,2,2,0,1,93,990,1,, -1,2,5,1,80,21,2,3,29,29171,1,3,1,5,D785 - Lieu dit Kerouze,47.8328191195,-4.3003778457,20,3,3
202100025810,155Â 555,A01,1,1,1,1,1,-1,-1,0,0,-1,2021,20.0,2,2,0,2,7,13,1,,3,6,-1,,2,2,0,1,3,700,2,, -1,2,0,1,90,3,8,1,3,3227,1,1,1,1,route dÃ©partmenetale 6,46.24966,3.329335,19,2,2
202100010967,182Â 121,A01,1,1,1,5,2,6,-1,0,0,-1,2021,62.0,1,1,5,2,1,17,1,,3,D 744,0,D,2,2,0,1,(1),(1),1,,"5,8",1,0,1,80,8,10,2,79,79179,1,2,0,3,La MoriniÃ¨re,46.709571,-0.59645,18,2,2
202100018399,168Â 738,B01,1,1,1,5,8,0,-1,0,0,-1,2021,26.0,1,1,0,0,5,1,5,,4,AVENUE DE CLICHY,0,,2,2,1,1,(1),(1),1,, -1,1,0,5,30,17,9,5,75,75117,2,3,0,3,AVENUE DE CLICHY,48.884537,2.326983,20,2,2
202100051353,109Â 883,A01,1,1,1,4,8,-1,-1,0,0,-1,2021,41.0,2,4,10,0,2,14,1,,3,45,0,,2,2,0,1,12,200,1,, -1,2,2,3,80,16,2,1,14,14016,1,1,1,6,La Place dâAnnebault,49.249858,0.065778,14,1,1
202100002973,196Â 459,B01,1,1,1,2,1,0,-1,-1, -1,-1,2021,20.0,2,2,9,2,8,15,1,,3,AV DE FONTAINEBLEAU ,0,,2,4,3,1,1,0,1,, -1,1,0,6,50,14,12,1,94,94043,2,3,0,3,Avenue de Fontainebleau,48.81285,2.36133,13,3,2
202100038258,133Â 263,B01,1,1,2,5,1,-1,-1,0,0,-1,2021,29.0,1,2,0,2,8,15,1,,2,10,0,,2,2,0,1,78,500,1,, -1,1,0,1,80,13,5,1,202,202251,1,3,0,3,RT 10,41.980818,9.400204,15,2,2
202100005479,191Â 996,A01,10,3,1,0,0,-1,-1,3,3,1,2021,60.0,1,1,0,1,5,17,1,,2,NAPOLEON COURS AVANT BEVERINI,0,,2,2,0,2,(1),(1),1,, -1,1,0,1,30,29,11,1,201,201004,2,1,0,7,NAPOLEON COURS AVANT BEVERINI,41.924762539,8.7379050603,13,2,1
202100026233,154Â 810,A01,1,1,1,5,2,6,-1,0,0,-1,2021,26.0,1,1,0,0,9,1,1,,3,1212,-1,,2,2,0,2,7,110,2,, -1,1,0,1,80,31,7,1,73,73262,1,1,0,7,D1212 Route du Val d Arly,45.795087846,6.4838374924,11,3,2
202100037152,135Â 276,B01,1,1,2,1,1,-1,-1,-1,0,-1,2021,49.0,2,2,0,2,4,2,1,,1,AUTOROUTE A115,0,,3,6,0,1,2,500,1,, -1,1,0,1,110,1,6,1,95,95219,1,1,0,2, A115,48.9947764944,2.2463465154,9,2,2
202100050346,111Â 709,A01,1,1,2,0,1,0,-1,-1, -1,-1,2021,58.0,1,2,0,0,8,1,1,,2,04 PK RN237 MOULIN JUSTICE RE,0,,3,4,0,1,4,592,1,, -1,1,0,3,90,24,2,1,17,17200,1,1,0,7,04 PK RN237 MOULIN JUSTICE RE,46.17493,-1.17329,10,1,1
202100042838,125Â 093,B01,1,1,1,0,8,0,-1,-1, -1,-1,2021,45.0,1,1,0,2,3,2,0,,4,CHAMPS ( RUE DES ),0,,2,2,0,1,(1),(1),1,, -1,1,0,1,50,4,4,1,68,68297,2,2,0,3,CHAMPS ( RUE DES ),47.571201,7.556195,10,2,2
202100023066,160Â 390,B01,2,2,2,5,2,6,-1,-1, -1,-1,2021,50.0,2,1,0,2,1,1,1,,4,,0,,2,2,0,1,(1),(1),1,, -1,1,5,1,70,18,7,1,36,36202,1,2,0,3,Avenue de Tours,46.8248483795,1.6464471817,20,3,2
202100006994,189Â 256,A01,1,1,1,5,2,6,-1,-1, -1,-1,2021,33.0,1,1,0,2,2,17,1,,1,A4,0,,3,10,0,1,0,300,1,, -1,1,0,1,90,20,11,5,94,94018,1,1,0,6,A4,48.8239728968,2.3943068395,20,1,1
202100008508,186Â 527,B01,1,1,1,0,1,0,-1,-1, -1,-1,2021,37.0,2,2,0,0,4,23,1,,3,LUGO (AV DE),0,,1,3,0,1,1,0,1,, -1,1,0,1,500,11,11,1,94,94022,2,1,0,2,Avenue de Lugo,48.7732156448,2.4094390869,13,2,2
202100013832,176Â 967,Z01,10,3,2,0,0,-1,-1,1,A,2,2021,22.0,0,2,1,0,7,4,1,,4,TOUR DE BEURRE. RUE DE LA,0,,1,1,0,1,0,0,1,, -1,1,0,1,30,11,10,3,76,76540,2,1,0,6,TOUR DE BEURRE. RUE DE LA,49.439107,1.09334,19,2,1
202100005444,192Â 062,C01,1,1,2,1,1,-1,-1,0,0,-1,2021,47.0,1,2,0,2,2,2,1,,1,40,0,,3,4,0,2,54,200,2,, -1,2,0,1,110,2,12,3,74,74118,1,1,1,4,A40,46.173367,6.239923,6,4,4
202100048590,114Â 904,B01,1,1,1,0,2,6,-1,-1, -1,-1,2021,37.0,2,1,0,2,8,1,1,,3,JOFFRE (AVENUE),0,,2,4,0,1,0,1,1,, -1,1,0,1,50,10,3,1,93,93031,2,1,0,3,JOFFRE (AVENUE),48.95852,2.30104,10,2,2
202100007507,188Â 340,B01,7,2,2,0,1,-1,-1,0,0,-1,2021,35.0,1,2,0,0,4,1,1,,1,51,0,A,1,4,0,1,27,0,1,, -1,1,0,1,130,18,11,3,13,13113,1,1,0,2,A51,43.592031,5.482089,18,4,2
202100033550,141Â 794,B01,1,1,2,0,1,0,-1,-1, -1,-1,2021,38.0,0,2,0,2,1,0,1,,7,CD 13,0,,2,0,0,2,1,500,1,, -1,2,0,1,70,18,6,1,76,76319,1,1,0,5,CD 13,49.3654,1.01973,20,5,3
202100004318,194Â 040,B01,1,1,1,0,8,-1,-1,0,0,-1,2021,23.0,0,0,0,0,0,0,0,,4,1,0,N,2,2,0,1,(1),(1),1,,5,1,0,1,50,7,12,1,972,97214,2,9,0,1,Rue Victor Schoelcher,14.832534,-61.054949,7,3,2
202100045745,119Â 982,B01,1,1,1,0,1,8,-1,-1, -1,-1,2021,26.0,2,2,0,2,1,1,1,,4,DALBIEZ (AVENUE VICTOR),0,,2,4,0,1,(1),(1),1,, -1,1,5,1,50,30,3,1,66,66136,2,2,0,1,DALBIEZ (AVENUE VICTOR),42.6895372229,2.8845168817,11,2,2
202100051680,109Â 318,A01,1,1,2,0,1,-1,-1,-1, -1,-1,2021,44.0,1,2,0,2,8,1,2,,4,AVE SADI CARNOT,0,,2,2,0,1,(1),(1),1,, -1,2,0,1,50,11,2,5,33,33069,2,2,0,3,Avenue Sadi Carnot,44.86386,-0.59035,19,4,2
202100017896,169Â 633,B01,1,1,1,4,1,0,-1,-1, -1,-1,2021,45.0,2,2,0,2,4,23,1,,3,908,0,,2,2,0,1,0,0,1,, -1,1,0,1,50,20,9,1,92,92035,2,2,1,2,RÃ©publique ( boulevard de la ),48.9063381299,2.2486996651,13,4,2
202100047559,116Â 757,A01,1,1,1,5,0,-1,-1,0,0,-1,2021,59.0,1,2,13,0,1,1,1,,3,85,-1,,2,2,0,1,22,812,2,, -1,1,0,3,-1,19,3,3,72,72331,1,1,0,6,Rue de l'Huisne,48.1078868189,0.5830435752,19,1,1
202100024277,158Â 276,B01,1,1,1,1,2,-1,-1,-1, -1,-1,2021,47.0,1,1,0,2,8,2,3,,4,RUE FRANCOIS DE SOURDIS,0,,1,0,1,2,(1),(1),1,,0,1,0,1,50,13,8,1,33,33063,2,4,0,3,Rue FranÃ§ois de Sourdis,44.83252,-0.58792,18,2,2
202100032493,143Â 688,A01,10,3,2,1,0,-1,-1,9,3,1,2021,38.0,1,2,0,1,4,4,1,,4,CARNOT (RUE),0,,1,1,0,1,(1),(1),1,, -1,1,0,6,20,24,6,1,27,27681,2,1,0,6,CARNOT (RUE),49.09279,1.48621,18,2,1
202100021972,162Â 355,A01,2,2,2,5,1,-1,-1,0,0,-1,2021,56.0,2,2,0,2,7,19,1,,2,40,0,T,2,2,0,2,9,250,1,, -1,1,0,1,80,28,8,3,201,201104,1,1,0,5,RT 40 Ã  hauteur motel Aqua Dolce,41.913072,8.842835,23,4,3
202100002476,197Â 344,A01,1,1,1,1,2,0,-1,-1, -1,-1,2021,46.0,1,1,0,2,1,2,5,,3,QU DE LA REVOLUTION ,0,,2,3,1,1,1,0,1,, -1,1,0,1,50,17,12,5,94,94002,2,4,0,3,Quai de la RÃ©volution,48.77855,2.41725,6,2,2
202100018818,168Â 007,A01,1,1,1,0,1,0,-1,-1, -1,-1,2021,20.0,1,2,8,0,9,1,1,,4,FONTAINE JEAN VALJEAN (RUE DE LA),0,,2,2,0,4,0,0,2,, -1,2,0,4,30,15,9,1,93,93047,2,1,1,6,Rue de la Fontaine Jean Valjean,48.896781,2.570196,14,1,1
202100052814,107Â 317,B01,1,1,1,5,8,0,-1,-1, -1,-1,2021,22.0,2,0,0,2,1,3,3,,3,REPUBLIQUE (AVE DE LA ) => NO 41/50,0,,2,2,0,1,0,1,1,, -1,1,0,1,50,2,2,1,93,93001,2,1,0,1,REPUBLIQUE (AVE DE LA ) => NO 41/50,48.91198,2.38386,15,2,2
202100048505,115Â 058,A01,10,3,2,2,0,-1,-1,1,3,1,2021,23.0,3,1,0,1,1,1,5,,4,CLAUDE BERNARD                      (QU),0,,2,2,1,1,(1),(1),1,, -1,1,0,5,-1,10,3,1,69,69387,2,1,0,6,CLAUDE BERNARD (Q),45.7508469538,4.8359751105,12,2,1
202100006182,190Â 765,A01,1,1,1,1,2,6,-1,0,0,-1,2021,47.0,2,1,0,0,4,15,1,,3,910,0,D,2,2,0,1,16,400,1,, -1,2,0,1,70,23,11,3,33,33052,1,9,0,2,Route de Paris,44.95852,-0.2307,18,2,2
202100032161,144Â 266,A01,1,1,1,5,2,6,-1,0,0,-1,2021,15.0,3,1,0,0,7,26,1,,9,,-1,,-1,1,3,1,(1),(1),1,, -1,6,0,6,-1,26,6,1,28,28337,2,1,0,7,Rue Jean Moulin,48.415655,1.359794,15,1,1
202100017472,170Â 391,B01,1,1,1,1,2,6,-1,-1, -1,-1,2021,52.0,1,1,0,2,1,1,1,,3,72,0,,2,2,0,1,9,520,1,0,"4,4",1,0,1,50,22,9,2,16,16291,2,1,0,2,,45.68208,0.219946,18,2,2
202100010430,183Â 079,A01,1,1,1,1,1,-1,-1,0,0,-1,2021,39.0,1,2,0,2,1,1,1,,3,106,0,D,3,4,0,1,36,290,1,, -1,1,0,1,80,29,10,3,33,33229,1,6,0,2,,44.77837,-1.018244,21,2,2
202100029195,149Â 566,A01,1,1,1,0,2,-1,-1,0,0,-1,2021,45.0,0,1,6,0,1,0,1,,3,1,-1,,2,2,0,1,(1),(1),3,,5,1,0,4,-1,14,7,1,80,80430,2,1,0,6,D1,49.922607,2.839655,19,1,1
202100032034,144Â 487,A01,1,1,2,5,2,6,-1,0,0,-1,2021,27.0,1,1,0,2,2,17,1,,3,28,-1,,2,2,0,1,33,200,1,, -1,1,5,1,80,28,6,1,28,28191,1,2,0,3,Route de Gallardon,48.588719,1.678146,14,2,2
202100046642,118Â 394,A01,10,3,2,5,0,-1,-1,2,3,1,2021,82.0,2,0,0,1,1,1,3,,4,BOULEVARD VOLTAIRE,0,,2,2,1,1,(1),(1),1,, -1,2,-1,5,50,25,3,1,75,75111,2,1,0,6,BOULEVARD VOLTAIRE,48.854093,2.386332,10,2,1
202100001334,199Â 374,A01,1,1,1,0,1,-1,-1,0,0,-1,2021,24.0,2,2,5,0,1,1,1,,3,23,0,,2,2,0,1,6,300,2,, -1,1,0,3,80,28,12,1,66,66145,1,1,0,6,D23,42.634081,2.818047,11,3,1
202100012979,178Â 538,A01,3,2,1,5,1,-1,-1,0,0,-1,2021,24.0,1,2,13,0,9,1,1,,1,304,0,,3,4,0,1,9,0,1,, -1,2,0,3,130,17,10,1,8,8367,1,1,1,7,"A304, PR 009+000",49.891054,4.520112,8,3,1
202100038666,132Â 522,Z01,10,3,2,0,8,8,-1,2,3,1,2021,10.0,1,1,0,1,1,2,0,,4,SAINTE CATHERINE (RUE),0,,1,1,0,2,1,0,1,, -1,1,0,1,30,23,5,5,92,92019,2,1,0,6,SAINTE CATHERINE (RUE),48.765968728,2.2808378935,22,2,1
202100052527,107Â 826,A01,1,1,2,0,1,-1,-1,-1, -1,-1,2021,73.0,2,2,0,2,3,0,1,,3,LENINGRAD (BD DE),0,,3,4,0,1,95,1000,1,, -1,1,0,1,50,3,2,1,76,76351,2,1,0,2,LENINGRAD (BD DE),49.50026,0.17335,17,3,2
202100048046,115Â 863,A01,1,1,1,5,8,0,-1,-1, -1,-1,2021,28.0,2,5,8,0,1,26,0,,4,COUBRON (RUE DE ),0,,2,2,0,2,0,0,3,, -1,2,0,4,30,14,3,5,93,93047,2,1,1,6,COUBRON (RUE DE ),48.9031887648,2.5740596652,0,1,1
202100014842,175Â 180,A01,10,3,1,1,0,-1,-1,4,3,1,2021,37.0,2,2,0,1,7,16,2,,4,BOULEVARD VICTOR,0,,1,0,0,1,(1),(1),1,, -1,1,0,1,50,6,10,1,75,75115,2,2,0,6,BOULEVARD VICTOR,48.834283,2.283949,9,2,1
202100029640,148Â 807,A01,10,3,1,5,0,-1,-1,3,3,2,2021,8.0,1,1,0,1,1,26,1,,3,BRIAND AVENUE ARISTIDE NÂ°2 A 114,0,,3,6,1,1,0,1,1,, -1,1,0,1,50,10,7,1,92,92049,2,3,0,6,BRIAND AVENUE ARISTIDE NÂ°2 A 114,48.81747,2.32545,12,2,1
202100053450,106Â 175,B01,1,1,1,0,2,-1,-1,-1,0,-1,2021,33.0,1,1,0,2,1,1,1,,3,724,0,,2,2,0,1,94,796,1,, -1,1,0,1,50,25,1,5,56,56083,2,3,0,3,LIBERATION ( AV. DE LA ),47.80434,-3.27615,18,2,2
202100035954,137Â 417,B01,1,1,1,2,0,0,-1,-1, -1,-1,2021,17.0,1,1,0,0,0,0,5,,3,MARECHAL LECLERC (BD DU),0,,1,1,1,2,1,0,3,, -1,1,9,1,50,7,6,1,94,94042,2,9,0,3,Boulevard du MarÃ©chal Leclerc,48.813006,2.468433,18,2,2
202100024661,157Â 573,A01,1,1,1,5,2,6,9,0,0,-1,2021,23.0,2,1,0,2,2,2,1,,3,906,0,,2,1,0,1,9,136,1,, -1,1,0,1,80,6,8,4,71,71202,1,3,0,2,D906,46.8478352948,4.8089702235,22,2,2
202100042645,125Â 401,A01,1,1,1,3,1,9,-1,0,0,-1,2021,29.0,2,2,13,0,1,1,1,,1,4,-1,,3,4,0,1,68,0,2,, -1,1,0,3,130,25,4,2,2,2521,1,1,0,6,"A4, point kilomÃ©trique 068+000",49.039275,3.197622,6,1,1
202100036311,136Â 782,A01,2,2,1,5,0,-1,-1,0,0,-1,2021,25.0,1,2,13,0,2,1,1,,3,612,-1,,-1,3,0,2,33,238,4,, -1,1,0,3,80,6,6,3,81,81204,1,1,0,6,D612 PK032+700,43.560639,2.324064,1,2,1
202100043693,123Â 583,A01,1,1,1,5,2,6,-1,0,0,-1,2021,14.0,1,1,0,2,2,1,1,,4,,0,,2,2,0,1,(1),(1),1,, -1,1,0,1,30,17,4,1,7,7066,2,3,0,1,Rue du Parisien,44.705674,4.657983,16,2,2
202100034197,140Â 623,A01,1,1,1,0,2,6,-1,-1, -1,-1,2021,37.0,1,1,0,2,8,3,1,,2,385,0,,3,2,0,1,56,250,2,, -1,1,0,1,90,16,6,1,92,92019,1,1,0,3,RN 385 INT,48.7615123684,2.2509306929,9,2,2
202100052032,108Â 706,B01,10,3,1,5,0,-1,-1,1,3,1,2021,37.0,3,1,0,1,1,1,1,,7,ALPES AVENUE DES,0,,-1,0,0,1,(1),(1),1,, -1,1,0,1,50,9,2,5,6,6027,2,1,0,6,ALPES AVENUE DES,43.660022,7.138739,19,2,1
202100052913,107Â 138,A01,1,1,1,1,2,0,-1,0,0,-1,2021,52.0,2,1,0,2,0,1,1,,4,RUE DE LA CROIX NIVERT,0,,2,2,0,1,(1),(1),1,, -1,2,0,1,50,1,2,2,75,75115,2,3,1,7,RUE DE LA CROIX NIVERT,48.841169,2.291812,7,1,1
202100014452,175Â 867,A01,10,3,1,5,0,-1,-1,2,1,1,2021,2.0,1,2,0,1,1,26,0,,4,,0,,1,1,0,2,0,0,1,, -1,1,0,1,30,8,10,1,92,92019,2,1,0,6,VERNE JULES (RUE),48.7673813373,2.2686311603,17,2,1
202100000034,201Â 701,A01,10,3,1,0,0,-1,-1,5,9,2,2021,1.0,1,2,0,1,1,20,1,,4,GRANDS CHAMPS RUE DES,0,,2,1,0,1,0,0,1,, -1,1,0,4,50,31,7,1,93,93015,2,9,0,6,GRANDS CHAMPS RUE DES,48.9177631123,2.5716912746,11,2,1
202100019139,167Â 418,A01,1,1,1,5,2,-1,-1,-1,0,-1,2021,19.0,3,1,0,2,2,1,1,,4,OISE (BOULEVARD DE L'),0,,3,4,1,1,(1),(1),1,, -1,1,0,1,50,17,8,1,95,95127,2,1,0,3,OISE (BOULEVARD DE L'),49.04682,2.05915,14,2,2
202100013403,177Â 773,A01,1,1,1,0,2,6,-1,-1, -1,-1,2021,25.0,-1,1,0,2,7,3,1,,3,SEINE (QUAI DE ),0,,3,4,0,3,0,1,3,, -1,1,0,1,50,12,10,1,93,93039,2,1,0,5,SEINE (QUAI DE ),48.9347748002,2.3425877094,18,3,3
202100044379,122Â 344,B01,2,2,2,5,0,-1,-1,0,0,-1,2021,34.0,2,2,0,2,1,1,1,,1,61,-1,,3,4,0,1,331,500,1,, -1,2,0,1,130,11,4,1,11,11151,1,1,1,2,A61 - PK 331.500,43.192693,2.453728,18,5,2
202100006258,190Â 611,B01,2,2,1,5,1,-1,-1,-1, -1,-1,2021,75.0,1,2,0,2,4,2,1,,3,KERUSTUM  ROND POINT DE,0,,1,2,0,1,3,500,1,, -1,1,0,1,50,25,11,1,29,29232,2,6,0,4,Giratoire de Kerustum ,47.97945,-4.09518,13,4,3
202100037043,135Â 485,A01,10,3,1,5,0,-1,-1,2,5,1,2021,64.0,1,1,0,1,1,1,3,,4,RUE DE CRIMEE,0,,1,2,3,1,(1),(1),1,, -1,1,0,1,30,31,5,5,75,75119,2,1,0,6,RUE DE CRIMEE,48.893273,2.37385,21,2,1
202100000976,200Â 014,A01,10,3,2,1,8,8,-1,3,3,1,2021,57.0,1,2,0,1,1,1,1,,4,PONT SAINT CYPRIEN (RUE DU),0,,2,3,2,1,(1),(1),1,, -1,1,0,1,50,10,11,1,86,86194,2,1,0,6,Rue du Pont Saint Cyprien,46.57609,0.34542,12,2,1
202100047910,116Â 097,A01,10,3,2,0,8,8,-1,3,3,1,2021,78.0,3,2,0,1,2,1,1,,4,,0,,2,2,0,1,0,100,1,, -1,1,0,1,30,15,3,1,91,91691,2,1,0,6,CHARLE DE GAULLE(RUE),48.71038,2.48077,17,2,1
202100012037,180Â 193,B01,2,2,1,0,2,6,-1,0,0,-1,2021,34.0,2,1,0,2,2,1,1,,4,BEAUMONT (RUE),0,,1,2,0,1,(1),(1),1,, -1,1,0,1,50,20,10,5,6,6088,2,5,0,3,BEAUMONT (RUE),43.702968,7.288133,1,4,2
202100037787,134Â 117,B01,1,1,2,0,1,0,-1,-1, -1,-1,2021,74.0,2,2,0,2,7,1,1,,2,,-1,,1,1,-1,1,51,100,3,, -1,1,0,1,-1,28,5,5,42,42099,1,3,0,3,Rue Vaillant Couturier,45.3801952616,4.2730432749,21,2,2
202100028690,150Â 437,B01,1,1,1,1,2,0,-1,0,0,-1,2021,49.0,3,0,0,2,7,1,3,,4,RUE DESNOUETTES,0,,-1,1,0,1,(1),(1),1,, -1,1,0,1,50,16,7,1,75,75115,2,1,0,3,RUE DESNOUETTES,48.835636,2.286381,17,2,2
202100028553,150Â 682,A01,2,2,2,5,1,-1,-1,0,0,-1,2021,26.0,1,2,15,0,1,5,1,,3,675,-1,,2,2,0,3,34,170,2,, -1,1,0,4,50,17,7,2,27,27467,2,1,0,6,Rue de l Etang,49.353095,0.492759,6,2,1
202100036962,135Â 631,B01,1,1,1,4,2,6,-1,-1, -1,-1,2021,59.0,1,1,0,2,1,17,1,,4,BROGLIE (AVENUE LOUIS DE),0,,4,3,0,1,0,0,1,, -1,1,0,1,50,1,6,1,87,87085,2,1,0,3,BROGLIE (AVENUE LOUIS DE),45.88504,1.28082,12,2,2
202100032342,143Â 949,A01,10,3,2,9,0,-1,-1,5,9,1,2021,22.0,1,2,0,2,3,1,1,,3,PASTEUR (BOULEVARD),0,,1,2,0,1,(1),(1),1,, -1,1,5,1,50,25,6,1,93,93059,2,2,0,6,PASTEUR (BOULEVARD),48.9649,2.36535,7,3,2
202100050298,111Â 794,B01,1,1,1,0,8,0,-1,-1, -1,-1,2021,50.0,1,1,0,2,1,13,6,,4,NEUF (CHEMIN),0,,2,-1,0,2,0,0,2,, -1,1,0,1,50,24,2,1,974,97416,1,1,0,3,Chemin Neuf,-21.29141,55.4708,14,2,2
202100036550,136Â 384,A01,1,1,1,5,2,6,-1,0,0,-1,2021,18.0,3,1,0,2,1,1,1,,4,,-1,,2,2,0,2,(1),(1),1,,"4,2",1,0,1,50,5,6,1,79,79049,2,1,0,3,Rue Jean Jaures,46.841499,-0.490297,20,2,2
202100031323,145Â 751,A01,1,1,1,0,2,6,-1,-1, -1,-1,2021,20.0,1,1,0,2,1,16,1,,3,MARECHAL LECLERC AVENUE,0,,2,4,0,1,100,0,1,, -1,1,0,1,50,2,7,1,93,93046,2,2,0,2,Avenue du MarÃ©chal Leclerc / AllÃ©e Joseph Noize,48.92,2.53929,17,3,2
202100010555,182Â 864,A01,1,1,1,1,2,6,-1,0,0,-1,2021,28.0,1,1,0,2,3,21,1,,4,RUE DANCOURT,0,,2,2,0,1,(1),(1),1,, -1,1,0,1,30,28,10,1,75,75118,2,3,0,7,RUE DANCOURT,48.882546,2.341931,9,1,1
202100044348,122Â 400,A01,1,1,1,5,1,0,-1,-1, -1,-1,2021,46.0,1,2,0,2,7,2,1,,1,AUTOROUTE A21,0,,3,3,0,1,22,500,1,, -1,1,0,1,110,10,4,3,62,62274,1,1,0,6,AUTOROUTE A21,50.42718,2.987165,20,1,1