Num_Acc,id_vehicule,num_veh,place,catu,sexe,trajet,secu1,secu2,secu3,locp,actp,etatp,year_acc,victim_age,senc,catv,obs,obsm,choc,manv,motor,occutc,catr,voie,v1,v2,circ,nbv,vosp,prof,pr,pr1,plan,lartpc,larrout,surf,infra,situ,vma,jour,mois,lum,dep,com,agg_,int,atm,col,adr,lat,long,hour,nb_victim,nb_vehicules
202100004196,194Â 253,A01,1,1,2,5,1,-1,-1,-1, -1,-1,2021,18.0,2,2,4,0,1,2,1,,1,AUTOROUTE A 63,0,,1,2,0,2,0,777,2,, -1,2,3,1,70,8,12,1,33,33318,1,1,1,6,AUTOROUTE A 63,44.78887,-0.62309,10,1,1
202100025505,156Â 076,B01,1,1,2,5,1,-1,-1,0,0,-1,2021,43.0,3,2,13,0,8,1,1,,4,2,0,,2,2,0,1,(1),(1),1,, -1,1,0,1,80,25,7,2,22,22182,1,2,0,3,Lieu Dit Saint Blaise,48.54741,-2.938328,6,2,2
202100031429,145Â 562,A01,1,1,1,5,2,0,-1,-1, -1,-1,2021,17.0,2,1,0,2,3,2,1,,3,ARISTIDE BRIAND (AV),0,,3,4,1,1,1,0,1,, -1,1,0,5,50,1,7,1,94,94016,2,1,0,6,Avenue Aristide Briand,48.79897,2.32311,18,3,2
202100029418,149Â 197,A01,1,1,2,0,1,5,-1,-1, -1,-1,2021,61.0,2,2,0,2,1,15,1,,3,RUE DE RIS,0,,2,4,0,1,0,100,1,, -1,2,5,1,50,10,7,1,91,91201,2,2,1,3,RUE DE RIS,48.66468,2.41948,11,2,2
202100020378,165Â 214,A01,1,1,1,5,2,-1,-1,0,0,-1,2021,73.0,2,1,0,0,6,16,1,,4,VC,0,,2,2,0,1,(1),(1),3,, -1,9,0,1,80,8,9,1,71,71484,1,1,0,7,Route de Plaine Vesvre,46.69338,5.224997,16,1,1
202100004476,193Â 768,B01,1,1,1,5,1,-1,-1,-1, -1,-1,2021,57.0,2,2,0,2,4,2,1,,2,ROUTE NATIONALE 230,0,,1,2,0,2,35,0,1,, -1,2,3,1,70,4,12,1,33,33065,1,1,1,4,ROUTE NATIONALE 230,44.80991,-0.52389,16,3,3
202100048212,115Â 580,A01,1,1,1,4,1,0,-1,-1, -1,-1,2021,46.0,2,4,3,2,8,1,1,,1,A5A/N6,0,,2,8,0,1,0,1,1,, -1,2,0,1,90,13,3,2,91,91617,1,1,1,7,A5A/N6,48.63526,2.5357,8,2,1
202100047801,116Â 311,A01,10,3,1,0,0,-1,-1,1,3,2,2021,14.0,1,5,0,1,8,17,1,,3,AVENUE KENNEDY,0,,1,2,0,1,0,0,1,, -1,1,0,1,50,8,2,1,30,30189,2,1,0,6,KENNEDY (AVENUE),43.8308,4.33925,11,3,1
202100012954,178Â 582,A01,1,1,1,5,0,-1,-1,0,0,-1,2021,58.0,2,2,13,0,1,1,1,,3,5,0,,2,2,0,3,14,235,1,, -1,1,0,3,80,16,10,3,50,50217,1,1,0,6,La Forge Cocquelin,48.672139,-1.174437,23,1,1
202100010403,183Â 119,A01,1,1,1,5,2,6,9,0,0,-1,2021,35.0,1,1,0,0,0,1,1,,3,117,0,D,2,2,0,2,22,150,3,, -1,6,0,1,80,29,10,1,11,11304,1,1,0,7,D117,42.879423,2.168941,11,1,1
202100056319,101Â 229,A01,1,1,2,2,1,-1,-1,0,0,-1,2021,28.0,2,2,0,2,2,13,1,,3,122,0,D,2,2,0,1,27,300,2,, -1,2,0,1,70,4,1,2,59,59581,1,1,1,1,rue de la lys,50.672203,2.784884,7,5,2
202100011092,181Â 901,B01,1,1,1,1,0,-1,-1,-1, -1,-1,2021,25.0,3,1,0,2,7,9,5,,4,SAIGE (AVE DE),0,,2,2,2,1,(1),(1),1,, -1,1,0,1,50,25,10,1,33,33318,2,6,0,3,Avenue de Saige,44.78997,-0.63459,15,2,2
202100054012,105Â 204,A01,1,1,1,0,1,0,-1,-1, -1,-1,2021,32.0,1,2,3,0,2,26,1,,2,RN 104,0,,1,1,0,4,34,250,3,, -1,2,0,2,50,23,1,3,91,91174,1,1,0,6,RN 104,48.6109,2.44353,20,1,1
202100051713,109Â 256,A01,10,3,1,2,0,-1,-1,2,3,1,2021,13.0,1,2,0,2,3,1,1,,3,PRESIDENT WILSON (AV DU),0,,2,2,0,1,1,0,1,, -1,1,0,1,50,12,2,1,94,94016,2,1,0,6,PRESIDENT WILSON (AV DU),48.79285,2.32986,15,2,1
202100036817,135Â 891,A01,2,2,2,5,1,0,-1,-1, -1,-1,2021,19.0,2,2,0,2,1,21,1,,4,SCHLOESING (BOULEVARD),0,,2,7,3,1,0,0,1,, -1,1,0,1,50,2,6,1,13,13209,2,3,0,2,SCHLOESING (BOULEVARD),43.27256,5.40119,17,5,3
202100042904,124Â 976,B01,1,1,1,5,2,0,-1,0,0,-1,2021,28.0,1,1,0,2,2,1,1,,4,PORTE D ITALIE,0,,1,4,0,1,2,0,1,, -1,1,0,1,70,22,4,1,75,75113,2,1,0,2,PORTE D ITALIE,48.817738,2.367338,16,2,2
202100018604,168Â 382,A01,1,1,2,5,2,0,-1,0,0,-1,2021,61.0,1,1,0,0,0,1,5,,4,PLACE SAINT FERDINAND,0,,1,2,0,1,(1),(1),1,, -1,2,0,1,30,15,9,1,75,75117,2,7,1,7,PLACE SAINT FERDINAND,48.877963,2.287885,16,1,1
202100031180,146Â 001,A01,1,1,1,0,1,8,-1,0,0,-1,2021,27.0,2,2,1,0,2,26,3,,4,MONNET (AVENUE JEAN),0,,1,1,0,1,(1),(1),2,, -1,1,0,1,50,2,7,1,6,6083,2,1,0,6,MONNET (AVENUE JEAN),43.76554,7.48523,9,1,1
202100009884,184Â 035,A01,1,1,2,5,1,-1,-1,-1,0,-1,2021,53.0,1,2,4,0,3,13,1,,2,RN 184,0,,3,6,0,1,3,0,1,, -1,2,0,1,90,1,11,3,95,95572,1,1,1,6,RN 184,49.0338681278,2.1113988159,19,1,1
202100040181,129Â 776,A01,1,1,1,9,1,0,-1,-1, -1,-1,2021,42.0,3,2,0,2,2,1,1,,4,ZOLA (BOULEVARD EMILE),0,,2,2,0,1,(1),(1),1,, -1,1,0,1,50,10,5,1,44,44184,2,4,0,3,ZOLA (BOULEVARD EMILE),47.2992,-2.19213,16,2,2
202100014620,175Â 581,B01,1,1,1,1,2,6,-1,-1, -1,-1,2021,53.0,3,1,0,2,7,1,1,,4,PAGNOL (AVENUE MARCEL),0,,2,2,0,1,0,100,1,, -1,1,0,1,50,7,10,1,13,13005,2,3,0,3,PAGNOL (AVENUE MARCEL),43.29586,5.56954,7,2,2
202100046988,117Â 792,A01,8,2,2,0,9,-1,-1,0,0,-1,2021,61.0,2,5,13,0,7,21,1,,3,30.2,-1,,2,2,0,1,16,165,1,, -1,1,0,3,80,24,3,1,28,28192,1,1,0,6,D30.2,48.328262,1.123363,13,2,1
202100016703,171Â 769,B01,1,1,1,5,1,-1,-1,0,0,-1,2021,23.0,1,2,0,2,1,17,1,,3,910,-1,,2,2,0,2,1,800,1,, -1,1,0,1,80,26,9,3,76,76141,1,1,0,4,D910,49.63562,0.385079,21,5,3
202100026017,155Â 172,A01,1,1,1,0,1,0,-1,-1, -1,-1,2021,29.0,2,2,0,2,7,1,1,,3,911,0,,1,4,1,1,0,0,1,, -1,1,5,1,50,1,8,5,92,92024,2,2,0,3,JEAN JAURES (BD) DE (1 A 45)   (2 A 54),48.9000173959,2.3062035441,1,3,2
202100054852,103Â 756,A01,1,1,2,0,1,5,-1,-1, -1,-1,2021,35.0,3,2,0,4,7,1,1,,4,,0,,-1,4,0,3,(1),(1),1,, -1,2,4,6,50,15,1,1,69,69388,2,8,1,3,ROCKEFELLER                         (AV),45.7412505808,4.8852422724,9,2,2
202100020659,164Â 702,A01,1,1,1,1,1,-1,-1,0,0,-1,2021,23.0,3,2,0,2,3,1,1,,6,,-1,,-1,0,0,1,(1),(1),1,,0,1,5,1,30,6,9,1,60,60589,2,9,0,3,parking Cora,49.237874,2.471752,10,3,2
202100001827,198Â 532,B01,1,1,1,0,1,8,-1,-1, -1,-1,2021,32.0,2,2,0,2,4,1,1,,1,86,0,,1,2,0,1,7,500,1,, -1,1,0,1,90,22,12,1,92,92036,1,1,0,2,A86,48.9345665738,2.280304127,10,3,2
202100046615,118Â 443,A01,10,3,1,0,0,-1,-1,1,3,1,2021,11.0,1,2,0,1,1,1,1,,4,SAINT MARCEL (RUE DE),0,,-1,2,0,1,(1),(1),1,, -1,1,0,1,50,24,3,1,27,27681,2,3,0,6,SAINT MARCEL (RUE DE),49.0887602155,1.4662368453,17,2,1
202100004400,193Â 892,Z01,10,3,1,9,8,8,-1,4,3,1,2021,23.0,1,2,0,1,1,16,0,,4,AVENUE DE LA PORTE BRANCION,0,,2,4,0,1,(1),(1),1,, -1,1,0,1,30,6,12,4,75,75115,2,3,0,6,AVENUE DE LA PORTE BRANCION,48.827563,2.301056,6,2,1
202100051682,109Â 315,A01,10,3,1,0,0,-1,-1,4,3,1,2021,69.0,2,2,0,1,1,16,1,,4,MEDOC (CRS DU),0,,2,2,2,1,(1),(1),1,, -1,1,0,1,50,10,2,1,33,33063,2,2,0,6,Cours du MÃ©doc,44.86,-0.56879,16,2,1
202100045967,119Â 588,A01,1,1,1,1,2,6,-1,0,0,-1,2021,45.0,2,1,0,2,1,17,1,,4,PORTE DE SAINT CLOUD,0,,1,4,0,2,(1),(1),2,, -1,1,0,1,70,30,3,1,75,75116,2,4,0,2,PORTE DE SAINT CLOUD,48.8350106635,2.2610386969,17,2,2
202100000941,200Â 068,A01,1,1,2,5,8,-1,-1,0,0,-1,2021,39.0,1,2,3,2,3,14,1,,3,1006,-1,,2,2,0,1,32,515,2,, -1,1,0,1,70,30,12,3,73,73228,1,1,0,1,RD 1006,45.542192,5.87819,20,2,2
202100025685,155Â 773,A01,1,1,1,1,1,-1,-1,0,0,-1,2021,62.0,1,5,2,0,2,1,1,,3,143,-1,,2,2,0,1,9,50,1,, -1,2,5,4,50,5,8,1,70,70081,2,2,0,6,6 Route d Adelans,47.697431,6.422463,8,1,1
202100008412,186Â 698,A01,1,1,1,5,2,6,-1,0,0,-1,2021,54.0,2,1,0,2,1,1,1,,7,65,0,D,2,2,0,1,0,767,1,, -1,1,0,1,-1,13,11,1,34,34327,1,3,0,3,D65,43.662714,3.978907,9,2,2
202100044318,122Â 452,B01,1,1,1,9,2,0,-1,-1, -1,-1,2021,14.0,1,1,0,2,7,1,5,,4,MENIL,0,,1,2,0,1,0,0,1,, -1,1,0,1,50,27,3,1,92,92004,2,1,0,3,MENIL,48.9220386521,2.2826108336,14,2,2
202100020909,164Â 277,A01,2,2,2,5,8,-1,-1,0,0,-1,2021,67.0,2,2,0,2,1,1,1,,3,775,-1,,2,2,0,2,43,300,4,, -1,1,0,1,70,5,9,1,56,56255,1,1,0,1,Lieu Dit Kerbourho - RD 775 - PK 43+300,47.69621,-2.62824,17,7,2
202100007078,189Â 106,A01,1,1,1,5,1,-1,-1,0,0,-1,2021,27.0,2,5,0,2,3,1,1,,3,8,-1,,2,2,0,1,13,200,1,, -1,1,0,1,80,21,11,2,68,68140,1,1,1,1,Rue d Oberhergheim,47.92062,7.435555,8,2,2
202100052174,108Â 448,B01,1,1,1,5,1,5,-1,0,0,-1,2021,57.0,2,2,8,0,3,1,1,,3,77,0,D,2,2,0,1,7,100,1,, -1,1,5,1,80,9,2,1,31,31118,1,2,0,3,Route de Bouloc,43.78898,1.386579,13,2,2
202100004645,193Â 466,A01,2,2,1,5,1,0,-1,-1, -1,-1,2021,26.0,1,2,5,0,6,1,1,,1,A4,0,,3,8,0,2,4,699,2,, -1,2,0,1,90,5,12,3,94,94069,1,1,0,6,A4,48.8164294895,2.45122939,5,2,1
202100015529,173Â 930,A01,1,1,2,0,1,8,-1,-1, -1,-1,2021,39.0,1,2,0,2,3,1,1,,4,JACQUES KABLE (RUE),0,,2,3,0,1,(1),(1),1,, -1,1,0,1,50,30,9,1,67,67482,2,3,0,3,JACQUES KABLE (RUE),48.59332,7.75263,8,2,2
202100038738,132Â 381,A01,1,1,1,5,1,8,-1,-1, -1,-1,2021,46.0,3,2,0,2,3,15,1,,4,CHARLES DE GAULLE(RUE),0,,1,2,0,2,0,0,2,, -1,2,0,1,50,21,5,1,91,91692,1,1,0,3,CHARLES DE GAULLE(RUE),48.68452,2.16999,20,3,2
202100004515,193Â 704,A01,2,2,1,0,8,0,-1,-1, -1,-1,2021,20.0,1,2,7,0,9,6,1,,3,,0,,3,2,0,2,3,780,2,, -1,2,5,1,70,4,12,3,78,78609,1,4,1,7,CD 28,49.02876,1.92803,6,2,1
202100017540,170Â 270,A01,1,1,1,1,1,-1,-1,0,0,-1,2021,23.0,1,2,8,0,1,1,1,,3,151,-1,,-1,2,0,2,18,800,3,, -1,1,0,3,70,22,9,3,202,202167,1,1,0,6,Cattero,42.5372556588,8.8476204874,4,1,1
202100051140,110Â 262,B01,1,1,1,4,1,0,-1,-1, -1,-1,2021,50.0,1,2,0,2,3,1,1,,2,AUTOROUTE A86,0,,-1,3,0,1,49,700,1,, -1,2,0,1,70,18,2,5,94,94065,1,1,0,3,AUTOROUTE A86,48.755087,2.345115,19,2,2
202100042112,126Â 356,C01,1,1,2,5,1,-1,-1,0,0,-1,2021,21.0,1,2,0,2,1,1,1,,3,317,0,D,2,2,0,3,16,200,1,, -1,1,2,1,80,30,4,1,95,95580,1,1,0,4,RD 317,49.09162,2.530455,17,3,3
202100018240,169Â 004,A01,1,1,1,5,2,6,-1,0,0,-1,2021,17.0,0,1,0,0,0,1,1,,3,137,-1,D,2,2,0,2,28,600,1,, -1,1,0,1,80,2,9,1,60,60130,1,1,0,7,D137,49.381814,2.513251,19,2,1
202100006676,189Â 849,B01,1,1,1,2,2,-1,-1,-1, -1,-1,2021,14.0,1,1,0,2,8,1,1,,4,CROIX DES GARDIENS  ROND POINT DE LA,0,,1,2,0,1,(1),(1),1,, -1,1,5,1,50,23,11,5,29,29232,2,6,0,2,Giratoire Croix des Gardiens,48.01037,-4.09592,8,2,2
202100026731,153Â 939,A01,1,1,1,4,2,-1,-1,0,0,-1,2021,50.0,1,1,0,2,1,17,1,,3,105,-1,,2,2,0,1,7,400,1,,4,1,0,1,80,29,7,1,85,85127,1,3,0,3,CD 105 - pk 7+400,46.393406,-1.483482,10,2,2
202100012643,179Â 114,A01,1,1,2,3,1,-1,-1,-1, -1,-1,2021,68.0,3,2,1,0,3,20,2,,3,FRANS ROUTE DE,0,,-1,0,0,1,0,1,1,, -1,1,0,8,50,16,10,1,69,69264,2,1,0,6,D306,45.9821322528,4.7415447235,13,1,1
202100029546,148Â 979,C01,1,1,1,4,1,-1,-1,-1, -1,-1,2021,43.0,2,2,0,0,6,2,1,,2,RN346   29.300 A 34.350,0,,3,4,0,1,30,450,3,, -1,1,0,2,90,10,7,1,69,69275,1,1,0,4,EST (ROC),45.78066,4.95915,13,4,3
202100025127,156Â 741,A01,2,2,1,5,1,0,-1,-1, -1,-1,2021,32.0,3,2,0,2,6,2,2,,4,BESANCON (DU 72TER A LA FIN),0,,2,2,0,1,(1),(1),1,, -1,2,0,1,50,7,8,5,25,25462,2,3,1,2,BESANCON (DU 72TER A LA FIN),46.91702,6.34431,23,3,2
202100000159,201Â 464,A01,1,1,2,5,1,-1,-1,-1, -1,-1,2021,78.0,2,2,6,0,3,13,1,,4,,0,,2,2,0,2,(1),(1),1,, -1,2,0,4,50,10,12,2,69,69275,2,3,0,6,PRAINET (R),45.7651759953,4.9710895121,17,1,1
202100032308,144Â 008,B01,1,1,2,9,2,0,-1,0,0,-1,2021,34.0,1,1,0,2,7,1,1,,4,BOULEVARD PERIPHERIQUE,0,,1,4,0,1,15,0,1,, -1,1,1,1,70,25,6,1,75,75116,2,1,0,3,BOULEVARD PERIPHERIQUE,48.869067,2.27085,9,2,2
202100002728,196Â 894,A01,1,1,1,0,1,0,-1,-1, -1,-1,2021,18.0,2,1,0,2,3,2,0,,3,989,0,,1,2,0,1,0,0,1,, -1,1,0,1,50,26,1,5,92,92040,2,3,0,2,VERDUN (AVENUE DE) DU 115 AU 149,48.8179846923,2.2508628666,18,2,2
202100038937,132Â 031,A01,2,2,1,5,2,6,-1,-1, -1,-1,2021,11.0,1,1,12,2,2,14,1,,7,HENRI TASSO (BOULEVARD),0,,1,1,0,1,0,0,1,, -1,1,0,4,30,21,5,2,13,13002,2,1,0,7,HENRI TASSO (BOULEVARD),43.3385,5.47674,20,3,2
202100026663,154Â 048,B01,2,2,2,5,1,0,-1,-1, -1,-1,2021,30.0,0,2,0,2,8,2,1,,4,AVE DE L'HIPPODROME,0,,1,6,3,1,(1),(1),1,, -1,1,0,1,50,26,7,1,33,33069,2,1,0,3,Avenue de l'Hippodrome,44.87557,-0.62429,21,3,2
202100009100,185Â 441,A01,10,3,1,5,0,-1,-1,2,5,1,2021,15.0,2,2,0,1,1,1,1,,4,RUE DU BOCAGE CAUD,0,,2,2,0,1,(1),(1),1,, -1,2,0,1,50,6,11,2,33,33063,2,1,0,6,Rue du Bocage,44.852,-0.5997,6,2,1
202100008283,186Â 911,B01,9,2,2,9,1,-1,-1,0,0,-1,2021,56.0,2,2,13,2,2,1,1,,3,7,0,,2,2,0,2,(1),(1),3,, -1,1,0,1,70,25,10,1,972,97231,1,1,0,1,Route de l Anse a l Ane,14.537914,-61.054995,15,4,2
202100031687,145Â 120,A01,1,1,1,1,2,-1,-1,0,0,-1,2021,17.0,2,1,0,0,4,2,1,,3,4,0,D,2,2,0,2,0,245,3,0,6,1,0,1,80,1,7,1,16,16146,1,1,0,2,,45.621208,0.256854,7,2,2
202100017093,171Â 075,A01,1,1,1,1,2,8,-1,-1, -1,-1,2021,37.0,1,1,0,2,6,18,1,,3,GALLIENI (R),0,,-1,2,0,1,1,0,1,, -1,1,0,1,50,23,9,3,94,94016,2,1,0,3,Rue GalliÃ©ni,48.79605,2.33251,20,2,2
202100025914,155Â 366,B01,1,1,1,5,2,-1,-1,0,0,-1,2021,26.0,1,1,0,0,5,0,5,,3,23,-1,,2,2,0,1,7,304,1,, -1,1,5,1,90,29,7,1,72,72381,1,6,0,3,Les Tamaris,47.9284230391,0.1017340421,9,2,2
202100024693,157Â 508,B01,1,1,1,5,2,-1,-1,0,0,-1,2021,20.0,2,1,0,2,1,17,1,,3,D32,0,A,2,2,0,1,37,750,1,, -1,1,0,1,50,11,8,1,40,40063,2,1,0,3,589 Route de Montfort,43.711387,-0.974715,17,2,2
202100023609,159Â 434,B01,1,1,1,0,2,0,-1,0,0,-1,2021,43.0,3,1,0,2,8,19,5,,4,FREDERIC EUZIERES ( PLACE ),0,,1,1,0,1,0,1,1,, -1,1,0,1,30,16,8,1,5,5061,2,1,0,3,FREDERIC EUZIERES ( PLACE ),44.55687,6.07717,7,2,2
202100012461,179Â 432,A01,1,1,1,0,2,6,-1,0,0,-1,2021,46.0,1,1,0,2,0,0,1,,2,PERIPHERIQUE NORD (BOULEVARD),0,,3,4,0,1,1,399,1,, -1,1,0,1,90,17,10,1,14,14437,1,1,0,6,N814,49.1769,-0.31625,16,3,3
202100006454,190Â 260,B01,1,1,1,4,1,0,-1,0,0,-1,2021,57.0,1,5,0,2,8,9,1,,4,PORTE D AUTEUIL,0,,1,3,0,1,12,400,1,, -1,1,0,1,70,24,11,1,75,75116,2,4,0,3,ECHANGEUR AUTEUIL,48.8516,2.252312,13,2,2
202100041673,127Â 114,A01,1,1,1,5,1,0,-1,-1, -1,-1,2021,45.0,2,2,1,0,2,14,1,,4,VALMY (RUE DE),0,,2,1,0,1,3,0,1,, -1,1,0,1,50,1,5,5,18,18279,2,1,0,3,VALMY (RUE DE),47.21,2.06,23,2,2
202100028243,151Â 210,A01,1,1,1,5,8,-1,-1,0,0,-1,2021,38.0,2,2,6,0,7,1,1,,2,30,-1,,2,2,0,2,17,500,3,, -1,1,0,3,70,20,7,5,202,202093,1,1,0,4,ZA CORABARA - RT 30,42.611317,8.891501,3,1,1
202100029552,148Â 968,A01,2,2,2,5,1,0,-1,-1, -1,-1,2021,58.0,2,2,0,2,1,2,1,,1,AUTOROUTE A6A,0,,3,12,0,1,3,400,1,, -1,1,0,1,90,10,7,1,94,94038,1,1,0,2,AUTOROUTE A6A,48.7826,2.3464,21,3,2
202100053927,105Â 353,B01,1,1,1,0,1,-1,-1,-1, -1,-1,2021,41.0,1,2,0,2,2,1,1,,4,,0,,2,2,0,1,(1),(1),1,, -1,2,0,1,50,22,1,2,69,69275,2,6,1,3,LOUISE MICHEL (AV),45.76,4.96065,18,2,2
202100017187,170Â 912,B01,2,2,2,0,2,6,-1,0,0,-1,2021,40.0,1,1,0,2,9,17,1,,3,2,0,,2,2,0,3,21,90,1,, -1,1,0,1,80,11,9,1,57,57464,1,3,0,3,D2,49.286586,6.316544,18,3,2
202100015827,173Â 384,A01,1,1,1,1,2,6,-1,0,0,-1,2021,44.0,2,1,0,2,5,1,1,,1,6,0,,3,3,0,3,43,800,3,, -1,2,0,1,130,1,10,1,77,77359,1,1,1,5,Perthes,48.480503,2.514582,17,3,3
202100013664,177Â 288,A01,1,1,1,5,2,6,-1,-1, -1,-1,2021,15.0,2,1,0,2,1,19,1,,4,CHARDONNET (COMTE DE),0,,2,2,0,1,0,0,1,, -1,1,0,1,50,11,10,1,25,25462,2,2,1,3,CHARDONNET (COMTE DE),46.91084,6.35209,14,3,2
202100048547,114Â 976,A01,1,1,2,2,8,-1,-1,-1, -1,-1,2021,19.0,0,2,9,2,7,15,1,,4,FOUGERES (ROUTE DE),0,,2,4,1,1,(1),(1),1,, -1,2,5,1,50,10,3,1,35,35238,2,2,1,3,FOUGERES (ROUTE DE),48.1296492366,-1.6429993179,14,2,2
202100009866,184Â 068,A01,1,1,2,1,1,-1,-1,0,0,-1,2021,36.0,1,2,0,2,1,1,1,,3,27,-1,,2,2,0,3,10,200,1,, -1,1,0,1,80,2,11,1,59,59174,1,1,0,1,CD27,50.1885406821,4.0507149696,13,3,2
202100026092,155Â 051,A01,5,2,2,0,1,0,-1,-1, -1,-1,2021,24.0,2,2,4,0,3,1,1,,1,A55-Sens Martigues vers Marseille,0,,1,3,0,2,7,0,3,, -1,1,2,1,901,1,8,1,13,13216,2,1,0,7,A55-Sens Martigues vers Marseille,43.35025,5.3468,6,5,1
202100050853,110Â 783,C01,1,1,1,5,1,1,-1,0,0,-1,2021,42.0,1,2,0,2,4,23,1,,4,RUE GEORGES CLEMENCEAU,0,,1,3,0,1,0,0,1,, -1,1,0,1,50,17,2,5,988,98818,2,4,0,4,RUE GEORGES CLEMENCEAU/RUE DU CAPITAINE ROBINEAU,-22.27693,166.44215,19,4,4
202100019876,166Â 112,A01,10,3,1,0,0,-1,-1,4,3,1,2021,70.0,1,5,0,1,2,16,1,,4,BOURLEAUD (AVE EDOUARD),0,,-1,2,0,1,(1),(1),1,, -1,2,5,1,50,8,9,1,33,33550,2,3,1,6,Avenue Edouard Bourlaux,44.78767,-0.56664,11,2,1
202100013248,178Â 062,B01,1,1,1,1,8,0,-1,-1, -1,-1,2021,24.0,3,1,0,2,1,5,5,,4,JOURDAN (RUE EMILE),0,,1,1,0,2,(1),(1),1,, -1,1,0,1,30,12,10,2,56,56260,2,3,0,1,JOURDAN (RUE EMILE),47.67101,-2.76835,7,2,2
202100012024,180Â 217,A01,1,1,2,0,1,-1,-1,-1, -1,-1,2021,38.0,3,2,0,2,8,1,1,,4,RUE MOLIERE,0,,1,1,0,1,(1),(1),1,, -1,1,0,1,30,20,10,1,33,33069,2,2,0,3,Rue MoliÃ¨re,44.8670951529,-0.6003963535,14,2,2
202100048238,115Â 529,A01,1,1,1,5,2,-1,-1,-1, -1,-1,2021,62.0,1,1,0,2,1,15,0,,4,MONT SALVA (CHEMIN DU),0,,2,1,0,1,0,0,2,, -1,1,0,1,30,10,3,1,83,83129,2,3,1,1,MONT SALVA (CHEMIN DU),43.07159,5.80867,10,2,2
202100033932,141Â 109,A01,1,1,1,5,6,2,-1,0,0,-1,2021,64.0,3,1,16,0,0,1,1,,3,285,0,A,2,2,0,2,(1),(1),3,, -1,1,0,8,70,16,6,1,38,38075,1,1,0,7,D285a,45.479279,5.935847,11,1,1
202100045670,120Â 104,A01,1,1,1,5,2,6,9,0,0,-1,2021,59.0,1,1,5,0,1,1,1,,7,2204,0,A,2,2,0,2,43,7,2,, -1,1,0,3,80,1,4,1,6,6149,1,1,1,7,3151 Route de Laghet,43.747669,7.346823,17,1,1
202100019060,167Â 570,A01,1,1,1,4,0,-1,-1,0,0,-1,2021,38.0,1,4,16,0,9,1,1,,4,,0,,2,1,0,2,(1),(1),1,,3,1,0,3,80,14,9,1,53,53113,1,1,0,7,Chemin de Montpion,48.276974,-0.418237,18,1,1
202100035569,138Â 137,B01,1,1,1,0,1,0,-1,-1, -1,-1,2021,12.0,1,1,0,2,0,0,3,,4,LYSSANDRE (PL. GEORGES),0,,-1,0,0,1,1,0,1,, -1,1,0,1,30,9,6,1,93,93010,2,3,0,1,VAILLANT (RUE DU PROFESSEUR),48.899667,2.491517,8,2,2
202100034201,140Â 614,A01,1,1,1,5,1,6,-1,-1, -1,-1,2021,26.0,1,1,0,2,1,1,1,,1,AUTOROUTE A86,0,,3,6,0,1,21,899,1,, -1,1,1,1,90,16,6,1,93,93008,1,1,0,2,AUTOROUTE A86,48.90948,2.44641,10,2,2
202100011191,181Â 727,A01,3,2,2,5,1,-1,-1,-1,0,-1,2021,21.0,2,2,14,0,1,26,1,,4,GEORGES DESSAILLY (RUE),0,,2,2,0,1,(1),(1),3,, -1,1,0,1,50,24,10,5,95,95197,2,1,0,6,GEORGES DESSAILLY (RUE),48.97082,2.33081,5,4,1
202100025283,156Â 463,A01,1,1,2,9,2,0,-1,-1, -1,-1,2021,34.0,1,1,0,0,0,26,1,,4,FREMUR,0,,2,2,0,1,1,0,1,, -1,2,0,1,50,3,8,1,49,49007,2,1,0,7,FREMUR,47.4551,-0.5631,11,1,1
202100012077,180Â 127,A01,1,1,1,1,2,8,-1,-1, -1,-1,2021,29.0,2,1,0,2,1,25,3,,3,992,0,,1,4,1,1,0,0,1,, -1,1,2,5,8,18,10,1,92,92025,2,1,0,1,CHARLES DE GAULLE (BD),48.914941,2.228568,8,2,2
202100005576,191Â 835,A01,10,3,2,5,0,-1,-1,3,3,1,2021,65.0,3,2,0,1,2,1,1,,4,,-1,,3,2,0,1,(1),(1),1,, -1,1,9,6,50,24,11,1,40,40065,2,9,0,6,Boulevard des Cigales,43.640644,-1.425655,11,2,1
202100047543,116Â 784,B01,1,1,2,0,1,0,-1,-1, -1,-1,2021,28.0,2,2,1,2,5,1,0,,3,ANA.FRANCE(RUE)77A139 ET 74A124,0,,1,0,1,1,0,0,1,, -1,2,0,1,50,18,3,1,92,92044,2,2,1,3,ANA.FRANCE(RUE)77A139 ET 74A124,48.8938069592,2.2834798694,13,4,2
202100041642,127Â 170,A01,1,1,1,0,2,6,-1,-1, -1,-1,2021,50.0,1,1,0,2,1,1,1,,3,REPUBLIQUE AVENUE DE LA,0,,2,2,2,1,0,1,1,, -1,1,9,1,50,30,4,1,93,93006,2,9,0,5,REPUBLIQUE AVENUE DE LA,48.8614183534,2.4176521304,16,3,3
202100018178,169Â 118,A01,2,2,1,9,1,0,-1,0,0,-1,2021,25.0,1,5,7,2,7,1,1,,4,RUE DE DUNKERQUE,0,,2,3,0,1,(1),(1),1,, -1,1,0,1,30,18,9,5,75,75110,2,2,0,3,RUE DE DUNKERQUE,48.879543,2.357227,4,3,2
202100022806,160Â 841,A01,1,1,1,5,8,0,-1,-1, -1,-1,2021,33.0,1,1,0,0,1,26,1,,4,SAINT LAZARE,0,,2,2,0,1,1,0,1,, -1,1,0,1,50,22,8,1,49,49007,2,1,0,7,SAINT LAZARE,47.48001,-0.56599,19,1,1