Num_Acc,id_vehicule,num_veh,place,catu,sexe,trajet,secu1,secu2,secu3,locp,actp,etatp,year_acc,victim_age,senc,catv,obs,obsm,choc,manv,motor,occutc,catr,voie,v1,v2,circ,nbv,vosp,prof,pr,pr1,plan,lartpc,larrout,surf,infra,situ,vma,jour,mois,lum,dep,com,agg_,int,atm,col,adr,lat,long,hour,nb_victim,nb_vehicules
202100048634,114Â 827,A01,1,1,1,1,2,6,9,0,0,-1,2021,53.0,2,1,0,2,2,2,1,,4,,0,D,1,2,0,1,(1),(1),2,, -1,2,5,1,50,11,3,1,56,56007,2,6,0,3,Giratoire de Kerbois,47.663841,-3.009675,9,2,2
202100034745,139Â 605,B01,1,1,1,1,2,6,-1,-1, -1,-1,2021,53.0,2,1,0,2,4,1,1,,7,JUIN MARECHAL (AV DU),0,,3,4,0,1,21,950,1,, -1,1,5,1,50,7,6,1,83,83129,2,6,0,3,JUIN MARECHAL (AV DU),43.09546,5.8482,14,2,2
202100026226,154Â 822,A01,1,1,1,0,1,-1,-1,0,0,-1,2021,55.0,2,5,0,2,3,5,1,,3,,0,,2,2,0,1,27,0,1,,4,2,2,1,50,31,7,5,30,30258,2,1,1,1,Boulevard Chanzy,43.673036,4.434636,21,3,2
202100035037,139Â 069,A01,3,2,1,2,1,0,-1,-1, -1,-1,2021,64.0,1,2,1,0,2,2,1,,4,PARADIS (RUE),0,,1,2,0,2,0,0,1,, -1,1,0,1,50,10,6,1,13,13206,2,1,0,2,PARADIS (RUE),43.28719,5.3797,15,2,1
202100019125,167Â 440,A01,1,1,1,1,2,6,-1,-1, -1,-1,2021,33.0,2,1,0,2,1,9,1,,1,A4,0,,3,10,0,1,9,0,1,, -1,1,1,1,90,13,9,1,94,94017,1,1,0,2,A4,48.8284416936,2.5027316394,9,2,2
202100030843,146Â 633,B01,1,1,1,0,1,0,-1,-1, -1,-1,2021,45.0,2,2,0,2,8,1,1,,4,HEURTELOUP (BOULEVARD),0,,3,5,0,1,(1),(1),1,, -1,1,0,1,50,3,7,1,37,37261,2,2,0,6,HEURTELOUP (BOULEVARD),47.3925289266,0.7012681256,19,2,2
202100032391,143Â 873,A01,1,1,1,5,2,6,-1,0,0,-1,2021,22.0,1,1,0,0,9,1,1,,3,124,0,,2,2,0,2,13,100,2,, -1,1,0,3,90,26,6,1,3,3024,1,1,0,7,D124,46.332654,3.713164,14,1,1
202100011118,181Â 860,B01,1,1,1,0,2,8,-1,-1, -1,-1,2021,25.0,3,1,0,2,1,1,1,,4,CARRIERES (R DES),0,,2,2,0,2,1,0,1,, -1,1,0,1,50,24,10,5,94,94081,2,2,0,3,Rue des CarriÃ¨res,48.79918,2.39165,23,3,2
202100049679,112Â 939,B01,1,1,1,5,1,0,-1,-1, -1,-1,2021,26.0,1,2,14,0,4,2,1,,3,CROIZAT AMBROISE RD 29 BIS,0,,2,2,0,1,0,1,1,, -1,1,0,1,50,28,2,1,93,93066,2,1,0,2,CROIZAT AMBROISE RD 29 BIS,48.92945,2.35101,13,2,2
202100002169,197Â 909,A01,1,1,1,4,1,-1,-1,0,0,-1,2021,37.0,2,4,3,0,8,1,1,,3,773,0,,2,2,0,2,20,518,3,, -1,1,0,3,50,20,12,1,44,44129,1,9,0,7,RD 773 - PR 20+400,47.448225,-2.088545,14,1,1
202100024645,157Â 608,B01,1,1,1,4,2,6,-1,-1, -1,-1,2021,25.0,1,1,0,2,2,17,1,,3,VICTOR HUGO (BD),0,,2,4,0,1,0,0,1,, -1,1,0,1,50,10,8,1,92,92024,2,3,0,3,VICTOR HUGO (BD),48.8988810419,2.3127839502,11,2,2
202100056493,100Â 921,A01,1,1,1,1,1,0,-1,-1, -1,-1,2021,38.0,1,2,4,0,9,1,1,,1,3,0,,3,9,0,1,5,0,1,, -1,1,0,1,90,1,1,5,93,93053,1,1,0,6,AUTOROUTE A3,48.88379,2.46681,19,1,1
202100049755,112Â 806,P01,1,1,2,0,0,0,0,0,0,-1,2021,30.0,1,1,16,9,3,2,5,,4,JACQUET EUGENE RUE NÂ°IMPAIRS,0,,2,2,1,1,(1),(1),2,, -1,1,0,5,50,27,2,5,59,59350,2,9,0,3,JACQUET EUGENE RUE NÂ°IMPAIRS,50.6381276311,3.07928022,19,2,2
202100036232,136Â 919,B01,1,1,1,1,2,6,-1,-1, -1,-1,2021,46.0,1,1,0,2,1,2,1,,3,STRASBOURG (ROUTE DE),0,,2,4,0,1,26,450,1,, -1,1,0,1,50,4,6,1,67,67180,2,3,0,2,STRASBOURG (ROUTE DE),48.80332,7.76958,7,2,2
202100038081,133Â 592,B01,1,1,1,3,1,-1,-1,0,0,-1,2021,28.0,2,2,0,2,4,1,1,,3,680,-1,,2,2,0,1,75,(1),1,, -1,1,0,1,50,27,5,1,71,71014,2,1,1,2,13 Route de Beaune,46.956217,4.314671,18,3,2
202100021782,162Â 690,A01,1,1,1,9,8,0,-1,-1, -1,-1,2021,19.0,1,1,0,0,1,26,3,,4,CARNOT,0,,2,4,0,1,1,0,1,, -1,1,0,1,50,30,8,1,49,49007,2,1,0,6,CARNOT,47.47466,-0.54764,19,1,1
202100029992,148Â 184,A01,1,1,1,1,1,-1,-1,-1, -1,-1,2021,21.0,2,2,0,2,2,15,1,,4,Rue Henri Cevaer,0,,2,2,0,2,(1),(1),1,, -1,1,0,1,50,8,7,1,29,29039,2,4,0,1,Rue Henri Cevaer,47.87709,-3.92923,15,3,2
202100012854,178Â 750,B01,1,1,1,5,2,0,-1,-1, -1,-1,2021,79.0,2,1,0,2,4,15,5,,4,LYSIACK   AVENUE DU COMMANDANT,0,,3,4,2,1,(1),(1),1,, -1,1,0,1,30,16,10,1,17,17028,2,1,1,2,LYSIACK   AVENUE DU COMMANDANT,46.137032,-1.126104,9,2,2
202100027786,152Â 048,B01,1,1,1,5,2,8,-1,-1, -1,-1,2021,42.0,2,1,0,2,3,1,0,,3,180,0,,2,1,0,1,0,0,2,, -1,1,0,1,50,19,7,2,92,92063,2,7,0,3,BUZENVAL (PLACE DE),48.85724,2.19021,21,2,2
202100016913,171Â 389,B01,1,1,1,1,1,0,-1,-1, -1,-1,2021,45.0,2,5,0,2,1,1,1,,3,RN 60,0,,1,1,0,2,1,0,2,, -1,1,0,1,50,24,9,1,45,45308,2,3,0,3,ST JEAN DE BRAYE (ROUTE),47.92348,1.95653,8,3,2
202100030758,146Â 779,A01,1,1,1,0,1,0,-1,-1, -1,-1,2021,31.0,1,2,4,0,2,1,1,,3,RD 41 (ROCADE),0,,1,2,0,2,0,500,3,, -1,2,0,1,60,30,6,1,972,97209,1,1,1,6,RD 41 (ROCADE),14.61444,-61.05301,15,2,1
202100039189,131Â 577,B01,1,1,1,5,0,-1,-1,0,0,-1,2021,14.0,1,1,0,2,1,1,5,,3,1,-1,,2,2,0,1,20,479,1,, -1,1,0,1,80,12,5,1,31,31553,1,2,0,1,CD 1,43.715403,1.168306,16,2,2
202100015483,174Â 028,A01,10,3,2,5,0,-1,-1,5, -1,-1,2021,22.0,1,1,0,1,0,25,1,,4,JULES COURMONT                      (QU),0,,1,1,1,2,(1),(1),1,, -1,1,0,4,50,30,9,2,69,69382,2,1,0,6,JULES COURMONT (Q),45.7580123363,4.8368420125,19,2,1
202100038693,132Â 466,B01,1,1,1,1,1,-1,-1,0,0,-1,2021,56.0,1,2,0,2,3,16,1,,3,,0,,2,2,0,1,14,115,1,, -1,2,8,1,80,24,5,1,85,85081,1,2,1,3,Les GÃ¢ts,46.771379,-1.349945,12,2,2
202100007603,188Â 149,A01,10,3,1,5,8,8,-1,6,1,1,2021,25.0,3,2,0,1,2,1,0,,4,ROEYE STRAETE (VOIE COMMUNALE),0,,2,1,0,1,(1),(1),1,, -1,1,0,1,50,17,11,1,59,59043,1,1,0,6,ROEYE STRAETE (VOIE COMMUNALE),50.7337823725,2.7499907515,11,2,1
202100029383,149Â 256,A01,1,1,1,4,0,-1,-1,0,0,-1,2021,23.0,1,5,0,2,1,13,1,,3,d115,0,D,2,2,0,2,1,0,3,, -1,1,0,1,80,13,7,1,38,38304,1,1,0,1,D115d,44.949107,5.766419,11,3,2
202100010098,183Â 654,A01,1,1,2,1,1,-1,-1,0,0,-1,2021,21.0,1,2,16,0,9,1,1,,2,20,0,,2,2,0,4,92,500,3,, -1,2,0,3,80,1,11,2,202,202289,1,1,1,7,RT20,42.357121,9.172318,7,1,1
202100013207,178Â 131,A01,1,1,2,0,1,-1,-1,-1, -1,-1,2021,53.0,1,2,0,2,1,15,1,,4,WALDECK ROUSSEAU                    (R ),0,,1,1,0,1,(1),(1),1,, -1,1,0,1,50,15,10,5,69,69386,2,3,0,3,WALDECK ROUSSEAU (R),45.76423,4.85836,0,2,2
202100041901,126Â 721,B01,1,1,1,5,8,0,-1,-1, -1,-1,2021,18.0,2,1,0,2,0,0,5,,4,JOLIVET (RUE),0,,1,1,0,1,(1),(1),1,, -1,1,0,1,50,30,4,1,37,37261,2,1,0,6,JOLIVET (RUE),47.39336,0.7039,10,2,2
202100031127,146Â 104,A01,1,1,1,5,1,0,-1,-1, -1,-1,2021,57.0,2,2,9,2,7,17,1,,7,ECH LES ARMURIERS,0,,-1,2,0,1,1,934,1,, -1,1,2,1,90,3,7,5,31,31149,1,1,0,3,ECH LES ARMURIERS,43.59748,1.36383,22,3,2
202100037520,134Â 597,A01,1,1,1,4,1,-1,-1,0,0,-1,2021,28.0,1,2,0,2,8,15,1,,2,10,-1,,2,2,0,1,134,500,1,,7,1,0,1,80,31,5,1,201,201041,1,3,0,3,Finocchio,41.407064,9.171492,12,2,2
202100024169,158Â 459,A01,1,1,1,5,0,-1,-1,0,0,-1,2021,24.0,2,2,2,0,1,14,1,,3,12,0,,2,2,0,1,44,727,1,, -1,1,0,3,80,15,8,2,32,32365,1,1,0,6,D12,43.357731,0.694531,7,1,1
202100054777,103Â 879,A01,1,1,2,5,1,0,-1,0,0,-1,2021,86.0,2,2,11,0,3,13,1,,4,AVENUE GEORGE V,0,,2,3,0,1,(1),(1),1,, -1,1,8,1,50,16,1,5,75,75108,2,2,0,6,AVENUE GEORGE V,48.8683894136,2.3011261225,7,1,1
202100013400,177Â 779,B01,1,1,1,1,2,0,-1,-1, -1,-1,2021,32.0,3,1,0,2,1,16,1,,4,BEETHOVEN (COUR),0,,-1,3,0,1,1,0,1,, -1,1,0,1,30,12,10,3,94,94002,2,9,0,2,Cours Beethoven,48.795898,2.429064,21,2,2
202100013183,178Â 181,B01,1,1,1,0,2,-1,-1,0,0,-1,2021,22.0,2,1,8,2,1,19,1,,3,386,0,,-1,2,1,1,16,134,3,, -1,1,9,1,30,8,10,1,69,69136,2,9,0,3,LYON (DE) (RTE),45.6126235023,4.7703418945,11,2,2
202100012910,178Â 653,A01,1,1,1,9,1,-1,-1,0,0,-1,2021,40.0,1,2,0,2,1,2,1,,1,31,0,,3,5,0,1,99,400,1,, -1,1,0,1,130,16,10,3,52,52014,1,1,0,2,Auroute A 31,47.782351,5.218163,4,2,2
202100001905,198Â 391,A01,1,1,1,4,1,0,-1,0,0,-1,2021,19.0,1,5,0,2,3,15,1,,4,BOULEVARD HAUSSMANN,0,,1,3,0,1,(1),(1),1,, -1,1,0,1,30,21,12,5,75,75109,2,7,0,3,BOULEVARD HAUSSMANN,48.8732093383,2.3311346769,1,5,2
202100052761,107Â 417,A01,1,1,2,3,1,0,-1,-1, -1,-1,2021,80.0,1,2,0,2,3,11,0,,3,SOULTZ(ROUTE DE),0,,2,4,0,1,50,0,1,, -1,1,0,1,50,1,2,1,68,68376,2,1,0,5,Rue de Soultz,47.80041,7.31237,10,3,3
202100020811,164Â 444,A01,3,2,2,0,3,0,-1,-1, -1,-1,2021,3.0,1,2,3,2,3,14,1,,1,AUTOROUTE A6,0,,1,3,0,1,30,500,1,, -1,1,2,1,110,5,9,1,91,91659,1,1,0,2,AUTOROUTE A6,48.58693,2.4506,12,4,2
202100056186,101Â 459,A01,10,3,1,9,0,-1,-1,1,1,1,2021,60.0,2,4,0,1,5,24,1,,4,GENERAL DE GAULLE (AV DU),0,,-1,4,0,1,0,0,1,, -1,2,0,1,50,4,1,1,94,94017,2,1,0,3,GENERAL DE GAULLE (AV DU),48.82082,2.48625,10,2,1
202100020610,164Â 787,A01,1,1,2,1,1,-1,-1,0,0,-1,2021,23.0,2,2,0,2,3,17,1,,3,925,0,,2,2,0,1,51,251,1,, -1,1,9,1,80,7,9,1,76,76488,1,2,0,2,D925,49.78194,0.583928,8,2,2
202100051095,110Â 345,A01,10,3,1,3,0,-1,-1,4,3,1,2021,69.0,1,2,0,1,3,1,1,,3,GALLIENI (AVENUE DU GENERAL),0,,1,2,0,1,1230,1,3,, -1,2,0,1,50,18,2,1,93,93077,2,1,1,6,GALLIENI (AVENUE DU GENERAL),48.8913537873,2.507276555,11,2,1
202100019211,167Â 288,A01,1,1,2,0,1,0,-1,-1, -1,-1,2021,22.0,3,2,0,2,3,13,1,,4,GAMBETTA (R),0,,2,1,0,1,1,0,1,, -1,1,0,1,50,13,9,1,94,94078,2,3,0,3,Rue Gambetta,48.735751,2.460664,16,2,2
202100003302,195Â 865,A01,1,1,1,0,1,-1,-1,0,0,-1,2021,84.0,1,2,0,2,1,5,1,,7,27,0,D,1,1,0,2,23,651,1,, -1,1,0,8,30,13,12,2,34,34202,2,1,0,5,Avenue de la Gare,43.583557,3.76068,17,3,3
202100055919,101Â 923,A01,1,1,1,5,2,0,-1,-1, -1,-1,2021,18.0,1,1,0,2,7,17,1,,4,,0,,2,5,0,1,(1),(1),1,, -1,1,0,1,50,7,1,5,37,37261,2,2,0,6,HEURTELOUP (BOULEVARD),47.3927577725,0.7011255058,17,2,2
202100037730,134Â 226,A01,1,1,1,5,2,8,-1,-1, -1,-1,2021,60.0,0,1,0,2,1,2,1,,3,D942,0,,3,4,0,1,0,1,1,, -1,1,0,1,80,28,3,2,84,84031,1,1,0,6,D942,44.047436,5.025572,8,2,2
202100050814,110Â 851,A01,1,1,2,5,2,-1,-1,0,0,-1,2021,57.0,1,1,0,0,0,1,5,,4,99,-1,,-1,2,0,1,(1),(1),1,, -1,1,0,1,80,20,2,1,14,14506,1,1,0,2,Lieu Dit Lignerolles,49.156595,-0.839133,14,2,2
202100026855,153Â 718,A01,1,1,2,5,2,0,-1,0,0,-1,2021,57.0,2,0,0,0,1,1,3,,4,PLACE DE L ALMA,0,,2,3,1,1,(1),(1),1,, -1,2,0,1,50,27,7,1,75,75108,2,7,1,7,PLACE DE L ALMA,48.864351,2.301847,18,1,1
202100015422,174Â 139,A01,1,1,1,5,1,-1,-1,0,0,-1,2021,27.0,0,2,8,0,2,1,1,,4,,0,,-1,1,0,1,2,900,1,,3,1,0,3,80,3,10,3,84,84034,1,1,0,6,Chemin des PrÃ©vieux,43.892174,4.983001,5,2,2
202100037405,134Â 802,B01,1,1,1,5,8,0,-1,-1, -1,-1,2021,23.0,1,1,0,2,2,1,5,,4,ANATOLE FRANCE                      (BD),0,,1,1,0,1,(1),(1),1,, -1,1,0,1,30,30,5,1,69,69386,2,2,0,1,ANATOLE FRANCE                      (BD),45.77075,4.85693,15,2,2
202100023481,159Â 654,A01,1,1,1,0,2,-1,-1,0,0,-1,2021,67.0,2,1,0,0,0,2,6,,3,2144,0,D,2,2,0,4,8,700,1,, -1,1,0,1,80,19,8,1,63,63116,1,1,0,7,D2144,45.97792,3.094874,12,1,1
202100043932,123Â 146,B01,1,1,1,9,2,6,-1,-1, -1,-1,2021,17.0,-1,1,0,2,1,17,1,,3,RASPAIL (RUE),0,,2,2,0,1,0,1,1,, -1,1,0,1,50,15,4,1,93,93027,2,3,0,3,RASPAIL (RUE),48.92328,2.39521,13,2,2
202100021946,162Â 396,B01,1,1,1,9,2,6,-1,0,0,-1,2021,28.0,2,1,0,2,1,1,1,,4,AVENUE D ITALIE,0,,2,6,0,1,(1),(1),1,, -1,1,0,1,50,29,8,5,75,75113,2,1,0,3,AVENUE D ITALIE,48.82962,2.356261,1,3,2
202100041074,128Â 189,B01,1,1,2,0,1,0,-1,-1, -1,-1,2021,32.0,3,2,0,2,1,1,0,,4,ROUX (AVENUE DU PROFESSEUR),0,,2,0,0,2,(1),(1),3,, -1,2,0,1,50,6,5,1,78,78551,2,1,1,1,ROUX (AVENUE DU PROFESSEUR),48.886011,2.091603,16,2,2
202100023975,158Â 782,A01,9,2,1,5,1,-1,-1,0,0,-1,2021,20.0,2,2,2,0,1,14,1,,3,733,0,D,3,4,0,1,11,600,1,, -1,1,0,3,110,17,8,5,17,17308,1,9,0,7,D733,45.878761,-0.964691,5,4,1
202100012858,178Â 743,Z01,10,3,1,0,8,8,-1,9,3,1,2021,74.0,3,2,0,1,1,26,1,,7,CAPITAINE GEZE (BOULEVARD),0,,1,2,0,1,(1),(1),1,, -1,1,0,1,50,16,10,5,13,13214,2,1,0,6,CAPITAINE GEZE (BOULEVARD),43.3305302812,5.3710457246,6,2,1
202100004580,193Â 588,A01,1,1,2,5,1,-1,-1,0,0,-1,2021,72.0,2,2,0,2,1,1,1,,2,151,0,,2,2,0,1,1,255,1,, -1,2,0,1,50,2,12,2,58,58059,2,9,1,2,Quai Foch,47.186482,3.011118,18,2,2
202100014530,175Â 734,A01,1,1,1,0,2,6,-1,-1, -1,-1,2021,22.0,1,1,0,0,0,1,1,,2,118,0,,1,3,0,1,1,799,1,, -1,1,0,1,70,8,10,1,92,92072,1,1,0,7,N118,48.8151379116,2.2146828412,14,1,1
202100054724,103Â 974,A01,1,1,1,1,8,-1,-1,0,0,-1,2021,20.0,1,2,0,2,3,13,1,,3,D7,-1,,2,2,0,1,3,55,3,, -1,1,0,1,70,18,1,1,37,37018,1,1,0,1,D7,47.366901,0.637228,9,2,2
202100032860,143Â 031,B01,1,1,1,0,1,0,-1,-1, -1,-1,2021,46.0,2,2,0,2,1,1,1,,4,BIARRITZ (AVENUE DE),0,,2,2,0,1,0,0,1,, -1,1,0,1,50,21,6,1,64,64024,2,1,0,3,BIARRITZ (AVENUE DE),43.48064,-1.53027,10,2,2
202100010860,182Â 316,A01,10,3,1,5,0,-1,-1,3,3,3,2021,4.0,2,2,0,1,5,26,1,,3,D8,0,,-1,3,0,2,0,1,2,, -1,1,6,1,50,25,10,1,83,83061,2,9,0,6,D8,43.4348676761,6.7253279686,11,5,1
202100037811,134Â 070,B01,1,1,1,4,2,0,-1,-1, -1,-1,2021,24.0,3,1,0,2,1,9,1,,4,MAGUY ROUBAUD (RUE),0,,1,2,0,1,(1),(1),1,, -1,1,0,1,50,28,5,1,13,13209,2,1,0,3,MAGUY ROUBAUD (RUE),43.2724794344,5.4002255201,16,2,2
202100039731,130Â 561,B01,1,1,1,0,2,6,-1,-1, -1,-1,2021,35.0,1,1,0,2,7,1,1,,3,908,0,,4,5,0,1,11,0,1,, -1,2,0,1,50,16,5,2,92,92035,2,9,1,7,RÃ©publique ( boulevard de la ),48.9057598644,2.2531923652,19,2,2
202100041816,126Â 863,B01,1,1,1,9,2,0,-1,0,0,-1,2021,32.0,2,1,0,2,1,1,1,,4,RUE CROZATIER,0,,2,2,0,1,(1),(1),1,, -1,2,0,1,50,1,5,1,75,75112,2,2,1,3,RUE CROZATIER,48.846749,2.381749,14,3,2
202100017643,170Â 081,B01,2,2,2,0,8,0,-1,-1, -1,-1,2021,20.0,1,2,0,2,1,1,1,,4,VALERY (BOULEVARD PAUL,0,,3,4,0,1,(1),(1),1,, -1,1,0,1,50,21,9,5,34,34172,2,2,0,3,VALERY (BOULEVARD PAUL,43.59264,3.85259,0,3,2
202100053832,105Â 525,B01,1,1,1,0,1,0,-1,-1, -1,-1,2021,34.0,0,2,2,0,0,0,1,,4,GRANDE BROSSE (AVENUE DE LA),0,,2,1,0,1,1,0,1,, -1,1,0,8,50,23,1,5,91,91434,2,3,0,3,GRANDE BROSSE (AVENUE DE LA),48.6558,2.3582,20,2,2
202100037366,134Â 879,B01,1,1,1,2,2,-1,-1,0,0,-1,2021,13.0,1,1,0,2,0,0,5,,3,,-1,,3,1,0,1,1,0,1,,3,1,0,1,50,1,6,1,91,91461,2,1,0,6,Route de Limours,48.600041,2.236415,7,2,2
202100032388,143Â 878,A01,2,2,1,5,1,-1,-1,0,0,-1,2021,48.0,1,2,0,2,3,1,1,,3,52,-1,,2,2,0,2,11,286,1,, -1,2,0,1,70,26,6,1,44,44097,1,1,1,1,Route de Kerlagadec,47.394685,-2.465948,12,6,2
202100054654,104Â 100,A01,1,1,1,3,2,6,-1,0,0,-1,2021,53.0,1,1,0,0,7,16,1,,7,57,0,M,2,2,0,1,1,700,3,, -1,1,0,1,80,19,1,1,59,59252,2,6,0,3,Rue de Messines,50.711192,2.939422,16,2,2
202100047264,117Â 277,A01,1,1,2,5,2,6,-1,-1, -1,-1,2021,17.0,3,1,0,2,8,1,1,,3,907,0,,4,1,0,1,0,0,1,, -1,1,0,1,50,20,3,1,92,92047,2,6,0,3,REPUBLIQUE,48.8375053822,2.1559307724,18,2,2
202100015123,174Â 677,B01,1,1,1,4,2,0,-1,-1, -1,-1,2021,42.0,0,1,0,2,1,2,1,,4,EDOUARD TREMBLAY (RUE),0,,2,0,0,1,1,0,1,, -1,2,0,1,50,5,10,1,94,94076,2,1,1,1,Rue Edouard Tremblay,48.779909,2.368728,8,2,2
202100047984,115Â 972,B01,1,1,1,3,1,-1,-1,0,0,-1,2021,89.0,2,2,0,2,2,15,1,,3,930,0,,2,2,0,1,36,800,1,, -1,1,0,1,50,16,3,1,32,32107,2,3,0,3,18 Avenue d'Aquitaine,43.959125,0.367688,8,3,2
202100018074,169Â 327,B01,1,1,1,5,2,6,-1,0,0,-1,2021,15.0,0,1,0,2,1,0,1,,4,34,0,D,2,2,0,1,(1),(1),3,, -1,1,0,1,50,18,9,5,34,34151,2,1,0,1,Boulevard Uni Apollon,43.663756,4.18085,22,2,2
202100046088,119Â 374,C01,1,1,1,9,2,0,-1,-1, -1,-1,2021,19.0,2,1,0,2,1,1,5,,4,Rue Sainte-Anne,0,,2,2,0,1,(1),(1),1,, -1,1,0,1,50,23,3,1,56,56260,2,2,0,3,SAINTE-ANNE (ROUTE),47.66229,-2.77853,19,2,2
202100052198,108Â 407,A01,1,1,2,5,1,0,-1,-1, -1,-1,2021,20.0,2,2,12,0,3,26,1,,1,A507 sens Aubagne- Marseille,0,,3,3,0,1,1,506,3,, -1,1,1,1,70,8,2,5,13,13055,1,1,1,7,A507 sens Aubagne- Marseille,43.32993,5.39015,20,2,1
202100040577,129Â 090,A01,1,1,1,5,2,6,-1,0,0,-1,2021,47.0,1,1,0,0,0,1,1,,3,234,0,,2,2,0,1,4,9,2,, -1,1,0,1,80,4,5,1,76,76250,1,1,0,7,Route du Ponant,49.5623516583,0.3032083984,15,1,1
202100014604,175Â 612,B01,1,1,1,0,8,0,-1,-1, -1,-1,2021,46.0,1,1,0,2,1,1,5,,4,RUE DOS D'ANE,0,,1,4,3,1,(1),0,1,, -1,1,0,1,50,7,10,1,44,44109,2,1,0,3,RUE DOS D'ANE,47.19773,-1.54217,13,2,2
202100005304,192Â 307,B01,1,1,1,0,2,8,-1,-1, -1,-1,2021,17.0,1,1,0,2,1,1,1,,4,TOURATIER (RUE),0,,2,2,0,1,0,0,1,, -1,1,0,1,50,30,11,1,45,45338,2,2,0,3,TOURATIER (RUE),47.99639,2.70735,14,2,2
202100034609,139Â 850,A01,10,3,2,3,0,-1,-1,4,3,1,2021,54.0,0,1,0,2,1,1,5,,4,RUE RIQUET,0,,1,2,1,1,(1),(1),1,, -1,1,0,5,50,13,6,1,75,75119,2,2,0,6,RUE RIQUET,48.889251,2.371275,14,2,1
202100030232,147Â 724,B01,1,1,2,5,2,0,-1,0,0,-1,2021,33.0,1,1,0,2,8,25,3,,4,AVENUE DE SAINT MANDE,0,,2,2,0,1,(1),(1),1,, -1,1,0,4,50,7,7,1,75,75112,2,1,0,5,AVENUE DE SAINT MANDE,48.845124,2.400372,9,4,3
202100028128,151Â 426,B01,1,1,1,1,2,0,-1,-1, -1,-1,2021,26.0,1,1,0,2,7,15,1,,4,ROND POINT  PONT FOUCHARD,0,,1,2,0,1,0,0,2,, -1,1,0,1,30,17,7,1,49,49328,2,6,0,3,ROND POINT  PONT FOUCHARD,47.25376,-0.08548,11,2,2
202100020523,164Â 952,A01,1,1,1,9,8,0,-1,-1, -1,-1,2021,53.0,1,1,0,0,0,1,5,,4,BRESSIGNY,0,,1,1,0,1,1,0,1,, -1,1,0,1,30,6,9,1,49,49007,2,1,0,7,BRESSIGNY,47.46795,-0.55091,15,1,1
202100018455,168Â 641,A01,1,1,1,5,2,6,-1,0,0,-1,2021,18.0,1,1,0,2,1,0,1,,7,5,-1,D,2,2,0,2,4,200,1,, -1,1,0,1,80,18,9,3,76,76222,1,2,0,3,D63,49.493051,0.874228,0,2,2
202100028267,151Â 167,A01,1,1,1,0,2,0,-1,-1, -1,-1,2021,33.0,1,1,1,0,1,26,1,,4,mamoudzou centre-Cinema Alpajoe (rue du),0,,1,1,0,4,0,0,1,, -1,1,0,1,50,18,7,3,976,97611,2,1,0,6,mamoudzou centre-Cinema Alpajoe (rue du),-12.78128,45.22992,2,1,1
202100022158,162Â 035,B01,9,2,2,5,1,9,-1,0,0,-1,2021,0.0,1,2,0,0,4,15,1,,3,65,0,D,2,2,0,1,6,168,1,, -1,1,0,1,80,29,8,1,2,2196,1,1,0,2,D65,49.55399,3.552795,15,4,2
202100009784,184Â 210,A01,10,3,1,3,8,-1,-1,2,3,1,2021,27.0,0,2,0,0,3,16,0,,4,Rue Maurice Le Flem,0,,-1,2,0,1,(1),(1),1,, -1,1,0,1,50,2,11,5,29,29019,2,1,0,6,Rue Maurice Le Flem,48.4067382632,-4.4962036908,18,2,1
202100009364,184Â 967,A01,1,1,1,5,2,-1,-1,0,0,-1,2021,18.0,1,1,0,2,1,17,1,,2,2,-1,,2,2,0,1,(1),(1),1,, -1,1,0,1,50,6,11,1,971,97129,2,1,0,2,RN 2,16.327491,-61.691837,10,3,2
202100038412,132Â 979,B01,1,1,1,0,2,6,-1,-1, -1,-1,2021,38.0,1,1,0,2,7,1,1,,3,DE GAULLE (AV DU GENERAL) 58/49 - FIN,0,,2,4,0,1,1,0,1,, -1,2,0,1,50,25,5,1,93,93064,2,3,1,3,Avenue du GÃ©nÃ©ral de Gaulle / Rue Louise Michel,48.878302,2.479143,12,2,2
202100051697,109Â 285,B01,1,1,1,5,2,8,-1,-1, -1,-1,2021,30.0,0,1,0,2,7,1,1,,4,REBOUL (rue),0,,2,2,0,1,0,0,1,, -1,2,0,1,50,12,2,5,13,13210,2,1,1,3,REBOUL (rue),43.2809,5.3979,19,2,2
202100030184,147Â 817,B01,1,1,2,1,1,8,-1,-1, -1,-1,2021,34.0,2,2,0,2,4,1,3,,4,CORMERY (RUE DE),0,,2,2,0,1,(1),(1),1,, -1,1,0,1,50,6,7,1,37,37208,2,3,0,2,CORMERY (RUE DE),47.3549626892,0.7320300185,19,2,2
202100030623,147Â 017,A01,1,1,1,4,1,-1,-1,0,0,-1,2021,37.0,2,4,3,0,2,1,1,,2,42,-1,,3,4,3,1,41,70,2,, -1,1,0,1,110,6,7,1,62,62230,1,1,1,7,route nationale 42,50.742009,1.833928,11,1,1
202100014370,176Â 026,A01,1,1,1,1,8,0,-1,-1, -1,-1,2021,38.0,1,1,0,0,1,7,5,,4,GAUTHIER (RUE MARCEL),0,,2,2,0,2,(1),(1),1,, -1,1,0,1,50,8,10,1,37,37261,2,1,0,7,GAUTHIER (RUE MARCEL),47.4047384734,0.7109922767,8,1,1
202100043690,123Â 588,A01,4,2,1,9,8,-1,-1,0,0,-1,2021,36.0,0,2,1,0,1,13,1,,4,,-1,,2,2,0,1,(1),(1),1,, -1,1,0,1,50,17,4,5,60,60701,2,1,0,6,390 Rue BrÃ»lÃ©e,49.5431680446,2.3591024982,23,3,1