Num_Acc,id_vehicule,num_veh,place,catu,sexe,trajet,secu1,secu2,secu3,locp,actp,etatp,year_acc,victim_age,senc,catv,obs,obsm,choc,manv,motor,occutc,catr,voie,v1,v2,circ,nbv,vosp,prof,pr,pr1,plan,lartpc,larrout,surf,infra,situ,vma,jour,mois,lum,dep,com,agg_,int,atm,col,adr,lat,long,hour,nb_victim,nb_vehicules
202100013778,177Â 082,B01,1,1,1,5,0,-1,-1,0,0,-1,2021,68.0,2,0,0,0,6,2,3,,3,974,0,,2,2,0,2,(1),(1),2,, -1,1,0,1,50,11,9,1,54,54397,2,1,1,2,rue jean jaures,48.6181475918,6.105249525,17,2,2
202100045765,119Â 947,B01,10,3,1,0,8,8,-1,2,3,1,2021,20.0,3,1,0,1,1,1,1,,4,RENOUVIER (BOULEVARD),0,,2,2,0,1,(1),(1),1,, -1,1,0,1,50,27,3,1,34,34172,1,1,0,6,RENOUVIER (BOULEVARD),43.60377,3.86781,17,2,1
202100012584,179Â 224,A01,1,1,1,1,2,-1,-1,0,0,-1,2021,48.0,1,1,0,2,0,21,1,,2,,-1,,1,1,0,3,11,130,2,, -1,2,3,1,-1,18,10,1,35,35196,1,9,1,3,La Guichardais du Meu,48.067146,-1.822008,11,2,2
202100047664,116Â 553,A01,1,1,1,4,2,0,-1,-1, -1,-1,2021,23.0,1,1,0,2,0,9,1,,3,GABRIEL PERI (AVENUE),0,,2,2,1,1,1,1,1,, -1,2,0,1,50,17,3,5,93,93048,2,2,1,3,GABRIEL PERI (AVENUE),48.8568286172,2.4430605299,20,2,2
202100024082,158Â 611,A01,1,1,1,5,8,-1,-1,0,0,-1,2021,49.0,1,2,4,0,2,0,1,,2,3,-1,,3,4,0,2,11,500,1,, -1,1,0,1,110,16,8,1,77,77196,1,1,0,7,N3 PK 11+500 sens Paris-Meaux,48.948538,2.751737,15,1,1
202100025748,155Â 659,A01,2,2,2,5,2,6,-1,-1, -1,-1,2021,62.0,2,1,14,0,1,7,1,,7,MARÃCHAL DE LATTRE (AVENUE),0,,2,3,3,1,0,0,1,, -1,1,0,1,50,3,8,3,13,13209,2,1,0,7,MARÃCHAL DE LATTRE (AVENUE),43.24918,5.40542,20,2,1
202100031932,144Â 667,B01,1,1,1,3,1,-1,-1,0,0,-1,2021,56.0,1,2,0,0,4,15,1,,3,670,-1,,2,2,0,1,54,800,2,, -1,1,0,1,80,28,6,1,33,33506,1,1,0,2,,44.676235,-0.074927,17,2,2
202100037821,134Â 052,A01,1,1,1,5,8,0,-1,0,0,-1,2021,20.0,1,2,13,0,6,1,1,,3,RAMBAUD ( ROUTE DE ),0,,2,2,0,2,2,640,2,, -1,1,0,3,80,27,5,1,5,5061,1,1,0,7,RAMBAUD ( ROUTE DE ),44.55737,6.11939,14,1,1
202100041097,128Â 152,B01,1,1,1,0,2,-1,-1,-1, -1,-1,2021,57.0,3,1,0,9,1,1,5,,4,GERBERT (RUE),0,,2,3,1,1,(1),(1),1,, -1,1,9,5,50,6,5,1,51,51454,2,1,0,6,Rue Gerbert,49.25036,4.03935,7,2,2
202100002790,196Â 780,A01,1,1,1,1,2,6,-1,0,0,-1,2021,23.0,2,1,0,2,1,2,1,,4,AVENUE DE NEW YORK,0,,1,1,0,4,(1),(1),1,, -1,1,1,1,30,15,12,1,75,75116,2,1,0,2,AVENUE DE NEW YORK,48.859708,2.29043,16,3,2
202100033779,141Â 390,B01,2,2,2,0,8,0,-1,-1, -1,-1,2021,26.0,1,1,0,2,0,1,1,,3,SOLEIL LEVANT (BOULEVARD DU),0,,2,2,0,2,0,699,1,, -1,2,0,1,50,17,6,1,972,97209,2,1,1,3,SOLEIL LEVANT (BOULEVARD DU),14.62273,-61.03904,11,3,2
202100041376,127Â 648,A01,1,1,1,5,2,6,-1,0,0,-1,2021,34.0,1,1,4,2,2,1,1,,3,2204,-1,,1,1,0,1,11,270,2,, -1,1,9,1,30,7,4,1,6,6048,2,6,0,3,Pointe de Blausasc,43.781265,7.337435,11,2,2
202100029945,148Â 275,A01,10,3,1,1,8,-1,-1,4,3,1,2021,59.0,1,1,0,1,1,1,5,,4,BELLECOUR                           (PL),0,,1,1,1,1,(1),(1),1,, -1,1,0,1,50,8,7,1,69,69382,2,1,0,6,BELLECOUR (PL),45.75818,4.83322,14,2,1
202100012806,178Â 829,A01,1,1,2,0,2,0,-1,-1, -1,-1,2021,25.0,2,1,0,0,1,15,3,,3,MADELEINE (ROUTE DE LA),0,,2,2,0,1,3,0,4,, -1,1,0,1,50,14,10,1,973,97302,2,1,0,7,MADELEINE (ROUTE DE LA),4.9143533906,-52.3209475279,9,1,1
202100027043,153Â 377,A01,10,3,1,-1,0,-1,-1,5,5,1,2021,51.0,-1,3,12,1,2,26,2,1.0,3,BRIAND ( AV. ARISTIDE) 31 A 91,0,,3,6,3,1,1,0,1,, -1,1,0,3,50,25,7,5,93,93057,2,1,0,6,BRIAND ( AV. ARISTIDE) 31 A 91,48.9111,2.51635,0,2,1
202100052085,108Â 619,A01,1,1,1,4,1,-1,-1,0,0,-1,2021,29.0,3,2,0,0,3,2,1,,4,1,0,,2,2,0,1,0,550,3,, -1,2,0,3,30,10,2,1,5,5167,1,1,0,7,voie de Sigottier Ã  la Montagne,44.455441,5.687109,13,2,1
202100035430,138Â 385,A01,2,2,2,0,2,6,-1,-1, -1,-1,2021,50.0,1,1,0,2,1,3,1,,1,A13,0,,-1,2,0,1,21,801,1,, -1,1,0,1,110,10,6,1,78,78133,1,1,0,6,A13,48.894515,2.007691,11,3,2
202100036107,137Â 140,A01,1,1,1,5,2,6,-1,-1, -1,-1,2021,17.0,1,1,0,2,7,1,1,,3,PAUL VAILLANT COUTURIER (AV),0,,2,2,0,1,1,0,1,, -1,1,0,1,50,6,6,5,94,94076,2,2,0,3,Avenue Paul Vaillant-Couturier,48.794405,2.358111,0,2,2
202100029411,149Â 208,A01,1,1,1,5,1,8,-1,-1,0,-1,2021,38.0,2,2,1,0,3,1,1,,1,AUTOROUTE A15,0,,3,11,0,1,7,500,1,, -1,1,0,1,110,11,7,3,95,95018,1,1,0,5,A15,48.9614,2.26895,3,4,3
202100027778,152Â 061,A01,2,2,1,0,8,0,-1,-1, -1,-1,2021,19.0,3,2,9,0,1,1,0,,3,WILSON (AVENUE DU PRESIDENT),0,,3,4,0,1,0,1,1,, -1,1,0,1,50,20,7,5,93,93066,2,2,0,6,Avenue du PrÃ©sident Wilson / Rue du Landy,48.915457,2.357734,4,4,1
202100024146,158Â 497,A01,1,1,1,9,8,0,-1,0,0,-1,2021,29.0,2,1,0,2,1,1,3,,4,PLACE DE LA PORTE DE BAGNOLET,0,,1,1,0,2,(1),(1),3,, -1,1,0,1,30,13,8,1,75,75120,2,7,0,3,PLACE DE LA PORTE DE BAGNOLET,48.864699,2.408617,17,2,2
202100025751,155Â 654,B01,1,1,1,0,2,6,-1,-1, -1,-1,2021,24.0,2,1,0,2,1,1,1,,4,AV DE LA LIBERATION,0,,2,2,0,1,0,0,1,, -1,1,0,1,50,3,8,2,13,13004,2,1,0,5,AV DE LA LIBERATION,43.703784445,4.6415980918,20,9,3
202100003352,195Â 774,A01,2,2,2,4,1,-1,-1,0,0,-1,2021,28.0,1,2,0,2,1,2,1,,3,978,0,D,2,2,0,1,26,400,1,, -1,1,0,1,80,7,12,1,58,58031,1,1,0,1,D978,47.010138,3.483835,10,5,3
202100014896,175Â 086,A01,1,1,1,5,8,-1,-1,0,0,-1,2021,19.0,2,2,16,0,0,6,1,,3,62,0,D,1,2,0,1,4,1070,1,, -1,1,0,6,90,3,10,3,30,30003,1,6,0,7,D62,43.559994,4.153004,3,1,1
202100022556,161Â 310,A01,1,1,1,0,0,-1,-1,0,0,-1,2021,19.0,3,1,0,0,0,0,5,,3,,-1,,2,2,1,1,36,100,1,,4,1,0,5,50,27,8,2,7,7324,2,1,0,7,28 Avenue Marechal Foch,45.071276,4.8254093,7,1,1
202100031898,144Â 737,A01,1,1,1,9,2,6,-1,0,0,-1,2021,21.0,3,1,0,2,1,1,1,,4,AVENUE DE WAGRAM,0,,2,4,0,3,(1),(1),1,, -1,2,0,1,50,27,6,5,75,75108,2,3,1,3,AVENUE DE WAGRAM,48.875442,2.296247,3,2,2
202100039876,130Â 311,A01,2,2,2,5,2,-1,-1,0,0,-1,2021,14.0,1,1,0,2,7,14,1,,3,25,-1,,2,2,0,1,43,0,1,, -1,1,0,1,50,15,5,1,85,85303,2,4,0,3,Intersection rue Georges ClÃ©menceau / rue des Rivaux,46.359213,-0.852803,16,3,2
202100014981,174Â 928,B01,1,1,2,5,1,0,-1,-1, -1,-1,2021,30.0,2,2,0,2,4,2,1,,2,SAINT MARTIAL (QUAI),0,,4,6,0,1,12,500,1,, -1,2,0,1,50,4,10,5,87,87085,2,3,0,2,SAINT MARTIAL (QUAI),45.82133,1.2631,6,2,2
202100020031,165Â 821,A01,10,3,2,5,0,-1,-1,3,3,1,2021,53.0,2,2,0,1,1,1,1,,4,MERMOZ (BOULEVARD JEAN),0,,2,2,0,1,(1),(1),1,, -1,1,0,1,50,7,9,1,44,44184,2,1,0,6,MERMOZ (BOULEVARD JEAN),47.27818,-2.22716,9,2,1
202100023787,159Â 103,B01,1,1,1,5,1,-1,-1,0,0,-1,2021,75.0,2,2,0,2,1,1,1,,3,40,-1,,2,2,0,2,12,500,4,, -1,1,0,1,80,18,8,1,5,5098,1,1,0,1,route dÃ©partementale 40,44.509208,6.561177,10,6,2
202100008138,187Â 172,A01,1,1,1,0,1,-1,-1,0,0,-1,2021,20.0,1,2,0,2,8,19,1,,3,9,-1,,2,2,0,1,7,450,1,, -1,1,0,1,80,24,8,1,60,60222,1,2,0,3,,49.469044,2.261918,17,3,2
202100017421,170Â 487,A01,1,1,1,1,1,0,-1,-1, -1,-1,2021,31.0,2,2,0,2,8,11,0,,3,MANTES (ROUTE DE),0,,1,2,0,1,24,480,1,, -1,1,0,1,50,22,9,1,78,78133,2,9,0,3,MANTES (ROUTE DE),48.906896,2.048555,9,2,2
202100055085,103Â 350,A01,2,1,1,0,2,8,-1,-1, -1,-1,2021,31.0,1,1,0,2,3,9,1,,3,CREVECOEUR (RUE DE),0,,2,2,0,1,0,1,1,, -1,2,0,1,50,14,1,5,93,93027,2,3,1,3,SUD (ALLEE DU),48.9193811447,2.3840864003,21,2,2
202100001649,198Â 856,A01,1,1,1,0,0,-1,-1,0,0,-1,2021,54.0,1,2,0,0,0,15,1,,7,351,-1,,2,2,0,2,2,120,2,, -1,2,0,3,80,25,12,1,76,76550,1,1,0,6,Route de la ForÃªt,49.374396,0.959651,11,1,1
202100041447,127Â 518,A01,1,1,1,1,1,-1,-1,0,0,-1,2021,48.0,1,2,0,2,3,13,1,,3,671,-1,,2,2,0,1,3,200,1,, -1,2,0,1,50,5,5,2,33,33252,2,1,1,1,,44.803915,-0.393019,7,2,2
202100011101,181Â 886,B01,1,1,1,1,2,8,-1,-1, -1,-1,2021,46.0,2,1,0,2,1,17,1,,4,ROMAIN ROLLAND (BOULEVARD),0,,2,2,0,1,0,0,1,, -1,1,0,1,50,25,10,1,13,13210,2,1,0,3,ROMAIN ROLLAND (BOULEVARD),43.274708466,5.415358829,17,2,2
202100029369,149Â 279,A01,1,1,1,3,8,-1,-1,0,0,-1,2021,43.0,1,2,2,0,3,1,1,,3,2,0,D,2,2,0,1,4,300,1,, -1,1,0,3,90,12,7,1,34,34051,1,1,0,7,D2,43.6047489885,3.4781490979,14,1,1
202100020628,164Â 754,A01,1,1,1,5,2,-1,-1,0,0,-1,2021,57.0,0,1,0,2,8,13,1,,3,111,-1,,2,2,0,2,31,(1),3,,7,1,0,1,80,5,9,1,38,38422,1,9,0,3,RD 111 - MONTEE DE CHAMROUSSE,45.154125,5.872707,13,2,2
202100049626,113Â 038,C01,1,1,2,9,1,0,-1,-1, -1,-1,2021,45.0,1,2,0,2,4,2,1,,4,ARGELES SUR MER AVENUE D',0,,2,4,0,1,(1),(1),1,, -1,1,0,1,50,27,2,1,66,66136,2,1,0,4,ARGELES SUR MER AVENUE D',42.68374,2.90933,14,3,3
202100043872,123Â 249,A01,10,3,1,5,0,-1,-1,2,3,1,2021,63.0,1,0,0,1,1,15,1,,3,HERSIN (RUE D'),0,,3,1,0,1,25,450,1,, -1,1,0,1,20,14,4,1,62,62083,2,1,0,6,HERSIN (RUE D'),50.45607,2.627261,14,2,1
202100029091,149Â 746,A01,10,3,2,9,0,-1,-1,5,8,1,2021,62.0,0,3,0,1,1,23,3,1.0,4,STENDHAL (RUE),0,,2,2,0,1,(1),(1),1,, -1,1,0,1,50,10,7,1,80,80021,2,1,0,6,STENDHAL (RUE),49.9081927855,2.3168063164,19,2,1
202100012058,180Â 156,B01,1,1,1,1,1,0,-1,-1, -1,-1,2021,41.0,2,2,0,2,2,1,1,,3,FONTAINEBLEAU (AV DE),0,,1,1,0,1,1,0,1,, -1,1,0,1,50,20,10,1,94,94073,2,3,0,3,Avenue de Fontainebleau,48.74787,2.36934,12,2,2
202100047209,117Â 380,B01,2,2,1,0,1,0,-1,-1, -1,-1,2021,52.0,2,2,0,2,4,23,1,,3,46,0,,2,2,0,1,0,0,1,, -1,1,0,1,50,20,3,1,91,91570,2,1,0,2,MONTLHERY (RUE),48.63409,2.29613,17,3,2
202100005907,191Â 230,A01,1,1,2,0,1,0,-1,-1, -1,-1,2021,36.0,3,2,0,2,1,2,1,,4,GENESLAY FELIX (AV) NÂ° PAIRS 2 A 144,0,,2,4,2,1,0,0,1,, -1,1,0,1,50,24,11,1,72,72181,2,1,0,2,GENESLAY FELIX (AV) NÂ° PAIRS 2 A 144,47.97799,0.20806,9,2,2
202100054453,104Â 427,B01,1,1,2,0,1,5,-1,0,0,-1,2021,20.0,1,2,0,2,1,1,1,,3,64,0,E,-1,2,0,1,1,60,1,, -1,1,0,1,80,18,1,2,27,27562,1,3,0,5,D 64,49.08722,1.43534,17,3,3
202100029630,148Â 823,B01,1,1,1,5,1,0,-1,-1, -1,-1,2021,19.0,3,2,0,2,7,11,1,,4,ARCOS.(RUE RENE),0,,1,2,0,2,1,0,1,, -1,1,0,1,50,10,7,2,94,94028,2,9,0,3,Rue RenÃ© Arcos,48.777856,2.465683,20,4,2
202100030550,147Â 150,A01,1,1,2,5,1,0,-1,0,0,-1,2021,22.0,1,2,0,2,3,1,1,,4,REPUBLIQUE (AVENUE DE LA),0,,1,2,0,1,(1),(1),1,, -1,1,0,1,50,4,7,1,63,63113,2,1,0,6,REPUBLIQUE (AVENUE DE LA),45.78244,3.09575,14,1,1
202100049744,112Â 828,B01,1,1,1,4,1,0,-1,-1, -1,-1,2021,47.0,1,2,0,2,4,2,2,,3,AV DE LA DIVISION LECLERC,0,,3,4,0,1,0,0,1,, -1,1,0,1,50,27,2,5,91,91665,2,1,0,5,AV DE LA DIVISION LECLERC,48.656518,2.27465,19,4,4
202100018379,168Â 771,A01,1,1,2,5,2,8,-1,-1, -1,-1,2021,38.0,3,1,0,2,3,16,1,,4,LUDOVIC LEGRE (AVENUE),0,,2,2,0,1,0,0,1,, -1,1,0,1,50,17,9,5,13,13209,2,3,0,3,LUDOVIC LEGRE (AVENUE),43.250169807,5.3960508176,23,2,2
202100006326,190Â 480,A01,1,1,1,9,2,6,-1,0,0,-1,2021,48.0,2,1,0,2,1,1,1,,1,84,0,,3,4,0,1,247,790,1,, -1,1,0,1,130,25,11,2,14,14475,1,1,0,4,"A84, PK 247.790, Sens CAEN / RENNES,",49.111239,-0.566113,17,3,3
202100056043,101Â 711,A01,1,1,2,0,1,0,-1,0,0,-1,2021,29.0,1,2,0,2,1,1,1,,4,,0,,2,4,0,1,(1),(1),1,, -1,2,0,1,50,6,1,5,54,54395,2,1,1,2,LOBAU (BOULEVARD),48.6834755917,6.196821481,17,2,2
202100001262,199Â 512,C01,2,2,2,5,1,0,-1,-1, -1,-1,2021,16.0,1,2,0,2,4,2,1,,2,RN104,0,,1,3,0,1,9,600,1,, -1,2,0,1,110,27,12,1,77,77249,1,1,0,4,RN104,48.75156,2.61466,15,4,3
202100002450,197Â 392,A01,1,1,1,2,1,0,-1,-1, -1,-1,2021,18.0,3,2,0,2,8,15,1,,4,ROUTE FORESTIERE,0,,2,2,0,1,(1),(1),2,, -1,2,0,1,70,17,12,1,1,1289,1,4,0,3,ROUTE FORESTIERE,46.1693934497,5.2097712457,12,3,2
202100004291,194Â 088,A01,1,1,2,5,1,5,-1,0,0,-1,2021,53.0,1,2,11,0,1,1,2,,4,AVENUE DE LA GRANDE ARMEE,0,,2,4,0,1,(1),(1),1,, -1,1,0,1,50,7,12,3,75,75116,2,3,0,6,AVENUE DE LA GRANDE ARMEE,48.8762436061,2.2871893644,0,1,1
202100010324,183Â 250,B01,1,1,1,5,1,0,-1,0,0,-1,2021,50.0,0,2,0,0,4,1,1,,3,D6154,0,,2,3,0,1,54,1050,1,, -1,1,0,1,50,28,10,1,27,27701,1,1,0,2,D6154,49.24914,1.18546,11,3,2
202100052303,108Â 222,B01,1,1,1,5,8,0,-1,-1, -1,-1,2021,18.0,1,1,0,2,1,26,1,,4,COLBERT (RUE),0,,2,2,0,1,(1),(1),1,, -1,2,0,1,50,6,2,5,59,59599,2,3,1,1,COLBERT (RUE),50.73653,3.17672,23,2,2
202100018543,168Â 488,A01,1,1,1,3,1,8,-1,-1, -1,-1,2021,66.0,1,2,13,2,3,13,1,,3,R.D 290,0,,2,2,0,1,5,570,3,, -1,1,0,1,80,15,9,1,71,71540,1,1,0,1,R.D 290,46.773512,4.47163,16,3,2
202100013298,177Â 972,A01,10,3,1,4,0,-1,-1,3,3,2,2021,25.0,1,1,0,1,1,14,1,,4,PASQUALINI RUE J.P.,0,,1,2,0,2,(1),(1),1,, -1,1,0,1,50,14,10,1,6,6027,2,1,0,6,PASQUALINI RUE J.P.,43.660551,7.149463,16,4,2
202100041478,127Â 466,A01,1,1,1,1,2,5,-1,-1, -1,-1,2021,47.0,1,1,0,2,3,3,1,,1,86,0,,3,6,0,1,9,899,1,, -1,1,0,1,90,4,5,1,92,92036,1,1,0,3,AUTOROUTE A86,48.93833,2.31208,9,2,2
202100024524,157Â 822,A01,2,2,2,5,1,-1,-1,-1, -1,-1,2021,20.0,3,2,0,4,2,1,1,,4,AVENUE JEAN JAURES,0,,2,2,3,1,(1),(1),1,, -1,1,4,6,50,12,8,1,33,33075,2,8,0,3,Avenue Jean JaurÃ¨s,44.87238,-0.59121,8,3,2
202100046465,118Â 727,A01,1,1,1,5,0,-1,-1,0,0,-1,2021,20.0,2,2,15,0,1,0,0,,4,,-1,,2,2,0,2,(1),(1),2,, -1,1,0,3,80,28,3,3,25,25540,1,1,0,6,Route de MontbÃ©liard,47.5433,6.706619,3,1,1
202100054767,103Â 906,A01,1,1,1,5,8,0,-1,-1, -1,-1,2021,33.0,2,1,0,2,1,1,5,,4,RICHEMOND (QUAI DE),0,,2,2,0,1,(1),(1),1,, -1,2,0,1,50,16,1,5,35,35238,2,9,1,3,RICHEMOND (QUAI DE),48.1099,-1.67391,19,2,2
202100045201,120Â 939,D01,1,1,1,0,1,0,-1,-1, -1,-1,2021,26.0,1,2,0,2,1,1,1,,1,A7-Sens Marseille vers Lyon,0,,-1,2,0,1,269,0,1,, -1,1,0,1,110,3,4,2,13,13071,1,1,0,4,A7-Sens Marseille vers Lyon,43.40677,5.32669,6,5,5
202100017374,170Â 583,B01,1,1,1,1,2,6,-1,-1, -1,-1,2021,58.0,1,1,0,2,2,3,1,,1,A13,0,,3,4,0,1,2,799,1,, -1,1,2,1,70,23,9,1,92,92064,1,1,0,3,A13,48.8428841779,2.2225132585,19,2,2
202100001482,199Â 139,B01,1,1,1,5,8,-1,-1,-1, -1,-1,2021,30.0,1,1,0,2,1,9,5,,4,PAULET GENERAL (DE 1 A 171 ET 2 A 204),0,,2,2,1,1,(1),(1),1,, -1,1,5,1,30,23,12,1,29,29019,2,6,0,3,Giratoire Rue GÃ©nÃ©ral Paulet,48.4124,-4.4756,16,2,2
202100004137,194Â 348,B01,1,1,1,1,2,0,-1,-1, -1,-1,2021,20.0,1,1,8,2,1,1,1,,3,19,0,,1,3,0,1,0,0,1,, -1,2,0,1,50,8,12,5,92,92024,2,2,0,3,HENRI BARBUSSE (RUE) DE (73 A 139),48.9008950516,2.3080509156,0,3,2
202100033811,141Â 324,B01,4,2,1,5,3,8,-1,-1, -1,-1,2021,0.0,2,2,0,2,1,1,1,,4,ALSACE LORRAINE D',0,,2,4,0,1,0,0,1,, -1,1,0,1,50,16,6,1,64,64445,2,1,0,3,ALSACE LORRAINE D',43.304,-0.37,14,5,2
202100043346,124Â 183,A01,10,3,2,9,0,-1,-1,2,3,1,2021,19.0,1,2,0,1,2,7,2,,4,AVENUE BOSQUET,0,,2,2,3,1,(1),(1),1,, -1,1,-1,6,50,19,4,1,75,75107,2,1,0,6,AVENUE BOSQUET,48.854814,2.305439,16,2,1
202100050385,111Â 636,B01,1,1,1,9,2,8,-1,-1, -1,-1,2021,53.0,1,1,0,2,0,1,5,,3,909,0,,2,0,0,1,0,0,1,, -1,1,0,1,50,24,2,2,92,92009,2,1,0,7,ARGENTEUIL ( AVENUE D' ),48.9195608106,2.2801211039,18,3,2
202100017689,170Â 002,A01,10,3,1,2,0,-1,-1,3,3,1,2021,15.0,1,0,0,1,1,1,0,,3,LIBERATION (RTE DE LA),0,,1,2,0,1,96,0,1,, -1,1,0,1,50,21,9,1,94,94019,2,1,0,1,LIBERATION (RTE DE LA),48.8014270545,2.5408995152,9,2,1
202100011331,181Â 474,A01,1,1,1,5,1,0,-1,-1, -1,-1,2021,30.0,1,2,0,0,0,1,1,,1,A104,0,,3,6,0,1,21,700,1,, -1,1,0,1,90,24,10,2,77,77372,1,1,0,6,A104,48.8914,2.6671,18,1,1
202100020164,165Â 592,A01,1,1,1,5,2,6,9,0,0,-1,2021,38.0,2,1,0,0,4,0,1,,1,A26,0,,3,4,0,2,343,700,3,, -1,1,8,1,130,8,9,1,10,10216,1,1,0,2,Autoroute A26,48.670363,4.170154,12,2,2
202100050598,111Â 245,A01,1,1,1,0,2,0,-1,-1, -1,-1,2021,60.0,2,1,8,0,3,13,1,,3,REPUBLIQUE (R DE LA),0,,1,1,0,1,0,375,2,, -1,1,9,4,30,22,2,1,94,94018,2,1,0,6,Rue de la Republique,48.8234,2.41967,8,1,1
202100031726,145Â 050,A01,10,3,1,9,0,-1,-1,4,4,1,2021,41.0,2,2,0,1,1,1,1,,4,AVENUE BENOIT FRACHON,0,,2,2,0,1,(1),(1),1,, -1,1,0,1,50,29,6,1,75,75120,2,3,0,6,AVENUE BENOIT FRACHON,48.85212,2.415703,15,2,1
202100000683,200Â 491,A01,10,3,2,0,8,8,-1,5,B,1,2021,48.0,0,2,12,1,2,26,1,,4,RIEU CHARLOUN (RUE),0,,2,2,0,1,0,0,1,, -1,1,0,4,50,29,5,1,13,13001,2,1,0,1,RIEU CHARLOUN (RUE),43.52917,5.41445,9,2,1
202100006067,190Â 957,B01,1,1,1,5,2,6,-1,0,0,-1,2021,16.0,0,1,0,2,1,1,1,,3,37,-1,,2,2,0,1,1,0,3,, -1,2,0,1,80,27,11,3,60,60106,1,1,1,1,D37,49.386591,2.455992,21,2,2
202100002575,197Â 181,A01,10,3,1,9,0,-1,-1,1,A,1,2021,43.0,1,2,1,1,5,26,1,,4,ALFRED DE MUSSET                    (R ),0,,2,2,0,2,(1),(1),1,, -1,2,0,1,50,16,12,1,69,69383,2,1,1,6,ALFRED DE MUSSET (R),45.74703,4.89211,8,2,1
202100028720,150Â 386,A01,1,1,1,5,1,-1,-1,0,0,-1,2021,20.0,2,2,2,0,7,14,1,,3,755,0,,2,2,0,2,35,300,3,, -1,1,0,3,80,16,7,1,85,85242,1,1,1,6,La NarduciÃ¨re,46.851387,-0.953922,19,2,1
202100001156,199Â 706,B01,1,1,1,1,2,-1,-1,-1, -1,-1,2021,28.0,1,1,0,2,3,1,1,,4,FRANKLIN ROOSEVELT                  (CO),0,,1,2,2,1,(1),(1),1,, -1,2,9,1,50,27,12,5,69,69386,2,2,1,3,FRANKLIN ROOSEVELT (CR),45.7693614549,4.8503673077,22,2,2
202100007161,188Â 969,C01,1,1,1,2,1,-1,-1,-1,0,-1,2021,42.0,3,2,0,2,1,23,1,,3,PARIS (RUE DE),0,,3,2,0,1,4,250,1,, -1,1,0,1,50,9,11,1,95,95680,2,4,0,5,PARIS (RUE DE),49.0064424926,2.3830170778,16,6,4
202100029371,149Â 276,A01,1,1,1,5,2,6,-1,0,0,-1,2021,30.0,0,1,0,0,0,0,1,,4,,-1,,2,2,0,2,(1),(1),2,,4,1,0,3,80,8,7,1,29,29183,1,1,0,7,Kerven Bras,48.576632,-3.596075,13,1,1
202100038225,133Â 321,A01,1,1,1,5,8,0,-1,0,0,-1,2021,24.0,1,1,0,2,1,18,3,,4,RUE DE LANCRY,0,,2,2,1,2,(1),(1),1,, -1,1,0,1,50,26,5,2,75,75110,2,3,0,3,RUE DE LANCRY,48.872666,2.363395,21,2,2
202100006009,191Â 055,A01,10,3,1,0,0,-1,-1,2,3,1,2021,31.0,3,2,0,1,1,2,1,,4,ARCOS.(RUE RENE),0,,1,2,0,2,1,0,1,, -1,2,0,1,50,27,11,1,94,94028,2,1,1,6,Rue RenÃ© Arcos,48.77798,2.46661,10,2,1
202100028706,150Â 406,B01,1,1,2,0,1,0,-1,-1, -1,-1,2021,23.0,0,2,0,2,8,0,1,,4,ROSTAND (PROMENADE JEAN),0,,2,2,0,1,15,0,1,, -1,1,0,1,50,16,7,1,93,93008,2,2,0,3,Promenade Jean Rostand / Rue Sigmund Freud,48.90945,2.454363,17,2,2
202100028594,150Â 606,B01,4,2,1,9,1,0,-1,-1, -1,-1,2021,10.0,2,2,0,2,7,1,1,,1,AUTOROUTE A86,0,,3,8,0,1,16,200,1,, -1,1,0,1,90,15,7,3,93,93027,2,1,0,3,AUTOROUTE A86,48.9241,2.387,22,5,2
202100002624,197Â 090,B01,1,1,1,5,2,6,-1,-1, -1,-1,2021,17.0,0,1,0,2,7,15,1,,4,BERTHELOT RUE MARCELIN,0,,2,2,0,1,(1),(1),1,, -1,1,0,1,50,11,12,5,17,17415,2,1,0,3,BERTHELOT RUE MARCELIN,45.743041,-0.621093,0,2,2
202100050690,111Â 084,A01,1,1,1,4,1,-1,-1,0,0,-1,2021,41.0,2,5,0,2,3,13,1,,3,18,0,D,2,2,0,2,4,300,3,, -1,2,0,1,50,22,2,1,64,64008,2,1,1,1,D18,43.144679,-1.159519,10,2,2
202100038107,133Â 549,A01,7,2,1,5,8,-1,-1,0,0,-1,2021,37.0,1,2,13,0,2,14,1,,3,999,0,,2,2,0,1,41,(1),3,, -1,1,0,8,80,24,5,2,30,30182,1,9,0,6,RD 999,43.858343,4.170856,20,3,1
202100028465,150Â 836,B01,2,2,2,0,2,6,-1,-1, -1,-1,2021,10.0,2,1,0,2,1,1,0,,3,RD810,0,,2,3,0,1,28,200,1,, -1,1,0,1,50,17,7,1,64,64545,2,1,0,3,RD810,43.37552,-1.67766,18,3,2
202100043461,123Â 975,A01,1,1,1,5,2,6,-1,0,0,-1,2021,23.0,1,1,4,0,1,1,1,,4,BOULEVARD PERIPHERIQUE,0,,1,2,0,3,(1),(1),2,, -1,1,2,1,50,18,4,5,75,75120,2,1,0,6,BOULEVARD PERIPHERIQUE,48.8647476986,2.4130064249,5,1,1
202100001622,198Â 900,A01,10,3,2,5,0,-1,-1,3,3,1,2021,56.0,1,2,0,1,1,1,1,,4,RUE GERICAULT,0,,1,1,0,1,(1),(1),1,, -1,1,0,1,30,22,12,3,75,75116,2,4,0,6,RUE GERICAULT,48.848545,2.262024,19,2,1