Num_Acc,id_vehicule,num_veh,place,catu,sexe,trajet,secu1,secu2,secu3,locp,actp,etatp,year_acc,victim_age,senc,catv,obs,obsm,choc,manv,motor,occutc,catr,voie,v1,v2,circ,nbv,vosp,prof,pr,pr1,plan,lartpc,larrout,surf,infra,situ,vma,jour,mois,lum,dep,com,agg_,int,atm,col,adr,lat,long,hour,nb_victim,nb_vehicules
202100045979,119Â 566,B01,1,1,2,5,8,0,-1,0,0,-1,2021,47.0,2,1,0,2,3,15,5,,4,RUE DE LA GLACIERE,0,,2,2,0,1,(1),(1),1,, -1,1,0,1,30,30,3,1,75,75113,2,2,0,3,RUE DE LA GLACIERE,48.834974,2.344993,16,2,2
202100009692,184Â 380,A01,1,1,1,1,0,-1,-1,0,0,-1,2021,34.0,1,1,0,6,3,0,1,,3,537,-1,,2,2,0,2,3,585,1,, -1,1,0,1,50,3,11,5,44,44209,2,1,0,6,15 Rue de Nantes,47.310722,-1.618413,23,1,1
202100013669,177Â 276,A01,1,1,1,4,1,0,-1,-1, -1,-1,2021,25.0,2,5,0,2,1,2,1,,2,LESCUDILLIERS (BOULEVARD DE),0,,3,4,0,1,48,50,1,, -1,1,0,1,50,12,10,1,15,15014,2,1,0,2,Boulevard de Lescudilliers,44.9138477931,2.4323706329,9,2,2
202100043729,123Â 525,B01,1,1,1,1,2,6,-1,-1,0,-1,2021,32.0,2,1,0,2,3,3,1,,1,AUTOROUTE A115,0,,3,9,0,1,0,10,1,, -1,1,0,1,70,16,4,1,95,95582,1,1,0,3, A115,48.9725650218,2.2472267236,9,2,2
202100004178,194Â 285,A01,1,1,1,5,2,-1,-1,0,0,-1,2021,47.0,3,1,15,0,3,0,1,,2,54,-1,,2,2,0,2,(1),(1),3,, -1,1,0,3,50,9,12,3,977,97701,2,1,0,1,RTE DE LURIN,17.89198,-62.841614,4,1,1
202100056097,101Â 609,B01,1,1,1,5,1,-1,-1,0,0,-1,2021,63.0,1,2,0,2,3,1,1,,3,790,-1,,2,2,0,1,12,180,3,, -1,2,0,1,50,7,1,2,22,22047,2,1,1,3,RD.790 - PR 12.180,48.317893,-3.060744,17,3,2
202100036021,137Â 303,A01,2,2,1,4,1,-1,-1,0,0,-1,2021,36.0,2,5,0,2,1,13,1,,2,36,0,,2,2,0,1,45,353,1,, -1,1,0,1,80,7,6,1,77,77277,1,1,0,5,N36,48.731434,2.854578,16,4,3
202100041690,127Â 087,A01,10,3,2,9,0,-1,-1,1,3,1,2021,39.0,2,1,0,1,1,1,1,,4,BOULEVARD VOLTAIRE,0,,2,1,0,1,(1),(1),1,, -1,2,0,1,30,2,5,1,75,75111,2,4,0,6,BOULEVARD VOLTAIRE,48.852149,2.389612,13,2,1
202100000517,200Â 774,A01,1,1,2,1,1,5,-1,-1, -1,-1,2021,20.0,1,2,8,2,5,1,1,,4,THEODORE AUBANEL RUE,0,,2,4,0,1,(1),(1),1,, -1,1,0,1,50,10,5,1,13,13063,2,2,0,3,QUENOUILLE RUE DE LA,43.588326894,4.9940371513,8,4,2
202100012483,179Â 394,B01,1,1,1,9,2,6,-1,0,0,-1,2021,22.0,1,1,0,2,8,1,3,,4,AVENUE DU PRESIDENT WILSON,0,,1,2,0,4,(1),(1),1,, -1,1,0,1,50,17,10,5,75,75116,2,5,0,3,AVENUE DU PRESIDENT WILSON,48.865071,2.299971,4,2,2
202100019800,166Â 258,A01,1,1,1,5,2,6,-1,0,0,-1,2021,37.0,1,1,0,2,8,19,1,,3,728,-1,,2,2,0,1,37,460,1,, -1,2,0,1,70,11,9,1,17,17219,2,1,0,3,cd 728,45.83155,-1.123223,10,3,2
202100016152,172Â 768,B01,1,1,1,4,2,6,-1,-1, -1,-1,2021,55.0,3,1,0,2,0,21,3,,4,JAMMES (RUE FRANCIS),0,,2,2,0,2,(1),(1),1,, -1,1,0,1,50,28,9,1,51,51454,1,2,0,7,Rue Francis Jammes,49.2139954756,4.0195966522,11,2,2
202100004471,193Â 777,A01,1,1,2,5,1,0,-1,-1, -1,-1,2021,27.0,1,2,4,0,9,19,1,,1,A50,0,,3,6,0,1,37,750,1,, -1,2,0,1,130,4,12,3,13,13028,1,1,1,6,A50,43.19932,5.63579,21,1,1
202100018488,168Â 585,A01,1,1,2,9,1,-1,-1,0,0,-1,2021,72.0,1,2,2,0,3,1,1,,3,952,-1,,2,2,0,1,16,600,1,, -1,1,0,3,80,17,9,1,37,37171,1,1,0,6,Rue du Gros Ormeau,47.404231,0.887522,17,1,1
202100015466,174Â 054,A01,10,3,2,5,0,-1,-1,3,3,1,2021,18.0,3,2,0,1,1,1,1,,4,FOCH (AVENUE DU MARECHAL),0,,3,4,0,1,(1),(1),1,, -1,2,0,1,50,1,10,2,27,27229,2,1,1,6,FOCH (AVENUE DU MARECHAL),49.02343,1.13504,18,2,1
202100021928,162Â 427,A01,1,1,1,0,1,0,-1,-1, -1,-1,2021,22.0,3,2,0,2,1,2,1,,4,KERANGUEN(AVENUE DE),0,,2,2,0,2,(1),(1),1,, -1,1,0,1,50,28,8,1,56,56260,2,1,0,4,KERANGUEN (AVENUE DE),47.660028,-2.794234,12,3,3
202100006390,190Â 374,B01,1,1,2,0,1,-1,-1,-1, -1,-1,2021,54.0,3,2,3,0,2,1,1,,7,MARYSE BASTIE                       (R ),0,,2,2,0,1,0,1,2,, -1,1,0,1,70,24,11,1,69,69286,1,1,0,1,MARYSE BASTIE (R),45.82858,4.91027,14,2,2
202100044609,121Â 981,B01,1,1,1,4,2,0,-1,-1, -1,-1,2021,25.0,1,1,0,2,1,1,1,,3,HENRI BARBUSSE (BOULEVARD),0,,2,4,1,2,1,0,1,, -1,2,0,1,30,9,4,5,93,93048,2,1,1,3,HENRI BARBUSSE (BOULEVARD),48.86979,2.44028,21,2,2
202100053377,106Â 315,B01,1,1,1,4,8,-1,-1,0,0,-1,2021,46.0,1,4,0,2,1,1,1,,3,208,-1,,2,2,0,1,7,450,1,, -1,2,5,1,80,28,1,1,67,67310,1,3,0,1,D205,48.210061,7.527158,16,2,2
202100005238,192Â 418,B01,1,1,1,5,2,8,-1,-1, -1,-1,2021,21.0,1,1,0,2,1,1,1,,4,ETANG SAINT VIGILE (RUE DE L'),0,,1,1,0,1,(1),(1),1,, -1,1,0,1,50,18,11,1,89,89024,2,2,0,3,ETANG SAINT VIGILE (RUE DE L'),47.80007,3.57102,16,3,2
202100045706,120Â 045,B01,1,1,1,9,2,-1,-1,0,0,-1,2021,67.0,1,1,0,2,3,2,1,,2,,-1,,2,2,-1,1,2,270,1,, -1,1,0,1,50,23,3,1,33,33227,2,6,0,3,,44.538114,-0.242289,18,2,2
202100028679,150Â 457,A01,8,2,2,5,1,0,-1,0,0,-1,2021,85.0,2,3,0,0,0,21,1,3.0,4,RUE ORDENER,0,,2,3,0,1,(1),(1),1,, -1,1,0,1,50,16,7,1,75,75118,2,2,0,7,RUE ORDENER,48.891559,2.349622,12,3,1
202100007703,187Â 985,A01,2,2,1,4,1,-1,-1,0,0,-1,2021,58.0,1,4,0,0,1,15,1,,3,14,0,D,2,2,0,1,6,0,1,,4,1,0,1,80,17,11,1,22,22255,1,2,0,1,D14,48.190925,-2.646278,15,3,2
202100001783,198Â 604,A01,1,1,1,5,8,-1,-1,0,0,-1,2021,17.0,2,2,2,0,1,0,1,,3,22,0,A,2,2,0,1,7,241,3,, -1,2,0,3,80,23,12,3,44,44213,1,1,1,6,Route de Belligne,47.445403,-0.991731,23,2,1
202100050423,111Â 567,A01,1,1,1,5,1,-1,-1,-1, -1,-1,2021,27.0,1,2,4,0,2,16,1,,1,A42     0.560 A 4.020,0,,1,2,0,1,4,0,3,, -1,1,0,1,70,16,2,1,69,69256,1,1,0,6,A42,45.8041391177,4.9261402804,11,1,1
202100010584,182Â 809,B01,1,1,1,0,2,6,-1,-1, -1,-1,2021,43.0,1,1,0,2,1,3,1,,3,HENRI BARBUSSE (BOULEVARD),0,,2,2,0,2,1,0,1,, -1,1,0,1,30,28,10,1,93,93048,2,1,0,3,HENRI BARBUSSE (BOULEVARD),48.86478,2.4437,14,2,2
202100034564,139Â 935,B01,1,1,1,0,2,0,-1,-1, -1,-1,2021,70.0,1,1,0,2,8,1,5,,4,VOLTAIRE (RUE) NÂ° PAIRS 2 A 102,0,,1,2,1,1,0,0,1,, -1,1,0,5,50,13,6,1,72,72181,2,3,0,3,VOLTAIRE (RUE) NÂ° PAIRS 2 A 102,48.01261,0.18972,11,2,2
202100024230,158Â 359,A01,2,1,1,5,2,8,-1,-1, -1,-1,2021,18.0,3,1,0,2,6,1,1,,4,MAC AULIFFE (RUE VICTOR),0,,1,2,0,1,0,0,1,, -1,1,0,1,50,12,8,2,974,97411,2,2,0,3,MAC AULIFFE (RUE VICTOR),-20.8778,55.451,17,2,2
202100001119,199Â 768,B01,1,1,2,0,6,2,-1,0,0,-1,2021,41.0,2,1,0,2,1,1,1,,3,13,0,D,2,2,0,1,21,711,1,, -1,1,5,1,80,30,12,2,34,34009,1,2,0,3,D13,43.4714905424,3.3755995112,17,2,2
202100004282,194Â 104,A01,10,3,2,0,0,-1,-1,3,3,2,2021,9.0,1,2,0,1,3,0,1,,6,DONADEI EUGENE AVENUE,0,,-1,-1,0,1,(1),(1),1,, -1,1,0,1,30,4,12,1,6,6123,2,1,0,6,DONADEI EUGENE AVENUE,43.658677,7.195366,14,2,1
202100010827,182Â 374,A01,1,1,1,5,1,4,-1,-1, -1,-1,2021,31.0,2,2,0,2,1,1,1,,1,AUTOROUTE A10,0,,1,3,0,1,3,400,1,, -1,1,0,1,110,27,10,3,91,91377,1,1,0,2,AUTOROUTE A10,48.72051,2.29445,19,2,2
202100015224,174Â 488,B01,1,1,1,1,8,0,-1,0,0,-1,2021,46.0,2,1,0,2,1,17,5,,4,RUE DES TERRES AU CURE,0,,1,1,2,1,(1),(1),1,, -1,1,0,1,30,3,10,5,75,75113,2,1,0,2,RUE DES TERRES AU CURE,48.824095,2.372249,19,2,2
202100044170,122Â 721,A01,1,1,2,1,2,6,-1,0,0,-1,2021,28.0,1,1,0,2,3,18,1,,4,AVENUE DUQUESNE,0,,2,4,1,1,(1),(1),1,, -1,1,0,1,50,13,4,1,75,75107,2,2,0,3,AVENUE DUQUESNE,48.850717,2.311648,16,2,2
202100013073,178Â 373,A01,1,1,1,4,8,-1,-1,-1, -1,-1,2021,26.0,1,1,0,2,2,5,5,,4,GAMBETTA (RUE) DU NÂ°1 AU 57 ET DU NÂ° 2 A,0,,2,3,3,1,(1),(1),1,, -1,1,9,1,50,14,10,5,51,51454,2,2,0,3,Rue Gambetta,49.2454632875,4.0401100253,19,2,2
202100030494,147Â 263,A01,1,1,2,5,1,-1,-1,0,0,-1,2021,73.0,1,2,8,0,1,1,1,,3,938,0,,2,2,0,4,35,0,3,, -1,1,0,3,70,6,7,1,65,65310,1,1,0,6,Route de la Coume,43.093924,0.185802,14,1,1
202100055967,101Â 848,B01,1,1,2,1,1,0,-1,-1, -1,-1,2021,45.0,1,2,0,2,3,1,1,,4,MARIUS AUFAN(RUE) 69+ ET 80+,0,,1,1,1,1,0,0,1,, -1,2,0,1,50,7,1,5,92,92044,2,2,1,3,MARIUS AUFAN(RUE) 69+ ET 80+,48.89493,2.28093,7,2,2
202100054272,104Â 747,A01,10,3,1,0,0,-1,-1,3,3,2,2021,13.0,1,2,0,1,1,1,1,,3,908,-1,,2,2,0,1,(1),(1),1,, -1,2,0,1,50,22,1,2,55,55198,2,1,1,7,4 Place ClÃ©menceau,49.096808,5.627339,8,3,1
202100024483,157Â 901,A01,1,1,1,0,1,0,-1,-1, -1,-1,2021,20.0,1,2,0,2,4,26,1,,1,AUTOROUTE A86,0,,3,6,0,1,21,399,2,, -1,1,1,1,70,11,8,5,93,93008,1,1,0,2,AUTOROUTE A86,48.910711,2.44221,22,2,2
202100025414,156Â 231,B01,1,1,2,0,2,0,-1,-1, -1,-1,2021,53.0,1,1,0,2,6,9,1,,2,MARINGOUINS (ROND-POINT),0,,1,2,0,1,3,0,3,, -1,1,0,1,50,5,8,1,973,97302,2,6,0,2,MARINGOUINS (ROND-POINT),4.90783,-52.32216,14,3,2
202100056516,100Â 886,B01,1,1,1,5,1,-1,-1,0,0,-1,2021,19.0,2,2,0,2,3,1,1,,3,538,-1,,2,2,0,2,49,24,2,, -1,2,0,1,80,1,1,3,26,26064,1,1,1,1,Route dÃ©partementale 538,44.91121,5.019636,18,2,2
202100043849,123Â 294,A01,2,2,2,0,1,0,-1,-1, -1,-1,2021,34.0,1,2,0,2,2,2,1,,1,AUTOROUTE A6,0,,3,6,0,3,17,729,1,, -1,1,0,1,110,16,4,1,91,91589,1,1,0,2,AUTOROUTE A6,48.6738,2.3428,14,3,2
202100053810,105Â 569,A01,1,1,1,5,1,-1,-1,0,0,-1,2021,59.0,2,2,0,2,2,19,1,,3,31,0,,2,2,0,1,28,300,1,, -1,1,5,1,70,24,1,1,69,69239,1,2,0,3,FLEURIE (RTE),45.9097193293,4.5099391937,14,3,2
202100051918,108Â 901,A01,10,3,2,9,0,-1,-1,3,3,1,2021,29.0,2,2,0,1,2,17,1,,7,ALPES AVENUE DES,0,,1,4,0,1,(1),(1),1,, -1,1,9,1,50,10,2,1,6,6027,2,1,0,6,ALPES AVENUE DES,43.66855,7.12619,10,2,1
202100004852,193Â 117,B01,1,1,2,9,8,-1,-1,0,0,-1,2021,74.0,2,2,0,2,7,1,1,,2,6,-1,,2,3,0,1,80,300,1,,"11,5",2,0,1,90,4,12,1,89,89263,1,1,0,5,nationale 6,47.838845,3.551741,13,3,3
202100053943,105Â 328,A01,10,3,1,3,0,-1,-1,2,4,1,2021,40.0,3,2,0,1,4,4,1,,4,BLACHES DU LEVANT (Chemin des),0,,2,1,0,1,(1),(1),1,, -1,1,9,8,30,23,1,1,26,26198,2,1,0,6,10 Chemin des Blaches du Levant,44.533335,4.747555,16,2,1
202100033985,141Â 007,A01,1,1,2,5,1,-1,-1,-1,0,-1,2021,21.0,1,2,4,0,3,13,1,,1,AUTOROUTE A1,0,,3,7,0,1,24,200,1,, -1,1,0,1,110,17,6,3,95,95675,1,1,0,6,AUTOROUTE A1,49.0533967273,2.5484610613,3,1,1
202100034778,139Â 547,A01,10,3,2,5,0,-1,-1,2,3,1,2021,70.0,1,2,0,1,3,1,2,,4,RUE D ASSAS,0,,2,2,0,1,(1),(1),1,, -1,1,0,1,50,12,6,1,75,75106,2,2,0,6,RUE D ASSAS,48.848974,2.328743,13,2,1
202100019135,167Â 424,A01,1,1,1,1,1,-1,-1,-1, -1,-1,2021,34.0,1,2,1,0,2,2,1,,4,HERBOUVILLE (D')                    (CO),0,,2,5,3,1,(1),(1),1,, -1,1,0,1,50,13,9,1,69,69384,2,1,0,6,HERBOUVILLE (D') (CR),45.77615,4.83978,13,1,1
202100022399,161Â 610,A01,2,2,2,0,2,-1,-1,-1, -1,-1,2021,19.0,2,1,0,2,-1,19,0,,4,CARNOT                              (R ),0,,2,2,2,1,(1),(1),1,, -1,1,0,1,30,26,8,5,69,69199,2,2,0,3,CARNOT (R),45.70815,4.85722,23,3,2
202100018450,168Â 651,A01,1,1,1,5,1,5,-1,0,0,-1,2021,30.0,2,2,8,0,3,1,0,,2,137,-1,,3,4,0,1,45,877,1,, -1,1,0,3,110,18,9,3,44,44073,1,1,0,6,RN 137,47.407789,-1.642585,0,1,1
202100009713,184Â 339,B01,1,1,1,1,2,6,-1,-1,0,-1,2021,42.0,2,1,0,2,3,1,1,,2,RN 104,0,,3,4,0,1,11,0,1,, -1,1,0,1,110,3,11,3,95,95028,1,1,0,2,RN 104,49.0637406446,2.3670567336,17,2,2
202100056190,101Â 453,A01,1,1,2,1,1,5,-1,-1, -1,-1,2021,20.0,-1,2,0,2,1,9,1,,3,VOSGES (RUE DES),0,,2,2,0,1,0,1,1,, -1,1,0,1,50,5,1,1,93,93008,2,3,0,3,VOSGES (RUE DES),48.9129300961,2.4462742313,14,2,2
202100008743,186Â 107,A01,1,1,1,1,2,6,-1,0,0,-1,2021,32.0,2,1,0,2,2,3,1,,4,PORTE DE SAINT OUEN,0,,1,4,0,1,21,0,1,, -1,1,0,1,70,9,11,5,75,75118,2,4,0,3,PORTE DE SAINT OUEN,48.900792,2.3317,18,2,2
202100033953,141Â 073,A01,10,3,2,2,0,-1,-1,9,3,1,2021,12.0,3,3,0,1,5,26,1,1.0,4,,0,,1,1,0,2,(1),(1),1,,3,1,0,1,30,15,6,1,95,95370,2,1,1,6,Sente des Gradins (Chemin),49.149019,1.985639,16,2,1
202100052292,108Â 240,B01,1,1,1,5,8,-1,-1,-1, -1,-1,2021,23.0,1,1,0,2,8,2,5,,4,BAYARD                              (CO),0,,2,2,0,1,(1),(1),1,, -1,1,0,1,30,6,2,1,69,69382,2,2,0,3,BAYARD (CR),45.74395,4.82103,14,2,2
202100004252,194Â 154,B01,1,1,1,2,1,-1,-1,-1, -1,-1,2021,65.0,0,2,0,2,1,1,1,,4,HENROT (BOULEVARD HENRI),0,,2,4,0,2,(1),(1),1,, -1,1,0,1,50,6,12,5,51,51454,2,1,0,3,Boulevard Docteur Henri Henrot,49.24514,4.03177,17,3,2
202100051041,110Â 436,B01,1,1,1,5,2,6,-1,-1, -1,-1,2021,17.0,2,1,0,2,1,2,1,,3,BAYONNE (AVENUE DE),0,,3,5,3,1,9,0,1,, -1,1,0,6,30,18,2,2,64,64024,2,1,0,3,BAYONNE (AVENUE DE),43.48245,-1.50613,18,2,2
202100021796,162Â 665,B01,3,2,2,0,1,0,-1,-1, -1,-1,2021,8.0,1,5,0,2,1,2,1,,2,20 (R.N.) COTE NORD DU TUNNEL,0,,3,2,0,1,37,123,1,, -1,1,1,1,70,26,8,1,9,9013,1,1,0,5,20 (R.N.) COTE NORD DU TUNNEL,42.976756,1.622334,17,5,3
202100041814,126Â 867,A01,10,3,2,5,0,-1,-1,3,3,1,2021,30.0,1,2,0,1,1,1,1,,4,RUE NOLLET,0,,1,0,0,1,(1),(1),1,, -1,1,0,1,30,1,5,1,75,75117,2,2,0,6,RUE NOLLET,48.887641,2.320201,11,2,1
202100039253,131Â 446,A01,1,1,1,9,2,0,-1,-1, -1,-1,2021,19.0,3,1,0,2,1,17,1,,4,GANDHI MAHATMA (ALLEE),0,,2,2,1,1,0,0,1,, -1,1,0,1,50,18,5,1,974,97407,1,1,0,3,GANDHI MAHATMA (ALLEE),-20.9587,55.32214,16,2,2
202100051370,109Â 857,A01,1,1,1,1,2,0,-1,-1, -1,-1,2021,24.0,2,1,0,0,7,1,1,,1,A51-Sens Aix en Provence vers Marseille,0,,1,3,0,1,16,0,1,, -1,1,0,1,90,15,2,2,13,13001,1,1,0,7,A51-Sens Aix en Provence vers Marseille,43.5237,5.4265,7,1,1
202100024412,158Â 050,A01,1,1,1,5,2,-1,-1,0,0,-1,2021,18.0,2,1,0,2,1,1,1,,3,706,-1,D,2,2,0,1,11,100,3,, -1,1,0,1,80,13,8,2,24,24443,1,1,0,1,D706,45.019291,1.079814,20,3,2
202100026153,154Â 945,A01,1,1,1,9,2,0,-1,0,0,-1,2021,42.0,3,1,0,2,1,2,1,,4,PLACE DU MOULIN DE JAVEL,0,,3,2,0,1,(1),(1),1,, -1,1,0,1,50,31,7,1,75,75115,2,7,0,2,PLACE DU MOULIN DE JAVEL,48.84042,2.271546,19,2,2
202100029932,148Â 297,B01,1,1,1,0,2,6,-1,-1, -1,-1,2021,25.0,2,1,0,2,3,3,1,,1,AUTOROUTE A6B,0,,1,2,0,1,0,200,1,, -1,1,1,1,70,9,7,1,94,94043,1,1,0,3,AUTOROUTE A6B,48.8153,2.356,14,2,2
202100027444,152Â 670,A01,10,3,2,5,0,-1,-1,1,3,1,2021,11.0,1,2,0,1,0,1,1,,3,D626,-1,,2,2,0,1,2,600,1,, -1,1,0,1,80,22,7,1,40,40131,1,2,0,6,D626,43.950239,-0.157006,18,2,1
202100008295,186Â 893,A01,1,1,2,0,1,-1,-1,0,0,-1,2021,18.0,2,2,13,0,7,1,1,,3,102,0,D,2,2,0,2,17,300,4,, -1,2,0,3,80,14,11,1,42,42021,1,1,0,6,Route de Saint Marcellin,45.504482,4.122577,12,1,1
202100009628,184Â 496,B01,1,1,1,9,2,8,-1,-1, -1,-1,2021,25.0,2,1,0,2,0,1,1,,4,CARRIERES (R DES),0,,2,2,0,1,0,0,1,, -1,1,0,1,50,24,10,5,94,94081,2,3,0,6,CARRIERES (R DES),48.798461,2.391216,23,2,2
202100002906,196Â 576,B01,1,1,2,1,8,-1,-1,-1, -1,-1,2021,23.0,1,1,0,4,8,0,3,,4,JOSEPH DESBOIS                      (R ),0,,2,2,3,1,(1),(1),1,, -1,2,4,1,50,14,12,5,69,69282,2,8,1,3,JOSEPH DESBOIS (R),45.77108,5.00364,6,2,2
202100020787,164Â 489,A01,1,1,1,5,2,-1,-1,0,0,-1,2021,48.0,2,1,0,0,7,0,1,,3,11,0,,2,2,0,1,4,0,1,,"5,5",1,0,3,80,6,9,1,45,45311,1,1,0,7,Route de ChÃ¢teauneuf,47.829442,2.220397,18,1,1
202100015866,173Â 316,A01,1,1,1,9,1,8,-1,-1, -1,-1,2021,25.0,2,2,13,0,1,26,1,,3,ROUTE DEPARTEMENTALE 3,0,,3,1,0,3,3,0,4,, -1,2,0,1,50,30,9,1,972,97213,1,1,1,6,ROUTE DEPARTEMENTALE 3,14.63327,-61.02243,12,2,1
202100023841,159Â 011,B01,1,1,1,0,2,0,-1,-1, -1,-1,2021,62.0,1,1,0,2,4,1,1,,3,R D 900,0,,3,2,0,1,0,0,1,, -1,1,0,1,50,28,5,1,66,66136,1,1,0,2,R D 900,42.67006,2.85833,11,2,2
202100034363,140Â 314,A01,1,1,1,5,0,-1,-1,0,0,-1,2021,43.0,1,1,12,0,0,1,3,,3,,-1,,1,1,0,2,21,155,1,,"5,5",1,0,1,50,15,6,5,1,1034,2,1,0,6,26 rue de la rÃ©publique,45.758856,5.686251,22,1,1
202100037726,134Â 230,B01,1,1,1,5,2,6,-1,-1, -1,-1,2021,29.0,2,1,0,2,7,1,1,,1,A86 EXT,0,,3,4,0,1,38,200,1,, -1,1,0,1,90,28,5,3,94,94028,1,1,0,3,A86 EXT,48.79629,2.44342,21,2,2
202100013239,178Â 076,A01,1,1,2,9,2,-1,-1,-1, -1,-1,2021,61.0,1,1,0,2,1,17,1,,4,VIELLEDENT (JEAN),0,,2,2,0,1,(1),(1),1,, -1,1,0,1,50,13,10,1,66,66136,2,3,0,3,VIELLEDENT (JEAN),42.69487,2.90105,18,2,2
202100024031,158Â 691,B01,1,1,1,0,2,0,-1,-1, -1,-1,2021,42.0,1,1,0,2,1,1,0,,3,REPUBLIQUE (AV DE LA),0,,4,2,0,1,0,0,1,, -1,1,0,1,30,14,8,5,94,94081,2,2,0,3,REPUBLIQUE (AV DE LA),48.80242,2.39738,23,2,2
202100025015,156Â 938,B01,1,1,1,9,2,0,-1,0,0,-1,2021,29.0,1,1,0,2,1,7,5,,4,BOULEVARD SAINT GERMAIN,0,,1,2,3,1,(1),(1),1,, -1,1,0,6,50,8,8,1,75,75105,2,2,0,3,BOULEVARD SAINT GERMAIN,48.850816,2.345529,11,2,2
202100050079,112Â 221,A01,10,3,2,0,0,-1,-1,2,1,1,2021,34.0,1,2,0,1,2,20,1,,6,CREDOS (SQUARE DES),0,,-1,1,0,2,0,0,1,, -1,1,0,8,30,26,2,1,93,93031,1,9,0,6,CREDOS (SQUARE DES),48.9548320772,2.2997394619,13,2,1
202100038478,132Â 872,B01,1,1,2,1,1,-1,-1,0,0,-1,2021,37.0,2,2,0,2,1,2,1,,3,45,0,D,2,2,1,1,4,400,1,, -1,1,0,1,70,24,5,1,29,29161,1,1,1,2,Lieu Dit le Cosquellou,47.905447946,-4.0369595161,12,2,2
202100045519,120Â 378,A01,1,1,1,5,2,6,-1,-1, -1,-1,2021,55.0,2,1,0,2,1,2,1,,1,A46S   40.883 A 43.680,0,,1,1,0,2,41,500,3,, -1,1,3,1,70,1,4,1,69,69290,1,1,0,2,A46,45.70007,4.96687,18,6,2
202100053131,106Â 769,A01,1,1,1,9,1,-1,-1,0,0,-1,2021,19.0,1,2,2,0,1,21,1,,3,139,0,,2,2,0,1,3,853,1,, -1,2,0,3,80,30,1,1,79,79049,1,1,0,6,,46.810135,-0.465782,11,1,1
202100025909,155Â 376,B01,1,1,1,5,2,-1,-1,0,0,-1,2021,20.0,0,6,0,2,8,9,1,,4,,0,,2,2,0,1,(1),(1),1,,5,1,0,1,50,1,7,1,31,31247,2,1,0,3,Route de la Fontaine,43.082404,0.677937,15,2,2
202100003901,194Â 783,A01,10,3,1,2,0,-1,-1,3,3,1,2021,13.0,0,2,0,1,2,1,1,,4,,0,,2,2,0,1,(1),(1),1,,4,2,0,1,50,8,12,2,21,21154,2,1,1,6,4 Rue de Seine,47.8617954585,4.5761251938,8,2,1
202100027085,153Â 304,A01,1,1,1,4,2,6,-1,0,0,-1,2021,57.0,1,1,0,2,8,15,1,,4,BOULEVARD DE LA VILLETTE,0,,1,3,0,1,(1),(1),1,, -1,1,5,1,30,25,7,1,75,75119,2,2,0,3,BOULEVARD DE LA VILLETTE,48.884475,2.364808,19,2,2
202100029358,149Â 294,A01,1,1,1,5,2,6,9,0,0,-1,2021,43.0,2,1,0,2,1,1,1,,3,678,0,,2,2,0,1,11,90,1,, -1,1,0,1,80,13,7,1,71,71002,1,2,0,3,Route de chalon,46.7503930033,5.0371673571,14,3,2
202100048288,115Â 439,A01,1,1,1,5,2,6,-1,0,0,-1,2021,36.0,1,1,0,2,1,1,1,,4,AVENUE DE LA PORTE D ASNIERES,0,,2,6,0,1,(1),(1),1,, -1,1,0,1,50,11,3,2,75,75117,2,2,0,3,AVENUE DE LA PORTE D ASNIERES,48.892296,2.301014,21,2,2
202100003745,195Â 058,A01,10,3,1,9,0,-1,-1,1,3,2,2021,10.0,1,0,0,1,1,1,1,,4,REPUBLIQUE AVENUE DE LA,0,,2,2,0,1,0,0,1,, -1,1,0,1,50,10,12,5,93,93046,2,1,0,3,REPUBLIQUE AVENUE DE LA,48.9056029854,2.5241839886,18,2,1
202100036341,136Â 739,A01,1,1,1,5,2,6,9,0,0,-1,2021,18.0,2,1,0,0,0,16,1,,3,230,0,D,2,2,0,2,9,550,3,, -1,9,0,1,80,5,6,1,84,84118,1,1,1,7,Col de la LiguiÃ¨re (Col de montagne),43.992189,5.389202,18,1,1
202100046436,118Â 777,B01,1,1,1,5,2,-1,-1,0,0,-1,2021,53.0,1,1,0,2,1,1,1,,3,24,0,,2,2,0,1,48,250,1,, -1,1,0,1,80,26,3,1,86,86073,1,2,0,3,D24,46.676298,0.009619,11,3,2
202100054135,104Â 982,A01,10,3,1,3,0,-1,-1,2,3,1,2021,21.0,3,2,0,1,3,2,1,,4,,0,,2,2,0,1,(1),(1),1,, -1,1,0,1,50,22,1,2,51,51559,2,1,0,7,Ruelle des Deux Avenues,49.1280100533,4.5355767679,17,2,1
202100035301,138Â 605,A01,10,3,2,5,0,-1,-1,2,3,1,2021,69.0,2,2,0,1,2,1,1,,4,RUE DE BAGNOLET,0,,2,3,0,1,(1),(1),1,, -1,1,0,1,50,10,6,1,75,75120,2,1,0,6,RUE DE BAGNOLET,48.863356,2.40734,14,2,1
202100008111,187Â 234,A01,1,1,1,0,2,9,6,0,0,-1,2021,27.0,1,1,0,6,3,21,1,,3,931,0,D,2,2,0,1,20,160,1,, -1,1,0,1,80,8,11,3,60,60454,1,1,0,6,D931,49.4011907355,2.338387298,18,1,1
202100011890,180Â 472,A01,10,3,2,5,0,-1,-1,2,0,1,2021,71.0,0,2,0,1,6,15,1,,2,5,0,D,2,3,0,4,(1),(1),2,, -1,1,0,1,50,22,10,1,974,97414,2,1,0,6,194 Route de Cilaos,-21.271573,55.439835,8,2,1