Num_Acc,id_vehicule,num_veh,place,catu,sexe,trajet,secu1,secu2,secu3,locp,actp,etatp,year_acc,victim_age,senc,catv,obs,obsm,choc,manv,motor,occutc,catr,voie,v1,v2,circ,nbv,vosp,prof,pr,pr1,plan,lartpc,larrout,surf,infra,situ,vma,jour,mois,lum,dep,com,agg_,int,atm,col,adr,lat,long,hour,nb_victim,nb_vehicules
202100015053,174Â 804,C01,1,1,2,0,1,0,-1,-1, -1,-1,2021,49.0,1,2,0,0,4,23,1,,3,RD 956,0,,3,4,0,1,0,823,1,, -1,1,0,1,90,4,10,1,41,41295,1,1,0,4,RD 956,47.5694,1.37048,17,6,3
202100050325,111Â 747,A01,10,3,2,5,0,-1,-1,3,3,1,2021,72.0,3,5,0,1,1,15,1,,4,TROIS VISAGES ( DES ),0,,2,2,0,2,(1),(1),1,, -1,2,9,1,50,14,1,1,62,62041,2,9,1,6,TROIS VISAGES ( DES ),50.2929,2.7759,15,2,1
202100042569,125Â 534,B01,1,1,1,1,2,6,-1,-1, -1,-1,2021,32.0,1,1,0,2,1,1,1,,1,A86 INT,0,,1,3,0,1,45,500,2,, -1,1,0,1,90,26,4,1,94,94073,1,1,0,3,A86 INT,48.7659410769,2.3790876024,7,2,2
202100036847,135Â 834,B01,4,2,2,5,1,0,-1,-1, -1,-1,2021,20.0,1,2,0,2,1,1,1,,3,ROUGET DE L ISLE (AV),0,,2,4,0,1,1,0,1,, -1,1,0,1,50,30,5,5,94,94081,2,3,0,6,Avenue Rouget de Lisle,48.776461011,2.3976159096,1,5,2
202100032361,143Â 918,A01,2,2,1,5,1,-1,-1,0,0,-1,2021,24.0,0,2,2,0,3,1,1,,4,,-1,,2,2,0,4,(1),(1),2,,4,1,0,3,50,26,6,3,24,24350,1,9,0,6,Chauffre,45.152146,0.598521,1,2,1
202100042558,125Â 556,B01,1,1,1,0,2,-1,-1,0,0,-1,2021,17.0,1,1,0,2,1,17,1,,3,144,-1,,2,2,0,1,6,690,1,, -1,1,0,1,80,21,4,1,49,49138,1,3,0,3,Bois de Brou (Fontaine-GuÃ©rin),47.4917915107,-0.176656785,12,2,2
202100000477,200Â 853,A01,3,2,2,5,1,8,-1,-1, -1,-1,2021,2.0,1,2,0,2,3,1,1,,4,DE JOUVENEL (BOULEVARD HENRI),0,,2,3,0,1,(1),(1),1,, -1,1,5,1,50,17,5,1,19,19031,2,2,0,3,DE JOUVENEL (BOULEVARD HENRI),45.1627745065,1.5227977382,11,3,2
202100009856,184Â 083,A01,9,2,1,0,1,3,-1,0,0,-1,2021,3.0,2,0,0,2,1,1,1,,3,3,-1,,2,2,0,1,4,781,1,, -1,1,0,1,90,2,11,1,77,77235,1,1,0,2,D3,48.987581,3.069177,14,4,2
202100039849,130Â 351,A01,2,2,2,5,1,0,-1,-1, -1,-1,2021,20.0,2,2,9,0,1,15,1,,4,R FAULER PROLONGEE ,0,,2,4,0,2,1,0,2,, -1,2,5,4,50,15,5,5,94,94022,2,1,0,6,FAULER PROLONGEE (R),48.77331,2.40984,5,2,1
202100016903,171Â 408,A01,1,1,2,5,1,0,-1,-1, -1,-1,2021,26.0,1,2,0,0,0,26,1,,1,A87N,0,,3,4,0,1,5,0,1,, -1,2,0,1,80,25,9,1,49,49267,2,1,1,7,A87N,47.46659,-0.51549,18,1,1
202100041020,128Â 295,A01,1,1,1,0,2,6,-1,0,0,-1,2021,59.0,2,1,0,2,1,5,1,,3,13,0,D,2,2,0,2,18,643,2,, -1,1,5,1,50,8,5,1,34,34199,1,4,0,1,D13,43.46374,3.409672,11,2,2
202100053411,106Â 251,A01,1,1,2,0,1,0,-1,-1, -1,-1,2021,37.0,1,2,0,2,1,2,1,,1,AUTOROUTE A86,0,,3,4,0,3,53,0,1,, -1,1,0,1,70,28,1,1,92,92002,1,1,0,6,AUTOROUTE A86,48.761,2.295,14,1,1
202100002260,197Â 742,B01,4,2,1,5,1,0,-1,-1, -1,-1,2021,3.0,1,2,0,2,4,2,1,,2,20 (R.N.) COTE SUD DU TUNNEL,0,,-1,2,0,1,41,0,1,, -1,1,0,1,80,17,12,5,9,9207,2,1,0,2,20 (R.N.) COTE SUD DU TUNNEL,42.941696,1.623226,17,4,2
202100034366,140Â 308,A01,1,1,1,5,1,-1,-1,0,0,-1,2021,61.0,1,2,0,2,2,17,1,,3,1,-1,,2,2,0,2,13,188,1,,7,1,0,1,90,11,6,1,72,72156,1,3,0,3,D1,48.105652,0.71689,15,2,2
202100038868,132Â 148,B01,1,1,2,1,1,0,-1,-1, -1,-1,2021,28.0,2,2,0,2,1,1,1,,1,A4,0,,3,5,0,1,0,200,1,, -1,1,0,1,90,21,5,1,94,94018,1,1,0,2,A4,48.82437,2.39419,9,2,2
202100009388,184Â 920,A01,1,1,1,1,1,-1,-1,-1,0,-1,2021,46.0,2,2,4,0,1,1,1,,1,AUTOROUTE A15,0,,3,6,0,1,15,500,1,, -1,1,0,1,110,5,11,3,95,95306,1,1,0,6, A15,48.998755,2.176823,6,1,1
202100022879,160Â 723,A01,1,1,1,5,2,-1,-1,0,0,-1,2021,18.0,3,1,0,2,3,5,5,,4,,-1,,2,2,0,1,(1),(1),4,,5,1,0,1,30,24,8,1,60,60170,1,1,0,3,Route du Moulin de la VallÃ©e,49.197285442,2.5452930292,14,2,2
202100045948,119Â 624,Z01,1,1,1,9,8,0,-1,-1, -1,-1,2021,28.0,2,2,1,2,1,18,1,,4,AV DE GRANDE BRETAGNE,0,,2,4,3,1,(1),(1),1,, -1,1,9,1,50,7,3,1,31,31555,2,9,0,5,AV DE GRANDE BRETAGNE,43.602117,1.410023,12,6,3
202100027827,151Â 975,A01,1,1,1,5,8,-1,-1,0,0,-1,2021,19.0,0,1,13,0,1,1,1,,4,,-1,,2,1,0,1,(1),(1),2,,3,1,0,3,50,22,7,1,3,3128,2,1,0,7,route du camping,46.382672,2.449034,16,2,1
202100018289,168Â 934,A01,1,1,2,0,1,0,-1,-1, -1,-1,2021,21.0,1,2,0,2,1,26,1,,2,RN1,0,,1,2,0,1,79,0,1,, -1,1,0,1,110,17,9,1,974,97416,1,1,0,2,RN1,-21.30293,55.42627,8,2,2
202100046202,119Â 182,A01,1,1,2,5,1,8,-1,-1, -1,-1,2021,26.0,2,2,0,2,3,13,1,,1,6,0,,3,6,0,1,28,899,1,, -1,1,0,1,110,29,3,1,91,91340,1,1,0,3,AUTOROUTE A6,48.6,2.43977,15,3,2
202100052189,108Â 425,A01,4,2,1,5,2,-1,-1,0,0,-1,2021,22.0,3,0,1,0,0,14,0,,4,,-1,,2,2,0,1,(1),(1),1,, -1,1,0,4,50,8,2,3,978,97801,2,1,0,7,R DE SANDY GROUND,18.057763,-63.101274,18,2,1
202100001674,198Â 804,A01,1,1,1,5,1,8,-1,-1, -1,-1,2021,38.0,2,2,0,9,4,26,1,,2,RN 104,0,,1,3,0,1,34,9,1,, -1,1,0,1,110,22,12,3,91,91174,1,1,0,2,RN 104,48.62244,2.46469,19,2,2
202100032567,143Â 557,B01,1,1,1,2,0,-1,-1,0,0,-1,2021,13.0,3,1,0,2,2,9,5,,4,,-1,,-1,2,0,1,(1),(1),1,,6,1,0,1,-1,23,6,1,1,1457,2,2,0,3,Rue des Erables,46.22932,4.992841,10,2,2
202100000197,201Â 387,A01,10,3,1,2,0,-1,-1,5,2,1,2021,17.0,1,2,1,1,1,25,1,,4,BRANLY BOULEVARD EDOUARD,0,,2,0,0,1,(1),(1),1,, -1,1,0,4,30,7,6,1,85,85191,2,1,0,6,Boulevard Ãdouard Branly,46.67466,-1.44161,7,2,1
202100020829,164Â 413,B01,1,1,1,5,2,6,-1,-1, -1,-1,2021,28.0,2,1,0,2,1,1,1,,4,RAOUL CARRIE                        (QU),0,,4,3,0,2,(1),(1),1,, -1,1,0,1,50,4,9,1,69,69389,1,9,0,3,RAOUL CARRIE (Q),45.802796955,4.8391355574,18,3,2
202100048172,115Â 643,C01,1,1,1,5,1,-1,-1,0,0,-1,2021,65.0,2,2,0,2,1,1,2,,3,924,0,,2,2,0,4,24,738,1,, -1,1,0,1,80,26,2,1,50,50493,1,2,0,4,D924,48.836804,-1.477795,12,6,5
202100029392,149Â 242,A01,1,1,1,5,1,-1,-1,0,0,-1,2021,22.0,3,2,2,0,9,1,1,,4,,-1,,2,2,0,1,(1),(1),1,,5,1,0,3,50,13,7,3,66,66008,2,1,0,6,Avenue de la Retirada 1939,42.564632,3.035941,5,2,1
202100040997,128Â 337,B01,1,1,2,3,1,-1,-1,0,0,-1,2021,20.0,1,2,0,2,4,1,1,,3,677,0,,2,2,0,1,5,500,1,, -1,1,0,1,70,8,5,1,14,14131,2,1,0,5,D677,49.320765,0.130586,17,5,3
202100036679,136Â 150,A01,1,1,1,5,2,-1,-1,0,0,-1,2021,78.0,2,1,0,6,8,1,5,,3,69,0,D,-1,2,0,1,(1),(1),3,, -1,1,0,1,90,3,6,1,201,201024,1,1,0,6,D69,41.775184,9.089384,13,1,1
202100035096,138Â 965,A01,10,3,2,0,0,-1,-1,3,3,1,2021,43.0,2,2,0,1,2,1,1,,3,908,0,,3,6,0,1,0,0,1,, -1,1,0,1,50,11,6,1,92,92026,2,1,0,6,VERDUN (DE 01 A 61),48.9003823853,2.2608147876,11,3,2
202100007580,188Â 191,B01,1,1,1,9,1,0,-1,-1, -1,-1,2021,48.0,3,2,0,2,4,2,1,,3,Route DÃ©partementale 619,0,,2,2,0,1,53,440,1,, -1,1,0,1,90,17,11,3,77,77532,1,1,1,2,D619,48.560641,3.226972,21,2,2
202100052370,108Â 104,B01,1,1,1,-1,0,-1,-1,-1, -1,-1,2021,78.0,0,1,0,2,0,0,-1,,4,,-1,,2,-1,-1,1,(1),(1),4,, -1,-1,0,1,-1,6,2,1,988,98818,2,1,0,3,RUE JULES GARNIER,-22.29071,166.44242,11,2,2
202100022932,160Â 633,A01,1,1,1,0,2,6,-1,-1, -1,-1,2021,59.0,3,1,0,2,2,0,1,,3,50,0,,2,5,3,1,0,0,1,, -1,1,0,1,50,22,8,1,92,92040,2,1,0,2,ROUGET DE L'ISLE,48.828819,2.26465,14,2,2
202100038970,131Â 981,A01,1,1,1,5,8,0,-1,0,0,-1,2021,25.0,1,1,0,2,7,5,5,,4,RUE DROUOT,0,,1,1,0,1,(1),(1),1,, -1,1,0,1,50,21,5,1,75,75109,2,3,0,3,RUE DROUOT,48.873269,2.340551,15,2,2
202100006203,190Â 721,A01,10,3,1,0,0,-1,-1,4,3,1,2021,73.0,1,3,0,1,7,26,1,1.0,4,,0,,2,2,3,2,(1),(1),1,, -1,1,0,6,50,25,11,1,6,6029,2,1,0,3,CARNOT (BOULEVARD),43.5586,7.01677,15,2,1
202100050305,111Â 780,A01,1,1,2,1,8,-1,-1,-1, -1,-1,2021,56.0,2,1,0,0,7,15,5,,4,ESSES (DES)                         (MO),0,,2,2,2,2,(1),(1),3,, -1,2,0,1,50,24,2,1,69,69384,2,3,0,7,ESSES (DES) (MO),45.77198,4.81588,9,1,1
202100047878,116Â 161,A01,1,1,1,1,1,-1,-1,0,0,-1,2021,35.0,2,2,2,0,1,14,1,,3,922,0,A,2,2,0,2,7,447,1,, -1,2,9,3,80,15,3,1,81,81041,1,9,1,6,D922,43.9561849398,1.9076991581,8,1,1
202100039773,130Â 493,A01,1,1,1,5,2,6,-1,0,0,-1,2021,31.0,1,1,0,2,1,2,1,,3,517,-1,,3,4,0,1,1,350,1,, -1,1,0,1,90,16,5,1,38,38557,1,1,0,2,D517,45.766236,5.107462,19,2,2
202100021873,162Â 535,A01,1,1,1,1,2,6,9,0,0,-1,2021,22.0,2,1,0,2,1,13,1,,3,307,-1,,2,2,0,1,21,880,1,, -1,1,0,1,80,31,8,1,78,78233,1,3,0,5,Route Nationale 307,48.871363,1.957862,12,3,3
202100033463,141Â 956,A01,2,2,1,0,1,-1,-1,0,0,-1,2021,20.0,0,2,0,2,1,1,1,,3,675,-1,D,2,2,0,1,9,923,1,, -1,1,0,1,90,14,6,1,41,41229,1,1,0,1,D675,47.33225,1.400971,11,5,2
202100000025,201Â 716,A01,1,1,1,1,2,6,9,0,0,-1,2021,22.0,2,1,5,0,1,1,1,,3,435,0,,2,2,0,2,4,900,2,, -1,2,0,1,80,31,12,3,7,7155,1,1,0,6,CD 435-PK 4+900,44.624301,4.348639,7,1,1
202100011365,181Â 410,B01,1,1,1,0,2,6,-1,-1, -1,-1,2021,23.0,2,1,0,2,1,1,1,,9,MOULINS (AVE DES DE 18 A 23,0,,2,0,0,1,1,420,1,, -1,1,0,1,50,23,10,1,83,83137,2,1,0,3,MOULINS (AVE DES DE 18 A 23,43.137538,5.91431,9,2,2
202100053284,106Â 489,B01,1,1,2,1,1,-1,-1,0,0,-1,2021,30.0,1,2,13,2,3,1,1,,3,178,0,D,2,2,0,1,69,742,3,, -1,2,0,1,70,28,1,3,44,44130,2,1,1,1,D178,47.10899,-1.545085,18,2,2
202100003316,195Â 839,A01,1,1,1,4,8,-1,-1,0,0,-1,2021,44.0,2,5,0,2,3,13,1,,3,549,0,,2,2,1,1,(1),(1),2,, -1,1,0,1,80,14,12,2,59,59466,1,1,0,1,D549,50.52475,3.121676,15,2,2
202100023445,159Â 714,A01,10,3,2,0,0,-1,-1,3,3,1,2021,61.0,3,2,0,1,1,1,1,,4,MISTRAL (BOULEVARD FREDERIC),0,,2,2,0,1,0,0,1,, -1,1,9,1,50,18,8,1,11,11262,2,1,0,6,MISTRAL (BOULEVARD FREDERIC),43.18567,3.00143,14,2,1
202100032619,143Â 464,B01,1,1,1,4,2,6,-1,-1,0,-1,2021,36.0,2,1,0,2,7,1,1,,1,AUTOROUTE A15,0,,3,6,0,1,6,900,1,, -1,1,0,1,110,24,6,1,95,95018,1,1,0,3,A15,48.95792,2.27513,10,2,2
202100037858,133Â 991,A01,1,1,1,0,8,0,-1,-1, -1,-1,2021,20.0,0,2,6,0,1,19,1,,4,REMPART (BD),0,,1,1,0,1,0,0,3,, -1,1,0,4,50,28,5,1,93,93051,2,3,0,7,REMPART (BD),48.83761,2.54314,12,1,1
202100053712,105Â 726,B01,1,1,1,5,1,0,-1,-1, -1,-1,2021,51.0,1,2,0,2,6,12,1,,3,RD 154,0,,1,2,0,2,3,820,1,, -1,2,0,1,90,24,1,1,78,78384,1,1,1,3,RD 154,48.9622,1.9874,15,3,2
202100007777,187Â 850,A01,10,3,2,0,0,-1,-1,2,3,2,2021,65.0,3,2,0,1,3,0,0,,6,AMBASSADEUR (RUE DE L'),0,,-1,0,0,1,(1),(1),1,, -1,1,9,8,30,16,11,2,78,78172,2,1,0,6,AMBASSADEUR (RUE DE L'),49.01212,2.09034,17,2,1
202100043040,124Â 740,A01,1,1,1,1,2,0,-1,-1, -1,-1,2021,39.0,1,1,0,0,7,1,1,,4,JOFFRES,0,,2,2,0,1,(1),(1),3,, -1,1,0,1,30,22,4,1,17,17300,2,1,0,7,JOFFRES,46.15547,-1.1433,18,1,1
202100051574,109Â 510,B01,2,2,2,5,1,-1,-1,0,0,-1,2021,40.0,2,2,0,2,7,21,1,,2,21,0,,2,0,0,2,37,573,1,, -1,1,0,1,80,13,2,1,65,65286,1,1,0,3,Route de Tarbes,43.11867,-0.03085,15,5,2
202100016639,171Â 889,A01,1,1,1,0,2,6,-1,-1, -1,-1,2021,23.0,1,1,16,0,7,1,1,,7,DARNETAL. ROUTE DE,0,,2,2,0,1,9,100,1,, -1,2,0,1,80,26,9,5,76,76429,1,6,0,7,DARNETAL. ROUTE DE,49.4123172891,1.1544024758,3,1,1
202100003656,195Â 218,A01,1,1,2,0,1,0,-1,-1, -1,-1,2021,22.0,3,2,0,2,2,1,1,,3,CD 41,0,,2,2,0,2,0,0,1,, -1,2,5,1,50,10,12,5,38,38544,2,7,0,3,CD 41,45.52829,4.87476,21,2,2
202100014529,175Â 735,B01,1,1,1,1,2,6,-1,-1, -1,-1,2021,48.0,1,1,0,2,3,3,1,,1,86,0,,3,2,0,1,0,970,1,, -1,1,0,1,90,8,10,1,92,92050,1,1,0,3,A86,48.9075479699,2.2127471953,16,2,2
202100006666,189Â 869,A01,1,1,1,2,0,-1,-1,-1, -1,-1,2021,14.0,1,1,0,2,8,15,5,,4,RUE BLUMEREL,0,,2,2,0,1,(1),(1),1,, -1,1,0,1,50,22,11,1,33,33522,2,3,0,3,Rue Blumerel,44.80314,-0.58269,17,2,2
202100012427,179Â 495,B01,1,1,2,0,2,0,-1,-1, -1,-1,2021,52.0,1,0,0,2,7,17,3,,3,RD810,0,,2,2,0,1,19,715,1,, -1,1,0,1,50,18,10,1,64,64249,2,1,0,3,RD810,43.425562,-1.604116,16,2,2
202100043287,124Â 288,A01,2,2,1,0,1,-1,-1,0,0,-1,2021,21.0,0,2,8,2,1,13,1,,3,330,-1,,2,2,0,2,1,50,3,, -1,1,0,1,80,21,4,1,60,60612,1,1,0,1,RD 330,49.209706,2.562556,14,3,2
202100027848,151Â 939,B01,1,1,1,5,2,6,-1,0,0,-1,2021,24.0,2,1,1,2,5,17,1,,3,906,0,,2,2,0,1,83,940,1,,4,1,0,1,50,20,7,5,71,71150,2,3,0,2,1049 Route Nationale 6,46.241457,4.787083,22,2,2
202100000591,200Â 644,A01,10,3,2,5,0,-1,-1,8,3,2,2021,71.0,3,2,0,1,4,20,1,,6,,0,,-1,-1,0,1,(1),(1),1,,4,2,0,1,10,27,11,1,37,37050,2,1,1,6,Rue Philippe Maupas,47.3371336042,0.6988017839,15,2,1
202100000701,200Â 460,A01,1,1,2,0,1,5,-1,-1, -1,-1,2021,58.0,2,5,0,2,1,13,1,,2,RN 102,0,,2,2,0,2,42,500,3,, -1,1,0,1,70,22,12,1,7,7019,1,1,0,1,RN 102,44.63565,4.37865,13,2,2
202100047166,117Â 460,A01,1,1,2,0,1,-1,-1,0,0,-1,2021,31.0,2,2,0,0,8,15,1,,3,86,-1,D,2,2,0,1,69,530,1,, -1,1,0,1,80,20,3,1,7,7349,1,1,0,3,D86,44.803002,4.786992,15,2,2
202100039713,130Â 596,A01,1,1,1,5,2,0,-1,0,0,-1,2021,67.0,1,1,14,0,7,12,5,,4,BOULEVARD GARIBALDI,0,,1,3,0,1,(1),(1),1,, -1,1,0,1,50,16,5,1,75,75115,2,1,0,6,BOULEVARD GARIBALDI,48.845323,2.310144,16,1,1
202100049312,113Â 616,A01,1,1,1,4,2,6,-1,0,0,-1,2021,16.0,0,1,0,2,3,1,1,,3,933,0,D,2,2,0,1,28,760,1,, -1,1,0,1,-1,2,3,3,1,1134,2,3,0,1,Chemin de Ruette Metelle,46.277746,4.880801,20,2,2
202100011094,181Â 897,A01,10,3,2,5,0,-1,-1,2,A,1,2021,27.0,2,5,0,1,0,1,1,,4,CHATEAU (DE 37 A 55 ET 34 A 50),0,,2,2,0,1,(1),(1),1,, -1,1,0,1,50,13,9,1,29,29019,2,1,0,6,Rue du ChÃ¢teau,48.3864028957,-4.4871103764,15,2,1
202100016393,172Â 331,A01,1,1,1,5,1,-1,-1,0,0,-1,2021,73.0,2,2,0,2,9,1,1,,1,61,0,,2,4,0,1,329,200,1,, -1,1,3,1,80,29,9,1,11,11397,1,9,0,2,bretelle echangeur Carcassonne EST,43.2029,2.416906,12,2,2
202100047918,116Â 080,A01,10,3,2,0,0,-1,-1,3,3,1,2021,46.0,2,2,0,1,1,1,1,,3,,0,,2,2,3,1,1,700,3,, -1,2,0,1,50,15,3,1,64,64545,2,6,1,6,11 rue de poutillenea,43.383043,-1.692823,13,2,1
202100006571,190Â 054,A01,1,1,1,5,8,-1,-1,-1,0,-1,2021,16.0,3,1,1,2,1,1,1,,4,LAUGERE JEAN (AVENUE),0,,2,2,0,1,(1),(1),1,, -1,1,0,1,50,22,11,5,95,95019,2,9,0,1,LAUGERE JEAN (AVENUE),48.9953633941,2.417485714,17,2,2
202100035582,138Â 116,A01,2,2,2,5,1,0,-1,-1, -1,-1,2021,14.0,1,2,0,2,2,17,1,,3,920,0,,1,2,1,1,1,0,1,, -1,1,0,1,50,9,6,1,92,92071,2,1,0,5,GENERAL LECLERC (AVENUE DU),48.7759530671,2.313850522,18,4,3
202100022488,161Â 433,B01,1,1,2,9,8,-1,-1,0,0,-1,2021,17.0,2,2,0,2,3,15,1,,2,7,0,N,2,2,0,1,15,130,1,, -1,1,0,1,70,25,8,1,38,38336,1,3,0,3,N7,45.4628640844,4.8264102208,13,2,2
202100007245,188Â 804,B01,1,1,2,5,1,0,-1,-1, -1,-1,2021,67.0,1,2,0,2,4,1,1,,3,RD 347,0,,2,2,0,1,68,450,1,, -1,1,0,1,80,17,11,1,49,49267,1,1,0,2,RD 347,47.47171,-0.45684,17,2,2
202100026435,154Â 445,B01,1,1,1,5,2,0,-1,-1, -1,-1,2021,22.0,1,1,1,2,1,1,1,,4,THOMAS (AVENUE ALBERT),0,,2,2,0,1,0,0,1,, -1,1,0,1,50,28,7,1,87,87085,2,1,0,-1,THOMAS (AVENUE ALBERT),45.83465,1.24584,18,2,2
202100022109,162Â 106,A01,1,1,1,5,2,6,-1,0,0,-1,2021,44.0,1,1,0,1,1,1,1,,4,AVENUE JEAN JAURES,0,,2,5,0,1,(1),(1),1,, -1,1,0,1,30,28,8,5,75,75119,2,2,0,6,AVENUE JEAN JAURES,48.885914,2.382204,3,2,1
202100014164,176Â 376,A01,1,1,2,1,2,6,-1,-1, -1,-1,2021,17.0,1,1,0,2,1,2,1,,7,ROUTE NATIONALE 20,0,,1,3,3,1,1,0,1,, -1,1,0,1,50,9,10,1,45,45302,2,1,0,2,ROUTE NATIONALE 20,47.94993,1.89192,9,2,2
202100030936,146Â 462,B01,1,1,1,5,1,-1,-1,0,0,-1,2021,61.0,2,2,0,2,6,1,1,,3,,0,,2,2,0,1,1,100,1,, -1,1,0,1,50,4,7,1,88,88367,2,1,0,1,Route d Autrey,48.338562,6.658718,18,2,2
202100021734,162Â 788,A01,1,1,1,5,2,0,-1,-1, -1,-1,2021,24.0,1,1,0,9,7,2,1,,1,S10CM-Sens Marseille vers A.50 Aubagne,0,,3,2,0,1,0,100,1,, -1,9,0,2,90,31,8,1,13,13210,1,1,0,7,S10CM-Sens Marseille vers A.50 Aubagne,43.28295,5.3986,10,1,1
202100010893,182Â 256,A01,1,1,1,0,8,0,-1,0,0,-1,2021,21.0,1,1,0,9,7,14,3,,7,MIRECOURT (ROUTE DE),0,,2,3,1,1,(1),(1),4,, -1,1,0,5,50,26,10,1,54,54547,2,9,0,3,MIRECOURT (ROUTE DE),48.6610073783,6.1877992228,17,2,2
202100011038,181Â 986,B01,1,1,1,5,2,6,-1,-1, -1,-1,2021,31.0,2,1,0,2,2,1,1,,1,A86 EXT,0,,3,8,0,1,36,500,1,, -1,1,0,1,90,17,10,3,94,94046,1,1,0,3,A86 EXT,48.8129273331,2.4489557692,20,2,2
202100030275,147Â 648,A01,10,3,2,1,0,-1,-1,6,A,1,2021,60.0,3,2,1,1,7,1,1,,4,,-1,,2,2,0,1,(1),(1),1,,4,1,0,1,50,8,7,1,31,31232,2,1,0,6,Rue des PyrÃ©nÃ©es,43.760954,1.30232,8,2,1
202100022724,160Â 981,A01,10,3,2,5,0,-1,-1,2,3,1,2021,71.0,1,2,0,1,1,26,1,,4,METZ (RUE DE) DU 21AU 49,0,,1,1,0,1,(1),(1),1,, -1,1,0,1,50,20,8,1,31,31555,2,1,1,6,METZ (RUE DE) DU 21AU 49,43.60068,1.44983,19,2,1
202100042124,126Â 333,A01,1,1,2,0,2,6,-1,0,0,-1,2021,33.0,2,1,0,2,1,17,1,,3,559,0,,2,2,0,1,91,900,1,,4,1,5,1,70,27,4,1,83,83068,2,3,0,3,Route du Littoral,43.286121,6.599779,8,2,2
202100053857,105Â 478,A01,10,3,2,5,0,-1,-1,3,3,1,2021,57.0,0,0,0,1,0,0,0,,4,HENRI JANIN (R),0,,1,1,0,1,0,0,1,, -1,2,6,1,50,24,1,1,94,94078,2,9,1,1,HENRI JANIN (R),48.7316708094,2.4496507645,14,2,1
202100033823,141Â 302,A01,1,1,2,0,1,0,-1,0,0,-1,2021,26.0,1,2,0,2,7,1,1,,4,GUINGOT (RUE LOUIS),0,,2,2,0,1,(1),(1),1,, -1,1,0,1,50,17,6,1,54,54547,2,3,0,3,GUINGOT (RUE LOUIS),48.6610800693,6.1906002648,18,2,2
202100053517,106Â 054,B01,2,2,2,3,1,-1,-1,0,0,-1,2021,29.0,1,2,0,2,1,1,1,,3,25,0,,2,2,0,1,(1),(1),1,, -1,2,0,1,80,28,1,1,71,71230,1,1,1,3,Avenue LÃ©on Blum,46.588246,4.059992,14,3,2
202100001942,198Â 328,A01,10,3,1,5,0,-1,-1,9,1,1,2021,83.0,1,5,0,1,2,1,1,,3,D67,0,,2,2,0,2,18,(1),1,, -1,1,0,3,80,23,12,1,46,46225,1,1,0,6,D67,44.494076,1.191555,12,2,1
202100044084,122Â 878,A01,1,1,1,5,0,-1,-1,0,0,-1,2021,16.0,2,1,0,2,8,19,1,,4,,-1,,2,2,0,1,(1),(1),1,, -1,1,0,1,50,15,4,1,39,39491,2,2,0,3,,46.399085,5.790406,15,2,2
202100001489,199Â 125,B01,1,1,1,1,2,6,-1,-1, -1,-1,2021,58.0,2,1,0,2,1,17,1,,2,RN 102,0,,2,2,0,1,43,299,1,, -1,1,0,1,70,22,12,1,7,7116,1,1,0,3,RN 102,44.63966,4.3721,13,2,2
202100029231,149Â 509,A01,1,1,1,5,2,6,-1,0,0,-1,2021,15.0,3,1,0,2,1,1,1,,4,,0,,2,1,0,1,(1),(1),1,,3,1,0,1,50,12,7,1,67,67233,2,3,0,3,Rue de Huttenheim,48.374899,7.569339,15,2,2
202100049806,112Â 719,B01,1,1,1,5,2,-1,-1,0,0,-1,2021,16.0,1,1,0,2,1,2,5,,3,769,-1,,2,2,0,1,76,600,1,, -1,1,0,1,50,28,2,1,29,29259,2,1,0,2,D769 - Rue Verderel,48.682684,-3.985897,15,2,2
202100036869,135Â 797,A01,10,3,1,0,0,-1,-1,4,1,1,2021,81.0,1,1,0,1,2,0,1,,2,"CHARLES DE GAULLE (AVENUE, NÂ° 18 A 116)",0,,2,8,1,1,0,0,1,, -1,1,0,1,50,1,6,1,92,92051,2,1,0,6,"CHARLES DE GAULLE (AVENUE, NÂ° 18 A 116)",48.8812020915,2.2724801302,18,2,1
202100021679,162Â 883,A01,3,2,1,5,0,-1,-1,0,0,-1,2021,20.0,1,2,7,0,1,1,1,,1,31,-1,,3,4,0,1,38,330,1,, -1,1,3,3,130,1,9,3,21,21261,1,1,0,6,A31,47.271833,5.140636,3,4,1
202100013420,177Â 744,A01,1,1,1,0,8,0,-1,-1, -1,-1,2021,57.0,2,1,0,0,0,0,3,,3,406,0,,2,2,0,2,0,0,1,, -1,1,0,1,30,13,10,5,92,92048,2,1,0,7,REPUBLIQUE (RUE DE LA) NÂ° 1 A 45,48.8099646861,2.23624999,20,1,1
202100010901,182Â 243,A01,1,1,2,9,2,0,-1,-1, -1,-1,2021,20.0,1,1,0,0,3,26,1,,4,ANGERS ROUTE,0,,2,2,0,1,1,0,1,, -1,1,0,1,50,25,10,1,49,49267,2,1,0,7,ANGERS ROUTE,47.46711,-0.50018,16,1,1
202100000361,201Â 065,B01,1,1,2,5,1,0,-1,-1, -1,-1,2021,21.0,3,2,0,2,2,15,1,,6,8 MAI 1945 (AV DU ),0,,-1,0,0,1,1,233,1,, -1,1,9,1,50,27,6,1,13,13054,2,1,0,3,8 MAI 1945 (AV DU ),43.41706,5.22662,15,2,2
202100051009,110Â 493,B01,2,2,2,5,1,0,-1,-1, -1,-1,2021,27.0,1,2,0,2,4,2,1,,2,RN12 EXT,0,,3,4,0,1,31,149,1,, -1,1,0,1,90,19,2,1,78,78165,1,1,0,2,RN12 EXT,48.799283,1.993594,16,3,2