Num_Acc,id_vehicule,num_veh,place,catu,sexe,trajet,secu1,secu2,secu3,locp,actp,etatp,year_acc,victim_age,senc,catv,obs,obsm,choc,manv,motor,occutc,catr,voie,v1,v2,circ,nbv,vosp,prof,pr,pr1,plan,lartpc,larrout,surf,infra,situ,vma,jour,mois,lum,dep,com,agg_,int,atm,col,adr,lat,long,hour,nb_victim,nb_vehicules
202100006292,190Â 547,A01,1,1,1,5,8,0,-1,0,0,-1,2021,38.0,2,1,0,2,1,19,5,,4,RUE DE TOLBIAC,0,,2,3,2,1,(1),(1),1,, -1,1,0,1,30,25,11,1,75,75113,2,1,0,3,RUE DE TOLBIAC,48.826687,2.364098,7,2,2
202100040041,130Â 024,B01,2,2,2,5,1,0,-1,-1, -1,-1,2021,35.0,2,2,0,2,2,1,1,,3,R.D. 186,0,,4,4,0,1,21,0,2,, -1,3,0,1,50,13,5,1,78,78481,2,5,0,3,R.D. 186,48.88926,2.10384,18,3,2
202100039222,131Â 512,A01,1,1,1,0,2,6,-1,-1, -1,-1,2021,53.0,1,1,0,2,1,13,1,,1,A55 - Sens Marseille vers Martigues,0,,-1,2,0,1,13,500,1,, -1,1,0,1,90,20,5,1,13,13071,1,1,0,3,A55 - Sens Marseille vers Martigues,43.39821,5.29895,17,2,2
202100044625,121Â 957,A01,1,1,1,9,2,6,-1,0,0,-1,2021,32.0,1,1,0,0,0,1,0,,3,820,-1,,2,2,0,1,57,669,1,, -1,1,0,1,50,9,4,1,31,31033,2,1,0,7,27 route de toulouse,43.352286,1.46969,10,2,2
202100014165,176Â 374,A01,1,1,1,0,2,6,-1,-1, -1,-1,2021,19.0,2,1,0,2,1,1,1,,7,BERTHELOT (RUE MARCELIN BERTHELOT),0,,2,2,0,1,0,0,1,, -1,1,0,1,50,8,10,1,45,45147,2,1,0,3,BERTHELOT (RUE MARCELIN BERTHELOT),47.92372,1.91441,12,2,2
202100012005,180Â 254,B01,1,1,1,1,2,6,-1,-1, -1,-1,2021,17.0,2,1,0,2,1,1,1,,4,DIDIER DAURAT,0,,2,3,1,1,0,0,1,, -1,1,0,1,50,20,10,1,64,64445,1,3,0,3,DIDIER DAURAT,43.32584,-0.37959,8,2,2
202100029027,149Â 846,A01,1,1,1,5,1,-1,-1,0,0,-1,2021,21.0,2,2,2,0,1,14,1,,3,0,-1,,2,2,0,1,4100,(1),2,, -1,1,0,3,50,14,7,1,29,29015,1,1,0,6,Route de Breignou Coz,48.4811150407,-4.4955116251,18,2,1
202100048700,114Â 705,A01,10,3,2,2,8,8,-1,2,9,1,2021,13.0,1,1,0,1,1,21,5,,4,RUE MONCEY,0,,1,1,0,1,(1),(1),1,, -1,1,0,1,30,9,3,1,75,75109,2,3,0,6,RUE MONCEY,48.880051,2.330656,15,2,1
202100050992,110Â 527,A01,1,1,1,1,2,6,-1,0,0,-1,2021,53.0,1,1,0,2,1,2,1,,3,01,0,A,2,2,0,1,7,600,1,, -1,1,0,1,70,20,2,1,8,8328,1,1,0,2,42 Rue Parmentier,49.822612,4.742671,12,2,2
202100001720,198Â 716,A01,10,3,1,5,0,-1,-1,4,3,1,2021,72.0,1,2,0,1,3,26,1,,4,PENITENTES,0,,1,1,0,1,1,0,1,, -1,1,0,1,30,14,12,5,49,49007,2,1,0,6,PENITENTES,47.47515,-0.56406,23,2,1
202100041993,126Â 563,A01,1,1,1,5,1,0,-1,0,0,-1,2021,26.0,1,2,0,2,1,2,1,,1,23,0,,3,4,0,1,11,899,1,, -1,2,0,1,110,29,4,1,59,59435,1,1,1,2,AUTOROUTE A23,50.5072485419,3.2118905951,8,2,2
202100047887,116Â 142,A01,1,1,1,5,1,0,-1,-1,0,-1,2021,32.0,1,2,4,0,1,14,1,,1,AUTOROUTE A15,0,,3,7,0,1,12,770,1,, -1,1,3,1,70,16,3,3,95,95252,1,1,0,7,A15,48.9869656245,2.2093247281,21,1,1
202100042452,125Â 736,B01,1,1,1,1,2,6,-1,-1, -1,-1,2021,34.0,1,1,0,2,1,12,1,,7,ROBICHON MALGONTIER (QUAI) ,0,,3,2,0,1,20,50,1,, -1,1,0,1,50,24,4,5,69,69091,2,3,0,3,ROBICHON MALGONTIER (Q) ,45.5808,4.77875,20,2,2
202100040963,128Â 398,B01,1,1,1,9,2,6,-1,-1, -1,-1,2021,55.0,1,1,0,2,3,1,1,,4,YVONNE MARCAILLOUX (AV),0,,2,2,0,1,0,1,1,, -1,1,0,1,30,7,5,1,94,94022,2,2,0,1,Avenue Yvonne Marcailloux,48.767642,2.406307,9,2,2
202100043612,123Â 721,B01,1,1,1,4,2,8,-1,-1, -1,-1,2021,37.0,3,1,0,2,1,1,1,,9,Z I LA JAMBETTE,0,,2,2,0,1,(1),(1),1,, -1,1,0,1,50,16,4,1,972,97213,1,1,0,3,Z I LA JAMBETTE,14.6168624531,-61.0345888138,12,2,2
202100034738,139Â 618,A01,1,1,1,0,8,-1,-1,-1, -1,-1,2021,28.0,3,1,0,2,1,17,1,,4,BARABAN                             (R ),0,,2,2,0,1,(1),(1),1,, -1,1,0,1,50,12,6,5,69,69383,2,2,0,3,BARABAN (R),45.7593496257,4.8678527841,1,2,2
202100045818,119Â 857,B01,1,1,1,4,2,8,-1,-1, -1,-1,2021,22.0,2,1,0,2,1,1,1,,3,REPUBLIQUE AVENUE DE LA,0,,-1,2,0,1,0,0,1,, -1,1,0,1,50,31,3,1,92,92050,2,1,0,3,REPUBLIQUE AVENUE DE LA,48.910125515,2.2187286615,18,2,2
202100030959,146Â 414,A01,3,2,1,5,1,0,-1,-1, -1,-1,2021,9.0,2,2,0,2,1,1,1,,1,6,0,,1,3,0,1,10,550,1,, -1,1,0,1,110,3,7,1,91,91689,1,1,0,2,AUTOROUTE A6,48.72896,2.31446,15,6,2
202100043293,124Â 276,A01,1,1,1,-1,0,-1,-1,0,0,-1,2021,45.0,1,2,0,-1,1,1,0,,4,,-1,,2,-1,-1,1,(1),(1),1,, -1,1,0,1,-1,20,3,1,6,6029,2,1,0,7,MIDI (BOULEVARD DU),43.548988,7.005056,15,1,1
202100003083,196Â 250,B01,1,1,1,0,1,0,-1,-1, -1,-1,2021,42.0,1,5,0,2,1,2,1,,3,AV MARECHAL LECLERC,0,,2,3,0,1,48,59,1,, -1,2,0,1,50,13,12,4,77,77458,2,1,1,6,D607,48.1854,2.73308,5,3,3
202100047806,116Â 302,A01,1,1,1,1,2,8,-1,-1, -1,-1,2021,21.0,2,1,0,2,7,1,1,,2,POMPIDOU (AVENUE GEORGES),0,,2,2,0,1,49,282,1,, -1,1,5,1,50,11,3,1,15,15014,2,3,0,3,Avenue Georges Pompidou,44.91333,2.44503,12,2,2
202100018869,167Â 919,B01,1,1,1,0,2,6,-1,0,0,-1,2021,22.0,1,1,0,2,1,1,1,,2,10,0,T,2,2,0,1,29,10,1,,7,1,0,1,-1,14,9,1,201,201247,1,1,0,3,T10,41.619517,9.282798,17,2,2
202100030604,147Â 050,B01,5,2,1,5,8,0,-1,-1, -1,-1,2021,60.0,3,3,0,2,3,1,1,4.0,2,ESPAGNE (RPT D),0,,1,2,0,1,0,0,1,, -1,1,0,1,50,5,7,1,94,94073,2,2,0,3,ESPAGNE (RPT D),48.7543,2.3751,13,5,2
202100003507,195Â 477,B01,2,2,2,5,1,0,-1,-1, -1,-1,2021,64.0,2,2,0,2,7,2,1,,1,AUTOROUTE A3,0,,3,6,0,1,11,399,1,, -1,1,0,1,110,10,12,3,93,93007,1,1,0,2,AUTOROUTE A3,48.93422,2.48042,16,3,2
202100044395,122Â 325,A01,1,1,1,1,1,-1,-1,0,0,-1,2021,37.0,1,2,8,0,2,1,1,,3,620,0,,2,2,0,1,40,(1),2,, -1,1,0,8,80,7,4,2,11,11120,1,1,0,6,Route de Chalabre,43.053077,2.178109,19,1,1
202100034157,140Â 704,B01,1,1,1,5,2,6,-1,0,0,-1,2021,49.0,2,1,0,2,5,1,1,,3,9,-1,D,2,2,0,1,7,320,2,, -1,1,0,1,50,16,6,1,6,6090,2,6,0,3,Avenue de Grasse,43.594635,6.926451,17,2,2
202100002428,197Â 434,Y01,1,1,2,5,0,-1,-1,0,0,-1,2021,38.0,3,1,0,2,3,19,3,,4,RUE ANDRE VASSEUR,0,,2,2,0,1,(1),(1),3,, -1,1,0,1,30,17,12,5,31,31555,2,1,0,3,RUE ANDRE VASSEUR,43.63485,1.47171,19,2,2
202100011594,181Â 003,B01,1,1,1,4,2,0,-1,-1, -1,-1,2021,23.0,0,1,0,2,1,1,1,,4,VAILLANT (RUE EDOUARD),0,,2,2,1,1,(1),(1),1,, -1,1,0,1,50,22,10,5,37,37261,2,3,0,3,VAILLANT (RUE EDOUARD),47.37901567,0.7100414917,22,2,2
202100032214,144Â 180,A01,1,1,1,9,0,-1,-1,0,0,-1,2021,30.0,2,2,6,0,1,1,1,,2,90,-1,,2,2,0,1,68,750,1,, -1,1,0,1,80,27,6,1,73,73150,1,1,0,6,"RN90 PK 68+800, LE GOTHARD",45.5673043365,6.7008340359,19,1,1
202100002250,197Â 762,A01,1,1,1,0,8,0,-1,0,0,-1,2021,24.0,2,2,2,0,3,25,1,,4,LOGES (RUE DES),0,,-1,3,0,1,(1),(1),1,, -1,1,0,1,50,18,12,4,35,35055,2,9,0,6,Rue des Loges,48.08746,-1.62578,4,1,1
202100056381,101Â 122,A01,1,1,1,9,2,0,-1,-1, -1,-1,2021,27.0,1,1,0,2,1,0,1,,3,20,0,,3,4,0,1,1,873,1,, -1,1,0,1,50,1,1,5,91,91377,2,1,0,3,RN20,48.71915,2.29881,22,2,2
202100013228,178Â 094,B01,1,1,1,1,2,6,-1,-1, -1,-1,2021,57.0,2,1,0,2,0,1,1,,4,REPUBLIQUE (BOULEVARD DE LA),0,,2,2,0,1,0,0,1,, -1,1,0,1,50,14,10,1,77,77083,2,3,0,3,REPUBLIQUE (BOULEVARD DE LA),48.85552,2.58493,7,2,2
202100028709,150Â 401,A01,1,1,1,1,2,6,-1,-1, -1,-1,2021,25.0,2,1,0,2,1,17,1,,3,50,0,,2,4,1,1,0,0,1,, -1,1,0,1,50,15,7,1,92,92049,2,1,0,2,BARBES RUE,48.8171845943,2.3301690817,7,2,2
202100015021,174Â 856,A01,1,1,2,0,1,0,-1,0,0,-1,2021,39.0,2,2,0,2,1,26,1,,7,BLUM (AVENUE LEON),0,,2,2,0,1,(1),(1),1,, -1,1,0,1,50,1,10,2,63,63113,2,1,0,2,BLUM (AVENUE LEON),45.76297,3.09932,7,2,2
202100003063,196Â 285,A01,1,1,1,0,8,-1,-1,-1, -1,-1,2021,26.0,0,1,9,0,1,19,0,,9,BERGES DU RHONE (SECT. LYAUTEY),0,,1,1,1,1,(1),(1),1,, -1,1,0,5,50,13,12,5,69,69386,2,1,0,6,BERGES DU RHONE,45.7716065743,4.840888381,20,1,1
202100036572,136Â 342,Z01,10,3,1,0,0,-1,-1,2,3,1,2021,34.0,1,1,0,0,1,17,0,,3,SAINT LEU (ROUTE),0,,2,2,0,1,0,0,1,, -1,1,9,1,50,23,2,5,93,93079,2,1,0,6,SAINT LEU (ROUTE),48.951967764,2.3383698692,19,2,1
202100019392,166Â 965,A01,1,1,2,5,1,-1,-1,0,0,-1,2021,88.0,1,2,13,0,3,14,1,,2,13,-1,,3,4,0,1,49,57,1,, -1,1,0,3,90,13,9,1,50,50599,1,1,0,7,N13 PR49+050,49.574396,-1.578282,12,1,1
202100048775,114Â 583,B01,1,1,2,5,2,6,-1,0,0,-1,2021,28.0,1,1,0,2,0,1,1,,4,AVENUE DU PRESIDENT KENNEDY,0,,2,4,0,1,(1),(1),1,, -1,1,0,1,50,7,3,1,75,75116,2,3,0,3,AVENUE DU PRESIDENT KENNEDY,48.857927,2.287893,12,2,2
202100007719,187Â 961,B01,1,1,1,5,2,-1,-1,0,0,-1,2021,43.0,2,1,0,2,1,1,1,,3,,-1,,2,2,0,1,2,680,1,, -1,1,0,1,50,17,11,4,37,37091,2,6,0,3,18 Av du Colonel Jacques Soufflet,47.3356637867,0.9904915094,20,2,2
202100012641,179Â 117,B01,1,1,1,0,2,-1,-1,-1, -1,-1,2021,20.0,2,1,0,2,2,0,1,,4,LEON BLUM      (Rue),0,,2,2,3,1,(1),(1),1,, -1,1,0,1,50,15,10,5,69,69266,2,5,0,3,LEON BLUM (R),45.7602858286,4.9010280038,20,2,2
202100021763,162Â 725,A01,1,1,1,5,1,-1,-1,-1, -1,-1,2021,71.0,2,2,0,2,1,1,1,,4,EMILE ZOLA (AVENUE),0,,2,1,0,1,(1),(1),1,,"8,2",1,4,1,50,29,3,1,79,79329,2,8,0,2,1 Avenue Emile Zola,46.985623,-0.21134,16,2,2
202100035523,138Â 215,A01,1,1,2,0,1,0,-1,-1, -1,-1,2021,19.0,1,2,0,2,5,12,1,,3,AUXERRE (ROUTE),0,,1,2,0,1,(1),(1),2,, -1,1,0,1,50,8,6,1,10,10333,1,6,0,3,AUXERRE (ROUTE),48.27024,4.05028,16,2,2
202100019951,165Â 972,A01,1,1,1,1,2,-1,-1,0,0,-1,2021,27.0,1,1,0,2,1,1,1,,3,1203,-1,,2,2,0,1,6,995,1,,5,2,0,1,80,10,9,1,74,74062,1,3,1,3,rte d'annecy,45.982795,6.165422,12,2,2
202100032465,143Â 749,A01,10,3,1,3,0,-1,-1,8,9,1,2021,86.0,0,2,0,1,4,4,1,,6,FORESTIE (RUE EDOUARD),0,,-1,-1,0,1,(1),(1),1,, -1,1,0,8,30,23,6,1,82,82121,2,9,0,6,FORESTIE (RUE EDOUARD),44.01279,1.379768,17,2,1
202100054365,104Â 584,A01,10,3,1,0,0,-1,-1,4,3,2,2021,22.0,3,0,0,1,0,15,1,,4,AV DU CHEMIN DE MESLY,0,,2,2,0,1,1,0,1,, -1,1,0,8,50,20,1,5,94,94028,2,3,0,6,Rue de Mesly,48.78,2.46,2,2,1
202100052176,108Â 446,B01,2,2,2,3,2,-1,-1,0,0,-1,2021,18.0,3,1,0,2,6,1,1,,4,13,2,D,2,2,0,2,13,0,1,, -1,2,0,1,50,7,2,1,72,72269,2,1,0,3,Rue de la Perrine,47.919336,0.742037,16,3,2
202100005393,192Â 152,A01,10,3,1,1,0,-1,-1,4,3,1,2021,62.0,0,5,0,1,3,15,1,,3,ALLENDE (AVENUE SALVADOR),0,,2,4,0,1,0,1,1,, -1,2,0,1,50,1,12,5,93,93031,2,2,0,6,ALLENDE (AVENUE SALVADOR),48.9547,2.308,6,2,1
202100041237,127Â 890,B01,1,1,2,1,1,-1,-1,-1,0,-1,2021,39.0,2,2,0,2,4,1,1,,3,RD 170,0,,3,7,0,1,1,0,1,, -1,2,0,1,70,6,5,1,95,95582,1,1,1,4,RD 170,48.9643,2.26809,8,3,3
202100022000,162Â 310,A01,1,1,1,4,1,-1,-1,0,0,-1,2021,42.0,0,2,0,2,3,15,1,,3,6,-1,B,2,2,0,1,14,100,1,, -1,1,0,1,80,30,8,1,24,24269,1,2,0,3,les taches,45.60332,0.855517,10,3,2
202100013484,177Â 632,B01,1,1,1,1,8,-1,-1,-1, -1,-1,2021,34.0,1,1,0,2,1,2,5,,4,LAFAYETTE                           (CO),0,,1,2,2,1,(1),(1),1,, -1,1,0,5,50,13,10,5,69,69383,2,2,0,3,LAFAYETTE (CR),45.76363,4.86206,7,2,2
202100029582,148Â 913,A01,1,1,2,0,2,8,-1,-1, -1,-1,2021,64.0,2,1,0,0,1,1,3,,3,GENEVE (RUE DE),0,,2,3,0,2,0,1,1,, -1,2,4,1,30,10,7,1,74,74133,2,8,0,7,GENEVE (RUE DE),46.19205,6.20824,19,1,1
202100030967,146Â 397,A01,2,2,1,0,1,0,-1,-1, -1,-1,2021,82.0,1,5,0,2,1,2,0,,1,AUTOROUTE A3,0,,3,3,0,1,12,100,1,, -1,1,0,1,90,4,7,1,93,93007,1,1,0,4,AUTOROUTE A3,48.94366,2.47769,16,5,4
202100019330,167Â 074,A01,10,3,1,5,0,-1,-1,3,3,2,2021,75.0,1,2,0,1,1,1,1,,3,ROUTE DE LA CORNICHE,0,,-1,2,0,1,124,1,1,, -1,1,0,1,50,12,9,1,83,83118,2,1,0,6,ROUTE DE LA CORNICHE,43.41516,6.81094,16,2,1
202100016494,172Â 145,B01,1,1,2,5,8,0,-1,-1, -1,-1,2021,12.0,3,1,0,2,7,26,5,,4,KOENIG (AVENUE DU MARECHAL),0,,2,3,0,1,0,0,1,, -1,2,0,1,50,25,9,1,49,49099,2,6,1,3,KOENIG (AVENUE DU MARECHAL),47.05175,-0.84997,16,3,2
202100018591,168Â 405,B01,1,1,1,2,8,0,-1,-1, -1,-1,2021,21.0,1,1,0,2,1,1,5,,4,FOLLETIER  RUE FRANÃOIS DE VAUX,0,,2,2,2,1,(1),(1),1,, -1,1,0,1,50,16,9,1,17,17300,2,2,0,3,FOLLETIER  RUE FRANÃOIS DE VAUX,46.14099,-1.15343,8,2,2
202100020516,164Â 962,B01,1,1,1,5,2,-1,-1,-1, -1,-1,2021,68.0,3,1,0,2,7,9,5,,3,GOLF (RUE DU),0,,2,2,0,1,(1),(1),1,, -1,1,5,1,50,5,9,1,50,50532,2,6,0,3,GOLF (RUE DU),48.79507,-1.56539,17,2,2
202100025749,155Â 658,Z01,10,3,1,5,0,-1,-1,5,1,2,2021,29.0,1,2,0,1,2,14,0,,4,MADRAGUE DE MONTREDON (AVE DE LA) ,0,,2,2,0,1,1,0,1,, -1,1,0,4,50,3,8,5,13,13208,2,1,0,3,MADRAGUE DE MONTREDON (AVE DE LA) ,43.23187,5.35312,2,2,1
202100007661,188Â 056,A01,10,3,2,3,0,-1,-1,2,3,1,2021,17.0,2,2,1,1,2,1,2,,4,AVENUE DAUMESNIL,0,,3,2,0,2,(1),(1),1,, -1,1,0,1,30,17,11,1,75,75112,2,1,0,6,AVENUE DAUMESNIL,48.837476,2.401352,15,2,1
202100037986,133Â 762,A01,2,2,1,5,1,-1,-1,-1, -1,-1,2021,11.0,3,2,0,0,1,26,1,,9,PLAGE AV DE LA,0,,2,2,0,1,(1),(1),1,, -1,1,0,1,50,16,3,2,69,69264,2,1,0,7,PLAGE (DE LA) (AV),45.98363,4.74821,17,3,1
202100020636,164Â 738,A01,1,1,1,5,1,-1,-1,0,0,-1,2021,34.0,1,2,2,0,1,1,1,,3,10,-1,,2,2,0,2,23,60,3,, -1,1,0,1,-1,4,9,3,64,64256,1,1,0,7,Route de Cambo,43.381641,-1.314625,23,1,1
202100017056,171Â 139,A01,1,1,1,4,2,0,-1,0,0,-1,2021,54.0,2,1,0,2,1,1,1,,4,BOULEVARD VOLTAIRE,0,,2,4,0,1,(1),(1),1,, -1,2,0,1,30,25,9,5,75,75111,2,2,1,3,BOULEVARD VOLTAIRE,48.859754,2.376844,21,2,2
202100049033,114Â 111,B01,2,2,2,5,8,0,-1,-1, -1,-1,2021,12.0,2,2,0,2,4,2,1,,1,6,0,,3,3,0,1,10,0,1,, -1,1,0,1,110,6,3,1,91,91689,1,1,0,2,AUTOROUTE A6,48.72496,2.31284,16,4,2
202100015119,174Â 684,A01,1,1,2,9,8,0,-1,0,0,-1,2021,40.0,1,1,0,0,0,1,5,,4,RUE VIEILLE DU TEMPLE,0,,1,0,0,1,(1),(1),1,, -1,2,0,1,30,5,10,2,75,75104,2,3,1,7,RUE VIEILLE DU TEMPLE,48.858449,2.358485,18,1,1
202100000310,201Â 164,A01,2,2,1,5,1,0,-1,-1, -1,-1,2021,26.0,1,2,14,0,1,26,1,,7,GEORGES POMPIDOU (AV ),0,,1,1,0,1,0,0,1,, -1,1,9,4,90,10,7,3,13,13043,1,9,0,7,GEORGES POMPIDOU (AV ),43.39384,5.20262,2,2,1
202100045193,120Â 958,B01,1,1,1,0,2,6,-1,0,0,-1,2021,48.0,1,1,0,2,4,0,1,,3,986,0,D,-1,2,0,1,26,400,1,, -1,2,0,1,90,4,4,1,34,34342,1,1,0,2,D986,43.750761,3.758097,18,2,2
202100046449,118Â 754,B01,1,1,1,5,8,-1,-1,0,0,-1,2021,71.0,2,1,0,2,1,1,5,,3,921,0,,2,2,0,1,69,380,1,, -1,1,0,1,50,28,3,1,45,45193,2,2,0,3,Place de l'Eglise,47.764552,2.021071,9,2,2
202100039049,131Â 834,A01,1,1,1,0,1,0,-1,-1, -1,-1,2021,37.0,1,2,0,2,1,26,1,,1,15,0,,3,8,0,1,4,0,3,, -1,1,0,8,90,20,5,1,92,92036,1,1,0,2,AUTOROUTE A15,48.93793,2.29795,19,2,2
202100013075,178Â 370,B01,1,1,1,0,2,-1,-1,-1, -1,-1,2021,28.0,0,1,0,2,2,1,1,,4,PASTEUR (RUE),0,,2,2,0,1,(1),(1),1,, -1,1,0,1,50,13,10,1,51,51573,2,1,0,3,Rue Pasteur,49.2484750555,4.0004509243,12,4,2
202100025763,155Â 635,A01,1,1,1,1,2,6,-1,0,0,-1,2021,32.0,3,1,0,0,2,9,1,,4,PLACE AUGUSTE BARON,0,,2,3,0,1,(1),(1),3,, -1,1,5,1,50,3,8,1,75,75119,2,7,0,7,PLACE AUGUSTE BARON,48.900103,2.388273,8,1,1
202100044610,121Â 980,B01,1,1,1,9,8,0,-1,-1, -1,-1,2021,12.0,3,0,0,2,8,0,3,,3,DUMAS ALEXANDRE,0,,1,1,1,1,0,0,1,, -1,1,0,1,30,8,4,1,93,93063,2,1,0,1,DUMAS ALEXANDRE,48.87644,2.44051,15,2,2
202100022866,160Â 746,A01,1,1,1,5,2,-1,-1,0,0,-1,2021,69.0,1,1,0,2,6,1,5,,3,93,-1,,2,2,0,2,15,300,3,,3,1,0,1,50,19,8,1,45,45210,2,3,0,3,D93,47.857076,2.824628,17,2,2
202100049001,114Â 165,A01,2,2,2,5,2,6,-1,0,0,-1,2021,51.0,1,1,14,0,7,1,1,,3,76,-1,,2,2,0,1,23,(1),1,, -1,1,0,1,80,7,3,1,22,22181,1,1,1,7,Kerlouet,48.213764,-3.210754,15,2,1
202100028228,151Â 238,A01,1,1,1,0,2,6,9,0,0,-1,2021,52.0,3,1,0,2,3,1,1,,4,1,-1,,2,2,0,1,(1),(1),1,,5,1,0,1,80,20,7,1,27,27682,1,2,0,3,Vesly,49.236949,1.64715,10,2,2
202100034889,139Â 352,A01,1,1,1,5,2,6,-1,0,0,-1,2021,52.0,2,1,0,0,8,1,1,,4,,-1,,2,2,0,2,11,400,1,,"5,5",9,0,1,50,12,6,1,4,4096,1,1,0,7,Route de la Bonette,44.368655,6.787019,17,1,1
202100023642,159Â 364,A01,1,1,1,5,2,-1,-1,0,0,-1,2021,39.0,2,1,0,2,7,3,1,,3,1032,-1,D,2,2,0,1,33,120,1,, -1,1,0,1,90,19,8,1,60,60021,1,2,0,3,D1032,49.594975,3.121308,18,2,2
202100046932,117Â 885,A01,1,1,2,5,1,0,-1,-1, -1,-1,2021,64.0,2,2,0,2,1,2,1,,4,BESANCON (DU 26 AU 72),0,,2,2,0,1,(1),(1),1,, -1,1,0,1,50,23,3,1,25,25462,2,1,0,2,BESANCON (DU 26 AU 72),46.908852,6.349164,11,2,2
202100003975,194Â 644,B01,1,1,1,1,0,-1,-1,-1, -1,-1,2021,28.0,3,1,0,2,1,1,5,,4,PEROLLIER (DU)                          ,0,,1,2,0,1,(1),(1),1,, -1,2,5,1,50,7,12,1,69,69081,2,6,1,3,PEROLLIER (DU) (RDPT),45.78634,4.78308,9,2,2
202100007454,188Â 428,A01,2,2,1,0,8,0,-1,-1, -1,-1,2021,53.0,3,2,8,2,2,23,1,,4,ROBERT DESNOS (PLACE),0,,2,2,0,3,0,0,1,, -1,1,9,1,50,18,11,5,93,93059,2,3,0,3,ROBERT DESNOS (PLACE),48.9719917821,2.3672801256,18,3,2
202100026375,154Â 549,A01,1,1,2,1,2,6,-1,0,0,-1,2021,18.0,2,1,0,2,1,1,1,,3,99,0,,2,2,0,1,9,294,1,, -1,1,0,1,50,30,7,1,44,44069,2,1,0,2,D99 route de la Turballe,47.334286,-2.460508,17,2,2
202100044670,121Â 865,B01,2,2,1,0,2,0,-1,-1, -1,-1,2021,14.0,1,1,0,2,1,1,1,,4,GOLF (AVENUE DU),0,,2,2,0,1,(1),(1),1,, -1,1,0,1,50,8,4,1,64,64189,2,3,0,3,rue FranÃ§ois TURNACO,43.3829768116,-1.6643965244,17,3,2
202100048271,115Â 467,A01,10,3,2,5,0,-1,-1,3,3,1,2021,35.0,2,1,0,1,1,26,0,,4,CHATEAUBRIAND (QUAI),0,,1,1,1,1,(1),(1),1,, -1,1,0,5,30,12,3,1,35,35238,2,1,0,6,CHATEAUBRIAND (QUAI),48.110215,-1.676312,12,2,1
202100034763,139Â 573,B01,1,1,2,0,2,6,-1,-1, -1,-1,2021,44.0,3,1,0,2,8,1,1,,4,LONGS REAGES (RUE DES),0,,2,2,0,1,1,0,1,, -1,1,0,1,50,12,6,1,28,28134,2,2,0,3,LONGS REAGES (RUE DES),48.739271676,1.3349890709,16,2,2
202100015121,174Â 681,A01,10,3,1,5,0,-1,-1,2,3,1,2021,59.0,2,2,0,1,3,1,1,,3,GENERAL DE GAULLE (AV DU),0,,2,2,0,1,1,0,1,, -1,2,0,1,50,5,10,1,94,94067,2,1,0,6,GENERAL DE GAULLE (AV DU),48.8404402284,2.4176230429,13,2,1
202100048164,115Â 656,A01,10,3,1,4,0,-1,-1,1,3,1,2021,24.0,2,2,0,1,1,1,1,,4,,0,,1,1,0,2,0,0,1,, -1,2,0,1,30,13,3,1,92,92022,2,1,1,6,CARNOT (RUE),48.8104472545,2.1902422607,13,2,1
202100013745,177Â 140,A01,1,1,1,9,0,-1,-1,0,0,-1,2021,35.0,1,2,0,2,1,13,1,,3,925,-1,,2,2,0,1,14,750,1,, -1,1,0,1,80,13,10,1,80,80190,1,1,0,1,D 925,50.084959,1.657133,15,2,2
202100027638,152Â 317,B01,1,1,1,5,2,-1,-1,0,0,-1,2021,57.0,2,1,0,2,2,17,1,,3,999,0,D,2,2,0,1,41,300,1,, -1,1,9,8,80,22,7,1,30,30182,1,1,0,3,d999,43.860184,4.161973,8,2,2
202100053054,106Â 890,A01,1,1,1,1,8,0,-1,-1, -1,-1,2021,29.0,3,0,0,2,1,1,3,,4,SAINT-HELIER,0,,2,4,2,1,(1),(1),1,, -1,2,5,1,50,30,1,5,35,35238,2,5,1,1,SAINT-HELIER,48.10562,-1.66596,20,2,2
202100036593,136Â 296,B01,1,1,1,5,1,0,-1,-1, -1,-1,2021,70.0,3,2,0,2,4,1,1,,4,DE GAULLE (AVENUE CHARLES),0,,3,4,1,1,0,1,1,, -1,2,9,1,50,2,6,1,74,74012,2,2,1,2,DE GAULLE (AVENUE CHARLES),46.18627,6.24773,11,2,2
202100021243,163Â 685,A01,3,2,1,0,1,0,-1,-1, -1,-1,2021,20.0,1,2,8,2,7,1,1,,4,VALMY RUE DE,0,,1,3,1,1,(1),(1),1,, -1,1,5,1,30,2,9,5,59,59350,2,2,0,3,VALMY RUE DE,50.62938,3.06356,2,5,2
202100021681,162Â 879,A01,1,1,1,4,1,-1,-1,0,0,-1,2021,28.0,1,2,0,2,1,2,1,,1,6,0,,3,5,0,1,368,100,1,, -1,1,0,1,130,31,8,1,71,71305,1,1,0,2,"Autoroute A6, PK 368+100, sens PARIS/LYON",46.477258,4.887467,18,3,2
202100035821,137Â 676,A01,1,1,2,5,1,-1,-1,0,0,-1,2021,19.0,3,2,6,0,2,15,1,,3,322,-1,,2,2,0,1,1,300,4,, -1,1,2,1,80,9,6,3,7,7260,2,1,0,6,,44.69634,4.718006,3,2,1
202100019198,167Â 309,B01,1,1,1,5,1,0,-1,0,0,-1,2021,23.0,2,2,0,2,6,23,2,,4,AVENUE DU PRESIDENT WILSON,0,,3,3,3,1,(1),(1),1,, -1,1,0,6,30,12,9,5,75,75116,2,1,0,2,AVENUE DU PRESIDENT WILSON,48.86488,2.297792,5,3,2