Num_Acc,id_vehicule,num_veh,place,catu,sexe,trajet,secu1,secu2,secu3,locp,actp,etatp,year_acc,victim_age,senc,catv,obs,obsm,choc,manv,motor,occutc,catr,voie,v1,v2,circ,nbv,vosp,prof,pr,pr1,plan,lartpc,larrout,surf,infra,situ,vma,jour,mois,lum,dep,com,agg_,int,atm,col,adr,lat,long,hour,nb_victim,nb_vehicules
202100047541,116Â 787,B01,1,1,1,4,2,0,-1,-1, -1,-1,2021,20.0,2,1,0,0,2,1,1,,3,VICTOR HUGO (AVE)  131 A 165,0,,2,2,0,1,0,1,1,, -1,2,0,1,50,18,3,5,93,93001,2,1,1,3,VICTOR HUGO (AVE)  131 A 165,48.9095332019,2.3784734882,20,2,2
202100047558,116Â 758,C01,1,1,2,5,8,-1,-1,0,0,-1,2021,32.0,2,2,0,0,4,23,1,,3,933,-1,,2,2,0,1,56,563,1,, -1,1,0,1,70,19,3,1,1,1263,1,1,0,4,D933,46.0714306292,4.7704307735,12,6,3
202100055481,102Â 679,A01,1,1,1,3,2,0,-1,-1, -1,-1,2021,24.0,1,1,0,0,0,1,1,,4,MOULIN BOULEVARD,0,,-1,2,0,1,1,0,1,, -1,1,0,1,50,11,1,1,49,49007,2,6,0,7,MOULIN BOULEVARD,47.49206,-0.55097,11,2,1
202100041491,127Â 442,B01,1,1,1,0,2,8,-1,-1, -1,-1,2021,47.0,1,1,0,2,1,1,1,,4,cavani-Briquetterie ( rue de la ),0,,2,1,0,2,0,0,1,, -1,1,0,1,50,3,5,1,976,97611,2,3,0,3,Boulevard Younoussa Bamana,-12.78256,45.22355,15,2,2
202100014217,176Â 281,A01,10,3,1,5,0,-1,-1,5,1,1,2021,51.0,1,2,0,2,7,17,1,,3,GENERAL LECLERC (AV DU),0,,3,4,0,1,0,0,1,, -1,1,0,1,50,9,10,1,94,94046,2,1,0,6,GENERAL LECLERC (AV DU),48.8141,2.42528,18,4,2
202100053965,105Â 292,Z01,10,3,1,9,8,8,-1,4,3,3,2021,53.0,1,1,0,1,0,1,0,,4,AVENUE CLAUDE VELLEFAUX,0,,1,1,0,1,(1),(1),1,, -1,2,0,1,50,23,1,5,75,75110,2,7,0,6,AVENUE CLAUDE VELLEFAUX,48.877625,2.370282,17,2,1
202100054098,105Â 047,A01,1,1,1,4,2,6,-1,0,0,-1,2021,40.0,3,1,0,2,1,18,3,,4,AVENUE DE LA PORTE DE VINCENNES,0,,2,6,1,2,(1),(1),1,, -1,1,0,1,50,22,1,1,75,75120,2,2,0,3,AVENUE DE LA PORTE DE VINCENNES,48.846705,2.415874,11,2,2
202100023012,160Â 493,A01,2,2,1,0,1,0,-1,-1, -1,-1,2021,12.0,2,2,4,2,2,17,1,,2,ROUTE NATIONALE 1,0,,-1,4,0,2,4,300,1,, -1,1,0,1,70,25,7,3,972,97213,1,1,0,2,ROUTE NATIONALE 1,14.61916,-61.00149,21,7,2
202100040189,129Â 763,B01,1,1,1,5,8,0,-1,-1, -1,-1,2021,27.0,1,1,1,2,7,17,5,,4,SAINT-HELIER,0,,2,2,1,1,(1),(1),1,, -1,1,0,1,30,12,5,5,35,35238,2,1,0,3,SAINT-HELIER,48.10623,-1.66751,6,2,2
202100027392,152Â 751,B01,1,1,2,4,2,0,-1,-1, -1,-1,2021,28.0,2,1,0,2,8,1,1,,4,PAUL DEROULEDE (R),0,,1,1,0,1,0,0,1,, -1,1,0,1,30,23,7,1,94,94068,2,3,0,3,PAUL DEROULEDE (R),48.78954,2.48352,17,2,2
202100031093,146Â 165,A01,2,2,2,5,2,0,-1,-1, -1,-1,2021,17.0,2,1,12,0,7,1,1,,3,ERMITAGE (AVENUE DE L'),0,,2,2,0,2,2,39,1,, -1,1,0,1,50,2,7,1,43,43089,2,1,0,6,42 Avenue de lââHermitage,45.05506,3.86469,15,2,1
202100020644,164Â 728,A01,1,1,1,0,2,-1,-1,0,0,-1,2021,20.0,1,1,3,0,1,13,1,,2,12,-1,,3,4,0,2,76,922,1,, -1,1,0,1,110,14,7,1,35,35275,1,1,0,6,N12,48.169706,-1.88055,8,1,1
202100034434,140Â 183,A01,1,1,1,4,2,6,-1,0,0,-1,2021,19.0,2,1,1,0,8,14,1,,4,RUE BOUSSINGAULT,0,,2,2,0,1,(1),(1),1,, -1,1,0,1,30,13,6,2,75,75113,2,1,0,6,RUE BOUSSINGAULT,48.825687,2.342671,21,1,1
202100054506,104Â 345,A01,1,1,2,3,1,-1,-1,0,0,-1,2021,38.0,1,2,7,0,0,13,1,,3,993,0,,2,2,0,1,46,250,2,, -1,1,0,3,80,19,1,1,12,12243,1,1,0,6,RD 993,44.015079,2.93557,14,1,1
202100029199,149Â 559,B01,1,1,1,5,1,-1,-1,0,0,-1,2021,64.0,1,2,0,2,1,1,1,,3,922,-1,,2,2,0,2,23,750,2,, -1,2,0,1,80,13,7,1,12,12259,1,1,1,1,Lieu Dit Puech de Vialelles,44.3083607363,2.0364689824,19,2,2
202100032257,144Â 105,B01,1,1,1,0,2,0,-1,-1, -1,-1,2021,66.0,3,1,0,2,2,0,0,,3,ANSE (route d'),0,,1,1,0,1,25,900,2,, -1,1,0,1,50,25,6,1,69,69115,1,6,0,1,ANSE (D') (RTE),45.97315,4.71726,10,2,2
202100002274,197Â 719,B01,1,1,2,5,2,6,-1,0,0,-1,2021,32.0,3,1,0,2,0,21,1,,4,PONT ALEXANDRE III,0,,2,6,1,1,(1),(1),1,, -1,1,2,1,30,17,12,5,75,75108,2,2,0,3,PONT ALEXANDRE III,48.864667,2.313663,17,3,2
202100020902,164Â 288,B01,2,2,1,5,1,-1,-1,0,0,-1,2021,64.0,2,2,4,0,7,23,1,,1,8,-1,,3,3,0,1,111,700,1,, -1,1,0,1,130,4,9,3,83,83004,1,1,0,4,A8,43.44259,6.486268,21,9,3
202100014468,175Â 842,A01,2,2,2,5,2,6,-1,0,0,-1,2021,58.0,2,1,0,2,2,17,1,,3,919,-1,D,2,2,0,1,2,545,1,, -1,1,0,1,80,9,10,1,76,76738,1,1,1,3,D919,49.582504,1.303639,11,3,2
202100016972,171Â 282,B01,1,1,1,0,0,-1,-1,0,0,-1,2021,16.0,3,1,0,2,1,5,5,,4,RICHEMOND (BOULEVARD),0,,1,2,1,1,1,0,1,, -1,1,0,5,50,22,9,1,14,14118,2,9,0,3,RICHEMOND (BOULEVARD),49.19072,-0.3759,17,2,2
202100021560,163Â 099,A01,1,1,1,0,1,4,-1,-1, -1,-1,2021,36.0,1,2,0,2,8,1,1,,1,AUTOROUTE A86,0,,1,2,0,1,49,849,1,, -1,1,0,1,70,1,9,1,94,94034,1,1,0,3,AUTOROUTE A86,48.75623,2.34158,8,2,2
202100041906,126Â 712,A01,1,1,1,0,2,-1,-1,-1, -1,-1,2021,21.0,3,1,0,2,3,26,1,,4,TOULOUSE (AVENUE DE,0,,1,1,0,1,(1),(1),1,, -1,1,0,1,50,29,4,1,34,34172,2,9,0,2,TOULOUSE (AVENUE DE),43.58784,3.8543,19,2,2
202100037982,133Â 769,B01,1,1,1,1,2,8,-1,-1, -1,-1,2021,52.0,2,1,0,2,1,0,1,,4,RENE CASSIN (RUE),0,,2,2,0,1,(1),(1),1,, -1,1,0,1,50,26,5,1,71,71445,1,1,0,3,RENE CASSIN (RUE),46.7725371694,4.8682812572,11,2,2
202100021687,162Â 869,A01,2,2,2,0,2,-1,-1,0,0,-1,2021,65.0,0,1,4,0,1,1,1,,5,VNF,-1,,2,2,0,1,(1),(1),1,, -1,1,9,1,-1,1,9,1,67,67106,1,1,0,6,route de la VNF,48.741163,7.964616,16,2,1
202100016996,171Â 241,A01,1,1,2,0,2,6,-1,0,0,-1,2021,26.0,2,1,0,0,1,1,1,,3,MARIGARDE (ROUTE DE LA),0,,2,2,0,1,20,412,2,, -1,1,0,1,50,25,9,1,6,6069,2,1,0,7,MARIGARDE (ROUTE DE LA),43.654218,6.937595,13,1,1
202100042359,125Â 909,A01,1,1,2,1,2,0,-1,0,0,-1,2021,28.0,1,1,0,0,0,1,5,,4,QUAI D ORSAY,0,,2,4,0,1,(1),(1),1,, -1,1,0,1,50,15,4,1,75,75107,2,3,0,7,QUAI D ORSAY,48.862779,2.311658,17,1,1
202100055887,101Â 979,A01,1,1,2,1,2,0,-1,-1, -1,-1,2021,48.0,2,1,0,2,1,3,1,,1,A86 EXT,0,,-1,4,0,1,38,0,1,, -1,1,0,1,90,8,1,2,94,94028,1,1,0,2,A86 EXT,48.799837147,2.4462785908,8,2,2
202100032769,143Â 201,A01,1,1,1,4,1,-1,-1,0,0,-1,2021,55.0,2,2,0,0,0,14,1,,1,A28,-1,,3,4,0,2,125,900,2,, -1,1,0,3,130,23,6,1,72,72290,1,1,0,7,"pk 125+900, A28",48.165495,0.142468,16,1,1
202100005176,192Â 529,B01,1,1,1,1,2,-1,-1,0,0,-1,2021,18.0,1,1,0,2,1,1,1,,3,24,-1,D,2,2,0,1,18,10,1,, -1,2,0,1,80,1,12,2,30,30027,1,1,0,3,,44.0693,4.070299,17,2,2
202100003910,194Â 767,A01,10,3,2,5,0,-1,-1,1,1,2,2021,75.0,2,5,0,1,2,14,1,,4,,-1,,2,1,0,4,(1),(1),3,,3,1,0,3,50,9,12,1,78,78082,1,1,1,6,Rue des Tilleuls,48.967304,1.580111,15,3,1
202100032194,144Â 217,A01,2,2,1,5,8,-1,-1,0,0,-1,2021,22.0,1,2,0,2,1,26,1,,3,2020,-1,,2,2,0,1,2,(1),1,, -1,1,0,1,90,18,6,1,28,28319,1,2,0,1,D2020,48.27878,1.977582,21,5,2
202100050858,110Â 772,B01,1,1,1,5,1,-1,-1,-1, -1,-1,2021,58.0,1,2,0,2,1,2,1,,4,PIERRE SEMARD                       (AV),0,,3,2,0,1,(1),(1),1,, -1,1,0,1,50,19,2,1,69,69259,2,1,0,2,PIERRE SEMARD (AV),45.7091225446,4.8759586351,10,2,2
202100036121,137Â 117,A01,1,1,1,5,2,-1,-1,0,0,-1,2021,40.0,3,1,0,2,1,2,1,,3,133,-1,D,2,2,0,3,(1),(1),1,, -1,1,0,1,50,6,6,1,40,40065,2,1,0,1,Avenue du MarÃ©chal Foch,43.645571,-1.416743,16,2,2
202100029454,149Â 134,B01,1,1,1,5,8,0,-1,-1, -1,-1,2021,25.0,3,1,0,2,1,1,3,,4,,0,,2,2,0,4,0,0,3,, -1,1,0,1,50,11,7,1,92,92048,2,1,0,3,Rue de Paris,48.817431875,2.2486916184,18,2,2
202100029353,149Â 300,A01,2,2,2,0,8,-1,-1,0,0,-1,2021,44.0,2,2,0,2,1,1,1,,3,957,0,,2,2,0,1,7,384,2,, -1,2,0,1,80,13,7,1,41,41091,1,1,1,1,D957,47.637562,1.282504,11,4,2
202100008300,186Â 885,B01,1,1,1,5,2,-1,-1,0,0,-1,2021,44.0,1,1,0,2,1,26,1,,3,311,0,D,2,1,0,2,17,980,1,, -1,2,0,1,90,14,11,1,72,72137,2,9,1,3,le buisson,48.4063289717,0.1900076864,14,4,2
202100035961,137Â 403,B01,1,1,1,0,8,0,-1,-1, -1,-1,2021,36.0,1,1,0,2,0,0,3,,4,CARNOT (AV.) DE 1 A 57,0,,-1,0,0,1,1,0,1,, -1,1,0,5,30,7,6,1,93,93010,2,3,0,1,CARNOT (AV.) DE 1 A 57,48.90125,2.482,12,2,2
202100052839,107Â 273,A01,1,1,2,0,1,-1,-1,0,0,-1,2021,34.0,2,2,0,2,1,13,1,,3,,-1,,2,2,0,2,(1),(1),1,, -1,1,0,1,70,2,2,1,971,97128,1,1,0,1,Route de FouchÃ©,16.243048,-61.395991,8,2,2
202100010446,183Â 051,B01,1,1,2,3,1,-1,-1,0,0,-1,2021,38.0,2,2,0,2,7,1,1,,3,120,-1,,2,2,0,4,0,5,1,, -1,1,5,1,80,29,10,1,35,35218,1,2,0,3,Le Pont,47.927048,-1.616825,17,3,2
202100045612,120Â 202,A01,10,3,1,0,0,-1,-1,3,3,1,2021,13.0,1,1,0,1,1,14,1,,7,NATIONALE 8,0,,-1,2,0,1,(1),(1),1,, -1,1,0,4,50,1,4,1,13,13005,2,1,0,6,NATIONALE 8,43.2870092221,5.5843212531,13,2,1
202100055260,103Â 047,A01,1,1,1,1,1,-1,-1,0,0,-1,2021,45.0,1,2,0,6,1,1,1,,2,2,-1,,3,4,0,1,6,0,1,, -1,2,0,1,110,13,1,3,60,60619,1,1,1,6,ROUTE NATIONALE 2,49.1161430576,2.7757714428,21,1,1
202100039486,131Â 027,B01,1,1,2,0,1,0,-1,-1, -1,-1,2021,25.0,1,2,0,2,4,23,1,,3,"""PAUL VAILLANT COUTURIER (AVENUE """"DU 01",0,,2,2,0,1,0,1,1,, -1,1,0,1,50,18,5,1,93,93007,2,1,0,2,"""PAUL VAILLANT COUTURIER (AVENUE """"DU 01",48.9263858449,2.4689412117,9,2,2
202100023001,160Â 513,A01,1,1,1,1,2,0,-1,-1, -1,-1,2021,48.0,3,1,0,2,1,9,3,,4,LABAT (RUE DU DOCTEUR),0,,-1,0,3,1,(1),(1),1,, -1,1,8,1,50,4,5,1,82,82121,2,6,0,3,LABAT (RUE DU DOCTEUR),44.02718,1.34453,13,2,2
202100010369,183Â 173,B01,1,1,1,9,1,-1,-1,-1, -1,-1,2021,21.0,-1,0,0,2,0,0,0,,3,GABRIEL-PERI (AV),0,,-1,2,0,1,0,1,1,, -1,2,0,1,50,29,10,5,93,93070,2,9,1,3,GABRIEL-PERI (AV),48.91137,2.3337,20,2,2
202100005083,192Â 687,B01,1,1,1,3,1,-1,-1,0,0,-1,2021,72.0,1,2,0,2,8,1,1,,3,PARIS (ROUTE DE),0,,2,2,0,2,0,0,4,, -1,2,0,1,70,1,12,2,14,14366,2,1,1,6,D613,49.147,0.24392,16,3,2
202100019799,166Â 260,C01,2,2,2,0,2,-1,-1,0,0,-1,2021,75.0,2,1,0,2,1,0,1,,3,728,-1,,2,2,3,1,23,510,1,, -1,1,9,1,80,11,9,1,17,17406,1,3,0,4,D728,45.7635171851,-0.9810257365,13,4,3
202100008683,186Â 217,A01,10,3,1,0,0,-1,-1,4,3,1,2021,14.0,1,5,0,1,3,1,1,,7,GEORGES CLEMENCEAU                  (QU),0,,2,2,0,1,0,1,1,, -1,1,0,1,50,8,11,1,69,69034,2,1,0,6,GEORGES CLEMENCEAU (Q),45.80724,4.84375,15,2,1
202100005698,191Â 616,A01,1,1,1,4,1,-1,-1,0,0,-1,2021,52.0,2,3,6,0,1,1,1,1.0,3,307,0,,3,4,0,1,13,800,1,, -1,1,1,1,90,29,11,1,78,78455,1,1,0,6,Route Nationale 307,48.843565,2.056653,16,1,1
202100037892,133Â 932,A01,2,2,2,5,2,-1,-1,0,0,-1,2021,16.0,2,1,12,0,3,15,1,,3,25,-1,D,2,2,0,1,40,155,1,, -1,1,0,4,50,26,5,1,81,81101,2,7,0,7,D25,44.010588,2.167284,17,2,1
202100044463,122Â 216,B01,1,1,1,0,1,0,-1,-1, -1,-1,2021,47.0,1,2,0,2,3,0,1,,4,DOUBS DE (DU 0 AU 24),0,,2,2,0,1,(1),(1),1,, -1,1,5,1,50,9,4,1,25,25462,2,2,0,3,DOUBS DE (DU 0 AU 24),46.9099,6.355,11,5,2
202100035910,137Â 501,A01,1,1,1,1,2,6,-1,-1, -1,-1,2021,23.0,1,1,0,2,1,2,1,,3,JAURES (PLACE JEAN),0,,3,4,0,1,26,5,1,, -1,1,5,1,50,4,6,1,50,50129,2,2,0,2,JAURES (PLACE JEAN),49.63389,-1.62255,14,2,2
202100012135,180Â 022,B01,1,1,1,0,2,0,-1,-1, -1,-1,2021,53.0,2,1,0,2,2,1,1,,1,A13,0,,1,4,0,1,10,880,1,, -1,2,0,1,110,20,10,1,78,78126,1,1,1,3,A13,48.838598,2.121817,8,2,2
202100026028,155Â 156,A01,1,1,2,5,2,6,-1,0,0,-1,2021,28.0,1,6,8,0,1,1,1,,3,D202,2,E,2,2,0,1,1,500,1,, -1,2,0,3,50,1,8,4,17,17376,1,1,1,6,Route de la FerandiÃ¨re,46.24746,-1.0417,4,2,1
202100055929,101Â 906,A01,1,1,1,1,2,6,-1,-1, -1,-1,2021,31.0,3,1,0,0,0,26,1,,4,GUITON   AVENUE JEAN (343-371),0,,-1,1,0,1,(1),(1),1,, -1,1,0,1,50,7,1,5,17,17300,2,6,0,7,GUITON   AVENUE JEAN (343-371),46.15977,-1.19789,21,1,1
202100025879,155Â 427,A01,1,1,1,0,8,0,-1,-1, -1,-1,2021,22.0,1,1,0,2,1,17,1,,4,LAENNEC (RUE),0,,2,2,0,2,1,0,2,, -1,1,0,1,50,1,8,1,93,93064,2,9,0,3,Rue LaÃ«nnec,48.878085,2.497837,21,2,2
202100049692,112Â 919,A01,10,3,2,0,0,-1,-1,3,3,1,2021,86.0,0,2,0,1,1,1,1,,4,,-1,,2,2,0,1,(1),(1),1,,"5,5",1,6,1,50,28,2,1,51,51649,2,1,0,7,Rue Aristide Briand,48.724519,4.584262,9,2,1
202100054643,104Â 118,A01,1,1,2,9,1,-1,-1,0,0,-1,2021,67.0,2,2,13,0,1,1,1,,2,5,-1,,2,2,0,2,20,50,3,, -1,1,0,3,80,19,1,1,974,97424,1,1,0,6,RN5 PK 20.050,-21.188983,55.451174,6,2,1
202100055316,102Â 953,A01,1,1,1,4,2,0,-1,-1, -1,-1,2021,19.0,3,1,0,0,8,15,3,,4,BORDIERS (RUE DES),0,,1,1,0,1,(1),(1),2,, -1,1,5,1,30,11,1,5,37,37214,2,6,0,7,BORDIERS (RUE DES),47.41897,0.67373,20,1,1
202100005635,191Â 716,B01,1,1,1,9,2,0,-1,0,0,-1,2021,29.0,2,1,0,2,3,18,5,,4,RUE GAY LUSSAC,0,,2,2,0,1,(1),(1),1,, -1,1,0,1,30,29,11,1,75,75105,2,1,0,3,RUE GAY LUSSAC,48.84338,2.342505,9,2,2
202100037894,133Â 929,A01,1,1,1,5,2,-1,-1,0,0,-1,2021,42.0,2,1,1,0,1,14,5,,3,809,0,,2,2,0,1,62,700,2,, -1,1,0,3,90,26,5,1,12,12145,1,1,0,6,D809 ,44.020711,3.147787,18,1,1
202100043470,123Â 958,A01,1,1,1,4,1,0,-1,-1, -1,-1,2021,62.0,2,5,1,0,2,2,0,,3,BD DE STALINGRAD ,0,,1,2,0,1,1,0,1,, -1,1,0,1,50,19,4,1,94,94081,2,1,0,6,Boulevard de Stalingrad,48.798,2.382,16,1,1
202100005282,192Â 344,B01,1,1,2,0,1,0,-1,0,0,-1,2021,69.0,3,2,0,2,6,0,1,,7,JOUHAUX (BD LEON),0,,2,2,0,1,(1),(1),1,, -1,1,0,1,50,29,11,1,63,63113,2,5,0,3,JOUHAUX (BD LEON),45.80014,3.11244,10,2,2
202100014245,176Â 227,A01,1,1,2,9,2,6,-1,0,0,-1,2021,16.0,3,1,0,0,8,1,1,,4,4,-1,,2,2,0,2,(1),(1),1,, -1,6,0,1,80,9,10,1,71,71483,1,1,0,7,Montgelly,46.3135249763,4.2862528438,15,1,1
202100036139,137Â 087,B01,1,1,1,5,2,-1,-1,0,0,-1,2021,54.0,1,1,0,2,1,18,5,,3,33,0,D,2,2,0,1,66,661,1,, -1,1,0,1,50,6,6,1,44,44129,2,3,0,3,Place de l Eglise,47.437801,-2.088137,10,2,2
202100034551,139Â 964,A01,10,3,1,5,0,-1,-1,1,3,2,2021,4.0,1,2,0,1,1,1,1,,4,COURTOIS (CHEMIN IRENE),0,,2,2,0,1,14,0,1,, -1,1,9,1,50,13,6,1,974,97416,1,1,0,6,COURTOIS (CHEMIN IRENE),-21.35652,55.51678,15,2,1
202100028560,150Â 668,A01,1,1,1,4,1,-1,-1,0,0,-1,2021,30.0,2,2,0,2,2,17,1,,3,820,-1,,2,2,0,1,66,694,1,, -1,1,9,1,80,17,7,1,31,31145,1,1,0,3,D820 - PK66+900,43.288999,1.537228,19,4,2
202100041646,127Â 164,A01,10,3,2,0,0,-1,-1,1,3,1,2021,19.0,1,1,0,1,1,1,1,,2,kaweni-Archipel (avenue de l'),0,,2,0,0,1,0,0,1,, -1,1,0,1,50,28,4,5,976,97611,2,1,0,6,kaweni-Archipel (avenue de l'),-12.77032,45.22362,21,2,1
202100025299,156Â 437,B01,1,1,2,0,2,-1,-1,-1, -1,-1,2021,46.0,1,1,0,2,8,1,5,,4,,0,,2,2,0,1,(1),(1),1,, -1,1,0,1,50,6,8,1,33,33529,2,1,0,6,Rue du Port,44.63693,-1.14459,15,3,3
202100004111,194Â 390,A01,1,1,1,9,2,6,-1,0,0,-1,2021,29.0,1,1,1,2,2,17,1,,4,RUE BROCHANT,0,,2,2,0,1,(1),(1),1,, -1,1,0,1,30,8,12,1,75,75117,2,2,0,3,RUE BROCHANT,48.888413,2.31728,9,2,2
202100050950,110Â 607,A01,1,1,1,0,2,0,-1,-1, -1,-1,2021,21.0,1,1,0,2,1,0,1,,3,DE PRESSENSE FRANCIS,0,,1,4,0,1,0,1,1,, -1,1,0,1,50,19,2,1,93,93066,2,1,0,3,DE PRESSENSE FRANCIS,48.9244,2.37315,14,2,2
202100033874,141Â 210,Z01,10,3,2,5,0,-1,-1,5,9,3,2021,32.0,1,1,0,1,1,1,3,,4,VOIE GEORGES POMPIDOU,0,,-1,2,3,1,(1),(1),1,, -1,1,6,4,30,14,6,5,75,75101,2,1,0,6,VOIE GEORGES POMPIDOU,48.857865,2.344745,0,3,1
202100024464,157Â 942,B01,1,1,1,5,2,-1,-1,0,0,-1,2021,37.0,2,1,0,2,8,13,5,,3,18,-1,,2,2,0,2,0,500,1,, -1,1,0,1,80,13,8,1,9,9334,1,1,0,3,Route du Port de l'hers,42.772912,1.489871,9,2,2
202100055483,102Â 677,A01,1,1,1,0,1,0,-1,-1, -1,-1,2021,22.0,3,2,3,0,1,1,1,,4,RAMON BOULEVARD,0,,-1,2,0,1,1,0,1,, -1,1,0,1,50,10,1,2,49,49007,2,1,0,7,RAMON BOULEVARD,47.48675,-0.53942,8,1,1
202100004726,193Â 330,B01,1,1,1,0,8,0,-1,-1, -1,-1,2021,11.0,3,1,0,2,1,1,5,,4,ARC JEANNE D' (RUE),0,,1,1,0,1,0,0,1,, -1,1,0,1,50,2,12,1,72,72181,2,1,0,3,ARC JEANNE D' (RUE),48.00171,0.20936,12,2,2
202100030322,147Â 563,B01,1,1,1,0,8,0,-1,-1, -1,-1,2021,35.0,1,1,0,2,4,2,0,,4,MAHATMA GANDHY - RIV. DES GALETS,0,,2,2,1,2,0,0,1,, -1,1,0,5,70,6,7,1,974,97407,1,1,0,2,MAHATMA GANDHY - RIV. DES GALETS,-20.95301,55.32457,10,2,2
202100006456,190Â 254,B01,1,1,1,1,2,0,-1,0,0,-1,2021,62.0,2,1,0,2,7,3,1,,4,PORTE MAILLOT,0,,-1,4,0,1,16,200,1,, -1,1,0,1,70,23,11,1,75,75116,2,1,0,3,PORTE MAILLOT,48.877753,2.280184,8,2,2
202100003090,196Â 238,B01,1,1,2,1,2,-1,-1,-1, -1,-1,2021,26.0,2,0,0,2,0,1,3,,3,BOINTON  R,0,,2,2,0,1,2,100,1,, -1,2,0,1,50,13,12,5,69,69264,2,6,0,3,BURDEAU (BD),45.9953,4.72064,7,2,2
202100021272,163Â 632,A01,1,1,1,0,2,0,-1,-1, -1,-1,2021,48.0,1,1,0,2,1,17,0,,4,MARÃCHAL DE LATTRE (AVENUE),0,,2,3,0,1,0,0,1,, -1,1,0,1,50,2,9,1,13,13209,2,1,0,5,MARÃCHAL DE LATTRE (AVENUE),43.2459168041,5.4173980125,11,3,3
202100047335,117Â 155,A01,10,3,1,5,0,-1,-1,6,9,1,2021,42.0,1,2,0,1,1,15,1,,4,FOURNEYRON (BENOIT),0,,2,1,0,1,(1),(1),2,, -1,1,0,1,30,17,3,1,66,66136,2,1,0,6,FOURNEYRON (BENOIT),42.68523,2.86374,13,2,1
202100049260,113Â 708,B01,1,1,1,2,2,-1,-1,-1, -1,-1,2021,16.0,2,1,0,2,1,1,1,,4,MENDES-FRANCE (RUE PIERRE),0,,2,2,1,1,(1),(1),1,, -1,1,9,5,50,2,3,1,33,33249,2,3,0,3,Rue Pierre Mendes-France,44.87986,-0.51362,17,2,2
202100012391,179Â 560,B01,1,1,2,0,1,0,-1,-1, -1,-1,2021,57.0,2,2,0,2,3,2,1,,2,MEZZAVIA ROUTE DE,0,,2,2,0,1,(1),(1),1,, -1,1,0,1,50,18,10,1,201,201004,2,1,0,4,MEZZAVIA ROUTE DE,41.9498677344,8.7706072106,8,3,3
202100044467,122Â 208,A01,1,1,1,5,1,0,-1,-1, -1,-1,2021,45.0,2,2,0,2,1,2,1,,4,ANTOINE DEL BELLO (RUE),0,,1,1,0,1,(1),(1),1,, -1,2,0,1,50,10,4,5,13,13210,2,1,1,2,ANTOINE DEL BELLO (RUE),43.28179,5.41192,21,3,2
202100047511,116Â 836,A01,10,3,1,2,0,-1,-1,2,3,1,2021,14.0,2,5,0,1,3,1,1,,4,PRADO (AVENUE DU),0,,2,6,3,1,0,0,1,, -1,1,0,1,50,18,3,1,13,13208,2,1,0,3,PRADO (AVENUE DU),43.26541962,5.3802530169,17,2,1
202100029097,149Â 738,A01,10,3,2,0,0,-1,-1,4,3,1,2021,19.0,2,2,0,1,1,1,1,,4,LENINGRAD (BD DE),0,,3,8,1,1,95,1000,1,, -1,2,2,1,50,12,7,1,76,76351,1,2,1,6,Boulevard de LÃ©ningrad,49.50024,0.17102,10,2,1
202100055582,102Â 505,A01,1,1,1,5,1,-1,-1,0,0,-1,2021,69.0,2,2,13,0,1,1,1,,3,737,-1,,2,2,0,2,26,(1),2,"6,8", -1,7,0,3,80,11,1,1,79,79064,1,1,0,6,,46.20324,-0.094285,9,1,1
202100038015,133Â 710,B01,1,1,1,5,2,6,-1,-1, -1,-1,2021,25.0,1,1,0,2,4,1,1,,1,VA008432 LANGLADE A620 Sortie 25,0,,1,3,0,1,11,505,1,, -1,1,0,1,90,27,5,1,31,31555,2,1,0,2,VA008432 LANGLADE A620 Sortie 25,43.56965,1.42423,14,2,2
202100039886,130Â 293,A01,9,2,2,0,1,-1,-1,0,0,-1,2021,21.0,1,2,13,0,0,1,1,,3,910,-1,,3,4,0,2,51,0,1,, -1,2,0,1,90,15,5,3,78,78506,1,1,0,6,RD 910,48.512809,1.804075,23,3,1
202100021713,162Â 827,B01,1,1,1,5,2,-1,-1,0,0,-1,2021,42.0,1,1,3,2,3,1,1,,3,6202,-1,,2,2,0,1,59,500,3,, -1,1,0,1,70,31,8,1,6,6099,1,1,0,5,D6202,43.953458,6.918561,17,5,5
202100032778,143Â 184,A01,10,3,1,5,0,-1,-1,3,3,1,2021,12.0,3,2,0,1,1,1,1,,4,,-1,,1,2,0,1,(1),(1),1,,4,1,0,1,50,24,6,1,78,78321,2,1,0,6,4 Rue Saint-FrÃ©dÃ©ric,48.80279,1.900785,14,2,1
202100008436,186Â 660,B01,1,1,1,1,2,8,-1,-1, -1,-1,2021,46.0,1,1,0,2,7,1,1,,3,BADUEL (ROUTE DE),0,,2,2,0,1,3,400,1,, -1,1,9,1,50,10,11,1,973,97302,2,9,0,6,BADUEL (ROUTE DE),4.9290703875,-52.3007490636,12,2,2
202100031713,145Â 071,A01,10,3,2,1,0,-1,-1,3,3,1,2021,45.0,1,1,0,1,3,9,1,,4,CORSE (AVENUE DE LA),0,,2,5,3,2,0,0,1,, -1,1,0,1,50,29,6,1,13,13207,2,1,0,3,CORSE (AVENUE DE LA),43.2889660513,5.3612467536,8,2,1
202100034833,139Â 446,A01,1,1,1,5,2,6,9,0,0,-1,2021,25.0,1,1,0,2,1,1,1,,3,987,0,,2,2,0,1,35,800,4,, -1,1,0,1,80,12,6,1,71,71546,1,1,0,1,RD987 Trambly,46.326002,4.524581,19,3,2
202100002252,197Â 759,B01,1,1,2,0,1,5,-1,-1, -1,-1,2021,33.0,2,2,0,2,2,1,1,,4,CROUPILLAC (RUE ET IMPASSE),0,,2,2,0,2,0,0,3,, -1,1,9,1,50,18,12,1,30,30007,2,9,0,3,CROUPILLAC (RUE ET IMPASSE),44.13257,4.1054,11,2,2