Num_Acc,id_vehicule,num_veh,place,catu,sexe,trajet,secu1,secu2,secu3,locp,actp,etatp,year_acc,victim_age,senc,catv,obs,obsm,choc,manv,motor,occutc,catr,voie,v1,v2,circ,nbv,vosp,prof,pr,pr1,plan,lartpc,larrout,surf,infra,situ,vma,jour,mois,lum,dep,com,agg_,int,atm,col,adr,lat,long,hour,nb_victim,nb_vehicules
202100004534,193Â 672,A01,1,1,1,9,2,0,-1,0,0,-1,2021,46.0,2,1,0,2,1,18,5,,4,BOULEVARD PEREIRE,0,,1,1,0,1,(1),(1),1,, -1,2,0,1,30,4,12,3,75,75117,2,2,1,6,BOULEVARD PEREIRE,48.881587,2.29129,19,3,2
202100023610,159Â 433,B01,1,1,1,4,2,6,-1,0,0,-1,2021,32.0,2,1,0,2,8,1,1,,4,PORTE DE LA VILLETTE,0,,1,2,0,1,(1),(1),1,, -1,1,0,1,50,17,8,1,75,75119,2,4,0,3,ECHANGEUR VILLETTE,48.9004053318,2.3808091879,18,2,2
202100022051,162Â 213,B01,1,1,1,9,2,0,-1,-1, -1,-1,2021,25.0,3,1,0,2,1,26,1,,4,mamoudzou centre-Mamawe (rue),0,,1,1,0,2,0,0,1,, -1,1,0,1,30,27,8,1,976,97611,2,3,0,1,mamoudzou centre-Mamawe (rue),-12.78035,45.23154,14,2,2
202100049632,113Â 025,A01,1,1,2,1,2,0,-1,0,0,-1,2021,23.0,2,1,0,2,1,13,1,,4,GAILLARD (PLACE GILBERT),0,,2,2,0,1,(1),(1),1,, -1,1,0,1,50,28,2,1,63,63113,2,1,0,1,GAILLARD (PLACE GILBERT),45.78026,3.0823,9,2,2
202100041207,127Â 950,B01,1,1,1,5,2,-1,-1,0,0,-1,2021,18.0,1,1,0,0,7,17,1,,2,2,0,,2,2,0,1,16,500,1,, -1,1,0,1,60,6,5,1,987,98722,1,1,0,3,pk 16.500 RT2 Ã  PAPENOO,-17.591429,-149.382126,16,2,2
202100035856,137Â 599,B01,1,1,1,1,1,0,-1,-1, -1,-1,2021,25.0,1,5,0,2,4,2,1,,2,118,0,,1,2,0,2,9,899,1,, -1,1,0,1,90,8,6,1,91,91471,1,1,0,4,RN 118,48.71322,2.17925,17,5,4
202100033124,142Â 548,B01,1,1,2,1,1,-1,-1,0,0,-1,2021,53.0,1,2,0,2,1,1,1,,3,10,-1,,2,2,0,1,5,500,2,,"5,5",2,0,1,50,21,6,1,70,70044,2,1,1,1,Rue de Grandvelle,47.678276,6.161313,18,2,2
202100010900,182Â 244,A01,1,1,1,5,8,-1,-1,-1, -1,-1,2021,26.0,1,2,10,0,1,13,1,,4,CALIGNY (QUAI DE),0,,2,4,0,1,(1),(1),3,, -1,1,0,3,50,24,10,5,50,50129,2,1,0,6,CALIGNY (QUAI DE),49.64111,-1.62116,5,1,1
202100032541,143Â 602,A01,1,1,1,0,2,0,-1,-1, -1,-1,2021,27.0,1,1,0,2,8,1,1,,3,910,0,,1,3,0,1,0,0,2,, -1,1,3,1,50,24,6,1,92,92012,2,4,0,3,GENERAL LECLERC (AVENUE DU) 35/FIN - 60/,48.8298850675,2.2304525971,9,2,2
202100028204,151Â 278,B01,1,1,1,5,2,-1,-1,0,0,-1,2021,73.0,2,1,0,2,1,1,1,,3,14.4,2,,2,2,0,2,0,700,1,, -1,1,0,1,50,19,7,1,68,68201,2,1,0,3,25 Route Joffre,47.778703,7.002625,17,3,2
202100022297,161Â 777,A01,1,1,1,9,2,6,-1,0,0,-1,2021,47.0,0,1,0,2,3,2,1,,4,RUE DE LA CHAPELLE,0,,2,1,0,1,(1),(1),1,, -1,1,0,1,50,27,8,5,75,75118,2,3,0,2,RUE DE LA CHAPELLE,48.892711,2.359738,1,2,2
202100054345,104Â 623,A01,1,1,1,1,1,0,0,0,0,-1,2021,35.0,3,2,0,2,1,1,1,,7,RD 6202,0,,3,4,0,1,(1),(1),1,, -1,2,9,1,110,20,1,2,6,6088,2,1,1,4,RD 6202,43.725533,7.185647,17,3,3
202100038950,132Â 013,A01,10,3,1,5,0,0,0,3,3,1,2021,35.0,1,2,0,1,2,16,1,,7,,0,,1,2,0,1,(1),(1),3,, -1,1,0,1,50,20,5,2,6,6027,2,1,0,6,ROSERAIE AVENUE DE LA,43.65894,7.13774,19,2,1
202100038367,133Â 058,A01,1,1,2,1,2,-1,-1,-1, -1,-1,2021,30.0,2,1,0,2,1,18,5,,4,GUEHENNO (JEAN),0,,2,2,0,1,(1),(1),1,, -1,1,0,1,50,25,5,1,35,35238,2,3,0,2,GUEHENNO (JEAN),48.117346,-1.673819,12,2,2
202100009070,185Â 494,B01,1,1,2,1,2,-1,-1,-1, -1,-1,2021,39.0,0,1,0,2,3,2,1,,4,GALLIENI                            (PT),0,,2,5,1,1,(1),(1),1,, -1,1,2,1,50,6,11,5,69,69387,2,1,0,2,GALLIENI (PT),45.7481780475,4.8326164484,6,2,2
202100041315,127Â 758,A01,1,1,1,9,2,8,-1,0,0,-1,2021,38.0,2,1,0,0,7,16,1,,4,BOULEVARD GARIBALDI,0,,1,1,0,1,(1),(1),1,, -1,1,0,1,50,5,5,1,75,75115,2,4,0,7,BOULEVARD GARIBALDI,48.845805,2.309511,10,2,1
202100014372,176Â 021,A01,1,1,1,5,1,8,-1,-1, -1,-1,2021,38.0,2,2,0,2,2,14,1,,7,RD 37,0,,3,4,0,1,12,699,1,, -1,1,0,1,90,7,10,4,37,37122,2,1,0,3,RD 37,47.350796746,0.6460357737,6,2,2
202100042752,125Â 224,A01,1,1,1,5,2,6,-1,0,0,-1,2021,28.0,3,1,17,0,1,0,1,,4,nc,0,N,-1,2,0,2,(1),(1),2,, -1,1,0,3,90,25,4,1,3,3105,1,1,0,6,Route des Charpes,46.220261,3.719419,15,1,1
202100045389,120Â 600,B01,1,1,2,4,1,0,-1,0,0,-1,2021,47.0,3,2,1,2,3,16,1,,4,SCALIGER (BOULEVARD),0,,2,2,0,1,0,0,1,, -1,1,0,1,50,1,4,1,47,47001,2,4,0,3,SCALIGER (BOULEVARD),44.2066344335,0.6138611223,9,2,2
202100054854,103Â 752,A01,1,1,1,0,1,0,-1,-1, -1,-1,2021,23.0,3,2,0,0,9,1,1,,4,DUCHESNES 1,0,,2,1,0,1,(1),(1),1,, -1,1,0,1,50,15,1,1,972,97213,1,1,0,6,DUCHESNES 1,14.65664,-60.97233,12,2,1
202100015784,173Â 458,B01,1,1,1,5,2,6,-1,-1, -1,-1,2021,56.0,1,1,0,2,1,18,5,,4,,0,,1,2,0,1,0,0,2,, -1,1,9,1,50,30,9,1,92,92012,2,6,0,2,ANCIENS COMBATTANT (ROND - POINT DES),48.8479077756,2.2418090701,18,2,2
202100027204,153Â 089,C01,1,1,2,0,2,8,-1,-1, -1,-1,2021,15.0,3,1,0,2,8,1,1,,3,DOUMER (ALLEE PAUL),0,,2,2,0,2,0,480,3,, -1,1,0,1,50,20,7,1,48,48095,2,1,0,5,DOUMER (ALLEE PAUL),44.52103,3.49963,18,4,3
202100014629,175Â 565,A01,1,1,1,9,2,6,-1,0,0,-1,2021,28.0,1,1,14,0,1,14,1,,4,PLACE DE LA RESISTANCE,0,,3,3,0,1,(1),(1),1,, -1,1,0,1,30,7,10,5,75,75107,2,7,0,6,PLACE DE LA RESISTANCE,48.862243,2.301525,0,1,1
202100005893,191Â 257,A01,10,3,1,1,0,-1,-1,1,3,1,2021,47.0,1,1,0,1,1,17,1,,7,Ytzhak RABIN - D63,0,,2,2,0,1,0,0,1,, -1,2,0,1,50,25,11,5,83,83126,2,1,1,6,Ytzhak RABIN - D63,43.11544,5.87367,18,2,1
202100053351,106Â 359,A01,1,1,1,4,8,0,-1,0,0,-1,2021,19.0,1,1,0,2,1,5,5,,4,RUE SAINT CHARLES,0,,1,1,0,1,(1),(1),1,, -1,2,0,1,50,27,1,5,75,75115,2,5,1,3,RUE SAINT CHARLES,48.849966,2.288425,21,2,2
202100054276,104Â 742,A01,1,1,2,1,1,-1,-1,0,0,-1,2021,55.0,1,2,14,0,1,1,1,,3,71,-1,,2,2,0,1,9,288,1,, -1,2,0,1,80,21,1,3,35,35184,1,1,1,6,RD 71,48.218963,-2.028368,19,1,1
202100045678,120Â 090,A01,2,2,2,0,1,3,-1,0,0,-1,2021,5.0,0,2,0,0,2,15,1,,3,211,0,D,2,2,0,1,0,0,3,, -1,1,0,1,50,31,3,1,80,80142,2,4,0,3,Rue de Molliens,49.883312,2.069013,14,3,2
202100005521,191Â 927,A01,1,1,1,9,2,6,-1,-1, -1,-1,2021,18.0,0,1,0,0,0,1,1,,9,TUNNEL PRADO SUD,0,,1,1,0,1,0,0,2,, -1,1,1,1,30,29,11,5,13,13208,2,1,0,6,TUNNEL PRADO SUD,43.27107,5.39207,19,1,1
202100012402,179Â 539,A01,1,1,1,0,2,-1,-1,0,0,-1,2021,31.0,0,1,0,2,1,9,1,,4,GRAND MARAIS (RUE DU),0,,1,2,0,1,(1),(1),1,, -1,1,0,1,50,16,10,1,80,80021,2,9,0,2,GRAND MARAIS (RUE DU),49.91995,2.26839,14,2,2
202100027214,153Â 070,A01,1,1,1,5,2,6,-1,0,0,-1,2021,60.0,0,1,0,0,0,0,1,,3,BRIAND (AVENUE ARISTIDE),0,,2,2,0,1,1,20,1,, -1,1,0,1,50,17,7,1,27,27229,2,1,0,7,BRIAND (AVENUE ARISTIDE),49.019038,1.128658,13,1,1
202100036739,136Â 034,A01,1,1,1,1,2,5,-1,-1,0,-1,2021,26.0,1,1,0,2,1,12,1,,1,AUTOROUTE A3,0,,3,4,0,1,17,799,1,, -1,1,0,1,110,3,6,1,95,95527,1,1,0,2,AUTOROUTE A3,48.98498,2.50683,16,2,2
202100032116,144Â 346,B01,1,1,2,5,1,8,-1,-1, -1,-1,2021,41.0,3,2,0,2,3,1,1,,4,GAUTHIER (RUE THEOPHILE),0,,-1,1,0,1,1,0,1,, -1,1,0,1,50,25,6,1,18,18033,2,3,0,3,GAUTHIER (RUE THEOPHILE),47.10583,2.41283,19,2,2
202100020409,165Â 157,A01,8,2,2,5,0,-1,-1,0,0,-1,2021,21.0,1,2,15,0,1,1,1,,3,5E3,-1,,2,2,0,1,4,300,1,, -1,1,0,3,70,6,9,3,33,33214,1,1,0,6,Les Andrauts,44.95464,-1.014926,2,2,1
202100008817,185Â 987,A01,10,3,2,2,0,-1,-1,3,3,1,2021,16.0,1,2,0,1,1,1,1,,3,956,0,,2,2,0,1,26,200,1,, -1,1,0,1,30,10,11,5,62,62825,2,1,0,6,Rue de Douai,50.289178,3.040552,7,2,1
202100025336,156Â 366,B01,1,1,2,1,2,6,-1,0,0,-1,2021,25.0,3,1,0,2,8,1,1,,4,BOULEVARD SOULT,0,,2,2,0,1,(1),(1),1,, -1,1,0,1,50,5,8,1,75,75112,2,2,0,3,BOULEVARD SOULT,48.844316,2.410398,9,2,2
202100048390,115Â 263,B01,1,1,1,0,1,0,-1,-1, -1,-1,2021,23.0,0,2,0,2,1,1,1,,4,ARISTIDE BRIAND,0,,2,2,0,1,0,0,1,, -1,1,0,1,50,9,3,5,76,76351,2,2,0,5,Rue Aristide Briand,49.500562,0.13918,21,3,3
202100043380,124Â 120,A01,1,1,1,5,2,6,-1,0,0,-1,2021,19.0,1,1,0,0,8,17,1,,3,30,-1,,2,2,0,1,15,100,3,, -1,1,5,1,50,19,4,1,51,51291,2,1,0,7,Place de la Mairie,49.335689,3.910014,18,1,1
202100016254,172Â 577,B01,1,1,1,0,0,0,-1,-1, -1,-1,2021,24.0,1,1,0,2,1,1,5,,3,STALINGRAD (BD DE),0,,3,4,0,1,1,0,1,, -1,1,0,5,50,27,9,2,94,94041,2,1,0,3,Boulevard de Stalingrad,48.80541,2.3764,18,2,2
202100025833,155Â 517,B01,1,1,2,0,2,-1,-1,0,0,-1,2021,34.0,1,1,0,2,8,1,1,,3,117,-1,D,2,2,0,1,13,120,1,, -1,2,0,1,50,4,8,2,9,9160,2,9,1,3,16 Rue Jean JaurÃ¨s,42.93208,1.847044,6,2,2
202100023239,160Â 077,A01,10,3,1,5,0,-1,-1,2,3,1,2021,43.0,0,2,0,1,2,16,1,,4,BRIAND ( RUE ARISTIDE ),0,,2,0,0,1,(1),(1),2,, -1,1,0,1,50,19,8,1,62,62126,2,1,0,6,BRIAND ( RUE ARISTIDE ),50.52727,2.70536,11,2,1
202100050356,111Â 689,A01,1,1,2,0,1,5,-1,-1, -1,-1,2021,29.0,1,2,0,2,1,2,1,,3,SAVIPOL (ZI),0,,2,2,0,1,3,500,1,, -1,1,0,1,90,23,2,1,10,10362,1,1,0,4,SAVIPOL (ZI),48.30058,4.01904,14,3,3
202100002591,197Â 151,A01,10,3,2,0,0,-1,-1,3,3,1,2021,22.0,0,2,0,1,1,18,1,,4,BEAUVAIS (RUE DE),0,,1,2,3,1,(1),(1),1,, -1,1,0,1,30,15,12,1,80,80021,2,1,0,6,BEAUVAIS (RUE DE),49.89244,2.29276,8,3,2
202100013583,177Â 438,B01,1,1,2,5,8,-1,-1,-1, -1,-1,2021,28.0,3,2,0,2,1,15,1,,4,LOUIS AULAGNE                       (QU),0,,2,2,0,1,(1),(1),1,, -1,1,0,1,50,12,10,3,69,69199,2,3,0,1,LOUIS AULAGNE (Q),45.70393,4.8452,22,2,2
202100011244,181Â 634,A01,1,1,2,9,2,0,-1,0,0,-1,2021,49.0,1,1,0,2,1,1,5,,4,QUAI HENRI IV,0,,2,0,1,1,(1),(1),1,, -1,1,0,5,30,23,10,1,75,75104,2,4,0,1,QUAI HENRI IV,48.84712,2.364974,17,2,2
202100007512,188Â 330,A01,10,3,2,1,0,-1,-1,3,3,1,2021,59.0,1,2,0,1,1,1,0,,2,1,0,,3,4,0,1,4,500,1,, -1,1,9,1,60,19,11,2,987,98712,2,1,0,1,RT.2 Ã  hauteur du PK 4+500,-17.542977,-149.503646,4,2,1
202100051722,109Â 240,B01,1,1,2,3,1,0,-1,-1, -1,-1,2021,36.0,2,2,0,2,4,1,1,,4,MOULIN JEAN (AVE) NR 10 A 20 ET  13 A 17,0,,2,2,2,1,0,0,1,, -1,1,0,1,50,12,2,1,93,93066,2,1,0,2,MOULIN JEAN (AVE) NR 10 A 20 ET  13 A 17,48.94133,2.36488,10,2,2
202100040606,129Â 031,A01,10,3,1,5,0,-1,-1,2,5,2,2021,11.0,1,2,0,9,2,0,0,,4,CALAIS (RUE DE..NÂ°01 A 33 ET 02 A 30),0,,2,2,0,2,(1),(1),1,, -1,1,0,1,50,24,4,1,62,62765,2,1,0,6,CALAIS (RUE DE..NÂ°01 A 33 ET 02 A 30),50.752933,2.251297,19,2,1
202100018590,168Â 406,A01,10,3,2,0,0,-1,-1,0,9,1,2021,65.0,0,1,0,1,4,26,5,,4,MONNET  AVENUE JEAN,0,,2,2,1,1,(1),(1),1,, -1,1,-1,5,20,16,9,1,17,17291,2,1,0,6,MONNET  AVENUE JEAN,46.1803,-1.12424,11,2,1
202100026952,153Â 534,A01,1,1,1,1,2,6,-1,0,0,-1,2021,48.0,1,1,0,2,1,2,3,,4,AVENUE DU MARECHAL GALLIENI,0,,2,4,0,1,(1),(1),1,, -1,2,0,1,50,26,7,1,75,75107,2,2,1,2,AVENUE DU MARECHAL GALLIENI,48.861041,2.313238,9,2,2
202100039847,130Â 354,A01,1,1,1,1,2,6,-1,-1, -1,-1,2021,46.0,1,1,0,2,8,1,1,,3,BD MAXIME GORKI ,0,,2,2,0,1,1,0,1,, -1,2,9,1,50,15,5,1,94,94076,2,2,1,2,MAXIME GORKI (BD),48.79271,2.36933,18,3,2
202100031608,145Â 258,B01,1,1,1,4,1,0,-1,-1, -1,-1,2021,32.0,1,3,0,2,6,1,1,1.0,3,VICTOR-HUGO (BD),0,,2,2,0,1,0,0,1,, -1,2,0,1,50,29,6,1,93,93070,2,1,1,2,VICTOR-HUGO (BD),48.906033,2.324202,10,2,2
202100028916,150Â 042,A01,1,1,1,5,8,-1,-1,0,0,-1,2021,26.0,1,2,0,2,1,13,1,,3,570,-1,D,2,2,0,1,(1),(1),3,, -1,1,0,1,80,16,7,2,13,13045,1,1,0,1,d570n,43.86259,4.769343,6,2,2
202100023469,159Â 673,B01,1,1,1,1,2,0,-1,-1, -1,-1,2021,53.0,3,1,0,2,7,0,1,,4,,0,,2,4,0,1,0,0,2,, -1,1,5,1,50,19,8,1,92,92025,2,9,0,3,MARCEAU (BD),48.9294139419,2.2655566782,12,2,2
202100031738,145Â 026,A01,1,1,1,1,2,0,-1,0,0,-1,2021,23.0,1,1,0,2,7,19,5,,4,PONT ALEXANDRE III,0,,2,8,0,1,(1),(1),1,, -1,2,2,1,50,29,6,1,75,75107,2,2,1,3,PONT ALEXANDRE III,48.86286,2.313447,7,2,2
202100037807,134Â 077,B01,1,1,1,5,8,-1,-1,0,0,-1,2021,73.0,1,1,0,2,1,1,5,,3,COTE DE NACRE(AVENUE),0,,2,4,0,1,1,0,1,, -1,1,0,1,50,26,5,1,14,14118,2,3,0,3,D7,49.20601,-0.361628,16,2,2
202100056478,100Â 948,A01,1,1,1,5,1,-1,-1,0,0,-1,2021,20.0,0,2,2,2,5,19,1,,3,,0,D,2,2,0,1,6,828,1,, -1,1,0,1,80,1,1,2,35,35149,1,2,0,3,carrefour des quatres vents,47.973203,-1.847945,20,5,2
202100007408,188Â 514,A01,1,1,1,5,2,6,-1,0,0,-1,2021,55.0,1,1,0,2,1,13,1,,3,112,-1,,2,2,0,1,14,850,3,, -1,1,0,1,80,19,11,1,41,41155,1,3,0,3,Rue de Chambord,47.662678,1.533929,13,2,2
202100035488,138Â 278,A01,10,3,2,0,0,-1,-1,3,3,1,2021,33.0,3,2,0,1,3,1,1,,3,MARECHAL JUIN,0,,2,3,0,1,0,0,1,, -1,1,0,1,50,8,6,1,58,58194,2,1,0,1,MARECHAL JUIN,46.99959,3.15601,11,2,1
202100016954,171Â 321,A01,10,3,2,5,0,-1,-1,3,3,1,2021,80.0,0,2,0,2,1,1,0,,4,Rue de Lyon,0,,2,2,0,1,(1),(1),1,, -1,1,0,1,50,25,9,1,29,29019,2,2,1,6,Rue de Lyon,48.3892138148,-4.4896276601,17,2,1
202100017881,169Â 661,B01,1,1,1,5,2,6,-1,-1, -1,-1,2021,41.0,1,1,0,2,8,1,1,,3,PARIS (AV DE),0,,2,4,1,1,1,0,1,, -1,1,0,1,50,17,9,5,94,94080,2,9,0,3,Avenue de Paris,48.84549,2.42869,20,2,2
202100018199,169Â 079,A01,1,1,1,3,2,6,-1,-1, -1,-1,2021,30.0,1,1,0,2,3,18,1,,3,907,0,,2,6,1,1,0,0,1,, -1,1,0,1,50,18,9,1,92,92012,2,2,0,3,REINE (ROUTE DE LA) 82/FIN - 107TER/FIN,48.8404716435,2.2316195425,17,2,2
202100007464,188Â 407,B01,1,1,2,4,2,0,-1,-1, -1,-1,2021,41.0,2,1,0,2,1,1,5,,4,PARIS (RUE DE) NÂ° 12 A 164,0,,1,1,0,1,0,0,3,, -1,1,0,1,50,18,11,1,92,92048,2,6,0,3,Rue de Paris,48.8131435089,2.2463876009,13,2,2
202100026185,154Â 891,A01,2,2,1,5,1,-1,-1,0,0,-1,2021,26.0,3,2,0,0,9,15,1,,4,,-1,,-1,2,0,1,(1),(1),2,,4,6,0,8,-1,1,8,1,67,67360,1,1,0,7,Rue du Moulin,48.1948915511,7.4929118156,18,2,1
202100045414,120Â 554,A01,10,3,1,0,0,-1,-1,5,1,1,2021,58.0,1,2,0,1,2,17,1,,4,MAURICE ROMAGNON (RUE),0,,2,2,0,1,(1),(1),1,, -1,1,0,1,50,1,4,1,10,10343,2,1,0,6,MAURICE ROMAGNON (RUE),48.2807558896,4.0891885757,12,2,1
202100009363,184Â 969,A01,1,1,1,5,0,-1,-1,0,0,-1,2021,20.0,2,1,15,0,2,14,1,,4,,-1,,1,2,0,1,(1),(1),1,,4,1,0,8,50,6,11,3,974,97424,2,1,0,6,9 Chemin des Papayes,-21.170066,55.477105,21,1,1
202100048826,114Â 490,A01,1,1,1,0,1,-1,-1,0,0,-1,2021,55.0,2,2,2,0,0,1,1,,3,21,0,,2,2,0,2,2,500,1,, -1,1,0,8,80,6,3,1,70,70279,1,1,0,6,D21,47.416102,5.606446,18,1,1
202100009635,184Â 485,B01,1,1,1,0,2,6,-1,-1, -1,-1,2021,31.0,2,1,0,2,1,1,1,,3,SEINE (QUAI DE),0,,2,1,0,1,0,1,1,, -1,1,0,1,50,3,11,5,93,93070,2,3,0,3,SEINE (QUAI DE),48.9147469341,2.3194442689,17,2,2
202100023416,159Â 764,B01,1,1,2,5,2,0,-1,-1, -1,-1,2021,16.0,3,1,0,2,1,1,1,,3,,0,,2,2,0,1,0,0,1,, -1,1,0,1,50,19,8,1,40,40312,2,1,0,1,R.N. 10,43.52911,-1.46321,18,6,2
202100029714,148Â 684,B01,1,1,1,5,2,6,-1,0,0,-1,2021,31.0,2,1,0,2,2,1,1,,3,1113,0,,3,2,0,3,26,579,1,, -1,1,0,1,80,10,7,1,33,33435,1,1,0,2,,44.564732,-0.241098,19,2,2
202100033647,141Â 623,B01,1,1,1,9,2,0,-1,0,0,-1,2021,56.0,0,0,0,2,0,1,3,,4,AVENUE DU MARECHAL GALLIENI,0,,2,6,1,1,(1),(1),1,, -1,1,0,5,50,18,6,1,75,75107,2,2,0,3,AVENUE DU MARECHAL GALLIENI,48.861047,2.313252,20,2,2
202100018471,168Â 614,B01,1,1,1,5,1,5,-1,0,0,-1,2021,71.0,1,2,0,2,1,1,1,,3,578,-1,,2,2,0,1,105,900,1,, -1,1,0,1,80,17,9,1,7,7016,1,1,0,1,le raccourcis,44.707264,4.362495,15,3,2
202100055256,103Â 054,B01,2,2,2,5,1,-1,-1,0,0,-1,2021,71.0,1,2,0,2,1,1,1,,7,29,-1,,2,2,0,1,1,970,1,, -1,1,0,1,70,13,1,3,83,83047,1,1,0,1,Route de Pierrefeu,43.161961,6.099837,17,3,2
202100009827,184Â 131,B01,1,1,1,5,8,-1,-1,0,0,-1,2021,65.0,2,2,1,0,2,1,1,,1,11,-1,,3,3,3,1,76,400,1,,"13,5",2,0,1,110,2,11,3,28,28141,1,1,1,4,"Autoroute A11, PK 076+400 vers Paris",48.321389,1.355277,22,5,3
202100029567,148Â 939,A01,1,1,2,0,1,-1,-1,-1, -1,-1,2021,21.0,2,2,0,2,1,15,1,,4,THIERS                              (AV),0,,2,5,3,1,(1),(1),1,, -1,2,0,1,50,10,7,5,69,69386,2,3,0,3,THIERS (AV),45.76629,4.86169,21,4,2
202100008209,187Â 046,A01,10,3,1,5,0,-1,-1,3,3,1,2021,15.0,3,2,0,1,1,1,3,,4,,-1,,2,2,0,1,(1),(1),1,,4,1,0,6,50,15,11,1,69,69243,2,1,0,6,GARIBALDI (BD),45.8890273172,4.4376182556,16,2,1
202100027464,152Â 637,A01,10,3,1,0,0,-1,-1,1,9,2,2021,33.0,1,2,0,1,3,1,1,,3,98,0,A,3,1,1,1,60,200,1,, -1,1,9,1,70,24,7,5,83,83065,1,1,0,6,D98a,43.263726,6.613212,3,2,1
202100021472,163Â 261,A01,1,1,2,0,1,5,-1,-1, -1,-1,2021,82.0,2,2,0,2,8,10,1,,3,Prolongement Bd POMPIDOU,0,,2,2,0,1,0,0,1,, -1,1,3,1,80,31,8,1,10,10357,1,9,0,3,Prolongement Bd POMPIDOU,48.30513,4.10017,12,2,2
202100029607,148Â 863,A01,1,1,1,5,2,0,-1,-1, -1,-1,2021,56.0,1,1,0,2,2,2,1,,4,CAMOINS (AVENUE DES),0,,2,2,0,1,0,0,1,, -1,1,0,1,50,10,7,1,13,13211,2,9,0,6,CAMOINS (AVENUE DES),43.3061511055,5.5105923443,15,3,2
202100020085,165Â 721,B01,1,1,1,2,2,0,-1,-1, -1,-1,2021,17.0,3,1,0,2,1,17,0,,9,ALBERT EINSTEIN (RUE),0,,2,2,0,2,0,0,1,, -1,1,0,1,50,8,9,1,13,13213,2,1,0,3,ALBERT EINSTEIN (RUE),43.3392448054,5.4389709707,7,2,2
202100020047,165Â 794,B01,1,1,2,0,1,0,-1,-1, -1,-1,2021,27.0,1,2,0,2,5,2,1,,2,11 - RT,0,,2,2,0,1,1,0,2,, -1,1,0,1,50,8,9,1,202,202033,2,1,0,2,11 - RT,42.68979,9.44753,16,5,2
202100054510,104Â 338,A01,1,1,1,9,1,7,-1,0,0,-1,2021,66.0,1,2,0,2,3,13,1,,3,,-1,,2,2,0,4,19,902,3,, -1,1,0,1,50,19,1,5,85,85179,2,1,0,1,234 Rue du PayrÃ©,46.507169,-1.535538,20,2,2
202100029885,148Â 377,B01,1,1,1,3,2,6,-1,0,0,-1,2021,62.0,3,1,0,2,7,1,1,,6,7,0,N,-1,-1,0,1,(1),(1),1,, -1,1,0,1,30,8,7,1,6,6079,2,3,0,3,Avenue de Frejus Paul Ricard,43.532667,6.933194,18,2,2
202100031907,144Â 719,A01,1,1,2,9,2,0,-1,0,0,-1,2021,32.0,3,1,0,2,8,1,5,,4,PLACE DE LA CONCORDE,0,,2,4,0,1,(1),(1),1,, -1,1,0,1,50,28,6,1,75,75108,2,7,0,3,PLACE DE LA CONCORDE,48.866615,2.321961,14,2,2
202100049466,113Â 340,A01,2,2,2,1,1,1,-1,0,0,-1,2021,27.0,1,2,3,2,1,9,1,,1,1,0,,1,1,0,1,0,0,1,, -1,2,3,1,-1,2,3,1,988,98818,1,4,1,5,VE1 SENS SUD/NORD,-22.23254,166.4577,15,4,3
202100054935,103Â 617,B01,1,1,1,5,2,0,-1,-1, -1,-1,2021,27.0,1,1,0,2,1,1,1,,3,AMIENS (RUE D') NÂ° IMPAIRS,0,,3,4,3,1,0,1,1,, -1,2,5,6,50,15,1,4,93,93072,2,9,0,3,AMIENS (RUE D') NÂ° IMPAIRS,48.95399,2.3681,17,2,2
202100024621,157Â 649,B01,1,1,1,0,2,0,-1,-1, -1,-1,2021,44.0,3,1,0,2,1,1,1,,4,THEODORE AUBANEL BOULEVARD,0,,2,2,0,1,0,0,1,, -1,1,0,1,50,11,8,5,13,13063,2,9,0,3,THEODORE AUBANEL BOULEVARD,43.58788,4.99948,22,5,2
202100032782,143Â 179,A01,1,1,1,9,2,6,9,0,0,-1,2021,44.0,1,1,5,0,7,15,1,,3,942,0,D,2,2,0,1,16,1,4,, -1,1,0,8,90,23,6,1,5,5118,1,1,0,6,RD 942,44.2688175931,5.8198678493,18,1,1
202100029985,148Â 198,B01,1,1,1,1,1,-1,-1,-1, -1,-1,2021,51.0,1,2,0,2,6,1,1,,3,CD168,0,,3,4,0,1,10,86,3,, -1,1,0,1,80,29,6,1,35,35288,1,1,0,2,RD168,48.61761,-2.00569,13,2,2
202100041548,127Â 339,A01,2,2,2,9,1,0,-1,0,0,-1,2021,20.0,1,2,1,0,1,1,1,,3,VEYNES ( AVENUE DE  ),0,,-1,2,0,2,69,120,2,, -1,2,0,1,30,30,4,1,5,5061,2,1,1,6,VEYNES ( AVENUE DE  ),44.55783,6.07147,14,3,1
202100033510,141Â 883,D01,2,2,2,0,1,-1,-1,-1, -1,-1,2021,30.0,2,2,0,2,4,2,1,,2,ROUTE NATIONALE 230,0,,3,8,0,1,34,865,1,, -1,2,2,1,90,19,6,1,33,33065,1,1,1,4,Pont FranÃ§ois Mitterrand,44.809245,-0.525181,15,6,4
202100051407,109Â 797,A01,1,1,1,0,1,-1,-1,0,0,-1,2021,41.0,0,2,0,2,5,15,1,,4,EUROPE (AVENUE DE L'),0,,2,4,0,1,(1),(1),1,, -1,1,0,1,50,11,2,1,80,80021,2,1,0,3,EUROPE (AVENUE DE L'),49.9123220425,2.3026732988,8,2,2
202100025932,155Â 329,A01,2,2,1,5,1,-1,-1,0,0,-1,2021,17.0,2,2,2,0,1,1,1,,3,31,0,,2,2,0,1,25,250,1,, -1,1,0,3,90,2,8,1,37,37003,1,1,0,6,Boulevard saint denis hors,47.3931521635,1.008934981,12,3,1