Num_Acc,id_vehicule,num_veh,place,catu,sexe,trajet,secu1,secu2,secu3,locp,actp,etatp,year_acc,victim_age,senc,catv,obs,obsm,choc,manv,motor,occutc,catr,voie,v1,v2,circ,nbv,vosp,prof,pr,pr1,plan,lartpc,larrout,surf,infra,situ,vma,jour,mois,lum,dep,com,agg_,int,atm,col,adr,lat,long,hour,nb_victim,nb_vehicules
202100035018,139Â 104,A01,10,3,2,9,0,-1,-1,1,3,1,2021,19.0,1,2,0,1,2,1,1,,4,PORT (RUE DU),0,,2,2,0,1,(1),(1),1,, -1,1,0,1,50,11,6,1,33,33529,2,1,0,6,Rue du Port,44.63382,-1.14467,14,2,1
202100027871,151Â 895,A01,1,1,1,9,2,6,-1,-1, -1,-1,2021,42.0,1,1,0,2,2,1,1,,4,,0,,3,2,0,1,(1),(1),1,, -1,1,0,1,50,19,7,5,974,97416,1,3,0,3,STEPHANE(CHEMIN),-21.28297,55.4796,18,2,2
202100038565,132Â 712,A01,1,1,1,5,1,-1,-1,0,0,-1,2021,23.0,2,2,0,2,3,1,1,,3,26,-1,,2,2,0,1,6,400,2,, -1,9,0,1,80,23,5,1,86,86213,1,1,0,3,La BruyÃ¨re,46.440277,0.03261,15,3,2
202100050978,110Â 562,A01,1,1,1,1,1,-1,-1,0,0,-1,2021,19.0,1,2,2,0,1,1,1,,3,115,-1,,2,2,0,2,11,800,1,, -1,1,0,3,80,19,2,3,64,64412,1,1,0,7,D115,43.319542,-0.888948,21,1,1
202100051801,109Â 107,B01,1,1,2,1,1,-1,-1,0,0,-1,2021,52.0,2,2,0,2,1,2,1,,3,CORAY ROUTE DE,0,,2,2,0,3,8,400,3,, -1,1,5,1,80,11,2,3,29,29051,1,3,0,2,D15 - Route de Coray,48.02437,-3.98001,7,3,2
202100025242,156Â 535,B01,1,1,1,5,1,4,-1,-1, -1,-1,2021,30.0,2,2,0,2,9,1,1,,1,A4.W,0,,-1,5,0,1,19,399,1,, -1,2,0,1,110,6,8,3,77,77258,1,1,0,6,A4.W,48.8309,2.63505,0,4,2
202100015817,173Â 402,A01,1,1,1,5,2,6,9,0,0,-1,2021,30.0,1,1,0,0,8,1,1,,3,64,-1,,2,2,0,1,31,930,1,, -1,1,0,1,80,2,10,1,1,1001,1,1,0,7,,46.162694,4.933981,10,1,1
202100015341,174Â 288,B01,5,2,2,9,8,0,-1,-1, -1,-1,2021,51.0,2,3,0,2,3,1,1,3.0,4,ARCOLE (BD D) DU 1AU 79,0,,1,5,3,1,(1),(1),1,, -1,1,0,6,50,3,10,1,31,31555,2,1,0,2,ARCOLE (BD D) DU 1AU 79,43.61059,1.44291,9,5,2
202100027846,151Â 942,A01,10,3,2,3,0,-1,-1,3,3,1,2021,78.0,3,2,0,1,1,2,1,,3,21,0,D,2,2,0,2,(1),(1),1,, -1,1,9,1,-1,20,7,2,84,84012,2,1,1,1,avenue gambetta,44.121529,5.02867,9,2,1
202100056268,101Â 319,A01,10,3,2,5,0,-1,-1,3,3,1,2021,21.0,0,2,0,1,1,13,1,,4,JEAN MERMOZ (AV ),0,,2,2,0,1,(1),(1),1,, -1,2,9,1,30,4,1,1,13,13054,2,2,0,6,JEAN MERMOZ (AV ),43.418305,5.214152,16,2,1
202100029090,149Â 747,A01,1,1,1,5,2,-1,-1,0,0,-1,2021,18.0,0,1,0,2,3,1,1,,4,JULES BARNI (RUE),0,,2,4,0,2,(1),(1),1,, -1,1,0,1,50,11,7,5,80,80021,2,1,0,1,JULES BARNI (RUE),49.8873452182,2.3151529332,22,2,2
202100007573,188Â 206,B01,3,2,1,4,8,4,-1,-1, -1,-1,2021,27.0,2,4,0,2,5,23,1,,4,CRETES RCE CHEMIN DES LAURIERS,0,,2,2,0,2,(1),(1),1,, -1,1,0,1,50,17,11,1,201,201004,2,2,0,2,CRETES RCE CHEMIN DES LAURIERS,41.91007,8.70314,8,4,2
202100028064,151Â 550,B01,1,1,1,5,2,-1,-1,0,0,-1,2021,72.0,2,1,0,2,8,15,5,,3,836,0,D,2,2,0,1,9,555,1,, -1,1,0,1,50,21,7,1,27,27114,2,2,0,1,Rue Lamartine,48.962222,1.427067,11,2,2
202100031279,145Â 833,A01,1,1,1,1,1,5,-1,-1, -1,-1,2021,26.0,1,2,13,0,0,2,1,,1,A7-Sens Marseille vers Lyon,0,,1,2,0,2,259,200,1,, -1,1,0,3,110,3,7,1,13,13117,1,1,0,6,A7-Sens Marseille vers Lyon,43.45253,5.2379,17,1,1
202100051616,109Â 430,A01,1,1,1,5,1,-1,-1,0,0,-1,2021,21.0,1,2,0,0,9,13,1,,3,918,-1,,2,2,0,1,28,181,1,, -1,1,0,3,90,13,2,3,61,61230,1,1,0,7,D918,48.531732,0.751574,21,1,1
202100030884,146Â 556,B01,1,1,1,5,2,-1,-1,0,0,-1,2021,41.0,2,1,0,2,7,15,5,,3,170,0,E,2,2,0,1,0,875,1,, -1,2,0,1,90,2,7,1,19,19274,1,3,1,3,La Mouillade,45.1924165796,1.4868854932,18,2,2
202100025089,156Â 810,B01,4,2,2,5,1,-1,-1,-1, -1,-1,2021,19.0,2,2,0,0,6,1,1,,2,RN346  S/N   25.686 A 29.300,0,,3,4,0,1,28,600,1,, -1,1,0,1,90,6,8,3,69,69256,1,1,0,2,RN346  S/N   25.686 A 29.300,45.7946679497,4.9492607269,21,4,2
202100049903,112Â 536,Z01,10,3,2,0,8,8,-1,8,3,1,2021,67.0,2,5,0,1,4,4,1,,4,GABRIEL PERI (R),0,,1,1,3,1,78,0,1,, -1,1,9,6,30,23,2,1,94,94037,2,1,0,6,GABRIEL PERI (R),48.810824,2.349962,10,2,1
202100032898,142Â 956,A01,1,1,1,9,1,0,-1,0,0,-1,2021,31.0,0,2,4,0,9,13,1,,4,BOULEVARD PERIPHERIQUE,0,,1,4,0,1,17,700,1,, -1,1,0,1,70,21,6,5,75,75117,2,1,0,6,BOULEVARD PERIPHERIQUE,48.888198,2.292365,4,1,1
202100027794,152Â 031,B01,1,1,1,0,2,-1,-1,0,0,-1,2021,24.0,1,1,3,2,3,0,1,,2,5,-1,N,1,4,0,1,(1),(1),1,, -1,1,0,1,70,21,7,1,972,97221,1,1,0,3,national 5,14.533009,-60.982999,12,2,2
202100006940,189Â 363,A01,2,2,1,9,1,0,-1,0,0,-1,2021,20.0,3,2,0,0,9,1,2,,4,AVENUE DE L HIPPODROME,0,,2,2,0,1,(1),(1),1,, -1,2,0,1,50,21,11,5,75,75116,2,1,1,7,AVENUE DE L HIPPODROME,48.861238,2.239737,1,2,1
202100000690,200Â 478,B01,2,2,1,0,1,5,-1,-1, -1,-1,2021,45.0,0,2,0,2,1,1,2,,2,FOS (ROUTE DE) - RN 569,0,,2,2,0,2,1,0,2,, -1,2,0,1,80,1,5,1,13,13047,1,1,1,3,FOS (ROUTE DE) - RN 569,43.4830991418,4.9624442504,12,4,2
202100011358,181Â 427,A01,2,2,2,5,1,0,-1,-1, -1,-1,2021,26.0,1,2,14,0,2,1,1,,2,GEORGES POMPIDOU AVENUE,0,,3,6,0,1,(1),(1),2,, -1,1,3,1,30,23,10,5,201,201004,2,1,0,7,GEORGES POMPIDOU AVENUE,41.93318,8.75456,5,2,1
202100026450,154Â 420,A01,1,1,2,0,2,6,-1,-1, -1,-1,2021,17.0,3,1,0,0,0,26,1,,4,MAI 1945 (AVENUE DU 8),0,,-1,2,0,1,0,0,3,, -1,2,0,1,50,25,7,2,64,64102,1,1,1,7,MAI 1945 (AVENUE DU 8),43.46655,-1.493228,8,1,1
202100000066,201Â 632,A01,10,3,2,1,0,-1,-1,2,3,1,2021,54.0,0,2,0,1,1,1,1,,4,DIEDERICHS,0,,2,2,0,1,(1),(1),1,, -1,2,9,1,50,26,10,1,38,38053,2,1,0,6,DIEDERICHS,45.59,5.27,16,2,1
202100016129,172Â 811,B01,1,1,1,5,8,0,-1,-1, -1,-1,2021,30.0,2,1,0,2,7,19,5,,4,RHIN (AVENUE DU),0,,2,4,1,2,0,0,3,, -1,1,0,1,50,29,9,5,67,67482,1,3,0,3,RHIN (AVENUE DU),48.56942,7.77828,0,2,2
202100004633,193Â 487,B01,3,2,1,0,1,0,-1,-1, -1,-1,2021,7.0,1,2,0,2,4,0,1,,1,AUTOROUTE A3,0,,3,3,0,1,13,0,1,, -1,2,0,1,90,5,12,3,93,93005,1,1,1,2,AUTOROUTE A3,48.95025,2.47478,18,3,2
202100036944,135Â 661,A01,10,3,1,0,0,-1,-1,6,9,1,2021,40.0,3,2,0,1,1,26,1,,4,kaweni-Kaweni nord ( Z I ),0,,2,0,0,1,0,0,1,, -1,1,0,8,50,4,5,1,976,97611,1,1,0,6,kaweni-Kaweni nord ( Z I ),-12.77279,45.22267,7,2,1
202100032808,143Â 133,A01,10,3,2,5,0,-1,-1,3,3,1,2021,33.0,2,5,0,1,3,1,1,,4,BENEBIG (RUE AUGUSTE),0,,2,3,0,1,0,0,1,, -1,1,0,1,50,22,6,5,988,98818,2,1,0,6,BENEBIG (RUE AUGUSTE),-22.2709,166.45257,17,2,1
202100024924,157Â 110,A01,1,1,1,5,2,-1,-1,0,0,-1,2021,29.0,2,1,0,0,0,1,5,,3,559,0,D,2,2,0,2,1,950,3,, -1,9,0,1,80,8,8,1,63,63219,1,1,0,7,lieu dit les gardes,45.794325,2.900434,12,2,2
202100048027,115Â 895,A01,10,3,2,0,8,8,-1,2,3,1,2021,25.0,3,2,0,1,0,9,1,,4,PIERRE DRAMARD (BOULEVARD),0,,2,2,0,1,(1),(1),1,, -1,1,0,1,50,14,3,2,13,13215,2,6,0,6,PIERRE DRAMARD (BOULEVARD),43.375,5.365523,7,2,1
202100046295,119Â 028,B01,1,1,1,5,2,6,-1,0,0,-1,2021,23.0,2,1,0,2,7,17,1,,1,8,-1,,3,5,0,1,189,400,1,, -1,1,7,1,50,28,3,1,6,6088,1,1,0,3,"A8, PK 189.400 chaussÃ©e nord",43.70052,7.188256,16,4,2
202100004362,193Â 962,A01,1,1,1,0,1,5,-1,0,0,-1,2021,57.0,2,2,0,2,1,1,1,,3,917,-1,,2,2,0,1,(1),(1),1,, -1,1,0,1,80,17,10,3,59,59269,1,1,0,2,D917,50.0471544934,3.0947327614,21,2,2
202100013493,177Â 618,B01,1,1,1,5,0,-1,-1,-1, -1,-1,2021,37.0,3,1,0,2,6,2,0,,4,BEZONS (RUE DE),0,,2,2,0,1,(1),(1),1,, -1,1,0,1,50,11,10,1,78,78124,2,6,1,3,BEZONS (RUE DE),48.90965,2.18714,9,3,2
202100009422,184Â 856,A01,10,3,1,0,8,8,-1,4,5,1,2021,7.0,3,5,0,1,3,1,1,,7,CARNOT (BLD) DE1 A 29,0,,1,2,0,1,(1),(1),1,, -1,1,0,6,50,4,11,1,59,59421,2,1,0,6,CARNOT (BLD) DE1 A 29,50.7035883121,3.1429213285,13,2,1
202100037037,135Â 498,A01,1,1,1,5,2,6,-1,0,0,-1,2021,26.0,1,1,0,2,3,3,1,,4,PORTE DOREE,0,,1,4,0,1,(1),(1),3,, -1,1,0,1,70,1,6,1,75,75112,2,4,0,5,PORTE DOREE,48.835991,2.412053,9,4,3
202100034994,139Â 145,A01,1,1,1,5,2,0,-1,0,0,-1,2021,27.0,3,1,0,2,1,26,1,,4,OBERLIN (RUE),0,,2,2,0,1,(1),(1),1,, -1,1,0,1,50,9,6,5,54,54395,2,2,0,3,OBERLIN (RUE),48.703330801,6.1818299443,23,4,2
202100022754,160Â 927,A01,1,1,2,0,8,0,-1,-1, -1,-1,2021,26.0,3,0,0,0,0,1,3,,3,BAC (AV DU),0,,2,2,0,1,0,0,1,, -1,1,0,1,30,23,8,1,94,94068,2,1,0,7,BAC (AV DU),48.79404,2.51284,12,1,1
202100045292,120Â 762,A01,1,1,1,5,1,-1,-1,0,0,-1,2021,82.0,1,2,0,2,1,19,1,,3,24,-1,D,2,2,0,1,4,400,1,, -1,1,5,1,80,4,4,1,29,29146,1,2,1,3,Lieu Dit la Trinite,47.918616,-3.81581,17,3,2
202100047121,117Â 540,B01,1,1,2,0,1,-1,-1,-1, -1,-1,2021,24.0,2,2,6,2,7,1,1,,4,REPUBLIQUE (DE)                     (R ),0,,2,2,0,1,(1),(1),1,, -1,1,0,1,50,21,3,5,69,69282,2,2,0,3,REPUBLIQUE (DE LA) (R),45.76669,5.00361,21,3,2
202100019044,167Â 596,A01,1,1,1,5,1,-1,-1,0,0,-1,2021,84.0,1,2,0,1,1,1,1,,3,988,-1,,2,2,0,1,73,990,1,, -1,1,0,1,50,13,9,1,81,81220,2,1,0,6,22 Promenade des Lices,43.821835,1.724349,15,1,1
202100012520,179Â 333,A01,2,2,2,5,2,6,-1,0,0,-1,2021,28.0,1,1,12,0,1,1,1,,7,112,-1,,2,2,1,1,9,482,2,, -1,1,9,3,50,17,10,1,34,34169,2,9,0,6,route de saint clement,43.670975,3.861254,17,2,1
202100053589,105Â 932,B01,2,2,2,5,1,-1,-1,-1, -1,-1,2021,70.0,1,2,0,2,4,23,1,,3,JEAN JAURES (AVENUE),0,,2,2,0,2,28,250,1,, -1,1,8,1,70,21,1,1,51,51230,2,1,0,4,Avenue Jean JaurÃ¨s,49.0491927689,3.9433863759,14,5,4
202100041854,126Â 812,A01,2,2,1,5,1,-1,-1,0,0,-1,2021,85.0,1,2,4,0,3,1,1,,1,13,-1,,1,5,0,1,125,850,1,, -1,1,0,1,130,1,5,1,27,27580,1,1,0,6,A13,49.353616,0.885,13,3,1
202100031739,145Â 024,A01,1,1,1,9,2,6,-1,0,0,-1,2021,40.0,0,1,1,0,4,16,1,,4,BOULEVARD DE LA TOUR MAUBOURG,0,,2,2,0,1,(1),(1),1,, -1,1,0,1,50,29,6,5,75,75107,2,2,0,6,BOULEVARD DE LA TOUR MAUBOURG,48.85727,2.309944,0,1,1
202100055944,101Â 884,B01,1,1,1,5,2,0,-1,0,0,-1,2021,71.0,2,1,0,2,1,1,5,,4,PLACE EDOUARD RENARD,0,,1,3,1,1,(1),(1),1,, -1,2,-1,5,50,7,1,2,75,75112,2,7,1,1,PLACE EDOUARD RENARD,48.835202,2.407015,8,2,2
202100009948,183Â 915,B01,1,1,1,1,2,-1,-1,0,0,-1,2021,18.0,1,1,0,2,0,2,5,,3,3,-1,,2,2,0,1,9,150,2,, -1,1,0,1,50,7,10,3,74,74165,1,1,0,6,DÃ©partementale 3,45.827805,5.988525,6,2,2
202100009297,185Â 082,B01,1,1,1,1,2,6,-1,-1, -1,-1,2021,38.0,2,1,0,2,1,2,1,,4,GASTON MONMOUSSEAU (R),0,,2,2,0,1,1,0,1,, -1,1,0,1,50,5,11,5,94,94041,2,1,0,2,Rue Gaston Monmousseau,48.80503,2.38122,21,2,2
202100053723,105Â 707,A01,1,1,1,5,2,6,-1,-1, -1,-1,2021,18.0,3,1,0,0,7,9,1,,4,PIECE NOYEE (ROND POINT DE LA),0,,3,4,0,4,0,0,1,, -1,2,9,1,50,24,1,1,64,64102,2,6,1,7,PIECE NOYEE (ROND POINT DE LA),43.49935,-1.48118,15,2,1
202100055294,102Â 983,B01,1,1,1,2,2,6,-1,-1, -1,-1,2021,16.0,1,1,0,2,1,1,1,,3,GETARIA(AVENUE),0,,2,3,0,1,20,0,1,, -1,1,0,1,50,11,1,2,64,64249,2,3,0,3,Avenue Getaria,43.42331,-1.60515,8,2,2
202100011113,181Â 867,A01,1,1,1,4,8,8,-1,0,0,-1,2021,25.0,1,2,0,2,3,22,1,,4,RUE LOUIS BLANC,0,,1,1,0,1,(1),(1),1,, -1,2,0,1,30,25,10,1,75,75110,2,1,0,2,RUE LOUIS BLANC,48.880746,2.365823,10,2,2
202100023370,159Â 845,A01,1,1,1,0,2,-1,-1,0,0,-1,2021,57.0,3,1,6,0,1,0,1,,4,,0,,2,1,1,1,(1),(1),1,,3,1,0,3,50,20,8,1,971,97107,2,1,0,6,rue valmy,16.044129341,-61.5931481123,14,1,1
202100042846,125Â 081,A01,1,1,1,0,8,0,-1,-1, -1,-1,2021,44.0,1,1,0,2,1,1,3,,4,GAULLE (AVENUE GENERAL DE),0,,2,0,2,1,(1),(1),1,, -1,1,0,1,50,22,4,1,66,66136,2,1,0,6,GAULLE (AVENUE GENERAL DE),42.6965,2.88069,18,2,2
202100046074,119Â 395,A01,10,3,1,5,0,-1,-1,1,2,1,2021,7.0,1,2,0,1,1,1,1,,4,LAFONTAINE     (rue),0,,2,2,0,1,(1),(1),1,, -1,1,0,1,50,28,3,2,69,69266,2,1,0,6,LAFONTAINE (R),45.76039,4.8799,19,2,1
202100017821,169Â 765,B01,1,1,2,1,1,-1,-1,-1, -1,-1,2021,22.0,2,2,0,2,5,23,1,,2,,0,,3,4,3,1,(1),(1),1,, -1,2,0,1,50,20,9,1,69,69029,2,1,1,2,JEAN MERMOZ (AV),45.7304089906,4.889023304,17,2,2
202100000068,201Â 629,A01,1,1,1,5,0,-1,-1,0,0,-1,2021,37.0,1,2,13,0,3,1,1,,3,14,0,A,2,2,0,2,1,870,3,, -1,2,0,3,80,30,12,3,21,21420,1,1,0,6,D14A,47.015463,4.569631,22,1,1
202100000572,200Â 680,A01,10,3,2,0,0,-1,-1,2,3,1,2021,75.0,1,5,0,1,1,1,6,,4,PRADO (AVENUE DU),0,,1,2,0,1,0,0,1,, -1,1,0,1,50,8,11,5,13,13208,2,6,0,1,PRADO (AVENUE DU),43.2721,5.3898,17,2,1
202100010047,183Â 736,A01,10,3,1,0,0,-1,-1,3,3,1,2021,33.0,1,5,0,1,7,2,1,,3,QUEUE-EN-BRIE (RTE DE LA),0,,2,2,0,1,1,0,1,, -1,2,0,1,50,31,10,3,94,94060,1,1,0,6,Route de la Queue En Brie,48.78157,2.56564,1,2,1
202100015487,174Â 022,A01,1,1,1,1,8,0,-1,-1, -1,-1,2021,51.0,2,2,0,2,1,14,1,,4,NAPOLEON III AVENUE IMPAIR,0,,2,2,0,2,(1),(1),2,, -1,1,0,1,50,1,10,5,201,201004,2,1,0,1,NAPOLEON III AVENUE IMPAIR,41.92388,8.73533,1,2,2
202100046683,118Â 330,A01,1,1,1,5,2,-1,-1,0,0,-1,2021,45.0,2,1,10,0,1,1,1,,2,20,-1,,2,2,0,2,68,920,2,, -1,1,0,3,80,21,3,1,202,202341,1,1,0,-1,RT 20 - PK 68+920,42.223846,9.179678,11,1,1
202100015498,174Â 002,A01,1,1,2,0,1,0,-1,-1, -1,-1,2021,40.0,3,2,0,2,4,1,1,,3,GABRIEL PERI (AVENUE),0,,2,2,0,1,0,0,1,, -1,2,0,1,50,2,10,5,91,91326,2,1,1,4,GABRIEL PERI (AVENUE),48.69582,2.36772,19,2,2
202100026798,153Â 822,Z01,10,3,1,1,8,8,-1,4,3,2,2021,23.0,1,5,0,1,0,15,1,,7,MALTERIES (RUE DES),0,,2,3,1,1,(1),(1),1,, -1,1,0,1,30,27,7,1,67,67447,2,1,0,6,MALTERIES (RUE DES),48.59998,7.73971,7,2,1
202100032869,143Â 015,B01,1,1,1,0,2,0,-1,0,0,-1,2021,27.0,3,1,0,2,4,2,1,,4,CHANZY (RUE DE),0,,1,1,2,1,(1),(1),1,, -1,1,0,1,30,18,6,5,54,54395,2,1,0,2,CHANZY (RUE DE),48.6910444934,6.1773077399,22,2,2
202100048512,115Â 046,A01,10,3,1,5,0,-1,-1,3,3,1,2021,80.0,3,1,0,2,3,17,1,,4,JAURES (AVENUE JEAN),0,,2,2,0,1,(1),(1),1,, -1,2,0,1,50,10,3,1,95,95018,2,1,1,6,JAURES (AVENUE JEAN),48.9398089529,2.234027136,17,3,1
202100033042,142Â 680,A01,1,1,2,1,1,0,-1,-1, -1,-1,2021,29.0,1,2,5,0,1,1,1,,1,A87N,0,,3,4,0,1,1,0,1,, -1,2,0,1,90,21,6,1,49,49267,2,1,0,6,A87N,47.4672,-0.51516,20,1,1
202100023314,159Â 940,A01,1,1,1,5,1,0,-1,0,0,-1,2021,84.0,2,2,0,2,7,14,1,,4,CHAUSSEE LA MUETTE,0,,2,4,0,1,(1),(1),1,, -1,1,0,1,30,19,8,1,75,75116,2,5,0,3,CHAUSSEE LA MUETTE,48.8581740669,2.2743443768,16,2,2
202100042126,126Â 329,C01,1,1,2,0,1,-1,-1,0,0,-1,2021,68.0,2,2,0,2,3,1,1,,3,158,-1,,2,2,0,1,8,60,1,, -1,1,0,1,50,30,4,4,89,89295,2,2,0,4,D158,47.818569,3.539271,4,4,3
202100030391,147Â 443,A01,10,3,2,3,0,-1,-1,2,3,1,2021,82.0,2,2,0,1,1,9,1,,4,RUE URSULE -REYNAUD D',0,,2,2,0,1,0,0,1,, -1,1,0,1,50,5,7,1,13,13103,2,1,0,1,RUE URSULE -REYNAUD D',43.63769,5.09771,10,2,1
202100012122,180Â 044,A01,1,1,1,5,2,6,-1,0,0,-1,2021,14.0,2,1,0,2,1,5,1,,4,,-1,,2,2,0,2,(1),(1),2,,3,1,0,1,50,20,10,1,73,73179,1,1,0,1,Route de Montaugier,45.588016,5.842125,13,2,2
202100013167,178Â 211,A01,1,1,1,4,1,-1,-1,0,0,-1,2021,47.0,1,2,0,2,1,13,1,,3,18,-1,,2,2,0,1,2,100,1,, -1,1,0,1,80,15,10,1,36,36225,1,1,0,1,,46.9817646597,1.247145251,13,2,2
202100000468,200Â 869,A01,3,2,1,0,1,0,-1,-1, -1,-1,2021,72.0,2,2,0,2,2,1,1,,3,RELIGIEUSES (ROUTE DES),0,,2,2,0,1,0,0,1,, -1,1,3,1,50,12,11,1,972,97209,2,3,0,3,RELIGIEUSES (ROUTE DES),14.61573,-61.05835,15,5,2
202100044785,121Â 660,A01,10,3,1,5,0,-1,-1,1,B,1,2021,85.0,2,4,0,1,1,9,1,,2,VOIE RAPIDE SUD 3 (RN 338),0,,3,3,0,1,1,0,1,, -1,2,0,1,110,2,2,3,76,76497,2,1,0,6,VOIE RAPIDE SUD 3 (RN 338),49.3890113723,1.0447857595,23,2,1
202100009071,185Â 492,A01,10,3,1,0,0,-1,-1,1,3,1,2021,38.0,2,1,0,1,1,1,1,,3,CHATEAUBOEUF (ROUTE DE),0,,2,2,0,2,0,0,1,, -1,1,0,1,50,5,11,5,972,97209,2,1,0,6,CHATEAUBOEUF (ROUTE DE),14.61846,-61.04564,21,2,1
202100008329,186Â 839,A01,2,2,1,5,1,-1,-1,0,0,-1,2021,20.0,2,2,16,0,7,1,1,,3,139,0,,2,2,0,1,14,200,1,, -1,2,0,1,80,13,11,2,79,79049,1,1,1,6,Route de Boisme Terves (Saint-Sauveur),46.805421,-0.462756,17,2,1
202100025167,156Â 670,B01,1,1,1,0,2,6,9,0,0,-1,2021,37.0,2,1,0,2,1,17,1,,3,1005,-1,,2,2,0,2,17,700,4,,4,1,0,1,70,8,8,1,1,1173,1,3,0,3,D1005,46.350184,6.056914,16,2,2
202100017042,171Â 162,A01,10,3,1,1,0,-1,-1,4,3,1,2021,55.0,1,2,0,1,1,15,1,,4,BOULEVARD DE PORT ROYAL,0,,2,6,0,1,(1),(1),1,, -1,1,0,1,30,25,9,1,75,75114,2,2,0,6,BOULEVARD DE PORT ROYAL,48.839671,2.336648,9,2,1
202100000758,200Â 356,B01,1,1,1,5,2,6,-1,-1, -1,-1,2021,68.0,1,1,0,2,2,17,1,,4,MADRID (RUE DE),0,,1,1,0,2,0,0,1,, -1,1,0,1,30,31,12,1,64,64122,2,1,0,3,55 Rue de Madrid,43.46916,-1.56997,11,2,2
202100022888,160Â 708,B01,2,2,2,0,1,0,-1,-1, -1,-1,2021,54.0,1,2,0,2,3,1,1,,1,86,0,,3,4,0,1,10,300,1,, -1,1,0,1,90,23,8,1,92,92036,1,1,0,3,AUTOROUTE A86,48.9372589587,2.3169021068,13,4,2
202100047254,117Â 295,A01,1,1,2,5,8,0,-1,0,0,-1,2021,49.0,1,1,0,9,1,1,5,,4,RUE DE RIVOLI,0,,2,0,1,1,(1),(1),1,, -1,1,-1,5,30,20,3,1,75,75101,2,1,0,6,RUE DE RIVOLI,48.859272,2.345946,13,1,1
202100053494,106Â 098,B01,1,1,1,1,2,8,-1,-1, -1,-1,2021,30.0,1,1,0,2,8,1,1,,3,GENERAL MALLERET JOINVILLE (AV DU),0,,3,1,3,2,1,0,1,, -1,2,9,1,50,27,1,1,94,94003,2,1,1,3,GENERAL MALLERET JOINVILLE (AV DU),48.80429,2.34312,8,2,2
202100012113,180Â 059,A01,1,1,2,5,8,-1,-1,0,0,-1,2021,36.0,2,2,13,0,1,17,1,,3,93,0,,2,2,0,1,18,0,2,, -1,2,0,1,80,20,10,1,45,45085,1,1,1,6,Faubourg de Montargis,47.828999,2.844656,17,1,1
202100053136,106Â 762,A01,2,2,2,5,1,-1,-1,0,0,-1,2021,51.0,2,2,6,0,1,6,1,,3,D915,-1,,2,2,0,1,5,350,1,, -1,2,0,3,50,30,1,5,60,60089,2,1,1,6,Route de Dieppe,49.2053222121,1.8639197628,20,2,1
202100037803,134Â 086,B01,10,3,2,5,0,-1,-1,3,3,1,2021,62.0,1,2,0,1,1,1,1,,4,,0,,1,1,0,1,(1),(1),1,, -1,1,0,1,50,28,5,1,29,29039,2,1,0,6,Quai Carnot,47.87591,-3.9142,12,3,2
202100001614,198Â 913,A01,1,1,1,1,8,4,-1,-1, -1,-1,2021,52.0,1,1,15,0,1,1,3,,4,GEORGES POMPIDOU (RUE),0,,1,2,2,1,(1),(1),2,, -1,1,0,5,50,21,12,1,10,10387,2,6,0,7,GEORGES POMPIDOU (RUE),48.2911123632,4.0884339807,12,1,1
202100045564,120Â 287,B01,1,1,1,0,8,0,-1,-1, -1,-1,2021,63.0,1,1,1,0,1,1,5,,4,MAILLETS (RUE DES) NÂ° PAIRS 14 ET >,0,,2,2,0,1,0,0,1,, -1,1,0,1,50,31,3,1,72,72181,2,1,0,3,MAILLETS (RUE DES) NÂ° PAIRS 14 ET >,48.01254,0.20645,10,2,2
202100046604,118Â 466,C01,1,1,1,0,1,0,-1,-1, -1,-1,2021,17.0,2,5,0,2,0,0,1,,7,POMPIDOU GEORGES (BOULEVARD),0,,2,2,0,1,36,400,1,, -1,1,0,1,70,28,1,3,42,42305,2,1,0,5,Boulevard Georges Pompidou,45.4680116132,4.4119519852,7,4,4
202100012173,179Â 962,A01,1,1,2,5,8,-1,-1,-1,0,-1,2021,34.0,1,0,0,2,1,26,3,,3,LECLERC (BLD DU GENERAL),0,,3,2,1,1,2,650,1,, -1,1,0,1,50,19,10,2,95,95018,2,3,0,3,Boulevard du General Leclerc,48.946238,2.235347,19,2,2
202100026612,154Â 138,B01,1,1,1,1,1,0,-1,-1, -1,-1,2021,60.0,1,2,0,2,6,1,1,,2,JAURES (BOULEVARD JEAN),0,,2,2,0,1,(1),(1),1,, -1,2,0,1,50,28,7,2,974,97411,2,1,1,2,JAURES (BOULEVARD JEAN),-20.88865,55.44923,6,2,2
202100005978,191Â 113,A01,1,1,1,5,8,0,-1,-1, -1,-1,2021,31.0,1,1,0,2,0,5,1,,4,TROIS LUCS A LA VALENTINE (ROUTE),0,,-1,2,0,1,0,0,1,, -1,1,0,1,50,26,11,1,13,13212,2,1,0,3,TROIS LUCS A LA VALENTINE (ROUTE),43.304407984,5.4739649215,14,2,2
202100036814,135Â 900,A01,10,3,2,3,0,-1,-1,3,3,1,2021,76.0,1,2,0,1,1,1,1,,4,CHAUDRIER   RUE,0,,2,1,1,1,(1),(1),1,, -1,1,0,1,30,1,6,1,17,17300,2,1,0,6,CHAUDRIER   RUE,46.16073,-1.15329,10,2,1
202100012694,179Â 026,A01,10,3,1,0,0,-1,-1,2,1,1,2021,71.0,2,2,8,1,4,4,1,,4,CASTEL MARLY RUE DU,0,,1,1,0,1,0,0,1,, -1,1,0,1,30,17,10,1,92,92050,2,1,0,6,CASTEL MARLY RUE DU,48.8891301295,2.1953324229,11,2,1