Num_Acc,id_vehicule,num_veh,place,catu,sexe,trajet,secu1,secu2,secu3,locp,actp,etatp,year_acc,victim_age,senc,catv,obs,obsm,choc,manv,motor,occutc,catr,voie,v1,v2,circ,nbv,vosp,prof,pr,pr1,plan,lartpc,larrout,surf,infra,situ,vma,jour,mois,lum,dep,com,agg_,int,atm,col,adr,lat,long,hour,nb_victim,nb_vehicules
202100029422,149Â 185,A01,1,1,1,5,2,6,-1,0,0,-1,2021,50.0,2,1,0,2,0,17,1,,3,FORGES (AVENUE DES),0,,2,2,0,1,1,50,1,, -1,1,0,1,50,10,7,1,65,65440,2,1,0,3,FORGES (AVENUE DES),43.24025,0.08187,21,2,2
202100042044,126Â 472,A01,10,3,2,5,0,-1,-1,3,3,1,2021,67.0,1,2,0,1,1,1,1,,4,EGLISE DE VAUCELLES (RUE DEL'),0,,2,3,0,1,1,0,1,, -1,1,0,1,50,26,4,1,14,14118,2,1,0,6,Rue de lâEglise de Vaucelles,49.17437,-0.354,17,2,1
202100037266,135Â 063,A01,1,1,1,5,2,6,-1,-1, -1,-1,2021,43.0,2,1,0,0,1,1,1,,4,De la Grotte Rolland (Bd),0,,2,2,0,2,(1),(1),1,, -1,1,0,1,30,31,5,5,13,13208,2,1,0,7,De la Grotte Rolland (Bd),43.23393,5.36391,23,1,1
202100005770,191Â 479,B01,1,1,1,0,2,8,-1,0,0,-1,2021,22.0,1,1,0,2,0,0,1,,4,,0,,2,2,0,1,(1),(1),1,, -1,1,0,1,50,29,11,5,6,6069,2,4,0,3,CANNES (ROUTE DE)  -RD 6085-,43.63948,6.94944,1,2,2
202100007130,189Â 024,A01,1,1,1,5,1,1,-1,0,0,-1,2021,30.0,2,2,1,0,2,14,1,,4,RUE DU GENERAL GALLIENI,0,,1,3,0,1,0,0,1,, -1,1,0,1,50,12,11,5,988,98818,2,2,0,6,RUE DU GENERAL GALLIENI/RUE DE LA SOMME,-22.27401,166.43913,4,4,1
202100022292,161Â 787,B01,1,1,1,4,1,0,-1,0,0,-1,2021,51.0,2,2,3,2,6,7,2,,4,BOULEVARD SAINT GERMAIN,0,,1,3,3,1,(1),(1),1,, -1,1,0,6,50,27,8,1,75,75105,2,2,0,3,BOULEVARD SAINT GERMAIN,48.85061,2.346456,10,2,2
202100054484,104Â 377,B01,1,1,1,1,1,5,-1,-1, -1,-1,2021,21.0,1,2,1,2,1,1,1,,3,PAUL VAILLANT COUTURIER (RUE),0,,2,2,0,1,1,1,1,, -1,1,0,1,50,19,1,1,93,93050,2,1,1,3,PAUL VAILLANT COUTURIER (RUE),48.8709195272,2.5545842521,14,2,2
202100004598,193Â 559,B01,1,1,1,5,2,-1,-1,0,0,-1,2021,18.0,2,1,0,2,1,1,0,,3,9,-1,,2,2,0,1,(1),(1),1,, -1,2,5,1,50,4,12,3,68,68367,2,4,1,3,D9,48.06981,7.481207,20,4,2
202100012591,179Â 212,A01,1,1,1,1,1,-1,-1,0,0,-1,2021,26.0,1,2,1,0,6,26,1,,3,919,0,,2,2,0,1,28,220,1,, -1,1,0,1,50,8,10,2,62,62073,2,1,1,3,176 Rue d Arras,50.33838,2.849343,8,2,2
202100022406,161Â 594,A01,1,1,1,3,1,8,-1,-1, -1,-1,2021,75.0,3,2,14,0,3,14,1,,4,RIVIERE (QUAI COMMANDANT),0,,2,2,2,1,0,0,1,, -1,1,9,1,50,25,8,5,83,83137,2,1,0,6,RIVIERE (QUAI COMMANDANT),43.135895,5.907193,21,1,1
202100003024,196Â 376,A01,4,2,2,5,8,-1,-1,0,0,-1,2021,16.0,0,2,2,0,8,1,1,,4,,-1,,2,1,0,2,(1),(1),3,,3,2,0,3,50,15,12,3,74,74082,2,1,1,6,Chemin du Carrousel,46.13764,6.1602,21,5,1
202100051933,108Â 879,B01,1,1,1,9,2,6,-1,-1, -1,-1,2021,18.0,1,1,9,2,1,0,1,,3,STALINGRAD (AV DE),0,,3,2,2,1,1,0,1,, -1,1,9,5,50,9,2,2,94,94076,2,2,0,2,Rue Daniel FÃ©ry,48.78404,2.36727,17,2,2
202100016872,171Â 464,B01,1,1,1,4,2,8,-1,-1, -1,-1,2021,53.0,2,1,0,2,1,1,1,,4,PALAIS-DES-EXPO (AVENUE DU),0,,2,2,0,1,0,0,1,, -1,1,0,1,50,23,9,1,66,66136,2,1,0,3,PALAIS-DES-EXPO (AVENUE DU),42.7078,2.90234,15,2,2
202100043375,124Â 133,B01,2,1,1,5,2,8,-1,-1, -1,-1,2021,40.0,2,1,0,2,1,1,5,,3,PORTE DE TRIVAUX (RUE DE LA) NÂ°1 A 55 ET,0,,2,2,1,1,0,0,1,, -1,1,0,5,50,20,4,1,92,92023,2,1,0,3,PORTE DE TRIVAUX (RUE DE LA) NÂ°1 A 55 ET,48.7877868225,2.2481197357,17,2,2
202100053737,105Â 689,B01,2,2,1,2,8,8,-1,-1, -1,-1,2021,4.0,1,1,0,2,7,26,5,,4,MOUEZY (AVENUE MONSEIGNEUR),0,,1,2,2,1,(1),(1),3,, -1,2,9,5,30,25,1,2,35,35238,2,6,0,2,MOUEZY (AVENUE MONSEIGNEUR),48.103916,-1.650125,8,3,2
202100023706,159Â 241,A01,1,1,1,0,2,0,-1,0,0,-1,2021,27.0,1,1,0,2,1,1,1,,4,MOUILLERON (RUE GABRIEL),0,,1,1,2,1,(1),(1),1,, -1,1,0,1,30,17,8,1,54,54395,2,2,0,3,MOUILLERON (RUE GABRIEL),48.6844,6.1728,11,2,2
202100038590,132Â 656,B01,1,1,2,0,1,-1,-1,0,0,-1,2021,59.0,0,2,0,0,1,0,1,,3,,-1,,2,2,0,1,34,460,1,, -1,1,0,1,-1,14,5,1,27,27191,2,1,0,1,28 Rue de Pacy (Fontaine-Heudebourg),49.125743,1.217406,17,2,2
202100046224,119Â 146,A01,10,3,2,5,0,-1,-1,3,3,1,2021,67.0,3,2,0,1,2,1,1,,4,HENRY HENON (PONT),0,,2,2,0,1,(1),(1),1,, -1,1,2,1,30,28,3,1,62,62193,2,1,1,6,HENRY HENON (PONT),50.96162,1.8476,15,2,1
202100036036,137Â 274,A01,1,1,1,1,1,-1,-1,0,0,-1,2021,51.0,2,2,0,0,1,0,1,,3,47,0,B,2,2,0,1,(1),(1),1,, -1,1,0,3,70,8,6,1,59,59126,1,1,0,7,D47b,50.305978,3.123449,7,1,1
202100010905,182Â 236,A01,10,3,1,1,0,-1,-1,2,2,1,2021,52.0,0,2,0,1,1,1,1,,4,TERRENOIRE (DE) A PARTIR NÃ¸ 34-41,0,,2,2,0,1,(1),(1),2,, -1,1,0,4,50,20,10,5,42,42218,2,1,0,6,Rue de Terrenoire,45.43328,4.41576,6,2,1
202100010914,182Â 220,A01,1,1,2,0,2,-1,-1,-1, -1,-1,2021,18.0,1,1,0,2,7,15,3,,4,AVE LENINE,0,,2,2,0,1,(1),(1),2,, -1,2,0,1,50,25,10,5,33,33039,2,6,1,3,Avenue LÃ©nine,44.7955,-0.55869,7,2,2
202100017664,170Â 049,A01,10,3,2,2,0,-1,-1,2,3,1,2021,14.0,2,2,0,1,3,0,6,,7,MARÃCHAL DE LATTRE (AVENUE),0,,2,-1,0,1,0,0,1,, -1,1,0,1,50,21,9,1,13,13209,2,1,0,3,MARÃCHAL DE LATTRE (AVENUE),43.24591,5.42086,7,2,1
202100040251,129Â 655,A01,10,3,2,1,0,-1,-1,3,3,1,2021,49.0,1,2,0,1,2,1,1,,3,118,-1,,2,2,0,1,59,600,1,, -1,1,0,1,50,12,5,1,11,11206,2,1,0,6,Avenue Francois Clamens,43.0628171248,2.2153705362,17,2,1
202100007040,189Â 172,A01,1,1,2,0,8,0,-1,0,0,-1,2021,20.0,3,1,0,2,3,1,3,,4,,0,,3,2,3,1,(1),(1),1,, -1,1,0,1,50,20,11,3,6,6088,2,2,0,2,BOSQUETS (AV. DES),43.68154,7.231285,3,2,2
202100014836,175Â 188,B01,1,1,1,5,8,0,-1,0,0,-1,2021,11.0,2,1,0,2,0,19,5,,4,AVENUE DE LA PORTE D ASNIERES,0,,-1,2,0,1,(1),(1),1,, -1,1,0,1,30,6,10,1,75,75117,2,2,0,3,AVENUE DE LA PORTE D ASNIERES,48.891073,2.302541,12,2,2
202100050090,112Â 202,A01,1,1,1,5,2,6,-1,0,0,-1,2021,14.0,3,0,16,0,0,1,1,,4,,0,,2,2,0,4,(1),(1),1,, -1,1,0,1,30,26,2,1,11,11004,1,4,0,7,Chemin du Bonnarel,43.101641,2.095267,16,1,1
202100032520,143Â 637,A01,1,1,1,1,2,0,-1,0,0,-1,2021,57.0,2,1,0,2,4,1,5,,4,QUAI DE GESVRES,0,,1,3,3,1,(1),(1),1,, -1,1,2,1,50,24,6,1,75,75104,2,1,0,2,QUAI DE GESVRES,48.857019,2.347911,19,2,2
202100018978,167Â 711,A01,1,1,1,0,2,6,-1,-1, -1,-1,2021,28.0,3,1,12,0,2,1,1,,3,RD 660,0,,1,2,1,1,(1),(1),1,, -1,1,0,1,50,14,9,5,10,10081,2,6,0,7,GENERAL SARRAIL (AVE),48.30277,4.02734,0,1,1
202100009569,184Â 603,B01,10,3,2,5,0,-1,-1,4,2,1,2021,20.0,1,2,0,1,0,15,0,,3,VALLEES (ROUTE DES),0,,2,2,0,1,0,1,1,, -1,1,0,1,50,2,6,1,74,74012,2,9,0,6,VALLEES (ROUTE DES),46.1927,6.24468,7,2,1
202100054759,103Â 916,A01,1,1,1,1,2,6,-1,-1, -1,-1,2021,21.0,2,1,12,0,7,1,1,,3,BAYONNE (AVENUE DE),0,,2,4,0,1,8,900,1,, -1,1,0,1,50,16,1,5,64,64024,2,1,0,7,BAYONNE (AVENUE DE),43.48301,-1.50356,18,1,1
202100006747,189Â 723,B01,1,1,2,5,1,-1,-1,0,0,-1,2021,57.0,2,2,0,0,4,2,1,,3,28,-1,,2,2,0,1,48,200,1,, -1,1,5,1,80,20,11,3,1,1353,1,4,0,2,D28,45.957206,4.801798,1,2,2
202100019614,166Â 579,B01,10,3,2,0,8,8,-1,2,9,1,2021,21.0,3,1,0,1,1,0,0,,4,LENINE (AVENUE),0,,-1,2,0,1,0,0,1,, -1,1,0,1,30,9,9,1,974,97407,2,1,0,6,LENINE (AVENUE),-20.94175,55.302161,8,2,1
202100049615,113Â 056,A01,2,2,1,0,1,0,-1,-1, -1,-1,2021,22.0,0,2,1,0,1,21,1,,4,VELAY. RUE DU,0,,2,2,0,1,0,0,4,, -1,1,9,1,30,11,2,1,76,76575,2,1,0,6,VELAY. RUE DU,49.37,1.09785,14,2,1
202100005483,191Â 990,B01,1,1,2,1,8,8,-1,-1, -1,-1,2021,50.0,3,1,12,0,1,2,5,,4,RUE DE LA LONGUERAIE,0,,1,1,0,1,0,100,3,, -1,2,5,1,50,29,11,5,91,91657,2,2,0,6,RUE DE LA LONGUERAIE,48.716169,2.43724,6,2,2
202100056187,101Â 458,A01,10,3,2,2,0,-1,-1,3,3,1,2021,20.0,1,4,0,1,1,16,1,,3,"""LANDY RD 20, NR IMPAIRS 1 A 144""",0,,2,3,3,1,0,1,1,, -1,1,0,1,50,4,1,1,93,93066,2,3,0,6,"""LANDY RD 20, NR IMPAIRS 1 A 144""",48.9153731697,2.3651259828,9,2,1
202100017081,171Â 097,A01,1,1,1,1,2,0,-1,0,0,-1,2021,49.0,2,1,4,0,2,14,1,,4,BOULEVARD SAINT MARTIN,0,,2,4,0,3,(1),(1),1,, -1,1,0,1,30,23,9,5,75,75103,2,1,0,6,BOULEVARD SAINT MARTIN,48.868574,2.358206,22,1,1
202100033722,141Â 485,A01,1,1,1,3,1,-1,-1,0,0,-1,2021,79.0,2,5,3,0,2,2,1,,3,23,0,D,2,2,0,2,5,491,1,, -1,1,2,4,80,14,6,1,43,43227,1,2,0,6,Chemin de Faridouay,45.288346,4.331478,13,1,1
202100035116,138Â 935,A01,10,3,2,0,0,-1,-1,2,B,1,2021,72.0,1,2,0,1,2,1,1,,2,20,-1,,2,2,0,1,62,900,3,, -1,1,0,1,50,11,6,1,202,202354,2,1,0,1,RT 20,42.171988,9.171031,10,2,1
202100012757,178Â 917,A01,1,1,1,1,2,6,-1,0,0,-1,2021,46.0,1,1,0,2,4,3,1,,2,RN3,0,A,1,1,0,1,15,317,1,, -1,1,0,1,70,27,5,1,77,77474,1,1,0,2,Trilbardou,48.957707,2.80323,18,2,2
202100055707,102Â 288,A01,2,2,1,5,2,6,-1,0,0,-1,2021,40.0,0,6,0,0,1,0,1,,4,,-1,,2,2,0,2,(1),(1),4,, -1,5,0,1,-1,9,1,1,25,25393,1,1,0,7,Falaise de ClÃ©mont,47.357634,6.78031,11,2,1
202100026247,154Â 780,C01,1,1,1,5,1,0,-1,-1, -1,-1,2021,56.0,2,2,0,2,4,2,1,,1,6,0,,1,3,0,2,8,560,1,, -1,1,0,1,110,31,7,1,91,91689,1,1,0,4,AUTOROUTE A6B,48.743389,2.321569,15,5,5
202100052341,108Â 159,A01,10,3,1,5,0,-1,-1,1,2,1,2021,72.0,2,2,0,1,2,1,1,,3,105,-1,,2,2,0,1,11,700,1,, -1,2,0,1,80,5,2,3,52,52365,1,1,1,3,D105,48.081118,4.920486,18,3,2
202100054976,103Â 545,B01,1,1,2,4,1,-1,-1,0,0,-1,2021,40.0,2,2,0,2,1,1,1,,3,228,0,,2,2,0,1,6,155,3,, -1,5,0,1,90,16,1,1,77,77049,1,1,1,1,D228,48.907911,2.926914,17,3,2
202100053409,106Â 255,A01,1,1,2,9,1,-1,-1,-1, -1,-1,2021,38.0,2,2,4,2,5,1,1,,7,383,0,,3,3,0,1,8,0,1,, -1,2,0,1,70,27,1,5,69,69029,1,1,1,2,RD383,45.74764,4.90695,20,2,2
202100014400,175Â 968,A01,1,1,1,9,2,6,-1,0,0,-1,2021,19.0,2,1,1,2,3,1,1,,4,AVENUE KLEBER,0,,2,3,0,1,(1),(1),1,, -1,1,0,1,30,8,10,5,75,75116,2,2,0,3,AVENUE KLEBER,48.868907,2.291505,22,2,2
202100045042,121Â 215,B01,1,1,2,0,1,0,-1,-1, -1,-1,2021,24.0,1,2,0,2,6,1,1,,3,AMIENS (RUE D') NÂ° 02 AU NÂ°128,0,,2,4,3,1,0,1,1,, -1,1,0,1,50,5,4,1,93,93059,2,1,0,3,AMIENS (RUE D') NÂ° 02 AU NÂ°128,48.9546350021,2.368240354,18,2,2
202100006692,189Â 818,A01,1,1,2,1,1,0,-1,-1, -1,-1,2021,18.0,1,2,4,0,1,9,1,,2,ECHANGEUR NÂ° 16 ( PAYS D ' AUGE ),0,,1,2,0,1,1,0,1,, -1,2,0,1,70,21,11,1,14,14437,1,1,1,6,ECHANGEUR NÂ° 16 ( PAYS D ' AUGE ),49.16584,-0.30411,13,1,1
202100046898,117Â 945,B01,2,2,2,2,1,-1,-1,0,0,-1,2021,18.0,1,2,0,2,1,1,1,,3,JUIN (BOULEVARD DU MARECHAL),0,,2,3,0,1,2,741,1,, -1,1,0,1,50,23,3,1,65,65440,2,1,0,4,JUIN (BOULEVARD DU MARECHAL),43.23714,0.05658,17,4,3
202100010377,183Â 160,A01,9,2,2,0,8,0,-1,-1, -1,-1,2021,22.0,-1,3,0,1,3,26,2,11.0,3,CHARLES GOUPPY (RUE),0,,2,2,0,1,1,0,1,, -1,1,0,1,50,29,10,1,93,93005,2,1,0,6,CHARLES GOUPPY (RUE),48.9420056734,2.4977325894,9,11,1
202100005301,192Â 315,B01,1,1,1,1,8,0,-1,-1, -1,-1,2021,21.0,1,1,0,2,2,1,5,,3,DESSAUX (RUE ANDRE DESSAUX),0,,2,2,0,1,(1),(1),1,, -1,2,0,1,50,1,12,5,45,45147,2,6,1,3,Rue AndrÃ© Dessaux,47.9238700784,1.9010639191,7,2,2
202100033397,142Â 070,A01,10,3,1,2,0,-1,-1,4,3,1,2021,10.0,3,2,0,1,1,1,2,,4,,0,,2,2,0,2,(1),(1),1,, -1,1,0,1,50,18,6,1,60,60175,2,3,0,6,Rue de la RÃ©publique,49.2607833891,2.474671483,8,2,1
202100029194,149Â 567,B01,1,1,2,5,1,-1,-1,0,0,-1,2021,73.0,1,2,0,2,5,1,1,,3,101,-1,,2,2,0,1,10,770,1,,7,1,0,1,80,13,7,1,56,56008,1,2,0,3,Prad Lann Tourlarec,47.622154,-2.893766,16,3,2
202100021492,163Â 220,A01,1,1,1,5,0,0,-1,-1, -1,-1,2021,70.0,2,1,0,2,7,15,5,,4,PEPINIERE (AV DE LA),0,,2,2,0,1,0,499,1,, -1,1,0,1,30,1,9,5,94,94033,2,2,0,3,Avenue de la Pepiniere,48.84452,2.45086,21,2,2
202100014500,175Â 790,A01,10,3,1,9,0,-1,-1,1,B,1,2021,51.0,1,2,0,1,3,1,1,,3,129,-1,,2,2,0,1,32,800,1,, -1,1,0,1,80,9,10,2,17,17256,1,1,0,6,D129,45.857925,-0.462751,19,3,1
202100010757,182Â 503,A01,1,1,1,1,8,0,-1,-1, -1,-1,2021,31.0,1,0,1,0,1,1,3,,3,BRIAND (AVENUE ARISTIDE) NÂ° 162 A 300,0,,3,6,1,1,0,0,1,, -1,1,0,1,50,27,10,5,92,92007,2,1,0,2,BRIAND (AVENUE ARISTIDE) NÂ° 162 A 300,48.7888936903,2.3189681768,19,2,2
202100006007,191Â 059,B01,1,1,1,0,2,6,-1,-1, -1,-1,2021,26.0,2,1,0,2,1,1,1,,3,PORT(RUE DU),0,,-1,2,0,1,0,0,1,, -1,2,0,1,50,27,11,5,94,94028,2,3,1,3,Rue du Port,48.80024,2.46639,18,2,2
202100033850,141Â 255,A01,10,3,2,5,8,8,-1,3,3,1,2021,81.0,1,2,0,1,2,1,1,,3,MATHAY (RUE DE),0,,2,2,0,1,0,654,1,, -1,1,0,1,50,17,6,1,25,25580,2,2,0,6,MATHAY (RUE DE),47.45922,6.82928,14,2,1
202100009682,184Â 400,A01,1,1,1,9,2,6,-1,0,0,-1,2021,31.0,2,1,0,2,1,2,1,,2,2,-1,,3,4,3,1,9,200,1,, -1,1,0,1,110,4,11,3,974,97418,1,1,0,2,N2,-20.899225,55.52318,20,2,2
202100026597,154Â 162,A01,1,1,1,4,1,0,-1,-1, -1,-1,2021,50.0,2,5,0,0,0,26,1,,1,A12 W,0,,1,3,0,1,0,500,1,, -1,1,0,1,90,29,7,1,78,78043,1,1,0,7,A12 W,48.840905,2.097178,9,1,1
202100053535,106Â 025,B01,9,2,1,2,1,-1,-1,0,0,-1,2021,19.0,3,2,0,1,6,23,1,,3,101,-1,,2,2,0,2,1,250,1,, -1,7,0,1,80,27,1,2,84,84047,1,4,0,6,D101,43.892102,5.368162,7,6,2
202100038575,132Â 695,B01,1,1,1,5,2,6,9,0,0,-1,2021,17.0,0,1,0,2,8,0,1,,3,53,0,U,3,2,0,1,0,10,1,, -1,1,0,1,80,24,5,1,67,67324,1,9,0,3,RD53,48.972654,7.688992,14,2,2
202100037247,135Â 101,A01,2,2,2,5,1,0,-1,-1, -1,-1,2021,22.0,3,2,0,2,5,15,1,,4,MIRABEAU (PONT),0,,2,3,0,1,(1),(1),1,, -1,1,2,1,50,3,5,1,37,37261,2,2,0,3,MIRABEAU (PONT),47.397575833,0.6993162705,19,3,2
202100021852,162Â 570,A01,1,1,1,5,2,-1,-1,0,0,-1,2021,45.0,2,1,13,0,0,1,1,,3,7,-1,D,2,2,0,1,9,600,3,, -1,8,0,3,-1,27,8,1,41,41092,1,1,0,7,D7,47.458679,1.328573,11,1,1
202100036296,136Â 807,A01,1,1,1,5,1,-1,-1,0,0,-1,2021,33.0,0,2,2,0,1,0,1,,4,,-1,,2,2,0,1,(1),(1),2,,5,1,0,3,70,6,6,2,972,97212,2,2,1,6,Croix Odilon,14.696705,-60.985504,5,1,1
202100023635,159Â 375,A01,3,2,1,5,1,2,-1,0,0,-1,2021,39.0,0,6,2,0,1,14,1,,4,,-1,,2,5,0,2,(1),(1),1,, -1,9,0,3,-1,19,8,1,63,63122,1,1,0,6,chemin communal,45.5147,3.044747,18,2,1
202100046263,119Â 081,A01,1,1,1,0,1,-1,-1,0,0,-1,2021,37.0,2,2,0,2,3,13,1,,4,,0,,2,2,0,1,(1),(1),2,, -1,1,0,1,50,27,3,1,69,69133,2,1,0,1,19 MARS 1962 (DU) (R),45.6369120118,4.7810462654,9,3,2
202100039661,130Â 699,B01,1,1,1,5,2,6,-1,0,0,-1,2021,17.0,1,1,0,2,1,1,1,,3,759,0,,2,2,0,1,13,935,1,, -1,1,0,1,50,16,5,1,86,86137,2,2,0,3,Avenue du Docteur Colas,47.005068,0.077832,18,2,2
202100011732,180Â 760,A01,3,2,2,5,1,0,-1,-1, -1,-1,2021,18.0,1,2,4,0,1,0,1,,1,A7   25.770 A 27.460,0,,3,3,0,2,27,0,3,, -1,1,0,2,110,25,9,3,38,38544,1,1,0,6,A7   25.770 A 27.460,45.5439548581,4.8425352573,4,2,1
202100036366,136Â 697,A01,2,2,2,9,1,0,-1,-1, -1,-1,2021,17.0,2,2,9,0,1,0,1,,3,CABASSOU (ROUTE DE),0,,2,2,0,1,1,500,1,, -1,1,0,8,50,4,6,1,973,97309,1,1,0,7,CABASSOU (ROUTE DE),4.91459,-52.30992,17,2,1
202100049643,113Â 005,A01,1,1,1,5,8,8,-1,-1, -1,-1,2021,18.0,2,1,1,0,1,2,1,,3,BALARUC LA PEYRADE (ROUTE DE),0,,2,2,0,1,2,272,1,, -1,1,0,1,80,23,2,1,34,34108,1,1,0,5,BALARUC LA PEYRADE (ROUTE DE),43.4415,3.71696,15,3,3
202100036023,137Â 297,B01,1,1,1,0,1,-1,-1,0,0,-1,2021,68.0,2,2,0,2,1,1,1,,2,20,-1,,2,2,0,1,109,500,1,, -1,1,0,1,80,8,6,1,202,202337,1,1,0,1,RT 20,42.468979,9.23314,10,3,2
202100026924,153Â 588,A01,1,1,1,1,2,6,-1,0,0,-1,2021,48.0,2,1,0,2,5,1,1,,2,330,0,,2,2,0,1,4,0,2,, -1,1,5,1,80,28,7,1,60,60341,1,6,0,3,,49.084969,2.757225,8,2,2
202100024559,157Â 760,B01,1,1,2,1,1,0,-1,-1, -1,-1,2021,26.0,1,2,0,2,3,1,1,,3,AV DU GENERAL DE GAULLE ,0,,2,4,0,1,1,0,1,, -1,1,0,1,50,12,8,1,94,94017,2,1,0,2,Avenue du GÃ©nÃ©ral de Gaulle,48.82115,2.48704,7,2,2
202100026352,154Â 592,B01,1,1,1,4,2,0,-1,-1, -1,-1,2021,28.0,1,1,0,2,2,19,1,,3,VAILLANT COUTURIER (AVENUE PAUL),0,,1,4,3,1,0,0,1,, -1,1,0,1,50,30,7,2,93,93008,2,1,0,3,VAILLANT COUTURIER (AVENUE PAUL),48.910574,2.441978,21,2,2
202100022784,160Â 875,B01,1,1,1,5,2,-1,-1,-1,0,-1,2021,19.0,2,1,0,2,1,13,1,,3,ROISSY(ROUTE DE),0,,2,2,0,1,1,0,1,, -1,1,0,1,50,22,8,1,95,95280,2,1,0,1,Route de Roissy,49.0117257812,2.4776168354,18,2,2
202100005457,192Â 036,A01,10,3,2,0,0,-1,-1,2,3,1,2021,35.0,3,2,0,1,2,1,1,,4,,-1,,3,2,0,1,(1),(1),1,,5,1,0,1,50,2,12,1,27,27275,2,4,0,6,14 Rue Jean-Moulin,49.162021,1.337929,15,2,1
202100008782,186Â 048,A01,1,1,2,1,2,6,-1,-1, -1,-1,2021,27.0,1,1,0,0,0,1,1,,4,,0,,2,2,0,1,0,0,1,, -1,1,0,1,50,9,11,1,92,92012,2,3,0,7,SEVRES (RUE DE) 1/55 - 2/40,48.83993183,2.22851976,8,1,1
202100029808,148Â 507,B01,1,1,2,4,1,0,-1,0,0,-1,2021,53.0,1,2,0,2,0,0,1,,4,CHAILLOUET RUE),0,,2,-1,0,1,0,0,1,, -1,1,0,1,50,9,7,1,10,10387,2,1,0,3,CHAILLOUET RUE),48.305355,4.085209,10,3,2
202100011885,180Â 481,A01,10,3,1,3,0,-1,-1,3,3,1,2021,71.0,2,2,0,1,1,1,1,,3,794,0,D,2,2,0,2,5,800,2,, -1,1,9,1,50,14,10,1,22,22048,2,9,1,6,18 Rue de l Arguenon,48.481438,-2.169403,11,2,1
202100028756,150Â 321,A01,2,2,2,5,1,-1,-1,0,0,-1,2021,22.0,2,2,0,2,1,2,1,,1,26,-1,A,2,4,0,1,136,25,1,, -1,1,0,1,130,17,7,1,59,59377,1,1,0,2,A26 PK 136+025,50.112075,3.160887,6,3,2
202100041435,127Â 538,A01,1,1,1,5,2,6,9,0,0,-1,2021,71.0,3,1,0,2,1,0,1,,4,114,0,,2,2,0,1,(1),(1),1,, -1,1,0,1,80,5,5,1,26,26096,1,1,0,3,4 Impasse de la Forge,45.07673,4.957516,14,2,2
202100027659,152Â 280,A01,1,1,2,0,8,0,-1,-1, -1,-1,2021,21.0,1,2,0,2,1,9,1,,1,A7-Sens Lyon vers Marseille,0,,1,3,0,2,270,500,1,, -1,1,0,1,110,21,7,1,13,13071,1,1,0,4,A7-Sens Lyon vers Marseille,43.40404,5.3422,19,3,3
202100004189,194Â 269,A01,1,1,2,1,1,-1,-1,0,0,-1,2021,49.0,2,2,3,0,4,1,1,,2,158,0,,1,4,0,1,9,0,1,, -1,7,0,1,110,9,12,3,14,14258,1,1,0,2,N158,48.894151,-0.217967,5,2,2
202100030273,147Â 651,A01,1,1,1,5,2,-1,-1,0,0,-1,2021,49.0,2,1,15,0,0,2,1,,3,675,-1,,2,2,0,2,21,650,4,, -1,1,0,1,90,26,6,1,41,41239,1,1,0,7,route dÃ©partementale 675,47.242444,1.35016,16,1,1
202100056159,101Â 504,A01,1,1,1,1,1,-1,-1,-1, -1,-1,2021,60.0,1,2,12,0,1,1,1,,3,D901,0,,2,2,0,1,34,586,2,, -1,2,0,4,70,5,1,3,50,50416,1,1,0,6,BRETON (RUE DU),49.65422,-1.70604,4,1,1
202100048833,114Â 472,A01,1,1,2,0,1,0,-1,-1, -1,-1,2021,39.0,1,2,0,2,1,2,2,,1,AUTOROUTE A6A,0,,1,3,0,1,0,800,1,, -1,1,0,1,90,8,3,1,94,94003,1,1,0,2,AUTOROUTE A6A,48.8112,2.33816,15,3,2
202100011450,181Â 252,A01,1,1,1,9,8,-1,-1,0,0,-1,2021,34.0,2,1,0,2,1,17,1,,2,5,0,,2,2,0,1,22,200,3,, -1,1,0,1,80,23,10,3,972,97227,1,1,0,6,Pointe Fusette,14.469074,-60.914243,22,4,3
202100049522,113Â 235,A01,10,3,2,5,0,-1,-1,4,3,1,2021,79.0,1,2,0,1,2,1,3,,4,AVENUE SECRETAN,0,,2,3,3,2,(1),(1),1,, -1,1,0,1,50,2,3,1,75,75119,2,2,0,6,AVENUE SECRETAN,48.881239,2.37324,8,2,1
202100022118,162Â 093,A01,1,1,1,1,2,0,-1,-1, -1,-1,2021,35.0,1,1,0,2,1,1,3,,4,BOULEVARD DE STRASBOURG,0,,2,5,1,1,(1),(1),1,, -1,1,0,5,30,28,8,1,75,75110,2,1,0,3,BOULEVARD DE STRASBOURG,48.870113,2.354695,14,2,2
202100020668,164Â 687,A01,10,3,2,2,0,-1,-1,1,3,1,2021,21.0,1,5,0,1,7,1,1,,4,RIMBAUD (AVE ARTHUR.....)DERRIERE AUCHAN,0,,2,2,0,1,(1),(1),1,, -1,1,0,1,50,4,9,1,62,62525,2,3,0,6,RIMBAUD (AVE ARTHUR.....)DERRIERE AUCHAN,50.739298,2.2643667,8,2,1
202100046599,118Â 472,A01,10,3,2,0,0,-1,-1,2,3,1,2021,13.0,3,2,0,1,1,1,1,,4,SCHUMANN BOULEVARD,0,,2,1,0,1,1,0,1,, -1,1,0,1,50,24,3,1,49,49007,2,1,0,6,SCHUMANN BOULEVARD,47.48939,-0.52691,8,2,1
202100018250,168Â 992,B01,1,1,1,5,2,7,-1,0,0,-1,2021,50.0,1,1,0,2,8,21,1,,3,1,0,,2,1,0,1,37,730,1,,5,1,0,1,80,19,9,1,2,2217,1,1,0,1,"D1, coucy",49.513674,3.310168,17,2,2