Num_Acc,id_vehicule,num_veh,place,catu,sexe,trajet,secu1,secu2,secu3,locp,actp,etatp,year_acc,victim_age,senc,catv,obs,obsm,choc,manv,motor,occutc,catr,voie,v1,v2,circ,nbv,vosp,prof,pr,pr1,plan,lartpc,larrout,surf,infra,situ,vma,jour,mois,lum,dep,com,agg_,int,atm,col,adr,lat,long,hour,nb_victim,nb_vehicules
202100023493,159Â 636,A01,1,1,1,5,2,-1,-1,0,0,-1,2021,18.0,3,1,0,2,8,15,5,,3,201,0,,2,2,0,2,6,420,1,, -1,1,0,1,80,19,8,1,49,49218,1,2,0,1,D201,47.270581,-0.985615,18,2,2
202100052850,107Â 247,A01,1,1,1,0,8,0,-1,-1, -1,-1,2021,24.0,2,5,0,2,5,1,1,,1,A86,0,,3,6,0,1,75,0,3,, -1,1,0,1,70,1,2,1,92,92063,1,1,0,3,A86,48.8714480597,2.1568102187,12,2,2
202100049554,113Â 180,B01,1,1,1,1,2,-1,-1,0,0,-1,2021,38.0,1,1,0,2,1,17,5,,3,215,-1,,2,2,0,1,32,300,1,, -1,1,0,1,30,2,3,1,77,77357,2,2,0,3,27 avenue du gÃ©nÃ©ral de gaulle,48.656227,3.078806,16,2,2
202100016923,171Â 371,B01,1,1,2,0,1,0,-1,-1, -1,-1,2021,23.0,1,2,14,2,4,1,1,,4,PONT CHER (AVENUE DE),0,,1,2,0,1,(1),(1),1,, -1,2,0,1,50,25,9,5,37,37261,2,1,1,2,PONT CHER (AVENUE DE),47.3724202574,0.6781704614,20,2,2
202100043255,124Â 341,B01,1,1,1,5,0,-1,-1,0,0,-1,2021,11.0,3,1,0,2,8,15,5,,4,,-1,,2,2,0,1,(1),(1),1,,5,1,0,1,50,21,4,1,45,45196,2,3,0,3,Rue du Gris Meunier,47.8465979978,1.7914614036,14,2,2
202100000270,201Â 239,A01,1,1,1,5,2,-1,-1,0,0,-1,2021,70.0,2,1,0,2,2,1,1,,3,932,-1,E,2,1,0,2,(1),(1),3,, -1,1,0,1,50,14,10,1,33,33036,2,1,0,3,Cours du MarÃ©chal Foch,44.430114,-0.214244,17,2,2
202100042880,125Â 019,A01,1,1,1,0,1,-1,-1,-1, -1,-1,2021,71.0,2,2,1,2,2,13,1,,4,AVE DE L'ARGONNE,0,,-1,2,0,1,(1),(1),1,, -1,1,0,1,70,21,4,1,33,33281,2,1,0,4,Avenue de lâArgonne,44.8259,-0.68121,15,5,5
202100026016,155Â 175,A01,1,1,1,0,2,0,-1,-1, -1,-1,2021,37.0,2,1,0,2,1,1,1,,3,1,0,,-1,2,0,1,0,0,3,, -1,1,9,1,50,1,8,1,92,92044,2,1,0,2,CHARLES PASQUA (QUAI) 32 A 58,48.900182,2.282531,18,2,2
202100033504,141Â 893,B01,2,2,2,5,1,-1,-1,0,0,-1,2021,67.0,2,2,0,2,3,1,1,,3,12,-1,,2,2,0,3,5,340,2,, -1,1,0,1,80,19,6,1,86,86204,1,1,0,3,1 Rue du GuÃ© de Vue,46.616518,0.218886,11,4,2
202100049249,113Â 725,A01,10,3,2,5,0,-1,-1,9,3,1,2021,65.0,3,2,0,1,1,1,1,,4,MARGUERITE (AVENUE GENERAL),0,,2,2,0,1,(1),(1),1,, -1,1,9,1,50,1,3,1,51,51230,2,1,0,7,Avenue GÃ©nÃ©ral Margueritte,49.0290777704,3.9551516936,8,2,1
202100002360,197Â 564,B01,6,2,1,0,1,0,-1,-1, -1,-1,2021,1.0,1,2,0,2,6,1,1,,2,GALMOT (AVENUE),0,,1,2,0,1,0,50,1,, -1,1,9,1,50,17,12,1,973,97302,2,1,0,2,GALMOT (AVENUE),4.9309368903,-52.3296863437,8,4,2
202100006639,189Â 920,B01,1,1,2,1,8,0,-1,-1, -1,-1,2021,42.0,3,1,0,2,7,19,3,,4,DELESTRAINT(AVENUE DU GENERAL),0,,3,2,0,1,(1),(1),3,, -1,1,6,1,50,17,11,1,56,56260,2,1,0,3,DELESTRAINT(AVENUE DU GENERAL),47.6553,-2.73948,11,2,2
202100011938,180Â 387,A01,1,1,2,0,1,0,-1,-1, -1,-1,2021,47.0,1,2,0,2,4,24,1,,1,A7-Sens Lyon vers Marseille,0,,1,3,0,1,273,0,1,, -1,2,0,1,90,21,10,1,13,13215,1,1,1,2,A7-Sens Lyon vers Marseille,43.3771,5.3582,9,2,2
202100024701,157Â 489,A01,1,1,2,1,1,0,-1,-1, -1,-1,2021,24.0,1,2,0,2,1,2,1,,1,A4,0,,-1,3,0,1,6,199,1,, -1,1,0,1,90,11,8,1,94,94052,1,1,0,2,A4,48.82647,2.46656,14,2,2
202100055089,103Â 344,A01,10,3,2,1,0,-1,-1,2,3,1,2021,22.0,1,2,0,1,2,1,1,,4,POMPIDOU (AVENUE DU PRESIDENT),0,,2,2,0,1,0,0,1,, -1,2,0,1,50,14,1,5,92,92063,2,1,1,6,POMPIDOU (AVENUE DU PRESIDENT),48.8709782107,2.1951319277,8,2,1
202100022827,160Â 808,A01,4,2,1,0,1,0,-1,-1, -1,-1,2021,15.0,3,2,9,0,1,21,1,,4,JAURES (PLACE JEAN),0,,2,1,0,1,0,0,1,, -1,2,9,1,50,23,8,2,93,93073,2,9,1,1,JAURES (PLACE JEAN),48.95,2.58,5,3,1
202100023734,159Â 194,A01,1,1,1,0,8,8,-1,0,0,-1,2021,36.0,1,2,0,2,1,5,1,,3,GORBIO (ROUTE DE),0,,2,2,0,2,1,508,3,, -1,1,0,1,50,14,8,1,6,6083,2,1,0,5,GORBIO (ROUTE DE),43.773508,7.476759,14,10,3
202100016925,171Â 367,A01,1,1,2,5,1,0,-1,-1, -1,-1,2021,18.0,1,2,4,0,8,1,1,,4,ALOUETTE (AVENUE),0,,3,4,0,1,(1),(1),3,, -1,1,0,1,50,24,9,5,37,37261,2,1,0,3,ALOUETTE (AVENUE),47.3625889831,0.6958617831,20,4,1
202100054211,104Â 847,A01,1,1,2,5,2,8,-1,-1, -1,-1,2021,54.0,3,1,0,2,1,1,1,,4,BERTHIER (RUE),0,,2,2,0,1,(1),(1),1,, -1,1,0,1,50,19,1,1,37,37261,2,3,0,6,BERTHIER (RUE),47.4251252974,0.6752381913,12,2,2
202100053100,106Â 817,A01,1,1,1,4,2,6,-1,-1, -1,-1,2021,22.0,1,1,0,2,1,1,1,,4,SCHNEIDER (AVENUE),0,,-1,2,0,1,0,0,1,, -1,2,0,1,30,30,1,1,92,92023,2,4,0,3,SCHNEIDER (AVENUE),48.8077172479,2.2514650226,10,2,2
202100009541,184Â 657,B01,1,1,1,0,1,-1,-1,0,0,-1,2021,51.0,0,2,0,2,7,9,1,,3,916,0,,3,2,0,1,22,500,1,, -1,1,0,1,80,28,10,1,60,60133,1,2,0,3,intersection RD 94 et RD 916,49.535915,2.384527,13,2,2
202100017667,170Â 044,A01,1,1,1,0,8,0,-1,0,0,-1,2021,32.0,0,1,12,9,1,1,3,,4,,0,,2,2,0,4,(1),(1),1,, -1,1,0,1,50,18,9,5,6,6012,2,5,0,6,FOCH (AVENUE MARECHAL),43.7405,7.4212,5,1,1
202100012215,179Â 882,A01,1,1,1,2,2,6,-1,0, -1,-1,2021,14.0,2,1,0,0,2,2,1,,4,LE LAY ( AVENUE ALAIN ),0,,1,2,0,1,(1),(1),1,, -1,2,0,1,50,19,10,5,29,29039,2,1,1,7,Avenue Alain le Lay,47.87487,-3.91843,7,1,1
202100032568,143Â 555,A01,10,3,1,2,0,-1,-1,9,3,-1,2021,10.0,3,2,0,1,0,0,1,,3,172,0,,2,2,0,2,(1),(1),1,, -1,1,0,1,50,11,6,1,58,58134,2,1,0,6,Rue Paul Vaillant Couturier,46.927513,3.262532,12,2,1
202100026000,155Â 205,Z01,10,3,1,5,8,8,-1,4,3,1,2021,50.0,2,1,0,1,1,1,1,,4,LIBERATION (BOULEVARD),0,,2,2,0,1,0,0,1,, -1,1,0,1,50,1,8,1,13,13205,2,1,0,6,LIBERATION (BOULEVARD),43.3008035067,5.3905386512,13,2,1
202100015209,174Â 515,B01,1,1,1,0,1,0,-1,-1, -1,-1,2021,33.0,1,2,0,2,4,2,1,,1,AUTOROUTE A1,0,,1,3,0,1,35,299,1,, -1,2,0,1,110,5,10,1,60,60631,1,1,1,5,AUTOROUTE A1,49.1499596936,2.5829930304,17,3,3
202100038505,132Â 815,B01,2,2,1,4,1,-1,-1,-1, -1,-1,2021,36.0,1,5,0,2,2,26,1,,4,PASTEUR                             (R ),0,,-1,1,2,1,(1),(1),1,, -1,1,5,6,50,25,5,5,69,69387,2,2,0,3,PASTEUR (R),45.75132,4.83872,0,4,2
202100026557,154Â 227,B01,1,1,1,0,2,6,-1,0,0,-1,2021,41.0,3,1,0,0,0,1,1,,3,116,-1,,3,2,0,2,(1),(1),3,, -1,1,0,1,80,21,7,1,50,50178,1,1,0,7,Village le Pied Sablon,49.676993,-1.473541,18,2,2
202100017559,170Â 241,A01,1,1,1,0,2,6,-1,0,0,-1,2021,40.0,2,1,0,2,1,2,1,,3,104,-1,,2,1,0,1,5,1400,1,, -1,1,0,1,-1,22,9,1,7,7255,2,1,0,4,D104,44.756257,4.70717,17,3,3
202100054929,103Â 627,B01,1,1,2,9,1,0,-1,-1, -1,-1,2021,22.0,1,2,0,2,4,2,1,,4,GENERAL LECLERC (AV DU),0,,1,1,0,1,1,0,1,, -1,2,9,1,50,14,1,1,94,94068,2,1,1,2,Avenue du GÃ©nÃ©ral Leclerc,48.80713,2.50051,14,2,2
202100000606,200Â 621,B01,2,2,2,0,1,0,-1,0,0,-1,2021,25.0,1,2,0,2,1,1,1,,7,,0,,3,4,0,1,(1),(1),1,, -1,1,0,1,50,24,12,2,63,63113,2,2,0,3,MOULIN (BD JEAN)/ parlette,45.77692,3.11771,17,3,2
202100018342,168Â 839,B01,1,1,1,0,0,-1,-1,-1, -1,-1,2021,16.0,1,1,0,2,7,19,5,,3,PINS (RUE DES),0,,2,2,0,1,0,308,1,, -1,1,0,1,30,14,9,1,56,56162,2,1,0,3,PINS (RUE DES),47.7342,-3.43283,18,2,2
202100032682,143Â 350,B01,1,1,1,0,2,6,-1,-1, -1,-1,2021,61.0,0,1,0,2,1,1,1,,7,SARNICO (RP),0,,2,2,0,1,0,0,1,, -1,1,0,1,50,23,6,1,13,13075,2,1,0,3,SARNICO (RP),43.342,5.46,13,2,2
202100044784,121Â 661,A01,1,1,1,0,1,0,-1,-1, -1,-1,2021,42.0,2,2,0,2,6,1,1,,1,AUTOROUTE A3,0,,1,2,0,3,7,849,2,, -1,1,3,1,70,7,4,2,93,93010,1,1,0,2,AUTOROUTE A3,48.90493,2.4713,19,2,2
202100047876,116Â 165,B01,1,1,2,3,1,-1,-1,0,0,-1,2021,23.0,1,2,0,2,2,1,1,,3,606,-1,,2,3,0,1,73,50,2,, -1,2,0,1,80,16,3,1,89,89105,1,1,1,3,D606,47.899053,3.521121,17,2,2
202100041757,126Â 969,A01,10,3,2,0,0,-1,-1,2,3,1,2021,16.0,1,2,0,1,7,1,1,,4,m'tsapere-Said CafÃ© (rue),0,,2,0,0,1,0,0,1,, -1,1,0,1,50,20,4,1,976,97611,2,1,0,6,m'tsapere-Said CafÃ© (rue),-12.7935,45.21698,14,2,1
202100022872,160Â 734,A01,1,1,1,5,2,6,9,0,0,-1,2021,37.0,1,1,0,0,7,1,1,,3,13,0,D,2,2,0,1,(1),(1),3,, -1,1,0,1,80,21,8,1,88,88241,1,1,0,7,D13,48.307129,5.891094,19,1,1
202100028980,149Â 924,A01,1,1,1,0,2,0,-1,0,0,-1,2021,55.0,1,1,14,0,1,17,1,,4,CESSOLE (BD DE) (A PARTIR DU 101-114),0,,2,3,3,2,(1),(1),1,, -1,1,0,1,50,14,7,1,6,6088,2,1,0,6,Boulevard de Cessole,43.71933,7.25209,13,2,2
202100033535,141Â 829,A01,1,1,1,0,1,8,-1,-1, -1,-1,2021,74.0,1,2,4,0,3,1,1,,3,RD 41 (ROCADE),0,,1,1,0,2,6,199,2,, -1,1,2,1,60,18,6,1,972,97209,1,1,0,7,RD 41 (ROCADE),14.6060237976,-61.0881364346,9,1,1
202100008856,185Â 909,A01,10,3,1,0,0,-1,-1,1,3,1,2021,40.0,1,5,0,1,3,26,0,,3,ROUGET DE L'ISLE (BOULEVARD),0,,1,1,0,1,1,0,1,, -1,1,0,1,30,7,11,2,93,93048,2,1,0,6,ROUGET DE L'ISLE (BOULEVARD),48.85959,2.4385,17,2,1
202100041472,127Â 474,A01,1,1,1,1,2,6,-1,-1, -1,-1,2021,27.0,2,1,0,2,1,2,1,,1,A57,0,,3,4,0,1,2,0,1,, -1,1,0,1,90,4,5,1,83,83137,1,1,0,2,A57,43.129377,5.977443,7,2,2
202100029103,149Â 728,B01,1,1,1,0,1,0,-1,-1, -1,-1,2021,54.0,2,2,0,2,2,1,1,,7,SCHIRMECK (ROUTE DE),0,,2,4,1,1,(1),(1),1,, -1,1,0,1,50,12,7,1,67,67482,2,1,0,3,SCHIRMECK (ROUTE DE),48.5638098753,7.7046823069,15,2,2
202100020067,165Â 755,B01,1,1,1,4,2,6,-1,-1, -1,-1,2021,37.0,3,1,9,2,1,1,1,,4,RIPES (DES)                         (CH),0,,2,2,1,1,(1),(1),1,, -1,1,0,1,50,7,9,1,69,69275,1,2,1,3,RIPES (DES) (CHM),45.75394,4.9733,18,2,2
202100053732,105Â 696,B01,1,1,1,5,2,-1,-1,-1, -1,-1,2021,17.0,1,1,0,2,7,17,1,,3,MATIGNON (AV DES),0,,2,2,2,1,0,1,1,, -1,1,0,1,50,23,1,1,50,50218,2,1,0,3,MATIGNON (AV DES),48.83771,-1.57337,14,2,2
202100035604,138Â 078,A01,1,1,2,5,1,-1,-1,0,0,-1,2021,32.0,2,2,0,2,8,15,1,,3,909,-1,,2,2,0,2,27,8,2,, -1,1,0,1,-1,10,6,1,34,34096,1,9,0,3,D909,43.562652,3.180622,12,4,2
202100047961,116Â 009,B01,3,2,2,1,8,0,-1,-1, -1,-1,2021,47.0,3,3,1,0,5,24,1,2.0,4,LEDRU ROLLIN (AV),0,,2,2,0,1,1,0,1,, -1,2,0,1,30,15,3,2,94,94058,2,1,1,2,LEDRU ROLLIN (AV),48.83826,2.49468,7,3,2
202100022441,161Â 525,B01,1,1,1,5,2,-1,-1,-1, -1,-1,2021,14.0,1,1,1,0,1,1,5,,4,CHALAIS (SQUARE DES HAUTES),0,,2,2,1,1,(1),(1),1,, -1,1,0,5,50,26,8,1,35,35238,2,1,0,3,CHALAIS (SQUARE DES HAUTES),48.0910596326,-1.678604815,14,2,2
202100016262,172Â 565,A01,2,2,2,0,1,0,-1,-1, -1,-1,2021,56.0,1,2,8,0,1,14,1,,4,DESVALLIERES (CHEMIN),0,,2,2,0,2,0,0,3,, -1,2,0,4,50,25,9,5,92,92077,2,4,1,6,RONCE (RUE DE LA),48.8240298742,2.1973601729,19,2,1
202100015436,174Â 117,A01,1,1,2,5,1,8,-1,-1, -1,-1,2021,45.0,2,2,0,2,6,23,1,,1,A507 sens Aubagne- Marseille,0,,3,2,0,3,10,0,1,, -1,1,0,1,70,1,10,5,13,13055,1,1,0,2,A507 sens Aubagne- Marseille,43.29509,5.42479,21,6,2
202100049542,113Â 202,B01,1,1,2,9,1,0,-1,-1, -1,-1,2021,36.0,1,2,0,2,5,1,1,,4,EMILE DESPREZ,0,,2,1,0,1,0,0,1,, -1,1,0,1,30,28,2,5,93,93029,2,3,0,3,CASTELNAU (AVENUE),48.92916,2.45822,1,2,2
202100024402,158Â 066,A01,1,1,1,5,2,6,9,0,0,-1,2021,34.0,1,1,13,0,1,16,1,,3,776,-1,,2,2,0,1,0,239,3,, -1,1,0,3,80,13,8,1,50,50410,1,1,0,6,La Bergerie - Ardevon (Pontorson),48.612108,-1.498121,18,1,1
202100010824,182Â 383,B01,1,1,1,5,2,-1,-1,-1, -1,-1,2021,37.0,1,1,0,2,3,3,1,,2,ROUTE NATIONALE 230,0,,3,6,0,2,37,700,2,, -1,1,0,1,90,27,10,1,33,33065,1,1,0,3,ROUTE NATIONALE 230,44.82837,-0.50391,17,2,2
202100047483,116Â 889,A01,10,3,1,5,0,-1,-1,8,3,1,2021,82.0,3,2,0,1,4,20,1,,4,FAVRE (RUE),0,,2,2,0,1,(1),(1),1,, -1,2,0,1,-1,22,1,1,73,73065,2,1,1,6,FAVRE (RUE),45.5668,5.92065,16,2,1
202100034768,139Â 566,A01,1,1,1,1,2,6,-1,0,0,-1,2021,41.0,1,1,8,0,1,14,1,,3,HONFLEUR (ROUTE D'HONFLEUR),0,,2,2,0,2,1,0,2,, -1,1,0,3,70,11,6,1,14,14699,1,9,0,7,D62,49.34542,0.10424,20,1,1
202100033555,141Â 785,B01,1,1,1,0,2,-1,-1,-1, -1,-1,2021,21.0,3,1,0,2,3,1,1,,4,TEMPS MODERNES (DES)            (AV),0,,2,2,1,1,(1),(1),1,, -1,1,0,1,50,18,6,5,69,69290,2,2,0,3,TEMPS MODERNES (DES) (AV),45.7076652494,4.9189567566,22,3,2
202100042543,125Â 583,B01,1,1,1,0,2,6,-1,0,0,-1,2021,19.0,0,1,0,2,1,17,1,,9,,-1,,2,2,0,1,(1),(1),1,, -1,1,0,1,50,24,3,1,40,40312,2,1,0,3,44 Avenue du 1er Mai,43.536642,-1.496662,17,2,2
202100031918,144Â 695,B01,1,1,1,0,8,0,-1,0,0,-1,2021,28.0,3,1,0,2,7,9,6,,4,VALMY (RUE DE),0,,2,2,0,1,1,0,1,, -1,1,0,1,50,28,6,1,93,93048,2,2,0,3,Rue de Valmy / Rue Armand Carrel,48.85076,2.41827,17,2,2
202100009855,184Â 084,A01,2,2,2,5,1,-1,-1,0,0,-1,2021,20.0,1,2,6,0,2,1,1,,7,46,0,B,2,2,0,2,9,400,4,, -1,1,2,1,80,2,11,3,13,13087,1,1,0,6,campagne blanche,43.46989,5.5892648,19,2,1
202100020127,165Â 649,B01,1,1,1,0,2,6,-1,-1, -1,-1,2021,28.0,1,1,0,2,1,0,0,,3,PASTEUR (BOULEVARD) DE 1 A 39,0,,3,2,0,1,0,0,1,, -1,2,0,1,50,8,9,5,93,93027,2,2,1,1,PASTEUR (BOULEVARD) DE 1 A 39,48.92,2.38306,22,2,2
202100016977,171Â 274,B01,4,2,2,9,1,8,-1,-1, -1,-1,2021,4.0,1,2,0,2,1,1,1,,4,PAUL CLAUDEL (BOULEVARD),0,,2,4,0,1,0,0,1,, -1,1,0,1,50,25,9,1,13,13210,2,1,0,3,PAUL CLAUDEL (BOULEVARD),43.26927,5.42098,17,3,2
202100033672,141Â 574,B01,1,1,1,9,8,0,-1,-1, -1,-1,2021,47.0,1,1,0,2,2,1,3,,3,LANDY (RUE DU) 34/29 =>,0,,2,2,0,1,0,0,1,, -1,1,0,1,50,18,6,1,93,93066,2,1,0,3,LANDY (RUE DU) 34/29 =>,48.9154211613,2.363268882,10,2,2
202100047291,117Â 231,A01,2,2,1,0,1,-1,-1,0,0,-1,2021,33.0,2,2,13,0,2,1,1,,3,35,-1,,2,2,0,1,6,200,2,, -1,1,0,3,90,20,3,1,3,3018,1,1,0,7,D35 PK06,46.253562,3.246546,16,2,1
202100050334,111Â 730,A01,1,1,1,1,2,6,-1,-1, -1,-1,2021,22.0,1,1,4,0,5,0,1,,2,PORTE DE LA RIGOURDIERE,0,,3,4,0,2,0,500,2,, -1,1,3,2,70,24,2,1,35,35051,1,1,1,6,PORTE DE LA RIGOURDIERE,48.11523,-1.57263,9,1,1
202100001277,199Â 478,B01,1,1,1,0,2,0,-1,-1, -1,-1,2021,67.0,0,1,0,2,1,1,1,,4,VERT COTEAU (AVE DU),0,,2,2,0,1,0,0,1,, -1,2,0,1,50,26,12,5,83,83137,2,1,0,3,VERT COTEAU (AVE DU),43.12565,5.94591,17,2,2
202100049129,113Â 936,B01,1,1,1,9,2,8,-1,0,0,-1,2021,37.0,3,1,0,2,0,18,1,,4,AVENUE DE LA PORTE DES LILAS,0,,1,2,0,1,(1),(1),1,, -1,2,0,1,50,4,3,1,75,75120,2,5,1,3,AVENUE DE LA PORTE DES LILAS,48.877605,2.40835,14,2,2
202100025728,155Â 694,B01,2,2,2,5,1,0,-1,0,0,-1,2021,80.0,1,2,0,2,1,1,1,,3,RD 2009,0,,2,2,0,2,19,399,1,, -1,1,0,1,80,31,7,1,63,63300,1,1,0,5,RD 2009,45.9129103873,3.1311249733,14,4,3
202100043463,123Â 972,A01,1,1,1,9,2,6,-1,0,0,-1,2021,54.0,2,1,14,0,1,14,1,,4,RUE DE LA CHAPELLE,0,,2,6,0,1,(1),(1),1,, -1,1,0,1,50,19,4,1,75,75118,2,1,0,6,RUE DE LA CHAPELLE,48.897861,2.359088,14,1,1
202100049882,112Â 574,A01,1,1,2,0,1,-1,-1,-1, -1,-1,2021,26.0,1,2,9,0,1,13,1,,4,CHATEAUGIRON (DE),0,,2,2,3,2,(1),(1),3,, -1,1,0,1,50,26,2,1,35,35238,2,1,0,6,CHATEAUGIRON (DE),48.10226,-1.65765,13,1,1
202100035467,138Â 313,A01,10,3,2,2,0,-1,-1,5,9,1,2021,17.0,3,3,9,1,7,16,0,1.0,3,VERDUN (COURS DE),0,,2,6,0,1,21,55,3,, -1,1,-1,4,50,9,6,1,77,77284,2,1,0,6,VERDUN (COURS DE),48.95884,2.87454,8,2,1
202100027679,152Â 238,A01,10,3,2,0,8,8,-1,5,3,1,2021,82.0,1,3,0,1,0,15,1,1.0,4,RUE DE LA GRANDE MONTAGNE,0,,2,0,0,2,(1),(1),2,, -1,1,-1,1,50,25,6,1,77,77333,2,1,0,6,RUE DE LA GRANDE MONTAGNE,48.268533,2.699525,8,2,1
202100051512,109Â 620,A01,1,1,1,5,1,0,-1,-1, -1,-1,2021,42.0,1,2,8,0,8,0,1,,4,SARIETTE (TRAVERSE DE LA),0,,1,1,0,1,1,0,2,, -1,1,0,1,50,14,2,5,13,13212,2,1,0,6,SARIETTE (TRAVERSE DE LA),43.30699,5.44795,2,1,1
202100038453,132Â 911,A01,1,1,1,5,2,-1,-1,0,0,-1,2021,31.0,2,1,0,6,1,1,1,,3,4,-1,,2,2,0,1,44,(1),1,, -1,1,0,1,80,23,5,2,24,24259,1,1,0,6,La Pouge,44.945473,0.469287,21,2,1
202100005224,192Â 441,A01,1,1,1,9,2,0,-1,-1, -1,-1,2021,38.0,3,1,14,0,1,17,1,,4,SOLEIL LEVANT (BOULEVARD DU),0,,2,2,0,4,0,899,1,, -1,1,0,1,50,25,11,5,972,97209,1,1,0,6,SOLEIL LEVANT (BOULEVARD DU),14.626794,-61.039519,20,1,1
202100035036,139Â 071,B01,1,1,1,0,2,0,-1,-1, -1,-1,2021,27.0,1,1,0,2,1,17,1,,4,CAPELETTE (AVENUE DE LA),0,,2,2,0,1,0,0,1,, -1,1,0,1,50,10,6,1,13,13210,2,1,0,3,CAPELETTE (AVENUE DE LA),43.2807157608,5.4074274394,17,2,2
202100049510,113Â 253,A01,1,1,1,1,2,8,-1,-1, -1,-1,2021,38.0,1,1,0,2,2,3,1,,7,CAMOINS (AVENUE DES),0,,2,2,0,1,1,100,1,, -1,1,0,1,50,2,3,1,13,13211,2,1,0,3,CAMOINS (AVENUE DES),43.298956,5.500031,17,2,2
202100038366,133Â 059,A01,10,3,1,9,0,-1,-1,3,3,1,2021,45.0,1,2,0,1,2,1,1,,4,STENDHAL (AVENUE),0,,3,2,1,1,(1),(1),1,, -1,1,0,1,50,24,5,1,37,37261,2,1,0,6,STENDHAL (AVENUE),47.3684907762,0.7086280698,8,2,1
202100003602,195Â 310,B01,1,1,1,0,8,0,-1,-1, -1,-1,2021,37.0,2,1,0,2,1,1,3,,4,ESTEREL (RUE DE L') NÂ° IMPAIRS,0,,2,2,0,1,0,0,1,, -1,2,0,1,50,10,12,1,72,72181,2,3,0,3,ESTEREL (RUE DE L') NÂ° IMPAIRS,47.99562,0.23292,12,2,2
202100026957,153Â 525,A01,1,1,1,4,1,0,-1,-1, -1,-1,2021,23.0,3,2,4,0,2,1,1,,4,LUCIEN NADAIRE (R),0,,2,3,1,2,9,0,1,, -1,1,9,1,30,26,7,5,94,94041,2,1,0,6,Rue Lucien Nadaire,48.800854,2.393049,1,1,1
202100011728,180Â 766,A01,2,2,1,5,1,-1,-1,0,0,-1,2021,29.0,1,2,6,0,2,1,1,,2,2007,-1,,2,2,0,2,46,60,3,, -1,1,0,4,50,23,10,5,3,3298,2,1,0,6,53 Rue Jean JaurÃ¨s,46.311312,3.406078,3,2,1
202100045444,120Â 506,A01,1,1,1,0,8,0,-1,-1, -1,-1,2021,27.0,-1,1,0,2,2,1,1,,3,LIBERATION RD14 (BOULEVARD),0,,2,2,0,1,0,1,1,, -1,1,0,1,50,1,4,1,93,93066,2,1,0,2,LIBERATION RD14 (BOULEVARD),48.9222912973,2.3434111476,12,2,2
202100017556,170Â 246,B01,1,1,1,0,2,6,-1,0,0,-1,2021,69.0,2,1,0,2,2,17,1,,2,94,0,,2,3,0,2,105,700,1,, -1,1,0,1,90,23,9,1,5,5045,1,9,0,3,RN94,44.532898,6.457804,9,2,2
202100022734,160Â 964,A01,4,2,2,5,1,-1,-1,0,0,-1,2021,2.0,1,2,0,2,3,13,1,,3,,0,,2,2,0,1,30,360,1,, -1,1,0,1,70,24,8,1,12,12100,1,1,0,3,RD 840 (AXE BRIVE MEDITERRANEE),44.52395,2.3343,14,4,2
202100022289,161Â 792,B01,1,1,1,5,2,6,-1,0,0,-1,2021,36.0,3,1,0,2,1,2,1,,4,,0,,2,2,0,1,(1),(1),1,, -1,1,0,1,50,27,7,5,6,6083,2,1,0,3,EDOUARD VII (AVENUE),43.773717,7.495015,1,4,2
202100046159,119Â 258,Y01,1,1,2,0,0,-1,-1,0,0,-1,2021,40.0,2,1,0,2,8,19,5,,3,REINE (ROUTE DE LA) 39/107 BIS,0,,2,4,0,1,0,0,1,, -1,1,0,1,50,29,3,1,92,92012,2,2,0,3,REINE (ROUTE DE LA) 39/107 BIS,48.8392153181,2.2455400229,13,2,2
202100055936,101Â 896,A01,10,3,1,9,0,-1,-1,4,3,3,2021,16.0,1,2,0,1,1,1,1,,4,RUE BUFFON,0,,2,2,0,1,(1),(1),1,, -1,1,0,1,30,7,1,1,75,75105,2,2,0,6,RUE BUFFON,48.841178,2.355964,13,3,1
202100044128,122Â 797,B01,1,1,1,0,2,0,-1,-1, -1,-1,2021,35.0,3,1,0,2,0,1,0,,4,PAIX (BD DE LA),0,,2,2,0,1,(1),(1),1,, -1,1,0,1,50,13,4,1,78,78551,2,2,0,3,SAINT FIACRE (AVENUE),48.895662,2.072526,18,2,2
202100017820,169Â 767,B01,1,1,2,0,1,0,-1,0,0,-1,2021,25.0,2,2,0,2,7,15,1,,3,PARIS (AVENUE DE),0,,2,2,0,1,0,135,1,, -1,1,5,1,50,19,9,1,71,71081,2,2,0,3,PARIS (AVENUE DE),46.8097163899,4.8431566244,16,2,2
202100011082,181Â 917,B01,1,1,1,5,2,8,-1,-1, -1,-1,2021,75.0,3,1,0,2,1,1,5,,3,29,0,,-1,2,0,3,2,575,1,, -1,1,5,1,50,23,10,1,56,56107,2,6,0,3,MINIO (GIRATOIRE DU),47.71785,-3.38392,9,2,2
202100026843,153Â 738,A01,1,1,2,5,1,0,-1,-1, -1,-1,2021,57.0,2,2,0,2,1,15,1,,4,GAMBETTA (BOULEVARD),0,,2,2,0,1,0,0,1,, -1,2,0,1,50,27,7,1,2,2738,2,2,1,1,GAMBETTA (BOULEVARD),49.65317,3.28973,13,2,2
202100000483,200Â 840,B01,1,1,1,5,1,-1,-1,0,0,-1,2021,64.0,1,2,0,2,3,1,1,,3,9,-1,,2,2,0,1,(1),(1),2,, -1,1,0,1,50,25,12,1,972,97226,1,1,0,1,quartier les anglais,14.438374,-60.86686,10,3,2