Num_Acc,id_vehicule,num_veh,place,catu,sexe,trajet,secu1,secu2,secu3,locp,actp,etatp,year_acc,victim_age,senc,catv,obs,obsm,choc,manv,motor,occutc,catr,voie,v1,v2,circ,nbv,vosp,prof,pr,pr1,plan,lartpc,larrout,surf,infra,situ,vma,jour,mois,lum,dep,com,agg_,int,atm,col,adr,lat,long,hour,nb_victim,nb_vehicules
202100050775,110Â 922,A01,1,1,1,4,8,0,-1,0,0,-1,2021,24.0,3,2,0,2,3,1,1,,4,RUE DE LA CONVENTION,0,,2,2,0,1,(1),(1),1,, -1,1,0,1,50,20,2,5,75,75115,2,2,0,3,RUE DE LA CONVENTION,48.839971,2.290359,0,5,2
202100039177,131Â 593,A01,10,3,1,5,0,-1,-1,3,3,1,2021,69.0,1,5,0,1,2,1,1,,3,1005,0,,2,2,0,1,6,800,1,, -1,2,0,1,50,13,5,2,74,74105,2,3,0,6,Av de Thonon,46.308955,6.311734,8,2,1
202100033523,141Â 849,C01,1,1,2,1,1,0,-1,-1, -1,-1,2021,41.0,1,2,0,2,4,1,1,,1,A4.Y,0,,-1,4,0,1,19,0,1,, -1,1,0,1,110,19,6,1,77,77258,1,1,0,6,A4.Y,48.8304783311,2.6326936879,14,4,4
202100049723,112Â 868,A01,10,3,1,1,0,-1,-1,3,3,1,2021,25.0,2,1,0,1,1,1,1,,3,788,-1,,3,2,1,1,5,(1),1,, -1,2,6,1,70,8,2,1,22,22324,1,1,1,6,Route de Perros-guirec / avenue de la rÃ©sistance,48.764492,-3.45048,13,2,1
202100023811,159Â 060,A01,2,2,2,5,1,-1,-1,0,0,-1,2021,11.0,0,2,2,0,2,1,1,,4,,0,,2,2,0,1,(1),(1),2,,4,1,0,3,80,17,8,2,13,13049,1,1,1,1,RD538,43.708509,5.084184,20,3,1
202100034419,140Â 210,B01,1,1,1,0,8,0,-1,-1, -1,-1,2021,34.0,2,2,0,2,0,0,1,,1,A86 EXT,0,,-1,3,0,1,46,0,1,, -1,1,1,1,90,15,6,1,94,94073,1,1,0,6,A86 EXT,48.7628606503,2.3813598274,10,2,2
202100045608,120Â 209,B01,1,1,1,2,2,8,-1,-1, -1,-1,2021,16.0,3,1,0,2,1,0,3,,4,BONNEFOY (RUE),0,,2,2,0,1,1,0,1,, -1,1,0,1,50,1,4,2,13,13206,2,1,0,3,BONNEFOY (RUE),43.2862836355,5.3748284492,7,2,2
202100028815,150Â 214,A01,1,1,1,0,2,6,-1,-1, -1,-1,2021,42.0,2,1,0,2,1,1,1,,3,MER (BOULEVARD DE LA),0,,2,2,0,1,9,820,1,, -1,2,0,1,20,14,7,1,64,64260,2,3,1,5,MER (BOULEVARD DE LA),43.37522,-1.76432,18,3,3
202100053818,105Â 552,A01,1,1,1,1,2,8,-1,-1, -1,-1,2021,39.0,2,1,0,0,8,1,1,,1,10,0,,1,2,0,2,0,500,2,, -1,2,0,1,90,25,1,1,91,91689,1,1,0,7,AUTOROUTE A10,48.738743,2.316714,9,1,1
202100008327,186Â 842,A01,1,1,1,0,2,6,-1,0,0,-1,2021,17.0,2,1,0,2,1,1,1,,1,31,-1,,3,4,0,1,256,0,1,, -1,2,0,1,-1,13,11,3,54,54215,1,9,1,3,D657,48.7427904469,6.1549186708,17,2,2
202100013387,177Â 801,A01,1,1,1,9,2,0,-1,0,0,-1,2021,29.0,2,1,0,1,1,1,5,,4,BOULEVARD VOLTAIRE,0,,2,4,0,1,(1),(1),1,, -1,1,0,1,30,13,10,5,75,75111,2,3,0,6,BOULEVARD VOLTAIRE,48.860989,2.374841,19,2,1
202100020048,165Â 792,A01,1,1,2,5,2,0,-1,-1, -1,-1,2021,42.0,1,1,0,2,3,17,1,,3,MIOT - RUE,0,,2,1,0,1,1,0,1,, -1,1,0,1,50,7,9,1,202,202033,2,1,0,3,MIOT - RUE,42.69,9.45,12,2,2
202100041383,127Â 637,B01,1,1,1,0,2,-1,-1,0,0,-1,2021,47.0,1,1,0,2,1,17,1,,4,,0,,2,2,0,2,(1),(1),1,,5,1,0,1,50,3,5,1,59,59139,2,3,0,3,39 Boulevard Jean JaurÃ¨s,50.121467,3.404609,14,2,2
202100007365,188Â 589,A01,10,3,1,0,0,-1,-1,4,3,1,2021,63.0,2,1,0,1,1,17,1,,3,PARIS RUE DE,0,,2,2,0,1,0,1,1,, -1,1,5,1,30,18,11,5,93,93045,2,2,0,6,PARIS RUE DE,48.8794221092,2.414957542,19,2,1
202100048673,114Â 754,A01,1,1,1,0,2,8,-1,-1, -1,-1,2021,32.0,1,1,0,0,0,23,1,,4,JOMINIERE (RUE DE LA),0,,2,2,0,1,0,0,1,, -1,1,0,1,50,6,3,1,49,49099,2,2,0,7,JOMINIERE (RUE DE LA),47.07369,-0.86761,13,1,1
202100024938,157Â 085,A01,1,1,1,5,2,-1,-1,0,0,-1,2021,16.0,1,1,13,0,9,1,1,,3,76,0,D,2,2,0,1,22,(1),1,, -1,1,0,1,80,9,8,1,22,22181,1,1,0,7,Lieu Dit Kerauter,48.221785,-3.196507,18,1,1
202100020368,165Â 230,A01,1,1,1,5,2,6,-1,0,0,-1,2021,61.0,2,1,0,0,0,0,1,,1,7,-1,,3,5,0,1,110,600,1,, -1,1,0,1,130,25,8,1,26,26339,1,1,0,7,AUTOROUTE A7,44.596396,4.797077,11,2,1
202100016197,172Â 689,B01,1,1,1,4,8,8,-1,0, -1,-1,2021,53.0,1,5,0,2,4,1,1,,3,MORBIHAN AVENUE DU,0,,3,4,0,1,3,500,1,, -1,1,0,2,110,28,9,1,29,29232,1,1,0,2,D365 - Avenue du Morbihan,47.97874,-4.0495,10,2,2
202100006175,190Â 774,A01,9,2,1,5,8,-1,-1,0,0,-1,2021,21.0,1,2,0,0,1,1,1,,2,7,-1,,2,3,0,1,118,650,1,, -1,1,0,3,80,27,11,3,26,26235,1,1,0,7,9905 Route Nationale 7,44.322159,4.686446,1,3,1
202100021531,163Â 158,A01,1,1,1,0,2,6,-1,0,0,-1,2021,32.0,2,1,0,2,0,17,1,,3,710,0,,2,2,0,1,40,0,1,, -1,1,0,1,80,2,9,1,24,24156,1,1,0,5,D710 - Les versannes,45.082104,0.862416,13,3,3
202100036674,136Â 158,A01,1,1,1,5,2,6,9,0,0,-1,2021,38.0,1,1,0,0,0,14,1,,3,81,0,,2,2,0,1,0,500,2,, -1,1,0,8,-1,31,5,1,51,51167,1,1,0,7,Rue de Songy,48.74538,4.397299,10,1,1
202100013385,177Â 805,B01,2,2,2,9,1,0,-1,0,0,-1,2021,59.0,1,2,0,2,1,1,1,,4,PLACE DE LA PORTE DE PASSY,0,,2,7,0,1,(1),(1),1,, -1,1,0,1,50,12,10,2,75,75116,2,2,0,3,PLACE DE LA PORTE DE PASSY,48.857345,2.264704,7,3,2
202100051546,109Â 561,A01,1,1,2,0,1,-1,-1,0,0,-1,2021,35.0,2,2,6,0,8,0,0,,3,114,-1,,2,2,0,1,3,300,3,, -1,1,0,1,80,15,2,1,10,10132,1,1,0,6,D114,48.516064,3.959241,10,1,1
202100051583,109Â 492,B01,1,1,1,5,2,6,-1,-1, -1,-1,2021,31.0,1,1,0,2,1,2,1,,4,LAURENT (RUE GUSTAVE),0,,2,2,0,1,(1),(1),1,, -1,1,0,1,50,12,2,2,51,51454,2,2,0,3,Rue Gustave Laurent,49.2541534538,4.0501835513,18,2,2
202100004744,193Â 301,A01,10,3,2,9,0,-1,-1,2,3,1,2021,60.0,2,2,0,1,3,15,1,,3,779B,0,,1,2,0,1,0,1,2,, -1,1,0,1,50,4,12,5,56,56260,2,3,0,6,MADELEINE(PLACE DE LA),47.65904,-2.7719037,21,2,1
202100050963,110Â 582,A01,10,3,2,5,0,-1,-1,6,2,2,2021,63.0,2,2,0,1,3,13,1,,3,24,0,D,2,2,0,2,6,330,3,, -1,1,0,1,80,19,2,1,56,56177,1,1,0,6,Lieu Dit Malachappe,47.803166,-3.072883,16,3,1
202100017720,169Â 953,A01,1,1,1,5,1,-1,-1,0,0,-1,2021,22.0,2,2,0,2,1,5,1,,2,10,0,T,2,2,0,4,54,900,2,,7,1,0,1,80,22,9,2,201,201269,1,1,0,1,RT10,41.782553,9.397119,7,3,2
202100051916,108Â 904,A01,1,1,2,1,1,8,-1,-1, -1,-1,2021,21.0,1,2,8,0,1,1,1,,4,MARCEL DEFRANCE (RUE),0,,2,2,0,1,(1),(1),2,, -1,5,0,1,50,10,2,2,10,10081,2,1,1,6,MARCEL DEFRANCE (RUE),48.30684,4.02756,9,1,1
202100004487,193Â 747,A01,1,1,1,9,1,8,-1,-1,0,-1,2021,35.0,2,2,4,0,3,1,1,,2,RN 104,0,,3,4,0,1,11,500,1,, -1,2,0,3,90,5,12,4,95,95682,1,1,0,6,RN 104,49.06576,2.373222,2,1,1
202100028330,151Â 057,A01,10,3,1,9,0,-1,-1,3,3,1,2021,47.0,2,2,0,1,1,1,1,,4,GENERAL JOINVILLE,0,,1,2,1,1,0,0,3,, -1,1,0,1,50,18,7,1,93,93066,2,1,0,1,GENERAL JOINVILLE,48.93553,2.3674,13,2,1
202100038717,132Â 427,A01,1,1,1,5,0,-1,-1,0,0,-1,2021,21.0,1,2,8,0,3,14,1,,3,916,-1,,2,2,0,2,6,950,1,, -1,1,0,8,50,23,5,1,59,59416,2,1,0,6,35 Rue de Saint-venant,50.683908,2.511065,20,3,1
202100025350,156Â 343,A01,10,3,2,5,0,-1,-1,5,2,2,2021,16.0,0,1,0,2,1,1,1,,4,,-1,,2,2,0,1,(1),(1),1,,4,1,0,1,50,6,8,1,60,60107,2,1,0,1,6 Rue des Grives,49.365079,2.416611,14,3,2
202100041297,127Â 792,B01,1,1,1,5,8,0,-1,-1, -1,-1,2021,17.0,0,1,0,2,6,13,1,,4,BATTALA (BOULEVARD),0,,1,1,0,2,(1),(1),1,, -1,1,0,1,50,5,5,1,13,13203,2,1,0,2,BATTALA (BOULEVARD),43.318149,5.379146,17,2,2
202100028727,150Â 376,B01,1,1,1,3,2,-1,-1,0,0,-1,2021,38.0,1,1,0,2,7,1,1,,3,CD2,-1,,2,2,0,1,22,800,1,, -1,1,5,1,50,14,7,1,33,33314,2,6,0,3,,45.192941,-0.749152,19,2,2
202100002981,196Â 448,B01,1,1,2,0,8,0,-1,-1, -1,-1,2021,53.0,2,1,0,2,5,1,1,,3,ROSNY (AVENUE DE),0,,1,4,0,1,0,0,1,, -1,1,0,1,50,14,12,5,93,93077,2,1,0,3,ROSNY (AVENUE DE),48.88176,2.49612,19,2,2
202100000287,201Â 210,A01,2,2,2,0,2,0,-1,-1, -1,-1,2021,35.0,1,1,0,2,0,1,1,,2,mamoudzou centre-Commandant Passot (Plac,0,,2,2,0,1,0,0,1,, -1,1,0,1,50,17,11,1,976,97611,2,1,0,7,mamamoudzou centre-Comndant Passot (Plac,-12.7850907243,45.2284882526,17,3,2
202100003771,195Â 019,A01,10,3,2,0,0,-1,-1,3,3,2,2021,55.0,1,2,0,1,1,1,1,,3,,-1,,2,2,0,1,(1),(1),1,,5,2,8,1,30,10,12,1,11,11103,2,1,1,6,Avenue Jean-Pierre Marty,42.94288,2.255668,16,2,1
202100016062,172Â 941,B01,1,1,1,0,2,8,-1,-1, -1,-1,2021,29.0,2,1,0,2,8,1,1,,3,EBOUE (ROCADE FELIX),0,,2,2,0,1,1,900,1,, -1,1,0,1,50,5,5,5,973,97302,2,3,0,3,EBOUE (ROCADE FELIX),4.9295489054,-52.3151085377,21,2,2
202100029503,149Â 058,A01,1,1,2,5,2,-1,-1,0,0,-1,2021,48.0,3,1,0,0,7,0,1,,4,,-1,,2,2,0,1,(1),(1),1,,4,1,0,1,50,10,7,1,54,54435,2,1,0,7,Au Chateau,48.978864,5.994082,16,1,1
202100049205,113Â 803,A01,1,1,2,9,1,4,-1,-1, -1,-1,2021,41.0,1,2,0,2,4,12,1,,1,A13,0,,1,3,0,1,31,0,1,, -1,1,9,1,130,5,3,1,78,78206,1,1,0,2,A13,48.954623,1.938722,10,2,2
202100044596,122Â 005,A01,1,1,1,1,2,6,-1,0,0,-1,2021,53.0,1,1,0,0,3,15,3,,4,AVENUE MYRON HERRICK,0,,3,3,0,1,(1),(1),1,, -1,2,0,1,50,9,4,2,75,75108,2,2,1,7,AVENUE MYRON HERRICK,48.873097,2.310034,19,1,1
202100051714,109Â 254,B01,1,1,1,1,2,6,-1,-1, -1,-1,2021,33.0,2,1,0,2,1,1,1,,3,TASSIGNY(AVE DU MARECHAL DE LATTRE DE),0,,2,4,0,1,1,0,1,, -1,1,0,1,50,12,2,5,94,94028,2,1,0,3,Av du Mal de Lattre de Tassigny,48.7981,2.4558,18,2,2
202100023497,159Â 630,A01,1,1,2,1,2,6,-1,0,0,-1,2021,22.0,1,1,0,0,0,1,1,,3,40,-1,,2,2,0,2,12,900,3,, -1,2,0,1,80,9,8,3,29,29167,1,1,1,7,Kerbiguet,47.96908,-4.279711,21,1,1
202100048844,114Â 454,B01,1,1,1,4,2,8,-1,-1, -1,-1,2021,23.0,2,1,0,2,2,0,1,,7,PETIT (ROND POINT HENRI),0,,1,3,0,1,7,1,2,, -1,1,5,1,50,7,3,5,83,83069,2,5,0,3,PETIT (ROND POINT HENRI),43.1132442523,6.1244850678,19,2,2
202100009138,185Â 377,B01,1,1,1,9,2,6,-1,0,0,-1,2021,53.0,1,1,0,2,2,0,1,,3,6098,0,D,2,1,1,1,29,690,1,, -1,1,5,1,50,6,11,5,6,6161,2,3,0,3,D6098,43.637285,7.13505,17,2,2
202100022176,162Â 005,B01,1,1,1,5,2,6,9,0,0,-1,2021,28.0,2,1,0,2,1,1,1,,3,98,0,,2,2,0,2,7,750,1,, -1,1,0,1,80,27,8,1,87,87063,1,2,0,3,Route de Feytiat,45.787266,1.371542,16,3,2
202100002755,196Â 844,A01,1,1,2,5,8,0,-1,-1, -1,-1,2021,21.0,0,1,0,2,1,1,3,,3,MARCET (RUE BAPTISTE),0,,2,1,1,1,23,200,1,, -1,1,0,1,50,13,12,1,50,50602,2,2,0,3,MARCET (RUE BAPTISTE),49.63615,-1.59455,16,2,2
202100005169,192Â 539,B01,2,2,2,0,1,-1,-1,0,0,-1,2021,63.0,1,2,0,2,1,2,1,,1,1,0,A,3,3,0,1,57,600,1,,"13,5",1,0,1,130,29,11,1,60,60369,1,1,0,4,a1-sens S/N,49.319751,2.687209,14,4,3
202100001974,198Â 274,A01,1,1,1,5,1,8,-1,-1, -1,-1,2021,30.0,1,2,0,2,4,1,1,,1,Sens Marseille vers Aubagne,0,,1,3,0,1,9,0,1,, -1,1,0,2,90,20,12,3,13,13211,1,1,0,2,Sens Marseille vers Aubagne,43.2859739315,5.4253578186,21,3,2
202100048313,115Â 397,B01,1,1,2,9,8,0,-1,-1, -1,-1,2021,24.0,3,2,0,2,4,2,1,,4,CAMILLE PISSARO (ROUTE),0,,2,2,0,1,0,0,1,, -1,1,0,1,50,12,3,1,93,93005,2,3,0,4,RAOUL DUFY (AVENUE),48.9602146259,2.5022955582,12,3,3
202100014466,175Â 845,B01,1,1,1,1,1,-1,-1,0,0,-1,2021,32.0,1,2,0,2,3,13,1,,3,942,0,,2,2,0,3,(1),(1),3,, -1,1,0,1,80,9,10,1,59,59533,1,1,1,1,D942,50.190824,3.399743,8,2,2
202100015535,173Â 916,A01,1,1,1,0,2,0,-1,-1, -1,-1,2021,33.0,1,1,0,2,1,17,1,,4,14 JUILLET DU,0,,2,0,0,1,0,0,1,, -1,1,0,1,50,1,10,5,64,64445,2,3,0,3,14 JUILLET DU,43.29215,-0.37825,20,2,2
202100041272,127Â 830,A01,1,1,1,5,1,5,-1,-1, -1,-1,2021,50.0,1,2,8,0,1,13,1,,4,GLIZE (RUE RAYMOND ET MARCEL),0,,2,1,0,1,0,0,1,, -1,1,0,1,50,4,5,1,64,64140,2,1,0,7,GLIZE (RUE RAYMOND ET MARCEL),43.5177,-1.47849,18,1,1
202100048711,114Â 688,B01,1,1,2,0,8,0,-1,-1, -1,-1,2021,19.0,2,0,0,2,3,9,0,,3,SEINE (QUAI DE),0,,2,4,0,2,0,1,1,, -1,1,3,1,50,9,3,5,93,93070,2,1,0,3,SEINE (QUAI DE),48.91729,2.32757,19,2,2
202100044427,122Â 272,B01,2,2,1,0,2,6,-1,-1, -1,-1,2021,25.0,2,1,0,2,9,26,1,,1,AUTOROUTE A6B,0,,1,3,0,1,6,605,1,, -1,2,0,1,110,11,4,1,94,94021,1,9,1,6,AUTOROUTE A6B,48.76059,2.33928,11,5,2
202100034450,140Â 152,A01,10,3,1,2,0,-1,-1,3,3,2,2021,5.0,1,2,0,1,1,1,0,,4,ALTRINCHAM (RUE),0,,2,2,0,1,0,0,1,, -1,1,0,1,50,14,6,1,93,93007,2,1,0,6,ALTRINCHAM (RUE),48.94802,2.4497,13,2,1
202100003845,194Â 880,B01,1,1,2,0,2,0,-1,-1, -1,-1,2021,35.0,2,1,0,2,1,1,1,,3,GRANDE RUE PIERRE MENDES-FRANCE (R),0,,2,2,0,1,1,0,1,, -1,1,0,1,50,9,12,1,94,94053,2,3,0,3,Gr Pierre MendÃ¨s-France,48.77059,2.54389,8,2,2
202100015006,174Â 880,A01,1,1,1,0,2,6,-1,-1, -1,-1,2021,17.0,-1,1,0,2,7,3,1,,3,,0,,2,2,0,1,0,300,1,, -1,1,0,1,50,5,10,1,69,69264,1,3,0,3,RENAN ERNEST (R),45.9928571516,4.7071909904,12,2,2
202100011966,180Â 331,B01,1,1,1,5,8,0,-1,-1, -1,-1,2021,21.0,2,1,0,2,3,1,5,,4,SOURCE (RUE DE LA),0,,2,2,0,1,0,0,1,, -1,1,0,1,50,19,10,3,974,97411,2,3,0,3,SOURCE (RUE DE LA),-20.89052,55.44806,19,2,2
202100013154,178Â 235,B01,1,1,1,0,2,-1,-1,0,0,-1,2021,21.0,3,1,0,2,1,1,1,,4,,-1,,2,2,0,1,(1),(1),1,,"5,5",1,0,1,50,13,10,3,56,56257,2,3,0,3,Rue du Point du Jour,48.096856,-2.536865,19,2,2
202100009767,184Â 238,A01,1,1,1,0,8,0,-1,-1, -1,-1,2021,19.0,1,2,6,0,9,1,1,,2,RENNES (RTE DE) RN 137,0,,3,0,0,1,33,273,1,, -1,1,0,8,110,31,10,3,44,44114,1,1,0,7,RENNES (RTE DE) RN 137,47.30125,-1.62834,4,1,1
202100027829,151Â 972,B01,3,2,1,0,0,-1,-1,0,0,-1,2021,50.0,0,2,0,0,5,24,1,,3,193,0,D,2,2,0,2,5,50,2,, -1,1,9,8,30,22,7,3,58,58180,1,7,0,6,Les Settons,47.198224,4.0633721,2,6,2
202100030537,147Â 174,A01,1,1,2,0,1,0,-1,-1, -1,-1,2021,45.0,0,5,0,2,3,1,1,,4,Z.A. DU MADRILLET,0,,2,2,0,1,(1),(1),1,, -1,2,0,1,30,5,7,1,76,76575,2,1,1,1,Z.A. DU MADRILLET,49.3822,1.07351,8,2,2
202100054810,103Â 825,A01,1,1,1,0,8,-1,-1,0,0,-1,2021,31.0,2,2,15,0,2,1,1,,3,613,0,D,2,2,0,1,65,500,2,, -1,1,0,3,80,16,1,3,11,11015,1,1,0,6,D613,42.952221,2.367377,22,1,1
202100009042,185Â 545,B01,1,1,2,5,1,0,-1,-1, -1,-1,2021,29.0,1,2,0,2,6,1,1,,1,A55-Sens Marseille vers Martigues,0,,3,3,0,1,37,0,1,, -1,1,2,1,70,4,11,3,13,13056,1,1,1,5,A55-Sens Marseille vers Martigues,43.40269,5.04242,23,5,4
202100041867,126Â 788,A01,10,3,1,5,0,-1,-1,4,3,1,2021,75.0,1,5,0,1,1,15,1,,2,JAURES (BOULEVARD JEAN),0,,3,3,1,1,(1),(1),1,, -1,1,0,1,50,30,4,1,974,97411,2,3,0,6,JAURES (BOULEVARD JEAN),-20.8899,55.46398,17,2,1
202100016663,171Â 844,A01,10,3,2,0,0,-1,-1,3,3,1,2021,40.0,3,2,0,1,2,1,1,,3,THIERS (AVENUE),0,,2,2,0,1,1,219,1,, -1,1,0,1,50,25,9,1,6,6069,2,1,0,6,THIERS (AVENUE),43.661501,6.922893,17,2,1
202100003245,195Â 966,A01,10,3,2,3,0,-1,-1,3,3,1,2021,75.0,1,2,0,1,3,1,1,,4,AVENUE DE CALAIS,0,,2,2,0,1,(1),(1),1,, -1,2,0,1,50,10,12,2,62,62548,2,1,1,6,AVENUE DE CALAIS,50.947797,1.948817,8,2,1
202100017434,170Â 462,A01,1,1,2,0,1,-1,-1,-1, -1,-1,2021,20.0,1,2,0,2,4,23,1,,4,EDOUARD HERRIOT                     (BD),0,,2,2,3,1,(1),(1),1,, -1,1,0,1,50,21,9,1,69,69290,2,1,0,2,EDOUARD HERRIOT (BD),45.6946,4.94029,18,4,2
202100053783,105Â 612,A01,9,2,1,2,1,-1,-1,0,0,-1,2021,10.0,1,2,15,9,1,21,1,,3,75,0,D,2,2,0,2,12,370,1,, -1,7,0,3,50,26,1,2,65,65389,2,1,1,6,D75,43.072685,0.485539,8,3,1
202100024560,157Â 759,A01,1,1,1,0,2,6,-1,-1, -1,-1,2021,61.0,3,1,0,0,0,2,1,,4,CIRCUIT CAROLE,0,,2,4,0,1,0,0,1,, -1,1,0,1,50,12,8,1,93,93073,1,1,0,7,Avenue Carole,48.9797,2.526,17,1,1
202100031449,145Â 531,B01,1,1,1,5,2,6,-1,0,0,-1,2021,37.0,2,1,0,2,7,17,1,,3,370,0,D,2,2,0,1,0,200,1,, -1,1,0,1,50,2,7,1,95,95229,2,1,0,3,RD 370,49.0341072805,2.3440039158,12,2,2
202100036200,136Â 982,A01,1,1,1,0,2,6,-1,-1, -1,-1,2021,59.0,1,1,0,2,3,12,1,,1,AUTOROUTE A86,0,,1,3,0,1,49,700,1,, -1,1,0,1,90,6,6,1,94,94065,1,1,0,2,AUTOROUTE A86,48.75483,2.34645,13,2,2
202100021005,164Â 118,B01,1,1,1,2,8,0,-1,-1, -1,-1,2021,11.0,2,1,1,0,1,1,5,,4,RUE DES GLAISES,0,,2,0,0,2,0,100,1,, -1,1,0,1,30,3,9,1,91,91114,2,1,0,2,RUE DES GLAISES,48.698347,2.48898,12,2,2
202100045545,120Â 329,A01,2,2,2,0,1,0,-1,-1, -1,-1,2021,15.0,1,2,0,2,4,1,1,,2,GRAND CAMP(SECTION),0,,1,2,0,2,(1),(1),1,, -1,1,0,1,90,1,4,1,971,97101,1,1,0,4,GRAND CAMP(SECTION),16.25381,-61.53938,15,4,3
202100041839,126Â 830,B01,1,1,1,5,1,-1,-1,0,0,-1,2021,21.0,2,2,1,2,1,1,1,,3,59,0,,2,2,0,1,9,300,1,, -1,1,0,1,50,1,5,2,57,57529,2,1,0,1,Route de Rumelange,49.448159,6.024652,20,2,2
202100022973,160Â 564,A01,1,1,1,0,1,-1,-1,0,0,-1,2021,23.0,2,2,16,0,0,1,1,,3,420,-1,,2,2,0,2,65,150,3,, -1,2,0,3,80,22,8,1,88,88361,1,1,0,7,D420,48.330563,7.097876,8,1,1
202100044226,122Â 614,A01,1,1,1,0,1,0,-1,-1, -1,-1,2021,42.0,2,5,0,2,4,2,1,,1,AUTOROUTE A104,0,,3,8,0,1,1,200,1,, -1,1,0,1,110,12,4,1,93,93078,1,1,0,5,AUTOROUTE A104,48.97062,2.50103,12,7,7
202100044966,121Â 357,A01,1,1,1,5,2,6,-1,-1, -1,-1,2021,16.0,1,1,0,2,3,18,1,,4,SAINT MARTIN -AVENUE-,0,,-1,2,0,1,(1),(1),1,, -1,1,0,4,30,5,4,1,11,11069,2,1,0,3,SAINT MARTIN -AVENUE-,43.2295,2.3865,18,4,2
202100023507,159Â 613,B01,2,2,1,5,1,-1,-1,0,0,-1,2021,71.0,1,2,0,2,2,1,1,,3,1201,-1,D,2,2,0,1,22,800,1,, -1,1,0,1,80,20,8,1,73,73128,1,1,0,1,D1201,45.735235,5.922196,8,3,2
202100006541,190Â 105,A01,1,1,1,5,2,6,-1,-1, -1,-1,2021,42.0,1,1,0,2,8,3,1,,1,A104,0,,3,4,0,1,10,800,1,, -1,1,0,1,90,24,11,3,77,77294,1,1,0,3,A104,48.9697644713,2.5981800905,18,2,2
202100031511,145Â 434,A01,1,1,2,9,1,-1,-1,0,0,-1,2021,62.0,1,2,15,2,1,0,1,,3,2371,0,D,2,2,0,2,17,500,1,,4,1,0,1,90,2,7,1,3,3189,1,3,0,3,D2371,46.333853,2.814697,12,2,2
202100001096,199Â 807,A01,1,1,1,5,1,-1,-1,0,0,-1,2021,25.0,1,2,0,2,1,13,1,,3,612,-1,,2,3,0,2,77,324,1,, -1,2,0,1,90,29,12,3,81,81218,1,1,0,1,RD 612 PK 077.000,43.879954,2.173061,22,3,2
202100046995,117Â 781,B01,1,1,2,1,1,-1,-1,0,0,-1,2021,39.0,1,2,0,2,4,2,1,,1,344,-1,A,3,3,0,1,8,700,1,, -1,1,0,1,90,24,3,1,51,51454,2,1,0,4,A344,49.227414,4.053408,8,5,5
202100019694,166Â 444,A01,1,1,1,0,8,0,-1,-1, -1,-1,2021,30.0,1,1,0,2,8,1,3,,4,CHARLES DUMONT (RUE),0,,2,2,0,1,0,0,1,, -1,1,0,1,50,8,9,5,21,21231,2,5,0,3,CHARLES DUMONT (RUE),47.3133822432,5.0406666945,20,2,2
202100017613,170Â 135,A01,10,3,1,0,0,-1,-1,4,3,1,2021,61.0,2,2,0,1,3,15,1,,4,REPUBLIQUE (DE LA)                  (R ),0,,1,1,0,2,(1),(1),1,, -1,1,6,1,50,21,9,1,69,69149,2,2,0,6,REPUBLIQUE (DE LA) (R),45.71684,4.80964,16,2,1
202100025318,156Â 401,A01,1,1,2,3,1,0,-1,-1, -1,-1,2021,38.0,2,2,0,2,7,13,1,,3,ROCADE OUEST,0,,2,2,0,1,1,0,1,, -1,1,0,1,80,5,8,1,11,11069,2,1,0,6,ROCADE OUEST,43.213064,2.320691,10,6,2
202100023250,160Â 057,B01,1,1,1,1,8,0,-1,-1, -1,-1,2021,38.0,1,2,0,2,4,26,1,,3,CORBEIL (ROUTE DE),0,,1,1,0,1,0,0,3,, -1,1,0,1,30,19,8,1,91,91549,2,6,0,4,EPERON (AVENUE DE L'),48.639548,2.332886,19,3,3
202100030791,146Â 725,A01,10,3,1,0,0,-1,-1,3,3,1,2021,21.0,0,1,0,1,1,26,1,,4,LUCE ( RTE DE SAINTE ),0,,2,2,2,1,(1),(1),1,, -1,2,0,1,50,4,7,2,44,44109,2,1,1,6,LUCE ( RTE DE SAINTE ),47.22956,-1.52473,21,2,1
202100028056,151Â 563,A01,1,1,1,0,0,-1,-1,0,0,-1,2021,42.0,1,1,14,0,1,14,3,,4,19,-1,,2,2,0,1,(1),(1),1,, -1,1,0,1,50,20,7,2,38,38382,2,1,0,7,19 Rue des MoutonnÃ©es,45.226342,5.683451,20,1,1
202100056193,101Â 448,A01,1,1,1,1,2,8,-1,-1, -1,-1,2021,51.0,1,1,0,0,8,1,1,,3,EUROPE (AVENUE DE L'),0,,2,2,0,1,0,0,1,, -1,2,0,1,50,4,1,5,92,92072,2,6,1,7,EUROPE (AVENUE DE L'),48.8242251599,2.2121438384,20,1,1
202100013332,177Â 917,B01,2,2,2,1,1,0,-1,-1, -1,-1,2021,38.0,1,2,0,2,1,2,1,,4,HOCHE,0,,1,1,0,1,0,0,1,, -1,1,9,1,50,14,10,1,93,93029,2,2,0,3,HOCHE,48.92849,2.43045,9,4,2
202100019014,167Â 650,B01,1,1,2,9,1,0,-1,-1, -1,-1,2021,47.0,2,2,0,2,4,2,1,,3,RU DE GIRONDE (AV DU),0,,1,1,0,2,1,0,1,, -1,2,0,1,50,14,9,1,94,94074,2,2,1,2,Avenue du RÃ» de Gironde,48.74727,2.46205,13,2,2
202100019968,165Â 943,A01,1,1,1,0,0,-1,-1,0,0,-1,2021,23.0,1,5,2,0,2,14,1,,3,626,-1,,2,2,0,1,48,600,1,, -1,1,0,3,80,10,9,1,40,40323,1,1,0,6,D626,44.115367,-0.618088,12,1,1