Num_Acc,id_vehicule,num_veh,place,catu,sexe,trajet,secu1,secu2,secu3,locp,actp,etatp,year_acc,victim_age,senc,catv,obs,obsm,choc,manv,motor,occutc,catr,voie,v1,v2,circ,nbv,vosp,prof,pr,pr1,plan,lartpc,larrout,surf,infra,situ,vma,jour,mois,lum,dep,com,agg_,int,atm,col,adr,lat,long,hour,nb_victim,nb_vehicules
202100006177,190Â 772,A01,1,1,1,5,0,-1,-1,0,0,-1,2021,18.0,2,2,13,0,1,0,1,,3,20,0,D,2,2,0,3,14,300,1,, -1,1,0,8,80,25,11,2,69,69023,1,1,0,7,CROIX DU BAN (DE LA) RTE),46.028469,4.603228,16,1,1
202100028639,150Â 522,A01,2,2,2,5,1,0,-1,-1, -1,-1,2021,37.0,1,2,0,0,1,9,1,,4,MONTAIGNE AVENUE,0,,2,1,0,1,1,0,1,, -1,1,0,1,30,16,7,1,49,49007,2,1,0,6,MONTAIGNE AVENUE,47.46612,-0.52122,20,3,1
202100012840,178Â 772,A01,1,1,1,4,8,0,-1,-1, -1,-1,2021,21.0,3,0,0,2,1,1,3,,4,VERN (DE),0,,2,4,3,2,0,0,1,, -1,1,0,1,50,16,10,1,35,35238,2,3,0,3,VERN (DE),48.09709,-1.65378,11,2,2
202100046986,117Â 794,B01,1,1,1,5,6,-1,-1,0,0,-1,2021,18.0,1,1,0,2,1,1,1,,4,,-1,,2,2,0,2,(1),(1),1,, -1,1,0,1,50,23,3,1,3,3118,2,3,0,3,28 Rue Jules Bertin,46.087847,3.197463,12,3,2
202100041058,128Â 219,A01,1,1,2,1,1,-1,-1,-1, -1,-1,2021,51.0,2,2,1,2,7,20,1,,4,ST CLAIR (DE)                       (GR),0,,1,1,0,1,(1),(1),1,, -1,1,0,1,50,5,5,1,69,69034,2,1,0,3,SAINT CLAIR (DE) (GR) (30),45.7869256829,4.8503555059,17,2,2
202100052020,108Â 725,B01,1,1,1,0,2,0,-1,-1, -1,-1,2021,25.0,1,1,0,2,1,17,1,,4,PL AUGUSTIN LAFOURCADE,0,,2,2,0,1,(1),(1),1,, -1,1,0,1,50,4,2,5,31,31555,2,1,0,3,Grande-Rue Saint Michel,43.59205,1.44463,19,2,2
202100014125,176Â 439,A01,1,1,1,1,2,0,-1,-1, -1,-1,2021,19.0,1,1,0,2,2,2,1,,4,MADELEINE (ROUTE DE LA),0,,2,2,0,1,2,0,1,, -1,1,0,1,50,9,10,1,973,97302,2,1,0,3,MADELEINE (ROUTE DE LA),4.9214600187,-52.3224048615,8,3,2
202100008080,187Â 291,B01,1,1,1,1,2,6,9,0,0,-1,2021,24.0,0,1,0,2,1,1,1,,4,,0,,2,2,0,1,(1),(1),1,,4,1,0,1,50,12,10,2,31,31150,2,3,0,3,Avenue LatÃ©coÃ¨re,43.64427,1.337852,18,2,2
202100021337,163Â 513,A01,1,1,2,5,1,-1,-1,0,0,-1,2021,70.0,1,2,0,2,3,19,1,,3,329,0,D,2,2,0,1,18,700,1,, -1,1,0,1,80,2,9,1,80,80116,1,2,0,3,D934,49.74479,2.670874,19,6,2
202100029883,148Â 381,A01,1,1,2,0,1,-1,-1,0,0,-1,2021,44.0,0,2,0,2,7,19,1,,3,933,0,,2,1,0,1,13,900,1,,3,1,0,1,80,7,7,1,1,1057,1,2,0,3,D933,46.401394,4.920287,16,2,2
202100000255,201Â 269,A01,1,1,1,5,8,0,-1,-1, -1,-1,2021,69.0,1,2,0,0,1,1,1,,3,ORLEANS (ROUTE D'),0,,2,1,0,1,0,0,1,, -1,1,0,1,80,13,11,3,18,18205,1,6,0,7,ORLEANS (ROUTE D'),47.1099,2.3777,21,1,1
202100012565,179Â 255,B01,1,1,1,2,2,-1,-1,0,0,-1,2021,32.0,2,1,0,2,9,1,1,,7,613,-1,,2,2,0,1,17,445,1,, -1,1,0,1,50,18,10,1,34,34327,2,3,0,3,Avenue de Nimes,43.653479,3.970347,18,2,2
202100009068,185Â 497,B01,1,1,1,9,8,0,-1,-1, -1,-1,2021,52.0,1,1,0,0,0,0,0,,3,FELIX EBOUE(ROCADE),0,,2,4,0,1,1,700,1,, -1,2,8,1,50,5,11,3,973,97302,2,9,1,3,FELIX EBOUE(ROCADE),4.92864,-52.31668,21,2,2
202100030317,147Â 571,A01,10,3,2,5,0,-1,-1,2,3,1,2021,44.0,2,1,0,1,2,1,3,,4,RUE MARBEUF,0,,1,1,1,1,(1),(1),1,, -1,1,0,5,30,6,7,1,75,75108,2,3,0,6,RUE MARBEUF,48.869142,2.304514,11,2,1
202100003408,195Â 665,A01,2,2,2,5,2,6,-1,-1, -1,-1,2021,19.0,2,1,0,2,1,17,1,,7,MIRABEAU (RUE),0,,2,2,0,1,1,0,1,, -1,2,0,1,50,11,12,5,59,59421,2,1,0,2,MIRABEAU (RUE),50.7050013892,3.1311298836,18,3,2
202100025790,155Â 593,B01,1,1,1,5,2,0,-1,-1, -1,-1,2021,26.0,1,1,0,2,1,1,1,,3,,0,,3,4,1,1,0,0,2,, -1,2,0,1,50,3,8,1,92,92002,2,1,1,2,RAYMON ARON (AVENUE),48.7702330261,2.3115531984,14,3,2
202100054851,103Â 759,C01,1,1,1,5,1,-1,-1,-1, -1,-1,2021,49.0,3,2,0,2,4,1,1,,4,,0,,2,2,0,2,(1),(1),1,, -1,2,0,1,50,15,1,1,69,69259,2,1,1,4,BERLIET (PT),45.7031862405,4.8951515872,11,4,3
202100012816,178Â 813,A01,1,1,1,0,2,6,-1,-1, -1,-1,2021,26.0,1,1,0,1,0,17,1,,4,RTE DES TEMPLIERS,0,,2,2,0,1,0,0,1,, -1,1,9,1,30,13,10,1,91,91425,2,9,0,6,RTE DES TEMPLIERS,48.64732,2.26536,18,2,1
202100000254,201Â 270,A01,10,3,1,5,0,-1,-1,8,2,1,2021,53.0,0,1,0,1,4,21,1,,9,JULES PHILIPPE (QUAI),0,,-1,0,3,1,0,0,1,, -1,1,0,6,30,19,9,1,74,74010,2,1,0,6,JULES PHILIPPE (QUAI),45.90031,6.1284,19,3,1
202100039819,130Â 403,B01,1,1,2,5,8,-1,-1,-1, -1,-1,2021,20.0,0,1,0,0,0,0,5,,4,GAMBETTA (RUE) DU NÂ°1 AU 57 ET DU NÂ° 2 A,0,,2,2,0,2,(1),(1),1,, -1,2,0,1,50,15,5,1,51,51454,2,3,1,1,Rue Gambetta,49.2464578404,4.0393157317,15,2,2
202100043314,124Â 238,A01,1,1,1,5,1,0,-1,-1, -1,-1,2021,61.0,1,2,8,2,1,2,1,,4,CARNOT (BD),0,,2,2,0,1,0,0,1,, -1,1,0,1,50,19,4,1,72,72181,2,1,0,1,CARNOT (BD),48.0044,0.1792,12,2,2
202100017590,170Â 180,B01,2,2,2,5,1,0,-1,-1, -1,-1,2021,27.0,2,2,0,2,4,2,1,,1,AUTOROUTE A6,0,,3,4,0,1,22,0,1,, -1,1,0,1,110,22,9,1,91,91286,1,1,0,4,AUTOROUTE A6,48.64407,2.39054,7,4,3
202100048348,115Â 337,A01,1,1,2,1,1,-1,-1,-1, -1,-1,2021,27.0,1,2,0,2,1,1,1,,1,A46S   40.883 A 43.680,0,,3,4,0,1,42,299,1,, -1,1,0,1,90,12,3,1,69,69290,1,1,0,4,A46S,45.6909024662,4.9663058018,18,3,3
202100005980,191Â 109,B01,1,1,2,5,8,0,-1,-1, -1,-1,2021,27.0,0,2,0,2,4,1,1,,4,ROLAND DORGELES (BOULEVARD),0,,2,4,0,1,0,0,1,, -1,1,0,1,50,26,11,1,13,13214,2,1,0,2,ROLAND DORGELES (BOULEVARD),43.3475445327,5.3779099717,12,2,2
202100004041,194Â 520,A01,1,1,1,0,2,8,-1,-1, -1,-1,2021,34.0,1,0,0,0,5,26,3,,4,GAULLE BOULEVARD CHARLES DE,0,,2,2,0,2,1,0,1,, -1,1,0,1,50,8,12,5,49,49007,2,1,0,7,GAULLE BOULEVARD CHARLES DE,47.4695,-0.5607,18,1,1
202100038537,132Â 756,B01,1,1,1,4,2,6,-1,-1, -1,-1,2021,30.0,1,1,0,0,2,15,1,,3,AV ROGER SALENGRO ,0,,2,5,0,1,1,0,1,, -1,1,0,1,50,24,5,2,94,94017,2,3,0,3,Avenue Roger Salengro,48.8199,2.4826,19,2,2
202100015584,173Â 826,A01,1,1,2,1,1,-1,-1,-1, -1,-1,2021,33.0,1,2,3,0,0,0,1,,7,D 175,0,,3,4,0,1,42,0,4,, -1,2,0,1,90,1,10,1,35,35051,1,1,1,6,D 175,48.15431,-1.62449,13,1,1
202100035266,138Â 662,A01,1,1,1,0,2,0,-1,-1, -1,-1,2021,44.0,1,1,0,2,2,3,1,,7,MENDES FRANCE (AVENUE PRESIDENT PIERRE,0,,3,2,0,1,2,175,1,, -1,1,0,1,70,9,6,1,34,34172,2,1,0,4,MENDES FRANCE (AVENUE PRESIDENT PIERRE,43.6075,3.92367,18,3,3
202100032581,143Â 536,A01,1,1,1,9,2,6,-1,0,0,-1,2021,22.0,1,1,0,2,3,1,1,,3,209,0,D,2,2,0,1,9,448,1,, -1,1,0,1,80,23,6,1,17,17434,1,2,0,3,D209,46.122571,-0.714626,7,2,2
202100001952,198Â 312,A01,2,2,2,5,1,-1,-1,0,0,-1,2021,73.0,1,2,0,2,1,15,2,,3,675,-1,,2,2,0,1,23,500,1,, -1,1,0,1,80,23,12,1,87,87172,1,2,0,5,D675,46.167434,1.062037,10,5,3
202100026175,154Â 909,A01,1,1,1,5,2,6,9,0,0,-1,2021,31.0,1,1,13,0,0,17,1,,3,941,-1,,2,2,0,1,73,600,1,, -1,1,0,8,80,31,7,1,28,28211,1,1,0,6,D941,48.158315,1.263111,12,1,1
202100010372,183Â 168,B01,1,1,1,1,0,-1,-1,0,0,-1,2021,51.0,2,1,0,2,1,1,5,,3,WILSON (AVENUE DU PRESIDENT),0,,1,2,3,1,0,1,1,, -1,1,0,1,50,27,10,1,93,93066,2,3,0,3,MITERRAND FRANCOIS (AVENUE),48.9181622246,2.3571313876,16,2,2
202100009379,184Â 939,B01,2,2,2,5,1,-1,-1,-1, -1,-1,2021,20.0,1,2,4,2,3,1,1,,7,RD383   7.640 A 11.044,0,,1,4,0,2,11,0,4,, -1,2,0,1,70,1,11,5,69,69029,1,1,0,3,RD383   7.640 A 11.044,45.72466,4.89244,19,3,2
202100001215,199Â 601,A01,4,2,2,9,8,0,-1,-1, -1,-1,2021,35.0,0,3,0,2,1,19,0,5.0,4,NATIONS (AVENUE DES),0,,2,2,3,1,0,0,1,, -1,1,0,1,30,27,12,5,93,93078,2,9,0,3,NATIONS (AVENUE DES),48.97463,2.51415,18,7,2
202100041915,126Â 697,B01,3,2,1,0,2,0,-1,-1, -1,-1,2021,19.0,2,1,0,2,1,1,1,,4,SAINT JULIEN (AVENUE DE ),0,,3,6,2,4,(1),(1),1,, -1,1,0,1,50,1,5,5,13,13212,2,2,0,3,SAINT JULIEN (AVENUE DE ),43.3076609137,5.4253524542,0,3,2
202100027508,152Â 556,A01,1,1,2,4,2,0,-1,0,0,-1,2021,45.0,0,1,0,2,7,15,3,,4,SAVARI (BOULEVARD),0,,2,4,0,1,(1),(1),2,, -1,1,0,1,50,21,7,1,86,86194,2,3,0,3,Boulevard Savari,46.576803,0.37832,10,2,2
202100029776,148Â 563,B01,8,2,2,9,8,0,-1,-1, -1,-1,2021,53.0,2,3,0,2,3,1,1,2.0,4,ASSEMBLEE-NATIONALE (RUE DE L'),0,,2,2,3,2,(1),(1),1,, -1,1,0,6,30,5,7,2,56,56121,2,2,0,3,ASSEMBLEE-NATIONALE (RUE DE L'),47.74882,-3.36301,6,3,2
202100026566,154Â 214,A01,1,1,2,1,1,-1,-1,0,0,-1,2021,44.0,2,2,2,2,1,17,1,,3,D24,-1,D,2,2,0,1,15,25,1,, -1,1,0,1,80,30,7,1,53,53267,1,1,0,5,D24  PK 015.025,48.018635,-0.46443,8,3,3
202100032148,144Â 285,B01,1,1,1,5,1,0,-1,-1, -1,-1,2021,64.0,1,2,0,2,2,15,1,,3,WLADIMIR D ORMESSON (AV),0,,-1,6,0,1,1,0,1,, -1,1,5,1,50,26,6,1,94,94055,2,3,0,3,Avenue Wladimir dâOrmesson,48.78539,2.53937,16,2,2
202100006491,190Â 200,A01,10,3,1,0,0,-1,-1,3,3,1,2021,69.0,1,2,0,1,2,26,1,,3,106,0,,1,2,1,1,0,0,1,, -1,1,6,1,50,24,11,5,92,92026,2,1,0,6,HÃTEL DE VILLE (RUE),48.895067,2.256622,17,2,1
202100018584,168Â 416,A01,1,1,1,5,2,6,-1,0,0,-1,2021,65.0,0,1,12,0,1,9,5,,4,FUSILLES (RUE DES),0,,1,3,0,2,(1),(1),3,, -1,1,0,1,50,14,9,1,27,27229,2,1,0,7,FUSILLES (RUE DES),49.01948,1.15773,18,1,1
202100002203,197Â 856,C01,1,1,1,5,1,-1,-1,0,0,-1,2021,29.0,2,2,0,2,1,1,1,,3,11,-1,D,2,2,0,2,9,300,1,, -1,1,0,1,90,20,12,1,88,88028,1,1,0,5,D11,48.153046,6.558001,12,7,3
202100014755,175Â 337,B01,1,1,1,0,2,6,-1,-1, -1,-1,2021,45.0,1,1,0,2,1,2,1,,2,tsoundzou-Kadjifouni ( rue ),0,,2,2,0,1,0,0,1,, -1,1,0,1,50,6,10,1,976,97611,2,3,0,3,tsoundzou-Kadjifouni ( rue ),-12.807444,45.20563,7,3,2
202100037314,134Â 974,A01,10,3,1,5,0,-1,-1,2,3,2,2021,6.0,0,2,0,1,3,1,2,,3,ANATOLE FRANCE  (BLD) IMPAIR,0,,2,2,0,1,33,0,1,, -1,1,0,1,50,31,5,1,93,93001,2,1,1,6,ANATOLE FRANCE  (BLD) IMPAIR,48.915933,2.381516,19,2,1
202100001581,198Â 987,B01,1,1,2,5,1,0,-1,-1, -1,-1,2021,42.0,1,2,0,2,4,2,1,,1,AUTOROUTE A20,0,,3,4,0,2,179,800,1,, -1,1,0,1,90,22,12,5,87,87085,2,1,0,2,AUTOROUTE A20,45.84968,1.27636,17,2,2
202100015476,174Â 040,A01,1,1,2,9,1,-1,-1,-1, -1,-1,2021,52.0,-1,2,0,2,4,23,1,,7,LYON (DE)                               ,0,,2,2,1,1,64,700,1,, -1,1,0,1,50,1,10,1,69,69276,1,1,0,2,LYON (DE) (RTE)              ,45.6790310265,4.861127144,14,2,2
202100050692,111Â 079,B01,1,1,1,5,1,-1,-1,0,0,-1,2021,35.0,2,2,0,0,1,1,1,,3,253,-1,,2,2,0,3,5,250,2,, -1,1,0,1,50,20,2,1,64,64250,2,3,0,1,Route dÃ©partementale 253,43.512376,-1.203601,8,2,2
202100028967,149Â 950,B01,1,1,2,1,2,6,-1,-1, -1,-1,2021,49.0,1,1,0,2,2,1,1,,4,JAULERRY (AVENUE),0,,1,1,0,2,0,0,1,, -1,1,0,1,30,14,7,1,64,64122,2,1,0,3,JAULERRY (AVENUE),43.48059,-1.5593,9,2,2
202100027599,152Â 390,B01,1,1,1,0,2,6,9,0,0,-1,2021,36.0,1,1,0,2,1,1,1,,3,916,0,,2,2,0,1,5,70,1,, -1,1,0,1,70,21,7,1,60,60234,1,3,0,2,D916,49.404395,2.420303,17,2,2
202100026740,153Â 922,B01,1,1,1,0,2,-1,-1,0,0,-1,2021,49.0,1,1,0,2,1,1,1,,4,A,0,A,2,2,0,1,0,750,1,, -1,1,0,1,30,26,7,1,6,6084,2,6,0,3,Chemin du Plan Sarrain,43.601333,6.950312,19,2,2
202100033951,141Â 076,C01,1,1,1,0,1,-1,-1,0,0,-1,2021,59.0,2,2,0,2,8,1,1,,3,774,-1,,2,2,0,1,15,449,1,, -1,1,0,1,80,17,6,1,44,44069,1,1,0,5,D774,47.382829,-2.382699,14,3,3
202100028882,150Â 096,B01,1,1,1,0,2,0,-1,-1, -1,-1,2021,36.0,2,1,0,2,3,1,1,,4,,0,,1,1,0,1,6,0,1,, -1,1,0,1,30,15,7,1,92,92044,2,1,0,3,LOUISE MICHEL(RUE) 1A39 ET 2A30,48.887746,2.285524,13,2,2
202100006519,190Â 153,A01,1,1,1,1,1,-1,-1,0,0,-1,2021,20.0,1,2,0,2,1,5,1,,3,164,0,D,2,2,0,1,13,589,1,, -1,1,0,1,80,25,11,1,44,44107,1,1,0,1,RD164,47.430758,-1.336641,13,2,2
202100038019,133Â 703,B01,1,1,1,1,2,0,-1,0,0,-1,2021,54.0,2,1,0,2,1,1,1,,4,REINACH SALOMON (RUE),0,,2,2,0,1,0,0,1,, -1,1,0,1,50,20,5,1,30,30189,2,1,0,6,REINACH SALOMON (RUE),43.832,4.3808,12,2,2
202100049529,113Â 226,B01,1,1,1,5,8,0,-1,0,0,-1,2021,57.0,1,1,0,2,1,1,5,,4,COURS DE VINCENNES,0,,1,1,0,1,(1),(1),1,, -1,1,0,1,30,2,3,1,75,75112,2,2,0,3,COURS DE VINCENNES,48.847801,2.39909,16,2,2
202100048302,115Â 417,B01,1,1,1,4,1,0,-1,-1, -1,-1,2021,30.0,1,2,0,2,7,1,1,,4,CHENNEVIERES (AV DE),0,,2,2,0,1,0,0,1,, -1,2,0,1,30,12,3,1,94,94068,2,2,1,3,CHENNEVIERES (AV DE),48.7897796651,2.5149464607,15,2,2
202100018752,168Â 123,B01,1,1,1,5,8,0,-1,-1, -1,-1,2021,34.0,1,1,0,2,3,18,3,,4,JEAN MERMOZ,0,,2,2,2,1,0,0,1,, -1,1,0,1,50,15,9,1,64,64348,2,3,0,3,CHANOINE DUBARAT DU,43.3229451099,-0.379369691,9,2,2
202100031743,145Â 017,A01,1,1,2,5,1,0,-1,-1, -1,-1,2021,37.0,1,2,0,2,5,15,1,,3,ROUGET DE L ISLE (AV),0,,3,6,0,1,0,0,1,, -1,1,5,1,50,29,6,1,94,94081,2,2,0,3,COMMUNE DE PARIS (AV DE LA),48.78269,2.39363,14,2,2
202100015945,173Â 162,A01,10,3,1,5,0,-1,-1,2,3,1,2021,69.0,1,2,0,1,3,1,1,,4,RUE DE LA TOUR,0,,1,1,0,1,(1),(1),1,, -1,1,0,1,30,30,9,1,75,75116,2,2,0,6,RUE DE LA TOUR,48.862799,2.276325,10,2,1
202100034621,139Â 830,A01,10,3,2,0,0,-1,-1,1,3,1,2021,51.0,2,1,0,1,3,0,1,,3,FONTAINEBLEAU (AV DE),0,,2,4,0,1,0,0,1,, -1,1,0,1,50,13,6,1,94,94043,2,1,0,6,FONTAINEBLEAU (AV DE),48.80834,2.36304,19,2,1
202100021943,162Â 403,B01,2,2,2,5,2,6,-1,0,0,-1,2021,23.0,3,1,0,2,0,0,1,,7,NICE AVENUE DE (RN7),0,,2,2,0,1,(1),(1),1,, -1,1,0,1,50,29,8,5,6,6027,2,9,0,1,NICE AVENUE DE (RN7),43.65917,7.16439,22,3,2
202100006797,189Â 633,B01,1,1,1,0,2,6,-1,-1, -1,-1,2021,27.0,1,1,0,2,8,3,1,,2,RN 104,0,,3,2,0,1,29,500,1,, -1,1,0,1,90,23,11,1,91,91553,1,1,0,3,RN 104,48.631853,2.500612,9,2,2
202100046154,119Â 265,A01,1,1,1,0,2,6,-1,-1, -1,-1,2021,65.0,3,1,0,0,0,26,1,,3,3,0,,2,3,0,2,1,0,1,, -1,1,0,1,50,29,3,5,92,92073,2,1,0,7,ROOSVELT (AVENUE FRANKLIN),48.8732752003,2.2214001417,20,1,1
202100009727,184Â 315,A01,10,3,1,0,0,-1,-1,4,3,2,2021,2.0,2,5,0,1,6,15,1,,4,MARCEL PAUL                         (AV),0,,2,2,0,1,(1),(1),2,, -1,2,0,8,30,2,11,5,69,69259,2,2,1,6,MARCEL PAUL                         (AV),45.69975,4.88186,17,4,1
202100017498,170Â 348,B01,1,1,2,5,1,0,-1,0,0,-1,2021,55.0,1,2,0,2,8,1,1,,4,BOULEVARD MASSENA,0,,3,2,0,1,(1),(1),1,, -1,1,0,1,30,22,9,1,75,75113,2,5,0,3,BOULEVARD MASSENA,48.821701,2.369379,12,3,2
202100056087,101Â 625,A01,1,1,1,3,2,-1,-1,0,0,-1,2021,19.0,0,1,0,2,1,0,1,,4,,-1,,2,2,0,1,(1),(1),1,, -1,2,0,1,30,6,1,5,41,41150,2,2,0,3,Rue de la MartiniÃ¨re,47.559688,1.453972,19,2,2
202100004586,193Â 578,B01,1,1,2,4,1,-1,-1,0,0,-1,2021,56.0,1,2,0,2,3,1,1,,3,39,0,D,2,2,0,2,4,400,2,, -1,2,0,1,80,6,12,3,40,40001,1,1,1,1,RD39- PK4+400,43.695711,-0.253742,5,2,2
202100003281,195Â 899,B01,1,1,1,4,1,-1,-1,0,0,-1,2021,39.0,1,5,0,2,6,23,1,,3,778,-1,,2,2,0,1,32,868,1,, -1,1,0,1,80,13,12,2,56,56222,1,1,0,4,Petit Keribert,47.798642,-2.729319,17,4,3
202100055003,103Â 493,A01,1,1,1,4,1,0,-1,-1,0,-1,2021,46.0,2,4,16,0,1,26,1,,1,15,0,,1,1,0,2,12,609,2,, -1,2,3,1,50,13,1,3,95,95252,1,1,1,6, A15,48.98656,2.21174,23,1,1
202100041908,126Â 707,A01,2,2,1,5,1,0,-1,-1, -1,-1,2021,18.0,1,2,8,2,0,1,1,,3,,0,,2,2,0,1,0,455,1,, -1,1,0,1,50,16,4,5,25,25580,2,2,0,3,VERNOIS (RUE DU),47.45975,6.83196,2,3,2
202100019845,166Â 165,A01,10,3,1,5,0,-1,-1,2,3,1,2021,48.0,2,2,0,1,1,21,1,,4,LECLERC (AVENUE DU GENERAL),0,,2,3,2,1,0,0,1,, -1,1,0,1,50,7,9,1,87,87085,2,1,0,6,LECLERC (AVENUE DU GENERAL),45.8514,1.26609,19,2,1
202100003362,195Â 755,A01,1,1,1,5,2,-1,-1,0,0,-1,2021,17.0,2,1,0,2,1,1,1,,3,142,-1,,2,2,0,1,46,500,1,, -1,1,5,1,70,11,12,3,17,17339,1,3,0,1,D148,45.462366,-0.443283,17,2,2
202100023979,158Â 772,B01,2,2,1,5,1,-1,-1,-1, -1,-1,2021,74.0,1,2,0,2,4,1,1,,1,AUTOROUTE A 10,0,,3,6,0,2,532,600,1,, -1,1,2,1,130,15,8,1,33,33143,1,1,0,2,,44.962131,-0.443088,8,5,2
202100019916,166Â 032,A01,10,3,2,2,0,-1,-1,9,3,-1,2021,12.0,1,3,0,1,1,1,1,1.0,3,GEORGES HALGOULT (R),0,,2,0,3,1,1,0,1,, -1,1,-1,1,50,9,9,1,94,94073,2,1,0,6,Avenue Georges Halgoult,48.76136,2.4,18,2,1
202100046077,119Â 389,B01,1,1,1,5,2,8,-1,-1, -1,-1,2021,51.0,1,1,0,2,7,0,5,,3,PIETAT DE,0,,2,2,0,2,0,1,3,, -1,1,0,1,50,28,3,1,64,64237,2,3,0,3,GABIZOS DU,43.27894,-0.3753,15,2,2
202100054029,105Â 169,A01,1,1,2,0,1,8,-1,-1, -1,-1,2021,28.0,2,2,0,2,8,1,1,,2,11 - RT,0,,1,2,0,2,1,0,1,, -1,1,9,1,70,21,1,1,202,202120,1,1,0,3,11 - RT,42.6500167617,9.4405293361,16,3,2
202100003630,195Â 262,B01,1,1,2,1,1,0,-1,0,0,-1,2021,31.0,1,2,0,2,4,1,1,,7,JAURES (BOULEVARD JEAN),0,,2,2,0,1,(1),(1),1,, -1,5,0,1,50,10,12,1,54,54526,2,1,1,2,JAURES (BOULEVARD JEAN),48.692220973,6.2113688439,8,2,2
202100029624,148Â 833,B01,2,2,2,5,1,0,-1,0,0,-1,2021,49.0,2,2,0,2,8,1,1,,4,PLACE DE LA CONCORDE,0,,1,8,0,1,(1),(1),1,, -1,2,0,1,50,10,7,1,75,75108,2,7,1,3,PLACE DE LA CONCORDE,48.865864,2.319917,12,5,2
202100021688,162Â 868,A01,1,1,1,5,1,-1,-1,0,0,-1,2021,72.0,2,2,3,0,9,14,1,,1,20,-1,,3,4,0,2,151,250,3,, -1,1,0,3,130,31,8,1,87,87014,1,1,0,6,A20 PK 151.250 Sud/Nord,46.086031,1.359129,18,2,1
202100050328,111Â 741,B01,1,1,1,0,8,0,-1,0,0,-1,2021,13.0,3,1,0,2,1,26,5,,4,PIXERECOURT (ROND POINT DE),0,,2,-1,0,1,(1),(1),1,, -1,1,0,8,50,24,2,1,54,54339,1,1,0,1,Domaine de PixÃ©rÃ©court,48.7252448522,6.181153357,17,2,2
202100002316,197Â 651,A01,1,1,2,5,2,6,-1,0,0,-1,2021,16.0,2,1,0,2,3,1,1,,3,CD77,0,,2,2,0,1,4,100,1,, -1,1,0,1,50,11,12,1,84,84070,2,1,0,3,Route de Blauvac,44.033274,5.173048,9,2,2
202100011670,180Â 863,A01,10,3,1,0,0,-1,-1,2,3,1,2021,19.0,2,2,0,1,2,1,1,,3,PASTEUR AV.,0,,2,2,0,1,0,1,1,, -1,1,6,8,30,22,10,5,93,93006,2,1,0,6,PASTEUR AV.,48.876,2.419,7,2,1
202100052854,107Â 241,A01,1,1,2,5,1,0,-1,-1,0,-1,2021,20.0,2,2,3,2,1,1,1,,1,15,0,,3,8,0,1,8,699,1,, -1,2,0,1,110,31,1,3,95,95582,1,1,1,2,A15,48.96656,2.25608,22,2,2
202100039581,130Â 835,B01,1,1,1,5,8,0,-1,-1, -1,-1,2021,64.0,0,1,0,2,1,1,5,,4,TAUPINAIS (CHEMIN DE LA),0,,2,1,0,1,(1),(1),2,, -1,2,0,1,50,16,5,1,35,35238,1,1,1,3,TAUPINAIS (CHEMIN DE LA),48.0978,-1.719,11,2,2
202100041393,127Â 616,B01,1,1,1,1,2,0,-1,-1, -1,-1,2021,61.0,2,1,0,2,4,3,1,,2,RN 118,0,,3,4,0,1,6,0,1,, -1,1,0,1,110,5,5,1,91,91534,1,1,0,2,RN 118,48.73796,2.17853,8,2,2
202100019369,167Â 008,B01,1,1,1,9,2,0,-1,0,0,-1,2021,53.0,2,1,0,2,4,23,1,,4,BOULEVARD PONIATOWSKI,0,,3,2,0,1,(1),(1),1,, -1,1,0,1,50,12,9,2,75,75112,2,1,0,2,BOULEVARD PONIATOWSKI,48.830404,2.393098,20,2,2
202100001666,198Â 828,A01,1,1,1,0,8,-1,-1,0,0,-1,2021,36.0,2,2,13,0,1,1,1,,3,61,0,D,3,4,0,1,11,165,1,, -1,1,5,1,90,25,12,3,34,34151,1,6,0,7,D 61 - Route de la mer,43.5963972543,4.105410722,19,2,1
202100041907,126Â 709,A01,1,1,1,5,2,6,-1,-1, -1,-1,2021,19.0,2,1,0,2,3,17,1,,4,AVE DU TAILLAN-MEDOC,0,,2,2,0,3,(1),(1),3,, -1,2,2,1,50,29,4,1,33,33162,2,1,1,1,Avenue du Taillan-MÃ©doc,44.87374,-0.63515,18,2,2
202100034041,140Â 914,B01,1,1,1,4,1,0,-1,-1, -1,-1,2021,56.0,2,5,0,2,3,1,1,,4,ELNE (ROUTE D'),0,,-1,2,0,1,(1),(1),1,, -1,1,0,1,50,16,6,1,66,66136,1,1,0,1,ELNE (ROUTE D'),42.67445,2.91431,8,3,2
202100037174,135Â 237,A01,2,1,1,0,8,0,-1,-1, -1,-1,2021,33.0,1,1,0,2,0,21,1,,2,PAUL LACAVE ( AVENUE ),0,,1,1,0,1,(1),(1),1,, -1,1,0,1,50,29,5,1,971,97107,2,1,0,7,PAUL LACAVE ( AVENUE ),16.0482365846,-61.5629094879,12,1,1
202100046193,119Â 201,A01,1,1,2,5,2,6,-1,0,0,-1,2021,45.0,2,1,11,0,2,1,1,,3,514,0,,2,2,0,1,33,850,2,, -1,9,8,1,50,30,3,1,14,14066,2,4,0,6,Route de Courseulles,49.329541,-0.43396,15,1,1
202100002015,198Â 191,A01,10,3,1,0,0,-1,-1,2,3,1,2021,65.0,1,2,0,1,1,15,1,,7,,-1,,2,2,-1,2,(1),(1),1,, -1,1,0,1,-1,17,12,1,63,63075,2,3,0,6,PONT DE LA GRAVIERE (RUE DU),45.77575,3.06638,14,2,1