Num_Acc,id_vehicule,num_veh,place,catu,sexe,trajet,secu1,secu2,secu3,locp,actp,etatp,year_acc,victim_age,senc,catv,obs,obsm,choc,manv,motor,occutc,catr,voie,v1,v2,circ,nbv,vosp,prof,pr,pr1,plan,lartpc,larrout,surf,infra,situ,vma,jour,mois,lum,dep,com,agg_,int,atm,col,adr,lat,long,hour,nb_victim,nb_vehicules
202100052751,107Â 435,A01,1,1,2,1,1,0,-1,-1,0,-1,2021,36.0,1,2,0,0,1,14,1,,3,PARIS (RUE DE),0,,2,2,0,2,1,550,3,, -1,1,0,1,90,2,2,1,95,95088,1,1,0,7,PARIS (RUE DE),48.974882327,2.4294689524,13,1,1
202100019999,165Â 886,A01,1,1,1,4,1,-1,-1,0,0,-1,2021,19.0,1,5,2,0,1,15,1,,3,,-1,,2,2,0,1,10,568,3,,4,1,0,8,50,6,9,1,33,33240,2,3,0,6,Rue des Abbes Collin,45.311122,-0.91978,14,1,1
202100039293,131Â 366,A01,1,1,2,5,2,6,-1,-1, -1,-1,2021,16.0,1,1,0,2,1,1,1,,2,PRIEURE (PONT DU),0,,1,2,0,1,49,400,2,, -1,2,2,1,50,19,5,1,32,32013,2,1,1,2,PRIEURE (PONT DU),43.64726,0.5889,12,2,2
202100006984,189Â 280,B01,1,1,2,1,1,4,-1,-1, -1,-1,2021,52.0,2,2,0,2,4,2,1,,7,Autoroute A.35,0,,3,4,0,1,301,299,1,, -1,1,0,1,90,16,11,1,67,67482,1,1,0,4,M35,48.5876060763,7.7283722162,14,3,3
202100049851,112Â 629,B01,1,1,1,0,2,0,-1,-1, -1,-1,2021,39.0,2,1,0,2,9,3,1,,1,A86 EXT,0,,3,2,0,1,39,900,1,, -1,1,0,1,90,28,2,1,94,94028,1,1,0,2,A86 EXT,48.7824279791,2.440778017,14,2,2
202100040048,130Â 013,B01,1,1,1,0,1,5,-1,-1, -1,-1,2021,63.0,2,2,0,2,1,26,1,,3,DÃ©partementale 811,0,,-1,2,0,1,3,250,2,, -1,2,2,1,80,13,5,1,46,46042,1,1,1,1,DÃ©partementale 811,44.48861,1.40806,19,2,2
202100029241,149Â 493,C01,1,1,2,1,1,0,-1,-1, -1,-1,2021,54.0,1,2,0,2,1,1,1,,1,A51-Sens Marseille vers Aix en Provence,0,,-1,3,0,1,2,500,1,, -1,1,0,1,90,12,7,1,13,13071,1,1,0,4,A51-Sens Marseille vers Aix en Provence,43.415,5.365,16,6,3
202100052229,108Â 345,B01,1,1,1,4,2,0,-1,0,0,-1,2021,47.0,1,1,0,2,8,12,1,,4,AVENUE DENFERT ROCHEREAU,0,,2,3,3,1,(1),(1),1,, -1,2,-1,6,50,7,2,5,75,75114,2,2,1,2,AVENUE DENFERT ROCHEREAU,48.838618,2.336626,19,2,2
202100017364,170Â 600,A01,1,1,1,1,2,6,-1,-1, -1,-1,2021,29.0,1,1,0,2,3,3,1,,2,RN 104,0,,1,2,0,1,57,0,1,, -1,1,0,1,110,23,9,1,91,91363,1,1,0,3,RN 104,48.64614,2.19227,9,2,2
202100027819,151Â 988,A01,1,1,2,5,2,-1,-1,0,0,-1,2021,61.0,2,1,14,0,0,1,5,,3,67,0,,2,2,0,1,21,0,1,, -1,1,0,1,80,21,7,1,46,46225,1,1,0,7,D67,44.515978,1.189656,14,1,1
202100013047,178Â 423,A01,1,1,1,0,8,-1,-1,-1, -1,-1,2021,18.0,3,0,0,2,0,17,6,,4,MAURICE THOREZ                      (AV),0,,2,2,0,1,(1),(1),1,, -1,1,0,1,50,15,10,5,69,69256,2,3,0,3,MAURICE THOREZ (AV),45.782410868,4.9127817165,19,3,2
202100037620,134Â 412,A01,10,3,2,5,0,-1,-1,2,3,1,2021,61.0,0,5,0,1,4,4,1,,4,BOULEVARD RASPAIL,0,,2,4,3,1,(1),(1),1,, -1,1,0,6,50,29,5,1,75,75107,2,3,0,6,BOULEVARD RASPAIL,48.85241,2.326574,9,2,1
202100049230,113Â 758,B01,10,3,2,5,0,-1,-1,3,3,1,2021,88.0,1,2,0,2,4,2,1,,3,GENERAL LECLERC (RUE DU),0,,2,2,0,1,42,93,1,, -1,1,0,1,50,3,3,1,77,77131,2,1,1,6,GENERAL LECLERC (RUE DU),48.811622,3.078688,16,5,2
202100042090,126Â 395,A01,10,3,1,5,0,-1,-1,1,1,1,2021,26.0,2,4,0,1,5,17,1,,3,145,0,,2,2,0,2,14,800,3,, -1,1,0,1,50,20,4,1,32,32116,2,1,0,6,D145 - PK 14.800,43.3381490535,0.43688019,18,3,1
202100025433,156Â 202,B01,1,1,1,5,1,0,-1,-1, -1,-1,2021,37.0,1,2,0,2,8,16,1,,4,BALEARES ROND POINT ET CITE DES,0,,1,2,0,1,0,0,1,, -1,1,0,1,50,5,8,1,66,66136,2,1,0,3,BALEARES ROND POINT ET CITE DES,42.68856,2.89486,14,2,2
202100011549,181Â 074,A01,1,1,1,5,8,0,-1,-1, -1,-1,2021,20.0,2,0,0,2,1,1,5,,4,DUMAS (AVENUE GEORGES),0,,2,2,0,1,0,0,1,, -1,2,0,1,50,20,10,4,87,87085,2,2,1,3,DUMAS (AVENUE GEORGES),45.82696,1.26239,19,2,2
202100027634,152Â 324,A01,9,2,1,5,1,-1,-1,0,0,-1,2021,20.0,2,2,8,0,0,1,1,,3,16,-1,D,2,2,0,1,4,844,3,, -1,1,0,8,80,23,7,1,36,36021,1,1,0,6,,46.969374,1.987174,18,5,1
202100007591,188Â 171,B01,1,1,1,1,2,8,-1,-1, -1,-1,2021,44.0,2,1,0,2,7,17,1,,3,ILLBERG (RUE DE L'),0,,2,2,0,1,0,0,1,, -1,1,0,1,50,16,11,1,68,68224,2,1,0,3,ILLBERG (RUE DE L'),47.72996,7.30666,8,2,2
202100003242,195Â 972,A01,1,1,1,5,1,-1,-1,-1, -1,-1,2021,39.0,0,2,0,2,1,1,1,,4,NANSEN. RUE FRIDTJOF,0,,2,4,0,1,0,0,2,, -1,1,0,1,50,12,12,5,76,76540,2,3,0,3,NANSEN. RUE FRIDTJOF,49.44566,1.0619,23,3,2
202100014676,175Â 479,A01,2,2,2,5,1,-1,-1,0,0,-1,2021,19.0,2,2,0,2,7,17,1,,3,83,0,,3,4,0,1,18,800,1,, -1,2,0,1,110,6,10,3,68,68043,1,1,0,2,D83,47.856208,7.242125,1,3,2
202100009680,184Â 404,B01,1,1,2,0,1,-1,-1,0,0,-1,2021,51.0,2,2,0,2,4,1,1,,1,63,0,A,3,4,0,1,16,900,1,, -1,2,0,1,130,3,11,1,33,33029,1,1,1,4,A63,44.684857,-0.781832,12,9,4
202100017186,170Â 915,B01,2,2,2,5,1,-1,-1,0,0,-1,2021,35.0,1,2,0,2,3,1,1,,3,7,0,,2,2,0,1,22,631,1,, -1,1,0,1,80,25,9,3,83,83140,1,1,0,5,Dn7,43.405235,5.932746,19,14,4
202100052497,107Â 886,A01,1,1,2,1,1,-1,-1,0,0,-1,2021,36.0,2,2,0,0,2,1,1,,3,18,-1,,2,2,0,2,6,500,3,, -1,2,0,3,80,5,2,3,58,58134,1,9,1,6,rd 18,46.954217,3.291661,20,1,1
202100047607,116Â 657,B01,1,1,2,1,1,0,-1,-1, -1,-1,2021,50.0,1,2,0,2,8,1,1,,4,GUERIN (CAMILLE-),0,,2,2,0,1,0,0,1,, -1,1,5,1,50,16,3,1,87,87114,2,2,0,3,LAGRANGE (AVENUE LEO-),45.82951,1.31316,18,2,2
202100009630,184Â 493,A01,1,1,2,1,2,6,-1,-1, -1,-1,2021,48.0,1,1,0,0,0,1,1,,3,RABELAIS (BD),0,,3,2,0,1,0,0,1,, -1,1,0,1,30,2,11,1,94,94068,2,1,0,7,RABELAIS (BD),48.80552,2.48228,14,1,1
202100022660,161Â 114,B01,4,2,1,4,8,0,-1,0,0,-1,2021,33.0,2,4,0,2,0,23,6,,4,RUE DE VAUGIRARD,0,,1,2,0,1,(1),(1),1,, -1,1,0,1,50,25,8,1,75,75115,2,3,0,2,RUE DE VAUGIRARD,48.837753,2.297427,19,3,2
202100027341,152Â 849,B01,1,1,1,5,1,0,-1,-1, -1,-1,2021,74.0,1,2,0,2,1,1,1,,3,BRASSAC (RUE DU PONT DE),0,,2,2,0,2,13,122,2,, -1,1,9,1,80,23,7,1,81,81065,1,1,0,1,BRASSAC (RUE DU PONT DE),43.621912,2.290194,12,3,2
202100036753,136Â 009,B01,1,1,2,0,1,-1,-1,-1, -1,-1,2021,20.0,2,2,0,2,2,1,1,,4,MARIUS VIVIER MERLE                 (BD),0,,1,4,0,1,(1),(1),1,, -1,1,0,1,50,2,6,5,69,69383,2,1,0,2,MARIUS VIVIER MERLE                 (BD),45.75539,4.85902,21,2,2
202100018876,167Â 909,B01,1,1,1,5,0,-1,-1,0,0,-1,2021,60.0,2,1,0,2,2,1,5,,2,431,-1,,2,2,0,1,(1),(1),1,, -1,1,0,1,80,8,9,2,57,57212,2,6,0,3,FÃ©y,49.031284,6.112905,18,2,2
202100046748,118Â 211,B01,1,1,1,9,0,-1,-1,-1, -1,-1,2021,15.0,3,1,0,2,0,1,5,,4,MULSANT BENOIT  R,0,,2,2,0,1,(1),(1),1,, -1,1,5,1,50,24,3,1,69,69264,2,3,0,3,DESMOULINS CAMILLE (R),45.994695152,4.739315629,16,2,2
202100033772,141Â 404,A01,1,1,1,0,8,0,-1,-1, -1,-1,2021,21.0,3,1,0,2,8,15,3,,3,ZEPHIR (ROCADE),0,,2,2,2,1,2,950,1,, -1,1,5,1,50,17,6,1,973,97302,2,3,0,3,ZEPHIR (ROCADE),4.93806,-52.30635,16,2,2
202100033207,142Â 406,A01,10,3,2,5,0,-1,-1,4,3,3,2021,29.0,1,1,0,1,0,1,3,,4,PLACE DE LA BATAILLE DE STALINGRAD,0,,2,4,1,1,(1),(1),3,, -1,1,2,1,50,20,6,1,75,75119,2,7,0,6,PLACE DE LA BATAILLE DE STALINGRAD,48.882941,2.370143,16,2,1
202100009275,185Â 119,A01,1,1,1,5,2,6,-1,0,0,-1,2021,85.0,1,1,0,2,8,13,1,,7,,0,,1,4,0,1,(1),(1),1,, -1,1,0,1,50,5,11,1,6,6088,2,1,0,3,ANGLAIS (A PARTIR DU NÂ° 351),43.66904,7.22122,10,2,2
202100003199,196Â 053,B01,1,1,1,2,0,-1,-1,0,0,-1,2021,12.0,3,1,0,2,8,26,5,,4,,-1,,3,1,0,1,(1),(1),4,,5,1,0,1,50,14,12,2,74,74081,2,1,1,3,26 Avenue Georges ClÃ©menceau,46.067013,6.573533,7,2,2
202100049076,114Â 037,A01,10,3,2,3,0,-1,-1,3,3,1,2021,59.0,1,1,0,1,1,1,5,,4,ANATOLE FRANCE     (Rue),0,,1,4,2,1,(1),(1),1,, -1,1,0,5,50,5,3,1,69,69266,2,1,0,6,ANATOLE FRANCE (R),45.768387488,4.8807354344,12,2,1
202100020904,164Â 284,A01,1,1,1,5,2,6,-1,0,0,-1,2021,45.0,1,6,0,0,8,9,1,,3,RDN7,-1,,2,1,3,2,82,550,1,, -1,1,5,8,80,2,9,2,83,83086,1,1,0,7,Route de Frejus,43.467992,6.592054,19,1,1
202100040975,128Â 376,A01,10,3,1,0,0,-1,-1,1,3,1,2021,75.0,1,5,0,1,4,26,1,,4,PAUL LAFARGUE (RUE),0,,1,1,0,1,0,0,1,, -1,1,0,1,50,7,5,1,93,93001,2,1,0,6,Rue Paul Lafargue,48.91581,2.36758,7,2,1
202100053511,106Â 063,A01,1,1,1,5,0,-1,-1,0,0,-1,2021,39.0,1,2,2,0,2,1,1,,4,,-1,,2,2,0,4,(1),(1),4,, -1,1,0,3,50,28,1,5,974,97422,2,1,0,6,Chemin Isautier,-21.263136,55.518862,22,1,1
202100043525,123Â 862,A01,1,1,1,5,2,6,-1,0,0,-1,2021,17.0,3,1,6,0,3,16,1,,4,,-1,,2,2,0,1,(1),(1),3,, -1,1,0,3,80,17,4,1,85,85121,2,4,0,6,La Gabauge,46.42783,-0.943494,18,1,1
202100002998,196Â 419,A01,2,2,2,5,1,-1,-1,0,0,-1,2021,60.0,1,2,0,2,3,13,1,,3,683,-1,,2,2,0,1,94,650,3,, -1,2,0,1,50,5,12,5,25,25372,2,1,1,1,7 rue de Belfort,47.45784,6.594834,18,4,2
202100004518,193Â 698,A01,3,2,1,0,8,-1,-1,-1, -1,-1,2021,19.0,0,2,13,0,1,13,1,,3,VAUX (ROUTE DE),0,,2,2,0,1,16,108,1,, -1,2,0,1,50,4,12,2,60,60175,2,1,1,7,Route de Vaux,49.2633452896,2.4873690604,8,3,1
202100050148,112Â 084,A01,1,1,1,4,8,-1,-1,-1, -1,-1,2021,36.0,2,5,0,2,1,1,3,,4,,0,,1,2,0,1,(1),(1),1,, -1,1,0,1,50,25,2,1,69,69388,2,3,0,3,JOSEPH CHAPELLE (R),45.736156375,4.8680073358,16,2,2
202100006953,189Â 339,A01,1,1,1,0,1,-1,-1,0,0,-1,2021,74.0,2,2,1,0,2,1,1,,3,933,0,,2,2,0,1,74,465,1,, -1,1,0,1,50,21,11,5,1,1427,2,1,0,6,avenue du premier RFM,45.937184,4.785501,18,1,1
202100014417,175Â 928,B01,1,1,1,9,2,6,-1,-1, -1,-1,2021,38.0,2,1,0,2,8,1,1,,4,ABBE ROGER DERRY (AV DE L),0,,2,3,3,2,0,0,1,, -1,1,0,1,50,8,10,1,94,94081,2,3,0,3,ABBE ROGER DERRY (AV DE L),48.790793,2.391116,15,2,2
202100023763,159Â 142,A01,1,1,1,5,1,-1,-1,0,0,-1,2021,60.0,1,2,0,2,3,13,1,,3,943,0,,2,2,0,1,79,500,3,, -1,1,0,1,80,17,8,1,62,62618,1,1,0,1,D943,50.808406,2.092847,20,5,2
202100005957,191Â 148,B01,1,1,2,0,1,-1,-1,-1, -1,-1,2021,53.0,1,2,0,2,7,1,1,,4,PEYDAVANT (RUE ),0,,2,2,1,1,(1),(1),3,, -1,2,0,1,50,26,11,5,33,33522,2,6,1,3,Rue Peydavant,44.8067,-0.58619,22,2,2
202100003984,194Â 630,A01,10,3,1,5,0,-1,-1,4,3,1,2021,13.0,2,2,0,1,1,15,1,,4,PREFECTURE (RUE DE LA),0,,2,2,0,1,0,0,1,, -1,2,0,1,50,7,12,1,87,87085,2,1,1,6,PREFECTURE (RUE DE LA),45.8334,1.25747,17,2,1
202100003702,195Â 135,C01,1,1,1,1,1,0,-1,-1, -1,-1,2021,37.0,1,2,0,2,1,2,1,,3,ROCADE OUEST (RD 610),0,,1,2,0,1,13,0,1,, -1,1,0,1,110,10,12,3,10,10333,2,1,0,4,ROCADE OUEST (RD 610),48.2769,4.04346,17,3,3
202100018999,167Â 673,B01,1,1,1,9,2,0,-1,0,0,-1,2021,22.0,2,1,0,2,1,1,1,,4,RUE CORVISART,0,,1,1,0,1,(1),(1),1,, -1,1,0,1,30,14,9,1,75,75113,2,2,0,3,RUE CORVISART,48.8327292764,2.3469488096,16,2,2
202100024722,157Â 456,B01,1,1,1,0,1,0,-1,-1, -1,-1,2021,39.0,1,2,0,2,1,1,1,,3,SALVADOR ALLENDE (RUE),0,,-1,2,0,1,1,910,2,, -1,1,0,1,50,10,8,1,86,86194,2,9,0,1,Avenue John Kennedy,46.588094,0.363415,14,2,2
202100033041,142Â 682,B01,1,1,2,0,1,8,-1,-1, -1,-1,2021,56.0,2,2,0,2,1,0,1,,3,RD 158,0,,2,2,0,1,0,0,4,, -1,2,0,1,80,19,6,1,49,49099,1,1,0,1,RD 158,47.0702,-0.91737,16,3,2
202100021490,163Â 225,B01,1,1,1,5,8,6,-1,-1, -1,-1,2021,31.0,2,1,0,2,1,1,1,,3,HENRI POURCHASSE (QU),0,,2,2,0,1,0,0,1,, -1,1,0,1,50,1,9,1,94,94041,2,3,0,3,HENRI POURCHASSE (QU),48.80842,2.40775,19,2,2
202100046695,118Â 311,A01,1,1,1,5,0,-1,-1,0,0,-1,2021,47.0,2,2,2,0,3,1,1,,4,,0,,2,2,0,1,26,50,1,, -1,1,0,3,50,26,3,1,13,13037,1,1,0,1,Chemin des Gilbertes et des Vignes,43.538703,5.201576,15,1,1
202100032462,143Â 754,A01,1,1,2,5,8,0,-1,-1, -1,-1,2021,26.0,1,2,6,0,1,16,1,,4,NOBLE (RUE DU),0,,1,1,0,1,0,0,3,, -1,1,0,1,50,24,6,5,84,84087,2,1,0,7,NOBLE (RUE DU),44.1349808,4.8109796,3,1,1
202100033110,142Â 567,A01,1,1,1,5,1,-1,-1,0,0,-1,2021,19.0,2,2,2,0,3,13,1,,3,1,0,,2,2,0,1,63,970,1,,"5,5",1,0,3,80,22,6,3,51,51576,1,1,0,7,D1,49.050697454,4.1348591441,0,1,1
202100048931,114Â 289,A01,10,3,1,3,0,-1,-1,3,3,1,2021,33.0,2,2,0,1,2,16,1,,3,MALRAUX BD ANDRE,0,,-1,-1,0,1,7,100,1,, -1,1,0,1,50,6,3,1,78,78642,2,1,1,6,MALRAUX BD ANDRE,48.98386,1.96722,9,2,1
202100026794,153Â 829,A01,1,1,1,0,8,0,-1,-1, -1,-1,2021,20.0,1,1,0,0,1,2,5,,4,MAILLETS (RUE DES) IMP 37 A 159,0,,1,2,2,1,0,0,1,, -1,1,0,1,30,27,7,1,72,72181,2,1,0,2,MAILLETS (RUE DES) IMP 37 A 159,48.0153,0.21199,19,2,2
202100054532,104Â 300,B01,1,1,1,1,2,0,-1,-1, -1,-1,2021,38.0,1,1,0,2,3,13,1,,1,A7-Sens Lyon vers Marseille,0,,1,3,0,1,265,200,1,, -1,1,0,1,110,19,1,1,13,13071,1,1,0,3,A7-Sens Lyon vers Marseille,43.4112451627,5.2830182353,9,2,2
202100039615,130Â 781,B01,1,1,2,5,1,0,-1,-1, -1,-1,2021,26.0,1,2,0,2,4,2,1,,3,LE FOLL (AV),0,,2,2,0,2,(1),(1),3,, -1,1,0,1,50,17,5,1,94,94077,2,1,0,2,LE FOLL (AV),48.7285434284,2.4336104695,19,4,2
202100007425,188Â 485,A01,1,1,2,0,2,6,-1,-1, -1,-1,2021,30.0,2,1,4,2,7,16,1,,1,86,0,,-1,1,0,1,0,200,3,, -1,1,1,1,50,19,11,2,92,92050,1,1,0,2,A86,48.902896,2.204652,6,2,2
202100005877,191Â 287,A01,1,1,1,5,8,-1,-1,-1, -1,-1,2021,25.0,2,2,8,0,1,1,1,,4,EUROPE (DE L')                      (AV),0,,3,3,0,2,(1),(1),1,, -1,1,0,1,50,28,11,5,69,69286,2,3,0,6,EUROPE (DE L') (AV),45.81731,4.90092,0,1,1
202100029274,149Â 435,B01,1,1,1,0,2,0,-1,-1, -1,-1,2021,17.0,3,1,0,2,1,1,1,,4,,0,,2,2,0,1,0,100,1,, -1,2,0,1,50,12,7,1,91,91691,2,2,1,3,VALENTON(RUE),48.73094,2.51384,14,3,2
202100035895,137Â 526,B01,1,1,1,0,2,0,-1,0,0,-1,2021,43.0,1,1,0,2,4,2,5,,7,RECLUS (AVENUE ELISEE),0,,3,4,0,1,(1),(1),1,, -1,1,0,1,50,5,6,1,63,63113,2,1,0,2,RECLUS (AVENUE ELISEE),45.78413,3.14296,14,2,2
202100055628,102Â 416,B01,1,1,2,0,1,-1,-1,0,0,-1,2021,72.0,2,2,0,0,3,0,1,,3,6110,-1,,2,2,0,3,6,700,2,, -1,1,0,1,80,10,1,3,30,30114,1,1,0,1,D6610,43.821524,4.095626,18,3,2
202100003600,195Â 312,A01,10,3,2,5,8,8,-1,3,3,1,2021,14.0,3,2,0,1,3,1,1,,4,RONDE (CHEMIN DE),0,,2,2,0,2,1,0,1,, -1,2,0,1,50,8,12,1,74,74281,2,4,1,6,RONDE (CHEMIN DE),46.3688331558,6.4832353588,15,2,1
202100020999,164Â 128,DA01,1,1,1,0,2,0,-1,-1, -1,-1,2021,49.0,1,1,0,2,1,1,5,,4,,0,,2,3,1,1,(1),(1),1,, -1,1,0,5,50,24,6,1,69,69387,2,1,0,1,TONY GARNIER (AV),45.73151,4.82415,18,2,2
202100006347,190Â 449,A01,10,3,2,3,0,-1,-1,6,B,1,2021,80.0,1,2,0,1,2,0,1,,2,4,-1,,2,2,0,1,(1),(1),1,, -1,1,0,1,50,26,11,1,971,97128,2,1,0,6,Castaing,16.228816,-61.374113,8,2,1
202100000890,200Â 155,B01,1,1,2,3,1,0,-1,-1, -1,-1,2021,69.0,2,2,0,2,3,1,1,,4,CHRISTOPHE COLOMB (R),0,,-1,2,0,1,0,1,1,, -1,2,0,1,50,29,12,1,94,94054,2,1,1,1,Rue Christophe Colomb,48.75133,2.41742,16,2,2
202100007902,187Â 615,A01,10,3,2,3,0,-1,-1,2,3,1,2021,57.0,3,2,0,1,2,1,1,,3,2,0,,2,2,0,1,(1),(1),1,, -1,1,0,1,50,17,11,5,50,50615,2,1,0,6,Avenue du 8 Mai 1945,49.502247,-1.466559,18,2,1
202100030584,147Â 087,A01,1,1,1,1,2,0,-1,-1, -1,-1,2021,20.0,1,1,0,2,1,1,1,,4,PRADO (AVENUE DU),0,,-1,6,0,1,0,0,1,, -1,1,0,1,50,5,7,1,13,13208,2,1,0,3,PRADO (AVENUE DU),43.275,5.391,14,2,2
202100001728,198Â 699,B01,1,1,1,4,2,8,-1,-1, -1,-1,2021,30.0,0,1,0,2,1,1,1,,4,REGNY (TRAVERSE),0,,2,2,1,1,0,0,1,, -1,1,0,1,50,22,12,5,13,13209,2,1,0,3,REGNY (TRAVERSE),43.2638,5.4183,20,2,2
202100012855,178Â 747,B01,1,1,2,0,2,0,-1,-1, -1,-1,2021,45.0,1,0,0,2,1,22,3,,4,CARNOT   AVENUE,0,,2,4,1,1,(1),(1),1,, -1,1,0,5,50,15,10,1,17,17300,2,1,0,3,CARNOT   AVENUE,46.1651,-1.18516,17,2,2
202100011636,180Â 924,B01,1,1,1,9,2,6,-1,0,0,-1,2021,53.0,1,1,0,2,4,1,1,,4,BOULEVARD DE LA CHAPELLE,0,,1,2,0,1,(1),(1),1,, -1,1,0,1,30,22,10,5,75,75118,2,4,0,2,BOULEVARD DE LA CHAPELLE,48.88434,2.356139,21,2,2
202100003526,195Â 443,A01,1,1,1,1,2,0,-1,0,0,-1,2021,53.0,2,1,0,2,3,1,1,,3,CALVI  ROUTE,0,,2,0,0,1,0,0,1,, -1,1,0,1,50,3,5,1,201,201004,2,1,0,3,D81,41.9529592969,8.7833157989,12,2,2
202100011997,180Â 270,B01,1,1,2,0,1,0,-1,-1, -1,-1,2021,45.0,2,2,0,2,4,2,1,,3,R D 900,0,,3,4,0,1,0,635,3,, -1,1,0,1,90,20,10,1,66,66136,1,1,0,4,R D 900,42.70868,2.87821,8,4,4
202100050629,111Â 191,B01,1,1,1,1,2,6,9,0,0,-1,2021,54.0,2,1,0,2,1,1,1,,3,3,0,D,2,2,0,3,19,27,1,, -1,1,0,1,50,19,2,1,6,6038,2,9,0,3,Route d'Opio,43.67627,6.97549,8,2,2
202100004787,193Â 220,A01,4,2,1,0,3,-1,-1,0,0,-1,2021,5.0,1,2,0,2,1,26,1,,2,ECHANGEUR NÂ° 9 ( PORTE DE BRETAGNE ),0,,1,4,0,1,16,450,3,, -1,2,0,1,110,1,12,1,14,14101,2,1,0,2,ECHANGEUR NÂ° 9 ( PORTE DE BRETAGNE ),49.164765,-0.428156,11,7,2
202100050447,111Â 527,A01,10,3,1,0,0,-1,-1,4,3,1,2021,36.0,1,2,0,1,1,15,0,,3,RESISTANCE (RUE DE LA),0,,2,3,0,2,0,1,1,, -1,1,0,1,50,23,2,1,74,74012,2,2,0,6,RESISTANCE (RUE DE LA),46.198532,6.252133,10,2,1
202100010321,183Â 258,A01,10,3,1,9,0,-1,-1,4,3,1,2021,47.0,3,5,0,1,1,15,1,,4,SOMME (AVE DE LA),0,,2,2,0,1,(1),(1),1,, -1,1,6,1,50,29,10,1,33,33281,2,9,0,6,Avenue de la Somme,44.82955,-0.66216,16,2,1
202100012219,179Â 878,B01,1,1,2,5,2,6,-1,0,0,-1,2021,40.0,0,1,0,2,2,1,5,,4,DOUCERAIN (PLACE AIME),0,,2,2,0,3,(1),(1),1,, -1,2,0,1,50,19,10,1,27,27229,2,1,0,3,DOUCERAIN (PLACE AIME),49.03,1.136,8,2,2
202100016277,172Â 540,A01,1,1,1,5,2,6,-1,0,0,-1,2021,71.0,2,1,13,0,3,13,1,,3,113,-1,E,2,2,0,2,0,580,3,, -1,1,0,3,90,26,9,1,19,19174,1,1,0,7,D113e2,45.196963,1.973253,13,1,1
202100037414,134Â 788,A01,10,3,1,5,0,-1,-1,4,3,1,2021,12.0,1,2,0,1,1,1,1,,4,AV MAZARIN,0,,2,2,0,1,0,0,1,, -1,1,0,1,50,30,5,1,91,91161,2,1,0,6,AV MAZARIN,48.70298,2.31971,14,2,1
202100018731,168Â 158,B01,1,1,1,0,1,-1,-1,-1, -1,-1,2021,29.0,1,0,0,2,1,1,3,,4,GARIBALDI                           (R ),0,,1,3,3,1,(1),(1),1,, -1,1,0,1,50,15,9,1,69,69387,2,2,0,3,GARIBALDI (R),45.74824,4.85244,15,2,2
202100016200,172Â 683,IA01,1,1,2,1,2,-1,-1,-1,0,-1,2021,45.0,1,1,0,2,1,17,1,,4,TROUDE AMIRAL,0,,2,2,0,1,(1),(1),1,, -1,2,0,1,50,28,9,1,29,29019,2,3,1,3,TROUDE AMIRAL,48.3871583554,-4.4736586677,18,2,2
202100022800,160Â 849,B01,1,1,1,5,2,0,-1,-1, -1,-1,2021,20.0,2,1,0,2,1,19,1,,4,MARNE (AVENUE DE LA),0,,2,2,0,2,0,0,1,, -1,1,0,1,50,22,8,1,64,64122,2,2,0,1,113 Avenue de la Marne,43.48233,-1.54439,18,4,2
202100026522,154Â 291,B01,1,1,1,5,2,-1,-1,0,0,-1,2021,60.0,2,1,0,2,2,15,5,,3,33,-1,,2,1,0,2,(1),(1),1,, -1,1,0,1,50,29,7,1,41,41104,2,3,0,1,Route de Chambord,47.592318,1.453135,17,2,2
202100041051,128Â 234,A01,2,2,1,5,1,-1,-1,-1, -1,-1,2021,17.0,2,2,0,2,1,5,1,,7,LAURENT BONNEVAY                    (BD),0,,1,1,0,2,11,500,2,, -1,2,3,1,50,6,5,5,69,69259,2,1,1,1,LAURENT BONNEVAY                    (BD),45.7214,4.88375,21,3,2
202100008763,186Â 073,A01,2,2,2,1,2,6,-1,-1, -1,-1,2021,25.0,1,1,0,9,3,18,1,,3,PARIS (AV DE),0,,1,1,2,1,76,0,1,, -1,1,9,1,50,9,11,1,94,94080,2,1,0,3,Avenue de Paris,48.84559,2.42962,9,3,2
202100055390,102Â 837,B01,1,1,1,5,2,6,-1,0,0,-1,2021,68.0,2,1,0,2,1,17,1,,3,774,0,D,2,2,0,1,1,242,1,, -1,2,0,1,80,12,1,1,44,44072,1,2,0,3,LA VILLE EN BOIS,47.490605,-2.297484,16,2,2
202100037590,134Â 468,A01,1,1,1,0,2,6,-1,-1, -1,-1,2021,57.0,2,1,0,2,1,1,1,,4,DE GAULLE (BD CHARLES),0,,2,4,1,1,(1),(1),1,, -1,1,5,1,50,29,5,1,37,37214,2,2,0,6,DE GAULLE (BD CHARLES),47.4115415477,0.6755753607,19,3,2
202100014026,176Â 631,A01,1,1,1,5,8,0,-1,-1, -1,-1,2021,33.0,1,2,2,0,2,14,1,,3,JEAN JAURES (R),0,,2,4,0,2,0,0,2,, -1,1,0,4,50,10,10,5,94,94046,2,1,0,1,JEAN JAURES (R),48.79,2.43,3,1,1
202100006852,189Â 534,A01,1,1,1,9,8,-1,-1,0,0,-1,2021,58.0,2,2,8,0,1,1,1,,3,06,0,,2,2,0,2,9,514,1,,6,1,9,3,50,20,11,5,82,82048,2,6,0,6,Rue du GÃ©nÃ©ral Larroque,43.86165,1.267623,18,1,1