Num_Acc,id_vehicule,num_veh,place,catu,sexe,trajet,secu1,secu2,secu3,locp,actp,etatp,year_acc,victim_age,senc,catv,obs,obsm,choc,manv,motor,occutc,catr,voie,v1,v2,circ,nbv,vosp,prof,pr,pr1,plan,lartpc,larrout,surf,infra,situ,vma,jour,mois,lum,dep,com,agg_,int,atm,col,adr,lat,long,hour,nb_victim,nb_vehicules
202100025663,155Â 807,B01,1,1,1,1,1,-1,-1,0,0,-1,2021,36.0,1,2,0,2,1,1,1,,3,78,0,D,2,2,0,1,8,635,1,, -1,1,0,1,80,5,8,1,76,76058,1,2,0,3,RD78,49.9929101211,1.4039738616,8,2,2
202100033160,142Â 490,A01,1,1,1,9,1,0,-1,-1, -1,-1,2021,33.0,1,2,4,0,1,11,1,,1,AUTOROUTE A6B,0,,1,12,0,1,5,150,1,, -1,2,3,3,90,21,6,3,94,94038,1,1,0,6,AUTOROUTE A6B,48.77336,2.34537,2,1,1
202100024497,157Â 874,A01,1,1,1,5,2,6,-1,-1, -1,-1,2021,75.0,2,1,0,2,1,26,1,,7,SALINS ( ROUTE DES VIEUX),0,,2,2,0,1,42,65,1,, -1,1,0,1,70,12,8,1,83,83069,1,1,0,3,SALINS ( ROUTE DES VIEUX),43.11667,6.18861,8,2,2
202100010566,182Â 844,B01,1,1,2,1,1,0,-1,0,0,-1,2021,24.0,3,2,0,2,5,1,1,,4,ECHANGEUR BERCY,0,,1,3,3,1,(1),(1),3,, -1,1,-1,6,50,28,10,1,75,75112,2,4,0,3,ECHANGEUR BERCY,48.828192,2.390298,9,2,2
202100018732,168Â 156,B01,1,1,1,5,0,-1,-1,-1, -1,-1,2021,58.0,1,0,0,2,8,0,3,,4,URBAIN EST                              ,0,,2,2,0,1,(1),(1),1,, -1,1,0,1,50,15,9,1,69,69259,2,2,0,3,FERNAND PELLOUTIER (R),45.6895243437,4.9011415246,11,2,2
202100036068,137Â 211,B01,1,1,1,5,2,6,-1,-1, -1,-1,2021,56.0,3,1,0,2,1,1,1,,7,RUE DU 19 MARS 1962,0,,2,6,0,1,0,0,1,, -1,1,0,1,50,6,6,1,38,38185,2,2,0,3,RUE DU 19 MARS 1962,45.1894,5.7419,10,2,2
202100041939,126Â 655,A01,1,1,1,9,1,0,-1,-1, -1,-1,2021,24.0,2,2,4,0,2,0,1,,3,AV VERSAILLES ,0,,1,2,0,1,1,0,1,, -1,1,0,1,50,30,4,1,94,94073,2,1,0,6,Avenue de Versailles,48.75648,2.38748,13,1,1
202100051052,110Â 419,A01,1,1,2,0,1,0,-1,-1, -1,-1,2021,54.0,3,2,0,2,3,11,1,,4,ROI RENE BOULEVARD,0,,2,2,2,1,1,0,1,, -1,2,0,1,50,16,2,3,49,49007,2,1,0,3,ROI RENE BOULEVARD,47.467253,-0.555037,18,2,2
202100007194,188Â 896,A01,1,1,1,5,8,0,-1,0,0,-1,2021,55.0,1,2,12,0,1,1,1,,3,CENTRE A CENTRE (ROUTE),0,,2,2,0,1,1,300,1,, -1,2,0,8,80,19,11,3,71,71540,1,6,1,7,Route Centre Ã  Centre,46.7553196814,4.4405199246,19,1,1
202100023279,160Â 005,B01,1,1,1,1,8,0,-1,-1, -1,-1,2021,37.0,3,1,0,2,1,15,5,,4,JOIOT CURIE (RUE FREDERIC JOLIOT CURIE),0,,2,4,0,1,(1),(1),1,, -1,1,0,1,50,20,8,1,45,45147,2,3,0,1,Rue FrÃ©dÃ©ric et HÃ©lÃ¨ne Joliot Curie,47.944583633,1.9175037088,14,2,2
202100043895,123Â 207,A01,1,1,1,5,1,0,-1,-1, -1,-1,2021,67.0,1,2,3,2,3,19,1,,2,113 PK RN137 ROCHEFORT JUSTICE,0,,3,4,0,1,112,960,1,, -1,1,0,2,90,15,4,1,17,17028,1,1,0,7,113 PK RN137 ROCHEFORT JUSTICE,46.1275,-1.10489,12,1,1
202100045087,121Â 142,A01,1,1,1,5,2,6,9,0,0,-1,2021,20.0,2,1,0,2,1,1,1,,3,48.1,-1,,2,2,0,2,3,630,2,, -1,8,0,1,80,2,4,1,68,68296,1,1,0,1,D48.1,48.263313,7.298784,16,4,2
202100021600,163Â 021,B01,1,1,1,0,8,0,-1,-1, -1,-1,2021,41.0,1,1,0,2,1,1,3,,4,TORCATIS (AVENUE LOUIS),0,,1,2,1,1,0,0,1,, -1,1,0,1,50,31,8,1,66,66136,2,3,0,3,TORCATIS (AVENUE LOUIS),42.70322,2.88707,11,2,2
202100045417,120Â 550,A01,10,3,2,0,8,8,8,2,3,1,2021,67.0,1,5,0,1,1,15,1,,4,DOLCE FARNIENTE (CHEMIN DU),0,,1,1,0,1,0,0,1,, -1,1,9,1,50,2,4,1,6,6030,2,9,0,6,DOLCE FARNIENTE (CHEMIN DU),43.56564,7.01995,13,2,1
202100050007,112Â 358,A01,1,1,1,0,1,0,-1,-1, -1,-1,2021,55.0,1,2,0,0,1,1,1,,3,R D 900,0,,1,1,0,2,0,230,2,, -1,1,0,1,70,25,2,2,66,66136,1,1,0,6,R D 900,42.74517,2.89273,6,1,1
202100043368,124Â 147,Z01,10,3,2,9,8,8,-1,2,3,1,2021,73.0,3,2,0,1,4,0,0,,4,MICHEL (RUE LOUISE),0,,2,2,0,1,0,0,1,, -1,1,0,1,50,20,4,1,93,93008,2,1,0,6,MICHEL (RUE LOUISE),48.9123028942,2.4438893795,18,2,1
202100030134,147Â 913,A01,1,1,1,0,2,6,-1,-1, -1,-1,2021,22.0,1,1,0,2,1,0,1,,1,AUTOROUTE A3,0,,3,8,0,1,1,600,1,, -1,1,0,1,90,8,7,1,93,93048,1,1,0,3,AUTOROUTE A3,48.87082,2.43176,20,2,2
202100043817,123Â 362,B01,10,3,2,5,0,-1,-1,0,9,1,2021,44.0,1,2,0,0,6,24,1,,2,1,-1,,3,2,0,1,(1),(1),1,, -1,1,0,1,110,4,4,1,974,97415,1,1,0,2,tamarins,-20.985343,55.291486,11,4,2
202100000887,200Â 160,B01,1,1,1,5,2,0,-1,0,0,-1,2021,52.0,2,1,0,2,3,1,1,,4,AVENUE MAURICE D OCAGNE,0,,2,1,0,1,(1),(1),1,, -1,1,0,1,30,30,12,5,75,75114,2,3,0,1,AVENUE MAURICE D OCAGNE,48.82468,2.313533,19,2,2
202100052412,108Â 027,B01,1,1,2,1,8,8,-1,-1, -1,-1,2021,35.0,1,1,0,2,1,1,5,,4,BISCHWILLER (ROUTE DE),0,,2,2,1,1,0,0,2,, -1,1,0,1,40,5,2,5,67,67447,2,1,0,6,BISCHWILLER (ROUTE DE),48.609119,7.750413,18,2,2
202100043108,124Â 619,A01,1,1,1,4,1,-1,-1,0,0,-1,2021,46.0,1,2,0,2,1,1,1,,3,11,-1,,2,2,0,1,15,500,1,, -1,1,0,1,80,23,4,1,34,34052,1,3,0,5,serres de cabrol,43.3217079144,3.0207688666,14,5,3
202100028349,151Â 028,A01,1,1,1,5,2,6,9,0,0,-1,2021,21.0,0,1,0,0,7,1,1,,3,1004,-1,,2,2,0,2,(1),(1),1,, -1,1,0,1,80,17,7,1,67,67366,1,1,0,7,D1004,48.755736,7.330263,19,1,1
202100009773,184Â 226,A01,1,1,2,1,1,0,-1,-1, -1,-1,2021,22.0,0,2,0,2,1,1,1,,4,TILLON (AVENUE CHARLES),0,,3,5,2,1,0,0,1,, -1,2,0,1,50,2,11,5,35,35238,2,9,1,3,TILLON (AVENUE CHARLES),48.12434,-1.71314,19,2,2
202100011572,181Â 039,Z01,10,3,1,1,8,8,-1,3,3,1,2021,21.0,3,2,0,1,1,1,0,,4,NATIONALE (RUE),0,,2,1,0,1,(1),(1),1,, -1,1,0,1,50,22,10,1,59,59599,2,1,0,6,NATIONALE (RUE),50.7245210242,3.153865767,17,2,1
202100040709,128Â 849,B01,2,2,1,0,1,0,-1,-1, -1,-1,2021,22.0,2,2,0,2,6,1,1,,1,AUTOROUTE A6,0,,3,6,0,2,15,300,1,, -1,1,0,1,110,8,5,3,91,91589,1,1,0,2,AUTOROUTE A6,48.68343,2.32885,22,3,2
202100052922,107Â 123,A01,10,3,1,1,0,-1,-1,3,3,1,2021,30.0,0,5,0,1,1,26,1,,4,FLOREAL RUE,0,,2,2,0,1,0,0,1,, -1,2,0,1,50,1,2,5,93,93045,2,1,1,6,FLOREAL RUE,48.87817,2.42732,6,2,1
202100026544,154Â 249,A01,1,1,1,1,2,6,0,0,0,-1,2021,52.0,2,1,0,5,1,1,1,,3,820,-1,,2,2,0,1,71,500,1,, -1,1,0,3,80,21,7,2,46,46340,1,1,0,6,D820,44.525066,1.457137,6,1,1
202100035348,138Â 524,A01,1,1,1,0,8,8,-1,-1, -1,-1,2021,43.0,1,2,1,2,2,1,1,,4,JEAN CHAPTAL (RUE),0,,1,2,0,1,0,0,1,, -1,1,9,4,50,10,6,1,93,93005,2,1,0,6,Rue Jean Chaptal,48.944718,2.484051,12,1,1
202100013524,177Â 554,A01,1,1,1,1,8,0,-1,-1, -1,-1,2021,42.0,1,1,0,2,1,26,5,,4,MONTESQUIEU PASSAGE,0,,2,2,0,1,1,0,1,, -1,1,0,1,50,12,10,5,49,49007,2,1,0,3,MONTESQUIEU PASSAGE,47.47344,-0.57961,6,2,2
202100044389,122Â 332,B01,10,3,2,9,0,-1,-1,4,3,1,2021,81.0,1,2,0,1,1,16,1,,3,,-1,,2,2,0,2,(1),(1),1,, -1,2,0,1,50,7,4,1,91,91272,2,6,0,1,Route de la Croix de Fer,48.703376,2.126155,9,2,1
202100010063,183Â 706,A01,1,1,1,1,1,-1,-1,0,0,-1,2021,58.0,3,2,16,0,0,1,1,,3,d151,-1,,2,2,0,1,(1),(1),3,, -1,1,0,1,50,31,10,5,84,84137,2,1,0,7,D151,44.236514,5.084996,19,1,1
202100032651,143Â 405,B01,1,1,2,0,1,-1,-1,0,0,-1,2021,30.0,0,2,0,2,4,1,1,,4,JEAN BAPTISTE DELAMBRE (RUE),0,,1,2,0,1,(1),(1),2,, -1,1,0,1,50,18,6,1,80,80489,1,6,0,2,JEAN BAPTISTE DELAMBRE (RUE),49.8715929833,2.3671245575,18,2,2
202100004066,194Â 482,B01,1,1,2,0,1,0,-1,-1, -1,-1,2021,54.0,1,2,0,2,1,2,1,,1,14 CROIX DAURADE (PERIPH EST A62),0,,1,3,0,1,228,954,1,, -1,2,0,1,90,8,12,5,31,31555,2,1,1,4,14 CROIX DAURADE (PERIPH EST A62),43.64478,1.46893,18,3,3
202100007595,188Â 162,A01,1,1,1,0,1,8,-1,-1, -1,-1,2021,27.0,1,2,0,2,1,2,1,,4,COLMAR (AVENUE DE),0,,3,8,1,1,0,0,1,, -1,1,4,1,50,10,11,5,67,67482,2,8,0,2,COLMAR (AVENUE DE),48.55586,7.74571,20,2,2
202100050510,111Â 414,B01,2,2,1,4,1,-1,-1,0,0,-1,2021,47.0,3,5,0,2,2,15,1,,4,,-1,,2,2,0,1,(1),(1),1,, -1,1,0,1,80,23,2,1,82,82025,1,2,0,3,Route de Montech,43.957835,1.286656,13,3,2
202100050622,111Â 206,B01,2,2,2,5,2,6,9,0,0,-1,2021,61.0,2,1,0,2,3,0,1,,3,38,-1,,2,2,0,3,2,760,3,, -1,1,0,1,80,23,2,1,63,63003,1,2,0,3,D38/VC,45.524679,3.752979,15,3,2
202100028428,150Â 903,B01,1,1,1,5,2,0,-1,-1, -1,-1,2021,40.0,2,1,1,0,1,12,1,,1,A51-Sens Aix en Provence vers Marseille,0,,1,3,3,1,2,0,1,, -1,1,0,6,90,17,7,1,13,13071,1,1,0,2,A51-Sens Aix en Provence vers Marseille,43.4152,5.3646,12,2,2
202100016730,171Â 720,A01,10,3,1,2,0,-1,-1,1,3,3,2021,12.0,1,2,0,1,3,1,1,,4,,-1,,1,1,0,1,(1),(1),1,,4,1,0,1,30,27,9,1,69,69244,2,4,0,6,LIEUTENANT AUDRAS (R),45.760813,4.757933,16,3,1
202100033884,141Â 195,B01,1,1,2,1,2,6,-1,0,0,-1,2021,27.0,1,1,0,2,5,14,1,,4,RUE DE LOBAU,0,,2,3,2,1,(1),(1),1,, -1,1,0,1,50,17,6,1,75,75104,2,3,0,3,RUE DE LOBAU,48.855306,2.352863,9,2,2
202100009201,185Â 262,B01,1,1,1,3,2,6,-1,-1, -1,-1,2021,26.0,1,1,0,2,8,1,1,,4,VIABERT (DE LA)                     (R ),0,,1,1,0,1,(1),(1),1,, -1,1,0,1,50,5,11,5,69,69386,2,2,0,3,VIABERT (DE LA) (R),45.76633,4.86575,22,2,2
202100029564,148Â 945,B01,1,1,2,5,1,8,-1,-1, -1,-1,2021,44.0,3,2,0,2,7,1,1,,4,RAMBAUD (LEOPOLD),0,,1,3,0,1,0,0,1,, -1,1,0,1,70,10,7,1,974,97411,2,2,0,3,RAMBAUD (LEOPOLD),-20.886308,55.482286,6,2,2
202100036805,135Â 918,B01,1,1,1,0,2,6,-1,-1, -1,-1,2021,61.0,1,1,0,2,2,17,1,,7,BLAGNAC (ROUTE DE),0,,2,2,0,1,44,30,1,, -1,1,0,1,50,31,5,1,31,31555,2,9,0,3,BLAGNAC (ROUTE DE),43.61635,1.40891,16,2,2
202100037875,133Â 962,B01,1,1,1,1,2,6,-1,-1, -1,-1,2021,65.0,2,1,0,2,6,1,1,,3,AULAGNIER ( QUAI ),0,,2,4,0,1,0,0,1,, -1,1,2,1,50,28,5,1,92,92004,2,1,0,2,GENNEVILLIERS (PONT DE),48.91356,2.31069,19,3,2
202100009143,185Â 368,A01,1,1,1,5,2,6,9,0,0,-1,2021,22.0,1,1,6,0,2,1,1,,3,939,0,,2,2,0,1,182,900,1,, -1,1,0,3,80,7,11,1,62,62331,1,1,0,6,RD 939,50.275618,2.831932,12,1,1
202100035963,137Â 400,B01,1,1,2,5,8,0,-1,-1, -1,-1,2021,11.0,0,1,0,2,3,19,5,,4,JACQUES DECOUR (SQUARE),0,,1,2,0,1,0,0,1,, -1,1,0,1,50,7,6,1,93,93007,2,1,0,3,JACQUES DECOUR (SQUARE),48.92123,2.47539,18,2,2
202100043381,124Â 119,A01,1,1,1,5,0,-1,-1,0,0,-1,2021,13.0,3,1,6,0,1,1,0,,4,,-1,,2,2,0,4,(1),(1),2,, -1,1,0,8,50,20,4,1,49,49050,2,1,0,6,Rue de RollÃ©e BRISSAC QUINCE,47.354234,-0.450284,15,1,1
202100052436,107Â 986,A01,10,3,2,1,0,-1,-1,4,3,1,2021,15.0,3,0,0,1,5,1,1,,4,CHURCHILL (BOULEVARD WINSTON),0,,3,4,0,1,(1),(1),1,, -1,2,0,1,50,2,2,1,37,37261,2,1,0,6,CHURCHILL (BOULEVARD WINSTON),47.3736474434,0.6831113622,12,2,1
202100008676,186Â 230,B01,2,2,1,5,2,0,-1,-1, -1,-1,2021,30.0,1,1,0,2,3,9,1,,2,MARINGOUINS (ROND-POINT),0,,1,2,0,1,3,0,2,, -1,1,0,1,50,8,11,1,973,97302,1,6,0,3,MARINGOUINS (ROND-POINT),4.90758,-52.32267,12,3,2
202100044719,121Â 781,A01,1,1,1,9,2,6,-1,0,0,-1,2021,41.0,2,1,0,2,7,1,1,,4,AVENUE DE FRIEDLAND,0,,2,4,3,1,(1),(1),1,, -1,1,0,1,50,8,4,1,75,75108,2,4,0,4,AVENUE DE FRIEDLAND,48.8741553216,2.2989265957,15,3,3
202100011780,180Â 656,B01,2,2,1,0,1,0,-1,-1, -1,-1,2021,81.0,0,2,0,2,4,1,1,,4,CARNOT (BOULEVARD),0,,2,3,0,1,(1),(1),1,, -1,1,0,1,50,19,10,1,80,80021,2,1,0,5,CARNOT (BOULEVARD),49.89188,2.28829,16,4,3
202100018753,168Â 121,A01,1,1,2,5,2,6,-1,-1, -1,-1,2021,22.0,1,1,14,0,1,1,1,,4,GAMBETTA (RUE),0,,1,1,0,2,0,0,1,, -1,1,0,1,30,15,9,5,64,64122,2,1,0,7,GAMBETTA (RUE),43.47925,-1.56426,5,1,1
202100000682,200Â 492,B01,1,1,2,0,1,0,-1,-1, -1,-1,2021,21.0,3,2,0,2,3,1,1,,7,RD 569,0,,-1,2,0,1,1,0,1,, -1,1,0,1,70,29,5,1,13,13047,1,1,0,2,RD 569,43.53453,4.97408,13,4,3
202100003358,195Â 761,B01,1,1,1,5,1,-1,-1,0,0,-1,2021,33.0,2,2,0,2,2,1,1,,3,708,0,,2,2,0,2,(1),(1),2,, -1,2,0,1,70,12,12,3,24,24586,1,1,0,1,Les Bourdalais Sud,45.270877,0.342491,21,2,2
202100001990,198Â 241,B01,1,1,1,0,2,0,-1,-1, -1,-1,2021,21.0,1,1,0,2,0,1,1,,4,BOIS DE NEFLES (ROUTE DE),0,,-1,2,0,2,0,0,1,, -1,1,0,1,50,19,12,5,974,97411,2,3,0,1,BOIS DE NEFLES (ROUTE DE),-20.90068,55.47645,21,3,2
202100007636,188Â 097,A01,10,3,2,5,0,-1,-1,5,A,2,2021,82.0,1,2,0,1,2,20,1,,4,MADRAGUE DE MONTREDON (AVE DE LA) ,0,,2,2,0,2,0,0,1,, -1,1,0,4,50,17,11,1,13,13208,2,1,0,3,MADRAGUE DE MONTREDON (AVE DE LA) ,43.2383354703,5.3647525711,12,2,1
202100014908,175Â 067,B01,1,1,2,5,1,-1,-1,0,0,-1,2021,36.0,2,2,0,2,4,1,1,,2,205,0,,1,1,0,2,4,100,3,, -1,1,0,1,70,6,10,2,202,202042,1,9,0,4,Borgo,42.570509,9.441547,19,4,3
202100018110,169Â 246,B01,1,1,1,0,8,-1,-1,-1, -1,-1,2021,34.0,0,1,12,2,1,8,0,,4,VITTON                              (CO),0,,1,2,2,1,(1),(1),1,, -1,1,0,5,50,18,9,5,69,69386,2,2,0,1,VITTON (CR),45.76997,4.85848,22,2,2
202100019976,165Â 926,A01,10,3,1,5,8,-1,-1,5,3,1,2021,3.0,1,2,0,1,3,1,2,,4,130,-1,,2,2,0,1,(1),(1),2,, -1,1,9,1,30,12,8,1,34,34255,2,1,0,6,130 Rue du Parc,43.690071,3.803898,17,2,1
202100020928,164Â 247,B01,2,2,2,5,1,-1,-1,0,0,-1,2021,73.0,2,2,0,2,3,1,0,,2,57,0,,2,2,0,1,35,700,1,, -1,1,0,1,80,5,9,2,70,70478,1,1,1,1,RN 57,47.680501,6.253678,7,3,2
202100026724,153Â 948,A01,1,1,1,5,2,-1,-1,0,0,-1,2021,71.0,2,0,0,0,0,1,3,,3,44,-1,,2,2,0,2,(1),(1),1,, -1,1,0,1,50,29,7,1,50,50003,2,1,0,7,80 Avenue du Passous,49.040551,-1.584923,15,1,1
202100020447,165Â 084,A01,1,1,2,5,1,-1,-1,0,0,-1,2021,73.0,1,2,0,2,8,15,1,,3,DIVES (D.45 route de),0,,2,2,0,1,28,0,1,, -1,1,9,1,80,11,5,1,14,14574,1,2,0,3,Chemin de la CavÃ©e,49.14985,0.20493,11,2,2
202100055195,103Â 157,B01,1,1,1,5,1,0,-1,-1, -1,-1,2021,20.0,1,2,0,2,5,1,1,,4,CLEMENCEAU (BOULEVARD GEORGES),0,,2,2,0,2,0,0,1,, -1,1,0,1,50,13,1,1,13,13028,2,4,0,2,CLEMENCEAU (BOULEVARD GEORGES),43.1784771035,5.6108441225,11,2,2
202100046712,118Â 277,B01,2,2,2,9,1,-1,-1,-1, -1,-1,2021,77.0,1,2,0,2,3,23,1,,1,ROCADE A 630,0,,3,6,0,1,15,350,1,, -1,1,3,1,90,25,3,1,33,33281,1,1,0,2,ROCADE A 630,44.848697,-0.668891,18,3,2
202100032421,143Â 823,A01,1,1,1,1,2,6,-1,-1, -1,-1,2021,50.0,1,1,0,0,0,2,1,,1,A55-Sens Marseille vers Martigues,0,,1,2,0,1,2,49,1,, -1,1,1,1,50,24,6,1,13,13202,2,1,0,6,A55-Sens Marseille vers Martigues,43.316664,5.36441,15,1,1
202100017882,169Â 660,A01,3,2,1,5,3,0,-1,-1, -1,-1,2021,7.0,1,2,0,2,2,1,1,,3,LEDRU ROLLIN (AV),0,,2,8,0,1,1,0,1,, -1,1,0,1,30,19,9,1,94,94058,2,2,0,3,LEDRU ROLLIN (AV),48.84323,2.50338,18,4,2
202100006073,190Â 947,B01,1,1,2,0,8,0,-1,-1, -1,-1,2021,25.0,1,2,0,2,4,1,1,,1,AUTOROUTE A6B,0,,1,4,0,1,7,500,1,, -1,2,0,1,110,27,11,1,94,94034,1,1,1,2,AUTOROUTE A6B,48.75379,2.33163,12,2,2
202100043078,124Â 674,B01,1,1,1,0,2,8,-1,-1, -1,-1,2021,28.0,1,1,0,2,1,0,1,,3,992,0,,3,4,0,2,0,0,1,, -1,1,0,1,50,21,4,1,92,92025,2,2,0,3,CHARLES DE GAULLE (BD),48.9104138539,2.2347215779,20,2,2
202100002928,196Â 538,B01,1,1,1,0,2,0,-1,-1, -1,-1,2021,30.0,1,1,0,0,0,0,1,,4,RUE LA TOUR D'AUVERGNE,0,,2,0,0,1,1,0,1,, -1,1,0,1,30,14,12,5,44,44109,2,1,0,3,RUE LA TOUR D'AUVERGNE,47.2067,-1.5534,21,2,2
202100016792,171Â 600,A01,1,1,1,0,2,0,-1,-1, -1,-1,2021,41.0,1,1,0,2,1,1,1,,3,CLUNY (ROUTE DE),0,,2,2,0,2,0,0,1,, -1,1,0,1,50,23,9,1,972,97209,1,1,0,2,CLUNY (ROUTE DE),14.61427,-61.08169,7,2,2
202100020848,164Â 380,A01,1,1,1,0,1,0,-1,-1, -1,-1,2021,45.0,0,2,8,0,0,1,1,,4,RUE DE LA PAPOTIERE,0,,2,2,0,1,(1),0,2,, -1,1,0,1,30,4,9,5,44,44109,2,1,0,6,RUE DE LA PAPOTIERE,47.24145,-1.49491,22,1,1
202100038789,132Â 281,B01,1,1,2,0,2,6,-1,-1, -1,-1,2021,42.0,1,1,0,2,8,1,1,,3,PAUL VAILLANT COUTURIER (RUE),0,,3,4,0,1,1,0,1,, -1,1,0,1,50,22,5,1,93,93032,2,3,0,3,PAUL VAILLANT COUTURIER (RUE),48.87693,2.54908,9,2,2
202100047998,115Â 939,A01,1,1,1,9,1,-1,-1,0,0,-1,2021,22.0,3,2,2,0,0,1,1,,4,,0,,2,2,0,1,(1),(1),2,, -1,2,0,3,50,16,3,3,60,60065,1,1,0,6,Rue du Moulin de Conflans,49.340992,2.209011,20,2,1
202100032571,143Â 550,B01,1,1,1,5,2,6,-1,0,0,-1,2021,66.0,0,1,0,2,4,2,1,,3,72,-1,,2,5,0,1,(1),(1),1,, -1,1,0,1,80,24,6,1,50,50388,1,1,0,2,Rue du Mont Cesar,49.016026,-1.508391,16,2,2
202100052170,108Â 457,B01,1,1,2,0,1,-1,-1,0,0,-1,2021,71.0,2,2,0,2,3,1,1,,3,498,0,,2,2,0,1,21,800,1,, -1,1,0,1,50,8,2,1,42,42312,2,1,0,1,Route de Saint-Etienne,45.4287,4.069469,13,2,2
202100006582,190Â 031,A01,1,1,1,5,2,6,-1,-1, -1,-1,2021,23.0,1,1,0,0,0,1,1,,3,RD 11,0,,-1,2,0,1,8,600,4,, -1,1,0,1,80,20,11,3,87,87048,1,1,0,6,RD 11,45.77593,1.22252,18,1,1
202100031895,144Â 744,A01,1,1,1,0,1,0,-1,0,0,-1,2021,75.0,1,2,0,0,9,1,1,,3,D994,0,,2,3,0,2,70,100,2,, -1,1,0,1,50,25,6,1,5,5061,1,1,0,7,D994,44.548212,6.038042,15,1,1
202100049405,113Â 445,A01,1,1,1,1,2,6,-1,0,0,-1,2021,53.0,2,1,0,2,1,17,1,,7,ST JEANNET ROUTE DE,0,,2,2,0,1,6,250,2,, -1,1,0,1,50,3,3,1,6,6123,2,9,0,1,ST JEANNET ROUTE DE,43.70961,7.17044,7,2,2
202100039389,131Â 192,A01,1,1,1,4,1,-1,-1,-1, -1,-1,2021,36.0,2,4,0,2,1,1,1,,1,AUTOROUTE A 63,0,,3,4,0,1,3,200,1,, -1,1,0,1,110,19,5,1,33,33090,1,1,0,4,,44.770992,-0.660337,16,8,4
202100023265,160Â 030,A01,2,2,1,5,2,8,-1,-1, -1,-1,2021,13.0,1,1,8,0,2,17,1,,7,BRUMATH (ROUTE DE),0,,2,2,0,1,(1),(1),1,, -1,1,0,1,50,18,8,5,67,67204,2,1,0,6,BRUMATH (ROUTE DE),48.622266,7.730697,23,2,1
202100027777,152Â 062,B01,1,1,1,9,2,8,-1,-1, -1,-1,2021,27.0,3,1,10,2,1,1,1,,3,FRANCE ANATOLE (BOULEVARD) NR AUTRES,0,,1,2,1,1,0,1,1,, -1,1,9,5,50,20,7,1,93,93066,2,1,0,3,Boulevard Anatole France,48.924485,2.349293,17,2,2
202100017395,170Â 541,A01,2,2,1,5,2,6,-1,-1, -1,-1,2021,25.0,2,1,16,0,8,15,1,,1,A86.EXT,0,,1,2,0,1,32,500,2,, -1,2,1,1,70,24,9,5,94,94017,1,1,0,6,A86.EXT,48.8304152867,2.4904232978,2,2,1
202100046009,119Â 517,A01,1,1,1,5,2,6,-1,0,0,-1,2021,64.0,0,1,14,0,0,1,5,,4,,-1,,2,2,0,2,(1),(1),1,, -1,1,0,1,50,31,3,1,84,84135,1,1,0,7,Chemin de Massillan (Pont),44.232958,4.796761,15,1,1
202100025530,156Â 035,A01,1,1,1,1,2,6,9,0,0,-1,2021,51.0,1,1,0,0,1,0,1,,3,560,-1,,2,2,0,1,33,170,2,, -1,1,0,3,80,6,8,1,83,83025,1,1,0,6,D560,43.5278923808,5.97568089,12,1,1
202100046270,119Â 068,A01,1,1,1,1,2,6,-1,0,0,-1,2021,39.0,2,1,16,0,4,1,1,,3,660,-1,,2,2,0,1,41,500,1,, -1,1,0,1,80,29,3,3,89,89151,1,1,0,7,Pont Pourri,48.1183838444,3.1523060869,4,2,2
202100047527,116Â 812,B01,1,1,1,1,2,6,-1,0,0,-1,2021,51.0,1,1,0,2,2,1,1,,4,AVENUE DU MAINE,0,,1,3,0,2,(1),(1),1,, -1,2,0,1,50,17,3,2,75,75114,2,2,1,3,AVENUE DU MAINE,48.837539,2.32295,7,2,2
202100050824,110Â 834,A01,1,1,1,5,8,-1,-1,0,0,-1,2021,72.0,1,2,2,0,1,0,1,,3,807,0,,2,2,0,1,1,950,4,, -1,1,0,3,80,21,2,1,4,4155,1,1,0,6,RD 807 - Avant le hameau de CHANOLLES,44.154553,6.416933,9,1,1
202100019724,166Â 384,B01,1,1,2,1,2,0,-1,0,0,-1,2021,42.0,2,1,0,2,7,1,3,,4,AVENUE EMILE ZOLA,0,,2,2,0,1,(1),(1),1,, -1,2,0,1,30,9,9,1,75,75115,2,2,1,3,AVENUE EMILE ZOLA,48.846969,2.294354,8,2,2
202100013655,177Â 303,B01,1,1,1,2,8,0,-1,-1, -1,-1,2021,11.0,3,1,0,9,8,19,0,,4,AV DE GRANDE BRETAGNE,0,,2,4,1,1,(1),(1),1,, -1,1,0,1,50,12,10,1,31,31555,2,1,0,3,AV DE GRANDE BRETAGNE,43.59851,1.41861,13,2,2
202100022702,161Â 021,A01,1,1,1,0,1,0,-1,-1, -1,-1,2021,25.0,1,2,0,2,1,13,1,,2,N 282,0,,2,2,0,2,1,700,1,, -1,1,0,1,80,23,8,1,76,76305,1,1,0,4,N 282,49.49905,0.20151,20,3,3
202100012125,180Â 040,A01,1,1,1,5,0,-1,-1,0,0,-1,2021,67.0,1,2,13,0,2,1,1,,3,51,-1,,2,2,0,1,4,400,2,, -1,1,0,8,80,19,10,3,86,86274,1,1,0,6,Route de RoiffÃ©,47.089167,0.028857,6,1,1
202100001710,198Â 732,A01,10,3,2,3,0,-1,-1,3,3,1,2021,87.0,3,2,0,1,1,16,1,,4,ANCHIN (RUE D'),0,,-1,2,0,1,(1),(1),3,, -1,1,0,1,50,21,12,1,59,59486,2,1,1,6,ANCHIN (RUE D'),50.413982728,3.1364893913,9,2,1