Num_Acc,id_vehicule,num_veh,place,catu,sexe,trajet,secu1,secu2,secu3,locp,actp,etatp,year_acc,victim_age,senc,catv,obs,obsm,choc,manv,motor,occutc,catr,voie,v1,v2,circ,nbv,vosp,prof,pr,pr1,plan,lartpc,larrout,surf,infra,situ,vma,jour,mois,lum,dep,com,agg_,int,atm,col,adr,lat,long,hour,nb_victim,nb_vehicules
202100012895,178Â 680,A01,1,1,1,0,8,0,-1,-1, -1,-1,2021,14.0,0,1,0,2,1,0,1,,6,ROBERT BREMOND (RUE),0,,-1,0,0,1,1,0,1,, -1,1,0,8,50,16,10,2,93,93005,2,1,0,1,ROBERT BREMOND (RUE),48.9597218768,2.4674391747,19,2,2
202100046364,118Â 894,B01,1,1,1,4,2,6,-1,0,0,-1,2021,26.0,1,1,0,2,8,1,1,,4,PLACE PAUL PAINLEVE,0,,1,1,0,1,(1),(1),1,, -1,1,0,1,50,26,3,1,75,75105,2,2,0,3,PLACE PAUL PAINLEVE,48.850277,2.34455,14,2,2
202100045593,120Â 232,A01,1,1,1,1,8,0,-1,-1, -1,-1,2021,19.0,1,1,0,2,1,25,3,,4,ATELIERS (RUE DES),0,,2,3,0,1,(1),(1),1,, -1,1,0,4,50,31,3,1,37,37233,2,3,0,6,ATELIERS (RUE DES),47.3866511116,0.716672682,14,2,2
202100009696,184Â 372,A01,1,1,2,1,1,-1,-1,0,0,-1,2021,35.0,3,2,0,0,1,0,1,,4,,-1,,2,2,0,1,(1),(1),2,,4,2,0,3,80,4,11,1,14,14658,1,1,1,7,Lieu Dit la Hersandiere (Mesnil-Clinchamps),48.832888,-0.961593,12,1,1
202100044501,122Â 156,A01,3,2,2,5,8,-1,-1,0,0,-1,2021,17.0,3,2,13,0,0,1,1,,4,,-1,,2,2,1,1,(1),(1),1,, -1,1,0,8,50,10,4,5,66,66186,2,1,0,7,Chemin de la Fosseille,42.6672349887,2.9848316895,1,3,1
202100040489,129Â 232,B01,1,1,1,5,2,-1,-1,0, -1,-1,2021,74.0,1,1,1,2,7,1,5,,4,PONT L'ABBE ROUTE DE,0,,2,2,2,1,(1),(1),1,, -1,1,0,1,50,9,5,1,29,29232,2,1,0,3,Route de Pont lâAbbe,47.98117,-4.1212,8,2,2
202100002708,196Â 932,A01,1,1,2,5,8,-1,-1,0,0,-1,2021,35.0,2,2,8,0,8,1,1,,3,61,-1,,2,2,0,1,21,400,3,, -1,1,0,3,80,18,12,1,49,49138,1,1,0,6,RD 61,47.50578,-0.224447,13,1,1
202100045081,121Â 152,A01,1,1,1,5,2,6,-1,0,0,-1,2021,25.0,1,1,0,0,8,1,1,,3,142,0,,2,2,0,1,(1),(1),1,, -1,1,0,1,50,4,4,1,95,95150,2,7,0,3,Place Charles de Gaulle,49.121765,1.69404,17,2,2
202100056400,101Â 088,A01,1,1,2,9,1,0,-1,-1, -1,-1,2021,36.0,3,2,0,2,1,1,1,,4,BAB (BOULEVARD DU),0,,2,4,0,1,0,0,1,, -1,1,0,1,50,2,1,5,64,64024,2,1,0,4,Boulevard du B.a.b.,43.49386,-1.52439,19,3,3
202100033993,140Â 994,A01,10,3,1,0,0,-1,-1,5,A,2,2021,7.0,2,0,0,1,1,25,3,,4,CITADELLE (RUE DE LA ),0,,-1,2,0,2,(1),(1),1,, -1,1,6,4,30,10,6,1,71,71076,2,1,0,6,CITADELLE (RUE DE LA ),46.7853315747,4.8522545287,10,2,1
202100037869,133Â 972,A01,1,1,1,0,2,8,-1,-1, -1,-1,2021,36.0,1,1,0,2,1,11,1,,2,,0,,1,2,1,1,0,0,1,, -1,1,1,1,50,28,5,1,92,92026,2,1,0,2,DEFENSE (ROND POINT DE LA),48.8909054051,2.2412806749,13,2,2
202100016388,172Â 339,A01,2,2,2,0,2,8,-1,-1, -1,-1,2021,16.0,2,1,15,2,3,18,1,,3,POINT DU JOUR (QUAI DU),0,,2,2,1,1,0,0,1,, -1,1,0,5,50,27,9,5,92,92012,2,3,0,3,POINT DU JOUR (QUAI DU),48.8339942112,2.2611290216,19,3,2
202100011140,181Â 819,B01,1,1,1,5,2,6,-1,0,0,-1,2021,15.0,1,1,0,2,1,1,1,,3,231,-1,,2,2,0,1,29,165,1,, -1,1,0,1,50,24,10,1,62,62038,2,1,0,3,Avenue de Rouville,50.854807,1.978593,15,3,2
202100047331,117Â 163,A01,2,2,2,0,1,0,-1,-1, -1,-1,2021,62.0,1,2,0,2,1,2,1,,2,BARBERAZ,0,,3,6,0,1,0,490,3,, -1,1,0,1,90,6,3,1,73,73029,1,1,0,2,N201 BARBERAZ,45.5595414551,5.9489827548,11,3,2
202100038092,133Â 576,A01,1,1,2,1,1,-1,-1,0,0,-1,2021,60.0,2,2,0,2,8,15,1,,3,64,0,,2,2,0,2,14,900,1,, -1,1,0,1,90,28,5,1,3,3155,1,1,0,3,la platriÃ¨re,46.725297,2.875269,10,2,2
202100046168,119Â 243,A01,10,3,2,5,0,-1,-1,3,3,1,2021,15.0,1,2,0,1,2,1,1,,3,306,-1,,3,2,0,1,5,765,1,, -1,1,0,1,70,26,3,1,56,56078,1,1,0,6,Z.A. Pen ManÃ© (ArrÃªt de bus),47.80659,-3.461804,15,2,1
202100018509,168Â 546,A01,1,1,1,5,1,8,-1,-1, -1,-1,2021,27.0,2,2,0,2,1,1,1,,1,A507 sens Aubagne- Marseille,0,,-1,2,0,1,8,899,1,, -1,1,0,1,90,12,9,5,13,13055,1,1,0,5,A507 sens Aubagne- Marseille,43.286917,5.424946,3,3,3
202100009119,185Â 409,B01,1,1,1,1,2,0,-1,0,0,-1,2021,23.0,1,1,0,2,8,1,1,,4,AVENUE DE LA PORTE D IVRY,0,,2,4,0,1,(1),(1),1,, -1,1,0,1,30,6,11,1,75,75113,2,3,0,3,AVENUE DE LA PORTE D IVRY,48.820272,2.371818,11,2,2
202100003615,195Â 285,A01,10,3,2,1,0,-1,-1,2,5,1,2021,50.0,2,2,0,1,2,21,1,,4,ADOUR (AVENUE DE L'),0,,2,3,0,1,(1),(1),1,, -1,2,0,1,50,8,12,5,64,64024,2,1,1,6,ADOUR (AVENUE DE L'),43.52579,-1.51032,8,2,1
202100015278,174Â 404,B01,1,1,1,2,6,2,-1,0,0,-1,2021,15.0,0,1,0,2,1,1,1,,3,21,0,D,2,2,0,1,6,940,1,, -1,2,0,1,80,4,10,1,27,27096,1,2,0,2,Route dÃ©partementale 21,48.882892,0.668989,10,2,2
202100038695,132Â 463,A01,1,1,1,5,1,-1,-1,0,0,-1,2021,33.0,1,2,2,0,2,1,1,,3,988,-1,,2,2,0,1,16,500,2,, -1,1,0,3,90,23,5,1,23,23037,1,1,0,6,RD 988,46.007902,2.416665,15,2,1
202100046517,118Â 637,A01,1,1,1,0,1,0,-1,0,0,-1,2021,52.0,1,2,14,0,1,1,1,,4,ROBIN (RUE DU BOIS),0,,2,2,0,1,(1),(1),1,, -1,1,0,1,30,23,3,1,54,54025,2,1,0,6,ROBIN (RUE DU BOIS),48.6665403825,6.2448098883,9,1,1
202100044202,122Â 666,A01,1,1,1,1,0,-1,-1,0,0,-1,2021,40.0,1,2,0,0,9,1,1,,3,952,-1,,2,2,0,1,53,600,3,, -1,1,0,3,80,14,4,1,4,4172,1,1,0,7,RD 952,43.839946,6.15759,14,1,1
202100024861,157Â 219,B01,1,1,1,0,1,-1,-1,0,0,-1,2021,33.0,0,2,0,2,1,1,1,,4,ALEXANDRE DUMAS (RUE),0,,1,1,0,1,(1),(1),1,, -1,1,0,1,50,7,8,2,80,80021,2,2,0,3,ALEXANDRE DUMAS (RUE),49.87559,2.28118,6,2,2
202100038465,132Â 891,B01,1,1,1,0,2,6,9,0,0,-1,2021,25.0,1,1,0,2,1,1,1,,3,559,-1,,2,2,0,1,100,500,1,, -1,1,0,1,70,26,5,1,83,83115,1,1,0,1,Av du Croiseur Leger le Malin,43.3225375669,6.6639910444,16,2,2
202100024170,158Â 458,A01,1,1,2,3,1,-1,-1,0,0,-1,2021,73.0,2,2,17,0,2,1,1,,3,52,0,,2,2,0,1,33,100,1,, -1,1,0,3,80,13,8,1,11,11240,1,1,0,6,D52,42.9453441,2.236056,8,1,1
202100013852,176Â 936,B01,1,1,1,9,8,0,-1,-1, -1,-1,2021,18.0,1,1,0,2,2,26,3,,4,BLANDEAU,0,,2,2,0,1,1,0,1,, -1,1,0,1,50,9,10,1,49,49007,2,1,0,3,BLANDEAU,47.45625,-0.54645,18,2,2
202100029857,148Â 425,B01,1,1,1,0,2,0,-1,-1, -1,-1,2021,27.0,1,1,0,2,1,1,1,,3,106,0,,3,3,1,2,0,0,1,, -1,1,9,1,50,9,7,2,92,92026,2,1,0,3,HÃTEL DE VILLE (RUE),48.89625,2.25642,21,2,2
202100047686,116Â 518,B01,1,1,1,5,0,-1,-1,0,0,-1,2021,28.0,3,1,0,2,2,19,3,,4,,-1,,3,1,0,1,(1),(1),1,, -1,1,0,1,50,17,3,5,34,34057,2,1,0,1,275 Route de Nimes,43.63538,3.924855,19,2,2
202100036538,136Â 404,A01,4,2,1,5,8,-1,-1,0,0,-1,2021,20.0,1,2,13,0,3,16,1,,3,62,0,,2,2,-1,2,13,(1),3,, -1,1,-1,3,80,5,6,3,202,202172,1,3,0,6,intersection D62 / D162,42.595254,9.320456,3,4,1
202100012412,179Â 518,A01,1,1,1,5,1,8,-1,-1, -1,-1,2021,76.0,2,2,0,2,2,9,1,,3,C.D. 431,0,,2,2,0,1,34,485,1,, -1,1,0,1,80,16,10,1,71,71059,1,2,0,5,C.D. 61,46.820609,4.460218,11,3,3
202100052682,107Â 562,A01,1,1,1,1,2,0,-1,-1, -1,-1,2021,55.0,3,1,0,2,1,17,1,,4,VAUCANSON JACQUES DE,0,,2,2,0,2,(1),(1),1,, -1,1,0,1,50,2,2,1,13,13056,2,1,0,3,VAUCANSON JACQUES DE,43.39212,5.03571,13,2,2
202100027789,152Â 043,B01,1,1,2,1,8,0,-1,-1, -1,-1,2021,35.0,2,1,0,2,1,1,5,,3,,0,,-1,4,0,1,0,0,3,, -1,1,3,1,50,21,7,1,92,92012,2,3,0,3,POINT DU JOUR (QUAI DU),48.8309353895,2.2581850424,9,2,2
202100003725,195Â 092,A01,10,3,2,5,0,-1,-1,4,3,1,2021,38.0,2,2,0,1,3,1,1,,4,BOULEVARD LEFEBVRE,0,,-1,2,0,1,(1),(1),1,, -1,1,0,1,50,10,12,5,75,75115,2,4,0,6,BOULEVARD LEFEBVRE,48.832687,2.288369,19,2,1
202100025510,156Â 069,A01,2,2,1,5,1,-1,-1,0,0,-1,2021,19.0,1,2,2,0,2,14,1,,3,982,0,D,2,2,0,1,51,600,1,, -1,1,0,3,80,30,7,1,30,30299,1,1,0,6,D982,44.022786,4.458818,7,2,1
202100055889,101Â 975,A01,10,3,2,1,8,8,-1,1,3,1,2021,61.0,1,2,0,1,7,16,2,,4,GARROS (ROLAND),0,,1,2,0,1,0,0,1,, -1,1,0,1,30,7,1,1,974,97411,2,3,0,3,Rue Roland Garros,-20.883468,55.448634,9,2,1
202100023306,159Â 957,B01,2,2,1,5,1,8,-1,0,0,-1,2021,7.0,2,2,0,2,3,1,1,,4,LECLERC (BOULEVARD DU MARECHAL),0,,2,2,0,2,(1),(1),1,, -1,1,0,1,50,20,8,5,6,6069,2,1,0,1,LECLERC (BOULEVARD DU MARECHAL),43.65051,6.9211,23,3,2
202100003078,196Â 259,B01,1,1,1,0,1,0,-1,-1, -1,-1,2021,24.0,3,2,11,0,5,1,1,,4,LATTRE DE TASSIGNY (AV DE),0,,3,1,0,1,(1),0,1,, -1,1,0,8,50,13,12,5,81,81004,2,1,0,2,LATTRE DE TASSIGNY (AV DE),43.93177,2.16589,18,2,2
202100010693,182Â 608,A01,10,3,1,0,0,-1,-1,4,3,1,2021,49.0,0,2,0,1,1,1,3,,4,AV DE LA FERME BRIARDE,0,,2,2,0,1,1,0,1,, -1,1,0,1,50,27,10,1,77,77085,2,1,0,6,AV DE LA FERME BRIARDE,48.85583,2.75319,17,2,1
202100046947,117Â 859,Z01,10,3,1,5,8,8,-1,3,3,1,2021,61.0,2,2,0,1,0,1,0,,4,RUE D AUBERVILLIERS,0,,1,1,1,1,(1),(1),1,, -1,1,0,1,50,23,3,5,75,75119,2,3,0,6,RUE D AUBERVILLIERS,48.891216,2.368819,20,2,1
202100012179,179Â 950,A01,1,1,1,0,8,-1,-1,0,0,-1,2021,18.0,0,1,0,2,1,1,3,,4,PARMENTIER (PLACE),0,,2,2,0,1,(1),(1),1,, -1,1,0,1,50,18,10,3,80,80021,2,2,0,3,PARMENTIER (PLACE),49.8953,2.30615,7,2,2
202100032964,142Â 835,B01,1,1,1,5,1,-1,-1,0,0,-1,2021,18.0,0,2,0,2,1,5,1,,4,,-1,,2,2,0,1,(1),(1),1,,5,1,0,1,90,22,6,1,43,43137,1,9,0,5,le cordu,45.2975745281,4.200655818,19,5,3
202100019179,167Â 350,B01,1,1,1,0,2,-1,-1,-1, -1,-1,2021,65.0,2,1,0,2,1,1,1,,4,SOUYS (QUAI DE LA),0,,2,4,3,1,(1),(1),1,, -1,1,0,1,50,13,9,1,33,33063,2,3,0,3,Quai de la Souys,44.8299,-0.54283,9,2,2
202100025014,156Â 939,A01,1,1,1,4,1,0,-1,0,0,-1,2021,28.0,2,2,4,0,3,13,1,,4,ECHANGEUR ISSY,0,,1,4,0,1,9,500,1,, -1,1,0,1,70,8,8,1,75,75115,2,1,0,6,ECHANGEUR ISSY,48.834973,2.273399,6,1,1
202100000964,200Â 030,B01,2,2,1,5,1,0,-1,-1, -1,-1,2021,25.0,3,0,0,2,1,0,0,,9,ANCIENNE RN 1,0,,2,2,0,1,1,0,2,, -1,1,0,1,50,13,2,3,974,97416,1,1,0,1,ANCIENNE RN 1,-21.31786,55.44403,2,3,2
202100055141,103Â 250,A01,1,1,1,1,1,0,-1,-1,0,-1,2021,26.0,1,2,4,0,2,14,1,,1,15,0,,3,6,0,4,10,100,2,, -1,2,0,1,110,14,1,3,95,95582,1,1,1,6,A15,48.9756291022,2.2409819799,21,1,1
202100003327,195Â 812,B01,4,2,2,5,1,8,-1,-1, -1,-1,2021,27.0,1,2,0,2,4,1,2,,1,A4,0,,3,10,0,1,2,0,1,, -1,1,0,1,90,11,12,5,94,94069,1,1,0,4,A4,48.81717,2.42354,21,7,4
202100018619,168Â 357,B01,1,1,1,5,8,0,-1,-1, -1,-1,2021,60.0,3,1,14,2,1,1,5,,3,VICTOIRE (AV DE LA),0,,-1,2,0,2,0,1,1,, -1,1,0,1,50,16,9,1,94,94054,2,2,0,3,VICTOIRE (AV DE LA),48.74478,2.39316,16,2,2
202100029973,148Â 221,A01,1,1,1,0,8,0,-1,-1, -1,-1,2021,23.0,2,2,8,2,1,1,1,,7,CARNOT (BLD) DE1 A 29,0,,2,6,0,1,(1),(1),1,, -1,1,0,1,50,9,7,5,59,59421,2,9,0,3,CARNOT (BLD) DE1 A 29,50.69916,3.13866,0,3,2
202100036320,136Â 769,A01,9,2,1,5,1,-1,-1,0,0,-1,2021,24.0,2,2,13,0,0,1,1,,3,28,-1,,2,2,0,2,(1),(1),2,, -1,1,0,1,-1,6,6,1,54,54166,1,1,0,7,D28,49.008741,5.865905,14,3,1
202100051763,109Â 178,B01,1,1,1,3,2,-1,-1,0,0,-1,2021,44.0,1,0,0,2,2,1,3,,7,D1075,-1,,3,2,1,1,83,200,1,, -1,2,0,5,50,12,2,1,38,38382,2,1,1,3,Route de Grenoble,45.223,5.68883,14,2,2
202100015717,173Â 573,B01,1,1,2,5,1,0,-1,-1, -1,-1,2021,24.0,1,2,3,2,3,1,1,,1,AUTOROUTE A10,0,,1,3,0,2,10,100,1,, -1,1,0,1,110,2,10,1,91,91661,1,1,0,3,AUTOROUTE A10,48.696303,2.236382,10,2,2
202100045731,120Â 008,B01,1,1,1,5,2,6,-1,-1, -1,-1,2021,47.0,2,1,0,0,0,1,1,,4,BARTHELEMY BUYER                    (AV),0,,2,3,0,1,(1),(1),1,, -1,1,0,1,50,31,3,1,69,69385,2,1,0,7,BARTHELEMY BUYER (AV),45.76355,4.79658,18,1,1
202100045945,119Â 629,A01,1,1,1,4,2,6,-1,-1, -1,-1,2021,24.0,2,1,0,0,0,1,3,,4,GRAND-MARCHE (PLACE DU),0,,1,1,0,1,(1),(1),1,, -1,1,0,1,30,30,3,5,37,37261,2,1,0,7,GRAND-MARCHE (PLACE DU),47.3937424202,0.6805174536,6,1,1
202100023342,159Â 887,A01,1,1,2,5,1,-1,-1,0,0,-1,2021,18.0,2,2,0,0,3,21,1,,3,606,0,,2,2,0,1,146,92,2,, -1,1,0,3,-1,20,8,3,89,89134,1,1,0,7,D606,47.474911,4.025331,22,1,1
202100029193,149Â 569,A01,1,1,1,5,2,6,-1,0,0,-1,2021,47.0,1,1,0,2,8,2,1,,3,140,-1,,2,2,0,1,16,710,1,, -1,1,0,1,80,13,7,1,56,56015,1,1,0,2,Le Flachec,47.623058,-2.53473,20,2,2
202100040881,128Â 551,A01,1,1,1,5,1,0,-1,-1, -1,-1,2021,39.0,1,2,1,0,1,1,1,,2,PERIGUEUX (ROUTE DE),0,,2,2,0,1,5,947,1,, -1,1,0,1,50,2,5,4,87,87075,2,1,0,6,PERIGUEUX (ROUTE DE),45.79362,1.221,4,1,1
202100004415,193Â 868,A01,10,3,2,5,0,-1,-1,4,5,1,2021,24.0,2,2,0,1,3,1,1,,3,RTE DE CHOISY,0,,1,3,0,1,1,0,1,, -1,2,0,1,50,5,12,1,94,94028,2,1,1,6,Route de Choisy,48.79037,2.45332,13,2,1
202100038238,133Â 293,B01,8,2,1,0,8,0,-1,-1, -1,-1,2021,2.0,3,3,0,2,3,2,0,4.0,3,SALENGRO (AVENUE ROGER),0,,3,3,3,1,0,1,1,, -1,1,0,1,50,26,5,1,93,93027,2,9,0,3,Avenue Roger Salengro,48.94122,2.38744,11,4,2
202100039006,131Â 917,B01,1,1,1,0,2,6,-1,0,0,-1,2021,18.0,1,1,0,2,1,17,1,,3,1201,-1,,2,2,0,1,38,450,1,, -1,1,0,6,80,21,5,1,74,74096,1,3,0,3,D1201,46.042818,6.097391,16,2,2
202100031059,146Â 223,B01,10,3,1,0,8,8,-1,2,3,2,2021,14.0,3,2,0,1,3,1,1,,4,BOUCICAUT(RUE ARISTIDE),0,,2,2,0,1,(1),(1),1,, -1,1,0,1,50,30,6,1,56,56260,2,1,0,6,BOUCICAUT(RUE ARISTIDE),47.66971,-2.79274,15,3,1
202100034604,139Â 858,A01,1,1,2,5,1,0,-1,0,0,-1,2021,29.0,2,2,0,2,1,2,1,,4,PORTE DE LA VILLETTE,0,,1,4,0,1,24,600,2,, -1,1,0,1,70,13,6,1,75,75119,2,4,0,4,PORTE DE LA VILLETTE,48.900351,2.380385,15,5,3
202100011774,180Â 665,A01,10,3,1,2,0,-1,-1,4,3,1,2021,11.0,1,2,0,1,1,1,1,,4,AV DE MOUSSEAU,0,,2,3,0,1,0,0,1,, -1,1,0,1,50,14,9,1,91,91228,2,2,0,6,AV DE MOUSSEAU,48.630687,2.450234,11,2,1
202100049331,113Â 584,B01,1,1,2,0,1,-1,-1,0,0,-1,2021,41.0,2,2,0,2,3,1,1,,3,169,0,D,2,2,0,2,1,0,2,, -1,1,0,1,30,4,3,1,74,74036,2,1,0,3,Rte des Dents de Lanfon,45.874204,6.216846,17,2,2
202100029450,149Â 139,A01,2,2,1,0,1,0,-1,-1, -1,-1,2021,40.0,3,2,0,2,4,23,1,,3,JOHN F. KENNEDY (AVENUE),0,,2,2,1,1,0,1,1,, -1,1,9,1,50,11,7,2,93,93071,2,9,0,2,Avenue John Fitzgerald Kennedy,48.938599,2.513138,21,3,2
202100035526,138Â 208,A01,1,1,1,4,2,0,-1,0,0,-1,2021,22.0,2,1,0,2,3,3,1,,4,PORTE DE MONTREUIL,0,,1,4,0,1,30,700,1,, -1,1,0,1,70,9,6,1,75,75120,2,1,0,3,PORTE DE MONTREUIL,48.857224,2.414234,12,2,2
202100034124,140Â 766,A01,1,1,1,0,2,8,-1,-1, -1,-1,2021,42.0,1,1,0,2,1,1,1,,3,JACQUES DUCLOS [CD44] (RUE),0,,3,6,0,1,0,1,1,, -1,1,5,1,50,16,6,1,93,93005,2,9,0,3,Rue Jacques Duclos,48.947768,2.491266,14,3,2
202100001915,198Â 371,A01,1,1,1,5,1,0,-1,-1, -1,-1,2021,18.0,2,2,6,0,2,14,1,,3,BOISSY (R DE),0,,2,2,0,3,0,0,3,, -1,1,0,1,50,18,12,3,94,94071,2,1,0,6,Rue de Boissy,48.760613,2.52689,1,1,1
202100056112,101Â 582,A01,10,3,1,5,0,-1,-1,1,9,2,2021,43.0,3,2,1,1,7,1,0,,4,,-1,,2,2,0,2,(1),(1),1,, -1,7,0,1,80,2,1,1,67,67167,2,1,1,6,Hohbuhl,48.479145,7.301456,10,4,1
202100017460,170Â 417,A01,10,3,1,0,0,-1,-1,2,3,2,2021,6.0,1,2,0,1,1,1,1,,4,FEYNES FRANCOIS (RUE),0,,1,1,0,4,(1),(1),1,, -1,1,0,1,30,21,9,1,34,34032,2,1,0,6,FEYNES FRANCOIS (RUE),43.33663,3.22556,12,2,1
202100004693,193Â 387,A01,2,2,2,0,1,0,-1,-1, -1,-1,2021,16.0,1,2,0,2,4,1,1,,3,ROUTE DE CHAZEAU,0,,2,2,0,1,(1),(1),1,, -1,1,0,1,70,3,12,1,971,97101,1,1,0,2,ROUTE DE CHAZEAU,16.28052,-61.49508,7,4,2
202100025565,155Â 976,B01,1,1,1,0,2,6,-1,-1, -1,-1,2021,37.0,1,1,0,2,1,2,1,,1,AUTOROUTE A86,0,,3,6,0,1,12,0,1,, -1,1,0,1,90,5,8,1,93,93039,1,1,0,2,AUTOROUTE A86,48.92731,2.33415,18,2,2
202100052430,107Â 995,A01,1,1,1,1,2,-1,-1,-1, -1,-1,2021,33.0,1,1,0,2,1,15,1,,3,SALINE (BOULEVARD DE LA),0,,3,4,1,1,29,653,1,, -1,2,5,1,50,4,2,2,50,50173,2,2,0,3,SALINE (BOULEVARD DE LA),49.65386,-1.64921,8,2,2
202100011243,181Â 635,B01,1,1,1,5,2,0,-1,0,0,-1,2021,26.0,1,1,0,2,1,1,5,,4,BOULEVARD SAINT DENIS,0,,2,5,1,1,(1),(1),1,, -1,1,-1,5,30,24,10,5,75,75110,2,2,0,3,BOULEVARD SAINT DENIS,48.869319,2.354299,6,2,2
202100017319,170Â 693,B01,1,1,2,5,0,-1,-1,0,0,-1,2021,69.0,1,1,0,2,7,1,5,,3,26,-1,,2,2,0,1,38,455,1,, -1,1,5,1,80,25,9,1,44,44066,1,2,0,3,Rue du Bois du Plessis,47.373706,-1.60497,9,2,2
202100009539,184Â 661,B01,1,1,2,0,1,-1,-1,0,0,-1,2021,52.0,1,2,0,2,3,1,1,,3,6015,0,D,2,3,0,1,53,150,1,, -1,1,0,1,80,5,11,1,76,76718,1,1,0,5,D6015,49.615653,0.698243,15,3,3
202100050507,111Â 420,A01,1,1,1,4,1,-1,-1,0,0,-1,2021,34.0,2,4,3,0,3,6,1,,1,20,0,A,1,4,0,1,205,100,1,, -1,1,0,8,90,23,2,1,87,87203,1,1,0,6,autoroute A 20 PK 205+100,45.674343,1.379192,15,1,1
202100014470,175Â 839,A01,1,1,1,5,1,-1,-1,0,0,-1,2021,37.0,1,2,0,0,0,1,1,,3,32,-1,,2,2,0,1,4,200,1,, -1,1,0,8,80,9,10,3,80,80486,1,1,0,7,D32,50.048914,1.985779,20,1,1
202100012942,178Â 603,A01,1,1,1,5,1,-1,-1,0,0,-1,2021,60.0,2,2,2,0,7,1,1,,3,625,0,,2,2,0,1,0,800,1,, -1,1,0,3,80,17,10,3,31,31210,1,1,0,6,Route de Mirepoix,43.389498,1.693809,0,1,1
202100038380,133Â 034,A01,10,3,2,2,0,-1,-1,4,3,1,2021,16.0,-1,2,0,1,8,1,2,,2,AUTOMOBILE (AVENUE DE L'),0,,2,2,0,1,54,400,1,, -1,1,0,1,50,21,5,1,24,24557,2,1,0,6,AUTOMOBILE (AVENUE DE L'),45.19586,0.78289,9,2,1
202100056248,101Â 349,B01,1,1,1,9,0,0,-1,-1, -1,-1,2021,20.0,2,1,0,2,7,1,5,,4,JEAN JACQUES DE MONAIX,0,,1,1,0,1,0,0,2,, -1,2,0,1,50,4,1,5,64,64445,2,6,0,3,JEAN JACQUES DE MONAIX,43.3037324938,-0.3561113025,7,2,2
202100033132,142Â 534,B01,1,1,2,5,1,-1,-1,0,0,-1,2021,65.0,1,2,0,2,3,1,1,,3,,-1,,2,2,0,1,41,486,1,,4,1,0,1,80,20,6,1,85,85047,1,1,0,1,Route des Sables d Olonne,46.829279,-1.876016,19,5,2
202100047644,116Â 592,A01,1,1,1,1,2,6,-1,0,0,-1,2021,24.0,3,1,0,2,1,1,1,,7,CURIE PIERRE ET MARIE AVENUE,0,,-1,2,0,1,(1),(1),1,, -1,1,0,1,50,17,3,1,6,6123,1,1,0,3,CURIE PIERRE ET MARIE AVENUE,43.691648,7.185454,9,2,2
202100023235,160Â 084,A01,2,2,2,5,1,0,-1,-1, -1,-1,2021,27.0,2,2,4,0,2,12,1,,1,6,0,,3,6,0,1,14,699,1,, -1,1,0,1,110,21,8,3,91,91161,1,1,0,3,AUTOROUTE A6,48.6967,2.31622,6,4,2
202100055148,103Â 238,A01,10,3,2,0,0,-1,-1,1,3,1,2021,80.0,0,2,0,1,3,1,1,,4,,0,,3,2,2,1,(1),(1),1,, -1,2,5,1,50,12,1,1,69,69388,2,2,1,6,FRANCIS DE PRESSENSE (AV),45.7275471423,4.8619866371,14,2,1
202100007129,189Â 026,B01,1,1,1,5,0,0,-1,0,0,-1,2021,77.0,2,0,0,2,1,2,3,,4,358,0,,3,4,0,1,0,0,3,, -1,1,0,1,50,18,11,1,988,98818,2,2,0,2,PROMENADE ROGER LAROQUE/ROUTE DE L'ANSE-VATA,-22.30296,166.4453,15,2,2
202100042661,125Â 375,A01,1,1,1,0,2,6,-1,-1, -1,-1,2021,33.0,1,1,4,0,3,1,1,,1,AUTOROUTE A86,0,,3,6,0,1,19,500,2,, -1,1,1,1,90,25,4,1,93,93029,1,1,0,6,AUTOROUTE A86,48.92308,2.42712,18,1,1
202100050216,111Â 953,B01,1,1,1,9,8,0,-1,0,0,-1,2021,83.0,2,1,0,2,8,1,5,,4,ROUTE DE LA PTE DAUPHINE A LA PTE DES SA,0,,2,4,0,1,(1),(1),1,, -1,1,0,1,50,22,2,1,75,75116,2,2,0,3,ROUTE DE LA PTE DAUPHINE A LA PTE DES SA,48.874925,2.271104,13,2,2
202100041502,127Â 425,A01,1,1,1,5,2,6,-1,-1, -1,-1,2021,52.0,2,1,4,0,8,13,1,,2,BAIMBRIDGE (ROUTE DE),0,,3,3,0,2,(1),(1),1,, -1,1,0,1,90,2,5,1,971,97101,1,1,0,6,BAIMBRIDGE (ROUTE DE),16.24947,-61.52824,15,1,1
202100018221,169Â 034,B01,1,1,1,5,2,7,-1,0,0,-1,2021,44.0,2,1,0,2,1,1,1,,3,22,-1,,2,2,0,2,27,0,1,, -1,1,0,1,80,18,9,1,57,57060,1,2,0,3,intersection d22 d27,48.902033,6.769815,14,3,2
202100039187,131Â 581,A01,1,1,1,9,1,-1,-1,0,0,-1,2021,74.0,3,2,13,0,3,2,1,,3,25,-1,,2,2,0,1,(1),(1),1,, -1,2,0,3,80,19,5,1,89,89414,1,1,0,7,D25,48.297236,3.369929,15,1,1
202100025807,155Â 561,B01,1,1,1,0,2,6,-1,0,0,-1,2021,14.0,0,1,0,2,8,9,1,,4,,0,,2,2,0,1,(1),(1),1,,0,1,0,1,50,3,8,1,35,35201,2,1,0,3,17 Rue du Petit Chemin,48.126531,-2.157585,17,2,2