Num_Acc,id_vehicule,num_veh,place,catu,sexe,trajet,secu1,secu2,secu3,locp,actp,etatp,year_acc,victim_age,senc,catv,obs,obsm,choc,manv,motor,occutc,catr,voie,v1,v2,circ,nbv,vosp,prof,pr,pr1,plan,lartpc,larrout,surf,infra,situ,vma,jour,mois,lum,dep,com,agg_,int,atm,col,adr,lat,long,hour,nb_victim,nb_vehicules
202100017023,171Â 189,A01,1,1,1,1,2,6,-1,0,0,-1,2021,26.0,2,1,0,2,3,2,1,,4,AVENUE DE FLANDRE,0,,3,3,0,1,(1),(1),1,, -1,1,0,1,30,25,9,1,75,75119,2,3,0,2,AVENUE DE FLANDRE,48.885808,2.37067,17,2,2
202100042610,125Â 458,A01,10,3,2,0,0,-1,-1,4,3,2,2021,31.0,1,1,0,1,2,19,1,,3,LUCIEN LEFRANC (QUAI),0,,2,2,0,1,0,1,1,, -1,1,0,1,50,25,4,1,93,93001,2,9,0,6,HAIE COQ (RUE DE LA ) => 91/92,48.9120534118,2.3732686702,18,2,1
202100024906,157Â 140,B01,2,2,2,0,1,0,-1,-1, -1,-1,2021,52.0,3,2,0,2,8,19,1,,3,NEUILLY  (AVE),0,,2,2,0,2,(1),(1),1,, -1,1,0,1,50,9,8,1,93,93051,2,2,0,3,Route de Neuilly / Rue Pierre Brossolette,48.84698,2.54036,13,5,2
202100043976,123Â 074,A01,1,1,1,0,1,-1,-1,0,0,-1,2021,93.0,1,2,11,0,1,2,1,,1,54,0,A,3,5,0,1,22,500,1,, -1,1,7,6,50,16,4,5,13,13004,1,1,0,1,A54,43.690308,4.544478,2,1,1
202100026203,154Â 858,A01,1,1,2,0,2,-1,-1,0,0,-1,2021,51.0,1,1,0,2,3,16,1,,3,13,0,,2,2,0,1,34,50,3,, -1,1,0,1,-1,30,7,1,83,83032,1,1,0,1,Route du Lac,43.4705672552,6.1976394037,10,2,2
202100039055,131Â 823,A01,1,1,1,5,2,8,-1,-1, -1,-1,2021,21.0,0,1,12,2,8,1,5,,3,PARC (RUE DU),0,,3,4,1,2,0,1,1,, -1,1,0,5,50,20,5,1,93,93053,2,3,0,3,Rue du Parc / Rue LÃ©o Lagrange,48.893458,2.444356,10,3,2
202100040175,129Â 787,B01,1,1,1,0,2,0,-1,0,0,-1,2021,15.0,1,1,0,2,1,1,1,,4,GRANDE RUE,0,,2,2,0,2,(1),(1),4,, -1,1,0,1,30,12,5,1,54,54328,2,2,0,3,GRANDE RUE,48.62158,6.16064,19,2,2
202100046087,119Â 375,A01,1,1,1,5,2,0,-1,-1, -1,-1,2021,41.0,1,1,13,0,1,1,1,,4,GARE (RUE DE LA),0,,1,1,0,1,0,0,1,, -1,1,0,3,50,27,3,1,57,57221,2,1,0,6,GARE (RUE DE LA),49.32861,6.11989,17,1,1
202100033995,140Â 991,B01,10,3,1,5,8,8,-1,6,A,1,2021,46.0,2,2,0,2,3,26,1,,5,ARCUEIL (VILLA D'),0,,2,1,0,1,0,0,1,, -1,1,0,1,30,13,6,1,92,92075,2,1,0,6,ARCUEIL (VILLA D'),48.81743,2.28915,18,3,2
202100045182,120Â 975,A01,1,1,1,5,2,-1,-1,0,0,-1,2021,70.0,1,6,6,0,2,1,1,,3,833,-1,,2,2,0,1,30,30,1,, -1,1,0,4,50,3,4,1,27,27198,2,1,0,6,Rue de Verdun,48.870742,1.076864,15,1,1
202100019491,166Â 793,B01,1,1,1,5,2,0,-1,-1, -1,-1,2021,34.0,1,1,0,2,1,1,1,,7,BERRIAT (COURS)             1 A 55-72,0,,2,2,0,2,(1),(1),1,, -1,1,0,1,30,11,9,1,38,38185,2,5,0,1,BERRIAT (COURS)             1 A 55-72,45.188259012,5.7162233177,17,2,2
202100011265,181Â 601,A01,1,1,1,5,1,-1,-1,0,0,-1,2021,31.0,1,2,0,2,1,1,1,,3,925,0,D,2,2,1,1,4,0,3,, -1,1,0,1,80,23,10,3,59,59462,1,1,0,1,CD925,50.531462,3.013945,23,3,2
202100013921,176Â 820,B01,1,1,1,2,2,-1,-1,0,0,-1,2021,15.0,1,1,0,2,1,1,1,,3,,-1,,2,2,1,1,3,10,1,,4,1,5,1,50,12,10,5,85,85215,2,3,0,3,Avenue de Bretagne,46.858826,-1.184131,19,2,2
202100051047,110Â 426,A01,10,3,2,3,0,-1,-1,3,3,2,2021,67.0,3,2,0,1,1,14,1,,3,RN 174 (2X2) Rocreuil-sortie Agneaux,0,,4,2,0,2,0,0,1,, -1,2,3,1,50,16,2,1,50,50002,2,6,1,6,RN 174 (2X2) Rocreuil-sortie Agneaux,49.10928,-1.13469,17,3,1
202100053855,105Â 481,A01,1,1,2,9,2,8,-1,0,0,-1,2021,26.0,3,1,0,2,1,1,1,,4,AVENUE DE LA PORTE D ASNIERES,0,,2,2,0,1,(1),(1),1,, -1,2,0,1,50,23,1,5,75,75117,2,5,0,3,AVENUE DE LA PORTE D ASNIERES,48.892273,2.301011,20,3,2
202100046659,118Â 365,A01,10,3,1,9,8,8,-1,2,3,1,2021,77.0,1,4,0,1,0,19,1,,3,GENERAL LECLERC(AVE DU)89/FIN ET 122/FIN,0,,2,2,0,1,0,1,1,, -1,2,0,1,50,25,3,1,93,93055,2,1,1,6,Avenue du GÃ©nÃ©ral Leclerc,48.9002948374,2.4105066061,8,2,1
202100008419,186Â 689,A01,10,3,2,3,0,-1,-1,2,3,1,2021,90.0,3,5,0,1,6,4,1,,4,,0,,1,1,0,1,(1),(1),1,,3,1,0,1,30,12,11,1,69,69010,2,7,0,6,REPUBLIQUE (DE LA) (PL),45.836372,4.615642,11,2,1
202100031530,145Â 404,B01,1,1,1,5,1,0,-1,-1, -1,-1,2021,35.0,1,2,0,2,1,2,1,,1,A507 sens Marseille - Aubagne,0,,1,3,0,1,3,213,1,, -1,1,0,1,70,30,6,1,13,13055,1,1,0,2,A507 sens Marseille - Aubagne,43.33776,5.38489,19,2,2
202100025235,156Â 551,A01,2,2,2,0,1,0,-1,-1, -1,-1,2021,5.0,1,2,0,2,1,2,1,,1,6,0,,3,6,0,3,17,700,1,, -1,1,0,1,110,7,8,1,91,91589,1,1,0,2,AUTOROUTE A6,48.6736,2.3431,10,4,2
202100009373,184Â 951,B01,2,2,2,5,2,6,-1,0,0,-1,2021,58.0,2,1,0,2,4,1,1,,3,39,-1,,2,2,0,1,20,659,1,, -1,1,0,1,70,5,11,1,76,76239,1,1,0,4,D39,49.553311,0.331124,17,4,3
202100019376,166Â 997,A01,1,1,1,9,2,0,-1,0,0,-1,2021,39.0,2,1,0,0,2,21,1,,4,RUE REAUMUR,0,,1,3,0,1,(1),(1),1,, -1,1,0,1,30,12,9,1,75,75102,2,2,0,7,RUE REAUMUR,48.866536,2.35115,13,1,1
202100034231,140Â 558,B01,1,1,1,9,8,-1,-1,0,0,-1,2021,35.0,0,1,0,2,3,1,3,,4,VALLEE (RUE DE LA ),0,,2,4,0,1,(1),(1),1,, -1,1,0,1,50,11,6,1,80,80021,2,2,0,3,VALLEE (RUE DE LA ),49.89181,2.30959,8,2,2
202100054368,104Â 579,A01,1,1,1,1,2,6,-1,-1, -1,-1,2021,34.0,2,1,0,2,1,2,1,,3,LENINE (AVENUE) NR 28 A 62 ET 13 A 41,0,,2,4,0,1,0,1,1,, -1,2,0,1,50,20,1,5,93,93066,2,3,0,2,LENINE (AVENUE) NR 28 A 62 ET 13 A 41,48.9449416885,2.35953919,7,2,2
202100046108,119Â 343,A01,10,3,1,2,0,-1,-1,2,3,1,2021,9.0,2,2,0,1,3,1,1,,4,PILATE (RUE DE LA),0,,2,2,0,1,(1),(1),1,, -1,1,0,1,50,29,3,1,35,35281,2,1,0,6,PILATE (RUE DE LA),48.0925,-1.69472,13,2,1
202100032050,144Â 463,A01,2,2,1,0,1,-1,-1,0,0,-1,2021,30.0,1,2,13,0,2,0,1,,3,109,0,,2,2,0,2,9,100,4,, -1,2,0,1,80,26,6,3,73,73303,1,1,0,6,D109,45.763077,6.466322,2,2,1
202100042371,125Â 890,B01,1,1,2,1,2,0,-1,-1, -1,-1,2021,25.0,2,1,0,2,7,1,1,,3,HENRI BARBUSSE (AVE) NÂ°2-124,0,,2,2,0,1,0,1,1,, -1,1,5,1,50,26,4,1,93,93029,2,3,0,3,HENRI BARBUSSE (AVE) NÂ°2-124,48.9166104948,2.4446017643,7,2,2
202100055190,103Â 164,A01,2,2,1,5,8,0,-1,-1, -1,-1,2021,24.0,0,1,0,2,1,17,1,,4,MORETTI (BOULEVARD),0,,2,2,0,2,(1),(1),1,, -1,1,0,1,50,13,1,5,13,13214,2,1,0,3,MORETTI (BOULEVARD),43.325144,5.381875,19,3,2
202100049189,113Â 832,A01,10,3,2,5,0,-1,-1,1,3,1,2021,77.0,1,2,0,1,1,1,1,,3,RD15,-1,,2,2,0,1,20,400,1,, -1,1,0,1,50,1,3,1,972,97228,1,1,0,6,Pain de Sucre,14.788674,-61.033216,7,2,1
202100055347,102Â 904,A01,10,3,1,2,0,-1,-1,3,3,3,2021,14.0,2,2,0,1,2,1,1,,4,BOULEVARD DU MONTPARNASSE,0,,3,4,3,1,(1),(1),1,, -1,1,0,1,50,11,1,2,75,75106,2,1,0,6,BOULEVARD DU MONTPARNASSE,48.84617,2.317873,16,2,1
202100000863,200Â 196,A01,10,3,1,5,0,-1,-1,3,3,1,2021,69.0,1,2,0,1,2,2,1,,4,FAUCHEUX (BD JACQUES),0,,2,2,2,2,(1),(1),1,, -1,2,5,1,30,29,12,2,35,35115,2,1,1,6,FAUCHEUX (BD JACQUES),48.35573,-1.20252,8,2,1
202100028886,150Â 088,B01,2,2,2,5,1,-1,-1,0,0,-1,2021,72.0,1,2,0,2,3,1,1,,3,118,0,D,2,2,0,2,13,300,3,, -1,1,0,1,80,15,7,1,11,11115,1,1,0,1,D118,43.367333,2.275318,14,6,2
202100044079,122Â 885,A01,1,1,1,5,2,6,-1,0,0,-1,2021,53.0,1,1,13,0,1,1,1,,3,202,-1,,2,2,0,1,0,846,3,, -1,9,0,3,80,14,4,1,65,65341,1,1,0,7,D 202,43.301118,-0.017917,15,1,1
202100033378,142Â 105,B01,1,1,1,4,2,0,-1,-1, -1,-1,2021,24.0,1,1,0,2,8,1,5,,4,MASSENA                             (R ),0,,1,1,0,1,(1),(1),1,, -1,1,0,1,50,19,6,1,69,69386,2,2,0,3,MASSENA (R),45.76817,4.85443,12,2,2
202100028444,150Â 870,B01,1,1,1,5,1,8,-1,-1, -1,-1,2021,25.0,2,2,0,2,8,1,1,,2,186,0,,3,3,0,1,49,200,1,, -1,1,0,1,90,15,7,3,94,94065,1,1,0,3,A86 INT,48.75351,2.35964,0,3,2
202100026090,155Â 054,B01,1,1,1,5,2,-1,-1,0,0,-1,2021,16.0,0,1,0,2,1,5,0,,4,,0,,2,2,0,1,(1),(1),2,, -1,1,9,1,50,2,8,1,59,59105,2,1,0,1,Rue de la Chapelle,50.43628,3.244953,16,2,2
202100046410,118Â 817,A01,1,1,1,5,2,6,9,0,0,-1,2021,33.0,2,1,3,6,1,1,1,,3,2160,-1,,2,2,0,2,42,200,1,, -1,1,0,3,80,28,3,1,45,45178,1,1,0,6,D2160-PR 42 + 200,48.001463,2.55187,13,1,1
202100017443,170Â 447,B01,1,1,1,5,2,6,-1,-1, -1,-1,2021,19.0,2,1,0,2,1,1,1,,7,FRESNOY (RUE DU),0,,2,2,0,1,(1),(1),1,, -1,1,0,1,50,22,9,5,59,59367,2,3,0,3,FRESNOY (RUE DU),50.67528,3.22908,20,2,2
202100050052,112Â 272,A01,1,1,1,9,1,0,-1,0,0,-1,2021,43.0,2,5,4,0,1,14,1,,4,PORTE DE SEVRES,0,,1,3,0,1,9,300,1,, -1,1,0,1,70,25,2,5,75,75115,2,4,0,6,PORTE DE SEVRES,48.834814,2.274063,19,1,1
202100028894,150Â 076,B01,1,1,1,5,2,6,-1,0,0,-1,2021,24.0,1,1,0,0,1,17,1,,3,712,0,,2,3,0,1,(1),(1),1,, -1,1,5,1,70,14,7,1,22,22341,1,2,0,2,D712,48.399039,-2.40496,14,3,2
202100020258,165Â 425,B01,1,1,1,0,8,0,-1,-1, -1,-1,2021,36.0,1,1,0,2,2,1,3,,4,LEFAUCHEUX PIERRE (BD),0,,2,3,1,1,0,0,1,, -1,1,0,5,50,6,9,1,72,72181,2,1,0,3,LEFAUCHEUX PIERRE (BD),47.968305,0.17321,18,2,2
202100030415,147Â 402,A01,1,1,1,9,8,0,-1,0,0,-1,2021,21.0,2,1,0,2,0,1,5,,4,BOULEVARD DE L HOPITAL,0,,3,5,0,2,(1),(1),1,, -1,1,0,1,50,6,7,1,75,75113,2,4,0,7,BOULEVARD DE L HOPITAL,48.838758,2.360923,8,2,2
202100017522,170Â 301,A01,1,1,1,9,2,8,-1,-1, -1,-1,2021,20.0,2,1,0,0,3,26,1,,3,9B,0,,3,0,3,1,0,0,1,, -1,1,0,1,50,22,9,5,92,92026,2,1,0,7,GEORGES CLEMENCEAU,48.90274,2.27423,20,1,1
202100016182,172Â 713,B01,1,1,1,1,2,6,-1,-1, -1,-1,2021,47.0,2,1,1,2,1,1,1,,4,Boulevard GEORGE V,0,,3,4,3,1,(1),(1),1,, -1,1,0,1,50,29,9,1,33,33063,2,1,0,3,Boulevard George V,44.8259,-0.59022,16,2,2
202100054914,103Â 653,A01,1,1,2,5,1,0,-1,0,0,-1,2021,54.0,3,2,0,2,1,2,1,,7,BORD DE MER RN 98,0,,3,2,1,1,(1),(1),1,, -1,1,0,1,50,13,1,1,6,6123,2,3,0,2,BORD DE MER RN 98,43.656613,7.179417,11,3,2
202100031676,145Â 136,B01,1,1,2,5,2,-1,-1,0,0,-1,2021,14.0,1,1,0,2,7,15,1,,4,,-1,,2,2,0,1,(1),(1),1,,4,1,0,1,50,10,6,1,33,33199,2,3,0,3,Cours de la Marne,44.633043,-1.055664,14,2,2
202100001226,199Â 579,B01,1,1,1,5,1,-1,-1,0,0,-1,2021,67.0,2,2,0,2,1,1,1,,3,7,-1,,2,2,0,1,10,0,3,, -1,1,0,1,50,28,12,1,972,97231,2,1,0,1,L Anse Ã  l Ãne,14.538474,-61.063669,12,3,2
202100020732,164Â 570,A01,1,1,1,5,0,-1,-1,0,0,-1,2021,16.0,3,1,1,0,1,1,1,,4,,-1,,2,2,0,2,(1),(1),2,,5,1,0,3,50,6,9,1,974,97415,2,1,0,2,49 Rue Auguste Vinson,-21.027619,55.267882,15,2,1
202100003943,194Â 698,A01,1,1,1,1,1,-1,-1,-1,0,-1,2021,30.0,2,2,3,2,2,14,1,,1,AUTOROUTE A115,0,,3,4,0,1,9,0,1,, -1,1,0,1,90,8,12,3,95,95060,1,1,0,6,AUTOROUTE A115,49.03535,2.1961,6,1,1
202100011409,181Â 326,A01,1,1,1,5,2,6,-1,0,0,-1,2021,43.0,1,1,0,2,4,1,1,,4,PORTE D AUTEUIL,0,,1,3,0,1,12,500,1,, -1,1,1,1,70,22,10,2,75,75116,2,1,0,4,PORTE D AUTEUIL,48.850649,2.252218,20,3,3
202100012447,179Â 461,A01,1,1,2,9,1,0,-1,-1, -1,-1,2021,64.0,2,2,2,0,1,1,1,,2,RN136,0,,3,6,0,1,27,0,1,, -1,1,0,3,110,18,10,1,35,35334,1,1,0,7,RN136,48.14548,-1.590283,12,1,1
202100022110,162Â 104,B01,1,1,1,4,2,0,-1,0,0,-1,2021,29.0,1,1,0,2,2,17,1,,4,AVENUE DE LA PORTE DE MONTMARTRE,0,,2,2,0,1,(1),(1),1,, -1,1,0,1,30,28,8,5,75,75118,2,3,0,3,AVENUE DE LA PORTE DE MONTMARTRE,48.8989914368,2.3363882227,0,2,2
202100020598,164Â 811,B01,2,2,2,5,1,-1,-1,0,0,-1,2021,21.0,2,2,0,2,1,1,1,,1,16,0,A,1,2,0,1,159,500,1,, -1,1,0,1,130,7,9,1,80,80009,1,1,0,2,A16,50.074026,1.973248,10,4,2
202100041509,127Â 415,B01,1,1,2,0,1,0,-1,-1, -1,-1,2021,55.0,1,2,0,2,6,1,1,,2,147 (ROUTE NATIONALE),0,,3,4,0,1,64,100,1,, -1,1,0,1,110,3,5,1,86,86158,1,1,0,3,N147,46.628893,0.295558,8,2,2
202100056064,101Â 673,A01,1,1,1,9,1,0,-1,0,0,-1,2021,22.0,2,2,0,2,3,7,1,,4,BOULEVARD BARBES,0,,2,4,3,1,(1),(1),1,, -1,1,-1,6,50,6,1,5,75,75118,2,3,0,5,BOULEVARD BARBES,48.885264,2.349529,21,3,3
202100048240,115Â 522,B01,4,2,2,3,8,0,-1,-1, -1,-1,2021,68.0,3,2,1,2,6,24,1,,4,SUFFRAGE UNIVERSEL (RUE DU),0,,2,2,0,2,0,0,1,, -1,1,0,1,50,11,3,1,77,77258,2,1,0,3,SUFFRAGE UNIVERSEL (RUE DU),48.837164,2.630968,11,3,2
202100023494,159Â 635,A01,1,1,1,3,1,-1,-1,0,0,-1,2021,78.0,2,2,0,2,3,1,1,,3,25,0,,2,2,0,2,40,90,2,, -1,1,0,1,80,18,8,1,12,12037,1,1,0,1,Broquies le Vieux,44.006784,2.701516,17,2,2
202100025131,156Â 734,B01,1,1,1,5,1,0,-1,-1, -1,-1,2021,22.0,1,2,0,2,4,1,1,,4,MARÃCHAL DE LATTRE (AVENUE),0,,2,2,3,1,0,0,1,, -1,1,0,1,50,7,8,1,13,13209,2,1,0,2,MARÃCHAL DE LATTRE (AVENUE),43.2461551641,5.4173497328,19,2,2
202100053223,106Â 601,A01,1,1,1,5,1,0,-1,0,0,-1,2021,41.0,1,2,0,2,1,12,1,,3,CD 405,0,,-1,-1,0,1,1,0,1,, -1,1,0,1,50,29,1,1,14,14118,2,6,0,3,Boulevard Yves Guillou,49.17178,-0.38468,11,2,2
202100055107,103Â 310,A01,1,1,1,5,2,6,-1,0,0,-1,2021,30.0,2,1,0,2,8,1,1,,3,93,0,,2,2,0,1,3,900,1,, -1,2,0,1,80,13,1,3,22,22254,1,1,1,1,BardÃ©rou,48.654537,-3.337355,18,2,2
202100003400,195Â 683,B01,1,1,1,0,1,0,-1,-1, -1,-1,2021,57.0,1,2,0,2,2,19,1,,3,RTE NATIONALE 7,0,,3,4,0,1,0,0,1,, -1,1,5,1,50,11,12,5,91,91027,2,5,0,2,RTE NATIONALE 7,48.71608,2.37141,20,3,2
202100045610,120Â 206,B01,1,1,2,2,2,8,-1,-1, -1,-1,2021,18.0,2,1,0,2,3,1,1,,4,BAILLE (BOULEVARD),0,,2,5,3,2,(1),(1),1,, -1,1,0,1,50,1,4,1,13,13205,2,1,0,3,BAILLE (BOULEVARD),43.2877323858,5.3905723363,8,2,2
202100041890,126Â 741,B01,1,1,1,0,2,0,-1,-1, -1,-1,2021,42.0,1,1,0,2,1,1,1,,4,MARTYRS DE LA RESISTANCE RUE DES,0,,2,2,0,1,(1),(1),1,, -1,1,0,1,30,29,4,1,59,59386,2,3,0,3,MARTYRS DE LA RESISTANCE RUE DES,50.67638,3.06489,19,3,2
202100036397,136Â 642,A01,1,1,2,1,8,0,-1,-1, -1,-1,2021,39.0,1,1,0,2,0,19,5,,4,MONTAGNE VERTE (RUE DE LA),0,,1,1,0,1,0,0,3,, -1,1,0,1,500,3,6,1,67,67482,2,1,0,3,MONTAGNE VERTE (RUE DE LA),48.569928,7.727536,18,2,2
202100050536,111Â 364,C01,1,1,1,1,1,-1,-1,0,0,-1,2021,34.0,2,5,0,2,1,2,1,,3,28,0,D,2,2,0,1,7,450,1,, -1,1,0,1,80,23,2,1,56,56046,1,1,0,4,Lieu Dit Le Braden,47.603671,-2.993077,17,5,3
202100050196,111Â 994,B01,4,2,1,5,1,0,-1,-1, -1,-1,2021,21.0,3,2,0,2,8,1,1,,4,TURENNE (rue),0,,2,2,0,1,0,0,1,, -1,1,0,1,50,24,2,5,13,13077,2,1,0,3,TURENNE (rue),43.4027649791,4.9781420658,20,4,2
202100052820,107Â 309,A01,1,1,2,1,1,-1,-1,0,0,-1,2021,20.0,2,2,0,0,7,13,1,,3,107,-1,,2,2,0,2,31,650,1,, -1,2,0,1,80,1,2,1,39,39331,1,1,1,1,,46.806189,6.095146,13,3,2
202100039236,131Â 479,A01,1,1,2,1,1,0,-1,-1, -1,-1,2021,58.0,1,2,0,2,5,26,2,,1,AUTOROUTE A1,0,,3,6,0,1,37,0,1,, -1,1,0,1,130,19,5,1,60,60241,1,1,0,2,AUTOROUTE A1,49.15947,2.59501,20,2,2
202100021632,162Â 958,B01,1,1,1,4,2,6,-1,-1, -1,-1,2021,49.0,2,1,0,0,1,2,1,,4,CARTONNERIE (BOULEVARD DE LA ),0,,2,2,0,1,0,0,1,, -1,1,0,1,50,31,8,1,13,13211,2,1,0,3,CARTONNERIE (BOULEVARD DE LA ),43.2916503468,5.4605689425,16,2,2
202100037624,134Â 407,B01,1,1,1,5,0,0,-1,-1, -1,-1,2021,29.0,2,1,0,2,1,19,5,,3,PT NELSON MANDELA,0,,4,2,1,2,1,0,1,, -1,1,2,1,50,29,5,1,94,94041,2,2,0,3,JEAN COMPAGNON (QU),48.81958,2.39805,11,2,2
202100021579,163Â 061,B01,1,1,1,0,2,0,-1,-1, -1,-1,2021,41.0,2,1,0,2,1,1,3,,4,,0,,2,2,1,1,(1),(1),1,, -1,1,0,5,30,31,8,1,69,69388,2,1,0,3,PIERRE DELORE (R),45.73439,4.85751,17,2,2
202100036636,136Â 223,B01,1,1,2,5,8,0,-1,-1, -1,-1,2021,65.0,1,1,0,2,3,1,5,,4,QUATORZE JUILLET (RUE DU),0,,1,3,1,1,(1),(1),1,, -1,1,0,5,50,2,6,1,10,10387,2,1,0,1,QUATORZE JUILLET (RUE DU),48.29486,4.08011,15,4,2
202100033159,142Â 491,A01,1,1,1,0,2,6,-1,-1, -1,-1,2021,57.0,2,1,0,2,1,2,1,,1,AUTOROUTE A1,0,,3,4,0,1,196,100,1,, -1,1,0,1,130,19,6,1,59,59462,1,1,0,6,AUTOROUTE A1,50.51183346,3.0309015512,16,2,2
202100022689,161Â 055,B01,1,1,2,1,0,-1,-1,-1, -1,-1,2021,59.0,1,1,0,2,8,0,5,,4,DAUPHINE (DU)                       (R ),0,,2,2,2,1,(1),(1),1,, -1,1,0,1,50,24,8,1,69,69383,2,3,0,3,DAUPHINE (DU) (R),45.74991,4.86056,17,2,2
202100046505,118Â 661,A01,1,1,1,0,2,0,-1,-1, -1,-1,2021,17.0,2,1,0,2,1,1,1,,3,RD810,0,,2,2,0,1,29,500,1,, -1,1,0,1,50,26,3,1,64,64545,1,1,0,5,RD810,43.36873,-1.68462,16,3,3
202100016759,171Â 667,B01,5,2,1,5,2,6,-1,-1, -1,-1,2021,27.0,2,1,0,2,1,3,0,,1,AUTOROUTE A6B,0,,1,3,0,1,4,99,1,, -1,2,0,1,90,26,9,3,94,94038,1,1,0,5,AUTOROUTE A6B,48.77526,2.34635,20,4,3
202100021737,162Â 780,B01,2,2,2,5,1,-1,-1,-1, -1,-1,2021,53.0,2,2,3,2,4,1,1,,1,A46N   0.000 A 2.930,0,,2,4,0,1,2,400,1,, -1,1,0,1,130,30,8,1,69,69005,1,1,0,5,A46N,45.9291321035,4.742262762,14,4,3
202100043700,123Â 573,A01,1,1,1,5,6,2,9,0,0,-1,2021,32.0,3,1,15,0,9,1,4,,4,,-1,,2,2,0,4,(1),(1),3,, -1,1,0,1,70,18,4,1,95,95678,1,1,0,6,Chemin de Beaumont,49.07459,2.244365,16,1,1
202100006511,190Â 166,A01,10,3,2,5,0,-1,-1,3,3,1,2021,74.0,1,2,0,1,2,1,1,,3,948,0,D,2,2,0,2,16,335,1,, -1,1,0,1,50,23,11,1,16,16106,2,9,0,6,30 avenue du GÃ©nÃ©ral de Gaulle,46.006099,0.672687,14,2,1
202100012111,180Â 062,A01,1,1,2,2,1,-1,-1,0,0,-1,2021,21.0,1,2,3,2,0,1,1,,1,40,-1,,1,4,0,2,55,700,2,, -1,2,2,1,70,21,10,1,74,74118,1,1,0,3,A40,46.18327,6.224173,8,2,2
202100002287,197Â 697,A01,10,3,1,0,8,8,-1,4,3,1,2021,27.0,1,2,0,1,5,1,1,,3,913,0,,2,4,0,1,0,0,1,, -1,1,0,1,50,18,12,5,92,92050,2,2,0,6,JOFFRE MARECHAL AVENUE DU,48.8853710265,2.1958816051,20,2,1
202100042231,126Â 139,B01,1,1,1,0,8,0,-1,-1, -1,-1,2021,62.0,1,1,0,2,8,1,5,,2,13,0,,1,2,2,1,0,0,1,, -1,1,0,1,50,28,4,1,92,92051,2,1,0,3,"CHARLES DE GAULLE (AVENUE,NÂ°118 A 192 +",48.8829150991,2.2664384544,14,2,2
202100031148,146Â 058,A01,10,3,2,5,0,-1,-1,5,2,2,2021,51.0,1,2,0,1,2,25,1,,4,,0,,2,2,0,1,(1),(1),1,, -1,1,0,4,50,17,8,5,21,21054,2,9,0,6,42C Rue du Moulin Perpreuil,47.0168470446,4.8420160032,21,7,1
202100013148,178Â 246,A01,10,3,1,1,8,8,-1,3,3,1,2021,25.0,2,2,15,1,1,6,0,,4,986,0,,3,4,3,1,0,0,1,, -1,1,6,8,50,15,10,1,92,92025,2,1,0,6,GABRIEL PERI (RUE),48.9182,2.238866,8,2,1
202100027330,152Â 870,B01,1,1,1,0,8,0,-1,-1, -1,-1,2021,15.0,3,1,0,2,8,2,5,,4,,0,,-1,0,0,1,0,0,1,, -1,1,0,1,50,22,7,5,91,91570,2,1,0,3,POTAGERS (RUE DES),48.64278,2.30806,22,2,2
202100050678,111Â 102,A01,1,1,2,9,1,-1,-1,0,0,-1,2021,71.0,1,2,2,0,3,13,1,,3,929,0,,2,2,0,1,2,260,1,, -1,1,0,3,90,22,2,1,65,65129,1,1,0,6,D929 Route du Gers,43.311845414,0.5234599114,10,1,1
202100048248,115Â 507,B01,1,1,1,1,2,8,-1,0,0,-1,2021,22.0,1,1,0,2,9,1,1,,3,BRIAND (AVENUE ARISTIDE),0,,2,3,0,1,0,370,1,, -1,2,0,1,50,8,3,1,65,65440,2,3,1,3,BRIAND (AVENUE ARISTIDE),43.21854,0.05774,10,2,2
202100004109,194Â 393,A01,1,1,1,5,8,0,-1,0,0,-1,2021,15.0,2,1,0,0,0,1,5,,4,PLACE DE LA SORBONNE,0,,2,0,0,1,(1),(1),1,, -1,1,6,4,30,8,12,1,75,75105,2,1,0,7,PLACE DE LA SORBONNE,48.848553,2.342158,13,1,1
202100033508,141Â 885,A01,1,1,2,3,1,0,-1,-1, -1,-1,2021,62.0,2,2,0,2,4,1,1,,1,A7-Sens Marseille vers Lyon,0,,1,2,0,1,253,500,1,, -1,1,0,1,110,14,6,1,13,13081,1,1,0,2,A7-Sens Marseille vers Lyon,43.5013770938,5.2381796837,17,2,2
202100046153,119Â 266,B01,1,1,1,0,2,0,-1,-1, -1,-1,2021,28.0,1,1,0,2,7,1,1,,3,83,0,,3,2,0,1,0,0,1,, -1,1,0,1,50,29,3,5,92,92046,2,9,0,3,Charles de gaulle,48.8234921339,2.2999459505,22,2,2
202100001206,199Â 616,B01,1,1,1,9,2,7,-1,0,0,-1,2021,38.0,1,1,0,2,2,18,1,,4,AVENUE JEAN JAURES,0,,3,2,0,1,(1),(1),1,, -1,2,0,1,30,27,12,1,75,75119,2,2,1,4,AVENUE JEAN JAURES,48.882797,2.370264,16,3,3
202100031445,145Â 538,B01,1,1,1,1,2,-1,-1,0,0,-1,2021,39.0,1,1,0,2,1,1,5,,3,330,-1,,2,2,0,1,0,865,1,, -1,1,0,1,70,2,7,1,39,39126,1,3,1,3,,46.589036,5.947123,6,2,2
202100020995,164Â 135,B01,1,1,1,0,2,0,-1,-1, -1,-1,2021,19.0,0,1,0,2,0,0,0,,4,NEGRES MARONS (RUE DES) CITE BONHOMME,0,,2,1,0,1,(1),(1),1,, -1,1,0,1,50,31,8,5,973,97302,2,2,0,3,NEGRES MARONS (RUE DES) CITE BONHOMME,4.9215077646,-52.3193796874,20,2,2