Num_Acc,id_vehicule,num_veh,place,catu,sexe,trajet,secu1,secu2,secu3,locp,actp,etatp,year_acc,victim_age,senc,catv,obs,obsm,choc,manv,motor,occutc,catr,voie,v1,v2,circ,nbv,vosp,prof,pr,pr1,plan,lartpc,larrout,surf,infra,situ,vma,jour,mois,lum,dep,com,agg_,int,atm,col,adr,lat,long,hour,nb_victim,nb_vehicules
202100051415,109Â 785,B01,1,1,2,1,1,-1,-1,-1, -1,-1,2021,22.0,1,2,0,2,4,1,1,,3,ROUTE NATIONALE 6,0,,2,2,0,1,(1),(1),3,, -1,1,5,1,50,15,2,1,69,69013,2,6,0,2,BEAUJEU (DE) (AV),46.008118061,4.7199100256,8,2,2
202100017385,170Â 559,A01,1,1,1,0,2,0,-1,-1, -1,-1,2021,70.0,2,1,0,2,1,26,1,,1,AUTOROUTE A3,0,,-1,10,0,1,1,799,1,, -1,1,1,1,90,23,9,1,93,93048,1,1,0,4,AUTOROUTE A3,48.87184,2.43301,10,2,2
202100049902,112Â 537,A01,1,1,1,9,2,0,-1,0,0,-1,2021,47.0,3,1,0,2,8,1,1,,4,QUAI D ORSAY,0,,2,4,1,1,(1),(1),1,, -1,1,0,1,50,27,2,1,75,75107,2,5,0,3,QUAI D ORSAY,48.862591,2.319017,14,2,2
202100011815,180Â 602,B01,1,1,1,5,2,0,-1,-1, -1,-1,2021,17.0,3,1,0,2,3,19,5,,4,JEAN MOULIN (RUE),0,,2,2,0,1,(1),(1),1,, -1,2,6,1,50,21,10,5,37,37233,2,1,0,6,JEAN MOULIN (RUE),47.3897708163,0.7261218816,20,2,2
202100052914,107Â 137,A01,1,1,1,1,2,6,-1,0,0,-1,2021,28.0,3,1,0,2,7,17,1,,4,BOULEVARD VOLTAIRE,0,,2,4,1,1,(1),(1),1,, -1,1,0,1,50,1,2,5,75,75111,2,4,0,3,BOULEVARD VOLTAIRE,48.857328,2.380819,18,2,2
202100007915,187Â 593,B01,1,1,1,5,2,-1,-1,0,0,-1,2021,36.0,2,1,0,2,8,1,1,,3,453,0,D,2,2,0,1,5,750,1,, -1,1,0,1,50,11,11,5,13,13004,2,3,0,3,Route dÃ©partementale 453,43.411125,4.726619,20,2,2
202100042389,125Â 862,A01,1,1,1,1,2,6,-1,0,0,-1,2021,45.0,2,1,0,2,8,1,1,,3,64,-1,,2,2,0,1,10,625,1,,5,1,5,1,50,28,4,1,44,44178,2,2,0,3,Rue Prairial,47.110608,-1.73525,11,2,2
202100006650,189Â 901,A01,1,1,1,5,2,8,-1,-1, -1,-1,2021,65.0,2,1,0,0,0,1,1,,4,MAUDET(AVENUE),0,,2,2,0,1,0,0,3,, -1,2,0,1,50,21,11,5,49,49099,2,1,1,7,MAUDET(AVENUE),47.05774,-0.8796,18,1,1
202100049521,113Â 237,B01,1,1,2,9,8,0,-1,0,0,-1,2021,27.0,1,1,0,2,8,1,5,,4,AVENUE JEAN JAURES,0,,2,3,1,1,(1),(1),1,, -1,1,-1,5,50,2,3,1,75,75119,2,2,0,3,AVENUE JEAN JAURES,48.887801,2.389298,10,2,2
202100008394,186Â 729,A01,1,1,1,5,2,-1,-1,0,0,-1,2021,67.0,1,1,0,0,9,1,5,,4,,0,,2,2,0,1,(1),(1),1,,4,1,0,1,50,12,11,1,55,55083,2,1,0,7,Grande Rue,49.516845,5.260731,14,1,1
202100041217,127Â 931,A01,1,1,2,0,0,-1,-1,0,0,-1,2021,69.0,3,1,6,0,3,0,5,,4,,0,,2,2,0,2,(1),(1),1,, -1,1,0,8,-1,7,5,1,22,22070,2,1,0,7,Rue du Grand Trotrieux,48.560498,-3.15136,12,1,1
202100034013,140Â 962,A01,10,3,2,1,0,-1,-1,2,3,1,2021,57.0,2,1,0,1,1,1,5,,4,SERBIE (DE)                         (QU),0,,1,1,1,2,(1),(1),2,, -1,1,0,5,50,16,6,1,69,69386,2,1,0,6,SERBIE (DE) (Q),45.7718699086,4.8408164423,13,2,1
202100017436,170Â 459,B01,1,1,2,2,2,8,-1,-1, -1,-1,2021,11.0,1,1,14,0,7,1,5,,3,ALSACE (RUE D'),0,,3,1,0,1,(1),(1),1,, -1,1,0,5,50,21,9,1,68,68066,2,6,1,1,ALSACE (RUE D'),48.06245,7.36269,13,2,2
202100023501,159Â 624,A01,1,1,1,5,1,-1,-1,0,0,-1,2021,33.0,2,2,13,0,9,1,1,,3,42,-1,,2,2,0,1,(1),(1),3,, -1,2,0,1,80,19,8,1,50,50370,1,1,1,7,Les Forges de vardon,49.415566,-1.580508,19,3,1
202100047221,117Â 358,B01,1,1,1,0,2,0,-1,-1, -1,-1,2021,28.0,2,1,0,0,0,0,1,,4,JAURES (RUE JEAN),0,,2,0,0,1,(1),(1),1,, -1,1,0,1,50,20,3,1,42,42095,2,1,0,3,Rue Victor Hugo,45.38708,4.28459,12,2,2
202100007037,189Â 178,B01,1,1,1,0,2,0,-1,-1, -1,-1,2021,44.0,1,1,0,2,1,1,1,,4,VOLTAIRE (RUE),0,,2,4,0,1,(1),(1),1,, -1,1,0,1,50,20,11,5,10,10387,2,1,0,3,VOLTAIRE (RUE),48.294,4.06608,17,2,2
202100039696,130Â 625,A01,3,2,1,5,1,0,-1,-1, -1,-1,2021,18.0,2,2,3,0,0,26,1,,1,VA007331 A620,0,,1,2,0,2,13,887,3,, -1,2,3,1,50,16,5,1,31,31555,1,1,1,6,VA007331 A620,43.573757,1.450131,16,2,1
202100048487,115Â 093,A01,2,2,1,5,1,-1,-1,0,0,-1,2021,21.0,1,2,0,0,4,23,1,,3,,-1,,2,2,0,1,5,600,1,, -1,1,0,1,50,12,3,1,95,95199,2,1,0,2,Avenue Jean Rostand,49.0394746478,2.3398316592,17,3,2
202100009694,184Â 375,A01,9,2,1,4,0,-1,-1,0,0,-1,2021,20.0,2,2,13,2,7,1,1,,3,313,0,D,2,2,0,2,18,0,1,, -1,2,0,1,80,6,10,1,69,69254,1,1,0,4,RD313,45.966991,4.417233,17,8,3
202100014025,176Â 632,A01,1,1,1,5,1,0,-1,-1, -1,-1,2021,83.0,2,2,0,2,1,1,1,,3,ONZE NOVEMBRE (AV DU),0,,2,2,0,1,1,0,1,, -1,1,0,1,50,10,10,1,94,94058,2,2,0,3,Avenue du 11 Novembre,48.8468,2.49683,11,2,2
202100041171,128Â 007,A01,1,1,1,4,1,-1,-1,0,0,-1,2021,58.0,2,4,1,0,1,12,1,,1,9,-1,,1,4,0,1,279,200,1,, -1,2,0,2,90,5,5,1,66,66137,1,1,0,4,A9 PK 279+200,42.474206,2.859809,18,3,3
202100043767,123Â 455,A01,1,1,2,5,1,8,-1,-1, -1,-1,2021,20.0,2,2,0,2,1,2,1,,4,LANVEUR ( ET PL. DE ),0,,2,2,0,1,(1),(1),1,, -1,1,5,1,50,14,4,1,56,56121,2,2,0,2,LANVEUR ( ET PL. DE ),47.74308,-3.38908,14,2,2
202100003543,195Â 412,B01,1,1,1,9,1,8,-1,-1, -1,-1,2021,68.0,3,2,0,2,8,1,1,,4,CROIZAT(RUE),0,,2,2,0,1,0,0,1,, -1,1,0,1,50,9,12,1,974,97407,1,2,0,3,CROIZAT(RUE),-20.94185,55.28855,15,3,2
202100030720,146Â 848,A01,2,2,1,0,1,0,-1,-1, -1,-1,2021,23.0,1,2,15,0,3,1,1,,2,JAURES (BOULEVARD JEAN),0,,1,3,0,4,(1),(1),3,, -1,1,0,1,70,30,6,5,974,97411,2,9,0,6,JAURES (BOULEVARD JEAN),-20.89072,55.46571,1,2,1
202100037518,134Â 603,B01,1,1,2,9,1,-1,-1,0,0,-1,2021,38.0,2,2,0,2,3,0,1,,3,147.7,-1,,-1,1,0,1,1,800,3,, -1,1,0,1,80,30,5,1,28,28347,1,1,0,1,Le Cornet,48.839801,1.59394,19,2,2
202100040947,128Â 427,B01,1,1,1,1,2,6,-1,0,0,-1,2021,58.0,1,1,0,2,3,1,1,,4,RUE DE PRONY,0,,2,2,0,1,(1),(1),1,, -1,1,0,1,50,7,5,1,75,75117,2,2,0,3,RUE DE PRONY,48.882219,2.304524,14,2,2
202100023652,159Â 346,B01,1,1,2,3,1,0,0,0,0,-1,2021,48.0,2,2,0,2,4,1,1,,1,8,0,A,1,5,0,1,183,500,1,, -1,1,0,1,90,17,8,1,6,6027,1,1,0,2,A8 pk 183.500 NORD sens Nice - Frejus,43.663494,7.175574,20,2,2
202100010506,182Â 944,C01,1,1,1,0,1,0,-1,-1, -1,-1,2021,75.0,2,2,0,2,4,23,1,,2,RAUSKI,0,,2,2,0,1,40,134,1,, -1,1,0,1,50,28,10,1,64,64284,2,1,0,4,RAUSKI,43.26433,-0.38993,16,3,3
202100025586,155Â 943,A01,10,3,1,0,0,-1,-1,3,3,1,2021,63.0,1,1,0,1,1,9,1,,2,AMIRAUTE PORT BD CHARLES BONAPARTE,0,,2,3,0,1,(1),(1),1,, -1,1,0,1,50,4,8,5,201,201004,2,1,0,7,AMIRAUTE PORT BD CHARLES BONAPARTE,41.93142,8.7404,21,2,1
202100009891,184Â 016,A01,2,2,2,5,1,0,-1,-1, -1,-1,2021,36.0,3,2,6,2,7,1,3,,4,VICTOIRE (AVENUE DE LA),0,,2,2,0,2,0,0,1,, -1,1,0,1,50,31,10,1,974,97411,2,2,0,3,VICTOIRE (AVENUE DE LA),-20.87666,55.44819,12,4,2
202100021122,163Â 901,A01,2,2,2,0,1,8,-1,-1, -1,-1,2021,20.0,1,2,0,2,1,1,1,,3,7,0,,1,3,0,1,0,0,1,, -1,1,0,1,50,3,9,5,92,92004,2,1,0,2,AULAGNIER ( QUAI ),48.91745,2.31993,21,3,2
202100010708,182Â 584,A01,1,1,2,1,8,0,-1,-1, -1,-1,2021,17.0,1,1,0,2,3,26,3,,4,LEROY PLACE,0,,1,2,0,1,1,0,2,, -1,1,0,1,30,26,10,1,49,49007,2,5,0,3,LEROY PLACE,47.4647,-0.54883,10,2,2
202100002090,198Â 062,A01,2,2,2,5,1,-1,-1,0,0,-1,2021,88.0,2,2,0,2,2,1,1,,3,126,0,D,2,2,0,1,1,190,1,, -1,1,0,1,80,21,12,1,30,30336,1,2,0,3,D126,43.879993,4.62842,14,3,2
202100002847,196Â 690,B01,1,1,1,5,8,-1,-1,0,0,-1,2021,55.0,2,1,0,2,3,2,5,,3,7,-1,,2,2,0,1,14,700,3,, -1,1,0,1,80,15,12,3,45,45193,1,1,0,3,D7,47.762491,1.990995,17,2,2
202100031776,144Â 961,A01,1,1,1,0,2,6,-1,0,0,-1,2021,53.0,1,1,0,2,3,1,1,,3,25,-1,,2,2,0,2,6,300,4,, -1,1,0,1,80,30,6,1,34,34251,1,1,0,3,D25,43.774611,3.396728,8,2,2
202100053573,105Â 959,B01,1,1,1,0,2,0,-1,-1, -1,-1,2021,30.0,1,1,0,2,1,1,3,,3,LATTRE-DE-TASSIGNY (AVENUE DU MARECHAL),0,,2,5,0,1,0,0,1,, -1,1,0,1,50,25,1,1,87,87085,2,1,0,3,LATTRE-DE-TASSIGNY (AVENUE DU MARECHAL),45.82565,1.2702,14,2,2
202100001510,199Â 095,A01,10,3,1,0,0,-1,-1,1,3,1,2021,8.0,2,2,0,1,2,1,1,,4,ALLENDE (AVENUE SALVADOR),0,,-1,4,0,1,0,0,1,, -1,2,5,1,50,24,12,5,93,93031,2,1,1,6,ALLENDE (AVENUE SALVADOR),48.9561095866,2.3085474378,21,2,1
202100034167,140Â 688,A01,1,1,1,1,1,-1,-1,0,0,-1,2021,23.0,2,2,14,2,8,13,1,,3,15,0,,2,2,0,2,4,800,1,, -1,1,0,1,80,16,6,1,52,52278,1,1,1,3,D15,48.161935,4.944727,7,2,2
202100031176,146Â 006,A01,1,1,1,1,2,0,-1,-1, -1,-1,2021,16.0,1,1,0,2,1,26,6,,3,GARE (RUE DE LA),0,,-1,0,0,2,4,970,1,, -1,1,0,1,50,29,6,1,10,10343,2,3,0,3,RONSARD (RUE),48.268359,4.097391,12,2,2
202100043740,123Â 502,A01,3,2,2,5,8,-1,-1,-1, -1,-1,2021,20.0,2,2,0,2,6,15,1,,4,SIDOINE APPOLINAIRE                 (AV),0,,2,4,0,4,(1),(1),1,, -1,1,0,1,50,16,4,1,69,69389,2,9,0,2,SIDOINE APOLLINAIRE (AV),45.7688177014,4.7978925705,17,5,2
202100005569,191Â 846,A01,10,3,1,2,0,-1,-1,4,3,2,2021,15.0,3,1,0,1,1,26,1,,3,106,0,,2,2,0,1,0,0,1,, -1,1,6,1,50,30,11,1,92,92026,2,9,0,6,COLOMBES,48.900534,2.256344,8,2,1
202100036152,137Â 065,A01,1,1,1,5,1,-1,-1,0,0,-1,2021,81.0,0,2,0,2,1,2,1,,3,932,-1,,2,2,0,3,37,800,1,, -1,1,9,1,80,6,6,1,60,60291,1,2,1,2,D932,49.6657816302,3.0544481275,19,3,2
202100021336,163Â 516,B01,1,1,1,5,2,6,-1,0,0,-1,2021,36.0,1,1,0,2,3,1,1,,3,81,-1,D,2,2,0,1,8,800,1,, -1,1,0,1,80,1,9,1,201,201017,1,1,0,3,Route dÃ©partementale 81,42.0068800527,8.7470902228,18,2,2
202100000145,201Â 484,A01,1,1,2,5,1,-1,-1,-1,0,-1,2021,24.0,2,2,3,2,2,17,1,,1,AUTOROUTE A115,0,,3,4,0,1,5,0,1,, -1,1,0,1,90,30,12,3,95,95491,1,1,0,3, A115,49.0099891311,2.2311258316,0,4,2
202100051791,109Â 124,A01,1,1,2,0,2,6,-1,-1, -1,-1,2021,62.0,3,1,0,2,8,13,1,,4,TOURASSE,0,,3,4,0,1,0,0,1,, -1,1,0,1,50,11,2,1,64,64445,2,1,0,3,TOURASSE,43.31108,-0.36191,14,2,2
202100031973,144Â 595,A01,3,2,1,5,1,0,-1,-1, -1,-1,2021,19.0,2,2,0,2,1,26,1,,4,MADELEINE (QUAI DE LA MADELEINE),0,,2,2,0,1,(1),(1),1,, -1,1,0,1,50,27,6,5,45,45234,2,1,0,1,66 Quai de la Madeleine,47.89797,1.8789,2,6,2
202100052762,107Â 416,A01,1,1,1,5,1,8,-1,-1, -1,-1,2021,68.0,1,2,7,0,3,14,1,,4,PLAINE DES BOUCHERS (RUE DE LA),0,,2,4,1,1,0,0,1,, -1,2,0,3,50,29,1,1,67,67482,2,1,1,6,PLAINE DES BOUCHERS (RUE DE LA),48.568583,7.739116,11,1,1
202100019362,167Â 020,B01,1,1,2,5,2,0,-1,0,0,-1,2021,44.0,3,1,0,2,7,26,0,,3,HALTE (ROND-POINT),0,,1,1,0,2,9,699,1,, -1,1,0,1,50,12,9,1,6,6069,2,6,0,3,HALTE (ROND-POINT),43.641463,6.911282,10,2,2
202100003698,195Â 143,B01,1,1,2,1,2,0,-1,-1, -1,-1,2021,47.0,2,1,0,2,2,1,1,,4,ROGER BRUN (RUE),0,,1,1,0,1,0,0,1,, -1,1,0,1,50,9,12,1,13,13206,2,1,0,3,ROGER BRUN (RUE),43.285613113,5.3929885374,14,2,2
202100047796,116Â 319,A01,2,2,2,0,1,-1,-1,-1, -1,-1,2021,30.0,3,2,0,2,7,15,1,,4,TILLON (AVENUE CHARLES),0,,4,5,0,1,(1),(1),1,, -1,1,5,1,50,16,3,1,35,35238,2,2,0,3,TILLON (AVENUE CHARLES),48.124562,-1.70306,15,3,2
202100041524,127Â 389,A01,1,1,1,0,2,0,-1,0,0,-1,2021,41.0,1,1,0,2,7,16,1,,7,POURLIAT (ROND-POINT DU),0,,2,2,0,1,(1),(1),1,, -1,1,0,1,50,29,4,1,63,63032,2,6,0,3,POURLIAT (ROND-POINT DU),45.74789,3.09469,18,2,2
202100010253,183Â 376,B01,2,2,1,0,1,0,-1,-1, -1,-1,2021,26.0,-1,2,0,2,3,1,1,,1,AUTOROUTE A1,0,,3,4,0,1,4,0,1,, -1,2,0,1,50,29,10,3,93,93027,1,1,1,5,AUTOROUTE A1,48.9384,2.38807,18,4,3
202100010395,183Â 129,A01,1,1,1,3,1,-1,-1,0,0,-1,2021,74.0,1,5,8,0,1,13,1,,3,988,-1,,2,3,0,2,55,240,1,, -1,1,0,3,80,29,10,1,12,12131,1,1,0,6,D988,44.410478,2.637255,11,1,1
202100027800,152Â 021,A01,1,1,1,5,2,6,9,0,0,-1,2021,59.0,1,1,0,2,2,17,1,,3,933,0,,2,2,0,1,42,250,1,, -1,1,0,1,80,22,7,1,47,47034,1,1,0,3,Metairie Neuve,44.410666,0.12512,10,2,2
202100016076,172Â 911,C01,1,1,2,1,1,-1,-1,-1, -1,-1,2021,36.0,3,2,0,2,1,1,1,,4,DE LATTRE DE TASSIGNY               (PT),0,,4,6,1,1,(1),(1),1,, -1,1,1,1,50,28,9,1,69,69381,2,1,0,4,LATTRE DE TASSIGNY ( DE) (PT),45.77248,4.83862,8,4,4
202100055201,103Â 145,B01,1,1,1,0,1,0,-1,0,0,-1,2021,21.0,0,2,0,2,2,1,1,,4,ANGE ROUBAUD (RUE DE L'),0,,-1,2,0,1,0,1,1,, -1,1,0,1,50,12,1,1,5,5061,2,3,0,3,ANGE ROUBAUD (RUE DE L'),44.56862,6.08179,13,3,2
202100003582,195Â 351,A01,10,3,2,1,0,-1,-1,3,3,1,2021,32.0,3,2,0,1,2,1,1,,4,HALLER ALBIN (RUE),0,,2,2,0,1,(1),(1),1,, -1,7,0,1,50,9,12,4,86,86194,2,1,0,6,Rue Albin Haller,46.610899,0.339364,7,2,1
202100000044,201Â 680,D01,4,2,1,5,0,-1,-1,0,0,-1,2021,22.0,1,2,14,0,1,1,1,,2,,-1,,3,4,0,1,7,190,1,, -1,1,8,1,70,24,10,3,73,73179,1,1,0,4,N201,45.601635,5.892201,0,13,5
202100040894,128Â 532,B01,1,1,1,4,8,0,-1,-1, -1,-1,2021,36.0,1,1,0,2,1,1,5,,7,263,0,,2,3,1,1,1,200,1,, -1,2,0,1,30,4,5,2,67,67447,2,1,1,1,GENERAL DE GAULLE (ROUTE DU),48.60315,7.73821,20,2,2
202100039414,131Â 148,A01,10,3,2,0,0,-1,-1,9,3,1,2021,81.0,3,2,0,1,4,26,1,,4,SALVADOR ALLENDE (AVENUE),0,,2,2,0,1,(1),(1),1,, -1,1,0,1,50,18,5,1,972,97209,2,1,0,6,SALVADOR ALLENDE (AVENUE),14.61034,-61.04775,10,3,1
202100014632,175Â 560,A01,10,3,1,3,0,-1,-1,2,4,1,2021,53.0,1,0,0,1,1,5,3,,4,RUE SAINT CHARLES,0,,1,1,0,1,(1),(1),1,, -1,1,0,1,30,7,10,5,75,75115,2,1,0,6,RUE SAINT CHARLES,48.843724,2.282998,19,2,1
202100002855,196Â 677,B01,1,1,2,1,1,-1,-1,0,0,-1,2021,54.0,1,2,13,0,6,1,1,,3,6,0,D,2,2,0,1,13,420,1,, -1,7,0,1,80,13,12,2,30,30320,1,1,0,2,D6,44.114859,4.253168,7,2,2
202100002363,197Â 558,A01,1,1,2,0,8,-1,-1,-1, -1,-1,2021,46.0,1,0,0,2,1,1,3,,4,ALBERT THOMAS                       (CO),0,,1,2,3,1,(1),(1),1,, -1,1,0,6,50,17,12,1,69,69383,2,2,0,1,ALBERT THOMAS (CR),45.7444330685,4.8745749146,14,2,2
202100048111,115Â 754,B01,4,2,2,0,3,0,-1,-1, -1,-1,2021,2.0,2,2,0,2,4,1,1,,1,AUTOROUTE A86,0,,3,6,0,1,12,199,1,, -1,1,0,1,90,14,3,1,93,93039,1,1,0,2,AUTOROUTE A86,48.92834,2.33116,13,4,2
202100050766,110Â 937,A01,1,1,2,3,8,0,-1,0,0,-1,2021,53.0,1,1,0,0,0,25,5,,4,PLACE ETIENNE PERNET,0,,1,1,0,1,(1),(1),1,, -1,1,0,4,30,20,2,5,75,75115,2,1,0,7,PLACE ETIENNE PERNET,48.843002,2.292683,17,1,1
202100053291,106Â 476,A01,2,2,2,5,1,-1,-1,0,0,-1,2021,66.0,1,2,4,0,3,17,1,,1,4,-1,,3,4,0,4,236,600,1,, -1,2,2,1,130,30,1,1,55,55567,1,1,1,7,Autoroute A4,49.0886512552,5.1845169069,11,2,1
202100012272,179Â 789,A01,10,3,1,5,0,-1,-1,0,3,1,2021,52.0,3,5,1,1,1,9,1,,4,HUGO (AV. VICTOR),0,,1,4,0,1,1,0,2,, -1,2,9,1,50,18,10,5,93,93057,2,1,1,6,HUGO (AV. VICTOR),48.9097417007,2.5143249038,22,2,1
202100046845,118Â 043,B01,1,1,1,5,1,-1,-1,0,0,-1,2021,21.0,1,2,0,2,1,1,1,,3,4,-1,,2,2,0,1,77,920,1,, -1,1,0,1,80,25,3,2,4,4143,1,2,0,3,RD 4 / ch des buissonnades,43.884795,5.908413,18,4,2
202100020143,165Â 622,A01,2,2,2,5,1,-1,-1,0,0,-1,2021,66.0,2,2,0,0,9,9,1,,1,77,0,A,1,1,3,2,149,200,2,, -1,1,3,3,90,9,9,1,58,58303,1,1,0,7,Autoroute A77 Ã©changeur nÂ°33 sens NEVERS-PARIS,47.035693,3.145995,15,2,1
202100004581,193Â 586,A01,1,1,1,3,1,-1,-1,0,0,-1,2021,87.0,1,2,0,2,1,13,1,,3,37,-1,,2,2,0,1,4,(1),1,, -1,2,0,1,80,6,12,2,58,58046,1,1,1,1,dÃ©partementale 37,46.862678,3.663104,8,3,2
202100002043,198Â 141,A01,4,2,2,5,1,0,-1,0,0,-1,2021,38.0,2,2,2,0,3,21,1,,4,AVENUE DE L HIPPODROME,0,,2,2,0,1,(1),(1),1,, -1,1,0,1,50,19,12,5,75,75116,2,1,0,6,AVENUE DE L HIPPODROME,48.857901,2.251787,1,3,1
202100043578,123Â 774,A01,10,3,1,3,0,-1,-1,2,1,1,2021,70.0,3,2,0,1,8,26,1,,4,,-1,,2,2,0,1,(1),(1),1,, -1,1,0,1,30,19,4,1,56,56004,2,1,0,6,Rue des Palis,47.515788,-2.377167,11,2,1
202100046539,118Â 595,B01,1,1,1,1,2,6,-1,-1, -1,-1,2021,42.0,3,1,0,2,2,1,1,,4,ROLAND CORRAO (AV ),0,,2,2,0,1,1,0,1,, -1,1,0,1,50,26,3,1,13,13054,2,3,0,3,ROLAND CORRAO (AV ),43.42035,5.21952,7,3,3
202100053615,105Â 885,A01,2,1,1,1,2,6,-1,-1, -1,-1,2021,37.0,3,1,0,0,0,9,1,,4,VALENTINE (ROUTE DE LA),0,,2,2,0,1,6,100,1,, -1,1,0,1,50,26,1,1,13,13211,2,1,0,7,VALENTINE (ROUTE DE LA),43.289587,5.470668,15,1,1
202100025825,155Â 528,A01,1,1,1,0,8,-1,-1,0,0,-1,2021,48.0,1,1,0,2,1,0,1,,2,2,0,N,2,2,0,1,38,(1),1,, -1,1,0,1,50,1,8,1,971,97121,2,1,0,3,Rue de la Bataille Anse Guyonn,16.227193,-61.786286,10,2,2
202100046737,118Â 230,A01,1,1,1,4,2,8,-1,-1, -1,-1,2021,53.0,2,1,0,2,1,2,1,,3,20,0,,1,1,3,1,33,0,1,, -1,1,3,1,50,23,3,1,91,91433,1,9,0,2,R.D. 20,48.46213,2.17975,12,2,2
202100053647,105Â 838,B01,1,1,2,0,1,-1,-1,0,0,-1,2021,34.0,1,2,0,2,1,1,1,,3,3,-1,,2,2,0,1,(1),(1),1,, -1,1,0,1,50,27,1,1,74,74292,1,1,0,1,Rte de Sillingy,45.936676,5.997934,10,2,2
202100050602,111Â 238,A01,10,3,1,9,0,-1,-1,4,5,1,2021,37.0,1,2,0,1,1,1,0,,3,JEAN MERMOZ (NÂ°59 AU 185),0,,1,4,0,2,0,1,1,, -1,1,0,1,50,22,2,1,93,93059,2,1,0,6,JEAN MERMOZ (NÂ°59 AU 185),48.97115,2.36622,17,2,1
202100030784,146Â 738,B01,1,1,1,1,1,0,-1,-1, -1,-1,2021,48.0,2,2,1,2,4,23,1,,3,35,0,,2,2,0,2,0,0,1,, -1,1,0,1,50,1,7,1,91,91685,2,2,0,4,CHASSE (ROUTE),48.659733,2.306126,15,5,4
202100011298,181Â 541,B01,2,2,2,4,1,-1,-1,0,0,-1,2021,29.0,3,2,0,0,5,10,1,,3,145,0,C,2,2,0,2,0,800,1,, -1,1,0,1,50,25,10,1,38,38377,2,1,0,3,Route de Faverges,45.575217,5.481191,10,3,2
202100045058,121Â 189,A01,1,1,1,5,1,-1,-1,0,0,-1,2021,85.0,1,2,0,2,1,5,1,,3,17,0,,2,2,0,1,22,480,2,, -1,1,0,1,80,5,4,1,71,71397,1,1,0,1,D17,46.393196,4.630394,10,2,2
202100034665,139Â 759,A01,1,1,1,5,0,-1,-1,0,0,-1,2021,60.0,2,1,0,0,1,1,5,,3,48,0,D,2,2,0,2,22,200,1,, -1,1,0,1,80,13,6,1,29,29175,1,1,0,7,Le Venec,48.265955,-3.810207,18,1,1
202100032013,144Â 523,A01,1,1,1,5,2,6,-1,0,0,-1,2021,61.0,1,1,0,0,8,0,0,,3,42,-1,A,2,2,0,1,22,600,2,, -1,1,0,1,70,27,6,1,83,83019,1,1,0,7,Route de LÃ©oube,43.120282,6.296443,17,1,1
202100027089,153Â 296,C01,1,1,1,9,2,6,-1,0,0,-1,2021,30.0,3,1,0,2,4,23,1,,4,QUAI ANDRE CITROEN,0,,1,2,0,1,(1),(1),1,, -1,1,0,1,50,25,7,5,75,75115,2,1,0,4,QUAI ANDRE CITROEN,48.842861,2.274209,0,3,3
202100017390,170Â 549,A01,2,2,1,5,1,4,-1,-1,0,-1,2021,24.0,2,2,0,2,4,1,1,,2,RN 184,0,,3,4,0,1,5,800,1,, -1,1,0,1,90,22,9,1,95,95572,1,1,0,2,RN 184,49.0494,2.13892,11,3,2
202100000238,201Â 301,A01,1,1,1,0,1,8,-1,-1, -1,-1,2021,29.0,1,5,3,0,3,26,1,,2,RN2/091,0,,-1,1,0,2,(1),(1),3,, -1,1,9,1,30,13,11,1,974,97411,1,9,0,7,RN2/091,-20.8942,55.50242,15,1,1
202100013607,177Â 397,A01,10,3,2,0,0,-1,-1,3,3,1,2021,73.0,0,2,0,1,2,16,1,,4,RAVEL. BOULEVARD MAURICE,0,,2,3,3,1,0,0,3,, -1,1,4,1,50,12,10,1,76,76322,2,3,0,6,RAVEL. BOULEVARD MAURICE,49.40716,1.04518,16,2,1
202100034725,139Â 645,C01,1,1,2,5,1,-1,-1,-1,0,-1,2021,27.0,1,2,0,2,4,2,1,,1,AUTOROUTE A3,0,,3,8,0,1,15,500,1,, -1,1,0,1,90,13,6,1,95,95277,1,1,0,4,AUTOROUTE A3,48.9702428126,2.483022809,20,3,3
202100029118,149Â 703,B01,1,1,1,4,2,-1,-1,-1, -1,-1,2021,25.0,0,1,0,2,7,1,1,,4,ROYAL (PLACE),0,,1,2,0,1,(1),(1),1,, -1,2,0,1,50,13,7,5,51,51454,2,3,1,3,Place Royale,49.2553759355,4.0337352455,20,6,2
202100041803,126Â 885,A01,1,1,1,0,1,0,-1,-1, -1,-1,2021,23.0,2,2,0,2,3,18,1,,7,LITTORAL (CHEMIN DU),0,,1,2,0,2,0,0,1,, -1,1,0,1,50,30,4,5,13,13215,2,1,0,3,LITTORAL (CHEMIN DU),43.3475442079,5.3437609089,22,4,2
202100041585,127Â 270,A01,1,1,1,5,6,-1,-1,0,0,-1,2021,32.0,0,1,0,0,0,1,5,,4,24,0,D,2,2,0,1,(1),(1),1,, -1,1,0,1,50,3,5,1,62,62030,2,1,0,7,Rue Jules Lefebvre,50.139009,2.395036,10,1,1
202100002229,197Â 804,A01,1,1,1,5,2,0,-1,-1, -1,-1,2021,19.0,3,1,8,0,8,13,1,,4,FAVALE - COURS,0,,2,2,0,2,1,0,1,, -1,1,0,1,50,19,12,5,202,202033,2,1,0,6,FAVALE - COURS,42.69362,9.45054,1,1,1
202100022972,160Â 566,A01,1,1,1,0,1,-1,-1,0,0,-1,2021,53.0,1,2,13,4,0,0,1,,3,907,-1,,2,2,0,1,7,800,1,, -1,1,0,8,80,23,8,2,30,30122,1,1,0,1,voie ferrÃ©e en bordure d 907,43.891127,4.232923,6,2,2