Num_Acc,id_vehicule,num_veh,place,catu,sexe,trajet,secu1,secu2,secu3,locp,actp,etatp,year_acc,victim_age,senc,catv,obs,obsm,choc,manv,motor,occutc,catr,voie,v1,v2,circ,nbv,vosp,prof,pr,pr1,plan,lartpc,larrout,surf,infra,situ,vma,jour,mois,lum,dep,com,agg_,int,atm,col,adr,lat,long,hour,nb_victim,nb_vehicules
202100031118,146Â 119,B01,1,1,2,0,8,-1,-1,-1, -1,-1,2021,43.0,1,1,0,2,3,1,5,,4,AVE DE LA LIBERATION-CH. DE GAULLE,0,,3,2,2,1,(1),(1),1,, -1,1,0,4,50,1,7,1,33,33069,2,9,0,3,Avenue de la LibÃ©ration Charles de Gaulle,44.8680999447,-0.6077706964,16,2,2
202100016592,171Â 976,A01,1,1,1,1,1,-1,-1,0,0,-1,2021,28.0,1,2,3,0,3,1,1,,1,41S,-1,A,3,6,0,1,37,215,1,, -1,1,0,1,130,28,9,1,73,73151,1,1,0,6,A41 Ã  hauteur de l'aire des Marches,45.460528,6.01025,10,1,1
202100003067,196Â 278,B01,1,1,1,5,2,6,-1,-1, -1,-1,2021,67.0,2,1,1,2,8,2,1,,4,JULES COURMONT                      (QU),0,,3,6,3,1,(1),(1),1,, -1,1,0,1,30,13,12,5,69,69382,2,1,0,3,JULES COURMONT (Q),45.76269,4.83818,17,3,2
202100007268,188Â 765,B01,1,1,2,0,2,0,-1,-1, -1,-1,2021,41.0,0,1,0,2,1,1,5,,4,BRAY (RUE DE),0,,3,2,1,1,0,0,2,, -1,1,5,1,50,18,11,5,35,35051,2,6,0,3,BRAY (RUE DE),48.10885,-1.60873,7,2,2
202100005971,191Â 123,B01,1,1,1,0,8,0,-1,-1, -1,-1,2021,70.0,1,1,0,2,1,26,1,,4,HUGO (AVENUE VICTOR),0,,2,2,0,1,1,0,1,, -1,1,0,1,50,22,11,1,16,16102,2,1,0,2,HUGO (AVENUE VICTOR),45.6895962449,-0.3181153536,11,2,2
202100016988,171Â 255,B01,1,1,1,1,2,6,-1,-1, -1,-1,2021,52.0,1,1,0,2,8,2,1,,4,FELIX GOUIN AVENUE,0,,2,-1,0,1,1,0,1,, -1,1,0,1,50,23,9,1,13,13047,2,1,0,3,FELIX GOUIN AVENUE,43.5026654738,4.9858916294,16,2,2
202100028077,151Â 521,A01,1,1,1,0,1,0,-1,-1, -1,-1,2021,48.0,1,2,0,2,7,14,1,,2,104,0,,1,3,0,1,36,0,1,, -1,1,0,1,90,20,7,1,91,91174,1,1,0,3,RN 104,48.6112,2.4466,16,2,2
202100052613,107Â 676,A01,1,1,1,5,1,-1,-1,0,0,-1,2021,62.0,2,2,13,0,2,1,1,,3,765,0,D,2,2,0,4,24,250,2,, -1,2,0,3,80,5,2,1,29,29004,1,1,0,6,D765 - Rue du Moulin Rozhuel,47.936156,-3.72503,16,2,1
202100016044,172Â 975,B01,1,1,1,0,1,0,-1,-1, -1,-1,2021,37.0,1,1,0,2,7,3,1,,2,RN 104,0,,1,2,0,1,30,458,1,, -1,1,0,1,110,30,9,1,91,91573,1,1,0,5,RN 104,48.631643,2.506285,9,3,3
202100026629,154Â 109,B01,1,1,2,0,1,0,-1,-1, -1,-1,2021,25.0,2,2,0,2,6,11,1,,4,JENNER (TUNNEL),0,,3,3,3,2,0,0,1,, -1,1,1,1,50,24,7,1,76,76351,1,1,0,6,JENNER (TUNNEL),49.50265,0.13188,15,5,2
202100004612,193Â 528,A01,1,1,1,0,2,6,-1,-1, -1,-1,2021,41.0,1,1,0,0,8,0,1,,1,A502-Sens Aubagne vers Toulon par R.N.,0,,1,1,0,2,0,200,2,, -1,1,0,2,90,11,11,1,13,13005,1,1,0,7,A502-Sens Aubagne vers Toulon par R.N.,43.28252,5.57757,16,1,1
202100050353,111Â 696,A01,10,3,2,5,0,-1,-1,3,3,2,2021,18.0,1,2,0,1,1,16,1,,4,BRETAGNE (AVENUE DE),0,,2,1,0,1,0,0,1,, -1,1,0,1,30,24,2,1,13,13028,2,1,0,1,BRETAGNE (AVENUE DE),43.18702,5.6118,10,3,1
202100045751,119Â 972,B01,1,1,1,0,2,0,-1,0,0,-1,2021,44.0,2,1,0,2,7,1,1,,4,MALLET (RUE ALBERT),0,,2,2,0,1,(1),(1),1,, -1,1,0,1,50,31,3,2,63,63113,2,2,0,3,MALLET / Mallet,45.76388,3.09157,6,2,2
202100044504,122Â 153,A01,2,2,1,5,1,-1,-1,0,0,-1,2021,21.0,2,2,17,0,1,1,1,,3,77,0,D,2,2,0,1,32,372,2,, -1,1,0,3,70,11,4,3,82,82025,1,1,0,6,1096 route de montbartier,43.9598086807,1.3155562711,3,3,1
202100053241,106Â 561,B01,1,1,1,1,2,6,-1,0,0,-1,2021,46.0,1,1,0,2,0,1,1,,4,RUE CAULAINCOURT,0,,2,3,0,2,(1),(1),1,, -1,2,0,1,50,28,1,1,75,75118,2,1,0,3,RUE CAULAINCOURT,48.885118,2.330282,13,2,2
202100045502,120Â 405,B01,1,1,1,5,2,-1,-1,0,0,-1,2021,34.0,1,1,0,2,1,1,5,,7,,-1,,2,2,0,2,5,100,4,, -1,1,0,1,50,2,4,1,13,13015,2,2,0,1,avenue pierre de brossolette,43.457358,5.413079,12,2,2
202100028399,150Â 949,A01,1,1,1,5,2,6,9,0,0,-1,2021,57.0,2,1,4,0,1,1,1,,1,8,0,,3,3,0,1,42,900,1,, -1,1,0,1,-1,18,7,2,13,13110,1,1,0,7,Autoroute A8 PK042.900,43.477354,5.713266,18,1,1
202100028710,150Â 400,B01,1,1,1,5,2,6,-1,-1, -1,-1,2021,51.0,2,1,0,2,1,1,1,,3,72,0,,2,3,0,1,0,0,1,, -1,1,0,1,30,16,7,2,92,92040,2,3,0,3,EGALITE ( DE L'),48.8173092244,2.2612164119,21,2,2
202100005618,191Â 748,A01,1,1,1,5,8,0,-1,-1, -1,-1,2021,28.0,1,2,5,0,1,0,1,,1,A47,0,,1,4,0,1,14,125,1,, -1,2,3,1,90,29,11,3,42,42186,1,1,0,6,A47,45.54051,4.64292,5,2,1
202100047290,117Â 233,B01,1,1,2,5,0,-1,-1,0,0,-1,2021,15.0,1,1,0,2,8,16,5,,4,,-1,,2,2,0,2,(1),(1),1,, -1,1,0,1,50,21,3,1,2,2779,2,3,0,3,Rue du Fort,49.981723,3.639624,12,2,2
202100052386,108Â 072,B01,1,1,2,1,1,8,-1,-1, -1,-1,2021,45.0,1,2,0,2,8,1,1,,2,SECTION MARE-GAILLARD,0,,2,2,0,1,(1),(1),3,, -1,1,0,1,70,4,2,5,971,97113,2,1,0,4,SECTION MARE-GAILLARD,16.21762,-61.43711,22,4,3
202100017988,169Â 473,A01,10,3,1,0,0,-1,-1,3,3,1,2021,57.0,2,2,0,1,2,9,1,,3,REPUBLIQUE (AVENUE DE LA),0,,2,2,0,1,0,100,1,, -1,1,0,1,50,18,9,1,91,91191,2,1,0,6,REPUBLIQUE (AVENUE DE LA),48.72121,2.45024,12,2,1
202100015618,173Â 760,B01,1,1,1,9,8,0,-1,-1, -1,-1,2021,59.0,2,1,0,2,1,1,1,,4,RIVE NEUVE (QUAI DE),0,,2,4,0,1,0,0,1,, -1,1,0,1,50,1,10,1,13,13207,2,1,0,3,RIVE NEUVE (QUAI DE),43.29239,5.36638,14,3,2
202100034736,139Â 622,A01,1,1,1,4,8,-1,-1,-1, -1,-1,2021,22.0,1,0,0,2,8,1,3,,4,VILLEROY                            (R ),0,,1,1,2,1,(1),(1),1,, -1,1,0,1,50,12,6,2,69,69383,2,2,0,3,VILLEROY (R),45.754858673,4.8499465503,20,4,2
202100056176,101Â 475,A01,10,3,2,2,0,-1,-1,4,3,2,2021,7.0,1,1,0,1,2,17,1,,4,RUE DES PYRENEES,0,,2,2,0,1,(1),(1),1,, -1,1,8,1,30,5,1,5,75,75120,2,1,0,6,RUE DES PYRENEES,48.87388,2.386293,18,2,1
202100027975,151Â 699,A01,10,3,2,1,0,-1,-1,4,3,1,2021,60.0,2,2,0,1,1,16,1,,2,ALBERT 1ER (BD),0,,2,2,0,1,1,0,1,, -1,1,0,8,50,19,7,1,94,94052,2,9,0,6,Boulevard Albert 1er,48.83539,2.49377,19,2,1
202100032231,144Â 148,A01,1,1,1,1,1,0,-1,-1, -1,-1,2021,23.0,2,2,4,0,4,0,1,,1,AUTOROUTE A104,0,,3,6,0,1,3,0,2,, -1,2,0,1,90,25,6,3,93,93078,1,1,1,6,AUTOROUTE A104,48.96292,2.52255,22,1,1
202100013209,178Â 126,B01,1,1,1,0,1,-1,-1,-1, -1,-1,2021,45.0,3,2,0,2,7,1,1,,4,MARCEL SEMBAT                       (BD),0,,1,3,0,1,(1),(1),1,, -1,1,0,1,50,14,10,1,69,69259,2,1,0,3,MARCEL SEMBAT (BD),45.71566,4.88155,15,2,2
202100004365,193Â 955,A01,1,1,1,4,1,0,-1,-1, -1,-1,2021,21.0,1,5,0,0,4,1,1,,1,A50-Sens Marseille vers Aubagne,0,,1,3,0,1,9,970,1,, -1,1,0,3,90,7,12,1,13,13070,1,1,0,2,A50-Sens Marseille vers Aubagne,43.285674,5.513985,14,2,2
202100022695,161Â 044,B01,2,1,1,1,2,6,-1,-1, -1,-1,2021,44.0,1,1,0,2,1,3,1,,2,TUNNEL,0,,2,2,0,1,1,0,1,, -1,1,1,1,50,24,8,1,202,202033,2,1,0,5,TUNNEL,42.6907418346,9.4487142563,14,4,4
202100054749,103Â 936,A01,1,1,1,0,1,8,-1,-1, -1,-1,2021,33.0,1,2,0,2,1,2,1,,2,RN1 (ROUTE NATIONALE),0,,1,4,0,1,(1),(1),1,, -1,1,0,1,110,15,1,1,974,97416,1,1,0,2,RN1 (ROUTE NATIONALE),-21.31085,55.43502,12,3,2
202100026745,153Â 915,A01,2,2,1,5,0,-1,-1,0,0,-1,2021,20.0,1,5,0,0,1,1,1,,3,2,-1,,2,2,0,1,6,(1),1,, -1,1,0,3,50,30,7,5,988,98817,2,1,0,6,Route de la corniche/RPS2,-22.276995,166.573699,0,2,1
202100017291,170Â 744,A01,1,1,2,5,2,-1,-1,0,0,-1,2021,28.0,3,1,0,2,1,13,1,,2,101,-1,,2,2,0,1,(1),(1),3,, -1,1,0,1,40,23,9,5,987,98714,1,1,0,3,Matira,-16.535517,-151.746495,19,2,2
202100038747,132Â 356,A01,2,2,2,0,1,-1,-1,-1, -1,-1,2021,20.0,1,2,0,2,1,17,1,,4,SENECHAL (RUE ADRIEN),0,,2,2,0,2,(1),(1),2,, -1,1,0,1,30,22,5,1,51,51454,2,1,0,1,Rue Adrien SÃ©nÃ©chal,49.222755,4.015324,17,4,2
202100056060,101Â 681,A01,1,1,1,5,1,0,-1,-1, -1,-1,2021,86.0,2,2,4,0,2,1,1,,3,DRAGUIGNAN (ROUTE DE) - D2562-,0,,2,2,0,2,9,250,4,, -1,1,0,1,50,6,1,1,6,6069,1,1,0,7,DRAGUIGNAN (ROUTE DE) - D2562-,43.64232,6.908227,15,1,1
202100051703,109Â 274,B01,1,1,1,0,2,6,-1,-1, -1,-1,2021,69.0,2,1,0,2,1,1,1,,3,,0,,2,2,0,1,(1),(1),1,, -1,1,0,1,80,11,2,1,11,11069,1,2,0,3,MONTREAL -ROUTE DE -,43.21244,2.26532,17,2,2
202100018501,168Â 564,A01,1,1,1,2,2,6,-1,0,0,-1,2021,15.0,2,1,13,0,7,14,1,,3,910,0,D,2,2,0,1,7,975,2,, -1,1,0,8,70,16,9,1,33,33362,1,1,0,6,Lieu Dit le Canton,45.025296,-0.183124,15,1,1
202100014141,176Â 411,A01,10,3,2,3,0,-1,-1,3,3,1,2021,85.0,3,2,0,1,2,1,1,,4,ESTIENNE D'ORVES (AVENUE D'),0,,1,1,0,1,0,0,1,, -1,1,0,1,50,9,10,1,91,91326,2,1,0,6,ESTIENNE D'ORVES (AVENUE D'),48.69197,2.37726,10,2,1
202100030240,147Â 709,B01,1,1,1,9,8,0,-1,0,0,-1,2021,37.0,2,1,0,2,2,7,5,,4,BOULEVARD DES CAPUCINES,0,,2,0,3,1,(1),(1),1,, -1,1,0,6,30,6,7,1,75,75102,2,3,0,3,BOULEVARD DES CAPUCINES,48.870118,2.329078,15,2,2
202100041873,126Â 776,A01,1,1,1,1,2,-1,-1,-1, -1,-1,2021,58.0,2,1,0,0,8,1,5,,4,CHOULANS (DE)                       (CH),0,,2,4,0,2,(1),(1),2,, -1,2,0,1,50,30,4,1,69,69385,2,1,0,7,CHOULAND (DE) (MO),45.7519837471,4.8170596361,16,1,1
202100032756,143Â 223,B01,1,1,1,5,2,-1,-1,0,0,-1,2021,68.0,1,1,0,2,4,1,5,,3,32,0,D,2,2,0,1,2,6,1,, -1,1,0,1,80,23,6,1,25,25015,1,1,0,2,plaine d'AMANCEY,47.035663,6.07501,10,2,2
202100027101,153Â 270,A01,7,2,2,5,1,-1,-1,0,0,-1,2021,38.0,1,2,3,2,1,0,1,,1,7,-1,,3,3,0,1,110,750,1,, -1,1,0,1,130,26,7,1,26,26339,1,1,0,2,Autoroute du soleil,44.595235,4.797689,7,5,2
202100015114,174Â 692,B01,1,1,2,9,8,0,-1,0,0,-1,2021,33.0,2,1,0,2,2,1,5,,4,RUE DE MONTREUIL,0,,1,0,0,2,(1),(1),1,, -1,2,0,1,30,5,10,1,75,75111,2,3,1,3,RUE DE MONTREUIL,48.850412,2.391922,9,2,2
202100007752,187Â 897,B01,2,2,1,5,8,-1,-1,-1, -1,-1,2021,14.0,1,0,0,2,7,26,3,,4,PROFESSEUR TAVERNIER (DU)           (R ),0,,2,2,0,1,(1),(1),1,, -1,1,0,4,50,16,11,5,69,69388,2,3,0,3,PROFESSEUR TAVERNIER (DU) (R),45.7289338511,4.8667126894,17,3,2
202100009146,185Â 362,B01,2,2,2,5,2,-1,-1,0,0,-1,2021,61.0,2,1,0,2,5,2,1,,7,65,-1,,2,2,0,1,27,200,1,, -1,1,0,1,50,7,11,1,76,76436,2,1,0,3,1525 Route du Manoir,49.412617,0.864382,16,3,2
202100030962,146Â 411,A01,3,2,2,9,1,0,-1,-1, -1,-1,2021,63.0,1,2,4,0,8,2,1,,1,A13,0,,3,4,0,1,21,700,1,, -1,2,0,1,110,4,7,2,78,78133,1,1,1,6,A13,48.893417,2.008204,6,3,1
202100050513,111Â 408,A01,1,1,1,5,2,-1,-1,0,0,-1,2021,12.0,3,1,0,2,1,1,5,,4,,-1,,2,2,0,2,(1),(1),1,, -1,1,0,1,50,23,2,1,68,68073,2,3,0,1,11 Rue des PrÃ©s (Pont),47.805409,6.935983,13,2,2
202100043131,124Â 578,A01,10,3,1,5,0,-1,-1,3,3,1,2021,11.0,1,2,0,1,1,1,1,,7,ST CYR (DE)                         (R ),0,,2,2,0,1,2,800,1,, -1,1,0,1,50,21,4,1,69,69389,2,3,0,6,SAINT-CYR (DE) (R),45.80102,4.82004,16,2,1
202100053875,105Â 445,A01,1,1,1,0,0,-1,-1,0,0,-1,2021,46.0,2,2,0,2,1,11,1,,2,149,0,,2,2,0,1,23,375,1,,"6,8",2,0,1,80,24,1,2,79,79080,1,1,0,1,Le Moulin de Sunay,46.704218,-0.283542,18,3,2
202100001108,199Â 790,B01,1,1,1,3,2,-1,-1,0,0,-1,2021,18.0,3,1,0,2,1,1,1,,3,RD77,-1,,2,2,0,1,(1),(1),1,, -1,1,0,1,50,30,12,1,24,24551,2,1,0,3,rue pierre semard,45.415582,0.918319,15,2,2
202100046329,118Â 957,A01,1,1,2,0,1,8,-1,-1, -1,-1,2021,30.0,1,2,15,0,7,1,1,,2,JAURES (BOULEVARD JEAN),0,,1,3,0,1,0,0,1,, -1,2,0,1,90,27,3,5,974,97411,1,1,1,7,JAURES (BOULEVARD JEAN),-20.88991,55.46313,18,1,1
202100051944,108Â 857,B01,1,1,2,9,1,0,-1,-1, -1,-1,2021,47.0,0,2,0,0,4,0,1,,3,985,0,,1,3,0,1,1000,0,1,, -1,5,0,1,50,10,2,2,92,92073,2,1,1,2,SELLIER (BOULEVARD HENRI),48.86808,2.22478,7,2,2
202100040940,128Â 442,B01,1,1,1,4,1,0,-1,-1, -1,-1,2021,44.0,3,5,0,2,6,1,1,,4,JEAN GIONO (AVE),0,,2,2,0,2,1,0,1,, -1,1,0,1,50,6,5,1,13,13075,2,1,0,2,JEAN GIONO (AVE),43.34,5.45,11,2,2
202100013513,177Â 574,A01,10,3,2,0,8,8,-1,3,3,1,2021,17.0,3,1,0,1,1,17,1,,4,JACQUES LOEB (AVENUE DE L'INTERNE),0,,2,2,0,1,0,0,1,, -1,1,0,1,50,12,10,1,64,64102,2,1,0,6,JACQUES LOEB (AVENUE DE L'INTERNE),43.480756,-1.48304,7,2,1
202100047071,117Â 631,B01,1,1,2,5,1,-1,-1,0,0,-1,2021,67.0,1,2,0,2,8,1,1,,3,83,-1,,2,2,0,1,37,900,1,, -1,1,0,1,80,22,3,1,86,86285,1,2,0,3,D13,46.413245,0.628538,17,2,2
202100036428,136Â 593,A01,1,1,2,5,1,8,-1,-1, -1,-1,2021,22.0,3,2,12,0,1,16,1,,4,POMPIDOU (AVENUE GEORGES),0,,2,2,0,1,(1),(1),3,, -1,1,5,4,50,4,6,2,37,37233,2,6,0,7,POMPIDOU (AVENUE GEORGES),47.3781669835,0.7148140669,20,1,1
202100011553,181Â 068,A01,10,3,1,5,0,-1,-1,8,1,2,2021,78.0,0,1,0,1,1,1,3,,4,BOISGUILBERT. QUAI DE,0,,1,1,0,1,0,0,1,, -1,1,0,1,30,22,10,1,76,76540,2,1,0,6,BOISGUILBERT. QUAI DE,49.44207,1.07762,15,4,1
202100043142,124Â 557,A01,10,3,1,5,0,-1,-1,3,3,1,2021,72.0,0,2,0,1,1,1,1,,4,EUROPE (AVENUE DE L'),0,,1,1,0,1,(1),(1),1,, -1,1,0,1,50,19,4,1,78,78640,2,2,0,6,EUROPE (AVENUE DE L'),48.77993,2.217,11,2,1
202100044982,121Â 326,A01,2,2,1,0,1,0,-1,-1, -1,-1,2021,65.0,1,2,0,2,8,1,1,,3,RESISTANCE (RUE DE LA),0,,1,2,0,1,0,1,1,, -1,1,0,1,50,6,4,5,93,93073,2,1,0,3,RESISTANCE (RUE DE LA),48.94958,2.56528,21,3,2
202100010492,182Â 968,A01,1,1,1,5,2,0,-1,-1, -1,-1,2021,56.0,2,1,0,2,1,2,5,,4,BEAUBOURG (BOULEVARD DE),0,,2,2,0,1,0,0,1,, -1,1,0,1,50,28,10,1,77,77169,2,1,0,2,BEAUBOURG (BOULEVARD DE),48.81695,2.61688,15,2,2
202100054180,104Â 899,A01,10,3,2,2,0,-1,-1,0,3,1,2021,57.0,1,2,0,1,0,6,1,,3,EBOUE (ROCADE FELIX),0,,2,2,0,1,1,500,1,, -1,1,0,8,50,21,1,2,973,97302,2,1,0,6,EBOUE (ROCADE FELIX),4.92816,-52.31734,17,2,1
202100006373,190Â 405,A01,1,1,1,4,1,-1,-1,-1,0,-1,2021,36.0,1,2,0,2,1,1,1,,2,RN 104,0,,3,4,0,1,12,899,1,, -1,1,0,1,90,25,11,1,95,95682,1,1,0,4,RN 104,49.068357,2.390733,15,3,3
202100006028,191Â 017,A01,1,1,1,0,0,-1,-1,0,0,-1,2021,46.0,1,2,6,0,1,1,1,,7,132,0,D,2,2,0,1,1,375,4,, -1,1,0,3,80,28,11,3,34,34270,2,1,0,6,D132E2,43.587356,3.832118,1,1,1
202100015419,174Â 144,A01,1,1,1,5,2,-1,-1,0,0,-1,2021,19.0,2,1,0,2,1,1,1,,3,,-1,,2,2,0,1,3,8,1,,6,2,0,1,-1,3,10,1,66,66065,1,3,1,3,route de perpignan,42.610997,2.961137,17,2,2
202100055322,102Â 942,Z01,10,3,1,9,0,-1,-1,3,3,1,2021,47.0,3,2,1,1,1,1,1,,4,,0,,2,2,0,1,(1),(1),1,, -1,1,0,1,50,12,1,1,34,34172,2,3,0,6,SAINT CLEMENT (AVENUE),43.616919,3.84624,12,3,2
202100014792,175Â 270,A01,1,1,1,0,0,-1,-1,-1, -1,-1,2021,28.0,3,1,0,2,1,19,0,,4,GHESQUIERE RUE DE,0,,4,3,0,1,(1),(1),1,, -1,1,5,1,50,18,9,5,59,59360,2,3,0,3,GHESQUIERE RUE DE,50.6073801856,3.0305421352,22,2,2
202100049526,113Â 230,A01,10,3,1,5,0,-1,-1,4,3,1,2021,99.0,1,5,0,1,5,16,1,,4,RUE DAUMIER,0,,1,1,0,1,(1),(1),1,, -1,1,0,1,50,1,3,1,75,75116,2,2,0,6,RUE DAUMIER,48.839569,2.263335,9,2,1
202100000737,200Â 396,A01,10,3,1,0,0,-1,-1,1,1,1,2021,88.0,3,2,0,1,2,1,1,,4,RUE DE LA SURE,0,,2,2,0,1,(1),(1),1,, -1,1,0,1,50,23,12,1,38,38169,2,3,0,2,RUE DE LA SURE,45.20324,5.68537,15,2,1
202100044969,121Â 350,B01,1,1,1,5,2,6,-1,0,0,-1,2021,45.0,1,1,0,2,3,17,1,,4,,0,,2,2,0,1,0,1,1,, -1,1,0,1,50,3,4,1,5,5061,2,1,0,3,SILOS ( RUE DES ),44.56788,6.09522,10,3,2
202100032871,143Â 011,A01,10,3,1,0,0,-1,-1,8,1,1,2021,10.0,2,2,0,1,2,26,0,,9,PERI (RUE GABRIEL),0,,1,1,3,1,(1),(1),1,, -1,1,9,8,-1,21,6,1,54,54159,2,1,0,6,PERI (RUE GABRIEL),48.62354,6.34856,13,2,1
202100049511,113Â 251,B01,10,3,2,0,0,-1,-1,5,9,1,2021,65.0,2,2,8,1,7,1,1,,4,LYON (RUE DE),0,,2,2,0,1,(1),(1),1,, -1,1,0,1,50,2,3,1,13,13215,2,1,0,6,LYON (RUE DE),43.3274,5.3662,13,3,2
202100004195,194Â 255,B01,1,1,1,4,1,-1,-1,-1, -1,-1,2021,25.0,2,4,0,2,1,2,1,,1,,0,,3,4,0,1,9,750,1,, -1,2,0,1,130,8,12,1,33,33122,1,1,1,5,,44.73273,-0.72242,14,3,3
202100035104,138Â 952,A01,2,2,1,9,0,-1,-1,0,0,-1,2021,24.0,1,2,2,0,1,1,1,,3,137,-1,,2,2,0,1,59,600,1,, -1,1,0,3,90,11,6,2,17,17387,1,1,0,6,CD 137,45.804437,-0.751812,6,2,1
202100041706,127Â 061,A01,1,1,1,4,1,-1,-1,0,0,-1,2021,35.0,2,4,0,2,1,2,1,,2,145,-1,,1,2,0,1,28,500,1,, -1,1,0,1,110,3,5,1,23,23082,1,1,0,2,N145,46.221044,1.693279,8,2,2
202100019342,167Â 055,A01,1,1,2,5,1,0,-1,-1, -1,-1,2021,66.0,1,2,1,0,8,1,1,,4,BOURGEOIS (BOULEVARD LEON),0,,2,2,0,1,(1),(1),1,, -1,1,0,1,50,12,9,1,35,35238,2,1,0,6,BOURGEOIS (BOULEVARD LEON),48.0990371449,-1.6532446945,17,1,1
202100006845,189Â 547,B01,1,1,1,1,1,-1,-1,0,0,-1,2021,52.0,2,2,13,2,9,17,1,,3,917,-1,,2,2,0,1,53,400,1,, -1,1,0,1,80,22,11,1,41,41102,1,1,0,3,D 917,47.763351,0.936605,8,3,2
202100048331,115Â 362,B01,1,1,1,3,2,6,-1,0,0,-1,2021,58.0,2,1,0,2,3,15,1,,3,28,-1,,2,2,0,4,26,100,1,, -1,1,0,1,80,10,3,1,18,18087,1,3,0,3,la blanchisserie,46.884626,2.535642,10,4,2
202100011147,181Â 807,B01,1,1,2,4,1,-1,-1,0,0,-1,2021,39.0,1,2,0,2,1,1,1,,3,654,0,,2,2,0,2,76,500,1,, -1,1,0,1,80,25,10,1,32,32160,1,1,0,2,Le Haillau du Haut,43.624341,1.071301,15,3,2
202100025474,156Â 133,B01,1,1,1,5,2,6,-1,-1, -1,-1,2021,16.0,1,1,0,2,1,19,1,,4,Jean CHARCOT (Rue),0,,2,2,0,1,(1),(1),1,, -1,2,0,1,50,5,8,5,7,7102,2,2,0,3,Jean CHARCOT (Rue),44.93643,4.86859,3,3,2
202100003116,196Â 195,A01,10,3,2,0,0,-1,-1,4,3,1,2021,55.0,0,2,0,1,3,15,1,,4,CAQUE (RUE),0,,1,1,0,1,(1),(1),1,, -1,2,0,1,30,13,12,4,51,51454,2,2,1,7,Rue CaquÃ©,49.2547,4.02281,7,2,1
202100022914,160Â 663,A01,10,3,1,0,0,-1,-1,0,1,1,2021,21.0,2,2,8,1,1,15,1,,4,RUE DE LEYBARDIE,0,,2,2,0,1,(1),(1),1,, -1,1,5,1,30,21,8,5,33,33063,2,2,0,6,Rue de Leybardie,44.86243,-0.56716,5,2,1
202100041344,127Â 707,A01,1,1,1,0,2,6,-1,0,0,-1,2021,17.0,1,1,0,2,3,1,1,,3,81,-1,,2,2,0,2,13,200,4,, -1,1,0,1,80,5,5,1,201,201048,1,1,1,3,RD 81,42.022407,8.741963,12,2,2
202100000347,201Â 093,A01,1,1,2,0,1,-1,-1,-1, -1,-1,2021,26.0,2,2,0,2,2,1,1,,4,MARECHAL DE SAXE                    (AV),0,,1,1,3,1,(1),(1),1,, -1,1,0,1,50,23,9,2,69,69383,2,2,0,5,MARECHAL DE SAXE (AV),45.76268,4.84514,7,2,2
202100023779,159Â 116,A01,1,1,1,5,1,-1,-1,0,0,-1,2021,55.0,2,2,13,0,1,1,1,,3,63,0,D,2,2,0,1,16,100,1,, -1,1,0,3,80,17,8,1,29,29134,1,1,0,6,D63,48.093832,-4.212699,15,4,1
202100033385,142Â 092,B01,2,2,2,5,1,0,-1,-1, -1,-1,2021,78.0,3,2,0,2,6,1,1,,2,11 - RT,0,,1,2,0,3,1,0,1,, -1,1,3,1,90,19,6,5,202,202120,1,1,0,2,11 - RT,42.637,9.43723,22,8,2
202100032693,143Â 331,A01,1,1,1,1,2,6,-1,0,0,-1,2021,48.0,1,1,0,2,2,3,1,,4,BOULEVARD PERIPHERIQUE,0,,1,4,0,1,0,400,1,, -1,1,0,1,70,23,6,1,75,75113,2,1,0,3,BOULEVARD PERIPHERIQUE,48.825357,2.385388,7,2,2
202100033713,141Â 503,A01,1,1,1,5,2,6,-1,0,0,-1,2021,23.0,1,1,9,0,1,6,1,,3,1003,-1,,2,2,0,1,20,550,1,, -1,1,0,1,50,19,6,5,2,2292,2,6,0,6,Avenue Ernest Couvrecelle,49.037731,3.412119,3,1,1
202100038605,132Â 631,B01,1,1,1,5,8,0,-1,-1, -1,-1,2021,53.0,2,0,0,2,1,1,0,,4,CROIX DE PIVORT (DE LA)             (CH),0,,2,4,1,2,(1),(1),1,, -1,1,0,4,50,23,5,1,69,69202,2,1,0,3,CROIX DE PIVORT (DE LA) (CHM),45.73045,4.80549,17,2,2
202100016937,171Â 349,B01,1,1,2,0,2,-1,-1,-1, -1,-1,2021,58.0,1,1,0,2,1,1,1,,4,QUAI CARRIET,0,,3,4,0,1,(1),(1),1,, -1,1,0,1,50,24,9,1,33,33249,2,2,0,3,Quai Carriet,44.88539,-0.5299,8,2,2
202100018982,167Â 703,A01,1,1,1,9,2,0,-1,0,0,-1,2021,26.0,2,1,0,2,9,1,1,,4,BOULEVARD PONIATOWSKI,0,,3,2,0,1,(1),(1),1,, -1,1,0,1,50,13,9,5,75,75112,2,1,0,4,BOULEVARD PONIATOWSKI,48.830712,2.395276,0,6,3
202100036046,137Â 254,A01,1,1,1,0,2,0,-1,-1, -1,-1,2021,42.0,1,1,0,2,1,2,1,,3,RD 41 (ROCADE),0,,2,5,0,2,4,300,1,, -1,1,0,1,60,5,6,1,972,97209,1,1,0,2,RD 41 (ROCADE),14.61569,-61.07544,18,2,2