Num_Acc,id_vehicule,num_veh,place,catu,sexe,trajet,secu1,secu2,secu3,locp,actp,etatp,year_acc,victim_age,senc,catv,obs,obsm,choc,manv,motor,occutc,catr,voie,v1,v2,circ,nbv,vosp,prof,pr,pr1,plan,lartpc,larrout,surf,infra,situ,vma,jour,mois,lum,dep,com,agg_,int,atm,col,adr,lat,long,hour,nb_victim,nb_vehicules
202100024826,157Â 281,A01,1,1,2,5,2,-1,-1,0,0,-1,2021,71.0,1,0,0,0,0,11,3,,3,,-1,,2,2,0,3,(1),(1),1,,4,1,0,1,50,11,8,1,14,14047,2,3,0,7,D96,49.275827,-0.719819,19,1,1
202100053311,106Â 435,B01,1,1,1,0,1,0,-1,-1, -1,-1,2021,33.0,2,2,0,2,5,2,1,,1,AUTOROUTE A1,0,,3,8,0,1,9,0,1,, -1,2,0,1,110,29,1,2,93,93007,1,1,0,5,AUTOROUTE A1,48.94353,2.43538,7,3,3
202100027331,152Â 868,B01,1,1,2,0,2,0,-1,-1, -1,-1,2021,22.0,3,1,0,2,1,15,1,,4,ROGER PERRIAUD (PLACE),0,,-1,7,0,1,0,0,1,, -1,1,0,1,30,23,7,1,91,91549,2,6,0,1,ROGER PERRIAUD (PLACE),48.64092,2.32604,9,2,2
202100030633,147Â 002,A01,1,1,1,1,2,6,9,0,0,-1,2021,34.0,2,1,3,2,1,17,1,,3,952,0,,2,2,0,1,108,281,1,, -1,1,0,1,80,6,7,1,49,49374,1,4,0,3,Route de Tours,47.251381,-0.026168,8,2,2
202100013409,177Â 765,A01,1,1,1,0,2,6,-1,-1, -1,-1,2021,65.0,3,1,0,2,3,26,1,,4,JEAN JAURES (AV),0,,2,2,0,1,0,0,1,, -1,1,5,1,50,13,10,1,93,93079,2,2,1,1,JEAN JAURES (AV),48.9645063815,2.3441771744,15,2,2
202100021908,162Â 468,A01,1,1,1,1,1,8,-1,0,0,-1,2021,28.0,2,2,16,2,1,3,1,,3,passamanty-VahibÃ© ( route ),0,,3,2,0,2,0,0,4,, -1,1,0,1,50,29,8,1,976,97611,2,1,0,6,passamanty-VahibÃ© ( route ),-12.801,45.20891,14,2,1
202100017465,170Â 406,A01,1,1,2,9,2,6,-1,-1, -1,-1,2021,29.0,2,1,0,2,1,18,1,,3,UZES (ROUTE D'),0,,2,2,0,1,1,290,1,, -1,1,0,1,50,22,9,2,30,30007,2,3,0,3,UZES (ROUTE D'),44.10962,4.11243,19,2,2
202100001817,198Â 550,A01,1,1,1,1,1,-1,-1,0,0,-1,2021,18.0,2,2,0,9,9,17,1,,3,923,-1,D,2,2,0,1,27,0,3,, -1,7,0,1,80,22,12,1,60,60367,1,1,0,3,D923,49.260985,1.909046,14,2,2
202100042818,125Â 125,B01,1,1,1,4,8,0,-1,-1, -1,-1,2021,41.0,2,1,0,2,7,12,1,,3,7,0,,-1,4,0,1,0,0,1,, -1,1,0,1,50,23,4,2,91,91027,2,1,0,3,AV FRANCOIS MITTERRAND,48.70238,2.37169,21,2,2
202100020727,164Â 577,A01,1,1,1,4,2,8,-1,-1, -1,-1,2021,25.0,1,1,0,2,1,2,1,,3,CARRIERES (QU DES),0,,2,2,0,2,0,375,1,, -1,1,0,1,30,5,9,1,94,94018,2,1,0,2,Quai des Carrieres,48.81793,2.417167,12,2,2
202100001297,199Â 446,B01,1,1,1,5,2,6,-1,0,0,-1,2021,20.0,2,1,0,2,1,1,1,,4,BOULEVARD DE LA VILLETTE,0,,1,1,1,1,(1),(1),1,, -1,2,0,1,30,26,12,1,75,75110,2,3,0,2,BOULEVARD DE LA VILLETTE,48.872563,2.376223,16,2,2
202100022938,160Â 621,B01,1,1,1,1,2,-1,-1,0,0,-1,2021,36.0,2,1,0,2,8,1,1,,3,123,0,,2,2,0,1,1,60,1,, -1,1,5,1,80,23,8,1,26,26139,1,2,0,1,Route de GÃ©nissieux,45.073127,5.112634,9,2,2
202100054245,104Â 792,A01,1,1,2,9,8,0,-1,0,0,-1,2021,37.0,2,1,0,2,1,17,5,,4,RUE SERVAN,0,,1,1,0,1,(1),(1),1,, -1,1,8,1,30,21,1,1,75,75111,2,3,0,3,RUE SERVAN,48.858709,2.384338,11,2,2
202100001284,199Â 467,B01,1,1,1,4,8,0,-1,-1, -1,-1,2021,27.0,1,1,0,2,1,26,1,,4,LARREY,0,,2,2,0,1,1,0,1,, -1,2,0,1,30,26,12,5,49,49007,2,2,0,3,LARREY,47.4786,-0.55621,21,2,2
202100010950,182Â 152,B01,1,1,1,0,2,0,-1,-1, -1,-1,2021,43.0,1,1,0,2,0,1,3,,4,,0,,2,2,0,1,0,0,1,, -1,1,0,1,50,26,10,1,92,92036,2,2,0,3,PORT CHARBONNIER (ROUTE DU),48.9377,2.2768,14,2,2
202100003202,196Â 046,A01,1,1,1,3,2,-1,-1,0,0,-1,2021,33.0,2,1,0,0,0,1,1,,2,RT4,-1,,2,2,0,1,3,900,2,, -1,1,0,3,40,13,12,1,987,98748,1,1,0,7,RT4 PK 03+900 TOAHOTU,-17.8515636081,-149.2589509115,13,1,1
202100040635,128Â 976,B01,2,2,1,0,8,0,-1,-1, -1,-1,2021,19.0,2,1,0,2,1,1,1,,4,HENRI BARBUSSE (AVENUE),0,,1,2,0,1,0,0,1,, -1,2,0,1,50,9,5,1,93,93007,2,5,0,3,HENRI BARBUSSE (AVENUE),48.9395414801,2.4618212874,19,5,2
202100009043,185Â 542,A01,1,1,2,1,1,8,-1,-1, -1,-1,2021,54.0,2,2,4,0,2,14,1,,7,Autoroute A.35,0,,3,3,0,1,308,399,1,, -1,1,0,1,90,6,11,1,67,67365,1,1,0,6,M35,48.53403,7.69944,11,1,1
202100031319,145Â 757,A01,10,3,1,5,0,-1,-1,9,5,2,2021,4.0,3,1,0,1,3,26,1,,9,ABYMES.(ESPLANADE DES),0,,-1,0,3,1,0,0,1,, -1,1,6,8,50,1,7,1,94,94028,2,1,0,6,ABYMES.(ESPLANADE DES),48.77349,2.45682,20,2,1
202100034027,140Â 940,B01,1,1,1,5,2,6,-1,-1, -1,-1,2021,52.0,2,1,0,2,1,23,1,,4,GUESDE (RUE JULES),0,,1,1,0,1,0,0,1,, -1,1,0,1,30,15,6,1,87,87085,2,1,0,2,GUESDE (RUE JULES),45.82948,1.26166,16,2,2
202100010587,182Â 804,B01,1,1,1,9,2,8,-1,-1, -1,-1,2021,39.0,3,1,0,2,2,0,1,,3,GIRARDOT RUE,0,,1,1,0,1,0,0,1,, -1,1,0,1,30,27,10,5,93,93006,2,1,0,3,GIRARDOT RUE,48.87333,2.4299,18,2,2
202100027884,151Â 871,A01,1,1,2,0,1,0,-1,-1, -1,-1,2021,46.0,2,2,1,0,2,1,1,,2,6,0,,3,4,0,1,2,400,1,, -1,1,0,3,90,20,7,3,91,91421,1,1,0,2,NATIONALE 6 (CES POMPIDOU),48.69984,2.44402,23,2,2
202100030243,147Â 706,A01,10,3,2,0,0,-1,-1,2,3,1,2021,61.0,2,4,0,1,1,1,1,,3,FONTAINEBLEAU (AV DE),0,,4,5,3,1,1,0,1,, -1,1,5,1,30,6,7,1,94,94043,2,1,0,6,Avenue de Fontainebleau,48.80862,2.36271,12,2,1
202100027114,153Â 249,B01,1,1,1,5,2,6,-1,0,0,-1,2021,59.0,1,1,0,2,8,1,1,,3,673,-1,,2,2,0,1,0,670,1,, -1,1,0,1,50,21,7,1,39,39526,2,3,1,3,1 Rue Nationale,47.038544,5.412848,19,2,2
202100051602,109Â 456,C01,2,2,2,0,1,0,-1,-1, -1,-1,2021,32.0,1,2,0,2,4,2,1,,3,NEUILLY (ROUTE),0,,2,3,1,2,0,1,1,, -1,1,0,1,50,13,2,5,93,93051,2,2,0,4,NEUILLY (ROUTE),48.84806,2.53887,19,5,4
202100034494,140Â 071,A01,1,1,1,1,2,-1,-1,0,0,-1,2021,36.0,1,1,8,0,1,1,1,,3,30,0,,2,2,0,2,0,100,1,, -1,1,0,3,50,14,6,1,9,9324,1,1,0,6,Route de Laborie,43.051329,1.640874,18,1,1
202100054993,103Â 513,B01,1,1,1,1,1,0,-1,-1, -1,-1,2021,23.0,1,2,1,0,2,2,1,,1,AUTOROUTE A6,0,,3,6,0,1,10,149,2,, -1,1,3,1,90,15,1,3,91,91689,1,1,0,7,AUTOROUTE A6,48.73789,2.31762,7,1,1
202100035951,137Â 422,B01,1,1,1,0,2,0,-1,-1, -1,-1,2021,26.0,1,1,0,2,1,0,1,,4,DAUMESNIL (AV),0,,2,3,0,1,1,0,1,, -1,1,0,1,50,6,6,2,94,94067,2,9,0,3,Avenue Daumesnil,48.834222,2.417011,21,2,2
202100011419,181Â 310,B01,1,1,1,9,2,0,-1,0,0,-1,2021,51.0,3,1,0,2,7,1,3,,4,RUE ORDENER,0,,2,2,0,1,(1),(1),1,, -1,1,0,1,30,23,10,1,75,75118,2,4,0,3,RUE ORDENER,48.89088,2.353246,16,2,2
202100030361,147Â 492,B01,1,1,1,0,8,0,-1,-1, -1,-1,2021,17.0,3,0,0,2,7,1,3,,3,SAINT NICOLAS (PLACE),0,,1,1,0,1,0,0,2,, -1,1,0,1,50,5,7,1,58,58194,2,6,0,1,SAINT NICOLAS (PLACE),46.98707,3.16155,20,2,2
202100015354,174Â 266,A01,1,1,1,4,2,6,-1,0,0,-1,2021,31.0,2,1,0,2,8,18,1,,4,PLACE DE LA PORTE DE BAGNOLET,0,,1,1,0,1,(1),(1),3,, -1,2,0,1,30,3,10,5,75,75120,2,7,1,3,PLACE DE LA PORTE DE BAGNOLET,48.864527,2.408727,2,2,2
202100007380,188Â 565,B01,1,1,1,5,2,-1,-1,0,0,-1,2021,61.0,1,1,0,2,8,1,5,,3,12,0,,2,2,0,1,3,0,1,, -1,1,0,1,50,19,11,1,38,38373,2,1,0,3,71 Route de Chartreuse,45.358833,5.558172,13,2,2
202100049955,112Â 457,B01,1,1,1,1,2,-1,-1,0,0,-1,2021,37.0,2,1,0,2,1,13,1,,2,2,-1,,2,2,0,1,14,300,3,, -1,2,0,1,80,27,2,2,973,97313,1,1,1,1,route de l'est PK 15,4.800378,-52.386053,18,4,2
202100008340,186Â 817,A01,1,1,2,5,1,5,-1,-1, -1,-1,2021,23.0,1,2,0,2,6,9,1,,2,186,0,,1,4,0,1,50,0,1,, -1,1,3,1,70,12,11,5,94,94065,2,9,0,2,N186,48.7547,2.34776,22,2,2
202100009406,184Â 887,B01,1,1,1,5,8,0,-1,-1, -1,-1,2021,13.0,3,1,0,2,1,19,5,,4,BATTERIE (RUE DE LA),0,,2,2,0,1,0,0,1,, -1,1,0,1,50,4,11,1,972,97209,2,1,1,3,BATTERIE (RUE DE LA),14.62795,-61.05492,15,2,2
202100010447,183Â 049,A01,1,1,1,0,1,-1,-1,0,0,-1,2021,75.0,1,2,2,0,1,1,1,,3,142,-1,,2,2,0,1,6,275,1,, -1,2,0,3,80,29,10,1,76,76385,1,1,0,7,Route de Pavilly,49.59889,0.94486,12,1,1
202100035212,138Â 760,A01,10,3,1,5,0,-1,-1,8,3,1,2021,1.0,3,1,9,0,1,21,1,,4,A.HENRI(RUE),0,,1,1,0,1,(1),(1),3,, -1,1,9,1,30,10,6,1,973,97302,2,1,0,6,A.HENRI(RUE),4.93383,-52.3339,17,2,1
202100049409,113Â 437,A01,10,3,2,9,0,-1,-1,3,A,2,2021,5.0,1,1,0,1,2,1,3,,4,RUE SAINT MAUR,0,,1,1,2,1,(1),(1),1,, -1,1,0,1,30,3,3,1,75,75111,2,3,0,6,RUE SAINT MAUR,48.867621,2.375623,8,2,1
202100041064,128Â 205,B01,1,1,2,0,8,0,-1,-1, -1,-1,2021,49.0,1,2,0,2,4,2,1,,4,CURIE (RUE MARIE),0,,2,1,0,1,0,0,1,, -1,1,0,1,50,3,5,1,91,91685,1,1,0,2,CURIE (RUE MARIE),48.663221,2.294778,17,2,2
202100018771,168Â 087,B01,1,1,1,1,2,8,-1,-1, -1,-1,2021,27.0,2,1,0,2,7,1,1,,7,VOIE DE LA LIBERTE,0,,3,4,0,1,47,764,1,, -1,1,5,1,50,15,9,1,35,35055,1,6,0,3,RD 173,48.07781,-1.6324,8,2,2
202100018019,169Â 417,B01,1,1,1,1,1,0,-1,0,0,-1,2021,45.0,2,2,0,2,4,23,2,,4,BOULEVARD MURAT,0,,2,4,0,1,(1),(1),1,, -1,2,0,1,30,19,9,5,75,75116,2,1,0,2,BOULEVARD MURAT,48.843704,2.256733,20,2,2
202100039085,131Â 770,A01,1,1,1,0,2,6,-1,-1, -1,-1,2021,15.0,2,1,0,2,1,1,0,,3,EUROPE L'  AV DE,0,,2,3,1,1,1,0,1,, -1,1,0,1,50,20,5,1,69,69264,2,1,0,2,EUROPE  (DE L') (AV),45.99203,4.74228,16,2,2
202100034685,139Â 726,B01,1,1,1,5,2,-1,-1,0,0,-1,2021,17.0,2,1,0,2,4,15,1,,3,28,-1,,2,2,0,1,17,150,1,, -1,1,0,1,80,10,6,1,37,37047,1,2,0,3,La Bigotiere,47.507602756,0.6728982229,19,2,2
202100046275,119Â 060,A01,1,1,1,5,0,-1,-1,0,0,-1,2021,31.0,1,1,0,0,0,1,1,,9,,-1,,-1,2,0,1,(1),(1),1,, -1,9,0,8,50,28,3,1,2,2032,1,1,0,7,Rue d'Haubenizel,49.778219,3.118921,16,1,1
202100023475,159Â 664,A01,1,1,1,5,2,-1,-1,0,0,-1,2021,47.0,1,1,0,2,1,1,5,,3,81,-1,,2,2,0,1,2,400,1,, -1,1,0,1,50,15,8,1,86,86174,2,2,0,3,Rue Ambroise Croizat,46.77329,0.482608,11,2,2
202100046606,118Â 462,A01,2,2,2,0,2,8,-1,-1, -1,-1,2021,24.0,3,1,0,4,7,19,1,,4,AVENUE BENOÃT FRACHON,0,,2,4,3,1,(1),(1),1,, -1,1,5,1,30,25,3,1,38,38421,2,2,0,3,Avenue Benoit Frachon,45.179,5.75532,11,3,2
202100032103,144Â 367,A01,2,2,1,5,1,5,-1,-1, -1,-1,2021,29.0,2,2,2,0,8,14,1,,3,FOSSE DEFENSIF - ROUTE,0,,2,2,0,2,1,0,2,, -1,2,5,3,70,26,6,5,59,59540,1,1,1,6,FOSSE DEFENSIF - ROUTE,51.03525,2.31986,3,2,1
202100052351,108Â 139,A01,2,2,2,5,1,-1,-1,0,0,-1,2021,46.0,1,2,3,0,9,1,1,,2,184,-1,,3,4,0,3,14,400,2,, -1,2,2,1,90,7,2,1,95,95678,1,1,1,6,RN 184,49.0729709882,2.2411252766,12,2,1
202100049450,113Â 374,B01,1,1,2,9,1,-1,-1,0,0,-1,2021,47.0,1,2,4,0,4,2,1,,1,71,0,A,3,6,0,1,385,500,1,, -1,1,0,1,110,3,3,2,63,63113,1,1,0,5,Autoroute A 71 PK 385+500,45.801281,3.148634,19,4,3
202100036439,136Â 572,B01,1,1,2,1,1,0,-1,-1, -1,-1,2021,57.0,3,2,0,2,6,2,1,,2,N 154 (ROCADE),0,,3,2,0,2,0,0,2,, -1,1,0,1,70,4,6,1,28,28332,1,1,0,3,N 154 (ROCADE),48.73063,1.39005,16,3,3
202100056485,100Â 934,A01,1,1,2,5,1,0,-1,-1, -1,-1,2021,48.0,2,2,0,0,4,1,1,,1,A13,0,,-1,3,0,1,6,599,1,, -1,1,0,1,110,2,1,1,92,92047,1,1,0,2,A13,48.835241057,2.1770575759,13,5,2
202100005985,191Â 099,A01,1,1,1,4,2,6,-1,-1, -1,-1,2021,19.0,1,1,0,2,1,17,1,,4,JULES GUESDE (RUE),0,,2,4,1,1,(1),(1),1,, -1,2,0,1,50,26,11,5,10,10387,2,1,1,2,JULES GUESDE (RUE),48.2929,4.082,20,2,2
202100038050,133Â 648,B01,1,1,1,1,0,0,-1,-1, -1,-1,2021,22.0,1,1,0,2,8,1,5,,3,AV DE FONTAINEBLEAU,0,,2,4,1,1,1,0,1,, -1,1,0,5,50,27,5,5,94,94043,2,1,0,3,FONTAINEBLEAU (AV DE),48.812,2.36138,21,2,2
202100043667,123Â 620,A01,10,3,1,3,8,8,-1,3,3,1,2021,75.0,1,1,0,1,1,16,1,,3,VERDUN (RUE DE) NÂ° PAIRS,0,,-1,0,0,1,1,0,3,, -1,1,6,1,30,17,4,1,92,92007,2,6,0,6,VERDUN (RUE DE) NÂ° PAIRS,48.8019870628,2.3167875409,11,2,1
202100007057,189Â 139,B01,1,1,1,9,1,8,-1,-1, -1,-1,2021,38.0,3,2,0,2,4,2,1,,3,BALLANGER (BD ROBERT),0,,3,4,0,1,0,0,1,, -1,2,0,1,50,20,11,1,93,93078,2,2,0,2,BALLANGER (BD ROBERT),48.96009,2.55304,9,2,2
202100032600,143Â 500,A01,1,1,1,0,1,-1,-1,0,0,-1,2021,20.0,1,2,0,2,1,1,1,,2,,-1,,-1,1,0,1,(1),(1),1,, -1,1,0,1,50,24,6,1,971,97134,2,1,0,1,Route du Bouchu,16.065139,-61.761099,19,2,2
202100024107,158Â 567,A01,10,3,2,3,0,-1,-1,4,3,1,2021,85.0,1,5,0,1,3,1,1,,4,BOULEVARD GAMBETTA,0,,2,2,0,1,(1),(1),1,, -1,1,0,1,50,14,8,1,38,38185,2,2,0,6,Boulevard Gambetta,45.189,5.72274,11,2,1
202100056294,101Â 272,A01,10,3,1,0,0,-1,-1,4,3,2,2021,6.0,1,5,0,1,1,1,1,,3,DIVISION LECLERC (AVENUE),0,,2,2,0,1,0,0,1,, -1,2,0,1,50,4,1,5,93,93007,2,1,1,6,DIVISION LECLERC (AVENUE),48.9443,2.46395,18,3,1
202100000392,201Â 003,B01,1,1,1,1,0,-1,-1,0,0,-1,2021,21.0,3,1,0,2,1,9,3,,4,MOULIN   AVENUE JEAN,0,,1,2,0,1,(1),(1),1,, -1,1,0,1,50,11,11,5,17,17300,2,6,0,3,MOULIN   AVENUE JEAN,46.13992,-1.1452,20,2,2
202100035172,138Â 839,B01,1,1,2,5,1,-1,-1,0,0,-1,2021,27.0,2,2,0,2,2,1,1,,3,67,0,,2,2,0,1,14,276,1,, -1,1,0,1,80,11,6,1,26,26096,1,2,0,4,Route de Saint Donat,45.073702,4.935367,19,9,4
202100043449,123Â 995,B01,1,1,2,1,1,-1,-1,-1, -1,-1,2021,41.0,2,5,0,2,7,1,1,,3,VUZUT ( CHEMIN DU),0,,2,2,0,1,24,200,1,, -1,1,5,1,80,19,4,1,29,29039,1,2,0,3,Carrefour D44 - Chemin du Vuzut,47.92075,-3.91728,16,2,2
202100049879,112Â 579,B01,1,1,1,0,2,0,-1,-1, -1,-1,2021,25.0,0,1,0,2,2,1,1,,4,DALBY ( BD ERNEST ),0,,2,2,0,1,0,0,1,, -1,1,0,1,30,24,2,1,44,44109,2,1,0,3,DALBY ( BD ERNEST ),47.22477,-1.52961,13,2,2
202100046221,119Â 151,A01,1,1,1,0,8,0,-1,-1, -1,-1,2021,19.0,1,0,0,0,0,16,0,,4,AV AUGUSTE RENOIR,0,,2,2,0,1,1,0,3,, -1,9,0,1,50,28,3,1,77,77390,2,6,0,7,AV AUGUSTE RENOIR,48.79475,2.65984,16,1,1
202100048371,115Â 293,B01,1,1,1,1,2,6,-1,-1, -1,-1,2021,55.0,2,1,0,2,3,1,1,,4,PAUL SANTY                          (AV),0,,3,2,3,1,(1),(1),1,, -1,1,0,1,50,11,3,1,69,69388,2,1,0,3,PAUL SANTY (AV),45.7297300666,4.8758409668,7,2,2
202100020029,165Â 823,A01,10,3,1,3,0,-1,-1,3,3,1,2021,37.0,1,2,0,1,1,1,1,,3,KENNEDY(Avenue John F.),0,,2,2,0,1,1,1,1,, -1,1,0,1,50,8,9,1,26,26198,2,1,1,6,Avenue John Fitzgerald Kennedy,44.55385,4.7433,18,2,1
202100024629,157Â 634,B01,1,1,1,1,2,0,-1,0,0,-1,2021,47.0,3,1,0,2,0,1,3,,4,QUAI D AUSTERLITZ,0,,2,4,1,1,(1),(1),1,, -1,1,0,5,50,11,8,1,75,75113,2,3,0,3,QUAI D AUSTERLITZ,48.837945,2.373266,6,2,2
202100006997,189Â 251,B01,3,2,1,0,1,-1,-1,-1, -1,-1,2021,10.0,2,2,0,2,7,13,1,,2,RTE NATIONALE 6,0,,1,2,0,1,6,300,1,, -1,1,0,1,50,20,11,1,91,91114,2,1,0,2,RTE NATIONALE 6,48.681774,2.492037,13,7,2
202100032324,143Â 980,A01,1,1,2,1,2,6,-1,0,0,-1,2021,23.0,1,1,0,2,3,3,1,,4,QUAI DE LA RAPEE,0,,3,4,0,1,(1),(1),1,, -1,1,0,1,50,25,6,1,75,75112,2,1,0,2,QUAI DE LA RAPEE,48.841883,2.3725,8,2,2
202100042604,125Â 469,A01,1,1,2,1,1,0,-1,0,0,-1,2021,23.0,2,2,4,0,2,14,1,,4,QUAI DE BERCY,0,,1,2,0,2,(1),(1),1,, -1,2,0,1,50,25,4,1,75,75112,2,4,0,6,QUAI DE BERCY,48.8279200848,2.3886382967,7,1,1
202100049569,113Â 153,A01,1,1,1,5,0,-1,-1,0,0,-1,2021,55.0,1,1,0,2,3,2,5,,3,2,0,,2,2,0,1,3,500,1,, -1,1,0,1,90,2,3,1,61,61234,1,1,0,3,Zone Industrielle de Montperthuis,48.450294,0.046603,13,2,2
202100014848,175Â 167,B01,4,2,2,5,1,0,-1,-1, -1,-1,2021,34.0,1,2,0,2,3,24,1,,4,COLONEL FABIEN (AV),0,,2,2,0,1,1,0,1,, -1,1,0,1,30,6,10,1,94,94081,2,1,0,3,Avenue du Colonel Fabien,48.7871,2.37651,16,3,2
202100038468,132Â 886,A01,1,1,1,0,2,-1,-1,0,0,-1,2021,18.0,0,1,1,0,1,0,1,,4,13,0,C,2,2,0,1,(1),(1),1,, -1,1,0,1,50,26,5,1,74,74262,2,1,0,2,1402 Rte de Bidaille,46.1141111,6.303234,17,2,2
202100055143,103Â 247,A01,1,1,1,9,1,0,-1,-1, -1,-1,2021,39.0,1,2,0,0,9,16,1,,1,104,0,,-1,1,0,2,25,149,3,, -1,1,0,1,50,13,1,4,77,77438,1,1,0,6,A104,48.8614277045,2.6672387494,21,1,1
202100003941,194Â 701,B01,1,1,1,1,2,6,-1,-1,0,-1,2021,38.0,1,1,0,2,1,3,1,,2,RN 104,0,,3,4,0,1,18,299,1,, -1,1,0,1,110,9,12,1,95,95241,1,1,0,2,RN 104,49.04637,2.45464,9,2,2
202100050249,111Â 899,A01,1,1,1,5,2,6,-1,0,0,-1,2021,69.0,3,1,0,2,1,19,1,,3,778,-1,,2,2,0,1,32,900,1,, -1,1,0,1,80,24,2,1,56,56157,1,2,0,3,Le petit Kerhorno,47.798335,-2.729314,11,2,2
202100003059,196Â 291,A01,1,1,2,1,2,8,-1,-1, -1,-1,2021,37.0,1,1,0,2,2,17,1,,3,ENTRE DEUX (CHEMIN) CD26,0,,2,2,0,1,26,0,1,, -1,1,0,1,70,13,12,1,974,97416,1,9,0,3,ENTRE DEUX (CHEMIN) CD26,-21.29303,55.44811,17,2,2
202100050522,111Â 389,A01,1,1,2,5,1,-1,-1,0,0,-1,2021,72.0,2,2,0,2,5,19,1,,3,951,0,,2,4,3,1,26,990,1,0,13,1,5,1,90,23,2,1,16,16016,1,2,0,3,,46.007119,0.640284,11,3,2
202100047468,116Â 915,B01,1,1,1,9,8,0,-1,-1, -1,-1,2021,20.0,2,1,0,2,1,1,1,,3,ENTRE DEUX (CHEMIN) CD26,0,,-1,2,0,1,(1),(1),1,, -1,1,0,1,70,17,3,3,974,97416,1,1,0,1,ENTRE DEUX (CHEMIN) CD26,-21.29855,55.43804,19,2,2
202100027500,152Â 572,A01,1,1,1,0,2,0,-1,-1, -1,-1,2021,39.0,2,1,0,2,1,1,1,,4,GEORGES GRATIANT (AVENUE),0,,2,2,0,2,(1),(1),1,, -1,1,0,1,30,22,7,1,972,97209,2,1,0,2,GEORGES GRATIANT (AVENUE),14.61249,-61.04083,12,2,2
202100005557,191Â 865,A01,2,2,2,1,1,8,-1,-1, -1,-1,2021,36.0,1,2,1,0,3,14,1,,4,TILLEULS (ALL DES),0,,2,2,0,1,1,0,1,, -1,1,0,1,50,30,11,1,94,94075,2,1,0,6,AllÃ©e des Tilleuls,48.72753,2.52558,8,2,1
202100044957,121Â 375,B01,1,1,2,1,1,0,-1,0,0,-1,2021,49.0,2,2,0,2,4,1,2,,2,L.A.C.R.A. (RN532),0,,3,4,0,1,9,964,1,, -1,1,0,1,110,6,4,1,26,26313,1,9,0,4,L.A.C.R.A. ,44.9846,4.97743,17,4,4
202100046063,119Â 413,A01,2,2,2,0,1,-1,-1,-1, -1,-1,2021,48.0,3,2,0,2,7,19,1,,4,PERRACHE                            (QU),0,,1,4,0,1,(1),(1),1,, -1,1,0,1,50,29,3,1,69,69382,2,2,0,3,PERRACHE (Q),45.7343381635,4.8181663753,13,3,2
202100019599,166Â 602,A01,7,2,1,5,0,-1,-1,0,0,-1,2021,9.0,2,4,0,0,0,0,1,,4,,-1,,2,2,0,1,(1),(1),1,,5,1,0,1,50,11,9,1,27,27358,2,1,0,7,19 Rue des Folies,49.036677,1.278684,17,2,1
202100047357,117Â 122,B01,1,1,1,0,2,0,-1,-1, -1,-1,2021,19.0,3,1,0,2,8,9,1,,4,RUE DE LOS HEROS,0,,2,0,0,1,(1),(1),1,, -1,1,0,1,30,19,3,1,33,33200,2,1,0,3,Rue de los Heros,44.87147,-0.67374,15,2,2
202100034274,140Â 477,A01,1,1,1,4,2,8,-1,-1, -1,-1,2021,43.0,3,1,0,2,2,17,0,,4,VALERY (BOULEVARD PAUL,0,,2,2,0,2,(1),(1),2,, -1,1,0,1,50,15,6,1,34,34172,2,1,0,3,VALERY (BOULEVARD PAUL),43.584861725,3.8631568104,9,2,2
202100014830,175Â 198,A01,10,3,1,5,0,-1,-1,8,A,2,2021,4.0,1,1,0,1,3,1,3,,4,RUE CLAUDE BERNARD,0,,1,1,1,2,(1),(1),1,, -1,2,8,5,30,5,10,1,75,75105,2,1,0,6,RUE CLAUDE BERNARD,48.840979,2.344242,17,2,1
202100003512,195Â 469,A01,10,3,1,2,0,-1,-1,3,3,1,2021,14.0,2,2,0,1,1,1,2,,4,SILOS ( RUE DES ),0,,2,2,0,1,0,1,1,, -1,2,0,1,50,9,12,1,5,5061,2,1,0,6,SILOS ( RUE DES ),44.56584,6.08695,14,3,1
202100004138,194Â 347,A01,10,3,2,5,8,8,-1,3,3,1,2021,24.0,1,5,0,1,7,19,1,,3,,0,,2,2,0,1,0,0,1,, -1,2,9,1,50,7,12,5,92,92023,2,1,1,6,CLAUDE TREBIGNAUD (AVENUE) BOIS S102,48.79137,2.25263,20,2,1
202100007562,188Â 226,B01,1,1,2,0,1,0,-1,-1, -1,-1,2021,55.0,0,2,0,2,6,15,1,,4,JAURES (BOULEVARD JEAN),0,,-1,2,0,2,0,0,2,, -1,1,0,1,30,17,11,5,974,97411,2,4,0,2,JAURES (BOULEVARD JEAN),-20.889848,55.452385,19,2,2
202100016625,171Â 917,B01,1,1,1,4,2,8,-1,-1, -1,-1,2021,23.0,1,1,0,2,1,1,1,,4,JEAN MERMOZ                         (AV),0,,2,2,0,1,(1),(1),1,, -1,1,0,1,50,26,9,1,69,69388,2,1,0,3,JEAN MERMOZ (AV),45.73517,4.87321,19,2,2
202100028691,150Â 435,A01,1,1,2,9,8,0,-1,0,0,-1,2021,25.0,2,1,0,2,5,2,5,,4,AVENUE DES CHAMPS ELYSEES,0,,2,8,3,1,(1),(1),1,, -1,1,0,1,50,16,7,1,75,75108,2,4,0,2,AVENUE DES CHAMPS ELYSEES,48.866006,2.319169,18,3,2
202100016359,172Â 393,B01,1,1,2,1,2,0,-1,0,0,-1,2021,31.0,1,1,0,2,4,19,5,,4,AVENUE COURTELINE,0,,2,6,0,1,(1),(1),1,, -1,2,0,1,30,27,9,5,75,75112,2,5,0,3,AVENUE COURTELINE,48.8440504325,2.413094995,7,2,2