Num_Acc,id_vehicule,num_veh,place,catu,sexe,trajet,secu1,secu2,secu3,locp,actp,etatp,year_acc,victim_age,senc,catv,obs,obsm,choc,manv,motor,occutc,catr,voie,v1,v2,circ,nbv,vosp,prof,pr,pr1,plan,lartpc,larrout,surf,infra,situ,vma,jour,mois,lum,dep,com,agg_,int,atm,col,adr,lat,long,hour,nb_victim,nb_vehicules
202100016994,171Â 245,A01,1,1,1,5,2,6,-1,-1, -1,-1,2021,35.0,3,1,0,2,1,0,1,,4,MENAFAURIES (CHEMIN DES),0,,2,2,0,1,(1),(1),1,, -1,1,0,1,50,23,9,1,7,7316,1,1,0,2,MENAFAURIES (CHEMIN DES),44.88404,4.83732,13,2,2
202100002277,197Â 714,B01,1,1,1,1,2,6,-1,-1, -1,-1,2021,49.0,1,1,0,2,7,0,1,,3,JEAN JAURES (R),0,,2,5,0,1,0,0,1,, -1,1,0,1,50,18,12,5,94,94046,2,1,0,3,Rue Jean JaurÃ¨s,48.79327,2.43435,19,2,2
202100043266,124Â 327,A01,1,1,2,0,2,-1,-1,0,0,-1,2021,22.0,3,1,0,0,0,1,1,,4,,-1,,2,2,0,2,8,(1),1,, -1,1,0,1,-1,20,4,1,987,98715,2,1,1,7,Rue Nina Peata,-17.578029,-149.611167,17,1,1
202100048551,114Â 968,A01,10,3,1,5,8,-1,-1,2,3,1,2021,35.0,0,2,0,1,2,1,1,,4,TROUDE AMIRAL,0,,2,2,0,1,(1),(1),1,, -1,1,0,1,30,9,3,1,29,29019,2,1,0,6,Rue Amiral Troude,48.386829,-4.47778,16,2,1
202100050934,110Â 632,A01,1,1,1,9,8,0,-1,0,0,-1,2021,61.0,3,1,12,0,7,1,3,,4,BOULEVARD KELLERMANN,0,,-1,0,0,2,(1),(1),1,, -1,1,0,1,30,19,2,2,75,75113,2,2,0,6,BOULEVARD KELLERMANN,48.820992,2.350741,18,1,1
202100025645,155Â 843,B01,1,1,1,4,2,6,-1,0, -1,-1,2021,32.0,1,1,1,2,4,1,1,,3,KENNEDY [RN370] (BOULEVARD),0,,2,2,0,1,(1),(1),1,, -1,1,0,1,50,4,8,1,93,93071,2,2,0,3,Avenue John Fitzgerald Kennedy / Rue dâAulnay,48.9396839716,2.5126710705,11,2,2
202100051248,110Â 079,B01,1,1,1,5,0,-1,-1,0,0,-1,2021,73.0,1,1,0,2,5,1,5,,3,514,-1,,2,2,0,1,(1),(1),1,, -1,1,5,1,50,18,2,1,14,14488,2,6,1,3,Route de Saint Aubin d'Arquenay,49.271676,-0.264798,15,2,2
202100033902,141Â 160,Y01,1,1,1,5,0,-1,-1,0,0,-1,2021,64.0,2,1,1,1,1,19,5,,4,,0,,1,1,0,1,0,0,1,, -1,1,0,1,50,15,6,1,92,92064,2,1,0,6,EGLISE,48.8425414349,2.21937038,8,2,2
202100040068,129Â 976,B01,1,1,1,9,2,6,-1,0,0,-1,2021,57.0,2,1,0,2,1,1,1,,4,RUE CAULAINCOURT,0,,2,2,0,1,(1),(1),1,, -1,2,0,1,50,13,5,1,75,75118,2,3,0,3,RUE CAULAINCOURT,48.889671,2.33977,10,2,2
202100018733,168Â 154,B01,1,1,1,9,8,-1,-1,-1, -1,-1,2021,24.0,1,1,0,2,1,21,1,,4,HENON                               (R ),0,,2,2,0,1,(1),(1),1,, -1,1,9,1,30,14,9,1,69,69384,2,2,0,3,JACQUES-LOUIS HENON (R),45.77958,4.82737,9,2,2
202100034261,140Â 500,A01,1,1,2,5,1,0,-1,-1, -1,-1,2021,29.0,0,2,0,2,1,10,1,,4,BREMERHAVEN (AVENUE DE),0,,2,2,0,1,(1),(1),1,, -1,1,0,1,50,11,6,1,50,50129,2,1,0,3,BREMERHAVEN (AVENUE DE),49.63164,-1.60927,14,2,2
202100022563,161Â 296,B01,1,1,2,5,1,-1,-1,0,0,-1,2021,84.0,2,2,0,2,1,1,1,,3,642,-1,,2,2,0,1,21,475,1,, -1,1,0,1,50,26,8,1,59,59184,2,1,0,5,Route Nationale,50.7303628396,2.4110081792,17,4,3
202100003855,194Â 863,B01,2,2,1,1,1,0,-1,-1, -1,-1,2021,23.0,2,2,0,2,4,1,1,,3,MARCEL DASSAULT,0,,3,2,0,1,0,0,1,, -1,1,0,1,50,9,12,1,92,92064,2,1,0,2,MARCEL DASSAULT,48.8549521871,2.2227922082,14,3,2
202100039932,130Â 207,B01,1,1,1,5,2,0,-1,-1, -1,-1,2021,29.0,1,1,0,2,9,2,1,,4,MONTGOLFIER (R ),0,,2,2,0,1,(1),(1),1,, -1,1,0,1,50,27,4,1,62,62510,2,3,0,3,MONTGOLFIER (R ),50.42978,2.78507,17,2,2
202100056138,101Â 536,B01,1,1,2,5,1,8,-1,0,0,-1,2021,29.0,2,2,3,0,6,1,1,,2,T40,0,,1,2,0,1,1,200,1,, -1,1,0,1,90,4,1,1,201,201004,1,1,0,2,T40,41.9288099434,8.8095316248,12,2,2
202100030820,146Â 676,B01,1,1,1,0,1,0,-1,-1, -1,-1,2021,51.0,2,5,0,2,0,15,1,,7,ALMANARRE (ROUTE DE L'),0,,2,2,0,1,45,680,1,, -1,1,0,1,50,30,6,1,83,83069,1,1,0,3,ALMANARRE (ROUTE DE L'),43.0845,6.1114,7,2,2
202100053853,105Â 484,A01,1,1,1,5,2,6,-1,0,0,-1,2021,20.0,1,1,0,2,1,3,1,,4,PORTE DE CHARENTON,0,,1,4,0,1,34,200,1,, -1,2,0,1,70,23,1,2,75,75112,2,1,1,2,PORTE DE CHARENTON,48.8295945563,2.4009899251,16,2,2
202100045391,120Â 598,B01,1,1,1,5,2,0,-1,-1, -1,-1,2021,75.0,2,1,0,2,7,1,1,,4,VAL D'ORLEANS (RUE DU),0,,2,3,0,1,(1),(1),1,, -1,1,0,1,50,2,4,1,45,45169,2,2,0,3,Rue du Val dâOrlÃ©ans,47.92398,1.84468,8,2,2
202100048839,114Â 462,B01,1,1,1,5,2,6,-1,-1, -1,-1,2021,33.0,2,1,0,2,0,0,1,,1,A4,0,,3,9,0,1,9,0,1,, -1,1,1,1,90,8,3,1,94,94017,1,1,0,3,A4,48.8284416936,2.5027316394,15,2,2
202100005399,192Â 143,A01,1,1,1,0,2,6,-1,-1, -1,-1,2021,48.0,1,1,12,2,1,5,1,,3,906,0,,2,2,0,1,0,0,1,, -1,1,9,8,50,1,12,1,92,92023,2,1,0,6,GENERAL DE GAULLE (AV DU) NÂ°130 A 340 ET,48.7874481539,2.2566282749,15,2,2
202100028353,151Â 022,A01,2,2,2,5,2,6,-1,0,0,-1,2021,6.0,1,1,0,2,1,1,1,,3,,-1,,2,1,0,1,12,850,1,,4,1,0,1,80,18,7,1,62,62233,1,2,0,1,d142,50.3951492996,1.6892029345,18,5,2
202100056471,100Â 961,A01,1,1,1,5,0,-1,-1,0,0,-1,2021,29.0,2,1,0,2,3,1,1,,2,4,0,,3,4,0,1,(1),(1),1,, -1,1,0,1,50,3,1,1,971,97128,2,3,0,3,Boulevard Hegesipe Ibene,16.22459,-61.379483,11,2,2
202100039344,131Â 273,A01,1,1,1,5,1,-1,-1,0,0,-1,2021,36.0,1,2,8,0,1,1,1,,4,,-1,,2,2,0,2,(1),(1),1,, -1,1,0,1,80,19,5,2,56,56178,1,1,0,6,Rue de Kerficelle,48.066981,-2.993774,21,1,1
202100017473,170Â 388,A01,1,1,2,0,1,0,-1,0,0,-1,2021,26.0,1,2,0,2,1,17,1,,2,ECHANGEUR NÂ° 6 ( VALLEE DES JARDINS ),0,,1,2,0,1,1,0,1,, -1,1,0,1,90,21,9,1,14,14118,1,1,0,4,ECHANGEUR NÂ° 6 ( VALLEE DES JARDINS ),49.19569,-0.39036,19,4,3
202100016390,172Â 336,A01,2,2,2,2,2,-1,-1,0,0,-1,2021,18.0,2,1,0,2,2,17,1,,2,1,0,N,2,2,0,1,4,700,1,,7,1,0,1,70,29,9,1,976,97610,1,1,0,3,Majikavo Koropa,-12.746412,45.226631,6,3,2
202100045516,120Â 385,B01,1,1,1,0,8,0,-1,-1, -1,-1,2021,34.0,1,2,0,2,2,12,1,,1,A7-Sens Lyon vers Marseille,0,,1,2,0,1,262,299,1,, -1,1,0,1,110,2,4,1,13,13117,1,1,0,3,A7-Sens Lyon vers Marseille,43.43042,5.25911,16,2,2
202100016112,172Â 844,A01,10,3,1,2,0,-1,-1,5,3,1,2021,17.0,3,5,0,1,7,0,1,,4,JULES FERRY(RUE),0,,1,2,0,1,(1),(1),1,, -1,1,0,1,30,28,9,1,78,78029,2,1,0,6,JULES FERRY(RUE),48.954873,1.854616,16,2,1
202100003758,195Â 039,A01,1,1,1,1,1,-1,-1,0,0,-1,2021,27.0,3,2,13,0,2,1,1,,3,52,-1,,2,2,0,1,30,500,1,, -1,2,0,3,80,6,12,3,49,49220,1,1,0,7,D52,47.710657,-0.421616,4,1,1
202100051665,109Â 342,A01,1,1,1,0,2,6,-1,-1, -1,-1,2021,36.0,1,1,0,2,3,2,1,,3,ZONE (ROUTE DE),0,,1,1,0,1,28,0,1,, -1,2,0,1,80,10,2,2,74,74118,1,1,0,2,ZONE (ROUTE DE),46.16926,6.20574,7,2,2
202100055039,103Â 433,A01,10,3,1,0,0,-1,-1,4,3,1,2021,50.0,2,5,0,1,3,15,1,,4,,0,,2,2,2,1,(1),(1),1,, -1,2,5,1,50,14,1,5,33,33318,2,3,1,6,Avenue de Madran,44.8051,-0.65581,17,2,1
202100028527,150Â 725,B01,1,1,2,5,1,-1,-1,0,0,-1,2021,34.0,1,2,5,2,1,1,1,,3,918,0,D,2,2,0,2,20,100,3,, -1,1,0,1,80,18,7,1,65,65025,1,1,0,1,D918,42.999131,-0.111446,16,2,2
202100001157,199Â 703,B01,1,1,1,9,1,-1,-1,-1, -1,-1,2021,66.0,1,2,0,2,1,1,1,,4,HONORE DE BALZAC                    (R ),0,,2,2,0,1,(1),(1),1,, -1,2,0,1,50,27,12,1,69,69259,2,2,1,3,HONORE DE BALZAC (R),45.7182804698,4.8593473434,9,2,2
202100047693,116Â 506,A01,1,1,1,1,1,0,-1,-1, -1,-1,2021,28.0,2,2,0,0,1,13,1,,2,RN 104,0,,1,2,0,1,42,799,1,, -1,2,0,8,110,17,3,3,91,91086,1,1,0,7,RN 104,48.624138,2.376996,21,1,1
202100019634,166Â 545,A01,10,3,2,5,0,-1,-1,0,0,-1,2021,69.0,1,0,0,1,1,26,3,,4,CARNOT (AVENUE SADI),0,,2,2,0,1,0,0,1,, -1,1,0,1,50,8,9,1,83,83062,2,1,0,6,CARNOT (AVENUE SADI),43.123926,6.006346,15,2,1
202100005433,192Â 085,A01,10,3,2,3,0,-1,-1,2,3,1,2021,69.0,1,2,0,1,1,1,1,,7,952,-1,,2,2,0,1,27,610,1,, -1,1,0,1,30,1,12,5,37,37203,2,1,0,6,55 Quai de la Loire,47.4085935669,0.7576268777,17,2,1
202100043214,124Â 415,A01,1,1,2,5,1,0,-1,-1, -1,-1,2021,83.0,1,2,0,2,1,2,1,,3,,0,,2,2,0,2,0,0,4,, -1,2,0,1,50,21,4,1,92,92048,2,1,1,2,Avenue de Trivaux,48.79536,2.23232,17,2,2
202100001366,199Â 323,Y01,1,1,1,0,8,0,-1,0,0,-1,2021,58.0,1,1,0,2,3,1,5,,4,IMP EDOUARD BRANLY,0,,2,2,1,1,0,0,1,, -1,1,0,5,50,23,12,5,91,91103,2,9,0,3,IMP EDOUARD BRANLY,48.60332,2.30648,19,2,2
202100001738,198Â 682,A01,1,1,1,9,2,6,-1,0,0,-1,2021,25.0,1,1,0,2,3,3,1,,4,BOULEVARD PERIPHERIQUE,0,,1,4,0,1,18,300,1,, -1,1,0,1,70,21,12,2,75,75117,2,1,0,2,BD PERIPHERIQUE INTERIEUR,48.890747,2.29949,16,2,2
202100047488,116Â 880,B01,1,1,1,9,2,6,-1,-1, -1,-1,2021,16.0,1,1,0,2,1,1,1,,3,ESPAGNE (AVENUE D'),0,,2,2,0,1,10,670,1,, -1,1,0,1,50,18,3,1,64,64024,2,3,0,2,ESPAGNE (AVENUE D'),43.4755107101,-1.5288830365,15,2,2
202100048498,115Â 069,A01,2,2,2,5,1,8,-1,-1, -1,-1,2021,68.0,2,2,0,2,1,2,1,,1,A4,0,,3,5,0,1,8,399,1,, -1,1,0,1,90,11,3,1,94,94017,1,1,0,4,A4,48.82961,2.49878,18,4,3
202100014714,175Â 414,A01,1,1,1,1,2,6,-1,0,0,-1,2021,49.0,1,1,0,0,0,1,1,,3,55,-1,,1,1,0,1,(1),(1),2,, -1,1,5,1,50,8,10,1,14,14762,2,6,0,7,Giratoire de la gare,48.845779,-0.884684,13,1,1
202100008841,185Â 939,B01,1,1,2,9,8,0,-1,0,0,-1,2021,46.0,2,0,0,2,1,1,3,,4,AVENUE GAMBETTA,0,,2,2,1,2,(1),(1),1,, -1,1,0,5,30,8,11,1,75,75120,2,5,0,3,AVENUE GAMBETTA,48.865013,2.395526,8,2,2
202100003172,196Â 097,A01,1,1,2,0,1,0,-1,-1, -1,-1,2021,56.0,1,2,0,2,1,1,1,,4,ROMAINVILLE (RUE DE),0,,1,1,0,1,0,0,3,, -1,2,0,1,50,13,12,5,93,93048,2,1,1,1,ROMAINVILLE (RUE DE),48.8702673445,2.4467545705,20,2,2
202100024920,157Â 116,A01,1,1,1,5,1,-1,-1,0,0,-1,2021,19.0,1,2,13,0,2,1,1,,3,109,0,,2,2,0,1,25,200,1,, -1,1,0,3,80,23,7,3,17,17373,1,1,0,6,D109,46.146156,-0.984584,2,1,1
202100029933,148Â 294,A01,10,3,1,5,0,-1,-1,6,9,1,2021,21.0,1,2,1,0,2,21,1,,1,6,0,,1,3,0,2,18,899,1,, -1,1,0,1,70,9,7,3,91,91434,1,1,0,5,AUTOROUTE A6,48.6681541,2.355139,1,4,2
202100041044,128Â 246,A01,1,1,1,0,2,6,-1,-1, -1,-1,2021,27.0,1,1,0,2,1,3,1,,1,AUTOROUTE A86,0,,3,6,0,1,23,0,1,, -1,1,0,1,90,7,5,1,93,93008,1,1,0,2,AUTOROUTE A86,48.90581,2.46241,16,2,2
202100010359,183Â 190,A01,10,3,2,2,0,-1,-1,3,3,2,2021,12.0,1,2,0,1,1,15,1,,4,MANET(RUE EDOUARD),0,,2,2,0,1,1,0,1,, -1,2,6,1,50,29,10,1,94,94028,2,3,1,6,Rue Edouard Manet,48.78281,2.464122,13,2,1
202100031562,145Â 338,A01,1,1,2,9,1,0,-1,-1, -1,-1,2021,85.0,1,2,0,2,8,16,1,,4,MAGINOT (AV. ANDRE),0,,2,2,1,1,(1),(1),1,, -1,2,0,1,50,28,6,1,37,37261,2,1,1,3,MAGINOT (AV. ANDRE),47.416604868,0.6901296973,15,2,2
202100032701,143Â 314,B01,1,1,2,9,8,0,-1,0,0,-1,2021,25.0,2,1,0,2,1,1,5,,4,RUE DE VAUGIRARD,0,,1,2,3,1,(1),(1),1,, -1,1,0,1,50,22,6,1,75,75115,2,2,0,3,RUE DE VAUGIRARD,48.832712,2.288391,9,2,2
202100038408,132Â 986,A01,1,1,1,9,2,0,-1,-1, -1,-1,2021,21.0,1,1,0,2,1,13,1,,4,ALBERT DRU (R),0,,2,2,0,2,1,0,3,, -1,1,0,1,50,25,5,1,94,94004,2,1,0,1,ALBERT DRU (R),48.76,2.51,20,2,2
202100025871,155Â 443,B01,1,1,1,1,2,6,-1,0,0,-1,2021,27.0,1,1,0,2,8,1,1,,4,AVENUE JEAN JAURES,0,,-1,2,0,1,(1),(1),1,, -1,1,0,1,50,2,8,5,75,75119,2,3,0,3,AVENUE JEAN JAURES,48.88848,2.391941,0,3,2
202100014746,175Â 351,B01,1,1,1,1,1,0,-1,-1, -1,-1,2021,47.0,2,2,0,2,6,1,1,,1,A86.EXT,0,,3,3,0,1,31,500,1,, -1,1,1,1,90,7,10,5,94,94052,1,1,0,3,A86.EXT,48.83491,2.49378,5,2,2
202100007502,188Â 348,A01,1,1,1,0,1,-1,-1,0,0,-1,2021,49.0,2,2,13,0,1,2,1,,3,28,0,,2,2,0,1,51,450,2,, -1,1,0,3,80,19,11,1,28,28023,1,1,0,7,D28,48.512255,1.679471,15,1,1
202100017401,170Â 524,A01,1,1,2,5,0,-1,-1,0,0,-1,2021,20.0,1,1,9,0,0,0,3,,3,,-1,,2,2,0,2,(1),(1),1,,5,1,0,4,50,18,5,1,74,74042,2,1,0,6,R des Iles,46.083706,6.401178,16,1,1
202100037501,134Â 636,A01,1,1,1,5,2,6,-1,0,0,-1,2021,26.0,3,1,0,2,1,13,1,,3,,-1,,2,2,0,1,(1),(1),3,, -1,1,0,1,80,30,5,1,40,40100,1,1,0,3,Route de SabathÃ©,43.914187,-0.238245,17,3,2
202100026589,154Â 177,A01,1,1,2,0,1,-1,-1,0,0,-1,2021,64.0,0,2,0,2,1,1,1,,3,923,-1,D,2,2,0,2,0,850,1,, -1,1,0,1,70,29,7,1,60,60139,1,2,0,3,D923,49.182482,2.234666,16,2,2
202100021668,162Â 901,A01,10,3,2,0,0,-1,-1,3,3,1,2021,47.0,1,2,0,1,8,0,1,,3,,0,,1,1,0,1,110,0,3,, -1,1,0,1,50,31,8,1,92,92062,2,9,0,6,BERGERES RD-PT DES) DU 108 AU 128,48.8856586423,2.2274718868,9,2,1
202100015633,173Â 729,B01,1,1,1,2,8,0,-1,-1, -1,-1,2021,12.0,1,1,0,2,7,26,5,,3,1079,0,,1,0,1,1,32,0,1,, -1,1,6,5,50,1,10,1,1,1053,2,1,0,7,EDOUARD HERRIOT ( BD),46.211056539,5.2195667293,17,2,2
202100042376,125Â 881,A01,10,3,1,0,0,-1,-1,2,3,1,2021,41.0,1,1,1,1,1,1,1,,4,ARNOUX AVENUE MAURICE NÂ°2 A 80,0,,1,2,1,1,0,0,1,, -1,1,0,1,50,26,4,1,92,92049,2,1,0,6,ARNOUX AVENUE MAURICE NÂ°2 A 80,48.81994,2.31305,18,2,1
202100020896,164Â 298,A01,10,3,1,0,0,-1,-1,4,3,2,2021,7.0,1,2,0,1,2,16,1,,3,GENERAL DE GAULLE (AV) DU 63 AU 107,0,,2,0,0,1,0,0,1,, -1,1,0,1,50,4,9,1,92,92062,2,2,0,6,BERTHELOT (RUE MARCELIN),48.8875314809,2.2330013763,14,2,1
202100047191,117Â 413,B01,1,1,2,5,1,-1,-1,-1, -1,-1,2021,18.0,2,2,0,2,7,1,1,,1,AUTOROUTE A 10,0,,3,6,0,2,533,200,1,, -1,1,2,1,130,21,3,1,33,33143,1,1,0,3,AUTOROUTE A 10,44.957978,-0.448222,11,3,2
202100047453,116Â 944,B01,1,1,1,5,2,6,9,0,0,-1,2021,31.0,2,1,0,2,8,1,1,,4,,-1,,2,2,0,1,(1),(1),1,, -1,1,0,1,50,18,3,1,33,33056,2,3,0,1,Avenue de Tanais,44.929994,-0.642791,16,2,2
202100038099,133Â 564,A01,1,1,1,5,1,-1,-1,0,0,-1,2021,60.0,1,2,0,2,8,19,1,,3,183,-1,,2,2,0,1,10,600,1,, -1,2,0,1,80,24,5,1,14,14005,1,2,1,5,Grande Rue (Fierville-Bray),49.050938,-0.178024,17,4,3
202100039087,131Â 765,A01,1,1,2,5,1,0,-1,-1, -1,-1,2021,72.0,1,2,0,2,1,1,1,,4,LANGUEDOC (AVENUE DU CD 88),0,,2,2,0,1,0,0,1,, -1,1,0,1,50,20,5,1,66,66136,2,1,0,2,LANGUEDOC (AVENUE DU CD 88),42.72607,2.88755,15,2,2
202100026748,153Â 910,B01,1,1,1,1,2,6,-1,0,0,-1,2021,16.0,1,1,0,2,1,1,1,,2,,-1,,2,-1,-1,-1,(1),(1),-1,, -1,-1,3,-1,-1,27,7,1,28,28374,1,2,1,3,Intersection RD26 et RN154,48.60627,1.419811,8,2,2
202100035824,137Â 670,A01,1,1,1,1,2,6,-1,0,0,-1,2021,17.0,0,1,0,2,8,13,1,,4,,-1,A,4,2,0,2,(1),(1),3,,4,1,0,1,-1,9,6,1,85,85197,1,1,0,3,La Basse VrillÃ¨re,46.922014,-1.414071,7,2,2
202100030205,147Â 777,A01,10,3,2,9,0,-1,-1,2,3,1,2021,69.0,3,4,0,1,8,9,1,,4,MERIMEE,0,,1,2,0,1,1,0,1,, -1,1,9,8,50,7,7,1,13,13214,2,6,0,6,MERIMEE,43.32771,5.39672,10,2,1
202100054228,104Â 820,A01,2,2,1,0,2,-1,-1,-1, -1,-1,2021,22.0,2,1,0,2,2,17,1,,4,SAINT JOSEPH(BOULEVARD),0,,2,2,0,1,(1),(1),1,, -1,1,0,1,50,15,1,1,4,4112,2,3,0,3,Inter Bd Saint Joseph / Rue AmpÃ¨re,43.825087203,5.7984017358,9,3,2
202100009468,184Â 785,A01,1,1,1,9,1,0,-1,0,0,-1,2021,22.0,2,2,1,0,3,13,1,,4,RUE CROIX DES PETITS CHAMPS,0,,2,2,0,1,(1),(1),1,, -1,1,0,1,30,3,11,1,75,75101,2,1,0,6,RUE CROIX DES PETITS CHAMPS,48.864165,2.340108,14,1,1
202100015782,173Â 460,Z01,10,3,1,0,8,8,-1,1,3,1,2021,79.0,2,2,0,1,3,1,0,,3,911,0,,1,3,3,1,0,0,1,, -1,1,0,1,50,25,9,5,92,92024,2,1,0,6,JEAN JAURES (BD) DE (1 A 45)   (2 A 54),48.89739,2.30864,20,2,1
202100051656,109Â 357,B01,1,1,1,0,8,0,-1,-1, -1,-1,2021,21.0,1,1,0,2,4,0,5,,4,PASTEUR (RUE),0,,1,0,0,1,1,0,1,, -1,7,0,1,20,12,2,1,90,90099,2,3,0,3,PASTEUR (RUE),47.66346,6.84119,17,5,2
202100053104,106Â 810,B01,1,1,2,1,1,-1,-1,0,0,-1,2021,30.0,1,2,0,2,1,1,1,,3,37,0,B,2,2,0,2,3,100,2,, -1,2,0,1,50,30,1,2,38,38114,2,1,1,1,Route d'Auberives,45.415778,4.788172,17,4,2
202100019731,166Â 375,A01,1,1,1,5,2,0,-1,0,0,-1,2021,34.0,1,1,0,2,3,2,1,,4,RUE ETIENNE MARCEL,0,,2,3,0,1,(1),(1),1,, -1,2,0,1,30,10,9,1,75,75102,2,3,1,2,RUE ETIENNE MARCEL,48.8650491172,2.3440551837,15,2,2
202100019251,167Â 220,B01,1,1,1,5,2,6,9,0,0,-1,2021,59.0,1,1,0,2,3,1,1,,3,452,0,,2,2,0,1,1,400,4,, -1,1,0,1,80,13,9,1,71,71112,1,1,0,1,D452,46.416589,4.569969,15,2,2
202100046069,119Â 404,A01,2,2,2,5,2,6,-1,-1, -1,-1,2021,54.0,1,1,0,2,4,2,1,,3,DE GAULLE(ROND POINT CHARLES),0,,1,2,0,1,2,770,3,, -1,1,5,1,50,28,3,1,83,83050,2,6,0,2,DE GAULLE(ROND POINT CHARLES),43.5198,6.47236,16,3,2
202100023211,160Â 131,B01,2,2,2,5,1,-1,-1,0,0,-1,2021,36.0,2,2,13,2,3,1,1,,3,22,0,D,2,2,0,1,21,400,1,, -1,1,0,1,80,21,8,1,54,54201,1,2,0,3,D22,48.4475110571,6.6542655239,19,6,2
202100042659,125Â 378,A01,1,1,1,5,2,6,-1,-1, -1,-1,2021,33.0,2,1,0,2,1,2,1,,1,Autoroute A30,0,,3,4,0,1,13,199,1,, -1,1,0,1,110,25,4,1,57,57498,1,1,0,6,Autoroute A30,49.33463,6.00105,16,1,1
202100016931,171Â 358,A01,1,1,1,5,8,0,-1,-1, -1,-1,2021,18.0,1,1,0,2,2,25,5,,4,DE GAULLE (AVENUE DU GENERAL),0,,2,3,2,1,(1),(1),1,, -1,1,0,4,50,22,9,1,37,37261,2,3,0,6,DE GAULLE (AVENUE DU GENERAL),47.379807199,0.6945661518,14,2,2
202100052438,107Â 981,B01,1,1,1,1,2,0,0,0,0,-1,2021,24.0,3,1,0,2,1,1,1,,4,SAMBRE ET MEUSE (AVENUE),0,,2,2,0,1,(1),(1),1,, -1,1,0,1,30,5,2,1,32,32013,2,3,0,3,SAMBRE ET MEUSE (AVENUE),43.6451,0.5974,16,2,2
202100016447,172Â 230,B01,1,1,2,1,1,0,-1,-1, -1,-1,2021,34.0,2,2,0,2,4,2,1,,3,AV JULES VALLES,0,,2,2,0,1,0,0,1,, -1,2,0,1,50,27,9,1,91,91027,2,1,0,4,AV JULES VALLES,48.70195,2.37809,11,3,3
202100024965,157Â 036,B01,1,1,2,5,0,-1,-1,0,0,-1,2021,67.0,2,1,0,0,4,1,5,,3,554,-1,,-1,2,0,1,73,200,1,, -1,1,5,1,50,7,8,1,83,83064,2,6,0,3,Boulevard de la LibÃ©ration,43.330813,6.046563,8,2,2
202100049827,112Â 682,A01,1,1,1,5,2,6,9,0,0,-1,2021,40.0,1,1,2,0,1,0,1,,3,70,-1,,2,2,0,2,22,500,3,, -1,1,0,3,80,28,2,1,83,83052,1,1,0,6,D70,43.618798,5.843986,12,1,1
202100020937,164Â 236,A01,10,3,1,5,0,-1,-1,6,1,1,2021,67.0,3,4,0,1,2,1,1,,4,,-1,,2,2,0,2,(1),(1),1,,5,1,0,3,80,4,9,3,43,43205,1,1,0,6,la cotete,45.340774,4.332658,21,3,1
202100016371,172Â 371,B01,2,2,1,5,1,0,-1,-1, -1,-1,2021,21.0,1,2,0,2,3,26,1,,4,AULNAY (RUE D'),0,,2,2,0,1,0,1,1,, -1,1,0,1,50,28,9,1,93,93071,2,1,0,1,Rue dâAulnay,48.93981,2.515354,16,5,2
202100025537,156Â 026,B01,1,1,2,1,1,-1,-1,0,0,-1,2021,34.0,1,2,7,2,1,1,1,,3,RD70,0,,2,2,0,1,20,871,1,, -1,2,0,1,80,5,8,1,85,85179,1,2,1,3,D70,46.51418,-1.542099,9,2,2
202100053346,106Â 366,A01,1,1,1,1,2,0,-1,0,0,-1,2021,25.0,2,1,0,2,1,13,1,,4,PORTE DE CHAMPERRET,0,,1,-1,0,1,16,900,1,, -1,2,0,1,70,28,1,2,75,75117,2,1,1,2,PORTE DE CHAMPERRET,48.883425,2.284172,8,2,2
202100033001,142Â 758,A01,1,1,2,9,1,0,-1,-1, -1,-1,2021,23.0,2,2,3,0,2,0,1,,1,AUTOROUTE A15,0,,3,8,0,1,5,599,1,, -1,1,2,1,90,21,6,1,92,92036,1,1,0,6,AUTOROUTE A15,48.9472253644,2.2815667997,15,2,1
202100032560,143Â 569,A01,2,2,1,5,1,-1,-1,0,0,-1,2021,19.0,1,2,8,0,2,1,1,,3,930,-1,,2,2,0,3,7,100,1,, -1,1,2,4,50,24,6,5,80,80561,2,1,0,6,Rue Maurice Leconte,49.644256,2.562872,1,4,1
202100037642,134Â 371,A01,1,1,2,9,1,-1,-1,0,0,-1,2021,27.0,1,2,0,2,2,15,1,,3,445,-1,,2,4,3,1,(1),(1),1,, -1,1,0,1,50,30,5,1,91,91235,2,2,0,1,Av du Dr Louis Francois Fichez,48.641746,2.363069,14,3,2
202100039202,131Â 550,A01,1,1,1,0,8,-1,-1,0,0,-1,2021,57.0,1,2,13,2,2,1,1,,3,637,0,,2,4,0,1,7,1016,1,, -1,1,0,1,90,20,5,1,77,77069,1,1,0,3,DÃ©partementale D637,48.455486,2.611045,18,2,2
202100006786,189Â 657,A01,1,1,1,1,1,-1,-1,0,0,-1,2021,42.0,2,2,0,2,4,1,1,,3,111,0,,2,2,0,2,3,10,1,,7,7,0,1,-1,24,11,2,35,35183,1,1,0,2,Lieu Dit le Petit Cerisais,48.092771,-1.083666,7,3,2
202100012036,180Â 196,B01,2,2,2,0,1,8,8,0,0,-1,2021,18.0,3,2,0,2,2,1,1,,3,PYRENEES  (AVENUE DES),0,,2,2,0,1,1,0,1,, -1,1,5,1,50,19,10,5,11,11037,2,9,0,3,PYRENEES  (AVENUE DES),43.21073,2.3999,7,3,2
202100035012,139Â 116,A01,1,1,1,9,2,6,-1,-1, -1,-1,2021,26.0,2,1,0,2,1,2,1,,7,RD 177,0,,3,5,0,1,26,301,1,, -1,1,5,1,70,11,6,1,35,35281,1,3,0,2,RD 177,48.06729,-1.7143,18,2,2