Num_Acc,id_vehicule,num_veh,place,catu,sexe,trajet,secu1,secu2,secu3,locp,actp,etatp,year_acc,victim_age,senc,catv,obs,obsm,choc,manv,motor,occutc,catr,voie,v1,v2,circ,nbv,vosp,prof,pr,pr1,plan,lartpc,larrout,surf,infra,situ,vma,jour,mois,lum,dep,com,agg_,int,atm,col,adr,lat,long,hour,nb_victim,nb_vehicules
202100021225,163Â 721,C01,1,1,2,5,1,0,-1,-1, -1,-1,2021,19.0,1,2,0,2,4,23,1,,4,COMTE (RUE AUGUSTE),0,,2,2,0,1,0,0,1,, -1,1,0,1,50,31,8,1,87,87085,2,1,0,4,COMTE (RUE AUGUSTE),45.87749,1.27484,17,5,3
202100052191,108Â 421,A01,10,3,1,1,0,-1,-1,3,3,1,2021,23.0,3,2,0,1,3,1,0,,4,922,0,D,1,1,0,1,(1),(1),1,, -1,1,0,1,50,9,2,5,95,95392,2,1,0,6,62 grande rue,49.077155,2.205935,19,2,1
202100034425,140Â 196,A01,10,3,2,5,8,8,-1,3,3,1,2021,53.0,2,2,0,1,1,16,1,,4,VICTOR HUGO (AVENUE) 49/FIN - 60/FIN,0,,2,2,0,1,0,0,1,, -1,1,0,1,50,14,6,1,92,92012,2,2,0,6,VICTOR HUGO (AVENUE) 49/FIN - 60/FIN,48.83973,2.24718,11,2,1
202100048780,114Â 574,A01,1,1,2,1,8,0,-1,0,0,-1,2021,34.0,2,1,0,2,1,1,5,,4,BOULEVARD DE MAGENTA,0,,2,4,1,2,(1),(1),1,, -1,1,-1,5,50,8,3,1,75,75110,2,4,0,2,BOULEVARD DE MAGENTA,48.881432,2.351443,8,2,2
202100055176,103Â 189,A01,1,1,1,3,8,0,-1,-1, -1,-1,2021,33.0,1,1,0,0,0,1,3,,4,LAFAYETTE PLACE,0,,-1,1,0,1,1,0,1,, -1,1,0,1,30,12,1,1,49,49007,2,1,0,7,LAFAYETTE PLACE,47.46294,-0.55389,16,1,1
202100003788,194Â 988,A01,1,1,2,5,1,-1,-1,0,0,-1,2021,37.0,2,2,0,2,1,1,1,,7,5,-1,,2,2,1,1,4,1810,1,, -1,1,0,1,90,25,8,3,34,34134,1,1,0,1,CD 5,43.589452,3.806849,22,3,2
202100037834,134Â 029,B01,2,2,2,5,1,0,-1,0,0,-1,2021,84.0,3,2,0,2,6,23,1,,4,ALLEE DE LONGCHAMP,0,,2,2,0,1,(1),(1),1,, -1,1,0,1,50,28,5,1,75,75116,2,1,0,2,ALLEE DE LONGCHAMP,48.870665,2.259377,17,3,2
202100049759,112Â 799,A01,1,1,2,0,8,0,-1,-1, -1,-1,2021,14.0,1,1,1,0,2,0,0,,3,RAMOND (RUE DU DOCTEUR FELIX),0,,2,2,0,2,0,378,2,, -1,1,0,1,30,28,2,1,15,15012,2,1,0,6,Rue du docteur FÃ©lix Ramond,44.9001,2.4597,18,1,1
202100009665,184Â 434,A01,10,3,2,0,0,-1,-1,3,3,1,2021,86.0,3,2,0,1,1,1,1,,4,,-1,,1,2,3,1,(1),(1),1,,5,2,0,6,50,3,11,1,44,44154,2,6,0,6,Place de la Victoire,47.246967,-2.166447,11,2,1
202100034781,139Â 542,B01,1,1,1,9,2,0,-1,0,0,-1,2021,38.0,1,0,0,2,1,1,3,,4,RUE LEBLANC,0,,2,3,1,1,(1),(1),1,, -1,1,0,5,30,12,6,1,75,75115,2,3,0,3,RUE LEBLANC,48.83668,2.279288,11,3,2
202100024697,157Â 500,A01,3,2,1,0,1,0,-1,-1, -1,-1,2021,17.0,2,2,3,0,2,1,1,,2,RN 104,0,,2,6,0,1,28,200,1,, -1,1,0,1,70,11,8,1,91,91617,1,1,0,6,RN 104,48.642,2.533,19,2,1
202100026818,153Â 783,B01,1,1,2,1,2,8,-1,-1, -1,-1,2021,42.0,2,0,0,2,7,1,3,,4,MARCEAU (RUE),0,,2,2,2,1,(1),(1),1,, -1,1,0,1,50,26,7,1,37,37261,2,1,0,6,MARCEAU (RUE),47.3919289194,0.6857791543,18,2,2
202100008732,186Â 126,A01,10,3,1,0,8,8,-1,2,3,1,2021,16.0,1,2,0,1,1,9,1,,2,MONTBOUCONS CHEMIN DES,0,,1,1,0,3,10,0,3,, -1,1,3,1,50,8,11,5,25,25056,1,6,0,6,MONTBOUCONS CHEMIN DES,47.25586,5.99447,18,2,1
202100040371,129Â 444,A01,10,3,1,5,8,8,-1,3,3,1,2021,70.0,2,1,0,1,1,1,5,,4,RUE D AMSTERDAM,0,,2,2,1,2,(1),(1),1,, -1,1,0,5,50,11,5,1,75,75109,2,3,0,6,RUE D AMSTERDAM,48.881267,2.327084,17,2,1
202100028036,151Â 600,A01,1,1,1,1,2,6,-1,0,0,-1,2021,28.0,1,1,0,6,1,1,1,,3,8,0,,2,2,0,1,22,300,1,, -1,1,0,1,80,21,7,3,37,37216,1,1,0,6,,47.1394218255,0.522426988,4,1,1
202100018641,168Â 318,B01,1,1,1,5,2,-1,-1,0,0,-1,2021,49.0,1,1,0,0,4,2,5,,3,70,0,,2,2,0,1,2,420,1,, -1,1,0,1,80,13,8,1,57,57527,1,1,0,6,D70,49.029656,6.240615,14,2,2
202100054055,105Â 123,A01,10,3,1,0,0,-1,-1,3,3,1,2021,29.0,1,5,0,1,2,26,1,,7,617,0,,2,1,2,1,(1),(1),1,, -1,1,0,1,50,22,1,2,59,59090,2,1,0,6,GAULLE (AVENUE DU GENERAL DE),50.69332,3.08866,8,2,1
202100040633,128Â 981,A01,1,1,1,4,2,0,-1,0, -1,-1,2021,29.0,2,1,0,2,8,1,5,,3,JOFFRE (AVENUE),0,,3,5,0,1,0,1,1,, -1,1,0,1,50,9,5,1,93,93031,2,1,0,3,Avenue Joffre,48.960734,2.297365,15,2,2
202100044104,122Â 840,A01,1,1,1,2,1,0,-1,-1, -1,-1,2021,30.0,1,2,0,0,9,1,1,,1,A7-Sens Lyon vers Marseille,0,,1,1,0,2,260,0,4,, -1,1,0,1,50,14,4,1,13,13117,1,1,0,7,A7-Sens Lyon vers Marseille,43.447002,5.241617,8,1,1
202100042776,125Â 188,A01,1,1,1,5,2,6,-1,0,0,-1,2021,14.0,1,1,12,0,1,1,1,,3,568,-1,D,-1,2,0,3,3,300,2,, -1,1,0,4,50,24,4,1,201,201247,1,1,0,7,Rue General de Boissoudy,41.6117371007,9.2962999881,16,1,1
202100054823,103Â 804,A01,2,2,2,0,1,-1,-1,0,0,-1,2021,86.0,2,2,0,0,2,1,1,,1,11,0,,1,5,0,1,31,0,1,, -1,5,0,3,130,16,1,3,78,78003,1,1,1,7,Autoroute A11 - PK 031.000,48.531214,1.853857,19,2,1
202100048397,115Â 247,A01,1,1,1,0,2,0,-1,-1, -1,-1,2021,17.0,2,1,0,2,1,2,1,,4,ALSACE LORRAINE (BOULEVARD),0,,2,2,0,1,0,0,1,, -1,1,0,1,50,10,3,1,64,64102,2,2,0,2,ALSACE LORRAINE (BOULEVARD),43.49086,-1.46274,17,2,2
202100036512,136Â 442,A01,1,1,1,3,1,-1,-1,0,0,-1,2021,82.0,2,2,16,0,1,1,1,,3,107,-1,D,2,2,0,1,5,640,1,, -1,1,0,3,80,2,6,1,39,39325,1,3,0,7,,46.911681,5.821027,9,1,1
202100020614,164Â 776,B01,1,1,1,5,2,-1,-1,0,0,-1,2021,63.0,2,1,0,2,1,15,5,,3,243,-1,,2,2,0,1,7,500,1,, -1,1,0,1,30,31,8,1,33,33394,2,3,0,3,Lieu Dit Villemaurine,44.896764,-0.152618,10,2,2
202100054460,104Â 415,A01,1,1,1,5,2,6,-1,-1, -1,-1,2021,20.0,1,1,12,0,1,2,1,,4,RADOLFZELL AVENUE DE,0,,-1,4,0,1,(1),(1),2,, -1,1,0,1,50,19,1,1,13,13047,2,1,0,6,RADOLFZELL AVENUE DE,43.499145,4.987489,16,1,1
202100017532,170Â 282,B01,1,1,1,0,0,-1,-1,0,0,-1,2021,15.0,1,1,0,2,4,1,5,,3,295,0,,2,2,0,1,13,200,2,, -1,1,0,1,50,17,9,1,14,14061,2,6,0,2,D295,48.893513,-0.882667,13,2,2
202100035363,138Â 500,A01,1,1,2,5,1,-1,-1,0,0,-1,2021,51.0,1,2,13,0,3,13,1,,3,156,0,,2,2,0,1,10,712,1,, -1,9,0,3,80,11,6,1,32,32030,1,1,0,6,Panassac,43.505243,0.280296,9,1,1
202100002003,198Â 211,A01,2,2,2,0,1,8,-1,-1, -1,-1,2021,38.0,2,2,0,2,2,1,1,,4,MARAICHERS (RUE DES) NÂ° IMP 1 A 17,0,,2,2,0,1,0,0,1,, -1,1,0,1,50,19,12,5,72,72181,2,3,0,3,MARAICHERS (RUE DES) NÂ° IMP 1 A 17,47.991,0.196,19,3,2
202100004017,194Â 558,B01,1,1,2,0,1,0,-1,0,0,-1,2021,49.0,3,2,0,2,4,2,1,,7,CHARMES (CAR DES),0,,2,2,0,1,(1),(1),1,, -1,1,0,1,50,6,12,1,63,63164,2,1,0,2,CHARMES (CAR DES),45.81594,3.15242,17,2,2
202100033082,142Â 610,B01,1,1,1,5,2,0,-1,0,0,-1,2021,25.0,2,0,0,2,7,1,3,,4,AVENUE DE VILLIERS,0,,2,2,0,1,(1),(1),1,, -1,1,0,1,50,21,6,1,75,75117,2,1,0,3,AVENUE DE VILLIERS,48.881802,2.314197,19,2,2
202100043544,123Â 829,B01,1,1,1,9,2,6,-1,-1, -1,-1,2021,35.0,1,1,0,2,1,1,1,,4,MARAICHERS (CHE DES) DU 3AU 50,0,,2,3,0,1,(1),(1),1,, -1,1,5,6,50,17,4,2,31,31555,2,9,0,3,MARAICHERS (CHE DES) DU 3AU 50,43.56729,1.46435,19,2,2
202100035425,138Â 395,A01,1,1,1,5,1,0,-1,-1, -1,-1,2021,51.0,2,2,4,0,3,26,1,,1,AUTOROUTE A6A,0,,3,6,0,2,6,800,1,, -1,1,0,1,130,10,6,1,94,94034,1,1,0,6,AUTOROUTE A6A,48.75859,2.33678,19,1,1
202100000244,201Â 285,A01,10,3,1,3,8,8,-1,2,3,1,2021,72.0,3,2,0,1,1,15,1,,4,BERRY (AVENUE DU),0,,2,2,0,1,0,1,1,, -1,1,6,1,30,9,11,2,91,91692,2,3,0,6,BERRY (AVENUE DU),48.682478,2.171151,7,2,1
202100012602,179Â 189,B01,1,1,2,0,1,0,-1,-1, -1,-1,2021,50.0,1,2,0,2,4,2,1,,1,AUTOROUTE A86,0,,3,4,0,1,23,200,1,, -1,1,0,1,90,18,10,1,93,93008,1,1,0,4,AUTOROUTE A86,48.9056607807,2.4635386402,17,3,3
202100031737,145Â 028,B01,1,1,1,1,2,0,-1,0,0,-1,2021,53.0,2,1,0,2,1,17,5,,4,BOULEVARD DES INVALIDES,0,,2,6,1,1,(1),(1),1,, -1,2,0,5,50,29,6,1,75,75107,2,3,1,3,BOULEVARD DES INVALIDES,48.848281,2.315776,8,2,2
202100018549,168Â 478,A01,10,3,1,1,0,-1,-1,2,3,1,2021,72.0,1,2,0,2,1,16,1,,4,OBERHAUSBERGEN (ROUTE D ),0,,2,2,0,1,0,0,1,, -1,1,0,1,50,15,9,2,67,67482,2,3,0,6,OBERHAUSBERGEN (ROUTE D ),48.59253,7.71659,6,2,1
202100020964,164Â 195,B01,1,1,1,0,2,6,-1,0,0,-1,2021,37.0,1,1,0,2,1,2,1,,3,489,-1,D,2,2,0,2,9,40,1,, -1,1,0,1,70,4,9,1,69,69255,2,3,0,3,BORDEAUX (DE) (RTE),45.7369946755,4.6841150921,14,4,2
202100029206,149Â 550,A01,2,2,2,5,1,-1,-1,0,0,-1,2021,72.0,1,2,12,0,0,1,1,,3,976,0,D,2,1,0,1,55,750,1,, -1,1,5,8,90,11,7,1,41,41002,1,6,0,7,D976,47.334809,1.239191,10,5,1
202100039810,130Â 421,A01,1,1,1,-1,0,-1,-1,-1, -1,-1,2021,26.0,3,2,17,0,0,1,-1,,4,FOURRIERES VC 1 (ROUTE DES) ,0,,2,1,0,1,(1),(1),2,, -1,2,0,1,80,15,5,1,82,82033,1,1,1,6,FOURRIERES VC 1 (ROUTE DES) ,44.04257,1.15609,18,1,1
202100033723,141Â 484,A01,2,2,2,5,2,6,-1,0,0,-1,2021,61.0,3,1,0,0,0,23,1,,4,,-1,,-1,1,0,2,(1),(1),2,, -1,9,0,8,80,18,6,1,43,43042,1,1,0,7,le bourg,44.9304961874,3.781850338,18,2,1
202100020319,165Â 318,B01,1,1,2,5,1,-1,-1,-1, -1,-1,2021,25.0,1,2,0,2,5,2,1,,4,MURE (RUE LEON),0,,2,2,0,2,(1),(1),1,, -1,1,0,1,50,7,9,1,4,4112,2,1,0,2,Rue LÃ©on Mure,43.831472,5.77875,17,3,2
202100048057,115Â 842,A01,1,1,2,5,1,-1,-1,0,0,-1,2021,39.0,1,2,4,2,8,1,1,,1,4,0,A,2,4,0,1,280,150,1,, -1,2,0,1,130,15,3,1,55,55458,1,1,0,3,PK280+150 AUTOROUTE A4,49.163761,5.746236,13,3,2
202100037945,133Â 841,A01,1,1,1,0,2,6,-1,-1, -1,-1,2021,69.0,2,1,0,2,3,2,1,,1,AUTOROUTE A86,0,,1,2,0,1,52,0,1,, -1,1,1,1,70,28,5,1,94,94034,1,1,0,2,AUTOROUTE A86,48.75955,2.32229,13,2,2
202100019336,167Â 063,B01,1,1,1,5,2,0,-1,-1, -1,-1,2021,20.0,2,1,0,2,1,1,1,,3,PORTE DE PARIS (PLACE DE LA),0,,1,1,0,1,1,0,1,, -1,1,5,1,40,12,9,5,59,59122,2,6,0,3,PORTE DE PARIS (PLACE DE LA),50.170316439,3.2307931781,22,2,2
202100010109,183Â 638,A01,1,1,1,9,1,-1,-1,-1, -1,-1,2021,20.0,1,2,0,2,1,2,1,,1,AUTOROUTE A 10,0,,3,6,0,1,542,200,1,, -1,2,0,1,90,31,10,1,33,33096,1,1,1,4,Autoroute A10,44.890751,-0.502531,16,5,3
202100048663,114Â 770,A01,1,1,1,0,2,0,-1,-1, -1,-1,2021,36.0,2,1,0,0,0,0,1,,4,CHANTIERS (DES),0,,2,2,0,1,(1),(1),1,, -1,2,0,1,50,7,3,1,76,76351,2,4,0,7,CHANTIERS (DES),49.49848,0.16274,14,1,1
202100012265,179Â 801,B01,1,1,1,1,2,8,-1,-1, -1,-1,2021,58.0,1,1,0,2,1,1,1,,4,COLONEL FABIEN (AVENUE DU),0,,1,2,0,1,0,0,1,, -1,1,5,1,30,18,10,1,93,93048,2,2,0,3,COLONEL FABIEN (AVENUE DU),48.8765,2.45467,14,2,2
202100012041,180Â 185,A01,1,1,2,5,1,0,-1,0,0,-1,2021,29.0,2,2,0,2,1,2,1,,4,BOULEVARD PERIPHERIQUE,0,,1,4,0,1,20,500,1,, -1,1,0,1,70,19,10,1,75,75117,2,1,0,4,BOULEVARD PERIPHERIQUE,48.900645,2.32473,15,5,3
202100027851,151Â 934,A01,1,1,1,0,2,-1,-1,0,0,-1,2021,34.0,1,1,0,2,1,1,1,,3,997,-1,,2,2,0,1,(1),(1),1,, -1,1,0,1,50,22,7,2,55,55435,2,1,0,1,1 Rue du Roncier,48.746721,5.0307,20,2,2
202100014869,175Â 134,A01,1,1,1,0,2,6,-1,-1, -1,-1,2021,36.0,2,1,0,0,0,1,1,,4,BATELIER (RUE DES) DE (1 A 19),0,,1,1,0,1,0,0,1,, -1,1,0,1,30,1,10,1,92,92024,2,1,0,7,BATELIER (RUE DES) DE (1 A 19),48.9064177731,2.3045647144,11,1,1
202100032171,144Â 248,A01,1,1,2,5,1,-1,-1,0,0,-1,2021,37.0,3,2,0,2,1,1,1,,3,141,-1,,2,2,0,1,8,100,1,,"3,5",1,0,1,80,26,6,1,80,80698,1,2,0,3,Saint-Aubin-Montenoy,49.840916,2.030647,18,6,2
202100023544,159Â 556,B01,2,2,2,1,1,-1,-1,0,0,-1,2021,24.0,2,2,0,2,1,1,1,,3,19,-1,,2,2,0,1,18,(1),2,, -1,1,0,1,80,20,8,2,22,22282,1,1,0,1,Boulevard de Verdun,48.598444,-2.24716,6,4,2
202100014041,176Â 601,A01,2,2,2,0,1,-1,-1,0,0,-1,2021,46.0,1,2,0,2,3,0,1,,3,643,-1,,2,3,0,1,(1),(1),1,, -1,2,0,1,80,10,10,3,59,59213,1,1,1,1,D643 pr 29 +700,50.158233,3.306584,6,4,2
202100029913,148Â 337,A01,1,1,1,0,1,-1,-1,0,0,-1,2021,46.0,2,2,0,2,1,13,1,,2,7,0,,2,2,0,1,104,670,1,, -1,1,0,1,70,10,7,1,26,26116,2,1,0,1,Route Nationale 7,44.443156,4.721739,9,3,2
202100036238,136Â 909,B01,2,2,2,5,2,-1,-1,0, -1,-1,2021,26.0,1,1,0,2,1,1,1,,2,RN 1135,0,,2,2,0,1,1,0,1,, -1,2,5,1,50,4,6,1,55,55029,2,2,1,3,RN 1135,48.77072,5.17551,20,3,2
202100050534,111Â 369,B01,1,1,1,1,8,-1,-1,0,0,-1,2021,55.0,2,2,0,2,2,21,1,,3,2371,0,D,2,2,0,1,15,148,1,, -1,1,0,1,70,22,2,1,3,3104,1,3,0,3,Route de MontluÃ§on,46.3344716976,2.7850210655,17,2,2
202100052856,107Â 238,A01,1,1,2,5,1,8,-1,-1, -1,-1,2021,31.0,1,2,3,2,3,2,1,,2,RN104,0,,1,2,0,1,0,500,1,, -1,2,0,1,90,1,2,1,77,77169,1,1,1,6,RN104,48.8255293218,2.6161130363,11,3,2
202100047613,116Â 648,A01,2,2,1,5,1,-1,-1,-1, -1,-1,2021,25.0,2,2,0,2,1,15,1,,3,938 TER (ROUTE DEPARTEMENTALE),0,,2,3,3,1,80,436,1,,"11,5",1,5,1,80,17,3,1,79,79259,1,2,0,1,,46.95384,-0.21508,15,4,2
202100006524,190Â 143,A01,1,1,1,0,1,-1,-1,0,0,-1,2021,46.0,1,2,0,2,3,21,1,,2,1,-1,,2,2,0,1,13,0,1,,7,1,0,1,-1,24,11,1,973,97305,1,1,0,5,Route Nationale 1,4.925496,-52.390988,10,3,3
202100008504,186Â 533,A01,1,1,1,5,2,6,-1,0,0,-1,2021,22.0,1,1,0,2,1,7,1,,4,RUE DE RIVOLI,0,,-1,3,3,1,(1),(1),1,, -1,1,-1,6,30,11,11,5,75,75101,2,3,0,3,RUE DE RIVOLI,48.862181,2.337016,18,3,2
202100027098,153Â 276,A01,1,1,1,9,8,-1,-1,0,0,-1,2021,21.0,2,2,6,0,1,0,1,,3,44,0,,2,2,0,2,35,250,2,, -1,1,0,3,80,25,7,2,45,45259,1,1,0,6,Le Moulin Borde,47.967464,2.429996,8,1,1
202100049412,113Â 433,B01,1,1,1,9,8,0,-1,0,0,-1,2021,48.0,1,1,0,2,4,13,5,,4,AVENUE D ITALIE,0,,2,4,0,1,(1),(1),1,, -1,1,0,1,30,1,3,5,75,75113,2,3,0,2,AVENUE D ITALIE,48.820412,2.359095,22,3,2
202100019534,166Â 716,B01,2,2,1,5,8,-1,-1,0,0,-1,2021,78.0,2,2,0,2,4,1,1,,2,402,0,T,1,1,0,1,(1),(1),1,, -1,1,0,1,50,11,9,5,201,201249,2,1,0,2,Rue du 9 Septembre,41.676113,8.905358,21,3,2
202100036694,136Â 126,A01,1,1,1,5,1,-1,-1,0,0,-1,2021,22.0,2,2,2,0,2,1,1,,3,15,-1,,2,2,0,2,7,800,1,, -1,1,4,3,80,4,6,3,34,34139,1,8,0,6,D15,43.425653,3.247318,2,1,1
202100025977,155Â 247,B01,1,1,2,9,8,0,-1,-1, -1,-1,2021,60.0,3,1,0,2,0,0,5,,7,FAUBOURG D'ARRAS RUE,0,,2,1,0,1,(1),(1),1,, -1,1,0,1,30,1,8,1,59,59350,2,1,0,3,FAUBOURG D'ARRAS RUE,50.6076659879,3.0593745521,15,2,2
202100029298,149Â 394,B01,1,1,2,5,8,0,-1,0,0,-1,2021,88.0,1,1,0,2,0,0,5,,4,DUNANT BOULEVARD,0,,2,2,0,1,1,0,1,, -1,2,0,1,50,12,7,1,49,49007,2,1,0,3,DUNANT BOULEVARD,47.48331,-0.52756,10,2,2
202100026444,154Â 430,B01,1,1,1,5,8,0,-1,-1, -1,-1,2021,23.0,1,1,0,2,1,1,5,,4,NUNGESSER-ET-COLI (BOULEVARD),0,,2,2,0,1,0,0,1,, -1,1,0,4,50,29,7,1,66,66136,2,1,0,3,NUNGESSER-ET-COLI (BOULEVARD),42.68737,2.88717,11,2,2
202100047833,116Â 257,A01,1,1,2,9,2,0,-1,0,0,-1,2021,46.0,2,1,12,0,1,14,5,,4,RUE DU GENERAL BERTRAND,0,,2,2,0,1,(1),(1),1,, -1,2,0,1,50,16,3,1,75,75107,2,1,1,6,RUE DU GENERAL BERTRAND,48.846621,2.313955,13,1,1
202100003022,196Â 378,A01,10,3,1,9,0,-1,-1,9,3,1,2021,83.0,2,2,0,1,3,1,1,,3,,-1,,2,1,0,1,7,795,1,,3,1,0,1,50,14,12,1,3,3235,2,3,0,6,Rue Albert Fugier,46.257879,3.511618,15,2,1
202100048189,115Â 617,A01,1,1,1,5,1,-1,-1,0,0,-1,2021,88.0,2,2,6,0,1,0,1,,3,,-1,,2,1,0,2,23,250,3,, -1,1,0,3,50,13,3,1,64,64256,1,9,0,7,RUE JEAN LISSAR,43.382343,-1.312871,17,1,1
202100035718,137Â 867,Z01,10,3,1,5,0,-1,-1,2,3,1,2021,21.0,1,5,0,1,3,11,1,,4,BD ALBERT 1ER,0,,3,4,3,1,(1),(1),1,, -1,1,-1,1,50,8,6,1,33,33063,2,1,0,6,Boulevard Albert 1er,44.81456,-0.5722,17,2,1
202100040901,128Â 517,B01,1,1,2,0,2,0,-1,-1, -1,-1,2021,74.0,1,0,0,2,7,1,3,,3,779B,0,,1,2,2,1,2,780,1,, -1,1,5,1,50,7,5,1,56,56260,2,6,0,3,HERRIOT(AVENUE EDOUARD),47.654896,-2.7396,10,2,2
202100050055,112Â 268,A01,10,3,2,2,0,-1,-1,4,5,2,2021,11.0,2,2,0,1,1,1,1,,4,AVENUE GAMBETTA,0,,2,2,1,2,(1),(1),1,, -1,1,0,1,30,26,2,1,75,75120,2,2,0,6,AVENUE GAMBETTA,48.866532,2.399893,13,3,1
202100029500,149Â 062,A01,1,1,1,5,2,6,-1,0,0,-1,2021,16.0,2,1,0,2,1,1,1,,3,129,-1,,2,2,0,1,38,600,3,, -1,1,0,1,90,10,7,1,3,3092,1,1,0,1,Le Bois,46.418353,3.197263,20,2,2
202100016785,171Â 610,A01,10,3,2,2,8,-1,-1,3,3,2,2021,16.0,1,0,0,1,1,1,0,,4,MARIUS BERLIET                      (R ),0,,1,1,1,1,(1),(1),1,, -1,1,0,5,50,23,9,1,69,69388,2,2,0,6,MARIUS BERLIET (R),45.7459892505,4.8592953857,12,2,1
202100049149,113Â 902,A01,1,1,2,5,1,0,-1,-1, -1,-1,2021,34.0,1,2,0,2,0,0,1,,3,NOISY ROUTE DE,0,,2,2,0,1,0,1,1,, -1,1,0,1,50,5,3,1,93,93063,2,1,0,3,NOISY ROUTE DE,48.8952518098,2.4275386333,13,2,2
202100033930,141Â 112,A01,1,1,1,5,0,-1,-1,0,0,-1,2021,63.0,2,0,0,0,0,1,3,,3,243,0,,2,2,0,2,3,0,1,, -1,1,0,1,80,10,6,1,12,12253,1,1,0,7,D243,44.19293,2.78395,16,1,1
202100025970,155Â 259,B01,1,1,1,5,2,6,-1,-1, -1,-1,2021,58.0,2,1,0,2,1,1,1,,3,1ERE ARMEE (AVENUE),0,,2,2,0,2,0,0,2,, -1,1,0,1,30,1,8,1,91,91286,2,1,0,1,1ERE ARMEE (AVENUE),48.654428,2.396888,11,2,2
202100039553,130Â 890,A01,10,3,1,9,0,-1,-1,5,3,1,2021,68.0,3,2,0,1,5,1,1,,4,RUISSEAU DES NOIRS (RUE),0,,1,1,0,2,0,0,3,, -1,1,0,1,50,11,5,1,974,97411,2,1,0,6,RUISSEAU DES NOIRS (RUE),-20.89083,55.45277,17,2,1
202100047428,116Â 992,B01,1,1,1,5,2,-1,-1,0,0,-1,2021,51.0,2,1,0,0,0,0,5,,3,N109,-1,,2,2,0,1,22,215,1,, -1,1,0,1,50,19,3,1,34,34239,2,4,0,3,place du monument au mort,43.650423,3.502107,16,2,2
202100035568,138Â 138,B01,2,2,2,0,8,0,-1,-1, -1,-1,2021,13.0,1,1,0,2,7,9,5,,3,GAGNY (ALLEE DE),0,,2,2,0,1,0,1,1,, -1,1,0,1,50,9,6,1,93,93014,2,2,0,2,AllÃ©e de Gagny / AllÃ©e de Coubron,48.911436,2.549524,18,4,2
202100017841,169Â 729,A01,1,1,1,5,2,6,-1,-1, -1,-1,2021,55.0,0,1,0,2,1,2,1,,3,BOUIN (RUE JEAN),0,,2,1,0,1,0,0,1,, -1,1,0,1,50,18,9,1,50,50602,2,1,0,2,BOUIN (RUE JEAN),49.63475,-1.58629,17,2,2
202100031260,145Â 867,A01,1,1,1,5,0,-1,-1,0,0,-1,2021,25.0,2,2,17,0,1,1,1,,1,10,-1,,3,4,0,1,19,100,1,,"17,5",1,0,3,130,4,7,1,78,78349,1,1,0,6,A10,48.571379,1.995129,7,2,1
202100039211,131Â 534,A01,1,1,1,9,1,-1,-1,0,0,-1,2021,54.0,1,2,0,2,1,13,1,,3,1059,-1,,2,2,0,1,15,900,1,, -1,1,0,1,80,21,5,1,68,68185,1,1,0,1,RD1059,48.266541,7.301209,10,4,2
202100023890,158Â 931,A01,1,1,1,5,2,-1,-1,-1, -1,-1,2021,62.0,0,0,0,2,3,19,3,,4,DE GAULLE ( AVE CHARLES) 01 AU 85,0,,2,2,0,1,(1),(1),1,, -1,1,0,1,50,16,8,1,33,33529,2,1,0,3,DE GAULLE ( AVE CHARLES) 01 AU 85,44.63349,-1.14161,14,2,2
202100035788,137Â 733,B01,1,1,1,1,2,6,-1,-1, -1,-1,2021,50.0,1,1,0,2,2,1,1,,4,,0,,4,1,0,1,0,0,1,, -1,1,0,1,50,8,6,1,92,92002,2,1,0,3,BACONNETS (RUE DES),48.7406425016,2.2977287516,8,2,2
202100021832,162Â 603,A01,1,1,1,5,1,-1,-1,0,0,-1,2021,62.0,1,2,4,0,1,0,1,,1,7,-1,,3,5,0,1,141,300,1,, -1,1,0,1,130,30,8,1,26,26324,1,1,0,6,Autoroute A7,44.337453,4.73793,13,1,1
202100019754,166Â 333,A01,10,3,1,0,0,-1,-1,5,5,2,2021,8.0,2,2,9,1,3,9,0,,4,JEAN JAURES (BOULEVARD) 1/61 - COTE IMPA,0,,3,1,0,1,0,0,1,, -1,2,6,4,10,10,9,5,92,92012,2,1,1,6,JEAN JAURES (BOULEVARD) 1/61 - COTE IMPA,48.8402421409,2.2397853434,20,2,1
202100044381,122Â 342,A01,3,2,1,5,1,-1,-1,0,0,-1,2021,4.0,2,2,4,0,6,1,1,,1,6,-1,,1,5,0,1,394,300,1,, -1,2,0,1,130,11,4,1,71,71583,1,1,1,7,Autoroute A6 de Lyon Ã  Paris,46.257939,4.794974,15,6,1
202100014411,175Â 939,B01,1,1,1,5,2,-1,-1,0,0,-1,2021,6.0,2,1,0,2,5,19,5,,4,RUE CORBINEAU,0,,2,2,0,1,(1),(1),1,, -1,1,0,1,30,8,10,1,75,75112,2,3,0,3,RUE CORBINEAU,48.838593,2.381221,16,2,2
202100006768,189Â 690,B01,1,1,1,9,2,-1,-1,0,0,-1,2021,16.0,2,1,1,2,7,17,1,,3,10,-1,E,2,2,0,2,(1),(1),1,,"5,5",1,0,1,50,22,11,1,40,40075,2,1,0,3,Rue Sainte HÃ©lÃ¨ne,43.88059,-1.148912,14,2,2
202100016528,172Â 086,B01,1,1,1,0,8,0,-1,-1, -1,-1,2021,20.0,3,1,0,9,1,1,6,,4,,0,,2,2,0,1,0,0,1,, -1,1,9,1,50,26,9,5,94,94003,2,9,0,1,FABIEN (BOULEVARD DU COLONEL),48.8018175789,2.3357587865,1,2,2