Num_Acc,id_vehicule,num_veh,place,catu,sexe,trajet,secu1,secu2,secu3,locp,actp,etatp,year_acc,victim_age,senc,catv,obs,obsm,choc,manv,motor,occutc,catr,voie,v1,v2,circ,nbv,vosp,prof,pr,pr1,plan,lartpc,larrout,surf,infra,situ,vma,jour,mois,lum,dep,com,agg_,int,atm,col,adr,lat,long,hour,nb_victim,nb_vehicules
202100054733,103Â 957,B01,1,1,1,5,1,-1,-1,0,0,-1,2021,53.0,2,2,0,2,1,1,1,,3,11,0,D,2,2,1,1,1,100,1,, -1,2,0,1,50,17,1,5,973,97311,2,3,1,2,Rue Joseph Symphorien,5.491085,-54.032248,21,4,2
202100036424,136Â 599,A01,10,3,1,2,0,-1,-1,3,3,2,2021,6.0,3,1,0,1,1,19,5,,4,ALLONNEAU(AUGUSTE) BOULEVARD,0,,2,2,0,1,1,0,1,, -1,1,0,1,50,3,6,1,49,49007,2,1,0,6,ALLONNEAU(AUGUSTE) BOULEVARD,47.484,-0.5269,17,2,1
202100024446,157Â 981,B01,1,1,1,3,2,6,9,0,0,-1,2021,24.0,1,1,0,2,1,2,1,,3,11,-1,,3,2,0,1,16,380,1,,"5,5",1,2,1,80,10,8,1,66,66037,1,9,0,2,DÃ©partementale D 11,42.714377,3.014835,11,2,2
202100024314,158Â 206,A01,1,1,1,9,1,0,-1,0,0,-1,2021,38.0,1,2,0,2,4,2,1,,4,BOULEVARD ORNANO,0,,2,6,0,1,(1),(1),1,, -1,1,0,1,50,12,8,5,75,75118,2,1,0,2,BOULEVARD ORNANO,48.896459,2.345602,23,2,2
202100005655,191Â 682,A01,1,1,1,4,1,0,-1,-1, -1,-1,2021,56.0,2,3,0,2,3,2,1,1.0,3,EUGENE RENAULT (R),0,,2,2,0,1,1,0,1,, -1,1,0,1,50,29,11,1,94,94046,2,1,0,2,Rue EugÃ¨ne Renault,48.815,2.419,8,2,2
202100022673,161Â 091,A01,10,3,1,0,0,-1,-1,2,3,1,2021,25.0,1,5,0,1,0,0,0,,4,,0,,1,1,0,1,0,0,1,, -1,1,0,1,50,25,8,1,92,92044,2,1,0,6,VOLTAIRE(RUE)1A51 ET2A40,48.89199,2.28437,15,2,1
202100054801,103Â 838,C01,1,1,2,0,1,-1,-1,0,0,-1,2021,56.0,2,2,0,2,1,0,1,,3,84,0,D,2,2,0,2,2,100,1,, -1,1,0,1,80,13,1,2,83,83136,1,1,0,5,Chemin Departemental 84 Dit Pont de Fer,43.463635,6.278515,17,3,3
202100021888,162Â 509,A01,2,2,1,5,1,-1,-1,0,0,-1,2021,24.0,2,2,0,2,3,0,1,,3,26,-1,,2,2,0,1,2,925,1,, -1,1,2,1,70,30,8,1,17,17058,1,1,0,1,D26,45.847255,-1.170452,15,4,2
202100031463,145Â 509,A01,10,3,2,1,0,-1,-1,3,3,1,2021,51.0,1,1,0,1,0,0,1,,3,992,0,,2,2,0,1,13,700,3,, -1,1,0,1,30,2,7,1,74,74131,2,1,1,6,Pl de l Eglise,46.019384,5.930595,7,2,1
202100049261,113Â 706,B01,1,1,1,3,1,5,-1,-1, -1,-1,2021,66.0,2,2,0,2,4,1,1,,3,JUIN (AVE DU MARECHAL),0,,2,2,0,2,4,400,1,, -1,2,0,1,70,22,2,1,30,30007,2,1,1,2,JUIN (AVE DU MARECHAL),44.12824,4.10664,15,2,2
202100015793,173Â 440,A01,2,2,1,5,1,-1,-1,0,0,-1,2021,26.0,1,2,0,2,1,1,1,,3,97,-1,,2,2,0,1,12,500,1,, -1,1,0,1,50,1,10,3,83,83130,2,1,0,6,Quartier le Logis Neuf,43.1805739918,6.0454447355,20,4,2
202100047391,117Â 060,A01,1,1,1,1,2,6,-1,0,0,-1,2021,35.0,3,1,0,2,3,2,1,,4,ROUTE DES LACS A PASSY,0,,2,1,0,1,(1),(1),1,, -1,1,0,1,50,18,3,1,75,75116,2,2,0,2,ROUTE DES LACS A PASSY,48.857848,2.262939,9,2,2
202100008244,186Â 978,A01,1,1,1,4,2,6,-1,-1,0,-1,2021,32.0,3,1,0,2,2,1,1,,4,MOULIN JEAN,0,,2,2,0,1,(1),(1),1,, -1,2,0,1,50,13,11,5,95,95277,2,3,1,3,MOULIN JEAN,48.99504,2.42825,20,2,2
202100035778,137Â 755,B01,1,1,1,0,1,0,-1,-1, -1,-1,2021,23.0,1,2,0,2,4,1,1,,3,"""PAUL VAILLANT COUTURIER (AVENUE """"DU 01",0,,2,4,0,1,0,1,3,, -1,1,0,1,50,8,6,1,93,93007,2,1,0,4,"""PAUL VAILLANT COUTURIER (AVENUE """"DU 01",48.9294262846,2.4804103374,20,4,3
202100054479,104Â 385,B01,1,1,2,0,2,0,-1,-1, -1,-1,2021,32.0,2,1,0,2,8,1,5,,4,ROBESPIERRE (R),0,,1,2,0,1,0,0,1,, -1,1,0,1,50,19,1,1,94,94041,2,1,0,3,ROBESPIERRE (R),48.81059,2.38419,17,2,2
202100036691,136Â 129,A01,1,1,1,0,8,-1,-1,0,0,-1,2021,21.0,1,2,2,0,1,1,1,,3,941,0,D,2,2,0,1,0,109,1,, -1,1,0,8,80,4,6,2,80,80085,1,1,0,6,D941,50.199496,2.086681,5,1,1
202100007645,188Â 082,A01,1,1,1,1,8,0,-1,-1, -1,-1,2021,21.0,1,1,0,2,1,25,3,,4,Avenue Georges CLEMENCEAU,0,,-1,1,0,1,(1),(1),1,, -1,1,0,4,50,12,11,1,7,7102,2,6,0,3,Avenue Georges CLEMENCEAU,44.93204,4.87377,8,2,2
202100025541,156Â 019,A01,1,1,1,5,2,6,-1,0,0,-1,2021,31.0,2,1,3,0,7,1,1,,1,352,0,A,3,4,0,1,9,580,3,, -1,1,3,1,110,6,8,1,67,67101,1,4,0,6,A352 PR 009+580,48.520179,7.501441,18,1,1
202100007798,187Â 808,B01,1,1,2,5,1,8,-1,-1, -1,-1,2021,26.0,2,2,0,2,4,1,1,,3,194E,0,,2,2,0,2,0,145,1,, -1,1,0,1,50,15,11,1,56,56098,2,1,0,2,BOLLARDIERE (RUE  GEN. DE ),47.77775,-3.34077,14,2,2
202100049380,113Â 495,B01,1,1,2,0,1,0,-1,-1, -1,-1,2021,44.0,1,2,0,2,4,0,1,,4,ALSACE LORRAINE D',0,,-1,2,0,1,0,0,1,, -1,1,0,1,50,3,3,1,64,64445,2,1,0,2,ALSACE LORRAINE D',43.303194,-0.363286,8,2,2
202100020203,165Â 521,B01,1,1,1,0,2,0,-1,-1, -1,-1,2021,24.0,2,1,0,2,7,1,1,,1,86,0,,3,4,0,1,0,500,1,, -1,1,0,1,90,8,9,1,92,92050,1,1,0,3,A86,48.9043911734,2.2073453665,8,2,2
202100018963,167Â 744,B01,1,1,1,0,2,-1,-1,-1, -1,-1,2021,36.0,1,1,0,2,7,19,3,,7,RTE DE LAUNAGUET,0,,2,2,0,1,42,5,1,, -1,1,0,1,50,13,9,1,31,31555,2,9,0,3,RTE DE LAUNAGUET,43.65341,1.43768,12,2,2
202100053885,105Â 428,B01,1,1,2,0,1,-1,-1,0,0,-1,2021,51.0,0,2,0,0,4,2,1,,3,1017,0,D,2,2,0,1,19,100,1,, -1,5,0,1,80,24,1,1,60,60238,1,1,1,2,D1017,49.270281,2.58908,15,2,2
202100042442,125Â 757,A01,1,1,1,9,1,0,-1,-1, -1,-1,2021,16.0,3,2,8,2,1,19,1,,3,D.306,0,,2,3,0,1,8,308,1,, -1,1,5,1,70,26,4,5,77,77495,2,3,0,3,D.306,48.5681,2.6261,2,5,2
202100002285,197Â 699,A01,10,3,1,0,0,-1,-1,3,3,1,2021,46.0,1,2,0,1,1,1,1,,3,REPUBLIQUE (AVE DE LA ) 43/106 =>,0,,2,2,0,1,0,1,1,, -1,1,0,1,50,18,12,1,93,93001,2,1,0,6,REPUBLIQUE (AVE DE LA ) 43/106 =>,48.90435,2.39135,10,2,1
202100025876,155Â 433,A01,10,3,1,1,0,-1,-1,4,3,1,2021,33.0,1,2,0,1,2,16,1,,3,AV GALLIENI,0,,3,4,0,1,1,0,1,, -1,1,0,1,50,2,8,5,94,94067,2,2,0,6,Avenue Gallieni,48.84658,2.41647,4,2,1
202100020664,164Â 694,A01,1,1,2,1,8,0,-1,-1, -1,-1,2021,21.0,3,2,7,0,1,9,1,,2,N118,0,,1,1,0,1,4,199,4,, -1,1,0,3,50,5,9,3,78,78640,1,1,0,6,N118,48.77653,2.22129,23,1,1
202100050994,110Â 524,A01,1,1,1,5,0,-1,-1,0,0,-1,2021,31.0,1,2,2,0,3,17,1,,3,1086,0,R,2,2,0,1,7,600,3,, -1,1,0,8,70,20,2,1,42,42056,1,1,0,6,D1086,45.394036559,4.742947787,8,1,1
202100010783,182Â 464,B01,1,1,1,0,2,6,9,0,0,-1,2021,17.0,1,1,0,2,1,1,1,,3,20,0,D,2,2,0,1,(1),(1),1,,4,1,0,1,80,27,10,1,22,22085,1,3,0,1,Pont Begou,48.815398,-3.190906,15,2,2
202100052569,107Â 757,A01,10,3,2,5,0,-1,-1,2,3,1,2021,48.0,3,1,0,1,1,1,5,,4,ROUTE ROYALE DE BEAUTE,0,,1,2,2,1,(1),(1),1,, -1,1,-1,5,50,4,2,1,75,75112,2,1,0,6,ROUTE ROYALE DE BEAUTE,48.834572,2.440255,16,2,1
202100028877,150Â 105,A01,1,1,2,0,2,8,-1,-1, -1,-1,2021,32.0,0,1,0,0,0,1,1,,4,DU PONANT (RUE),0,,2,0,0,1,0,0,1,, -1,1,0,1,30,13,7,1,92,92078,2,1,0,7,DU PONANT (AVENUE),48.9440996409,2.3275889018,9,1,1
202100015730,173Â 548,A01,2,2,1,5,1,-1,-1,-1,0,-1,2021,57.0,1,2,0,2,6,2,1,,1,AUTOROUTE A15,0,,3,8,0,1,8,0,3,, -1,1,0,1,110,1,10,1,95,95582,1,1,0,4, A15,48.9640200874,2.2634734115,9,5,3
202100040815,128Â 667,A01,1,1,1,5,8,-1,-1,0,0,-1,2021,50.0,2,2,16,0,1,1,1,,3,951,0,,2,2,0,2,15,50,2,, -1,1,0,8,80,8,5,1,18,18130,1,1,0,7,D951,46.652938,2.376695,19,1,1
202100009121,185Â 406,A01,1,1,1,9,2,0,-1,0,0,-1,2021,26.0,2,1,0,2,2,1,1,,4,AVENUE PARMENTIER,0,,2,2,0,1,(1),(1),1,, -1,1,0,1,50,6,11,1,75,75111,2,2,0,3,AVENUE PARMENTIER,48.866671,2.373495,8,2,2
202100047293,117Â 229,A01,2,2,1,5,2,-1,-1,0,0,-1,2021,22.0,1,1,0,0,0,1,1,,3,945,-1,,2,2,0,1,5,10,1,, -1,1,0,8,90,21,3,1,5,5147,1,1,0,7,route du domaine rd 945,44.662106,6.108956,11,2,1
202100019531,166Â 719,A01,1,1,1,5,1,0,-1,-1, -1,-1,2021,90.0,3,2,0,2,1,16,1,,4,,0,,2,2,0,1,0,0,3,, -1,1,0,1,50,11,9,1,92,92048,2,3,0,1,GEORGES MILLANDY (RUE),48.7848286609,2.2322350711,12,3,2
202100011525,181Â 116,B01,1,1,1,0,2,8,-1,-1, -1,-1,2021,16.0,1,1,0,0,0,0,1,,3,MONTABO (ROUTE DE) 2,0,,2,1,0,1,3,100,1,, -1,1,0,1,50,22,10,1,973,97302,2,9,0,3,MONTABO (ROUTE DE) 2,4.9354239936,-52.2946801187,7,2,2
202100009343,185Â 006,A01,1,1,2,0,1,-1,-1,0,0,-1,2021,33.0,1,2,8,2,4,1,1,,3,785,-1,D,2,2,0,1,64,500,1,, -1,1,0,1,80,5,11,3,29,29020,1,1,0,2,D785 - Menhir Al Leurguer,48.058506,-4.023077,21,2,2
202100030203,147Â 781,B01,10,3,1,0,0,-1,-1,2,9,1,2021,51.0,1,2,0,2,6,23,1,,4,NOTRE DAME (BOULEVARD),0,,1,0,0,2,0,0,1,, -1,1,0,1,50,7,7,1,13,13206,2,1,0,2,NOTRE DAME (BOULEVARD),43.2874620117,5.3736044099,19,3,2
202100020519,164Â 957,A01,1,1,1,5,2,-1,-1,-1, -1,-1,2021,79.0,3,1,13,0,1,14,5,,3,COUPLETS (ROUTE DES),0,,2,2,0,2,(1),(1),1,, -1,1,0,1,70,4,9,1,50,50602,1,1,0,6,COUPLETS (ROUTE DES),49.65041,-1.55353,15,1,1
202100031280,145Â 830,A01,1,1,2,5,1,0,-1,-1, -1,-1,2021,27.0,1,2,4,0,8,21,1,,1,AUTOROUTE A86,0,,1,2,0,2,51,599,1,, -1,1,0,1,70,3,7,1,94,94034,1,1,0,7,AUTOROUTE A86,48.7602012934,2.3206169189,20,3,3
202100016605,171Â 953,A01,2,2,2,5,1,0,-1,-1, -1,-1,2021,19.0,1,2,0,0,7,0,1,,2,RN 104,0,,3,6,0,1,36,0,1,, -1,2,0,1,90,27,9,1,91,91174,1,1,1,7,RN 104,48.61046,2.4441,11,2,1
202100045994,119Â 544,B01,1,1,1,0,2,0,-1,-1, -1,-1,2021,55.0,1,1,0,2,1,19,5,,3,LAGNY (RUE DE),0,,1,2,2,1,1,1,1,, -1,1,0,1,30,30,3,1,93,93048,2,9,0,1,LAGNY (RUE DE),48.8491973896,2.4225370244,19,2,2
202100023606,159Â 440,A01,10,3,2,5,0,-1,-1,2,3,2,2021,21.0,1,2,0,1,3,1,1,,4,TZAREWITCH (BD DU),0,,2,2,0,1,(1),(1),1,, -1,1,6,8,30,18,8,1,6,6088,2,1,0,6,TZAREWITCH (BD DU),43.70267,7.25562,13,3,1
202100008089,187Â 274,B01,1,1,2,1,1,-1,-1,0,0,-1,2021,54.0,1,2,4,0,4,2,1,,3,323,-1,,3,4,0,1,44,138,1,, -1,1,0,1,110,16,11,3,72,72058,1,1,0,2,D323,47.994115,0.285666,4,2,2
202100030696,146Â 892,B01,1,1,2,0,2,6,-1,-1, -1,-1,2021,29.0,2,1,0,2,1,2,1,,7,SAINT ROCH (AVE),0,,2,2,0,1,1,580,1,, -1,1,0,1,50,11,3,1,83,83137,2,1,0,3,SAINT ROCH (AVE),43.12977,5.92054,16,2,2
202100042857,125Â 060,A01,2,2,1,5,2,8,-1,-1, -1,-1,2021,16.0,2,1,0,2,1,2,1,,3,PREMIER CHASSEUR (BOULEVARD DU),0,,2,2,0,1,3,950,1,, -1,1,0,1,50,23,4,1,61,61001,2,1,0,2,PREMIER CHASSEUR (BOULEVARD DU),48.437659,0.08705,16,7,2
202100044232,122Â 602,B01,1,1,2,5,1,0,-1,-1, -1,-1,2021,55.0,1,2,3,2,5,12,1,,1,A86 INT,0,,3,4,0,1,43,0,1,, -1,1,0,1,90,12,4,2,94,94081,1,1,0,3,A86 INT,48.7741495852,2.4071918252,7,2,2
202100008548,186Â 457,A01,1,1,2,0,8,-1,-1,0,0,-1,2021,34.0,1,2,1,0,2,17,1,,3,164,0,D,2,2,0,1,35,400,1,, -1,1,0,3,90,10,11,1,88,88079,1,1,0,2,,48.215852,5.827636,11,2,2
202100005603,191Â 791,A01,1,1,1,9,8,-1,-1,0,0,-1,2021,28.0,2,2,3,0,1,11,1,,1,8,0,,3,3,0,1,61,700,1,, -1,1,0,5,130,29,11,3,83,83140,1,1,0,5,A8,43.433406,5.935004,21,4,4
202100038458,132Â 903,A01,1,1,1,5,2,7,-1,0,0,-1,2021,53.0,2,1,13,0,3,17,3,,7,572,0,D,2,2,0,1,8,700,1,, -1,1,0,3,70,11,5,1,13,13009,1,1,0,7,D572,43.623153,5.20503,19,3,2
202100050123,112Â 138,A01,2,2,1,5,1,-1,-1,0,0,-1,2021,24.0,3,2,0,0,9,1,1,,9,,-1,,-1,1,0,2,(1),(1),1,, -1,1,0,8,-1,25,2,1,13,13060,1,1,0,7,chemin de la guiramande - chemin DFCI,43.489249,5.468037,16,2,1
202100046519,118Â 633,A01,10,3,2,0,0,-1,-1,2,9,1,2021,21.0,1,5,0,1,4,20,1,,4,PHALSBOURG (RUE DE),0,,1,1,2,1,(1),(1),1,, -1,1,-1,1,30,26,3,1,54,54395,2,1,0,6,PHALSBOURG (RUE DE),48.6834,6.18133,8,2,1
202100008073,187Â 303,A01,1,1,1,5,2,-1,-1,0,0,-1,2021,16.0,1,1,0,0,0,13,0,,3,326,-1,,2,2,0,1,2,30,1,, -1,1,0,3,80,16,11,1,9,9105,1,1,0,7,Route dÃ©partementale 326,43.158705,1.295593,16,1,1
202100004273,194Â 119,B01,1,1,2,0,2,6,-1,-1, -1,-1,2021,50.0,2,1,0,2,2,1,1,,3,DOUVENANT (RUE DE),0,,1,2,0,1,1,0,2,, -1,2,0,1,50,6,12,1,22,22106,2,6,1,3,DOUVENANT (RUE DE),48.50026,-2.72957,9,2,2
202100012531,179Â 313,B01,3,2,2,5,1,-1,-1,0,0,-1,2021,94.0,1,2,0,2,8,1,1,,3,809,-1,D,2,2,0,1,11,937,1,, -1,1,0,1,80,17,10,1,61,61232,1,2,0,3,La Menardiere Nord,48.64461,-0.665628,18,5,2
202100052103,108Â 575,A01,1,1,1,5,2,0,-1,-1, -1,-1,2021,45.0,1,1,0,0,1,2,1,,3,ROUTE DEPARTEMENTALE 3,0,,2,2,0,1,5,0,1,, -1,1,0,1,60,8,2,5,972,97213,1,1,0,6,ROUTE DEPARTEMENTALE 3,14.63,-60.99,0,1,1
202100047820,116Â 278,B01,1,1,1,1,2,6,-1,0,0,-1,2021,61.0,1,1,0,2,1,17,1,,4,TASSIGNY (AVENUE DELATTRE)RD 6085,0,,2,2,0,2,(1),(1),1,, -1,1,0,1,50,16,3,1,6,6069,2,1,0,3,TASSIGNY (AVENUE DELATTRE)RD 6085,43.647994,6.92861,18,2,2
202100043951,123Â 116,B01,1,1,1,4,1,-1,-1,0,0,-1,2021,24.0,1,5,0,2,1,2,1,,2,137,0,N,3,4,0,2,9,0,1,, -1,1,0,1,110,15,4,1,35,35098,1,1,0,2,RN137,47.786045,-1.696969,10,2,2
202100004089,194Â 434,B01,1,1,2,1,8,0,-1,-1, -1,-1,2021,49.0,3,2,0,2,3,1,1,,7,CREPON  CHEMIN,0,,3,4,0,1,1,0,1,, -1,1,0,1,90,8,12,3,13,13098,1,1,0,1,CREPON  CHEMIN,43.46,5.0062,19,2,2
202100055489,102Â 666,A01,2,2,1,5,1,0,-1,-1, -1,-1,2021,17.0,2,2,0,2,2,10,1,,4,,0,,2,2,1,1,(1),(1),1,, -1,1,0,1,50,10,1,5,37,37261,2,1,0,3,VAILLANT (RUE EDOUARD),47.3894259599,0.6951878071,17,3,2
202100031054,146Â 232,A01,1,1,2,0,1,0,-1,-1, -1,-1,2021,21.0,3,2,6,0,1,1,1,,4,MARCONI GUGLIELMO RUE,0,,2,2,0,1,(1),(1),1,, -1,1,0,8,20,2,7,4,59,59009,2,9,0,6,MARCONI GUGLIELMO RUE,50.61126,3.13488,0,1,1
202100022229,161Â 911,B01,1,1,1,9,2,0,-1,-1, -1,-1,2021,24.0,2,1,0,2,1,0,1,,4,EICHTHAL (RUE D'),0,,1,3,0,1,0,0,1,, -1,1,5,1,50,27,8,1,72,72181,2,2,0,3,EICHTHAL (RUE D'),47.99978,0.18574,19,2,2
202100036756,136Â 003,B01,1,1,1,9,1,-1,-1,-1, -1,-1,2021,54.0,1,2,0,2,2,23,1,,4,YVES FARGES                         (BD),0,,2,3,3,1,(1),(1),1,, -1,2,0,1,50,2,6,1,69,69387,2,1,0,1,YVES FARGE (BD),45.73816,4.82977,12,2,2
202100013883,176Â 882,B01,1,1,1,2,2,0,-1,0,0,-1,2021,17.0,1,1,0,0,8,2,1,,3,PAOUTE (ROUTE ET TRAVERSE DE LA),0,,2,2,0,1,2,821,1,, -1,1,0,1,50,11,10,1,6,6069,1,1,0,7,PAOUTE (ROUTE ET TRAVERSE DE LA),43.633109,6.957532,9,2,2
202100007741,187Â 919,B01,1,1,1,1,1,4,-1,-1, -1,-1,2021,45.0,1,2,0,2,8,1,1,,1,A86 INT,0,,3,3,0,1,39,0,1,, -1,2,0,8,90,17,11,3,94,94028,1,1,1,2,A86 INT,48.7909200219,2.4408531189,6,2,2
202100007892,187Â 634,A01,1,1,2,5,8,-1,-1,0,0,-1,2021,33.0,1,2,2,0,1,0,0,,3,951,-1,,2,2,0,2,6,700,3,, -1,2,0,3,70,16,11,3,23,23207,1,1,0,7,La Malcote,46.2683724905,1.5568828583,22,1,1
202100002495,197Â 314,A01,1,1,1,9,1,-1,-1,0,0,-1,2021,20.0,1,2,6,0,0,0,1,,3,16,-1,,2,2,0,1,(1),(1),1,, -1,2,0,8,-1,19,12,5,59,59372,1,1,0,6,D16,50.0471889408,3.3256173134,3,1,1
202100054657,104Â 093,B01,1,1,1,1,2,6,-1,-1, -1,-1,2021,21.0,1,1,0,2,1,3,1,,1,AUTOROUTE A6,0,,1,3,0,1,11,579,1,, -1,1,0,1,110,18,1,3,91,91161,1,1,0,2,AUTOROUTE A6,48.7197,2.31081,18,2,2
202100044439,122Â 253,A01,10,3,2,5,8,8,-1,3,3,1,2021,71.0,1,2,0,1,2,15,1,,3,BERTRAND (BD. PRESIDENT),0,,1,2,0,1,0,634,2,, -1,1,0,1,50,15,2,1,43,43157,2,3,0,6,1 Boulevard du President Bertrand,45.03634485,3.8818109035,14,4,1
202100001872,198Â 447,A01,10,3,2,1,0,-1,-1,4,3,1,2021,18.0,1,2,0,1,3,26,1,,4,ROMANERIE BOULEVARD,0,,3,2,0,1,1,0,1,, -1,1,0,1,50,21,12,1,49,49267,2,1,0,6,ROMANERIE BOULEVARD,47.4825469938,-0.5028090478,12,2,1
202100044578,122Â 035,E01,1,1,1,-1,2,-1,-1,-1, -1,-1,2021,27.0,1,1,1,2,1,1,-1,,4,MARIUS THOMAS (BOULEVARD),0,,2,2,0,3,(1),(1),3,, -1,1,0,1,50,9,4,2,13,13207,2,4,0,1,MARIUS THOMAS (BOULEVARD),43.2836,5.36335,19,3,2
202100013019,178Â 475,B01,2,2,1,0,2,0,-1,-1, -1,-1,2021,37.0,2,1,0,2,3,3,1,,1,AUTOROUTE A3,0,,3,6,0,1,11,199,1,, -1,1,0,1,90,15,10,3,93,93007,1,1,0,3,AUTOROUTE A3,48.93293,2.48115,19,3,2
202100037322,134Â 960,B01,1,1,1,0,1,0,-1,-1, -1,-1,2021,53.0,2,1,0,2,0,0,5,,3,986,0,,-1,2,0,1,137,0,1,, -1,1,0,1,50,31,5,1,92,92009,2,1,1,3,AGENT SARRE (AV DE L'),48.9261469679,2.2712546368,12,2,2
202100054996,103Â 508,A01,1,1,1,0,1,0,-1,-1, -1,-1,2021,59.0,2,2,0,0,0,2,1,,1,86,0,,3,6,0,1,22,799,1,, -1,1,0,1,90,11,1,1,93,93008,1,1,0,7,AUTOROUTE A86,48.90655,2.4584,13,1,1
202100022324,161Â 732,B01,1,1,1,1,2,-1,-1,0,0,-1,2021,29.0,2,1,0,2,3,10,1,,3,951,-1,D,2,2,0,1,38,500,1,, -1,1,5,1,90,28,8,3,51,51488,1,1,0,3,D951,49.0968994009,3.9786323225,0,2,2
202100014230,176Â 252,A01,1,1,1,4,2,8,-1,-1, -1,-1,2021,30.0,1,1,0,2,1,15,1,,4,ANDRE KARMAN (RUE)  => 136/143,0,,1,2,0,1,0,0,1,, -1,1,0,1,30,9,10,1,93,93001,2,2,0,3,ANDRE KARMAN (RUE)  => 136/143,48.90743,2.38477,16,2,2
202100044854,121Â 543,B01,1,1,1,0,2,0,-1,-1, -1,-1,2021,25.0,1,1,0,2,1,1,1,,3,REPUBLIQUE AVENUE DE LA,0,,2,2,0,1,0,0,1,, -1,1,0,1,50,7,4,1,92,92050,2,3,0,3,REPUBLIQUE AVENUE DE LA,48.9102947493,2.2191792727,8,2,2
202100003145,196Â 147,A01,10,3,2,3,8,8,-1,4,3,1,2021,60.0,3,2,0,1,1,1,1,,4,MIRABEAU (COURS),0,,2,2,0,1,(1),(1),1,, -1,1,9,1,50,12,12,2,11,11262,2,3,0,6,MIRABEAU (COURS),43.18226,3.00429,17,2,1
202100009977,183Â 870,A01,10,3,1,5,0,-1,-1,6,1,2,2021,45.0,0,2,0,1,2,1,1,,4,0,0,A,2,2,0,4,(1),(1),1,, -1,2,0,1,50,1,11,2,69,69200,2,1,0,6,PLAT DU MONT,45.8549493677,4.4712146589,16,2,1
202100038766,132Â 321,A01,10,3,2,2,0,-1,-1,3,3,1,2021,15.0,1,1,0,1,1,17,1,,4,VICTOR HUGO (AVENUE),0,,1,2,0,1,(1),(1),1,, -1,1,0,1,50,21,5,1,12,12202,2,1,0,6,Avenue Victor Hugo,44.35111,2.57059,17,2,1
202100007308,188Â 686,A01,1,1,1,4,1,-1,-1,0,0,-1,2021,30.0,2,4,11,0,1,6,1,,2,RN88 (ROCADE),0,,3,1,0,2,51,0,3,, -1,1,3,3,70,18,11,5,12,12174,1,1,0,6,RN88 (ROCADE),44.33438,2.55468,4,1,1
202100002376,197Â 535,B01,1,1,1,0,2,6,-1,-1, -1,-1,2021,28.0,2,1,0,2,1,1,1,,3,POMPIDOU (AVENUE GEORGES),0,,-1,2,0,1,0,0,1,, -1,1,0,1,50,16,12,5,91,91645,2,2,0,3,POMPIDOU (AVENUE GEORGES),48.7511,2.2778,18,2,2
202100029141,149Â 658,C01,1,1,2,1,1,8,-1,0,0,-1,2021,36.0,2,2,0,2,1,0,3,,2,RN 7 (Bouquet-Sarda),0,,2,2,0,1,89,815,1,, -1,1,0,1,50,13,7,1,26,26198,2,1,0,5,RN 7 (Bouquet-Sarda),44.55866,4.72964,8,3,3
202100001605,198Â 936,A01,1,1,1,5,1,-1,-1,-1, -1,-1,2021,29.0,2,2,3,0,1,1,1,,7,PREMIERE DFL (AVENUE),0,,3,4,0,1,(1),(1),1,, -1,1,0,1,70,23,12,5,29,29019,1,1,0,1,D205 - Avenue 1Ã¨re D.f.l.,48.39204,-4.54666,21,2,2
202100008052,187Â 339,Z01,10,3,1,4,8,8,-1,2,3,1,2021,57.0,1,1,0,1,1,5,5,,4,AVENUE DE LA REPUBLIQUE,0,,1,1,1,1,(1),(1),1,, -1,2,-1,5,30,15,11,1,75,75111,2,3,1,6,AVENUE DE LA REPUBLIQUE,48.866641,2.367358,15,2,1
202100004458,193Â 796,B01,1,1,1,5,2,-1,-1,0,0,-1,2021,77.0,0,1,0,2,1,1,5,,4,,-1,,2,2,0,2,(1),(1),1,,5,1,0,1,-1,13,11,1,34,34123,2,6,0,7,ROND POINT CHARLES DE GAULLE,43.6138557423,3.8108941434,11,2,2
202100039990,130Â 112,B01,1,1,2,1,2,6,-1,0,0,-1,2021,18.0,1,1,0,2,0,1,1,,3,55,-1,,4,1,0,1,(1),(1),2,, -1,4,5,1,50,14,5,1,201,201130,2,6,1,3,Terra Bella,41.888637,8.81177,10,2,2
202100000799,200Â 288,B01,1,1,1,5,2,-1,-1,0,0,-1,2021,17.0,1,1,0,2,1,1,1,,3,1,0,,2,2,0,1,13,440,1,,4,2,5,1,50,29,12,2,86,86007,2,2,0,3,D1,46.853705,0.53597,15,4,2
202100044581,122Â 030,B01,1,1,1,4,1,0,-1,-1, -1,-1,2021,50.0,1,5,0,2,8,1,1,,4,BOISERAIE (RUE),0,,-1,2,0,1,0,0,1,, -1,1,0,8,30,9,4,1,13,13212,2,9,0,3,BOISERAIE (RUE),43.29674,5.42199,7,2,2
202100044058,122Â 925,A01,10,3,1,3,0,-1,-1,3,3,1,2021,51.0,1,5,0,1,1,16,1,,4,MOULIN JEAN (AVE) NR 10 A 20 ET  13 A 17,0,,2,2,0,1,0,0,1,, -1,1,6,1,30,11,4,1,93,93066,2,3,0,6,MOULIN JEAN (AVE) NR 10 A 20 ET  13 A 17,48.9403429078,2.3634668189,18,2,1
202100009145,185Â 365,A01,6,2,1,5,1,-1,-1,0,0,-1,2021,19.0,2,2,0,2,3,1,1,,3,27,-1,,2,2,0,1,16,50,4,, -1,1,0,1,80,7,11,1,74,74306,1,1,0,1,route de la roche,46.051537,6.154897,16,6,2
202100015213,174Â 507,A01,10,3,2,0,8,8,-1,6,3,1,2021,24.0,2,5,0,1,2,1,1,,1,AUTOROUTE A1,0,,3,6,0,1,11,500,1,, -1,1,0,2,110,5,10,3,93,93005,1,1,0,6,AUTOROUTE A1,48.9579,2.46301,3,2,1