Num_Acc,id_vehicule,num_veh,place,catu,sexe,trajet,secu1,secu2,secu3,locp,actp,etatp,year_acc,victim_age,senc,catv,obs,obsm,choc,manv,motor,occutc,catr,voie,v1,v2,circ,nbv,vosp,prof,pr,pr1,plan,lartpc,larrout,surf,infra,situ,vma,jour,mois,lum,dep,com,agg_,int,atm,col,adr,lat,long,hour,nb_victim,nb_vehicules
202100036130,137Â 102,D01,1,1,1,0,1,-1,-1,0,0,-1,2021,25.0,1,2,0,9,0,5,1,,2,31,-1,,2,2,0,2,19,469,1,, -1,1,0,1,80,7,6,1,51,51391,1,1,0,5,N31,49.271277,3.900146,11,7,5
202100028810,150Â 223,A01,1,1,1,5,8,0,-1,-1, -1,-1,2021,80.0,2,1,12,0,0,1,5,,4,VERDUN (AVENUE DE),0,,3,3,0,1,(1),(1),1,, -1,2,0,4,50,13,7,1,74,74012,2,1,1,7,VERDUN (AVENUE DE),46.1888552095,6.2439879117,10,1,1
202100006503,190Â 177,A01,1,1,1,1,1,-1,-1,0,0,-1,2021,25.0,2,2,0,2,9,1,1,,3,6,0,D,2,2,0,2,(1),(1),2,, -1,2,0,1,80,25,11,3,22,22345,1,1,1,1,Saint-Mieux,48.322571,-2.555881,4,4,2
202100056340,101Â 192,A01,1,1,1,5,8,0,-1,-1, -1,-1,2021,20.0,1,1,0,2,1,1,1,,4,,0,,2,2,0,2,0,0,1,, -1,1,0,1,50,2,1,1,15,15014,2,2,0,3,PRADES (AVENUE DES),44.9165,2.43673,15,2,2
202100003566,195Â 375,A01,10,3,2,0,0,-1,-1,1,9,1,2021,28.0,1,2,0,1,5,4,1,,4,L'HOUEZEL (ROUTE DE),0,,2,2,0,2,(1),(1),1,, -1,2,0,1,30,10,12,1,971,97113,2,1,1,6,L'HOUEZEL (ROUTE DE),16.2032,-61.47552,7,2,1
202100005746,191Â 526,A01,1,1,2,9,1,0,-1,-1, -1,-1,2021,22.0,2,2,2,0,1,14,1,,3,ROCHER CANON,0,,2,2,0,2,2,510,2,, -1,2,0,3,70,28,11,1,77,77186,1,4,1,6,D58,48.38529,2.72101,10,1,1
202100009006,185Â 618,A01,1,1,2,0,2,6,-1,0,0,-1,2021,43.0,2,1,0,2,1,0,1,,4,L,0,L,2,2,0,2,(1),(1),2,, -1,1,0,1,50,8,11,1,64,64256,2,1,0,3,10 chemin Antsoenia,43.384345,-1.317576,11,2,2
202100030773,146Â 755,A01,1,1,1,0,2,8,-1,-1, -1,-1,2021,19.0,0,1,1,2,8,1,1,,6,BAS DU FORT,0,,-1,-1,0,1,(1),(1),1,, -1,1,0,1,30,1,7,1,971,97113,2,2,0,3,BAS DU FORT,16.21844,-61.51608,14,2,2
202100012017,180Â 231,A01,10,3,1,2,0,-1,-1,8,7,1,2021,15.0,1,2,0,1,2,7,1,,4,BALZAC (SQUARE),0,,1,1,3,1,0,0,1,, -1,1,0,1,30,18,10,1,49,49328,2,1,0,6,BALZAC (SQUARE),47.25234,-0.08236,17,2,1
202100029719,148Â 671,A01,1,1,1,5,1,0,-1,-1, -1,-1,2021,42.0,1,2,0,2,4,2,1,,1,A50-Sens Marseille vers Aubagne,0,,1,3,0,1,10,0,1,, -1,1,0,1,90,9,7,1,13,13070,1,1,0,2,A50-Sens Marseille vers Aubagne,43.28557,5.51288,20,3,2
202100028538,150Â 708,A01,2,2,1,5,1,-1,-1,0,0,-1,2021,7.0,2,2,6,0,2,1,1,,3,817,0,,2,2,0,1,67,297,1,, -1,1,0,3,80,17,7,1,31,31246,1,1,0,6,D817,43.112228,0.853357,16,5,1
202100045443,120Â 508,A01,1,1,1,0,1,8,-1,-1, -1,-1,2021,22.0,3,2,1,0,1,21,1,,4,GEORGES DENANCE (RUE),0,,2,2,0,1,0,0,1,, -1,1,0,1,50,1,4,5,93,93071,2,1,0,6,GEORGES DENANCE (RUE),48.93139,2.53807,21,1,1
202100007996,187Â 440,B01,1,1,1,0,2,8,-1,-1, -1,-1,2021,18.0,2,1,0,2,1,1,1,,4,NIEPCE (AVENUE NICEPHORE),0,,3,4,0,1,(1),(1),1,, -1,1,5,1,50,9,11,1,71,71076,2,2,0,3,NIEPCE (AVENUE NICEPHORE),46.7790643261,4.8499776311,15,2,2
202100035041,139Â 059,A01,1,1,1,0,2,6,-1,-1, -1,-1,2021,53.0,2,1,1,0,1,1,1,,3,GENERAL LECLERC (RUE DU),0,,2,2,3,1,(1),(1),1,, -1,1,0,1,50,11,6,1,10,10321,2,1,0,2,GENERAL LECLERC (RUE DU),48.291107605,4.0323472023,19,2,2
202100033439,142Â 002,B01,1,1,1,0,2,0,-1,-1, -1,-1,2021,19.0,1,1,0,2,2,3,1,,4,PASTEUR (AV.),0,,2,2,0,1,1,0,1,, -1,1,0,1,30,19,6,1,93,93010,2,1,0,3,PASTEUR (AV.),48.904032,2.484483,15,2,2
202100029019,149Â 860,A01,1,1,2,0,0,-1,-1,0,0,-1,2021,77.0,0,2,0,0,0,23,1,,4,,-1,,2,2,0,1,(1),(1),1,,4,1,0,1,50,15,7,1,33,33236,2,1,0,7,26 Chemin du Bourgeon,44.787105,-1.151998,13,1,1
202100002655,197Â 038,A01,1,1,1,1,2,0,-1,-1, -1,-1,2021,25.0,1,1,12,2,1,2,1,,3,AV ROUGET DE L ISLE ,0,,3,4,0,1,1,0,1,, -1,1,0,1,50,15,12,5,94,94081,2,1,0,2,Avenue Rouget de Lisle,48.7824,2.39408,23,2,2
202100018441,168Â 664,B01,2,1,1,9,2,0,-1,-1, -1,-1,2021,23.0,2,1,0,2,7,19,1,,4,,0,,2,2,0,1,0,0,1,, -1,2,0,1,50,14,9,5,92,92025,2,2,0,3,ARISTIDE BRIAND (RUE),48.9150306541,2.2493594885,22,2,2
202100020780,164Â 500,A01,1,1,1,5,1,-1,-1,0,0,-1,2021,39.0,3,2,0,0,1,1,1,,3,RD4,-1,,2,2,0,1,(1),(1),1,, -1,1,0,3,80,5,9,1,24,24340,1,2,0,7,L Homme Mort,44.885028,0.400051,16,1,1
202100037370,134Â 872,A01,1,1,1,0,2,6,-1,0,0,-1,2021,58.0,3,1,0,2,3,1,1,,4,,-1,,2,2,0,1,(1),(1),3,, -1,1,0,1,50,27,5,1,34,34058,2,3,0,1,Rue des CarriÃ¨res,43.684466,3.990338,7,2,2
202100056249,101Â 348,A01,1,1,2,5,2,6,-1,-1, -1,-1,2021,17.0,3,1,0,0,0,1,1,,4,PIECE NOYEE (ROND POINT DE LA),0,,1,1,0,1,0,0,2,, -1,2,9,1,50,3,1,1,64,64102,2,9,1,7,PIECE NOYEE (ROND POINT DE LA),43.498934,-1.481758,15,1,1
202100021950,162Â 389,A01,1,1,1,9,2,0,-1,0,0,-1,2021,20.0,1,1,0,2,1,13,3,,4,AVENUE DU MAINE,0,,2,4,0,2,(1),(1),1,, -1,1,0,1,50,28,8,5,75,75115,2,1,0,1,AVENUE DU MAINE,48.844474,2.320093,2,2,2
202100019552,166Â 684,A01,1,1,1,5,2,-1,-1,0,0,-1,2021,67.0,2,1,0,2,1,1,1,,3,19,-1,,2,2,0,1,10,429,1,, -1,1,0,1,90,12,9,1,61,61158,1,2,0,3,Lieu Dit le Gue de Rouvre,48.672657,-0.304484,9,2,2
202100033533,141Â 833,A01,10,3,1,1,0,-1,-1,1,3,1,2021,17.0,3,3,0,1,2,1,3,,4,ROCKEFELLER                         (AV),0,,2,5,3,1,(1),(1),1,, -1,1,0,1,50,18,6,1,69,69388,2,1,0,6,ROCKEFELLER (AV),45.7425,4.8799,7,2,1
202100001413,199Â 250,A01,1,1,1,5,1,-1,-1,0,0,-1,2021,72.0,1,2,0,2,1,2,1,,1,62,-1,A,3,2,0,1,181,400,1,, -1,2,0,1,130,23,12,3,82,82052,1,1,1,2,A62 pk 181.300,44.005178,1.220663,18,2,2
202100012241,179Â 840,A01,1,1,1,1,2,6,-1,0,0,-1,2021,56.0,2,1,0,2,1,21,1,,4,PORTE DE CLIGNANCOURT,0,,1,4,0,1,22,200,1,, -1,1,0,1,70,19,10,1,75,75118,2,1,0,3,PORTE DE CLIGNANCOURT,48.901134,2.348011,8,2,2
202100001289,199Â 459,A01,1,1,2,0,1,0,-1,-1, -1,-1,2021,44.0,0,2,0,4,1,26,1,,7,MARSEILLE (ROUTE DE ),0,,2,2,0,2,0,0,1,, -1,2,0,8,50,26,12,5,13,13001,2,1,0,1,MARSEILLE (ROUTE DE ),43.47602,5.41381,20,1,1
202100055006,103Â 488,A01,10,3,1,3,0,-1,-1,4,5,2,2021,5.0,2,2,0,1,3,1,1,,4,624,0,,3,5,0,1,0,0,1,, -1,1,5,1,50,4,1,1,988,98818,2,2,0,6,AVENUE DE LA VICTOIRE HENRI LAFLEUR/RUE AUSTERLITZ,-22.27448,166.44111,9,2,1
202100041254,127Â 859,B01,1,1,1,1,1,0,-1,-1, -1,-1,2021,48.0,3,2,0,2,1,1,1,,7,MARYSE BASTIE                       (R ),0,,2,1,0,1,0,1,1,, -1,2,0,1,70,5,5,1,69,69286,1,1,1,1,MARYSE BASTIE (R),45.82874,4.91001,7,2,2
202100041679,127Â 107,A01,1,1,2,0,1,8,-1,-1, -1,-1,2021,22.0,0,2,13,0,1,14,1,,3,BEAUCAIRE (AVENUE DE),0,,-1,1,0,1,999,0,3,, -1,2,0,3,50,30,4,1,7,7102,1,6,1,7,BEAUCAIRE (AVENUE DE),44.92392,4.85671,16,1,1
202100010760,182Â 499,B01,1,1,2,0,1,-1,-1,0,0,-1,2021,31.0,1,2,0,2,8,26,1,,3,562,0,,2,2,0,2,24,800,1,, -1,1,0,5,80,27,10,2,83,83072,1,1,0,3,D562,43.480834,6.325593,7,2,2
202100040491,129Â 227,A01,1,1,1,0,1,0,-1,-1, -1,-1,2021,49.0,3,2,0,2,8,1,0,,7,ALEX ANSALDI (RUE),0,,2,4,0,2,4,300,1,, -1,1,0,1,50,10,5,5,13,13214,2,2,0,3,ALEX ANSALDI (RUE),43.3358,5.3985,22,2,2
202100029154,149Â 633,A01,1,1,1,1,2,6,-1,0,0,-1,2021,39.0,1,1,0,2,7,15,1,,4,BOULEVARD BARBES,0,,2,4,3,1,(1),(1),1,, -1,2,0,6,50,13,7,1,75,75118,2,2,0,3,BOULEVARD BARBES,48.888352,2.349597,7,3,2
202100001041,199Â 903,B01,1,1,1,5,2,8,-1,-1, -1,-1,2021,41.0,3,1,0,2,1,17,1,,7,JEAN PAUL SARTRE (AVENUE),0,,3,4,0,1,1,0,1,, -1,2,9,1,50,24,12,5,13,13213,2,1,1,1,JEAN PAUL SARTRE (AVENUE),43.32753,5.42689,19,2,2
202100038087,133Â 583,A01,10,3,2,2,0,-1,-1,2,3,1,2021,10.0,2,2,0,1,1,15,2,,3,25,0,,2,2,0,1,21,110,1,, -1,1,0,1,50,28,5,1,39,39275,2,3,0,6,234 Grande Rue,46.396385,5.96592,8,2,1
202100045355,120Â 671,A01,1,1,1,4,1,8,-1,-1, -1,-1,2021,36.0,1,2,3,2,7,9,2,,3,R.D.20,0,,2,4,0,1,36,0,1,, -1,1,0,1,50,1,4,1,91,91223,1,9,0,5,R.D.20,48.43318,2.16721,15,4,3
202100048953,114Â 247,A01,1,1,1,1,2,6,-1,0,0,-1,2021,24.0,1,1,0,2,2,3,1,,4,PORTE D AUBERVILLIERS,0,,1,4,0,1,24,200,1,, -1,1,0,1,70,4,3,1,75,75119,2,1,0,2,PORTE D AUBERVILLIERS,48.900368,2.375187,18,2,2
202100028013,151Â 635,A01,10,3,1,0,0,-1,-1,9,9,1,2021,75.0,3,2,1,1,1,13,1,,3,,-1,,2,2,0,2,51,500,1,,5,1,0,8,50,20,7,1,42,42059,2,1,0,6,4 Place de la Poterne,45.637983,4.392333,11,2,1
202100035477,138Â 297,A01,10,3,1,0,0,-1,-1,3,3,1,2021,14.0,1,2,0,1,1,1,1,,4,DESNOYE (BOULEVARD DR. JOSEPH),0,,3,3,0,1,(1),(1),1,, -1,1,0,1,50,9,6,1,66,66136,2,6,0,6,DESNOYE (BOULEVARD DR. JOSEPH),42.7058501412,2.8847882152,8,2,1
202100021395,163Â 404,A01,2,2,2,0,1,0,-1,-1, -1,-1,2021,20.0,2,2,4,0,6,1,1,,2,RN12 EXT,0,,1,1,0,1,31,600,3,, -1,1,0,1,50,2,9,2,78,78208,1,1,0,6,RN12 EXT,48.799208,1.986633,20,3,1
202100052387,108Â 070,Z01,10,3,2,0,8,8,-1,1,3,1,2021,25.0,1,1,1,1,0,21,0,,4,MASSABIELLE (RUE DE),0,,1,1,0,2,(1),(1),1,, -1,1,0,1,50,2,2,1,971,97120,2,1,0,6,MASSABIELLE (RUE DE),16.23528,-61.53033,10,2,1
202100017669,170Â 040,C01,1,1,1,0,1,0,-1,0,0,-1,2021,30.0,3,2,0,2,4,1,1,,4,FRANCE ROUTE DE,0,,2,2,0,2,(1),(1),2,, -1,1,0,1,50,20,9,1,6,6027,2,1,0,4,FRANCE ROUTE DE,43.661629,7.130491,10,4,4
202100042809,125Â 140,B01,1,1,1,3,8,-1,-1,-1, -1,-1,2021,30.0,1,1,0,2,3,1,5,,4,VITTON                              (CO),0,,2,4,1,1,(1),(1),1,, -1,1,0,1,50,23,4,1,69,69386,2,2,0,1,VITTON (CR),45.770097443,4.8596745729,17,2,2
202100019488,166Â 802,B01,1,1,2,5,8,0,-1,-1, -1,-1,2021,37.0,1,1,0,2,2,2,5,,4,BRUYERES RUE DES,0,,2,2,0,1,1,0,1,, -1,1,0,1,50,11,9,1,49,49015,2,1,0,3,BRUYERES RUE DES,47.49617,-0.58613,15,2,2
202100030912,146Â 505,A01,10,3,2,0,0,-1,-1,3,3,1,2021,38.0,3,2,0,1,2,0,1,,3,,-1,,1,1,-1,1,3,849,1,, -1,1,-1,1,-1,5,7,1,6,6079,2,3,0,6,791 Avenue de Frejus Paul Ricard,43.533633,6.931684,17,2,1
202100015154,174Â 623,B01,1,1,1,1,0,-1,-1,0,0,-1,2021,19.0,1,1,0,0,7,1,3,,3,38,0,,2,2,2,1,4,760,1,, -1,1,0,5,50,6,9,2,68,68300,2,6,0,3,56 Rue de Mulhouse,47.779554,7.364713,8,2,2
202100021670,162Â 897,B01,1,1,1,1,2,0,-1,-1, -1,-1,2021,39.0,1,1,0,2,1,1,5,,3,908,0,,-1,1,0,1,0,0,1,, -1,1,0,5,50,31,8,1,92,92026,2,3,0,3,VERDUN (DE 62 A FIN),48.9012950949,2.2599488497,19,2,2
202100026330,154Â 629,B01,1,1,2,9,2,0,-1,0,0,-1,2021,21.0,2,1,0,2,1,1,3,,4,RUE DE VAUGIRARD,0,,1,3,1,1,(1),(1),1,, -1,1,0,5,30,29,7,1,75,75115,2,1,0,3,RUE DE VAUGIRARD,48.840539,2.304715,17,2,2
202100054126,105Â 000,B01,1,1,1,1,2,6,-1,-1, -1,-1,2021,29.0,1,1,0,2,1,1,1,,3,MISSION MARCHAND (COTE PAIR),0,,2,4,0,1,0,0,1,, -1,2,5,1,50,21,1,4,92,92026,2,2,1,3,MISSION MARCHAND (COTE PAIR),48.8977004748,2.2400334477,22,3,2
202100002429,197Â 433,A01,1,1,1,1,1,8,-1,-1, -1,-1,2021,29.0,3,2,8,0,1,14,0,,4,AV EDOUARD BELIN,0,,1,2,0,1,(1),(1),1,, -1,1,0,1,50,17,12,2,31,31555,2,1,0,6,AV EDOUARD BELIN,43.56991,1.47334,7,1,1
202100033928,141Â 115,A01,1,1,1,5,1,-1,-1,0,0,-1,2021,40.0,0,2,0,0,0,0,1,,3,2,-1,D,2,2,0,2,36,350,2,, -1,1,0,3,90,17,6,1,61,61479,1,1,0,7,Les Coudrais,48.663176,-0.078385,18,1,1
202100051985,108Â 786,A01,1,1,1,0,8,0,-1,-1, -1,-1,2021,24.0,1,1,0,2,1,9,1,,3,BADUEL (ROUTE DE),0,,2,2,0,1,4,0,1,, -1,1,0,1,50,9,2,1,973,97302,2,1,0,1,BADUEL (ROUTE DE),4.92934,-52.29653,17,2,2
202100049603,113Â 079,B01,1,1,1,5,2,0,-1,-1, -1,-1,2021,65.0,3,1,0,2,3,1,5,,4,RUE DE LEUVILLE,0,,2,2,0,1,0,0,1,, -1,1,0,1,50,1,3,1,91,91103,2,9,0,6,RUE DE LEUVILLE,48.6169,2.2934,8,2,2
202100006779,189Â 668,A01,1,1,1,4,0,-1,-1,0,0,-1,2021,44.0,1,4,3,0,2,2,1,,4,RN2,0,,2,2,0,2,(1),(1),2,, -1,1,0,8,70,24,11,1,973,97310,2,1,0,7,RN 2 - PK 49 sens CAYENNE - ST GEORGES,4.7252963637,-52.3259738088,7,1,1
202100026262,154Â 758,B01,1,1,1,0,2,6,-1,-1, -1,-1,2021,48.0,2,1,0,2,1,1,1,,4,BOURGOGNE (DE)                      (R ),0,,2,2,0,1,(1),(1),1,, -1,2,5,1,50,30,7,1,69,69389,2,2,1,3,BOURGOGNE (DE) (R),45.778591015,4.802509278,17,2,2
202100015093,174Â 727,A01,1,1,1,5,1,0,-1,-1, -1,-1,2021,60.0,2,2,3,0,1,21,1,,3,RD 6113,0,,3,3,0,1,1,0,2,, -1,1,8,1,50,3,10,3,11,11069,1,1,0,6,RD 6113,43.2059,2.39367,2,1,1
202100029320,149Â 354,A01,1,1,1,1,2,6,-1,0,0,-1,2021,27.0,1,1,0,1,1,1,1,,4,AVENUE DE VILLIERS,0,,1,1,0,1,(1),(1),1,, -1,2,0,1,50,12,7,1,75,75117,2,4,1,6,AVENUE DE VILLIERS,48.881461,2.316022,10,2,1
202100046499,118Â 673,B01,1,1,1,0,2,6,-1,-1, -1,-1,2021,62.0,2,1,0,2,1,1,1,,7,AEROPORT (AVENUE DE L'),0,,2,4,0,1,0,900,1,, -1,1,0,1,70,24,3,1,83,83069,2,1,0,3,AEROPORT (AVENUE DE L'),43.095,6.13682,8,2,2
202100036126,137Â 108,A01,1,1,1,5,2,6,-1,0,0,-1,2021,16.0,2,1,0,2,1,13,1,,7,2210,0,M,2,2,0,2,6,0,3,, -1,1,0,1,80,6,6,1,6,6064,1,1,0,1,Route de Vence,43.756139,7.172908,18,2,2
202100019081,167Â 535,A01,1,1,1,0,2,6,9,0,0,-1,2021,21.0,2,1,0,2,5,3,1,,3,66,-1,,3,2,1,4,1,370,1,, -1,1,0,1,80,15,9,1,83,83035,1,1,0,5,Route des MourvÃ¨dres,43.192842,5.76654,13,3,3
202100041253,127Â 860,B01,1,1,1,1,1,0,-1,-1, -1,-1,2021,52.0,2,2,0,2,2,1,2,,4,EUROPE (DE L')                      (AV),0,,1,1,0,1,(1),(1),1,, -1,2,0,1,50,5,5,1,69,69286,2,3,1,3,EUROPE (DE L')                      (AV),45.81893,4.90569,7,2,2
202100038611,132Â 619,B01,1,1,1,0,1,0,-1,-1, -1,-1,2021,25.0,1,1,0,2,1,1,1,,4,RUE GABRIEL PERI,0,,1,1,0,1,0,100,1,, -1,1,0,1,50,23,5,1,91,91201,2,2,0,3,RUE DU CHEMIN VERT,48.68779,2.42392,18,2,2
202100007154,188Â 981,B01,1,1,2,0,1,-1,-1,-1, -1,-1,2021,47.0,2,2,0,2,4,1,1,,4,HENON                               (R ),0,,2,2,0,1,(1),(1),1,, -1,1,0,1,50,19,11,1,69,69384,2,1,0,2,JAQUES-LOUIS HENON (R),45.7795719106,4.8238134061,10,2,2
202100026256,154Â 766,A01,10,3,2,0,0,-1,-1,4,3,1,2021,42.0,3,2,0,1,1,15,1,,4,LATTRE DE TASSIGNY (AVENUE MARECHAL DE),0,,2,6,0,1,0,0,2,, -1,1,5,1,50,29,7,1,974,97411,2,2,0,1,LATTRE DE TASSIGNY (AVENUE MARECHAL DE),-20.88909,55.47571,14,2,1
202100042552,125Â 568,A01,1,1,1,5,1,-1,-1,0,0,-1,2021,61.0,2,2,2,0,3,1,3,,3,4096,0,,2,2,0,1,18,0,1,, -1,1,0,3,50,27,4,1,4,4245,2,1,0,6,RD 4096 - Av des Farigoules,43.871628,5.843348,16,1,1
202100055703,102Â 293,B01,1,1,1,5,2,-1,-1,0,0,-1,2021,51.0,2,1,0,2,7,1,5,,3,11,-1,,2,2,0,1,31,455,1,, -1,1,0,1,80,10,1,1,33,33205,1,3,0,3,D11,44.612126,-0.372207,15,3,2
202100015102,174Â 714,A01,1,1,1,1,2,6,-1,0,0,-1,2021,41.0,1,1,0,2,3,3,1,,4,PORTE DE CLICHY,0,,1,4,0,1,19,0,1,, -1,1,0,1,70,5,10,1,75,75117,2,1,0,5,PORTE DE CLICHY,48.895031,2.306589,17,3,3
202100015857,173Â 330,B01,1,1,1,0,2,6,-1,-1, -1,-1,2021,29.0,1,1,0,2,1,1,1,,4,JURANVILLE (BOULEVARD),0,,2,3,0,1,(1),(1),1,, -1,1,5,1,50,30,9,1,18,18033,2,3,0,3,JURANVILLE (BOULEVARD),47.0856245457,2.3884937362,18,2,2
202100039136,131Â 671,B01,1,1,1,4,2,6,-1,0,0,-1,2021,52.0,2,1,0,2,3,3,1,,4,PORTE D AUBERVILLIERS,0,,1,4,0,1,24,500,1,, -1,2,0,1,70,19,5,1,75,75119,2,1,0,3,PORTE D AUBERVILLIERS,48.900327,2.379367,10,2,2
202100029690,148Â 728,B01,1,1,1,5,1,-1,-1,0,0,-1,2021,46.0,1,2,3,0,4,0,1,,1,26,-1,,3,4,0,1,375,800,1,, -1,1,0,1,130,8,7,3,10,10084,1,1,0,2,A26,48.396236,4.151595,23,6,2
202100025188,156Â 639,B01,1,1,1,5,0,-1,-1,0,0,-1,2021,13.0,3,1,0,2,1,17,5,,4,,-1,,2,1,0,2,(1),(1),4,,3,1,0,1,50,6,8,1,29,29273,1,1,0,5,Traon Meur,48.706818,-4.015326,14,4,3
202100046341,118Â 939,A01,1,1,1,5,2,6,-1,-1, -1,-1,2021,34.0,2,1,0,0,8,9,1,,3,154,0,,1,2,0,1,3,190,2,, -1,1,9,1,50,22,3,1,78,78384,1,6,0,7,RD154,48.95881,1.97963,14,1,1
202100033329,142Â 186,A01,1,1,2,0,1,0,-1,-1, -1,-1,2021,21.0,1,2,0,0,9,9,1,,3,DÃ©partementale  617,0,,1,1,0,2,0,0,3,, -1,1,3,1,50,12,6,5,66,66136,2,1,0,6,DÃ©partementale  617,42.7080617288,2.9112348896,3,1,1
202100051586,109Â 485,A01,1,1,1,3,1,-1,-1,0, -1,-1,2021,24.0,2,2,3,0,3,1,1,,3,PONT L'ABBE ROUTE DE,0,,2,4,0,1,71,200,2,, -1,2,0,3,110,13,2,1,29,29232,1,1,0,6,D785 - Route de Pont lâAbbe,47.977145402,-4.1334411489,17,1,1
202100054585,104Â 210,A01,10,3,2,9,8,8,-1,9,3,1,2021,50.0,3,2,0,1,2,1,1,,9,TUNNEL (RUE DU),0,,1,1,0,1,0,0,1,, -1,1,0,1,30,16,1,1,49,49328,2,1,0,6,TUNNEL (RUE DU),47.24155,-0.06855,16,2,1
202100020440,165Â 102,A01,1,1,2,1,1,0,-1,-1, -1,-1,2021,27.0,2,2,0,2,8,9,1,,1,AUTOROUTE A3,0,,3,7,0,1,9,100,1,, -1,1,0,1,90,6,9,1,93,93010,1,1,0,3,AUTOROUTE A3,48.91546,2.47764,9,2,2
202100011489,181Â 192,B01,2,2,2,3,2,-1,-1,0,0,-1,2021,22.0,1,1,0,2,2,1,1,,3,922,-1,D,2,2,0,1,53,560,1,, -1,1,0,1,50,23,10,5,95,95250,2,1,0,1,RD 922,49.097296,2.51817,20,3,2
202100022613,161Â 195,A01,2,2,2,9,2,6,-1,-1, -1,-1,2021,76.0,2,1,0,0,8,1,1,,3,MAIGNON (GIRATOIRE DE),0,,2,2,0,1,3,1,2,, -1,9,0,1,50,24,8,1,64,64102,2,1,0,7,MAIGNON (GIRATOIRE DE),43.46585,-1.49467,13,2,1
202100021650,162Â 930,B01,1,1,1,1,2,0,-1,0,0,-1,2021,23.0,2,1,0,2,8,1,1,,4,BOULEVARD BRUNE,0,,3,2,0,1,(1),(1),1,, -1,1,0,1,50,31,8,1,75,75114,2,7,0,3,BOULEVARD BRUNE,48.8276063751,2.3053986211,7,2,2
202100048062,115Â 833,A01,1,1,2,0,1,-1,-1,0,0,-1,2021,23.0,1,2,0,2,5,5,1,,3,930,0,,2,2,0,1,3,236,1,, -1,2,0,1,80,15,3,1,76,76260,1,1,1,1,Route de Gerberoy,49.494821,1.766632,10,2,2
202100051387,109Â 829,A01,1,1,1,1,2,6,-1,-1, -1,-1,2021,53.0,3,1,14,0,0,1,1,,4,LUCIEN SAMPAIX                      (BD),0,,2,2,2,2,(1),(1),1,, -1,1,9,1,50,15,2,1,69,69199,2,1,0,7,LUCIEN SAMPAIX                      (BD),45.7146975059,4.8478920649,17,1,1
202100006534,190Â 118,A01,2,2,2,9,1,0,-1,-1, -1,-1,2021,88.0,2,2,0,2,1,2,1,,2,RN88,0,,3,4,0,2,36,350,1,, -1,1,0,1,70,19,11,3,42,42218,1,1,0,4,RN88,45.43387,4.42245,18,4,3
202100050480,111Â 463,A01,1,1,1,1,2,8,-1,0,0,-1,2021,35.0,1,1,0,0,0,16,1,,4,RUE LECOURBE,0,,2,2,0,1,(1),(1),1,, -1,1,0,1,50,23,2,1,75,75115,2,2,0,7,RUE LECOURBE,48.835411,2.281064,16,1,1
202100044645,121Â 918,A01,1,1,1,0,8,0,-1,-1, -1,-1,2021,36.0,2,2,0,2,1,26,1,,1,A13,0,,3,6,0,1,34,599,1,, -1,1,0,1,130,8,4,5,78,78090,1,1,0,2,A13,48.970343,1.900637,5,2,2
202100013482,177Â 636,B01,1,1,1,0,0,-1,-1,-1, -1,-1,2021,58.0,2,0,0,2,7,1,3,,4,ST JEROME                           (R ),0,,1,1,2,1,(1),(1),1,, -1,1,0,1,50,13,10,1,69,69387,2,2,0,3,SAINT JEROME (R),45.74974,4.84408,15,2,2
202100013796,177Â 038,A01,1,1,2,1,1,4,-1,-1,0,-1,2021,33.0,1,2,4,2,3,11,1,,1,AUTOROUTE A15,0,,1,3,0,1,17,700,1,, -1,1,0,1,110,12,10,1,95,95488,1,1,0,2, A15,49.01083,2.15397,8,2,2
202100004800,193Â 199,A01,1,1,2,0,2,0,-1,0,0,-1,2021,50.0,0,1,0,2,3,7,1,,7,,0,,1,3,0,1,(1),(1),1,, -1,1,0,4,50,3,12,2,6,6088,2,1,0,3,ANGLAIS (DU NÂ° 1 AU NÂ° 43),43.69456,7.25989,16,4,2
202100044482,122Â 184,B01,1,1,1,4,2,0,-1,0,0,-1,2021,18.0,2,1,0,2,1,1,5,,4,AVENUE DU MAINE,0,,2,4,0,1,(1),(1),1,, -1,2,0,1,50,10,4,5,75,75114,2,4,1,6,AVENUE DU MAINE,48.8385553098,2.3226102324,21,2,2
202100054975,103Â 547,A01,10,3,2,0,0,-1,-1,1,3,1,2021,67.0,1,2,0,1,3,1,1,,2,1,-1,,2,2,0,1,17,0,1,, -1,2,0,1,80,5,1,3,973,97305,1,1,1,6,Route Nationale 1,4.941765,-52.413325,5,2,1
202100051909,108Â 914,A01,1,1,2,0,1,0,-1,0,0,-1,2021,20.0,2,2,7,0,1,2,1,,4,ALLENDE  BOULEVARD SALVADOR,0,,2,2,0,1,(1),(1),3,, -1,2,5,4,50,8,2,5,25,25056,2,6,1,6,ALLENDE  BOULEVARD SALVADOR,47.217539,5.967521,20,1,1
202100015168,174Â 597,A01,2,2,2,0,1,-1,-1,0,0,-1,2021,80.0,0,2,0,0,1,13,2,,2,31,0,,2,2,0,1,7,450,1,, -1,1,0,1,90,6,10,1,60,60187,1,1,0,5,,49.441043,1.852612,16,4,3