Num_Acc,id_vehicule,num_veh,place,catu,sexe,trajet,secu1,secu2,secu3,locp,actp,etatp,year_acc,victim_age,senc,catv,obs,obsm,choc,manv,motor,occutc,catr,voie,v1,v2,circ,nbv,vosp,prof,pr,pr1,plan,lartpc,larrout,surf,infra,situ,vma,jour,mois,lum,dep,com,agg_,int,atm,col,adr,lat,long,hour,nb_victim,nb_vehicules
202100021098,163Â 944,B01,1,1,2,1,2,0,-1,0,0,-1,2021,39.0,2,0,0,2,1,1,3,,4,AVENUE DES CHAMPS ELYSEES,0,,2,10,1,2,(1),(1),1,, -1,1,0,5,50,3,9,1,75,75108,2,3,0,3,AVENUE DES CHAMPS ELYSEES,48.871391,2.302621,18,3,2
202100027446,152Â 667,A01,1,1,1,5,2,-1,-1,0,0,-1,2021,65.0,2,1,0,0,1,1,5,,3,952,0,,2,2,0,4,48,700,3,, -1,1,0,3,80,24,7,1,4,4135,1,1,0,7,RD 952,43.856274,6.197968,12,1,1
202100001445,199Â 199,B01,1,1,1,0,1,0,-1,-1, -1,-1,2021,56.0,1,1,16,0,8,9,6,,4,Pont de BLANCHARD,0,,1,1,0,1,(1),(1),1,, -1,1,9,1,50,24,12,1,971,97113,1,3,0,3,Pont de BLANCHARD,16.22173,-61.52296,8,2,2
202100035940,137Â 444,B01,1,1,1,9,2,0,-1,0,0,-1,2021,28.0,1,1,0,2,2,1,5,,4,BOULEVARD DE L HOPITAL,0,,2,6,3,1,(1),(1),1,, -1,1,0,6,30,7,6,1,75,75105,2,4,0,1,BOULEVARD DE L HOPITAL,48.843183,2.364269,20,2,2
202100012053,180Â 167,B01,1,1,1,1,8,0,-1,0,0,-1,2021,42.0,2,1,0,2,1,1,5,,4,RUE SAINT HONORE,0,,1,1,0,1,(1),(1),1,, -1,1,0,1,30,20,10,1,75,75101,2,1,0,3,RUE SAINT HONORE,48.864189,2.333481,14,2,2
202100029061,149Â 798,A01,1,1,1,1,1,8,-1,-1, -1,-1,2021,22.0,2,2,4,0,4,26,1,,1,AUTOROUTE A6,0,,1,3,0,2,31,799,1,, -1,2,0,8,110,13,7,2,91,91659,1,1,1,6,AUTOROUTE A6,48.57843,2.46313,21,1,1
202100004803,193Â 195,B01,1,1,2,1,2,0,-1,0,0,-1,2021,52.0,3,1,0,2,1,13,1,,4,TUILIERES AVENUE DES,0,,2,2,0,2,(1),(1),1,, -1,1,0,1,50,3,12,1,6,6027,2,1,0,2,TUILIERES AVENUE DES,43.670354,7.163208,7,2,2
202100010207,183Â 462,A01,1,1,2,5,1,-1,-1,0,0,-1,2021,19.0,1,2,8,0,0,0,1,,3,153,-1,,2,2,0,1,4,(1),1,, -1,1,0,3,80,31,10,3,49,49069,1,1,0,6,Le Patis (st Sauveur-de-Landemont),47.273195,-1.246991,3,1,1
202100002567,197Â 193,A01,10,3,1,5,0,-1,-1,2,1,1,2021,36.0,3,2,0,1,1,1,1,,2,RAMBAUD (LEOPOLD),0,,1,3,0,1,(1),(1),1,, -1,2,0,1,70,15,12,5,974,97411,2,1,1,1,RAMBAUD (LEOPOLD),-20.88655,55.48214,19,2,1
202100021186,163Â 794,B01,1,1,1,5,1,-1,-1,0,0,-1,2021,84.0,3,2,0,0,3,15,1,,4,0,0,A,2,1,0,1,0,0,1,,3,1,0,1,80,27,8,1,44,44027,1,3,0,3,Le Moulin Neuf,47.396052,-1.556487,16,2,2
202100022254,161Â 862,A01,1,1,2,1,1,-1,-1,-1, -1,-1,2021,19.0,0,2,0,2,2,1,1,,4,BECQUEREL (RUE),0,,2,2,0,4,(1),(1),1,, -1,1,0,1,50,26,8,1,50,50129,2,3,0,1,BECQUEREL (RUE),49.62849,-1.639752,16,2,2
202100044695,121Â 822,A01,1,1,1,1,1,0,-1,-1, -1,-1,2021,30.0,2,2,0,2,7,1,1,,2,ANCIENS COMBATTANTS D INDOCHINE,0,,1,2,0,1,0,0,1,, -1,1,0,1,80,2,4,5,30,30189,2,1,0,3,ANCIENS COMBATTANTS D INDOCHINE,43.86907,4.32565,20,2,2
202100003374,195Â 728,A01,1,1,1,0,8,-1,-1,0,0,-1,2021,40.0,2,2,0,2,1,0,1,,7,68,-1,,2,2,0,1,3,0,3,, -1,1,0,1,90,9,12,3,34,34327,1,1,0,1,d68,43.668865,3.963833,23,2,2
202100055724,102Â 258,A01,1,1,1,5,1,-1,-1,0,0,-1,2021,24.0,2,2,2,0,1,1,1,,3,106,-1,,2,2,0,1,8,80,1,, -1,1,0,3,80,10,1,1,54,54355,1,1,0,6,dÃ©partementale 106,48.8406558331,5.9603405,15,2,1
202100024199,158Â 417,B01,1,1,2,0,1,-1,-1,0,0,-1,2021,24.0,0,2,0,2,1,1,1,,3,118,0,D,2,2,0,1,3,390,3,, -1,1,0,1,80,15,8,1,60,60142,1,1,0,1,D118,49.1295709702,2.5400691031,15,2,2
202100001318,199Â 404,A01,1,1,2,0,1,-1,-1,0,0,-1,2021,21.0,2,2,9,0,1,1,1,,3,529,0,D,2,2,0,1,26,(1),1,, -1,2,0,4,50,28,12,5,38,38499,2,1,1,6,D529,44.925994,5.778111,1,1,1
202100002049,198Â 131,A01,1,1,1,5,1,0,-1,-1, -1,-1,2021,43.0,3,2,0,2,1,1,0,,6,LUXEMBOURG (AV DU),0,,-1,0,0,1,1,0,1,, -1,1,9,1,30,19,12,5,94,94073,2,9,0,3,Avenue du Luxembourg,48.75579,2.37384,23,3,2
202100004931,192Â 977,A01,1,1,1,0,1,0,-1,-1, -1,-1,2021,39.0,1,2,0,2,7,1,1,,4,CHAPIT RE ( RUE DU),0,,1,4,0,1,10,100,1,, -1,2,0,1,130,3,12,1,93,93073,1,9,1,3,Rue du Chapitre,49.0021282718,2.5369998421,16,2,2
202100008527,186Â 490,A01,1,1,1,4,8,-1,-1,0,0,-1,2021,32.0,1,4,0,0,0,1,1,,3,,-1,,2,2,0,1,22,200,1,, -1,1,0,8,80,11,11,3,51,51260,1,1,1,7,D1,48.904748,4.662197,22,1,1
202100030757,146Â 780,A01,10,3,1,5,8,8,-1,1,5,2,2021,10.0,2,1,0,1,1,1,1,,4,ROUTOUTOU (RUE DU),0,,2,2,0,1,(1),(1),1,, -1,1,0,1,30,1,7,1,972,97209,2,1,0,6,ROUTOUTOU (RUE DU),14.5971736375,-61.0564595744,16,2,1
202100039820,130Â 401,A01,10,3,1,5,0,-1,-1,4,3,2,2021,3.0,1,2,0,1,1,26,1,,4,VAUGAREAU,0,,-1,2,0,1,1,0,1,, -1,1,0,1,50,15,5,1,49,49007,2,2,0,6,VAUGAREAU,47.48269,-0.53065,11,2,1
202100030204,147Â 779,B01,1,1,1,0,2,0,-1,-1, -1,-1,2021,23.0,2,1,0,2,1,5,3,,4,SAINTE (RUE),0,,1,1,0,1,0,0,1,, -1,1,0,1,50,7,7,1,13,13207,2,2,0,3,SAINTE (RUE),43.2917076023,5.371789952,13,2,2
202100047401,117Â 041,B01,1,1,1,1,2,6,-1,-1, -1,-1,2021,42.0,1,1,0,2,4,2,1,,3,LIBERATION RD14 (BOULEVARD),0,,1,1,0,1,0,1,3,, -1,2,8,1,50,19,3,2,93,93066,2,1,1,2,LIBERATION RD14 (BOULEVARD),48.9232,2.3429,6,2,2
202100006703,189Â 798,B01,1,1,1,0,1,8,-1,-1, -1,-1,2021,26.0,1,2,0,2,4,1,1,,4,ENFANT (RTE DE L'),0,,2,2,0,1,(1),(1),1,, -1,1,0,1,50,22,11,5,13,13001,2,2,0,3,ENFANT (RTE DE L'),43.48854,5.38743,21,3,2
202100053859,105Â 475,B01,1,1,1,5,8,0,-1,-1, -1,-1,2021,47.0,2,2,0,2,1,1,1,,3,CHARLES GIDE (AV),0,,2,2,0,1,(1),(1),1,, -1,2,0,1,50,24,1,1,94,94043,2,1,1,1,CHARLES GIDE (AV),48.806769664,2.3510703848,13,2,2
202100035664,137Â 961,B01,1,1,1,4,2,6,-1,-1, -1,-1,2021,59.0,2,1,0,2,2,17,1,,4,BOEUF (CHEMIN) (2),0,,2,2,0,2,561,0,1,, -1,2,0,1,50,7,6,1,974,97416,1,1,1,3,BOEUF (CHEMIN) (2),-21.2976,55.4554,7,2,2
202100053595,105Â 917,A01,1,1,1,1,2,4,-1,-1, -1,-1,2021,60.0,1,1,0,0,7,0,3,,4,ORGEMONT,0,,2,2,2,1,1,0,1,, -1,2,0,1,30,25,1,2,49,49007,2,2,0,7,ORGEMONT,47.45483,-0.54828,8,1,1
202100053395,106Â 281,A01,1,1,2,5,8,-1,-1,0,0,-1,2021,36.0,2,2,0,2,5,13,1,,3,83,-1,,2,2,0,2,3,900,2,, -1,2,0,1,80,28,1,1,91,91654,1,1,1,1,D83,48.472694,2.390932,9,3,2
202100026735,153Â 932,B01,1,1,2,5,2,-1,-1,0,0,-1,2021,48.0,1,1,0,2,3,15,1,,3,D29,-1,,2,2,0,1,29,135,1,, -1,1,0,1,80,25,7,1,37,37068,1,2,0,3,,47.6541885398,0.6493708491,16,2,2
202100047497,116Â 862,A01,1,1,1,5,1,0,-1,-1, -1,-1,2021,19.0,2,2,0,2,9,1,1,,4,INDUSTRIE (BOULEVARD DE L'),0,,-1,3,0,1,(1),(1),1,, -1,1,0,1,50,16,3,2,41,41018,2,2,0,5,INDUSTRIE (BOULEVARD DE L'),47.60014,1.3197,18,5,3
202100046955,117Â 846,B01,1,1,1,1,2,6,-1,0,0,-1,2021,61.0,2,1,0,2,2,2,1,,4,QUAI HENRI IV,0,,1,2,0,1,(1),(1),1,, -1,1,0,1,50,23,3,2,75,75104,2,4,0,2,QUAI HENRI IV,48.8468734163,2.3652607708,18,2,2
202100034614,139Â 843,A01,1,1,2,9,2,0,-1,0,0,-1,2021,28.0,2,1,0,2,2,1,5,,4,AVENUE DU GENERAL LECLERC,0,,2,4,3,1,(1),(1),1,, -1,1,5,6,50,12,6,1,75,75114,2,7,0,3,AVENUE DU GENERAL LECLERC,48.82791,2.326867,21,2,2
202100023981,158Â 768,A01,1,1,1,0,2,6,-1,-1, -1,-1,2021,27.0,1,1,0,0,0,1,1,,1,A13,0,,3,6,0,1,4,699,1,, -1,1,0,1,90,16,8,1,92,92064,1,1,0,7,A13,48.8397442438,2.2019797335,15,1,1
202100026318,154Â 648,A01,10,3,2,0,0,-1,-1,-1,4,1,2021,78.0,3,2,1,0,1,16,1,,6,RESISTANCE (PLACE DE LA ),0,,2,0,0,1,1,0,3,, -1,1,0,8,50,30,7,1,18,18279,2,1,1,1,RESISTANCE (PLACE DE LA ),47.22361,2.0722,17,2,1
202100038849,132Â 186,A01,1,1,2,5,0,-1,-1,0,0,-1,2021,14.0,1,1,10,0,1,0,3,,3,10,0,,2,2,0,2,6,435,1,, -1,2,0,4,50,22,5,1,57,57206,2,3,0,6,7 Rue de Seremange,49.309106,6.10084,18,2,1
202100035247,138Â 696,A01,1,1,1,4,8,-1,-1,-1, -1,-1,2021,52.0,2,5,15,0,3,2,1,,7,PERIPHERIQUE       (Boulevard),0,,1,1,0,1,7,600,1,, -1,1,3,1,50,9,6,1,69,69266,2,1,0,6,D383,45.75318,4.90828,7,1,1
202100052079,108Â 628,A01,1,1,1,4,0,-1,-1,0,0,-1,2021,46.0,2,5,0,0,9,1,1,,1,A65,-1,,3,4,0,1,26,800,1,, -1,2,9,3,130,10,2,3,33,33095,1,1,1,7,A65 PK 26+800,44.315842,-0.229146,3,1,1
202100051114,110Â 308,B01,1,1,1,5,2,-1,-1,0,0,-1,2021,16.0,2,1,0,2,1,1,1,,3,566,0,,2,2,0,1,1,900,2,, -1,1,0,1,80,19,2,3,51,51355,1,1,0,1,D566,49.18319,4.733434,18,2,2
202100019167,167Â 367,B01,1,1,2,5,1,0,-1,-1, -1,-1,2021,74.0,1,2,0,2,1,1,1,,3,LAMENDIN (R ARTHUR),0,,2,2,0,1,19,660,1,, -1,1,0,1,50,29,8,1,62,62250,2,1,0,1,LAMENDIN (R ARTHUR),50.4537,2.94955,10,2,2
202100020217,165Â 498,B01,1,1,1,0,1,0,-1,-1, -1,-1,2021,55.0,1,2,0,2,1,0,1,,4,CANAL BOSSIERE (ROUTE DU),0,,2,2,0,1,(1),(1),1,, -1,1,0,1,50,10,5,1,76,76305,2,1,0,1,CANAL BOSSIERE (ROUTE DU),49.49701,0.19925,7,2,2
202100048718,114Â 678,B01,1,1,1,1,8,0,-1,-1, -1,-1,2021,22.0,2,1,0,2,1,1,5,,4,,0,,1,1,1,1,0,0,1,, -1,1,0,5,50,9,3,1,92,92050,2,2,0,3,BARBUSSE HENRI RUE,48.892258065,2.1892793477,13,2,2
202100018136,169Â 199,B01,1,1,2,3,8,-1,-1,-1, -1,-1,2021,67.0,3,0,0,2,7,19,3,,4,ALBERT 1ER (BOULEVARD),0,,2,4,1,1,(1),(1),1,, -1,1,0,1,50,18,9,1,51,51454,2,6,0,1,Boulevard Albert 1er,49.2648265,4.00998283,17,2,2
202100039671,130Â 672,A01,1,1,2,5,1,4,-1,-1,0,-1,2021,23.0,1,2,4,0,7,1,1,,1,AUTOROUTE A115,0,,1,2,0,2,0,540,3,, -1,2,0,1,70,16,5,3,95,95582,1,1,1,6, A115,48.976658531,2.2414255142,22,1,1
202100028491,150Â 789,A01,1,1,1,5,2,6,-1,-1, -1,-1,2021,20.0,3,1,0,2,1,13,1,,4,,0,,2,2,0,1,(1),(1),1,, -1,1,0,1,30,16,7,1,4,4112,2,3,0,1,Hopital de Manosque,43.8295481323,5.8049259749,17,2,2
202100042896,124Â 990,B01,1,1,1,0,2,6,-1,0,0,-1,2021,43.0,1,1,4,2,7,1,1,,3,ROCADE OUEST (RD 610),0,,3,4,0,1,14,100,1,, -1,1,0,1,110,23,4,1,10,10333,2,1,0,5,ROCADE OUEST (RD 610),48.28501,4.04001,16,3,3
202100043471,123Â 957,B01,1,1,1,0,2,6,-1,-1, -1,-1,2021,43.0,2,1,0,2,2,2,1,,3,AV DE CHOISY,0,,2,1,0,1,1,0,1,, -1,1,0,1,50,19,4,1,94,94078,2,9,0,3,Avenue de Choisy,48.7544,2.428,16,2,2
202100003488,195Â 520,B01,1,1,1,0,2,6,-1,0,0,-1,2021,35.0,2,1,0,2,2,17,1,,2,5,-1,,2,2,0,1,(1),(1),1,, -1,1,0,1,80,10,12,1,971,97116,1,1,0,3,"route nationale 5, gensolin",16.315429,-61.482271,15,2,2
202100017058,171Â 135,B01,1,1,1,9,2,0,-1,0,0,-1,2021,36.0,2,1,0,2,1,5,5,,4,RUE LECOURBE,0,,2,3,0,1,(1),(1),1,, -1,1,0,1,30,24,9,1,75,75115,2,3,0,3,RUE LECOURBE,48.841287,2.298214,17,2,2
202100048023,115Â 906,B01,1,1,1,9,8,-1,-1,-1, -1,-1,2021,40.0,0,2,1,0,4,23,1,,6,THOMAS (RUE ALBERT) DU NÂ° 1 A 5 ET NÂ°2,0,,-1,0,0,1,(1),(1),1,, -1,1,9,8,10,12,3,5,51,51454,2,1,0,4,Rue Albert Thomas,49.238809177,4.04533516,18,4,3
202100003987,194Â 624,B01,1,1,1,5,1,0,-1,-1, -1,-1,2021,56.0,1,2,0,2,4,1,1,,3,RD941 (OUEST),0,,3,4,0,1,39,700,1,, -1,2,0,1,110,6,12,2,87,87085,1,1,0,5,RD941 (OUEST),45.83697,1.19604,7,3,3
202100019205,167Â 299,A01,1,1,1,5,2,6,-1,0,0,-1,2021,19.0,1,1,1,0,2,14,1,,4,AVENUE DE VERSAILLES,0,,2,4,0,1,(1),(1),1,, -1,1,0,1,50,12,9,5,75,75116,2,3,0,6,AVENUE DE VERSAILLES,48.850079,2.276431,5,1,1
202100003877,194Â 820,B01,1,1,1,5,2,6,-1,0,0,-1,2021,17.0,2,1,0,0,1,1,1,,3,560,-1,,2,2,0,2,18,310,1,, -1,2,1,1,50,8,12,5,83,83116,2,1,0,3,D560,43.446816,5.860439,18,2,2
202100048367,115Â 299,A01,1,1,1,0,2,6,-1,-1, -1,-1,2021,65.0,3,1,12,0,1,11,1,,4,DIGUE (ROUTE),0,,-1,4,0,2,0,0,1,, -1,1,0,1,50,11,3,1,974,97411,2,9,0,1,DIGUE (ROUTE),-20.8924,55.47114,13,1,1
202100033999,140Â 985,A01,10,3,1,0,0,-1,-1,6,3,1,2021,74.0,2,2,0,1,1,1,1,,3,RTE NATIONALE 7,0,,1,2,0,1,15,0,1,, -1,1,3,1,50,15,6,1,91,91228,2,1,0,6,RTE NATIONALE 7,48.63524,2.43487,17,2,1
202100040611,129Â 024,A01,1,1,1,5,8,-1,-1,-1, -1,-1,2021,30.0,3,1,0,0,0,1,3,,6,PETIT NICE (PLAGE DU),0,,-1,-1,0,1,(1),(1),1,, -1,1,0,8,30,9,5,1,33,33529,1,1,0,7,Le Petit Nice Pyla,44.55924,-1.24009,16,1,1
202100051196,110Â 162,A01,10,3,1,0,0,-1,-1,2,3,2,2021,50.0,1,4,0,1,1,9,0,,4,ALBERT GUILPIN (R),0,,2,2,0,1,0,0,1,, -1,1,0,1,50,17,2,1,94,94037,2,1,0,6,ALBERT GUILPIN (R),48.816387,2.349444,14,2,1
202100054931,103Â 624,B01,1,1,2,5,8,8,-1,-1, -1,-1,2021,49.0,3,1,0,2,8,19,0,,4,R DU FER A CHEVAL,0,,2,2,0,1,0,1,1,, -1,1,0,1,50,15,1,1,94,94054,2,1,0,2,FER A CHEVAL (R DU),48.74384,2.40805,13,3,2
202100036343,136Â 735,A01,1,1,1,3,1,-1,-1,0,0,-1,2021,78.0,1,2,0,2,3,15,1,,3,603,0,,-1,2,0,2,31,100,2,, -1,2,5,1,70,5,6,1,57,57654,1,4,1,3,D603,49.115941,6.363509,8,2,2
202100011577,181Â 030,A01,4,2,1,0,8,0,-1,0,0,-1,2021,27.0,1,2,2,0,9,1,1,,4,MARIN (VIADUC LOUIS),0,,2,-1,1,2,(1),(1),3,, -1,2,0,3,50,21,10,5,54,54482,2,1,0,6,MARIN (VIADUC LOUIS),48.7044479715,6.1951357126,22,4,1
202100051237,110Â 099,A01,1,1,1,1,1,-1,-1,0,0,-1,2021,64.0,2,5,6,2,1,1,1,,3,207,-1,,2,2,1,1,24,800,1,, -1,1,-1,1,70,17,2,1,33,33097,2,1,0,2,Avenue du Pouch,45.071517,-1.095843,18,2,2
202100053764,105Â 640,A01,10,3,2,2,0,-1,-1,9,3,1,2021,15.0,2,1,0,1,1,9,1,,4,CITES (RUE DES)  125/134 =>,0,,1,1,0,1,0,0,1,, -1,1,0,1,30,25,1,1,93,93001,2,1,0,6,CITES (RUE DES)  125/134 =>,48.9108505534,2.3881529396,12,2,1
202100010778,182Â 472,A01,1,1,1,5,0,-1,-1,0,0,-1,2021,20.0,3,1,0,0,0,0,0,,9,,-1,,-1,2,0,2,(1),(1),1,,4,1,0,8,-1,27,10,1,76,76374,1,1,0,7,Rue Guy de Maupassant,50.010345,1.495605,17,1,1
202100052903,107Â 156,A01,1,1,2,5,1,8,-1,-1, -1,-1,2021,41.0,3,2,0,2,6,15,1,,4,Avenue du PrÃ©sident Franklin Roosevelt ,0,,1,2,0,1,0,0,1,, -1,2,2,1,50,30,1,1,11,11069,2,1,1,3,Avenue du PrÃ©sident Franklin Roosevelt ,43.2166205844,2.3478847643,11,3,2
202100034684,139Â 728,B01,2,2,2,5,2,-1,-1,0,0,-1,2021,42.0,0,1,0,2,4,2,1,,4,,-1,,2,2,0,1,(1),(1),1,,4,1,0,1,50,12,6,1,17,17337,2,3,0,2,Route de Domino,45.97176,-1.355985,10,3,2
202100024934,157Â 093,B01,1,1,2,1,1,-1,-1,0,0,-1,2021,30.0,1,2,0,0,3,23,1,,3,925,-1,,2,2,0,1,106,425,1,, -1,1,5,1,-1,9,8,1,76,76618,1,2,0,1,D925,49.936583,1.16837,18,2,2
202100054152,104Â 952,A01,1,1,1,5,1,-1,-1,0,0,-1,2021,30.0,1,2,0,2,8,1,1,,3,908,-1,,2,2,0,2,51,450,3,, -1,7,0,1,80,23,1,1,4,4006,1,1,0,6,RD 908 - La baumelle,44.258555,6.58905,10,2,2
202100028290,151Â 127,A01,2,2,2,5,2,0,-1,-1, -1,-1,2021,59.0,3,1,0,2,3,18,1,,4,VAUBAN BOULEVARD NÂ° RESTE,0,,2,2,0,1,(1),(1),1,, -1,1,5,1,50,18,7,5,59,59350,2,3,0,3,VAUBAN BOULEVARD NÂ° RESTE,50.6344189558,3.0487852545,0,4,2
202100045711,120Â 038,A01,10,3,1,3,0,-1,-1,6,9,2,2021,75.0,3,2,0,1,2,20,0,,7,41,-1,,2,2,0,1,(1),(1),1,, -1,1,0,3,50,31,3,1,59,59011,2,1,0,6,Rue Jean Batiste Lebas,50.529344,2.931204,14,2,1
202100035386,138Â 461,A01,1,1,1,1,2,-1,-1,0,0,-1,2021,48.0,2,1,0,2,1,11,1,,2,12,-1,,2,2,0,1,22,100,1,, -1,1,0,1,80,11,6,1,53,53190,1,1,0,2,N12 pr22.100,48.386026,-0.403351,7,2,2
202100046262,119Â 083,B01,1,1,2,5,1,-1,-1,0,0,-1,2021,21.0,2,2,0,2,1,2,1,,1,750,0,A,3,2,0,1,27,391,1,, -1,1,0,1,110,28,3,1,34,34114,1,1,0,2,A750,43.641003,3.571827,17,3,2
202100006336,190Â 467,A01,10,3,2,5,0,-1,-1,9,2,1,2021,56.0,3,5,0,1,4,20,1,,6,,-1,,-1,-1,0,1,(1),(1),1,,5,2,0,1,50,25,11,2,66,66049,2,1,1,6,Rue de BatÃ¨re,42.499887,2.758751,16,2,1
202100025393,156Â 267,A01,2,2,2,5,1,-1,-1,0,0,-1,2021,32.0,2,2,13,0,4,2,1,,3,10,0,,2,2,0,1,83,965,1,,7,1,0,1,70,6,8,5,33,33085,2,3,0,2,24 bis route des deux ponts,44.769489,-0.493328,22,4,2
202100005807,191Â 413,A01,1,1,1,5,1,-1,-1,0,0,-1,2021,40.0,2,2,0,2,1,13,1,,3,924,0,,2,2,0,2,54,676,2,, -1,2,0,1,90,29,11,1,61,61486,1,1,0,5,Lieu Dit la Brigaudiere,48.761561,-0.682016,12,3,3
202100031098,146Â 152,B01,1,1,1,0,8,0,-1,-1, -1,-1,2021,15.0,3,1,0,2,7,16,3,,7,PETIT JEAN (RUE DU),0,,2,2,0,1,0,0,1,, -1,1,0,1,30,2,7,1,38,38179,2,4,0,1,PETIT JEAN (RUE DU),45.1822,5.7837,17,2,2
202100049910,112Â 524,A01,1,1,2,5,2,0,-1,-1, -1,-1,2021,52.0,1,1,0,2,5,1,1,,4,JACQUEMINOT (AVENUE) NÂ°1 A 15,0,,2,2,0,2,0,0,1,, -1,1,0,1,50,27,2,5,92,92048,2,3,0,3,JACQUEMINOT (AVENUE) NÂ°1 A 15,48.8102968527,2.2331209196,19,2,2
202100051225,110Â 114,A01,2,2,1,0,8,8,-1,0,0,-1,2021,27.0,1,4,2,0,0,21,1,,3,6,0,,2,2,0,1,10,605,1,, -1,1,0,3,80,18,2,1,26,26157,1,1,0,6,Route de Crest,44.608656,4.85056,8,2,1
202100015691,173Â 623,B01,2,2,2,5,8,-1,-1,0,0,-1,2021,32.0,1,2,0,2,4,1,1,,1,35,0,,3,4,0,1,111,600,1,, -1,1,0,1,130,1,10,3,68,68103,1,1,0,2,A35,47.681195,7.459348,22,4,2
202100022682,161Â 070,A01,1,1,1,1,1,0,-1,-1, -1,-1,2021,52.0,1,2,0,0,2,1,1,,1,AUTOROUTE A86,0,,3,4,0,2,15,100,2,, -1,1,0,1,90,25,8,3,93,93001,1,1,0,6,AUTOROUTE A86,48.921,2.37491,5,1,1
202100018242,169Â 002,A01,1,1,1,5,1,-1,-1,0,0,-1,2021,32.0,1,2,2,0,2,1,1,,3,210,0,D,2,2,0,1,14,400,1,, -1,2,0,3,80,19,9,3,63,63148,1,1,1,6,D210 PR14+400,45.883735,3.220217,1,1,1
202100051409,109Â 794,A01,1,1,2,0,8,0,-1,-1, -1,-1,2021,68.0,0,2,0,0,0,26,1,,4,PAIX. RUE DE LA,0,,2,2,0,2,(1),(1),1,, -1,1,0,1,50,12,2,1,76,76484,2,1,0,7,PAIX. RUE DE LA,49.34083,1.09856,10,1,1
202100012826,178Â 794,A01,1,1,2,0,1,-1,-1,-1, -1,-1,2021,87.0,1,2,1,0,3,14,1,,3,THIZY  RUE DE,0,,1,2,0,1,58,500,1,, -1,1,0,1,50,16,10,1,69,69264,2,1,1,6,THIZY (DE) (R),45.9839864128,4.7393667698,9,1,1
202100018026,169Â 405,B01,2,2,2,5,1,0,-1,0,0,-1,2021,33.0,1,2,0,2,1,23,1,,4,BOULEVARD BOURDON,0,,1,4,0,1,(1),(1),1,, -1,1,0,1,50,18,9,5,75,75104,2,4,0,4,BOULEVARD BOURDON,48.8472605441,2.3648966911,23,6,3
202100043505,123Â 901,A01,1,1,1,0,1,-1,-1,0,0,-1,2021,28.0,1,2,17,0,7,1,1,,3,75,-1,,2,2,0,1,14,400,3,, -1,1,0,3,80,18,4,3,38,38389,1,6,0,6,D75,45.584634,5.061023,3,1,1
202100020745,164Â 549,B01,1,1,2,5,0,-1,-1,0,0,-1,2021,69.0,2,1,0,2,3,2,6,,2,7,-1,,2,2,0,1,7,330,3,, -1,1,5,1,80,5,9,1,26,26002,1,6,0,3,1845 Route de Marcoz,45.241445,4.820198,14,2,2
202100011724,180Â 773,A01,10,3,2,5,0,-1,-1,3,3,1,2021,85.0,1,5,0,1,1,16,1,,4,7,0,X,2,2,0,1,(1),(1),1,, -1,1,0,6,50,22,10,1,66,66037,2,3,0,6,Avenue des Floralies,42.695006,3.028831,11,2,1
202100054390,104Â 542,A01,1,1,2,5,1,-1,-1,0,0,-1,2021,66.0,2,2,5,0,1,1,1,,3,34,-1,,2,2,0,4,10,600,1,, -1,2,5,8,80,21,1,1,53,53127,1,6,1,7,Rond point des amÃ©riques,48.432479,-0.492271,14,1,1
202100055955,101Â 867,A01,1,1,1,9,2,0,-1,-1, -1,-1,2021,33.0,1,1,1,0,3,1,1,,4,ALBERT-DHALENNE (RUE),0,,3,4,1,1,0,1,1,, -1,2,9,8,50,7,1,1,93,93070,2,1,1,3,ALBERT-DHALENNE (RUE),48.91447,2.33227,9,2,2
202100051986,108Â 784,A01,10,3,2,0,0,-1,-1,1,3,1,2021,64.0,1,2,0,1,1,26,1,,4,TOUSSAINT LOUVERTURE (rue),0,,2,2,0,1,(1),(1),1,, -1,1,9,1,50,9,2,2,973,97302,2,1,0,6,TOUSSAINT LOUVERTURE (rue),4.9259519963,-52.3063158989,18,2,1
202100047856,116Â 218,A01,1,1,1,5,2,-1,-1,0,0,-1,2021,15.0,0,1,0,0,0,21,1,,4,0000,-1,,-1,2,0,1,(1),(1),1,, -1,6,0,1,-1,13,3,1,78,78530,2,1,0,7,1 Chemin des Bilheux,48.908158,1.671445,16,1,1
202100013848,176Â 941,A01,1,1,1,5,1,8,-1,-1, -1,-1,2021,68.0,1,2,8,0,1,14,1,,4,CHAPELLE (ROUTE DE LA),0,,2,2,0,1,(1),(1),2,, -1,2,0,3,50,8,10,3,56,56098,1,1,1,6,CHAPELLE (ROUTE DE LA),47.77875,-3.30274,20,1,1
202100007469,188Â 400,B01,1,1,1,0,1,0,-1,-1, -1,-1,2021,27.0,1,1,0,2,1,1,1,,3,MARTRE DE (4 A 54),0,,1,2,3,1,0,0,1,, -1,1,0,1,50,18,11,1,92,92024,2,1,0,2,MARTRE DE (4 A 54),48.8999957406,2.3088314951,15,2,2
202100024163,158Â 471,A01,1,1,1,0,0,-1,-1,0,0,-1,2021,27.0,1,2,15,0,1,13,1,,3,982,-1,,2,2,0,1,45,500,3,, -1,1,0,3,70,15,8,1,30,30334,1,1,0,6,Route d Arpaillargues,44.003192,4.396577,10,1,1
202100018261,168Â 977,A01,1,1,1,5,1,-1,-1,0,0,-1,2021,79.0,2,2,0,2,1,2,2,,1,10,0,,3,4,0,1,456,500,1,,10,1,0,1,130,18,9,1,17,17354,1,1,0,2,Autoroute A 10 PK 456.500 ens Bordeaux/Paris,45.608037,-0.596309,17,6,2