Num_Acc,id_vehicule,num_veh,place,catu,sexe,trajet,secu1,secu2,secu3,locp,actp,etatp,year_acc,victim_age,senc,catv,obs,obsm,choc,manv,motor,occutc,catr,voie,v1,v2,circ,nbv,vosp,prof,pr,pr1,plan,lartpc,larrout,surf,infra,situ,vma,jour,mois,lum,dep,com,agg_,int,atm,col,adr,lat,long,hour,nb_victim,nb_vehicules
202100049637,113Â 018,A01,1,1,1,9,1,-1,-1,-1, -1,-1,2021,27.0,3,5,0,2,3,1,1,,3,LAON (AVENUE) DU NÂ° 219 AU 341 ET NÂ° 248,0,,4,4,0,1,16,500,1,, -1,1,5,1,30,1,3,1,51,51454,2,2,0,3,Avenue de Laon,49.2701184804,4.0222842238,13,3,2
202100000843,200Â 224,B01,1,1,1,0,8,-1,-1,-1, -1,-1,2021,33.0,1,1,0,2,0,16,3,,7,HIPPODROME (DE L')                  (AV),0,,1,1,2,1,(1),(1),3,, -1,2,0,5,50,30,12,2,69,69286,2,6,1,3,HIPPODROME (DE L') (AV),45.81713,4.89057,8,2,2
202100016095,172Â 876,B01,1,1,1,1,1,0,-1,-1, -1,-1,2021,26.0,3,2,0,2,4,2,1,,4,THOMAS (AVENUE ALBERT),0,,2,2,0,1,0,0,3,, -1,1,0,1,50,27,9,1,87,87085,2,1,0,2,THOMAS (AVENUE ALBERT),45.8404,1.23474,18,2,2
202100042787,125Â 174,A01,1,1,1,5,2,6,9,0,0,-1,2021,33.0,1,1,13,0,1,1,1,,3,223,-1,,2,2,0,2,(1),(1),3,, -1,1,0,1,80,20,4,1,14,14530,1,1,0,6,D223,49.238224,-0.265903,16,1,1
202100055213,103Â 124,A01,10,3,2,1,0,-1,-1,4,3,1,2021,26.0,2,2,0,1,3,1,1,,4,RUE DE MAUBEUGE,0,,1,2,3,1,(1),(1),1,, -1,1,0,1,30,13,1,1,75,75109,2,4,0,6,RUE DE MAUBEUGE,48.878621,2.345963,8,2,1
202100043625,123Â 698,A01,1,1,1,5,2,6,-1,-1, -1,-1,2021,18.0,3,1,0,2,1,26,1,,4,ALLEES MARINES (AVENUE DES),0,,2,1,0,1,0,0,1,, -1,1,0,1,50,16,4,1,64,64102,2,1,0,2,ALLEES MARINES (AVENUE DES),43.4998782148,-1.4902943373,15,2,2
202100006092,190Â 912,A01,1,1,2,1,2,6,-1,0,0,-1,2021,57.0,2,1,0,2,7,1,1,,4,PORTE D AUTEUIL,0,,1,4,0,1,(1),(1),1,, -1,1,0,1,70,25,11,5,75,75116,2,4,0,3,PORTE D AUTEUIL,48.84673,2.254527,18,2,2
202100039466,131Â 063,A01,10,3,2,0,8,8,-1,2,1,1,2021,62.0,3,4,0,1,0,26,1,,4,CAPITAINE GEZE (BOULEVARD),0,,1,2,0,2,(1),(1),1,, -1,1,0,1,50,18,5,1,13,13214,2,1,0,6,CAPITAINE GEZE (BOULEVARD),43.3296965609,5.3673765063,10,2,1
202100004093,194Â 425,B01,1,1,2,0,1,0,-1,-1, -1,-1,2021,20.0,3,2,0,2,5,9,1,,3,MICHEL BAROIN (RUE),0,,-1,1,0,1,0,0,1,, -1,2,0,1,50,7,12,2,10,10343,2,6,0,3,MICHEL BAROIN (RUE),48.27428,4.09072,8,2,2
202100005688,191Â 630,A01,2,2,2,9,1,-1,-1,0,0,-1,2021,67.0,2,2,0,2,3,13,1,,2,77,-1,,2,2,0,1,38,490,1,,"7,8",2,0,1,80,30,11,1,89,89276,1,1,1,1,N77,48.055494,3.800776,15,4,2
202100037935,133Â 859,A01,2,2,2,5,8,-1,-1,0,0,-1,2021,44.0,3,2,2,0,1,13,1,,9,,-1,,-1,1,3,1,(1),(1),3,, -1,1,6,6,-1,26,5,2,26,26085,1,1,0,6,voie verte,44.512406,4.722555,5,2,1
202100023072,160Â 378,A01,10,3,1,5,0,-1,-1,3,2,2,2021,16.0,1,0,0,1,3,15,0,,4,JUILLET (BOULEVARD DE),0,,2,2,0,1,0,0,1,, -1,1,0,1,50,20,7,1,28,28134,2,1,0,3,JUILLET (BOULEVARD DE),48.72393,1.37501,15,2,1
202100040243,129Â 665,A01,1,1,1,4,1,-1,-1,0,0,-1,2021,25.0,1,2,0,0,4,1,1,,1,61,-1,,3,4,0,1,294,500,1,, -1,1,0,1,-1,12,5,1,11,11281,1,1,0,2,A61 - PK 294.500,43.261034,2.02348,16,4,2
202100026486,154Â 354,A01,1,1,1,5,8,0,-1,-1, -1,-1,2021,87.0,3,1,12,0,0,26,5,,3,HUIT MAI (AVENUE DU),0,,-1,2,0,1,51,900,1,, -1,1,9,1,50,29,7,1,7,7281,2,6,1,7,HUIT MAI (AVENUE DU),44.94544,4.85236,17,1,1
202100040871,128Â 569,B01,1,1,2,3,1,5,-1,-1, -1,-1,2021,38.0,2,2,1,0,6,0,0,,3,ROUTE DEPARTEMENTALE 13,0,,2,2,0,3,3,0,3,, -1,1,0,1,70,7,5,3,972,97213,1,1,0,4,ROUTE DEPARTEMENTALE 13,14.633292444,-61.0349035265,19,3,3
202100049368,113Â 515,Y01,1,1,1,9,0,-1,-1,0,0,-1,2021,50.0,1,1,0,2,7,9,5,,4,DECUGIS (AVENUE ALFRED),0,,-1,1,0,1,0,0,2,, -1,1,9,1,50,3,3,1,83,83069,1,9,0,1,DECUGIS (AVENUE ALFRED),43.1165,6.1467,17,2,2
202100039180,131Â 590,A01,1,1,1,5,0,-1,-1,0,0,-1,2021,17.0,3,1,0,0,0,0,5,,4,0,0,,2,2,0,2,(1),(1),1,, -1,2,0,1,50,15,5,1,56,56174,1,1,0,7,Keroland,47.875512,-2.867271,20,1,1
202100043701,123Â 572,A01,1,1,1,5,8,-1,-1,0,0,-1,2021,39.0,3,2,2,0,1,1,1,,4,3,-1,R,2,2,0,1,(1),(1),1,, -1,1,0,3,80,18,4,3,988,98804,1,1,0,6,Route de NonhouÃ©,-21.529022,165.956585,4,1,1
202100036292,136Â 811,A01,2,2,1,3,0,-1,-1,0,0,-1,2021,24.0,0,2,8,0,5,26,1,,4,RM,0,,2,2,0,3,8,(1),2,, -1,1,0,3,30,6,6,1,988,98812,2,9,0,6,Rue Louise Maignan,-20.565497,164.280667,8,2,1
202100018039,169Â 382,B01,1,1,2,0,1,-1,-1,0,0,-1,2021,48.0,1,2,0,2,4,11,1,,1,83,-1,,3,4,0,1,65,420,1,, -1,1,0,1,130,20,9,1,85,85034,1,1,0,5,A83,46.628033,-1.148036,8,4,3
202100028875,150Â 108,B01,1,1,1,1,8,0,-1,-1, -1,-1,2021,46.0,3,1,0,2,0,0,5,,4,OURCQ (QUAI DE L'),0,,2,1,3,1,0,0,1,, -1,1,6,6,20,15,7,1,93,93055,2,1,0,6,OURCQ (QUAI DE L'),48.8959318296,2.4053959405,11,2,2
202100001558,199Â 024,A01,1,1,1,9,1,8,-1,-1, -1,-1,2021,26.0,1,2,4,0,1,1,1,,1,A50-Sens Marseille vers Aubagne,0,,1,3,0,1,26,30,3,, -1,2,0,1,110,24,12,1,13,13005,1,1,1,1,A50-Sens Marseille vers Aubagne,43.2731,5.589,9,1,1
202100004324,194Â 030,A01,2,2,1,1,1,-1,-1,0,0,-1,2021,53.0,0,2,13,0,1,1,1,,3,214,-1,,2,2,0,1,6,580,2,, -1,2,0,1,80,7,12,3,49,49261,1,1,0,6,RD214,47.322389,-0.145783,7,2,1
202100039498,131Â 003,A01,1,1,2,5,1,-1,-1,0,0,-1,2021,65.0,2,2,0,2,1,1,1,,3,31,-1,,2,2,0,2,16,150,1,, -1,2,0,1,80,16,5,1,74,74255,1,1,1,3,Rte du Cheran,45.865016,5.96137,16,2,2
202100017091,171Â 080,B01,1,1,1,9,2,6,-1,-1, -1,-1,2021,54.0,2,1,0,2,8,2,1,,3,EUGENE RENAULT - CAR DE LA RESISTANCE (R,0,,2,2,0,1,0,1,1,, -1,1,5,1,50,24,9,1,94,94046,2,2,0,3,EUGENE RENAULT - CAR DE LA RESISTANCE (R,48.815374,2.420451,14,2,2
202100049071,114Â 046,B01,1,1,1,0,2,0,-1,-1, -1,-1,2021,63.0,1,1,0,2,1,1,1,,4,MAC JEAN (AV) NÂ° PAIRS 308 ET plus,0,,2,3,2,1,0,0,1,, -1,1,0,1,50,5,3,1,72,72181,2,3,0,3,MAC JEAN (AV) NÂ° PAIRS 308 ET plus,47.97603,0.23625,11,2,2
202100047430,116Â 988,A01,1,1,1,5,8,-1,-1,0,0,-1,2021,31.0,1,0,6,2,4,17,1,,3,44,-1,,-1,2,0,1,5,904,1,, -1,1,0,1,50,20,3,1,31,31144,2,1,0,2,59 avenue de la gare,42.91469,0.645511,17,3,2
202100047595,116Â 681,A01,1,1,2,1,8,0,-1,-1, -1,-1,2021,51.0,1,2,0,2,4,1,1,,2,RN104,0,,3,4,0,1,5,400,1,, -1,2,0,1,90,17,3,3,77,77373,1,1,1,2,RN104,48.78768,2.61761,18,2,2
202100027961,151Â 722,B01,1,1,2,5,2,6,-1,0,0,-1,2021,28.0,1,1,0,2,1,17,1,,4,RUE DE LA CONVENTION,0,,2,2,0,1,(1),(1),1,, -1,1,0,1,50,17,7,1,75,75115,2,3,0,3,RUE DE LA CONVENTION,48.840671,2.288868,17,2,2
202100045479,120Â 444,A01,1,1,2,0,8,-1,-1,0,0,-1,2021,87.0,2,2,15,0,1,1,1,,4,,-1,,2,2,0,1,(1),(1),3,, -1,1,0,3,30,3,4,1,29,29207,2,1,0,6,Rue des GenÃªts,48.536798,-3.789382,15,1,1
202100031005,146Â 315,B01,1,1,1,5,1,8,-1,0,0,-1,2021,48.0,1,2,0,2,4,2,1,,3,,0,,2,2,0,4,28,0,1,, -1,1,5,1,70,1,7,1,71,71540,1,1,0,2,Rond-Point du Vieux Saule,46.7683229003,4.4520665769,15,2,2
202100049937,112Â 481,A01,1,1,2,5,2,9,6,0,0,-1,2021,18.0,2,1,0,2,1,1,1,,3,6,0,D,2,2,0,1,66,600,1,, -1,1,0,1,50,27,2,1,70,70176,2,1,0,2,25 Grande Rue,47.894386,6.624957,12,2,2
202100034078,140Â 848,A01,10,3,2,0,0,-1,-1,2,3,2,2021,2.0,2,2,0,1,2,1,1,,4,BOULEVARD CLEMENCEAU- GEORGES,0,,-1,1,0,1,(1),(1),1,, -1,1,0,1,50,16,6,1,13,13103,2,1,0,6,BOULEVARD CLEMENCEAU- GEORGES,43.6412,5.09053,18,2,1
202100031469,145Â 499,A01,1,1,1,0,2,6,-1,0,0,-1,2021,64.0,2,1,13,0,0,17,1,,3,8,-1,,2,2,0,1,6,350,1,, -1,1,0,3,80,1,7,2,46,46231,1,1,0,6,Le Trieu,44.500435,1.109485,20,2,2
202100001773,198Â 623,A01,1,1,2,0,8,-1,-1,0,0,-1,2021,46.0,1,2,2,0,1,26,1,,3,69,-1,,2,2,0,1,(1),(1),1,, -1,1,0,3,80,23,12,1,59,59262,1,1,0,6,Route de Fletre,50.781968,2.636912,14,3,1
202100053422,106Â 225,B01,1,1,1,2,8,8,-1,-1, -1,-1,2021,17.0,1,1,0,2,3,19,5,,3,MONTABO (ROUTE DE) 1,0,,2,2,1,1,2,299,3,, -1,1,9,1,30,27,1,1,973,97302,2,1,0,3,MONTABO (ROUTE DE) 1,4.94127,-52.30283,12,2,2
202100052945,107Â 085,B01,1,1,1,1,1,-1,-1,0,0,-1,2021,42.0,2,5,0,2,5,21,1,,3,640,-1,,2,2,0,1,0,1,1,, -1,2,0,1,80,1,2,1,69,69263,1,3,1,3,D4,45.8043541003,4.4261369705,17,4,2
202100033076,142Â 620,B01,1,1,1,4,2,6,-1,0,0,-1,2021,21.0,2,1,0,2,1,7,3,,4,AVENUE GAMBETTA,0,,2,2,3,2,(1),(1),1,, -1,2,0,6,30,19,6,1,75,75120,2,1,1,3,AVENUE GAMBETTA,48.870124,2.403022,20,2,2
202100011004,182Â 056,A01,1,1,2,5,2,6,-1,0,0,-1,2021,16.0,0,1,8,0,1,1,1,,4,,0,,2,2,0,1,(1),(1),1,,4,1,0,1,50,26,10,1,38,38170,2,1,0,6,6 Rue de l Industrie,45.245306,5.659687,16,1,1
202100055046,103Â 420,A01,1,1,2,1,1,-1,-1,-1,0,-1,2021,32.0,1,2,0,2,4,1,1,,3,70,0,,2,2,0,1,2,100,1,, -1,1,0,1,80,14,1,1,29,29039,1,1,0,4,D70 - Craostallouroun,47.9165,-3.90399,17,4,3
202100029047,149Â 816,A01,1,1,1,1,2,9,-1,0,0,-1,2021,33.0,1,1,0,2,1,26,1,,3,110,0,,2,2,0,1,9,40,1,,"5,5",1,0,1,70,14,7,1,78,78385,1,3,0,2,2 Chemin Departemental 110,48.956467,1.592749,20,2,2
202100042803,125Â 150,B01,1,1,1,0,2,0,-1,-1, -1,-1,2021,28.0,2,1,0,2,1,2,1,,2,JAURES (BLD 1 JEAN),0,,2,4,1,1,(1),(1),1,, -1,1,0,1,70,23,4,1,974,97411,2,1,0,3,JAURES (BLD 1 JEAN),-20.89941,55.47934,16,2,2
202100029861,148Â 416,A01,1,1,1,1,2,6,-1,-1, -1,-1,2021,27.0,2,1,0,2,1,1,1,,3,912,0,,2,2,0,1,0,0,1,, -1,1,0,1,50,8,7,1,92,92024,2,3,0,2,VICTOR HUGO (BD),48.90316,2.31971,15,2,2
202100018470,168Â 616,B01,1,1,1,0,1,-1,-1,0,0,-1,2021,26.0,0,2,0,2,8,1,1,,3,579,-1,D,2,2,0,4,13,250,3,, -1,1,0,1,80,17,9,1,7,7023,1,1,0,3,route de Saint Maurice,44.509896,4.385594,16,2,2
202100037286,135Â 024,A01,1,1,1,5,8,0,-1,0,0,-1,2021,15.0,2,1,0,2,4,11,3,,4,QUAI BRANLY,0,,2,0,1,1,(1),(1),1,, -1,1,0,5,30,30,5,1,75,75115,2,1,0,2,QUAI BRANLY,48.855803,2.289726,17,2,2
202100045750,119Â 974,A01,1,1,1,0,2,8,-1,-1, -1,-1,2021,38.0,1,1,0,2,1,1,1,,4,MAIGNON (ROUTE DE),0,,3,2,0,1,0,0,1,, -1,1,0,1,30,29,3,1,64,64024,2,1,0,2,MAIGNON (ROUTE DE),43.47937,-1.50645,14,2,2
202100041381,127Â 641,B01,1,1,1,1,1,-1,-1,0,0,-1,2021,56.0,1,2,0,2,8,1,1,,3,4,-1,,2,2,0,1,20,500,1,, -1,2,0,1,80,4,5,1,44,44052,1,2,1,3,Route de Crossac,47.359947,-2.111349,7,3,2
202100021876,162Â 529,A01,1,1,1,0,2,6,-1,0,0,-1,2021,46.0,1,1,0,9,2,17,1,,4,,0,,2,2,0,1,(1),(1),1,,5,1,0,1,50,29,8,1,971,97103,2,1,0,3,Rue Bernard Vaitilingon,16.236277,-61.604859,18,2,2
202100052891,107Â 176,B01,1,1,1,0,2,-1,-1,-1, -1,-1,2021,24.0,1,1,0,2,2,17,1,,4,GALLIENI (CRS DU MARECHAL),0,,2,2,0,1,(1),(1),1,, -1,2,0,1,50,1,2,1,33,33522,2,3,1,1,Cours du MarÃ©chal Gallieni,44.82031,-0.59632,9,2,2
202100049443,113Â 382,A01,1,1,1,1,2,6,-1,0,0,-1,2021,21.0,2,1,0,2,1,17,1,,3,201,0,,2,2,0,1,14,900,3,, -1,1,0,1,80,4,3,1,68,68242,1,1,0,4,D201,47.981893,7.375581,8,3,3
202100033073,142Â 624,B01,1,1,1,9,2,0,-1,0,0,-1,2021,29.0,2,1,0,2,4,10,5,,4,RUE JUSSIEU,0,,2,3,0,1,(1),(1),1,, -1,1,0,1,30,21,6,1,75,75105,2,1,0,3,RUE JUSSIEU,48.846991,2.353836,15,3,2
202100033315,142Â 219,A01,1,1,1,5,2,0,-1,-1, -1,-1,2021,25.0,1,1,0,0,7,1,1,,4,TOULOUSE (RUE DE),0,,3,4,0,1,0,0,1,, -1,1,0,1,50,12,6,1,87,87085,2,1,0,7,TOULOUSE (RUE DE),45.80826,1.28697,12,1,1
202100036135,137Â 092,A01,1,1,2,5,1,-1,-1,0,0,-1,2021,38.0,2,2,8,0,8,13,1,,3,226,0,,2,2,0,1,13,730,2,, -1,9,0,3,80,5,6,2,32,32116,1,1,0,6,RD226,43.34954,0.429132,20,1,1
202100020821,164Â 427,B01,1,1,1,0,8,0,-1,-1, -1,-1,2021,41.0,2,2,4,2,1,16,1,,1,15,0,,-1,2,0,1,4,199,3,, -1,2,3,1,50,5,9,3,92,92036,1,1,1,3,AUTOROUTE A15,48.9390027228,2.2956647869,4,2,2
202100036782,135Â 960,A01,1,1,1,5,2,6,-1,-1, -1,-1,2021,26.0,0,1,0,2,7,9,1,,4,DE MARTRES (AVENUE RAYMOND),0,,2,2,0,1,0,0,1,, -1,1,0,1,50,2,6,1,64,64102,2,1,0,3,DE MARTRES (AVENUE RAYMOND),43.48696,-1.48277,12,2,2
202100011998,180Â 267,A01,1,1,1,0,2,6,-1,-1, -1,-1,2021,50.0,1,1,0,2,1,9,1,,3,D 616,0,,1,1,1,1,0,15,1,, -1,1,0,1,50,20,10,2,66,66136,1,3,0,3,D 616,42.71083,2.87473,7,2,2
202100011207,181Â 701,B01,1,1,1,0,8,0,-1,-1, -1,-1,2021,20.0,3,1,0,2,2,1,3,,7,CARREL ARMAND RUE,0,,3,4,3,1,(1),(1),1,, -1,1,0,6,30,6,10,1,59,59350,2,1,0,3,CARREL ARMAND RUE,50.6167698333,3.0740342325,16,2,2
202100039481,131Â 035,A01,1,1,1,0,8,0,-1,-1, -1,-1,2021,15.0,2,1,0,2,1,1,5,,4,PAUL HOCHART (R),0,,-1,1,0,1,1,0,1,, -1,2,0,8,50,18,5,1,94,94038,2,9,1,6,Rue Paul Hochart,48.774352,2.354493,17,2,2
202100056075,101Â 648,B01,1,1,1,2,2,8,-1,-1, -1,-1,2021,20.0,1,1,0,2,1,19,5,,3,GENERAL DE GAULLE (AV DU),0,,4,3,1,1,0,0,3,, -1,1,5,5,50,6,1,1,94,94021,2,3,0,3,GENERAL DE GAULLE (AV DU),48.7716,2.34659,9,2,2
202100046203,119Â 181,A01,2,2,1,1,1,8,-1,-1, -1,-1,2021,48.0,1,2,0,2,1,13,1,,3,188 CHEVREUSE,0,,2,2,0,1,5,960,1,, -1,1,0,1,90,29,3,2,91,91661,1,1,0,1,RD 188 CHEVREUSE,48.69651,2.2271,7,3,2
202100007410,188Â 512,B01,2,2,2,0,1,-1,-1,0,0,-1,2021,29.0,3,2,7,0,8,19,1,,3,176,-1,,2,2,0,1,5,670,1,,"5,5",1,0,1,80,19,11,1,78,78470,1,2,0,3,D176,48.578403,1.798746,17,5,2
202100012958,178Â 575,A01,1,1,1,5,1,-1,-1,0,0,-1,2021,29.0,1,2,2,0,8,14,1,,3,271,-1,,2,2,0,1,3,960,1,, -1,1,0,3,80,16,10,1,7,7056,1,1,0,7,Rue principale,45.33778,4.734067,13,1,1
202100009865,184Â 069,A01,10,3,2,0,0,-1,-1,9,3,1,2021,59.0,3,5,0,1,4,20,1,,4,,-1,,2,2,0,1,(1),(1),1,, -1,1,0,1,50,2,11,1,27,27275,2,1,0,6,Rue du GÃ©nÃ©ral de Gaulle,49.160113,1.336395,13,2,1
202100052572,107Â 753,A01,1,1,1,4,2,0,-1,0,0,-1,2021,33.0,3,1,0,2,8,11,1,,4,PLACE DE CLICHY,0,,1,3,3,1,(1),(1),1,, -1,1,0,1,50,4,2,1,75,75109,2,7,0,3,PLACE DE CLICHY,48.883439,2.327679,12,2,2
202100036659,136Â 185,A01,10,3,1,0,0,-1,-1,1,3,1,2021,27.0,1,1,0,1,2,2,1,,3,"""LANDY RD 20, NR IMPAIRS 1 A 144""",0,,2,2,0,1,0,1,1,, -1,1,0,1,50,3,6,1,93,93066,2,1,0,3,Rue du Landy,48.915328,2.354195,7,3,2
202100042025,126Â 505,A01,10,3,2,5,0,-1,-1,4,3,2,2021,27.0,0,2,0,1,2,1,1,,3,MENDES FRANCE (BOULEVARD),0,,3,4,0,1,26,269,1,, -1,1,0,1,50,27,4,1,50,50129,2,2,0,6,MENDES FRANCE (BOULEVARD),49.634524,-1.626085,10,3,1
202100023289,159Â 988,A01,1,1,1,0,0,-1,-1,-1, -1,-1,2021,22.0,0,0,0,2,1,1,3,,4,RAPP (AVE),0,,2,2,0,1,(1),(1),1,, -1,1,0,1,50,20,8,1,33,33009,2,2,0,3,RAPP (AVE),44.65834,-1.18036,13,2,2
202100003740,195Â 067,B01,1,1,1,5,1,0,-1,-1, -1,-1,2021,40.0,3,2,0,2,2,15,1,,4,COUTURIER (AVENUE PAUL VAILLANT),0,,-1,1,0,1,0,0,3,, -1,2,0,1,50,10,12,1,93,93078,2,4,0,1,COUTURIER (AVENUE PAUL VAILLANT),48.9602055932,2.5332820415,11,3,2
202100019455,166Â 862,A01,1,1,1,5,2,6,9,0,0,-1,2021,55.0,0,1,0,0,0,1,1,,3,285,0,A,2,2,0,2,3,8,3,, -1,1,0,1,80,27,5,1,38,38075,1,1,0,7,D285a,45.478535,5.935458,16,1,1
202100046731,118Â 241,B01,1,1,1,5,2,6,-1,-1,0,-1,2021,23.0,1,1,0,2,1,1,1,,4,PL GRAND CERF,0,,1,1,0,1,(1),(1),3,, -1,1,0,1,50,24,3,5,95,95063,2,1,0,3,PL GRAND CERF,48.9233337997,2.2079441103,20,2,2
202100005175,192Â 530,A01,2,2,2,3,1,-1,-1,0,0,-1,2021,69.0,2,2,10,0,1,14,1,,3,612,0,,2,2,0,1,25,180,1,, -1,1,0,3,80,3,12,1,66,66101,1,1,0,6,D612,42.617728,2.790361,14,2,1
202100011520,181Â 126,A01,1,1,1,9,2,6,-1,0,0,-1,2021,30.0,2,1,3,2,4,14,1,,1,A4,0,,3,5,0,1,5,250,1,, -1,2,0,1,90,23,10,4,75,75112,1,1,1,6,A4,48.81888,2.45731,3,2,2
202100036220,136Â 948,B01,1,1,1,1,2,-1,-1,-1, -1,-1,2021,33.0,1,1,0,2,1,1,5,,4,,0,,2,3,3,1,(1),(1),1,, -1,1,0,1,50,5,6,1,69,69383,2,1,0,1,LAFAYETTE (CR),45.7636148237,4.8571720719,14,2,2
202100038319,133Â 145,A01,10,3,1,0,8,-1,-1,1,3,1,2021,43.0,2,1,0,1,1,1,5,,4,GAMBETTA                            (CO),0,,2,3,3,1,(1),(1),1,, -1,1,0,1,50,25,5,1,69,69387,2,1,0,6,GAMBETTA (CR),45.7512600361,4.8545756936,11,2,1
202100051971,108Â 812,B01,1,1,2,3,1,-1,-1,0,0,-1,2021,39.0,1,2,0,2,1,1,1,,3,,0,,2,2,0,1,5,37,1,, -1,1,0,1,80,10,2,1,85,85070,1,1,0,1,D82,46.74023,-1.79177,15,2,2
202100017209,170Â 879,A01,10,3,2,4,0,-1,-1,9,3,1,2021,51.0,3,2,0,1,6,1,1,,6,336,0,D,-1,0,0,1,(1),(1),1,, -1,1,0,1,30,24,9,1,63,63195,2,1,0,6,28-32 Rue Georges ClÃ©menceau,45.827237,3.373404,10,2,1
202100040885,128Â 544,B01,1,1,1,5,1,5,-1,-1, -1,-1,2021,29.0,1,2,0,2,1,2,1,,3,TOULOUSE RD 813 (ROUTE DE) ,0,,2,2,0,1,26,40,1,, -1,2,0,1,80,6,5,3,82,82033,1,1,0,2,TOULOUSE RD 813 (ROUTE DE) ,44.03103,1.12864,21,2,2
202100004078,194Â 455,A01,10,3,2,4,8,8,-1,0,0,-1,2021,49.0,1,2,1,0,6,20,1,,4,Charles Baudelaire (Rue),0,,2,2,0,2,(1),(1),1,, -1,1,0,1,50,7,12,1,19,19272,2,1,0,6,Charles Baudelaire (Rue),45.2876343511,1.7594486475,11,2,1
202100051717,109Â 248,B01,1,1,2,0,8,0,-1,-1, -1,-1,2021,25.0,1,1,0,2,8,1,5,,3,MARECHAL DE LATTRE DE TASSIGNY (AV),0,,2,8,0,1,1,0,1,, -1,1,0,1,50,11,2,1,94,94069,2,2,0,3,Av du Mal de Lattre de Tassigny,48.824092,2.419919,12,2,2
202100020132,165Â 639,B01,1,1,1,2,2,0,-1,-1, -1,-1,2021,11.0,3,1,0,2,8,19,5,,3,180,0,,2,2,0,1,0,0,1,, -1,1,0,1,50,8,9,1,92,92064,2,3,0,3,PORTE JAUNE,48.84176,2.19923,14,2,2
202100026992,153Â 465,A01,1,1,1,5,2,6,-1,0,0,-1,2021,15.0,1,1,0,2,1,1,1,,3,68,-1,,2,2,0,1,0,350,1,, -1,1,0,1,80,26,7,1,42,42009,1,2,0,3,D68,45.770565,4.004538,18,2,2
202100052373,108Â 097,A01,2,2,2,0,3,8,-1,-1, -1,-1,2021,8.0,2,2,8,2,2,1,1,,3,D28 LIGNE DES BAMBOUS,0,,2,2,0,1,4,555,1,, -1,1,5,1,50,5,2,1,974,97416,1,3,1,3,SAVIGNY (CHEMIN EDOUARD),-21.29951,55.49073,16,3,2
202100026071,155Â 084,B01,1,1,1,4,1,-1,-1,0,0,-1,2021,38.0,2,2,0,2,3,1,1,,3,98,-1,D,2,2,0,1,6,404,1,, -1,1,9,1,50,2,8,1,6,6018,1,3,0,3,Route des Dolines,43.621698,7.05866,8,2,2
202100038832,132Â 215,A01,1,1,1,9,2,-1,-1,0,0,-1,2021,44.0,1,1,3,0,7,2,1,,1,9,-1,,3,4,0,1,74,150,3,, -1,1,5,1,90,21,5,1,30,30123,1,6,0,7,A9,43.724445,4.163225,18,1,1
202100050674,111Â 110,B01,1,1,1,5,0,-1,-1,0,0,-1,2021,52.0,2,1,0,0,1,2,5,,3,13,-1,,2,2,0,1,2,580,3,, -1,1,0,1,80,20,2,1,56,56122,1,1,0,7,D 129,47.998607,-2.383802,14,2,2
202100040549,129Â 131,A01,1,1,1,0,0,-1,-1,0,0,-1,2021,18.0,3,2,6,0,3,1,1,,4,,-1,,2,2,0,1,0,0,3,, -1,2,0,8,50,10,5,1,57,57235,2,1,1,6,Rue Notre Dame,49.285723,6.503324,11,1,1
202100025693,155Â 760,A01,1,1,1,9,2,6,-1,0,0,-1,2021,16.0,3,1,9,0,3,14,1,,4,,-1,,2,2,0,1,(1),(1),2,,4,1,5,5,50,25,7,1,22,22090,2,9,0,6,Route de Pont Ar Hoail,48.77506,-3.375819,16,1,1
202100033639,141Â 637,A01,1,1,2,1,2,6,-1,0,0,-1,2021,25.0,1,1,0,2,6,15,1,,4,QUAI D AUSTERLITZ,0,,1,5,1,2,(1),(1),1,, -1,2,0,1,30,17,6,5,75,75113,2,2,1,3,QUAI D AUSTERLITZ,48.8419145494,2.3678807279,23,2,2
202100001121,199Â 765,A01,10,3,1,5,0,-1,-1,2,3,1,2021,11.0,1,2,0,1,3,1,2,,4,,-1,,2,2,0,2,(1),(1),1,,6,1,0,1,50,30,12,1,79,79049,2,1,0,7,72 Boulevard de la Republique,46.834398,-0.494519,14,2,1
202100013909,176Â 840,A01,1,1,1,0,2,8,-1,-1, -1,-1,2021,38.0,1,1,0,0,0,0,1,,3,9,0,,2,2,0,1,0,0,1,, -1,1,0,1,50,11,10,2,92,92036,2,3,0,7,LOUISE MICHEL (IMPAIRS),48.9226621335,2.3205882311,7,1,1
202100009882,184Â 040,A01,1,1,2,1,1,-1,-1,-1,0,-1,2021,37.0,1,2,0,2,1,17,3,,2,RN 184,0,,3,6,0,1,3,500,1,, -1,1,0,1,110,2,11,3,95,95572,1,1,0,6,RN 184,49.035598,2.117236,6,1,1
202100048456,115Â 146,A01,1,1,1,5,2,6,-1,-1, -1,-1,2021,30.0,1,1,0,2,1,2,1,,3,BARBUSSE (AV. HENRI) DE 2 A 124 COTE PAI,0,,3,2,0,1,0,1,1,, -1,2,0,1,30,11,3,1,93,93010,2,1,1,2,BARBUSSE (AV. HENRI) DE 2 A 124 COTE PAI,48.9011380224,2.4897923522,15,2,2
202100035520,138Â 220,A01,10,3,2,0,0,-1,-1,9,3,1,2021,77.0,2,2,0,1,2,1,1,,4,BIR HAKEIM (RUE),0,,1,1,0,1,0,0,1,, -1,1,0,1,30,9,6,1,13,13201,2,1,0,1,BIR HAKEIM (RUE),43.2968563248,5.3763236297,7,2,1