Num_Acc,id_vehicule,num_veh,place,catu,sexe,trajet,secu1,secu2,secu3,locp,actp,etatp,year_acc,victim_age,senc,catv,obs,obsm,choc,manv,motor,occutc,catr,voie,v1,v2,circ,nbv,vosp,prof,pr,pr1,plan,lartpc,larrout,surf,infra,situ,vma,jour,mois,lum,dep,com,agg_,int,atm,col,adr,lat,long,hour,nb_victim,nb_vehicules
202100050482,111Â 460,B01,1,1,1,1,2,6,-1,0,0,-1,2021,31.0,1,1,0,2,3,1,1,,4,RUE RAYMOND LOSSERAND,0,,1,1,0,1,(1),(1),1,, -1,1,0,1,50,22,2,1,75,75114,2,2,0,3,RUE RAYMOND LOSSERAND,48.835107,2.320308,12,2,2
202100034344,140Â 344,A01,1,1,2,5,1,5,-1,0,0,-1,2021,78.0,1,2,4,0,3,11,1,,1,28,0,A,1,4,0,1,229,600,1,, -1,1,0,1,130,15,6,1,27,27552,1,1,0,6,Saint-Jean-du-Thenney A28,49.014445,0.446175,13,1,1
202100031453,145Â 525,A01,1,1,1,5,2,6,-1,0,0,-1,2021,27.0,0,1,0,0,0,0,1,,3,16,0,D,2,2,0,2,6,800,1,, -1,1,0,1,50,1,7,1,974,97401,1,1,0,7,Route du TÃ©velave,-21.219771,55.348295,16,1,1
202100051199,110Â 158,B01,2,1,1,1,2,0,-1,-1, -1,-1,2021,42.0,3,1,0,2,7,17,1,,3,JEAN JAURES (AVENUE) NÂ°,0,,2,0,0,1,0,1,1,, -1,1,0,1,50,16,2,1,93,93029,2,9,0,3,JEAN JAURES (AVENUE) NÂ°,48.91453,2.461,13,2,2
202100000461,200Â 881,B01,1,1,1,0,2,8,-1,-1, -1,-1,2021,18.0,2,1,0,2,1,3,1,,3,ROUTE DU STILETTO,0,,2,2,0,2,0,400,1,, -1,1,0,1,50,9,11,1,201,201004,2,1,0,3,ROUTE DU STILETTO,41.94649,8.76464,16,2,2
202100006842,189Â 554,A01,1,1,2,4,1,-1,-1,0,0,-1,2021,62.0,1,2,0,0,8,9,2,,4,,-1,,2,2,0,1,(1),(1),1,,"5,5",1,0,1,50,10,11,5,51,51649,2,3,0,3,Rue Aristide Briand,48.7240640758,4.5839971304,18,3,2
202100008103,187Â 254,A01,1,1,1,5,2,-1,-1,0,0,-1,2021,31.0,2,1,2,0,1,1,1,,2,2,0,,-1,2,0,1,31,500,2,, -1,1,0,3,40,14,11,1,987,98722,1,1,0,1,RT - 2 - PK 31.500 C/MER district de Mahaena,-17.591429,-149.382126,15,1,1
202100030488,147Â 272,B01,1,1,1,1,2,-1,-1,0,0,-1,2021,39.0,2,1,0,2,3,2,1,,7,416,0,,2,2,0,2,0,416,1,, -1,1,0,1,30,6,7,1,6,6065,2,1,0,1,416 Chemin des Sablieres,43.732315,7.153515,15,2,2
202100053077,106Â 850,A01,1,1,1,9,1,0,-1,0,0,-1,2021,36.0,1,2,1,0,2,14,1,,4,AVENUE DE LA PORTE DE MONTMARTRE,0,,2,2,0,1,(1),(1),1,, -1,2,0,1,50,30,1,1,75,75118,2,2,1,6,AVENUE DE LA PORTE DE MONTMARTRE,48.897797,2.337435,12,1,1
202100006130,190Â 848,A01,10,3,2,0,0,-1,-1,2,3,1,2021,17.0,1,2,0,1,1,1,1,,3,65,0,D,2,2,2,1,26,550,1,, -1,1,0,1,50,26,11,1,35,35236,2,1,0,6,81 Rue Saint-Michel,47.654434,-2.073222,16,2,1
202100055542,102Â 575,A01,2,2,1,0,1,5,-1,-1, -1,-1,2021,20.0,3,2,0,0,1,21,1,,3,HALPERN.(AVENUE BERNARD),0,,1,3,0,1,(1),(1),1,, -1,1,0,1,70,9,1,5,94,94028,2,1,0,6,HALPERN.(AVENUE BERNARD),48.789214,2.451538,22,2,1
202100037680,134Â 306,A01,1,1,1,5,2,6,-1,0,0,-1,2021,19.0,2,1,3,0,9,1,1,,2,85,0,,2,2,0,1,72,600,3,, -1,2,0,1,80,30,5,1,4,4022,1,1,0,6,RN 85,43.960104,6.34296,15,1,1
202100045635,120Â 165,B01,1,1,1,5,8,8,-1,0,0,-1,2021,30.0,1,1,0,2,1,1,3,,4,BOULEVARD DE MAGENTA,0,,3,4,1,2,(1),(1),3,, -1,1,-1,5,50,1,4,1,75,75110,2,3,0,3,BOULEVARD DE MAGENTA,48.875784,2.356515,13,2,2
202100015966,173Â 131,B01,1,1,1,0,2,0,-1,-1, -1,-1,2021,24.0,3,1,0,2,2,17,0,,4,"""HENRI BARBUSSE (AVENUE """"DU 01 AU 80"""")",0,,-1,2,0,1,0,0,1,, -1,1,9,1,50,29,9,1,93,93007,2,1,1,3,"""HENRI BARBUSSE (AVENUE """"DU 01 AU 80"""")",48.93777,2.45968,14,2,2
202100053852,105Â 486,A01,10,3,2,9,0,-1,-1,2,1,1,2021,87.0,1,2,0,1,3,16,1,,3,THIERS (BD),0,,-1,2,0,1,0,120,1,, -1,2,0,1,50,22,1,1,4,4070,2,1,1,6,RD 19 (Bd Thiers),44.090752154,6.2327273642,9,2,1
202100052500,107Â 881,B01,1,1,1,0,1,-1,-1,0,0,-1,2021,59.0,2,2,0,0,4,2,1,,1,660,-1,A,3,2,0,1,19,800,1,, -1,1,8,1,50,5,2,3,33,33199,1,6,0,2,,44.61453,-1.073442,19,2,2
202100021443,163Â 316,BA01,1,1,1,0,2,0,-1,0,0,-1,2021,35.0,2,1,0,1,1,26,5,,7,LILLE (RUE DE)LATERALE A DRONCKAERT,0,,-1,2,0,2,(1),(1),1,, -1,1,0,1,50,31,8,1,59,59508,2,1,0,6,LILLE (RUE DE)LATERALE A DRONCKAERT,50.723051,3.110904,13,2,1
202100048949,114Â 255,Z01,10,3,1,0,8,8,-1,2,3,1,2021,66.0,1,2,0,1,0,0,0,,4,SAINT PIERRE (RUE),0,,1,1,0,1,0,0,1,, -1,1,0,1,50,6,3,1,13,13205,2,1,0,6,SAINT PIERRE (RUE),43.29254,5.39165,9,2,1
202100033976,141Â 030,A01,1,1,1,1,1,-1,-1,-1, -1,-1,2021,26.0,2,5,0,2,2,3,1,,2,104,0,,3,6,0,1,50,985,1,, -1,1,0,1,110,17,6,1,91,91339,1,1,0,5,RN 104,48.62574,2.26148,17,4,3
202100034857,139Â 401,A01,2,2,1,5,0,-1,-1,0,0,-1,2021,25.0,1,2,2,0,7,1,1,,3,30,-1,,2,2,0,2,14,230,1,, -1,1,0,1,80,13,6,3,21,21522,1,1,0,6,D30,47.424647,5.397002,3,2,1
202100049652,112Â 988,B01,1,1,1,4,1,8,-1,-1, -1,-1,2021,58.0,1,5,0,2,1,1,1,,3,FOURQUES ROUTE DE,0,,2,2,0,1,2,950,1,, -1,1,0,1,80,26,2,2,30,30032,1,3,1,3,FOURQUES ROUTE DE,43.78337,4.62571,6,2,2
202100023270,160Â 022,A01,1,1,1,5,8,0,-1,-1, -1,-1,2021,15.0,1,1,0,0,7,1,5,,4,MOHEDAN DU,0,,2,2,0,1,0,0,1,, -1,1,0,1,50,19,8,2,64,64445,2,1,0,7,MOHEDAN DU,43.3112,-0.37093,20,1,1
202100021934,162Â 420,A01,1,1,1,5,8,-1,-1,0,0,-1,2021,18.0,3,2,2,0,1,1,1,,4,LENDU ROUTE DU,0,,2,2,0,1,(1),(1),1,, -1,1,0,8,50,29,8,1,29,29232,1,1,0,7,Route du Lendu,47.94005,-4.06203,8,1,1
202100026986,153Â 475,A01,1,1,1,1,1,-1,-1,0,0,-1,2021,54.0,1,2,17,0,1,1,1,,3,21,0,A,2,2,0,1,6,250,1,,"4,9",1,0,3,80,26,7,1,79,79340,1,1,0,6,,46.539086,-0.122738,18,1,1
202100050147,112Â 085,A01,10,3,1,2,0,-1,-1,2,3,1,2021,11.0,1,2,0,1,2,1,1,,4,PROFESSEUR RANVIER (DU)             (R ),0,,1,1,0,1,(1),(1),1,, -1,1,0,1,50,25,2,1,69,69388,2,1,0,6,PROFESSEUR RANVIER (DU) (R),45.73655,4.88611,17,2,1
202100034910,139Â 308,B01,1,1,1,0,1,0,-1,-1, -1,-1,2021,32.0,1,2,0,2,4,1,1,,1,AUTOROUTE A1,0,,3,8,0,2,8,0,1,, -1,1,0,1,70,11,6,1,93,93013,1,1,0,4,AUTOROUTE A1,48.94024,2.42362,17,3,3
202100039181,131Â 589,A01,1,1,2,3,1,-1,-1,0,0,-1,2021,80.0,2,2,2,0,1,1,1,,3,775,0,D,2,2,0,1,29,1,1,, -1,1,0,3,80,20,5,1,56,56184,1,1,0,6,Avenue de Bocquenay,47.683733,-2.44323,12,1,1
202100037081,135Â 419,A01,1,1,1,0,0,-1,-1,0,0,-1,2021,28.0,1,2,13,0,2,14,1,,3,751,0,,2,2,0,1,35,780,2,, -1,1,0,3,80,2,6,2,41,41032,1,1,0,7,"D751 ""LEVÃE DE LA LOIRE""",47.552212,1.298254,6,1,1
202100021258,163Â 661,B01,1,1,1,5,2,6,-1,-1, -1,-1,2021,17.0,1,1,0,2,1,1,1,,7,REPUBLIQUE AUTRES NÂ° RUE DE LA,0,,2,2,0,2,90,75,3,, -1,1,0,1,50,2,9,5,42,42186,2,3,0,3,Rue de la RÃ©publique,45.53067,4.61224,22,2,2
202100049293,113Â 649,B01,1,1,2,5,8,0,-1,-1, -1,-1,2021,37.0,-1,2,0,0,4,2,0,,3,BALLANGER ROBERT (AVENUE),0,,1,2,0,1,0,1,1,, -1,2,0,1,50,4,3,1,93,93071,2,1,1,2,BALLANGER ROBERT (AVENUE),48.936334289,2.5312599148,18,2,2
202100024015,158Â 717,A01,10,3,1,5,8,-1,-1,3,3,1,2021,66.0,1,2,0,1,1,1,1,,4,LE GORGEU (SANS NÂ° ENTRE RUE KERGOAT ET,0,,3,5,3,1,(1),(1),1,, -1,1,5,1,30,30,8,1,29,29019,2,1,0,7,Avenue Victor le Gorgeu,48.401836,-4.502133,15,2,1
202100001563,199Â 015,A01,1,1,2,5,1,0,-1,-1, -1,-1,2021,29.0,1,2,0,2,0,0,1,,1,AUTOROUTE A6B,0,,3,4,0,1,8,399,1,, -1,2,0,1,90,24,12,2,91,91689,1,1,0,3,AUTOROUTE A6B,48.739831,2.320204,15,2,2
202100003637,195Â 248,A01,10,3,1,5,0,-1,-1,3,3,2,2021,4.0,1,2,0,1,1,1,1,,4,CHEZEL (RUE CLOVIS),0,,2,2,0,1,(1),(1),1,, -1,2,0,1,50,10,12,1,51,51454,2,1,0,7,Rue Clovis Chezel,49.2403770278,4.0327361226,13,2,1
202100048975,114Â 206,A01,1,1,1,3,1,0,-1,-1, -1,-1,2021,79.0,1,2,0,2,5,1,1,,4,ENGHIEN,0,,1,1,0,1,0,1,1,, -1,1,0,1,50,6,3,1,93,93066,2,2,0,3,ENGHIEN,48.94304,2.37044,16,2,2
202100002582,197Â 170,B01,3,2,2,5,1,0,-1,-1, -1,-1,2021,17.0,1,2,0,2,4,1,2,,2,TOUTES RUES,0,,1,2,0,1,1,0,1,, -1,1,0,1,90,16,12,3,202,202037,1,1,0,2,TOUTES RUES,42.6006339533,9.4385019855,22,5,2
202100018762,168Â 103,A01,1,1,1,0,2,0,-1,-1, -1,-1,2021,56.0,0,1,0,2,1,26,1,,4,RUE DU SOUVENIR FRANCAIS,0,,1,0,0,1,(1),0,4,, -1,1,0,1,50,15,9,5,44,44162,2,6,0,1,RUE DU SOUVENIR FRANCAIS,47.2099317804,-1.6289056296,6,2,2
202100013423,177Â 739,A01,1,1,2,0,8,0,-1,-1, -1,-1,2021,34.0,1,2,0,2,6,11,1,,3,7,0,,2,4,0,1,0,0,1,, -1,1,0,1,70,13,10,1,92,92026,2,1,0,2,JOFFRE ( DE 30 A 50 ET DE 31 A 55 ),48.8994796118,2.2717854381,13,4,2
202100044371,122Â 356,B01,1,1,1,1,2,6,-1,0,0,-1,2021,28.0,1,1,0,2,1,2,1,,4,QUAI ANATOLE FRANCE,0,,2,6,0,1,(1),(1),1,, -1,2,0,1,50,10,4,5,75,75107,2,3,1,2,QUAI ANATOLE FRANCE,48.862643,2.319078,20,2,2
202100019788,166Â 277,A01,1,1,1,9,1,-1,-1,0,0,-1,2021,33.0,3,2,6,0,1,0,1,,4,,0,,2,1,0,3,(1),(1),2,,3,1,0,8,50,9,9,5,973,97307,2,9,0,7,88 Rue Quadrille des Lanciers,4.885624,-52.34516,0,1,1
202100015287,174Â 387,B01,1,1,1,0,0,2,6,0,0,-1,2021,46.0,2,1,0,0,1,0,1,,3,81,-1,,2,2,0,1,(1),(1),1,, -1,1,0,1,50,15,9,1,66,66008,2,1,0,3,760 Avenue du Tech,42.561035,3.041046,9,2,2
202100041587,127Â 267,A01,1,1,1,5,2,-1,-1,0,0,-1,2021,62.0,1,1,0,5,1,1,1,,3,154,-1,,2,2,0,1,11,293,1,, -1,1,0,1,50,4,5,1,76,76697,1,1,1,6,Route de la VallÃ©e,49.79476,1.17315,9,1,1
202100050580,111Â 276,A01,10,3,1,5,0,-1,-1,5,8,2,2021,2.0,2,2,9,1,2,9,1,,7,BERTHELOT AVENUE,0,,3,2,0,1,8,800,1,, -1,1,0,4,50,20,2,2,42,42110,2,1,0,6,Avenue Berthelot,45.49378,4.55974,18,5,1
202100013988,176Â 697,A01,10,3,1,0,0,-1,-1,9,2,1,2021,85.0,0,2,0,1,6,4,1,,4,RUE DE MORSANG,0,,2,0,0,1,0,0,4,, -1,1,9,8,5,9,10,1,91,91589,2,9,0,6,RUE DE MORSANG,48.67227,2.35419,12,2,1
202100039082,131Â 776,A01,1,1,1,9,2,8,-1,-1, -1,-1,2021,20.0,3,1,0,2,1,5,1,,4,MONT DE L'EPINETTE (RAMPE DU),0,,2,2,0,2,(1),(1),2,, -1,1,0,1,50,20,5,1,76,76414,1,1,0,1,MONT DE L'EPINETTE (RAMPE DU),49.90462,1.13531,13,4,2
202100016392,172Â 332,A01,1,1,1,2,2,-1,-1,0,0,-1,2021,18.0,2,1,0,2,8,1,1,,3,922,0,D,2,2,0,1,(1),(1),1,,"5,5",2,0,1,50,29,9,1,41,41194,2,2,1,3,boulevard du marÃ©chal lyautey,47.361407,1.739246,7,2,2
202100049118,113Â 955,A01,1,1,1,0,2,6,-1,-1, -1,-1,2021,23.0,2,6,0,2,1,2,1,,4,SAINT LOUP (BOULEVARD DE),0,,2,2,0,1,(1),(1),1,, -1,1,6,1,50,5,3,1,13,13210,2,1,0,2,SAINT LOUP (BOULEVARD DE),43.28277,5.43213,17,2,2
202100013353,177Â 882,A01,2,2,1,5,8,-1,-1,0,0,-1,2021,25.0,2,1,10,0,7,1,1,,3,48,-1,,2,2,0,2,13,500,3,, -1,1,0,1,70,14,10,3,974,97421,1,1,0,6,Route Departementale 48,-21.00822,55.565178,19,2,1
202100012632,179Â 133,B01,1,1,2,5,8,0,-1,-1, -1,-1,2021,34.0,1,1,0,2,1,9,3,,4,BAZEILLES (BD / ROND POINT DE),0,,-1,2,0,1,0,0,1,, -1,1,0,1,50,17,10,1,83,83137,2,3,0,3,BAZEILLES (BD / ROND POINT DE),43.1120847849,5.9357392788,10,3,2
202100018991,167Â 686,B01,1,1,1,9,2,0,-1,0,0,-1,2021,27.0,1,1,0,2,1,1,1,,4,AVENUE FOCH,0,,2,6,0,1,(1),(1),1,, -1,1,5,1,50,14,9,5,75,75116,2,7,0,3,AVENUE FOCH,48.873588,2.292807,0,2,2
202100010617,182Â 757,A01,1,1,2,5,2,6,-1,0,0,-1,2021,26.0,2,1,6,0,7,2,1,,3,26,-1,,2,2,0,1,2,0,3,, -1,1,0,3,80,29,10,1,38,38497,1,1,0,6,D26,44.920304,5.810496,14,1,1
202100044684,121Â 840,A01,1,1,1,4,2,8,-1,-1, -1,-1,2021,46.0,1,1,0,2,6,1,1,,4,VICTOIRE (BOULEVARD DE LA ),0,,3,4,0,4,0,0,1,, -1,1,0,1,50,7,4,1,49,49099,1,2,0,3,VICTOIRE (BOULEVARD DE LA ),47.05662,-0.87775,13,2,2
202100024680,157Â 531,A01,1,1,1,0,1,-1,-1,0,0,-1,2021,36.0,2,2,0,2,2,13,1,,3,28,-1,,2,2,0,1,49,0,1,, -1,1,0,1,80,12,8,1,28,28073,1,1,0,1,D28,48.499819,1.679535,8,2,2
202100006716,189Â 779,A01,1,1,1,5,2,6,-1,0,0,-1,2021,82.0,1,1,0,2,1,1,1,,4,PORTE DE GENTILLY,0,,1,2,0,1,4,400,3,, -1,1,0,1,70,23,11,1,75,75114,2,1,0,2,PORTE DE GENTILLY,48.816851,2.33621,16,2,2
202100036837,135Â 852,A01,1,1,1,5,8,0,-1,0,0,-1,2021,22.0,1,1,0,2,8,19,5,,4,RUE DE LA CROIX NIVERT,0,,2,3,0,1,(1),(1),1,, -1,1,0,1,50,2,6,1,75,75115,2,1,0,3,RUE DE LA CROIX NIVERT,48.847386,2.300796,14,2,2
202100055068,103Â 377,A01,2,2,1,5,1,0,-1,0,0,-1,2021,19.0,2,2,8,2,1,1,1,,4,RUE BELLIARD,0,,1,2,0,1,(1),(1),1,, -1,2,0,1,50,14,1,5,75,75118,2,2,1,3,RUE BELLIARD,48.896068,2.333,18,3,2
202100013078,178Â 365,B01,1,1,2,9,1,0,-1,-1, -1,-1,2021,54.0,1,2,0,2,4,15,1,,4,DAGUENET,0,,2,2,0,1,1,0,1,, -1,1,0,1,50,14,10,1,49,49007,2,1,0,2,DAGUENET,47.475165,-0.527389,14,2,2
202100050912,110Â 674,A01,1,1,1,1,1,0,-1,0,0,-1,2021,31.0,1,2,0,2,3,21,1,,2,ECHANGEUR NÂ° 10 ( ETERVILLE ),0,,3,4,3,3,16,299,1,, -1,1,0,1,110,19,2,1,14,14254,1,1,0,2,N814,49.15163,-0.41713,11,2,2
202100008039,187Â 361,B01,1,1,1,9,8,0,-1,-1, -1,-1,2021,65.0,1,1,0,2,4,0,5,,3,GENERAL LECLERC (RUE DU),0,,2,2,0,1,4,900,1,, -1,1,0,1,50,14,11,2,10,10321,1,1,0,2,GENERAL LECLERC (RUE DU),48.2891,3.9983,17,2,2
202100037349,134Â 908,A01,1,1,1,0,0,-1,-1,0,0,-1,2021,84.0,1,2,1,0,1,1,1,,3,904,0,,2,2,0,1,1,(1),1,, -1,1,0,8,50,1,6,1,54,54416,2,1,0,1,Rue de la Croix,48.9350109114,5.8053946503,7,1,1
202100050108,112Â 170,B01,1,1,1,5,2,-1,-1,0,0,-1,2021,12.0,3,1,0,2,2,19,5,,3,44,0,D,2,2,0,1,(1),(1),1,, -1,1,0,1,50,26,2,1,60,60513,2,1,0,1,Rue de Blaincourt,49.2099427328,2.3709797501,18,2,2
202100012750,178Â 928,A01,7,2,2,5,0,-1,-1,0,0,-1,2021,22.0,0,2,13,0,0,14,1,,2,3,0,R,2,2,0,1,0,0,1,, -1,1,0,3,70,18,10,3,988,98808,1,1,0,7,NÃ©kouÃ© (Tribu),-21.253734,165.604515,2,3,1
202100046328,118Â 961,B01,1,1,1,5,1,-1,-1,-1,0,-1,2021,54.0,2,2,0,2,5,2,1,,1,AUTOROUTE A15,0,,3,7,0,2,14,0,2,, -1,1,0,1,70,27,3,1,95,95424,1,1,0,2, A15,48.99076,2.19376,19,2,2
202100008672,186Â 238,A01,1,1,1,0,1,5,-1,0,0,-1,2021,76.0,3,2,0,2,2,11,1,,4,TRESQUES (ROUTE DE),0,,2,1,0,1,(1),(1),1,, -1,1,9,1,50,26,8,1,30,30028,2,9,0,1,,44.15101,4.6119,14,3,2
202100045365,120Â 641,B01,1,1,1,3,2,0,-1,-1, -1,-1,2021,25.0,1,1,0,2,1,1,1,,4,CHARCOT (RUE J.B.),0,,2,2,0,2,0,1,2,, -1,1,0,1,50,1,4,1,74,74298,2,3,0,3,CHARCOT (RUE J.B.),46.18837,6.25152,13,2,2
202100041399,127Â 603,B01,2,2,1,5,1,0,-1,0,0,-1,2021,19.0,2,2,0,2,4,23,1,,4,QUAI D IVRY,0,,1,4,0,1,0,300,1,, -1,1,0,1,70,3,5,1,75,75113,2,1,0,4,QUAI D IVRY,48.825675,2.386693,10,5,4
202100048352,115Â 323,A01,1,1,2,9,1,0,-1,-1, -1,-1,2021,24.0,1,2,4,0,7,1,1,,1,AUTOROUTE A86,0,,1,1,0,1,52,970,1,, -1,2,0,1,70,12,3,1,92,92002,1,1,0,6,AUTOROUTE A86,48.7623785299,2.301877141,7,1,1
202100054438,104Â 451,A01,1,1,1,4,2,0,-1,-1, -1,-1,2021,40.0,1,1,0,2,8,15,1,,4,RUE PIERRE ET MARIE CURIE,0,,1,1,2,1,(1),0,1,, -1,1,0,1,30,19,1,1,44,44109,2,1,0,3,RUE PIERRE ET MARIE CURIE,47.2238184529,-1.5240155251,13,2,2
202100040805,128Â 681,A01,1,1,1,5,1,-1,-1,0,0,-1,2021,74.0,3,2,0,0,1,1,1,,4,,-1,,2,2,0,1,(1),(1),1,,5,1,0,4,30,5,5,1,44,44018,2,1,0,7,37 Route de la Roderie,47.146547,-1.668828,15,1,1
202100026922,153Â 593,A01,1,1,2,9,2,6,-1,0,0,-1,2021,19.0,1,1,0,2,8,21,1,,3,,-1,,2,2,0,2,(1),(1),1,,4,2,0,1,50,27,7,1,22,22070,2,2,1,4,Rue du Marechal Joffre,48.56325,-3.149927,9,3,3
202100026210,154Â 847,A01,1,1,1,5,2,-1,-1,0,0,-1,2021,17.0,0,1,0,0,3,0,1,,4,1,0,V,2,2,0,1,(1),(1),2,, -1,1,0,1,50,1,8,3,85,85084,2,1,0,7,Bois Roulin (Les Essarts),46.76504,-1.24986,5,1,1
202100012346,179Â 655,A01,2,2,2,9,1,0,-1,-1, -1,-1,2021,66.0,2,2,4,2,4,2,1,,1,A51-Sens Aix en Provence vers Marseille,0,,1,4,3,1,1,500,1,, -1,1,0,1,90,18,10,1,13,13106,1,1,0,4,A51-Sens Aix en Provence vers Marseille,43.40403,5.35836,15,5,3
202100017774,169Â 845,A01,1,1,1,1,2,6,-1,-1, -1,-1,2021,32.0,2,1,0,0,8,21,1,,1,A13,0,,-1,4,0,1,10,300,1,, -1,1,0,1,110,21,9,1,78,78126,1,1,0,7,A13,48.835996,2.128887,7,1,1
202100052773,107Â 398,A01,2,2,2,5,1,0,-1,-1, -1,-1,2021,22.0,3,2,13,0,1,14,1,,3,CD72,0,,2,2,0,1,1,765,2,, -1,1,0,3,80,1,2,1,41,41295,1,1,0,7,CD72,47.59641,1.37744,16,2,1
202100027891,151Â 857,B01,1,1,1,0,2,-1,-1,0,0,-1,2021,21.0,0,1,0,2,1,1,1,,4,PIERRE ROLLIN (RUE),0,,2,3,0,1,(1),(1),1,, -1,1,0,1,50,17,7,1,80,80021,2,1,0,3,PIERRE ROLLIN (RUE),49.87639,2.31329,14,2,2
202100013161,178Â 223,C01,1,1,1,5,0,-1,-1,0,0,-1,2021,84.0,1,0,0,2,4,1,3,,3,15,-1,,2,2,0,3,2,800,1,, -1,1,0,1,80,14,10,1,70,70309,1,1,1,4,Route de Montbozon,47.4540031,6.22671402,16,3,3
202100017839,169Â 731,B01,1,1,1,0,8,-1,-1,-1, -1,-1,2021,64.0,3,1,0,2,7,16,1,,4,ROUSSEAU (PLACE MAX),0,,1,2,0,1,(1),(1),1,, -1,1,0,1,30,20,9,2,51,51454,2,6,0,3,Place Max Rousseaux,49.2646184543,4.0101596076,9,2,2
202100055725,102Â 257,A01,1,1,2,0,1,-1,-1,0,0,-1,2021,41.0,1,2,0,2,1,2,1,,2,,0,,1,2,0,1,8,700,3,, -1,1,3,1,50,8,1,1,73,73329,1,1,0,2,N201,45.615906,5.884391,15,2,2
202100049122,113Â 949,B01,1,1,2,0,1,0,-1,-1, -1,-1,2021,22.0,2,2,1,0,7,1,1,,4,BARBES BD ET PROMENADE-PAIRS-,0,,1,2,0,1,0,0,1,, -1,1,0,1,50,4,3,1,11,11069,2,1,0,3,BARBES BD ET PROMENADE-PAIRS-,43.21029,2.34878,16,2,2
202100028867,150Â 120,A01,1,1,1,0,2,6,-1,-1, -1,-1,2021,29.0,3,1,0,9,1,1,1,,3,HENRI POURCHASSE (QU),0,,2,2,0,1,0,0,1,, -1,1,0,1,50,15,7,1,94,94041,2,1,0,3,HENRI POURCHASSE (QU),48.80934,2.40796,20,2,2
202100029928,148Â 304,B01,1,1,2,5,1,-1,-1,-1, -1,-1,2021,33.0,2,2,0,2,1,2,1,,2,ROUTE NATIONALE 89,0,,3,5,0,1,49,683,1,, -1,1,3,1,50,7,7,1,33,33013,1,9,0,3,Route Nationale 89,44.868833,-0.499702,11,2,2
202100019841,166Â 170,A01,1,1,2,0,1,0,-1,-1, -1,-1,2021,67.0,2,2,0,2,1,9,1,,2,GOUVERNEUR DU LYON (AVE),0,,2,2,0,2,(1),(1),1,, -1,1,0,1,50,9,9,1,971,97105,2,1,0,4,GOUVERNEUR DU LYON (AVE),16.00231,-61.73806,7,3,3
202100007773,187Â 857,B01,1,1,1,9,2,6,-1,0,0,-1,2021,20.0,0,1,0,2,7,9,1,,3,GRACE (RUE DE),0,,2,2,0,1,(1),(1),1,, -1,1,0,1,50,13,11,1,80,80021,2,6,0,1,GRACE (RUE DE),49.9112,2.25499,16,2,2
202100052853,107Â 242,A01,1,1,1,1,2,6,-1,-1, -1,-1,2021,56.0,1,1,12,0,1,1,1,,1,AUTOROUTE A3,0,,3,8,0,1,3,0,1,, -1,2,1,1,90,1,2,3,93,93063,1,1,1,7,AUTOROUTE A3,48.87846,2.44714,5,1,1
202100016583,171Â 990,B01,1,1,2,1,1,-1,-1,0,0,-1,2021,25.0,1,2,0,2,1,1,1,,3,540,0,,2,2,0,1,5,580,1,, -1,1,0,1,80,27,9,2,26,26191,1,3,0,3,Route de Dieulefit,44.548414,4.793601,19,3,2
202100052232,108Â 341,A01,1,1,2,5,8,0,-1,0,0,-1,2021,27.0,1,1,0,0,0,1,5,,4,QUAI D ORSAY,0,,2,2,1,1,(1),(1),1,, -1,2,-1,5,50,7,2,1,75,75107,2,2,1,7,QUAI D ORSAY,48.862572,2.31041,13,1,1
202100002612,197Â 112,B01,1,1,1,1,1,8,-1,-1, -1,-1,2021,58.0,1,2,0,2,1,1,1,,4,VERNE (RUE JULES),0,,2,2,0,1,(1),(1),1,, -1,1,0,1,30,15,12,5,44,44184,2,2,0,3,VERNE (RUE JULES),47.29613,-2.19211,21,2,2
202100051847,109Â 027,B01,9,2,1,4,1,-1,-1,0,0,-1,2021,21.0,1,2,8,2,3,1,1,,3,933,0,D,2,2,0,2,76,550,3,, -1,2,0,1,50,12,2,5,64,64538,2,1,1,3,D933,43.163399,-1.242031,19,4,2
202100004736,193Â 313,A01,1,1,1,9,1,0,-1,-1, -1,-1,2021,23.0,0,2,0,2,1,2,1,,4,HENRI FAISANS,0,,2,2,0,1,0,0,1,, -1,1,0,1,30,3,12,5,64,64445,2,1,0,2,HENRI FAISANS,43.30084,-0.35986,17,2,2
202100026638,154Â 091,B01,3,2,2,5,1,0,-1,-1, -1,-1,2021,24.0,1,2,0,2,7,1,1,,4,MASSOT (PAUL),0,,2,2,0,1,(1),(1),1,, -1,1,0,1,50,26,7,1,66,66136,2,3,0,3,MASSOT (PAUL),42.6948,2.88457,18,4,2
202100053684,105Â 775,B01,1,1,1,4,1,-1,-1,0,0,-1,2021,40.0,1,2,0,2,8,1,1,,2,134,-1,,2,3,0,2,48,70,3,, -1,2,0,1,70,27,1,1,64,64230,1,1,1,3,N134,43.203455,-0.414433,13,2,2
202100006435,190Â 292,B01,1,1,1,0,1,0,-1,-1, -1,-1,2021,19.0,1,2,0,2,5,0,1,,2,116 PK RN137 ROCHEFORT JUSTICE,0,,3,4,0,1,116,0,1,, -1,1,0,1,90,20,11,1,17,17274,1,1,0,2,116 PK RN137 ROCHEFORT JUSTICE,46.15468,-1.11486,13,2,2
202100049868,112Â 600,A01,10,3,1,5,0,-1,-1,1,3,1,2021,4.0,0,2,0,1,1,1,1,,4,GIROFLÃES (ALLEE DES),0,,2,2,0,1,(1),(1),1,, -1,1,0,1,50,27,2,1,78,78440,2,1,0,6,GIROFLÃES (ALLEE DES),48.982418,1.913625,18,2,1