Num_Acc,id_vehicule,num_veh,place,catu,sexe,trajet,secu1,secu2,secu3,locp,actp,etatp,year_acc,victim_age,senc,catv,obs,obsm,choc,manv,motor,occutc,catr,voie,v1,v2,circ,nbv,vosp,prof,pr,pr1,plan,lartpc,larrout,surf,infra,situ,vma,jour,mois,lum,dep,com,agg_,int,atm,col,adr,lat,long,hour,nb_victim,nb_vehicules
202100001535,199Â 059,B01,2,2,2,5,1,-1,-1,0,0,-1,2021,26.0,1,2,0,2,1,1,2,,3,148,-1,,2,3,0,1,15,400,1,, -1,2,5,1,80,25,12,3,85,85244,1,2,1,3,"RD 148, PR 15+400",46.431688,-0.731301,18,3,2
202100013575,177Â 456,A01,10,3,2,5,0,-1,-1,2,3,2,2021,11.0,1,2,0,1,1,1,1,,3,BOULEVARD DES HEROS,0,,1,2,0,1,(1),(1),1,, -1,1,0,1,50,13,8,4,971,97101,2,1,0,6,BOULEVARD DES HEROS,16.24732,-61.52877,19,4,1
202100050995,110Â 523,C01,9,2,1,0,1,-1,-1,0,0,-1,2021,13.0,2,2,3,2,1,1,1,,3,1082,0,D,2,2,0,1,24,600,1,, -1,1,0,1,80,20,2,1,42,42088,1,1,0,5,D1082,45.778696,4.213471,11,6,3
202100052489,107Â 900,A01,1,1,1,5,1,-1,-1,0,0,-1,2021,22.0,1,2,2,0,8,12,0,,3,939,-1,,3,4,0,1,149,680,1,, -1,3,0,3,110,6,2,1,62,62717,1,1,1,6,RD939,50.363163,2.396822,16,1,1
202100031734,145Â 034,B01,1,1,1,5,2,0,-1,0,0,-1,2021,54.0,1,1,0,2,7,18,5,,4,RUE ROY,0,,1,1,0,1,(1),(1),1,, -1,1,0,1,50,29,6,5,75,75108,2,3,0,3,RUE ROY,48.875577,2.318375,23,3,2
202100037818,134Â 057,A01,2,2,1,0,1,0,-1,-1, -1,-1,2021,20.0,2,2,1,0,2,0,1,,4,GAUTHERIN (RUE),0,,1,1,0,1,(1),(1),1,, -1,1,0,1,50,28,5,1,10,10387,2,1,0,6,GAUTHERIN (RUE),48.30043791,4.066106,18,4,1
202100017080,171Â 098,A01,1,1,1,1,2,0,-1,0,0,-1,2021,31.0,2,1,1,2,1,13,1,,4,BOULEVARD SAINT MARTIN,0,,2,4,0,2,(1),(1),1,, -1,1,0,1,50,24,9,5,75,75103,2,1,0,6,BOULEVARD SAINT MARTIN,48.868354,2.359669,3,1,1
202100029969,148Â 229,A01,1,1,1,9,1,0,-1,-1, -1,-1,2021,19.0,1,2,9,0,3,26,1,,3,TILLOLE (RUE DE LA),0,,2,2,0,1,19,0,3,, -1,2,0,1,30,7,7,1,64,64102,2,1,1,6,TILLOLE (RUE DE LA),43.49006,-1.45445,15,1,1
202100015014,174Â 868,A01,1,1,1,0,2,8,-1,-1, -1,-1,2021,15.0,2,1,0,2,1,17,1,,4,CLEMENCEAU (BOULEVARD),0,,2,4,0,1,0,0,1,, -1,1,0,1,50,30,9,1,66,66136,2,2,0,1,CLEMENCEAU (BOULEVARD),42.7010094765,2.8923962226,17,2,2
202100006998,189Â 249,A01,3,2,1,5,8,8,-1,0,0,-1,2021,31.0,2,5,16,0,7,14,1,,4,AVENUE JAMES COOK,0,,2,2,0,2,0,0,2,, -1,2,0,1,50,20,11,3,988,98818,2,1,1,7,AVENUE JAMES COOK,-22.26285,166.39706,20,3,1
202100003589,195Â 336,C01,1,1,1,4,8,0,-1,-1, -1,-1,2021,41.0,2,5,0,2,0,24,1,,3,,0,,2,1,1,2,21,534,1,, -1,1,0,5,45,9,12,1,78,78481,2,3,0,2,MARECHAL DE LATTRE DE TASSIGNY (AVE DU),48.897816,2.101786,11,2,2
202100056195,101Â 444,B01,1,1,2,1,1,0,-1,0,0,-1,2021,40.0,2,2,0,2,5,16,1,,4,JEAN JAURES (BD) DE (1 A 45)   (2 A 54),0,,1,3,3,1,(1),(1),1,, -1,1,0,1,50,5,1,5,75,75117,2,2,0,2,JEAN JAURES (BD) DE (1 A 45)   (2 A 54),48.896673,2.309577,6,2,2
202100034173,140Â 669,D01,1,1,2,1,1,-1,-1,0,0,-1,2021,49.0,1,2,0,2,4,17,1,,1,2,-1,,3,4,0,1,10,(1),1,, -1,1,0,1,110,14,6,3,988,98805,1,1,0,4,VE2 - SENS SUD/NORD - PK 10,-22.165627,166.397166,18,8,6
202100012999,178Â 509,A01,1,1,1,0,2,6,-1,0,0,-1,2021,20.0,1,1,0,0,7,17,1,,4,,-1,,2,2,0,1,(1),(1),1,,7,1,0,1,50,14,10,1,60,60589,2,1,0,3,Rue Claire Lacombe,49.241469,2.46763,16,2,2
202100018151,169Â 168,B01,1,1,1,5,2,6,-1,-1, -1,-1,2021,47.0,1,1,0,2,2,13,1,,2,CHURCHILL (AVENUE WINSTON),0,,2,2,0,2,0,0,1,, -1,1,0,1,50,18,9,1,28,28134,2,1,0,6,CHURCHILL (AVENUE WINSTON),48.7384,1.3838,10,4,2
202100046043,119Â 458,A01,1,1,1,0,0,-1,-1,0,0,-1,2021,8.0,0,1,0,0,1,2,5,,5,,-1,,1,1,0,1,(1),(1),1,, -1,1,9,8,50,30,3,1,60,60439,2,9,0,1,rue des pinsons,49.315931,2.315594,17,2,2
202100036978,135Â 601,A01,10,3,1,9,0,-1,-1,1,5,1,2021,5.0,1,2,0,1,5,1,6,,4,FONTAINE ( RUE DE LA ),0,,2,2,0,1,(1),(1),1,, -1,1,0,1,50,28,5,1,68,68297,2,1,0,6,FONTAINE ( RUE DE LA ),47.5806751407,7.5580170751,17,2,1
202100013619,177Â 373,B01,1,1,1,0,8,0,-1,-1, -1,-1,2021,60.0,1,1,0,2,4,1,5,,4,ROBERTSAU (ALLEE DE LA),0,,3,4,1,1,0,0,1,, -1,1,0,1,50,11,10,1,67,67482,2,1,1,3,ROBERTSAU (ALLEE DE LA),48.586769,7.763662,7,2,2
202100040823,128Â 656,A01,1,1,1,5,2,6,9,0,0,-1,2021,22.0,1,1,13,0,0,1,1,,3,11,-1,,2,2,0,1,17,400,2,,"5,5",1,0,3,80,9,5,1,37,37023,1,1,0,6,D11,47.1867249479,1.2239770723,8,1,1
202100011679,180Â 850,A01,1,1,2,0,2,6,-1,-1, -1,-1,2021,25.0,0,1,0,0,0,1,1,,4,PDT ROOSEVELT (QUAI DU),0,,1,2,0,1,0,0,1,, -1,1,0,1,50,17,9,5,92,92040,2,1,0,7,PDT ROOSEVELT (QUAI DU),48.83131,2.26202,2,2,1
202100002467,197Â 363,B01,1,1,1,4,8,0,-1,0,0,-1,2021,18.0,2,1,0,2,1,1,5,,4,RUE SAINT MAUR,0,,1,1,2,1,(1),(1),1,, -1,1,-1,5,30,17,12,1,75,75111,2,2,0,3,RUE SAINT MAUR,48.863058,2.379303,16,2,2
202100025479,156Â 123,B01,1,1,1,9,2,0,-1,0,0,-1,2021,48.0,2,1,0,2,1,1,1,,4,BOULEVARD BERTHIER,0,,2,3,0,1,(1),(1),1,, -1,1,0,1,50,5,8,1,75,75117,2,1,0,3,BOULEVARD BERTHIER,48.894034,2.313039,14,2,2
202100027574,152Â 434,B01,1,1,2,9,8,0,-1,0,0,-1,2021,47.0,2,1,0,2,1,1,5,,4,BOULEVARD DES CAPUCINES,0,,2,4,3,1,(1),(1),1,, -1,1,0,6,50,22,7,1,75,75102,2,4,0,3,BOULEVARD DES CAPUCINES,48.87009,2.329051,13,2,2
202100053272,106Â 511,A01,1,1,1,0,8,0,-1,-1, -1,-1,2021,20.0,2,1,0,2,3,15,3,,3,STALINGRAD (AV DE),0,,2,2,0,1,1,0,1,, -1,2,0,1,50,29,1,5,92,92025,2,3,1,3,STALINGRAD (AV DE),48.9300171985,2.267729938,19,2,2
202100023743,159Â 176,B01,1,1,1,4,2,6,-1,0,0,-1,2021,28.0,2,1,0,2,1,1,1,,4,RUE D ALESIA,0,,2,3,0,1,(1),(1),1,, -1,1,0,1,50,17,8,1,75,75114,2,5,0,3,RUE D ALESIA,48.830552,2.3193,17,4,2
202100020866,164Â 350,B01,1,1,1,0,2,6,-1,-1, -1,-1,2021,40.0,1,1,0,2,1,1,1,,2,RD 1250 (BONNEVAL -LA HUME) - STADE,0,,2,2,0,1,40,670,1,, -1,1,0,1,70,4,9,1,33,33529,1,1,0,3,RD 1250 (BONNEVAL -LA HUME) - STADE,44.61832,-1.12395,11,2,2
202100046021,119Â 497,A01,10,3,1,5,0,-1,-1,9,5,2,2021,3.0,3,2,0,1,0,19,1,,3,D1017,0,,2,2,0,1,23,450,1,, -1,1,0,1,50,30,3,1,60,60509,2,9,1,6,rue Jean Moulin,49.3063523664,2.6042125224,17,2,1
202100013404,177Â 772,A01,10,3,2,0,0,-1,-1,2,3,1,2021,49.0,1,2,0,1,1,1,1,,4,RHIN (RUE DU),0,,1,1,0,1,0,0,1,, -1,1,0,1,50,13,10,5,93,93064,2,2,0,6,RHIN (RUE DU),48.8668948454,2.4977683383,20,2,1
202100048841,114Â 458,A01,10,3,1,0,0,-1,-1,3,3,1,2021,82.0,2,2,0,1,1,19,1,,4,CAMILLE (DE LA)                     (R ),0,,2,2,0,1,(1),(1),2,, -1,1,0,1,50,7,3,1,69,69149,2,1,0,6,CAMILLE (DE LA) (R),45.71269,4.80198,10,2,1
202100030919,146Â 493,A01,1,1,1,0,2,6,-1,0,0,-1,2021,34.0,3,1,12,0,8,13,1,,3, -81,0,D,2,2,0,1,(1),(1),1,, -1,2,0,4,50,21,6,1,40,40312,2,3,1,7,Square Albert Mora,43.541547,-1.483483,15,1,1
202100043812,123Â 370,A01,4,2,1,3,3,8,-1,-1, -1,-1,2021,4.0,1,2,0,2,1,2,1,,4,,0,,2,2,0,1,0,0,1,, -1,1,0,1,50,15,4,1,92,92036,2,1,0,2,COUTURE D'AUXERRE (RUE DE LA) (1/25),48.9257205625,2.2895349562,18,3,2
202100010476,182Â 999,B01,1,1,1,0,8,0,-1,-1, -1,-1,2021,53.0,0,1,0,2,7,13,5,,4,BAZIN,0,,2,1,0,2,0,0,3,, -1,1,0,1,30,28,10,1,971,97101,1,1,0,1,BAZIN,16.26877,-61.49007,14,2,2
202100016413,172Â 298,A01,1,1,1,5,2,7,9,0,0,-1,2021,24.0,1,1,0,2,1,17,1,,3,612,-1,,2,2,0,2,9,230,2,, -1,1,0,1,80,29,9,1,66,66108,1,1,0,5,rd 612,42.714133,2.674956,15,3,3
202100026141,154Â 967,A01,2,2,1,5,1,0,-1,-1, -1,-1,2021,24.0,2,2,2,0,1,14,1,,4,LOGE (CHE DE LA) DU 1AU 18,0,,3,2,0,1,(1),(1),3,, -1,2,0,4,50,31,7,1,31,31555,2,1,1,6,LOGE (CHE DE LA) DU 1AU 18,43.57815,1.43406,8,2,1
202100035455,138Â 337,Z01,10,3,2,0,0,-1,-1,3,3,2,2021,3.0,0,0,0,1,0,0,0,,7,JEAN PETIT                          (CH),0,,2,2,3,1,0,900,1,, -1,1,0,1,50,9,6,1,69,69034,2,6,0,6,JEAN PETIT (CHM),45.80366,4.86082,7,3,1
202100026413,154Â 482,A01,10,3,1,5,0,-1,-1,5,3,1,2021,4.0,3,1,0,1,7,21,1,,4,m'tsapere-Belle vue ( rue ),0,,2,2,0,1,0,0,2,, -1,1,5,1,50,29,7,1,976,97611,2,1,0,6,m'tsapere-Belle vue ( rue ),-12.78673,45.21866,15,2,1
202100019305,167Â 123,B01,1,1,1,0,2,6,-1,-1, -1,-1,2021,22.0,2,1,0,2,8,1,1,,1,A86,0,,1,6,0,1,79,0,1,, -1,1,1,1,70,13,9,1,92,92050,1,1,0,3,A86,48.8935569489,2.1886306909,9,2,2
202100022247,161Â 878,B01,1,1,1,5,2,6,-1,-1, -1,-1,2021,47.0,2,1,0,2,1,1,1,,3,ESCH SUR ALZETTE (ROUTE D') - IMPAIR,0,,2,2,0,1,(1),(1),1,, -1,1,5,1,50,26,8,1,57,57672,2,3,0,3,ESCH SUR ALZETTE (ROUTE D') - IMPAIR,49.35697,6.14028,15,2,2
202100045230,120Â 877,A01,10,3,2,5,0,-1,-1,1,3,1,2021,89.0,3,5,0,1,1,1,1,,4,JULIEN (Rue Pierre),0,,1,1,0,1,(1),(1),1,, -1,1,0,1,30,3,4,1,26,26198,2,1,0,6,8 Rue Pierre Julien,44.555662,4.749666,11,2,1
202100042219,126Â 160,A01,10,3,1,5,0,-1,-1,3,3,2,2021,8.0,1,2,0,1,1,2,1,,3,AV LAPLACE,0,,3,2,0,2,1,0,1,, -1,1,0,1,30,27,4,1,94,94003,2,1,0,6,Avenue Laplace,48.808425,2.331666,19,2,1
202100010415,183Â 104,A01,1,1,1,0,1,-1,-1,0,0,-1,2021,60.0,2,2,6,0,1,5,1,,4,,-1,,1,-1,-1,2,(1),(1),1,, -1,2,0,4,-1,29,10,5,24,24352,2,2,0,6,3bis Rue du 26 Mars 1944,45.248255,0.34012,21,1,1
202100054046,105Â 139,A01,10,3,1,2,0,-1,-1,3,3,2,2021,11.0,2,2,0,1,2,17,1,,4,parc des sports (DU)   (SECTEUR 410),0,,2,2,0,1,0,0,1,, -1,1,0,1,30,21,1,1,74,74010,2,3,0,6,parc des sports (DU)   (SECTEUR 410),45.91054,6.12173,12,2,1
202100037450,134Â 718,A01,10,3,1,9,0,-1,-1,2,5,2,2021,32.0,0,2,1,1,1,1,1,,4,RUE DU DEPARTEMENT,0,,1,1,0,1,(1),(1),1,, -1,1,0,1,50,30,5,1,75,75118,2,3,0,6,RUE DU DEPARTEMENT,48.885755,2.364966,13,3,1
202100005572,191Â 841,A01,10,3,2,0,8,8,-1,4,3,1,2021,17.0,1,5,0,1,1,16,1,,3,910,0,,1,1,0,1,0,0,1,, -1,1,0,8,50,29,11,5,92,92012,2,6,0,6,JEAN JAURES (BOULEVARD) 63/215 - 70/208,48.833464589,2.2436329722,18,2,1
202100017269,170Â 785,A01,2,2,1,5,1,-1,-1,0,0,-1,2021,19.0,2,2,13,0,1,1,1,,3,751,-1,,2,2,0,1,27,0,1,, -1,1,0,3,80,25,9,3,37,37156,1,1,0,6,route dÃ©partementale 751,47.40198,0.790114,2,2,1
202100036382,136Â 671,A01,1,1,1,1,1,0,-1,-1, -1,-1,2021,41.0,1,2,12,2,4,13,1,,4,ARMAND (AVE Z.A.C,0,,2,2,0,1,0,0,1,, -1,2,0,1,50,4,6,1,87,87085,2,1,1,1,ARMAND (AVE Z.A.C,45.86348,1.27312,13,2,2
202100027918,151Â 806,B01,1,1,2,0,1,0,-1,-1, -1,-1,2021,60.0,2,2,0,0,5,1,1,,7,BLOIS (ROUTE DE BLOIS),0,,2,0,0,1,66,700,1,, -1,1,0,1,70,20,7,1,45,45075,1,2,0,4,Route de Blois,47.88216,1.81671,20,4,3
202100049712,112Â 886,A01,1,1,1,1,2,6,-1,0,0,-1,2021,33.0,1,1,0,0,4,0,1,,3,950,-1,,2,2,0,1,19,1282,1,, -1,1,0,1,80,2,3,3,17,17350,1,1,0,2,Route de Poitiers,45.93859,-0.479724,6,2,2
202100013632,177Â 349,B01,2,2,2,5,2,0,-1,-1, -1,-1,2021,19.0,1,1,0,2,1,2,1,,4,EGALITE (BOULEVARD DE L'),0,,2,2,0,1,(1),(1),1,, -1,1,0,1,50,12,10,1,62,62193,2,1,0,2,EGALITE (BOULEVARD DE L'),50.945719,1.871869,10,3,2
202100038687,132Â 484,A01,1,1,1,5,2,-1,-1,0,0,-1,2021,40.0,2,1,0,2,3,5,1,,3,53,-1,D,2,2,0,2,18,753,1,, -1,1,0,1,80,23,5,5,6,6150,1,1,0,3,Route de Beausoleil,43.747821,7.414902,22,2,2
202100043642,123Â 666,B01,1,1,1,9,1,0,-1,-1, -1,-1,2021,46.0,1,2,0,2,4,0,1,,4,PRADO (AVENUE DU),0,,1,2,0,1,(1),(1),1,, -1,2,0,1,50,17,4,1,13,13206,2,1,1,2,PRADO (AVENUE DU),43.28282,5.38539,10,2,2
202100010079,183Â 682,A01,1,1,1,5,2,-1,-1,0,0,-1,2021,16.0,1,1,0,2,7,1,1,,4,,-1,,2,2,0,1,(1),(1),1,,5,2,0,1,30,31,10,1,58,58131,2,1,0,3,Rue Masson,47.086806,3.196785,16,3,2
202100045489,120Â 427,B01,1,1,1,5,1,-1,-1,0,0,-1,2021,57.0,1,2,0,2,3,1,1,,3,703,-1,,2,3,0,1,83,950,1,, -1,1,0,1,90,2,4,1,24,24510,1,1,0,1,D703,44.836749,1.095774,16,4,2
202100034237,140Â 551,B01,1,1,1,5,2,0,-1,-1, -1,-1,2021,30.0,2,1,0,2,1,1,5,,3,VERDUN (RUE DE),0,,2,2,0,1,70,5148,1,, -1,1,0,1,50,14,6,1,76,76351,2,1,0,6,VERDUN (RUE DE),49.5012849989,0.1492971182,15,1,1
202100053405,106Â 264,B01,1,1,2,0,1,0,-1,-1, -1,-1,2021,31.0,2,2,0,2,4,2,1,,1,A51-Sens Aix en Provence vers Marseille,0,,-1,3,0,1,1,500,1,, -1,1,0,1,90,28,1,3,13,13106,1,1,0,4,A51-Sens Aix en Provence vers Marseille,43.4066,5.3617,18,4,3
202100044322,122Â 444,B01,1,1,1,0,2,-1,-1,0,0,-1,2021,16.0,0,1,0,2,3,1,1,,4,,-1,,2,2,0,1,(1),(1),1,, -1,1,0,1,50,13,4,1,56,56003,2,2,0,3,Rue de l'Ile d'Arz,47.63325,-2.817548,14,2,2
202100013744,177Â 142,A01,1,1,1,1,1,-1,-1,0,0,-1,2021,56.0,1,2,3,2,1,1,1,,2,249,0,,3,4,0,1,70,170,1,3,"13,5",1,2,1,110,4,10,2,79,79079,1,1,0,3,,46.937385,-0.747601,6,2,2
202100050195,111Â 995,A01,10,3,1,2,0,-1,-1,3,3,2,2021,9.0,1,2,0,1,2,26,1,,4,FOCH (BOULEVARD MARECHAL),0,,1,2,0,1,(1),(1),1,, -1,1,9,1,50,23,2,1,21,21054,2,1,0,6,2 Boulevard MarÃ©chal Foch,47.027896,4.837572,8,3,1
202100026812,153Â 796,A01,10,3,1,5,0,-1,-1,3,3,1,2021,18.0,2,2,0,1,3,1,1,,7,DUNKERQUE AVENUE DE,0,,2,2,0,1,(1),(1),1,, -1,1,9,1,50,17,7,1,59,59328,2,1,0,6,DUNKERQUE AVENUE DE,50.6392257495,3.0207681656,13,2,1
202100017496,170Â 350,Z01,10,3,2,5,0,-1,-1,2,3,2,2021,13.0,2,1,0,1,0,1,0,,4,RUE TAGORE,0,,2,2,0,1,(1),(1),1,, -1,1,0,1,30,22,9,2,75,75113,2,1,0,6,RUE TAGORE,48.820499,2.359577,20,3,1
202100034813,139Â 482,A01,1,1,1,0,2,6,-1,-1, -1,-1,2021,34.0,3,1,0,2,1,1,1,,3,992,0,,3,8,0,1,1,0,1,, -1,1,0,1,50,11,6,1,92,92025,2,1,0,2,CHARLES DE GAULLE (BD),48.9101366651,2.2350807488,17,2,2
202100055048,103Â 414,A01,10,3,2,3,8,8,-1,4,3,1,2021,89.0,1,2,0,1,2,15,1,,4,COUNORD (RUE EMILE),0,,2,2,0,1,0,1,2,, -1,1,0,1,50,8,1,1,24,24037,2,1,0,6,COUNORD (RUE EMILE),44.8617,0.49684,11,2,1
202100043543,123Â 831,A01,10,3,2,0,0,-1,-1,2,B,1,2021,88.0,2,2,0,1,6,4,1,,4,,0,,2,2,0,1,(1),(1),1,, -1,1,0,1,30,18,4,1,33,33529,2,2,0,6,Rue Henri Dheurle,44.6320415917,-1.1424241721,12,2,1
202100020535,164Â 932,B01,1,1,1,1,8,-1,-1,-1, -1,-1,2021,23.0,0,1,0,2,1,21,0,,4,SAINT-HELIER,0,,2,2,2,1,(1),(1),1,, -1,1,0,5,30,6,9,1,35,35238,2,1,0,2,SAINT-HELIER,48.10626,-1.66744,12,2,2
202100043315,124Â 235,A01,1,1,2,9,8,0,-1,-1, -1,-1,2021,56.0,0,1,0,2,8,1,5,,4,GAY-LUSSAC (RUE),0,,2,2,1,1,0,0,1,, -1,1,0,5,50,20,4,1,68,68224,2,9,0,3,GAY-LUSSAC (RUE),47.74377,7.32933,18,2,2
202100020692,164Â 642,A01,1,1,1,5,2,-1,-1,-1, -1,-1,2021,28.0,1,1,15,0,1,14,1,,4,QUAI DE PALUDATE,0,,3,3,0,1,(1),(1),3,, -1,1,0,3,50,6,9,5,33,33063,2,2,0,6,Quai de Paludate,44.8294,-0.555083,2,1,1
202100013733,177Â 159,A01,1,1,1,1,2,-1,-1,0,0,-1,2021,40.0,2,1,0,0,0,5,5,,3,35,0,D,2,2,0,2,8,300,3,, -1,9,0,1,80,12,10,2,31,31448,1,1,0,7,D35,43.488533,1.465001,18,1,1
202100000177,201Â 430,A01,1,1,1,0,2,0,-1,-1, -1,-1,2021,45.0,1,1,0,2,1,3,1,,3,PARIS RUE DE,0,,2,2,0,1,0,1,1,, -1,1,0,1,30,27,2,1,93,93045,2,9,0,1,PARIS RUE DE,48.88125,2.42095,12,2,2
202100009229,185Â 213,A01,1,1,2,0,1,-1,-1,-1, -1,-1,2021,37.0,1,2,0,2,1,23,1,,4,HERON  PHILIPPE   R,0,,1,3,0,1,(1),(1),1,, -1,1,0,1,50,5,11,5,69,69264,2,1,0,4,HERON  PHILIPPE (R),45.98902,4.70887,20,3,3
202100034089,140Â 829,A01,1,1,1,9,1,0,-1,0,0,-1,2021,30.0,2,2,0,2,1,2,1,,4,RUE MONGE,0,,2,2,0,1,(1),(1),1,, -1,1,0,1,50,16,6,1,75,75105,2,2,0,2,RUE MONGE,48.842159,2.352066,16,4,2
202100019566,166Â 656,A01,1,1,1,5,1,-1,-1,0,0,-1,2021,50.0,1,2,6,0,1,1,1,,3,4,-1,,2,2,0,2,22,700,1,, -1,1,0,3,80,12,9,3,14,14371,1,1,0,6,D4,49.003811,0.171873,3,1,1
202100049947,112Â 468,A01,1,1,1,5,2,6,-1,0,0,-1,2021,48.0,1,1,0,0,8,1,1,,3,66,-1,,-1,2,0,1,(1),(1),2,, -1,1,0,1,80,28,2,1,8,8482,1,1,0,7,route dÃ©partementale 66,49.667753,4.66897,14,1,1
202100013573,177Â 459,A01,1,1,1,0,1,-1,-1,0,0,-1,2021,90.0,2,2,13,0,1,14,1,,3,BORDEAUX (ROUTE DE) CD 935,0,,2,2,0,1,38,320,1,, -1,2,0,3,90,3,6,1,65,65100,1,1,1,6,BORDEAUX (ROUTE DE) CD 935,43.278395,0.07015,9,1,1
202100016237,172Â 608,B01,2,2,1,5,2,0,-1,0,0,-1,2021,25.0,1,1,0,2,1,2,1,,4,RUE DE RENNES,0,,2,4,0,1,(1),(1),1,, -1,1,0,1,30,29,9,1,75,75106,2,1,0,2,RUE DE RENNES,48.84626,2.326175,18,3,2
202100001758,198Â 647,A01,10,3,2,0,0,-1,-1,4,3,1,2021,61.0,-1,2,0,1,1,1,1,,3,PERI GABRIEL RUE,0,,2,2,0,1,1,0,1,, -1,1,5,1,50,20,12,5,93,93061,2,2,0,6,PERI GABRIEL RUE,48.885698086,2.4054899293,19,2,1
202100020411,165Â 154,A01,10,3,1,5,0,-1,-1,1,3,2,2021,82.0,3,5,0,1,0,1,1,,2,205,0,,2,2,0,1,2,500,1,, -1,1,0,1,50,7,9,1,202,202042,2,1,0,3,Avenue de Borgo,42.554181,9.44169,7,2,1
202100035762,137Â 783,A01,1,1,1,1,2,0,-1,0,0,-1,2021,28.0,2,0,0,0,1,1,3,,4,RUE DE TURBIGO,0,,1,1,1,1,(1),(1),1,, -1,1,0,5,30,8,6,1,75,75103,2,4,0,7,RUE DE TURBIGO,48.866304,2.359805,9,1,1
202100008799,186Â 022,A01,1,1,1,5,2,6,-1,0,0,-1,2021,39.0,2,1,0,2,8,13,1,,3,17,0,D,2,2,0,1,11,540,3,, -1,1,0,1,80,9,11,3,88,88446,1,1,0,5,Rue Chanterelle,48.199158,5.812771,17,3,3
202100016121,172Â 826,B01,1,1,2,0,8,0,-1,-1, -1,-1,2021,18.0,3,1,0,2,1,1,3,,4,MOULIN JEAN (BD) NÂ° IMP,0,,3,4,2,1,0,0,1,, -1,1,0,1,50,28,9,1,72,72181,2,1,0,3,MOULIN JEAN (BD) NÂ° IMP,47.97841,0.21304,10,2,2
202100004129,194Â 360,A01,1,1,1,1,1,0,-1,-1, -1,-1,2021,28.0,1,2,0,2,3,9,1,,3,LE FOLL (AV),0,,1,1,0,1,(1),(1),3,, -1,2,0,1,50,8,12,2,94,94077,2,6,0,3,Avenue le Foll,48.7275357942,2.4405095787,16,2,2
202100042516,125Â 624,A01,2,2,2,5,2,8,-1,-1, -1,-1,2021,22.0,1,1,0,2,1,18,1,,3,GRESILLONS (AVENUE DES) (103/139),0,,2,4,0,1,0,0,1,, -1,1,0,1,50,25,4,1,92,92036,2,5,0,3,GEORGES CORETE (RUE,48.9173342241,2.3074489073,18,3,2
202100050057,112Â 264,A01,1,1,1,1,8,0,-1,0,0,-1,2021,52.0,3,1,8,2,7,17,3,,4,VOIE GEORGES POMPIDOU,0,,2,2,1,1,(1),(1),1,, -1,1,-1,5,50,26,2,1,75,75116,2,5,0,3,VOIE GEORGES POMPIDOU,48.858087,2.288352,8,2,2
202100029990,148Â 188,A01,1,1,2,0,2,6,-1,-1, -1,-1,2021,25.0,1,1,4,0,8,0,1,,1,VA007495 A62,0,,3,8,0,1,225,413,1,, -1,1,0,1,90,8,7,1,31,31555,2,1,0,7,VA007495 A62,43.65192,1.43003,17,1,1
202100040798,128Â 691,A01,1,1,2,5,2,-1,-1,0,0,-1,2021,18.0,1,1,0,0,0,1,1,,4,,0,,2,2,0,1,105,60,1,,4,1,0,1,80,8,5,1,76,76442,1,1,0,7,Route de la poterie,50.008263,1.46646,15,1,1
202100048263,115Â 481,A01,1,1,2,1,1,0,-1,-1, -1,-1,2021,21.0,3,2,0,2,1,1,1,,3,RD 323,0,,2,4,0,1,38,500,1,, -1,2,0,1,90,12,3,1,49,49007,1,1,0,2,RD 323,47.46728,-0.58402,7,2,2
202100025464,156Â 148,A01,1,1,1,5,2,6,-1,0,0,-1,2021,19.0,3,1,0,2,1,17,1,,4,GUILLOU (BOULEVARD YVES),0,,2,2,0,1,1,0,1,, -1,1,5,1,50,5,8,1,14,14118,2,3,0,3,Boulevard Yves Guillou,49.17675,-0.36831,19,2,2
202100045524,120Â 366,A01,1,1,1,0,1,0,-1,-1, -1,-1,2021,34.0,1,1,0,2,0,26,1,,1,86,0,,3,4,0,1,6,300,1,, -1,1,0,1,90,2,4,1,92,92036,1,1,0,3,A86,48.9353674804,2.2648550687,7,2,2
202100030364,147Â 488,A01,10,3,2,5,0,-1,-1,6,1,1,2021,57.0,3,2,0,1,1,1,1,,4,RUE DES CITES STE CLAIRE,0,,2,2,0,4,(1),(1),1,, -1,1,0,3,40,4,7,1,54,54521,2,1,0,6,Cite Place Ste Claire,49.46703,5.91324,17,2,1
202100023932,158Â 854,B01,1,1,2,0,1,-1,-1,0,0,-1,2021,42.0,2,2,0,2,6,1,0,,3,7,-1,,2,3,0,2,49,140,1,, -1,1,0,1,80,16,8,3,83,83057,1,1,0,3,RN 7,43.380942,6.242938,20,2,2
202100026925,153Â 586,A01,1,1,2,0,1,0,-1,-1, -1,-1,2021,25.0,1,2,0,0,4,1,1,,1,A507 sens Marseille - Aubagne,0,,1,2,0,2,3,500,3,, -1,1,0,1,70,27,7,1,13,13055,1,1,0,2,A507 sens Marseille - Aubagne,43.32959,5.41282,18,2,2
202100019964,165Â 949,A01,1,1,1,5,2,-1,-1,0,0,-1,2021,71.0,2,1,9,0,1,1,5,,4,,0,,-1,1,3,1,8,545,1,, -1,2,0,1,-1,10,9,1,14,14256,2,1,1,6,Rue du Haut du Val,49.321856,-0.797185,8,1,1