Num_Acc,id_vehicule,num_veh,place,catu,sexe,trajet,secu1,secu2,secu3,locp,actp,etatp,year_acc,victim_age,senc,catv,obs,obsm,choc,manv,motor,occutc,catr,voie,v1,v2,circ,nbv,vosp,prof,pr,pr1,plan,lartpc,larrout,surf,infra,situ,vma,jour,mois,lum,dep,com,agg_,int,atm,col,adr,lat,long,hour,nb_victim,nb_vehicules
202100010196,183Â 479,A01,2,2,2,5,8,-1,-1,0,0,-1,2021,21.0,2,2,17,0,2,1,1,,3,343,-1,,2,2,0,1,4,600,2,, -1,2,0,3,80,31,10,2,30,30290,1,1,1,6,"route de Saint Julien de Peyrolas, D343",44.263127,4.59059,7,4,1
202100024200,158Â 415,A01,1,1,1,5,1,-1,-1,0,0,-1,2021,44.0,2,2,8,0,1,14,1,,3,1,0,A,2,2,0,1,27,200,2,, -1,1,0,3,90,14,8,3,988,98814,1,1,0,6,RPI1 - LIFOU,-20.776759,167.211142,22,1,1
202100036818,135Â 890,B01,1,1,1,5,2,8,-1,-1, -1,-1,2021,49.0,2,1,0,2,8,15,1,,4,JEAN LOMBARD (AVENUE),0,,2,4,0,1,(1),(1),1,, -1,1,0,1,50,2,6,1,13,13211,2,3,0,1,JEAN LOMBARD (AVENUE),43.289889,5.426314,16,3,2
202100034926,139Â 278,A01,10,3,2,5,0,-1,-1,3,3,2,2021,26.0,1,1,0,1,1,19,1,,4,LAFAYETTE                           (CO),0,,1,1,1,1,(1),(1),1,, -1,1,0,1,50,11,6,1,69,69383,2,1,0,6,LAFAYETTE (CR),45.76359,4.85844,13,2,1
202100015302,174Â 359,B01,1,1,1,0,2,0,-1,-1, -1,-1,2021,61.0,2,1,0,2,2,1,0,,2,RN12,0,,-1,2,0,1,28,700,1,, -1,1,0,1,110,4,10,1,78,78423,1,1,0,2,RN12,48.796475,2.027825,18,2,2
202100045859,119Â 782,A01,2,2,1,5,8,-1,-1,0,0,-1,2021,9.0,1,2,2,0,1,1,1,,3,4202,0,,2,2,0,1,52,900,2,, -1,1,0,3,80,1,4,1,4,4076,1,1,0,6,RD 4202,43.952417,6.842337,17,3,1
202100037333,134Â 937,B01,1,1,2,5,1,-1,-1,0,0,-1,2021,48.0,2,2,0,2,6,1,1,,3,86,-1,,2,2,0,1,9,700,2,, -1,1,0,1,70,1,6,1,85,85038,1,1,0,3,La Funerie,46.916254,-1.318692,13,2,2
202100000632,200Â 577,A01,1,1,1,1,8,0,-1,-1, -1,-1,2021,24.0,3,1,8,0,1,1,1,,7,RN 96 (ROUTE NATIONALE ),0,,2,2,0,1,0,0,1,, -1,1,0,3,80,3,12,5,13,13005,1,1,0,6,RN 96 (ROUTE NATIONALE ),43.3033903107,5.5717629971,5,1,1
202100042556,125Â 562,B01,2,2,2,0,1,-1,-1,0,0,-1,2021,50.0,1,2,0,2,4,2,1,,2,85,0,,2,2,2,1,51,1050,1,, -1,1,0,1,80,25,4,1,38,38068,1,1,0,4,RN 85,45.101184,5.715744,16,4,3
202100049498,113Â 276,B01,1,1,1,0,2,0,-1,-1, -1,-1,2021,17.0,2,1,0,2,1,13,1,,3,MENGIN (RUE EMILE),0,,2,2,0,1,0,250,1,, -1,1,0,1,50,1,3,1,45,45208,2,1,0,1,Rue Emile Mengin,48.0055886376,2.7414227066,17,2,2
202100016273,172Â 547,A01,10,3,2,5,0,-1,-1,2,1,1,2021,81.0,1,2,0,1,7,1,1,,4,,-1,,2,2,0,1,(1),(1),1,,5,1,0,1,50,30,9,1,35,35125,2,1,0,6,3 RUE DU PONCEAU,47.949286,-1.231633,8,2,1
202100028713,150Â 395,A01,10,3,1,0,0,-1,-1,9,3,3,2021,11.0,1,5,0,1,2,1,1,,4,,0,,1,1,0,1,0,0,1,, -1,1,0,1,50,16,7,1,92,92004,2,1,0,6,MOURINOUX ( RUE DES ),48.93055,2.27529,20,2,1
202100001997,198Â 228,A01,10,3,1,3,0,-1,-1,2,3,2,2021,80.0,1,2,0,1,1,1,2,,4,AVENUE FRÃDÃRIC MISTRAL,0,,3,1,0,3,0,0,1,, -1,1,0,1,30,17,12,1,83,83118,2,3,1,6,AVENUE FRÃDÃRIC MISTRAL,43.42212,6.77107,10,3,1
202100000052,201Â 653,A01,1,1,1,1,1,0,-1,-1, -1,-1,2021,36.0,2,2,0,1,3,19,1,,4,BOBILLOT (RUE DU SERGENT),0,,2,2,0,1,(1),(1),1,, -1,1,9,1,50,4,10,1,18,18279,2,1,0,6,BOBILLOT (RUE DU SERGENT),47.22966,2.04858,11,2,1
202100024671,157Â 550,A01,1,1,1,5,2,6,-1,0,0,-1,2021,47.0,1,1,0,2,1,13,1,,3,108,0,,2,2,0,2,3,0,1,, -1,1,0,1,50,11,8,1,85,85288,2,1,0,3,Rue du Port de la GuittiÃ¨re,46.457229,-1.620199,16,2,2
202100005219,192Â 447,B01,1,1,1,0,2,7,-1,-1, -1,-1,2021,26.0,2,1,0,2,3,3,1,,2,LANCASTEL (BOULEVARD),0,,3,4,0,1,(1),(1),1,, -1,1,0,1,70,29,11,2,974,97411,1,1,0,3,LANCASTEL (BOULEVARD),-20.87551,55.45465,9,2,2
202100050718,111Â 027,B01,1,1,1,5,1,8,-1,-1, -1,-1,2021,29.0,2,2,4,2,2,1,1,,2,RN 118,0,,3,5,0,2,4,0,1,, -1,1,3,1,90,21,2,1,91,91064,1,9,0,2,RN 118,48.74882,2.2001,11,2,2
202100013296,177Â 975,A01,1,1,1,0,8,8,-1,0,0,-1,2021,17.0,3,1,0,1,1,2,1,,7,,0,,2,2,0,2,(1),(1),1,, -1,1,0,1,50,14,10,1,6,6088,2,1,0,6,JOLY (CORNICHE ANDRE DE),43.701784,7.294649,17,2,1
202100049137,113Â 924,B01,1,1,1,4,1,0,-1,0,0,-1,2021,65.0,3,2,12,2,8,1,1,,4,PLACE CLEMENCEAU,0,,2,5,0,1,(1),(1),1,, -1,1,0,1,50,4,3,1,75,75108,2,2,0,3,PLACE CLEMENCEAU,48.867738,2.313997,16,4,2
202100033805,141Â 336,B01,1,1,1,4,2,4,-1,-1, -1,-1,2021,28.0,1,1,0,2,8,1,5,,4,ROSES (DES)                         (BD),0,,2,2,0,1,(1),(1),1,, -1,1,0,1,50,17,6,1,69,69290,2,2,1,3,GARIBALDI (R),45.6851,4.94565,9,2,2
202100026014,155Â 179,B01,1,1,1,9,2,6,-1,-1, -1,-1,2021,40.0,1,1,0,2,0,0,0,,3,PAUL VAILLANT COUTURIER (RUE),0,,2,2,0,1,1,0,1,, -1,1,0,1,50,31,7,1,93,93050,2,2,0,3,Avenue Turgot / Avenue Paul Vaillant Couturier,48.87376,2.552819,21,2,2
202100043152,124Â 537,B01,3,2,1,9,1,0,-1,-1, -1,-1,2021,12.0,1,2,0,0,4,24,1,,7,GALILEE (CHAUSSEE),0,,1,1,0,1,(1),(1),1,, -1,1,0,3,50,21,4,1,59,59599,2,1,0,2,GALILEE (CHAUSSEE),50.71139,3.16059,16,5,2
202100029818,148Â 488,A01,1,1,1,5,8,0,-1,0,0,-1,2021,29.0,1,1,0,2,1,2,5,,4,QUAI DE CONTI,0,,2,5,1,1,(1),(1),1,, -1,1,0,5,50,8,7,5,75,75106,2,3,0,2,QUAI DE CONTI,48.857862,2.336231,23,2,2
202100052747,107Â 444,A01,10,3,2,0,0,-1,-1,3,3,1,2021,75.0,1,2,0,1,1,1,1,,3,ROUTE DEPARTEMENTALE 3,0,,2,2,0,1,0,100,1,, -1,2,0,1,50,2,2,2,972,97213,2,4,1,6,ROUTE DEPARTEMENTALE 3,14.61745,-60.99517,6,2,1
202100027965,151Â 715,A01,10,3,1,5,0,-1,-1,2,3,1,2021,27.0,2,5,0,1,3,1,1,,4,RUE DE MONTREUIL,0,,2,2,0,2,(1),(1),1,, -1,1,0,1,30,20,7,1,75,75111,2,3,0,6,RUE DE MONTREUIL,48.850461,2.386567,15,2,1
202100013350,177Â 886,A01,9,2,1,5,8,-1,-1,0,0,-1,2021,20.0,1,2,0,2,1,2,1,,1,42,0,,3,5,0,1,15,800,1,, -1,1,0,1,130,15,10,3,1,1142,1,1,0,2,autoroute A42 - PK 015+800 - sens LYON/GENEVE,45.842643,5.064096,5,6,2
202100039933,130Â 206,B01,1,1,2,3,2,6,-1,-1, -1,-1,2021,35.0,1,1,0,2,7,1,5,,3,C. JUCHAT (CARREFOUR),0,,1,2,0,1,(1),(1),1,, -1,1,5,1,30,14,5,1,60,60159,2,6,0,3,carrefour Juchat,49.41963,2.82034,12,2,2
202100006966,189Â 313,A01,1,1,1,5,1,-1,-1,0,0,-1,2021,19.0,1,2,13,0,1,1,1,,3,13,0,D,2,2,0,1,7,830,1,, -1,1,0,3,80,21,11,1,16,16269,1,1,0,6,d33,45.672484,0.349288,9,1,1
202100050065,112Â 250,B01,1,1,2,1,2,0,-1,0,0,-1,2021,31.0,2,1,0,2,7,1,5,,4,BOULEVARD DES CAPUCINES,0,,2,2,0,1,(1),(1),1,, -1,1,0,1,50,26,2,1,75,75102,2,2,0,2,BOULEVARD DES CAPUCINES,48.87097,2.33415,8,2,2
202100032478,143Â 719,A01,10,3,1,2,0,-1,-1,2,3,1,2021,12.0,1,2,0,2,3,1,1,,4,GENERAL METMAN,0,,2,2,0,1,0,0,1,, -1,1,0,1,50,23,6,1,57,57463,2,1,0,6,GENERAL METMAN,49.12022,6.21435,12,2,1
202100030651,146Â 971,A01,5,2,1,0,8,-1,-1,0,0,-1,2021,17.0,2,2,3,2,6,9,1,,3,498,0,D,3,4,0,1,45,800,1,, -1,2,2,1,110,29,6,3,42,42279,1,1,0,4,D498,45.518027,4.269707,0,5,3
202100030900,146Â 528,A01,1,1,1,1,1,-1,-1,0,0,-1,2021,59.0,1,2,7,0,1,1,1,,3,63,-1,,2,2,0,3,24,900,1,, -1,1,0,3,50,2,7,3,29,29166,1,1,0,6,D63,48.155268,-4.233418,4,1,1
202100049516,113Â 244,A01,3,2,1,0,2,0,-1,-1, -1,-1,2021,30.0,3,1,0,0,7,0,1,,4,LA FONTAINE (RUE),0,,1,1,0,1,(1),(1),1,, -1,1,0,1,50,2,3,1,10,10387,2,1,0,7,LA FONTAINE (RUE),48.29735,4.08011,17,2,1
202100043613,123Â 720,B01,1,1,1,9,2,6,-1,-1, -1,-1,2021,30.0,3,1,0,2,1,2,1,,4,RUE EDOUARD BRANLY,0,,2,2,0,1,0,0,1,, -1,1,0,1,50,17,4,1,91,91103,2,1,0,3,RUE EDOUARD BRANLY,48.6031,2.30587,16,2,2
202100027139,153Â 200,B01,2,2,2,5,2,6,-1,0,0,-1,2021,50.0,1,1,0,2,1,1,1,,3,38,-1,,2,2,0,1,33,500,1,, -1,1,0,1,70,25,7,1,85,85234,1,1,0,2,301 Rue des Sables,46.775263,-2.009602,10,7,2
202100038152,133Â 454,A01,1,1,1,0,2,8,-1,-1, -1,-1,2021,18.0,2,1,0,2,1,26,1,,4,PHILIPPE DE LASSALLE                (R ),0,,-1,2,0,1,(1),(1),1,, -1,1,0,1,50,26,5,1,69,69384,2,1,0,2,PHILIPPE DE LASSALLE (R),45.77853,4.82044,13,2,2
202100047776,116Â 352,A01,1,1,1,0,2,6,-1,-1, -1,-1,2021,50.0,2,1,0,2,1,1,1,,4,HENRI MARECHAL                      (R ),0,,2,2,0,1,(1),(1),1,, -1,1,0,1,50,16,3,1,69,69290,2,1,0,6,HENRI MARECHAL (R),45.6914113389,4.9383481563,15,1,1
202100002271,197Â 724,A01,1,1,1,3,2,8,-1,0,0,-1,2021,90.0,2,1,0,0,0,21,1,,4,RUE DU MONTPARNASSE,0,,1,1,0,2,(1),(1),1,, -1,1,0,1,30,17,12,1,75,75114,2,1,0,7,RUE DU MONTPARNASSE,48.841698,2.325248,13,1,1
202100007517,188Â 322,A01,1,1,2,5,1,-1,-1,0,0,-1,2021,28.0,1,2,13,0,9,1,1,,3,56,0,,2,2,0,1,3,900,2,, -1,2,0,8,70,10,10,3,83,83138,1,1,1,7,route dÃ©partementale 56,43.582485,6.728348,2,1,1
202100013117,178Â 299,A01,2,2,1,4,1,0,-1,-1, -1,-1,2021,22.0,0,5,0,2,1,17,1,,4,HENRI BARBUSSE (R),0,,2,2,0,1,1,0,1,, -1,1,0,1,50,14,10,5,94,94076,2,1,0,1,Rue Henri Barbusse,48.804634,2.369361,18,3,2
202100053274,106Â 507,B01,1,1,1,1,2,0,-1,-1, -1,-1,2021,24.0,2,1,0,2,1,1,3,,3,GRANDE RUE CHARLES DE GAULLE,0,,2,2,0,2,0,0,1,, -1,2,0,1,50,28,1,1,92,92004,2,3,0,6,GRANDE RUE CHARLES DE GAULLE,48.90606,2.28656,8,2,2
202100010225,183Â 433,A01,1,1,1,0,2,-1,-1,0,0,-1,2021,43.0,3,1,0,2,1,1,1,,4,1,0,V,2,2,0,2,4,700,1,, -1,1,0,1,30,30,10,5,987,98712,1,1,0,2,ROUTE D'ERIMA,-17.530842,-149.523067,21,2,2
202100019941,165Â 988,B01,1,1,1,5,2,-1,-1,0,0,-1,2021,42.0,1,1,0,2,1,1,5,,3,205,0,,2,2,0,2,(1),(1),1,, -1,1,0,1,80,9,9,1,84,84111,1,1,0,1,"Route de L'OUVÃZE, D205",44.231735,5.100282,15,2,2
202100025287,156Â 459,A01,3,2,2,0,1,0,-1,-1, -1,-1,2021,16.0,0,2,0,2,4,2,1,,4,BOULEVARD ROBERT SCHUMAN,0,,3,2,0,1,(1),(1),1,, -1,1,0,1,50,6,8,1,44,44109,2,1,0,2,BOULEVARD ROBERT SCHUMAN,47.23569,-1.56811,18,4,2
202100028879,150Â 101,B01,1,1,1,9,1,8,-1,-1, -1,-1,2021,20.0,3,2,0,2,7,1,1,,4,,0,,2,0,0,1,0,0,1,, -1,1,0,1,50,12,7,1,92,92078,2,1,0,3,ASNIERES (QUAI),48.932496,2.33554,15,3,2
202100049104,113Â 983,A01,10,3,1,9,0,-1,-1,1,3,1,2021,23.0,1,1,0,1,1,1,0,,4,RUE DE BAYARD,0,,1,2,3,1,(1),(1),1,, -1,1,0,1,50,5,3,1,31,31555,2,1,0,6,18 rue Bayard,43.60897,1.44781,13,2,1
202100014205,176Â 301,A01,1,1,1,5,2,6,-1,0,0,-1,2021,18.0,2,1,0,0,7,21,1,,4,AVENUE DU GENERAL LECLERC,0,,2,5,0,1,(1),(1),1,, -1,1,0,1,50,9,10,1,75,75114,2,2,0,7,AVENUE DU GENERAL LECLERC,48.830078,2.328795,17,1,1
202100003394,195Â 693,A01,1,1,2,1,1,8,-1,-1, -1,-1,2021,41.0,2,2,0,2,1,1,1,,1,AUTOROUTE A1,0,,2,6,0,1,4,0,1,, -1,1,0,1,90,10,12,5,972,97213,2,1,0,4,AUTOROUTE A1,14.61814,-61.0334,20,7,3
202100001737,198Â 684,A01,1,1,1,1,2,6,-1,0,0,-1,2021,61.0,2,1,0,2,1,13,1,,4,PORTE D IVRY,0,,1,4,0,1,1,300,1,, -1,1,0,1,70,22,12,1,75,75113,2,1,0,2,PORTE D IVRY,48.820273,2.37556,9,2,2
202100002870,196Â 646,A01,1,1,1,5,1,-1,-1,0,0,-1,2021,18.0,0,2,8,0,1,1,1,,3,915,0,X,2,2,0,1,5,700,2,, -1,1,0,3,50,16,12,3,60,60089,2,9,1,7,Route dÃ©partementale 915,49.206758,1.861566,23,1,1
202100055828,102Â 081,Z01,10,3,2,5,0,-1,-1,4,3,1,2021,22.0,2,5,0,1,3,1,0,,4,RUE VIGEE LEBRUN,0,,1,1,0,1,(1),(1),1,, -1,1,0,1,50,8,1,3,75,75115,2,2,0,6,RUE VIGEE LEBRUN,48.839476,2.309528,19,2,1
202100053122,106Â 781,A01,2,2,1,9,1,-1,-1,0,0,-1,2021,44.0,1,2,3,0,8,1,1,,1,4,0,A,1,4,0,2,118,600,3,, -1,2,0,3,130,30,1,1,51,51321,1,1,1,7,A4,49.20820922,3.7774929237,16,2,1
202100002863,196Â 659,A01,1,1,1,0,2,6,-1,0,0,-1,2021,31.0,1,1,0,2,1,3,1,,3,568,0,D,2,2,0,1,0,390,1,, -1,1,0,1,50,16,12,1,201,201247,2,2,0,3,rue henri frenay,41.598708,9.277804,16,2,2
202100032306,144Â 012,A01,1,1,1,1,2,6,-1,-1, -1,-1,2021,55.0,1,1,0,6,1,26,1,,3,MONTLUCON (ROUTE DE),0,,2,2,0,1,0,0,1,, -1,1,0,1,90,25,6,1,3,3211,1,1,0,6,MONTLUCON (ROUTE DE),46.30692,2.56504,20,1,1
202100045171,120Â 990,B01,1,1,1,5,1,-1,-1,0,0,-1,2021,85.0,1,2,0,2,3,1,1,,3,971,0,,2,2,0,2,(1),(1),3,, -1,1,2,1,50,24,3,1,71,71263,2,1,0,1,Rue de Bram,46.629006,5.219091,15,2,2
202100009214,185Â 242,A01,1,1,1,0,2,8,-1,-1, -1,-1,2021,49.0,2,1,0,2,1,21,1,,2,ROUTE DES ABYMES,0,,3,4,0,1,(1),(1),1,, -1,1,0,1,50,5,11,1,971,97101,2,9,0,2,ROUTE DES ABYMES,16.25299,-61.52438,17,3,2
202100017891,169Â 643,A01,1,1,2,0,8,0,-1,-1, -1,-1,2021,14.0,0,1,0,0,0,26,5,,9,,0,,-1,1,0,1,0,0,1,, -1,1,0,1,30,16,9,1,92,92064,2,1,0,7,PARC SAINT CLOUD,48.83924,2.1962,11,1,1
202100055888,101Â 976,A01,1,1,2,1,1,0,-1,-1, -1,-1,2021,28.0,1,2,0,2,7,1,1,,4,624,0,,3,5,0,1,0,0,2,, -1,2,0,1,50,6,1,1,988,98818,2,1,1,3,AVENUE DE LA VICTOIRE H. LAFLEUR,-22.27492,166.43901,6,2,2
202100015632,173Â 730,A01,1,1,1,1,2,0,-1,0,0,-1,2021,21.0,3,1,0,2,1,17,1,,4,AICARD AVENUE,0,,2,2,0,1,(1),(1),1,, -1,1,0,1,50,1,10,1,6,6123,2,1,0,3,AICARD AVENUE,43.682697,7.18671,8,2,2
202100027053,153Â 360,A01,1,1,2,5,1,-1,-1,-1,0,-1,2021,23.0,1,2,0,2,6,2,1,,3,AV DE STALINGRAD,0,,3,4,0,1,8,300,1,, -1,1,0,1,50,25,7,1,95,95268,2,2,0,2,RD 125,48.966493304,2.4093099728,13,2,2
202100047442,116Â 965,A01,2,2,1,5,0,-1,-1,0,0,-1,2021,24.0,2,2,13,0,3,14,1,,2,3,0,A,2,2,0,1,37,730,3,, -1,1,0,3,110,20,3,2,988,98808,1,1,0,6,RT3 Tribu de Karovin,-21.298851,165.470377,5,5,1
202100000043,201Â 682,A01,1,1,2,5,1,-1,-1,0,0,-1,2021,20.0,2,2,16,0,-1,13,1,,3,D6,0,,2,2,0,1,28,550,3,, -1,2,0,1,80,10,12,1,33,33417,1,1,1,6,D6,44.971341,-0.878649,9,1,1
202100032559,143Â 570,A01,1,1,1,5,2,5,6,0,0,-1,2021,62.0,1,1,0,0,3,1,1,,3,51,-1,,2,2,0,1,(1),(1),2,, -1,9,0,3,80,24,6,1,202,202165,1,1,0,7,D51,42.504693,8.813739,16,1,1
202100032407,143Â 846,B01,1,1,1,5,0,-1,-1,0,0,-1,2021,11.0,0,1,0,2,1,16,5,,4,,-1,,2,2,0,1,(1),(1),1,,"5,5",1,0,1,50,25,6,1,973,97311,2,1,0,3,Rue Jean-Claude Isaac,5.4701752597,-54.0339730807,18,2,2
202100044978,121Â 333,A01,10,3,1,5,0,-1,-1,3,3,1,2021,51.0,1,2,0,1,1,1,1,,4,DIX HUIT JUIN 1940 (R DU),0,,1,1,0,1,1,0,1,, -1,2,0,1,50,6,4,1,94,94081,2,1,1,6,Rue du 18 Juin 1940,48.791,2.394,17,2,1
202100013597,177Â 417,A01,10,3,1,0,0,-1,-1,6,3,1,2021,25.0,3,2,0,1,0,20,1,,3,RUE HONORE D ESTIENNE D ORVES,0,,-1,2,0,1,0,0,1,, -1,1,9,1,50,9,10,5,91,91228,2,3,0,6,RUE HONORE D ESTIENNE D ORVES,48.62484,2.433683,21,2,1
202100035715,137Â 872,A01,10,3,2,0,0,-1,-1,3,3,1,2021,71.0,1,2,0,1,1,26,1,,7,SAINT MESMIN (AVENUE DE ),0,,2,2,0,1,92,810,1,, -1,1,0,1,50,7,6,1,45,45234,2,1,0,6,31 Avenue de Saint-Mesmin,47.89045,1.89701,16,2,1
202100052639,107Â 634,B01,1,1,2,4,1,-1,-1,-1, -1,-1,2021,48.0,2,2,0,2,4,23,1,,2,ROUTE NATIONALE 230,0,,3,6,0,1,42,799,1,, -1,1,3,1,90,4,2,2,33,33249,1,1,0,2,Route nationale 230,44.871921,-0.506074,7,2,2
202100008720,186Â 146,B01,1,1,1,0,2,8,-1,-1, -1,-1,2021,18.0,2,1,15,2,8,1,1,,2,RN 249,0,,1,1,0,2,24,(1),2,, -1,1,3,1,50,5,11,3,49,49099,2,3,0,3,TROIS PROVINCES (AVENUE DES ),47.05976,-0.92532,18,2,2
202100000773,200Â 331,A01,1,1,1,9,2,0,-1,-1, -1,-1,2021,15.0,1,1,12,0,7,26,1,,3,HUGO (AVENUE VICTOR),0,,2,2,0,1,(1),(1),1,, -1,1,0,4,50,30,12,3,16,16102,2,1,0,7,HUGO (AVENUE VICTOR),45.69062,-0.32122,4,1,1
202100035585,138Â 109,A01,1,1,2,5,1,-1,-1,0,0,-1,2021,69.0,2,2,0,2,8,1,1,,3,208,-1,E,2,2,0,2,22,275,1,, -1,1,0,1,70,8,6,1,62,62898,1,3,0,3,D208e1,50.723713,2.197329,17,2,2
202100028360,151Â 011,B01,1,1,2,5,1,-1,-1,0,0,-1,2021,53.0,2,2,0,0,5,1,1,,3,759,0,D,2,2,0,1,38,927,1,,"6,2",1,0,1,90,19,7,3,79,79242,1,3,0,2,,46.978927,-0.515301,0,2,2
202100029991,148Â 186,A01,2,2,1,9,1,0,-1,-1, -1,-1,2021,13.0,1,2,0,2,1,2,1,,4,BD DE LA GARE,0,,1,3,3,1,(1),(1),1,, -1,1,0,1,50,8,7,1,31,31555,2,1,0,2,BD DE LA GARE,43.60566,1.45691,10,3,2
202100031839,144Â 843,B01,1,1,1,0,2,6,-1,-1, -1,-1,2021,32.0,2,1,0,2,1,0,1,,3,HENRI BARBUSSE (BOULEVARD) 44-174,0,,2,2,0,1,1,675,1,, -1,1,5,1,50,28,6,1,78,78311,2,3,0,1,HENRI BARBUSSE (BOULEVARD) 44-174,48.92921,2.18789,16,2,2
202100003530,195Â 434,B01,1,1,1,4,2,8,-1,-1, -1,-1,2021,19.0,2,1,0,2,0,9,3,,3,RUE DE BARBEZIEUX,0,,2,2,0,1,82,140,1,, -1,1,0,1,50,11,5,1,16,16102,2,7,1,7,RUE DE BARBEZIEUX,45.68489,-0.329,19,2,2
202100018202,169Â 074,B01,1,1,1,1,2,0,-1,-1, -1,-1,2021,53.0,1,1,1,0,2,21,3,,1,A7-Sens Lyon vers Marseille,0,,-1,3,0,1,270,0,1,, -1,1,0,1,90,17,9,2,13,13071,1,1,0,6,A7-Sens Lyon vers Marseille,43.404725,5.339675,19,3,3
202100053800,105Â 587,B01,1,1,1,1,1,5,-1,0,0,-1,2021,48.0,1,2,0,2,1,1,1,,3,978,-1,,2,2,0,1,25,700,1,, -1,7,0,1,80,26,1,2,8,8468,1,1,0,1,RD 978,49.780211,4.46429,7,2,2
202100006875,189Â 495,G01,1,1,2,1,1,-1,-1,0,0,-1,2021,55.0,2,2,0,2,4,2,1,,1,35,0,A,3,2,0,1,71,600,1,, -1,1,0,1,130,19,11,2,68,68295,1,1,0,4,A35,48.017688,7.374272,16,14,12
202100056318,101Â 231,A01,10,3,2,2,0,-1,-1,1,0,2,2021,8.0,3,1,0,1,1,5,1,,4,,-1,,1,1,0,1,(1),(1),1,, -1,2,0,1,-1,5,1,1,60,60395,2,1,1,6,Rue Salentin,49.239675,2.13267,12,2,1
202100010469,183Â 009,B01,1,1,1,1,2,-1,-1,-1, -1,-1,2021,19.0,1,1,0,2,1,18,1,,3,MONTABO (ROUTE DE) 4,0,,2,2,0,1,3,800,2,, -1,1,0,5,70,25,8,1,973,97302,2,3,0,3,MONTABO (ROUTE DE) 4,4.93468,-52.2919,19,2,2
202100031341,145Â 721,A01,2,2,1,5,1,-1,-1,0,0,-1,2021,25.0,2,2,4,0,0,17,1,,1,31,-1,,3,5,0,1,97,100,1,, -1,1,0,1,130,3,7,1,52,52014,1,1,0,6,"A31, point kilomÃ©trique 97+100",47.769458,5.195514,10,4,1
202100050876,110Â 736,A01,1,1,2,0,1,0,-1,-1, -1,-1,2021,46.0,2,2,0,2,1,2,1,,4,CAVEE VERTE (RUE DE LA),0,,2,3,0,1,5,10,1,, -1,1,0,1,50,18,2,1,76,76351,2,3,0,4,CAVEE VERTE (RUE DE LA),49.50613,0.11749,17,3,3
202100020180,165Â 564,B01,1,1,1,1,2,6,-1,0,0,-1,2021,58.0,3,1,15,2,3,1,1,,7,15,0,D,2,2,0,2,(1),(1),2,, -1,1,2,1,-1,8,9,1,13,13059,1,1,0,3,D15,43.658123,5.497885,16,2,2
202100048883,114Â 382,A01,1,1,1,3,0,-1,-1,0,0,-1,2021,93.0,1,2,0,2,1,15,1,,3,2144,-1,,2,2,3,1,34,800,1,, -1,1,0,1,70,8,3,1,63,63223,2,9,0,3,Chateau Gaillard,46.106863,2.912648,9,2,2
202100042104,126Â 370,A01,1,1,1,1,1,-1,-1,0,0,-1,2021,34.0,1,2,3,0,9,1,1,,3,997,-1,,2,2,0,2,15,80,3,, -1,2,9,3,80,28,4,1,18,18083,1,1,1,6,Route de Sidiailles,46.544731,2.342256,13,1,1
202100007542,188Â 263,B01,1,1,1,4,8,0,-1,-1, -1,-1,2021,46.0,1,5,0,2,1,2,1,,1,AUTOROUTE A86,0,,1,4,0,1,51,599,1,, -1,1,1,1,70,18,11,1,94,94034,1,1,0,2,AUTOROUTE A86,48.76019,2.32122,10,4,2
202100027583,152Â 421,A01,10,3,1,0,0,-1,-1,5,3,1,2021,9.0,2,2,0,1,2,1,1,,4,"""STRASBOURG, NR 36 ET SUIV ET 73 ET SUIV",0,,2,2,0,1,0,1,1,, -1,1,0,1,50,22,7,1,93,93066,2,1,0,6,Rue de Strasbourg,48.9359,2.36871,17,2,1
202100010276,183Â 338,B01,1,1,1,1,2,0,-1,-1, -1,-1,2021,37.0,1,1,0,2,1,1,1,,3,PAGNOL (AVENUE MARCEL-),0,,2,2,0,1,4,30,1,, -1,1,0,1,50,28,10,2,87,87065,2,3,0,3,PAGNOL (AVENUE MARCEL-),45.81452,1.33792,7,2,2
202100014750,175Â 344,A01,10,3,2,5,0,-1,-1,4,3,1,2021,19.0,1,2,0,1,3,1,3,,3,906,0,,2,2,0,1,0,0,1,, -1,1,6,1,50,6,10,1,92,92023,2,1,0,6,GENERAL DE GAULLE (AV DU) NÂ°130 A 340 ET,48.7837369726,2.2474832833,18,2,1
202100029129,149Â 684,A01,1,1,2,5,1,8,-1,-1, -1,-1,2021,78.0,3,2,2,0,1,1,1,,4,BEAUGAILLARD (AVENUE),0,,2,2,0,2,(1),(1),2,, -1,2,0,3,50,13,7,1,37,37208,2,1,1,7,BEAUGAILLARD (AVENUE),47.3610558969,0.7210221843,12,1,1
202100010804,182Â 420,A01,1,1,1,4,0,-1,-1,0,0,-1,2021,41.0,3,2,3,2,3,9,6,,3,225,-1,,2,4,3,3,(1),(1),3,, -1,1,3,1,70,27,10,3,84,84092,2,4,0,6,Route de Sorgues,43.974032,4.858097,20,2,2
202100052669,107Â 582,A01,1,1,1,0,1,-1,-1,-1, -1,-1,2021,56.0,1,5,8,0,1,13,1,,3,NATIONALE (AVENUE) LA NEUVILLETTE,0,,2,2,0,1,13,0,1,, -1,2,0,1,50,3,2,1,51,51454,2,1,1,7,Avenue Nationale de la Neuvillette,49.2949539317,3.9997208292,15,1,1