Num_Acc,id_vehicule,num_veh,place,catu,sexe,trajet,secu1,secu2,secu3,locp,actp,etatp,year_acc,victim_age,senc,catv,obs,obsm,choc,manv,motor,occutc,catr,voie,v1,v2,circ,nbv,vosp,prof,pr,pr1,plan,lartpc,larrout,surf,infra,situ,vma,jour,mois,lum,dep,com,agg_,int,atm,col,adr,lat,long,hour,nb_victim,nb_vehicules
202100053681,105Â 781,A01,10,3,2,5,0,-1,-1,3,3,1,2021,58.0,1,2,0,1,3,1,1,,7,69,-1,,3,2,0,1,45,(1),1,, -1,1,0,8,50,25,1,2,44,44035,2,6,1,6,Rue de SucÃ©,47.303189,-1.546669,17,2,1
202100031506,145Â 442,B01,1,1,2,9,1,-1,-1,0,0,-1,2021,31.0,2,4,0,2,3,1,1,,2,113,-1,,2,2,0,1,10,760,1,, -1,1,0,1,-1,29,6,1,34,34244,1,1,0,3,N113,43.66869,4.047482,15,3,2
202100003676,195Â 187,A01,2,2,2,3,1,0,-1,-1, -1,-1,2021,71.0,3,2,0,2,8,15,1,,4,GAMBETTA (BOULEVARD),0,,-1,2,0,1,(1),(1),1,, -1,2,0,1,50,9,12,1,31,31483,2,9,1,3,GAMBETTA (BOULEVARD),43.101394,0.721109,15,3,2
202100003071,196Â 272,B01,1,1,2,0,1,0,-1,-1, -1,-1,2021,23.0,1,2,0,2,9,2,1,,2,POINTE D'OR,0,,1,2,0,1,(1),(1),1,, -1,1,0,1,110,12,12,1,971,97101,1,1,0,4,POINTE D'OR,16.30239,-61.49471,13,3,3
202100021290,163Â 599,B01,1,1,1,1,2,0,-1,0,0,-1,2021,22.0,1,1,0,2,2,5,1,,4,AVENUE DU GENERAL LECLERC,0,,2,5,0,1,(1),(1),1,, -1,1,0,1,50,2,9,1,75,75114,2,4,0,3,AVENUE DU GENERAL LECLERC,48.828795,2.327733,15,2,2
202100006533,190Â 122,B01,1,2,2,3,1,0,-1,-1, -1,-1,2021,14.0,1,2,0,2,3,2,1,,1,A7-Sens Lyon vers Marseille,0,,1,3,0,1,269,0,1,, -1,1,0,1,110,16,11,1,13,13071,1,1,0,3,A7-Sens Lyon vers Marseille,43.406823,5.327935,12,6,3
202100031210,145Â 951,B01,2,2,2,3,2,6,-1,-1, -1,-1,2021,25.0,0,1,0,2,2,26,1,,4,ROBERT SCHUMANN BOULEVARD,0,,2,2,0,1,1,0,1,, -1,1,0,1,50,3,7,1,93,93046,2,1,0,3,Boulevard Robert Schuman,48.928534,2.550285,17,3,2
202100037553,134Â 537,A01,10,3,1,5,0,-1,-1,2,9,1,2021,12.0,1,2,0,1,1,1,1,,4,DELIBES (RUE LEO),0,,1,1,0,1,(1),(1),1,, -1,1,0,1,50,29,5,1,54,54274,2,1,0,6,DELIBES (RUE LEO),48.6728200336,6.2090339303,19,2,1
202100002031,198Â 162,A01,1,1,1,0,2,6,-1,-1, -1,-1,2021,25.0,3,1,13,0,7,1,1,,4,GUIGOU ALBERT (CH),0,,2,4,1,1,0,500,4,, -1,7,5,3,50,20,12,1,13,13001,2,2,1,7,GUIGOU ALBERT (CH),43.4998977501,5.3874930121,11,1,1
202100053368,106Â 327,A01,1,1,1,5,8,-1,-1,0,0,-1,2021,21.0,1,1,0,0,9,1,1,,3,961,0,,2,2,0,1,17,300,1,, -1,1,0,1,50,29,1,2,45,45230,2,1,0,7,D961,47.89478,2.52015,17,1,1
202100034578,139Â 909,B01,1,1,1,5,8,-1,-1,-1, -1,-1,2021,20.0,2,1,0,2,1,19,3,,4,REIMS (RUE DE),0,,1,2,0,2,(1),(1),2,, -1,1,0,1,50,12,6,1,51,51230,2,1,0,1,Rue de Reims,49.0453409478,3.9616580039,20,2,2
202100001671,198Â 812,A01,2,2,2,9,1,-1,-1,-1, -1,-1,2021,57.0,1,2,0,2,1,2,1,,2,ROUTE NATIONALE 230,0,,3,6,0,1,40,299,1,, -1,1,0,1,90,23,12,1,33,33013,1,1,0,2,ROUTE NATIONALE 230,44.849928,-0.503868,11,3,2
202100018850,167Â 950,B01,1,1,1,1,2,-1,-1,0,0,-1,2021,39.0,2,1,0,2,1,1,1,,3,RD357,0,,2,2,0,2,54,0,1,, -1,1,0,1,90,16,9,1,72,72096,1,3,0,1,"RD 357, PR 54",48.021621,0.01929,17,2,2
202100006121,190Â 862,B01,2,1,2,0,2,6,-1,-1, -1,-1,2021,32.0,1,1,0,2,3,1,1,,4,NOISY LE SEC RUE DE,0,,1,1,0,1,0,0,1,, -1,1,0,1,50,26,11,1,93,93045,2,1,0,3,NOISY LE SEC RUE DE,48.8781017102,2.4212479591,11,3,2
202100010223,183Â 437,B01,1,1,1,5,1,-1,-1,0,0,-1,2021,62.0,1,2,0,2,2,1,1,,3,5,0,,2,2,0,2,0,0,3,, -1,1,0,1,80,29,10,3,976,97606,1,1,0,1,RD 5  - sortie de Poroani,-12.899382,45.14485,0,4,2
202100023956,158Â 813,A01,2,2,1,5,1,-1,-1,0,0,-1,2021,19.0,2,2,6,0,2,1,1,,3,,-1,,2,2,0,1,8,633,1,, -1,1,0,8,-1,16,8,2,85,85127,2,1,0,6,Rue des Bourbes,46.402966,-1.486963,20,2,1
202100009579,184Â 583,B01,1,1,2,5,2,6,-1,-1, -1,-1,2021,25.0,1,1,0,2,1,9,1,,2,PEREIRE,0,,4,4,0,1,11,242,1,, -1,2,0,1,45,3,11,1,78,78551,2,2,0,3,PEREIRE,48.90149,2.07396,13,2,2
202100036710,136Â 092,B01,1,1,1,5,0,-1,-1,0,0,-1,2021,83.0,1,0,0,2,7,1,3,,3,,0,D,2,2,0,1,2,90,1,, -1,1,0,1,50,4,6,1,33,33005,2,6,0,3,giratoire D215/ D3E8,44.752699,-1.078232,18,2,2
202100032016,144Â 518,A01,1,1,1,5,8,-1,-1,0,0,-1,2021,38.0,0,1,0,0,0,0,1,,4,,-1,,2,2,0,2,(1),(1),1,,5,2,0,1,50,27,6,1,80,80512,2,3,1,7,Residence des Etangs,50.077179,1.813769,18,1,1
202100047699,116Â 488,B01,1,1,2,0,1,0,-1,-1, -1,-1,2021,37.0,2,2,0,2,0,2,1,,1,AUTOROUTE A3,0,,3,6,0,1,8,0,1,, -1,1,0,1,110,17,3,3,93,93010,1,1,0,5,AUTOROUTE A3,48.90654,2.47245,21,4,4
202100005002,192Â 845,B01,1,1,2,5,1,-1,-1,-1, -1,-1,2021,33.0,2,2,0,2,4,1,1,,1,A42     0.560 A 4.020,0,,1,1,0,1,2,700,3,, -1,1,3,1,90,9,7,1,69,69256,1,1,0,2,A42     0.560 A 4.020,45.79465,4.92511,19,2,2
202100038218,133Â 331,A01,10,3,2,1,0,-1,-1,0,0,-1,2021,41.0,3,2,0,1,3,16,1,,4,BOULEVARD DE BEAUSEJOUR,0,,1,1,0,2,(1),(1),3,, -1,1,0,1,50,26,5,1,75,75116,2,3,0,6,BOULEVARD DE BEAUSEJOUR,48.858032,2.272577,11,2,1
202100046894,117Â 952,B01,2,2,2,0,2,8,-1,-1, -1,-1,2021,26.0,2,1,0,2,1,1,1,,4,RIETH (RUE DU),0,,1,2,0,1,(1),(1),1,, -1,1,0,1,50,20,3,1,67,67482,2,3,0,3,RIETH (RUE DU),48.60086,7.71491,19,3,2
202100020719,164Â 594,A01,10,3,1,9,0,8,-1,2,4,1,2021,24.0,1,2,0,1,2,1,1,,4,RUE CHALIGNY,0,,2,2,0,1,(1),(1),1,, -1,1,0,1,50,5,9,5,75,75112,2,1,0,6,RUE CHALIGNY,48.846065,2.383625,1,2,1
202100045873,119Â 758,A01,1,1,1,4,1,-1,-1,0,0,-1,2021,51.0,0,5,0,2,3,13,1,,3,,-1,,2,2,0,1,(1),(1),1,, -1,1,0,1,80,1,4,1,38,38449,1,1,0,1,Rue de la Fuly,45.630977,5.101712,15,2,2
202100051127,110Â 289,A01,2,2,2,9,1,-1,-1,0,0,-1,2021,48.0,2,2,3,0,8,1,1,,1,62,-1,A,3,4,0,1,53,0,1,, -1,1,0,8,130,19,2,1,33,33002,1,9,0,6,,44.511182,-0.061578,15,2,1
202100044486,122Â 177,A01,1,1,1,5,1,0,-1,0,0,-1,2021,28.0,1,2,7,0,1,1,1,,4,RUE DU FAUBOURG SAINT DENIS,0,,2,2,0,1,(1),(1),1,, -1,2,0,1,50,10,4,5,75,75110,2,1,1,6,RUE DU FAUBOURG SAINT DENIS,48.881026,2.35799,6,1,1
202100044466,122Â 210,A01,1,1,1,1,1,0,-1,-1, -1,-1,2021,22.0,3,2,7,0,3,1,1,,7,CD 9 ESTROUBLANS,0,,3,2,0,1,20,200,1,, -1,3,0,1,90,10,4,3,13,13117,2,1,1,7,CD 9 ESTROUBLANS,43.42761,5.2557,22,1,1
202100043588,123Â 757,A01,1,1,2,0,1,-1,-1,0,0,-1,2021,29.0,0,2,7,2,1,1,1,,3,153,0,,2,2,0,3,10,90,3,, -1,1,0,1,90,18,4,1,60,60322,1,2,0,3,Route dÃ©partementale 153,49.303317,1.884053,11,2,2
202100049765,112Â 786,B01,1,1,2,1,8,0,-1,0,0,-1,2021,68.0,3,2,0,2,1,1,1,,4,BOULEVARD PERIPHERIQUE EXTERIEUR NORD  ,0,,1,4,0,1,22,0,1,, -1,1,0,1,70,28,2,1,75,75118,2,1,0,2,BOULEVARD PERIPHERIQUE EXTERIEUR NORD  ,48.901076,2.345273,8,2,2
202100020301,165Â 348,A01,10,3,2,5,0,-1,-1,3,3,1,2021,76.0,0,5,0,2,1,1,1,,4,EUROPE (DE 2 A 4),0,,2,4,0,1,(1),(1),1,, -1,1,0,1,50,30,8,1,29,29019,2,2,0,6,Boulevard de lâEurope,48.41317,-4.49232,14,2,1
202100027921,151Â 800,A01,1,1,1,0,8,0,-1,-1, -1,-1,2021,18.0,2,2,15,0,8,26,1,,4,MASSENET,0,,2,2,0,2,(1),(1),1,, -1,2,0,4,50,15,7,5,42,42189,2,1,1,6,Rue Massenet,45.4293685048,4.3174518943,23,1,1
202100051323,109Â 932,A01,1,1,1,9,1,8,-1,-1, -1,-1,2021,35.0,2,2,12,0,2,1,1,,4,ROUGET DE L ISLE (AV),0,,1,2,0,1,0,0,1,, -1,2,0,1,50,16,2,5,94,94081,2,1,0,3,ROUGET DE L ISLE (AV),48.78082,2.39514,0,2,1
202100045726,120Â 015,A01,1,1,2,0,1,0,-1,-1, -1,-1,2021,47.0,2,2,0,2,1,2,1,,4,GAULLE (DU GENERAL DE),0,,1,1,2,1,0,0,1,, -1,1,0,1,30,31,3,1,974,97411,2,1,0,2,Rue du GÃ©nÃ©ral de Gaulle,-20.88558,55.45231,9,3,2
202100008393,186Â 730,A01,1,1,2,9,1,-1,-1,0,0,-1,2021,20.0,3,2,8,0,9,1,6,,3,3,-1,,2,2,0,1,31,598,3,, -1,6,0,1,90,12,11,3,61,61183,1,1,0,6,D3,48.619475,0.274942,20,1,1
202100016065,172Â 936,B01,1,1,2,0,1,0,-1,-1, -1,-1,2021,46.0,1,2,0,2,1,2,1,,4,VICTOIRE (AVENUE DE LA),0,,2,2,0,2,0,0,1,, -1,2,0,1,50,27,9,1,974,97411,2,2,1,3,VICTOIRE (AVENUE DE LA),-20.87661,55.44782,7,3,2
202100029953,148Â 262,B01,1,1,1,5,2,6,-1,-1, -1,-1,2021,23.0,1,1,0,2,1,1,1,,4,GENERAL DE GAULLE (RUE DU),0,,2,2,0,1,(1),(1),1,, -1,1,0,1,30,2,7,1,89,89387,2,2,0,1,GENERAL DE GAULLE (RUE DU),48.19449,3.28351,19,2,2
202100027322,152Â 885,A01,2,2,2,0,1,-1,-1,-1, -1,-1,2021,35.0,1,2,0,2,5,1,1,,4,DANIELLE CASANOVA                   (R ),0,,2,2,0,1,(1),(1),1,, -1,1,0,1,50,23,7,5,69,69199,2,2,0,3,DANIELLE CASANOVA  (R),45.71074,4.86262,23,5,2
202100040275,129Â 614,A01,1,1,1,0,2,6,-1,0,0,-1,2021,28.0,0,1,0,0,1,6,1,,4,,-1,,2,2,0,1,(1),(1),2,, -1,1,0,1,-1,13,5,1,85,85059,2,6,0,7,Avenue Georges Clemenceau,46.652754,-0.747253,16,1,1
202100041347,127Â 702,B01,1,1,2,1,1,-1,-1,0,0,-1,2021,24.0,3,2,5,0,8,15,1,,4,,-1,,2,2,0,1,(1),(1),1,, -1,1,0,1,50,6,5,3,38,38239,2,3,0,3,Route de Champfeuillet,45.34322,5.56283,6,3,2
202100036743,136Â 028,A01,1,1,2,1,2,6,-1,-1, -1,-1,2021,38.0,2,1,0,2,1,3,1,,1,A86 INT,0,,3,6,0,1,38,599,1,, -1,1,0,1,90,3,6,1,94,94028,1,1,0,2,A86 INT,48.7945105647,2.4421620369,19,2,2
202100048218,115Â 565,A01,1,1,2,0,1,0,-1,-1, -1,-1,2021,24.0,1,2,4,2,1,1,1,,1,AUTOROUTE A3,0,,3,9,0,4,5,800,3,, -1,2,2,1,70,13,3,3,93,93053,1,1,1,2,AUTOROUTE A3,48.88766,2.47405,3,2,2
202100034887,139Â 355,A01,1,1,1,9,2,6,-1,0,0,-1,2021,51.0,1,1,3,0,0,1,1,,4,,0,,2,1,0,2,(1),(1),3,,3,1,0,1,50,13,6,1,6,6043,2,1,0,7,2168 Route du Plan de Linea,43.86599,7.303902,9,1,1
202100003257,195Â 942,A01,10,3,1,0,0,-1,-1,3,3,1,2021,68.0,1,2,0,1,2,1,1,,3,PLAN (ROUTE DU) -D304-,0,,2,2,0,1,1,649,1,, -1,1,0,1,50,12,12,5,6,6069,2,1,0,6,PLAN (ROUTE DU) -D304-,43.643064,6.956587,18,2,1
202100040751,128Â 767,B01,1,1,2,0,1,-1,-1,-1, -1,-1,2021,33.0,1,2,0,2,1,1,1,,4,CARNOT (AVE ),0,,2,5,0,1,(1),(1),1,, -1,1,0,1,50,7,5,1,33,33119,2,6,0,3,Avenue Carnot,44.8656,-0.51373,20,2,2
202100000557,200Â 708,A01,1,1,1,0,1,8,-1,-1, -1,-1,2021,23.0,1,2,7,0,2,14,3,,3,R.D.20,0,,1,0,0,2,35,500,1,, -1,1,3,3,50,10,11,1,91,91223,2,9,0,6,R.D.20,48.43515,2.16804,14,1,1
202100043406,124Â 075,A01,10,3,1,0,0,-1,-1,2,3,1,2021,6.0,1,1,0,1,1,1,1,,2,tsoundzou-Mangadzia  Tsoundzou 2 (rue ),0,,2,0,0,1,0,0,1,, -1,1,0,1,50,3,3,1,976,97611,2,1,0,6,tsoundzou-Mangadzia  Tsoundzou 2 (rue ),-12.81665,45.19866,11,2,1
202100008095,187Â 267,B01,2,2,2,5,2,-1,-1,0,0,-1,2021,46.0,2,1,0,2,1,1,1,,3,12,-1,,2,2,0,1,3,580,1,, -1,1,2,1,-1,13,11,1,30,30123,1,1,0,3,D12,43.724669,4.164843,17,3,2
202100009944,183Â 920,A01,1,1,1,5,2,-1,-1,0,0,-1,2021,16.0,1,1,0,2,1,1,1,,3,845,-1,,2,2,0,1,3,0,1,, -1,1,0,1,50,30,10,1,62,62520,2,6,0,3,Rue du 11 Novembre,50.570513,2.666341,17,2,2
202100049010,114Â 152,A01,3,2,2,5,0,-1,-1,0,0,-1,2021,19.0,2,2,8,0,1,1,1,,3,82,0,,2,2,0,4,7,500,2,, -1,1,0,4,50,7,3,5,7,7234,2,1,0,6,,45.247883,4.781979,0,4,1
202100039714,130Â 595,A01,3,2,1,9,3,8,-1,0,0,-1,2021,1.0,2,2,0,2,4,23,1,,4,AVENUE DE LA PORTE DE CHATILLON,0,,2,4,0,1,(1),(1),1,, -1,2,0,1,50,15,5,1,75,75114,2,3,0,2,AVENUE DE LA PORTE DE CHATILLON,48.823701,2.317127,15,3,2
202100003761,195Â 035,A01,1,1,1,4,1,-1,-1,0,0,-1,2021,25.0,1,2,0,2,1,0,1,,1,7,0,,3,3,0,1,140,600,1,, -1,1,0,1,130,7,12,1,26,26324,1,1,0,2,Autorute du Soleil,44.326358,4.739217,14,4,2
202100030830,146Â 655,B01,1,1,1,0,8,-1,-1,-1, -1,-1,2021,35.0,1,2,0,2,4,23,1,,7,LYON (DE)                               ,0,,2,3,0,1,3,900,1,, -1,1,0,1,50,2,7,1,69,69271,2,1,0,4,LYON (DE) (RTE),45.7403913897,4.9511647224,12,3,3
202100010113,183Â 630,B01,2,2,2,0,1,0,-1,-1, -1,-1,2021,9.0,2,2,0,2,4,2,1,,1,AUTOROUTE A3,0,,1,6,0,1,6,400,1,, -1,2,0,1,70,31,10,1,93,93053,1,1,1,2,AUTOROUTE A3,48.89231,2.47278,15,3,2
202100016588,171Â 982,A01,1,1,2,5,2,6,-1,0,0,-1,2021,26.0,1,1,0,2,1,1,1,,2,85,-1,,2,2,0,1,25,800,1,,4,1,0,1,50,27,9,2,4,4108,2,3,0,4,RN 85 / Ch du pont triple,44.052002,6.022997,19,3,3
202100053926,105Â 355,A01,10,3,2,3,0,-1,-1,1,9,2,2021,75.0,2,2,0,1,2,1,1,,4,RUE DES AULNES,0,,2,2,0,1,0,0,2,, -1,2,0,1,50,22,1,1,77,77390,2,1,0,6,RUE DES AULNES,48.796696234,2.6466732801,16,3,1
202100007549,188Â 249,B01,1,1,2,1,1,0,-1,-1, -1,-1,2021,29.0,1,2,0,2,4,2,1,,1,AUTOROUTE A15,0,,3,8,0,1,5,0,3,, -1,1,2,1,110,18,11,3,92,92036,1,1,0,4,AUTOROUTE A15,48.9436471157,2.2877561673,17,3,3
202100022555,161Â 312,A01,1,1,1,0,2,6,-1,0,0,-1,2021,50.0,1,1,0,2,1,5,1,,3,518,0,,2,2,0,2,5,500,2,, -1,1,0,1,-1,27,8,1,26,26117,1,1,0,1,Route des Grands Goulets,45.03476,5.382528,15,3,2
202100042348,125Â 927,A01,1,1,1,5,2,6,-1,0,0,-1,2021,53.0,1,1,0,0,3,15,1,,4,RUE CARDINET,0,,-1,3,0,1,(1),(1),1,, -1,1,0,1,30,27,4,1,75,75117,2,3,0,7,RUE CARDINET,48.888614,2.315639,12,1,1
202100055000,103Â 498,A01,1,1,2,9,1,0,-1,-1,0,-1,2021,22.0,2,2,4,0,2,1,1,,1,115,0,,3,4,0,1,11,100,2,, -1,2,0,1,70,14,1,1,95,95394,1,1,1,6, A115,49.05136,2.18213,13,1,1
202100035409,138Â 427,A01,1,1,1,5,8,-1,-1,0,0,-1,2021,32.0,0,2,15,0,3,0,1,,4,,0,,2,2,0,1,(1),(1),2,, -1,1,0,3,80,11,5,1,13,13067,1,1,0,6,Route de Bazarde,43.795063,5.040311,19,1,1
202100020393,165Â 186,A01,1,1,1,1,2,6,-1,0,0,-1,2021,30.0,3,1,0,2,1,1,1,,3,66,-1,,2,2,0,3,(1),(1),1,, -1,1,0,1,50,6,9,2,50,50082,2,2,0,1,Rue Pierre Marie,49.470014,-1.641051,19,2,2
202100020140,165Â 626,A01,1,1,1,0,1,-1,-1,0,0,-1,2021,76.0,1,2,8,0,3,1,1,,3,108,0,D,2,2,0,2,6,0,1,, -1,1,0,1,50,9,9,1,91,91533,2,3,0,6,Rue Jean Moulin,48.362683,2.12321,7,2,1
202100024868,157Â 207,A01,1,1,2,5,1,-1,-1,0,0,-1,2021,36.0,1,2,0,2,1,2,1,,3,BORDEAUX (ROUTE DE) CD 935,0,,2,2,0,1,40,284,1,, -1,1,0,1,70,8,8,1,65,65100,1,1,0,2,BORDEAUX (ROUTE DE) CD 935,43.2600445613,0.0718080997,17,5,2
202100002482,197Â 334,Z01,10,3,1,0,8,8,-1,2,3,1,2021,29.0,2,1,0,1,0,1,1,,3,17,0,,1,1,0,1,0,0,1,, -1,1,0,1,30,17,12,5,92,92024,2,1,0,6,GENERAL ROGUET (RUE DU) DE (1 A 57)   (2,48.9066536608,2.3129492998,18,2,1
202100020352,165Â 254,A01,10,3,1,0,0,-1,-1,3,3,1,2021,43.0,0,2,0,1,1,16,1,,4,BALANCE (RUE DE LA),0,,-1,1,0,1,0,0,1,, -1,1,0,1,30,7,9,1,93,93005,2,2,0,1,BALANCE (RUE DE LA),48.95577,2.50416,9,2,1
202100044794,121Â 641,A01,1,1,2,5,2,-1,-1,-1, -1,-1,2021,48.0,2,1,0,0,8,1,1,,7,ROUTE DE STRASBOURG                 (RO),0,,-1,2,0,1,7,600,2,, -1,1,0,1,50,7,4,1,69,69286,2,6,0,7,ROUTE DE STRASBOURG (RTE),45.83784,4.91453,17,1,1
202100005463,192Â 022,D01,1,1,1,1,1,0,-1,-1, -1,-1,2021,26.0,1,2,0,2,1,2,1,,1,A13,0,,-1,3,0,1,26,250,1,, -1,2,0,1,110,1,12,3,78,78672,1,1,1,4,A13,48.928701,1.988559,6,5,5
202100055804,102Â 118,A01,1,1,1,0,1,0,-1,-1, -1,-1,2021,60.0,1,2,4,0,9,1,1,,1,VA007331 A620,0,,4,3,0,1,11,244,1,, -1,1,0,1,90,7,1,1,31,31555,2,1,0,6,VA007331 A620,43.56913,1.42153,15,1,1
202100028048,151Â 576,A01,2,2,2,5,8,-1,-1,0,0,-1,2021,46.0,1,2,0,0,1,0,1,,3,,-1,,2,2,0,1,26,272,1,, -1,2,0,3,80,21,7,3,66,66171,1,1,0,7,D81,42.60113,3.02403,1,2,1
202100019328,167Â 077,B01,1,1,1,5,2,0,-1,-1, -1,-1,2021,20.0,2,1,0,2,9,0,1,,3,D 948,0,,3,0,0,1,3,500,1,, -1,1,0,1,110,12,9,1,85,85191,1,1,0,3,D 948,46.68745,-1.45782,14,2,2
202100055851,102Â 045,A01,10,3,1,5,0,-1,-1,1,B,1,2021,64.0,1,2,0,1,1,26,0,,3,BONDY (PONT),0,,-1,3,0,1,0,1,1,, -1,1,0,1,50,8,1,1,93,93010,2,9,0,6,BONDY (PONT),48.9049846308,2.4701020557,14,2,1
202100010876,182Â 285,A01,1,1,2,0,8,0,-1,-1, -1,-1,2021,81.0,3,1,0,2,1,19,5,,4,ALLEES DE MORLAAS DES,0,,1,2,0,1,0,0,2,, -1,1,0,1,30,26,10,1,64,64445,2,6,0,3,ALLEES DE MORLAAS DES,43.30773,-0.33913,11,2,2
202100043523,123Â 866,B01,1,1,1,3,2,-1,-1,0,0,-1,2021,17.0,1,1,0,2,3,1,1,,3,,-1,,2,2,0,1,2,250,1,, -1,1,9,1,50,14,4,1,7,7245,1,1,0,3,ROUTE DU GRAND PONT,45.068069,4.78674,18,2,2
202100039191,131Â 574,A01,8,2,1,5,0,-1,-1,0,0,-1,2021,22.0,2,2,5,0,1,1,1,,4,,-1,,2,2,0,1,(1),(1),1,, -1,2,0,8,50,21,5,3,1,1123,1,1,1,6,Chemin du Brouillard,46.245468,4.815394,2,3,1
202100039171,131Â 605,B01,2,2,2,5,1,-1,-1,0,0,-1,2021,56.0,1,2,0,2,4,2,1,,1,61,0,A,1,4,0,1,301,0,1,, -1,1,0,1,130,21,5,1,11,11438,1,1,0,4,A61 PK 301.000 SENS TOULOUSE-NARBONNE,43.235611,2.099736,14,8,4
202100011501,181Â 164,A01,10,3,2,9,0,-1,-1,3,3,1,2021,85.0,1,2,0,1,1,1,1,,3,524,0,,2,2,0,2,(1),(1),1,, -1,1,0,1,50,13,10,1,14,14762,2,1,0,6,4 Rue Emile Desvaux,48.837174,-0.884829,14,2,1
202100043565,123Â 796,B01,1,1,1,0,2,0,-1,-1, -1,-1,2021,29.0,1,1,0,2,1,1,1,,3,JAURES (AVENUE JEAN),0,,1,2,1,1,0,1,1,, -1,1,0,5,50,18,4,1,93,93027,2,2,0,3,JAURES (AVENUE JEAN),48.92423,2.40224,19,4,2
202100030271,147Â 655,B01,1,1,1,1,2,6,-1,0,0,-1,2021,29.0,1,1,13,2,7,17,1,,3,151,-1,,2,2,0,1,(1),(1),1,, -1,1,0,1,70,7,7,1,202,202049,1,1,0,3,cd 151,42.527199,8.840142,16,4,2
202100000653,200Â 545,A01,1,1,1,5,2,-1,-1,-1, -1,-1,2021,66.0,1,6,12,0,7,1,1,,4,,-1,,2,-1,0,1,(1),(1),2,, -1,1,0,4,-1,5,9,1,4,4245,2,1,0,6,Rue Mendes France,43.8671072369,5.8414805605,18,1,1
202100004781,193Â 231,A01,10,3,1,5,0,-1,-1,3,3,1,2021,61.0,1,2,0,1,1,9,1,,3,TREPILLOT RUE DE,0,,2,2,0,3,11,1250,1,, -1,2,0,1,50,2,12,3,25,25056,2,6,0,6,TREPILLOT RUE DE,47.2428,6.00758,18,2,1
202100040268,129Â 627,A01,1,1,2,1,1,-1,-1,0,0,-1,2021,31.0,0,2,0,0,8,15,1,,3,36,-1,,2,2,0,2,(1),(1),1,, -1,1,9,1,50,12,5,1,50,50029,2,1,0,3,Mont Eglise,48.600644,-0.832642,16,2,2
202100034976,139Â 179,A01,4,2,2,5,1,8,-1,-1, -1,-1,2021,55.0,2,2,0,2,3,19,1,,4,PLAGES (BOULEVARD DES),0,,2,2,0,1,0,0,1,, -1,1,0,1,50,10,6,1,64,64024,2,2,0,3,PLAGES (BOULEVARD DES),43.51598,-1.52415,9,3,2
202100041089,128Â 165,A01,10,3,2,1,0,-1,-1,4,3,1,2021,35.0,1,2,0,1,2,15,1,,4,BIENFAISANCE (RUE DE LA),0,,2,2,0,1,(1),(1),2,, -1,1,0,8,50,6,5,5,59,59599,2,9,0,6,BIENFAISANCE (RUE DE LA),50.724662,3.157842,5,2,1
202100001224,199Â 582,A01,10,3,1,5,0,-1,-1,3,B,1,2021,78.0,1,4,0,1,0,9,1,,3,794,0,D,2,2,0,4,(1),(1),1,, -1,2,0,1,50,29,12,1,22,22172,2,6,0,6,1 Rue de l Abbaye,48.521042,-2.23097,11,2,1
202100026245,154Â 786,B01,1,1,1,5,1,0,-1,-1, -1,-1,2021,38.0,1,2,0,2,1,23,1,,1,A7-Sens Lyon vers Marseille,0,,1,2,0,1,271,500,1,, -1,1,0,1,90,27,7,1,13,13106,1,1,0,5,A7-Sens Lyon vers Marseille,43.39588,5.3504,19,3,3
202100032173,144Â 244,A01,1,1,1,5,2,6,9,0,0,-1,2021,42.0,2,1,0,2,1,2,1,,3,906,0,,4,1,0,1,23,100,3,, -1,1,0,1,80,26,6,1,71,71269,1,6,0,2,D906,46.7434350107,4.8527768143,17,2,2
202100056212,101Â 416,A01,1,1,1,1,2,6,-1,0,0,-1,2021,33.0,1,1,0,2,1,1,1,,3,107,-1,,2,2,0,2,15,800,1,, -1,1,0,1,80,5,1,1,30,30333,1,1,0,1,,43.7698,4.242,17,2,2
202100025202,156Â 616,A01,1,1,1,3,1,-1,-1,0,0,-1,2021,40.0,1,2,0,0,1,14,1,,3,971,-1,,2,2,0,1,(1),(1),1,, -1,2,0,3,80,7,8,1,10,10170,1,2,0,6,d971,48.0319230372,4.4274392724,17,2,1
202100027542,152Â 497,A01,1,1,2,0,1,-1,-1,-1, -1,-1,2021,79.0,2,2,1,0,1,1,1,,4,AROT (SQUARE JOSEPH),0,,2,2,0,1,(1),(1),1,, -1,1,0,1,30,22,7,1,35,35238,2,1,0,6,AROT (SQUARE JOSEPH),48.11144,-1.70819,9,1,1
202100002889,196Â 607,A01,1,1,1,5,2,0,-1,-1,0,-1,2021,18.0,1,1,0,0,1,26,1,,3,GENERAL LECLERC (RUE DU),0,,1,1,0,1,0,0,1,, -1,1,0,1,30,14,12,1,95,95288,2,1,0,7,GENERAL LECLERC (RUE DU),48.9852895737,2.35487625,13,1,1
202100051871,108Â 983,B01,1,1,2,1,1,0,-1,-1, -1,-1,2021,31.0,2,2,0,2,2,1,1,,1,A104,0,,1,3,0,1,23,0,1,, -1,1,0,1,90,11,2,1,77,77372,1,1,0,3,A104,48.8799332483,2.6680765807,16,2,2
202100024421,158Â 032,B01,7,2,1,1,1,-1,-1,0,0,-1,2021,17.0,2,2,0,2,2,1,1,,3,943,-1,,2,2,0,1,22,20,1,, -1,1,5,1,80,11,8,1,37,37049,1,2,0,3,L Esperance,47.1797924666,0.9643453136,15,6,2