Num_Acc,id_vehicule,num_veh,place,catu,sexe,trajet,secu1,secu2,secu3,locp,actp,etatp,year_acc,victim_age,senc,catv,obs,obsm,choc,manv,motor,occutc,catr,voie,v1,v2,circ,nbv,vosp,prof,pr,pr1,plan,lartpc,larrout,surf,infra,situ,vma,jour,mois,lum,dep,com,agg_,int,atm,col,adr,lat,long,hour,nb_victim,nb_vehicules
202100035098,138Â 962,A01,1,1,1,0,2,0,-1,-1, -1,-1,2021,32.0,1,1,4,0,1,13,1,,4,GENERAL LECLERC (BD DU) (9 A 59)   (4 A,0,,3,4,0,1,0,0,1,, -1,1,0,8,50,11,6,5,92,92024,2,1,0,6,GENERAL LECLERC (BD DU) (9 A 59)   (4 A,48.89978,2.31872,3,1,1
202100026643,154Â 082,A01,1,1,1,5,1,0,-1,-1, -1,-1,2021,22.0,1,2,1,0,1,17,1,,4,FOCH (RUE),0,,2,2,0,1,0,0,1,, -1,1,0,8,30,28,7,3,57,57143,2,1,0,6,FOCH (RUE),49.26169,6.10468,3,1,1
202100048829,114Â 484,A01,1,1,1,5,2,6,-1,0,0,-1,2021,49.0,2,1,0,2,8,1,5,,3,16,-1,,2,2,0,1,13,600,1,, -1,1,0,1,80,6,3,1,69,69059,1,1,0,5,MARCILLY (DE) (RTE),45.864900821,4.7186493874,16,3,3
202100016761,171Â 661,B01,1,1,2,0,1,0,-1,-1, -1,-1,2021,62.0,1,2,0,2,4,2,1,,1,AUTOROUTE A6,0,,-1,3,0,1,24,379,1,, -1,2,0,1,110,26,9,1,91,91228,1,1,1,4,AUTOROUTE A6,48.615589,2.429778,14,4,4
202100050800,110Â 877,A01,1,1,1,5,1,-1,-1,0,0,-1,2021,22.0,2,2,0,2,1,13,1,,3,938,-1,,2,2,0,2,5,800,1,, -1,1,0,1,80,21,2,1,80,80199,1,1,0,1,RD 938,49.958268,2.874362,10,5,2
202100050972,110Â 570,A01,1,1,1,5,2,6,9,0,0,-1,2021,31.0,1,1,6,0,7,1,1,,3,675,-1,,2,2,0,2,20,15,2,, -1,1,0,3,80,19,2,1,41,41198,1,1,0,6,Le Paradis,47.255706,1.353711,14,1,1
202100040245,129Â 662,A01,2,2,1,5,1,-1,-1,0,0,-1,2021,17.0,2,2,0,0,0,0,1,,3,8,-1,,2,2,0,2,9,100,3,, -1,2,0,8,80,13,5,1,86,86233,1,1,1,7,D8,46.495934,0.626906,17,2,1
202100054681,104Â 042,B01,1,1,2,0,1,0,-1,-1, -1,-1,2021,23.0,3,2,0,2,2,1,1,,4,LUMIERES (AVE DES FRERES),0,,1,1,0,1,0,0,2,, -1,1,0,1,50,17,1,2,30,30007,2,6,0,3,LUMIERES (AVE DES FRERES),44.13,4.08,18,2,2
202100056009,101Â 768,A01,1,1,1,5,1,-1,-1,-1, -1,-1,2021,88.0,1,2,0,2,1,2,1,,1,630,0,,3,6,0,1,15,300,1,, -1,1,0,1,90,7,1,3,33,33281,1,1,0,4,ROCADE A 630,44.8474606673,-0.6697700632,7,3,3
202100021460,163Â 283,B01,1,1,1,9,2,6,-1,-1, -1,-1,2021,43.0,0,1,0,0,0,0,1,,4,SAINT SIMON (RTE DE) DU 276 AU 389,0,,3,4,0,1,(1),(1),1,, -1,1,0,1,50,31,8,5,31,31555,2,1,0,1,SAINT SIMON (RTE DE) DU 276 AU 389,43.58983,1.41513,23,3,2
202100045909,119Â 694,A01,1,1,1,0,8,0,-1,-1, -1,-1,2021,29.0,1,1,0,9,0,15,1,,7,AMBROISE CROIZAT                    (BD),0,,3,4,0,4,2,0,1,, -1,1,5,1,50,31,1,5,69,69259,2,2,0,7,AMBROISE CROIZAT                    (BD),45.70311,4.88773,0,1,1
202100004483,193Â 753,A01,1,1,1,1,2,8,-1,-1, -1,-1,2021,20.0,2,1,0,0,1,3,1,,1,AUTOROUTE A3,0,,3,6,0,1,2,900,1,, -1,2,1,1,70,6,12,2,93,93063,1,1,1,7,AUTOROUTE A3,48.87856,2.44704,8,1,1
202100009322,185Â 040,B01,1,1,1,0,2,6,-1,-1, -1,-1,2021,27.0,1,1,0,2,8,18,1,,3,909,0,,2,3,3,1,0,0,1,, -1,1,0,1,50,24,10,5,92,92044,2,5,0,3,VIC. HUGO(RUE)091A113 ET 112A146,48.89829,2.29434,0,2,2
202100035025,139Â 090,B01,1,1,1,5,8,0,-1,-1, -1,-1,2021,71.0,3,1,0,0,4,16,5,,4,ROCHEFORT (DE)  (AVENUE),0,,1,1,0,1,(1),(1),1,, -1,1,0,1,30,9,6,1,17,17306,2,6,0,2,ROCHEFORT (DE)  (AVENUE),45.63891,-1.02509,17,2,2
202100002957,196Â 487,B01,1,1,1,1,2,6,-1,-1, -1,-1,2021,47.0,3,1,0,2,1,1,1,,4,JACQUIN (RUE),0,,2,4,0,1,(1),(1),1,, -1,1,0,1,50,13,12,1,10,10387,2,2,0,3,JACQUIN (RUE),48.3043,4.0828,14,5,2
202100011184,181Â 740,A01,1,1,1,9,2,0,-1,-1, -1,-1,2021,25.0,0,1,0,0,0,3,1,,1,A13,0,,-1,4,0,1,10,199,1,, -1,1,0,1,110,25,10,1,78,78126,1,1,0,5,A13,48.835703,2.129837,11,3,3
202100046968,117Â 826,B01,1,1,2,0,2,6,-1,-1, -1,-1,2021,48.0,2,1,0,2,0,0,1,,3,GENERAL LECLERC (AVENUE DU) 35/FIN - 60/,0,,3,7,0,1,0,0,1,, -1,1,0,1,50,23,3,1,92,92012,2,2,0,3,GENERAL LECLERC (AVENUE DU) 35/FIN - 60/,48.831914709,2.238201499,9,2,2
202100002389,197Â 512,B01,1,1,2,9,1,8,-1,0,0,-1,2021,23.0,2,2,0,2,1,1,1,,3,D68,0,,2,2,0,1,0,740,1,, -1,1,0,1,80,16,12,2,71,71118,1,1,0,1,D68,46.7868960281,4.7984995103,18,2,2
202100039579,130Â 840,B01,1,1,2,1,8,-1,-1,0,0,-1,2021,25.0,1,1,0,2,7,16,5,,4,,-1,,3,4,1,1,(1),(1),1,, -1,1,0,1,50,7,4,1,36,36044,2,3,0,3,Boulevard Arago,46.80495,1.68825,8,2,2
202100025262,156Â 499,B01,1,1,1,4,2,6,-1,-1, -1,-1,2021,48.0,0,1,0,2,2,0,1,,7,CD 3 (RUE ARISTIDE BRIAND),0,,2,3,0,1,57,500,1,, -1,1,0,1,50,30,9,1,76,76497,2,1,0,2,CD 3 (RUE ARISTIDE BRIAND),49.39523,1.024263,15,2,2
202100020395,165Â 181,A01,1,1,1,5,2,-1,-1,0,0,-1,2021,21.0,2,1,0,2,2,2,1,,3,535,-1,,2,2,0,1,10,75,1,, -1,1,0,1,80,7,9,1,43,43010,1,1,0,2,Route des Cimes,44.9719330498,3.9653534077,15,2,2
202100017333,170Â 669,A01,2,2,1,5,1,-1,-1,0,0,-1,2021,24.0,2,2,8,0,9,13,1,,3,887,-1,,2,2,0,2,(1),(1),1,, -1,1,0,3,80,22,9,3,29,29042,1,9,0,6,D887 - Kergoff Portsalut,48.247815,-4.399633,5,2,1
202100022954,160Â 593,B01,5,2,2,5,1,-1,-1,0,0,-1,2021,18.0,1,2,0,2,3,13,1,,4,,-1,,1,2,0,3,(1),(1),2,,7,1,0,1,50,22,8,1,29,29023,2,6,0,3,Croas Ar Mevel,48.656947,-3.919989,14,6,2
202100053979,105Â 263,B01,1,1,1,4,1,5,-1,-1, -1,-1,2021,56.0,2,2,0,2,2,1,1,,3,VANVES BOULEVARD NÂ° IMPAIRS,0,,2,2,0,1,0,0,1,, -1,2,0,1,50,23,1,1,92,92020,2,1,1,3,VANVES BOULEVARD NÂ° IMPAIRS,48.8073260467,2.2851279976,8,2,2
202100053928,105Â 351,A01,1,1,2,0,1,-1,-1,-1, -1,-1,2021,38.0,2,2,0,2,2,15,1,,4,,0,,2,2,0,1,(1),(1),1,, -1,2,0,1,50,22,1,2,69,69256,2,2,1,3,FRANKLIN ROOSEVELT (AV),45.7495931828,4.9338831177,17,3,2
202100012325,179Â 703,A01,2,2,1,5,8,-1,-1,0,0,-1,2021,67.0,1,2,0,2,1,2,1,,1,10,-1,,3,3,0,1,79,500,1,,"13,5",1,0,1,130,19,10,1,45,45008,1,1,0,2,A10,48.084218,1.851572,13,3,2
202100016435,172Â 256,A01,1,1,2,4,1,0,-1,-1, -1,-1,2021,29.0,2,2,0,2,6,2,1,,1,A4,0,,1,4,0,1,6,599,1,, -1,1,0,1,110,28,9,1,94,94042,1,1,0,3,A4,48.8273,2.4691,11,2,2
202100043084,124Â 664,A01,1,1,1,4,8,-1,-1,0,0,-1,2021,52.0,1,4,1,9,2,0,1,,1,10,-1,,2,5,0,1,163,967,1,, -1,1,2,2,130,23,4,3,41,41223,1,1,0,3,"Autoroute A10, Point kilomÃ©trique 160.350",47.616396,1.195579,3,2,2
202100000642,200Â 560,A01,10,3,1,0,0,-1,-1,3,3,1,2021,22.0,1,2,0,1,2,16,1,,4,35,-1,,-1,2,0,1,(1),(1),1,, -1,1,0,1,50,12,12,5,28,28088,2,1,0,3,35 Avenue du GÃ©nÃ©ral de Gaulle,48.0763633448,1.3487005234,19,2,1
202100026159,154Â 935,Z01,2,2,1,1,1,0,-1,0,0,-1,2021,31.0,1,2,0,2,3,2,1,,4,PLACE DE LA PORTE DE PASSY,0,,2,3,0,1,(1),(1),1,, -1,1,0,1,50,29,7,5,75,75116,2,7,0,2,PLACE DE LA PORTE DE PASSY,48.857675,2.263556,22,4,2
202100054102,105Â 039,A01,1,1,1,1,2,6,-1,0,0,-1,2021,19.0,2,1,0,0,1,1,1,,4,RUE DE TURBIGO,0,,1,3,0,1,(1),(1),1,, -1,1,0,1,30,22,1,5,75,75103,2,5,0,7,RUE DE TURBIGO,48.864836,2.35333,18,1,1
202100019311,167Â 109,B01,1,1,1,4,1,8,-1,-1, -1,-1,2021,33.0,2,2,0,2,4,2,1,,1,A104,0,,3,2,0,1,28,0,2,, -1,1,0,1,90,13,9,1,77,77121,1,1,0,2,A104,48.8366222215,2.6649838163,12,3,2
202100034158,140Â 703,A01,1,1,2,5,0,-1,-1,0,0,-1,2021,41.0,0,6,13,0,3,1,1,,4,,0,,2,1,0,1,0,0,1,,3,1,0,1,50,12,6,1,14,14504,2,1,0,6,Chemin des Cheminees,49.207669,0.331187,21,2,1
202100042567,125Â 540,B01,1,1,1,0,2,6,-1,-1, -1,-1,2021,21.0,1,1,0,2,3,3,1,,1,86,0,,1,2,0,1,2,400,1,, -1,1,0,1,90,26,4,1,92,92050,1,1,0,2,A86,48.9180852121,2.2229496253,7,2,2
202100046943,117Â 865,B01,1,1,1,9,2,6,-1,0,0,-1,2021,16.0,1,1,0,2,7,17,1,,2,JEAN JAURES ( AVENUE ),0,,2,2,0,1,38,800,1,, -1,1,0,1,50,22,3,1,5,5061,2,3,0,3,JEAN JAURES ( AVENUE ),44.55141,6.07044,14,2,2
202100050088,112Â 205,A01,1,1,1,1,1,0,-1,-1, -1,-1,2021,25.0,1,1,0,2,3,1,1,,4,DANJOU (RUE) 1/15 - 2/18 BIS,0,,1,1,0,1,0,0,1,, -1,1,8,1,50,25,2,5,92,92012,2,2,0,3,DANJOU (RUE) 1/15 - 2/18 BIS,48.8336223419,2.2479861975,21,2,2
202100031862,144Â 805,A01,1,1,1,9,2,0,-1,-1, -1,-1,2021,16.0,1,1,0,2,0,0,0,,3,HAUTMONT (RUE D'),0,,-1,0,0,1,1,0,1,, -1,1,0,1,50,28,6,5,59,59392,2,9,0,3,HAUTMONT (RUE D'),50.27694,3.9622,22,2,2
202100013414,177Â 754,A01,1,1,1,9,2,0,-1,-1, -1,-1,2021,47.0,0,1,0,2,1,1,5,,3,50,0,,-1,1,0,1,0,0,1,, -1,1,0,1,50,13,10,1,92,92046,2,3,0,3,PIERRE LAROUSSE (AVENUE),48.8195535467,2.3061525822,11,2,2
202100038535,132Â 760,A01,1,1,1,9,2,6,-1,-1, -1,-1,2021,18.0,3,1,0,2,1,15,1,,4,LA FONTAINE (R),0,,-1,3,0,1,1,0,2,, -1,2,0,1,50,24,5,1,94,94033,2,1,0,3,Rue la Fontaine,48.85805,2.493511,20,2,2
202100007280,188Â 738,A01,10,3,1,5,0,-1,-1,3,3,1,2021,89.0,0,5,0,1,8,15,1,,4,SEMARD PIERRE (RUE),0,,1,2,0,1,0,0,1,, -1,1,5,1,50,28,10,1,30,30189,2,2,0,6,SEMARD PIERRE (RUE),43.83918,4.36582,11,2,1
202100007411,188Â 510,B01,7,2,1,0,1,-1,-1,0,0,-1,2021,46.0,2,2,0,0,2,1,1,,3,415,-1,,2,2,0,1,34,600,1,, -1,2,0,1,80,20,11,3,68,68007,1,1,1,1,D415 PK 34+600,48.052956,7.449632,6,4,2
202100035594,138Â 096,B01,1,1,2,1,1,-1,-1,0,0,-1,2021,49.0,1,2,0,2,3,1,1,,4,,0,,2,2,0,1,(1),(1),1,,7,1,0,1,30,10,6,1,30,30256,2,1,0,6,1 Route de Barjac,44.184043,4.579684,18,2,2
202100017813,169Â 779,A01,10,3,1,5,0,-1,-1,3,3,1,2021,62.0,1,2,0,1,2,1,1,,4,SENETTE RUE DE LA,0,,2,2,0,1,(1),(1),1,, -1,2,0,1,50,20,9,3,78,78123,2,1,1,6,SENETTE RUE DE LA,48.938306,2.035625,6,2,1
202100017428,170Â 474,B01,4,2,2,9,1,0,-1,-1, -1,-1,2021,89.0,2,5,0,2,1,1,1,,3,RIVE (AVENUE DE LA) RD 1005,0,,2,2,0,1,28,300,1,, -1,1,0,1,80,22,9,1,74,74218,1,1,0,3,RIVE (AVENUE DE LA) RD 1005,46.39489,6.54995,14,5,2
202100052611,107Â 679,B01,1,1,1,0,2,-1,-1,0,0,-1,2021,44.0,1,1,0,2,1,1,1,,3,940,-1,,2,2,0,2,47,681,1,, -1,1,5,1,50,4,2,2,76,76255,2,3,0,3,D1015,50.05715,1.42134,17,2,2
202100038926,132Â 053,A01,1,1,1,5,2,6,-1,-1, -1,-1,2021,26.0,1,1,0,2,1,0,1,,7,AV DES ETATS UNIS,0,,2,4,0,1,18,1028,1,, -1,1,0,1,50,21,5,1,31,31555,2,9,0,3,AV DES ETATS UNIS,43.65876,1.41918,15,2,2
202100018207,169Â 063,B01,1,1,1,0,2,0,-1,-1, -1,-1,2021,32.0,2,1,0,2,7,1,1,,1,AUTOROUTE A6,0,,2,6,0,1,19,799,1,, -1,1,0,1,110,18,9,1,91,91687,1,1,0,3,AUTOROUTE A6,48.6636,2.36635,18,2,2
202100021082,163Â 973,A01,1,1,1,9,2,0,-1,0,0,-1,2021,35.0,1,1,0,2,7,1,1,,4,BOULEVARD DE LA COMMANDERIE,0,,2,4,0,1,(1),(1),3,, -1,1,0,1,30,3,9,1,75,75119,2,3,0,2,BOULEVARD DE LA COMMANDERIE,48.9016789513,2.3854727518,15,2,2
202100036614,136Â 260,A01,10,3,1,0,0,-1,-1,4,1,1,2021,83.0,1,2,0,1,1,15,1,,7,PILAT (PLACE),0,,-1,2,0,1,5,150,1,, -1,1,0,8,50,1,6,1,42,42218,2,4,1,6,Rue du Colonel Fabien,45.43456,4.43738,19,2,1
202100012771,178Â 893,B01,1,1,1,0,2,-1,-1,0,0,-1,2021,49.0,0,1,0,2,0,1,1,,9,,-1,,2,2,0,1,(1),(1),1,,4,1,0,8,50,14,10,2,69,69143,1,1,0,3,PARENTY (DE) (CHM),45.871317,4.846916,18,2,2
202100029691,148Â 726,B01,1,1,1,5,2,4,-1,0,0,-1,2021,68.0,1,1,0,2,3,2,5,,2,1029,0,A,3,4,2,2,4,500,1,, -1,1,2,5,70,11,7,1,76,76660,1,1,0,3,pont de normandie,49.4526208982,0.271359086,8,2,2
202100035316,138Â 582,Z01,1,1,1,5,2,0,-1,0,0,-1,2021,17.0,1,1,0,1,1,25,0,,4,RUE DU DOCTEUR BOURNEVILLE,0,,1,1,0,1,(1),(1),1,, -1,1,6,4,50,10,6,1,75,75113,2,1,0,6,RUE DU DOCTEUR BOURNEVILLE,48.818491,2.358504,11,2,1
202100002927,196Â 540,A01,1,1,1,9,2,0,-1,-1, -1,-1,2021,59.0,1,1,0,0,0,26,1,,3,HUGO VICTOR RUE,0,,2,2,0,1,4,200,1,, -1,1,0,1,50,14,12,1,49,49246,2,1,0,7,HUGO VICTOR RUE,47.4303333904,-0.5280690194,11,1,1
202100002303,197Â 674,B01,1,1,1,9,1,-1,-1,0,0,-1,2021,65.0,1,2,3,0,6,1,1,,2,84,0,,3,4,0,1,48,975,1,, -1,1,0,1,130,19,12,3,50,50407,1,1,0,2,,48.635809,-1.341169,23,4,2
202100052687,107Â 553,B01,2,2,2,5,2,6,-1,0,0,-1,2021,45.0,2,1,0,2,2,3,1,,4,QUAI D IVRY,0,,1,4,0,1,0,300,1,, -1,1,0,1,70,1,2,5,75,75113,2,1,0,3,QUAI D IVRY,48.825675,2.386693,18,3,2
202100047270,117Â 267,A01,1,1,1,4,2,6,-1,-1, -1,-1,2021,41.0,1,1,0,2,7,25,1,,4,,0,,1,1,1,1,0,0,1,, -1,1,0,4,50,20,3,1,92,92012,2,1,0,3,AGUESSEAU (RUE D') 1/89 - 2/82,48.8440592348,2.2364607453,8,2,2
202100011925,180Â 408,A01,10,3,1,9,0,-1,-1,6,6,1,2021,44.0,2,2,0,1,1,1,1,,3,D1250,0,,2,2,2,1,12,160,1,, -1,1,0,3,50,20,10,5,33,33122,2,1,0,6,20 Avenue du MarÃ©chal de Lattre de Tassigny,44.781278,-0.691101,20,2,1
202100018156,169Â 159,A01,1,1,2,5,1,5,-1,-1, -1,-1,2021,23.0,1,2,13,0,9,0,1,,2,09 PK RN237 MOULIN JUSTICE RE,0,,1,6,0,1,5,567,3,, -1,2,3,1,90,18,9,3,17,17300,1,1,1,6,09 PK RN237 MOULIN JUSTICE RE,46.17239,-1.18512,6,1,1
202100007500,188Â 351,A01,1,1,1,5,1,-1,-1,0,0,-1,2021,88.0,2,2,0,2,1,13,1,,3,10,-1,,2,2,0,1,7,750,1,, -1,1,0,1,50,19,11,2,64,64256,2,1,0,1,D10,43.38903,-1.295929,18,2,2
202100024710,157Â 475,A01,1,1,1,5,2,8,-1,-1, -1,-1,2021,37.0,3,1,0,2,1,17,1,,4,MACE (ROUTE GABRIEL),0,,2,2,0,2,0,0,1,, -1,1,0,1,50,10,8,1,974,97411,2,1,0,3,MACE (ROUTE GABRIEL),-20.9072,55.50393,15,2,2
202100016648,171Â 874,A01,2,2,2,5,1,-1,-1,-1, -1,-1,2021,84.0,2,2,0,2,1,1,1,,2,PORTE DE NORMANDIE,0,,3,4,0,1,25,570,1,, -1,1,0,1,90,26,9,1,35,35051,1,1,0,2,PORTE DE NORMANDIE,48.14998,-1.60704,15,3,2
202100011456,181Â 242,B01,1,1,1,5,2,6,-1,0,0,-1,2021,62.0,2,1,0,2,2,1,1,,3,2,-1,,2,2,0,1,29,500,1,, -1,1,0,1,80,24,10,1,82,82117,1,3,0,3,Cap de Montsembosc,44.322417,1.052987,12,2,2
202100007206,188Â 874,A01,1,1,1,5,2,0,-1,-1, -1,-1,2021,20.0,2,1,11,0,3,13,1,,3,BAYONNE (AVENUE DE),0,,2,3,3,1,9,700,1,, -1,1,0,1,50,19,11,4,64,64024,2,1,0,6,BAYONNE (AVENUE DE),43.4805,-1.51448,2,1,1
202100009912,183Â 974,A01,1,1,1,5,8,-1,-1,-1, -1,-1,2021,30.0,1,2,1,0,2,14,0,,4,CORDOUAN (AVENUE DE),0,,2,2,0,1,(1),(1),1,, -1,1,0,1,50,31,10,5,17,17333,2,9,0,6,CORDOUAN (AVENUE DE),45.609558,-1.00264,2,1,1
202100051261,110Â 053,B01,1,1,1,1,2,0,-1,-1, -1,-1,2021,33.0,1,1,0,2,1,1,1,,7,ROUTE DE GENEVE                     (RO),0,,2,4,2,1,2,550,1,, -1,1,0,1,50,16,2,2,69,69286,2,3,0,3,ROUTE DE GENEVE (RTE),45.80801,4.91097,6,2,2
202100009442,184Â 821,B01,1,1,1,0,2,8,-1,-1, -1,-1,2021,17.0,1,1,0,2,7,17,1,,3,AVENUE DE LA REPUBLIQUE,0,,2,2,0,1,28,0,1,, -1,1,0,1,50,11,10,1,28,28220,2,1,0,3,AVENUE DE LA REPUBLIQUE,48.41813,1.46573,18,2,2
202100010259,183Â 368,A01,3,2,2,5,8,-1,-1,-1,0,-1,2021,21.0,1,2,4,0,7,17,1,,1,AUTOROUTE A15,0,,-1,6,0,1,8,399,3,, -1,1,0,2,110,30,10,3,95,95582,1,1,0,6,A15,48.96595,2.25859,1,5,1
202100012395,179Â 553,A01,1,1,1,0,2,6,-1,-1, -1,-1,2021,21.0,3,1,0,2,1,2,1,,4,RUE ANDRE CHERMETTE,0,,2,2,0,1,0,0,1,, -1,1,0,1,50,18,10,1,91,91347,2,1,0,5,RUE ANDRE CHERMETTE,48.652439,2.278158,8,3,3
202100028515,150Â 743,B01,1,1,1,5,2,6,-1,0,0,-1,2021,20.0,1,1,0,2,7,17,1,,3,1504,0,,2,2,0,2,17,200,3,, -1,1,0,1,80,16,7,1,1,1279,1,1,0,3,D1504,45.945935,5.479447,16,2,2
202100027029,153Â 402,A01,1,1,1,1,2,6,9,0,0,-1,2021,46.0,1,1,3,2,8,0,1,,3,,-1,,2,1,0,2,67,245,1,,4,1,0,3,80,26,7,1,76,76533,1,1,0,6,route des falaises,49.495936,0.258844,15,2,2
202100028185,151Â 316,B01,1,1,2,5,8,0,-1,-1, -1,-1,2021,13.0,2,1,0,2,1,19,5,,3,913,0,,3,5,0,1,0,0,1,, -1,1,5,1,50,16,7,1,92,92063,2,3,0,3,BONAPARTE (AVENUE NAPOLEON) SUD,48.8773746323,2.1734623611,19,2,2
202100006992,189Â 260,A01,1,1,2,5,1,0,-1,-1, -1,-1,2021,23.0,2,2,0,2,6,1,1,,1,A86.EXT,0,,3,6,0,1,32,500,2,, -1,2,1,1,70,21,11,1,94,94052,1,1,1,2,A86.EXT,48.83125,2.49191,14,2,2
202100010999,182Â 065,A01,1,1,1,5,2,6,-1,0,0,-1,2021,19.0,3,1,0,2,2,1,1,,3,570,-1,N,1,2,0,1,(1),(1),2,, -1,1,5,1,-1,26,10,1,13,13094,1,6,0,3,Laurade,43.792047,4.711901,15,2,2
202100028500,150Â 770,B01,1,1,1,9,2,0,-1,0,0,-1,2021,39.0,1,0,0,2,0,1,3,,4,RUE BALLU,0,,2,2,0,1,(1),(1),1,, -1,1,0,1,30,17,7,1,75,75109,2,1,0,3,RUE BALLU,48.882071,2.329383,10,3,2
202100019234,167Â 251,A01,1,1,1,0,2,6,-1,-1, -1,-1,2021,30.0,1,1,0,2,1,9,1,,3,992,0,,3,4,0,1,0,0,1,, -1,1,0,1,50,13,9,1,92,92026,2,1,0,2,MISSION MARCHAND (COTE PAIR),48.8960697053,2.240434438,18,2,2
202100053773,105Â 627,A01,1,1,1,5,1,-1,-1,0,0,-1,2021,72.0,2,2,0,0,0,2,1,,3,74,0,,2,2,0,1,6,90,1,, -1,1,0,3,50,25,1,1,86,86224,2,1,0,7,Rue Philadelphe Aubert,46.90663,0.404364,15,1,1
202100052601,107Â 700,A01,10,3,1,3,0,-1,-1,3,3,1,2021,67.0,2,2,0,1,2,1,1,,3,1083,0,,2,1,0,1,20,648,1,, -1,1,0,1,50,4,2,5,1,1443,2,1,0,6,dÃ©partementale 1083,46.006173,5.033809,17,2,1
202100005959,191Â 144,B01,2,2,2,0,1,-1,-1,-1, -1,-1,2021,21.0,1,2,0,2,4,1,1,,4,D1215,0,,3,2,0,1,(1),(1),1,, -1,2,0,1,90,26,11,1,33,33162,2,1,1,4,Route de lacanau,44.87331,-0.65885,15,5,4
202100020985,164Â 154,B01,1,1,2,1,1,-1,-1,-1,0,-1,2021,42.0,2,2,0,2,4,2,1,,1,AUTOROUTE A15,0,,3,6,0,1,8,199,1,, -1,1,0,1,110,3,9,1,95,95582,1,1,0,2,A15,48.96498,2.26108,8,2,2
202100020948,164Â 217,B01,2,2,2,5,1,-1,-1,0,0,-1,2021,12.0,1,2,3,0,4,2,1,,1,2,0,A,3,4,0,1,36,0,1,, -1,1,0,1,130,27,8,1,59,59167,1,1,0,6,A2 PK 36.000 sens BRUXELLES-PARIS,50.2200173273,3.2473061,13,3,2
202100052807,107Â 330,A01,1,1,1,1,2,0,-1,-1, -1,-1,2021,31.0,2,1,0,2,3,17,1,,4,AV DU GENERAL GALLIENI ,0,,2,4,1,1,1,0,1,, -1,1,0,1,50,2,2,5,94,94042,2,3,0,3,GENERAL GALLIENI (AV DU),48.82006,2.47844,20,2,2
202100036866,135Â 800,A01,10,3,1,1,0,-1,-1,1,3,1,2021,62.0,1,2,0,1,4,20,0,,4,RENARD (RUE EDOUARD),0,,2,2,0,1,80,0,1,, -1,1,0,8,50,2,6,1,93,93008,2,1,0,6,RENARD (RUE EDOUARD),48.91533,2.41335,8,2,1
202100021351,163Â 489,A01,1,1,1,5,2,6,-1,0,0,-1,2021,14.0,3,1,0,2,1,2,1,,3,D525,-1,,2,2,0,1,0,200,1,, -1,1,0,1,50,2,9,1,38,38006,2,1,0,2,20 boulevard Jules Ferry,45.390908,6.070805,14,3,2
202100009999,183Â 825,B01,1,1,1,0,2,8,-1,-1, -1,-1,2021,47.0,2,1,0,2,1,17,1,,2,PALAIS ROYAL,0,,2,2,0,1,(1),(1),2,, -1,1,0,1,70,31,10,3,971,97101,1,3,0,3,PALAIS ROYAL,16.2996,-61.49117,19,2,2
202100025196,156Â 626,B01,1,1,1,0,0,-1,-1,0,0,-1,2021,49.0,2,1,0,2,1,1,5,,3,900,-1,,4,2,0,1,(1),(1),1,, -1,1,0,1,50,6,8,1,50,50267,2,6,0,3,Rue de la Sainte Croix,49.21765,-1.531525,18,2,2
202100014667,175Â 499,A01,10,3,1,1,0,-1,-1,3,3,1,2021,32.0,3,5,0,1,2,1,1,,4,,-1,,2,1,0,2,(1),(1),1,,3,1,0,1,50,6,10,1,35,35236,2,1,0,6,16 Rue de Normandie,47.662649,-2.069694,8,2,1
202100015379,174Â 217,B01,1,1,2,5,1,-1,-1,0,0,-1,2021,29.0,2,2,10,2,4,11,1,,1,4,-1,,3,4,0,1,283,0,1,, -1,1,0,1,130,24,8,1,54,54408,1,1,0,2,AUTOROUTE A4 ,49.1695553201,5.7545614244,14,3,2
202100032316,143Â 994,A01,10,3,1,1,0,-1,-1,3,3,1,2021,45.0,2,1,0,1,3,7,1,,4,AVENUE DE FLANDRE,0,,3,3,3,1,(1),(1),1,, -1,1,0,6,50,25,6,1,75,75119,2,1,0,6,AVENUE DE FLANDRE,48.885017,2.369659,12,2,1
202100014613,175Â 594,B01,1,1,1,0,2,6,-1,-1, -1,-1,2021,38.0,3,1,0,2,0,0,1,,4,MONTBOUCONS CHEMIN DES,0,,1,1,0,1,(1),(1),1,, -1,1,9,1,50,7,10,1,25,25056,2,1,0,3,MONTBOUCONS CHEMIN DES,47.255742,5.994008,16,2,2
202100023999,158Â 741,A01,10,3,1,4,0,-1,-1,2,9,2,2021,49.0,1,1,0,1,1,21,1,,7,MARINE (BOULEVARD DE LA),0,,2,2,0,1,9,600,1,, -1,1,0,1,50,15,8,1,83,83069,2,1,0,6,MARINE (BOULEVARD DE LA),43.093275,6.163566,18,2,1
202100040904,128Â 511,B01,1,1,1,5,1,0,-1,0,0,-1,2021,86.0,1,2,0,2,8,1,1,,4,SAPINIERE (RUE DE LA),0,,2,3,0,1,(1),(1),1,, -1,1,0,1,50,6,5,1,54,54304,2,2,0,3,SAPINIERE (RUE DE LA),48.6933,6.1281,8,3,2
202100053280,106Â 496,A01,7,2,1,5,1,-1,-1,0,0,-1,2021,21.0,3,2,2,0,1,1,1,,4,0,0,A,2,2,0,1,0,0,1,, -1,2,0,3,50,23,1,1,83,83140,1,1,1,6,Chemin de la Menuguette,43.415746,5.928717,16,3,1
202100038240,133Â 289,A01,1,1,1,0,2,6,-1,-1, -1,-1,2021,28.0,1,1,0,2,1,17,1,,4,,0,,2,2,0,1,0,0,1,, -1,1,0,1,50,25,5,1,92,92050,2,1,0,3,GARCHES RUE DE,48.8780601385,2.2050662526,14,2,2