Num_Acc,id_vehicule,num_veh,place,catu,sexe,trajet,secu1,secu2,secu3,locp,actp,etatp,year_acc,victim_age,senc,catv,obs,obsm,choc,manv,motor,occutc,catr,voie,v1,v2,circ,nbv,vosp,prof,pr,pr1,plan,lartpc,larrout,surf,infra,situ,vma,jour,mois,lum,dep,com,agg_,int,atm,col,adr,lat,long,hour,nb_victim,nb_vehicules
202100042909,124Â 968,B01,1,1,1,1,8,0,-1,0,0,-1,2021,35.0,1,1,0,2,5,19,3,,4,RUE ORDENER,0,,2,2,1,1,(1),(1),1,, -1,1,0,1,50,23,4,1,75,75118,2,2,0,3,RUE ORDENER,48.8931,2.340213,14,2,2
202100043771,123Â 447,B01,1,1,1,4,2,0,-1,-1, -1,-1,2021,29.0,2,1,0,2,8,1,1,,4,ARMORIQUE (BD D'),0,,-1,6,0,1,(1),(1),1,, -1,1,5,1,50,16,4,1,35,35238,2,2,0,3,ARMORIQUE (BD D'),48.1285,-1.6641,19,3,2
202100047743,116Â 409,B01,1,1,1,5,2,6,-1,-1, -1,-1,2021,30.0,2,1,0,2,1,1,5,,4,MAGINOT (AV. ANDRE),0,,2,3,1,1,(1),(1),1,, -1,1,0,5,50,6,3,1,37,37261,2,1,0,6,MAGINOT (AV. ANDRE),47.4223848961,0.6967928412,9,2,2
202100032996,142Â 767,B01,1,1,1,0,2,6,-1,-1, -1,-1,2021,26.0,2,1,0,2,5,1,1,,1,A13,0,,3,3,0,1,10,199,1,, -1,1,0,1,110,21,6,1,78,78126,1,1,0,3,A13,48.835687,2.129683,9,2,2
202100055113,103Â 299,A01,1,1,1,1,1,-1,-1,0,0,-1,2021,50.0,2,5,0,2,1,2,1,,1,87,-1,,3,4,0,1,92,0,1,, -1,2,2,2,130,13,1,3,85,85084,1,1,0,2,A87 PK092+000,46.81146,-1.19986,19,2,2
202100039640,130Â 735,A01,1,1,1,1,2,-1,-1,0,0,-1,2021,44.0,0,1,2,0,1,0,1,,3,37,0,D,2,2,0,1,5,915,1,, -1,2,0,1,80,17,5,3,89,89332,1,1,1,6,D37,48.308117,3.071753,6,1,1
202100051051,110Â 421,A01,10,3,2,0,0,-1,-1,5,B,1,2021,50.0,3,2,0,1,4,20,1,,4,ARTILLEURS,0,,2,2,0,1,1,0,1,, -1,2,0,6,50,18,2,1,49,49007,2,1,0,2,ARTILLEURS,47.4936938918,-0.5735515058,8,2,1
202100000829,200Â 245,A01,10,3,1,5,0,-1,-1,3,5,1,2021,63.0,2,2,0,1,2,15,1,,4,DURAN (CHEMIN DE),0,,2,2,0,1,0,0,1,, -1,1,0,1,50,16,12,1,32,32013,2,1,0,7,DURAN (CHEMIN DE),43.65726,0.58586,12,2,1
202100031416,145Â 591,A01,1,1,1,4,2,6,-1,0,0,-1,2021,37.0,2,1,0,2,2,3,1,,4,PORTE D AUBERVILLIERS,0,,1,4,0,1,24,200,1,, -1,1,0,1,70,30,6,1,75,75119,2,1,0,3,PORTE D AUBERVILLIERS,48.900479,2.37528,16,2,2
202100015500,173Â 997,A01,1,1,2,0,1,0,-1,-1, -1,-1,2021,30.0,1,2,0,2,4,1,1,,3,AV DE VERDUN,0,,2,2,0,1,0,0,1,, -1,2,0,1,50,1,10,1,91,91479,2,3,1,2,AV DE VERDUN,48.705624,2.357123,18,2,2
202100018750,168Â 126,A01,1,1,2,1,8,-1,-1,-1, -1,-1,2021,43.0,1,2,8,0,1,13,1,,4,BELLEROCHE (rue de),0,,2,2,0,4,(1),(1),1,, -1,2,0,4,50,15,9,5,69,69264,2,6,1,6,BELLEROCHE (DE) (R),45.98258,4.709,20,1,1
202100013118,178Â 296,A01,1,1,1,1,2,6,-1,-1, -1,-1,2021,33.0,2,1,0,2,1,2,1,,3,MARCEL BOYER (QU),0,,-1,2,0,1,1,0,1,, -1,1,0,1,50,15,10,5,94,94041,2,1,0,3,Quai Marcel Boyer,48.824453,2.39005,20,2,2
202100010407,183Â 115,A01,1,1,1,5,1,-1,-1,0,0,-1,2021,24.0,1,2,14,0,9,13,1,,3,1082,0,,2,2,0,2,78,450,2,, -1,2,0,3,80,30,10,3,42,42172,1,1,1,6,Route de Bourg-Argental,45.3795341162,4.4397651988,6,1,1
202100043970,123Â 084,A01,1,1,1,5,2,6,-1,0,0,-1,2021,15.0,2,1,0,2,1,21,1,,3,211,-1,,2,2,0,2,14,830,1,, -1,1,0,1,50,15,4,1,73,73164,2,9,0,3,D211 route de lachat,45.724802,5.984952,16,2,2
202100001610,198Â 919,B01,2,1,1,0,2,6,-1,-1, -1,-1,2021,28.0,1,1,0,2,1,0,1,,7,OLIVES (AVENUE DES),0,,2,3,0,1,0,0,1,, -1,1,0,1,50,23,12,5,13,13213,2,1,0,3,OLIVES (AVENUE DES),43.32907,5.43102,18,2,2
202100035882,137Â 549,A01,2,2,1,0,1,0,-1,-1, -1,-1,2021,34.0,2,2,0,2,1,17,1,,3,LAUTREC RD 83 ( AVENUE DE),0,,2,2,0,1,3,462,1,, -1,1,0,1,50,7,6,1,81,81065,2,1,0,3,LAUTREC RD 83 ( AVENUE DE),43.62421,2.21417,19,3,2
202100040126,129Â 877,B01,1,1,1,5,2,6,-1,0,0,-1,2021,25.0,1,1,0,2,1,1,1,,3,69,0,D,2,2,0,1,9,52,1,, -1,2,0,1,90,11,5,1,72,72237,1,2,1,3,D69,47.929657,-0.08199,19,2,2
202100007213,188Â 861,B01,1,1,1,0,1,0,-1,0,0,-1,2021,34.0,3,2,0,2,9,1,1,,7,L INDUSTRIE (RUE DE),0,,2,2,0,1,(1),(1),1,, -1,1,0,1,50,17,11,2,63,63164,2,1,0,4,L INDUSTRIE (RUE DE),45.82252,3.13895,17,3,3
202100044617,121Â 968,A01,1,1,1,5,2,0,-1,-1, -1,-1,2021,33.0,2,1,0,2,1,1,1,,3,GENERAL LECLERC (AV.) (1 A 55BIS - 2 A 4,0,,1,2,1,3,0,0,1,, -1,2,0,1,50,9,4,5,92,92014,2,2,1,3,GENERAL LECLERC (AV.) (1 A 55BIS - 2 A 4,48.7842501022,2.3172459487,20,2,2
202100025253,156Â 517,A01,10,3,2,0,0,-1,-1,2,3,1,2021,43.0,1,2,0,1,2,9,1,,3,167,0,,3,2,0,1,0,0,1,, -1,1,0,6,50,6,8,1,91,91589,2,1,0,6,RUE LOUIS JACQUES MEZARD,48.676333,2.353224,6,2,1
202100008617,186Â 337,B01,1,1,1,0,2,6,-1,-1, -1,-1,2021,56.0,2,1,4,0,3,7,1,,3,PARC (RUE DU),0,,3,4,3,1,0,1,1,, -1,1,0,1,50,10,11,1,93,93053,2,1,0,3,PARC (RUE DU),48.89546,2.44354,14,2,2
202100034567,139Â 930,B01,1,1,1,5,0,-1,-1,0,0,-1,2021,51.0,2,1,0,2,4,1,5,,4,FERDINAND BUISSON                   (AV),0,,1,1,0,1,(1),(1),3,, -1,1,9,1,50,13,6,1,69,69029,2,3,0,2,FERDINAND BUISSON (AV),45.73866,4.91716,17,4,2
202100037241,135Â 113,B01,1,1,1,0,1,0,-1,-1, -1,-1,2021,49.0,1,2,0,0,4,23,1,,3,GROS MOULIN (RUE DU),0,,2,2,0,1,5,930,1,, -1,1,0,1,50,29,5,1,45,45004,2,3,0,2,Rue du Gros Moulin,47.96484,2.77946,11,2,2
202100023478,159Â 659,A01,1,1,2,0,1,-1,-1,0,0,-1,2021,27.0,1,2,0,2,1,1,1,,2,5,-1,,2,2,0,2,(1),(1),2,, -1,1,0,1,50,18,8,1,972,97217,1,1,0,1,Pointe BorgnÃ¨se (Informations),14.455105,-60.903536,6,2,2
202100003463,195Â 560,B01,1,1,1,5,1,-1,-1,0,0,-1,2021,84.0,1,2,0,2,2,9,1,,3,10,-1,,2,2,0,1,3,636,1,,"5,5",1,0,1,90,12,12,3,61,61118,1,2,0,3,D10,48.470531,0.645361,17,2,2
202100011800,180Â 624,A01,1,1,1,5,1,8,-1,-1, -1,-1,2021,64.0,1,2,0,2,1,13,1,,3,LIBERATION ( AV. DE LA ),0,,2,2,0,1,94,242,2,, -1,1,0,1,50,19,10,1,56,56083,2,1,0,1,LIBERATION ( AV. DE LA ),47.8042308,-3.268971,14,2,2
202100010417,183Â 101,A01,1,1,2,5,8,-1,-1,0,0,-1,2021,61.0,2,2,16,0,0,21,1,,3,908,0,,2,2,0,1,22,90,1,, -1,1,0,8,80,29,10,1,4,4219,1,1,0,7,RD 908,44.0560785193,6.5786862373,15,1,1
202100040092,129Â 929,A01,5,2,1,9,0,-1,-1,0,0,-1,2021,42.0,3,4,16,0,2,1,1,,4,,0,,2,1,0,2,0,0,3,,4,1,0,1,50,13,5,1,55,55579,2,1,0,7,Chemin de la Tonne,49.135599,5.541615,15,2,1
202100004117,194Â 381,B01,1,1,1,5,2,6,-1,0,0,-1,2021,20.0,1,1,0,2,8,11,1,,4,QUAI D ISSY LES MOULINEAUX,0,,2,4,0,1,(1),(1),1,, -1,1,0,1,30,1,12,5,75,75115,2,4,0,2,QUAI D ISSY LES MOULINEAUX,48.834582,2.265672,0,2,2
202100013836,176Â 962,A01,1,1,1,0,1,-1,-1,-1, -1,-1,2021,59.0,3,5,1,0,0,0,1,,4,RENE BAZILLE,0,,2,1,0,1,0,0,1,, -1,1,0,1,50,8,10,1,76,76351,2,1,0,6,RENE BAZILLE,49.50609,0.12332,18,1,1
202100028847,150Â 154,A01,10,3,2,0,0,-1,-1,4,3,1,2021,88.0,1,1,0,1,7,21,1,,3,,0,,2,2,0,1,19,241,1,, -1,1,0,1,50,14,7,1,6,6155,2,1,0,6,LIBERTE AV.DE LA,43.572119,7.084136,8,2,1
202100025222,156Â 580,B01,2,2,2,3,1,-1,-1,-1, -1,-1,2021,28.0,1,2,13,2,1,17,1,,3,,0,R,2,2,0,1,40,740,1,, -1,1,0,1,80,8,8,1,85,85178,1,2,0,2,L ArnaudiÃ¨re,46.77124,-1.448725,11,3,2
202100040729,128Â 805,B01,1,1,1,0,1,8,-1,-1, -1,-1,2021,70.0,2,2,0,0,6,2,1,,2,4,0,,2,2,0,1,0,0,1,, -1,1,0,1,70,8,5,1,77,77373,1,1,0,5,RN 4,48.77401,2.61139,18,3,3
202100025649,155Â 835,B01,1,1,1,5,1,-1,-1,0,0,-1,2021,60.0,1,2,0,2,3,1,1,,2,40,0,T,2,2,0,2,95,400,3,, -1,2,0,1,80,1,8,1,201,201272,1,1,0,5,RT 40,41.505147,8.950446,18,4,3
202100045333,120Â 706,A01,1,1,1,0,1,-1,-1,-1, -1,-1,2021,24.0,2,2,3,0,1,14,1,,2,ROUTE NATIONALE 230,0,,3,6,0,2,38,500,3,, -1,1,0,1,90,3,4,5,33,33167,1,1,0,6,,44.83378,-0.500296,4,1,1
202100010078,183Â 684,A01,1,1,1,5,2,-1,-1,0,0,-1,2021,19.0,1,1,1,0,1,1,1,,3,121,0,E,2,2,0,1,0,237,1,, -1,1,0,4,50,31,10,1,3,3264,1,1,0,6,30 Avenue des Sources,46.063847,3.45706,17,1,1
202100014874,175Â 126,B01,1,1,1,1,2,0,-1,-1, -1,-1,2021,39.0,2,1,0,2,2,0,1,,3,DIVISION LECLERC (53 A 217 - 58 A 186),0,,3,4,0,1,0,0,1,, -1,1,0,1,50,6,10,2,92,92002,2,3,0,3,DIVISION LECLERC (53 A 217 - 58 A 186),48.7468308337,2.303684871,8,2,2
202100021853,162Â 568,B01,1,1,1,5,2,5,-1,0,0,-1,2021,66.0,1,1,0,2,1,1,1,,3,32,-1,D,2,2,0,1,22,629,1,, -1,1,0,1,80,29,8,1,34,34010,1,2,0,1,D32,43.670914,3.569763,11,2,2
202100047434,116Â 979,B01,1,1,1,5,0,-1,-1,0,0,-1,2021,79.0,3,1,0,2,6,9,5,,4,,0,,3,2,0,1,(1),(1),1,, -1,1,0,1,50,19,3,1,85,85114,2,6,0,1,Rue de la Tourette/Rue de la Perpoise,46.41891,-1.58289,13,2,2
202100007871,187Â 671,A01,1,1,1,1,1,0,-1,-1, -1,-1,2021,33.0,1,2,0,2,3,9,1,,3,LECLERC (AVENU DE LA DIVISION),0,,1,2,0,1,0,1,1,, -1,1,0,1,50,16,11,1,93,93013,2,2,0,3,LECLERC (AVENU DE LA DIVISION),48.9382490268,2.4289973162,9,2,2
202100018449,168Â 652,A01,2,2,2,5,1,-1,-1,0,0,-1,2021,19.0,1,2,13,0,3,1,1,,3,559,0,,2,2,0,1,60,300,3,, -1,1,0,3,50,18,9,1,83,83070,1,1,1,6,d559,43.1496323323,6.4066427671,8,2,1
202100016917,171Â 381,A01,2,2,1,5,8,0,-1,-1, -1,-1,2021,29.0,1,1,0,2,1,19,3,,4,CARDURAND (RUE DE) DU 82 AU 126 - DU 57,0,,2,2,0,1,(1),(1),1,, -1,1,0,1,30,22,9,1,44,44184,2,2,0,3,CARDURAND (RUE DE) DU 82 AU 126 - DU 57,47.28345,-2.21126,11,3,2
202100032339,143Â 952,A01,1,1,1,0,2,6,-1,-1, -1,-1,2021,49.0,0,1,0,2,1,1,3,,3,FFI (ALL DES),0,,2,2,0,1,0,0,3,, -1,2,0,1,50,25,6,1,94,94004,2,1,1,3,FFI (ALL DES),48.75658,2.50727,18,2,2
202100005647,191Â 694,B01,1,1,1,9,8,0,-1,0,0,-1,2021,23.0,1,1,0,2,1,1,3,,4,RUE ALIBERT,0,,2,1,0,2,(1),(1),1,, -1,1,0,1,30,29,11,1,75,75110,2,5,0,3,RUE ALIBERT,48.871739,2.367918,8,2,2
202100026632,154Â 104,B01,1,1,2,0,1,8,-1,0,0,-1,2021,23.0,2,2,0,2,4,2,1,,3,MONTCENIS (ROUTE DE),0,,2,2,0,1,2,60,1,, -1,1,0,1,50,26,7,1,71,71153,2,1,0,5,29 Route de Montcenis,46.8010485263,4.4120175909,17,3,3
202100008588,186Â 379,A01,1,1,1,4,2,8,-1,0,0,-1,2021,56.0,2,1,0,2,3,3,1,,4,PORTE DE CLIGNANCOURT,0,,1,4,0,1,22,500,1,, -1,1,0,1,70,10,11,2,75,75118,2,1,0,4,PORTE DE CLIGNANCOURT,48.901236,2.352112,17,3,3
202100038898,132Â 101,A01,1,1,1,0,1,-1,-1,0,0,-1,2021,28.0,0,2,0,0,2,1,1,,4,FONTAINE BERTRICOURT (RUE DE LA ),0,,2,2,0,1,(1),(1),2,, -1,1,0,1,50,19,5,2,80,80021,2,1,0,7,FONTAINE BERTRICOURT (RUE DE LA ),49.92218,2.26988,21,1,1
202100056035,101Â 725,B01,1,1,1,1,1,0,-1,0,0,-1,2021,41.0,0,2,1,2,4,23,1,,4,LYONS. ROUTE DE (BRETELLE C),0,,1,2,0,1,(1),(1),1,, -1,1,-1,1,30,11,2,2,76,76540,2,1,0,2,Rue Dufay,49.4243017981,1.0757777095,6,2,2
202100056421,101Â 046,A01,10,3,2,5,0,-1,-1,4,3,1,2021,59.0,1,5,0,1,2,1,1,,4,AVENUE THEOPHILE GAUTIER,0,,2,2,0,1,(1),(1),1,, -1,1,0,1,50,2,1,1,75,75116,2,2,0,6,AVENUE THEOPHILE GAUTIER,48.848221,2.269886,12,2,1
202100055803,102Â 119,B01,1,1,1,0,2,4,-1,-1, -1,-1,2021,29.0,1,1,0,2,0,1,5,,7,RD POINT GASCOGNE,0,,1,2,0,1,0,1028,2,, -1,1,0,1,50,8,1,2,31,31149,2,1,0,2,Rond-point de Gascogne,43.60859,1.3268,8,2,2
202100001273,199Â 485,A01,3,2,2,0,1,-1,-1,-1, -1,-1,2021,74.0,3,2,0,2,4,23,1,,4,AMBROISE PARE                       (BD),0,,2,2,2,1,(1),(1),1,, -1,1,0,1,50,26,12,1,69,69388,2,9,0,2,AMBROISE PARE (BD),45.73534,4.88262,14,4,2
202100023918,158Â 880,B01,1,1,1,5,1,0,-1,-1, -1,-1,2021,32.0,3,2,0,2,2,9,1,,3,JOFFRE (AVENUE),0,,2,2,0,1,0,0,1,, -1,1,0,1,50,16,8,1,93,93033,2,3,0,3,JOFFRE (AVENUE),48.8622,2.57861,9,2,2
202100025576,155Â 957,A01,10,3,1,3,0,-1,-1,3,3,1,2021,61.0,1,2,0,1,1,19,1,,4,LORION (RUE LUC),0,,1,2,0,4,0,0,1,, -1,1,0,1,30,3,8,1,974,97416,2,1,0,6,LORION (RUE LUC),-21.33126,55.47212,10,2,1
202100029348,149Â 309,A01,1,1,1,0,2,6,-1,-1, -1,-1,2021,29.0,1,1,0,0,0,1,1,,4,,0,,2,2,0,1,0,0,3,, -1,1,5,1,30,11,7,5,92,92024,2,6,0,7,CLAUDE DEBUSSY (AVENUE),48.9103698909,2.312938571,21,1,1
202100018407,168Â 723,B01,2,2,2,9,2,6,-1,0,0,-1,2021,18.0,1,1,0,2,3,16,1,,4,BOULEVARD PONIATOWSKI,0,,2,4,0,1,(1),(1),1,, -1,1,5,1,30,17,9,1,75,75112,2,2,0,3,BOULEVARD PONIATOWSKI,48.831658,2.397861,17,3,2
202100029514,149Â 041,A01,1,1,1,0,1,-1,-1,0,0,-1,2021,21.0,1,2,0,2,1,13,1,,3,982,0,,2,2,0,1,15,800,4,, -1,2,2,1,70,12,7,1,8,8406,1,1,1,1,D982,49.373935,4.708393,13,2,2
202100032653,143Â 400,B01,1,1,1,5,2,6,-1,-1, -1,-1,2021,34.0,2,1,0,2,4,2,1,,7,BOISGUILBERT. QUAI DE,0,,1,5,0,1,14,900,1,, -1,1,0,1,50,23,6,2,76,76540,2,1,0,2,BOISGUILBERT. QUAI DE,49.44083,1.08166,21,3,2
202100053886,105Â 427,A01,1,1,1,4,0,-1,-1,0,0,-1,2021,58.0,2,4,6,0,2,2,1,,3,35,0,D,2,2,0,2,19,650,2,, -1,2,0,1,50,25,1,1,64,64353,2,1,1,7,24 Rue Carnot,43.088788,-0.414509,11,1,1
202100031672,145Â 142,B01,2,2,2,5,1,-1,-1,0,0,-1,2021,17.0,2,2,0,2,1,1,1,,7,543,0,D,2,2,0,1,19,600,1,, -1,1,0,1,50,30,6,1,13,13032,2,1,0,1,8 Boulevard LÃ©once Artaud,43.568418,5.354981,20,3,2
202100055015,103Â 472,B01,2,1,1,5,8,0,-1,-1, -1,-1,2021,48.0,2,1,0,2,4,18,5,,2,11 - RT,0,,4,2,0,1,(1),(1),3,, -1,1,5,1,30,13,1,1,202,202120,1,6,0,3,11 - RT,42.65443,9.44129,12,2,2
202100014971,174Â 944,B01,1,1,1,0,2,6,-1,-1, -1,-1,2021,54.0,1,1,0,2,7,1,1,,3,SAMPIERO BD,0,,1,2,0,1,1,100,1,, -1,1,0,1,50,4,10,1,201,201004,2,1,0,6,SAMPIERO BD,41.9204097076,8.7296912671,15,2,2
202100044480,122Â 188,A01,1,1,1,9,2,6,-1,0,0,-1,2021,18.0,1,1,0,2,1,1,1,,4,ALLEE DE LA REINE MARGUERITE,0,,2,4,0,1,(1),(1),1,, -1,2,0,1,50,10,4,5,75,75116,2,2,1,3,ALLEE DE LA REINE MARGUERITE,48.856678,2.243625,3,2,2
202100001320,199Â 402,A01,1,1,2,3,1,-1,-1,0,0,-1,2021,77.0,2,2,6,0,1,1,3,,3,52,-1,,1,1,0,1,9,158,3,, -1,2,0,1,50,27,12,1,1,1321,2,2,1,6,Route de Tossiat,46.1627184045,5.3296780586,10,1,1
202100054954,103Â 581,A01,1,1,1,5,2,6,-1,0,0,-1,2021,25.0,3,6,2,0,0,0,1,,3,,-1,,-1,2,0,1,(1),(1),1,, -1,1,0,3,50,15,1,1,28,28104,1,1,0,6,Rue d'Harleville,48.507848,1.613858,17,1,1
202100003808,194Â 948,B01,1,1,2,4,1,0,-1,-1, -1,-1,2021,54.0,1,2,0,2,4,2,0,,1,AUTOROUTE A21,0,,-1,4,0,1,17,0,1,, -1,2,0,1,110,2,12,2,62,62351,1,1,0,4,AUTOROUTE A21,50.432567,2.912415,7,3,3
202100035960,137Â 405,A01,10,3,1,9,8,8,-1,0,0,-1,2021,33.0,3,0,0,2,4,1,3,,3,GALLIENI (AV.) DE 1 A 109,0,,-1,0,0,1,1,0,1,, -1,1,0,1,50,5,6,1,93,93010,2,1,0,2,GALLIENI (AV.) DE 1 A 109,48.90541,2.4753,20,3,2
202100009721,184Â 325,A01,10,3,1,0,0,-1,-1,1,9,1,2021,61.0,0,2,0,1,1,9,1,,4,COURTIRAS (RUE DE),0,,-1,2,0,1,(1),(1),1,, -1,2,0,1,50,2,11,5,41,41269,2,1,1,6,COURTIRAS (RUE DE),47.80315,1.04166,21,2,1
202100051405,109Â 802,A01,1,1,1,0,2,-1,-1,0,0,-1,2021,40.0,0,1,0,2,1,1,1,,3,NORMANDIE (ROUTE DE) RD 1029,0,,-1,2,0,1,(1),(1),1,, -1,1,0,1,50,12,2,1,80,80725,2,1,0,2,NORMANDIE (ROUTE DE) RD 1029,49.8684190019,2.2368335724,16,2,2
202100052900,107Â 161,B01,1,1,1,0,1,0,-1,-1, -1,-1,2021,51.0,1,5,0,2,3,0,1,,4,BAILLE (BOULEVARD),0,,2,4,0,1,(1),(1),1,, -1,2,0,1,50,1,2,1,13,13205,2,1,1,4,BAILLE (BOULEVARD),43.2885955309,5.3937842465,9,3,3
202100019233,167Â 254,B01,1,1,1,1,2,0,-1,-1, -1,-1,2021,39.0,1,1,0,2,7,15,0,,3,909,0,,2,3,3,1,0,0,1,, -1,1,0,1,50,13,9,1,92,92044,2,2,0,3,VIC. HUGO(RUE)077A089 ET 090A110,48.8959195112,2.296475172,11,2,2
202100017480,170Â 378,B01,1,1,1,5,8,0,-1,-1, -1,-1,2021,37.0,1,1,0,2,2,1,3,,4,JOSEPH THIERRY (COURS),0,,1,2,1,1,0,0,1,, -1,1,0,1,50,21,9,1,13,13201,2,3,0,3,JOSEPH THIERRY (COURS),43.30069,5.38639,10,2,2
202100030600,147Â 055,B01,1,1,1,4,8,0,-1,0,0,-1,2021,26.0,2,1,0,2,1,1,5,,4,RUE REAUMUR,0,,1,3,0,1,(1),(1),1,, -1,1,0,1,50,5,7,1,75,75103,2,3,0,3,RUE REAUMUR,48.86499,2.358264,14,2,2
202100003502,195Â 489,B01,1,1,1,0,2,0,-1,-1, -1,-1,2021,47.0,2,1,0,2,1,3,1,,1,AUTOROUTE A86,0,,3,6,0,1,13,300,1,, -1,1,0,1,90,11,12,2,93,93066,1,1,0,3,AUTOROUTE A86,48.92283,2.35079,18,2,2
202100047115,117Â 552,A01,1,1,1,4,8,8,-1,0,0,-1,2021,44.0,1,2,0,2,9,11,3,,1,A4,0,,-1,8,0,1,5,0,1,, -1,1,0,1,90,22,3,1,75,75112,1,1,0,2,A4,48.82,2.46,9,2,2
202100026237,154Â 803,B01,10,3,1,5,0,-1,-1,1,B,1,2021,61.0,1,2,0,1,1,0,1,,3,117,0,A,2,2,0,1,59,450,1,, -1,1,0,1,80,31,7,3,9,9042,1,1,0,1,rd 117 pk 59+450,43.009715,1.413889,1,3,2
202100053461,106Â 158,A01,10,3,2,2,0,-1,-1,4,3,1,2021,15.0,2,2,0,1,1,1,1,,4,,0,,2,2,0,1,(1),(1),1,, -1,1,0,1,50,26,1,1,34,34172,2,1,0,6,TANNEURS (QUAI DES),43.6168,3.87393,8,2,1
202100013048,178Â 421,A01,10,3,2,0,0,-1,-1,2,3,1,2021,44.0,2,1,1,1,1,21,3,,4,FONTANIERES     (Rue de),0,,2,2,0,1,(1),(1),1,, -1,1,0,1,50,15,10,1,69,69266,2,1,0,1,FONTANIERES (DE) (R),45.7718,4.8842,13,3,2
202100053838,105Â 515,A01,1,1,1,5,2,0,-1,-1, -1,-1,2021,61.0,1,1,11,0,1,1,1,,4,MALRAUX (QUAI ANDRE),0,,2,3,0,1,(1),(1),1,, -1,1,0,1,50,24,1,5,37,37261,2,1,0,7,MALRAUX (QUAI ANDRE),47.3975750314,0.6964892153,19,1,1
202100004205,194Â 235,A01,1,1,2,1,1,0,-1,-1, -1,-1,2021,20.0,2,2,0,2,1,2,1,,1,A86 EXT,0,,1,3,0,2,59,160,1,, -1,2,0,1,90,8,12,5,78,78640,1,1,1,2,A86 EXT,48.77734,2.22301,7,2,2
202100016010,173Â 044,A01,1,1,1,5,2,-1,-1,0,0,-1,2021,88.0,0,0,0,9,6,15,3,,3,820,0,D,2,2,0,1,1,300,1,, -1,1,0,1,70,30,9,1,7,7265,1,1,1,3,,45.284188,4.631879,16,2,2
202100009460,184Â 793,A01,1,1,1,9,2,8,-1,0,0,-1,2021,59.0,1,1,12,0,0,1,1,,4,QUAI DE GRENELLE,0,,2,4,0,1,(1),(1),1,, -1,2,0,1,50,4,11,5,75,75115,2,2,1,6,QUAI DE GRENELLE,48.84937,2.281565,20,1,1
202100030320,147Â 567,A01,1,1,1,0,2,6,-1,0,0,-1,2021,30.0,0,1,6,0,1,1,1,,4,,0,,2,2,0,2,(1),(1),2,,4,1,0,4,50,10,3,1,1,1153,2,1,0,6,1612 Route de Chenaz,46.302373,6.062386,12,1,1
202100040481,129Â 247,A01,10,3,1,5,0,-1,-1,2,3,1,2021,10.0,2,2,0,1,3,1,1,,4,BOURBONNAIS (DU),0,,2,2,0,1,(1),(1),1,, -1,1,0,1,30,10,5,1,35,35238,2,1,0,6,BOURBONNAIS (DU),48.12051,-1.71018,17,2,1
202100014616,175Â 589,A01,10,3,2,5,0,-1,-1,3,3,1,2021,40.0,3,2,0,1,1,0,1,,4,CARNOT   AVENUE,0,,1,2,3,1,(1),(1),1,, -1,1,6,1,50,7,10,1,17,17300,2,1,1,6,CARNOT   AVENUE,46.16422,-1.17632,9,2,1
202100018374,168Â 782,B01,1,1,2,0,0,-1,-1,-1, -1,-1,2021,42.0,2,1,0,2,1,5,3,,4,,0,,1,1,0,1,(1),(1),1,, -1,1,6,1,10,17,9,5,25,25056,2,1,0,3,BRETON  RUE LUC,47.23916,6.02236,20,3,2
202100047130,117Â 523,B01,1,1,1,0,2,0,-1,0,0,-1,2021,17.0,1,1,1,2,3,15,1,,4,,0,,2,2,0,1,(1),(1),1,, -1,1,0,1,50,21,3,1,25,25056,2,3,0,3,TILLEROYES CHEMIN DES,47.24146,5.97856,14,2,2
202100048071,115Â 821,A01,1,1,1,5,2,6,-1,0,0,-1,2021,61.0,1,1,2,0,2,2,1,,3,35,0,,2,2,0,1,10,850,2,, -1,1,0,1,80,13,3,1,83,83145,1,1,0,7,D35,43.592156,5.957528,12,1,1
202100017588,170Â 186,B01,1,1,1,1,2,6,-1,-1, -1,-1,2021,49.0,1,1,0,2,2,2,1,,1,6,0,B,1,3,0,2,8,399,1,, -1,1,0,1,110,22,9,1,91,91689,1,1,0,5,AUTOROUTE A6B,48.746467,2.326016,16,3,3
202100024804,157Â 317,B01,1,1,1,5,2,-1,-1,0,0,-1,2021,25.0,2,1,0,2,8,2,5,,3,26,-1,,2,2,0,1,(1),(1),1,, -1,1,0,1,50,11,8,1,90,90063,2,1,0,3,1 Rue Saint Dizier,47.489644,6.976007,10,2,2
202100032315,143Â 996,B01,1,1,1,9,2,6,-1,0,0,-1,2021,22.0,1,1,0,2,1,7,1,,4,RUE D AUBERVILLIERS,0,,3,3,3,1,(1),(1),1,, -1,1,0,6,50,25,6,1,75,75119,2,1,0,3,RUE D AUBERVILLIERS,48.897734,2.370543,19,2,2
202100006370,190Â 410,A01,1,1,1,5,1,0,-1,-1, -1,-1,2021,21.0,1,2,4,0,3,1,1,,2,RN 104,0,,1,3,0,1,36,150,3,, -1,2,0,1,70,24,11,3,91,91340,1,1,0,7,RN 104,48.60871,2.43584,4,1,1
202100045942,119Â 633,B01,1,1,2,0,8,0,-1,-1, -1,-1,2021,26.0,1,1,0,2,1,1,5,,4,BOULEVARD GUY MOLLET,0,,2,2,1,1,(1),(1),1,, -1,1,0,5,50,30,3,1,44,44109,2,1,0,3,BOULEVARD GUY MOLLET,47.24703,-1.55541,18,2,2