Num_Acc,id_vehicule,num_veh,place,catu,sexe,trajet,secu1,secu2,secu3,locp,actp,etatp,year_acc,victim_age,senc,catv,obs,obsm,choc,manv,motor,occutc,catr,voie,v1,v2,circ,nbv,vosp,prof,pr,pr1,plan,lartpc,larrout,surf,infra,situ,vma,jour,mois,lum,dep,com,agg_,int,atm,col,adr,lat,long,hour,nb_victim,nb_vehicules
202100009751,184Â 270,B01,1,1,1,0,1,8,-1,-1, -1,-1,2021,20.0,2,2,0,2,2,0,1,,4,PAUL ELUARD (RUE),0,,1,2,1,1,0,0,1,, -1,1,0,1,50,29,10,5,67,67482,2,3,0,1,COLETTE (RUE),48.58753,7.69951,20,2,2
202100022104,162Â 114,A01,1,1,1,5,2,6,-1,0,0,-1,2021,25.0,1,1,0,2,1,3,1,,4,PORTE DES LILAS,0,,1,4,0,1,28,400,1,, -1,1,0,1,70,27,8,1,75,75120,2,1,0,2,PORTE DES LILAS,48.877218,2.408928,18,2,2
202100043602,123Â 735,A01,1,1,1,1,1,-1,-1,0,0,-1,2021,21.0,1,2,0,0,9,1,1,,2,2,-1,,3,4,0,1,8,300,1,, -1,1,0,1,110,19,4,3,60,60446,1,1,0,7,Nanteuil-le-Haudouin,49.1320125434,2.7964181572,4,1,1
202100001550,199Â 034,A01,1,1,1,5,1,-1,-1,0,0,-1,2021,20.0,3,0,6,0,3,1,1,,4,1,0,A,2,2,0,2,(1),(1),1,, -1,1,0,8,50,24,12,5,971,97119,1,1,0,6,Chemin des Mahoganys,16.3711281058,-61.4674168825,23,1,1
202100050610,111Â 224,B01,1,1,1,1,1,-1,-1,0,0,-1,2021,24.0,1,2,0,2,2,1,1,,3,8,-1,,2,2,0,1,31,640,4,, -1,1,0,1,80,23,2,1,37,37178,1,1,0,1,,47.1359321419,0.3746970892,13,2,2
202100030339,147Â 533,B01,1,1,1,0,2,0,-1,0,0,-1,2021,49.0,1,6,0,2,3,15,1,,3,Faubourg du VAL D'AJOL,0,,2,0,0,2,36,0,1,, -1,1,0,8,50,27,6,1,88,88383,2,1,0,3,Faubourg du VAL D'AJOL,48.01321,6.58647,18,2,2
202100028737,150Â 360,B01,1,1,1,1,2,6,-1,0,0,-1,2021,61.0,1,1,0,2,7,1,1,,3,613,0,,-1,2,0,1,8,0,1,, -1,1,5,1,30,16,7,1,14,14270,1,6,0,3,D613,49.153151,0.318033,13,2,2
202100014397,175Â 974,A01,1,1,2,1,1,0,-1,-1, -1,-1,2021,27.0,3,2,0,2,3,18,1,,2,RTE N113 MARSEILLE A BORBEAUX,0,,1,2,0,1,73,0,1,, -1,1,0,1,90,6,10,1,13,13004,1,1,0,3,RTE N113 MARSEILLE A BORBEAUX,43.66922,4.62609,8,2,2
202100030341,147Â 528,B01,2,2,2,5,1,0,-1,-1, -1,-1,2021,21.0,1,2,0,2,1,1,1,,3,LATTRE-DE-TASSIGNY (AVENUE DU MARECHAL),0,,2,4,0,1,0,0,1,, -1,1,3,1,50,3,7,2,87,87085,2,2,0,3,LATTRE-DE-TASSIGNY (AVENUE DU MARECHAL),45.82705,1.28357,20,3,2
202100010756,182Â 504,A01,7,2,2,0,8,0,-1,-1, -1,-1,2021,79.0,1,3,0,2,3,24,1,2.0,4,,0,,2,2,0,1,0,0,1,, -1,1,0,1,50,26,10,5,92,92051,2,9,0,3,"ACHILLE PERETTI (AVENUE, NÂ° 90 A 96 ET 9",48.8843769762,2.2692802548,22,3,2
202100037141,135Â 304,A01,3,2,1,0,1,0,-1,-1, -1,-1,2021,46.0,2,2,0,0,4,0,1,,2,104,0,,1,2,0,1,47,299,1,, -1,1,0,1,90,1,6,1,91,91570,1,1,0,2,RN 104,48.625,2.316195,14,4,2
202100031683,145Â 126,A01,1,1,1,5,8,-1,-1,0,0,-1,2021,32.0,2,2,8,2,9,0,1,,3,D22,-1,,2,2,0,2,46,500,2,, -1,1,0,3,80,25,6,5,74,74058,1,1,0,1,D22 - Ville du Nant,46.285468,6.813068,20,3,2
202100055503,102Â 635,B01,1,1,1,1,2,6,-1,-1, -1,-1,2021,52.0,0,1,0,2,1,1,1,,4,RACATI (rue),0,,1,1,0,2,(1),(1),1,, -1,1,0,1,50,11,1,1,13,13203,2,2,0,1,STRASBOURG (BOULEVARD),43.30751,5.37579,16,2,2
202100011611,180Â 971,A01,1,1,1,1,2,0,-1,-1, -1,-1,2021,49.0,2,1,0,2,1,7,1,,4,DOUMERGUE (RUE GASTON),0,,3,6,3,1,5,295,1,, -1,1,5,1,50,22,10,2,31,31557,2,2,0,3,DOUMERGUE (RUE GASTON),43.58786,1.35534,7,2,2
202100039367,131Â 234,A01,1,1,1,5,2,6,-1,0,0,-1,2021,17.0,1,1,0,2,3,13,1,,3,486,-1,,2,2,0,1,22,400,1,, -1,2,0,1,50,19,5,1,88,88075,2,1,1,3,2 Grande Rue,48.003236,6.873423,15,2,2
202100034648,139Â 787,A01,1,1,1,1,0,-1,-1,0,0,-1,2021,21.0,0,1,0,2,2,15,3,,4,,-1,,-1,2,0,1,(1),(1),1,,7,1,0,1,50,14,6,1,60,60176,2,3,0,3,Rue Saint Germain,49.227554,2.905358,8,2,2
202100002607,197Â 121,A01,1,1,2,5,8,4,-1,-1, -1,-1,2021,32.0,1,1,0,2,3,19,5,,3,ROOSEVELT(AVENUE),0,,1,2,1,1,0,240,1,, -1,1,0,1,50,16,12,1,56,56260,2,1,0,3,ROOSEVELT(AVENUE),47.659,-2.7689,17,2,2
202100042979,124Â 847,A01,10,3,2,5,0,-1,-1,1,5,1,2021,4.0,3,2,0,1,1,17,1,,4,,-1,,2,2,0,2,(1),(1),1,, -1,1,0,1,50,22,4,1,78,78683,2,1,0,6,Impasse Charles de Meneau,48.812406,1.881932,18,4,1
202100025671,155Â 792,B01,9,2,2,5,1,-1,-1,0,0,-1,2021,9.0,2,2,0,0,7,15,1,,3,42,0,D,2,2,0,2,12,300,1,, -1,1,0,1,70,2,8,1,43,43020,1,3,0,3,D42,45.286648,4.113693,18,3,2
202100027170,153Â 147,A01,4,2,1,5,3,0,-1,-1, -1,-1,2021,5.0,2,2,3,0,1,16,1,,1,A6B,0,,2,3,0,2,6,650,3,, -1,2,0,1,50,25,7,1,94,94034,1,1,0,6,AUTOROUTE A6B,48.75959,2.33811,16,2,1
202100039026,131Â 886,B01,1,1,1,3,2,6,-1,0,0,-1,2021,51.0,1,1,0,2,1,1,1,,4,,0,,2,2,0,2,(1),(1),1,, -1,1,0,1,50,21,5,1,28,28214,2,2,0,3,Rue Jean Renauldon,48.468189,1.008422,10,2,2
202100030861,146Â 598,B01,1,1,1,5,2,6,-1,0,0,-1,2021,46.0,2,1,0,2,1,1,3,,4,PLACE DE LA CONCORDE,0,,1,8,0,1,(1),(1),1,, -1,2,0,1,50,4,7,1,75,75108,2,7,1,3,PLACE DE LA CONCORDE,48.865857,2.319891,16,4,2
202100030955,146Â 424,B01,2,2,2,5,1,0,-1,-1, -1,-1,2021,54.0,1,2,0,0,4,1,2,,2,104,0,,3,2,0,2,58,400,1,, -1,2,0,1,70,4,7,1,91,91363,1,1,1,5,RN 104,48.65789,2.18259,18,5,4
202100011981,180Â 303,B01,1,1,2,1,1,0,-1,-1, -1,-1,2021,53.0,2,2,0,2,4,2,1,,3,RD 118,0,,1,2,0,1,0,0,2,, -1,1,0,1,50,20,10,1,91,91432,2,1,0,4,RD 118,48.7068128519,2.3274171352,16,3,3
202100035791,137Â 729,B01,1,1,2,0,1,-1,-1,0,0,-1,2021,74.0,2,2,3,2,3,1,1,,3,430,-1,,2,2,0,1,36,500,1,, -1,1,0,1,50,9,6,1,68,68112,2,1,0,1,D430,47.900384,7.227931,14,2,2
202100033363,142Â 133,A01,10,3,2,0,0,-1,-1,3,3,1,2021,48.0,2,1,0,1,1,17,1,,4,CORSE (AVENUE DE LA),0,,2,4,0,2,0,0,1,, -1,1,0,1,50,14,6,1,13,13207,2,1,0,1,CORSE (AVENUE DE LA),43.28931,5.36195,7,2,1
202100030668,146Â 936,B01,1,1,2,5,0,-1,-1,0,0,-1,2021,61.0,1,1,0,2,4,2,5,,3,D23,-1,,2,2,0,1,40,22,1,, -1,1,0,1,80,6,7,1,33,33341,1,1,0,3,,45.072483,-0.511614,14,2,2
202100024143,158Â 503,A01,1,1,2,5,8,0,-1,-1, -1,-1,2021,14.0,2,1,0,2,1,1,3,,4,CAMILLE DESMOULMINS (RUE,0,,2,2,0,4,(1),(1),1,, -1,1,0,1,50,14,8,1,10,10265,2,2,0,3,11 NOVEMBRE (RUE DU),48.30211,4.04727,18,2,2
202100002951,196Â 496,LA01,10,3,2,0,0,-1,-1,2,3,2,2021,32.0,0,2,0,1,2,9,1,,4,SAINT ANTOINE (AVENUE DE),0,,1,2,0,1,1,0,1,, -1,1,0,1,30,14,12,1,13,13215,2,1,0,3,SAINT ANTOINE (AVENUE DE),43.36288,5.34856,14,2,1
202100000575,200Â 676,A01,10,3,1,5,0,-1,-1,5,B,1,2021,19.0,1,2,0,1,0,26,1,,4,VOULDY (CHAUSSEE DU),0,,2,2,0,1,0,0,3,, -1,1,0,1,50,8,11,5,10,10387,2,6,1,6,VOULDY (CHAUSSEE DU),48.28971,4.09093,20,2,1
202100017054,171Â 142,A01,10,3,1,5,0,-1,-1,4,3,2,2021,4.0,2,2,0,1,7,1,1,,4,RUE BARON LE ROY,0,,2,2,0,1,(1),(1),1,, -1,1,0,1,30,25,9,2,75,75112,2,2,0,6,RUE BARON LE ROY,48.835192,2.387347,19,2,1
202100042048,126Â 466,B01,1,1,1,0,2,0,-1,0,0,-1,2021,40.0,2,1,0,2,1,12,1,,7,NICE AVENUE DE (RN7),0,,3,4,0,1,(1),(1),1,, -1,2,0,1,50,29,4,5,6,6027,2,2,0,3,NICE AVENUE DE (RN7),43.6596,7.169593,21,2,2
202100014909,175Â 065,A01,1,1,2,9,1,-1,-1,0,0,-1,2021,70.0,2,2,13,0,9,1,1,,3,143,0,,2,2,0,2,7,0,3,, -1,2,0,3,80,7,10,1,52,52205,1,1,1,6,D143,48.035041,5.15983,10,1,1
202100044739,121Â 747,B01,1,1,1,5,2,6,-1,0,0,-1,2021,32.0,1,1,0,2,1,14,1,,3,RD95,-1,,2,1,0,1,10,280,1,,3,1,0,1,50,8,4,1,71,71441,2,4,0,1,la belouze,46.3156761393,4.5602809883,18,2,2
202100051642,109Â 380,A01,1,1,1,9,2,8,-1,-1, -1,-1,2021,32.0,3,1,8,0,2,26,1,,4,RAMBAUD (LEOPOLD),0,,1,2,0,1,3,0,1,, -1,2,0,1,70,11,2,2,974,97411,2,1,1,6,RAMBAUD (LEOPOLD),-20.885864,55.475153,5,1,1
202100009818,184Â 145,B01,1,1,1,1,2,6,-1,-1, -1,-1,2021,34.0,1,1,0,2,1,1,1,,3,8 MAI 45 (AVENUE DU 1 AU 182),0,,2,4,1,1,0,0,1,, -1,1,0,1,50,2,11,5,93,93007,2,3,0,3,8 MAI 45 (AVENUE DU 1 AU 182),48.9450720878,2.4351858154,19,2,2
202100015013,174Â 869,A01,1,1,2,0,1,8,-1,-1, -1,-1,2021,31.0,2,2,6,0,1,15,1,,3,INDUSTRIE (AVENUE DE L'),0,,2,2,0,1,0,100,1,, -1,1,0,1,50,30,9,5,66,66136,2,1,0,6,INDUSTRIE (AVENUE DE L'),42.7301768914,2.8990237446,21,2,1
202100037907,133Â 905,A01,9,2,1,2,1,-1,-1,0,0,-1,2021,2.0,2,2,8,2,7,15,1,,3,151,-1,,2,2,0,1,(1),(1),1,, -1,1,0,1,80,28,5,1,14,14520,1,3,0,3,D151,49.156148,0.145016,16,5,2
202100021834,162Â 599,A01,1,1,1,5,2,-1,-1,0,0,-1,2021,15.0,1,1,0,2,1,18,1,,3,101,0,,2,2,0,1,1,360,1,,4,1,0,1,50,30,8,1,1,1091,2,2,0,3,Avenue MarÃ©chal Leclerc,46.116498,5.809536,18,2,2
202100022607,161Â 204,A01,10,3,1,5,8,-1,-1,3,3,1,2021,75.0,1,0,0,1,1,9,0,,4,ANATOLE FRANCE     (Rue),0,,1,1,2,1,(1),(1),1,, -1,1,0,1,50,25,8,1,69,69266,2,2,0,6,ANATOLE FRANCE (R),45.76971,4.88903,8,2,1
202100054264,104Â 759,B01,1,1,2,5,2,-1,-1,0,0,-1,2021,70.0,1,1,0,2,4,2,5,,7,21,-1,,2,2,0,2,15,400,2,, -1,2,0,1,70,22,1,1,35,35245,1,1,1,2,Le Temple,48.208002,-1.885689,9,2,2
202100003387,195Â 707,C01,1,1,2,0,2,0,-1,-1, -1,-1,2021,19.0,1,1,0,2,0,0,1,,2,kaweni-GEOLE (la),0,,2,2,0,1,0,0,1,, -1,1,0,1,50,11,12,3,976,97611,2,1,0,5,kaweni-GEOLE (la),-12.76678,45.22481,19,3,3
202100007284,188Â 729,A01,10,3,2,2,0,-1,-1,3,3,1,2021,12.0,3,5,0,1,2,17,1,,3,BEAUREPAIRE (AVENUE),0,,2,2,0,1,0,0,1,, -1,1,0,1,30,19,11,5,28,28085,1,2,0,3,BEAUREPAIRE (AVENUE),48.45847,1.48784,7,3,1
202100013825,176Â 983,A01,1,1,1,0,2,6,-1,-1, -1,-1,2021,23.0,1,1,0,2,1,2,1,,4,GODILLOT  ( AVENUE ALEXIS ),0,,2,2,0,1,0,0,1,, -1,1,0,1,50,10,10,1,83,83069,2,2,0,2,GODILLOT  ( AVENUE ALEXIS ),43.1114608128,6.1239981651,12,2,2
202100044631,121Â 947,A01,1,1,1,1,1,-1,-1,0,0,-1,2021,23.0,2,2,0,2,7,13,1,,3,115,0,D,2,2,0,1,25,275,2,, -1,1,0,1,80,7,4,1,17,17359,1,1,0,3,D115,46.100545,-0.67857,8,2,2
202100007447,188Â 442,A01,10,3,2,4,0,-1,-1,5,9,3,2021,52.0,3,1,0,1,1,1,5,,4,RUE DE LA LEGION D HONNEUR,0,,-1,1,3,2,(1),(1),1,, -1,1,6,1,30,18,11,1,75,75107,2,1,0,6,RUE DE LA LEGION D HONNEUR,48.860365,2.32497,9,2,1
202100028431,150Â 897,A01,1,1,1,5,1,-1,-1,-1, -1,-1,2021,20.0,1,2,0,2,1,2,1,,7,M7   4.270 A 5.756,0,,3,6,0,1,5,300,1,, -1,1,0,1,70,18,7,1,69,69152,1,1,0,2,M7   4.270 A 5.756,45.7068236241,4.8312056065,7,6,2
202100047325,117Â 175,B01,2,2,2,0,1,-1,-1,-1, -1,-1,2021,46.0,3,2,0,2,3,1,1,,4,FRERES PERRET                       (AV),0,,-1,0,0,1,(1),(1),1,, -1,1,0,1,50,19,3,1,69,69199,2,1,0,3,FRERES PERRET                       (AV),45.69443,4.84432,11,3,2
202100026466,154Â 393,B01,1,1,2,1,8,0,-1,0,0,-1,2021,46.0,3,1,0,2,3,1,3,,4,ALBERTINI ENSEIGNE (AVENUE DE L'),0,,2,3,0,1,(1),(1),1,, -1,1,0,1,50,25,7,1,34,34032,2,1,0,3,Avenue Enseigne Albertini,43.345949362,3.2263891797,15,2,2
202100015774,173Â 474,B01,1,1,1,0,8,0,-1,-1, -1,-1,2021,15.0,2,0,0,2,8,1,3,,3,985,0,,3,4,1,1,0,0,1,, -1,1,0,1,50,25,9,1,92,92064,2,1,0,3,REPUBLIQUE,48.8467175416,2.2141490524,17,2,2
202100019018,167Â 644,A01,10,3,1,1,0,-1,-1,3,3,1,2021,46.0,2,2,0,1,1,1,1,,3,GENERAL DE GAULLE (AV DU),0,,2,1,0,1,1,0,1,, -1,2,0,1,50,14,9,5,94,94058,2,1,1,6,Avenue du GÃ©nÃ©ral de Gaulle,48.8406,2.50663,6,2,1
202100050081,112Â 217,A01,10,3,2,0,0,-1,-1,2,3,1,2021,80.0,0,3,0,1,2,16,0,1.0,3,AULNAY (RUE D'),0,,2,2,0,1,0,1,1,, -1,1,0,1,50,25,2,1,93,93071,2,3,0,6,AULNAY (RUE D'),48.9398609039,2.5234154178,9,2,1
202100013947,176Â 773,B01,1,1,1,5,2,6,9,0,0,-1,2021,56.0,2,1,0,2,1,1,1,,2,88,0,,2,2,0,1,15,5,1,, -1,1,0,1,80,10,10,2,48,48045,1,3,0,3,Axe nÂ°1 RN88 Axe nÂ°2 voie communale,44.659411,3.752861,18,2,2
202100005550,191Â 882,A01,1,1,1,2,2,6,-1,-1, -1,-1,2021,18.0,2,1,0,2,1,1,1,,3,LOUIS BLANC (AV),0,,2,2,0,1,1,0,1,, -1,2,0,1,30,29,11,2,94,94068,2,2,0,3,Avenue Louis Blanc,48.79622,2.50027,7,2,2
202100031624,145Â 227,B01,1,1,1,0,1,0,-1,-1, -1,-1,2021,59.0,2,1,0,2,8,1,0,,3,908,0,,2,4,0,1,0,0,1,, -1,2,0,1,50,30,6,1,92,92026,2,1,0,3,VERDUN (DE 62 A FIN),48.9008424866,2.2603833675,10,2,2
202100051223,110Â 117,B01,1,1,1,4,1,-1,-1,0,0,-1,2021,45.0,1,2,0,2,4,2,1,,3,13,-1,,2,2,0,1,8,500,1,, -1,1,5,1,80,18,2,1,29,29015,1,6,0,2,D13 - Kerdalaes,48.515083,-4.500275,14,4,2
202100034460,140Â 132,A01,1,1,1,0,2,6,-1,0,0,-1,2021,29.0,2,1,0,2,1,1,1,,3,80,0,,2,2,0,1,4,490,2,, -1,1,0,1,80,6,6,1,1,1085,1,1,0,3,80,46.042617,5.035772,10,3,2
202100026637,154Â 094,B01,2,2,1,5,1,0,-1,-1, -1,-1,2021,30.0,1,2,0,2,4,1,1,,4,BRIAND BOULEVARD ARISTIDE,0,,2,2,0,1,0,0,1,, -1,1,0,1,50,27,7,1,66,66136,2,1,0,2,BRIAND BOULEVARD ARISTIDE,42.69612,2.903,18,3,2
202100013742,177Â 145,B01,1,1,1,0,2,-1,-1,0,0,-1,2021,57.0,2,1,0,2,8,15,1,,7,560,0,,2,2,0,1,2,530,1,, -1,1,0,1,50,13,10,1,83,83120,2,3,0,3,8 RUE JEAN jaures,43.382852,5.706609,11,2,2
202100051754,109Â 192,B01,2,2,2,4,1,-1,-1,0,0,-1,2021,34.0,1,5,0,2,4,2,1,,1,10,0,,3,4,0,1,405,700,1,, -1,2,0,1,130,12,2,3,17,17213,1,1,0,2,AUTOROUTE A 10 PK 405+700 sens Paris/Bordeaux,46.027631,-0.539714,0,3,2
202100005695,191Â 620,A01,1,1,1,5,1,-1,-1,0,0,-1,2021,52.0,1,2,0,2,3,13,1,,3,980,0,,2,2,0,2,35,900,3,, -1,2,0,1,90,30,11,3,21,21272,1,1,1,1,RD980,47.439467,4.311125,17,2,2
202100026103,155Â 035,A01,1,1,1,5,2,6,-1,-1,0,-1,2021,21.0,1,1,0,2,7,1,1,,1,AUTOROUTE A15,0,,3,9,0,1,22,299,1,, -1,1,0,1,110,31,7,1,95,95572,1,1,0,3, A15,49.0339,2.10409,10,2,2
202100021859,162Â 561,A01,1,1,1,1,1,9,-1,0,0,-1,2021,20.0,2,2,0,2,7,13,1,,3,57,0,,2,2,0,2,12,200,2,, -1,1,0,1,80,31,8,1,2,2483,1,1,0,3,D57,49.792392,3.367379,14,6,2
202100039438,131Â 109,B01,1,1,1,2,2,6,-1,-1, -1,-1,2021,17.0,2,1,0,2,1,1,1,,3,GAMBETTA (R LEON),0,,2,2,0,1,11,(1),3,, -1,1,0,1,50,28,3,2,62,62497,2,1,0,3,GAMBETTA (R LEON),50.437579,3.060926,19,2,2
202100017521,170Â 302,A01,1,1,2,1,8,0,-1,-1, -1,-1,2021,25.0,1,1,0,2,1,19,3,,3,131,0,,2,4,2,1,0,0,2,, -1,1,5,1,30,21,9,1,92,92050,2,6,0,3,BOULE PLACE DE LA,48.8873325043,2.2005797385,8,2,2
202100030220,147Â 746,B01,1,1,1,1,2,6,-1,0,0,-1,2021,25.0,3,1,0,2,8,1,1,,4,BOULEVARD PERIPHERIQUE EXTERIEUR OUEST,0,,1,3,0,1,(1),(1),1,, -1,1,0,1,50,6,7,1,75,75117,2,4,0,3,BOULEVARD PERIPHERIQUE EXTERIEUR OUEST,48.880416,2.281654,20,2,2
202100018337,168Â 848,A01,10,3,2,5,0,-1,-1,3,3,1,2021,82.0,1,5,0,1,1,1,1,,4,CHAZELLES ( COURS LOUIS  DE ),0,,2,4,0,1,(1),(1),1,, -1,1,0,1,30,17,9,1,56,56121,2,1,0,6,CHAZELLES ( COURS LOUIS  DE ),47.75545,-3.36362,10,2,1
202100054014,105Â 198,A01,1,1,1,0,1,0,-1,-1, -1,-1,2021,47.0,2,2,4,0,3,26,1,,1,AUTOROUTE A6A,0,,1,3,0,2,3,150,2,, -1,2,0,1,90,23,1,1,94,94038,1,1,1,6,AUTOROUTE A6A,48.7894582457,2.3441819818,12,1,1
202100039926,130Â 219,A01,1,1,1,0,8,0,-1,-1, -1,-1,2021,20.0,1,1,0,2,0,19,5,,4,LIEPVRE (RUE DE),0,,2,3,1,1,0,0,1,, -1,1,0,1,50,12,5,1,67,67482,2,3,0,3,LIEPVRE (RUE DE),48.5714934159,7.7701325984,18,2,2
202100022997,160Â 523,A01,1,1,1,0,1,4,-1,-1, -1,-1,2021,33.0,1,2,3,2,1,1,2,,1,AUTOROUTE A86,0,,3,8,0,1,12,199,1,, -1,1,0,1,70,22,8,1,93,93039,1,1,0,6,AUTOROUTE A86,48.92668,2.33596,7,1,1
202100025501,156Â 081,A01,10,3,1,5,0,-1,-1,2,9,1,2021,42.0,0,4,0,1,7,16,1,,3,VICTOR HUGO (AVE)  NÂ° 122 =>,0,,2,2,0,1,0,0,3,, -1,1,0,1,50,5,8,1,93,93001,2,9,0,3,VICTOR HUGO (AVE)  NÂ° 122 =>,48.912093,2.379813,12,2,1
202100026211,154Â 846,A01,1,1,1,5,2,6,-1,0,0,-1,2021,16.0,2,1,7,0,1,1,1,,3,,0,,4,2,0,1,0,150,1,, -1,1,9,1,50,1,8,3,85,85202,2,1,0,6,Rue de Saint-Martin,46.74013,-1.1172,4,2,1
202100047085,117Â 606,B01,1,1,1,0,2,6,-1,0,0,-1,2021,14.0,3,1,0,2,1,1,1,,4,,-1,,2,2,0,4,(1),(1),2,, -1,1,0,1,50,23,3,1,63,63055,2,3,0,1,Rue du Vegou,45.839896,2.816016,16,2,2
202100027234,153Â 039,A01,1,1,1,0,8,0,-1,-1, -1,-1,2021,18.0,0,1,0,2,4,21,5,,4,PAUL VAILLANT COUTURIER (R),0,,2,2,0,1,1,0,1,, -1,1,0,1,50,24,7,1,94,94073,2,1,0,2,PAUL VAILLANT COUTURIER (R),48.76118,2.39367,11,2,2
202100019193,167Â 321,B01,1,1,2,0,1,0,-1,-1, -1,-1,2021,33.0,2,2,0,2,2,1,1,,4,COOPERATIVE (RUE DE LA ),0,,2,2,0,1,(1),(1),1,, -1,1,0,1,50,12,9,1,10,10343,2,1,0,3,COOPERATIVE (RUE DE LA ),48.27056,4.09186,11,2,2
202100004745,193Â 300,B01,1,1,2,5,1,8,-1,-1, -1,-1,2021,58.0,3,2,0,2,6,20,1,,4,KERSABIEC (RUE  DE ),0,,2,2,0,1,(1),(1),1,, -1,1,8,1,30,2,12,5,56,56121,2,1,0,3,KERSABIEC (RUE  DE ),47.76445,-3.38502,19,2,2
202100040496,129Â 221,A01,1,1,1,4,1,0,-1,0,0,-1,2021,36.0,2,4,2,0,1,1,1,,3,VEYNES ( AVENUE DE  ),0,,2,2,0,2,67,820,2,, -1,1,0,3,50,9,5,5,5,5061,2,1,0,6,VEYNES ( AVENUE DE  ),44.5574,6.06008,22,1,1
202100048878,114Â 387,A01,2,2,2,5,1,-1,-1,0,0,-1,2021,28.0,1,2,13,0,0,21,1,,2,147,0,,2,2,0,1,5,100,1,, -1,1,0,3,90,7,3,1,86,86192,1,1,0,7,N147,46.299419,0.838686,12,2,1
202100038885,132Â 124,A01,10,3,2,3,0,-1,-1,9,1,1,2021,81.0,2,2,0,1,4,20,1,,3,ROUTE ROYALE,0,,2,1,0,2,1,0,1,, -1,1,9,8,50,20,5,1,202,202033,2,9,0,6,ROUTE ROYALE,42.6778584704,9.4328825859,11,2,1
202100030687,146Â 903,A01,1,1,1,1,1,5,-1,0,0,-1,2021,21.0,2,2,2,0,3,0,1,,3,838,0,D,2,2,0,1,46,0,1,, -1,7,5,3,70,8,1,3,91,91547,1,1,0,7,Rue du Bois de MÃ©robert,48.424302,1.963377,6,1,1
202100016754,171Â 677,A01,2,2,1,1,2,6,-1,-1, -1,-1,2021,16.0,2,1,0,2,4,1,1,,1,A50-Sens Aubagne vers Marseille,0,,3,3,0,2,5,699,2,, -1,1,0,1,90,25,9,3,13,13211,1,1,0,2,A50-Sens Aubagne vers Marseille,43.2925,5.4548,5,3,2
202100027300,152Â 931,A01,7,2,1,5,8,-1,-1,0,0,-1,2021,32.0,2,2,13,0,2,1,1,,3,6,0,D,2,2,0,1,15,278,1,, -1,1,0,1,50,25,7,3,81,81046,2,3,0,6,Route de Graulhet,43.8466947427,1.9807912409,5,3,1
202100002102,198Â 040,A01,1,1,1,5,2,6,9,0,0,-1,2021,35.0,1,1,0,0,7,0,1,,2,333,-1,,1,1,0,1,30,(1),1,, -1,9,9,1,50,21,12,3,54,54588,1,1,0,7,aire de stationnement  nationale 333,48.5909864291,6.4212727548,19,1,1
202100040052,130Â 005,A01,1,1,2,1,2,6,-1,-1, -1,-1,2021,20.0,1,1,0,0,8,2,1,,4,CAPTALAT (RUE DU),0,,1,1,0,1,(1),(1),1,, -1,2,0,1,50,13,5,1,33,33529,2,3,1,7,Rue du Captalat,44.632,-1.14278,11,1,1
202100035151,138Â 879,A01,10,3,1,5,0,-1,-1,6,2,1,2021,66.0,1,2,0,1,8,2,1,,1,320,-1,,3,4,0,1,10,400,1,, -1,1,0,2,110,11,6,3,57,57227,1,1,0,6,A320,49.196078,6.933897,22,2,1
202100037424,134Â 762,B01,2,2,2,5,1,-1,-1,-1, -1,-1,2021,30.0,1,2,0,2,2,1,1,,4,SAINT THIERRY (RUE DU NÂ°2 A 50 ET NÂ°1 A,0,,2,2,0,1,(1),(1),1,, -1,1,0,1,50,30,5,1,51,51454,2,2,0,3,Rue GÃ©ruzez,49.26565,4.02074,21,4,2
202100024867,157Â 209,Z01,10,3,1,5,8,8,-1,3,3,1,2021,10.0,1,2,0,1,1,1,1,,4,DALBIEZ (AVENUE VICTOR),0,,2,2,0,1,0,0,1,, -1,2,0,1,30,6,8,1,66,66136,2,1,1,6,DALBIEZ (AVENUE VICTOR),42.6884,2.88323,17,2,1
202100025651,155Â 832,B01,1,1,1,5,2,6,-1,0,0,-1,2021,65.0,2,1,0,2,1,1,1,,3,1083,0,,2,2,0,1,24,400,1,, -1,1,0,1,80,5,8,1,1,1299,1,1,0,1,D1083,46.031735,5.062927,10,3,2
202100042566,125Â 542,A01,1,1,1,1,1,0,-1,-1, -1,-1,2021,30.0,2,2,0,2,1,2,1,,1,AUTOROUTE A6B,0,,-1,3,0,3,8,0,1,, -1,1,0,1,110,26,4,1,91,91689,1,1,0,2,AUTOROUTE A6B,48.7488,2.3281,19,2,2
202100017057,171Â 137,B01,1,1,2,1,2,0,-1,0,0,-1,2021,37.0,1,1,0,2,1,1,3,,4,BOULEVARD VOLTAIRE,0,,2,4,1,1,(1),(1),1,, -1,1,0,5,30,25,9,1,75,75111,2,4,0,3,BOULEVARD VOLTAIRE,48.857357,2.380886,15,2,2
202100044021,122Â 991,B01,1,1,2,2,1,0,-1,-1, -1,-1,2021,35.0,1,2,0,2,1,1,1,,4,VAN DE VEEGAETE (RUE CHARLES),0,,2,2,0,1,(1),(1),1,, -1,1,9,1,50,14,4,2,59,59599,2,9,0,3,VAN DE VEEGAETE (RUE CHARLES),50.73254,3.1632,20,2,2
202100003848,194Â 876,A01,1,1,2,5,1,0,-1,-1, -1,-1,2021,45.0,-1,2,0,2,2,1,1,,3,RESISTANCE (RUE DE LA),0,,3,4,0,1,0,0,1,, -1,1,0,1,50,8,12,5,93,93073,2,3,0,3,RESISTANCE (RUE DE LA),48.94963,2.56523,22,3,2