Num_Acc,id_vehicule,num_veh,place,catu,sexe,trajet,secu1,secu2,secu3,locp,actp,etatp,year_acc,victim_age,senc,catv,obs,obsm,choc,manv,motor,occutc,catr,voie,v1,v2,circ,nbv,vosp,prof,pr,pr1,plan,lartpc,larrout,surf,infra,situ,vma,jour,mois,lum,dep,com,agg_,int,atm,col,adr,lat,long,hour,nb_victim,nb_vehicules
202100004312,194Â 047,A01,1,1,1,0,2,6,-1,-1, -1,-1,2021,48.0,0,1,15,0,2,9,1,,4,,0,,1,0,0,1,0,0,1,, -1,2,0,1,50,7,12,1,92,92062,2,1,1,6,DEMI-LUNE (ROUTE DE LA),48.89354,2.23541,13,1,1
202100002241,197Â 778,B01,1,1,1,0,8,-1,-1,-1, -1,-1,2021,22.0,1,1,0,2,3,0,3,,3,ALFRED ANATOLE THEVENET (AVENUE),0,,1,1,0,1,44,450,1,, -1,1,0,1,50,14,12,4,51,51663,2,1,0,3,Avenue Alfred Anatole Thevenet,49.0554,3.96481,18,2,2
202100022397,161Â 614,A01,1,1,1,1,8,0,-1,-1, -1,-1,2021,42.0,2,1,0,2,2,17,5,,4,ROUTE DE L'ANSE VATA,0,,2,2,0,2,0,0,2,, -1,1,0,1,50,25,8,5,988,98818,2,1,0,3,ROUTE DE L'ANSE VATA,-22.28707,166.44837,19,2,2
202100053111,106Â 797,A01,1,1,1,5,1,-1,-1,0,0,-1,2021,40.0,1,2,0,2,1,1,1,,3,168,-1,,2,2,0,2,4,500,1,, -1,1,0,1,70,30,1,3,11,11262,1,1,0,1,CD168,43.172228,3.067632,19,5,2
202100047827,116Â 265,A01,2,2,2,5,2,0,-1,0,0,-1,2021,14.0,1,1,0,0,0,1,1,,4,RUE MANIN,0,,2,4,0,1,(1),(1),1,, -1,2,0,1,30,16,3,2,75,75119,2,1,1,7,RUE MANIN,48.8792071319,2.378706336,18,2,1
202100006451,190Â 267,B01,1,1,1,5,2,6,-1,0,0,-1,2021,31.0,1,1,0,2,8,0,1,,3,ROCHAT AV.PHILIPPE,0,,4,4,2,1,23,525,1,, -1,1,5,1,50,9,11,1,6,6004,2,2,0,3,VAUTRIN BD DU GENERAL,43.585114,7.118088,10,2,2
202100048160,115Â 662,A01,1,1,1,0,1,8,-1,-1, -1,-1,2021,41.0,-1,2,0,2,1,2,1,,3,BARBUSSE HENRI BOULEVARD,0,,1,2,0,2,1,1,1,, -1,2,0,1,50,13,3,1,93,93063,2,1,1,2,BARBUSSE HENRI BOULEVARD,48.877801831,2.4413949251,18,2,2
202100032671,143Â 366,A01,1,1,1,5,2,0,-1,-1, -1,-1,2021,22.0,1,1,0,2,1,17,1,,4,ABRIVADO (RUE DE L'),0,,1,3,1,1,(1),(1),1,, -1,1,0,5,50,22,6,1,34,34172,2,1,0,3,ABRIVADO (RUE DE L'),43.58945,3.88865,10,2,2
202100010128,183Â 599,B01,4,2,1,5,1,8,-1,-1, -1,-1,2021,8.0,1,2,0,2,5,2,1,,2,RN1 (ROUTE NATIONALE),0,,1,1,0,2,21,0,3,, -1,1,9,1,50,29,10,1,974,97416,1,9,0,2,RN1 (ROUTE NATIONALE),-21.3322,55.4574,17,5,2
202100033150,142Â 507,A01,10,3,2,5,0,-1,-1,1,3,2,2021,78.0,1,2,0,1,1,15,1,,3,2,-1,,2,2,0,2,21,200,1,, -1,1,5,1,80,21,6,1,69,69184,1,3,0,6,D2 - ROUTE DE LA CHARINIÃRE,45.604671,4.559873,13,2,1
202100011991,180Â 281,A01,1,1,2,0,1,8,-1,-1, -1,-1,2021,76.0,1,2,1,0,1,13,1,,4,CHAPALAIN JEAN YVES (BD),0,,2,2,0,1,0,0,1,, -1,1,0,1,50,19,10,1,72,72181,2,1,0,6,CHAPALAIN JEAN YVES (BD),47.9717,0.2286,13,1,1
202100041954,126Â 628,B01,1,1,1,0,2,6,-1,-1, -1,-1,2021,27.0,1,1,0,2,2,13,1,,4,,0,,2,2,0,1,0,0,1,, -1,1,0,1,50,29,4,1,92,92050,2,1,0,3,FRANCE ANATOLE RUE,48.9016051699,2.2091692686,16,2,2
202100017558,170Â 243,B01,2,2,1,5,2,-1,-1,0,0,-1,2021,18.0,1,1,0,2,1,1,1,,3,739,0,D,2,2,0,1,29,940,1,0,"5,4",1,0,1,50,23,9,1,16,16206,2,3,0,1,intersection boulevard Gambetta - rue des bouviers,45.8757,0.176605,10,3,2
202100049236,113Â 747,A01,1,1,1,5,1,0,-1,-1, -1,-1,2021,38.0,1,2,3,2,1,1,1,,3,RD 430,0,,3,4,0,1,50,0,1,, -1,1,0,1,110,27,2,1,68,68376,1,1,0,2,RD 430,47.79796,7.3089,12,2,2
202100010491,182Â 970,B01,1,1,1,0,2,0,-1,-1, -1,-1,2021,21.0,1,1,0,2,1,1,1,,3,AV VICTOR THIEBAUT,0,,2,2,0,1,5,556,1,, -1,1,5,1,50,28,10,1,77,77479,2,3,0,3,D934,48.8825750074,2.6367662681,14,2,2
202100011388,181Â 366,B01,1,1,1,5,1,-1,-1,-1, -1,-1,2021,21.0,2,2,0,2,1,1,1,,4,Avenue Victor le Gorgeu,0,,3,4,0,2,(1),(1),2,, -1,1,0,1,50,24,10,5,29,29019,2,1,0,3,Avenue Victor le Gorgeu,48.41049,-4.51608,0,2,2
202100012232,179Â 858,A01,10,3,1,2,0,-1,-1,2,3,2,2021,13.0,2,2,0,1,7,1,1,,4,EUROPE (AV),0,,3,4,3,1,0,0,1,, -1,1,0,1,50,18,10,1,13,13001,2,1,0,6,EUROPE (AV),43.52478,5.42945,13,2,1
202100054219,104Â 836,A01,1,1,1,2,2,8,-1,-1, -1,-1,2021,15.0,2,1,0,2,1,15,1,,4,LIBERATION (DE LA) (AVENUE),0,,2,2,0,1,(1),(1),1,, -1,2,0,1,30,21,1,1,17,17306,2,6,1,3,LIBERATION (DE LA) (AVENUE),45.62369,-1.0131,16,2,2
202100054875,103Â 719,B01,1,1,1,5,8,0,-1,-1, -1,-1,2021,40.0,1,1,0,2,1,1,5,,3,R.N.80,0,,2,2,0,1,47,600,1,, -1,1,0,1,80,14,1,1,71,71309,1,2,0,1,PERIGAS (CHEMIN DE),46.782883703,4.4120223724,13,2,2
202100000005,201Â 754,A01,1,1,2,1,1,-1,-1,-1, -1,-1,2021,24.0,2,2,0,2,4,1,1,,7,PARIS. ROUTE DE,-1,,2,2,-1,1,11,150,1,, -1,1,0,1,50,25,2,5,76,76429,2,1,0,2,PARIS. ROUTE DE,49.40838,1.14581,7,2,2
202100053801,105Â 584,A01,1,1,1,5,1,-1,-1,0,0,-1,2021,22.0,2,2,0,2,2,17,1,,1,72,-1,A,3,4,0,1,112,100,1,, -1,1,0,1,130,20,1,2,42,42108,1,1,0,3,A72,45.601023,4.209845,19,2,2
202100015334,174Â 300,A01,1,1,1,5,1,8,-1,-1, -1,-1,2021,35.0,2,2,13,0,1,26,1,,3,RN 60,0,,3,4,0,1,1,0,2,, -1,2,0,3,110,3,10,1,45,45284,1,1,0,6,RN 60,47.92041,1.9992,13,4,1
202100001745,198Â 668,B01,1,1,1,5,2,6,-1,0,0,-1,2021,30.0,3,1,0,2,7,17,1,,4,QUAI D ISSY LES MOULINEAUX,0,,1,2,0,1,(1),(1),1,, -1,1,0,1,50,22,12,5,75,75115,2,5,0,3,QUAI D ISSY LES MOULINEAUX,48.835491,2.266986,18,2,2
202100035397,138Â 445,A01,1,1,1,5,1,-1,-1,0,0,-1,2021,20.0,2,2,0,2,3,13,1,,3,35,-1,,2,2,0,2,32,140,3,, -1,1,0,1,50,10,6,5,53,53008,2,1,0,3,Rue de la LibÃ©ration,48.296381,-0.557878,23,2,2
202100013377,177Â 822,A01,1,1,1,5,2,6,-1,-1, -1,-1,2021,30.0,2,1,0,2,2,0,1,,1,A4,0,,1,2,0,1,33,0,3,, -1,1,0,1,70,13,10,3,77,77018,2,1,0,2,A4,48.84316,2.815,23,2,2
202100019717,166Â 396,A01,1,1,2,5,2,6,-1,0,0,-1,2021,19.0,2,1,0,2,2,1,1,,4,RUE DE VAUGIRARD,0,,2,2,0,1,(1),(1),1,, -1,1,0,1,30,9,9,5,75,75106,2,3,0,3,RUE DE VAUGIRARD,48.8493068549,2.337326459,23,3,2
202100053087,106Â 835,B01,1,1,1,1,2,0,-1,-1, -1,-1,2021,23.0,3,1,0,0,0,0,1,,3,ALBERT 1ER (BD),0,,3,4,0,2,1,0,3,, -1,2,0,1,50,29,1,5,94,94052,2,3,0,2,Boulevard Albert 1er,48.83626,2.494086,19,2,2
202100021563,163Â 094,A01,1,1,1,1,2,8,-1,-1, -1,-1,2021,23.0,1,1,4,2,1,3,1,,1,13,0,,3,4,0,1,3,0,1,, -1,1,2,1,70,1,9,1,92,92064,1,1,0,2,A13,48.8425158389,2.2221826762,18,2,2
202100016295,172Â 508,B01,1,1,1,0,2,-1,-1,0,0,-1,2021,19.0,1,1,0,2,1,1,1,,3,9,-1,,2,2,0,1,7,600,1,, -1,1,0,1,80,29,9,1,60,60222,1,3,0,1,D9,49.471129,2.260641,16,2,2
202100049607,113Â 074,A01,1,1,1,5,2,6,-1,-1, -1,-1,2021,15.0,1,1,0,0,7,1,1,,4,CAVOU (RUE DU),0,,2,2,0,1,0,0,1,, -1,1,0,1,70,28,2,1,87,87085,1,1,0,7,CAVOU (RUE DU),45.84754,1.1924,14,2,2
202100036870,135Â 796,A01,1,1,1,1,2,0,-1,-1, -1,-1,2021,43.0,2,1,0,2,6,1,5,,3,992,0,,1,2,1,1,0,0,1,, -1,1,9,5,50,2,6,1,92,92050,2,1,0,3,PONT DE BEZONS,48.9196334802,2.2216066718,9,2,2
202100053658,105Â 821,A01,1,1,1,5,1,-1,-1,0,0,-1,2021,57.0,1,2,6,0,9,13,1,,3,97,-1,C,2,2,1,2,2,150,2,, -1,2,2,3,80,23,1,3,31,31576,1,1,0,6,Route du canal du midi,43.412164,1.656972,23,1,1
202100041138,128Â 073,A01,1,1,1,5,8,0,-1,0,0,-1,2021,17.0,2,1,0,2,7,19,5,,4,ALLEE DE LONGCHAMP,0,,2,3,3,1,(1),(1),1,, -1,2,0,6,50,6,5,5,75,75116,2,2,1,3,ALLEE DE LONGCHAMP,48.872527,2.264436,20,3,2
202100022955,160Â 591,B01,1,1,2,5,2,6,-1,0,0,-1,2021,14.0,1,1,0,2,6,15,1,,3,78,0,,2,2,0,1,5,700,1,, -1,1,5,1,80,23,8,1,29,29251,1,2,0,2,D48 - Route de Lanmeur,48.684614,-3.777924,15,3,2
202100046422,118Â 799,A01,1,1,1,2,1,-1,-1,0,0,-1,2021,18.0,1,2,13,0,0,1,1,,3,2,-1,,2,2,0,2,12,600,2,, -1,1,0,1,80,26,3,1,51,51574,1,1,0,7,D2,48.858955,4.430881,10,1,1
202100015938,173Â 176,B01,1,1,1,3,2,6,-1,-1, -1,-1,2021,44.0,3,1,0,2,2,9,1,,4,CENTRE COMMERCIAL DES PORTES D'AVERMES,0,,2,2,0,1,(1),(1),1,, -1,1,0,1,50,30,9,2,3,3013,2,6,1,3,CENTRE COMMERCIAL DES PORTES D'AVERMES,46.59047,3.322182,19,2,2
202100000089,201Â 590,B01,1,1,1,1,2,8,-1,-1, -1,-1,2021,55.0,1,1,-1,2,2,1,1,,7,AVENUE JULES VALLÃS,-1,,2,2,-1,1,(1),(1),1,, -1,1,-1,1,50,15,10,1,38,38421,2,1,0,3,AVENUE JULES VALLÃS,45.18175,5.7487,8,2,2
202100039354,131Â 255,A01,2,2,1,5,2,6,9,0,0,-1,2021,23.0,2,1,0,0,7,1,1,,3,91,0,D,2,2,0,4,4,100,3,, -1,1,0,8,80,27,3,1,2,2071,1,1,0,7,Rue de la Croix de Roche,49.407511,3.169819,16,2,1
202100002948,196Â 503,A01,10,3,1,3,0,-1,-1,2,1,1,2021,53.0,3,2,1,1,6,26,1,,6,DE GAULLE (AV DU GENERAL) NÂ° IMPAIRS,0,,2,2,0,1,1,0,1,, -1,1,9,1,50,8,12,5,18,18033,2,1,0,1,DE GAULLE (AV DU GENERAL) NÂ° IMPAIRS,47.113,2.41627,18,2,1
202100030803,146Â 705,A01,1,1,1,5,1,0,-1,-1, -1,-1,2021,29.0,1,2,3,0,1,1,1,,3,RD941 (OUEST),0,,3,4,0,1,38,0,1,, -1,2,0,1,110,29,6,1,87,87085,1,1,1,6,RD941 (OUEST),45.83485,1.21829,14,1,1
202100014188,176Â 333,B01,1,1,1,0,2,0,-1,-1, -1,-1,2021,27.0,1,1,0,2,7,17,1,,4,PROVENCE (RUE DE),0,,1,2,0,2,0,0,1,, -1,1,0,1,50,9,10,1,13,13204,2,1,0,6,PROVENCE (RUE DE),43.30171,5.3971,17,2,2
202100042654,125Â 390,B01,1,1,1,0,1,0,-1,-1, -1,-1,2021,58.0,2,5,0,2,2,12,1,,1,A51-Sens Aix en Provence vers Marseille,0,,1,3,0,1,4,0,1,, -1,1,0,1,90,23,4,1,13,13019,1,1,0,3,A51-Sens Aix en Provence vers Marseille,43.42259,5.37195,17,3,2
202100031691,145Â 112,A01,1,1,1,5,1,-1,-1,0,0,-1,2021,66.0,2,2,0,0,2,26,2,,3,316,0,,2,3,0,2,20,50,2,, -1,1,0,3,80,24,6,1,27,27275,1,1,0,6,RD 316,49.152338,1.346018,13,1,1
202100021017,164Â 095,A01,10,3,1,2,8,8,-1,2,3,1,2021,7.0,1,2,0,1,1,2,1,,4,JACQUARD. RUE,0,,2,2,0,1,0,0,1,, -1,1,0,1,30,3,9,1,76,76498,2,3,0,6,Rue Jacquard,49.43031,1.0538,16,2,1
202100013126,178Â 284,B01,1,1,1,9,2,6,-1,-1, -1,-1,2021,27.0,2,1,0,2,1,1,1,,3,JULES GUESDE (AVENUE) COTE NÂ° IMPAIRS,0,,2,1,0,1,0,1,1,, -1,1,0,1,50,15,10,5,93,93072,2,3,0,3,JULES GUESDE (AVENUE) COTE NÂ° IMPAIRS,48.96324,2.38577,20,3,2
202100050685,111Â 092,A01,1,1,1,4,1,-1,-1,0,0,-1,2021,25.0,1,5,0,2,1,1,1,,2,,0,N,2,2,0,1,17,900,1,, -1,1,0,1,80,9,2,2,22,22147,1,9,0,2,Beau Soleil,48.194619,-2.453728,8,2,2
202100054191,104Â 885,B01,1,1,1,1,2,-1,-1,0,0,-1,2021,47.0,0,1,0,2,7,9,1,,3,ROND POINT ACCES ROCADE,0,,1,1,0,1,(1),(1),2,, -1,2,0,1,80,20,1,3,80,80164,2,1,1,3,ROND POINT ACCES ROCADE,49.90209,2.36063,18,2,2
202100042373,125Â 886,A01,10,3,1,0,0,-1,-1,3,3,1,2021,15.0,3,2,0,1,2,15,1,,4,GUYNEMERS (RUE GEORGES),0,,2,2,0,1,0,0,1,, -1,1,0,1,50,27,4,1,93,93030,2,1,1,6,GUYNEMERS (RUE GEORGES),48.95446,2.418,14,2,1
202100043736,123Â 511,A01,1,1,1,0,2,8,-1,-1, -1,-1,2021,54.0,1,1,0,0,0,9,1,,3,BADUEL (ROUTE DE),0,,3,1,0,1,2,300,1,, -1,1,0,1,50,16,4,1,973,97302,2,1,0,7,BADUEL (ROUTE DE),4.93289,-52.30913,10,1,1
202100053748,105Â 665,A01,10,3,1,9,0,-1,-1,4,3,2,2021,49.0,1,2,0,1,1,16,1,,4,RUE BARRAULT,0,,1,1,0,2,(1),(1),1,, -1,1,0,1,50,25,1,1,75,75113,2,3,0,6,RUE BARRAULT,48.829673,2.348304,12,2,1
202100051818,109Â 077,A01,1,1,1,5,2,6,-1,0,0,-1,2021,26.0,2,1,0,2,2,9,1,,4,PORTE DE MONTREUIL,0,,1,4,0,1,(1),(1),1,, -1,2,0,1,70,11,2,5,75,75120,2,4,0,2,PORTE DE MONTREUIL,48.856321,2.414137,18,2,2
202100037626,134Â 403,A01,1,1,1,5,2,6,-1,-1, -1,-1,2021,25.0,2,1,0,2,1,17,1,,4,PAUL PAINLEVE (AV),0,,2,2,0,1,0,1,1,, -1,1,0,1,50,29,5,1,94,94077,2,2,0,3,PAUL PAINLEVE (AV),48.74045,2.42511,19,3,2
202100001985,198Â 251,A01,2,2,1,5,8,8,-1,0,0,-1,2021,23.0,2,2,3,0,2,14,1,,1,ROUTE PROVINCIALE ROUTE DU SUD,0,,3,4,0,1,2,127,2,, -1,1,0,1,70,21,12,2,988,98818,2,1,0,6,VE1 SENS NORD/SUD,-22.24949,166.45044,5,2,1
202100019952,165Â 971,B01,1,1,2,5,1,-1,-1,0,0,-1,2021,19.0,0,2,0,2,3,1,1,,3,D10A,-1,,2,2,0,1,1,300,1,, -1,1,0,1,80,9,9,1,76,76143,1,1,0,1,D10A,49.654544,0.38111,19,3,2
202100009575,184Â 591,A01,10,3,2,3,0,-1,-1,3,3,1,2021,63.0,1,1,0,1,1,17,1,,3,GARE (ROUTE DE LA),0,,2,2,0,2,3,600,1,, -1,2,0,1,50,3,11,1,95,95280,2,1,1,6,GARE (ROUTE DE LA),49.01428,2.47079,8,2,1
202100016962,171Â 305,A01,1,1,1,2,8,0,-1,0,0,-1,2021,11.0,3,1,0,2,8,26,5,,4,MONOD (Rue Gustave),0,,2,1,0,1,(1),(1),1,, -1,1,0,1,50,23,9,1,26,26198,2,3,0,3,52 Rue Gustave Monod,44.545504,4.740669,14,2,2
202100012417,179Â 511,A01,10,3,2,3,0,-1,-1,3,3,2,2021,84.0,3,2,0,1,3,1,1,,6,ANDRE MAUROIS (PLACE),0,,-1,-1,0,1,0,0,1,, -1,1,1,8,30,16,10,1,67,67482,2,1,0,6,ANDRE MAUROIS (PLACE),48.5907,7.69477,11,2,1
202100042343,125Â 936,B01,1,1,1,1,2,8,-1,0,0,-1,2021,53.0,2,1,0,2,8,1,3,,4,BOULEVARD RASPAIL,0,,2,4,0,1,(1),(1),1,, -1,1,0,1,50,27,4,1,75,75106,2,2,0,3,BOULEVARD RASPAIL,48.8515,2.326942,8,2,2
202100017599,170Â 163,A01,10,3,2,3,0,-1,-1,3,3,1,2021,17.0,1,1,0,1,1,17,1,,4,DOUMER (BOULEVARD PAUL),0,,2,2,0,2,(1),(1),1,, -1,1,0,1,50,21,9,2,6,6030,2,1,0,6,DOUMER (BOULEVARD PAUL),43.567688,7.015645,7,2,1
202100046746,118Â 214,B01,1,1,1,5,2,6,-1,-1, -1,-1,2021,17.0,2,1,0,2,1,1,1,,4,VERDUN (RUE),0,,2,2,0,1,(1),(1),1,, -1,1,5,1,50,10,3,1,70,70550,2,2,0,3,VERDUN (RUE),47.61795,6.1581,13,2,2
202100033152,142Â 504,A01,10,3,2,5,0,-1,-1,2,3,2,2021,75.0,2,2,0,1,1,1,1,,3,55,-1,,2,2,0,1,0,252,2,, -1,1,0,1,50,21,6,1,76,76758,2,4,0,6,Rue Edmond LabbÃ©,49.61683,0.75206,14,3,1
202100033847,141Â 258,A01,1,1,2,5,1,-1,-1,-1, -1,-1,2021,42.0,1,2,13,0,1,1,1,,3,POULGUINAN BOULEVARD DE,0,,3,4,0,1,0,200,2,, -1,2,3,1,50,17,6,1,29,29232,2,1,0,7,Boulevard Louis le Guennec,47.98551,-4.11121,8,1,1
202100046675,118Â 341,A01,10,3,2,3,0,-1,-1,3,3,1,2021,70.0,1,4,0,1,3,1,1,,1,38,0,,1,1,0,2,35,100,1,, -1,1,9,1,70,25,3,1,21,21485,2,4,0,6,7 Route de Paris,47.337158,4.969327,7,2,1
202100011316,181Â 512,B01,2,2,2,5,2,-1,-1,0,0,-1,2021,58.0,3,1,0,0,4,9,1,,4,203,0,D,2,2,0,1,(1),(1),1,, -1,1,0,1,50,24,10,1,31,31395,2,1,0,2,Chemin de Podio,43.437985235,1.3119435793,15,3,2
202100040074,129Â 964,B01,1,1,1,5,2,0,-1,-1, -1,-1,2021,38.0,1,1,0,2,1,1,5,,3,STRASBOURG (BD DE),0,,2,3,1,2,1,0,1,, -1,1,0,1,50,12,5,1,94,94052,2,1,0,3,Boulevard de Strasbourg,48.845107,2.488953,13,2,2
202100016514,172Â 108,A01,2,2,1,9,8,0,-1,-1, -1,-1,2021,27.0,3,2,8,0,1,1,0,,4,JEAN MOULIN (BOULEVARD),0,,1,2,0,1,(1),(1),2,, -1,3,0,1,50,26,9,3,13,13205,2,1,1,6,JEAN MOULIN (BOULEVARD),43.28707,5.40238,7,2,1
202100046454,118Â 748,B01,1,1,1,5,2,-1,-1,0,0,-1,2021,34.0,2,1,0,2,1,2,1,,3,709,0,D,2,2,0,1,18,950,1,, -1,1,0,1,50,27,3,1,24,24352,2,3,0,3,Avenue Guy de Larigaudie,45.237785,0.348473,11,2,2
202100000239,201Â 297,A01,1,1,1,5,2,6,-1,-1, -1,-1,2021,15.0,2,1,0,2,1,1,1,,3,BOIS SABOT (RUE DU),0,,2,2,0,2,0,0,1,, -1,1,0,1,50,24,10,1,28,28134,2,1,0,2,BOIS SABOT (RUE DU),48.7377,1.36124,12,3,2
202100010150,183Â 555,B01,1,1,1,5,1,8,-1,-1, -1,-1,2021,52.0,3,2,0,2,4,2,1,,4,SANITAS (PONT DU),0,,2,4,3,1,(1),(1),1,, -1,2,2,1,50,29,10,3,37,37261,2,1,0,4,SANITAS (PONT DU),47.37105,0.69662,20,3,3
202100018402,168Â 732,A01,10,3,1,4,0,-1,-1,2,3,1,2021,65.0,1,1,0,1,0,17,1,,4,BOULEVARD DE COURCELLES,0,,2,2,0,1,(1),(1),1,, -1,1,0,1,30,17,9,1,75,75117,2,4,0,6,BOULEVARD DE COURCELLES,48.88056,2.309543,8,2,1
202100005976,191Â 116,Z01,10,3,1,2,8,8,-1,5,2,2,2021,43.0,1,2,0,1,1,14,1,,4,PIERRE ROCHE (RUE),0,,1,2,0,1,0,0,1,, -1,1,0,4,50,26,11,1,13,13204,2,1,0,6,PIERRE ROCHE (RUE),43.30951,5.40263,16,3,1
202100045982,119Â 561,A01,10,3,2,1,0,-1,-1,4,3,1,2021,43.0,1,5,0,1,1,15,1,,4,PLACE SAINT AUGUSTIN,0,,3,4,0,1,(1),(1),1,, -1,1,0,1,50,30,3,1,75,75108,2,7,0,6,PLACE SAINT AUGUSTIN,48.8746650264,2.3203658088,9,2,1
202100017389,170Â 553,C01,1,1,1,1,2,6,-1,-1, -1,-1,2021,41.0,1,1,0,2,1,14,1,,1,AUTOROUTE A1,0,,1,10,0,1,3,400,1,, -1,1,0,1,90,22,9,1,93,93066,1,1,0,4,AUTOROUTE A1,48.9295728705,2.3619260807,18,3,3
202100014172,176Â 361,B01,5,2,2,9,1,0,-1,-1, -1,-1,2021,26.0,3,2,0,2,1,1,1,,4,STALINGRAD (AVENUE),0,,2,2,0,1,(1),(1),2,, -1,1,0,1,50,8,10,5,37,37233,2,1,0,1,STALINGRAD (AVENUE),47.38762,0.72698,23,6,2
202100022101,162Â 118,B01,1,1,1,0,2,6,-1,-1, -1,-1,2021,37.0,3,1,0,2,1,1,1,,4,,0,,2,1,0,1,(1),(1),1,, -1,1,0,1,50,27,8,1,7,7019,2,1,0,3,BELLANDE (AVENUE DE ),44.61322,4.39884,12,2,2
202100021905,162Â 472,B01,1,1,1,0,1,0,-1,-1, -1,-1,2021,40.0,1,2,0,2,4,2,2,,1,AUTOROUTE A3,0,,3,9,0,2,1,500,1,, -1,1,0,1,50,29,8,4,93,93048,1,1,0,2,AUTOROUTE A3,48.87032,2.43128,22,3,2
202100002675,196Â 994,A01,1,1,1,0,1,-1,-1,0,0,-1,2021,20.0,1,2,0,0,9,1,1,,3,35,-1,,2,2,0,3,11,840,3,,"5,6",7,0,8,80,18,12,3,79,79195,1,1,1,7,,46.916911,-0.568383,4,1,1
202100030629,147Â 009,A01,9,2,1,5,8,-1,-1,0,0,-1,2021,20.0,2,2,0,0,9,1,1,,3,10,-1,,2,2,0,1,1,850,3,,"5,5",1,4,3,80,5,7,1,63,63453,1,8,0,7,D10,45.783335,3.308076,21,4,1
202100018930,167Â 807,A01,1,1,2,5,8,0,-1,-1, -1,-1,2021,21.0,1,1,0,2,1,13,1,,4,,0,,2,3,1,1,(1),(1),1,, -1,1,0,1,50,13,9,1,67,67482,2,1,0,3,MONTAGNE VERTE (RUE DE LA),48.569704,7.73354,15,2,2
202100000376,201Â 036,B01,1,1,1,5,2,-1,-1,0,0,-1,2021,16.0,0,1,0,2,7,1,1,,3,6007,0,D,2,2,0,1,5,860,1,, -1,2,0,1,50,27,12,5,6,6079,2,6,0,3,rond point des mimosistes,43.549108,6.942426,19,3,2
202100050898,110Â 700,A01,10,3,1,5,0,-1,-1,4,3,1,2021,30.0,1,2,0,1,0,15,0,,4,COMBANAIRE,0,,1,1,0,1,(1),(1),1,, -1,1,0,1,30,11,1,5,36,36044,2,1,0,6,Rue Combanaire,46.8076,1.70558,19,2,1
202100029900,148Â 355,A01,1,1,1,0,8,-1,-1,0,0,-1,2021,29.0,1,5,0,0,1,2,1,,1,A10,-1,,3,4,0,1,72,200,1,, -1,1,0,2,-1,29,6,1,28,28367,1,1,0,2,"A10 sens PARIS-Province, PK 072+200, commune de DAMBRON",48.143862,1.855499,14,3,2
202100026907,153Â 614,B01,2,2,2,5,1,-1,-1,0,0,-1,2021,62.0,1,2,0,9,3,1,1,,1,63,-1,A,3,3,0,1,110,600,1,, -1,1,0,1,130,22,7,3,40,40152,1,1,0,6,Autoroute A63 - PK 110.600,43.946114,-1.079235,3,3,2
202100020222,165Â 489,A01,10,3,2,2,0,-1,-1,3,3,1,2021,12.0,2,2,0,1,1,26,1,,4,COMMUNE DE PARIS (AVENUE),0,,1,2,0,1,0,0,1,, -1,1,5,1,30,6,9,1,974,97407,2,1,0,1,COMMUNE DE PARIS (AVENUE),-20.94,55.29,15,3,1
202100025237,156Â 546,A01,1,1,1,0,1,0,-1,-1, -1,-1,2021,33.0,1,2,0,2,0,9,1,,1,A12 W,0,,-1,3,0,1,0,400,3,, -1,1,0,1,110,6,8,1,78,78043,1,1,0,2,A12 W,48.842214,2.099356,15,2,2
202100035238,138Â 718,B01,1,1,1,1,0,-1,-1,-1, -1,-1,2021,48.0,1,1,0,2,1,2,5,,3,RIBRAY (RUE DE),0,,2,2,0,1,75,550,1,,"9,3",1,0,1,30,9,6,1,79,79191,2,6,0,3,Rue de Ribray,46.32306,-0.46741,18,2,2
202100002750,196Â 852,B01,2,2,1,0,8,0,-1,-1, -1,-1,2021,16.0,2,1,0,2,1,1,1,,4,MARECHAL LECLERC DU,0,,2,4,1,1,0,0,1,, -1,1,8,1,30,15,12,1,64,64445,2,1,1,3,Avenue du GÃ©nÃ©ral Leclerc,43.30401,-0.34525,14,3,2
202100026426,154Â 461,A01,1,1,1,0,2,0,-1,-1, -1,-1,2021,33.0,2,1,3,0,1,14,1,,2,BISHOP (Avenue Maurice),0,,1,4,0,1,2,250,1,, -1,1,0,1,50,28,7,5,972,97209,2,1,0,6,BISHOP (Avenue Maurice),14.6082753571,-61.0564478771,20,1,1
202100044823,121Â 596,B01,1,1,1,1,2,0,-1,-1, -1,-1,2021,56.0,3,1,0,2,8,1,5,,4,CHARTRAIN (FAUBOURG),0,,-1,2,0,1,(1),(1),1,, -1,1,0,1,50,7,4,2,41,41269,2,3,0,1,CHARTRAIN (FAUBOURG),47.80184,1.07011,5,2,2
202100011665,180Â 873,B01,1,1,1,0,8,0,-1,-1, -1,-1,2021,54.0,2,5,0,0,3,23,1,,4,AUGUSTE RENOIR (RUE),0,,2,2,0,1,0,0,1,, -1,1,0,1,50,22,10,1,93,93005,2,1,0,5,AUGUSTE RENOIR (RUE),48.9570177685,2.4936271327,10,5,3
202100048957,114Â 238,A01,1,1,1,9,2,6,-1,0,0,-1,2021,26.0,2,1,9,2,8,1,1,,4,RUE DES CLOYS,0,,1,1,1,1,(1),(1),1,, -1,1,0,1,30,6,3,1,75,75118,2,2,0,3,RUE DES CLOYS,48.892677,2.34009,13,2,2
202100033740,141Â 459,B01,1,1,2,3,0,-1,-1,0,0,-1,2021,68.0,1,1,0,2,1,1,5,,4,VC,0,,2,2,0,1,0,0,1,, -1,1,0,1,50,18,6,1,84,84054,2,3,0,3,Chemin du Bosquet,43.911907,5.067916,9,2,2