Num_Acc,id_vehicule,num_veh,place,catu,sexe,trajet,secu1,secu2,secu3,locp,actp,etatp,year_acc,victim_age,senc,catv,obs,obsm,choc,manv,motor,occutc,catr,voie,v1,v2,circ,nbv,vosp,prof,pr,pr1,plan,lartpc,larrout,surf,infra,situ,vma,jour,mois,lum,dep,com,agg_,int,atm,col,adr,lat,long,hour,nb_victim,nb_vehicules
202100008581,186Â 396,B01,1,1,1,1,1,-1,-1,-1,0,-1,2021,51.0,1,2,0,2,4,1,1,,1,AUTOROUTE A15,0,,3,6,0,1,12,399,1,, -1,1,0,1,110,11,11,3,95,95252,1,1,0,4, A15,48.9852769454,2.2140623054,20,4,4
202100036418,136Â 606,B01,1,1,2,5,2,6,-1,-1, -1,-1,2021,58.0,2,1,0,0,0,0,1,,3,CARENTAN,0,,1,1,0,4,0,0,1,, -1,1,9,1,50,3,6,1,50,50502,2,6,0,3,CARENTAN,49.11682,-1.09437,21,5,2
202100049638,113Â 015,B01,1,1,1,0,8,0,-1,-1, -1,-1,2021,47.0,3,1,0,2,0,1,3,,4,BOISNET RUE,0,,2,2,0,1,1,0,1,, -1,1,0,1,30,26,2,1,49,49007,2,1,0,2,BOISNET RUE,47.474238,-0.553285,15,2,2
202100005268,192Â 368,B01,1,1,1,4,2,8,-1,-1, -1,-1,2021,38.0,2,1,0,2,7,1,1,,7,BISCHWILLER (ROUTE DE),0,,2,4,1,1,0,0,1,, -1,1,8,1,30,29,11,1,67,67447,1,1,0,3,BISCHWILLER (ROUTE DE),48.59976,7.74304,9,2,2
202100038831,132Â 217,A01,1,1,1,5,0,-1,-1,0,0,-1,2021,66.0,0,1,6,0,0,1,5,,4,,0,,2,1,0,2,(1),(1),4,,3,1,0,3,30,23,5,1,37,37041,1,1,0,6,route du plessis,47.6278811168,0.5492552518,10,2,2
202100050069,112Â 244,A01,1,1,1,0,2,0,-1,-1, -1,-1,2021,28.0,1,1,12,0,3,18,1,,3,JEAN MERMOZ (BD),0,,3,0,0,1,1,0,1,, -1,1,0,4,50,26,2,1,94,94021,2,1,0,6,JEAN MERMOZ (BD),48.77,2.338,13,1,1
202100052841,107Â 269,A01,1,1,1,5,0,-1,-1,0,0,-1,2021,43.0,0,1,2,0,3,2,0,,4,,-1,,2,2,0,2,(1),(1),2,, -1,1,0,4,50,24,1,5,34,34162,2,1,0,6,Rue Nelson Mandela,43.484952,3.479088,1,1,1
202100037432,134Â 748,A01,1,1,1,5,1,5,-1,0,0,-1,2021,19.0,1,2,13,0,2,14,1,,3,RD 6015,0,,2,3,0,1,33,85,1,, -1,1,0,3,80,30,5,1,27,27701,1,1,0,6,RD 6015,49.25222,1.18453,16,1,1
202100055298,102Â 977,A01,10,3,2,9,0,-1,-1,3,3,1,2021,66.0,2,2,0,1,3,1,1,,3,33,0,,2,2,0,1,(1),(1),1,, -1,2,0,1,50,12,1,2,59,59033,2,3,1,6,HOTEL DE VILLE (RUE DE L'),50.19971,3.8342,8,2,1
202100033818,141Â 310,B01,1,1,1,0,1,0,-1,-1, -1,-1,2021,25.0,2,0,0,2,3,26,0,,7,PRINCIPALE RUE,0,,2,2,0,1,(1),(1),3,, -1,1,0,1,50,5,6,1,59,59247,2,1,0,3,PRINCIPALE RUE,50.636941,3.189506,21,5,2
202100033370,142Â 121,A01,1,1,2,5,1,-1,-1,0,0,-1,2021,40.0,1,2,0,2,1,13,1,,2,RN85,0,,2,2,0,2,34,789,1,, -1,1,0,1,50,11,6,1,5,5061,1,1,0,1,RN85,44.58131,6.08122,14,4,2
202100042230,126Â 141,B01,5,2,2,5,2,8,-1,-1, -1,-1,2021,4.0,2,1,0,2,3,1,5,,3,180,0,,2,8,0,1,0,0,1,, -1,1,0,1,50,24,4,1,92,92063,2,2,0,3,BUZENVAL (PLACE DE),48.85722,2.19015,13,3,2
202100042255,126Â 101,B01,1,1,1,5,2,-1,-1,0,0,-1,2021,69.0,1,1,0,2,1,1,1,,3,142,0,,2,2,0,1,(1),(1),1,, -1,1,5,1,50,28,4,1,91,91405,2,2,0,3,Rue Jean Cocteau,48.400756,2.471758,16,2,2
202100006593,190Â 011,B01,1,1,2,0,1,-1,-1,-1, -1,-1,2021,44.0,0,2,0,2,1,1,1,,3,THUILLIER DELAMBRE (RUE),0,,2,0,0,1,(1),(1),1,, -1,2,0,1,50,19,11,1,80,80674,2,1,1,3,THUILLIER DELAMBRE (RUE),49.90205,2.326,11,2,2
202100036076,137Â 197,B01,1,1,1,5,2,0,-1,-1, -1,-1,2021,61.0,1,1,0,2,8,1,5,,4,MIRABEAU (BOULEVARD),0,,2,2,0,1,0,0,1,, -1,1,0,1,50,6,6,1,13,13203,2,1,0,3,MIRABEAU (BOULEVARD),43.3139721491,5.3685856175,16,2,2
202100044119,122Â 811,B01,1,1,1,0,2,-1,-1,-1, -1,-1,2021,22.0,3,1,0,2,1,17,1,,4,ST CYR (DE)                         (R ),0,,2,2,0,1,(1),(1),1,, -1,1,8,1,50,13,4,1,69,69389,2,3,0,3,SAINT-CY (DE) (R),45.7839,4.8082,14,2,2
202100049218,113Â 777,B01,1,1,1,5,1,-1,-1,-1, -1,-1,2021,49.0,2,2,0,2,8,1,1,,4,DOCTEUR COBLOD (DU)                 (BD),0,,2,2,0,1,(1),(1),1,, -1,1,0,1,50,4,3,1,69,69259,2,1,0,3,DOCTEUR COBLOD (DU) (BD) ,45.70238,4.88939,15,2,2
202100013472,177Â 656,B01,1,1,1,0,2,6,-1,0,0,-1,2021,16.0,2,1,0,2,1,1,1,,3,528,-1,,2,2,0,1,8,100,1,, -1,1,0,1,80,13,10,1,35,35067,1,2,0,3,Chene des Plaids,48.216652,-1.591467,17,2,2
202100004124,194Â 369,B01,1,1,1,1,8,0,-1,0,0,-1,2021,23.0,1,1,0,2,8,1,5,,4,BOULEVARD MORLAND,0,,2,4,1,1,(1),(1),1,, -1,1,-1,5,30,7,12,1,75,75104,2,4,0,3,BOULEVARD MORLAND,48.848262,2.36498,9,3,2
202100055436,102Â 763,A01,1,1,1,1,0,-1,-1,-1, -1,-1,2021,61.0,1,2,1,0,2,14,1,,4,LACASSAGNE                          (AV),0,,2,3,3,1,(1),(1),1,, -1,1,0,1,50,11,1,5,69,69383,2,1,0,6,LACASSAGNE (AV),45.74915,4.87708,17,1,1
202100019158,167Â 385,A01,1,1,1,0,2,8,-1,-1, -1,-1,2021,20.0,1,1,0,2,3,17,1,,7,ROBERTSAU (RUE DE LA),0,,2,2,0,1,(1),(1),1,, -1,1,0,1,50,12,9,1,67,67043,2,3,0,3,ROBERTSAU (RUE DE LA),48.61406,7.76062,10,2,2
202100056129,101Â 551,B01,1,1,1,1,2,6,-1,-1, -1,-1,2021,31.0,2,1,0,2,2,3,1,,1,A4,0,,3,8,0,1,12,300,2,, -1,1,0,1,110,6,1,1,93,93051,1,1,0,5,A4,48.83659,2.54138,8,4,4
202100005267,192Â 370,A01,10,3,1,0,0,-1,-1,3,3,1,2021,21.0,1,2,0,1,2,1,1,,4,ROMAINS (ROUTE DES),0,,3,4,3,1,0,0,1,, -1,1,0,1,50,29,11,1,67,67482,2,1,0,6,ROMAINS (ROUTE DES),48.579738,7.716917,8,2,1
202100004108,194Â 394,A01,1,1,1,9,8,0,-1,0,0,-1,2021,16.0,3,2,1,2,1,14,1,,4,PLACE FRANCOIS 1ER,0,,1,3,0,1,(1),(1),2,, -1,2,0,1,30,7,12,5,75,75108,2,7,1,3,PLACE FRANCOIS 1ER,48.8661380745,2.3075956106,20,6,2
202100014133,176Â 424,B01,2,2,2,0,2,0,-1,-1, -1,-1,2021,33.0,2,1,0,2,1,1,1,,1,AUTOROUTE A1,0,,3,6,3,1,3,0,1,, -1,1,0,1,90,8,10,1,972,97213,1,1,0,2,AUTOROUTE A1,14.6183,-61.03538,9,3,2
202100041636,127Â 179,B01,1,1,1,0,1,0,-1,-1, -1,-1,2021,35.0,2,2,0,2,8,1,1,,4,,0,,2,2,0,1,1,0,1,, -1,1,0,1,50,8,2,5,92,92025,2,2,0,3,E.VAILLANT > 2 A112   1 A 87 (RUE),48.9167005523,2.2378018498,18,2,2
202100051213,110Â 135,B01,1,1,1,1,2,-1,-1,0,0,-1,2021,38.0,2,1,0,2,7,1,1,,2,41,-1,,3,2,0,2,13,(1),1,, -1,1,0,1,-1,17,2,2,59,59653,1,1,0,3,Rocade des Weppes (Pont),50.590096,2.927856,18,2,2
202100054677,104Â 049,C01,1,1,1,0,1,0,-1,-1, -1,-1,2021,31.0,2,2,0,2,6,1,1,,7,WAMBRECHIES RUE DE,0,,2,2,0,1,(1),(1),1,, -1,5,0,1,50,16,1,2,59,59386,2,3,1,5,WAMBRECHIES RUE DE,50.67855,3.06378,17,7,3
202100018593,168Â 401,A01,1,1,1,1,1,0,-1,-1, -1,-1,2021,52.0,2,2,9,0,3,13,1,,4,DUGOMMIER (BOULEVARD)     1 A 29,0,,2,4,0,2,0,0,1,, -1,2,5,3,50,16,9,5,13,13201,2,1,1,1,DUGOMMIER (BOULEVARD)     1 A 29,43.29905,5.3809,6,1,1
202100014772,175Â 311,B01,1,1,1,0,1,0,-1,-1, -1,-1,2021,35.0,1,1,0,2,4,2,5,,4,BERCHERE (BOULEVARD),0,,2,2,0,1,0,0,1,, -1,1,0,1,30,5,10,1,91,91223,2,1,0,6,BERCHERE (BOULEVARD),48.43109,2.15961,13,2,2
202100007593,188Â 166,A01,1,1,1,0,1,8,-1,-1, -1,-1,2021,25.0,1,1,0,2,1,1,1,,4,VOSGES (AVENUE DES),0,,2,2,0,1,0,0,1,, -1,1,0,1,50,11,11,2,67,67482,2,3,0,3,VOSGES (AVENUE DES),48.59096,7.74625,17,2,2
202100001976,198Â 270,B01,1,1,2,0,1,0,-1,-1, -1,-1,2021,27.0,1,2,0,2,4,2,1,,1,A50-Sens Marseille vers Aubagne,0,,3,3,0,1,5,400,1,, -1,1,0,1,90,20,12,1,13,13211,1,1,0,4,A50-Sens Marseille vers Aubagne,43.29366,5.45748,10,4,3
202100039798,130Â 442,A01,10,3,2,0,0,-1,-1,1,9,1,2021,50.0,1,2,0,1,2,1,1,,4,ANANAS (ROUTE DES),0,,2,1,0,3,0,0,1,, -1,1,0,1,50,15,5,1,974,97411,1,1,0,6,ANANAS (ROUTE DES),-20.91852,55.4795,12,2,1
202100022799,160Â 852,A01,1,1,1,3,1,-1,-1,0,0,-1,2021,42.0,2,2,6,2,3,19,1,,3,HIPPODROME (RUE DE L'),0,,2,2,0,1,6,32,1,, -1,1,0,1,50,23,8,1,65,65251,2,1,0,1,HIPPODROME (RUE DE L'),43.2040026756,0.0697249601,11,2,2
202100047521,116Â 821,B01,1,1,1,9,2,0,-1,0,0,-1,2021,48.0,2,1,0,2,0,17,3,,4,RUE D AVRON,0,,2,2,0,2,(1),(1),1,, -1,2,0,1,50,18,3,1,75,75120,2,3,1,3,RUE D AVRON,48.851528,2.399526,16,2,2
202100024814,157Â 302,B01,2,2,1,5,2,6,-1,0,0,-1,2021,18.0,1,1,0,2,7,9,1,,3,6,-1,,2,2,0,1,(1),(1),1,, -1,1,5,1,30,10,8,5,29,29233,2,6,0,3,Rue Thiers,47.8739491864,-3.5500516891,23,3,2
202100023438,159Â 726,A01,1,1,2,0,8,0,-1,-1, -1,-1,2021,65.0,1,2,8,0,2,1,1,,3,RENNES (RUE DE),0,,2,2,0,1,0,0,1,, -1,1,0,1,50,22,7,1,22,22106,2,1,0,7,RENNES (RUE DE),48.4940843936,-2.7127510076,10,1,1
202100015572,173Â 850,A01,1,1,2,5,1,8,-1,-1, -1,-1,2021,57.0,3,2,8,0,3,13,1,,3,JUIN (V DU MARECHAL),0,,3,2,0,1,0,0,1,, -1,1,0,1,50,28,9,1,40,40192,2,1,0,1,JUIN (V DU MARECHAL),43.90195,-0.48084,18,1,1
202100029650,148Â 790,B01,1,1,2,5,1,-1,-1,0,0,-1,2021,39.0,1,2,0,2,2,2,1,,1,6,0,,3,5,0,1,362,0,1,, -1,1,0,1,130,10,7,1,71,71576,1,1,0,2,"Autoroute A6, PK 362.000, sens PARIS-LYON",46.5277005047,4.9190413894,12,8,2
202100044127,122Â 799,A01,1,1,1,0,2,6,-1,-1, -1,-1,2021,23.0,1,1,3,0,9,0,1,,3,GEORGES POMPIDOU,0,,2,2,0,1,42,599,1,,"7,8",1,0,1,80,10,4,3,79,79191,2,1,0,6,Boulevard Georges Pompidou,46.29728,-0.47294,10,1,1
202100021658,162Â 918,A01,1,1,1,9,2,0,-1,0,0,-1,2021,24.0,0,1,0,0,1,1,1,,4,QUAI BRANLY,0,,3,2,0,1,(1),(1),1,, -1,1,0,1,50,31,8,1,75,75107,2,1,0,7,QUAI BRANLY,48.859976,2.294598,18,1,1
202100015644,173Â 709,A01,1,1,1,9,2,0,-1,0,0,-1,2021,36.0,2,1,0,2,0,1,1,,4,RUE SAINT MAUR,0,,2,2,0,1,(1),(1),1,, -1,2,0,1,30,1,10,5,75,75111,2,2,1,3,RUE SAINT MAUR,48.861095,2.381153,22,3,2
202100053468,106Â 144,B01,1,1,2,1,1,0,-1,0,0,-1,2021,26.0,1,2,0,2,1,1,1,,4,,0,,3,4,0,1,1,0,1,, -1,1,0,1,50,27,1,1,14,14118,2,1,0,4,Boulevard Yves Guillou,49.177,-0.36722,14,5,3
202100040120,129Â 887,B01,1,1,1,5,2,6,-1,0,0,-1,2021,16.0,0,1,0,0,1,18,1,,7,908,-1,,2,2,0,2,22,300,1,, -1,1,0,1,50,20,4,1,13,13073,2,1,0,2,Le Terme,43.385316,5.559345,7,2,2
202100038026,133Â 691,B01,1,1,1,0,2,0,-1,-1, -1,-1,2021,0.0,0,1,0,2,1,1,1,,4,MIRELLE LAUZE (BOULEVARD),0,,3,3,0,1,1,100,1,, -1,1,0,1,50,27,5,1,13,13211,2,1,0,3,MIRELLE LAUZE (BOULEVARD),43.286829,5.431362,11,3,2
202100034223,140Â 572,A01,1,1,2,0,1,0,-1,-1, -1,-1,2021,32.0,1,2,0,2,7,15,1,,4,BD HENRI BARBUSSE,0,,2,2,0,1,0,100,1,, -1,1,0,1,50,15,6,1,91,91201,2,3,0,3,BD HENRI BARBUSSE,48.683331,2.41667,7,4,2
202100023988,158Â 758,A01,2,2,1,0,1,0,-1,-1, -1,-1,2021,1.0,2,2,0,0,2,14,1,,3,RD 41 (ROCADE),0,,1,2,0,1,6,300,2,, -1,2,2,1,60,15,8,1,972,97209,1,1,1,6,RD 41 (ROCADE),14.6052,-61.08847,16,2,1
202100030667,146Â 937,A01,10,3,2,5,0,-1,-1,3,3,2,2021,87.0,1,2,0,1,2,1,1,,3,83,0,,2,2,0,1,(1),(1),3,, -1,1,0,1,50,5,7,1,81,81105,2,1,1,6,30 Avenue Gambetta,43.760115,1.988,18,2,1
202100050849,110Â 793,A01,1,1,1,5,2,6,-1,-1,0,-1,2021,23.0,2,1,0,2,8,13,1,,1,AUTOROUTE A115,0,,3,4,0,1,4,0,3,, -1,1,0,1,90,20,2,1,95,95491,1,1,0,6, A115,49.0064000238,2.2435928422,12,2,2
202100054693,104Â 025,B01,1,1,1,5,1,0,-1,-1, -1,-1,2021,33.0,1,2,0,2,3,1,1,,3,JOURDAIN THEODULE (rue),0,,2,2,0,1,1,0,1,, -1,1,0,1,50,17,1,1,94,94074,2,1,0,1,Rue ThÃ©odule Jourdain,48.77036,2.44668,10,2,2
202100049003,114Â 163,A01,3,2,2,5,8,-1,-1,0,0,-1,2021,18.0,1,2,6,0,2,1,1,,3,17,-1,A,2,2,0,4,18,190,3,, -1,1,2,3,50,7,3,2,29,29102,1,1,0,6,D17 - Rue de l'Aulne,48.2195554965,-3.7064648271,7,5,1
202100041546,127Â 342,A01,1,1,1,5,2,8,-1,-1, -1,-1,2021,30.0,2,1,0,2,1,1,1,,3,BUNAU VARILLA -AV-,0,,2,2,0,1,(1),(1),1,, -1,1,5,1,50,2,5,1,11,11069,2,2,0,3,BUNAU VARILLA -AV-,43.20776,2.33692,16,3,2
202100042512,125Â 631,B01,1,1,2,0,1,0,-1,-1, -1,-1,2021,20.0,2,2,0,2,7,1,1,,4,CHAPIT RE ( RUE DU),0,,1,1,0,1,0,0,1,, -1,1,0,1,50,25,4,5,93,93005,2,2,0,3,Rue Diderot,48.9218647871,2.4813437462,3,2,2
202100039745,130Â 539,C01,1,1,1,1,1,-1,-1,0,0,-1,2021,41.0,2,2,0,2,1,2,1,,2,176,0,,3,4,0,1,5,0,1,, -1,2,0,1,110,16,5,1,35,35248,1,1,1,4,N176,48.56605,-1.592702,16,3,3
202100011074,181Â 930,A01,2,2,2,0,2,0,-1,-1, -1,-1,2021,27.0,2,1,0,2,3,5,1,,4,FRANCE ANATOLE RUE,0,,1,2,2,1,(1),(1),1,, -1,1,0,1,50,22,10,5,59,59350,2,3,0,3,FRANCE ANATOLE RUE,50.637474,3.065563,20,3,2
202100049711,112Â 887,A01,1,1,1,5,1,-1,-1,0,0,-1,2021,17.0,1,2,2,0,1,1,1,,3,4,-1,,2,2,0,1,58,740,1,, -1,1,0,3,50,2,3,5,4,4116,2,1,0,6,RD 4,44.03314,5.985838,1,1,1
202100004230,194Â 187,B01,1,1,1,0,8,0,-1,-1, -1,-1,2021,21.0,1,1,0,2,7,1,3,,3,RUE DE LARCHANT,0,,2,2,0,2,0,127,1,, -1,2,-1,1,50,6,12,1,77,77431,2,2,0,3,D16,48.26678,2.68582,9,2,2
202100014272,176Â 189,A01,1,1,1,0,1,-1,-1,0,0,-1,2021,56.0,1,2,3,0,1,12,1,,1,41,0,A,2,4,0,1,18,200,1,, -1,1,0,2,130,10,10,1,38,38214,1,1,0,7,A41S pk 018+200,45.305803,5.92839,10,1,1
202100040754,128Â 762,B01,1,1,2,4,1,8,-1,-1, -1,-1,2021,55.0,0,3,0,2,1,1,1,2.0,4,MITTERRAND FRANCOIS (AVENUE),0,,2,5,3,1,0,0,1,, -1,1,5,1,50,6,5,1,30,30189,2,6,0,3,MITTERRAND FRANCOIS (AVENUE),43.8115,4.3667,9,3,2
202100015545,173Â 896,A01,1,1,2,5,1,0,-1,-1, -1,-1,2021,82.0,1,2,9,0,1,26,1,,4,MARTIN LUTHER KING,0,,3,4,0,1,(1),(1),1,, -1,2,0,1,50,2,10,1,62,62193,2,1,1,6,MARTIN LUTHER KING,50.954132,1.890835,13,1,1
202100034674,139Â 747,C01,1,1,1,1,0,-1,-1,0,0,-1,2021,25.0,3,1,0,0,8,19,3,,3,6007,-1,,3,2,2,1,6,232,1,, -1,1,9,8,50,14,6,1,6,6079,2,1,0,4,D6007,43.55017,6.946418,18,3,3
202100046197,119Â 193,A01,1,1,1,5,8,-1,-1,0,0,-1,2021,28.0,3,2,0,0,3,0,1,,4,,-1,,2,2,0,1,(1),(1),1,, -1,1,0,3,80,27,3,3,62,62865,1,1,0,7,Rue Nobled,50.324841,2.995148,19,1,1
202100038612,132Â 617,A01,1,1,1,0,2,6,-1,-1, -1,-1,2021,30.0,3,1,0,2,1,1,1,,3,GUE (RUE DU),0,,2,2,0,1,0,100,1,, -1,1,5,1,30,22,5,1,91,91421,2,2,0,3,JEAN JAURES (AVENUE),48.71328,2.44897,12,2,2
202100048557,114Â 955,B01,10,3,2,0,0,-1,-1,5,B,1,2021,21.0,1,1,0,1,8,1,1,,4,TILSIT (RUE),0,,1,1,0,1,(1),(1),1,, -1,1,0,1,50,9,3,1,13,13206,2,2,0,6,TILSIT (RUE),43.29273,5.38752,15,4,2
202100040224,129Â 698,B01,1,1,1,4,8,0,-1,0,0,-1,2021,26.0,1,1,0,2,1,2,5,,4,BOULEVARD HAUSSMANN,0,,1,1,0,1,(1),(1),1,, -1,1,0,1,50,12,5,1,75,75109,2,7,0,2,BOULEVARD HAUSSMANN,48.873139,2.331519,15,2,2
202100051533,109Â 582,B01,1,1,1,5,2,-1,-1,0,0,-1,2021,20.0,1,1,0,2,8,21,1,,3,154,0,F,2,1,0,2,0,600,1,, -1,1,0,1,50,13,2,1,57,57530,2,1,0,3,Route de Boulay,49.205216,6.528531,16,2,2
202100019206,167Â 297,B01,1,1,2,2,2,0,-1,0,0,-1,2021,16.0,1,1,0,2,8,7,3,,4,RUE LECOURBE,0,,1,3,3,1,(1),(1),1,, -1,1,0,6,50,13,9,1,75,75115,2,2,0,3,RUE LECOURBE,48.839257,2.291975,12,2,2
202100048685,114Â 731,A01,1,1,2,2,2,0,-1,-1, -1,-1,2021,26.0,2,1,0,2,1,1,5,,4,LUCE (BOULEVARD),0,,1,2,0,1,1,0,1,, -1,1,0,1,50,9,3,1,13,13208,2,2,0,3,LUCE (BOULEVARD),43.2573637921,5.3942857122,14,2,2
202100001416,199Â 246,A01,10,3,2,5,0,-1,-1,2,3,1,2021,17.0,1,2,0,1,0,1,-1,,3,1,-1,,3,4,0,1,(1),(1),1,, -1,1,0,1,50,27,12,5,988,98817,2,1,0,6,avenue des deux baies,-22.229317,166.523691,2,2,1
202100002172,197Â 903,A01,1,1,1,9,2,6,9,0,0,-1,2021,15.0,2,1,0,2,1,13,1,,3,916,0,,2,2,0,1,1,150,3,, -1,1,0,1,80,21,12,1,76,76450,1,1,0,1,D916,49.415482,1.631706,15,2,2
202100046759,118Â 192,A01,1,1,1,5,2,0,-1,-1, -1,-1,2021,37.0,1,1,14,2,1,13,1,,4,PONT JUVENAL (AVENUE DU),0,,3,2,0,2,(1),(1),3,, -1,1,1,1,50,23,3,1,34,34172,2,1,0,1,PONT JUVENAL (AVENUE DU),43.60699,3.88313,18,2,2
202100027934,151Â 775,A01,1,1,2,1,1,8,-1,0,0,-1,2021,59.0,1,2,0,2,3,1,1,,3,CHATEAUNEUF (Route de),0,,2,2,0,1,2,200,1,, -1,1,0,1,70,5,7,1,26,26198,2,1,0,3,135 Route de Chateauneuf,44.53052,4.73644,19,2,2
202100041551,127Â 334,A01,1,1,1,9,2,6,-1,0,0,-1,2021,22.0,1,1,0,2,3,18,1,,4,AVENUE DE LA PORTE DES LILAS,0,,2,2,0,1,(1),(1),3,, -1,1,0,1,50,3,5,1,75,75120,2,2,0,3,AVENUE DE LA PORTE DES LILAS,48.877968,2.409539,12,2,2
202100009915,183Â 967,B01,1,1,1,1,1,0,-1,0,0,-1,2021,50.0,1,2,0,2,7,1,1,,7,VERANY (BD J.B.),0,,1,3,0,1,(1),(1),1,, -1,2,0,1,50,1,11,2,6,6088,2,2,1,3,VERANY (BD J.B.),43.71168,7.28433,7,2,2
202100047262,117Â 282,A01,1,1,1,0,1,0,-1,-1, -1,-1,2021,46.0,1,5,0,2,3,26,1,,4,PARMENTIER (RUE),0,,1,1,0,1,1,0,1,, -1,1,0,1,50,20,3,1,93,93049,2,2,0,3,PARMENTIER (RUE),48.8570740018,2.5014853497,16,2,2
202100030711,146Â 862,B01,1,1,1,0,2,6,-1,-1, -1,-1,2021,16.0,2,1,0,2,1,17,1,,4,Hauts Vallons - Majicavo ( rue des),0,,2,0,0,1,0,0,1,, -1,1,0,1,50,1,7,1,976,97610,2,1,0,3,Hauts Vallons - Majicavo ( rue des),-12.75504,45.23283,14,2,2
202100054462,104Â 411,A01,1,1,1,4,1,5,-1,-1, -1,-1,2021,34.0,1,5,0,2,2,1,1,,2,RN 296,0,,1,6,0,1,160,0,1,, -1,1,0,1,90,18,1,4,13,13001,1,1,0,2,RN 296,43.5635733332,5.4614492735,6,2,2
202100024520,157Â 830,A01,1,1,2,9,2,6,-1,-1, -1,-1,2021,24.0,0,1,0,0,0,1,1,,4,VILLERBON (RUE DE),0,,2,2,0,1,(1),(1),2,, -1,1,0,3,80,10,8,1,41,41047,2,1,0,7,VILLERBON (RUE DE),47.60729,1.34863,11,1,1
202100023764,159Â 139,A01,1,1,1,5,0,-1,-1,0,0,-1,2021,21.0,1,1,0,9,1,5,5,,3,,-1,,2,2,1,1,11,200,3,,4,1,0,5,-1,18,8,1,74,74213,2,1,0,1,D14,45.914863,6.053833,8,2,2
202100018825,167Â 995,B01,1,1,1,0,1,0,-1,-1, -1,-1,2021,38.0,1,1,0,2,3,7,1,,3,BROSSOLETTE AVENUE PIERRE,0,,-1,2,1,1,0,1,1,, -1,1,0,1,50,14,9,1,92,92046,2,9,0,3,BROSSOLETTE AVENUE PIERRE,48.8128291924,2.3015908005,18,2,2
202100040998,128Â 335,A01,1,1,1,5,2,6,-1,0,0,-1,2021,61.0,1,1,0,0,0,1,1,,3,82,0,,2,2,0,1,12,(1),1,, -1,9,0,1,80,7,5,1,14,14406,1,1,0,7,route dÃ©partemental 82,49.259557,-0.576847,7,1,1
202100020050,165Â 788,A01,1,1,1,5,0,0,-1,-1, -1,-1,2021,35.0,2,1,1,0,3,5,5,,4,AVENUE JEAN JEROME LEVIE,0,,2,2,0,2,(1),(1),1,, -1,1,0,1,50,9,9,5,201,201004,1,1,0,1,LEVIE JEAN JEROME AVENUE,41.92628,8.73858,0,2,2
202100055658,102Â 368,A01,1,1,1,0,2,6,-1,-1, -1,-1,2021,19.0,2,1,0,9,0,1,1,,3,CHARLES DE GAULLE (AVENUE),0,,2,2,1,1,20,750,1,, -1,1,0,1,50,9,1,1,78,78481,2,1,0,7,CHARLES DE GAULLE (AVENUE),48.89178,2.10449,14,1,1
202100004417,193Â 866,A01,10,3,1,1,0,-1,-1,3,3,1,2021,38.0,-1,2,0,1,2,15,1,,3,BALLANGER ROBERT (AVENUE),0,,1,4,0,1,0,1,1,, -1,2,2,1,50,6,12,5,93,93071,2,7,1,6,BALLANGER ROBERT (AVENUE),48.9363325173,2.531235978,18,2,1
202100004065,194Â 483,A01,10,3,2,5,0,-1,-1,3,3,1,2021,87.0,2,2,0,1,1,1,1,,2,PYRENEES (AVENUE DES),0,,2,2,0,1,50,800,1,, -1,2,0,1,50,7,12,1,32,32013,2,1,0,7,PYRENEES (AVENUE DES),43.636,0.5835,9,2,1
202100048347,115Â 340,A01,1,1,2,1,1,-1,-1,0,0,-1,2021,43.0,1,2,0,2,1,2,1,,7,29,-1,,2,2,2,1,15,1291,1,, -1,1,0,1,80,10,3,1,35,35334,1,3,0,2,La Grande RÃ©autÃ© (Ãpicerie),48.141023,-1.572007,17,2,2
202100004789,193Â 216,A01,10,3,1,9,0,-1,-1,2,3,1,2021,65.0,2,2,0,1,1,15,1,,4,DANIEL CASANOVA (BOULEVARD),0,,2,2,0,1,0,0,1,, -1,2,0,1,50,4,12,1,13,13214,2,3,1,6,DANIEL CASANOVA (BOULEVARD),43.32648,5.37447,14,4,1
202100048294,115Â 428,A01,1,1,2,9,8,0,-1,0,0,-1,2021,19.0,1,1,0,0,0,1,5,,4,QUAI DE LA RAPEE,0,,1,1,0,1,(1),(1),1,, -1,1,0,1,50,5,3,1,75,75112,2,3,0,7,QUAI DE LA RAPEE,48.8408630358,2.3738380618,17,1,1
202100025354,156Â 337,A01,1,1,1,5,2,6,-1,0,0,-1,2021,24.0,2,1,13,0,1,0,1,,3,49,-1,,2,2,0,2,0,621,3,, -1,2,0,3,80,7,8,1,51,51036,1,1,0,7,D49,48.6587874386,3.6855874438,18,1,1
202100029926,148Â 310,A01,1,1,2,0,8,0,-1,-1, -1,-1,2021,36.0,1,2,0,2,1,14,1,,1,A55-Sens Marseille vers Martigues,0,,1,2,0,1,19,600,1,, -1,1,0,8,110,2,7,1,13,13043,1,1,0,5,A55-Sens Marseille vers Martigues,43.3844238707,5.2348025836,13,1,1
202100050214,111Â 957,A01,1,1,1,1,2,0,-1,0,0,-1,2021,26.0,2,1,0,2,3,18,1,,4,AVENUE DES TERNES,0,,3,4,0,1,(1),(1),1,, -1,1,0,1,50,25,2,1,75,75117,2,2,0,3,AVENUE DES TERNES,48.880355,2.286793,11,2,2
202100008947,185Â 723,Z01,10,3,2,5,8,8,-1,2,3,1,2021,87.0,1,2,0,1,2,26,1,,3,MENDES FRANCE - BOULEVARD,0,,2,2,0,1,50,0,1,, -1,1,0,1,50,6,11,1,59,59183,2,1,0,7,MENDES FRANCE - BOULEVARD,51.0399323811,2.4055460257,12,2,1