Num_Acc,id_vehicule,num_veh,place,catu,sexe,trajet,secu1,secu2,secu3,locp,actp,etatp,year_acc,victim_age,senc,catv,obs,obsm,choc,manv,motor,occutc,catr,voie,v1,v2,circ,nbv,vosp,prof,pr,pr1,plan,lartpc,larrout,surf,infra,situ,vma,jour,mois,lum,dep,com,agg_,int,atm,col,adr,lat,long,hour,nb_victim,nb_vehicules
202100037050,135Â 473,A01,10,3,2,5,0,-1,-1,5,1,1,2021,67.0,0,1,0,1,7,26,3,,4,RUE DE L AMBROISIE,0,,-1,0,3,2,(1),(1),1,, -1,1,6,8,10,1,6,1,75,75112,2,1,0,6,RUE DE L AMBROISIE,48.834719,2.384874,18,2,1
202100025006,156Â 953,B01,2,2,2,5,1,4,-1,-1, -1,-1,2021,75.0,2,2,0,2,1,2,2,,2,35 PK RN11 NANTES ROCADE,0,,3,4,0,1,117,1043,1,, -1,1,0,1,70,8,8,1,17,17291,1,1,0,4,35 PK RN11 NANTES ROCADE,46.17177,-1.12096,9,6,4
202100007007,189Â 232,B01,1,1,1,1,8,0,-1,-1, -1,-1,2021,42.0,3,1,0,0,0,0,5,,4,FABRI DE PEIRESC (AVENUE),0,,2,2,0,1,0,0,1,, -1,1,0,1,50,20,11,1,83,83062,1,1,0,6,FABRI DE PEIRESC (AVENUE),43.14107,6.03003,10,2,2
202100040547,129Â 134,C01,1,1,2,1,1,-1,-1,0,0,-1,2021,60.0,1,2,0,2,1,1,1,,3,101,-1,,2,2,0,3,21,400,1,,5,1,0,1,80,11,5,1,62,62258,1,1,0,6,D101,50.357354,2.240712,10,2,2
202100021973,162Â 352,A01,1,1,1,5,2,-1,-1,0,0,-1,2021,20.0,1,1,0,2,3,14,1,,3,937,-1,,2,2,0,3,5,500,1,, -1,1,0,8,50,26,8,1,80,80726,2,3,0,3,Rue du Moulin,49.773099,3.04221,17,2,2
202100040379,129Â 429,B01,1,1,1,0,1,0,-1,-1, -1,-1,2021,59.0,1,1,0,2,2,0,1,,3,LENINE (AVENUE) NÂ°36 AU 120 ET NÂ°45 AU 1,0,,1,2,0,1,0,0,1,, -1,1,0,1,50,11,5,1,93,93059,2,1,0,3,LENINE (AVENUE) NÂ°36 AU 120 ET NÂ°45 AU 1,48.95479,2.35733,17,2,2
202100007073,189Â 115,A01,2,2,1,5,8,-1,-1,0,0,-1,2021,13.0,1,6,2,0,0,1,1,,3,27,-1,,2,2,0,1,6,340,3,, -1,9,0,3,80,21,11,1,56,56081,1,1,0,6,Kerandraon,48.086399,-3.6380276,15,2,1
202100001676,198Â 801,A01,1,1,2,9,1,-1,-1,-1,0,-1,2021,28.0,1,5,4,0,1,14,1,,1,AUTOROUTE A15,0,,1,1,0,2,15,0,3,, -1,1,3,1,50,23,12,1,95,95306,1,1,0,6,A15,48.9958373785,2.1804642677,12,1,1
202100014720,175Â 403,A01,1,1,1,5,1,-1,-1,0,0,-1,2021,66.0,2,2,0,0,0,24,1,,3,643,0,,2,2,0,1,(1),(1),1,, -1,1,0,3,70,27,9,1,59,59228,2,1,0,7,Route Nationale 43,50.3409455977,3.0959012598,16,1,1
202100023880,158Â 945,Z01,10,3,1,1,8,8,-1,1,A,2,2021,55.0,3,0,0,1,2,26,0,,7,LORRAINE BOULEVARD,0,,2,1,0,1,(1),(1),1,, -1,1,0,1,50,16,8,1,59,59350,2,1,0,6,LORRAINE BOULEVARD,50.63361,3.03869,15,2,1
202100049752,112Â 811,A01,1,1,1,0,2,6,-1,-1, -1,-1,2021,59.0,2,1,0,0,8,1,1,,3,BASQUE (AVENUE DU GRAND),0,,2,2,0,1,4,760,2,, -1,2,0,1,50,28,2,1,64,64102,2,6,1,7,BASQUE (AVENUE DU GRAND),43.49093,-1.45352,15,1,1
202100000904,200Â 131,A01,1,1,2,5,1,-1,-1,0,0,-1,2021,20.0,2,2,0,0,4,21,1,,3,4,-1,,2,2,0,1,16,80,1,, -1,1,0,1,80,30,12,3,1,1333,1,1,0,2,Route de Meximieux,45.9238239499,4.9982213974,18,2,2
202100044014,123Â 002,A01,10,3,2,0,8,8,-1,1,3,1,2021,51.0,2,2,0,1,1,13,1,,4,,0,,2,2,0,1,(1),(1),1,, -1,1,0,1,50,12,4,1,71,71486,2,1,0,6,MAX DORMOY (AVENUE),46.64582,4.31994,15,2,1
202100010393,183Â 137,A01,1,1,1,3,1,-1,-1,0,0,-1,2021,27.0,1,2,1,0,9,1,1,,1,8,-1,,3,3,0,1,121,700,1,, -1,1,0,1,130,29,10,1,83,83107,1,1,0,5,A8 PK 121+700,43.4592532005,6.6005086899,12,7,3
202100032670,143Â 367,B01,1,1,2,9,1,8,-1,-1, -1,-1,2021,21.0,3,2,0,2,2,15,1,,4,SAINT-JEAN BAPTISTE DE LA SALLE,0,,2,4,2,1,(1),(1),1,, -1,1,5,1,50,23,6,1,35,35238,2,3,0,3,SAINT-JEAN BAPTISTE DE LA SALLE,48.11466,-1.70095,14,2,2
202100007985,187Â 461,A01,10,3,1,5,0,-1,-1,1,3,1,2021,5.0,2,2,0,1,3,1,2,,3,CHAR-D'ARGENT (RUE DU),0,,2,2,2,1,34,400,1,, -1,2,0,1,50,13,11,1,88,88160,2,1,0,6,CHAR-D'ARGENT (RUE DU),48.1528,6.44994,11,2,1
202100048210,115Â 583,A01,1,1,1,0,2,6,9,-1, -1,-1,2021,26.0,1,1,16,0,8,0,1,,1,ROCADE A 630,0,,1,2,0,1,0,390,2,, -1,2,3,1,50,13,3,1,33,33249,1,1,1,7,Rocade Rive Droite N230,44.8849196,-0.5110737,17,1,1
202100034774,139Â 554,B01,1,1,2,5,1,0,-1,-1, -1,-1,2021,26.0,2,2,0,2,2,13,2,,3,MONTGOLFIERS (AVENENUE DES FRERES),0,,2,2,0,1,57,300,1,, -1,1,0,1,50,11,6,5,7,7316,2,1,0,4,MONTGOLFIERS (AVENENUE DES FRERES),44.89831,4.8519,22,5,4
202100054994,103Â 512,A01,1,1,1,1,1,8,-1,-1, -1,-1,2021,43.0,2,5,0,2,1,2,1,,1,A86,0,,3,4,0,1,1,600,1,, -1,2,0,1,90,15,1,3,92,92050,1,1,0,2,A86,48.9124918228,2.2178503551,7,2,2
202100054555,104Â 258,B01,4,2,2,9,1,8,-1,-1, -1,-1,2021,9.0,1,2,0,2,2,1,1,,4,INDUSTRIE (RUE DE L'),0,,2,2,0,1,(1),(1),2,, -1,2,5,1,50,13,1,1,89,89387,2,3,1,3,INDUSTRIE (RUE DE L'),48.2069944384,3.2700984166,13,3,2
202100023399,159Â 793,B01,5,2,2,5,1,0,-1,-1, -1,-1,2021,16.0,1,2,0,2,1,2,1,,1,AUTOROUTE A21,0,,1,4,0,1,3,299,1,, -1,1,0,1,130,18,8,3,62,62510,1,1,0,2,AUTOROUTE A21,50.437224,2.747467,21,6,2
202100001033,199Â 920,A01,10,3,1,9,0,-1,-1,1,9,1,2021,32.0,1,2,0,1,1,1,1,,4,BOISSY D'ANGLAS (RUE),0,,2,2,0,1,(1),(1),1,, -1,1,0,1,30,27,12,1,26,26198,2,1,0,6,Rue FranÃ§ois Boissy dâAnglas,44.532587,4.764387,17,2,1
202100046862,118Â 013,B01,1,1,1,5,2,0,-1,-1, -1,-1,2021,71.0,2,1,14,2,3,17,1,,4,MALARTIC (RUE),0,,2,3,1,1,0,0,1,, -1,1,0,1,50,23,3,1,974,97411,2,1,0,3,MALARTIC (RUE),-20.8886,55.4529,9,2,2
202100024259,158Â 304,B01,1,1,1,9,1,0,-1,-1, -1,-1,2021,34.0,2,5,0,2,3,1,1,,4,PASSIO-VELLA (CHEMIN DE LA),0,,2,2,0,1,0,0,1,, -1,1,0,1,50,12,8,1,66,66136,2,1,0,5,PASSIO-VELLA (CHEMIN DE LA),42.68742981,2.9006172717,17,3,3
202100019947,165Â 978,A01,10,3,2,0,0,-1,-1,1,3,1,2021,23.0,2,2,0,1,2,1,1,,1,10,-1,,3,3,0,2,208,800,1,,14,1,2,1,90,10,9,5,37,37261,1,1,0,6,A10,47.3783826465,0.7137311631,4,2,1
202100047546,116Â 780,B01,1,1,2,1,2,4,-1,-1, -1,-1,2021,27.0,2,1,0,2,1,1,5,,4,COLOMBES ( RUE DE 31 A ),0,,2,2,0,1,0,0,1,, -1,1,0,1,50,18,3,1,92,92004,2,3,0,3,COLOMBES ( RUE DE 31 A ),48.9139413675,2.2805542499,9,2,2
202100004649,193Â 461,A01,1,1,1,9,1,0,-1,-1, -1,-1,2021,35.0,1,5,1,0,1,1,1,,4,FLEMING (RUE ALEXANDER),0,,2,2,0,1,0,0,1,, -1,1,0,1,50,6,9,1,19,19031,2,1,0,6,FLEMING (RUE ALEXANDER),45.15313,1.51412,8,1,1
202100037977,133Â 776,B01,1,1,1,0,1,0,-1,-1, -1,-1,2021,23.0,1,2,0,2,2,17,0,,3,STRASBOURG (AVENUE DE),0,,3,2,0,1,42,848,1,, -1,1,0,1,50,26,5,1,77,77131,2,1,0,3,STRASBOURG (AVENUE DE),48.80514,3.08487,21,4,2
202100053602,105Â 907,A01,1,1,1,2,2,0,-1,-1, -1,-1,2021,16.0,1,1,0,0,8,1,1,,4,JAURES (BOULEVARD JEAN),0,,2,2,0,2,(1),(1),1,, -1,7,0,6,50,25,1,2,37,37122,2,1,0,7,JAURES (BOULEVARD JEAN),47.3496737244,0.6711872833,7,1,1
202100006615,189Â 965,A01,1,1,1,0,2,0,-1,-1, -1,-1,2021,14.0,1,1,0,0,0,1,1,,3,PATTON GENERAL RTE ST-AUBIN A AV RUBILLA,0,,1,1,0,2,0,0,1,, -1,2,0,1,50,21,11,1,72,72181,2,1,1,7,PATTON GENERAL RTE ST-AUBIN A AV RUBILLA,48.02012,0.17037,14,1,1
202100035366,138Â 496,A01,1,1,1,5,2,6,-1,0,0,-1,2021,17.0,1,1,0,2,8,1,1,,3,2089,0,,2,3,0,1,36,350,1,, -1,1,0,1,80,30,5,1,63,63420,1,2,0,3,Intersection D2089 et D104,45.814354,3.337322,19,2,2
202100007520,188Â 315,A01,1,1,1,1,1,-1,-1,0,0,-1,2021,43.0,2,2,0,2,3,1,1,,3,52,-1,,2,2,0,1,40,100,1,, -1,1,0,1,70,19,11,3,68,68352,1,3,0,5,D52 PK 40 + 100 mÃ¨tres,48.018061,7.569076,17,4,4
202100034516,140Â 031,A01,1,1,1,5,2,-1,-1,0,0,-1,2021,57.0,2,1,0,2,1,1,1,,3,158,-1,,2,2,3,2,0,373,1,,5,1,0,1,70,14,6,1,34,34157,1,3,0,3,RD 158,43.44298,3.580631,16,2,2
202100050281,111Â 838,A01,1,1,1,1,2,6,-1,0,0,-1,2021,45.0,1,1,0,6,1,21,1,,3,34,-1,,2,2,0,1,12,700,1,, -1,1,0,1,80,25,2,3,29,29032,1,1,0,6,D34 - Route du Drennec,47.902707,-4.078674,23,1,1
202100017459,170Â 419,A01,1,1,2,0,1,0,-1,-1, -1,-1,2021,22.0,2,2,0,2,1,1,1,,4,AEROPORT INTERNATIONAL (BOULEVARD DE L'),0,,1,3,3,1,(1),(1),1,, -1,1,0,6,30,21,9,1,34,34172,2,2,0,3,AEROPORT INTERNATIONAL (BOULEVARD DE L'),43.6088,3.89424,19,4,2
202100012227,179Â 865,A01,10,3,1,0,8,8,-1,2,3,1,2021,7.0,0,2,1,0,1,1,1,,4,LYON (RUE DE),0,,1,1,0,1,(1),(1),1,, -1,1,0,1,50,19,10,5,13,13215,2,1,0,6,LYON (RUE DE),43.32322,5.36788,19,2,1
202100052949,107Â 075,B01,1,1,1,3,0,-1,-1,0,0,-1,2021,29.0,2,1,0,2,6,1,5,,4,RT301,0,,2,2,0,1,0,100,1,, -1,1,0,1,30,1,2,1,987,98753,2,1,0,2,Mataura,-23.371731,-149.481316,18,2,2
202100029651,148Â 788,A01,2,2,2,0,1,-1,-1,0,0,-1,2021,44.0,2,2,12,0,1,0,1,,2,2,0,,2,2,0,2,36,500,2,, -1,1,0,1,70,9,7,3,972,97218,1,1,0,6,Plateau Sable,14.767047,-61.147338,20,2,1
202100035302,138Â 603,B01,1,1,1,9,2,0,-1,0,0,-1,2021,32.0,2,1,0,2,3,1,1,,4,RUE DU COMMANDANT L HERMINIER,0,,2,4,0,1,(1),(1),1,, -1,1,0,1,30,10,6,1,75,75120,2,2,0,3,RUE DU COMMANDANT L HERMINIER,48.84671,2.415866,7,2,2
202100007693,188Â 001,B01,1,1,1,3,1,0,-1,-1, -1,-1,2021,65.0,1,2,0,2,4,23,1,,3,920,0,,1,1,1,1,0,0,1,, -1,2,0,1,50,15,11,5,92,92002,2,1,1,4,ARISTIDE BRIAND (AVENUE),48.7556099112,2.3058414459,18,4,4
202100033594,141Â 718,A01,1,1,1,2,8,0,-1,-1, -1,-1,2021,15.0,1,1,0,2,1,19,3,,4,DE GAULLE (AV. DU GAL),0,,3,5,1,2,(1),(1),1,, -1,1,5,1,50,18,6,1,37,37208,2,2,0,6,DE GAULLE (AV. DU GAL),47.3562944971,0.7271414995,17,2,2
202100052146,108Â 501,B01,1,1,1,5,8,0,-1,0,0,-1,2021,28.0,1,1,0,2,0,1,3,,4,RUE D AMSTERDAM,0,,2,2,1,2,(1),(1),1,, -1,2,-1,5,30,7,2,5,75,75108,2,3,0,3,RUE D AMSTERDAM,48.880433,2.327052,18,2,2
202100025094,156Â 799,A01,1,1,1,5,1,8,-1,-1, -1,-1,2021,20.0,1,2,3,6,3,21,1,,2,RN12 INT,0,,-1,2,0,1,35,200,1,, -1,9,0,1,110,7,8,3,78,78490,1,1,0,6,RN12 INT,48.800429,1.938906,4,3,1
202100028074,151Â 530,B01,1,1,1,4,1,-1,-1,-1, -1,-1,2021,56.0,2,2,0,2,4,2,1,,1,ROCADE A 630,0,,3,7,0,1,31,500,1,, -1,1,0,1,90,20,7,1,33,33550,1,1,0,2,ROCADE A 630,44.778921,-0.552957,9,3,2
202100017642,170Â 084,A01,1,1,1,1,1,0,-1,-1, -1,-1,2021,38.0,0,2,0,2,1,5,1,,4,CASSIN ( BD RENE ),0,,1,1,0,1,(1),0,3,, -1,1,0,1,50,21,9,1,44,44109,2,6,0,1,CASSIN ( BD RENE ),47.26427,-1.574,16,2,2
202100029260,149Â 458,A01,1,1,1,5,6,2,-1,0,0,-1,2021,44.0,2,1,3,0,8,1,1,,3,12,-1,,2,2,0,2,(1),(1),4,, -1,1,0,1,80,19,2,2,74,74212,1,1,0,7,Rte des Eveaux,46.027381,6.391693,18,1,1
202100049699,112Â 903,A01,1,1,1,5,2,6,9,0,0,-1,2021,29.0,1,1,0,0,9,2,1,,3,52,-1,,2,2,0,1,33,144,3,, -1,1,0,1,80,28,2,1,76,76543,1,1,0,7,D52,49.614603,0.48784,16,1,1
202100043529,123Â 855,A01,1,1,1,1,1,-1,-1,0,0,-1,2021,51.0,2,2,0,2,1,5,1,,3,49,-1,E,2,2,0,1,25,100,3,, -1,1,0,1,70,20,4,1,62,62290,1,1,1,1,D49e1,50.334231,2.763155,9,2,2
202100048727,114Â 662,A01,1,1,2,9,1,-1,-1,0,0,-1,2021,67.0,0,2,7,0,7,19,1,,3,203,0,D,2,2,0,1,0,800,1,, -1,1,9,1,80,9,3,1,42,42120,1,2,1,3,Route de Saint Jean,45.9921731868,3.9968803168,8,2,2
202100007554,188Â 238,B01,1,1,1,1,1,0,-1,-1, -1,-1,2021,28.0,1,2,0,2,4,2,1,,1,AUTOROUTE A1,0,,3,10,0,1,12,600,3,, -1,1,0,1,90,18,11,2,93,93005,1,1,0,2,AUTOROUTE A1,48.96374,2.47295,5,2,2
202100039115,131Â 713,A01,1,1,2,1,1,-1,-1,0,0,-1,2021,50.0,2,2,0,5,1,1,1,,2,RN 165,0,,3,4,0,1,57,500,1,, -1,1,0,1,110,20,5,3,29,29232,1,1,0,6,N165 - Le Loch,48.01722,-4.08108,4,1,1
202100025147,156Â 707,A01,1,1,2,1,8,8,-1,0,0,-1,2021,21.0,3,1,0,2,2,19,3,,4,AVENUE DU GENERAL LECLERC,0,,2,4,0,1,(1),(1),1,, -1,1,0,1,50,7,8,1,75,75114,2,7,0,3,AVENUE DU GENERAL LECLERC,48.8280250626,2.3269782588,9,2,2
202100045699,120Â 055,B01,1,1,1,4,2,-1,-1,0,0,-1,2021,48.0,1,1,0,2,5,1,5,,4,,-1,,1,1,0,1,(1),(1),2,, -1,1,5,1,50,24,3,1,73,73065,2,6,0,2,Rue de Saint-Ombre,45.594522,5.905323,14,2,2
202100008060,187Â 326,A01,1,1,1,0,2,6,-1,-1, -1,-1,2021,25.0,1,1,0,2,2,5,1,,3,PAUL VAILLANT COUTURIER (AV),0,,-1,2,0,2,0,0,1,, -1,1,0,1,50,15,11,1,94,94003,2,1,0,3,PAUL VAILLANT COUTURIER (AV),48.79895,2.34515,12,2,2
202100049095,113Â 998,B01,1,1,1,4,2,6,-1,-1, -1,-1,2021,30.0,3,1,0,2,1,1,1,,4,HUGO (RUE VICTOR),0,,1,0,0,1,(1),(1),1,, -1,1,0,1,50,5,3,5,37,37261,2,2,0,6,HUGO (RUE VICTOR),47.3886407645,0.6845882535,19,2,2
202100031916,144Â 702,B01,1,1,1,9,2,0,-1,-1, -1,-1,2021,26.0,1,1,0,2,2,1,0,,4,PERI (BOULEVARD GABRIEL) 39 / 44 - FIN,0,,2,2,0,2,1,0,1,, -1,1,0,1,50,28,6,1,93,93064,2,9,0,4,PERI (BOULEVARD GABRIEL) 39 / 44 - FIN,48.87959,2.467053,11,2,2
202100029574,148Â 928,A01,1,1,2,0,1,8,-1,-1, -1,-1,2021,23.0,1,2,0,2,3,13,1,,2,11 - RT,0,,2,2,0,1,1,0,3,, -1,1,0,1,70,10,7,1,202,202033,1,1,0,1,11 - RT,42.69109,9.44955,14,5,2
202100012169,179Â 968,A01,1,1,1,1,2,-1,-1,-1, -1,-1,2021,31.0,2,1,0,2,1,1,0,,4,,0,,2,4,1,2,(1),(1),1,, -1,1,0,5,50,18,10,2,69,69034,2,1,0,1,BOUCLE (DE LA) (MO),45.7810999747,4.8397806287,19,2,2
202100031484,145Â 477,B01,1,1,1,5,2,-1,-1,0,0,-1,2021,28.0,2,1,5,2,1,1,5,,3,951,-1,,2,2,0,2,36,340,1,,4,1,0,1,50,1,7,2,4,4209,2,4,1,3,RD 951 / ch de la Haute Chaumiane,44.217916,5.9395,19,2,2
202100051398,109Â 811,A01,1,1,1,5,1,0,-1,-1, -1,-1,2021,34.0,2,2,11,0,1,13,1,,4,ROUSSILLON (AVENUE DU),0,,2,2,0,1,0,0,1,, -1,1,0,1,50,14,2,2,87,87085,2,1,0,6,ROUSSILLON (AVENUE DU),45.820005,1.223795,19,2,1
202100028975,149Â 936,A01,1,1,1,5,0,-1,-1,0,0,-1,2021,22.0,3,1,0,2,1,26,3,,4,ROSEL (RUE DE),0,,2,2,0,1,1,0,1,, -1,1,9,1,50,14,7,1,14,14118,2,9,0,3,Boulevard Dunois,49.18832,-0.37828,13,2,2
202100026650,154Â 071,A01,1,1,2,1,1,0,-1,-1, -1,-1,2021,32.0,1,2,0,2,3,9,1,,1,A87N,0,,3,4,0,1,1,0,1,, -1,2,0,1,90,27,7,1,49,49267,2,1,0,5,A87N,47.46644,-0.51624,18,5,3
202100015605,173Â 788,B01,1,1,1,0,-1,0,-1,-1, -1,-1,2021,60.0,0,1,0,2,8,0,5,,3,REYNATS (AVENUE DES),0,,2,2,0,1,1,0,2,, -1,1,9,1,50,24,9,1,24,24102,2,6,0,3,REYNATS (AVENUE DES),45.20038,0.67049,16,2,2
202100002706,196Â 934,B01,1,1,1,4,8,-1,-1,0,0,-1,2021,58.0,1,5,0,0,4,23,1,,2,10,0,N,3,2,0,1,41,800,1,,"10,5",1,0,5,110,17,12,3,16,16078,1,9,0,2,ROUTE NATIONALE 10,45.730419,0.188055,19,2,2
202100036203,136Â 977,A01,1,1,1,0,2,6,-1,-1, -1,-1,2021,27.0,2,1,4,0,0,26,1,,1,AUTOROUTE A6,0,,3,3,0,2,32,391,1,, -1,1,0,3,110,5,6,1,91,91468,1,1,0,6,AUTOROUTE A6,48.57453,2.46642,18,1,1
202100032588,143Â 523,A01,10,3,2,3,0,-1,-1,3,3,1,2021,69.0,0,2,0,1,3,26,1,,6,,-1,,-1,-1,0,1,(1),(1),1,,4,2,9,8,20,21,6,1,8,8067,2,9,1,6,43 Route Nationale,49.622305,5.185204,9,2,1
202100055997,101Â 795,B01,1,1,1,1,1,-1,-1,0,0,-1,2021,28.0,2,2,0,2,4,1,1,,3,42,0,,2,2,0,1,14,400,2,, -1,1,0,1,80,8,1,3,30,30258,1,1,0,6,Route de Nimes,43.71586,4.41948,18,6,4
202100003121,196Â 187,A01,10,3,2,1,0,-1,-1,3,3,1,2021,18.0,0,2,0,1,2,1,1,,4,NAU (RUE ROBERT),0,,2,2,0,1,(1),(1),1,, -1,1,0,1,50,13,12,5,41,41018,2,1,0,6,NAU (RUE ROBERT),47.61011,1.33302,17,2,1
202100030813,146Â 687,B01,1,1,2,0,2,0,-1,-1, -1,-1,2021,56.0,2,1,0,2,4,2,1,,7,QUATRE CHEMINS,0,,1,2,0,1,8,240,3,, -1,1,0,1,50,1,7,1,83,83062,1,6,0,2,QUATRE CHEMINS,43.13736,6.02599,13,2,2
202100016109,172Â 848,B01,1,1,2,0,1,-1,-1,0,0,-1,2021,42.0,0,2,0,2,3,16,1,,4,MERCEY (RUE DE),0,,1,1,0,1,(1),(1),1,, -1,1,0,1,50,23,9,1,80,80021,2,3,0,3,MERCEY (RUE DE),49.87979,2.32804,14,2,2
202100029901,148Â 354,A01,1,1,1,9,1,-1,-1,0,0,-1,2021,25.0,1,2,7,0,3,13,1,,1,40,0,,1,1,0,2,46,600,3,, -1,1,3,3,70,10,7,3,74,74197,1,1,0,6,"A 40, sortie 15, direction Geneve",46.14182,6.317165,2,1,1
202100008517,186Â 509,A01,10,3,2,0,0,-1,-1,0,1,1,2021,49.0,3,5,0,1,3,20,0,,4,,0,,-1,0,0,1,0,0,1,, -1,1,6,8,30,11,11,5,92,92007,2,1,0,6,FERRE (RUE LEO),48.7970253818,2.319086194,6,2,1
202100017757,169Â 882,B01,1,1,1,5,0,-1,-1,0,0,-1,2021,58.0,1,1,0,2,4,2,5,,3,32,0,D,2,2,0,1,35,750,1,, -1,1,0,1,80,31,8,1,24,24405,1,1,0,2,D32,44.912745,0.667784,12,3,3
202100053210,106Â 624,B01,1,1,2,5,1,-1,-1,-1, -1,-1,2021,33.0,1,2,0,2,7,1,1,,2,LONGCHAMPS (PORTE DES),0,,3,4,0,1,23,496,2,, -1,2,0,1,90,29,1,1,35,35051,1,1,0,3,LONGCHAMPS (PORTE DES),48.14015,-1.6299,10,2,2
202100037659,134Â 346,A01,1,1,2,3,1,-1,-1,0,0,-1,2021,55.0,1,2,0,2,3,15,1,,3,656,0,D,2,2,0,1,76,580,1,, -1,1,9,1,80,26,5,1,47,47195,1,2,0,3,Tauziete,44.1252940445,0.3041138652,9,3,2
202100031868,144Â 791,B01,1,1,1,9,-1,0,-1,-1, -1,-1,2021,27.0,1,1,0,0,0,1,3,,4,BOULEVARD EMILE ROMANET,0,,3,2,3,1,(1),(1),1,, -1,2,0,5,30,28,6,5,44,44109,2,9,1,3,BOULEVARD EMILE ROMANET,47.20966,-1.59704,23,2,2
202100037367,134Â 876,B01,1,1,1,5,2,-1,-1,0,0,-1,2021,71.0,3,1,0,2,8,2,5,,4,,-1,,2,2,0,2,(1),(1),1,,5,1,0,1,70,30,5,1,78,78193,1,1,0,3,Voie communale des essarts,48.708295,1.977925,10,2,2
202100016789,171Â 604,B01,1,1,1,5,1,6,-1,-1, -1,-1,2021,29.0,2,1,0,2,7,1,1,,3,ROUTE DEPARTEMENTALE 3,0,,2,2,0,1,0,0,1,, -1,1,0,1,70,24,9,1,972,97213,1,1,0,3,ROUTE DEPARTEMENTALE 3,14.62889,-60.98877,13,2,2
202100018964,167Â 742,B01,1,1,2,0,1,-1,-1,-1, -1,-1,2021,40.0,2,2,0,0,0,1,1,,4,MENGUEN,0,,-1,2,0,2,(1),(1),1,, -1,1,0,1,50,12,9,1,29,29019,2,1,0,1,Rue de Menguen,48.389706,-4.54064,16,2,2
202100007140,189Â 008,A01,1,1,1,1,2,0,-1,-1, -1,-1,2021,38.0,1,1,0,0,1,2,1,,4,UNIVERSITE CHICAGO (RUE DE),0,,2,2,0,1,(1),(1),3,, -1,1,0,1,50,16,11,1,973,97302,2,1,0,6,UNIVERSITE CHICAGO (RUE DE),4.93337,-52.29921,13,2,2
202100009128,185Â 394,B01,1,1,1,5,2,0,-1,-1, -1,-1,2021,23.0,3,1,0,2,7,26,1,,9,ROBERT BREMOND (RUE),0,,-1,0,0,1,0,0,1,, -1,1,9,8,50,6,11,3,93,93005,1,9,0,6,ROBERT BREMOND (RUE),48.96001,2.46767,1,3,3
202100030152,147Â 875,A01,1,1,1,0,1,0,-1,-1, -1,-1,2021,51.0,1,2,0,2,1,15,1,,2,PATRICK SAINT ELOI ( AVENUE ),0,,2,4,0,1,(1),(1),1,, -1,1,5,1,50,7,7,1,971,97101,2,3,0,3,PATRICK SAINT ELOI ( AVENUE ),16.25421,-61.52294,16,2,2
202100055912,101Â 934,A01,10,3,2,5,0,-1,-1,4,3,1,2021,71.0,1,2,0,1,3,15,1,,7,400,0,,2,4,2,1,(1),(1),1,, -1,2,-1,1,30,6,1,5,54,54395,2,3,1,6,FUSILLES (PONT DES),48.6852942151,6.1804003268,17,2,1
202100024831,157Â 267,B01,1,1,1,3,1,-1,-1,-1, -1,-1,2021,33.0,1,5,0,2,6,2,1,,2,RN346  S/N   25.686 A 29.300,0,,3,4,0,1,26,0,3,, -1,1,0,1,90,10,8,1,69,69256,1,1,0,2,RN346,45.80361,4.92612,11,3,2
202100030794,146Â 720,B01,1,1,1,5,8,0,-1,-1, -1,-1,2021,27.0,2,1,0,2,1,0,5,,3,33,0,,-1,2,0,4,0,1,1,, -1,1,0,1,50,29,6,1,91,91097,2,3,0,3,RUE DU BESLY,48.68624,2.53635,11,2,2
202100030681,146Â 913,A01,1,1,2,0,1,0,-1,-1, -1,-1,2021,64.0,1,2,3,2,7,13,1,,1,AUTOROUTE A86,0,,3,6,0,1,15,500,1,, -1,1,0,1,90,5,7,1,93,93066,1,1,0,3,AUTOROUTE A86,48.9218358415,2.365490464,18,2,2
202100026167,154Â 924,B01,1,1,2,5,8,0,-1,-1, -1,-1,2021,48.0,2,2,0,2,6,20,1,,3,GALLIENI (BOULEVARD),0,,2,2,0,1,0,0,1,, -1,1,5,1,30,31,7,1,92,92040,2,3,0,3,Rue du GÃ©nÃ©ral Leclerc,48.82453,2.27434,17,2,2
202100038192,133Â 375,A01,1,1,1,0,2,0,-1,0,0,-1,2021,19.0,1,1,0,2,1,5,1,,3,VESOUL RUE DE (sup 52),0,,2,3,0,2,0,60,1,, -1,1,0,1,50,25,5,1,25,25056,2,3,0,3,VESOUL RUE DE (sup 52),47.25425,6.01508,20,2,2
202100048170,115Â 645,A01,1,1,1,5,2,6,-1,-1, -1,-1,2021,27.0,1,1,0,0,2,1,1,,3,National ( boulevard ),0,,1,2,0,1,0,0,1,, -1,2,0,1,50,13,3,5,92,92035,2,1,1,7,National ( boulevard ),48.9073,2.23889,21,1,1
202100004019,194Â 555,E01,1,1,2,5,8,-1,-1,-1, -1,-1,2021,62.0,1,2,0,2,7,1,1,,4,BRETAGNE (RUE DE),0,,2,2,0,1,0,0,1,, -1,1,0,1,30,8,12,1,61,61001,2,2,0,3,BRETAGNE (RUE DE),48.431,0.08056,11,2,2
202100043353,124Â 172,A01,1,1,1,9,2,6,-1,0,0,-1,2021,29.0,2,1,1,0,3,18,1,,4,RUE DE LISBONNE,0,,1,1,0,1,(1),(1),1,, -1,1,0,1,50,6,4,1,75,75108,2,1,0,6,RUE DE LISBONNE,48.877829,2.317126,9,1,1