Num_Acc,id_vehicule,num_veh,place,catu,sexe,trajet,secu1,secu2,secu3,locp,actp,etatp,year_acc,victim_age,senc,catv,obs,obsm,choc,manv,motor,occutc,catr,voie,v1,v2,circ,nbv,vosp,prof,pr,pr1,plan,lartpc,larrout,surf,infra,situ,vma,jour,mois,lum,dep,com,agg_,int,atm,col,adr,lat,long,hour,nb_victim,nb_vehicules
202100037646,134Â 366,A01,1,1,1,5,0,-1,-1,0,0,-1,2021,53.0,2,1,0,0,4,2,5,,3,,-1,,1,1,0,1,(1),(1),2,, -1,1,0,1,50,28,5,1,59,59462,2,6,0,2,Place Jean-Baptiste Coget,50.516995,3.017898,17,2,2
202100000833,200Â 240,A01,1,1,1,0,8,0,-1,-1, -1,-1,2021,47.0,3,1,0,2,8,18,3,,4,ROBERT SCHUMANN,0,,1,1,2,1,0,0,1,, -1,1,0,1,50,14,12,1,64,64445,2,1,0,3,Avenue Robert Schuman,43.30969,-0.36605,17,2,2
202100032150,144Â 282,B01,1,1,1,9,2,0,-1,-1, -1,-1,2021,33.0,1,1,0,2,1,1,1,,3,LENINE (AVENUE) NÂ°36 AU 120 ET NÂ°45 AU 1,0,,1,2,0,1,0,0,1,, -1,2,0,1,50,26,6,1,93,93059,2,9,1,3,LENINE (AVENUE) NÂ°36 AU 120 ET NÂ°45 AU 1,48.95883,2.35857,10,2,2
202100023839,159Â 015,B01,1,1,2,0,1,8,-1,-1, -1,-1,2021,30.0,2,2,0,2,4,1,1,,3,DÃ©partementale 914,0,,3,4,0,1,4,248,1,, -1,1,0,1,110,30,5,1,66,66136,1,1,0,2,DÃ©partementale 914,42.66196,2.92174,18,2,2
202100006976,189Â 296,B01,1,1,1,5,2,6,-1,0,0,-1,2021,68.0,1,1,0,2,3,1,5,,7,M118,-1,,2,2,0,1,(1),(1),3,, -1,1,0,1,50,16,11,1,6,6065,2,3,1,3,Route de Saint-Laurent,43.721793,7.167211,16,2,2
202100026279,154Â 723,A01,1,1,2,5,1,0,-1,-1, -1,-1,2021,82.0,1,2,0,2,5,1,1,,4,ESPAGNE (ROUTE D'),0,,2,2,0,1,0,0,1,, -1,1,0,1,50,29,7,1,66,66136,2,1,0,6,ESPAGNE (ROUTE D'),42.67902,2.89199,15,2,2
202100024654,157Â 588,A01,1,1,2,0,1,-1,-1,0,0,-1,2021,18.0,1,2,8,0,3,14,1,,3,7,-1,,2,2,0,1,44,100,1,, -1,1,0,3,50,11,8,1,46,46206,1,1,0,6,D7,44.284951,1.202939,8,1,1
202100036441,136Â 568,A01,1,1,1,0,2,6,-1,-1, -1,-1,2021,63.0,1,1,5,2,7,17,1,,3,Route DÃ©partementale 437,0,,2,2,0,2,20,1150,3,, -1,1,0,1,80,4,6,1,25,25204,1,1,0,3,Route DÃ©partementale 437,46.93664,6.37091,16,2,2
202100012159,179Â 991,A01,10,3,2,9,0,-1,-1,5,3,1,2021,66.0,3,2,0,1,2,1,1,,4,GENOT (RUE DU LIEUTENANT Y.),0,,2,2,0,1,0,1,1,, -1,1,9,8,50,7,10,1,74,74133,2,9,0,6,GENOT (RUE DU LIEUTENANT Y.),46.18352,6.19672,17,2,1
202100048411,115Â 227,A01,1,1,1,1,2,6,-1,-1, -1,-1,2021,50.0,0,1,0,2,1,2,1,,4,COMBES (BD EMILE),0,,2,2,0,1,(1),(1),1,, -1,2,0,1,50,11,3,1,35,35238,2,1,0,2,COMBES (BD EMILE),48.09342,-1.66864,17,2,2
202100040423,129Â 358,A01,1,1,2,5,2,6,-1,0,0,-1,2021,42.0,1,1,0,0,7,1,1,,3,618,-1,,2,2,0,2,11,275,3,, -1,1,0,1,80,8,5,1,65,65141,1,1,0,7,RD 618,42.824818,0.41475,12,1,1
202100016718,171Â 740,A01,2,2,2,5,1,-1,-1,0,0,-1,2021,81.0,1,2,2,0,1,14,1,,2,122,-1,N,2,2,0,1,123,500,3,, -1,1,0,3,80,25,9,1,15,15151,1,1,0,6,N122,45.192589,3.082768,14,2,1
202100011581,181Â 024,B01,1,1,1,1,8,-1,-1,-1, -1,-1,2021,29.0,0,1,0,2,5,3,5,,4,COGNACQ JAY (RUE),0,,1,2,0,1,(1),(1),2,, -1,2,5,1,50,22,10,2,51,51454,2,6,0,3,Avenue dâEpernay,49.2297840599,4.0147393106,7,2,2
202100022787,160Â 871,A01,1,1,1,4,1,8,-1,-1, -1,-1,2021,27.0,2,4,2,0,2,14,1,,3,R.D.20,0,,3,4,0,2,38,226,1,, -1,1,0,3,70,23,8,3,91,91223,1,1,0,6,R.D.20,48.424896,2.143663,2,1,1
202100056448,101Â 002,A01,10,3,1,5,0,-1,-1,6,1,3,2021,56.0,1,2,0,1,2,1,1,,3,11,-1,,2,2,0,2,12,555,2,, -1,1,0,3,70,2,1,1,974,97401,1,9,0,6,55 CD 11,-21.254252,55.348488,12,2,1
202100055730,102Â 248,B01,1,1,1,5,2,6,-1,0,0,-1,2021,17.0,3,1,0,2,7,1,1,,4,,-1,,2,2,0,1,(1),(1),1,, -1,1,0,1,50,8,1,2,14,14258,2,2,0,3, rue du 9Ã¨me Arrondissement de Paris,48.89619,-0.19887,17,2,2
202100014058,176Â 568,A01,1,1,2,5,1,-1,-1,0,0,-1,2021,78.0,1,2,0,2,7,19,1,,3,6154,0,D,2,2,0,1,3,470,1,, -1,1,0,1,80,10,10,1,27,27378,1,2,0,3,route dÃ©partementale 6154,48.799938,1.190128,12,3,2
202100031383,145Â 654,A01,10,3,2,2,0,-1,-1,3,3,2,2021,3.0,1,2,0,1,5,19,1,,3,9,0,,2,2,0,1,27,450,1,, -1,1,0,1,50,29,6,1,95,95675,2,1,0,6,RD 9,49.058295716,2.5428000964,11,2,1
202100007076,189Â 110,A01,1,1,1,5,8,-1,-1,0,0,-1,2021,20.0,2,5,13,0,3,1,1,,3,54,-1,,2,2,0,2,54,800,4,, -1,2,0,3,80,21,11,3,202,202043,1,1,0,3,Lavasina,42.756986,9.457018,4,1,1
202100041146,128Â 057,B01,1,1,1,9,1,0,-1,0,0,-1,2021,50.0,2,2,0,2,4,2,1,,4,AVENUE DES CHAMPS ELYSEES,0,,2,6,0,1,(1),(1),1,, -1,2,0,1,50,6,5,1,75,75108,2,3,0,4,AVENUE DES CHAMPS ELYSEES,48.868269,2.312377,16,3,3
202100023166,160Â 207,A01,1,1,1,5,2,6,-1,0,0,-1,2021,15.0,1,1,0,2,1,16,1,,3,678,-1,,3,2,0,1,32,775,1,,4,1,0,1,50,20,8,1,71,71263,2,3,0,1,Rue du Guidon,46.6394001595,5.2127136275,20,2,2
202100028925,150Â 028,B01,1,1,2,5,1,-1,-1,0,0,-1,2021,31.0,1,2,6,0,6,15,1,,3,1089,-1,,2,2,0,1,9,400,1,,4,1,0,1,50,12,7,1,42,42013,2,2,0,3,Avenue des Farges,45.646484,4.291357,13,3,2
202100026393,154Â 516,A01,1,1,1,5,2,-1,-1,0,0,-1,2021,41.0,1,1,0,0,2,0,1,,3,27,0,D,2,2,0,2,23,700,2,, -1,1,0,1,70,30,7,1,68,68171,1,1,0,7,D27,47.942927,6.978879,16,1,1
202100016733,171Â 707,B01,2,2,1,5,1,-1,-1,0,0,-1,2021,70.0,2,2,0,2,4,1,1,,1,10,-1,,3,4,0,2,455,300,1,,10,1,9,1,130,26,9,3,17,17354,1,1,0,4,A10,45.615962,-0.605192,22,11,5
202100036085,137Â 182,B01,1,1,1,0,2,8,8,0,0,-1,2021,19.0,3,1,0,2,7,1,1,,4,PAGNOL (BOULEVARD MARCEL),0,,2,2,0,1,(1),(1),1,, -1,1,0,1,50,5,6,1,6,6069,2,1,0,3,PAGNOL (BOULEVARD MARCEL),43.64428,6.94707,16,2,2
202100016386,172Â 343,A01,1,1,1,5,8,0,-1,-1, -1,-1,2021,38.0,1,1,12,0,1,14,3,,4,128,0,,2,2,0,1,1,0,1,, -1,1,0,1,30,27,9,5,92,92032,2,1,0,6,ESTIENNE D'ORVES (RUE D'),48.7881243774,2.2842199314,22,1,1
202100029263,149Â 455,A01,10,3,1,5,8,8,-1,2,3,1,2021,62.0,3,2,0,1,1,1,1,,4,LECLERC (DU MARECHAL),0,,2,2,2,1,0,0,1,, -1,1,6,1,50,12,7,2,974,97411,2,1,0,1,LECLERC (DU MARECHAL),-20.87987,55.45628,17,2,1
202100037819,134Â 056,B01,1,1,1,1,2,8,-1,0,0,-1,2021,58.0,3,1,0,2,1,0,1,,3,TURBIE (ROUTE DE LA),0,,2,2,0,2,21,635,4,, -1,1,0,1,30,28,5,2,6,6104,1,1,0,1,TURBIE (ROUTE DE LA),43.756846,7.442747,21,2,2
202100004236,194Â 179,B01,1,1,1,9,1,4,-1,-1, -1,-1,2021,45.0,3,2,0,2,7,0,1,,4,JAURES JEAN (AV) NÂ° PAIRS 2 A 58,0,,3,0,1,1,0,0,1,, -1,9,0,1,50,5,12,1,72,72181,2,9,1,3,JAURES JEAN (AV) NÂ° PAIRS 2 A 58,47.98563,0.209244,10,2,2
202100054985,103Â 530,B01,1,1,1,5,2,6,-1,-1, -1,-1,2021,32.0,2,1,7,2,8,1,1,,1,A51-Sens Aix en Provence vers Marseille,0,,1,2,0,1,6,500,1,, -1,1,0,1,90,14,1,1,13,13015,1,1,0,3,A51-Sens Aix en Provence vers Marseille,43.45106,5.39605,16,3,2
202100009705,184Â 355,B01,4,2,2,0,1,0,-1,-1, -1,-1,2021,11.0,1,2,0,2,0,0,1,,1,AUTOROUTE A25,0,,-1,4,0,1,61,0,1,, -1,1,0,1,130,31,10,3,59,59478,1,1,0,6,AUTOROUTE A25,50.9402919301,2.4579315499,2,3,2
202100040082,129Â 950,A01,1,1,1,4,2,6,-1,-1, -1,-1,2021,30.0,2,1,0,2,1,2,1,,3,ARISTIDE BRIAND (AVENUE),0,,1,1,1,1,0,0,1,, -1,1,0,1,50,13,5,2,92,92002,2,1,0,2,ARISTIDE BRIAND (AVENUE),48.75936,2.30732,20,2,2
202100012124,180Â 041,A01,10,3,2,9,0,-1,-1,5,2,1,2021,20.0,1,2,0,1,2,20,1,,3,,-1,,2,2,0,2,(1),(1),1,,5,1,0,4,50,21,10,1,9,9334,2,9,0,6,Lotissement Jean Nayrou (Vicdessos),42.773996,1.485227,15,2,1
202100031836,144Â 847,A01,1,1,1,0,2,-1,-1,0,0,-1,2021,46.0,0,1,0,2,1,2,1,,3,SAINT FUSCIEN (RUE),0,,2,2,0,1,(1),(1),1,, -1,2,0,1,30,26,6,1,80,80021,2,1,1,2,SAINT FUSCIEN (RUE),49.87286,2.30676,9,2,2
202100024977,157Â 013,B01,1,1,1,0,2,6,-1,-1, -1,-1,2021,23.0,1,1,0,2,8,3,1,,7,ROUTE DEPARTEMENTALE 652,0,,3,2,0,1,2,900,1,, -1,2,0,1,90,6,8,1,59,59356,1,1,0,3,ROUTE DEPARTEMENTALE 652,50.6532880138,3.0043745041,18,2,2
202100042976,124Â 853,B01,1,1,1,1,2,-1,-1,0,0,-1,2021,45.0,1,1,0,2,1,1,5,,7,17,-1,D,2,2,0,1,64,520,1,, -1,1,0,1,80,24,4,1,13,13032,1,1,0,4,Route de Pelissanne,43.577904,5.336545,7,3,3
202100035222,138Â 743,B01,1,1,1,5,8,0,-1,-1,0,-1,2021,12.0,3,1,0,2,1,5,5,,4,MENDâ¬S FRANCE (MAIL),0,,2,2,0,1,(1),(1),1,, -1,1,0,1,50,10,6,1,95,95637,2,1,0,1,MENDâ¬S FRANCE (MAIL),49.023534,2.025178,20,2,2
202100026822,153Â 778,A01,1,1,2,5,1,8,-1,0,0,-1,2021,32.0,3,2,0,2,5,15,1,,4,ALLEE MANITAS DE PLATA,0,,2,-1,0,1,(1),(1),1,, -1,1,0,1,50,27,7,1,34,34172,2,1,0,3,ALLEE MANITAS DE PLATA,43.61382,3.93,11,2,2
202100021837,162Â 593,B01,1,1,1,1,2,-1,-1,0,0,-1,2021,38.0,0,1,0,2,1,1,1,,2,147,-1,,2,2,0,4,14,400,1,, -1,1,5,1,70,31,8,1,87,87107,1,2,0,3,La Poitevine,45.936408,1.186459,8,2,2
202100008887,185Â 855,A01,1,1,1,0,2,6,-1,0,0,-1,2021,17.0,1,1,0,0,4,1,1,,3,,-1,,2,2,0,2,(1),(1),1,,4,1,0,1,50,8,11,5,7,7010,2,3,0,2,,45.24335,4.665044,19,3,2
202100018616,168Â 361,A01,1,1,1,1,2,0,-1,0,0,-1,2021,43.0,1,1,0,2,0,1,5,,4,QUAI DES TUILERIES,0,,2,2,0,1,(1),(1),1,, -1,1,1,1,30,16,9,1,75,75101,2,1,0,1,QUAI DES TUILERIES,48.8630011016,2.323764941,9,2,2
202100054212,104Â 845,B01,2,2,2,0,1,0,-1,-1, -1,-1,2021,32.0,1,2,0,0,4,1,1,,4,FELIX EBOUE (GOUVERNEUR GENERAL),0,,2,2,0,2,(1),(1),1,, -1,2,0,1,50,21,1,1,35,35238,2,1,1,2,FELIX EBOUE (GOUVERNEUR GENERAL),48.08576,-1.69405,11,3,2
202100028642,150Â 518,B01,1,1,1,5,1,0,-1,0,0,-1,2021,20.0,3,2,0,2,8,1,1,,4,CUVIER (AV. GEORGES),0,,2,2,0,1,0,0,1,, -1,1,0,1,50,15,7,1,47,47001,2,2,0,3,CUVIER (AV. GEORGES),44.19548,0.63207,17,2,2
202100014558,175Â 682,A01,10,3,1,5,0,-1,-1,2,1,1,2021,37.0,3,4,0,1,5,26,1,,4,ESPÃRANCE(RUE DE L'),0,,2,2,0,2,(1),(1),1,, -1,1,0,1,50,6,10,2,95,95424,2,1,0,6,ESPÃRANCE(RUE DE L'),49.00309,2.20682,18,2,1
202100041756,126Â 972,A01,10,3,2,0,0,-1,-1,3,3,2,2021,75.0,3,5,0,1,2,1,1,,4,RUE CHARLES PÃGUY,0,,2,2,0,1,(1),(1),1,, -1,1,0,1,30,23,4,1,38,38185,2,1,0,6,Rue Charles PÃ©guy,45.17877,5.71564,10,2,1
202100045034,121Â 228,A01,1,1,1,1,2,6,-1,0,0,-1,2021,25.0,2,1,12,0,1,12,1,,4,PORTE D ORLEANS,0,,1,3,0,1,(1),(1),1,, -1,2,0,1,70,5,4,1,75,75114,2,4,0,6,PORTE D ORLEANS,48.820815,2.321732,17,1,1
202100042210,126Â 175,B01,1,1,1,9,8,0,-1,0,0,-1,2021,31.0,2,1,0,2,2,1,5,,4,BOULEVARD BARBES,0,,1,4,1,2,(1),(1),1,, -1,1,0,5,50,28,4,1,75,75118,2,2,0,3,BOULEVARD BARBES,48.885561,2.34953,20,2,2
202100020561,164Â 877,A01,1,1,1,9,2,6,-1,0,0,-1,2021,30.0,3,1,0,2,1,1,1,,4,RUE PEGOUD,0,,-1,1,0,1,(1),(1),1,, -1,1,0,1,30,6,9,1,75,75115,2,2,0,3,RUE PEGOUD,48.83458,2.266937,13,2,2
202100030120,147Â 938,A01,1,1,2,5,1,8,-1,-1, -1,-1,2021,28.0,1,2,0,2,4,1,1,,1,A7-Sens Marseille vers Lyon,0,,1,2,0,1,271,0,1,, -1,1,0,1,90,7,7,1,13,13106,1,1,0,2,A7-Sens Marseille vers Lyon,43.3967,5.35032,17,2,2
202100038916,132Â 069,A01,1,1,1,5,8,0,-1,-1, -1,-1,2021,56.0,1,2,0,0,1,26,3,,3,RD 116,0,,-1,2,0,1,1,0,1,, -1,1,0,1,80,21,5,1,49,49267,2,1,0,7,RD 116,47.48718,-0.47312,14,1,1
202100021217,163Â 736,A01,1,1,1,0,8,-1,-1,-1, -1,-1,2021,16.0,1,1,0,2,7,9,0,,4,JEAN JAURES                         (AV),0,,2,4,2,1,(1),(1),1,, -1,1,5,1,50,2,9,1,69,69199,2,2,0,3,JEAN JAURES (AV),45.71205,4.8551,19,2,2
202100040362,129Â 457,A01,10,3,1,3,8,8,-1,3,3,1,2021,78.0,3,2,0,1,1,26,1,,4,DONAT AVENUE DOCTEUR MAURICE,0,,3,2,0,2,(1),(1),2,, -1,2,0,1,50,11,5,1,6,6027,2,1,1,6,DONAT AVENUE DOCTEUR MAURICE,43.660811,7.147707,10,2,1
202100020420,165Â 142,A01,1,1,1,1,2,6,-1,0,0,-1,2021,20.0,1,1,0,2,1,9,1,,3,75,0,D,-1,2,0,1,4,50,1,, -1,1,0,1,70,7,9,1,44,44209,1,6,0,3,Rue des Mares,47.280838,-1.591634,8,2,2
202100017346,170Â 642,A01,1,1,1,0,1,0,-1,-1, -1,-1,2021,72.0,1,2,7,0,1,1,1,,1,A7-Sens Marseille vers Lyon,0,,1,1,0,1,256,240,1,, -1,1,9,3,70,22,9,1,13,13117,1,1,0,7,A7-Sens Marseille vers Lyon,43.44242,5.24697,13,1,1
202100037512,134Â 615,A01,1,1,1,4,2,-1,-1,0,0,-1,2021,47.0,2,1,0,0,7,1,1,,3,103,-1,,1,2,0,2,4,442,3,, -1,1,0,1,90,28,5,1,6,6152,1,1,0,7,Route du Parc,43.611615,7.048561,12,1,1
202100022414,161Â 575,B01,1,1,1,9,1,0,-1,0,0,-1,2021,40.0,0,2,0,2,8,0,1,,4,COOPERATIVE (RUE DE LA),0,,2,2,0,1,1,0,1,, -1,1,0,1,50,25,8,1,71,71306,2,2,0,3,COOPERATIVE (RUE DE LA),46.6947686348,4.3615843208,20,2,2
202100017013,171Â 205,B01,2,2,1,4,1,0,-1,0,0,-1,2021,50.0,2,2,0,2,8,1,1,,4,PORTE DE MONTREUIL,0,,1,4,0,1,30,800,1,, -1,1,0,1,70,22,9,5,75,75120,2,4,0,3,BD PERIPHERIQUE EXTERIEUR,48.8521142048,2.4150773106,3,3,2
202100050364,111Â 672,B01,1,1,2,1,2,6,-1,0,0,-1,2021,62.0,2,1,0,2,1,1,1,,4,AVENUE DE L OPERA,0,,2,2,3,1,(1),(1),1,, -1,1,0,1,50,24,2,5,75,75101,2,3,0,3,AVENUE DE L OPERA,48.866329,2.334165,20,2,2
202100024837,157Â 258,A01,1,1,1,0,1,0,-1,-1, -1,-1,2021,29.0,2,2,0,2,1,2,1,,1,AUTOROUTE A86,0,,3,7,0,1,16,0,1,, -1,1,1,1,90,10,8,1,93,93027,1,1,0,2,AUTOROUTE A86,48.92341,2.38326,18,2,2
202100027035,153Â 391,A01,1,1,1,0,1,0,-1,-1, -1,-1,2021,27.0,2,2,3,0,9,2,1,,7,ROUTE DEPARTEMENTALE 656,0,,3,2,0,1,8,199,1,, -1,1,0,1,90,26,7,3,59,59646,1,1,0,6,ROUTE DEPARTEMENTALE 656,50.671428,3.115523,1,1,1
202100034571,139Â 923,A01,1,1,2,5,8,0,-1,-1, -1,-1,2021,28.0,3,5,6,0,0,2,1,,4,SAINTE-CATHERINE,0,,2,2,0,2,0,0,2,, -1,1,2,1,50,13,6,4,64,64335,2,1,0,7,SAINTE-CATHERINE,43.32712,-0.43997,22,1,1
202100042325,125Â 969,A01,1,1,1,1,2,-1,-1,0,0,-1,2021,23.0,3,1,3,0,7,21,1,,4,POULGUINAN PONT DE,0,,1,2,0,1,0,0,1,, -1,1,2,1,50,27,4,1,29,29232,2,1,0,7,Pont de Poulguinan,47.98399,-4.11586,7,1,1
202100035943,137Â 439,B01,1,1,1,4,2,0,-1,0,0,-1,2021,42.0,2,1,0,2,4,1,5,,4,AVENUE DE LA PORTE DE MONTMARTRE,0,,2,4,0,1,(1),(1),1,, -1,1,0,1,50,7,6,1,75,75118,2,2,0,2,AVENUE DE LA PORTE DE MONTMARTRE,48.899151,2.336264,14,2,2
202100046372,118Â 879,B01,1,1,1,1,2,6,-1,0,0,-1,2021,34.0,3,1,0,2,8,11,1,,4,RUE GUY MOQUET,0,,2,2,0,1,(1),(1),1,, -1,2,0,1,30,26,3,5,75,75117,2,5,1,2,RUE GUY MOQUET,48.89301,2.327434,19,2,2
202100004056,194Â 497,A01,1,1,1,0,1,8,-1,-1, -1,-1,2021,55.0,2,2,3,0,2,14,1,,2,RN136,0,,3,6,0,1,24,700,1,, -1,1,0,2,90,8,12,3,35,35051,1,1,0,6,RN136,48.146443,-1.617216,22,1,1
202100028095,151Â 488,B01,1,1,1,9,2,-1,-1,-1, -1,-1,2021,54.0,3,1,0,2,1,1,1,,4,FRANCIS DE PRESSENSE                (AV),0,,2,2,1,1,(1),(1),1,, -1,1,0,1,50,19,7,1,69,69259,2,3,0,3,FRANCIS DE PRESSENSE (AV),45.7172,4.8704,8,2,2
202100036325,136Â 761,A01,1,1,1,9,2,-1,-1,0,0,-1,2021,30.0,0,1,13,0,2,1,5,,3,603,0,D,2,2,0,2,3,738,1,, -1,1,0,1,80,6,6,1,6,6041,1,1,0,6,Route de Grasse,43.770071,6.972027,10,1,1
202100051503,109Â 638,A01,2,2,2,0,1,8,-1,-1, -1,-1,2021,10.0,1,2,14,0,1,1,1,,3,PENTE SASSY (chemin de la),0,,2,2,0,1,0,115,1,, -1,2,8,1,50,14,2,1,974,97409,2,1,1,4,PENTE SASSY (chemin de la),-20.9642,55.65905,8,4,3
202100050008,112Â 357,A01,1,1,1,9,2,8,-1,-1, -1,-1,2021,16.0,2,1,0,2,1,17,1,,4,HENRI IV,0,,2,3,0,1,0,0,1,, -1,1,0,1,50,26,2,1,64,64284,2,2,0,3,HENRI IV,43.28319,-0.38677,17,2,2
202100004344,193Â 991,A01,1,1,1,5,2,6,-1,0,0,-1,2021,60.0,1,1,14,0,0,17,1,,3,56,0,,2,2,0,1,5,200,2,,4,1,0,1,50,2,10,3,68,68084,2,3,0,6,Rue de Mulhouse,47.716154,7.397232,20,1,1
202100010292,183Â 310,A01,1,1,1,0,2,6,-1,-1, -1,-1,2021,18.0,3,1,0,2,1,5,1,,4,PEGASE (ALLEE),0,,1,1,0,2,0,0,1,, -1,2,0,1,30,29,10,1,64,64024,2,1,1,3,20 rue du PhÃ©nix,43.49705,-1.50668,12,2,2
202100011809,180Â 611,B01,1,1,1,5,2,6,-1,-1, -1,-1,2021,62.0,1,1,0,2,1,0,1,,4,,0,,2,3,0,1,(1),(1),1,, -1,1,5,1,50,21,10,1,45,45234,2,2,0,1,Rue Eugene Vignat,47.91288,1.91249,12,2,2
202100047148,117Â 492,B01,1,1,2,5,2,6,9,0,0,-1,2021,43.0,1,1,0,2,3,5,1,,3,17,0,,2,2,0,2,2,50,3,, -1,1,0,1,80,22,3,1,83,83072,1,1,0,3,Route du Pont d'Argens,43.466625,6.316817,15,2,2
202100045254,120Â 831,A01,10,3,2,5,0,-1,-1,2,3,1,2021,18.0,2,1,0,1,2,1,1,,4,EMILE GERARD AVENUE,0,,2,2,0,1,0,0,1,, -1,1,0,1,50,3,4,1,93,93046,2,1,0,6,EMILE GERARD AVENUE,48.9203467104,2.5221186876,19,2,1
202100044492,122Â 168,A01,1,1,1,9,2,0,-1,-1, -1,-1,2021,60.0,0,1,0,0,7,1,3,,3,7,0,,1,2,0,1,0,0,2,, -1,2,0,1,50,10,4,1,92,92064,2,1,1,7,MARECHAL JUIN,48.840530186,2.2218641639,15,1,1
202100020281,165Â 384,B01,1,1,1,5,8,0,-1,-1, -1,-1,2021,58.0,1,1,0,2,7,1,5,,4,MAURIAC(RUE FRANCOIS),0,,1,1,0,1,0,0,2,, -1,1,0,1,50,2,9,1,49,49099,2,6,0,2,MAURIAC(RUE FRANCOIS),47.05782,-0.8875,18,2,2
202100021234,163Â 700,A01,1,1,2,0,8,-1,-1,-1, -1,-1,2021,21.0,0,2,0,2,3,16,1,,4,CLAUDE FARRERE                      (R ),0,,2,2,2,2,(1),(1),1,, -1,1,0,1,50,2,9,3,69,69290,2,3,0,3,CLAUDE FARRERE (R),45.68802,4.95568,20,3,2
202100022898,160Â 692,B01,2,2,2,0,1,3,-1,-1, -1,-1,2021,1.0,2,2,0,2,3,1,1,,4,,0,,1,1,2,1,(1),(1),1,, -1,1,0,1,30,22,8,1,69,69386,2,2,0,3,MOLIERE (R),45.76657,4.8424,15,3,2
202100033080,142Â 613,A01,2,2,2,9,2,0,-1,0,0,-1,2021,41.0,2,1,14,0,1,13,1,,4,AVENUE SIMON BOLIVAR,0,,2,2,1,1,(1),(1),1,, -1,2,0,1,30,20,6,5,75,75119,2,3,1,6,AVENUE SIMON BOLIVAR,48.87969,2.374407,2,2,1
202100016597,171Â 968,B01,1,1,2,5,8,-1,-1,0,0,-1,2021,35.0,2,2,0,2,1,1,1,,3,,-1,,2,2,0,1,27,250,1,,7,1,0,1,50,26,9,1,30,30258,2,1,0,1,5 Route d Arles,43.671589,4.437243,16,4,2
202100005346,192Â 232,B01,1,1,1,4,2,6,-1,0,0,-1,2021,28.0,1,1,0,2,1,1,1,,3,SIETTES (RUE DES),0,,2,2,0,2,1,0,1,, -1,1,0,1,50,29,11,3,14,14327,2,1,0,3,D143,49.19038,-0.33398,17,2,2
202100007664,188Â 052,B01,1,1,1,4,2,0,-1,0,0,-1,2021,56.0,2,1,0,2,2,17,1,,4,RUE DE BERCY,0,,2,2,0,1,(1),(1),1,, -1,1,0,1,30,16,11,5,75,75112,2,3,0,3,RUE DE BERCY,48.838593,2.381246,17,2,2
202100041719,127Â 036,A01,1,1,1,5,2,6,9,0,0,-1,2021,55.0,1,1,8,0,1,1,1,,4,35,-1,,2,2,0,1,(1),(1),1,, -1,9,0,3,-1,2,5,1,17,17093,1,1,0,6,chemin communal 35,45.880381,-1.228602,15,1,1
202100033456,141Â 968,A01,1,1,1,5,2,-1,-1,0,0,-1,2021,16.0,1,1,12,0,0,1,1,,3,506,-1,,2,2,0,1,6,200,1,, -1,1,0,1,80,20,6,1,202,202207,1,1,0,3,Route d Orezza,42.445976,9.474936,13,2,2
202100007568,188Â 214,A01,1,1,1,1,1,8,-1,-1, -1,-1,2021,25.0,2,2,0,0,9,1,1,,1,AUTOROUTE A1,0,,2,4,0,1,5,0,1,, -1,1,0,1,90,17,11,1,972,97213,2,1,0,7,AUTOROUTE A1,14.61222,-61.00825,17,1,1
202100012262,179Â 806,A01,10,3,1,4,0,-1,-1,1,3,1,2021,30.0,2,2,0,1,8,1,0,,4,RESEAU ROBERT KELLER,0,,1,1,0,1,0,0,1,, -1,1,0,1,50,19,10,1,93,93051,2,1,0,6,RESEAU ROBERT KELLER,48.8529244131,2.5684458017,14,3,2
202100003536,195Â 423,B01,1,1,2,9,1,8,-1,-1, -1,-1,2021,46.0,2,2,4,0,8,26,1,,2,RN 01,0,,1,2,0,2,84,0,2,, -1,1,3,8,110,8,12,1,974,97416,1,9,0,2,RN 01,-21.33308,55.46017,17,2,2
202100019749,166Â 341,A01,1,1,1,3,2,0,-1,-1, -1,-1,2021,31.0,3,1,0,2,7,1,1,,4,BARGUE  (BOULEVARD),0,,2,2,0,1,0,0,1,, -1,1,0,1,50,9,9,5,93,93047,2,2,0,3,BARGUE  (BOULEVARD),48.90183,2.55971,22,2,2
202100012107,180Â 073,B01,1,1,1,5,0,-1,-1,0,0,-1,2021,37.0,-1,1,0,2,2,25,3,,7,247,-1,,-1,1,0,1,2,100,1,, -1,2,6,4,50,21,10,1,69,69244,2,1,1,1,CHARLES DE GAULLE (AV),45.750973,4.766425,12,2,2
202100015305,174Â 349,A01,1,1,1,0,1,0,-1,-1, -1,-1,2021,37.0,2,2,0,2,1,0,1,,1,13,0,,1,3,0,1,6,0,1,, -1,2,0,1,110,3,10,3,92,92047,1,1,1,5,A13,48.8364383711,2.1847164237,2,8,5
202100047203,117Â 391,B01,1,1,1,4,1,-1,-1,-1, -1,-1,2021,30.0,2,2,0,2,3,1,1,,4,ETATS UNIS (DES)                    (BD),0,,3,4,3,1,(1),(1),1,, -1,1,0,1,50,19,3,1,69,69388,2,2,0,3,ETATS UNIS (DES) (BD),45.727054004,4.8695343733,12,2,2