Num_Acc,id_vehicule,num_veh,place,catu,sexe,trajet,secu1,secu2,secu3,locp,actp,etatp,year_acc,victim_age,senc,catv,obs,obsm,choc,manv,motor,occutc,catr,voie,v1,v2,circ,nbv,vosp,prof,pr,pr1,plan,lartpc,larrout,surf,infra,situ,vma,jour,mois,lum,dep,com,agg_,int,atm,col,adr,lat,long,hour,nb_victim,nb_vehicules
202100046589,118Â 491,A01,1,1,1,4,1,8,-1,-1, -1,-1,2021,51.0,2,5,0,2,1,15,1,,4,INDUSTRIE (RUE DE L ),0,,2,2,0,1,(1),(1),1,, -1,1,0,1,50,24,3,1,67,67218,2,1,0,3,INDUSTRIE (RUE DE L ),48.53618,7.7324,10,2,2
202100006607,189Â 979,A01,1,1,2,1,1,8,-1,-1, -1,-1,2021,33.0,3,2,0,2,1,26,1,,3,BOULEVARD DE LA PLAINE,0,,2,2,0,1,18,814,1,, -1,2,5,1,50,22,11,1,77,77085,2,2,0,3,D5,48.855004,2.746685,7,2,2
202100016380,172Â 355,B01,1,1,1,1,2,8,-1,-1, -1,-1,2021,31.0,1,1,0,2,3,1,1,,3,161,0,,1,2,3,1,0,1,1,, -1,1,0,1,50,28,9,1,92,92049,2,1,0,3,DORMOY AVENUE MARX NÂ°2 A 100,48.809835511,2.3214358091,14,2,2
202100023175,160Â 192,B01,9,2,2,5,8,-1,-1,0,0,-1,2021,58.0,2,2,0,2,1,1,1,,3,820,0,D,2,2,0,1,54,36,2,, -1,1,0,1,80,22,8,1,31,31033,1,1,0,5,d820,43.378072,1.445711,18,6,3
202100035929,137Â 466,A01,10,3,1,5,0,-1,-1,2,3,1,2021,80.0,1,1,0,1,1,1,1,,4,SAINTE MARGUERITE (BOULEVARD),0,,2,2,0,1,0,0,1,, -1,1,0,1,501,7,6,1,13,13209,2,1,0,2,SAINTE MARGUERITE (BOULEVARD),43.2650213354,5.4091573347,19,2,1
202100024539,157Â 798,B01,1,1,1,5,2,6,-1,-1, -1,-1,2021,22.0,2,1,0,2,7,21,1,,4,PECH MARY -DES COTEAUX DE-,0,,2,2,0,2,(1),(1),2,, -1,1,0,1,50,12,8,1,11,11069,2,1,0,3,Allee des Coteaux de Pech Mary,43.20629,2.38458,17,2,2
202100004835,193Â 143,A01,10,3,1,0,0,-1,-1,4,3,1,2021,71.0,1,2,0,1,1,15,1,,3,7,0,,1,2,0,1,0,0,1,, -1,3,0,1,70,4,12,5,92,92026,2,3,1,6,Quai du MarÃ©chal Joffre,48.9006110236,2.2752481699,19,2,1
202100032042,144Â 476,A01,1,1,2,4,1,-1,-1,0,0,-1,2021,47.0,2,2,4,0,8,1,1,,1,6,-1,,3,6,0,1,419,800,1,, -1,1,0,1,130,27,6,1,69,69206,1,1,0,6,A6     PK 419.800 sens LYON-PARIS,46.0374289584,4.7262306535,15,2,1
202100019777,166Â 296,B01,1,1,1,0,2,6,-1,0,0,-1,2021,62.0,1,1,0,2,2,17,1,,3,994,-1,,2,2,0,1,48,850,1,, -1,1,0,1,90,10,9,1,5,5087,1,1,0,3,D994,44.553934,5.869918,18,2,2
202100047572,116Â 732,B01,1,1,1,5,2,6,9,0,0,-1,2021,20.0,1,1,0,2,1,17,1,,3,605,-1,,2,2,0,1,22,470,1,, -1,1,0,1,90,19,3,1,77,77453,1,1,0,3,Route Departementale 605,48.533061,2.725296,18,2,2
202100014030,176Â 624,B01,4,2,2,0,1,0,-1,-1, -1,-1,2021,5.0,1,2,0,0,4,2,1,,3,SALENGRO (AVENUE ROGER),0,,1,1,0,1,0,1,1,, -1,1,0,1,30,10,10,1,93,93027,2,1,0,4,SALENGRO (AVENUE ROGER),48.93344,2.38705,14,5,3
202100011267,181Â 598,A01,1,1,1,4,1,-1,-1,0,0,-1,2021,54.0,2,4,13,0,3,1,1,,3,23,-1,,2,2,0,1,3,200,3,, -1,1,0,1,80,22,10,1,30,30295,1,1,0,7,D23,44.057708,4.438434,16,1,1
202100051250,110Â 076,B01,1,1,2,0,1,-1,-1,0,0,-1,2021,38.0,1,2,0,2,2,1,1,,3,1001,0,D,2,2,0,1,28,700,1,, -1,1,5,1,50,15,2,1,60,60700,2,2,0,3,Route Nationale 1,49.388927,2.144045,8,2,2
202100040665,128Â 936,B01,2,2,1,2,1,-1,-1,0,0,-1,2021,18.0,1,2,0,2,1,1,1,,3,77,0,D,2,3,0,2,8,168,1,, -1,1,5,1,80,10,5,1,44,44046,1,4,1,1,Le Tertre,47.2677176653,-2.1126580238,7,3,2
202100044435,122Â 260,A01,1,1,1,1,1,0,-1,-1, -1,-1,2021,23.0,2,2,4,0,1,1,1,,2,186,0,,1,5,0,1,47,0,2,, -1,2,0,1,90,11,4,1,94,94073,1,1,1,6,A86 EXT,48.75348,2.3801,10,1,1
202100018546,168Â 484,A01,10,3,1,5,0,-1,-1,2,5,2,2021,15.0,2,3,0,1,0,26,3,,4,,0,,2,2,3,1,(1),(1),1,, -1,1,4,6,-1,16,9,1,69,69256,2,8,0,6,MARIUS GROSSO (R),45.76358,4.93259,15,2,1
202100039474,131Â 048,B01,1,1,1,1,2,0,-1,0,0,-1,2021,48.0,1,1,0,2,2,7,5,,4,AVENUE DE FLANDRE,0,,3,3,3,1,(1),(1),1,, -1,2,0,6,50,18,5,1,75,75119,2,1,1,3,AVENUE DE FLANDRE,48.888194,2.373911,18,2,2
202100025307,156Â 423,A01,1,1,1,5,2,0,-1,-1, -1,-1,2021,76.0,1,1,0,2,1,19,5,,4,GRANDE COTE (AVENUE DE LA),0,,2,2,1,2,(1),(1),2,, -1,1,0,5,30,6,8,1,17,17380,2,3,0,2,BRICK (DU),45.64747,-1.11023,10,2,2
202100000898,200Â 140,B01,1,1,1,4,2,6,-1,-1, -1,-1,2021,37.0,2,1,0,2,1,2,1,,4,,0,,2,2,3,1,0,0,1,, -1,1,0,1,50,30,12,1,92,92062,2,1,0,3,BERTHELOT (RUE MARCELIN),48.8894804456,2.230836153,12,2,2
202100011950,180Â 363,A01,1,1,1,0,1,4,-1,-1, -1,-1,2021,19.0,2,2,4,0,8,1,1,,1,AUTOROUTE A86,0,,1,6,0,2,18,100,2,, -1,2,0,1,70,21,10,1,93,93027,1,1,0,6,AUTOROUTE A86,48.92848,2.41263,16,1,1
202100003286,195Â 890,A01,9,2,2,5,1,-1,-1,0,0,-1,2021,12.0,1,2,0,2,1,5,1,,3,95,0,D,2,2,0,1,1,447,4,, -1,2,0,1,80,12,12,1,44,44186,1,1,1,1,D95,47.093208,-1.796093,12,5,2
202100018653,168Â 297,A01,1,1,1,4,1,-1,-1,0,0,-1,2021,44.0,1,2,0,2,7,1,1,,3,311,0,,2,2,0,1,(1),(1),3,, -1,1,0,1,80,16,9,1,14,14726,1,1,0,3,Route du Brieu,48.880091,-0.824549,17,2,2
202100055775,102Â 168,B01,4,2,2,0,1,0,-1,-1, -1,-1,2021,26.0,2,2,0,2,8,23,1,,3,SOULT (AVENUE MARECHAL),0,,1,6,0,2,7,765,1,, -1,1,0,1,50,8,1,1,64,64102,2,1,0,3,SOULT (AVENUE MARECHAL),43.48738,-1.48428,15,4,2
202100013072,178Â 377,A01,10,3,2,0,0,-1,-1,4,3,1,2021,29.0,1,2,0,1,1,15,2,,4,VINGT SIXIEME R.I. (BOULEVARD DU 2 A 44),0,,3,4,2,1,(1),(1),1,, -1,1,-1,1,50,15,10,1,54,54395,2,2,0,6,Rue Lecreulx,48.6987863288,6.1877179329,14,2,1
202100019332,167Â 071,A01,1,1,2,5,2,6,-1,0,0,-1,2021,16.0,1,1,0,2,1,1,1,,2,JAURES (AVE JEAN),0,,2,2,0,1,18,930,1,, -1,1,0,1,50,12,9,1,65,65047,2,3,0,1,JAURES (AVE JEAN),43.24341,0.09578,15,2,2
202100028440,150Â 878,B01,2,2,2,5,2,6,-1,-1, -1,-1,2021,16.0,1,1,0,2,4,1,1,,1,AUTOROUTE A1,0,,3,8,0,1,1,200,1,, -1,1,0,1,90,18,7,1,93,93066,1,1,0,2,AUTOROUTE A1,48.91213,2.35813,8,3,2
202100009338,185Â 014,A01,1,1,1,0,2,6,9,0,0,-1,2021,58.0,2,1,8,2,1,1,1,,3,273,-1,D,2,2,0,1,6,808,2,, -1,1,0,1,80,5,11,1,47,47265,1,1,0,1,Pressoire,44.488542,0.583354,13,2,2
202100006749,189Â 718,A01,1,1,1,0,2,-1,-1,0,0,-1,2021,16.0,2,1,0,2,1,5,1,,3,D3,-1,,2,2,0,1,(1),(1),1,, -1,2,5,8,50,23,11,5,59,59319,2,6,0,1,Route d Hondschoote,50.973802,2.439346,18,2,2
202100027587,152Â 414,A01,1,1,1,0,8,0,-1,-1, -1,-1,2021,55.0,0,1,0,2,1,1,0,,3,PAUL VAILLANT COUTURIER (BOULEVARD),0,,-1,1,0,1,1,0,2,, -1,1,0,1,50,22,7,1,93,93048,2,9,0,3,Bd Paul Vaillant Couturier,48.866204,2.444529,16,2,2
202100011671,180Â 861,B01,1,1,1,1,1,0,-1,-1, -1,-1,2021,40.0,2,2,0,2,4,1,1,,3,MARCEAU (AVENUE) NÂ° 29-FIN,0,,2,2,0,1,0,1,1,, -1,2,0,1,50,21,10,5,93,93029,2,3,0,2,MARCEAU (AVENUE) NÂ° 29-FIN,48.9289117254,2.434694767,23,2,2
202100013305,177Â 960,A01,1,1,1,9,8,0,-1,0,0,-1,2021,47.0,1,1,0,2,7,1,5,,4,BOULEVARD MURAT,0,,1,1,1,1,(1),(1),1,, -1,1,-1,5,50,14,10,1,75,75116,2,3,0,3,BOULEVARD MURAT,48.837202,2.259601,11,2,2
202100045849,119Â 801,A01,1,1,1,0,2,6,9,0,0,-1,2021,25.0,2,1,0,0,1,13,1,,3,6,-1,,2,2,0,2,35,330,3,, -1,1,0,3,80,31,3,1,25,25254,1,1,0,7,Le Casse-croÃ»te,46.851482,6.378443,18,1,1
202100037302,134Â 993,B01,1,1,1,1,2,0,-1,-1, -1,-1,2021,23.0,2,1,0,2,7,2,1,,3,PAUL DOUMER (AV),0,,2,2,0,1,0,0,1,, -1,1,0,1,50,31,5,1,94,94003,2,1,0,3,PAUL DOUMER (AV),48.80522,2.33809,14,2,2
202100055569,102Â 523,B01,1,1,2,0,1,-1,-1,0,0,-1,2021,39.0,2,2,0,2,3,1,1,,7,7,0,R,2,2,0,2,0,500,1,, -1,1,0,1,50,11,1,5,42,42271,2,1,0,1,Route de Saint-Paul,45.492608,4.567856,17,3,2
202100025195,156Â 627,A01,1,1,1,5,2,-1,-1,0,0,-1,2021,49.0,1,1,0,0,0,1,1,,3,29,-1,,3,2,0,1,0,655,1,, -1,2,0,1,50,7,8,1,72,72363,2,1,1,7,24 Rue de la Mairie,48.110555,0.522242,15,1,1
202100021673,162Â 893,B01,1,1,1,1,2,6,4,0,0,-1,2021,60.0,2,1,0,2,8,15,1,,3,835,0,D,2,2,0,1,11,100,1,, -1,1,0,1,70,31,8,1,65,65304,2,4,0,3,373 Avenue de Tarbes,43.4586,0.03828,8,2,2
202100027626,152Â 342,A01,1,1,1,5,1,-1,-1,0,0,-1,2021,19.0,1,2,0,2,3,9,1,,3,1532,0,D,2,2,0,4,34,0,1,, -1,1,0,1,50,23,7,3,38,38450,2,3,0,1,Route du Sud,45.278962,5.537877,2,2,2
202100056491,100Â 923,B01,3,2,1,5,1,0,-1,-1,0,-1,2021,26.0,2,2,0,2,2,1,1,,1,15,0,,3,10,0,1,22,399,1,, -1,1,0,1,110,2,1,1,95,95572,1,1,0,2, A15,49.03401,2.10276,13,4,2
202100014954,174Â 976,B01,2,2,2,0,8,-1,-1,-1, -1,-1,2021,70.0,3,3,0,2,2,1,3,,4,VILLETTE (DE LA)                    (R ),0,,2,4,0,1,(1),(1),1,, -1,2,5,1,30,4,10,2,69,69383,2,2,1,3,VILLETTE (DE LA) (R),45.76291,4.86194,20,3,2
202100000321,201Â 145,A01,10,3,2,5,0,-1,-1,3,3,1,2021,67.0,3,2,0,1,1,1,1,,4,,0,,1,2,0,2,0,0,1,, -1,1,0,1,50,23,12,5,30,30189,2,2,0,6,SAUVE (RUE),43.8371,4.3454,17,2,1
202100050342,111Â 717,A01,1,1,2,5,2,8,-1,-1, -1,-1,2021,53.0,2,0,0,0,0,1,3,,4,REGNIER (RUE MATHURIN),0,,2,0,0,1,0,0,1,, -1,1,0,1,50,24,2,1,28,28085,2,1,0,7,REGNIER (RUE MATHURIN),48.44262,1.48731,17,1,1
202100033671,141Â 576,A01,1,1,1,0,8,8,-1,-1, -1,-1,2021,20.0,3,2,0,2,1,21,1,,4,ALBERT EINSTEIN (AVENUE),0,,-1,2,0,1,0,0,1,, -1,2,9,1,50,17,6,5,93,93007,2,1,1,1,ALBERT EINSTEIN (AVENUE),48.9486,2.4665,23,2,2
202100012280,179Â 778,B01,1,1,2,1,2,8,-1,-1, -1,-1,2021,25.0,1,1,0,2,1,1,0,,3,77,0,,2,4,2,1,0,0,1,, -1,1,5,1,50,19,10,1,92,92007,2,2,0,3,HUGO (AVENUE VICTOR),48.80493,2.32279,17,4,2
202100028858,150Â 135,A01,1,1,1,9,2,6,-1,0,0,-1,2021,45.0,2,1,0,2,2,1,1,,4,QUAI DE GRENELLE,0,,2,4,0,1,(1),(1),1,, -1,1,0,1,50,15,7,1,75,75115,2,2,0,3,QUAI DE GRENELLE,48.849191,2.281883,19,2,2
202100004280,194Â 108,Z01,10,3,1,0,8,8,-1,3,3,1,2021,19.0,3,2,0,1,0,15,0,,4,MOUTON (BOULEVARD),0,,1,1,0,1,1,0,1,, -1,1,6,6,50,6,12,1,13,13214,2,3,0,1,MOUTON (BOULEVARD),43.3325007105,5.392877228,13,2,1
202100022420,161Â 562,B01,1,1,2,5,8,-1,-1,0,0,-1,2021,43.0,2,1,0,2,7,1,5,,4,LASSALLE (RUE GEORGES),0,,2,2,0,1,(1),(1),1,, -1,1,0,1,50,26,8,1,65,65440,2,4,0,3,LASSALLE (RUE GEORGES),43.23431,0.07258,12,2,2
202100007211,188Â 866,A01,10,3,1,0,0,-1,-1,0,0,-1,2021,83.0,3,2,0,1,1,1,1,,4,,0,,1,3,3,1,(1),(1),1,, -1,1,0,1,50,18,11,1,63,63113,2,2,0,6,JAURES (BD JEAN),45.7687,3.07822,17,2,1
202100011505,181Â 158,A01,1,1,2,5,8,-1,-1,0,0,-1,2021,33.0,1,2,0,2,8,10,1,,3,643,-1,,2,3,0,1,39,(1),1,, -1,2,0,1,90,21,10,1,59,59597,1,1,0,3,RD 643,50.201761,3.197864,14,2,2
202100001374,199Â 312,A01,4,2,1,5,1,0,-1,-1, -1,-1,2021,22.0,3,2,16,0,1,24,1,,4,,0,,2,2,0,2,(1),(1),1,,4,2,0,3,50,25,12,3,25,25056,1,1,1,7,FORT DE BREGILLE CH. DU,47.23589,6.04151,21,4,1
202100029579,148Â 919,A01,2,2,1,5,1,5,-1,-1, -1,-1,2021,20.0,2,2,14,2,3,13,1,,3,AVENUE DE POISSY,0,,2,3,0,1,7,0,1,, -1,1,5,1,50,10,7,5,78,78396,2,1,0,5,AVENUE DE POISSY,48.94331,2.12797,22,6,3
202100043972,123Â 080,A01,2,2,2,3,1,-1,-1,0,0,-1,2021,77.0,1,2,0,2,3,19,1,,7,826,0,D,2,4,3,1,5,200,1,, -1,1,5,6,50,16,4,1,31,31044,2,6,0,3,d 826 route de castres - rond point de Nollet,43.592871,1.505615,17,3,2
202100054974,103Â 549,B01,2,2,2,5,2,-1,-1,0,0,-1,2021,36.0,3,1,0,2,1,1,1,,4,1,-1,,2,2,0,1,1,10,1,, -1,1,0,1,50,15,1,5,974,97408,2,1,0,3,1 Chemin Moulin Joli,-20.959015,55.321972,21,3,2
202100008492,186Â 552,B01,1,1,2,0,8,5,-1,-1, -1,-1,2021,23.0,3,2,9,2,4,24,0,,4,Corniche John FitzgÃ©rald Kennedy,0,,2,3,0,1,0,0,2,, -1,2,0,1,50,11,11,5,13,13207,2,1,0,1,Corniche John FitzgÃ©rald Kennedy,43.27352,5.36292,6,3,2
202100031276,145Â 837,A01,1,1,2,5,2,6,-1,0,0,-1,2021,17.0,2,1,0,6,0,0,1,,3,164,-1,,2,2,0,1,4,740,2,,6,2,0,1,80,4,7,1,79,79049,1,3,1,7,,46.881975,-0.496037,8,1,1
202100035808,137Â 700,A01,1,1,1,5,2,9,-1,0,0,-1,2021,55.0,-1,1,0,0,0,0,1,,3,52,-1,,2,2,0,3,9,611,2,, -1,9,0,1,80,9,6,1,69,69209,1,3,0,7,D52,46.21981,4.462523,12,1,1
202100017271,170Â 783,A01,1,1,1,1,1,-1,-1,0,0,-1,2021,41.0,1,2,0,0,9,1,1,,3,964,-1,,2,2,0,2,11,0,1,, -1,1,0,3,80,23,9,1,8,8311,1,1,0,7,D964,49.6057,5.078067,15,1,1
202100021700,162Â 848,B01,1,1,1,1,2,6,-1,0,0,-1,2021,23.0,2,1,0,2,1,1,1,,3,44,0,,2,2,2,1,(1),(1),1,, -1,1,-1,1,80,25,8,1,29,29037,1,3,0,3,lieu dit Le Lannou,47.884733,-4.172031,11,2,2
202100015894,173Â 261,B01,1,1,1,5,2,8,-1,-1, -1,-1,2021,68.0,2,1,0,2,5,1,5,,3,VALLEE HEUREUSE,0,,-1,2,0,1,0,635,2,, -1,1,0,1,70,29,9,1,64,64237,1,6,0,2,D 802,43.27887,-0.37522,13,2,2
202100015518,173Â 951,A01,1,1,1,0,2,6,-1,-1, -1,-1,2021,20.0,3,1,6,0,1,26,1,,6,PARIS. ROUTE DE (RN 14),0,,-1,-1,0,1,0,0,1,, -1,2,9,8,50,2,10,1,76,76429,2,1,1,7,PARIS. ROUTE DE (RN 14),49.40651,1.15207,13,1,1
202100016255,172Â 575,A01,1,1,1,5,1,0,-1,-1, -1,-1,2021,48.0,2,2,9,0,1,15,1,,3,STALINGRAD (AV DE),0,,-1,2,0,1,1,0,1,, -1,1,5,4,50,29,9,1,94,94021,2,5,0,6,STALINGRAD (AV DE),48.76895,2.36779,14,1,1
202100045373,120Â 627,A01,1,1,2,9,2,6,-1,-1, -1,-1,2021,26.0,2,1,12,0,8,21,1,,3,BAYONNE (AVENUE DE),0,,3,4,3,1,9,410,1,, -1,1,0,1,50,1,4,1,64,64024,2,9,0,7,BAYONNE (AVENUE DE),43.48115,-1.51121,15,1,1
202100028779,150Â 279,C01,1,1,1,1,1,-1,-1,-1, -1,-1,2021,46.0,1,2,0,2,1,2,1,,1,A47   0.000  A 1.657,0,,3,4,0,1,1,700,1,, -1,2,2,1,70,15,7,1,69,69297,1,1,1,4,A47   0.000  A 1.657,45.5892939006,4.7777813673,17,4,3
202100020221,165Â 490,A01,10,3,2,1,0,-1,-1,3,3,1,2021,55.0,3,2,0,1,8,0,1,,4,LORY LES BAS (RUE),0,,1,1,0,1,0,0,1,, -1,1,0,1,30,7,9,1,974,97411,2,1,0,6,LORY LES BAS (RUE),-20.89487,55.48166,7,2,1
202100029491,149Â 077,A01,1,1,1,9,8,-1,-1,0,0,-1,2021,24.0,1,2,0,2,1,13,1,,2,57,0,,2,2,0,1,3,320,1,, -1,1,0,1,70,12,7,3,25,25133,1,1,0,1,N57,47.308547,5.992109,2,2,2
202100024703,157Â 487,A01,10,3,1,0,-1,-1,-1,4,3,1,2021,65.0,3,2,0,1,1,16,-1,,4,,-1,,2,-1,-1,1,(1),(1),1,, -1,1,5,1,50,29,1,5,78,78158,2,6,0,6,,48.829051,2.117521,17,2,1
202100055216,103Â 120,A01,1,1,1,9,2,6,-1,0,0,-1,2021,34.0,3,1,0,2,8,9,1,,4,PONT ALEXANDRE III,0,,2,4,1,1,(1),(1),1,, -1,2,0,1,50,13,1,5,75,75107,2,2,1,3,PONT ALEXANDRE III,48.862828,2.313466,20,2,2
202100014617,175Â 587,A01,2,2,2,9,1,0,-1,-1, -1,-1,2021,81.0,3,2,0,2,4,2,1,,7,DEPARTEMENTALE 48 (RTE ),0,,2,0,0,1,1,233,3,, -1,1,0,1,50,6,10,1,13,13043,2,1,0,2,DEPARTEMENTALE 48 (RTE ),43.3968,5.21953,17,3,2
202100030030,148Â 112,A01,1,1,1,1,8,0,-1,0,0,-1,2021,36.0,3,1,0,2,3,15,3,,4,RUE DE TURBIGO,0,,1,3,0,1,(1),(1),1,, -1,1,0,1,50,8,7,1,75,75103,2,2,0,3,RUE DE TURBIGO,48.865467,2.355998,18,2,2
202100006004,191Â 066,A01,1,1,1,9,2,6,-1,-1, -1,-1,2021,31.0,1,1,0,2,1,2,1,,3,PONT DE CRETEIL - PONT DE CRETEIL (R DU),0,,1,2,0,1,1,0,1,, -1,1,0,1,30,26,11,1,94,94068,2,1,0,2,Rue du Pont de CrÃ©teil,48.80118,2.47226,14,2,2
202100003175,196Â 090,A01,10,3,2,2,0,-1,-1,3,3,1,2021,15.0,0,5,0,1,1,16,1,,3,2,0,,1,2,0,4,0,0,1,, -1,2,0,1,50,13,12,5,92,92023,2,6,1,6,CLAUDE TREBIGNAUD (AVENUE) BOIS S103,48.8032237186,2.2568589449,7,2,1
202100024707,157Â 481,A01,1,1,1,0,2,8,-1,0,0,-1,2021,38.0,1,1,0,2,5,11,1,,4,CESSOLE (BD DE) (JUSQU'AU NÂ° 93-110),0,,2,2,3,2,(1),(1),1,, -1,1,9,1,50,10,8,1,6,6088,2,3,0,3,CESSOLE (BD DE) (JUSQU'AU NÂ° 93-110),43.7126709538,7.2552640736,19,2,2
202100025701,155Â 746,A01,1,1,1,1,1,8,-1,-1, -1,-1,2021,46.0,3,2,3,0,2,26,1,,1,A104,0,,1,2,0,1,30,200,2,, -1,1,2,1,70,4,8,3,77,77121,1,1,0,7,A104,48.8317,2.6692,4,1,1
202100032460,143Â 758,A01,10,3,1,0,0,-1,-1,2,3,1,2021,3.0,3,3,0,1,1,26,2,1.0,4,BRUXELLES (RUE DE),0,,2,2,0,1,1,0,1,, -1,1,0,1,50,23,6,1,90,90010,2,1,0,1,BRUXELLES (RUE DE),47.63374,6.84119,18,2,1
202100029279,149Â 429,B01,1,1,1,0,1,0,-1,-1, -1,-1,2021,47.0,1,2,0,2,5,15,1,,7,PICOT (AVE DU COLONEL),0,,2,2,0,2,3,540,1,, -1,1,0,1,50,10,7,1,83,83137,2,9,0,2,PICOT (AVE DU COLONEL),43.12775,5.96348,17,2,2
202100011754,180Â 706,A01,10,3,2,1,0,-1,-1,3,3,1,2021,48.0,2,2,0,1,1,0,1,,4,FELIX FAURE,0,,2,2,0,1,0,0,1,, -1,1,0,1,50,20,10,1,76,76351,2,1,0,6,FELIX FAURE,49.50006,0.10067,17,2,1
202100023605,159Â 442,B01,6,2,2,5,8,0,-1,-1, -1,-1,2021,57.0,2,3,0,2,3,1,1,2.0,4,LOMBARDS (AVENUE),0,,2,2,3,1,(1),(1),1,, -1,1,0,6,50,16,8,1,10,10387,2,1,0,3,LOMBARDS (AVENUE),48.27812,4.06767,11,3,2
202100033871,141Â 215,A01,1,1,1,1,2,6,-1,0,0,-1,2021,48.0,1,1,0,2,3,3,1,,4,PORTE DOREE,0,,1,4,0,1,33,0,1,, -1,1,0,1,70,16,6,1,75,75112,2,1,1,4,PORTE DOREE,48.83687,2.412401,17,3,3
202100020767,164Â 518,A01,1,1,1,2,2,-1,-1,0,0,-1,2021,10.0,2,1,0,2,1,13,5,,4,,-1,,2,2,0,2,(1),(1),2,,3,1,0,1,50,3,9,1,39,39354,2,1,1,1,175 Rue de la Rochette,46.898802,5.647354,13,2,2
202100043510,123Â 891,B01,2,2,2,3,2,6,-1,0,0,-1,2021,22.0,3,1,0,2,3,1,1,,3,103,-1,,2,2,0,1,20,100,3,, -1,1,0,1,50,21,3,1,28,28214,2,4,0,3,Avenue Charles de Gaulle,48.470126,1.018735,14,3,2
202100028632,150Â 534,A01,1,1,1,5,8,8,-1,-1, -1,-1,2021,50.0,1,1,0,2,1,1,5,,3,LIBERATION ( AV. DE LA ),0,,2,2,0,1,94,57,1,, -1,1,0,1,30,15,7,1,56,56083,2,3,0,3,LIBERATION ( AV. DE LA ),47.80325,-3.26677,10,2,2
202100022284,161Â 801,A01,1,1,1,0,2,0,-1,-1, -1,-1,2021,25.0,0,1,0,2,0,0,1,,7,georges COUTTON (rond point),0,,1,1,0,1,0,0,1,, -1,1,0,1,50,27,8,2,13,13001,1,9,0,3,georges COUTTON (rond point),43.50574,5.41221,20,2,2
202100005289,192Â 332,A01,1,1,1,3,8,0,-1,-1, -1,-1,2021,89.0,1,2,0,2,8,9,1,,7,DEUX FONTAINES (AVENUE ),0,,1,2,0,1,0,0,1,, -1,2,0,1,50,1,12,1,57,57751,2,9,1,3,DEUX FONTAINES (AVENUE ),49.14862,6.17158,11,2,2
202100012719,178Â 982,B01,2,2,1,3,1,-1,-1,0,0,-1,2021,83.0,1,2,0,2,1,1,1,,3,55,0,D,2,2,0,1,29,150,1,, -1,1,0,1,80,21,9,1,49,49307,1,2,0,3,D55,47.414422,-0.311603,11,3,2
202100006727,189Â 759,B01,1,1,2,1,2,8,-1,0,0,-1,2021,64.0,1,1,0,2,1,23,1,,4,RUE DES TOURNELLES,0,,1,1,0,1,(1),(1),1,, -1,1,0,1,30,23,11,1,75,75103,2,2,0,2,RUE DES TOURNELLES,48.857717,2.367375,16,2,2
202100052238,108Â 330,A01,1,1,2,9,1,0,-1,-1, -1,-1,2021,22.0,2,2,4,0,6,1,1,,2,RN 118,0,,3,4,0,1,1,649,1,, -1,2,0,1,90,7,2,1,91,91064,1,1,1,6,RN 118,48.76087,2.22624,16,2,1
202100044372,122Â 355,A01,10,3,2,5,0,-1,-1,2,3,1,2021,54.0,1,0,0,1,6,20,0,,3,GABIN.(RUE JEAN),0,,1,1,0,1,0,0,1,, -1,1,0,1,50,11,4,1,94,94028,2,1,0,2,GABIN.(RUE JEAN),48.78311,2.44748,16,2,1
202100000891,200Â 153,B01,4,2,2,9,1,0,-1,-1, -1,-1,2021,21.0,2,2,0,0,4,1,1,,4,CHAPIT RE ( RUE DU),0,,1,1,0,1,2,799,1,, -1,2,2,1,50,30,12,1,93,93073,2,1,0,2,CHAPIT RE ( RUE DU),49.0022067077,2.5369676496,9,4,2
202100002186,197Â 884,A01,1,1,1,1,8,-1,-1,0,0,-1,2021,51.0,2,2,0,0,9,17,1,,3,322,0,D,2,2,0,2,6,520,2,, -1,1,0,3,80,20,12,3,39,39101,1,1,0,7,,47.091821,5.42922,17,1,1
202100027253,153Â 005,A01,2,2,2,5,2,6,-1,0,0,-1,2021,30.0,1,1,0,0,0,1,1,,3,940,0,D,3,2,0,1,8,250,1,, -1,2,0,1,50,24,7,3,62,62390,2,1,1,7,D940,50.391181,1.605007,21,2,1
202100000876,200Â 178,A01,10,3,1,0,0,-1,-1,4,3,2,2021,59.0,2,2,2,0,2,26,0,,4,BD DES LICES,0,,2,2,0,1,0,0,1,, -1,1,0,1,50,30,12,5,13,13004,2,1,0,3,BD DES LICES,43.6753362413,4.6291836891,18,4,1
202100016522,172Â 096,A01,10,3,2,0,0,-1,-1,9,B,2,2021,23.0,1,2,0,1,3,1,0,,2,VERSAILLES (ROUTE DE),0,,3,4,0,1,26,780,1,, -1,1,0,1,70,26,9,1,78,78350,1,1,0,6,VERSAILLES (ROUTE DE),48.84845,2.10881,9,2,1
202100050873,110Â 743,A01,4,2,1,0,8,0,-1,-1, -1,-1,2021,20.0,2,2,12,0,1,26,1,,2,RN1338,0,,1,3,0,1,8,900,2,, -1,2,0,1,50,17,2,4,76,76540,2,6,0,7,RN1338,49.4375174753,1.0665643215,0,3,1
202100047460,116Â 931,A01,1,1,1,1,2,6,-1,-1, -1,-1,2021,33.0,1,1,16,0,8,0,1,,1,ROCADE A 631,0,,3,6,0,1,0,560,2,, -1,2,3,1,50,19,3,1,33,33039,1,1,1,7,ROCADE A 631,44.80585,-0.531857,8,1,1