Num_Acc,id_vehicule,num_veh,place,catu,sexe,trajet,secu1,secu2,secu3,locp,actp,etatp,year_acc,victim_age,senc,catv,obs,obsm,choc,manv,motor,occutc,catr,voie,v1,v2,circ,nbv,vosp,prof,pr,pr1,plan,lartpc,larrout,surf,infra,situ,vma,jour,mois,lum,dep,com,agg_,int,atm,col,adr,lat,long,hour,nb_victim,nb_vehicules
202100006398,190Â 360,A01,1,1,2,1,8,0,-1,-1, -1,-1,2021,47.0,2,1,0,0,7,1,5,,4,LOUYAT (AVENUE DE),0,,2,2,0,2,0,0,1,, -1,1,0,1,50,23,11,1,87,87085,2,1,0,7,LOUYAT (AVENUE DE),45.847,1.25863,8,1,1
202100055960,101Â 859,B01,1,1,1,1,2,0,-1,-1, -1,-1,2021,29.0,1,1,0,2,1,1,1,,3,PARIS (RUE DE),0,,2,2,0,1,1,0,1,, -1,1,0,1,50,7,1,1,93,93048,2,2,0,3,PARIS (RUE DE),48.85723,2.43159,11,2,2
202100008879,185Â 871,B01,7,2,2,5,3,-1,-1,0,0,-1,2021,8.0,1,2,0,2,1,1,1,,3,30,-1,,2,2,0,1,1,220,1,, -1,1,0,1,80,6,11,1,39,39241,1,3,0,3,,46.647823,5.489345,13,4,2
202100056026,101Â 738,B01,2,2,2,9,1,0,-1,-1, -1,-1,2021,15.0,3,2,4,2,4,13,1,,3,448,0,,-1,2,0,1,0,0,1,, -1,1,0,1,50,6,1,5,91,91421,2,6,0,3,GLACIERE (RUE DE LA),48.70679,2.44091,18,3,2
202100001158,199Â 702,A01,2,2,2,0,1,0,-1,-1, -1,-1,2021,50.0,1,2,14,0,7,17,1,,3,ROUTE DEPARTEMENTALE 14,0,,2,2,0,2,0,500,1,, -1,1,0,1,50,26,12,5,972,97213,1,1,0,6,ROUTE DEPARTEMENTALE 14,14.621758,-61.019147,20,2,1
202100036501,136Â 460,A01,1,1,1,5,2,-1,-1,0,0,-1,2021,23.0,2,1,0,2,1,0,1,,4,,-1,,2,2,0,1,(1),(1),1,,4,1,0,1,30,4,6,1,54,54322,2,3,0,3,1 Rue Ottawa,49.4424067505,5.5953186758,17,4,2
202100009332,185Â 025,A01,10,3,1,3,0,-1,-1,2,3,1,2021,11.0,2,2,0,1,2,1,1,,3,656,0,,2,2,0,1,16,202,1,, -1,2,0,1,50,3,11,1,57,57556,2,1,0,6,20 Rue Robert Schuman,49.055888,6.927631,13,2,1
202100017130,171Â 016,B01,1,1,1,3,8,0,-1,-1, -1,-1,2021,36.0,1,1,0,0,0,0,0,,3,PASTEUR (BOULEVARD) DE 40 A +,0,,4,2,0,1,81,0,1,, -1,1,0,1,50,24,9,1,93,93027,2,1,0,3,PASTEUR (BOULEVARD) DE 40 A +,48.93202,2.3999,14,2,2
202100050179,112Â 024,A01,1,1,1,5,2,0,-1,-1, -1,-1,2021,21.0,2,6,12,0,4,4,1,,4,KERORBEN (RUE  DE ),0,,2,2,0,1,(1),(1),1,, -1,1,0,1,30,24,2,1,56,56083,2,1,0,7,KERORBEN (RUE  DE ),47.80115,-3.27142,18,1,1
202100040637,128Â 973,A01,1,1,1,5,2,6,-1,-1, -1,-1,2021,47.0,3,1,0,2,1,19,1,,3,1,0,,2,-1,1,1,0,0,3,, -1,1,0,1,50,9,5,1,92,92051,2,5,0,1,BOURDON (BOULEVARD),48.893538343,2.267626673,16,2,2
202100009377,184Â 943,B01,2,2,1,1,1,0,-1,-1, -1,-1,2021,25.0,1,2,0,2,9,17,1,,1,A55-Sens Marseille vers Martigues,0,,1,2,0,1,36,0,1,, -1,1,0,1,90,3,11,1,13,13056,1,1,0,3,A55-Sens Marseille vers Martigues,43.39404,5.05355,8,3,2
202100028977,149Â 933,A01,1,1,1,0,2,0,-1,-1, -1,-1,2021,20.0,0,1,0,2,1,2,1,,4,PRUD'HOMMES (TVSE),0,,-1,1,0,1,1,0,1,, -1,1,0,1,50,14,7,1,13,13210,2,1,0,3,PRUD'HOMMES (TVSE),43.2744,5.43884,15,2,2
202100042003,126Â 541,A01,1,1,1,4,1,0,-1,-1,0,-1,2021,20.0,3,2,0,2,3,15,1,,4,LURCAT (RUE JEAN),0,,1,1,0,1,(1),(1),1,, -1,1,0,1,50,30,4,5,95,95018,2,2,0,3,LURCAT (RUE JEAN),48.95186,2.2287,1,2,2
202100048997,114Â 172,A01,1,1,1,4,1,-1,-1,0,0,-1,2021,31.0,2,2,1,0,1,1,1,,3,216,-1,,2,2,0,1,1,0,1,, -1,1,0,3,50,6,3,1,71,71120,2,1,0,6,Route de Saint-Germain,46.204581,4.346284,15,1,1
202100010328,183Â 239,A01,1,1,2,0,8,-1,-1,-1, -1,-1,2021,36.0,1,2,8,0,1,1,1,,4,VILLENEUVE   RUE,0,,1,1,0,1,(1),(1),1,, -1,1,0,4,30,29,10,5,17,17300,2,1,0,6,VILLENEUVE   RUE,46.16037,-1.14718,2,1,1
202100032017,144Â 517,A01,2,2,1,5,1,-1,-1,0,0,-1,2021,18.0,1,2,6,0,1,13,2,,3,122,-1,,2,2,0,1,4,310,1,, -1,1,0,8,80,28,6,1,39,39104,1,1,0,6,,46.77908,5.420337,18,2,1
202100028783,150Â 270,B01,1,1,1,0,2,6,-1,-1, -1,-1,2021,52.0,2,1,0,2,8,3,1,,2,104,0,,1,2,0,1,35,799,2,, -1,1,0,1,90,16,7,1,91,91174,1,1,0,3,RN 104,48.61093,2.44659,15,2,2
202100050049,112Â 277,A01,1,1,2,1,1,0,0,0,0,-1,2021,21.0,2,2,0,2,1,2,1,,3,PÃ©nÃ©trante,0,,1,2,0,1,56,704,1,, -1,1,0,1,90,26,2,3,6,6069,1,1,0,2,PÃ©nÃ©trante,43.63132,6.94707,18,2,2
202100009139,185Â 374,A01,1,1,1,5,2,6,-1,0,0,-1,2021,16.0,1,1,0,2,3,19,1,,3,167,-1,,2,2,0,1,5,629,1,, -1,1,0,1,50,6,11,2,62,62529,2,2,0,3,Rue des Tronchants,50.555567,2.802946,17,3,2
202100010879,182Â 281,A01,1,1,1,0,1,0,-1,0,0,-1,2021,23.0,1,2,1,0,1,26,1,,7,BERGOUGNAN (AVENUE),0,,3,4,0,1,(1),(1),1,, -1,1,0,1,50,24,10,5,63,63075,2,1,0,6,BERGOUGNAN (AVENUE),45.77978,3.06821,4,1,1
202100033854,141Â 250,A01,10,3,1,5,0,-1,-1,3,3,1,2021,92.0,0,2,0,1,1,1,1,,4,JUIN   AVENUE DU MARECHAL,0,,2,2,0,1,(1),(1),1,, -1,1,0,8,30,17,6,1,17,17300,2,1,0,6,JUIN   AVENUE DU MARECHAL,46.160531,-1.179461,8,2,1
202100056048,101Â 701,B01,1,1,1,1,1,-1,-1,-1, -1,-1,2021,59.0,1,2,0,2,1,1,0,,4,LORIENT (DE),0,,3,4,0,1,(1),(1),1,, -1,1,5,1,50,6,1,5,35,35238,2,2,0,3,LORIENT (DE),48.10895,-1.710169,18,2,2
202100040965,128Â 392,B01,1,1,1,5,1,0,-1,-1,0,-1,2021,28.0,3,2,0,2,2,1,2,,4,CHAPIT RE ( RUE DU),0,,1,1,0,1,(1),(1),1,, -1,2,0,1,90,6,5,1,95,95527,1,1,1,2,ROUTE DE LA COMMUNE,49.0064726827,2.54375875,20,2,2
202100043622,123Â 705,B01,1,1,1,4,2,-1,-1,0,0,-1,2021,21.0,2,1,0,2,1,1,1,,3,VOSGES (AVENUE DES),0,,2,3,0,1,0,726,1,, -1,1,5,1,50,16,4,1,65,65440,2,2,0,3,VOSGES (AVENUE DES),43.248894,0.063893,14,2,2
202100029558,148Â 956,A01,1,1,1,4,1,0,-1,-1, -1,-1,2021,37.0,2,4,0,2,1,2,1,,1,A104,0,,1,2,0,1,16,500,1,, -1,1,0,1,90,10,7,1,77,77363,1,1,0,2,A104,48.9266563842,2.6288649398,15,2,2
202100004043,194Â 517,A01,10,3,1,5,0,-1,-1,4,3,2,2021,78.0,1,2,0,1,1,26,1,,4,BLANCHOIN BOULEVARD,0,,3,4,0,1,1,0,1,, -1,1,0,1,50,8,12,1,49,49007,2,1,0,6,BLANCHOIN BOULEVARD,47.4485,-0.5389,16,3,1
202100002176,197Â 899,B01,1,1,2,5,1,-1,-1,0,0,-1,2021,70.0,1,2,0,2,3,1,1,,2,30,-1,,2,2,0,1,3,600,1,, -1,1,5,1,70,21,12,1,202,202050,1,6,0,1,T30,42.549966,8.782926,8,3,2
202100024040,158Â 674,A01,1,1,1,1,2,6,-1,0,0,-1,2021,39.0,2,1,0,9,1,1,1,,3,2204,0,B,3,4,0,1,11,452,1,, -1,1,1,1,70,16,8,1,6,6031,1,9,0,6,Tunnel de la Condamine,43.770316,7.326904,9,2,2
202100055364,102Â 875,A01,1,1,1,4,1,0,-1,0,0,-1,2021,25.0,2,5,0,2,1,9,3,,4,BOULEVARD SAINT DENIS,0,,2,5,1,1,(1),(1),1,, -1,1,0,1,50,11,1,1,75,75102,2,2,0,5,BOULEVARD SAINT DENIS,48.8696738314,2.3526138067,16,4,4
202100005326,192Â 269,A01,2,2,1,5,2,8,-1,-1, -1,-1,2021,25.0,1,1,8,0,1,26,1,,4,RUE DE L AMIRAL GALACHE,0,,1,1,0,1,(1),(1),2,, -1,1,0,1,20,30,11,5,31,31555,2,1,0,7,RUE DE L AMIRAL GALACHE,43.5993801668,1.4331954718,3,2,1
202100007070,189Â 118,A01,2,2,2,5,1,-1,-1,0,0,-1,2021,16.0,1,2,13,0,1,1,1,,3,145,0,,2,2,0,2,3,170,1,, -1,1,0,1,50,21,11,5,30,30092,2,1,0,6,326 route d'AlÃ¨s,44.089173,4.591057,0,2,1
202100045137,121Â 051,A01,1,1,1,0,8,0,-1,0,0,-1,2021,23.0,3,1,1,2,1,1,1,,4,CASSIN (BD RENE),0,,1,1,0,1,0,0,1,, -1,1,0,1,50,3,4,1,6,6088,2,1,0,3,CASSIN (BD RENE),43.67051,7.22151,12,3,2
202100033708,141Â 512,A01,1,1,1,5,2,6,-1,0,0,-1,2021,17.0,1,1,0,2,8,1,1,,4,,-1,,2,2,0,1,(1),(1),3,, -1,1,0,1,80,19,6,1,71,71408,1,1,0,3,Chemin de Popet,46.2044075221,4.2230374787,11,2,2
202100013481,177Â 638,B01,1,1,2,5,1,-1,-1,-1, -1,-1,2021,31.0,2,2,0,2,6,20,1,,4,ANDRE PHILIP                        (R ),0,,1,2,2,1,(1),(1),1,, -1,1,0,1,50,13,10,1,69,69383,2,1,0,2,ANDRE PHILIP (R ),45.7584014815,4.8510152979,16,3,2
202100005809,191Â 409,A01,10,3,2,5,0,-1,-1,3,3,2,2021,75.0,3,2,0,1,2,1,1,,3,,-1,,2,2,0,1,10,182,1,,5,2,0,1,50,27,11,5,44,44178,2,1,1,6,Rue du ChÃ¢teau,47.113897,-1.737964,18,3,1
202100025764,155Â 633,A01,1,1,1,1,2,0,-1,0,0,-1,2021,60.0,0,1,0,2,1,1,5,,4,AVENUE DE LA PORTE DE CLIGNANCOURT,0,,2,2,0,1,(1),(1),1,, -1,2,0,1,50,3,8,1,75,75118,2,2,1,3,AVENUE DE LA PORTE DE CLIGNANCOURT,48.900723,2.344283,7,2,2
202100008165,187Â 126,A01,1,1,2,5,1,5,-1,0,0,-1,2021,50.0,2,2,3,2,3,1,1,,3,933,0,,2,2,0,2,70,170,3,, -1,2,0,1,80,13,11,2,1,1194,2,1,0,1,D933,45.960895,4.750568,16,2,2
202100035287,138Â 628,B01,1,1,1,5,8,0,-1,-1, -1,-1,2021,22.0,2,1,0,1,1,3,3,,7,CROIX ROUGE (AVENUE),0,,2,2,0,1,0,0,1,, -1,1,0,1,50,9,6,1,13,13213,2,1,0,5,CROIX ROUGE (AVENUE),43.3311,5.43203,19,3,2
202100055623,102Â 422,A01,1,1,2,1,1,-1,-1,0,0,-1,2021,19.0,1,2,0,2,3,13,1,,3,357,-1,,2,2,0,1,73,500,1,, -1,1,0,1,90,11,1,1,72,72149,1,1,0,1,D357,48.021707,-0.217323,9,3,2
202100046495,118Â 678,A01,1,1,1,5,2,8,-1,-1, -1,-1,2021,65.0,2,1,0,0,0,1,5,,4,CASSEAUX (AVE DES) (VC),0,,2,2,0,2,0,0,1,, -1,1,0,1,50,25,3,1,87,87085,2,1,0,7,CASSEAUX (AVE DES) (VC),45.84,1.28415,15,1,1
202100007080,189Â 104,A01,1,1,1,5,1,-1,-1,0,0,-1,2021,25.0,2,2,5,0,1,1,1,,3,93,0,,2,2,0,1,27,290,1,, -1,1,0,1,80,21,11,3,26,26183,1,1,1,6,Route du Diois,44.697473,5.137621,4,1,1
202100037685,134Â 299,A01,1,1,1,5,2,6,-1,0,0,-1,2021,32.0,1,1,15,0,1,1,1,,3,5,0,D,2,2,0,1,0,600,2,, -1,1,0,8,50,29,5,1,88,88238,2,1,0,7,30 Rue Jean Marulier,48.052595,6.113949,19,1,1
202100031329,145Â 740,B01,1,1,1,5,2,0,-1,-1, -1,-1,2021,29.0,2,1,0,2,2,3,1,,3,PRÃSIDENT PAUL DOUMER (QUAI DU),0,,1,2,0,2,0,0,1,, -1,1,2,1,50,2,7,1,92,92026,2,1,0,2,PRÃSIDENT PAUL DOUMER (QUAI DU),48.88976,2.2558,18,3,2
202100020593,164Â 821,A01,1,1,1,5,2,6,-1,-1, -1,-1,2021,54.0,2,1,0,2,2,17,1,,3,BARBES RUE,0,,2,2,0,1,0,0,1,, -1,1,0,1,50,6,9,1,92,92049,2,3,0,3,BARBES RUE,48.8170679473,2.3314341194,13,2,2
202100010754,182Â 508,B01,1,1,1,0,1,0,-1,-1, -1,-1,2021,25.0,1,2,0,2,3,1,1,,3,,-1,,2,2,-1,1,1,1,1,, -1,1,0,1,30,27,10,1,93,93010,2,2,0,3,BAUDIN (RUE) DE 65 A 113,48.8990385974,2.471031181,16,2,2
202100017915,169Â 601,A01,1,1,1,5,1,-1,-1,0,0,-1,2021,78.0,2,2,0,2,1,2,1,,1,84,0,,1,4,0,1,261,700,1,, -1,1,0,1,130,2,7,1,14,14738,1,1,0,5,A84,49.164276,-0.437297,10,4,3
202100028969,149Â 947,B01,1,1,2,0,1,0,-1,0,0,-1,2021,28.0,1,2,8,0,7,1,1,,4,FRANCE (AVENUE ANATOLE),0,,1,2,2,1,(1),(1),1,, -1,2,-1,1,50,14,7,5,54,54395,2,2,1,3,FRANCE (AVENUE ANATOLE),48.6869484179,6.1617096044,22,2,2
202100012445,179Â 463,A01,2,2,1,5,1,0,-1,-1, -1,-1,2021,21.0,3,2,0,2,1,1,1,,4,SALENGRO (RUE ROGER),0,,2,2,0,1,(1),(1),1,, -1,1,0,1,50,17,10,5,37,37261,2,2,0,3,SALENGRO (RUE ROGER),47.3860261012,0.6879202336,4,4,2
202100049285,113Â 665,C01,1,1,2,1,1,0,-1,0,0,-1,2021,47.0,2,2,0,2,4,1,1,,4,QUAI D ORSAY,0,,2,4,2,1,(1),(1),1,, -1,1,0,1,50,4,3,1,75,75107,2,1,0,4,QUAI D ORSAY,48.86226,2.303251,9,3,3
202100054320,104Â 665,B01,1,1,1,1,8,0,-1,0,0,-1,2021,20.0,3,1,0,2,0,1,5,,7,2b,0,,-1,2,0,1,(1),(1),1,, -1,1,0,1,50,14,1,5,63,63063,2,6,0,3,BLANZAT (RUE DE),45.83127,3.08666,7,2,2
202100054554,104Â 260,A01,10,3,1,2,0,-1,-1,4,3,1,2021,10.0,1,5,0,0,3,1,0,,3,41,0,,2,2,0,1,3,900,1,, -1,1,0,1,50,18,1,2,95,95018,2,4,0,6,STALINGRAD (AVENUE DE),48.9521391317,2.2672150932,8,2,1
202100034499,140Â 059,A01,1,1,2,1,2,6,-1,0,0,-1,2021,25.0,2,1,0,0,0,1,1,,3,70,0,,2,2,0,3,10,700,2,, -1,1,0,1,80,14,6,1,18,18024,1,1,0,7,Beddes,46.623152,2.218959,8,1,1
202100026510,154Â 314,B01,1,1,2,5,8,8,-1,0,0,-1,2021,38.0,3,1,12,2,2,1,3,,4,EINSTEIN ALBERT,0,,1,1,0,1,0,1,1,, -1,1,0,1,50,29,6,5,93,93066,2,3,0,3,Rue Albert Einstein / Avenue Paul Vaillant-Couturier,48.9345,2.36718,23,2,2
202100012970,178Â 556,A01,1,1,2,5,1,-1,-1,0,0,-1,2021,60.0,2,2,0,2,3,15,1,,3,3,0,,2,2,0,1,3,0,1,, -1,1,0,1,80,17,10,1,77,77460,1,2,0,2,D3,49.003181,3.060057,12,2,2
202100030162,147Â 854,A01,10,3,1,5,0,-1,-1,3,3,1,2021,57.0,3,2,0,1,1,9,1,,3,DAUPHINE (RUE DU),0,,1,1,0,2,41,720,2,, -1,1,0,1,50,4,7,1,73,73065,2,6,0,6,Rue du DauphinÃ© / D991,45.58836859,5.9216952324,9,2,1
202100055843,102Â 058,A01,10,3,1,2,0,-1,-1,4,3,1,2021,12.0,1,4,0,1,7,26,1,,4,"""SEMBAT MARCEL (BD), NR 2 A 66 ET 1 A 47",0,,1,4,3,1,0,0,1,, -1,2,0,1,50,8,1,1,93,93066,2,1,0,6,"""SEMBAT MARCEL (BD), NR 2 A 66 ET 1 A 47",48.9314007088,2.3534755111,8,2,1
202100030997,146Â 327,A01,1,1,2,4,1,8,-1,-1, -1,-1,2021,33.0,1,5,0,2,2,1,1,,3,BROSSOLETTE PIERRE (BD) NÂ° IMP,0,,3,4,0,1,0,0,1,, -1,1,0,1,50,30,6,3,72,72181,2,2,0,3,GENESLAY FELIX (AV) NÂ° PAIRS 146 A 234,47.97786,0.20813,23,4,2
202100037584,134Â 480,A01,1,1,1,0,1,0,-1,0,0,-1,2021,48.0,1,2,0,4,3,15,1,,4,TORPILLEUR SIROCCO (RUE DU),0,,2,2,0,1,(1),(1),1,, -1,1,4,1,50,27,5,1,63,63113,2,8,0,3,TORPILLEUR SIROCCO (RUE DU),45.80586,3.10672,16,2,2
202100023735,159Â 192,B01,1,1,1,5,1,0,-1,0,0,-1,2021,51.0,2,2,0,2,2,1,1,,4,BOULEVARD PERIPHERIQUE,0,,1,4,0,1,28,400,1,, -1,1,0,1,70,17,8,1,75,75120,2,1,0,3,BD PERIPHERIQUE EXTERIEUR,48.8766857941,2.409516871,10,2,2
202100001386,199Â 292,A01,1,1,1,9,2,0,-1,-1, -1,-1,2021,27.0,1,1,0,2,1,7,1,,3,PARC (RUE DU),0,,2,4,3,1,0,1,1,, -1,2,0,1,50,24,12,5,93,93053,2,3,1,3,PARC (RUE DU),48.89547,2.44364,19,2,2
202100013894,176Â 864,A01,1,1,1,1,2,6,-1,0,0,-1,2021,48.0,2,1,0,1,3,1,1,,4,AVENUE D ITALIE,0,,2,2,2,1,(1),(1),1,, -1,1,0,1,30,11,10,1,75,75113,2,2,0,6,AVENUE D ITALIE,48.822215,2.358524,18,3,1
202100010593,182Â 794,B01,1,1,1,0,2,6,-1,-1, -1,-1,2021,32.0,0,1,0,2,4,0,0,,3,9,0,,1,3,0,1,0,0,1,, -1,1,0,1,50,28,10,1,92,92044,2,1,0,2,ANA.FRANCE(RUE)77A139 ET 74A124,48.8964999624,2.2810417414,13,2,2
202100048199,115Â 603,A01,1,1,2,0,1,-1,-1,0,0,-1,2021,45.0,1,2,3,0,9,1,1,,1,A4,0,,-1,4,0,1,186,800,1,, -1,2,0,2,130,13,3,1,51,51097,1,1,1,7,A4,49.0293706362,4.5377403849,15,2,1
202100020212,165Â 504,A01,10,3,1,4,0,-1,-1,5,A,1,2021,47.0,2,2,1,0,3,13,1,,4,LOTI (BD PIERRE),0,,1,1,0,1,(1),(1),1,, -1,1,0,4,50,7,9,1,33,33009,2,1,0,6,Boulevard Pierre loti,44.65346,-1.14582,9,2,1
202100029053,149Â 809,A01,2,1,2,5,1,-1,-1,0,0,-1,2021,42.0,2,2,5,0,1,1,1,,1,7,0,A,3,4,0,4,18,400,2,, -1,2,0,2,130,14,7,1,38,38344,1,1,1,6,A7 - Pk 18+400 - S/N,45.370509,4.808214,13,1,1
202100018122,169Â 224,A01,10,3,1,5,0,-1,-1,1,3,3,2021,12.0,3,2,1,1,3,1,1,,4,CHAMPAGNE (RUE DE),0,,1,1,0,1,(1),(1),1,, -1,1,0,1,30,18,9,5,95,95585,2,1,0,6,CHAMPAGNE (RUE DE),48.98944,2.36849,19,2,1
202100001054,199Â 876,B01,1,1,2,5,2,0,-1,0,0,-1,2021,49.0,1,1,0,2,1,1,3,,4,AVENUE DE CHOISY,0,,2,2,0,1,(1),(1),1,, -1,2,0,1,2,27,12,1,75,75113,2,3,1,6,AVENUE DE CHOISY,48.826328,2.359825,12,2,2
202100002449,197Â 393,A01,1,1,2,5,1,-1,-1,0,0,-1,2021,80.0,2,2,0,2,8,9,1,,2,PROVENCE (AVENUE DE),0,,2,2,0,2,40,132,1,, -1,1,0,1,50,16,12,1,5,5061,2,3,0,3,PROVENCE (AVENUE DE),44.54252,6.0595,9,3,2
202100030272,147Â 653,B01,2,2,2,5,2,7,-1,0,0,-1,2021,57.0,1,1,3,2,8,1,1,,3,653,-1,,2,2,0,2,114,600,3,, -1,1,0,1,90,6,7,1,46,46137,1,1,0,1,Route du Cluzel,44.394933,1.364751,16,3,2
202100040295,129Â 573,A01,10,3,2,5,8,8,-1,3,3,1,2021,48.0,2,1,0,1,1,17,1,,3,PERI (RUE GABRIEL),0,,2,2,0,1,0,894,1,, -1,1,0,1,50,16,4,1,78,78545,2,4,0,6,PERI (RUE GABRIEL),48.802954,2.059738,11,2,1
202100023947,158Â 828,B01,1,1,2,5,2,-1,-1,0,0,-1,2021,74.0,3,1,0,2,7,17,5,,4,,-1,,2,2,0,1,(1),(1),1,,4,1,0,1,50,10,8,1,29,29165,2,1,0,3,Rue Pasteur,47.798674,-4.214416,15,2,2
202100037489,134Â 659,A01,1,1,1,5,1,-1,-1,0,0,-1,2021,40.0,1,2,0,2,1,13,1,,7,112,-1,,2,2,0,1,20,443,3,, -1,1,0,1,50,30,5,1,31,31561,2,6,0,1,D112,43.638838,1.50139,16,2,2
202100039489,131Â 023,B01,1,1,1,5,1,0,-1,-1, -1,-1,2021,60.0,1,2,0,2,9,1,0,,3,9,0,,1,2,0,1,0,0,1,, -1,1,1,1,50,18,5,2,92,92026,2,1,0,5,DIVISION LECLERC (AVENUE DE LA),48.8922934892,2.241159305,7,3,3
202100027179,153Â 132,A01,2,2,1,5,1,-1,-1,-1,0,-1,2021,18.0,2,2,4,0,2,14,1,,2,RN 184,0,,3,4,0,1,5,500,2,, -1,1,0,1,90,24,7,3,95,95572,1,1,0,6,RN 184,49.04847,2.13432,23,2,1
202100010842,182Â 346,A01,1,1,1,0,8,0,-1,-1, -1,-1,2021,30.0,2,1,0,2,1,13,1,,3,Grand Canal ( chemin),0,,2,2,0,2,(1),(1),3,, -1,1,0,1,70,26,10,1,974,97409,2,1,0,1,Grand Canal ( chemin),-20.96288,55.68689,7,4,2
202100026069,155Â 088,A01,1,1,1,5,1,-1,-1,0,0,-1,2021,62.0,1,2,0,0,8,15,1,,2,2,0,,2,2,0,1,8,550,1,, -1,1,0,1,80,31,7,1,973,97307,1,1,0,3,RN 2 intersection chemin paramana,4.821642,-52.342762,11,2,2
202100015184,174Â 570,A01,3,2,1,2,8,-1,-1,0,0,-1,2021,13.0,1,3,0,1,5,1,1,2.0,4,,-1,,1,1,0,1,(1),(1),1,,3,1,9,1,30,5,10,1,91,91577,2,1,0,7,grand Rue Charles de Gaulle,48.596716,2.492872,15,2,1
202100031235,145Â 909,A01,5,2,1,5,0,-1,-1,0,0,-1,2021,34.0,0,2,15,0,1,0,1,,3,69,-1,D,2,2,0,2,0,500,1,, -1,1,0,8,50,3,7,1,49,49261,2,1,0,6,Route de Doue,47.337321,-0.231464,18,4,1
202100055281,103Â 005,A01,1,1,1,0,2,6,-1,-1, -1,-1,2021,30.0,1,1,0,2,1,2,1,,3,NATIONALE 8 (ROUTE),0,,2,2,0,2,23,500,1,, -1,1,0,1,70,12,1,1,83,83090,1,1,0,4,NATIONALE 8 (ROUTE),43.13283,5.86441,11,3,3
202100003137,196Â 162,A01,4,2,2,0,1,0,-1,-1, -1,-1,2021,16.0,2,2,0,2,3,19,1,,2,D 6,0,,1,1,0,1,1,0,2,, -1,1,3,1,70,13,12,3,22,22187,1,2,0,3,D 6,48.5420640282,-2.8348132968,18,5,2
202100032043,144Â 475,A01,1,1,1,5,2,-1,-1,0,0,-1,2021,30.0,1,1,0,0,4,1,1,,3,22,0,D,2,2,0,3,0,300,1,, -1,1,0,1,80,27,6,1,971,97121,1,1,0,7,Morphy,16.24102,-61.795397,15,1,1
202100030336,147Â 539,Y01,1,1,2,9,2,4,-1,-1, -1,-1,2021,50.0,1,1,0,2,0,26,6,,4,CHARLES DE GAULLE (PLACE),0,,-1,1,0,1,(1),(1),1,, -1,1,0,1,50,6,7,1,91,91645,2,9,0,3,CHARLES DE GAULLE (PLACE),48.746503,2.266867,19,2,2
202100055908,101Â 939,B01,1,1,2,5,1,0,-1,-1, -1,-1,2021,25.0,1,2,0,2,0,0,1,,7,617,0,,2,2,0,1,(1),(1),1,, -1,2,5,1,50,7,1,5,59,59090,2,6,1,4,GAULLE (AVENUE DU GENERAL DE),50.68448,3.08499,18,3,3
202100054136,104Â 981,A01,10,3,1,5,0,-1,-1,3,3,1,2021,47.0,2,2,0,1,1,1,1,,3,,-1,,2,2,0,3,19,500,1,, -1,2,5,1,-1,23,1,1,60,60176,2,6,1,6,Avenue de Levallois Perret,49.23056,2.884689,10,2,1
202100004841,193Â 135,A01,10,3,1,2,0,-1,-1,3,3,2,2021,14.0,3,5,0,1,2,1,1,,3,955,-1,A,2,2,0,1,(1),(1),1,, -1,2,0,1,50,3,12,5,58,58086,2,1,1,6,28 Avenue du 85Ã¨me de Ligne,47.401218,2.922642,17,3,1
202100040989,128Â 353,A01,10,3,2,0,0,-1,-1,3,B,1,2021,84.0,0,2,0,1,4,20,1,,4,,-1,,2,2,0,1,(1),(1),1,,4,1,0,1,50,8,5,1,32,32107,2,1,0,6,30  Boulevard de la LibÃ©ration,43.958181,0.375249,11,3,1
202100052301,108Â 225,B01,1,1,1,5,2,0,-1,-1, -1,-1,2021,37.0,1,1,0,2,1,1,5,,4,MONTREAL (RUE DE),0,,3,4,1,1,0,0,1,, -1,1,0,5,50,6,2,1,74,74305,2,1,0,3,MONTREAL (RUE DE),46.20287,6.27573,10,2,2
202100054731,103Â 962,A01,1,1,1,5,2,-1,-1,0,0,-1,2021,25.0,1,1,0,2,1,1,1,,2,2,-1,,2,2,0,1,66,400,1,, -1,1,0,1,50,17,1,1,974,97419,2,1,0,2,RN2 - PK 66+400- Piton,-21.157254,55.823459,11,3,2
202100036467,136Â 516,A01,1,1,2,4,1,0,-1,0,0,-1,2021,25.0,3,2,0,2,1,2,1,,4,ALLEE DE LA REINE MARGUERITE,0,,2,4,0,1,(1),(1),1,, -1,1,0,1,50,4,6,1,75,75116,2,1,0,2,ALLEE DE LA REINE MARGUERITE,48.860137,2.245921,8,2,2
202100006854,189Â 530,A01,1,1,1,0,1,-1,-1,0,0,-1,2021,72.0,1,2,0,2,2,15,1,,3,1,0,,2,2,3,1,11,243,1,,"5,5",1,5,1,80,20,11,1,63,63306,1,3,0,1,route dÃ©partementale 1,45.706337,3.218511,13,2,2
202100022699,161Â 032,A01,1,1,2,5,2,6,-1,-1, -1,-1,2021,54.0,2,1,0,1,1,13,1,,3,AVENUE DE LA CORNICHE D'AZUR,0,,3,1,1,1,114,800,1,, -1,1,2,1,50,24,8,1,83,83061,2,1,0,6,AVENUE DE LA CORNICHE D'AZUR,43.41173,6.72509,11,3,2
202100055335,102Â 922,A01,10,3,1,5,0,-1,-1,1,3,1,2021,73.0,1,2,0,1,1,1,1,,4,,0,,2,2,0,1,1,0,1,, -1,1,0,1,50,12,1,5,14,14118,2,1,0,7,Place Courtonne,49.18396,-0.35653,19,2,1
202100038754,132Â 340,B01,1,1,1,1,2,6,-1,-1, -1,-1,2021,55.0,3,1,0,2,7,0,1,,4,GRAMMONT (AVENUE DE),0,,2,3,3,1,(1),(1),1,, -1,1,0,1,50,22,5,1,37,37261,2,1,0,3,GRAMMONT (AVENUE DE),47.3668792316,0.6983184186,19,2,2