Num_Acc,id_vehicule,num_veh,place,catu,sexe,trajet,secu1,secu2,secu3,locp,actp,etatp,year_acc,victim_age,senc,catv,obs,obsm,choc,manv,motor,occutc,catr,voie,v1,v2,circ,nbv,vosp,prof,pr,pr1,plan,lartpc,larrout,surf,infra,situ,vma,jour,mois,lum,dep,com,agg_,int,atm,col,adr,lat,long,hour,nb_victim,nb_vehicules
202100023812,159Â 058,B01,1,1,1,5,2,6,-1,0,0,-1,2021,17.0,2,1,8,2,1,17,1,,3,437,0,,2,2,0,1,1,250,1,, -1,1,0,1,50,17,8,1,67,67252,2,1,0,3,6a Rue de Weyersheim,48.735368,7.800549,17,3,2
202100030076,148Â 025,A01,1,1,1,5,2,-1,-1,0,0,-1,2021,16.0,2,1,0,2,2,17,1,,4,785,0,D,2,2,0,1,5,500,1,, -1,1,5,1,30,8,7,1,29,29163,2,3,0,3,44b Rue de la RÃ©publique,48.5082,-3.874226,15,2,2
202100047661,116Â 558,A01,1,1,1,0,1,5,-1,-1, -1,-1,2021,53.0,1,2,0,2,3,1,1,,4,CARNOT (BOULEVARD),0,,1,1,0,1,0,1,1,, -1,1,0,1,30,17,3,1,93,93066,2,2,0,3,CARNOT (BOULEVARD),48.93869,2.35532,13,2,2
202100012497,179Â 368,A01,1,1,1,0,2,0,-1,-1, -1,-1,2021,28.0,0,1,0,2,1,26,1,,4,COMMANDANT RAYNAL (RUE),0,,1,1,0,1,1,0,1,, -1,1,0,1,50,18,10,1,93,93049,2,2,0,3,COMMANDANT RAYNAL (RUE),48.857046,2.501449,13,2,2
202100015852,173Â 338,A01,1,1,1,5,2,6,-1,-1, -1,-1,2021,30.0,1,1,0,2,1,3,1,,2,186,0,,1,2,0,1,48,0,1,, -1,2,0,1,90,1,10,1,94,94065,1,1,1,2,A86 INT,48.7537748866,2.3678954755,16,2,2
202100022234,161Â 902,B01,1,1,1,0,2,8,-1,-1, -1,-1,2021,66.0,1,1,0,2,7,1,1,,2,ROTTERDAM (ROND POINT DE),0,,1,2,0,1,0,0,2,, -1,1,0,1,30,26,8,1,66,66136,1,6,0,3,ROTTERDAM (ROND POINT DE),42.6942003862,2.8514087945,17,2,2
202100006813,189Â 597,A01,2,2,1,5,2,6,-1,0,0,-1,2021,30.0,2,1,0,2,4,1,1,,4,PORTE DE CHAMPERRET,0,,1,4,0,1,17,200,1,, -1,2,0,1,70,21,11,5,75,75117,2,4,1,2,PORTE DE CHAMPERRET,48.885277,2.287123,19,3,2
202100021235,163Â 699,A01,10,3,2,5,0,-1,-1,4,3,1,2021,60.0,1,5,0,2,2,16,1,,4,PIA (TRAVERSE DE),0,,2,2,0,1,0,0,1,, -1,1,0,1,50,1,9,1,66,66136,2,3,0,6,PIA (TRAVERSE DE),42.70648,2.89188,15,2,1
202100000178,201Â 425,A01,1,1,1,0,1,0,-1,-1, -1,-1,2021,60.0,2,2,2,2,1,26,1,,4,SOISSONS (AVENUE DE) 01,0,,2,1,0,2,0,0,1,, -1,1,0,1,50,22,5,1,2,2168,2,1,0,2,SOISSONS (AVENUE DE) 01,49.044554,3.399328,18,3,2
202100012377,179Â 590,A01,1,1,2,0,2,6,-1,-1, -1,-1,2021,41.0,3,1,0,2,2,3,1,,4,PROVIDENCE (BOULEVARD DE LA),0,,2,2,0,1,0,0,1,, -1,1,0,1,50,18,10,1,974,97411,2,3,0,3,PROVIDENCE (BOULEVARD DE LA),-20.89357,55.45678,17,2,2
202100042534,125Â 596,B01,1,1,1,5,2,-1,-1,0,0,-1,2021,15.0,3,1,0,2,1,1,1,,4,,0,,2,1,0,1,(1),(1),1,,"3,5",1,0,1,80,27,4,1,70,70486,1,3,1,3,Chemin de Semmadon,47.734042,5.862622,15,2,2
202100046041,119Â 461,B01,1,1,2,3,8,-1,-1,0,0,-1,2021,75.0,1,2,0,0,4,23,1,,3,0,0,A,2,2,0,1,1,0,1,, -1,1,0,1,50,30,3,1,22,22178,2,1,0,2,6 Rue Saint-fiacre,48.695868,-3.007802,11,2,2
202100016664,171Â 843,A01,1,1,1,1,1,8,-1,0,0,-1,2021,35.0,1,2,0,2,3,10,2,,4,,0,,3,-1,0,1,(1),(1),1,, -1,2,0,1,50,26,9,1,6,6029,2,1,1,3,FERRAGE (BOULEVARD DE LA),43.553413,7.014688,14,2,2
202100051976,108Â 799,A01,1,1,2,0,1,0,-1,-1, -1,-1,2021,36.0,2,2,0,2,0,26,1,,1,AUTOROUTE A86,0,,3,6,0,1,19,0,1,, -1,2,2,1,90,10,2,5,93,93029,1,1,1,3,AUTOROUTE A86,48.92587,2.42375,6,2,2
202100023756,159Â 153,B01,1,1,2,4,1,0,-1,-1, -1,-1,2021,54.0,3,2,0,2,2,1,1,,3,913,0,,1,3,0,1,0,0,2,, -1,1,8,1,30,17,8,1,92,92062,2,1,0,2,GENERAL DE GAULLE (AVENUE DU),48.88809,2.23492,11,2,2
202100028087,151Â 502,A01,1,1,2,5,1,8,-1,0,0,-1,2021,22.0,1,2,3,0,3,1,1,,1,A4,0,,3,8,0,1,5,0,1,, -1,1,0,1,90,19,7,1,75,75112,1,1,0,6,A4,48.8187729748,2.4575042725,19,1,1
202100051845,109Â 032,B01,1,1,1,5,1,0,0,-1, -1,-1,2021,86.0,1,2,0,2,1,1,1,,4,,-1,,2,2,0,2,(1),(1),1,, -1,1,0,1,80,11,2,1,71,71367,1,2,0,2,route de saint Martin,46.637025,5.299026,17,3,2
202100042589,125Â 496,B01,1,1,1,5,2,0,-1,-1, -1,-1,2021,33.0,3,1,0,2,1,1,1,,4,BORDIERS (RUE DES),0,,2,2,0,1,(1),(1),1,, -1,1,0,1,50,25,4,1,37,37261,2,3,0,6,BORDIERS (RUE DES),47.4280854472,0.6726103127,18,2,2
202100038848,132Â 188,B01,1,1,1,0,2,6,-1,0,0,-1,2021,16.0,3,1,0,0,8,9,1,,3,571,0,D,2,2,0,1,5,500,1,, -1,1,5,1,50,22,5,1,13,13027,2,7,0,3,D571,43.882098,4.849973,20,2,2
202100032844,143Â 062,B01,1,1,2,0,8,0,-1,-1, -1,-1,2021,15.0,1,1,0,2,1,1,5,,4,ST PIERRE (BOULEVARD),0,,1,2,1,1,1,0,1,, -1,1,0,5,30,16,6,1,68,68066,2,3,0,3,ST PIERRE (BOULEVARD),48.07265,7.35718,17,3,2
202100019786,166Â 281,A01,1,1,1,5,1,-1,-1,0,0,-1,2021,18.0,2,2,0,0,9,21,1,,3,82,-1,,2,2,0,2,2,200,1,, -1,1,0,3,80,11,9,3,54,54415,1,1,0,7,Route de Preny,48.9810760474,6.0077190401,0,1,1
202100010077,183Â 686,B01,1,1,2,1,1,-1,-1,0,0,-1,2021,62.0,2,2,0,2,3,1,1,,3,30,0,D,2,2,0,2,1,0,1,, -1,1,0,1,80,31,10,1,38,38504,1,1,0,3,D30,45.304003,5.986685,16,2,2
202100013695,177Â 222,A01,1,1,1,3,2,6,-1,0,0,-1,2021,38.0,1,1,1,0,2,1,1,,4,AVENUE DES CHAMPS ELYSEES,0,,2,6,1,1,(1),(1),1,, -1,1,0,1,50,11,10,1,75,75108,2,1,0,7,AVENUE DES CHAMPS ELYSEES,48.872481,2.298346,9,1,1
202100014048,176Â 588,A01,7,2,1,5,1,-1,-1,0,0,-1,2021,7.0,1,2,0,2,1,2,1,,3,33,-1,,2,2,0,1,0,800,1,, -1,1,0,1,80,9,10,1,38,38261,1,4,0,2,Route d Argent,45.672281,5.48045,14,4,2
202100012187,179Â 934,A01,10,3,1,3,0,-1,-1,2,3,1,2021,61.0,3,2,0,1,2,9,1,,3,DE GAULLE (AV) GILLY A WINNEDEN,0,,2,2,2,1,23,410,1,, -1,1,0,8,50,18,10,1,73,73011,2,6,1,6,WINNENDEN (AVENUE DE),45.6668423445,6.3711301982,9,2,1
202100049811,112Â 712,A01,10,3,2,3,0,-1,-1,3,3,1,2021,82.0,1,2,0,1,1,1,1,,4,,-1,,2,2,0,1,(1),(1),1,, -1,1,0,1,50,27,2,1,53,53127,2,1,0,6,"9 Grande rue,",48.438134,-0.497126,9,2,1
202100029909,148Â 342,A01,2,2,2,5,0,-1,-1,0,0,-1,2021,27.0,1,2,2,0,7,0,1,,3,996,-1,,2,2,0,2,106,500,3,, -1,1,0,3,80,10,7,3,21,21458,1,1,0,6,D996,47.199128,5.083446,3,3,1
202100054900,103Â 676,Z01,10,3,1,0,8,8,-1,6,B,1,2021,92.0,2,2,0,1,1,1,0,,1,VA007333 LA FAOURETTE A620 Sortie 26,0,,1,1,0,2,9,856,1,, -1,2,0,1,50,15,1,3,31,31555,1,1,0,6,VA007333 LA FAOURETTE A620 Sortie 26,43.57399,1.40992,2,2,1
202100043859,123Â 269,B01,1,1,1,9,8,-1,-1,-1, -1,-1,2021,43.0,2,0,0,2,1,1,3,,4,MARGNOLLES (DE)                     (R ),0,,2,2,0,1,(1),(1),1,, -1,1,0,1,50,15,4,1,69,69034,2,3,0,3,MARGNOLLES (DE) (R),45.78267,4.83397,8,2,2
202100034352,140Â 331,B01,2,2,2,3,1,-1,-1,0,0,-1,2021,23.0,1,2,0,2,1,1,1,,3,,0,D,2,2,2,1,10,500,3,, -1,1,0,1,80,15,6,1,63,63273,1,3,0,3,RD212/VC,45.728993,3.250757,17,3,2
202100054279,104Â 735,A01,10,3,1,9,0,-1,-1,1,3,1,2021,36.0,2,2,0,1,3,1,1,,3,19,-1,,2,2,0,1,10,100,1,, -1,1,0,1,80,21,1,3,90,90015,1,1,0,6,Route de MontbÃ©liard,47.590507,6.859503,18,2,1
202100047974,115Â 987,A01,1,1,1,0,1,5,-1,-1, -1,-1,2021,53.0,1,2,1,0,3,1,1,,4,,0,,-1,2,0,1,0,0,1,, -1,1,0,1,50,15,3,1,92,92012,2,2,0,6,VICTOR GRIFFUELHES (RUE) - COTE IMPAIR,48.8315446293,2.2422842172,18,1,1
202100046717,118Â 263,B01,1,1,1,4,2,4,-1,-1, -1,-1,2021,27.0,2,1,0,2,7,3,1,,1,A4,0,,3,4,0,1,10,300,1,, -1,2,0,1,110,25,3,1,94,94017,1,1,1,3,A4,48.8264762717,2.5200291693,7,3,2
202100007253,188Â 791,A01,1,1,2,5,1,0,-1,-1, -1,-1,2021,70.0,1,2,3,0,1,1,1,,3,RN 60,0,,2,6,0,1,1,0,1,, -1,1,0,1,70,18,11,1,45,45285,1,1,0,6,RN 60,47.91734,1.87138,14,1,1
202100046301,119Â 018,A01,1,1,1,5,2,-1,-1,0,0,-1,2021,49.0,1,1,0,2,1,1,1,,3,64,0,,2,2,0,1,9,700,2,, -1,1,0,1,80,28,3,1,95,95627,1,1,0,3,Route dÃ©partementale 64,49.1399555446,2.0964854737,14,4,2
202100022481,161Â 449,B01,1,1,1,0,8,0,-1,-1, -1,-1,2021,33.0,1,1,1,0,0,0,0,,3,ROBESPIERRE (RUE),0,,2,2,0,2,1,0,1,, -1,1,0,1,50,26,8,1,93,93048,2,2,0,2,Rue Robespierre / Rue Cuvier,48.85091,2.42461,18,2,2
202100007698,187Â 994,A01,1,1,2,1,1,-1,-1,0,0,-1,2021,23.0,2,2,10,0,3,1,6,,1,28,0,,3,4,0,1,162,400,1,, -1,1,0,1,130,17,11,1,61,61497,1,1,0,6,autoroute A 28,48.479171,0.121901,11,1,1
202100032789,143Â 165,A01,1,1,2,1,1,-1,-1,0,0,-1,2021,37.0,2,2,0,2,3,1,1,,3,618,0,D,2,2,0,1,33,600,1,, -1,2,0,1,80,24,6,3,9,9149,1,1,0,1,Lacourt,42.937975,1.175891,4,4,2
202100015080,174Â 750,A01,1,1,2,2,8,0,-1,-1, -1,-1,2021,21.0,1,1,0,0,0,0,3,,4,REPUBLIQUE   BOULEVARD DE LA,0,,2,2,3,2,(1),(1),2,, -1,1,0,6,30,5,10,1,17,17300,2,1,0,7,REPUBLIQUE   BOULEVARD DE LA,46.13952,-1.15544,17,1,1
202100029331,149Â 334,B01,1,1,2,9,2,6,-1,0,0,-1,2021,27.0,2,1,0,2,4,2,1,,4,RUE DE MIROMESNIL,0,,1,1,0,1,(1),(1),1,, -1,1,0,1,50,11,7,1,75,75108,2,7,0,2,RUE DE MIROMESNIL,48.87123,2.316123,20,2,2
202100048886,114Â 377,C01,2,2,2,0,1,-1,-1,0,0,-1,2021,59.0,2,2,0,2,3,1,1,,3,67,-1,,2,2,0,1,34,500,1,, -1,1,5,1,80,8,3,1,29,29201,1,2,0,5,D67 - Route de Trebabu,48.3805145843,-4.7119366229,14,5,3
202100011209,181Â 696,B01,1,1,2,4,2,8,-1,-1, -1,-1,2021,19.0,2,1,0,2,8,1,3,,4,62Â° R.I. ( DU ),0,,2,2,0,1,(1),(1),1,, -1,2,0,1,30,24,10,1,56,56121,2,2,1,3,62Â° R.I. ( DU ),47.7524371,-3.3630556,13,2,2
202100025485,156Â 112,A01,1,1,1,1,8,0,-1,0,0,-1,2021,35.0,1,1,0,0,0,21,1,,4,RUE LA BOETIE,0,,1,2,0,1,(1),(1),1,, -1,1,0,1,30,5,8,2,75,75108,2,2,0,7,RUE LA BOETIE,48.870526,2.305286,6,1,1
202100001371,199Â 316,B01,1,1,1,1,2,6,-1,-1, -1,-1,2021,30.0,2,1,0,2,7,1,1,,4,LARRALDE (RUE),0,,1,2,0,2,0,0,1,, -1,1,0,1,50,24,12,1,64,64122,2,1,0,3,Rue Larralde,43.48117,-1.55875,12,2,2
202100038484,132Â 857,B01,3,2,2,0,1,0,-1,-1, -1,-1,2021,21.0,2,2,0,2,5,0,1,,1,A7-Sens Marseille vers Lyon,0,,-1,3,3,1,281,0,1,, -1,1,0,1,90,25,5,1,13,13203,1,1,0,3,A7-Sens Marseille vers Lyon,43.317974,5.377332,19,4,2
202100002058,198Â 115,A01,10,3,2,1,0,-1,-1,4,3,1,2021,39.0,2,1,0,1,1,1,1,,3,3,0,,3,6,0,2,1,0,1,, -1,1,0,1,50,20,12,1,92,92073,2,9,0,6,DE GAULLE (AVENUE GENERAL CHARLES),48.87074,2.22453,13,2,1
202100024525,157Â 820,A01,10,3,2,0,0,-1,-1,5,B,1,2021,91.0,-1,2,0,1,4,20,1,,4,RUE DES FRERES PORTMANN,0,,-1,2,1,1,(1),(1),1,, -1,1,0,1,50,11,8,1,33,33063,2,1,0,6,Rue des FrÃ¨res Portmann,44.86051,-0.57633,12,2,1
202100002233,197Â 797,A01,10,3,1,0,0,-1,-1,3,3,1,2021,85.0,2,2,0,1,2,15,1,,4,BOUILIBAYE (CHE DE),0,,2,1,0,1,0,0,1,, -1,1,0,1,30,10,12,1,83,83129,2,1,0,6,Rue de la Bouillibaye,43.0933040969,5.8330723643,11,2,1
202100004609,193Â 536,B01,1,1,2,0,8,0,-1,-1, -1,-1,2021,43.0,2,2,0,2,4,2,1,,1,A50-Sens Aubagne vers Marseille,0,,1,3,0,1,10,300,1,, -1,2,0,1,90,4,12,1,13,13070,1,1,1,4,A50-Sens Aubagne vers Marseille,43.28546,5.51481,10,3,3
202100008981,185Â 663,A01,1,1,1,5,1,0,-1,-1, -1,-1,2021,17.0,1,6,3,0,1,26,1,,3,128A,0,,2,2,0,1,0,0,1,, -1,1,0,1,50,7,11,1,92,92007,2,1,0,6,JAURES (AVENUE JEAN) NÂ° 1 ET 2 A 24,48.8040313708,2.3031458259,13,1,1
202100043247,124Â 359,A01,1,1,1,5,0,-1,-1,0,0,-1,2021,15.0,0,1,0,2,1,9,5,,4,Rue du SacrÃ© Coeur,-1,,2,2,0,1,9,500,1,,5,1,9,1,50,20,4,1,29,29108,2,2,0,3,Rue du SacrÃ© Coeur,48.001054,-4.335641,17,2,2
202100041556,127Â 324,A01,2,2,2,5,1,0,-1,0,0,-1,2021,80.0,1,2,0,2,9,14,3,,4,AVENUE DE LA PORTE DE LA PLAINE,0,,2,2,0,1,(1),(1),1,, -1,1,0,1,50,3,5,1,75,75115,2,7,0,5,AVENUE DE LA PORTE DE LA PLAINE,48.827843,2.292335,9,4,3
202100041400,127Â 600,B01,1,1,1,9,2,6,-1,0,0,-1,2021,37.0,2,1,0,2,8,18,1,,4,RUE D AUBERVILLIERS,0,,2,5,1,1,(1),(1),1,, -1,1,5,1,50,4,5,1,75,75119,2,2,0,3,RUE D AUBERVILLIERS,48.895276,2.371984,13,2,2
202100001904,198Â 393,A01,10,3,2,1,0,-1,-1,5,9,1,2021,39.0,2,1,0,1,0,25,3,,4,BOULEVARD DE MAGENTA,0,,2,4,0,1,(1),(1),1,, -1,1,0,4,30,21,12,1,75,75110,2,1,0,6,BOULEVARD DE MAGENTA,48.879965,2.352815,12,2,1
202100054538,104Â 286,A01,1,1,1,5,1,-1,-1,-1, -1,-1,2021,58.0,1,2,2,0,1,14,1,,1,,0,,3,4,0,1,11,680,1,, -1,1,0,1,130,19,1,1,33,33122,1,1,0,6,,44.720191,-0.73914,12,1,1
202100006942,189Â 361,Z01,10,3,1,5,8,8,-1,4,3,1,2021,27.0,1,2,0,1,0,1,0,,4,BOULEVARD DE MAGENTA,0,,1,0,0,1,(1),(1),3,, -1,1,0,1,50,21,11,5,75,75110,2,2,0,6,BOULEVARD DE MAGENTA,48.88361,2.349562,0,2,1
202100019905,166Â 051,B01,1,1,1,1,2,6,-1,0,0,-1,2021,35.0,1,1,0,2,4,23,1,,4,AVENUE D ITALIE,0,,2,4,0,1,(1),(1),1,, -1,2,0,1,30,9,9,1,75,75113,2,3,1,4,AVENUE D ITALIE,48.823012,2.358285,19,3,3
202100022257,161Â 856,B01,1,1,1,9,2,0,-1,-1, -1,-1,2021,25.0,1,1,0,2,1,26,1,,4,RABELAIS,0,,2,2,0,1,1,0,1,, -1,1,0,1,50,27,8,1,49,49007,2,3,0,3,RABELAIS,47.45994,-0.54584,17,2,2
202100013559,177Â 483,B01,1,1,1,1,1,-1,-1,-1, -1,-1,2021,42.0,2,5,0,2,4,2,1,,1,AUTOROUTE A 10,0,,3,6,0,1,537,200,1,, -1,1,0,1,130,13,10,1,33,33003,1,1,0,2,AUTOROUTE A 10,44.92833,-0.470599,17,2,2
202100052051,108Â 676,A01,10,3,2,0,0,-1,-1,3,3,1,2021,58.0,3,5,0,1,3,1,1,,4,MITTERAND (Rue FranÃ§ois),0,,2,2,0,1,1,0,1,, -1,7,0,1,50,9,2,2,94,94028,2,1,0,6,MITTERAND (Rue FranÃ§ois),48.768756,2.467176,7,2,1
202100044275,122Â 526,B01,1,1,2,0,1,0,-1,-1, -1,-1,2021,60.0,1,2,0,2,4,23,1,,4,BERANGER (BOULEVARD),0,,1,3,1,1,(1),(1),1,, -1,1,0,1,50,12,4,1,37,37261,2,2,0,2,BERANGER (BOULEVARD),47.3897823697,0.6865104485,9,2,2
202100054832,103Â 789,A01,1,1,1,2,1,-1,-1,0,0,-1,2021,22.0,2,2,2,0,3,0,1,,3,148,0,,2,2,0,1,14,100,1,, -1,1,0,3,80,17,1,1,86,86061,1,1,0,6,RD148,46.136317,0.447072,10,1,1
202100055591,102Â 488,A01,10,3,1,5,0,-1,-1,4,3,1,2021,68.0,0,2,0,1,1,0,1,,3,,-1,,2,2,0,1,49,57,1,, -1,1,0,1,50,12,1,5,60,60471,2,1,0,6,54 Avenue Jean JaurÃ¨s,49.575216,2.990293,18,2,1
202100049836,112Â 666,A01,1,1,1,0,1,0,-1,-1, -1,-1,2021,34.0,1,2,0,2,4,23,1,,1,A7-Sens Lyon vers Marseille,0,,1,3,0,1,268,299,1,, -1,1,0,1,110,28,2,3,13,13071,1,1,0,5,A7-Sens Lyon vers Marseille,43.4052,5.3199,18,3,3
202100011235,181Â 650,B01,1,1,1,4,2,6,-1,0,0,-1,2021,49.0,3,1,0,2,2,1,1,,4,AVENUE DE NEW YORK,0,,2,6,0,1,(1),(1),1,, -1,1,1,1,30,24,10,5,75,75116,2,3,0,3,AVENUE DE NEW YORK,48.862166,2.293124,20,2,2
202100038984,131Â 958,A01,1,1,1,1,2,6,-1,-1, -1,-1,2021,22.0,2,1,0,2,1,1,1,,3,VICTOR-HUGO (BD),0,,2,2,0,1,0,0,1,, -1,1,0,1,50,21,5,1,93,93070,2,1,0,1,VICTOR-HUGO (BD),48.90425,2.32175,8,2,2
202100025311,156Â 414,B01,2,2,1,0,8,0,-1,-1, -1,-1,2021,43.0,3,2,0,2,3,1,1,,7,ALEX ANSALDI (RUE),0,,2,4,0,1,0,0,1,, -1,1,0,1,50,6,8,1,13,13214,2,4,0,3,ALEX ANSALDI (RUE),43.33115,5.40615,13,5,2
202100037119,135Â 353,A01,1,1,1,5,8,-1,-1,0,0,-1,2021,27.0,1,2,2,0,1,1,1,,3,21,-1,,2,2,0,1,5,600,3,, -1,1,0,3,80,2,6,3,70,70389,1,1,0,6,RD21 PR005+600,47.397768,5.623884,0,1,1
202100039659,130Â 704,A01,1,1,2,2,1,-1,-1,0,0,-1,2021,65.0,2,2,0,2,3,13,1,,3,486,-1,,-1,2,0,1,(1),(1),3,, -1,1,0,1,50,17,5,1,71,71372,2,4,0,1,route du bourg,46.187002,4.740043,17,4,2
202100015924,173Â 201,B01,1,1,1,5,8,0,-1,-1, -1,-1,2021,14.0,3,0,0,2,7,19,3,,4,THOREZ MAURICE (avenue),0,,2,2,0,1,0,0,1,, -1,1,0,1,50,29,9,1,13,13077,2,1,0,6,THOREZ MAURICE (avenue),43.4065,4.98084,12,2,2
202100014757,175Â 334,A01,2,2,2,0,8,0,-1,-1, -1,-1,2021,31.0,2,1,0,0,1,14,1,,2,mgombani-Mahabou (rue de ),0,,2,2,0,1,0,0,1,, -1,1,0,1,50,18,9,2,976,97611,2,1,0,7,mgombani-Mahabou (rue de ),-12.78349,45.23338,5,2,1
202100031203,145Â 964,A01,2,2,2,5,2,0,-1,-1, -1,-1,2021,21.0,1,1,0,2,0,17,0,,3,LECLERC.(RUE DU GENERAL),0,,2,2,0,1,1,0,1,, -1,1,0,1,50,3,7,4,94,94028,2,1,0,6,Rue du GÃ©nÃ©ral Leclerc,48.78686,2.46886,4,3,2
202100050291,111Â 812,B01,1,1,2,0,8,0,-1,-1, -1,-1,2021,24.0,1,2,0,2,8,1,1,,1,86,0,,1,4,0,1,50,0,1,, -1,1,3,1,90,25,2,3,94,94034,1,1,0,3,AUTOROUTE A86,48.7558,2.3423,6,2,2
202100032661,143Â 387,B01,1,1,1,0,1,0,-1,-1, -1,-1,2021,30.0,1,2,0,2,3,1,1,,4,NOVEMBRE (RUE DU ONZE),0,,2,2,0,1,0,0,1,, -1,2,0,1,50,23,6,1,64,64102,2,2,1,3,NOVEMBRE (RUE DU ONZE),43.49265,-1.47861,13,2,2
202100040285,129Â 600,A01,1,1,1,0,1,-1,-1,0,0,-1,2021,27.0,2,2,0,2,3,1,1,,3,15,0,,2,2,0,1,36,262,2,, -1,1,0,1,80,12,5,1,77,77270,1,1,0,1,D15,48.843311,2.990599,19,3,2
202100043873,123Â 248,B01,1,1,2,9,1,0,-1,-1, -1,-1,2021,31.0,1,2,3,2,6,1,1,,7,RACCORDEMENT (VOIE DE),0,,3,4,0,1,(1),(1),1,, -1,1,0,1,70,15,4,1,59,59426,2,1,0,3,RACCORDEMENT (VOIE DE),50.75058,3.14261,13,2,2
202100045921,119Â 676,A01,1,1,1,0,2,-1,-1,0,0,-1,2021,33.0,0,1,0,2,7,17,1,,4,CHATEAU MILAN (RUE DU),0,,2,5,0,1,(1),(1),1,, -1,1,0,1,50,26,3,1,80,80021,2,1,0,3,CHATEAU MILAN (RUE DU),49.9014036986,2.2832511409,15,2,2
202100012992,178Â 520,A01,10,3,2,2,0,-1,-1,3,3,1,2021,12.0,3,2,0,1,1,1,1,,4,,-1,,2,2,2,1,(1),(1),1,,4,1,6,1,50,11,10,1,69,69069,2,2,0,6,VOIE ROMAINE,45.749487,4.730977,12,2,1
202100030244,147Â 705,B01,1,1,1,5,2,0,-1,-1, -1,-1,2021,17.0,2,1,0,2,1,17,1,,4,GASTON MONMOUSSEAU (R),0,,2,2,0,1,1,0,1,, -1,1,0,1,50,6,7,1,94,94041,2,1,0,3,GASTON MONMOUSSEAU (R),48.80675,2.37909,14,2,2
202100022276,161Â 817,A01,1,1,1,5,1,0,-1,-1, -1,-1,2021,39.0,1,5,0,2,1,17,1,,3,HAUTE DE CROUIN (RUE),0,,2,2,0,1,3,600,1,, -1,1,0,1,70,13,8,1,16,16102,1,1,0,5,HAUTE DE CROUIN (RUE),45.6831,-0.3705,17,4,3
202100032761,143Â 213,B01,1,1,1,1,0,-1,-1,0,0,-1,2021,53.0,2,0,0,2,0,13,3,,3,16,-1,,2,2,0,1,2,100,1,, -1,1,0,1,90,24,6,1,14,14654,1,2,0,3,D16,49.029976,-0.025529,6,2,2
202100013875,176Â 899,C01,1,1,2,0,1,0,-1,-1, -1,-1,2021,53.0,0,2,0,2,4,0,1,,3,RD700,0,,3,4,0,1,1,0,1,, -1,2,0,1,90,10,9,1,22,22360,1,1,1,4,RD700,48.4837545433,-2.7653961166,8,3,3
202100028828,150Â 193,B01,1,1,1,9,1,8,-1,-1, -1,-1,2021,23.0,3,2,0,2,7,1,1,,7,JEAN PERROT (AVENUE),0,,3,2,3,1,1,500,1,, -1,2,0,1,50,15,7,5,38,38185,2,2,1,3,Avenue Jean Perrot,45.18063,5.73498,2,5,2
202100031556,145Â 351,A01,1,1,1,1,2,6,-1,-1, -1,-1,2021,43.0,1,1,0,2,1,3,1,,1,A104,0,,3,4,0,1,24,399,1,, -1,1,0,1,90,1,7,1,77,77438,1,1,0,5,A104,48.8672434741,2.6703641706,8,3,3
202100001798,198Â 585,A01,1,1,1,1,2,6,-1,0,0,-1,2021,30.0,2,1,0,0,7,9,1,,1,500,-1,,3,5,0,2,0,550,2,, -1,2,3,1,50,20,12,5,6,6059,1,1,0,7,"A500 PK 550+000, chaussÃ©e nord",43.745127,7.372491,20,1,1
202100035639,138Â 014,A01,1,1,1,9,1,-1,-1,0,0,-1,2021,28.0,1,2,6,0,1,17,1,,3,658,-1,,2,2,0,1,(1),(1),1,, -1,1,0,1,50,9,6,1,14,14332,2,1,0,6,D658 ,48.871187,-0.18962,14,1,1
202100000997,199Â 978,A01,1,1,2,5,1,5,-1,-1, -1,-1,2021,23.0,1,2,8,0,2,14,1,,3,DE GAULLE ( RUE DU GENERAL ),0,,2,2,0,1,16,300,3,, -1,2,0,4,50,29,12,5,62,62349,2,1,1,6,DE GAULLE ( RUE DU GENERAL ),50.52073,2.60004,23,1,1
202100019623,166Â 563,A01,10,3,1,0,0,-1,-1,3,3,1,2021,80.0,3,2,0,1,1,2,1,,4,COMBATTANTS D'A.F.N. 1952-1962 (DES)(R ),0,,2,2,0,1,(1),(1),2,, -1,2,0,1,50,9,9,1,69,69034,2,1,1,6,COMBATTANTS D'A.F.N. 1952-1962 (DES) (AV),45.79922,4.85051,12,2,1
202100036895,135Â 751,A01,1,1,1,0,2,6,-1,0,0,-1,2021,42.0,-1,1,0,2,1,1,1,,3,15,-1,,2,2,0,1,(1),(1),1,,4,1,0,1,50,2,6,1,80,80097,2,3,0,3,grande rue,49.794851,2.964265,7,2,2
202100051857,109Â 011,A01,1,1,1,4,1,-1,-1,0,0,-1,2021,36.0,3,2,0,2,3,1,1,,4,,-1,,2,2,0,2,(1),(1),3,, -1,7,0,1,50,12,2,1,91,91226,1,1,0,1,Rue des Hetres Pourpres,48.4986,2.204551,11,2,2
202100033688,141Â 547,B01,1,1,1,0,8,0,-1,-1, -1,-1,2021,25.0,2,0,0,2,7,1,3,,4,,0,,3,2,0,1,0,0,1,, -1,1,9,1,50,18,6,1,92,92012,2,1,0,3,SILLY (RUE DE) 1/87 - 2/88,48.838317315,2.2321665287,20,2,2
202100026582,154Â 191,B01,1,1,2,1,2,6,-1,0,0,-1,2021,29.0,1,1,0,2,7,1,1,,4,,-1,,2,2,0,1,(1),(1),1,,"5,5",1,0,1,30,29,7,1,13,13027,2,1,0,3,Avenue LÃ©on Vachet,43.884806,4.856923,7,2,2