Num_Acc,id_vehicule,num_veh,place,catu,sexe,trajet,secu1,secu2,secu3,locp,actp,etatp,year_acc,victim_age,senc,catv,obs,obsm,choc,manv,motor,occutc,catr,voie,v1,v2,circ,nbv,vosp,prof,pr,pr1,plan,lartpc,larrout,surf,infra,situ,vma,jour,mois,lum,dep,com,agg_,int,atm,col,adr,lat,long,hour,nb_victim,nb_vehicules
202100047156,117Â 476,B01,1,1,1,5,1,-1,-1,0,0,-1,2021,55.0,1,2,0,0,8,1,1,,3,89,-1,,2,2,0,1,20,358,1,, -1,1,5,1,80,22,3,1,76,76077,1,2,0,3,Route du Baillage,49.75916,0.83882,6,5,2
202100035019,139Â 103,B01,1,1,1,0,8,0,-1,-1, -1,-1,2021,28.0,1,1,0,2,9,26,5,,4,AV DE RANGUEIL,0,,-1,2,0,1,(1),(1),2,, -1,1,0,1,50,9,6,2,31,31555,2,1,0,3,AV DE RANGUEIL,43.5743472127,1.4576638038,20,2,2
202100053259,106Â 532,A01,10,3,2,0,0,-1,-1,2,3,2,2021,13.0,3,2,0,1,1,1,1,,4,RUE REGNAULT LEROY ,0,,2,2,0,1,0,0,1,, -1,2,0,1,30,29,1,1,94,94073,2,1,1,6,REGNAULT LEROY (R),48.7625,2.3925,14,3,1
202100008233,186Â 994,B01,1,1,1,0,1,0,-1,-1, -1,-1,2021,28.0,2,2,0,2,0,15,1,,4,JAURES (RUE JEAN),0,,2,2,0,1,(1),(1),1,, -1,1,0,1,30,8,11,1,42,42095,2,3,0,1,Rue Jean JaurÃ¨s,45.38879,4.28676,12,2,2
202100001600,198Â 947,B01,1,1,1,0,1,0,-1,0,0,-1,2021,91.0,1,0,0,2,3,5,5,,4,BRIAND (AVENUE ARISTIDE),0,,1,2,2,1,(1),(1),1,, -1,1,0,1,50,23,12,1,35,35238,2,3,0,3,Avenue Aristide Briand,48.1102,-1.66319,15,2,2
202100001454,199Â 184,A01,1,1,1,0,1,-1,-1,-1, -1,-1,2021,65.0,3,2,1,0,1,1,1,,7,SAUSSAYE. RUE DE LA,0,,2,2,0,2,2,200,1,, -1,2,0,1,50,24,12,5,76,76231,2,1,1,7,SAUSSAYE. RUE DE LA,49.27353,0.9975,19,1,1
202100004332,194Â 014,A01,1,1,1,1,1,-1,-1,0,0,-1,2021,19.0,1,2,0,2,4,1,1,,3,981,0,,2,2,0,1,15,200,2,, -1,7,0,1,80,7,12,3,60,60319,1,1,0,2,Route dÃ©partementale 981,49.360115,1.962401,7,2,2
202100014140,176Â 412,B01,10,3,1,0,0,-1,-1,5,3,1,2021,47.0,1,2,12,1,3,15,1,,4,CORBEIL (ROUTE DE),0,,2,1,0,2,0,0,2,, -1,1,0,1,30,9,10,1,91,91286,2,6,0,6,CORBEIL (ROUTE DE),48.65392,2.3944,15,2,1
202100033557,141Â 782,B01,1,1,2,5,1,-1,-1,-1, -1,-1,2021,29.0,1,2,0,2,8,1,1,,4,BOULEVARD   (Rue du),0,,1,1,0,1,(1),(1),1,, -1,1,0,1,50,18,6,1,69,69266,2,3,0,3,BOULEVARD (DU) (R),45.7773911604,4.8685446382,19,2,2
202100047694,116Â 505,A01,2,2,2,4,1,0,-1,-1, -1,-1,2021,41.0,1,2,0,2,1,1,1,,1,AUTOROUTE A86,0,,2,4,0,1,51,569,1,, -1,1,1,1,70,17,3,1,94,94034,1,1,0,4,AUTOROUTE A86,48.75999,2.32134,9,5,4
202100013617,177Â 377,A01,10,3,1,2,8,-1,-1,4,3,1,2021,18.0,1,2,0,1,2,16,1,,3,SALENGRO (Boulevard Roger),0,,2,2,0,1,0,100,1,, -1,1,0,1,50,12,10,5,69,69092,2,1,0,6,ROGER SALENGRO (BD),46.0023978662,4.719171196,7,2,1
202100004272,194Â 120,A01,10,3,1,9,0,-1,-1,3,3,2,2021,71.0,3,2,0,1,2,1,1,,4,SAINT DIDIER(Avenue),0,,2,2,0,1,(1),(1),1,, -1,1,0,1,50,9,11,1,26,26198,2,3,0,6,4 Avenue Saint Didier,44.550799,4.747564,8,2,1
202100018843,167Â 964,B01,1,1,1,5,2,-1,-1,0,0,-1,2021,69.0,0,1,0,2,1,1,5,,3,17,0,D,2,2,0,2,14,0,1,, -1,1,0,1,50,2,8,1,49,49218,2,1,0,3,Rue de la Mairie (le Fuilet),47.281079,-1.118952,11,2,2
202100036697,136Â 119,B01,1,1,2,5,0,-1,-1,0,0,-1,2021,10.0,3,1,0,2,1,1,0,,3,2144,0,,2,2,0,1,51,150,1,, -1,1,0,1,50,3,6,1,3,3293,2,2,0,3,RD 2144,46.626777,2.589517,19,2,2
202100033187,142Â 443,A01,1,1,1,5,8,0,-1,-1, -1,-1,2021,19.0,2,0,0,2,1,1,3,,4,MADELEINE(PLACE DE LA),0,,2,3,0,1,(1),(1),1,, -1,2,0,1,50,20,6,1,56,56260,2,1,1,3,Place de la Madeleine,47.65909,-2.77264,18,2,2
202100032433,143Â 799,A01,1,1,1,1,2,0,-1,-1, -1,-1,2021,32.0,2,1,0,0,9,1,1,,1,A86 EXT,0,,1,3,0,1,44,799,1,, -1,1,0,1,90,25,6,1,94,94073,1,1,0,7,A86 EXT,48.7706982373,2.3867885922,7,1,1
202100029482,149Â 091,A01,1,1,1,5,0,-1,-1,0,0,-1,2021,75.0,1,2,6,0,1,14,1,,3,580,0,,2,2,0,3,4,250,2,, -1,1,0,1,80,11,7,1,12,12101,1,1,0,6,840 Route de Saint Jacques,44.570171,2.279727,13,1,1
202100026162,154Â 932,A01,1,1,1,1,2,0,-1,-1, -1,-1,2021,56.0,0,1,12,0,1,21,3,,3,VICTOIRE (AV DE LA),0,,2,2,0,1,0,0,1,, -1,1,0,1,50,31,7,2,94,94054,2,1,0,6,VICTOIRE (AV DE LA),48.745149,2.3884099,5,1,1
202100049340,113Â 566,A01,1,1,1,1,1,5,-1,-1, -1,-1,2021,25.0,1,2,0,2,7,12,1,,1,86,0,,3,4,0,1,1,0,1,, -1,1,0,1,90,3,3,5,92,92050,1,1,0,3,A86,48.9073656235,2.2124782132,20,2,2
202100025662,155Â 809,A01,1,1,1,0,8,-1,-1,0,0,-1,2021,29.0,2,2,2,0,2,1,1,,3,627,-1,,2,2,0,1,(1),(1),4,, -1,2,0,3,80,4,8,2,69,69035,1,1,1,6,D627,46.274657,4.67773,20,1,1
202100043485,123Â 931,B01,1,1,1,0,2,6,-1,0,0,-1,2021,37.0,2,1,0,2,1,1,1,,7,901,0,M,2,2,0,1,10,590,1,, -1,1,0,1,70,19,4,1,6,6033,2,3,0,3,1ERE AVENUE 7EME RUE,43.780258,7.213919,7,2,2
202100056036,101Â 722,A01,1,1,2,0,8,0,-1,-1, -1,-1,2021,76.0,1,2,0,2,8,9,1,,3,INNOCENT SAINT ROUTE DE,0,,2,2,0,3,28,225,1,, -1,1,5,1,50,6,1,5,73,73008,2,6,0,3,D991 Route de Saint Innocent,45.7132242261,5.8932334249,18,2,2
202100042521,125Â 616,A01,1,1,1,5,8,-1,-1,0,0,-1,2021,42.0,2,1,0,2,8,15,1,,4,134,0,D,2,2,0,1,4,138,1,, -1,1,0,1,50,25,4,1,59,59533,2,2,0,3,1 Place Jean JaurÃ¨s,50.18227,3.413776,11,2,2
202100042636,125Â 419,A01,1,1,1,5,0,-1,-1,0,0,-1,2021,43.0,1,2,13,0,1,13,1,,3,101,-1,,2,2,0,1,15,243,2,, -1,1,0,3,80,25,4,1,33,33541,1,1,0,6,D101,45.390268,-1.098976,17,1,1
202100003833,194Â 899,A01,1,1,1,1,8,0,-1,0,0,-1,2021,21.0,1,1,0,2,1,1,3,,4,RUE JOUFFROY D ABBANS,0,,2,8,0,1,(1),(1),1,, -1,1,0,1,30,8,12,1,75,75117,2,2,0,3,RUE JOUFFROY D ABBANS,48.882834,2.302985,10,2,2
202100029307,149Â 376,A01,1,1,1,9,2,6,-1,0,0,-1,2021,56.0,1,1,0,2,8,2,1,,2,RN7 (GrÃ¨zes-pouloumard),0,,2,2,0,1,90,180,1,, -1,1,2,1,80,12,7,1,26,26198,2,1,0,2,RN7,44.55309,4.73085,14,2,2
202100055925,101Â 912,B01,1,1,2,1,1,0,-1,-1, -1,-1,2021,34.0,1,2,0,2,1,1,1,,3,TOULOUSE (ROUTE DE),0,,2,2,0,1,52,800,1,, -1,1,0,1,50,7,1,1,32,32013,1,1,0,1,TOULOUSE (ROUTE DE),43.656,0.62566,8,2,2
202100041535,127Â 365,B01,1,1,1,9,2,0,-1,-1, -1,-1,2021,56.0,2,1,0,2,1,1,1,,3,VERDUN (BOULEVARD DE),0,,2,3,0,1,42,1078,1,, -1,1,0,1,50,27,4,1,34,34301,2,3,0,3,VERDUN (BOULEVARD DE),43.4118,3.6812,17,3,2
202100020157,165Â 602,B01,1,1,1,5,2,-1,-1,0,0,-1,2021,52.0,1,1,0,2,3,1,1,,3,906,-1,,2,2,0,1,23,670,1,, -1,1,0,1,50,25,8,1,43,43216,2,2,0,3,Avenue Pierre Julien,45.132233,3.815619,18,3,2
202100038812,132Â 240,A01,1,1,1,5,2,-1,-1,0,0,-1,2021,54.0,1,6,3,0,2,1,1,,3,142,0,D,2,2,0,2,(1),(1),1,, -1,1,0,1,80,23,5,1,59,59138,1,1,0,6,D142,50.133715,3.324201,12,1,1
202100004011,194Â 572,A01,1,1,2,0,8,0,-1,-1, -1,-1,2021,41.0,1,1,0,2,1,19,5,,4,LANDSBERG (RUE DU),0,,2,2,1,1,0,0,1,, -1,1,0,1,50,3,12,1,67,67482,2,3,0,2,LANDSBERG (RUE DU),48.572291,7.765537,8,3,2
202100022960,160Â 584,A01,1,1,1,5,0,-1,-1,0,0,-1,2021,48.0,1,1,0,2,7,17,5,,3,,-1,,2,3,0,1,(1),(1),1,,7,1,0,1,50,20,8,1,14,14191,2,1,0,3,D514,49.3318172693,-0.4630093576,11,2,2
202100011904,180Â 447,A01,1,1,1,9,1,-1,-1,0,0,-1,2021,72.0,2,2,2,0,1,13,1,,3,12,-1,,2,2,0,4,10,100,4,, -1,1,0,3,80,19,10,3,32,32388,1,1,0,6,pk 10+100 rd 12,43.649173,0.880741,22,1,1
202100000133,201Â 512,B01,1,1,1,5,2,6,-1,-1, -1,-1,2021,35.0,2,1,0,2,1,1,1,,3,AIGLON (Rue de l'),0,,2,2,0,2,10,362,1,, -1,1,5,1,50,2,11,1,62,62160,2,3,0,1,AIGLON (Rue de l'),50.74083,1.61451,12,2,2
202100024662,157Â 569,B01,1,1,1,5,2,6,-1,0,0,-1,2021,37.0,2,1,0,2,7,1,1,,3,676,-1,,2,2,0,1,8,465,1,, -1,1,5,1,50,11,8,1,35,35224,2,2,1,3,Rue de la Croix du Fresne,48.521272,-1.848206,9,2,2
202100005730,191Â 555,A01,1,1,1,0,2,6,-1,-1, -1,-1,2021,24.0,2,1,0,2,8,2,1,,1,AUTOROUTE A86,0,,1,3,0,2,28,899,2,, -1,7,0,1,70,29,11,2,93,93064,1,1,1,5,AUTOROUTE A86,48.8625729081,2.482910107,6,3,3
202100007400,188Â 530,B01,1,1,1,5,2,6,9,0,0,-1,2021,61.0,2,1,0,2,1,1,1,,3,32,-1,,3,2,0,1,(1),(1),3,, -1,1,0,1,50,19,11,1,40,40201,2,3,0,1,Avenue RenÃ© Bats,43.747707,-0.756813,15,2,2
202100028534,150Â 715,A01,1,1,1,5,2,6,-1,0,0,-1,2021,15.0,3,1,0,2,3,1,1,,4,,0,,2,2,0,1,(1),(1),1,,4,1,0,1,50,17,7,1,34,34293,2,1,0,1,Chemin du Redoundel,43.604891,2.701663,16,2,2
202100010293,183Â 308,A01,1,1,2,5,2,6,-1,-1, -1,-1,2021,33.0,3,1,0,0,7,16,1,,4,PIECE NOYEE (ROND POINT DE LA),0,,2,2,0,1,0,0,2,, -1,2,5,1,50,29,10,1,64,64102,2,6,1,7,Rond-Point de la PiÃ¨ce NoyÃ©e,43.50042,-1.48139,12,1,1
202100005165,192Â 545,A01,2,2,1,4,1,-1,-1,0,0,-1,2021,29.0,2,5,0,2,1,2,1,,1,64,0,A,3,4,0,1,223,90,1,, -1,1,0,1,130,3,12,1,31,31324,1,1,0,2,A64 PK231.500 sens TOULOUSE BAYONNE,43.206177,1.015978,9,3,2
202100054081,105Â 078,A01,10,3,2,1,0,-1,-1,3,3,1,2021,37.0,2,2,0,1,2,15,1,,3,D768,0,,1,1,0,1,(1),(1),2,, -1,1,2,1,30,8,1,2,22,22113,2,1,0,6,SAINTE ANNE (PONT),48.73057,-3.46042,8,2,1
202100026537,154Â 260,A01,2,2,2,5,2,-1,-1,0,0,-1,2021,53.0,2,1,0,6,6,1,1,,2,149,0,N,2,2,0,1,27,188,1,,"7,3",1,0,1,80,29,7,3,79,79008,1,1,0,6,,46.735787,-0.301158,22,2,1
202100005369,192Â 187,A01,10,3,2,0,0,-1,-1,3,3,1,2021,53.0,1,2,0,1,1,0,1,,3,PARIS (ROUTE DE),0,,2,2,0,1,0,0,1,, -1,2,0,1,50,29,11,4,3,3095,2,1,1,6,PARIS (ROUTE DE),46.13805,3.45626,17,2,1
202100004418,193Â 865,A01,1,1,1,1,8,0,-1,-1, -1,-1,2021,19.0,1,1,0,2,2,17,1,,3,GABRIEL-PERI (AV),0,,2,4,3,1,0,1,1,, -1,2,0,1,50,6,12,5,93,93070,2,1,0,3,GABRIEL-PERI (AV),48.906,2.3319,17,2,2
202100014211,176Â 291,A01,1,1,1,5,2,6,-1,0,0,-1,2021,49.0,1,1,12,0,1,13,3,,4,PLACE JACQUES RUEFF,0,,1,1,0,1,(1),(1),1,, -1,1,0,1,50,9,10,5,75,75107,2,7,0,6,PLACE JACQUES RUEFF,48.85598,2.298065,5,1,1
202100033008,142Â 744,B01,1,1,1,5,2,0,-1,-1, -1,-1,2021,24.0,3,1,0,2,1,1,1,,4,CARPAYE(AVENUE),0,,2,2,0,1,0,0,1,, -1,1,0,1,50,20,6,5,974,97407,2,1,0,3,CARPAYE(AVENUE),-20.946409,55.298725,18,2,2
202100029846,148Â 441,A01,10,3,1,9,8,8,-1,2,3,1,2021,31.0,3,5,0,1,2,1,1,,3,ROSNY (RUE DE),0,,2,2,0,1,1,0,1,, -1,1,0,1,50,9,7,1,93,93048,2,1,0,6,Rue de Rosny,48.86886,2.46175,15,2,1
202100054651,104Â 105,B01,1,1,2,5,0,-1,-1,0,0,-1,2021,59.0,2,1,0,2,8,15,5,,7,26,-1,,2,2,0,1,(1),(1),1,, -1,1,0,1,70,18,1,2,44,44047,1,3,0,3,M26,47.228589,-1.710788,17,2,2
202100000162,201Â 456,B01,1,1,1,1,2,0,-1,-1, -1,-1,2021,59.0,0,1,0,2,1,2,5,,4,CHARLES DE GAULLE (RUE),0,,2,2,2,2,0,0,1,, -1,1,0,1,50,12,11,1,91,91471,2,1,0,3,CHARLES DE GAULLE (RUE),48.702077,2.190553,12,2,2
202100008942,185Â 731,A01,1,1,1,0,8,0,-1,-1, -1,-1,2021,29.0,1,0,0,2,1,19,3,,4,MONTARDON DE,0,,-1,2,0,1,0,0,1,, -1,1,0,1,50,7,11,1,64,64445,2,2,0,3,MONTARDON DE,43.3287014994,-0.3675216436,15,2,2
202100019540,166Â 704,A01,2,2,1,4,1,-1,-1,0,0,-1,2021,40.0,1,5,0,2,2,21,1,,1,6,0,,3,5,0,1,382,920,1,, -1,1,0,1,130,10,9,3,71,71270,1,1,0,2,"Autoroute A6, PK 382.920, sens Paris-Lyon",46.352734,4.827676,5,3,2
202100025498,156Â 087,B01,1,1,1,0,2,0,-1,-1, -1,-1,2021,29.0,2,1,0,2,3,1,1,,3,GABRIEL-PERI (AV),0,,2,2,0,1,(1),(1),1,, -1,1,5,1,50,4,8,5,93,93070,2,2,0,3,GABRIEL-PERI (AV),48.9085,2.33265,23,2,2
202100054258,104Â 770,A01,10,3,2,1,0,-1,-1,3,3,1,2021,52.0,2,1,0,1,2,1,1,,4,"ROULE (AVENUE DU, NÂ° 29 A 91 ET 30 A 86)",0,,2,2,0,1,0,0,1,, -1,2,0,1,50,20,1,5,92,92051,2,1,0,6,"ROULE (AVENUE DU, NÂ° 29 A 91 ET 30 A 86)",48.8820093691,2.2795933485,18,2,1
202100034470,140Â 111,A01,1,1,1,5,0,-1,-1,0,0,-1,2021,40.0,2,2,0,2,3,5,1,,3,204,0,,2,2,0,1,22,632,1,, -1,1,0,1,80,14,6,3,77,77182,1,1,0,1,D204,48.770814,3.292551,23,2,2
202100036108,137Â 138,A01,1,1,1,0,2,0,-1,-1, -1,-1,2021,18.0,1,1,4,0,3,13,1,,1,ECHAT(RUE DE L'),0,,1,1,0,4,1,0,2,, -1,1,3,1,70,5,6,3,94,94028,1,1,0,7,Rue de lâEchat,48.80147,2.44668,23,1,1
202100005668,191Â 665,A01,10,3,1,5,0,-1,-1,2,3,1,2021,57.0,0,2,0,1,3,15,1,,4,AUVERGNE (RUE),0,,2,1,0,1,1,0,1,, -1,7,0,1,50,29,11,4,93,93050,2,3,0,6,AUVERGNE (RUE),48.86866,2.52988,18,2,1
202100048034,115Â 882,B01,1,1,1,4,2,6,-1,0,0,-1,2021,30.0,3,1,0,2,3,1,1,,4,BOULEVARD DU FORT DE VAUX,0,,1,1,0,1,(1),(1),1,, -1,1,0,1,50,14,3,5,75,75117,2,2,0,2,BOULEVARD DU FORT DE VAUX,48.891831,2.301586,20,2,2
202100049549,113Â 189,A01,1,1,1,1,1,-1,-1,0,0,-1,2021,41.0,1,5,8,0,1,2,1,,3,4,0,,2,2,0,1,16,100,3,, -1,1,0,3,80,2,3,3,37,37155,1,1,0,7,Le sentier,47.621789109,0.8192255182,19,1,1
202100039734,130Â 557,A01,1,1,1,5,1,-1,-1,0,0,-1,2021,39.0,2,2,15,0,1,1,1,,1,16,-1,A,3,5,0,1,29,800,1,, -1,3,0,3,110,16,5,1,95,95313,1,1,1,6,A16,49.113256,2.254451,18,6,1
202100000063,201Â 636,A01,1,1,1,1,2,6,-1,0,0,-1,2021,53.0,1,1,0,6,1,1,1,,3,675,-1,,2,1,0,2,74,(1),1,, -1,1,0,1,80,15,12,3,14,14752,1,1,0,6,Route de Bretagne,49.09033,-0.630662,19,1,1
202100051063,110Â 400,A01,2,2,1,5,1,5,-1,0,0,-1,2021,17.0,0,2,0,2,2,1,1,,4,EIFFEL (PONT),0,,-1,2,0,1,(1),(1),1,, -1,1,2,1,50,18,2,1,27,27229,2,2,0,3,EIFFEL (PONT),49.01889,1.1549,16,4,2
202100054298,104Â 703,A01,10,3,2,2,0,-1,-1,3,3,2,2021,7.0,2,2,0,1,2,1,1,,7,641,0,A,2,2,2,1,1,0,3,, -1,2,0,1,50,22,1,2,59,59051,2,1,0,6,Rue du General Leclerc,50.531762,2.807382,8,3,1
202100027496,152Â 579,A01,10,3,2,3,0,-1,-1,1,3,1,2021,16.0,2,1,0,1,1,5,5,,4,,0,,1,1,2,1,(1),(1),1,, -1,1,0,5,50,22,7,1,69,69383,2,1,0,6,PAUL BERT (R),45.75571,4.84435,17,2,1
202100051984,108Â 787,A01,1,1,2,5,1,8,-1,-1, -1,-1,2021,62.0,2,2,1,0,1,14,1,,4,MONNERVILLE (BOULEVARD GASTON),0,,2,2,0,4,0,0,2,, -1,1,0,4,50,9,2,1,974,97411,2,1,0,2,Boulevard Gaston Monnerville,-20.8968,55.4473,10,2,1
202100034255,140Â 514,B01,1,1,1,4,8,0,-1,-1, -1,-1,2021,29.0,2,1,0,2,1,1,5,,4,SOLFERINO RUE NÂ°1 - 159,0,,2,2,0,1,(1),(1),1,, -1,1,5,1,50,16,6,5,59,59350,2,2,0,3,SOLFERINO RUE NÂ°1 - 159,50.630253,3.056648,0,2,2
202100007851,187Â 703,B01,1,1,2,2,8,0,-1,0,0,-1,2021,13.0,1,1,0,2,1,19,5,,4,AVENUE ERNEST REYER,0,,2,2,0,1,(1),(1),1,, -1,1,0,1,30,15,11,2,75,75114,2,2,0,3,AVENUE ERNEST REYER,48.822664,2.322669,16,2,2
202100022581,161Â 254,A01,1,1,1,5,8,-1,-1,-1, -1,-1,2021,49.0,2,2,0,0,0,1,-1,,3,,-1,,3,-1,-1,1,3,900,1,, -1,1,0,1,-1,21,5,3,78,78643,1,9,0,6,RD1,48.96698,1.99328,23,1,1
202100022013,162Â 287,E01,7,2,1,5,1,-1,-1,0,0,-1,2021,58.0,1,2,1,2,1,0,1,,1,8,0,A,1,3,0,1,175,500,1,, -1,1,0,1,110,28,8,3,6,6004,1,1,0,4,a8 PK 175.500 voie sud,43.616582,7.115278,23,13,5
202100030991,146Â 337,A01,1,1,1,5,2,6,-1,-1, -1,-1,2021,18.0,1,1,8,0,1,1,1,,3,GENEVE (RUE DE),0,,2,2,0,1,0,0,2,, -1,1,0,1,50,16,6,1,74,74008,2,1,0,6,GENEVE (RUE DE),46.19302,6.22533,20,1,1
202100030404,147Â 420,A01,1,1,2,1,1,-1,-1,-1, -1,-1,2021,36.0,1,2,13,0,2,1,1,,4,FOUCAULT(CHEMIN LEON),0,,2,2,0,1,(1),(1),3,, -1,1,0,3,70,5,7,2,4,4112,2,1,0,6,Chemin Leon Foucault,43.84543,5.83365,5,1,1
202100005683,191Â 639,A01,1,1,2,1,1,-1,-1,0,0,-1,2021,58.0,2,2,0,2,2,5,0,,2,100,0,,2,2,0,1,11,800,1,,7,1,0,1,80,30,11,1,30,30315,1,1,0,5,Route Nationale 100,43.949791,4.702599,8,4,3
202100048375,115Â 286,B01,1,1,1,0,2,8,-1,-1, -1,-1,2021,54.0,1,1,0,2,8,1,1,,2,11 - RT,0,,2,2,0,1,1,0,1,, -1,1,0,1,50,11,3,1,202,202037,2,1,0,3,11 - RT,42.62567,9.43713,15,2,2
202100054144,104Â 968,A01,1,1,1,5,2,6,9,0,0,-1,2021,49.0,3,1,13,0,1,0,1,,9,,0,,-1,2,0,2,(1),(1),4,, -1,6,0,8,-1,23,1,1,42,42060,1,1,1,7,Chemin forestier,45.501042,4.094462,10,1,1
202100037211,135Â 167,A01,1,1,2,0,2,8,-1,-1, -1,-1,2021,25.0,1,1,0,2,1,1,1,,4,PIERRE MENDES FRANCE (AVENUE),0,,3,4,0,1,0,0,1,, -1,1,0,1,50,28,5,1,67,67447,2,3,0,3,PIERRE MENDES FRANCE (AVENUE),48.600205,7.7536,17,2,2
202100039609,130Â 788,A01,10,3,2,2,0,-1,-1,1,3,3,2021,15.0,1,2,0,1,3,9,2,,4,RUE DU DISQUE,0,,1,1,0,1,(1),(1),1,, -1,2,1,1,30,17,5,1,75,75113,2,3,1,6,RUE DU DISQUE,48.82434,2.363696,8,2,1
202100019443,166Â 883,B01,1,1,2,9,1,0,-1,-1, -1,-1,2021,51.0,2,2,0,2,4,2,1,,1,86,0,,3,4,0,1,9,0,1,, -1,1,0,1,90,12,9,3,92,92036,1,9,0,2,A86,48.9383700387,2.3001401108,20,2,2
202100026844,153Â 736,A01,10,3,1,9,0,-1,-1,4,3,1,2021,21.0,1,2,7,1,1,17,1,,4,RUE DES FRERES FLAVIEN,0,,2,2,0,1,(1),(1),1,, -1,1,0,1,50,27,7,1,75,75120,2,2,0,6,RUE DES FRERES FLAVIEN,48.876799,2.411998,8,2,1
202100045744,119Â 985,A01,1,1,1,5,1,0,-1,-1, -1,-1,2021,88.0,1,2,0,2,1,2,1,,3,R D 900,0,,3,4,0,1,20,1075,1,, -1,1,0,1,110,31,3,1,66,66136,1,1,0,4,R D 900,42.70998,2.86982,15,4,3
202100054653,104Â 101,A01,1,1,1,4,1,-1,-1,0,0,-1,2021,41.0,2,5,3,0,0,14,1,,3,649,-1,,3,4,0,1,78,0,1,, -1,2,0,3,110,18,1,3,59,59640,1,1,1,7,CD 649,50.297427,3.68654,18,1,1
202100032394,143Â 870,A01,1,1,1,5,1,-1,-1,0,0,-1,2021,21.0,3,2,6,0,2,1,0,,4,,0,,2,1,0,1,(1),(1),1,,4,1,2,1,80,25,6,1,1,1457,1,9,0,6,Route de Bezememe,46.2202618704,5.0089877844,19,2,1
202100027454,152Â 653,A01,1,1,1,0,2,6,-1,0,0,-1,2021,65.0,1,1,0,2,2,17,1,,7,15,0,,2,2,0,1,12,350,1,, -1,1,0,1,80,23,7,1,13,13051,1,2,0,3,D15,43.613522,5.138683,9,2,2
202100039940,130Â 195,A01,1,1,1,5,8,0,-1,-1, -1,-1,2021,16.0,1,1,1,0,1,17,5,,4,CRIQUE ( RUE DE LA CRIQUE ),0,,-1,2,0,1,0,0,1,, -1,1,0,1,50,14,5,1,44,44135,2,1,0,2,CRIQUE ( RUE DE LA CRIQUE ),47.281641,-2.429118,18,2,2
202100047455,116Â 941,A01,1,1,1,1,2,4,6,0,0,-1,2021,29.0,1,1,13,0,0,0,1,,3,130,-1,,2,2,2,1,(1),(1),2,, -1,1,0,8,80,19,3,1,59,59391,1,1,0,6,D130,50.299723,3.307872,12,1,1
202100049561,113Â 166,A01,1,1,1,1,2,6,9,0,0,-1,2021,59.0,1,1,3,2,1,2,1,,1,8,-1,,3,4,0,1,219,800,3,, -1,1,2,1,110,1,3,1,6,6083,1,1,0,2,"autoroute A8, Viaduc de Cabrolles, PK 219.800, chaussÃ©e sud , sens FRANCE-ITALIE",43.796848,7.480692,14,2,2
202100016955,171Â 320,A01,1,1,1,5,1,-1,-1,0,0,-1,2021,66.0,1,2,0,4,3,15,1,,4,GOUESNOU (DE 1 A 29 ET 2 A 36),0,,2,2,0,1,(1),(1),1,, -1,1,4,1,30,24,9,1,29,29019,2,8,0,3,Rue de Gouesnou,48.4064212427,-4.4678794213,14,2,2
202100025402,156Â 248,A01,2,2,2,0,1,0,-1,-1, -1,-1,2021,19.0,2,2,13,9,1,9,1,,1,AUTOROUTE A86,0,,3,7,0,1,11,699,2,, -1,1,0,8,70,5,8,3,92,92078,1,1,0,6,AUTOROUTE A86,48.9283084303,2.3316245851,22,2,1
202100042275,126Â 065,A01,1,1,1,1,1,-1,-1,-1, -1,-1,2021,23.0,1,2,4,2,3,13,1,,7,M6   455.000 A 455.614,0,,3,6,0,1,455,200,2,, -1,1,0,1,70,20,4,5,69,69382,1,1,0,2,M6,45.75087,4.82267,0,2,2
202100005084,192Â 685,A01,10,3,1,0,0,-1,-1,2,3,1,2021,50.0,3,2,0,1,2,12,1,,4,LAVOISIER (BOULEVARD),0,,2,2,0,1,1,0,1,, -1,1,0,1,50,2,12,1,13,13214,2,1,0,3,LAVOISIER (BOULEVARD),43.33881,5.36984,15,2,1
202100008140,187Â 169,B01,1,1,1,4,2,6,-1,0,0,-1,2021,41.0,1,1,0,2,6,1,1,,2,BASTILLAC (ROND POINT),0,,1,2,0,1,24,133,1,, -1,2,0,1,50,14,11,2,65,65440,2,6,1,2,Giratoire de BASTILLAC ,43.223359,0.046691,17,2,2
202100046980,117Â 807,A01,2,2,1,1,1,-1,-1,0,0,-1,2021,28.0,3,2,0,0,2,1,1,,4,,-1,,2,2,0,2,(1),(1),2,, -1,1,0,1,80,23,3,3,49,49080,1,1,0,6,Le Gravier,47.734164,-0.446792,20,2,1
202100027825,151Â 977,A01,2,2,1,5,2,-1,-1,0,0,-1,2021,16.0,1,1,0,2,1,2,1,,3,813,0,D,2,2,0,1,0,825,1,, -1,1,0,1,50,22,7,1,2,2810,2,1,0,5,D813,49.239765,3.072567,18,4,3
202100018768,168Â 095,B01,2,2,2,5,8,-1,-1,-1, -1,-1,2021,42.0,0,2,0,2,4,2,1,,4,LIBERTE (BD DE LA),0,,3,4,2,1,(1),(1),1,, -1,1,0,1,30,15,9,5,35,35238,2,1,0,2,LIBERTE (BD DE LA),48.1074288005,-1.6753225029,22,3,2
202100003947,194Â 690,B01,1,1,1,1,1,4,-1,-1, -1,-1,2021,52.0,1,2,6,2,5,1,1,,1,A86 INT,0,,1,3,0,1,30,899,3,, -1,1,1,1,90,8,12,5,94,94052,1,1,0,2,A86 INT,48.8433249102,2.4931240082,23,2,2