Num_Acc,id_vehicule,num_veh,place,catu,sexe,trajet,secu1,secu2,secu3,locp,actp,etatp,year_acc,victim_age,senc,catv,obs,obsm,choc,manv,motor,occutc,catr,voie,v1,v2,circ,nbv,vosp,prof,pr,pr1,plan,lartpc,larrout,surf,infra,situ,vma,jour,mois,lum,dep,com,agg_,int,atm,col,adr,lat,long,hour,nb_victim,nb_vehicules
202100015833,173Â 373,A01,1,1,1,5,2,6,-1,0,0,-1,2021,21.0,3,1,0,2,1,5,1,,4,,-1,,2,2,0,2,(1),(1),4,,6,1,2,1,50,2,10,1,25,25097,1,9,0,1,Allee Henri Hugoniot,47.523874,6.870017,16,2,2
202100053699,105Â 746,B01,1,1,1,0,1,-1,-1,-1, -1,-1,2021,52.0,1,2,0,2,4,2,1,,7,95,0,,-1,3,0,1,1,500,2,, -1,1,0,1,50,25,1,1,69,69259,2,2,0,2,JULES GUESDE (AV),45.7080932635,4.8870650294,16,3,2
202100032128,144Â 320,B01,1,1,2,9,2,6,-1,0,0,-1,2021,49.0,2,1,0,2,3,1,1,,4,RUE DU COMMANDANT L HERMINIER,0,,2,4,1,1,(1),(1),1,, -1,1,0,6,50,26,6,1,75,75120,2,2,0,3,RUE DU COMMANDANT L HERMINIER,48.846702,2.41588,17,2,2
202100013128,178Â 280,A01,1,1,1,0,8,8,-1,-1, -1,-1,2021,24.0,1,1,16,0,2,9,1,,4,METALLURGIE (AVENUE),0,,2,2,0,1,0,1,1,, -1,1,5,1,50,13,10,1,93,93066,2,9,0,3,METALLURGIE (AVENUE),48.9091,2.36476,13,2,2
202100040842,128Â 631,A01,2,2,2,5,2,6,-1,0,0,-1,2021,21.0,1,1,13,0,1,0,1,,3,36,0,M,3,4,0,2,5,828,2,, -1,1,0,3,70,9,5,1,6,6128,1,1,0,7,Route de Cagnes,43.690346,7.130948,15,2,1
202100010599,182Â 784,A01,1,1,1,5,1,-1,-1,0,0,-1,2021,29.0,2,2,0,2,6,1,1,,3,12,-1,,2,2,0,1,10,0,2,, -1,1,0,1,80,23,10,3,33,33508,1,1,0,6,Lieu Dit Monet,44.519647,-0.117041,21,2,2
202100000622,200Â 592,B01,2,2,2,5,1,-1,-1,-1, -1,-1,2021,16.0,3,2,0,2,1,1,1,,4,RUE ANDRE BLANC,0,,2,2,2,1,(1),(1),1,, -1,2,5,1,50,14,11,5,33,33162,2,2,1,1,Rue AndrÃ© Blanc,44.8771471987,-0.6424606859,18,5,2
202100052636,107Â 641,A01,1,1,2,0,1,0,-1,-1, -1,-1,2021,47.0,1,2,0,2,4,9,1,,1,A7-Sens Lyon vers Marseille,0,,1,3,0,1,273,700,1,, -1,1,0,1,90,3,2,3,13,13215,1,1,0,2,A7-Sens Lyon vers Marseille,43.377,5.35821,6,2,2
202100000306,201Â 171,A01,10,3,2,5,0,-1,-1,3,3,1,2021,58.0,1,2,0,1,1,1,1,,3,CARNOT (PL.),0,,1,2,0,1,41,0,1,, -1,1,0,1,50,12,11,1,62,62427,2,1,0,6,CARNOT (PL.),50.42047,2.94866,15,2,1
202100018700,168Â 216,A01,1,1,1,1,2,6,-1,-1, -1,-1,2021,28.0,2,1,0,2,1,13,1,,1,AUTOROUTE A6B,0,,1,2,0,1,6,579,1,, -1,2,0,1,110,15,9,1,94,94021,1,1,0,3,AUTOROUTE A6B,48.75971,2.33846,18,2,2
202100010468,183Â 012,B01,1,1,1,0,8,0,-1,-1, -1,-1,2021,11.0,3,1,0,2,7,5,5,,4,LAGRANGE (RUE LEO),0,,2,2,0,4,0,0,3,, -1,1,0,1,50,27,10,5,974,97411,2,2,0,1,LAGRANGE (RUE LEO),-20.90463,55.48172,19,2,2
202100035870,137Â 567,C01,1,1,1,5,2,8,-1,-1, -1,-1,2021,41.0,1,1,0,2,4,2,5,,2,ROUTE NATIONALE 1,0,,-1,2,0,3,10,0,1,, -1,1,0,1,70,6,6,1,972,97213,1,1,0,5,ROUTE NATIONALE 1,14.64978,-60.9749,8,4,4
202100027553,152Â 472,B01,1,1,1,4,2,8,-1,-1, -1,-1,2021,21.0,2,1,0,2,1,1,1,,4,PIERRE DOIZE  (RUE),0,,2,2,0,1,0,0,1,, -1,1,0,1,50,22,7,5,13,13210,2,1,0,3,PIERRE DOIZE  (RUE),43.2766397213,5.4268260768,22,2,2
202100042286,126Â 043,B01,2,2,1,5,2,-1,-1,-1, -1,-1,2021,33.0,1,1,0,2,1,1,1,,3,ZOLA (RUE EMILE),0,,2,2,0,1,1,350,1,, -1,1,0,1,50,27,4,1,95,95585,2,1,0,1,ZOLA (RUE EMILE),48.985831,2.392962,20,3,2
202100004705,193Â 368,A01,1,1,1,0,2,6,-1,-1, -1,-1,2021,23.0,1,1,9,0,1,0,1,,3,AV DES JONQUILLES,0,,2,1,0,1,0,100,1,, -1,2,0,1,30,3,12,1,91,91097,2,1,0,7,AV DES JONQUILLES,48.685187,2.525486,8,1,1
202100018518,168Â 532,B01,1,1,2,0,1,0,-1,-1, -1,-1,2021,31.0,1,2,0,2,3,1,1,,4,BASSIN PLAT(CHEMIN),0,,2,2,0,1,9,0,2,, -1,1,0,1,70,16,9,1,974,97416,1,1,0,1,BASSIN PLAT(CHEMIN),-21.32469,55.48956,6,3,3
202100053117,106Â 788,A01,1,1,1,5,1,-1,-1,0,0,-1,2021,24.0,3,2,13,0,3,13,1,,4,,-1,,2,2,0,4,(1),(1),3,, -1,2,0,3,50,29,1,5,18,18145,2,1,1,6,Rue de Fontbertrange,47.228122,2.486365,22,1,1
202100033915,141Â 141,A01,1,1,1,5,2,6,-1,0,0,-1,2021,17.0,2,1,0,0,1,1,1,,3,52,0,D,2,2,0,1,12,650,3,, -1,1,0,1,70,17,6,1,76,76404,2,1,0,7,D52,49.564929,0.25505,18,1,1
202100001998,198Â 226,A01,1,1,2,1,2,-1,-1,0,0,-1,2021,44.0,0,1,0,2,2,19,1,,4,JEAN CATELAS (RUE),0,,2,2,0,1,(1),(1),1,, -1,1,0,1,50,17,12,1,80,80489,2,2,0,3,JEAN CATELAS (RUE),49.87372,2.35298,12,2,2
202100000541,200Â 740,C01,1,1,1,1,1,0,-1,-1, -1,-1,2021,35.0,1,2,0,2,1,2,1,,1,VA007331 A620,0,,1,3,0,1,15,528,2,, -1,1,2,1,90,12,11,4,31,31555,1,1,0,4,VA007331 A620,43.57437,1.4693,18,3,3
202100043352,124Â 173,A01,10,3,2,5,0,-1,-1,4,3,1,2021,75.0,1,0,0,1,1,1,3,,4,AVENUE DES CHAMPS ELYSEES,0,,2,10,1,1,(1),(1),1,, -1,1,-1,5,50,20,4,1,75,75108,2,1,0,6,AVENUE DES CHAMPS ELYSEES,48.866722,2.317241,12,2,1
202100014624,175Â 572,A01,10,3,1,1,0,-1,-1,3,3,1,2021,62.0,1,2,0,1,3,19,1,,4,CARNOT (RUE),0,,2,3,0,1,0,0,1,, -1,2,0,1,50,10,9,5,2,2168,2,9,1,6,CARNOT (RUE),49.04206,3.40402,7,2,1
202100045788,119Â 904,A01,1,1,1,9,2,6,-1,0,0,-1,2021,61.0,3,1,0,2,2,1,1,,4,AVENUE DE FLANDRE,0,,3,4,3,1,(1),(1),1,, -1,1,0,1,50,31,3,1,75,75119,2,2,0,3,AVENUE DE FLANDRE,48.890578,2.37686,12,2,2
202100035142,138Â 892,B01,1,1,2,0,2,-1,-1,0,0,-1,2021,57.0,2,1,0,2,1,1,1,,3,703,-1,,2,2,0,1,75,300,1,, -1,1,0,1,50,11,6,1,24,24396,2,3,0,3,route dÃ©partementale 703,44.861679,1.039324,15,2,2
202100012282,179Â 774,A01,1,1,1,5,1,-1,-1,0,0,-1,2021,42.0,3,2,6,0,1,1,0,,4,,-1,,2,2,0,1,(1),(1),1,,4,1,0,1,50,17,10,1,974,97415,2,1,0,1,16 Chemin Bien Aime,-21.07103,55.259885,13,1,1
202100047836,116Â 252,A01,10,3,1,0,0,-1,-1,3,1,1,2021,58.0,2,1,0,1,1,13,0,,3,R JEAN MONNET,0,,2,2,0,1,1,0,1,, -1,2,0,1,50,16,3,1,94,94044,2,1,1,6,Rue Jean Monnet,48.759473,2.48041,17,2,1
202100014789,175Â 275,A01,10,3,2,3,0,-1,-1,3,3,1,2021,57.0,1,2,0,1,1,1,1,,3,BUTIN (AV. OCTAVE),0,,2,2,0,1,2,380,1,, -1,1,0,1,50,6,10,1,60,60382,2,1,0,6,Avenue Octave Butin,49.4360900187,2.8050370215,11,2,1
202100027705,152Â 193,A01,1,1,2,5,1,0,-1,-1, -1,-1,2021,68.0,1,2,3,2,1,14,1,,1,AUTOROUTE A20,0,,3,4,0,1,173,899,1,, -1,1,0,1,110,18,7,1,87,87085,1,1,0,6,AUTOROUTE A20,45.90663,1.2916,16,1,1
202100002840,196Â 701,A01,6,2,1,5,0,-1,-1,0,0,-1,2021,46.0,3,2,1,0,4,1,1,,3,,-1,,2,2,0,1,(1),(1),1,, -1,1,0,3,50,17,12,5,38,38453,2,1,0,6,461 Route de Grenoble,45.1203,5.331593,6,2,1
202100042067,126Â 433,B01,1,1,1,0,2,6,-1,-1, -1,-1,2021,27.0,2,1,0,2,1,3,1,,3,R DU GENERAL LECLERC ,0,,2,2,0,1,1,0,1,, -1,1,0,1,50,29,4,1,94,94071,2,9,0,3,GENERAL LECLERC (R DU),48.7774,2.51149,15,3,2
202100008385,186Â 743,A01,1,1,1,9,1,-1,-1,0,0,-1,2021,69.0,3,2,0,2,7,15,0,,3,740,0,D,2,2,0,1,14,610,1,,6,1,0,1,80,12,11,1,16,16136,1,3,0,3,Le Treuil,46.023161,0.168958,15,3,2
202100042722,125Â 270,A01,1,1,1,0,8,0,-1,-1, -1,-1,2021,40.0,1,1,0,0,0,1,3,,3,1,0,,1,1,1,1,0,0,1,, -1,1,0,5,50,23,4,5,92,92024,2,1,0,6,CLICHY (QUAI DE) DE (8 A 60),48.9048043014,2.2924974561,23,1,1
202100027952,151Â 735,B01,1,1,2,9,2,0,-1,0,0,-1,2021,59.0,1,1,0,2,4,23,3,,4,QUAI DES GRANDS AUGUSTINS,0,,2,4,1,1,(1),(1),1,, -1,1,0,5,30,20,7,1,75,75106,2,3,0,2,QUAI DES GRANDS AUGUSTINS,48.85429,2.343174,11,2,2
202100043197,124Â 446,A01,1,1,1,4,2,6,-1,0,0,-1,2021,21.0,1,1,0,2,1,18,1,,4,AVENUE NIEL,0,,2,2,0,1,(1),(1),1,, -1,1,0,1,50,20,4,1,75,75117,2,2,0,3,AVENUE NIEL,48.882937,2.296382,9,2,2
202100032057,144Â 447,A01,1,1,2,1,1,0,-1,-1, -1,-1,2021,24.0,1,2,0,0,1,1,1,,2,RN 104,0,,1,3,0,2,36,500,3,, -1,2,0,1,70,27,6,1,91,91340,1,1,0,6,RN 104,48.608,2.435,7,1,1
202100010547,182Â 873,A01,1,1,1,0,2,6,-1,-1, -1,-1,2021,18.0,1,1,0,2,3,9,1,,3,ROCADE OUEST (RD 610),0,,1,3,0,1,20,600,1,, -1,1,0,1,110,27,10,1,10,10081,1,1,0,3,ROCADE OUEST (RD 610),48.32981,4.04507,16,2,2
202100034112,140Â 786,A01,10,3,2,1,0,0,-1,2,8,1,2021,19.0,2,5,0,1,1,13,1,,3,PONT DE CRETEIL (R DU),0,,2,2,3,1,1,0,1,, -1,1,9,6,50,15,6,1,94,94068,2,1,0,6,Rue du Pont de CrÃ©teil,48.80057,2.47179,15,2,1
202100047771,116Â 359,A01,1,1,2,1,1,0,-1,-1, -1,-1,2021,32.0,1,2,8,0,2,1,1,,3,RD 915,0,,3,2,0,2,76,143,3,, -1,2,5,3,80,16,3,4,76,76565,1,6,1,7,RD 915,49.87349,1.09983,21,1,1
202100010659,182Â 680,B01,1,1,2,0,1,0,-1,-1, -1,-1,2021,50.0,1,2,0,2,1,2,1,,1,A50-Sens Marseille vers Aubagne,0,,3,3,0,1,7,0,1,, -1,1,0,1,90,27,10,1,13,13211,1,1,0,5,A50-Sens Marseille vers Aubagne,43.2928,5.4761,16,4,3
202100036984,135Â 590,A01,1,1,2,5,2,8,-1,-1, -1,-1,2021,62.0,3,1,0,2,2,15,5,,4,PRIX D'AMERIQUE DU,0,,2,1,0,1,0,0,1,, -1,1,0,1,30,1,6,1,64,64335,2,3,0,3,IMPASSE DU GALOP,43.32225,-0.41602,16,2,2
202100000661,200Â 532,A01,1,1,1,5,1,5,-1,0,0,-1,2021,20.0,2,2,0,2,1,2,1,,1,10,0,A,3,3,0,1,159,747,1,,10,2,0,1,130,8,12,3,41,41223,1,1,1,2,A10,47.616173,1.203475,4,2,2
202100008816,185Â 988,B01,1,1,1,0,2,6,-1,0,0,-1,2021,48.0,3,1,0,2,1,1,1,,4,,-1,,2,1,0,2,(1),(1),1,,"3,5",1,0,1,30,9,11,1,35,35360,2,3,0,3,Rue de Fougeres,48.127472,-1.213517,15,2,2
202100056000,101Â 788,B01,1,1,1,5,0,-1,-1,0,0,-1,2021,14.0,3,1,0,2,8,26,5,,4,1,-1,,2,2,0,1,(1),(1),1,, -1,1,0,1,30,6,1,3,38,38382,2,1,0,1,Rue de Chamechaude,45.235171,5.685098,18,2,2
202100035841,137Â 638,A01,1,1,1,1,1,-1,-1,0,0,-1,2021,20.0,1,2,0,0,0,1,1,,3,136,-1,,2,2,0,1,26,500,2,, -1,1,0,3,80,7,6,1,17,17044,1,1,0,7,D136,45.649538,-0.591513,10,4,1
202100011705,180Â 812,B01,1,1,1,5,2,6,-1,0,0,-1,2021,46.0,2,1,0,2,1,1,5,,3,3,-1,,2,2,0,2,19,805,4,, -1,1,0,1,50,23,10,1,6,6038,1,1,0,3,Route de Gourdon,43.683511,6.973223,9,2,2
202100007634,188Â 100,A01,10,3,1,5,0,-1,-1,2,3,1,2021,81.0,2,2,0,1,3,1,1,,4,CASTELNAU (RUE),0,,2,2,0,1,0,0,1,, -1,2,0,1,50,16,11,5,21,21231,2,1,0,6,CASTELNAU (RUE),47.33382,5.06802,18,2,1
202100027357,152Â 820,B01,1,1,1,5,8,0,-1,-1, -1,-1,2021,21.0,1,1,0,2,5,26,5,,3,MAISONS ROUGES CHEMIN,0,,2,2,0,1,1,0,1,, -1,1,0,1,50,23,7,1,49,49246,2,6,0,2,MAISONS ROUGES CHEMIN,47.43705,-0.51433,10,2,2
202100010232,183Â 421,B01,1,1,2,0,1,-1,-1,0,0,-1,2021,27.0,0,2,1,0,2,0,1,,3,5,0,,2,3,0,1,22,800,2,, -1,2,0,1,50,31,10,5,42,42147,2,1,0,1,Boulevard LachÃ¨ze,45.604962,4.06594,6,2,2
202100013882,176Â 885,B01,4,2,2,0,1,0,-1,-1, -1,-1,2021,49.0,1,2,0,2,6,1,1,,3,ROCADE OUEST (RD 610),0,,1,2,0,1,0,0,1,, -1,1,0,1,110,10,10,1,10,10081,2,1,0,2,ROCADE OUEST (RD 610),48.30763,4.02211,17,7,2
202100018950,167Â 771,B01,1,1,1,5,8,0,-1,-1, -1,-1,2021,70.0,1,0,0,0,0,26,3,,4,VISITATION PLACE,0,,1,2,0,1,1,0,2,, -1,1,0,1,30,14,9,1,49,49007,2,1,0,7,VISITATION PLACE,47.46644,-0.55718,15,2,2
202100045413,120Â 555,B01,1,1,2,1,1,0,-1,-1, -1,-1,2021,37.0,1,2,0,0,6,0,1,,3,ROCADE OUEST (RD 610),0,,1,4,0,1,19,200,3,, -1,1,0,1,110,2,4,1,10,10081,1,1,0,2,ROCADE OUEST (RD 610),48.32173,4.02566,8,2,2
202100044637,121Â 935,A01,1,1,1,5,2,6,-1,0,0,-1,2021,51.0,3,1,0,2,2,17,1,,3,118,-1,,2,2,0,2,(1),(1),1,, -1,1,0,1,80,31,3,1,67,67473,1,3,0,3,CD 118,48.580078,7.470317,12,2,2
202100033263,142Â 314,A01,1,1,1,5,1,-1,-1,0,0,-1,2021,57.0,1,2,13,0,1,1,1,,3,,0,,2,1,0,3,(1),(1),1,,3,1,0,3,50,20,6,1,21,21004,2,1,0,6,1 rue du Mont Aigu,47.662988,4.73456,20,1,1
202100008594,186Â 370,A01,10,3,1,5,0,-1,-1,1,3,1,2021,86.0,1,1,0,1,1,1,1,,4,BOULEVARD DE LA VILLETTE,0,,1,2,1,1,(1),(1),1,, -1,1,0,1,30,10,11,1,75,75119,2,1,0,6,BOULEVARD DE LA VILLETTE,48.88442,2.365775,10,2,1
202100055502,102Â 637,A01,1,1,2,9,2,6,-1,-1, -1,-1,2021,45.0,3,1,0,2,1,26,1,,4,SARTRE   AVENUE JEAN-PAUL,0,,2,4,0,1,(1),(1),1,, -1,1,0,1,50,11,1,5,17,17300,2,2,0,2,SARTRE   AVENUE JEAN-PAUL,46.1549,-1.13586,18,2,2
202100047724,116Â 441,B01,1,1,1,3,2,0,-1,-1, -1,-1,2021,65.0,1,1,0,2,1,1,5,,4,ZOLA (RUE EMILE),0,,1,1,0,1,0,0,2,, -1,1,9,1,50,5,3,1,74,74012,2,9,0,3,ZOLA (RUE EMILE),46.195827,6.231408,11,2,2
202100047319,117Â 184,B01,1,1,1,0,1,0,-1,-1, -1,-1,2021,39.0,1,2,0,2,4,0,1,,1,AUTOROUTE A3,0,,3,10,0,1,7,400,1,, -1,1,0,1,90,20,3,4,93,93010,1,1,0,2,AUTOROUTE A3,48.90053,2.46961,0,2,2
202100037165,135Â 254,B01,2,2,2,4,1,8,-1,-1, -1,-1,2021,31.0,2,2,0,2,4,1,1,,4,kaweni-Magimbini ( rue ),0,,2,0,0,2,0,0,2,, -1,1,0,1,50,31,5,1,976,97611,2,1,0,2,kaweni-Magimbini ( rue ),-12.7769,45.22592,13,3,2
202100001078,199Â 835,A01,2,2,2,0,1,0,-1,-1, -1,-1,2021,55.0,2,2,0,2,2,2,1,,4,ROSTAND (PROMENADE JEAN),0,,2,4,0,1,0,0,1,, -1,2,0,1,50,29,12,2,93,93008,2,9,1,3,ROSTAND (PROMENADE JEAN),48.908882,2.454435,17,3,2
202100023149,160Â 239,B01,1,1,1,9,2,0,-1,-1, -1,-1,2021,27.0,1,1,0,2,4,15,1,,3,992,0,,1,2,0,1,0,0,1,, -1,1,0,1,50,20,8,5,92,92025,2,2,0,2,CHARLES DE GAULLE (BD),48.914526,2.228834,23,2,2
202100050793,110Â 891,B01,2,2,2,5,2,6,-1,0,0,-1,2021,27.0,1,1,0,2,1,1,1,,3,114,-1,,2,2,0,1,12,800,4,, -1,1,0,1,50,20,2,1,28,28337,2,1,0,3,Rue de Beauce,48.412194,1.385071,13,3,2
202100046849,118Â 036,A01,10,3,2,5,0,-1,-1,3,3,1,2021,72.0,1,2,0,1,1,1,2,,4,,-1,,2,2,0,1,(1),(1),1,, -1,1,0,1,50,24,3,1,33,33243,2,6,0,6,Boulevard de Garderose,44.9030508084,-0.2222075062,11,2,1
202100018981,167Â 704,B01,1,1,1,9,1,0,-1,0,0,-1,2021,34.0,1,2,0,2,7,1,1,,4,BOULEVARD PERIPHERIQUE,0,,1,4,0,1,(1),(1),1,, -1,1,1,1,70,13,9,5,75,75117,2,4,0,4,BD PERIPHERIQUE INTERIEUR,48.8884000008,2.2930258512,23,5,3
202100019286,167Â 162,A01,1,1,1,5,1,-1,-1,0,0,-1,2021,18.0,1,2,13,0,1,1,1,,3,115,-1,,2,2,0,2,(1),(1),4,, -1,1,0,3,80,13,9,1,54,54196,1,1,0,7,D115,48.5839605319,6.1959028246,17,2,1
202100049105,113Â 982,B01,1,1,1,5,8,0,-1,-1, -1,-1,2021,57.0,2,1,0,2,1,1,5,,4,BEDIAU (RUE DU),0,,2,1,0,1,(1),(1),1,, -1,2,0,1,30,5,3,1,31,31344,2,3,1,3,BEDIAU (RUE DU),43.09748,0.74807,18,2,2
202100046711,118Â 280,A01,1,1,1,4,1,0,-1,-1, -1,-1,2021,29.0,2,5,0,2,4,1,1,,1,A507 sens Aubagne- Marseille,0,,1,3,0,1,2,723,1,, -1,1,1,1,70,24,3,1,13,13055,1,1,0,2,A507 sens Aubagne- Marseille,43.3299,5.4031,7,2,2
202100003054,196Â 306,A01,1,1,2,1,1,0,-1,-1, -1,-1,2021,27.0,1,2,0,2,4,0,2,,1,A86 INT,0,,3,6,0,1,40,99,1,, -1,1,0,1,90,14,12,5,94,94028,1,1,0,2,A86 INT,48.78048,2.44091,17,2,2
202100025337,156Â 364,A01,1,1,1,5,1,8,-1,0,0,-1,2021,82.0,0,2,9,0,1,14,1,,4,BOULEVARD DE MENILMONTANT,0,,1,1,0,1,(1),(1),1,, -1,1,8,1,50,6,8,1,75,75111,2,5,0,6,BOULEVARD DE MENILMONTANT,48.862875,2.387272,10,1,1
202100016579,171Â 997,B01,1,1,1,4,2,6,9,0,0,-1,2021,32.0,3,1,0,2,1,17,1,,3,10,-1,,2,2,0,1,(1),(1),1,,4,1,0,1,50,24,9,1,38,38547,2,4,0,3,Avenue Robert Huant,45.26122,5.903767,10,2,2
202100044392,122Â 328,A01,1,1,2,5,8,-1,-1,0,0,-1,2021,37.0,1,2,12,0,1,2,1,,3,999,-1,D,2,2,0,1,6,210,3,, -1,1,5,8,80,10,4,1,82,82167,1,6,0,6,D999,43.9443733124,1.4634279907,17,1,1
202100028952,149Â 974,A01,1,1,2,0,1,4,-1,-1, -1,-1,2021,51.0,1,2,0,2,1,1,2,,1,AUTOROUTE A3,0,,3,7,0,1,3,299,1,, -1,1,1,1,70,15,7,1,93,93053,1,1,0,2,AUTOROUTE A3,48.88076,2.45227,13,2,2
202100002985,196Â 441,B01,1,1,1,4,2,6,-1,-1, -1,-1,2021,22.0,1,1,0,2,8,1,3,,3,80,0,,2,2,0,1,0,0,1,, -1,1,0,1,50,14,12,5,92,92023,2,1,0,3,PORTE DE TRIVAUX (RUE DE) NÂ°57 A 197 ET,48.7863725453,2.2438073158,21,2,2
202100028501,150Â 768,B01,3,2,2,5,3,0,-1,0,0,-1,2021,8.0,3,2,0,2,1,1,1,,4,PLACE DE LA CONCORDE,0,,1,4,0,1,(1),(1),1,, -1,1,0,1,50,17,7,1,75,75108,2,7,0,3,PLACE DE LA CONCORDE,48.865857,2.319933,15,5,2
202100049878,112Â 580,A01,1,1,1,5,2,8,-1,0,0,-1,2021,18.0,2,1,0,2,1,2,5,,3,MARNE (AV. DE LA),0,,2,4,1,1,47,280,1,, -1,1,0,1,50,27,2,1,47,47201,2,1,0,2,MARNE (AV. DE LA),44.19397,0.5992,17,2,2
202100009098,185Â 445,B01,1,1,2,5,8,0,-1,-1, -1,-1,2021,53.0,3,1,0,2,8,1,5,,4,CARRIEU (RUE MARIUS),0,,2,2,0,2,(1),(1),2,, -1,1,0,1,50,6,11,1,34,34172,2,2,0,3,CARRIEU (RUE MARIUS),43.61632,3.84114,11,2,2
202100028268,151Â 166,A01,5,2,2,9,2,0,-1,-1, -1,-1,2021,34.0,1,1,0,2,4,26,1,,2,mamoudzou centre-RP Passot quai colas (R,0,,2,2,0,1,0,0,1,, -1,1,0,1,50,18,7,2,976,97611,2,1,0,6,mamoudzou centre-RP Passot quai colas (R,-12.777,45.23183,16,2,1
202100008149,187Â 152,A01,10,3,2,5,0,-1,-1,4,3,1,2021,67.0,1,0,0,1,1,1,3,,4,RUE DE RIVOLI,0,,2,2,1,1,(1),(1),1,, -1,1,0,1,30,14,11,1,75,75104,2,3,0,6,RUE DE RIVOLI,48.857282,2.352386,14,2,1
202100019776,166Â 298,A01,1,1,2,0,1,-1,-1,0,0,-1,2021,66.0,1,2,16,0,1,1,1,,3,,0,,2,2,0,1,(1),(1),2,,4,1,0,1,50,10,9,3,14,14281,2,3,0,6,Formigny La Bataille,49.336895,-0.920951,22,1,1
202100037832,134Â 032,A01,1,1,1,5,2,6,-1,0,0,-1,2021,39.0,1,1,0,0,0,21,1,,4,BOULEVARD DE COURCELLES,0,,2,2,0,1,(1),(1),1,, -1,1,0,1,50,28,5,1,75,75117,2,7,0,7,BOULEVARD DE COURCELLES,48.880279,2.308309,16,1,1
202100022147,162Â 049,A01,2,2,2,5,2,-1,-1,0,0,-1,2021,17.0,3,1,0,0,8,1,1,,3,218,0,D,2,2,0,1,0,0,1,, -1,2,0,1,50,28,8,1,67,67342,2,2,1,7,6 Rue de Molsheim,48.549395,7.331417,18,2,1
202100044768,121Â 689,A01,1,1,1,5,2,6,-1,0,0,-1,2021,62.0,2,1,13,9,2,1,1,,3,40,-1,,-1,2,0,1,5,500,1,, -1,1,0,3,80,8,4,1,54,54150,1,1,0,7,D 40,48.7725745562,6.1451554293,18,1,1
202100019082,167Â 533,A01,1,1,2,2,1,-1,-1,0,0,-1,2021,48.0,2,2,0,2,3,10,1,,3,982,-1,,2,1,0,1,22,100,1,,4,2,0,1,80,10,9,2,71,71024,1,3,1,3,le Martray,46.29561,4.040276,6,2,2
202100049612,113Â 062,B01,1,1,1,0,2,-1,-1,0,0,-1,2021,54.0,0,1,0,2,1,2,1,,4,EUROPE (AVENUE DE L'),0,,2,4,0,1,(1),(1),1,, -1,1,0,1,50,26,2,1,80,80021,2,1,0,3,EUROPE (AVENUE DE L'),49.91366,2.3025,10,2,2
202100018872,167Â 915,A01,1,1,2,5,2,-1,-1,0,0,-1,2021,16.0,2,1,1,0,2,2,1,,7,,0,M,2,2,0,1,2,119,1,, -1,2,0,1,50,15,9,1,6,6157,2,1,1,6,Route de Cagnes,43.707233,7.131634,11,1,1
202100020061,165Â 766,B01,1,1,1,0,2,6,-1,-1, -1,-1,2021,18.0,2,1,1,2,1,1,1,,7,TOULON RD 46 ( ROUTE DE ),0,,2,2,0,1,12,40,1,, -1,1,0,1,70,7,9,1,83,83069,2,1,0,3,TOULON RD 46 ( ROUTE DE ),43.1262542862,6.0979968309,15,2,2
202100044556,122Â 073,A01,10,3,1,5,8,8,-1,1,4,2,2021,2.0,1,5,0,1,1,0,1,,4,,0,,2,2,0,1,(1),(1),1,, -1,1,0,1,50,9,4,1,71,71153,2,1,0,6,61 Rue Edith Cavell,46.79744,4.42345,15,2,1
202100035953,137Â 418,B01,1,1,1,9,2,0,-1,-1, -1,-1,2021,27.0,1,1,0,2,9,1,1,,2,PARIS (R DE),0,,2,4,0,1,1,0,1,, -1,1,0,1,50,7,6,1,94,94078,2,9,0,1,Rue de Paris,48.7355,2.4467,6,2,2
202100040039,130Â 030,B01,1,1,2,9,1,0,-1,-1, -1,-1,2021,38.0,3,2,0,2,3,23,2,,4,SAVARI (BOULEVARD),0,,2,4,0,1,(1),(1),1,, -1,2,0,1,50,12,5,1,86,86194,2,3,1,3,Boulevard Savary,46.57683,0.37809,17,3,2
202100034870,139Â 383,A01,1,1,1,5,2,6,9,0,0,-1,2021,23.0,3,1,2,0,1,14,1,,4,,-1,,2,2,0,2,(1),(1),2,,4,9,0,3,50,12,6,1,88,88436,1,1,0,6,2 La Vouille,48.379938,7.083027,10,1,1
202100026543,154Â 250,A01,1,1,2,1,1,-1,-1,0,0,-1,2021,52.0,2,2,13,0,1,13,1,,3,840,-1,,2,2,0,1,82,600,1,, -1,1,0,3,80,29,7,1,46,46086,1,1,0,6,RD 840,44.977962,1.541112,20,1,1
202100038965,131Â 989,B01,1,1,1,4,1,8,-1,0,0,-1,2021,42.0,1,2,0,2,4,2,1,,4,QUAI PANHARD ET LEVASSOR,0,,2,4,0,1,(1),(1),1,, -1,1,0,1,50,21,5,1,75,75113,2,1,0,2,QUAI PANHARD ET LEVASSOR,48.831882,2.380189,10,2,2
202100007887,187Â 641,B01,1,1,1,0,8,-1,-1,0,0,-1,2021,55.0,1,1,0,2,0,1,1,,2,1,-1,A,2,2,0,1,64,500,1,,7,1,0,1,80,30,10,3,974,97404,1,1,0,3,N1a,-21.258268,55.331936,20,2,2
202100051812,109Â 088,A01,10,3,1,0,8,8,-1,4,3,1,2021,22.0,1,0,0,1,6,19,0,,4,CANEBIERE    81 A FIN,0,,1,1,0,1,0,0,1,, -1,1,0,1,50,10,2,1,13,13201,2,3,0,6,CANEBIERE    81 A FIN,43.29813,5.38303,11,2,1