Num_Acc,id_vehicule,num_veh,place,catu,sexe,trajet,secu1,secu2,secu3,locp,actp,etatp,year_acc,victim_age,senc,catv,obs,obsm,choc,manv,motor,occutc,catr,voie,v1,v2,circ,nbv,vosp,prof,pr,pr1,plan,lartpc,larrout,surf,infra,situ,vma,jour,mois,lum,dep,com,agg_,int,atm,col,adr,lat,long,hour,nb_victim,nb_vehicules
202100028887,150Â 087,A01,2,2,1,9,0,-1,-1,0,0,-1,2021,18.0,1,2,15,0,8,0,1,,3,97,0,D,2,2,0,1,3,100,3,, -1,1,0,3,80,23,5,3,60,60514,1,1,0,6,D97,49.607248,1.995499,3,3,1
202100031503,145Â 447,A01,1,1,1,5,1,-1,-1,0,0,-1,2021,26.0,2,2,6,0,2,14,1,,3,rd64,0,A,2,2,0,2,17,850,1,, -1,1,0,1,50,2,7,5,95,95446,2,6,0,6,Route de Parmain,49.123714,2.182181,1,1,1
202100014405,175Â 951,B01,1,1,2,5,1,0,-1,0,0,-1,2021,28.0,2,2,0,2,3,1,1,,4,AVENUE DES TERNES,0,,2,4,0,1,(1),(1),1,, -1,1,0,1,30,7,10,1,75,75117,2,2,0,4,AVENUE DES TERNES,48.878643,2.294226,17,9,8
202100005816,191Â 398,A01,1,1,1,0,1,-1,-1,0,0,-1,2021,40.0,2,2,0,2,1,1,1,,3,148,0,D,2,2,0,1,2,845,1,, -1,2,0,1,-1,27,11,1,16,16342,1,2,0,3,Chez Rondeau,45.544009,-0.273156,12,2,2
202100030028,148Â 116,B01,1,1,1,4,2,6,-1,0,0,-1,2021,31.0,1,1,0,2,3,1,1,,4,BOULEVARD MALESHERBES,0,,2,6,2,2,(1),(1),1,, -1,1,0,1,50,7,7,1,75,75108,2,7,0,3,BOULEVARD MALESHERBES,48.875551,2.319006,13,2,2
202100005614,191Â 764,B01,1,1,1,1,1,0,-1,-1, -1,-1,2021,39.0,2,2,4,2,4,2,1,,1,A7-Sens Marseille vers Lyon,0,,1,3,0,1,277,0,1,, -1,1,0,1,90,30,11,3,13,13215,1,1,0,4,A7-Sens Marseille vers Lyon,43.35513,5.36386,7,3,3
202100054905,103Â 667,A01,10,3,2,0,0,-1,-1,3,3,1,2021,17.0,3,2,0,1,1,1,1,,4,ROURE REMY(BOULEVARD),0,,2,2,0,1,(1),(1),1,, -1,2,0,1,50,15,1,1,26,26281,2,1,1,6,41 Boulevard Remy Roure,45.05015,5.04117,18,2,1
202100028419,150Â 916,C01,1,1,1,5,2,-1,-1,0,0,-1,2021,47.0,2,1,0,2,1,1,5,,3,918,-1,,2,2,0,2,24,0,1,, -1,1,0,1,70,15,7,1,65,65173,1,1,0,5,RD 918,42.876483,0.008578,12,3,3
202100003136,196Â 163,A01,10,3,1,5,0,-1,-1,3,3,1,2021,72.0,2,2,0,1,1,1,1,,3,CHARLES DE GAULLE (AVENUE),0,,3,4,0,1,0,0,1,, -1,1,0,1,50,12,12,5,23,23096,2,1,0,6,CHARLES DE GAULLE (AVENUE),46.17703,1.87182,17,2,1
202100032997,142Â 764,A01,1,1,1,1,1,-1,-1,-1,0,-1,2021,39.0,2,2,0,2,4,2,1,,1,AUTOROUTE A1,0,,3,7,0,1,20,399,1,, -1,1,1,1,90,22,6,1,95,95527,1,1,0,4,AUTOROUTE A1,49.02092,2.53377,18,3,3
202100038029,133Â 686,A01,10,3,1,0,8,8,-1,2,3,1,2021,18.0,3,2,14,1,2,1,1,,4,LYON (RUE DE),0,,2,2,0,1,(1),(1),1,, -1,1,0,1,50,27,5,1,13,13215,2,1,0,6,LYON (RUE DE),43.33027,5.36506,9,2,1
202100049565,113Â 160,A01,1,1,1,5,2,6,-1,0,0,-1,2021,70.0,3,1,16,0,0,1,0,,3,D75,0,,2,2,0,2,7,100,2,, -1,1,0,8,80,2,3,1,67,67018,1,1,0,7,D75,48.581583,7.423239,14,1,1
202100048513,115Â 045,Z01,10,3,2,5,8,8,-1,6,7,2,2021,66.0,3,3,0,1,2,1,1,1.0,9,PL DE LA GARE,0,,1,0,3,1,0,0,1,, -1,1,9,6,10,10,3,1,91,91114,2,1,0,6,PL DE LA GARE,48.69926,2.50594,13,2,1
202100029662,148Â 771,A01,9,2,2,5,1,-1,-1,0,0,-1,2021,18.0,2,2,0,2,3,9,1,,3,975,-1,,2,2,0,3,2,250,2,, -1,1,0,1,50,11,7,3,71,71248,2,4,0,1,D975,46.555588,4.933864,0,8,2
202100049244,113Â 733,A01,1,1,1,1,2,8,-1,-1, -1,-1,2021,24.0,1,1,0,2,1,17,1,,7,KUHLMANN AVENUE,0,,2,2,0,2,(1),(1),2,, -1,1,2,1,50,3,3,1,59,59360,2,1,0,1,KUHLMANN AVENUE,50.6204193937,3.0164651365,17,2,2
202100023950,158Â 823,A01,1,1,2,5,2,-1,-1,0,0,-1,2021,37.0,1,1,6,2,1,0,5,,3,8,0,,2,2,0,2,28,610,1,, -1,1,0,1,30,17,8,1,1,1036,2,1,0,1,CHAMPDOSSIN - BELMONT LUTHEZIEU,45.875706,5.664804,18,2,2
202100054568,104Â 234,B01,1,1,2,5,1,-1,-1,-1, -1,-1,2021,76.0,2,2,0,2,4,1,1,,4,FELIX FAURE,0,,2,7,1,2,(1),(1),1,, -1,1,0,1,50,15,1,1,76,76351,1,5,0,4,Rue FÃ©lix Faure,49.5016960879,0.1160162687,13,3,3
202100017251,170Â 817,A01,1,1,1,1,2,6,-1,0,0,-1,2021,48.0,0,1,0,6,1,1,1,,3,152,0,,2,2,0,1,20,950,1,, -1,1,0,1,80,23,9,3,60,60643,1,1,0,6,D152,49.56589,2.582495,21,1,1
202100048270,115Â 469,A01,1,1,2,0,1,-1,-1,-1, -1,-1,2021,23.0,2,2,0,2,8,1,1,,4,CLEMENCEAU (BD GEORGES),0,,2,2,0,1,(1),(1),1,, -1,2,5,1,30,12,3,1,35,35238,2,2,1,3,Rue de Nantes,48.094713,-1.690173,14,2,2
202100043515,123Â 881,A01,1,1,1,9,1,-1,-1,0,0,-1,2021,27.0,2,2,0,2,8,5,1,,1,35,0,A,3,2,0,1,236,500,1,, -1,1,3,1,130,26,3,3,67,67194,1,4,0,3,PK 236.5 A35,48.717523,7.875808,21,2,2
202100038618,132Â 609,B01,1,1,1,5,8,0,-1,-1, -1,-1,2021,34.0,2,1,0,2,1,1,5,,7,1ERE DFL (AVENUE),0,,2,2,1,1,41,600,1,, -1,1,0,1,50,22,5,1,83,83034,2,6,0,3,CHEMIN DU CANNEBAS,43.0955226226,6.0692384968,16,3,2
202100025494,156Â 095,A01,1,1,1,1,1,0,-1,-1, -1,-1,2021,37.0,1,2,0,2,3,17,1,,3,CARRIERES (QU DES),0,,2,3,0,1,0,0,1,, -1,1,0,1,50,4,8,1,94,94018,2,1,0,3,CARRIERES (QU DES),48.81989,2.40521,9,2,2
202100052461,107Â 942,B01,1,1,1,5,2,5,-1,0,0,-1,2021,28.0,3,1,0,2,3,1,1,,4,PLACE DE L OPERA,0,,4,11,0,1,(1),(1),1,, -1,1,0,1,50,5,2,1,75,75109,2,2,0,3,PLACE DE L OPERA,48.870695,2.332524,17,2,2
202100012549,179Â 284,A01,1,1,1,4,1,-1,-1,0,0,-1,2021,41.0,1,4,0,0,7,26,1,,3,981,0,D,2,2,0,2,19,0,3,, -1,2,9,1,50,19,10,1,60,60029,2,6,0,7,Route de Gisors,49.368517,1.986305,10,1,1
202100012830,178Â 789,A01,10,3,2,5,8,8,-1,2,3,1,2021,19.0,1,2,0,1,3,2,1,,4,GAMBETTA LEON RUE,0,,2,2,0,1,(1),(1),1,, -1,1,0,1,30,16,10,5,59,59350,2,1,0,6,GAMBETTA LEON RUE,50.6312754544,3.0591022968,3,2,1
202100054416,104Â 488,B01,1,1,1,3,1,0,-1,-1, -1,-1,2021,91.0,1,2,0,2,4,2,1,,3,92,0,,2,4,0,1,0,0,1,, -1,1,0,1,50,18,1,1,91,91228,2,3,0,2,BD CHAMPS ELYSEES,48.633158,2.425203,15,2,2
202100041603,127Â 240,A01,1,1,1,5,2,6,-1,0,0,-1,2021,22.0,2,1,0,0,7,1,1,,3,6,0,,2,2,0,4,31,570,2,, -1,1,0,3,80,4,5,1,4,4166,1,1,0,7,RD 6,43.829852,6.043779,18,1,1
202100048318,115Â 387,A01,1,1,1,1,2,6,-1,0,0,-1,2021,40.0,1,1,13,0,1,1,1,,3,20,0,,2,2,0,1,19,900,3,, -1,1,0,3,80,9,3,3,31,31364,1,1,0,6,Avenue du Roustillou,43.723967,1.494473,21,1,1
202100031401,145Â 627,A01,1,1,1,1,1,-1,-1,-1, -1,-1,2021,35.0,2,2,0,2,1,13,1,,2,ROUTE NATIONALE 230,0,,3,6,0,1,36,160,2,, -1,1,0,1,90,2,7,1,33,33167,1,1,0,2,Rocade Rive Droite N230,44.819491,-0.5200031,16,3,2
202100009679,184Â 408,A01,2,2,1,5,1,-1,-1,0,0,-1,2021,21.0,1,2,13,0,9,26,1,,3,1083,-1,,3,4,0,1,51,500,3,, -1,2,0,3,110,3,11,3,67,67115,1,1,0,7,D1083 PK 051.500 EBERSHEIM,48.321675,7.503147,20,2,1
202100016745,171Â 691,B01,1,1,1,5,2,-1,-1,0,0,-1,2021,18.0,0,1,0,2,1,19,1,,2,7,-1,,1,2,1,1,25,700,1,, -1,1,5,1,50,24,8,1,38,38298,2,2,0,3,Avenue Jacques PrÃ©vert,45.371259,4.801165,19,2,2
202100013008,178Â 495,A01,1,1,2,1,1,0,-1,-1, -1,-1,2021,41.0,2,2,0,2,3,2,1,,1,A47,0,,-1,6,0,1,14,500,1,, -1,1,0,1,90,12,10,1,42,42186,1,1,0,2,A47,45.5385212267,4.639219619,8,2,2
202100033386,142Â 088,B01,1,1,2,5,8,-1,-1,-1, -1,-1,2021,12.0,0,1,0,2,8,0,3,,4,RAVEL. BOULEVARD MAURICE,0,,2,2,0,2,(1),(1),1,, -1,2,4,1,50,19,6,1,76,76322,2,1,0,1,RAVEL. BOULEVARD MAURICE,49.4059202286,1.0441843048,17,2,2
202100013241,178Â 073,B01,1,1,1,9,2,8,-1,-1, -1,-1,2021,19.0,2,1,0,2,1,1,1,,4,PRESIDENT PIERRE ANGOT DU,0,,2,2,0,1,0,0,1,, -1,1,0,1,50,14,10,2,64,64445,2,3,0,3,PRESIDENT PIERRE ANGOT DU,43.3197842405,-0.3672909737,7,2,2
202100021479,163Â 247,B01,1,1,2,1,2,0,-1,0,0,-1,2021,53.0,1,0,0,2,8,1,3,,4,QUAI LOUIS BLERIOT,0,,2,3,1,2,(1),(1),1,, -1,1,0,5,30,1,9,1,75,75116,2,4,0,1,QUAI LOUIS BLERIOT,48.849903,2.277153,8,2,2
202100031014,146Â 297,A01,1,1,1,5,2,8,-1,-1, -1,-1,2021,19.0,0,1,0,2,2,1,1,,4,REPUBLIQUE (RUE DE LA),0,,2,2,1,1,(1),(1),1,, -1,2,0,1,50,30,6,1,68,68256,2,1,1,1,REPUBLIQUE (RUE DE LA),47.76749,7.31092,14,2,2
202100050164,112Â 050,B01,1,1,1,0,2,0,-1,-1, -1,-1,2021,37.0,1,1,0,2,1,1,1,,4,BROGNY (AVENUE DE) (SECTEUR 410),0,,2,0,0,1,0,0,1,, -1,1,0,1,50,24,2,1,74,74010,2,1,0,1,BROGNY (AVENUE DE) (SECTEUR 410),45.9218685755,6.1256021261,10,2,2
202100048403,115Â 238,A01,1,1,1,4,2,8,-1,-1, -1,-1,2021,20.0,1,1,0,2,1,13,3,,4,GAMBETTA (RUE LEON),0,,2,2,0,1,(1),(1),1,, -1,2,0,1,30,10,3,5,56,56121,2,1,1,1,GAMBETTA (RUE LEON),47.74542,-3.36759,19,2,2
202100032714,143Â 293,B01,1,1,2,1,1,0,-1,-1, -1,-1,2021,33.0,1,2,0,2,4,2,1,,3,BRY (RTE DE),0,,2,2,0,1,1,0,1,, -1,1,0,1,50,22,6,1,94,94079,2,1,0,2,Route de Bry,48.83164,2.53395,18,2,2
202100039334,131Â 290,A01,1,1,1,5,1,0,-1,-1, -1,-1,2021,69.0,2,2,6,0,1,26,1,,4,,0,,2,2,1,3,0,0,1,, -1,1,9,4,50,18,5,1,92,92064,2,9,0,6,BUZENVAL,48.8501630346,2.2092101723,8,1,1
202100050377,111Â 650,B01,1,1,1,1,1,0,-1,-1, -1,-1,2021,54.0,2,5,0,2,1,1,1,,4,PAUL VAILLANT COUTURIER (RUE),0,,1,1,0,2,1,0,1,, -1,1,0,1,50,24,2,5,93,93049,2,2,0,3,PAUL VAILLANT COUTURIER (RUE),48.8614,2.504,19,2,2
202100014599,175Â 619,A01,1,1,1,2,8,-1,-1,-1, -1,-1,2021,12.0,2,1,0,2,1,19,5,,3,BETHENY (RUE DE),0,,2,2,0,1,1,0,1,, -1,1,0,1,50,6,10,1,51,51454,2,1,0,3,Rue de Betheny,49.2660720222,4.0451669611,11,2,2
202100004136,194Â 350,A01,10,3,2,9,8,8,-1,3,3,1,2021,19.0,3,3,0,1,2,16,1,1.0,3,57,0,,1,1,0,1,0,0,3,, -1,2,0,1,50,8,12,1,92,92048,2,6,1,6,MORANE SAULNIER (AVENUE),48.7865103885,2.2234654427,9,2,1
202100044164,122Â 731,A01,1,1,1,3,2,8,-1,0,0,-1,2021,61.0,1,1,0,2,1,7,1,,4,BOULEVARD MALESHERBES,0,,2,4,3,1,(1),(1),1,, -1,1,-1,6,50,13,4,1,75,75117,2,3,0,3,BOULEVARD MALESHERBES,48.888859,2.304263,15,2,2
202100018711,168Â 193,A01,1,1,1,1,8,0,-1,-1, -1,-1,2021,49.0,2,2,0,2,4,1,1,,1,A4.W,0,,-1,5,0,1,19,100,1,, -1,1,0,1,110,16,9,1,77,77258,1,1,0,2,A4.W,48.83026,2.63344,8,2,2
202100046840,118Â 056,A01,1,1,1,5,2,9,-1,0,0,-1,2021,15.0,1,1,0,2,4,11,1,,3,112,0,,2,2,0,1,26,989,1,, -1,1,5,1,80,24,3,1,17,17203,1,3,0,2,Route dÃ©partementale D112,46.073376,-0.871565,17,2,2
202100055044,103Â 425,B01,8,2,2,5,8,0,-1,-1, -1,-1,2021,49.0,1,3,0,2,7,2,1,2.0,4,ROND POINT DES NATIONS UNIES,0,,1,3,0,1,0,0,1,, -1,1,5,6,50,13,1,5,30,30189,2,6,0,3,ROND POINT DES NATIONS UNIES,43.82032,4.35778,19,3,2
202100038359,133Â 071,A01,1,1,1,4,1,8,-1,-1, -1,-1,2021,45.0,3,2,0,2,3,16,1,,4,KENNEDY (RUE J.F),0,,2,2,0,1,(1),(1),1,, -1,1,0,1,50,25,5,1,45,45208,2,2,0,1,Boulevard John Kennedy,47.995673,2.720335,9,4,2
202100000894,200Â 148,B01,1,1,1,9,2,0,-1,-1, -1,-1,2021,16.0,2,1,0,2,1,1,1,,4,HENRI BARBUSSE (AVE) NÂ°2-124,0,,2,4,0,1,0,0,1,, -1,1,0,1,50,29,12,5,93,93029,2,2,0,3,HENRI BARBUSSE (AVE) NÂ°2-124,48.92189,2.44467,22,2,2
202100040156,129Â 821,B01,1,1,2,0,1,0,-1,-1, -1,-1,2021,39.0,2,2,0,2,8,1,1,,4,BARTHOLDI FRED AUGUSTE (AV) PAIRS,0,,2,2,0,1,0,0,1,, -1,1,0,1,50,12,5,1,72,72181,2,2,0,3,BARTHOLDI FRED AUGUSTE (AV) PAIRS,48.01992,0.15796,10,2,2
202100045496,120Â 415,B01,1,1,1,5,1,-1,-1,0,0,-1,2021,55.0,1,2,2,2,8,1,1,,7,D7,0,N,2,2,0,2,45,800,1,, -1,1,0,1,-1,2,4,5,13,13091,2,2,0,3,Henri Barbusse,43.623083,5.295796,21,3,2
202100052709,107Â 516,A01,10,3,2,2,0,-1,-1,2,3,3,2021,14.0,3,2,0,1,5,1,1,,3,986,0,,2,2,0,1,1,0,1,, -1,1,0,1,50,3,2,1,92,92019,2,1,0,6,DIVISION LECLERC (AVENUE DE LA),48.76849,2.25113,12,2,1
202100014175,176Â 355,A01,1,1,1,1,8,0,-1,-1, -1,-1,2021,30.0,2,1,0,0,0,1,3,,4,VERN (DE),0,,2,3,2,2,0,0,1,, -1,1,0,1,50,9,10,5,35,35238,2,2,0,6,VERN (DE),48.09819,-1.65574,6,1,1
202100010671,182Â 649,A01,1,1,1,0,1,0,-1,-1, -1,-1,2021,46.0,1,5,0,2,1,1,1,,1,AUTOROUTE A3,0,,3,6,0,1,1,200,1,, -1,1,0,1,90,28,10,1,93,93006,1,1,0,2,AUTOROUTE A3,48.867694451,2.4272502164,17,2,2
202100030158,147Â 861,B01,1,1,2,0,2,-1,-1,0,0,-1,2021,17.0,0,1,0,2,1,5,3,,4,AMONT (PORT D'),0,,2,4,0,1,(1),(1),1,, -1,1,0,1,50,5,7,1,80,80021,2,1,0,3,AMONT (PORT D'),49.89494,2.30822,12,2,2
202100035551,138Â 163,A01,1,1,1,9,2,0,-1,0,0,-1,2021,46.0,1,1,14,0,1,14,3,,4,RUE DE RIVOLI,0,,2,4,0,1,(1),(1),1,, -1,1,0,1,30,9,6,1,75,75104,2,1,1,6,RUE DE RIVOLI,48.855268,2.360885,20,1,1
202100035620,138Â 050,A01,1,1,1,0,0,-1,-1,0,0,-1,2021,58.0,3,1,0,0,0,1,5,,4,203,-1,,2,2,0,2,(1),(1),2,, -1,1,0,1,80,8,6,1,24,24009,1,1,0,7,lieu dit fontanelle,45.319995,1.12091,18,1,1
202100042169,126Â 246,A01,10,3,2,0,0,-1,-1,4,9,2,2021,35.0,1,3,8,1,7,16,1,1.0,4,ANTONINS     (Rue des),0,,-1,1,0,1,(1),(1),3,, -1,1,8,6,50,28,4,1,69,69266,2,2,0,6,ANTONINS (DES) (R),45.7824666793,4.8782716681,8,2,1
202100050930,110Â 639,A01,1,1,1,9,2,6,-1,0,0,-1,2021,32.0,3,1,0,2,2,1,1,,4,AVENUE FERDINAND BUISSON,0,,2,1,0,1,(1),(1),1,, -1,1,0,1,50,19,2,1,75,75116,2,2,0,3,AVENUE FERDINAND BUISSON,48.836735,2.253699,17,2,2
202100025946,155Â 304,B01,2,2,2,0,1,0,-1,-1, -1,-1,2021,24.0,0,2,0,2,0,0,1,,1,A507 sens Aubagne- Marseille,0,,1,3,0,2,1,320,1,, -1,1,1,1,70,2,7,1,13,13055,1,1,0,2,A507 sens Aubagne- Marseille,43.33,5.3985,15,3,2
202100009862,184Â 073,A01,10,3,1,3,0,-1,-1,3,3,1,2021,74.0,3,5,0,1,1,1,1,,3,927,-1,,2,2,0,1,(1),(1),1,, -1,2,0,1,50,2,11,5,67,67303,2,1,1,6,24 Route de Haguenau,48.903064,7.746629,18,2,1
202100012948,178Â 592,A01,1,1,2,0,1,-1,-1,0,0,-1,2021,80.0,1,2,0,2,1,13,1,,3,35,-1,,2,2,0,2,2,800,1,, -1,1,0,1,90,16,10,2,3,3018,1,1,0,1,RD35 - PR 002.800,46.25527,3.269989,18,3,2
202100044380,122Â 343,A01,1,1,2,9,1,-1,-1,0,0,-1,2021,71.0,2,2,2,0,3,13,1,,3,999,-1,D,2,2,0,2,22,200,1,, -1,1,0,3,70,12,4,2,81,81317,1,1,0,6,650 Avenue de Millau,43.8949978885,2.343019303,19,1,1
202100052594,107Â 713,A01,2,2,2,9,1,0,-1,-1, -1,-1,2021,43.0,0,2,0,2,2,16,1,,3,GALLIENI (AV.) CONFORAMA 53,0,,1,2,0,1,0,1,1,, -1,1,0,1,50,4,2,1,93,93010,1,1,0,3,GALLIENI (AV.) CONFORAMA 53,48.90575,2.4774,16,3,2
202100023380,159Â 826,B01,1,1,1,0,2,6,-1,0,0,-1,2021,33.0,1,1,0,2,1,1,1,,2,122,-1,,2,2,0,1,14,800,1,, -1,1,0,1,70,21,8,1,46,46015,1,3,0,3,N122,44.670432,2.165771,10,2,2
202100037697,134Â 281,A01,1,1,2,5,2,6,-1,0,0,-1,2021,41.0,1,1,0,0,3,1,0,,3,124,0,,2,2,0,1,9,800,2,, -1,1,0,3,80,30,5,1,34,34045,1,1,0,7,D124,43.558256,3.380032,10,1,1
202100013311,177Â 952,B01,1,1,1,1,2,6,-1,0,0,-1,2021,57.0,1,1,0,2,3,1,1,,4,RUE VILLIOT,0,,2,2,0,1,0,0,1,, -1,1,0,1,30,13,10,5,75,75112,2,3,0,3,RUE VILLIOT,48.840826,2.373921,6,2,2
202100042202,126Â 186,B01,1,1,1,5,2,0,-1,-1, -1,-1,2021,29.0,1,1,0,2,7,1,5,,3,ROBERT GALLEY (RUE),0,,1,2,1,1,(1),(1),1,, -1,1,0,1,50,27,4,1,10,10387,2,6,0,3,ROBERT GALLEY (RUE),48.28998,4.06776,19,2,2
202100013715,177Â 189,A01,10,3,1,0,0,-1,-1,-1, -1,2,2021,5.0,1,2,0,1,3,1,1,,3,AVENUE GASTON ROUSSEL,0,,2,2,0,1,1,0,1,, -1,1,0,1,50,12,10,1,93,93063,2,1,0,6,AVENUE GASTON ROUSSEL,48.8937830496,2.4351154688,17,2,1
202100028973,149Â 941,A01,2,2,1,4,1,0,-1,-1, -1,-1,2021,22.0,1,4,0,2,1,2,1,,2,35 PK RN11 NANTES ROCADE,0,,3,4,0,1,34,290,1,, -1,2,0,1,50,13,7,1,17,17291,1,1,1,2,RN11,46.17457,-1.11213,10,3,2
202100013749,177Â 132,A01,1,1,1,1,1,-1,-1,0,0,-1,2021,40.0,2,2,0,6,1,1,1,,3,31,-1,D,2,2,0,1,2,970,1,, -1,2,0,1,80,13,10,2,39,39149,1,1,1,6,,47.073775,5.754658,7,1,1
202100055734,102Â 241,B01,1,1,2,9,1,8,-1,-1, -1,-1,2021,26.0,1,2,0,2,4,2,1,,1,A50-Sens Marseille vers Aubagne,0,,1,3,0,1,1,200,1,, -1,1,0,1,90,8,1,3,13,13210,1,1,0,4,A50-Sens Marseille vers Aubagne,43.282708,5.396648,18,3,3
202100007526,188Â 297,A01,10,3,1,4,4,9,-1,1,9,2,2021,48.0,1,2,0,1,2,1,1,,7,723,-1,,2,2,0,2,(1),(1),1,, -1,1,0,1,70,18,11,3,44,44204,1,1,0,6,M723,47.292576,-1.423223,21,2,1
202100000164,201Â 452,A01,10,3,2,5,0,-1,-1,3,3,1,2021,68.0,1,2,0,1,1,1,1,,3,DE GAULLE (AV DU GAL) APRES NÂ°26,0,,2,2,2,1,0,0,3,, -1,1,0,1,50,31,12,2,74,74281,2,1,1,6,DE GAULLE (AV DU GAL) APRES NÂ°26,46.36343,6.46225,15,2,1
202100007836,187Â 731,A01,1,1,2,0,1,-1,-1,0,0,-1,2021,26.0,1,2,6,2,2,17,1,,3,RD 840 (AXE BRIVE MEDITERRANEE),0,,2,2,0,2,31,170,1,, -1,1,0,1,70,16,11,5,12,12100,2,1,0,3,RD 840 (AXE BRIVE MEDITERRANEE),44.5283840684,2.3270151615,6,2,2
202100016591,171Â 977,A01,1,1,1,5,2,-1,-1,0,0,-1,2021,35.0,1,1,13,0,2,1,1,,3,,0,,2,2,0,1,5,50,3,,6,1,5,3,70,25,8,3,29,29230,1,1,0,6,Lieu Dit le Moustoir,47.9502638074,-3.52020326,1,1,1
202100009611,184Â 526,B01,1,1,1,1,2,6,-1,0,0,-1,2021,54.0,1,1,0,2,1,1,1,,4,POMPIDOU (AVENUE GEORGES) -RD 6085,0,,2,2,0,2,(1),(1),2,, -1,2,0,1,50,3,11,2,6,6069,2,1,1,3,POMPIDOU (AVENUE GEORGES) -RD 6085,43.647629,6.937358,16,2,2
202100040748,128Â 773,A01,2,2,2,5,1,-1,-1,-1, -1,-1,2021,39.0,2,2,0,2,4,23,1,,4,TREGAIN (DE),0,,2,2,0,1,(1),(1),1,, -1,1,5,1,50,8,5,1,35,35238,2,6,0,2,TREGAIN (DE),48.1245,-1.66184,17,3,2
202100018928,167Â 811,B01,1,1,1,5,2,8,-1,-1, -1,-1,2021,4.0,2,1,0,2,2,1,5,,4,WALLONIE (RUE DE),0,,1,1,0,1,0,0,2,, -1,1,0,1,50,13,9,1,67,67482,2,1,0,1,WALLONIE (RUE DE),48.5825120389,7.7744190395,17,2,2
202100037605,134Â 441,B01,1,1,1,1,2,0,-1,0,0,-1,2021,38.0,2,1,0,2,2,17,1,,4,RUE DE BELLEVILLE,0,,2,1,1,2,(1),(1),1,, -1,1,0,1,30,29,5,1,75,75120,2,3,0,3,RUE DE BELLEVILLE,48.874938,2.388925,8,2,2
202100005003,192Â 844,B01,1,1,2,4,1,-1,-1,-1, -1,-1,2021,33.0,1,2,0,2,6,2,1,,1,AUTOROUTE A 10,0,,3,6,0,2,533,900,1,, -1,2,2,1,130,3,12,5,33,33143,1,1,1,2,AUTOROUTE A 10,44.954607,-0.455138,19,2,2
202100044287,122Â 503,A01,1,1,1,0,2,8,-1,-1, -1,-1,2021,41.0,3,1,0,2,7,17,1,,4,VERDOUBLE (RUE DU),0,,2,2,0,1,(1),(1),1,, -1,1,9,1,50,7,4,1,11,11262,2,2,0,3,VERDOUBLE (RUE DU),43.18261,2.97617,10,2,2
202100050588,111Â 261,B01,1,1,1,0,2,8,-1,-1, -1,-1,2021,19.0,1,1,0,2,1,1,1,,4,AV STALINGRAD,0,,2,2,0,1,8,0,1,, -1,1,0,1,50,21,2,1,13,13004,2,1,0,1,AV STALINGRAD,43.68351,4.63293,10,2,2
202100028318,151Â 077,A01,1,1,1,5,2,0,-1,0,0,-1,2021,43.0,1,1,0,0,0,1,3,,4,RUE DE DANTZIG,0,,2,2,0,1,(1),(1),1,, -1,1,0,1,30,18,7,1,75,75115,2,2,0,7,RUE DE DANTZIG,48.835527,2.300689,17,1,1
202100006106,190Â 890,A01,1,1,1,1,2,0,-1,-1, -1,-1,2021,17.0,1,1,0,2,7,26,1,,4,BELLECHASSE (BD DE),0,,2,2,0,1,0,0,1,, -1,2,0,1,30,26,11,1,94,94068,2,2,1,1,BELLECHASSE (BD DE),48.79379,2.49231,14,2,2
202100046229,119Â 139,A01,1,1,1,1,2,6,-1,0,0,-1,2021,59.0,3,1,0,0,7,17,1,,4,ANDUZE (VIEILLE ROUTE D'),0,,2,2,0,1,0,0,1,, -1,1,0,1,50,27,3,1,30,30243,1,3,0,7,ANDUZE (VIEILLE ROUTE D'),44.0857,4.06058,16,1,1
202100010070,183Â 695,A01,1,1,2,3,1,-1,-1,0,0,-1,2021,41.0,2,2,13,0,7,1,1,,2,10,0,T,2,2,0,1,37,300,2,,7,2,0,3,80,1,11,1,201,201139,1,1,1,6,RT10,41.686398,9.321867,12,1,1
202100054475,104Â 391,A01,1,1,1,5,1,0,-1,-1, -1,-1,2021,50.0,2,2,1,0,1,14,1,,4,LEVERRIER (AV),0,,2,2,0,1,0,0,1,, -1,2,0,1,50,17,1,1,94,94068,2,1,0,6,LEVERRIER (AV),48.795,2.4941,13,1,1
202100038630,132Â 587,B01,2,2,2,0,1,0,-1,-1, -1,-1,2021,63.0,3,2,0,2,1,1,1,,7,COLOMBIER (RUE DU),0,,1,1,0,1,1,50,2,, -1,1,0,1,50,22,5,1,37,37233,2,3,0,6,COLOMBIER (RUE DU),47.381088425,0.7375114122,19,3,2
202100053597,105Â 915,A01,1,1,1,0,1,8,-1,-1, -1,-1,2021,30.0,1,2,7,0,2,9,1,,4,,0,,2,2,0,1,(1),(1),1,, -1,1,0,4,30,25,1,5,45,45068,2,1,0,6,36 Rue Paul PainlevÃ©,48.031417,2.742323,8,1,1
202100053856,105Â 479,A01,1,1,1,5,8,0,-1,0,0,-1,2021,55.0,3,1,0,0,0,16,5,,4,ROUTE DU CHAMP DE MANOEUVRES,0,,2,2,0,1,(1),(1),1,, -1,7,0,1,50,24,1,1,75,75112,2,2,0,7,ROUTE DU CHAMP DE MANOEUVRES,48.835839,2.453167,9,1,1
202100025110,156Â 768,A01,1,1,1,5,2,0,-1,-1, -1,-1,2021,22.0,2,1,0,0,0,26,1,,3,D402,0,,2,2,0,1,53,0,1,, -1,1,0,1,80,7,8,1,77,77013,1,1,0,7,D402,48.834601965,3.0874909387,15,1,1