Num_Acc,id_vehicule,num_veh,place,catu,sexe,trajet,secu1,secu2,secu3,locp,actp,etatp,year_acc,victim_age,senc,catv,obs,obsm,choc,manv,motor,occutc,catr,voie,v1,v2,circ,nbv,vosp,prof,pr,pr1,plan,lartpc,larrout,surf,infra,situ,vma,jour,mois,lum,dep,com,agg_,int,atm,col,adr,lat,long,hour,nb_victim,nb_vehicules
202100051259,110Â 056,A01,10,3,2,3,0,-1,-1,2,3,1,2021,92.0,2,4,0,1,1,1,1,,4,LAFAYETTE                           (CO),0,,1,2,1,1,(1),(1),1,, -1,1,0,1,50,16,2,1,69,69383,2,1,0,6,LAFAYETTE (CR),45.7636897092,4.8668763041,9,2,1
202100052256,108Â 300,A01,1,1,1,5,1,-1,-1,0,0,-1,2021,47.0,1,2,0,2,1,13,1,,3,171,-1,D,2,2,0,1,23,780,2,, -1,2,0,1,70,7,2,1,62,62338,1,1,0,1,120 Rue Louis Bouquet,50.633383,2.828384,15,2,2
202100053308,106Â 443,B01,1,1,1,0,2,6,-1,-1, -1,-1,2021,27.0,1,1,0,2,3,3,1,,1,A86,0,,3,4,0,1,4,0,1,, -1,2,0,1,90,29,1,4,92,92025,1,1,1,3,A86,48.9274172419,2.2374022007,18,2,2
202100042476,125Â 695,A01,10,3,2,5,0,-1,-1,1,3,1,2021,22.0,1,2,0,1,2,1,1,,6,RN 12 (ZONE COMMERCIALE),0,,-1,-1,0,1,48,729,1,, -1,1,0,1,70,25,4,1,28,28134,1,1,0,6,RN 12 (ZONE COMMERCIALE),48.73675,1.36794,12,2,1
202100046039,119Â 465,A01,1,1,1,0,8,-1,-1,0,0,-1,2021,23.0,2,2,8,0,8,19,1,,3,159,-1,,2,2,0,2,0,617,3,, -1,1,0,3,50,28,3,5,72,72264,2,9,0,6,Rue des Jumeaux,47.830984,-0.325583,19,1,1
202100051519,109Â 605,A01,1,1,1,1,8,0,-1,0,0,-1,2021,33.0,1,1,0,2,1,15,5,,4,RUE DE MENILMONTANT,0,,2,2,0,2,(1),(1),1,, -1,1,0,1,50,14,2,5,75,75120,2,3,0,3,RUE DE MENILMONTANT,48.867542,2.385094,21,2,2
202100040506,129Â 201,B01,1,1,1,9,2,0,-1,0,0,-1,2021,26.0,1,1,0,2,2,1,5,,4,RUE DE TANGER,0,,2,3,1,1,(1),(1),1,, -1,1,0,5,30,10,5,1,75,75119,2,1,0,3,RUE DE TANGER,48.887231,2.369989,12,2,2
202100000971,200Â 020,B01,1,1,1,0,2,8,-1,-1, -1,-1,2021,46.0,1,1,1,0,1,1,1,,3,BD LEGITIMUS,0,,3,2,0,1,(1),(1),1,, -1,9,0,1,50,23,12,5,971,97120,2,9,0,6,BD LEGITIMUS,16.242,-61.53514,0,2,1
202100037041,135Â 488,B01,1,1,1,5,2,0,-1,0,0,-1,2021,29.0,2,1,0,2,8,1,5,,4,AVENUE SIMON BOLIVAR,0,,2,2,1,2,(1),(1),1,, -1,1,0,1,50,1,6,1,75,75119,2,3,0,3,AVENUE SIMON BOLIVAR,48.879989,2.374304,14,2,2
202100026427,154Â 460,A01,1,1,1,0,8,-1,-1,-1, -1,-1,2021,22.0,3,1,0,2,8,19,3,,4,SALA                                (R ),0,,1,1,2,1,(1),(1),1,, -1,1,5,1,30,29,7,5,69,69382,2,2,0,3,SALA (R),45.75536,4.83059,23,2,2
202100016508,172Â 120,B01,1,1,2,0,1,0,-1,-1, -1,-1,2021,28.0,2,2,0,2,8,24,1,,4,DONZELOT (ALLEE P.),0,,2,1,0,1,(1),(1),1,, -1,1,0,1,30,27,9,1,25,25580,2,1,0,3,DONZELOT (ALLEE P.),47.47638,6.82532,13,3,2
202100046838,118Â 059,A01,10,3,1,5,0,-1,-1,1,3,1,2021,91.0,3,2,0,1,1,15,1,,4,,-1,,1,1,0,1,(1),(1),1,, -1,1,0,1,30,25,3,1,7,7349,2,3,0,6,Rue Colette,44.812813,4.791525,17,2,1
202100010517,182Â 927,A01,10,3,1,5,0,-1,-1,3,3,2,2021,4.0,3,2,0,1,1,26,1,,4,DUNKERQUE RUE DE,0,,2,2,0,1,(1),(1),1,, -1,1,9,1,50,28,10,1,59,59220,2,3,0,6,DUNKERQUE RUE DE,50.59886,3.07236,17,3,1
202100028687,150Â 444,B01,1,1,1,9,1,0,-1,0,0,-1,2021,55.0,1,2,0,2,1,1,1,,4,BOULEVARD DE LA GUYANE,0,,2,4,0,1,(1),(1),1,, -1,1,8,1,50,16,7,1,75,75112,2,1,0,1,BOULEVARD DE LA GUYANE,48.835628,2.412473,14,4,2
202100019456,166Â 861,A01,10,3,2,5,0,-1,-1,2,A,2,2021,56.0,1,2,0,1,1,1,1,,4,RUE JEAN VEYRAT,0,,2,2,0,1,(1),(1),1,, -1,1,0,1,50,21,5,1,38,38185,2,1,0,6,Rue Jean Veyrat,45.18113,5.71274,17,2,1
202100044034,122Â 967,B01,2,2,1,0,8,0,-1,-1, -1,-1,2021,15.0,1,1,0,2,0,0,1,,4,ROMAIN ROLLAND (BOULEVARD),0,,2,-1,0,1,(1),(1),1,, -1,2,0,1,50,14,4,1,13,13210,2,9,1,4,ROMAIN ROLLAND (BOULEVARD),43.27476,5.415459,18,4,3
202100011835,180Â 566,C01,1,1,1,0,1,0,-1,-1, -1,-1,2021,54.0,1,2,0,2,4,2,1,,4,MAROTS (RUE DES),0,,2,2,0,1,(1),(1),1,, -1,1,0,1,50,21,10,1,10,10387,2,1,1,4,MAROTS (RUE DES),48.30543,4.05179,9,5,3
202100053329,106Â 397,B01,1,1,1,3,2,6,-1,-1, -1,-1,2021,21.0,1,1,0,2,7,1,1,,4,LACOUTURE (RUE PIERRE),0,,2,2,0,1,0,0,3,, -1,2,0,1,50,26,1,5,64,64140,2,3,1,3,LACOUTURE (RUE PIERRE),43.53148,-1.47349,18,2,2
202100018631,168Â 333,A01,1,1,1,5,2,6,-1,-1, -1,-1,2021,18.0,2,1,0,1,3,1,1,,3,REINE (ROUTE DE LA) 39/107 BIS,0,,2,2,0,1,0,0,1,, -1,1,0,1,50,16,9,1,92,92012,2,1,0,6,REINE (ROUTE DE LA) 39/107 BIS,48.839412,2.2434,17,2,1
202100005097,192Â 662,B01,2,2,1,1,1,0,-1,0,0,-1,2021,39.0,2,5,0,2,4,23,1,,4,AVENUE DE LA GRANDE ARMEE,0,,2,8,0,1,(1),(1),1,, -1,2,0,1,50,1,12,1,75,75116,2,7,1,4,AVENUE DE LA GRANDE ARMEE,48.874421,2.293012,10,4,3
202100037586,134Â 476,A01,10,3,2,3,0,-1,-1,3,3,1,2021,66.0,2,2,0,1,1,1,1,,4,LORRAINE (BOULEVARD DE),0,,3,4,0,1,1,0,1,, -1,1,0,1,50,18,5,1,57,57606,2,1,0,6,LORRAINE (BOULEVARD DE),49.10521,6.7066,10,2,1
202100048535,114Â 999,B01,1,1,1,0,8,0,-1,0,0,-1,2021,23.0,1,1,0,2,8,0,5,,7,MERMOZ (AVENUE JEAN),0,,3,4,0,1,(1),(1),1,, -1,1,0,1,50,9,3,1,63,63113,2,1,0,3,MERMOZ (AVENUE JEAN),45.79249,3.14675,11,2,2
202100000546,200Â 729,B01,1,1,1,5,2,6,9,0,0,-1,2021,41.0,2,1,0,2,2,17,1,,3,995,0,,2,2,0,1,3,900,2,, -1,1,0,1,90,31,12,1,12,12270,1,1,0,2,D995 Huguies,44.314161,3.119838,15,2,2
202100019833,166Â 183,B01,1,1,1,0,2,0,-1,-1, -1,-1,2021,49.0,1,1,0,2,7,1,1,,4,FELIX EBOUE (Rue),0,,1,1,0,1,(1),(1),1,, -1,1,0,1,50,9,9,1,973,97302,2,2,0,3,FELIX EBOUE (Rue),4.9383,-52.32817,7,2,2
202100035589,138Â 101,A01,1,1,1,1,2,6,-1,0,0,-1,2021,50.0,1,1,0,9,1,1,1,,1,4,-1,,1,2,3,1,36,300,3,, -1,1,8,1,130,10,6,1,77,77141,1,9,0,7,A4 Pk 36+300,48.863843,2.848372,8,1,1
202100017312,170Â 706,C01,1,1,1,5,1,-1,-1,0,0,-1,2021,24.0,2,2,0,2,1,0,1,,3,1,-1,,2,2,0,2,(1),(1),2,,"5,5",1,0,1,80,24,9,3,8,8237,1,1,0,5,D1,49.841068,4.754999,21,4,4
202100032500,143Â 672,A01,2,2,2,3,1,0,-1,-1, -1,-1,2021,37.0,3,2,0,0,3,19,1,,7,GAFFAREL (RUE),0,,1,1,0,2,1,0,2,, -1,1,0,1,50,24,6,1,13,13215,2,4,1,3,GAFFAREL (RUE),43.34937,5.3596,12,3,2
202100006718,189Â 774,B01,1,1,1,5,8,0,-1,0,0,-1,2021,57.0,1,1,0,2,4,1,5,,4,PONT DE SULLY,0,,2,3,2,1,(1),(1),1,, -1,1,-1,5,30,23,11,1,75,75104,2,2,0,3,PONT DE SULLY,48.850817,2.361436,11,2,2
202100056390,101Â 105,B01,4,2,2,0,1,8,-1,-1, -1,-1,2021,79.0,2,2,0,2,1,2,1,,3,RELIGIEUSES (ROUTE DES),0,,2,2,0,2,0,250,1,, -1,1,0,1,50,1,1,1,972,97209,1,4,0,6,RELIGIEUSES (ROUTE DES),14.61798,-61.05692,16,4,3
202100040265,129Â 632,B01,1,1,1,5,0,-1,-1,0,0,-1,2021,18.0,1,1,0,2,4,0,3,,3,323,0,,2,2,0,1,76,780,1,, -1,1,0,1,90,13,5,3,72,72135,1,1,1,2,La Petite Rochelle,47.804099,0.054228,5,2,2
202100027377,152Â 780,A01,1,1,2,1,1,0,-1,0,0,-1,2021,32.0,1,2,0,2,3,1,1,,3,ZOLA (BOULEVARD EMILE),0,,2,2,0,1,0,513,3,, -1,1,0,1,30,23,7,1,6,6069,2,1,0,1,Boulevard Emile Zola,43.65215,6.918669,8,2,2
202100026197,154Â 868,A01,1,1,1,5,1,-1,-1,0,0,-1,2021,39.0,1,2,2,0,0,0,1,,3,1,0, -,2,2,0,2,(1),(1),2,,7,1,0,3,80,1,8,1,84,84079,1,1,0,7,D1,44.082607,5.365883,10,1,1
202100015690,173Â 624,A01,1,1,1,5,2,6,9,0,0,-1,2021,62.0,3,1,13,0,0,0,1,,3,19,-1,,2,2,0,2,(1),(1),1,, -1,2,0,8,80,2,10,1,87,87174,1,1,1,7,le breuil,45.775037,1.438726,18,1,1
202100044483,122Â 183,B01,1,1,1,5,2,0,-1,0,0,-1,2021,31.0,2,1,0,2,1,1,5,,4,BOULEVARD BRUNE,0,,3,3,1,1,(1),(1),1,, -1,2,-1,5,50,10,4,1,75,75114,2,1,1,3,BOULEVARD BRUNE,48.825325,2.31638,10,2,2
202100039854,130Â 342,B01,1,1,2,5,1,0,-1,-1, -1,-1,2021,43.0,1,2,0,2,4,1,1,,3,PRESIDENT SALVADOR ALLENDE (RUE DU),0,,1,2,0,1,0,0,1,, -1,2,0,1,50,15,5,1,92,92025,2,1,0,2,PRESIDENT SALVADOR ALLENDE (RUE DU),48.9185089765,2.2250640392,16,2,2
202100006824,189Â 579,A01,1,1,1,1,2,6,-1,-1, -1,-1,2021,32.0,2,1,0,2,1,1,1,,2,PARIS (RTE DE),0,,2,2,0,1,1,0,1,, -1,1,0,1,50,22,11,2,94,94070,1,3,0,3,Route de Paris,48.71675,2.57195,17,2,2
202100026389,154Â 525,A01,1,1,1,0,2,6,-1,0,0,-1,2021,60.0,3,1,0,2,9,0,1,,3,34,-1,,2,2,0,2,(1),(1),4,, -1,1,0,1,70,27,7,1,202,202313,1,1,0,3,RD34,42.373336,9.501929,10,2,2
202100033213,142Â 395,A01,1,1,1,9,2,6,-1,0,0,-1,2021,35.0,3,1,0,2,3,1,1,,4,PLACE D ITALIE,0,,2,4,0,1,(1),(1),3,, -1,2,0,1,50,19,6,1,75,75113,2,7,0,3,PLACE D ITALIE,48.831881,2.355859,21,2,2
202100024912,157Â 131,B01,1,1,1,5,8,0,-1,-1, -1,-1,2021,29.0,1,2,0,2,4,26,1,,4,ALBERT EINSTEIN (AVENUE),0,,2,2,0,1,0,0,1,, -1,1,0,1,50,9,8,5,93,93007,2,1,0,2,ALBERT EINSTEIN (AVENUE),48.94409,2.47236,22,3,2
202100027763,152Â 082,B01,1,1,1,1,2,6,-1,0,0,-1,2021,27.0,2,1,0,2,5,1,1,,4,BOULEVARD PERIPHERIQUE EXTERIEUR SUD,0,,1,4,0,1,1,400,1,, -1,1,0,1,70,21,7,1,75,75113,2,1,0,3,BOULEVARD PERIPHERIQUE EXTERIEUR SUD,48.819874,2.374335,19,2,2
202100033655,141Â 609,A01,1,1,1,2,1,0,-1,-1, -1,-1,2021,20.0,1,2,0,2,1,2,1,,3,BOISSY.(AVENUE DE),0,,2,2,0,1,1,0,1,, -1,1,0,1,50,18,6,1,94,94011,2,9,0,1,Avenue de Boissy,48.77103,2.48509,11,2,2
202100012692,179Â 029,B01,4,2,2,0,1,0,-1,-1, -1,-1,2021,56.0,2,2,0,2,4,0,0,,3,7,0,,1,4,0,1,0,0,1,, -1,1,0,1,50,17,10,1,92,92062,2,1,0,2,DE DION BOUTON (QUAI) DU 29 AU 65,48.8836326602,2.2492682934,15,4,2
202100003266,195Â 926,A01,1,1,2,5,2,8,-1,0,0,-1,2021,22.0,1,1,0,2,8,1,1,,4,AVENUE DE LA MOTTE PICQUET,0,,2,1,0,1,(1),(1),1,, -1,2,0,1,30,12,12,5,75,75107,2,2,1,3,AVENUE DE LA MOTTE PICQUET,48.857255,2.30993,20,2,2
202100017236,170Â 837,B01,9,2,2,5,1,-1,-1,0,0,-1,2021,32.0,2,2,0,2,1,1,1,,3,76,-1,,2,2,0,1,7,950,3,, -1,1,0,1,80,23,9,1,70,70197,1,4,0,3,Fermes les Begoulots,47.548697,6.24135,9,4,2
202100038074,133Â 603,A01,1,1,1,1,2,6,-1,0,0,-1,2021,42.0,1,1,0,6,1,1,1,,3,618,0,,2,2,0,1,9,700,1,, -1,1,0,1,80,27,5,2,54,54514,1,1,0,6,D618,49.504076,5.629835,20,1,1
202100027564,152Â 453,B01,1,1,1,9,8,0,-1,0,0,-1,2021,34.0,2,1,0,2,1,17,3,,4,AVENUE JEAN JAURES,0,,2,2,0,1,(1),(1),1,, -1,1,5,1,50,22,7,1,75,75119,2,2,0,3,AVENUE JEAN JAURES,48.886569,2.384658,16,2,2
202100014328,176Â 093,B01,1,1,1,5,2,6,-1,0,0,-1,2021,74.0,2,1,0,2,1,1,1,,3,APPIETO (CHEMIN),0,,2,2,0,1,0,800,1,, -1,1,0,1,50,7,10,1,201,201004,1,3,0,3,CALVI  ROUTE,41.95852,8.78059,17,2,2
202100051628,109Â 408,A01,1,1,1,0,2,6,-1,0,0,-1,2021,37.0,1,1,7,0,0,1,1,,3,17,0,R,2,2,0,1,18,33,1,, -1,1,0,8,50,14,2,1,6,6097,2,1,0,6,D17,43.864953,7.096637,11,1,1
202100049059,114Â 066,B01,1,1,1,2,2,6,-1,0,0,-1,2021,16.0,2,1,0,2,7,17,1,,4,CAMPI LOUIS BD,0,,2,2,0,2,(1),(1),1,, -1,1,0,1,30,5,3,1,201,201004,2,1,0,3,CAMPI LOUIS BD,41.94328,8.75337,10,2,2
202100011021,182Â 024,B01,1,1,1,5,1,0,-1,-1, -1,-1,2021,66.0,2,2,0,2,4,11,1,,1,A50-Sens Aubagne vers Marseille,0,,1,3,0,1,1,500,1,, -1,1,0,1,90,25,10,1,13,13210,1,1,0,3,A50-Sens Aubagne vers Marseille,43.2844437906,5.4054918,14,3,3
202100049594,113Â 095,A01,10,3,2,0,0,-1,-1,2,3,1,2021,67.0,1,5,0,1,7,20,1,,4,FRERES LUMIERE (DES)                (AV),0,,1,2,3,1,(1),(1),1,, -1,1,0,6,50,1,3,1,69,69388,2,1,0,6,FRERES LUMIERE (DES)                (AV),45.74441,4.8689,14,2,1
202100035505,138Â 248,A01,1,1,1,1,1,0,-1,-1, -1,-1,2021,33.0,1,2,0,2,7,19,1,,2,LORIENT (DE),0,,3,4,3,1,2,387,1,, -1,1,0,1,50,9,6,1,35,35238,2,1,0,3,LORIENT (DE),48.10681,-1.72808,11,4,2
202100013330,177Â 920,A01,10,3,2,3,0,-1,-1,4,3,1,2021,73.0,-1,2,0,1,1,15,1,,3,STALINGRAD AV.,0,,1,1,0,1,0,0,1,, -1,1,0,6,50,14,10,1,93,93006,2,1,0,6,STALINGRAD AV.,48.8711,2.4308,14,2,1
202100005110,192Â 640,A01,10,3,2,5,0,-1,-1,4,3,2,2021,38.0,2,1,8,1,1,1,5,,3,AV DE LA REPUBLIQUE,0,,2,2,0,2,1,0,1,, -1,1,6,1,30,2,12,5,94,94046,2,2,0,6,Avenue de la RÃ©publique,48.80581,2.441,18,2,1
202100007764,187Â 882,B01,1,1,1,1,1,0,-1,-1, -1,-1,2021,46.0,1,2,0,2,4,2,1,,4,BEAUBREUIL (AVENUE DE),0,,1,2,0,1,0,0,2,, -1,1,0,1,50,16,11,1,87,87085,2,1,0,2,BEAUBREUIL (AVENUE DE),45.87583,1.30129,12,2,2
202100044955,121Â 377,A01,1,1,1,1,2,6,-1,-1, -1,-1,2021,47.0,1,1,0,0,1,26,1,,3,ABLIS (RUE D'),0,,1,2,0,1,0,0,1,, -1,1,0,1,90,26,3,1,28,28085,1,1,0,7,ABLIS (RUE D'),48.4473829549,1.5002346039,12,1,1
202100048925,114Â 303,A01,10,3,2,3,0,-1,-1,3,3,1,2021,36.0,2,2,0,1,3,1,1,,4,ALBERT THOMAS                       (CO),0,,1,2,3,1,(1),(1),1,, -1,1,0,1,50,6,3,1,69,69388,2,1,0,6,ALBERT THOMAS (CR),45.7452336498,4.8721818231,12,2,1
202100052562,107Â 768,A01,1,1,1,0,2,0,-1,0,0,-1,2021,23.0,2,1,0,2,1,8,1,,4,CARLONE (BD),0,,2,3,3,2,(1),(1),1,, -1,1,0,6,30,4,2,5,6,6088,2,3,0,3,CARLONE (BD),43.694114,7.238451,18,2,2
202100053672,105Â 798,B01,7,2,1,5,1,-1,-1,0,0,-1,2021,40.0,1,2,0,2,2,1,1,,1,A6,-1,,3,6,0,1,414,100,1,, -1,1,0,1,130,27,1,1,69,69019,1,1,0,3,A6,46.094186,4.74575,11,6,2
202100040620,129Â 005,A01,1,1,1,0,1,5,-1,0,0,-1,2021,31.0,1,5,0,2,1,15,1,,4,CESSOLE (BD DE) (A PARTIR DU 101-114),0,,2,2,0,1,(1),(1),1,, -1,1,0,1,50,9,5,1,6,6088,2,3,0,1,CESSOLE (BD DE) (A PARTIR DU 101-114),43.724328,7.249735,14,4,2
202100028307,151Â 096,A01,1,1,1,0,2,6,-1,-1, -1,-1,2021,62.0,2,1,0,2,1,2,1,,4,ALEX. FLEMING (BOULEVARD),0,,1,2,0,1,0,0,1,, -1,1,0,1,50,17,7,1,13,13204,2,1,0,2,ALEX. FLEMING (BOULEVARD),43.3166272454,5.3975235229,9,2,2
202100054149,104Â 959,A01,7,2,2,5,8,-1,-1,0,0,-1,2021,8.0,1,2,0,2,3,1,1,,3,34,-1,,2,2,0,1,37,0,1,, -1,2,0,1,80,22,1,3,58,58092,1,1,0,1,Chaumes d'Aron,47.180182,3.516607,18,5,2
202100026049,155Â 121,B01,2,2,1,5,1,-1,-1,0,0,-1,2021,61.0,3,2,0,2,1,1,1,,3,22,-1,,2,2,0,1,(1),(1),2,, -1,3,0,1,-1,1,8,1,22,22135,1,1,1,1,PONT MEIN,48.530518,-3.358662,11,3,2
202100043465,123Â 966,B01,3,2,2,9,1,0,-1,0,0,-1,2021,30.0,3,2,0,2,4,2,1,,4,BOULEVARD PERIPHERIQUE EXTERIEUR OUEST,0,,1,3,0,1,14,600,1,, -1,1,0,1,70,19,4,1,75,75116,2,1,0,2,BOULEVARD PERIPHERIQUE EXTERIEUR OUEST,48.865767,2.268076,17,3,2
202100044309,122Â 465,A01,1,1,1,1,2,6,-1,-1, -1,-1,2021,49.0,-1,1,0,2,1,1,3,,3,STAINS (ROUTE DE),0,,1,4,0,2,0,0,1,, -1,1,2,1,50,12,4,1,93,93053,2,1,0,5,STAINS (ROUTE DE),48.9046272403,2.4702135266,18,3,3
202100028086,151Â 503,A01,1,1,2,1,1,8,-1,-1, -1,-1,2021,20.0,1,2,0,2,1,2,1,,1,A4,0,,3,4,0,1,1,0,1,, -1,1,0,1,90,20,7,1,94,94018,1,1,0,2,A4,48.8205076244,2.4018322324,18,2,2
202100016794,171Â 596,B01,10,3,1,0,8,-1,-1,2,4,1,2021,44.0,1,2,0,1,2,17,1,,4,EUROPE (DE L')                      (AV),0,,3,4,0,1,(1),(1),1,, -1,1,0,1,50,23,9,1,69,69286,2,9,0,6,EUROPE (DE L')                      (AV),45.81814,4.90362,11,2,1
202100025054,156Â 875,A01,1,1,1,5,2,-1,-1,0,0,-1,2021,65.0,1,1,0,5,2,0,5,,3,500,-1,,2,1,0,2,46,746,3,, -1,1,0,1,80,8,8,1,43,43130,1,2,0,6,2 Chemin de la LevÃ©e de Blachon,45.061001,4.242249,9,1,1
202100016232,172Â 623,B01,1,1,1,9,2,0,-1,-1, -1,-1,2021,19.0,3,1,0,2,1,1,5,,4,VICAIRE (RUE GABRIEL),0,,1,1,1,2,(1),(1),1,, -1,1,9,1,50,28,9,1,1,1053,2,4,0,6,VICAIRE (RUE GABRIEL),46.20793,5.22375,17,2,2
202100034052,140Â 893,A01,1,1,1,1,8,-1,-1,-1, -1,-1,2021,30.0,2,1,0,1,1,1,3,,4,COURLANCY (RUE DE),0,,2,2,0,1,(1),(1),1,, -1,1,0,1,50,16,6,1,51,51454,2,1,0,7,Rue de Courlancy,49.24454,4.0193,10,2,1
202100025294,156Â 446,A01,1,1,1,5,2,0,-1,-1, -1,-1,2021,41.0,3,1,0,0,8,1,1,,4,,0,,2,2,0,3,(1),(1),3,, -1,2,0,1,50,5,8,1,37,37261,2,1,1,7,NIESSEL (AVENUE DU GENERAL),47.366154742,0.7005931456,17,2,1
202100039913,130Â 245,A01,10,3,2,2,0,-1,-1,9,B,-1,2021,18.0,0,2,0,1,1,1,1,,4,COMMANDANT CHARCOT (DU)             (R ),0,,-1,0,0,1,(1),(1),1,, -1,1,0,1,30,12,5,1,69,69202,2,1,0,6,COMMANDANT CHARCOT (DU) (R),45.7500767602,4.7970535206,11,2,1
202100051974,108Â 803,A01,1,1,2,5,0,-1,-1,-1, -1,-1,2021,33.0,1,2,4,2,3,14,1,,1,AUTOROUTE A6,0,,3,6,0,1,14,199,1,, -1,5,0,1,110,10,2,1,91,91161,1,1,1,3,AUTOROUTE A6,48.6948,2.31878,12,2,2
202100039091,131Â 757,B01,1,1,1,0,1,0,-1,-1, -1,-1,2021,34.0,2,2,0,2,6,1,1,,4,LEON BLUM,0,,2,0,1,1,0,0,1,, -1,1,0,1,50,19,5,1,64,64445,2,1,0,3,LEON BLUM,43.31544,-0.33245,18,2,2
202100038993,131Â 939,A01,10,3,1,0,0,-1,-1,2,3,1,2021,93.0,2,2,0,1,1,9,1,,4,CHANZY ( AV.),0,,1,1,0,1,1,0,1,, -1,1,0,1,30,21,5,1,93,93057,2,1,0,1,CHANZY ( AV.),48.910456,2.519658,14,3,1
202100001561,199Â 019,B01,1,1,2,1,1,-1,-1,-1, -1,-1,2021,35.0,2,2,0,2,6,1,1,,7,M6   449.510 A 451.640,0,,3,6,3,2,449,700,1,, -1,1,0,1,70,21,12,3,69,69081,1,1,0,2,M6   449.510 A 451.640,45.79322,4.78125,6,2,2
202100002626,197Â 087,A01,1,1,1,5,2,0,-1,-1, -1,-1,2021,23.0,2,1,0,2,1,1,1,,4,8 MAI 1945 (AVENUE),0,,2,2,0,1,0,9,1,, -1,1,0,1,50,15,12,1,13,13117,2,3,0,1,8 MAI 1945 (AVENUE),43.42516,5.27806,15,2,2
202100014458,175Â 859,A01,10,3,2,3,0,-1,-1,3,3,1,2021,89.0,1,5,0,1,2,1,1,,4,43,-1,,2,2,0,1,(1),(1),2,, -1,1,0,1,50,9,10,1,35,35125,2,3,0,6,Rue du 8 Mai,47.943454,-1.232341,8,2,1
202100019273,167Â 186,A01,1,1,1,4,8,-1,-1,0,0,-1,2021,34.0,1,4,8,0,7,21,1,,3,833,0,,2,2,0,2,34,100,1,, -1,1,0,3,80,13,9,1,27,27198,1,1,0,6,Route Fleurie (Gouville),48.853986,1.026589,10,1,1
202100047523,116Â 819,B01,1,1,1,1,2,6,-1,0,0,-1,2021,37.0,1,1,0,2,1,1,1,,4,AVENUE DE LA GRANDE ARMEE,0,,2,8,0,1,(1),(1),1,, -1,2,0,1,50,18,3,1,75,75117,2,3,1,3,AVENUE DE LA GRANDE ARMEE,48.8750106642,2.2911515254,17,2,2
202100026980,153Â 487,B01,2,2,2,5,1,-1,-1,0,0,-1,2021,52.0,2,2,0,2,1,1,1,,3,25,-1,,2,2,0,1,19,230,1,, -1,1,0,1,80,26,7,1,41,41173,1,2,0,3,RD25,47.886107,1.531348,16,3,2
202100053869,105Â 455,B01,1,1,1,4,1,-1,-1,0,0,-1,2021,64.0,2,2,0,2,1,1,1,,3,991,0,,2,2,2,1,18,285,3,, -1,2,-1,1,80,25,1,1,73,73085,1,1,0,1,D991,45.782556,5.863656,12,3,2
202100005331,192Â 261,A01,1,1,1,1,2,8,-1,-1, -1,-1,2021,24.0,2,1,4,0,1,13,1,,3,POULGUINAN BOULEVARD DE,0,,3,4,0,1,(1),(1),3,, -1,2,0,1,70,29,11,3,29,29232,2,1,0,7,Boulevard de Poulguinan,47.98344,-4.11861,19,1,1
202100006828,189Â 574,A01,10,3,1,5,0,-1,-1,2,3,1,2021,33.0,-1,3,0,1,6,26,1,1.0,3,GALLIENI (BOULEVARD),0,,3,5,3,1,1,0,1,, -1,1,0,1,50,20,11,5,93,93049,2,1,1,6,GALLIENI (BOULEVARD),48.85268,2.513,20,2,1
202100054804,103Â 834,A01,2,2,1,5,0,-1,-1,0,0,-1,2021,39.0,2,2,2,0,1,13,1,,7,97,-1,,2,2,0,1,40,576,2,, -1,1,0,3,80,15,1,3,35,35024,1,1,0,6,La Petite Hublais,48.184101,-1.612139,1,2,1
202100004585,193Â 579,A01,10,3,1,5,0,-1,-1,3,3,2,2021,18.0,0,2,0,1,1,0,0,,2,151,-1,,3,2,0,1,82,1006,2,, -1,1,6,6,50,30,11,1,36,36088,2,6,0,6,Route de Bourges,46.953118,2.006657,13,3,1
202100042820,125Â 122,A01,1,1,1,5,2,4,-1,-1, -1,-1,2021,76.0,2,1,0,0,0,1,6,,3,CHEMIN DEPARTEMENTAL NÂ°101,0,,2,2,0,1,33,0,2,, -1,1,0,3,50,17,2,1,88,88160,1,1,0,7,,48.132448,6.435033,14,1,1
202100043604,123Â 732,A01,1,1,1,5,1,5,-1,-1, -1,-1,2021,22.0,1,2,0,2,8,13,1,,1,A50-Sens Marseille vers Aubagne,0,,1,3,0,1,11,899,1,, -1,2,0,1,90,17,4,1,13,13005,1,1,1,3,A50-Sens Marseille vers Aubagne,43.2864,5.53512,15,3,2
202100024573,157Â 736,A01,1,1,2,5,1,0,-1,-1, -1,-1,2021,54.0,1,2,0,2,2,1,1,,1,A7-Sens Lyon vers Marseille,0,,-1,3,0,2,276,0,1,, -1,1,0,1,90,7,8,3,13,13215,1,1,0,2,A7-Sens Lyon vers Marseille,43.3494362275,5.3693138366,0,3,2
202100013166,178Â 214,B01,2,2,2,5,1,-1,-1,0,0,-1,2021,55.0,2,2,0,2,1,1,1,,3,,-1,,2,2,0,1,67,456,1,,4,1,0,1,50,14,10,2,36,36006,2,1,0,3,,46.5779,1.51253,18,3,2