Num_Acc,id_vehicule,num_veh,place,catu,sexe,trajet,secu1,secu2,secu3,locp,actp,etatp,year_acc,victim_age,senc,catv,obs,obsm,choc,manv,motor,occutc,catr,voie,v1,v2,circ,nbv,vosp,prof,pr,pr1,plan,lartpc,larrout,surf,infra,situ,vma,jour,mois,lum,dep,com,agg_,int,atm,col,adr,lat,long,hour,nb_victim,nb_vehicules
202100052785,107Â 375,C01,1,1,2,9,1,-1,-1,0,0,-1,2021,52.0,1,2,0,2,1,1,1,,4,DESFOSSES ROMAIN (AMIRAL)  (DE 1 A47 ET,0,,2,2,0,1,(1),(1),1,, -1,2,5,1,50,1,2,1,29,29019,2,6,1,4,Rue Amiral Romain-DesfossÃ©s,48.427558,-4.473798,15,4,3
202100034203,140Â 609,A01,1,1,1,3,2,-1,-1,0,0,-1,2021,49.0,1,1,0,6,1,1,1,,3,142,-1,,2,2,0,2,2,50,1,, -1,1,0,1,80,5,4,1,14,14012,2,1,0,6,Le Mesnil Da,49.250776,-0.038624,9,1,1
202100032345,143Â 944,A01,1,1,1,0,1,0,-1,-1, -1,-1,2021,29.0,3,1,14,0,0,5,1,,4,BOIS SAINT MARTIN (AVENUE),0,,2,2,0,1,0,0,1,, -1,1,0,1,50,25,6,1,93,93051,2,1,0,6,Avenue du Bois Saint Martin,48.82264,2.57688,16,1,1
202100044616,121Â 970,A01,2,2,2,5,8,0,-1,-1, -1,-1,2021,9.0,1,1,0,2,2,12,5,,3,EDOUARD VAILLANT (AVENUE) DEBUT/56 - COT,0,,3,3,0,1,0,0,1,, -1,1,0,1,50,8,4,1,92,92012,2,3,0,3,EDOUARD VAILLANT (AVENUE) DEBUT/56 - COT,48.8355320216,2.249442637,13,3,2
202100031810,144Â 903,C01,2,1,1,0,1,0,-1,-1, -1,-1,2021,51.0,1,2,0,2,4,2,1,,1,AUTOROUTE A1,0,,3,6,0,1,1,399,1,, -1,1,1,1,90,29,6,1,93,93066,1,1,0,5,AUTOROUTE A1,48.91584,2.35764,10,6,5
202100020853,164Â 373,A01,10,3,1,0,0,-1,-1,3,3,1,2021,78.0,1,2,0,1,3,1,1,,4,LIBERATION (RUE DE LA ),0,,2,2,0,2,(1),(1),1,, -1,1,0,1,50,3,9,1,42,42183,2,1,0,6,Rue de la LibÃ©ration,45.4036,4.36567,18,2,1
202100033792,141Â 369,B01,1,1,1,1,1,0,-1,-1, -1,-1,2021,29.0,2,2,0,2,3,1,1,,3,RTE D ORLEANS,0,,3,4,0,3,0,0,3,, -1,1,0,1,70,14,6,1,91,91339,2,9,0,5,RTE D ORLEANS,48.62,2.26,16,3,3
202100041855,126Â 810,A01,1,1,2,1,0,-1,-1,0,0,-1,2021,59.0,3,1,0,0,1,25,5,,3,392,-1,,2,2,0,1,(1),(1),1,, -1,2,0,4,50,30,4,1,67,67112,2,1,1,3,39 Rue du General de Gaulle,48.522302,7.568569,12,2,2
202100047652,116Â 577,A01,1,1,2,9,2,0,-1,0,0,-1,2021,54.0,2,1,0,0,3,15,5,,4,BOULEVARD DE VAUGIRARD,0,,1,2,3,1,(1),(1),1,, -1,2,0,1,50,17,3,1,75,75115,2,1,1,7,BOULEVARD DE VAUGIRARD,48.841464,2.318598,9,1,1
202100033354,142Â 147,A01,1,1,1,1,2,8,-1,-1, -1,-1,2021,18.0,2,1,0,2,8,26,0,,4,AV JULES JULIEN,0,,2,2,1,1,(1),(1),1,, -1,1,0,1,50,14,6,1,31,31555,2,1,0,3,AV JULES JULIEN,43.5759,1.45108,9,2,2
202100004617,193Â 516,D01,2,2,2,5,1,-1,-1,-1, -1,-1,2021,47.0,1,2,0,2,4,2,2,,1,AUTOROUTE A 10,0,,3,6,0,1,542,50,1,, -1,2,3,1,90,5,12,4,33,33096,1,1,0,4,AUTOROUTE A 10,44.891969,-0.501082,18,9,5
202100023628,159Â 388,B01,1,1,1,0,2,6,-1,0,0,-1,2021,51.0,2,1,0,2,6,1,1,,3,910,-1,,4,3,1,1,68,720,1,, -1,1,5,1,50,19,8,1,28,28088,2,2,0,3,Boulevard Grindelle,48.07124,1.337414,15,2,2
202100046753,118Â 204,A01,1,1,1,4,2,6,-1,-1, -1,-1,2021,30.0,3,1,0,2,8,15,1,,7,MIXTE (PONT ),0,,2,2,0,2,0,0,1,, -1,1,0,1,50,23,3,1,57,57463,2,4,0,3,MIXTE (PONT ),49.13464,6.17669,12,2,2
202100048099,115Â 778,A01,2,2,2,5,1,0,-1,-1, -1,-1,2021,57.0,2,2,3,2,8,2,1,,1,A7-Sens Lyon vers Marseille,0,,1,3,0,1,274,500,1,, -1,1,0,1,90,14,3,1,13,13215,1,1,0,4,A7-Sens Lyon vers Marseille,43.36981,5.36102,11,4,3
202100054120,105Â 010,A01,1,1,1,5,1,0,-1,-1, -1,-1,2021,39.0,1,2,6,0,1,16,1,,4,MARCEAU (RUE),0,,2,1,0,1,0,0,1,, -1,2,0,3,50,21,1,5,92,92075,2,3,1,6,MARCEAU (RUE),48.824096,2.294565,21,2,1
202100048336,115Â 356,A01,1,1,2,5,1,-1,-1,0,0,-1,2021,83.0,1,2,0,2,1,15,1,,2,106,0,N,2,2,0,1,51,200,1,, -1,2,0,1,80,13,3,1,48,48075,1,4,0,1,N106,44.362704,3.566308,10,2,2
202100011071,181Â 935,A01,10,3,2,0,0,-1,-1,3,3,1,2021,8.0,1,2,0,1,2,17,1,,7,BISCHWILLER (ROUTE DE),0,,2,2,0,1,(1),(1),1,, -1,1,0,1,50,22,10,1,67,67043,2,1,0,6,BISCHWILLER (ROUTE DE),48.6161888209,7.7533891797,8,2,1
202100000445,200Â 909,A01,2,2,1,5,1,0,-1,-1, -1,-1,2021,49.0,3,2,6,0,1,13,1,,4,ARLANDAZ (ROUTE DE L'),0,,-1,2,0,1,(1),(1),2,, -1,1,0,3,30,17,9,4,73,73011,2,1,0,6,ARLANDAZ (ROUTE DE L'),45.671911,6.37224,23,4,1
202100038567,132Â 708,A01,1,1,1,0,8,-1,-1,0,0,-1,2021,36.0,2,2,0,2,3,13,1,,2,57,-1,,2,2,0,1,19,850,1,, -1,1,0,1,90,24,5,1,25,25410,1,1,0,5,RN 57,47.219626,6.070225,18,8,3
202100052863,107Â 225,B01,1,1,1,1,2,0,-1,-1, -1,-1,2021,30.0,1,1,0,2,1,1,1,,2,GOUJAUD (QUAI LOUIS),0,,3,4,0,1,13,100,1,, -1,2,0,1,50,30,1,5,87,87085,2,3,1,3,GOUJAUD (QUAI LOUIS),45.82603,1.268,20,2,2
202100015524,173Â 937,B01,1,1,1,0,2,6,-1,-1, -1,-1,2021,37.0,2,1,0,2,8,1,1,,4,FRANCOIS MITTERRAND                 (AV),0,,2,2,0,1,(1),(1),1,, -1,1,0,1,50,1,10,1,69,69029,2,2,0,3,FRANCOIS MITTERRAND (AV),45.73796,4.92273,12,2,2
202100042477,125Â 694,A01,1,1,1,0,8,0,-1,-1, -1,-1,2021,18.0,3,1,14,0,1,1,1,,4,PHILIPPE (RUE GERARD),0,,-1,1,0,1,0,0,1,, -1,9,6,6,30,25,4,1,28,28404,2,9,0,6,PHILIPPE (RUE GERARD),48.73382,1.33457,10,1,1
202100011788,180Â 642,A01,10,3,2,5,0,-1,-1,5,1,1,2021,91.0,3,1,0,1,0,25,5,,9,DUMAS (ALEXANDRE),0,,-1,0,0,1,0,0,1,, -1,1,6,4,30,20,10,1,76,76217,2,1,0,6,DUMAS (ALEXANDRE),49.92585,1.0706,16,2,1
202100023325,159Â 922,C01,1,1,1,0,1,8,-1,-1, -1,-1,2021,42.0,0,2,0,2,1,23,1,,3,ARGENTEUIL (ROUTE D'),0,,2,2,0,1,0,0,1,, -1,1,0,1,50,20,8,1,93,93031,2,1,0,4,ARGENTEUIL (ROUTE D'),48.95968,2.29133,18,5,4
202100025754,155Â 650,A01,2,2,2,5,2,6,-1,0,0,-1,2021,44.0,3,1,0,2,1,17,1,,7,NAPOLEON III (PONT),0,,-1,2,0,1,(1),(1),1,, -1,1,0,1,70,1,8,2,6,6088,2,1,1,5,NAPOLEON III (PONT),43.663364,7.197142,19,4,3
202100041571,127Â 292,B01,1,1,1,9,8,4,-1,-1, -1,-1,2021,35.0,1,1,0,0,0,0,3,,4,HUIT MAI 1945,0,,2,2,0,1,1,0,1,, -1,1,0,1,30,3,5,5,93,93050,2,9,0,3,Avenue du 8 Mai 1945,48.864575,2.534903,21,2,2
202100038034,133Â 676,B01,1,1,1,9,2,6,-1,0,0,-1,2021,33.0,1,1,0,2,2,3,1,,4,QUAI D IVRY,0,,1,4,0,1,0,300,2,, -1,1,9,1,70,25,5,1,75,75113,2,1,0,4,QUAI D IVRY,48.825791,2.386589,8,3,3
202100014056,176Â 570,A01,1,1,1,5,1,-1,-1,0,0,-1,2021,63.0,3,2,0,0,2,14,1,,4,,0,,2,2,0,1,(1),(1),1,,4,1,0,1,80,10,10,1,40,40305,2,1,0,7,Chemin du Loy,43.631565,-0.331082,16,1,1
202100003515,195Â 464,A01,1,1,2,5,1,0,-1,-1, -1,-1,2021,33.0,2,2,0,2,1,2,1,,2,T21,0,,3,4,0,1,(1),(1),1,, -1,1,0,1,70,25,9,1,201,201004,2,1,0,2,T21,41.9289,8.765,9,2,2
202100045174,120Â 985,A01,1,1,1,5,2,6,-1,0,0,-1,2021,50.0,3,1,3,0,7,1,1,,4,3,-1,,2,2,0,2,(1),(1),3,, -1,1,2,1,70,4,4,1,39,39361,1,1,0,6,,47.236719,5.529814,10,1,1
202100032255,144Â 108,A01,10,3,1,5,0,-1,-1,-1, -1,-1,2021,89.0,1,2,0,1,8,16,1,,4,CAMILLE ROUSSET                     (AV),0,,2,1,0,1,(1),(1),1,, -1,1,0,3,50,25,6,1,69,69029,2,2,0,6,CAMILLE ROUSSET (AV),45.73585,4.91164,8,2,1
202100007940,187Â 548,B01,1,1,2,9,1,8,-1,-1, -1,-1,2021,56.0,1,2,0,2,8,1,1,,2,RN 104,0,,3,3,0,1,37,0,3,, -1,1,0,1,50,16,11,3,91,91340,1,1,0,3,RN 104,48.60964,2.43965,19,2,2
202100038516,132Â 796,B01,1,1,1,0,2,0,-1,-1, -1,-1,2021,32.0,3,1,0,2,7,1,1,,4,RUE JEAN JAURES,0,,2,2,0,1,(1),(1),1,, -1,1,0,1,50,24,5,1,44,44143,2,1,0,3,RUE JEAN JAURES,47.18649,-1.54665,12,2,2
202100012947,178Â 595,A01,1,1,1,0,2,6,9,0,0,-1,2021,26.0,1,1,0,2,1,1,1,,3,1090,0,D,2,2,0,1,19,(1),1,,4,1,0,1,80,15,10,2,38,38214,1,3,0,3,D1090,45.300588,5.901911,19,3,3
202100014357,176Â 048,A01,10,3,1,9,0,-1,-1,4,3,1,2021,59.0,0,4,0,1,1,26,1,,7,NATIONS UNIES (AVENUE DES),0,,2,2,3,1,(1),(1),1,, -1,1,0,1,50,8,10,1,59,59512,2,9,0,6,NATIONS UNIES (AVENUE DES),50.694186,3.176686,18,2,1
202100028724,150Â 381,A01,1,1,2,5,1,-1,-1,0,0,-1,2021,19.0,3,2,2,0,0,1,1,,4,0,0,,2,2,0,1,(1),(1),1,, -1,1,0,8,80,17,7,3,78,78192,1,1,0,6,Chemin du Tertre,48.918991,1.614888,3,1,1
202100041205,127Â 953,B01,2,2,2,5,1,-1,-1,0,0,-1,2021,33.0,0,2,8,0,3,1,1,,3,1091,0,,2,1,0,1,(1),(1),3,,3,2,0,1,70,7,5,1,38,38212,2,3,1,3,D 1091,45.089527,5.901885,12,3,2
202100044899,121Â 465,B01,1,1,1,5,2,6,-1,0,0,-1,2021,70.0,0,1,0,0,4,2,5,,3,5,-1,,2,2,0,1,7,614,1,, -1,1,0,1,80,8,4,1,50,50531,1,1,0,2,D5,48.683509,-1.259351,8,2,2
202100017940,169Â 558,A01,1,1,1,5,0,-1,-1,0,0,-1,2021,18.0,3,1,0,2,1,1,5,,4,,0,,2,2,0,2,(1),(1),1,,4,1,0,1,50,21,9,1,973,97307,2,3,0,3,Carrefour Rue du Foulard et Rue Quadrille des Lanciers,4.8813646562,-52.3446563333,15,2,2
202100050823,110Â 835,A01,1,1,2,5,2,6,-1,0,0,-1,2021,63.0,1,1,15,0,1,14,1,,3,950,0,,2,2,0,1,24,100,2,, -1,1,0,3,80,21,2,1,4,4018,1,1,0,6,RD 950,44.040124,5.668854,11,1,1
202100031808,144Â 907,A01,1,1,1,0,2,6,-1,-1, -1,-1,2021,23.0,2,1,0,0,9,2,1,,1,AUTOROUTE A104,0,,3,6,0,1,2,900,1,, -1,2,0,1,110,29,6,1,93,93078,1,1,1,7,AUTOROUTE A104,48.96367,2.52134,18,1,1
202100011443,181Â 267,A01,1,1,1,5,1,-1,-1,0,0,-1,2021,35.0,1,2,2,0,2,13,1,,3,910,0,,2,2,0,1,8,800,1,, -1,1,0,3,90,24,10,1,37,37276,1,1,0,6,D910,47.567159,0.887339,9,5,1
202100032855,143Â 041,B01,1,1,1,5,8,8,-1,-1, -1,-1,2021,33.0,1,1,0,2,8,1,0,,4,TRESPOEY DE,0,,2,2,0,1,0,0,1,, -1,1,0,5,50,22,6,1,64,64445,2,1,0,3,TRESPOEY DE,43.29901,-0.35521,8,2,2
202100008195,187Â 074,B01,1,1,1,1,2,-1,-1,0,0,-1,2021,34.0,1,1,0,2,1,1,1,,3,810,0,A,2,2,3,1,99,0,1,, -1,1,0,1,80,8,11,2,40,40284,1,3,0,2,Route de Bayonne,43.648987,-1.327366,17,2,2
202100007191,188Â 900,B01,1,1,1,0,8,0,-1,-1, -1,-1,2021,20.0,3,1,0,2,1,1,5,,4,CASABLANCA (RUE DE),0,,2,2,0,1,0,0,1,, -1,2,0,1,50,17,11,1,72,72181,2,6,0,3,CASABLANCA (RUE DE),48.01565,0.2307,9,2,2
202100037801,134Â 092,B01,1,1,2,0,1,-1,-1,-1, -1,-1,2021,19.0,1,2,0,2,4,20,1,,4,UNIVERSITE (AVE DE L),0,,3,4,1,1,(1),(1),1,, -1,1,0,1,30,27,5,1,33,33522,2,1,0,2,Avenue de lâUniversitÃ©,44.8012246822,-0.5971657396,8,3,2
202100037877,133Â 957,C01,9,2,2,5,1,-1,-1,0,0,-1,2021,19.0,2,2,0,2,4,23,1,,2,7,0,,2,2,0,1,20,805,1,, -1,1,0,1,80,22,5,1,38,38019,1,1,0,4,N7,45.434124,4.818481,15,5,3
202100012155,179Â 996,A01,10,3,2,0,0,-1,-1,3,3,-1,2021,45.0,1,2,0,1,1,1,1,,4,VILLE HALLUARD (RUE DE LA),0,,2,2,0,1,(1),(1),1,, -1,1,0,1,50,13,10,1,44,44184,2,3,0,6,VILLE HALLUARD (RUE DE LA),47.28496,-2.20667,17,2,1
202100008272,186Â 927,B01,2,2,2,1,1,0,-1,-1, -1,-1,2021,33.0,1,2,0,2,2,1,1,,3,JEAN JAURES (AVENUE),0,,3,2,0,1,1,1,1,, -1,2,0,1,50,13,11,1,93,93032,2,1,1,5,JEAN JAURES (AVENUE),48.8832578933,2.5282118742,8,6,3
202100010817,182Â 394,B01,1,1,1,5,9,-1,-1,0,0,-1,2021,59.0,3,1,0,2,8,12,6,,7,59,0,,-1,1,0,1,(1),(1),1,, -1,1,5,1,50,28,10,1,44,44215,2,6,0,3,Rond-point des Ã©chalonniÃ¨res vertou,47.177375,-1.463413,9,2,2
202100022759,160Â 920,B01,1,1,1,0,1,0,-1,-1, -1,-1,2021,25.0,1,1,0,2,6,1,1,,4,CITES (RUE DES)  125/134 =>,0,,2,2,0,1,0,0,1,, -1,1,0,1,50,24,8,1,93,93001,2,1,0,2,CITES (RUE DES)  125/134 =>,48.91315,2.38867,13,2,2
202100034304,140Â 419,A01,10,3,2,5,8,8,-1,6,3,2,2021,54.0,1,2,0,1,3,1,1,,2,RN 43,0,,1,2,0,1,0,0,1,, -1,1,3,1,70,15,6,1,8,8105,2,1,1,6,RN 43,49.73716,4.71589,12,2,1
202100007768,187Â 868,B01,1,1,1,1,2,8,-1,-1, -1,-1,2021,46.0,2,1,0,2,1,1,1,,7,GOURAUD (AVE GENERAL),0,,2,2,0,1,1,60,1,, -1,1,0,1,50,16,11,1,83,83137,2,9,0,3,GOURAUD (AVE GENERAL),43.13386,5.91695,16,2,2
202100045682,120Â 086,A01,1,1,2,1,8,-1,-1,0,0,-1,2021,34.0,1,2,0,2,2,11,1,,3,17,-1,,2,2,0,1,60,840,1,, -1,1,5,1,80,31,3,1,31,31341,1,1,0,1,D17,43.725018,1.247549,17,2,2
202100039968,130Â 147,A01,1,1,1,5,0,0,-1,-1, -1,-1,2021,38.0,2,1,0,0,0,26,1,,4,R DES MAHONIAS,0,,2,2,0,1,1,0,1,, -1,3,0,1,50,14,5,1,94,94075,2,1,0,7,Rue des Mahonias,48.72508,2.53678,17,1,1
202100007201,188Â 883,B01,1,1,2,0,2,0,-1,-1, -1,-1,2021,29.0,0,1,0,2,1,1,5,,4,NORMAN PRINCE,0,,1,1,1,1,0,0,1,, -1,1,0,1,50,19,11,5,64,64445,2,6,0,3,Rond-Point des AllÃ©es de MorlaÃ s,43.30776,-0.33918,20,2,2
202100036925,135Â 699,A01,4,2,2,5,1,-1,-1,0,0,-1,2021,18.0,1,2,13,0,2,1,1,,3,50,0,D,2,2,0,1,16,200,2,, -1,1,0,3,70,3,6,3,69,69255,1,1,0,6,LYON (DE) (R),45.7354733927,4.6683145117,3,3,1
202100018516,168Â 535,B01,1,1,2,4,1,0,-1,-1, -1,-1,2021,32.0,1,2,0,2,4,2,1,,1,A86 INT,0,,3,6,0,1,45,799,1,, -1,1,0,1,90,17,9,1,94,94073,1,1,0,2,A86 INT,48.76259,2.38129,12,2,2
202100022205,161Â 957,A01,1,1,2,5,1,0,-1,-1, -1,-1,2021,27.0,2,2,0,2,1,1,1,,1,AUTOROUTE A6,0,,1,3,0,1,13,767,1,, -1,1,0,1,110,28,8,1,91,91161,1,1,0,5,AUTOROUTE A6,48.70326,2.30725,12,5,5
202100040657,128Â 947,A01,1,1,1,5,2,6,-1,0,0,-1,2021,53.0,2,1,10,0,8,16,1,,3,D117,-1,,2,2,0,2,21,500,3,, -1,1,0,1,80,8,5,1,11,11304,1,1,0,6,D117,42.879879,2.163899,16,1,1
202100044956,121Â 376,A01,1,1,1,1,2,6,-1,0,0,-1,2021,26.0,0,1,0,5,5,9,1,,3,RD6015,0,,3,2,0,2,33,927,1,, -1,1,0,1,70,6,4,1,27,27701,1,1,0,7,RD6015,49.25499,1.17381,16,1,1
202100029127,149Â 688,A01,2,2,1,9,1,8,-1,-1, -1,-1,2021,46.0,3,2,0,2,2,15,1,,7,PROUDHON (AVENUE),0,,2,3,0,1,(1),(1),1,, -1,1,0,1,50,13,7,2,37,37195,2,3,0,3,,47.39356,0.66295,21,3,2
202100003767,195Â 025,A01,1,1,1,5,1,-1,-1,0,0,-1,2021,63.0,2,2,8,0,6,4,1,,3,228,-1,,2,2,0,2,2,500,1,, -1,1,0,3,50,7,12,1,51,51181,2,1,0,7,Rue Laurent Laine,49.264535,3.840054,11,1,1
202100028391,150Â 965,B01,7,2,1,5,1,-1,-1,0,0,-1,2021,28.0,2,2,0,0,6,1,1,,3,27,0,A,2,2,0,1,9,795,1,, -1,1,0,1,80,15,7,2,36,36136,1,2,0,3,,46.931305,1.173885,20,4,2
202100039420,131Â 138,A01,1,1,1,1,1,0,-1,-1,0,-1,2021,32.0,3,2,0,2,1,1,1,,4,BLUM LEON (RUE),0,,2,2,0,1,(1),(1),1,, -1,2,0,1,50,18,5,1,95,95277,2,1,1,3,BLUM LEON (RUE),49.0040930187,2.4243079693,17,2,2
202100005715,191Â 591,A01,1,1,1,4,1,0,-1,-1, -1,-1,2021,29.0,2,4,0,2,1,1,1,,1,A51-Sens Aix en Provence vers Marseille,0,,1,4,0,1,4,0,1,, -1,2,0,1,90,25,11,1,13,13019,1,1,1,2,A51-Sens Aix en Provence vers Marseille,43.424236,5.374787,9,2,2
202100047547,116Â 777,A01,1,1,1,2,1,-1,-1,0,0,-1,2021,39.0,1,2,0,2,7,13,1,,3,08,-1,,2,2,0,2,39,980,2,, -1,2,0,1,80,19,3,1,86,86289,1,1,0,3,La pouge,46.240266,0.670059,7,2,2
202100005400,192Â 141,B01,1,1,1,4,2,0,-1,-1, -1,-1,2021,29.0,2,1,0,2,3,1,1,,4,2,0,,2,2,0,1,0,0,1,, -1,2,0,1,50,1,12,1,92,92012,2,1,1,1,JEAN JAURES (BOULEVARD) 1/61 - COTE IMPA,48.8422680641,2.2386360168,10,2,2
202100010180,183Â 506,B01,2,2,2,9,1,0,-1,-1, -1,-1,2021,15.0,3,2,0,2,8,1,1,,3,THEOPHILE SUEUR (BOULEVARD),0,,1,2,0,1,1,0,1,, -1,2,5,1,50,30,10,5,93,93048,2,5,1,3,THEOPHILE SUEUR (BOULEVARD),48.86334,2.46655,0,6,2
202100040707,128Â 852,C01,2,2,1,5,1,0,-1,-1, -1,-1,2021,18.0,2,2,0,2,6,2,1,,1,AUTOROUTE A6,0,,3,3,0,1,10,500,1,, -1,1,0,1,110,9,5,1,91,91689,1,1,0,4,AUTOROUTE A6,48.72917,2.31441,15,5,3
202100001126,199Â 758,A01,1,1,2,5,1,9,-1,0,0,-1,2021,63.0,1,2,2,0,1,1,1,,3,5,-1,,-1,2,0,1,38,250,1,, -1,2,0,3,80,20,12,1,2,2031,1,1,1,6,Lieu Dit la Malabreuvee,49.849692,4.198499,14,2,1
202100039807,130Â 426,Y01,2,1,1,1,8,0,-1,-1, -1,-1,2021,40.0,3,1,0,2,1,1,0,,4,RUE DU POITOU,0,,2,1,1,1,0,0,1,, -1,2,9,6,50,15,5,1,91,91103,2,9,1,3,RUE DU POITOU,48.58843,2.30065,8,2,2
202100025302,156Â 432,B01,1,1,1,5,2,6,-1,-1, -1,-1,2021,20.0,2,1,0,2,1,1,1,,4,FAITA VINCENT (RUE),0,,2,0,0,1,0,0,1,, -1,1,0,1,50,24,7,1,30,30189,2,3,0,3,FAITA VINCENT (RUE),43.8457,4.3717,15,2,2
202100006432,190Â 298,B01,1,1,1,1,2,8,-1,-1, -1,-1,2021,16.0,1,1,0,2,7,9,1,,3,ANRTP (PEGASE),0,,1,2,0,1,1,0,2,, -1,1,5,1,50,19,11,5,22,22113,2,1,0,3,ANRTP (PEGASE),48.753,-3.45758,5,2,2
202100030683,146Â 909,B01,1,1,1,5,1,-1,-1,-1,0,-1,2021,60.0,1,5,14,2,4,23,1,,1,AUTOROUTE A1,0,,3,6,0,1,29,899,1,, -1,2,0,1,130,5,7,3,95,95604,1,1,1,4,A1,49.10172,2.55066,4,7,3
202100026917,153Â 602,B01,1,1,1,5,0,-1,-1,0,0,-1,2021,4.0,3,1,0,2,0,0,5,,6,,-1,,-1,-1,0,1,(1),(1),1,,4,1,9,8,5,27,7,1,67,67137,2,1,0,2,18 rue Paul Gauguin,48.487024,7.697114,18,2,2
202100009741,184Â 292,A01,3,2,2,5,1,0,-1,-1, -1,-1,2021,20.0,2,2,3,2,1,2,1,,1,AUTOROUTE A20,0,,3,4,0,1,187,199,1,, -1,2,0,1,110,30,10,1,87,87065,1,1,1,2,AUTOROUTE A20,45.80415,1.29712,14,3,2
202100004702,193Â 372,A01,10,3,1,5,8,8,-1,4,5,1,2021,12.0,1,2,0,1,1,9,1,,3,AV SALVADOR ALLENDE,0,,2,2,1,1,0,0,1,, -1,2,0,1,50,3,12,5,91,91103,2,9,1,6,AV SALVADOR ALLENDE,48.6151,2.30446,18,2,1
202100019832,166Â 186,B01,1,1,2,0,2,0,-1,-1, -1,-1,2021,17.0,1,1,0,2,8,15,1,,4,BOUDINOT (AUGUSTE) CITE THEMIRE,0,,2,2,0,1,(1),(1),1,, -1,1,0,1,50,9,9,1,973,97302,2,2,0,3,BOUDINOT (AUGUSTE) CITE THEMIRE,4.9348859773,-52.3190063239,8,2,2
202100002218,197Â 827,B01,2,2,2,5,1,-1,-1,-1,0,-1,2021,25.0,2,2,0,2,4,1,1,,1,AUTOROUTE A15,0,,3,6,0,1,17,100,1,, -1,1,0,1,110,19,12,3,95,95306,1,1,0,2,AUTOROUTE A15,49.00838,2.15933,22,4,2
202100017651,170Â 069,B01,3,2,2,0,1,8,-1,-1, -1,-1,2021,83.0,3,2,0,2,1,0,1,,2,RN 154,0,,2,2,0,1,0,0,1,, -1,1,0,1,80,21,9,3,28,28404,1,1,0,1,RN 154,48.7126229119,1.3684844971,21,3,2
202100045770,119Â 937,A01,10,3,1,3,8,8,-1,2,3,1,2021,79.0,1,2,0,1,2,9,1,,4,LIBERATION DE LA (DU 22 A LA FIN),0,,2,2,0,1,(1),(1),1,, -1,1,5,1,50,31,3,1,25,25462,2,6,1,6,LIBERATION DE LA (DU 22 A LA FIN),46.908939,6.339267,15,2,1
202100009583,184Â 578,A01,10,3,1,5,0,-1,-1,9,3,1,2021,31.0,2,2,0,1,3,26,1,,4,POINT DU JOUR (RUE DU),0,,1,1,0,1,(1),(1),1,, -1,1,0,1,30,25,10,5,70,70550,2,1,0,6,POINT DU JOUR (RUE DU),47.63118,6.16253,2,4,1
202100021452,163Â 301,B01,1,1,1,5,1,-1,-1,-1, -1,-1,2021,34.0,2,2,0,2,4,1,1,,3,PARIS (AVENUE DE),0,,2,2,0,1,88,579,1,, -1,1,0,1,50,31,8,1,50,50129,2,1,0,2,PARIS (AVENUE DE),49.631036,-1.617821,16,2,2
202100018438,168Â 670,B01,1,1,1,1,2,0,-1,-1, -1,-1,2021,24.0,1,1,0,2,8,1,3,,4,,0,,2,2,0,1,0,0,1,, -1,1,0,1,50,16,9,1,92,92036,2,2,0,3,LUCETTE MAZALAIGUE,48.9320283537,2.2871571779,17,2,2
202100055199,103Â 149,A01,1,1,2,0,1,0,-1,-1, -1,-1,2021,71.0,1,2,4,0,1,13,1,,3,NAPOLEON (ROUTE),0,,2,1,0,2,41,95,1,, -1,1,0,3,70,13,1,1,6,6069,1,1,1,7,NAPOLEON (ROUTE),43.67118,6.90608,13,1,1
202100043057,124Â 711,A01,1,1,1,1,2,6,-1,0,0,-1,2021,63.0,2,1,0,1,1,1,1,,4,RUE DE L AMIRAL MOUCHEZ,0,,1,2,0,1,(1),(1),1,, -1,1,0,1,50,22,4,1,75,75114,2,1,0,6,RUE DE L AMIRAL MOUCHEZ,48.825691,2.34163,13,2,1
202100003743,195Â 061,B01,1,1,1,5,1,0,-1,-1, -1,-1,2021,41.0,1,2,0,2,1,1,1,,3,COLONEL FABIEN (AVENUE),0,,2,2,0,1,0,1,1,, -1,2,0,1,50,10,12,1,93,93066,2,9,1,3,COLONEL FABIEN (AVENUE),48.9448979456,2.3537551144,9,2,2
202100037870,133Â 970,A01,2,1,1,9,2,8,-1,-1, -1,-1,2021,20.0,3,1,0,2,7,17,1,,4,,0,,2,0,0,1,0,0,1,, -1,1,0,1,50,27,5,1,92,92062,2,1,0,3,WALLACE (BD RICHARD) DU 2 AU 28 ET DU 1,48.8789,2.24188,18,2,2
202100041264,127Â 841,A01,10,3,2,5,0,-1,-1,-1, -1,-1,2021,20.0,1,2,0,1,1,9,1,,4,CHARLES HERNU       (Place),0,,2,2,1,1,(1),(1),1,, -1,1,0,1,30,5,5,1,69,69266,2,1,0,6,CHARLES HERNU (PL),45.7703254098,4.8629426379,13,2,1
202100042549,125Â 573,A01,1,1,1,3,1,-1,-1,0,0,-1,2021,22.0,1,2,0,0,1,17,1,,2,3,0,R,-1,2,0,1,3697,0,1,, -1,1,0,1,70,27,4,1,976,97607,1,1,0,1,Route nationale 3-HAJANGUA,-12.872137,45.208697,8,2,2
202100033659,141Â 598,B01,1,1,1,5,2,0,-1,-1, -1,-1,2021,29.0,0,1,0,2,2,2,0,,4,GABRIEL PERI (RUE),0,,2,2,0,1,0,0,1,, -1,1,0,1,50,18,6,1,93,93071,2,3,0,3,Rue Gabriel PÃ©ri / Avenue Salvador Allende,48.947731,2.532973,13,2,2
202100042237,126Â 128,B01,1,1,1,5,2,-1,-1,0,0,-1,2021,21.0,2,1,0,2,1,1,1,,3,116,-1,,2,2,0,1,16,830,1,, -1,1,0,1,50,28,4,5,33,33225,2,1,0,1,,44.566418,-0.40996,21,2,2