Num_Acc,id_vehicule,num_veh,place,catu,sexe,trajet,secu1,secu2,secu3,locp,actp,etatp,year_acc,victim_age,senc,catv,obs,obsm,choc,manv,motor,occutc,catr,voie,v1,v2,circ,nbv,vosp,prof,pr,pr1,plan,lartpc,larrout,surf,infra,situ,vma,jour,mois,lum,dep,com,agg_,int,atm,col,adr,lat,long,hour,nb_victim,nb_vehicules
202100037269,135Â 058,A01,10,3,1,2,8,8,-1,2,5,2,2021,4.0,2,2,0,1,0,11,1,,4,AIGUILLETTE (RUE DE L'),0,,2,2,0,1,(1),(1),1,, -1,1,6,1,50,3,5,1,13,13212,2,1,0,6,AIGUILLETTE (RUE DE L'),43.31497,5.427811,17,3,1
202100018529,168Â 513,A01,1,1,2,4,1,8,-1,-1, -1,-1,2021,20.0,1,2,6,5,1,21,1,,4,FLAMBOYANTS ( ALLEE DES ),0,,2,2,0,2,1,0,3,, -1,2,0,3,50,15,9,5,971,97107,2,1,1,7,FLAMBOYANTS ( ALLEE DES ),16.05136,-61.56281,20,1,1
202100001450,199Â 191,A01,1,1,1,1,8,0,-1,-1, -1,-1,2021,56.0,2,2,0,2,7,1,1,,4,RUE PIERRE BROSSOLETTE,0,,2,2,0,1,0,100,1,, -1,1,0,1,50,24,12,1,91,91201,2,2,0,3,RUE PIERRE BROSSOLETTE,48.68466,2.41565,15,5,2
202100011240,181Â 640,A01,1,1,1,9,2,0,-1,0,0,-1,2021,31.0,3,1,0,2,6,1,5,,4,BOULEVARD RICHARD LENOIR,0,,3,2,1,1,(1),(1),2,, -1,1,-1,5,30,24,10,1,75,75111,2,2,0,3,BOULEVARD RICHARD LENOIR,48.862305,2.372572,18,2,2
202100040038,130Â 032,A01,1,1,1,0,2,8,-1,-1, -1,-1,2021,37.0,2,1,0,2,1,3,0,,3,20,0,,1,2,0,1,0,0,1,, -1,1,0,1,50,13,5,1,91,91161,2,1,0,2,NATIONALE 20,48.71431,2.29799,12,2,2
202100043503,123Â 904,B01,1,1,1,3,0,-1,-1,0,0,-1,2021,69.0,3,1,0,2,1,1,5,,4,,0,,2,2,0,1,(1),(1),1,, -1,1,0,1,50,20,4,1,46,46231,1,2,0,3,Le Trieu,44.500908,1.109464,16,2,2
202100051432,109Â 763,A01,1,1,1,5,2,0,-1,-1, -1,-1,2021,20.0,1,1,0,2,7,5,1,,4,MARENGO A PARTIR NÃ¸ 55-58,0,,1,1,0,1,(1),(1),1,, -1,1,0,1,50,23,1,1,42,42218,2,2,0,3,Rue Marengo,45.44574,4.38405,15,2,2
202100004989,192Â 870,A01,1,1,2,5,8,-1,-1,0,0,-1,2021,50.0,1,2,7,0,0,1,1,,3,50,0,D,2,2,0,1,0,0,1,, -1,2,0,1,70,3,12,3,54,54043,1,1,1,7,Rue de la Gare,48.5785520548,6.1043000223,23,2,1
202100018296,168Â 920,A01,1,1,1,0,8,-1,-1,-1, -1,-1,2021,29.0,3,1,0,9,8,13,5,,4,GALLIENI                            (PT),0,,2,4,1,1,(1),(1),1,, -1,1,0,5,50,17,9,1,69,69387,2,1,0,3,GALLIENI (PT),45.7482203943,4.8324286938,18,2,2
202100004714,193Â 351,B01,1,1,1,9,0,-1,-1,0,0,-1,2021,45.0,3,1,0,2,0,1,-1,,4,FOCH (AVENUE DU MARECHAL),0,,-1,1,1,1,(1),(1),1,, -1,2,0,5,30,21,11,5,78,78172,2,9,1,3,FOCH (AVENUE DU MARECHAL),49.001911,2.103818,17,2,2
202100003311,195Â 848,B01,1,1,2,2,2,-1,-1,0,0,-1,2021,15.0,3,1,0,2,8,1,1,,3,329,0,D,2,2,0,1,(1),(1),1,, -1,1,0,1,50,13,12,1,40,40184,2,2,1,3,28 Rue du ThÃ©Ã¢tre,44.201397,-1.225818,16,2,2
202100028982,149Â 920,A01,1,1,1,5,2,6,-1,0,0,-1,2021,17.0,2,1,0,2,2,1,1,,7,,0,,2,2,0,2,(1),(1),1,, -1,1,0,1,50,14,7,1,6,6123,2,1,0,2,SAUVAIGO PIERRE AVENUE,43.660879,7.177565,18,2,2
202100038140,133Â 478,B01,1,1,2,5,1,0,-1,-1, -1,-1,2021,41.0,2,2,0,2,6,2,1,,1,A4,0,,3,6,0,1,12,800,1,, -1,2,0,1,110,26,5,1,93,93051,1,1,0,6,A4,48.8364,2.55189,8,3,3
202100022833,160Â 798,A01,10,3,1,0,0,-1,-1,2,3,1,2021,94.0,1,4,0,1,4,20,1,,4,,0,,-1,2,0,1,0,0,1,, -1,1,0,1,30,23,8,1,92,92026,2,1,0,6,FRANKLIN (AVE ET RUE),48.9034890721,2.2664907575,10,2,1
202100037498,134Â 642,A01,2,2,1,4,1,-1,-1,0,0,-1,2021,22.0,2,5,0,2,2,17,1,,3,46,-1,,2,2,0,1,(1),(1),1,, -1,1,0,1,-1,28,5,1,40,40287,1,1,0,5,D46,44.444229,-1.071339,10,5,3
202100002570,197Â 189,A01,1,1,1,0,2,0,-1,-1, -1,-1,2021,26.0,3,0,0,0,0,0,1,,4,MARINE(BOULEVARD),0,,-1,10,0,2,0,0,1,, -1,2,0,1,50,16,12,1,974,97407,1,1,1,7,MARINE(BOULEVARD),-20.95103,55.2851,13,1,1
202100036970,135Â 617,B01,1,1,2,1,1,0,-1,-1, -1,-1,2021,52.0,1,2,0,2,4,2,1,,3,TABLE DU ROI (CARREFOUR DE LA),0,,2,3,0,1,20,510,1,, -1,1,0,1,90,1,6,1,77,77186,1,1,0,4,TABLE DU ROI (CARREFOUR DE LA),48.4847,2.66566,18,3,3
202100035229,138Â 732,A01,10,3,1,5,0,-1,-1,2,3,1,2021,11.0,2,2,0,1,1,1,1,,4,GAMBETTA (BOULEVARD),0,,2,4,0,2,0,0,1,, -1,1,0,1,50,9,6,1,87,87085,2,1,0,6,GAMBETTA (BOULEVARD),45.82746,1.25925,16,2,1
202100051940,108Â 864,A01,10,3,1,0,0,-1,-1,2,5,3,2021,14.0,1,5,0,1,1,1,1,,3,PRESIDENT WILSON (AVENUE DU),0,,2,2,0,1,0,1,1,, -1,2,0,1,50,10,2,1,93,93048,2,1,1,6,PRESIDENT WILSON (AVENUE DU),48.854429537,2.4391599298,15,2,1
202100020568,164Â 867,A01,10,3,1,5,0,-1,-1,4,3,1,2021,77.0,0,2,0,1,2,15,1,,4,PLACE LOUIS ARMSTRONG,0,,1,1,0,1,(1),(1),2,, -1,1,0,1,30,5,9,1,75,75113,2,7,0,6,PLACE LOUIS ARMSTRONG,48.835872,2.359843,12,2,1
202100005812,191Â 404,A01,10,3,2,3,0,-1,-1,6,9,1,2021,54.0,2,2,1,1,2,19,1,,3,19,0,D,2,2,0,1,6,500,1,, -1,2,0,3,70,27,11,5,58,58058,2,1,1,6,Croisy,47.403534,3.345637,18,2,1
202100028744,150Â 347,A01,2,2,2,5,2,6,-1,0,0,-1,2021,51.0,1,1,0,2,1,17,1,,3,907,-1,,2,2,0,3,40,950,2,, -1,1,0,1,80,17,7,1,4,4084,1,1,0,3,RD 907,43.933205,6.155509,15,4,2
202100041096,128Â 154,B01,1,1,2,0,1,-1,-1,-1, -1,-1,2021,21.0,3,2,0,2,4,2,1,,4,KOENIG (RUE DU GENERAL),0,,1,1,0,1,(1),(1),1,, -1,2,0,1,50,6,5,1,51,51454,2,1,1,2,Rue du GÃ©nÃ©ral Koenig,49.22677,4.0247893,14,2,2
202100040917,128Â 486,A01,1,1,2,1,1,0,-1,-1, -1,-1,2021,31.0,1,2,0,2,5,15,1,,4,DUCLOS (AVENUE JACQUES),0,,2,2,0,1,(1),(1),1,, -1,1,0,1,2,7,5,1,37,37233,2,4,0,6,DUCLOS (AVENUE JACQUES),47.3810995612,0.7357332827,12,2,2
202100050112,112Â 165,A01,1,1,1,5,2,6,-1,0,0,-1,2021,65.0,1,1,0,2,2,1,1,,3,703,-1,,2,2,0,2,41,(1),1,, -1,1,0,1,50,27,2,1,24,24142,2,3,0,1,Route de Saint Georges,44.833566,0.972253,14,4,2
202100042239,126Â 126,A01,1,1,1,5,2,6,-1,0,0,-1,2021,16.0,1,1,0,0,2,1,1,,3,D,-1,,2,2,0,2,21,565,1,, -1,1,0,1,30,29,4,1,56,56172,2,1,0,7,Rue du Docteur RemÃ©,47.838423,-2.637395,16,1,1
202100031268,145Â 851,A01,1,1,1,0,1,-1,-1,0,0,-1,2021,77.0,1,2,0,2,1,1,1,,2,113,0,,2,2,0,1,1,329,1,, -1,1,0,1,70,4,7,1,34,34145,2,1,0,1,Avenue du Vidourle,43.684625,4.152034,14,2,2
202100002803,196Â 758,B01,1,1,2,5,0,-1,-1,0,0,-1,2021,34.0,2,2,0,0,6,24,1,,3,PIERRE BROSSOLETTE (AV),0,,2,2,0,1,1,0,1,, -1,1,0,1,50,15,12,1,94,94058,2,9,0,6,Avenue Pierre Brossolette,48.834563,2.509883,10,2,2
202100055302,102Â 973,A01,10,3,2,5,8,8,-1,3,3,1,2021,35.0,1,2,0,1,1,1,1,,4,SAINTIGNON (RUE DE),0,,2,2,0,1,0,0,3,, -1,1,0,1,50,11,1,1,57,57672,2,1,1,6,SAINTIGNON (RUE DE),49.36889,6.14409,11,2,1
202100005460,192Â 030,B01,1,1,2,5,1,0,-1,-1, -1,-1,2021,59.0,1,2,0,2,4,2,1,,1,A43   3.353 A 3.865,0,,3,1,0,1,1,800,1,, -1,1,3,1,70,21,6,1,69,69029,1,1,0,4,A43   3.353 A 3.865,45.72836,4.90356,17,3,3
202100053141,106Â 753,A01,2,2,2,0,1,0,-1,-1, -1,-1,2021,35.0,2,2,0,2,1,2,1,,1,AUTOROUTE A10,0,,3,6,0,1,2,950,1,, -1,2,0,1,110,30,1,1,91,91377,1,1,0,4,AUTOROUTE A10,48.72371,2.29852,12,4,3
202100026586,154Â 182,B01,1,1,1,0,2,6,-1,0,0,-1,2021,24.0,3,1,0,2,1,1,1,,3,822,-1,,2,2,0,1,5,100,1,,5,1,0,1,50,30,7,5,46,46102,2,3,0,3,Avenue du Marechal Joffre,44.607595,2.02974,2,4,2
202100052874,107Â 200,A01,1,1,1,5,1,0,-1,0,0,-1,2021,42.0,1,2,2,0,2,13,1,,4,ACACIAS (RUE DES) NÂ°2 A 16 ET 1 A 3,0,,2,2,0,1,(1),(1),2,, -1,2,0,3,50,31,1,1,71,71153,2,1,0,6,2 Rue des Acacias,46.79863,4.42498,13,1,1
202100024771,157Â 373,B01,2,2,2,1,8,0,-1,0,0,-1,2021,53.0,1,2,0,2,2,1,1,,4,BOULEVARD PONIATOWSKI,0,,1,6,0,1,(1),(1),1,, -1,1,0,1,50,8,8,1,75,75112,2,2,0,3,BOULEVARD PONIATOWSKI,48.831799,2.397742,13,5,2
202100037844,134Â 013,A01,1,1,2,5,1,8,-1,-1, -1,-1,2021,29.0,1,2,1,0,1,1,1,,4,R JULIAN GRIMAU ,0,,2,2,0,1,1,0,1,, -1,1,0,1,50,27,5,3,94,94081,2,1,0,6,Rue Julian Grimau,48.7778,2.37649,23,1,1
202100019812,166Â 232,B01,1,1,1,0,1,8,-1,-1, -1,-1,2021,23.0,1,2,0,2,4,2,1,,2,RN 104,0,,3,4,0,1,57,299,1,, -1,1,0,1,110,10,9,1,91,91363,1,1,0,4,RN 104,48.6491,2.1858,7,3,3
202100053481,106Â 118,B01,2,2,2,9,2,8,-1,0,0,-1,2021,11.0,1,1,0,2,1,1,1,,4,BOULEVARD DE COURCELLES,0,,2,4,1,1,(1),(1),1,, -1,2,0,1,50,24,1,1,75,75117,2,2,1,3,BOULEVARD DE COURCELLES,48.879146,2.303144,13,3,2
202100006610,189Â 974,B01,1,1,1,0,2,0,-1,-1, -1,-1,2021,35.0,3,1,0,2,7,1,1,,4,RHIN ET DANUBE (AV) NÂ° IMP 271 A 339,0,,1,1,0,1,0,0,1,, -1,1,0,1,50,23,11,1,72,72181,2,1,0,3,RHIN ET DANUBE (AV) NÂ° IMP 271 A 339,48.0250098952,0.1817536352,14,2,2
202100022994,160Â 528,A01,1,1,2,0,1,0,-1,-1, -1,-1,2021,19.0,1,2,0,0,1,12,1,,1,A13,0,,3,2,0,1,47,700,1,, -1,1,0,2,110,22,8,1,78,78362,1,1,0,7,A13,48.974323,1.727884,15,1,1
202100053350,106Â 360,A01,10,3,2,9,0,-1,-1,4,3,1,2021,50.0,2,1,0,1,1,1,1,,4,RUE DE DANTZIG,0,,1,1,0,2,(1),(1),1,, -1,2,0,1,30,28,1,1,75,75115,2,2,0,6,RUE DE DANTZIG,48.833499,2.298706,14,2,1
202100047923,116Â 073,A01,1,1,1,1,1,0,-1,0,0,-1,2021,23.0,1,2,0,2,1,26,1,,4,BLANZAT (RUE DE),0,,2,2,0,2,(1),(1),1,, -1,1,0,1,50,12,3,1,63,63113,2,1,0,2,BLANZAT (RUE DE),45.78433,3.08458,17,2,2
202100033221,142Â 381,B01,1,1,1,0,2,0,-1,-1, -1,-1,2021,37.0,2,1,0,2,7,1,1,,3,GABRIEL PERI (AV),0,,2,2,0,1,1,0,1,, -1,1,0,1,30,20,6,1,94,94044,2,1,0,3,GABRIEL PERI (AV),48.754,2.484,18,2,2
202100037720,134Â 241,A01,1,1,1,0,2,0,-1,-1, -1,-1,2021,63.0,2,1,0,2,4,12,1,,1,13,0,,3,6,0,1,4,599,1,, -1,1,0,1,70,29,5,1,92,92064,1,1,0,2,A13,48.8395449611,2.2033800821,17,2,2
202100055475,102Â 687,A01,10,3,2,0,0,-1,-1,4,3,1,2021,18.0,2,0,0,1,3,15,1,,7,617,0,,2,2,0,1,(1),(1),1,, -1,1,0,1,50,11,1,1,59,59378,2,3,0,6,NATIONALE RUE,50.66553,3.07627,15,2,1
202100052822,107Â 306,A01,2,2,2,5,1,-1,-1,0,0,-1,2021,62.0,1,5,4,0,7,1,1,,1,89,-1,A,3,4,0,1,121,870,1,, -1,4,0,1,110,1,2,1,24,24053,1,1,1,6,Autoroute A89 - PK 121+870,45.141598,0.784104,8,3,1
202100043987,123Â 058,B01,1,1,2,1,1,-1,-1,0,0,-1,2021,28.0,1,2,0,2,1,1,1,,3,156,0,D,2,2,0,1,0,879,1,, -1,2,5,1,80,16,3,2,76,76295,1,3,1,1,Route de Gournay,49.6345545414,1.6224776208,8,4,2
202100019235,167Â 250,B01,1,1,1,3,8,0,-1,-1, -1,-1,2021,28.0,3,1,0,2,8,5,3,,4,,0,,1,1,0,1,0,0,1,, -1,1,0,1,50,13,9,1,92,92025,2,9,0,3,GENERAL CREMER (RUE DU),48.913325,2.242478,15,2,2
202100049099,113Â 990,A01,10,3,2,0,0,-1,-1,3,3,1,2021,57.0,3,2,0,1,1,1,1,,4,,0,,2,2,0,1,(1),(1),1,, -1,1,0,1,50,15,1,2,34,34301,2,1,0,6,MOULINS (QUAI DES),43.4089,3.7031,18,2,1
202100045598,120Â 223,A01,10,3,2,9,0,-1,-1,4,3,2,2021,26.0,1,2,0,1,2,15,1,,7,LYON (AV DE) DU 1AU 37,0,,2,3,3,1,0,5,1,, -1,1,0,1,50,1,4,5,31,31555,2,9,0,6,LYON (AV DE) DU 1AU 37,43.61411,1.45095,21,2,1
202100049317,113Â 610,A01,1,1,1,5,1,-1,-1,0,0,-1,2021,50.0,2,2,0,2,3,13,1,,3,30,0,,2,2,0,1,36,490,1,0,5,1,0,1,80,5,3,1,16,16264,1,1,0,1,lieu-dit Les Sablons,46.101945,0.466461,16,5,2
202100005925,191Â 201,B01,1,1,1,2,8,0,-1,-1, -1,-1,2021,18.0,2,1,1,0,1,1,5,,4,LILLE (RUE DE ),0,,2,2,0,1,(1),(1),1,, -1,1,0,1,50,26,11,2,59,59017,2,1,0,6,LILLE (RUE DE ),50.6843581454,2.8807246685,8,2,2
202100016545,172Â 055,A01,10,3,1,0,0,-1,-1,4,3,1,2021,50.0,1,1,0,1,6,1,1,,3,GENERAL DE GAULLE (AV DU),0,,3,4,0,1,0,0,1,, -1,2,0,1,50,27,9,1,94,94046,2,1,1,3,GENERAL DE GAULLE (AV DU),48.8151,2.4204,9,2,1
202100019741,166Â 358,B01,1,1,1,0,2,0,-1,-1, -1,-1,2021,41.0,2,1,0,2,1,19,5,,3,JEANNE (R),0,,2,1,0,1,1,0,1,, -1,2,0,1,50,10,9,1,94,94055,2,2,1,3,CENTRE (R DU),48.78155,2.52426,18,2,2
202100001914,198Â 372,A01,10,3,1,5,0,-1,-1,2,3,2,2021,67.0,3,5,0,1,1,15,3,,4,FOUR (R DU),0,,2,2,0,1,0,1,1,, -1,1,0,1,50,21,12,1,94,94022,2,3,0,6,Rue du Four,48.7544,2.40933,13,3,1
202100022265,161Â 842,A01,2,2,2,4,1,0,-1,-1, -1,-1,2021,21.0,2,2,0,2,2,8,1,,4,TOULOUSE (AVENUE DE,0,,2,2,3,2,(1),(1),1,, -1,1,0,1,50,27,8,1,34,34172,2,3,0,3,Avenue de Toulouse,43.5952,3.86196,18,3,2
202100046832,118Â 068,A01,1,1,2,5,8,-1,-1,0,0,-1,2021,50.0,2,2,8,0,3,1,1,,3,17,0,,2,2,0,1,11,876,1,, -1,1,0,3,-1,23,3,3,44,44152,1,1,0,6,56 Hessin,47.467031,-2.005214,23,1,1
202100049763,112Â 792,A01,1,1,1,5,2,6,-1,0,0,-1,2021,38.0,2,1,0,2,1,1,1,,4,PORTE D AUTEUIL,0,,1,4,0,1,(1),(1),1,, -1,1,0,1,70,26,2,1,75,75116,2,4,0,2,PORTE D AUTEUIL,48.846675,2.254583,11,2,2
202100046954,117Â 847,A01,1,1,1,9,2,0,-1,0,0,-1,2021,51.0,1,1,7,2,2,17,3,,4,BOULEVARD RICHARD LENOIR,0,,3,2,1,1,(1),(1),1,, -1,1,-1,5,50,23,3,1,75,75111,2,3,0,3,BOULEVARD RICHARD LENOIR,48.857056,2.371203,17,2,2
202100049820,112Â 700,B01,1,1,1,0,2,6,-1,0,0,-1,2021,61.0,3,1,0,2,7,1,1,,4,,-1,,-1,2,0,1,(1),(1),1,, -1,1,0,1,50,26,2,1,6,6085,2,1,0,3,Chemin des Peyroues,43.602459,6.986414,15,2,2
202100036227,136Â 932,A01,10,3,1,0,0,-1,-1,1,4,2,2021,4.0,0,2,0,1,1,1,1,,6,ARTOIS (ALLEE D'),0,,-1,-1,0,1,0,0,1,, -1,1,0,1,30,5,6,1,91,91687,2,1,0,6,ARTOIS (ALLEE D'),48.66923,2.35951,19,2,1
202100022708,161Â 008,A01,2,2,2,0,1,0,-1,0,0,-1,2021,59.0,2,2,0,2,1,19,1,,7,ROUSSILLON (AVENUE DU),0,,3,4,0,1,(1),(1),1,, -1,1,0,1,50,23,8,1,63,63014,2,2,0,3,ROUSSILLON (AVENUE DU),45.75545,3.12914,16,3,2
202100010600,182Â 782,F01,1,1,1,0,2,6,-1,0,0,-1,2021,35.0,3,1,0,2,1,17,1,,3,,-1,,2,2,2,1,28,685,1,,4,1,0,1,70,25,10,1,6,6161,1,1,0,1,Route du Bord de Mer D6098,43.62847,7.134023,9,2,2
202100001677,198Â 799,A01,1,1,1,0,2,6,-1,-1, -1,-1,2021,25.0,2,1,0,2,8,18,1,,1,AUTOROUTE A3,0,,-1,9,0,1,0,500,3,, -1,1,0,1,70,23,12,1,93,93006,1,1,0,3,AUTOROUTE A3,48.86598,2.41625,11,2,2
202100051251,110Â 072,B01,2,1,1,5,2,0,-1,-1, -1,-1,2021,29.0,1,1,0,2,1,2,1,,1,A507 sens Aubagne- Marseille,0,,1,2,0,2,4,900,1,, -1,1,0,1,70,17,2,1,13,13055,1,1,0,2,A507 sens Aubagne- Marseille,43.32184,5.42293,13,2,2
202100022679,161Â 078,B01,2,2,2,5,1,0,-1,-1, -1,-1,2021,11.0,1,2,0,2,4,2,1,,1,10,0,,1,3,0,1,3,99,1,, -1,1,0,1,90,25,8,1,91,91377,1,1,0,2,AUTOROUTE A10,48.7239,2.2981,17,3,2
202100016666,171Â 838,A01,10,3,1,2,0,-1,-1,1,3,1,2021,11.0,3,2,0,1,3,1,1,,4,LEVA (RUE / IMPASSE),0,,2,2,0,1,(1),(1),1,, -1,1,0,1,50,24,9,1,1,1283,2,1,0,6,LEVA (RUE / IMPASSE),46.26558,5.657514,12,2,1
202100020020,165Â 841,B01,1,1,1,5,1,-1,-1,-1,0,-1,2021,31.0,1,2,0,2,4,2,1,,1,AUTOROUTE A15,0,,3,6,0,1,19,700,1,, -1,2,0,1,90,8,9,3,95,95488,1,1,1,4, A15,49.02319,2.13418,23,3,3
202100052857,107Â 236,A01,1,1,1,0,8,0,-1,-1, -1,-1,2021,30.0,1,1,0,0,0,26,1,,4,JACQUES DUCLOS (RUE) - RIVIERE DES GAL  ,0,,-1,2,0,1,0,0,1,, -1,1,0,1,50,1,2,5,974,97407,2,1,0,7,JACQUES DUCLOS (RUE) - RIVIERE DES GAL  ,-20.9587,55.31459,19,1,1
202100038378,133Â 040,A01,1,1,1,9,1,-1,-1,0,0,-1,2021,53.0,2,2,9,0,3,1,1,,4,LIBERATION AVENUE DE LA,0,,1,1,1,1,(1),(1),1,, -1,1,8,4,50,25,5,1,29,29232,2,1,0,6,Avenue de la Liberation,47.99117,-4.07486,9,1,1
202100033424,142Â 025,Z01,10,3,1,1,0,-1,-1,2,3,1,2021,21.0,0,2,0,1,1,16,0,,4,PLACE STUART MERRILL,0,,1,2,0,1,(1),(1),1,, -1,1,0,1,50,16,6,1,75,75117,2,7,0,6,PLACE STUART MERRILL,48.886097,2.292452,12,2,1
202100006855,189Â 527,C01,7,2,2,5,1,-1,-1,0,0,-1,2021,56.0,2,2,0,2,3,1,1,,3,926,-1,,2,2,0,1,17,385,1,, -1,2,0,1,90,21,11,3,61,61008,1,1,0,5,D926,48.730174,0.545948,17,5,3
202100013620,177Â 372,A01,1,1,1,5,2,6,-1,-1, -1,-1,2021,32.0,1,1,0,2,1,1,1,,3,DÃ©partementale 914,0,,1,0,0,2,4,25,2,, -1,1,0,1,90,12,10,1,66,66136,2,1,0,2,,42.66375,2.9205,8,2,2
202100048455,115Â 148,A01,10,3,1,3,0,-1,-1,5,2,1,2021,47.0,1,2,0,1,3,13,1,,4,JULES FERRY (RUE),0,,2,2,0,2,0,0,2,, -1,2,0,4,50,8,3,2,93,93053,2,1,1,6,JULES FERRY (RUE),48.8935356979,2.4718893836,17,2,1
202100005475,192Â 001,B01,2,1,1,0,8,0,-1,-1, -1,-1,2021,55.0,3,1,0,2,1,1,5,,4,GRIMAUD (EMILE),0,,2,4,0,1,0,0,1,, -1,1,0,1,30,29,11,1,974,97411,2,2,0,3,GRIMAUD (EMILE),-20.89271,55.48348,10,2,2
202100043037,124Â 746,B01,2,2,1,5,1,0,-1,-1, -1,-1,2021,50.0,2,2,0,2,7,1,1,,3,AVENUE DE LA REPUBLIQUE,0,,2,2,0,1,0,0,1,, -1,1,0,1,50,18,4,1,28,28220,2,2,0,5,AVENUE DE LA REPUBLIQUE,48.42681,1.4724,8,4,3
202100005849,191Â 330,A01,1,1,1,5,1,0,-1,-1, -1,-1,2021,21.0,2,2,0,2,2,1,1,,1,A13,0,,1,3,0,3,31,600,1,, -1,2,0,1,130,27,11,3,78,78140,1,1,0,3,A13,48.95807,1.93371,3,2,2
202100014129,176Â 431,A01,1,1,1,5,2,6,-1,-1, -1,-1,2021,23.0,1,1,0,2,1,1,1,,4,GUILLOTIERE (DE LA)                 (GR),0,,1,2,2,2,(1),(1),1,, -1,1,0,1,50,11,9,5,69,69387,2,2,0,3,GUILLOTIERE (DE LA) (GR),45.74849,4.85468,4,2,2
202100009026,185Â 580,A01,1,1,1,5,8,6,-1,0,0,-1,2021,48.0,1,1,13,0,1,1,1,,3,951,0,,2,2,0,1,65,900,1,, -1,1,0,3,80,6,11,3,45,45324,1,1,0,7,Route de Jargeau,47.813291,2.171162,18,1,1
202100012940,178Â 605,A01,10,3,1,5,0,-1,-1,1,3,1,2021,51.0,2,2,0,1,2,1,1,,3,785,-1,D,2,2,0,1,10,400,1,, -1,1,0,1,80,15,10,3,29,29202,1,1,0,6,D785 - Ty Grean,48.466043,-3.876919,21,2,1
202100003040,196Â 344,A01,1,1,1,0,1,0,-1,-1, -1,-1,2021,31.0,1,5,4,0,0,2,1,,1,AUTOROUTE A25,0,,-1,8,0,1,4,0,1,, -1,2,0,1,70,10,12,5,59,59350,1,1,0,6,AUTOROUTE A25,50.6175197426,3.0319154263,0,2,2
202100048758,114Â 612,A01,1,1,1,4,1,-1,-1,-1, -1,-1,2021,31.0,1,2,14,0,3,1,1,,1,A6   428.880 A 431.800,0,,3,6,0,1,429,500,1,, -1,1,8,1,130,8,3,1,69,69009,1,1,0,2,A6,45.9565320424,4.7175539732,10,2,2
202100051988,108Â 780,A01,1,1,2,0,2,8,-1,-1, -1,-1,2021,23.0,1,1,0,2,8,15,5,,4,BERTHELOT                           (AV),0,,1,3,0,1,(1),(1),1,, -1,1,0,1,50,9,2,5,69,69388,2,1,0,3,BERTHELOT                           (AV),45.73953,4.85941,17,2,2
202100015716,173Â 574,B01,2,2,1,0,1,0,-1,-1, -1,-1,2021,50.0,1,2,0,2,4,1,1,,1,AUTOROUTE A86,0,,2,4,0,1,51,799,1,, -1,1,0,1,70,2,10,1,94,94034,1,1,0,2,AUTOROUTE A86,48.76198,2.3151,13,3,2
202100037668,134Â 329,B01,1,1,1,5,2,-1,-1,0,0,-1,2021,17.0,3,1,0,2,1,5,1,,4,32,0,C,2,2,0,1,(1),(1),3,, -1,1,0,1,90,29,5,1,3,3272,1,1,0,1,Lieu Dit Champ Villard,46.285127,3.593817,16,2,2
202100047180,117Â 433,B01,1,1,1,5,2,6,9,0,0,-1,2021,50.0,2,1,0,2,1,1,1,,7,8,0,N,2,2,0,1,57,400,1,, -1,1,5,1,80,21,3,1,13,13030,1,3,1,3,D8n,43.271321,5.683504,15,2,2
202100016567,172Â 018,A01,1,1,1,5,2,6,-1,0,0,-1,2021,54.0,1,1,0,6,1,1,1,,3,913,0,,2,2,0,4,27,0,1,, -1,1,0,1,90,28,9,1,23,23247,1,1,0,6,Lavaud,46.224503,1.741258,7,1,1
202100023272,160Â 019,A01,1,1,1,0,1,0,-1,-1, -1,-1,2021,72.0,3,2,0,2,2,0,6,,4,JEAN MERMOZ (AVENUE),0,,2,2,0,1,(1),(1),3,, -1,1,9,1,70,19,8,1,60,60057,2,1,0,3,Avenue Jean Mermoz,49.43802,2.06882,13,2,2
202100031757,144Â 994,A01,1,1,1,0,8,0,-1,-1, -1,-1,2021,37.0,2,1,0,2,8,7,5,,3,PARIS (RUE DE),0,,1,2,1,1,0,1,1,, -1,1,0,5,50,29,6,1,93,93008,2,1,0,3,PARIS (RUE DE),48.89999,2.44958,6,4,2
202100016871,171Â 466,B01,1,1,1,1,2,6,-1,-1, -1,-1,2021,43.0,2,1,0,2,1,1,1,,3,BLANC AVENUE ROSETTE,0,,2,2,0,2,1,915,3,, -1,1,0,1,70,24,9,3,66,66136,1,1,0,1,BLANC AVENUE ROSETTE,42.70035,2.92077,6,2,2
202100031614,145Â 243,B01,1,1,2,0,1,0,-1,-1, -1,-1,2021,24.0,1,1,0,2,1,2,5,,3,HENRI BARBUSSE (BOULEVARD),0,,2,2,0,1,1,0,1,, -1,2,0,1,30,30,6,1,93,93048,2,1,1,2,Boulevard Henri Barbusse,48.867406,2.442147,8,2,2
202100027121,153Â 238,A01,2,2,1,5,0,-1,-1,0,0,-1,2021,19.0,3,6,0,0,0,1,1,,4,,-1,,-1,2,0,3,(1),(1),1,, -1,1,0,1,-1,25,7,1,2,2445,1,1,0,7,CHEMIN DES CARRIÃRES,49.920269,3.96511,17,2,1
202100000507,200Â 796,B01,1,1,2,5,1,0,-1,0,0,-1,2021,77.0,1,2,0,2,4,23,1,,3,RD 2009,0,,2,2,0,2,18,850,1,, -1,1,0,1,80,9,11,1,63,63300,1,1,0,4,RD 2009,45.9122,3.1304,8,3,3