Num_Acc,id_vehicule,num_veh,place,catu,sexe,trajet,secu1,secu2,secu3,locp,actp,etatp,year_acc,victim_age,senc,catv,obs,obsm,choc,manv,motor,occutc,catr,voie,v1,v2,circ,nbv,vosp,prof,pr,pr1,plan,lartpc,larrout,surf,infra,situ,vma,jour,mois,lum,dep,com,agg_,int,atm,col,adr,lat,long,hour,nb_victim,nb_vehicules
202100024738,157Â 427,A01,1,1,1,5,2,8,-1,0,0,-1,2021,63.0,1,6,8,0,7,26,1,,4,RUE BOUTET DE MONVEL,0,,2,2,0,1,(1),(1),1,, -1,1,0,4,30,7,8,5,54,54329,2,1,0,6,RUE BOUTET DE MONVEL,48.6007,6.49203,1,1,1
202100039066,131Â 806,B01,1,1,1,2,2,-1,-1,-1, -1,-1,2021,7.0,1,1,0,2,8,19,5,,4,PHILIPPE DE LASSALLE                (R ),0,,2,2,0,1,(1),(1),1,, -1,1,0,1,30,20,5,1,69,69384,2,2,0,3,PHILIPPE DE LASSALLE (R),45.7795928519,4.8204544951,17,2,2
202100051581,109Â 494,A01,10,3,2,0,8,-1,-1,1,3,2,2021,12.0,1,1,0,1,7,2,0,,4,BUIRETTE (RUE),0,,2,2,0,1,(1),(1),1,, -1,1,0,1,30,13,2,1,51,51454,2,1,0,7,Rue Buirette,49.2544420398,4.0253155886,17,2,1
202100045422,120Â 540,A01,1,1,2,4,1,0,-1,0,0,-1,2021,24.0,2,5,0,2,3,1,1,,4,RUE CARDINET,0,,2,2,0,1,(1),(1),1,, -1,1,0,1,50,2,4,1,75,75117,2,3,0,6,RUE CARDINET,48.889699,2.316682,16,2,1
202100012682,179Â 048,A01,1,1,1,5,2,0,-1,0,0,-1,2021,65.0,3,1,0,2,4,1,1,,4,PLACE SAINT AUGUSTIN,0,,-1,2,0,1,(1),(1),1,, -1,1,0,1,30,17,10,1,75,75108,2,7,0,2,PLACE SAINT AUGUSTIN,48.874754,2.319784,9,3,2
202100025005,156Â 958,B01,1,1,1,5,0,0,-1,-1, -1,-1,2021,35.0,1,1,0,2,1,1,0,,3,EXPRESS (VOIE),0,,2,2,0,1,31,0,1,, -1,1,0,1,70,8,8,1,17,17380,1,1,0,1,EXPRESS (VOIE),45.6554,-1.0959,15,2,2
202100030080,148Â 016,B01,1,1,1,5,2,-1,-1,0,0,-1,2021,17.0,1,1,0,2,1,1,1,,3,975,-1,,2,2,0,2,15,438,1,,4,1,0,1,80,8,7,3,1,1196,1,4,0,1,Route de Bourg,46.355062,5.124055,22,2,2
202100009341,185Â 009,A01,10,3,1,3,0,-1,-1,5,5,2,2021,5.0,3,2,0,1,1,1,0,,4,,-1,,2,2,0,1,(1),(1),1,,4,2,0,1,50,5,11,5,25,25240,2,1,0,6,1 Rue des Tilleuls,47.069599,6.619665,18,2,1
202100043747,123Â 490,A01,2,2,2,5,2,0,-1,-1, -1,-1,2021,15.0,2,1,0,2,8,19,1,,4,HELENE BOUCHER (RUE),0,,2,2,0,1,(1),(1),1,, -1,1,0,1,50,14,4,1,86,86194,2,1,0,3,Rue Helene Boucher,46.5907721,0.322726,17,3,2
202100008677,186Â 229,B01,1,1,1,1,2,0,-1,-1, -1,-1,2021,37.0,2,1,0,2,7,2,1,,3,BADUEL (ROUTE DE),0,,2,2,0,1,4,300,1,, -1,1,0,1,50,8,11,1,973,97302,2,1,0,3,BADUEL (ROUTE DE),4.92773,-52.29161,7,2,2
202100048392,115Â 258,A01,1,1,2,0,1,-1,-1,-1, -1,-1,2021,57.0,1,2,0,2,2,9,1,,4,FLORIAN      (Rue),0,,2,2,0,1,(1),(1),1,, -1,1,0,1,50,11,3,1,69,69266,2,2,0,3,FLORIAN (R),45.7601,4.88075,14,2,2
202100037009,135Â 547,B01,1,1,1,0,1,8,-1,0,0,-1,2021,28.0,3,2,0,2,3,15,1,,7,LIBERTE (AVENUE DE LA,0,,2,2,0,1,16,240,1,, -1,1,0,1,50,1,6,1,34,34172,2,2,0,1,LIBERTE (AVENUE DE LA,43.61137,3.8287,9,4,2
202100036383,136Â 669,A01,1,1,1,5,2,0,-1,-1, -1,-1,2021,35.0,2,6,0,0,0,1,1,,3,VANTEAUX (BOULEVARD DE),0,,3,4,0,2,0,0,1,, -1,1,0,1,50,2,6,1,87,87085,2,1,0,7,VANTEAUX (BOULEVARD DE),45.82357,1.2265,20,1,1
202100016966,171Â 295,B01,1,1,1,5,2,8,-1,0,0,-1,2021,66.0,2,1,0,2,8,1,0,,4,,0,,2,2,0,1,0,0,1,, -1,1,0,1,50,22,9,1,14,14487,2,1,0,6,VALLEE (ROUTE),49.19247,0.22249,16,2,2
202100009272,185Â 125,A01,1,1,2,1,1,8,-1,-1, -1,-1,2021,27.0,2,2,0,0,1,1,1,,3,AURIAC -CHEMIN-,0,,2,2,0,2,1,0,3,, -1,2,0,1,50,4,11,1,11,11069,2,1,0,7,AURIAC -CHEMIN-,43.19214,2.33598,8,1,1
202100012796,178Â 844,B01,8,2,2,0,1,0,-1,-1, -1,-1,2021,46.0,2,2,0,2,4,23,1,,1,AUTOROUTE A86,0,,3,6,0,1,12,300,1,, -1,1,2,1,70,16,10,5,93,93039,1,1,0,2,AUTOROUTE A86,48.92728,2.33487,23,5,2
202100029025,149Â 849,A01,1,1,1,5,2,-1,-1,0,0,-1,2021,49.0,1,1,0,2,1,2,5,,3,48,0,,2,2,0,1,5,713,3,, -1,1,0,1,50,14,7,1,44,44069,2,1,0,1,Route du Bois du Pont lieu dit Bouzaire,47.370011,-2.384312,16,2,2
202100027267,152Â 985,A01,1,1,1,0,1,-1,-1,0,0,-1,2021,20.0,1,2,0,2,1,13,1,,3,723,-1,,2,3,0,2,52,700,1,, -1,2,0,1,80,24,7,1,44,44028,1,9,1,1,D723,47.336703,-1.356786,18,2,2
202100042490,125Â 670,A01,1,1,2,3,1,0,-1,-1, -1,-1,2021,24.0,1,2,0,2,1,15,1,,4,COMMANDANT COUSTEAU (RUE DU),0,,2,2,0,1,(1),(1),1,, -1,1,0,1,50,25,4,1,10,10333,2,3,0,3,COMMANDANT COUSTEAU (RUE DU),48.273972,4.055201,11,3,2
202100047723,116Â 443,A01,10,3,1,3,0,-1,-1,3,3,1,2021,15.0,1,5,0,1,1,1,1,,4,VALLEES (ROUTE DES),0,,2,2,0,1,0,0,1,, -1,1,0,1,50,7,3,1,74,74012,2,1,1,6,VALLEES (ROUTE DES),46.19322,6.24298,9,2,1
202100022400,161Â 608,B01,1,1,1,0,2,-1,-1,-1, -1,-1,2021,50.0,2,1,0,2,1,1,1,,4,PERRACHE                            (QU),0,,2,2,0,1,(1),(1),1,, -1,1,0,1,50,26,8,1,69,69382,2,3,0,1,PERRACHE (Q),45.74236,4.82496,15,2,2
202100002152,197Â 939,A01,1,1,2,5,2,6,-1,0,0,-1,2021,44.0,1,1,0,2,2,3,1,,4,PORTE DAUPHINE,0,,1,4,0,1,15,200,1,, -1,1,0,1,70,18,12,5,75,75116,2,1,0,3,PORTE DAUPHINE,48.870483,2.272529,20,2,2
202100005589,191Â 813,B01,1,1,1,2,2,6,-1,0,0,-1,2021,18.0,2,1,0,2,1,16,1,,3,58,0,D,2,2,0,1,21,102,2,, -1,2,0,1,80,1,12,2,76,76442,1,4,1,3,d58,49.9941453646,1.4714089036,8,2,2
202100042467,125Â 711,A01,2,2,2,0,1,0,-1,-1, -1,-1,2021,57.0,2,2,0,2,2,16,1,,4,FAUBOURG BANNIER (RUE DU ),0,,-1,2,1,1,(1),(1),1,, -1,1,0,5,50,26,4,1,45,45234,2,9,0,3,Rue du Faubourg Bannier,47.91583,1.89905,10,3,2
202100033064,142Â 637,B01,1,1,2,1,1,0,-1,-1, -1,-1,2021,49.0,1,2,0,2,1,1,1,,4,ROME (RUE DE),0,,2,2,3,1,0,0,1,, -1,1,0,1,50,21,6,1,13,13206,2,2,0,3,ROME (RUE DE),43.2921,5.38038,8,2,2
202100037997,133Â 744,B01,4,2,1,0,1,0,-1,-1, -1,-1,2021,11.0,0,2,0,2,1,2,1,,7,GRAMME (CHAUSSEE),0,,3,4,0,1,(1),(1),1,, -1,1,0,1,50,27,5,1,59,59599,2,1,0,5,GRAMME (CHAUSSEE),50.7377,3.16437,17,4,3
202100024988,156Â 994,B01,2,2,1,0,1,-1,-1,-1, -1,-1,2021,20.0,3,2,0,2,4,23,1,,4,PAUL SANTY                          (AV),0,,3,2,3,1,(1),(1),1,, -1,1,0,1,50,8,8,1,69,69388,2,1,0,2,PAUL SANTY (AV),45.7308,4.87471,16,3,2
202100022311,161Â 755,B01,1,1,1,0,2,0,-1,-1, -1,-1,2021,26.0,1,1,0,2,8,15,1,,3,GRANDE RUE,0,,2,4,0,1,0,0,1,, -1,1,0,1,50,27,8,3,93,93077,2,2,0,3,Grande Rue / Rue du Parc,48.8825407707,2.5248491763,21,2,2
202100028210,151Â 271,A01,3,2,2,0,1,-1,-1,0,0,-1,2021,20.0,0,2,3,0,1,0,1,,3,D11,-1,,1,2,0,3,(1),(1),1,, -1,1,0,4,70,20,7,3,38,38249,1,6,0,6,Route de DomÃ¨ne (Pont),45.222209,5.822201,1,5,1
202100041946,126Â 644,A01,1,1,1,0,2,8,-1,-1, -1,-1,2021,38.0,1,1,0,2,3,18,1,,3,KENNEDY (AVENUE DU PRESIDENT),0,,2,2,0,1,1,0,1,, -1,1,0,1,50,30,4,1,93,93064,2,1,0,3,KENNEDY (AVENUE DU PRESIDENT),48.87821,2.48857,20,2,2
202100001620,198Â 902,A01,10,3,1,9,0,-1,-1,2,3,1,2021,7.0,1,2,0,1,3,1,1,,4,RUE FRUCTIDOR,0,,-1,2,0,1,(1),(1),1,, -1,1,0,1,30,23,12,1,75,75117,2,1,0,6,RUE FRUCTIDOR,48.900936,2.32643,16,2,1
202100010183,183Â 501,A01,1,1,2,9,8,0,-1,-1, -1,-1,2021,25.0,3,2,8,0,3,0,1,,3,VAILLANT COUTURIER (AVENUE PAUL),0,,1,2,3,1,0,0,1,, -1,2,6,1,50,30,10,5,93,93008,2,1,1,3,VAILLANT COUTURIER (AVENUE PAUL),48.90928,2.4488,5,1,1
202100006555,190Â 083,A01,10,3,1,0,8,8,-1,0,5,1,2021,8.0,3,2,0,2,8,21,1,,4,tsoundzou-Maternelle ( rue de la ),0,,1,1,0,1,0,0,4,, -1,1,9,1,30,22,11,1,976,97611,2,1,0,6,tsoundzou-Maternelle ( rue de la ),-12.80717,45.20471,11,2,1
202100045233,120Â 870,B01,2,2,1,1,8,0,-1,-1, -1,-1,2021,28.0,0,0,0,2,4,4,0,,4,MICHELET (BOULEVARD),0,,-1,0,0,1,1,0,1,, -1,1,0,1,50,3,4,1,13,13209,2,1,0,2,MICHELET (BOULEVARD),43.26003,5.3981,14,3,2
202100055472,102Â 691,A01,1,1,1,0,1,0,-1,0,0,-1,2021,19.0,1,2,6,0,1,1,1,,4,,0,,2,2,0,1,(1),(1),1,, -1,1,0,8,50,8,1,4,63,63113,2,1,0,6,TROIS RESISTANTS (RUE DES),45.79518,3.0768,20,1,1
202100029143,149Â 654,A01,4,2,2,5,1,0,-1,-1, -1,-1,2021,78.0,2,2,0,2,3,15,1,,4,BOURROCHES (DES) (BOULEVARD),0,,2,2,0,1,0,0,1,, -1,2,0,1,50,12,7,5,21,21231,2,3,1,3,BOURROCHES (DES) (BOULEVARD),47.3116220072,5.0148022533,22,5,2
202100017033,171Â 172,B01,1,1,1,1,2,6,-1,0,0,-1,2021,23.0,3,1,0,2,1,1,1,,4,PLACE CHARLES DE GAULLE,0,,1,5,0,1,(1),(1),2,, -1,1,0,1,30,24,9,1,75,75116,2,7,0,3,PLACE CHARLES DE GAULLE,48.8737315277,2.2941631079,16,2,2
202100035886,137Â 541,A01,10,3,2,0,0,-1,-1,2,5,2,2021,3.0,1,2,0,1,2,1,0,,4,VERDUN (AVENUE DE),0,,2,2,1,1,0,1,1,, -1,1,0,1,50,25,5,1,74,74012,2,1,0,6,VERDUN (AVENUE DE),46.18669,6.24301,19,2,1
202100008284,186Â 908,B01,1,1,1,5,2,-1,-1,0,0,-1,2021,54.0,1,1,0,2,1,1,1,,2,2,-1,,2,2,0,1,25,0,1,, -1,1,0,1,50,13,11,1,972,97204,2,1,0,1,le coin,14.703064,-61.182046,6,2,2
202100004201,194Â 245,A01,1,1,1,0,1,0,-1,-1, -1,-1,2021,29.0,1,2,0,2,1,2,1,,1,AUTOROUTE A21,0,,-1,4,0,1,36,400,1,, -1,2,0,1,110,5,12,3,59,59569,1,1,1,2,AUTOROUTE A21,50.379562898,3.1494283676,2,2,2
202100034915,139Â 296,A01,1,1,1,5,2,6,-1,-1, -1,-1,2021,24.0,2,1,0,2,8,3,1,,1,A4,0,,1,4,0,1,9,899,1,, -1,1,1,1,90,11,6,1,94,94017,1,1,0,2,A4,48.8267840801,2.5141683324,19,2,2
202100006220,190Â 690,A01,1,1,2,5,1,0,-1,-1, -1,-1,2021,24.0,1,2,0,2,8,10,1,,4,CARNOT (BOULEVARD),0,,4,3,0,1,0,0,1,, -1,2,0,1,50,25,11,1,87,87085,2,1,1,3,CARNOT (BOULEVARD),45.83219,1.26123,11,3,2
202100009654,184Â 450,B01,1,1,2,1,0,-1,-1,0,0,-1,2021,39.0,3,1,0,0,7,11,5,,4,,-1,,2,2,0,1,(1),(1),1,,4,1,0,1,50,28,10,1,31,31022,2,4,0,3,Avenue du Parc,43.674899657,1.4324254293,17,2,2
202100039376,131Â 218,A01,1,1,1,1,2,6,-1,0,0,-1,2021,35.0,1,1,0,1,1,1,1,,2,10,0,T,2,2,0,2,27,300,1,,7,1,0,1,50,20,5,1,201,201247,2,1,0,6,Avenue de Bastia,41.612442,9.279349,14,2,1
202100006369,190Â 412,A01,1,1,1,1,2,6,-1,-1, -1,-1,2021,41.0,2,1,0,2,1,2,1,,3,RD 444,0,,1,1,0,1,2,299,1,, -1,1,0,1,70,25,11,1,91,91312,1,1,0,2,RD 444,48.73978,2.22522,8,2,2
202100007969,187Â 486,A01,2,1,1,0,8,0,-1,-1, -1,-1,2021,23.0,2,1,5,0,0,0,0,,4,ABBE LAVIGNE (AVENUE),0,,2,2,0,1,0,0,1,, -1,1,0,1,50,15,11,1,972,97209,2,1,0,7,ABBE LAVIGNE (AVENUE),14.61256,-61.07181,15,1,1
202100043724,123Â 535,C01,1,1,1,0,2,0,-1,-1, -1,-1,2021,38.0,1,1,0,2,3,1,1,,1,AUTOROUTE A86,0,,3,2,0,1,49,900,3,, -1,1,0,1,90,17,4,1,94,94034,1,1,0,4,AUTOROUTE A86,48.75629,2.3416,13,3,3
202100000363,201Â 062,A01,2,2,2,3,2,6,-1,-1, -1,-1,2021,14.0,3,1,12,0,3,13,1,,4,FELIX TURI (BD ),0,,2,1,0,1,1,233,3,, -1,1,0,4,30,5,5,2,13,13102,2,1,0,3,FELIX TURI (BD ),43.4157589297,5.2459273836,19,2,1
202100049117,113Â 958,A01,1,1,1,0,8,0,-1,-1, -1,-1,2021,26.0,1,1,0,2,1,13,1,,4,Corniche John FitzgÃ©rald Kennedy,0,,2,2,0,1,0,0,1,, -1,1,0,1,50,5,3,1,13,13207,2,2,0,3,Corniche John FitzgÃ©rald Kennedy,43.2822960037,5.3508560526,16,2,2
202100035374,138Â 480,A01,1,1,1,5,1,-1,-1,0,0,-1,2021,24.0,1,2,13,0,2,1,1,,3,67,-1,,2,2,0,2,27,500,1,, -1,1,0,3,80,11,6,3,29,29260,1,1,0,6,D67 - Pont de l'Hopital,48.4154869,-4.644685,0,1,1
202100035783,137Â 745,A01,1,1,1,2,8,0,-1,-1, -1,-1,2021,18.0,0,1,0,2,4,26,6,,4,,0,,2,2,0,2,0,0,1,, -1,1,0,1,50,8,6,1,92,92048,2,1,0,2,JEAN JAURES (AVENUE) NÂ° 8 A 72,48.8121626842,2.2455775738,8,2,2
202100009783,184Â 211,A01,2,2,2,5,1,-1,-1,0, -1,-1,2021,22.0,1,2,13,0,1,16,1,,2,RN165 (VE),0,,1,1,0,2,33,500,3,, -1,2,3,1,50,1,11,2,29,29039,1,1,0,6,N165 - Ech Coat Conq,47.9246,-3.89382,6,2,1
202100017703,169Â 980,A01,1,1,1,1,2,4,-1,-1, -1,-1,2021,41.0,3,1,0,2,2,1,1,,3,182,0,,2,4,0,1,0,0,1,, -1,1,0,1,50,21,9,1,78,78158,2,1,0,3,NAPOLEON III,48.83299,2.146851,9,2,2
202100040066,129Â 980,A01,2,2,1,5,2,0,-1,0,0,-1,2021,13.0,1,1,0,0,0,1,1,,4,RUE ALEXANDER FLEMING,0,,2,2,0,1,(1),(1),1,, -1,1,0,1,50,13,5,1,75,75119,2,1,0,7,RUE ALEXANDER FLEMING,48.880844,2.405755,14,2,1
202100055604,102Â 466,A01,10,3,2,0,0,-1,-1,5,1,1,2021,68.0,1,2,6,1,2,1,1,,3,3,0,,2,2,0,1,11,755,1,, -1,2,0,1,50,11,1,1,77,77183,2,2,0,3,Rue PiÃ¨rre Marx,48.9494634019,3.125824287,9,5,2
202100051192,110Â 167,A01,1,1,1,9,8,0,-1,0,0,-1,2021,53.0,1,1,0,2,1,16,3,,4,RUE DE LIEGE,0,,1,1,0,1,(1),(1),1,, -1,1,0,1,50,17,2,1,75,75109,2,5,0,6,RUE DE LIEGE,48.879634,2.327042,17,2,2
202100044237,122Â 593,A01,1,1,1,0,2,6,-1,-1, -1,-1,2021,17.0,1,1,0,0,9,1,1,,3,DELISLES (ROUTE HUBERT) CD3,0,,2,2,0,2,(1),(1),1,, -1,2,0,1,70,12,4,1,974,97416,1,1,1,7,DELISLES (ROUTE HUBERT) CD3,-21.3162382198,55.5464749525,14,1,1
202100017624,170Â 118,B01,1,1,1,0,2,-1,-1,-1, -1,-1,2021,16.0,1,1,0,2,1,15,1,,4,CAPORAL MORANGE    (Rue du),0,,2,2,0,1,(1),(1),1,, -1,1,0,1,50,21,9,1,69,69266,2,3,0,3,CAPORAL MORANGE (DU) (R),45.75201,4.9193,19,2,2
202100047269,117Â 269,B01,1,1,1,5,2,0,-1,-1, -1,-1,2021,45.0,1,1,0,2,1,1,5,,4,CHATEAU (RUE DU) 127/FIN - 133/FIN,0,,2,2,0,1,0,0,1,, -1,1,0,1,30,20,3,1,92,92012,2,2,0,3,CHATEAU (RUE DU) 127/FIN - 133/FIN,48.84199,2.2388,11,2,2
202100023177,160Â 188,A01,2,2,1,5,2,6,9,0,0,-1,2021,12.0,2,1,8,0,0,1,1,,3,518,0,,2,2,0,2,48,300,2,, -1,1,0,3,80,22,8,1,26,26069,1,1,0,6,D518,44.814374,5.392721,13,2,1
202100002457,197Â 381,A01,10,3,1,5,0,-1,-1,4,3,1,2021,56.0,2,2,0,1,7,1,2,,4,BOULEVARD MALESHERBES,0,,1,1,0,1,(1),(1),1,, -1,1,0,1,50,16,12,5,75,75117,2,2,0,6,BOULEVARD MALESHERBES,48.889935,2.303931,19,2,1
202100043398,124Â 092,A01,2,2,1,1,1,8,-1,-1, -1,-1,2021,25.0,1,2,4,0,3,21,1,,1,A50-Sens Marseille vers Aubagne,0,,3,3,0,1,3,200,1,, -1,1,3,1,70,19,4,1,13,13211,2,1,0,7,A50-Sens Marseille vers Aubagne,43.28647,5.43247,7,2,1
202100020268,165Â 406,A01,1,1,1,0,2,0,-1,0,0,-1,2021,18.0,1,1,0,1,7,26,1,,4,ETATS-UNIS (AVENUE DES),0,,2,2,3,1,(1),(1),1,, -1,2,0,6,50,4,9,5,63,63113,2,1,0,6,ETATS-UNIS (AVENUE DES),45.77972,3.08192,0,1,1
202100016257,172Â 573,B01,10,3,1,1,0,8,-1,2,1,1,2021,44.0,2,1,0,1,1,1,1,,3,MAURICE BERTEAUX (AV),0,,2,-1,0,1,1,0,1,, -1,1,0,1,50,27,9,1,94,94059,2,1,0,6,Avenue Maurice Berteaux,48.8145,2.56463,8,2,1
202100044656,121Â 891,B01,1,1,1,4,8,-1,-1,-1, -1,-1,2021,20.0,2,1,0,2,1,19,5,,4,IRENE JOLIOT CURIE                  (BD),0,,3,5,1,2,(1),(1),1,, -1,1,0,1,50,8,4,1,69,69259,2,1,0,3,IRENE JOLIOT CURIE (BD),45.71791,4.87629,14,2,2
202100011816,180Â 600,A01,10,3,1,4,8,8,-1,9,9,1,2021,48.0,3,2,0,1,3,26,1,,4,LEMARCHAND (RUE EDOUARD),0,,1,1,0,1,0,0,1,, -1,1,0,1,50,21,10,1,37,37233,2,9,0,6,LEMARCHAND (RUE EDOUARD),47.3899833909,0.7172194947,11,2,1
202100047620,116Â 635,A01,10,3,1,2,0,-1,-1,2,5,1,2021,16.0,1,2,0,1,2,15,1,,7,JOUHAUX (BD LEON),0,,3,4,3,1,(1),(1),1,, -1,1,0,1,50,17,3,1,63,63113,2,3,0,6,JOUHAUX (BD LEON),45.7942986104,3.1174167633,8,2,1
202100055559,102Â 545,B01,1,1,1,5,2,-1,-1,0,0,-1,2021,17.0,0,1,0,2,1,1,1,,4,,-1,,2,2,0,1,(1),(1),1,, -1,1,0,1,50,11,1,5,34,34225,2,1,0,1,Rue Georges Pujol,43.3667547758,3.0431251748,17,2,2
202100012927,178Â 630,A01,1,1,1,1,2,-1,-1,0,0,-1,2021,16.0,2,1,0,2,1,5,1,,3,,0,,2,2,0,1,9,705,3,,4,1,0,1,50,16,10,1,89,89464,2,3,0,1,Rue de la Grosse Pierre,48.085914,3.299383,13,2,2
202100044260,122Â 551,B01,1,1,2,4,8,0,-1,0,0,-1,2021,52.0,2,1,1,0,1,1,5,,4,LAFAYETTE (BD),0,,2,3,0,1,(1),(1),1,, -1,1,0,1,50,19,2,1,63,63113,2,1,0,6,LAFAYETTE (BD),45.76704,3.10669,12,2,2
202100050846,110Â 798,B01,1,1,1,0,1,0,-1,-1, -1,-1,2021,41.0,1,2,0,2,6,1,1,,1,AUTOROUTE A5A,0,,3,6,0,1,5,599,1,, -1,1,0,1,110,19,2,3,77,77384,1,1,0,2,AUTOROUTE A5A,48.60404,2.5917,21,2,2
202100013270,178Â 020,A01,1,1,1,1,8,0,-1,-1, -1,-1,2021,57.0,1,1,0,2,1,15,5,,4,DUBOIS (DU LT-COL),0,,2,1,0,1,0,0,1,, -1,1,0,1,50,14,10,1,35,35238,2,3,0,3,DUBOIS (DU LT-COL),48.10714,-1.73389,16,2,2
202100041576,127Â 285,A01,1,1,1,0,1,0,-1,-1, -1,-1,2021,38.0,-1,2,0,2,1,26,1,,3,FELIX FAURE (BLD) =>174,0,,2,2,0,1,0,1,1,, -1,1,0,8,50,2,5,1,93,93001,2,1,0,1,FELIX FAURE (BLD) =>174,48.9114797082,2.3752800255,20,3,2
202100015882,173Â 288,A01,1,1,2,5,1,0,-1,-1, -1,-1,2021,62.0,3,2,2,2,8,26,1,,4,ROUSSILLON (AVENUE DU),0,,2,2,0,1,0,0,2,, -1,1,0,1,50,30,9,1,87,87085,2,6,0,3,ROUSSILLON (AVENUE DU),45.82054,1.2242,10,2,2
202100051690,109Â 299,Z01,10,3,2,5,0,-1,-1,1,3,2,2021,15.0,1,0,0,1,1,1,0,,4,GENEVIEVE BIANQUIS (RUE),0,,2,1,0,1,(1),(1),1,, -1,1,0,1,30,9,2,1,21,21231,2,2,0,6,GENEVIEVE BIANQUIS (RUE),47.3380085492,5.0471093248,17,3,1
202100019038,167Â 607,A01,2,2,1,5,2,-1,-1,0,0,-1,2021,15.0,3,1,0,0,7,1,1,,4,,-1,,2,2,0,1,(1),(1),1,,4,1,0,1,50,13,8,1,84,84088,2,3,0,7,Cours de la RÃ©publique,43.99988,5.061838,14,2,1
202100040154,129Â 824,B01,2,2,2,5,1,0,-1,-1, -1,-1,2021,30.0,2,2,0,0,4,15,1,,4,CHE DU SEMPIN,0,,2,2,0,1,1,0,1,, -1,1,0,1,30,9,5,1,77,77108,2,1,0,2,CHE DU SEMPIN,48.8974737814,2.5905205109,19,4,2
202100029051,149Â 812,A01,2,2,2,5,8,-1,-1,0,0,-1,2021,15.0,0,2,13,0,2,1,1,,7,41,-1,E,2,3,0,2,(1),(1),3,, -1,1,0,1,-1,14,7,1,13,13022,1,1,0,3,D41e,43.236721,5.544272,20,2,1
202100034141,140Â 735,A01,1,1,1,5,1,-1,-1,0,0,-1,2021,81.0,2,2,0,2,1,11,1,,3,32,0,,2,2,0,2,1,900,1,, -1,1,0,1,80,16,6,1,28,28173,1,1,0,5,RD32,48.461144,1.542866,17,3,3
202100026861,153Â 707,Y01,1,1,2,1,0,0,-1,0,0,-1,2021,37.0,2,1,0,2,1,1,5,,3,LAGNY (R DE),0,,1,1,1,1,1,0,1,, -1,1,0,5,30,23,7,1,94,94080,2,2,0,1,Rue de Lagny,48.849105,2.423052,9,2,2
202100036281,136Â 827,A01,1,1,1,9,0,-1,-1,-1, -1,-1,2021,15.0,2,1,2,0,1,25,1,,3,JEAN MOULIN (AVENUE),0,,2,2,0,1,1,0,1,, -1,1,6,4,10,5,6,1,93,93048,2,1,0,6,Avenue Jean Moulin,48.85847,2.44913,17,2,1
202100050252,111Â 894,A01,10,3,2,5,0,-1,-1,2,3,1,2021,68.0,2,2,0,1,3,1,1,,3,940,-1,,2,2,0,1,25,780,1,, -1,1,0,1,50,26,2,1,76,76254,2,1,0,6,Avenue George V,49.707005,0.205564,15,2,1
202100037812,134Â 068,A01,1,1,1,9,1,0,-1,-1, -1,-1,2021,29.0,0,2,0,2,0,26,1,,4,ROGER SALENGRO (AVENUE),0,,2,2,0,2,(1),(1),1,, -1,1,0,1,50,28,5,1,13,13215,2,1,0,2,ROGER SALENGRO (AVENUE),43.32056,5.36756,14,2,2
202100043397,124Â 093,C01,1,1,1,5,8,0,-1,-1, -1,-1,2021,59.0,1,2,0,2,4,1,1,,1,A55-Sens Marseille vers Martigues,0,,-1,2,0,1,22,100,1,, -1,1,0,1,110,19,4,1,13,13033,1,1,0,5,A55-Sens Marseille vers Martigues,43.37474,5.19763,16,3,3
202100029295,149Â 399,A01,1,1,2,5,1,0,-1,-1, -1,-1,2021,34.0,2,2,0,2,3,13,1,,3,RD 57 VERS RENNES,0,,2,2,0,1,1,0,1,, -1,1,0,1,90,8,7,3,53,53201,1,1,0,1,RD 57 VERS RENNES,48.0728,-0.87363,4,2,2
202100003666,195Â 203,B01,2,2,2,5,1,0,-1,-1, -1,-1,2021,25.0,2,2,0,2,3,15,1,,7,AVENUE D'ORIENT,0,,2,2,0,1,12,150,1,, -1,1,0,1,50,8,12,5,35,35055,2,3,0,1,AVENUE D'ORIENT,48.08715,-1.60184,20,3,2
202100040925,128Â 468,B01,1,1,1,4,2,8,-1,-1, -1,-1,2021,26.0,3,1,0,2,1,1,1,,4,DOMITIENNE (VOIE),0,,2,2,2,1,(1),(1),1,, -1,1,5,1,50,7,5,5,34,34172,2,2,0,3,DOMITIENNE (VOIE),43.62402,3.86218,21,2,2
202100039040,131Â 860,C01,2,2,1,0,1,0,-1,-1, -1,-1,2021,79.0,1,2,0,2,4,1,1,,1,A55-Sens Marseille vers Martigues,0,,1,2,0,1,18,899,1,, -1,1,0,1,110,21,5,1,13,13088,1,1,0,5,A55-Sens Marseille vers Martigues,43.38584,5.2395,14,6,4
202100010994,182Â 073,A01,1,1,1,5,1,-1,-1,0,0,-1,2021,52.0,2,2,3,0,1,21,1,,1,40,0,,1,4,0,1,168,0,1,, -1,2,0,1,130,21,10,3,1,1451,1,1,1,6,A 40,46.242373,5.270348,1,1,1
202100039832,130Â 380,B01,1,1,1,5,2,0,-1,-1, -1,-1,2021,24.0,1,1,0,2,7,1,1,,4,PAIX (PLACE DE LA),0,,1,1,0,1,(1),(1),1,, -1,1,0,1,50,14,5,1,7,7019,2,1,0,3,PAIX (PLACE DE LA),44.61823,4.39,17,2,2
202100020079,165Â 734,B01,2,2,2,5,1,-1,-1,-1, -1,-1,2021,86.0,1,2,0,2,4,23,1,,2,PORTE DES LOGES,0,,3,4,0,1,5,300,1,, -1,1,0,1,90,8,9,1,35,35238,1,1,0,4,PORTE DES LOGES,48.090977,-1.628911,11,4,3