Num_Acc,id_vehicule,num_veh,place,catu,sexe,trajet,secu1,secu2,secu3,locp,actp,etatp,year_acc,victim_age,senc,catv,obs,obsm,choc,manv,motor,occutc,catr,voie,v1,v2,circ,nbv,vosp,prof,pr,pr1,plan,lartpc,larrout,surf,infra,situ,vma,jour,mois,lum,dep,com,agg_,int,atm,col,adr,lat,long,hour,nb_victim,nb_vehicules
202100041996,126Â 556,A01,10,3,2,0,0,-1,-1,1,3,1,2021,73.0,1,2,0,1,7,26,1,,3,ROCADE SUD(RUE),0,,2,1,0,1,(1),(1),1,, -1,2,0,1,50,29,4,1,974,97409,2,1,1,6,ROCADE SUD(RUE),-20.97082,55.65322,8,2,1
202100035543,138Â 177,B01,1,1,1,4,2,0,-1,0,0,-1,2021,29.0,0,1,0,2,1,1,5,,4,AVENUE DE LA REPUBLIQUE,0,,2,5,1,1,(1),(1),1,, -1,1,0,5,50,9,6,1,75,75111,2,4,0,3,AVENUE DE LA REPUBLIQUE,48.86585,2.371575,18,2,2
202100048067,115Â 827,A01,1,1,1,5,0,-1,-1,0,0,-1,2021,27.0,2,2,13,0,2,19,1,,3,712,0,D,2,2,0,1,(1),(1),1,, -1,2,0,1,80,14,3,3,22,22354,1,3,1,7,Cleudrain,48.5683833582,-3.2689641947,22,1,1
202100016235,172Â 613,D01,1,1,1,1,2,6,-1,0,0,-1,2021,30.0,1,1,0,2,1,2,1,,4,ECHANGEUR MUETTE,0,,1,4,0,1,24,800,1,, -1,1,0,1,70,28,9,1,75,75116,2,1,0,4,BD PERIPHERIQUE INTERIEUR,48.867343,2.269366,9,5,5
202100019112,167Â 462,A01,1,1,2,9,1,0,-1,-1, -1,-1,2021,23.0,1,2,0,0,9,1,1,,1,AUTOROUTE A86,0,,1,2,0,2,51,799,2,, -1,2,0,1,70,14,9,2,94,94034,1,1,1,7,AUTOROUTE A86,48.75814,2.33529,20,2,1
202100021321,163Â 543,A01,1,1,2,0,2,0,-1,-1, -1,-1,2021,28.0,2,1,0,2,1,2,1,,3,7,0,,2,4,0,1,0,0,1,, -1,1,0,1,50,2,9,1,92,92004,2,3,0,2,DOCTEUR DERVAUX  ( QUAI DU ),48.9083976439,2.2927938662,16,2,2
202100011656,180Â 890,A01,10,3,1,1,0,-1,-1,2,3,1,2021,50.0,3,4,0,1,3,1,0,,3,MARECHAL FOCH (R),0,,-1,2,0,2,0,1,1,, -1,1,0,1,30,22,10,1,94,94001,2,1,0,1,MARECHAL FOCH (R),48.72446,2.41883,11,2,1
202100048674,114Â 752,B01,1,1,1,9,2,6,-1,-1, -1,-1,2021,54.0,2,1,0,2,2,12,1,,4,RUE MARCEAU,0,,2,2,0,1,0,0,1,, -1,1,9,1,30,8,3,1,44,44109,2,1,0,3,RUE MARCEAU,47.2156,-1.56426,17,2,2
202100052873,107Â 202,B01,1,1,2,1,1,0,-1,-1, -1,-1,2021,38.0,3,2,0,2,6,1,1,,3,BOURGEOIS (RUE LEON),0,,2,1,0,1,0,970,1,, -1,2,0,1,50,1,2,1,74,74305,2,3,1,3,BOURGEOIS (RUE LEON),46.2003,6.251584,8,2,2
202100052253,108Â 305,A01,2,2,1,5,1,4,-1,-1, -1,-1,2021,28.0,2,5,0,0,2,2,1,,1,A86 EXT,0,,3,3,0,1,46,200,3,, -1,2,1,1,70,6,2,5,94,94073,1,1,1,3,A86 EXT,48.7609888888,2.3826099002,20,3,2
202100055741,102Â 227,A01,10,3,1,0,0,-1,-1,1,3,1,2021,36.0,1,1,0,1,1,13,1,,3,CHAMP BORNE (ROUTE DE),0,,2,0,0,1,3,700,1,, -1,1,0,1,30,8,1,1,974,97409,2,1,0,6,Route de Champ Borne,-20.9426569109,55.6797623634,15,2,1
202100011221,181Â 676,B01,1,1,1,0,2,6,-1,-1, -1,-1,2021,26.0,1,1,0,2,1,15,0,,1,VA007539 LA ROSERAIE A61 Sortie 15,0,,1,2,0,1,230,738,1,, -1,1,2,1,2,24,10,1,31,31555,2,2,0,3,RTE D AGDE,43.62808,1.47932,11,2,2
202100019067,167Â 560,A01,1,1,1,5,2,-1,-1,0,0,-1,2021,43.0,1,1,3,0,0,17,1,,3,6,-1,D,2,2,0,1,(1),(1),2,, -1,1,0,1,80,11,9,3,8,8391,1,1,0,7,D6,49.776608,4.942818,22,1,1
202100010853,182Â 328,B01,1,1,2,1,1,0,-1,-1, -1,-1,2021,27.0,1,2,0,2,4,1,1,,2,RTE NATIONALE 6,0,,3,4,0,1,0,100,1,, -1,2,0,1,50,25,10,1,91,91114,1,1,1,2,RTE NATIONALE 6,48.67824,2.4965,8,2,2
202100019326,167Â 081,A01,1,1,2,9,1,0,-1,-1, -1,-1,2021,75.0,1,2,15,2,1,19,2,,4,AV ALEXANDRE DUMAS,0,,2,2,0,1,0,0,1,, -1,1,0,1,50,11,9,1,91,91479,2,2,0,3,AV ALEXANDRE DUMAS,48.711176,2.359074,11,2,2
202100010975,182Â 109,A01,10,3,1,5,0,-1,-1,2,9,1,2021,58.0,2,2,1,1,7,1,1,,4,,-1,,2,2,0,1,(1),(1),1,,"5,5",1,0,1,50,26,10,2,39,39478,2,1,0,6,30 Avenue de la Gare,46.390983,5.860884,18,2,1
202100023780,159Â 115,A01,1,1,1,4,1,-1,-1,0,0,-1,2021,29.0,1,2,13,0,0,1,1,,3,23,-1,,2,2,0,1,24,986,1,, -1,1,0,3,-1,16,8,1,31,31436,1,1,0,6,pk 25 D23,43.342955,1.029056,13,1,1
202100039881,130Â 303,B01,1,1,1,0,2,6,-1,0,0,-1,2021,16.0,1,1,0,2,1,19,1,,2,66,-1,,2,2,0,2,22,669,1,, -1,2,0,1,50,15,5,1,88,88369,2,3,1,3,25 Rue d'Alsace,47.89396,6.741373,19,2,2
202100012350,179Â 646,A01,1,1,1,1,1,-1,-1,-1, -1,-1,2021,57.0,2,2,14,0,1,2,1,,1,AUTOROUTE A10,0,,3,6,0,1,540,200,1,, -1,1,0,1,110,19,10,5,33,33397,1,1,0,6,AUTOROUTE A10,44.906723,-0.491555,7,3,2
202100001192,199Â 643,A01,1,1,1,5,2,6,-1,0,0,-1,2021,55.0,1,1,0,0,0,2,1,,7,RD 29,0,,-1,1,0,1,44,237,3,, -1,2,0,1,50,27,12,1,35,35024,2,6,0,7,D29,48.15525,-1.62529,11,1,1
202100016365,172Â 381,A01,1,1,1,1,2,4,-1,-1, -1,-1,2021,38.0,1,1,8,0,1,1,5,,3,MARCEL BOYER (QU),0,,2,6,1,1,1,0,1,, -1,1,0,3,30,28,9,1,94,94041,2,1,0,6,Quai Marcel Boyer,48.82369,2.39064,18,1,1
202100029468,149Â 112,A01,1,1,1,5,2,6,-1,0,0,-1,2021,43.0,2,1,0,2,2,2,1,,3,38,-1,,2,2,0,2,11,415,1,, -1,1,0,1,-1,11,7,1,19,19138,1,1,0,5,Route de la Foucherie,45.051048,1.679943,16,3,3
202100021906,162Â 471,A01,2,2,1,5,8,0,-1,-1, -1,-1,2021,17.0,1,2,13,0,9,0,1,,1,A5b,0,,3,6,0,1,8,500,1,, -1,1,0,8,110,30,8,2,77,77495,1,1,0,6,A5b,48.5935339617,2.6356673241,19,2,1
202100049665,112Â 966,A01,1,1,1,5,8,0,-1,0,0,-1,2021,63.0,1,1,0,2,1,21,5,,4,BOULEVARD DE SEBASTOPOL,0,,2,5,1,1,(1),(1),1,, -1,1,-1,5,50,1,3,1,75,75102,2,2,0,7,BOULEVARD DE SEBASTOPOL,48.867062,2.352961,16,1,1
202100003296,195Â 875,A01,1,1,2,5,1,-1,-1,0,0,-1,2021,69.0,2,2,0,0,9,1,1,,3,216,-1,,2,2,0,1,16,300,1,, -1,1,0,3,80,14,12,3,4,4164,1,1,0,7,RD 216,44.012417,5.815415,18,1,1
202100025186,156Â 642,A01,1,1,1,5,2,6,-1,0,0,-1,2021,61.0,2,1,0,0,7,13,1,,3,437,0,D,2,2,0,2,4,830,3,, -1,2,0,1,80,8,8,1,39,39478,1,1,0,7,,46.424069,5.857884,10,1,1
202100013473,177Â 654,B01,1,1,1,5,2,-1,-1,0,0,-1,2021,15.0,0,1,0,2,1,1,1,,3,65,-1,,2,2,0,1,5,365,1,, -1,1,0,1,80,14,10,1,27,27343,1,5,0,3,Les BruyÃ¨res,49.064335,1.374439,12,3,2
202100010614,182Â 761,A01,4,2,2,5,0,-1,-1,0,0,-1,2021,17.0,1,2,2,0,1,1,1,,3,769,-1,,2,2,0,2,59,500,3,, -1,1,0,3,70,29,10,3,29,29279,1,1,0,6,CD769,48.608909,-3.864387,5,4,1
202100048377,115Â 283,A01,1,1,1,4,2,6,-1,0,0,-1,2021,32.0,1,1,0,0,2,16,1,,2,NICOLI JEAN COURS,0,,3,4,3,1,(1),(1),1,, -1,1,4,1,50,11,3,5,201,201004,2,8,0,7,NICOLI JEAN COURS,41.9324343276,8.7408516077,21,1,1
202100010501,182Â 952,A01,10,3,2,9,8,8,-1,4,3,2,2021,64.0,1,2,0,1,1,26,1,,4,,0,,2,2,0,1,(1),(1),1,, -1,1,0,1,50,27,10,1,71,71076,2,1,0,6,Rue Georges Lapierre,46.795083,4.853821,9,3,1
202100055220,103Â 114,A01,10,3,2,1,0,-1,-1,4,3,1,2021,33.0,1,2,0,1,1,1,1,,4,AUGUSTE DELAUNE (R),0,,2,2,0,1,0,0,1,, -1,2,0,1,50,13,1,5,94,94076,2,1,1,6,AUGUSTE DELAUNE (R),48.78,2.36,19,2,1
202100032301,144Â 020,A01,1,1,2,0,2,6,-1,0,0,-1,2021,23.0,1,1,0,2,1,21,1,,4,,0,,2,3,0,1,(1),(1),1,, -1,1,0,1,50,25,6,1,6,6027,2,3,0,3,JUIN BOULEVARD MARECHAL,43.657311,7.151035,13,2,2
202100050304,111Â 781,B01,1,1,2,9,1,5,-1,-1, -1,-1,2021,61.0,2,2,0,2,6,9,1,,1,AUTOROUTE A1,0,,1,3,3,1,3,0,1,, -1,1,0,1,50,23,2,1,972,97213,1,1,1,2,AUTOROUTE A1,14.61812,-61.02766,12,2,2
202100054874,103Â 721,A01,1,1,1,0,1,0,-1,0,0,-1,2021,22.0,2,2,13,0,3,13,1,,2,RN 70 (ROUTE EXPRESS),0,,3,4,0,1,37,100,1,, -1,2,0,1,70,15,1,1,71,71040,1,1,1,7,RN 70 (ROUTE EXPRESS),46.6936328717,4.3833307805,12,1,1
202100015752,173Â 513,B01,1,1,2,9,1,0,-1,0,0,-1,2021,41.0,1,2,0,2,4,23,1,,4,AVENUE DU MARECHAL GALLIENI,0,,2,4,0,1,(1),(1),1,, -1,1,0,1,50,1,10,1,75,75107,2,2,0,2,AVENUE DU MARECHAL GALLIENI,48.861059,2.313239,8,2,2
202100023500,159Â 626,B01,1,1,2,5,0,-1,-1,0,0,-1,2021,83.0,1,1,0,2,7,15,5,,3,93,0,,2,2,0,1,23,480,1,, -1,1,0,1,80,20,8,1,26,26183,1,3,0,1,Route de la Plaine,44.708484,5.093459,11,3,2
202100020433,165Â 115,A01,1,1,2,0,1,0,-1,-1, -1,-1,2021,43.0,2,2,0,0,1,1,1,,1,AUTOROUTE A6,0,,3,6,0,1,12,939,1,, -1,1,0,1,110,7,9,3,91,91161,1,1,0,7,AUTOROUTE A6,48.707,2.306,22,1,1
202100036736,136Â 041,A01,1,1,1,5,2,6,-1,-1, -1,-1,2021,27.0,1,1,0,2,1,1,1,,1,A89 543.943 A 544.897 LYON/CLERM,0,,1,2,0,1,544,0,3,, -1,1,9,1,70,3,6,1,69,69116,1,1,0,2,A89 543.943 A 544.897 LYON/CLERM,45.83792,4.75378,17,2,2
202100026479,154Â 365,B01,1,1,1,5,2,6,-1,-1, -1,-1,2021,60.0,3,1,0,2,1,1,0,,7,JEAN GIONO (AVENUE),0,,2,2,0,1,0,0,1,, -1,1,0,1,50,29,7,1,13,13002,2,1,0,1,JEAN GIONO (AVENUE),43.3315,5.4877,10,2,2
202100054364,104Â 585,A01,1,1,1,1,2,7,-1,-1, -1,-1,2021,42.0,3,1,0,2,7,15,1,,4,GILLET(RUE ALFRED),0,,2,3,0,1,0,0,1,, -1,1,0,1,50,20,1,5,94,94011,2,1,0,3,GILLET(RUE ALFRED),48.77598,2.49009,7,3,3
202100016989,171Â 253,A01,10,3,1,5,8,8,-1,0,3,2,2021,94.0,3,2,0,1,1,15,1,,9,PEPINIERE (CHEMIN DE LA),0,,1,1,0,1,0,0,2,, -1,1,9,8,10,4,9,1,13,13028,2,1,0,1,PEPINIERE (CHEMIN DE LA),43.18972,5.60158,14,2,1
202100052326,108Â 185,A01,1,1,1,9,2,0,-1,0,0,-1,2021,32.0,2,1,0,2,1,5,1,,4,RUE DE PICPUS,0,,1,1,0,1,(1),(1),1,, -1,2,0,1,50,6,2,5,75,75112,2,2,1,3,RUE DE PICPUS,48.847171,2.393673,18,2,2
202100026241,154Â 795,B01,1,1,2,0,1,0,-1,-1, -1,-1,2021,23.0,2,2,0,2,1,2,1,,1,A507 sens Aubagne- Marseille,0,,1,2,0,1,1,100,1,, -1,1,0,1,70,30,7,1,13,13055,1,1,0,4,A507 sens Aubagne- Marseille,43.33631,5.3802,17,4,3
202100018875,167Â 910,A01,1,1,1,2,1,-1,-1,0,0,-1,2021,19.0,2,2,2,0,0,0,1,,3,11,-1,,2,2,0,1,17,877,2,,7,2,0,8,90,15,9,1,88,88167,1,1,1,6,5 Route Verte,48.137913,6.654126,8,1,1
202100023027,160Â 468,A01,1,1,2,4,1,0,-1,-1, -1,-1,2021,27.0,2,2,0,2,1,2,1,,4,BAUDIN ( AVENUE) (VC),0,,1,1,0,1,0,0,1,, -1,1,0,1,50,23,7,1,87,87085,2,1,0,4,BAUDIN ( AVENUE) (VC),45.8184,1.25205,17,3,3
202100035517,138Â 225,A01,1,1,1,9,2,0,-1,-1, -1,-1,2021,38.0,2,1,0,2,1,17,1,,4,MADRAGUE VILLE (chemin de la),0,,2,2,0,1,(1),(1),1,, -1,1,0,1,50,9,6,1,13,13215,2,1,0,3,MADRAGUE VILLE (chemin de la),43.34576,5.35471,16,2,2
202100013953,176Â 760,A01,2,2,2,5,1,-1,-1,0,0,-1,2021,76.0,2,0,0,2,7,17,1,,2,4,-1,,3,4,0,2,30,0,3,, -1,1,0,1,110,11,10,1,57,57614,1,1,0,3,"N4, point routier 030+000",48.756684,7.206999,11,3,2
202100046815,118Â 096,A01,1,1,1,1,6,2,-1,0,0,-1,2021,47.0,1,1,13,0,9,17,1,,3,986,-1,,2,2,0,4,8,410,2,, -1,7,0,3,90,24,3,2,34,34042,1,1,0,6,D986,43.877046,3.742476,6,1,1
202100043683,123Â 597,A01,10,3,1,9,0,-1,-1,5,6,1,2021,89.0,3,2,0,1,4,4,2,,4,V C,0,,2,2,0,1,(1),(1),1,, -1,1,0,4,50,17,4,1,31,31451,2,9,0,6,23 Impasse de la Pomme,43.452957,1.996758,10,2,1
202100006881,189Â 473,A01,10,3,2,1,0,-1,-1,3,3,1,2021,49.0,0,2,0,1,1,1,1,,3,426,0,D,3,2,0,1,(1),(1),1,, -1,1,0,1,50,22,11,5,67,67348,2,1,0,6,Rue du Marechal Juin,48.45959,7.495835,18,2,1
202100008533,186Â 483,A01,1,1,1,5,1,-1,-1,0,0,-1,2021,76.0,0,2,2,0,2,1,1,,7,3,0,M,2,2,0,1,12,950,1,, -1,1,0,1,80,12,11,1,42,42262,2,1,0,6,Route de Firminy,45.403561,4.188634,10,1,1
202100026991,153Â 467,A01,1,1,1,0,2,6,-1,0,0,-1,2021,17.0,3,1,0,2,1,13,1,,4,1,0,,2,2,0,1,(1),(1),2,, -1,1,0,1,80,27,7,1,12,12148,1,1,0,1,Route de Sangayrac,44.472907,2.233411,17,2,2
202100055304,102Â 971,A01,10,3,2,3,0,-1,-1,8,1,1,2021,69.0,3,2,0,1,2,15,1,,6,,0,,-1,-1,0,1,(1),(1),1,, -1,1,9,1,-1,11,1,1,54,54431,2,1,0,6,parking intermarchÃ©,48.9093,6.04095,16,3,1
202100017949,169Â 544,B01,1,1,2,3,1,-1,-1,0,0,-1,2021,24.0,1,2,0,2,4,2,1,,3,158,-1,,2,2,0,1,4,825,3,, -1,1,0,1,70,20,9,1,89,89453,1,1,0,2,D158,47.792245,3.523739,10,2,2
202100005341,192Â 243,A01,1,1,1,2,8,0,-1,-1, -1,-1,2021,11.0,2,1,0,2,1,21,3,,4,ILE DE FRANCE AVENUE DE L',0,,3,2,0,2,1,0,1,, -1,2,0,8,50,30,11,1,25,25056,2,1,1,3,ILE DE FRANCE AVENUE DE L',47.22147,5.96805,12,3,2
202100053632,105Â 861,A01,10,3,1,3,0,-1,-1,3,3,1,2021,87.0,2,1,0,1,1,1,1,,4,GENERAL DE GAULLE (AV DU),0,,2,2,0,1,0,0,1,, -1,1,0,1,50,25,1,2,94,94067,2,1,0,6,GENERAL DE GAULLE (AV DU),48.8459,2.41768,17,2,1
202100028123,151Â 436,A01,1,1,1,0,2,8,-1,-1, -1,-1,2021,34.0,1,1,16,0,0,26,1,,4,KERFREHOUR (RUE DE),0,,2,2,0,1,(1),(1),1,, -1,1,0,1,50,18,7,1,56,56098,2,1,0,7,KERFREHOUR (RUE DE),47.76406,-3.333,8,1,1
202100055458,102Â 720,A01,1,1,1,0,2,6,-1,-1, -1,-1,2021,20.0,1,1,0,2,1,13,1,,3,AVENUE DE L'AGACHON,0,,2,2,0,1,95,1,3,, -1,2,0,1,50,10,1,1,83,83061,2,1,0,3,AVENUE DE L'AGACHON,43.4352154628,6.7290379107,13,2,2
202100025452,156Â 171,A01,1,1,1,0,2,-1,-1,-1, -1,-1,2021,16.0,1,1,0,2,2,18,1,,4,CRS VICTOR HUGO,0,,2,2,0,1,(1),(1),1,, -1,1,0,1,50,5,8,1,33,33119,2,1,0,3,Cours Victor Hugo,44.85087,-0.53309,17,2,2
202100030513,147Â 221,A01,1,1,1,1,2,6,-1,-1,0,-1,2021,22.0,1,1,0,2,7,3,1,,2,RN 184,0,,3,5,0,1,9,199,1,, -1,1,0,1,90,6,7,1,95,95394,1,1,0,3,RN 184,49.0514,2.18506,7,2,2
202100034641,139Â 797,A01,4,2,1,5,1,-1,-1,0,0,-1,2021,17.0,1,2,0,0,9,0,1,,3,1,2,,2,2,0,1,44,300,1,,"5,5",1,0,1,80,13,6,1,68,68231,1,1,0,7,D1b,48.012851,7.530881,19,4,1
202100001680,198Â 792,B01,4,2,2,5,3,0,-1,-1, -1,-1,2021,7.0,1,2,0,2,4,2,1,,1,A4,0,,3,6,0,1,4,0,1,, -1,1,0,1,90,23,12,2,94,94069,1,1,0,4,A4,48.8171389327,2.4422619339,17,4,3
202100004994,192Â 861,B01,2,2,2,5,1,-1,-1,0,0,-1,2021,89.0,2,2,0,0,1,1,1,,3,222,0,D,2,2,0,1,3,40,1,, -1,2,0,1,80,3,12,1,33,33357,1,1,0,2,D222,44.52899,-0.25879,12,3,2
202100027008,153Â 441,B01,1,1,1,5,2,6,9,0,0,-1,2021,26.0,1,1,0,2,1,17,1,,3,D10E,0,,2,2,0,1,66,0,1,, -1,1,0,1,80,23,7,1,40,40075,1,3,0,2,Route de Bayonne,43.861631,-1.162813,19,2,2
202100013374,177Â 829,B01,1,1,1,4,1,0,-1,-1, -1,-1,2021,42.0,2,2,0,2,4,2,1,,1,A4,0,,3,4,0,2,12,0,2,, -1,1,0,1,110,14,10,1,94,94079,1,1,0,4,A4,48.8354458972,2.5387118132,15,3,3
202100011376,181Â 388,B01,1,1,2,9,1,0,-1,-1, -1,-1,2021,45.0,2,2,0,2,4,2,1,,3,CHARLES DE GAULLE (BOULEVARD),0,,1,2,0,1,1,0,3,, -1,1,0,1,70,22,10,5,59,59392,2,1,0,5,CHARLES DE GAULLE (BOULEVARD),50.27952,3.98147,19,5,3
202100002526,197Â 262,A01,1,1,1,3,2,-1,-1,0,0,-1,2021,31.0,1,1,0,0,7,1,1,,3,30,0,,2,2,0,1,10,800,2,, -1,1,9,1,50,18,12,1,28,28120,2,1,0,7,2 Rue de Senonches,48.665833,1.077585,11,1,1
202100025345,156Â 352,B01,1,1,1,0,2,6,-1,-1, -1,-1,2021,26.0,2,1,0,2,7,1,1,,4,,0,,1,2,0,1,0,0,1,, -1,1,0,1,50,23,5,2,92,92044,2,2,0,3,BAUDIN (RUE) 1A25 ET 2A34,48.89697,2.28193,20,2,2
202100021216,163Â 737,A01,10,3,2,9,0,-1,-1,1,3,2,2021,24.0,0,5,0,1,1,1,1,,4,,-1,,2,2,0,2,(1),(1),2,,4,1,0,1,80,29,5,1,74,74136,1,1,0,6,3208 Rte du Col des Annes,45.949874,6.492265,12,2,1
202100017939,169Â 559,A01,1,1,1,2,0,-1,-1,0,0,-1,2021,13.0,2,1,0,2,1,19,5,,7,49,0,,2,2,0,2,2,130,1,,4,1,0,1,30,16,9,1,37,37139,2,2,0,1,Avenue Louis-Charles d Albert Duc de Luynes,47.3901996306,0.5469410894,10,2,2
202100006569,190Â 058,C01,1,1,2,0,1,8,-1,-1, -1,-1,2021,59.0,1,2,0,2,4,1,1,,2,11 - RT,0,,3,4,0,1,1,0,1,, -1,1,0,1,70,22,11,2,202,202033,2,1,0,4,11 - RT,42.7001396319,9.4520646444,17,3,3
202100028241,151Â 212,B01,1,1,1,5,2,6,-1,0,0,-1,2021,34.0,1,1,0,2,1,17,1,,2,10,-1,,2,2,0,1,129,700,1,,7,1,0,1,70,11,7,5,202,202307,2,1,0,3,Suaglione,42.384471,9.530302,20,2,2
202100004567,193Â 614,B01,1,1,1,0,2,-1,-1,0,0,-1,2021,28.0,1,1,0,2,3,1,1,,2,2,-1,,4,3,3,1,120,900,1,, -1,1,0,1,80,6,12,2,974,97405,1,2,0,1,Rue Augustin MÃ©zino,-21.365175,55.543179,19,2,2
202100004013,194Â 567,B01,1,1,1,5,1,8,-1,-1, -1,-1,2021,72.0,2,2,0,2,6,1,1,,3,VERT GALANT DU,0,,2,2,0,1,0,560,1,, -1,2,0,1,70,8,12,2,64,64335,1,1,1,2,VERT GALANT DU,43.31939,-0.45238,16,2,2
202100017802,169Â 799,A01,2,2,2,0,1,0,-1,-1, -1,-1,2021,27.0,0,2,9,2,3,9,1,,4,GRIBELETTE (BOULEVARD DE LA),0,,2,1,0,1,0,0,2,, -1,1,9,8,30,20,9,1,91,91434,2,6,0,3,GRIBELETTE (BOULEVARD DE LA),48.64595,2.351886,16,4,2
202100046611,118Â 451,B01,1,1,1,5,2,6,-1,-1, -1,-1,2021,70.0,3,1,0,2,1,1,1,,4,RUE MARECHAL JOFFRE,0,,2,2,0,1,(1),(1),1,, -1,1,0,1,30,24,3,1,33,33063,2,7,0,1,Rue MarÃ©chal Joffre,44.8352,-0.57879,13,2,2
202100050681,111Â 099,A01,1,1,2,9,1,-1,-1,0,0,-1,2021,26.0,1,2,13,0,3,1,1,,3,48,0,D,2,2,0,1,12,250,1,, -1,1,0,3,90,19,2,1,61,61176,1,1,0,6,Route dÃ©partement D28,48.63773,-0.059214,12,1,1
202100025930,155Â 332,A01,9,2,1,9,1,-1,-1,0,0,-1,2021,3.0,2,2,0,2,2,17,1,,2,22,-1,,2,2,0,1,(1),(1),1,, -1,2,0,1,30,3,7,5,988,98814,2,1,1,3,Tribu de QANONO,-20.915176,167.263048,20,5,2
202100037521,134Â 596,B01,1,1,1,0,1,-1,-1,0,0,-1,2021,22.0,1,5,0,2,7,15,1,,2,40,-1,,2,2,0,1,(1),(1),1,, -1,1,0,1,50,30,5,1,201,201215,2,1,0,3,"village, viagenti",41.491755,9.054505,13,2,2
202100032180,144Â 234,A01,1,1,1,5,1,9,-1,0,0,-1,2021,40.0,1,2,8,0,1,16,1,,3,960,-1,,-1,1,0,1,2,310,3,, -1,1,0,3,50,27,6,3,2,2709,1,6,0,6,D960,50.022079,3.379176,1,1,1
202100006642,189Â 914,B01,1,1,1,0,2,0,-1,0,0,-1,2021,24.0,1,1,0,2,1,1,1,,4,AUSTRASIE (BOULEVARD),0,,2,2,0,1,(1),(1),1,, -1,1,0,1,50,22,11,1,54,54395,2,3,0,1,AUSTRASIE (BOULEVARD),48.69450797,6.1973970758,14,2,2
202100024625,157Â 643,B01,1,1,1,0,1,-1,-1,0,0,-1,2021,85.0,1,2,0,2,4,23,1,,2,EMILE DIDIER ( AV ),0,,2,2,0,1,70,970,1,, -1,1,0,1,50,10,8,1,5,5061,2,4,0,2,EMILE DIDIER ( AV ),44.565342,6.092192,12,2,2
202100030555,147Â 143,A01,10,3,2,0,0,-1,-1,5,9,1,2021,87.0,3,2,0,1,0,26,0,,4,PIVOINES RUE,0,,-1,1,0,1,(1),(1),1,, -1,1,0,8,50,1,6,1,59,59350,2,1,0,6,PIVOINES RUE,50.611639,3.041736,17,2,1
202100004408,193Â 879,A01,1,1,1,4,2,6,-1,0,0,-1,2021,41.0,2,1,0,2,1,1,1,,4,RUE DU FAUBOURG SAINT MARTIN,0,,2,4,0,1,(1),(1),1,, -1,2,0,1,30,6,12,5,75,75110,2,7,0,3,RUE DU FAUBOURG SAINT MARTIN,48.88387,2.368611,2,3,2
202100023179,160Â 185,A01,1,1,1,5,2,6,9,0,0,-1,2021,46.0,1,1,14,0,0,1,1,,3,7,-1,,2,2,0,2,9,200,1,, -1,2,0,1,80,22,8,1,72,72040,1,1,0,6,Lieu Dit la Richardiere,48.1724685638,0.5364414064,9,1,1
202100013840,176Â 954,TB01,1,1,1,0,2,0,-1,-1, -1,-1,2021,16.0,1,0,0,2,1,1,0,,3,RAVEL MAURICE (QUA)I,0,,2,1,2,1,0,602,1,, -1,1,0,1,30,11,10,1,64,64189,2,1,0,3,RAVEL MAURICE (QUA)I,43.38673,-1.66879,10,2,2
202100003728,195Â 087,A01,1,1,1,2,8,0,-1,0,0,-1,2021,18.0,2,1,0,0,0,1,5,,4,BOULEVARD SAINT JACQUES,0,,1,1,1,2,(1),(1),1,, -1,2,-1,5,30,10,12,1,75,75114,2,1,0,7,BOULEVARD SAINT JACQUES,48.83265,2.337406,13,1,1
202100016503,172Â 132,C01,1,1,1,0,8,-1,-1,-1, -1,-1,2021,13.0,1,1,0,2,1,19,5,,4,AVE MAL DE LATTRE DE TASSIGNY,0,,3,2,1,1,(1),(1),1,, -1,1,0,1,50,27,9,1,33,33069,2,1,0,5,AVE MAL DE LATTRE DE TASSIGNY,44.86437,-0.60482,8,3,3
202100028325,151Â 066,B01,1,1,1,5,0,0,-1,-1, -1,-1,2021,56.0,3,1,0,0,0,0,5,,4,HOCHE (R),0,,2,2,0,1,1,0,1,, -1,1,0,1,30,18,7,1,94,94052,2,9,0,7,Rue Hoche,48.83366,2.49068,18,2,2
202100040956,128Â 410,A01,1,1,1,9,8,0,-1,0,0,-1,2021,49.0,1,1,0,0,1,1,5,,4,QUAI ANATOLE FRANCE,0,,2,5,1,1,(1),(1),1,, -1,1,0,5,50,7,5,1,75,75107,2,3,0,7,QUAI ANATOLE FRANCE,48.862416,2.319851,16,1,1
202100023856,158Â 986,A01,10,3,1,5,0,-1,-1,2,3,1,2021,71.0,2,2,0,1,3,1,2,,4,GARIBALDI (AVENUE),0,,2,2,0,1,0,0,1,, -1,1,0,1,50,14,8,1,87,87085,2,1,0,6,GARIBALDI (AVENUE),45.83957,1.2579,11,2,1
202100015266,174Â 425,B01,1,1,1,5,2,-1,-1,0,0,-1,2021,53.0,0,1,0,2,8,1,1,,3,199,-1,,2,2,0,1,19,765,1,, -1,1,5,1,50,3,10,1,49,49345,2,3,0,3,Chemin du Grand Bonnezeaux,47.276783,-0.484825,17,2,2
202100043997,123Â 033,A01,1,1,2,1,1,0,-1,-1, -1,-1,2021,37.0,1,2,0,2,4,2,1,,1,A86 INT,0,,3,6,0,1,43,500,1,, -1,1,0,1,90,15,4,1,94,94081,1,1,0,2,A86 INT,48.7738141386,2.4033475616,17,2,2