Num_Acc,id_vehicule,num_veh,place,catu,sexe,trajet,secu1,secu2,secu3,locp,actp,etatp,year_acc,victim_age,senc,catv,obs,obsm,choc,manv,motor,occutc,catr,voie,v1,v2,circ,nbv,vosp,prof,pr,pr1,plan,lartpc,larrout,surf,infra,situ,vma,jour,mois,lum,dep,com,agg_,int,atm,col,adr,lat,long,hour,nb_victim,nb_vehicules
202100049885,112Â 569,A01,1,1,1,5,2,-1,-1,-1, -1,-1,2021,21.0,1,1,0,2,1,2,1,,4,,0,,3,2,0,2,50,50,1,, -1,1,0,1,90,27,2,1,33,33013,1,1,0,2,Avenue du PrÃ©sident John Fitzgerald Kennedy,44.86854,-0.50376,17,2,2
202100047120,117Â 542,A01,1,1,2,5,2,8,-1,0,0,-1,2021,24.0,1,1,0,2,7,26,5,,4,FONTANET (AV.) RUISSEAU CHIRIAC A WINNED,0,,2,2,0,1,(1),(1),2,, -1,1,5,1,50,20,3,1,73,73011,2,6,0,3,FONTANET (AV.) RUISSEAU CHIRIAC A WINNED,45.6599218141,6.3681608197,7,2,2
202100023516,159Â 601,B01,1,1,1,5,2,-1,-1,0,0,-1,2021,71.0,1,1,0,2,1,0,5,,3,86,-1,D,2,2,0,2,0,0,1,, -1,1,0,1,80,11,8,1,87,87030,1,1,0,3,Rue des 6 Chataigniers,45.874346,0.853007,8,2,2
202100040225,129Â 696,A01,1,1,2,5,8,0,-1,0,0,-1,2021,29.0,2,1,0,0,0,15,3,,4,PONT LOUIS PHILIPPE,0,,2,4,1,1,(1),(1),1,, -1,1,0,5,30,12,5,1,75,75104,2,2,0,7,PONT LOUIS PHILIPPE,48.854371,2.354961,13,1,1
202100023829,159Â 034,A01,1,1,1,5,1,0,-1,0,0,-1,2021,49.0,2,2,15,0,1,14,1,,1,Autoroute A 31,0,,3,5,0,2,10,0,1,, -1,1,3,3,110,13,8,1,54,54528,1,1,0,7,Autoroute A 31,48.65035,5.87247,19,1,1
202100055034,103Â 441,B01,1,1,2,0,1,8,-1,-1, -1,-1,2021,22.0,2,2,0,2,2,1,1,,4,VENDEE (RUE DE LA ),0,,2,2,0,1,0,0,1,, -1,2,0,1,50,13,1,5,49,49099,2,3,0,3,VENDEE (RUE DE LA ),47.05171,-0.89084,19,2,2
202100022763,160Â 909,D01,1,1,1,4,2,6,-1,-1, -1,-1,2021,22.0,2,1,0,2,1,1,1,,1,A7-Sens Marseille vers Lyon,0,,1,3,0,1,274,0,1,, -1,1,0,1,90,24,8,1,13,13215,1,1,0,2,A7-Sens Marseille vers Lyon,43.375348,5.360104,17,4,4
202100025503,156Â 079,Z01,10,3,1,5,0,-1,-1,3,3,2,2021,20.0,1,2,0,1,2,1,1,,4,24,0,,2,2,0,1,0,0,1,, -1,1,0,1,50,5,8,1,92,92050,2,2,0,6,PROVINCES FRANCAISES BD DES,48.9011247414,2.2166565389,14,2,1
202100053792,105Â 597,A01,10,3,1,5,0,-1,-1,3,3,1,2021,84.0,1,2,0,1,3,15,1,,3,511,-1,,2,2,0,1,(1),(1),1,, -1,1,0,1,50,25,1,1,14,14654,2,3,1,6,Rue du Paon,49.018248,-0.03342,15,2,1
202100006856,189Â 525,B01,1,1,1,2,2,6,9,0,0,-1,2021,14.0,2,1,0,2,1,2,1,,3,964,0,D,2,2,0,1,121,(1),1,, -1,1,9,1,50,23,11,5,55,55167,2,1,0,2,33 Rue du Moulin,49.386616,5.181727,18,2,2
202100017499,170Â 346,A01,10,3,1,2,0,-1,-1,2,5,1,2021,14.0,1,2,0,1,1,1,1,,4,BOULEVARD MASSENA,0,,2,4,0,1,(1),(1),1,, -1,1,0,1,30,22,9,1,75,75113,2,1,0,6,BOULEVARD MASSENA,48.820773,2.366741,8,3,1
202100037292,135Â 013,A01,1,1,2,5,8,0,-1,0,0,-1,2021,39.0,3,1,0,2,7,19,5,,4,ROUTE DE CEINTURE DU LAC DAUMESNIL,0,,2,4,0,1,(1),(1),1,, -1,1,0,1,50,31,5,1,75,75112,2,3,0,5,ROUTE DE CEINTURE DU LAC DAUMESNIL,48.827463,2.419385,12,3,3
202100008566,186Â 424,A01,1,1,1,5,8,-1,-1,0,0,-1,2021,45.0,1,2,1,0,1,1,1,,4,,-1,,2,2,0,1,(1),(1),2,,"5,5",2,0,1,50,11,11,3,81,81105,2,1,1,1,52 Avenue du Sidobre,43.755306,2.002881,19,2,2
202100040532,129Â 158,B01,1,1,1,3,1,0,-1,-1, -1,-1,2021,41.0,1,2,0,2,3,1,1,,3,986,0,,1,1,1,1,0,0,1,, -1,1,0,1,50,9,5,1,92,92050,2,1,0,3,FRACHON BENOIT AVENUE,48.89618,2.195,17,6,2
202100008829,185Â 959,A01,1,1,1,0,1,5,-1,-1, -1,-1,2021,30.0,2,2,6,0,0,14,1,,2,RN12,0,,-1,3,0,1,19,100,1,, -1,1,0,1,90,9,11,1,78,78322,1,1,0,6,RN12,48.787061,2.149177,15,1,1
202100032947,142Â 864,A01,2,2,2,5,1,-1,-1,0,0,-1,2021,15.0,1,2,13,2,3,15,1,,3,384,-1,,2,2,0,1,14,200,1,, -1,1,0,1,90,22,6,1,52,52391,1,3,0,3,D384,48.503972,4.789424,20,4,2
202100048693,114Â 716,A01,10,3,1,3,0,-1,-1,3,3,1,2021,47.0,2,5,0,1,2,1,1,,3,,0,,-1,2,0,1,12,670,1,, -1,1,0,1,50,9,3,1,4,4112,2,1,0,6,RD 4096,43.83599,5.80205,17,3,1
202100038007,133Â 724,A01,10,3,2,0,0,-1,-1,3,3,1,2021,74.0,1,2,0,1,1,16,1,,4,CORMERY (RUE DE),0,,2,2,1,1,(1),(1),3,, -1,1,5,1,30,27,5,1,37,37208,2,6,0,6,CORMERY (RUE DE),47.3419801871,0.7374315262,9,2,1
202100009971,183Â 878,A01,2,2,1,5,2,-1,-1,0,0,-1,2021,14.0,1,1,0,0,3,1,1,,4,,-1,,2,2,0,1,(1),(1),1,,4,1,0,1,50,1,11,1,45,45226,2,2,0,3,Rue des Cassines,47.796278,2.253498,15,4,2
202100046429,118Â 788,A01,1,1,1,5,2,6,-1,0,0,-1,2021,41.0,1,1,0,0,7,16,1,,4,,-1,,2,1,0,2,(1),(1),1,,4,1,0,1,50,28,3,1,71,71584,2,5,0,7,2 Rue du Champ Colon,46.4439318507,4.8554296419,14,1,1
202100018303,168Â 907,B01,1,1,1,3,2,6,-1,-1, -1,-1,2021,36.0,2,1,0,2,1,1,1,,3,ROUTE DU STILETTO,0,,2,2,0,1,0,500,1,, -1,1,0,1,50,17,9,1,201,201004,2,1,0,3,ROUTE DU STILETTO,41.94651,8.76466,13,2,2
202100032490,143Â 693,A01,10,3,2,2,0,-1,-1,3,0,-1,2021,31.0,1,1,0,1,1,1,1,,4,AVE ABADIE,0,,2,2,0,1,(1),(1),1,, -1,1,0,1,50,24,6,1,33,33063,2,1,0,6,Avenue Abadie,44.8444215609,-0.5578959388,17,3,1
202100039057,131Â 820,A01,10,3,1,5,0,-1,-1,3,3,1,2021,73.0,2,2,0,1,1,1,1,,3,656,0,D,2,2,0,1,73,1080,1,, -1,1,2,1,50,27,2,1,47,47195,2,1,1,6,Avenue de Lattre de Tassigny,44.134967,0.341322,9,2,1
202100001370,199Â 318,A01,1,1,1,5,2,6,-1,-1, -1,-1,2021,59.0,1,1,0,0,8,26,1,,3,TOUSTAIN,0,,1,2,0,4,69,602,1,, -1,1,0,1,50,25,12,1,76,76217,2,1,0,7,TOUSTAIN,49.9233452925,1.0720789433,12,2,1
202100034590,139Â 884,A01,1,1,1,5,2,6,-1,-1, -1,-1,2021,23.0,1,1,0,0,7,26,1,,4,JOLIOT-CURIE   AVENUE,0,,1,2,0,1,(1),(1),1,, -1,1,0,1,50,13,6,5,17,17274,2,1,0,7,JOLIOT-CURIE   AVENUE,46.157869,-1.106486,22,1,1
202100032596,143Â 509,A01,1,1,2,5,1,-1,-1,0,0,-1,2021,22.0,2,2,0,2,0,0,1,,1,8,-1,,3,4,0,2,196,520,2,, -1,1,1,1,90,25,6,1,6,6088,1,1,0,5,A8 PK 196.520 NORD,43.734678,7.253122,15,3,3
202100044913,121Â 444,A01,10,3,1,5,0,-1,-1,1,3,3,2021,7.0,1,2,0,1,2,1,1,,3,HUIT MAI 1945 (AVENUE DU),0,,2,2,0,1,3,1300,1,, -1,1,0,1,30,6,4,1,95,95680,2,9,0,6,HUIT MAI 1945 (AVENUE DU),49.0076449332,2.4015183476,18,3,1
202100051501,109Â 641,B01,1,1,1,0,2,6,-1,-1, -1,-1,2021,39.0,2,1,4,2,2,1,1,,1,AUTOROUTE A3,0,,3,8,0,1,3,0,1,, -1,1,1,1,70,15,2,1,93,93063,1,1,0,3,A3,48.87831,2.44699,9,2,2
202100024436,158Â 001,A01,10,3,2,3,0,-1,-1,3,3,1,2021,69.0,2,2,0,1,2,1,1,,3,11,-1,,2,2,0,1,(1),(1),2,, -1,1,0,1,30,12,8,1,68,68278,2,3,0,6,11 Avenue du GÃ©nÃ©ral de Gaulle,47.746278,7.399448,11,2,1
202100020269,165Â 404,A01,1,1,2,0,1,0,-1,0,0,-1,2021,29.0,2,2,0,2,8,1,1,,4,,0,,2,2,0,1,(1),(1),1,, -1,1,0,1,50,4,9,5,63,63113,2,1,0,3,HERMITAGE (RUE DE L')/parking mac do,45.7642630423,3.1278929114,21,2,2
202100055508,102Â 625,A01,1,1,1,0,1,0,-1,-1, -1,-1,2021,32.0,3,2,5,0,1,1,1,,4,BD FERDINAND DE LESSEPS,0,,1,1,0,1,(1),(1),1,, -1,1,9,1,50,10,1,5,13,13203,2,9,0,6,BD FERDINAND DE LESSEPS,43.3202069373,5.3717658942,4,1,1
202100055114,103Â 298,A01,1,1,1,1,2,4,6,0,0,-1,2021,51.0,3,1,1,0,8,1,1,,3,139,-1,,2,2,0,1,(1),(1),1,, -1,1,0,1,50,15,1,1,50,50215,2,1,0,6,Route de Montsurvent,49.098712,-1.578662,17,1,1
202100019886,166Â 086,A01,1,1,1,5,2,8,-1,-1, -1,-1,2021,18.0,3,1,0,2,1,2,1,,7,ROUSSEAU JEAN-JACQUES (bld),0,,2,2,1,1,0,0,1,, -1,1,0,1,30,4,9,1,13,13026,2,1,0,2,ROUSSEAU JEAN-JACQUES (bld),43.3893,5.16381,12,2,2
202100034153,140Â 712,B01,1,1,1,5,2,-1,-1,0,0,-1,2021,17.0,1,1,0,2,1,2,1,,4,,-1,,2,2,0,1,(1),(1),1,,4,1,0,1,50,15,6,2,25,25115,1,1,0,2,Chemin du Grand Mont,47.245423,5.895903,20,2,2
202100036913,135Â 721,A01,1,1,1,5,2,6,9,0,0,-1,2021,22.0,2,1,12,0,2,1,1,,3,,-1,,1,2,0,1,12,(1),1,, -1,1,0,1,50,30,5,1,85,85103,2,6,0,7,Rue du Moulin,46.540209,-1.614937,15,1,1
202100026078,155Â 072,A01,1,1,2,0,1,-1,-1,0,0,-1,2021,25.0,1,2,13,0,2,1,1,,7,118,0,M,2,2,0,1,5,0,2,, -1,1,0,8,70,2,8,1,34,34027,1,1,0,7,M118 beaulieu,43.732732,4.006748,11,1,1
202100002602,197Â 130,A01,10,3,2,0,0,-1,-1,5,2,1,2021,75.0,1,5,0,1,4,20,1,,4,FRANÃOIS MITTERRAND (ALLEE),0,,2,2,0,1,0,0,3,, -1,1,0,4,30,15,12,1,67,67218,2,1,0,6,FRANÃOIS MITTERRAND (ALLEE),48.52683,7.70719,11,2,1
202100034596,139Â 872,A01,1,1,1,5,1,5,-1,-1, -1,-1,2021,25.0,1,2,0,2,3,3,1,,7,L ARMEE D AFRIQUE (CHEMIN DE L'),0,,-1,2,0,1,0,0,3,, -1,1,0,1,50,13,6,1,13,13210,2,1,0,1,L ARMEE D AFRIQUE (CHEMIN DE L'),43.28679,5.42453,6,2,2
202100033987,141Â 004,B01,1,1,1,0,2,6,-1,-1, -1,-1,2021,23.0,2,1,0,2,3,1,1,,1,AUTOROUTE A3,0,,3,6,0,1,11,300,1,, -1,1,0,1,90,16,6,1,93,93007,1,1,0,3,AUTOROUTE A3,48.93395,2.48059,13,2,2
202100054169,104Â 922,A01,1,1,2,1,1,8,-1,-1, -1,-1,2021,51.0,0,2,0,2,3,2,1,,1,A52-Sens Toulon vers Pont de l'Etoile,0,,1,1,0,1,0,500,3,, -1,1,0,1,50,22,1,1,13,13005,1,1,0,2,A52-Sens Toulon vers Pont de l'Etoile,43.28486,5.58569,7,2,2
202100022627,161Â 170,A01,2,2,2,5,1,0,-1,-1, -1,-1,2021,48.0,3,2,0,2,1,1,1,,4,BAS DE MABLY  (CHEMIN DU),0,,2,2,0,1,(1),(1),3,, -1,1,0,1,50,25,8,2,42,42127,2,1,0,1,Route du Bas de Mably,46.07872,4.0903,19,3,2
202100032155,144Â 274,B01,1,1,1,9,2,6,-1,-1, -1,-1,2021,32.0,1,1,0,2,2,1,1,,4,104,0,,2,2,0,1,0,0,1,, -1,1,9,1,50,26,6,1,92,92062,2,3,0,3,WALLACE (BD RICHARD) DU 17 AU 91 ET DU 3,48.8798150666,2.2399798036,14,3,2
202100007854,187Â 697,A01,1,1,2,9,2,0,-1,0,0,-1,2021,58.0,1,1,0,2,2,2,1,,4,BOULEVARD DE MENILMONTANT,0,,3,2,0,1,(1),(1),1,, -1,1,0,1,30,16,11,5,75,75111,2,2,0,2,BOULEVARD DE MENILMONTANT,48.867055,2.383078,18,2,2
202100028375,150Â 988,A01,1,1,1,5,2,6,-1,0,0,-1,2021,58.0,1,1,0,0,0,26,1,,4,1,-1,,2,2,0,1,(1),(1),1,, -1,1,0,1,50,18,7,1,46,46165,2,1,0,7,route de la prairie,44.797124,1.759427,11,2,1
202100042788,125Â 173,A01,1,1,1,0,2,6,-1,0,0,-1,2021,48.0,3,1,2,0,1,0,1,,4,4,-1,,2,2,0,3,(1),(1),2,, -1,1,0,3,50,24,4,2,35,35185,2,1,0,6,Voie communale C4,48.204008,-1.146001,20,1,1
202100010071,183Â 694,A01,1,1,2,1,8,-1,-1,0,0,-1,2021,23.0,2,2,0,5,1,1,1,,3,916,0,D,2,2,0,2,2,700,2,, -1,1,0,1,90,31,10,3,61,61508,1,1,0,6,D 916,48.918861,0.187325,6,1,1
202100003587,195Â 341,B01,1,1,1,3,2,6,-1,-1, -1,-1,2021,25.0,2,1,0,2,1,1,1,,4,IRLANDE (RUE D'),0,,2,2,0,1,(1),(1),3,, -1,1,0,1,50,9,12,1,82,82121,2,2,0,3,IRLANDE (RUE D'),43.98659,1.33379,11,2,2
202100014154,176Â 392,A01,1,1,1,0,2,6,-1,-1, -1,-1,2021,43.0,1,1,0,2,1,21,1,,4,MER (BOULEVARD DE LA),0,,2,2,0,2,0,0,1,, -1,1,0,1,50,9,10,1,64,64024,2,1,0,2,MER (BOULEVARD DE LA),43.4963267243,-1.5391346812,12,2,2
202100021062,164Â 011,A01,1,1,2,0,1,-1,-1,0, -1,-1,2021,22.0,1,2,0,2,7,12,1,,3,KERUSTUM  ROND POINT DE,0,,-1,2,0,1,3,400,2,, -1,1,5,1,50,3,9,1,29,29232,2,9,0,3,Rond point de Kerustum,47.97888,-4.09473,14,2,2
202100031348,145Â 709,A01,1,1,1,1,2,6,9,0,0,-1,2021,21.0,1,1,15,0,1,1,1,,3,49,0,,2,2,0,1,18,41,1,, -1,2,0,1,-1,3,7,1,76,76441,2,4,1,7,D49,49.944558,1.590775,9,1,1
202100009115,185Â 417,A01,1,1,1,0,8,0,-1,-1, -1,-1,2021,51.0,3,2,6,0,1,15,1,,3,AUXERRE (ROUTE),0,,-1,2,0,1,(1),(1),1,, -1,1,0,4,50,6,11,5,10,10387,2,6,0,6,LOMBARDS (AVENUE),48.278344352,4.0670143068,4,1,1
202100025366,156Â 319,A01,1,1,1,5,2,6,-1,0,0,-1,2021,51.0,2,1,13,0,0,1,1,,3,208,0,,2,2,0,1,11,500,2,, -1,1,0,3,90,6,8,1,3,3223,1,1,0,7,LE CHITIN,46.177286,3.585652,19,1,1
202100011967,180Â 328,A01,1,1,1,0,2,8,-1,-1, -1,-1,2021,25.0,1,1,0,2,1,1,1,,3,MONTABO (ROUTE DE) 3,0,,2,2,0,1,3,200,1,, -1,1,0,1,70,20,10,5,973,97302,2,1,0,3,MONTABO (ROUTE DE) 3,4.93631,-52.29642,18,2,2
202100016653,171Â 863,A01,1,1,2,5,2,8,-1,0,0,-1,2021,17.0,1,1,0,0,7,26,1,,4,avenue des mÃ©tiers,0,,2,2,0,1,(1),(1),1,, -1,2,0,1,70,26,9,1,27,27701,2,1,0,7,avenue des mÃ©tiers,49.237495,1.1712543,17,1,1
202100054492,104Â 364,B01,1,1,1,0,2,0,-1,-1, -1,-1,2021,21.0,1,1,0,2,0,1,3,,4,RUE PAUL DUPONT,0,,2,2,0,1,0,0,1,, -1,1,0,1,30,19,1,1,92,92024,2,3,0,3,RUE PAUL DUPONT,48.9046599338,2.2935494135,13,2,2
202100027567,152Â 447,A01,1,1,1,9,8,0,-1,0,0,-1,2021,33.0,1,1,0,2,7,1,5,,4,AVENUE DE FLANDRE,0,,4,4,0,1,(1),(1),1,, -1,1,0,1,50,22,7,5,75,75119,2,2,0,3,AVENUE DE FLANDRE,48.892318,2.379151,1,2,2
202100015740,173Â 531,A01,1,1,1,9,2,6,-1,0,0,-1,2021,28.0,1,1,0,2,3,18,1,,4,AVENUE DE VERSAILLES,0,,2,4,1,1,(1),(1),1,, -1,1,-1,5,30,1,10,1,75,75116,2,2,0,3,AVENUE DE VERSAILLES,48.840798,2.26516,10,2,2
202100022236,161Â 895,B01,1,1,1,5,1,8,-1,-1, -1,-1,2021,25.0,1,2,0,2,4,1,1,,3,MARTYRS DU PONT LONG DES,0,,2,2,0,1,30,700,1,, -1,1,0,1,50,27,8,1,64,64445,2,1,1,4,Avenue des Martyrs du Pont-Long,43.3460184449,-0.3798651695,15,6,5
202100045733,120Â 006,A01,10,3,2,0,0,-1,-1,3,3,1,2021,64.0,0,1,0,1,1,26,1,,4,ACHILLE PERETTI RUE,0,,-1,1,0,2,(1),(1),1,, -1,1,0,1,50,1,3,1,201,201004,2,1,0,6,ACHILLE PERETTI RUE,41.93781,8.74367,17,2,1
202100028463,150Â 839,A01,10,3,2,5,0,-1,-1,4,3,1,2021,13.0,3,3,0,1,2,1,3,,4,,0,,2,2,3,1,(1),(1),1,, -1,1,4,6,60,17,7,1,69,69282,2,8,0,6,JEAN JAURES (R),45.76999,5.01256,18,2,1
202100007733,187Â 935,A01,1,1,1,1,2,6,9,0,0,-1,2021,57.0,0,1,0,6,2,0,1,,3,609,0,D,2,2,0,2,10,700,1,, -1,2,0,1,80,17,11,3,60,60010,1,1,0,6,D609,49.207,2.150145,18,1,1
202100045615,120Â 198,A01,10,3,1,0,0,0,0,1,3,1,2021,13.0,1,2,0,1,2,1,1,,4,SAINT-AUGUSTIN (AV. DE),0,,1,1,0,1,(1),(1),1,, -1,1,0,1,50,1,4,1,6,6088,2,1,0,6,SAINT-AUGUSTIN (AV. DE),43.67093,7.21767,15,2,1
202100036489,136Â 478,A01,1,1,1,0,2,8,-1,-1, -1,-1,2021,30.0,3,1,0,2,1,1,1,,4,ANATOLE SIGONNEAU (RUE),0,,2,2,0,1,0,0,1,, -1,1,0,1,50,4,6,4,93,93007,2,1,0,1,ANATOLE SIGONNEAU (RUE),48.9533,2.45909,22,2,2
202100032138,144Â 304,B01,3,2,2,5,1,0,-1,0,0,-1,2021,35.0,1,2,0,2,4,2,2,,4,SOUTERRAIN BERCY,0,,3,3,0,2,(1),(1),1,, -1,2,0,1,50,26,6,1,75,75112,2,1,1,2,SOUTERRAIN BERCY,48.831078,2.385436,14,4,2
202100001805,198Â 574,B01,1,1,1,1,1,-1,-1,0,0,-1,2021,45.0,3,2,0,2,3,0,1,,7,46,0,A,2,2,0,1,0,0,3,, -1,2,0,1,70,23,12,3,13,13041,1,1,1,1,Route de Greasque,43.448603,5.511007,20,2,2
202100034902,139Â 327,A01,1,1,1,5,2,6,-1,0,0,-1,2021,17.0,3,1,1,2,3,1,1,,4,,-1,,2,2,0,1,(1),(1),1,,5,1,9,1,50,12,6,1,85,85222,2,3,0,3,Boulevard des OcÃ©anides,46.686822,-1.934795,18,2,2
202100021722,162Â 811,A01,1,1,1,5,2,-1,-1,0,0,-1,2021,39.0,1,1,6,0,1,1,1,,4,,-1,,2,2,0,1,(1),(1),1,,4,1,0,8,50,1,9,1,21,21390,2,1,0,6,29 Rue du ChÃ¢teau,47.269678,4.99084,15,1,1
202100053877,105Â 442,A01,1,1,1,5,0,-1,-1,0,0,-1,2021,16.0,1,1,0,0,8,1,1,,3,7,-1,,2,2,0,1,25,0,1,, -1,1,0,1,50,24,1,1,65,65080,2,1,0,7,D7,43.153921,0.024776,12,1,1
202100029799,148Â 525,A01,1,1,1,5,2,6,-1,-1,0,-1,2021,18.0,1,1,0,2,4,1,1,,3,TY BOS AVENUE DE,0,,2,2,0,1,50,600,1,, -1,1,5,1,70,9,7,1,29,29232,1,1,0,2,Avenue de Ty Bos,47.96665,-4.06122,15,2,2
202100006412,190Â 339,A01,1,1,1,1,1,0,-1,0,0,-1,2021,20.0,1,2,0,2,1,1,1,,3,ART SUR MEURTHE (ROUTE D'),0,,2,2,0,1,9,300,1,, -1,1,0,1,80,24,11,1,54,54549,1,1,0,1,ART SUR MEURTHE (ROUTE D'),48.644839,6.291957,10,2,2
202100044630,121Â 948,A01,10,3,1,3,0,-1,-1,1,3,1,2021,80.0,3,2,0,1,4,4,1,,4,0,0,C,1,1,0,2,0,0,1,0,"2,4",1,0,1,50,9,4,1,16,16028,2,1,0,6,rue Victor Hugo,45.471722,-0.154329,12,2,1
202100031349,145Â 708,A01,1,1,1,5,2,6,-1,0,0,-1,2021,38.0,1,1,0,2,1,2,1,,3,111,-1,,2,2,0,2,10,500,1,,"5,5",1,0,1,80,2,7,1,80,80222,1,1,0,2,D111,50.214262,1.818575,19,3,2
202100014675,175Â 482,A01,1,1,1,1,1,-1,-1,0,0,-1,2021,38.0,2,2,0,2,1,2,1,,2,13,-1,,3,4,0,2,80,550,1,, -1,1,0,1,110,8,10,2,14,14098,1,1,1,2,"RN13, PR80+550",49.223287,-0.550979,8,2,2
202100048016,115Â 916,B01,1,1,1,1,1,-1,-1,-1, -1,-1,2021,45.0,2,2,0,2,4,2,1,,4,VIENNE (DE)                         (RO),0,,2,3,0,1,(1),(1),1,, -1,1,0,1,50,13,3,1,69,69388,2,3,0,2,VIENNE (DE) (RTE),45.7273770634,4.8538169637,10,2,2
202100056199,101Â 439,A01,2,2,1,0,0,-1,-1,0,0,-1,2021,46.0,2,2,0,2,1,2,1,,1,10,-1,,2,3,0,1,145,100,1,, -1,2,0,1,130,6,1,3,41,41206,1,1,1,2,A10,47.6512,1.37397,7,3,2
202100051554,109Â 543,C01,1,1,2,9,1,-1,-1,0,0,-1,2021,51.0,2,2,0,2,3,1,1,,3,42,0,D,2,2,0,1,10,120,1,, -1,1,0,1,80,14,2,3,30,30258,1,1,0,4,D42. PK 10+120,43.7516,4.4069,19,3,3
202100012879,178Â 706,B01,1,1,2,9,8,0,-1,0,0,-1,2021,27.0,2,1,0,2,6,15,5,,4,AVENUE DE L OPERA,0,,2,4,3,1,(1),(1),1,, -1,1,-1,6,30,16,10,1,75,75102,2,3,0,3,AVENUE DE L OPERA,48.869041,2.332954,8,2,2
202100048235,115Â 534,A01,1,1,1,4,1,0,-1,-1, -1,-1,2021,46.0,2,5,0,2,8,15,1,,4,ARMAND (AVE Z.A.C,0,,3,2,0,2,0,0,1,, -1,2,0,1,50,11,3,5,87,87085,2,1,1,3,ARMAND (AVE Z.A.C,45.86284,1.27367,6,2,2
202100023879,158Â 946,A01,2,2,2,5,1,0,-1,-1, -1,-1,2021,18.0,3,2,6,0,1,1,1,,4,SAGNOL (R MACEL),0,,2,2,0,1,(1),(1),1,, -1,2,0,8,50,31,7,5,62,62186,2,1,1,6,SAGNOL (R MACEL),50.440812,2.71439,3,2,1
202100038355,133Â 077,B01,1,1,1,0,1,0,-1,0,0,-1,2021,52.0,2,2,0,2,1,1,1,,3,CONCORDE (RUE DE LA),0,,2,2,0,1,(1),(1),1,, -1,1,0,1,50,21,5,1,54,54261,2,1,0,1,CONCORDE (RUE DE LA),49.5228,5.7933,11,2,2
202100001732,198Â 691,A01,10,3,2,0,0,-1,-1,3,3,2,2021,57.0,1,2,0,1,1,1,1,,7,AMPERE  ANDRE (RUE),0,,1,2,0,1,0,0,2,, -1,9,0,1,50,22,12,4,13,13001,1,1,0,1,AMPERE  ANDRE (RUE),43.48456,5.38213,7,3,1
202100021018,164Â 093,A01,1,1,1,5,1,-1,-1,-1, -1,-1,2021,78.0,3,2,0,2,1,1,1,,4,ETRETAT (D'),0,,2,2,0,2,0,0,1,, -1,1,0,1,50,31,8,1,76,76351,2,1,0,2,ETRETAT (D'),49.497806,0.096467,8,2,2
202100007628,188Â 110,B01,1,1,2,1,1,-1,-1,-1, -1,-1,2021,28.0,2,2,2,2,6,1,1,,4,KEREQUELLOU CHEMIN DE,0,,2,2,0,1,(1),(1),2,, -1,2,0,1,50,17,11,1,29,29232,1,1,0,1,Chemin de Kerequellou,47.9542,-4.07185,13,2,2
202100038236,133Â 296,B01,1,1,1,0,1,0,-1,-1, -1,-1,2021,55.0,0,2,0,2,3,10,1,,4,"""GUESDE JULES (BD), NR 2 A 52 ET 55 A 57",0,,2,2,0,1,0,1,1,, -1,1,0,1,50,24,5,1,93,93066,2,1,0,3,Boulevard Jules Guesde,48.937702,2.350352,17,3,2
202100023102,160Â 319,A01,1,1,1,1,1,8,-1,-1, -1,-1,2021,28.0,1,2,0,2,1,21,3,,3,D 402,0,,2,2,0,1,48,200,1,, -1,1,0,1,80,20,8,3,77,77433,1,1,0,1,D 402,48.78919,3.06419,2,2,2
202100048899,114Â 352,B01,1,1,1,5,0,-1,-1,0,0,-1,2021,65.0,2,1,0,2,1,1,5,,3,5,-1,,2,2,0,2,65,804,1,, -1,1,0,1,80,7,3,1,13,13011,1,3,0,3,Route DÃ©partementale 5,43.734782,4.821169,16,2,2
202100053091,106Â 830,A01,4,2,2,3,3,0,-1,-1, -1,-1,2021,9.0,1,2,8,0,1,18,1,,3,126,0,,1,2,0,1,0,0,2,, -1,1,5,8,50,30,1,1,94,94034,2,9,0,6,STALINGRAD (AV DE),48.7577,2.32945,14,3,1
202100047809,116Â 297,A01,2,2,1,0,8,0,-1,-1, -1,-1,2021,17.0,2,1,0,2,0,5,1,,4,BELLE DE MAI (RUE),0,,1,1,0,2,(1),(1),3,, -1,1,0,1,50,16,3,5,13,13203,2,2,0,1,BELLE DE MAI (RUE),43.30873,5.38177,21,3,2
202100028774,150Â 294,A01,1,1,1,9,2,-1,-1,0,0,-1,2021,44.0,0,1,0,0,8,0,1,,3,,-1,,2,2,0,1,2,930,1,,5,9,0,1,50,17,7,3,27,27213,2,1,0,7,Rue du Chesnay,49.188232,1.544022,4,1,1
202100002286,197Â 698,A01,10,3,2,5,0,-1,-1,1,1,2,2021,24.0,1,5,0,1,5,2,1,,3,986,0,,3,6,2,1,4,0,1,, -1,1,0,1,50,18,12,5,92,92046,2,1,0,6,PIERRE BROSSOLETTE (AVENUE),48.8219941739,2.3135957122,21,2,1
202100022128,162Â 078,A01,5,2,1,5,2,8,-1,-1, -1,-1,2021,6.0,2,1,0,0,6,1,6,,4,ETIENNE DOLET (RUE),0,,2,1,0,1,0,0,1,, -1,1,0,1,30,28,8,1,92,92046,2,1,0,7,ETIENNE DOLET (RUE),48.8164805186,2.2973200679,10,2,1
202100051091,110Â 354,B01,4,2,1,0,3,8,-1,-1, -1,-1,2021,1.0,1,2,0,2,1,6,1,,3,VERDUN (COUR DE),0,,-1,2,0,3,1,0,1,, -1,2,5,1,50,18,2,1,94,94077,2,9,1,3,Cours de Verdun,48.73291,2.406132,15,3,2