Num_Acc,id_vehicule,num_veh,place,catu,sexe,trajet,secu1,secu2,secu3,locp,actp,etatp,year_acc,victim_age,senc,catv,obs,obsm,choc,manv,motor,occutc,catr,voie,v1,v2,circ,nbv,vosp,prof,pr,pr1,plan,lartpc,larrout,surf,infra,situ,vma,jour,mois,lum,dep,com,agg_,int,atm,col,adr,lat,long,hour,nb_victim,nb_vehicules
202100051124,110Â 293,A01,10,3,2,0,0,-1,-1,3,3,1,2021,40.0,3,2,0,1,2,1,1,,2,102,0,A,2,2,0,2,3,150,1,, -1,1,0,1,50,17,2,1,7,7319,2,1,0,6,Avenue Joliot Curie,44.544836,4.679301,14,2,1
202100053470,106Â 139,B01,1,1,1,1,2,6,-1,-1, -1,-1,2021,39.0,1,1,0,2,3,2,3,,4,ATHENES (BOULEVARD D'),0,,3,1,0,1,(1),(1),1,, -1,1,0,1,50,27,1,5,13,13201,2,9,0,3,ATHENES (BOULEVARD D'),43.300192,5.380702,22,2,2
202100010367,183Â 177,A01,3,2,1,5,1,0,-1,-1, -1,-1,2021,19.0,3,2,12,0,1,15,1,,4,FOULEURS (R DES),0,,1,1,0,2,1,0,2,, -1,1,5,1,50,28,10,5,94,94048,2,4,0,6,Rue des Fouleurs,48.73074,2.55327,4,3,1
202100038808,132Â 245,A01,1,1,1,5,2,6,-1,0,0,-1,2021,54.0,2,1,0,0,9,1,1,,3,45,-1,,2,2,0,1,11,400,1,, -1,2,0,1,80,23,5,1,57,57334,1,1,1,7,RD 45,48.685323,7.182226,14,1,1
202100007199,188Â 886,A01,1,1,1,9,1,8,-1,-1, -1,-1,2021,71.0,2,2,0,2,3,13,1,,3,RD263,0,,2,2,0,1,38,869,1,, -1,1,0,1,80,9,11,1,67,67180,1,1,0,1,RD263,48.89578,7.8436,13,2,2
202100032235,144Â 144,A01,10,3,1,5,0,-1,-1,4,3,2,2021,73.0,1,2,0,1,1,1,1,,4,HERRIOT (BOULEVARD EDOUARD),0,,4,3,0,1,0,0,1,, -1,1,0,1,50,25,6,1,82,82121,2,5,0,6,DOUMERC (BOULEVARD BLAISE),44.01589,1.364301,18,3,1
202100015543,173Â 899,B01,1,1,1,5,2,6,-1,-1, -1,-1,2021,24.0,2,1,0,2,1,1,1,,4,BARTHES (RUE DES),0,,2,2,0,1,0,0,1,, -1,2,0,1,30,29,9,5,64,64024,2,3,1,3,BARTHES (RUE DES),43.4834424046,-1.5110587707,21,3,2
202100000250,201Â 276,B01,1,1,2,0,2,4,-1,-1, -1,-1,2021,55.0,2,1,0,2,4,26,0,,4,CREQUI (DE)                         (R ),0,,1,1,2,1,(1),(1),1,, -1,1,0,1,50,21,10,1,69,69386,2,1,0,2,CREQUI (DE) (R),45.7761264739,4.8446971178,17,2,2
202100038806,132Â 249,A01,1,1,1,5,2,6,-1,0,0,-1,2021,18.0,1,1,0,2,8,1,1,,3,554,0,D,2,2,0,1,90,500,2,, -1,1,0,1,70,23,5,1,83,83131,1,1,0,5,D554,43.228449,6.014119,13,6,3
202100051394,109Â 818,A01,10,3,1,9,0,-1,-1,1,3,1,2021,20.0,2,2,0,1,2,1,1,,3,BLANCHARD,0,,2,2,0,1,(1),(1),1,, -1,1,0,1,50,15,2,3,971,97120,2,1,0,6,BLANCHARD,16.22534,-61.52738,0,2,1
202100039551,130Â 894,D01,1,1,2,5,1,0,-1,-1, -1,-1,2021,48.0,2,2,0,2,4,2,1,,7,351,0,,1,3,0,1,1,0,1,, -1,2,0,1,90,6,5,1,67,67482,1,1,1,4,M351,48.58694,7.71475,17,7,5
202100026660,154Â 054,A01,1,1,2,5,1,-1,-1,-1, -1,-1,2021,75.0,1,2,12,0,1,26,1,,4,VALLES (JULES),0,,2,2,1,1,(1),(1),1,, -1,1,0,1,50,28,7,1,35,35238,2,1,0,6,VALLES (JULES),48.10168,-1.71761,17,1,1
202100043348,124Â 180,B01,1,1,1,5,8,0,-1,0,0,-1,2021,33.0,3,1,0,2,1,19,3,,4,AVENUE SIMON BOLIVAR,0,,2,2,0,1,(1),(1),1,, -1,1,0,1,50,19,4,5,75,75119,2,2,0,3,AVENUE SIMON BOLIVAR,48.8763411814,2.3796856791,23,2,2
202100020138,165Â 629,A01,2,2,2,9,1,-1,-1,0,0,-1,2021,80.0,3,2,0,2,3,15,1,,3,1,-1,,2,2,0,1,14,265,1,,6,2,0,3,80,8,9,1,86,86007,2,3,1,1,carrefour de la D1 et du C1,46.846532,0.534564,16,3,2
202100040239,129Â 672,A01,2,2,1,0,2,0,-1,-1, -1,-1,2021,17.0,1,1,0,0,0,0,1,,3,ALPHONSE LE GALLO (QUAI) 1/34,0,,1,2,0,2,0,0,1,, -1,1,1,1,50,12,5,1,92,92012,2,1,0,7,ALPHONSE LE GALLO (QUAI) 1/34,48.8410777844,2.2251963923,19,2,1
202100002486,197Â 329,B01,1,1,1,5,2,-1,-1,0,0,-1,2021,51.0,2,1,0,2,1,15,5,,3,112,-1,,2,2,0,1,6,936,1,, -1,1,0,1,80,19,12,1,54,54108,1,2,1,3,RD 112,48.5812066815,6.267271042,12,3,2
202100052008,108Â 745,C01,1,1,2,0,1,0,-1,0,0,-1,2021,63.0,1,2,0,2,1,2,1,,4,LOBAU (BOULEVARD),0,,2,4,0,1,(1),(1),1,, -1,1,0,1,50,9,2,1,54,54395,2,1,0,5,LOBAU (BOULEVARD),48.6835345362,6.1967984752,7,4,4
202100002459,197Â 378,A01,1,1,2,5,1,0,-1,0,0,-1,2021,86.0,3,2,1,0,2,14,1,,4,AVENUE EMILE ZOLA,0,,-1,2,0,1,(1),(1),1,, -1,1,0,1,30,17,12,1,75,75115,2,1,0,6,AVENUE EMILE ZOLA,48.846635,2.287267,14,1,1
202100016420,172Â 288,B01,1,1,1,1,2,-1,-1,0,0,-1,2021,37.0,1,1,0,2,1,1,1,,4,,-1,,2,2,0,1,(1),(1),1,,5,1,0,1,50,28,9,2,69,69204,2,1,0,1,MOULINS (DES) (CHM),45.696558,4.812012,7,2,2
202100055800,102Â 124,A01,1,1,1,1,2,6,-1,-1, -1,-1,2021,31.0,1,1,3,0,0,17,1,,3,612,0,,3,4,0,1,67,1423,3,, -1,1,0,1,90,7,1,3,34,34032,1,1,0,5,ROUTE DEPARTEMENTALE 612,43.36237,3.24291,7,3,3
202100044672,121Â 862,A01,1,1,1,1,2,6,-1,-1, -1,-1,2021,18.0,1,1,0,2,1,17,1,,4,ADOUR (AVENUE DE L'),0,,2,2,0,1,0,0,1,, -1,1,0,1,50,7,4,1,64,64024,2,1,0,3,ADOUR (AVENUE DE L'),43.50144,-1.49273,9,2,2
202100018073,169Â 330,A01,1,1,2,0,1,-1,-1,0,0,-1,2021,56.0,2,2,5,2,1,13,1,,2,20,0,,2,2,0,2,120,370,3,, -1,1,9,1,80,19,9,3,202,202055,1,1,0,4,T20,42.5069389503,9.3308687213,1,6,3
202100020110,165Â 678,B01,1,1,2,9,8,0,-1,0,0,-1,2021,32.0,2,0,0,2,1,1,3,,4,AVENUE DE MARIGNY,0,,2,3,3,1,(1),(1),1,, -1,2,0,1,30,8,9,1,75,75108,2,1,0,3,AVENUE DE MARIGNY,48.870258,2.31566,8,2,2
202100000705,200Â 453,A01,4,2,1,5,8,-1,-1,0,0,-1,2021,16.0,2,2,6,0,2,14,1,,3,1504,-1,,2,2,0,1,12,500,1,, -1,2,0,4,50,30,12,5,1,1384,2,1,0,6,D1504,45.939875,5.429134,19,2,1
202100047683,116Â 523,A01,10,3,2,2,0,-1,-1,3,3,2,2021,15.0,2,2,0,1,1,15,1,,4,,0,,-1,2,0,1,(1),(1),1,, -1,2,5,1,50,17,3,1,74,74081,2,3,1,6,Av Paul Bechet,46.064797,6.579722,12,2,1
202100043790,123Â 409,A01,10,3,2,9,0,-1,-1,2,5,3,2021,21.0,2,2,0,1,1,1,2,,4,AVENUE DU PROFESSEUR ANDRE LEMIERE,0,,2,2,3,1,(1),(1),1,, -1,1,0,1,50,16,4,1,75,75120,2,1,0,6,AVENUE DU PROFESSEUR ANDRE LEMIERE,48.855215,2.415176,13,2,1
202100044720,121Â 779,B01,1,1,1,9,2,6,-1,0,0,-1,2021,19.0,1,1,0,2,7,1,3,,4,QUAI BRANLY,0,,1,4,0,1,(1),(1),1,, -1,1,0,1,50,8,4,5,75,75115,2,3,0,3,QUAI BRANLY,48.85748,2.291025,20,2,2
202100040305,129Â 558,A01,1,1,1,0,2,0,-1,-1, -1,-1,2021,22.0,3,1,0,2,1,2,1,,4,JAURES (BLD 2 JEAN),0,,3,4,0,1,0,0,1,, -1,1,0,1,50,10,5,1,974,97411,2,1,0,2,JAURES (BLD 2 JEAN),-20.901,55.496,17,2,2
202100011306,181Â 531,B01,1,1,1,5,2,6,-1,0,0,-1,2021,17.0,2,1,0,2,1,1,1,,7,2,0,M,2,2,0,2,12,800,1,, -1,1,0,1,30,16,10,1,6,6157,2,1,0,1,228 Avenue Colonel MeyÃ¨re,43.720298,7.11609,14,2,2
202100037956,133Â 819,A01,1,1,1,2,2,6,-1,-1, -1,-1,2021,16.0,1,1,0,0,1,19,1,,4,HOARAU (RUE MARCEL),0,,2,1,0,2,0,0,1,, -1,1,0,1,30,27,5,1,974,97411,2,1,0,7,HOARAU (RUE MARCEL),-20.9045,55.491,8,1,1
202100049319,113Â 607,A01,1,1,1,9,1,-1,-1,0,0,-1,2021,28.0,1,2,8,0,0,1,1,,3,252E1,-1,D,2,2,0,1,0,214,3,, -1,1,0,3,50,4,3,5,17,17197,2,1,0,6,Rue de la Grave,45.450038,-0.447795,20,1,1
202100035669,137Â 955,A01,10,3,1,0,8,-1,-1,3,3,1,2021,46.0,2,2,0,1,1,1,0,,4,,0,,1,1,1,1,(1),(1),1,, -1,1,0,1,50,8,6,1,69,69386,2,1,0,6,TETE D'OR (DE LA) (R),45.7674057105,4.8527190685,8,2,1
202100056497,100Â 916,A01,1,1,1,5,1,0,-1,-1,0,-1,2021,35.0,1,2,5,0,2,1,1,,1,15,0,,3,8,0,1,7,400,1,, -1,7,0,1,110,1,1,3,95,95018,1,1,0,6,AUTOROUTE A15-,48.9612392026,2.269324269,0,1,1
202100026064,155Â 098,A01,1,1,2,1,0,-1,-1,0,0,-1,2021,18.0,2,1,0,2,7,1,5,,4,0,0,A,2,2,0,2,(1),(1),4,, -1,1,0,1,50,2,8,1,17,17224,2,3,0,3,4bis Rue du Semblier,45.863223,-0.317338,9,2,2
202100010357,183Â 194,B01,1,1,1,4,1,0,-1,0,0,-1,2021,62.0,3,2,0,2,7,1,2,,4,PLACE DE LA CONCORDE,0,,2,5,3,1,(1),(1),1,, -1,2,0,1,30,29,10,1,75,75108,2,7,1,4,PLACE DE LA CONCORDE,48.866782,2.322081,15,6,3
202100028266,151Â 169,B01,1,1,2,5,2,9,-1,0,0,-1,2021,48.0,1,1,0,0,8,1,5,,3,909,0,,2,2,0,2,45,150,1,, -1,1,0,1,80,26,3,1,74,74236,1,3,0,3,Rte de Megeve,45.8947175751,6.6981625557,10,2,2
202100053321,106Â 414,B01,2,2,2,0,1,-1,-1,-1, -1,-1,2021,27.0,1,2,0,2,7,2,1,,4,,0,,1,4,2,1,(1),(1),1,, -1,2,0,1,50,28,1,5,69,69387,2,2,1,3,GARIBALDI (R),45.7439763988,4.8477649158,18,3,2
202100053762,105Â 644,A01,1,1,1,1,2,0,-1,-1, -1,-1,2021,46.0,3,1,0,2,8,1,0,,3,SEVRAN (CD44) (RUE DE),0,,4,3,0,1,0,1,1,, -1,1,0,1,50,25,1,5,93,93005,2,2,0,1,SEVRAN (CD44) (RUE DE),48.9402387713,2.5021933384,18,2,2
202100001178,199Â 669,A01,1,1,1,0,8,0,-1,-1, -1,-1,2021,49.0,2,1,0,2,1,9,5,,4,MASSOT (PAUL),0,,2,2,0,2,(1),(1),1,, -1,1,0,1,30,25,12,1,66,66136,2,3,0,3,MASSOT (PAUL),42.6963,2.8836,16,2,2
202100048860,114Â 424,B01,1,1,1,1,2,6,-1,-1, -1,-1,2021,23.0,1,1,0,2,3,1,1,,4,PALUD (RUE DE LA)      1 A 57,0,,1,1,0,1,(1),(1),1,, -1,1,0,1,30,7,3,5,13,13201,2,2,0,3,PALUD (RUE DE LA)      1 A 57,43.29288,5.38026,22,2,2
202100053892,105Â 417,B01,9,2,2,4,1,-1,-1,0,0,-1,2021,35.0,2,2,0,2,2,1,1,,1,A 131,0,A,1,4,0,1,31,300,1,, -1,1,3,1,130,25,1,1,76,76305,1,1,0,3,Autoroute A 131. PK 031.300,49.495202,0.248634,12,4,2
202100055650,102Â 381,B01,1,1,2,0,1,0,-1,-1, -1,-1,2021,83.0,1,2,0,2,3,1,1,,2,RN12 INT,0,,1,1,0,1,31,100,2,, -1,1,0,1,90,10,1,1,78,78073,1,1,0,1,RN12 INT,48.7993,1.994225,16,4,2
202100008598,186Â 366,A01,1,1,2,5,8,0,-1,0,0,-1,2021,21.0,2,1,0,2,1,19,3,,4,RUE DIDOT,0,,1,2,1,1,(1),(1),1,, -1,1,0,1,30,10,11,5,75,75114,2,2,0,3,RUE DIDOT,48.828744,2.316603,22,2,2
202100045585,120Â 247,A01,2,2,1,5,8,0,-1,-1, -1,-1,2021,30.0,3,2,0,0,2,14,1,,4,BEAUFORT (Rue de l'Amiral),0,,2,2,0,1,1,0,3,, -1,1,2,3,50,26,3,3,53,53054,1,1,0,7,BEAUFORT (Rue de l'Amiral),48.1,-0.8,19,4,1
202100002776,196Â 804,A01,10,3,1,5,0,-1,-1,4,3,1,2021,57.0,2,2,0,1,1,1,1,,4,COMMANDANT DROGOU ( DE 1 A 69 ET 2 A 76),0,,2,2,0,1,(1),(1),1,, -1,2,0,1,50,14,12,5,29,29019,2,1,0,6,Rue du Commandant Drogou,48.40444,-4.49132,21,2,1
202100052155,108Â 487,A01,10,3,2,3,0,-1,-1,2,3,2,2021,68.0,1,2,0,1,4,26,1,,4,VIEUX CHEMIN DE SAINT DENIS (AVENUE),0,,2,2,0,1,0,0,1,, -1,1,0,1,50,6,2,1,92,92036,2,1,0,6,VIEUX CHEMIN DE SAINT DENIS (AVENUE),48.9315613273,2.3195161437,13,2,1
202100001456,199Â 181,A01,10,3,2,5,0,-1,-1,3,3,1,2021,84.0,1,2,0,1,1,16,1,,4,LYAUTEY MARECHAL (AV) NÂ° PAIRS,0,,2,3,0,1,0,0,1,, -1,1,0,1,50,23,12,1,72,72181,2,2,0,6,ISAAC (RUE) NÂ° PAIRS 126 ET >,48.014,0.221,12,2,1
202100006812,189Â 599,B01,1,1,1,4,2,6,-1,0,0,-1,2021,57.0,1,1,0,2,7,1,1,,4,PORTE DES LILAS,0,,1,4,0,1,28,200,1,, -1,2,0,1,70,22,11,5,75,75119,2,1,0,3,PORTE DES LILAS,48.878879,2.407906,17,2,2
202100054546,104Â 274,A01,1,1,1,0,2,6,-1,-1, -1,-1,2021,51.0,1,1,0,2,1,3,1,,1,AUTOROUTE A86,0,,3,7,0,1,10,0,3,, -1,1,0,1,70,18,1,3,92,92036,1,1,0,2,AUTOROUTE A86,48.9383816776,2.3133085293,18,2,2
202100049527,113Â 228,A01,1,1,2,9,1,0,-1,0,0,-1,2021,21.0,3,2,0,2,8,9,1,,4,AVENUE DE LA PORTE D ORLEANS,0,,1,2,0,3,(1),(1),1,, -1,1,0,1,50,2,3,1,75,75114,2,2,0,3,AVENUE DE LA PORTE D ORLEANS,48.820377,2.325432,9,2,2
202100050810,110Â 857,A01,1,1,2,5,2,6,-1,0,0,-1,2021,33.0,2,1,0,0,8,1,1,,3,19,-1,,2,2,0,1,20,500,1,, -1,1,0,1,80,21,2,1,2,2178,1,1,0,7,dÃ©partementale 19,49.46332,3.73606,15,1,1
202100006164,190Â 794,A01,1,1,1,5,1,-1,-1,0,0,-1,2021,40.0,2,2,9,0,1,2,1,,3,902,-1,D,2,2,0,1,46,270,1,, -1,5,0,3,30,27,11,5,73,73304,2,1,1,6,D902,45.455687,6.969452,6,1,1
202100003236,195Â 984,A01,1,1,1,0,1,-1,-1,-1, -1,-1,2021,30.0,1,2,0,2,6,13,1,,7,ALMANARRE (ROUTE DE L'),0,,2,2,0,1,45,35,3,, -1,1,0,1,50,12,12,5,83,83069,2,1,0,6,ALMANARRE (ROUTE DE L'),43.08196,6.11862,2,3,2
202100032233,144Â 146,A01,10,3,1,9,0,-1,-1,1,3,1,2021,46.0,2,4,0,1,2,1,1,,3,RD 6113 NARBONNE - CARCASSONNE,0,,2,1,0,1,(1),(1),1,, -1,1,0,1,50,18,6,3,11,11262,2,1,0,6,RD 6113 NARBONNE - CARCASSONNE,43.18099,2.96896,4,2,1
202100018504,168Â 558,A01,1,1,1,4,0,-1,-1,0,0,-1,2021,69.0,3,4,0,2,3,13,1,,4,,0,,2,1,0,2,(1),(1),2,,3,1,0,1,80,18,9,1,80,80110,1,1,0,1,Rue de Mons,50.150933,1.656146,10,2,2
202100007817,187Â 773,A01,10,3,1,2,0,-1,-1,1,5,1,2021,17.0,2,2,0,1,2,19,1,,4,AVE LEON DUGUIT,0,,2,2,0,1,(1),(1),1,, -1,1,0,1,50,16,11,1,33,33318,2,1,0,6,Avenue LÃ©on Duguit,44.8002,-0.61021,9,2,1
202100040069,129Â 975,B01,1,1,1,5,2,6,-1,0,0,-1,2021,31.0,2,1,0,2,1,8,1,,4,RUE MARX DORMOY,0,,2,4,0,1,(1),(1),1,, -1,1,5,1,50,13,5,5,75,75118,2,3,0,3,RUE MARX DORMOY,48.886109,2.359401,1,2,2
202100027224,153Â 056,A01,1,1,2,9,2,6,-1,0,0,-1,2021,26.0,1,1,12,0,1,14,1,,4,PLACE DE LA RESISTANCE,0,,1,0,0,1,(1),(1),1,, -1,1,0,1,50,24,7,2,75,75107,2,7,0,7,PLACE DE LA RESISTANCE,48.862265,2.301546,7,1,1
202100014508,175Â 777,A01,2,2,1,5,1,-1,-1,0,0,-1,2021,23.0,1,2,2,0,3,13,1,,3,43,-1,,2,2,0,1,22,530,1,, -1,1,0,3,80,9,10,2,95,95169,1,1,0,6,RD 43,49.132286,1.88805,7,2,1
202100054224,104Â 826,A01,10,3,2,0,0,-1,-1,2,3,1,2021,86.0,3,1,0,1,1,1,1,,4,MACCARANI (R.),0,,1,1,0,1,(1),(1),1,, -1,2,0,1,30,21,1,5,6,6088,2,1,1,6,MACCARANI (R.),43.698498,7.264524,17,2,1
202100042794,125Â 165,B01,1,1,1,0,1,8,-1,-1, -1,-1,2021,34.0,1,2,0,2,1,19,1,,1,6,0,,3,7,0,1,28,0,1,, -1,1,0,1,110,24,4,1,91,91340,1,1,0,1,AUTOROUTE A6,48.60739,2.43548,8,3,2
202100009633,184Â 489,A01,10,3,2,5,0,-1,-1,5,1,1,2021,75.0,1,5,0,1,2,16,1,,4,VICTOR BASCH (R),0,,1,1,0,1,1,0,1,, -1,2,0,1,30,3,11,1,94,94073,2,1,1,6,Rue Victor Basch,48.76107,2.39179,7,2,1
202100048310,115Â 404,A01,10,3,2,3,0,-1,-1,3,3,1,2021,78.0,3,2,0,1,4,4,1,,3,JEAN JAURES (AVENUE),0,,1,2,0,1,1,1,1,, -1,1,0,1,50,12,3,1,93,93032,2,1,0,6,JEAN JAURES (AVENUE),48.8835392564,2.5294854574,15,2,1
202100024125,158Â 537,A01,1,1,1,5,1,0,-1,-1, -1,-1,2021,21.0,2,2,0,2,8,10,0,,4,FULGENCIO GIMENEZ                   (R ),0,,2,2,0,1,(1),(1),1,, -1,1,0,1,50,14,8,1,69,69256,2,1,0,3,FULGENCIO GIMENEZ (R),45.7518588207,4.921746254,18,2,2
202100053598,105Â 914,B01,1,1,1,0,8,0,-1,-1, -1,-1,2021,32.0,1,1,0,2,8,1,5,,7,QUAI EMILE CORMERAIS,0,,3,2,1,1,(1),0,1,, -1,1,0,1,30,26,1,5,44,44162,2,1,0,3,QUAI EMILE CORMERAIS,47.19457,-1.61976,7,2,2
202100016525,172Â 092,A01,10,3,2,3,0,-1,-1,3,3,2,2021,14.0,1,2,0,1,1,1,1,,4,FARADAY (RUE),0,,2,1,0,1,(1),(1),1,, -1,1,0,1,50,23,9,1,52,52121,2,1,0,6,2 Rue Faraday,48.0911,5.13867,17,3,1
202100052614,107Â 675,A01,10,3,2,5,0,-1,-1,1,1,2,2021,30.0,1,2,0,1,3,1,1,,3,177,-1,,2,2,0,1,0,870,1,, -1,1,0,1,80,4,2,3,72,72376,1,1,0,6,Bas Colomboeuf,47.858871,0.484917,19,2,1
202100032762,143Â 211,B01,1,1,1,2,2,6,-1,0,0,-1,2021,15.0,2,1,0,2,7,1,1,,3,613,-1,,2,2,0,1,9,500,1,, -1,1,0,1,90,23,6,1,14,14303,1,1,0,3,D613,49.144601,0.302049,13,2,2
202100012443,179Â 468,B01,1,1,2,0,2,0,-1,-1, -1,-1,2021,67.0,1,0,0,2,1,1,3,,4,PLACE ARMAND FALLIERES,0,,4,0,0,1,(1),0,2,, -1,1,0,1,30,18,10,1,44,44109,2,6,0,3,PLACE ARMAND FALLIERES,47.2248,-1.578907,8,2,2
202100021856,162Â 565,A01,10,3,1,5,0,-1,-1,2,3,1,2021,28.0,3,5,0,1,5,0,0,,4,,-1,,2,2,0,1,(1),(1),1,,"5,5",1,0,1,50,20,8,1,29,29003,2,1,0,6,Quai Jean JaurÃ¨s,48.020968,-4.537075,10,2,1
202100005842,191Â 347,B01,2,2,2,5,1,4,-1,-1, -1,-1,2021,21.0,2,2,0,2,4,2,1,,1,AUTOROUTE A6,0,,1,3,0,1,10,500,1,, -1,2,0,1,90,28,11,3,91,91689,1,1,0,2,AUTOROUTE A6,48.72917,2.31494,18,4,2
202100041825,126Â 847,A01,2,2,2,0,1,0,-1,-1, -1,-1,2021,75.0,-1,2,0,2,3,21,1,,3,FRANCE ANATOLE (BOULEVARD) NR AUTRES,0,,2,2,0,1,0,1,1,, -1,2,0,1,50,1,5,1,93,93066,2,1,1,5,Boulevard Anatole France,48.91923,2.34264,17,5,3
202100023871,158Â 957,A01,1,1,1,5,2,8,-1,-1, -1,-1,2021,64.0,1,1,1,0,3,13,1,,4,PRES (RUE DES),0,,2,2,0,1,(1),(1),3,, -1,1,0,1,50,14,8,1,67,67267,2,1,0,6,PRES (RUE DES),48.55922,7.69161,17,1,1
202100043681,123Â 600,A01,1,1,1,5,2,-1,-1,0,0,-1,2021,39.0,1,1,12,0,1,1,1,,3,604,0,D,2,2,0,1,0,0,1,, -1,1,0,4,50,18,4,1,55,55010,2,1,0,6,7 Rue de Ligny,48.638724,5.028762,17,1,1
202100001806,198Â 572,A01,10,3,2,3,0,-1,-1,2,9,1,2021,85.0,0,2,0,1,4,26,1,,6,,-1,,-1,-1,0,1,(1),(1),1,,4,1,9,8,50,24,12,1,42,42147,2,1,0,6,6 Avenue Paul CÃ©zanne,45.6112469712,4.0553417802,11,2,1
202100014763,175Â 325,B01,1,1,1,0,2,8,-1,-1, -1,-1,2021,21.0,1,1,0,2,1,1,1,,2,MARINGOUINS (ROND-POINT),0,,1,2,0,1,3,0,1,, -1,1,0,1,50,6,10,1,973,97302,1,6,0,3,MARINGOUINS (ROND-POINT),4.9077360873,-52.3224976659,12,2,2
202100008248,186Â 971,A01,3,2,1,5,8,0,-1,0,0,-1,2021,19.0,2,2,1,0,2,1,1,,4,ARIANE (BD DE L'),0,,3,4,0,1,(1),(1),1,, -1,1,0,1,50,13,11,5,6,6088,2,1,0,6,ARIANE (BD DE L'),43.734234,7.293114,21,5,1
202100053584,105Â 939,A01,1,1,1,4,8,0,-1,-1, -1,-1,2021,27.0,3,1,0,2,0,19,0,,7,651,0,,1,3,0,1,(1),(1),1,, -1,1,0,1,50,26,1,1,59,59350,2,2,0,4,DE COUBERTIN PIERRE BOULEVARD,50.64783,3.06873,14,3,3
202100024397,158Â 078,A01,1,1,1,3,2,6,-1,0,0,-1,2021,49.0,1,1,0,2,8,15,1,,3,900,0,,2,2,0,2,52,90,3,, -1,1,0,1,80,13,8,1,66,66137,1,1,0,3,Route dÃ©partementale 900,42.4733504203,2.8562305767,16,2,2
202100020634,164Â 743,A01,1,1,1,5,1,-1,-1,0,0,-1,2021,81.0,0,2,6,2,2,15,1,,3,268,-1,,2,2,0,1,4,89,1,, -1,1,5,1,70,6,9,1,50,50215,2,1,0,3,77 Route de Coutances (Gouville-sur-Mer),49.092645,-1.573421,12,2,2
202100046924,117Â 897,A01,10,3,2,0,8,8,-1,4,3,1,2021,48.0,0,3,0,1,1,1,1,1.0,4,RUE DE METZ,0,,2,2,0,1,(1),(1),1,, -1,1,0,1,50,6,3,1,31,31555,2,1,0,6,RUE DE METZ,43.6005300567,1.447378993,13,2,1
202100011288,181Â 559,A01,1,1,1,9,8,-1,-1,0,0,-1,2021,59.0,1,1,7,0,0,6,1,,3,11,0,D,3,1,0,1,10,350,2,,4,1,5,1,90,25,10,1,16,16393,1,1,0,6,Allee des Platanes,45.758691,0.140966,14,1,1
202100007748,187Â 904,B01,1,1,2,0,1,0,-1,-1, -1,-1,2021,51.0,2,1,0,2,6,1,5,,4,ANCIENNE RN 1,0,,2,2,0,2,(1),(1),1,, -1,1,0,1,50,16,11,1,974,97416,1,3,0,3,ANCIENNE RN 1,-21.3139508176,55.4398155208,6,2,2
202100046431,118Â 786,B01,2,2,2,5,1,-1,-1,0,0,-1,2021,20.0,1,2,0,2,1,1,1,,3,211,-1,,2,2,0,1,8,70,1,, -1,1,0,1,80,27,3,1,63,63215,1,1,0,1,D211,45.952231,3.20274,18,5,2
202100055943,101Â 886,B01,1,1,1,1,2,0,-1,0,0,-1,2021,24.0,1,1,0,2,1,1,5,,4,RUE CROZATIER,0,,2,2,0,1,(1),(1),1,, -1,2,0,1,50,7,1,5,75,75112,2,1,1,3,RUE CROZATIER,48.848926,2.380025,18,2,2
202100015542,173Â 902,A01,1,1,1,0,2,6,-1,-1, -1,-1,2021,52.0,2,1,0,2,2,14,1,,3,SOULT (AVENUE MARECHAL),0,,3,4,0,1,8,930,2,, -1,1,0,1,50,30,9,5,64,64102,2,1,0,3,SOULT (AVENUE MARECHAL),43.48338,-1.50159,5,2,2
202100018937,167Â 794,B01,1,1,2,0,2,0,-1,0,0,-1,2021,23.0,2,1,0,2,4,2,5,,4,MOINIER (RUE ANDRE),0,,2,2,1,1,(1),(1),1,, -1,1,0,1,50,14,9,5,63,63113,2,4,0,3,MOINIER / St-HÃ©rem,45.78039,3.08367,7,2,2
202100027134,153Â 207,A01,1,1,2,0,1,-1,-1,0,0,-1,2021,25.0,1,2,0,2,7,19,1,,3,930,-1,,2,2,0,1,33,125,1,, -1,2,5,1,80,26,7,1,60,60199,1,2,0,3,D930,49.612782,2.170894,16,2,2
202100001077,199Â 836,B01,1,1,1,0,1,0,-1,-1, -1,-1,2021,61.0,1,2,0,0,4,0,1,,3,BRIAND (AV. ARISTIDE) 2 A 132,0,,3,4,3,1,1,0,1,, -1,2,8,1,50,28,12,5,93,93057,2,1,1,4,BRIAND (AV. ARISTIDE) 2 A 132,48.9088732394,2.5012070321,1,3,3
202100026928,153Â 580,A01,1,1,1,5,1,0,-1,-1, -1,-1,2021,40.0,1,2,0,2,4,1,1,,1,A507 sens Aubagne- Marseille,0,,1,3,0,1,5,809,1,, -1,1,1,1,70,25,7,5,13,13055,1,1,0,2,A507 sens Aubagne- Marseille,43.29271,5.42436,22,6,2
202100046963,117Â 833,A01,10,3,2,3,0,-1,-1,9,1,1,2021,54.0,1,5,0,1,5,4,1,,9,FONTAINE,0,,1,1,0,1,0,1,1,, -1,1,0,1,30,23,3,1,93,93066,2,1,0,6,FONTAINE,48.9370292078,2.354902194,15,2,1
202100053269,106Â 517,A01,10,3,1,0,8,8,-1,3,3,1,2021,39.0,-1,1,0,1,1,26,0,,3,JEAN JAURES (AVENUE),0,,2,2,0,1,1,1,1,, -1,1,0,1,50,28,1,1,93,93032,2,1,0,6,JEAN JAURES (AVENUE),48.8835405792,2.529487469,11,2,1