Num_Acc,id_vehicule,num_veh,place,catu,sexe,trajet,secu1,secu2,secu3,locp,actp,etatp,year_acc,victim_age,senc,catv,obs,obsm,choc,manv,motor,occutc,catr,voie,v1,v2,circ,nbv,vosp,prof,pr,pr1,plan,lartpc,larrout,surf,infra,situ,vma,jour,mois,lum,dep,com,agg_,int,atm,col,adr,lat,long,hour,nb_victim,nb_vehicules
202100055405,102Â 809,A01,10,3,2,5,0,-1,-1,1,3,1,2021,39.0,3,2,0,1,1,1,1,,2,7,0,,2,2,0,1,(1),(1),1,, -1,2,0,1,50,12,1,5,978,97801,2,1,0,1,RN7,18.068912,-63.035699,23,2,1
202100040599,129Â 046,A01,1,1,2,5,0,-1,-1,-1,0,-1,2021,16.0,3,1,0,2,1,25,5,,4,JAURES JEAN (RUE),0,,2,0,0,1,(1),(1),1,, -1,1,0,4,50,9,5,1,95,95019,2,1,0,3,JAURES JEAN (RUE),48.99493,2.41938,15,3,2
202100023372,159Â 842,B01,1,1,2,0,1,-1,-1,0,0,-1,2021,45.0,2,2,0,2,1,1,1,,3,,-1,,2,1,0,3,(1),(1),3,,4,1,0,1,-1,20,8,2,91,91044,2,9,0,1,D186,48.670189,2.280575,20,3,2
202100049357,113Â 536,A01,1,1,1,5,0,-1,-1,-1, -1,-1,2021,14.0,2,1,0,0,0,0,1,,4,ANDREI SAKHAROV                     (AV),0,,2,2,0,1,(1),(1),2,, -1,1,0,1,50,3,3,1,69,69389,2,1,0,7,ANDREI SAKHAROV (AV),45.78717,4.79961,14,1,1
202100046555,118Â 552,A01,1,1,1,0,2,-1,-1,-1, -1,-1,2021,39.0,2,1,0,2,1,0,1,,2,ROUTE NATIONALE 89,0,,3,4,0,1,48,599,3,, -1,1,0,1,90,26,3,1,33,33013,1,1,0,2,RN89,44.866251,-0.48597,18,2,2
202100025942,155Â 314,B01,1,1,1,0,0,-1,-1,0,0,-1,2021,69.0,2,1,0,2,8,9,5,,3,1085,0,,2,2,0,2,(1),(1),1,, -1,1,5,1,70,2,8,1,38,38156,1,2,0,3,Route Departementale 1085,45.536933,5.293546,18,2,2
202100005279,192Â 350,B01,1,1,1,4,2,6,-1,0,0,-1,2021,24.0,1,1,0,2,1,1,0,,4,FOREST (AVENUE FERNAND),0,,3,4,0,1,(1),(1),1,, -1,1,0,1,50,30,11,5,63,63113,2,1,0,1,FOREST (AVENUE FERNAND),45.79099,3.09862,21,2,2
202100012902,178Â 667,A01,2,2,2,1,8,0,-1,-1, -1,-1,2021,38.0,1,3,0,0,0,0,3,2.0,3,RAVERA (AVENUE HENRI) NÂ° 111 A 217 ET 10,0,,-1,1,0,1,0,0,1,, -1,1,0,1,50,16,10,2,92,92007,2,6,0,7,RAVERA (AVENUE HENRI) NÂ° 111 A 217 ET 10,48.8097309623,2.3173293471,19,2,1
202100050742,110Â 982,A01,10,3,2,5,0,-1,-1,1,3,1,2021,72.0,2,2,0,1,4,20,1,,4,BOURDELLE (RUE A.),0,,2,2,0,1,(1),(1),1,, -1,1,0,1,50,20,2,1,62,62193,2,1,0,6,BOURDELLE (RUE A.),50.951016,1.890217,16,2,1
202100000675,200Â 507,A01,2,1,1,0,2,0,-1,-1, -1,-1,2021,29.0,1,1,0,0,0,0,1,,9,VIADUC (CH),0,,2,2,0,1,0,0,1,, -1,1,0,1,50,10,6,3,13,13001,2,1,0,7,VIADUC (CH),43.50569,5.44728,23,1,1
202100048003,115Â 934,B01,1,1,2,0,1,0,-1,-1, -1,-1,2021,28.0,2,2,0,2,4,2,1,,1,A50 TUNNEL TUBE NORD,0,,1,2,0,1,71,199,1,, -1,1,1,1,70,14,3,1,83,83137,1,1,0,2,A50 TUNNEL TUBE NORD,43.1209136994,5.9434640408,12,2,2
202100021827,162Â 610,B01,1,1,2,5,1,8,-1,-1, -1,-1,2021,39.0,1,2,0,2,1,0,1,,3,,0,,1,3,0,1,0,0,1,, -1,1,0,1,50,25,8,1,92,92004,2,2,0,3,PONT DE CLICHY,48.9110380514,2.2988650203,15,3,2
202100034339,140Â 352,B01,1,1,1,5,2,-1,-1,0,0,-1,2021,76.0,3,1,0,2,1,2,5,,4,,-1,,2,1,0,1,(1),(1),2,,3,1,0,1,50,16,6,1,52,52331,1,1,0,2,chemin de maurupt,48.496428,4.772637,15,2,2
202100054269,104Â 752,B01,1,1,1,4,1,-1,-1,0,0,-1,2021,31.0,1,5,0,2,3,1,1,,3,982,2,E,2,2,0,1,0,460,3,, -1,2,0,1,80,21,1,3,51,51507,1,1,1,1,D982E2,49.083431,4.881706,17,3,2
202100004890,193Â 049,B01,1,1,2,5,1,-1,-1,0,0,-1,2021,25.0,2,2,0,2,1,1,1,,3,30,0,D,2,2,0,1,22,500,3,, -1,2,0,1,50,5,12,5,69,69190,2,1,0,1,MARCEL MERIEUX (R),45.768455,4.699525,5,3,2
202100044741,121Â 743,A01,1,1,1,5,0,-1,-1,0,0,-1,2021,14.0,1,1,0,2,1,15,3,,3,120,0,A,2,2,0,1,(1),(1),1,, -1,1,0,1,50,9,4,1,55,55519,2,3,0,1,Grande Rue,48.72012,5.279247,13,2,2
202100039319,131Â 319,A01,10,3,1,9,0,-1,-1,2,3,1,2021,33.0,1,1,0,1,1,1,1,,4,BOULEVARD DE GRENELLE,0,,3,2,0,1,(1),(1),1,, -1,1,0,1,50,18,5,1,75,75115,2,2,0,6,BOULEVARD DE GRENELLE,48.849845,2.295006,13,2,1
202100034323,140Â 382,B01,1,1,1,0,1,5,-1,-1, -1,-1,2021,33.0,1,2,0,0,0,0,1,,2,MARECHAL DE LATTRE DE TASSIGNY (AV),0,,3,4,0,1,1,0,2,, -1,1,5,1,50,14,6,5,94,94075,2,9,0,6,Avenue du Mal de Lattre de Tassigny,48.72744,2.53103,22,3,2
202100045286,120Â 776,B01,1,1,2,0,1,-1,-1,0,0,-1,2021,28.0,1,2,0,2,4,1,1,,3,930,0,D,2,2,0,1,15,900,1,, -1,1,0,1,50,3,4,1,47,47195,2,6,0,4,Route de Bordeaux,44.144961,0.329499,11,4,3
202100009613,184Â 522,A01,1,1,1,4,2,0,-1,0,0,-1,2021,23.0,1,1,0,2,8,13,5,,4,RUE DE BAGNOLET,0,,2,2,0,1,(1),(1),1,, -1,2,0,1,30,3,11,1,75,75120,2,2,0,3,RUE DE BAGNOLET,48.857599,2.399338,16,2,2
202100037929,133Â 870,B01,1,1,1,5,2,6,9,0,0,-1,2021,36.0,1,1,0,2,1,1,1,,3,D31,-1,,2,2,0,1,5,320,1,, -1,1,0,1,80,29,5,1,57,57058,1,3,0,3,D31,49.15828,6.964873,17,2,2
202100048389,115Â 264,A01,10,3,1,2,0,-1,-1,3,3,2,2021,5.0,0,5,0,1,1,1,1,,4,NICOLLE. RUE CHARLES,0,,2,2,0,1,(1),(1),1,, -1,1,0,1,30,9,3,1,76,76575,2,3,0,6,Rue Charles Nicolle,49.39845,1.07823,11,2,1
202100039873,130Â 315,A01,1,1,1,5,0,-1,-1,0,0,-1,2021,73.0,1,1,0,0,0,0,5,,3,110,0,,2,2,0,2,6,(1),3,, -1,2,0,1,80,15,5,1,54,54256,1,1,1,7,D110,48.531256,6.329198,17,1,1
202100024053,158Â 652,A01,1,1,2,5,1,-1,-1,0,0,-1,2021,53.0,2,2,16,0,0,13,1,,3,463,-1,D,2,2,0,4,7,450,2,, -1,9,0,1,80,14,8,1,25,25040,1,1,0,7,D463,47.508034,6.933156,19,1,1
202100027210,153Â 078,A01,2,2,2,5,1,-1,-1,-1, -1,-1,2021,25.0,2,2,9,0,1,1,1,,2,,0,,3,4,0,1,40,680,1,, -1,1,0,1,50,24,7,3,33,33529,1,6,0,6,,44.61819,-1.12411,2,4,1
202100018161,169Â 147,A01,1,1,1,0,2,6,-1,-1, -1,-1,2021,38.0,3,1,8,2,2,2,1,,7,RN 8,0,,2,2,0,1,0,100,1,, -1,1,0,1,30,17,9,1,13,13005,2,9,0,6,RN 8,43.2848711546,5.591840744,16,2,2
202100025001,156Â 964,A01,10,3,2,5,0,-1,-1,2,3,2,2021,49.0,3,2,0,1,1,1,1,,4,KENNEDY PRESIDENT (BD DU),0,,3,4,0,1,(1),(1),1,, -1,1,0,1,50,7,8,5,34,34032,2,1,0,6,KENNEDY PRESIDENT (BD DU),43.354841,3.239794,0,3,1
202100012423,179Â 501,A01,1,1,2,1,8,0,-1,-1, -1,-1,2021,21.0,0,1,0,2,1,9,3,,4,SCHWEITZER (AVENUE DU DOCTEUR ALBERT),0,,2,2,0,1,0,0,1,, -1,1,0,1,50,15,10,1,66,66136,2,3,0,3,SCHWEITZER (AVENUE DU DOCTEUR ALBERT),42.71828,2.87897,17,2,2
202100020747,164Â 546,B01,7,2,2,5,1,-1,-1,0,0,-1,2021,72.0,2,2,0,0,6,1,1,,1,84,0,,1,4,0,2,232,600,2,, -1,1,3,1,130,5,9,1,14,14672,1,4,0,2,A84,49.046487,-0.784487,13,5,2
202100046693,118Â 313,A01,10,3,1,2,0,-1,-1,3,3,1,2021,9.0,1,2,0,1,2,1,1,,3,5,-1,,2,2,0,1,(1),(1),4,, -1,1,0,1,50,26,3,1,8,8491,2,1,0,6,1 Avenue Jean JaurÃ¨s,49.737275,4.855057,13,2,1
202100024673,157Â 548,B01,2,2,1,5,1,-1,-1,0,0,-1,2021,36.0,3,2,0,2,3,1,1,,4,,-1,,2,1,0,1,(1),(1),1,,3,1,0,1,80,7,8,1,37,37270,1,2,0,3,Rue de la Meslerie,47.4414315292,0.8443662375,17,5,2
202100018830,167Â 989,B01,1,1,2,2,1,0,-1,-1, -1,-1,2021,35.0,1,2,0,2,4,1,1,,3,60,0,,1,1,2,2,0,0,3,, -1,2,0,1,30,14,9,1,92,92071,2,1,0,2,VICTOR HUGO (AVENUE),48.7767301156,2.3135702312,14,3,2
202100052496,107Â 887,B01,2,2,2,0,1,-1,-1,0,0,-1,2021,88.0,1,2,0,2,1,9,1,,3,905,-1,,2,2,0,2,61,320,3,, -1,1,0,1,80,5,2,5,1,1372,1,3,0,3,D904,45.86137,5.67858,17,3,2
202100053224,106Â 599,B01,1,1,1,1,2,6,-1,0,0,-1,2021,55.0,1,1,0,2,1,1,1,,4,,0,,2,2,0,1,1,0,1,, -1,2,0,1,50,29,1,1,14,14118,2,1,1,3,Rue de Falaise,49.16574,-0.35044,8,2,2
202100006440,190Â 284,A01,1,1,1,0,1,0,-1,-1, -1,-1,2021,28.0,1,2,0,2,8,1,1,,4,FIGUERES (RUE DES ),0,,2,2,0,1,0,9,1,, -1,2,0,1,50,24,11,5,13,13054,2,2,1,3,FIGUERES (RUE DES ),43.41665,5.20978,23,3,2
202100043628,123Â 693,A01,1,1,1,4,1,8,-1,-1, -1,-1,2021,37.0,2,2,0,2,1,2,1,,3,MITTERAND ( AV. DU PRES. F. ),0,,2,2,0,1,2,550,1,, -1,1,0,1,30,16,4,1,56,56083,2,6,0,2,Avenue du PrÃ©sident FranÃ§ois Mitterrand,47.8062,-3.25964,17,2,2
202100008531,186Â 486,A01,1,1,1,4,0,-1,-1,0,0,-1,2021,35.0,2,4,0,0,9,1,1,,3,81,-1,,2,2,0,1,21,420,1,, -1,1,0,1,80,9,11,2,49,49061,1,1,0,6,CD 81,47.640526,-1.047757,18,1,1
202100014264,176Â 199,A01,1,1,2,5,8,-1,-1,0,0,-1,2021,44.0,2,2,2,0,0,1,1,,3,175,0,D,2,2,0,4,11,700,2,, -1,1,0,3,80,10,10,1,16,16068,1,1,0,6,Chavagnac,45.873999,0.426879,15,5,1
202100018712,168Â 192,B01,1,1,2,5,1,0,-1,0,0,-1,2021,25.0,2,2,1,2,3,11,1,,1,A4,0,,1,5,0,1,5,0,1,, -1,1,0,1,90,15,9,5,75,75112,1,1,0,3,A4,48.818253,2.456283,23,2,2
202100054577,104Â 220,B01,1,1,2,0,1,0,-1,0,0,-1,2021,30.0,1,2,1,2,3,20,1,,4,,0,,2,2,0,1,(1),(1),1,, -1,1,0,1,50,14,1,1,63,63113,2,1,0,3,ROUVIER (RUE),45.80668,3.11658,16,2,2
202100026259,154Â 762,B01,1,1,2,0,8,0,-1,-1, -1,-1,2021,20.0,1,1,0,2,4,1,5,,4,LACASSAGNE                          (AV),0,,1,3,2,1,(1),(1),1,, -1,1,0,2,50,29,7,5,69,69383,2,1,0,2,LACASSAGNE (AV),45.74763,4.88179,3,2,2
202100008240,186Â 985,B01,2,2,1,0,1,-1,-1,-1, -1,-1,2021,22.0,3,2,0,2,4,23,1,,4,MARIUS BERLIET                      (R ),0,,1,2,3,1,(1),(1),1,, -1,2,0,1,50,13,11,5,69,69388,2,1,1,2,MARIUS BERLIET (R),45.73857,4.8671,23,3,2
202100001880,198Â 432,A01,1,1,1,5,2,6,-1,-1, -1,-1,2021,16.0,1,1,0,0,0,1,1,,4,METZ,0,,2,2,0,1,0,0,1,, -1,2,0,1,50,21,12,1,32,32013,2,1,1,7,METZ,43.64275,0.58444,16,1,1
202100041599,127Â 246,B01,9,2,2,5,3,-1,-1,0,0,-1,2021,1.0,1,2,0,2,1,1,1,,3,23,-1,,2,2,0,1,11,900,1,, -1,2,0,1,90,4,5,1,72,72253,1,1,1,1,D23,47.901833,0.059457,11,4,2
202100024989,156Â 992,A01,10,3,2,5,0,-1,-1,5,1,1,2021,79.0,2,2,8,2,8,7,1,,4,LAFAYETTE                           (CO),0,,1,1,3,1,(1),(1),1,, -1,1,0,1,50,8,8,1,69,69386,2,3,0,3,LAFAYETTE (CR),45.7636192093,4.8470561206,11,4,2
202100037948,133Â 835,B01,1,1,2,0,1,0,-1,-1, -1,-1,2021,55.0,1,2,0,2,4,1,1,,1,AUTOROUTE A86,0,,3,6,0,1,28,200,1,, -1,1,0,1,90,28,5,1,93,93064,1,1,0,2,AUTOROUTE A86,48.86796,2.48188,19,3,2
202100015704,173Â 602,B01,1,1,1,1,0,-1,-1,0,0,-1,2021,52.0,1,1,0,2,8,19,5,,3,909,-1,D,2,2,0,1,20,0,1,, -1,1,9,8,-1,1,10,1,74,74280,2,9,0,5,Av d Annecy,45.884902,6.318963,12,3,3
202100052172,108Â 453,A01,1,1,2,1,8,-1,-1,0,0,-1,2021,50.0,1,2,0,2,1,1,1,,3,16,-1,,2,2,0,1,22,500,1,, -1,5,0,1,80,9,2,1,68,68158,1,1,1,1,D16,47.598748,7.364262,8,2,2
202100036346,136Â 730,B01,1,1,1,5,2,6,-1,0,0,-1,2021,55.0,2,1,0,2,8,1,1,,2,7,-1,,2,3,0,1,110,850,1,, -1,1,0,1,80,5,6,1,26,26235,1,1,0,3,15 Allee Alfred Jarry,44.389237,4.699574,16,3,2
202100018537,168Â 498,B01,1,1,1,5,2,0,-1,-1, -1,-1,2021,25.0,1,1,0,2,4,15,1,,3,ROUTE DEPARTEMENTALE 411,0,,4,3,0,1,29,205,1,, -1,1,5,1,80,15,9,1,77,77279,1,2,0,2,D411,48.38234,3.03932,13,2,2
202100002726,196Â 897,A01,1,1,1,1,2,0,-1,-1, -1,-1,2021,21.0,1,1,0,2,1,9,1,,1,A86 INT,0,,1,3,0,1,49,500,1,, -1,1,0,1,90,15,12,1,94,94065,1,1,0,2,A86 INT,48.7547013835,2.3475797123,14,2,2
202100030561,147Â 127,B01,1,1,2,5,1,0,-1,-1, -1,-1,2021,72.0,0,2,0,2,9,2,1,,2,Les Rouges Terres,0,,3,4,0,2,(1),(1),1,, -1,1,0,1,50,2,7,1,50,50203,2,1,0,4,Les Rouges Terres,49.60974,-1.60018,16,5,4
202100009627,184Â 498,B01,3,2,2,5,1,0,-1,0,0,-1,2021,37.0,3,2,0,2,5,1,3,,4,PLACE DE LA CONCORDE,0,,2,3,0,1,(1),(1),1,, -1,1,0,1,30,2,11,1,75,75108,2,7,0,3,PLACE DE LA CONCORDE,48.864172,2.320219,13,3,2
202100020484,165Â 022,B01,1,1,1,4,1,-1,-1,-1, -1,-1,2021,19.0,1,5,0,2,2,15,1,,4,CANUTS (DES)                        (BD),0,,2,3,2,1,(1),(1),1,, -1,1,0,1,50,6,9,1,69,69384,2,2,0,3,CANUTS (DES) (BD),45.77954,4.82748,19,2,2
202100017779,169Â 835,A01,1,1,1,5,2,6,-1,-1,0,-1,2021,21.0,2,1,0,2,4,3,1,,1,AUTOROUTE A15,0,,3,6,0,1,13,500,1,, -1,1,0,1,110,20,9,1,95,95424,1,1,0,2,A15,48.989472,2.199699,14,3,2
202100020383,165Â 205,B01,1,1,1,0,2,6,-1,0,0,-1,2021,17.0,1,1,0,2,1,2,1,,3,419,0,D,2,2,2,1,44,400,1,, -1,1,0,1,50,8,9,1,68,68135,2,1,0,2,Rue de Saint-Louis,47.57806,7.533531,11,3,2
202100011651,180Â 899,A01,10,3,1,0,0,-1,-1,2,3,2,2021,32.0,1,2,0,1,1,1,1,,4,COSARDE (R DE LA),0,,1,1,0,2,1,0,1,, -1,1,0,1,30,22,10,1,94,94038,2,1,0,6,Rue de la Cosarde,48.77793,2.33329,8,2,1
202100003200,196Â 049,C01,1,1,1,5,1,-1,-1,0,0,-1,2021,58.0,2,2,0,2,1,14,1,,1,6,0,A,3,6,0,1,414,0,1,, -1,1,0,1,130,14,12,3,69,69242,1,1,0,5,A6,46.11949,4.76351,23,3,3
202100034245,140Â 534,A01,1,1,1,0,2,0,-1,-1, -1,-1,2021,15.0,2,1,0,2,1,17,1,,3,ITHURRALDE ANDRE (AVENUE),0,,2,2,0,1,25,75,1,, -1,1,0,1,50,15,6,1,64,64483,2,1,0,3,ITHURRALDE ANDRE (AVENUE),43.393910716,-1.6504104169,7,2,2
202100023221,160Â 111,B01,2,2,2,5,1,-1,-1,0,0,-1,2021,30.0,2,2,0,2,1,1,1,,3,728,-1,,2,2,0,1,34,400,1,, -1,1,0,1,80,22,8,1,17,17219,2,1,0,1,Route DÃ©partementale N 728,45.824598,-1.08946,9,3,2
202100038780,132Â 296,A01,2,2,1,9,1,0,-1,0,0,-1,2021,21.0,1,2,0,2,1,1,1,,4,BOULEVARD DES BATIGNOLLES,0,,1,2,0,1,(1),(1),1,, -1,1,0,1,50,22,5,5,75,75108,2,2,0,3,BOULEVARD DES BATIGNOLLES,48.8819852779,2.3205010593,4,5,2
202100012408,179Â 525,B01,1,1,1,5,1,-1,-1,-1, -1,-1,2021,21.0,2,2,0,2,8,0,1,,4,BLEUETS (DES),0,,2,2,0,1,0,0,1,, -1,1,0,1,50,16,10,1,76,76351,2,2,0,3,BLEUETS (DES),49.50792,0.15704,18,2,2
202100002974,196Â 457,A01,10,3,1,3,0,-1,-1,1,3,1,2021,67.0,2,4,0,1,1,1,1,,3,AV JEAN ROSTAND,0,,3,4,0,1,1,0,1,, -1,1,9,1,50,14,12,1,94,94011,2,1,0,6,Avenue Jean Rostand,48.76799,2.48734,12,2,1
202100048404,115Â 236,Z01,10,3,2,9,8,8,-1,4,3,1,2021,37.0,1,2,0,1,1,1,1,,4,LOBAU (BOULEVARD),0,,2,4,0,1,(1),(1),1,, -1,1,0,1,50,9,3,1,54,54395,2,2,0,6,LOBAU (BOULEVARD),48.6869863372,6.1950405644,11,2,1
202100022606,161Â 205,B01,2,2,1,0,1,-1,-1,-1, -1,-1,2021,18.0,2,2,0,2,4,1,1,,7,PARILLY (DE)                        (BD),0,,2,2,3,1,2,800,1,, -1,1,0,1,50,25,8,1,69,69290,2,1,0,2,PARILLY (DE)                        (BD),45.71474,4.90584,18,3,2
202100022614,161Â 193,B01,1,1,2,5,1,0,-1,-1, -1,-1,2021,23.0,3,2,0,2,1,21,1,,4,BAB (BOULEVARD DU),0,,2,4,0,1,0,0,1,, -1,1,0,1,30,23,8,5,64,64024,2,1,0,5,BAB (BOULEVARD DU),43.49377,-1.52376,20,3,3
202100023128,160Â 274,A01,1,1,1,3,2,0,-1,0,0,-1,2021,32.0,3,1,1,0,1,2,1,,3,,0,,1,2,0,1,75,320,1,, -1,1,8,1,30,21,8,1,6,6083,2,1,0,2,"FRANCE (AVENUE PORTE DE, NÂ°1 A 51)",43.783482,7.514631,16,2,2
202100043240,124Â 369,A01,9,2,2,5,1,-1,-1,0,0,-1,2021,18.0,2,2,0,0,9,21,1,,3,277,0,D,2,2,0,1,0,700,1,, -1,1,0,3,80,22,4,1,61,61309,1,1,0,7,La RainiÃ¨re,48.330484,0.689746,18,4,1
202100041848,126Â 818,A01,10,3,1,5,0,-1,-1,1,3,1,2021,4.0,3,2,0,1,1,1,1,,9,,-1,,2,2,0,1,(1),(1),1,,4,1,0,1,30,1,5,1,27,27467,2,1,0,6,face au 400 rue du haut,49.34454,0.526845,19,2,1
202100012089,180Â 107,B01,1,1,2,5,2,-1,-1,0,0,-1,2021,22.0,2,1,0,2,1,1,1,,3,759,-1,,2,2,0,2,37,86,1,, -1,1,5,1,70,25,8,1,85,85242,1,2,0,3,La Croix Bara,46.85033,-0.93149,17,2,2
202100036264,136Â 856,A01,1,1,1,9,8,0,-1,0,0,-1,2021,19.0,1,1,0,2,2,9,5,,4,BOULEVARD MACDONALD,0,,2,2,0,1,(1),(1),1,, -1,1,0,1,50,5,6,1,75,75119,2,1,0,3,BOULEVARD MACDONALD,48.898821,2.372939,19,2,2
202100002529,197Â 258,A01,2,2,2,5,1,-1,-1,0,0,-1,2021,81.0,1,2,0,0,0,1,1,,1,1,-1,,3,3,0,1,64,700,1,,"13,5",1,0,1,130,18,12,3,60,60125,1,1,1,3,A1 PK 64+700,49.386033,2.701392,19,4,2
202100002232,197Â 800,A01,10,3,1,5,8,8,-1,1,3,1,2021,62.0,2,2,0,1,1,1,1,,3,AMEDEE GORDINI (PLACE),0,,1,2,0,1,0,0,1,, -1,1,5,1,50,18,12,2,91,91687,2,6,1,6,AMEDEE GORDINI (PLACE),48.66177,2.37538,16,2,1
202100050734,110Â 998,B01,1,1,1,5,2,6,-1,-1,0,-1,2021,24.0,1,1,0,2,4,1,1,,3,AV AMBROISE CROIZAT,0,,3,2,0,1,8,830,1,, -1,1,0,1,50,21,2,5,95,95268,2,1,0,2,AV AMBROISE CROIZAT,48.96262,2.41335,1,2,2
202100034059,140Â 881,A01,2,2,1,5,1,0,-1,-1, -1,-1,2021,27.0,1,2,1,0,2,1,1,,4,CHAGALL (AVENUE MARC),0,,2,2,0,1,(1),(1),2,, -1,1,0,1,50,16,6,5,37,37261,2,1,0,6,CHAGALL (AVENUE MARC),47.4146840134,0.6822490998,2,2,1
202100019524,166Â 733,B01,2,2,1,0,1,8,-1,-1, -1,-1,2021,52.0,0,2,0,0,5,1,1,,3,LEVANT (BD),0,,3,4,0,1,1,0,1,, -1,1,0,1,50,11,9,1,93,93051,2,1,0,2,Boulevard du Levant,48.83867,2.548633,15,3,2
202100030369,147Â 479,A01,1,1,1,5,1,0,-1,-1, -1,-1,2021,66.0,3,2,0,2,7,1,1,,4,PETIT BOIS (RUE DU),0,,2,2,0,1,(1),(1),1,, -1,1,0,1,50,6,7,1,37,37208,2,2,0,3,PETIT BOIS (RUE DU),47.3565443379,0.7155935839,9,3,2
202100038133,133Â 496,D01,1,1,1,1,1,-1,-1,-1,0,-1,2021,36.0,2,2,0,2,4,2,1,,3,RD 170,0,,3,6,0,1,1,0,1,, -1,1,0,1,90,27,5,1,95,95582,1,1,0,4,RD 170,48.96426,2.26825,9,4,4
202100018021,169Â 414,A01,2,2,2,5,1,0,-1,0,0,-1,2021,23.0,1,2,2,0,3,14,1,,4,AVENUE DE LOWENDAL,0,,2,4,0,1,(1),(1),1,, -1,1,0,1,30,19,9,1,75,75115,2,2,0,6,AVENUE DE LOWENDAL,48.848826,2.302463,15,2,1
202100012619,179Â 155,B01,1,1,1,0,1,8,-1,-1, -1,-1,2021,50.0,2,2,0,2,3,1,1,,3,TIGRE (ROUTE DU),0,,2,2,0,1,1,300,4,, -1,1,0,1,50,16,10,1,973,97302,1,3,0,5,TIGRE (ROUTE DU),4.914903538,-52.3106002809,13,4,3
202100011163,181Â 778,A01,1,1,1,5,2,6,-1,0,0,-1,2021,49.0,1,1,0,2,9,1,1,,3,4,-1,,2,2,0,1,58,700,1,, -1,1,0,1,50,26,10,1,4,4116,2,1,0,1,RD 4,44.032945,5.985532,17,2,2
202100019318,167Â 096,B01,1,1,1,0,1,-1,-1,-1, -1,-1,2021,27.0,1,2,0,2,2,2,1,,4,LEON BLUM      (Rue),0,,1,3,3,1,(1),(1),2,, -1,1,0,1,50,12,9,1,69,69266,2,9,0,3,LEON BLUM (R),45.76276,4.91254,8,3,2
202100021407,163Â 383,A01,10,3,2,5,0,-1,-1,3,3,1,2021,14.0,2,2,0,1,2,1,1,,4,LECLERC (BD DU MAL) DU 01 ET +,0,,2,3,0,1,(1),(1),1,, -1,1,0,1,50,1,9,1,33,33009,2,3,0,6,Boulevard du GÃ©nÃ©ral Leclerc,44.65993,-1.1666,13,2,1
202100055788,102Â 146,B01,1,1,2,1,1,-1,-1,-1, -1,-1,2021,23.0,3,2,0,2,4,2,1,,3,VILLEDIEU (ROUTE DE),0,,2,2,0,2,30,117,1,, -1,7,0,1,50,8,1,5,50,50647,2,1,0,2,VILLEDIEU (ROUTE DE),48.83752,-1.5501,8,2,2
202100025093,156Â 801,A01,3,2,2,9,1,0,-1,-1, -1,-1,2021,5.0,2,2,0,2,1,1,1,,1,10,0,,1,2,0,2,4,699,2,, -1,2,0,1,70,7,8,3,91,91136,1,1,1,3,AUTOROUTE A10,48.71107,2.28884,21,3,2
202100032642,143Â 420,A01,1,1,1,5,2,-1,-1,-1,0,-1,2021,39.0,2,1,0,2,2,9,1,,3,STALINGRAD (AVENUE DE),0,,2,2,0,1,4,0,1,, -1,1,0,1,50,23,6,5,95,95018,2,1,0,3,STALINGRAD (AVENUE DE),48.953311,2.270069,1,2,2
202100011166,181Â 772,A01,1,1,1,4,2,7,-1,0,0,-1,2021,37.0,2,1,0,2,8,1,1,,3,338,-1,,1,4,0,2,52,120,1,, -1,2,0,1,70,25,10,1,72,72065,1,1,1,3,RD338,48.03457,0.17728,17,2,2
202100047393,117Â 056,A01,1,1,1,5,8,0,-1,0,0,-1,2021,29.0,2,1,0,2,7,1,3,,4,BOULEVARD DIDEROT,0,,2,2,0,1,(1),(1),1,, -1,1,0,1,50,19,3,1,75,75112,2,2,0,3,BOULEVARD DIDEROT,48.847342,2.38679,16,2,2
202100001902,198Â 396,A01,1,1,1,1,2,0,-1,0,0,-1,2021,30.0,1,1,0,2,4,7,1,,4,RUE DE VAUGIRARD,0,,2,4,3,1,(1),(1),1,, -1,1,-1,6,30,21,12,1,75,75115,2,2,0,3,RUE DE VAUGIRARD,48.840403,2.304258,15,2,2
202100033209,142Â 402,A01,1,1,1,5,8,0,-1,0,0,-1,2021,78.0,1,1,0,2,1,1,5,,4,BOULEVARD NEY,0,,1,-1,1,2,(1),(1),1,, -1,1,0,5,50,20,6,1,75,75118,2,1,0,1,BOULEVARD NEY,48.898484,2.353614,14,2,2
202100052149,108Â 497,A01,1,1,1,5,2,0,-1,-1, -1,-1,2021,31.0,1,1,1,2,1,1,1,,4,EMMANUEL ARAGO,0,,1,2,2,1,0,0,1,, -1,1,0,1,30,5,2,5,93,93053,2,3,0,3,EMMANUEL ARAGO,48.8994456752,2.4635815214,21,2,2
202100020334,165Â 288,A01,1,1,1,9,2,6,-1,0,0,-1,2021,33.0,2,1,0,2,7,17,1,,4,BOULEVARD DES ITALIENS,0,,1,2,0,1,(1),(1),1,, -1,1,5,1,30,7,9,1,75,75102,2,3,0,3,BOULEVARD DES ITALIENS,48.871624,2.338073,14,2,2
202100012271,179Â 790,B01,1,1,1,5,8,0,-1,-1, -1,-1,2021,39.0,1,1,0,2,1,9,3,,4,FERRY (RUE JULES),0,,-1,1,0,1,1,0,2,, -1,1,0,1,50,19,10,1,93,93010,2,6,0,1,FERRY (RUE JULES),48.8931092508,2.4732595682,13,3,2