Num_Acc,id_vehicule,num_veh,place,catu,sexe,trajet,secu1,secu2,secu3,locp,actp,etatp,year_acc,victim_age,senc,catv,obs,obsm,choc,manv,motor,occutc,catr,voie,v1,v2,circ,nbv,vosp,prof,pr,pr1,plan,lartpc,larrout,surf,infra,situ,vma,jour,mois,lum,dep,com,agg_,int,atm,col,adr,lat,long,hour,nb_victim,nb_vehicules
202100016313,172Â 477,B01,1,1,1,5,8,-1,-1,0,0,-1,2021,36.0,2,1,0,2,2,1,1,,2,30,-1,,3,2,0,2,17,440,1,, -1,1,5,1,70,29,9,1,202,202093,1,3,0,2,T30,42.610283,8.889195,14,2,2
202100007907,187Â 605,A01,1,1,1,5,1,-1,-1,0,0,-1,2021,39.0,1,5,8,0,1,1,1,,3,142,-1,,2,2,0,1,54,700,3,, -1,2,0,8,80,13,11,3,17,17082,1,1,0,6,Route de Chevanceaux,45.419668,-0.371384,20,1,1
202100051461,109Â 714,A01,1,1,2,1,1,0,-1,-1, -1,-1,2021,43.0,1,2,1,2,1,1,1,,3,911,0,,1,3,1,1,0,0,1,, -1,1,0,1,50,15,2,2,92,92024,2,2,0,3,JEAN JAURES (BD) DE 47 A 109)   (56 A 14,48.9000303556,2.3062290251,7,2,2
202100033922,141Â 126,B01,1,1,1,5,2,6,-1,0,0,-1,2021,15.0,2,1,0,2,4,1,1,,3,769,0,D,3,4,0,1,10,440,1,, -1,1,0,1,110,18,6,1,56,56040,1,1,0,2,Lieu-Dit Kervadio,47.87472,-3.33854,18,2,2
202100047141,117Â 504,A01,1,1,1,1,2,0,-1,0,0,-1,2021,24.0,3,1,0,0,0,1,5,,4,AVENUE DE GRAVELLE,0,,2,2,0,1,(1),(1),1,, -1,1,0,1,50,18,3,5,75,75112,2,1,0,7,AVENUE DE GRAVELLE,48.824118,2.422038,19,1,1
202100040447,129Â 309,B01,1,1,2,1,2,0,-1,-1, -1,-1,2021,41.0,1,1,0,2,3,2,0,,4,,0,,2,3,1,2,(1),(1),1,, -1,2,0,5,50,10,5,1,69,69383,2,1,1,3,LACASSAGNE                          (AV),45.74917962,4.8771670225,18,2,2
202100014800,175Â 250,A01,1,1,1,1,2,8,-1,-1, -1,-1,2021,17.0,1,1,0,2,7,12,1,,7,SAINT LAURENT (QUAI ),0,,2,4,0,1,1,0,1,, -1,1,0,1,50,6,10,2,45,45234,2,1,0,3,SAINT LAURENT (QUAI ),47.898,1.89178,7,2,2
202100032929,142Â 900,A01,10,3,1,4,0,-1,-1,4,3,1,2021,38.0,2,1,0,1,5,16,1,,3,GRANDE RUE,0,,2,2,0,1,0,1,1,, -1,2,0,1,50,22,6,1,93,93077,2,2,1,6,Grande Rue / Avenue du Capitaine Louys,48.88287,2.5143,14,2,1
202100024399,158Â 073,B01,7,2,1,5,1,5,-1,0,0,-1,2021,17.0,2,2,0,2,6,1,1,,3,2204,0,,2,2,0,2,52,704,1,, -1,1,0,1,80,14,8,1,6,6023,1,1,0,2,Auberge du Col de Brouis (Restaurant),43.924162,7.476239,13,3,2
202100012972,178Â 552,A01,1,1,1,5,2,-1,-1,0,0,-1,2021,49.0,2,1,0,0,1,0,5,,2,10,0,T,-1,2,0,1,(1),(1),1,,7,1,0,1,50,16,10,1,201,201041,2,1,0,7,route territoriale 10,41.401198,9.16749,11,1,1
202100004322,194Â 033,A01,1,1,1,3,1,-1,-1,0,0,-1,2021,35.0,2,2,0,2,3,13,1,,3,913,-1,,2,2,0,1,5,750,1,, -1,2,0,1,70,6,12,1,65,65473,1,1,0,3,Rd 913,42.953054,-0.065709,11,2,2
202100027685,152Â 228,A01,10,3,2,5,0,-1,-1,5,1,1,2021,13.0,2,5,0,1,7,20,1,,4,LORY LES BAS (RUE),0,,2,2,0,1,0,0,1,, -1,1,0,4,50,19,7,1,974,97411,2,3,1,3,LORY LES BAS (RUE),-20.89055,55.4805,14,2,1
202100020229,165Â 476,B01,1,1,1,5,8,0,-1,-1, -1,-1,2021,54.0,2,1,0,2,0,19,5,,3,RUE DU DOC DARIER,0,,2,2,1,1,0,0,1,, -1,1,0,1,30,7,9,1,91,91347,2,1,0,3,RUE DU DOC DARIER,48.64437,2.29761,19,3,2
202100043996,123Â 036,A01,1,1,1,1,1,-1,-1,-1,0,-1,2021,47.0,1,2,0,2,1,1,1,,1,AUTOROUTE A15,0,,3,10,0,1,15,0,1,, -1,1,0,1,110,14,4,1,95,95306,1,1,0,6,A15,48.9954906632,2.1824552028,16,2,2
202100040173,129Â 793,B01,1,1,2,4,1,8,-1,-1, -1,-1,2021,31.0,1,2,0,2,4,1,1,,2,165,0,,3,4,0,1,91,500,1,, -1,2,9,1,90,12,5,1,56,56098,1,1,1,4,N165 sens Nantes/Brest,47.79013,-3.29571,9,4,4
202100029679,148Â 743,B01,1,1,1,1,2,-1,-1,0,0,-1,2021,32.0,0,1,0,2,1,1,1,,3,92,0,D,2,2,0,2,5,595,2,, -1,1,0,1,80,11,7,2,6,6079,1,1,0,1,route de tanneron,43.554477,6.921265,6,2,2
202100017210,170Â 878,A01,1,1,1,3,1,-1,-1,0,0,-1,2021,63.0,3,2,2,0,1,13,1,,4,,-1,,2,1,0,2,(1),(1),3,,3,2,0,3,90,25,9,1,61,61474,1,1,1,6,Pre de la Mare des Genets,48.759036,0.20299,16,1,1
202100036857,135Â 816,B01,1,1,1,2,0,0,-1,-1, -1,-1,2021,12.0,2,1,0,2,1,9,3,,4,PAUL BERT (R),0,,2,2,0,1,0,1,1,, -1,1,0,1,30,2,6,1,94,94077,2,9,0,3,PAUL BERT (R),48.731174,2.441971,8,2,2
202100018905,167Â 851,A01,10,3,2,2,0,-1,-1,2,3,1,2021,26.0,1,2,0,1,1,1,1,,4,DE LA REPUBLIQUE(AVENUE),0,,2,2,0,1,0,0,1,, -1,1,0,1,50,14,9,2,974,97409,2,1,0,6,DE LA REPUBLIQUE(AVENUE),-20.9617739917,55.6528544426,6,2,1
202100020606,164Â 794,C01,1,1,2,2,0,-1,-1,0,0,-1,2021,7.0,2,1,0,2,4,1,5,,4,,0,,2,2,0,1,(1),(1),2,,4,1,0,1,50,7,9,1,71,71443,2,1,1,6,23 Rue du Bout d Amont,46.938949,4.904816,8,3,3
202100049316,113Â 611,A01,10,3,2,0,0,-1,-1,9,9,1,2021,87.0,3,2,0,1,4,4,1,,6,,0,,-1,0,0,1,(1),(1),1,, -1,1,0,8,-1,5,3,1,64,64275,2,1,0,6,Avenue Colonel Beltrame,43.168691,-1.229297,11,2,1
202100018778,168Â 074,A01,2,2,1,5,1,0,-1,-1, -1,-1,2021,19.0,1,2,2,0,9,14,1,,3,GRANDOU (AVENUE MICHEL),0,,2,2,0,1,3,100,1,, -1,1,0,4,50,10,9,5,24,24557,2,1,0,6,GRANDOU (AVENUE MICHEL),45.19038,0.74122,4,3,1
202100047420,117Â 009,B01,2,2,2,0,1,-1,-1,0,0,-1,2021,76.0,1,2,0,0,8,9,1,,3,421,-1,D,2,2,0,1,0,400,1,, -1,1,0,1,40,19,3,1,67,67437,2,2,0,3,Rue de Dettwiller,48.739805,7.371166,17,3,2
202100051152,110Â 240,A01,1,1,1,4,2,6,-1,-1, -1,-1,2021,48.0,3,1,0,0,7,1,1,,4,VUILLERME                           (R ),0,,1,1,0,1,(1),(1),3,, -1,8,0,1,50,16,2,5,69,69382,2,2,0,7,VUILLERME (R),45.7343834668,4.8181505052,19,1,1
202100031537,145Â 388,A01,1,1,1,0,1,0,-1,-1, -1,-1,2021,54.0,2,4,0,2,1,1,1,,1,AUTOROUTE A6,0,,1,3,0,1,22,500,1,, -1,1,0,1,110,1,7,1,91,91286,1,1,0,4,AUTOROUTE A6,48.651952,2.382693,9,4,4
202100055595,102Â 481,A01,1,1,1,5,2,6,-1,0,0,-1,2021,64.0,2,1,0,2,1,19,1,,3,708,0,D,2,2,0,1,(1),(1),1,, -1,1,0,1,80,11,1,1,24,24451,2,3,0,3,RD 708,45.515249,0.646563,12,3,2
202100020462,165Â 060,B01,1,1,2,5,1,5,-1,-1, -1,-1,2021,75.0,1,2,0,2,1,1,1,,7,REPUBLIQUE AV DE LA (NÂ°930-1002),0,,-1,2,0,1,(1),(1),1,, -1,1,0,1,50,18,5,1,59,59378,2,1,0,3,REPUBLIQUE AV DE LA (NÂ°930-1002),50.663164,3.098613,15,2,2
202100017612,170Â 136,B01,1,1,1,0,2,6,-1,-1, -1,-1,2021,26.0,1,1,0,2,8,1,1,,7,AMBROISE CROIZAT                    (BD),0,,2,4,0,1,2,0,1,, -1,2,0,1,50,20,9,1,69,69259,2,2,1,5,AMBROISE CROIZAT (BD),45.70305,4.88743,11,4,4
202100012552,179Â 279,A01,2,2,2,0,2,6,-1,0,0,-1,2021,51.0,2,1,0,6,1,1,1,,7,751,0,,2,2,0,1,50,0,1,, -1,1,0,1,90,10,10,1,37,37099,1,1,0,6,Route dÃ©partementale 751,47.2917798589,0.531441623,19,2,1
202100001866,198Â 462,A01,10,3,2,5,0,-1,-1,3,3,1,2021,64.0,1,2,0,1,1,1,1,,4,PERAULT (RUE ),0,,2,2,0,1,(1),(1),1,, -1,1,0,1,30,17,12,1,56,56121,2,1,0,6,PERAULT (RUE ),47.74491,-3.36381,15,2,1
202100017700,169Â 983,A01,2,2,1,0,2,0,-1,-1, -1,-1,2021,19.0,3,1,0,2,7,1,1,,4,MIDINETTES (DES),0,,1,1,0,1,0,0,1,, -1,1,0,1,50,21,9,2,93,93029,2,1,0,3,MIDINETTES (DES),48.9198565063,2.4610656605,19,3,2
202100056291,101Â 276,B01,1,1,1,1,2,0,-1,-1, -1,-1,2021,38.0,-1,1,0,2,7,13,1,,3,BOISSIERE (BOULEVARD DE LA),0,,2,2,0,1,0,1,1,, -1,1,0,1,50,3,1,1,93,93048,2,1,0,3,BOISSIERE (BOULEVARD DE LA),48.8775,2.4613,13,2,2
202100051239,110Â 095,B01,1,1,1,3,1,-1,-1,0,0,-1,2021,40.0,2,2,0,2,1,1,1,,3,D22,-1,,2,2,0,3,26,400,1,, -1,1,0,3,80,11,2,1,95,95287,1,9,0,1,D22,49.1436486332,2.0478208905,14,2,2
202100004350,193Â 982,A01,1,1,1,5,2,6,-1,0,0,-1,2021,63.0,2,1,0,2,1,2,0,,3,277,0,,2,2,0,1,0,755,1,, -1,2,0,1,50,6,12,5,89,89257,2,1,0,2,Rue Jules Rimet,47.957579,3.514988,17,2,2
202100054902,103Â 672,B01,1,1,1,0,2,0,-1,-1, -1,-1,2021,28.0,1,1,0,2,8,1,1,,7,RTE DE REVEL,0,,-1,2,0,1,26,700,1,, -1,2,0,1,50,14,1,5,31,31555,2,1,1,3,68 Route de Revel,43.57582,1.48838,19,2,2
202100040564,129Â 108,A01,2,2,2,5,1,-1,-1,0,0,-1,2021,49.0,1,2,0,2,1,13,1,,1,709,-1,A,2,5,0,1,1,0,1,, -1,4,7,1,70,10,5,1,34,34022,1,1,1,2,A709,43.670253,4.010851,13,3,2
202100039999,130Â 095,A01,1,1,1,5,0,-1,-1,0,0,-1,2021,56.0,1,6,0,0,0,0,1,,3,45,0,D,2,2,0,1,4,350,1,, -1,1,0,8,80,14,5,1,64,64447,1,1,0,7,"PK4+350, RD45",43.530975,-0.493779,21,1,1
202100044012,123Â 005,B01,1,1,2,0,8,0,-1,-1, -1,-1,2021,57.0,1,1,0,2,1,1,5,,4,JAURES JEAN (AV) NÂ° PAIRS 60 ET >,0,,3,4,2,1,0,0,1,, -1,1,0,1,50,13,4,1,72,72181,2,1,0,3,JAURES JEAN (AV) NÂ° PAIRS 60 ET >,47.9861,0.2089,18,2,2
202100039015,131Â 903,B01,9,2,2,2,0,-1,-1,0,0,-1,2021,12.0,1,3,0,2,3,1,1,16.0,3,RD201,-1,,2,2,0,1,60,980,1,, -1,2,0,1,50,21,5,1,68,68042,2,1,1,1,Avenue Nathan Katz,47.595738,7.501538,16,15,2
202100027458,152Â 647,A01,1,1,1,5,0,-1,-1,0,0,-1,2021,34.0,3,5,16,0,9,26,1,,4,25,-1,,2,2,0,1,(1),(1),2,, -1,9,0,1,70,24,7,1,988,98831,1,1,0,7,VU60,-20.936962,164.718039,7,2,1
202100020191,165Â 548,B01,1,1,1,5,2,-1,-1,0,0,-1,2021,17.0,2,1,0,2,1,1,5,,3,939,-1,,2,2,0,1,7,205,1,, -1,1,0,1,80,8,9,1,62,62318,1,1,0,2,ROUTE DÃPARTEMENTALE 939,50.50659,1.668602,16,2,2
202100018983,167Â 700,A01,10,3,2,5,0,-1,-1,4,3,1,2021,73.0,2,1,0,1,8,1,5,,4,BOULEVARD DU MONTPARNASSE,0,,2,4,0,1,(1),(1),1,, -1,1,0,1,30,14,9,1,75,75106,2,3,0,6,BOULEVARD DU MONTPARNASSE,48.844134,2.323037,14,2,1
202100027308,152Â 915,A01,1,1,1,5,8,-1,-1,-1, -1,-1,2021,25.0,2,1,0,2,1,9,1,,7,M7   0.000 A 2.278,0,,3,7,0,1,1,600,1,, -1,1,0,1,70,23,7,5,69,69382,2,1,0,3,M7,45.73557,4.81976,23,2,2
202100015468,174Â 051,A01,1,1,1,5,8,0,-1,-1, -1,-1,2021,23.0,2,1,0,0,1,26,1,,4,PERE FAVRON(RUE DU),0,,2,3,3,1,0,0,1,, -1,1,9,1,30,2,10,5,974,97416,2,1,0,7,PERE FAVRON(RUE DU),-21.3375,55.46609,0,1,1
202100029848,148Â 439,A01,10,3,2,0,8,8,-1,-1, -1,-1,2021,2.0,1,0,0,1,1,19,0,,4,PARIS (RUE DE),0,,2,2,3,1,0,0,1,, -1,1,6,6,30,9,7,1,93,93031,2,9,0,6,Rue de Paris,48.954222,2.31006,12,2,1
202100033974,141Â 034,B01,1,1,2,0,1,0,-1,-1, -1,-1,2021,26.0,1,2,0,2,1,1,1,,1,A51-Sens Marseille vers Aix en Provence,0,,-1,3,0,1,4,500,1,, -1,1,0,1,90,17,6,1,13,13019,1,1,0,2,A51-Sens Marseille vers Aix en Provence,43.424497,5.375565,18,2,2
202100046055,119Â 432,B01,1,1,2,1,2,6,-1,-1, -1,-1,2021,44.0,1,1,0,2,1,18,1,,1,4,0,,3,8,0,1,7,0,1,, -1,1,0,1,90,30,3,1,94,94042,1,1,0,2,A4,48.82748,2.4702,17,2,2
202100031224,145Â 929,B01,1,1,1,1,1,-1,-1,0,0,-1,2021,32.0,1,2,0,2,1,1,1,,3,10,0,,2,2,0,2,1,600,1,,"5,5",1,0,1,80,4,7,2,83,83058,1,1,0,1,Route de Lorgues,43.5320616045,6.3212352783,6,2,2
202100050355,111Â 691,A01,1,1,1,0,2,0,-1,-1, -1,-1,2021,20.0,3,1,0,2,0,26,0,,4,FAUBOURG CRONCELS (RUE DU),0,,2,4,0,1,0,0,1,, -1,1,0,1,50,23,2,1,10,10387,2,2,0,3,FAUBOURG CRONCELS (RUE DU),48.2772,4.08259,17,2,2
202100023933,158Â 852,A01,2,2,2,5,1,-1,-1,0,0,-1,2021,76.0,1,2,13,0,1,2,1,,3,231,0,,2,2,0,1,9,353,2,, -1,1,5,3,90,17,8,1,77,77109,1,6,0,6,D231,48.621605,3.195552,15,2,1
202100013015,178Â 483,A01,1,1,1,0,1,8,-1,-1, -1,-1,2021,25.0,2,2,0,2,9,1,1,,1,AUTOROUTE A86,0,,1,8,0,3,14,399,2,, -1,1,2,1,90,16,10,1,93,93066,1,1,0,7,AUTOROUTE A86,48.9219218049,2.3636414699,17,1,1
202100031178,146Â 004,B01,1,1,1,5,2,8,-1,0,0,-1,2021,34.0,2,1,0,2,1,17,1,,4,,0,,2,4,0,1,(1),(1),1,, -1,1,9,1,50,3,7,1,6,6088,2,3,0,3,GAMBETTA (A PARTIR DU NÂ° 63-74),43.702865,7.25617,11,2,2
202100039837,130Â 373,B01,2,2,2,5,1,0,-1,0,0,-1,2021,17.0,2,2,0,2,1,1,1,,4,PLACE ARMAND CARREL,0,,2,4,0,1,(1),(1),3,, -1,2,0,1,30,15,5,1,75,75119,2,3,0,4,PLACE ARMAND CARREL,48.882539,2.381695,19,4,3
202100013058,178Â 404,A01,10,3,1,5,0,-1,-1,6,1,2,2021,65.0,2,2,0,1,2,1,1,,3,RTE DE CONDE,0,,2,2,0,1,(1),(1),1,, -1,1,0,3,90,10,10,3,59,59526,1,1,0,6,RTE DE CONDE,50.4571260637,3.4717011452,2,2,1
202100018669,168Â 268,A01,2,2,2,5,0,-1,-1,0,0,-1,2021,62.0,2,2,13,0,2,1,1,,3,5,3,E,2,2,0,1,3,457,1,, -1,1,0,3,80,17,9,1,33,33214,1,1,0,6,,44.948672,-1.006043,8,2,1
202100008982,185Â 662,A01,10,3,1,5,0,-1,-1,3,3,1,2021,93.0,2,2,0,1,2,1,1,,3,3,0,D,2,2,0,1,43,214,1,, -1,1,0,1,50,5,11,2,31,31454,2,1,0,6,D3,43.411951,1.117282,16,2,1
202100000870,200Â 185,A01,1,1,1,5,2,0,-1,-1, -1,-1,2021,28.0,3,6,0,0,0,0,1,,4,MARLOTTE   RUE EDMEE,0,,2,2,0,1,(1),(1),1,, -1,1,0,1,50,30,12,5,17,17274,2,1,0,7,MARLOTTE   RUE EDMEE,46.16448,-1.09584,18,1,1
202100007196,188Â 892,B01,1,1,1,1,1,0,-1,-1, -1,-1,2021,50.0,1,2,0,2,2,2,6,,4,PAUL MARCELLIN                      (AV),0,,3,2,2,1,(1),(1),1,, -1,1,0,1,50,9,11,5,69,69256,2,3,0,3,PAUL MARCELLIN (AV),45.77505,4.93202,17,2,2
202100022374,161Â 655,B01,10,3,1,5,0,-1,-1,1,9,3,2021,20.0,1,2,14,2,1,1,1,,3,301,0,,3,4,0,1,5,530,1,, -1,1,0,1,90,28,8,3,95,95489,1,1,0,2,RD 301,49.021914,2.350559,6,3,2
202100021165,163Â 830,A01,1,1,1,0,1,-1,-1,0,0,-1,2021,52.0,1,2,0,2,1,1,1,,2,1,0,,2,2,0,1,173,0,1,,7,1,0,1,80,3,9,3,973,97303,1,1,0,1,RN 1 - PK 173,5.538671,-53.418676,20,9,2
202100052727,107Â 486,A01,1,1,1,1,1,-1,-1,0,0,-1,2021,51.0,2,2,0,2,3,0,1,,3,6,0,D,2,2,0,2,(1),(1),4,, -1,2,0,1,50,3,2,2,8,8391,2,1,1,1,8 Rue Carnot,49.736842,4.926518,7,2,2
202100020452,165Â 076,B01,1,1,1,1,1,-1,-1,-1,0,-1,2021,37.0,3,2,0,2,8,1,2,,3,PARIS   AVENUE DE,0,,3,4,0,1,5,0,1,, -1,2,5,1,50,14,5,5,95,95598,2,3,1,3,Avenue de Paris,48.9906139158,2.2898125648,5,3,2
202100051522,109Â 600,A01,1,1,2,5,1,0,-1,-1, -1,-1,2021,36.0,1,5,2,0,1,1,1,,3,WALESA (AVENUE LECH),0,,1,2,2,1,1,1,4,, -1,1,0,8,50,14,2,5,93,93064,2,1,0,6,WALESA (AVENUE LECH),48.8743851587,2.4865748106,6,4,1
202100050066,112Â 248,A01,10,3,2,5,0,-1,-1,2,3,1,2021,85.0,2,1,15,0,1,1,1,,4,REPUBLIQUE (AV DE LA),0,,1,1,0,1,1,0,1,, -1,1,0,1,30,26,2,1,94,94068,2,1,0,6,REPUBLIQUE (AV DE LA),48.79857,2.4859,14,2,1
202100046432,118Â 784,B01,1,1,1,5,2,-1,-1,0,0,-1,2021,51.0,2,1,0,2,8,2,0,,3,D14,0,,2,2,0,1,(1),(1),1,, -1,1,0,1,80,27,3,1,63,63368,1,1,0,3,Lieu-dit Les coins,45.6998727392,3.3351786732,16,2,2
202100025917,155Â 360,A01,2,2,1,5,8,-1,-1,0,0,-1,2021,60.0,2,2,0,2,1,1,1,,3,4,0,K,2,2,0,1,0,30,2,, -1,2,0,1,80,3,8,1,21,21203,2,1,1,1,route dÃ©partementale D4K,47.451548492,4.1769044151,17,3,2
202100028469,150Â 829,A01,1,1,1,5,0,8,-1,-1, -1,-1,2021,74.0,3,0,0,2,4,1,3,,4,MIRABEAU (PONT),0,,2,3,3,3,(1),(1),3,, -1,1,2,1,50,17,7,1,37,37261,2,4,0,6,MIRABEAU (PONT),47.4027045961,0.7019689679,8,2,2
202100049734,112Â 849,A01,1,1,1,0,2,0,-1,-1, -1,-1,2021,19.0,2,1,0,2,1,3,1,,1,AUTOROUTE A1,0,,3,8,3,1,4,900,1,, -1,1,2,1,90,1,3,1,93,93066,1,1,0,2,AUTOROUTE A1,48.93391,2.38202,8,2,2
202100017201,170Â 889,A01,1,1,1,5,1,-1,-1,0,0,-1,2021,86.0,1,2,13,0,1,13,1,,3,632,-1,,2,2,0,1,12,100,3,, -1,1,0,3,50,25,9,3,32,32213,2,1,0,6,Route de Toulouse,43.474372,0.918217,21,1,1
202100012732,178Â 960,A01,1,1,1,5,2,6,9,0,0,-1,2021,49.0,3,1,2,0,1,13,1,,4,,-1,,-1,2,0,1,(1),(1),1,, -1,9,0,3,50,17,10,1,18,18001,1,1,0,6,les petites fougeres,47.269373,2.438825,12,1,1
202100019383,166Â 985,A01,2,2,2,5,8,8,-1,-1, -1,-1,2021,33.0,2,2,0,2,4,2,1,,3,VAILLANT-COUTURIER (AVENUE PAUL),0,,3,4,1,1,0,0,1,, -1,1,0,1,50,11,9,5,93,93027,2,1,0,2,Avenue Paul Vaillant Couturier,48.92653,2.41651,23,5,2
202100024890,157Â 166,A01,10,3,1,5,0,-1,-1,3,3,1,2021,83.0,3,2,0,1,1,16,1,,4,,0,,2,2,0,3,(1),(1),1,, -1,1,0,1,50,9,8,1,6,6069,2,3,0,6,DUNANT (AVENUE HENRI),43.650559,6.921404,9,2,1
202100004576,193Â 596,A01,1,1,1,0,1,-1,-1,0,0,-1,2021,19.0,1,2,0,2,3,1,1,,3,5,-1,,2,2,0,2,16,200,2,, -1,2,0,1,80,1,12,3,44,44038,1,1,0,3,lieu dit le pin,47.161197,-2.001765,7,2,2
202100007641,188Â 087,A01,4,2,1,0,3,8,-1,-1, -1,-1,2021,1.0,1,2,0,2,6,2,1,,4,GENERAL SARRAIL (AVE),0,,2,2,1,2,0,0,1,, -1,2,0,4,50,16,11,1,10,10081,2,1,1,6,GENERAL SARRAIL (AVE),48.313,4.0571,13,4,3
202100029770,148Â 573,A01,1,1,2,0,1,0,-1,-1, -1,-1,2021,80.0,2,2,0,2,8,19,1,,4,URSUYA (AVENUE DE L'),0,,2,2,0,2,0,0,1,, -1,1,0,1,50,9,7,1,64,64102,2,3,0,3,URSUYA (AVENUE DE L'),43.47863,-1.49557,10,3,2
202100055031,103Â 446,A01,1,1,2,0,8,0,-1,-1, -1,-1,2021,36.0,3,2,0,4,1,18,1,,4,DE GAULLE (AVENUE DU GENERAL),0,,1,2,0,1,(1),(1),1,, -1,2,9,6,50,14,1,1,51,51454,2,2,1,3,Avenue du GÃ©nÃ©ral de Gaulle,49.2419401744,4.014354691,15,2,2
202100010567,182Â 842,B01,1,1,1,9,2,6,-1,0,0,-1,2021,27.0,2,1,0,2,4,2,1,,4,BOULEVARD DE MENILMONTANT,0,,3,2,1,1,(1),(1),1,, -1,1,0,1,30,28,10,1,75,75111,2,2,0,2,BOULEVARD DE MENILMONTANT,48.864035,2.385997,9,2,2
202100030295,147Â 615,A01,1,1,1,4,1,-1,-1,0,0,-1,2021,19.0,3,5,0,2,3,13,1,,4,,-1,,2,2,0,1,(1),(1),4,,7,1,0,1,50,8,7,1,44,44026,2,1,0,1,Avenue Syrma,47.278734,-1.475194,8,2,2
202100003446,195Â 596,A01,1,1,1,4,2,6,-1,0,0,-1,2021,24.0,1,1,0,2,1,1,1,,4,RUE DES PYRAMIDES,0,,1,2,0,1,(1),(1),1,, -1,1,0,1,30,11,12,5,75,75101,2,2,0,3,RUE DES PYRAMIDES,48.864564,2.332697,0,2,2
202100055629,102Â 414,A01,10,3,1,9,0,-1,-1,1,1,1,2021,37.0,1,0,0,1,0,0,0,,3,460,-1,,2,2,0,2,27,600,1,, -1,1,0,1,80,9,1,3,88,88065,1,1,0,6,,48.090772,6.055478,23,2,1
202100041752,126Â 978,C01,1,1,2,5,1,0,-1,-1, -1,-1,2021,27.0,2,2,0,2,4,2,1,,1,A4,0,,1,5,0,1,9,0,1,, -1,1,0,1,90,2,5,1,94,94017,1,1,0,4,A4,48.82913,2.49989,19,5,5
202100013060,178Â 400,B01,1,1,1,0,1,0,-1,-1, -1,-1,2021,56.0,3,5,0,2,6,0,1,,7,RD 191,0,,2,2,0,1,(1),(1),1,, -1,1,0,1,50,14,10,2,59,59508,2,2,0,3,BILLEMONT (RUE),50.75957,3.1338,19,5,2
202100036738,136Â 036,B01,2,2,2,5,8,0,-1,-1, -1,-1,2021,42.0,1,2,0,2,5,2,1,,1,AUTOROUTE A10,0,,3,3,0,1,3,299,1,, -1,1,0,1,110,3,6,1,91,91377,1,1,0,2,AUTOROUTE A10,48.72169,2.29565,15,4,2
202100024433,158Â 008,B01,2,2,2,9,1,-1,-1,0,0,-1,2021,39.0,1,2,0,2,4,1,1,,1,81,-1,A,3,4,0,1,248,900,1,, -1,1,0,1,130,12,8,3,53,53054,1,1,0,2,A81,48.114423,-0.800951,22,6,2
202100035584,138Â 111,A01,10,3,2,5,0,-1,-1,6,9,3,2021,30.0,3,2,0,1,0,1,1,,4,,0,,2,2,0,2,(1),(1),4,,4,1,0,3,50,6,6,1,1,1378,2,6,0,6,Chemin du Zonchet,45.808689,5.181604,17,2,1
202100039720,130Â 582,B01,1,1,2,9,1,0,-1,0,0,-1,2021,29.0,2,2,0,2,4,2,1,,4,AVENUE DE LA BOURDONNAIS,0,,2,4,0,1,(1),(1),1,, -1,1,0,1,50,16,5,1,75,75107,2,3,0,4,AVENUE DE LA BOURDONNAIS,48.860533,2.295643,16,3,3
202100035338,138Â 541,A01,2,2,1,5,3,8,-1,-1, -1,-1,2021,9.0,2,2,0,2,2,20,1,,4,PAIX (R DE LA),0,,2,2,0,1,0,1,1,, -1,1,0,1,50,9,6,1,94,94022,2,1,0,6,Rue de la Paix,48.76629,2.42109,10,3,2
202100013971,176Â 728,A01,1,1,1,0,8,0,-1,-1, -1,-1,2021,45.0,1,2,0,2,1,11,1,,2,RN12,0,,1,2,0,1,22,240,1,, -1,1,3,1,110,10,10,3,78,78646,1,9,0,2,RN12,48.79092,2.10767,21,4,2
202100038846,132Â 191,B01,9,2,2,9,1,-1,-1,0,0,-1,2021,82.0,1,2,0,2,3,1,1,,3,D620,-1,,2,2,0,4,25,758,1,, -1,1,0,1,70,21,5,1,11,11433,1,3,0,1,D620,43.300306,2.464542,11,5,2
202100054296,104Â 706,A01,1,1,2,2,1,-1,-1,0,0,-1,2021,40.0,2,2,3,0,6,1,1,,3,35,-1,,2,2,0,2,11,175,2,, -1,2,0,1,80,18,1,1,60,60054,1,1,1,2,RD 35,49.3420317809,2.0426630974,9,2,2
202100048434,115Â 185,A01,1,1,1,1,2,6,-1,0,0,-1,2021,33.0,1,1,0,2,1,2,1,,4,QUAI ANDRE CITROEN,0,,2,2,0,1,(1),(1),2,, -1,2,0,1,30,11,3,5,75,75115,2,1,1,2,QUAI ANDRE CITROEN,48.840405,2.271373,19,2,2
202100017835,169Â 738,B01,2,2,1,5,2,6,-1,-1, -1,-1,2021,17.0,1,1,0,2,3,1,1,,4,JOFFRE (RUE),0,,2,2,0,1,0,0,1,, -1,1,0,1,50,19,9,1,57,57143,2,1,0,3,JOFFRE (RUE),49.25929,6.08423,17,3,2
202100029852,148Â 434,B01,2,2,1,0,1,0,-1,-1, -1,-1,2021,25.0,3,2,5,2,4,1,0,,3,CHARLES DE GAULLE [CD115] (AVENUE),0,,1,1,0,2,0,1,1,, -1,1,0,1,50,9,7,1,93,93005,2,1,0,2,Avenue Charles de Gaulle,48.930992,2.484035,9,3,2