Num_Acc,id_vehicule,num_veh,place,catu,sexe,trajet,secu1,secu2,secu3,locp,actp,etatp,year_acc,victim_age,senc,catv,obs,obsm,choc,manv,motor,occutc,catr,voie,v1,v2,circ,nbv,vosp,prof,pr,pr1,plan,lartpc,larrout,surf,infra,situ,vma,jour,mois,lum,dep,com,agg_,int,atm,col,adr,lat,long,hour,nb_victim,nb_vehicules
202100039261,131Â 429,A01,1,1,1,0,2,5,-1,0,0,-1,2021,23.0,0,1,0,2,0,0,1,,4,CAMPI LOUIS BD,0,,2,2,0,2,(1),(1),1,, -1,1,8,1,50,19,5,2,201,201004,2,1,0,7,CAMPI LOUIS BD,41.9446,8.75666,20,2,2
202100021659,162Â 916,B01,1,1,2,3,1,0,-1,-1, -1,-1,2021,32.0,2,2,0,2,4,2,1,,3,EDOUARD HERRIOT (AV),0,,1,1,0,1,1,0,3,, -1,1,0,1,50,31,8,1,94,94034,2,1,0,2,EDOUARD HERRIOT (AV),48.7537,2.3265,10,2,2
202100033894,141Â 176,B01,1,1,2,9,1,8,-1,-1, -1,-1,2021,29.0,1,2,0,2,4,20,1,,4,JEAN JAURES (AVENUE) (2/74),0,,1,1,0,1,0,1,1,, -1,1,0,1,50,17,6,1,93,93055,2,1,0,2,JEAN JAURES (AVENUE) (2/74),48.902045,2.390394,13,2,2
202100014274,176Â 185,A01,10,3,1,2,0,-1,-1,3,3,1,2021,8.0,1,3,0,1,2,1,1,2.0,4,,-1,,2,2,2,1,(1),(1),1,,5,1,9,1,50,8,10,1,66,66008,2,1,0,6,Avenue moliÃ¨re,42.553481,3.026991,8,3,1
202100034700,139Â 699,A01,1,1,1,0,1,-1,-1,0,0,-1,2021,48.0,2,2,10,0,2,14,1,,3,12,-1,,3,2,0,2,(1),(1),1,, -1,1,0,8,-1,13,6,2,74,74250,1,1,0,7,Rte des Gorges du Borne,46.045476,6.377735,21,2,1
202100031959,144Â 618,A01,1,1,1,0,2,0,-1,-1, -1,-1,2021,60.0,2,1,15,0,1,0,1,,3,ROUTE DEPARTEMENTALE 13,0,,2,2,0,2,5,0,3,, -1,1,0,3,70,27,6,5,972,97213,1,1,0,6,ROUTE DEPARTEMENTALE 13,14.6344,-61.01411,1,1,1
202100010521,182Â 919,B01,1,1,2,9,1,0,-1,-1, -1,-1,2021,47.0,1,2,0,2,8,26,1,,1,BRETELLE A11,0,,1,1,0,1,269,0,1,, -1,1,0,1,70,28,10,1,49,49015,2,1,0,3,BRETELLE A11,47.495835,-0.623462,15,2,2
202100043547,123Â 823,B01,1,1,1,0,8,0,-1,-1, -1,-1,2021,52.0,1,1,0,2,1,1,1,,4,LIBERATION (BOULEVARD),0,,2,3,0,1,0,0,1,, -1,1,0,1,50,18,4,2,13,13204,2,3,0,3,LIBERATION (BOULEVARD),43.30255,5.396,19,4,2
202100001432,199Â 220,A01,1,1,1,4,1,0,-1,-1, -1,-1,2021,48.0,2,4,0,0,1,1,1,,1,13,0,,3,3,0,1,5,800,1,, -1,1,0,2,110,24,12,3,92,92064,1,1,0,7,A13,48.8369848767,2.1873915074,4,1,1
202100028386,150Â 973,A01,1,1,1,4,1,-1,-1,0,0,-1,2021,54.0,1,4,13,0,7,1,1,,3,93,0,,2,2,0,2,94,790,2,, -1,1,0,3,80,19,7,1,26,26040,1,1,0,6,D93,44.550173,5.593629,7,1,1
202100009974,183Â 874,A01,10,3,2,3,0,-1,-1,2,2,1,2021,79.0,0,2,0,1,1,11,1,,3,162e2,0,D,2,2,0,1,0,34,1,, -1,1,0,1,50,1,11,1,34,34081,2,3,0,6,avenue de BEZIERS,43.314031,3.140271,12,2,1
202100045463,120Â 471,A01,1,1,1,5,0,-1,-1,0,0,-1,2021,43.0,2,1,0,2,1,13,5,,3,6,-1,D,2,2,0,2,10,605,3,, -1,1,0,1,50,2,4,3,974,97415,2,1,0,1,Rue Jean Albany,-21.077948,55.268097,19,2,2
202100026336,154Â 619,B01,1,1,1,1,2,6,-1,-1, -1,-1,2021,23.0,2,1,0,2,1,1,1,,3,FONTAINEBLEAU (RTE DE),0,,1,2,2,1,0,0,1,, -1,1,0,1,50,30,7,1,94,94081,2,3,0,3,Route de Fontainebleau,48.77402,2.36787,17,2,2
202100018967,167Â 735,A01,4,2,1,2,1,8,-1,0,0,-1,2021,13.0,1,2,0,2,4,11,1,,3,BIZY ( RUE DE),0,,1,2,0,2,10,100,3,, -1,2,0,1,50,14,9,2,27,27681,2,4,1,2,BIZY ( RUE DE),49.0768269,1.4639807,8,4,2
202100001795,198Â 589,A01,1,1,1,4,0,-1,-1,0,0,-1,2021,32.0,1,2,0,0,0,1,3,,4,568,0,D,2,2,0,1,56,8,3,, -1,2,0,1,-1,24,12,1,30,30259,2,1,1,7,568 Ancien Chemin de MÃ©jannes,44.1098,4.1201,13,1,1
202100003968,194Â 654,A01,5,2,1,0,2,-1,-1,-1, -1,-1,2021,2.0,1,1,0,2,1,2,0,,4,                       (AV),0,,2,3,3,1,(1),(1),1,, -1,2,5,1,50,7,12,1,69,69383,2,2,1,3,FELIX FAURE (AV),45.75411,4.86322,8,3,2
202100002608,197Â 120,A01,1,1,1,0,8,0,-1,-1, -1,-1,2021,28.0,1,2,13,0,1,14,1,,3,RD 152,0,,2,2,0,4,6,0,2,, -1,2,0,8,80,14,12,1,55,55352,1,1,1,6,RD 152,48.7314,5.15652,8,1,1
202100041801,126Â 889,A01,1,1,2,1,2,6,-1,0, -1,-1,2021,46.0,1,1,0,5,1,21,1,,3,GARSALEC (avenue de),0,,2,2,0,1,4,0,1,, -1,1,0,1,80,30,4,1,29,29051,1,1,0,6,Avenue de Coray,48.0082810642,-4.0281629562,21,1,1
202100019278,167Â 175,A01,8,2,2,5,1,-1,-1,0,0,-1,2021,20.0,2,2,0,2,1,1,1,,1,9,0,A,3,3,0,1,162,0,1,, -1,1,0,1,130,25,8,3,34,34336,1,1,0,2,A9 pk162+000,43.321993,3.268003,23,6,2
202100037713,134Â 256,A01,1,1,2,0,1,0,-1,-1, -1,-1,2021,55.0,1,2,0,2,6,23,1,,1,A7-Sens Marseille vers Lyon,0,,3,2,0,1,280,799,1,, -1,1,0,1,90,29,5,3,13,13203,1,1,0,2,A7-Sens Marseille vers Lyon,43.31741,5.3773,21,2,2
202100044635,121Â 939,A01,2,2,2,3,1,-1,-1,0,0,-1,2021,26.0,2,2,2,2,8,1,1,,3,,0,,2,2,0,1,26,320,3,, -1,2,0,1,80,9,4,1,11,11410,1,1,1,3,D38,43.255315,2.423751,18,3,2
202100007565,188Â 220,A01,2,2,2,0,1,-1,-1,-1, -1,-1,2021,76.0,1,2,0,2,7,15,1,,4,FELIX FAURE                         (AV),0,,2,4,3,1,(1),(1),1,, -1,1,0,1,50,17,11,5,69,69383,2,1,0,3,FELIX FAURE (AV),45.75391,4.8611,19,5,2
202100010602,182Â 778,B01,1,1,1,5,0,-1,-1,0,0,-1,2021,10.0,0,1,0,2,1,19,5,,4,,-1,,1,2,0,1,(1),(1),1,,4,1,0,1,50,28,10,1,85,85215,2,1,0,3,Impasse des Fees,46.848443,-1.169616,13,2,2
202100037606,134Â 440,A01,1,1,1,4,2,6,-1,0,0,-1,2021,32.0,1,1,0,2,0,7,1,,4,AVENUE DE FLANDRE,0,,2,4,3,1,(1),(1),1,, -1,1,0,6,50,29,5,1,75,75119,2,3,0,7,AVENUE DE FLANDRE,48.887347,2.372869,16,1,1
202100031652,145Â 179,B01,1,1,1,9,1,-1,-1,0,0,-1,2021,74.0,2,2,3,2,3,1,1,,3,1504,-1,,2,2,0,1,(1),(1),3,, -1,1,0,1,80,28,6,1,1,1066,1,1,0,1,D1504,45.846589,5.557065,11,2,2
202100002769,196Â 815,A01,10,3,2,2,0,-1,-1,4,3,1,2021,19.0,1,2,0,1,1,1,1,,4,BD MATABIAU,0,,1,3,2,1,(1),(1),1,, -1,1,0,1,50,15,12,1,31,31555,2,1,0,6,BD MATABIAU,43.61491,1.44261,12,2,1
202100027873,151Â 891,A01,1,1,2,0,1,0,-1,-1, -1,-1,2021,30.0,3,2,0,2,1,1,1,,4,DOCTEUR GEORGES LEVY (DU)           (AV),0,,2,2,2,1,(1),(1),1,, -1,1,0,1,50,20,7,1,69,69259,2,2,0,2,DOCTEUR GEORGES LEVY (DU)           (AV),45.7193539752,4.8547768593,18,2,2
202100007738,187Â 926,B01,1,1,1,1,2,6,-1,-1, -1,-1,2021,46.0,2,1,0,2,2,3,1,,2,RN 104,0,,1,3,0,1,37,724,1,, -1,1,0,1,90,17,11,2,91,91228,1,1,0,3,RN 104,48.612217,2.432189,17,2,2
202100026588,154Â 179,B01,1,1,1,1,0,-1,-1,0,0,-1,2021,48.0,3,1,0,2,1,16,5,,4,X,0,X,2,2,0,2,(1),(1),2,, -1,1,0,1,50,29,7,1,22,22384,2,3,0,1,Rue des Rochers,48.281972,-2.833094,17,2,2
202100054348,104Â 614,B01,1,1,1,1,2,6,-1,0,0,-1,2021,60.0,2,1,0,2,3,3,1,,4,BOULEVARD PERIPHERIQUE,0,,1,4,0,1,16,800,1,, -1,1,0,1,70,20,1,5,75,75117,2,1,0,3,BOULEVARD PERIPHERIQUE,48.8827,2.283359,17,2,2
202100002543,197Â 237,B01,1,1,2,0,1,-1,-1,0,0,-1,2021,75.0,1,2,0,2,1,5,1,,7,RD149,-1,,2,2,0,1,30,238,1,, -1,1,0,1,70,10,12,1,44,44071,2,1,0,1,Route de la LouÃ©e,47.183993,-1.431247,15,2,2
202100013756,177Â 122,B01,1,1,1,0,2,6,-1,0,0,-1,2021,19.0,2,1,0,2,1,1,1,,3,938,0,D,2,2,0,1,59,300,1,, -1,1,0,1,80,13,10,2,60,60558,1,1,1,6,Rue Saint Martin,49.586629,2.768238,7,2,2
202100040783,128Â 714,A01,1,1,1,0,2,-1,-1,0,0,-1,2021,51.0,1,1,0,0,0,14,1,,3,81,0,,2,2,0,1,29,700,2,, -1,1,0,3,80,9,5,1,201,201090,1,1,0,7,Coggia PK 29 + 700,42.092546,8.709444,12,1,1
202100029099,149Â 735,A01,10,3,1,0,0,-1,-1,5,9,1,2021,49.0,1,3,0,1,7,9,1,2.0,4,LIBERATION (AV DE LA) NÂ° IMP 147 ET+,0,,2,3,0,1,0,0,1,, -1,1,0,1,50,13,7,1,72,72181,2,1,0,7,LIBERATION (AV DE LA) NÂ° IMP 147 ET+,48.00162,0.18441,18,3,1
202100035476,138Â 298,A01,10,3,2,0,0,-1,-1,3,1,1,2021,76.0,0,2,0,1,7,9,1,,4,FLANDRES/DUNKERQUE (CARREFOUR),0,,3,3,3,1,0,0,1,, -1,1,0,6,30,9,6,1,66,66136,2,6,0,6,FLANDRES/DUNKERQUE (CARREFOUR),42.68669,2.90729,10,2,1
202100030697,146Â 889,B01,1,1,1,2,8,0,-1,-1, -1,-1,2021,14.0,2,1,0,2,1,19,3,,4,FLORISSANT (AVENUE),0,,1,2,3,1,0,1,1,, -1,1,0,1,50,10,3,1,74,74012,2,1,0,3,FLORISSANT (AVENUE),46.1949,6.2442,8,2,2
202100004753,193Â 286,B01,1,1,2,5,2,6,-1,0,0,-1,2021,47.0,3,1,0,2,4,23,1,,4,GAILLARD (AV. ET PONT DE),0,,2,2,0,2,0,0,1,, -1,2,0,1,50,4,12,5,47,47001,2,2,1,2,GAILLARD (AV. ET PONT DE),44.2122,0.62868,6,2,2
202100019174,167Â 358,A01,1,1,1,5,8,0,-1,-1, -1,-1,2021,21.0,1,2,8,0,1,14,1,,7,BLOIS (ROUTE DE BLOIS),0,,3,2,0,1,1,0,1,, -1,1,0,1,90,12,9,5,45,45075,2,1,0,6,BLOIS (ROUTE DE BLOIS),47.87864,1.80679,23,2,1
202100017793,169Â 811,B01,2,2,2,0,1,-1,-1,-1, -1,-1,2021,27.0,3,2,0,2,7,15,1,,4,JEAN CAGNE                          (AV),0,,2,2,0,1,(1),(1),1,, -1,2,0,1,50,20,9,1,69,69259,2,9,1,3,JEAN CAGNE                          (AV),45.69952,4.8667,15,3,2
202100002143,197Â 957,A01,1,1,1,5,2,0,-1,0,0,-1,2021,30.0,3,0,12,0,0,1,3,,4,RUGBY (RUE DE),0,,-1,0,0,1,(1),(1),1,, -1,1,0,4,20,19,12,1,27,27229,2,1,0,7,RUGBY (RUE DE),49.00784,1.15618,14,1,1
202100053036,106Â 921,A01,1,1,2,0,1,0,-1,-1, -1,-1,2021,30.0,1,2,3,0,1,1,1,,1,BDL,0,,3,10,0,2,1,799,3,, -1,2,0,1,50,30,1,2,93,93027,1,1,1,6,BDL,48.93698,2.41035,21,1,1
202100033102,142Â 579,A01,10,3,2,0,0,-1,-1,4,3,1,2021,13.0,2,2,0,1,3,1,1,,3,992,0,,-1,0,0,1,0,0,1,, -1,1,4,1,50,21,6,1,92,92035,2,2,0,6,Rue des Fauvelles,48.9022895362,2.239754498,12,2,1
202100054718,103Â 983,A01,1,1,2,2,1,5,-1,0,0,-1,2021,73.0,1,2,0,2,3,2,1,,3,774,-1,,2,2,0,1,3,700,1,, -1,1,0,1,80,18,1,1,44,44072,1,1,0,2,D774,47.470179,-2.307462,8,4,2
202100025211,156Â 601,A01,1,1,1,5,2,6,-1,0,0,-1,2021,17.0,1,1,0,2,1,13,1,,3,27,0,,2,2,0,1,48,50,3,, -1,1,2,1,80,8,8,1,42,42073,1,1,0,1,Route des Collines,45.783159,4.315428,16,3,2
202100033763,141Â 420,A01,1,1,1,0,1,4,-1,-1, -1,-1,2021,51.0,2,2,0,2,1,2,1,,1,AUTOROUTE A1,0,,3,6,0,1,11,699,1,, -1,1,0,1,90,18,6,1,93,93005,1,1,0,4,AUTOROUTE A1,48.93954,2.4793,8,3,3
202100052865,107Â 222,A01,1,1,1,5,1,0,-1,-1, -1,-1,2021,67.0,2,5,0,2,1,2,1,,1,AUTOROUTE A20,0,,3,4,0,2,189,100,1,, -1,1,0,1,110,29,1,1,87,87065,1,1,0,2,AUTOROUTE A20,45.78961,1.3033,11,3,2
202100035434,138Â 378,A01,1,1,1,1,2,6,-1,-1, -1,-1,2021,40.0,2,1,0,2,1,3,1,,1,86,0,,3,4,0,1,1,299,1,, -1,1,0,1,90,8,6,1,92,92050,1,1,0,2,A86,48.9098381616,2.2151288589,8,2,2
202100023806,159Â 068,A01,2,2,1,4,1,-1,-1,0,0,-1,2021,25.0,3,4,0,0,0,1,1,,9,,-1,,2,2,0,1,(1),(1),2,,4,1,0,3,80,17,8,1,973,97312,1,1,0,7,Route de Pointe Combi,5.317933,-52.948142,11,3,1
202100040155,129Â 822,B01,3,2,1,5,1,0,-1,-1, -1,-1,2021,0.0,1,2,0,2,1,1,1,,2,LYONS LA FORET. RUE DE,0,,2,3,3,1,0,500,1,, -1,1,0,1,50,12,5,1,76,76540,2,3,0,2,LYONS LA FORET. RUE DE,49.43657,1.1338,10,3,2
202100038305,133Â 171,B01,1,1,1,0,1,0,-1,-1, -1,-1,2021,30.0,1,2,0,2,4,2,1,,1,AUTOROUTE A16,0,,3,3,0,1,123,0,1,, -1,1,0,1,90,25,5,1,59,59183,1,1,0,5,AUTOROUTE A16,51.012519,2.35671,7,3,3
202100031585,145Â 296,A01,1,1,2,3,1,0,-1,0,0,-1,2021,77.0,3,2,0,1,2,26,1,,7,FAHNESTOCK G. CORNICHE,0,,2,2,0,2,(1),(1),1,, -1,1,0,1,50,28,6,1,6,6123,2,1,0,6,FAHNESTOCK G. CORNICHE,43.675386,7.188358,10,3,1
202100046245,119Â 111,B01,1,1,1,4,2,0,-1,0,0,-1,2021,19.0,1,1,0,2,1,1,1,,4,RUE DE TOLBIAC,0,,2,4,0,1,(1),(1),1,, -1,1,0,1,50,28,3,5,75,75113,2,5,0,1,RUE DE TOLBIAC,48.827695,2.371356,21,2,2
202100035980,137Â 370,B01,2,2,2,5,1,-1,-1,0,0,-1,2021,63.0,2,2,0,2,6,1,1,,3,948,-1,D,2,2,0,1,14,400,1,,7,1,5,1,90,6,6,1,79,79095,1,4,0,3,carrefour Rd948 et rd 45,46.158536,0.039611,14,3,2
202100053788,105Â 604,A01,10,3,2,9,0,-1,-1,0,9,1,2021,23.0,2,2,0,1,3,1,1,,3,25,-1,,2,2,0,1,17,50,1,, -1,1,0,1,80,26,1,3,68,68139,1,1,0,6,D25,47.5983208307,7.2278766747,20,2,1
202100037462,134Â 702,A01,1,1,2,5,8,0,-1,-1, -1,-1,2021,36.0,1,1,12,0,1,0,5,,4,PARIS (RUE DE) NÂ° 1 A 15BIS,0,,3,2,0,1,0,0,1,, -1,1,0,1,50,29,5,2,92,92048,2,1,0,6,PARIS (RUE DE) NÂ° 1 A 15BIS,48.8174401537,2.2486835718,21,1,1
202100012538,179Â 301,B01,1,1,1,9,1,-1,-1,0,0,-1,2021,54.0,3,2,0,2,3,0,1,,3,100,-1,,2,2,0,1,15,500,1,,4,1,0,1,80,15,10,1,70,70478,1,1,0,1,D100,47.702556,6.261992,16,3,2
202100031423,145Â 576,A01,1,1,1,5,8,8,-1,0,0,-1,2021,84.0,2,1,0,2,8,1,5,,4,RUE NOLLET,0,,1,2,2,1,(1),(1),1,, -1,2,0,1,30,30,6,1,75,75117,2,2,0,3,RUE NOLLET,48.88639,2.322372,12,2,2
202100036916,135Â 714,A01,1,1,1,5,2,6,-1,0,0,-1,2021,65.0,3,1,0,0,0,1,1,,7,84,0,,2,2,0,1,(1),(1),1,, -1,1,0,1,50,1,6,1,67,67049,2,3,0,7,29 Rue du MarÃ©chal Foch,48.504635,7.604508,20,1,1
202100000455,200Â 895,B01,1,1,1,0,2,8,-1,-1, -1,-1,2021,20.0,1,1,0,2,8,26,1,,7,OLIVET (ROUTE D'OLIVET),0,,2,2,0,1,64,0,1,, -1,1,0,1,50,8,11,1,45,45234,2,1,0,3,OLIVET (ROUTE D'OLIVET),47.8832258044,1.9039821625,16,2,2
202100052758,107Â 423,A01,10,3,1,5,0,-1,-1,1,3,1,2021,77.0,2,5,0,1,1,1,1,,3,RD 489,0,,3,5,0,1,1,97,1,, -1,2,0,1,90,29,1,1,76,76447,1,1,0,6,D489,49.53107,0.1859,15,2,1
202100050821,110Â 840,B01,1,1,1,5,2,6,-1,0,0,-1,2021,49.0,2,1,12,2,8,2,5,,3,131,-1,,1,1,0,1,11,330,2,, -1,1,5,1,50,21,2,1,53,53229,2,6,0,3,rue de la mairie,48.13022,-0.751032,9,2,2
202100043064,124Â 699,A01,1,1,1,1,2,0,-1,-1, -1,-1,2021,42.0,2,1,1,2,8,17,5,,4,AV DU BAC,0,,2,2,0,1,1,0,1,, -1,1,0,1,30,22,4,1,94,94068,2,1,0,7,BAC (AV DU),48.794887,2.510482,13,2,2
202100006468,190Â 236,A01,1,1,1,4,2,6,-1,0,0,-1,2021,25.0,3,1,0,2,6,18,1,,4,PONT DE LA CONCORDE,0,,3,4,1,1,(1),(1),1,, -1,1,0,1,30,24,11,5,75,75107,2,1,0,3,PONT DE LA CONCORDE,48.863253,2.319501,17,2,2
202100020728,164Â 576,A01,4,2,1,0,1,0,-1,-1, -1,-1,2021,0.0,0,2,1,0,2,26,1,,4,LOUIS BORDES (RUE),0,,2,2,0,1,0,0,1,, -1,1,0,1,50,5,9,1,93,93072,2,1,0,3,LOUIS BORDES (RUE),48.954851,2.385827,15,4,2
202100032448,143Â 778,B01,1,1,1,4,2,5,-1,0,0,-1,2021,47.0,2,1,0,2,2,0,1,,2,T21,0,,-1,2,0,1,(1),(1),1,, -1,1,0,1,50,24,6,1,201,201004,1,1,0,2,T21,41.9341128318,8.7511375918,12,2,2
202100019673,166Â 484,A01,10,3,1,0,0,-1,-1,3,3,1,2021,12.0,0,2,0,1,1,16,1,,4,RUE DE LA MAISON BLANCHE,0,,2,0,0,1,(1),(1),1,, -1,1,0,1,30,10,9,1,44,44109,2,3,0,6,RUE DE LA MAISON BLANCHE,47.229132,-1.588262,17,2,1
202100040263,129Â 635,A01,1,1,1,5,2,6,-1,0,0,-1,2021,54.0,1,1,12,0,9,1,1,,3,3,0,D,2,2,0,1,56,480,1,, -1,1,9,1,50,13,5,1,70,70267,2,1,0,7,Gevigney-et-Mercey,47.794266,5.937652,19,1,1
202100036706,136Â 099,A01,1,1,1,1,2,6,9,0,0,-1,2021,47.0,2,1,12,0,1,16,1,,3,809,0,,2,2,0,2,21,95,3,, -1,8,0,1,50,3,6,1,48,48009,2,6,0,6,Route du Languedoc,44.71357,3.285502,18,1,1
202100000694,200Â 474,B01,1,1,2,1,1,0,-1,-1, -1,-1,2021,27.0,0,2,0,2,1,1,1,,7,GLACIERE ( RUE DE LA ),0,,-1,2,0,1,1,233,1,, -1,1,0,1,50,1,4,1,13,13117,2,3,0,3,GLACIERE ( RUE DE LA ),43.42323,5.24111,18,2,2
202100028076,151Â 524,B01,1,1,1,0,2,6,-1,-1, -1,-1,2021,55.0,1,1,0,2,1,3,1,,1,86,0,,1,2,0,1,53,678,1,, -1,1,0,1,70,20,7,1,92,92002,1,1,0,2,AUTOROUTE A86,48.7617,2.2984,19,2,2
202100033693,141Â 537,A01,1,1,1,5,2,6,-1,0,0,-1,2021,58.0,2,1,13,0,7,1,1,,3,7,-1,,2,2,0,2,0,700,1,, -1,1,0,3,80,18,6,1,47,47225,1,1,0,7,25 Route de Moncaut,44.167148,0.546678,18,1,1
202100026938,153Â 563,A01,2,2,1,5,1,0,-1,-1, -1,-1,2021,58.0,1,2,4,2,5,1,1,,2,RN104,0,,3,4,0,1,10,0,1,, -1,2,0,1,90,27,7,1,77,77249,1,1,1,6,RN104,48.7489851927,2.6137740302,14,4,3
202100001934,198Â 338,B01,1,1,2,1,1,-1,-1,0,0,-1,2021,50.0,2,2,0,2,1,1,1,,3,177,0,,2,2,0,3,8,150,1,, -1,1,0,1,-1,22,12,1,56,56105,1,1,1,1,Castellou,47.986604,-3.582788,14,2,2
202100044131,122Â 792,A01,2,2,1,0,0,-1,-1,-1, -1,-1,2021,20.0,0,1,0,2,7,17,6,,4,8 MAI 1945 (DU)                     (AV),0,,2,2,0,1,(1),(1),1,, -1,1,0,1,50,13,4,1,69,69256,2,3,0,3,8 MAI 1945 (DU)                     (AV),45.78737,4.91649,19,3,2
202100051035,110Â 444,B01,1,1,2,0,1,0,-1,-1, -1,-1,2021,30.0,3,2,0,2,4,1,1,,4,STADE (AVENUE DU),0,,2,2,0,4,(1),(1),1,, -1,1,0,1,30,18,2,1,73,73029,2,1,0,2,STADE (AVENUE DU),45.561021,5.942025,11,3,2
202100030635,147Â 000,A01,10,3,1,5,0,-1,-1,1,5,2,2021,12.0,2,2,0,1,3,26,1,,3,224,0,,2,1,0,2,0,800,1,, -1,1,0,1,80,5,7,1,47,47030,1,1,0,6,D224,44.288807,0.870624,18,4,1
202100001339,199Â 367,A01,10,3,1,9,0,-1,-1,4,3,1,2021,28.0,1,2,0,1,8,1,1,,4,712,0,D,2,2,0,1,60,10,1,, -1,2,0,1,50,27,12,4,29,29103,2,1,1,6,Rue de la Petite Palud,48.4489089508,-4.2583765983,18,2,1
202100016772,171Â 635,A01,1,1,1,1,2,6,-1,-1, -1,-1,2021,34.0,2,1,0,2,1,1,1,,2,mamoudzou centre-Haladi Selemani ( rue ),0,,2,2,0,1,0,0,1,, -1,1,0,1,50,24,9,1,976,97611,2,9,0,2,mamoudzou centre-Haladi Selemani ( rue ),-12.78421,45.22941,7,3,2
202100044626,121Â 954,B01,1,1,1,1,1,5,-1,0,0,-1,2021,59.0,1,2,0,2,1,1,1,,3,69,0,,2,2,0,2,32,370,1,, -1,1,0,1,50,9,4,1,2,2757,2,3,0,1,Rue Bovalon,49.92422,3.579467,16,2,2
202100025551,156Â 003,A01,1,1,2,1,0,-1,-1,0,0,-1,2021,36.0,2,1,0,0,0,17,5,,4,,-1,,2,2,1,1,(1),(1),1,, -1,2,0,5,20,5,8,1,67,67118,2,1,0,7,Route de Wasselonne,48.583726,7.689191,17,1,1
202100034914,139Â 298,A01,2,2,2,5,1,0,-1,-1, -1,-1,2021,17.0,2,2,0,2,1,2,1,,1,A86 EXT,0,,1,3,0,1,41,700,1,, -1,1,0,1,90,12,6,1,94,94022,1,1,0,6,A86 EXT,48.7761,2.42469,15,8,3
202100051070,110Â 388,B01,2,2,1,2,2,0,-1,-1, -1,-1,2021,19.0,3,1,0,2,7,16,1,,4,MONTRE (TRAVERSE DE LA),0,,1,1,0,2,1,0,3,, -1,1,0,1,50,18,2,1,13,13211,2,1,0,3,MONTRE (TRAVERSE DE LA),43.29407,5.47565,16,3,2
202100031873,144Â 782,A01,10,3,2,0,0,-1,-1,2,3,1,2021,75.0,2,1,1,1,1,21,5,,3,SILLON (DU) CHAUSSEE,0,,2,2,2,1,77,73,1,, -1,1,0,1,50,8,6,1,35,35288,2,1,0,6,SILLON (DU) CHAUSSEE,48.65434,-2.00926,9,2,1
202100011586,181Â 017,B01,1,1,1,4,8,0,-1,-1, -1,-1,2021,30.0,1,0,0,2,2,26,3,,4,COUBERTIN BOULEVARD,0,,2,2,0,1,1,0,1,, -1,1,0,1,50,22,10,1,49,49007,2,1,0,3,COUBERTIN BOULEVARD,47.46737,-0.5299,18,2,2
202100024455,157Â 964,A01,1,1,1,3,0,-1,-1,0,0,-1,2021,83.0,1,1,0,2,2,1,5,,3,418,-1,,2,2,1,1,(1),(1),1,,4,1,5,5,50,14,8,1,68,68145,2,2,0,3,43 grand rue,48.080974,7.394124,10,2,2
202100043615,123Â 716,A01,10,3,2,9,0,-1,-1,4,3,1,2021,68.0,1,2,0,1,3,1,1,,3,VICTOR SCHOELCHER (AVENUE),0,,1,2,0,1,0,0,3,, -1,1,0,1,50,17,4,1,91,91687,2,1,0,6,VICTOR SCHOELCHER (AVENUE),48.64847,2.36751,13,2,1
202100002142,197Â 959,B01,1,1,1,1,2,6,-1,-1, -1,-1,2021,26.0,1,1,0,2,1,1,1,,3,DOUARNENEZ ROUTE DE,0,,2,2,0,2,(1),(1),1,, -1,1,5,1,50,19,12,5,29,29232,1,3,0,3,Route de Douarnenez,47.9974699,-4.11942,17,2,2
202100001463,199Â 171,A01,1,1,2,0,1,0,-1,0,0,-1,2021,39.0,1,2,9,0,1,26,1,,4,CUGNOT (QUAI/RUE JOSEPH),0,,2,2,0,1,(1),(1),1,, -1,1,0,1,50,24,12,2,54,54395,2,1,0,6,CUGNOT (QUAI/RUE JOSEPH),48.67781,6.20242,7,1,1
202100006241,190Â 645,B01,1,1,1,2,1,-1,-1,-1, -1,-1,2021,19.0,0,2,0,2,4,2,1,,4,EPERNAY (AVENUE D') COTE IMPAIR,0,,2,2,0,1,(1),(1),1,, -1,1,0,1,50,25,11,1,51,51454,2,1,0,2,Avenue dâEpernay,49.2322193608,4.0141376853,10,2,2
202100001814,198Â 555,A01,1,1,1,5,1,-1,-1,0,0,-1,2021,29.0,3,2,0,2,3,1,1,,3,36,-1,,2,2,0,2,(1),(1),1,, -1,1,0,1,80,23,12,3,22,22144,1,1,0,1,la ville  JÃ©gu,48.492009,-2.847605,0,2,2
202100003008,196Â 399,A01,2,2,1,4,8,-1,-1,0,0,-1,2021,43.0,2,4,13,0,1,13,1,,3,904,-1,,2,2,0,1,25,826,1,, -1,2,0,3,80,15,12,1,1,1443,1,1,1,6,D904,45.988017,5.057552,10,2,1
202100028703,150Â 413,A01,1,1,1,0,2,6,-1,-1, -1,-1,2021,32.0,1,1,0,2,3,21,1,,3,JEAN LOLIVE (AVENUE)(75/105.88/106),0,,1,1,1,1,0,1,1,, -1,1,0,1,50,16,7,1,93,93055,2,1,0,3,JEAN LOLIVE (AVENUE)(75/105.88/106),48.892182,2.407905,16,2,2
202100032193,144Â 219,A01,2,2,2,5,1,-1,-1,0,0,-1,2021,74.0,1,2,0,2,8,19,1,,3,,-1,A,2,2,0,1,5,831,1,, -1,1,0,1,80,27,6,1,85,85024,1,2,0,3,La cotriade,46.981175,-1.921749,10,4,2