Num_Acc,id_vehicule,num_veh,place,catu,sexe,trajet,secu1,secu2,secu3,locp,actp,etatp,year_acc,victim_age,senc,catv,obs,obsm,choc,manv,motor,occutc,catr,voie,v1,v2,circ,nbv,vosp,prof,pr,pr1,plan,lartpc,larrout,surf,infra,situ,vma,jour,mois,lum,dep,com,agg_,int,atm,col,adr,lat,long,hour,nb_victim,nb_vehicules
202100022363,161Â 674,B01,2,2,2,9,2,-1,-1,0,0,-1,2021,39.0,3,1,0,2,1,13,1,,9,2,0,N,1,2,0,1,(1),(1),3,, -1,1,5,1,50,27,8,1,973,97307,1,6,0,2,petit giratoire de Balata,4.892102,-52.333267,17,3,2
202100040381,129Â 425,A01,10,3,1,2,0,-1,-1,2,1,1,2021,17.0,1,2,1,1,0,1,0,,3,LECLERC (RUE DU GENERAL),0,,1,1,1,2,1,0,3,, -1,2,0,1,50,11,5,1,93,93064,2,1,0,6,Rue du GÃ©nÃ©ral Leclerc,48.868207,2.492044,13,2,1
202100022119,162Â 091,A01,1,1,1,4,2,0,-1,-1, -1,-1,2021,18.0,2,1,0,0,7,0,1,,3,PIE (QU DE LA),0,,1,1,0,1,0,0,1,, -1,1,0,1,30,28,8,4,94,94068,2,1,0,7,PIE (QU DE LA),48.7889,2.4745,20,1,1
202100043567,123Â 793,A01,1,1,1,0,2,6,-1,-1, -1,-1,2021,58.0,1,1,0,2,3,26,1,,3,ARAGON (AVENUE LOUIS),0,,1,0,0,1,0,0,1,, -1,1,0,1,50,7,4,1,93,93008,2,1,0,3,ARAGON (AVENUE LOUIS),48.91392,2.438909,20,3,2
202100035541,138Â 181,B01,3,2,1,5,3,0,-1,0,0,-1,2021,5.0,2,2,0,2,5,23,1,,4,SOUTERRAIN QUAI DE LA RAPEE,0,,2,6,0,1,(1),(1),1,, -1,1,0,1,50,9,6,1,75,75112,2,1,0,2,SOUTERRAIN QUAI DE LA RAPEE,48.842525,2.371653,19,4,2
202100018926,167Â 814,A01,10,3,2,1,0,-1,-1,2,3,1,2021,66.0,2,2,0,1,1,1,1,,7,GAGARINE (AV),0,,2,2,2,1,17,600,1,, -1,1,0,1,50,14,9,1,69,69091,2,1,0,6,GAGARINE (AV),45.60069,4.76978,13,2,1
202100016176,172Â 726,B01,1,1,2,0,1,0,-1,-1, -1,-1,2021,33.0,2,2,14,2,1,1,1,,4,LIBERTE (BD DE LA),0,,3,4,3,1,0,0,1,, -1,2,0,1,30,28,9,1,35,35238,2,1,0,4,LIBERTE (BD DE LA),48.10837,-1.6836,16,3,3
202100006620,189Â 957,A01,10,3,1,5,0,-1,-1,2,5,1,2021,41.0,1,2,0,1,1,1,1,,7,OBERHAUSBERGEN (ROUTE D ),0,,1,4,0,1,(1),(1),1,, -1,1,0,1,50,20,11,5,67,67482,2,1,0,6,OBERHAUSBERGEN (ROUTE D ),48.59066,7.7308,5,2,1
202100034317,140Â 393,A01,10,3,1,1,0,-1,-1,5,3,1,2021,20.0,2,1,15,1,2,8,3,,3,LEON GOURDAULT (AV),0,,2,2,3,1,1,0,1,, -1,1,0,6,50,14,6,1,94,94022,2,1,0,6,LEON GOURDAULT (AV),48.76374,2.40611,19,2,1
202100052048,108Â 680,A01,1,1,1,1,2,6,-1,-1, -1,-1,2021,39.0,1,1,0,2,7,2,1,,4,GARENNE (R DE LA),0,,2,2,0,2,1,0,1,, -1,1,0,1,50,9,2,1,94,94034,2,3,0,3,GARENNE (R DE LA),48.75882,2.32694,14,2,2
202100038193,133Â 373,B01,1,1,1,0,2,6,-1,-1, -1,-1,2021,36.0,2,1,0,2,1,1,1,,4,DEVOSGE (RUE),0,,2,3,0,1,0,0,1,, -1,1,0,1,50,25,5,1,21,21231,2,2,0,3,DEVOSGE (RUE),47.327085736,5.0424211252,11,2,2
202100003228,196Â 002,B01,1,1,2,5,1,0,-1,-1, -1,-1,2021,25.0,1,2,0,2,1,0,1,,1,A86 INT,0,,-1,6,0,1,41,0,1,, -1,1,0,1,90,13,12,3,94,94022,1,1,0,2,A86 INT,48.77657,2.42122,18,2,2
202100046853,118Â 029,A01,1,1,2,1,1,-1,-1,0,0,-1,2021,46.0,0,2,13,0,1,0,1,,3,926,0,D,2,2,0,2,2,580,1,, -1,1,0,1,50,24,3,3,60,60398,2,1,0,6,146 Rue de la LibÃ©ration,49.185571,2.285312,4,1,1
202100021705,162Â 842,A01,10,3,1,9,4,-1,-1,1,1,2,2021,54.0,0,2,0,1,1,1,1,,4,,-1,,2,2,0,2,(1),(1),1,,"5,5",1,0,1,50,31,8,1,7,7010,2,1,0,6,avenue jean jaurÃ¨s,45.249543,4.670187,15,3,1
202100004009,194Â 575,B01,1,1,1,0,8,8,-1,-1, -1,-1,2021,27.0,2,2,1,2,7,15,1,,4,COLMAR (AVENUE DE),0,,2,4,1,1,0,0,1,, -1,2,5,1,50,5,12,5,67,67482,2,1,1,3,COLMAR (AVENUE DE),48.5527,7.74378,7,2,2
202100023972,158Â 788,B01,1,1,1,5,2,6,-1,0,0,-1,2021,33.0,2,1,13,2,9,0,1,,3,902,0,D,2,2,0,1,30,800,2,, -1,1,0,1,80,17,8,1,73,73232,1,1,0,3,D902,45.569171,6.888642,16,2,2
202100024640,157Â 618,A01,1,1,1,4,2,6,-1,-1, -1,-1,2021,24.0,3,1,0,2,5,17,1,,4,RICHARD WALLACE (BOULEVARD),0,,2,4,0,2,0,0,1,, -1,1,9,1,50,11,8,5,92,92051,2,1,0,2,RICHARD WALLACE (BOULEVARD),48.8757143571,2.2485467792,22,2,2
202100021990,162Â 327,A01,8,2,1,5,0,-1,-1,0,0,-1,2021,23.0,1,2,13,0,9,0,1,,3,626,2,D,2,2,0,2,6,939,2,, -1,1,0,3,80,29,8,1,31,31107,1,1,0,6,lieu-dit nÃ¨gre,43.296285,1.235951,19,3,1
202100016626,171Â 916,A01,4,2,1,5,1,-1,-1,-1, -1,-1,2021,24.0,1,2,0,2,5,1,1,,4,MARECHAL FOCH (DU)                  (AV),0,,2,3,3,1,(1),(1),1,, -1,2,0,1,50,26,9,5,69,69386,2,2,0,3,MARECHAL FOCH (AV),45.77247,4.8431,5,7,2
202100048217,115Â 566,A01,1,1,1,5,1,0,-1,-1,0,-1,2021,23.0,1,2,3,2,1,1,1,,1,AUTOROUTE A15,0,,3,7,0,1,20,399,1,, -1,2,0,1,110,13,3,1,95,95572,1,1,1,3,A15,49.02821,2.12834,7,2,2
202100000524,200Â 763,A01,1,1,1,5,1,8,-1,-1, -1,-1,2021,30.0,1,2,13,0,2,14,1,,4,KERLORET (ROUTE DE),0,,2,2,0,1,(1),(1),2,, -1,2,0,3,70,31,12,1,56,56162,2,1,1,6,KERLORET (ROUTE DE),47.72478,-3.43758,13,1,1
202100001011,199Â 958,A01,1,1,1,9,8,0,-1,-1, -1,-1,2021,31.0,1,1,0,0,0,21,1,,4,JEAN JAURES RUE,0,,2,2,0,1,1,0,1,, -1,2,0,1,50,27,12,1,49,49353,2,1,0,7,JEAN JAURES RUE,47.44547,-0.50342,13,2,2
202100055906,101Â 945,B01,1,1,1,1,2,6,-1,-1, -1,-1,2021,20.0,3,1,0,2,1,17,1,,4,,0,,2,2,0,1,0,0,1,, -1,1,0,1,50,7,1,5,64,64102,2,1,0,3,BERNARD (CHEMIN DE SAINT),43.50248,-1.48371,7,2,2
202100030502,147Â 247,B01,1,1,1,1,1,0,-1,-1, -1,-1,2021,37.0,1,2,0,2,1,0,1,,1,A507 sens Marseille - Aubagne,0,,1,3,0,1,7,670,1,, -1,1,0,1,70,6,7,1,13,13055,1,1,0,2,A507 sens Marseille - Aubagne,43.2860667101,5.4294900969,8,4,2
202100042947,124Â 903,A01,10,3,1,0,0,-1,-1,2,5,2,2021,5.0,2,2,0,1,1,1,1,,3,19,0,D,2,2,0,1,40,0,1,, -1,1,0,1,50,21,4,1,51,51388,2,1,0,7,Rue du MarÃ©chal Foch,49.1399099767,4.3591213971,17,2,1
202100022048,162Â 218,A01,10,3,1,0,0,-1,-1,2,3,1,2021,71.0,1,2,0,1,3,10,1,,4,DAVID MARTIN ( RUE ),0,,2,2,0,1,0,1,2,, -1,2,0,1,50,24,8,1,5,5061,2,1,1,6,DAVID MARTIN ( RUE ),44.558843,6.076733,14,2,1
202100017120,171Â 032,A01,10,3,1,2,8,8,-1,3,3,2,2021,5.0,2,2,0,1,2,1,1,,4,ROSNY (RUE DE),0,,2,2,0,2,1,0,1,, -1,1,0,1,50,24,9,1,93,93048,2,1,0,6,Rue de Rosny,48.86262,2.44811,18,2,1
202100011359,181Â 426,A01,1,1,1,5,1,-1,-1,-1,0,-1,2021,19.0,1,5,0,2,1,9,1,,3,PIERRE SEMARD (AVENUE),0,,2,2,0,1,6,650,1,, -1,1,0,1,50,23,10,5,95,95680,2,1,0,3,PIERRE SEMARD (AVENUE),49.0013099487,2.4073511404,7,3,2
202100004460,193Â 793,A01,1,1,1,0,2,-1,-1,0,0,-1,2021,26.0,1,1,2,0,8,1,0,,3,206,0,D,2,2,0,1,(1),(1),3,, -1,1,0,3,80,6,12,3,971,97112,1,1,0,7,Trois Ilets,15.922029,-61.33328,21,1,1
202100024445,157Â 983,B01,1,1,1,5,2,6,-1,0,0,-1,2021,55.0,1,1,0,2,1,1,1,,2,30,-1,,2,2,0,1,24,400,3,,6,1,0,1,50,12,8,1,202,202168,2,3,0,3,RT30,42.631346,8.950397,15,2,2
202100015481,174Â 031,B01,1,1,1,1,2,6,-1,-1, -1,-1,2021,25.0,2,1,0,2,5,15,1,,4,DUCHERE (DE LA)                     (BD),0,,2,2,3,2,(1),(1),3,, -1,1,0,1,50,1,10,1,69,69389,2,3,0,3,DUCHERE (DE LA) (BD),45.78252,4.79709,9,2,2
202100000985,199Â 992,B01,1,1,1,0,2,-1,-1,-1, -1,-1,2021,35.0,3,1,0,2,1,1,1,,4,SAINT YON. AVENUE DE,0,,2,2,0,1,0,0,1,, -1,2,0,1,50,29,12,5,76,76575,2,1,0,3,SAINT YON. AVENUE DE,49.397223,1.102774,18,2,2
202100004475,193Â 770,A01,2,2,1,1,1,-1,-1,-1, -1,-1,2021,26.0,2,5,0,2,1,2,1,,2,ROUTE NATIONALE 89,0,,3,4,0,1,48,973,1,, -1,1,0,1,110,6,12,1,33,33013,1,1,0,2,Route Nationale 89,44.86716,-0.49045,11,3,2
202100004010,194Â 574,A01,1,1,1,0,1,8,-1,-1, -1,-1,2021,52.0,1,2,0,2,1,13,1,,4,JEAN MENTELIN (RUE),0,,2,2,0,1,0,0,1,, -1,1,0,1,50,4,12,1,67,67482,2,1,0,1,JEAN MENTELIN (RUE),48.57565,7.70451,15,2,2
202100023833,159Â 026,B01,1,1,1,5,1,-1,-1,-1,0,-1,2021,31.0,1,2,4,2,3,1,1,,2,RN 184,0,,1,4,0,1,5,400,2,, -1,1,0,1,90,17,8,3,95,95572,1,1,0,3,RN 184,49.04835,2.134,5,2,2
202100000180,201Â 420,A01,1,1,2,1,2,-1,-1,-1, -1,-1,2021,53.0,2,1,0,2,4,1,5,,4,,-1,,2,-1,0,1,(1),(1),1,, -1,1,0,1,50,21,10,2,33,33069,2,1,0,2,Rue Ferdinand Buisson,44.86273,-0.58462,8,2,2
202100010237,183Â 415,B01,1,1,1,4,1,-1,-1,0,0,-1,2021,25.0,1,5,8,2,1,13,1,,3,145,-1,D,2,2,0,1,27,100,1,, -1,2,0,1,70,30,10,1,59,59197,1,1,1,1,D145,50.547908,3.145072,13,2,2
202100028801,150Â 238,A01,1,1,2,5,1,0,-1,-1, -1,-1,2021,46.0,1,2,0,2,8,1,1,,4,ARGENTIERS (RUE DES),0,,2,2,0,1,0,0,1,, -1,2,0,1,50,14,7,1,87,87085,2,2,0,3,FOUCAUD (AVENUE),45.82957,1.25144,10,2,2
202100029121,149Â 698,A01,1,1,1,5,8,0,-1,-1, -1,-1,2021,18.0,1,1,0,2,1,0,1,,4,CLEMENCEAU BOULEVARD,0,,2,2,0,1,1,0,2,, -1,1,0,1,50,13,7,2,49,49007,2,1,0,3,CLEMENCEAU BOULEVARD,47.475701,-0.566855,22,2,2
202100043906,123Â 189,A01,1,1,2,5,2,0,-1,0,0,-1,2021,28.0,2,1,0,2,3,13,3,,4,BOULEVARD BRUNE,0,,3,3,0,1,(1),(1),1,, -1,1,0,1,50,15,4,1,75,75114,2,1,0,3,BOULEVARD BRUNE,48.826646,2.310423,15,3,2
202100046485,118Â 694,A01,10,3,2,0,0,-1,-1,9,9,1,2021,80.0,3,2,0,1,4,26,1,,6,VAUHALLAN (ROUTE),0,,-1,0,0,1,0,0,1,, -1,1,9,8,5,18,1,1,91,91312,2,1,0,7,VAUHALLAN (ROUTE),48.73748,2.2256,14,2,1
202100025992,155Â 218,B01,1,1,1,9,2,6,-1,0,0,-1,2021,53.0,3,1,0,2,7,1,1,,4,14 JUILLET 1789 ( Avenue du),0,,2,2,0,1,(1),(1),1,, -1,1,0,1,50,31,7,1,26,26198,2,1,0,3,Avenue du 14 Juillet 1789,44.554382,4.74369,16,2,2
202100000234,201Â 309,A01,3,2,2,5,1,0,-1,0,0,-1,2021,45.0,2,2,6,0,1,1,1,,4,BELLET (RTE DE),0,,2,2,0,1,(1),(1),2,, -1,1,0,1,50,2,8,5,6,6088,2,1,0,6,BELLET (RTE DE),43.73297,7.216453,0,4,1
202100043237,124Â 373,A01,1,1,1,4,1,-1,-1,0,0,-1,2021,29.0,1,5,0,2,1,13,1,,3,930,0,D,2,2,0,1,4,982,1,, -1,1,0,1,80,20,4,1,82,82079,1,3,0,3,D930,43.93859,1.357584,9,2,2
202100036908,135Â 728,B01,1,1,2,5,1,5,-1,0,0,-1,2021,28.0,1,2,0,2,3,15,1,,4,1,0,A,2,2,0,3,(1),(1),3,, -1,1,0,1,50,3,6,1,7,7064,2,3,0,1,Route d'Aric Industrie,44.910701,4.435258,12,2,2
202100018217,169Â 041,B01,1,1,1,5,2,-1,-1,0,0,-1,2021,16.0,1,1,0,2,1,1,1,,3,928,0,,2,2,0,1,27,0,2,, -1,1,5,1,70,18,9,3,62,62726,1,1,0,1,RD 928,50.48429,2.125275,21,2,2
202100021301,163Â 579,A01,1,1,2,1,2,0,-1,0,0,-1,2021,53.0,3,0,0,0,0,1,3,,4,BOULEVARD BOURDON,0,,2,4,1,1,(1),(1),1,, -1,1,0,5,30,2,9,1,75,75104,2,3,0,7,BOULEVARD BOURDON,48.851652,2.36766,10,1,1
202100025341,156Â 359,A01,2,2,2,9,1,0,-1,-1, -1,-1,2021,39.0,3,5,0,2,2,12,1,,3,MONNET(RUE JEAN),0,,3,4,0,1,0,0,1,, -1,1,3,1,50,6,8,1,94,94011,2,9,0,2,MONNET(RUE JEAN),48.7581,2.48197,15,3,2
202100042761,125Â 212,A01,2,2,2,5,2,7,9,0,0,-1,2021,18.0,1,1,15,0,3,17,1,,3,D991,0,,2,2,0,1,27,700,2,, -1,1,0,1,50,25,4,1,73,73059,2,1,1,6,D991 Bd Gaston Mollex,45.72849,5.881909,16,2,1
202100016286,172Â 522,A01,1,1,1,1,0,-1,-1,0,0,-1,2021,62.0,0,4,16,0,2,1,0,,3,108,0,D,2,2,0,1,16,350,3,, -1,1,0,3,80,29,9,1,49,49080,1,1,0,7,D108,47.698816,-0.459366,12,1,1
202100023152,160Â 235,A01,1,1,1,5,1,0,-1,-1, -1,-1,2021,19.0,1,2,11,0,1,1,1,,3,RAVERA (AVENUE HENRI) NÂ° 111 A 217 ET 10,0,,2,2,1,1,0,0,1,, -1,1,9,1,50,20,8,5,92,92007,2,1,0,6,RAVERA (AVENUE HENRI) NÂ° 111 A 217 ET 10,48.8038129743,2.3123458028,2,1,1
202100012478,179Â 403,B01,1,1,1,9,1,0,-1,0,0,-1,2021,44.0,2,5,0,2,1,23,1,,4,RUE DU MAROC,0,,2,2,0,1,(1),(1),1,, -1,1,0,1,30,18,10,1,75,75119,2,3,0,2,RUE DU MAROC,48.885806,2.370665,16,4,2
202100000349,201Â 090,B01,1,1,2,1,8,0,-1,0,0,-1,2021,28.0,2,1,0,2,1,1,5,,4,BOULEVARD MALESHERBES,0,,3,6,1,2,(1),(1),1,, -1,1,-1,5,50,27,10,1,75,75108,2,3,0,3,BOULEVARD MALESHERBES,48.880491,2.312992,11,2,2
202100042986,124Â 835,A01,1,1,1,5,0,-1,-1,0,0,-1,2021,15.0,2,1,0,0,0,1,5,,4,1,-1,,2,2,0,2,0,0,3,, -1,1,0,1,50,24,4,1,64,64230,2,1,0,7,Chemin de Berdoulou,43.209068,-0.395424,15,1,1
202100033782,141Â 383,B01,1,1,1,0,2,-1,-1,-1, -1,-1,2021,19.0,1,1,0,2,7,1,1,,7,ROUTE DE STRASBOURG                 (RO),0,,2,2,0,1,5,400,1,, -1,1,0,1,50,17,6,1,69,69286,2,3,0,3,STRASBOURG (DE) (RTE),45.8212300117,4.8986118062,9,2,2
202100049271,113Â 688,B01,1,1,1,1,2,0,-1,0,0,-1,2021,31.0,1,1,0,2,1,17,1,,4,RUE DE BELLEVILLE,0,,3,0,3,2,(1),(1),1,, -1,1,0,1,50,4,3,3,75,75119,2,3,0,2,RUE DE BELLEVILLE,48.872422,2.378101,21,2,2
202100040112,129Â 899,A01,1,1,1,1,1,-1,-1,0,0,-1,2021,30.0,2,2,0,2,2,2,1,,1,35,0,A,3,4,0,1,81,0,1,, -1,1,0,1,130,14,5,3,68,68234,1,1,0,2,A35,47.950069,7.365217,0,2,2
202100012649,179Â 103,A01,10,3,2,0,8,8,-1,3,3,1,2021,41.0,2,2,0,1,1,9,0,,7,BOUDERIEZ MARCEL RUE,0,,2,2,0,1,(1),(1),1,, -1,1,0,1,50,29,8,2,59,59009,2,1,0,6,BOUDERIEZ MARCEL RUE,50.6175515104,3.1473724544,21,2,1
202100030738,146Â 817,A01,1,1,2,9,1,-1,-1,-1, -1,-1,2021,28.0,2,2,0,2,1,2,1,,4,DUQUESNE                            (R ),0,,1,1,3,1,(1),(1),1,, -1,1,0,6,50,3,7,1,69,69386,2,1,0,2,DUQUESNE (R),45.7726462367,4.8440292478,18,2,2
202100055410,102Â 803,B01,3,2,2,5,1,-1,-1,0,0,-1,2021,8.0,0,2,0,2,3,23,1,,3,149E,-1,,2,2,0,1,1,0,3,, -1,2,0,1,50,12,1,1,69,69291,2,2,1,1,CHAMPS DE MARS (DU) (AV),45.633336,4.859642,16,3,2
202100051441,109Â 749,A01,1,1,1,5,2,6,-1,-1, -1,-1,2021,67.0,3,1,0,2,7,12,1,,4,VIALENC (CARREFOUR DU),0,,1,2,0,1,1,331,2,, -1,1,0,1,50,13,2,1,15,15014,2,9,0,2,Giratoire du Vialenc,44.922726,2.42763,14,2,2
202100000335,201Â 123,A01,10,3,1,9,0,0,0,1,9,1,2021,33.0,3,1,0,1,1,1,0,,4,117,-1,,2,2,0,1,(1),(1),1,, -1,1,0,1,50,25,10,1,74,74014,2,1,0,6,117 Route des Champs,46.041214,6.632031,16,2,1
202100022476,161Â 458,B01,1,1,1,9,0,0,-1,-1, -1,-1,2021,19.0,1,1,0,2,1,1,5,,3,VERDUN (AV DE),0,,1,8,1,1,1,0,1,, -1,1,5,5,50,26,8,5,94,94041,2,2,0,3,Rue Paul Andrieux,48.81298,2.37021,2,2,2
202100003112,196Â 203,B01,1,1,2,0,8,0,-1,-1, -1,-1,2021,56.0,2,1,0,2,7,1,5,,3,MOCHE (RUE ALCIDE),0,,1,1,0,1,0,361,2,, -1,2,0,1,50,10,12,5,59,59569,2,6,0,3,MOCHE (RUE ALCIDE),50.36573,3.11761,7,2,2
202100012567,179Â 251,A01,1,1,2,1,1,-1,-1,0,0,-1,2021,25.0,2,2,0,2,1,13,1,,7,6,-1,,2,2,0,1,28,700,3,, -1,1,0,1,70,18,10,1,13,13072,1,1,0,1,Chemin Departemental 6,43.460684,5.623509,8,3,2
202100000002,201Â 763,B01,1,1,1,0,1,-1,-1,0,0,-1,2021,28.0,0,2,0,2,1,9,0,,3,20,0,E,2,2,0,1,0,10,1,, -1,1,0,1,80,25,9,1,51,51544,1,3,0,3,Aire de repos croisement D20E9 aprÃ¨s sortie D977,49.242129,4.554546,14,2,2
202100021255,163Â 666,B01,1,1,1,9,8,0,-1,-1, -1,-1,2021,30.0,1,1,0,2,1,1,1,,4,SAUMUROISE IMPASSE ET RUE,0,,2,2,0,1,1,0,1,, -1,1,0,1,30,2,9,1,49,49007,2,1,0,3,SAUMUROISE IMPASSE ET RUE,47.45952,-0.53644,11,2,2
202100033181,142Â 454,B01,1,1,1,0,8,0,-1,-1, -1,-1,2021,27.0,1,1,0,0,0,0,0,,4,,0,,2,2,0,2,0,100,1,, -1,1,0,1,30,20,6,5,91,91421,2,1,0,3,GUE (RUE DU),48.71376,2.45024,23,2,2
202100027445,152Â 668,A01,1,1,1,0,1,-1,-1,0,0,-1,2021,71.0,1,2,0,2,3,1,1,,3,704,-1,,2,2,0,1,(1),(1),1,, -1,1,0,1,50,22,7,1,24,24291,2,1,0,1,avenue du Chambon,45.073862,1.171203,8,2,2
202100004991,192Â 868,A01,1,1,1,1,2,6,-1,0,0,-1,2021,17.0,1,1,0,2,1,17,1,,4,,-1,,2,2,0,1,(1),(1),1,,4,1,0,1,50,3,12,1,69,69072,2,1,0,5,PEUPLIERS (DES) (CHM),45.814068,4.758427,15,3,3
202100003464,195Â 559,A01,1,1,1,5,2,6,-1,0,0,-1,2021,36.0,0,1,0,0,8,1,1,,4,1,0,,2,2,0,2,(1),(1),2,, -1,2,0,1,50,12,12,5,12,12101,2,1,0,7,Route de la Planque,44.604986,2.245803,17,1,1
202100046198,119Â 192,A01,1,1,1,5,2,-1,-1,0,0,-1,2021,28.0,2,6,8,0,2,26,1,,3,942,-1,,2,2,0,2,(1),(1),1,, -1,1,0,4,50,29,3,1,59,59053,2,1,0,7,Rue du Quesnoy,50.297475,3.778396,19,1,1
202100001877,198Â 437,B01,1,1,1,1,1,0,-1,0,0,-1,2021,35.0,1,2,0,2,4,2,1,,7,VOIE DE LA LIBERTE,0,,3,4,0,1,32,1314,1,, -1,1,0,1,70,21,12,1,35,35055,1,1,0,2,VOIE DE LA LIBERTE,48.07934,-1.63393,11,2,2
202100037204,135Â 180,B01,1,1,1,1,2,6,-1,-1, -1,-1,2021,31.0,1,1,0,2,1,1,1,,4,ACACIAS (RUE DES) NÂ°18 A 58 ET 5 A 51,0,,2,2,0,1,(1),(1),3,, -1,1,0,1,50,31,5,1,71,71153,2,2,0,3,ACACIAS (RUE DES) NÂ°18 A 58 ET 5 A 51,46.7926375287,4.4309653072,13,2,2
202100034840,139Â 433,B01,1,1,1,5,2,-1,-1,0,0,-1,2021,16.0,3,1,0,2,1,1,1,,4,,-1,,2,1,0,1,(1),(1),1,,"3,5",1,9,1,50,11,6,1,68,68042,2,6,0,3,Rue du Rhin,47.602318,7.506913,18,2,2
202100045805,119Â 879,A01,10,3,1,1,0,-1,-1,2,3,1,2021,26.0,3,2,0,1,2,1,0,,3,RHIN ET DANUBE(RUE DU),0,,3,4,0,1,0,0,1,, -1,1,0,1,50,30,3,1,94,94011,2,1,0,3,RHIN ET DANUBE(RUE DU),48.77179,2.49019,16,2,1
202100038897,132Â 103,B01,1,1,1,0,1,8,-1,-1, -1,-1,2021,31.0,1,2,0,2,1,1,1,,2,RN 112 (ROCADE SUD),0,,2,2,0,1,37,0,1,, -1,1,0,1,90,21,5,1,81,81065,1,1,0,5,RN 112 (ROCADE SUD),43.5687946,2.2637221,13,3,3
202100000711,200Â 444,A01,1,1,1,5,1,-1,-1,0,0,-1,2021,79.0,1,2,14,0,1,0,1,,3,105,0,D,2,2,0,1,22,100,2,, -1,1,4,8,80,31,12,3,17,17218,1,8,0,6,D105,46.303504,-1.01528,18,1,1
202100014812,175Â 227,B01,1,1,1,0,0,-1,-1,0,0,-1,2021,16.0,1,1,0,2,1,2,5,,4,RETHEL (BOULEVARD DE),0,,2,2,1,1,1,0,1,, -1,2,0,5,50,5,10,1,14,14118,2,1,1,3,RETHEL (BOULEVARD DE),49.17064,-0.333,13,2,2
202100052012,108Â 737,A01,10,3,1,5,0,-1,-1,3,3,1,2021,73.0,0,2,0,1,7,16,6,,4,DELAMARRE (BD),0,,2,2,0,1,0,0,1,, -1,1,0,1,50,6,2,1,40,40192,2,3,0,3,DELAMARRE (BD),43.8899,-0.49687,10,2,1
202100035809,137Â 699,A01,2,2,1,5,2,6,-1,0,0,-1,2021,36.0,2,1,0,0,8,15,1,,4,,0,,2,2,0,1,(1),(1),1,,5,1,0,1,50,9,6,1,32,32119,2,3,0,7,Cite Belle Marie,43.85844,0.102825,15,2,1
202100049890,112Â 562,A01,10,3,2,3,0,-1,-1,3,3,1,2021,87.0,1,5,0,1,2,1,1,,4,LE GORGEU (SANS NÂ° ENTRE RUE KERGOAT ET,0,,-1,4,0,1,(1),(1),1,, -1,1,5,1,30,27,2,2,29,29019,2,6,0,6,Avenue Victor le Gorgeu,48.40173,-4.5021,8,2,1
202100007718,187Â 963,B01,1,1,1,1,2,-1,-1,0,0,-1,2021,30.0,1,1,0,2,2,1,1,,3,RT210,-1,,2,2,0,4,(1),(1),2,, -1,1,0,1,50,18,11,1,977,97701,1,4,1,3,L'OEUF,17.907784,-62.84699,12,2,2
202100024812,157Â 304,A01,1,1,1,5,0,-1,-1,0,0,-1,2021,38.0,3,5,13,0,8,13,1,,4,11,-1,,2,2,0,1,(1),(1),3,, -1,1,0,3,70,10,8,3,988,98822,1,1,0,6,NapoÃ©mien (Tribu),-20.944988,165.330999,18,1,1
202100018979,167Â 710,B01,1,1,2,0,8,0,-1,-1, -1,-1,2021,31.0,1,1,0,2,0,0,5,,3,RD 117,0,,1,3,1,1,39,385,2,, -1,1,0,5,50,14,9,1,9,9122,2,9,0,3,RD 117,42.960051,1.615854,17,2,2
202100054189,104Â 887,A01,10,3,2,5,0,-1,-1,2,3,1,2021,22.0,1,2,0,1,1,1,1,,4,LABUSSIERE (AVENUE EMILE),0,,2,2,0,2,(1),(1),1,, -1,1,0,1,50,19,1,1,87,87085,2,1,0,6,LABUSSIERE (AVENUE EMILE),45.84447,1.24849,16,2,1
202100037023,135Â 525,B01,1,1,2,2,1,8,-1,-1, -1,-1,2021,38.0,3,2,0,2,3,13,1,,4,Henri de Bournazel (Av),0,,2,2,0,2,(1),(1),1,, -1,1,0,1,30,31,5,1,19,19272,2,1,0,1,Henri de Bournazel (Av),45.2632885315,1.7633056641,16,2,2
202100027059,153Â 350,A01,5,2,1,5,8,0,-1,-1, -1,-1,2021,24.0,1,2,0,0,2,21,1,,3,D 210,0,,2,2,0,1,13,0,1,, -1,2,0,3,80,25,7,3,77,77494,1,1,1,7,D 210,48.41871,2.85906,3,2,1
202100019367,167Â 011,A01,10,3,2,5,0,-1,-1,2,3,1,2021,61.0,2,1,0,1,1,1,5,,4,RUE RAFFET,0,,1,1,0,4,(1),(1),1,, -1,1,0,1,30,11,9,1,75,75116,2,1,0,6,RUE RAFFET,48.851941,2.264545,12,2,1
202100021108,163Â 927,B01,1,1,1,5,2,6,-1,-1, -1,-1,2021,45.0,3,1,1,2,1,5,0,,4,MESLY.(RUE DE),0,,2,2,0,1,0,0,1,, -1,1,0,1,50,3,9,1,94,94028,2,1,0,1,MESLY.(RUE DE),48.78902,2.46148,14,2,2
202100049334,113Â 578,A01,10,3,2,5,0,-1,-1,2,3,1,2021,77.0,2,2,0,1,3,15,1,,4,,-1,,2,2,0,1,(1),(1),1,, -1,1,0,1,30,4,3,1,50,50099,2,1,0,6,1 Rue SÃ©bline,49.30425,-1.2457,16,2,1
202100027241,153Â 025,A01,1,1,2,5,8,0,-1,-1, -1,-1,2021,40.0,1,1,2,0,1,14,5,,3,7,0,,2,2,1,1,0,0,1,, -1,1,0,5,50,20,7,5,92,92048,2,1,0,6,VAUGIRARD (ROUTE DE),48.82052,2.23773,2,1,1