Num_Acc,id_vehicule,num_veh,place,catu,sexe,trajet,secu1,secu2,secu3,locp,actp,etatp,year_acc,victim_age,senc,catv,obs,obsm,choc,manv,motor,occutc,catr,voie,v1,v2,circ,nbv,vosp,prof,pr,pr1,plan,lartpc,larrout,surf,infra,situ,vma,jour,mois,lum,dep,com,agg_,int,atm,col,adr,lat,long,hour,nb_victim,nb_vehicules
202100026725,153Â 947,B01,1,1,1,0,2,6,-1,0,0,-1,2021,56.0,1,1,0,2,1,1,1,,3,836,-1,,2,2,0,1,78,606,1,, -1,1,0,1,80,28,7,1,64,64083,1,2,0,3,RD 936,43.390596,-0.958211,12,2,2
202100056345,101Â 182,A01,1,1,1,4,2,6,-1,0,0,-1,2021,35.0,2,1,0,0,0,1,1,,4,RUE CARDINET,0,,-1,2,0,1,(1),(1),1,, -1,7,2,1,30,2,1,1,75,75117,2,1,0,7,RUE CARDINET,48.887511,2.314365,11,1,1
202100007530,188Â 290,B01,3,2,2,4,1,-1,-1,0,0,-1,2021,53.0,0,2,0,2,4,23,1,,3,155,-1,,2,2,0,1,31,80,1,, -1,1,0,1,50,16,11,2,27,27299,2,1,0,4,118 avenue aristide briand,49.047879,1.163129,7,4,3
202100037677,134Â 309,A01,1,1,1,5,2,9,-1,0,0,-1,2021,36.0,3,1,0,0,3,0,1,,4,,-1,,2,1,0,2,(1),(1),1,, -1,1,0,3,80,28,5,1,7,7278,1,1,0,7,Route du Moulinon,44.828559,4.600782,17,1,1
202100026977,153Â 491,A01,7,2,2,5,0,-1,-1,0,0,-1,2021,16.0,3,2,15,0,1,0,1,,4,,-1,,2,2,0,1,(1),(1),1,,4,1,0,4,30,26,7,5,74,74010,2,1,0,6,7 R Emile Tyrode,45.915124,6.093324,1,5,1
202100026879,153Â 671,B01,1,1,1,1,2,-1,-1,0,0,-1,2021,21.0,2,1,0,2,1,2,1,,3,16,-1,,2,2,0,2,1,900,1,, -1,1,0,1,80,27,7,1,972,97210,1,1,0,3,D16/Gabourin 2,14.593172,-60.920734,17,2,2
202100054563,104Â 245,B01,1,1,2,1,1,8,-1,-1, -1,-1,2021,48.0,1,2,0,2,3,1,1,,4,MOISSAN (HENRI),0,,2,2,0,1,(1),(1),1,, -1,1,0,1,50,18,1,1,81,81004,2,1,0,3,MOISSAN (HENRI),43.92455,2.1899,13,2,2
202100003760,195Â 036,A01,10,3,2,5,0,-1,-1,1,9,1,2021,2.0,3,2,0,1,3,1,1,,4,,-1,,2,2,0,1,(1),(1),1,,4,1,0,1,50,11,12,1,974,97404,2,1,0,6,Rue Motais de Narbonne,-21.26706,55.33357,12,2,1
202100004352,193Â 978,A01,10,3,1,5,0,-1,-1,3,3,2,2021,70.0,1,2,0,1,1,1,1,,3,10,0,,2,2,0,1,20,465,1,,"5,5",1,0,1,50,6,12,1,68,68338,2,3,0,6,Route des Trois Epis,48.085815,7.270385,9,2,1
202100011112,181Â 868,A01,10,3,1,9,0,-1,-1,5,1,2,2021,2.0,1,1,0,1,2,25,1,,4,RUE AUGUSTIN THIERRY,0,,1,1,0,2,(1),(1),1,, -1,1,0,4,30,25,10,2,75,75119,2,2,0,6,RUE AUGUSTIN THIERRY,48.876364,2.393129,18,2,1
202100051420,109Â 778,B01,1,1,1,0,2,8,-1,-1, -1,-1,2021,66.0,1,1,0,2,1,1,1,,4,BOURRAT BOULEVARD JEAN,0,,2,2,0,1,(1),(1),1,, -1,1,0,1,50,12,2,5,66,66136,2,9,0,3,BOURRAT BOULEVARD JEAN,42.70167,2.90001,21,2,2
202100000520,200Â 769,B01,1,1,1,5,8,0,-1,-1, -1,-1,2021,16.0,1,1,0,0,2,2,5,,3,FRACHON ( ave Benoit),0,,4,3,0,2,0,0,1,, -1,1,0,1,50,31,12,1,87,87085,2,1,0,7,FRACHON ( ave Benoit),45.85614,1.29184,16,2,2
202100037109,135Â 370,B01,1,1,1,5,0,-1,-1,0,0,-1,2021,46.0,3,5,1,2,3,5,1,,4,,-1,,2,2,0,1,(1),(1),1,, -1,1,0,1,50,16,5,1,67,67324,2,1,0,4,19 Rue de la VallÃ©e,48.958559,7.646533,16,3,2
202100032859,143Â 034,A01,2,2,2,5,1,0,-1,-1, -1,-1,2021,38.0,3,2,0,2,1,2,1,,4,BAB (BOULEVARD DU),0,,2,4,0,1,0,0,1,, -1,2,0,1,50,22,6,1,64,64024,2,1,1,4,BAB (BOULEVARD DU),43.49374,-1.52336,11,5,3
202100010898,182Â 247,A01,1,1,2,5,1,-1,-1,-1, -1,-1,2021,90.0,1,2,6,0,1,5,1,,3,COUTANCES (ROUTE DE),0,,3,2,0,1,1,809,1,, -1,1,5,1,30,26,10,1,50,50165,2,6,0,6,COUTANCES (ROUTE DE),48.84529,-1.5836,15,1,1
202100035979,137Â 372,A01,1,1,1,5,1,-1,-1,0,0,-1,2021,44.0,1,2,0,2,1,13,1,,7,2210,0,M,3,2,0,2,3,600,3,, -1,1,0,1,80,6,6,1,6,6064,1,1,0,1,M2210,43.761951,7.175564,14,5,2
202100051879,108Â 967,A01,10,3,2,5,0,-1,-1,2,3,1,2021,85.0,2,1,0,1,1,5,1,,4,JEROME DULAAR                       (R ),0,,1,1,2,1,(1),(1),1,, -1,1,0,1,50,10,2,1,69,69384,2,1,0,6,JEROME DULAAR (R),45.7770526927,4.8242824634,10,2,1
202100015926,173Â 197,B01,2,2,1,9,1,8,-1,-1, -1,-1,2021,70.0,2,2,0,2,2,1,1,,4,DAMES (BOULEVARD DES),0,,2,4,0,2,0,0,1,, -1,1,0,1,50,30,9,1,13,13202,2,1,0,3,DAMES (BOULEVARD DES),43.30262,5.36997,12,4,2
202100036351,136Â 721,B01,1,1,1,1,1,0,-1,-1, -1,-1,2021,29.0,1,2,0,2,4,2,1,,1,A7-Sens Lyon vers Marseille,0,,3,6,0,1,277,299,1,, -1,1,0,1,90,4,6,1,13,13215,1,1,0,4,A7-Sens Lyon vers Marseille,43.34753,5.37147,13,4,3
202100012737,178Â 951,B01,1,1,1,5,0,-1,-1,0,0,-1,2021,38.0,3,1,0,2,1,13,5,,4,,-1,,2,2,0,2,(1),(1),3,,4,1,0,1,50,16,10,1,85,85090,1,4,0,5,RUE DES TUMULUS,46.857711,-0.822258,16,3,3
202100038933,132Â 036,B01,1,1,1,5,1,-1,-1,0,0,-1,2021,71.0,1,2,0,2,3,9,1,,3,AGUSTE-DECAENS (RUE),0,,1,2,0,1,0,0,1,, -1,1,0,1,50,20,5,1,14,14220,2,9,0,3,D677,49.35264,0.09033,16,2,2
202100038578,132Â 687,A01,1,1,1,1,1,-1,-1,0,0,-1,2021,55.0,1,2,0,2,2,1,1,,7,1532,0,D,1,2,0,1,55,500,1,, -1,1,0,1,50,25,5,1,38,38485,2,1,0,2,Boulevard de l'Europe,45.18016,5.69611,13,2,2
202100042993,124Â 822,A01,1,1,1,1,2,6,-1,-1,0,-1,2021,29.0,1,1,0,2,1,1,1,,1,AUTOROUTE A15,0,,3,9,0,1,8,0,1,, -1,1,0,1,110,23,4,1,95,95582,1,1,0,6,A15,48.9640412225,2.263425232,18,1,1
202100000163,201Â 453,A01,10,3,2,5,0,-1,-1,3,3,1,2021,96.0,1,2,0,1,0,1,0,,4,PLACE DE L'EGLISE,0,,2,-1,0,1,0,100,1,, -1,1,9,8,50,30,12,1,84,84007,2,9,0,6,PLACE DE L'EGLISE,43.935684,4.871285,16,2,1
202100048646,114Â 801,A01,10,3,2,2,8,8,-1,4,3,3,2021,23.0,3,2,0,1,1,1,1,,4,LATTRE DE TASSIGNY (AVENUE MARECHAL DE),0,,1,3,0,1,0,0,1,, -1,1,0,1,50,8,3,1,974,97411,2,1,0,6,LATTRE DE TASSIGNY (AVENUE MARECHAL DE),-20.88755,55.47249,14,2,1
202100035057,139Â 031,B01,1,1,2,9,8,0,-1,0,0,-1,2021,29.0,2,1,0,2,1,1,5,,4,RUE DE L OURCQ,0,,1,2,3,1,(1),(1),1,, -1,1,0,6,50,11,6,1,75,75119,2,4,0,1,RUE DE L OURCQ,48.893555,2.376022,9,2,2
202100018857,167Â 942,A01,1,1,1,5,2,9,-1,0,0,-1,2021,21.0,2,1,8,0,1,1,1,,3,39,0,,2,2,0,1,41,900,3,, -1,1,0,3,50,15,9,1,85,85220,2,1,0,7,Les Roches Baritaud,46.731119,-1.065875,18,1,1
202100005616,191Â 758,B01,1,1,2,1,1,-1,-1,-1, -1,-1,2021,30.0,2,2,0,2,4,2,1,,1,A42     0.560 A 4.020,0,,4,6,0,1,3,900,2,, -1,1,0,1,70,30,11,3,69,69256,1,1,0,4,A42     0.560 A 4.020,45.80346,4.92634,18,4,4
202100037745,134Â 200,B01,1,1,1,5,2,8,-1,-1,0,-1,2021,37.0,3,1,0,2,3,1,1,,4,RODIN (ALLEE AUGUSTE),0,,2,2,0,1,(1),(1),1,, -1,1,0,1,50,29,5,5,95,95585,2,9,0,3,RODIN (ALLEE AUGUSTE),48.97791,2.38531,23,2,2
202100052251,108Â 307,A01,1,1,1,5,1,0,-1,-1,0,-1,2021,58.0,1,2,3,0,1,14,1,,1,AUTOROUTE A15,0,,3,12,0,3,7,400,1,, -1,2,0,1,110,6,2,3,95,95018,1,1,1,6,AUTOROUTE A15,48.9607191984,2.2703658172,18,1,1
202100024783,157Â 352,B01,1,1,2,9,8,0,-1,-1, -1,-1,2021,27.0,2,1,0,2,8,19,3,,3,131,0,,1,2,0,1,0,0,1,, -1,1,0,1,50,10,8,1,92,92050,2,1,0,3,JOLIOT CURIE F. ET IRENE AVENUE  NÂ°PAIRS,48.89225,2.20935,17,4,2
202100008473,186Â 593,A01,2,2,2,0,1,5,-1,-1, -1,-1,2021,18.0,2,2,11,2,3,15,1,,4,STRASBOURG (BOULEVARD DE),0,,2,2,2,2,(1),(1),1,, -1,1,0,1,50,11,11,5,35,35238,2,3,0,3,STRASBOURG (BOULEVARD DE),48.1117,-1.6561,22,3,2
202100010050,183Â 732,A01,10,3,2,5,0,-1,-1,4,3,3,2021,7.0,3,2,9,1,1,16,1,,3,GARE (PLACE DE LA),0,,2,4,3,1,0,1,3,, -1,2,5,1,50,31,10,5,93,93073,2,6,1,6,GARE (PLACE DE LA),48.94552,2.5667,20,2,1
202100024430,158Â 013,B01,1,1,2,5,1,-1,-1,0,0,-1,2021,44.0,2,2,0,2,3,1,1,,3,102,-1,,2,2,0,2,29,900,1,, -1,1,0,1,50,14,8,1,42,42279,2,1,0,3,Av Mellet Mandard,45.505493,4.262247,9,2,2
202100005757,191Â 506,A01,1,1,1,0,1,0,-1,-1, -1,-1,2021,39.0,1,2,0,2,1,14,1,,7,AV DES ETATS UNIS,0,,2,5,0,1,0,3022,1,, -1,1,0,1,50,28,11,1,31,31555,2,1,0,3,AV DES ETATS UNIS,43.64549,1.42684,9,2,2
202100030051,148Â 067,A01,1,1,1,0,2,6,-1,-1, -1,-1,2021,34.0,1,1,0,2,2,1,1,,4,110,0,,2,2,2,1,0,0,1,, -1,1,0,1,50,8,7,1,92,92024,2,2,0,3,GENERAL LECLERC (BD DU) (9 A 59)   (4 A,48.90133,2.31526,9,2,2
202100010032,183Â 765,A01,3,2,2,9,1,4,-1,-1, -1,-1,2021,21.0,3,2,0,2,1,1,1,,4,JULES GUESDE (RUE),0,,2,2,0,1,(1),(1),2,, -1,2,0,1,50,31,10,5,10,10387,2,2,1,3,JULES GUESDE (RUE),48.29487,4.08184,17,5,2
202100027519,152Â 535,A01,1,1,2,0,8,0,-1,-1, -1,-1,2021,73.0,1,1,0,2,2,19,5,,4,FRANCS BOURGEOIS (RUE DES),0,,4,2,0,1,0,0,1,, -1,1,4,1,30,15,7,1,67,67482,2,8,0,3,FRANCS BOURGEOIS (RUE DES),48.582896,7.745424,11,2,2
202100050260,111Â 880,A01,1,1,1,5,8,-1,-1,0,0,-1,2021,19.0,2,2,13,0,0,1,1,,3,443,-1,,2,2,0,1,78,0,1,, -1,1,0,1,80,26,2,3,10,10063,1,1,0,7,D443,48.367484,4.532096,4,1,1
202100053433,106Â 205,A01,10,3,1,5,0,-1,-1,2,3,1,2021,15.0,1,2,0,1,3,1,1,,4,HOCHE (RUE),0,,1,1,0,1,0,0,1,, -1,1,0,1,50,26,1,5,87,87085,2,3,0,6,HOCHE (RUE),45.84056,1.25995,8,2,1
202100008952,185Â 715,B01,1,1,2,5,1,-1,-1,-1, -1,-1,2021,20.0,2,2,0,2,4,1,1,,7,RN 12 (PEN AR CH'LEUZ A PONT DESFOSSES),0,,2,4,0,1,73,700,1,, -1,2,0,1,90,7,11,5,29,29019,1,1,1,4,D112 - Pen Ar Chleuz,48.416,-4.47925,18,5,3
202100047612,116Â 649,A01,10,3,2,0,0,-1,-1,0,0,-1,2021,38.0,0,2,0,1,1,16,1,,4,FRANCE (RUE ANATOLE),0,,-1,1,0,1,0,0,1,, -1,1,0,1,50,16,3,1,83,83137,2,1,0,6,FRANCE (RUE ANATOLE),43.122969,5.929538,14,2,1
202100054864,103Â 736,A01,1,1,2,5,1,0,-1,-1, -1,-1,2021,36.0,2,2,13,0,8,16,1,,3,RD 415,0,,1,1,0,2,1,900,3,, -1,5,3,1,50,7,1,3,88,88424,1,1,1,6,,48.2617032507,6.9635778666,17,2,1
202100022729,160Â 972,A01,10,3,1,3,8,8,-1,3,3,1,2021,65.0,1,2,0,1,0,15,0,,4,CARTIER (RUE JACQUES),0,,2,2,0,1,1,0,2,, -1,1,6,1,50,18,8,1,22,22113,2,3,0,6,CARTIER (RUE JACQUES),48.73109,-3.44669,13,2,1
202100036969,135Â 619,A01,10,3,1,0,0,-1,-1,2,8,3,2021,18.0,3,3,0,1,7,16,1,1.0,6,GARE,0,,-1,0,3,1,0,0,1,, -1,1,9,8,10,1,6,1,77,77284,2,1,0,7,GARE,48.95654,2.87381,15,2,1
202100032225,144Â 158,A01,1,1,1,4,1,0,-1,-1, -1,-1,2021,60.0,2,2,4,0,1,13,1,,1,6,0,,3,4,0,2,33,0,1,, -1,2,0,3,110,26,6,1,91,91179,1,1,1,6,AUTOROUTE A6,48.561144,2.483915,6,1,1
202100045990,119Â 552,B01,1,1,1,0,2,6,-1,-1, -1,-1,2021,58.0,1,1,0,2,1,1,1,,4,CONDORCET (R),0,,2,2,0,1,5,0,1,, -1,1,0,1,50,30,3,1,94,94019,2,1,0,3,Rue Condorcet,48.798329,2.542664,9,2,2
202100014124,176Â 441,B01,1,1,1,5,8,8,-1,-1, -1,-1,2021,10.0,1,1,0,2,1,19,5,,4,MANGUES (RUE DES - CITE MANGUIERS),0,,2,2,0,1,(1),(1),1,, -1,1,0,1,50,9,10,1,973,97302,2,2,0,3,MANGUES (RUE DES - CITE MANGUIERS),4.9342560347,-52.323471129,17,2,2
202100036191,137Â 005,B01,1,1,1,9,2,6,-1,-1, -1,-1,2021,30.0,2,1,3,2,3,17,1,,1,A50-Sens Aubagne vers Marseille,0,,3,2,0,3,14,800,2,, -1,1,0,1,90,5,6,1,13,13005,1,1,0,2,A50-Sens Aubagne vers Marseille,43.2858,5.56926,16,3,2
202100006938,189Â 366,A01,10,3,1,9,0,-1,-1,2,5,1,2021,27.0,1,1,0,1,1,1,1,,4,BOULEVARD DE LA CHAPELLE,0,,1,1,0,1,(1),(1),1,, -1,2,0,1,30,21,11,1,75,75118,2,3,1,6,BOULEVARD DE LA CHAPELLE,48.884181,2.35412,14,2,1
202100041392,127Â 619,A01,1,1,1,0,1,0,-1,-1, -1,-1,2021,79.0,2,2,0,2,1,1,1,,1,AUTOROUTE A6,0,,3,6,0,2,15,0,1,, -1,1,0,1,110,5,5,1,91,91345,1,1,0,2,AUTOROUTE A6,48.688432,2.324858,11,3,2
202100016171,172Â 735,A01,1,1,1,1,2,8,-1,-1, -1,-1,2021,22.0,3,1,0,2,1,17,1,,4,MONTJOYEUX (AVENUE),0,,2,2,0,1,(1),(1),2,, -1,1,5,1,50,28,9,1,37,37261,2,1,0,6,MONTJOYEUX (AVENUE),47.3605698107,0.7053723449,7,2,2
202100013589,177Â 428,A01,1,1,1,1,8,-1,-1,-1, -1,-1,2021,29.0,3,1,0,2,1,13,3,,4,GALLIENI                            (PT),0,,2,5,1,1,(1),(1),1,, -1,1,2,5,30,17,9,1,69,69382,2,1,0,1,GALLIENI (PT),45.7485973025,4.8312216997,18,2,2
202100008691,186Â 200,A01,4,2,1,5,1,0,-1,-1, -1,-1,2021,20.0,1,2,12,0,7,14,1,,2,MARSEILLE (Route de ),0,,3,4,0,1,54,100,2,, -1,1,5,3,70,7,11,5,84,84007,1,3,0,7,MARSEILLE (Route de ),43.92477,4.84907,5,3,1
202100036690,136Â 130,A01,1,1,1,2,1,-1,-1,0,0,-1,2021,19.0,1,2,2,0,8,2,1,,3,D142,-1,,2,2,0,1,27,627,1,, -1,1,0,3,80,3,6,4,76,76140,1,1,0,6,D142,49.78084,0.87213,23,1,1
202100026200,154Â 863,B01,1,1,2,9,1,-1,-1,0,0,-1,2021,63.0,1,2,0,2,1,1,1,,2,19,-1,,3,2,0,1,37,250,1,, -1,1,0,1,110,30,7,1,70,70428,1,1,0,5,RN 19,47.656781,6.111268,10,3,3
202100047225,117Â 349,A01,1,1,1,5,2,6,-1,-1, -1,-1,2021,22.0,2,1,0,2,3,2,1,,4,D.113,0,,2,2,0,1,(1),(1),1,, -1,1,0,1,80,20,3,1,33,33065,1,1,0,5,Voie rapide Bx-Latresne,44.80463,-0.51657,12,3,3
202100023192,160Â 162,A01,2,2,2,5,1,-1,-1,0,0,-1,2021,21.0,2,2,2,0,0,0,1,,1,A64,-1,,3,4,0,1,99,300,1,, -1,1,0,3,130,22,8,2,64,64335,1,1,0,6,A64 PK 99.300,43.344063,-0.39701,7,2,1
202100008556,186Â 442,A01,1,1,1,5,2,6,-1,0,0,-1,2021,33.0,2,1,0,0,7,1,1,,3,994,-1,,2,2,0,2,0,500,1,, -1,1,0,1,90,12,11,1,5,5126,1,1,0,7,Vallon de Pied Leger,44.376973,5.440502,16,1,1
202100001038,199Â 909,B01,1,1,1,5,1,8,-1,0,0,-1,2021,26.0,1,2,0,2,8,16,1,,4,ARISTIDE BRIAND (AVENUE),0,,2,2,0,1,499,0,1,, -1,1,0,1,50,28,12,1,14,14699,2,3,0,3,ARISTIDE BRIAND (AVENUE),49.346594,0.10082,14,2,2
202100027026,153Â 407,A01,1,1,1,5,2,-1,-1,0,0,-1,2021,17.0,3,1,0,2,1,1,1,,4,,-1,,2,2,0,2,(1),(1),1,, -1,1,2,1,50,24,7,1,1,1032,1,1,0,3,1637 Route de Chanes,45.8575634993,5.1388147698,11,2,2
202100020254,165Â 432,B01,1,1,2,3,1,0,-1,-1, -1,-1,2021,41.0,2,2,0,2,3,15,1,,4,MOLE (RUE DU),0,,2,2,0,1,0,1,1,, -1,1,0,1,50,7,9,1,74,74012,2,3,0,1,MOLE (RUE DU),46.1979210627,6.2362189292,11,2,2
202100005696,191Â 618,A01,10,3,2,3,0,-1,-1,2,3,1,2021,75.0,1,2,0,1,3,1,1,,3,834,-1,,2,2,0,1,(1),(1),1,, -1,1,2,1,50,30,11,1,40,40001,2,1,0,1,Rue du 13 Juin,43.704181,-0.261773,12,2,1
202100011484,181Â 201,A01,1,1,2,3,1,-1,-1,0,0,-1,2021,46.0,1,2,0,0,1,1,1,,3,22,-1,,2,2,0,1,(1),(1),2,, -1,1,0,8,80,24,10,1,8,8355,1,1,0,7,RD 22,49.931869,4.424111,11,1,1
202100043730,123Â 521,B01,2,2,1,5,1,1,-1,0,0,-1,2021,51.0,2,2,0,2,6,16,1,,4,AVENUE BONAPARTE,0,,2,2,0,1,0,0,1,, -1,2,0,1,30,17,4,5,988,98818,2,3,1,2,AVENUE BONAPARTE/AVENUE KOENIG,-22.23317,166.46751,2,3,2
202100008370,186Â 770,B01,1,1,1,4,2,6,-1,0,0,-1,2021,36.0,1,1,0,2,1,18,1,,4,RUE DE LA VICTOIRE,0,,1,2,2,1,(1),(1),1,, -1,1,0,1,30,12,11,1,75,75109,2,2,0,3,RUE DE LA VICTOIRE,48.875267,2.332331,12,2,2
202100056177,101Â 474,A01,1,1,1,1,2,6,-1,0,0,-1,2021,35.0,1,1,0,0,7,21,1,,4,RUE CURIAL,0,,2,2,0,1,(1),(1),3,, -1,2,0,1,50,5,1,1,75,75119,2,1,0,7,RUE CURIAL,48.8898332713,2.3715407466,15,1,1
202100005605,191Â 785,B01,1,1,1,5,0,-1,-1,0,0,-1,2021,88.0,2,0,0,2,7,14,3,,4,,-1,,2,1,0,1,(1),(1),2,,3,1,0,1,30,10,6,1,84,84054,2,6,0,3,Cours RenÃ© Char,43.911111,5.056157,16,2,2
202100027403,152Â 730,A01,1,1,1,0,2,6,-1,0, -1,-1,2021,31.0,2,1,9,2,1,1,1,,3,CLEMENCEAU (AVENUE GEORGES),0,,2,4,0,1,0,1,1,, -1,1,5,1,50,21,7,1,93,93078,2,2,0,1,Avenue Georges ClÃ©menceau / Avenue Charles de Gaulle,48.9582,2.55844,9,2,2
202100006275,190Â 577,A01,1,1,1,0,2,6,-1,0,0,-1,2021,31.0,2,1,15,0,2,2,1,,4,,0,,2,2,0,1,(1),(1),2,, -1,2,0,1,50,25,11,1,6,6088,2,1,0,6,MADELEINE (BD DE LA),43.71132,7.22617,15,1,1
202100004577,193Â 593,B01,1,1,1,5,2,-1,-1,0,0,-1,2021,29.0,1,1,0,2,2,15,5,,3,44,-1,,1,1,0,1,4,600,2,, -1,2,0,1,50,5,12,1,29,29037,2,6,1,3,giratoire intersection Rue de Croas Ver et rue du Stade,47.884312,-4.156185,10,2,2
202100000075,201Â 618,B01,1,1,1,5,1,-1,-1,0,0,-1,2021,57.0,1,2,0,2,1,2,1,,1,13,0,A,3,3,0,1,74,0,1,, -1,1,0,1,130,19,12,3,27,27612,1,1,1,4,Autoroute A13 PK 74,49.074414,1.400049,7,5,4
202100037357,134Â 893,A01,1,1,1,5,2,6,-1,0,0,-1,2021,32.0,0,1,13,0,1,0,1,,3,93,-1,,2,2,0,1,12,390,1,, -1,1,0,1,50,27,5,5,27,27133,2,1,0,6,103 Quai de Seine,49.382209,0.915127,22,1,1
202100030564,147Â 122,A01,1,1,1,1,2,6,-1,-1, -1,-1,2021,34.0,3,1,0,0,5,1,1,,4,DUCLOS (AVENUE JACQUES),0,,2,2,0,1,(1),(1),1,, -1,2,0,1,50,5,7,1,37,37233,2,1,1,7,DUCLOS (AVENUE JACQUES),47.3811074508,0.7348997891,8,1,1
202100021870,162Â 541,B01,1,1,1,0,2,-1,-1,0,0,-1,2021,55.0,2,1,0,2,5,1,1,,3,979,0,D,3,4,0,1,82,630,2,, -1,1,0,1,90,31,8,2,30,30276,1,6,0,2,D979,43.627887,4.191332,19,4,2
202100038343,133Â 094,A01,1,1,2,5,2,0,-1,-1, -1,-1,2021,55.0,1,1,0,0,2,1,5,,4,SOUHARA (RUE),0,,2,1,0,1,0,0,1,, -1,1,0,1,30,22,5,1,64,64125,2,1,0,7,Impasse Hego Alde,43.4414648365,-1.5728420019,20,1,1
202100042011,126Â 528,B01,1,1,1,5,2,6,-1,-1, -1,-1,2021,39.0,1,1,0,2,3,1,1,,3,Pont Georges Pompidou,0,,2,4,0,4,19,927,1,, -1,1,2,1,50,29,4,1,78,78481,2,2,0,3,Pont Georges Pompidou,48.89791,2.10715,14,2,2
202100052248,108Â 312,B01,1,1,1,5,1,-1,-1,-1,0,-1,2021,27.0,1,2,0,2,4,2,1,,2,RN 104,0,,3,4,0,1,23,700,1,, -1,2,0,1,110,7,2,3,95,95527,1,1,1,2,RN 104,49.0270424864,2.515069453,19,2,2
202100026114,155Â 016,A01,1,1,1,5,2,0,-1,-1,0,-1,2021,45.0,3,1,1,2,1,5,1,,4,AV PIERRE SEMARD,0,,1,1,0,1,(1),(1),1,, -1,1,0,1,50,31,7,5,95,95268,2,1,0,1,AV PIERRE SEMARD,48.9689058072,2.3886492848,0,2,2
202100002553,197Â 218,A01,1,1,1,5,1,-1,-1,-1, -1,-1,2021,44.0,2,2,0,2,1,2,1,,1,ROCADE A 630,0,,3,6,0,4,2,424,2,, -1,1,2,1,70,17,12,4,33,33249,1,1,0,2,Autoroute A630,44.87866,-0.530164,20,3,2
202100024618,157Â 655,A01,1,1,1,0,2,0,-1,-1, -1,-1,2021,17.0,3,1,12,0,1,18,1,,4,SAINT MENET (AVENUE DE),0,,3,2,0,1,0,0,2,, -1,1,0,1,50,11,8,1,13,13211,2,1,0,1,SAINT MENET (AVENUE DE),43.2891232174,5.5109548136,17,1,1
202100012004,180Â 255,B01,1,1,2,1,2,6,-1,-1, -1,-1,2021,36.0,1,1,0,2,1,1,1,,4,ERCKMAN CHATRIAN,0,,2,2,0,1,0,0,1,, -1,1,0,1,50,20,10,1,64,64348,1,3,0,3,ERCKMAN CHATRIAN,43.32781,-0.39392,12,2,2
202100022386,161Â 635,A01,1,1,1,5,8,-1,-1,0,0,-1,2021,25.0,1,2,13,0,9,1,1,,3,57,-1,,3,2,0,1,14,800,1,, -1,1,0,8,80,22,8,3,57,57323,1,1,0,6,D57,49.401817,6.141315,23,1,1
202100048112,115Â 751,A01,1,1,1,0,1,0,-1,-1, -1,-1,2021,41.0,1,2,0,2,4,23,1,,1,AUTOROUTE A1,0,,3,8,0,1,1,299,1,, -1,2,1,1,90,14,3,1,93,93066,1,1,0,3,AUTOROUTE A1,48.91304,2.35804,10,2,2
202100039835,130Â 377,A01,10,3,2,5,0,-1,-1,3,3,1,2021,4.0,1,2,0,1,1,1,1,,4,ISNARD (RUE MAXIMIN),0,,1,1,0,2,(1),(1),2,, -1,1,0,1,30,15,5,1,6,6069,2,1,0,6,ISNARD (RUE MAXIMIN),43.66016,6.92268,19,2,1
202100020791,164Â 483,A01,1,1,1,5,2,6,9,0,0,-1,2021,65.0,2,1,2,0,1,1,1,,2,202,-1,,2,2,0,1,20,587,1,, -1,2,0,3,70,5,9,1,4,4183,1,1,1,6,RN 202,43.918913,6.539462,18,2,1
202100000191,201Â 399,B01,1,1,1,9,2,0,-1,-1, -1,-1,2021,50.0,0,0,0,2,1,15,3,,4,AVENUE DE LAUMIERE,0,,2,3,0,1,0,0,1,, -1,2,0,1,30,30,11,1,75,75119,2,2,0,3,AVENUE DE LAUMIERE,48.8846,2.37965,13,2,2
202100027958,151Â 725,A01,1,1,1,4,2,6,-1,0,0,-1,2021,31.0,2,1,0,2,1,2,1,,4,BOULEVARD BERTHIER,0,,3,3,0,1,(1),(1),1,, -1,1,0,1,50,20,7,1,75,75117,2,3,0,2,BOULEVARD BERTHIER,48.890227,2.304601,16,2,2
202100028768,150Â 304,A01,1,1,1,5,1,-1,-1,0,0,-1,2021,45.0,1,2,16,2,1,17,1,,7,1091,0,,2,2,0,1,4,190,2,, -1,1,0,1,80,16,7,1,38,38562,1,1,0,3,D1091,45.049899,5.784345,20,2,2
202100050076,112Â 226,B01,1,1,1,1,2,6,-1,-1, -1,-1,2021,28.0,1,1,0,2,1,0,1,,3,"""STALINGRAD (AVENUE), NR 88 A 114 BIS""",0,,2,2,0,1,0,1,1,, -1,1,0,1,50,25,2,1,93,93066,2,1,0,3,"""STALINGRAD (AVENUE), NR 88 A 114 BIS""",48.9473774146,2.373748971,13,2,2
202100040367,129Â 449,B01,1,1,2,1,1,0,-1,0,0,-1,2021,54.0,2,2,0,2,4,23,1,,4,RUE MANIN,0,,2,2,0,1,(1),(1),1,, -1,1,0,1,30,11,5,1,75,75119,2,3,0,2,RUE MANIN,48.884352,2.391315,9,2,2
202100045852,119Â 796,B01,1,1,1,5,2,9,-1,0,0,-1,2021,43.0,2,1,0,2,1,1,5,,3,632,0,D,2,2,0,1,35,100,1,, -1,1,0,1,80,31,3,1,31,31347,1,2,0,3,croisement de la dÃ©partementale D6 et la D632,43.398267,0.794154,12,2,2