Num_Acc,id_vehicule,num_veh,place,catu,sexe,trajet,secu1,secu2,secu3,locp,actp,etatp,year_acc,victim_age,senc,catv,obs,obsm,choc,manv,motor,occutc,catr,voie,v1,v2,circ,nbv,vosp,prof,pr,pr1,plan,lartpc,larrout,surf,infra,situ,vma,jour,mois,lum,dep,com,agg_,int,atm,col,adr,lat,long,hour,nb_victim,nb_vehicules
202100041640,127Â 172,B01,1,1,2,5,1,0,-1,-1, -1,-1,2021,31.0,3,2,0,2,0,0,0,,4,HAGUENAU,0,,1,1,0,1,(1),(1),3,, -1,1,0,1,50,8,4,1,62,62193,2,6,0,2,HAGUENAU,50.940305,1.877946,19,2,2
202100008386,186Â 742,B01,1,1,1,5,2,-1,-1,0,0,-1,2021,71.0,0,1,0,2,6,1,5,,3,D242,-1,,2,2,0,1,(1),(1),1,, -1,1,0,1,50,28,10,1,84,84069,2,1,0,3,Route de Veaux,44.175552,5.131645,15,2,2
202100013367,177Â 846,B01,1,1,1,0,2,0,-1,-1, -1,-1,2021,31.0,2,1,0,2,1,3,0,,1,AUTOROUTE A86,0,,3,3,0,1,11,0,1,, -1,1,0,1,90,14,10,3,92,92078,1,1,0,6,AUTOROUTE A86,48.9311292993,2.3235279586,19,3,3
202100036084,137Â 184,A01,1,1,2,5,1,0,-1,-1, -1,-1,2021,19.0,1,2,9,0,2,16,1,,4,BOUVAT (QUAI JULES),0,,1,1,0,1,0,0,1,, -1,1,0,1,30,5,6,1,7,7281,2,1,0,6,BOUVAT (QUAI JULES),44.94361,4.84142,13,1,1
202100048010,115Â 923,A01,1,1,1,5,1,0,-1,-1,0,-1,2021,44.0,1,2,0,2,1,14,1,,3,RD 170 ,0,,3,6,0,1,3,950,1,, -1,1,0,1,90,13,3,1,95,95277,1,1,0,2,RD 170 ,48.97743,2.46752,15,3,2
202100040812,128Â 670,A01,1,1,1,3,2,-1,-1,0,0,-1,2021,77.0,1,1,13,0,0,1,1,,3,20,-1,,2,2,0,1,0,600,3,, -1,1,0,1,50,9,5,1,5,5179,2,1,0,6,Route des Savoyons,44.538225,5.838984,9,1,1
202100006379,190Â 392,A01,10,3,2,3,0,-1,-1,1,3,1,2021,73.0,3,2,0,1,2,20,1,,9,HERIDIA (RUE JOSE-MARIA DE),0,,2,2,0,1,0,1,1,, -1,1,9,1,10,19,11,2,24,24037,2,9,0,6,HERIDIA (RUE JOSE-MARIA DE),44.8607323146,0.4808181524,18,2,1
202100002067,198Â 102,B01,1,1,1,1,8,-1,-1,0,0,-1,2021,57.0,1,2,0,2,1,1,1,,3,7,-1,,2,1,0,1,12,500,1,, -1,2,0,1,80,22,12,3,83,83116,2,1,1,1,DN7 - PR 12+500,43.457175,5.842243,7,2,2
202100015662,173Â 673,A01,1,1,1,1,1,0,-1,-1, -1,-1,2021,23.0,3,2,9,2,1,1,1,,3,9,0,,1,1,0,1,0,0,1,, -1,2,5,4,50,2,10,2,92,92026,2,3,1,3,GAMBETTA (RUE),48.89279,2.24524,6,2,2
202100021102,163Â 936,B01,1,1,2,1,2,0,-1,-1, -1,-1,2021,57.0,1,1,0,2,8,1,5,,3,CRETEIL (BD DE),0,,2,2,0,1,0,0,1,, -1,1,0,1,30,3,9,2,94,94068,2,2,0,3,Boulevard de CrÃ©teil,48.79801,2.48986,8,2,2
202100017273,170Â 779,B01,1,1,2,1,2,6,9,0,0,-1,2021,25.0,1,1,0,2,1,1,1,,3,43,-1,,2,2,0,1,8,45,1,, -1,1,0,1,90,24,9,1,88,88467,1,3,0,3,D43,47.9767427637,6.7272564769,17,3,2
202100003546,195Â 406,A01,10,3,2,4,0,-1,-1,1,3,1,2021,24.0,1,1,0,1,1,17,1,,3,BADUEL (ROUTE DE),0,,2,2,0,1,2,200,1,, -1,1,0,1,50,9,12,1,973,97302,2,1,0,6,BADUEL (ROUTE DE),4.93467,-52.31161,13,2,1
202100016984,171Â 261,A01,10,3,1,2,0,-1,-1,3,3,1,2021,17.0,2,5,0,1,8,9,1,,3,SAINT JEROME (AVENUE DE),0,,2,1,0,1,(1),(1),1,, -1,1,0,1,50,24,9,2,13,13213,2,6,0,6,SAINT JEROME (AVENUE DE),43.328,5.4188,7,2,1
202100050729,111Â 009,A01,2,2,1,0,0,-1,-1,-1, -1,-1,2021,17.0,3,1,0,2,1,25,0,,4,FRANCIS DE PRESSENSE                (AV),0,,2,2,3,1,(1),(1),1,, -1,1,9,4,30,20,2,1,69,69259,2,1,0,3,FRANCIS DE PRESSENSE                (AV),45.72043,4.86769,17,3,2
202100008117,187Â 220,B01,1,1,1,1,2,0,-1,-1, -1,-1,2021,18.0,2,1,0,2,1,3,1,,1,AUTOROUTE A6B,0,,1,4,0,1,5,50,1,, -1,1,0,1,90,15,11,2,94,94038,1,1,0,3,AUTOROUTE A6B,48.77296,2.346,7,2,2
202100049065,114Â 056,A01,1,1,1,5,8,0,-1,-1, -1,-1,2021,14.0,2,1,0,2,8,19,5,,4,LECLERC (AVENUE DU GENERAL),0,,4,3,0,1,0,0,1,, -1,1,0,1,50,3,3,1,87,87085,2,1,0,3,LECLERC (AVENUE DU GENERAL),45.84841,1.26215,15,2,2
202100016877,171Â 456,A01,10,3,2,0,0,-1,-1,3,3,1,2021,23.0,1,2,0,1,1,1,1,,4,HAPETENIA (RUE DE),0,,2,2,0,1,0,0,1,, -1,1,0,1,50,24,9,1,64,64260,2,1,0,6,HAPETENIA (RUE DE),43.35205,-1.770301,9,2,1
202100043100,124Â 635,A01,1,1,1,5,2,-1,-1,0,0,-1,2021,17.0,0,1,0,0,0,1,1,,4,,-1,,2,2,0,1,(1),(1),2,, -1,1,0,1,50,21,4,1,17,17481,1,1,0,7,Rue de la Garenne,45.952705,-0.598304,16,1,1
202100026023,155Â 162,A01,1,1,1,5,1,-1,-1,0,0,-1,2021,60.0,1,2,12,0,3,1,1,,1,6,0,,2,5,0,1,363,300,3,, -1,1,0,1,70,1,8,3,71,71195,1,1,0,6,"Aire de repos de FARGES-LES-MACON, autoroute A6, PK 363+300, sens PARIS/LYON",46.5141555094,4.9110992157,22,4,1
202100055567,102Â 528,C01,1,1,2,1,1,-1,-1,0,0,-1,2021,25.0,1,2,0,0,6,2,1,,2,12,-1,,3,4,0,3,84,0,1,, -1,2,0,1,110,10,1,1,22,22225,1,1,0,4,RN 12 PR 084+000,48.5436362083,-3.0834104325,9,3,3
202100024891,157Â 165,A01,1,1,1,5,2,0,-1,-1, -1,-1,2021,15.0,3,1,0,0,0,26,1,,4,CAMILLE DESMOULIN,0,,2,0,0,1,0,0,3,, -1,1,0,1,50,6,8,1,2,2738,2,1,0,7,CAMILLE DESMOULIN,49.657094,3.304815,19,1,1
202100046255,119Â 095,B01,1,1,1,5,8,0,-1,-1, -1,-1,2021,33.0,0,1,0,2,1,1,3,,4,HUIT MAI 1945 (RUE DU),0,,2,2,0,1,0,0,1,, -1,1,0,1,50,28,3,1,93,93031,2,1,0,2,HUIT MAI 1945 (RUE DU),48.9550145018,2.3013973981,9,2,2
202100021330,163Â 526,A01,1,1,1,5,8,-1,-1,0,0,-1,2021,60.0,0,2,0,2,1,19,1,,3,104,-1,,2,2,0,1,40,645,1,,"5,7",1,0,1,80,3,9,1,79,79349,1,2,0,3,,46.023638,-0.11761,8,2,2
202100056236,101Â 374,B01,4,2,1,0,1,0,-1,-1, -1,-1,2021,13.0,2,2,0,2,6,1,1,,1,Bretelle sortie A1,0,,3,7,0,1,0,1,1,, -1,1,0,1,50,4,1,1,972,97209,2,2,0,3,BISHOP (Avenue Maurice),14.61373,-61.05229,17,4,2
202100012805,178Â 830,SA01,1,1,1,0,8,8,-1,-1, -1,-1,2021,47.0,2,1,0,2,0,0,0,,3,TROUBIRAN (CHEMIN DE),0,,2,2,0,2,1,399,1,, -1,1,5,1,50,17,10,5,973,97309,1,3,0,7,TROUBIRAN (CHEMIN DE),4.9152,-52.31064,2,1,1
202100004393,193Â 901,A01,1,1,1,4,2,0,-1,-1, -1,-1,2021,28.0,3,1,0,2,2,17,1,,4,PRESIDENT SALVADOR ALLENDE (AV DU),0,,1,0,0,1,0,0,1,, -1,1,9,1,50,6,12,1,94,94081,2,9,0,3,PRESIDENT SALVADOR ALLENDE (AV DU),48.79624,2.41587,13,2,2
202100052374,108Â 095,B01,1,1,1,9,2,0,-1,-1, -1,-1,2021,30.0,1,1,0,2,1,1,5,,4,BANK (BOULEVARD),0,,1,2,0,1,0,0,2,, -1,1,0,1,30,5,2,1,974,97416,2,6,0,3,BANK (BOULEVARD),-21.33073,55.47481,14,5,2
202100023936,158Â 847,A01,2,2,1,5,1,-1,-1,0,0,-1,2021,18.0,1,2,2,0,0,1,1,,4,1,0,D,2,2,0,4,132,450,4,, -1,1,0,1,80,14,8,1,80,80709,1,1,0,6,Rue de Frettecuisse,49.912632,1.824691,17,2,1
202100019698,166Â 437,A01,10,3,2,5,0,-1,-1,3,3,2,2021,68.0,1,2,0,1,1,15,1,,4,COLIGNY   AVENUE,0,,-1,2,0,2,(1),(1),1,, -1,1,0,1,30,10,9,1,17,17300,2,2,0,6,COLIGNY   AVENUE,46.16307,-1.16515,16,2,1
202100000312,201Â 161,B01,1,1,1,0,2,0,-1,-1, -1,-1,2021,52.0,3,1,0,2,1,1,1,,7,ROVE (AV DU ),0,,1,1,0,2,0,0,1,, -1,1,0,1,70,2,7,1,13,13043,1,1,1,3,ROVE (AV DU ),43.38303,5.22039,18,2,2
202100002789,196Â 782,B01,1,1,1,5,2,0,-1,0,0,-1,2021,29.0,2,1,0,2,1,1,1,,4,ALLEE DE LA REINE MARGUERITE,0,,2,2,0,1,(1),(1),1,, -1,1,0,1,50,15,12,5,75,75116,2,2,0,3,ALLEE DE LA REINE MARGUERITE,48.858566,2.244879,20,2,2
202100018971,167Â 725,B01,1,1,1,4,2,6,-1,-1, -1,-1,2021,39.0,3,1,0,2,1,2,1,,7,FERNANDEL (AV ),0,,1,1,0,2,0,0,1,, -1,1,3,1,70,13,9,1,13,13043,2,1,0,2,FERNANDEL (AV ),43.39459,5.22826,18,3,3
202100003670,195Â 196,B01,1,1,2,0,2,-1,-1,-1, -1,-1,2021,48.0,2,0,0,2,1,1,3,,4,AVE PERIER,0,,1,1,0,1,(1),(1),2,, -1,2,0,1,50,9,12,5,33,33075,2,6,1,3,AVE PERIER,44.8763,-0.5823,18,2,2
202100048795,114Â 550,A01,1,1,1,1,2,0,-1,-1, -1,-1,2021,23.0,3,1,0,2,3,26,1,,4,SAIGNE (RUE),0,,1,1,0,1,1,0,1,, -1,1,0,1,30,7,3,1,93,93048,2,3,0,3,SOLIDARITE (RUE DE LA),48.8529604417,2.4420647379,16,2,2
202100043836,123Â 326,B01,1,1,1,5,1,-1,-1,0,0,-1,2021,24.0,2,2,0,6,2,1,1,,1,8,0,A,3,4,0,1,161,500,1,, -1,1,0,1,110,16,4,3,6,6030,1,1,0,5,A8,43.569633,6.973915,22,7,3
202100040844,128Â 628,A01,1,1,1,5,2,6,9,0,0,-1,2021,37.0,1,1,0,0,9,1,1,,3,59,-1,,2,2,0,1,2,130,2,, -1,1,0,1,80,8,5,1,73,73005,1,1,0,7,RD 59,45.638741,6.083461,20,1,1
202100023868,158Â 961,B01,1,1,1,0,2,0,-1,0,0,-1,2021,66.0,2,1,0,2,0,1,5,,4,FRANCHET D'ESPEREY (AVENUE),0,,2,2,1,1,(1),(1),1,, -1,1,5,5,50,15,8,1,71,71118,2,3,0,3,FRANCHET D'ESPEREY (AVENUE),46.79343,4.823677,13,2,2
202100011426,181Â 298,B01,1,1,1,1,2,6,-1,0,0,-1,2021,24.0,3,1,0,2,7,1,1,,4,RUE LA BOETIE,0,,1,2,0,2,(1),(1),1,, -1,1,0,1,30,23,10,1,75,75108,2,2,0,3,RUE LA BOETIE,48.874181,2.317537,14,2,2
202100040073,129Â 967,B01,1,1,1,9,2,0,-1,0,0,-1,2021,28.0,2,1,0,2,1,1,1,,4,BOULEVARD DE CLICHY,0,,1,1,0,1,(1),(1),1,, -1,1,0,1,30,12,5,1,75,75109,2,3,0,3,BOULEVARD DE CLICHY,48.884103,2.330796,19,2,2
202100005451,192Â 051,A01,1,1,2,1,1,-1,-1,0,0,-1,2021,21.0,1,2,0,2,1,13,1,,3,2566,0,D,2,2,0,1,3,205,1,, -1,1,0,1,80,30,11,1,6,6077,1,1,0,1,rd 2566 pk 3+300,43.861989,7.347178,13,2,2
202100046927,117Â 891,A01,4,2,1,5,1,-1,-1,-1, -1,-1,2021,21.0,0,2,8,0,1,26,1,,4,POULL AR HORRED,0,,2,1,0,1,(1),(1),1,, -1,1,0,1,50,23,3,1,29,29019,1,6,0,6,Chemin de Poull ar Horred,48.3817832726,-4.5462808013,15,2,1
202100008958,185Â 705,A01,2,2,1,5,1,8,-1,-1, -1,-1,2021,21.0,3,2,13,0,9,13,1,,7,GARDANNE (ROUTE DE ),0,,2,2,0,2,0,0,2,, -1,1,3,1,50,6,11,3,13,13001,2,1,0,7,GARDANNE (ROUTE DE ),43.48310585,5.4157390101,23,2,1
202100026726,153Â 944,B01,1,1,1,5,1,-1,-1,0,0,-1,2021,62.0,2,2,0,2,1,1,1,,3,944,-1,,2,2,0,1,7,600,1,, -1,1,0,1,50,29,7,1,64,64380,2,1,0,1,Route Departementale 944,43.507834,-0.383851,15,4,2
202100039176,131Â 595,B01,2,2,1,4,1,-1,-1,0,0,-1,2021,35.0,1,5,0,2,4,2,1,,7,132E2,0,D,2,2,0,1,2,200,1,, -1,1,0,1,80,21,5,1,34,34270,1,1,0,4,RD132 E2,43.589437,3.821869,8,4,3
202100018245,168Â 999,A01,2,2,1,0,1,-1,-1,0,0,-1,2021,22.0,1,2,2,0,3,0,1,,3,466,0,,2,2,0,1,36,200,1,, -1,2,0,3,80,19,9,2,68,68006,1,1,1,7,D466,47.696233,7.181733,19,2,1
202100053082,106Â 843,A01,10,3,2,9,0,-1,-1,3,3,1,2021,74.0,2,1,0,1,0,1,5,,4,RUE DUTOT,0,,2,2,1,1,(1),(1),1,, -1,1,-1,5,30,29,1,1,75,75115,2,2,0,6,RUE DUTOT,48.838236,2.308355,12,2,1
202100027435,152Â 682,A01,1,1,1,0,2,-1,-1,0,0,-1,2021,25.0,1,1,0,0,0,0,1,,2,7,-1,,2,2,0,1,58,850,1,, -1,1,0,1,90,22,7,3,26,26124,1,1,0,7,6830 Route Nationale 7,44.817129,4.858832,23,1,1
202100032352,143Â 934,B01,1,1,1,5,8,0,-1,-1, -1,-1,2021,37.0,1,1,0,2,8,7,3,,3,VICTOR HUGO (AVE)  => 120,0,,2,2,3,1,0,1,1,, -1,1,0,1,50,24,6,1,93,93001,2,1,0,3,VICTOR HUGO (AVE)  => 120,48.905597,2.374617,19,2,2
202100031575,145Â 313,A01,10,3,1,5,0,-1,-1,3,3,1,2021,70.0,1,2,0,1,1,1,1,,4,BEREST EUGENE,0,,2,2,0,1,(1),(1),1,, -1,1,0,1,30,26,6,1,29,29019,2,1,0,6,Rue EugÃ¨ne BÃ©rest,48.393019,-4.434892,17,2,1
202100014938,175Â 011,A01,1,1,1,4,1,-1,-1,0,0,-1,2021,18.0,1,5,0,0,2,1,1,,3,CD  579,0,,2,2,0,1,5,199,1,, -1,2,0,1,80,25,7,1,14,14304,1,1,1,7,D579,49.379847,0.239359,11,1,1
202100031679,145Â 131,A01,2,2,1,5,2,6,-1,0,0,-1,2021,15.0,2,1,0,6,1,1,1,,3,51,-1,,2,2,0,1,(1),(1),1,, -1,1,0,1,80,1,7,3,66,66212,1,1,0,6,Avenue de Villelongue,42.751282,2.99106,0,2,1
202100035805,137Â 708,B01,1,1,1,0,0,-1,-1,0,0,-1,2021,10.0,3,1,0,2,1,0,5,,3,,-1,,2,1,3,1,(1),(1),3,,3,1,0,6,50,8,6,1,67,67066,2,3,0,3,Rue de la Gare,48.478339857,7.2149464488,17,2,2
202100033590,141Â 725,A01,10,3,1,5,0,-1,-1,5,3,1,2021,8.0,1,2,0,1,3,1,1,,4,ROYET DE LA BASTIE RUE,0,,2,2,0,2,(1),(1),1,, -1,1,0,1,50,16,6,1,42,42207,2,1,0,6,Rue Royet de la Bastie,45.46526,4.50501,18,2,1
202100043431,124Â 029,A01,1,1,2,3,1,-1,-1,0,0,-1,2021,63.0,2,2,6,2,1,15,1,,3,REPUBLIQUE (RUE DE LA),0,,2,2,0,1,0,426,2,, -1,1,0,1,30,19,4,1,65,65417,2,3,0,3,REPUBLIQUE (RUE DE LA),43.22873,0.10232,18,2,2
202100028627,150Â 545,A01,1,1,2,9,1,0,-1,-1, -1,-1,2021,19.0,1,2,0,2,1,2,1,,3,AQUITAINE (AVENUE DE L'),0,,2,3,0,1,0,0,1,, -1,1,0,1,50,15,7,5,64,64102,2,1,0,2,AQUITAINE (AVENUE DE L'),43.48691,-1.46913,23,2,2
202100046211,119Â 166,A01,1,1,1,0,2,6,-1,-1, -1,-1,2021,21.0,2,1,14,0,1,11,1,,4,,0,,1,4,3,1,(1),(1),1,, -1,1,0,1,50,22,3,5,69,69382,2,1,0,2,DOCTEUR GAILLETON (DU) (Q),45.75151,4.83286,19,2,2
202100031474,145Â 492,A01,1,1,1,5,0,-1,-1,0,0,-1,2021,14.0,1,1,0,2,1,5,5,,3,157,-1,,2,2,0,2,9,550,2,, -1,1,0,1,-1,2,7,1,3,3031,1,1,0,1,Le bourg,46.408881,2.734469,18,2,2
202100030862,146Â 595,C01,1,1,1,9,2,0,-1,0,0,-1,2021,17.0,1,1,0,2,1,2,1,,4,AVENUE DES CHAMPS ELYSEES,0,,2,8,0,2,(1),(1),1,, -1,1,0,1,50,3,7,1,75,75108,2,7,1,4,AVENUE DES CHAMPS ELYSEES,48.873138,2.297096,19,3,3
202100032463,143Â 753,B01,1,1,1,5,1,8,-1,-1, -1,-1,2021,57.0,2,2,0,2,3,1,1,,7,LIBERATION (AVE DE LA),0,,2,2,0,1,11,50,1,, -1,1,0,1,50,24,6,1,83,83144,2,2,0,3,LIBERATION (AVE DE LA),43.1429921528,5.9879994392,7,2,2
202100054673,104Â 057,A01,10,3,2,5,0,-1,-1,3,3,2,2021,30.0,1,5,0,1,2,1,1,,3,GRAND PORT (RONDEAU) AVENUE DU,0,,2,2,2,1,29,495,1,, -1,1,-1,1,50,11,1,1,73,73008,2,6,0,6,GRAND PORT (RONDEAU) AVENUE DU,45.6969368522,5.9071993828,13,2,1
202100034670,139Â 751,B01,7,2,2,0,1,-1,-1,0,0,-1,2021,16.0,1,2,0,2,1,1,1,,3,996,-1,,2,2,0,2,9,175,1,, -1,1,0,1,80,14,6,1,1,1232,1,1,0,1,d996,46.379356,5.252581,18,4,2
202100013618,177Â 376,B01,1,1,1,0,8,0,-1,-1, -1,-1,2021,19.0,1,1,0,2,3,1,5,,4,CLEMENCEAU (BOULEVARD),0,,3,2,3,1,0,0,1,, -1,1,0,1,50,11,10,1,67,67482,2,1,0,6,CLEMENCEAU (BOULEVARD),48.5918048328,7.753238976,8,2,2
202100044743,121Â 740,A01,2,2,1,5,2,-1,-1,0,0,-1,2021,20.0,2,1,12,0,1,1,1,,3,432,-1,,2,2,0,1,7,275,1,, -1,1,0,4,50,9,4,5,68,68384,2,1,0,6,39 Faubourg de Mulhouse,47.694467,7.297421,0,2,1
202100021291,163Â 597,A01,1,1,1,9,2,6,-1,0,0,-1,2021,57.0,1,1,0,2,1,2,3,,4,AVENUE DE LA PORTE D ORLEANS,0,,1,2,0,1,(1),(1),1,, -1,1,0,1,30,1,9,1,75,75114,2,2,0,2,AVENUE DE LA PORTE D ORLEANS,48.820545,2.324219,18,2,2
202100011658,180Â 887,B01,1,1,1,1,2,6,-1,-1, -1,-1,2021,40.0,1,1,0,2,7,1,1,,3,Andre Rouy (AV),0,,2,2,0,1,1,0,1,, -1,1,0,1,50,22,10,5,94,94059,2,3,0,3,Avenue AndrÃ© Rouy,48.81934,2.55795,19,2,2
202100050384,111Â 638,B01,1,1,2,3,1,8,-1,-1, -1,-1,2021,50.0,1,2,0,2,4,23,1,,4,,0,,3,1,0,1,0,0,1,, -1,1,0,1,50,23,2,1,92,92078,2,2,0,2,CHEMIN DES RENIERS (AVENUE DU),48.9320712385,2.3226803541,16,2,2
202100004910,193Â 011,A01,10,3,1,4,0,-1,-1,2,A,1,2021,56.0,1,2,1,1,9,14,1,,4,AVENUE DES TERNES,0,,2,3,3,1,(1),(1),1,, -1,1,0,1,30,30,11,1,75,75117,2,2,0,6,AVENUE DES TERNES,48.878327,2.295643,13,2,1
202100037203,135Â 183,B01,1,1,1,1,2,8,-1,0,0,-1,2021,62.0,1,1,0,2,7,2,0,,3,CLUNY (ROUTE DE),0,,1,2,1,1,78,99,2,, -1,1,5,1,50,3,5,1,71,71105,2,6,0,3,CLUNY (ROUTE DE),46.31279,4.78576,18,2,2
202100037867,133Â 975,A01,1,1,1,1,1,0,-1,-1, -1,-1,2021,17.0,2,2,14,0,1,1,1,,3,985,0,,3,4,0,2,1,0,3,, -1,1,0,1,50,28,5,5,92,92073,2,1,0,6,SELLIER (BOULEVARD HENRI),48.8680704714,2.2225134386,5,1,1
202100038655,132Â 538,A01,1,1,2,0,1,0,-1,-1, -1,-1,2021,24.0,2,2,0,2,8,1,1,,3,AV DE VERSAILLES ,0,,1,2,0,1,0,1,1,, -1,1,0,1,50,23,5,1,94,94073,2,1,0,3,Avenue de Versailles,48.75765,2.39052,16,2,2
202100010609,182Â 768,A01,1,1,2,0,1,-1,-1,0,0,-1,2021,57.0,2,2,13,0,0,1,1,,3,D15,0,,2,2,0,2,16,800,3,, -1,1,0,8,80,27,10,1,32,32290,1,1,0,6,D15,43.954054,0.178871,17,2,1
202100016735,171Â 705,A01,1,1,1,5,0,-1,-1,0,0,-1,2021,37.0,2,1,9,0,1,1,1,,3,11,-1,,2,1,1,1,0,0,1,,"3,5",1,9,8,50,26,9,5,973,97311,2,6,0,7,Stade Municipal Long RenÃ©,5.500344,-54.028224,21,2,1
202100041836,126Â 833,A01,10,3,2,9,0,-1,-1,2,3,1,2021,27.0,3,2,0,1,1,16,0,,4,,-1,,2,2,0,1,(1),(1),1,, -1,1,0,1,50,20,4,1,6,6161,2,2,0,6,avenue de la rÃ©publique,43.643676,7.141027,10,2,1
202100017355,170Â 622,A01,1,1,1,0,1,0,-1,-1, -1,-1,2021,40.0,1,5,0,2,1,2,1,,1,AUTOROUTE A16,0,,-1,2,0,1,118,699,1,, -1,1,8,1,130,13,9,1,59,59271,1,1,0,2,AUTOROUTE A16,51.0048118601,2.3132973241,10,2,2
202100041941,126Â 653,A01,1,1,2,0,1,0,-1,-1, -1,-1,2021,29.0,2,2,0,2,1,0,1,,3,AV DE BOISSY,0,,2,4,0,1,1,0,1,, -1,1,0,1,50,28,4,1,94,94011,2,1,0,2,Avenue de Boissy,48.76307,2.49411,18,2,2
202100003595,195Â 320,B01,1,1,1,1,1,-1,-1,-1, -1,-1,2021,62.0,1,2,0,2,0,0,1,,2,RN 138,0,,1,2,0,1,12,550,1,, -1,2,3,1,90,10,12,3,76,76319,1,1,1,3,RN 138,49.3608825616,1.0365517155,6,2,2
202100038556,132Â 726,B01,1,1,1,0,2,-1,-1,0,0,-1,2021,32.0,2,1,3,2,9,1,1,,3,13,0,D,2,2,0,1,54,50,3,, -1,2,0,1,80,24,5,1,83,83018,1,1,1,2,D13,43.353613,6.186483,20,2,2
202100039291,131Â 369,B01,1,1,1,0,1,-1,-1,-1, -1,-1,2021,22.0,0,2,0,2,3,15,1,,4,AVE DES TROIS CARDINAUX,0,,2,2,0,1,(1),(1),1,, -1,2,0,1,50,6,5,1,33,33063,2,2,1,3,Avenue des Trois Cardinaux,44.88795,-0.55729,17,3,2
202100014517,175Â 761,B01,1,1,2,5,1,-1,-1,0,0,-1,2021,38.0,1,2,0,0,8,1,1,,3,14,0,D,2,2,0,1,31,200,1,, -1,1,0,1,90,9,10,1,69,69074,1,2,0,3,MONTMELAS (DE) (RTE),46.008357,4.636885,15,2,2
202100023349,159Â 878,C01,1,1,1,5,2,-1,-1,0,0,-1,2021,82.0,1,1,0,2,1,1,5,,4,18,0,,2,2,1,1,(1),(1),1,, -1,1,0,1,30,20,8,1,29,29037,2,1,0,5,13bis Rue de l Odet,47.8760186832,-4.1318826377,15,4,3
202100041261,127Â 845,B01,1,1,1,1,2,0,-1,-1, -1,-1,2021,57.0,1,1,0,2,1,1,3,,9,PAROISSE (RUE DE LA),0,,1,1,2,1,0,0,1,, -1,1,0,1,30,5,5,1,77,77186,2,1,0,2,PAROISSE (RUE DE LA),48.408,2.69787,13,2,2
202100017864,169Â 688,B01,1,1,2,5,1,0,-1,-1, -1,-1,2021,44.0,3,2,0,2,3,21,1,,4,EMMANUEL ALLARD (RUE),0,,1,1,0,1,0,0,1,, -1,1,0,1,50,20,9,1,13,13211,2,1,0,3,EMMANUEL ALLARD (RUE),43.2899725213,5.4405796134,12,2,2
202100042535,125Â 595,B01,1,1,2,0,1,-1,-1,0,0,-1,2021,75.0,2,2,0,2,3,1,1,,3,981,0,D,2,2,0,2,28,700,1,, -1,1,0,1,80,27,4,1,58,58280,1,1,0,1,Lieu dit RosiÃ¨re,46.844717,3.419328,14,2,2
202100040533,129Â 156,A01,1,1,1,1,2,6,-1,-1, -1,-1,2021,44.0,2,1,1,2,3,21,1,,3,69,0,,2,2,0,1,0,0,1,, -1,1,0,1,30,10,5,1,92,92040,2,1,0,6,GALLIENI (BOULEVARD),48.8322961266,2.2671572782,16,1,1
202100014160,176Â 382,B01,1,1,1,0,1,5,-1,-1, -1,-1,2021,44.0,1,2,0,2,1,1,2,,4,RATISBONNE RUE,0,,1,1,1,1,(1),(1),1,, -1,1,0,1,30,9,10,1,59,59350,2,2,0,3,RATISBONNE RUE,50.62928,3.0518,11,4,2
202100003173,196Â 095,A01,10,3,2,0,0,-1,-1,4,3,1,2021,12.0,1,5,0,1,3,1,1,,3,,-1,,3,-1,-1,1,(1),(1),1,, -1,1,0,1,-1,13,12,1,92,92036,2,3,0,6,RENIERS (AVENUE CHEMIN),48.9344775735,2.3208644986,15,2,1
202100031088,146Â 175,B01,1,1,1,1,2,8,-1,0,0,-1,2021,17.0,1,1,0,2,9,1,1,,3,R D 118,0,,2,2,0,2,29,0,3,, -1,1,0,1,80,2,7,1,47,47215,1,1,0,3,R D 118,44.3811006131,0.6699511565,10,2,2
202100052577,107Â 744,A01,1,1,1,5,2,6,-1,0,0,-1,2021,36.0,1,1,14,0,7,1,1,,4,RUE MONTMARTRE,0,,1,3,1,1,(1),(1),1,, -1,1,8,1,50,4,2,1,75,75102,2,3,0,6,RUE MONTMARTRE,48.870851,2.342852,14,1,1
202100037747,134Â 198,A01,1,1,1,1,2,6,-1,-1, -1,-1,2021,33.0,2,1,0,2,2,3,1,,3,RTE D ORLEANS,0,,1,2,0,1,0,0,1,, -1,1,0,1,50,28,5,1,91,91425,1,1,0,5,RTE D ORLEANS RN 20,48.64,2.27,19,3,3
202100034804,139Â 499,A01,1,1,1,0,2,6,-1,-1, -1,-1,2021,23.0,2,1,0,9,1,18,1,,3,JEAN JAURES  (AVE)  157 A 213,0,,3,4,0,1,0,1,1,, -1,1,0,1,50,12,6,1,93,93001,2,1,0,3,JEAN JAURES  (AVE)  157 A 213,48.9094,2.3982,21,2,2
202100033814,141Â 317,B01,2,2,1,5,1,0,-1,0,0,-1,2021,46.0,1,2,0,2,1,1,1,,4,DE GAULLE (BOULEVARD CHARLES),0,,2,2,0,1,(1),(1),2,, -1,1,0,1,50,16,6,1,63,63124,2,1,0,1,DE GAULLE (BOULEVARD CHARLES),45.74721,3.1694,20,3,2
202100012660,179Â 087,A01,2,2,1,5,1,0,-1,-1, -1,-1,2021,18.0,2,2,4,0,8,13,1,,2,,0,,3,4,0,1,11,650,2,, -1,1,0,1,90,17,10,3,25,25056,2,1,0,6,RN 1057 (BD CHURCHIL-ROUTE DE GRAY),47.24163,5.98236,5,3,1