Num_Acc,id_vehicule,num_veh,place,catu,sexe,trajet,secu1,secu2,secu3,locp,actp,etatp,year_acc,victim_age,senc,catv,obs,obsm,choc,manv,motor,occutc,catr,voie,v1,v2,circ,nbv,vosp,prof,pr,pr1,plan,lartpc,larrout,surf,infra,situ,vma,jour,mois,lum,dep,com,agg_,int,atm,col,adr,lat,long,hour,nb_victim,nb_vehicules
202100043929,123Â 151,B01,1,1,1,0,2,8,-1,-1, -1,-1,2021,29.0,2,1,0,2,8,18,1,,3,JEAN LOLIVE (AVENUE)(107/135 ET 108/132),0,,3,2,1,1,0,1,1,, -1,1,0,1,50,14,4,1,93,93055,2,2,0,3,JEAN LOLIVE (AVENUE)(107/135 ET 108/132),48.8925769386,2.4097107456,18,2,2
202100049429,113Â 408,A01,10,3,1,4,0,-1,-1,-1, -1,1,2021,22.0,1,5,0,1,2,9,1,,4,CHARLES FLOQUET (AVENUE),0,,1,1,0,1,0,0,1,, -1,1,0,1,30,3,3,1,93,93007,2,9,0,6,CHARLES FLOQUET (AVENUE),48.940552706,2.4483263564,10,2,1
202100021105,163Â 931,A01,10,3,1,0,0,-1,-1,1,3,1,2021,3.0,1,5,0,1,1,1,0,,4,JEAN MERMOZ (R),0,,1,1,0,1,0,0,3,, -1,1,0,1,50,2,9,1,94,94076,2,1,0,6,JEAN MERMOZ (R),48.79271,2.35927,19,2,1
202100001241,199Â 551,B01,1,1,1,5,0,-1,-1,0,0,-1,2021,12.0,1,1,0,2,2,1,5,,3,449,0,D,2,2,0,1,(1),(1),1,, -1,1,0,8,30,27,12,5,91,91156,2,1,0,3,Route d Arpajon,48.550578,2.277448,17,2,2
202100041162,128Â 025,A01,1,1,2,0,2,0,-1,-1, -1,-1,2021,39.0,1,1,0,0,0,16,5,,3,ROOSVELT (AVENUE FRANKLIN),0,,2,2,0,2,1,0,2,, -1,2,0,1,50,6,5,1,92,92073,2,1,1,7,ROOSVELT (AVENUE FRANKLIN),48.8749340569,2.2198873758,8,1,1
202100054560,104Â 250,A01,1,1,1,5,2,6,-1,-1, -1,-1,2021,60.0,1,1,0,0,7,1,1,,3,MOULIN (AVENUE JEAN),0,,2,2,0,1,0,0,1,, -1,1,0,1,50,15,1,1,87,87113,2,1,0,7,MOULIN (AVENUE JEAN),45.85997,1.31623,17,1,1
202100023185,160Â 175,A01,1,1,1,5,8,-1,-1,0,0,-1,2021,28.0,2,2,17,0,2,14,1,,3,3,-1,,2,2,0,1,20,400,1,, -1,1,0,3,80,22,8,3,18,18057,1,1,0,6,D3,46.571444,2.218981,4,1,1
202100015264,174Â 427,B01,1,1,2,9,1,-1,-1,0,0,-1,2021,31.0,1,2,0,2,1,1,1,,3,114,-1,,2,2,0,1,10,300,1,, -1,1,0,1,80,4,10,1,32,32133,1,1,0,1,la barrique,43.984941,0.249209,11,2,2
202100045136,121Â 053,A01,1,1,2,5,2,0,-1,-1, -1,-1,2021,39.0,1,1,0,2,1,17,1,,4,MAURICE BOUCHOR (RUE),0,,2,2,0,1,0,0,1,, -1,1,0,1,50,4,4,1,10,10387,2,3,0,3,MAURICE BOUCHOR (RUE),48.30416,4.05553,18,3,2
202100002627,197Â 085,A01,10,3,1,0,0,-1,-1,2,3,1,2021,66.0,3,2,0,1,3,15,1,,6,TOUCHE ( RUE HILAIRE),0,,1,2,0,1,0,1,1,, -1,1,0,1,20,15,12,1,13,13117,2,1,0,6,TOUCHE ( RUE HILAIRE),43.44705,5.24795,9,2,1
202100043437,124Â 018,A01,1,1,1,0,8,-1,-1,-1, -1,-1,2021,74.0,0,1,0,0,0,25,3,,4,BEZANNES (RUE DE),0,,2,2,0,1,(1),(1),1,, -1,1,0,4,50,19,4,1,51,51454,2,1,0,7,Rue de Bezannes,49.243406689,4.0087730538,15,1,1
202100051604,109Â 450,A01,10,3,1,0,8,8,-1,9,3,1,2021,34.0,1,2,0,1,1,21,1,,4,GENERAL DE GAULE (PLACE DU),0,,2,2,0,2,0,0,1,, -1,1,0,1,50,13,2,1,93,93048,2,1,0,6,GENERAL DE GAULE (PLACE DU),48.8686289211,2.4336482584,16,2,1
202100049476,113Â 320,A01,4,2,2,9,1,8,-1,-1, -1,-1,2021,2.0,1,2,0,2,1,1,1,,3,11 NOVEMBRE (AVENUE DU),0,,3,5,0,1,5,310,1,, -1,1,0,1,50,1,3,1,86,86214,2,1,0,3,Avenue du 11 Novembre,46.564824,0.356154,11,3,2
202100009746,184Â 276,A01,2,2,1,0,2,8,-1,-1, -1,-1,2021,19.0,2,1,6,0,7,14,1,,3,FAUBOURG ASSIQUET,0,,2,2,0,1,4,930,2,, -1,1,0,4,50,29,10,5,76,76447,2,1,0,6,FAUBOURG ASSIQUET,49.5474,0.1961,20,2,1
202100041886,126Â 750,A01,10,3,2,0,0,-1,-1,2,3,2,2021,3.0,3,2,0,1,3,26,1,,4,GASTON BACHELARD                    (CH),0,,2,2,0,1,0,0,1,, -1,2,0,1,50,30,4,1,69,69256,2,3,1,6,GASTON BACHELARD (CHM),45.77819,4.9143,13,3,1
202100018167,169Â 139,A01,1,1,1,5,1,0,-1,0,0,-1,2021,28.0,2,2,0,2,1,2,1,,4,PORTE DE CHARENTON,0,,1,4,0,1,34,0,1,, -1,1,1,1,70,18,9,1,75,75112,2,1,0,4,BD PERIPHERIQUE EXTERIEUR,48.8306302199,2.402870357,11,7,4
202100019759,166Â 325,A01,1,1,2,3,1,-1,-1,0,0,-1,2021,85.0,1,2,6,0,3,1,1,,3,35,-1,A,2,2,0,3,1,5,1,, -1,1,0,4,50,9,9,5,972,97221,2,1,0,6,Chemin de Fonds Masson,14.538708,-60.934306,17,2,1
202100052463,107Â 938,B01,1,1,1,4,8,0,-1,0,0,-1,2021,21.0,2,1,0,2,7,10,5,,4,RUE DE RICHELIEU,0,,1,1,0,1,(1),(1),1,, -1,1,0,1,30,5,2,1,75,75102,2,3,0,3,RUE DE RICHELIEU,48.867681,2.337927,12,2,2
202100046830,118Â 071,B01,1,1,2,5,1,-1,-1,0,0,-1,2021,38.0,1,2,0,2,1,21,1,,3,611,0,,2,2,0,1,7,232,1,, -1,1,0,1,90,22,3,1,86,86083,1,1,0,1,RD 611,46.496849,0.200329,17,2,2
202100027304,152Â 926,A01,1,1,1,5,1,-1,-1,0,0,-1,2021,80.0,2,2,0,2,1,13,2,,3,6015,-1,,2,3,0,2,37,100,1,, -1,1,0,1,70,23,7,1,27,27469,1,1,0,1,RD6015,49.280422,1.158296,14,2,2
202100053305,106Â 450,B01,1,1,2,1,1,0,-1,-1, -1,-1,2021,60.0,1,2,0,2,1,2,1,,1,AUTOROUTE A86,0,,2,4,0,1,51,352,1,, -1,1,1,1,90,29,1,5,94,94034,1,1,0,4,AUTOROUTE A86,48.7591767986,2.3236848206,18,4,4
202100047081,117Â 613,B01,1,1,1,3,0,-1,-1,0,0,-1,2021,70.0,0,1,0,2,4,2,5,,4,,-1,,2,2,0,1,(1),(1),1,, -1,1,0,1,50,22,3,1,62,62261,2,1,1,2,rue des iris,50.481611,1.614689,16,2,2
202100049153,113Â 895,A01,1,1,1,1,2,8,-1,-1, -1,-1,2021,45.0,1,1,0,2,1,1,1,,3,990,0,,3,3,0,1,0,0,2,, -1,1,5,1,50,3,3,5,92,92050,2,2,0,3,NATIONAL (BOULEVARD),48.8915,2.1775,19,2,2
202100040629,128Â 990,B01,2,2,2,5,2,0,-1,0,0,-1,2021,39.0,1,1,0,2,3,1,1,,4,PONT CHARLES DE GAULLE,0,,2,-1,0,1,(1),(1),1,, -1,1,5,1,50,9,5,1,75,75113,2,2,0,3,PONT CHARLES DE GAULLE,48.841909,2.367907,20,3,2
202100047566,116Â 745,B01,2,2,1,1,1,-1,-1,0,0,-1,2021,37.0,2,2,0,2,1,1,1,,7,15,-1,,2,2,0,1,18,100,2,, -1,2,0,1,80,19,3,1,13,13050,1,1,1,1,Chemin Departemental 15,43.650128,5.226982,15,4,2
202100040667,128Â 932,A01,1,1,1,4,1,-1,-1,0,0,-1,2021,50.0,1,5,2,0,3,1,1,,3,967,0,D,2,2,0,1,104,200,1,, -1,1,0,3,50,10,5,1,2,2379,2,1,0,6,CD 967,49.819684,3.643577,7,1,1
202100051555,109Â 542,A01,1,1,1,5,2,-1,-1,0,0,-1,2021,20.0,0,1,2,0,1,13,1,,7,,-1,,2,2,0,1,2,200,1,, -1,1,9,1,50,14,2,5,34,34249,2,1,0,6,Avenue Croix de MouniÃ©,43.7307990057,3.9728894651,20,1,1
202100043692,123Â 585,A01,1,1,1,9,2,-1,-1,0,0,-1,2021,52.0,2,1,0,2,1,5,1,,3,535,-1,,2,2,0,2,1,200,3,, -1,1,0,1,70,17,4,1,7,7062,1,1,0,1,Route de Lentilleres,44.597863,4.307284,16,3,2
202100041614,127Â 220,B01,1,1,1,1,1,-1,-1,0,0,-1,2021,43.0,3,2,1,2,3,1,1,,4,,0,,2,2,0,2,(1),(1),3,,4,1,0,1,50,3,5,1,89,89257,2,1,0,1,6 Rue Camille Desmoulins,47.969402,3.503838,15,2,2
202100049559,113Â 170,A01,1,1,1,3,2,6,-1,0,0,-1,2021,72.0,2,1,0,2,8,1,1,,3,D946,0,,2,2,0,1,(1),(1),1,, -1,1,9,1,50,3,3,1,2,2361,2,6,0,3,Place Louis Meurisse,49.900478,3.630611,14,2,2
202100046969,117Â 824,A01,10,3,2,0,8,8,-1,5,1,1,2021,72.0,3,1,0,1,1,25,5,,4,,0,,2,2,0,1,0,0,1,, -1,1,0,4,50,9,2,2,92,92012,2,1,0,6,GEORGES SOREL (RUE),48.83516,2.24183,17,2,1
202100018208,169Â 061,B01,1,1,1,0,2,0,-1,-1, -1,-1,2021,39.0,1,1,0,2,1,3,1,,1,AUTOROUTE A6,0,,3,3,0,2,18,0,1,, -1,1,0,1,70,18,9,1,91,91434,1,1,0,2,AUTOROUTE A6,48.66987,2.34919,15,2,2
202100026021,155Â 165,A01,1,1,1,5,2,-1,-1,0,0,-1,2021,47.0,2,1,0,2,1,1,5,,3,938,-1,,2,2,0,1,(1),(1),1,, -1,1,0,1,50,1,8,1,84,84069,2,9,1,2,Route de Vaison-la-Romaine,44.175841,5.12929,12,2,2
202100004033,194Â 531,B01,1,1,1,0,2,0,-1,0,0,-1,2021,18.0,1,1,0,2,8,1,5,,7,LAXOU (Rue de),0,,1,1,2,1,(1),(1),1,, -1,1,0,1,50,7,12,5,54,54395,2,3,0,3,CHURCHILL (RUE WINSTON),48.68485,6.15919,17,2,2
202100007566,188Â 218,B01,1,1,1,1,2,-1,-1,-1, -1,-1,2021,37.0,1,1,0,2,1,1,1,,4,JACQUES MONOD                           ,0,,2,2,0,1,(1),(1),1,, -1,1,0,1,50,17,11,2,69,69276,2,9,0,3,JACQUES MONOD (R)   ,45.6732,4.85018,7,2,2
202100044266,122Â 542,A01,1,1,1,1,8,0,-1,-1, -1,-1,2021,41.0,3,1,0,2,1,1,3,,7,HAUBOURDIN RUE D   NÂ°IMPAIR,0,,2,2,0,1,(1),(1),1,, -1,1,5,1,50,12,4,5,59,59648,2,2,0,3,CLEMENCEAU RUE,50.5995,3.0532,5,2,2
202100005080,192Â 696,A01,1,1,1,4,2,6,-1,0,0,-1,2021,20.0,0,1,0,0,3,15,3,,4,FOCH (AVENUE DU MARECHAL),0,,1,1,0,1,(1),(1),2,, -1,2,0,1,50,27,11,1,27,27229,2,1,1,7,FOCH (AVENUE DU MARECHAL),49.02973,1.11673,13,1,1
202100032662,143Â 385,A01,10,3,2,0,0,-1,-1,3,3,2,2021,41.0,1,2,0,1,2,1,1,,4,MICHELIN (AVENUE EDOUARD),0,,1,2,0,1,(1),(1),1,, -1,1,0,1,50,22,6,1,63,63113,2,1,0,6,MICHELIN (AVENUE EDOUARD),45.78149,3.10264,17,2,1
202100019448,166Â 874,A01,1,1,1,1,2,6,-1,-1, -1,-1,2021,39.0,2,1,0,2,1,1,1,,1,A4,0,,3,5,0,1,6,599,1,, -1,1,0,1,90,12,9,1,94,94042,1,1,0,2,A4,48.8277250304,2.4703252316,19,2,2
202100036662,136Â 180,B01,1,1,1,0,8,0,-1,-1, -1,-1,2021,19.0,1,1,0,2,1,5,5,,4,DOCTEUR CALMETTE (RUE DU),0,,1,1,0,1,1,0,1,, -1,1,0,1,30,3,6,1,93,93048,2,1,0,3,Rue du Docteur Calmette,48.867393,2.440141,13,2,2
202100004624,193Â 499,B01,2,2,2,9,1,0,-1,-1, -1,-1,2021,15.0,2,2,0,2,4,2,1,,1,AUTOROUTE A6,0,,2,3,0,1,18,791,1,, -1,2,0,1,110,5,12,1,91,91434,1,1,0,4,AUTOROUTE A6,48.6682,2.35464,16,6,3
202100016302,172Â 495,A01,1,1,1,0,1,-1,-1,0,0,-1,2021,61.0,2,2,2,0,1,1,1,,1,A11,-1,,1,4,0,1,214,500,1,, -1,1,0,3,130,30,9,3,72,72022,1,1,0,6,A11 pk 214.500 sens ANGERS vers LE MANS,47.782928,-0.195608,0,1,1
202100011347,181Â 446,A01,1,1,1,0,2,6,-1,-1, -1,-1,2021,56.0,1,1,0,2,1,18,0,,2,ROUTE NATIONALE NÂ° 1,0,,1,2,0,1,(1),(1),1,, -1,1,0,1,110,22,10,1,974,97407,1,9,0,2,ROUTE NATIONALE1,-20.95318,55.3155,17,2,2
202100019056,167Â 579,A01,1,1,1,5,2,6,7,0,0,-1,2021,66.0,0,1,3,0,2,1,1,,7,2565,-1,,2,2,0,1,14,100,2,, -1,1,0,3,50,14,9,1,6,6151,1,1,0,6,M2565,43.941579,7.283469,18,1,1
202100036601,136Â 279,A01,1,1,1,9,2,6,-1,-1, -1,-1,2021,27.0,1,1,0,2,2,21,1,,4,URSUYA (AVENUE DE L'),0,,-1,2,0,2,0,0,1,, -1,1,0,1,50,2,6,1,64,64102,2,1,0,3,URSUYA (AVENUE DE L'),43.47866,-1.49452,19,2,2
202100028416,150Â 923,A01,1,1,2,5,1,-1,-1,0,0,-1,2021,18.0,2,2,0,2,3,5,1,,3,1006,0,,2,2,0,2,174,930,3,, -1,1,0,1,80,18,7,1,73,73290,1,1,0,1,D1006,45.2535353205,6.9073598385,19,3,2
202100052125,108Â 536,B01,2,2,2,0,1,0,-1,-1, -1,-1,2021,27.0,3,2,0,2,4,1,1,,3,37,0,,3,4,0,1,(1),(1),1,, -1,1,0,1,90,8,2,1,37,37122,2,1,0,4,RD 37,47.3738825799,0.6526308059,10,5,4
202100055704,102Â 292,A01,1,1,1,3,1,-1,-1,0,0,-1,2021,55.0,1,2,13,0,1,15,1,,3,8,-1,,2,2,0,2,20,344,1,, -1,7,0,3,80,9,1,3,14,14412,1,5,0,6,Route du Cabaret,49.0493603442,-0.5954015605,19,1,1
202100016463,172Â 200,A01,1,1,1,5,1,-1,-1,-1, -1,-1,2021,39.0,1,2,0,0,0,1,1,,3,RD 31,0,,2,2,0,1,0,2011,1,, -1,1,8,1,50,26,9,3,76,76270,1,1,0,6,RD 31,49.55284,0.14015,1,1,1
202100015955,173Â 149,B01,2,2,2,9,2,6,-1,0,0,-1,2021,50.0,2,1,0,2,4,23,1,,4,AVENUE DES CHAMPS ELYSEES,0,,2,6,0,1,(1),(1),1,, -1,1,0,1,30,30,9,1,75,75108,2,4,0,2,AVENUE DES CHAMPS ELYSEES,48.871925,2.300844,16,3,2
202100024116,158Â 553,A01,1,1,2,5,1,5,-1,-1,0,-1,2021,28.0,1,2,3,2,1,1,1,,3,route deparementale 370,0,,3,4,0,1,12,800,1,, -1,1,0,1,70,13,8,1,95,95277,1,1,0,2,RD 370,48.96447,2.46936,11,2,2
202100016126,172Â 817,A01,10,3,2,0,0,-1,-1,2,3,1,2021,56.0,2,2,0,1,1,1,1,,4,EMILE ZOLA     (Cours),0,,2,3,2,1,(1),(1),1,, -1,1,0,1,50,29,9,1,69,69266,2,3,0,6,EMILE ZOLA (CR),45.77074,4.86562,12,2,1
202100043962,123Â 099,A01,10,3,1,2,0,-1,-1,2,1,1,2021,12.0,3,2,0,1,3,2,1,,4,,-1,,-1,2,0,1,(1),(1),1,, -1,1,0,1,30,26,1,2,47,47210,1,1,0,6,Avenue du 11 Novembre,44.252059,0.383983,8,2,1
202100019294,167Â 147,A01,1,1,2,0,1,-1,-1,0,0,-1,2021,63.0,1,2,3,0,9,14,1,,3,,-1,,2,2,0,1,(1),(1),2,,5,1,2,4,50,13,9,1,59,59481,2,1,1,6,D 2934,50.251136,3.636099,16,1,1
202100008004,187Â 427,A01,1,1,2,5,1,0,-1,-1, -1,-1,2021,72.0,2,2,8,0,2,14,1,,3,ESPAGNE (AVENUE D'),0,,2,2,0,2,113,0,1,, -1,1,0,3,50,13,11,2,64,64024,2,1,0,6,ESPAGNE (AVENUE D'),43.47335,-1.53352,17,1,1
202100053611,105Â 891,B01,1,1,1,5,1,0,-1,-1, -1,-1,2021,51.0,3,2,0,2,1,1,1,,4,DIX-HUIT JUIN   RUE DU,0,,2,2,0,1,(1),(1),1,, -1,2,0,1,10,26,1,1,17,17291,2,1,1,2,DIX-HUIT JUIN   RUE DU,46.176675,-1.109175,17,2,2
202100001875,198Â 444,A01,1,1,1,1,1,8,-1,-1, -1,-1,2021,22.0,1,2,4,0,9,1,1,,7,RD 37,0,,2,4,3,1,13,600,2,, -1,7,0,1,90,21,12,3,37,37195,2,1,0,6,,47.376550928,0.6511035562,6,1,1
202100050663,111Â 126,A01,10,3,2,5,0,-1,-1,0,2,3,2021,71.0,3,2,0,1,1,1,1,,9,,0,,2,1,0,2,(1),(1),3,, -1,9,0,8,-1,21,2,1,83,83086,1,1,0,6,Piste l'Argile - G109 (Chemin),43.539112,6.620869,12,4,1
202100035341,138Â 537,A01,10,3,2,0,0,-1,-1,2,3,1,2021,65.0,1,2,0,1,6,10,1,,4,CASANOVA DANIELLE NR 52-SUIV ET 21-SUIV,0,,2,2,0,1,0,0,1,, -1,1,0,1,50,10,6,1,93,93066,2,1,0,6,21-52 Rue Danielle Casanova,48.928953,2.362313,11,2,1
202100031962,144Â 614,A01,1,1,1,5,1,-1,-1,-1,0,-1,2021,40.0,2,2,0,2,2,17,1,,3,route departementale 317,0,,3,4,0,1,8,0,1,, -1,2,0,1,90,27,6,3,95,95280,1,1,1,2,RD 317,49.0225233966,2.4973887205,23,2,2
202100012366,179Â 612,A01,1,1,2,1,1,-1,-1,-1,0,-1,2021,24.0,2,2,4,0,3,18,1,,3,RD 170,0,,-1,2,0,1,1,100,3,, -1,1,0,1,70,19,10,3,95,95582,1,1,0,6,RD 170,48.9648875322,2.2698569298,6,1,1
202100012606,179Â 179,A01,1,1,2,5,1,-1,-1,-1, -1,-1,2021,77.0,1,2,0,2,1,2,1,,3,CLUNY (BD. DE),-1,,2,3,-1,1,0,190,1,, -1,1,0,1,50,18,6,1,43,43157,2,1,0,2,CLUNY (BD. DE),45.049,3.8915,10,2,2
202100021962,162Â 371,B01,1,1,1,0,1,8,-1,-1, -1,-1,2021,27.0,3,2,4,0,4,11,1,,3,Route Nationale 3,0,,1,2,0,1,1,0,1,, -1,1,0,1,110,29,8,3,93,93074,1,1,0,2,D933,48.9338517435,2.5851831435,1,2,2
202100008297,186Â 891,A01,1,1,2,5,1,-1,-1,0,0,-1,2021,67.0,1,2,13,0,8,1,1,,3,38,-1,D,-1,2,0,1,33,900,2,, -1,2,0,1,70,13,11,1,29,29126,1,1,0,6,D38 - Lieu Dit Coat Saliou,48.552953,-4.404913,12,1,1
202100045359,120Â 664,A01,10,3,1,0,0,-1,-1,2,3,1,2021,12.0,2,2,0,1,2,1,1,,4,DENIS (AVENUE ALPHONSE),0,,2,2,1,2,0,0,1,, -1,1,0,1,30,2,4,1,83,83069,2,1,1,6,DENIS (AVENUE ALPHONSE),43.12099,6.13436,16,2,1
202100050376,111Â 652,A01,10,3,2,1,0,-1,-1,2,3,1,2021,24.0,1,2,0,1,3,16,1,,4,"""GUESDE JULES (BOULEVARD), NR 7 A 53""",0,,1,0,0,1,0,1,2,, -1,1,5,1,50,24,2,2,93,93066,2,1,0,6,"""GUESDE JULES (BOULEVARD), NR 7 A 53""",48.9379584369,2.3504415887,7,2,1
202100021478,163Â 248,A01,1,1,1,1,2,6,-1,0,0,-1,2021,19.0,2,1,0,2,1,1,1,,4,BOULEVARD BARBES,0,,2,4,0,2,(1),(1),1,, -1,1,0,1,50,1,9,5,75,75118,2,2,0,3,BOULEVARD BARBES,48.889469,2.349591,3,2,2
202100031009,146Â 307,C01,1,1,1,0,8,-1,-1,-1, -1,-1,2021,32.0,3,2,0,2,1,0,0,,7,SOIE  (DE LA )               (Rond Point,0,,2,4,0,1,0,1,2,, -1,2,2,1,50,3,7,1,69,69256,2,1,1,4,SOIE  (DE LA ) (RDPT),45.7722410553,4.9335471623,13,7,3
202100004211,194Â 224,A01,10,3,1,5,0,-1,-1,3,3,1,2021,49.0,1,2,0,2,2,1,1,,4,JEAN JAURES (AVENUE),0,,2,2,0,1,0,0,1,, -1,2,0,1,30,6,12,5,32,32013,2,1,0,7,JEAN JAURES (AVENUE),43.64639,0.58601,19,2,1
202100025822,155Â 533,A01,1,1,1,9,1,-1,-1,0,0,-1,2021,27.0,1,2,3,0,1,0,1,,1,35,0,A,2,2,0,2,(1),(1),2,, -1,1,3,2,70,4,8,2,68,68118,1,1,0,6,A35 - bretelle nÂ°33,47.741437,7.42355,7,1,1
202100039979,130Â 132,B01,1,1,2,3,1,-1,-1,0,0,-1,2021,58.0,2,2,0,2,2,1,1,,3,,-1,,2,2,0,1,6,200,1,, -1,1,0,1,-1,15,5,1,95,95205,1,1,0,3,RD316,49.02331,2.386587,11,2,2
202100053873,105Â 448,A01,1,1,1,4,1,-1,-1,0,0,-1,2021,34.0,2,5,0,2,1,11,1,,2,165,-1,,3,4,0,3,88,420,1,, -1,1,0,1,110,25,1,1,29,29240,1,1,0,2,N165,48.285135,-4.149485,14,2,2
202100004172,194Â 296,A01,1,1,2,3,1,-1,-1,0,0,-1,2021,60.0,1,2,0,0,3,26,1,,3,928,-1,D,2,2,0,2,15,350,1,, -1,1,5,1,50,9,12,1,95,95394,2,1,0,3,Avenue de la Liberation,49.054225,2.194428,11,2,2
202100018138,169Â 196,B01,1,1,1,1,2,6,-1,-1, -1,-1,2021,44.0,1,1,0,2,1,1,1,,3,VERDUN (RUE DE),0,,2,2,0,2,30,750,4,, -1,1,0,1,50,16,9,1,51,51230,2,1,0,1,Rue de Verdun,49.0427,3.96837,7,2,2
202100020602,164Â 804,B01,1,1,1,0,1,-1,-1,0,0,-1,2021,60.0,1,2,0,2,1,1,1,,3,88,-1,,2,2,0,1,13,325,1,, -1,1,0,1,80,3,6,1,1,1075,1,1,0,1,D88,46.056519,4.819554,13,2,2
202100016100,172Â 862,A01,1,1,2,5,1,-1,-1,-1, -1,-1,2021,22.0,1,2,7,2,1,15,1,,4,ESCARTEFIGUE (CORNICHE DU 2 A 422,0,,2,2,0,1,0,0,1,, -1,1,0,1,50,28,9,1,83,83137,2,1,0,1,ESCARTEFIGUE (CORNICHE DU 2 A 422,43.13544,5.93271,19,3,2
202100056344,101Â 183,B01,1,1,2,5,2,0,-1,-1, -1,-1,2021,48.0,2,1,0,2,0,0,1,,4,GASTON CREMIEUX (RUE),0,,2,0,0,1,(1),(1),1,, -1,2,0,1,50,2,1,1,13,13208,2,1,1,3,GASTON CREMIEUX (RUE),43.27899,5.380154,9,2,2
202100025735,155Â 683,B01,1,1,1,5,1,-1,-1,-1, -1,-1,2021,23.0,1,2,0,2,2,15,1,,3,ABBAYE (RUE DE L'),0,,3,4,0,1,(1),(1),2,, -1,1,0,1,50,3,8,5,50,50129,2,2,0,3,ABBAYE (RUE DE L'),49.6464,-1.64224,0,4,2
202100019720,166Â 391,A01,10,3,1,2,0,-1,-1,3,3,1,2021,10.0,2,1,0,1,2,17,1,,4,BOULEVARD MALESHERBES,0,,2,4,0,1,(1),(1),1,, -1,1,0,1,50,10,9,1,75,75117,2,3,0,6,BOULEVARD MALESHERBES,48.88472,2.307817,18,2,1
202100036492,136Â 474,A01,2,1,1,4,2,8,-1,-1, -1,-1,2021,28.0,1,1,0,2,1,2,1,,3,KUPKA (RUE FRANCK) TOUR,0,,1,1,0,1,0,0,1,, -1,2,0,1,50,4,6,1,92,92062,2,9,0,2,KUPKA (RUE FRANCK) TOUR,48.8907833965,2.2342008321,11,2,2
202100000262,201Â 255,A01,1,1,1,1,2,-1,-1,0, -1,-1,2021,53.0,-1,4,-1,-1,-1,-1,-1,,4,PERIER (BOULEVARD DU),-1,,3,3,0,2,123,(1),1,, -1,1,0,1,30,30,7,1,6,6029,2,1,-1,2,PERIER (BOULEVARD DU),43.56664,6.99505,13,2,2
202100020192,165Â 546,B01,1,1,2,9,8,-1,-1,-1, -1,-1,2021,23.0,2,2,0,2,3,13,1,,7,M6   453.400 A 455.000,0,,1,2,0,1,454,0,1,, -1,1,1,1,70,27,7,5,69,69385,1,1,0,3,M6   453.400 A 455.000,45.7584638582,4.812156558,23,2,2
202100042109,126Â 362,A01,1,1,1,5,2,-1,-1,0,0,-1,2021,70.0,3,1,0,2,8,2,5,,4,,-1,,2,2,0,4,(1),(1),2,, -1,1,0,1,50,29,4,1,27,27576,2,1,0,3,Route du Chateau,49.164967,0.847363,10,2,2
202100038797,132Â 264,A01,1,1,1,4,2,8,-1,-1, -1,-1,2021,21.0,1,1,1,0,1,1,1,,4,,0,,2,2,1,1,0,0,1,, -1,2,0,1,30,22,5,5,92,92040,2,1,0,6,CAPITAINE FERBER (DU),48.8259416643,2.2660652114,22,1,1
202100021974,162Â 350,B01,1,1,1,5,2,-1,-1,0,0,-1,2021,18.0,1,1,0,2,1,1,1,,3,31,-1,,2,2,0,1,9,(1),1,, -1,1,0,1,80,29,8,3,11,11106,1,3,0,3,intersection dÃ©partementale 31 et dÃ©partementale 1118,43.233408,3.07615,21,3,2
202100007269,188Â 763,B01,1,1,1,5,1,0,-1,-1, -1,-1,2021,19.0,1,2,8,2,1,1,1,,3,POMPIDOU (RUE GEORGES A PARTIR DU NÂ°65),0,,2,2,0,2,17,950,1,, -1,1,0,1,50,12,11,1,35,35115,2,2,1,3,POMPIDOU (RUE GEORGES A PARTIR DU NÂ°65),48.34415,-1.20084,11,2,2
202100027174,153Â 141,A01,1,1,1,5,1,0,-1,-1, -1,-1,2021,26.0,1,5,0,2,8,13,1,,1,AUTOROUTE A6,0,,1,3,0,1,13,949,1,, -1,1,0,1,110,25,7,1,91,91161,1,1,0,3,AUTOROUTE A6,48.69951,2.31177,9,2,2
202100038045,133Â 657,B01,1,1,1,1,2,6,-1,0,0,-1,2021,50.0,2,1,0,2,7,15,1,,4,RUE DE TURBIGO,0,,1,2,1,1,(1),(1),1,, -1,1,0,1,30,27,5,1,75,75103,2,4,0,3,RUE DE TURBIGO,48.866304,2.359804,9,2,2
202100040948,128Â 425,B01,1,1,2,5,2,0,-1,0,0,-1,2021,66.0,1,0,0,2,1,1,3,,4,PLACE DE LA PORTE DE CHAMPERRET,0,,2,6,0,1,(1),(1),1,, -1,1,0,1,50,7,5,1,75,75117,2,1,0,2,PLACE DE LA PORTE DE CHAMPERRET,48.885855,2.289677,13,2,2
202100048459,115Â 140,A01,10,3,2,5,0,-1,-1,3,3,1,2021,66.0,2,2,12,1,9,23,2,,7,19,0,M,3,4,0,1,5,(1),1,, -1,1,0,1,50,12,3,1,6,6114,2,1,0,6,5 Quai de la Banquiere,43.73441,7.286628,13,3,2
202100046779,118Â 153,A01,10,3,1,9,0,-1,-1,2,3,1,2021,18.0,2,5,0,1,1,1,1,,4,RUE BOURSAULT,0,,1,1,0,1,(1),(1),1,, -1,1,0,1,30,23,3,1,75,75117,2,1,0,6,RUE BOURSAULT,48.884076,2.319899,10,2,1