Num_Acc,id_vehicule,num_veh,place,catu,sexe,trajet,secu1,secu2,secu3,locp,actp,etatp,year_acc,victim_age,senc,catv,obs,obsm,choc,manv,motor,occutc,catr,voie,v1,v2,circ,nbv,vosp,prof,pr,pr1,plan,lartpc,larrout,surf,infra,situ,vma,jour,mois,lum,dep,com,agg_,int,atm,col,adr,lat,long,hour,nb_victim,nb_vehicules
202100028020,151Â 625,A01,1,1,1,1,2,6,9,0,0,-1,2021,26.0,1,1,0,0,8,0,1,,3,28,0,,2,2,0,1,28,614,3,, -1,1,0,1,-1,21,7,1,1,1025,1,9,0,7,Route de Montrevel,46.311999,4.96163,13,1,1
202100007763,187Â 883,B01,1,1,1,1,8,8,-1,0,0,-1,2021,23.0,3,1,0,2,0,19,3,,4,rue Charles de Gaulle,0,,2,2,0,1,(1),(1),1,, -1,2,0,1,30,17,11,5,88,88383,2,2,1,3,RUE JANNY,48.016569,6.592572,0,2,2
202100045450,120Â 495,A01,1,1,2,0,1,0,-1,-1, -1,-1,2021,25.0,1,2,12,0,5,1,1,,4,FORT DE LA BRICHE,0,,2,8,0,1,0,0,1,, -1,1,5,1,50,2,4,1,93,93066,2,1,0,2,FORT DE LA BRICHE,48.94222,2.34174,9,2,2
202100042819,125Â 123,A01,10,3,2,5,0,-1,-1,6,3,1,2021,55.0,3,3,0,1,3,1,3,,9,ESPERANCE (RUE DE L'),0,,-1,1,0,1,1,0,1,, -1,1,4,6,60,22,4,1,90,90032,2,8,0,6,ESPERANCE (RUE DE L'),47.6192615027,6.86843276,18,2,1
202100052392,108Â 062,C01,1,1,2,0,1,0,-1,-1, -1,-1,2021,21.0,1,2,0,2,4,1,1,,2,RN10 POINTE A MITEAU,0,,3,4,0,1,60,50,1,, -1,2,0,1,50,5,2,1,86,86088,2,1,1,4,N10,46.547041,0.29838,13,3,3
202100022589,161Â 239,B01,1,1,2,0,0,-1,-1,-1, -1,-1,2021,18.0,1,1,0,2,0,11,3,,4,GARIBALDI                           (R ),0,,1,5,2,1,(1),(1),1,, -1,1,0,1,50,26,8,5,69,69386,2,2,0,3,GARIBALDI (R),45.76558,4.85109,22,2,2
202100005943,191Â 172,B01,3,2,2,5,1,0,-1,-1, -1,-1,2021,17.0,1,2,0,2,7,1,1,,4,ALBERT 1ER (RUE ALBERT 1ER),0,,2,2,3,1,1,0,1,, -1,2,0,1,50,27,11,5,45,45234,2,3,1,3,ALBERT 1ER (RUE ALBERT 1ER),47.90827,1.90686,16,6,2
202100037383,134Â 848,A01,10,3,1,2,0,-1,-1,2,3,3,2021,5.0,0,2,0,1,3,1,1,,4,,-1,,2,2,0,1,(1),(1),1,,4,1,9,1,-1,1,6,1,60,60612,2,1,0,6,Avenue Paul Rouge,49.196173,2.573357,8,2,1
202100046313,118Â 994,A01,1,1,1,1,2,6,-1,0,0,-1,2021,20.0,3,1,13,0,1,14,1,,4,,-1,,2,2,0,1,(1),(1),1,, -1,1,0,3,80,29,3,1,40,40123,1,1,0,7,Avenue Hosseleyre,43.797088,-1.137214,15,1,1
202100004288,194Â 093,A01,10,3,1,5,0,-1,-1,4,3,1,2021,62.0,1,1,0,1,1,1,1,,4,BOULEVARD DE COURCELLES,0,,2,4,1,1,(1),(1),1,, -1,2,0,1,30,7,12,3,75,75117,2,2,1,6,BOULEVARD DE COURCELLES,48.879555,2.305017,18,2,1
202100045074,121Â 164,A01,1,1,1,4,1,-1,-1,0,0,-1,2021,23.0,2,4,16,0,2,1,1,,3,806,-1,,2,2,0,1,87,320,1,, -1,1,0,3,90,6,4,1,48,48042,1,1,0,7,"D 806, PK 87 + 320",44.56829,3.495026,17,1,1
202100032023,144Â 506,A01,2,2,2,5,2,6,-1,0,0,-1,2021,57.0,1,1,0,0,1,14,1,,3,996,0,,2,2,0,1,0,660,2,, -1,1,0,3,80,25,6,1,1,1124,1,9,0,7,Route de Varennes,46.453289,5.2327,11,2,1
202100047792,116Â 324,A01,1,1,1,5,2,6,-1,0,0,-1,2021,60.0,1,1,0,0,0,14,1,,3,RD 921,0,,2,2,0,2,0,880,2,, -1,1,0,3,70,6,3,1,47,47215,1,1,0,7,D 821,44.36767,0.71448,17,1,1
202100025943,155Â 313,B01,1,1,1,1,2,6,9,0,0,-1,2021,49.0,1,1,0,2,1,1,1,,4,,-1,,1,2,3,1,(1),(1),1,,5,1,0,1,30,2,8,1,1,1390,1,3,0,3,Allee des Cedres,45.8302056886,5.2797534662,19,2,2
202100022184,161Â 988,A01,10,3,2,5,9,-1,-1,0,0,-1,2021,12.0,1,2,0,1,2,1,1,,3,24,0,D,2,2,0,1,10,736,1,, -1,1,0,1,50,28,8,1,34,34154,2,1,0,6,Avenue Gabriel Aldie,43.615774,4.004737,10,2,1
202100037359,134Â 889,B01,1,1,1,5,2,-1,-1,0,0,-1,2021,33.0,2,1,0,2,1,1,1,,2,1,0,,2,2,0,1,6,600,1,, -1,1,0,1,70,26,5,2,973,97307,1,6,0,3,RN 1 PR7,4.837042,-52.338889,18,3,2
202100044591,122Â 014,A01,10,3,2,9,0,-1,-1,2,3,2,2021,3.0,2,1,0,1,1,3,1,,4,AVENUE JEAN JAURES,0,,2,2,0,1,(1),(1),1,, -1,1,0,1,50,9,4,1,75,75119,2,1,0,6,AVENUE JEAN JAURES,48.886827,2.385592,14,3,1
202100021195,163Â 774,A01,1,1,1,1,2,6,-1,-1, -1,-1,2021,47.0,1,1,0,2,1,3,1,,1,Autoroute A31,0,,-1,5,0,2,327,799,1,, -1,1,0,1,110,3,9,2,57,57343,1,1,0,2,Autoroute A31,49.32778,6.18549,7,2,2
202100035902,137Â 515,A01,1,1,1,1,1,8,-1,-1, -1,-1,2021,18.0,2,2,0,4,8,15,1,,7,Avenue Jean JaurÃ¨sDU GENERAL),0,,2,2,0,1,(1),(1),1,, -1,1,4,1,50,7,6,1,59,59512,2,8,0,3,LE NOTRE (AVENUE),50.680718,3.166919,18,2,2
202100006833,189Â 567,A01,10,3,1,5,0,-1,-1,1,3,1,2021,42.0,1,1,0,1,2,26,1,,3,JEAN JAURES  (AVE)  157 A 213,0,,3,4,3,1,0,1,1,, -1,1,0,1,50,22,11,5,93,93001,2,1,0,6,JEAN JAURES  (AVE)  157 A 213,48.9108520588,2.3998103162,21,2,1
202100039277,131Â 394,B01,1,1,2,2,8,0,-1,-1, -1,-1,2021,21.0,3,1,0,2,9,1,3,,4,GOLF (AVENUE DU),0,,2,1,1,1,(1),(1),2,, -1,1,5,1,50,19,5,1,62,62826,2,6,0,3,GOLF (AVENUE DU),50.51472,1.60821,14,2,2
202100052923,107Â 122,B01,2,2,2,0,1,0,-1,-1, -1,-1,2021,45.0,1,2,0,2,3,26,1,,3,LINDBERGH (CARREFOUR),0,,2,3,0,1,0,1,3,, -1,2,0,1,50,31,1,1,93,93013,2,1,1,1,LINDBERGH (CARREFOUR),48.9407716691,2.4234849215,9,3,2
202100020121,165Â 660,A01,1,1,1,1,2,0,-1,-1, -1,-1,2021,34.0,3,1,0,0,0,1,1,,4,NOYER GRENOT (R DU),0,,2,2,0,1,0,1,1,, -1,1,0,1,50,8,9,1,94,94054,2,2,0,7,Rue du Noyer Grenot,48.74918,2.40189,9,1,1
202100019857,166Â 145,A01,10,3,1,0,0,-1,-1,1,3,1,2021,12.0,1,2,0,1,7,1,1,,4,HUGO VICTOR (RUE) HORS JARDIN PUBLIQUE,0,,2,2,0,1,0,0,1,, -1,1,0,1,50,2,9,1,72,72181,2,1,0,6,HUGO VICTOR (RUE) HORS JARDIN PUBLIQUE,48.0,0.20131,13,2,1
202100027018,153Â 420,B01,1,1,1,0,1,-1,-1,0,0,-1,2021,23.0,1,2,6,2,3,1,1,,3,838,0,D,2,2,0,1,21,(1),1,, -1,1,0,1,50,26,7,1,91,91338,2,1,0,4,10 rue de versailles,48.652614,2.072894,18,4,3
202100007610,188Â 139,A01,10,3,2,9,0,-1,-1,5,3,1,2021,13.0,3,2,0,1,1,1,1,,4,WILSON (BOULEVARD DU PRESIDENT) COTE IMP,0,,2,3,0,2,(1),(1),1,, -1,2,0,1,50,16,11,1,51,51454,1,1,1,7,Boulevard du PrÃ©sident Wilson,49.2377627867,4.0241918147,8,2,1
202100022625,161Â 174,A01,2,2,2,0,1,-1,-1,-1, -1,-1,2021,52.0,1,2,0,2,1,2,1,,4,SECRETAIN (AVENUE ROGER),0,,3,6,0,1,(1),(1),1,, -1,1,5,1,70,25,8,1,45,45232,2,2,0,2,Avenue Roger Secretain,47.8687964047,1.9118238687,8,4,2
202100053110,106Â 799,B01,1,1,2,9,1,-1,-1,0,0,-1,2021,32.0,3,2,0,2,1,15,1,,3,,0,,2,2,0,1,(1),(1),1,, -1,2,0,1,80,30,1,1,80,80350,1,2,1,3,RN 23,49.983487898,2.4930100702,11,2,2
202100012740,178Â 944,A01,1,1,1,1,2,-1,-1,0,0,-1,2021,32.0,2,1,0,2,1,17,1,,2,1,0,,2,2,0,1,45,500,1,, -1,1,0,1,60,14,10,1,987,98752,1,1,0,3,PK 45+500 RT1,-17.722055,-149.404653,9,2,2
202100008161,187Â 134,B01,1,1,1,5,1,-1,-1,0,0,-1,2021,29.0,1,2,0,2,1,1,1,,2,7,0,,2,2,0,1,21,375,1,, -1,1,5,1,80,14,11,3,38,38114,1,3,0,3,Plateau de Louze N7,45.407987,4.81184,21,4,2
202100014941,174Â 998,B01,1,1,1,5,2,-1,-1,0,0,-1,2021,60.0,2,1,0,0,0,21,1,,3,,-1,,-1,2,0,2,5,0,1,,5,2,0,1,50,27,7,5,74,74299,2,1,1,7,31 Rte du Port,45.8871305391,6.1742037535,23,2,2
202100024925,157Â 109,A01,1,1,2,3,1,-1,-1,0,0,-1,2021,69.0,0,2,9,0,3,1,1,,3,429,0,D,2,2,0,1,5,0,1,, -1,1,2,1,50,10,8,1,67,67106,2,1,1,1,Route du Rhin (Pont),48.757097,7.960244,13,4,2
202100019364,167Â 016,A01,1,1,1,0,0,-1,-1,0,0,-1,2021,54.0,-1,1,-1,-1,-1,-1,-1,,4,,-1,,2,2,-1,-1,(1),(1),-1,,3,-1,-1,1,-1,12,9,1,6,6030,2,1,-1,6,AUBAREDE (CHEMIN DE L'),43.56678,6.98616,16,1,1
202100012718,178Â 985,B01,1,1,1,3,2,6,9,0,0,-1,2021,74.0,0,1,0,2,1,1,1,,4,,-1,,2,2,0,1,(1),(1),1,,4,1,0,1,80,16,10,1,49,49373,1,2,0,3,Le Plessis Tremont,47.15468,-0.4579737,10,2,2
202100046401,118Â 831,A01,1,1,1,1,1,0,-1,-1, -1,-1,2021,42.0,3,2,0,0,4,1,0,,4,HENRI MATISSE (RUE),0,,1,1,0,1,0,0,1,, -1,1,0,1,50,27,3,1,93,93005,2,1,0,2,HENRI MATISSE (RUE),48.9562157775,2.5019477905,18,2,2
202100052460,107Â 944,A01,10,3,2,5,0,-1,-1,4,5,2,2021,16.0,1,2,0,1,1,1,1,,4,BOULEVARD BRUNE,0,,1,3,1,1,(1),(1),1,, -1,1,0,1,50,5,2,1,75,75114,2,2,0,6,BOULEVARD BRUNE,48.824738,2.318325,12,2,1
202100041569,127Â 297,A01,1,1,1,5,2,6,-1,-1, -1,-1,2021,17.0,1,1,0,2,1,2,1,,3,CASANOVA DANIELLE NR 2 A 50 ET 1 A 19,0,,2,5,0,1,0,0,1,, -1,2,0,1,50,2,5,1,93,93066,2,1,0,2,CASANOVA DANIELLE NR 2 A 50 ET 1 A 19,48.9296,2.3608,17,4,2
202100038741,132Â 375,A01,10,3,1,5,0,-1,-1,4,3,1,2021,39.0,1,2,0,1,1,9,1,,7,GEOFFROY ST HILAIRE (AVENUE),0,,2,2,0,1,48,750,1,, -1,1,0,1,50,21,5,1,83,83069,2,3,0,6,ONZE NOVEMBRE ( CARREFOUR DU),43.106191,6.128639,18,2,1
202100019693,166Â 445,A01,1,1,2,0,2,6,-1,-1, -1,-1,2021,16.0,0,1,0,0,8,2,1,,4,VERNE (RUE JULES),0,,2,2,0,1,1,0,2,, -1,2,0,1,50,10,9,1,22,22106,2,1,1,7,VERNE (RUE JULES),48.4965883381,-2.7305054038,8,1,1
202100007776,187Â 851,B01,1,1,2,0,0,-1,-1,0,0,-1,2021,81.0,1,1,0,2,0,5,-1,,3,AVENUE DE L'UNION,0,,1,2,0,1,39,956,1,, -1,1,0,1,10,15,11,1,78,78029,2,6,0,3,AVENUE DE L'UNION,48.961455,1.857959,9,2,2
202100027176,153Â 136,A01,1,1,2,5,1,-1,-1,-1,0,-1,2021,20.0,2,2,3,0,1,13,1,,1,AUTOROUTE A15,0,,3,8,0,1,8,100,1,, -1,2,0,1,50,25,7,1,95,95582,1,1,1,6,A15,48.9642700298,2.2623306513,15,1,1
202100021264,163Â 649,A01,1,1,1,1,2,6,-1,-1, -1,-1,2021,44.0,1,1,0,2,2,1,1,,4,CHEM DE SALLELE,0,,1,1,0,3,(1),(1),2,, -1,1,0,1,50,1,9,1,33,33119,2,3,0,3,Chemin de SallÃ¨le,44.85134,-0.52284,11,2,2
202100047149,117Â 490,A01,1,1,2,2,1,-1,-1,0,0,-1,2021,36.0,1,2,4,0,9,17,1,,1,16,0,A,1,4,0,1,168,200,1,, -1,1,0,1,130,22,3,1,80,80779,1,9,0,6,A16,50.11107,1.870143,7,3,1
202100036752,136Â 010,A01,1,1,1,-1,8,-1,-1,-1, -1,-1,2021,38.0,2,2,0,2,1,1,1,,7,95,0,,1,3,1,1,0,500,1,, -1,1,0,1,50,2,6,5,69,69259,2,1,0,2,IRENE JOLIOT CURIE                  (BD),45.71437,4.87944,23,2,2
202100025194,156Â 628,B01,1,1,1,5,1,-1,-1,0,0,-1,2021,34.0,1,2,0,2,8,19,1,,1,,-1,,1,1,0,1,267,0,1,, -1,1,3,1,50,8,8,1,54,54060,1,3,0,3,D657,48.8157057907,6.1071324357,12,2,2
202100049038,114Â 102,B01,2,2,2,0,1,0,-1,-1, -1,-1,2021,19.0,1,2,4,0,4,2,1,,1,AUTOROUTE A86,0,,3,6,0,1,28,100,2,, -1,1,1,1,90,6,3,1,93,93064,1,1,0,4,AUTOROUTE A86,48.87036,2.48238,12,4,3
202100005991,191Â 089,B01,1,1,1,4,2,0,-1,0,0,-1,2021,32.0,1,1,0,2,1,1,1,,4,RUE GEORGES LARDENNOIS,0,,2,0,0,2,(1),(1),2,, -1,2,0,1,30,27,11,1,75,75119,2,1,1,1,RUE GEORGES LARDENNOIS,48.877985,2.376214,16,2,2
202100051552,109Â 548,A01,1,1,1,1,1,-1,-1,0,0,-1,2021,22.0,1,2,4,0,1,1,1,,1,A13,-1,,3,3,3,2,11,200,1,, -1,1,0,1,110,10,2,3,76,76705,1,1,0,5,"Autoroute A13, PK110+900, sens PARIS/CAEN",49.3331675888,1.0809087753,19,3,3
202100034495,140Â 068,A01,1,1,1,4,0,-1,-1,0,0,-1,2021,23.0,0,5,0,2,3,19,1,,3,127,0,,2,2,0,1,18,0,1,, -1,1,0,1,80,15,6,1,60,60418,1,2,0,3,D58,49.492459,2.559396,10,2,2
202100052097,108Â 585,A01,1,1,2,5,1,0,-1,-1, -1,-1,2021,34.0,2,2,0,2,6,1,1,,1,A4,0,,-1,8,0,1,7,300,1,, -1,1,0,1,90,9,2,1,94,94017,1,1,0,6,A4,48.8290973818,2.4795805419,14,2,2
202100008555,186Â 443,A01,2,2,2,5,1,-1,-1,0,0,-1,2021,35.0,2,2,2,0,1,14,1,,3,3,0,,2,2,0,1,28,500,3,, -1,1,0,3,80,6,11,3,83,83104,1,1,0,6,D3,43.646588,5.760548,20,2,1
202100010680,182Â 628,A01,10,3,1,2,0,-1,-1,2,5,1,2021,2.0,3,2,0,1,1,17,1,,4,GRENOBLE(RUE),0,,2,2,0,1,0,0,1,, -1,1,9,1,30,26,10,1,974,97407,2,9,0,1,GRENOBLE(RUE),-20.94544,55.29354,7,2,1
202100008267,186Â 935,A01,1,1,2,2,1,0,-1,-1, -1,-1,2021,19.0,1,2,0,2,6,1,1,,3,,-1,,2,2,-1,1,1,0,1,, -1,2,0,1,50,13,11,1,94,94074,2,2,1,3,Rue Sacco et Vanzetti,48.74204,2.46635,9,2,2
202100049289,113Â 657,B01,1,1,1,0,2,8,-1,-1, -1,-1,2021,57.0,1,1,0,2,1,1,1,,4,GENERAL LECLERC (AV DU),0,,1,1,0,1,0,0,1,, -1,1,0,1,50,4,3,1,94,94046,2,1,0,2,GENERAL LECLERC (AV DU),48.8039163914,2.4444531639,13,2,2
202100046216,119Â 157,A01,10,3,1,5,8,8,-1,3,3,1,2021,15.0,2,1,0,1,1,1,1,,3,MARSEILLE (ROUTE DE),0,,2,2,0,1,26,500,1,, -1,1,0,1,30,28,3,1,83,83137,2,1,0,6,MARSEILLE (ROUTE DE),43.128739,5.88806,15,2,1
202100049822,112Â 694,E01,1,1,2,5,1,-1,-1,0,0,-1,2021,74.0,1,2,0,2,4,1,1,,2,11,0,,1,4,0,1,(1),(1),1,, -1,1,0,1,90,26,2,1,971,97103,1,9,0,5,RN 11,16.255477,-61.570886,12,8,7
202100034001,140Â 983,A01,1,1,1,0,2,0,-1,-1, -1,-1,2021,20.0,1,1,0,2,1,7,1,,3,EMILE ZOLA (AVENUE),0,,2,2,3,1,0,1,1,, -1,1,9,6,50,13,6,1,93,93059,2,1,1,3,EMILE ZOLA (AVENUE),48.952,2.3685,19,2,2
202100004317,194Â 041,A01,1,1,1,0,0,-1,-1,0,0,-1,2021,26.0,2,1,12,0,0,1,0,,3,,-1,,2,1,0,1,(1),(1),1,,3,1,0,1,50,7,12,3,974,97422,2,1,0,7,189 Rue du Paille En Queue,-21.308312,55.538191,22,1,1
202100046814,118Â 097,B01,1,1,1,5,2,-1,-1,0,0,-1,2021,31.0,2,1,0,2,1,17,1,,2,102,0,,3,2,0,4,70,200,1,, -1,1,0,1,80,25,3,1,43,43117,1,1,0,3,N102,45.238091,3.459878,11,2,2
202100031223,145Â 931,A01,2,2,2,5,2,6,-1,0,0,-1,2021,46.0,1,1,0,0,2,1,1,,3,80,0,,2,2,0,1,7,346,2,, -1,1,0,1,80,2,7,1,54,54250,1,1,0,7,D80,48.6827973591,6.3674944648,18,2,1
202100050219,111Â 948,A01,2,2,2,5,1,0,-1,0,0,-1,2021,52.0,1,2,0,2,2,15,1,,4,QUAI DE LA GARE,0,,2,2,0,1,(1),(1),1,, -1,1,0,1,50,24,2,1,75,75113,2,2,0,3,QUAI DE LA GARE,48.8374,2.373851,15,3,2
202100027792,152Â 036,A01,1,1,1,5,2,-1,-1,0,0,-1,2021,61.0,1,1,0,2,1,2,1,,3,D1,-1,A,2,2,0,1,11,931,1,, -1,1,0,1,50,21,7,1,76,76210,2,1,0,3,Route de Dieppe,49.861638,1.196716,17,3,2
202100032349,143Â 938,A01,10,3,2,3,8,8,-1,4,3,1,2021,17.0,1,0,0,1,1,1,0,,3,GALLIENI (AV.) DE 111 A 175,0,,2,3,0,1,1,0,1,, -1,1,0,1,50,25,6,1,93,93010,2,1,0,6,GALLIENI (AV.) DE 111 A 175,48.906349,2.482611,16,2,1
202100026208,154Â 849,B01,1,1,1,3,0,-1,-1,0,0,-1,2021,89.0,2,1,0,2,0,2,0,,3,,-1,,2,2,0,1,76,930,3,,5,1,0,1,50,31,7,1,85,85234,2,6,0,2,Route de Challans,46.79577,-2.048328,10,2,2
202100045533,120Â 354,B01,1,1,1,9,0,0,-1,-1, -1,-1,2021,22.0,2,1,0,0,0,0,1,,4,LAFAURIE (CITE),0,,2,1,0,1,(1),(1),1,, -1,1,0,1,50,1,4,1,973,97302,2,9,0,6,LAFAURIE (CITE),4.9320163056,-52.3239111944,11,2,2
202100010951,182Â 151,A01,1,1,1,0,2,8,-1,-1, -1,-1,2021,57.0,1,1,0,0,0,1,1,,3,11,0,,3,2,0,1,0,0,1,, -1,1,0,1,50,26,10,5,92,92036,2,3,0,7,COUTURE D'AUXERRE (RUE DE LA) (1/25),48.9250826021,2.2900177538,3,1,1
202100052737,107Â 466,A01,10,3,2,5,0,-1,-1,1,1,1,2021,39.0,1,2,0,1,2,1,1,,4,,0,,2,2,0,1,(1),(1),1,, -1,1,0,1,80,3,2,2,29,29087,1,1,0,6,VC -  lieu dit Kerarneuf,48.0467275648,-4.2361427019,17,2,1
202100019664,166Â 498,A01,10,3,2,0,0,-1,-1,2,3,1,2021,30.0,3,5,0,9,3,1,1,,4,HOOVER AVENUE DU PRESIDENT,0,,1,1,0,1,(1),(1),1,, -1,1,5,1,50,10,9,1,59,59350,2,1,0,6,HOOVER AVENUE DU PRESIDENT,50.6310712919,3.0770596862,15,2,1
202100049534,113Â 216,A01,1,1,1,4,2,8,-1,-1, -1,-1,2021,27.0,2,1,1,2,1,18,1,,3,PAUL VAILLANT COUTURIER (BD),0,,2,3,3,1,0,0,1,, -1,1,0,1,50,1,3,5,94,94041,2,1,0,6,PAUL VAILLANT COUTURIER (BD),48.81,2.39,20,3,2
202100041046,128Â 241,A01,10,3,2,0,0,-1,-1,1,3,1,2021,2.0,1,2,0,1,1,1,1,,4,GRONDIN (RUELLE MARC),0,,1,1,0,1,0,0,1,, -1,1,0,1,50,4,5,1,974,97416,2,1,0,6,GRONDIN (RUELLE MARC),-21.34877,55.48942,8,2,1
202100022643,161Â 146,A01,1,1,2,5,1,8,-1,-1, -1,-1,2021,71.0,0,2,0,2,5,23,1,,7,PEINTRES ROUX (AVENUE DES),0,,2,4,0,1,0,0,1,, -1,1,0,1,50,25,8,1,13,13212,2,1,0,2,PEINTRES ROUX (AVENUE DES),43.3037338646,5.4729360341,12,2,2
202100015179,174Â 578,A01,2,2,2,5,1,-1,-1,0,0,-1,2021,72.0,1,2,8,0,2,14,1,,1,71,-1,,3,4,0,1,231,500,2,, -1,1,0,3,130,5,10,1,18,18063,1,1,0,6,A71 - PK231+500,46.881902,2.420683,14,2,1
202100025937,155Â 322,A01,1,1,1,1,2,6,-1,0,0,-1,2021,25.0,1,1,0,2,1,17,1,,3,98,-1,,2,2,1,1,2,400,1,, -1,1,0,1,70,3,8,1,83,83065,1,1,0,1,rd98,43.263949,6.618279,18,2,2
202100007091,189Â 087,B01,1,1,2,1,1,-1,-1,0,0,-1,2021,33.0,0,2,0,2,2,1,1,,7,17,0,,2,2,0,1,(1),(1),1,, -1,1,0,1,50,21,11,3,13,13032,1,2,0,3,Route de Pelissanne,43.59216,5.254203,0,2,2
202100034383,140Â 280,A01,1,1,2,0,1,-1,-1,0,0,-1,2021,21.0,2,4,1,0,2,1,1,,1,9,-1,A,3,5,0,1,107,500,1,, -1,1,0,2,110,16,6,3,34,34270,1,1,0,2,A9 - PK 107+500,43.556728,3.824337,1,3,2
202100023622,159Â 402,B01,1,1,1,9,2,6,0,-1, -1,-1,2021,63.0,3,1,0,2,4,1,1,,3,SAINT CLOUD (RUE DE),0,,2,3,0,1,0,0,1,, -1,1,5,1,50,18,8,1,92,92072,2,1,0,2,SAINT CLOUD (RUE DE),48.8287,2.22463,14,2,2
202100049251,113Â 723,A01,1,1,1,5,2,6,-1,-1, -1,-1,2021,69.0,3,1,12,0,0,1,1,,4,GAULLE BOULEVARD CHARLES DE,0,,2,4,2,1,1,0,1,, -1,1,0,1,50,3,3,1,49,49007,2,1,0,7,GAULLE BOULEVARD CHARLES DE,47.4696519648,-0.5610403419,15,1,1
202100018816,168Â 011,B01,1,1,1,5,2,0,-1,-1, -1,-1,2021,29.0,1,1,0,2,1,1,1,,3,PARC (RUE DU),0,,1,2,2,1,0,0,1,, -1,2,0,5,50,15,9,1,93,93053,2,3,1,3,PARC (RUE DU),48.89343,2.44434,17,2,2
202100031090,146Â 170,B01,2,2,1,1,8,0,-1,-1, -1,-1,2021,38.0,1,2,0,2,1,1,1,,4,REINE BLANCHE (RUE DE LA),0,,2,2,1,1,(1),(1),3,, -1,1,0,1,50,1,7,1,45,45232,2,1,0,1,Rue de la Reine Blanche,47.87239,1.88589,7,5,2
202100023214,160Â 127,A01,1,1,1,1,2,-1,-1,0,0,-1,2021,34.0,1,1,0,2,1,1,1,,3,1205,0,D,2,2,0,3,25,200,2,, -1,1,3,1,80,20,8,1,74,74042,1,1,0,1,D1205,46.070402,6.430886,20,4,2
202100032028,144Â 497,B01,1,1,2,0,2,6,-1,0,0,-1,2021,53.0,0,1,0,2,1,1,1,,1,A500,0,A,3,4,0,2,2,600,1,, -1,1,0,1,50,28,6,1,6,6059,1,9,0,3,A500,43.733861,7.387211,10,2,2
202100023531,159Â 577,A01,10,3,1,5,0,-1,-1,9,9,2,2021,19.0,3,2,0,1,1,1,1,,5,20,0,,-1,1,0,1,(1),(1),4,, -1,9,0,6,30,19,8,3,34,34299,1,7,0,6,La SÃ©oune et la MaÃ¯re,43.264659,3.330274,2,3,1
202100002333,197Â 618,B01,1,1,1,1,1,-1,-1,0,0,-1,2021,21.0,1,2,13,2,3,1,1,,3,,-1,,2,2,0,1,22,50,1,, -1,1,0,1,80,19,12,3,13,13096,1,1,0,1,D570,43.575665,4.429207,17,2,2
202100029659,148Â 776,A01,1,1,1,5,1,-1,-1,0,0,-1,2021,50.0,1,2,2,0,8,13,1,,3,29,0,D,2,2,0,2,12,500,3,, -1,1,0,3,80,10,7,2,80,80606,1,1,0,6,D29,49.947706,1.775714,20,1,1
202100009986,183Â 850,A01,3,2,1,5,1,0,-1,-1, -1,-1,2021,9.0,1,2,0,0,1,13,1,,2,RN 104,0,,1,6,0,2,36,500,3,, -1,2,0,1,70,1,11,3,91,91340,1,1,0,6,RN 104,48.60885,2.4354,2,3,1
202100042466,125Â 712,A01,1,1,1,5,2,-1,-1,-1, -1,-1,2021,40.0,1,1,0,0,7,1,1,,4,MARITIME (BOULEVARD),0,,2,2,2,1,(1),(1),1,, -1,1,0,1,30,25,4,2,50,50602,2,1,0,7,MARITIME (BOULEVARD),49.64482,-1.59791,6,1,1
202100055988,101Â 812,B01,1,1,1,3,2,6,-1,0,0,-1,2021,23.0,2,1,0,2,1,13,1,,3,,0,,2,2,0,1,0,0,1,, -1,1,0,1,50,8,1,5,18,18197,2,1,0,1,6 Rue de Verdun,46.729279,2.507216,19,3,2
202100022582,161Â 253,A01,1,1,2,9,1,-1,-1,0,0,-1,2021,21.0,1,2,4,0,1,17,1,,3,D994,0,,2,2,0,2,65,411,2,, -1,2,0,1,50,24,8,1,5,5061,1,1,1,6,D994,44.54849,6.03825,18,1,1
202100032280,144Â 061,B01,1,1,2,5,8,0,-1,-1, -1,-1,2021,10.0,3,1,0,2,1,25,5,,4,AVENUE RHIN ET DANUBE,0,,2,3,2,1,(1),(1),1,, -1,1,0,1,50,25,6,1,38,38185,2,2,0,3,Avenue Rhin et Danube,45.17931,5.70547,18,2,2
202100042007,126Â 534,A01,1,1,1,0,1,0,-1,-1, -1,-1,2021,62.0,2,2,2,0,3,13,1,,3,MOISSAC RD 813 (ROUTE DE) ,0,,2,2,0,1,31,886,1,, -1,1,0,8,80,29,4,5,82,82033,1,1,0,7,MOISSAC RD 813 (ROUTE DE) ,44.073319,1.093719,22,1,1
202100000652,200Â 546,C01,9,2,2,5,3,8,-1,-1, -1,-1,2021,0.0,2,2,0,2,6,26,1,,3,TARBES DE,0,,4,3,0,1,21,325,1,, -1,1,0,1,50,31,12,1,64,64269,2,1,0,4,28 Route de Tarbes,43.299,-0.30581,14,4,3
202100024595,157Â 693,A01,1,1,1,9,8,0,-1,-1, -1,-1,2021,16.0,3,1,0,2,1,0,3,,9,GAMBETTA. BOULEVARD,0,,2,2,3,1,0,0,1,, -1,1,-1,6,50,11,8,1,76,76540,2,9,0,3,GAMBETTA. BOULEVARD,49.43866,1.10797,20,2,2
202100010268,183Â 353,B01,1,1,2,0,1,0,-1,-1, -1,-1,2021,20.0,1,2,0,2,6,15,1,,3,FAIDHERBE (BOULEVARD),0,,2,4,0,1,(1),(1),1,, -1,2,0,1,50,29,10,1,971,97120,2,2,1,3,FAIDHERBE (BOULEVARD),16.24006,-61.53204,5,2,2