Num_Acc,id_vehicule,num_veh,place,catu,sexe,trajet,secu1,secu2,secu3,locp,actp,etatp,year_acc,victim_age,senc,catv,obs,obsm,choc,manv,motor,occutc,catr,voie,v1,v2,circ,nbv,vosp,prof,pr,pr1,plan,lartpc,larrout,surf,infra,situ,vma,jour,mois,lum,dep,com,agg_,int,atm,col,adr,lat,long,hour,nb_victim,nb_vehicules
202100000533,200Â 749,A01,1,1,1,1,2,6,-1,-1, -1,-1,2021,27.0,1,1,1,0,9,1,1,,4,,0,,1,3,3,1,(1),(1),1,, -1,1,0,1,50,10,11,1,69,69381,2,1,0,6,PECHERIE (DE LA) (Q),45.7659,4.83087,9,1,1
202100032139,144Â 301,B01,1,1,1,9,2,0,-1,0,0,-1,2021,34.0,1,1,0,2,1,1,1,,4,BOULEVARD SOULT,0,,3,2,0,2,(1),(1),1,, -1,1,0,1,50,26,6,1,75,75112,2,4,0,3,BOULEVARD SOULT,48.83891,2.408449,11,2,2
202100045883,119Â 743,B01,2,1,1,0,2,0,-1,-1, -1,-1,2021,24.0,1,1,0,2,3,1,1,,1,86,0,,3,4,0,1,8,399,1,, -1,1,0,1,90,31,3,1,92,92036,1,1,0,3,A86,48.936748257,2.2920407186,17,2,2
202100017316,170Â 699,A01,10,3,2,5,0,-1,-1,4,3,2,2021,52.0,1,2,0,1,2,2,1,,3,603,0,,2,2,0,1,74,400,1,, -1,1,9,6,50,23,9,5,57,57484,2,1,0,6,45 Rue Nationale,49.167177,6.86689,20,2,1
202100001736,198Â 685,B01,1,1,1,4,8,-1,-1,-1, -1,-1,2021,31.0,2,1,0,2,1,1,6,,3,4 SEPTEMBRE ( AVENUE DU ),0,,2,3,0,4,18,800,1,, -1,1,0,1,50,22,12,5,3,3098,2,2,0,3,4 Avenue du 4 Septembre,46.354218,2.614314,19,2,2
202100055885,101Â 982,A01,4,2,1,5,1,0,-1,-1,0,-1,2021,6.0,2,2,4,0,2,1,1,,1,1,0,,3,6,0,1,23,800,1,, -1,1,0,1,110,8,1,4,95,95154,1,1,0,6, A1,49.05192,2.5478,18,4,1
202100013442,177Â 707,A01,1,1,1,1,2,6,9,0,0,-1,2021,16.0,2,1,12,0,2,1,1,,3,1089,0,D,2,2,0,1,32,125,2,, -1,1,0,4,50,13,10,1,42,42019,2,1,0,6,10 Rue de Clermont,45.747585,4.000799,17,1,1
202100031302,145Â 789,A01,1,1,1,9,2,6,-1,0,0,-1,2021,59.0,1,1,0,2,8,1,1,,4,BOULEVARD DE PICPUS,0,,3,1,0,1,(1),(1),2,, -1,1,0,1,50,2,7,1,75,75112,2,7,0,3,BOULEVARD DE PICPUS,48.84514,2.402397,21,2,2
202100031995,144Â 556,B01,1,1,1,9,2,6,-1,0,0,-1,2021,31.0,1,1,0,2,3,1,1,,4,AVENUE DES CHAMPS ELYSEES,0,,3,3,3,1,(1),(1),1,, -1,2,0,1,50,27,6,5,75,75108,2,2,1,5,AVENUE DES CHAMPS ELYSEES,48.867748,2.313971,2,3,3
202100038245,133Â 283,B01,1,1,2,1,8,-1,-1,0,0,-1,2021,41.0,2,2,13,0,3,21,1,,4,,0,D,2,2,0,2,(1),(1),2,0,"3,2",1,0,1,80,25,5,1,16,16207,1,1,0,6,Ld La BretaudiÃ¨re,45.85918,-0.003251,17,2,2
202100026763,153Â 882,A01,1,1,2,0,1,0,-1,-1, -1,-1,2021,27.0,2,2,0,2,1,2,1,,1,A13,0,,1,3,0,1,9,0,1,, -1,1,0,1,110,28,7,1,78,78158,1,1,0,2,A13,48.831481,2.146917,15,2,2
202100009964,183Â 888,A01,2,2,2,5,1,-1,-1,0,0,-1,2021,81.0,2,2,8,0,3,13,1,,3,934,0,E,2,2,0,1,19,530,1,, -1,2,0,3,80,1,11,1,40,40259,1,1,0,7,2375 Avenue du Bas-Armagnac,43.857341,-0.304602,17,3,1
202100035422,138Â 400,C01,1,1,2,1,1,0,-1,-1, -1,-1,2021,32.0,2,2,0,2,8,1,1,,7,35,0,,1,3,0,1,6,599,1,, -1,1,0,1,90,10,6,1,67,67447,1,1,0,4,M35,48.6021,7.73184,7,4,4
202100036160,137Â 056,B01,1,1,1,3,1,-1,-1,0,0,-1,2021,75.0,1,2,0,2,1,1,1,,3,955,0,,2,2,0,1,99,700,1,, -1,1,0,1,70,6,6,1,28,28280,1,2,1,1,D955,48.31099,0.820544,10,3,2
202100054620,104Â 153,A01,1,1,1,0,1,0,-1,-1, -1,-1,2021,26.0,0,2,0,2,4,0,1,,4,PDT WILSON(RUE) 2A24 ET 1A21,0,,2,3,0,1,0,0,1,, -1,1,0,8,70,17,1,5,92,92044,2,1,0,2,PDT WILSON(RUE) 2A24 ET 1A21,48.89039,2.2919,22,2,2
202100025664,155Â 804,A01,1,1,1,5,2,6,9,0,0,-1,2021,61.0,1,1,15,0,8,13,1,,3,909,-1,,2,2,0,2,33,425,3,, -1,2,0,3,80,4,8,1,34,34028,1,1,1,6,D909,43.598847,3.17154,14,1,1
202100035515,138Â 229,B01,1,1,2,1,1,0,-1,-1, -1,-1,2021,40.0,3,2,0,2,6,2,1,,7,RAYETTES,0,,2,2,0,2,0,0,1,, -1,1,0,1,50,7,6,1,13,13056,2,1,0,2,RAYETTES,43.41438,5.03797,9,2,2
202100035369,138Â 485,A01,1,1,2,3,1,-1,-1,0,0,-1,2021,71.0,1,2,8,0,1,1,1,,3,976,-1,,2,2,0,1,36,406,1,, -1,1,0,3,90,10,6,1,41,41043,1,1,0,6,Route Nationale - D 976,47.276885,1.458435,15,1,1
202100047957,116Â 015,A01,1,1,2,9,8,0,-1,0,0,-1,2021,24.0,2,1,0,2,1,5,5,,4,QUAI DE LA RAPEE,0,,1,3,0,2,(1),(1),1,, -1,2,0,1,50,15,3,5,75,75112,2,1,0,1,QUAI DE LA RAPEE,48.844852,2.368915,1,2,2
202100025358,156Â 332,A01,1,1,1,0,2,-1,-1,0,0,-1,2021,58.0,1,1,13,0,9,1,1,,3,205,0,D,2,2,0,1,10,878,2,, -1,1,0,3,80,7,8,2,33,33125,1,1,0,6,,45.212248,-0.876621,8,1,1
202100010334,183Â 229,B01,1,1,2,5,2,0,-1,-1, -1,-1,2021,20.0,2,0,0,2,1,1,3,,4,BAILLE (BOULEVARD),0,,2,4,1,1,0,0,1,, -1,1,0,1,50,28,10,1,13,13205,2,2,0,6,BAILLE (BOULEVARD),43.28777,5.39012,11,2,2
202100032210,144Â 186,A01,1,1,1,5,2,-1,-1,0,0,-1,2021,28.0,1,1,0,2,1,1,1,,3,7,0,N,2,2,0,1,19,0,1,, -1,1,0,1,80,27,6,1,13,13067,1,1,0,3,rD7N,43.76426,5.062037,15,4,2
202100012183,179Â 940,A01,1,1,1,9,8,0,-1,-1, -1,-1,2021,17.0,2,1,0,2,1,26,1,,4,PATRAS (RUE),0,,1,1,0,1,0,0,1,, -1,1,0,1,50,19,10,1,77,77131,2,3,0,1,PATRAS (RUE),48.81407,3.08329,14,3,2
202100016858,171Â 486,A01,10,3,1,5,0,-1,-1,3,3,2,2021,9.0,1,2,0,1,1,9,1,,2,AUTOROUTE A 46 ROCADE EST           (XX),0,,1,1,0,1,33,50,1,, -1,1,3,1,50,25,9,5,69,69275,2,6,0,6,N346,45.7699,4.98437,20,3,1
202100013252,178Â 054,A01,2,2,2,5,1,0,-1,-1, -1,-1,2021,79.0,1,2,0,2,7,15,1,,4,SAULNOIS (RUE DU),0,,2,2,0,1,(1),(1),1,, -1,1,0,1,50,14,10,1,54,54304,2,2,1,3,RESISTANCE (AV. DE LA -IMPAIR-),48.6941943614,6.1316525361,10,3,2
202100041413,127Â 577,A01,1,1,2,1,2,0,-1,0,0,-1,2021,45.0,1,0,14,0,2,12,3,,4,RUE DE RIVOLI,0,,2,3,1,1,(1),(1),1,, -1,1,9,5,50,4,5,1,75,75101,2,1,0,6,RUE DE RIVOLI,48.863032,2.334491,13,1,1
202100009225,185Â 224,B01,1,1,1,0,2,0,-1,-1, -1,-1,2021,17.0,3,1,0,2,8,1,1,,4,DURAND GEORGES (AV) NÂ° PAIRS 166 A 310,0,,3,2,2,1,0,0,1,, -1,1,0,1,50,5,11,5,72,72181,2,2,0,3,DURAND GEORGES (AV) NÂ° PAIRS 166 A 310,47.97122,0.21692,22,2,2
202100039149,131Â 646,B01,1,1,1,0,8,0,-1,-1, -1,-1,2021,56.0,1,2,0,2,1,1,1,,4,RUE PAUL HOCHART,0,,2,2,0,1,0,0,1,, -1,1,0,1,50,20,5,1,94,94021,2,1,0,2,RUE PAUL HOCHART,48.77597,2.35782,19,2,2
202100028979,149Â 926,B01,1,1,2,1,1,5,-1,-1, -1,-1,2021,32.0,1,2,0,2,1,1,1,,7,GARDANNE (ROUTE DE ),0,,1,0,0,1,0,0,2,, -1,1,0,1,50,14,7,2,13,13001,2,9,0,1,GARDANNE (ROUTE DE ),43.53,5.40683,6,2,2
202100045823,119Â 848,A01,1,1,1,0,2,6,-1,-1, -1,-1,2021,29.0,1,1,0,2,1,18,1,,3,RUE DU 08 MAI 1945,0,,1,3,1,1,0,0,1,, -1,1,0,5,50,31,3,1,92,92024,2,2,0,3,RUE DU 08 MAI 1945,48.8982576742,2.310154438,18,2,2
202100045227,120Â 882,A01,10,3,1,0,0,-1,-1,2,3,3,2021,13.0,1,2,0,0,0,2,0,,4,FAURE BELON,0,,1,1,0,1,(1),(1),1,, -1,1,0,1,50,19,3,1,42,42218,2,1,0,6,Rue Faure Belon,45.433241,4.388527,17,2,1
202100031063,146Â 216,B01,1,1,2,5,1,0,-1,-1, -1,-1,2021,64.0,1,2,0,2,3,1,1,,3,RD 152,0,,2,2,0,1,5,0,1,, -1,1,0,1,80,1,7,1,55,55029,1,1,0,1,RD 152,48.73204,5.15641,18,2,2
202100052662,107Â 593,A01,10,3,1,0,8,8,-1,2,3,1,2021,10.0,1,2,0,1,1,1,1,,4,LANGUEDOC (RUE DU),0,,2,3,0,1,0,0,1,, -1,2,0,1,50,1,2,1,67,67482,2,1,1,6,LANGUEDOC (RUE DU),48.548816,7.741721,13,2,1
202100004834,193Â 144,Z01,10,3,1,3,0,-1,-1,2,3,1,2021,24.0,1,4,0,1,3,1,0,,3,CLEMENCEAU GEORGES AVENUE NÂ° PAIR,0,,2,5,2,1,0,0,1,, -1,2,0,1,50,3,12,5,92,92050,2,1,1,6,CLEMENCEAU GEORGES AVENUE NÂ° PAIR,48.8857970987,2.217797935,22,2,1
202100005232,192Â 429,B01,1,1,1,5,1,-1,-1,-1,0,-1,2021,36.0,2,2,0,2,1,1,1,,3,VAILLANT CHARLES (AVENUE),0,,2,2,0,1,2,250,2,, -1,1,0,1,50,29,11,5,95,95019,2,1,0,1,VAILLANT CHARLES (AVENUE),48.98504,2.40222,23,5,2
202100000704,200Â 454,A01,10,3,2,5,0,-1,-1,4,3,1,2021,77.0,2,2,0,1,1,15,1,,3,MAURICE BERTEAUX (R),0,,1,1,0,1,1,0,1,, -1,1,0,1,50,31,12,1,94,94079,2,2,0,6,Rue Maurice Berteaux,48.82907,2.53938,16,2,1
202100054192,104Â 883,A01,10,3,1,0,0,-1,-1,2,3,2,2021,5.0,0,2,0,1,8,1,1,,4,BIZET. AVENUE GEORGES (SUD),0,,-1,2,0,1,0,0,1,, -1,1,0,1,50,19,1,5,76,76157,2,1,0,6,Avenue Georges Bizet,49.4575868487,1.0323054841,19,3,1
202100030047,148Â 075,B01,1,1,1,0,2,0,-1,-1, -1,-1,2021,24.0,3,1,0,2,1,1,1,,3,7,0,,1,2,1,1,0,0,1,, -1,1,0,1,50,7,7,1,92,92062,2,3,0,3,LAFARGUES (RUE PAUL),48.883889,2.249584,17,2,2
202100015018,174Â 861,A01,1,1,1,0,2,0,-1,-1, -1,-1,2021,23.0,3,1,0,0,1,1,3,,4,BERGIER (RUE),0,,2,2,0,2,(1),(1),1,, -1,1,0,1,50,1,10,5,63,63113,2,1,0,7,BERGIER (RUE),45.78242,3.08427,21,1,1
202100001047,199Â 892,A01,1,1,1,4,1,0,-1,-1, -1,-1,2021,48.0,1,2,0,2,1,1,0,,3,REPUBLIQUE ( AV. DE LA ),0,,2,2,0,1,0,120,1,, -1,2,0,1,50,28,12,5,3,3185,2,2,1,3,REPUBLIQUE ( AV. DE LA ),46.34375,2.59978,21,5,2
202100041290,127Â 803,A01,10,3,2,5,0,-1,-1,3,3,1,2021,56.0,0,2,0,1,2,1,1,,4,BELLONTE (RD-PT MAURICE),0,,-1,1,0,1,(1),(1),2,, -1,1,0,1,50,8,4,1,31,31069,2,1,0,6,BELLONTE (RD-PT MAURICE),43.627,1.38531,19,2,1
202100017618,170Â 127,A01,10,3,1,2,0,-1,-1,3,3,2,2021,6.0,2,2,0,1,1,1,1,,4,BORRELY (RUE ALEXANDRE),0,,2,1,0,2,0,0,1,, -1,1,0,1,30,21,9,1,83,83137,2,1,0,6,BORRELY (RUE ALEXANDRE),43.1319,5.93507,17,2,1
202100006458,190Â 252,A01,1,1,1,9,8,0,-1,0,0,-1,2021,41.0,2,1,12,0,3,13,5,,4,BOULEVARD RASPAIL,0,,1,2,3,1,(1),(1),1,, -1,1,0,1,30,24,11,5,75,75106,2,4,0,6,BOULEVARD RASPAIL,48.842413,2.329555,22,1,1
202100022530,161Â 358,A01,1,1,1,9,2,-1,-1,0,0,-1,2021,36.0,0,1,0,6,1,1,1,,3,554,0,D,2,2,0,1,0,700,1,, -1,1,0,1,80,27,8,3,60,60447,1,1,0,6,RD 554,49.2802272896,2.7682679797,1,1,1
202100049573,113Â 147,A01,1,1,2,1,1,0,-1,-1, -1,-1,2021,57.0,1,2,0,2,8,1,2,,1,A50-Sens Aubagne vers Marseille,0,,1,2,0,2,2,900,1,, -1,1,1,1,70,25,2,1,13,13210,1,1,0,3,A50-Sens Aubagne vers Marseille,43.28603,5.43057,8,2,2
202100016985,171Â 259,A01,1,1,1,5,2,8,-1,-1, -1,-1,2021,61.0,1,1,0,2,1,2,1,,4,SAINT MARCEL (BOULEVARD DE ),0,,2,2,0,1,0,0,1,, -1,1,0,1,50,23,9,1,13,13211,2,1,0,3,SAINT MARCEL (BOULEVARD DE ),43.2874782328,5.4652842346,17,2,2
202100021527,163Â 164,A01,1,1,1,0,2,6,-1,0,0,-1,2021,64.0,1,1,0,0,7,21,1,,3,985,-1,D,2,2,0,1,12,750,1,, -1,1,0,1,80,31,8,1,58,58170,1,1,0,2,Route de Clamecy,47.336816,3.65952,18,2,2
202100011912,180Â 432,A01,1,1,1,0,0,-1,-1,0,0,-1,2021,88.0,3,2,2,0,1,0,1,,4,,-1,,2,2,0,2,(1),(1),3,,4,1,0,3,80,21,10,3,12,12161,1,1,0,6,Mouret,44.530917,2.53237,19,1,1
202100016676,171Â 820,A01,1,1,1,5,2,0,-1,0,0,-1,2021,28.0,1,1,0,1,2,1,5,,4,RUE LINOIS,0,,2,5,1,2,(1),(1),1,, -1,2,0,5,30,26,9,1,75,75115,2,3,1,6,RUE LINOIS,48.848529,2.282887,15,2,1
202100016117,172Â 835,A01,1,1,1,0,-1,0,-1,-1, -1,-1,2021,16.0,1,1,0,2,1,2,5,,4,RUE DES PRES SAINT MARTIN,0,,3,2,0,1,0,0,1,, -1,1,0,1,50,28,9,1,77,77373,2,1,0,2,RUE DES PRES SAINT MARTIN,48.7915880156,2.6133362983,16,2,2
202100024511,157Â 846,B01,1,1,1,0,2,0,-1,-1, -1,-1,2021,49.0,1,1,0,2,3,1,0,,3,BRETELLE DE LAUTOROUTE RD 913,0,,2,2,0,1,2,0,3,, -1,1,0,1,70,12,8,1,64,64545,2,1,0,3,BRETELLE DE LAUTOROUTE RD 913,43.38903,-1.69996,12,2,2
202100018129,169Â 211,B01,1,1,2,0,1,0,-1,-1, -1,-1,2021,30.0,1,2,0,2,2,1,1,,4,ORLEANS D',0,,2,2,0,1,0,0,1,, -1,2,0,1,30,18,9,1,64,64445,2,1,1,3,ORLEANS D',43.2988946187,-0.3739465433,12,3,2
202100055911,101Â 936,B01,1,1,1,4,1,0,-1,-1, -1,-1,2021,23.0,3,2,0,2,1,1,1,,4,RUE ALBERT CAMUS,0,,2,2,0,1,0,0,1,, -1,2,0,1,30,6,1,2,58,58194,2,3,1,1,RUE ALBERT CAMUS,46.99295,3.12963,7,2,2
202100040911,128Â 498,B01,1,1,1,9,2,6,-1,0,0,-1,2021,17.0,1,1,0,2,1,1,1,,4,LATTRE DE TASSIGNY(AVENUE DU MARECHAL DE,0,,2,2,0,2,0,0,1,, -1,1,0,1,50,3,5,1,47,47323,2,2,0,3,LATTRE DE TASSIGNY(AVENUE DU MARECHAL DE,44.41707,0.71056,12,2,2
202100039823,130Â 396,A01,1,1,1,0,2,-1,-1,0,0,-1,2021,20.0,0,1,0,2,7,9,1,,4,MASSON PAUL (DE 11 A 89 ET 12 A 96),0,,1,0,0,1,(1),(1),1,, -1,1,0,1,50,15,5,5,29,29019,2,1,0,3,Rue Paul Masson,48.39989,-4.48039,22,2,2
202100020404,165Â 165,B01,1,1,1,1,1,-1,-1,0,0,-1,2021,28.0,3,2,0,2,8,15,1,,3,532,0,,2,2,0,1,48,600,1,, -1,1,0,1,70,8,9,2,7,7324,1,3,0,3,Route de Lamastre,45.064687,4.790361,6,6,2
202100024796,157Â 330,A01,1,1,1,5,2,6,2,0,0,-1,2021,65.0,1,1,2,0,1,0,1,,3,,-1,,2,2,0,1,23,0,2,, -1,1,0,3,80,10,8,1,25,25464,1,1,0,6,,46.723716,6.152317,11,1,1
202100016643,171Â 882,A01,1,1,1,0,0,8,-1,0,0,-1,2021,39.0,2,0,0,2,1,15,3,,4,MORTAGNE (RUE GUILLAUME DE),0,,2,2,0,1,(1),(1),1,, -1,1,0,1,50,25,9,5,59,59599,2,3,0,1,MORTAGNE (RUE GUILLAUME DE),50.738642884,3.176691257,20,2,2
202100020832,164Â 408,A01,10,3,1,5,0,-1,-1,3,3,2,2021,42.0,3,2,0,1,7,9,1,,4,CLAIRE (DE LA)                      (R ),0,,2,2,2,1,(1),(1),1,, -1,1,0,8,30,4,9,1,69,69389,2,3,0,6,GARE D'EAU (DE LA) (Q),45.78099,4.80809,13,2,1
202100008975,185Â 672,B01,2,2,1,0,1,0,-1,-1, -1,-1,2021,33.0,1,2,0,2,4,0,1,,3,FERRY (RUE JULES),0,,2,2,0,2,1,0,1,, -1,2,0,1,50,7,11,1,93,93064,2,9,0,4,Rue Jules Ferry,48.87539,2.47777,11,5,3
202100023888,158Â 934,A01,1,1,2,5,1,0,-1,-1, -1,-1,2021,31.0,2,2,0,0,9,1,1,,3,D951,0,,2,2,0,1,27,515,1,, -1,1,0,3,80,15,8,1,41,41295,1,1,0,7,D951,47.60286,1.37462,10,1,1
202100048047,115Â 862,A01,1,1,2,0,1,0,-1,-1, -1,-1,2021,22.0,0,0,0,2,3,26,1,,3,VAILLANT COUTURIER (AVENUE PAUL),0,,1,4,0,1,0,1,1,, -1,2,5,1,50,14,3,5,93,93008,2,9,1,3,VAILLANT COUTURIER (AVENUE PAUL),48.9069600222,2.4587189555,0,2,2
202100007192,188Â 899,B01,1,1,1,0,8,0,-1,-1, -1,-1,2021,61.0,3,1,0,2,0,16,5,,4,BERTINIERE (RUE DE LA) NÂ° IMP,0,,2,2,2,1,0,0,1,, -1,1,0,1,50,9,11,1,72,72181,2,6,0,3,BERTINIERE (RUE DE LA) NÂ° IMP,47.99208,0.2164,14,2,2
202100035168,138Â 846,A01,1,1,1,5,2,8,-1,0,0,-1,2021,60.0,2,1,15,0,1,0,1,,3,218,0,B,2,2,0,2,22,175,3,, -1,1,0,8,80,12,6,1,73,73186,1,1,0,6,D218b,45.795442,6.541451,13,1,1
202100024183,158Â 439,A01,10,3,2,5,0,-1,-1,5,4,1,2021,81.0,1,2,0,1,4,4,1,,6,122,-1,,-1,-1,0,1,5,74,3,, -1,1,0,4,50,14,8,1,15,15122,2,1,0,6,Rue Tour de Ville,44.711065,2.197512,17,2,1
202100043793,123Â 404,A01,1,1,2,1,2,0,-1,0,0,-1,2021,35.0,2,0,0,2,1,1,3,,4,RUE D AUBERVILLIERS,0,,3,2,1,3,(1),(1),1,, -1,1,-1,5,50,16,4,1,75,75118,2,2,0,3,RUE D AUBERVILLIERS,48.898708,2.370373,7,2,2
202100028221,151Â 249,A01,10,3,2,0,8,-1,-1,3,B,1,2021,21.0,1,2,0,1,3,0,1,,9,,-1,,1,2,0,1,(1),(1),2,,4,1,0,8,50,13,7,1,36,36088,2,7,0,6,Place de la Croix de Pierre,46.947702,1.997125,14,2,1
202100018476,168Â 605,B01,1,1,1,5,2,-1,-1,0,0,-1,2021,8.0,2,1,0,2,7,19,5,,3,,-1,,2,2,1,1,(1),(1),1,,4,1,9,1,50,17,9,1,68,68375,2,1,0,1,75 Rue de Reiningue,47.797334,7.231606,18,2,2
202100004779,193Â 237,A01,10,3,1,2,0,-1,-1,3,3,1,2021,15.0,1,2,0,1,1,9,3,,4,CAPUCINS (AVENUE DES),0,,2,2,0,1,(1),(1),1,, -1,2,9,1,30,3,12,5,27,27681,2,2,1,6,CAPUCINS (AVENUE DES),49.09357,1.47187,16,2,1
202100010525,182Â 912,B01,1,1,1,9,8,0,-1,-1, -1,-1,2021,64.0,1,1,0,2,2,26,5,,4,FLANDRE,0,,2,2,0,1,1,0,1,, -1,1,0,1,50,27,10,1,49,49007,2,1,0,3,Boulevard Auguste Allonneau,47.480635,-0.527506,18,2,2
202100027667,152Â 266,A01,1,1,2,0,1,8,-1,-1, -1,-1,2021,36.0,1,2,0,2,1,2,1,,1,A13Y,0,,1,2,0,1,13,0,1,, -1,1,0,1,110,22,7,1,78,78043,1,1,0,2,A13Y,48.842619,2.093643,18,2,2
202100041301,127Â 784,C01,4,2,1,0,1,0,-1,-1, -1,-1,2021,3.0,1,2,0,2,1,1,1,,3,ROCADE OUEST (RD 610),0,,3,4,0,1,16,100,1,, -1,2,0,1,100,4,5,1,10,10081,1,1,1,4,ROCADE OUEST (RD 610),48.3068429523,4.0226697922,16,6,3
202100035441,138Â 362,B01,1,1,1,1,2,6,-1,-1, -1,-1,2021,23.0,1,1,0,2,1,3,1,,1,A4,0,,3,6,0,1,12,899,1,, -1,1,0,1,110,10,6,1,93,93051,1,1,0,2,A4,48.83617,2.5497,14,2,2
202100041303,127Â 780,A01,10,3,1,0,0,-1,-1,4,3,1,2021,41.0,3,2,0,1,1,16,1,,4,BLANQUI (RUE),0,,2,2,0,2,0,0,1,, -1,2,0,1,50,4,5,1,10,10387,2,2,1,6,BLANQUI (RUE),48.29094,4.07022,7,2,1
202100032922,142Â 910,C01,1,1,1,0,8,0,-1,-1, -1,-1,2021,28.0,3,2,0,0,4,2,1,,4,LAFARGUE (RUE PAUL),0,,-1,0,0,1,0,0,1,, -1,1,0,1,50,22,6,1,93,93078,2,3,0,4,LAFARGUE (RUE PAUL),48.94856,2.54656,9,3,3
202100048616,114Â 863,A01,1,1,1,5,2,6,-1,0,0,-1,2021,73.0,1,1,0,0,2,1,1,,3,Non,0,N,2,2,0,2,24,10,1,, -1,1,0,1,80,10,3,1,66,66105,1,1,0,7,Route du Col de Creu,42.598426,2.131924,13,1,1
202100039947,130Â 183,A01,1,1,1,0,2,0,-1,0,0,-1,2021,18.0,0,1,0,2,0,0,1,,4,REPUBLIQUE (RUE),0,,2,2,0,1,0,0,1,, -1,1,0,1,50,9,5,1,30,30189,2,1,0,6,REPUBLIQUE (RUE),43.8276,4.3542,9,2,2
202100009025,185Â 581,A01,10,3,1,2,0,-1,-1,2,3,1,2021,10.0,1,5,0,1,6,1,1,,3,108,-1,,2,2,0,2,0,100,1,, -1,1,0,1,50,4,11,1,971,97116,2,1,0,6,Chemin de Brion Lebraire,16.33068,-61.458284,16,2,1
202100019051,167Â 587,A01,1,1,1,0,8,-1,-1,0,0,-1,2021,46.0,1,5,16,0,9,0,1,,3,432,-1,,2,2,0,1,28,500,2,, -1,2,0,3,80,15,9,3,68,68288,1,1,1,7,D432 - PK28+500,47.543309,7.256641,2,1,1
202100027838,151Â 955,A01,1,1,1,0,2,-1,-1,0,0,-1,2021,24.0,2,1,0,2,1,23,1,,2,,0,,2,2,0,1,14,0,1,, -1,1,0,1,40,20,7,1,987,98745,1,1,0,2,"Quartier Hatupa, district de Tiva",-16.5833493804,-151.4943116158,11,2,2
202100043676,123Â 608,A01,1,1,1,0,2,6,-1,0,0,-1,2021,33.0,1,1,0,2,1,5,1,,4,,-1,,2,2,0,1,(1),(1),3,, -1,1,0,1,30,17,4,1,60,60539,2,1,0,1,Rue Frederic Kuhlmann,49.291547,2.507769,20,2,2
202100046740,118Â 223,B01,1,1,1,1,1,0,-1,-1, -1,-1,2021,60.0,2,2,0,2,4,2,1,,3,,0,,2,2,0,1,52,455,1,, -1,1,0,1,80,23,3,1,85,85191,1,1,0,4,D160,46.68461,-1.38495,8,3,3
202100002402,197Â 486,D01,1,1,1,9,8,0,-1,-1, -1,-1,2021,31.0,3,1,6,2,0,23,3,,3,MARZY,0,,2,2,0,1,0,0,1,, -1,1,0,1,30,14,12,5,58,58194,2,3,0,5,MARZY,46.98741,3.14082,18,6,4
202100025852,155Â 477,A01,1,1,1,1,1,-1,-1,-1,0,-1,2021,55.0,2,5,4,0,7,1,1,,1,AUTOROUTE A15,0,,3,6,0,1,12,0,1,, -1,1,0,1,110,2,8,1,95,95252,1,1,0,6,A15,48.98309,2.21899,7,1,1
202100040954,128Â 413,A01,1,1,1,9,8,0,-1,0,0,-1,2021,34.0,2,1,0,2,8,13,5,,4,RUE DU FAUBOURG DU TEMPLE,0,,2,2,0,1,(1),(1),1,, -1,1,0,1,30,22,2,1,75,75110,2,7,0,3,RUE DU FAUBOURG DU TEMPLE,48.867745,2.364357,9,2,2
202100011533,181Â 102,A01,1,1,1,3,8,-1,-1,-1, -1,-1,2021,73.0,2,0,0,2,8,1,3,,4,LAURE DIEBOLD                       (R ),0,,2,2,1,1,(1),(1),1,, -1,1,2,1,50,22,10,1,69,69389,2,2,0,1,LAURE DIEBOLD (R),45.7777358212,4.8015393936,17,2,2
202100048787,114Â 563,Z01,10,3,2,1,0,-1,-1,4,3,1,2021,40.0,1,2,0,1,2,1,0,,4,BAC (AV DU),0,,2,2,0,1,0,0,1,, -1,1,0,1,30,6,3,1,94,94068,2,1,0,6,BAC (AV DU),48.79379,2.51321,8,2,1
202100002941,196Â 518,A01,1,1,1,5,2,8,-1,-1, -1,-1,2021,23.0,2,1,0,2,2,17,1,,3,RD 70 (route dÃ©partementale),0,,2,2,0,1,0,800,1,, -1,1,0,1,70,14,12,1,29,29039,1,1,0,3,RD 70 (route dÃ©partementale),47.90426,-3.90714,15,2,2
202100005505,191Â 954,A01,10,3,2,5,8,8,-1,3,3,1,2021,79.0,1,2,0,1,4,4,1,,4,,0,,1,1,0,1,(1),(1),1,, -1,1,0,1,30,24,11,2,54,54580,2,4,0,6,Place Jeanne dâArc,49.469435,5.930231,16,2,1
202100000960,200Â 035,A01,10,3,2,5,0,-1,-1,5,9,1,2021,18.0,0,2,0,1,1,25,1,,4,FARCIENNES AVENUE DE,0,,2,2,0,1,(1),(1),1,, -1,1,0,4,50,30,11,5,30,30032,2,1,0,6,FARCIENNES AVENUE DE,43.8121,4.63036,19,2,1
202100030092,147Â 991,A01,1,1,1,0,8,-1,-1,0,0,-1,2021,55.0,1,2,2,0,1,1,1,,3,97,-1,,2,2,0,1,15,70,2,, -1,1,0,3,80,8,7,2,37,37162,1,1,0,6,lieu dit la LyÃ©,47.0981092601,0.9173853905,22,1,1
202100006372,190Â 407,B01,1,1,1,9,2,0,-1,-1, -1,-1,2021,24.0,1,1,0,2,6,1,1,,1,13,0,,-1,3,0,1,7,0,1,, -1,1,0,1,110,24,11,3,92,92047,1,1,0,3,A13,48.8346977868,2.1715104079,20,2,2