Num_Acc,id_vehicule,num_veh,place,catu,sexe,trajet,secu1,secu2,secu3,locp,actp,etatp,year_acc,victim_age,senc,catv,obs,obsm,choc,manv,motor,occutc,catr,voie,v1,v2,circ,nbv,vosp,prof,pr,pr1,plan,lartpc,larrout,surf,infra,situ,vma,jour,mois,lum,dep,com,agg_,int,atm,col,adr,lat,long,hour,nb_victim,nb_vehicules
202100037234,135Â 128,A01,10,3,1,4,0,-1,-1,9,1,1,2021,22.0,0,2,0,1,8,1,1,,4,OGNOIS (RUE MARIE),0,,2,2,0,1,(1),(1),1,, -1,1,0,1,50,4,5,1,51,51454,2,1,0,7,Rue Marie Ognois,49.2688673415,4.0735822733,15,3,1
202100020831,164Â 409,A01,10,3,2,5,0,-1,-1,9,3,2,2021,6.0,-1,5,0,1,3,15,1,,7,ROUTE DE STRASBOURG                 (RO),0,,2,2,0,1,(1),(1),1,, -1,1,9,8,30,4,9,1,69,69286,2,9,0,6,STRASBOURG (DE) (RTE),45.81944,4.89429,15,2,1
202100038610,132Â 621,B01,1,1,1,4,1,0,-1,-1, -1,-1,2021,45.0,3,3,0,2,0,0,1,1.0,3,GRAND VAUX (RUE),0,,3,3,0,2,0,0,3,, -1,1,5,1,30,23,5,5,91,91216,2,2,0,2,GRAND VAUX (RUE),48.670079,2.332629,1,2,2
202100031658,145Â 166,A01,1,1,1,3,2,6,9,0,0,-1,2021,70.0,1,1,16,0,1,0,1,,2,20,-1,,2,2,0,2,90,655,1,, -1,1,9,8,80,1,7,1,9,9189,1,9,0,7,RN 20,42.635692,1.829013,12,1,1
202100016280,172Â 534,B01,1,1,2,1,1,-1,-1,0,0,-1,2021,52.0,2,2,0,2,2,1,1,,3,122,0,D,2,2,0,1,12,600,2,, -1,1,0,1,70,29,9,1,56,56070,1,3,0,3,Le Petit Rouvran,47.916047,-2.527927,16,2,2
202100024816,157Â 298,A01,2,2,2,9,1,-1,-1,0,0,-1,2021,19.0,2,2,2,0,8,1,1,,3,562,-1,,2,2,0,1,68,0,2,, -1,1,0,5,80,11,8,2,83,83055,1,1,0,6,RD 562,43.5961782301,6.6944093852,6,2,1
202100033845,141Â 262,B01,1,1,2,0,1,0,-1,-1, -1,-1,2021,20.0,1,2,0,2,7,2,1,,2,MONTPELLIER (ROUTE DE),0,,1,2,0,1,0,0,1,, -1,1,0,1,50,15,6,2,30,30189,2,6,0,3,MONTPELLIER (ROUTE DE),43.8075,4.325,21,2,2
202100008131,187Â 186,B01,1,1,2,1,1,0,-1,-1, -1,-1,2021,42.0,1,2,0,2,6,1,1,,1,A4,0,,-1,4,0,2,10,0,1,, -1,1,1,1,90,15,11,1,94,94017,1,1,0,3,A4,48.8266914586,2.5155472755,13,2,2
202100007444,188Â 445,A01,1,1,1,4,2,6,-1,0,0,-1,2021,44.0,1,1,0,0,0,1,1,,4,RUE DE ROCHECHOUART,0,,2,2,2,3,(1),(1),1,, -1,1,0,1,30,18,11,1,75,75109,2,4,0,7,RUE DE ROCHECHOUART,48.877345,2.344661,12,1,1
202100005855,191Â 323,A01,1,1,1,0,1,0,-1,-1, -1,-1,2021,51.0,2,2,0,0,3,1,1,,1,AUTOROUTE A86,0,,3,6,0,1,18,500,1,, -1,2,0,1,90,28,11,3,93,93027,1,1,1,6,AUTOROUTE A86,48.92867,2.41463,0,1,1
202100051071,110Â 386,A01,1,1,1,1,2,6,-1,-1, -1,-1,2021,26.0,1,1,0,2,1,17,1,,4,SAINT PIERRE (RUE),0,,2,2,0,1,0,0,1,, -1,1,0,1,50,17,2,1,13,13205,2,3,0,3,SAINT PIERRE (RUE),43.2918330003,5.4074828052,14,2,2
202100024256,158Â 311,B01,1,1,2,0,8,8,-1,-1, -1,-1,2021,41.0,2,1,0,2,0,1,3,,4,,0,,2,2,0,2,0,0,2,, -1,1,0,1,50,13,8,5,67,67482,2,3,0,1,PECHEURS (QUAI DES),48.58238,7.75729,0,3,2
202100017550,170Â 254,A01,1,1,1,5,8,-1,-1,0,0,-1,2021,84.0,2,2,0,2,1,5,1,,3,663,0,,2,2,0,2,3,900,1,, -1,1,0,1,50,22,9,1,2,2103,2,1,0,1,18 Rue d Oisy,50.012779,3.694735,18,3,2
202100010437,183Â 066,A01,1,1,1,0,1,-1,-1,0,0,-1,2021,74.0,2,2,13,0,1,0,1,,7,908,0,,-1,2,0,2,32,400,3,, -1,1,0,8,80,29,10,1,13,13072,1,1,0,7,D908,43.420448,5.617082,13,1,1
202100012790,178Â 859,A01,1,1,1,5,1,0,-1,-1, -1,-1,2021,32.0,2,2,4,0,3,1,1,,2,385,0,,3,4,0,1,56,99,1,, -1,1,0,1,110,17,10,1,91,91645,1,1,0,6,RN 385 ExtÃ¨rieure,48.7607440032,2.2527298445,9,1,1
202100012633,179Â 132,A01,1,1,2,5,1,-1,-1,-1, -1,-1,2021,26.0,1,2,0,2,3,13,1,,7,RD46,0,,2,2,0,1,0,626,1,, -1,1,0,1,80,15,10,1,83,83137,1,1,0,1,RD46,43.131831,5.918982,17,4,2
202100013553,177Â 494,A01,1,1,1,5,2,0,-1,0,0,-1,2021,72.0,2,1,0,0,0,9,5,,3,LUYE ( ROUTE DE LA ),0,,2,2,0,1,3,470,1,, -1,9,0,1,80,12,10,1,5,5061,1,1,0,7,LUYE ( ROUTE DE LA ),44.5177,6.0644,14,1,1
202100008226,187Â 009,A01,1,1,1,0,1,0,-1,-1, -1,-1,2021,23.0,1,2,0,2,2,1,1,,1,AUTOROUTE A1,0,,3,4,0,1,10,300,1,, -1,2,0,1,110,14,11,2,93,93007,1,1,1,6,AUTOROUTE A1,48.9509602862,2.4498930167,8,2,2
202100028944,149Â 990,B01,1,1,2,2,1,8,-1,-1, -1,-1,2021,22.0,2,2,0,0,0,0,1,,2,RN 104,0,,1,2,0,1,44,0,1,, -1,1,0,1,110,15,7,1,91,91235,1,1,0,2,RN 104,48.62382,2.3686,14,2,2
202100028158,151Â 369,A01,1,1,1,1,2,6,-1,0,0,-1,2021,61.0,1,1,0,2,3,3,1,,4,PORTE DE VINCENNES,0,,1,4,0,1,32,200,1,, -1,1,0,1,70,19,7,1,75,75112,2,1,0,2,PORTE DE VINCENNES,48.844051,2.413842,15,2,2
202100007506,188Â 342,B01,1,1,2,3,1,-1,-1,0,0,-1,2021,67.0,2,2,0,2,6,1,1,,7,113,0,D,2,2,0,1,34,200,1,, -1,1,0,1,90,19,11,1,13,13051,1,1,0,3,Route Departementale 113,43.595649,5.104984,11,3,2
202100049523,113Â 234,A01,10,3,1,9,0,-1,-1,5,1,1,2021,55.0,1,3,0,1,2,7,2,1.0,4,PLACE DE CLICHY,0,,1,2,3,1,(1),(1),1,, -1,1,-1,6,50,1,3,1,75,75109,2,1,0,6,PLACE DE CLICHY,48.883639,2.328217,17,2,1
202100020691,164Â 645,A01,2,2,2,3,1,0,-1,-1, -1,-1,2021,81.0,1,2,6,0,1,26,1,,3,SAINT FIRMIN DES VIGNES (RUE DE),0,,2,2,0,2,2,105,1,, -1,1,0,8,50,4,9,1,45,45004,2,1,0,6,564 Rue de Saint-Firmin-des-Vignes,47.9772829841,2.7366634011,12,2,1
202100054531,104Â 302,B01,1,1,2,1,1,0,-1,-1, -1,-1,2021,36.0,2,2,0,2,8,1,1,,1,A7-Sens Marseille vers Lyon,0,,1,3,0,2,277,0,1,, -1,1,0,1,90,19,1,1,13,13215,1,1,0,3,A7-Sens Marseille vers Lyon,43.34911,5.36987,11,2,2
202100050883,110Â 724,B01,1,1,1,5,2,0,-1,-1, -1,-1,2021,12.0,1,1,0,2,8,13,5,,3, 724,0,,2,2,0,1,101,740,1,, -1,1,0,1,30,18,2,1,56,56098,2,1,0,6,CROIZAT ( AVE AMBROISE ),47.77272,-3.34778,14,2,2
202100029449,149Â 141,A01,1,1,1,5,1,8,-1,-1, -1,-1,2021,27.0,1,2,10,0,1,1,1,,4,JULES GRAVEREAUX (AV),0,,2,2,0,3,0,0,2,, -1,1,0,4,50,10,7,1,94,94038,2,1,0,6,Avenue Jules Gravereaux,48.776541,2.330261,9,1,1
202100020387,165Â 197,A01,10,3,2,2,0,-1,-1,3,9,2,2021,0.0,1,2,0,1,2,16,1,,3,164,0,R,2,2,0,1,48,202,1,, -1,1,5,1,50,7,9,1,44,44015,2,6,0,6,rue waldeck rousseau,47.47705,-1.767082,8,3,1
202100044890,121Â 478,A01,2,2,2,5,2,6,-1,0,0,-1,2021,57.0,2,1,0,2,7,17,1,,7,15,-1,,2,2,0,1,11,700,3,, -1,1,0,1,80,2,4,1,13,13051,1,4,0,3,990 Route de Pelissanne,43.60595,5.136068,15,3,2
202100056065,101Â 670,A01,1,1,2,9,2,6,-1,0,0,-1,2021,26.0,3,1,0,0,0,1,1,,4,PLACE DES TERNES,0,,1,2,0,1,(1),(1),1,, -1,2,0,1,50,4,1,1,75,75117,2,7,1,7,PLACE DES TERNES,48.877907,2.297499,10,1,1
202100051655,109Â 359,B01,1,1,1,1,1,0,-1,-1, -1,-1,2021,34.0,3,2,0,2,6,1,1,,4,MAXIMILIEN ROBESPIERRE (RUE),0,,1,1,0,1,0,0,2,, -1,1,0,1,50,12,2,4,91,91479,2,6,0,3,RUE MAXIMIL ROBESPIERRE,48.70719,2.36319,18,2,2
202100025328,156Â 382,B01,1,1,1,1,2,0,-1,0,0,-1,2021,20.0,2,1,0,2,8,1,1,,4,RUE DES PYRENEES,0,,2,3,1,1,(1),(1),1,, -1,1,0,1,50,6,8,1,75,75120,2,2,0,3,RUE DES PYRENEES,48.869956,2.3945,7,2,2
202100022069,162Â 179,B01,1,1,1,0,2,6,-1,-1, -1,-1,2021,31.0,3,1,0,2,0,1,1,,4,LIVRON (ROUTE DE),0,,2,2,0,2,0,1,1,, -1,1,0,1,50,27,8,1,74,74012,2,1,0,1,LIVRON (ROUTE DE),46.18865,6.25077,17,3,2
202100022711,161Â 003,A01,1,1,2,9,1,0,-1,-1, -1,-1,2021,18.0,1,2,1,0,1,26,1,,4,DUCROQUET RUE DU DOC. NÂ°1-167,0,,2,1,1,1,(1),(1),1,, -1,1,0,8,50,24,8,1,59,59378,2,1,0,6,DUCROQUET RUE DU DOC. NÂ°1-167,50.68118,3.09034,10,1,1
202100000722,200Â 417,B01,1,1,1,9,2,0,-1,-1, -1,-1,2021,48.0,1,1,0,2,2,2,1,,1,AUTOROUTE A86,0,,3,6,0,1,28,0,1,, -1,1,0,1,90,31,12,3,93,93064,1,1,0,3,AUTOROUTE A86,48.87122,2.48194,18,2,2
202100056322,101Â 222,A01,1,1,2,5,1,8,-1,-1, -1,-1,2021,22.0,1,2,4,0,1,1,1,,1,A86.INT,0,,3,2,0,1,29,0,1,, -1,1,0,1,90,4,1,3,93,93064,1,1,0,5,A86.INT,48.862957797,2.4828028678,21,4,3
202100026119,155Â 007,A01,1,1,1,5,2,8,-1,-1, -1,-1,2021,33.0,1,1,0,2,1,1,1,,3,AV DE L EUROPE,0,,1,2,2,2,0,0,1,, -1,1,1,1,50,30,7,1,91,91377,2,1,0,2,AV DE L EUROPE,48.7266,2.279,12,2,2
202100017548,170Â 257,A01,1,1,2,5,2,6,9,0,0,-1,2021,21.0,2,1,13,0,1,1,1,,3,531,-1,,2,2,0,1,11,0,2,, -1,1,0,3,80,22,9,1,38,38108,1,1,0,6,Lieu dit les chartreux,45.066428,5.373183,17,1,1
202100016282,172Â 530,B01,1,1,2,5,1,-1,-1,0,0,-1,2021,82.0,2,2,0,2,1,5,1,,3,1001,0,D,2,2,0,1,76,350,1,,7,1,0,1,80,30,9,1,80,80422,1,1,0,1,D1001,50.172183,1.810222,17,2,2
202100024551,157Â 776,A01,2,2,2,9,1,0,-1,0,0,-1,2021,22.0,1,2,0,2,2,1,1,,4,AVENUE DE LA GRANDE ARMEE,0,,2,8,0,2,(1),(1),1,, -1,1,0,1,50,10,8,5,75,75117,2,4,0,3,AVENUE DE LA GRANDE ARMEE,48.876909,2.285416,0,3,2
202100005568,191Â 847,A01,1,1,2,0,8,0,-1,-1, -1,-1,2021,22.0,1,1,0,0,7,19,3,,3,12,0,,1,1,0,1,0,0,1,, -1,2,9,8,30,30,11,1,92,92026,2,1,0,7,RÃPUBLIQUE ( DE 82 A FIN ),48.9005674285,2.2484850883,10,1,1
202100026056,155Â 109,A01,1,1,1,5,2,6,-1,0,0,-1,2021,43.0,1,1,11,0,1,17,1,,7,712,-1,,3,4,0,1,74,500,1,, -1,1,0,1,70,31,7,5,29,29075,1,1,0,6,Boulevard Michel Briant,48.422337,-4.422437,0,1,1
202100043568,123Â 790,A01,1,1,1,0,2,8,-1,-1, -1,-1,2021,20.0,2,1,0,2,8,15,1,,3,GENERAL LECLERC (PLACE DU),0,,3,2,0,1,1,0,1,, -1,1,0,1,50,18,4,1,92,92025,2,2,0,3,HENRI BARBUSSE (AV),48.9231478316,2.2524654865,18,2,2
202100035241,138Â 705,B01,1,1,1,0,1,-1,-1,-1, -1,-1,2021,26.0,2,2,0,2,6,10,1,,4,LENINGRAD (BD DE),0,,3,4,0,1,95,1000,1,, -1,1,0,1,50,9,6,1,76,76351,2,1,0,2,LENINGRAD (BD DE),49.5002,0.17088,17,2,2
202100005155,192Â 561,B01,1,1,1,1,2,-1,-1,0,0,-1,2021,16.0,1,1,0,2,1,2,1,,3,326,-1,,2,2,0,2,4,170,3,, -1,1,0,1,90,2,12,2,72,72381,1,1,0,2,D 326,47.93792,0.11581,17,2,2
202100030897,146Â 532,A01,1,1,1,5,2,6,-1,0,0,-1,2021,71.0,1,1,0,0,7,1,1,,3,48,-1,,2,2,0,2,52,0,3,, -1,1,0,1,80,16,6,1,25,25403,1,1,0,7,D 48,47.036687,6.617943,19,1,1
202100013910,176Â 839,B01,2,2,2,0,1,8,-1,-1, -1,-1,2021,16.0,1,2,0,2,6,23,1,,4,,0,,3,4,0,1,0,0,1,, -1,1,0,1,50,9,10,1,92,92036,2,1,0,2,PRINCIPALE DU PORT (ROUTE) (1/17),48.93951019,2.2862264514,17,5,2
202100012981,178Â 535,A01,1,1,1,5,2,6,9,0,0,-1,2021,45.0,1,1,0,0,9,1,1,,3,48,-1,,2,2,0,2,9,900,1,, -1,9,0,1,80,15,10,1,68,68298,1,1,0,7,D48,48.197991,7.128539,16,1,1
202100009557,184Â 623,A01,1,1,2,0,8,0,-1,-1, -1,-1,2021,26.0,2,2,4,0,1,1,1,,1,AUTOROUTE A103,0,,1,2,0,2,0,699,3,, -1,2,0,1,50,4,11,3,93,93064,1,1,1,6,AUTOROUTE A103,48.8867225004,2.4774731528,18,1,1
202100055063,103Â 387,B01,1,1,1,5,2,8,-1,0,0,-1,2021,68.0,1,1,0,2,1,2,6,,3,CARIMAI (RUE),0,,2,2,0,1,0,468,1,, -1,2,0,1,50,13,1,1,6,6030,2,1,0,2,CARIMAI (RUE),43.5672,6.97019,9,2,2
202100011025,182Â 016,A01,1,1,1,5,2,6,-1,-1, -1,-1,2021,32.0,2,1,0,2,1,1,1,,1,AUTOROUTE A6,0,,3,6,0,2,18,899,1,, -1,1,0,1,110,25,10,3,91,91434,1,1,0,2,AUTOROUTE A6,48.669231,2.351462,19,2,2
202100037604,134Â 443,B01,1,1,1,5,2,6,-1,0,0,-1,2021,29.0,2,1,0,2,7,1,1,,4,RUE BELGRAND,0,,2,2,2,4,(1),(1),1,, -1,1,8,1,50,29,5,1,75,75120,2,2,0,3,RUE BELGRAND,48.864683,2.404145,12,3,2
202100034192,140Â 635,A01,2,2,1,5,2,6,-1,-1, -1,-1,2021,36.0,1,1,0,2,4,1,1,,1,A51-Sens Marseille vers Aix en Provence,0,,3,3,0,1,3,829,1,, -1,1,0,1,90,13,6,3,13,13019,1,1,0,4,A51-Sens Marseille vers Aix en Provence,43.42352,5.37279,1,5,3
202100023970,158Â 791,A01,2,2,2,9,1,-1,-1,0,0,-1,2021,17.0,3,2,6,0,2,1,1,,4,,-1,,2,2,0,1,(1),(1),1,,4,2,2,1,80,17,8,3,70,70455,1,1,0,6,Rue de l AÃ©rodrome,47.688352,6.536726,0,2,1
202100021366,163Â 461,B01,1,1,1,5,2,-1,-1,0,0,-1,2021,66.0,1,1,0,2,3,1,5,,3,112,0,,2,2,0,2,22,145,1,, -1,1,2,1,80,3,9,1,17,17447,1,1,0,3,D112,46.092906,-0.915298,14,2,2
202100007586,188Â 179,A01,1,1,2,1,1,0,-1,-1, -1,-1,2021,43.0,2,2,0,2,4,23,1,,3,MARLIOZ AVENUE DE,0,,2,2,0,1,31,290,1,, -1,1,0,1,50,17,11,5,73,73008,2,1,0,2,MARLIOZ AVENUE DE,45.67918,5.91043,18,2,2
202100036407,136Â 625,A01,1,1,1,5,2,8,-1,-1, -1,-1,2021,25.0,1,1,0,2,1,25,5,,4,METAYER (RUE JOSEPH),0,,2,2,0,3,(1),(1),1,, -1,1,0,1,30,3,6,1,56,56121,2,4,0,3,METAYER (RUE JOSEPH),47.75684,-3.37163,14,2,2
202100028619,150Â 558,B01,1,1,1,0,8,0,-1,-1, -1,-1,2021,39.0,2,1,0,2,2,2,3,,4,GENEVE (RUE DE),0,,-1,2,0,1,0,1,1,, -1,1,0,1,50,14,7,5,74,74008,2,3,0,6,GENEVE (RUE DE),46.19278,6.22437,0,1,1
202100022351,161Â 693,A01,1,1,2,9,1,-1,-1,0,0,-1,2021,50.0,0,2,0,0,1,1,1,,3,39,-1,,2,2,0,2,(1),(1),2,, -1,1,0,8,80,28,8,1,50,50379,1,4,0,7,La Gousserie,48.743668,-1.19015,10,1,1
202100038434,132Â 943,A01,10,3,2,3,0,-1,-1,3,3,1,2021,82.0,2,2,0,1,1,0,1,,3,,-1,,1,1,0,1,28,100,2,, -1,1,5,1,50,25,5,1,61,61230,2,7,0,6,Place de l'HÃ´tel de Ville,48.531236,0.752272,14,2,1
202100036034,137Â 278,A01,1,1,1,5,2,-1,-1,0,0,-1,2021,82.0,1,1,0,2,8,2,5,,3,786,-1,,2,2,0,2,5,212,1,, -1,1,0,1,50,7,6,1,35,35287,2,1,0,3,Rue de la Cote du Tertre,48.631299,-2.099773,16,2,2
202100025821,155Â 535,B01,1,1,2,4,1,-1,-1,0,0,-1,2021,29.0,2,4,3,2,1,6,1,,1,81,0,A,3,4,0,1,253,600,1,, -1,2,0,1,130,3,8,3,53,53201,1,1,1,5,PK 253.600,48.096275,-0.854161,23,7,3
202100016828,171Â 543,A01,10,3,2,2,0,-1,-1,1,3,1,2021,18.0,3,2,0,1,3,15,1,,4,MAUROIS (ALLEE ANDRE),0,,2,2,0,2,0,0,2,, -1,1,0,1,50,20,9,1,87,87085,2,1,0,6,MAUROIS (ALLEE ANDRE),45.83545,1.23046,9,2,1
202100055845,102Â 056,A01,2,2,1,5,1,0,-1,-1, -1,-1,2021,15.0,1,2,0,2,3,13,1,,3,NEUILLY (RUE DE),0,,2,2,0,1,0,0,3,, -1,2,0,1,30,7,1,5,93,93077,2,3,0,1,NEUILLY (RUE DE),48.87628,2.52548,23,3,2
202100022798,160Â 853,B01,1,1,1,0,8,0,-1,-1, -1,-1,2021,55.0,2,1,0,2,5,19,5,,4,,0,,2,5,1,1,0,0,1,, -1,1,0,5,50,20,8,1,67,67482,2,1,0,3,ALSACE (AVENUE D ),48.58675,7.761266,9,2,2
202100011197,181Â 716,A01,10,3,1,5,0,-1,-1,5,9,2,2021,49.0,0,2,1,1,1,20,1,,7,NEUFCHATEL. ROUTE DE (RN 28),0,,2,2,3,1,1,1000,1,, -1,1,-1,4,50,24,10,1,76,76108,2,1,0,6,NEUFCHATEL. ROUTE DE (RN 28),49.45869,1.10868,11,2,1
202100011852,180Â 537,B01,1,1,1,1,2,0,-1,0,0,-1,2021,35.0,2,1,0,2,8,1,5,,4,AVENUE DE LA PORTE DE VITRY,0,,2,4,1,1,(1),(1),1,, -1,2,-1,5,30,21,10,1,75,75113,2,3,1,3,AVENUE DE LA PORTE DE VITRY,48.822872,2.377755,15,2,2
202100054311,104Â 680,A01,10,3,1,0,0,-1,-1,3,3,2,2021,28.0,2,2,0,1,1,1,1,,4,AV DE VERRIERES,0,,2,2,0,4,0,0,1,, -1,1,0,1,50,20,1,1,91,91377,2,1,0,6,AV DE VERRIERES,48.735718,2.27355,12,3,1
202100030013,148Â 144,A01,1,1,1,1,2,6,-1,0,0,-1,2021,36.0,3,1,0,2,8,1,1,,4,ROUTE DE LA MUETTE A NEUILLY,0,,3,2,0,1,(1),(1),1,, -1,1,0,1,50,8,7,1,75,75116,2,2,0,3,ROUTE DE LA MUETTE A NEUILLY,48.864501,2.266503,6,2,2
202100038971,131Â 979,B01,1,1,1,1,2,0,-1,0,0,-1,2021,30.0,2,1,0,2,1,1,3,,4,RUE DE COURCELLES,0,,2,2,0,1,(1),(1),1,, -1,1,0,1,50,21,5,1,75,75108,2,4,0,3,RUE DE COURCELLES,48.877343,2.306715,12,2,2
202100051453,109Â 725,A01,1,1,1,9,2,6,-1,0,0,-1,2021,51.0,1,1,0,0,0,21,1,,4,AVENUE D IVRY,0,,1,2,0,1,(1),(1),1,, -1,2,0,1,30,15,2,1,75,75113,2,1,0,7,AVENUE D IVRY,48.824631,2.363093,8,1,1
202100009242,185Â 193,A01,10,3,2,3,0,-1,-1,1,9,1,2021,76.0,1,2,0,1,4,4,1,,9,HERBUVAUX (PLACE RENE),0,,1,1,0,1,(1),(1),1,, -1,1,0,8,30,5,11,1,54,54526,2,1,0,6,HERBUVAUX (PLACE RENE),48.6865621113,6.2098038815,10,2,1
202100009905,183Â 988,B01,1,1,1,4,1,0,-1,-1, -1,-1,2021,23.0,2,5,0,2,0,0,1,,7,EGALITE (BOULEVARD DE L'),0,,2,2,0,1,(1),(1),1,, -1,2,5,1,50,1,11,1,59,59650,2,2,1,1,EGALITE (BOULEVARD DE L'),50.7098109131,3.1936320662,16,4,2
202100027790,152Â 041,A01,1,1,1,1,0,-1,-1,0,0,-1,2021,53.0,1,0,0,2,1,1,3,,3,BRIAND (AVENUE ARISTIDE) NÂ° 162 A 300,0,,3,3,1,1,0,0,1,, -1,1,0,5,50,21,7,1,92,92007,2,3,0,3,BRIAND (AVENUE ARISTIDE) NÂ° 162 A 300,48.7946092038,2.3211367428,19,2,2
202100047837,116Â 250,B01,1,1,1,9,2,0,-1,-1, -1,-1,2021,23.0,2,1,0,2,1,0,1,,3,AV JEAN JAURES,0,,2,2,0,1,1,0,1,, -1,1,0,1,50,16,3,5,94,94041,2,1,0,2,JEAN JAURES (AV),48.80877,2.40374,21,2,2
202100011027,182Â 013,A01,1,1,1,0,1,0,-1,-1, -1,-1,2021,19.0,3,1,0,2,1,2,1,,1,AUTOROUTE A1,0,,3,8,0,1,0,500,1,, -1,1,0,1,90,26,10,1,93,93066,1,1,0,2,AUTOROUTE A1,48.907492,2.358115,16,2,2
202100056394,101Â 097,A01,1,1,1,5,8,0,-1,-1,0,-1,2021,67.0,3,2,11,0,2,12,2,,4,PLAINE DE FRANCE (AVENUE DE LA),0,,2,2,0,1,(1),(1),1,, -1,1,0,4,50,1,1,1,95,95277,2,1,0,6,Avenue de la Plaine de France,48.97633,2.49919,12,1,1
202100037959,133Â 814,A01,2,2,2,9,2,8,-1,-1, -1,-1,2021,45.0,2,1,0,2,5,16,6,,3,CATAYEE (JUSTIN),0,,1,1,0,1,0,800,3,, -1,2,9,1,50,27,5,1,973,97302,2,6,1,3,CATAYEE (JUSTIN),4.92498,-52.32363,10,3,2
202100026257,154Â 765,A01,1,1,1,0,1,8,-1,-1, -1,-1,2021,64.0,3,2,1,0,2,1,1,,4,NEHRU (ALLEE),0,,2,2,0,1,0,0,1,, -1,1,0,1,50,25,7,1,974,97407,2,1,0,3,NEHRU (ALLEE),-20.93846,55.30215,13,1,1
202100029282,149Â 422,B01,1,1,1,0,2,6,-1,-1, -1,-1,2021,68.0,3,1,0,2,3,1,1,,4,SAINTE ADRESSE (DE),0,,2,2,0,1,(1),(1),1,, -1,1,0,1,50,9,7,1,76,76351,2,3,0,3,SAINTE ADRESSE (DE),49.49986,0.09255,12,2,2
202100002494,197Â 316,B01,1,1,1,5,2,6,-1,0,0,-1,2021,28.0,2,1,0,2,1,1,1,,7,913,-1,,2,2,0,1,(1),(1),1,,4,1,0,1,80,17,12,3,57,57552,1,3,0,5,D913,49.056605,6.187271,17,3,3
202100038961,131Â 996,A01,1,1,1,1,2,6,-1,0,0,-1,2021,57.0,3,1,0,2,4,1,1,,4,RUE DUFRENOY,0,,2,2,0,1,(1),(1),1,, -1,1,0,1,50,21,5,1,75,75116,2,3,0,2,RUE DUFRENOY,48.866547,2.272309,14,2,2
202100020751,164Â 541,A01,10,3,2,5,0,-1,-1,1,3,1,2021,71.0,0,2,0,1,2,2,1,,4,VC,0,,2,2,0,1,(1),(1),1,, -1,1,0,1,50,4,9,1,51,51576,2,1,0,7,Rue Saint Antoine,49.0479009799,4.1235718091,18,2,1
202100035174,138Â 834,B01,1,1,1,0,1,-1,-1,0,0,-1,2021,49.0,3,2,0,2,2,1,1,,3,59,-1,,2,2,0,4,(1),(1),4,, -1,1,0,1,80,11,6,1,50,50444,1,1,0,2,Le Mesnil Corbet,49.058706,-0.967431,18,2,2
202100038805,132Â 252,A01,2,2,2,5,1,-1,-1,0,0,-1,2021,52.0,1,2,0,2,6,11,3,,1,75,0,A,3,4,0,1,289,0,1,, -1,1,3,1,130,22,5,1,34,34076,1,1,0,3,a75,43.658207,3.444209,17,3,2
202100032189,144Â 223,A01,10,3,2,5,0,-1,-1,2,3,1,2021,79.0,1,4,0,1,7,19,1,,3,589,0,,2,2,0,1,14,500,1,, -1,1,0,1,50,25,6,1,43,43234,2,3,0,6,Cours du Docteur Gervais,44.959579,3.547632,10,2,1
202100002667,197Â 011,A01,1,1,1,0,1,-1,-1,0,0,-1,2021,88.0,2,2,7,0,1,0,1,,3,749,-1,,2,2,0,1,74,90,3,, -1,7,0,3,80,18,12,1,37,37035,1,4,0,6,,46.9982911289,0.3183135018,8,1,1
202100011797,180Â 629,A01,1,1,1,5,1,8,-1,-1, -1,-1,2021,23.0,1,2,0,0,9,0,1,,3,LILLE (RTE DE),0,,2,2,0,1,52,203,1,, -1,1,0,1,70,11,10,1,62,62033,2,1,0,6,LILLE (RTE DE),50.463191,2.89767,9,1,1
202100020272,165Â 398,B01,1,1,1,0,2,0,-1,0,0,-1,2021,72.0,1,1,1,0,1,2,5,,4,LAMARTINE (RUE),0,,1,2,0,1,(1),(1),1,, -1,1,0,1,50,1,9,1,63,63113,2,1,0,6,LAMARTINE (RUE),45.77771,3.08089,10,2,2
202100036821,135Â 884,A01,1,1,1,1,2,0,-1,-1, -1,-1,2021,48.0,3,1,0,0,6,9,1,,4,PALUDS (Z.I. DES ),0,,1,2,0,1,(1),(1),3,, -1,2,5,1,50,2,6,1,13,13005,2,6,1,6,PALUDS (Z.I. DES ),43.2912193916,5.5935430527,8,2,2
202100007109,189Â 059,B01,2,2,2,5,1,0,-1,-1, -1,-1,2021,33.0,2,2,0,2,8,1,1,,1,A13,0,,3,3,0,1,43,799,1,, -1,1,0,1,130,20,11,1,78,78402,1,1,0,3,A13,48.963926,1.776671,14,6,2
202100049863,112Â 607,B01,1,1,1,0,1,0,-1,-1, -1,-1,2021,26.0,2,1,0,2,1,17,0,,3,REPUBLIQUE (AVENUE DE LA),0,,2,2,0,2,0,100,1,, -1,1,0,1,30,27,2,1,91,91421,2,3,0,3,REPUBLIQUE (AVENUE DE LA),48.70805,2.45351,13,2,2
202100030727,146Â 836,A01,10,3,2,9,0,-1,-1,0,3,1,2021,33.0,3,2,0,1,8,1,1,,4,ROMERO(AVENUE),0,,2,2,0,1,0,0,1,, -1,1,0,1,20,29,6,1,974,97407,2,9,0,3,ROMERO(AVENUE),-20.94566,55.29802,7,2,1
202100019293,167Â 150,A01,1,1,1,1,8,-1,-1,0,0,-1,2021,22.0,2,2,0,0,1,1,1,,3,506,0,,2,2,0,1,0,800,3,, -1,2,0,1,80,14,9,2,60,60239,1,1,1,7,D506,49.237664,1.958227,7,1,1