Num_Acc,id_vehicule,num_veh,place,catu,sexe,trajet,secu1,secu2,secu3,locp,actp,etatp,year_acc,victim_age,senc,catv,obs,obsm,choc,manv,motor,occutc,catr,voie,v1,v2,circ,nbv,vosp,prof,pr,pr1,plan,lartpc,larrout,surf,infra,situ,vma,jour,mois,lum,dep,com,agg_,int,atm,col,adr,lat,long,hour,nb_victim,nb_vehicules
202100012821,178Â 804,A01,10,3,1,0,0,-1,-1,3,3,1,2021,24.0,3,2,0,1,1,1,1,,4,VAILLAT (RUE LEANDRE),0,,2,2,0,1,0,1,1,, -1,1,9,1,50,15,10,2,74,74012,2,1,0,6,VAILLAT (RUE LEANDRE),46.19062,6.23712,7,2,1
202100011619,180Â 956,B01,1,1,1,5,1,0,-1,-1, -1,-1,2021,32.0,3,2,0,2,4,16,1,,7,SAINT ANTOINE (AVENUE DE),0,,2,3,0,1,0,0,1,, -1,1,0,1,50,22,10,5,13,13215,2,3,0,2,SAINT ANTOINE (AVENUE DE),43.37863,5.35689,21,2,2
202100001822,198Â 542,A01,1,1,1,1,2,6,-1,-1, -1,-1,2021,46.0,1,1,6,0,8,1,1,,1,ROUTE NATIONALE 230,0,,1,2,0,2,0,389,2,, -1,7,3,1,50,22,12,5,33,33249,1,1,1,6,ROCADE A630,44.88492,-0.51232,6,1,1
202100007224,188Â 842,A01,1,1,1,3,8,0,-1,-1, -1,-1,2021,19.0,1,1,0,2,7,5,5,,4,CARTIER(RUE JACQUES),0,,1,1,0,1,(1),(1),1,, -1,1,0,1,30,4,11,5,56,56260,2,3,0,3,BERNUS(RUE DE),47.655036,-2.767531,19,2,2
202100038606,132Â 630,A01,10,3,2,0,0,-1,-1,2,3,1,2021,24.0,2,1,0,1,2,1,1,,4,CROIX-ROUSSE (DE LA)                (PL),0,,2,4,0,1,(1),(1),1,, -1,1,0,1,30,23,5,1,69,69384,2,1,0,6,CROIX ROUSSE (DE LA) (PL),45.77439,4.83221,14,2,1
202100038424,132Â 962,A01,1,1,2,5,1,0,-1,-1, -1,-1,2021,32.0,1,2,1,0,1,15,1,,4,,0,,1,1,0,1,0,0,1,, -1,1,0,1,50,25,5,1,92,92004,2,1,0,6,THIERS,48.9252882253,2.2778898508,10,2,1
202100025282,156Â 464,A01,1,1,2,1,2,0,-1,-1, -1,-1,2021,23.0,1,1,0,0,1,26,5,,4,DAVIERS BOULEVARD,0,,2,2,0,1,1,0,1,, -1,1,0,1,50,3,8,1,49,49007,2,1,0,7,DAVIERS BOULEVARD,47.4792,-0.559,11,1,1
202100025387,156Â 278,A01,1,1,1,5,0,-1,-1,0,0,-1,2021,28.0,3,1,0,2,1,1,1,,4,,-1,,2,1,3,1,(1),(1),1,,3,1,0,6,-1,29,7,1,67,67084,1,2,0,3,lieu dit meymatten,48.315496,7.435877,17,2,2
202100049819,112Â 701,B01,1,1,1,1,2,-1,-1,0,0,-1,2021,24.0,1,1,0,2,8,3,0,,3,102,-1,,2,2,0,1,28,50,1,, -1,1,5,1,50,1,3,1,42,42279,2,2,0,3,Boulevard de la LibÃ©ration,45.4988586137,4.2426953866,12,2,2
202100055431,102Â 768,A01,10,3,2,5,0,-1,-1,2,3,1,2021,29.0,1,5,0,1,1,21,1,,4,583,0,,2,2,0,1,0,0,1,, -1,2,0,1,50,10,1,1,988,98818,2,1,1,6,RUE JACQUES IEKAWE,-22.24823,166.45585,17,2,1
202100047236,117Â 329,B01,1,1,1,0,2,8,-1,-1, -1,-1,2021,72.0,1,1,0,2,3,1,1,,4,ENCO DE BOTTE (RTE),0,,2,2,0,1,0,0,1,, -1,1,0,1,30,20,3,1,13,13002,2,1,1,1,ENCO DE BOTTE (RTE),43.3221331421,5.4795520419,9,2,2
202100040417,129Â 367,A01,1,1,1,5,2,6,-1,0,0,-1,2021,66.0,2,1,3,0,1,0,1,,1,9,0,A,1,2,0,1,54,150,1,, -1,1,3,1,-1,12,5,1,30,30189,1,9,0,6,bretelle de sortie A9 pk 54.150 diorection Orange,43.810778,4.349095,7,1,1
202100038892,132Â 112,A01,1,1,1,4,8,0,-1,-1, -1,-1,2021,50.0,2,5,13,2,1,14,1,,3,CROIX DE LA LIEUE (LA) - LIEU DIT,0,,2,2,0,1,29,200,1,, -1,2,0,1,70,21,5,1,87,87114,1,1,1,2,CROIX DE LA LIEUE (LA) - LIEU DIT,45.84408,1.33834,9,2,2
202100037522,134Â 594,A01,1,1,2,5,0,-1,-1,0,0,-1,2021,22.0,2,2,2,0,5,13,1,,3,80,-1,,2,2,0,1,2,800,3,, -1,1,0,3,80,31,5,1,66,66059,1,1,0,7,D80,42.618328,2.941139,12,1,1
202100041124,128Â 101,A01,10,3,1,0,0,-1,-1,2,3,1,2021,18.0,1,1,0,1,1,17,0,,4,CONCORDE (BOULEVARD DE LA),0,,2,2,0,1,0,(1),1,, -1,1,0,1,50,6,5,1,13,13209,2,1,0,6,CONCORDE (BOULEVARD DE LA),43.2505,5.40338,11,2,1
202100024357,158Â 142,B01,9,2,1,5,8,-1,-1,0,0,-1,2021,17.0,1,2,0,2,3,13,1,,3,929,-1,,2,2,0,1,63,381,1,, -1,1,0,1,80,13,8,1,76,76344,1,1,0,1,D929,49.756531,1.707798,9,7,2
202100038798,132Â 263,A01,1,1,1,0,2,6,-1,-1, -1,-1,2021,57.0,2,1,8,0,1,0,1,,3,2,0,,3,4,0,2,0,0,3,, -1,2,0,1,50,22,5,1,92,92023,2,1,1,7,CLAUDE TREBIGNAUD (AVENUE) BOIS S102,48.79951,2.25392,10,1,1
202100004151,194Â 325,A01,1,1,1,5,1,-1,-1,0,0,-1,2021,71.0,1,2,0,2,1,6,2,,2,31,-1,,3,2,0,1,23,300,1,, -1,2,0,1,70,9,12,1,51,51569,1,6,0,1,RN31,49.259939,3.951822,10,2,2
202100042520,125Â 618,A01,2,2,2,5,1,-1,-1,0,0,-1,2021,20.0,1,2,15,0,1,13,1,,2,6,0,,2,2,0,2,(1),(1),3,, -1,1,0,4,50,25,4,5,972,97217,2,1,0,6,Rue Nelson Mandela,14.474024,-60.862584,4,3,1
202100013289,177Â 986,A01,2,2,2,0,1,0,-1,-1, -1,-1,2021,22.0,2,2,2,0,5,18,1,,4,DROITS DE L'HOMME (AVENUE),0,,1,1,0,1,1,233,3,, -1,1,3,1,50,14,10,5,13,13117,2,1,0,6,DROITS DE L'HOMME (AVENUE),43.4289043503,5.2693682474,20,3,2
202100018914,167Â 836,B01,1,1,2,0,1,0,-1,-1, -1,-1,2021,52.0,3,2,0,0,6,1,1,,3,33,0,,2,2,0,1,0,100,1,, -1,2,0,1,70,14,9,1,91,91514,1,1,0,2,CD 33,48.6652,2.52633,19,2,2
202100006955,189Â 333,B01,1,1,2,0,1,-1,-1,0,0,-1,2021,45.0,2,2,0,2,2,1,1,,3,247,-1,,2,2,0,1,2,14,1,, -1,2,0,1,80,21,11,1,51,51618,1,2,1,3,D247/D14E,48.80799,3.440856,14,2,2
202100028700,150Â 418,B01,2,2,2,0,2,0,-1,-1, -1,-1,2021,13.0,0,1,0,0,0,2,1,,3,MICHELET (AVE) : DU 1 AU 103,0,,2,2,0,1,0,0,1,, -1,1,0,1,50,16,7,1,93,93070,2,1,0,3,MICHELET (AVE) : DU 1 AU 103,48.906909,2.344131,15,3,2
202100039178,131Â 592,A01,1,1,1,1,2,6,9,0,0,-1,2021,47.0,2,1,0,6,3,14,1,,3,922,-1,D,2,2,0,1,49,41,1,, -1,1,0,1,80,20,5,3,95,95055,1,1,0,6,RD 922,49.09963,2.460432,22,1,1
202100007153,188Â 982,A01,1,1,1,0,8,-1,-1,-1, -1,-1,2021,20.0,3,2,0,2,5,9,0,,4,GALLIENI                            (PT),0,,2,5,1,1,(1),(1),1,, -1,1,2,1,50,19,11,1,69,69382,2,1,0,3,GALLIENI  (PT),45.7485798726,4.8312458396,14,2,2
202100022442,161Â 522,A01,1,1,2,5,1,-1,-1,-1, -1,-1,2021,21.0,1,2,0,2,1,2,1,,2,LORIENT (DE),0,,3,4,0,1,2,554,1,, -1,1,0,1,50,26,8,1,35,35238,2,1,0,2,LORIENT (DE),48.10674,-1.73031,12,3,2
202100055927,101Â 908,A01,10,3,2,5,0,-1,-1,1,5,1,2021,16.0,3,2,0,1,2,26,1,,4,Rue Vauban,0,,2,2,0,1,(1),(1),1,, -1,1,2,1,20,6,1,3,29,29039,2,1,0,6,Rue Vauban,47.8717019086,-3.9162442328,17,2,1
202100038658,132Â 533,A01,1,1,1,0,8,0,-1,-1, -1,-1,2021,23.0,1,2,9,0,3,13,1,,3,ARISTIDE BRIAND AVENUE,0,,3,4,0,1,0,0,1,, -1,1,0,1,50,23,5,2,93,93046,2,1,0,1,ARISTIDE BRIAND AVENUE,48.9148,2.52758,6,2,1
202100031872,144Â 784,A01,1,1,1,2,2,0,-1,-1, -1,-1,2021,16.0,3,1,0,2,1,1,5,,4,FLORENCE (AVENUE DE),0,,2,2,0,1,(1),(1),1,, -1,2,0,1,50,28,6,1,37,37233,2,3,1,6,FLORENCE (AVENUE DE),47.3768501677,0.7372869551,17,2,2
202100040153,129Â 827,A01,2,2,2,5,1,0,-1,-1, -1,-1,2021,21.0,1,2,0,0,1,1,1,,2,RN 112 (ROCADE SUD),0,,2,2,0,1,38,780,3,, -1,1,2,1,80,13,5,3,81,81065,1,1,0,7,RN 112 (ROCADE SUD),43.5837353505,2.227897036,0,4,1
202100033690,141Â 542,A01,10,3,2,0,0,-1,-1,3,3,1,2021,41.0,2,1,0,1,1,13,1,,4,,0,,1,0,2,1,0,0,1,, -1,1,0,5,50,18,6,1,92,92002,2,1,0,6,VELPEAU (RUE),48.7547850119,2.301228717,15,3,2
202100036632,136Â 228,A01,2,2,2,0,2,0,-1,-1, -1,-1,2021,51.0,0,1,0,2,1,3,1,,3,AV DES ARCHES,0,,2,0,0,1,0,0,2,, -1,1,0,1,50,2,6,1,13,13004,2,1,0,3,AV DES ARCHES,43.66522,4.64613,17,3,2
202100007273,188Â 754,A01,1,1,1,0,2,-1,-1,-1, -1,-1,2021,29.0,2,1,0,2,4,1,1,,7,D 113,0,,1,2,0,2,26,100,1,, -1,1,0,1,50,12,11,1,33,33065,1,6,0,2,D 113,44.8101,-0.5203,12,2,2
202100034405,140Â 237,B01,2,2,2,5,1,-1,-1,-1, -1,-1,2021,39.0,1,2,0,2,6,1,1,,7,M7   2.278 A 3.690,0,,3,6,0,2,2,450,2,, -1,1,0,1,50,15,6,1,69,69142,1,1,0,3,M7   2.278 A 3.690,45.73,4.8154,12,4,2
202100011602,180Â 988,B01,1,1,1,5,8,0,-1,-1, -1,-1,2021,26.0,2,1,0,2,8,1,3,,4,PONT JUVENAL (AVENUE DU),0,,2,2,0,1,(1),(1),1,, -1,1,9,1,50,23,10,5,34,34172,2,2,0,1,PONT JUVENAL (AVENUE DU),43.605914,3.894084,0,2,2
202100003893,194Â 796,B01,1,1,1,2,2,-1,-1,0,0,-1,2021,15.0,1,1,0,2,1,1,1,,3,d528,-1,,2,2,0,1,(1),(1),4,, -1,2,0,1,80,9,12,3,38,38175,1,1,0,1,D528,45.260434,5.913777,18,2,2
202100051788,109Â 129,B01,1,1,1,4,8,0,-1,-1, -1,-1,2021,62.0,3,0,0,2,8,19,3,,4,GRANGE BLAZET,0,,2,4,0,1,(1),(1),1,, -1,1,0,1,50,11,2,1,69,69264,2,1,0,3,GRANGE BLAZET (R),45.97912,4.71866,15,2,2
202100053073,106Â 855,B01,1,1,1,2,2,6,-1,-1, -1,-1,2021,17.0,1,1,0,2,8,2,1,,4,MIRABEAU (BD.),0,,1,2,0,1,(1),(1),1,, -1,1,0,1,50,29,1,1,4,4112,2,1,0,3,Bd Mirabeau,43.83315,5.78579,9,2,2
202100013120,178Â 293,A01,10,3,2,3,0,-1,-1,4,3,1,2021,23.0,2,2,0,1,1,16,1,,3,EDOUARD HERRIOT (AV),0,,3,1,0,1,1,0,1,, -1,1,6,1,30,15,10,1,94,94034,2,1,0,6,Avenue Edouard Herriot,48.75598,2.3281,15,6,1
202100020945,164Â 223,B01,2,2,2,5,1,-1,-1,0,0,-1,2021,66.0,2,2,3,0,4,2,1,,1,49,-1,,3,4,0,1,60,500,1,, -1,1,3,1,130,16,6,1,26,26057,1,1,0,4,Autoroute A49,45.020277,5.043154,18,4,3
202100019986,165Â 907,A01,1,1,1,5,2,-1,-1,0,0,-1,2021,64.0,1,1,3,0,8,1,1,,2,12,0,,3,2,0,1,2,(1),3,, -1,2,0,1,110,10,9,1,28,28185,1,1,0,3,RN 12,48.774356,1.559699,15,1,1
202100038634,132Â 581,A01,1,1,1,0,2,6,-1,-1, -1,-1,2021,40.0,1,1,0,2,4,0,1,,7,ALBI (RTE D) DU 1AU 243,0,,2,2,0,1,2,966,1,, -1,1,0,1,50,22,5,5,31,31555,2,1,0,2,ALBI (RTE D) DU 1AU 243,43.63879,1.46532,23,2,2
202100011668,180Â 866,B01,1,1,1,1,8,0,-1,-1, -1,-1,2021,53.0,1,1,0,2,1,1,1,,3,GENERAL DE GAULLE (AVENUE),0,,2,4,0,1,1,0,1,, -1,1,0,1,50,22,10,5,93,93050,2,2,0,3,GENERAL DE GAULLE (AVENUE),48.858275972,2.5344776362,6,2,2
202100012211,179Â 889,B01,1,1,1,1,8,0,-1,-1, -1,-1,2021,39.0,0,1,0,2,1,1,5,,4,STRASBOURG (BOULEVARD DE),0,,-1,1,1,2,(1),(1),1,, -1,2,0,5,50,18,10,1,35,35238,2,3,0,5,STRASBOURG (BOULEVARD DE),48.1133,-1.6566,17,3,3
202100041441,127Â 527,A01,1,1,1,5,2,-1,-1,0,0,-1,2021,52.0,2,1,13,0,0,1,1,,3,71,0,D,2,2,0,1,7,350,1,, -1,1,0,3,80,5,5,1,81,81133,1,1,0,7,D71,43.861111,2.159605,15,1,1
202100038279,133Â 222,A01,1,1,1,5,2,-1,-1,0,0,-1,2021,31.0,1,1,13,0,1,2,1,,1,13,0,A,3,5,0,1,87,700,1,, -1,1,0,3,130,27,5,2,27,27005,1,1,0,7,A13 PK 087+700 vers ROUEN,49.170194,1.250768,21,1,1
202100001751,198Â 659,B01,1,1,2,1,2,6,-1,0,0,-1,2021,29.0,1,1,0,2,1,1,1,,4,AVENUE WINSTON CHURCHILL,0,,2,3,0,1,(1),(1),1,, -1,1,0,1,30,22,12,5,75,75108,2,2,0,3,AVENUE WINSTON CHURCHILL,48.864928,2.313654,7,2,2
202100044419,122Â 286,A01,1,1,1,5,2,6,-1,0,0,-1,2021,42.0,1,1,0,0,9,1,1,,3,21,-1,,2,2,0,2,9,850,3,, -1,1,0,1,90,26,3,1,68,68323,1,1,0,7,D21,47.666186,7.389341,14,1,1
202100042310,125Â 997,A01,10,3,2,9,0,-1,-1,5,9,1,2021,76.0,3,2,0,1,4,4,1,,4,HANIPET PASSAGE ET RUE,0,,-1,1,0,1,1,0,1,, -1,1,0,4,30,27,4,1,49,49007,2,1,0,6,HANIPET PASSAGE ET RUE,47.468115358,-0.5200807787,16,2,1
202100032376,143Â 895,A01,2,2,1,5,1,-1,-1,0,0,-1,2021,18.0,1,2,0,0,0,14,1,,3,199,-1,,2,2,0,1,14,365,2,, -1,1,0,3,80,12,6,1,56,56240,1,1,0,7,Lieu Dit Quintin,47.537572,-2.696328,17,2,1
202100020437,165Â 108,B01,1,1,2,0,1,0,-1,-1, -1,-1,2021,39.0,2,2,0,2,4,2,1,,1,15,0,,3,10,0,1,5,800,1,, -1,1,0,1,90,7,9,1,92,92036,1,1,0,2,AUTOROUTE A15,48.9491789807,2.2803631759,10,2,2
202100054918,103Â 644,B01,1,1,1,5,8,8,-1,0,0,-1,2021,58.0,2,1,0,2,8,13,5,,4,QUAI SAINT BERNARD,0,,2,4,1,1,(1),(1),1,, -1,2,-1,5,50,14,1,5,75,75105,2,3,1,3,QUAI SAINT BERNARD,48.846845,2.360971,17,2,2
202100024337,158Â 169,A01,1,1,1,4,8,-1,-1,0,0,-1,2021,61.0,2,5,2,0,1,13,1,,3,991,0,,2,2,0,1,12,175,2,, -1,1,0,3,80,12,8,1,73,73085,1,1,0,6,D991,45.833913,5.841229,16,1,1
202100021738,162Â 778,B01,1,1,1,0,1,0,-1,-1, -1,-1,2021,34.0,2,2,0,2,2,1,1,,1,6,0,,3,6,0,1,10,600,1,, -1,1,0,1,110,31,8,1,91,91689,1,1,0,3,AUTOROUTE A6,48.72877,2.31429,14,2,2
202100004048,194Â 509,A01,1,1,1,5,8,0,-1,-1, -1,-1,2021,21.0,1,2,0,0,1,26,1,,4,BARANGE BOULEVARD,0,,1,1,0,1,1,0,3,, -1,2,0,1,50,5,12,5,49,49007,2,1,0,7,BARANGE BOULEVARD,47.46396,-0.57073,2,1,1
202100050524,111Â 386,A01,1,1,1,5,0,-1,-1,0,0,-1,2021,29.0,1,1,0,0,0,1,5,,3,160,-1,,2,2,0,1,3,200,1,, -1,1,0,1,80,24,2,1,53,53109,1,1,0,7,D160,48.294251,-0.480663,17,1,1
202100019123,167Â 442,A01,1,1,1,0,2,6,-1,-1, -1,-1,2021,24.0,1,1,0,2,1,1,1,,1,AUTOROUTE A3,0,,3,8,0,2,3,599,1,, -1,1,0,1,90,13,9,1,93,93053,1,1,0,2,AUTOROUTE A3,48.88141,2.45405,10,2,2
202100018023,169Â 411,A01,1,1,1,5,2,0,-1,0,0,-1,2021,17.0,1,1,0,0,0,1,3,,4,BOULEVARD DE GRENELLE,0,,3,2,0,1,(1),(1),1,, -1,1,0,1,30,19,9,5,75,75115,2,1,0,7,BOULEVARD DE GRENELLE,48.850136,2.294113,4,1,1
202100042411,125Â 819,B01,1,1,1,1,2,6,-1,0,0,-1,2021,48.0,2,1,0,2,3,1,1,,3,941,0,D,2,2,0,2,21,(1),1,, -1,1,0,1,50,27,4,1,87,87129,2,9,0,1,Avenue du GÃ©nÃ©ral de Gaulle,45.848697,1.429752,7,2,2
202100024836,157Â 260,A01,1,1,1,1,1,4,-1,-1, -1,-1,2021,32.0,1,5,4,0,1,1,1,,1,AUTOROUTE A86,0,,-1,-1,0,1,51,299,1,, -1,2,1,1,70,10,8,1,94,94034,1,1,1,6,AUTOROUTE A86,48.7589540937,2.3243421458,8,1,1
202100047217,117Â 364,A01,10,3,1,0,0,-1,-1,4,3,2,2021,1.0,2,2,0,1,3,16,1,,7,DUNKERQUE AVENUE,0,,2,2,0,1,(1),(1),1,, -1,2,5,1,50,17,3,1,59,59350,2,9,1,6,DUNKERQUE AVENUE,50.64464,3.0132,14,4,1
202100053245,106Â 553,B01,2,2,1,5,2,6,-1,0,0,-1,2021,33.0,2,1,0,2,7,1,1,,4,AVENUE DES TERNES,0,,2,4,0,1,(1),(1),1,, -1,2,0,1,50,28,1,1,75,75117,2,2,0,3,AVENUE DES TERNES,48.878307,2.295712,12,3,2
202100034016,140Â 957,A01,1,1,1,0,2,0,-1,-1, -1,-1,2021,21.0,2,1,0,2,1,26,1,,1,ROUTE NATIONALE 1,0,,1,3,0,1,3,320,1,, -1,1,0,1,900,16,6,1,972,97213,2,1,0,2,ROUTE NATIONALE 1,14.61796,-61.01896,13,2,2
202100047324,117Â 176,A01,1,1,2,1,1,-1,-1,-1, -1,-1,2021,26.0,3,2,8,2,4,4,1,,4,PIERRE BROSSOLETTE                  (R ),0,,2,2,0,1,(1),(1),1,, -1,1,0,1,30,19,3,1,69,69259,2,1,0,2,PIERRE BROSSOLETTE (R),45.72917,4.85859,13,2,2
202100015722,173Â 565,A01,1,1,1,5,1,-1,-1,-1,0,-1,2021,20.0,1,2,0,2,1,1,1,,3,RD 170 ,0,,1,2,0,1,17,0,1,, -1,2,0,1,50,2,10,3,95,95277,1,1,1,2,RD 170 ,48.97447,2.48746,6,3,2
202100032185,144Â 229,A01,1,1,1,5,2,6,9,0,0,-1,2021,54.0,2,1,0,2,8,1,1,,3,538,0,,2,2,0,1,68,70,1,, -1,1,0,1,80,26,6,3,26,26108,1,3,0,3,Route de Lambres,44.747156,5.010689,22,2,2
202100021473,163Â 258,B01,1,1,1,1,8,0,-1,-1, -1,-1,2021,25.0,1,1,0,2,8,1,5,,4,GENERAL CHARLES DELESTRAIN (RUE),0,,2,2,0,2,(1),(1),1,, -1,1,0,1,50,31,8,1,10,10387,2,2,0,3,GENERAL CHARLES DELESTRAIN (RUE),48.290395545,4.0717852861,9,2,2
202100032199,144Â 210,A01,1,1,1,1,2,-1,-1,0,0,-1,2021,48.0,0,1,0,2,2,1,1,,7,64,0,D,2,2,0,1,(1),(1),1,, -1,1,0,1,50,26,6,1,67,67256,2,1,0,3,40 rue de pfulgrieseim,48.6516995927,7.7017378807,19,2,2
202100017340,170Â 652,A01,1,1,1,1,2,6,-1,0,0,-1,2021,18.0,1,1,0,2,7,17,1,,4,,-1,,2,2,0,1,(1),(1),1,,4,1,0,1,50,24,9,1,59,59592,2,2,0,3,Rue Pierre Vienot,50.469712,3.069992,8,2,2
202100042505,125Â 643,B01,1,1,1,9,2,6,-1,0,0,-1,2021,19.0,1,1,0,2,3,1,1,,4,RUE LA BOETIE,0,,1,1,0,1,(1),(1),1,, -1,1,0,1,50,26,4,1,75,75108,2,1,0,2,RUE LA BOETIE,48.871822,2.308305,14,2,2
202100051005,110Â 501,B01,1,1,2,1,2,6,-1,-1, -1,-1,2021,21.0,2,1,0,2,7,21,1,,4,Tunnel Prado CarÃ©nage,0,,1,2,0,1,2,250,1,, -1,1,1,1,50,18,2,5,13,13206,1,1,0,3,Tunnel Prado CarÃ©nage,43.2856,5.375,8,2,2
202100015096,174Â 722,B01,1,1,1,5,2,0,-1,0,0,-1,2021,37.0,2,1,0,2,1,1,5,,2,RN 94,0,,2,2,0,1,72,355,1,, -1,1,0,1,50,1,10,1,5,5061,2,1,0,3,RN 94,44.57325,6.10888,13,2,2
202100038827,132Â 222,A01,1,1,1,9,1,-1,-1,0,0,-1,2021,50.0,1,2,2,0,7,13,1,,3,933,0,,2,2,0,1,26,750,1,, -1,1,0,3,80,22,5,3,64,64513,1,1,0,7,D933,43.435688,-0.929171,22,1,1
202100047662,116Â 556,A01,1,1,1,4,1,0,-1,-1, -1,-1,2021,23.0,0,1,0,2,7,26,1,,3,GENERAL LECLERC (AVENUE)(1/41 ET 2/76),0,,2,2,0,1,0,1,1,, -1,2,0,5,50,16,3,5,93,93055,2,9,1,3,GENERAL LECLERC (AVENUE)(1/41 ET 2/76),48.89944,2.40904,19,2,2
202100037104,135Â 380,A01,1,1,1,2,2,6,-1,0,0,-1,2021,12.0,2,1,0,2,1,9,5,,4,,0,,1,1,0,1,(1),(1),1,,"3,5",1,0,1,30,1,6,1,43,43135,2,3,0,3,18 Rue Langlade,44.94071,3.993477,8,2,2
202100049470,113Â 335,B01,1,1,1,9,2,0,-1,-1, -1,-1,2021,20.0,1,1,0,2,1,2,1,,3,CABASSOU (ROUTE DE),0,,2,1,1,1,1,100,1,, -1,2,0,1,50,2,3,1,973,97302,2,1,1,3,CABASSOU (ROUTE DE),4.91669,-52.31203,14,3,2
202100012989,178Â 524,A01,1,1,1,1,1,-1,-1,0,0,-1,2021,47.0,1,2,0,2,1,2,1,,3,,0,,-1,1,0,2,(1),(1),3,,"3,5",1,0,8,50,16,10,1,69,69009,2,1,1,1,EUROPE (DE L') (AV),45.949001,4.712641,16,2,2
202100052225,108Â 353,B01,4,2,2,5,1,0,-1,-1, -1,-1,2021,19.0,3,2,0,2,4,1,1,,2,R.N 296,0,,3,4,0,1,20,0,1,, -1,1,0,1,90,7,2,1,13,13001,2,1,0,4,R.N 296,43.55787,5.44774,17,5,3
202100013432,177Â 724,A01,1,1,1,4,2,6,-1,0,0,-1,2021,58.0,1,1,14,0,1,1,1,,2,1,-1,A,2,2,2,1,56,900,3,, -1,1,9,8,80,13,10,1,974,97413,1,1,0,5,Pointe au Sel les Bas,-21.199209,55.284598,12,1,1
202100008427,186Â 679,B01,1,1,1,5,0,-1,-1,0,0,-1,2021,68.0,1,1,0,2,1,1,5,,3,950,0,D,-1,1,0,1,16,290,2,, -1,1,0,1,50,9,11,1,62,62865,2,6,1,3,RD 950,50.33328,2.984738,16,2,2
202100005115,192Â 633,B01,1,1,1,5,0,-1,-1,0,0,-1,2021,31.0,1,1,0,2,1,19,3,,3,STALINGRAD - CAR DES SORBIERS (AV DE),0,,3,2,0,1,1,0,1,, -1,2,5,1,50,2,12,5,94,94021,2,1,1,3,STALINGRAD - CAR DES SORBIERS (AV DE),48.76907,2.36788,3,2,2
202100044884,121Â 489,A01,10,3,1,0,0,-1,-1,5,1,1,2021,78.0,1,2,0,1,0,1,1,,6,D6007,0,A,1,1,0,1,5,500,1,, -1,1,0,6,30,8,4,1,6,6079,2,9,0,6,583 Avenue Janvier Passero,43.551462,6.937675,9,2,1
202100017783,169Â 827,A01,10,3,1,5,0,0,0,2,3,1,2021,61.0,3,2,12,1,1,13,1,,4,TETEGHEM,0,,2,2,0,1,(1),(1),1,, -1,1,0,4,50,19,9,1,59,59183,2,1,0,6,TETEGHEM,51.04234,2.42301,11,2,1
202100009298,185Â 081,A01,2,2,1,1,2,0,-1,-1, -1,-1,2021,28.0,1,1,0,2,5,0,1,,3,MAURICE GUNSBOURG (R),0,,1,1,0,1,1,0,1,, -1,1,0,1,50,5,11,5,94,94041,2,2,0,3,Rue Maurice Gunsbourg,48.81261,2.40539,5,3,2
202100025310,156Â 416,A01,10,3,1,0,0,-1,-1,2,3,2,2021,4.0,1,1,0,1,5,1,1,,7,MADRAGUE VILLE (chemin de la),0,,2,2,0,1,0,0,1,, -1,1,0,1,50,6,8,1,13,13215,2,1,0,3,MADRAGUE VILLE (chemin de la),43.32136,5.36494,17,2,1
202100012650,179Â 102,A01,1,1,1,5,2,8,-1,-1, -1,-1,2021,26.0,1,1,1,2,1,9,1,,4,PHILIPPE VAN TIEGHEM (RUE),0,,1,0,1,2,(1),(1),1,, -1,1,0,1,50,17,10,1,59,59043,2,1,0,6,PHILIPPE VAN TIEGHEM (RUE),50.73455,2.7287,16,2,1
202100047087,117Â 604,A01,1,1,1,0,0,-1,-1,0,0,-1,2021,23.0,0,1,0,0,0,0,5,,4,,-1,,1,1,1,2,(1),50,2,, -1,1,0,1,30,23,3,1,38,38229,2,1,0,7,chemin des pÃ©piniÃ¨res,45.203366,5.769249,15,1,1
202100049263,113Â 702,B01,2,2,1,0,1,0,-1,-1, -1,-1,2021,20.0,2,2,0,0,4,2,1,,2,BOUCHET LOUIS (AVENUE),0,,2,2,0,1,79,0,1,, -1,1,0,1,50,4,3,1,17,17306,2,1,0,2,BOUCHET LOUIS (AVENUE),45.62745,-0.99696,15,4,2
202100051671,109Â 333,A01,10,3,2,1,0,-1,-1,3,3,1,2021,47.0,1,5,0,1,1,1,1,,7,RD 674,0,,2,2,0,1,41,116,1,, -1,1,0,1,50,12,2,2,54,54184,2,6,0,6,RD 674,48.7081,6.24436,7,2,1
202100040938,128Â 445,B01,1,1,1,0,1,0,-1,-1, -1,-1,2021,51.0,2,2,0,2,3,1,1,,4,BEL AIR (RUE),0,,1,1,0,1,(1),(1),1,, -1,1,0,1,50,3,5,5,13,13206,2,2,0,3,BEL AIR (RUE),43.28956,5.3824,21,2,2
202100022536,161Â 346,B01,1,1,1,0,2,6,9,0,0,-1,2021,39.0,1,1,0,2,1,1,1,,3,746,0,,2,2,0,1,43,310,1,, -1,1,0,1,80,25,8,1,85,85297,1,1,0,2,La Grippe,46.36808,-1.222469,17,3,2
202100050363,111Â 675,B01,1,1,2,1,8,0,-1,0,0,-1,2021,53.0,1,1,0,2,1,1,5,,4,BOULEVARD DE MENILMONTANT,0,,1,1,1,1,(1),(1),1,, -1,1,-1,5,30,23,2,5,75,75111,2,3,0,3,BOULEVARD DE MENILMONTANT,48.860972,2.388212,20,2,2
202100012205,179Â 900,B01,1,1,1,4,8,0,-1,-1, -1,-1,2021,50.0,2,1,1,2,1,1,5,,3,BREUIL (PLACE DU),0,,2,4,0,1,0,321,1,, -1,1,0,1,50,18,10,1,43,43157,2,1,0,3,9 Place du Breuil,45.042,3.883,9,2,2