Num_Acc,id_vehicule,num_veh,place,catu,sexe,trajet,secu1,secu2,secu3,locp,actp,etatp,year_acc,victim_age,senc,catv,obs,obsm,choc,manv,motor,occutc,catr,voie,v1,v2,circ,nbv,vosp,prof,pr,pr1,plan,lartpc,larrout,surf,infra,situ,vma,jour,mois,lum,dep,com,agg_,int,atm,col,adr,lat,long,hour,nb_victim,nb_vehicules
202100054794,103Â 852,A01,1,1,1,4,1,0,-1,-1, -1,-1,2021,35.0,3,3,0,2,1,2,1,1.0,4,SALVADOR ALLENDE (AVENUE),0,,1,1,0,1,0,0,1,, -1,5,0,1,50,16,1,1,93,93071,2,1,1,2,SALVADOR ALLENDE (AVENUE),48.94847,2.53075,14,2,2
202100004765,193Â 266,A01,10,3,2,0,0,-1,-1,2,3,1,2021,42.0,2,3,0,1,3,1,3,,4,ABRIVADO (RUE DE L'),0,,2,2,3,1,(1),(1),1,, -1,1,4,6,50,3,12,1,34,34172,2,8,0,6,ABRIVADO (RUE DE L'),43.589563,3.887892,10,2,1
202100039482,131Â 034,B01,1,1,1,1,1,0,-1,-1, -1,-1,2021,42.0,2,2,0,2,2,1,1,,3,AV DE VERSAILLES ,0,,1,2,0,2,1,0,1,, -1,1,0,1,50,18,5,1,94,94073,2,1,0,3,Avenue de Versailles,48.758804,2.395075,7,2,2
202100038085,133Â 586,A01,9,2,1,9,3,-1,-1,0,0,-1,2021,3.0,1,2,0,2,3,13,1,,3,7,2,,2,2,0,1,8,500,3,, -1,2,0,1,80,25,5,1,68,68098,1,1,1,1,D7bis,47.560242,7.157335,7,4,2
202100037054,135Â 467,A01,1,1,2,1,8,0,-1,0,0,-1,2021,58.0,3,1,12,0,7,14,5,,4,PLACE DE LA CONCORDE,0,,1,4,1,1,(1),(1),1,, -1,1,0,5,30,1,6,1,75,75108,2,7,0,7,PLACE DE LA CONCORDE,48.864078,2.320143,18,1,1
202100011254,181Â 615,A01,10,3,1,5,0,-1,-1,2,3,1,2021,34.0,2,0,0,1,8,1,0,,3,JEAN JAURES (AVE)  => 53,0,,1,1,0,1,0,1,1,, -1,1,0,1,50,24,10,1,93,93001,2,1,0,6,JEAN JAURES (AVE)  => 53,48.9029892398,2.3913214035,11,2,1
202100043947,123Â 123,A01,1,1,1,5,1,-1,-1,0,0,-1,2021,86.0,1,2,0,2,2,15,1,,3,588,-1,,2,2,3,1,15,800,1,, -1,1,5,1,90,14,4,1,43,43147,1,9,0,6,D588,45.284701,3.357096,14,2,2
202100029580,148Â 918,A01,10,3,1,5,0,-1,-1,6,B,3,2021,30.0,1,2,1,1,2,1,1,,2,RN 184,0,,2,3,0,1,14,590,1,, -1,1,0,1,50,10,7,3,78,78551,1,1,0,6,RN 184,48.92328,2.0869,22,4,1
202100000519,200Â 771,A01,10,3,1,0,0,-1,-1,3,3,1,2021,10.0,1,2,0,1,2,1,1,,2,SECTION MARE-GAILLARD,0,,2,2,0,1,(1),(1),1,, -1,1,6,1,50,31,12,5,971,97113,2,1,0,6,SECTION MARE-GAILLARD,16.21512,-61.43833,19,2,1
202100028022,151Â 622,A01,1,1,1,5,2,6,-1,0,0,-1,2021,25.0,2,1,0,2,1,1,1,,3,152,-1,,2,2,0,1,5,200,1,,4,1,0,1,80,21,7,1,14,14431,1,2,0,3,D152,49.077665,-0.088524,17,3,2
202100002269,197Â 727,A01,10,3,1,5,0,-1,-1,2,3,1,2021,29.0,2,3,0,1,2,1,1,1.0,4,AVENUE KLEBER,0,,2,3,3,1,(1),(1),1,, -1,1,0,1,30,18,12,1,75,75116,2,1,0,6,AVENUE KLEBER,48.86853,2.29119,14,2,1
202100056338,101Â 197,A01,1,1,1,5,2,6,-1,-1,0,-1,2021,24.0,3,1,0,2,1,17,1,,7,ROUTE DEPARTEMENTALE 945,0,,2,2,0,1,(1),(1),1,, -1,1,0,1,70,3,1,1,59,59143,1,1,0,1,ROUTE DEPARTEMENTALE 945,50.663543,2.904472,15,6,2
202100020002,165Â 881,A01,1,1,1,5,1,-1,-1,0,0,-1,2021,42.0,1,2,13,0,3,1,1,,3,7,-1,,2,2,0,2,10,100,2,, -1,2,0,3,80,9,9,3,22,22277,1,1,1,7,La Ville au Pilon,48.379963,-2.894222,0,1,1
202100034974,139Â 183,B01,1,1,1,9,1,0,-1,-1, -1,-1,2021,64.0,1,2,0,2,4,1,1,,3,R.N. 10,0,,2,2,1,1,114,0,1,, -1,1,0,1,50,11,6,1,64,64140,2,1,0,4,R.N. 10,43.52579,-1.46416,13,3,3
202100008682,186Â 218,B01,1,1,1,9,2,6,-1,-1, -1,-1,2021,24.0,1,1,1,2,1,3,1,,4,DOCTEUR GAILLETON (DU)              (QU),0,,3,4,3,1,(1),(1),1,, -1,1,0,8,50,8,11,2,69,69382,2,9,0,4,DOCTEUR GAILLETON (DU) (Q),45.7513236037,4.8323958645,17,3,3
202100054959,103Â 574,B01,1,1,1,1,2,6,-1,0,0,-1,2021,18.0,2,1,0,0,4,2,1,,3,761,-1,,2,2,0,1,27,270,1,, -1,1,5,5,90,16,1,2,49,49053,1,2,0,2,D761,47.168521,-0.214533,8,2,2
202100018812,168Â 017,A01,1,1,2,5,1,0,-1,-1, -1,-1,2021,33.0,1,2,0,2,3,9,1,,4,VINCENNES (R DE),0,,2,2,0,1,0,0,1,, -1,2,0,1,50,15,9,1,94,94046,2,3,1,3,VINCENNES (R DE),48.80814,2.44799,10,3,2
202100019463,166Â 850,B01,1,1,1,5,2,-1,-1,-1, -1,-1,2021,48.0,2,1,0,2,1,19,1,,4,CHARMETTES (DES)                    (R ),0,,-1,1,0,1,(1),(1),1,, -1,1,0,1,50,11,9,1,69,69386,2,2,0,3,CHARMETTES (DES) (R),45.76635,4.86719,12,5,2
202100004267,194Â 130,B01,1,1,2,1,0,-1,-1,-1, -1,-1,2021,29.0,1,1,0,2,1,1,0,,4,RUE PASTEUR CAUD,0,,2,2,2,1,(1),(1),1,, -1,2,0,1,50,6,12,2,33,33063,2,3,0,3,Rue Pasteur,44.8470265529,-0.6214678288,7,2,2
202100044459,122Â 223,A01,2,2,2,0,1,-1,-1,-1, -1,-1,2021,39.0,2,2,3,0,6,15,1,,2,PORTE DE VILLEJEAN,0,,1,1,0,2,16,70,2,, -1,2,3,2,30,10,4,1,35,35238,1,1,1,6,PORTE DE VILLEJEAN,48.12437,-1.71856,18,2,1
202100054808,103Â 828,A01,1,1,1,1,1,-1,-1,0,0,-1,2021,54.0,2,2,0,2,1,15,1,,3,1205,-1,,2,2,0,1,58,150,1,, -1,1,0,1,70,16,1,1,74,74103,1,2,0,1,RD1205,45.903687,6.677241,12,2,2
202100016707,171Â 758,A01,1,1,1,4,1,5,-1,0,0,-1,2021,23.0,2,2,8,2,8,19,1,,3,1001,-1,D,2,2,0,1,50,920,1,,7,2,0,1,80,27,9,1,80,80574,1,3,1,3,D1001,50.046833,2.051294,13,3,2
202100024778,157Â 360,A01,10,3,1,5,0,-1,-1,1,4,1,2021,7.0,3,2,0,1,2,1,1,,4,SEVRAN,0,,2,2,0,1,0,1,1,, -1,1,0,1,50,10,8,1,93,93066,2,9,0,6,Rue de Sevran,48.94112,2.378962,20,2,1
202100036174,137Â 032,A01,10,3,2,0,0,-1,-1,1,3,1,2021,61.0,3,5,0,1,1,1,1,,4,,-1,,1,1,0,1,(1),(1),2,,3,1,0,1,30,7,6,1,83,83099,1,6,0,6,Chemin du Carreou,43.451318,6.684443,7,2,1
202100006108,190Â 887,A01,1,1,2,0,1,0,-1,-1, -1,-1,2021,40.0,1,2,0,2,1,15,0,,4,CAMILLE DESMOULINS (R),0,,-1,2,0,1,39,0,1,, -1,1,0,1,50,24,11,1,94,94076,2,1,0,1,Rue Camille Desmoulins,48.795173,2.3479,9,2,2
202100021055,164Â 023,A01,1,1,2,5,0,-1,-1,-1, -1,-1,2021,15.0,1,1,0,2,1,1,5,,4,LORENTZ-MONOD (ALL. DR),0,,2,2,1,2,(1),(1),1,, -1,1,0,5,30,3,9,1,33,33009,2,1,0,1,LORENTZ-MONOD (ALL. DR),44.65418,-1.16521,12,2,2
202100042609,125Â 459,B01,1,1,1,9,1,5,-1,-1, -1,-1,2021,39.0,3,2,0,2,7,1,1,,3,WALDECK ROUSSEAU (RUE),0,,1,2,0,1,0,1,1,, -1,1,3,1,50,25,4,5,93,93005,2,4,0,3,WALDECK ROUSSEAU (RUE),48.9283395956,2.482065802,1,5,2
202100028058,151Â 560,A01,10,3,2,5,0,-1,-1,3,3,2,2021,22.0,2,2,0,1,3,1,1,,3,306,0,D,1,2,0,1,30,300,1,, -1,1,0,8,30,21,7,2,69,69009,2,1,1,6,FRERES GIRAUDET (DES) (PL),45.935848,4.721825,18,2,1
202100043824,123Â 348,A01,1,1,2,5,2,-1,-1,0,0,-1,2021,26.0,1,0,0,0,0,0,3,,3,18,-1,,2,2,0,2,1,950,1,, -1,1,0,1,80,17,4,1,29,29078,1,1,0,7,Lieu-Dit Praden,48.316202,-4.174424,13,1,1
202100011165,181Â 773,B01,1,1,1,0,1,-1,-1,0,0,-1,2021,79.0,0,2,0,2,8,15,1,,3,578,-1,D,2,2,0,1,19,500,2,, -1,1,0,1,50,26,10,1,7,7129,2,4,0,3,d578,44.982589,4.572651,10,3,2
202100044825,121Â 592,B01,1,1,2,0,8,0,-1,-1, -1,-1,2021,30.0,2,1,0,2,4,1,1,,7,MAS D'ASTRE (ROND-POINT DU),0,,1,2,0,1,8,457,2,, -1,1,0,1,50,7,4,1,34,34172,2,1,0,2,MAS D'ASTRE (ROND-POINT DU),43.57503,3.86022,19,2,2
202100046982,117Â 802,A01,1,1,1,3,1,-1,-1,0,0,-1,2021,64.0,2,2,0,2,3,13,1,,3,347,-1,,2,2,0,1,10,200,3,, -1,1,0,1,90,23,3,1,86,86030,1,1,1,1,D347,46.717826,0.216505,12,2,2
202100050185,112Â 013,B01,1,1,2,5,1,0,-1,-1, -1,-1,2021,63.0,1,2,0,2,4,1,1,,3,213,0,,3,4,0,1,12,480,1,, -1,1,0,1,90,23,2,1,44,44184,1,1,0,4,RD 213,47.28581,-2.25768,17,8,4
202100026189,154Â 880,B01,1,1,1,5,0,-1,-1,0,0,-1,2021,65.0,0,1,0,2,2,1,5,,4,6,-1,,2,2,0,1,(1),(1),1,, -1,1,0,1,80,1,8,1,82,82059,1,1,0,1,lieu dit SoulÃ©ry,43.847767,0.952919,17,2,2
202100045005,121Â 281,B01,1,1,1,5,2,6,-1,0,0,-1,2021,34.0,1,1,0,2,1,1,1,,7,2,-1,,2,2,0,2,31,900,1,, -1,1,0,1,80,3,4,1,13,13007,1,1,0,3,Route DÃ©partementale 2,43.319761,5.664632,15,2,2
202100008626,186Â 321,A01,1,1,1,1,1,0,-1,-1, -1,-1,2021,55.0,1,2,0,2,3,13,1,,4,SCHNEIDER (AVENUE),0,,-1,3,0,1,0,0,1,, -1,1,0,1,50,10,11,1,92,92048,2,1,0,5,SCHNEIDER (AVENUE),48.8078185108,2.2502177954,17,6,4
202100055635,102Â 406,A01,1,1,1,5,1,-1,-1,0,0,-1,2021,50.0,1,2,13,0,9,17,1,,2,1,0,,2,2,0,4,(1),(1),3,, -1,1,0,8,70,10,1,2,986,98613,2,9,0,7,Gahi,-13.336702,-176.188059,18,2,1
202100001548,199Â 037,A01,2,2,2,3,2,-1,-1,0,0,-1,2021,17.0,1,1,6,0,1,1,1,,2,91,0,T,2,2,0,1,4,500,2,, -1,1,0,3,50,25,12,1,987,98729,2,1,0,1,PK 4+500 - VaiarÃ© - CotÃ© montagne,-17.51207,-149.815768,10,2,1
202100046930,117Â 887,B01,1,1,1,1,1,0,-1,0,0,-1,2021,41.0,1,2,0,2,1,1,1,,3,PARIS (AVENUE DE),0,,2,1,0,1,1,570,1,, -1,1,0,1,50,23,3,1,27,27681,2,2,0,3,Avenue de I'le de France,49.08508,1.4987,7,2,2
202100033268,142Â 306,A01,1,1,1,1,1,-1,-1,0,0,-1,2021,50.0,1,2,13,2,1,13,1,,1,31,-1,A,3,4,0,1,182,200,1,, -1,1,0,3,130,21,6,3,88,88440,1,1,0,3,A31,48.267966,5.861893,4,2,2
202100028937,150Â 005,A01,1,1,2,0,1,-1,-1,0,0,-1,2021,23.0,1,2,0,0,8,19,1,,3,D22,-1,,2,2,0,1,5,290,1,, -1,1,5,1,70,15,7,1,33,33100,1,2,0,3,Lieu Dit la Pistolette,45.140974,-0.597411,20,3,2
202100002712,196Â 926,A01,10,3,2,3,0,-1,-1,4,3,1,2021,72.0,1,2,0,1,1,15,1,,7,6014,-1,,2,2,0,1,9,300,1,, -1,1,0,1,50,18,12,1,76,76475,2,2,0,6,Route de Paris,49.39788,1.177592,10,2,1
202100008511,186Â 522,B01,1,1,1,0,8,0,-1,-1, -1,-1,2021,21.0,1,2,1,0,0,0,1,,4,BLUM (AV. LEON),0,,2,1,0,1,1,0,4,, -1,1,0,1,50,11,11,5,93,93010,2,9,0,3,BLUM (AV. LEON),48.9152054077,2.4789920598,19,2,2
202100010213,183Â 451,A01,1,1,1,5,1,-1,-1,0,0,-1,2021,64.0,2,2,13,0,2,1,1,,3,140,0,,2,2,0,3,22,690,3,, -1,1,0,1,80,31,10,1,26,26017,1,1,0,6,20 Rue du Lavoir ,44.623488,5.345353,17,1,1
202100034182,140Â 651,A01,1,1,1,5,2,6,-1,0,0,-1,2021,39.0,1,1,0,0,0,1,1,,3,26,-1,,2,2,0,1,(1),(1),2,, -1,1,0,1,50,16,6,1,57,57095,2,1,0,7,26 Rue de Porcelette,49.141966,6.611439,18,5,2
202100030282,147Â 637,A01,1,1,2,0,8,-1,-1,0,0,-1,2021,24.0,1,2,2,0,8,2,0,,3,960,0,D,2,2,0,1,11,800,1,, -1,9,9,3,50,8,7,2,54,54080,1,1,1,6,departementale 960,48.6061845769,5.8113920697,6,1,1
202100056114,101Â 578,B01,1,1,1,1,2,6,-1,0,0,-1,2021,55.0,3,1,0,0,0,1,1,,3,426,0,D,1,1,0,2,(1),(1),3,, -1,2,9,1,50,5,1,1,67,67130,2,6,0,7,Avenue de la Gare,48.422102,7.641576,11,2,2
202100042362,125Â 906,Z01,10,3,2,1,0,-1,-1,5,1,1,2021,50.0,1,4,0,1,4,4,1,,4,RUE DE RICHELIEU,0,,-1,1,0,1,(1),(1),1,, -1,1,0,4,30,26,4,1,75,75101,2,2,0,6,RUE DE RICHELIEU,48.86664,2.337382,10,2,1
202100032512,143Â 652,A01,1,1,1,1,2,6,-1,0,0,-1,2021,46.0,2,1,0,2,2,15,1,,4,AVENUE DE LA PORTE DE SAINT CLOUD,0,,2,8,0,1,(1),(1),1,, -1,1,0,1,50,23,6,1,75,75116,2,4,0,3,AVENUE DE LA PORTE DE SAINT CLOUD,48.838675,2.253949,11,2,2
202100014690,175Â 454,B01,1,1,1,5,1,-1,-1,0,0,-1,2021,71.0,2,2,0,2,1,1,1,,3,32,0,,2,2,0,2,14,200,1,, -1,2,0,1,80,4,10,1,34,34221,1,1,1,1,RD 32,43.7189200782,3.6236657189,12,3,2
202100004057,194Â 496,A01,1,1,1,1,2,6,-1,-1, -1,-1,2021,31.0,1,1,0,2,8,1,1,,4,PAUL VERLAINE (RUE),0,,2,1,1,1,(1),(1),1,, -1,1,9,1,30,8,12,1,35,35055,2,1,0,1,PAUL VERLAINE (RUE),48.08972,-1.60801,13,2,2
202100015552,173Â 884,A01,10,3,2,5,0,-1,-1,3,3,2,2021,36.0,1,5,0,1,1,1,1,,3,163,0,,2,2,0,1,2,560,1,, -1,2,5,1,30,1,10,2,56,56162,2,1,1,6,Boulevard FranÃ§ois Mitterrand,47.7324,-3.42909,8,3,1
202100039628,130Â 755,A01,1,1,1,5,0,-1,-1,0,0,-1,2021,54.0,2,2,0,2,1,5,1,,3,942,0,A,3,4,3,1,2,700,1,, -1,1,0,1,110,14,5,3,84,84043,1,1,0,1,RD942,43.992552,4.922369,0,2,2
202100012526,179Â 322,A01,1,1,2,0,1,-1,-1,0,0,-1,2021,76.0,2,2,0,0,0,1,1,,3,926,0,D,2,2,0,1,12,70,1,, -1,1,0,3,80,19,10,1,82,82155,1,1,0,7,D926,44.192959,1.679878,9,1,1
202100001469,199Â 159,B01,1,1,1,5,1,0,-1,0,0,-1,2021,27.0,2,2,0,2,1,1,1,,4,QUAI DU CANAL,0,,2,2,0,2,0,0,1,, -1,2,0,1,50,24,12,5,47,47001,2,1,1,1,QUAI DU CANAL,44.209,0.6202,0,2,2
202100002114,198Â 015,A01,1,1,2,5,1,-1,-1,-1,0,-1,2021,21.0,2,2,4,0,3,21,1,,2,RN 184,0,,1,1,0,3,2,500,3,, -1,8,3,1,70,20,12,3,95,95572,1,1,0,6,RN 184,49.0321236731,2.1058773994,8,1,1
202100017681,170Â 018,A01,10,3,2,5,0,-1,-1,3,3,1,2021,57.0,3,1,0,1,1,16,3,,4,RUE DE TURENNE,0,,2,2,0,1,(1),(1),1,, -1,1,0,1,30,21,9,1,75,75103,2,7,0,6,RUE DE TURENNE,48.8646332533,2.364730879,16,2,1
202100019542,166Â 700,B01,1,1,1,5,2,-1,-1,0,0,-1,2021,66.0,3,1,0,2,8,1,5,,3,41,-1,,2,2,0,1,(1),(1),1,, -1,1,0,1,50,12,9,1,67,67548,2,3,0,1,26 Route de Saverne,48.641115,7.60646,10,2,2
202100047943,116Â 041,A01,1,1,2,1,2,6,-1,0,0,-1,2021,19.0,1,1,0,0,7,1,1,,3,,-1,,3,4,-1,2,2,800,3,, -1,2,3,1,-1,15,3,2,29,29232,1,3,0,7,D34 - Boulevard de Creac H Gwen,47.97968,-4.10339,7,1,1
202100026866,153Â 697,A01,2,2,2,0,1,0,-1,-1, -1,-1,2021,27.0,2,2,12,0,1,1,0,,3,FRANCE ANATOLE (BOULEVARD) NR AUTRES,0,,2,4,0,1,0,1,1,, -1,1,5,1,50,25,7,5,93,93066,2,2,0,1,FRANCE ANATOLE (BOULEVARD) NR AUTRES,48.9255215768,2.3507142323,22,5,2
202100048539,114Â 990,A01,1,1,1,4,1,0,-1,-1, -1,-1,2021,39.0,1,2,0,2,8,16,1,,7,RESISTANTS (RUE DES ),0,,2,2,1,1,(1),(1),1,, -1,1,0,1,50,8,3,5,59,59017,2,2,0,3,RESISTANTS (RUE DES ),50.691386,2.873115,21,4,2
202100005752,191Â 516,A01,10,3,2,5,0,-1,-1,4,3,1,2021,70.0,1,2,0,1,1,1,6,,7,DEPORTES (RUE DES),0,,2,2,0,1,(1),(1),1,, -1,2,0,1,50,28,11,5,59,59017,2,1,1,6,DEPORTES (RUE DES),50.6864522272,2.8940126004,17,2,1
202100030854,146Â 610,B01,1,1,1,5,2,0,-1,0,0,-1,2021,58.0,3,1,0,2,2,19,5,,4,ALLEE DE LONGCHAMP,0,,2,4,0,1,(1),(1),1,, -1,1,0,1,50,4,7,1,75,75116,2,1,0,3,ALLEE DE LONGCHAMP,48.873493,2.267118,15,2,2
202100000413,200Â 968,A01,10,3,2,5,0,-1,-1,4,3,1,2021,65.0,1,2,0,1,2,1,1,,4,GARIBALDI (AVENUE),0,,2,2,0,1,0,0,1,, -1,1,0,1,50,5,11,5,87,87085,2,1,0,6,GARIBALDI (AVENUE),45.83741,1.25922,19,2,1
202100008644,186Â 295,A01,1,1,1,5,1,-1,-1,0,0,-1,2021,19.0,2,2,0,0,2,5,1,,3,43,0,D,2,2,0,2,4,500,1,, -1,1,0,1,80,10,11,3,85,85090,1,1,0,1,La VilniÃ¨re - D43,46.81283,-0.818406,19,2,2
202100036417,136Â 608,A01,10,3,1,2,8,-1,-1,3,5,3,2021,17.0,1,5,0,1,1,1,1,,4,PELLIER (RUE DOCTEUR),0,,2,2,0,1,(1),(1),1,, -1,1,0,1,50,3,6,1,51,51108,2,1,0,7,Rue du Docteur Pellier,48.96496,4.36707,17,2,1
202100037200,135Â 188,B01,1,1,1,0,2,0,-1,-1, -1,-1,2021,21.0,2,1,0,2,1,0,1,,4,GOBELINS (DES),0,,2,2,0,2,0,0,2,, -1,1,0,1,50,30,5,1,76,76351,2,2,0,1,GOBELINS (DES),49.49857,0.10559,20,2,2
202100039515,130Â 970,A01,1,1,2,0,0,-1,-1,0,0,-1,2021,62.0,3,5,0,2,8,19,1,,3,68,0,,2,2,0,1,2,550,1,, -1,1,0,1,80,18,5,1,37,37086,1,2,0,3,La RobiniÃ¨re,47.4952995074,0.336070903,20,2,2
202100026107,155Â 029,A01,2,2,2,9,2,8,-1,-1, -1,-1,2021,24.0,1,1,0,2,1,1,1,,3,FELIX EBOUE(ROCADE),0,,2,2,0,1,2,750,1,, -1,1,9,1,50,31,7,1,973,97302,2,9,0,3,FELIX EBOUE(ROCADE),4.9351973853,-52.3079652788,9,3,2
202100032965,142Â 833,A01,1,1,1,5,1,-1,-1,0,0,-1,2021,23.0,2,2,13,0,1,0,1,,3,263,0,D,2,2,0,1,4,600,1,, -1,1,0,8,80,19,6,3,7,7005,1,1,0,7,D263,44.53991,4.58557,1,1,1
202100055693,102Â 310,B01,1,1,1,9,8,0,-1,-1, -1,-1,2021,44.0,3,1,0,2,1,1,1,,4,BARBUSSE HENRI BOULEVARD,0,,2,2,0,1,1,1,1,, -1,1,6,1,50,8,1,5,93,93063,2,4,0,1,BARBUSSE HENRI BOULEVARD,48.87971,2.44116,18,2,2
202100039904,130Â 264,A01,1,1,1,5,2,6,-1,0,0,-1,2021,20.0,1,1,0,2,1,7,1,,4,RUE DE L OURCQ,0,,1,2,3,1,(1),(1),1,, -1,1,-1,6,50,22,2,5,75,75119,2,3,0,3,RUE DE L OURCQ,48.8926184185,2.3784703016,19,2,2
202100049416,113Â 429,A01,10,3,1,5,8,8,-1,2,3,1,2021,71.0,2,5,0,1,5,4,1,,4,RUE VILLEDO,0,,1,1,0,1,(1),(1),1,, -1,1,0,1,50,2,3,1,75,75101,2,1,0,6,RUE VILLEDO,48.866279,2.336244,16,2,1
202100008388,186Â 737,C01,1,1,2,0,1,-1,-1,0,0,-1,2021,48.0,3,2,0,2,1,1,1,,3,939,0,,2,2,0,1,(1),(1),1,, -1,1,0,1,80,12,11,3,28,28022,1,1,0,1,D939,48.485854,1.393767,19,7,4
202100010411,183Â 108,A01,10,3,1,5,0,-1,-1,1,3,2,2021,15.0,3,2,0,1,2,1,1,,4,,-1,,2,2,0,2,0,1,1,,4,1,0,1,50,29,10,1,5,5132,2,1,0,6,Avenue Premongil,44.678003,6.082909,14,2,1
202100009404,184Â 892,B01,1,1,1,1,8,-1,-1,-1, -1,-1,2021,29.0,3,2,0,2,0,1,0,,4,FELIX FAURE                         (AV),0,,2,3,2,1,(1),(1),1,, -1,2,0,1,50,4,11,1,69,69383,2,2,0,3,FELIX FAURE (AV),45.75289,4.85334,10,2,2
202100040534,129Â 155,A01,10,3,2,5,0,-1,-1,3,3,1,2021,69.0,1,2,0,1,1,1,1,,4,,0,,2,2,0,1,0,0,1,, -1,1,0,1,50,9,5,1,92,92036,2,3,0,6,COUTURE D'AUXERRE (RUE DE LA) (27/139),48.92793,2.28827,18,2,1
202100029499,149Â 065,A01,1,1,2,0,8,-1,-1,0,0,-1,2021,32.0,1,2,0,2,3,13,1,,2,7,0,,2,2,0,1,6,900,1,, -1,2,0,1,50,12,7,1,3,3290,1,1,1,1,n7,46.635047,3.278472,11,2,2
202100038110,133Â 542,A01,1,1,2,4,1,-1,-1,0,0,-1,2021,33.0,2,2,0,0,4,2,1,,1,52,-1,,3,5,0,1,14,500,3,, -1,1,0,1,110,19,5,1,13,13007,1,1,1,2,AUTOROUTE A52 - PK 014.500,43.367528,5.611138,15,2,2
202100004610,193Â 534,A01,1,1,2,1,8,0,-1,-1, -1,-1,2021,52.0,1,2,0,2,8,1,1,,1,A50-Sens Marseille vers Aubagne,0,,1,3,0,1,9,500,1,, -1,1,0,1,90,30,11,3,13,13211,1,1,0,3,A50-Sens Marseille vers Aubagne,43.28633,5.5088,18,1,1
202100033332,142Â 182,A01,1,1,2,5,8,0,-1,-1, -1,-1,2021,24.0,3,2,13,0,3,0,1,,6,LESTANQUET (CHEMIN DE),0,,-1,0,0,1,0,0,1,, -1,1,0,1,50,13,6,1,64,64102,2,1,0,7,LESTANQUET (CHEMIN DE),43.47775,-1.48807,9,2,1
202100001473,199Â 154,A01,10,3,2,9,0,-1,-1,4,3,1,2021,70.0,2,2,0,1,1,1,1,,4,Boulevard Augustin Thierry,0,,2,2,0,1,(1),(1),1,, -1,1,0,1,50,10,12,5,42,42218,2,2,0,6,Boulevard Augustin Thierry,45.44684,4.38361,18,2,1
202100025423,156Â 216,A01,1,1,2,1,1,0,-1,-1, -1,-1,2021,25.0,1,2,13,0,9,13,1,,3,SABLIERE (LA),0,,2,2,0,1,0,0,3,, -1,2,0,1,50,4,8,1,87,87113,2,1,1,6,SABLIERE (LA),45.87115,1.33446,19,1,1
202100022248,161Â 876,B01,2,2,1,5,1,0,-1,0,0,-1,2021,18.0,1,2,0,2,5,1,1,,4,BARBUSSE (BD HENRI),0,,1,1,0,1,(1),(1),1,, -1,1,0,1,50,27,8,1,54,54526,2,6,0,3,BARBUSSE (BD HENRI),48.68452,6.21402,18,4,2
202100049530,113Â 223,B01,1,1,1,5,8,0,-1,0,0,-1,2021,28.0,1,1,0,2,1,1,5,,4,BOULEVARD DE LA BASTILLE,0,,2,2,2,1,(1),(1),1,, -1,1,-1,5,50,1,3,1,75,75112,2,3,0,3,BOULEVARD DE LA BASTILLE,48.846461,2.366899,17,2,2
202100040609,129Â 026,A01,1,1,1,5,2,8,-1,0,0,-1,2021,40.0,3,6,0,0,0,14,1,,3,RD 226,0,,-1,1,0,2,1,0,2,, -1,1,0,8,50,9,5,1,47,47215,1,1,0,7,RD 226,44.378508,0.683084,15,1,1
202100004571,193Â 608,B01,1,1,1,1,1,-1,-1,0,0,-1,2021,44.0,1,2,0,0,3,1,2,,3,939,-1,,2,2,0,1,195,760,1,, -1,2,0,1,80,6,12,3,62,62858,1,1,1,1,D939,50.231476121,3.0062010884,18,2,2
202100024274,158Â 281,A01,10,3,1,0,0,-1,-1,4,3,1,2021,24.0,0,5,0,2,1,26,1,,4,DALBY ( BD ERNEST ),0,,2,2,0,1,(1),0,1,, -1,1,0,1,30,14,8,5,44,44109,2,2,0,3,DALBY ( BD ERNEST ),47.22505,-1.52948,0,5,2
202100001317,199Â 405,A01,1,1,1,1,1,-1,-1,0,0,-1,2021,40.0,1,2,2,0,8,1,1,,3,26,0,D,2,2,0,1,32,750,3,, -1,1,0,8,80,27,12,3,31,31183,1,1,0,6,D26 - PR 032+850,43.093595,0.912117,20,1,1
202100042455,125Â 731,B01,1,1,1,9,2,0,-1,-1, -1,-1,2021,27.0,2,1,0,2,2,15,1,,4,MISTRAL (BOULEVARD FREDERIC),0,,2,2,0,1,0,0,1,, -1,1,0,1,50,23,4,1,66,66136,2,1,0,3,MISTRAL (BOULEVARD FREDERIC),42.69795,2.90553,17,2,2
202100053460,106Â 160,A01,1,1,2,5,2,0,-1,-1, -1,-1,2021,51.0,1,0,1,0,1,1,3,,4,ROBINOT DE ST-CYR (QUAI),0,,2,2,0,1,(1),(1),1,, -1,2,0,3,50,27,1,1,35,35238,2,1,1,3,ROBINOT DE ST-CYR (QUAI),48.105457,-1.717737,12,2,2
202100031179,146Â 002,A01,10,3,1,0,0,-1,-1,3,0,2,2021,71.0,1,2,0,1,1,1,1,,4,LANTERNE (AV. DE LA),0,,2,2,0,2,(1),(1),1,, -1,1,0,1,50,2,7,1,6,6088,2,1,0,6,LANTERNE (AV. DE LA),43.683791,7.221575,14,2,1