Num_Acc,id_vehicule,num_veh,place,catu,sexe,trajet,secu1,secu2,secu3,locp,actp,etatp,year_acc,victim_age,senc,catv,obs,obsm,choc,manv,motor,occutc,catr,voie,v1,v2,circ,nbv,vosp,prof,pr,pr1,plan,lartpc,larrout,surf,infra,situ,vma,jour,mois,lum,dep,com,agg_,int,atm,col,adr,lat,long,hour,nb_victim,nb_vehicules
202100047419,117Â 010,A01,9,2,2,5,1,-1,-1,0,0,-1,2021,27.0,1,2,0,2,1,2,1,,1,7,-1,,3,5,0,1,132,540,1,, -1,1,0,1,130,19,3,1,26,26145,1,1,0,2,Autoroute du Soleil,44.415666,4.731503,12,4,2
202100016515,172Â 106,B01,1,1,2,5,1,0,-1,-1, -1,-1,2021,28.0,1,2,0,2,6,2,1,,4,CROZET (AVENUE LOUIS ),0,,2,2,0,1,0,0,1,, -1,1,0,1,50,23,9,1,13,13028,2,1,0,2,CROZET (AVENUE LOUIS ),43.17942,5.59974,17,2,2
202100000325,201Â 138,A01,10,3,2,2,0,-1,-1,2,3,1,2021,12.0,1,2,0,1,0,15,-1,,4,,-1,,2,-1,2,1,(1),(1),1,, -1,-1,0,1,50,1,2,2,33,33063,2,2,-1,6,Rue Pasteur,44.84575,-0.61775,7,2,1
202100052283,108Â 253,B01,2,2,1,4,1,-1,-1,0,0,-1,2021,33.0,2,5,0,2,3,14,1,,2,4,0,N,3,2,0,1,36,950,1,, -1,2,0,1,110,8,2,1,54,54260,1,1,1,3,HÃ©rimÃ©nil RN4,48.569679,6.509356,12,3,2
202100040042,130Â 023,A01,1,1,1,9,1,0,-1,-1, -1,-1,2021,45.0,1,2,0,9,2,14,1,,3,MARTINET (RUE DU),0,,2,1,0,1,0,1,1,, -1,1,0,1,50,13,5,2,74,74133,2,1,0,6,MARTINET (RUE DU),46.1828,6.2046,5,1,1
202100031264,145Â 859,A01,1,1,2,5,0,-1,-1,0,0,-1,2021,52.0,1,2,0,2,3,16,1,,3,402,-1,,2,2,0,1,56,774,1,, -1,1,0,1,80,3,7,1,77,77238,1,2,0,5,D402,48.868773,3.091793,15,4,3
202100044461,122Â 219,B01,1,1,1,5,2,6,-1,-1, -1,-1,2021,60.0,3,1,12,0,4,1,1,,4,AVE DES TROIS CARDINAUX,0,,-1,2,0,1,(1),(1),1,, -1,1,0,1,50,10,4,1,33,33063,2,1,0,2,Avenue des Trois Cardinaux,44.88775,-0.55354,12,2,2
202100003185,196Â 077,A01,1,1,1,1,1,-1,-1,0,0,-1,2021,32.0,1,2,3,0,2,1,1,,3,240,0,,2,2,0,4,11,65,2,, -1,2,2,1,50,9,12,3,62,62075,1,1,0,6,Rue de la Bouverie,50.707316,1.675146,23,1,1
202100018894,167Â 872,B01,1,1,1,0,1,0,-1,-1, -1,-1,2021,41.0,2,2,0,2,4,2,1,,1,AUTOROUTE A104,0,,3,8,0,2,4,0,3,, -1,2,0,1,90,15,9,1,93,93078,1,1,1,2,AUTOROUTE A104,48.9584243006,2.5335100435,8,2,2
202100010004,183Â 818,A01,10,3,1,0,0,-1,-1,1,3,1,2021,8.0,0,2,0,9,2,26,1,,4,MOULIN JOLI (RUE DU),0,,2,1,0,1,1,0,1,, -1,2,0,1,50,31,10,1,91,91687,2,1,1,6,MOULIN JOLI (RUE DU),48.66343,2.37385,15,2,1
202100033609,141Â 693,A01,1,1,2,5,1,5,-1,0,0,-1,2021,20.0,1,2,9,0,1,26,1,,3,SAINT LEGER (RUE DU FAUBOURG),0,,2,2,0,1,29,300,2,, -1,2,5,4,50,18,6,5,27,27229,2,9,1,6,SAINT LEGER (RUE DU FAUBOURG),49.0355355026,1.1562966171,3,4,1
202100001926,198Â 351,B01,1,1,1,0,2,6,-1,0,0,-1,2021,16.0,2,1,0,2,1,1,1,,3,749,0,,2,2,0,1,65,300,1,, -1,9,0,1,50,22,12,3,37,37051,2,1,0,1,,47.072657,0.317187,18,2,2
202100033697,141Â 530,B01,1,1,1,5,2,-1,-1,0,0,-1,2021,31.0,1,1,0,2,1,1,1,,3,984,-1,,2,2,0,1,127,372,1,,4,1,0,1,30,18,6,1,1,1288,2,3,0,3,Rue de lyon,46.181155,5.919128,20,2,2
202100033519,141Â 859,B01,3,2,2,0,1,0,-1,-1, -1,-1,2021,49.0,1,2,0,2,4,12,1,,1,AUTOROUTE A1,0,,1,7,0,1,2,500,1,, -1,1,0,1,90,19,6,5,93,93066,1,1,0,5,AUTOROUTE A1,48.92354,2.35724,1,5,3
202100042728,125Â 261,A01,4,2,2,5,1,-1,-1,0,0,-1,2021,13.0,1,2,0,0,9,21,1,,3,54,-1,,2,2,0,3,3,50,2,, -1,1,0,3,80,24,4,1,18,18258,1,1,0,7,Route DÃ©partementale 54,47.363261,2.827413,16,3,1
202100017995,169Â 462,A01,1,1,1,9,2,6,-1,-1, -1,-1,2021,17.0,1,1,0,2,1,13,1,,4,MAC JEAN (AV) NÂ° IMP 107 ET plus,0,,2,2,0,1,0,0,1,, -1,1,0,1,50,19,9,1,72,72181,2,1,0,2,MAC JEAN (AV) NÂ° IMP 107 ET plus,47.97856,0.22718,17,2,2
202100035165,138Â 851,A01,1,1,1,5,2,-1,-1,0,0,-1,2021,51.0,2,1,0,2,1,17,1,,7,76,0,D,2,2,0,1,2,700,1,, -1,1,0,1,50,12,6,1,83,83047,2,1,0,2,1145 Avenue Jean Monnet,43.118926,6.068078,18,2,2
202100022718,160Â 991,A01,1,1,2,0,1,0,-1,0,0,-1,2021,29.0,1,2,4,0,3,13,1,,7,PALAVAS D986 (ROUTE DE),0,,3,4,0,1,52,243,1,, -1,1,0,1,90,23,8,1,34,34129,1,1,0,6,PALAVAS (ROUTE DE),43.55417,3.89304,19,1,1
202100030424,147Â 388,A01,10,3,2,3,0,-1,-1,2,3,1,2021,16.0,3,1,0,1,1,1,3,,4,RUE DE LA BASTILLE,0,,1,1,2,1,(1),(1),1,, -1,1,0,5,30,5,7,1,75,75104,2,3,0,6,RUE DE LA BASTILLE,48.853822,2.368178,19,2,1
202100046444,118Â 766,A01,1,1,1,1,2,6,-1,0,0,-1,2021,18.0,3,1,0,2,3,16,1,,3,50,0,,2,2,0,1,(1),(1),1,, -1,1,0,1,80,28,3,1,38,38287,2,3,0,1,504 Chemin du Devey,45.424811,5.484769,12,2,2
202100038881,132Â 128,A01,1,1,1,0,2,8,-1,-1, -1,-1,2021,29.0,1,1,12,0,1,1,1,,3,ROUTE DEPARTEMENTALE 3,0,,2,2,0,2,0,699,3,, -1,1,0,1,50,20,5,1,972,97213,1,1,0,6,ROUTE DEPARTEMENTALE 3,14.5995452657,-60.9971380236,15,1,1
202100001886,198Â 425,A01,1,1,2,5,1,5,-1,0,0,-1,2021,21.0,0,2,3,0,1,1,1,,2,RN 154,0,,-1,2,0,1,(1),(1),1,, -1,1,0,1,110,21,12,1,27,27299,1,1,0,6,RN 154,49.0494855584,1.1802556151,14,1,1
202100000708,200Â 448,A01,1,1,2,3,1,-1,-1,0,0,-1,2021,73.0,2,2,16,0,3,14,1,,3,674,0,,2,2,0,2,39,600,3,, -1,2,0,8,80,30,12,1,57,57239,1,1,0,7,D674,48.992052,6.792737,10,1,1
202100011454,181Â 244,B01,1,1,1,5,2,6,-1,0,0,-1,2021,39.0,2,1,0,2,8,1,1,,3,164,0,D,2,2,0,1,8,45,1,, -1,1,0,1,80,24,10,1,80,80288,1,2,0,3,rue de chaulnes,49.869193,2.816845,15,2,2
202100000452,200Â 898,A01,10,3,1,2,0,-1,-1,4,5,1,2021,15.0,2,2,0,1,1,26,1,,3,CD 11,0,,2,4,0,1,3,70,1,, -1,1,0,1,50,8,11,2,78,78242,2,3,0,6,CD 11,48.8131,2.03483,7,2,1
202100022846,160Â 779,A01,2,2,1,5,0,-1,-1,0,0,-1,2021,19.0,1,6,0,6,2,1,1,,3,248,0,D,2,2,0,4,15,610,1,, -1,1,0,1,80,21,8,3,61,61392,1,1,0,6,la vallÃ©e montjoie,48.943559,0.40628,23,2,1
202100012624,179Â 146,A01,10,3,2,0,0,-1,-1,4,3,1,2021,56.0,1,5,0,1,3,15,1,,4,DUCHERE (DE LA)                     (BD),0,,2,4,0,4,(1),(1),3,, -1,1,0,1,50,22,9,2,69,69389,2,3,0,6,DUCHERE (DE LA) (BD),45.7756101463,4.7950011492,6,2,1
202100013490,177Â 622,A01,10,3,2,0,0,-1,-1,2,3,2,2021,17.0,1,2,0,1,1,1,1,,4,ARMARIS (BD DES),0,,2,0,0,1,0,0,1,, -1,1,0,1,30,13,10,1,83,83137,2,1,0,6,ARMARIS (BD DES),43.12793,5.98181,11,2,1
202100054964,103Â 566,A01,1,1,1,1,1,-1,-1,0,0,-1,2021,33.0,2,2,6,0,1,0,1,,4,,-1,,2,2,0,1,(1),(1),1,, -1,1,0,4,50,15,1,5,66,66024,2,1,0,6,Avenue d'Espagne,42.520051,2.831431,19,1,1
202100054584,104Â 211,Z01,10,3,1,0,0,-1,-1,4,3,1,2021,21.0,1,2,0,1,1,1,1,,4,,0,,3,4,0,1,(1),(1),1,, -1,1,0,1,50,13,1,5,54,54547,2,1,0,6,EUROPE (BOULEVARD DE L'),48.6601145212,6.1763709784,18,2,1
202100051636,109Â 394,B01,1,1,1,0,1,0,-1,-1, -1,-1,2021,64.0,2,2,0,2,4,1,1,,1,AUTOROUTE A6A,0,,1,3,0,1,5,894,2,, -1,1,0,1,90,12,2,1,94,94021,1,1,0,4,AUTOROUTE A6A,48.7650247315,2.3429737146,14,4,4
202100054995,103Â 510,B01,1,1,1,1,2,6,-1,-1,0,-1,2021,31.0,1,1,0,2,5,3,1,,1,15,0,,3,6,0,1,20,0,1,, -1,1,0,1,90,15,1,3,95,95572,1,1,0,2, A15,49.02536,2.13171,18,2,2
202100049426,113Â 413,A01,1,1,2,5,1,8,-1,-1, -1,-1,2021,41.0,2,2,0,2,2,9,1,,3,CENTRE,0,,4,2,0,1,0,1,1,, -1,1,0,1,50,3,3,1,93,93051,2,2,0,3,CENTRE,48.83842,2.54325,10,2,2
202100027647,152Â 300,B01,1,1,1,9,2,-1,-1,0,0,-1,2021,23.0,3,1,0,2,1,1,0,,9,,-1,,-1,2,0,2,(1),(1),1,,5,1,0,1,50,22,7,1,978,97801,2,1,0,3,Rue de Concordia,18.067565,-63.082509,17,2,2
202100017661,170Â 053,A01,1,1,1,5,2,6,-1,-1, -1,-1,2021,17.0,3,1,5,0,1,14,1,,7,RTE DU VAL DE CUECH-RD 16,0,,2,2,0,2,(1),(1),2,, -1,1,9,3,80,20,9,1,13,13103,1,1,0,7,RTE DU VAL DE CUECH-RD 16,43.6552153553,5.1268533449,19,1,1
202100056191,101Â 451,A01,1,1,1,0,1,0,-1,-1, -1,-1,2021,32.0,1,1,0,0,0,0,0,,3,VAILLANT COUTURIER (AVENUE PAUL),0,,-1,1,0,1,0,1,1,, -1,2,0,8,50,5,1,1,93,93008,2,6,1,3,VAILLANT COUTURIER (AVENUE PAUL),48.9082478415,2.4523975911,8,2,2
202100025630,155Â 872,A01,10,3,1,9,0,-1,-1,4,3,1,2021,44.0,1,2,0,1,2,1,1,,4,AVENUE DE VERSAILLES,0,,2,4,0,1,(1),(1),1,, -1,2,0,1,50,3,8,5,75,75116,2,2,1,6,AVENUE DE VERSAILLES,48.840857,2.265283,4,2,1
202100022369,161Â 664,A01,2,2,2,5,0,-1,-1,0,0,-1,2021,22.0,1,2,8,0,1,13,1,,2,3,-1,,2,2,0,1,55,741,3,, -1,1,0,3,70,28,8,2,988,98808,1,3,0,6,MÃ©areu- HOUAILOU,-21.297931,165.587418,5,4,1
202100044632,121Â 944,B01,1,1,1,5,2,6,-1,0,0,-1,2021,57.0,1,1,0,2,3,17,1,,4,0,0,O,2,2,0,1,(1),(1),4,, -1,1,0,1,50,24,2,1,6,6085,1,1,0,3,Chemin du Grand Vallon,43.597075,6.966126,14,2,2
202100007315,188Â 676,A01,10,3,1,5,0,-1,-1,9,B,2,2021,71.0,2,2,0,1,1,1,1,,3,DE GAULLE (AVENUE DU GENERAL),0,,1,0,0,1,0,0,1,, -1,1,0,1,50,19,11,1,9,9122,2,3,0,6,DE GAULLE (AVENUE DU GENERAL),42.9629,1.6089,8,3,1
202100022325,161Â 729,B01,1,1,1,9,2,6,-1,0,0,-1,2021,52.0,2,1,8,2,3,1,1,,3,44,-1,,2,2,0,2,8,640,1,, -1,1,0,1,90,21,8,1,19,19202,1,3,0,3,Route de Venarsal,45.231473,1.596279,14,2,2
202100040333,129Â 509,B01,1,1,1,5,2,8,-1,-1, -1,-1,2021,16.0,1,1,0,2,8,1,1,,4,LETIENNE (R JEAN),0,,2,2,0,1,(1),(1),1,, -1,1,0,1,50,9,4,1,62,62498,2,1,0,3,LETIENNE (R JEAN),50.428843,2.824966,11,2,2
202100015426,174Â 134,A01,1,1,1,4,8,-1,-1,0,0,-1,2021,21.0,1,4,2,0,1,1,1,,3,D995,-1,,2,2,0,1,11,800,1,, -1,3,0,3,90,3,10,2,3,3056,1,1,1,7,Route de Cusset,46.071969,3.558401,18,1,1
202100009473,184Â 776,A01,1,1,2,9,0,0,-1,-1, -1,-1,2021,27.0,1,1,0,2,4,23,5,,3,MAXIME GORKI (BD),0,,1,4,3,1,1,0,1,, -1,2,0,3,50,4,11,2,94,94076,2,1,1,2,Boulevard Maxime Gorki,48.79084,2.36959,17,2,2
202100047570,116Â 738,A01,10,3,1,0,0,-1,-1,6,A,2,2021,55.0,2,5,1,1,3,13,1,,3,2,-1,R,2,2,0,2,6,50,3,, -1,1,0,3,-1,19,3,1,988,98817,2,1,0,6,2190 route de la corniche,-22.278941,166.576048,5,4,2
202100026254,154Â 769,A01,10,3,2,5,0,-1,-1,2,3,2,2021,77.0,1,2,0,1,5,4,1,,4,VAL DE RIOU (AVENUE DU),0,,2,2,0,1,(1),(1),1,, -1,1,0,1,50,29,7,1,43,43089,2,1,0,6,Chemin du Val du Riou,45.04605,3.86087,11,2,1
202100006018,191Â 037,B01,4,2,1,4,1,8,-1,-1, -1,-1,2021,41.0,0,2,0,2,4,26,1,,3,LEON BLUM (AVENUE) (RD 75),0,,1,0,1,1,0,0,1,, -1,2,0,1,50,27,11,1,92,92060,2,1,1,2,LEON BLUM (AVENUE) (RD 75),48.7730406135,2.2519102693,15,3,2
202100041098,128Â 149,B01,1,1,1,1,2,6,-1,-1, -1,-1,2021,53.0,1,1,0,2,1,2,1,,3,VERDUN (RUE DE),0,,2,3,0,1,30,500,1,, -1,1,1,1,50,5,5,2,51,51230,2,1,0,3,Rue de Verdun,49.0435492821,3.9673994656,6,2,2
202100055323,102Â 940,B01,5,2,2,0,8,0,-1,-1, -1,-1,2021,63.0,3,3,0,2,3,1,0,3.0,4,,0,,2,1,3,1,(1),(1),1,, -1,1,0,1,50,12,1,1,34,34172,2,1,0,3,TOULOUSE (AVENUE DE,43.59689,3.86374,9,4,2
202100009838,184Â 111,A01,1,1,1,3,0,-1,-1,0,0,-1,2021,35.0,1,2,6,0,2,1,1,,3,61,0,D,2,2,0,2,18,400,3,, -1,2,0,3,50,2,11,5,29,29176,1,1,1,6,5 les Hauts de Sainte Anne,48.133172,-4.258296,19,1,1
202100027338,152Â 856,B01,1,1,1,1,2,6,-1,-1, -1,-1,2021,65.0,1,1,0,2,7,16,1,,4,RUE DES 3 PINS,0,,1,1,0,1,0,0,2,, -1,1,5,1,50,22,7,5,83,83034,2,1,0,3,RUE DES 3 PINS,43.1072,6.051994,22,2,2
202100019458,166Â 858,A01,2,2,1,4,1,-1,-1,0,0,-1,2021,21.0,3,5,0,2,1,17,1,,4,,-1,,2,2,0,1,(1),(1),1,,4,1,0,1,50,17,5,1,38,38449,2,3,0,2,Avenue des Arrivaux,45.64217,5.11945,8,3,2
202100002825,196Â 723,A01,1,1,1,4,1,-1,-1,0,0,-1,2021,46.0,2,5,2,0,1,21,1,,3,2085,0,A,2,2,0,2,20,845,1,, -1,1,0,3,70,14,12,3,6,6161,1,1,0,6,1683 Route de Grasse,43.660533,7.101824,23,1,1
202100024394,158Â 081,A01,1,1,1,5,1,-1,-1,0,0,-1,2021,25.0,1,2,13,0,1,1,1,,3,945,-1,,2,2,0,1,53,(1),2,, -1,1,0,3,90,13,8,1,3,3099,1,1,0,6,D945,46.364144,3.023322,16,1,1
202100032676,143Â 359,B01,1,1,2,1,8,0,-1,0,0,-1,2021,43.0,0,1,0,2,0,1,5,,4,MONTPLAISIR RUE,0,,1,1,1,1,(1),(1),1,, -1,1,0,1,50,23,6,1,26,26362,2,1,0,3,92 Rue Montplaisir,44.93003,4.90835,8,2,2
202100034242,140Â 539,B01,1,1,1,0,8,0,-1,-1, -1,-1,2021,20.0,2,1,0,2,3,1,1,,4,BOURGOGNE (RUE DE),0,,2,2,1,1,0,0,1,, -1,1,9,1,50,12,6,1,67,67482,2,1,0,3,BOURGOGNE (RUE DE),48.54877,7.74921,20,2,2
202100010548,182Â 872,A01,10,3,2,-1,0,-1,-1,2,5,1,2021,21.0,3,0,0,1,3,1,3,,5,,0,,2,1,1,1,(1),(1),1,, -1,1,0,5,20,27,10,1,7,7281,1,9,0,7,RHONE A MONNERON (CHEMIN DU),44.94515,4.87813,16,2,1
202100040585,129Â 072,A01,1,1,2,1,1,-1,-1,0,0,-1,2021,39.0,2,2,0,0,9,1,1,,3,127,-1,,2,2,0,1,31,700,1,, -1,9,0,1,80,14,1,1,28,28418,1,1,0,7,DÃ©partemantale 127 PK 31 + 700,48.153227,1.503451,8,1,1
202100050683,111Â 097,B01,1,1,2,5,1,-1,-1,0,0,-1,2021,46.0,1,2,0,2,4,1,1,,3,432,-1,,2,2,0,1,(1),(1),1,, -1,1,0,1,50,22,2,1,68,68004,2,6,0,2,Route de Carspach,47.622443,7.232856,10,2,2
202100023564,159Â 518,B01,1,1,1,5,2,8,-1,-1, -1,-1,2021,49.0,3,1,0,2,5,15,5,,9,DOTHEMARE,0,,3,2,0,1,(1),(1),1,, -1,1,5,1,50,18,8,2,971,97101,2,6,0,3,DOTHEMARE,16.26563,-61.51584,17,2,2
202100045826,119Â 841,A01,1,1,2,4,8,-1,-1,0,0,-1,2021,59.0,3,2,0,2,3,23,0,,4,0,-1,,2,2,0,1,(1),(1),1,, -1,1,0,8,50,29,3,5,49,49244,2,1,0,1,Le Bois Gat Chenu (la Pommeraye),47.351745,-0.847552,5,2,2
202100005058,192Â 738,B01,1,1,1,9,1,0,-1,-1, -1,-1,2021,67.0,2,2,0,2,3,1,1,,3,RD 955,0,,2,2,0,2,95,300,3,, -1,2,0,1,70,2,12,1,57,57630,1,1,1,1,RD 955,48.71802,7.04237,14,3,2
202100003970,194Â 651,A01,1,1,1,0,1,8,-1,-1, -1,-1,2021,84.0,3,2,1,0,1,0,1,,4,TAMARINS DES INDES (RUE DES),0,,1,1,0,1,0,0,1,, -1,1,0,3,50,6,12,1,972,97209,2,1,0,6,TAMARINS DES INDES (RUE DES),14.61108,-61.05258,11,1,1
202100026628,154Â 111,B01,1,1,1,1,2,0,-1,-1, -1,-1,2021,33.0,0,1,0,2,2,1,5,,7,GOSSELIN RUE,0,,2,-1,0,1,26,250,2,, -1,1,0,1,50,26,7,1,76,76457,1,3,0,3,GOSSELIN RUE,49.3397,0.9617,17,2,2
202100015858,173Â 329,A01,10,3,1,1,0,-1,-1,2,3,1,2021,36.0,1,2,0,1,1,1,1,,4,SQUARE (PLACE DU),0,,2,2,0,1,(1),(1),1,, -1,1,0,1,50,30,9,1,15,15014,2,1,0,6,Place du Square,44.92806,2.4433,18,2,1
202100043737,123Â 510,B01,1,1,1,1,2,-1,-1,-1, -1,-1,2021,35.0,1,1,0,2,1,14,1,,7,YVES FARGE                          (BD),0,,2,4,0,1,62,500,1,, -1,1,0,5,50,16,4,1,69,69199,2,3,0,5,YVES FARGE (BD),45.69797,4.85771,13,3,3
202100045011,121Â 272,A01,1,1,1,1,1,0,-1,-1, -1,-1,2021,40.0,2,2,0,2,0,1,1,,1,A13,0,,3,6,0,1,39,200,1,, -1,1,0,1,130,6,4,2,78,78217,1,1,0,2,A13,48.963179,1.838708,7,2,2
202100004034,194Â 530,A01,10,3,2,1,8,8,-1,4,3,1,2021,19.0,1,2,0,1,2,15,1,,4,LISBONNE (RUE DE),0,,2,2,0,3,(1),(1),1,, -1,1,0,1,30,7,12,2,54,54547,2,3,0,6,LISBONNE (RUE DE),48.66145,6.16909,7,2,1
202100026368,154Â 561,A01,1,1,1,5,8,-1,-1,0,0,-1,2021,23.0,3,2,6,0,1,15,1,,3,65,0,,2,2,0,1,(1),(1),2,,4,1,0,3,50,31,7,3,80,80190,2,4,0,6,574 Rue du Bois,50.067914,1.651812,0,3,1
202100048583,114Â 913,A01,1,1,1,0,2,6,-1,-1, -1,-1,2021,28.0,1,1,0,0,1,1,1,,4,VICTOR HUGO (AV),0,,2,2,0,1,1,0,1,, -1,1,0,1,30,9,3,1,94,94033,2,1,0,7,VICTOR HUGO (AV),48.85904,2.47447,14,1,1
202100001943,198Â 327,A01,1,1,2,9,1,-1,-1,0,0,-1,2021,59.0,2,2,8,0,3,1,1,,3,14,-1,,2,2,0,2,52,800,3,, -1,2,0,3,80,22,12,3,34,34074,1,1,0,6,D14,43.433515,3.079948,19,1,1
202100030544,147Â 161,A01,1,1,1,0,1,8,-1,-1, -1,-1,2021,62.0,1,1,0,2,8,18,1,,4,GEORGES WODLI (RUE),0,,1,2,0,1,(1),(1),3,, -1,1,1,1,50,2,7,1,67,67482,2,3,0,3,GEORGES WODLI (RUE),48.590206,7.734927,15,2,2
202100009008,185Â 616,A01,1,1,1,5,1,-1,-1,0,0,-1,2021,39.0,2,2,2,0,1,13,1,,3,976,-1,,2,2,0,1,2,300,1,, -1,2,0,3,90,7,11,3,18,18082,1,1,0,6,Les rossignols,46.948402,3.04538,20,1,1
202100028019,151Â 627,A01,1,1,2,5,1,-1,-1,0,0,-1,2021,48.0,2,2,0,0,2,1,1,,3,992,-1,,1,1,0,1,21,390,3,, -1,1,0,1,50,17,7,5,1,1034,2,6,0,3,Place de la Victoire,45.761053,5.686793,3,4,2
202100051913,108Â 908,B01,5,2,2,0,3,8,-1,-1, -1,-1,2021,2.0,3,2,0,2,7,6,1,,4,FELIX GOUIN AVENUE,0,,2,2,0,1,1,0,1,, -1,1,0,1,50,10,2,1,13,13047,2,9,0,3,FELIX GOUIN AVENUE,43.49065,4.98615,10,4,2
202100005784,191Â 456,B01,1,1,1,5,1,0,-1,-1, -1,-1,2021,61.0,3,2,0,2,0,26,1,,4,JOHN F. KENNEDY (AVENUE),0,,1,1,0,1,0,0,1,, -1,1,2,1,50,28,11,5,93,93071,2,1,0,4,JOHN F. KENNEDY (AVENUE),48.93897,2.53871,18,3,3
202100049017,114Â 144,A01,3,2,2,3,1,-1,-1,0,0,-1,2021,29.0,2,2,6,2,2,2,1,,3,,-1,,2,2,-1,1,0,1,1,, -1,1,5,1,50,6,3,1,17,17344,2,4,0,2,Avenue de Cognac,45.850692,-0.529189,16,5,2
202100044071,122Â 902,A01,1,1,1,5,2,6,-1,0,0,-1,2021,40.0,2,1,3,0,3,1,1,,3,415,-1,,2,2,0,2,2,800,3,, -1,1,0,3,80,15,4,1,68,68044,1,1,0,6,D 415,48.161935,7.087641,17,2,1
202100049713,112Â 884,B01,1,1,1,5,2,6,-1,0,0,-1,2021,48.0,2,1,0,2,2,1,1,,3,28,-1,D,2,2,0,1,2,967,1,, -1,1,0,1,50,1,3,1,17,17197,2,1,0,6,Boulevard Baie Saint Paul,45.450862,-0.441656,9,2,2
202100020772,164Â 511,A01,2,2,2,5,1,-1,-1,0,0,-1,2021,15.0,1,2,0,2,6,16,1,,3,984,0,,2,2,0,1,54,600,1,, -1,1,0,1,70,5,9,1,1,1273,2,1,0,2,Route de Pont d Ain,46.071939,5.375286,17,4,2
202100028263,151Â 173,A01,2,2,1,5,1,-1,-1,-1,0,-1,2021,31.0,2,2,13,0,9,26,1,,2,RN 104,0,,3,4,0,1,16,200,1,, -1,1,0,1,110,19,7,3,95,95241,1,1,0,6,RN 104,49.05214,2.42813,3,2,1
202100047904,116Â 109,A01,1,1,1,5,1,0,-1,-1, -1,-1,2021,34.0,2,2,0,2,6,19,0,,2,REDOUTE (ROUTE DE LA),0,,2,2,0,4,4,0,1,, -1,1,0,1,50,13,3,5,972,97209,1,1,0,3,REDOUTE (ROUTE DE LA),14.63504,-61.05529,19,2,2
202100004186,194Â 273,A01,1,1,1,1,0,-1,-1,0,0,-1,2021,17.0,1,1,0,2,2,15,5,,4,,-1,,2,2,0,1,(1),(1),1,,"5,5",1,0,1,50,9,12,1,26,26220,2,1,0,3,26 Avenue Paul Laurens,44.360245,5.135621,11,2,2
202100040487,129Â 235,A01,10,3,2,5,0,-1,-1,3,3,1,2021,85.0,1,2,0,1,1,9,1,,7,MAGA (RD-PT JEAN),0,,1,1,0,1,15,5820,1,, -1,1,0,1,50,10,5,1,31,31069,2,1,0,6,MAGA (RD-PT JEAN),43.62129,1.39699,17,2,1
202100051888,108Â 952,A01,1,1,1,0,1,-1,-1,-1, -1,-1,2021,53.0,1,2,15,0,1,1,1,,4,,0,,1,1,0,1,(1),(1),1,, -1,2,0,1,50,10,2,5,69,69266,2,1,1,7,PEROU (DU) (R),45.77709,4.87829,18,1,1
202100041477,127Â 469,B01,1,1,2,0,1,0,-1,-1, -1,-1,2021,37.0,1,2,0,2,4,2,1,,2,RN 104 INT / A5A PROVINCE,0,,1,4,0,1,28,0,1,, -1,1,0,1,90,4,5,1,91,91617,1,1,0,2,RN 104 INT / A5A PROVINCE,48.63788,2.5353,9,2,2
202100021293,163Â 593,A01,1,1,1,9,2,0,-1,0,0,-1,2021,18.0,1,1,0,2,7,1,3,,4,RUE DE BERCY,0,,2,4,1,1,(1),(1),1,, -1,1,5,5,30,2,9,1,75,75112,2,2,0,3,RUE DE BERCY,48.845561,2.371179,16,2,2
202100022558,161Â 307,B01,1,1,1,5,8,6,-1,0,0,-1,2021,41.0,1,1,0,2,1,19,1,,3,14,0,D,2,2,0,4,1,271,1,, -1,1,0,1,30,27,8,3,17,17421,2,2,0,3,boulevard pasteur,45.672356,-0.938864,0,2,2
202100013995,176Â 687,B01,1,1,1,5,2,8,-1,-1, -1,-1,2021,37.0,1,0,0,2,1,2,3,,4,LECLERC (RUE DU GENERAL ),0,,2,2,0,1,(1),(1),1,, -1,1,0,1,50,10,10,1,59,59017,2,1,0,6,LECLERC (RUE DU GENERAL ),50.68324,2.88756,16,2,2
202100008400,186Â 717,A01,1,1,1,5,0,-1,-1,0,0,-1,2021,25.0,1,2,2,0,1,13,1,,3,934,-1,,2,2,0,1,25,800,1,, -1,1,0,3,80,13,11,3,40,40127,1,1,1,1,Cd 934,43.801528,-0.292559,4,1,1
202100021538,163Â 142,A01,1,1,2,1,1,9,-1,0,0,-1,2021,21.0,2,2,0,2,1,5,1,,7,63,0,M,2,2,0,2,16,300,1,, -1,1,2,1,70,1,9,2,67,67389,1,1,0,1,M63,48.641587,7.777441,20,2,2
202100001853,198Â 486,B01,1,1,1,0,1,0,-1,0,0,-1,2021,17.0,0,2,0,2,3,1,1,,4,JULES CHAGOT (QUAI),0,,2,1,0,1,(1),(1),1,, -1,1,0,1,50,20,12,2,71,71306,2,1,0,3,JULES CHAGOT (QUAI),46.6770352349,4.3633426579,17,2,2
202100023142,160Â 249,B01,1,1,1,5,2,0,-1,-1, -1,-1,2021,61.0,1,1,0,2,1,1,3,,3,BALLANGER (BD ROBERT),0,,2,2,0,1,0,1,1,, -1,1,0,1,50,21,8,1,93,93078,2,2,0,3,Boulevard Robert Ballanger / Avenue Roger Salengro,48.955,2.53749,14,2,2
202100013349,177Â 888,A01,1,1,1,5,2,-1,-1,0,0,-1,2021,46.0,1,1,0,2,1,5,1,,3,D2,0,,2,2,2,1,9,700,1,, -1,1,0,5,50,14,10,1,973,97309,2,1,0,3,Route de RÃ©mire,4.900023,-52.273743,12,2,2