Num_Acc,id_vehicule,num_veh,place,catu,sexe,trajet,secu1,secu2,secu3,locp,actp,etatp,year_acc,victim_age,senc,catv,obs,obsm,choc,manv,motor,occutc,catr,voie,v1,v2,circ,nbv,vosp,prof,pr,pr1,plan,lartpc,larrout,surf,infra,situ,vma,jour,mois,lum,dep,com,agg_,int,atm,col,adr,lat,long,hour,nb_victim,nb_vehicules
202100042702,125Â 302,B01,1,1,1,5,2,6,-1,0,0,-1,2021,30.0,1,1,0,2,1,1,1,,4,AVENUE DES CANADIENS,0,,3,3,0,2,(1),(1),1,, -1,1,0,1,50,24,4,1,75,75112,2,3,0,3,AVENUE DES CANADIENS,48.818987,2.462407,13,2,2
202100000538,200Â 743,A01,10,3,1,0,0,-1,-1,2,3,1,2021,88.0,1,2,0,1,8,13,1,,7,AVENUE AMBROISE CROIZAT,0,,2,2,0,1,0,0,1,, -1,1,0,1,50,12,11,5,38,38421,2,1,1,6,AVENUE AMBROISE CROIZAT,45.18513,5.7495,18,2,1
202100002456,197Â 383,A01,1,1,1,9,2,0,-1,0,0,-1,2021,27.0,1,1,0,2,1,1,1,,4,ALLEE DE LONGCHAMP,0,,3,4,0,1,(1),(1),1,, -1,1,0,1,30,17,12,5,75,75116,2,4,0,6,ALLEE DE LONGCHAMP,48.876858,2.276471,0,3,2
202100053514,106Â 059,A01,10,3,1,0,8,-1,-1,1,3,1,2021,30.0,1,2,1,1,2,1,1,,4,,-1,,2,2,0,1,(1),(1),1,, -1,2,0,1,50,28,1,1,56,56222,2,1,1,6,Residence Paul Verlaine,47.84655,-2.720266,14,2,1
202100036442,136Â 567,A01,1,1,1,0,2,8,-1,-1, -1,-1,2021,33.0,1,1,0,2,1,1,1,,3,DOLE RUE DE (entre 185 e 200),0,,2,4,0,1,13,2800,1,, -1,1,0,1,70,4,6,1,25,25056,2,1,0,2,DOLE RUE DE (entre 185 e 200),47.22571,5.97547,19,3,2
202100003962,194Â 666,A01,4,2,1,0,1,-1,-1,-1, -1,-1,2021,5.0,3,2,0,4,7,26,2,,4,THIERS                              (AV),0,,2,4,3,1,(1),(1),1,, -1,2,4,6,50,8,12,5,69,69386,2,8,1,3,THIERS (AV),45.7651610264,4.8619826138,18,6,2
202100054955,103Â 580,A01,1,1,1,5,8,-1,-1,0,0,-1,2021,21.0,3,2,0,0,0,0,1,,4,,-1,,2,2,0,1,(1),(1),2,, -1,7,0,8,50,16,1,1,51,51546,1,1,0,7,Chemin Agricole,49.1180418504,4.5884446653,11,1,1
202100013280,178Â 003,B01,1,1,1,1,2,6,-1,0,0,-1,2021,18.0,2,1,0,2,2,1,1,,3,LUDUGRIS  ROND POINT DE,0,,1,2,0,1,72,200,2,, -1,1,0,1,50,14,10,3,29,29232,2,6,0,3,Rond Point de Ludugris,47.97971,-4.12224,7,2,2
202100056206,101Â 426,B01,1,1,1,4,2,7,-1,0,0,-1,2021,40.0,2,1,0,2,7,21,1,,3,23,-1,,2,3,3,1,7,445,3,, -1,2,5,1,80,6,1,1,50,50402,1,3,0,3,ZI des Costils,49.514043,-1.793947,15,3,2
202100041248,127Â 871,B01,2,2,1,0,8,0,-1,-1, -1,-1,2021,12.0,1,1,0,2,1,1,1,,4,ETATS UNIS (DES)                    (BD),0,,3,3,0,1,(1),(1),1,, -1,1,0,1,50,5,5,2,69,69388,2,1,0,3,ETATS UNIS (DES)                    (BD),45.72576,4.87028,20,4,2
202100045390,120Â 599,A01,10,3,2,0,0,-1,-1,2,3,1,2021,26.0,1,2,0,1,2,1,1,,4,GENERAL DE GAULLE (RUE DU),0,,2,2,0,1,(1),(1),1,, -1,1,0,1,50,2,4,1,45,45232,2,1,0,6,1878 Rue du General de Gaulle,47.867699,1.87658,12,2,1
202100007556,188Â 235,B01,1,1,1,1,2,0,-1,-1, -1,-1,2021,46.0,2,1,0,2,3,3,1,,1,A4,0,,1,5,0,1,2,200,1,, -1,1,0,1,90,18,11,2,94,94018,1,1,0,3,A4,48.8176,2.418,7,2,2
202100037775,134Â 140,A01,1,1,1,5,1,8,-1,-1, -1,-1,2021,51.0,1,2,0,2,3,13,1,,4,MOULIN (RUE DU VIEUX),0,,2,2,0,2,(1),(1),3,, -1,1,0,1,50,27,5,1,56,56107,2,1,0,1,MOULIN (RUE DU VIEUX),47.71639,-3.38819,17,3,2
202100011767,180Â 680,A01,1,1,2,0,8,-1,-1,-1, -1,-1,2021,30.0,2,2,0,2,1,1,1,,4,CHAUSSON                            (R ),0,,1,1,0,1,(1),(1),1,, -1,1,0,1,50,21,10,1,69,69259,2,1,0,3,CHAUSSON (R),45.72834,4.85438,9,2,2
202100019484,166Â 810,B01,1,1,1,4,2,-1,-1,-1, -1,-1,2021,39.0,1,1,0,2,1,1,1,,4,WILSON (BOULEVARD DU PRESIDENT) COTE PAI,0,,2,2,0,1,(1),(1),1,, -1,1,0,1,50,11,9,3,51,51454,2,1,0,1,Boulevard du PrÃ©sident Wilson,49.2359226163,4.0268039739,22,2,2
202100040486,129Â 236,A01,4,2,1,5,1,0,-1,-1, -1,-1,2021,15.0,2,2,0,2,1,1,2,,3,PESSAN (ROUTE DE),0,,2,2,0,1,0,0,1,, -1,1,0,1,50,10,5,1,32,32013,2,1,0,2,PESSAN (ROUTE DE),43.64024,0.59754,9,9,2
202100051478,109Â 689,A01,1,1,1,1,2,6,9,0,0,-1,2021,23.0,2,1,7,0,0,1,1,,3,612,0,,3,4,0,4,8,971,3,, -1,2,0,3,90,16,2,1,34,34159,1,1,1,6,route dÃ©partementale 612,43.518609,3.808937,8,1,1
202100032378,143Â 891,A01,1,1,1,0,1,-1,-1,0,0,-1,2021,20.0,1,5,0,6,1,1,1,,3,165,-1,,2,2,0,1,15,200,3,,6,1,0,1,80,25,6,3,79,79197,1,1,0,6,,46.689199,-0.103555,23,1,1
202100034680,139Â 736,A01,1,1,2,5,2,6,-1,0,0,-1,2021,51.0,1,1,0,0,8,1,1,,3,3,-1,,2,2,0,2,21,300,2,, -1,1,0,1,50,13,6,1,40,40201,2,1,0,7,CD3 - ROUTE DE SOUPROSSE,43.75097,-0.752338,20,1,1
202100040430,129Â 344,A01,1,1,1,5,1,-1,-1,-1,0,-1,2021,29.0,1,2,0,2,1,1,1,,3,RD 170E,0,,3,1,0,1,0,10,1,, -1,1,0,1,70,11,5,1,95,95277,1,1,0,2,RD 170E,48.9770259061,2.4630823508,15,2,2
202100015625,173Â 743,A01,1,1,1,5,2,6,-1,-1, -1,-1,2021,56.0,2,1,0,2,7,15,1,,3,LIMOUX -ROUTE DE-,0,,2,3,0,1,39,0,1,, -1,1,0,1,50,30,9,1,11,11069,2,2,0,3,LIMOUX -ROUTE DE-,43.1993,2.3273,7,2,2
202100009747,184Â 275,A01,10,3,2,5,8,8,-1,2,9,3,2021,30.0,2,2,0,1,7,26,1,,4,TOURNELLES (RUE DES),0,,2,2,0,1,0,0,1,, -1,2,0,1,50,1,11,1,74,74305,2,1,1,6,TOURNELLES (RUE DES),46.19843,6.24466,9,2,1
202100055913,101Â 932,A01,1,1,1,0,1,0,-1,0,0,-1,2021,40.0,1,2,0,2,1,26,3,,4,,0,,2,2,0,1,(1),(1),1,, -1,2,0,1,50,6,1,1,54,54578,2,3,1,3,TALINTE (RUE DE),48.65384,6.11081,12,2,2
202100044498,122Â 160,A01,3,2,2,4,1,-1,-1,0,0,-1,2021,56.0,2,2,4,0,2,1,1,,1,31,0,,3,5,0,2,96,500,2,, -1,2,0,1,130,11,4,1,52,52014,1,1,1,6,a31 pk 96+500,47.7671737656,5.1909756656,13,3,1
202100052138,108Â 515,A01,1,1,1,9,8,0,-1,0,0,-1,2021,66.0,1,1,0,2,1,1,1,,4,RUE DE MEAUX,0,,1,2,0,1,(1),(1),1,, -1,1,0,1,50,8,2,1,75,75119,2,2,0,3,RUE DE MEAUX,48.884025,2.37785,15,2,2
202100024382,158Â 101,A01,1,1,1,5,2,-1,-1,0,0,-1,2021,20.0,3,1,6,0,0,1,1,,4,,-1,,1,1,1,2,(1),(1),1,,3,1,9,5,50,13,8,5,29,29259,2,3,0,6,59 Rue du Douric,48.684318,-3.981074,23,1,1
202100033303,142Â 241,B01,1,1,2,9,1,-1,-1,-1, -1,-1,2021,51.0,1,2,0,2,3,1,1,,4,CHEVREUL                            (R ),0,,1,1,2,1,(1),(1),1,, -1,1,0,1,50,14,6,1,69,69387,2,2,0,3,CHEVREUL (R),45.74822,4.84081,16,2,2
202100020294,165Â 360,A01,10,3,2,9,0,-1,-1,4,3,1,2021,85.0,1,4,0,1,1,16,1,,4,AVE DE MERIGNAC CAUD,0,,2,2,2,1,(1),(1),1,, -1,1,0,8,50,6,9,1,33,33281,2,2,0,6,Rue Alfred de Musset,44.8387246654,-0.6259356043,12,2,1
202100009555,184Â 626,A01,1,1,2,0,1,0,-1,-1, -1,-1,2021,27.0,2,2,3,0,1,1,1,,1,A13,0,,3,3,0,1,30,0,1,, -1,2,0,1,130,3,11,2,78,78206,1,1,0,6,A13,48.946925,1.947265,8,1,1
202100020615,164Â 775,A01,1,1,1,5,2,6,-1,0,0,-1,2021,66.0,1,1,13,0,3,15,1,,3,14,0,,2,2,0,2,31,100,2,, -1,9,0,3,80,5,9,1,11,11065,1,1,0,6,D14,42.869981,2.415843,17,1,1
202100035223,138Â 740,A01,1,1,1,4,2,6,-1,-1,0,-1,2021,25.0,3,1,0,2,1,1,1,,4,JULES CESAR (CHAUSSEE),0,,2,2,0,1,(1),(1),1,, -1,1,0,1,50,10,6,1,95,95476,2,1,0,1,ChaussÃ©e Jules CÃ©sar,49.0554319237,2.0564818382,13,2,2
202100037378,134Â 858,A01,1,1,1,0,2,-1,-1,0,0,-1,2021,41.0,3,1,0,2,0,1,1,,4,0,0,A,2,2,0,2,(1),(1),3,, -1,1,0,1,80,1,6,1,73,73241,1,1,0,3,Rte de Plancevat,45.609624,6.33836,14,2,2
202100033244,142Â 345,A01,10,3,2,5,0,-1,-1,1,2,1,2021,57.0,1,2,1,1,2,1,1,,4,,-1,,1,1,0,1,(1),(1),1,,4,1,0,1,30,20,6,1,71,71133,2,1,0,6,Place de la Mairie,46.290248,4.304358,11,2,1
202100013833,176Â 966,B01,1,1,1,1,2,-1,-1,-1, -1,-1,2021,45.0,0,1,0,2,7,1,5,,4,SERRES. AVENUE OLIVIER DE,0,,2,2,1,2,0,0,2,, -1,1,-1,1,50,11,10,1,76,76540,2,3,0,2,SERRES. AVENUE OLIVIER DE,49.44901,1.12,18,2,2
202100003218,196Â 019,B01,2,2,2,1,2,8,-1,-1, -1,-1,2021,26.0,1,1,0,2,1,3,1,,1,AUTOROUTE A10,0,,3,6,0,1,542,0,1,, -1,1,0,1,90,13,12,1,33,33096,1,1,0,3,AUTOROUTE A10,44.892169,-0.500894,8,3,2
202100013031,178Â 457,B01,1,1,1,4,2,6,-1,0,0,-1,2021,31.0,1,1,0,2,1,1,1,,3,ALBERT 1ER BD,0,,2,3,0,1,9,500,1,, -1,1,0,1,50,14,10,1,201,201004,2,1,0,1,ALBERT 1ER BD,41.9129217709,8.7254166839,10,2,2
202100023995,158Â 748,A01,10,3,2,5,0,-1,-1,1,3,1,2021,19.0,1,3,0,1,3,1,1,1.0,3,PARIS (RUE DE),0,,3,4,0,2,4,650,1,, -1,1,0,1,50,15,8,1,95,95680,2,1,0,6,RD 316,49.010388,2.384154,15,2,1
202100030414,147Â 403,B01,2,2,2,5,1,0,-1,0,0,-1,2021,54.0,2,2,0,2,8,16,1,,4,PLACE VALHUBERT,0,,2,4,3,1,(1),(1),3,, -1,1,0,6,50,6,7,1,75,75105,2,7,0,3,PLACE VALHUBERT,48.843652,2.364827,12,3,2
202100042743,125Â 236,A01,1,1,1,5,2,6,9,0,0,-1,2021,56.0,3,1,0,2,1,5,1,,4,0,0,A,2,2,0,2,(1),(1),4,, -1,1,0,1,80,25,4,1,63,63338,1,1,0,1,lieu chatelus,46.163492,2.846178,14,2,2
202100009320,185Â 044,A01,1,1,1,5,2,6,-1,-1, -1,-1,2021,25.0,1,1,0,2,1,1,1,,3,129,0,,2,2,0,1,0,1,1,, -1,1,0,1,50,5,11,5,92,92020,2,2,0,3,BROSSOLETTE RUE PIERRE AUTRES NÂ°,48.7997701486,2.2856658697,21,2,2
202100001368,199Â 320,A01,1,1,1,0,1,8,-1,-1, -1,-1,2021,20.0,1,2,2,0,7,14,1,,3,SENTIER DE VALNAY,0,,2,2,0,1,0,0,2,, -1,2,0,3,80,25,12,3,91,91223,1,1,0,7,SENTIER DE VALNAY,48.42511,2.11332,18,1,1
202100020239,165Â 461,B01,1,1,1,9,2,8,-1,-1, -1,-1,2021,17.0,1,1,0,2,2,1,1,,3,PLATEAU DES GLIERES (AVENUE DU),0,,4,3,0,1,38,80,1,, -1,1,0,1,50,6,9,1,86,86194,2,2,0,3,Avenue du Plateau des GliÃ¨res,46.601663,0.324226,13,2,2
202100043183,124Â 471,A01,1,1,1,0,2,0,-1,-1, -1,-1,2021,19.0,1,1,0,2,1,9,1,,7,OLIVES (AVENUE DES),0,,2,2,0,1,7,800,1,, -1,1,0,1,50,21,4,1,13,13213,2,1,0,3,OLIVES (AVENUE DES),43.326307,5.438953,17,2,2
202100005782,191Â 461,A01,1,1,1,9,2,6,-1,0,0,-1,2021,31.0,2,1,0,2,2,1,1,,4,AVENUE DES CHAMPS ELYSEES,0,,1,3,0,1,(1),(1),1,, -1,2,0,1,30,27,11,5,75,75108,2,6,0,3,AVENUE DES CHAMPS ELYSEES,48.869004,2.310355,5,2,2
202100049030,114Â 121,A01,1,1,1,5,2,6,-1,0,0,-1,2021,42.0,1,1,0,2,1,2,1,,3,0,-1,,2,2,0,1,5,500,1,, -1,1,0,1,50,5,3,1,62,62318,2,1,0,2,4 Route d'Hilbert,50.511388,1.646481,16,2,2
202100003853,194Â 868,B01,1,1,1,0,2,0,-1,-1, -1,-1,2021,17.0,2,1,0,2,1,2,3,,3,REPUBLIQUE (AVE DE LA ) DE 52 A 104,0,,3,2,0,1,0,1,1,, -1,1,0,1,50,9,12,5,93,93001,2,1,0,3,REPUBLIQUE (AVE DE LA ) DE 52 A 104,48.90828,2.38754,20,2,2
202100049132,113Â 931,B01,4,2,2,9,1,0,-1,0,0,-1,2021,50.0,1,3,0,2,3,9,1,2.0,4,PLACE CHARLES DE GAULLE,0,,1,4,0,1,(1),(1),1,, -1,1,0,1,50,5,3,1,75,75116,2,7,0,3,PLACE CHARLES DE GAULLE,48.8732234517,2.2946459055,16,3,2
202100024577,157Â 727,A01,1,1,2,5,1,0,-1,-1, -1,-1,2021,25.0,1,2,4,0,9,2,1,,1,AUTOROUTE A21,0,,3,4,0,1,2,900,1,, -1,8,0,1,90,9,8,1,62,62186,1,1,0,6,AUTOROUTE A21,50.436589,2.741791,9,1,1
202100023559,159Â 527,B01,1,1,1,0,2,6,-1,-1, -1,-1,2021,32.0,1,1,0,0,4,0,1,,4,FRERES LUMIERE (DES)                (AV),0,,1,1,2,1,(1),(1),1,, -1,1,0,1,50,19,8,5,69,69388,2,1,0,2,FRERES LUMIERE (DES) (AV),45.74515,4.86613,0,4,2
202100002521,197Â 271,A01,1,1,1,0,2,-1,-1,0,0,-1,2021,32.0,1,1,0,0,1,17,1,,3,4,-1,,2,2,0,1,18,120,3,, -1,1,0,1,80,19,12,1,64,64504,1,1,0,1,RD4,43.310159,-1.566507,17,2,2
202100050836,110Â 815,A01,10,3,1,5,0,-1,-1,6,3,1,2021,9.0,3,1,0,1,1,1,5,,9,,-1,,2,-1,1,1,(1),(1),1,, -1,1,-1,5,-1,19,2,1,73,73303,2,1,0,6,PARC DES BERGES,45.74629,6.416611,15,2,1
202100018576,168Â 431,B01,1,1,2,5,2,0,-1,-1, -1,-1,2021,84.0,2,1,0,2,8,2,5,,4,PAILHOU (PLACE GASTON),0,,1,1,0,1,(1),(1),3,, -1,1,0,1,50,15,9,1,37,37261,2,1,0,6,PAILHOU (PLACE GASTON),47.3926382075,0.6805434536,8,2,2
202100025770,155Â 623,B01,1,1,1,5,8,0,-1,0,0,-1,2021,34.0,2,1,0,2,1,1,5,,4,AVENUE DU GENERAL MICHEL BIZOT,0,,2,2,0,1,(1),(1),1,, -1,1,0,1,50,3,8,1,75,75112,2,1,0,3,AVENUE DU GENERAL MICHEL BIZOT,48.835687,2.402195,18,2,2
202100015669,173Â 659,B01,1,1,1,1,2,6,-1,0,0,-1,2021,32.0,0,1,0,0,7,26,1,,4,,-1,,2,2,0,1,(1),(1),1,,4,1,5,1,50,2,10,1,83,83036,2,6,0,3,rond point wolfach,43.173581,6.529183,16,2,2
202100002668,197Â 010,B01,1,1,1,2,2,6,9,0,0,-1,2021,15.0,1,1,0,2,0,1,1,,3,912,-1,D,2,2,0,1,5,547,1,, -1,2,5,5,-1,15,12,2,43,43040,2,3,0,3,Avenue LÃ©on Blum,45.2896270547,3.3867877722,8,2,2
202100027232,153Â 042,B01,1,1,2,3,0,-1,-1,0,0,-1,2021,48.0,0,2,0,2,7,24,1,,6,L'APPEL DU DIX-HUIT JUIN 1940 (AV DE),0,,-1,0,0,1,1,0,1,, -1,1,9,1,20,24,7,1,94,94078,2,1,0,3,L'APPEL DU DIX-HUIT JUIN 1940 (AV DE),48.761317,2.442774,14,2,2
202100014490,175Â 809,B01,9,2,1,1,1,-1,-1,0,0,-1,2021,21.0,2,2,0,2,7,1,1,,3,904,-1,,2,2,0,1,39,293,3,, -1,1,0,1,80,9,10,3,54,54073,1,1,0,3,route dÃ©partementale 904,48.6307033944,5.9087669844,6,4,2
202100050258,111Â 883,B01,1,1,1,5,2,6,-1,0,0,-1,2021,62.0,1,1,0,2,1,1,1,,3,762,0,,2,2,0,1,2,196,1,, -1,1,0,1,70,26,2,1,44,44063,1,2,0,3,La Drouetterie,47.080245,-1.190772,14,2,2
202100048614,114Â 865,A01,10,3,1,5,0,-1,-1,3,3,1,2021,7.0,2,5,0,1,7,1,1,,4,57,0,,2,2,0,2,4,570,1,, -1,1,5,1,50,11,3,1,29,29065,2,3,0,6,Route de Plogastel,48.018048,-4.268108,16,2,1
202100046003,119Â 525,A01,1,1,1,5,1,-1,-1,0,0,-1,2021,20.0,2,2,2,0,8,26,1,,3,57,0,,2,2,0,2,31,800,1,, -1,1,0,3,80,31,3,1,37,37123,1,1,0,6,Lieu Dit les Passetemps,47.3321846926,0.3985955168,18,3,1
202100047669,116Â 545,A01,10,3,2,5,0,-1,-1,2,4,1,2021,94.0,3,5,0,1,4,4,1,,4,,-1,,1,1,0,2,(1),(1),1,, -1,1,0,1,50,16,3,1,38,38340,2,3,0,6,40 Rue Pasteur,45.452644,4.77131,9,2,1
202100027102,153Â 266,A01,1,1,2,5,1,-1,-1,0,0,-1,2021,66.0,3,2,0,0,3,1,1,,4,0,0,Z,2,2,0,2,(1),(1),3,, -1,1,0,1,50,25,7,1,42,42085,1,1,0,1,Route du Stade,45.433014,4.588385,15,2,2
202100018519,168Â 530,A01,10,3,1,0,0,-1,-1,0,0,-1,2021,85.0,1,2,0,1,1,9,1,,4,BONS ENFANTS (RUE DES),0,,1,1,0,1,0,0,1,, -1,1,0,1,50,16,9,1,974,97416,2,1,0,6,BONS ENFANTS (RUE DES),-21.339735,55.473683,15,2,1
202100039890,130Â 288,B01,1,1,1,5,2,7,-1,0,0,-1,2021,29.0,1,1,0,2,1,2,1,,3,532,0,,2,2,0,2,33,955,4,, -1,2,0,1,80,16,5,1,26,26034,1,1,0,1,Route Nationale ,45.066072,5.235307,13,3,2
202100025057,156Â 869,A01,1,1,2,5,0,-1,-1,0,0,-1,2021,35.0,1,6,2,0,1,13,1,,4,202,0,,2,2,0,4,(1),(1),1,, -1,1,0,8,80,8,8,1,24,24471,1,1,0,6,La Brunie,44.925706,1.298854,17,1,1
202100044110,122Â 829,B01,1,1,1,1,1,0,-1,-1, -1,-1,2021,29.0,3,0,0,2,2,1,3,,4,MOULIN (RUE JEAN),0,,2,1,0,2,0,0,1,, -1,1,0,1,50,13,4,1,974,97411,1,1,0,1,MOULIN (RUE JEAN),-20.91649,55.50614,10,2,2
202100026753,153Â 902,A01,1,1,1,5,0,-1,-1,0,0,-1,2021,67.0,2,1,0,2,2,0,5,,4,,-1,,2,2,1,1,(1),(1),1,,4,1,5,5,30,28,7,1,38,38474,2,2,0,3,Rue du Vinay,45.204957,5.667561,17,2,2
202100006123,190Â 858,B01,1,1,1,0,2,6,-1,-1, -1,-1,2021,29.0,2,1,0,2,1,1,6,,3,GUESDES (RUE JULES),0,,-1,2,0,1,1,0,1,, -1,2,0,1,50,26,11,5,93,93010,2,1,1,1,GUESDES (RUE JULES),48.903844,2.475368,19,2,2
202100020491,165Â 010,B01,1,1,2,1,1,0,-1,-1, -1,-1,2021,54.0,2,2,0,2,1,16,1,,3,AV MARCEL SEMBAT,0,,2,2,0,1,0,0,1,, -1,1,0,1,30,6,9,1,91,91027,2,9,0,3,AV MARCEL SEMBAT,48.70803,2.37991,7,2,2
202100028859,150Â 133,A01,10,3,2,3,0,-1,-1,2,3,1,2021,31.0,1,0,0,1,8,1,3,,4,QUAI DE LA GARE,0,,2,5,1,1,(1),(1),1,, -1,1,0,5,50,15,7,1,75,75113,2,1,0,6,QUAI DE LA GARE,48.836926,2.374206,19,2,1
202100030347,147Â 515,A01,1,1,1,1,2,8,-1,-1, -1,-1,2021,42.0,2,1,0,2,1,21,1,,3,YVETTE (RUE DE L'),0,,2,2,0,1,5,360,2,, -1,1,0,1,70,6,7,1,78,78220,1,1,0,1,YVETTE (RUE DE L'),48.6959,1.9369,16,2,2
202100053843,105Â 506,A01,10,3,2,3,0,-1,-1,2,3,1,2021,82.0,1,2,0,1,3,1,1,,4,,0,,3,2,0,1,(1),(1),1,, -1,2,0,1,30,24,1,2,33,33039,2,1,1,6,Rue Ferdinand Buisson,44.80357,-0.55819,17,2,1
202100020506,164Â 981,A01,10,3,1,5,0,-1,-1,3,3,1,2021,50.0,2,2,0,1,1,1,1,,4,JEAN MERMOZ,0,,2,2,0,1,0,0,1,, -1,1,0,1,50,5,9,1,64,64129,2,1,0,6,JEAN MERMOZ,43.31743,-0.37834,12,2,1
202100014577,175Â 652,B01,1,1,1,1,2,8,-1,-1, -1,-1,2021,43.0,2,1,0,2,8,1,1,,4,GENEVE (RUE DE),0,,1,3,3,1,0,1,1,, -1,2,0,1,50,6,10,1,74,74008,2,2,1,3,GENEVE (RUE DE),46.19182,6.22097,17,2,2
202100043395,124Â 098,A01,2,2,1,1,1,9,-1,0,0,-1,2021,17.0,1,2,13,0,2,1,1,,3,320,-1,,2,2,0,1,3,650,1,, -1,1,0,3,80,19,4,3,2,2595,1,1,0,7,route du champagne,49.069772,3.565981,23,2,1
202100047924,116Â 072,A01,1,1,2,9,2,6,-1,-1, -1,-1,2021,48.0,3,1,13,0,1,1,1,,6,,0,,-1,-1,0,1,(1),(1),1,, -1,1,0,1,30,15,3,1,56,56260,2,1,0,6,BILAIRE(RUE DE),47.66966,-2.74687,17,1,1
202100026587,154Â 180,A01,1,1,2,5,1,-1,-1,0,0,-1,2021,28.0,2,2,7,0,2,1,1,,3,2,-1,,2,2,0,2,(1),(1),3,, -1,1,0,3,80,30,7,1,85,85178,1,1,0,6,La GendronniÃ¨re,46.75857,-1.496673,10,2,1
202100032442,143Â 785,B01,1,1,2,0,2,0,-1,-1, -1,-1,2021,35.0,1,1,0,2,8,1,1,,3,BADUEL (ROUTE DE),0,,2,2,0,1,2,150,1,, -1,1,0,1,50,24,6,1,973,97302,2,1,0,3,BADUEL (ROUTE DE),4.93471,-52.31176,15,2,2
202100018127,169Â 214,A01,10,3,2,0,0,-1,-1,1,A,1,2021,16.0,1,2,0,1,2,1,1,,4,SAINT COSME (QUAI),0,,2,2,0,1,(1),(1),1,, -1,1,0,1,50,18,9,1,71,71076,2,1,0,6,Quai Saint-Cosme,46.7774757316,4.8497449322,18,2,1
202100047824,116Â 270,B01,3,2,2,5,1,0,-1,0,0,-1,2021,6.0,1,2,0,2,4,23,1,,3,EYSSAGNIERES ( ROUTE DES ),0,,2,2,0,2,0,470,1,, -1,1,0,1,50,15,3,1,5,5061,2,1,0,2,EYSSAGNIERES ( ROUTE DES ),44.55334,6.05489,8,3,2
202100020009,165Â 865,B01,1,1,2,1,1,0,-1,-1, -1,-1,2021,42.0,1,2,0,2,4,1,1,,1,Autoroute A.31,0,,3,5,0,1,348,0,1,, -1,2,0,1,110,9,9,1,57,57764,1,1,1,4,Autoroute A.31,49.4594,6.12148,10,2,2
202100002438,197Â 412,B01,4,2,1,5,1,5,-1,-1, -1,-1,2021,24.0,1,4,0,2,1,1,1,,4,SAKAKINI (BOULEVARD),0,,4,1,0,1,0,0,1,, -1,1,0,1,50,16,12,5,13,13205,2,2,0,3,SAKAKINI (BOULEVARD),43.2961527289,5.4003586168,1,4,2
202100018592,168Â 402,B01,1,1,1,1,8,0,-1,-1, -1,-1,2021,33.0,0,1,0,2,1,1,1,,4,ESTAQUE PLAGE,0,,2,2,0,1,0,0,1,, -1,1,0,1,50,16,9,2,13,13216,2,1,1,3,ESTAQUE PLAGE,43.3603963779,5.2984793078,7,2,2
202100032136,144Â 306,Z01,10,3,2,9,0,-1,-1,3,3,2,2021,7.0,2,1,0,1,8,1,5,,4,RUE DU COMMERCE,0,,2,2,1,1,(1),(1),1,, -1,1,0,5,30,25,6,1,75,75115,2,7,0,6,RUE DU COMMERCE,48.844507,2.293726,16,3,1
202100009693,184Â 379,B01,2,2,2,5,1,-1,-1,0,0,-1,2021,34.0,2,2,0,2,1,1,1,,3,936,-1,,2,2,0,2,40,138,1,, -1,2,0,1,80,3,11,1,1,1264,1,2,1,3,Route de TREVOUX - RD 936 PK 40.100 / Route du Palordet VC 1,46.18768,5.118001,17,7,2
202100039469,131Â 057,C01,1,1,1,9,2,0,-1,0,0,-1,2021,32.0,2,1,0,2,1,1,1,,4,NTOINE DE),0,,2,2,0,1,(1),(1),1,, -1,1,0,1,50,18,5,1,6,6069,2,2,0,5,SAINT EXUPERY (AVENUE ANTOINE DE),43.662201,6.934233,17,4,3
202100055272,103Â 020,A01,10,3,1,0,0,-1,-1,2,5,2,2021,3.0,2,2,0,1,1,1,1,,4,,0,,-1,1,0,1,(1),(1),1,, -1,1,0,1,30,12,1,1,69,69199,2,3,0,6,PASTEUR (R),45.70677,4.85634,8,2,1
202100051246,110Â 083,A01,2,2,2,5,1,-1,-1,0,0,-1,2021,19.0,2,2,16,0,2,21,1,,3,208,-1,D,2,2,0,1,8,900,1,, -1,1,0,3,80,17,2,1,33,33022,1,1,0,7,D208,45.018602,-0.733545,14,2,1
202100034735,139Â 625,B01,1,1,1,0,2,0,-1,-1, -1,-1,2021,29.0,2,1,0,2,8,1,1,,4,MOLIERE                             (R ),0,,1,1,1,1,(1),(1),1,, -1,1,0,1,30,12,6,2,69,69386,2,2,0,5,MOLIERE (R),45.76481,4.84275,20,5,3
202100018378,168Â 774,A01,1,1,1,0,8,0,-1,0,0,-1,2021,34.0,1,1,1,0,1,26,5,,4,SAINT JEAN (RUE (DE 33 ET + ET 38 ET +),0,,2,2,0,1,0,0,1,, -1,1,0,1,50,16,9,5,14,14118,2,1,0,3,SAINT JEAN (RUE (DE 33 ET + ET 38 ET +),49.18225,-0.35966,21,2,2
202100023682,159Â 289,A01,10,3,2,5,0,-1,-1,2,3,3,2021,11.0,3,2,0,1,2,1,1,,4,COLCHESTER (Avenue de),0,,2,2,0,1,0,9,1,, -1,1,0,1,50,23,5,1,84,84007,2,1,0,6,COLCHESTER (Avenue de),43.94234,4.82745,19,5,1