Num_Acc,id_vehicule,num_veh,place,catu,sexe,trajet,secu1,secu2,secu3,locp,actp,etatp,year_acc,victim_age,senc,catv,obs,obsm,choc,manv,motor,occutc,catr,voie,v1,v2,circ,nbv,vosp,prof,pr,pr1,plan,lartpc,larrout,surf,infra,situ,vma,jour,mois,lum,dep,com,agg_,int,atm,col,adr,lat,long,hour,nb_victim,nb_vehicules
202100018145,169Â 180,A01,2,2,1,0,1,0,-1,-1, -1,-1,2021,19.0,3,2,2,2,7,26,1,,4,AV PAUL SEJOURNE,0,,2,4,0,2,(1),(1),1,, -1,2,9,4,50,18,9,5,31,31555,2,1,1,5,AV PAUL SEJOURNE,43.60478,1.42799,20,5,4
202100050745,110Â 978,A01,1,1,1,9,2,6,-1,-1, -1,-1,2021,28.0,2,1,6,0,3,16,1,,4,NANTES (DE),0,,3,3,3,2,(1),(1),3,, -1,1,5,1,50,20,2,5,35,35238,2,2,0,6,Carrefour Georges Nitsch,48.10167,-1.68453,23,1,1
202100019895,166Â 070,B01,1,1,1,5,2,6,-1,0,0,-1,2021,45.0,1,1,0,2,1,2,1,,7,GARE ROUTE DE LA,0,,2,2,0,1,(1),(1),1,, -1,1,0,1,50,8,9,1,6,6123,2,1,0,3,GARE ROUTE DE LA,43.661494,7.19251,9,2,2
202100004798,193Â 202,B01,1,1,1,0,2,6,-1,-1, -1,-1,2021,58.0,2,1,0,2,1,15,1,,4,PIERRE BROSSOLETTE (RUE),0,,2,4,0,1,(1),(1),1,, -1,1,0,1,50,2,12,1,10,10387,2,3,1,3,PIERRE BROSSOLETTE (RUE),48.29023,4.07602,11,2,2
202100037218,135Â 155,A01,10,3,2,3,0,-1,-1,1,5,1,2021,37.0,1,1,0,1,1,26,1,,4,BLATIN (RUE),0,,2,3,0,1,(1),(1),1,, -1,1,0,1,50,29,5,1,63,63113,2,1,0,6,BLATIN (RUE),45.77688,3.07902,12,2,1
202100018697,168Â 223,B01,1,1,2,1,1,0,-1,-1, -1,-1,2021,39.0,2,2,0,2,2,1,1,,1,A46N   14.305 A 17.210,0,,1,3,0,1,16,399,1,, -1,2,0,1,130,16,9,3,1,1248,1,9,1,6,A46N   14.305 A 17.210,45.88091,4.89808,5,2,2
202100025342,156Â 357,A01,10,3,2,9,0,-1,-1,1,3,1,2021,56.0,2,2,0,1,5,1,1,,4,THIMBAUD (RUE JEAN PIERRE),0,,1,1,0,1,0,0,1,, -1,1,0,1,50,6,8,1,93,93008,2,1,0,1,THIMBAUD (RUE JEAN PIERRE),48.905839,2.468361,8,2,1
202100025813,155Â 552,A01,1,1,1,9,1,-1,-1,0,0,-1,2021,60.0,1,2,15,0,3,1,1,,3,59,0,,2,2,0,1,23,300,3,, -1,1,0,3,80,31,7,1,18,18151,1,1,0,6,Les Salmons,47.244789,2.701392,11,1,1
202100001495,199Â 116,A01,1,1,1,5,8,0,-1,0,0,-1,2021,84.0,1,1,0,0,0,5,5,,4,RUE CORBON,0,,1,1,0,2,(1),(1),1,, -1,2,-1,5,30,24,12,5,75,75115,2,4,1,7,RUE CORBON,48.835613,2.302778,18,1,1
202100035779,137Â 752,A01,1,1,1,0,2,6,-1,-1, -1,-1,2021,31.0,1,1,0,2,1,2,1,,3,PRESIDENT ROOSEVELT (AVENUE DU),0,,2,2,0,1,0,0,1,, -1,1,5,1,50,8,6,1,93,93001,2,3,0,3,PRESIDENT ROOSEVELT (AVENUE DU),48.92103,2.37695,13,2,2
202100008169,187Â 119,A01,1,1,1,0,1,-1,-1,0,0,-1,2021,18.0,2,2,0,0,8,1,1,,3,66,0,,2,2,0,1,9,367,1,, -1,2,0,1,70,15,11,5,77,77436,2,2,0,3,D66,48.801889,3.211328,18,3,2
202100024132,158Â 524,B01,2,2,1,5,1,8,-1,0,0,-1,2021,13.0,1,2,0,2,4,1,1,,2,RN165 (VE),0,,1,1,0,1,0,100,1,, -1,1,3,1,80,14,8,1,29,29039,1,1,0,2,N165,47.9245291192,-3.8940900564,16,3,2
202100028370,150Â 996,A01,1,1,1,5,8,-1,-1,0,0,-1,2021,46.0,1,2,2,0,1,1,1,,3,2,0,D,2,2,0,2,34,6920,1,, -1,1,0,3,90,18,7,1,61,61176,1,1,0,6,Les Courtils,48.652294,-0.088883,18,1,1
202100007734,187Â 933,A01,1,1,1,1,1,-1,-1,0,0,-1,2021,25.0,1,2,15,0,5,2,1,,3,950,-1,,3,4,0,1,9,347,3,, -1,2,0,3,110,16,11,3,62,62369,1,1,1,6,D950,50.332491,2.885993,1,1,1
202100031256,145Â 875,A01,2,2,2,5,1,-1,-1,0,0,-1,2021,73.0,2,2,0,2,2,2,1,,1,63,0,A,3,3,0,1,101,0,1,, -1,1,0,1,130,2,7,1,40,40152,1,1,0,2,A 63 - PK 101,43.979985,-1.049559,11,3,2
202100013093,178Â 337,B01,1,1,1,1,8,0,-1,-1, -1,-1,2021,26.0,1,0,0,2,4,2,3,,4,VAUVERT (RUE DE),0,,2,2,0,1,1,0,1,, -1,1,9,1,30,15,10,5,18,18033,2,3,0,2,VAUVERT (RUE DE),47.08389,2.37559,23,2,2
202100031844,144Â 832,B01,1,1,1,5,1,0,-1,0,0,-1,2021,80.0,1,2,0,2,8,0,1,,4,HOSPICE (RUE DE L'),0,,2,2,0,2,(1),(1),1,, -1,1,0,1,50,28,6,1,71,71306,2,1,0,3,21 Rue de lâHospice,46.66679,4.36086,15,3,2
202100016910,171Â 394,B01,1,1,2,9,8,0,-1,-1, -1,-1,2021,46.0,1,1,0,2,3,15,5,,4,POISSONNERIE,0,,1,1,0,1,1,0,1,, -1,1,0,1,50,22,9,1,49,49007,2,1,0,3,POISSONNERIE,47.4723678952,-0.5570687272,12,2,2
202100005587,191Â 817,A01,10,3,2,0,0,-1,-1,1,3,1,2021,70.0,1,2,0,1,1,1,1,,3,748,-1,,2,2,0,2,58,840,1,,"6,4",1,0,1,80,1,12,3,79,79007,1,2,0,7,,46.577407,-0.415624,19,2,1
202100049983,112Â 398,A01,1,1,1,0,2,0,-1,-1, -1,-1,2021,74.0,3,1,0,2,5,13,1,,4,JAURES (BLD 1 JEAN),0,,1,1,0,1,0,0,1,, -1,1,9,1,50,25,2,1,974,97411,2,9,0,3,JAURES (BLD 1 JEAN),-20.89789,55.47596,8,2,2
202100052372,108Â 100,B01,1,1,1,9,2,2,-1,0,0,-1,2021,59.0,2,1,0,2,2,1,1,,4,RUE EDOUARD GLASSER,0,,2,2,0,1,1,0,1,, -1,1,0,1,50,5,2,1,988,98818,2,2,0,3,RUE VICTOR BERNUT/RUE EDOUARD GLASSER,-22.29313,166.4488,14,2,2
202100011689,180Â 834,A01,10,3,2,0,0,-1,-1,4,3,1,2021,70.0,2,2,0,1,1,16,1,,3,42,-1,,2,1,0,1,5,400,3,, -1,1,0,1,50,21,10,2,30,30060,2,6,0,6,RD 42,43.790058,4.387177,7,2,1
202100037488,134Â 662,A01,1,1,1,5,2,6,9,0,0,-1,2021,48.0,2,1,0,2,1,13,1,,3,142,-1,,2,2,0,2,10,700,3,, -1,9,0,1,90,29,5,1,34,34132,1,1,0,3,RD 142 PR 10+700,43.807759,3.247919,12,2,2
202100013190,178Â 166,B01,1,1,2,5,1,-1,-1,-1, -1,-1,2021,28.0,2,2,0,2,0,1,1,,7,RD383   3.750 A 7.640,0,,3,8,0,1,7,349,1,, -1,1,0,1,70,12,10,5,69,69266,1,1,0,5,D383   3.750 A 7.640,45.7530441329,4.9081070885,22,7,4
202100000882,200Â 168,A01,10,3,2,0,8,8,-1,9,2,2,2021,81.0,2,5,0,1,4,4,1,,4,SUISSE (R. DE),0,,1,1,0,1,(1),(1),1,, -1,1,9,8,20,30,12,1,6,6088,2,9,0,6,SUISSE (R. DE),43.703115,7.264484,10,5,1
202100020863,164Â 354,A01,1,1,1,5,1,-1,-1,-1, -1,-1,2021,23.0,2,2,6,0,1,0,1,,4,BD DU PDT FRANKLIN ROOSEVELT,0,,1,2,3,1,(1),(1),1,, -1,1,0,1,50,4,9,5,33,33063,2,1,0,6,Boulevard du PrÃ©sident Franklin Roosevelt,44.81536,-0.57331,3,2,1
202100055891,101Â 972,B01,1,1,2,9,1,8,-1,-1, -1,-1,2021,22.0,1,2,0,2,1,1,1,,3,TIGRE (ROUTE DU),0,,2,2,0,1,2,849,3,, -1,2,5,1,50,7,1,1,973,97302,2,3,1,3,TIGRE (ROUTE DU),4.90593,-52.30489,15,2,2
202100036966,135Â 624,B01,1,1,2,9,1,0,-1,-1, -1,-1,2021,26.0,0,2,0,2,4,1,1,,4,QUATORZE JUILLET 1789 (AVENUE DU),0,,-1,2,0,1,(1),(1),1,, -1,1,0,1,50,28,5,1,80,80021,2,1,0,2,QUATORZE JUILLET 1789 (AVENUE DU),49.87524,2.28188,15,2,2
202100036071,137Â 207,B01,2,2,1,0,1,0,-1,-1, -1,-1,2021,38.0,2,2,0,2,1,0,0,,7,Avenue Salvadore Allende,0,,2,2,0,1,24,80,1,, -1,1,0,1,50,6,6,5,31,31555,2,3,0,1,AV DES ETATS UNIS,43.65895,1.41898,0,7,2
202100022049,162Â 217,A01,10,3,1,5,0,-1,-1,1,3,1,2021,22.0,2,2,0,1,1,1,1,,2,mgombani-M'Gombani ( rue de ),0,,3,4,0,1,0,0,1,, -1,1,9,1,50,28,8,2,976,97611,2,3,0,6,mgombani-M'Gombani ( rue de ),-12.7867,45.22552,5,2,1
202100051355,109Â 881,A01,1,1,1,1,2,6,-1,0,0,-1,2021,23.0,1,1,13,0,1,1,1,,3,6089,-1,,2,2,0,1,44,950,2,, -1,1,0,1,-1,17,2,1,24,24550,1,1,0,7,La Fouille,45.138371,1.045139,12,1,1
202100027584,152Â 419,B01,2,1,1,0,8,0,-1,-1, -1,-1,2021,41.0,1,1,0,2,3,18,1,,3,SAULNIER JULES,0,,3,2,0,1,0,1,1,, -1,1,0,8,50,22,7,1,93,93066,2,1,0,3,Rue Jules Saulnier,48.9254027728,2.3524024488,9,2,2
202100047989,115Â 961,B01,1,1,2,5,1,5,-1,0,0,-1,2021,32.0,2,2,0,2,1,1,1,,3,36,0,,2,2,0,1,32,100,1,, -1,2,0,1,80,16,3,1,14,14393,1,2,0,3,D36,49.0850099,-0.479795,10,2,2
202100050641,111Â 167,A01,1,1,1,9,1,-1,-1,0,0,-1,2021,77.0,2,2,0,2,1,26,1,,3,3,0,D,2,3,0,2,0,350,3,, -1,1,0,3,90,21,2,1,38,38565,1,3,0,3,Rue de Brandegaudiere,45.292694,5.62559,17,2,2
202100045730,120Â 009,B01,1,1,1,4,8,0,-1,-1, -1,-1,2021,57.0,3,3,0,2,3,1,2,7.0,4,Z I LES MANGLES,0,,3,2,0,4,(1),(1),3,, -1,1,0,6,50,21,1,1,972,97213,1,9,0,3,Z I LES MANGLES,14.6175424449,-61.0220575333,14,8,2
202100053148,106Â 740,A01,1,1,1,1,1,0,-1,-1, -1,-1,2021,33.0,2,2,0,2,1,1,1,,1,AUTOROUTE A1,0,,3,8,0,1,8,0,1,, -1,4,0,1,90,30,1,3,93,93013,1,1,1,5,AUTOROUTE A1,48.94031,2.42278,6,3,3
202100008278,186Â 916,A01,10,3,2,0,0,-1,-1,3,3,1,2021,48.0,2,2,0,1,3,1,1,,4,,0,,2,2,0,1,0,0,1,, -1,2,6,1,30,13,11,1,92,92012,2,2,0,6,PEUPLIERS (RUE DES),48.8343742988,2.2546617994,11,2,1
202100006656,189Â 890,A01,1,1,1,3,2,0,-1,-1, -1,-1,2021,55.0,1,1,0,2,1,1,1,,4,DUBOIS (RUE MAURICE DUBOIS),0,,1,1,0,1,1,0,1,, -1,1,0,1,50,23,11,1,45,45234,2,2,0,3,DUBOIS (RUE MAURICE DUBOIS),47.9226406455,1.8956780434,12,2,2
202100023477,159Â 661,B01,1,1,1,5,2,6,-1,0,0,-1,2021,23.0,2,1,0,0,4,2,1,,1,8,-1,,3,5,0,2,132,950,1,, -1,1,7,1,110,19,8,1,83,83061,1,1,0,4,A8,43.4691450021,6.7298754104,17,5,3
202100008545,186Â 463,A01,1,1,1,5,1,-1,-1,0,0,-1,2021,70.0,1,2,0,2,2,13,1,,3,4100,-1,,2,2,0,2,13,720,3,, -1,2,0,1,80,10,11,1,4,4192,1,1,1,1,RD 4100,43.879877,5.703095,11,3,2
202100011297,181Â 542,A01,9,2,2,5,1,-1,-1,0,0,-1,2021,9.0,2,2,0,0,2,23,1,,1,6,-1,,3,4,0,1,306,600,1,, -1,1,0,1,130,24,10,3,21,21347,1,1,0,3,PK306+600,47.000919,4.860163,23,6,2
202100043611,123Â 723,B01,1,1,2,9,2,0,-1,-1, -1,-1,2021,40.0,1,1,0,2,7,1,1,,2,MARINGOUINS (ROND-POINT),0,,2,2,0,1,3,0,1,, -1,2,0,1,80,17,4,2,973,97302,1,7,1,3,MARINGOUINS (ROND-POINT),4.9073439607,-52.3219270708,5,2,2
202100035480,138Â 292,A01,1,1,2,5,8,-1,-1,0,0,-1,2021,24.0,2,1,0,0,0,0,3,,3,ADOUR (QUAI DE L'),0,,1,1,0,1,3,870,3,, -1,1,0,1,50,9,6,5,65,65440,2,6,0,7,ADOUR (QUAI DE L'),43.2314,0.0875,22,1,1
202100037080,135Â 420,A01,10,3,1,4,0,-1,-1,1,3,1,2021,55.0,0,1,0,1,1,5,0,,4,,-1,,1,1,0,1,(1),(1),1,, -1,1,0,1,50,2,6,1,973,97353,2,1,0,6,Rue Maripa,3.640588,-54.02912,10,2,1
202100005321,192Â 277,B01,2,2,2,5,1,-1,-1,-1, -1,-1,2021,17.0,1,2,0,2,4,1,1,,4,AVE DU MEDOC,0,,2,2,1,1,(1),(1),1,, -1,1,0,1,50,1,12,1,33,33162,2,1,0,4,Avenue du MÃ©doc,44.88391,-0.63357,15,5,3
202100024725,157Â 449,B01,1,1,1,4,2,8,-1,-1, -1,-1,2021,23.0,2,1,0,2,1,1,3,,4,,0,,2,2,0,1,0,0,1,, -1,1,0,1,30,9,8,1,67,67218,2,3,0,3,ALAMANS (RUE DES),48.53726,7.73258,18,2,2
202100037765,134Â 157,A01,1,1,1,1,2,6,-1,-1, -1,-1,2021,58.0,1,1,12,2,8,21,1,,4,GABRIEL PERI                        (AV),0,,3,2,3,1,(1),(1),1,, -1,1,0,1,50,27,5,1,69,69256,2,3,0,3,GABRIEL PERI                        (AV),45.77144,4.9083,8,2,2
202100007956,187Â 509,A01,1,1,1,0,1,4,-1,-1, -1,-1,2021,19.0,2,2,0,0,0,21,1,,2,RN12,0,,3,6,0,1,21,370,1,, -1,1,0,1,110,31,3,4,78,78646,1,1,0,7,RN12  ,48.789831,2.119144,1,1,1
202100041981,126Â 582,A01,1,1,1,5,2,-1,-1,0,0,-1,2021,14.0,1,1,0,2,1,1,5,,3,,0,,2,2,0,1,14,949,1,, -1,2,0,1,50,26,3,2,81,81099,2,1,1,2,Avenue Marechal Juin,43.904945,1.894272,18,2,2
202100043834,123Â 333,A01,10,3,2,5,8,-1,-1,1,2,1,2021,64.0,3,1,0,1,3,1,1,,4,,0,,2,2,0,1,(1),(1),3,, -1,1,0,1,50,17,4,1,85,85135,2,1,0,6,29 Rue de la Nicoliere,46.538741,-1.209993,9,2,1
202100015984,173Â 097,B01,1,1,1,5,2,-1,-1,0,0,-1,2021,55.0,2,1,12,2,4,2,5,,3,74,0,D,2,2,0,1,8,753,1,, -1,1,0,1,50,30,9,2,44,44071,2,1,0,2,Rue du ChÃ¢teau,47.198337,-1.421378,19,2,2
202100010057,183Â 719,B01,1,1,1,9,8,0,-1,-1, -1,-1,2021,19.0,3,2,0,2,8,15,1,,3,909,0,,2,2,0,1,0,0,1,, -1,1,9,1,50,31,10,5,92,92025,2,9,0,3,STALINGRAD (AV DE),48.931353,2.266948,6,2,2
202100041181,127Â 988,A01,1,1,1,5,2,6,-1,0,0,-1,2021,18.0,2,1,0,2,1,1,1,,3,03,0,,3,2,0,2,0,450,1,, -1,1,0,1,50,25,4,1,201,201032,2,1,0,3,Route Departementale 3,41.923295,8.821614,18,2,2
202100028981,149Â 923,A01,1,1,1,5,1,0,0,0,0,-1,2021,30.0,3,2,15,0,2,17,3,,3,PEGOMAS (ROUTE DE),0,,2,2,0,2,13,154,1,, -1,1,0,8,50,14,7,2,6,6069,2,1,0,6,PEGOMAS (ROUTE DE),43.636846,6.933318,20,3,2
202100005592,191Â 810,A01,1,1,1,1,1,-1,-1,0,0,-1,2021,60.0,1,2,0,0,9,1,1,,3,10,-1,,2,2,0,1,15,(1),1,,5,1,0,3,80,30,11,3,58,58178,1,1,0,7,Croisement RD 10 et Pron,46.932166,3.668444,20,1,1
202100013133,178Â 271,B01,1,1,1,1,2,6,-1,-1, -1,-1,2021,20.0,1,1,0,2,1,1,1,,3,SAINT LEU (ROUTE),0,,2,2,0,1,0,1,1,, -1,1,0,1,50,15,10,5,93,93079,2,3,0,3,SAINT LEU (ROUTE),48.9510547932,2.3394885184,7,4,2
202100018267,168Â 966,B01,1,1,2,1,1,-1,-1,0,0,-1,2021,58.0,1,2,0,2,1,1,1,,2,12,-1,,3,4,0,1,55,810,1,, -1,1,1,1,110,17,9,2,78,78048,1,1,0,1,N12,48.795203,1.669643,6,2,2
202100037628,134Â 400,A01,10,3,1,3,0,-1,-1,2,3,1,2021,71.0,1,2,0,1,3,15,1,,3,R LOUIS TALAMONI ,0,,3,4,0,1,1,0,1,, -1,1,9,8,50,29,5,1,94,94017,2,3,0,6,Rue Louis Talamoni,48.813809,2.510263,11,2,1
202100012648,179Â 104,A01,1,1,1,4,2,6,-1,-1, -1,-1,2021,21.0,1,1,0,2,3,18,3,,7,STRASBOURG BOULEVARD,0,,1,1,0,1,(1),(1),3,, -1,1,5,1,30,17,10,3,59,59350,2,6,0,3,STRASBOURG BOULEVARD,50.61745,3.06093,19,2,2
202100039473,131Â 050,B01,1,1,1,1,2,6,-1,0,0,-1,2021,44.0,1,1,0,2,2,17,1,,4,RUE D AVRON,0,,2,2,0,2,(1),(1),1,, -1,1,0,1,50,18,5,1,75,75120,2,1,0,3,RUE D AVRON,48.853069,2.408185,8,2,2
202100022225,161Â 917,B01,1,1,1,1,1,0,-1,-1, -1,-1,2021,25.0,2,2,0,2,4,2,1,,3,Route de Parthenay,0,,2,2,0,1,33,335,1,, -1,1,0,1,50,26,8,1,86,86194,2,1,0,2,Route de Parthenay,46.601179,0.317349,18,2,2
202100008774,186Â 057,A01,1,1,1,0,2,6,-1,-1, -1,-1,2021,41.0,0,1,0,2,1,17,0,,3,GALLIENI (BOULEVARD),0,,2,2,0,1,0,0,1,, -1,1,0,1,30,9,11,1,92,92040,2,3,0,3,Boulevard GalliÃ©ni,48.8297425982,2.2673410177,10,2,2
202100014212,176Â 290,Z01,10,3,1,4,0,-1,-1,4,3,1,2021,52.0,2,2,0,1,1,15,1,,4,RUE BERGER,0,,1,1,0,1,(1),(1),1,, -1,1,0,1,30,9,10,1,75,75101,2,3,0,6,RUE DU LOUVRE,48.862391,2.341639,15,2,1
202100028708,150Â 403,A01,10,3,1,5,0,-1,-1,9,3,1,2021,8.0,3,1,0,1,1,19,3,,9,KUPKA (RUE FRANCK) TOUR,0,,-1,1,0,1,0,0,1,, -1,1,6,6,25,16,7,1,92,92062,2,9,0,6,KUPKA (RUE FRANCK) TOUR,48.891011,2.232949,17,3,1
202100000405,200Â 979,A01,10,3,1,4,0,-1,-1,8,B,2,2021,55.0,0,2,0,1,2,1,1,,6,VIEILLE ROUTE DE LA GAVOTTE,0,,1,1,0,2,0,0,1,, -1,1,0,1,15,17,3,2,13,13071,2,9,0,1,VIEILLE ROUTE DE LA GAVOTTE,43.39425,5.34035,8,2,1
202100048725,114Â 665,A01,1,1,1,5,1,-1,-1,0,0,-1,2021,60.0,1,5,0,0,0,13,1,,3,81,0,,-1,2,0,2,12,50,1,, -1,1,0,1,80,8,3,1,201,201048,1,1,0,7,RD81,42.020128973,8.733630218,16,1,1
202100043003,124Â 804,B01,1,1,1,5,1,0,-1,-1, -1,-1,2021,22.0,1,2,0,2,1,1,1,,2,ALLENDE (QUAI SALVADOR),0,,4,5,0,1,12,500,1,, -1,1,0,1,50,21,4,1,87,87085,2,2,0,3,ALLENDE (QUAI SALVADOR),45.82113,1.26294,12,2,2
202100012968,178Â 558,A01,1,1,2,1,1,-1,-1,0,0,-1,2021,29.0,1,2,4,0,9,1,1,,1,6,0,,3,3,0,1,59,291,3,, -1,1,0,1,-1,16,10,3,77,77001,1,1,1,6,A6,48.352656,2.584963,2,1,1
202100016389,172Â 337,Y01,1,1,1,0,0,-1,-1,-1, -1,-1,2021,30.0,3,1,0,2,1,19,5,,4,,0,,2,2,0,1,0,0,1,, -1,2,0,1,50,27,9,1,92,92012,2,2,1,3,LE CORBUSIER (RUE),48.8377599139,2.2404592373,9,2,2
202100036836,135Â 855,B01,1,1,2,5,8,0,-1,0,0,-1,2021,69.0,3,1,0,2,3,1,5,,4,ALLEE DE LONGCHAMP,0,,2,4,0,1,(1),(1),1,, -1,1,0,1,50,31,5,1,75,75116,2,3,0,3,ALLEE DE LONGCHAMP,48.877265,2.278577,18,2,2
202100046999,117Â 771,A01,10,3,1,3,0,-1,-1,1,3,1,2021,66.0,2,2,0,1,2,1,1,,7,24,0,D,2,2,0,2,3,400,3,, -1,1,0,1,50,24,3,1,31,31417,2,1,1,6,33 Rue Principale,43.617778,1.283855,17,2,1
202100046541,118Â 591,A01,1,1,1,5,8,0,-1,-1, -1,-1,2021,14.0,0,1,0,2,3,25,5,,4,MAURIAC (RUE),0,,-1,0,0,1,(1),(1),1,, -1,1,0,4,50,26,3,1,13,13210,2,1,0,3,MAURIAC (RUE),43.2732303377,5.4202821621,14,2,2
202100043998,123Â 032,B01,1,1,2,1,1,0,-1,-1, -1,-1,2021,34.0,2,2,0,2,4,1,1,,1,A4,0,,3,5,0,1,2,200,1,, -1,1,0,1,90,14,4,3,94,94018,1,1,0,4,A4,48.8176262494,2.4173841935,6,3,3
202100047260,117Â 285,B01,1,1,1,9,8,0,-1,-1, -1,-1,2021,37.0,3,1,0,2,1,26,6,,4,ROUGET DE LISLE,0,,2,0,0,1,0,0,1,, -1,1,0,1,50,20,3,1,93,93051,2,1,0,3,ROUGET DE LISLE,48.8455,2.5629,15,2,2
202100045257,120Â 826,B01,1,1,1,9,1,5,-1,-1, -1,-1,2021,20.0,1,2,0,2,3,19,1,,4,GABRIEL PERI  (AVENUE),0,,2,2,0,1,0,0,1,, -1,1,0,1,50,3,4,5,93,93047,2,2,0,3,GABRIEL PERI  (AVENUE),48.89322,2.55248,20,2,2
202100041225,127Â 912,A01,1,1,2,0,2,6,-1,-1, -1,-1,2021,22.0,1,1,0,2,1,2,1,,1,10,0,,3,3,0,1,1,200,1,, -1,2,0,1,90,6,5,1,92,92002,1,1,1,2,AUTOROUTE A10,48.7359742554,2.3155832291,15,2,2
202100034534,140Â 002,A01,1,1,1,5,2,0,-1,-1, -1,-1,2021,32.0,2,1,9,0,3,1,1,,1,A507 sens Aubagne- Marseille,0,,-1,3,0,1,1,490,1,, -1,1,1,1,70,14,6,3,13,13055,1,1,0,7,A507 sens Aubagne- Marseille,43.33219,5.38721,3,1,1
202100026827,153Â 765,B01,1,1,1,0,1,0,-1,-1, -1,-1,2021,24.0,0,2,0,2,0,1,1,,4,ARTS (AVENUE),0,,2,2,0,1,0,0,1,, -1,1,0,1,50,24,7,5,30,30189,2,2,0,6,ARTS (AVENUE),43.82311,4.33585,1,4,3
202100029014,149Â 868,B01,1,1,1,5,2,-1,-1,0,0,-1,2021,45.0,2,1,0,2,1,1,5,,3,764,-1,,2,2,0,1,3,275,3,, -1,1,5,1,80,15,7,1,56,56239,1,3,0,3,Rue de la DÃ©chetterie,47.684206,-2.137983,11,2,2
202100042446,125Â 745,A01,1,1,1,5,0,0,-1,-1, -1,-1,2021,34.0,0,1,1,0,1,14,1,,4,BOIS DE BLEVILLE (AVENUE DU),0,,2,2,0,1,0,0,1,, -1,1,0,1,50,23,4,5,76,76351,2,1,0,6,BOIS DE BLEVILLE (AVENUE DU),49.52432,0.12691,22,1,1
202100032751,143Â 230,A01,1,1,2,5,1,-1,-1,0,0,-1,2021,32.0,2,2,0,0,9,15,1,,2,7,-1,,3,2,0,1,44,200,2,, -1,1,0,1,80,22,6,1,42,42153,1,1,0,7,N7,45.966126,4.164564,13,1,1
202100043039,124Â 742,B01,1,1,1,9,2,8,-1,0,0,-1,2021,26.0,1,1,0,2,1,1,1,,3,CHATEAUNEUF (Route de),0,,2,2,0,1,2,150,1,, -1,1,0,1,50,22,4,1,26,26198,2,1,0,4,132BRoute de Chateauneuf,44.5307,4.7365,17,3,3
202100011914,180Â 430,A01,1,1,1,0,1,-1,-1,0,0,-1,2021,57.0,2,2,2,0,9,0,1,,3,751,-1,D,2,2,0,1,46,152,2,, -1,1,5,1,80,22,10,3,44,44131,2,6,0,7,dÃ©partementale 751,47.112269,-2.047534,3,1,1
202100043128,124Â 583,B01,1,1,2,0,1,8,-1,-1, -1,-1,2021,56.0,3,2,0,2,7,1,1,,4,MANDELA  (BOULEVARD),0,,1,2,0,1,(1),(1),1,, -1,1,0,1,50,21,4,1,973,97302,2,3,0,3,MANDELA  (BOULEVARD),4.94127,-52.3269,7,2,2
202100029347,149Â 310,B01,1,1,1,0,1,0,-1,-1, -1,-1,2021,39.0,1,2,0,0,4,1,1,,3,7,0,,3,4,0,1,0,0,1,, -1,1,0,1,70,12,7,1,92,92026,2,1,1,2,MARECHAL JOFFRE (QUAI DU),48.90229,2.28188,18,2,2
202100016895,171Â 424,B01,1,1,2,1,1,0,-1,0,0,-1,2021,50.0,2,2,0,2,4,2,1,,7,MULLER (AVENUE PAUL),0,,2,2,0,2,(1),(1),1,, -1,1,0,1,50,23,9,1,54,54578,2,1,1,2,MULLER (AVENUE PAUL),48.65854,6.11788,8,2,2
202100000357,201Â 079,A01,1,1,1,9,2,6,-1,-1, -1,-1,2021,40.0,2,1,3,0,1,17,1,,3,OLOF PALME,0,,2,2,0,1,28,685,3,, -1,1,0,1,70,12,9,1,64,64445,1,1,0,6,OLOF PALME,43.33392,-0.3582,18,1,1
202100031904,144Â 726,A01,1,1,1,4,8,0,-1,0,0,-1,2021,23.0,1,0,0,2,7,1,3,,4,RUE DE PATAY,0,,2,2,0,1,(1),(1),1,, -1,2,0,1,50,28,6,2,75,75113,2,2,1,3,RUE DE PATAY,48.828635,2.369923,20,2,2
202100042206,126Â 182,A01,1,1,1,1,2,6,-1,0,0,-1,2021,40.0,3,1,14,0,1,1,1,,7,GARE AVENUE DE LA,0,,1,2,0,1,(1),(1),1,, -1,1,9,1,50,15,4,1,6,6027,2,1,0,2,GARE AVENUE DE LA,43.66085,7.14864,9,2,2
202100018369,168Â 794,B01,1,1,1,5,8,0,-1,-1, -1,-1,2021,72.0,1,1,0,2,1,1,5,,4,BRIAND (RUE ARISTIDE),0,,2,2,0,1,0,0,1,, -1,1,0,1,30,4,9,1,28,28085,2,3,0,2,BRIAND (RUE ARISTIDE),48.4466,1.52103,13,2,2
202100034671,139Â 750,A01,10,3,2,5,0,-1,-1,1, -1,1,2021,84.0,3,2,0,1,4,26,0,,6,,-1,,-1,-1,0,1,(1),(1),1,,"3,5",1,0,8,-1,13,6,1,70,70198,2,1,0,6,Rue Alfred Dornier,47.554327,5.677448,11,2,1
202100053129,106Â 772,A01,1,1,1,5,8,-1,-1,0,0,-1,2021,61.0,1,2,13,0,2,14,1,,3,85,-1,,2,2,0,2,5,85,2,, -1,2,0,3,50,29,1,5,73,73131,2,1,1,6,D85,45.498887,6.542753,18,1,1
202100035273,138Â 653,B01,1,1,1,0,2,6,-1,-1, -1,-1,2021,35.0,0,1,0,2,2,1,1,,4,EISENHOWER (AVENUE DU GENERAL),0,,2,4,0,1,2,0,1,, -1,1,8,1,50,9,6,1,31,31555,2,1,0,3,EISENHOWER (AVENUE DU GENERAL),43.55994,1.39488,18,2,2