Num_Acc,id_vehicule,num_veh,place,catu,sexe,trajet,secu1,secu2,secu3,locp,actp,etatp,year_acc,victim_age,senc,catv,obs,obsm,choc,manv,motor,occutc,catr,voie,v1,v2,circ,nbv,vosp,prof,pr,pr1,plan,lartpc,larrout,surf,infra,situ,vma,jour,mois,lum,dep,com,agg_,int,atm,col,adr,lat,long,hour,nb_victim,nb_vehicules
202100031911,144Â 712,B01,3,2,1,5,3,0,-1,-1, -1,-1,2021,0.0,1,2,0,2,4,0,1,,3,GENERAL LECLERC (PL DU),0,,1,2,0,1,1,0,2,, -1,2,5,1,50,28,6,1,94,94033,2,1,1,2,GENERAL LECLERC (PL DU),48.85235,2.48554,18,3,2
202100000761,200Â 352,A01,1,1,1,0,2,8,-1,-1, -1,-1,2021,21.0,2,1,0,2,3,17,1,,4,FABIEN ( AV. DU COLONEL ),0,,2,2,0,1,(1),(1),1,, -1,2,5,1,50,30,12,5,56,56098,2,2,1,3,FABIEN ( AV. DU COLONEL ),47.76218,-3.33743,17,3,2
202100045222,120Â 891,B01,1,1,1,5,8,0,-1,-1, -1,-1,2021,83.0,1,1,0,0,0,26,5,,4,D'ALENCON (RUE ),0,,2,2,0,1,(1),0,1,, -1,1,0,1,50,3,4,1,61,61077,2,9,0,7,D'ALENCON (RUE ),48.43956,0.12368,18,1,1
202100021582,163Â 054,C01,1,1,1,9,2,8,-1,-1, -1,-1,2021,47.0,1,1,1,2,1,2,1,,1,AUTOROUTE A1,0,,3,8,3,1,(1),(1),1,, -1,1,9,1,90,30,8,3,972,97213,1,1,0,4,AUTOROUTE A1,14.61806,-61.03333,21,4,3
202100049110,113Â 972,C01,1,1,1,5,1,5,-1,0,0,-1,2021,38.0,1,2,0,2,5,1,1,,2,NATIONALE 13 (ROUTE),0,,-1,3,0,1,(1),(1),1,, -1,1,0,1,70,5,3,1,27,27229,1,1,0,5,NATIONALE 13 (ROUTE),49.015664,1.17786,17,4,4
202100054525,104Â 312,B01,1,1,1,0,2,-1,-1,0,0,-1,2021,61.0,2,1,0,2,2,8,1,,3,1005,-1,,2,2,3,1,26,590,1,, -1,1,0,1,50,19,1,1,1,1281,2,1,0,3,1040 Rue de Gex,46.283599,6.08657,16,2,2
202100008454,186Â 627,A01,1,1,1,1,8,0,-1,-1, -1,-1,2021,23.0,1,1,0,2,4,9,6,,4,WALDECK ROCHET (AVENUE),0,,2,2,0,1,(1),(1),1,, -1,1,5,8,50,10,11,1,71,71486,2,2,0,3,WALDECK ROCHET (AVENUE),46.6631818999,4.3698830664,13,2,2
202100021576,163Â 066,B01,1,1,1,1,2,6,-1,-1, -1,-1,2021,62.0,1,1,0,2,1,2,1,,4,PAUL BERNIERE (RUE),0,,2,2,0,1,0,0,1,, -1,1,0,1,30,30,8,1,987,98736,2,9,0,3,PAUL BERNIERE (RUE),-17.53804,-149.5527,14,2,2
202100026448,154Â 423,A01,1,1,2,0,2,6,-1,-1, -1,-1,2021,22.0,2,1,0,2,5,9,1,,3,SOULT (AVENUE MARECHAL),0,,3,4,0,1,7,486,1,, -1,1,0,1,50,29,7,1,64,64102,2,1,0,2,Avenue MarÃ©chal Soult,43.48767,-1.48301,15,2,2
202100023379,159Â 828,D01,1,1,1,5,2,-1,-1,0,0,-1,2021,74.0,3,1,0,2,1,2,5,,9,,0,,2,2,0,1,(1),(1),1,, -1,1,0,5,50,21,8,1,38,38565,1,1,0,4,Chemin des Digues,45.296645,5.616615,10,4,4
202100020781,164Â 499,A01,1,1,1,5,2,6,-1,0,0,-1,2021,23.0,1,1,13,0,1,1,1,,3,4,-1,,2,2,0,1,14,700,2,, -1,1,0,3,80,5,9,1,88,88508,1,1,0,7,,48.166372,6.222671,15,1,1
202100005646,191Â 696,A01,1,1,1,4,8,0,-1,0,0,-1,2021,24.0,2,0,0,2,8,19,3,,4,AVENUE DAUMESNIL,0,,2,4,1,2,(1),(1),1,, -1,1,0,1,30,28,11,5,75,75112,2,2,0,3,AVENUE DAUMESNIL,48.8367,2.403489,22,2,2
202100039190,131Â 575,A01,2,2,2,3,1,-1,-1,0,0,-1,2021,45.0,3,2,0,2,3,1,1,,4,,-1,,2,2,0,1,(1),(1),2,,4,1,0,1,50,7,5,1,31,31091,2,1,0,1,Avenue du Petit Paradis,43.714054,1.398767,17,3,2
202100027202,153Â 093,A01,1,1,1,1,2,0,-1,-1, -1,-1,2021,16.0,1,1,0,2,7,11,1,,4,BAUMETTE PROMENADE,0,,2,2,0,1,1,0,1,, -1,1,0,1,50,24,7,1,49,49007,2,1,0,3,BAUMETTE PROMENADE,47.4591,-0.56891,8,2,2
202100053455,106Â 170,B01,1,1,1,5,1,0,-1,-1, -1,-1,2021,43.0,1,2,0,2,1,1,1,,4,POTTIER (RUE EUGENE POTTIER),0,,-1,2,0,1,(1),(1),1,, -1,2,0,1,50,27,1,5,45,45147,2,2,1,3,Rue Maximilien de Robespierre,47.9392445885,1.9211268996,20,4,2
202100014306,176Â 131,A01,10,3,2,0,0,-1,-1,4,5,2,2021,15.0,2,2,0,1,2,0,1,,4,GEORGES LAFAURIE (RUE),0,,2,5,0,1,0,0,1,, -1,1,0,1,50,7,10,1,76,76351,2,2,0,6,GEORGES LAFAURIE (RUE),49.50176,0.11602,10,2,1
202100015208,174Â 517,A01,1,1,1,0,1,0,-1,-1, -1,-1,2021,35.0,1,2,0,0,1,2,1,,1,AUTOROUTE A86,0,,1,3,0,1,18,299,1,, -1,2,0,1,70,5,10,3,93,93027,1,1,1,7,AUTOROUTE A86,48.928469859,2.4132638547,21,1,1
202100025022,156Â 926,A01,1,1,1,3,2,6,-1,0,0,-1,2021,41.0,1,1,6,0,2,16,3,,4,RUE DE NORMANDIE,0,,1,1,0,1,(1),(1),1,, -1,1,0,4,50,8,8,1,75,75103,2,3,0,6,RUE DE NORMANDIE,48.862639,2.364379,16,1,1
202100022884,160Â 715,A01,1,1,1,1,1,0,-1,0,0,-1,2021,26.0,1,2,13,5,1,1,1,,1,Autoroute A 33,0,,3,4,0,1,13,899,1,, -1,1,0,1,130,2,8,3,54,54483,1,1,0,6,Autoroute A 33,48.61674,6.28375,1,1,1
202100032247,144Â 122,B01,1,1,1,5,2,8,-1,-1, -1,-1,2021,49.0,3,1,0,2,7,17,1,,4,COMMANDANT MORTENOL (RUE DU),0,,1,1,0,1,(1),(1),1,, -1,1,0,1,30,24,6,4,971,97120,2,1,0,3,COMMANDANT MORTENOL (RUE DU),16.23963,-61.53236,22,2,2
202100051494,109Â 663,A01,1,1,1,5,0,-1,-1,0,0,-1,2021,17.0,2,1,2,0,1,11,5,,3,14,-1,,2,2,0,2,3,670,1,, -1,1,0,3,50,15,2,1,9,9185,2,2,0,6,Av du Mal de Lattre de Tassigny,43.253801,1.680932,15,1,1
202100036675,136Â 156,B01,1,1,1,2,1,-1,-1,0,0,-1,2021,19.0,3,2,0,2,1,1,1,,4,,0,,-1,2,0,1,(1),(1),1,,4,1,0,1,50,4,6,1,1,1443,2,2,0,1,Avenue Pierre Deplanches,46.002358,5.034437,8,4,2
202100006079,190Â 937,B01,2,2,2,1,8,0,-1,-1, -1,-1,2021,32.0,1,2,0,2,0,2,1,,2,RN12 INT,0,,1,0,0,1,37,0,1,, -1,2,1,1,90,26,11,3,78,78321,1,1,1,4,RN12 INT,48.798764,1.915684,18,5,3
202100012680,179Â 052,A01,1,1,1,4,2,6,-1,0,0,-1,2021,33.0,2,1,0,0,7,7,1,,4,BOULEVARD DE CLICHY,0,,1,2,3,1,(1),(1),1,, -1,9,-1,6,30,16,10,5,75,75109,2,2,0,7,BOULEVARD DE CLICHY,48.881929,2.339702,20,1,1
202100053193,106Â 653,B01,2,2,2,5,2,8,-1,-1, -1,-1,2021,17.0,1,1,0,2,0,9,1,,4,REPUBLIQUE (AVE DE LA ),0,,-1,1,0,1,(1),(1),1,, -1,1,0,1,50,18,1,5,62,62624,2,1,0,3,REPUBLIQUE (AVE DE LA ),50.41451,2.98452,17,3,2
202100039265,131Â 419,A01,1,1,1,5,8,0,-1,-1, -1,-1,2021,33.0,1,1,11,0,1,26,1,,4,BRUN (AV ROBERT),0,,2,2,0,1,0,0,3,, -1,1,5,3,50,19,5,5,83,83126,2,9,0,6,BRUN (AV ROBERT),43.116713,5.862904,1,1,1
202100056243,101Â 363,A01,3,2,1,5,1,0,-1,-1, -1,-1,2021,1.0,2,2,0,2,8,15,1,,4,STRASBOURG (BD DE ),0,,2,6,0,1,0,0,1,, -1,2,0,1,50,4,1,1,83,83137,2,1,1,3,STRASBOURG (BD DE ),43.12519,5.93104,13,5,2
202100004076,194Â 457,B01,1,1,2,1,1,0,-1,-1, -1,-1,2021,41.0,2,2,0,2,4,23,1,,3,,0,,2,2,1,2,38,60,1,, -1,2,0,1,50,7,12,1,25,25056,2,1,0,4,Rue de Belfort,47.25598,6.04112,8,3,3
202100031927,144Â 678,B01,1,1,2,1,1,-1,-1,0,0,-1,2021,50.0,2,2,0,2,3,1,1,,3,6,0,,2,2,0,2,10,410,3,, -1,1,0,1,80,29,6,1,1,1362,1,1,0,1,D6,45.949233,4.861466,8,2,2
202100031291,145Â 805,A01,1,1,2,9,2,0,-1,0,0,-1,2021,35.0,1,1,0,2,4,2,1,,4,RUE DE MENILMONTANT,0,,2,2,0,1,(1),(1),1,, -1,1,0,1,50,2,7,1,75,75120,2,2,0,2,RUE DE MENILMONTANT,48.870082,2.395766,19,2,2
202100010038,183Â 755,A01,2,2,1,5,1,0,-1,0,0,-1,2021,24.0,1,2,0,2,1,12,1,,4,BOULEVARD PERIPHERIQUE,0,,1,4,0,1,(1),(1),1,, -1,1,0,1,70,31,10,5,75,75120,2,4,0,3,BOULEVARD PERIPHERIQUE,48.868835,2.413258,5,3,2
202100043638,123Â 674,A01,1,1,2,3,1,5,-1,0,0,-1,2021,60.0,1,2,0,2,3,13,1,,4,CIRCULAIRE (ALLEE),0,,-1,2,0,1,(1),(1),3,, -1,1,0,1,30,17,4,1,27,27681,2,1,0,1,CIRCULAIRE (ALLEE),49.1042142183,1.5003338456,14,3,2
202100008703,186Â 180,A01,9,2,2,9,3,-1,-1,-1, -1,-1,2021,1.0,3,2,0,2,2,1,1,,4,PORTE DES ALPES (DE LA) - BD URBAIN (BD),0,,3,2,0,1,(1),(1),1,, -1,1,0,1,70,8,11,1,69,69290,2,9,0,3,PORTE DES ALPES (DE LA) - BD URBAIN (BD),45.715031,4.9255,8,4,2
202100045295,120Â 758,A01,2,2,1,5,0,-1,-1,0,0,-1,2021,12.0,3,6,0,2,1,1,1,,4,,0,,2,1,0,2,(1),(1),2,,3,1,0,1,80,4,4,1,26,26097,1,1,0,1,79 Chemin des Pres,44.71729,4.834564,15,3,2
202100002044,198Â 139,B01,1,1,1,5,2,6,-1,0,0,-1,2021,28.0,2,1,0,2,0,21,1,,4,BOULEVARD DIDEROT,0,,2,2,0,1,(1),(1),1,, -1,1,0,1,30,20,12,1,75,75112,2,2,0,3,BOULEVARD DIDEROT,48.848037,2.39284,11,2,2
202100002525,197Â 264,A01,1,1,1,0,1,-1,-1,0,0,-1,2021,31.0,1,2,0,2,1,0,1,,3,14,2,,2,2,0,1,20,(1),1,, -1,2,0,1,80,19,12,3,27,27617,1,1,1,1,D14b,49.310358,1.51033,6,2,2
202100047033,117Â 702,B01,1,1,1,9,2,8,-1,-1, -1,-1,2021,17.0,1,1,0,2,3,1,1,,4,EDOUARD HERRIOT,0,,2,2,0,1,0,0,1,, -1,1,0,1,50,22,3,1,64,64445,2,2,0,3,EDOUARD HERRIOT,43.3043414743,-0.3798356652,7,2,2
202100025850,155Â 479,B01,1,1,1,0,1,0,-1,-1, -1,-1,2021,47.0,2,2,14,0,2,1,1,,1,AUTOROUTE A86,0,,3,6,0,2,27,799,2,, -1,2,3,1,90,3,8,3,93,93064,1,1,1,6,AUTOROUTE A86,48.87263,2.4807,4,2,2
202100018075,169Â 326,B01,1,1,1,5,2,-1,-1,0,0,-1,2021,59.0,3,1,0,2,2,12,5,,7,113,-1,,2,4,0,1,(1),(1),1,, -1,1,3,1,90,11,9,1,13,13081,1,9,0,3,N Rd 113 Les levades,43.494806,5.216789,11,2,2
202100043143,124Â 556,A01,10,3,2,1,8,-1,-1,4,3,1,2021,63.0,3,2,0,1,2,26,1,,7,MOULIN (JEAN) (AV),0,,2,2,0,1,14,800,1,, -1,2,9,1,50,27,1,5,69,69096,2,1,1,6,MOULIN (JEAN) (AV),45.60853,4.79467,18,2,1
202100045263,120Â 814,B01,1,1,1,0,2,6,-1,-1, -1,-1,2021,19.0,2,1,0,2,1,1,1,,3,106,0,,2,3,0,1,0,0,1,, -1,1,0,1,50,3,4,1,92,92035,2,2,0,3,GÃ©nÃ©ral de Gaulle  ( avenue du ),48.9127077305,2.2537274659,11,2,2
202100006364,190Â 421,A01,1,1,1,1,1,8,-1,-1, -1,-1,2021,28.0,2,5,3,0,9,0,1,,1,A55-Sens Martigues vers Marseille,0,,1,2,0,1,32,500,1,, -1,2,0,1,110,25,11,1,13,13026,1,1,1,7,A55-Sens Martigues vers Marseille,43.40181,5.10594,13,1,1
202100013916,176Â 827,C01,1,1,1,1,2,-1,-1,0,0,-1,2021,48.0,1,1,0,2,1,1,1,,3,37,0,B,2,2,0,1,6,900,3,, -1,1,0,1,80,12,10,1,38,38353,1,1,0,6,D37b,45.414557,4.750301,7,3,3
202100037574,134Â 500,A01,10,3,2,0,0,-1,-1,6,2,1,2021,47.0,2,2,0,2,3,21,1,,3,RD 915,0,,-1,2,0,1,78,274,1,, -1,1,5,1,80,29,5,1,76,76565,1,3,0,2,RD 915,49.88892,1.08401,9,4,2
202100032873,143Â 006,A01,1,1,1,0,1,-1,-1,-1, -1,-1,2021,36.0,0,2,2,0,3,1,1,,4,DRUART (RUE EMILE),0,,2,2,0,1,(1),(1),1,, -1,1,0,1,50,22,6,2,51,51454,2,1,0,7,Rue Emile Druart,49.26966,4.00017,5,1,1
202100003628,195Â 265,A01,1,1,1,5,8,0,-1,0,0,-1,2021,23.0,3,2,8,0,8,26,1,,4,FOINS (CHEMIN DES),0,,2,-1,0,1,(1),(1),1,, -1,2,0,3,50,9,12,1,54,54431,2,1,0,6,FOINS (CHEMIN DES),48.9153,6.05044,8,1,1
202100055986,101Â 817,C01,1,1,1,1,2,6,-1,0,0,-1,2021,16.0,2,1,0,0,0,21,1,,4,,-1,,-1,1,0,1,(1),(1),2,, -1,2,0,1,50,7,1,5,60,60286,2,4,0,4,Rue Caradame,49.6612815929,1.9450097839,18,3,3
202100016569,172Â 014,B01,1,1,2,5,1,-1,-1,0,0,-1,2021,44.0,2,2,9,0,2,0,1,,3,82,-1,,2,2,0,1,0,850,3,,4,2,0,1,50,25,9,1,41,41103,2,3,1,3,Rue RenÃ© LeliÃ¨vre,47.720701,1.010147,16,2,2
202100033381,142Â 099,A01,10,3,1,0,8,8,-1,3,3,1,2021,58.0,1,2,0,1,1,1,1,,2,MARNE (BOULEVARD DE LA),0,,3,4,0,1,1,400,3,, -1,2,9,1,30,19,6,5,972,97209,2,1,1,6,MARNE (BOULEVARD DE LA),14.603822,-61.07994,19,2,1
202100023324,159Â 924,B01,1,1,1,1,2,8,-1,-1, -1,-1,2021,39.0,2,1,0,2,1,1,0,,3,JEAN MOULIN (AVENUE),0,,2,2,1,2,1,0,1,, -1,1,0,1,30,20,8,1,93,93048,2,3,0,3,Avenue Jean Moulin / Rue GalilÃ©e,48.8597,2.4503,9,2,2
202100032801,143Â 144,A01,2,2,2,0,1,8,-1,-1, -1,-1,2021,29.0,1,2,3,0,2,21,1,,2,RN12 INT,0,,3,4,0,2,18,139,1,, -1,1,0,1,90,23,6,1,78,78640,1,1,0,6,RN12 INT,48.781472,2.168509,19,4,1
202100049540,113Â 207,A01,1,1,1,9,2,0,-1,-1, -1,-1,2021,55.0,2,1,0,2,2,17,6,,3,SEINE (QUAI DE),0,,2,2,0,1,0,1,1,, -1,1,0,6,50,2,3,1,93,93070,2,9,0,3,SEINE (QUAI DE),48.91441,2.31867,15,2,2
202100016047,172Â 968,B01,1,1,1,0,1,0,-1,-1, -1,-1,2021,54.0,2,2,0,2,4,1,1,,2,RN12,0,,3,2,0,1,26,0,1,, -1,1,0,1,110,29,9,1,78,78297,1,1,0,3,RN12,48.78863,2.06095,9,2,2
202100000265,201Â 248,B01,1,1,1,0,2,6,-1,-1, -1,-1,2021,33.0,3,1,0,2,2,17,1,,4,MIDI (BOULEVARD DU),0,,2,2,0,1,0,0,1,, -1,1,0,1,50,26,7,1,6,6029,2,1,0,3,MIDI (BOULEVARD DU),43.545181,6.97013,19,2,2
202100031559,145Â 343,A01,1,1,2,4,1,0,-1,-1, -1,-1,2021,59.0,3,2,1,1,1,1,1,,4,AMPERE (RUE ),0,,2,4,1,1,(1),(1),1,, -1,1,0,4,30,3,6,1,38,38185,2,1,0,1,Rue AmpÃ¨re,45.18595,5.70583,11,3,2
202100038875,132Â 138,A01,2,1,1,5,2,8,-1,-1, -1,-1,2021,50.0,3,1,1,0,1,14,0,,4,VERDUN (BOULEVARD),0,,2,2,0,1,0,0,1,, -1,1,0,3,50,21,5,5,974,97407,2,1,0,2,VERDUN (BOULEVARD),-20.94215,55.29252,22,2,2
202100028047,151Â 578,A01,1,1,1,1,2,6,-1,0,0,-1,2021,49.0,1,1,0,2,1,2,1,,3,109,0,,2,2,0,1,1,235,1,, -1,1,0,1,80,20,7,1,78,78490,1,1,1,2,D109,48.834823,1.960952,19,2,2
202100048314,115Â 396,A01,1,1,1,0,8,0,-1,-1, -1,-1,2021,28.0,2,0,0,2,2,14,6,,3,131,0,,2,4,0,1,0,0,1,, -1,1,0,1,50,10,3,1,92,92035,2,1,0,2,Verdun 1916 ( avenue de ),48.905215,2.234297,10,2,2
202100034983,139Â 166,B01,1,1,1,0,1,0,-1,0,0,-1,2021,27.0,1,2,0,2,4,2,1,,7,ROMAGNAT (RUE DE),0,,3,3,0,2,(1),(1),1,, -1,1,0,1,50,10,6,5,63,63032,2,1,0,2,ROMAGNAT (RUE DE),45.74884,3.09331,23,2,2
202100041063,128Â 207,C01,2,2,1,4,1,0,-1,-1,0,-1,2021,54.0,2,2,0,2,3,5,1,,4,BONTEMPS (AVENUE DU),0,,2,2,0,1,(1),(1),1,, -1,1,0,1,30,5,5,1,95,95127,2,3,0,5,BONTEMPS (AVENUE DU),49.053028,2.017849,11,5,3
202100034801,139Â 506,A01,10,3,2,5,0,-1,-1,4,3,2,2021,7.0,2,1,0,2,1,17,1,,4,WILSON AVENUE DU PRESIDENT,0,,1,1,0,1,1,0,1,, -1,1,9,8,50,12,6,1,93,93063,2,9,0,3,WILSON AVENUE DU PRESIDENT,48.883,2.42965,12,2,1
202100022091,162Â 138,B01,4,2,2,0,1,0,-1,-1, -1,-1,2021,72.0,3,2,0,2,3,1,1,,3,RD 400 (Rocade),0,,2,2,0,1,0,0,2,, -1,1,0,1,90,28,8,1,18,18205,1,1,0,1,RD 400 (Rocade),47.1018809898,2.3329561691,11,4,2
202100033125,142Â 546,A01,1,1,1,2,1,-1,-1,0,0,-1,2021,39.0,0,2,0,2,1,1,0,,4,,-1,,2,1,0,1,(1),(1),1,,3,2,0,1,90,22,6,1,14,14194,1,1,1,1,Chemin de la Bunoserie,49.096829,0.391125,8,4,2
202100011272,181Â 586,A01,1,1,1,3,1,-1,-1,0,0,-1,2021,33.0,2,2,0,2,3,1,1,,3,725,0,,2,2,0,1,7,50,3,,"6,3",1,0,1,80,22,10,3,79,79005,1,1,0,1,,46.815451,-0.085423,20,3,2
202100033598,141Â 712,B01,1,1,1,1,1,-1,-1,-1, -1,-1,2021,50.0,2,2,14,0,4,23,1,,2,136,0,,3,4,0,1,10,600,2,, -1,1,0,1,90,18,6,1,35,35206,1,1,0,4,PORTE DE BREQUIGNY,48.079185,-1.694893,15,4,4
202100003368,195Â 738,B01,1,1,1,5,2,-1,-1,0,0,-1,2021,55.0,3,1,0,2,8,1,0,,4,,-1,,2,2,0,1,(1),(1),1,,5,1,0,1,80,12,12,5,971,97128,1,2,0,3,Route de Gentilly,16.274634,-61.368417,18,2,2
202100042911,124Â 966,A01,1,1,1,9,2,6,-1,0,0,-1,2021,34.0,2,1,0,2,1,13,1,,4,RUE BRILLAT SAVARIN,0,,2,2,0,2,(1),(1),1,, -1,1,0,1,50,23,4,1,75,75113,2,1,0,1,RUE BRILLAT SAVARIN,48.821928,2.351023,19,2,2
202100006328,190Â 477,B01,1,1,1,0,1,-1,-1,0,0,-1,2021,51.0,2,2,0,2,1,1,1,,3,1001,-1,,2,2,0,2,62,50,1,,7,2,5,1,80,25,11,3,80,80078,1,2,1,1,D183,50.084532,1.928701,19,2,2
202100016596,171Â 969,A01,10,3,1,9,0,-1,-1,1,5,1,2021,23.0,0,2,0,1,1,1,1,,4,2,0,C,2,2,0,1,(1),(1),1,, -1,1,0,1,80,26,8,1,29,29147,1,1,0,6,Route du Trevoux,47.8975086241,-3.5907412787,16,2,1
202100025357,156Â 333,A01,1,1,2,1,8,-1,-1,0,0,-1,2021,30.0,3,2,13,0,1,0,1,,3,237,-1,,2,2,0,2,(1),(1),2,, -1,1,9,1,90,7,8,3,202,202346,1,1,0,6,lieu dit san giabico,42.496055,9.447856,1,1,1
202100049156,113Â 889,A01,1,1,1,1,2,6,-1,-1, -1,-1,2021,56.0,1,1,0,2,1,1,1,,4,"ROULE (AVENUE DU, NÂ° 29 A 91 ET 30 A 86)",0,,2,2,0,1,(1),0,1,, -1,1,0,1,50,5,3,1,92,92051,2,1,0,3,"ROULE (AVENUE DU, NÂ° 29 A 91 ET 30 A 86)",48.88273,2.27645,16,2,2
202100037004,135Â 555,A01,10,3,2,5,8,8,-1,6,1,1,2021,21.0,1,2,0,1,2,1,1,,7,DE GAULLE (RUE CHARLES),0,,2,2,0,1,23,150,1,, -1,1,0,3,50,1,6,1,42,42316,2,1,0,6,Rue Charles de Gaulle,45.39228,4.27124,10,2,1
202100016173,172Â 732,B01,1,1,1,5,8,0,-1,-1, -1,-1,2021,78.0,3,1,0,2,2,15,5,,4,EUROPE (AVENUE DE L'),0,,4,4,0,1,(1),(1),2,, -1,1,5,1,50,28,9,1,37,37261,2,2,0,6,EUROPE (AVENUE DE L'),47.4236709681,0.6930945106,7,2,2
202100022946,160Â 608,A01,1,1,1,9,2,-1,-1,0,0,-1,2021,21.0,2,1,0,9,0,1,1,,3,D1,0,A,2,2,0,2,5,8,1,, -1,1,0,1,80,27,6,3,74,74263,1,1,0,7,Av de Chavannex,46.31694,6.38531,3,2,2
202100014653,175Â 520,A01,10,3,1,2,0,-1,-1,4,3,1,2021,19.0,2,2,0,1,3,15,1,,3,ROSNY (RUE DE),0,,2,2,0,2,1,0,1,, -1,1,0,1,50,7,10,1,93,93048,2,3,0,6,Rue Saint Antoine / Rue de Rosny,48.865,2.45365,15,2,1
202100048566,114Â 942,A01,1,1,1,1,2,0,-1,0,0,-1,2021,18.0,1,1,1,2,1,1,1,,4,RUE CORTAMBERT,0,,1,1,0,1,(1),(1),1,, -1,1,0,1,30,9,3,5,75,75116,2,2,0,3,RUE CORTAMBERT,48.860145,2.27812,21,3,2
202100043672,123Â 613,A01,10,3,1,5,0,-1,-1,2,5,2,2021,2.0,3,2,0,1,1,1,1,,4,984,0,,2,2,0,1,(1),(1),1,, -1,1,0,1,50,17,4,1,1,1244,2,1,1,6,23 Rue des Maisons Neuves,45.905007,5.200973,17,2,1
202100013162,178Â 220,A01,1,1,1,9,2,-1,-1,0,0,-1,2021,23.0,0,1,13,0,7,1,1,,3,508,0, -,2,2,0,1,0,1090,1,, -1,1,0,1,80,14,10,1,50,50401,1,1,0,6,Route de Saint Marcouf,49.470589,-1.766025,17,1,1
202100034829,139Â 455,A01,1,1,2,5,1,-1,-1,0,0,-1,2021,60.0,3,2,2,0,8,1,1,,4,,-1,,2,2,0,1,(1),(1),3,,4,1,0,3,80,13,6,1,79,79195,1,1,0,6,Les Petites Touches,46.924242,-0.554756,7,1,1
202100031105,146Â 140,A01,1,1,2,5,1,8,-1,-1, -1,-1,2021,21.0,1,2,0,2,1,1,1,,4,POMPIDOU (AVENUE GEORGES),0,,2,2,0,1,(1),(1),1,, -1,1,0,1,50,30,6,1,37,37261,2,1,0,5,POMPIDOU (AVENUE GEORGES),47.3859782038,0.7095783949,18,8,4
202100020363,165Â 238,A01,1,1,1,5,2,6,-1,0,0,-1,2021,17.0,1,1,0,0,2,1,1,,3,59,0,,2,2,0,1,48,0,3,, -1,1,0,1,80,8,9,1,35,35219,1,1,0,7,La Moisonnais,47.847028,-1.993691,16,1,1
202100028994,149Â 902,A01,1,1,2,0,1,8,-1,-1, -1,-1,2021,30.0,3,2,0,2,1,1,1,,3,LIBERATION (RTE DE LA),0,,2,2,0,1,0,0,1,, -1,1,0,1,50,14,7,1,94,94019,2,2,0,3,LIBERATION (RTE DE LA),48.79908,2.54502,9,2,2
202100045950,119Â 619,B01,2,2,1,5,1,0,-1,-1, -1,-1,2021,21.0,2,2,0,2,4,1,1,,3,ARRIEU ANSELME (AVENUE),0,,2,2,0,1,25,351,1,, -1,1,0,1,30,30,3,1,31,31483,2,1,0,2,ARRIEU ANSELME (AVENUE),43.11055,0.71729,18,5,2
202100054125,105Â 002,A01,1,1,1,1,2,8,-1,-1, -1,-1,2021,40.0,1,1,0,2,3,1,1,,3,GALLIENI (BOULEVARD) (1/19),0,,2,2,0,1,0,0,1,, -1,9,0,1,50,5,1,2,92,92036,2,1,0,6,GALLIENI (BOULEVARD) (1/19),48.9240036461,2.3227665427,8,2,2
202100050460,111Â 501,B01,1,1,1,1,8,0,-1,-1, -1,-1,2021,39.0,2,1,0,2,7,1,0,,4,VARENNES (RU DES),0,,2,2,0,1,(1),(1),1,, -1,1,0,1,50,22,2,1,45,45235,1,6,0,3,Rue des Varennes,47.94355,1.83416,8,2,2
202100017673,170Â 031,B01,1,1,1,1,2,0,-1,0,0,-1,2021,32.0,1,1,0,2,8,1,5,,4,PORTE DE PANTIN,0,,2,5,1,1,(1),(1),1,, -1,1,0,5,30,21,9,1,75,75119,2,2,0,3,AVENUE DE LA PORTE DE PANTIN,48.8898824096,2.3966277761,9,2,2
202100026126,154Â 993,B01,1,1,2,0,1,0,-1,0,0,-1,2021,27.0,1,2,0,2,4,23,1,,7,MARTYRS (RUE DES),0,,2,2,0,1,(1),(1),1,, -1,1,0,1,50,23,7,1,63,63164,2,6,0,2,MARTYRS (RUE DES),45.8196418179,3.1496172428,16,2,2
202100012239,179Â 844,B01,1,1,1,4,1,0,-1,0,0,-1,2021,40.0,2,5,0,2,7,1,1,,4,BOULEVARD PERIPHERIQUE,0,,1,4,0,1,(1),(1),1,, -1,1,0,1,70,19,10,1,75,75118,2,4,0,3,BOULEVARD PERIPHERIQUE,48.900862,2.366131,9,2,2
202100021757,162Â 737,B01,1,1,1,0,1,8,-1,-1, -1,-1,2021,44.0,1,2,0,2,1,2,1,,2,RN4 - SECTION RIVIERA,0,,2,3,0,1,(1),(1),1,, -1,2,0,1,70,30,8,1,971,97113,2,1,1,4,RN4 - SECTION RIVIERA,16.21769,-61.49296,16,3,3
202100048358,115Â 314,A01,1,1,1,5,2,6,-1,-1,0,-1,2021,63.0,2,1,9,0,1,13,1,,2,RN 184,0,,3,8,0,1,10,600,1,, -1,1,0,1,90,11,3,3,95,95256,1,1,0,6,RN 184,49.05531,2.20221,22,1,1
202100011595,181Â 001,A01,1,1,1,0,1,0,-1,-1, -1,-1,2021,38.0,3,2,8,0,1,13,1,,7,RD 37,0,,1,1,0,2,(1),(1),3,, -1,1,9,8,50,22,10,5,37,37122,2,9,0,6,RD 37,47.3407123145,0.6601271778,18,1,1
202100027141,153Â 196,A01,1,1,1,1,1,-1,-1,0,0,-1,2021,34.0,2,2,0,0,9,1,1,,3,16.1,0,,2,2,0,3,0,210,3,, -1,2,0,1,80,25,7,2,28,28267,1,1,1,7,dÃ©partemtale 16.1,48.760305,1.395049,19,1,1