Num_Acc,id_vehicule,num_veh,place,catu,sexe,trajet,secu1,secu2,secu3,locp,actp,etatp,year_acc,victim_age,senc,catv,obs,obsm,choc,manv,motor,occutc,catr,voie,v1,v2,circ,nbv,vosp,prof,pr,pr1,plan,lartpc,larrout,surf,infra,situ,vma,jour,mois,lum,dep,com,agg_,int,atm,col,adr,lat,long,hour,nb_victim,nb_vehicules
202100033892,141Â 179,A01,1,1,1,0,2,8,-1,-1, -1,-1,2021,27.0,3,1,12,2,1,19,1,,3,FRANCE ANATOLE (BOULEVARD) NR AUTRES,0,,2,2,0,1,0,1,1,, -1,1,5,1,50,16,6,1,93,93066,2,9,1,3,Boulevard Anatole France,48.920016,2.343761,19,3,2
202100051270,110Â 034,B01,1,1,2,1,1,-1,-1,-1, -1,-1,2021,62.0,2,2,0,2,4,23,1,,3,EMILE ZOLA (AVENUE),0,,2,3,0,1,1,820,1,,10,1,5,1,50,15,2,1,79,79329,2,3,0,4,118 Avenue Emile Zola,46.992541,-0.20871,12,3,3
202100036253,136Â 877,A01,1,1,1,5,2,6,-1,-1, -1,-1,2021,31.0,3,1,0,2,1,19,1,,4,CONCHE DU CHAY (DE LA) (AV),0,,2,2,0,1,(1),(1),1,, -1,1,0,1,50,5,6,1,17,17306,2,2,0,3,CARNOT (BD),45.621507,-1.041768,16,2,2
202100012047,180Â 175,A01,1,1,1,5,1,0,-1,0,0,-1,2021,86.0,2,2,8,0,3,9,1,,4,RUE DE LA TOMBE ISSOIRE,0,,1,3,1,1,(1),(1),1,, -1,2,0,1,30,20,10,1,75,75114,2,1,0,6,RUE DE LA TOMBE ISSOIRE,48.831542,2.335005,9,2,1
202100028521,150Â 735,A01,1,1,1,5,0,-1,-1,0,0,-1,2021,38.0,2,2,13,0,1,1,1,,3,712,-1,,2,2,0,1,(1),(1),3,, -1,1,0,3,80,17,7,1,22,22337,1,1,0,7,La Croix Charles Alain,48.360637,-2.299595,20,1,1
202100012677,179Â 057,B01,1,1,1,9,2,8,-1,0,0,-1,2021,52.0,1,1,0,2,1,17,1,,4,BOULEVARD SAINT DENIS,0,,2,0,0,1,(1),(1),1,, -1,1,0,1,30,17,10,1,75,75110,2,2,0,3,BOULEVARD SAINT DENIS,48.869324,2.354254,11,2,2
202100041512,127Â 410,B01,1,1,1,9,2,6,-1,-1, -1,-1,2021,32.0,1,1,0,2,3,0,1,,4,MADAGASCAR. RUE DE,0,,1,2,0,1,(1),(1),2,, -1,1,0,1,50,3,5,1,76,76540,2,9,0,6,MADAGASCAR. RUE DE,49.437,1.06616,14,2,2
202100007446,188Â 443,A01,10,3,1,5,0,-1,-1,4,3,1,2021,23.0,3,2,0,1,2,15,1,,4,COURS LA REINE,0,,1,2,0,1,(1),(1),2,, -1,1,0,1,30,18,11,5,75,75108,2,2,0,6,COURS LA REINE,48.864681,2.313654,17,2,1
202100036209,136Â 966,B01,1,1,1,1,2,6,-1,-1, -1,-1,2021,34.0,2,1,0,2,1,3,1,,2,RN104,0,,3,6,0,2,18,500,1,, -1,1,0,1,110,6,6,1,77,77175,1,1,0,2,RN104,48.6725,2.6115,15,2,2
202100026875,153Â 680,B01,1,1,1,5,0,-1,-1,0,0,-1,2021,15.0,1,1,0,2,1,26,5,,3,151,0,D,2,2,0,2,6,0,3,, -1,2,0,1,50,27,7,1,60,60225,2,3,1,3,Rue de CrÃ¨vecoeur,49.4198483226,2.3615262508,15,2,2
202100045803,119Â 881,A01,1,1,1,1,2,0,-1,-1, -1,-1,2021,34.0,3,1,14,0,2,1,1,,3,PAUL ANDRIEUX (R),0,,2,3,0,1,0,0,1,, -1,1,0,1,50,31,3,1,94,94041,2,1,0,3,PAUL ANDRIEUX (R),48.81254,2.36834,18,1,1
202100013337,177Â 908,A01,1,1,2,0,1,5,-1,-1, -1,-1,2021,39.0,1,2,1,0,3,13,1,,3,3,0,,2,2,2,2,0,0,2,, -1,1,0,1,50,13,10,5,92,92050,2,1,0,6,VAILLANT COUTURIER PAUL RUE,48.879477706,2.2081384855,23,1,1
202100015238,174Â 466,A01,4,2,2,0,8,8,-1,-1, -1,-1,2021,78.0,2,3,0,9,1,26,3,,4,BRISE ECHALAS,0,,1,1,3,2,0,0,1,, -1,2,4,6,30,3,10,1,93,93066,2,1,1,3,Rue Brise Echalas,48.938205,2.345665,11,3,2
202100020594,164Â 818,A01,1,1,1,1,1,0,-1,-1, -1,-1,2021,29.0,2,2,0,2,4,1,1,,3,69,0,,2,2,0,1,0,0,1,, -1,1,0,1,30,6,9,1,92,92040,2,3,0,2,GALLIENI (BOULEVARD),48.829735863,2.2673793102,14,2,2
202100027246,153Â 015,B01,2,2,2,0,1,-1,-1,0,0,-1,2021,66.0,1,2,0,2,4,2,1,,1,61,-1,,3,4,0,1,334,400,1,, -1,1,0,1,130,23,7,1,11,11146,1,1,0,4,A61 - pk 334.400,43.183963,2.474113,11,4,3
202100011841,180Â 554,B01,1,1,1,9,8,0,-1,0,0,-1,2021,24.0,2,0,0,2,1,5,3,,4,RUE DE RENNES,0,,2,3,1,1,(1),(1),1,, -1,1,0,1,30,21,10,5,75,75106,2,7,1,1,RUE DE RENNES,48.844215,2.324233,3,2,2
202100005375,192Â 179,A01,10,3,2,5,0,-1,-1,4,3,1,2021,25.0,1,1,0,1,2,15,1,,4,RUE DE L OURCQ,0,,3,2,0,1,(1),(1),1,, -1,2,0,1,30,1,12,2,75,75119,2,2,0,6,RUE DE L OURCQ,48.892443,2.378918,17,2,1
202100001073,199Â 845,B01,2,1,1,1,2,0,-1,-1, -1,-1,2021,44.0,1,1,0,2,5,26,1,,3,WILSON (AVENUE DU PRESIDENT),0,,3,3,0,1,0,1,1,, -1,2,9,1,50,28,12,3,93,93066,2,2,1,3,WILSON (AVENUE DU PRESIDENT),48.91549,2.35752,8,2,2
202100044540,122Â 105,C01,1,1,1,0,2,6,-1,-1, -1,-1,2021,48.0,1,1,0,2,1,2,1,,1,AUTOROUTE (A1),0,,3,8,0,1,1,700,1,, -1,1,0,1,90,8,4,5,972,97209,1,1,0,4,AUTOROUTE (A1),14.618343554,-61.0361623766,18,3,3
202100055835,102Â 071,A01,10,3,1,9,8,8,-1,4,3,2,2021,14.0,2,2,0,1,1,1,1,,3,GALLIENI (BD),0,,2,2,0,1,1,0,1,, -1,2,0,1,50,7,1,5,94,94033,2,1,1,6,GALLIENI (BD),48.84886,2.47764,18,2,1
202100052771,107Â 401,B01,1,1,1,0,8,0,-1,-1, -1,-1,2021,56.0,1,0,0,2,6,1,3,,4,BOULEVARD DE L'EGALITE,0,,2,2,2,1,0,0,1,, -1,2,0,1,50,29,1,2,44,44109,2,1,1,6,BOULEVARD DE L'EGALITE,47.21263,-1.58627,17,2,2
202100015614,173Â 767,A01,1,1,1,0,8,0,-1,-1, -1,-1,2021,34.0,0,2,8,0,1,1,1,,7,VALBARELLE (BOULEVARD DE LA ),0,,2,2,0,1,0,0,1,, -1,1,0,1,50,2,10,5,13,13211,2,1,0,1,VALBARELLE (BOULEVARD DE LA ),43.288,5.452,6,1,1
202100021486,163Â 234,B01,1,1,2,1,2,0,-1,0,0,-1,2021,26.0,2,0,0,2,2,1,3,,4,RUE DE BELZUNCE,0,,1,1,0,1,(1),(1),1,, -1,1,0,1,30,1,9,1,75,75110,2,1,0,3,RUE DE BELZUNCE,48.879599,2.349972,18,2,2
202100051601,109Â 458,A01,2,2,1,0,2,6,-1,-1, -1,-1,2021,29.0,0,1,0,0,8,1,0,,4,LANDY(RUE):NÂ° 1 AU 43,0,,1,0,0,1,0,0,1,, -1,7,0,1,50,13,2,1,93,93070,2,1,0,7,LANDY(RUE):NÂ° 1 AU 43,48.91614,2.33549,15,2,1
202100025481,156Â 119,Z01,10,3,1,5,0,-1,-1,5,1,2,2021,7.0,2,1,0,1,1,1,3,,4,PASSERELLE DEBILLY,0,,-1,0,0,1,(1),(1),1,, -1,1,6,4,1,4,8,1,75,75116,2,1,0,6,PASSERELLE DEBILLY,48.862744,2.296783,19,2,1
202100025870,155Â 444,A01,1,1,2,5,8,0,-1,0,0,-1,2021,18.0,3,1,0,2,1,15,3,,4,AVENUE SECRETAN,0,,2,3,0,1,(1),(1),1,, -1,1,8,1,50,2,8,1,75,75119,2,2,0,3,AVENUE SECRETAN,48.881255,2.373234,10,2,2
202100045360,120Â 663,B01,1,1,2,0,2,8,-1,-1, -1,-1,2021,73.0,2,0,0,2,3,19,3,,3,AVENUE DE LA CORNICHE D'AZUR,0,,2,2,0,1,112,120,1,, -1,1,0,1,50,2,4,1,83,83061,2,1,0,3,AVENUE DE LA CORNICHE D'AZUR,43.388348,6.724551,17,2,2
202100026474,154Â 376,A01,1,1,1,5,1,8,-1,-1, -1,-1,2021,53.0,2,2,2,0,1,13,1,,3,PONTY (ROUTE DE),0,,2,2,0,1,36,370,3,, -1,1,0,8,50,27,7,1,19,19275,1,1,0,6,PONTY (ROUTE DE),45.5442447242,2.2965030525,15,1,1
202100012463,179Â 429,B01,1,1,1,5,2,0,-1,-1, -1,-1,2021,43.0,2,1,0,2,8,19,1,,4,CLOVIS HUGUES (RUE),0,,2,2,0,2,0,0,1,, -1,1,0,1,50,18,10,5,13,13203,2,2,0,3,CLOVIS HUGUES (RUE),43.3103,5.38543,21,2,2
202100043797,123Â 397,B01,1,1,1,4,1,0,-1,0,0,-1,2021,37.0,1,2,0,2,1,15,1,,4,RUE DE TOLBIAC,0,,2,3,0,1,(1),(1),1,, -1,1,0,1,50,15,4,5,75,75113,2,2,0,3,RUE DE TOLBIAC,48.828479,2.372969,21,2,2
202100014348,176Â 060,B01,1,1,1,9,8,0,-1,-1, -1,-1,2021,18.0,2,1,0,2,1,1,5,,4,CABRIT IMPASSE RUE JOSEPH,0,,1,1,0,1,(1),(1),1,, -1,1,0,1,50,7,10,1,66,66136,2,3,0,3,CABRIT IMPASSE RUE JOSEPH,42.69891,2.88152,13,2,2
202100020083,165Â 725,B01,1,1,2,0,8,0,-1,-1, -1,-1,2021,24.0,3,1,0,2,1,19,5,,4,QUATORZE JUILLET   RUE DU,0,,2,2,0,1,(1),(1),1,, -1,1,0,1,30,8,9,2,17,17291,2,1,0,3,QUATORZE JUILLET   RUE DU,46.17421,-1.11581,19,2,2
202100049787,112Â 751,A01,1,1,1,4,8,0,-1,-1, -1,-1,2021,50.0,0,5,2,0,3,1,3,,4,,0,,1,1,0,2,0,0,1,, -1,1,0,1,30,28,2,1,92,92064,2,1,0,6,PARC SAINT CLOUD,48.8333116027,2.1943473816,14,1,1
202100009521,184Â 692,A01,1,1,1,5,2,6,-1,0,0,-1,2021,29.0,2,1,0,0,0,1,1,,3,675,0,,1,1,0,1,33,500,2,, -1,2,0,1,70,4,11,3,14,14203,1,6,1,7,D675,49.23745,-0.07319111,23,1,1
202100050717,111Â 028,A01,1,1,2,0,1,0,-1,-1, -1,-1,2021,32.0,1,2,0,2,1,26,1,,1,AUTOROUTE A86,0,,3,4,0,1,51,0,1,, -1,1,1,1,70,21,2,1,94,94034,1,1,0,2,AUTOROUTE A86,48.75687,2.33167,15,2,2
202100050056,112Â 266,B01,1,1,1,9,2,0,-1,0,0,-1,2021,34.0,2,1,0,2,2,17,1,,4,RUE MANIN,0,,2,0,0,1,(1),(1),3,, -1,1,0,1,50,26,2,2,75,75119,2,1,0,3,RUE MANIN,48.884966,2.392563,18,2,2
202100003685,195Â 166,B01,1,1,1,9,2,8,-1,0,0,-1,2021,24.0,3,1,0,2,0,1,1,,4,VALENCE (Route de),0,,2,2,0,1,(1),(1),1,, -1,2,0,1,50,8,12,1,26,26198,2,1,0,3,117 Route de Valence,44.58073,4.753132,13,3,2
202100055371,102Â 865,A01,4,2,2,0,1,0,-1,-1, -1,-1,2021,25.0,1,2,0,2,8,1,1,,4,COCHIN (RUE DENYS),0,,2,1,0,1,0,0,1,, -1,2,0,1,50,12,1,5,93,93010,2,3,1,3,COCHIN (RUE DENYS),48.8984803043,2.4949521072,18,5,2
202100000588,200Â 648,B01,4,2,2,0,1,0,-1,-1, -1,-1,2021,32.0,1,2,0,2,4,0,1,,3,7,0,,4,3,0,1,0,0,1,, -1,1,0,1,70,17,12,2,92,92004,2,1,0,2,AULAGNIER ( QUAI ),48.9174931119,2.3199686408,16,4,2
202100008809,186Â 000,A01,1,1,1,5,2,4,6,0,0,-1,2021,57.0,0,1,0,0,0,0,1,,3,123,0,A,2,2,0,2,(1),(1),1,, -1,1,0,1,50,9,11,3,38,38110,2,4,0,7,Rue de Vienne,45.57898,4.880666,19,1,1
202100011740,180Â 740,C01,4,2,2,0,1,8,-1,-1, -1,-1,2021,0.0,2,2,0,2,4,2,1,,1,AUTOROUTE A6,0,,3,6,0,1,10,399,1,, -1,1,0,1,110,22,10,1,91,91689,1,1,0,5,AUTOROUTE A6,48.72965,2.31474,13,7,3
202100006102,190Â 899,B01,1,1,1,1,8,0,-1,0,0,-1,2021,37.0,3,1,0,2,8,15,1,,4,PLACE DE LA CONCORDE,0,,1,2,0,1,(1),(1),1,, -1,1,0,1,30,25,11,1,75,75108,2,7,0,3,PLACE DE LA CONCORDE,48.864078,2.320123,9,2,2
202100054038,105Â 154,B01,2,2,1,4,1,0,-1,-1, -1,-1,2021,34.0,0,5,0,2,3,1,1,,4,CHEMIN DES ISNARDS,0,,2,2,0,1,0,9,1,, -1,1,0,1,50,20,1,1,84,84007,1,1,0,1,CHEMIN DES ISNARDS,43.922108,4.811676,15,3,2
202100032123,144Â 332,A01,1,1,2,0,1,0,-1,-1, -1,-1,2021,51.0,0,2,0,2,2,17,1,,4,PRADO (AVENUE DU),0,,2,4,0,1,1,0,1,, -1,1,0,1,50,25,6,2,13,13208,2,1,0,5,PRADO (AVENUE DU),43.2806663699,5.3866813913,21,8,3
202100051580,109Â 495,A01,1,1,2,3,1,8,-1,0,0,-1,2021,79.0,3,2,0,2,6,19,1,,3,,-1,,2,-1,-1,1,(1),(1),1,, -1,1,0,1,50,12,2,1,54,54159,2,3,0,3,ROSIERES (AVENUE DE),48.61054,6.35294,10,2,2
202100021624,162Â 977,A01,10,3,2,0,0,-1,-1,5,1,1,2021,21.0,1,2,6,1,1,19,3,,4,PL DES CARMES,0,,1,1,0,1,(1),(1),3,, -1,1,0,4,20,31,8,1,31,31555,2,1,0,6,PL DES CARMES,43.59775,1.44428,17,4,2
202100038389,133Â 017,B01,1,1,1,5,1,5,-1,-1, -1,-1,2021,34.0,1,2,0,2,3,0,1,,3,1079,0,,2,2,0,1,28,60,1,, -1,2,0,1,80,24,5,1,1,1451,1,2,1,3,POLLIAT (ROUTE DE ) IMPAIR,46.2357,5.18329,14,4,2
202100030068,148Â 039,B01,1,1,1,5,2,6,-1,0,0,-1,2021,29.0,3,1,0,2,3,1,1,,6,,-1,,-1,-1,0,1,(1),(1),1,,5,1,0,1,50,9,7,1,201,201271,2,1,0,3,Zone Industrielle de Baleone,41.952325,8.796262,12,2,2
202100048423,115Â 202,B01,1,1,2,1,8,0,-1,-1, -1,-1,2021,48.0,1,1,0,2,1,26,5,,4,ENDOUME (RUE D'),0,,-1,2,0,1,(1),(1),1,, -1,1,0,1,50,11,3,1,13,13207,2,2,0,1,ENDOUME (RUE D'),43.289372,5.366382,8,2,2
202100003792,194Â 978,B01,1,1,2,0,1,-1,-1,0,0,-1,2021,35.0,2,2,3,2,1,2,1,,3,D942,0,D,3,4,0,4,0,0,1,, -1,1,0,1,90,8,12,2,84,84129,1,1,1,4,CD942,43.985713,4.890482,16,3,3
202100017083,171Â 095,A01,1,1,1,1,1,0,-1,-1, -1,-1,2021,35.0,1,2,0,9,4,23,1,,2,PARIS (R DE),0,,3,2,0,1,0,0,1,, -1,1,0,1,50,25,9,1,94,94078,2,7,0,2,PARIS (R DE),48.74578,2.44664,14,2,2
202100054898,103Â 681,C01,1,1,2,5,1,0,-1,-1, -1,-1,2021,32.0,1,2,0,2,4,1,1,,3,37,0,,3,4,0,1,10,100,1,, -1,2,0,1,90,14,1,1,37,37122,2,1,1,4,RD 37,47.3492548793,0.6461180197,14,4,4
202100053153,106Â 729,A01,10,3,2,5,0,-1,-1,6,9,2,2021,63.0,1,2,1,1,3,13,1,,4,BUREAUX (CHEMIN),0,,2,2,0,1,0,0,1,, -1,1,0,3,30,27,1,1,974,97416,1,9,0,6,BUREAUX (CHEMIN),-21.30317,55.4289,10,3,1
202100012799,178Â 839,B01,1,1,1,5,1,0,-1,-1, -1,-1,2021,30.0,2,2,0,2,6,1,1,,1,A86 EXT,0,,1,5,0,1,47,200,1,, -1,1,0,1,90,17,10,2,94,94073,1,1,0,2,A86 EXT,48.7536989552,2.3792266846,8,2,2
202100024078,158Â 617,A01,1,1,2,5,8,-1,-1,0,0,-1,2021,37.0,2,2,0,0,8,1,1,,1,71,-1,,3,4,3,1,231,100,1,, -1,1,0,1,130,14,8,1,18,18063,1,1,0,7,Autoroute A71 PK231+100,46.879995,2.42167,14,2,1
202100048435,115Â 182,A01,1,1,2,1,2,0,-1,0,0,-1,2021,46.0,1,1,0,2,0,1,5,,4,AVENUE DENFERT ROCHEREAU,0,,2,4,0,1,(1),(1),1,, -1,2,0,1,50,11,3,1,75,75114,2,7,1,3,AVENUE DENFERT ROCHEREAU,48.834487,2.332586,8,2,2
202100049904,112Â 535,A01,10,3,2,3,0,-1,-1,5,2,1,2021,87.0,2,2,0,1,1,20,1,,3,PARIS.(RUE DE),0,,-1,0,0,1,1,0,1,, -1,1,0,4,50,27,2,1,94,94028,2,1,0,6,PARIS.(RUE DE),48.79384,2.46058,10,2,1
202100048124,115Â 725,A01,10,3,1,5,0,-1,-1,9,3,2,2021,10.0,2,2,0,1,2,1,1,,9,RUE NOLLET,0,,1,1,0,1,0,0,2,, -1,2,9,1,20,13,3,1,91,91027,2,1,1,6,RUE NOLLET,48.714,2.39588,18,3,1
202100048081,115Â 804,B01,1,1,1,5,8,-1,-1,0,0,-1,2021,85.0,1,2,0,0,4,2,1,,1,52,0,A,3,5,0,1,1,500,1,, -1,1,0,1,130,11,3,1,13,13040,1,1,0,2,A52 PK001.500 sens AIX EN PROVENCE-AUBAGNE,43.47192,5.56567,10,2,2
202100050755,110Â 959,A01,1,1,2,5,1,0,-1,-1, -1,-1,2021,81.0,1,2,13,0,1,1,1,,7,RD 569,0,,2,2,0,1,11,500,1,, -1,1,0,3,70,20,2,1,13,13047,1,1,0,7,RD 569,43.5450920101,4.9728022703,15,1,1
202100032466,143Â 746,A01,1,1,1,3,2,0,-1,-1, -1,-1,2021,63.0,3,1,0,2,7,25,5,,4,MORANE-SAULNIER (AVENUE),0,,1,2,0,1,(1),(1),1,, -1,1,9,4,50,23,6,1,78,78640,2,1,0,3,MORANE-SAULNIER (AVENUE),48.7854,2.21847,15,2,2
202100011317,181Â 511,B01,1,1,2,5,1,-1,-1,0,0,-1,2021,53.0,1,2,0,2,1,1,1,,3,,-1,,2,2,0,2,10,795,1,,0,1,0,1,50,22,10,1,86,86121,2,3,0,3,Rue de la Frugerie,46.63196,0.079013,16,2,2
202100039294,131Â 364,B01,1,1,1,1,2,6,-1,0,0,-1,2021,30.0,2,1,0,2,2,1,1,,3,KEREQUELLOU CHEMIN DE,0,,2,1,0,1,50,800,1,, -1,1,5,1,70,19,5,1,29,29232,1,3,0,3,Chemin de Kerequellou,47.9666543383,-4.0613329413,15,2,2
202100041488,127Â 447,A01,10,3,1,0,0,-1,-1,2,1,1,2021,7.0,2,2,0,1,1,15,0,,3,LYAUTEY (DU MARECHAL),0,,2,2,0,1,22,183,1,, -1,1,0,1,50,10,3,1,78,78551,2,3,0,6,LYAUTEY (DU MARECHAL),48.89498,2.09547,15,2,1
202100054249,104Â 787,A01,1,1,1,9,1,8,-1,0,0,-1,2021,82.0,2,2,11,0,2,1,1,,4,RUE BEAUBOURG,0,,1,3,3,1,(1),(1),1,, -1,2,0,1,50,21,1,5,75,75103,2,1,1,6,RUE BEAUBOURG,48.862421,2.354131,17,1,1
202100056446,101Â 004,A01,5,2,1,5,0,-1,-1,0,0,-1,2021,17.0,1,2,8,0,1,21,1,,3,76,0,,2,2,0,1,29,520,3,, -1,1,0,3,80,2,1,1,12,12140,1,1,0,6,Les Croups,44.361952,1.932703,16,3,1
202100051195,110Â 163,B01,3,2,2,9,1,0,-1,-1, -1,-1,2021,5.0,2,2,1,0,4,23,1,,3,REPUBLIQUE (AV DE LA),0,,2,2,0,1,1,0,1,, -1,1,0,1,50,17,2,5,94,94046,2,1,0,2,REPUBLIQUE (AV DE LA),48.80498,2.4393,19,3,2
202100022802,160Â 846,B01,1,1,2,9,2,0,-1,0,0,-1,2021,19.0,1,1,0,2,1,1,1,,4,JAURES (BD JEAN),0,,1,3,0,1,(1),(1),1,, -1,1,0,1,50,20,8,1,63,63113,2,2,0,3,JAURES (BD JEAN),45.7679,3.0841,13,2,2
202100030789,146Â 728,B01,1,1,1,5,2,8,-1,-1, -1,-1,2021,23.0,2,1,0,2,7,1,1,,3,66,0,,2,2,0,1,0,0,1,, -1,1,0,1,50,30,6,1,91,91377,2,3,0,3,AV DU PRESIDENT J F KENNEDY,48.736364,2.292252,16,2,2
202100037695,134Â 283,A01,1,1,1,5,2,6,9,0,0,-1,2021,33.0,1,1,0,0,9,15,1,,3,81,-1,,2,2,0,2,192,200,2,, -1,1,0,1,80,30,5,1,202,202314,1,1,0,7,Casa Ã  Casta,42.664561,9.211087,14,1,1
202100038102,133Â 557,A01,2,2,1,5,1,-1,-1,0,0,-1,2021,31.0,1,2,14,0,1,1,1,,3,950,-1,,2,2,0,1,9,400,1,, -1,1,0,1,80,25,5,3,36,36165,1,1,1,6,,46.670864,1.004584,1,2,1
202100046284,119Â 047,B01,1,1,2,5,8,-1,-1,0,0,-1,2021,74.0,3,2,0,2,3,15,1,,3,104,-1,,2,2,0,1,7,310,1,, -1,1,0,1,80,29,3,1,64,64153,1,3,0,3,RD 104,43.513094,-0.194401,10,3,2
202100047990,115Â 959,B01,1,1,1,5,2,-1,-1,0,0,-1,2021,81.0,1,1,0,2,8,19,5,,3,9,-1,,2,2,0,1,(1),(1),1,, -1,1,0,1,70,15,3,1,14,14098,1,2,0,3,Rue de la Guinguette,49.177049,-0.513296,9,2,2
202100018119,169Â 229,A01,10,3,2,5,0,-1,-1,5,1,2,2021,39.0,1,1,0,1,4,2,5,,7,GENERAL LECLERC (DU)                (PL),0,,2,1,1,2,0,1,1,, -1,1,0,5,50,18,9,4,69,69142,2,1,0,6,GENERAL LECLERC (DU) (PL),45.7266290567,4.816009571,3,2,1
202100003168,196Â 103,A01,10,3,1,2,0,-1,-1,2,3,1,2021,12.0,2,2,0,1,7,1,1,,4,R ETIENNE DOLET ,0,,3,2,0,1,1,0,1,, -1,1,0,1,30,13,12,5,94,94002,1,1,0,6,Rue Etienne Dolet,48.791529,2.425625,17,2,1
202100045336,120Â 702,A01,1,1,1,0,2,8,-1,-1, -1,-1,2021,32.0,2,1,14,0,9,12,1,,2,RN12,0,,3,4,0,1,23,0,1,, -1,9,0,1,110,2,4,3,78,78646,1,1,0,7,RN12,48.7918,2.09688,21,1,1
202100005261,192Â 378,A01,1,1,1,0,1,-1,-1,-1, -1,-1,2021,21.0,2,2,0,2,1,15,1,,7,LYON (DE) (D 518)                   (RO),0,,2,4,1,1,2,400,1,, -1,1,0,1,50,30,11,5,69,69290,1,2,0,1,LYON (DE) (RTE),45.70748,4.90773,19,2,2
202100052703,107Â 525,A01,10,3,2,1,0,-1,-1,3,3,1,2021,48.0,1,2,0,1,2,1,1,,4,DEUX GARES (RUE DES),0,,2,2,0,2,0,0,1,, -1,2,0,1,50,27,1,1,92,92063,2,1,1,6,DEUX GARES (RUE DES),48.8874116912,2.1703482736,9,2,1
202100049342,113Â 562,A01,1,1,1,1,1,0,-1,-1, -1,-1,2021,47.0,1,4,4,2,0,26,1,,1,AUTOROUTE A86,0,,3,10,0,4,15,500,1,, -1,2,0,1,90,4,3,1,93,93027,1,1,0,6,AUTOROUTE A86,48.92203,2.37829,15,1,1
202100049068,114Â 051,B01,1,1,2,0,1,0,-1,-1, -1,-1,2021,41.0,1,2,0,2,1,0,1,,3,PAUL RAOULT (AVENUE),0,,3,4,0,1,5,816,1,, -1,1,5,1,50,4,3,1,78,78440,2,3,0,3,PAUL RAOULT (AVENUE),48.99496,1.91369,11,2,2
202100048697,114Â 709,A01,1,1,1,1,2,6,-1,0,0,-1,2021,30.0,3,1,0,2,1,17,1,,4,AVENUE DE NOGENT,0,,2,2,1,1,(1),(1),1,, -1,1,0,1,50,9,3,1,75,75112,2,2,0,3,AVENUE DE NOGENT,48.844286,2.442358,9,2,2
202100014614,175Â 592,A01,10,3,1,1,0,-1,-1,3,3,1,2021,48.0,2,1,0,1,2,2,1,,4,BLUM  BOULEVARD LEON (inf 51),0,,3,4,0,2,(1),(1),1,, -1,1,0,1,50,7,10,5,25,25056,2,2,0,6,BLUM  BOULEVARD LEON (inf 51),47.26335,6.04739,7,2,1
202100032006,144Â 533,B01,1,1,2,0,1,0,-1,-1, -1,-1,2021,62.0,1,2,1,2,3,1,1,,3,ANDRE MORIZET (AVENUE) 1/47 - 2/52,0,,2,2,0,1,0,0,1,, -1,2,0,1,50,27,6,1,92,92012,2,2,1,3,ANDRE MORIZET (AVENUE) 1/47 - 2/52,48.835015039,2.2412954271,11,4,2
202100031022,146Â 286,A01,1,1,1,1,1,0,-1,-1, -1,-1,2021,62.0,1,2,0,2,1,1,1,,3,FRANCE LIBRE (BOULEVARD DE LA),0,,2,2,0,1,0,0,1,, -1,1,0,1,50,28,6,1,66,66136,2,1,0,1,FRANCE LIBRE (BOULEVARD DE LA),42.70742,2.90802,15,2,2
202100037917,133Â 891,A01,2,2,2,5,1,-1,-1,0,0,-1,2021,83.0,2,2,0,2,3,9,1,,2,67,-1,,2,2,0,4,46,650,2,, -1,1,0,1,80,28,5,1,52,52230,1,9,0,3,N67 PK46.650,48.321346,5.119999,17,3,2
202100020104,165Â 689,A01,10,3,2,5,0,-1,-1,2,3,2,2021,74.0,0,1,0,1,2,5,5,,4,AVENUE PAUL DOUMER,0,,2,2,0,1,(1),(1),1,, -1,1,0,1,30,8,9,1,75,75116,2,4,0,6,AVENUE PAUL DOUMER,48.861789,2.285728,14,2,1
202100055144,103Â 245,A01,1,1,1,1,2,6,-1,-1, -1,-1,2021,44.0,1,1,0,2,3,3,1,,1,A86 INT,0,,1,3,0,1,45,0,2,, -1,2,0,1,90,13,1,1,94,94073,1,1,1,2,A86 INT,48.7700640244,2.3810429395,9,2,2
202100018913,167Â 839,B01,2,2,1,5,1,-1,-1,-1,0,-1,2021,35.0,3,2,0,2,8,1,1,,4,DELEUZE ARMAND,0,,2,0,0,1,(1),(1),1,, -1,1,0,1,50,14,9,1,95,95280,2,2,0,3,Rue Armand Deleuze,49.03429,2.45935,18,3,2
202100054095,105Â 054,B01,1,1,1,9,2,6,-1,0,0,-1,2021,32.0,1,1,0,2,8,15,1,,4,QUAI DE LA TOURNELLE,0,,1,3,1,1,(1),(1),1,, -1,1,0,1,50,22,1,5,75,75105,2,4,0,2,QUAI DE LA TOURNELLE,48.849593,2.356117,19,2,2
202100027662,152Â 275,A01,1,1,1,5,2,6,-1,-1, -1,-1,2021,74.0,2,1,0,2,1,13,1,,1,AUTOROUTE A 62,0,,3,4,0,1,5,670,1,, -1,1,0,1,130,22,7,1,33,33080,1,1,0,3,AUTOROUTE A 62,44.725735,-0.52659,8,3,2
202100039925,130Â 222,B01,1,1,1,0,8,-1,-1,-1, -1,-1,2021,19.0,2,2,0,2,9,0,1,,4,REMY CACHET                         (IM),0,,2,2,0,1,(1),(1),1,, -1,1,0,1,30,13,5,5,69,69256,2,1,0,4,REMY CACHET (IMP),45.7769725032,4.9146738666,22,3,3
202100043991,123Â 049,A01,2,2,1,4,1,0,-1,-1, -1,-1,2021,49.0,2,5,6,0,1,14,1,,1,A50-Sens Aubagne vers Marseille,0,,1,2,0,1,15,50,2,, -1,1,2,3,90,14,4,1,13,13005,1,1,0,6,A50-Sens Aubagne vers Marseille,43.284799,5.571572,9,2,1