Num_Acc,id_vehicule,num_veh,place,catu,sexe,trajet,secu1,secu2,secu3,locp,actp,etatp,year_acc,victim_age,senc,catv,obs,obsm,choc,manv,motor,occutc,catr,voie,v1,v2,circ,nbv,vosp,prof,pr,pr1,plan,lartpc,larrout,surf,infra,situ,vma,jour,mois,lum,dep,com,agg_,int,atm,col,adr,lat,long,hour,nb_victim,nb_vehicules
202100042073,126Â 422,B01,1,1,1,0,2,0,-1,-1, -1,-1,2021,34.0,1,1,0,2,1,17,0,,3,SAINT DENIS (RUE DE),0,,2,2,0,1,0,1,1,, -1,1,0,1,50,29,4,1,93,93001,2,1,0,3,SAINT DENIS (RUE DE),48.9220676066,2.3733702364,19,2,2
202100026260,154Â 761,A01,10,3,1,0,8,8,-1,0,1,1,2021,27.0,2,2,0,1,3,15,5,,3,PELLETIER (ROUTE DE),0,,2,1,0,1,2,0,1,, -1,1,9,8,30,29,7,1,972,97213,1,9,0,6,PELLETIER (ROUTE DE),14.65685,-60.97979,8,2,1
202100001609,198Â 924,B01,1,1,1,0,2,6,-1,0,0,-1,2021,34.0,0,1,0,2,1,1,1,,4,PONT DU GAT RUE (302),0,,2,2,0,1,(1),(1),1,, -1,1,0,1,50,23,12,1,26,26362,2,2,0,3,12 Rue Pont du Gat,44.928523,4.894997,10,2,2
202100022477,161Â 456,A01,2,2,2,5,1,0,-1,-1, -1,-1,2021,15.0,1,2,0,2,2,11,1,,4,JEAN MONNET (BD),0,,4,12,0,1,1,0,1,, -1,1,0,1,50,26,8,5,94,94079,2,2,0,3,Boulevard Jean Monnet,48.83495,2.54713,21,3,2
202100003334,195Â 800,B01,1,1,1,5,1,-1,-1,0,0,-1,2021,80.0,3,5,0,2,8,1,1,,4,32,-1,,2,2,0,1,(1),(1),1,,4,1,0,1,50,13,12,1,29,29055,2,2,0,3,Route de Lannilis,48.563786,-4.338226,8,2,2
202100007045,189Â 162,B01,1,1,2,9,1,8,-1,0,0,-1,2021,35.0,3,2,0,2,8,1,2,,4,AVENUE DE LA PORTE CHAUMONT,0,,2,2,0,1,(1),(1),1,, -1,1,0,1,30,20,11,1,75,75119,2,5,0,3,AVENUE DE LA PORTE CHAUMONT,48.886244,2.396738,14,3,2
202100049680,112Â 937,B01,1,1,1,1,2,0,-1,-1, -1,-1,2021,57.0,0,1,0,2,3,1,1,,3,THIERS (AVENUE),0,,1,2,0,2,1,593,1,, -1,1,0,1,50,1,3,1,93,93062,2,1,0,3,THIERS (AVENUE),48.8988665812,2.5187691159,8,2,2
202100009917,183Â 964,A01,1,1,1,9,2,6,-1,0,0,-1,2021,29.0,1,1,4,0,1,1,1,,4,AVENUE DU GENERAL LECLERC,0,,2,2,1,1,(1),(1),1,, -1,1,8,1,50,1,11,3,75,75114,2,3,0,6,AVENUE DU GENERAL LECLERC,48.831211,2.329784,6,1,1
202100002774,196Â 807,A01,10,3,2,5,0,-1,-1,2,3,2,2021,31.0,3,2,0,1,8,1,2,,4,MONTAIGNE RUE,0,,2,2,0,3,(1),(1),1,, -1,1,0,1,50,15,12,5,29,29232,2,1,0,6,Rue Montaigne,47.9838,-4.10373,18,3,1
202100008288,186Â 903,A01,1,1,1,9,1,-1,-1,0,0,-1,2021,81.0,1,2,17,0,3,13,1,,3,375,0,,2,2,0,1,11,973,1,, -1,2,0,3,80,13,11,1,51,51386,1,1,0,7,D375,48.810534,3.540291,16,1,1
202100028063,151Â 552,B01,1,1,1,5,0,-1,-1,0,0,-1,2021,66.0,1,1,0,2,1,1,5,,3,788,-1,D,2,2,0,1,16,(1),1,, -1,1,0,3,50,20,7,1,22,22353,2,1,0,1,Route de Poull Palud,48.825316,-3.492633,18,2,2
202100006381,190Â 389,A01,1,1,1,0,2,0,-1,-1, -1,-1,2021,40.0,1,1,12,0,0,13,1,,3,PATRICK SAINT ELOI ( AVENUE ),0,,1,2,0,1,(1),(1),1,, -1,1,0,1,50,10,9,1,971,97101,1,1,0,7,PATRICK SAINT ELOI ( AVENUE ),16.25505,-61.52204,13,1,1
202100048249,115Â 505,A01,10,3,2,3,0,-1,-1,3,3,1,2021,65.0,1,2,0,1,1,1,1,,3,MARQUI (AVENUE ALEXANDRE),0,,2,3,0,1,0,583,1,, -1,1,9,1,50,7,3,1,65,65286,2,1,0,6,MARQUI (AVENUE ALEXANDRE),43.102507,-0.043471,11,2,1
202100027605,152Â 380,A01,1,1,1,1,8,-1,-1,0,0,-1,2021,28.0,3,1,0,2,8,9,1,,3,939,0,D,2,2,0,1,127,150,1,,5,1,5,1,50,22,7,5,62,62647,2,3,0,3,D939,50.379014,2.101607,23,2,2
202100054022,105Â 180,A01,1,1,1,5,2,0,-1,-1, -1,-1,2021,59.0,1,1,0,0,9,1,1,,1,AUTOROUTE A3,0,,3,6,0,1,12,0,1,, -1,2,0,1,110,23,1,1,93,93005,1,1,1,7,AUTOROUTE A3,48.94163,2.47861,11,1,1
202100036547,136Â 390,B01,1,1,1,0,1,-1,-1,0,0,-1,2021,56.0,1,2,0,2,3,1,1,,3,504,-1,D,2,2,0,2,37,800,3,, -1,2,0,1,80,4,6,1,69,69192,1,1,1,1,D504 - Col du Parasoir,46.0301783874,4.5378577709,20,2,2
202100041644,127Â 166,A01,10,3,1,2,0,-1,-1,3,3,2,2021,3.0,1,2,0,1,1,1,1,,4,GASTE,0,,1,1,0,2,(1),(1),1,, -1,1,5,1,50,29,4,1,29,29019,2,2,0,6,Rue de GastÃ©,48.3909881843,-4.4766322151,16,2,1
202100000638,200Â 566,B01,1,1,1,0,1,8,-1,-1, -1,-1,2021,35.0,1,2,0,2,4,1,1,,4,,0,,2,2,0,1,0,0,1,, -1,1,0,1,50,31,12,1,92,92036,2,1,0,2,MARCEL ROYER (RUE),48.9144930756,2.2974005342,17,2,2
202100041407,127Â 589,B01,1,1,1,5,2,6,-1,0,0,-1,2021,41.0,2,1,0,2,8,1,1,,4,BOULEVARD LEFEBVRE,0,,3,4,1,2,(1),(1),1,, -1,1,0,1,50,4,5,1,75,75115,2,3,0,3,BOULEVARD LEFEBVRE,48.832694,2.288371,16,2,2
202100036485,136Â 486,A01,1,1,1,1,2,0,-1,-1, -1,-1,2021,39.0,1,1,0,2,1,19,1,,3,PAVE NEUF (AVENUE),0,,3,2,0,1,0,1,1,, -1,1,0,1,50,3,6,1,93,93051,2,1,0,2,Avenue du Pave Neuf,48.84033,2.55111,17,2,2
202100007468,188Â 401,B01,1,1,1,0,2,6,-1,-1, -1,-1,2021,27.0,2,1,0,2,2,0,1,,3,BOURNARD (RUE DU),0,,2,2,0,2,0,0,3,, -1,1,0,1,50,18,11,5,92,92025,2,1,0,1,BOURNARD (RUE DU),48.92352,2.25955,1,3,2
202100042024,126Â 506,A01,10,3,2,0,0,-1,-1,1,3,1,2021,71.0,3,2,0,1,1,15,1,,4,VERRIER (RUE),0,,2,2,0,1,(1),(1),1,, -1,1,0,1,30,29,4,1,51,51454,2,1,0,7,Rue Verrier,49.2528240449,4.0565058758,15,2,1
202100043687,123Â 592,A01,1,1,1,5,1,-1,-1,0,0,-1,2021,20.0,2,2,2,0,3,1,1,,3,511,-1,,2,2,0,1,31,500,1,, -1,1,0,3,90,18,4,3,14,14345,1,1,0,6,D511,48.968808,-0.099993,5,1,1
202100031967,144Â 605,A01,2,2,2,-1,0,-1,-1,-1, -1,-1,2021,19.0,2,1,3,0,0,0,-1,,7,,-1,,2,-1,-1,2,1,700,3,, -1,1,0,1,80,27,6,1,76,76131,1,1,0,7,CÃ´te de la Maison BrÃ»lÃ©e (D132),49.348195,0.931084,17,2,1
202100002074,198Â 091,A01,1,1,2,3,1,-1,-1,0,0,-1,2021,85.0,3,2,0,0,3,0,1,,3,790,-1,,2,2,0,4,(1),(1),2,, -1,1,0,1,80,21,12,5,22,22074,1,1,0,5,La Croix Burlot,48.33297,-3.027908,18,4,3
202100009492,184Â 742,A01,1,1,2,0,8,0,-1,-1, -1,-1,2021,50.0,1,2,2,0,3,11,1,,3,920,0,,1,2,0,1,0,0,1,, -1,1,0,1,50,4,11,5,92,92002,2,1,0,6,RAYMON ARON (AVENUE),48.767728329,2.3107123375,1,1,1
202100042966,124Â 872,A01,1,1,1,1,2,-1,-1,0,0,-1,2021,17.0,2,1,0,2,1,1,1,,7,956,-1,,2,2,0,1,20,(1),1,, -1,1,0,1,50,24,4,1,84,84089,2,1,0,2,D956,43.704328,5.510073,12,2,2
202100053724,105Â 706,A01,10,3,1,0,0,-1,-1,2,5,1,2021,57.0,1,2,0,1,1,26,1,,7,CLEMENTEL (BD ETIENNE),0,,3,4,0,1,32,700,1,, -1,1,0,1,50,23,1,2,63,63113,2,1,0,6,CLEMENTEL (BD ETIENNE),45.80258,3.11051,18,2,1
202100017930,169Â 575,A01,9,2,1,9,1,-1,-1,0,0,-1,2021,23.0,1,2,0,2,1,1,1,,1,83,0,,3,2,0,1,34,950,1,, -1,1,0,1,-1,14,9,1,85,85065,1,1,0,1,A83,46.864945,-1.28407,14,3,2
202100050136,112Â 110,C01,3,2,1,0,1,5,-1,-1, -1,-1,2021,2.0,1,2,0,2,4,2,1,,1,A13,0,,3,4,0,1,21,399,1,, -1,1,0,1,110,26,2,1,78,78133,1,1,0,4,A13,48.890981,2.009577,13,9,5
202100038814,132Â 238,A01,1,1,1,5,0,-1,-1,0,0,-1,2021,73.0,3,0,0,0,0,1,3,,4,,-1,,2,2,1,1,(1),(1),1,, -1,2,0,5,-1,23,5,1,80,80713,2,1,1,7,13 rue du bout d'Amont,50.282406,1.596997,16,1,1
202100047411,117Â 024,A01,10,3,2,3,0,-1,-1,4,3,1,2021,65.0,2,5,0,1,4,20,1,,4,,0,,2,3,0,1,0,0,1,, -1,1,0,1,50,19,3,1,92,92044,2,3,0,6,ALSACE (RUE) NÂ°1 A 17 ET 2 A 18,48.89042,2.29366,13,2,1
202100055778,102Â 163,B01,1,1,1,0,1,0,-1,-1, -1,-1,2021,55.0,1,2,0,2,1,1,1,,4,ESCALETTE (RUE),0,,2,0,0,1,(1),(1),1,, -1,2,0,1,30,7,1,5,59,59421,2,2,1,3,ESCALETTE (RUE),50.69918,3.14576,19,2,2
202100043204,124Â 434,B01,1,1,1,9,2,6,-1,0,0,-1,2021,42.0,2,1,0,2,1,1,1,,4,RUE DE LISBONNE,0,,1,1,0,1,(1),(1),1,, -1,1,0,1,50,21,4,1,75,75108,2,2,0,3,RUE DE LISBONNE,48.877746,2.315596,19,3,2
202100031730,145Â 043,A01,10,3,1,5,0,-1,-1,3,3,1,2021,64.0,1,5,0,1,8,1,1,,4,RUE BERZELIUS,0,,2,2,0,1,(1),(1),1,, -1,2,0,1,30,29,6,1,75,75117,2,3,0,6,RUE BERZELIUS,48.891917,2.317945,16,2,1
202100020080,165Â 731,C01,1,1,2,1,1,-1,-1,-1, -1,-1,2021,33.0,3,2,0,2,4,23,1,,4,D1215,0,,2,1,0,1,3,670,1,, -1,1,0,1,70,8,9,1,33,33162,2,1,0,4,D1215,44.88691,-0.66681,15,3,3
202100017885,169Â 654,B01,1,1,1,1,1,0,-1,-1, -1,-1,2021,55.0,2,2,0,0,4,1,1,,3,ARISTIDE BRIAND (AV),0,,3,3,0,1,1,0,1,, -1,2,0,1,50,20,9,1,94,94016,2,9,1,2,ARISTIDE BRIAND (AV),48.79342,2.32086,8,2,2
202100043810,123Â 372,A01,10,3,1,5,0,-1,-1,2,3,1,2021,13.0,3,2,0,1,1,1,1,,4,MOULIN (AV. JEAN) COTE PAIRS,0,,1,0,0,1,1,0,1,, -1,1,0,1,50,16,4,1,93,93010,2,1,0,6,MOULIN (AV. JEAN) COTE PAIRS,48.912342,2.479878,18,2,1
202100041798,126Â 895,B01,1,1,1,5,2,-1,-1,-1, -1,-1,2021,20.0,3,1,0,2,7,26,5,,4,RENNES (ROND POINT DE),0,,1,3,0,1,(1),(1),2,, -1,1,5,1,50,1,5,1,35,35278,2,6,0,3,RENNES (ROND POINT DE),48.13757,-1.68626,14,2,2
202100030684,146Â 907,A01,2,2,1,5,1,-1,-1,-1,0,-1,2021,18.0,1,2,14,0,1,14,1,,1,AUTOROUTE A1,0,,3,6,0,1,29,600,1,, -1,2,0,1,130,5,7,3,95,95604,1,1,1,6, A1,49.103547,2.551039,3,2,1
202100029658,148Â 777,A01,1,1,1,5,8,-1,-1,0,0,-1,2021,86.0,2,2,15,0,1,13,1,,3,7,-1,,2,2,0,1,54,700,1,, -1,1,0,3,80,10,7,1,83,83073,1,1,0,6,RN7,43.39583,6.292358,16,1,1
202100038656,132Â 536,B01,1,1,1,5,2,0,-1,-1, -1,-1,2021,27.0,2,1,0,2,1,2,1,,3,AV LE FOLL ,0,,3,3,3,1,1,0,1,, -1,1,5,1,50,23,5,1,94,94077,2,1,0,2,Avenue le Foll,48.73076,2.42556,16,2,2
202100005379,192Â 174,A01,1,1,1,4,2,0,-1,0,0,-1,2021,54.0,2,1,0,2,7,1,1,,4,RUE DU COMMERCE,0,,2,2,0,1,(1),(1),1,, -1,1,0,1,30,1,12,5,75,75115,2,2,0,3,RUE DU COMMERCE,48.846195,2.295181,21,2,2
202100053600,105Â 911,A01,1,1,2,5,1,8,-1,-1, -1,-1,2021,21.0,2,2,0,2,1,1,1,,4,DANIEL MAYER,0,,2,2,0,1,(1),(1),1,, -1,1,0,1,50,25,1,1,37,37261,2,1,0,4,DANIEL MAYER,47.4186419428,0.6874231716,15,3,3
202100001204,199Â 621,B01,1,1,1,5,0,-1,-1,0,0,-1,2021,19.0,2,1,0,2,1,1,3,,4,PRE DE FOIRE ( RUE DU ),0,,2,3,0,2,0,1,1,, -1,2,0,5,50,24,12,5,5,5061,2,3,1,6,PRE DE FOIRE ( RUE DU ),44.55492,6.07456,18,2,2
202100038428,132Â 957,A01,1,1,1,5,1,-1,-1,0,0,-1,2021,66.0,2,2,2,2,1,14,1,,3,79,0,D,2,2,1,1,4,620,4,, -1,1,9,5,70,25,5,1,40,40296,1,1,0,1,Route de Vieux Boucau,43.708555,-1.417451,14,3,3
202100019861,166Â 140,A01,1,1,1,2,2,6,-1,-1, -1,-1,2021,15.0,2,1,0,2,1,1,1,,4,MAUPAS (RUE DU),0,,2,2,0,1,0,0,1,, -1,1,0,1,50,8,9,1,50,50129,2,6,0,2,MAUPAS (RUE DU),49.63419,-1.61365,16,2,2
202100037409,134Â 797,B01,1,1,1,0,1,0,-1,-1, -1,-1,2021,37.0,2,2,0,2,1,1,1,,1,AUTOROUTE A1,0,,1,6,0,1,4,0,1,, -1,2,0,1,90,30,5,5,972,97213,1,1,1,2,AUTOROUTE A1,14.6161149769,-61.0143327713,3,3,2
202100010888,182Â 266,A01,1,1,1,4,2,8,-1,-1, -1,-1,2021,31.0,0,1,0,9,0,26,1,,7,LORRAINE BOULEVARD,0,,1,3,0,1,(1),(1),1,, -1,2,5,1,50,26,10,5,59,59350,2,2,1,6,LORRAINE BOULEVARD,50.63044,3.035,2,2,2
202100022736,160Â 959,B01,1,1,2,0,1,8,-1,-1, -1,-1,2021,31.0,3,2,0,2,3,1,1,,3,ARMISSAN ROUTE D'),0,,2,2,0,1,(1),(1),1,, -1,1,0,1,50,19,8,1,11,11262,2,3,0,3,ARMISSAN ROUTE D'),43.18742,3.01745,11,2,2
202100004985,192Â 878,A01,1,1,1,5,1,-1,-1,0,0,-1,2021,58.0,3,2,0,2,1,13,1,,7,20,-1,,2,2,0,1,(1),(1),1,, -1,1,0,1,90,3,12,1,13,13081,1,1,0,1,Route Departementale No20,43.502869,5.217036,14,3,3
202100034638,139Â 801,B01,1,1,1,5,2,-1,-1,0,0,-1,2021,53.0,2,1,0,2,1,1,5,,3,914,0,,2,2,0,2,4,370,2,, -1,1,9,1,50,13,6,1,73,73091,2,9,0,3,D914 - route du bord du lac,45.795162,5.818162,10,2,2
202100054845,103Â 769,A01,1,1,2,5,1,8,-1,-1, -1,-1,2021,61.0,1,2,0,2,8,10,1,,3,ROUTE NATIONALE 3,0,,2,2,0,1,0,300,1,, -1,1,0,1,70,15,1,1,973,97302,1,1,0,3,ROUTE NATIONALE 3,4.90537,-52.32009,14,2,2
202100025626,155Â 879,B01,1,1,1,5,2,6,-1,0,0,-1,2021,64.0,1,1,0,2,8,3,1,,4,PORTE MAILLOT,0,,1,2,0,1,(1),(1),3,, -1,1,0,1,50,3,8,1,75,75116,2,4,0,3,PORTE MAILLOT,48.875126,2.276671,18,2,2
202100043518,123Â 875,B01,1,1,1,4,1,-1,-1,0,0,-1,2021,43.0,2,4,0,2,3,1,0,,2,6,-1,,2,2,0,4,80,420,1,, -1,1,0,1,80,19,4,1,89,89295,1,1,0,1,N6,47.837936049,3.5518375039,7,2,2
202100037824,134Â 046,B01,1,1,1,2,2,6,-1,-1, -1,-1,2021,23.0,3,1,0,2,1,1,1,,4,JUIN (AV. MAR.),0,,2,2,0,1,(1),(1),3,, -1,1,0,1,50,28,5,1,4,4070,2,1,0,1,Av MarÃ©chal Juin,44.07991,6.21703,8,2,2
202100018277,168Â 953,B01,1,1,1,5,2,6,9,0,0,-1,2021,54.0,0,1,0,2,7,1,1,,4,,-1,,-1,1,0,1,(1),(1),1,,4,1,0,1,50,17,9,2,69,69204,2,6,1,3,CHARLES DE GAULLE (AV),45.681205,4.782915,17,3,2
202100049490,113Â 291,A01,1,1,1,2,2,6,-1,-1, -1,-1,2021,48.0,2,1,0,2,8,21,1,,3,,-1,,2,1,-1,2,3,370,3,, -1,1,0,1,50,2,3,1,64,64102,2,3,0,3,GRAND BASQUE (CHEMIN DU),43.50155,-1.44548,16,2,2
202100015699,173Â 608,A01,1,1,1,5,2,6,-1,0,0,-1,2021,49.0,1,1,2,0,2,1,1,,3,D30,0,A,2,2,0,1,22,903,1,, -1,1,0,1,50,2,10,1,34,34002,2,1,0,7,Avenue du General de Gaulle,43.536649,3.429955,15,1,1
202100046128,119Â 311,B01,1,1,2,5,2,8,-1,-1, -1,-1,2021,57.0,3,1,0,2,5,15,0,,7,CEINTURE DE CAMPS MAJOR (CHEMIN DE),0,,1,2,2,1,0,0,2,, -1,1,5,1,30,29,3,1,13,13005,2,6,0,3,CEINTURE DE CAMPS MAJOR (CHEMIN DE),43.29651,5.58282,14,2,2
202100017510,170Â 324,A01,1,1,2,0,1,0,-1,-1, -1,-1,2021,60.0,0,2,0,2,3,19,2,,4,MARNE (RUE DE LA),0,,2,2,0,1,0,0,1,, -1,1,0,1,50,21,9,5,93,93073,2,2,0,3,Rue de la Marne / Avenue Pierre Colongo,48.93854,2.5809,23,2,2
202100011542,181Â 087,A01,10,3,1,2,0,-1,-1,3,3,2,2021,3.0,1,2,0,1,3,17,1,,3,EGLISE (RUE DE L'),0,,2,2,0,2,0,0,1,, -1,2,6,8,30,22,10,2,91,91312,2,1,0,6,EGLISE (RUE DE L'),48.7418,2.22457,8,3,1
202100018606,168Â 379,B01,1,1,1,9,1,0,-1,0,0,-1,2021,57.0,1,2,0,2,4,2,1,,4,AVENUE EDOUARD VAILLANT,0,,1,2,0,1,(1),(1),1,, -1,1,0,1,30,16,9,1,75,75116,2,4,0,4,ECHANGEUR SAINT CLOUD,48.8386872621,2.2539704813,15,3,3
202100003359,195Â 758,B01,1,1,1,1,2,-1,-1,0,0,-1,2021,28.0,2,1,0,2,1,1,1,,3,101,-1,,2,2,0,1,13,200,1,,6,1,0,1,80,13,12,1,85,85089,1,2,0,3,Rue du Plessis Bergeret,46.706793,-1.321117,13,2,2
202100046860,118Â 016,A01,10,3,2,1,0,-1,-1,1,3,1,2021,27.0,2,2,0,1,3,1,1,,4,RUE DU DOCTEUR ESCHEMBRENNER,0,,2,2,0,1,0,0,1,, -1,1,0,1,30,24,3,1,988,98818,2,3,0,6,RUE DU DOCTEUR ESCHEMBRENNER/RUEDU C.A. JOSEPH DU BOUZET,-22.26612,166.39787,7,2,1
202100010870,182Â 296,A01,1,1,2,9,1,8,-1,-1, -1,-1,2021,20.0,1,2,0,2,4,2,1,,4,MITTELHAUSBERGEN (ROUTE DE),0,,2,3,0,1,0,0,1,, -1,1,0,1,50,25,10,1,67,67482,2,3,0,2,MITTELHAUSBERGEN (ROUTE DE),48.59777,7.71453,17,3,2
202100049543,113Â 199,A01,10,3,1,2,0,-1,-1,2,5,3,2021,13.0,3,2,9,1,1,1,1,,4,CAMELINAT (PLACE),0,,1,1,0,1,0,0,1,, -1,1,0,1,30,2,3,1,93,93005,2,7,0,6,Place Camelinat,48.92862,2.49858,16,2,1
202100009615,184Â 515,A01,1,1,1,9,1,0,-1,0,0,-1,2021,62.0,2,2,0,2,1,13,1,,4,BOULEVARD ORNANO,0,,2,6,3,1,(1),(1),1,, -1,1,-1,6,30,3,11,1,75,75118,2,1,0,5,BOULEVARD ORNANO,48.897309,2.344916,16,3,3
202100031581,145Â 302,B01,1,1,2,0,1,0,-1,-1, -1,-1,2021,36.0,1,2,0,2,1,0,0,,2,NATIONALE  ROUTE,0,,3,4,0,1,33,815,1,, -1,1,0,1,70,30,6,1,17,17291,1,1,0,4,NATIONALE  ROUTE,46.17634,-1.10627,18,3,3
202100013906,176Â 845,A01,1,1,1,1,2,0,-1,-1, -1,-1,2021,30.0,1,1,0,0,2,2,1,,3,SAINT LEU (ROUTE),0,,1,2,0,1,48,900,1,, -1,1,0,1,50,11,10,1,93,93031,2,2,0,3,SAINT LEU (ROUTE),48.94894,2.34213,9,2,2
202100045147,121Â 033,A01,1,1,2,9,0,0,-1,-1, -1,-1,2021,46.0,3,1,0,2,1,1,5,,4,AV BEAUREPAIRE,0,,2,2,0,1,1,0,1,, -1,1,0,1,30,4,4,1,94,94068,2,2,0,3,Avenue Beaurepaire,48.791793,2.474073,17,2,2
202100034624,139Â 825,B01,2,1,1,9,8,0,-1,-1, -1,-1,2021,36.0,1,1,0,2,1,0,1,,3,LAVOISIER (RUE),0,,2,2,0,1,1,0,1,, -1,1,0,1,50,12,6,5,93,93064,2,9,0,1,LAVOISIER (RUE),48.86265,2.4936,21,2,2
202100009152,185Â 352,B01,1,1,2,5,1,-1,-1,0,0,-1,2021,63.0,2,2,0,2,1,1,1,,3,347,-1,D,2,2,0,4,37,990,3,, -1,1,0,1,80,6,11,3,49,49180,2,9,0,1,D347,47.380851,-0.104005,18,2,2
202100037751,134Â 188,B01,1,1,1,4,1,0,-1,-1, -1,-1,2021,77.0,2,2,0,2,1,1,1,,3,BOISSEUIL (RUE DE),0,,2,2,0,2,1,19,1,, -1,1,0,1,80,27,5,1,87,87065,1,2,0,1,BOISSEUIL (RUE DE),45.79076,1.30541,19,4,2
202100024685,157Â 520,A01,1,1,1,5,0,-1,-1,0,0,-1,2021,44.0,1,1,12,0,4,2,5,,3,RD38C,-1,,2,2,0,2,103,(1),1,, -1,1,2,1,50,11,8,1,13,13096,1,1,0,2,D38c,43.546106,4.3505,11,3,3
202100034944,139Â 245,A01,1,1,1,5,2,0,-1,-1, -1,-1,2021,33.0,1,1,0,2,1,2,1,,4,PARIS (AVENUE DE),0,,2,0,0,1,(1),(1),1,, -1,1,0,1,50,11,6,1,86,86194,2,1,0,2,Avenue de Paris,46.591835,0.338173,19,3,2
202100016621,171Â 925,B01,1,1,1,1,2,6,-1,0,0,-1,2021,54.0,3,1,0,0,1,1,1,,6,,-1,,-1,-1,0,1,(1),(1),1,,4,1,0,1,50,18,6,1,73,73007,1,1,0,3,Les Gabelins,45.564237,6.230718,6,2,2
202100011652,180Â 897,B01,1,1,1,4,1,0,-1,-1, -1,-1,2021,55.0,2,2,0,2,4,2,1,,3,CHOISY(ROUTE DE),0,,1,1,0,2,1,0,1,, -1,1,0,1,50,22,10,5,94,94028,2,9,0,4,Route de Choisy,48.77523,2.44012,18,3,3
202100054294,104Â 712,B01,1,1,1,0,2,6,-1,0,0,-1,2021,18.0,1,1,0,2,1,1,1,,3,1006,0,,2,2,0,1,33,694,1,, -1,2,5,1,50,22,1,5,38,38509,2,1,0,1,Rue Pierre Vincendon,45.56585,5.441191,7,2,2
202100016376,172Â 362,B01,1,1,1,0,2,6,-1,-1, -1,-1,2021,46.0,1,1,0,2,2,1,1,,3,JEAN JAURES  (AVE)  157 A 213,0,,2,2,0,1,0,0,1,, -1,1,0,1,50,28,9,1,93,93001,2,1,0,3,JEAN JAURES  (AVE)  157 A 213,48.912683,2.401741,14,2,2
202100034293,140Â 441,A01,1,1,1,5,2,0,-1,-1, -1,-1,2021,20.0,2,1,0,2,1,1,1,,4,Corniche John FitzgÃ©rald Kennedy,0,,2,3,0,1,0,0,1,, -1,1,0,1,50,14,6,5,13,13207,2,3,0,3,Corniche John FitzgÃ©rald Kennedy,43.2773208937,5.3567536403,22,3,2
202100039827,130Â 388,A01,1,1,1,5,1,0,-1,-1, -1,-1,2021,20.0,1,2,13,0,1,26,1,,3,RD 9 ,0,,2,2,0,2,43,600,2,, -1,2,0,8,90,14,5,3,19,19272,1,1,1,6,RD 9 ,45.27337,1.79021,2,1,1
202100017175,170Â 934,A01,1,1,1,5,2,-1,-1,0,0,-1,2021,51.0,1,1,0,2,1,1,1,,3,940,-1,,2,2,0,1,8,300,1,,4,1,0,1,50,25,9,1,62,62390,2,2,0,3,Route de Berck,50.391191,1.60505,16,2,2
202100045773,119Â 932,B01,1,1,2,5,8,0,-1,0,0,-1,2021,21.0,1,1,0,2,1,1,5,,4,GRANDE DELLE (BOULEVARD DE LA),0,,2,2,0,1,1,0,1,, -1,1,0,1,50,30,3,1,14,14327,2,2,0,3,Boulevard de la Grande Delle,49.207,-0.34041,13,2,2
202100029763,148Â 586,A01,1,1,2,5,1,-1,-1,-1, -1,-1,2021,39.0,2,2,0,2,1,19,1,,4,GREUZE    (Rue),0,,2,2,0,1,(1),(1),1,, -1,1,0,1,50,9,7,1,69,69266,2,2,0,3,GREUZE (R),45.77119,4.89368,18,2,2
202100056133,101Â 546,A01,1,1,1,0,1,0,-1,-1, -1,-1,2021,27.0,3,2,0,2,1,26,1,,4,TOULOUSE(BOULEVARD),0,,2,1,0,1,0,0,1,, -1,1,0,1,50,1,1,5,974,97407,2,2,0,3,TOULOUSE(BOULEVARD),-20.94399,55.29038,0,2,2
202100035725,137Â 855,A01,1,1,1,2,2,6,-1,0, -1,-1,2021,17.0,3,1,12,0,1,26,1,,4,BIELEFELD SENNE ( AVENUE DE),0,,2,2,1,2,0,100,1,, -1,1,5,3,50,7,6,1,29,29039,2,1,0,6,Avenue de Bielefeld - Senne,47.8774139745,-3.9105222936,12,1,1
202100022193,161Â 976,A01,1,1,1,0,1,-1,-1,0,0,-1,2021,35.0,1,2,2,0,0,1,1,,3,504,-1,,2,2,0,1,2,500,1,, -1,1,0,3,50,28,8,3,32,32118,2,1,0,6,En Martin,43.533768,0.577195,22,1,1
202100008898,185Â 835,A01,1,1,1,1,1,-1,-1,0,0,-1,2021,30.0,1,5,0,2,2,2,1,,1,1,-1,A,1,3,0,1,62,0,1,,"13,5",1,0,1,130,9,11,3,60,60369,1,1,0,6,A1,49.351957,2.701417,5,1,1
202100044829,121Â 586,A01,1,1,1,4,1,0,-1,-1, -1,-1,2021,48.0,1,5,0,2,1,2,1,,2,34 PK RN11 NANTES ROCADE,0,,3,5,0,1,34,750,1,, -1,1,0,1,50,7,4,1,17,17291,2,1,0,5,34 PK RN11 NANTES ROCADE,46.172873,-1.117782,9,3,3
202100005501,191Â 960,A01,10,3,1,3,0,-1,-1,3,3,2,2021,60.0,1,2,0,1,7,1,1,,4,,0,,2,2,0,1,(1),(1),1,, -1,2,0,1,50,22,11,5,60,60665,1,1,1,6,Avenue de lâEurope,49.408996,2.778855,18,2,1
202100027592,152Â 404,B01,1,1,1,5,2,0,-1,-1, -1,-1,2021,36.0,1,1,0,2,8,1,5,,3,989,0,,1,1,3,1,0,0,1,, -1,1,0,1,50,22,7,2,92,92040,2,3,0,3,GENERAL LECLERC,48.826825,2.278994,21,2,2