Num_Acc,id_vehicule,num_veh,place,catu,sexe,trajet,secu1,secu2,secu3,locp,actp,etatp,year_acc,victim_age,senc,catv,obs,obsm,choc,manv,motor,occutc,catr,voie,v1,v2,circ,nbv,vosp,prof,pr,pr1,plan,lartpc,larrout,surf,infra,situ,vma,jour,mois,lum,dep,com,agg_,int,atm,col,adr,lat,long,hour,nb_victim,nb_vehicules
202100046993,117Â 784,A01,1,1,1,4,1,-1,-1,0,0,-1,2021,61.0,2,4,0,2,1,1,1,,1,42,-1,,1,4,0,1,32,300,1,, -1,1,8,1,90,24,3,1,1,1099,1,1,0,2,"A42, pk 032+300, sens Geneve/Lyon",45.908188,5.239614,7,2,2
202100008403,186Â 713,A01,2,2,1,5,2,8,-1,0,0,-1,2021,20.0,1,1,3,0,8,12,1,,4,,-1,,3,0,0,1,(1),(1),2,,0,1,0,1,50,6,11,1,37,37050,2,1,0,7,Avenue du Professeur Alexandre Minkowski,47.332591,0.684848,15,2,1
202100032383,143Â 885,A01,1,1,1,5,1,-1,-1,0,0,-1,2021,30.0,1,2,16,0,1,0,1,,2,151,0,,2,2,0,1,18,260,1,, -1,1,0,3,80,26,6,3,89,89252,1,1,0,6,N151,47.663718,3.505937,1,1,1
202100024918,157Â 120,A01,1,1,1,5,2,-1,-1,0,0,-1,2021,36.0,1,1,0,0,1,17,1,,3,2,0,,2,2,0,1,(1),600,1,, -1,1,0,1,80,22,7,3,974,97415,1,1,0,3,29 Route de Mafate,-20.973782,55.305168,18,2,2
202100046989,117Â 790,A01,1,1,1,5,0,-1,-1,0,0,-1,2021,9.0,0,1,0,2,1,19,5,,4,,-1,,2,2,0,1,(1),(1),1,, -1,1,0,1,50,24,3,1,28,28116,2,3,0,3,Avenue John Fitzgerald Kennedy,48.449699,1.24977,14,2,2
202100004882,193Â 061,A01,1,1,1,1,0,-1,-1,0,0,-1,2021,23.0,2,2,2,0,1,26,6,,3,36,2,E,2,2,0,1,0,248,2,, -1,1,0,3,50,3,12,3,34,34170,2,1,0,7,Route d Argeliers,43.335534,2.908019,19,1,1
202100033863,141Â 233,B01,1,1,1,0,2,8,-1,-1, -1,-1,2021,19.0,2,1,0,2,1,2,1,,4,AV STALINGRAD,0,,2,2,0,1,0,0,1,, -1,1,0,1,50,16,6,1,13,13004,2,1,0,1,AV STALINGRAD,43.69371,4.63958,17,3,2
202100003134,196Â 165,B01,4,2,2,0,1,0,-1,0,0,-1,2021,10.0,0,2,0,2,2,1,1,,4,SEMARD (RUE PIERRE),0,,3,1,0,2,(1),(1),1,, -1,2,0,1,50,12,12,1,27,27229,2,2,0,3,SEMARD (RUE PIERRE),49.01595,1.16564,12,5,2
202100036182,137Â 019,B01,2,2,1,5,1,-1,-1,0,0,-1,2021,71.0,0,2,0,2,1,13,1,,3,67,-1,,2,2,0,1,(1),(1),3,, -1,1,0,1,50,5,6,1,40,40184,2,1,0,1,Rue de Cadette,44.200932,-1.241348,20,3,2
202100019607,166Â 587,A01,10,3,2,3,0,-1,-1,4,3,1,2021,68.0,1,2,0,1,1,15,1,,4,,0,,1,1,0,1,(1),(1),1,, -1,2,0,1,50,10,9,1,89,89387,2,2,1,6,JEAN JAURES (PLACE),48.199425,3.282632,13,2,1
202100010797,182Â 437,A01,1,1,1,0,2,6,9,0,0,-1,2021,40.0,2,1,0,0,7,1,1,,3,,-1,,-1,1,0,1,9,743,1,,"3,5",1,0,1,80,27,10,3,34,34320,1,3,0,3,D111,43.6637827676,3.7237268686,19,3,2
202100034008,140Â 970,A01,1,1,1,0,2,6,-1,-1, -1,-1,2021,48.0,1,1,0,2,1,13,1,,3,vahibe-Departementale 3 ( route ),0,,2,0,0,2,0,0,4,, -1,1,0,1,70,16,6,1,976,97611,1,1,0,1,vahibe-Departementale 3 ( route ),-12.78655,45.16934,8,2,2
202100024932,157Â 095,A01,1,1,2,1,1,-1,-1,0,0,-1,2021,29.0,2,2,17,0,1,14,1,,3,12,0,,2,2,0,2,0,241,2,, -1,9,0,3,80,10,8,1,81,81175,1,1,0,6,grand champ - RD12,43.959175,1.585894,8,1,1
202100020182,165Â 561,B01,1,1,2,5,0,-1,-1,0,0,-1,2021,86.0,1,1,0,2,8,25,0,,3,223,0,D,3,2,0,1,4,850,3,, -1,1,0,4,50,7,9,1,67,67205,2,1,0,2,72 Rue de la Wantzenau,48.694888,7.786379,9,2,2
202100017769,169Â 853,B01,1,1,1,1,2,6,-1,-1, -1,-1,2021,22.0,2,1,0,2,3,3,1,,1,ROCADE A 630,0,,3,4,0,1,10,133,1,, -1,1,0,1,90,21,9,1,33,33075,1,1,0,3,Rocade Nord A630,44.881504,-0.624724,10,2,2
202100040821,128Â 659,A01,2,2,2,5,2,-1,-1,0,0,-1,2021,49.0,2,1,13,0,8,1,1,,3,23,0,,2,2,0,2,26,700,1,, -1,1,0,3,80,8,5,1,21,21397,1,1,0,6,rd23,47.056507,4.73435,18,2,1
202100015812,173Â 411,A01,1,1,1,0,1,-1,-1,0,0,-1,2021,65.0,3,2,0,0,3,1,1,,3,8,0,D,2,2,0,2,(1),(1),2,, -1,2,0,3,80,2,10,1,22,22115,1,1,1,7,Lan Croajou,48.350749,-3.219432,12,1,1
202100022294,161Â 783,Z01,2,2,1,5,2,0,-1,0,0,-1,2021,15.0,1,1,0,0,1,1,1,,4,RUE DES DOCTEURS DEJERINE,0,,1,1,1,1,(1),(1),1,, -1,1,0,1,50,26,8,5,75,75120,2,1,0,3,RUE DES DOCTEURS DEJERINE,48.856079,2.411937,21,3,2
202100038810,132Â 243,A01,1,1,1,1,2,6,-1,0,0,-1,2021,37.0,2,1,0,0,1,1,1,,3,RD204,0,,2,2,0,1,21,255,1,, -1,2,0,1,50,22,5,1,62,62524,2,1,1,7,D204 ROUTE DE DESVRES,50.654003,1.810995,17,1,1
202100019784,166Â 283,A01,1,1,1,0,2,-1,-1,0,0,-1,2021,58.0,1,1,13,0,8,1,1,,3,115,-1,,2,2,0,1,30,600,3,, -1,1,0,1,80,10,9,1,17,17327,1,1,0,7,D115,46.091715,-0.612458,19,1,1
202100011402,181Â 341,A01,1,1,1,5,1,0,-1,-1, -1,-1,2021,59.0,2,5,10,0,1,1,1,,3,ROCADE SUD RD 6161,0,,1,2,0,2,1,0,2,, -1,1,5,3,80,23,10,3,11,11069,2,3,0,6,ROCADE SUD RD 6161,43.20421,2.3868,21,2,2
202100000060,201Â 641,B01,1,1,1,0,1,-1,-1,0,0,-1,2021,27.0,0,2,0,2,3,1,0,,7,21,-1,,2,2,0,1,0,0,1,, -1,1,5,1,80,5,8,1,13,13014,1,1,0,1,Route Departementale 21f,43.490027,5.199258,7,2,2
202100002702,196Â 941,B01,1,1,1,0,2,-1,-1,0,0,-1,2021,61.0,1,1,0,2,3,2,1,,2,113,-1,,2,2,0,1,0,254,1,, -1,1,5,1,70,18,12,1,34,34145,1,3,0,3,Avenue du Vidourle,43.691692,4.162166,12,3,2
202100051138,110Â 266,B01,1,1,1,0,1,0,-1,-1, -1,-1,2021,49.0,2,5,0,2,4,1,1,,1,A7-Sens Marseille vers Lyon,0,,1,3,0,1,264,500,1,, -1,1,1,1,110,17,2,1,13,13071,1,1,0,5,A7-Sens Marseille vers Lyon,43.41112,5.28372,15,3,3
202100049016,114Â 145,A01,1,1,1,5,0,-1,-1,0,0,-1,2021,18.0,0,2,2,0,3,1,1,,4,,-1,,2,2,0,4,(1),(1),1,, -1,1,0,3,-1,7,3,3,85,85217,1,1,0,6,La LiniÃ¨re,46.949621,-1.280293,3,4,1
202100050398,111Â 608,A01,1,1,1,1,1,-1,-1,0,0,-1,2021,37.0,1,2,6,2,7,17,1,,3,212,0,,2,2,0,1,15,950,1,, -1,1,5,1,80,24,2,1,72,72344,1,1,0,3,Rue d'Arnage,47.913538,0.162515,13,2,2
202100010789,182Â 451,A01,1,1,1,5,8,-1,-1,0,0,-1,2021,67.0,1,2,0,2,1,17,1,,3,22,-1,,2,2,0,1,19,0,1,, -1,1,0,1,80,27,10,1,45,45135,1,1,0,2,Chambeaudoin,48.255277,2.040206,16,2,2
202100033642,141Â 632,A01,10,3,2,4,8,8,-1,4,3,3,2021,37.0,1,1,0,1,8,15,5,,4,AVENUE PARMENTIER,0,,2,2,0,1,(1),(1),1,, -1,1,0,1,30,18,6,1,75,75111,2,2,0,6,AVENUE PARMENTIER,48.869995,2.371048,8,2,1
202100052106,108Â 571,A01,10,3,2,2,0,-1,-1,3,3,2,2021,35.0,1,1,0,1,7,21,1,,3,RUE J B DE LA SALLE,0,,2,2,0,1,0,0,1,, -1,1,0,6,30,8,2,2,91,91027,2,1,0,6,RUE J B DE LA SALLE,48.70635,2.3842,8,4,1
202100010850,182Â 331,A01,1,1,1,1,2,6,-1,0,0,-1,2021,17.0,1,1,0,2,1,19,1,,2,BONAPARTE CHARLES  BD,0,,3,5,0,1,(1),(1),1,, -1,1,0,1,50,26,10,5,201,201004,2,3,0,3,BONAPARTE CHARLES  BD,41.9339735523,8.7525018454,7,2,2
202100012080,180Â 123,A01,1,1,1,1,2,-1,-1,0,0,-1,2021,43.0,2,1,6,2,1,17,1,,2,RN1,-1,,2,2,0,1,(1),(1),1,, -1,1,0,1,50,21,10,2,976,97610,2,1,0,1,RN 1 LONGONI,-12.730788,45.162263,5,2,2
202100004766,193Â 265,B01,1,1,2,5,1,-1,-1,-1, -1,-1,2021,22.0,2,2,0,2,1,1,1,,4,AVE VICTOR HUGO,0,,2,2,0,1,(1),(1),1,, -1,2,5,1,50,4,12,5,33,33069,2,2,1,3,Avenue Victor Hugo,44.8639,-0.59029,20,2,2
202100032533,143Â 618,B01,1,1,1,0,2,0,-1,-1, -1,-1,2021,37.0,0,1,0,0,0,0,1,,3,CACHIN (AVENUE MARCEL),0,,2,2,0,1,0,1,1,, -1,1,0,1,50,24,6,1,93,93027,2,9,0,3,Avenue Marcel Cachin,48.9280129231,2.3966234922,9,2,2
202100037448,134Â 721,A01,1,1,1,9,1,0,-1,0,0,-1,2021,42.0,2,2,0,2,7,1,1,,4,RUE CHARCOT,0,,1,1,0,2,(1),(1),1,, -1,1,0,1,30,30,5,1,75,75113,2,2,0,3,RUE CHARCOT,48.830349,2.37043,17,6,2
202100011604,180Â 984,A01,1,1,1,0,2,8,-1,-1, -1,-1,2021,30.0,1,1,1,0,1,26,1,,4,MOUREZE (RUE DE),0,,-1,0,0,1,(1),(1),1,, -1,1,0,1,50,22,10,1,34,34172,2,1,0,1,MOUREZE (RUE DE),43.607657,3.830278,19,2,2
202100031231,145Â 917,B01,1,1,1,0,8,-1,-1,0,0,-1,2021,49.0,3,1,0,2,3,1,1,,4,5,-1,D,1,2,0,1,(1),(1),1,, -1,1,0,1,50,2,7,1,74,74010,2,6,0,3,avenue des carrÃ©s,45.915297,6.146885,17,2,2
202100044520,122Â 133,A01,1,1,1,5,2,6,9,0,0,-1,2021,25.0,2,1,12,0,8,1,1,,2,30,0,,2,2,0,1,58,900,3,, -1,1,0,1,70,11,4,1,202,202059,1,1,0,7,T30,42.482447,9.197745,17,1,1
202100000209,201Â 364,A01,1,1,1,0,1,0,-1,-1, -1,-1,2021,22.0,1,2,9,0,1,13,1,,7,GEORGES POMPIDOU (AV ),0,,2,1,0,1,0,9,1,, -1,1,0,3,80,10,4,5,13,13043,1,1,0,1,GEORGES POMPIDOU (AV ),43.38537,5.21817,0,4,1
202100025629,155Â 874,A01,1,1,1,9,2,6,-1,0,0,-1,2021,23.0,1,1,0,2,6,3,1,,4,QUAI DE CONTI,0,,1,2,0,1,(1),(1),1,, -1,1,0,1,50,4,8,1,75,75106,2,1,0,3,QUAI DE CONTI,48.85679,2.339266,17,2,2
202100023842,159Â 010,A01,1,1,1,9,2,0,-1,-1, -1,-1,2021,40.0,3,1,0,2,1,23,1,,4,mamoudzou centre-Internat (rue de l'),0,,2,2,0,2,0,0,1,, -1,1,0,1,30,16,8,1,976,97611,2,1,0,2,mamoudzou centre-Internat (rue de l'),-12.78027,45.22702,14,2,2
202100024363,158Â 131,A01,1,1,1,5,0,-1,-1,0,0,-1,2021,52.0,1,2,0,0,9,13,1,,4,,-1,,2,1,0,1,(1),(1),2,,3,1,0,1,80,14,8,1,71,71015,1,1,0,7,Route de la Coudre,46.927282,4.394456,11,2,2
202100020204,165Â 520,B01,1,1,1,5,2,8,-1,-1, -1,-1,2021,28.0,1,1,0,2,4,1,1,,2,RN12 INT,0,,1,2,0,1,30,700,1,, -1,1,0,1,90,7,9,3,78,78423,1,1,0,2,RN12 INT,48.798767,1.998624,23,2,2
202100022889,160Â 706,A01,2,2,1,0,2,0,-1,-1, -1,-1,2021,17.0,1,1,0,2,8,3,1,,1,AUTOROUTE A86,0,,3,7,0,1,28,0,1,, -1,1,1,1,90,23,8,1,93,93064,1,1,0,3,AUTOROUTE A86,48.87122,2.4819,8,3,2
202100039477,131Â 041,B01,1,1,1,9,2,0,-1,0,0,-1,2021,28.0,2,1,0,2,1,1,1,,4,BOULEVARD SAINT GERMAIN,0,,1,3,0,1,(1),(1),1,, -1,2,0,1,50,17,5,1,75,75107,2,2,1,3,BOULEVARD SAINT GERMAIN,48.855617,2.326831,15,3,2
202100048414,115Â 220,C01,2,2,2,5,1,0,-1,-1, -1,-1,2021,67.0,3,2,0,2,6,2,1,,2,ROUTE NATIONALE 123,0,,3,4,0,1,7,464,1,, -1,1,0,1,110,2,3,1,28,28220,1,1,0,4,ROUTE NATIONALE 123,48.4160855447,1.4689314364,14,4,3
202100048983,114Â 192,B01,1,1,1,0,2,6,-1,-1, -1,-1,2021,29.0,1,1,0,2,1,17,1,,3,909,-1,,2,-1,-1,1,(1),(1),1,, -1,1,0,1,-1,6,3,5,92,92004,2,3,0,3,ALBERT 1ER,48.9145465737,2.2831767797,20,2,2
202100035775,137Â 761,B01,2,2,1,0,2,0,-1,-1, -1,-1,2021,25.0,3,1,0,2,1,2,1,,4,ETHIS RUE MARCEL,0,,2,2,0,1,0,0,1,, -1,1,0,1,50,7,6,1,93,93063,2,1,0,4,Rue Etienne Marcel,48.877591,2.443758,16,4,3
202100013363,177Â 859,B01,2,2,2,5,2,6,-1,-1, -1,-1,2021,20.0,2,1,0,2,1,0,1,,1,AUTOROUTE A6A,0,,3,3,0,1,10,845,1,, -1,1,0,1,110,14,10,1,91,91689,1,1,0,2,AUTOROUTE A6A,48.72596,2.3131,17,3,2
202100012364,179Â 616,A01,1,1,1,1,2,-1,-1,-1,0,-1,2021,26.0,1,1,0,2,8,11,1,,1,AUTOROUTE A15,0,,-1,6,0,1,15,500,1,, -1,1,0,1,110,19,10,1,95,95306,1,1,0,6, A15,48.998589,2.177137,8,1,1
202100041480,127Â 461,D01,1,1,2,1,1,-1,-1,-1,0,-1,2021,42.0,1,2,0,2,4,2,1,,2,RN 184,0,,3,6,0,1,3,400,1,, -1,1,0,1,70,3,5,1,95,95572,1,1,0,4,RN 184,49.03545,2.116929,9,6,5
202100039365,131Â 236,A01,10,3,2,5,0,-1,-1,3,3,1,2021,79.0,2,2,0,1,6,4,1,,4,979,0,D,1,2,0,1,0,0,1,, -1,1,9,1,50,20,5,1,30,30133,2,1,0,6,85 Quai Colbert,43.538387,4.140047,12,2,1
202100028665,150Â 478,B01,1,1,1,0,8,0,-1,-1, -1,-1,2021,20.0,1,2,0,2,3,0,1,,4,AVIATEUR LE BRIX (RUE),0,,2,3,0,2,1,0,1,, -1,1,0,1,50,16,7,1,13,13209,2,9,0,3,AVIATEUR LE BRIX (RUE),43.2606348339,5.4032087829,18,3,3
202100022148,162Â 048,A01,1,1,1,5,1,-1,-1,0,0,-1,2021,78.0,3,2,13,0,3,1,1,,3,109,0,,2,2,0,2,(1),(1),3,, -1,1,0,8,80,27,8,1,202,202242,1,1,0,6,D109 - E Murelle,42.392411,9.497702,15,1,1
202100022001,162Â 309,B01,1,1,1,5,2,6,9,0,0,-1,2021,33.0,2,1,0,2,1,1,1,,3,D951,-1,,2,2,0,1,42,640,1,, -1,1,0,1,80,30,8,1,4,4013,1,3,0,3,RD 951 / RD 503,44.11851,5.950768,12,2,2
202100051426,109Â 770,A01,10,3,1,9,0,-1,-1,3,3,1,2021,67.0,1,2,0,1,3,1,1,,3,LANNOY (RUE SUZANNE),0,,3,2,0,1,(1),(1),1,, -1,1,0,1,50,12,2,1,59,59170,2,1,1,6,LANNOY (RUE SUZANNE),50.3521,3.13045,10,2,1
202100022005,162Â 301,B01,1,1,1,5,2,-1,-1,0,0,-1,2021,30.0,1,1,0,2,1,1,1,,3,116,-1,D,2,2,0,1,32,709,1,, -1,1,0,1,80,29,8,1,17,17041,1,1,0,3,D116,46.215283,-0.809534,16,2,2
202100000571,200Â 682,B01,1,1,1,1,2,8,-1,-1, -1,-1,2021,41.0,0,1,0,2,1,1,1,,4,(RUE) NEGRESKO,0,,2,2,0,1,0,0,1,, -1,1,0,1,50,9,11,1,13,13208,2,1,0,1,(RUE) NEGRESKO,43.2695850021,5.3900392298,12,2,2
202100041017,128Â 301,A01,1,1,1,5,2,6,-1,0,0,-1,2021,22.0,1,1,0,2,1,1,1,,3,91,0,D,2,2,0,1,17,850,1,, -1,1,0,1,30,7,5,1,78,78193,2,3,0,3,Grande Rue,48.704989,1.985972,18,2,2
202100008064,187Â 316,Z01,10,3,2,0,8,8,-1,2,3,1,2021,72.0,1,1,0,1,1,1,0,,4,"""PERI GABRIEL, NR 116 A 144 ET 135 A 149",0,,1,1,0,1,0,0,1,, -1,1,0,1,30,15,11,5,93,93066,2,3,0,3,"""PERI GABRIEL, NR 116 A 144 ET 135 A 149",48.942766,2.356874,17,2,1
202100029602,148Â 873,A01,10,3,1,3,0,-1,-1,1,3,1,2021,30.0,1,2,0,1,4,26,1,,4,AV DE GRANDE BRETAGNE,0,,1,1,0,1,(1),(1),1,, -1,1,9,1,50,10,7,1,31,31555,2,9,0,6,AV DE GRANDE BRETAGNE,43.60357,1.406793,15,2,1
202100041929,126Â 671,B01,1,1,1,9,2,0,-1,0,0,-1,2021,40.0,2,1,0,2,8,1,5,,4,BOULEVARD DE PICPUS,0,,2,2,1,1,(1),(1),1,, -1,1,0,5,50,30,4,1,75,75112,2,1,0,3,BOULEVARD DE PICPUS,48.845969,2.400786,16,2,2
202100000192,201Â 398,A01,10,3,1,0,0,-1,-1,3,B,1,2021,66.0,1,2,0,1,2,9,1,,3,3,0,D,-1,2,0,2,29,500,3,, -1,2,5,1,-1,16,12,1,74,74026,2,6,0,6,Route de Choisy,45.963785,6.043575,9,2,1
202100020599,164Â 809,A01,10,3,1,9,9,-1,-1,6,9,1,2021,68.0,2,2,1,1,2,14,1,,3,102,-1,,2,2,0,2,17,552,1,, -1,1,0,3,70,6,9,1,41,41262,1,1,1,6,1371 Route de Bracieux,47.543285,1.5348,11,2,1
202100055231,103Â 096,A01,10,3,1,5,0,-1,-1,3,5,1,2021,25.0,2,1,0,1,1,21,1,,4,MAILLOT (BOULEVARD),0,,2,2,0,1,0,0,1,, -1,2,0,1,50,13,1,5,92,92051,2,9,0,6,MAILLOT (BOULEVARD),48.8785137766,2.2738373281,18,2,1
202100052173,108Â 452,B01,1,1,1,5,1,-1,-1,0,0,-1,2021,40.0,1,2,0,2,4,23,1,,2,265,-1,,3,4,0,1,(1),(1),2,, -1,2,0,1,90,1,2,3,29,29075,1,1,1,5,N265,48.42893,-4.437833,7,3,3
202100007002,189Â 242,B01,1,1,2,0,1,0,-1,-1, -1,-1,2021,43.0,1,2,0,2,4,1,3,,1,AUTOROUTE A1,0,,1,4,0,1,2,0,1,, -1,1,0,1,90,20,11,1,972,97213,2,1,0,4,AUTOROUTE A1,14.6177,-61.01795,13,3,3
202100056303,101Â 256,A01,1,1,2,1,1,-1,-1,0,0,-1,2021,19.0,2,2,0,2,3,1,1,,3,773,0,,2,2,0,1,29,162,1,, -1,1,0,1,80,4,1,2,56,56061,1,1,0,1,La Corderie,47.743183,-2.117379,17,3,2
202100049155,113Â 891,A01,10,3,2,5,0,-1,-1,4,3,1,2021,30.0,2,2,0,1,1,15,1,,3,SOLFERINO (BOULEVARD),0,,3,3,0,1,0,0,1,, -1,1,5,1,50,23,2,1,92,92063,2,2,0,6,SOLFERINO (BOULEVARD),48.876295043,2.1857629716,13,2,1
202100018710,168Â 196,B01,1,1,1,4,1,0,-1,-1, -1,-1,2021,46.0,2,2,0,2,4,2,1,,1,A104,0,,3,4,0,1,11,900,1,, -1,1,0,1,90,16,9,1,77,77294,1,1,0,4,A104,48.96369,2.6119,9,3,3
202100018633,168Â 330,A01,1,1,1,9,2,4,6,0,0,-1,2021,56.0,1,1,16,0,1,1,1,,3,138,0,D,2,2,0,1,14,0,3,, -1,1,0,3,80,17,9,1,62,62204,1,1,1,7,rd 138,50.415,1.827662,9,1,1
202100038882,132Â 127,A01,1,1,1,4,2,-1,-1,-1, -1,-1,2021,27.0,3,1,16,0,0,13,1,,4,GEORGES CLEMENCEAU                  (QU),0,,2,2,0,2,(1),(1),1,, -1,2,2,1,50,21,5,5,69,69034,2,1,1,7,PAUL BOCUSE (PT),45.8127236339,4.8472414488,22,1,1
202100044497,122Â 161,A01,1,1,1,5,2,-1,-1,0,0,-1,2021,16.0,2,1,0,0,0,1,1,,2,8,-1,,2,2,0,2,23,150,2,, -1,1,0,3,50,10,4,1,972,97220,2,1,0,7,N8 - Quartier Lourdes,14.494042,-60.8952,17,1,1
202100007352,188Â 611,A01,1,1,1,1,0,0,-1,-1, -1,-1,2021,41.0,2,1,0,2,0,0,5,,3,25 AOUT 1944 (BD DU),0,,2,2,0,1,1,0,1,, -1,2,0,1,30,19,11,5,94,94033,2,6,0,3,Rue de Bir-Hakeim,48.84387,2.47915,7,2,2
202100015995,173Â 077,A01,1,1,1,0,2,6,-1,0,0,-1,2021,29.0,1,1,5,2,0,3,1,,3,,-1,,2,2,1,1,(1),(1),1,,5,1,0,1,50,1,10,1,63,63178,2,2,0,3,Boulevard de BarriÃ¨re,45.540702,3.242834,18,4,2
202100013208,178Â 129,B01,1,1,1,0,1,-1,-1,-1, -1,-1,2021,73.0,0,2,0,2,2,15,1,,4,JULES GUESDE                        (AV),0,,1,3,1,1,(1),(1),1,, -1,1,0,1,50,14,10,1,69,69259,2,1,0,3,JULES GUESDE (AV),45.72027,4.88529,17,2,2
202100049081,114Â 029,A01,1,1,2,0,1,0,-1,0,0,-1,2021,27.0,3,2,0,2,7,12,1,,7,MAYER (BD DANIEL),0,,1,2,0,1,(1),(1),1,, -1,1,5,1,50,2,3,1,63,63113,2,1,0,3,MAYER (BD DANIEL),45.79331,3.0958,9,2,2
202100010480,182Â 990,A01,10,3,1,1,0,-1,-1,4,3,1,2021,11.0,2,2,0,1,8,16,1,,4,MONTTESSUY (RUE DE),0,,2,2,0,1,0,0,1,, -1,1,2,1,50,28,10,1,91,91326,2,3,0,6,MONTTESSUY (RUE DE),48.688155,2.384687,15,2,1
202100048040,115Â 872,A01,1,1,1,9,2,0,-1,0,0,-1,2021,34.0,1,1,0,2,7,1,1,,4,BOULEVARD DE MAGENTA,0,,2,2,3,1,(1),(1),1,, -1,2,0,1,50,13,3,5,75,75110,2,9,1,3,BOULEVARD DE MAGENTA,48.871511,2.360347,23,2,2
202100018481,168Â 597,A01,1,1,1,9,1,-1,-1,0,0,-1,2021,41.0,2,2,0,0,6,4,1,,1,52,0,A,3,5,0,2,12,700,1,, -1,1,0,1,130,8,9,1,13,13016,1,1,0,2,A52,43.384544,5.604095,16,2,2
202100050229,111Â 929,A01,1,1,1,4,2,0,-1,-1, -1,-1,2021,24.0,1,1,0,2,1,2,3,,3,PERI (BOULEVARD GABRIEL)  0 - 37 / 42,0,,3,4,0,1,0,1,1,, -1,1,0,1,50,25,2,1,93,93064,2,1,0,2,PERI (BOULEVARD GABRIEL)  0 - 37 / 42,48.8778738953,2.4743745582,13,2,2
202100023146,160Â 243,A01,4,2,1,0,1,0,-1,-1, -1,-1,2021,20.0,2,2,8,0,2,14,1,,9,GALLIENI (AV.) DE 132 A 186,0,,1,2,0,1,1,0,1,, -1,1,0,4,50,21,8,4,93,93010,2,1,0,1,GALLIENI (AV.) DE 132 A 186,48.9,2.48,4,3,1
202100005742,191Â 535,B01,3,2,1,5,1,-1,-1,-1,0,-1,2021,25.0,1,2,0,2,1,2,1,,3,AV DE STALINGRAD,0,,2,4,0,1,0,50,1,, -1,2,0,1,50,28,11,5,95,95268,2,1,1,4,AV DE STALINGRAD,48.9597617953,2.3990857601,21,5,3
202100002413,197Â 466,B01,1,1,1,1,2,6,-1,-1, -1,-1,2021,19.0,1,1,0,2,6,1,1,,4,SAUXMARAIS (RUE DE),0,,2,2,0,1,0,0,1,, -1,1,0,1,50,16,12,2,50,50602,2,2,0,3,SAUXMARAIS (RUE DE),49.63114,-1.58592,7,2,2
202100011137,181Â 826,A01,10,3,2,5,0,-1,-1,4,3,1,2021,48.0,2,2,0,1,1,1,1,,3,6089,0,D,2,2,0,1,95,10,1,, -1,1,6,1,30,22,10,5,24,24543,2,1,0,6,D6089,45.051347,0.395663,23,2,1
202100023284,159Â 998,A01,1,1,1,5,8,0,-1,0,0,-1,2021,39.0,1,1,0,0,1,1,3,,4,FLAHAULT (AVENUE CHARLES,0,,2,4,1,1,(1),(1),1,, -1,1,0,1,50,20,8,5,34,34172,2,1,0,7,FLAHAULT (AVENUE CHARLES,43.62613,3.86022,2,1,1
202100024922,157Â 114,B01,1,1,1,3,2,-1,-1,0,0,-1,2021,55.0,2,1,0,2,4,15,1,,4,,0,,2,2,0,2,0,1,1,,4,1,0,1,50,10,8,1,5,5161,2,3,0,2,Route du Bez,44.943888,6.556746,9,3,2
202100002385,197Â 519,A01,10,3,1,2,0,-1,-1,5,3,2,2021,10.0,3,3,0,1,2,21,1,1.0,4,LEFEBVRE AV FERNAND,0,,2,2,0,2,(1),(1),1,, -1,1,0,1,50,17,12,1,78,78498,2,1,0,6,LEFEBVRE AV FERNAND,48.925919,2.049135,8,2,1
202100054019,105Â 187,C01,2,2,2,0,1,0,-1,-1, -1,-1,2021,29.0,2,2,0,2,4,2,2,,1,AUTOROUTE A86,0,,3,6,0,1,27,100,1,, -1,2,0,1,90,23,1,1,93,93064,1,1,1,4,AUTOROUTE A86,48.87834,2.47689,13,6,5
202100035624,138Â 044,A01,1,1,1,5,2,6,-1,0,0,-1,2021,48.0,1,1,13,0,1,0,1,,3,4,0,D,2,2,0,1,41,950,2,, -1,1,0,3,80,30,5,1,24,24581,1,1,0,7,Siorac Est,45.034154,0.570023,16,2,1
202100034200,140Â 615,A01,1,1,1,0,8,0,-1,-1, -1,-1,2021,21.0,1,2,3,0,0,26,1,,1,A13,0,,1,3,0,1,44,0,1,, -1,1,0,1,110,16,6,1,78,78402,1,1,0,6,A13,48.964135,1.774099,10,1,1
202100002448,197Â 396,A01,1,1,1,0,2,6,-1,0,0,-1,2021,70.0,1,1,0,2,2,17,1,,3,LIBERTE AV.DE LA,0,,2,2,0,1,18,465,1,, -1,1,0,1,50,16,12,2,6,6155,2,1,0,3,LIBERTE AV.DE LA,43.56933,7.07562,16,2,2
202100033518,141Â 862,Z01,3,2,2,0,1,0,-1,-1, -1,-1,2021,30.0,1,2,0,2,1,26,1,,1,AUTOROUTE A1,0,,3,8,0,1,4,0,1,, -1,1,0,1,90,19,6,1,93,93066,1,1,0,6,AUTOROUTE A1,48.93164,2.37064,6,4,2
202100050458,111Â 506,B01,1,1,2,3,1,8,-1,-1, -1,-1,2021,85.0,2,2,0,2,3,26,1,,3,PLANCHE DU BOIS (lieu dit Le),0,,2,2,0,4,0,0,2,, -1,1,0,1,50,23,2,1,50,50502,2,1,1,3,PLANCHE DU BOIS (lieu dit Le),49.1217,-1.0611,11,2,2