Num_Acc,id_vehicule,num_veh,place,catu,sexe,trajet,secu1,secu2,secu3,locp,actp,etatp,year_acc,victim_age,senc,catv,obs,obsm,choc,manv,motor,occutc,catr,voie,v1,v2,circ,nbv,vosp,prof,pr,pr1,plan,lartpc,larrout,surf,infra,situ,vma,jour,mois,lum,dep,com,agg_,int,atm,col,adr,lat,long,hour,nb_victim,nb_vehicules
202100020087,165Â 717,A01,10,3,2,9,0,-1,-1,5,3,1,2021,73.0,1,5,0,1,6,25,0,,9,JEAN JAURES (PLACE),0,,2,0,3,1,0,0,1,, -1,1,6,4,1,8,9,1,13,13201,2,1,0,6,JEAN JAURES (PLACE),43.29454,5.3856,9,2,1
202100048708,114Â 692,A01,2,2,2,5,1,0,-1,-1, -1,-1,2021,25.0,1,2,1,2,7,2,1,,4,Rue Edmond Nocard,0,,1,1,0,1,0,375,1,, -1,1,0,1,30,9,3,1,94,94069,2,1,0,6,22 rue Edmond Nocard,48.821458,2.422535,10,3,1
202100054257,104Â 773,A01,10,3,1,9,0,-1,-1,2,3,1,2021,70.0,0,2,0,1,1,1,1,,3,DIVISION LECLERC (AV),0,,2,2,0,1,0,1,1,, -1,1,0,1,50,20,1,1,93,93079,2,1,0,6,DIVISION LECLERC (AV),48.9549450979,2.3440203579,15,2,1
202100005095,192Â 666,B01,1,1,1,1,2,6,-1,0,0,-1,2021,56.0,1,1,0,2,1,3,1,,4,BOULEVARD PERIPHERIQUE,0,,1,4,0,1,0,300,1,, -1,2,0,1,70,1,12,1,75,75113,2,1,0,3,BOULEVARD PERIPHERIQUE,48.825791,2.386589,8,2,2
202100047730,116Â 431,B01,1,1,1,9,1,0,-1,-1, -1,-1,2021,57.0,1,2,0,2,1,1,1,,4,INDUSTRIE (AVENUE DE L'),0,,2,2,0,1,(1),(1),1,, -1,1,0,1,50,5,3,1,66,66136,2,3,0,3,INDUSTRIE (AVENUE DE L'),42.73015,2.89892,11,2,2
202100025055,156Â 873,B01,1,1,2,5,2,-1,-1,0,0,-1,2021,63.0,1,1,0,2,8,1,0,,3,16,-1,,2,2,0,1,4,0,3,, -1,1,0,1,80,2,8,1,43,43016,1,1,0,5,D16,45.3909015,3.353034,15,3,3
202100054849,103Â 762,A01,2,2,1,0,8,0,-1,-1, -1,-1,2021,3.0,0,2,1,0,6,14,1,,4,,0,,1,1,0,1,(1),(1),1,, -1,2,0,1,30,15,1,1,69,69259,2,1,1,6,VICTOR HUGO (R),45.70281,4.88507,12,2,1
202100021414,163Â 373,A01,1,1,2,0,1,-1,-1,-1, -1,-1,2021,31.0,1,2,0,2,2,9,1,,4,BANNIERE (DE LA)                    (R ),0,,1,1,0,1,(1),(1),1,, -1,1,0,1,50,1,9,1,69,69383,2,2,0,3,BANNIERE (DE LA) (R),45.75613,4.85578,18,3,2
202100020817,164Â 435,A01,1,1,1,0,1,4,-1,-1, -1,-1,2021,84.0,2,2,0,2,1,1,1,,1,15,0,,3,8,0,1,5,500,2,, -1,1,9,1,90,5,9,1,92,92036,1,1,0,4,AUTOROUTE A15,48.9464707688,2.2824191861,10,4,3
202100003540,195Â 416,A01,1,1,1,9,2,6,-1,-1, -1,-1,2021,76.0,3,1,0,2,7,3,1,,2,LANCASTEL (BOULEVARD),0,,3,4,0,1,(1),(1),1,, -1,1,0,1,70,8,12,1,974,97411,1,1,0,3,LANCASTEL (BOULEVARD),-20.87933,55.45928,17,4,2
202100017064,171Â 122,A01,2,2,1,9,2,0,-1,0,0,-1,2021,19.0,1,1,0,2,5,17,3,,4,BOULEVARD DE MAGENTA,0,,2,4,0,1,(1),(1),1,, -1,1,0,1,30,24,9,5,75,75110,2,3,0,3,BOULEVARD DE MAGENTA,48.879487,2.353191,0,3,2
202100033049,142Â 666,B01,1,1,2,0,8,-1,-1,-1, -1,-1,2021,22.0,2,1,0,2,1,25,5,,4,BALUE (RUE DE LA),0,,2,3,0,2,(1),(1),1,, -1,1,0,4,50,18,6,1,35,35288,2,9,0,3,BALUE (6 RUE DE LA),48.629147,-2.005751,18,2,2
202100012469,179Â 420,C01,1,1,1,9,1,0,-1,0,0,-1,2021,29.0,1,2,0,2,4,1,1,,7,ANGLAIS (DU NÂ° 114 AU NÂ° 263),0,,3,6,1,1,(1),(1),1,, -1,1,0,1,50,17,10,5,6,6088,2,1,0,5,ANGLAIS (DU NÂ° 114 AU NÂ° 263),43.694913,7.266332,23,4,3
202100013219,178Â 111,A01,1,1,1,5,2,6,-1,-1,0,-1,2021,21.0,1,1,0,2,1,21,1,,3,JOFFRE (BOULEVARD),0,,-1,2,0,1,5,350,1,, -1,1,0,1,50,14,10,1,95,95176,2,3,0,3,THIERS PROLONGEE (RUE),48.9634412952,2.2008995156,9,2,2
202100009509,184Â 716,A01,1,1,1,1,2,6,-1,0,0,-1,2021,17.0,1,1,5,0,7,1,1,,3,D18,-1,,2,2,0,1,21,425,1,, -1,2,9,1,50,2,11,5,42,42162,2,1,1,6,404 Route de Pouilly,46.019257,3.982397,19,1,1
202100021382,163Â 426,A01,1,1,2,0,1,-1,-1,0,0,-1,2021,30.0,2,2,13,0,2,1,1,,3,21,-1,,2,2,0,1,19,800,3,, -1,2,0,1,80,3,9,1,74,74127,1,1,0,6,RD 21 Chez Divoz,46.356182,6.577396,17,1,1
202100006605,189Â 983,B01,1,1,1,4,2,6,-1,-1, -1,-1,2021,18.0,3,1,0,2,3,1,1,,3,ROND POINT DE L'EUROPE,0,,1,2,0,1,0,273,3,, -1,1,5,1,50,22,11,5,77,77288,1,6,0,3,D606,48.55356,2.64379,19,2,2
202100014818,175Â 218,A01,1,1,2,9,2,0,-1,-1, -1,-1,2021,57.0,1,1,0,2,3,2,1,,4,CASTELLANE (PLACE),0,,1,3,0,2,(1),(1),3,, -1,2,0,2,50,20,8,1,13,13206,2,7,0,3,CASTELLANE (PLACE),43.2857821257,5.383508743,18,2,2
202100004287,194Â 095,A01,1,1,1,1,1,0,-1,0,0,-1,2021,22.0,2,5,0,2,5,1,1,,4,AVENUE JEAN JAURES,0,,2,3,1,1,(1),(1),1,, -1,2,0,1,50,7,12,5,75,75119,2,3,0,2,AVENUE JEAN JAURES,48.888481,2.39193,7,2,2
202100044981,121Â 327,A01,10,3,1,5,0,-1,-1,2,5,3,2021,9.0,1,1,0,1,1,1,1,,3,AV GEORGES GUYNEMER ,0,,2,3,0,1,1,0,1,, -1,1,0,1,50,6,4,1,94,94021,2,1,0,6,Avenue Georges Guynemer,48.7581,2.34408,11,2,1
202100022638,161Â 152,A01,1,1,1,0,2,6,-1,-1, -1,-1,2021,17.0,2,1,0,2,1,1,1,,4,,0,,1,1,0,1,(1),(1),1,, -1,1,0,1,50,25,8,1,25,25056,2,2,0,3,VIEILLE MONNAIE RUE DE LA,47.23368,6.02687,15,2,2
202100015236,174Â 470,B01,1,1,2,5,1,0,-1,-1, -1,-1,2021,60.0,1,2,0,2,3,1,1,,4,ANATOLE FRANCE (AV),0,,2,2,0,1,1,0,1,, -1,1,0,1,30,3,10,1,94,94022,2,1,0,1,Avenue Anatole France,48.75637,2.41349,16,2,2
202100048284,115Â 446,A01,1,1,1,1,8,0,-1,-1, -1,-1,2021,34.0,1,1,0,1,1,8,5,,4,CARNOT (BOULEVARD),0,,2,2,3,1,(1),(1),1,, -1,1,0,6,50,11,3,1,6,6029,2,1,0,6,CARNOT (BOULEVARD),43.555968,7.017038,17,2,1
202100020522,164Â 953,A01,10,3,2,9,8,8,-1,9,9,1,2021,80.0,1,5,0,1,4,4,1,,4,AIGUILLERIE,0,,1,1,0,1,1,0,1,, -1,1,0,1,50,6,9,1,49,49007,2,1,0,6,AIGUILLERIE,47.47085,-0.5534,15,2,1
202100037927,133Â 873,B01,2,2,2,5,2,6,-1,0,0,-1,2021,23.0,2,1,0,2,1,1,1,,7,968,0,,2,2,0,1,4,700,1,, -1,1,5,1,70,28,5,2,21,21106,1,2,0,3,M968,47.240536,5.104158,21,3,2
202100025928,155Â 338,A01,2,2,2,5,1,-1,-1,0,0,-1,2021,80.0,1,2,0,2,2,15,1,,3,36,-1,,2,3,0,2,26,900,1,, -1,1,0,1,70,3,8,1,38,38553,1,3,0,1,D36,45.602764,5.155592,8,9,2
202100026546,154Â 247,A01,1,1,1,9,1,-1,-1,0,0,-1,2021,19.0,2,2,2,0,1,16,1,,3,10,-1,D,2,2,0,1,15,300,1,, -1,1,0,3,80,27,6,1,68,68368,1,1,0,6,D10,48.056155,7.212553,17,1,1
202100039378,131Â 214,A01,1,1,1,2,2,-1,-1,0,0,-1,2021,22.0,3,1,0,2,2,0,1,,4,0,0,A,-1,2,0,1,0,0,1,, -1,1,0,1,50,19,5,1,84,84092,2,9,0,3,Route de MoriÃ©res,43.951818,4.849321,17,2,2
202100050538,111Â 360,A01,1,1,1,0,1,0,-1,-1, -1,-1,2021,45.0,1,2,0,2,4,1,1,,1,A7-Sens Lyon vers Marseille,0,,1,2,0,1,264,100,1,, -1,1,0,1,110,22,2,1,13,13117,1,1,0,2,A7-Sens Lyon vers Marseille,43.44395,5.24466,11,5,2
202100007292,188Â 712,B01,1,1,2,9,2,6,-1,-1, -1,-1,2021,20.0,3,1,0,2,7,1,1,,4,HAUTES FOLIES (AVENUE DES),0,,2,2,0,1,(1),(1),1,, -1,1,0,1,50,16,11,1,17,17461,2,1,0,3,HAUTES FOLIES (AVENUE DES),45.63761,-1.06428,8,2,2
202100043170,124Â 501,A01,1,1,1,4,2,0,-1,0,0,-1,2021,19.0,1,1,0,2,2,1,1,,4,FIZEAU (RUE HIPPOLYTE),0,,-1,1,0,1,(1),(1),1,, -1,1,0,1,50,20,4,1,34,34172,2,1,0,1,FIZEAU (RUE HIPPOLYTE),43.61508,3.91299,12,3,2
202100017695,169Â 991,A01,10,3,2,0,0,-1,-1,1,3,1,2021,80.0,3,5,0,1,4,26,1,,4,MOULIN HARVY (ALLEE DU),0,,2,2,0,1,0,0,1,, -1,1,0,1,30,21,9,1,93,93053,2,1,0,6,AllÃ©e du Moulin Harvy,48.8928417551,2.4693408608,10,2,1
202100035503,138Â 250,B01,1,1,1,0,1,8,-1,-1, -1,-1,2021,34.0,3,2,0,2,8,1,1,,4,RUE SULLY,0,,2,2,0,1,(1),(1),1,, -1,1,0,1,30,9,6,1,38,38185,2,2,0,3,Rue Sully,45.18559,5.70805,8,4,2
202100015697,173Â 610,A01,1,1,1,3,2,6,-1,0,0,-1,2021,26.0,0,1,6,0,1,0,1,,3,507,0,,2,2,0,1,0,0,1,, -1,1,0,4,50,2,10,1,202,202148,2,1,0,7,Route de l Aeroport,42.549966,9.453435,17,1,1
202100003047,196Â 325,A01,1,1,1,1,2,6,-1,-1, -1,-1,2021,27.0,1,1,0,2,1,0,1,,1,86,0,,3,4,0,1,8,399,1,, -1,1,3,1,90,13,12,5,92,92036,1,1,1,3,A86,48.936748257,2.2920407186,18,2,2
202100014904,175Â 074,A01,1,1,2,5,1,-1,-1,0,0,-1,2021,23.0,1,2,6,0,2,0,1,,3,,0,,2,2,0,1,(1),(1),2,,"3,5",1,0,1,80,6,10,3,971,97128,1,1,0,6,D115,16.272883,-61.356014,23,3,1
202100029676,148Â 749,A01,1,1,1,5,1,-1,-1,0,0,-1,2021,20.0,2,2,3,0,2,1,1,,1,87,-1,A,3,4,0,1,116,204,1,, -1,1,0,2,130,11,7,3,85,85191,1,1,0,7,A.87,46.65158,-1.38613,2,1,1
202100037623,134Â 408,A01,1,1,1,5,8,0,-1,0,0,-1,2021,50.0,1,1,0,0,0,21,5,,4,BOULEVARD DE SEBASTOPOL,0,,2,4,1,1,(1),(1),1,, -1,1,0,5,50,29,5,1,75,75102,2,2,0,7,BOULEVARD DE SEBASTOPOL,48.867032,2.352974,15,1,1
202100008972,185Â 679,A01,1,1,2,0,1,0,-1,-1, -1,-1,2021,48.0,2,2,0,2,4,23,1,,3,MAXIME GORKI (BD),0,,-1,0,0,1,1,0,1,, -1,1,0,1,50,7,11,1,94,94076,2,1,0,2,MAXIME GORKI (BD),48.79436,2.36904,15,2,2
202100024811,157Â 306,B01,1,1,1,5,2,-1,-1,0,0,-1,2021,32.0,1,1,13,2,1,17,5,,3,4,-1,,2,2,0,2,15,(1),1,, -1,1,0,1,80,9,8,1,74,74221,1,1,0,3,Col de la ColombiÃ¨re (Col de montagne),45.991569,6.47341,12,2,2
202100042765,125Â 205,B01,1,1,1,5,1,-1,-1,0,0,-1,2021,31.0,1,2,5,2,1,1,1,,7,651,0,D,2,2,0,1,(1),(1),1,, -1,1,0,1,80,24,4,2,13,13080,1,3,0,3,D561,43.669276,5.43938,19,4,2
202100009591,184Â 564,B01,1,1,1,4,2,8,-1,-1, -1,-1,2021,31.0,2,1,0,2,1,17,1,,3,724,0,,2,2,0,1,101,550,1,, -1,1,0,1,50,29,10,1,56,56098,2,1,0,3,CROIZAT ( AVE AMBROISE ),47.7736,-3.34724,13,2,2
202100032833,143Â 088,A01,1,1,1,0,1,-1,-1,0,0,-1,2021,34.0,2,2,0,2,3,11,1,,2,ROCADE NORD EST RN 25,0,,1,2,0,1,5,599,1,, -1,1,0,1,110,19,6,1,80,80674,1,1,0,2,ROCADE NORD EST RN 25,49.90583,2.34862,8,2,2
202100029568,148Â 938,A01,10,3,2,0,0,-1,-1,3,3,1,2021,25.0,1,5,0,1,1,1,1,,4,ALBERT THOMAS                       (CO),0,,1,2,3,1,(1),(1),1,, -1,1,0,6,50,9,7,2,69,69388,2,1,0,6,ALBERT THOMAS (CR),45.74524,4.87213,20,2,1
202100044438,122Â 254,A01,1,1,1,1,1,8,-1,-1, -1,-1,2021,28.0,2,2,3,0,9,1,1,,1,A104,0,,1,1,0,2,27,500,3,, -1,2,3,1,50,10,4,1,77,77059,1,1,1,7,A104,48.8428,2.6646,18,3,1
202100049494,113Â 284,B01,1,1,2,1,2,0,-1,0,0,-1,2021,56.0,1,1,0,2,1,1,5,,7,BRIAND (RUE ARISTIDE),0,,1,1,0,1,(1),(1),1,, -1,1,0,1,50,1,3,1,54,54304,2,4,0,3,Av Sainte Anne & Rue Aristide Briand,48.684784228,6.1558547616,12,2,2
202100041430,127Â 549,B01,1,1,1,0,2,0,-1,-1, -1,-1,2021,23.0,2,1,0,2,1,1,1,,3,CHARLES DE GAULLE (BD),0,,2,2,0,1,1,0,1,, -1,2,5,1,50,2,5,1,92,92025,2,3,1,3,CHARLES DE GAULLE (BD),48.9145640465,2.2289586067,16,2,2
202100026024,155Â 161,A01,1,1,2,9,2,9,6,0,0,-1,2021,33.0,2,1,0,0,1,26,1,,2,2,-1,,2,2,0,2,119,50,2,, -1,1,0,1,50,1,8,3,974,97405,2,9,0,6,nationale 2,-21.366678,55.556939,17,1,1
202100003858,194Â 859,B01,1,1,1,0,1,0,-1,-1, -1,-1,2021,39.0,1,2,0,2,4,23,1,,4,61,0,,2,2,0,1,0,1,1,, -1,1,0,1,50,9,12,5,92,92049,2,1,0,2,VERDIER AVENUE NÂ°1 A 23,48.81455,2.32034,0,3,2
202100041118,128Â 111,A01,1,1,2,1,1,5,-1,0,0,-1,2021,44.0,2,2,1,0,7,1,1,,4,PRESSAGNY (RUE DE),0,,-1,1,0,1,(1),(1),1,, -1,2,0,1,50,6,5,1,27,27681,2,1,1,3,PRESSAGNY (RUE DE),49.09669,1.47735,9,2,2
202100014764,175Â 323,A01,10,3,1,0,0,-1,-1,2,3,1,2021,37.0,1,2,0,1,1,16,1,,4,FEUILLAT                            (R ),0,,2,3,2,1,(1),(1),1,, -1,1,0,1,50,6,10,5,69,69383,2,2,0,6,FEUILLAT (R),45.74979,4.87573,23,2,1
202100003426,195Â 631,B01,2,2,1,0,2,0,-1,-1, -1,-1,2021,14.0,3,1,0,2,1,1,1,,4,ARNAVAUX (AVENUE DES),0,,2,2,0,1,1,0,1,, -1,1,0,1,50,11,12,4,13,13214,2,1,0,1,ARNAVAUX (AVENUE DES),43.33258,5.38061,17,3,2
202100050280,111Â 839,A01,2,2,2,5,1,-1,-1,0,0,-1,2021,43.0,1,2,0,2,1,0,1,,3,6,-1,D,2,2,0,1,24,100,3,, -1,1,0,1,80,18,2,1,33,33494,1,1,0,5,route de lacanau,44.942886,-0.840926,10,5,3
202100035043,139Â 056,A01,1,1,1,9,2,6,-1,0,0,-1,2021,28.0,1,1,2,0,1,14,1,,4,MASSEBOEUF (CHEMIN),0,,1,1,0,2,(1),(1),3,, -1,1,0,3,50,11,6,3,6,6069,2,1,0,6,MASSEBOEUF (CHEMIN),43.64038,6.96609,22,1,1
202100043228,124Â 388,B01,1,1,2,4,1,-1,-1,0,0,-1,2021,22.0,2,2,0,2,1,1,1,,2,165,-1,,3,4,0,1,83,0,1,, -1,1,0,1,110,22,4,1,29,29302,1,1,0,1,N165 PR83,48.265062,-4.114605,13,2,2
202100005975,191Â 117,Z01,10,3,1,9,8,8,-1,2,9,1,2021,46.0,3,2,0,1,1,0,0,,4,ROGER SALENGRO (AVENUE),0,,1,1,0,1,1,0,2,, -1,1,9,1,50,26,11,4,13,13203,2,7,0,6,ROGER SALENGRO (AVENUE),43.30911,5.37414,19,2,1
202100042402,125Â 838,A01,10,3,1,3,8,-1,-1,1,3,1,2021,53.0,3,1,0,1,1,1,1,,4,1,-1,A,2,2,0,1,(1),(1),1,, -1,1,0,1,-1,26,3,1,976,97617,2,1,0,6,Route dÃ©partementale 1A,-12.789297,45.109209,10,2,1
202100054703,104Â 006,A01,1,1,1,9,1,-1,-1,0,0,-1,2021,79.0,1,2,2,0,1,2,1,,3,13,0,D,2,2,0,1,9,600,1,, -1,1,0,3,70,1,1,3,47,47100,1,1,0,6,D13,44.273514,0.632186,19,1,1
202100036862,135Â 806,B01,2,2,2,1,2,6,-1,-1, -1,-1,2021,26.0,3,1,0,2,2,1,1,,4,AMILCAR CABRAL,0,,2,2,1,1,0,1,1,, -1,1,0,1,50,1,6,1,93,93066,2,2,0,2,Avenue Amilcar Cabral / Rue de la Procession,48.913635,2.362966,8,3,2
202100020128,165Â 647,B01,1,1,1,0,2,6,-1,-1, -1,-1,2021,45.0,0,1,0,2,4,2,1,,3,LECLERC DE HAUTECLOQUE (AVENUE DU MARECH,0,,2,1,0,1,0,0,1,, -1,1,0,1,50,8,9,1,93,93030,2,1,0,2,Avenue du Marechal Leclerc de Hautecloque,48.94151,2.42101,17,2,2
202100010907,182Â 234,A01,1,1,1,5,8,0,-1,-1, -1,-1,2021,13.0,1,1,0,2,1,1,0,,4,MARCEAU (RUE),0,,1,1,1,1,(1),(1),1,, -1,1,0,1,50,26,10,1,37,37261,2,1,0,2,MARCEAU (RUE),47.3947347451,0.6845171147,15,2,2
202100000895,200Â 145,B01,1,1,1,9,2,8,-1,-1, -1,-1,2021,37.0,2,1,0,2,3,1,1,,3,VAILLANT-COUTURIER (AVENUE PAUL),0,,2,4,0,1,135,0,1,, -1,1,5,1,30,30,12,1,93,93027,2,1,0,1,VAILLANT-COUTURIER (AVENUE PAUL),48.92535,2.41525,9,2,2
202100044343,122Â 409,A01,1,1,1,5,0,-1,-1,0,0,-1,2021,63.0,1,2,5,0,0,2,1,,3,238,-1,,2,2,0,2,4,500,2,, -1,1,0,3,80,13,4,2,7,7217,1,1,0,6,"D 238, PK 4+500",45.053571,4.769016,18,1,1
202100045728,120Â 013,A01,1,1,1,5,1,-1,-1,-1, -1,-1,2021,26.0,1,2,8,0,2,0,1,,4,CLAUDE BERNARD                      (QU),0,,1,4,0,1,(1),(1),1,, -1,1,0,1,50,1,4,5,69,69387,2,2,0,6,CLAUDE BERNARD (Q),45.74796,4.83373,2,1,1
202100011285,181Â 565,B01,9,2,1,5,1,-1,-1,0,0,-1,2021,14.0,2,2,0,2,3,16,1,,3,512,-1,,2,2,0,2,1,950,1,,4,2,0,5,90,21,10,1,14,14174,1,3,1,3,Route de Vire,48.8531103017,-0.5767312644,11,4,2
202100046494,118Â 680,B01,2,2,1,9,1,8,-1,-1, -1,-1,2021,14.0,1,2,0,2,4,1,1,,3,446,0,,2,2,0,1,0,0,1,, -1,1,0,1,50,25,3,1,91,91174,2,1,0,4,AV DU 8 MAI 1945,48.61145,2.46142,17,4,3
202100046309,119Â 002,A01,1,1,1,5,0,-1,-1,0,0,-1,2021,8.0,1,1,0,2,1,19,5,,3,741,-1,,2,2,0,2,3,300,1,, -1,1,0,1,50,28,3,1,68,68211,2,1,0,3,33 Rue Principale,47.87196,7.006426,17,2,2
202100014347,176Â 062,A01,1,1,1,9,2,0,-1,-1, -1,-1,2021,61.0,1,1,0,2,1,9,1,,4,ALDUY (Paul),0,,2,2,0,1,(1),(1),1,, -1,1,0,1,50,7,10,1,66,66136,2,6,0,3,ALDUY (Paul),42.66992,2.90501,14,2,2
202100015045,174Â 818,B01,1,1,2,5,1,0,-1,-1, -1,-1,2021,54.0,1,2,0,2,1,1,1,,4,ETANG ROUTE,0,,2,2,0,1,1,0,1,, -1,2,0,1,50,5,10,1,49,49015,2,1,1,1,ETANG ROUTE,47.511352,-0.613032,18,3,2
202100034886,139Â 357,A01,1,1,2,0,1,-1,-1,0,0,-1,2021,28.0,1,2,0,0,8,1,1,,3,D5,0,D,2,2,0,2,2,200,3,, -1,1,0,1,80,12,6,1,83,83037,1,1,0,3,Route de la Roquebrussanne,43.397172,6.031481,18,2,2
202100039036,131Â 872,B01,1,1,1,1,1,-1,-1,0,0,-1,2021,47.0,1,2,0,2,3,1,1,,3,905,0,,2,2,0,1,104,400,1,, -1,1,5,1,90,21,5,1,21,21183,1,4,0,3,D905,47.210225,5.275267,7,3,2
202100003731,195Â 081,B01,1,1,1,9,2,6,-1,0,0,-1,2021,53.0,2,1,0,2,1,17,1,,4,AVENUE PHILIPPE AUGUSTE,0,,2,2,0,1,(1),(1),1,, -1,1,0,1,30,10,12,5,75,75111,2,7,0,3,AVENUE PHILIPPE AUGUSTE,48.849358,2.395318,19,2,2
202100027013,153Â 432,B01,2,2,1,5,1,-1,-1,0,0,-1,2021,16.0,1,2,0,2,1,1,1,,3,8,-1,D,2,2,0,1,96,650,1,, -1,1,0,1,50,27,7,1,42,42279,2,2,0,1,Rte de Bonson,45.5039345381,4.2499109512,13,3,2
202100013939,176Â 787,A01,1,1,1,5,0,-1,-1,0,0,-1,2021,67.0,2,1,0,2,8,2,5,,3,1017,-1,,2,2,1,1,22,900,1,, -1,1,0,1,50,12,10,1,60,60509,2,3,0,3,D1017,49.3010211509,2.6044335364,14,2,2
202100018877,167Â 907,A01,2,2,2,5,2,-1,-1,0,0,-1,2021,14.0,0,1,0,0,0,0,1,,4,,-1,,-1,2,0,1,(1),(1),4,,5,2,0,8,-1,13,9,1,9,9261,2,1,0,7,Boulevard du Salat,42.976667,1.15312,8,2,1
202100017733,169Â 929,A01,2,2,2,5,1,-1,-1,0,0,-1,2021,76.0,2,2,0,2,1,1,1,,3,rd21,0,,2,2,0,1,12,600,1,, -1,1,0,1,90,21,9,3,53,53087,1,3,0,2,route dÃ©partementale 21,47.93927,-0.5129939318,20,3,2
202100026186,154Â 888,A01,1,1,1,5,1,-1,-1,0,0,-1,2021,24.0,2,2,2,0,1,1,1,,3,37,-1,,2,2,0,2,12,660,1,,"5,3",1,0,3,80,31,7,1,79,79321,1,1,0,6,,46.918702,-0.106645,16,1,1
202100054908,103Â 663,B01,1,1,1,5,2,0,-1,-1, -1,-1,2021,17.0,1,1,0,2,1,1,1,,3,PAINLEVE ( AVENUE PAUL),0,,2,2,0,1,13,600,1,, -1,2,0,1,70,14,1,3,24,24037,1,4,1,3,PAINLEVE ( AVENUE PAUL),44.837096,0.490455,18,2,2
202100024874,157Â 198,A01,1,1,1,5,1,8,-1,-1, -1,-1,2021,31.0,1,2,1,0,1,14,1,,4,MAURICE (RUE  JEAN-MARIE ),0,,2,2,0,1,(1),(1),2,, -1,1,0,1,50,7,8,2,56,56098,2,1,0,6,MAURICE (RUE  JEAN-MARIE ),47.75567,-3.34182,6,1,1
202100019404,166Â 946,A01,1,1,2,5,1,-1,-1,0,0,-1,2021,76.0,1,2,2,0,3,13,1,,3,15,-1,,2,2,0,2,53,690,3,, -1,1,0,3,80,13,9,1,12,12088,1,1,0,6,RD15 ,44.659328,2.947018,13,1,1
202100033298,142Â 249,A01,10,3,1,5,0,-1,-1,1,3,1,2021,44.0,1,2,0,1,6,4,1,,4,VIDIE ( RUE LUCIEN),0,,2,2,0,1,(1),(1),1,, -1,1,0,8,50,14,6,1,29,29039,2,1,0,6,Rue Lucien Vidie,47.89295,-3.91572,18,2,1
202100040814,128Â 668,A01,7,2,2,5,1,-1,-1,0,0,-1,2021,17.0,3,2,13,0,3,13,1,,4,,-1,,2,1,0,1,(1),(1),3,,3,1,0,3,80,8,5,1,18,18216,1,1,0,6,Le Chene,46.75069,2.124352,13,4,1
202100035613,138Â 063,B01,1,1,1,2,2,-1,-1,0,0,-1,2021,18.0,3,1,0,2,1,13,1,,3,1,0,,2,2,0,1,(1),(1),2,,"5,5",1,0,1,80,10,6,1,50,50342,1,1,0,1,Rue du Cap,49.647678,-1.243687,9,2,2
202100006721,189Â 770,B01,1,1,1,4,1,0,-1,0,0,-1,2021,34.0,3,5,0,2,2,23,1,,4,AVENUE DE LA PORTE D AUTEUIL,0,,1,3,0,1,(1),(1),1,, -1,1,0,1,50,23,11,1,75,75116,2,2,0,3,AVENUE DE LA PORTE D AUTEUIL,48.848077,2.253119,10,2,2
202100003340,195Â 790,A01,1,1,1,5,8,-1,-1,0,0,-1,2021,70.0,1,2,2,0,1,0,1,,3,67,-1,,2,2,0,1,12,580,2,, -1,1,0,3,80,12,12,3,76,76752,1,1,0,7,D142,49.660658,0.899427,21,1,1
202100020621,164Â 768,A01,1,1,1,5,2,-1,-1,0,0,-1,2021,53.0,2,1,0,2,4,1,5,,3,923,0,D,2,3,0,2,13,860,1,, -1,1,0,1,90,7,9,1,61,61484,1,1,1,2,RD923 - PK 13+860 - MALE,48.254313,0.699885,15,2,2
202100015029,174Â 845,B01,1,1,1,5,8,0,-1,-1, -1,-1,2021,11.0,1,1,0,2,7,19,5,,3,COET (RUE ANTOINE),0,,1,1,0,1,(1),(1),1,, -1,1,0,1,50,4,10,1,59,59654,2,1,0,3,COET (RUE ANTOINE),50.38707,3.11311,18,2,2
202100039019,131Â 897,A01,1,1,2,5,8,-1,-1,0,0,-1,2021,54.0,2,2,2,0,1,0,1,,3,41,-1,A,2,2,0,2,0,487,2,, -1,1,9,8,50,22,5,1,31,31080,2,9,0,6,Boulevard Raymond Bergougnan,43.287968,0.647684,11,1,1
202100007466,188Â 404,A01,1,1,2,0,2,6,-1,-1, -1,-1,2021,21.0,1,1,8,2,0,23,0,,3,69,0,,2,2,0,1,0,0,1,, -1,1,9,4,30,18,11,5,92,92040,2,1,0,6,GALLIENI (BOULEVARD),48.82821,2.2675,17,1,1
202100019426,166Â 911,A01,1,1,1,5,2,6,-1,0,0,-1,2021,57.0,2,1,0,0,0,1,1,,3,132,0,D,2,2,0,1,0,0,2,, -1,1,0,3,80,12,9,1,91,91602,1,1,0,7,Route dÃ©partementale 132,48.515208,2.16163,16,1,1
202100053387,106Â 295,A01,1,1,2,5,1,-1,-1,0,0,-1,2021,21.0,1,2,2,0,1,1,1,,3,31,-1,,2,2,0,1,25,0,1,, -1,1,0,1,90,29,1,1,48,48137,1,1,0,6,"D31, PK25+000",44.44549,3.475692,15,2,1
202100056389,101Â 107,B01,1,1,1,0,2,6,-1,-1, -1,-1,2021,30.0,1,1,0,2,4,2,1,,4,SAINT-CHRISTOPHE (RUE),0,,3,4,0,1,0,0,1,, -1,1,0,1,30,2,1,5,972,97209,2,1,0,2,SAINT-CHRISTOPHE (RUE),14.61181,-61.05263,18,2,2
202100036506,136Â 450,B01,1,1,1,5,0,-1,-1,0,0,-1,2021,14.0,1,1,0,2,0,13,0,,3,25,-1,D,2,2,0,1,7,400,1,, -1,1,0,1,50,1,6,1,74,74180,2,1,0,6,56 R du Veret,46.352045,6.298578,14,2,2