Num_Acc,id_vehicule,num_veh,place,catu,sexe,trajet,secu1,secu2,secu3,locp,actp,etatp,year_acc,victim_age,senc,catv,obs,obsm,choc,manv,motor,occutc,catr,voie,v1,v2,circ,nbv,vosp,prof,pr,pr1,plan,lartpc,larrout,surf,infra,situ,vma,jour,mois,lum,dep,com,agg_,int,atm,col,adr,lat,long,hour,nb_victim,nb_vehicules
202100026266,154Â 750,B01,1,1,2,0,1,8,-1,-1, -1,-1,2021,33.0,2,2,0,2,1,1,1,,3,7,0,,1,2,0,1,0,0,1,, -1,1,0,1,50,29,7,1,91,91027,2,3,0,3,AV FRANCOIS MITTERRAND,48.70501,2.37146,20,5,2
202100043559,123Â 806,A01,10,3,2,3,0,-1,-1,2,5,1,2021,21.0,1,2,0,1,3,1,2,,4,RUE DE COMPIEGNE,0,,1,2,0,1,(1),(1),1,, -1,1,0,1,50,18,4,1,75,75110,2,1,0,6,RUE DE COMPIEGNE,48.879693,2.353418,16,2,1
202100027936,151Â 770,A01,1,1,1,0,2,0,-1,0,0,-1,2021,31.0,2,1,0,2,1,1,1,,4,CAPONIERE (RUE - 109 IMPAIR  146 PAIR),0,,2,2,0,1,1,0,4,, -1,1,0,1,30,20,7,1,14,14118,2,3,0,1,Rue CaponiÃ¨re,49.17836,-0.37993,19,2,2
202100011661,180Â 882,B01,1,1,1,1,2,6,-1,-1, -1,-1,2021,49.0,2,1,0,2,1,1,1,,3,JEAN JAURES (R),0,,2,2,1,1,1,0,1,, -1,1,0,1,50,21,10,5,94,94017,2,1,1,3,Rue Jean JaurÃ¨s,48.81523,2.5072,7,2,2
202100020074,165Â 744,B01,1,1,1,9,1,0,-1,-1, -1,-1,2021,50.0,1,2,0,2,3,26,1,,4,BOIS DE L'HOPITAL,0,,2,2,0,1,1,0,1,, -1,1,0,8,50,8,9,1,49,49267,2,1,0,3,BOIS DE L'HOPITAL,47.47279,-0.45477,15,2,2
202100024295,158Â 244,A01,2,2,1,5,8,0,-1,-1, -1,-1,2021,18.0,2,2,0,2,1,5,1,,7,SALENGRO (AVENUE ROGER),0,,1,2,0,1,0,9,2,, -1,1,5,1,30,12,8,5,13,13005,2,6,0,1,SALENGRO (AVENUE ROGER),43.3009,5.57034,23,5,2
202100000309,201Â 165,B01,1,1,1,0,1,8,-1,-1, -1,-1,2021,59.0,3,2,0,2,1,1,1,,7,PLAGE (RTE DE LA ),0,,2,2,0,1,0,0,1,, -1,1,0,1,70,11,7,1,13,13054,1,1,0,1,PLAGE (RTE DE LA ),43.43486,5.1972,18,3,2
202100047829,116Â 262,A01,10,3,2,9,0,-1,-1,4,3,1,2021,34.0,1,5,0,1,1,15,1,,4,RUE DOUDEAUVILLE,0,,1,1,0,2,(1),(1),1,, -1,2,0,1,50,16,3,1,75,75118,2,5,1,6,RUE DOUDEAUVILLE,48.888405,2.348001,12,2,1
202100053644,105Â 842,A01,10,3,2,2,0,-1,-1,3,3,1,2021,12.0,1,1,3,1,7,21,1,,3,CHARLES DE GAULLE (AVENUE) RD75 NÂ°1 A 35,0,,1,0,1,2,0,0,2,, -1,2,4,5,30,26,1,1,92,92060,2,8,0,6,CHARLES DE GAULLE (AVENUE) RD75 NÂ°1 A 35,48.77939,2.26114,8,2,1
202100006762,189Â 698,A01,1,1,1,5,2,-1,-1,0,0,-1,2021,39.0,1,1,8,0,1,1,1,,3,712,0,,2,2,0,1,15,400,1,, -1,1,0,1,50,23,11,5,29,29199,1,1,0,6,D712 - La Chapelle du Mur,48.57584878,-3.767713755,23,1,1
202100009248,185Â 178,B01,1,1,2,1,8,4,-1,-1, -1,-1,2021,56.0,1,1,0,2,8,23,5,,4,FEBVOTTE (RUE),0,,2,3,0,2,(1),(1),1,, -1,2,0,1,50,5,11,5,37,37261,2,1,0,3,FEBVOTTE (RUE),47.3756468417,0.67987293,5,3,2
202100002751,196Â 849,B01,1,1,1,1,2,6,-1,-1, -1,-1,2021,51.0,2,1,0,2,2,1,1,,4,RESPLANDY (AVENUE DU CAPITAINE),0,,2,2,0,1,(1),(1),1,, -1,2,0,1,50,14,12,3,64,64102,2,1,1,3,Avenue Capitaine Resplandy,43.48987,-1.46704,6,2,2
202100055056,103Â 399,C01,1,1,1,9,8,0,-1,-1, -1,-1,2021,70.0,1,2,0,2,1,0,1,,4,CABOT (BOULEVARD),0,,2,2,0,1,(1),(1),1,, -1,1,9,1,50,13,1,1,13,13209,2,9,0,5,CABOT (BOULEVARD),43.258725,5.417291,11,3,3
202100009056,185Â 515,A01,1,1,1,0,2,6,-1,-1, -1,-1,2021,38.0,1,1,0,0,0,1,1,,1,AUTOROUTE A104,0,,3,6,0,1,4,0,1,, -1,2,0,1,110,7,11,1,93,93078,1,1,1,7,AUTOROUTE A104,48.9585723695,2.5335434729,12,1,1
202100054962,103Â 568,A01,2,2,1,2,1,-1,-1,0,0,-1,2021,15.0,1,2,6,2,3,17,1,,3,964,0,,2,2,0,2,0,500,1,, -1,1,9,1,50,15,1,3,70,70240,2,1,0,1,Rue Marquiset,47.864256,6.327771,17,5,2
202100015362,174Â 251,A01,1,1,1,5,1,0,-1,-1, -1,-1,2021,22.0,3,2,0,2,1,2,1,,4,VANNE (R DE LA),0,,1,2,0,2,1,0,1,, -1,2,0,1,50,3,10,1,94,94065,2,1,1,4,Rue de la Vanne,48.75257,2.35448,13,5,3
202100037794,134Â 106,A01,1,1,1,5,2,0,-1,-1, -1,-1,2021,73.0,2,1,0,2,2,2,5,,4,SEBASTOPOL (RUE),0,,1,1,0,1,(1),(1),1,, -1,1,0,1,50,27,5,1,37,37261,2,1,0,6,SEBASTOPOL (RUE),47.3882778068,0.6847160825,13,2,2
202100004097,194Â 416,B01,1,1,1,1,2,0,-1,0,0,-1,2021,55.0,2,1,0,2,4,1,1,,4,,0,,1,2,0,1,(1),(1),1,, -1,1,0,1,50,7,12,1,6,6029,2,1,0,2,JUIN (AVENUE MARECHAL),43.54845,7.03943,10,2,2
202100011360,181Â 424,C01,1,1,2,0,1,0,-1,-1, -1,-1,2021,58.0,2,2,0,9,1,1,1,,4,CORBEIL (ROUTE),0,,2,3,0,2,0,0,1,, -1,1,0,1,50,22,10,1,91,91667,2,1,0,5,CORBEIL (ROUTE),48.650916,2.336894,16,6,3
202100032068,144Â 427,B01,1,1,1,5,2,6,-1,-1, -1,-1,2021,22.0,1,1,0,2,8,1,1,,2,RN104,0,,3,6,0,1,4,300,1,, -1,1,0,1,90,26,6,1,77,77373,1,1,0,3,RN104,48.79433,2.62008,17,2,2
202100030270,147Â 656,B01,1,1,1,1,2,-1,-1,0,0,-1,2021,58.0,1,1,0,2,3,1,1,,3,236,-1,,2,2,0,1,5,357,1,, -1,1,0,1,90,8,7,1,77,77246,1,2,0,3,Intersection RD236 et RD78,48.578062,3.369638,8,2,2
202100056145,101Â 524,A01,10,3,1,5,0,-1,-1,8,3,1,2021,50.0,1,3,0,1,3,1,3,,4,FAUBOURG NATIONAL (RUE DU),0,,2,2,3,1,0,0,1,, -1,1,4,6,50,4,1,1,67,67482,2,8,0,6,FAUBOURG NATIONAL (RUE DU),48.58238,7.73699,14,2,1
202100036835,135Â 856,B01,1,1,2,4,2,0,-1,0,0,-1,2021,19.0,2,1,0,2,3,1,5,,4,RUE CARDINET,0,,-1,2,0,1,(1),(1),1,, -1,1,0,1,50,2,6,1,75,75117,2,3,0,3,RUE CARDINET,48.890239,2.31722,19,2,2
202100036952,135Â 648,B01,4,2,2,4,1,-1,-1,-1, -1,-1,2021,46.0,2,2,0,2,7,1,1,,4,RAULIN                              (R ),0,,1,1,2,1,(1),(1),1,, -1,1,0,1,50,1,6,1,69,69387,2,2,0,3,RAULIN (R),45.74665,4.83443,15,5,2
202100038721,132Â 417,B01,1,1,2,5,1,-1,-1,-1, -1,-1,2021,24.0,1,2,0,2,4,2,1,,7,RD383 2.321 A 3.750,0,,-1,3,0,1,2,400,1,, -1,1,0,1,70,22,5,1,69,69266,1,1,0,2,RD383 2.321 A 3.750,45.78582,4.88929,11,2,2
202100017021,171Â 194,A01,1,1,1,5,2,0,-1,0,0,-1,2021,40.0,1,1,0,2,6,1,5,,4,BOULEVARD MACDONALD,0,,3,3,1,2,(1),(1),1,, -1,1,0,5,30,25,9,5,75,75119,2,2,0,3,BOULEVARD MACDONALD,48.898721,2.371041,19,2,2
202100025408,156Â 240,A01,10,3,1,1,0,-1,-1,3,3,1,2021,55.0,1,2,0,1,1,1,1,,3,TRENET (RUE CHARLES),0,,2,2,0,1,(1),(1),1,, -1,1,9,1,50,1,6,1,11,11262,2,3,0,6,LORRAINE (QUAI DE),43.185753,2.9986433,18,2,1
202100009019,185Â 593,A01,9,2,1,4,0,-1,-1,0,0,-1,2021,61.0,2,2,3,2,2,17,1,,1,26,-1,,3,4,0,1,67,800,1,, -1,2,0,1,110,4,11,3,62,62224,1,1,1,5,A26,50.53661,2.546752,20,4,3
202100032722,143Â 280,B01,1,1,1,0,2,0,-1,-1, -1,-1,2021,20.0,1,1,0,2,6,0,1,,3,986,0,,1,2,0,1,0,0,1,, -1,1,0,1,50,23,6,1,92,92050,2,2,0,3,REPUBLIQUE AVENUE DE LA,48.9051551468,2.2094616294,17,2,2
202100030353,147Â 505,A01,10,3,2,3,0,-1,-1,2,3,1,2021,45.0,1,2,0,1,2,9,1,,4,BROGLIE (RUE LOUIS DE),0,,2,2,0,1,(1),(1),3,, -1,1,0,1,50,6,7,1,65,65440,2,6,0,6,JOLIOT CURIE (RUE),43.222964,0.079529,17,2,1
202100052942,107Â 089,A01,1,1,1,4,1,-1,-1,0,0,-1,2021,47.0,1,4,3,0,7,14,1,,2,10,0,,3,4,0,2,65,35,1,"12,5",14,1,0,1,90,18,1,3,16,16287,1,1,0,6,RN 10,45.566768,0.019741,18,1,1
202100018538,168Â 497,A01,10,3,1,2,0,-1,-1,1,5,2,2021,3.0,3,2,0,1,2,1,1,,4,HALINE. RUE DE LA,0,,2,2,0,1,0,0,1,, -1,1,0,1,50,16,9,1,76,76640,2,1,0,6,HALINE. RUE DE LA,49.27392,1.05028,8,2,1
202100020446,165Â 085,A01,1,1,1,4,1,8,-1,0,0,-1,2021,28.0,1,4,0,2,1,2,1,,3,,0,,1,1,0,2,0,0,1,, -1,1,3,1,30,12,5,1,14,14366,2,3,0,2,D613,49.13286,0.236347,13,2,2
202100035931,137Â 463,A01,1,1,1,5,2,6,-1,0,0,-1,2021,53.0,2,1,3,0,9,17,1,,3,RD5 ANTOINE DE ST EXUPERY,0,,2,3,0,2,13,930,3,, -1,1,0,3,90,6,6,1,12,12013,1,1,0,6,RD5 ANTOINE DE ST EXUPERY,44.51758,2.24406,18,1,1
202100014585,175Â 639,B01,1,1,1,0,8,0,-1,-1, -1,-1,2021,56.0,1,1,0,2,0,2,5,,4,SELESTAT (RUE DE),0,,2,3,0,1,0,0,1,, -1,1,0,1,30,6,10,1,67,67447,2,3,0,2,SELESTAT (RUE DE),48.61017,7.73949,11,2,2
202100031230,145Â 918,A01,1,1,1,5,2,6,-1,0,0,-1,2021,21.0,0,1,0,0,7,1,1,,4,0,-1,,-1,2,0,2,(1),(1),3,, -1,1,0,1,50,4,7,1,83,83036,1,1,0,7,Avenue des Sauvagieres,43.199345,6.525165,16,1,1
202100011901,180Â 453,A01,1,1,1,4,1,-1,-1,0,0,-1,2021,40.0,1,4,10,0,4,1,1,,3,D926,-1,,2,3,0,2,20,400,3,, -1,2,0,3,50,22,10,1,82,82038,1,1,1,6,D926,44.2322064814,1.7677761039,9,2,1
202100044068,122Â 907,B01,1,1,1,5,2,-1,-1,0,0,-1,2021,36.0,2,1,0,2,1,1,1,,2,1,0,,2,2,0,1,(1),(1),1,, -1,1,0,1,50,13,4,1,976,97610,1,1,0,1,Majikavo Koropa,-12.746407,45.2267,17,3,2
202100013223,178Â 105,B01,1,1,1,1,1,0,-1,-1, -1,-1,2021,40.0,1,2,6,2,2,1,1,,4,PLAINE (RUE DE LA),0,,2,2,0,1,(1),(1),1,, -1,1,0,1,50,14,10,1,86,86194,2,2,0,3,Rue de la Plaine,46.570932,0.3545585,17,2,2
202100003142,196Â 153,B01,1,1,1,0,1,8,-1,-1, -1,-1,2021,80.0,1,2,0,2,4,2,1,,2,CALIX (VIADUC DE ) CHERBOURG/PARIS,0,,1,4,0,3,3,200,1,, -1,2,0,1,70,11,12,1,14,14437,2,1,0,4,CALIX (VIADUC DE ) CHERBOURG/PARIS,49.1842,-0.3275,11,3,3
202100037236,135Â 125,A01,1,1,2,1,1,-1,-1,-1, -1,-1,2021,36.0,0,2,0,2,1,2,1,,4,PREVERT (AVENUE JACQUES),0,,2,2,0,2,0,0,1,, -1,1,0,1,50,28,5,1,50,50173,2,1,0,2,PREVERT (AVENUE JACQUES),49.65476,-1.66967,12,2,2
202100047536,116Â 795,B01,1,1,2,3,2,0,-1,-1, -1,-1,2021,65.0,1,1,0,2,1,2,3,,4,G R CHARLES DE GAULLE ,0,,1,1,0,1,1,(1),1,, -1,1,0,1,30,17,3,1,94,94052,2,1,0,1,CHARLES DE GAULLE (GRAND RUE),48.8377,2.48784,9,2,2
202100020337,165Â 284,B01,1,1,2,5,8,0,-1,-1, -1,-1,2021,88.0,2,2,0,9,4,1,1,,4,GARIBALDI (R),0,,2,2,0,1,0,0,1,, -1,1,0,1,30,6,9,1,94,94068,2,1,0,4,GARIBALDI (R),48.79583,2.48351,13,3,3
202100018551,168Â 474,B01,2,2,2,0,1,0,-1,-1, -1,-1,2021,60.0,1,2,0,2,3,1,1,,4,HANDIABAITA (CHEMIN D'),0,,2,2,0,1,(1),0,1,, -1,2,0,1,50,16,9,1,64,64545,2,1,1,1,HANDIABAITA (CHEMIN D'),43.381186,-1.700828,11,3,2
202100055797,102Â 131,B01,1,1,1,1,2,0,-1,-1, -1,-1,2021,49.0,2,0,0,2,0,1,3,,4,VEYETTES (DES),0,,2,2,0,1,(1),(1),3,, -1,1,0,1,50,8,1,1,35,35238,2,4,0,6,VEYETTES (DES),48.09768,-1.63021,12,2,2
202100056022,101Â 745,A01,10,3,2,0,0,-1,-1,3,3,1,2021,41.0,1,2,0,1,1,19,1,,2,SECTION GRANDE RAVINE,0,,1,1,0,1,(1),(1),1,, -1,1,9,1,50,6,1,1,971,97113,1,6,0,6,SECTION GRANDE RAVINE,16.2131,-61.4772,7,3,1
202100052124,108Â 539,A01,1,1,1,5,8,0,-1,-1, -1,-1,2021,26.0,1,0,0,0,0,0,0,,4,CARNOT (BOULEVARD),0,,1,1,0,1,(1),(1),1,, -1,1,0,1,50,5,2,1,43,43157,2,1,0,7,30 Boulevard Carnot,45.0459,3.87995,13,1,1
202100028652,150Â 498,A01,10,3,1,9,0,-1,-1,9,9,1,2021,86.0,2,2,6,0,1,26,1,,4,RUE DES MOUETTES,0,,2,2,0,1,(1),(1),2,, -1,1,0,8,50,16,7,5,31,31555,2,1,0,6,RUE DES MOUETTES,43.57658,1.44019,4,2,1
202100023099,160Â 327,B01,2,2,1,5,2,0,-1,-1, -1,-1,2021,22.0,2,1,0,2,1,2,1,,7,AEROPORT (AVENUE DE L'),0,,2,2,1,1,2,680,1,, -1,1,0,1,70,21,8,5,83,83069,1,1,0,2,AEROPORT (AVENUE DE L'),43.09267,6.14067,23,3,2
202100055872,102Â 012,A01,1,1,1,0,0,-1,-1,0,0,-1,2021,55.0,3,1,0,2,2,11,5,,4,,-1,,2,2,0,1,(1),(1),1,, -1,2,0,1,50,8,1,5,973,97309,2,9,1,1,rue gaston monnerville,4.887064,-52.276801,19,2,2
202100015957,173Â 145,B01,1,1,1,4,2,0,-1,0,0,-1,2021,67.0,3,1,0,2,7,1,1,,4,PLACE DU CHATELET,0,,1,3,2,1,(1),(1),1,, -1,1,0,1,30,30,9,1,75,75101,2,7,0,3,PLACE DU CHATELET,48.857182,2.347333,13,3,2
202100035828,137Â 665,A01,1,1,1,5,2,6,-1,0,0,-1,2021,52.0,1,1,0,0,9,1,1,,1,41,-1,S,2,2,0,1,18,500,1,, -1,1,0,1,130,9,6,1,38,38214,1,1,0,7,A41 Pk 018+500,45.301758,5.925364,14,2,1
202100039361,131Â 243,A01,1,1,1,5,2,-1,-1,0,0,-1,2021,18.0,3,1,0,2,2,1,1,,4,,0,,1,1,0,1,(1),20,1,, -1,2,0,1,50,19,5,2,85,85127,2,3,0,3,Rue de la Plaine,46.425131,-1.486775,7,2,2
202100042029,126Â 499,A01,1,1,1,5,1,0,-1,-1, -1,-1,2021,74.0,1,2,0,2,1,9,1,,4,PUITS DE VILLE (RUE),0,,2,2,0,1,(1),(1),1,, -1,1,0,1,50,29,4,1,45,45284,2,1,0,3,Rue du Puits de Ville,47.91188,1.95917,13,4,2
202100031855,144Â 815,A01,1,1,2,0,2,6,-1,-1, -1,-1,2021,23.0,1,1,0,0,3,16,1,,4,BAB (BOULEVARD DU),0,,3,4,0,1,0,0,3,, -1,2,8,1,50,29,6,5,64,64024,2,1,1,7,BAB (BOULEVARD DU),43.4926,-1.5315,2,1,1
202100035169,138Â 845,A01,10,3,1,9,0,-1,-1,3,3,2,2021,72.0,1,2,0,1,1,1,1,,3,,-1,,2,2,2,1,48,205,1,,4,1,0,1,50,12,6,1,73,73006,2,1,1,6, D990 - 811 Av de la Tarentaise,45.55553,6.648375,10,3,1
202100051702,109Â 276,B01,2,1,1,5,2,6,-1,-1, -1,-1,2021,23.0,1,1,0,2,1,1,1,,7,MERMOZ (RUE JEAN),0,,2,2,0,1,0,0,1,, -1,2,0,1,30,12,2,5,13,13005,2,2,1,1,MERMOZ (RUE JEAN),43.2871059968,5.573547553,19,2,2
202100031649,145Â 182,A01,1,1,1,5,2,-1,-1,0,0,-1,2021,19.0,1,1,13,0,9,16,1,,3,9,0,,2,2,0,1,35,300,3,, -1,1,0,1,80,1,7,1,42,42181,1,1,0,7,Route de Roanne,45.989225,4.208536,6,1,1
202100039121,131Â 699,B01,1,1,2,0,1,0,-1,0,0,-1,2021,54.0,2,2,0,2,7,1,1,,3,MENDES FRANCE (AVENUE PIERRE),0,,2,2,0,1,(1),(1),-1,, -1,1,5,1,70,7,5,1,22,22360,1,6,0,3,Le Guerneau,48.477891,-2.768202,17,3,2
202100042853,125Â 068,B01,1,1,1,5,2,8,-1,-1, -1,-1,2021,73.0,3,1,0,2,5,2,5,,4,LA NEGRESSE (CARREFOUR DE LA),0,,1,2,0,2,0,0,2,, -1,1,5,1,50,23,4,1,64,64122,2,6,0,3,LA NEGRESSE (CARREFOUR DE LA),43.46028,-1.54792,12,2,2
202100045038,121Â 221,B01,1,1,1,9,2,6,-1,0,0,-1,2021,21.0,1,1,0,2,1,17,1,,4,AVENUE PARMENTIER,0,,3,4,3,1,(1),(1),1,, -1,1,0,1,30,5,4,1,75,75110,2,2,0,3,AVENUE PARMENTIER,48.870011,2.371054,16,2,2
202100046391,118Â 848,B01,1,1,1,0,2,6,-1,-1, -1,-1,2021,47.0,3,1,0,2,8,1,1,,3,GENERAL DE GAULLE (AV DU),0,,2,2,0,1,1,0,1,, -1,1,0,1,50,26,3,1,94,94073,2,3,0,6,Rue du FossÃ© Bazin,48.7681,2.37318,12,1,1
202100029303,149Â 384,A01,1,1,1,1,1,-1,-1,-1, -1,-1,2021,58.0,0,2,2,0,1,1,1,,4,TEMPLE-DE-BLOSNE (RUE DU),0,,2,2,0,1,(1),(1),1,, -1,2,0,1,50,12,7,1,35,35281,2,1,1,6,TEMPLE-DE-BLOSNE (RUE DU),48.090198,-1.695026,9,2,1
202100040071,129Â 970,A01,1,1,1,5,2,6,-1,0,0,-1,2021,33.0,1,1,0,2,1,17,1,,4,BOULEVARD DE COURCELLES,0,,2,6,0,1,(1),(1),1,, -1,1,0,1,50,12,5,1,75,75117,2,7,0,5,BOULEVARD DE COURCELLES,48.878299,2.298604,19,4,3
202100024543,157Â 790,B01,1,1,1,0,1,0,-1,0,0,-1,2021,27.0,2,5,0,2,5,2,1,,3,MARIGARDE (ROUTE DE LA),0,,2,2,0,1,20,650,1,, -1,1,0,1,50,12,8,1,6,6069,2,1,0,3,MARIGARDE (ROUTE DE LA),43.653819,6.93503,8,3,2
202100033284,142Â 276,A01,1,1,1,0,8,0,-1,-1, -1,-1,2021,54.0,1,2,0,2,4,2,1,,1,A7-Sens Lyon vers Marseille,0,,2,6,0,1,274,0,1,, -1,1,0,1,90,15,6,1,13,13215,1,1,0,4,A7-Sens Lyon vers Marseille,43.37157,5.36101,16,2,2
202100035587,138Â 106,B01,1,1,1,3,1,-1,-1,0,0,-1,2021,59.0,2,2,0,2,1,1,1,,3,,-1,,2,2,0,1,(1),(1),1,,4,1,0,1,50,10,6,1,38,38425,2,1,0,1,Rue Jules Guesde,45.388264,4.782915,11,2,2
202100021785,162Â 686,B01,1,1,1,5,1,0,-1,-1, -1,-1,2021,32.0,1,5,0,2,1,1,1,,4,MENDES FRANCE PIERRE (BOULEVARD),0,,3,4,0,1,(1),(1),1,, -1,1,5,1,50,25,8,5,42,42218,2,2,0,3,Boulevard Pierre MendÃ¨s-France,45.43435,4.37963,23,2,2
202100005714,191Â 593,B01,1,1,2,1,1,0,-1,-1, -1,-1,2021,55.0,1,2,0,2,4,1,2,,1,A507 sens Marseille - Aubagne,0,,1,3,0,2,7,260,1,, -1,2,1,1,70,25,11,1,13,13055,1,1,1,1,A507 sens Marseille - Aubagne,43.30118,5.42491,8,2,2
202100009847,184Â 097,A01,1,1,2,4,1,-1,-1,0,0,-1,2021,61.0,1,2,0,2,3,19,1,,3,970,-1,,2,2,0,1,39,23,1,, -1,2,0,1,90,3,11,1,21,21476,1,2,0,3,pasquier,47.143124,4.61517,9,3,2
202100026422,154Â 469,A01,1,1,1,0,0,-1,-1,-1, -1,-1,2021,31.0,2,1,0,2,2,11,3,,4,JEAN JAURES                         (AV),0,,2,4,3,1,(1),(1),1,, -1,1,0,1,50,29,7,1,69,69387,2,1,0,3,JEAN JAURES (AV),45.7383309979,4.8377686198,15,2,2
202100050113,112Â 163,A01,1,1,1,0,1,-1,-1,0,0,-1,2021,77.0,3,2,0,2,3,15,1,,3,5,0,,2,2,0,1,18,600,1,, -1,1,0,1,80,19,2,1,24,24376,1,3,0,3,pont rouge,45.2067,0.154667,8,2,2
202100029018,149Â 861,B01,2,2,2,5,1,-1,-1,0,0,-1,2021,45.0,1,2,0,2,1,1,1,,2,30,0,,2,2,0,1,10,50,1,, -1,1,0,1,70,14,7,1,202,202050,1,1,0,1,RT30,42.557731,8.795902,16,4,2
202100014471,175Â 838,A01,1,1,1,3,2,6,-1,0,0,-1,2021,57.0,1,1,0,2,2,17,1,,2,21,0,,2,2,0,1,73,900,1,, -1,1,0,1,50,8,10,1,32,32256,2,3,0,3,Avenue de Chanzy (N21),43.511489,0.404281,10,2,2
202100051457,109Â 720,C01,10,3,1,0,8,8,-1,1,9,2,2021,20.0,0,2,1,0,1,1,1,,3,RESISTANCE (RUE DE LA),0,,2,4,0,1,0,1,1,, -1,2,5,1,50,15,2,5,93,93073,2,6,0,6,RESISTANCE (RUE DE LA),48.9472,2.56641,20,3,1
202100025860,155Â 462,A01,3,2,2,5,1,-1,-1,0,0,-1,2021,9.0,1,2,0,2,9,19,1,,3,36,-1,,2,2,0,1,1,600,1,, -1,1,0,1,50,19,3,1,38,38087,2,2,0,5,Avenue de Nor-hadjin,45.581232,4.796847,17,7,3
202100008282,186Â 912,A01,1,1,1,5,2,-1,-1,0,0,-1,2021,64.0,1,1,0,6,8,1,1,,3,3,-1,,2,2,0,1,15,300,1,, -1,1,0,1,90,1,9,3,51,51410,1,1,0,7,D3,49.0798583164,3.7741419025,20,1,1
202100046682,118Â 331,A01,7,2,2,5,0,-1,-1,0,0,-1,2021,27.0,2,2,4,0,1,1,1,,3,244,0,,2,2,0,2,(1),(1),2,, -1,1,2,3,80,21,3,3,202,202236,1,1,0,6,route de poggio di nazza,42.052766,9.295421,23,2,1
202100050829,110Â 826,A01,1,1,1,5,2,6,-1,0,0,-1,2021,23.0,1,1,5,0,1,21,1,,3,148,0,,2,2,0,1,29,600,1,, -1,1,0,3,80,20,2,1,52,52369,1,1,0,7,"D148 - Lieu-dit ""le cul du cerf""",48.321125,5.417724,15,3,2
202100020640,164Â 733,A01,1,1,1,5,2,7,9,0,0,-1,2021,37.0,1,1,0,0,7,1,1,,3,35,-1,,2,2,0,2,4,210,3,, -1,9,0,1,80,6,9,1,24,24396,1,1,0,7,Montenset,44.890859,1.010946,18,1,1
202100009885,184Â 032,C01,1,1,1,0,1,0,-1,-1, -1,-1,2021,28.0,2,2,0,2,4,2,1,,1,AUTOROUTE A86,0,,3,4,0,1,12,199,1,, -1,2,0,1,70,1,11,1,93,93039,1,1,0,4,AUTOROUTE A86,48.9266789645,2.3358397729,16,4,4
202100019979,165Â 920,E01,10,3,1,4,0,-1,-1,6,A,2,2021,29.0,1,2,0,0,0,23,0,,2,4,-1,,3,4,0,1,29,100,1,, -1,1,0,1,-1,26,8,1,57,57743,1,1,0,4,PR 29+100 nationale 4,48.754748,7.194674,8,7,5
202100020887,164Â 314,B01,1,1,1,9,2,6,-1,0,0,-1,2021,47.0,1,1,0,2,3,18,1,,4,RUE DE ROME,0,,2,4,3,2,(1),(1),1,, -1,1,0,6,50,3,9,1,75,75108,2,2,0,3,RUE DE ROME,48.8780521297,2.3226452048,15,2,2
202100049157,113Â 888,A01,10,3,1,2,0,-1,-1,2,3,3,2021,15.0,2,2,0,1,2,1,1,,4,PASCAL RUE,0,,2,2,0,1,0,0,1,, -1,1,0,1,50,5,3,1,92,92050,2,6,0,6,PASCAL RUE,48.8976317061,2.2037243843,17,2,1
202100030263,147Â 669,C01,1,1,1,5,1,-1,-1,0,0,-1,2021,59.0,0,2,0,2,2,2,1,,2,1,0,A,2,2,2,1,0,0,1,,7,1,0,1,-1,8,7,1,974,97413,1,1,0,4,rue du gÃ©nÃ©ral de gaulle,-21.155533,55.28316,13,4,4
202100047068,117Â 636,B01,2,2,1,9,8,0,-1,-1, -1,-1,2021,34.0,2,1,0,2,2,17,1,,3,909,0,,2,2,0,1,0,0,1,, -1,1,0,1,50,22,3,1,92,92004,2,1,0,3,ARGENTEUIL AV D',48.91048,2.28583,15,3,2
202100038815,132Â 237,B01,1,1,1,5,2,6,-1,0,0,-1,2021,56.0,2,1,0,2,3,1,1,,3,988,-1,,2,2,0,2,25,550,3,, -1,1,0,1,80,23,5,1,12,12219,1,1,0,1,D988,44.456318,2.903207,13,2,2
202100025690,155Â 764,B01,1,1,1,1,2,6,-1,0,0,-1,2021,60.0,1,1,0,2,2,1,1,,3,13,0,,2,2,0,1,31,53,1,, -1,1,0,1,80,5,8,1,81,81131,1,3,0,3,Route de Brens,43.89262,1.987882,17,2,2
202100056073,101Â 653,A01,1,1,1,4,2,8,-1,0,0,-1,2021,23.0,3,1,0,2,1,1,3,,4,QUAI HENRI IV,0,,1,3,3,1,(1),(1),1,, -1,2,0,1,50,6,1,5,75,75104,2,2,1,3,QUAI HENRI IV,48.85082,2.361415,1,2,2
202100029961,148Â 243,B01,1,1,1,0,1,0,-1,-1, -1,-1,2021,45.0,1,2,0,2,4,2,1,,3,ALENCON (RTE D'),0,,1,2,0,2,0,462,1,, -1,1,0,1,50,7,7,1,72,72181,1,1,0,2,ALENCON (RTE D'),48.02977,0.18002,18,3,2
202100043424,124Â 041,B01,1,1,1,0,2,6,-1,-1, -1,-1,2021,34.0,1,1,0,2,7,17,1,,3,GENERAL LECLERC (AVENUE DU),0,,2,4,0,1,1,104,1,, -1,1,0,1,50,15,4,1,78,78686,2,2,0,3,GENERAL LECLERC (AVENUE DU),48.80079,2.16204,18,3,2
202100016252,172Â 580,B01,1,1,2,5,2,0,-1,0,0,-1,2021,29.0,3,0,0,2,8,1,3,,4,BOULEVARD BEAUMARCHAIS,0,,2,5,0,1,(1),(1),1,, -1,1,0,1,50,29,9,1,75,75104,2,3,0,3,BOULEVARD BEAUMARCHAIS,48.8548154171,2.3687320498,10,2,2