Num_Acc,id_vehicule,num_veh,place,catu,sexe,trajet,secu1,secu2,secu3,locp,actp,etatp,year_acc,victim_age,senc,catv,obs,obsm,choc,manv,motor,occutc,catr,voie,v1,v2,circ,nbv,vosp,prof,pr,pr1,plan,lartpc,larrout,surf,infra,situ,vma,jour,mois,lum,dep,com,agg_,int,atm,col,adr,lat,long,hour,nb_victim,nb_vehicules
202100044111,122Â 827,C01,1,1,1,5,1,0,-1,-1, -1,-1,2021,42.0,1,2,0,2,1,26,1,,2,LITTORAL (ROUTE 3 DU),0,,1,2,0,1,(1),(1),1,, -1,1,0,1,90,12,4,1,974,97411,1,1,0,4,LITTORAL (ROUTE 3 DU),-20.874576,55.426542,8,3,3
202100025010,156Â 945,B01,1,1,1,0,2,8,-1,-1, -1,-1,2021,46.0,3,1,0,2,1,1,1,,4,AVENUE RAIMU,0,,2,4,0,2,3,0,1,, -1,1,0,1,50,8,8,1,13,13214,2,1,0,3,AVENUE RAIMU,43.3333,5.3989,8,2,2
202100005607,191Â 781,A01,10,3,2,2,0,-1,-1,3,3,1,2021,20.0,1,5,0,1,1,1,1,,3,953,-1,,2,2,0,1,13,120,1,, -1,2,0,1,50,30,11,5,57,57663,2,1,1,6,Rue de Metz,49.22739,6.167021,18,2,1
202100052432,107Â 992,A01,10,3,2,1,0,-1,-1,3,3,1,2021,29.0,1,2,0,1,1,1,1,,4,QUAI ERNEST RENAUD,0,,3,2,2,1,(1),(1),1,, -1,1,0,1,50,8,1,1,44,44109,2,1,1,6,QUAI ERNEST RENAUD,47.2059,-1.57392,16,2,1
202100028407,150Â 937,B01,1,1,1,5,2,6,-1,0,0,-1,2021,21.0,3,6,0,2,1,0,1,,4,,-1,,2,1,0,1,(1),(1),2,,3,1,0,1,70,18,7,1,77,77050,1,1,0,1,2 Barbigny,48.142087,2.84895,19,2,2
202100010891,182Â 261,B01,1,1,1,0,2,6,-1,-1, -1,-1,2021,38.0,3,1,0,2,1,1,1,,3,GRAND MOUESSE (FAUBOURG),0,,2,3,0,1,0,0,1,, -1,1,0,1,50,22,10,1,58,58194,2,3,0,1,GRAND MOUESSE (FAUBOURG),46.98923,3.18754,18,2,2
202100018814,168Â 014,B01,1,1,1,0,2,0,-1,-1, -1,-1,2021,32.0,3,1,0,2,1,1,0,,3,BALLANGER ROBERT (AVENUE),0,,3,4,0,1,0,0,1,, -1,2,0,1,50,15,9,1,93,93078,2,2,1,2,Avenue Robert Ballanger / Avenue Martin Luther King,48.95197,2.52836,17,2,2
202100033201,142Â 417,A01,1,1,1,1,2,6,-1,-1, -1,-1,2021,23.0,3,1,0,2,4,12,1,,4,ALEX. FLEMING (BOULEVARD),0,,3,4,0,2,0,0,1,, -1,1,2,1,50,20,6,2,13,13204,2,1,0,2,ALEX. FLEMING (BOULEVARD),43.3166272454,5.3970836406,6,2,2
202100046007,119Â 520,A01,1,1,1,5,2,-1,-1,0,0,-1,2021,44.0,2,1,0,2,1,2,1,,3,610,-1,,3,4,0,1,11,900,1,, -1,1,0,1,110,31,3,1,10,10191,1,1,0,2,D610,48.33363,4.096227,18,2,2
202100045054,121Â 197,A01,1,1,1,5,1,-1,-1,0,0,-1,2021,36.0,2,2,8,0,3,1,1,,3,,-1,,2,2,0,1,4,926,1,, -1,1,0,8,80,6,4,3,85,85109,1,3,0,6,l'aubonniÃ¨re,46.862087,-1.095854,3,1,1
202100005884,191Â 272,A01,1,1,1,4,2,0,-1,-1, -1,-1,2021,29.0,2,1,0,2,2,1,1,,3,AV FRANCOIS MITTERRAND,0,,2,4,0,1,(1),(1),1,, -1,2,5,1,50,27,11,1,91,91027,2,3,0,2,AV FRANCOIS MITTERRAND,48.7,2.371,12,2,2
202100054692,104Â 026,A01,1,1,1,5,2,0,-1,0,0,-1,2021,25.0,2,1,0,0,2,21,1,,4,BOULEVARD BEAUMARCHAIS,0,,2,4,3,1,(1),(1),1,, -1,2,0,1,50,17,1,1,75,75103,2,3,0,7,BOULEVARD BEAUMARCHAIS,48.860103,2.367458,13,1,1
202100051772,109Â 158,CA01,10,3,2,0,8,8,-1,1,2,1,2021,18.0,1,2,0,1,1,26,1,,3,ENTRE DEUX (CHEMIN) CD26,0,,2,2,0,2,0,0,1,, -1,1,2,1,50,11,2,1,974,97416,1,1,0,6,ENTRE DEUX (CHEMIN) CD26,-21.2767446678,55.4662907124,16,2,1
202100008660,186Â 264,A01,1,1,1,1,1,-1,-1,0,0,-1,2021,44.0,2,2,0,0,1,1,1,,3,110,0,,2,2,0,1,26,800,1,,4,7,0,3,80,11,11,3,55,55552,1,1,0,7,D110,49.509047,5.335429,5,1,1
202100017164,170Â 958,B01,1,1,1,5,2,6,-1,0,0,-1,2021,52.0,1,1,0,2,8,1,5,,3,45,0,D,2,2,0,2,28,105,1,, -1,1,0,1,80,26,9,1,31,31573,1,1,0,3,d45,43.685564,1.67048,17,2,2
202100035306,138Â 596,A01,1,1,1,4,1,0,-1,0,0,-1,2021,34.0,1,5,1,0,8,13,3,,4,AVENUE DE LA GRANDE ARMEE,0,,2,8,0,1,(1),(1),1,, -1,1,0,1,50,10,6,1,75,75117,2,1,0,6,AVENUE DE LA GRANDE ARMEE,48.874715,2.292098,10,1,1
202100013277,178Â 008,A01,1,1,2,5,1,0,-1,-1, -1,-1,2021,64.0,1,2,1,0,2,14,1,,4,GAMBETTA (BOULEVARD),0,,-1,2,0,1,(1),(1),1,, -1,1,0,1,50,14,10,1,31,31483,2,1,0,7,GAMBETTA (BOULEVARD),43.10521,0.72891,14,1,1
202100053651,105Â 832,A01,10,3,2,1,0,-1,-1,2,3,1,2021,63.0,1,2,0,0,2,0,1,,3,603,0,,2,2,0,1,34,300,1,, -1,2,0,1,50,27,1,2,57,57155,2,1,0,6,42 avenue de la libÃ©ration,49.11302,6.401684,16,2,1
202100003219,196Â 016,A01,1,1,2,1,1,0,-1,-1, -1,-1,2021,20.0,2,2,0,2,4,2,1,,1,AUTOROUTE A6,0,,3,3,0,1,22,0,1,, -1,1,0,1,110,13,12,3,91,91286,1,1,0,2,AUTOROUTE A6,48.64912,2.38535,18,2,2
202100002498,197Â 309,A01,1,1,1,5,2,6,-1,0,0,-1,2021,30.0,1,1,13,0,2,1,1,,4,6,-1,,2,2,0,1,(1),(1),4,, -1,1,0,3,80,18,12,1,56,56092,1,1,0,6,VC 6,48.041218,-2.840567,12,2,2
202100010830,182Â 368,A01,1,1,1,1,2,6,-1,-1, -1,-1,2021,53.0,2,1,0,2,7,3,1,,1,6B,0,,3,3,0,1,4,896,1,, -1,1,0,1,90,27,10,1,94,94038,1,1,0,5,AUTOROUTE A6B,48.774025289,2.3462096537,8,3,3
202100045214,120Â 911,B01,1,1,1,1,2,6,-1,-1, -1,-1,2021,40.0,2,1,0,2,3,13,1,,4,HERBOUVILLE (D')                    (CO),0,,3,5,3,1,(1),(1),1,, -1,1,0,1,50,30,3,5,69,69384,2,5,0,3,HERBOUVILLE (D') (CR),45.7790598624,4.8410660144,20,2,2
202100020028,165Â 825,B01,1,1,1,0,2,8,-1,-1, -1,-1,2021,39.0,2,1,0,2,1,1,1,,4,CHOLET (RUE DE),0,,2,2,0,1,(1),(1),1,, -1,1,0,1,50,25,5,1,34,34172,2,2,0,3,CHOLET (RUE DE),43.583743,3.866563,16,2,2
202100021296,163Â 588,A01,1,1,1,5,2,0,-1,0,0,-1,2021,32.0,3,1,0,2,1,7,3,,4,BOULEVARD SAINT MARTIN,0,,2,5,3,1,(1),(1),1,, -1,1,0,6,30,2,9,1,75,75110,2,7,0,3,BOULEVARD SAINT MARTIN,48.8689754728,2.3557561742,15,2,2
202100006375,190Â 399,B01,1,1,1,1,2,6,-1,-1,0,-1,2021,37.0,1,1,0,2,4,2,1,,1,AUTOROUTE A15,0,,3,8,0,1,23,100,1,, -1,1,0,1,110,24,11,1,95,95500,1,1,0,2,AUTOROUTE A15,49.0362438425,2.0951705806,15,2,2
202100049916,112Â 514,A01,1,1,1,5,2,-1,-1,0,0,-1,2021,72.0,1,1,0,2,2,9,1,,3,122,0,,2,2,0,1,2,74,1,, -1,1,0,1,50,27,2,2,26,26041,2,3,0,3,Route Barthelemy de Laffemas,45.216257,4.829049,18,2,2
202100039108,131Â 728,A01,1,1,1,9,1,0,-1,0,0,-1,2021,69.0,1,2,0,2,3,21,1,,4,PATUREAU FRANCOEUR ( AVE JEAN ),0,,2,2,0,1,(1),(1),1,, -1,2,0,1,50,19,5,1,36,36044,2,1,0,5,89 Avenue Jean Patureau Francoeur,46.7816,1.7067,11,3,3
202100018966,167Â 736,A01,1,1,1,1,1,8,-1,0,0,-1,2021,47.0,2,2,0,2,4,23,1,,4,DEVOS (BOULEVARD JULIEN),0,,2,2,0,1,(1),(1),1,, -1,1,0,1,50,14,9,1,27,27681,2,1,0,2,DEVOS (BOULEVARD JULIEN),49.08404,1.47807,14,2,2
202100002490,197Â 323,A01,10,3,2,0,0,-1,-1,2,3,1,2021,60.0,2,2,0,1,2,16,1,,3,rd 05,-1,,2,2,0,1,(1),(1),2,, -1,1,0,1,50,18,12,1,972,97223,2,1,0,6,Rue Cassien Sainte-Claire,14.562852,-60.937049,9,2,1
202100050541,111Â 353,A01,1,1,1,1,2,6,-1,-1,0,-1,2021,41.0,2,1,0,2,7,1,1,,1,AUTOROUTE A15,0,,3,8,0,1,6,99,1,, -1,1,0,1,90,23,2,2,95,95018,1,1,0,5, A15,48.9509042212,2.2798629853,8,3,3
202100049923,112Â 504,B01,1,1,1,5,2,6,-1,0,0,-1,2021,24.0,1,1,0,0,0,1,1,,3,774,0,D,2,2,0,2,19,485,3,, -1,1,0,1,80,27,2,1,56,56111,1,1,0,5,L'Orme de Bas,47.658443,-2.358992,16,3,3
202100055307,102Â 966,A01,10,3,2,2,0,-1,-1,3,3,1,2021,22.0,1,2,0,1,1,1,1,,3,MAURIAC  AVENUE FRANCOIS,0,,2,2,0,1,11,400,1,, -1,2,6,1,50,12,1,4,51,51454,2,1,1,7,Avenue FranÃ§ois Mauriac,49.2407161724,3.9974730742,8,2,1
202100033784,141Â 381,A01,10,3,2,0,0,-1,-1,1,3,1,2021,67.0,1,2,0,1,1,9,1,,4,LECLERC - ROND POINT,0,,1,1,0,1,(1),(1),2,, -1,1,5,1,50,17,6,1,202,202033,2,1,0,1,LECLERC - ROND POINT,42.70273,9.44781,13,2,1
202100035652,137Â 987,A01,1,1,1,5,1,0,-1,-1, -1,-1,2021,20.0,1,2,0,2,2,2,1,,1,AUTOROUTE A86,0,,-1,4,0,2,51,352,1,, -1,1,1,1,70,9,6,1,94,94034,1,1,0,2,AUTOROUTE A86,48.75923,2.32369,8,3,2
202100035024,139Â 091,A01,10,3,2,0,0,-1,-1,3,3,1,2021,87.0,2,2,0,1,1,1,0,,4,GAMBETTA,0,,-1,3,0,1,(1),(1),1,, -1,1,0,1,30,11,6,1,17,17306,2,1,0,6,GAMBETTA,45.62185,-1.03107,14,2,1
202100026565,154Â 216,B01,2,2,2,5,1,-1,-1,0,0,-1,2021,58.0,1,2,0,2,3,1,1,,7,D34,-1,,2,2,0,1,21,35,1,, -1,1,0,1,80,28,7,1,35,35206,1,1,0,1,D34,48.044966,-1.656446,17,3,2
202100000875,200Â 179,A01,10,3,1,5,8,8,-1,2,3,1,2021,5.0,2,2,0,1,3,1,1,,4,EUGENE POTTIER (RUE),0,,1,10,0,2,1,0,1,, -1,1,0,1,50,30,12,1,13,13203,2,1,0,6,EUGENE POTTIER (RUE),43.3096200161,5.3746356787,16,2,1
202100054052,105Â 127,A01,10,3,1,5,0,-1,-1,3,3,1,2021,83.0,1,2,0,1,1,1,1,,4,HENRI FAISANS,0,,2,2,0,1,0,0,1,, -1,1,0,1,50,19,1,1,64,64445,2,3,0,6,HENRI FAISANS,43.30037,-0.36047,17,2,1
202100015183,174Â 571,A01,1,1,1,0,0,-1,-1,0,0,-1,2021,54.0,1,1,0,0,0,2,5,,3,619,-1,,2,2,0,1,35,943,1,, -1,2,0,1,90,5,10,3,77,77327,1,1,1,7,D619,48.571553,2.999632,20,1,1
202100044757,121Â 714,A01,2,2,1,0,1,-1,-1,0,0,-1,2021,8.0,2,5,15,0,3,1,1,,3,8,0,D,2,2,0,2,6,700,1,, -1,1,0,3,80,9,4,1,8,8113,1,1,0,7,D8,49.655238,4.222226,11,2,1
202100035394,138Â 450,A01,1,1,1,0,2,6,9,0,0,-1,2021,33.0,1,1,0,6,1,1,1,,3,18,-1,,2,2,0,4,6,780,1,, -1,1,0,1,80,10,6,2,88,88496,1,1,0,6,rue division leclerc,48.223508,5.815061,22,1,1
202100011478,181Â 209,A01,1,1,1,5,8,-1,-1,0,0,-1,2021,21.0,2,2,2,0,1,1,1,,3,951,-1,,2,2,0,2,61,280,1,, -1,1,0,3,80,24,10,3,4,4130,1,1,0,7,"RD 951, lieu-dit l'Espinasse",44.048717,5.805888,4,1,1
202100005949,191Â 161,B01,1,1,2,3,8,8,-1,-1, -1,-1,2021,75.0,3,1,0,2,1,1,5,,4,CHEVALLIER (RUE AUGUSTE),0,,2,5,2,2,(1),(1),1,, -1,1,5,1,50,24,11,1,37,37261,2,3,0,3,CHEVALLIER (RUE AUGUSTE),47.3757735328,0.6791245937,10,2,2
202100039834,130Â 378,A01,1,1,1,0,8,0,-1,0,0,-1,2021,33.0,3,2,3,0,3,26,1,,3,,0,,2,2,0,3,1,419,3,, -1,1,0,1,50,15,5,1,6,6104,2,1,0,6,MONLEON (AVENUE SYLVIO DE),43.756245,7.47816,19,1,1
202100038456,132Â 906,B01,2,2,2,5,2,6,-1,0,0,-1,2021,44.0,0,1,0,2,1,1,1,,4,274,0,D,2,2,1,1,(1),(1),1,, -1,1,0,1,50,22,5,1,17,17140,1,9,0,2,Avenue de la Grande Baie,45.9012458737,-1.2948846816,16,3,2
202100045117,121Â 094,A01,1,1,1,4,2,6,-1,-1, -1,-1,2021,21.0,1,1,0,2,1,17,1,,7,GOURAUD (AVE GENERAL),0,,2,2,0,1,1,100,1,, -1,1,5,1,50,3,4,5,83,83137,2,2,0,1,GOURAUD (AVE GENERAL),43.1351,5.91638,20,2,2
202100006045,190Â 990,B01,1,1,1,5,8,-1,-1,0,0,-1,2021,16.0,2,1,0,2,1,17,1,,3,760,-1,,2,2,0,1,60,930,1,, -1,1,0,1,80,28,11,1,85,85008,1,1,0,2,D760,46.656491,-1.483734,15,2,2
202100010871,182Â 295,A01,10,3,2,1,0,-1,-1,3,3,1,2021,23.0,1,2,0,1,1,1,1,,4,TORREILLES (AV DU DOCTEUR JEAN-LOUIS),0,,2,2,0,1,(1),(1),1,, -1,1,0,1,50,23,10,1,66,66136,2,1,0,6,TORREILLES (AV DU DOCTEUR JEAN-LOUIS),42.69153,2.8724,10,2,1
202100042545,125Â 579,A01,1,1,1,4,1,-1,-1,0,0,-1,2021,51.0,2,4,3,0,1,1,1,,1,39,-1,,1,2,0,1,141,700,1,, -1,1,0,3,130,27,4,1,1,1350,1,1,0,7,A39,46.277806,5.241817,15,1,1
202100014227,176Â 259,B01,1,1,1,0,8,0,-1,-1, -1,-1,2021,34.0,-1,1,0,2,7,1,3,,3,WILSON (AVENUE DU PRESIDENT),0,,1,2,0,1,0,1,1,, -1,1,0,1,50,9,10,1,93,93066,2,2,0,3,WILSON (AVENUE DU PRESIDENT),48.9181767613,2.3579439878,14,2,2
202100003380,195Â 715,B01,1,1,1,5,1,-1,-1,0,0,-1,2021,69.0,1,2,0,2,6,9,1,,1,A1,-1,,3,3,3,1,122,200,1,, -1,1,0,1,130,13,12,2,80,80646,1,1,0,2,A1,49.791945,2.803895,19,3,2
202100036041,137Â 266,A01,1,1,1,1,1,0,-1,-1, -1,-1,2021,36.0,1,2,0,2,1,26,1,,1,AUTOROUTE A1,0,,3,8,0,1,2,0,1,, -1,1,0,1,90,7,6,1,93,93066,1,1,0,4,AUTOROUTE A1,48.91937,2.35757,16,3,3
202100043552,123Â 816,A01,10,3,1,5,0,-1,-1,3,3,1,2021,43.0,1,2,0,1,1,1,3,,7,DULAC (AVENUE GUILLAUME),0,,3,2,1,1,1,100,1,, -1,1,0,5,50,18,4,1,13,13028,2,9,0,6,DULAC (AVENUE GUILLAUME),43.195506,5.61222,10,2,1
202100001503,199Â 106,B01,1,1,2,5,8,0,-1,0,0,-1,2021,29.0,2,1,0,2,8,1,5,,4,BOULEVARD MONTMARTRE,0,,2,5,1,1,(1),(1),1,, -1,1,-1,5,30,19,12,1,75,75102,2,4,0,3,BOULEVARD MONTMARTRE,48.871722,2.34162,16,2,2
202100016434,172Â 258,A01,1,1,1,5,2,0,-1,-1, -1,-1,2021,19.0,1,1,0,2,1,2,1,,1,A4,0,,3,5,0,1,0,100,1,, -1,1,0,1,90,28,9,1,94,94018,1,1,0,2,A4,48.82444,2.39361,12,2,2
202100039757,130Â 520,A01,1,1,1,5,9,-1,-1,0,0,-1,2021,30.0,1,1,0,2,2,17,5,,3,,-1,,2,2,0,1,(1),(1),1,,4,1,0,1,30,14,5,1,68,68375,2,3,0,3,rue de Mulhouse,47.808464,7.239743,10,2,2
202100016228,172Â 628,A01,1,1,1,5,2,0,-1,0,0,-1,2021,69.0,2,1,0,0,1,1,5,,3,LUYE ( ROUTE DE LA ),0,,2,2,0,1,4,705,1,, -1,1,0,1,80,27,9,1,5,5061,1,1,0,7,LUYE ( ROUTE DE LA ),44.51014,6.06805,17,1,1
202100002944,196Â 513,A01,10,3,2,5,8,8,-1,3,3,2,2021,24.0,2,5,0,1,1,15,0,,4,DE GAULLE (RUE DU GENERAL),0,,1,1,0,1,(1),(1),1,, -1,1,6,1,30,10,12,5,27,27375,2,4,0,6,DE GAULLE (RUE DU GENERAL),49.21089,1.16774,17,2,1
202100043130,124Â 579,B01,1,1,1,0,2,0,-1,-1, -1,-1,2021,23.0,1,1,0,2,6,1,1,,2,XAVIER ORVILLE (RUE),0,,1,0,0,1,50,0,1,, -1,1,0,1,30,16,4,1,972,97209,2,3,0,3,XAVIER ORVILLE (RUE),14.60936,-61.07188,9,2,2
202100048728,114Â 660,B01,1,1,1,1,2,6,9,0,0,-1,2021,49.0,2,1,0,2,3,11,1,,1,57,-1,A,3,4,0,1,21,100,2,, -1,1,0,1,110,10,3,1,83,83049,1,1,1,3,A57,43.24179,6.08513,17,2,2
202100021426,163Â 353,B01,1,1,1,4,1,0,-1,-1, -1,-1,2021,44.0,2,5,0,2,4,23,1,,3,MOULIN (AVENUE JEAN),0,,2,2,0,1,6,99,1,, -1,1,0,1,50,30,8,1,87,87113,2,3,0,4,MOULIN (AVENUE JEAN),45.86052,1.31822,16,3,3
202100018935,167Â 798,A01,10,3,1,5,8,8,-1,3,5,1,2021,13.0,1,2,0,1,1,1,1,,4,HAMBOUM (CHEMIN DE),0,,2,2,0,1,0,0,1,, -1,1,0,1,50,14,9,1,64,64102,2,1,0,6,HAMBOUM (CHEMIN DE),43.4993201272,-1.4590259073,12,2,1
202100036986,135Â 588,A01,1,1,1,5,2,6,-1,-1, -1,-1,2021,16.0,3,1,0,2,4,26,1,,4,PAUL PRAS (AVENUE),0,,2,2,0,1,0,0,1,, -1,1,0,1,30,31,5,1,64,64102,2,1,0,7,PAUL PRAS (AVENUE),43.48388,-1.47675,15,2,1
202100007185,188Â 911,A01,1,1,1,5,8,-1,-1,-1, -1,-1,2021,27.0,0,1,0,0,0,1,5,,4,FERRER (RUE),0,,2,2,0,1,0,0,1,, -1,1,0,1,50,17,11,5,76,76351,2,1,0,7,FERRER (RUE),49.4892,0.13923,22,1,1
202100007931,187Â 564,A01,1,1,1,4,1,0,-1,-1, -1,-1,2021,48.0,1,5,0,2,4,2,1,,1,A50-Sens Marseille vers Aubagne,0,,1,1,0,1,3,200,1,, -1,1,0,1,50,16,11,3,13,13210,1,1,0,2,A50-Sens Marseille vers Aubagne,43.28581,5.43093,18,2,2
202100017997,169Â 460,A01,1,1,1,0,1,8,-1,-1, -1,-1,2021,24.0,2,2,0,2,8,20,1,,4,JEAN MERMOZ,0,,2,3,0,1,0,0,1,, -1,1,0,1,50,19,9,5,64,64129,2,1,0,3,JEAN MERMOZ,43.31345,-0.37765,21,2,2
202100033117,142Â 559,A01,7,2,1,0,1,-1,-1,0,0,-1,2021,21.0,3,2,2,0,3,0,1,,4,,-1,,-1,2,0,2,(1),(1),3,,4,2,0,3,50,22,6,3,55,55258,1,1,1,7,Fort de Gironville (ChÃ¢teau),48.787326,5.670885,1,3,1
202100047487,116Â 881,A01,1,1,2,5,1,0,-1,-1, -1,-1,2021,58.0,2,2,0,2,1,5,1,,4,MICHELET,0,,1,1,0,2,0,0,2,, -1,3,0,1,50,12,3,1,64,64445,2,6,0,3,MICHELET,43.30022,-0.37716,8,2,2
202100023562,159Â 523,A01,1,1,1,0,2,6,-1,-1, -1,-1,2021,32.0,2,1,0,2,8,2,1,,4,VIEUX CHEMIN CALIFORNIE (RUE DU),0,,2,3,0,1,2,0,1,, -1,1,2,1,50,18,8,1,972,97213,2,6,0,3,VIEUX CHEMIN CALIFORNIE (RUE DU),14.61837,-61.03139,11,2,2
202100005140,192Â 590,A01,1,1,1,0,1,-1,-1,0,0,-1,2021,22.0,2,2,3,2,1,17,1,,1,36,-1,,3,4,0,4,66,600,3,, -1,2,0,1,130,2,12,3,25,25524,1,1,1,2,Autoroute A.36 au PK066+600 dans le sens BESANCON/MULHOUSE,47.428648,6.663142,21,2,2
202100050570,111Â 294,A01,1,1,1,0,8,0,-1,-1, -1,-1,2021,29.0,1,1,0,2,1,5,3,,4,LECLERC GENERAL (AV) PAIRS 70 ET plus,0,,1,1,0,2,0,0,1,, -1,1,0,1,50,22,2,1,72,72181,2,9,1,3,LECLERC GENERAL (AV) PAIRS 70 ET plus,47.99675,0.19328,11,2,2
202100022381,161Â 644,A01,1,1,1,5,2,6,-1,0,0,-1,2021,16.0,1,1,0,2,1,19,1,,4,,0,,2,2,0,1,(1),(1),1,,4,1,0,1,50,27,8,1,67,67348,2,2,0,3,Rue des Freres Wolff,48.463398,7.485844,12,3,2
202100008772,186Â 061,B01,1,1,2,1,0,-1,-1,0,0,-1,2021,52.0,3,1,0,-1,4,26,5,,4,,0,,2,0,0,1,1,0,1,, -1,9,9,6,30,9,11,1,92,92073,2,9,0,6,GARDENAT LAPOSTOL (RUE),48.8738738204,2.2240957618,9,2,2
202100015253,174Â 445,A01,1,1,2,5,1,-1,-1,0,0,-1,2021,40.0,2,2,13,0,2,1,1,,3,199,-1,,2,2,0,1,10,500,3,, -1,2,0,3,80,5,10,3,49,49092,1,4,1,7,"le plessis, chanzeaux",47.269511,-0.6215,1,1,1
202100021672,162Â 894,A01,10,3,1,5,0,-1,-1,3,3,1,2021,75.0,1,2,0,1,3,15,1,,4,,0,,1,0,0,1,0,0,1,, -1,1,0,1,50,31,8,1,92,92002,2,3,0,6,MONT BLANC (RUE DU),48.73697,2.2884,10,2,1
202100046115,119Â 333,B01,1,1,1,0,1,5,-1,0,0,-1,2021,57.0,0,2,0,2,7,9,1,,3,,-1,,2,-1,-1,1,(1),(1),1,, -1,1,5,1,-1,29,3,5,27,27229,2,2,0,1,FOCH (AVENUE DU MARECHAL),49.0240422,1.1255525,21,2,2
202100015127,174Â 670,B01,1,1,2,1,2,0,-1,-1, -1,-1,2021,62.0,1,1,0,2,8,2,1,,3,GENERAL LECLERC (R DU),0,,2,2,0,1,0,0,1,, -1,2,0,1,50,5,10,2,94,94071,2,1,0,3,GENERAL LECLERC (R DU),48.77741,2.51156,19,2,2
202100045297,120Â 755,B01,9,2,2,5,3,-1,-1,0,0,-1,2021,3.0,1,2,0,2,2,21,1,,3,44,0,,2,2,0,1,9,300,1,, -1,1,0,1,80,4,4,1,54,54059,1,1,0,1,RD 44  ,48.8672555239,6.1997652055,11,5,2
202100028009,151Â 641,B01,1,1,1,0,1,-1,-1,0,0,-1,2021,87.0,3,2,0,2,1,1,1,,3,107,0,,2,2,0,1,12,128,1,, -1,1,0,1,80,20,7,1,89,89353,1,1,0,3,Saint-Martin-d'Ordon,48.024089,3.167496,11,2,2
202100042079,126Â 411,B01,1,1,1,0,8,0,-1,-1, -1,-1,2021,54.0,2,1,0,2,1,1,1,,3,986,0,,2,2,0,2,0,0,3,, -1,1,0,1,50,29,4,1,92,92025,2,1,0,3,BOURNARD (RUE DU),48.9234680592,2.2576267671,13,3,2
202100011676,180Â 854,A01,1,1,1,5,2,6,-1,-1, -1,-1,2021,21.0,1,1,0,0,9,17,1,,4,,0,,2,2,0,1,0,0,1,, -1,2,0,1,50,22,10,1,92,92078,2,1,0,7,GEORGES POMPIDOU (AVENUE),48.9413101466,2.3267760873,8,1,1
202100053213,106Â 620,A01,1,1,1,1,2,6,-1,-1, -1,-1,2021,26.0,2,1,0,0,0,1,3,,4,MIQUELOTS (BD DES),0,,3,2,0,1,(1),(1),2,, -1,2,0,1,50,29,1,5,33,33529,2,1,1,7,Boulevard des Miquelots,44.609962087,-1.1487133816,23,1,1
202100016410,172Â 304,A01,1,1,1,1,2,-1,-1,0,0,-1,2021,19.0,1,1,0,2,1,16,1,,3,12,0,,2,2,0,1,(1),(1),1,, -1,9,0,1,80,28,9,2,85,85026,1,3,0,3,11 La Grande Alouette,46.552796,-1.427901,7,2,2
202100038660,132Â 530,B01,1,1,1,3,1,5,-1,-1, -1,-1,2021,44.0,2,2,0,2,3,15,1,,3,JAURES (AVENUE JEAN),0,,3,4,1,1,0,1,1,, -1,1,4,1,50,23,5,1,93,93027,2,3,0,3,Avenue Jean JaurÃ¨s / Rue Corneille,48.92466,2.40191,18,3,2
202100030556,147Â 142,B01,1,1,1,5,2,6,-1,-1, -1,-1,2021,50.0,2,1,0,2,1,1,1,,4,NICE (RUE DE),0,,1,1,0,1,(1),(1),1,, -1,1,0,1,50,1,7,1,59,59122,2,3,0,3,NICE (RUE DE),50.176651,3.234492,15,3,2
202100006771,189Â 685,A01,1,1,2,1,1,-1,-1,0,0,-1,2021,37.0,1,2,16,0,8,13,1,,3,350,0,,2,2,0,1,2,750,1,, -1,2,0,3,80,24,11,1,28,28183,1,1,1,3,DÃ©partementale 350,48.349447,1.941458,8,1,1
202100013043,178Â 432,B01,1,1,1,0,8,0,-1,-1, -1,-1,2021,32.0,3,1,0,2,8,1,3,,4,LEFEUVRE HENRI AV NÂ° PAIRS,0,,2,2,0,1,0,0,1,, -1,1,0,1,50,15,10,2,72,72181,2,6,0,3,LEFEUVRE HENRI AV NÂ° PAIRS,47.9926,0.19486,19,2,2
202100047851,116Â 226,A01,1,1,2,0,1,-1,-1,0,0,-1,2021,55.0,3,2,0,2,1,1,1,,1,,-1,,1,-1,-1,1,179,800,3,, -1,1,3,1,-1,15,3,1,6,6161,1,3,0,1,D2d,43.647442,7.138082,8,2,2
202100042888,125Â 003,A01,1,1,2,3,1,8,-1,-1, -1,-1,2021,34.0,3,2,15,0,1,16,1,,4,Mulatet (Lieu dit),0,,2,2,0,2,(1),(1),3,, -1,1,0,8,50,21,4,1,19,19272,2,1,0,7,Mulatet (Lieu dit),45.2407303224,1.7384417669,17,1,1
202100031939,144Â 656,A01,1,1,1,5,2,0,-1,-1, -1,-1,2021,66.0,2,1,0,2,7,2,1,,1,A50-Sens Aubagne vers Marseille,0,,1,3,0,1,10,149,1,, -1,1,0,1,90,28,6,1,13,13070,1,1,0,3,A50-Sens Aubagne vers Marseille,43.2852,5.51291,15,2,1
202100009888,184Â 023,A01,1,1,2,5,1,4,-1,-1, -1,-1,2021,43.0,1,2,0,2,4,2,1,,1,A4.Y,0,,3,8,0,1,20,400,1,, -1,1,0,1,110,2,11,1,77,77146,1,1,0,4,A4.Y,48.8319870876,2.6512725706,15,4,4
202100021636,162Â 952,B01,1,1,1,5,2,8,-1,-1, -1,-1,2021,20.0,0,1,0,2,1,1,1,,7,BARASSE,0,,2,2,0,1,0,0,1,, -1,1,0,1,50,30,8,1,13,13211,2,1,0,3,BARASSE,43.285,5.482,10,2,2