Num_Acc,id_vehicule,num_veh,place,catu,sexe,trajet,secu1,secu2,secu3,locp,actp,etatp,year_acc,victim_age,senc,catv,obs,obsm,choc,manv,motor,occutc,catr,voie,v1,v2,circ,nbv,vosp,prof,pr,pr1,plan,lartpc,larrout,surf,infra,situ,vma,jour,mois,lum,dep,com,agg_,int,atm,col,adr,lat,long,hour,nb_victim,nb_vehicules
202100029971,148Â 225,B01,1,1,2,0,1,0,-1,0,0,-1,2021,59.0,2,2,0,2,8,23,1,,7,SCHUMAN (BD ROBERT),0,,3,4,0,1,(1),(1),1,, -1,1,0,1,50,7,7,1,63,63113,2,2,0,2,SCHUMAN (BD ROBERT),45.7640615391,3.1261553801,13,2,2
202100011145,181Â 810,B01,1,1,2,5,1,-1,-1,0,0,-1,2021,23.0,1,2,6,2,8,2,1,,2,10,-1,,2,2,0,1,78,850,1,,7,1,0,1,50,24,10,5,202,202251,2,1,0,5,RT 10 Casamozza,41.983723,9.400724,1,2,2
202100004937,192Â 968,A01,1,1,2,0,8,0,-1,-1, -1,-1,2021,19.0,1,2,0,2,8,15,1,,4,SALENGRO (RUE ROGER) 2 A 52,0,,1,1,0,1,1,0,1,, -1,2,0,1,50,3,12,1,93,93010,2,3,1,3,SALENGRO (RUE ROGER) 2 A 52,48.9003422162,2.4786969371,14,2,2
202100005166,192Â 543,A01,2,2,2,5,8,-1,-1,0,0,-1,2021,76.0,2,2,0,2,1,2,1,,1,A40,-1,,1,2,0,1,119,200,1,, -1,2,2,1,110,2,12,5,1,1269,1,1,0,2,A40,46.141515,5.614314,17,3,2
202100041080,128Â 180,B01,2,2,1,0,2,0,-1,-1, -1,-1,2021,20.0,0,1,0,2,3,9,1,,4,LOUIS BLERIOT (RUE ),0,,2,2,0,1,(1),(1),1,, -1,1,0,1,50,5,5,1,76,76414,1,2,0,3,LOUIS BLERIOT (RUE ),49.92404,1.11995,16,3,2
202100044811,121Â 617,A01,1,1,1,5,2,6,-1,-1, -1,-1,2021,23.0,1,1,0,0,0,1,1,,4,CROSKEY GENERAL MAC (AVENUE),0,,2,2,0,1,0,0,3,, -1,1,0,1,30,6,4,1,64,64122,2,1,0,7,CROSKEY GENERAL MAC (AVENUE),43.4922,-1.551,16,1,1
202100012475,179Â 408,B01,1,1,1,9,2,6,-1,0,0,-1,2021,67.0,1,1,0,2,1,1,1,,4,BOULEVARD SUCHET,0,,2,5,0,1,(1),(1),1,, -1,1,0,1,50,16,10,1,75,75116,2,1,0,5,BOULEVARD SUCHET,48.858344,2.26531,18,4,3
202100029412,149Â 205,A01,10,3,1,0,0,-1,-1,5,2,1,2021,17.0,3,2,0,1,2,1,1,,3,LENINE AVENUE,0,,2,2,0,1,0,1,1,, -1,1,0,1,50,11,7,1,93,93063,2,1,0,6,Avenue LÃ©nine,48.88432,2.43002,11,2,1
202100043382,124Â 117,A01,1,1,1,4,1,-1,-1,0,0,-1,2021,73.0,1,2,0,2,6,15,1,,3,90,0,D,2,2,1,1,3,10,1,, -1,1,0,1,70,21,4,1,38,38256,1,2,0,2,Le Vernay,45.456691,5.545349,11,4,2
202100048079,115Â 807,A01,1,1,1,1,1,-1,-1,0,0,-1,2021,24.0,2,2,16,0,1,2,1,,1,404,-1,,1,4,0,1,9,230,1,, -1,9,0,3,110,15,3,1,1,1237,1,1,1,7,A404,46.202557,5.593414,7,1,1
202100000994,199Â 982,A01,10,3,1,5,0,-1,-1,4,3,1,2021,79.0,1,1,0,1,1,1,1,,4,ALSACE LORRAINE D',0,,2,2,0,1,0,0,1,, -1,1,0,1,50,28,12,1,64,64445,2,1,0,6,Boulevard dâAlsace Lorraine,43.3048814973,-0.3706330061,10,2,1
202100024165,158Â 465,B01,1,1,1,5,1,-1,-1,0,0,-1,2021,26.0,1,2,0,2,3,1,1,,3,135,-1,B,2,2,0,1,1,0,1,, -1,2,5,1,80,7,8,1,56,56206,1,3,1,1,D135B Kermelin,47.676495,-2.734045,10,2,2
202100056379,101Â 127,B01,1,2,2,0,1,0,-1,-1, -1,-1,2021,55.0,2,2,0,2,4,1,1,,1,6,0,,3,6,0,1,29,250,1,, -1,1,0,1,110,3,1,2,91,91340,1,1,0,2,AUTOROUTE A6,48.59668,2.44195,16,3,2
202100025986,155Â 230,B01,2,2,1,0,8,-1,-1,-1, -1,-1,2021,37.0,1,2,0,2,5,1,1,,4,Rue Pierre Baour,0,,2,2,0,1,(1),(1),1,, -1,1,0,1,50,1,8,5,33,33063,2,2,0,3,Rue Pierre Baour,44.890698,-0.546846,3,3,2
202100026727,153Â 943,A01,1,1,1,4,1,-1,-1,0,0,-1,2021,36.0,1,2,3,0,3,13,1,,3,951,0,,2,2,0,2,24,120,2,, -1,1,0,1,80,28,7,1,18,18209,1,1,0,6,D951,46.687463,2.466409,20,1,1
202100055274,103Â 018,A01,10,3,2,3,0,-1,-1,3,3,1,2021,42.0,1,4,0,1,1,1,1,,7,48E,0,,2,2,3,1,0,800,1,, -1,1,0,1,50,12,1,1,69,69034,2,1,0,6,GENERAL LECLERC (AV),45.8033155434,4.8602700233,9,2,1
202100052210,108Â 385,A01,1,1,1,4,1,0,-1,0,0,-1,2021,24.0,1,5,12,2,1,1,1,,7,METZ (ROUTE DE),0,,2,3,0,1,(1),(1),1,, -1,2,0,1,50,7,2,5,54,54357,2,2,1,3,METZ (avenue de ),48.712624422,6.1680712976,2,2,2
202100024650,157Â 596,B01,1,1,1,5,2,-1,-1,0,0,-1,2021,21.0,1,1,0,2,1,1,1,,3,619,-1,,2,4,0,1,51,350,3,, -1,1,5,1,90,12,8,1,10,10282,1,4,0,3,Ferme de la Malmaison,48.365053,3.969626,15,2,2
202100023274,160Â 014,B01,1,1,1,0,2,0,-1,0,0,-1,2021,57.0,1,1,0,2,4,1,1,,4,RESISTANCE (AV. DE LA -PAIR-),0,,2,2,0,3,(1),(1),1,, -1,1,0,1,50,20,8,1,54,54304,2,1,0,2,avenue de la LibÃ©ration,48.694996267,6.138365753,19,2,2
202100007934,187Â 559,B01,2,2,2,5,1,-1,-1,-1, -1,-1,2021,18.0,1,2,0,2,4,1,1,,1,A50,0,,1,1,0,1,66,99,1,, -1,2,3,1,50,15,11,3,83,83090,1,1,1,2,A50,43.1258001194,5.8786135912,18,3,2
202100024929,157Â 100,B01,2,2,2,5,8,-1,-1,0,0,-1,2021,17.0,1,2,0,2,1,1,1,,3,22,-1,D,2,2,0,1,5,65,1,, -1,1,5,1,70,10,8,5,56,56161,1,6,0,3,Pont Fol,47.667862,-3.070378,0,5,2
202100033252,142Â 335,A01,1,1,1,0,8,-1,-1,0,0,-1,2021,30.0,1,2,4,0,2,1,1,,3,1084,-1,,2,2,0,1,82,0,2,, -1,2,0,1,50,20,6,1,1,1204,1,1,1,6,D1084,46.163515,5.700392,17,1,1
202100049617,113Â 052,A01,1,1,1,5,2,0,-1,-1, -1,-1,2021,16.0,2,1,0,0,0,1,5,,3,PRESIDENT FELIX FAURE (BD),0,,2,2,0,2,0,438,1,, -1,1,0,1,30,28,2,1,76,76552,2,1,0,7,PRESIDENT FELIX FAURE (BD),49.50734,0.07388,16,1,1
202100047747,116Â 404,A01,10,3,1,3,0,-1,-1,1,3,1,2021,33.0,1,2,0,1,1,1,1,,3,CABOURG (ROUTE DE),0,,2,2,0,1,1,0,1,, -1,1,0,1,50,5,3,1,14,14437,2,1,0,6,Route de Cabourg,49.18312,-0.31673,8,2,1
202100003002,196Â 410,A01,1,1,1,0,1,-1,-1,0,0,-1,2021,30.0,1,2,2,0,3,14,1,,3,8,-1,,2,2,0,1,15,100,1,, -1,1,0,3,50,16,12,3,54,54040,2,1,0,6,Avenue du Colonel de la Horie,48.5055591466,6.8976196626,6,1,1
202100046572,118Â 523,A01,1,1,2,0,1,8,-1,-1, -1,-1,2021,23.0,2,2,0,2,1,2,1,,3,20,0,,3,4,0,1,33,0,1,, -1,1,0,1,90,24,3,1,91,91433,1,1,0,2,R.D. 20,48.46136,2.17911,8,2,2
202100007830,187Â 742,B01,1,1,2,9,8,0,-1,-1, -1,-1,2021,40.0,2,2,0,2,8,24,1,,4,SAINT JEAN (AVENUE DE),0,,2,2,0,2,0,0,1,, -1,1,0,1,50,16,11,2,13,13202,2,1,0,3,SAINT JEAN (AVENUE DE),43.29639,5.36573,16,2,2
202100003914,194Â 760,A01,1,1,1,1,1,-1,-1,0,0,-1,2021,52.0,1,2,4,2,1,2,1,,1,7,0,,3,4,0,1,75,780,1,, -1,2,0,1,130,8,12,3,26,26252,1,1,1,3,Autoroute du Soleil,44.885178,4.868718,20,2,2
202100055123,103Â 280,A01,1,1,2,4,2,6,-1,0,0,-1,2021,26.0,1,1,0,2,1,5,1,,3,12,-1,,2,2,0,1,3,950,3,, -1,1,0,1,50,15,1,1,83,83030,2,9,0,1,RD12,43.385963,6.102326,16,2,2
202100044574,122Â 043,A01,1,1,2,5,1,-1,-1,0,0,-1,2021,65.0,3,2,13,0,2,15,1,,4,LAGADEUC JEHAN RUE,0,,2,2,0,2,(1),(1),2,, -1,1,0,1,30,8,4,1,29,29232,2,1,0,7,Rue Jehan Lagadeuc,48.0055809291,-4.1054467857,17,1,1
202100042848,125Â 077,A01,1,1,2,3,1,-1,-1,0,0,-1,2021,83.0,1,2,1,0,2,14,1,,4,LARCHER (RUE JEAN),0,,2,2,0,1,(1),(1),1,, -1,1,0,1,50,23,4,1,65,65440,2,1,0,6,LARCHER (RUE JEAN),43.235724,0.074812,10,1,1
202100037755,134Â 178,B01,1,1,2,0,1,0,-1,-1, -1,-1,2021,20.0,3,2,0,0,3,1,1,,4,CASSINI (RUE /  IMP),0,,2,2,0,1,0,0,1,, -1,1,0,1,50,28,5,1,83,83137,2,1,0,3,CASSINI (RUE /  IMP),43.13421,5.90166,14,2,2
202100047094,117Â 591,A01,2,2,2,5,1,-1,-1,0,0,-1,2021,20.0,1,2,2,0,8,13,1,,4,,-1,D,1,1,0,2,(1),(1),3,, -1,1,0,3,50,21,3,1,62,62628,2,1,0,6,Rue Jean Monnet,50.431332,2.865517,15,2,1
202100034740,139Â 615,A01,1,1,1,5,2,6,-1,-1,0,-1,2021,49.0,1,1,0,0,7,14,1,,3,FLANDRES (RUE DE),0,,2,3,0,1,0,60,1,, -1,1,0,1,50,11,6,1,95,95088,2,1,0,7,Route de Flandres,48.95705,2.44585,20,1,1
202100000860,200Â 200,A01,10,3,1,5,0,-1,-1,3,3,1,2021,38.0,3,2,0,1,3,1,1,,4,11 NOVEMBRE (RUE DU),0,,2,2,0,1,(1),(1),1,, -1,2,0,1,50,29,12,5,37,37195,2,1,0,6,11 NOVEMBRE (RUE DU),47.38736,0.65902,18,2,1
202100006803,189Â 620,C01,1,1,1,5,1,-1,-1,-1,0,-1,2021,39.0,2,2,0,2,4,2,1,,1,AUTOROUTE A15,0,,3,6,0,2,9,699,1,, -1,1,0,1,110,23,11,1,95,95582,1,1,0,4,AUTOROUTE A15,48.97306,2.24641,8,4,3
202100029447,149Â 145,B01,1,1,1,5,2,6,-1,0,0,-1,2021,21.0,1,1,0,2,3,23,1,,4,AVENUE DES CHAMPS ELYSEES,0,,2,8,0,1,(1),(1),1,, -1,1,0,1,50,10,7,1,75,75108,2,3,0,3,AVENUE DES CHAMPS ELYSEES,48.873088,2.297255,20,2,2
202100052881,107Â 192,B01,1,1,2,0,1,-1,-1,-1, -1,-1,2021,20.0,1,2,0,2,1,2,1,,3,POMMERY (BOULEVARD),0,,2,2,0,1,19,250,1,, -1,2,0,1,50,1,2,1,51,51454,2,1,1,2,Boulevard Pommery,49.2448844867,4.0500713267,13,2,2
202100023667,159Â 320,A01,1,1,1,5,1,4,-1,-1, -1,-1,2021,23.0,2,2,6,0,1,1,1,,7,N.4 CONTOURNEMENT-SUD,0,,3,3,0,1,44,826,1,, -1,1,0,1,70,18,8,1,67,67482,1,1,0,6,M352,48.57105,7.73264,7,1,1
202100027798,152Â 025,A01,1,1,1,5,1,-1,-1,0,0,-1,2021,26.0,1,2,4,0,7,1,1,,3,1201,0,,3,4,0,1,(1),(1),2,, -1,1,0,1,70,20,7,1,74,74112,1,1,0,3,D1201,45.929834,6.120147,7,3,2
202100031461,145Â 511,A01,1,1,1,4,1,-1,-1,0,0,-1,2021,31.0,1,4,0,0,7,1,1,,4,VC1,-1,,2,2,0,2,(1),(1),1,, -1,1,0,3,90,1,7,1,19,19007,1,1,0,7,Fontmerle,44.960604,1.878123,13,1,1
202100042081,126Â 407,B01,1,1,1,9,1,0,-1,-1, -1,-1,2021,86.0,2,2,0,2,3,1,1,,4,GALLIENI (RUE) 159/FIN,0,,2,2,0,1,0,0,1,, -1,1,0,1,50,29,4,1,92,92012,2,2,0,3,GALLIENI (RUE) 159/FIN,48.8354302409,2.2307610512,13,2,2
202100006880,189Â 474,A01,7,2,1,5,8,-1,-1,0,0,-1,2021,17.0,2,2,0,0,1,1,1,,4,P9H8,-1,C,2,2,0,1,(1),(1),1,, -1,1,0,8,30,17,11,3,30,30128,2,1,0,7,Rue de Beaucaire,43.729521,4.354634,21,4,1
202100029330,149Â 335,A01,1,1,1,4,1,0,-1,0,0,-1,2021,37.0,2,5,0,2,1,2,1,,4,AVENUE HOCHE,0,,2,0,0,1,(1),(1),1,, -1,2,0,1,50,12,7,1,75,75108,2,2,1,2,AVENUE HOCHE,48.874576,2.296942,9,2,2
202100040231,129Â 686,A01,1,1,1,0,1,7,-1,0, -1,-1,2021,29.0,1,2,15,0,1,16,1,,3,MOZART (ALLEE),0,,1,1,0,2,0,1,3,, -1,1,5,1,50,12,5,5,93,93071,2,5,0,6,AllÃ©e Mozart / Avenue Robert Ballanger,48.9370593892,2.5312918425,1,1,1
202100044651,121Â 902,B01,1,1,1,4,1,1,-1,0,0,-1,2021,46.0,2,2,0,2,7,16,1,,4,BAIE DES DAMES (ROUTE DE LA),0,,2,2,0,1,0,0,1,, -1,1,0,1,50,8,4,1,988,98818,2,2,0,3,ROUTE DE LA BAIE DES DAMES/RUE JULES DOLBEAU,-22.24406,166.44737,14,2,2
202100056118,101Â 572,A01,1,1,1,1,1,-1,-1,0,0,-1,2021,19.0,1,2,6,2,8,17,1,,3,13,-1,,2,2,0,1,(1),(1),1,, -1,1,0,1,80,6,1,2,22,22076,1,1,0,3,CD 13,48.545492,-2.391897,7,2,2
202100004885,193Â 056,A01,1,1,1,5,0,-1,-1,0,0,-1,2021,60.0,2,2,13,0,2,1,1,,4,,-1,,2,2,0,2,(1),(1),3,,4,2,0,3,80,5,12,3,71,71555,1,1,1,6,Chemin de la ChaintrÃ©,46.693994,4.872785,0,1,1
202100007152,188Â 984,B01,1,1,1,0,1,-1,-1,-1, -1,-1,2021,53.0,2,2,0,2,4,2,1,,7,EUROPE (DE L')                      (BD),0,,2,2,2,1,3,800,1,, -1,1,0,1,50,19,11,4,69,69152,2,1,0,2,EUROPE (DE L') (BD),45.69657,4.82559,18,5,2
202100011663,180Â 878,A01,1,1,1,0,0,0,-1,-1, -1,-1,2021,60.0,1,1,0,2,0,1,3,,3,REVOLUTION (QU DE LA),0,,2,1,1,1,1,0,1,, -1,1,0,5,50,22,10,2,94,94002,2,1,0,3,Quai de la RÃ©volution,48.77906,2.4176,8,2,2
202100047386,117Â 067,A01,1,1,2,1,2,6,-1,0,0,-1,2021,36.0,2,0,0,2,7,1,3,,4,RUE DES PYRENEES,0,,2,2,0,2,(1),(1),1,, -1,1,0,1,50,19,3,1,75,75120,2,2,0,3,RUE DES PYRENEES,48.850497,2.406402,9,2,2
202100011803,180Â 620,Z01,10,3,2,2,8,8,-1,3,3,1,2021,24.0,1,2,0,1,7,1,0,,3,COUBERTIN (BOULEVARD PIERRE DE),0,,3,6,0,1,57,110,1,, -1,1,0,1,50,21,10,5,49,49099,2,6,0,6,COUBERTIN (BOULEVARD PIERRE DE),47.05011,-0.87237,7,2,1
202100045405,120Â 570,A01,1,1,2,5,1,0,-1,0,0,-1,2021,34.0,1,2,0,2,1,17,1,,4,FROS (RUE DU),0,,-1,2,0,1,0,0,1,, -1,1,0,1,50,26,3,1,22,22215,2,1,0,3,FROS (RUE DU),48.500475,-2.800925,17,2,2
202100025189,156Â 635,B01,1,1,1,0,2,-1,-1,0,0,-1,2021,19.0,2,1,0,2,1,5,1,,4,,-1,,2,2,0,1,(1),(1),3,,5,1,0,1,50,6,8,1,29,29162,2,1,0,1,15 rue des quatre vents,48.226871,-3.965013,20,2,2
202100005317,192Â 286,B01,10,3,2,0,0,-1,-1,3,3,1,2021,22.0,1,2,0,1,1,1,1,,4,GROS MALHON (AVENUE),0,,2,2,2,4,(1),(1),1,, -1,2,0,1,50,1,12,1,35,35238,2,6,1,6,GROS MALHON (AVENUE),48.133649,-1.685374,11,5,2
202100004740,193Â 308,A01,10,3,1,0,0,-1,-1,3,3,1,2021,78.0,0,2,0,1,1,15,1,,4,DEWYN (RUE DU DOCTEUR),0,,-1,2,0,1,(1),(1),1,, -1,2,0,1,50,4,12,1,59,59599,2,3,1,6,DEWYN (RUE DU DOCTEUR),50.72675,3.16033,13,2,1
202100007873,187Â 667,A01,1,1,1,4,8,0,-1,-1, -1,-1,2021,36.0,1,5,0,2,3,1,1,,4,QUATORZE JUILLET (AV. DU),0,,2,2,0,1,1,0,1,, -1,1,0,1,50,16,11,1,93,93057,2,2,0,3,QUATORZE JUILLET (AV. DU),48.915983,2.492164,7,2,2
202100012306,179Â 736,B01,1,1,2,1,1,-1,-1,0,0,-1,2021,47.0,2,2,0,2,1,1,1,,4,3,-1,,2,2,0,2,(1),(1),3,, -1,2,0,1,80,18,10,1,29,29302,1,9,1,1,Lieu-Dit Moulin de Kergaeric,48.257006,-4.11181,18,2,2
202100031977,144Â 587,B01,1,1,1,4,8,-1,-1,-1, -1,-1,2021,31.0,1,1,0,2,1,1,5,,4,CRS DE L'YSER,0,,2,2,2,1,(1),(1),1,, -1,2,0,1,50,27,6,1,33,33063,2,3,0,3,Cours de l'Yser,44.828798,-0.568767,19,2,2
202100018994,167Â 681,A01,10,3,2,1,0,-1,-1,3,3,1,2021,54.0,2,2,0,1,1,1,1,,4,RUE DE LA CONVENTION,0,,2,2,0,1,(1),(1),1,, -1,2,0,1,30,14,9,1,75,75115,2,3,1,6,RUE DE LA CONVENTION,48.8406723062,2.2888386647,18,3,1
202100016805,171Â 578,A01,10,3,1,9,8,8,-1,2,3,1,2021,31.0,1,2,0,1,8,16,1,,3,CHAUVEL,0,,-1,2,0,1,(1),(1),1,, -1,1,0,1,50,21,9,1,971,97101,1,3,0,6,CHAUVEL,16.23845,-61.52835,12,2,1
202100056348,101Â 178,B01,1,1,1,1,2,0,-1,-1, -1,-1,2021,29.0,3,1,0,2,2,1,1,,3,39,0,,3,2,0,1,0,0,1,, -1,1,0,1,50,3,1,2,92,92073,2,1,0,3,JAURES (AVENUE JEAN),48.86341,2.2094,16,2,2
202100056056,101Â 685,A01,1,1,1,0,2,0,-1,-1, -1,-1,2021,29.0,1,1,0,2,1,1,1,,4,LIBERATION (AVE DE LA),0,,-1,2,0,1,0,0,1,, -1,1,0,1,50,5,1,1,13,13075,2,1,0,2,LIBERATION (AVE DE LA),43.342,5.457,10,2,2
202100015963,173Â 136,A01,10,3,2,0,0,-1,-1,2,3,1,2021,21.0,1,0,0,1,5,1,6,,4,ALBERT-DHALENNE (RUE),0,,2,2,1,1,0,0,2,, -1,1,5,8,20,30,9,1,93,93070,2,9,0,3,ALBERT-DHALENNE (RUE),48.917269,2.329914,8,2,1
202100037666,134Â 331,A01,1,1,1,5,2,6,-1,0,0,-1,2021,15.0,1,1,1,0,8,1,1,,4,,-1,,2,2,0,2,(1),(1),1,, -1,1,0,1,50,29,5,1,31,31160,2,1,0,6,2 Chemin de la Gare,43.689982,1.269701,17,1,1
202100006180,190Â 768,A01,10,3,2,1,0,-1,-1,3,3,1,2021,66.0,1,2,0,1,7,1,1,,4,,-1,,2,2,0,2,(1),(1),1,,4,1,9,1,50,24,11,1,69,69143,2,6,0,6,HENRI BARBUSSE (AV),45.883548,4.845454,8,2,1
202100052242,108Â 323,A01,3,2,1,5,1,0,-1,-1, -1,-1,2021,22.0,2,2,0,9,3,1,1,,2,RN 104,0,,1,2,0,1,40,200,2,, -1,2,0,1,70,7,2,1,91,91521,1,1,1,6,RN 104,48.627,2.4,12,2,1
202100029495,149Â 072,A01,1,1,1,4,1,-1,-1,0,0,-1,2021,26.0,3,5,2,0,3,13,1,,4,359,0,D,2,2,0,1,(1),(1),3,, -1,1,0,3,80,1,7,1,35,35277,1,9,0,6,Le Pont Hervil,48.112886,-2.075394,18,1,1
202100020308,165Â 336,B01,1,1,1,1,8,0,-1,-1, -1,-1,2021,44.0,3,1,0,2,1,2,5,,7,LOUIS REGIS (RUE),0,,2,4,0,1,0,0,1,, -1,1,0,1,50,7,9,1,13,13211,2,2,0,1,LOUIS REGIS (RUE),43.28856,5.49908,18,2,2
202100051098,110Â 340,A01,3,2,1,9,1,0,-1,-1, -1,-1,2021,20.0,3,2,15,2,2,1,1,,4,NONNEVILLE (AVENUE DE),0,,-1,2,0,1,0,0,1,, -1,1,5,1,50,18,2,5,93,93005,2,9,0,3,NONNEVILLE (AVENUE DE),48.9267918218,2.5087776203,3,3,2
202100028442,150Â 874,A01,1,1,2,0,1,0,-1,-1, -1,-1,2021,21.0,2,2,3,0,1,9,1,,1,AUTOROUTE A3,0,,3,10,0,4,6,300,3,, -1,1,2,1,70,17,7,1,93,93010,1,1,0,6,AUTOROUTE A3,48.89203,2.4732,12,1,1
202100016294,172Â 510,A01,1,1,1,5,2,-1,-1,0,0,-1,2021,12.0,3,1,0,2,1,19,5,,3,263,-1,,2,2,0,1,(1),(1),1,, -1,1,0,1,80,29,9,1,50,50593,1,1,0,3,Hameau Es Gendres,49.591543,-1.413465,15,2,2
202100050450,111Â 523,A01,10,3,2,5,0,-1,-1,3,3,1,2021,55.0,1,2,0,1,1,1,1,,4,CLEMENCEAU (BOULEVARD),0,,2,3,0,1,(1),(1),1,, -1,2,0,1,50,22,2,1,66,66136,2,1,1,6,CLEMENCEAU (BOULEVARD),42.6998,2.88912,11,2,1
202100035839,137Â 641,B01,1,1,2,5,2,-1,-1,0,0,-1,2021,13.0,3,1,0,0,8,19,5,,7,,-1,,2,3,0,1,(1),(1),1,,9,1,0,1,30,8,6,1,69,69204,2,2,0,3,8 MAI 1945 (DU) (AV),45.698012,4.794631,18,2,2
202100029442,149Â 155,A01,1,1,1,9,2,0,-1,0,0,-1,2021,21.0,1,1,0,2,1,1,3,,4,BOULEVARD BEAUMARCHAIS,0,,2,4,0,1,(1),(1),1,, -1,1,0,1,50,11,7,1,75,75111,2,1,0,2,BOULEVARD BEAUMARCHAIS,48.855385,2.368634,15,2,2
202100054310,104Â 681,B01,1,1,1,1,2,6,-1,-1, -1,-1,2021,29.0,3,1,0,2,1,1,1,,3,PERRIN,0,,3,2,0,1,0,0,1,, -1,1,0,1,50,20,1,1,971,97101,1,3,0,3,PROVIDENCE,16.27905,-61.50993,16,2,2
202100019856,166Â 146,A01,10,3,1,0,8,8,-1,3,5,1,2021,9.0,3,5,0,1,1,1,1,,4,GENESLAY FELIX (AV) NÂ° IMP 385 ET plus,0,,3,4,0,1,0,0,1,, -1,1,0,1,50,9,9,1,72,72181,2,1,0,6,GENESLAY FELIX (AV) NÂ° IMP 385 ET plus,47.97584,0.20711,17,2,1
202100033214,142Â 393,A01,1,1,1,9,2,6,-1,0,0,-1,2021,36.0,1,1,0,1,1,17,1,,4,BOULEVARD VOLTAIRE,0,,2,2,0,1,(1),(1),1,, -1,2,0,1,50,19,6,1,75,75111,2,1,0,6,BOULEVARD VOLTAIRE,48.861197,2.374435,13,3,1
202100006495,190Â 193,A01,2,2,1,3,3,-1,-1,0,0,-1,2021,0.0,3,2,6,0,6,23,1,,4,,0,,2,1,0,2,(1),(1),1,, -1,2,0,1,30,25,11,1,6,6161,2,4,0,6,17 Rue Auguste Escoffier,43.658457,7.124097,14,2,1
202100011467,181Â 225,A01,10,3,1,5,0,-1,-1,1,1,1,2021,29.0,1,2,0,1,3,1,1,,3,67,0,,2,2,0,1,1,550,1,, -1,2,0,1,80,23,10,3,29,29260,1,1,1,6,D27 - Rue de Aber ,48.439636,-4.640286,0,2,1
202100040984,128Â 361,B01,1,1,1,5,2,-1,-1,0,0,-1,2021,47.0,2,1,0,2,1,1,5,,3,106,0,,2,2,0,1,1,230,2,, -1,1,0,3,80,8,5,1,14,14027,1,1,0,1,D106,48.985237,-0.640479,17,2,2
202100048090,115Â 791,A01,10,3,1,3,0,-1,-1,2,6,1,2021,57.0,0,4,0,1,2,16,1,,4,,0,,1,1,0,1,(1),(1),1,, -1,5,0,1,30,15,3,1,88,88196,2,6,0,6,Rue KlÃ©ber,48.067283,6.873552,12,2,1
202100015493,174Â 010,A01,1,1,1,5,1,0,-1,-1, -1,-1,2021,41.0,1,2,14,2,2,13,1,,4,RTE D'EGLY,0,,2,2,0,2,0,0,1,, -1,2,9,8,50,1,10,1,91,91021,2,1,1,5,RTE D'EGLY,48.585285,2.240901,18,4,3
202100039285,131Â 379,A01,2,2,2,5,1,8,-1,0,0,-1,2021,74.0,1,2,0,2,3,15,1,,3,FUMEL(AVENUE DE ),0,,2,2,0,1,28,145,1,, -1,1,0,1,50,19,5,1,47,47323,2,3,0,3,FUMEL(AVENUE DE ),44.40867,0.73076,14,3,2
202100045759,119Â 957,A01,1,1,1,9,8,0,-1,-1, -1,-1,2021,48.0,3,1,8,0,1,1,5,,4,CHANTERIE,0,,2,2,0,1,1,0,1,, -1,1,0,1,50,31,3,1,49,49267,2,1,0,7,CHANTERIE,47.47731,-0.50663,13,1,1
202100040721,128Â 823,A01,1,1,1,0,2,6,-1,-1, -1,-1,2021,26.0,2,1,9,0,1,1,1,,4,VIENNE (DE)                             ,0,,2,2,1,2,(1),(1),1,, -1,1,0,4,50,9,5,5,69,69276,2,1,0,7,VIENNE (DE)                             ,45.66772,4.85903,2,1,1
202100044692,121Â 827,Z01,10,3,2,9,8,-1,-1,2,B,1,2021,26.0,1,0,0,1,0,0,0,,4,RUE DE SAUTERNES,0,,1,1,0,2,(1),(1),3,, -1,1,9,1,30,8,4,1,33,33063,2,4,0,6,Rue de Sauternes,44.81739,-0.56919,12,2,1
202100025333,156Â 371,B01,1,1,1,5,1,0,-1,0,0,-1,2021,34.0,2,2,0,2,8,2,1,,4,AVENUE DE LA GRANDE ARMEE,0,,2,6,0,1,(1),(1),1,, -1,1,0,1,50,5,8,2,75,75116,2,7,0,5,AVENUE DE LA GRANDE ARMEE,48.874008,2.29411,19,5,3
202100012126,180Â 038,B01,1,1,1,5,4,-1,-1,0,0,-1,2021,64.0,3,1,0,0,8,1,5,,6,,-1,,-1,-1,-1,-1,(1),(1),-1,, -1,1,0,-1,-1,19,10,1,85,85092,2,3,0,1,Rue de Chamiraud,46.465406,-0.822505,15,2,2
202100034875,139Â 376,B01,1,1,1,1,2,6,9,0,0,-1,2021,46.0,3,1,0,2,1,13,1,,6,,-1,,-1,-1,0,1,(1),(1),1,,4,1,0,1,50,12,6,1,33,33122,2,9,0,3,Chemin de lâOsier,44.779977,-0.687568,9,2,2
202100036788,135Â 951,B01,1,1,1,0,2,5,-1,-1, -1,-1,2021,37.0,0,1,1,2,1,0,1,,4,CROIX (RUE DE LA),0,,-1,2,0,1,(1),(1),1,, -1,1,0,1,50,28,5,1,59,59392,2,1,0,1,CROIX (RUE DE LA),50.27673,3.9758,15,2,2
202100035319,138Â 578,B01,1,1,1,9,2,6,-1,0,0,-1,2021,36.0,1,1,0,2,8,1,1,,4,RUE DE CHARENTON,0,,2,4,0,1,(1),(1),1,, -1,1,0,1,50,9,6,1,75,75112,2,2,0,3,RUE DE CHARENTON,48.837307,2.39123,11,2,2