Num_Acc,id_vehicule,num_veh,place,catu,sexe,trajet,secu1,secu2,secu3,locp,actp,etatp,year_acc,victim_age,senc,catv,obs,obsm,choc,manv,motor,occutc,catr,voie,v1,v2,circ,nbv,vosp,prof,pr,pr1,plan,lartpc,larrout,surf,infra,situ,vma,jour,mois,lum,dep,com,agg_,int,atm,col,adr,lat,long,hour,nb_victim,nb_vehicules
202100004661,193Â 444,A01,10,3,1,3,0,-1,-1,-1,9,1,2021,66.0,0,2,0,1,3,1,1,,9,PASTEUR (AVENUE),0,,-1,0,0,1,0,0,1,, -1,1,9,8,30,4,12,5,24,24037,2,9,0,6,PASTEUR (AVENUE),44.85822,0.492,18,2,1
202100036413,136Â 613,Z01,10,3,1,9,8,8,-1,1,1,1,2021,40.0,1,2,0,1,1,1,0,,4,SAINT NICOLAS (RUE 1 A 19-2 A 18),0,,1,1,2,1,(1),(1),1,, -1,1,-1,1,30,3,6,5,54,54395,2,1,0,6,SAINT NICOLAS (RUE 1 A 19-2 A 18),48.6894392181,6.1850615032,22,2,1
202100006671,189Â 860,A01,1,1,2,1,1,0,-1,-1, -1,-1,2021,19.0,2,2,0,0,9,9,1,,1,VA007342 LA CEPIERE  A620 Sortie 27,0,,1,4,0,3,6,472,3,, -1,2,0,1,90,23,11,3,31,31555,2,1,1,4,VA007342 LA CEPIERE  A620 Sortie 27,43.60278,1.39975,23,3,3
202100055721,102Â 264,A01,10,3,2,5,0,-1,-1,4,3,2,2021,54.0,1,2,0,1,2,1,1,,3,191,-1,,2,2,0,1,0,200,3,, -1,1,0,1,30,9,1,5,71,71342,2,1,0,6,rue Denis Papin,46.4453573643,4.1168319327,17,3,1
202100031926,144Â 680,A01,1,1,1,0,2,6,-1,0,0,-1,2021,15.0,1,1,9,0,2,1,1,,3,,-1,,2,2,0,1,(1),(1),1,,"5,5",1,0,3,50,28,6,1,37,37063,2,1,0,6,Rue Gambetta,47.59656,0.913512,16,1,1
202100001770,198Â 626,A01,1,1,2,5,1,-1,-1,0,0,-1,2021,26.0,2,2,0,2,1,1,1,,3,674,-1,,2,2,0,2,20,200,2,, -1,1,0,1,80,22,12,3,57,57451,1,2,0,3,route dÃ©partementale 674,48.918167,6.57462,18,3,2
202100027071,153Â 331,A01,10,3,2,0,0,-1,-1,3,3,1,2021,57.0,0,2,0,1,1,1,0,,4,BERTINOT (RUE GUSTAVE),0,,1,1,0,2,(1),(1),1,, -1,1,0,6,30,25,7,1,27,27375,2,9,0,6,BERTINOT (RUE GUSTAVE),49.210270205,1.17038089,10,2,1
202100041857,126Â 808,A01,2,2,2,5,2,-1,-1,0,0,-1,2021,16.0,2,1,0,0,0,17,1,,4,,-1,,2,2,0,1,(1),(1),1,,"6,5",1,9,1,50,2,5,1,81,81105,2,1,0,7,84 Avenue Charles de Gaulle,43.760928,1.975892,16,2,1
202100054388,104Â 546,A01,1,1,2,5,8,-1,-1,0,0,-1,2021,61.0,2,2,0,2,3,15,1,,2,N7,0,,2,2,0,1,28,898,1,, -1,2,0,1,70,21,1,5,3,3025,1,1,1,3,Route de Moulins,46.4541747671,3.3672532439,17,2,2
202100042957,124Â 885,A01,1,1,1,5,1,-1,-1,0,0,-1,2021,21.0,1,2,15,0,7,1,1,,3,15,0,,2,2,0,1,15,450,2,, -1,1,0,3,80,24,4,3,71,71345,1,1,0,6,Saint Pierre de Lanques,46.439125,4.79204,0,2,1
202100041147,128Â 055,B01,1,1,1,4,2,0,-1,0,0,-1,2021,35.0,1,1,0,2,8,1,5,,4,RUE CAMBACERES,0,,1,1,0,1,(1),(1),1,, -1,2,0,1,30,6,5,1,75,75108,2,2,1,3,RUE CAMBACERES,48.873234,2.317926,13,2,2
202100038495,132Â 833,A01,2,2,1,4,1,4,-1,-1,0,-1,2021,32.0,1,5,4,0,8,13,1,,1,AUTOROUTE A15,0,,3,9,0,1,14,699,1,, -1,1,0,1,110,25,5,1,95,95424,1,1,0,6, A15,48.99418,2.18463,10,2,1
202100041066,128Â 203,A01,1,1,1,1,1,0,-1,-1, -1,-1,2021,23.0,1,2,15,0,2,26,1,,3,445,0,,3,4,0,1,0,0,4,, -1,2,0,3,50,5,5,2,91,91687,2,1,1,6,VICTOR SCHOELCHER (AVENUE),48.653838,2.370797,20,1,1
202100037176,135Â 234,B01,1,1,1,5,0,-1,-1,-1,0,-1,2021,19.0,1,1,0,0,1,1,3,,3,RUE DE PONTOISE,0,,1,2,0,1,0,200,1,, -1,1,0,1,50,31,5,1,95,95063,2,3,0,3,RUE DE PONTOISE,48.924252,2.21759,8,2,2
202100001232,199Â 569,B01,1,1,1,1,2,-1,-1,0,0,-1,2021,17.0,1,1,0,2,1,1,1,,3,D612,-1,,2,2,0,1,96,650,1,, -1,1,0,1,50,28,12,5,34,34245,2,2,0,1,D612,43.422402,2.946307,18,2,2
202100000949,200Â 056,A01,1,1,1,5,1,8,-1,-1, -1,-1,2021,28.0,2,2,3,0,3,1,1,,1,A55-Sens Marseille vers Martigues,0,,1,1,0,2,31,0,3,, -1,1,0,1,50,29,12,5,13,13056,2,1,0,3,A55-Sens Marseille vers Martigues,43.399847,5.096736,18,1,1
202100024721,157Â 458,Z01,10,3,1,1,8,8,-1,1,3,1,2021,47.0,2,2,0,1,1,1,1,,4,GIFFARD (RUE HENRI),0,,3,4,0,1,0,0,1,, -1,1,0,1,50,9,8,1,87,87085,2,1,0,6,GIFFARD (RUE HENRI),45.87021,1.2681,16,2,1
202100043121,124Â 598,B01,1,1,1,1,2,6,-1,-1, -1,-1,2021,53.0,2,1,0,2,7,11,1,,1,AUTOROUTE A1,0,,3,10,0,1,3,299,1,, -1,1,0,1,90,22,4,1,93,93066,1,1,0,3,AUTOROUTE A1,48.92947,2.36154,8,2,2
202100045456,120Â 483,A01,1,1,2,1,8,0,-1,-1, -1,-1,2021,36.0,1,1,0,2,1,25,5,,4,,0,,1,1,0,1,0,0,1,, -1,1,0,1,50,2,4,1,92,92051,2,1,0,3,JACQUES DULUD (RUE),48.88081,2.26683,9,2,2
202100036504,136Â 455,A01,1,1,2,2,8,-1,-1,0,0,-1,2021,19.0,1,2,0,2,2,1,1,,3,1508,-1,,2,1,0,1,(1),(1),2,, -1,1,5,1,-1,19,5,2,74,74272,1,6,0,3,D1508,45.946487,6.048794,7,2,2
202100041504,127Â 423,A01,9,2,2,1,8,0,-1,-1,0,-1,2021,48.0,2,3,0,2,1,1,1,3.0,3,KELLERMANN    AVENUE,0,,2,2,0,1,3,450,1,, -1,1,0,1,50,3,5,1,95,95598,2,1,0,2,KELLERMANN    AVENUE,48.9846862015,2.2950580143,8,4,2
202100053119,106Â 786,A01,1,1,1,3,1,-1,-1,0,0,-1,2021,67.0,2,2,0,0,1,1,1,,3,28,-1,,2,2,0,4,59,50,1,, -1,5,0,3,80,24,1,1,28,28172,1,1,1,7,D28,48.574108,1.671381,12,1,1
202100011666,180Â 870,B01,1,1,1,1,2,0,-1,-1, -1,-1,2021,23.0,1,1,0,2,1,2,1,,3,CROIZAT AMBROISE RD 29 BIS,0,,-1,1,0,1,0,0,1,, -1,1,0,1,50,22,10,1,93,93066,2,1,0,3,CROIZAT AMBROISE RD 29 BIS,48.929552,2.351074,14,2,2
202100008567,186Â 423,A01,1,1,1,5,2,6,-1,0,0,-1,2021,27.0,0,1,2,0,1,0,1,,3,56,0,D,2,2,0,2,(1),(1),4,, -1,1,0,8,-1,12,11,1,87,87161,1,1,0,6,Marsac,45.871291,1.462469,16,1,1
202100004499,193Â 725,A01,1,1,2,4,1,-1,-1,-1,0,-1,2021,23.0,2,2,4,0,1,1,1,,1,AUTOROUTE A15,0,,3,8,0,1,6,0,1,, -1,1,0,1,50,28,9,1,95,95018,1,1,0,6, A15,48.9498331,2.280531,15,1,1
202100042513,125Â 630,A01,2,2,2,0,1,0,-1,-1, -1,-1,2021,58.0,2,2,0,2,3,26,1,,3,GENERAL LECLERC(AVE DU)89/FIN ET 122/FIN,0,,3,2,0,2,0,1,1,, -1,1,9,1,50,25,4,1,93,93055,2,1,0,1,GENERAL LECLERC(AVE DU)89/FIN ET 122/FIN,48.900485903,2.4108782896,18,3,2
202100036006,137Â 325,A01,1,1,1,1,2,-1,-1,0,0,-1,2021,22.0,1,1,13,0,2,1,1,,3,147,-1,,2,2,0,2,19,0,2,, -1,1,0,3,80,8,6,1,53,53061,1,1,0,7,Le Petit Valore,48.429244,-0.413733,11,1,1
202100002714,196Â 920,A01,1,1,2,1,1,0,-1,-1, -1,-1,2021,22.0,2,2,0,2,3,2,1,,1,A7-Sens Marseille vers Lyon,0,,-1,3,0,1,273,0,1,, -1,1,0,1,90,15,12,1,13,13215,1,1,0,2,A7-Sens Marseille vers Lyon,43.37899,5.35528,9,2,2
202100002236,197Â 788,B01,1,1,1,3,2,8,-1,0,0,-1,2021,18.0,2,1,0,2,1,1,1,,4,MONNOT (AVENUE),0,,2,2,2,1,(1),(1),1,, -1,1,0,1,50,18,12,2,71,71076,2,1,0,3,MONNOT (AVENUE),46.7884741079,4.8601578765,17,2,2
202100000621,200Â 594,A01,10,3,2,3,0,-1,-1,3,3,1,2021,48.0,1,2,0,1,3,1,1,,3,MONTOTS,0,,2,2,0,1,0,0,1,, -1,1,0,1,50,31,12,1,58,58194,2,1,0,3,MONTOTS,46.9937,3.136,10,2,1
202100022793,160Â 861,A01,1,1,1,0,2,-1,-1,0,0,-1,2021,26.0,0,1,0,2,1,1,5,,6,ANDRE DUROUCHEZ (RUE),0,,-1,-1,1,1,(1),(1),1,, -1,1,0,5,50,20,8,1,80,80021,1,1,0,3,ANDRE DUROUCHEZ (RUE),49.9310495701,2.2780133666,18,2,2
202100012209,179Â 892,B01,1,1,1,1,2,7,-1,-1, -1,-1,2021,28.0,2,1,0,2,5,1,1,,4,REDON (DE),0,,2,2,0,1,0,0,1,, -1,1,0,1,50,19,10,5,35,35238,2,3,0,3,REDON (DE),48.105056,-1.691546,19,3,2
202100002631,197Â 077,C01,1,1,1,0,1,0,-1,-1, -1,-1,2021,40.0,3,2,0,2,4,1,1,,2,RN 1569,0,,2,2,0,1,1,0,1,, -1,1,0,1,80,16,12,3,13,13047,1,1,0,4,RN 1569,43.51439,4.96429,17,6,5
202100001512,199Â 092,A01,1,1,1,1,1,5,-1,-1, -1,-1,2021,43.0,1,2,0,2,8,15,2,,3,MARC SANGNIER (AVENUE),0,,3,2,0,1,0,0,1,, -1,2,0,1,50,24,12,1,92,92078,2,3,0,3,MARC SANGNIER (AVENUE),48.9297870821,2.3258788884,15,2,2
202100038749,132Â 353,B01,3,2,1,5,1,-1,-1,-1, -1,-1,2021,12.0,3,2,0,2,2,2,1,,4,TONDEURS (BOULEVARD),0,,3,4,0,1,(1),(1),1,, -1,2,0,1,70,22,5,2,51,51055,2,1,1,3,Boulevard des Tondeurs,49.281057,4.039706,16,6,2
202100045953,119Â 614,A01,1,1,1,1,1,-1,-1,0, -1,-1,2021,54.0,1,2,0,5,0,21,1,,2,RN165 (VE),0,,3,4,0,1,33,400,1,, -1,1,3,3,110,30,3,3,29,29039,1,1,0,6,N165,47.92286,-3.89106,4,1,1
202100006802,189Â 622,B01,1,1,2,3,1,-1,-1,-1,0,-1,2021,31.0,1,2,0,2,4,2,1,,2,RN 104,0,,3,6,0,1,14,600,1,, -1,1,0,1,110,23,11,1,95,95365,1,1,0,2,RN 104,49.06424,2.41035,10,2,2
202100042448,125Â 743,A01,1,1,1,5,8,0,-1,-1, -1,-1,2021,31.0,3,1,0,0,0,1,5,,4,GUSTAVE FLAUBERT,0,,1,1,0,1,(1),(1),1,, -1,1,0,1,50,25,4,1,76,76351,2,1,0,6,GUSTAVE FLAUBERT,49.496745,0.10685,14,1,1
202100031144,146Â 066,A01,1,1,2,1,1,0,-1,-1, -1,-1,2021,24.0,2,2,0,2,2,11,1,,3,,0,,1,2,0,1,36,80,1,, -1,1,0,1,50,1,7,1,25,25056,2,1,0,3,BELFORT RUE DE (inf144),47.2469,6.02654,9,2,2
202100027119,153Â 240,A01,1,1,1,5,0,-1,-1,0,0,-1,2021,65.0,2,2,2,0,9,1,1,,3,48,0,,2,2,0,1,3,200,3,, -1,1,0,3,70,25,7,1,38,38310,1,1,0,7,Route de Tullins,45.270524,5.479807,11,1,1
202100051212,110Â 138,A01,1,1,2,0,8,-1,-1,0,0,-1,2021,55.0,2,2,0,2,1,0,1,,3,1508,-1,,2,2,1,1,31,150,1,, -1,1,0,1,70,16,2,3,74,74272,1,1,0,2,D1508,45.948942,6.045935,21,2,2
202100029164,149Â 618,B01,1,1,2,1,1,0,-1,-1, -1,-1,2021,35.0,2,2,0,2,3,1,1,,4,SAINT HILAIRE (R),0,,2,2,0,1,1,0,1,, -1,2,0,1,30,13,7,1,94,94068,2,2,1,3,Rue Saint-Hilaire,48.791788,2.513305,8,3,2
202100051750,109Â 197,A01,1,1,1,1,1,-1,-1,0,0,-1,2021,31.0,1,2,2,0,1,14,1,,2,21,-1,,2,2,0,1,42,300,3,, -1,2,0,3,80,12,2,3,24,24521,1,1,0,6,Adoux,45.258214,0.860968,18,1,1
202100021294,163Â 592,A01,1,1,1,5,2,0,-1,0,0,-1,2021,21.0,2,1,0,2,1,17,1,,4,BOULEVARD DIDEROT,0,,2,3,0,1,(1),(1),1,, -1,1,0,1,30,2,9,1,75,75112,2,2,0,1,BOULEVARD DIDEROT,48.847,2.383799,13,2,2
202100044036,122Â 961,A01,1,1,2,1,2,6,-1,-1, -1,-1,2021,32.0,1,1,0,2,5,2,1,,4,JEAN LACOSTE (RUE),0,,2,1,0,1,0,0,1,, -1,1,0,1,50,13,4,5,10,10387,2,1,0,2,JEAN LACOSTE (RUE),48.29957,4.06003,22,2,2
202100020639,164Â 734,B01,1,1,1,9,1,-1,-1,0,0,-1,2021,23.0,1,2,0,2,1,1,1,,3,10,0,,2,2,0,1,1,347,1,,4,1,0,1,80,7,9,1,21,21505,1,2,0,3,D10,47.405292,4.331038,7,5,2
202100048882,114Â 383,A01,1,1,1,1,1,-1,-1,0,0,-1,2021,22.0,2,2,2,0,3,1,1,,3,135,0,,-1,2,0,1,32,365,1,, -1,1,0,3,80,8,3,1,33,33489,1,1,0,6,Lieu Dit Chaumet,45.096564,-0.494127,18,1,1
202100049134,113Â 927,A01,10,3,2,5,0,-1,-1,3,3,1,2021,47.0,1,2,0,1,1,1,1,,4,AVENUE DE SAINT MANDE,0,,2,2,0,1,(1),(1),1,, -1,1,0,1,50,5,3,1,75,75112,2,1,0,6,AVENUE DE SAINT MANDE,48.84505,2.400018,13,2,1
202100026135,154Â 977,A01,1,1,2,4,1,0,-1,-1, -1,-1,2021,23.0,2,5,0,2,1,14,1,,3,LYON (AVENUE DE),0,,2,2,1,2,3,500,3,, -1,1,0,3,50,27,7,1,42,42187,2,1,0,6,Avenue de Lyon,46.039146,4.077321,19,1,1
202100001101,199Â 800,A01,1,1,1,5,1,-1,-1,0,0,-1,2021,20.0,1,2,2,2,1,17,1,,3,911,0,,2,2,0,1,68,360,1,,"3,5",1,0,1,90,30,12,1,12,12032,1,4,0,3,Baraque de Cussan - La Plane,44.303366,2.385964,14,2,2
202100050714,111Â 038,B01,1,1,1,0,1,8,-1,-1, -1,-1,2021,23.0,1,5,0,2,9,14,1,,1,A7-Sens Marseille vers Lyon,0,,-1,4,0,1,270,0,1,, -1,1,0,1,90,20,2,1,13,13071,1,1,0,2,A7-Sens Marseille vers Lyon,43.40355,5.34351,8,2,2
202100025484,156Â 113,B01,1,1,2,9,8,0,-1,0,0,-1,2021,26.0,1,1,0,2,8,1,5,,4,RUE SAINT MAUR,0,,1,1,0,1,(1),(1),1,, -1,1,0,1,30,5,8,1,75,75111,2,3,0,6,RUE SAINT MAUR,48.8635539958,2.3788929702,20,2,2
202100048978,114Â 201,B01,1,1,1,9,8,0,-1,-1, -1,-1,2021,55.0,0,1,0,2,4,19,5,,4,PASTEUR S2  (AVENUE),0,,1,8,3,1,1,0,1,, -1,1,0,1,30,6,3,1,93,93048,2,5,0,3,PASTEUR S2  (AVENUE),48.86438,2.43901,18,2,2
202100016568,172Â 017,A01,1,1,2,2,1,-1,-1,0,0,-1,2021,18.0,1,2,0,2,3,1,1,,3,11,0,D,2,2,0,2,13,700,2,,"5,5",2,0,1,80,28,9,1,40,40100,1,1,1,1,D.11 PR 013.700,43.932957,-0.233052,8,2,2
202100050115,112Â 159,A01,1,1,1,5,1,-1,-1,0,0,-1,2021,63.0,1,2,3,0,2,1,1,,1,35,0,,3,4,0,1,90,600,1,, -1,1,0,2,130,27,2,1,68,68082,1,1,0,6,autoroute A35,47.861952,7.392297,16,4,1
202100019262,167Â 203,A01,2,2,1,0,0,-1,-1,0,0,-1,2021,30.0,1,2,13,0,7,1,1,,3,30,-1,,2,2,0,1,26,510,1,, -1,1,0,1,80,11,9,3,72,72077,1,9,0,6,LD BOUILLANT,47.6120181378,0.3288409267,4,2,1
202100000129,201Â 523,A01,3,2,2,0,1,8,-1,-1, -1,-1,2021,75.0,0,2,12,0,2,1,1,,7,CALAMEAU CHEMIN DE,0,,2,2,0,1,9,0,1,, -1,1,0,1,50,15,7,1,13,13063,2,1,0,6,CALAMEAU CHEMIN DE,43.58349,4.99372,17,2,1
202100017481,170Â 376,A01,10,3,2,0,0,-1,-1,3,3,1,2021,27.0,0,2,0,1,1,18,0,,4,MOLLE (RUE DE LA),0,,1,3,3,2,0,0,1,, -1,1,0,6,50,22,9,5,13,13001,2,3,0,1,MOLLE (RUE DE LA),43.53082,5.44216,21,2,1
202100012223,179Â 872,B01,1,1,1,5,8,0,-1,-1, -1,-1,2021,58.0,2,1,0,2,1,1,0,,4,BOUIN JEAN,0,,2,2,0,1,(1),(1),2,, -1,1,0,1,50,19,10,1,17,17461,2,3,0,1,BOUIN JEAN,45.641897,-1.060733,18,2,2
202100022687,161Â 061,C01,1,1,1,1,1,0,-1,-1, -1,-1,2021,39.0,2,5,0,2,4,2,1,,4,BRUNET (AVENUE LOUIS),0,,2,2,0,2,0,0,3,, -1,1,0,1,50,24,8,1,974,97416,2,1,0,4,BRUNET (AVENUE LOUIS),-21.34107,55.48223,7,3,3
202100010795,182Â 442,A01,1,1,1,0,2,6,-1,0,0,-1,2021,84.0,0,1,0,2,1,1,1,,3,6089,-1,D,2,2,0,1,(1),(1),1,, -1,1,5,1,50,28,10,1,24,24547,2,2,0,3,Avenue Victor Hugo,45.131059,1.287546,14,2,2
202100051229,110Â 108,A01,1,1,1,1,1,-1,-1,0,0,-1,2021,59.0,0,4,0,0,5,0,0,,3,46,0,,2,1,0,1,(1),(1),1,, -1,5,0,1,80,9,2,3,50,50090,1,1,1,7,La Belaisiere St-symphorie (Saint-Symphorien-des-Monts),48.552289,-0.970252,22,1,1
202100002205,197Â 851,B01,1,1,1,1,1,-1,-1,0,0,-1,2021,22.0,0,2,0,2,5,9,1,,3,302,0,D,3,4,0,1,(1),(1),1,, -1,1,0,1,90,21,12,3,38,38557,2,6,0,3,D302,45.76664,5.075319,6,2,2
202100056517,100Â 884,A01,1,1,1,0,0,-1,-1,0,0,-1,2021,22.0,2,2,6,0,5,6,1,,4,,-1,,2,2,0,1,(1),(1),2,, -1,2,5,3,80,1,1,1,33,33003,1,2,0,6,Voie rapide Bassens Ambes,44.9542747363,-0.5179211363,10,1,1
202100039451,131Â 090,A01,10,3,1,0,8,8,-1,2,B,1,2021,24.0,2,0,0,1,1,0,0,,4,RUE DE LA CONTRIE,0,,2,2,0,1,(1),(1),1,, -1,1,0,1,30,18,5,5,44,44109,2,1,0,6,RUE DE LA CONTRIE,47.22031,-1.59857,22,2,1
202100052440,107Â 978,A01,10,3,2,2,0,-1,-1,4,3,1,2021,19.0,1,2,0,1,1,1,1,,4,HUGO VICTOR (DE 1 A 17 ET 2 A 20),0,,2,2,0,1,(1),(1),1,, -1,1,5,1,50,4,2,1,29,29019,2,2,0,6,Rue Victor Hugo,48.390278,-4.477488,16,3,2
202100054701,104Â 010,B01,1,1,1,0,8,0,-1,-1, -1,-1,2021,18.0,1,1,0,2,1,1,3,,4,PAUL CEZANNE  (AVENUE),0,,2,2,0,1,0,0,1,, -1,1,0,1,50,17,1,5,93,93047,2,2,0,1,PAUL CEZANNE  (AVENUE),48.9032397715,2.5586077841,18,2,2
202100010093,183Â 665,A01,1,1,1,5,2,-1,-1,0,0,-1,2021,21.0,0,1,0,0,0,1,0,,4,0,0,,2,2,0,1,(1),(1),2,, -1,2,0,1,50,1,11,1,67,67498,2,1,0,7,8 Rue de l Etoile,48.878235,7.581143,16,1,1
202100004947,192Â 949,B01,1,1,1,1,2,6,-1,0,0,-1,2021,52.0,1,1,0,2,1,1,1,,3,916,0,,2,2,0,2,17,0,1,, -1,2,0,1,50,3,12,1,60,60581,2,2,1,3,32 Rue de Paris,49.505186,2.434534,12,3,2
202100007043,189Â 166,B01,1,1,1,1,2,0,-1,0,0,-1,2021,37.0,1,1,0,2,4,3,1,,4,PORTE DE LA VILLETTE,0,,1,4,0,1,25,800,1,, -1,1,0,1,70,17,11,1,75,75119,2,1,0,4,PORTE DE LA VILLETTE,48.896897,2.394076,13,3,3
202100038632,132Â 584,Z01,10,3,1,0,0,-1,-1,9,B,1,2021,48.0,0,0,0,1,0,0,0,,4,DOMERCQ (RUE CHARLES),0,,2,2,0,1,(1),(1),1,, -1,1,0,1,50,23,5,2,33,33063,2,3,0,6,Rue Charles Domercq,44.8272237721,-0.5567498635,21,2,1
202100053415,106Â 243,B01,1,1,1,4,1,8,-1,-1, -1,-1,2021,39.0,2,2,0,2,6,1,1,,2,104,0,,3,6,0,1,38,799,1,, -1,2,0,1,90,27,1,3,91,91228,1,9,1,5,RN 104,48.61419,2.42988,21,3,3
202100031824,144Â 869,A01,1,1,1,5,8,-1,-1,0,0,-1,2021,7.0,1,1,0,2,8,19,5,,4,OSLO (D')                           (R ),0,,2,2,0,1,(1),(1),1,, -1,1,0,1,50,27,6,1,69,69286,2,1,0,3,OSLO (D') (R),45.81748,4.90429,19,2,2
202100035529,138Â 203,B01,1,1,1,5,2,6,-1,0,0,-1,2021,27.0,1,1,0,2,4,2,1,,4,PORTE DE SAINT OUEN,0,,-1,4,0,1,20,900,1,, -1,1,0,1,70,8,6,5,75,75118,2,1,0,2,PORTE DE SAINT OUEN,48.900616,2.330349,22,4,2
202100022548,161Â 323,B01,1,1,1,5,2,4,-1,0,0,-1,2021,30.0,2,1,0,2,1,9,5,,3,4,-1,B,2,2,0,1,0,1,1,, -1,1,0,1,50,26,8,5,4,4143,2,6,0,3,RD4 - Rond point du Revest,43.922951,5.911524,22,2,2
202100016974,171Â 279,A01,2,2,1,0,8,0,-1,-1, -1,-1,2021,22.0,3,2,0,2,8,15,1,,4,EUROPE (AVENUE DE L'),0,,2,2,0,1,0,0,1,, -1,1,0,1,50,25,9,1,13,13117,2,2,0,3,ESPAGNE ( VOIE D' ),43.42125,5.26665,13,3,2
202100055878,101Â 999,B01,1,1,2,5,1,-1,-1,0,0,-1,2021,73.0,3,2,0,2,2,15,1,,3,517,0,D,2,2,0,4,(1),(1),1,, -1,1,5,1,80,7,1,3,38,38197,1,3,0,3,Route de Lyon,45.752428,5.111802,19,2,2
202100046566,118Â 534,A01,10,3,1,1,0,-1,-1,6,0,1,2021,58.0,1,2,0,1,1,2,1,,4,BOIS D'INDE (CITE),0,,2,2,0,2,(1),(1),1,, -1,1,0,1,30,25,3,1,972,97213,1,1,0,6,BOIS D'INDE (CITE),14.62643,-61.0134,6,3,1
202100001484,199Â 134,A01,1,1,2,3,1,8,-1,-1, -1,-1,2021,41.0,1,2,0,2,3,19,1,,4,,0,,3,1,0,1,(1),(1),1,, -1,1,0,1,50,23,12,1,25,25056,2,2,0,3,BRULARD  RUE GENERAL,47.228738,6.007195,16,2,2
202100049358,113Â 535,Z01,10,3,2,9,0,-1,-1,8,9,1,2021,23.0,3,2,0,1,0,0,0,,4,LEON GRANIER                        (R ),0,,2,2,0,1,(1),(1),1,, -1,1,0,8,15,2,3,5,69,69202,2,1,0,6,LEON GRANIER (R),45.7351597373,4.784880649,19,2,1
202100010473,183Â 003,B01,1,1,2,0,8,-1,-1,-1, -1,-1,2021,52.0,1,1,1,0,1,1,2,,4,LAVOISIER                           (R ),0,,2,2,1,2,(1),(1),1,, -1,1,0,1,30,27,10,1,69,69034,2,1,0,3,LAVOISIER (R),45.7956447751,4.8469544842,9,2,2
202100001922,198Â 359,B01,1,1,2,5,2,0,-1,-1, -1,-1,2021,14.0,1,1,0,2,8,19,3,,3,911,0,,2,2,0,1,0,0,1,, -1,1,0,1,50,20,12,1,92,92036,2,2,0,3,CROIX DE VIGNES (RUE),48.928661,2.299549,14,2,2
202100040344,129Â 491,B01,1,1,1,5,1,-1,-1,-1, -1,-1,2021,69.0,1,2,0,2,8,1,1,,4,AVE FELIX CAILLEAU,0,,3,4,0,3,(1),(1),2,, -1,1,0,1,50,9,5,1,33,33032,2,4,0,3,Avenue FÃ©lix Cailleau,44.90397,-0.51813,9,2,2
202100050431,111Â 553,B01,1,1,1,9,0,-1,-1,-1, -1,-1,2021,37.0,3,1,0,2,1,1,0,,4,OSCHATZ (D')                        (AV),0,,3,1,1,2,(1),(1),1,, -1,1,0,5,50,23,2,5,69,69259,2,9,0,3,OSCHATZ (D')                        (AV),45.6957618897,4.8812180109,19,2,2
202100001644,198Â 866,A01,1,1,2,5,1,-1,-1,0,0,-1,2021,22.0,1,2,13,0,1,14,1,,3,18,-1,,2,2,0,1,12,99,2,, -1,2,0,3,80,24,12,1,51,51298,1,1,1,7,D18,48.992271,3.715439,13,1,1
202100034901,139Â 328,A01,7,2,2,5,8,-1,-1,0,0,-1,2021,34.0,0,2,13,0,0,0,1,,4,,-1,,2,2,0,1,(1),(1),1,,4,1,0,3,80,12,6,1,33,33504,1,1,1,6,Ruisseau de Piquant,44.5361006507,-0.3539803967,17,4,1
202100011758,180Â 696,A01,10,3,2,3,-1,-1,-1,2,3,1,2021,65.0,1,5,0,1,1,26,1,,3,JULES LEFEBVRE (AVENUE),0,,2,2,0,1,0,0,1,, -1,1,0,1,30,10,6,1,2,2168,2,9,0,6,JULES LEFEBVRE (AVENUE),49.043777,3.399093,9,2,1
202100026228,154Â 818,B01,1,1,1,5,2,-1,-1,0,0,-1,2021,20.0,3,1,0,2,1,1,1,,4,,-1,,2,2,0,1,(1),(1),3,,4,1,0,1,30,30,7,1,13,13022,2,9,0,1,2 Chemin du Plan d Olive,43.231572,5.545435,19,2,2
202100018951,167Â 769,B01,1,1,1,1,2,6,-1,-1, -1,-1,2021,37.0,1,1,0,2,1,1,1,,4,FORT DE L'EVE (ROUTE DU),0,,2,2,0,2,(1),(1),3,, -1,1,0,1,50,13,9,1,44,44184,2,3,0,1,FORT DE L'EVE (ROUTE DU),47.24142,-2.27687,11,2,2
202100028476,150Â 817,B01,1,1,1,5,1,0,-1,-1, -1,-1,2021,21.0,2,2,0,2,7,1,1,,4,GOURDON (RUE),0,,2,1,0,1,1,0,1,, -1,1,0,1,50,18,7,5,18,18279,2,2,0,3,GOURDON (RUE),47.22,2.06,0,4,2
202100034228,140Â 563,A01,10,3,2,1,0,-1,-1,3,3,1,2021,58.0,2,5,0,1,3,15,3,,4,GAMBETTA (AVENUE),0,,2,2,0,2,0,0,2,, -1,1,9,1,50,14,6,1,83,83069,2,1,0,6,GAMBETTA (AVENUE),43.1189271737,6.1286115646,12,2,1
202100056298,101Â 265,B01,1,1,1,5,8,0,-1,-1, -1,-1,2021,33.0,3,1,1,0,1,1,3,,4,,0,,1,1,0,1,0,0,1,, -1,1,0,1,50,3,1,5,92,92025,2,1,0,3,COLBERT  55 A 113   42 A 102 (RUE),48.91647141,2.2313350439,21,2,2