Num_Acc,id_vehicule,num_veh,place,catu,sexe,trajet,secu1,secu2,secu3,locp,actp,etatp,year_acc,victim_age,senc,catv,obs,obsm,choc,manv,motor,occutc,catr,voie,v1,v2,circ,nbv,vosp,prof,pr,pr1,plan,lartpc,larrout,surf,infra,situ,vma,jour,mois,lum,dep,com,agg_,int,atm,col,adr,lat,long,hour,nb_victim,nb_vehicules
202100006100,190Â 901,A01,10,3,2,5,8,8,-1,2,3,1,2021,75.0,1,1,1,1,1,17,3,,4,AVENUE DU MAINE,0,,2,4,0,1,(1),(1),1,, -1,2,0,1,30,26,11,2,75,75114,2,3,1,6,AVENUE DU MAINE,48.829822,2.32606,16,2,1
202100040057,129Â 996,B01,1,1,1,0,2,0,-1,-1, -1,-1,2021,16.0,1,1,0,2,1,17,1,,3,BREL (RUE JACQUES),0,,2,2,0,1,1,0,1,, -1,1,0,1,50,12,5,1,18,18279,2,1,0,3,BREL (RUE JACQUES),47.20191,2.07816,16,3,2
202100020073,165Â 746,B01,1,1,1,0,2,-1,-1,-1, -1,-1,2021,46.0,0,1,0,2,8,15,1,,4,KOENIG (RUE DU GENERAL),0,,2,3,0,2,(1),(1),3,, -1,1,0,1,50,8,9,1,51,51454,2,2,0,3,Avenue Edmond Michelet,49.22577,4.02941,7,3,2
202100025380,156Â 289,B01,1,1,1,5,2,9,-1,0,0,-1,2021,35.0,1,1,0,2,7,15,1,,2,7,-1,,2,2,0,1,101,200,1,, -1,1,0,1,70,7,8,1,58,58057,1,9,0,3,Route Nationale 7,46.731904,3.169545,12,5,2
202100014959,174Â 968,A01,1,1,2,1,1,8,-1,-1, -1,-1,2021,39.0,1,2,0,2,3,9,1,,3,RELIGIEUSES (ROUTE DES),0,,2,2,0,1,0,0,1,, -1,1,0,1,30,4,10,1,972,97209,2,1,0,5,RELIGIEUSES (ROUTE DES),14.61284,-61.05978,6,3,3
202100045600,120Â 221,B01,1,1,1,0,2,0,-1,-1, -1,-1,2021,53.0,1,1,0,2,1,1,1,,7,REVEL (RTE DE) DU 1AU 73,0,,-1,1,0,1,26,505,1,, -1,1,0,1,50,31,3,1,31,31555,2,1,0,3,REVEL (RTE DE) DU 1AU 73,43.57684,1.48692,13,2,2
202100012800,178Â 838,A01,2,2,2,5,1,0,-1,-1, -1,-1,2021,17.0,2,2,5,0,1,1,1,,2,RN104,0,,2,4,0,1,1,0,1,, -1,1,0,1,110,17,10,2,77,77169,1,1,0,7,RN104,48.820545,2.615646,7,2,1
202100010585,182Â 806,B01,2,1,1,1,2,6,-1,-1, -1,-1,2021,24.0,2,1,0,2,8,1,1,,3,ARISTIDE BRIAND (BOULEVARD),0,,2,2,0,1,1,0,1,, -1,1,0,1,50,28,10,1,93,93048,2,2,0,3,ARISTIDE BRIAND (BOULEVARD),48.87111,2.45188,16,2,2
202100009625,184Â 501,A01,10,3,2,9,8,8,-1,4,3,1,2021,65.0,1,1,0,1,1,1,3,,4,RUE LAMARTINE,0,,2,3,0,1,(1),(1),1,, -1,1,0,1,30,3,11,1,75,75109,2,2,0,6,RUE LAMARTINE,48.876558,2.341292,12,2,1
202100047230,117Â 339,A01,1,1,2,5,1,0,-1,0,0,-1,2021,26.0,1,2,1,0,7,1,1,,4,MONTALIVET (COURS),0,,-1,2,0,1,1,0,1,, -1,1,0,8,50,20,3,1,14,14118,2,1,0,6,Cours Montalivet,49.17841,-0.34629,15,1,1
202100028339,151Â 043,A01,10,3,1,5,0,-1,-1,1,3,1,2021,47.0,2,2,0,1,2,1,1,,3,6089,-1,,2,2,0,1,96,600,1,, -1,1,0,1,70,17,7,1,24,24543,1,1,0,7,Gabillou,45.040272,0.380348,11,2,1
202100005879,191Â 282,B01,1,1,1,0,2,-1,-1,-1, -1,-1,2021,59.0,2,1,0,2,1,1,1,,4,GARE D'EAU (DE LA)                  (QU),0,,2,4,0,1,(1),(1),1,, -1,1,0,1,50,23,11,1,69,69389,2,1,0,5,GARE D'EAU (DE LA) (Q),45.78118,4.80761,15,5,5
202100016779,171Â 621,B01,1,1,2,9,2,0,-1,-1, -1,-1,2021,24.0,2,1,0,9,1,5,5,,3,MONTABO (ROUTE DE) 2,0,,2,1,0,1,3,950,1,, -1,1,0,1,50,24,9,1,973,97302,2,3,0,3,MONTABO (ROUTE DE) 2,4.93388,-52.2909,17,2,2
202100010640,182Â 719,A01,1,1,2,0,1,-1,-1,0,0,-1,2021,77.0,2,2,0,2,3,13,1,,3,1205,-1,,2,2,0,1,16,500,1,, -1,1,0,1,70,28,10,3,74,74087,1,1,0,1,1400 Route de Bonneville,46.115673,6.348429,18,2,2
202100042054,126Â 455,B01,2,2,2,5,2,6,-1,0,0,-1,2021,26.0,1,1,0,2,5,1,1,,4,AVENUE NIEL,0,,1,1,0,1,(1),(1),1,, -1,1,0,1,50,29,4,1,75,75117,2,4,0,3,AVENUE NIEL,48.881976,2.295912,16,3,2
202100021248,163Â 678,A01,1,1,2,0,1,0,-1,0,0,-1,2021,32.0,1,2,12,0,2,0,1,,4,HUGO (RUE VICTOR),0,,1,3,3,1,(1),(1),1,, -1,1,0,1,50,2,9,5,54,54395,2,2,0,6,POINCARE (RUE RAYMOND 31-32 A FIN),48.68943,6.16974,2,2,1
202100011506,181Â 156,B01,1,1,1,1,1,5,-1,-1, -1,-1,2021,38.0,1,2,0,2,4,1,1,,1,A51-Sens Marseille vers Aix en Provence,0,,1,3,0,1,3,900,1,, -1,1,0,1,90,22,10,1,13,13019,1,1,0,4,A51-Sens Marseille vers Aix en Provence,43.418326,5.366307,17,5,4
202100033966,141Â 049,A01,10,3,2,2,0,-1,-1,2,3,3,2021,15.0,1,2,0,1,3,1,0,,4,,-1,,2,2,0,1,(1),(1),1,,5,1,0,1,50,15,6,1,69,69204,2,5,0,6,COLLONGES (DES) (R),45.692654,4.803858,18,2,1
202100004838,193Â 139,B01,1,1,1,0,1,0,-1,-1, -1,-1,2021,24.0,2,1,0,2,1,1,1,,3,50,0,,3,6,0,1,0,0,1,, -1,1,0,1,50,4,12,2,92,92012,2,1,0,3,REPUBLIQUE (BOULEVARD DE LA) 5/77BIS - 6,48.831176322,2.2568374872,16,2,2
202100041723,127Â 031,A01,1,1,1,0,8,-1,-1,0,0,-1,2021,50.0,1,2,6,0,2,1,1,,3,1,-1,,2,2,0,1,(1),(1),2,, -1,1,0,4,50,3,5,1,8,8363,2,1,0,6,873 Avenue d'Orzy,49.927646,4.64792,13,1,1
202100010034,183Â 761,A01,2,2,2,5,1,0,-1,-1, -1,-1,2021,64.0,3,2,0,2,4,11,1,,4,ST DOMINIQUE (MAIL),0,,1,3,0,1,(1),(1),1,, -1,1,0,1,50,31,10,1,10,10387,2,2,0,3,ST DOMINIQUE (MAIL),48.30522,4.07419,13,3,2
202100030742,146Â 809,A01,1,1,1,0,8,-1,-1,-1, -1,-1,2021,34.0,1,1,0,2,1,5,1,,4,VIENNE (DE)                         (RO),0,,2,2,2,1,(1),(1),1,, -1,1,0,1,50,2,7,1,69,69388,2,1,0,1,VIENNE (DE) (RTE),45.7336515041,4.8533941806,16,2,2
202100036235,136Â 914,B01,1,1,1,5,2,8,-1,-1, -1,-1,2021,16.0,3,1,0,2,1,0,1,,7,NATIONS UNIES (AVENUE DES),0,,3,2,0,1,(1),(1),1,, -1,1,0,1,50,5,6,1,59,59512,2,1,0,3,NATIONS UNIES (AVENUE DES),50.6939912215,3.1758498064,17,2,2
202100018945,167Â 780,B01,1,1,1,0,8,0,-1,-1, -1,-1,2021,28.0,1,1,8,2,3,1,5,,4,ISLY RUE,0,,2,2,1,1,(1),(1),1,, -1,1,0,1,50,13,9,1,59,59350,2,3,0,3,ISLY RUE,50.6223455786,3.0362629521,9,2,2
202100036199,136Â 983,B01,1,1,1,5,2,0,-1,-1, -1,-1,2021,48.0,2,1,0,2,1,3,1,,2,RN 104,0,,1,2,0,1,31,49,1,, -1,1,0,1,90,6,6,1,91,91553,1,1,0,2,RN 104,48.63146,2.50045,12,3,2
202100035020,139Â 101,A01,10,3,1,3,0,-1,-1,3,3,1,2021,76.0,3,2,0,1,1,26,1,,4,EUZEBY (AVENUE ERNEST),0,,2,2,0,2,0,0,1,, -1,1,9,6,50,11,6,1,30,30028,2,1,0,6,EUZEBY (AVENUE ERNEST),44.15502,4.61498,9,2,1
202100020114,165Â 672,A01,1,1,1,1,2,8,-1,-1, -1,-1,2021,44.0,1,1,0,2,1,18,1,,3,PARIS (AV DE),0,,2,1,1,1,1,0,1,, -1,1,-1,1,50,8,9,1,94,94080,2,3,0,3,Avenue de Paris,48.84601,2.42469,11,2,2
202100046570,118Â 527,B01,1,1,1,0,0,-1,-1,0,0,-1,2021,12.0,1,1,0,2,7,0,3,,4,MADAME MERE BD,0,,2,2,0,2,(1),(1),1,, -1,1,9,1,50,17,3,1,201,201004,2,1,0,3,MADAME MERE BD,41.91383,8.72514,17,2,2
202100029325,149Â 344,A01,1,1,1,5,2,6,-1,0,0,-1,2021,65.0,2,1,0,2,1,1,1,,4,RUE LINOIS,0,,2,2,0,1,(1),(1),1,, -1,2,0,1,50,12,7,1,75,75115,2,3,1,3,RUE LINOIS,48.848524,2.282883,9,2,2
202100026497,154Â 336,A01,1,1,1,4,2,0,-1,0,0,-1,2021,31.0,2,1,0,2,7,5,1,,4,RUE DAGUERRE,0,,2,2,1,2,(1),(1),1,, -1,1,0,5,30,29,7,1,75,75114,2,3,0,3,RUE DAGUERRE,48.835683,2.324964,16,2,2
202100034156,140Â 707,A01,1,1,1,5,2,6,9,0,0,-1,2021,62.0,2,1,0,2,4,2,1,,3,1084,0,,2,2,0,1,67,286,1,, -1,9,8,1,30,16,6,1,1,1307,2,1,0,2,Route de Lyon,46.159769,5.57009,16,3,2
202100001069,199Â 851,A01,10,3,2,9,0,8,-1,3,3,2,2021,28.0,2,2,0,1,5,19,1,,4,CHAMPEVAL(AVE JEAN-BAPTISTE),0,,2,2,0,1,1,0,1,, -1,2,0,1,30,28,12,1,94,94028,2,1,1,6,Avenue Jean-Baptiste Champeval,48.79509,2.45606,9,3,1
202100040403,129Â 392,B01,1,1,1,1,2,-1,-1,0,0,-1,2021,16.0,3,1,0,2,3,1,1,,4,.,0,,2,2,0,1,(1),(1),1,, -1,1,0,1,80,11,5,1,42,42062,1,1,0,1,Route du Bessy,45.5898943034,4.3948712393,12,2,2
202100007514,188Â 328,B01,1,1,1,0,0,-1,-1,0,0,-1,2021,34.0,0,1,0,2,0,5,1,,4,,0,,2,2,0,1,(1),(1),1,,4,1,0,1,50,2,10,5,973,97306,2,1,0,3,Rue Berville Gazel,5.667689,-53.778226,21,2,2
202100017925,169Â 581,A01,10,3,1,5,0,-1,-1,0,9,-1,2021,32.0,3,2,0,0,0,1,1,,4,,-1,,2,1,0,2,(1),(1),1,,3,1,0,1,50,18,9,1,44,44131,2,1,0,7,La Couronnerie,47.112985,-1.967883,13,2,1
202100023720,159Â 218,B01,1,1,2,1,1,0,-1,-1, -1,-1,2021,22.0,2,2,12,2,7,19,1,,3,DULIN  (AVENUE DU PRESIDENT),0,,2,2,0,1,45,714,1,, -1,1,5,1,50,17,8,5,17,17333,2,6,0,1,SUZAC (AVENUE DE),45.589765,-0.987248,22,3,2
202100049354,113Â 540,B01,2,2,1,0,2,6,-1,-1, -1,-1,2021,17.0,1,1,0,2,7,1,1,,3,ROUTE DEPARTEMENTALE 3,0,,-1,0,0,4,3,300,1,, -1,1,0,1,50,3,3,1,972,97213,1,5,0,5,ROUTE DEPARTEMENTALE 3,14.62144,-60.9886,13,4,3
202100042773,125Â 192,A01,1,1,1,0,5,1,-1,0,0,-1,2021,43.0,1,2,0,0,0,12,1,,3,20,-1,,3,4,0,2,26,400,1,, -1,1,0,1,90,24,4,1,91,91132,1,1,0,7,N20,48.511139,2.202166,18,1,1
202100035565,138Â 143,A01,1,1,1,4,2,6,-1,-1, -1,-1,2021,24.0,1,1,0,2,4,2,1,,3,CROISAT AMBROISE RD 29 BIS,0,,2,3,0,1,0,1,1,, -1,1,0,1,50,7,6,1,93,93066,2,1,0,2,Rue Ambroise Croizat,48.9269,2.35555,18,3,2
202100035915,137Â 489,B01,1,1,1,0,8,-1,-1,-1, -1,-1,2021,35.0,2,1,0,2,1,1,5,,4,BOURGEOIS (BOULEVARD LEON),0,,2,2,1,1,(1),(1),1,, -1,1,0,1,50,7,6,1,35,35238,2,1,0,3,BOURGEOIS (BOULEVARD LEON),48.09946,-1.65183,18,2,2
202100028178,151Â 329,B01,1,1,1,0,2,8,-1,-1, -1,-1,2021,63.0,2,1,12,2,3,5,1,,3,CROISAT AMBROISE RD 29 BIS,0,,2,3,0,1,0,1,1,, -1,1,0,1,50,19,7,1,93,93066,2,1,0,3,Rue Ambroise Croizat,48.932396,2.34887,14,2,2
202100033898,141Â 168,A01,2,2,2,5,1,0,-1,-1, -1,-1,2021,24.0,1,2,0,2,3,1,1,,4,GROSLAY (CHEM. DE),0,,2,2,0,1,1,0,3,, -1,1,0,1,50,10,6,5,93,93010,2,3,0,1,ROUSSEAU (RUE JEAN-JACQUES),48.911035,2.474543,23,5,2
202100012908,178Â 656,A01,1,1,1,1,1,-1,-1,0,0,-1,2021,20.0,1,2,6,0,7,1,1,,3,258,-1,,2,2,0,1,6,500,1,, -1,1,0,4,30,15,10,1,49,49343,2,1,0,6,48 Avenue Georges ClÃ©menceau,47.005984,-0.85254,8,1,1
202100051922,108Â 895,A01,1,1,1,5,2,6,-1,0,0,-1,2021,35.0,1,1,0,2,1,3,1,,4,ECHANGEUR ASNIERES,0,,1,2,0,2,(1),(1),1,, -1,5,0,1,50,10,2,1,75,75117,2,4,0,3,ECHANGEUR ASNIERES,48.892466,2.301328,10,2,2
202100046584,118Â 503,A01,1,1,1,0,8,0,-1,-1, -1,-1,2021,30.0,2,1,6,0,0,26,1,,4,RUE FRANCOIS DE TESSAN,0,,-1,2,0,1,1,0,1,, -1,1,9,8,50,24,3,1,77,77350,2,1,0,6,RUE FRANCOIS DE TESSAN,48.758413,2.700437,15,1,1
202100033624,141Â 662,A01,1,1,2,0,1,0,-1,-1, -1,-1,2021,47.0,1,2,0,0,1,1,1,,3,JOURDAN (AVENUE MICHEL),0,,2,2,0,1,3,765,1,, -1,1,0,1,50,14,6,1,6,6029,2,1,0,6,JOURDAN (AVENUE MICHEL),43.57302,6.95319,7,1,1
202100033419,142Â 034,A01,1,1,1,1,2,6,-1,0,0,-1,2021,44.0,2,1,0,2,1,3,1,,4,PORTE DE SAINT CLOUD,0,,1,4,0,1,11,200,1,, -1,1,0,1,70,18,6,1,75,75116,2,1,0,2,PORTE DE SAINT CLOUD,48.839633,2.254164,7,2,2
202100017694,169Â 993,B01,1,1,1,0,2,0,-1,-1, -1,-1,2021,36.0,3,1,0,2,1,1,1,,3,PARIS (RUE DE),0,,3,6,0,1,0,1,1,, -1,1,9,1,50,19,9,3,93,93053,2,9,0,3,Rue de Paris,48.9020968029,2.4610233307,23,2,2
202100042814,125Â 130,A01,1,1,1,0,8,0,-1,-1, -1,-1,2021,28.0,1,1,0,2,1,2,1,,2,RN4 - SECTION RIVIERA,0,,2,2,0,1,(1),(1),1,, -1,1,0,1,70,22,4,1,971,97113,1,1,0,2,RN4 - SECTION RIVIERA,16.21773,-61.49067,8,2,2
202100039614,130Â 782,A01,1,1,1,2,2,6,-1,-1, -1,-1,2021,18.0,1,1,0,0,0,1,1,,3,AV CHARLES GIDE ,0,,2,2,2,1,1,0,1,, -1,1,0,1,50,17,5,1,94,94043,2,1,0,7,Avenue Charles Gide,48.807464,2.354696,17,1,1
202100013122,178Â 291,B01,1,1,2,5,8,0,-1,-1, -1,-1,2021,30.0,1,1,0,2,1,1,5,,3,PARIS (R DE),0,,2,2,2,1,1,0,1,, -1,1,0,5,30,15,10,1,94,94018,2,1,0,3,Rue de Paris,48.828827,2.403164,11,2,2
202100055868,102Â 019,A01,1,1,1,3,0,9,-1,0,0,-1,2021,27.0,1,2,13,2,1,17,1,,3,934,-1,,2,2,0,1,5,200,1,, -1,1,0,1,50,8,1,3,2,2671,2,1,0,6,D934,49.511274,3.189007,19,3,2
202100008145,187Â 157,B01,1,1,1,4,8,0,-1,0,0,-1,2021,35.0,2,1,0,2,4,1,5,,4,PLACE SAINT GEORGES,0,,1,1,0,1,(1),(1),2,, -1,1,0,1,30,14,11,5,75,75109,2,7,0,2,PLACE SAINT GEORGES,48.878307,2.337548,20,2,2
202100028191,151Â 304,B01,1,1,1,5,2,6,-1,0,0,-1,2021,62.0,2,1,0,0,6,2,6,,3,14,-1,,2,2,0,2,29,300,1,, -1,1,0,1,80,20,7,1,9,9124,1,1,1,3,D14,43.174074,1.424489,7,2,2
202100033090,142Â 596,B01,1,1,1,0,2,0,-1,-1, -1,-1,2021,35.0,1,1,0,2,1,1,1,,3,GENERAL LECLERC (AV DU),0,,3,4,0,1,0,0,1,, -1,1,0,1,50,21,6,1,94,94046,2,1,0,3,GENERAL LECLERC (AV DU),48.814,2.4238,20,2,2
202100023644,159Â 360,A01,4,2,1,5,0,-1,-1,0,0,-1,2021,20.0,0,2,0,2,8,19,1,,3,,-1,,4,2,0,1,(1),(1),1,,5,1,5,1,50,19,8,5,24,24547,2,3,0,6,RD 6089,45.131619,1.277611,3,5,2
202100014383,176Â 002,A01,1,1,1,0,1,0,-1,-1, -1,-1,2021,56.0,3,2,0,2,3,15,0,,4,CHURCHILL (AVENUE WINSTON),0,,2,0,0,1,(1),(1),1,, -1,1,8,1,50,8,10,1,27,27375,2,3,0,3,CHURCHILL (AVENUE WINSTON),49.226679,1.1683348,16,2,2
202100003988,194Â 621,B01,1,1,2,1,1,0,-1,-1, -1,-1,2021,22.0,2,2,0,2,2,21,1,,2,PERIGUEUX (ROUTE DE),0,,2,2,0,1,5,680,3,, -1,2,0,1,70,5,12,5,87,87075,1,1,1,1,PERIGUEUX (ROUTE DE),45.7951,1.22348,6,2,2
202100048384,115Â 272,A01,10,3,1,0,0,-1,-1,1,1,1,2021,47.0,0,2,0,1,1,1,1,,4,ROUEN (RUE DE),0,,-1,2,0,1,(1),(1),1,, -1,1,8,1,50,9,3,3,80,80021,2,1,0,6,ROUEN (RUE DE),49.8864205722,2.2775816917,7,2,1
202100018858,167Â 941,A01,1,1,2,9,1,-1,-1,0,0,-1,2021,40.0,0,2,0,2,2,19,1,,3,27,0,,2,2,0,1,17,600,1,, -1,1,5,1,80,15,9,1,27,27146,1,2,0,3,INTERSECTION RD27/RD87,49.285209,0.407447,12,3,2
202100055098,103Â 327,B01,1,1,2,1,1,-1,-1,0,0,-1,2021,33.0,2,2,0,2,1,1,1,,3,164,0,,2,2,0,1,41,1004,1,, -1,2,0,1,80,15,1,2,44,44015,1,2,0,3,D164 PR042.000,47.459209,-1.693075,8,2,2
202100022393,161Â 625,A01,1,1,1,9,2,6,-1,-1, -1,-1,2021,40.0,2,1,3,0,0,1,1,,2,RN 104,0,,1,1,0,1,29,700,3,, -1,1,0,1,70,27,8,1,91,91573,1,1,0,7,RN 104,48.6301,2.5135,17,1,1
202100045369,120Â 634,A01,10,3,1,3,0,-1,-1,5,B,1,2021,26.0,1,2,0,1,2,9,1,,3,,0,,2,4,0,1,78,0,1,, -1,1,0,4,70,1,4,1,71,71270,2,1,0,6,70 Route de Lyon,46.290796,4.813389,13,2,1
202100036142,137Â 082,A01,1,1,1,5,2,-1,-1,0,0,-1,2021,70.0,3,1,0,2,4,17,5,,4,1,0,C,2,2,0,2,(1),(1),2,, -1,1,0,1,80,6,6,1,29,29218,1,1,0,4,Lieu Dit Lesverrien,48.046074,-4.522988,10,3,3
202100039174,131Â 599,A01,1,1,1,5,2,6,9,0,0,-1,2021,26.0,2,1,13,0,8,1,1,,3,2,0,,2,2,0,2,42,990,2,, -1,6,0,3,80,20,5,1,58,58270,1,1,0,7,Le Montois,47.487082,3.054006,18,1,1
202100023056,160Â 407,A01,1,1,1,5,2,8,-1,-1, -1,-1,2021,18.0,1,1,0,0,7,1,1,,4,KERLIVIO,0,,2,2,0,1,(1),(1),3,, -1,9,0,1,50,1,8,2,56,56162,1,1,0,7,KERLIVIO,47.75729,-3.41048,22,1,1
202100045340,120Â 696,A01,10,3,2,0,0,-1,-1,5,1,2,2021,21.0,3,3,0,1,2,1,1,1.0,4,GUYON (FELIX),0,,2,2,0,2,0,0,1,, -1,1,0,4,50,2,4,1,974,97411,2,1,0,6,Rue FÃ©lix Guyon,-20.87882,55.45445,11,2,1
202100032120,144Â 336,B01,1,1,2,0,1,0,-1,-1, -1,-1,2021,42.0,3,2,0,2,1,1,1,,7,CANTON VERT (AVENUE DU),0,,-1,3,0,2,0,0,1,, -1,1,0,1,50,26,6,1,13,13002,2,1,0,3,CANTON VERT (AVENUE DU),43.3406147888,5.4731002548,14,2,2
202100024790,157Â 337,A01,1,1,1,0,1,-1,-1,0,0,-1,2021,92.0,1,2,2,0,1,0,1,,3,925,-1,D,2,1,0,1,57,200,1,, -1,1,0,3,-1,11,8,1,80,80310,1,1,0,6,DÃ©partementale 925,50.123735,2.233926,9,1,1
202100045498,120Â 411,A01,1,1,1,5,0,-1,-1,0,0,-1,2021,25.0,0,2,2,0,0,0,0,,4,RM,-1,,2,2,0,1,(1),(1),1,, -1,1,0,3,90,28,3,3,988,98821,1,3,0,6,Route du littoral - RM24/Voie privÃ©,-22.147145,166.242371,19,1,1
202100035512,138Â 235,B01,1,1,1,1,2,0,-1,-1, -1,-1,2021,50.0,3,0,0,2,0,1,3,,4,,0,,4,2,0,1,(1),(1),1,, -1,1,0,1,50,9,6,1,25,25056,2,2,0,3,LAVOISIER RUE,47.23563,5.98258,9,2,2
202100041711,127Â 053,B01,1,1,1,5,2,-1,-1,0,0,-1,2021,55.0,1,1,0,2,1,16,5,,3,32,0,,-1,2,0,2,4,530,2,, -1,1,0,1,50,13,4,1,35,35099,2,4,0,1,Les Faroulais,48.086587,-1.552194,18,2,2
202100003501,195Â 492,A01,1,1,1,0,8,0,-1,-1, -1,-1,2021,26.0,2,2,0,2,1,1,1,,1,AUTOROUTE A6,0,,3,0,0,1,10,100,1,, -1,1,0,1,110,11,12,1,91,91689,1,1,0,4,AUTOROUTE A6,48.7322,2.3156,15,4,4
202100031288,145Â 813,A01,1,1,1,5,2,6,-1,-1,0,-1,2021,32.0,1,1,0,2,1,1,1,,1,AUTOROUTE A15,0,,3,8,0,1,8,399,1,, -1,1,0,1,110,2,7,1,95,95582,1,1,0,2, A15,48.9657003372,2.2591197611,19,2,2
202100038112,133Â 539,A01,10,3,1,5,0,-1,-1,3,3,1,2021,24.0,1,2,0,1,1,1,1,,3,124,-1,,2,2,0,2,6,450,1,, -1,1,0,1,-1,7,5,1,95,95199,2,1,0,6,Avenue du LycÃ©e,49.029413,2.339315,19,2,1
202100026386,154Â 529,B01,1,1,1,1,2,6,-1,0,0,-1,2021,48.0,2,1,0,2,8,0,1,,2,RN3,0,,2,2,0,2,38,800,2,, -1,1,0,1,50,31,7,1,974,97422,2,2,0,3,Rue Jean de Fos du Rau,-21.222421,55.555815,8,2,2
202100008833,185Â 951,A01,1,1,1,0,2,8,-1,-1, -1,-1,2021,48.0,2,1,0,9,1,12,1,,1,AUTOROUTE A86,0,,1,2,0,1,9,0,1,, -1,1,9,1,90,9,11,1,92,92036,1,9,0,6,AUTOROUTE A86,48.9385170499,2.300017589,9,1,1
202100053864,105Â 465,B01,1,1,1,9,2,0,-1,-1, -1,-1,2021,23.0,0,1,0,0,0,0,0,,4,4,0,,-1,0,0,1,0,0,1,, -1,2,0,1,50,24,1,1,92,92062,2,3,1,7,RUE MICHELET,48.8764926166,2.2327016294,12,2,2
202100042910,124Â 967,A01,10,3,1,9,0,-1,-1,4,3,1,2021,54.0,1,1,0,1,2,1,1,,4,PLACE DE CLICHY,0,,1,3,3,1,(1),(1),1,, -1,1,0,1,50,22,4,1,75,75118,2,7,0,6,PLACE DE CLICHY,48.883668,2.327361,19,2,1
202100011098,181Â 890,B01,1,1,1,5,2,0,-1,-1, -1,-1,2021,16.0,2,1,0,2,1,19,3,,4,CHEVREUL (RUE),0,,3,3,0,1,0,0,1,, -1,1,6,1,50,24,10,1,21,21231,2,2,0,3,CHEVREUL (RUE),47.3059142423,5.0472969422,18,3,2
202100014051,176Â 579,A01,1,1,1,5,2,6,9,0,0,-1,2021,62.0,2,1,0,2,1,1,1,,3,2144,-1,,2,2,0,1,3,380,1,, -1,1,0,1,90,9,10,1,18,18069,1,1,0,1,Route dÃ©partementale 2144,46.690351,2.545604,17,2,2
202100014356,176Â 049,A01,1,1,1,5,1,0,-1,-1, -1,-1,2021,22.0,3,2,1,0,3,13,1,,4,VOLTAIRE (RUE),0,,2,2,0,1,(1),(1),1,, -1,1,0,1,30,9,10,5,59,59650,2,9,0,6,VOLTAIRE (RUE),50.7112913585,3.1963298562,1,2,1
202100042412,125Â 818,A01,1,1,1,1,2,6,9,0,0,-1,2021,35.0,3,1,0,0,1,1,1,,4,,-1,,2,1,0,1,(1),(1),2,, -1,1,0,3,80,28,4,1,14,14530,1,1,1,7,Route de la pointe du siÃ¨ge,49.241159,-0.2671,8,1,1
202100039096,131Â 749,B01,1,1,1,5,2,6,-1,-1, -1,-1,2021,22.0,1,1,0,2,1,1,1,,4,VAN PELT (AV. ALFRED),0,,4,3,0,1,(1),(1),1,, -1,1,0,1,50,12,5,1,62,62498,2,2,0,3,VAN PELT (AV. ALFRED),50.42893,2.8359,19,2,2
202100028166,151Â 352,B01,1,1,1,4,8,0,-1,0,0,-1,2021,38.0,1,2,0,2,1,1,1,,4,BOULEVARD LEFEBVRE,0,,3,4,0,1,(1),(1),1,, -1,1,0,1,50,19,7,1,75,75115,2,2,0,3,BOULEVARD LEFEBVRE,48.82847,2.301362,11,2,2
202100035890,137Â 535,A01,1,1,1,0,8,0,-1,-1, -1,-1,2021,17.0,0,1,0,2,1,5,3,,4,SAINT-ASSISCLE (BOULEVARD DE),0,,1,1,0,1,0,0,2,, -1,1,0,1,30,6,6,2,66,66136,2,6,0,1,SAINT-ASSISCLE (BOULEVARD DE),42.69257,2.87962,21,2,2
202100043085,124Â 661,B01,1,1,2,0,1,-1,-1,0,0,-1,2021,21.0,3,2,0,2,6,19,1,,3,12,0,,2,2,0,2,4,345,1,, -1,1,0,1,80,23,4,1,56,56024,1,2,0,3,Le Haut du Bois,48.050191,-2.690717,17,2,2
202100040108,129Â 906,B01,9,2,2,5,0,-1,-1,0,0,-1,2021,48.0,2,2,0,2,2,21,1,,3,14,-1,,2,2,0,4,18,430,1,, -1,1,0,1,80,13,5,1,53,53152,1,1,0,1,Le Grand Fougerai,47.923036,-0.542386,15,6,2
202100006188,190Â 753,A01,1,1,2,9,1,8,-1,-1, -1,-1,2021,53.0,1,2,0,2,4,2,1,,1,A50-Sens Marseille vers Aubagne,0,,1,3,0,1,2,500,1,, -1,1,0,1,90,26,11,1,13,13210,1,1,0,2,A50-Sens Marseille vers Aubagne,43.285,5.4165,10,2,2
202100048028,115Â 894,B01,1,1,1,3,1,0,-1,-1, -1,-1,2021,56.0,1,2,0,2,6,15,1,,3,RTE N570 AVIGNON STES MARIES,0,,2,2,0,1,30,600,1,, -1,1,0,1,80,13,3,1,13,13004,1,1,0,2,RTE N570 AVIGNON STES MARIES,43.71507,4.64346,16,3,2
202100020648,164Â 720,B01,1,1,1,0,2,-1,-1,0,0,-1,2021,61.0,1,1,0,2,1,21,1,,3,118,0,E,2,2,0,1,0,0,1,, -1,1,9,1,70,7,9,1,91,91661,2,9,0,3,Rue de la Prairie,48.700329,2.264353,11,3,2
202100018293,168Â 925,B01,1,1,2,0,2,8,-1,-1, -1,-1,2021,41.0,1,1,0,2,1,1,1,,3,BADUEL (ROUTE DE),0,,2,2,2,1,4,400,1,, -1,1,0,1,50,17,9,1,973,97302,2,1,0,3,BADUEL (ROUTE DE),4.9278829991,-52.2921990752,8,2,2