Num_Acc,id_vehicule,num_veh,place,catu,sexe,trajet,secu1,secu2,secu3,locp,actp,etatp,year_acc,victim_age,senc,catv,obs,obsm,choc,manv,motor,occutc,catr,voie,v1,v2,circ,nbv,vosp,prof,pr,pr1,plan,lartpc,larrout,surf,infra,situ,vma,jour,mois,lum,dep,com,agg_,int,atm,col,adr,lat,long,hour,nb_victim,nb_vehicules
202100007399,188Â 533,A01,1,1,1,5,1,-1,-1,0,0,-1,2021,32.0,2,5,0,2,2,0,1,,3,650,-1,,2,2,0,2,36,602,1,, -1,2,0,1,80,20,11,3,50,50031,1,1,1,2,route dÃ©partementale 650,49.384789,-1.74938,18,2,2
202100003012,196Â 393,A01,1,1,1,5,2,-1,-1,0,0,-1,2021,34.0,1,1,0,0,9,6,1,,2,5,0,P,3,2,0,4,7,900,1,, -1,1,3,3,50,2,12,5,987,98738,1,1,0,6,PK 7.900,-17.576714,-149.613469,22,1,1
202100015167,174Â 598,B01,1,1,1,1,2,-1,-1,0,0,-1,2021,56.0,2,1,0,2,1,1,1,,3,658,-1,,2,2,2,1,(1),(1),1,, -1,1,9,1,70,6,10,2,14,14538,1,1,0,3,D658,49.10104,-0.3081,7,2,2
202100040100,129Â 919,B01,1,1,2,1,1,-1,-1,0,0,-1,2021,21.0,2,2,3,2,3,1,1,,3,12,-1,,2,2,0,1,0,655,1,, -1,2,0,1,80,13,5,1,1,1314,1,3,1,1,Route du Pont,46.00342,5.298484,12,4,2
202100036924,135Â 700,A01,10,3,2,5,0,-1,-1,0,1,1,2021,67.0,3,1,0,1,1,17,0,,4,,-1,,-1,2,0,1,0,0,1,, -1,1,0,8,20,2,6,1,57,57260,2,1,0,6,Rue du cimetiÃ¨re,49.161951,7.031593,18,2,1
202100019327,167Â 079,B01,2,2,1,5,1,0,-1,-1, -1,-1,2021,53.0,1,2,0,2,3,1,1,,4,TISON (BOULEVARD),0,,2,2,0,3,(1),(1),3,, -1,9,0,1,50,12,9,1,86,86194,2,1,0,3,Boulevard Tison,46.575111,0.337817,20,3,2
202100030241,147Â 708,A01,10,3,1,0,0,-1,-1,5,3,1,2021,44.0,1,2,0,1,7,1,1,,3,GROUPE MANOUCHIAN (AV DU),0,,3,4,3,1,0,0,1,, -1,1,0,8,50,7,7,1,94,94081,2,2,0,6,JEAN PIERRE TIMBAUD (R),48.78732,2.40657,17,2,1
202100000820,200Â 255,A01,10,3,1,9,8,8,-1,0,9,1,2021,17.0,3,4,0,1,0,16,1,,4,PASCAL (RUE),0,,2,2,0,1,(1),(1),3,, -1,2,0,1,50,20,12,5,62,62548,2,6,1,6,PASCAL (RUE),50.941122,1.939791,4,2,1
202100049666,112Â 964,A01,1,1,1,1,2,6,-1,0,0,-1,2021,27.0,1,1,0,2,2,13,1,,4,PLACE DE LA REPUBLIQUE,0,,2,2,0,1,(1),(1),1,, -1,1,0,1,50,1,3,1,75,75103,2,2,0,2,PLACE DE LA REPUBLIQUE,48.8673313025,2.3633959497,7,2,2
202100029376,149Â 266,B01,1,1,1,9,2,6,-1,0,0,-1,2021,41.0,2,1,0,2,1,1,1,,3,405,-1,,2,2,0,1,0,280,1,, -1,1,0,1,50,20,7,1,7,7181,2,3,0,1,Avenue Jean JaurÃ¨s,44.746246,4.748395,14,2,2
202100044515,122Â 140,A01,1,1,1,5,2,-1,-1,0,0,-1,2021,31.0,3,1,0,2,1,5,1,,2,209,-1,,2,2,0,1,(1),(1),4,, -1,1,0,1,30,11,4,3,977,97701,2,1,0,1,LORIENT,17.906539,-62.828064,5,2,2
202100004657,193Â 448,A01,1,1,1,5,2,6,9,0,0,-1,2021,53.0,1,1,13,0,7,1,1,,3,4,0,D,2,2,0,2,(1),(1),4,, -1,1,0,3,80,21,8,1,74,74221,1,1,0,6,Col de la colombiÃ¨re,46.0139371,6.532618,16,1,1
202100036707,136Â 097,B01,1,1,1,1,2,6,-1,0,0,-1,2021,52.0,3,1,0,2,1,23,1,,3,751,0,,2,2,0,2,(1),(1),1,, -1,1,0,1,50,2,6,1,49,49040,2,1,0,2,rue d'anjou,47.339279,-1.111682,7,2,2
202100053296,106Â 468,A01,9,2,2,5,1,-1,-1,0,0,-1,2021,83.0,1,2,15,0,2,1,1,,3,914,0,,2,2,0,2,1,300,2,, -1,2,0,3,80,30,1,1,54,54023,1,1,0,7, D914,48.742829,6.541159,14,3,1
202100010753,182Â 509,A01,10,3,2,1,0,-1,-1,2,3,1,2021,17.0,2,2,0,1,2,1,1,,3,JEAN JAURES BOULEVARD,0,,2,2,1,1,2,0,1,, -1,1,0,1,50,27,10,5,93,93046,2,1,0,6,JEAN JAURES BOULEVARD,48.92023,2.52657,20,2,1
202100023980,158Â 771,A01,2,2,1,0,1,8,-1,-1, -1,-1,2021,42.0,2,2,0,2,1,11,1,,1,6,0,,3,6,0,2,8,250,1,, -1,1,0,1,90,15,8,3,91,91689,1,1,0,4,AUTOROUTE A6B,48.748023,2.327395,1,4,3
202100021175,163Â 812,A01,1,1,2,5,1,-1,-1,0,0,-1,2021,48.0,1,2,7,2,5,15,1,,3,31,0,D,2,2,0,1,(1),(1),1,, -1,1,5,1,80,2,9,2,84,84054,1,2,0,4,route dÃ©partementale 31,43.947025,5.027812,18,3,3
202100040184,129Â 771,A01,1,1,1,0,1,0,-1,-1, -1,-1,2021,23.0,2,2,0,2,8,15,1,,7,MALAFOLIE -(RUE DE LA),0,,2,2,0,1,21,950,1,, -1,1,0,1,50,12,5,1,42,42044,2,5,1,3,Rue de lâOndaine,45.3940960782,4.303109318,7,2,2
202100028816,150Â 211,A01,1,1,1,1,8,0,-1,-1, -1,-1,2021,46.0,1,1,0,2,1,18,5,,4,CARNOT,0,,1,2,1,1,0,0,1,, -1,1,0,1,30,15,7,1,64,64445,2,1,0,3,CARNOT,43.30085,-0.36945,8,2,2
202100007592,188Â 168,A01,1,1,1,0,2,6,-1,-1, -1,-1,2021,18.0,2,1,0,2,3,1,1,,1,SEMM (RUE DE LA),0,,1,3,0,1,66,600,2,, -1,2,3,6,80,10,11,3,68,68066,1,3,1,3,SEMM (RUE DE LA),48.06801,7.38486,17,2,2
202100015875,173Â 300,A01,1,1,1,0,2,6,-1,0,0,-1,2021,20.0,2,1,0,2,0,1,1,,2,MEZZAVIA ROUTE DE,0,,2,2,0,2,(1),(1),1,, -1,1,0,1,50,30,9,1,201,201004,2,1,0,5,MEZZAVIA ROUTE DE,41.9458,8.76011,14,3,3
202100014149,176Â 400,A01,10,3,1,0,0,-1,-1,5,9,1,2021,18.0,2,2,0,1,7,1,1,,4,PRUILLE (RTE DE),0,,2,2,0,1,0,0,1,, -1,1,0,1,50,9,10,1,72,72257,2,1,0,6,PRUILLE (RTE DE),47.98384,0.14719,15,2,1
202100019563,166Â 663,A01,1,1,2,5,1,-1,-1,0,0,-1,2021,81.0,2,2,0,2,2,19,1,,3,64,0,,2,2,0,1,29,592,1,, -1,1,5,1,80,11,9,2,1,1412,1,2,0,5,Route Departementale 2,46.165789,4.963117,18,5,3
202100019523,166Â 735,B01,1,1,1,0,8,0,-1,-1, -1,-1,2021,19.0,1,2,0,0,1,1,1,,3,WINSTON CHURCHILL AVENUE,0,,2,2,0,1,0,0,1,, -1,1,0,1,50,10,9,5,93,93046,2,3,0,1,WINSTON CHURCHILL AVENUE,48.91398,2.53648,23,2,2
202100053949,105Â 318,A01,3,2,2,5,1,8,-1,-1, -1,-1,2021,46.0,0,2,0,2,3,1,1,,6,SABLIERE (ROUTE DE LA),0,,-1,-1,0,1,(1),(1),1,, -1,1,0,1,30,23,1,1,13,13211,2,1,0,3,SABLIERE (ROUTE DE LA),43.2935439101,5.4792755842,16,5,2
202100030836,146Â 646,A01,2,2,2,5,2,6,-1,-1, -1,-1,2021,39.0,1,1,0,2,1,1,1,,4,Avenue JEAN MOULIN,0,,3,4,0,1,(1),(1),1,, -1,1,0,1,50,3,7,1,60,60325,1,3,0,2,Avenue Jean Moulin,49.4045721824,2.7785241231,16,3,2
202100034442,140Â 168,B01,7,2,2,0,8,0,-1,-1, -1,-1,2021,41.0,3,3,0,2,3,1,0,3.0,3,OTAGES (CHE DES),0,,2,2,0,1,0,0,2,, -1,1,0,1,50,14,6,1,94,94034,2,6,1,3,PARC MEDICIS (AV DU),48.7534,2.33314,15,4,2
202100017261,170Â 797,B01,1,1,1,5,2,-1,-1,0,0,-1,2021,69.0,1,1,0,2,4,1,5,,3,959,0,,2,2,0,1,84,800,1,, -1,1,9,1,90,23,9,1,21,21180,1,1,0,2,D959,47.289171,5.48825,16,2,2
202100017011,171Â 211,A01,1,1,1,9,2,6,-1,0,0,-1,2021,21.0,1,1,0,2,2,3,1,,4,PORTE BRANCION,0,,3,3,0,1,6,800,1,, -1,1,0,1,70,23,9,1,75,75114,2,1,0,2,BD PERIPHERIQUE INTERIEUR,48.824394,2.306463,8,2,2
202100035814,137Â 689,B01,9,2,1,4,0,-1,-1,0,0,-1,2021,21.0,1,5,0,2,2,1,1,,3,17,-1,D,2,2,0,1,26,891,1,, -1,1,5,1,70,9,6,1,31,31510,1,2,0,1,Rebirochioulet,43.2645308589,0.7123373158,6,5,2
202100010528,182Â 908,A01,1,1,2,5,1,0,-1,-1, -1,-1,2021,42.0,1,2,6,0,1,1,1,,4,BARRIERE RUE DE LA,0,,2,2,0,2,(1),(1),2,, -1,1,0,1,50,9,10,1,42,42186,2,1,0,6,Rue de la BarriÃ©re,45.5297327904,4.6163729822,16,1,1
202100031152,146Â 049,B01,1,1,1,5,8,0,-1,-1, -1,-1,2021,92.0,3,1,0,2,4,9,0,,4,MAIL   ALLEE DU,0,,1,1,0,2,(1),(1),1,, -1,1,9,1,30,1,7,1,17,17300,2,1,0,3,MAIL   ALLEE DU,46.15556,-1.16921,11,2,2
202100020414,165Â 150,B01,1,1,1,0,2,-1,-1,0,0,-1,2021,37.0,2,1,0,2,1,2,1,,2,613,-1,,2,2,0,1,12,932,1,, -1,1,0,1,80,7,9,1,34,34022,1,1,0,2,Route de Nimes,43.660275,4.022375,16,2,2
202100027015,153Â 426,A01,10,3,1,5,0,-1,-1,1,9,1,2021,35.0,0,0,0,1,0,0,0,,4,,-1,,2,2,0,1,(1),(1),1,, -1,1,0,1,-1,9,6,3,988,98814,1,1,0,6,Thuahaik (Tribu),-21.00814,167.288003,5,2,1
202100046690,118Â 318,A01,1,1,1,0,1,-1,-1,0,0,-1,2021,20.0,2,2,13,0,2,1,1,,3,134,-1,,2,2,0,2,85,587,1,, -1,1,0,3,80,25,3,3,17,17243,1,1,0,6,D134,45.252127,-0.271182,22,1,1
202100045078,121Â 157,B01,1,1,1,0,2,-1,-1,0,0,-1,2021,31.0,2,1,0,2,1,2,1,,3,7,0,D,2,2,0,2,0,0,1,, -1,1,0,1,-1,5,4,5,976,97605,1,1,0,1,route de chiconi - sohoa,-12.822728,45.109241,21,2,2
202100000057,201Â 645,B01,1,1,1,1,1,-1,-1,-1, -1,-1,2021,39.0,3,5,0,2,1,1,1,,7,RIVE DE GIER (DE) (RTE),0,,2,2,0,1,4,900,3,, -1,2,0,1,80,27,12,3,69,69091,1,1,0,1,RIVE DE GIER (DE) (RTE),45.57511,4.71775,17,3,2
202100051318,109Â 940,A01,10,3,2,9,8,8,-1,4,3,1,2021,32.0,1,2,0,1,2,1,1,,4,AVENUE DE WAGRAM,0,,3,4,0,1,(1),(1),1,, -1,1,0,1,50,13,2,1,75,75117,2,1,0,6,AVENUE DE WAGRAM,48.8756367673,2.2963839769,12,2,1
202100004614,193Â 525,A01,4,2,1,5,8,0,-1,-1, -1,-1,2021,18.0,2,2,4,0,1,1,1,,1,A7   25.770 A 27.460,0,,1,3,0,1,27,0,2,, -1,2,0,1,110,4,12,3,38,38544,1,1,1,7,A7   25.770 A 27.460,45.543286,4.851808,22,6,2
202100025322,156Â 395,A01,1,1,1,1,2,0,-1,0,0,-1,2021,25.0,2,1,0,2,2,1,1,,2,JEAN JAURES ( AVENUE ),0,,2,2,0,1,38,910,1,, -1,1,0,1,50,5,8,1,5,5061,2,3,0,3,JEAN JAURES ( AVENUE ),44.5506750764,6.069525776,15,2,2
202100013149,178Â 245,B01,1,1,1,1,2,6,-1,-1, -1,-1,2021,25.0,2,1,0,2,8,1,1,,3,906,0,,1,4,0,1,0,0,1,, -1,1,0,1,50,15,10,1,92,92019,2,1,0,3,GENERAL LECLERC (PLACE DU - aucun nÂ°),48.77667,2.23043,9,2,2
202100046342,118Â 938,A01,1,1,1,0,2,0,-1,0,0,-1,2021,37.0,3,1,0,0,0,25,3,,4,CHASTELLAIN. AVENUE JACQUES,0,,2,3,0,1,0,0,1,, -1,1,2,4,30,27,3,5,76,76540,2,1,0,7,CHASTELLAIN. AVENUE JACQUES,49.43574,1.09561,22,1,1
202100008524,186Â 497,A01,1,1,1,5,2,-1,-1,0,0,-1,2021,17.0,1,1,0,2,1,17,1,,3,122,-1,,2,2,0,2,0,780,3,, -1,1,0,1,50,12,11,1,26,26160,2,9,0,1,Route de Beausemblant,45.209553,4.819087,16,2,2
202100043144,124Â 555,A01,1,1,1,0,2,8,-1,-1, -1,-1,2021,19.0,1,1,0,2,1,2,1,,4,MARECHAL FOCH (RUE DU),0,,2,3,0,1,0,0,1,, -1,1,0,1,50,19,4,1,67,67267,2,1,0,2,MARECHAL FOCH (RUE DU),48.5556,7.67956,18,2,2
202100056266,101Â 322,A01,1,1,1,1,1,0,-1,0,0,-1,2021,45.0,1,2,0,2,2,21,1,,3,RD6015,0,,2,3,0,1,34,300,1,, -1,2,0,1,90,4,1,3,27,27701,1,1,1,2,RD6015,49.25695,1.16918,8,2,2
202100039400,131Â 168,A01,1,1,1,1,2,6,-1,-1,0,-1,2021,45.0,2,1,0,5,7,21,1,,2,RN 104,0,,3,5,0,1,3,799,3,, -1,1,0,1,90,18,5,1,95,95042,1,1,0,6,RN 104,49.05777,2.28574,6,1,1
202100044863,121Â 526,B01,1,1,1,5,2,-1,-1,0,0,-1,2021,70.0,1,1,0,2,1,19,5,,3,773,-1,,2,2,0,1,20,500,3,, -1,1,5,1,80,8,4,1,56,56033,1,2,0,3,RD 773,47.80939,-2.125034,12,2,2
202100027261,152Â 992,A01,2,2,1,5,2,6,-1,0,0,-1,2021,22.0,1,1,15,0,4,1,1,,3,51,-1,,2,2,0,1,10,70,1,,3,2,0,1,80,24,7,1,71,71330,1,2,0,7,CHEDDE,46.5932975279,3.9585937142,14,2,1
202100012405,179Â 532,A01,10,3,2,9,0,-1,-1,4,3,1,2021,15.0,0,2,0,1,1,15,1,,4,PARIS (RUE DE),0,,2,1,0,1,(1),(1),1,, -1,1,0,1,50,14,10,5,80,80021,2,1,0,6,PARIS (RUE DE),49.88155,2.28512,19,2,1
202100012471,179Â 416,A01,10,3,2,3,0,-1,-1,3,3,1,2021,38.0,1,1,0,1,1,17,1,,3,AILES (ALLEE DES),0,,3,2,0,1,0,0,1,, -1,1,0,1,50,16,10,1,3,3310,2,1,0,6,AILES (ALLEE DES),46.14268,3.4151,18,2,1
202100014459,175Â 858,A01,1,1,1,5,2,-1,-1,0,0,-1,2021,23.0,0,1,6,0,7,25,1,,3,20,0,,2,2,0,2,(1),(1),1,, -1,2,6,4,50,8,10,4,974,97414,2,1,1,6,25 Rue Leconte de Lisle,-21.274958,55.414889,23,1,1
202100047037,117Â 694,A01,1,1,1,5,2,8,-1,-1, -1,-1,2021,50.0,1,1,16,0,3,13,1,,3,152,0,,2,2,0,1,4,730,1,, -1,1,0,1,70,20,3,1,56,56162,1,1,0,7,Boulevard de lâAtlantique,47.70906,-3.44421,16,1,1
202100004468,193Â 781,A01,1,1,1,5,8,-1,-1,0,0,-1,2021,48.0,1,5,0,0,7,1,1,,3,24,-1,,2,2,0,1,7,950,2,, -1,2,0,3,90,4,12,3,72,72264,1,1,1,7,Les Mille Pieds,47.86572,-0.336376,3,1,1
202100050212,111Â 960,A01,10,3,1,5,0,-1,-1,2,3,1,2021,50.0,2,4,0,1,2,1,1,,4,RUE CUSTINE,0,,2,2,0,1,(1),(1),1,, -1,1,0,1,50,25,2,1,75,75118,2,1,0,6,RUE CUSTINE,48.889677,2.343362,16,2,1
202100036375,136Â 682,A01,1,1,1,0,1,0,-1,-1, -1,-1,2021,22.0,3,2,0,2,2,15,1,,4,AV SALVADOR ALLENDE,0,,2,0,0,1,0,0,1,, -1,1,0,1,50,3,6,1,91,91103,2,3,0,3,AV SALVADOR ALLENDE,48.6156,2.3052,8,3,2
202100020968,164Â 187,A01,10,3,1,9,0,-1,-1,1,9,2,2021,60.0,1,2,0,1,3,1,1,,3,130,0,,2,2,0,1,3,2,1,, -1,1,0,1,80,5,9,1,53,53175,1,1,0,6,RD 130,48.032656,-0.664083,16,2,1
202100052059,108Â 662,A01,10,3,2,5,0,-1,-1,3,3,1,2021,68.0,1,2,0,1,1,0,1,,3,,-1,,2,2,0,2,(1),(1),3,, -1,1,0,8,50,10,2,1,84,84069,2,1,0,6,Cours des Isnards,44.174748,5.132428,10,2,1
202100013873,176Â 901,B01,1,1,2,1,1,0,-1,-1, -1,-1,2021,49.0,2,5,0,2,9,2,0,,2,ROCADE G.POMPIDOU (DU 25 A LA FIN),0,,2,2,0,1,70,205,1,, -1,1,0,1,50,9,10,1,25,25462,2,1,0,4,ROCADE G.POMPIDOU (DU 25 A LA FIN),46.90131,6.34423,16,4,3
202100051489,109Â 668,A01,1,1,1,4,1,-1,-1,0,0,-1,2021,45.0,1,5,0,2,7,1,6,,3,988,-1,,2,2,0,1,0,100,2,, -1,7,0,1,80,16,2,1,8,8137,1,1,0,3,RD88,49.820127,4.698286,7,2,2
202100024411,158Â 051,A01,2,2,1,5,2,6,-1,0,0,-1,2021,17.0,2,1,0,0,0,1,1,,3,34,-1,,2,2,0,1,15,800,1,, -1,1,0,8,80,13,8,2,53,53160,1,1,0,7,D34,48.391114,-0.507667,21,2,1
202100017511,170Â 321,B01,1,1,1,0,2,0,-1,-1, -1,-1,2021,29.0,1,1,0,2,3,2,1,,3,ELUARD PAUL - AUTRES,0,,3,3,0,1,0,1,2,, -1,1,0,1,50,22,9,1,93,93066,2,1,1,3,Rue Paul Eluard,48.93995,2.34498,15,2,2
202100012175,179Â 957,B01,1,1,1,0,2,6,-1,-1, -1,-1,2021,41.0,1,1,0,2,2,0,1,,3,BD HENRI BARBUSSE,0,,2,2,0,1,0,0,1,, -1,1,0,1,50,19,10,1,91,91201,2,1,0,3,BD HENRI BARBUSSE,48.67129,2.41378,18,3,2
202100009932,183Â 941,A01,2,2,2,5,1,0,-1,-1, -1,-1,2021,31.0,3,2,0,2,3,1,1,,3,MARECHAL DE LATTRE DE TASSIGNY (AV DU),0,,3,4,0,1,1,0,1,, -1,1,5,1,50,1,11,2,94,94033,2,2,0,1,Avenue de Lattre de Tassigny,48.852197,2.494511,7,3,2
202100040135,129Â 858,A01,1,1,1,1,2,6,-1,-1, -1,-1,2021,22.0,2,1,0,2,1,12,1,,1,A86 EXT,0,,3,3,0,1,38,599,1,, -1,1,0,1,90,12,5,1,94,94028,1,1,0,6,A86 EXT,48.79425,2.44205,19,1,1
202100036850,135Â 827,B01,1,1,1,1,2,0,-1,-1, -1,-1,2021,55.0,1,1,0,2,1,1,1,,3,CRETEIL (BD DE),0,,2,2,0,1,0,0,1,, -1,1,0,1,30,1,6,1,94,94068,2,3,0,3,CRETEIL (BD DE),48.79788,2.49761,12,2,2
202100034949,139Â 234,A01,2,2,2,0,2,8,-1,-1, -1,-1,2021,63.0,1,1,0,2,1,21,1,,7,DE GAULLE (PROMENADE CHARLES),0,,1,2,0,1,18,120,1,, -1,1,0,1,50,5,6,1,83,83129,2,1,0,2,DE GAULLE (PROMENADE CHARLES),43.111688,5.811964,17,3,2
202100042949,124Â 899,C01,7,2,2,3,1,-1,-1,0,0,-1,2021,75.0,1,2,0,2,1,1,1,,3,978,0,,2,2,0,1,81,600,1,, -1,1,0,1,70,24,4,1,71,71336,1,1,0,5,82 Route de Chalon,46.724725,4.937808,11,5,3
202100030373,147Â 474,A01,10,3,1,5,0,-1,-1,2,3,3,2021,68.0,1,5,0,1,3,15,2,,4,REPUBLIQUE  (PLACE DE LA ),0,,1,1,0,4,(1),(1),1,, -1,2,6,1,30,5,7,1,35,35093,2,3,1,6,REPUBLIQUE  (PLACE DE LA ),48.6335,-2.056284,9,3,1
202100000305,201Â 174,A01,10,3,1,5,0,-1,-1,1,3,1,2021,69.0,0,2,0,1,1,1,1,,4,JACARANDAS (CITE),0,,2,1,0,1,0,0,1,, -1,1,0,1,50,4,11,5,973,97302,2,1,0,6,JACARANDAS (CITE),4.9351410894,-52.316208601,19,2,1
202100019041,167Â 602,A01,1,1,1,0,2,6,-1,0,0,-1,2021,22.0,1,1,0,2,1,13,1,,3,43,-1,,2,2,0,1,(1),(1),3,, -1,1,0,1,80,15,9,1,202,202009,1,1,0,1,RD43,42.1045588607,9.5090532305,16,2,2
202100053156,106Â 722,A01,1,1,2,0,1,-1,-1,-1, -1,-1,2021,30.0,1,2,0,2,8,16,1,,4,,0,,1,1,0,1,(1),(1),1,, -1,1,0,1,50,29,1,2,69,69388,2,2,0,3,VILLON (DE) (R),45.7434173256,4.8653462778,17,3,2
202100019758,166Â 326,B01,2,2,2,5,1,-1,-1,0,0,-1,2021,29.0,1,2,0,2,1,2,1,,1,9,-1,,3,4,0,1,252,500,1,, -1,1,0,1,130,11,9,3,66,66136,1,1,0,2,A9,42.721007,2.87432,6,4,2
202100045426,120Â 532,A01,1,1,1,1,2,6,-1,0,0,-1,2021,31.0,1,1,0,1,1,21,1,,4,RUE DE LA CROIX NIVERT,0,,2,3,0,1,(1),(1),1,, -1,1,0,1,50,2,4,1,75,75115,2,2,0,6,RUE DE LA CROIX NIVERT,48.83998,2.290365,8,2,1
202100025899,155Â 395,A01,1,1,1,4,0,-1,-1,0,0,-1,2021,59.0,3,5,13,0,1,26,3,,4,,-1,,2,2,0,1,(1),(1),1,,5,1,0,3,50,2,8,1,78,78530,1,3,0,6,AllÃ©e des Marronniers,48.909408,1.684999,12,1,1
202100011371,181Â 398,B01,1,1,1,9,2,-1,-1,0,0,-1,2021,55.0,2,1,0,2,1,1,1,,3,LACAUSSADE (BOULEVARD),0,,2,2,0,1,3,300,1,, -1,1,0,1,50,23,10,1,65,65440,1,9,0,3,LACAUSSADE (BOULEVARD),43.23278,0.05479,12,2,2
202100035944,137Â 436,B01,1,1,1,9,2,0,-1,0,0,-1,2021,30.0,1,1,0,2,7,17,3,,4,BOULEVARD DE COURCELLES,0,,2,2,0,1,(1),(1),1,, -1,1,0,1,50,7,6,1,75,75117,2,1,0,3,BOULEVARD DE COURCELLES,48.880007,2.30708,18,2,2
202100014833,175Â 193,A01,1,1,2,5,8,0,-1,0,0,-1,2021,26.0,2,1,0,2,1,21,5,,4,RUE FESSART,0,,2,2,2,1,(1),(1),1,, -1,1,0,5,30,6,10,1,75,75119,2,3,0,7,RUE FESSART,48.876822,2.385308,14,2,2
202100004922,192Â 992,A01,1,1,1,5,8,0,-1,0,0,-1,2021,32.0,2,1,0,0,7,5,5,,4,RUE DU FAUBOURG SAINT MARTIN,0,,2,2,0,1,(1),(1),1,, -1,2,0,1,30,3,12,5,75,75110,2,2,1,3,RUE DU FAUBOURG SAINT MARTIN,48.881102,2.365154,22,2,2
202100007974,187Â 478,B01,1,1,1,0,2,8,-1,-1, -1,-1,2021,20.0,1,1,0,2,1,17,1,,3,CHAUVEL,0,,2,2,0,2,(1),(1),1,, -1,1,0,1,50,15,11,1,971,97101,2,3,0,3,CHAUVEL,16.23929,-61.51551,11,2,2
202100018248,168Â 996,A01,9,2,2,5,8,-1,-1,0,0,-1,2021,6.0,2,2,3,0,8,1,1,,3,8,-1,D,2,2,0,1,20,120,3,, -1,2,0,1,80,18,9,1,31,31278,1,1,1,6,DÃ©partementale 8,43.181875,0.807205,10,3,1
202100031026,146Â 281,B01,2,2,2,0,1,0,-1,-1, -1,-1,2021,12.0,2,2,0,2,4,2,0,,3,GETARIA(AVENUE),0,,2,2,0,2,20,230,1,, -1,1,0,1,70,29,6,1,64,64249,2,1,0,2,GETARIA(AVENUE),43.4210149645,-1.6059663904,18,3,2
202100030095,147Â 985,A01,1,1,1,5,8,-1,-1,0,0,-1,2021,18.0,3,2,13,0,3,26,1,,6,,-1,,-1,-1,0,1,(1),(1),1,,4,1,0,8,30,9,7,5,67,67124,2,1,0,6,Rue des sports,48.535082,7.634431,3,2,1
202100043899,123Â 200,A01,1,1,1,4,2,0,-1,-1, -1,-1,2021,21.0,3,1,0,2,1,0,1,,4,SAINT PIERRE (RUE),0,,2,-1,0,1,(1),(1),1,, -1,1,0,1,50,15,4,1,13,13212,2,3,0,1,SAINT PIERRE (RUE),43.291314,5.416967,7,2,2
202100050416,111Â 581,B01,1,1,2,5,2,6,-1,0,0,-1,2021,18.0,1,1,0,2,1,1,1,,3,69,-1,,2,2,0,1,1,800,2,, -1,1,0,1,50,24,2,1,88,88196,2,4,0,1,Faubourg de Ramberchamp,48.065211,6.856552,16,2,2
202100016888,171Â 435,B01,1,1,1,0,2,0,-1,-1, -1,-1,2021,29.0,3,0,1,9,3,26,3,,7,DUNKERQUE AVENUE DE,0,,2,2,0,1,(1),(1),1,, -1,1,0,1,50,23,9,1,59,59350,2,1,0,3,DUNKERQUE AVENUE DE,50.64578,2.99055,14,2,2
202100036306,136Â 790,B01,1,1,1,5,2,-1,-1,0,0,-1,2021,83.0,1,1,0,0,8,1,5,,3,724,-1,,2,2,0,1,43,350,1,, -1,1,0,1,80,13,5,1,56,56027,1,2,0,5,Maigris,47.923151,-2.6760186,9,3,3
202100020019,165Â 844,B01,1,1,1,1,1,0,-1,-1, -1,-1,2021,53.0,1,2,0,2,4,0,1,,1,86,0,,3,4,0,1,8,800,1,, -1,1,0,1,90,9,9,1,92,92036,1,1,0,4,AUTOROUTE A86,48.9377152081,2.2968897826,18,3,3
202100010818,182Â 393,A01,10,3,1,0,0,-1,-1,6,9,1,2021,67.0,3,2,0,1,4,4,1,,6,,-1,,-1,0,0,1,(1),(1),1,,0,1,9,8,-1,28,10,1,22,22081,2,1,0,6,Rue des Grands Champs,48.481605,-2.644444,12,2,1
202100030960,146Â 413,A01,1,1,1,9,2,6,-1,-1, -1,-1,2021,30.0,2,1,0,2,1,2,1,,1,A13W,0,,3,4,0,2,22,0,1,, -1,2,0,1,110,4,7,1,78,78007,1,1,1,6,A13W,48.896757,2.006461,14,1,1
202100033933,141Â 107,A01,1,1,1,5,1,-1,-1,0,0,-1,2021,23.0,1,2,0,2,1,13,1,,3,524,0,D,2,2,0,2,6,0,3,, -1,1,0,1,70,17,6,3,38,38422,1,1,0,1,D524,45.146998,5.828472,22,3,2
202100010022,183Â 785,A01,2,2,1,5,1,0,-1,-1, -1,-1,2021,24.0,2,2,0,2,1,26,1,,1,A621,0,,1,3,0,1,3,113,3,, -1,2,0,1,90,31,10,5,31,31069,1,1,1,2,A621,43.62569,1.38491,23,4,2
202100005764,191Â 495,B01,1,1,1,1,2,6,-1,-1, -1,-1,2021,36.0,2,1,0,2,7,1,1,,4,BAILLE (BOULEVARD),0,,2,4,0,1,0,0,1,, -1,1,0,1,50,28,11,1,13,13205,2,1,0,3,BAILLE (BOULEVARD),43.28801,5.39504,14,2,2
202100055437,102Â 762,A01,1,1,1,5,2,-1,-1,-1, -1,-1,2021,18.0,2,1,14,0,1,17,1,,4,,0,,2,3,2,1,(1),(1),1,, -1,1,9,1,50,11,1,4,69,69387,2,3,0,6,YVES FARGES (BD),45.74043,4.83174,19,1,1
202100041276,127Â 823,A01,1,1,1,0,2,0,-1,0,0,-1,2021,26.0,1,1,0,0,7,1,1,,7,,0,,1,2,0,1,(1),(1),1,, -1,1,0,1,50,3,5,1,63,63113,2,6,0,7,BREZET (ROND-POINT DU),45.7802,3.13108,15,1,1