Num_Acc,id_vehicule,num_veh,place,catu,sexe,trajet,secu1,secu2,secu3,locp,actp,etatp,year_acc,victim_age,senc,catv,obs,obsm,choc,manv,motor,occutc,catr,voie,v1,v2,circ,nbv,vosp,prof,pr,pr1,plan,lartpc,larrout,surf,infra,situ,vma,jour,mois,lum,dep,com,agg_,int,atm,col,adr,lat,long,hour,nb_victim,nb_vehicules
202100007509,188Â 336,A01,1,1,1,5,1,-1,-1,0,0,-1,2021,69.0,2,2,0,2,1,5,2,,3,770,0,D,2,2,0,4,27,900,1,, -1,1,0,1,90,18,11,3,49,49367,1,1,1,1,DEPARTEMENTALE 770 PR 027+300,47.595977,-0.85556,20,2,2
202100021124,163Â 899,A01,9,2,1,2,1,-1,-1,0,0,-1,2021,19.0,1,2,0,2,5,12,1,,3,173,0,,3,4,0,1,10,500,1,, -1,1,0,1,110,3,9,2,35,35167,1,1,0,3,Route dÃ©partementale 173,47.8433981235,-1.3307331235,20,4,2
202100011999,180Â 264,B01,1,1,2,0,1,8,-1,-1, -1,-1,2021,44.0,2,2,0,2,4,2,1,,3,R D 900,0,,3,3,0,1,21,680,1,, -1,1,0,1,80,19,10,1,66,66172,1,1,0,2,R D 900,42.70362,2.86579,8,2,2
202100051119,110Â 300,A01,1,1,1,3,1,-1,-1,0,0,-1,2021,64.0,2,2,13,0,8,1,1,,3,205,0,,2,2,0,1,7,495,3,, -1,1,0,3,80,18,2,1,47,47038,1,1,0,6,D205,44.321457,0.403592,15,1,1
202100040752,128Â 766,A01,1,1,1,0,2,6,-1,-1, -1,-1,2021,30.0,2,1,1,0,1,5,1,,4,FLORIDA (ALL.),0,,1,1,0,1,(1),(1),1,, -1,1,0,1,50,8,5,1,33,33009,2,1,0,6,AllÃ©e Florida,44.648886,-1.186654,15,1,1
202100029020,149Â 859,A01,1,1,2,5,1,-1,-1,0,0,-1,2021,35.0,1,2,13,0,3,1,1,,3,610,-1,,2,2,0,1,13,720,1,, -1,1,0,3,80,15,7,3,11,11042,1,1,0,6,Canal du Midi,43.213027,2.59316,2,1,1
202100033650,141Â 619,A01,1,1,1,1,2,0,-1,0,0,-1,2021,59.0,1,1,0,2,0,17,1,,4,AVENUE DE L OPERA,0,,2,2,0,1,(1),(1),1,, -1,1,0,1,50,18,6,1,75,75102,2,2,0,3,AVENUE DE L OPERA,48.86752,2.33366,13,2,2
202100026919,153Â 597,B01,1,1,2,4,1,-1,-1,0,0,-1,2021,24.0,1,2,0,2,1,0,1,,3,517,0,D,2,1,0,2,6,160,1,, -1,1,0,1,50,27,7,1,38,38085,2,1,1,2,10 Route de Lyon,45.750291,5.164227,12,2,2
202100037507,134Â 625,A01,1,1,2,5,2,6,-1,0,0,-1,2021,41.0,2,1,13,0,1,1,1,,3,34,-1,,2,2,0,2,16,350,1,, -1,1,0,3,80,30,5,1,88,88037,1,1,0,6,Contrexard,47.994793,6.73507,17,1,1
202100043573,123Â 784,A01,1,1,1,5,2,6,-1,0,0,-1,2021,75.0,1,1,13,0,1,14,1,,3,24,0,D,2,2,0,2,28,250,2,, -1,1,0,3,70,19,4,1,91,91363,1,1,0,6,Route de Beauvert,48.645656,2.210757,17,1,1
202100003611,195Â 291,A01,10,3,1,2,0,-1,-1,3,3,1,2021,9.0,1,2,0,1,1,1,1,,4,SAINT-EXUPERY (AVENUE ANTOINE DE),0,,2,2,0,1,(1),(1),1,, -1,2,0,1,50,9,12,1,65,65440,2,1,1,6,SAINT-EXUPERY (AVENUE ANTOINE DE),43.2442331667,0.0697552898,8,2,1
202100010134,183Â 582,A01,1,1,2,5,1,0,-1,-1, -1,-1,2021,23.0,2,2,0,2,7,6,1,,4,REDOUTE (ROUTE DE LA),0,,2,2,0,2,0,0,2,, -1,2,0,1,50,30,10,1,972,97209,2,1,1,3,REDOUTE (ROUTE DE LA),14.61745,-61.06189,10,2,2
202100047648,116Â 584,B01,1,1,1,1,2,6,-1,0,0,-1,2021,60.0,1,1,0,2,7,3,1,,4,PORTE D ITALIE,0,,1,4,0,1,2,0,1,, -1,1,0,1,70,16,3,1,75,75113,2,1,0,3,PORTE D ITALIE,48.817738,2.367338,6,2,2
202100047465,116Â 922,A01,1,1,1,5,2,0,-1,-1, -1,-1,2021,52.0,2,1,0,2,1,2,1,,2,186,0,,1,3,0,1,49,400,1,, -1,1,0,1,90,19,3,1,94,94065,1,1,0,2,A86 EXT,48.7543494698,2.3490106533,15,2,2
202100047775,116Â 353,A01,1,1,2,4,2,-1,-1,-1, -1,-1,2021,21.0,1,1,0,2,1,1,1,,4,EMILE ZOLA     (Cours),0,,2,2,2,1,(1),(1),1,, -1,1,0,1,50,16,3,2,69,69266,2,3,0,3,EMILE ZOLA (CR),45.7696558981,4.8788174987,18,2,2
202100050332,111Â 733,A01,1,1,2,5,1,0,-1,-1, -1,-1,2021,52.0,3,2,0,2,1,1,1,,1,A87N,0,,2,4,0,1,0,0,1,, -1,1,0,1,90,23,2,1,49,49353,2,1,0,4,A87N,47.45462,-0.51411,17,3,3
202100046821,118Â 086,A01,1,1,1,1,2,6,-1,0,0,-1,2021,32.0,1,1,0,2,1,3,1,,3,903,0,D,2,2,0,2,61,200,3,, -1,1,0,1,80,24,3,1,74,74043,1,2,0,6,Av du Saleve,46.261829,6.356846,18,2,2
202100025079,156Â 826,B01,1,1,1,0,2,6,9,0,0,-1,2021,55.0,1,1,0,2,1,1,1,,3,643,-1,,2,2,0,2,(1),(1),1,, -1,1,0,1,50,9,8,1,57,57620,2,1,0,3,37 Rue de Briey,49.195938,5.997237,10,2,2
202100036919,135Â 711,B01,1,1,2,5,1,-1,-1,0,0,-1,2021,68.0,1,2,0,0,4,15,1,,3,123,0,,2,2,0,1,2,288,1,, -1,1,0,1,80,2,6,1,17,17189,1,3,0,2,dÃ©partementale 123,45.824195195,-1.0557969418,16,2,2
202100020771,164Â 512,B01,1,1,1,5,2,6,-1,0,0,-1,2021,29.0,1,1,0,2,1,1,1,,3,3,-1,,2,3,0,1,19,145,1,, -1,1,5,1,90,5,9,1,15,15162,1,3,1,1,intersection dÃ©partementales 3 et 678,45.286244,2.637065,16,3,2
202100052296,108Â 233,A01,10,3,2,5,0,-1,-1,1,3,1,2021,16.0,2,2,0,1,3,1,1,,4,NORMANDIE NIEMEN (RUE),0,,2,2,0,1,(1),(1),1,, -1,2,0,1,50,6,2,1,86,86194,2,1,1,6,Rue Normandie Niemen,46.564647,0.338784,15,2,1
202100028135,151Â 414,B01,1,1,1,9,1,0,-1,-1, -1,-1,2021,27.0,3,2,0,2,7,2,1,,4,WAGNER (BOULEVARD RICHARD),0,,3,4,0,1,(1),(1),1,, -1,1,0,1,50,18,7,5,37,37261,2,1,0,6,WAGNER (BOULEVARD RICHARD),47.3755051653,0.7087026536,2,2,2
202100046304,119Â 012,A01,1,1,2,5,2,-1,-1,0,0,-1,2021,25.0,1,1,0,2,1,13,1,,7,559,0,A,2,2,0,2,8,500,3,, -1,1,0,1,80,29,3,1,13,13022,1,1,0,1,Route Nationale 559a,43.227694,5.586183,17,2,2
202100006310,190Â 506,B01,1,1,1,0,2,8,-1,-1, -1,-1,2021,38.0,1,1,0,2,3,0,0,,4,PASTEUR S2  (AVENUE),0,,1,2,0,2,1,0,1,, -1,2,0,1,50,25,11,3,93,93048,2,1,1,5,PASTEUR S2  (AVENUE),48.8665205926,2.4357932539,20,9,9
202100055770,102Â 175,B01,1,1,1,1,2,8,-1,-1, -1,-1,2021,47.0,3,1,0,2,5,19,5,,4,ELISEE RECLUS                       (R ),0,,1,3,0,1,(1),(1),1,, -1,1,0,1,50,7,1,5,69,69275,2,6,0,3,ELISEE RECLUS (R),45.75853,4.95996,18,2,2
202100006315,190Â 496,B01,1,1,1,0,2,6,-1,-1, -1,-1,2021,50.0,0,1,0,2,2,0,1,,3,106,0,,2,3,2,1,0,0,1,, -1,1,0,1,50,25,11,5,92,92035,2,3,0,3,GÃ©nÃ©ral de Gaulle  ( avenue du ),48.9108071204,2.2547587752,19,2,2
202100036039,137Â 269,A01,1,1,2,1,1,8,-1,-1, -1,-1,2021,22.0,2,2,3,0,8,1,1,,1,A52-Sens Toulon vers Pont de l'Etoile,0,,3,2,0,1,25,0,3,, -1,1,3,1,90,6,6,3,13,13005,1,1,0,6,A52-Sens Toulon vers Pont de l'Etoile,43.28323,5.58481,23,1,1
202100031385,145Â 652,A01,2,2,1,5,2,6,-1,0,0,-1,2021,17.0,0,1,0,2,1,18,1,,4,,0,,2,1,0,1,(1),(1),1,,3,1,0,1,30,2,6,1,84,84016,2,1,0,1,Chemin des Ecoliers,44.042084,4.89099,18,3,2
202100018397,168Â 741,B01,1,1,1,9,8,0,-1,0,0,-1,2021,32.0,1,1,0,2,1,5,5,,4,RUE D HAUTPOUL,0,,1,1,0,2,(1),(1),1,, -1,1,0,1,30,17,9,5,75,75119,2,4,0,1,RUE D HAUTPOUL,48.883104,2.388062,20,2,2
202100010173,183Â 518,B01,1,1,1,5,2,0,-1,-1, -1,-1,2021,24.0,2,1,0,2,3,15,1,,3,EUGENE PELLETAN (AV),0,,1,2,3,1,0,0,1,, -1,1,0,1,50,28,10,2,94,94081,2,9,0,3,Avenue EugÃ¨ne Pelletan,48.7945294121,2.3846554756,19,2,2
202100044820,121Â 602,A01,1,1,1,0,8,0,-1,-1, -1,-1,2021,46.0,3,1,0,2,1,19,5,,4,MARIANNE BOULEVARD,0,,2,2,0,1,1,0,1,, -1,1,0,1,50,6,4,1,49,49007,2,1,0,3,MARIANNE BOULEVARD,47.45252,-0.52436,15,2,2
202100037259,135Â 080,A01,1,1,1,5,2,-1,-1,0,0,-1,2021,16.0,1,1,0,2,2,16,1,,4,PEN AR CH'LEUZ (ROND POINT),0,,1,3,0,1,(1),(1),2,, -1,1,5,1,30,10,5,1,29,29019,2,1,0,3,Giratoire Pen Ar ChâLeuz,48.4144,-4.479,17,2,2
202100025911,155Â 373,B01,2,2,2,5,1,-1,-1,0,0,-1,2021,33.0,2,2,0,2,1,1,1,,2,122,0,N,3,2,0,2,57,467,1,, -1,1,5,1,80,2,8,1,15,15074,1,4,0,1,N122,44.92953,2.505484,18,3,2
202100046134,119Â 298,A01,2,2,1,5,2,6,-1,0,0,-1,2021,20.0,1,1,0,2,7,1,1,,4,PORTE D AUTEUIL,0,,-1,4,0,1,12,400,1,, -1,1,0,1,70,28,3,5,75,75116,2,4,0,2,PORTE D AUTEUIL,48.8494580729,2.2522240877,19,3,2
202100000051,201Â 658,A01,1,1,2,5,8,8,-1,-1, -1,-1,2021,40.0,3,1,0,2,8,1,5,,4,SQUARE DE L HERACLES,0,,2,2,0,1,(1),(1),1,, -1,1,2,1,50,9,11,5,31,31555,2,9,0,3,SQUARE DE L HERACLES,43.60749,1.42812,23,2,2
202100023111,160Â 301,B01,1,1,1,5,2,0,-1,-1, -1,-1,2021,24.0,2,1,0,2,1,1,1,,4,PONT DE PIERRE (RUE DU),0,,2,3,1,1,(1),(1),1,, -1,1,0,1,50,20,8,1,59,59273,2,3,0,3,PONT DE PIERRE (RUE DU),50.98289,2.13951,17,3,2
202100006882,189Â 471,B01,1,1,1,9,1,-1,-1,0,0,-1,2021,45.0,3,2,0,2,8,11,1,,3,1075,-1,,1,3,0,1,(1),(1),2,, -1,1,0,8,50,22,11,5,38,38565,1,6,0,3,rd 1075,45.295162,5.628777,18,2,2
202100037438,134Â 738,A01,1,1,1,5,8,0,-1,-1, -1,-1,2021,18.0,1,2,13,0,9,14,1,,7,CRETES (ROUTES DES),0,,2,2,0,3,0,0,4,, -1,1,0,1,80,29,5,3,13,13028,1,1,0,7,CRETES (ROUTES DES),43.18046,5.58472,23,3,1
202100004913,193Â 007,A01,10,3,1,5,0,-1,-1,3,3,1,2021,54.0,1,2,0,1,4,4,1,,4,RUE BOINOD,0,,1,1,0,1,(1),(1),1,, -1,2,0,1,30,3,12,1,75,75118,2,2,1,6,RUE BOINOD,48.892979,2.350601,15,2,1
202100016633,171Â 901,A01,2,2,1,5,1,0,-1,-1, -1,-1,2021,21.0,1,2,15,0,2,1,1,,3,ARCHETTES (CH. D'),0,,2,2,0,1,6,900,1,, -1,2,0,1,70,27,9,3,88,88160,1,3,1,7,ARCHETTES (CH. D'),48.1476044917,6.4999178052,0,2,1
202100042827,125Â 111,A01,1,1,1,0,2,6,-1,-1, -1,-1,2021,28.0,1,1,0,2,1,2,1,,3,VIEUX CHEMIN DE MANTES,0,,1,2,0,1,24,380,1,, -1,1,0,1,50,23,4,1,78,78133,2,1,0,2,VIEUX CHEMIN DE MANTES,48.905738,2.050132,16,2,2
202100018025,169Â 408,B01,1,1,2,9,1,0,-1,0,0,-1,2021,55.0,1,2,0,2,4,2,1,,4,AVENUE DE NOGENT,0,,2,2,0,1,(1),(1),1,, -1,1,0,1,50,18,9,1,75,75112,2,1,0,4,AVENUE DE NOGENT,48.841446,2.45081,12,3,3
202100017620,170Â 124,A01,1,1,1,1,2,0,-1,-1, -1,-1,2021,20.0,1,1,8,0,1,0,1,,4,Bld  DE LA COMMUNAUTE,0,,2,0,0,1,(1),(1),1,, -1,1,0,4,50,20,9,1,78,78118,2,1,0,7,Bld  DE LA COMMUNAUTE,48.985536,1.674407,15,1,1
202100003849,194Â 874,A01,10,3,2,2,0,-1,-1,2,3,2,2021,9.0,3,2,0,1,1,26,0,,4,ALFRED DE MUSSET (RUE),0,,2,1,0,1,0,0,1,, -1,1,0,1,50,9,12,5,93,93072,2,1,0,1,ALFRED DE MUSSET (RUE),48.94873,2.37561,18,2,1
202100008322,186Â 851,B01,1,1,2,0,1,-1,-1,0,0,-1,2021,44.0,1,2,0,2,1,2,1,,3,973,-1,,2,2,0,1,(1),(1),1,, -1,1,0,1,80,13,11,2,84,84147,1,3,0,4,Route de Pertuis,43.70225,5.451013,17,5,3
202100023766,159Â 137,B01,1,1,1,9,2,6,-1,0,0,-1,2021,34.0,1,1,0,2,1,13,1,,7,5,0,D,2,2,0,1,12,345,1,, -1,1,0,1,-1,16,8,1,34,34088,1,3,1,3,d5,43.568833,3.736145,18,2,2
202100034498,140Â 063,D01,1,1,1,5,2,6,-1,0,0,-1,2021,62.0,1,1,0,9,1,2,5,,3,932,-1,D,2,3,0,1,13,500,1,, -1,1,0,1,90,15,6,1,64,64317,1,1,0,4,D932,43.384006,-1.444423,8,4,4
202100023016,160Â 487,A01,1,1,1,0,8,0,-1,-1, -1,-1,2021,64.0,1,2,0,0,1,0,1,,3,ROUTE DE BOULIQUI,0,,2,2,0,1,(1),(1),1,, -1,1,0,1,50,1,8,1,971,97101,1,1,0,6,ROUTE DE BOULIQUI,16.25801,-61.45507,17,1,1
202100015881,173Â 289,B01,1,1,2,5,1,0,-1,-1, -1,-1,2021,70.0,2,2,0,2,4,2,1,,4,LANDOUGE (AVENUE DE),0,,2,2,0,1,0,0,1,, -1,1,0,1,50,30,9,1,87,87085,2,1,0,2,LANDOUGE (AVENUE DE),45.8398,1.21095,13,2,2
202100008142,187Â 164,B01,1,1,1,1,2,0,-1,0,0,-1,2021,26.0,2,1,0,2,8,1,1,,4,BOULEVARD PERIPHERIQUE,0,,1,4,0,1,20,500,1,, -1,1,0,1,70,13,11,1,75,75117,2,1,0,3,BOULEVARD PERIPHERIQUE,48.900645,2.32473,16,3,2
202100025705,155Â 738,A01,1,1,1,0,2,6,-1,-1, -1,-1,2021,65.0,3,1,0,2,6,17,1,,4,MARINS PECHEURS(RUE),0,,2,2,0,1,0,0,1,, -1,1,0,1,50,2,8,1,974,97407,2,1,0,2,MARINS PECHEURS(RUE),-20.94691,55.28769,11,2,2
202100004941,192Â 959,B01,1,1,1,1,2,6,0,-1, -1,-1,2021,44.0,1,1,0,2,1,1,1,,3,181,0,,3,4,0,1,0,0,1,, -1,2,0,1,50,3,12,3,92,92048,2,2,1,3,BRUYERES (CARREFOUR DES),48.8123457623,2.2149038315,18,2,2
202100031538,145Â 384,A01,1,1,1,5,1,0,-1,-1, -1,-1,2021,27.0,1,2,1,0,2,14,1,,1,AUTOROUTE A6,0,,3,6,0,1,30,600,1,, -1,1,0,2,110,1,7,3,91,91659,1,1,0,2,AUTOROUTE A6,48.58623,2.45155,4,2,2
202100017246,170Â 822,A01,1,1,1,5,2,-1,-1,0,0,-1,2021,55.0,2,1,0,5,1,1,1,,3,94,-1,,2,2,0,1,4,700,1,, -1,1,0,1,50,25,9,1,5,5158,1,1,0,6,RD 49,44.4751854195,5.8238277997,9,1,1
202100035388,138Â 458,A01,1,1,1,3,2,-1,-1,0,0,-1,2021,38.0,1,1,0,2,1,2,1,,4,,0,,-1,2,0,1,(1),(1),2,, -1,1,0,1,50,9,6,1,85,85047,2,6,0,2,Rue de Saint-Jean de Monts,46.844181,-1.887202,14,2,2
202100017507,170Â 329,B01,1,1,1,1,0,0,-1,-1, -1,-1,2021,39.0,1,1,0,2,1,1,5,,4,GENERAL FERRIE (BD DU),0,,-1,1,0,1,1,0,1,, -1,1,0,1,30,20,9,1,94,94068,2,1,0,1,Boulevard du GÃ©nÃ©ral FerriÃ©,48.80698,2.46539,18,2,2
202100029183,149Â 586,B01,1,1,1,4,1,0,-1,-1, -1,-1,2021,35.0,2,5,0,2,9,1,1,,3,CLICHY (QUAI DE) DE (8 A 60),0,,2,4,0,1,0,0,1,, -1,1,0,1,50,12,7,1,92,92024,2,1,0,5,CLICHY (QUAI DE) DE (8 A 60),48.9047049535,2.292484045,9,4,3
202100045531,120Â 357,A01,1,1,1,5,2,0,-1,-1, -1,-1,2021,21.0,1,1,0,2,2,2,1,,4,PATELIN (chemin),0,,2,2,0,1,0,0,1,, -1,1,0,1,50,1,4,1,974,97409,1,1,0,2,PATELIN (chemin),-20.9716480329,55.6746317986,10,2,2
202100043467,123Â 962,B01,1,1,1,1,2,6,-1,0,0,-1,2021,59.0,2,1,0,2,2,17,1,,4,VOIE GEORGES POMPIDOU,0,,1,3,3,2,(1),(1),1,, -1,1,0,1,30,19,4,1,75,75112,2,1,0,3,VOIE GEORGES POMPIDOU,48.846072,2.366024,16,2,2
202100051390,109Â 825,B01,1,1,2,3,1,-1,-1,-1, -1,-1,2021,59.0,1,2,0,2,6,2,1,,7,ROUTE DE STRASBOURG D 483           (RO),0,,2,3,0,1,6,250,1,, -1,1,0,1,70,15,2,1,69,69286,2,3,0,2,STRASBOURG (DE) (RTE),45.82607,4.90496,13,2,2
202100044961,121Â 367,B01,1,1,1,1,2,0,-1,-1, -1,-1,2021,47.0,1,1,0,2,2,12,1,,7,CD 5 (Route d'Istres),0,,1,2,0,1,30,850,2,, -1,1,0,1,50,24,3,1,13,13056,2,1,0,3,CD 5 (Route d'Istres),43.4302860783,5.0471384771,11,2,2
202100036567,136Â 348,A01,1,1,1,0,8,0,-1,-1, -1,-1,2021,47.0,1,1,4,0,4,0,1,,2,118,0,,1,3,3,2,0,600,2,, -1,1,0,6,70,3,5,3,92,92072,1,1,0,7,N118,48.8248639427,2.2211393652,22,1,1
202100013673,177Â 264,D01,1,1,1,1,1,8,-1,-1, -1,-1,2021,62.0,2,2,0,2,9,23,1,,4,MICHELET (BOULEVARD),0,,2,6,3,1,0,0,1,, -1,1,0,1,50,11,10,1,13,13208,2,9,0,5,MICHELET (BOULEVARD),43.26,5.39,14,6,6
202100029156,149Â 630,A01,10,3,2,9,0,-1,-1,4,3,1,2021,21.0,0,2,0,1,1,16,1,,4,QUAI DE GRENELLE,0,,2,5,0,1,(1),(1),1,, -1,1,0,1,50,13,7,1,75,75115,2,3,0,6,QUAI DE GRENELLE,48.854415,2.288686,8,2,1
202100028836,150Â 181,A01,5,2,1,5,0,-1,-1,0, -1,-1,2021,19.0,1,1,3,0,7,1,1,,4,MALAKOFF ( RUE),0,,1,1,0,2,(1),(1),3,, -1,1,0,1,30,15,7,5,29,29039,2,1,0,6,Rue Malakoff,47.8737944011,-3.9196380973,1,2,1
202100012906,178Â 660,A01,10,3,1,9,0,-1,-1,1,3,1,2021,8.0,3,2,0,1,2,1,1,,4,,-1,,3,2,0,1,(1),(1),1,,4,1,0,1,30,15,10,1,22,22206,2,1,0,6,Rue du College,48.539327,-2.980857,16,2,1
202100010788,182Â 456,B01,1,1,1,1,2,6,-1,0,0,-1,2021,23.0,1,1,0,2,1,2,1,,3,13,0,,2,2,0,1,1,650,1,, -1,1,0,1,80,28,10,3,14,14278,1,1,0,2,D13,49.174704,-0.592543,19,2,2
202100022832,160Â 799,B01,1,1,1,0,1,8,-1,-1, -1,-1,2021,29.0,0,1,0,2,1,1,1,,4,PETITS MARAIS (CHEMIN DES),0,,2,2,0,1,0,0,1,, -1,1,0,1,50,23,8,1,92,92036,2,9,0,6,PETITS MARAIS (CHEMIN DES),48.9462222865,2.3018717766,13,2,2
202100007678,188Â 027,B01,1,1,1,1,8,0,-1,-1, -1,-1,2021,29.0,1,1,0,2,7,1,5,,4,JOFFRES (AVENUE),0,,2,2,0,1,1,0,1,, -1,1,0,1,50,17,11,1,93,93032,2,2,0,3,JOFFRES (AVENUE),48.88933,2.52153,8,2,2
202100030922,146Â 488,A01,1,1,1,0,2,6,-1,0,0,-1,2021,37.0,2,1,0,2,3,13,1,,3,RD,0,,2,2,0,1,101,512,3,, -1,1,0,1,80,5,7,1,17,17038,1,1,0,1,"D158, lieu dit louvrignac",45.173571,-0.305804,14,2,2
202100041835,126Â 834,A01,1,1,1,5,1,-1,-1,0,0,-1,2021,20.0,1,2,13,0,2,13,1,,3,122,0,D,2,2,0,1,28,625,1,, -1,1,0,3,80,2,5,1,41,41140,1,1,0,7,Bognon,47.45453,1.813602,10,2,1
202100018747,168Â 132,A01,1,1,1,4,1,8,-1,0,0,-1,2021,41.0,1,2,0,2,2,1,1,,4,PRESIDENT WILSON (RUE DU),0,,2,2,0,1,(1),(1),1,, -1,1,5,1,50,15,9,1,71,71153,2,2,0,1,PRESIDENT WILSON (RUE DU),46.79635,4.42928,10,2,2
202100045562,120Â 291,A01,1,1,1,0,1,0,-1,-1, -1,-1,2021,46.0,1,2,6,0,3,1,1,,4,BUDAPEST (RUE DE),0,,2,2,0,2,0,0,1,, -1,1,0,1,50,1,4,1,72,72181,2,1,0,6,BUDAPEST (RUE DE),48.01874,0.2064,19,3,1
202100014894,175Â 089,B01,1,1,1,4,0,-1,-1,0,0,-1,2021,43.0,1,4,0,0,4,1,1,,3,941,-1,,2,2,0,1,2,900,1,, -1,1,0,1,90,7,10,2,23,23131,1,1,0,2,D941 PK 2+900,45.891785,2.47098,19,2,2
202100035653,137Â 984,A01,1,1,1,1,2,0,-1,-1, -1,-1,2021,36.0,1,1,0,2,1,2,1,,1,AUTOROUTE A6,0,,1,3,0,1,16,260,1,, -1,1,0,1,110,9,6,1,91,91216,1,1,0,2,AUTOROUTE A6,48.68309,2.32913,7,2,2
202100055290,102Â 990,B01,2,2,2,5,1,0,-1,0,0,-1,2021,67.0,1,2,1,0,4,2,1,,4,CAVELL (RUE EDITH),0,,2,2,0,1,(1),(1),1,, -1,2,0,1,50,12,1,1,71,71153,2,1,1,2,CAVELL (RUE EDITH),46.79549,4.42476,12,3,2
202100028285,151Â 133,A01,1,1,1,5,0,-1,-1,-1, -1,-1,2021,22.0,1,1,1,0,1,13,1,,7,GENAS (DE)                          (RO),0,,2,2,3,1,1,100,1,,"12,4",1,0,4,50,18,7,5,69,69256,2,1,0,6,GENAS (DE) (RTE),45.74787,4.92186,23,1,1
202100012928,178Â 627,A01,1,1,1,4,1,-1,-1,0,0,-1,2021,72.0,2,2,0,2,2,19,1,,3,76,0,,2,2,0,2,6,0,2,, -1,1,0,1,80,16,10,1,63,63091,1,1,0,3,D76,45.417322,3.289845,16,5,2
202100009817,184Â 147,A01,10,3,2,5,0,-1,-1,2,3,2,2021,19.0,2,2,0,1,2,1,1,,3,ARISTIDE BRIAND (AVENUE COTE PAIRS),0,,2,2,0,1,0,1,1,, -1,1,0,1,50,2,11,5,93,93007,2,1,0,6,ARISTIDE BRIAND (AVENUE COTE PAIRS),48.9432,2.4426,21,2,1
202100012640,179Â 118,A01,1,1,1,0,8,0,-1,-1, -1,-1,2021,50.0,2,1,0,2,8,1,1,,4,NEGOCIANTS (RUE DES),0,,3,0,0,2,0,0,1,, -1,1,0,1,50,17,10,1,74,74008,2,1,0,6,NEGOCIANTS (RUE DES),46.19398,6.22811,10,1,1
202100047938,116Â 050,A01,1,1,1,3,1,8,-1,-1, -1,-1,2021,53.0,1,2,0,2,1,13,1,,3,RD 86 DE MONTS Ã  TOURS,0,,2,1,0,1,4,100,4,, -1,1,0,1,90,14,3,2,37,37122,1,1,0,1,RD 86 DE MONTS Ã  TOURS,47.3091011742,0.6522059441,17,3,2
202100029197,149Â 563,B01,9,2,1,3,1,9,-1,0,0,-1,2021,0.0,1,2,0,2,3,1,1,,3,223,0,,2,2,0,2,26,25,3,, -1,1,0,1,70,6,7,1,63,63128,1,1,0,1,D223,45.914609482,3.3790052272,15,3,2
202100037335,134Â 931,B01,1,1,1,4,2,-1,-1,0,0,-1,2021,30.0,1,1,0,2,2,1,1,,3,CD38,-1,,2,1,0,1,(1),(1),1,, -1,1,0,1,-1,1,6,1,30,30034,1,3,0,3,CD38,43.7617,4.5246,11,2,2
202100000540,200Â 741,A01,2,2,1,3,1,0,-1,-1, -1,-1,2021,69.0,1,2,15,0,1,19,1,,4,GRAFF (AVENUE GEORGES),0,,2,2,0,1,(1),(1),2,, -1,1,9,1,50,9,11,2,35,35238,2,3,0,6,GRAFF (AVENUE GEORGES),48.08559,-1.69187,17,2,1
202100023722,159Â 213,B01,3,2,1,5,1,0,-1,-1, -1,-1,2021,11.0,1,2,0,0,4,23,1,,2,BOUCHET LOUIS (AVENUE),0,,2,2,0,1,77,1015,1,, -1,2,0,1,50,16,8,1,17,17306,2,2,1,2,BOUCHET LOUIS (AVENUE),45.631945,-0.985541,12,5,2
202100025082,156Â 822,A01,1,1,1,0,2,-1,-1,0,0,-1,2021,19.0,0,1,0,2,1,16,1,,4,,-1,,2,2,0,1,(1),(1),1,,5,1,0,1,50,29,7,1,49,49193,2,3,0,1,1 Rue Pierre de Ronsard,47.129777,-0.897054,19,2,2
202100029425,149Â 180,B01,1,1,1,0,1,0,-1,-1, -1,-1,2021,75.0,3,2,0,2,8,1,1,,7,SALENGRO  (AVENUE ROGER),0,,3,4,0,1,(1),(1),1,, -1,1,5,1,50,11,7,1,59,59512,2,3,0,3,SALENGRO  (AVENUE ROGER),50.6774228401,3.1991940737,9,2,2
202100006090,190Â 918,B01,1,1,1,1,2,0,-1,-1, -1,-1,2021,31.0,1,1,0,2,1,1,1,,3,REPUBLIQUE (AV DE LA),0,,2,-1,0,1,1,0,1,, -1,2,5,1,50,6,1,2,94,94041,2,2,1,1,REPUBLIQUE (AV DE LA),48.802296,2.396998,16,2,2
202100033783,141Â 382,A01,10,3,1,2,0,-1,-1,5,1,1,2021,15.0,2,4,4,1,7,14,1,,4,CHOULANS (DE)                       (CH),0,,3,4,0,2,(1),(1),2,, -1,1,0,4,50,16,6,1,69,69385,2,1,0,6,CHOULANS (DE) (MO),45.75224,4.81936,7,2,1
202100022716,160Â 994,A01,1,1,1,0,2,6,-1,-1, -1,-1,2021,46.0,1,1,0,2,1,16,1,,7,RD 29,0,,3,4,0,1,42,13,3,, -1,1,5,1,50,24,8,1,35,35051,1,6,0,3,RD 29,48.154576,-1.624913,8,2,2
202100030998,146Â 325,A01,1,1,2,0,1,0,-1,-1, -1,-1,2021,20.0,1,2,0,2,1,2,1,,4,CROIX GEORGETTE (RTE DE LA),0,,2,2,0,1,0,0,1,, -1,1,0,1,50,30,6,1,72,72003,1,1,0,2,CROIX GEORGETTE (RTE DE LA),47.97412,0.14286,18,3,2
202100053546,106Â 006,A01,4,2,2,9,3,-1,-1,-1, -1,-1,2021,2.0,2,2,4,0,2,14,1,,2,630,0,,1,2,0,2,44,400,2,, -1,2,3,1,50,27,1,1,33,33249,1,1,1,6,Route nationale 230,44.885027,-0.51162,11,2,1