Num_Acc,id_vehicule,num_veh,place,catu,sexe,trajet,secu1,secu2,secu3,locp,actp,etatp,year_acc,victim_age,senc,catv,obs,obsm,choc,manv,motor,occutc,catr,voie,v1,v2,circ,nbv,vosp,prof,pr,pr1,plan,lartpc,larrout,surf,infra,situ,vma,jour,mois,lum,dep,com,agg_,int,atm,col,adr,lat,long,hour,nb_victim,nb_vehicules
202100025837,155Â 506,A01,1,1,2,5,1,-1,-1,0,0,-1,2021,19.0,1,2,2,0,3,1,1,,3,316,-1,,2,3,0,2,17,625,2,, -1,1,0,3,70,3,8,1,27,27517,1,1,0,6,D316,49.14585,1.319942,18,1,1
202100008585,186Â 387,A01,3,2,2,5,8,0,-1,-1, -1,-1,2021,18.0,1,2,0,2,1,2,1,,1,A4,0,,3,5,0,1,2,0,1,, -1,1,0,1,90,10,11,3,94,94018,1,1,0,2,A4,48.8176874111,2.4147391319,21,4,2
202100047437,116Â 975,B01,2,2,1,0,0,-1,-1,0,0,-1,2021,26.0,3,1,0,2,1,1,3,,4,21,0,,2,2,3,2,(1),(1),1,, -1,1,5,6,50,20,3,1,74,74010,2,6,0,3,21 Bd Costa de Beauregard,45.882223,6.099896,12,3,2
202100000900,200Â 138,B01,1,1,1,0,2,6,-1,-1, -1,-1,2021,54.0,1,1,0,2,2,2,1,,3,989,0,,2,0,0,1,0,0,1,, -1,1,0,1,50,30,12,5,92,92040,2,1,0,2,VERDUN (AVENUE DE) DU 116 AU 150,48.8204448221,2.2589242458,20,2,2
202100002510,197Â 289,B01,1,1,1,5,2,-1,-1,0,0,-1,2021,53.0,3,1,0,2,1,5,5,,4,,0,,2,2,0,1,(1),(1),1,,6,1,5,1,50,18,12,2,29,29206,2,3,0,1,Rue de Croazou,48.6188982102,-4.1994300485,17,2,2
202100001540,199Â 050,A01,1,1,1,0,8,-1,-1,0,0,-1,2021,35.0,1,2,0,2,2,15,1,,7,612,0,D,2,2,0,2,3,500,1,, -1,2,5,1,70,25,12,5,34,34337,1,4,0,1,D612,43.554627,3.844638,5,2,2
202100045597,120Â 225,B01,1,1,1,1,2,8,-1,-1, -1,-1,2021,65.0,1,1,0,2,8,1,5,,4,JEAN DE LA FONTAINE,0,,2,2,0,1,0,0,1,, -1,1,0,1,50,1,4,2,32,32013,2,1,0,3,JEAN DE LA FONTAINE,43.64015,0.59494,7,2,2
202100009945,183Â 918,A01,1,1,1,1,8,-1,-1,0,0,-1,2021,21.0,1,5,2,0,3,0,1,,3,D20,0,D,2,2,0,1,11,542,1,, -1,2,0,8,80,2,11,2,62,62839,1,1,0,6,Vaulx-Vraucourt,50.146601,2.917106,6,1,1
202100053854,105Â 483,B01,2,2,2,9,2,0,-1,0,0,-1,2021,25.0,1,1,0,2,5,1,1,,4,BOULEVARD PEREIRE,0,,1,1,0,1,(1),(1),1,, -1,2,0,1,50,24,1,5,75,75117,2,2,0,3,BOULEVARD PEREIRE,48.883959,2.295018,18,3,2
202100041725,127Â 028,A01,1,1,1,5,2,6,-1,0,0,-1,2021,58.0,3,1,0,0,1,1,1,,4,,0,,2,2,0,1,(1),(1),2,,5,1,0,1,50,1,5,1,33,33122,1,1,0,7,Chemin Saint-Ãloi de Noyon,44.712212,-0.741298,11,1,1
202100004856,193Â 110,B01,1,1,1,5,2,6,-1,0,0,-1,2021,55.0,1,1,0,2,8,1,1,,3,37,0,D,2,2,0,2,53,700,4,,4,2,0,1,80,4,12,2,44,44212,1,2,0,3,La Vergne,47.149086,-1.24403,16,2,2
202100000756,200Â 360,A01,2,2,1,0,1,0,-1,-1, -1,-1,2021,37.0,3,2,0,2,1,2,1,,4,CUGNOT NICOLAS (BD),0,,3,4,0,1,0,0,1,, -1,1,0,1,70,31,12,5,72,72181,2,1,0,6,CUGNOT NICOLAS (BD),47.9837796707,0.2216899393,22,4,3
202100037353,134Â 900,A01,1,1,1,5,2,6,-1,0,0,-1,2021,55.0,1,1,0,5,1,1,1,,3,11,-1,,2,2,0,1,13,150,1,,"5,5",1,0,1,50,29,5,1,10,10313,2,1,0,6,Grande rue,48.356666,4.500752,15,2,2
202100046908,117Â 926,B01,1,1,1,2,2,0,-1,0,0,-1,2021,14.0,1,1,0,2,1,5,5,,3,RUE RIVOLET,0,,2,2,2,1,(1),(1),1,, -1,1,-1,1,30,22,3,1,54,54329,2,3,0,3,RUE GAILLARDOT,48.58808,6.49524,16,2,2
202100050271,111Â 859,A01,1,1,1,4,1,-1,-1,0,0,-1,2021,40.0,1,4,3,0,3,1,1,,1,36,0,,3,4,0,1,117,600,1,, -1,1,0,1,130,26,2,1,68,68253,1,1,0,6,A36 pk 117.600,47.780816,7.492767,10,2,2
202100027428,152Â 692,A01,1,1,2,9,1,-1,-1,0,0,-1,2021,39.0,2,5,0,0,1,14,0,,3,32,0,D,2,2,0,1,22,441,1,, -1,1,0,8,80,24,7,1,34,34010,1,1,0,6,D 32,43.672373,3.571061,19,2,1
202100015223,174Â 491,B01,3,2,1,4,1,0,-1,0,0,-1,2021,25.0,1,2,0,2,1,5,1,,4,ALLEE DE LONGCHAMP,0,,2,2,0,1,(1),(1),1,, -1,2,0,1,50,3,10,1,75,75116,2,1,1,3,ALLEE DE LONGCHAMP,48.875798,2.2734586,12,6,2
202100025927,155Â 339,A01,2,2,2,5,1,-1,-1,0,0,-1,2021,77.0,2,2,3,0,4,1,1,,1,54,0,A,2,2,0,1,1,200,1,, -1,1,0,1,130,3,8,1,30,30189,1,1,0,2,"A 54, PK 1+200",43.808912,4.347872,10,3,2
202100033361,142Â 135,A01,1,1,1,5,2,6,-1,0,0,-1,2021,28.0,1,1,2,0,1,13,1,,4,,0,,2,2,0,1,0,0,1,, -1,1,0,3,30,13,6,1,14,14001,2,1,0,1,Le Bourg,49.39331,0.291,17,3,2
202100049840,112Â 655,B01,1,1,1,9,1,8,-1,-1, -1,-1,2021,52.0,1,5,0,2,3,2,1,,7,Autoroute A.35,0,,3,3,0,1,309,600,1,, -1,1,0,1,90,27,2,1,67,67218,1,1,0,2,M35,48.53249,7.69696,12,3,2
202100051982,108Â 790,A01,10,3,2,0,0,-1,-1,5,3,1,2021,44.0,1,2,0,1,1,9,1,,3,RECHERCHANT(RUE ADRIEN),0,,2,2,0,2,61,0,1,, -1,1,0,1,50,9,2,1,974,97416,1,3,0,6,CHAMPCOURT (CHEMIN),-21.28611,55.481,16,3,1
202100016670,171Â 830,A01,10,3,1,5,0,-1,-1,2,5,1,2021,12.0,2,2,0,1,2,1,1,,4,BOULEVARD MORTIER,0,,1,2,0,2,(1),(1),1,, -1,2,0,1,50,26,9,1,75,75120,2,2,1,6,BOULEVARD MORTIER,48.867945736,2.4088806592,17,2,1
202100001807,198Â 570,B01,1,1,2,3,1,-1,-1,0,0,-1,2021,85.0,2,2,0,2,1,1,2,,3,518,0,,2,2,0,2,19,800,3,, -1,2,0,1,70,24,12,1,26,26290,1,3,0,3,Route de Saint Agnan en Vercors,44.953506,5.427217,9,2,2
202100024273,158Â 282,A01,2,2,2,5,2,6,-1,-1, -1,-1,2021,19.0,2,1,0,0,1,1,1,,3,FOURCHES (RD PT DES),0,,1,1,0,1,0,1110,2,, -1,1,0,1,50,11,8,1,50,50129,2,6,0,7,FOURCHES (RD PT DES),49.63662,-1.64978,17,2,1
202100009631,184Â 492,A01,1,1,2,5,1,0,-1,-1, -1,-1,2021,23.0,1,2,1,0,1,16,1,,4,LILAS (ALL DES),0,,2,1,0,1,0,0,3,, -1,1,0,1,50,2,11,1,94,94076,2,1,0,1,LILAS (ALL DES),48.78206,2.36388,10,1,1
202100023518,159Â 598,A01,1,1,1,5,1,-1,-1,0,0,-1,2021,24.0,1,2,0,2,1,15,1,,3,109,0,D,2,2,0,1,5,375,1,, -1,1,0,1,70,19,8,1,30,30146,1,3,0,1,D109,43.991333,4.112384,14,2,2
202100056444,101Â 007,A01,1,1,1,0,8,-1,-1,0,0,-1,2021,33.0,0,1,0,9,0,0,0,,3,,-1,,2,2,0,1,(1),(1),1,, -1,1,0,1,50,1,1,3,974,97415,1,1,0,1,Chemin Lambert (sans Souci),-20.974403,55.327685,3,2,2
202100007933,187Â 561,A01,1,1,1,9,1,-1,-1,-1, -1,-1,2021,55.0,1,2,4,0,9,13,1,,1,A570,0,,3,4,0,1,5,300,1,, -1,1,0,1,110,16,11,1,83,83069,1,1,0,6,A570,43.124898,6.092691,12,1,1
202100024762,157Â 388,B01,2,2,2,9,2,6,-1,0,0,-1,2021,21.0,2,1,0,2,2,1,1,,4,BOULEVARD DAVOUT,0,,2,2,0,1,(1),(1),1,, -1,1,0,1,50,9,8,5,75,75120,2,2,0,3,BOULEVARD DAVOUT,48.849065,2.41149,22,3,2
202100044231,122Â 603,B01,1,1,1,4,1,0,-1,-1, -1,-1,2021,34.0,1,5,0,2,4,2,1,,1,A104,0,,-1,2,0,1,12,399,1,, -1,1,0,1,90,13,4,1,77,77294,1,1,0,6,A104,48.9615236513,2.6170491103,9,3,3
202100034556,139Â 954,B01,1,1,1,5,2,0,-1,-1, -1,-1,2021,36.0,1,1,8,2,1,1,1,,3,,0,,2,2,0,2,0,0,1,,5,1,0,1,50,13,6,1,972,97213,1,1,0,2,,14.6329,-60.962,11,2,2
202100017724,169Â 946,A01,1,1,1,5,7,2,-1,0,0,-1,2021,20.0,1,1,3,0,7,16,1,,3,751,0,,2,2,0,1,108,815,3,, -1,1,0,1,-1,21,9,1,49,49069,1,1,0,7,D751,47.311988,-1.308854,16,1,1
202100034722,139Â 651,A01,2,2,2,0,8,0,-1,-1, -1,-1,2021,44.0,2,2,0,2,0,26,1,,1,A13,0,,3,3,0,1,8,800,1,, -1,1,0,1,110,13,6,1,78,78158,1,1,0,2,A13,48.831465,2.147217,18,7,2
202100011785,180Â 647,A01,1,1,2,0,1,-1,-1,-1, -1,-1,2021,37.0,1,2,12,0,1,1,1,,7,CD 132,0,,2,2,0,2,6,800,4,, -1,2,0,1,80,20,10,1,76,76391,1,1,0,7,CD 132,49.3091043973,0.9789617483,10,1,1
202100009061,185Â 507,A01,10,3,1,0,0,-1,-1,2,3,1,2021,10.0,3,2,0,1,1,1,1,,4,VLAMINCK (RUE),0,,2,2,0,2,0,0,1,, -1,1,0,1,50,6,11,2,91,91286,2,1,0,6,VLAMINCK (RUE),48.65581,2.39258,17,2,1
202100025102,156Â 784,A01,1,1,1,0,2,6,-1,-1, -1,-1,2021,47.0,3,1,0,2,2,1,1,,4,GIBERT DES MOLIERES (RUE),0,,1,0,0,1,0,0,1,, -1,1,0,1,50,7,8,1,974,97411,1,2,0,3,GIBERT DES MOLIERES (RUE),-20.88866,55.44534,17,2,2
202100056480,100Â 945,A01,1,1,2,5,1,9,-1,0,0,-1,2021,69.0,1,2,0,2,8,9,1,,3,181,0,D,2,2,0,1,4,670,1,, -1,1,0,1,80,2,1,1,2,2498,1,2,0,3,Carrefour de la Paix,49.568141,3.829188,14,3,2
202100053755,105Â 655,B01,1,1,1,5,2,6,-1,-1, -1,-1,2021,35.0,1,1,0,2,1,1,1,,2,R DE PARIS,0,,-1,4,0,1,1,0,1,, -1,2,5,1,50,24,1,1,94,94078,2,1,1,3,PARIS (R DE),48.733,2.44685,13,2,2
202100009998,183Â 827,B01,2,2,2,0,1,-1,-1,-1, -1,-1,2021,44.0,1,2,0,2,5,23,1,,4,DOCTEUR GAILLETON (DU)              (QU),0,,1,4,0,1,(1),(1),1,, -1,2,0,1,50,31,10,5,69,69382,2,1,1,2,DOCTEUR GAILLETON (DU) (Q),45.752101,4.832837,2,4,2
202100036935,135Â 683,A01,1,1,1,0,2,6,-1,-1, -1,-1,2021,34.0,2,1,0,2,4,2,1,,2,ROUTE NATIONALE 356,0,,3,6,0,1,3,500,1,, -1,1,0,1,90,1,6,1,59,59378,1,1,0,4,ROUTE NATIONALE 356,50.658821,3.112781,16,3,3
202100044453,122Â 232,A01,4,2,1,0,1,0,-1,-1, -1,-1,2021,21.0,1,2,6,0,1,15,1,,7,927,0,,2,2,0,1,5,100,1,, -1,2,0,4,50,10,4,5,76,76402,2,3,1,6,RN 27 (ROUTE DE DIEPPE),49.52394,1.04157,0,5,1
202100028119,151Â 441,A01,10,3,1,0,0,-1,-1,3,3,1,2021,27.0,1,2,0,1,1,1,1,,4,BLATIN (RUE),0,,1,2,3,1,(1),(1),1,, -1,1,0,1,50,18,7,1,63,63113,2,1,0,6,18 BLATIN (RUE),45.776909663,3.079766508,19,2,1
202100020123,165Â 656,B01,1,1,1,5,8,0,-1,-1, -1,-1,2021,16.0,3,1,0,2,1,19,3,,4,CHARLES SCHMIDT(RUE) : APRES 49,0,,2,2,1,1,0,0,1,, -1,1,0,1,50,8,9,1,93,93070,2,1,0,3,CHARLES SCHMIDT(RUE) : APRES 49,48.9031,2.33386,17,3,2
202100052205,108Â 393,A01,1,1,2,5,8,-1,-1,-1, -1,-1,2021,23.0,2,2,8,0,1,16,1,,4,ROGER SALENGRO                      (R ),0,,2,2,0,1,(1),(1),3,, -1,2,0,4,50,7,2,1,69,69259,2,1,0,6,ROGER SALENGRO (R),45.7188137138,4.8713395,12,2,1
202100019692,166Â 447,A01,1,1,2,0,1,0,-1,-1, -1,-1,2021,21.0,2,2,0,2,4,2,1,,2,RN12,0,,3,4,0,1,1,0,1,, -1,1,0,1,110,10,9,1,22,22360,1,1,0,2,RN12,48.4840781126,-2.704146266,18,2,2
202100041444,127Â 522,A01,1,1,1,4,2,6,-1,0,0,-1,2021,48.0,2,1,15,0,1,1,1,,3,114,-1,,2,2,1,1,13,750,2,, -1,1,0,1,80,4,5,1,28,28158,1,1,0,7,D114,48.407298,1.393118,19,1,1
202100050695,111Â 073,B01,1,1,1,1,2,6,-1,0,0,-1,2021,47.0,1,1,0,2,1,1,1,,3,810,0,D,3,2,0,1,111,0,1,, -1,1,0,1,50,19,2,2,40,40209,2,1,0,3,D 810,43.569287,-1.441972,6,2,2
202100004804,193Â 193,A01,1,1,1,1,2,6,-1,0,0,-1,2021,41.0,2,1,4,0,2,14,1,,4,PORTE MAILLOT,0,,1,2,0,2,(1),(1),1,, -1,2,0,1,50,3,12,4,75,75116,2,4,1,6,PORTE MAILLOT,48.877205,2.279158,18,1,1
202100035460,138Â 326,A01,10,3,1,2,0,-1,-1,1,3,1,2021,4.0,3,2,1,0,3,1,1,,6,RTE DE BRIE,0,,-1,-1,0,1,0,100,1,, -1,1,0,1,20,9,6,1,91,91114,2,1,0,6,RTE DE BRIE,48.70719,2.52127,10,2,1
202100014828,175Â 201,A01,1,1,1,4,2,6,-1,0,0,-1,2021,54.0,2,1,0,2,8,3,1,,4,PORTE DE LA VILLETTE,0,,1,2,0,2,(1),(1),2,, -1,2,0,1,70,5,10,1,75,75119,2,4,1,3,PORTE DE LA VILLETTE,48.900344,2.380454,9,2,2
202100046337,118Â 946,B01,1,1,1,9,2,6,-1,-1, -1,-1,2021,17.0,2,1,0,2,1,1,1,,3,RUE GEORGES COUBARD,0,,2,0,0,1,0,100,1,, -1,1,0,1,50,27,3,1,91,91097,2,1,0,3,RUE GEORGES COUBARD,48.694936,2.536173,16,2,2
202100051641,109Â 381,A01,10,3,2,5,0,-1,-1,3,1,1,2021,69.0,3,1,0,1,1,1,1,,4,LECONTE DE LISLE (AVENUE),0,,2,3,3,1,0,0,1,, -1,1,0,6,50,12,2,1,974,97411,2,1,0,1,LECONTE DE LISLE (AVENUE),-20.89304,55.48422,16,2,1
202100045077,121Â 160,A01,1,1,1,5,1,-1,-1,-1, -1,-1,2021,23.0,2,2,1,2,2,12,1,,1,A9,0,,3,5,0,1,196,300,1,, -1,1,0,2,130,5,4,1,11,11024,1,1,0,6,A9 PK 196.300,43.108722,2.949786,16,5,2
202100027244,153Â 020,B01,1,1,1,5,2,-1,-1,0,0,-1,2021,30.0,2,1,0,2,3,6,5,,3,33,-1,,2,2,0,1,10,342,1,, -1,1,5,1,50,14,7,1,44,44144,2,3,0,3,154 Rue de l Ouche,47.517028,-1.293746,18,2,2
202100013881,176Â 886,B01,1,1,1,5,2,0,-1,-1, -1,-1,2021,19.0,3,1,0,0,7,15,1,,4,ST JOHN PERSE (AV),0,,4,1,0,1,0,0,2,, -1,1,5,1,50,11,10,1,13,13001,2,6,0,3,ST JOHN PERSE (AV),43.5256034823,5.4175051954,9,2,2
202100002375,197Â 537,B01,1,1,1,1,2,6,-1,-1, -1,-1,2021,28.0,3,1,0,2,1,1,1,,4,RUE HELENE BOUCHER,0,,2,2,0,1,0,0,1,, -1,1,9,1,50,17,12,1,91,91689,2,9,0,1,RUE HELENE BOUCHER,48.72089,2.30546,13,2,2
202100039167,131Â 614,B01,1,1,1,9,2,0,-1,-1, -1,-1,2021,43.0,2,1,0,2,4,2,1,,3,1,0,,2,2,0,1,0,0,3,, -1,2,0,1,50,19,5,1,92,92024,2,6,0,4,CLICHY (QUAI DE) DE (8 A 60),48.91079,2.30555,8,3,3
202100039244,131Â 462,A01,1,1,1,4,2,0,-1,-1, -1,-1,2021,26.0,1,1,0,2,1,3,1,,1,A4,0,,1,4,0,1,9,500,1,, -1,1,1,1,90,20,5,1,94,94017,1,1,0,3,A4,48.8271790507,2.5086856622,13,2,2
202100007027,189Â 197,B01,1,1,1,5,1,8,-1,-1, -1,-1,2021,22.0,1,2,0,2,4,2,1,,3,CHABAUD-LATOUR (AVENUE),0,,3,2,2,1,0,300,1,, -1,1,9,8,50,17,11,5,25,25388,2,9,0,2,CHABAUD-LATOUR (AVENUE),47.51142,6.80859,18,2,2
202100010618,182Â 755,B01,1,1,1,0,2,6,-1,0,0,-1,2021,18.0,0,1,0,2,1,1,1,,4,,-1,,2,2,0,1,(1),(1),1,,4,1,0,1,50,28,10,1,3,3254,2,3,0,1,7 Route de Briailles,46.303645,3.302883,15,2,2
202100037705,134Â 269,A01,1,1,2,0,1,-1,-1,0,0,-1,2021,43.0,1,2,15,0,2,14,1,,3,94,0,,2,2,0,1,48,630,2,, -1,1,0,3,80,30,5,1,26,26016,1,1,0,6,Route de Gap,44.383455,5.171793,10,1,1
202100053633,105Â 860,B01,2,2,2,9,2,6,-1,-1, -1,-1,2021,31.0,1,1,0,2,8,1,1,,3,AV PRESIDENT JOHN FITZGERALD KENNEDY ,0,,1,2,0,1,1,0,1,, -1,1,0,1,50,26,1,1,94,94078,2,1,0,3,PRESIDENT JOHN FITZGERALD KENNEDY (AV DU,48.73412,2.46315,11,3,2
202100013593,177Â 422,A01,3,2,1,5,1,-1,-1,-1,0,-1,2021,63.0,3,2,1,0,2,14,2,,4,EGALITE (RUE DE L'),0,,2,2,0,1,(1),(1),1,, -1,1,0,1,50,12,10,1,95,95598,2,1,0,6,EGALITE (RUE DE L'),48.993241,2.294315,13,2,1
202100033907,141Â 153,A01,1,1,2,0,8,0,-1,-1, -1,-1,2021,27.0,1,1,0,0,0,19,5,,4,COUTURE D'AUXERRE (RUE DE LA) (52/138),0,,2,2,0,1,0,0,1,, -1,2,0,1,50,17,6,5,92,92036,2,1,1,7,COUTURE D'AUXERRE (RUE DE LA) (52/138),48.9272207427,2.2884476374,1,1,1
202100002551,197Â 221,B01,1,1,1,1,1,-1,-1,-1, -1,-1,2021,36.0,2,2,0,2,4,1,1,,1,A570,0,,3,4,0,1,1,600,1,, -1,1,0,1,110,15,12,2,83,83047,1,1,0,2,A570,43.1344287109,6.0478663445,17,2,2
202100054150,104Â 956,A01,1,1,1,5,8,-1,-1,0,0,-1,2021,58.0,2,1,0,0,1,2,1,,3,2152,-1,,2,2,0,1,76,560,1,, -1,2,0,1,50,23,1,1,45,45203,2,1,0,2,59 Route d'Orleans,47.83464,1.706681,15,2,2
202100050620,111Â 210,B01,1,1,1,0,1,-1,-1,0,0,-1,2021,42.0,3,2,0,2,2,1,1,,4,,-1,,2,2,0,1,(1),(1),1,, -1,1,0,1,70,19,2,1,33,33394,1,2,0,3,Lieu Dit le Rivallon,44.89741,-0.18459,17,2,2
202100041012,128Â 310,A01,4,2,2,5,1,-1,-1,0,0,-1,2021,24.0,1,2,3,2,8,13,1,,1,10,0,A,3,4,0,1,410,37,1,,10,1,0,1,130,8,5,1,17,17465,1,1,1,3,Autoroute A10 - PK 410.400 - Sens PARIS / BORDEAUX,45.987454,-0.545009,12,8,2
202100007124,189Â 036,Z01,10,3,1,5,0,-1,-1,4,3,1,2021,21.0,0,0,0,1,2,26,0,,4,19 MARS 1962 RUE DU,0,,1,2,0,1,(1),(1),1,, -1,1,0,1,50,17,11,1,29,29232,2,6,0,6,Rue du 19 Mars 1962,47.98796,-4.10923,22,2,1
202100028913,150Â 047,B01,1,1,1,5,2,6,-1,0,0,-1,2021,27.0,2,1,0,2,1,3,1,,7,820,0,,2,2,3,1,14,941,1,, -1,1,0,1,70,15,7,1,31,31182,1,1,0,1,route dÃ©partementale 820,43.691692,1.402946,20,2,2
202100008759,186Â 081,B01,1,1,2,9,8,0,-1,0,0,-1,2021,27.0,1,0,0,2,1,1,3,,4,BOULEVARD VOLTAIRE,0,,1,4,1,1,(1),(1),1,, -1,1,-1,5,30,9,11,1,75,75111,2,1,0,1,BOULEVARD VOLTAIRE,48.861488,2.373919,12,2,2
202100037698,134Â 279,B01,1,1,1,1,2,6,-1,0,0,-1,2021,21.0,1,1,0,2,1,17,1,,3,559,0,D,2,2,0,1,91,900,1,, -1,1,0,1,70,29,5,1,83,83068,2,1,0,3,Route du Littoral,43.286006,6.599522,17,2,2
202100001312,199Â 412,D01,3,2,1,5,1,-1,-1,0,0,-1,2021,8.0,1,2,0,2,1,1,1,,4,,0,,2,2,0,1,(1),(1),1,,4,2,0,1,70,26,12,3,71,71221,1,1,1,5,Rue de Fontaine Couverte,46.76528,4.772058,19,9,4
202100013312,177Â 950,Z01,10,3,1,9,0,-1,-1,3,3,1,2021,28.0,1,1,0,1,2,1,0,,4,AVENUE PARMENTIER,0,,1,2,0,1,(1),(1),1,, -1,1,8,1,30,14,10,5,75,75111,2,3,0,6,AVENUE PARMENTIER,48.863099,2.376192,20,2,1
202100054699,104Â 014,A01,2,2,2,1,1,0,-1,-1, -1,-1,2021,28.0,3,5,0,2,1,2,1,,9,CHAPIT RE ( RUE DU),0,,1,3,0,4,0,0,1,, -1,2,1,1,50,17,1,1,93,93073,1,9,0,2,CHAPIT RE ( RUE DU),49.0022129537,2.5369678671,14,4,2
202100039787,130Â 466,A01,1,1,2,0,1,0,-1,-1, -1,-1,2021,31.0,2,2,4,0,5,1,1,,1,AUTOROUTE A6B,0,,1,2,0,1,7,199,3,, -1,2,0,1,70,16,5,1,94,94034,1,1,0,6,AUTOROUTE A6B,48.7547,2.3344,6,1,1
202100028254,151Â 191,B01,2,2,2,5,2,0,-1,-1, -1,-1,2021,37.0,1,1,0,2,1,1,1,,1,A7-Sens Lyon vers Marseille,0,,1,4,0,1,270,500,1,, -1,1,0,1,110,19,7,1,13,13071,1,1,0,2,A7-Sens Lyon vers Marseille,43.40434,5.34131,19,3,2
202100031957,144Â 621,A01,1,1,1,5,1,8,-1,-1, -1,-1,2021,56.0,3,2,15,0,1,25,1,,4,HEDER (place),0,,1,1,0,1,0,0,2,, -1,6,0,4,30,27,6,1,973,97302,2,1,0,6,HEDER (place),4.9391305913,-52.3349393606,6,1,1
202100000122,201Â 536,A01,1,1,1,0,1,0,-1,-1, -1,-1,2021,38.0,3,2,8,2,2,1,1,,7,D.5,0,,2,2,0,1,1,0,1,, -1,1,0,1,80,20,8,1,13,13047,1,1,0,3,D.5,43.570821,4.95534,18,2,2
202100004573,193Â 602,A01,1,1,1,5,2,-1,-1,0,0,-1,2021,15.0,2,1,0,2,1,17,1,,3,2089,-1,,2,2,0,2,42,500,1,, -1,2,0,1,80,2,12,2,63,63453,1,3,1,3,D2089,45.786903,3.272349,17,3,2
202100041510,127Â 412,A01,1,1,1,0,2,6,-1,-1, -1,-1,2021,24.0,1,1,0,2,1,1,1,,7,KENNEDY (AVENUE J.)NÂ° IMPAIRS > ST VICTO,0,,2,0,0,2,0,300,1,, -1,1,0,1,50,23,4,1,83,83129,2,1,0,3,Avenue du President John Kennedy,43.1076,5.81707,12,2,2
202100014622,175Â 575,A01,1,1,2,0,8,8,-1,0,0,-1,2021,24.0,1,2,1,0,1,17,1,,4,,0,,2,2,0,1,(1),(1),1,, -1,1,0,1,50,7,10,3,6,6088,2,1,0,6,JUSSIEU (R. DE),43.70225,7.25381,19,5,4
202100025292,156Â 449,A01,1,1,1,3,8,0,-1,-1, -1,-1,2021,30.0,3,2,6,0,8,7,1,,4,RUE GÃO CHARLES,0,,2,4,0,1,(1),(1),1,, -1,1,2,1,50,6,8,2,38,38151,2,1,0,6,Rue GÃ©o Charles,45.15007,5.6968,19,2,1
202100024617,157Â 656,B01,1,1,1,1,1,-1,-1,-1, -1,-1,2021,48.0,3,5,0,2,4,1,0,,4,ROSEL (ROUTE DE),0,,1,2,0,1,1,0,2,, -1,1,0,1,50,11,8,1,14,14118,2,6,0,2,Rue de Rosel,49.18821,-0.3783,12,2,2
202100027911,151Â 819,A01,10,3,1,0,0,-1,-1,4,5,1,2021,34.0,1,2,0,1,1,1,1,,4,DELILLE (PLACE),0,,1,2,0,1,(1),(1),1,, -1,1,0,1,50,15,7,2,63,63113,2,1,0,6,DELILLE (PLACE),45.78015,3.09107,21,2,1
202100011530,181Â 107,A01,10,3,1,1,8,8,-1,9,9,1,2021,41.0,1,2,0,1,2,1,1,,4,FAISSAL VAINDUC (RUE),0,,1,1,0,1,0,0,1,, -1,1,0,1,30,22,10,1,972,97209,2,1,0,6,FAISSAL VAINDUC (RUE),14.61602,-61.06979,8,2,1
202100050508,111Â 418,B01,1,1,1,5,0,-1,-1,0,0,-1,2021,25.0,2,1,0,2,1,5,5,,3,110,-1,,2,2,0,2,0,350,1,, -1,1,0,1,80,23,2,3,38,38115,1,1,0,3,D110,44.984729,5.647509,21,2,2
202100020935,164Â 239,A01,1,1,1,5,1,-1,-1,0,0,-1,2021,23.0,1,2,0,0,9,13,0,,3,925,0,D,2,2,0,1,29,460,1,, -1,1,0,3,80,5,9,2,73,73241,1,1,0,7,D925,45.61066,6.315529,7,1,1
202100027755,152Â 096,B01,1,1,2,4,1,8,-1,0,0,-1,2021,38.0,2,2,0,2,4,2,1,,4,ECHANGEUR BERCY,0,,1,4,0,1,0,100,1,, -1,1,0,1,70,21,7,1,75,75112,2,1,0,2,ECHANGEUR BERCY,48.826635,2.388995,18,2,2
202100036242,136Â 902,A01,1,1,1,5,1,8,-1,0,0,-1,2021,26.0,1,2,1,0,0,0,1,,3,MUSSET  RD 207 (AVENUE ALFRED DE),0,,2,2,0,1,0,750,1,, -1,2,0,3,50,5,6,5,42,42127,2,1,1,6,Rue Alfred de Musset,46.05996,4.05996,4,1,1
202100025636,155Â 862,A01,2,2,1,5,2,6,-1,-1, -1,-1,2021,28.0,2,1,0,2,1,7,1,,3,AV HENRI BARBUSSE,0,,2,4,3,2,1,0,1,, -1,1,0,1,50,4,8,1,94,94081,2,5,0,3,Avenue Henri Barbusse,48.79297,2.39536,19,5,2
202100039692,130Â 632,B01,1,1,1,0,2,0,-1,0,0,-1,2021,52.0,1,1,0,2,1,1,5,,4,FOCH (AVENUE 2 A 16,0,,1,2,2,1,(1),(1),1,, -1,2,0,1,30,16,5,1,54,54395,2,1,0,3,FOCH (AVENUE 2 A 16,48.6893473664,6.1761865765,9,2,2
202100039089,131Â 762,A01,2,2,2,9,2,8,-1,-1, -1,-1,2021,18.0,1,1,0,2,1,1,1,,4,LIEGE DE,0,,-1,2,0,1,0,0,1,, -1,1,0,1,50,20,5,1,64,64445,2,1,0,2,LIEGE DE,43.29973,-0.37449,18,3,2
202100005525,191Â 919,A01,1,1,1,0,2,6,-1,-1, -1,-1,2021,22.0,1,1,12,0,1,1,1,,7,JEAN MOULIN (BOULEVARD),0,,3,5,0,1,(1),(1),3,, -1,1,0,1,50,27,11,5,13,13205,2,1,0,1,JEAN MOULIN (BOULEVARD),43.28743,5.40039,0,5,2