Num_Acc,id_vehicule,num_veh,place,catu,sexe,trajet,secu1,secu2,secu3,locp,actp,etatp,year_acc,victim_age,senc,catv,obs,obsm,choc,manv,motor,occutc,catr,voie,v1,v2,circ,nbv,vosp,prof,pr,pr1,plan,lartpc,larrout,surf,infra,situ,vma,jour,mois,lum,dep,com,agg_,int,atm,col,adr,lat,long,hour,nb_victim,nb_vehicules
202100016802,171Â 582,B01,1,1,1,1,2,0,-1,-1, -1,-1,2021,42.0,1,1,0,2,4,26,5,,3,PETIT PEROU,0,,-1,2,0,2,(1),(1),1,, -1,1,0,8,70,3,9,5,971,97101,1,9,0,6,PETIT PEROU,16.2531362408,-61.5143389595,20,3,2
202100040291,129Â 582,A01,2,1,1,0,2,6,-1,-1, -1,-1,2021,29.0,2,1,0,2,1,12,1,,1,AUTOROUTE A6,0,,1,3,0,1,10,300,1,, -1,1,0,1,110,12,5,1,91,91689,1,1,0,2,AUTOROUTE A6,48.7266,2.31361,17,2,2
202100020565,164Â 871,A01,10,3,1,1,0,-1,-1,3,3,1,2021,43.0,1,1,0,1,1,17,1,,4,BOULEVARD DE L HOPITAL,0,,2,4,0,1,(1),(1),1,, -1,1,0,1,30,6,9,1,75,75113,2,2,0,6,BOULEVARD DE L HOPITAL,48.833266,2.356828,18,2,1
202100041822,126Â 854,A01,1,1,2,9,8,0,-1,-1, -1,-1,2021,16.0,1,1,0,2,1,19,3,,3,CHOISY(ROUTE DE),0,,3,6,3,1,0,0,1,, -1,1,0,1,50,1,5,1,94,94028,2,1,0,3,Route de Choisy,48.7876,2.4507,18,2,2
202100012355,179Â 634,B01,1,1,1,1,2,6,-1,-1, -1,-1,2021,20.0,1,1,0,2,6,3,1,,1,AUTOROUTE A86,0,,-1,2,0,3,50,723,1,, -1,2,0,1,70,19,10,1,94,94034,1,1,0,3,AUTOROUTE A86,48.75678,2.33104,7,2,2
202100042960,124Â 881,A01,1,1,2,1,1,-1,-1,0,0,-1,2021,56.0,1,2,0,0,9,1,1,,3,598,-1,,2,2,0,1,7,350,3,, -1,9,0,1,80,23,4,1,12,12090,1,1,0,7,RD 598,44.387612,2.480958,8,1,1
202100007092,189Â 085,A01,2,2,2,5,8,-1,-1,0,0,-1,2021,74.0,2,2,0,2,3,1,1,,1,A7,0,A,1,5,0,1,219,0,1,, -1,1,0,1,130,19,11,1,13,13105,1,1,0,2,A7,43.761238,5.077883,15,3,2
202100011141,181Â 818,A01,1,1,1,4,0,-1,-1,0,0,-1,2021,47.0,2,4,3,0,2,1,1,,1,84,-1,A,3,4,3,2,205,100,1,, -1,1,0,8,90,26,10,3,50,50214,1,1,0,7,A84,48.917226,-1.089406,0,1,1
202100007977,187Â 473,A01,10,3,1,2,0,-1,-1,3,3,2,2021,7.0,3,2,14,1,1,1,1,,4,FRANCK (AVENUE CESAR),0,,2,2,0,1,(1),(1),1,, -1,1,0,1,30,15,11,1,95,95585,2,1,0,6,FRANCK (AVENUE CESAR),48.97324,2.37405,13,2,1
202100043657,123Â 638,A01,10,3,2,5,0,-1,-1,3,3,2,2021,5.0,2,1,0,1,1,1,1,,4,R MARCEL GROSMESNIL ,0,,2,2,0,1,1,0,1,, -1,1,0,1,50,17,4,1,94,94076,2,1,0,6,Rue Marcel GrosmÃ©nil,48.799286,2.355153,13,2,1
202100028931,150Â 018,A01,1,1,1,5,2,-1,-1,0,0,-1,2021,26.0,1,1,0,2,7,15,5,,3,8,-1,,2,2,0,2,27,630,1,, -1,1,0,1,80,10,7,1,84,84049,1,1,0,3,D8,44.16377,4.974414,19,2,2
202100035321,138Â 574,Z01,10,3,2,5,8,8,-1,4,3,1,2021,78.0,2,1,0,1,1,1,1,,4,PLACE DE LA BATAILLE DE STALINGRAD,0,,3,3,0,1,(1),(1),1,, -1,1,0,1,50,10,6,1,75,75110,2,2,0,6,PLACE DE LA BATAILLE DE STALINGRAD,48.883861,2.368563,18,2,1
202100046854,118Â 028,A01,1,1,1,1,2,-1,-1,0,0,-1,2021,21.0,2,1,8,0,1,1,1,,3,919,-1,,2,2,0,2,27,550,1,, -1,1,2,1,80,25,3,1,62,62073,1,1,0,6,D919,50.33534,2.841001,14,2,1
202100040967,128Â 388,B01,1,1,2,5,8,0,-1,-1, -1,-1,2021,12.0,1,0,0,0,4,0,3,,4,GENERAL JOINVILLE,0,,3,2,0,1,0,9,1,, -1,1,0,1,50,7,5,1,93,93066,2,1,0,2,Rue du GÃ©nÃ©ral Joinville,48.934585,2.369331,16,2,2
202100052053,108Â 673,A01,1,1,2,5,1,0,-1,-1, -1,-1,2021,44.0,1,2,0,2,5,15,1,,3,DE GAULLE (AV DU GENERAL) 58/49 - FIN,0,,2,3,0,1,1,1,1,, -1,1,3,1,50,9,2,1,93,93064,2,2,0,2,DE GAULLE (AV DU GENERAL) 58/49 - FIN,48.886638341,2.4719244824,15,2,2
202100035865,137Â 578,A01,2,2,1,5,1,1,-1,0,0,-1,2021,36.0,2,5,16,0,9,14,1,,4,AVENUE JAMES COOK,0,,2,2,0,3,0,0,2,, -1,2,0,8,50,6,6,3,988,98818,2,1,1,7,AVENUE JAMES COOK,-22.26282,166.39708,3,2,1
202100001634,198Â 883,A01,1,1,1,0,1,5,-1,-1, -1,-1,2021,24.0,2,2,0,2,6,26,1,,3,EMILE COSSONNEAU (AVE),0,,1,2,0,1,1,0,1,, -1,1,0,1,50,23,12,5,93,93051,2,1,0,3,EMILE COSSONNEAU (AVE),48.84925,2.56251,4,4,2
202100038040,133Â 665,B01,1,1,1,1,8,0,-1,0,0,-1,2021,25.0,1,1,0,2,8,1,5,,4,BOULEVARD BEAUMARCHAIS,0,,2,2,1,1,(1),(1),1,, -1,1,0,1,30,27,5,1,75,75111,2,1,0,3,BOULEVARD BEAUMARCHAIS,48.857915,2.367992,15,2,2
202100041625,127Â 200,A01,1,1,1,0,1,0,-1,-1, -1,-1,2021,26.0,2,2,3,0,9,2,1,,1,AUTOROUTE A23,0,,3,4,0,1,1,799,1,, -1,1,0,1,90,2,5,1,59,59523,1,1,0,6,AUTOROUTE A23,50.585523,3.149724,7,1,1
202100032770,143Â 200,B01,1,1,1,4,1,-1,-1,0,0,-1,2021,50.0,2,4,3,0,6,23,1,,1,26,-1,,-1,4,0,1,225,500,1,, -1,1,0,1,130,23,6,1,2,2498,1,1,0,2,A26,49.551822,3.83601,15,2,2
202100015274,174Â 410,A01,1,1,1,1,1,-1,-1,0,0,-1,2021,21.0,1,2,2,0,3,0,0,,3,993,0,A,2,2,0,1,2,0,1,, -1,2,0,3,80,5,10,2,54,54540,1,1,1,6,D993a,48.5698348095,6.9633793825,6,1,1
202100053010,106Â 964,A01,1,1,1,1,1,-1,-1,0,0,-1,2021,27.0,1,2,0,2,8,19,1,,3,142e2,-1,E,2,2,0,1,7,47,1,, -1,1,0,1,80,26,1,2,17,17357,1,2,0,3,D142e2,45.394804,-0.293498,8,2,2
202100038742,132Â 370,A01,1,1,1,0,1,0,-1,-1, -1,-1,2021,28.0,3,2,8,0,8,0,1,,3,ROND POINT DE L'EUROPE,0,,1,2,0,1,0,0,2,, -1,2,0,3,50,22,5,5,77,77288,2,6,0,3,ROND POINT DE L'EUROPE,48.55241,2.64403,22,1,1
202100037973,133Â 786,B01,1,1,1,1,2,8,-1,-1, -1,-1,2021,26.0,1,1,0,2,7,2,1,,7,GIENS (ROUTE DE ),0,,2,2,0,1,5,200,1,, -1,1,0,1,50,27,5,1,83,83069,1,1,0,3,GIENS (ROUTE DE ),43.060132,6.147042,13,2,2
202100026036,155Â 143,A01,2,2,1,4,1,-1,-1,0,0,-1,2021,39.0,1,5,0,2,2,17,1,,2,24,0,,3,4,0,1,18,500,1,, -1,2,0,1,110,30,7,3,56,56165,1,1,1,2,N24,47.920872,-2.353113,21,3,2
202100025285,156Â 461,A01,1,1,2,9,1,0,-1,-1, -1,-1,2021,64.0,1,2,16,0,1,26,1,,1,A87N,0,,3,4,0,1,1,0,1,, -1,2,0,1,90,5,8,1,49,49246,2,1,0,6,A87N,47.43885,-0.51096,19,1,1
202100034709,139Â 683,A01,1,1,1,5,2,6,-1,0,0,-1,2021,47.0,2,1,14,0,1,0,1,,3,,-1,,2,2,1,1,(1),(1),1,,5,1,0,1,50,13,6,1,59,59126,2,1,0,6,rue de douai,50.312113,3.117549,20,1,1
202100043741,123Â 500,A01,1,1,1,0,8,0,-1,-1, -1,-1,2021,46.0,1,2,2,2,1,9,1,,4,COUR BOUCARD,0,,2,2,0,2,(1),(1),1,, -1,1,0,1,50,9,4,1,971,97101,1,3,0,3,DE BONNIER (ROUTE),16.26065,-61.48734,8,2,2
202100048192,115Â 613,A01,9,2,1,4,1,-1,-1,0,0,-1,2021,27.0,1,4,13,0,1,1,1,,3,11,-1,,2,2,0,2,1,200,3,, -1,2,0,3,80,13,3,1,10,10287,1,1,1,7,Route de BrÃ©vonnes,48.36269,4.352828,15,6,1
202100051996,108Â 766,A01,10,3,2,5,8,8,-1,3,3,1,2021,83.0,3,2,0,1,0,1,1,,4,KLEBER (RUE),0,,1,1,0,1,1,0,1,, -1,2,0,1,50,8,2,2,90,90010,2,1,0,7,KLEBER (RUE),47.6392382884,6.8560691178,17,2,1
202100054327,104Â 652,B01,1,1,2,1,1,8,-1,-1, -1,-1,2021,39.0,2,2,0,2,4,1,1,,3,ROUTE DEPARTEMENTALE 465,0,,3,4,0,1,0,900,1,, -1,1,0,1,70,19,1,1,56,56121,1,1,0,4,PÃ©nÃ©trante de Lorient D 465,47.76194,-3.38185,17,4,3
202100005553,191Â 875,B01,1,1,1,0,2,0,-1,-1, -1,-1,2021,46.0,1,1,0,2,1,2,5,,3,PAUL VAILLANT COUTURIER (BD),0,,1,0,0,1,1,0,1,, -1,1,0,1,50,30,11,5,94,94041,2,1,0,2,Bd Paul Vaillant Couturier,48.82008,2.39567,17,2,2
202100008874,185Â 878,A01,10,3,1,9,0,-1,-1,3,3,1,2021,18.0,1,2,0,1,3,1,1,,3,934,0,D,2,2,0,2,17,0,1,, -1,1,0,1,50,8,11,2,59,59194,2,2,0,6,35 Rue Victorien Cantineau,50.192225,3.639146,17,2,1
202100030504,147Â 241,A01,1,1,2,5,1,8,-1,-1, -1,-1,2021,63.0,2,2,0,2,1,2,1,,1,A51-Sens Aix en Provence vers Marseille,0,,1,3,0,1,2,0,1,, -1,1,0,1,90,5,7,1,13,13071,1,1,0,2,A51-Sens Aix en Provence vers Marseille,43.41057,5.36389,19,3,3
202100004815,193Â 176,B01,1,1,2,9,8,0,-1,0,0,-1,2021,58.0,1,1,0,2,8,15,0,,4,AVENUE DAUMESNIL,0,,2,2,0,1,(1),(1),1,, -1,2,0,1,30,4,12,1,75,75112,2,3,0,3,AVENUE DAUMESNIL,48.839951,2.432149,15,2,2
202100032943,142Â 871,A01,1,1,1,0,2,6,-1,-1, -1,-1,2021,29.0,1,1,0,2,5,1,1,,3,1,0,,2,2,0,1,0,0,1,, -1,1,0,1,50,18,6,2,92,92024,2,3,0,3,CLICHY (QUAI DE) DE (8 A 60),48.9068881811,2.2965824604,21,2,2
202100015255,174Â 443,A01,10,3,2,2,0,-1,-1,2,3,1,2021,11.0,1,2,0,1,1,1,1,,3,172,0,D,2,2,0,2,10,250,1,, -1,2,0,1,-1,4,10,1,74,74098,2,1,1,6,Route de Burgaz,45.978333,6.121525,16,2,1
202100013797,177Â 037,A01,1,1,1,0,2,6,-1,-1, -1,-1,2021,31.0,2,1,0,2,2,3,1,,1,AUTOROUTE A86,0,,1,3,0,1,20,299,1,, -1,1,1,1,90,12,10,2,93,93008,1,1,0,3,AUTOROUTE A86,48.91462,2.43415,7,2,2
202100021964,162Â 368,A01,1,1,1,5,2,-1,-1,0,0,-1,2021,39.0,2,1,0,2,3,13,5,,3,89,0,T,2,2,0,2,2,600,3,, -1,1,0,1,80,29,8,1,5,5027,1,1,0,3,Route Departementale 89 t,44.877616,6.739211,15,2,2
202100042497,125Â 659,A01,2,2,2,5,2,6,-1,0,0,-1,2021,32.0,2,1,1,2,9,17,1,,4,AVENUE KLEBER,0,,2,2,0,1,(1),(1),1,, -1,1,0,1,50,25,4,1,75,75116,2,1,0,3,AVENUE KLEBER,48.870746,2.292858,16,3,2
202100039140,131Â 663,A01,1,1,2,9,8,0,-1,0,0,-1,2021,43.0,1,1,0,2,6,15,5,,4,RUE D AVRON,0,,2,2,0,1,(1),(1),1,, -1,1,0,1,50,20,5,2,75,75120,2,2,0,2,RUE D AVRON,48.852703,2.406109,21,2,2
202100032854,143Â 043,A01,1,1,2,0,2,0,-1,-1, -1,-1,2021,22.0,1,1,0,2,1,1,1,,3,PASSICOT JEAN MARTIN (BD DU COMMANDANT),0,,2,3,0,1,26,299,1,, -1,1,0,1,50,22,6,1,64,64483,2,1,0,2,PASSICOT JEAN MARTIN (BD DU COMMANDANT),43.38694,-1.65799,11,2,2
202100037825,134Â 043,B01,1,1,1,0,2,0,-1,-1, -1,-1,2021,41.0,1,1,0,2,1,21,1,,4,CHEMIN DE LA BRANDE,0,,2,2,0,1,(1),(1),2,, -1,1,0,1,70,27,5,1,3,3101,1,1,0,1,CHEMIN DE LA BRANDE,46.33843,2.5349,18,2,2
202100036910,135Â 724,A01,10,3,1,5,0,-1,-1,3,3,1,2021,79.0,2,2,0,1,1,1,1,,3,d20,-1,,3,2,0,1,(1),(1),1,, -1,1,9,1,-1,2,6,1,53,53062,2,1,0,6,41 Rue Garnier,47.823147,-0.707447,12,2,1
202100031933,144Â 664,A01,1,1,2,5,2,6,-1,0,0,-1,2021,21.0,1,1,0,2,7,17,1,,3,952,-1,,2,2,0,2,47,590,1,, -1,1,0,1,80,27,6,1,4,4135,1,1,0,3,RD 952,43.848363,6.199079,19,6,2
202100015401,174Â 175,A01,2,2,2,5,1,-1,-1,0,0,-1,2021,72.0,1,2,0,2,1,19,1,,3,15,-1,,2,2,0,1,33,432,1,, -1,2,0,1,80,3,10,1,43,43051,1,2,1,3,grangeneuve,45.02871,4.290397,15,3,2
202100015530,173Â 928,B01,1,1,1,0,2,8,-1,-1, -1,-1,2021,21.0,2,1,0,2,7,1,1,,4,KENNEDY (BD JOHN-FITZGERALD),0,,3,4,0,1,0,0,1,, -1,1,0,1,50,29,9,1,66,66136,2,1,1,3,KENNEDY (BD JOHN-FITZGERALD),42.69012,2.90219,14,2,2
202100019065,167Â 563,A01,10,3,2,0,0,-1,-1,5,9,1,2021,81.0,1,2,0,1,4,20,1,,3,,-1,,2,2,0,1,11,326,1,,5,1,0,4,50,9,9,1,85,85246,2,1,0,6,Rue Sainte-Agathe,46.72109,-1.181052,12,2,1
202100039273,131Â 401,B01,1,1,1,1,0,-1,-1,-1, -1,-1,2021,38.0,2,1,0,2,1,1,0,,4,TOLSTOI    (Cours),0,,2,3,3,1,(1),(1),1,, -1,1,0,1,50,4,5,1,69,69266,2,4,0,3,TOLSTOI (CR),45.76137,4.88333,20,2,2
202100046334,118Â 950,B01,1,1,1,0,2,6,-1,-1, -1,-1,2021,28.0,1,1,0,2,1,1,1,,4,ST CYR (DE)                         (R ),0,,2,3,0,1,(1),(1),1,, -1,1,0,1,50,24,2,5,69,69389,2,1,0,3,SAINT CYR (DE) (R),45.78232,4.80717,19,2,2
202100043273,124Â 315,B01,1,1,1,2,2,6,-1,0,0,-1,2021,16.0,1,1,0,2,8,1,1,,2,116,0,,2,2,0,1,27,600,1,, -1,1,0,1,80,21,4,1,66,66023,1,1,0,3,Borne d'appel d'urgence,42.651708,2.575275,17,2,2
202100038392,133Â 011,A01,1,1,1,1,8,0,-1,0,0,-1,2021,41.0,2,1,0,1,1,1,5,,4,RUE PELLEPORT,0,,1,2,1,2,(1),(1),1,, -1,1,0,1,50,25,5,1,75,75120,2,2,0,6,RUE PELLEPORT,48.864685,2.404147,13,2,1
202100034931,139Â 270,A01,10,3,1,0,0,-1,-1,2,3,2,2021,11.0,1,2,0,1,1,1,1,,4,MONT BLANC (DU)                     (AV),0,,2,2,0,1,(1),(1),1,, -1,1,0,1,50,11,6,1,69,69286,2,1,0,6,MONT BLANC (DU) (AV),45.81289,4.89332,13,2,1
202100054114,105Â 020,B01,1,1,1,0,2,8,-1,-1, -1,-1,2021,71.0,2,1,0,2,1,1,1,,4,ARDOUIN (AV),0,,-1,1,0,1,1,0,2,, -1,2,5,1,50,22,1,1,94,94059,2,6,0,1,ARDOUIN (AV),48.812575,2.56957,11,2,2
202100000214,201Â 356,B01,1,1,2,5,2,6,-1,0,0,-1,2021,18.0,1,1,0,2,1,2,1,,3,25,0,D,2,2,0,1,4,1,1,, -1,1,0,1,80,9,9,3,29,29245,1,1,0,2,D25 - Pen Ar Forest Huella,48.459995,-4.355081,20,2,2
202100000666,200Â 525,A01,2,2,2,5,1,-1,-1,0,0,-1,2021,22.0,1,5,0,2,1,13,1,,2,01,-1,,2,2,0,1,(1),(1),3,, -1,2,0,1,110,28,12,1,988,98803,1,1,1,5,RT1 - Nekou,-21.54361,165.4676,12,5,3
202100001461,199Â 174,Y01,10,3,1,1,0,0,0,2,3,1,2021,76.0,3,1,0,1,1,26,1,,4,PILE (RUE DU),0,,2,2,0,1,(1),(1),1,, -1,2,5,1,50,23,12,2,59,59512,2,7,1,6,PILE (RUE DU),50.689298685,3.1970214844,16,2,1
202100003346,195Â 782,A01,1,1,2,9,1,-1,-1,0,0,-1,2021,67.0,1,2,5,0,9,1,1,,3,8,0,,2,2,0,1,29,980,1,, -1,1,0,3,80,12,12,1,42,42239,1,1,0,6,Route de Saint Polgues,45.9708809025,3.9703202248,13,1,1
202100001100,199Â 801,A01,1,1,2,5,0,-1,-1,0,0,-1,2021,71.0,0,1,0,0,1,21,5,,3,,-1,,1,2,0,1,(1),(1),1,,4,2,0,1,30,29,12,1,80,80368,2,1,1,7,32 Rue Henri Barbusse,50.088556,1.547179,11,1,1
202100036535,136Â 408,B01,1,1,1,5,0,-1,-1,0,0,-1,2021,29.0,2,2,0,0,2,1,1,,2,3,0,,2,2,0,1,61,425,2,, -1,1,0,3,50,5,6,1,988,98808,1,1,0,7,Ãcole de Wani,-21.318899,165.572955,7,2,1
202100034226,140Â 566,A01,10,3,2,3,0,-1,-1,1,1,1,2021,78.0,3,5,0,1,4,26,1,,4,ORVES (RUE),0,,1,-1,0,1,0,0,1,, -1,1,6,1,50,15,6,1,83,83137,2,1,0,6,ORVES (RUE),43.11211,5.94046,10,2,1
202100044990,121Â 311,B01,1,1,2,5,1,8,-1,-1, -1,-1,2021,24.0,1,2,0,2,2,19,1,,3,LOUIS ROCHE (AVENUE) (153/203),0,,2,2,0,1,0,0,1,, -1,1,0,1,50,5,4,1,92,92036,2,2,0,3,LOUIS ROCHE (AVENUE) (153/203),48.92335694,2.3213258386,18,2,2
202100042483,125Â 684,A01,10,3,1,5,0,-1,-1,3,9,2,2021,13.0,1,2,0,1,3,1,1,,4,JUIN 18  RUE,0,,2,2,3,1,(1),(1),1,, -1,1,9,1,30,26,4,1,17,17291,2,9,0,6,JUIN 18  RUE,46.17627,-1.11335,17,2,1
202100015637,173Â 721,A01,10,3,2,1,0,-1,-1,3,3,1,2021,28.0,1,2,0,1,3,15,2,,4,RUE TORRICELLI,0,,1,1,0,1,(1),(1),1,, -1,2,0,1,30,2,10,1,75,75117,2,2,1,6,RUE TORRICELLI,48.880916,2.292124,14,2,1
202100055348,102Â 903,B01,1,1,1,9,2,6,-1,0,0,-1,2021,29.0,1,1,0,2,8,17,1,,4,BOULEVARD ORNANO,0,,2,4,0,1,(1),(1),1,, -1,1,0,1,50,11,1,1,75,75118,2,2,0,3,BOULEVARD ORNANO,48.897529,2.344685,16,2,2
202100039346,131Â 271,A01,1,1,1,5,2,5,6,0,0,-1,2021,40.0,2,1,0,2,1,1,1,,2,20,0,,2,2,0,2,65,400,4,, -1,1,0,1,80,20,5,1,202,202341,1,3,0,3,Pont du Vecchio,42.194363,9.168198,19,2,2
202100017604,170Â 155,A01,1,1,1,1,1,5,-1,-1, -1,-1,2021,48.0,1,2,1,2,1,23,1,,2,RN3 (3),0,,2,2,0,2,(1),(1),1,, -1,1,0,1,110,21,9,3,974,97416,1,1,0,2,RN3 (3),-21.3102,55.49715,18,6,2
202100045342,120Â 692,B01,1,1,1,5,1,0,-1,-1, -1,-1,2021,60.0,1,2,0,2,3,1,1,,3,SAINT-FRANCOIS (BOULEVARD),0,,2,2,0,2,1,380,3,, -1,2,0,1,50,31,3,1,974,97411,2,1,0,1,Boulevard de Saint FranÃ§ois,-20.90011,55.46373,16,2,2
202100006297,190Â 539,A01,1,1,1,1,8,0,-1,0,0,-1,2021,39.0,2,1,0,1,1,1,5,,4,RUE DE MONCEAU,0,,1,2,1,1,(1),(1),1,, -1,1,0,1,30,25,11,1,75,75108,2,2,0,6,RUE DE MONCEAU,48.87943,2.314282,9,2,1
202100027100,153Â 272,A01,10,3,2,5,0,-1,-1,4,3,1,2021,71.0,2,5,0,1,2,1,1,,2,1,-1,,2,1,0,2,43,0,1,,3,1,0,1,50,24,7,5,972,97214,2,1,0,6,N1,14.831642,-61.045521,19,2,1
202100023261,160Â 037,B01,1,1,1,4,8,0,-1,-1, -1,-1,2021,28.0,1,0,0,2,8,13,3,,4,REPUBLIQUE (AVENUE DE LA),0,,2,2,0,2,(1),(1),1,, -1,1,0,1,50,19,8,1,76,76217,2,1,0,3,REPUBLIQUE (AVENUE DE LA),49.92493,1.10237,12,2,2
202100023255,160Â 046,A01,1,1,2,0,2,0,-1,-1, -1,-1,2021,40.0,3,1,0,2,9,1,1,,4,BARTHELASSE(Chemin de la ),0,,2,1,0,1,0,9,1,, -1,1,0,1,50,31,5,1,84,84007,2,1,0,2,BARTHELASSE(Chemin de la ),43.957065,4.802818,15,2,2
202100031860,144Â 809,A01,10,3,1,5,0,-1,-1,2,3,2,2021,8.0,1,2,0,1,1,26,1,,4,TORPILLEUR SIROCCO (RUE DU),0,,1,1,0,1,(1),(1),1,, -1,1,0,1,50,27,6,1,63,63113,2,1,0,6,TORPILLEUR SIROCCO (RUE DU),45.81357,3.10618,18,2,1
202100015975,173Â 113,A01,1,1,1,0,1,-1,-1,0,0,-1,2021,63.0,1,5,0,2,3,19,1,,3,929,0,D,2,2,0,1,23,500,1,, -1,2,0,1,80,1,10,1,80,80016,1,1,1,3,DÃ©partementale 929,49.992319,2.617021,14,3,2
202100028716,150Â 391,A01,1,1,1,5,2,-1,-1,0,0,-1,2021,19.0,1,1,1,0,1,1,1,,4,,-1,,2,2,0,1,(1),(1),1,,4,1,0,1,50,10,7,1,17,17094,2,1,0,6,51 Rue Bir Hakeim Foch,46.074619,-1.085436,17,1,1
202100009942,183Â 923,A01,1,1,1,0,1,-1,-1,0,0,-1,2021,23.0,1,2,4,0,3,1,1,,1,8,-1,,3,4,0,1,104,500,1,, -1,1,0,1,130,2,11,1,83,83148,1,1,0,6,Autoroute A8,43.407916,6.416016,15,2,1
202100051937,108Â 870,A01,10,3,1,0,0,-1,-1,3,3,1,2021,34.0,2,2,0,1,2,1,1,,3,FRANCE ANATOLE (BOULEVARD) NR 2 A 24,0,,2,4,1,2,0,1,1,, -1,1,0,1,50,8,2,1,93,93066,2,1,0,6,FRANCE ANATOLE (BOULEVARD) NR 2 A 24,48.9295825308,2.3554795682,15,2,1
202100040011,130Â 075,A01,1,1,1,5,1,-1,-1,0,0,-1,2021,68.0,2,2,0,2,3,13,1,,3,123,-1,,2,2,0,1,9,200,3,, -1,1,0,1,80,14,5,1,17,17036,1,1,0,3,RD123,45.85469,-0.9798,17,3,2
202100022067,162Â 184,A01,1,1,1,0,2,6,-1,-1, -1,-1,2021,16.0,2,1,0,2,1,16,1,,4,CHANZY (GENERAL),0,,2,2,0,1,0,0,1,, -1,1,0,1,50,19,8,1,76,76217,2,6,0,1,CURIE (RUE PIERRE),49.91761,1.07727,16,2,2
202100033924,141Â 123,B01,1,1,2,5,0,-1,-1,0,0,-1,2021,72.0,3,1,0,2,3,2,5,,4,,-1,,2,2,0,1,(1),(1),3,,4,1,5,1,50,17,6,1,56,56186,2,6,0,3,Rue du Roch Priol,47.482343,-3.106105,17,2,2
202100026574,154Â 202,A01,1,1,1,5,2,-1,-1,0,0,-1,2021,15.0,3,1,0,2,1,0,1,,3,,-1,,2,2,0,2,(1),(1),1,, -1,1,0,1,50,29,7,1,28,28015,2,1,0,1,Chemin d'equillemont,48.472587,1.767018,13,2,2
202100003076,196Â 263,A01,1,1,1,4,1,0,-1,-1, -1,-1,2021,60.0,1,5,13,0,9,1,1,,3,RD941 (OUEST),0,,3,4,0,1,41,900,1,, -1,7,0,1,110,11,12,1,87,87201,1,1,0,6,RD941 (OUEST),45.84606,1.17282,8,2,1
202100047477,116Â 901,B01,1,1,1,1,1,0,-1,-1, -1,-1,2021,50.0,2,2,0,2,3,1,1,,3,120,0,,2,3,3,1,0,0,1,, -1,1,0,1,50,18,3,5,91,91377,2,1,0,1,AV DU M DE LATTRE DE TASSIGNY,48.7164,2.2962,6,2,2
202100031756,144Â 996,B01,1,1,1,0,2,0,-1,-1, -1,-1,2021,23.0,3,1,0,2,1,21,1,,3,GIRARDOT RUE,0,,2,0,0,2,0,0,1,, -1,1,0,1,30,28,6,1,93,93006,2,3,0,3,GIRARDOT RUE,48.87474,2.425399,14,2,2
202100040464,129Â 279,A01,1,1,1,5,2,6,-1,-1, -1,-1,2021,36.0,2,1,0,2,1,17,1,,7,INDUSTRIEL. BOULEVARD (CD 18E),0,,3,4,0,1,2,770,1,, -1,1,0,1,90,10,5,1,76,76681,1,1,0,5,INDUSTRIEL. BOULEVARD (CD 18E),49.41374,1.10753,15,3,3
202100015163,174Â 607,A01,1,1,1,1,2,6,-1,0,0,-1,2021,49.0,1,1,0,2,7,1,1,,7,9,-1,,2,2,0,2,(1),(1),1,,5,1,0,1,80,30,9,2,84,84089,1,2,0,3,Route de la Bonde,43.727321,5.508716,20,2,2
202100043425,124Â 040,A01,10,3,2,3,0,-1,-1,3,3,2,2021,77.0,3,2,0,1,1,16,1,,4,RAVEL (RUE MAURICE),0,,2,2,0,1,(1),(1),1,, -1,1,0,1,50,20,3,1,78,78073,2,2,0,6,RAVEL (RUE MAURICE),48.800917,2.026055,15,2,1
202100048332,115Â 361,A01,1,1,1,5,2,6,-1,0,0,-1,2021,41.0,0,1,0,2,2,1,1,,4,,-1,,1,2,0,1,(1),(1),1,, -1,1,0,1,50,12,3,1,36,36088,2,1,0,2,Rue Haute Saint-paterne,46.943429,1.989622,12,2,2
202100019873,166Â 118,B01,1,1,1,1,2,6,-1,-1, -1,-1,2021,31.0,3,1,0,2,1,2,1,,4,DASSAULT (AVE MARCEL),0,,3,2,0,1,(1),(1),1,, -1,1,0,1,50,9,9,1,33,33281,2,1,0,3,Avenue Marcel Dassault,44.84839,-0.68254,17,2,2
202100039062,131Â 811,B01,1,1,2,0,2,8,-1,-1, -1,-1,2021,22.0,2,1,0,4,1,19,5,,4,FELIX FAURE                         (AV),0,,2,3,3,1,(1),(1),1,, -1,1,9,1,50,20,5,1,69,69383,2,2,0,3,FELIX FAURE                         (AV),45.75409,4.86361,14,2,2
202100027361,152Â 812,A01,10,3,2,5,0,-1,-1,3,3,1,2021,34.0,2,2,0,1,2,1,1,,4,VERN (DE),0,,2,2,3,1,(1),(1),1,, -1,1,0,1,50,23,7,1,35,35238,2,1,0,6,VERN (DE),48.1,-1.65793,8,2,1
202100055381,102Â 852,A01,1,1,1,5,2,8,-1,-1, -1,-1,2021,25.0,1,1,0,2,6,12,3,,4,JEAN JAURES (BOULEVARD) 2/68 - COTE PAIR,0,,1,2,0,1,0,0,1,, -1,2,0,1,50,12,1,1,92,92012,2,1,1,2,JEAN JAURES (BOULEVARD) 2/68 - COTE PAIR,48.84536,2.23712,15,2,2