Num_Acc,id_vehicule,num_veh,place,catu,sexe,trajet,secu1,secu2,secu3,locp,actp,etatp,year_acc,victim_age,senc,catv,obs,obsm,choc,manv,motor,occutc,catr,voie,v1,v2,circ,nbv,vosp,prof,pr,pr1,plan,lartpc,larrout,surf,infra,situ,vma,jour,mois,lum,dep,com,agg_,int,atm,col,adr,lat,long,hour,nb_victim,nb_vehicules
202100043229,124Â 386,A01,1,1,1,5,2,6,-1,0,0,-1,2021,20.0,1,6,13,0,2,1,1,,3,,0,,-1,1,0,2,27,300,3,, -1,9,0,8,-1,22,4,1,14,14061,1,1,0,6,Le Petit Chateau,48.932266,-0.84563,17,1,1
202100039292,131Â 368,A01,1,1,1,0,8,-1,-1,-1, -1,-1,2021,36.0,1,1,0,2,2,15,1,,4,RUE DU POUQUEYRAS,0,,2,2,0,1,(1),(1),3,, -1,2,0,1,50,18,5,1,33,33013,2,4,1,1,Rue du Pouqueyras,44.85875,-0.48112,12,2,2
202100055393,102Â 832,B01,1,1,1,1,2,6,-1,0,0,-1,2021,20.0,1,1,0,2,8,1,1,,3,61,0,D,2,2,0,4,10,400,1,, -1,1,0,1,80,13,1,1,31,31049,1,2,0,3,Route de Castelnau,43.725342,1.513992,16,2,2
202100020675,164Â 677,A01,2,1,1,0,2,8,-1,-1, -1,-1,2021,27.0,2,1,0,2,1,2,1,,3,RD 41 (ROCADE),0,,3,4,0,1,(1),(1),1,, -1,1,0,1,50,4,9,1,972,97209,1,1,0,2,RD 41 (ROCADE),14.61656,-61.05876,11,4,2
202100013826,176Â 981,B01,4,2,1,9,1,0,-1,-1, -1,-1,2021,20.0,0,2,0,2,4,1,1,,3,GREAT EASTERN (AVENUE),0,,2,2,0,1,(1),(1),1,, -1,1,0,1,80,9,10,1,80,80489,1,1,0,2,GREAT EASTERN (AVENUE),49.8681,2.37695,16,5,2
202100029999,148Â 171,A01,1,1,1,0,2,-1,-1,0,0,-1,2021,25.0,2,1,0,2,1,2,1,,3,D911,0,,2,2,0,2,5,340,1,, -1,1,0,1,90,5,7,1,12,12145,1,3,0,3,D911,44.13041,3.04454,11,4,2
202100032572,143Â 547,A01,1,1,1,1,1,-1,-1,0,0,-1,2021,48.0,1,5,0,2,3,5,1,,2,330,-1,,2,2,0,1,17,100,1,, -1,1,0,1,80,16,6,1,60,60421,1,1,0,1,,49.184677,2.641096,18,2,2
202100019547,166Â 692,A01,1,1,2,5,1,-1,-1,0,0,-1,2021,27.0,1,2,0,0,1,2,0,,3,781,0,O,2,2,0,1,7,400,1,, -1,1,0,1,80,8,9,1,56,56094,1,1,0,2,Lieu Dit Kergatamignan,47.743654,-3.299824,19,2,2
202100016980,171Â 268,B01,1,1,1,1,1,0,-1,-1, -1,-1,2021,51.0,1,2,0,2,7,19,1,,4,PARIS (BOULEVARD DE),0,,1,3,3,2,0,0,1,, -1,1,0,1,50,25,9,1,13,13202,2,2,0,3,PARIS (BOULEVARD DE),43.30623,5.37229,10,2,2
202100014940,175Â 007,A01,10,3,1,5,0,-1,-1,4,3,1,2021,58.0,2,5,0,1,1,15,1,,3,MONTTESSUY (RUE DE),0,,2,4,0,1,0,0,1,, -1,1,0,1,50,15,2,1,91,91326,2,2,0,6,MONTTESSUY (RUE DE),48.68885,2.385,15,2,1
202100036794,135Â 938,B01,1,1,2,1,2,-1,-1,-1, -1,-1,2021,24.0,1,1,0,2,1,1,3,,3,VASNIER (BOULEVARD HENRI) COTE PAIR,0,,3,4,2,2,20,400,2,, -1,1,0,5,50,2,6,1,51,51454,2,3,1,3,Boulevard Henry Vasnier,49.2408,4.05288,10,2,2
202100048469,115Â 125,A01,1,1,1,9,1,-1,-1,0,0,-1,2021,21.0,2,2,1,0,8,26,1,,9,,-1,,2,2,0,1,(1),(1),1,, -1,1,0,1,50,11,3,1,80,80410,2,1,1,6,Rue du Marais,49.747469,3.060883,17,1,1
202100035435,138Â 375,A01,1,1,1,0,2,6,-1,-1, -1,-1,2021,23.0,1,1,0,2,0,3,1,,1,AUTOROUTE A1,0,,3,9,0,1,8,199,2,, -1,1,0,1,110,10,6,1,93,93013,1,1,0,2,AUTOROUTE A1,48.94084,2.42616,18,2,2
202100015319,174Â 321,A01,1,1,2,0,8,0,-1,-1, -1,-1,2021,23.0,2,2,0,2,3,13,1,,3,VERCORS (CHEMIN DU),0,,2,2,0,2,0,260,3,, -1,1,0,1,50,3,10,2,73,73065,2,1,0,1,D12 VERCORS (CHEMIN DU),45.56026,5.93432,7,2,2
202100034727,139Â 639,A01,1,1,1,5,1,-1,-1,-1,0,-1,2021,28.0,2,2,4,0,9,14,1,,2,RN 104,0,,3,4,0,1,11,199,1,, -1,1,0,1,110,13,6,1,95,95028,1,1,0,6,RN 104,49.06451,2.36913,7,3,1
202100049842,112Â 649,A01,2,2,2,5,1,4,-1,-1, -1,-1,2021,28.0,1,2,4,0,1,1,1,,2,RN 118,0,,3,4,0,2,3,700,2,, -1,1,0,1,90,28,2,1,91,91064,1,1,0,6,RN 118,48.750218,2.203664,11,2,1
202100047242,117Â 314,B01,2,2,2,5,1,8,-1,-1, -1,-1,2021,60.0,3,2,0,2,8,0,1,,3,,0,,2,2,0,1,8,330,1,, -1,1,0,1,50,20,3,1,1,1053,2,2,0,3,STAND ( RUE DU ),46.19192,5.23219,12,5,2
202100048049,115Â 857,B01,2,2,1,9,1,0,-1,-1, -1,-1,2021,67.0,2,2,7,0,4,2,1,,4,PONT BLANC.CHARLES TILLON (RUE) =>72,0,,2,2,0,1,0,0,1,, -1,1,0,1,50,14,3,1,93,93001,2,1,0,2,PONT BLANC.CHARLES TILLON (RUE) =>72,48.9156367127,2.3925400993,9,3,2
202100048654,114Â 788,A01,10,3,2,2,0,-1,-1,5,1,1,2021,17.0,3,3,1,1,5,16,1,1.0,4,NANTES (AVENUE DE),0,,3,2,0,2,(1),(1),1,, -1,1,0,4,50,8,3,1,86,86194,2,1,0,6,Avenue de Nantes,46.583748,0.330224,18,2,1
202100014773,175Â 308,A01,1,1,1,5,8,0,-1,-1, -1,-1,2021,19.0,1,1,0,2,4,9,5,,4,DUSSOUBS (PLACE DENIS),0,,1,1,0,1,0,0,1,, -1,2,0,1,50,5,10,1,87,87085,2,2,1,3,DUSSOUBS (PLACE DENIS),45.83296,1.2558,19,2,2
202100006132,190Â 846,A01,1,1,1,0,2,-1,-1,0,0,-1,2021,28.0,3,1,0,9,1,0,1,,4,1,0,N,2,2,0,1,(1),(1),1,,7,9,2,1,50,25,11,3,972,97214,2,1,0,6,Route du Stade,14.834787,-61.0607,21,1,1
202100035754,137Â 798,A01,1,1,1,5,2,6,-1,0,0,-1,2021,19.0,1,1,0,2,1,2,1,,4,AVENUE KLEBER,0,,2,2,0,1,(1),(1),1,, -1,1,0,1,50,7,6,1,75,75116,2,1,0,2,AVENUE KLEBER,48.864391,2.288236,14,3,2
202100015664,173Â 668,A01,1,1,1,0,8,0,-1,-1, -1,-1,2021,23.0,1,2,0,2,3,21,1,,3,13,0,,2,1,0,1,1,0,1,, -1,2,5,1,50,2,10,1,92,92025,2,2,0,3,GENERAL LECLERC (PLACE DU),48.922916,2.252656,12,3,2
202100002514,197Â 282,A01,1,1,1,5,2,6,-1,0,0,-1,2021,54.0,1,1,0,0,0,0,1,,3,130,0,,2,2,0,1,14,800,1,, -1,7,0,3,80,19,12,3,38,38093,1,1,0,7,D130 route du tramwai,45.322922,5.23424,3,1,1
202100029445,149Â 149,B01,2,2,1,5,1,0,-1,0,0,-1,2021,19.0,1,2,0,2,1,15,3,,4,PLACE DE LA CONCORDE,0,,2,3,0,1,(1),(1),1,, -1,1,0,1,50,11,7,1,75,75108,2,7,0,3,PLACE DE LA CONCORDE,48.864378,2.320212,12,3,2
202100050502,111Â 428,A01,10,3,1,9,8,8,-1,2,3,2,2021,22.0,2,1,0,1,1,18,1,,3,SALENGRO ROGER (RUE),0,,1,2,1,1,0,0,1,, -1,1,0,1,50,23,2,1,92,92019,2,1,0,6,SALENGRO ROGER (RUE),48.7722763902,2.2752709687,13,2,1
202100055709,102Â 284,B01,1,1,1,0,2,-1,-1,0,0,-1,2021,15.0,1,1,0,2,1,26,1,,3,36,0,C,2,2,0,1,(1),(1),1,, -1,1,0,1,50,9,1,2,38,38408,1,2,0,3,Route du Stade,45.584104,4.998747,17,2,2
202100000135,201Â 509,A01,1,1,1,5,8,0,-1,-1, -1,-1,2021,45.0,3,6,2,0,1,13,1,,4,CANADIENS ( Rue des ),0,,2,2,0,1,(1),(1),1,, -1,1,0,4,50,30,1,1,62,62667,2,1,0,6,CANADIENS ( Rue des ),50.71536,1.58469,15,1,1
202100013002,178Â 503,A01,1,1,1,1,2,6,-1,0,0,-1,2021,31.0,1,1,0,2,6,15,1,,3,350,-1,,2,2,0,1,2,500,1,, -1,1,0,1,80,12,10,1,59,59215,1,3,0,3,D350,50.355962,3.605018,13,2,2
202100016287,172Â 521,A01,9,2,2,2,3,-1,-1,0,0,-1,2021,8.0,1,2,0,2,3,13,1,,3,158,-1,D,2,2,0,1,3,500,1,, -1,1,0,1,50,30,9,1,39,39327,2,1,1,1,,46.663339,5.515963,8,4,2
202100044129,122Â 795,A01,10,3,2,3,0,-1,-1,3,3,1,2021,34.0,3,3,0,1,3,1,0,,9,RUE DE MAISON ROUGE,0,,2,2,3,1,1,0,1,, -1,1,4,6,140,9,4,1,77,77215,2,8,0,6,RUE DE MAISON ROUGE,48.736422,2.732769,15,2,1
202100043697,123Â 577,A01,1,1,1,5,0,-1,-1,0,0,-1,2021,28.0,1,2,13,0,0,14,1,,3,42,0,D,2,2,0,1,9,150,1,, -1,1,0,3,90,18,4,1,48,48018,1,1,0,6,D42,44.521869,3.420278,11,1,1
202100028873,150Â 111,Y01,1,1,2,0,0,-1,-1,-1, -1,-1,2021,10.0,1,1,0,0,0,0,5,,4,OFFENBACH (RUE JACQUES),0,,1,1,0,1,1,0,1,, -1,1,0,1,50,15,7,1,93,93064,2,1,0,1,OFFENBACH (RUE JACQUES),48.884241,2.481339,20,2,2
202100048460,115Â 139,A01,1,1,1,0,2,-1,-1,0,0,-1,2021,66.0,1,1,0,2,2,2,1,,3,126,-1,,2,2,0,1,4,2,1,, -1,1,0,1,80,11,3,1,40,40133,1,1,0,2,Route du Lac d'Yrieux,43.581887,-1.430862,15,2,2
202100013360,177Â 867,B01,1,1,1,2,2,-1,-1,-1, -1,-1,2021,37.0,2,1,0,2,1,2,1,,1,AUTOROUTE A 63,0,,3,4,0,1,6,46,1,, -1,1,0,1,90,14,10,1,33,33122,1,1,0,6,AUTOROUTE A 63,44.754907,-0.687886,8,2,2
202100000184,201Â 413,A01,1,1,1,5,1,-1,-1,0,0,-1,2021,20.0,1,2,2,0,3,1,1,,3,974,-1,,2,3,0,2,18,200,1,, -1,1,0,3,50,22,9,5,21,21606,2,1,0,6,D974,47.070027,4.873091,0,1,1
202100025677,155Â 784,A01,2,2,1,0,1,-1,-1,0,0,-1,2021,21.0,2,2,10,0,1,1,1,,7,19,0,,2,2,0,1,8,125,1,, -1,1,2,1,80,5,8,2,13,13051,1,1,0,1,D19,43.596253,5.099915,6,2,1
202100052378,108Â 090,B01,1,1,1,0,2,0,-1,-1, -1,-1,2021,20.0,1,1,0,2,1,7,0,,4,,0,,2,4,1,1,(1),(1),1,, -1,1,0,1,50,5,2,1,69,69387,2,1,0,3,JEAN JAURES (AV),45.7515068732,4.8456400037,16,2,2
202100024404,158Â 063,B01,1,1,2,0,1,-1,-1,0,0,-1,2021,24.0,1,2,0,2,1,1,1,,3,938,-1,D,2,2,0,1,61,800,1,, -1,1,0,1,90,14,8,1,60,60127,1,2,0,3,D938,49.59316,2.797608,19,2,2
202100048769,114Â 593,B01,1,1,1,4,1,0,-1,-1, -1,-1,2021,44.0,1,2,0,2,4,2,1,,1,A86.INT,0,,-1,3,0,1,30,700,1,, -1,1,1,1,90,9,3,1,94,94052,1,1,0,4,A86.INT,48.8452828589,2.4919975043,9,3,3
202100031514,145Â 429,A01,1,1,1,5,8,-1,-1,0,0,-1,2021,19.0,1,2,3,2,1,26,1,,3,579,-1,,2,2,0,1,7,500,2,, -1,1,2,1,70,2,7,1,7,7348,1,1,0,6,DÃ©partemenatle 579,44.542733,4.409637,6,2,2
202100038097,133Â 567,B01,1,1,1,5,9,-1,-1,0,0,-1,2021,68.0,2,1,0,2,6,1,5,,4,93,-1,,2,2,0,1,(1),(1),3,, -1,1,0,1,50,27,5,1,26,26183,2,3,0,3,890 Chemin du Canal,44.715717,5.097849,11,2,2
202100051579,109Â 498,C01,1,1,2,5,1,0,-1,0,0,-1,2021,50.0,1,2,0,2,4,1,1,,7,RD 674,0,,2,2,0,1,40,832,1,, -1,1,0,1,70,13,2,1,54,54184,1,1,0,4,RM 674,48.70606,6.242569,11,5,3
202100006659,189Â 884,A01,1,1,2,3,1,0,-1,-1, -1,-1,2021,81.0,0,2,0,2,1,13,1,,7,RIVAUD JEAN RUE,0,,2,2,0,2,34,975,1,, -1,2,0,1,50,22,11,5,42,42207,2,1,1,1,Rue Jean Rivaud,45.46428,4.49847,19,4,2
202100054267,104Â 754,A01,1,1,1,3,1,-1,-1,0,0,-1,2021,40.0,3,2,13,0,9,1,1,,4,,-1,,2,2,0,1,(1),(1),1,, -1,2,0,3,80,20,1,3,71,71462,1,1,0,7,route du cavalier,46.829972,5.037146,18,1,1
202100010169,183Â 524,A01,1,1,1,9,2,6,-1,0,0,-1,2021,53.0,1,1,0,2,2,1,1,,4,AVENUE RAYMOND POINCARE,0,,2,2,0,1,(1),(1),1,, -1,1,0,1,30,30,10,5,75,75116,2,3,0,3,AVENUE RAYMOND POINCARE,48.870873,2.285045,7,2,2
202100038280,133Â 221,A01,1,1,1,5,2,-1,-1,0,0,-1,2021,56.0,2,1,0,0,0,1,1,,1,1,-1,,1,3,0,1,182,500,1,, -1,1,0,1,130,27,5,1,62,62427,1,1,0,7,A1,50.39681,2.982445,12,1,1
202100029273,149Â 438,B01,2,2,1,5,1,-1,-1,-1,0,-1,2021,35.0,1,2,0,2,1,21,1,,3,NUNGESSER ET COLI,0,,2,4,0,1,11,800,1,, -1,2,3,1,70,12,7,1,95,95277,2,1,1,3,Rue Nungesser et Coli,48.97387,2.46103,8,3,2
202100051485,109Â 676,C01,1,1,2,0,1,-1,-1,0,0,-1,2021,27.0,2,2,0,2,2,1,1,,2,3,-1,,3,4,0,1,12,0,1,, -1,2,9,1,110,29,1,2,77,77196,1,1,1,4,N 3 PK 12,48.950225,2.759725,18,5,5
202100042542,125Â 584,B01,1,1,2,4,1,-1,-1,0,0,-1,2021,55.0,0,2,0,0,8,24,1,,6,,-1,,-1,-1,3,1,(1),(1),1,, -1,1,9,6,-1,26,4,1,53,53062,2,1,0,3,16 Boulevard Robert Buron,47.819283,-0.714661,18,2,2
202100040149,129Â 832,A01,1,1,1,1,8,0,-1,-1, -1,-1,2021,29.0,2,1,0,2,8,1,5,,4,RUBEN (AVENUE ERNEST),0,,1,2,0,2,0,0,1,, -1,2,0,1,50,11,5,1,87,87085,2,3,1,6,RUBEN (AVENUE ERNEST),45.82354,1.25115,7,1,1
202100036092,137Â 167,A01,1,1,1,5,2,6,-1,0,0,-1,2021,31.0,2,1,0,2,1,3,1,,4,BOULEVARD PERIPHERIQUE,0,,1,3,0,1,(1),(1),1,, -1,1,0,1,70,5,6,1,75,75115,2,4,0,3,BOULEVARD PERIPHERIQUE,48.83274,2.279637,17,4,2
202100014046,176Â 591,B01,1,1,1,5,1,-1,-1,0,0,-1,2021,62.0,2,2,0,2,8,1,1,,3,976,-1,,2,2,0,1,46,260,1,, -1,1,0,1,90,10,10,3,41,41229,1,1,1,1,D976,47.301741,1.351029,7,4,2
202100026894,153Â 633,B01,1,1,1,5,2,6,-1,0,0,-1,2021,41.0,2,1,0,2,1,1,1,,3,93,-1,,2,2,0,1,46,730,1,, -1,1,0,1,70,28,7,1,26,26299,1,3,0,1,693 Route de Die,44.763133,5.286409,15,2,2
202100040944,128Â 432,B01,1,1,1,5,8,0,-1,0,0,-1,2021,12.0,1,1,0,2,8,2,6,,4,CHENES (CHEMIN DES),0,,3,2,0,1,(1),(1),1,, -1,1,0,1,50,7,5,1,6,6069,2,1,0,3,CHENES (CHEMIN DES),43.6408,6.91717,16,2,2
202100053309,106Â 439,C01,1,1,1,0,1,0,-1,-1, -1,-1,2021,36.0,1,2,0,2,0,0,1,,1,AUTOROUTE A3,0,,3,8,0,1,7,599,1,, -1,2,0,1,90,29,1,1,93,93010,1,1,1,4,AUTOROUTE A3,48.90234,2.47084,17,3,3
202100005310,192Â 298,A01,1,1,2,5,2,0,-1,-1, -1,-1,2021,39.0,3,1,14,0,1,1,5,,4,PORTALIS (AVENUE JEAN),0,,2,0,3,1,(1),(1),1,, -1,1,9,6,30,1,12,1,37,37261,2,1,0,7,PORTALIS (AVENUE JEAN),47.3668685424,0.6841135025,16,1,1
202100011205,181Â 704,B01,1,1,1,0,2,6,-1,-1, -1,-1,2021,55.0,3,1,0,2,0,1,1,,7,NATIONALE RUE,0,,-1,4,0,1,(1),(1),1,, -1,1,0,1,50,24,10,1,59,59378,2,2,0,1,NATIONALE RUE,50.66691,3.07631,14,2,2
202100021678,162Â 884,B01,2,2,2,5,1,-1,-1,0,0,-1,2021,83.0,2,2,0,2,1,1,1,,3,62,-1,,2,2,0,1,7,400,1,, -1,1,0,1,50,23,8,1,57,57437,2,4,0,3,Rue de Metrich,49.422231,6.296443,15,4,2
202100007396,188Â 537,A01,1,1,2,5,1,-1,-1,0,0,-1,2021,25.0,1,2,0,0,4,23,1,,3,562,0,,2,2,0,2,2,400,1,, -1,1,0,1,50,19,11,1,14,14174,2,1,0,2,D562,48.853301,-0.54561,8,2,2
202100003802,194Â 960,A01,1,1,2,0,1,0,-1,-1, -1,-1,2021,52.0,2,2,0,2,4,1,1,,1,A50-Sens Aubagne vers Marseille,0,,3,3,0,1,12,100,1,, -1,2,0,1,90,9,12,2,13,13005,1,1,0,4,A50-Sens Aubagne vers Marseille,43.28685,5.53769,16,6,4
202100009656,184Â 447,A01,10,3,1,5,0,-1,-1,3,3,2,2021,7.0,2,1,0,1,0,2,1,,3,933,0,,3,2,0,1,0,302,1,, -1,2,9,8,50,4,11,1,1,1194,2,1,1,6,Rue du Beaujolais,45.985425,4.753497,16,3,1
202100032979,142Â 806,A01,1,1,1,0,1,0,-1,-1, -1,-1,2021,31.0,1,2,0,2,4,0,1,,1,A50-Sens Marseille vers Aubagne,0,,1,3,0,1,5,0,1,, -1,1,0,1,90,22,6,1,13,13211,1,1,0,2,A50-Sens Marseille vers Aubagne,43.2888973927,5.4443467416,15,2,2
202100048544,114Â 980,A01,1,1,1,9,1,-1,-1,-1, -1,-1,2021,33.0,3,2,0,2,1,2,1,,4,BREBANT (AVENUE) DU 1 A 86,0,,2,2,0,1,(1),(1),1,, -1,1,0,1,50,9,3,1,51,51454,2,1,0,4,Avenue BrÃ©bant,49.2555154035,4.0153124928,13,3,3
202100002282,197Â 704,A01,1,1,1,0,8,0,-1,-1, -1,-1,2021,39.0,-1,2,9,0,1,26,1,,3,QUATRIEME ZOUAVES (RUE DU),0,,1,2,0,3,1,0,2,, -1,1,9,1,50,17,12,5,93,93064,2,1,0,6,QUATRIEME ZOUAVES (RUE DU),48.8731270106,2.4807107449,22,1,1
202100013680,177Â 248,A01,1,1,1,1,2,6,-1,0,0,-1,2021,60.0,2,1,0,2,3,15,1,,4,RUE BELGRAND,0,,1,2,1,1,(1),(1),1,, -1,1,-1,5,30,12,10,1,75,75120,2,5,0,3,RUE BELGRAND,48.864659,2.405655,8,2,2
202100048290,115Â 435,B01,1,1,1,4,1,0,-1,0,0,-1,2021,48.0,3,5,0,2,4,2,1,,4,RUE LOUIS ARMAND,0,,2,0,0,1,(1),(1),1,, -1,2,0,1,50,12,3,5,75,75115,2,3,0,2,RUE LOUIS ARMAND,48.8327442633,2.2787457705,2,2,2
202100043577,123Â 775,A01,1,1,2,5,0,-1,-1,0,0,-1,2021,72.0,3,1,0,0,0,1,5,,4,,-1,,2,2,0,2,(1),(1),1,, -1,1,0,1,70,18,4,1,56,56041,1,1,0,7,Lieu-dit KERROPERT,48.116987,-3.0361,15,1,1
202100012743,178Â 937,A01,1,1,1,5,9,-1,-1,0,0,-1,2021,19.0,1,2,0,2,3,26,0,,3,RD33,-1,,2,2,0,1,56,450,4,, -1,1,0,1,80,17,10,1,53,53213,1,1,0,1,RD 33,48.396528,-1.057777,16,4,2
202100027248,153Â 012,A01,1,1,1,5,2,-1,-1,0,0,-1,2021,18.0,2,1,15,0,7,1,1,,3,149,-1,,2,2,0,1,75,728,1,, -1,1,0,1,50,24,7,2,76,76624,2,1,0,6,Rue des Canadiens,49.876723,1.212297,21,1,1
202100022486,161Â 437,B01,1,1,1,1,8,0,-1,-1, -1,-1,2021,25.0,2,1,0,2,8,1,5,,3,986,0,,2,2,0,1,0,0,1,, -1,1,0,1,50,26,8,1,92,92025,2,1,0,3,AGENT SARRE (AV DE L'),48.924745,2.26616,18,2,2
202100008151,187Â 148,B01,1,1,1,4,2,6,-1,-1, -1,-1,2021,24.0,2,1,0,2,1,1,1,,3,SAUSSAIES (R DES),0,,2,2,0,4,1,0,1,, -1,2,9,1,50,14,11,5,94,94016,2,2,1,3,Rue des Saussaies,48.78674,2.33748,7,2,2
202100020091,165Â 712,A01,10,3,2,2,0,-1,-1,3,3,1,2021,12.0,3,2,0,1,2,1,1,,4,MARECHAL DE LATTRE DE TASSIGNY (RUE DU),0,,2,2,0,1,(1),(1),1,, -1,1,0,1,50,7,9,1,10,10387,2,1,0,6,MARECHAL DE LATTRE DE TASSIGNY (RUE DU),48.304,4.09671,13,2,1
202100001653,198Â 849,A01,1,1,1,5,2,6,-1,0,0,-1,2021,49.0,2,1,0,0,0,1,1,,3,166,2,,2,2,0,1,(1),(1),1,, -1,2,0,1,50,25,12,1,72,72308,2,9,1,7,rue de la gaiÃ©tÃ©,48.414825,0.110252,11,3,2
202100048033,115Â 885,B01,1,1,1,5,8,0,-1,0,0,-1,2021,35.0,1,1,0,2,3,1,3,,4,PLACE RHIN ET DANUBE,0,,1,2,0,1,(1),(1),2,, -1,2,0,1,50,14,3,1,75,75119,2,7,0,3,PLACE RHIN ET DANUBE,48.881988,2.393265,11,2,2
202100043727,123Â 529,A01,1,1,1,5,2,6,-1,-1,0,-1,2021,18.0,1,1,0,2,1,12,1,,1,AUTOROUTE A104,0,,3,12,0,1,0,100,1,, -1,1,0,1,90,17,4,1,95,95277,1,1,0,2,A104,48.9727720852,2.4870391365,15,2,2
202100032002,144Â 540,A01,1,1,1,-1,0,-1,-1,-1, -1,-1,2021,30.0,1,2,2,0,1,15,1,,4,MARECHAL FOCH (AVENUE DU),0,,1,1,0,1,0,0,2,, -1,2,0,1,50,27,6,5,93,93007,2,1,1,6,MARECHAL FOCH (AVENUE DU),48.92778,2.46612,3,1,1
202100038003,133Â 731,B01,1,1,1,0,2,0,-1,-1, -1,-1,2021,26.0,1,1,0,2,1,1,3,,4,BOULEVARD DE LA BEAUJOIRE,0,,2,2,3,1,(1),(1),1,, -1,1,0,1,30,27,5,1,44,44109,2,1,0,3,BD DE LA BEAUJOIRE,47.25897,-1.52541,16,2,2
202100053799,105Â 588,A01,10,3,1,0,0,-1,-1,9,3,2,2021,7.0,1,2,0,1,1,1,1,,3,6110,-1,,2,2,0,1,1,700,1,, -1,1,0,1,50,25,1,1,30,30321,2,1,0,6,route de salinelle RD 6110,43.783229,4.086796,12,2,1
202100053620,105Â 878,A01,1,1,2,4,2,8,-1,-1, -1,-1,2021,46.0,2,1,0,0,8,26,1,,3,LECLERC AV. DU GENERAL PAIRS A PARTIR DU,0,,2,2,0,1,(1),(1),1,, -1,2,0,1,50,23,1,1,11,11069,2,3,1,7,RUE DARIUS MILHAUD,43.20792,2.37295,10,1,1
202100004413,193Â 871,A01,10,3,2,0,0,-1,-1,4,3,1,2021,46.0,2,5,0,1,2,15,1,,4,AV FRANKLIN ROOSEVELT,0,,2,2,0,2,1,0,1,, -1,2,0,1,50,6,12,5,94,94073,2,1,1,6,Av du Pdt Franklin Roosevelt,48.76525,2.39441,6,2,1
202100027045,153Â 374,A01,1,1,1,0,2,0,-1,-1, -1,-1,2021,54.0,2,1,0,0,7,26,0,,2,CHARLES DE GAULLE (AV),0,,3,0,0,1,(1),(1),1,, -1,1,0,1,60,24,7,5,987,98736,2,1,0,7,CHARLES DE GAULLE (AV),-17.529445,-149.550693,20,1,1
202100034826,139Â 461,A01,2,2,1,4,1,-1,-1,0,0,-1,2021,28.0,2,5,0,2,7,17,1,,3,81,0,,2,2,0,1,2,300,1,, -1,1,0,1,80,12,6,1,57,57264,1,1,0,3,RD 81,49.079418,6.945049,9,3,2
202100014863,175Â 144,B01,1,1,2,0,1,0,-1,-1, -1,-1,2021,44.0,0,2,0,2,5,15,1,,3,REPUBLIQUE,0,,3,-1,0,1,0,0,2,, -1,1,9,1,50,6,10,5,92,92076,2,6,0,2,REPUBLIQUE,48.8375275887,2.1558981351,20,2,2
202100032329,143Â 969,Z01,10,3,1,5,0,-1,-1,4,3,1,2021,53.0,2,2,0,1,2,1,0,,4,AVENUE DE LA BOURDONNAIS,0,,2,2,0,1,(1),(1),1,, -1,2,0,1,50,25,6,3,75,75107,2,4,1,6,AVENUE DE LA BOURDONNAIS,48.859227,2.297731,22,2,1
202100048819,114Â 503,B01,1,1,1,5,0,-1,-1,0,0,-1,2021,60.0,2,0,0,2,4,1,3,,3,113,-1,,2,2,0,1,5,400,1,, -1,1,0,1,80,9,3,1,14,14204,1,1,0,2,D113,49.36031,-1.01799,14,2,2
202100038583,132Â 679,A01,1,1,1,1,2,-1,-1,0,0,-1,2021,61.0,1,1,16,0,1,0,1,,3,37,-1,,2,2,0,2,21,654,1,, -1,1,0,3,80,25,5,1,34,34135,1,1,0,7,D37,43.277385,3.16034,18,1,1
202100031650,145Â 181,A01,10,3,2,5,0,-1,-1,2,3,1,2021,76.0,1,2,0,1,0,15,1,,3,,-1,,2,2,0,1,96,467,1,,4,1,0,1,50,30,6,1,34,34245,2,3,0,6,Grand Rue,43.420678,2.94719,9,2,1
202100009295,185Â 086,Z01,10,3,2,5,8,8,-1,4,3,1,2021,42.0,1,1,0,1,1,1,5,,4,BOULEVARD DE SEBASTOPOL,0,,2,5,1,1,(1),(1),1,, -1,1,-1,5,30,3,11,2,75,75101,2,2,0,6,BOULEVARD DE SEBASTOPOL,48.858508,2.348216,17,2,1
202100040839,128Â 636,A01,1,1,1,9,8,-1,-1,0,0,-1,2021,22.0,1,2,3,0,1,0,1,,3,624,0,D,2,2,0,2,18,500,2,, -1,1,2,3,80,9,5,3,11,11430,1,1,1,6,D624,43.288952,1.89291,0,1,1
202100039538,130Â 917,A01,1,1,2,5,1,0,-1,-1, -1,-1,2021,24.0,1,2,0,2,1,2,1,,1,AUTOROUTE A6B,0,,3,4,0,1,0,136,1,, -1,1,1,1,70,18,5,1,94,94043,1,1,0,2,AUTOROUTE A6B,48.8160576852,2.3584841271,13,2,2
202100027486,152Â 594,A01,1,1,2,5,1,0,-1,-1, -1,-1,2021,27.0,1,2,4,0,1,2,1,,1,AUTOROUTE A6,0,,3,6,0,1,26,399,1,, -1,1,0,1,110,23,7,3,91,91228,1,1,0,6,AUTOROUTE A6,48.61345,2.43047,4,1,1
202100045243,120Â 853,B01,1,1,1,1,2,0,-1,0,0,-1,2021,21.0,1,1,0,2,8,15,1,,4,AVENUE ALBERT BARTHOLOME,0,,2,2,0,1,(1),(1),1,, -1,1,0,1,50,3,4,1,75,75115,2,3,0,3,AVENUE ALBERT BARTHOLOME,48.8287044325,2.2958153486,19,2,2