Num_Acc,id_vehicule,num_veh,place,catu,sexe,trajet,secu1,secu2,secu3,locp,actp,etatp,year_acc,victim_age,senc,catv,obs,obsm,choc,manv,motor,occutc,catr,voie,v1,v2,circ,nbv,vosp,prof,pr,pr1,plan,lartpc,larrout,surf,infra,situ,vma,jour,mois,lum,dep,com,agg_,int,atm,col,adr,lat,long,hour,nb_victim,nb_vehicules
202100050583,111Â 271,A01,1,1,1,1,2,8,-1,-1, -1,-1,2021,27.0,2,1,0,2,4,15,5,,3,TRICHARD (RUE YVES),0,,2,2,0,1,0,950,1,, -1,1,5,1,70,22,2,1,29,29039,1,2,0,6,D122 - Rue Yves Trichard,47.8779918281,-3.8791138112,9,2,2
202100028794,150Â 248,A01,1,1,2,0,1,-1,-1,-1, -1,-1,2021,20.0,2,2,0,2,0,9,1,,7,LAURENT BONNEVAY                    (BD),0,,-1,4,0,1,12,100,1,, -1,2,0,1,90,15,7,1,69,69259,1,9,0,1,LAURENT BONNEVAY                    (BD),45.71949,4.87961,7,2,2
202100049441,113Â 386,A01,1,1,1,0,1,-1,-1,0,0,-1,2021,33.0,2,2,0,2,1,5,1,,3,1001,0,D,2,2,0,1,64,700,1,, -1,2,0,1,80,4,3,1,80,80078,1,1,0,1,DÃPARTEMENTALE 1001,50.0866018796,1.904604435,8,2,2
202100017295,170Â 736,B01,2,2,1,5,2,-1,-1,0,0,-1,2021,25.0,1,1,0,2,1,17,1,,2,RN,0,,2,2,0,1,(1),(1),1,, -1,1,0,1,70,24,9,1,971,97129,1,1,0,3,La Ramee,16.3339637786,-61.7129945755,15,3,2
202100034878,139Â 371,A01,5,2,1,5,0,-1,-1,0,0,-1,2021,22.0,3,2,8,0,2,1,1,,2,1,0,A,2,2,0,1,1,100,3,, -1,2,0,3,70,13,6,1,986,98613,1,1,1,1,Falaleu - RT 1,-13.299906,-176.217114,16,2,1
202100031402,145Â 626,C01,1,1,1,9,2,6,-1,-1, -1,-1,2021,24.0,1,1,0,2,1,1,1,,1,6,0,,1,3,0,1,25,0,1,, -1,1,0,1,110,2,7,1,91,91228,1,1,0,5,AUTOROUTE A6,48.6287,2.4119,15,3,3
202100007654,188Â 068,A01,1,1,1,1,8,0,-1,0,0,-1,2021,57.0,2,0,0,1,0,1,3,,4,BOULEVARD NEY,0,,1,2,1,1,(1),(1),1,, -1,1,-1,5,30,17,11,5,75,75118,2,3,0,6,BOULEVARD NEY,48.897825,2.335339,19,2,1
202100034939,139Â 254,A01,1,1,1,1,1,-1,-1,-1, -1,-1,2021,30.0,1,1,0,2,1,17,1,,3,RD 118,0,,2,2,0,1,0,0,1,, -1,1,0,1,70,11,6,1,91,91432,1,1,0,3,RD 118,48.713794,2.347588,16,2,2
202100002008,198Â 202,A01,1,1,1,9,2,6,-1,-1, -1,-1,2021,41.0,2,1,0,2,3,18,1,,4,ARGELES SUR MER AVENUE D',0,,1,2,3,1,(1),(1),1,, -1,1,0,1,50,18,12,1,66,66136,2,4,0,3,ARGELES SUR MER AVENUE D',42.68533,2.90837,12,2,2
202100040679,128Â 912,A01,1,1,1,5,2,-1,-1,0,0,-1,2021,21.0,0,1,8,0,1,1,1,,4,,-1,,2,2,0,1,(1),(1),2,,4,2,0,3,50,9,5,1,85,85047,2,1,1,6,42 Rue de la PoctiÃ¨re,46.844362,-1.863993,19,1,1
202100021156,163Â 846,A01,1,1,1,5,0,-1,-1,0,0,-1,2021,68.0,3,2,6,0,1,25,1,,4,A,0,A,2,2,0,1,(1),(1),2,, -1,1,0,4,50,24,8,1,17,17236,2,1,0,6,25 Cite Pechevre,45.368747,-0.569168,17,1,1
202100006892,189Â 451,B01,1,1,1,1,2,0,-1,-1, -1,-1,2021,25.0,2,1,0,2,1,1,1,,1,AUTOROUTE A6,0,,3,6,0,1,19,0,1,, -1,1,0,1,110,22,11,3,91,91687,1,1,0,5,AUTOROUTE A6,48.667097,2.359459,17,3,3
202100026642,154Â 083,B01,1,1,1,5,2,6,-1,-1, -1,-1,2021,31.0,2,1,0,2,1,1,1,,4,LATTRE DE TASSIGNY (AV. DU MARECHAL DE),0,,3,2,0,1,(1),(1),1,, -1,1,0,1,50,20,7,4,60,60159,2,3,0,3,Avenue du MarÃ©chal de Lattre de Tassigny,49.40472,2.82019,23,2,2
202100040988,128Â 355,B01,1,1,1,2,0,-1,-1,0,0,-1,2021,16.0,0,1,15,2,4,2,5,,3,337,0,D,2,2,0,1,14,200,1,, -1,1,0,1,50,7,5,1,80,80186,2,1,1,2,Rue de Picardie,49.819036,2.793376,16,3,2
202100017810,169Â 785,A01,1,1,2,0,1,-1,-1,0,0,-1,2021,24.0,3,2,1,0,2,1,1,,4,ANDRE GEORGES (RUE ),0,,2,2,0,1,(1),(1),1,, -1,1,0,1,50,14,9,1,80,80632,2,1,0,6,ANDRE GEORGES (RUE ),49.88297,2.25062,14,1,1
202100004105,194Â 402,A01,1,1,2,0,1,0,-1,-1, -1,-1,2021,27.0,1,2,0,2,6,13,1,,3,MARBOZ RD 996 ( ROUTE DE ) PAIR,0,,2,2,0,1,20,500,3,, -1,2,0,1,80,6,12,3,1,1451,1,1,0,3,MARBOZ RD 996 ( ROUTE DE ) PAIR,46.283081,5.230045,18,2,2
202100043772,123Â 445,A01,1,1,1,0,2,-1,-1,-1, -1,-1,2021,30.0,2,1,0,2,1,1,1,,4,THOMAS (RUE ALBERT),0,,2,2,0,1,(1),(1),1,, -1,1,0,1,50,16,4,5,33,33039,2,1,0,2,Rue Albert Thomas,44.79678,-0.565693,22,2,2
202100017871,169Â 677,A01,10,3,1,0,0,-1,-1,5,B,1,2021,64.0,2,1,9,1,1,9,1,,7,DE GAULLE GENERAL AVENUE,0,,2,2,0,1,0,0,1,, -1,1,0,4,50,20,9,1,6,6123,2,1,0,6,DE GAULLE GENERAL AVENUE,43.66827,7.19199,18,2,1
202100018854,167Â 946,B01,1,1,1,5,2,6,9,0,0,-1,2021,27.0,1,1,0,2,3,21,1,,2,94,-1,,2,3,0,2,104,80,1,, -1,1,0,1,90,26,8,1,5,5045,1,1,0,2,route nationale 94,44.531682,6.439193,8,2,2
202100000320,201Â 146,A01,1,1,2,9,1,-1,-1,-1, -1,-1,2021,63.0,1,2,0,2,5,1,1,,7,PICOT (AVE DU COLONEL),0,,1,2,0,2,1,1,2,, -1,1,5,1,50,31,12,1,83,83144,2,6,0,3,PICOT (AVE DU COLONEL),43.13518,5.97755,17,2,2
202100040043,130Â 022,A01,1,1,1,5,1,8,-1,0,0,-1,2021,19.0,1,2,0,2,1,17,1,,3,CENTRE A CENTRE (ROUTE),0,,2,2,0,1,2,0,1,, -1,1,0,1,80,12,5,1,71,71540,1,3,0,2,CENTRE A CENTRE (ROUTE),46.7488738057,4.4415869017,15,3,2
202100056020,101Â 749,A01,10,3,1,5,0,-1,-1,1,3,1,2021,56.0,2,2,0,2,7,1,1,,3,MARTIN LUTHER KING (RUE),0,,2,2,0,2,0,0,2,, -1,1,0,1,50,6,1,1,972,97209,2,1,0,6,MARTIN LUTHER KING (RUE),14.60905,-61.07442,8,2,1
202100034827,139Â 458,A01,1,1,1,1,2,6,-1,0,0,-1,2021,45.0,1,1,0,2,0,17,1,,3,3,-1,,2,2,0,1,38,100,2,, -1,1,0,1,80,13,6,1,51,51434,1,1,0,3,D3,49.0146803312,4.0664916097,13,2,2
202100032142,144Â 296,B01,1,1,1,9,2,6,-1,0,0,-1,2021,52.0,2,1,0,2,8,18,1,,4,RUE DE MAUBEUGE,0,,1,2,3,2,(1),(1),1,, -1,1,0,6,30,25,6,1,75,75109,2,4,0,3,RUE DE MAUBEUGE,48.876852,2.341902,19,2,2
202100007707,187Â 979,A01,1,1,2,5,1,-1,-1,0,0,-1,2021,20.0,1,2,8,6,1,21,1,,3,240,0,D,2,2,0,1,6,200,1,, -1,2,0,1,90,18,11,3,3,3212,1,1,1,6,Route de Coursage,46.302451,2.513434,0,1,1
202100055268,103Â 027,A01,2,1,1,0,2,0,-1,-1, -1,-1,2021,41.0,3,1,0,2,1,19,1,,4,REMPARTS (RUE),0,,2,2,0,1,0,0,1,, -1,1,5,1,50,11,1,5,987,98735,2,2,0,3,REMPARTS (RUE),-17.53245,-149.56768,19,2,2
202100027362,152Â 811,A01,1,1,1,5,8,-1,-1,-1, -1,-1,2021,19.0,1,5,3,0,1,17,1,,2,PORTE ALMA,0,,3,4,0,3,10,400,3,, -1,1,0,1,90,23,7,3,35,35206,1,1,0,6,RN 136,48.079225,-1.692513,4,1,1
202100048493,115Â 081,B01,1,1,1,1,1,0,-1,-1, -1,-1,2021,64.0,1,2,0,2,3,1,1,,1,A51-Sens Marseille vers Aix en Provence,0,,1,3,0,1,3,500,1,, -1,1,0,1,90,10,3,1,13,13019,1,1,0,3,A51-Sens Marseille vers Aix en Provence,43.42445,5.37575,9,2,2
202100001083,199Â 828,A01,10,3,1,9,0,-1,-1,1,3,1,2021,55.0,-1,1,0,1,1,1,1,,3,REPUBLIQUE (AVE DE LA ) 43/106 =>,0,,2,2,0,1,0,1,1,, -1,1,0,1,50,28,12,3,93,93001,2,1,1,6,REPUBLIQUE (AVE DE LA ) 43/106 =>,48.9088953042,2.3868634606,19,2,1
202100050795,110Â 887,B01,1,1,1,5,2,-1,-1,0,0,-1,2021,67.0,2,1,0,2,1,1,5,,3,225,0,,2,2,0,2,45,600,1,, -1,1,0,1,50,21,2,1,74,74150,2,1,0,1,Rte de Marcorens,46.272817,6.313287,11,2,2
202100047803,116Â 308,A01,1,1,2,0,2,6,-1,0,0,-1,2021,17.0,3,1,0,1,1,1,1,,4,THANARON QUAI,0,,2,2,0,1,(1),(1),1,, -1,1,0,1,50,3,3,1,26,26058,2,1,0,6,5 Quai Thannaron,44.939284,4.890761,13,2,1
202100037087,135Â 412,A01,1,1,1,5,1,-1,-1,0,0,-1,2021,24.0,3,2,0,2,3,1,1,,4, -,0,,2,2,0,2,(1),(1),4,, -1,1,0,1,80,1,6,1,202,202143,1,1,0,3,Route ALBARICCIA,42.227902,9.526944,19,2,2
202100039715,130Â 592,B01,1,1,1,9,2,0,-1,0,0,-1,2021,23.0,2,1,0,2,8,1,3,,4,RUE CHARLES FOURIER,0,,1,4,0,1,(1),(1),1,, -1,2,0,1,50,16,5,1,75,75113,2,5,1,3,RUE CHARLES FOURIER,48.825801,2.350372,14,2,2
202100044628,121Â 950,A01,1,1,1,1,1,-1,-1,0,0,-1,2021,35.0,2,2,8,2,3,13,1,,1,,-1,,2,2,0,1,9,50,3,, -1,1,3,1,70,9,4,1,85,85191,1,6,0,1,A87,46.672717,-1.358587,20,2,2
202100041577,127Â 282,B01,1,1,1,9,8,0,-1,-1, -1,-1,2021,26.0,2,1,0,2,1,1,5,,4,,0,,2,1,0,1,0,0,3,, -1,1,0,1,50,3,5,2,92,92046,2,1,0,1,LOUIS GIRARD (RUE),48.81392,2.28157,21,2,2
202100050511,111Â 412,A01,1,1,1,5,2,6,-1,0,0,-1,2021,57.0,2,1,13,0,9,14,1,,3,43,0,,2,2,0,2,19,765,2,, -1,1,0,3,80,24,2,1,61,61007,1,1,0,7,Lieu Dit le Pont aux Malades,48.809064,-0.422426,10,1,1
202100014843,175Â 178,A01,1,1,2,1,2,0,-1,0,0,-1,2021,52.0,1,1,0,4,1,19,5,,4,BOULEVARD JOURDAN,0,,3,2,3,1,(1),(1),1,, -1,1,-1,6,50,6,10,1,75,75114,2,2,0,3,BOULEVARD JOURDAN,48.82137,2.334353,9,2,2
202100050395,111Â 614,B01,1,1,2,1,1,-1,-1,0,0,-1,2021,32.0,1,2,0,2,1,1,1,,3,469,-1,,2,2,0,1,3,240,1,, -1,1,0,1,80,24,2,1,39,39245,1,2,1,3,,46.963103,5.448028,14,2,2
202100011717,180Â 786,A01,1,1,2,5,1,-1,-1,0,0,-1,2021,74.0,3,2,0,2,8,16,1,,3,,-1,,2,2,0,4,(1),(1),1,,4,1,0,1,50,23,10,4,52,52021,2,3,0,3,14 grande rue,48.525285,4.929506,4,3,2
202100020077,165Â 738,A01,1,1,2,1,1,0,-1,-1, -1,-1,2021,50.0,1,2,0,1,1,1,1,,4,HOSPITALITE (RUE DE L'),0,,1,1,1,1,(1),(1),1,, -1,1,0,1,30,8,9,1,37,37261,2,2,0,6,HOSPITALITE (RUE DE L'),47.3902660016,0.6706048719,16,2,1
202100000463,200Â 878,B01,1,1,1,9,2,6,-1,-1, -1,-1,2021,17.0,1,1,0,2,4,23,1,,3,VOLTAIRE (BOULEVARD),0,,2,2,0,1,23,170,1,, -1,2,0,1,50,7,12,5,19,19031,2,2,1,2,VOLTAIRE (BOULEVARD),45.16188,1.54078,18,2,2
202100028316,151Â 080,A01,1,1,1,1,2,0,-1,0,0,-1,2021,38.0,2,1,0,2,2,1,1,,4,RUE TORRICELLI,0,,1,1,0,1,(1),(1),1,, -1,1,0,1,50,18,7,2,75,75117,2,2,0,3,RUE TORRICELLI,48.880916,2.292127,20,2,2
202100030329,147Â 550,A01,10,3,1,0,0,-1,-1,-1, -1,-1,2021,32.0,0,5,0,1,1,11,1,,4,IRENE JOLIOT CURIE                  (BD),0,,-1,2,0,1,(1),(1),1,, -1,2,0,1,50,6,7,1,69,69259,2,9,1,6,IRENE JOLIOT CURIE (BD),45.71503,4.87897,8,2,1
202100050082,112Â 216,X01,10,3,1,0,8,8,-1,0,3,1,2021,32.0,2,2,0,1,1,21,0,,4,NICOLAS RAYER (RUE),0,,2,2,0,1,1,0,1,, -1,1,0,1,30,26,2,3,93,93001,2,1,0,6,NICOLAS RAYER (RUE),48.9179919316,2.3763272544,20,2,1
202100045148,121Â 032,A01,1,1,1,9,2,6,-1,-1, -1,-1,2021,32.0,2,1,0,2,2,1,1,,3,AV DE STALINGRAD,0,,1,3,2,1,(1),(1),1,, -1,1,0,5,50,4,4,5,94,94076,2,1,0,3,STALINGRAD (AV DE),48.78405,2.36724,21,2,2
202100049408,113Â 440,A01,1,1,1,1,2,6,-1,0,0,-1,2021,56.0,1,1,0,2,2,18,1,,4,PORTE DE CHATILLON,0,,1,3,0,1,5,900,1,, -1,1,0,1,70,2,3,1,75,75114,2,1,0,5,PORTE DE CHATILLON,48.821752,2.317932,10,3,3
202100025442,156Â 186,A01,5,2,2,0,1,0,-1,-1, -1,-1,2021,15.0,2,2,6,0,1,15,1,,7,JAURES (AVENUE JEAN),0,,2,2,0,1,(1),(1),2,, -1,1,0,4,50,5,8,5,59,59512,2,1,0,6,JAURES (AVENUE JEAN),50.68073,3.16515,3,6,1
202100008493,186Â 550,A01,10,3,2,3,0,-1,-1,3,3,1,2021,93.0,1,5,8,0,1,1,1,,4,FERRARI (RUE),0,,-1,1,0,1,0,0,3,, -1,1,0,1,50,9,11,1,13,13205,2,7,0,1,FERRARI (RUE),43.29411,5.38701,16,2,1
202100014072,176Â 545,A01,2,2,2,5,1,-1,-1,0,0,-1,2021,29.0,2,2,0,2,7,6,1,,2,113,-1,,2,3,0,1,14,800,1,, -1,1,0,1,50,8,10,3,34,34022,2,1,0,3,N113,43.65503,4.001507,4,3,2
202100000142,201Â 493,B01,1,1,2,1,1,-1,-1,-1, -1,-1,2021,62.0,1,2,0,2,4,1,1,,3,,-1,,2,4,0,1,32,1100,1,, -1,1,0,1,90,22,11,3,67,67073,1,1,0,4,D424,48.266319475,7.4177670473,17,3,3
202100015326,174Â 309,A01,1,1,1,0,1,0,-1,-1, -1,-1,2021,58.0,3,2,8,0,2,14,1,,7,MARAIS RUE DU,0,,2,2,0,1,(1),(1),2,, -1,2,0,3,50,2,10,1,59,59350,2,3,1,7,MARAIS RUE DU,50.637792,3.023696,17,1,1
202100043411,124Â 068,A01,1,1,1,0,2,8,-1,-1, -1,-1,2021,26.0,1,1,0,2,8,13,1,,3,MADELEINE (ROUTE DE LA),0,,2,1,0,1,3,100,1,, -1,1,0,1,50,19,4,1,973,97302,2,1,0,6,MADELEINE (ROUTE DE LA),4.9130963165,-52.3208112718,9,2,2
202100046793,118Â 131,Z01,10,3,2,5,8,8,-1,4,3,1,2021,74.0,1,1,0,1,1,1,5,,4,RUE DE TURBIGO,0,,1,2,1,1,(1),(1),1,, -1,1,-1,5,50,24,3,2,75,75103,2,2,0,6,RUE DE TURBIGO,48.8654593987,2.3560798849,12,2,1
202100015775,173Â 471,A01,1,1,2,2,2,0,-1,-1, -1,-1,2021,50.0,0,1,0,2,8,13,5,,4,,0,,2,1,0,1,0,0,1,, -1,1,0,1,30,1,10,1,92,92076,2,1,0,3,SURESNES,48.845825,2.179968,9,2,2
202100034194,140Â 630,A01,1,1,1,5,2,8,-1,-1, -1,-1,2021,30.0,1,1,0,0,1,1,1,,1,A42 4.020 A 4.329   LYON/GEN,0,,3,3,0,2,5,0,3,, -1,1,0,1,90,15,6,3,1,1275,1,1,0,7,A42 4.020 A 4.329   LYON/GEN,45.810011,4.935234,23,1,1
202100017858,169Â 697,B01,1,1,2,1,2,6,-1,-1, -1,-1,2021,19.0,1,1,0,2,1,1,1,,3,PLOUBEZRE (RUE DE),0,,-1,2,0,2,(1),(1),1,, -1,2,0,1,50,17,9,2,22,22113,2,1,1,3,PLOUBEZRE (RUE DE),48.72254,-3.45994,19,2,2
202100034636,139Â 806,B01,1,1,1,5,2,-1,-1,0,0,-1,2021,77.0,1,1,0,0,4,2,5,,3,52,-1,,2,2,0,1,9,400,1,, -1,1,0,1,80,13,6,2,26,26140,1,1,0,2,145 Chemin de la Croix,45.117374,5.101491,6,2,2
202100055016,103Â 470,B01,1,1,1,0,8,0,-1,-1, -1,-1,2021,22.0,1,1,0,2,4,1,5,,3,RTE NATIONALE 20,0,,-1,1,0,2,0,0,2,, -1,2,0,1,50,13,1,3,91,91339,1,9,1,3,RTE NATIONALE 20,48.622603,2.260265,4,2,2
202100040056,129Â 998,A01,1,1,1,0,8,0,-1,0,0,-1,2021,44.0,2,1,0,2,8,26,5,,3,FEDERATION DE MONTELIMAR (Av. de la),0,,2,2,0,1,1,125,1,, -1,1,0,1,80,13,5,1,26,26198,1,1,0,3,Av la Federation de Montelimar,44.57477,4.73349,17,2,2
202100004071,194Â 471,B01,1,1,2,2,1,-1,-1,-1, -1,-1,2021,20.0,0,2,0,2,7,1,1,,4,RUFA (CHEMIN),0,,2,2,0,1,(1),(1),2,, -1,4,5,1,50,7,12,3,29,29019,2,4,1,3,Chemin du Rufa,48.427719,-4.505605,18,3,2
202100009436,184Â 832,B01,1,1,1,5,2,0,-1,-1, -1,-1,2021,44.0,3,1,0,2,1,1,5,,4,VERN (DE),0,,2,4,1,1,(1),(1),1,, -1,2,0,1,50,4,11,5,35,35238,2,3,0,3,VERN (DE),48.09782,-1.65523,17,2,2
202100050158,112Â 064,A01,10,3,1,9,0,-1,-1,3,3,1,2021,58.0,0,3,0,1,3,26,1,1.0,4,RENAUDEL (AVENUE PIERRE),0,,1,1,0,1,1,0,1,, -1,1,0,1,30,25,2,1,83,83069,2,9,0,6,RENAUDEL (AVENUE PIERRE),43.1067,6.1283,8,3,1
202100016006,173Â 057,A01,1,1,1,9,2,6,-1,0,0,-1,2021,15.0,1,1,0,2,1,19,1,,3,6,-1,,2,2,0,1,0,0,1,, -1,1,0,1,50,30,9,1,72,72023,2,3,0,3,Rue Carnot,48.173599,0.239092,18,2,2
202100012588,179Â 218,B01,1,1,2,0,0,-1,-1,0,0,-1,2021,16.0,3,1,0,2,1,19,5,,3,,-1,,-1,1,1,1,5,80,1,,4,1,0,1,50,18,10,5,60,60141,2,3,0,3,Avenue du GÃ©nÃ©ral Leclerc,49.1776394589,2.4552766979,18,2,2
202100013917,176Â 826,A01,10,3,1,9,0,-1,-1,9,9,3,2021,59.0,2,2,0,1,2,1,1,,3,04,-1,,2,2,0,1,68,28,1,, -1,1,0,1,50,12,10,1,36,36034,2,1,0,6,15 Rue du Pont,47.256383,1.654652,12,2,1
202100032381,143Â 887,A01,2,2,2,5,1,-1,-1,0,0,-1,2021,59.0,1,2,7,0,1,16,1,,3,820,-1,,2,2,0,1,58,150,1,, -1,1,9,8,80,26,6,1,82,82028,1,2,0,6,D820,43.8564433127,1.2931586802,15,2,1
202100009113,185Â 419,B01,1,1,2,0,8,0,-1,-1, -1,-1,2021,31.0,3,1,0,2,7,1,0,,3,AV DES ARCHES,0,,1,2,0,1,10,0,2,, -1,1,5,1,50,5,11,1,13,13004,2,6,0,3,AV DES ARCHES,43.66506,4.6471,7,2,2
202100029133,149Â 678,B01,1,1,1,9,8,0,-1,-1, -1,-1,2021,16.0,1,1,0,2,8,19,5,,4,LECLERC MARECHAL (BD),0,,1,2,0,1,(1),(1),1,, -1,1,5,1,50,11,7,1,34,34032,2,2,0,3,LECLERC MARECHAL (BD),43.34539,3.23873,19,2,2
202100018477,168Â 603,A01,1,1,1,0,2,6,9,0,0,-1,2021,31.0,2,1,0,2,1,2,1,,1,51,-1,,3,2,0,1,8,100,1,, -1,1,0,1,110,18,9,1,38,38545,1,1,0,2,A 51 pk000.8+100,45.04888,5.684643,14,2,2
202100022619,161Â 184,B01,2,2,1,3,1,0,-1,-1, -1,-1,2021,89.0,3,2,0,2,3,5,1,,4,CARLING (RUE DE),0,,2,2,0,1,1,0,1,, -1,1,8,1,50,25,8,1,57,57336,2,1,0,1,CARLING (RUE DE),49.16,6.732,13,3,2
202100035628,138Â 037,B01,1,1,1,0,8,-1,-1,0,0,-1,2021,43.0,2,2,0,2,4,2,1,,3,113,0,D,2,2,0,3,35,750,1,, -1,1,0,1,80,9,6,2,78,78206,1,1,0,5,Route Departementale 113,48.952085,1.912125,20,4,4
202100045328,120Â 711,A01,4,2,1,5,1,-1,-1,0,0,-1,2021,6.0,1,2,13,0,1,1,1,,4,,-1,,2,2,0,2,(1),(1),1,, -1,1,0,3,80,4,4,1,60,60575,1,1,0,6,Rue du 8 Mai 1945,49.282014,2.194573,16,3,1
202100043874,123Â 246,A01,10,3,2,9,0,-1,-1,4,3,1,2021,50.0,3,2,0,1,8,15,1,,4,URSULINES (RUE DES),0,,2,3,0,1,(1),(1),1,, -1,1,5,1,20,13,4,1,59,59599,2,1,0,6,URSULINES (RUE DES),50.71991,3.15561,7,2,1
202100044755,121Â 716,A01,1,1,1,5,1,-1,-1,0,0,-1,2021,23.0,2,2,13,0,1,1,1,,3,750,0,,2,2,0,1,10,200,2,, -1,1,0,8,50,24,1,1,37,37115,2,1,0,6,avenue du MarÃ©chal Leclerc - RD 750,46.966331302,0.7036013603,13,1,1
202100020552,164Â 895,A01,1,1,1,1,2,6,-1,-1, -1,-1,2021,40.0,1,1,0,2,1,2,1,,3,VILLOTE (ALLEES DE),0,,1,2,0,1,40,319,1,, -1,1,0,1,50,6,9,1,9,9122,2,1,0,2,VILLOTE (ALLEES DE),42.964075,1.608138,10,2,2
202100028721,150Â 385,A01,2,2,1,5,1,-1,-1,0,0,-1,2021,22.0,1,2,4,0,8,0,1,,1,750,0,A,3,4,0,1,10,209,1,, -1,1,2,1,130,17,7,2,34,34259,1,1,0,6,A750,43.633837,3.756517,5,2,1
202100028107,151Â 464,A01,1,1,1,4,8,0,-1,-1, -1,-1,2021,56.0,1,4,12,0,7,11,1,,7,HAVRE. QUAI (HAUT) DU,0,,1,4,0,1,14,500,1,, -1,1,1,1,50,19,7,5,76,76540,2,1,0,6,HAVRE. QUAI (HAUT) DU,49.44084,1.08294,21,1,1
202100052259,108Â 294,A01,1,1,1,1,2,6,-1,0,0,-1,2021,59.0,2,6,2,0,1,13,1,,3,43,-1,,2,2,0,2,19,850,1,, -1,2,0,3,80,8,2,1,74,74208,1,1,0,6,Rte de Plaine Joux,45.946015,6.722032,14,1,1
202100013115,178Â 302,B01,1,1,1,1,2,0,-1,0,0,-1,2021,62.0,2,1,0,2,3,1,5,,4,BOULEVARD HAUSSMANN,0,,1,3,0,1,(1),(1),1,, -1,1,0,1,30,15,10,1,75,75109,2,5,0,3,BOULEVARD HAUSSMANN,48.872958,2.333291,8,2,2
202100046525,118Â 621,A01,1,1,2,0,1,0,-1,-1, -1,-1,2021,33.0,3,2,0,2,1,1,1,,4,ARBRISSEL,0,,2,2,0,1,1,0,1,, -1,1,0,1,50,26,3,1,49,49007,2,2,0,3,ARBRISSEL,47.44623,-0.5695,13,2,2
202100029416,149Â 200,A01,10,3,1,0,0,-1,-1,3,3,1,2021,58.0,1,2,0,1,3,15,1,,4,THIRARD                             (IM),0,,1,1,2,1,(1),(1),1,, -1,1,0,1,50,11,7,2,69,69199,2,2,0,6,THIRARD (R),45.7096562542,4.8597188294,23,3,1
202100014186,176Â 337,A01,1,1,1,5,1,0,-1,-1, -1,-1,2021,19.0,1,2,8,4,1,26,1,,4,CAILLOLS (AVENUE DES),0,,2,2,0,2,0,0,3,, -1,1,0,3,50,9,10,5,13,13212,2,1,0,3,CAILLOLS (AVENUE DES),43.30369,5.44138,23,4,1
202100020231,165Â 472,A01,1,1,1,1,1,5,-1,-1, -1,-1,2021,21.0,2,2,4,2,1,11,1,,2,NATIONALE 6 (PARTIE FORET),0,,1,2,0,1,0,100,1,, -1,1,0,1,90,7,9,3,91,91421,1,1,0,3,NATIONALE 6 (PARTIE FORET),48.68949,2.47513,6,2,2
202100056045,101Â 706,B01,1,1,1,1,2,0,-1,-1, -1,-1,2021,29.0,1,1,0,2,1,1,1,,4,,0,,-1,2,0,1,1,0,1,, -1,1,0,1,50,5,1,5,49,49007,2,1,0,1,DAVIERS BOULEVARD,47.4788,-0.55668,19,2,2
202100009072,185Â 490,A01,1,1,1,0,2,0,-1,-1, -1,-1,2021,23.0,0,1,0,2,5,1,1,,4,Rue des Orangers,0,,2,2,0,1,(1),(1),1,, -1,1,0,1,50,5,11,1,971,97101,2,2,0,3,Rue des Orangers,16.29181,-61.49203,6,2,2
202100002574,197Â 183,A01,1,1,2,0,1,-1,-1,-1, -1,-1,2021,74.0,1,2,0,2,3,1,1,,4,MARCEL SEMBAT                       (R ),0,,2,2,2,1,(1),(1),1,, -1,2,0,1,50,16,12,1,69,69199,2,3,1,3,MARCEL SEMBAT (R),45.71154,4.84488,15,2,2
202100034599,139Â 868,B01,1,1,1,0,8,0,-1,-1, -1,-1,2021,72.0,1,1,0,2,1,1,0,,3,FAURE (COURS GABRIEL),0,,1,3,1,1,40,68,2,, -1,1,2,1,50,13,6,1,9,9122,2,9,0,3,FAURE (COURS GABRIEL),42.964356,1.610411,9,2,2
202100050027,112Â 319,A01,1,1,1,5,2,6,-1,-1, -1,-1,2021,26.0,2,1,0,2,1,3,1,,2,LORIENT (DE),0,,3,4,3,1,2,380,1,, -1,1,0,1,50,26,2,1,35,35238,2,9,0,5,LORIENT (DE),48.10682,-1.72809,14,4,3
202100028759,150Â 317,A01,10,3,2,4,0,-1,-1,3,3,1,2021,26.0,0,2,0,1,3,2,1,,4,,0,,1,2,1,1,(1),(1),1,,4,1,0,8,30,10,7,1,33,33214,2,1,0,6,9 Boulevard de la Plage,45.003784,-1.201351,18,2,1
202100011003,182Â 058,A01,1,1,1,5,2,-1,-1,0,0,-1,2021,16.0,3,1,0,2,1,5,1,,4,,-1,,2,2,0,1,(1),(1),2,,4,1,0,1,50,26,10,1,67,67300,2,1,1,1,Rue des Sports,48.542694,7.498056,16,3,2
202100010168,183Â 525,B01,1,1,1,9,2,0,-1,0,0,-1,2021,34.0,1,1,0,2,7,17,3,,4,AVENUE DE CLICHY,0,,2,3,0,1,(1),(1),1,, -1,2,0,1,30,30,10,5,75,75118,2,4,0,3,AVENUE DE CLICHY,48.8850595795,2.3267425597,22,2,2
202100005226,192Â 438,A01,1,1,1,5,1,-1,-1,-1, -1,-1,2021,79.0,2,2,1,0,1,14,1,,4,,0,,2,2,2,1,(1),(1),1,, -1,2,0,3,50,1,12,1,69,69034,2,1,1,6,PASTEUR (R),45.7911353001,4.8428624868,15,1,1