Num_Acc,id_vehicule,num_veh,place,catu,sexe,trajet,secu1,secu2,secu3,locp,actp,etatp,year_acc,victim_age,senc,catv,obs,obsm,choc,manv,motor,occutc,catr,voie,v1,v2,circ,nbv,vosp,prof,pr,pr1,plan,lartpc,larrout,surf,infra,situ,vma,jour,mois,lum,dep,com,agg_,int,atm,col,adr,lat,long,hour,nb_victim,nb_vehicules
202100017738,169Â 918,A01,2,2,2,5,2,6,-1,0,0,-1,2021,61.0,2,1,0,0,9,1,1,,1,43,-1,A,3,4,0,1,102,100,1,, -1,1,0,1,110,27,6,1,73,73183,1,1,0,7,A43 - PK 102+100 en direction de chambery,45.517263,5.989142,17,2,1
202100013888,176Â 872,A01,1,1,1,9,2,6,-1,0,0,-1,2021,41.0,3,1,0,2,5,1,1,,4,ROUTE DE SURESNES,0,,2,6,1,1,(1),(1),1,, -1,1,0,1,50,9,10,5,75,75116,2,2,0,3,ROUTE DE SURESNES,48.865043,2.234433,20,2,2
202100030665,146Â 941,B01,1,1,1,1,2,6,9,0,0,-1,2021,51.0,1,1,0,2,1,1,1,,3,172,-1,,2,1,0,1,2,500,3,,3,1,0,3,90,6,7,1,3,3235,1,3,0,3,Le Pont de Pierre,46.272387,3.50731,15,2,2
202100048372,115Â 291,A01,10,3,2,0,0,-1,-1,2,3,1,2021,75.0,2,2,0,1,2,9,1,,3,ROUTE DEPARTEMENTALE 3,0,,2,4,0,1,2,200,1,, -1,1,9,1,50,10,3,1,972,97213,2,6,0,6,ROUTE DEPARTEMENTALE 3,14.61457,-60.99402,10,2,1
202100032509,143Â 658,B01,1,1,1,9,2,6,-1,0,0,-1,2021,37.0,2,1,0,2,3,1,1,,4,BOULEVARD NEY,0,,3,2,0,1,(1),(1),1,, -1,1,0,1,50,23,6,1,75,75118,2,2,0,3,BOULEVARD NEY,48.898007,2.344289,18,2,2
202100028041,151Â 591,B01,2,2,1,5,8,-1,-1,0,0,-1,2021,45.0,3,2,0,2,1,1,1,,3,,-1,,2,2,-1,-1,(1),(1),-1,, -1,1,-1,1,-1,18,7,3,988,98804,2,3,0,3,Tribu de GÃ©lima,-21.536708,165.984203,3,3,2
202100024282,158Â 267,B01,1,1,1,1,2,-1,-1,-1, -1,-1,2021,35.0,1,1,0,2,0,1,1,,4,D936,0,,2,4,0,1,(1),(1),1,, -1,1,0,1,50,10,8,2,33,33013,2,9,0,3,Avenue de Branne,44.84293,-0.50035,6,2,2
202100052728,107Â 485,B01,1,1,1,5,1,-1,-1,0,0,-1,2021,25.0,2,2,0,2,1,5,1,,1,ve2,-1,,3,4,0,1,(1),(1),1,, -1,1,0,1,70,1,2,5,988,98805,1,1,0,1,VE2 HT KENUIN,-22.219847,166.470208,0,2,2
202100021732,162Â 791,B01,1,1,1,0,2,0,-1,-1, -1,-1,2021,28.0,0,1,0,2,3,0,1,,7,Tunnel Joliette Marseille vers Aubagne,0,,1,2,0,1,1,639,1,, -1,1,1,1,50,21,8,1,13,13202,1,1,0,4,Tunnel Joliette Marseille vers Aubagne,43.30114,5.3642,18,2,2
202100002085,198Â 072,A01,1,1,1,9,1,-1,-1,0,0,-1,2021,31.0,0,2,8,0,0,1,1,,3,103,0,,2,2,0,2,13,900,2,, -1,7,0,3,80,20,12,3,24,24553,1,1,0,3,Fayolle,45.233819,0.502426,17,1,1
202100021514,163Â 185,A01,1,1,1,4,0,-1,-1,0,0,-1,2021,54.0,2,5,0,2,3,5,1,,3,194,0,,2,2,0,1,1,665,1,, -1,1,0,1,80,2,9,2,56,56094,1,1,0,1,toluen RD 194,47.76007,-3.257296,7,3,2
202100047773,116Â 357,B01,3,2,2,5,1,0,-1,-1, -1,-1,2021,75.0,2,2,0,2,1,1,1,,3,ITALIENS (BD DES),0,,-1,2,0,1,4,84,4,, -1,1,0,1,70,15,3,1,72,72181,1,1,0,1,ITALIENS (BD DES),47.94718,0.20707,14,4,2
202100034489,140Â 078,A01,2,2,2,5,2,6,-1,0,0,-1,2021,16.0,2,1,12,0,1,1,1,,4,784,-1,,2,2,0,2,31,200,2,, -1,1,0,4,50,14,6,1,29,29197,2,1,0,6,Rue de LocquÃ©ran,48.022779,-4.533851,21,2,1
202100026649,154Â 072,A01,1,1,1,1,2,-1,-1,-1, -1,-1,2021,46.0,3,1,0,2,4,19,5,,3,CONQUERANT (BOULEVARD GUILLAUME LE),0,,3,4,0,1,27,594,1,, -1,2,0,1,50,27,7,2,50,50129,2,2,1,3,CONQUERANT (BOULEVARD GUILLAUME LE),49.64216,-1.63703,5,2,2
202100042082,126Â 405,A01,1,1,1,3,1,-1,-1,0,0,-1,2021,23.0,1,2,2,0,3,1,1,,3,138,-1,,2,2,0,1,(1),(1),2,, -1,1,0,3,80,21,3,1,67,67472,1,1,0,6,D138,48.799309,7.954445,10,1,1
202100054032,105Â 163,A01,10,3,1,0,0,-1,-1,4,3,1,2021,66.0,1,5,0,1,3,15,1,,4,AV MAZARIN,0,,2,2,0,1,0,0,1,, -1,2,0,1,50,22,1,5,91,91161,2,3,1,6,AV MAZARIN,48.705638,2.31415,8,2,1
202100022655,161Â 123,A01,4,2,2,5,1,0,-1,0,0,-1,2021,24.0,2,2,1,0,3,14,1,,4,RUE D AUBERVILLIERS,0,,1,1,1,1,(1),(1),1,, -1,1,0,1,50,24,8,5,75,75119,2,1,0,6,RUE D AUBERVILLIERS,48.891636,2.369039,22,4,1
202100036329,136Â 755,C01,1,1,2,4,1,-1,-1,0,0,-1,2021,57.0,2,2,0,2,1,1,1,,3,30,0,D,2,2,0,1,23,500,1,, -1,1,0,1,80,6,6,1,53,53086,1,1,0,5,La TriqueliÃ¨re,48.193292,-1.030338,12,5,3
202100049585,113Â 120,A01,1,1,1,1,2,0,-1,-1, -1,-1,2021,24.0,2,1,0,2,1,2,1,,1,AUTOROUTE A104,0,,3,8,0,1,2,200,1,, -1,1,0,1,110,1,3,1,93,93078,1,1,0,2,AUTOROUTE A104,48.96692,2.5133,8,3,2
202100004992,192Â 864,B01,1,1,1,5,2,6,-1,0,0,-1,2021,15.0,2,1,0,2,1,1,1,,3,936,-1,,2,2,0,1,128,800,1,, -1,2,5,1,50,1,12,5,64,64496,2,3,1,1,Avenue de la Soule,43.46886,-1.444391,18,2,2
202100056296,101Â 270,A01,1,1,2,5,1,0,-1,-1, -1,-1,2021,88.0,2,2,0,2,1,5,1,,4,CHATEAU (AVENUE DU) NÂ° 1 A 81,0,,2,2,0,2,0,0,1,, -1,2,0,1,30,4,1,2,92,92051,2,1,0,1,CHATEAU (AVENUE DU) NÂ° 1 A 81,48.8867515702,2.2623445989,17,3,2
202100014888,175Â 100,A01,10,3,2,5,0,-1,-1,3,3,1,2021,76.0,1,2,0,1,2,1,1,,3,11,-1,,2,2,0,1,0,500,1,,7,1,0,1,50,7,10,1,64,64371,2,2,0,6,34 boulevard gambetta,43.222882,-0.891282,10,2,1
202100039497,131Â 004,A01,1,1,2,3,1,-1,-1,0,0,-1,2021,22.0,1,2,0,2,3,1,1,,3,4,-1,,2,2,0,1,1,255,1,, -1,1,5,1,80,18,5,1,62,62425,1,2,0,3,D4,50.210646,2.74853,18,2,2
202100056054,101Â 692,B01,1,1,2,9,1,0,-1,-1, -1,-1,2021,45.0,2,2,0,2,8,1,1,,7,D9 (BRETELLE),0,,2,2,0,1,1,233,1,, -1,1,0,1,50,6,1,3,13,13054,1,1,0,5,D9 (BRETELLE),43.39708,5.19814,18,5,3
202100054429,104Â 464,B01,2,2,2,3,1,0,-1,-1, -1,-1,2021,36.0,0,2,0,2,3,13,1,,3,RD 201_ROND POINT P.BLANCHE_LIMITE CIRCO,0,,2,2,0,1,4,700,1,, -1,2,9,1,80,18,1,1,60,60175,1,1,1,1,RD 201_ROND POINT P.BLANCHE_LIMITE CIRCO,49.24223,2.50309,11,6,2
202100008031,187Â 374,B01,1,1,1,5,2,6,-1,-1, -1,-1,2021,23.0,1,1,0,2,1,1,1,,7,ETATS UNIS (AV DES) DU 1AU 281,0,,2,2,0,1,1,866,1,, -1,1,0,1,50,8,11,1,31,31555,2,1,0,3,ETATS UNIS (AV DES) DU 1AU 281,43.63239,1.43167,11,2,2
202100031993,144Â 559,A01,2,2,2,9,8,0,-1,0,0,-1,2021,26.0,1,1,0,2,8,1,3,,4,PONT NOTRE DAME,0,,1,2,1,1,(1),(1),1,, -1,2,2,5,30,27,6,5,75,75104,2,2,1,3,PONT NOTRE DAME,48.855673,2.34832,2,3,2
202100023624,159Â 395,B01,1,1,1,0,2,6,-1,0,0,-1,2021,46.0,2,1,0,2,1,1,1,,7,,-1,,2,1,0,1,(1),(1),3,,3,1,0,1,-1,20,7,1,6,6149,2,1,0,1,119 Route de Laghet,43.746903,7.328766,18,2,2
202100046998,117Â 773,A01,1,1,1,1,1,-1,-1,0,0,-1,2021,31.0,1,2,0,2,4,23,1,,3,191,0,,2,2,0,1,88,850,3,, -1,1,9,1,50,24,3,1,78,78368,2,1,0,2,11 route de rambouillet,48.89476,1.867751,7,2,2
202100011335,181Â 466,B01,1,1,1,5,2,6,-1,-1, -1,-1,2021,18.0,2,1,0,2,1,1,1,,1,A4,0,,1,2,0,3,4,0,3,, -1,1,2,1,70,23,10,3,94,94069,1,1,0,2,A4,48.81657,2.44498,6,2,2
202100026353,154Â 590,A01,10,3,1,9,0,-1,-1,2,3,1,2021,17.0,1,2,0,1,1,1,1,,3,7,0,,2,3,0,1,0,0,1,, -1,1,0,1,50,30,7,1,92,92064,2,3,0,6,MARCEL DASSAULT,48.8566281075,2.2232937813,10,3,1
202100056432,101Â 028,B01,1,1,1,0,8,0,-1,-1, -1,-1,2021,42.0,2,2,0,2,1,1,1,,4,ROUTE DE L'ARPENTEUR,0,,2,2,0,1,(1),(1),1,, -1,2,0,1,50,1,1,5,95,95527,1,1,1,1,Route de lâArpenteur,49.0150276091,2.5304281712,6,2,2
202100000419,200Â 956,B01,1,1,2,5,1,0,-1,-1, -1,-1,2021,46.0,1,2,0,2,3,15,1,,3,ROUSSEAU (AVENUE JEAN JACQUES),0,,2,2,0,1,1,953,1,, -1,1,0,1,50,5,11,5,19,19031,2,2,0,3,ROUSSEAU (AVENUE JEAN JACQUES),45.14826,1.50933,22,3,2
202100019948,165Â 977,A01,1,1,1,5,2,6,-1,0,0,-1,2021,20.0,3,1,13,0,1,1,1,,4,,-1,,2,2,0,2,(1),(1),2,,4,9,0,3,80,4,9,1,35,35296,1,1,0,6,La Bruyere,48.257441,-1.671606,17,1,1
202100036667,136Â 170,B01,2,2,1,0,2,0,-1,-1, -1,-1,2021,21.0,1,1,0,2,2,1,1,,3,FELIX FAURE (BLD)  => 118/119,0,,2,2,0,1,0,0,1,, -1,1,0,1,50,3,6,1,93,93001,2,1,0,3,FELIX FAURE (BLD)  => 118/119,48.902934,2.384036,13,3,2
202100008900,185Â 831,A01,1,1,2,5,1,-1,-1,0,0,-1,2021,26.0,2,2,0,2,1,13,1,,2,,0,,2,2,0,1,(1),(1),1,, -1,1,0,1,50,9,11,1,988,98811,2,1,0,1,RT1 - Avenue de LAPITA,-21.057795,164.850143,14,3,2
202100045402,120Â 577,A01,10,3,2,5,0,-1,-1,2,5,1,2021,13.0,1,2,0,1,2,1,3,,4,BOUGAINVILLE (BOULEVARD),0,,2,2,1,1,(1),(1),3,, -1,1,0,1,50,2,4,1,29,29039,2,1,0,6,Boulevard Bougainville,47.8705926603,-3.9234586475,17,2,1
202100051741,109Â 209,A01,9,2,1,5,1,-1,-1,0,0,-1,2021,19.0,2,2,6,0,1,15,1,,3,775,-1,,2,2,0,1,46,175,1,, -1,1,0,3,80,12,2,2,56,56231,1,2,0,6,Pont de Kerhon,47.691248,-2.665204,17,5,1
202100046367,118Â 888,B01,1,1,1,5,8,0,-1,0,0,-1,2021,33.0,2,0,0,2,1,1,3,,4,RUE DU CAPITAINE TARRON,0,,1,2,1,2,(1),(1),1,, -1,1,-1,5,50,27,3,1,75,75120,2,4,0,5,RUE DU CAPITAINE TARRON,48.865388,2.40871,16,4,3
202100016542,172Â 060,A01,1,1,2,5,1,0,-1,0,0,-1,2021,30.0,2,2,8,0,3,13,1,,4,BOULEVARD DES FILLES DU CALVAIRE,0,,2,4,0,1,(1),(1),1,, -1,1,0,1,50,27,9,5,75,75103,2,2,0,6,BOULEVARD DES FILLES DU CALVAIRE,48.8624707594,2.3668895303,5,1,1
202100001774,198Â 622,A01,9,2,2,9,8,-1,-1,0,0,-1,2021,16.0,1,2,6,0,6,1,1,,3,108,0,D,2,2,0,1,20,50,4,, -1,2,2,1,80,24,12,2,79,79216,1,2,0,6,,46.252486,-0.322385,7,3,1
202100027981,151Â 690,B01,1,1,1,3,8,0,-1,-1, -1,-1,2021,54.0,1,1,0,2,3,1,5,,4,HUGUES CLOVIS,0,,2,2,0,1,0,0,1,, -1,1,0,1,50,20,7,1,93,93066,2,1,0,3,Rue Clovis Hugues,48.942865,2.374902,9,2,2
202100034721,139Â 653,B01,1,1,1,9,1,0,-1,-1, -1,-1,2021,22.0,1,2,0,2,1,2,1,,1,AUTOROUTE A6,0,,3,6,0,1,16,500,1,, -1,1,0,1,110,12,6,1,91,91216,1,1,0,4,AUTOROUTE A6,48.68152,2.33071,17,4,3
202100024583,157Â 716,B01,1,1,2,5,1,0,-1,-1, -1,-1,2021,26.0,2,2,0,2,1,16,1,,4,CHAPALAIN JEAN YVES (BD),0,,2,2,0,1,0,0,1,, -1,1,0,1,50,10,8,1,72,72181,2,3,0,3,CHAPALAIN JEAN YVES (BD),47.96893,0.22489,21,2,2
202100034842,139Â 431,A01,1,1,2,3,1,-1,-1,0,0,-1,2021,53.0,1,2,0,2,1,17,1,,3,23,0,D,2,2,0,1,4,350,1,, -1,1,0,1,80,12,6,1,44,44048,1,3,0,2,LE BOTTEREAU,47.376667,-1.247056,11,3,2
202100006981,189Â 289,B01,1,1,1,9,1,0,-1,-1, -1,-1,2021,34.0,1,2,0,2,0,0,1,,1,A5501DSens Lyon vers A55-Mlle Vieux Port,0,,1,2,0,2,0,1,3,, -1,1,2,1,90,7,11,3,13,13071,1,1,0,2,A5501DSens Lyon vers A55-Mlle Vieux Port,43.39652,5.29842,19,5,2
202100022474,161Â 461,B01,1,1,1,5,2,6,-1,0,0,-1,2021,30.0,2,1,0,2,2,1,1,,4,AVENUE MONTAIGNE,0,,1,3,0,1,(1),(1),1,, -1,1,0,1,50,26,8,1,75,75108,2,3,0,3,AVENUE MONTAIGNE,48.867738,2.307691,19,2,2
202100031592,145Â 283,A01,1,1,2,5,1,0,-1,0,0,-1,2021,31.0,2,2,0,2,7,1,1,,4,AVENUE FOCH,0,,2,6,0,1,(1),(1),1,, -1,1,0,1,50,28,6,5,75,75116,2,2,0,3,AVENUE FOCH,48.872203,2.284692,23,2,2
202100015444,174Â 100,A01,1,1,1,0,1,0,-1,-1, -1,-1,2021,57.0,0,2,0,0,0,26,1,,2,RN12,0,,-1,2,0,1,27,0,1,, -1,1,0,1,90,3,10,1,78,78423,1,1,0,6,RN12,48.794487,2.049665,13,1,1
202100024686,157Â 518,A01,2,2,2,0,1,-1,-1,0,0,-1,2021,65.0,2,2,3,2,0,0,1,,1,7,0,A,3,3,0,1,31,540,1,, -1,1,0,1,130,12,8,1,26,26002,1,1,0,3,Autoroute 7,45.258384,4.836344,10,6,2
202100018086,169Â 304,A01,1,1,1,0,1,0,-1,-1, -1,-1,2021,23.0,1,2,0,2,8,1,1,,1,A55-Sens Marseille vers Martigues,0,,1,4,0,1,4,0,1,, -1,1,0,1,90,19,9,2,13,13215,1,1,0,3,A55-Sens Marseille vers Martigues,43.3308,5.35469,6,2,2
202100031212,145Â 948,A01,1,1,1,5,8,0,-1,-1, -1,-1,2021,30.0,1,2,8,0,1,2,1,,3,WILSON (AV. DU PRESIDENT) 1 A 69,0,,1,1,0,1,1,0,1,, -1,1,0,1,30,3,7,2,93,93057,2,2,0,1,WILSON (AV. DU PRESIDENT) 1 A 69,48.90493,2.51029,5,1,1
202100052642,107Â 630,A01,1,1,2,0,2,6,-1,-1, -1,-1,2021,22.0,1,1,0,2,2,3,1,,2,RN12,0,,3,6,0,1,24,700,1,, -1,1,0,1,110,3,2,1,78,78646,1,1,0,2,RN12,48.79335,2.07506,16,2,2
202100003451,195Â 587,A01,2,2,1,5,1,8,-1,-1, -1,-1,2021,20.0,1,2,1,2,2,18,1,,3,AV DE VERSAILLES,0,,3,4,0,1,1,0,1,, -1,1,0,1,50,10,12,5,94,94073,2,1,0,3,Avenue de Versailles,48.75774,2.39007,22,3,2
202100008754,186Â 089,A01,10,3,2,3,0,-1,-1,3,3,1,2021,29.0,2,2,0,1,1,1,1,,4,RUE DE VAUGIRARD,0,,1,2,0,1,(1),(1),1,, -1,1,0,1,30,9,11,5,75,75115,2,3,0,6,RUE DE VAUGIRARD,48.840895,2.30588,18,2,1
202100045126,121Â 072,A01,1,1,1,5,2,6,-1,-1, -1,-1,2021,24.0,2,1,7,0,6,13,1,,7,RD 137,0,,1,1,0,2,5,630,3,, -1,1,3,1,50,4,4,1,35,35189,1,1,0,6,RD 29,48.1538164389,-1.7032402754,16,1,1
202100035752,137Â 802,Z01,10,3,1,4,8,8,-1,4,3,1,2021,54.0,1,2,0,1,1,16,1,,4,RUE DE PRONY,0,,2,2,0,1,(1),(1),1,, -1,1,0,1,30,7,6,1,75,75117,2,2,0,6,RUE DE PRONY,48.881744,2.305594,15,2,1
202100033088,142Â 600,A01,10,3,2,2,0,-1,-1,3,3,1,2021,12.0,1,2,0,0,7,1,2,,3,GENERAL DE GAULLE (AV DU),0,,2,2,0,1,1,0,1,, -1,1,0,1,30,14,6,1,94,94067,2,1,0,6,Avenue du GÃ©nÃ©ral de Gaulle,48.844445,2.417587,8,2,1
202100013753,177Â 127,A01,1,1,2,1,1,-1,-1,0,0,-1,2021,24.0,1,2,0,2,3,0,1,,3,3,-1,,2,2,0,2,2,400,1,, -1,1,0,1,80,12,10,3,54,54193,1,1,0,1,D3,48.9045193048,5.9493970873,20,2,2
202100055387,102Â 843,A01,1,1,1,3,1,-1,-1,0,0,-1,2021,44.0,0,2,6,0,3,1,1,,4,,-1,,2,2,0,1,(1),(1),1,, -1,2,0,3,50,12,1,5,60,60562,2,1,1,6,56 Rue de Sacy le Petit,49.352542,2.550619,17,1,1
202100049772,112Â 772,A01,1,1,2,9,2,6,-1,0,0,-1,2021,53.0,1,1,0,2,3,7,3,,4,BOULEVARD POISSONNIERE,0,,1,3,1,1,(1),(1),1,, -1,1,-1,6,30,28,2,1,75,75109,2,2,0,3,BOULEVARD POISSONNIERE,48.871481,2.34305,12,3,2
202100016459,172Â 207,B01,1,1,1,9,2,8,-1,-1, -1,-1,2021,32.0,3,1,0,2,7,1,1,,3,ROND POINT DE L'EUROPE,0,,1,2,0,1,0,1,1,, -1,1,9,1,50,27,9,1,77,77288,2,6,0,6,ROND POINT DE L'EUROPE,48.55235,2.64402,15,1,1
202100001575,198Â 997,A01,1,1,1,0,8,-1,-1,-1, -1,-1,2021,19.0,1,2,12,0,1,0,1,,7,               (AV),0,,3,6,3,1,1,800,1,, -1,1,0,1,50,23,12,5,69,69259,2,2,0,6,CHARLES DE GAULLE (AV),45.71125,4.90144,3,1,1
202100021319,163Â 546,A01,10,3,1,9,0,-1,-1,1,3,1,2021,26.0,2,2,0,1,7,1,1,,4,986,0,,2,2,0,1,0,0,1,, -1,1,0,1,50,1,9,1,92,92025,2,1,0,6,GABRIEL PERI (RUE),48.918227,2.238915,9,2,1
202100030254,147Â 686,B01,1,1,1,0,2,0,-1,-1, -1,-1,2021,63.0,1,1,0,2,3,2,1,,4,,0,,3,4,0,1,0,0,1,, -1,1,0,1,30,7,7,1,92,92012,2,1,0,3,COURS DE L'ILE SEGUIN,48.82661,2.23308,10,2,2
202100035372,138Â 482,A01,1,1,1,5,1,-1,-1,0,0,-1,2021,64.0,1,2,13,0,9,1,1,,3,786,-1,,2,2,0,1,10,950,2,, -1,1,0,1,80,10,6,1,29,29059,1,1,0,6,D786 - lieu dit Kercadiou,48.6186226709,-3.775638115,21,1,1
202100024379,158Â 106,A01,1,1,1,5,8,-1,-1,0,0,-1,2021,74.0,2,2,0,0,1,14,1,,3,14,-1,,2,2,0,3,16,950,2,, -1,1,0,3,80,12,8,1,35,35162,1,1,0,7,RD 14,48.4812573608,-1.0746906711,19,2,1
202100045025,121Â 244,A01,1,1,1,0,8,0,-1,-1, -1,-1,2021,25.0,3,1,0,2,3,1,1,,4,DE LATTRE DE TASSIGNY,0,,2,4,0,1,1,0,1,, -1,1,0,1,50,5,4,1,49,49007,2,1,0,3,DE LATTRE DE TASSIGNY,47.4527,-0.54127,16,2,2
202100044714,121Â 791,A01,10,3,2,5,0,-1,-1,3,3,1,2021,65.0,2,1,0,1,7,1,5,,4,BOULEVARD JOURDAN,0,,2,6,1,2,(1),(1),1,, -1,1,-1,5,50,8,4,1,75,75114,2,1,0,6,BOULEVARD JOURDAN,48.819713,2.341356,15,2,1
202100019440,166Â 889,B01,1,1,2,0,1,-1,-1,0,0,-1,2021,45.0,2,2,8,2,1,15,1,,3,93,0,D,2,2,0,1,27,225,1,, -1,1,0,1,80,10,9,1,35,35343,1,3,0,3,Rue des Marronniers,47.884564,-1.545403,15,3,2
202100028915,150Â 043,B01,1,1,2,5,2,-1,-1,0,0,-1,2021,15.0,0,1,0,2,1,5,5,,3,290,0,,2,2,0,2,3,300,1,, -1,2,0,1,50,15,7,1,38,38350,1,1,1,1,D290,45.242065,5.909207,10,2,2
202100017908,169Â 611,A01,1,1,1,3,0,-1,-1,0,0,-1,2021,71.0,1,2,2,0,0,1,1,,3,13,0,D,-1,2,0,1,18,500,3,, -1,1,0,3,80,18,9,1,51,51016,1,1,0,7,D13,48.584205,4.702299,16,1,1
202100016671,171Â 829,B01,4,2,2,5,3,0,-1,0,0,-1,2021,6.0,1,2,0,2,2,1,1,,4,AVENUE SIMON BOLIVAR,0,,2,3,0,2,(1),(1),1,, -1,1,0,1,30,26,9,1,75,75119,2,3,0,2,AVENUE SIMON BOLIVAR,48.8792869984,2.3743818243,17,4,2
202100036365,136Â 698,A01,10,3,2,5,0,-1,-1,3,3,2,2021,67.0,3,2,0,1,1,1,1,,4,LECONTE DE LISLE (AVENUE),0,,2,2,0,1,0,0,1,, -1,1,9,1,30,3,6,2,974,97411,2,1,0,1,LECONTE DE LISLE (AVENUE),-20.89547,55.4891,17,3,1
202100055036,103Â 437,B01,4,2,2,0,1,0,-1,-1, -1,-1,2021,9.0,1,2,0,2,4,23,1,,7,BERTHELOT (RUE MARCELIN BERTHELOT),0,,2,2,0,1,5,25,1,, -1,2,0,1,50,14,1,5,45,45147,2,1,1,2,274 Rue Marcelin Berthelot,47.93859,1.91884,17,6,2
202100011431,181Â 290,A01,1,1,1,0,1,0,-1,-1, -1,-1,2021,24.0,2,2,8,0,1,1,1,,4,ARTOIS (QU D),0,,1,1,1,1,0,0,1,, -1,1,0,4,50,23,10,5,94,94058,2,1,0,1,ARTOIS (QU D),48.83023,2.51291,5,1,1
202100011300,181Â 538,A01,1,1,1,5,0,-1,-1,0,0,-1,2021,39.0,0,1,0,0,0,1,1,,2,91,0,,2,2,0,1,21,0,1,, -1,2,0,1,60,21,10,3,987,98729,2,1,1,7,pk 21,-17.533189,-149.838611,18,1,1
202100010635,182Â 727,B01,1,1,1,1,2,6,-1,0,0,-1,2021,15.0,1,1,0,0,1,1,1,,4,431,-1,,2,2,0,1,22,525,1,, -1,1,0,1,50,28,10,1,37,37003,2,1,0,2,1 avenue anatole france,47.4187019123,0.9826507385,9,2,2
202100039894,130Â 280,A01,1,1,1,9,1,-1,-1,0,0,-1,2021,22.0,1,2,15,0,2,1,1,,3,927,-1,,1,2,0,1,3,850,1,, -1,2,0,4,50,16,5,5,60,60395,2,6,0,6,Rue Aristide Briand,49.221171,2.131208,0,2,1
202100052824,107Â 303,A01,2,2,1,3,1,-1,-1,0,0,-1,2021,25.0,1,4,6,0,1,1,1,,3,19,0,D,2,2,0,1,11,755,1,, -1,2,2,3,50,23,1,1,82,82038,2,1,1,6,Saint Pierre Livron,44.250909,1.771926,16,2,1
202100047018,117Â 731,A01,1,1,1,0,1,0,-1,-1, -1,-1,2021,80.0,1,2,7,0,7,15,1,,7,CHARLES DE GAULLE                   (AV),0,,2,6,3,1,0,500,1,, -1,1,0,1,50,22,3,1,69,69259,2,2,0,3,CHARLES DE GAULLE                   (AV),45.71757,4.8916,9,2,2
202100021631,162Â 960,A01,1,1,1,0,1,0,-1,-1, -1,-1,2021,16.0,1,2,1,0,1,0,1,,4,AMANDIERS (PARC LES),0,,1,2,0,2,0,0,1,, -1,1,0,4,30,30,8,5,13,13071,2,1,0,2,AMANDIERS (PARC LES),43.38716,5.33647,3,3,2
202100049768,112Â 780,A01,10,3,2,5,0,-1,-1,3,3,1,2021,59.0,1,2,0,1,2,16,1,,4,AVENUE KLEBER,0,,2,3,0,1,(1),(1),1,, -1,1,0,1,50,26,2,1,75,75116,2,4,0,6,RUE GALILEE,48.867293,2.290333,10,2,1
202100000490,200Â 829,A01,10,3,2,0,0,-1,-1,2,3,1,2021,74.0,3,2,0,1,3,15,1,,9,NIMES (ROUTE DE),0,,2,1,0,1,1,0,1,, -1,2,0,1,50,30,10,1,30,30028,2,1,1,6,NIMES (ROUTE DE),44.15341,4.6175,8,2,1
202100016855,171Â 491,A01,1,1,1,5,2,8,-1,-1, -1,-1,2021,65.0,1,1,0,0,7,15,1,,4,PRESIDENT WILSON (RUE DU),0,,2,3,0,1,(1),(1),2,, -1,1,0,1,50,23,9,1,71,71153,2,2,0,7,PRESIDENT WILSON (RUE DU),46.79757,4.43339,11,1,1
202100025524,156Â 045,A01,1,1,1,9,1,-1,-1,0,0,-1,2021,20.0,1,2,0,2,2,1,1,,3,300,-1,D,2,2,0,2,3,880,3,, -1,2,0,1,70,6,8,1,72,72295,1,1,0,1,lieu dit le marquoie,48.340363,0.347518,16,2,2
202100053690,105Â 763,A01,1,1,1,1,1,5,-1,-1, -1,-1,2021,23.0,1,2,9,0,1,21,1,,2,RN1013,0,,1,3,0,1,0,699,1,, -1,1,1,1,90,26,1,2,92,92062,1,1,0,6,RN1013,48.888585881,2.2350577697,18,1,1
202100011471,181Â 221,A01,1,1,1,5,2,9,-1,0,0,-1,2021,70.0,2,1,0,0,0,1,5,,3,7,-1,,2,2,0,2,5,850,1,, -1,1,0,1,50,24,10,1,70,70427,2,1,0,7,13 grande rue,47.749635,6.00097,16,1,1
202100025348,156Â 347,A01,1,1,1,4,1,-1,-1,0,0,-1,2021,58.0,2,4,13,0,7,1,1,,3,18,-1,D,2,2,0,1,31,500,1,, -1,1,0,3,80,3,8,1,81,81099,1,1,0,7,D18,43.923677,1.931534,18,1,1
202100017621,170Â 123,A01,2,2,2,5,2,-1,-1,-1, -1,-1,2021,20.0,1,1,0,2,0,0,3,,3,LOUIS BLERIOT,0,,2,3,2,1,3,402,1,, -1,1,0,1,50,20,9,3,76,76351,2,2,0,2,LOUIS BLERIOT,49.53048,0.09503,21,4,2
202100041285,127Â 811,A01,10,3,1,5,0,-1,-1,2,3,3,2021,12.0,1,2,0,1,3,1,1,,4,BOURBONNAIS (DU),0,,2,2,0,1,(1),(1),1,, -1,1,0,1,30,4,5,1,35,35238,2,1,0,6,BOURBONNAIS (DU),48.12068,-1.71101,16,2,1
202100015161,174Â 611,B01,1,1,1,1,1,-1,-1,0,0,-1,2021,41.0,1,2,0,2,1,17,1,,3,D712,-1,,2,2,0,1,34,600,1,, -1,1,0,1,80,6,10,1,29,29068,1,3,0,3,D712 - Kerriou,48.521806,-3.963876,16,2,2
202100040113,129Â 897,B01,1,1,1,0,1,-1,-1,0,0,-1,2021,44.0,1,2,0,2,6,2,1,,2,4,0,,3,4,0,4,28,0,1,, -1,1,0,1,110,14,5,1,57,57614,1,1,0,2,PR 028.000 Route Nationale 4,48.754138,7.180059,8,2,2