Num_Acc,id_vehicule,num_veh,place,catu,sexe,trajet,secu1,secu2,secu3,locp,actp,etatp,year_acc,victim_age,senc,catv,obs,obsm,choc,manv,motor,occutc,catr,voie,v1,v2,circ,nbv,vosp,prof,pr,pr1,plan,lartpc,larrout,surf,infra,situ,vma,jour,mois,lum,dep,com,agg_,int,atm,col,adr,lat,long,hour,nb_victim,nb_vehicules
202100020756,164Â 533,B01,1,1,1,5,2,-1,-1,0,0,-1,2021,56.0,1,0,0,2,4,2,3,,3,D101,0,,2,2,0,1,3,35,1,, -1,1,0,1,80,6,9,1,33,33193,1,1,0,2,,45.449956,-1.077969,8,2,2
202100044973,121Â 342,A01,1,1,1,9,1,0,-1,0,0,-1,2021,41.0,3,2,11,0,1,13,1,,4,ALLEE DU BORD DE L EAU,0,,2,2,0,1,(1),(1),1,, -1,1,0,1,50,5,4,5,75,75116,2,4,0,6,ALLEE DU BORD DE L EAU,48.874144,2.244757,0,1,1
202100024189,158Â 430,A01,2,2,1,5,1,-1,-1,0,0,-1,2021,27.0,2,5,6,0,2,1,1,,3,125,-1,,2,2,0,1,15,600,1,, -1,1,0,3,80,14,8,3,28,28339,1,1,0,6,D125,48.430144,1.272869,23,2,1
202100024147,158Â 496,Z01,10,3,1,9,0,-1,-1,3,3,1,2021,28.0,2,2,0,1,3,13,1,,4,RUE ORDENER,0,,2,4,0,1,(1),(1),1,, -1,1,0,1,50,14,8,1,75,75118,2,3,0,6,RUE ORDENER,48.8902936739,2.3583242775,10,2,1
202100019637,166Â 542,A01,1,1,1,9,8,-1,-1,0,0,-1,2021,38.0,0,1,0,1,1,1,5,,3,JEAN LEROY (RUE),0,,2,2,3,1,(1),(1),1,, -1,9,0,5,30,7,9,1,80,80489,1,1,0,6,JEAN LEROY (RUE),49.8641720205,2.3491147198,8,2,1
202100047342,117Â 144,B01,2,2,2,0,1,0,-1,0,0,-1,2021,25.0,1,2,0,2,7,1,1,,4,RESISTANCE (AV. DE LA -IMPAIR-),0,,2,4,0,3,(1),(1),1,, -1,1,0,1,50,18,3,1,54,54304,2,3,0,3,RESISTANCE (AV. DE LA -IMPAIR-),48.6945917202,6.1280208081,12,3,2
202100025802,155Â 570,B01,1,1,1,9,2,6,-1,0,0,-1,2021,62.0,1,1,0,0,4,2,1,,2,249,-1,,3,4,0,1,3,100,1,, -1,1,3,1,80,3,8,2,44,44009,1,1,0,2,N249,47.215458,-1.452572,6,2,2
202100053055,106Â 888,B01,1,1,1,5,2,8,-1,-1, -1,-1,2021,65.0,2,1,0,2,4,1,5,,4,,0,,2,2,0,1,(1),(1),2,, -1,1,5,1,50,30,1,1,34,34172,2,6,0,3,FAJON (ROND-POINT PAUL),43.59614,3.83658,11,2,2
202100014097,176Â 503,A01,4,2,1,0,1,0,-1,-1, -1,-1,2021,10.0,1,2,4,2,3,1,1,,1,AUTOROUTE A6,0,,3,6,0,1,9,600,1,, -1,1,0,1,90,9,10,1,91,91689,1,1,0,6,AUTOROUTE A6,48.7383602982,2.3179686934,17,2,1
202100005077,192Â 702,B01,1,1,1,2,2,6,-1,-1, -1,-1,2021,15.0,1,1,0,2,1,1,1,,4,NOURRIC (CHEMIN DE),0,,2,2,0,4,0,0,4,, -1,1,0,1,50,2,12,1,32,32013,2,1,0,3,NOURRIC (CHEMIN DE),43.63441,0.59585,13,2,2
202100043154,124Â 534,B01,1,1,1,0,1,0,-1,-1, -1,-1,2021,73.0,3,2,0,2,9,26,1,,7,SCHUMAN ROBERT BOULEVARD,0,,1,3,0,1,(1),(1),3,, -1,1,5,1,70,20,4,1,59,59350,1,1,0,5,SCHUMAN ROBERT BOULEVARD,50.64841,3.06826,11,6,4
202100021776,162Â 700,A01,10,3,2,5,0,-1,-1,8,9,1,2021,31.0,3,2,0,1,1,26,1,,4,PAIN DE SUCRE (CHEMIN),0,,-1,1,0,2,(1),(1),1,, -1,1,9,4,20,29,8,1,54,54165,1,1,0,6,PAIN DE SUCRE (CHEMIN),48.7186588094,6.2213636935,18,3,1
202100031701,145Â 093,A01,1,1,1,9,8,0,-1,-1, -1,-1,2021,50.0,1,1,0,2,7,19,6,,4,BD DE L EMBOUCHURE,0,,1,4,3,1,(1),(1),1,, -1,1,0,1,50,29,6,1,31,31555,2,1,0,3,BD DE L EMBOUCHURE,43.611791,1.422091,17,2,2
202100033134,142Â 529,A01,1,1,1,5,2,6,-1,0,0,-1,2021,17.0,0,1,0,2,3,9,1,,4,1,0,V,3,2,0,1,1,0,1,, -1,1,0,1,50,22,6,1,30,30146,1,2,0,3,Chemin d Anduzette,43.990858,4.09974,12,2,2
202100038285,133Â 213,A01,1,1,1,1,1,-1,-1,0,0,-1,2021,62.0,1,2,16,0,9,1,1,,3,155,2,D,2,2,0,2,4,300,2,, -1,1,0,3,80,26,5,1,30,30090,1,1,0,7,d155,44.376463,3.976707,16,1,1
202100013560,177Â 482,A01,10,3,1,0,0,-1,-1,1,3,1,2021,38.0,1,2,0,1,1,1,1,,2,ROUTE NATIONALE 227,0,,-1,4,0,1,8,800,3,, -1,2,0,1,90,12,10,5,59,59009,1,1,0,6,ROUTE NATIONALE 227,50.64239,3.14451,23,2,1
202100011716,180Â 787,A01,1,1,2,5,2,-1,-1,0,0,-1,2021,59.0,2,1,0,0,0,1,5,,3,808,0,D,2,2,0,2,7,400,1,, -1,1,0,3,90,23,10,1,48,48072,1,1,0,7,D808,44.504249,3.340402,17,1,1
202100037767,134Â 154,B01,1,1,2,9,1,0,-1,-1, -1,-1,2021,66.0,1,2,0,2,4,15,1,,4,JEAN JACQUES DE MONAIX,0,,2,2,0,1,0,0,1,, -1,1,0,1,50,28,5,1,64,64445,2,2,0,2,JEAN JACQUES DE MONAIX,43.30343,-0.35705,8,2,2
202100029215,149Â 536,A01,1,1,1,3,2,-1,-1,0,0,-1,2021,54.0,1,6,16,0,2,1,1,,3,67,0,D,2,2,0,2,1,1,3,, -1,2,0,3,80,13,7,1,9,9057,1,1,1,7,tartein,42.900692,1.328853,19,1,1
202100001242,199Â 549,B01,1,1,1,9,0,-1,-1,0,0,-1,2021,17.0,2,1,0,2,1,19,5,,7,21,0,,3,2,2,1,3,600,1,, -1,1,5,1,30,29,12,1,13,13014,2,3,0,3,Avenue Joliot Curie,43.481251,5.176136,14,2,2
202100052836,107Â 278,B01,10,3,1,4,0,-1,-1,1,4,1,2021,32.0,1,4,0,1,1,23,1,,4,,-1,,2,2,0,2,(1),(1),1,, -1,8,0,1,30,2,2,1,38,38486,2,1,0,2,Rue du Jouffrey,45.15464,5.676246,8,3,2
202100030855,146Â 607,B01,1,1,2,1,1,0,-1,0,0,-1,2021,37.0,1,2,0,2,2,1,1,,4,AVENUE DE SAINT OUEN,0,,2,3,0,1,(1),(1),1,, -1,1,0,1,30,3,7,1,75,75118,2,2,0,3,AVENUE DE SAINT OUEN,48.897626,2.329016,18,5,2
202100028919,150Â 037,A01,1,1,1,1,1,-1,-1,0,0,-1,2021,19.0,2,2,0,2,8,13,1,,3,562,-1,,2,3,0,2,3,250,1,, -1,1,0,1,90,16,7,3,14,14174,1,1,0,3,D562,48.858503,-0.535991,4,2,2
202100008901,185Â 829,A01,1,1,1,5,2,6,9,0,0,-1,2021,21.0,1,1,0,0,0,0,1,,3,41,-1,,2,2,0,1,(1),(1),1,, -1,1,0,1,70,9,11,3,974,97408,1,1,0,7,CD 41,-20.926951,55.344465,10,1,1
202100045331,120Â 708,A01,2,2,1,5,1,0,-1,-1, -1,-1,2021,22.0,2,2,4,0,3,21,1,,1,A7-Sens Marseille vers Lyon,0,,1,3,0,1,276,0,1,, -1,1,0,1,90,3,4,1,13,13215,1,1,0,6,A7-Sens Marseille vers Lyon,43.35905,5.36224,15,2,1
202100055464,102Â 707,B01,1,1,1,3,2,-1,-1,-1, -1,-1,2021,57.0,1,1,0,2,1,1,1,,7,43,0,,2,3,0,1,0,200,1,, -1,1,-1,1,50,9,1,5,76,76108,2,2,0,4,Rue de la Republique,49.47243,1.11227,19,3,3
202100012455,179Â 448,A01,10,3,2,9,0,-1,-1,3,3,1,2021,52.0,1,2,0,1,1,1,1,,4,DESBALS (RUE HENRI),0,,3,4,0,1,(1),(1),1,, -1,1,0,1,50,18,10,1,31,31555,2,1,0,6,DESBALS (RUE HENRI),43.57908,1.411,10,2,1
202100000931,200Â 085,B01,1,1,1,0,8,-1,-1,0,0,-1,2021,51.0,1,1,0,0,0,0,1,,2,1,-1,,2,2,0,1,7,800,1,,7,1,0,8,80,30,12,3,973,97307,1,1,0,7,RN 1,4.894085,-52.354816,4,2,1
202100044868,121Â 518,A01,1,1,1,5,0,-1,-1,0,0,-1,2021,10.0,3,1,0,2,1,19,5,,4,,-1,,2,2,0,1,(1),(1),3,, -1,1,0,1,50,7,4,1,61,61097,2,3,0,3,Residence du Plan d'Eau,48.485197,0.652104,16,2,2
202100032709,143Â 300,A01,1,1,1,5,8,8,-1,-1, -1,-1,2021,30.0,2,0,0,2,3,10,3,,2,PARIS (R DE),0,,1,4,0,1,1,0,1,, -1,1,0,1,50,23,6,1,94,94078,2,1,0,1,PARIS (R DE),48.73566,2.44683,14,2,2
202100035853,137Â 609,A01,2,2,1,5,1,-1,-1,-1, -1,-1,2021,20.0,2,2,0,2,1,2,1,,7,RD383   11.750 A 14.250,0,,1,3,0,1,12,0,1,, -1,1,0,1,70,7,6,1,69,69259,1,1,0,2,LAURENT BONNEVAY (BD),45.7204,4.8822,13,3,2
202100000348,201Â 092,A01,10,3,2,5,0,-1,-1,2,3,1,2021,79.0,2,2,0,1,3,1,1,,4,SCHUMAN (AV. ROBERT),0,,3,0,0,1,0,0,1,, -1,1,0,1,50,13,9,1,2,2691,2,1,0,6,SCHUMAN (AV. ROBERT),49.8597903422,3.2969641683,10,2,1
202100052080,108Â 626,A01,7,2,2,5,1,-1,-1,0,0,-1,2021,55.0,1,2,4,2,1,1,1,,1,10,0,,3,5,0,1,41,0,1,, -1,7,0,1,130,10,2,1,28,28363,1,1,1,5,a10,48.416726,1.898317,17,4,2
202100017798,169Â 806,A01,1,1,2,0,2,-1,-1,-1, -1,-1,2021,36.0,3,0,0,0,1,26,5,,4,CHEMIN NEUF (DU)                    (MO),0,,1,1,2,2,(1),(1),1,, -1,2,0,5,30,20,9,1,69,69385,2,1,1,7,CHEMIN NEUF (DU) (MO),45.76035,4.82473,18,1,1
202100047062,117Â 648,B01,1,1,2,4,2,0,-1,-1, -1,-1,2021,32.0,1,1,0,2,1,9,3,,3,AV DE LA REPUBLIQUE,0,,2,2,0,1,1,0,1,, -1,1,5,1,50,22,3,1,94,94033,2,2,0,1,DALAYRAC (R),48.84965,2.45643,14,2,2
202100021586,163Â 047,B01,1,1,1,0,1,5,-1,-1, -1,-1,2021,22.0,1,2,0,2,1,1,1,,4,BIANCAMARIA COLONEL ET CAPITAINE AVE,0,,2,2,0,3,(1),(1),1,, -1,1,0,1,50,31,8,5,201,201004,2,2,0,1,MontÃ©e Saint Jean,41.9329692519,8.7374118358,21,2,2
202100025767,155Â 627,B01,1,1,1,9,2,6,-1,0,0,-1,2021,22.0,2,1,0,2,1,1,1,,4,BOULEVARD MASSENA,0,,2,2,0,1,(1),(1),1,, -1,2,0,1,50,3,8,1,75,75113,2,2,0,3,BOULEVARD MASSENA,48.820124,2.36466,8,2,2
202100045778,119Â 923,A01,1,1,1,5,2,6,-1,-1, -1,-1,2021,21.0,3,1,0,2,1,21,1,,4,COROT (AVENUE),0,,2,2,0,1,0,0,1,, -1,1,0,1,50,31,3,1,13,13213,2,1,0,2,COROT (AVENUE),43.3238444613,5.4050695097,16,2,2
202100055440,102Â 757,A01,10,3,1,0,0,-1,-1,1,3,1,2021,64.0,2,2,0,1,3,1,1,,2,GENERAL DE GAULLE (BLD DU),0,,3,5,0,1,0,0,1,, -1,1,0,1,30,11,1,1,972,97209,2,1,0,6,GENERAL DE GAULLE (BLD DU),14.6074,-61.06822,7,2,1
202100033698,141Â 529,A01,3,2,1,5,0,-1,-1,0,0,-1,2021,22.0,1,2,8,0,3,1,1,,3,6,-1,,2,2,0,2,5,500,3,, -1,2,0,3,50,19,6,4,971,97132,2,1,0,6,Route de la Plage,15.963253,-61.66019,4,3,1
202100055400,102Â 821,A01,1,1,1,1,8,-1,-1,0,0,-1,2021,50.0,1,2,6,0,1,1,1,,3,2,0,D,2,2,0,4,30,493,4,, -1,2,0,3,70,13,1,1,85,85204,1,1,1,6,BEL AIR,46.815157,-1.730003,15,1,1
202100045192,120Â 960,B01,1,1,2,5,2,-1,-1,0,0,-1,2021,72.0,1,1,0,2,3,2,0,,3,64,-1,,2,2,0,1,6,400,1,, -1,1,0,1,90,2,4,1,34,34299,1,1,1,3,D64,43.264613,3.284225,10,2,2
202100049280,113Â 672,A01,10,3,2,1,0,-1,-1,1,3,1,2021,39.0,2,2,0,1,3,1,1,,4,AVENUE PIERRE MENDES FRANCE,0,,1,2,3,1,(1),(1),1,, -1,1,0,1,50,4,3,1,75,75113,2,1,0,6,AVENUE PIERRE MENDES FRANCE,48.840105,2.36879,12,2,1
202100029648,148Â 793,A01,2,2,2,5,1,-1,-1,0,0,-1,2021,75.0,1,2,0,2,1,2,1,,1,11,-1,,1,3,0,1,113,800,1,,"13,5",1,0,1,130,11,7,1,28,28018,1,1,0,2,Autoroute Oceane - A11,48.203726,0.895557,13,4,2
202100014298,176Â 145,A01,1,1,2,5,1,0,-1,-1, -1,-1,2021,25.0,2,2,13,0,1,14,1,,3,RD 188 CHEVREUSE,0,,2,2,0,1,7,510,1,, -1,1,2,3,90,8,10,3,91,91661,1,1,0,7,RD 188 CHEVREUSE,48.696387,2.220981,20,1,1
202100034486,140Â 084,B01,1,1,1,1,8,-1,-1,0,0,-1,2021,26.0,1,2,1,0,6,24,1,,4,783,-1,,2,2,0,1,(1),(1),1,, -1,1,0,1,50,12,6,1,29,29236,2,1,0,6,Rue Alain Berthou,47.845374,-3.695851,18,2,2
202100017631,170Â 105,B01,2,2,2,0,1,0,-1,0,0,-1,2021,14.0,3,2,0,2,1,1,1,,7,CHARME (RUE DE LA),0,,2,2,0,1,(1),(1),1,, -1,1,0,1,50,20,9,1,63,63113,2,1,0,1,CHARME (RUE DE LA),45.81159,3.1318,16,3,2
202100039432,131Â 118,A01,10,3,2,1,8,-1,-1,3,3,1,2021,34.0,2,1,0,1,3,17,0,,4,FLORIAN      (Rue),0,,2,2,0,1,(1),(1),1,, -1,1,0,1,50,18,5,1,69,69266,2,2,0,6,FLORIAN (R),45.76186,4.88079,12,2,1
202100029209,149Â 546,A01,1,1,1,5,8,-1,-1,0,0,-1,2021,38.0,1,2,0,2,1,2,1,,3,930,0,,2,2,0,1,8,858,1,, -1,1,0,1,50,13,7,1,2,2658,2,1,0,2,Rue de Paris,49.811089,3.184372,19,4,2
202100000038,201Â 693,B01,1,1,1,5,-1,-1,-1,0,0,-1,2021,20.0,1,1,0,2,1,1,5,,4,,-1,,2,2,0,1,(1),(1),1,, -1,1,0,1,50,2,9,1,71,71540,2,1,0,2,Route des Perraudins,46.766889,4.456624,11,2,2
202100005177,192Â 527,A01,1,1,1,5,1,-1,-1,0,0,-1,2021,27.0,1,2,6,0,1,1,1,,7,D8,-1,,2,2,0,1,(1),(1),1,, -1,2,0,3,90,3,12,5,13,13042,1,1,1,1,D8n,43.273671,5.638218,4,2,1
202100054001,105Â 223,B01,1,1,1,5,2,6,-1,0,0,-1,2021,51.0,1,1,0,2,3,1,0,,3,38,0,,2,2,0,2,10,(1),4,, -1,1,0,1,70,24,1,1,83,83133,1,1,0,3,RD.38 - PK10,43.5960987169,6.8582582474,13,3,2
202100046127,119Â 312,B01,1,1,1,1,2,6,-1,-1, -1,-1,2021,17.0,1,1,0,2,4,1,1,,4,SAINT EXUPERY AVENUE,0,,2,2,0,1,(1),(1),1,, -1,1,0,1,50,29,3,1,13,13047,2,1,0,4,SAINT EXUPERY AVENUE,43.523109,4.978935,8,3,3
202100002807,196Â 751,A01,1,1,1,1,2,6,-1,-1, -1,-1,2021,22.0,1,1,0,2,1,3,1,,3,PINCE VENT (AV DE),0,,2,2,0,1,1,0,1,, -1,1,0,1,50,14,12,1,94,94055,2,3,0,3,Avenue de Pince Vent,48.78941,2.54894,8,2,2
202100028529,150Â 722,A01,1,1,1,5,2,6,-1,0,0,-1,2021,33.0,1,1,0,0,1,1,1,,3,28,0,,2,2,0,1,23,920,1,,4,1,0,1,50,18,7,1,71,71310,2,2,0,7,Rue du Bois Bretoux,46.737522,4.477589,12,1,1
202100007155,188Â 979,A01,10,3,2,2,8,-1,-1,3,3,1,2021,19.0,1,2,0,1,3,1,0,,4,DOCTEUR TERVER (DU)        AV,0,,2,2,0,1,(1),(1),1,, -1,1,6,1,50,18,11,1,69,69081,2,7,0,6,DOCTEUR TERVER (DU) (AV),45.77447,4.77872,14,2,1
202100049980,112Â 403,B01,4,2,2,5,1,0,-1,-1, -1,-1,2021,17.0,2,2,0,2,4,2,1,,1,A4.W,0,,-1,4,0,1,19,0,1,, -1,1,0,1,110,27,2,1,77,77258,1,1,0,2,A4.W,48.8305927235,2.6321617785,16,4,2
202100009212,185Â 246,B01,1,1,1,0,8,0,-1,-1, -1,-1,2021,14.0,1,1,0,2,0,19,5,,3,FrÃ©dÃ©ric JALTON,0,,2,1,0,1,(1),(1),1,, -1,1,6,1,50,5,11,5,971,97101,2,1,0,3,FrÃ©dÃ©ric JALTON,16.2795720542,-61.4978653193,19,2,2
202100044300,122Â 478,A01,1,1,1,9,2,0,-1,0,0,-1,2021,45.0,2,1,0,2,3,18,1,,4,BOULEVARD DE MENILMONTANT,0,,1,2,1,1,(1),(1),1,, -1,1,-1,5,50,12,4,1,75,75111,2,2,0,3,BOULEVARD DE MENILMONTANT,48.864026,2.385995,11,3,2
202100027788,152Â 045,B01,1,1,1,4,2,6,-1,-1, -1,-1,2021,28.0,1,1,0,2,1,1,0,,4,MAILLASSON (ALLEE),0,,1,0,0,1,0,0,1,, -1,1,0,1,50,21,7,2,92,92012,2,1,0,2,MAILLASSON (ALLEE),48.8336902375,2.2406213548,20,2,2
202100056202,101Â 431,A01,1,1,1,9,8,-1,-1,0,0,-1,2021,60.0,1,2,13,0,1,13,1,,3,672,-1,,2,2,0,2,13,58,3,, -1,1,0,3,80,4,1,3,33,33316,1,1,0,6,Lieu Dit Freminet,44.754395,0.138407,20,1,1
202100044666,121Â 874,A01,10,3,1,9,0,-1,-1,2,B,1,2021,49.0,3,3,0,1,1,1,1,1.0,4,LOUIS MICHOY                        (R ),0,,2,2,0,1,(1),(1),1,, -1,1,0,1,50,8,4,1,69,69256,2,1,0,6,LOUIS MICHOY (R),45.78579,4.91096,16,2,1
202100002147,197Â 948,B01,1,1,1,5,8,0,-1,-1, -1,-1,2021,15.0,3,1,0,2,8,1,1,,4,PALUDS (Z.I. DES ),0,,2,2,0,1,1,0,1,, -1,1,9,1,30,18,12,1,13,13005,2,1,0,3,PALUDS (Z.I. DES ),43.2910966601,5.5941158522,13,2,2
202100046176,119Â 230,A01,3,2,1,5,1,-1,-1,0,0,-1,2021,34.0,1,2,13,0,2,0,1,,3,18,-1,,2,2,0,1,25,100,2,, -1,1,0,3,80,28,3,1,29,29266,1,1,0,6,KeramblocâH,48.471115,-3.965356,18,3,1
202100018182,169Â 111,B01,2,2,2,5,1,0,-1,0,0,-1,2021,32.0,1,2,0,2,4,2,1,,4,AVENUE FRANKLIN D ROOSEVELT,0,,2,3,0,1,(1),(1),1,, -1,1,0,1,50,18,9,1,75,75108,2,2,0,4,AVENUE FRANKLIN D ROOSEVELT,48.866833,2.310253,16,7,3
202100033715,141Â 497,A01,1,1,1,5,8,-1,-1,0,0,-1,2021,20.0,2,2,6,0,1,0,1,,4,,-1,,2,2,0,2,(1),(1),4,,4,1,9,8,50,19,6,3,70,70160,2,1,0,6,24 Rue de la Fontaine aux Dames,47.578053,6.702986,1,1,1
202100018094,169Â 281,B01,1,1,2,0,1,8,-1,-1, -1,-1,2021,23.0,1,2,0,2,4,2,1,,1,AUTOROUTE A1,0,,3,8,0,1,11,399,1,, -1,1,0,1,110,19,9,1,93,93005,1,1,0,4,AUTOROUTE A1,48.95771,2.46214,18,7,6
202100031213,145Â 947,A01,10,3,2,0,0,-1,-1,5,B,2,2021,2.0,3,2,0,1,3,26,6,,3,PLACE SAINT JUSTE,0,,2,3,0,1,0,0,1,, -1,1,9,1,50,3,7,1,93,93008,2,2,0,6,Avenue Paul Vaillant - Couturier / Avenue Edouard Vaillant,48.90594,2.46963,20,2,1
202100021622,162Â 981,B01,1,1,1,9,0,-1,-1,-1, -1,-1,2021,45.0,2,1,0,2,8,15,5,,4,CRS DU MARECHAL GALLIENI,0,,2,2,0,1,(1),(1),1,, -1,1,0,1,50,31,8,1,33,33063,2,9,0,3,Cours du MarÃ©chal Gallieni,44.8239,-0.5919,11,2,2
202100047162,117Â 467,A01,9,2,1,5,1,-1,-1,0,0,-1,2021,19.0,2,2,8,0,4,1,1,,3,622,0,D,2,2,0,1,8,550,1,, -1,1,0,3,80,21,3,3,31,31517,1,1,0,6,Mounet,43.332397,1.343347,19,4,1
202100036768,135Â 985,B01,1,1,1,5,2,0,-1,-1, -1,-1,2021,79.0,3,1,0,2,0,0,0,,4,ANCIEN THEATRE (RUE DE L'),0,,2,2,0,1,1,0,1,, -1,2,0,1,50,2,6,1,90,90010,2,1,1,3,ANCIEN THEATRE (RUE DE L'),47.63746,6.86276,17,2,2
202100012305,179Â 739,B01,1,1,1,5,2,-1,-1,0,0,-1,2021,47.0,1,1,0,0,4,1,1,,3,37,0,,2,2,0,1,2,286,2,, -1,2,0,1,70,2,10,1,44,44169,1,1,1,2,RD104,47.246997,-1.400323,17,3,2
202100011259,181Â 607,A01,1,1,1,5,2,6,9,0,0,-1,2021,35.0,0,1,8,0,7,1,1,,3,50,0,D,2,2,0,1,(1),(1),3,, -1,9,0,4,50,24,10,5,80,80065,2,1,0,6,17 Rue d Hamel,50.077549,2.682434,20,1,1
202100036228,136Â 931,B01,1,1,1,0,1,0,-1,-1, -1,-1,2021,30.0,0,2,0,2,3,1,1,,4,JEAN CASALE (RUE),0,,2,4,0,1,0,0,1,, -1,1,0,1,50,5,6,1,91,91687,2,2,0,3,JEAN CASALE (RUE),48.67706,2.36912,17,2,2
202100005421,192Â 107,A01,1,1,1,3,1,-1,-1,0,0,-1,2021,20.0,0,2,0,2,1,0,1,,3,82,0,D,2,2,0,1,0,0,2,, -1,2,0,1,80,2,12,3,38,38343,1,1,1,1,D82,45.560221,5.622653,16,2,2
202100038558,132Â 723,A01,1,1,1,9,2,4,6,0,0,-1,2021,33.0,1,1,6,0,1,19,1,,3,,-1,,2,2,0,2,84,530,1,, -1,1,0,4,50,25,5,1,56,56101,2,1,0,6,26 Rue de la LibÃ©ration,47.834716,-3.154316,11,1,1
202100051679,109Â 321,B01,1,1,2,0,8,-1,-1,-1, -1,-1,2021,34.0,2,1,0,2,1,1,0,,4,,0,,1,1,3,1,(1),(1),1,, -1,2,4,6,50,12,2,1,33,33063,2,1,0,3,Cours dâAlsace et Lorraine,44.837745,-0.571549,13,2,2
202100035701,137Â 896,B01,2,2,2,0,1,0,-1,-1, -1,-1,2021,31.0,1,2,0,2,4,2,1,,4,CHARLES DE GAULLE,0,,2,3,0,1,0,0,1,, -1,1,0,1,50,7,6,1,64,64348,2,1,0,4,CHARLES DE GAULLE,43.3129,-0.41601,11,4,3
202100028963,149Â 956,A01,1,1,1,1,8,-1,-1,-1, -1,-1,2021,43.0,1,1,0,2,1,25,3,,4,ST CYR (DE)                         (R ),0,,2,3,2,1,(1),(1),1,, -1,1,0,4,50,13,7,1,69,69389,2,1,0,3,ST CYR (DE) (R),45.7885438196,4.8079338723,12,2,2
202100007594,188Â 164,A01,1,1,1,0,1,8,-1,-1, -1,-1,2021,58.0,1,2,0,2,4,15,1,,4,LAVOISIER (RUE),0,,2,2,0,1,0,0,1,, -1,1,9,1,50,11,11,1,67,67482,2,1,0,3,LAVOISIER (RUE),48.6026,7.72001,13,2,2
202100045675,120Â 095,A01,2,2,2,3,1,-1,-1,0,0,-1,2021,87.0,3,2,13,0,1,1,0,,4,,-1,,2,2,0,3,(1),(1),2,, -1,1,0,3,80,30,3,1,56,56078,1,1,1,6,Lieu-dit le Poux,47.776663,-3.467184,11,2,1
202100024229,158Â 362,B01,2,2,2,5,2,0,-1,-1, -1,-1,2021,23.0,1,1,0,2,7,0,1,,3,3,0,,2,2,0,1,0,0,1,, -1,1,0,1,50,13,8,1,976,97611,2,9,0,3,vahibe-Mariage (rue -vahibÃ©),-12.79088,45.17885,9,3,2
202100031875,144Â 779,B01,1,1,1,5,8,0,-1,-1, -1,-1,2021,54.0,2,0,0,2,1,1,0,,4,CHASSEURS (RUE DES),0,,2,5,0,1,(1),(1),1,, -1,1,0,1,50,28,6,1,34,34172,2,2,0,1,CHASSEURS (RUE DES),43.60285,3.85522,19,3,2
202100014424,175Â 914,B01,1,1,1,4,0,-1,-1,0,0,-1,2021,45.0,3,1,0,2,1,0,3,,4,TOULOUSE (RUEÂ° RUNGIS MIN,0,,1,2,0,1,0,0,1,, -1,1,0,8,30,8,10,1,94,94021,2,2,0,3,rue de Toulouse,48.761704,2.351776,9,2,2
202100052331,108Â 177,A01,1,1,1,0,2,0,-1,-1, -1,-1,2021,21.0,1,1,0,2,1,1,1,,3,ALMA (AV DE L),0,,2,2,0,1,1,0,1,, -1,1,2,1,50,5,2,5,94,94011,2,1,0,2,ALMA (AV DE L),48.784,2.495,19,2,2
202100024069,158Â 629,A01,2,2,2,5,0,-1,-1,0,0,-1,2021,14.0,2,6,6,0,2,1,1,,4,0,0,X,2,2,0,1,(1),(1),1,, -1,1,0,4,50,15,8,1,27,27057,2,1,0,6,3 Rue RenÃ© VallÃ©e,49.067711,1.044078,16,2,1
202100010582,182Â 812,A01,10,3,2,0,8,8,-1,2,3,-1,2021,45.0,2,2,0,1,7,1,1,,4,"""STRASBOURG, NR 36 ET SUIV ET 73 ET SUIV",0,,2,2,0,1,0,9,1,, -1,1,0,1,50,28,10,1,93,93066,2,1,0,6,"""STRASBOURG, NR 36 ET SUIV ET 73 ET SUIV",48.9360812567,2.3695904028,13,3,1
202100050820,110Â 841,A01,1,1,1,5,8,-1,-1,0,0,-1,2021,88.0,1,2,0,0,0,1,1,,3,17,0,D,-1,2,0,1,9,430,1,0,"4,4",1,0,8,80,19,2,1,16,16180,1,1,0,7,Lieu-dit Le Pont,45.277121,0.188892,16,2,1
202100042330,125Â 959,A01,10,3,2,9,0,-1,-1,2,3,1,2021,49.0,1,1,0,1,1,1,1,,4,ROGER SALENGRO (AVENUE),0,,2,2,0,1,(1),(1),1,, -1,1,0,1,50,27,4,4,13,13215,2,1,0,6,ROGER SALENGRO (AVENUE),43.32035,5.36745,22,2,1
202100037092,135Â 401,A01,1,1,1,0,1,-1,-1,0,0,-1,2021,21.0,1,2,6,0,3,13,1,,3,RD11,-1,,2,2,0,1,6,500,1,, -1,2,0,4,50,2,6,1,80,80661,2,1,1,6,60 Rue d'Amiens,49.968044,2.351198,18,1,1
202100040313,129Â 544,A01,1,1,1,4,8,-1,-1,-1, -1,-1,2021,21.0,2,1,15,0,1,16,5,,4,,0,,2,3,1,2,(1),(1),3,, -1,3,0,1,50,10,5,5,69,69385,2,1,1,7,CHEMIN NEUF (DU)                    (MO),45.76205,4.82602,22,1,1
202100026982,153Â 484,A01,1,1,1,0,1,-1,-1,0,0,-1,2021,57.0,3,2,6,0,1,0,2,,4,,-1,,2,2,0,1,(1),(1),1,,4,2,0,1,50,26,7,1,51,51312,2,1,0,7,Boulevard de Champagne,49.0122984492,4.2649767662,19,1,1