Num_Acc,id_vehicule,num_veh,place,catu,sexe,trajet,secu1,secu2,secu3,locp,actp,etatp,year_acc,victim_age,senc,catv,obs,obsm,choc,manv,motor,occutc,catr,voie,v1,v2,circ,nbv,vosp,prof,pr,pr1,plan,lartpc,larrout,surf,infra,situ,vma,jour,mois,lum,dep,com,agg_,int,atm,col,adr,lat,long,hour,nb_victim,nb_vehicules
202100047882,116Â 154,B01,1,1,1,1,2,6,-1,0,0,-1,2021,66.0,2,1,0,0,2,2,1,,3,1016,-1,,2,2,0,1,7,0,1,, -1,1,0,1,-1,17,3,1,60,60141,2,3,0,3,Place Omer Vallon,49.194073,2.465668,17,2,2
202100015351,174Â 272,B01,1,1,1,5,2,0,-1,-1, -1,-1,2021,16.0,3,1,0,2,7,1,1,,4,,0,,2,7,0,1,(1),(1),1,, -1,1,0,1,50,3,10,1,1,1053,2,6,0,3,SAINT ROCH (RUE),46.193488,5.224897,13,2,2
202100053076,106Â 852,B01,1,1,2,1,1,0,-1,0,0,-1,2021,22.0,2,2,0,2,3,1,1,,4,BOULEVARD PERIPHERIQUE,0,,1,4,0,1,11,800,1,, -1,1,1,1,70,29,1,5,75,75116,2,1,0,3,BOULEVARD PERIPHERIQUE,48.8449465293,2.254820466,6,2,2
202100023670,159Â 314,C01,1,1,1,0,1,0,-1,-1, -1,-1,2021,50.0,1,1,0,2,1,2,1,,2,RN13,0,,3,6,0,1,7,0,1,, -1,1,0,1,70,18,8,1,92,92051,1,1,0,4,RN13,48.8808970151,2.272855027,10,3,3
202100011783,180Â 650,A01,1,1,1,5,1,8,-1,-1, -1,-1,2021,38.0,1,2,0,0,9,26,1,,3,"RD58, ObÃ©lisque Ã  panneau ONF Bourron",0,,2,2,0,1,1,725,1,, -1,2,0,1,90,21,10,2,77,77186,1,1,1,7,D58,48.38912,2.71193,18,1,1
202100029865,148Â 408,B01,1,1,1,0,2,6,-1,0,0,-1,2021,42.0,2,1,0,2,7,1,1,,3,4,0,,2,2,0,1,12,300,2,, -1,1,0,1,80,9,7,1,68,68366,1,6,0,3,D4,48.109845,7.43871,19,2,2
202100047772,116Â 358,A01,10,3,1,0,0,-1,-1,1,3,1,2021,16.0,1,2,0,1,3,1,1,,4,PALMIERS (RUE DES),0,,2,2,0,1,0,0,1,, -1,1,0,1,50,15,3,1,72,72181,2,1,0,6,PALMIERS (RUE DES),48.01734,0.20241,15,2,1
202100049082,114Â 027,A01,1,1,1,5,8,0,-1,-1, -1,-1,2021,20.0,1,1,15,0,8,1,1,,4,SANTOS DUMONT,0,,2,2,0,1,(1),(1),3,, -1,1,9,4,50,1,3,1,62,62193,2,9,0,7,SANTOS DUMONT,50.950517,1.894272,11,1,1
202100014108,176Â 474,B01,2,2,2,0,1,0,-1,-1, -1,-1,2021,42.0,2,2,0,2,2,2,1,,1,AUTOROUTE A86,0,,3,4,0,1,26,899,1,, -1,1,0,1,90,9,10,2,93,93064,1,1,0,3,AUTOROUTE A86,48.87908,2.47638,18,5,2
202100030906,146Â 517,A01,4,2,2,5,1,-1,-1,0,0,-1,2021,19.0,3,2,2,0,1,16,1,,3,29,-1,,2,2,0,2,(1),(1),4,, -1,2,0,8,80,3,7,3,38,38503,1,1,0,7,D29,45.333138,5.914834,22,4,1
202100015262,174Â 430,B01,9,2,2,1,1,-1,-1,0,0,-1,2021,6.0,2,2,0,2,3,23,1,,3,936,0,,2,3,0,4,26,130,1,, -1,1,0,1,80,4,10,1,33,33157,1,3,0,1,,44.817814,-0.253978,17,3,2
202100044136,122Â 782,A01,1,1,1,9,2,0,-1,-1, -1,-1,2021,17.0,3,1,8,0,1,13,1,,4,PAULMY (AVENUE DES ALLEES),0,,3,6,3,1,0,0,1,, -1,1,0,1,50,12,4,1,64,64102,2,1,0,7,PAULMY (AVENUE DES ALLEES),43.49193,-1.48096,12,1,1
202100019616,166Â 575,B01,1,1,2,9,2,0,-1,-1, -1,-1,2021,29.0,2,1,0,2,1,1,1,,3,MADELEINE (ROUTE DE LA),0,,2,1,0,1,2,900,1,, -1,1,0,1,50,9,9,1,973,97302,2,1,0,3,MADELEINE (ROUTE DE LA),4.91502,-52.32096,17,2,2
202100016876,171Â 458,B01,1,1,2,5,2,0,-1,0,0,-1,2021,48.0,1,1,0,2,0,18,0,,4,FOCH (RUE DU MARECHAL),0,,1,1,0,1,(1),(1),1,, -1,1,0,1,50,23,9,1,65,65440,2,1,0,3,FOCH (RUE DU MARECHAL),43.231941,0.080348,11,2,2
202100000625,200Â 587,B01,1,1,2,5,0,-1,-1,0,0,-1,2021,12.0,3,1,0,2,8,19,5,,3,,-1,,3,0,0,1,(1),(1),1,,0,2,5,1,50,28,12,2,38,38193,2,6,1,3,Boulevard de l Arbonnas,45.615767,5.225716,16,2,2
202100044600,121Â 998,B01,3,2,2,0,0,-1,-1,-1, -1,-1,2021,44.0,2,3,0,2,2,1,1,3.0,3,AV GAMBETTA,0,,3,6,3,1,1,0,1,, -1,1,9,6,50,9,4,1,94,94022,2,9,0,3,Avenue Gambetta,48.763684,2.403424,10,4,2
202100020600,164Â 808,A01,3,2,1,5,1,-1,-1,0,0,-1,2021,18.0,1,2,13,0,1,1,1,,3,147,-1,,2,2,0,1,27,65,1,, -1,1,0,1,80,4,9,2,49,49355,1,3,0,6,rd 147,47.145131,-0.823288,21,4,1
202100039007,131Â 915,A01,1,1,1,0,1,-1,-1,0,0,-1,2021,20.0,2,2,8,0,3,0,1,,3,744,0,,2,2,0,2,17,400,1,,"5,8",1,0,3,80,21,5,3,79,79123,1,1,0,6,,46.789086,-0.652013,22,1,1
202100026521,154Â 293,A01,1,1,2,1,1,-1,-1,0,0,-1,2021,41.0,1,2,0,0,0,1,1,,3,131,0,D,2,2,0,1,4,985,1,, -1,1,0,1,50,29,7,1,62,62897,2,1,0,6,67 ROUTE DE LUMBRES,50.681912,2.081405,16,2,2
202100055480,102Â 681,B01,1,1,1,0,8,-1,-1,-1, -1,-1,2021,42.0,2,1,0,2,0,0,3,,3,LOUVOIS (RUE DE) DU NÂ°140 A FIN ET DU NÂ°,0,,1,3,1,1,15,550,1,, -1,1,0,1,50,10,1,1,51,51454,2,6,0,3,Rond-Point des MÃ©daillÃ©s Militaires,49.2287358606,4.0371171469,12,2,2
202100028782,150Â 272,B01,1,1,1,0,2,6,-1,-1, -1,-1,2021,30.0,2,1,0,2,2,1,1,,1,AUTOROUTE A6A,0,,3,6,0,1,6,800,1,, -1,1,0,1,90,16,7,1,94,94034,1,1,0,5,AUTOROUTE A6A,48.75829,2.33627,14,3,3
202100052754,107Â 431,B01,2,2,2,0,1,0,-1,-1, -1,-1,2021,36.0,3,5,0,2,1,1,1,,4,AV DU GENERAL DE GAULLE,0,,2,2,0,1,0,0,1,, -1,1,0,1,50,2,2,5,91,91479,2,9,0,1,AV DU GENERAL DE GAULLE,48.710692,2.360511,17,3,2
202100053459,106Â 163,B01,1,1,2,1,1,0,-1,-1, -1,-1,2021,24.0,3,2,0,2,1,2,1,,3,801),0,,3,2,0,1,4,50,3,, -1,1,0,1,50,26,1,5,37,37261,2,1,0,4,GANCE (BOULEVARD ABEL),47.4298106999,0.7058985466,19,3,3
202100010772,182Â 480,A01,1,1,2,5,1,-1,-1,0,0,-1,2021,89.0,3,2,13,0,3,1,1,,4,2,0,C,2,1,0,1,2,8,3,, -1,1,0,3,80,27,10,1,56,56006,1,1,0,6,Les Placieux,47.901461,-2.295235,16,1,1
202100014297,176Â 146,A01,1,1,1,5,1,0,-1,-1, -1,-1,2021,21.0,1,2,9,0,3,16,1,,2,RN 118,0,,1,2,0,1,9,390,3,, -1,1,0,1,30,9,10,1,91,91534,1,1,0,7,RN 118,48.7157,2.1727,8,2,1
202100051930,108Â 883,B01,1,1,1,4,2,6,-1,0,0,-1,2021,43.0,1,1,0,2,4,23,1,,4,AVENUE DE MARIGNY,0,,2,3,3,1,(1),(1),1,, -1,7,0,1,50,10,2,1,75,75108,2,1,0,2,AVENUE DE MARIGNY,48.870567,2.315887,11,2,2
202100037344,134Â 915,B01,1,1,1,5,1,-1,-1,0,0,-1,2021,66.0,2,2,0,2,8,1,1,,3,2209,0,D,2,2,0,2,13,500,1,, -1,1,0,1,90,31,5,1,3,3110,1,1,0,3,D2209,46.126266,3.366044,15,5,2
202100042860,125Â 056,B01,1,1,1,1,2,6,-1,-1, -1,-1,2021,29.0,0,1,0,2,1,1,1,,4,ESPLANADE FACADE,0,,3,4,0,1,(1),(1),1,, -1,1,5,1,50,23,4,1,59,59350,2,3,0,1,ESPLANADE FACADE,50.6411172908,3.0535662174,20,2,2
202100013839,176Â 957,B01,1,1,2,0,1,8,-1,-1, -1,-1,2021,45.0,2,2,0,2,1,2,1,,4,FORT UHRICH (ROUTE DU),0,,3,4,0,1,0,0,3,, -1,1,0,1,50,8,10,1,67,67218,2,3,0,2,FORT UHRICH (ROUTE DU),48.51287,7.72215,12,2,2
202100011583,181Â 020,A01,10,3,2,5,0,-1,-1,2,3,1,2021,42.0,0,2,0,1,1,15,1,,4,ITALIE (RUE),0,,2,2,0,1,(1),(1),1,, -1,2,0,1,50,21,10,2,51,51454,2,2,1,7,Rue dâItalie,49.266,4.05282,7,2,1
202100045831,119Â 830,B01,4,2,1,5,1,-1,-1,0,0,-1,2021,34.0,2,2,0,2,6,15,1,,3,6113,-1,,2,2,0,1,18,0,1,, -1,1,0,1,80,12,3,1,11,11111,1,1,0,2,La Guirlande,43.207397,2.801685,18,4,2
202100018734,168Â 151,B01,1,1,2,5,1,0,-1,-1, -1,-1,2021,75.0,3,2,0,2,3,2,1,,4,RUE GUSTAVE EIFFEL,0,,2,2,0,1,0,0,1,, -1,2,0,1,50,15,9,1,91,91432,2,2,0,3,RUE GUSTAVE EIFFEL,48.700952,2.334739,16,2,2
202100023781,159Â 114,A01,1,1,1,5,2,6,-1,0,0,-1,2021,20.0,2,1,0,0,8,2,1,,7,D20,0,,2,2,0,1,6,24,2,, -1,1,0,1,50,17,8,1,31,31490,2,6,0,7,Route de Saint-Caprais,43.744169,1.3654,15,1,1
202100007405,188Â 520,B01,1,1,1,5,0,-1,-1,0,0,-1,2021,62.0,2,1,0,2,1,13,0,,2,1,-1,,2,2,0,1,173,500,1,,7,1,0,1,80,13,11,3,973,97303,1,1,0,3,Route nationale 1 / PK 173+500,5.480184623,-53.2111483812,18,2,2
202100008965,185Â 692,A01,1,1,1,1,2,6,-1,0,0,-1,2021,32.0,1,1,0,2,0,21,1,,4,AVENUE DE LA GRANDE ARMEE,0,,2,5,0,1,(1),(1),1,, -1,1,0,1,30,7,11,5,75,75117,2,4,0,7,AVENUE DE LA GRANDE ARMEE,48.876966,2.285552,18,2,2
202100026654,154Â 062,B01,1,1,1,5,1,0,-1,-1, -1,-1,2021,70.0,3,2,0,2,5,23,2,,4,ORLEANS (ROUTE D'),0,,2,2,0,1,(1),(1),1,, -1,1,0,1,50,28,7,1,45,45169,2,3,0,2,Route dâOrlÃ©ans,47.91517,1.84441,10,2,2
202100037908,133Â 904,A01,1,1,1,5,2,6,9,0,0,-1,2021,59.0,2,1,3,0,0,1,1,,3,560,0,D,2,2,0,3,38,373,3,, -1,1,0,1,80,29,5,1,83,83012,1,1,0,7,Route de Marseille,43.550321,6.000295,11,1,1
202100035385,138Â 463,A01,1,1,1,5,2,-1,-1,0,0,-1,2021,23.0,2,1,0,0,8,16,1,,3,44,-1,,2,2,0,1,11,0,3,, -1,1,0,1,80,10,6,1,10,10048,1,9,1,7,D 44,48.182856,4.632411,18,1,1
202100048762,114Â 605,A01,1,1,2,0,1,0,-1,-1, -1,-1,2021,35.0,2,2,0,2,2,1,1,,1,AUTOROUTE A10,0,,-1,2,0,1,4,0,1,, -1,1,0,1,90,9,3,1,91,91377,1,1,0,3,AUTOROUTE A10,48.71684,2.29144,17,2,2
202100048731,114Â 654,A01,1,1,1,0,2,7,-1,0,0,-1,2021,52.0,3,1,0,0,1,1,1,,4,,-1,,2,2,0,1,(1),(1),1,, -1,1,0,1,50,9,3,1,69,69100,2,1,0,7,SAINT-GENIS LAVAL (DE) (R),45.681324,4.811563,18,1,1
202100037177,135Â 231,B01,2,2,1,5,1,0,-1,-1, -1,-1,2021,20.0,1,2,0,2,2,1,1,,3,JACQUES DUCLOS (AVENUE),0,,2,2,0,1,0,0,1,, -1,1,0,1,50,30,5,1,91,91549,2,1,0,3,JACQUES DUCLOS (AVENUE),48.635,2.347,21,3,2
202100050666,111Â 122,A01,10,3,1,4,0,-1,-1,5,9,1,2021,42.0,0,2,0,0,1,0,1,,4,89,0,J,2,2,0,1,(1),(1),1,, -1,1,0,3,50,22,2,1,1,1078,2,1,0,6,492 Rue de la Mairie,46.182602,5.974212,12,2,1
202100003523,195Â 447,A01,10,3,1,9,0,-1,-1,5,3,-1,2021,37.0,1,2,0,1,1,16,1,,2,GEORGES POMPIDOU AVENUE,0,,3,2,0,1,(1),(1),1,, -1,1,0,4,50,31,5,1,201,201004,2,1,0,7,GEORGES POMPIDOU AVENUE,41.9339155143,8.7532832099,16,2,1
202100026253,154Â 770,Z01,10,3,2,3,0,-1,-1,3,3,1,2021,63.0,1,1,0,1,1,2,1,,3,BD ARISTIDE BRIAND,0,,1,2,0,1,0,0,1,, -1,1,0,1,50,30,7,1,91,91589,2,1,0,6,BD ARISTIDE BRIAND,48.687089,2.353872,11,2,1
202100007623,188Â 119,A01,10,3,2,0,0,-1,-1,2,3,1,2021,35.0,1,2,0,1,2,1,1,,4,AVE DE MAGUDAS,0,,3,2,0,1,(1),(1),1,, -1,1,0,1,50,17,11,5,33,33200,2,1,0,6,Avenue de Magudas,44.85842,-0.66818,18,2,1
202100013285,177Â 993,A01,4,2,2,5,3,-1,-1,-1, -1,-1,2021,5.0,3,2,0,2,1,13,1,,4,MER   BOULEVARD DE LA,0,,2,2,0,1,(1),(1),3,, -1,1,9,1,30,10,10,1,17,17028,2,1,0,1,Boulevard de la Mer,46.12766,-1.12831,9,4,2
202100037899,133Â 920,A01,1,1,1,5,1,-1,-1,0,0,-1,2021,29.0,1,2,0,0,3,14,1,,3,D29E1,0,A,2,2,0,2,1,650,2,, -1,1,0,3,80,28,5,1,39,39470,1,1,0,7,,46.486834,6.079692,21,2,1
202100009968,183Â 883,A01,1,1,1,5,1,-1,-1,0,0,-1,2021,21.0,2,2,0,2,2,0,1,,1,10,-1,,3,3,0,1,40,700,1,,"13,5",2,0,3,130,1,11,3,28,28363,1,9,1,2,A10,48.406999,1.895275,21,8,2
202100028030,151Â 611,B01,1,1,1,1,2,6,-1,0,0,-1,2021,49.0,1,1,0,2,7,21,1,,2,141,0,N,2,2,0,1,20,805,1,0,7,1,0,1,50,21,7,4,16,16192,2,1,0,3,108 Route Nationale ,45.885565,0.577485,4,2,2
202100025126,156Â 743,A01,2,1,2,5,8,0,-1,0,0,-1,2021,8.0,3,1,1,0,1,16,5,,4,BRANLY (RUE),0,,2,2,0,4,(1),(1),3,, -1,1,0,1,30,3,8,1,27,27229,2,3,0,6,BRANLY (RUE),49.0255994415,1.1625931248,17,1,1
202100012152,180Â 000,A01,10,3,2,0,0,-1,-1,4,3,1,2021,81.0,2,1,0,1,1,1,1,,4,TORPILLEUR SIROCCO (RUE DU),0,,3,3,0,1,(1),(1),1,, -1,1,0,1,50,14,10,2,63,63113,2,3,0,6,TORPILLEUR SIROCCO (RUE DU),45.81116,3.1073,19,2,1
202100052274,108Â 270,B01,1,1,1,5,1,-1,-1,0,0,-1,2021,28.0,1,2,0,0,3,1,1,,3,1205,0,D,2,2,0,1,31,669,2,, -1,1,0,1,80,7,2,2,74,74169,1,6,0,1,D1205,46.063539,6.540046,17,3,2
202100022175,162Â 007,A01,2,2,1,5,2,6,-1,0,0,-1,2021,15.0,1,1,0,2,1,17,1,,4,,-1,,2,2,0,1,(1),(1),1,,"5,5",1,0,1,50,28,8,1,85,85128,2,3,0,3,86 Rue du PrÃ©sident de Gaulle,46.456368,-1.176481,13,4,2
202100009048,185Â 531,A01,1,1,2,5,1,4,-1,-1, -1,-1,2021,19.0,1,2,0,2,8,13,1,,2,RN 449,0,,1,3,0,1,0,144,1,, -1,2,3,1,70,7,11,1,91,91521,1,1,1,3,RN 449,48.6355,2.4015,10,2,2
202100013674,177Â 262,B01,1,1,1,0,1,0,-1,-1, -1,-1,2021,25.0,3,2,0,2,4,1,1,,4,RADOLFZELL AVENUE DE,0,,1,2,0,1,1,0,3,, -1,1,0,1,50,12,10,1,13,13047,2,1,0,2,RADOLFZELL AVENUE DE,43.49825,4.98623,15,3,2
202100001882,198Â 430,A01,10,3,2,9,0,-1,-1,1,B,2,2021,80.0,1,2,0,1,3,26,1,,4,PEGUY (BOULEVARD CHARLES),0,,-1,2,0,1,0,0,1,, -1,1,0,1,30,21,12,1,28,28085,2,9,0,1,PEGUY (BOULEVARD CHARLES),48.452,1.4877,16,2,1
202100012233,179Â 856,B01,2,2,2,0,1,0,-1,-1, -1,-1,2021,73.0,1,2,0,2,3,1,1,,3,ROCADE SUD RD 6161,0,,3,2,0,2,11,0,2,, -1,1,5,1,80,18,10,1,11,11069,1,3,1,3,ROCADE SUD RD 6161,43.2041,2.38635,14,3,2
202100030304,147Â 598,B01,1,1,1,5,2,9,-1,0,0,-1,2021,38.0,2,1,0,2,4,1,5,,3,824,-1,,2,2,0,1,(1),(1),1,, -1,1,0,1,50,29,6,1,31,31291,2,1,0,2,3 Route de Bayonne,43.599305,1.230469,20,2,2
202100042755,125Â 220,A01,10,3,1,5,0,-1,-1,1,6,1,2021,40.0,2,1,0,1,1,1,1,,3,53,0,D,2,2,0,2,16,760,1,, -1,1,0,1,50,24,4,1,6,6150,2,1,0,6,50 Route de Beausoleil,43.749535,7.409299,15,2,1
202100010946,182Â 160,A01,10,3,2,2,0,-1,-1,2,B,1,2021,40.0,3,2,9,1,8,15,1,,3,BALLANGER (BD ROBERT),0,,2,2,0,1,0,1,1,, -1,1,0,1,50,26,10,1,93,93078,2,3,0,3,BALLANGER (BD ROBERT),48.95723,2.54417,12,3,2
202100036052,137Â 244,A01,3,2,1,0,1,0,-1,-1, -1,-1,2021,20.0,2,2,1,0,7,21,1,,3,Route de MARSEILLE,0,,2,2,0,1,26,820,1,, -1,1,0,3,50,6,6,3,83,83090,2,1,0,6,Route de MARSEILLE,43.12826,5.88433,3,5,1
202100039782,130Â 478,B01,1,1,1,5,2,6,-1,-1, -1,-1,2021,60.0,2,1,0,2,7,1,1,,7,4,0,,3,3,0,1,6,349,3,, -1,1,0,1,90,14,5,1,67,67447,1,1,0,3,M35,48.60313,7.73005,11,2,2
202100008423,186Â 684,A01,1,1,1,1,2,6,-1,0,0,-1,2021,36.0,1,1,0,0,0,2,1,,3,916,0,D,2,2,0,1,6,0,1,, -1,1,0,8,80,12,11,2,60,60008,1,1,1,7,D916,49.4125500412,2.4202737558,7,1,1
202100006011,191Â 051,B01,1,1,1,0,2,6,-1,-1, -1,-1,2021,25.0,2,1,12,2,1,1,0,,3,SOLIDARITE (RUE DE LA),0,,2,2,0,2,1,0,1,, -1,2,0,1,50,27,11,1,93,93048,2,2,1,3,CHAPONS (RUE DES),48.8528195328,2.4469216824,15,2,2
202100007101,189Â 073,C01,1,1,2,0,1,-1,-1,0,0,-1,2021,44.0,3,2,2,0,4,1,1,,7,723,-1,D,2,2,0,1,(1),(1),1,, -1,1,0,1,70,26,10,1,44,44172,1,1,0,5,Route de Paris,47.273391,-1.472211,17,4,4
202100001568,199Â 008,A01,10,3,1,0,0,-1,-1,3,3,1,2021,47.0,1,2,0,1,3,19,1,,4,RUE DE VERDUN,0,,1,2,0,1,0,0,1,, -1,1,0,1,50,23,12,1,988,98818,2,2,0,6,RUE DE VERDUN/RUE DU GENERAL MANGIN,-22.27262,166.44015,8,2,1
202100030941,146Â 447,A01,1,1,1,5,8,-1,-1,0,0,-1,2021,25.0,3,2,8,0,1,1,1,,4,,-1,,2,2,0,1,(1),(1),2,,"5,5",1,0,4,30,4,7,5,26,26235,2,7,0,6,31 Place du Champ de Mars,44.376158,4.698737,5,2,1
202100052448,107Â 962,B01,1,1,2,9,1,0,-1,-1, -1,-1,2021,24.0,2,2,0,2,2,1,1,,7,ROSE (AVENUE DE LA),0,,2,2,0,1,(1),(1),1,, -1,1,0,1,50,4,2,1,13,13213,2,3,0,3,ROSE (AVENUE DE LA),43.32905,5.42725,10,2,2
202100014096,176Â 505,B01,2,2,2,0,1,0,-1,-1, -1,-1,2021,52.0,2,2,0,2,4,1,1,,2,RN 104,0,,1,2,0,1,51,400,1,, -1,1,0,1,110,9,10,3,91,91339,1,1,0,2,RN 104,48.62833,2.25672,20,4,2
202100031653,145Â 177,B01,2,2,2,9,8,-1,-1,0,0,-1,2021,55.0,1,2,0,2,1,1,1,,3,176,-1,,2,2,0,1,10,500,3,, -1,2,0,1,50,29,6,1,58,58176,1,1,1,1,129 Route de Nevers,47.026376,3.273717,14,3,2
202100054580,104Â 216,A01,2,2,1,0,8,8,-1,-1, -1,-1,2021,31.0,1,2,1,0,3,0,1,,4,rue Anatole France,0,,2,2,0,1,(1),(1),4,, -1,1,0,1,50,9,1,5,59,59220,2,1,0,6,FRANCE ANATOLE RUE,50.603566,3.064945,5,2,1
202100017745,169Â 905,A01,1,1,1,1,1,-1,-1,0,0,-1,2021,20.0,1,2,0,2,1,1,1,,3,372,-1,,2,2,0,1,14,500,3,, -1,1,0,1,80,21,9,3,91,91180,1,1,0,1,RD.372 PK 14+500,48.447853,2.500017,22,2,2
202100008522,186Â 502,B01,1,1,1,3,1,-1,-1,0,0,-1,2021,48.0,1,2,0,2,1,1,1,,3,93,-1,,2,2,0,1,12,250,2,, -1,2,0,1,80,12,11,1,63,63143,1,1,1,1,RD 93,46.03253,3.273239,9,2,2
202100039701,130Â 619,B01,1,1,2,0,8,0,-1,-1, -1,-1,2021,38.0,1,1,0,2,8,0,1,,4,MENDES FRANCE (AVENUE),0,,1,2,0,1,(1),(1),1,, -1,1,0,1,50,15,5,1,13,13208,2,1,0,3,MENDES FRANCE (AVENUE),43.255652,5.37652,10,2,2
202100032629,143Â 439,A01,4,2,1,5,1,-1,-1,0,0,-1,2021,18.0,3,2,0,2,8,5,1,,4,5,-1,,2,2,0,2,(1),(1),3,, -1,1,0,1,50,20,4,1,29,29166,1,1,0,1,Roz Al Len Izella,48.160085,-4.249907,17,6,2
202100000509,200Â 790,B01,1,1,2,0,8,0,-1,-1, -1,-1,2021,48.0,3,1,0,2,7,1,0,,4,,0,,2,2,0,1,(1),(1),1,, -1,2,5,1,50,13,11,1,37,37122,2,6,1,3,CHANTEPIE (RUE DE),47.3503784806,0.656260023,17,2,2
202100013227,178Â 097,B01,1,1,2,5,1,0,-1,-1, -1,-1,2021,31.0,2,2,0,2,6,1,1,,3,DEUX PLATEAUX (ROUTE DES),0,,2,4,0,3,1,900,3,, -1,2,0,1,70,3,7,5,78,78490,1,1,1,5,DEUX PLATEAUX (ROUTE DES),48.81576,1.95889,4,3,3
202100008999,185Â 633,A01,1,1,2,5,1,-1,-1,0,0,-1,2021,83.0,1,2,0,2,1,13,1,,3,904,0,D,2,2,0,1,23,900,1,, -1,1,0,1,70,8,11,1,54,54449,2,3,1,6,d914,48.5732601181,6.4800801853,8,5,3
202100037011,135Â 544,A01,1,1,2,0,8,-1,-1,-1, -1,-1,2021,16.0,0,1,0,2,1,15,5,,4,CRS DE L'YSER,0,,2,2,1,1,(1),(1),1,, -1,1,0,1,50,1,6,1,33,33063,2,3,0,3,Cours de lâYser,44.82325,-0.57072,17,2,2
202100029815,148Â 496,A01,1,1,1,1,2,6,-1,-1, -1,-1,2021,60.0,1,1,0,2,1,1,1,,3,JOLIOT CURIE ( BOULEVARD IRENE COTE PAIR,0,,-1,5,0,1,32,855,1,, -1,1,5,1,50,9,7,1,1,1053,2,2,0,2,,46.20967,5.23011,7,2,2
202100011829,180Â 578,B01,1,1,1,9,2,0,-1,-1, -1,-1,2021,27.0,0,1,0,2,1,1,1,,7,SAINT MENET (AVENUE DE),0,,2,2,0,1,0,0,1,, -1,1,2,1,50,21,10,1,13,13211,2,9,0,3,SAINT MENET (AVENUE DE),43.2869501681,5.51420331,16,2,2
202100006071,190Â 953,B01,1,1,2,1,1,0,-1,-1, -1,-1,2021,27.0,2,2,0,2,4,2,1,,1,86,0,,2,4,0,1,52,700,1,, -1,2,1,1,90,27,11,1,92,92002,1,1,1,4,AUTOROUTE A86,48.7631491121,2.3053935956,12,3,3
202100053255,106Â 539,Z01,10,3,2,3,8,8,-1,3,3,1,2021,73.0,1,1,0,1,0,0,1,,3,GENERAL DE GAULLE (AV DU),0,,2,2,0,1,0,0,1,, -1,2,0,1,50,29,1,1,94,94067,2,3,1,6,AMIRAL COURBET (R DE L),48.84547,2.41751,13,2,1
202100013856,176Â 930,A01,10,3,1,0,0,-1,-1,0,3,1,2021,41.0,3,3,0,1,2,1,3,,9,AVENUE DE HONHOUÃ,0,,-1,2,0,1,0,0,1,, -1,1,4,6,90,11,10,1,38,38151,2,1,0,1,AVENUE DE HONHOUÃ,45.15169,5.70769,16,2,1
202100040404,129Â 389,B01,1,1,2,0,1,-1,-1,0,0,-1,2021,58.0,3,2,0,2,1,16,1,,7,1082,0,D,4,1,0,1,62,800,1,, -1,2,0,1,70,10,5,1,42,42097,1,2,1,6,M1082,45.482044,4.34983,13,3,2
202100029526,149Â 017,A01,1,1,2,1,1,-1,-1,0,0,-1,2021,23.0,1,2,0,2,1,13,1,,3,19,0,,2,2,0,1,7,960,3,, -1,2,0,1,80,12,7,1,45,45179,1,1,1,1,D19-PR 7 + 960 ,47.756089,1.726162,8,2,2
202100049048,114Â 082,A01,10,3,2,3,0,-1,-1,5,9,1,2021,64.0,3,2,0,1,4,20,1,,4,BENJAMIN DELESSERT                  (R ),0,,2,2,0,1,(1),(1),1,, -1,1,0,1,50,5,3,1,69,69387,2,1,0,6,BENJAMIN DELESSERT (R),45.72826,4.83444,15,2,1
202100037544,134Â 553,A01,1,1,2,0,2,6,-1,-1, -1,-1,2021,52.0,2,1,16,0,0,0,1,,1,AUTOROUTE A 10,0,,3,7,0,1,541,700,1,, -1,1,0,1,110,30,5,1,33,33397,1,1,0,6,,44.894228,-0.498406,18,1,1
202100012843,178Â 768,A01,1,1,1,0,1,-1,-1,-1, -1,-1,2021,41.0,1,2,0,2,1,1,1,,4,RUE DE LA MISSION DU HAUT BRION,0,,3,6,1,1,(1),(1),2,, -1,1,0,1,50,16,10,5,33,33522,2,1,0,2,RUE DE LA MISSION DU HAUT BRION,44.81772,-0.60179,5,2,2
202100053778,105Â 620,A01,9,2,2,2,1,-1,-1,0,0,-1,2021,4.0,2,2,0,2,1,13,1,,3,D79,-1,,2,2,0,1,33,800,1,, -1,5,0,1,80,25,1,2,57,57389,1,1,1,1,D79,49.050586,6.706293,7,3,2
202100020980,164Â 167,A01,1,1,1,0,2,0,-1,-1, -1,-1,2021,22.0,1,1,0,0,4,2,1,,1,A12 Y,0,,-1,4,0,1,2,700,1,, -1,1,1,1,110,4,9,1,78,78043,1,1,0,7,A12 Y,48.824961,2.074486,15,1,1
202100031740,145Â 023,A01,1,1,1,9,2,6,-1,0,0,-1,2021,62.0,1,1,0,2,4,23,1,,4,BOULEVARD DE SEBASTOPOL,0,,2,5,0,1,(1),(1),1,, -1,2,0,1,30,29,6,1,75,75103,2,2,1,2,BOULEVARD DE SEBASTOPOL,48.868672,2.353895,8,2,2
202100032085,144Â 397,B01,2,2,2,5,2,0,-1,-1, -1,-1,2021,22.0,2,1,0,0,0,0,1,,4,AGREVE  (AVENUE JEAN),0,,2,2,0,1,0,0,1,, -1,1,0,1,50,27,6,5,83,83069,2,1,0,2,AGREVE  (AVENUE JEAN),43.08202,6.153237,1,3,2
202100013936,176Â 791,A01,10,3,2,5,0,-1,-1,2,3,1,2021,11.0,1,5,0,1,1,1,1,,3,13,-1,,2,2,0,2,20,700,1,, -1,1,0,1,50,12,10,1,2,2648,2,1,0,6,41 rue condorcet,49.795346,3.458695,12,2,1