Num_Acc,id_vehicule,num_veh,place,catu,sexe,trajet,secu1,secu2,secu3,locp,actp,etatp,year_acc,victim_age,senc,catv,obs,obsm,choc,manv,motor,occutc,catr,voie,v1,v2,circ,nbv,vosp,prof,pr,pr1,plan,lartpc,larrout,surf,infra,situ,vma,jour,mois,lum,dep,com,agg_,int,atm,col,adr,lat,long,hour,nb_victim,nb_vehicules
202100039208,131Â 539,A01,1,1,2,5,2,6,-1,0,0,-1,2021,19.0,1,1,0,0,2,1,1,,3,907,0,,2,2,0,2,3,230,2,, -1,1,0,3,80,20,5,1,4,4128,1,1,0,7,D907,43.843805,5.68837,15,1,1
202100025661,155Â 811,A01,1,1,1,5,1,-1,-1,0,0,-1,2021,24.0,2,2,0,2,1,1,1,,3,18,-1,,2,2,0,2,65,625,3,,3,1,0,1,70,25,6,3,33,33298,1,4,0,1,Route de la MÃ©tairie,44.834916,-0.209553,23,3,2
202100053956,105Â 306,A01,1,1,1,9,2,0,-1,0,0,-1,2021,32.0,2,1,0,2,3,15,1,,4,RUE BOTZARIS,0,,2,2,0,2,(1),(1),1,, -1,2,0,1,50,23,1,5,75,75119,2,3,0,3,RUE BOTZARIS,48.879524,2.388336,18,2,2
202100055474,102Â 688,A01,10,3,1,5,0,-1,-1,1,1,1,2021,22.0,0,2,0,1,3,11,1,,4,LAFAYETTE ( AVENUE),0,,3,2,0,1,(1),(1),1,, -1,2,0,1,50,9,1,5,59,59599,2,1,0,6,LAFAYETTE ( AVENUE),50.71822,3.16892,21,3,1
202100037630,134Â 396,B01,1,1,1,4,2,0,-1,-1, -1,-1,2021,19.0,2,1,0,2,1,1,1,,4,R LOUIS BLANC,0,,1,2,0,1,1,0,1,, -1,1,0,1,30,28,5,2,94,94002,2,3,0,3,LOUIS BLANC (R),48.80629,2.4185,21,2,2
202100047597,116Â 675,B01,1,1,1,0,8,0,-1,-1, -1,-1,2021,17.0,2,1,0,2,1,13,1,,4,cavani-Belle vue (rue),0,,2,0,0,2,0,0,3,, -1,1,0,1,50,17,3,1,976,97611,1,1,0,1,cavani-Belle vue (rue),-12.78593,45.21871,12,2,2
202100007984,187Â 462,A01,2,2,2,5,1,0,-1,-1, -1,-1,2021,21.0,3,5,12,0,1,26,1,,9,ESCADRILLE NORMANDIE NIEMEN (AVENUE DE L,0,,1,1,0,1,0,0,2,, -1,2,9,1,50,16,11,5,91,91434,2,9,0,7,ESCADRILLE NORMANDIE NIEMEN (AVENUE DE L,48.64795,2.34947,1,2,1
202100052787,107Â 369,B01,1,1,1,4,1,0,-1,-1, -1,-1,2021,50.0,1,2,0,2,2,1,1,,4,PRADES (AVENUE DES),0,,2,2,0,1,(1),(1),1,, -1,2,0,1,50,2,2,1,15,15014,2,3,1,5,Avenue des Prades,44.91652,2.43669,10,3,3
202100028770,150Â 300,A01,1,1,1,5,2,-1,-1,0,0,-1,2021,62.0,1,1,0,0,8,1,5,,3,140,0,,2,2,0,2,18,0,1,,4,1,0,1,50,16,7,1,17,17228,2,2,0,3,route de St Georges,45.624558,-0.965402,13,2,2
202100009500,184Â 730,A01,2,2,1,5,8,-1,-1,0,0,-1,2021,18.0,3,2,6,0,1,1,1,,4,0,0,A,2,2,0,1,(1),(1),1,, -1,2,0,8,50,4,11,3,62,62852,2,1,0,6,Rue de la Digue du Canal de Calais (Pont),50.903975,2.068942,23,2,1
202100020816,164Â 437,A01,1,1,1,5,2,6,-1,-1,0,-1,2021,32.0,2,1,0,2,1,3,1,,1,AUTOROUTE A15,0,,3,8,0,1,14,899,1,, -1,1,0,1,110,5,9,1,95,95424,1,1,0,3, A15,48.99478,2.1833,19,2,2
202100006251,190Â 622,A01,1,1,2,5,1,0,-1,-1, -1,-1,2021,28.0,2,2,2,0,1,14,1,,4,DANIEL MAYER,0,,2,2,0,1,(1),(1),3,, -1,1,0,3,50,26,11,5,37,37261,2,1,0,6,DANIEL MAYER,47.4186253229,0.6853795052,0,1,1
202100005694,191Â 621,A01,2,2,2,5,8,-1,-1,0,0,-1,2021,46.0,1,2,0,2,3,1,1,,3,943,-1,,2,2,0,2,29,700,1,, -1,1,5,1,50,29,11,1,45,45083,2,3,0,3,Avenue du General de Gaulle ,47.932411,2.916961,11,3,2
202100039076,131Â 790,B01,1,1,2,5,1,0,-1,-1, -1,-1,2021,56.0,2,2,0,2,2,1,1,,1,AUTOROUTE A20,0,,1,1,0,2,189,500,1,, -1,2,5,1,70,19,5,1,87,87065,1,3,1,3,RD 704A,45.79825,1.29565,11,5,2
202100008830,185Â 957,B01,1,1,1,0,1,0,-1,-1, -1,-1,2021,30.0,1,1,0,2,8,1,1,,2,315,0,,1,2,0,1,3,500,1,, -1,1,0,1,70,9,11,3,92,92036,1,9,0,3,RN315 W,48.934791795,2.3020891821,6,3,2
202100008157,187Â 139,A01,1,1,1,4,2,6,-1,-1, -1,-1,2021,54.0,2,1,0,0,0,23,1,,4,,0,,2,0,0,2,0,0,1,, -1,1,0,1,50,14,11,1,92,92048,2,1,0,7,Place Rabelais,48.8114902659,2.2366538644,15,1,1
202100036423,136Â 600,A01,1,1,2,1,2,0,-1,-1, -1,-1,2021,18.0,1,1,0,0,3,26,1,,3,GAULLE RUE CHARLES DE,0,,2,2,0,1,5,0,1,, -1,2,0,1,50,4,6,1,49,49246,2,1,1,7,GAULLE RUE CHARLES DE,47.42424,-0.52471,8,1,1
202100038913,132Â 074,A01,10,3,1,0,0,-1,-1,1,3,2,2021,1.0,2,4,0,1,1,1,1,,4,WATTINE (RUE CHARLES),0,,2,2,1,1,(1),(1),1,, -1,2,0,1,50,21,5,1,59,59599,2,1,1,6,WATTINE (RUE CHARLES),50.714824,3.157388,9,3,1
202100007158,188Â 975,A01,1,1,1,0,2,6,-1,-1, -1,-1,2021,43.0,1,1,14,2,8,21,1,,3,CHANZY (BOULEVARD),0,,3,4,0,1,(1),(1),1,, -1,1,5,1,50,18,11,1,971,97120,2,1,0,3,CHANZY (BOULEVARD),16.24436,-61.54125,16,2,2
202100020277,165Â 392,B01,4,2,1,0,1,0,-1,0,0,-1,2021,64.0,1,3,0,9,7,1,1,3.0,4,BLANDAN (IMPASSE ET RUE DU SGT),0,,1,2,3,1,(1),(1),1,, -1,1,0,1,50,7,9,1,54,54395,2,1,0,3,BLANDAN (IMPASSE ET RUE DU SGT),48.67263,6.17241,18,4,2
202100008583,186Â 392,A01,1,1,2,5,1,-1,-1,-1,0,-1,2021,27.0,2,2,13,0,1,17,1,,2,RN 104,0,,3,4,0,1,2,500,1,, -1,1,0,1,110,11,11,3,95,95061,1,1,1,6,RN 104,49.067428,2.256232,6,1,1
202100042992,124Â 823,A01,1,1,1,4,1,0,-1,-1, -1,-1,2021,21.0,1,2,3,0,2,1,1,,1,A86 DUPLEX,0,,1,3,0,1,70,19,2,, -1,1,1,8,70,23,4,5,92,92076,1,1,0,6,A86 DUPLEX,48.8299065434,2.1484345039,16,1,1
202100037728,134Â 228,A01,10,3,2,5,0,-1,-1,2,3,1,2021,80.0,1,2,0,1,1,16,1,,4,CHAMPAGNE (RUE DE),0,,2,2,0,1,(1),(1),1,, -1,1,0,1,50,28,5,1,73,73065,2,1,0,6,CHAMPAGNE (RUE DE),45.58926,5.91648,9,2,1
202100020651,164Â 713,B01,1,1,2,5,1,-1,-1,0,0,-1,2021,56.0,1,2,0,0,4,2,1,,3,910,-1,,2,2,0,1,13,200,1,, -1,1,0,1,110,2,9,1,57,57679,1,1,0,2,D910 PK 13+200,49.088426,6.617718,16,2,2
202100012527,179Â 321,B01,2,2,2,0,1,-1,-1,0,0,-1,2021,20.0,1,2,0,2,1,1,1,,4,1,0, -,2,2,0,1,(1),(1),1,, -1,1,0,1,70,17,10,3,33,33437,1,1,0,1,Rue de la Corderie,44.856918,-0.058837,21,3,2
202100021408,163Â 382,A01,10,3,2,3,0,-1,-1,1,3,1,2021,73.0,1,1,0,1,1,1,1,,4,BOULEVARD PASTEUR,0,,2,2,2,1,(1),(1),1,, -1,2,0,1,50,6,5,1,44,44109,2,1,1,6,BOULEVARD PASTEUR,47.2136,-1.58405,9,2,1
202100013170,178Â 206,B01,1,1,1,2,0,-1,-1,0,0,-1,2021,13.0,1,1,0,2,7,19,5,,3,,-1,,1,2,0,1,62,400,2,,4,1,5,1,50,15,10,2,85,85047,2,6,0,1,Boulevard Jean XXIII,46.839623,-1.865445,8,2,2
202100003952,194Â 684,A01,10,3,1,0,0,-1,-1,5,9,2,2021,21.0,3,3,0,1,2,20,1,1.0,4,AV LUCIEN CLAUSE,0,,2,2,3,1,0,0,1,, -1,2,9,4,50,6,12,5,91,91103,2,9,0,6,AV LUCIEN CLAUSE,48.608524,2.297067,18,2,1
202100011859,180Â 526,B01,1,1,1,1,2,0,-1,-1, -1,-1,2021,30.0,3,1,0,2,3,16,3,,4,JOYEUSE (AV),0,,-1,2,0,1,1,0,1,, -1,1,0,1,30,20,10,1,94,94042,2,3,0,3,Avenue Joyeuse,48.81786,2.47593,12,2,2
202100047717,116Â 452,B01,1,1,2,9,1,0,-1,-1, -1,-1,2021,17.0,3,2,0,0,4,23,1,,4,MILLET (AVENUE ERNEST),0,,2,2,0,1,0,0,1,, -1,1,0,1,50,6,3,1,83,83069,2,6,0,2,MILLET (AVENUE ERNEST),43.11763,6.12662,11,2,2
202100024656,157Â 585,A01,1,1,1,0,1,9,-1,0,0,-1,2021,29.0,2,2,3,0,1,1,1,,1,36,-1,,1,2,0,1,79,400,1,, -1,1,0,2,130,12,8,3,25,25156,1,1,0,7,A36,47.409303,6.501358,2,3,3
202100033006,142Â 748,A01,1,1,2,9,1,-1,-1,0,0,-1,2021,65.0,1,2,0,1,2,1,1,,4,PAUL BERT                           (R ),0,,1,1,2,1,(1),(1),1,, -1,1,0,1,50,21,6,1,69,69383,2,3,1,6,PAUL BERT (R),45.7557615835,4.8446327448,10,3,1
202100026973,153Â 497,A01,1,1,1,1,1,-1,-1,0,0,-1,2021,33.0,1,2,0,2,1,13,1,,2,83,0,N,2,2,0,1,18,900,1,, -1,1,0,1,80,27,7,1,25,25631,1,1,0,5,RN 83 - PR 018+100,47.15288,5.940342,12,4,3
202100052107,108Â 570,A01,4,2,2,0,1,0,-1,-1, -1,-1,2021,21.0,2,2,0,2,2,15,1,,4,LIBERATION (AVENUE DE LA),0,,2,3,0,2,0,0,1,, -1,2,5,1,50,6,2,1,87,87085,2,2,1,3,LIBERATION (AVENUE DE LA),45.83446,1.20932,15,4,2
202100054981,103Â 537,A01,9,2,2,5,1,-1,-1,0,0,-1,2021,9.0,1,2,4,0,1,26,1,,1,1,-1,A,2,4,0,1,122,560,3,, -1,5,0,1,50,16,1,1,80,80033,1,1,1,6,"Autoroute A1, Aire des coeurs des hauts de france EST",49.886167,2.838871,14,4,1
202100008082,187Â 288,A01,1,1,2,5,1,-1,-1,0,0,-1,2021,70.0,3,5,10,0,2,0,1,,4,1,0,C,2,2,0,1,(1),(1),1,, -1,2,2,3,50,14,11,1,82,82006,2,1,0,6,C1,43.859239,0.965641,10,1,1
202100028666,150Â 475,A01,2,2,1,5,2,0,-1,-1, -1,-1,2021,43.0,2,1,0,2,1,1,1,,4,LIEUTAUD (COURS),0,,2,2,0,1,0,0,1,, -1,1,0,1,50,15,7,1,13,13206,2,1,0,3,LIEUTAUD (COURS),43.2927,5.38269,18,3,2
202100025974,155Â 252,B01,1,1,1,0,1,0,-1,-1, -1,-1,2021,79.0,1,2,0,2,3,1,1,,3,RIVE (AVENUE DE LA) RD 1005,0,,2,2,0,2,0,0,3,, -1,1,0,1,70,1,8,1,74,74218,1,1,0,1,RIVE (AVENUE DE LA) RD 1005,46.38674,6.52115,13,3,2
202100055526,102Â 596,A01,1,1,1,9,2,0,-1,0,0,-1,2021,21.0,1,1,8,0,1,25,1,,4,RUE DU COLONEL PIERRE AVIA,0,,1,1,0,1,(1),(1),1,, -1,1,0,4,50,8,1,5,75,75115,2,1,0,6,RUE DU COLONEL PIERRE AVIA,48.830257,2.276165,21,1,1
202100004269,194Â 127,A01,2,2,1,5,1,-1,-1,-1, -1,-1,2021,19.0,0,2,6,0,1,19,1,,4,TOUR D'AUVERGNE RUE DE LA,0,,2,2,0,2,(1),(1),1,, -1,2,0,1,50,6,12,3,29,29232,2,2,0,6,Rue de la Tour dâAuvergne,47.98886,-4.08062,23,2,1
202100041966,126Â 607,B01,1,1,1,5,2,6,-1,0,0,-1,2021,23.0,1,1,0,0,2,1,1,,3,1,0,A,2,2,0,4,0,0,2,, -1,1,5,8,50,1,5,1,58,58095,2,1,0,7,Rue MarÃ¨chal Foch,46.828192,3.458848,11,2,2
202100045394,120Â 590,A01,1,1,1,1,2,0,-1,-1, -1,-1,2021,26.0,3,1,0,0,0,1,3,,4,BONNIN (AVENUE JEAN),0,,2,2,0,1,(1),(1),1,, -1,1,0,1,50,1,4,1,37,37233,2,6,0,7,BONNIN (AVENUE JEAN),47.39556789,0.71073867,8,1,1
202100013780,177Â 077,B01,1,1,1,5,2,-1,-1,0,0,-1,2021,16.0,0,1,0,2,1,1,1,,3,54,2,D,2,2,0,1,(1),(1),1,, -1,1,0,1,50,12,10,2,38,38348,2,1,0,1,116 Avenue de la Vieille Borne,45.588422,5.311309,19,2,2
202100001705,198Â 740,B01,1,1,1,4,2,6,-1,-1, -1,-1,2021,24.0,2,1,0,0,0,1,1,,4,VICTOR LADEVEZE,0,,2,2,0,1,0,0,1,, -1,1,0,1,50,22,12,5,64,64445,2,1,0,7,Rue du PÃ¨re Pardies,43.30618,-0.37484,18,2,2
202100053257,106Â 534,A01,1,1,2,0,0,0,-1,-1, -1,-1,2021,43.0,1,1,0,2,1,19,0,,3,AV DE FONTAINBLEAU,0,,2,1,1,1,0,0,1,, -1,2,0,1,50,29,1,1,94,94043,2,2,1,3,QUATORZE JUILLET (R DU),48.81456,2.36079,13,2,2
202100049114,113Â 963,B01,1,1,1,9,2,0,-1,-1, -1,-1,2021,16.0,3,1,1,2,1,18,1,,6,LIBERATION   RUE DE LA,0,,-1,-1,0,1,(1),(1),1,, -1,1,0,1,30,5,3,1,17,17291,2,9,0,3,LIBERATION   RUE DE LA,46.17654,-1.11423,12,2,2
202100022662,161Â 111,B01,7,2,2,5,8,0,-1,0,0,-1,2021,0.0,2,3,0,2,3,1,2,5.0,4,BOULEVARD ARAGO,0,,2,4,3,1,(1),(1),1,, -1,1,5,1,50,24,8,5,75,75113,2,5,0,3,BOULEVARD ARAGO,48.836743,2.351857,22,7,2
202100044933,121Â 410,A01,10,3,1,0,0,-1,-1,8,3,1,2021,92.0,1,2,0,1,4,4,1,,6,SOUHARA (ROUTE DE),0,,-1,0,0,1,(1),(1),1,, -1,1,1,1,20,16,2,1,64,64545,2,1,0,6,SOUHARA (ROUTE DE),43.37382,-1.67871,13,2,1
202100001756,198Â 651,B01,1,1,1,5,8,0,-1,-1, -1,-1,2021,16.0,2,1,0,0,0,0,1,,3,JEAN-JAURES (BD),0,,2,2,1,1,0,1,1,, -1,1,0,5,50,22,12,1,93,93070,2,1,0,3,JEAN-JAURES (BD),48.91477,2.3373,15,6,2
202100000472,200Â 863,A01,10,3,2,9,0,-1,-1,3,3,1,2021,27.0,1,1,0,1,8,1,1,,4,BOULEVARD DE SEBASTOPOL,0,,2,5,0,1,(1),(1),1,, -1,1,0,1,30,18,10,1,75,75102,2,3,0,6,BOULEVARD DE SEBASTOPOL,48.86703,2.352976,17,2,1
202100039128,131Â 687,A01,10,3,1,9,0,-1,-1,2,3,1,2021,39.0,1,2,0,1,2,2,1,,4,PONT DE VIVAUX (BOULEVARD),0,,2,3,1,1,(1),(1),1,, -1,1,0,1,50,20,5,1,13,13210,2,1,0,6,PONT DE VIVAUX (BOULEVARD),43.280647,5.421069,7,2,1
202100004708,193Â 365,A01,10,3,2,1,0,-1,-1,4,3,3,2021,18.0,2,2,0,1,3,1,1,,2,JEAN JAURES (AVENUE),0,,2,3,0,1,0,575,1,, -1,2,0,1,50,1,12,5,89,89024,2,2,1,6,JEAN JAURES (AVENUE),47.80108,3.58131,17,2,1
202100008341,186Â 815,A01,1,1,2,0,1,0,-1,-1, -1,-1,2021,30.0,2,2,3,2,1,2,1,,1,13,0,,1,2,0,1,2,400,3,, -1,2,0,1,70,13,11,1,92,92064,1,1,1,2,A13,48.8474879607,2.2246484423,8,2,2
202100039988,130Â 117,B01,1,1,2,1,1,-1,-1,0,0,-1,2021,39.0,3,2,0,2,3,1,1,,4,,-1,,2,2,0,1,(1),(1),1,,"3,5",1,0,1,80,14,5,1,79,79123,1,1,0,1,L'AuziziÃ¨re,46.734063,-0.67619,13,2,2
202100042751,125Â 225,A01,1,1,1,5,8,-1,-1,0,0,-1,2021,48.0,1,2,8,0,1,14,1,,3,529,0,D,2,2,0,1,24,10,1,, -1,1,0,4,80,24,4,5,38,38499,1,1,0,1,D529 LE CREY,44.940775,5.765172,21,1,1
202100008769,186Â 064,A01,1,1,1,5,1,0,-1,-1, -1,-1,2021,22.0,-1,2,6,0,1,2,1,,3,DIDEROT (ROND-POINT),0,,1,1,0,1,0,1,3,, -1,1,0,3,30,9,11,5,93,93029,2,6,0,6,STATION (DE LA),48.91686,2.42936,2,1,1
202100026889,153Â 642,B01,1,1,2,9,1,-1,-1,0,0,-1,2021,21.0,1,2,0,2,4,1,1,,4,108,-1,D,2,2,0,2,(1),(1),1,, -1,1,0,1,50,27,7,1,29,29172,2,1,0,2,Route de Lestrevet,48.1730633933,-4.285492169,20,3,2
202100022039,162Â 234,A01,1,1,1,5,1,4,-1,-1, -1,-1,2021,21.0,1,2,0,2,1,2,1,,1,6,0,,3,3,0,1,13,0,1,, -1,1,0,1,110,28,8,1,91,91161,1,1,0,2,AUTOROUTE A6,48.70186,2.30822,20,4,2
202100040036,130Â 035,A01,1,1,1,0,2,0,-1,-1, -1,-1,2021,55.0,3,1,0,0,0,0,0,,4,ORANGERIE (RUE DE L'),0,,1,1,0,1,0,0,1,, -1,1,0,1,50,13,5,1,91,91549,2,1,1,7,ORANGERIE (RUE DE L'),48.639621,2.330821,17,1,1
202100004638,193Â 476,A01,1,1,2,1,1,-1,-1,-1,0,-1,2021,23.0,1,2,0,2,1,1,1,,1,AUTOROUTE A15,0,,3,7,0,1,22,700,1,, -1,1,0,1,90,5,12,3,95,95218,1,1,0,6, A15,49.0350169937,2.0986461639,7,1,1
202100053805,105Â 576,B01,1,1,2,0,1,-1,-1,0,0,-1,2021,34.0,1,2,0,0,2,21,1,,2,205,0,,2,2,0,2,(1),(1),1,, -1,1,0,1,50,25,1,1,202,202042,2,1,0,1,T205,42.552709,9.441773,15,2,2
202100019188,167Â 329,A01,1,1,1,1,2,8,-1,-1, -1,-1,2021,33.0,3,1,0,2,1,17,1,,4,CLOT BEY (AVENUE),0,,2,2,0,1,0,0,1,, -1,1,0,1,50,13,9,2,13,13208,2,3,0,2,CLOT BEY (AVENUE),43.2618,5.3889,19,2,2
202100017298,170Â 731,A01,1,1,1,1,2,6,-1,0,0,-1,2021,60.0,1,1,0,2,4,1,1,,2,3,0,,3,4,0,1,10,0,1,, -1,1,0,1,110,25,9,3,77,77196,1,1,1,2,N3,48.947724,2.732199,3,2,2
202100054355,104Â 600,A01,1,1,1,1,2,6,-1,0,0,-1,2021,29.0,1,1,0,2,7,1,1,,4,AVENUE DE LA PORTE DE CLIGNANCOURT,0,,3,4,1,1,(1),(1),1,, -1,2,0,1,50,19,1,1,75,75118,2,2,0,3,AVENUE DE LA PORTE DE CLIGNANCOURT,48.898073,2.344267,14,2,2
202100037215,135Â 159,A01,1,1,2,0,2,6,-1,-1, -1,-1,2021,41.0,1,1,0,2,1,2,1,,3,BAYONNE (AVENUE DE),0,,2,4,0,1,9,395,1,, -1,1,5,1,30,31,5,1,64,64024,2,3,0,2,BAYONNE (AVENUE DE),43.48111,-1.51173,8,2,2
202100052190,108Â 423,B01,1,1,1,1,1,-1,-1,0,0,-1,2021,44.0,1,2,3,2,3,1,1,,2,36,-1,,2,2,0,1,63,90,1,, -1,1,0,1,80,9,2,1,77,77145,1,1,0,6,N36,48.6049,2.738867,8,4,3
202100039168,131Â 611,B01,1,1,2,1,8,0,-1,-1, -1,-1,2021,35.0,2,1,0,2,1,1,3,,4,PIERRE LEFAUCHEUX (AVENUE),0,,2,1,0,1,0,0,1,, -1,1,0,1,50,20,5,1,92,92012,2,1,0,3,PIERRE LEFAUCHEUX (AVENUE),48.8240984629,2.2424469917,13,2,2
202100044948,121Â 388,A01,1,1,1,0,2,0,-1,-1, -1,-1,2021,23.0,0,1,13,0,0,26,1,,5,DAURAT (RUE DIDIER),0,,-1,1,0,1,(1),(1),1,, -1,9,0,8,50,6,4,1,35,35281,1,1,0,6,DAURAT (RUE DIDIER),48.07318,-1.71618,17,1,1
202100023793,159Â 093,C01,1,1,1,0,1,-1,-1,0,0,-1,2021,40.0,2,2,0,2,1,2,1,,3,22,-1,,2,2,0,3,3,630,1,, -1,1,0,1,80,16,8,3,53,53089,1,1,0,2,La MourandiÃ¨re,47.760315,-0.639782,23,2,2
202100033667,141Â 583,B01,1,1,1,4,1,0,-1,-1, -1,-1,2021,27.0,3,2,0,0,4,2,1,,3,JEAN JAURES (AVENUE) COTE MAISON BLANCHE,0,,1,2,0,1,1,0,1,, -1,1,0,1,50,18,6,1,93,93050,2,1,0,2,JEAN JAURES (AVENUE) COTE MAISON BLANCHE,48.86,2.54,6,2,2
202100023098,160Â 328,A01,2,2,2,5,1,0,-1,-1, -1,-1,2021,30.0,1,2,12,0,1,16,1,,4,RUE DU PEROU,0,,3,1,0,1,0,0,3,, -1,1,0,1,50,21,8,4,91,91377,2,1,0,7,RUE DU PEROU,48.721671,2.300713,2,4,1
202100048360,115Â 312,B01,1,1,1,4,0,0,-1,-1,0,-1,2021,46.0,1,4,0,2,6,2,1,,1,AUTOROUTE A1,0,,3,7,0,1,27,600,1,, -1,2,0,1,130,10,3,3,95,95580,1,1,1,2, A1,49.0834667578,2.5513659504,22,2,2
202100022300,161Â 772,A01,10,3,1,5,0,-1,-1,2,5,1,2021,31.0,1,2,0,1,1,1,1,,4,BOULEVARD DE MENILMONTANT,0,,1,2,1,1,(1),(1),1,, -1,1,0,1,30,27,8,1,75,75111,2,1,0,6,BOULEVARD DE MENILMONTANT,48.863539,2.38657,17,2,1
202100003233,195Â 991,C01,4,2,2,0,1,8,-1,-1, -1,-1,2021,12.0,1,2,0,2,6,1,1,,2,AEROPORT (ROND POINT DE L'),0,,3,6,0,1,(1),(1),4,, -1,1,0,1,30,12,12,5,972,97213,1,6,0,5,AEROPORT (ROND POINT DE L'),14.598398,-61.000904,17,5,3
202100039941,130Â 194,A01,10,3,2,3,8,8,-1,2,1,2,2021,79.0,3,2,0,1,2,26,1,,4,IBIS ( AVENUE DES ),0,,2,2,0,1,(1),(1),1,, -1,2,0,1,30,12,5,1,44,44055,2,1,1,6,IBIS ( AVENUE DES ),47.2869,-2.39176,11,2,1
202100016105,172Â 854,A01,10,3,1,0,0,-1,-1,3,3,1,2021,35.0,0,2,0,1,4,4,1,,4,GEORGES GUYNEMER (RUE),0,,2,2,0,1,(1),(1),1,, -1,1,0,1,50,25,9,1,80,80021,2,1,0,6,GEORGES GUYNEMER (RUE),49.9106004466,2.3006344711,15,2,1
202100034806,139Â 494,A01,4,2,2,5,1,8,-1,-1, -1,-1,2021,9.0,1,2,0,2,3,15,1,,4,CITES (RUE DES)  => 91,0,,2,2,0,1,0,0,1,, -1,1,0,1,50,12,6,1,93,93001,2,3,0,3,CITES (RUE DES)  => 91,48.913216,2.388628,14,5,2
202100022451,161Â 508,A01,1,1,2,0,2,0,-1,-1, -1,-1,2021,38.0,3,1,0,2,0,0,5,,4,PINEL (PL MARIUS) DU 1AU 24,0,,2,2,1,1,(1),(1),1,, -1,1,0,1,50,25,8,1,31,31555,2,1,0,1,PINEL (PL MARIUS) DU 1AU 24,43.602673,1.466022,16,2,2
202100047657,116Â 568,B01,1,1,1,1,2,6,-1,-1, -1,-1,2021,62.0,2,1,0,2,8,1,1,,3,CANADIENS (AV DES),0,,-1,4,0,1,1,0,1,, -1,2,5,1,50,17,3,2,94,94042,2,1,1,3,CANADIENS (AV DES),48.82028,2.46724,7,2,2
202100049846,112Â 639,C01,1,1,1,0,1,0,-1,-1, -1,-1,2021,22.0,2,2,0,2,5,13,1,,1,86,0,,1,3,0,1,2,0,1,, -1,1,0,1,90,27,2,5,92,92050,1,1,0,4,A86,48.9145462162,2.2193848208,22,3,3
202100053473,106Â 132,A01,2,2,2,5,1,0,-1,-1, -1,-1,2021,41.0,1,2,0,2,1,1,1,,4,BRUYS (RUE DE),0,,1,2,0,1,(1),(1),1,, -1,1,0,1,50,24,1,2,13,13205,2,2,0,6,BRUYS (RUE DE),43.29461,5.38896,17,5,2
202100053453,106Â 172,A01,10,3,2,2,0,-1,-1,3,3,1,2021,15.0,2,2,0,1,3,1,1,,3,COURAYE (RUE),0,,2,2,0,2,32,1120,1,, -1,2,0,1,50,27,1,1,50,50218,2,1,1,6,COURAYE (RUE),48.83755,-1.59156,9,2,1
202100050855,110Â 776,B01,1,1,1,0,2,8,-1,-1, -1,-1,2021,45.0,1,1,0,2,1,1,1,,4,,0,,2,2,0,1,(1),(1),1,, -1,1,0,1,50,19,2,1,69,69387,2,3,0,3,GIRONDINS (DES) (R),45.73916,4.82907,16,3,2
202100005929,191Â 195,A01,1,1,1,1,2,8,-1,-1, -1,-1,2021,37.0,1,1,14,0,1,13,5,,3,162E,0,,2,2,0,1,2,500,1,, -1,9,0,3,50,26,11,5,56,56162,2,1,0,7,Route du Fort BloquÃ©,47.73265,-3.48407,20,1,1
202100036213,136Â 958,A01,10,3,1,5,0,-1,-1,2,5,1,2021,2.0,2,2,0,1,1,1,1,,4,DEGAS,0,,3,2,0,1,(1),(1),1,, -1,1,0,1,30,4,6,1,29,29019,2,1,0,6,Rue Degas,48.41316,-4.47337,19,2,1
202100017870,169Â 678,A01,2,2,1,0,1,0,0,0,0,-1,2021,18.0,2,0,8,0,2,26,0,,4,CANNES (ROUTE DE)  -RD 6085-,0,,2,2,0,1,0,0,1,, -1,1,0,1,50,20,9,5,6,6069,2,1,0,6,CANNES (ROUTE DE)  -RD 6085-,43.63836,6.95056,1,2,1
202100016586,171Â 984,A01,1,1,1,5,2,-1,-1,0,0,-1,2021,37.0,0,1,9,9,0,2,0,,3,703,0,E,2,2,0,1,79,0,1,, -1,1,0,4,50,27,9,5,24,24087,2,9,0,6,Rue de Luziers,44.866185,1.050557,20,1,1
202100027343,152Â 846,A01,1,1,1,0,2,8,-1,-1, -1,-1,2021,40.0,2,1,0,0,7,1,1,,3,GENERAL LECLERC (AVENUE),0,,2,2,0,1,3,1421,2,, -1,1,0,1,50,23,7,1,76,76341,2,1,0,7,GENERAL LECLERC (AVENUE),49.50517,0.19553,11,1,1
202100038975,131Â 974,B01,1,1,1,0,8,0,-1,-1, -1,-1,2021,42.0,1,1,0,2,0,1,5,,3,GEORGES GOSNAT (AV),0,,2,3,3,1,0,0,1,, -1,1,0,1,50,21,5,1,94,94041,2,9,0,2,Avenue Georges Gosnat,48.81345,2.38859,13,2,2
202100010510,182Â 937,B01,1,1,1,5,8,0,-1,-1, -1,-1,2021,18.0,2,1,0,2,0,0,3,,4,BLUM (AVE LEON....NÂ°53),0,,1,2,0,1,(1),(1),1,, -1,1,0,1,50,28,10,1,62,62525,2,1,0,3,BLUM (AVE LEON....NÂ°53),50.740219,2.276148,19,2,2
202100010752,182Â 511,B01,1,1,1,1,8,0,-1,-1, -1,-1,2021,24.0,-1,1,0,2,7,19,3,,3,ROSNY (AVENUE DE) NÂ° 53 A 243,0,,-1,2,0,1,0,1,1,, -1,1,0,1,50,27,10,1,93,93053,2,2,0,3,ROSNY (AVENUE DE) NÂ° 53 A 243,48.88926,2.47121,10,2,2