Num_Acc,id_vehicule,num_veh,place,catu,sexe,trajet,secu1,secu2,secu3,locp,actp,etatp,year_acc,victim_age,senc,catv,obs,obsm,choc,manv,motor,occutc,catr,voie,v1,v2,circ,nbv,vosp,prof,pr,pr1,plan,lartpc,larrout,surf,infra,situ,vma,jour,mois,lum,dep,com,agg_,int,atm,col,adr,lat,long,hour,nb_victim,nb_vehicules
202100013554,177Â 492,B01,1,1,2,0,1,0,-1,0,0,-1,2021,59.0,1,2,0,2,3,15,2,,2,COMMANDANT DUMONT ( AVENUE),0,,2,2,0,2,36,684,1,, -1,1,0,1,50,12,10,1,5,5061,2,3,0,3,COMMANDANT DUMONT ( AVENUE),44.56739,6.08337,12,2,2
202100011748,180Â 717,B01,1,1,2,0,1,0,-1,-1, -1,-1,2021,31.0,2,2,0,2,4,2,1,,1,AUTOROUTE A3,0,,2,6,0,1,12,500,1,, -1,1,0,1,90,22,10,1,93,93005,1,1,0,2,AUTOROUTE A3,48.9469503739,2.4759894608,15,2,2
202100010215,183Â 449,A01,1,1,1,5,0,-1,-1,0,0,-1,2021,51.0,3,6,0,0,0,0,1,,4,1,0,V,-1,1,0,1,(1),(1),1,, -1,1,0,1,80,30,10,1,43,43007,1,1,0,7,lieu dit MONTBUZAT,45.050983,4.180448,17,2,1
202100026775,153Â 862,A01,1,1,1,0,1,0,-1,-1, -1,-1,2021,20.0,0,2,0,2,2,16,1,,7,MARCEL SEMBAT                       (BD),0,,1,3,0,1,3,900,1,, -1,1,0,1,50,27,7,1,69,69259,2,9,0,7,D301,45.68333,4.88333,13,1,1
202100042077,126Â 413,B01,1,1,2,9,8,0,-1,-1, -1,-1,2021,26.0,1,2,0,0,6,1,0,,3,DE DION BOUTON (QUAI) DU 29 AU 65,0,,-1,3,0,1,0,0,1,, -1,1,0,1,50,29,4,1,92,92062,2,1,0,2,DE DION BOUTON (QUAI) DU 29 AU 65,48.8854866832,2.2514019907,14,3,2
202100012586,179Â 222,A01,1,1,1,5,1,-1,-1,0,0,-1,2021,81.0,1,5,0,2,3,19,1,,3,6015,0,D,2,2,0,1,77,304,1,, -1,1,8,1,80,17,10,1,76,76714,1,2,0,3,D6015,49.545373,0.393448,11,3,2
202100006049,190Â 983,A01,1,1,1,5,1,-1,-1,0,0,-1,2021,27.0,1,2,3,2,1,1,1,,1,10,0,,3,4,0,1,401,0,1,,10,2,0,2,130,26,11,3,17,17213,1,1,1,5,A10,46.058246,-0.536394,21,3,3
202100035216,138Â 753,B01,1,1,1,1,2,6,-1,-1, -1,-1,2021,30.0,2,1,0,2,8,1,1,,4,LECLERC                             (AV),0,,2,2,3,1,(1),(1),1,, -1,1,0,1,50,10,6,1,69,69387,2,9,0,3,LECLERC (AV),45.74355,4.82965,15,2,2
202100049015,114Â 146,A01,1,1,1,5,0,-1,-1,0,0,-1,2021,25.0,1,5,13,0,1,26,1,,3,708,0,D,2,2,0,1,67,500,2,, -1,1,0,8,80,6,3,3,24,24159,1,1,0,6,Chatelier,45.104925,0.221186,19,2,1
202100024728,157Â 442,A01,10,3,1,5,0,-1,-1,4,3,2,2021,89.0,1,2,0,1,3,15,1,,4,,0,,2,3,0,1,(1),(1),1,, -1,1,0,1,50,9,8,1,66,66136,2,3,0,6,BOURRAT BOULEVARD JEAN,42.7005803779,2.9024824202,12,3,1
202100024450,157Â 974,A01,2,2,2,5,1,-1,-1,0,0,-1,2021,39.0,1,2,1,2,6,1,1,,3,37,-1,,2,2,0,1,28,500,1,, -1,1,0,1,70,11,8,1,83,83081,1,1,0,1,Route Rd 37,43.5866158834,6.7935515642,13,3,2
202100030455,147Â 337,B01,1,1,2,5,1,-1,-1,0,0,-1,2021,53.0,1,2,0,2,4,15,1,,3,978,-1,,2,2,0,1,86,670,1,, -1,2,0,1,70,6,7,1,71,71420,1,1,1,5,17 Route de Louhans,46.704115,4.992095,16,3,3
202100007095,189Â 082,A01,1,1,2,5,8,-1,-1,0,0,-1,2021,26.0,1,2,13,0,1,1,1,,3,19,0,D,2,2,0,1,1,800,2,, -1,2,0,3,80,21,11,2,54,54217,1,1,1,7,D19,48.4745998951,6.7380201811,7,1,1
202100032526,143Â 628,B01,1,1,1,1,2,-1,-1,-1, -1,-1,2021,45.0,1,1,0,0,0,0,5,,3,YOURI GAGARINE (AV),0,,2,1,1,1,1,0,1,, -1,1,-1,5,20,24,6,1,94,94081,2,9,0,3,Avenue Youri Gagarine,48.787808,2.390617,10,2,2
202100026407,154Â 492,A01,10,3,1,5,0,-1,-1,6,2,1,2021,58.0,2,2,1,1,2,2,1,,2,RN88,0,,3,4,0,1,41,709,1,, -1,1,0,2,90,25,7,1,42,42183,1,1,0,6,RN88,45.4044807226,4.3763128329,14,3,2
202100008289,186Â 901,A01,1,1,1,5,1,-1,-1,0,0,-1,2021,33.0,2,5,0,2,2,2,1,,3,12,-1,,2,2,0,1,12,300,1,, -1,2,0,1,80,13,11,3,51,51268,1,1,0,2,D12,48.87156,4.15884,18,2,2
202100000660,200Â 534,B01,1,1,1,1,2,-1,-1,0,0,-1,2021,39.0,1,1,0,0,4,1,5,,3,35,-1,,2,2,0,1,6,544,1,, -1,1,0,1,50,31,12,1,91,91458,1,1,0,2,CD 35,48.664593,2.213681,15,2,2
202100005196,192Â 486,C01,1,1,2,0,1,0,-1,-1, -1,-1,2021,25.0,1,2,0,2,4,2,1,,1,A12 Y,0,,1,3,0,1,6,0,1,, -1,2,1,1,110,1,12,3,78,78073,1,1,1,5,A12 Y,48.801717,2.046779,19,3,3
202100007679,188Â 025,A01,1,1,2,0,1,0,-1,-1, -1,-1,2021,42.0,2,2,0,2,4,2,1,,3,BRIAND ( AV. ARISTIDE) 31 A 91,0,,2,6,0,1,1,0,1,, -1,1,0,1,50,17,11,1,93,93057,2,1,0,2,BRIAND ( AV. ARISTIDE) 31 A 91,48.90864,2.4989,13,2,2
202100005303,192Â 310,B01,1,1,1,0,1,5,-1,-1, -1,-1,2021,48.0,2,2,0,2,1,1,1,,3,,0,,2,4,0,1,16,150,1,, -1,2,0,1,90,30,11,3,45,45068,1,1,1,5,D 2007-PR 16+150,48.02431,2.74031,17,3,3
202100034177,140Â 659,B01,1,1,1,5,9,-1,-1,0,0,-1,2021,62.0,2,1,0,2,3,1,5,,3,973,0,A,2,2,0,1,2,200,1,, -1,1,5,1,80,14,6,1,84,84026,1,3,0,1,Route de Pertuis,43.7225851687,5.392870903,9,2,2
202100013086,178Â 350,B01,1,1,2,0,2,-1,-1,-1, -1,-1,2021,47.0,2,1,0,2,1,1,1,,4,QUAI ELISABETH DUPEYRON,0,,2,3,0,1,(1),(1),1,, -1,1,0,1,50,15,10,1,33,33249,2,1,0,3,QUAI ELISABETH DUPEYRON,44.87288,-0.53723,12,2,2
202100032217,144Â 172,C01,1,1,2,9,1,-1,-1,0,0,-1,2021,33.0,2,2,0,2,1,1,1,,3,964,-1,,2,2,0,1,45,100,3,, -1,1,0,1,80,26,6,1,81,81105,1,1,0,5,Route de Gaillac,43.773287,1.999738,19,4,3
202100013494,177Â 614,C01,1,1,1,0,1,0,-1,-1, -1,-1,2021,46.0,2,5,0,2,1,17,1,,2,RN 184,0,,2,3,0,1,17,350,1,, -1,1,0,1,80,13,10,1,78,78551,1,1,0,5,RN 184,48.9463,2.09523,14,4,4
202100000868,200Â 189,B01,1,1,1,5,2,4,-1,0,0,-1,2021,56.0,3,1,0,2,2,1,5,,4,GUILLAUMET (RUE),0,,1,1,0,1,(1),(1),2,, -1,1,5,1,50,30,12,1,27,27306,2,6,0,3,GUILLAUMET (RUE),49.003824,1.176934,12,2,2
202100022933,160Â 630,A01,1,1,1,4,8,8,-1,-1, -1,-1,2021,28.0,2,1,9,2,1,1,1,,4,110,0,,2,2,0,1,0,0,1,, -1,1,0,1,50,22,8,5,92,92024,2,4,0,3,GENERAL LECLERC (RUE DU) DE (81 A 109)  ,48.9076238711,2.3082619226,22,2,2
202100008241,186Â 983,A01,2,2,2,0,1,-1,-1,-1, -1,-1,2021,29.0,1,2,1,0,1,16,1,,4,BONNAND                             (R ),0,,1,1,2,1,(1),(1),1,, -1,2,0,1,50,13,11,5,69,69383,2,2,1,6,BONNAND (R),45.74931,4.88394,22,4,1
202100048036,115Â 879,A01,2,2,2,5,2,6,-1,0,0,-1,2021,38.0,2,1,0,2,3,18,1,,4,AVENUE MOZART,0,,1,3,3,2,(1),(1),1,, -1,2,-1,6,50,13,3,1,75,75116,2,5,0,3,AVENUE MOZART,48.858172,2.274353,12,4,2
202100026946,153Â 548,A01,1,1,1,9,2,6,-1,0,0,-1,2021,22.0,1,1,0,2,5,1,3,,4,BOULEVARD DU MONTPARNASSE,0,,2,2,0,1,(1),(1),1,, -1,2,0,1,50,25,7,1,75,75115,2,1,1,2,BOULEVARD DU MONTPARNASSE,48.845926,2.31834,11,2,2
202100049018,114Â 142,A01,1,1,1,5,1,-1,-1,0,0,-1,2021,22.0,1,2,8,0,1,0,1,,3,,-1,,2,2,0,1,8,800,3,, -1,2,0,1,70,7,3,2,973,97309,2,1,1,7,Route de RÃ©mire,4.892813,-52.274006,7,2,1
202100004358,193Â 967,A01,10,3,2,2,0,-1,-1,3,3,1,2021,15.0,1,5,0,1,2,1,1,,3,,-1,,2,2,0,1,0,300,1,,4,1,6,1,50,17,11,2,47,47157,2,3,0,6,Avenue du MarÃ©chal Joffre,44.496887,0.172603,7,2,1
202100027622,152Â 350,A01,1,1,1,5,1,-1,-1,0,0,-1,2021,42.0,2,2,0,2,1,17,1,,3,470,-1,,2,2,0,1,39,750,1,, -1,1,0,1,90,23,7,1,39,39106,1,1,0,5,,46.478209,5.724648,16,5,3
202100052585,107Â 732,B01,1,1,1,0,2,8,-1,-1, -1,-1,2021,73.0,2,1,0,0,0,0,5,,3,R CHARLES FLOQUET ,0,,2,2,0,1,1,0,1,, -1,1,8,1,50,4,2,1,94,94017,2,1,0,6,CHARLES FLOQUET (R),48.81917,2.48248,9,2,2
202100006072,190Â 950,B01,2,2,2,0,8,0,-1,-1, -1,-1,2021,20.0,2,2,0,2,1,26,1,,2,RN 104,0,,1,3,0,1,41,0,1,, -1,2,0,1,70,27,11,1,91,91521,1,1,1,3,RN 104,48.63397,2.40063,13,3,2
202100011861,180Â 521,A01,10,3,1,9,8,8,-1,4,3,1,2021,69.0,3,2,0,1,1,15,1,,3,BERCY (QU DE),0,,3,3,0,1,0,375,1,, -1,2,0,1,50,21,10,1,94,94018,2,3,1,1,BERCY (QU DE),48.82163,2.39947,14,2,1
202100013501,177Â 598,B01,1,1,2,5,1,-1,-1,-1, -1,-1,2021,36.0,1,2,0,2,2,1,1,,7,8 MAI 1945   (Rue du),0,,1,1,0,1,(1),(1),2,, -1,1,3,1,50,12,10,5,69,69266,2,2,0,3,8 MAI 1945 (DU) (R),45.78215,4.89097,22,5,2
202100022215,161Â 938,A01,1,1,1,1,1,0,-1,-1, -1,-1,2021,19.0,2,5,13,0,7,1,1,,3,MONTAGNE (ROUTE DE LA),0,,2,2,0,2,(1),(1),1,, -1,1,0,3,50,27,8,3,974,97411,2,1,0,6,MONTAGNE (ROUTE DE LA),-20.88698,55.43518,19,1,1
202100023262,160Â 035,A01,2,2,1,0,2,0,-1,-1, -1,-1,2021,28.0,1,1,0,2,1,26,1,,4,CUGNOT NICOLAS (BD),0,,1,2,0,1,0,0,1,, -1,1,0,1,70,20,8,1,72,72181,2,1,0,2,CUGNOT NICOLAS (BD),47.98972,0.22682,20,3,2
202100029338,149Â 324,B01,1,1,1,3,1,8,-1,-1, -1,-1,2021,29.0,3,2,0,2,1,15,1,,4,D'AMBOILE (R),0,,2,2,0,1,1,0,1,, -1,1,0,1,50,11,7,1,94,94019,2,9,0,3,Rue dâAmboile,48.79049,2.53194,20,2,2
202100011346,181Â 448,B01,1,1,1,0,8,0,-1,-1, -1,-1,2021,21.0,1,0,0,2,0,2,3,,4,L'ABBE ROUGIER (RUE),0,,3,2,0,1,0,0,1,, -1,1,0,1,50,22,10,1,987,98736,1,1,0,3,L'ABBE ROUGIER (RUE),-17.52923,-149.55114,8,3,2
202100041870,126Â 780,B01,1,1,1,9,2,0,-1,-1, -1,-1,2021,24.0,1,1,0,2,1,1,1,,3,MONTABO (ROUTE DE) 2,0,,2,1,2,1,2,900,1,, -1,1,0,1,50,30,4,1,973,97302,2,9,0,3,MONTABO (ROUTE DE) 2,4.9385605114,-52.299635768,12,2,2
202100018032,169Â 394,B01,3,2,2,5,1,0,-1,-1, -1,-1,2021,54.0,1,2,1,2,8,1,2,,4,COMMANDANT L'HERMINIER (R DU),0,,2,1,0,2,1,0,1,, -1,1,0,1,50,19,9,1,94,94038,2,2,0,3,Rue du Commandant lâHerminier,48.77101,2.32405,17,5,2
202100039809,130Â 422,B01,1,1,1,0,8,0,-1,-1, -1,-1,2021,37.0,3,1,0,2,1,17,1,,4,RENE COTY(RUE),0,,2,2,0,1,145,0,1,, -1,2,0,1,50,14,5,1,91,91691,2,1,1,3,RENE COTY(RUE),48.71679,2.49995,20,2,2
202100028972,149Â 942,A01,1,1,2,5,2,-1,-1,-1, -1,-1,2021,57.0,2,0,16,0,0,19,3,,3,COTE D'ARGENT (BD) DU 164 AU 254,0,,2,2,1,1,(1),(1),1,, -1,1,0,1,30,14,7,1,33,33009,2,1,0,7,COTE D'ARGENT (BD) DU 164 AU 254,44.64167,-1.20168,17,1,1
202100042056,126Â 452,B01,1,1,1,5,2,0,-1,0,0,-1,2021,27.0,3,1,0,2,3,1,1,,4,PORTE D IVRY,0,,2,2,0,1,(1),(1),1,, -1,1,0,1,50,29,4,5,75,75113,2,2,0,3,PORTE D IVRY,48.819426,2.373482,2,2,2
202100023055,160Â 409,B01,1,1,1,5,1,8,-1,-1, -1,-1,2021,21.0,3,2,0,2,8,9,1,,3,PIERRE EMILE GASPARD,0,,1,1,0,2,0,0,1,, -1,1,0,1,50,22,7,5,58,58194,2,3,0,3,PIERRE EMILE GASPARD,46.9867,3.1527,0,4,2
202100051758,109Â 186,A01,1,1,1,5,0,-1,-1,0,0,-1,2021,32.0,2,1,17,0,4,14,1,,2,4,-1,N,2,2,0,1,4,(1),2,, -1,1,0,3,80,12,2,1,971,97128,1,1,0,6,Fonds ThÃ©zan,16.217693,-61.418595,15,1,1
202100028649,150Â 504,A01,1,1,1,4,8,-1,-1,-1, -1,-1,2021,55.0,1,1,0,2,4,1,1,,4,BETHMANN (RUE DE),0,,2,2,0,1,(1),(1),1,, -1,1,0,1,50,16,7,1,33,33063,2,1,0,2,Rue de Bethmann,44.82272,-0.60324,16,2,2
202100048879,114Â 386,A01,1,1,1,5,1,-1,-1,0,0,-1,2021,37.0,3,2,0,0,0,1,1,,7,6,0,D,2,2,0,1,83,50,2,, -1,2,0,8,80,7,3,1,42,42283,1,1,1,7,Route des Vignes,45.551158,4.548447,18,1,1
202100009016,185Â 601,B01,1,1,1,5,2,6,-1,0,0,-1,2021,67.0,1,1,0,2,1,1,5,,7,,-1,,1,1,0,1,0,1,2,,4,1,9,1,50,8,11,1,69,69244,2,6,0,3,CLARISSES (DES) (RDPT),45.765789,4.751675,13,2,2
202100019400,166Â 952,B01,1,1,1,5,0,-1,-1,0,0,-1,2021,61.0,0,1,0,9,3,21,5,,4,,-1,,2,2,0,4,(1),(1),3,,4,1,0,1,80,13,9,1,79,79235,1,9,0,6,La GroliÃ¨re,46.871234,-0.757322,16,2,2
202100056309,101Â 248,A01,10,3,1,3,0,-1,-1,3,3,1,2021,69.0,3,5,0,1,1,1,1,,4,Rue du Pont-de-Bois,-1,,2,2,0,1,(1),(1),1,, -1,2,0,1,50,5,1,2,29,29260,2,1,1,6,Rue du Pont-de-Bois,48.433428,-4.620714,8,2,1
202100047614,116Â 645,A01,1,1,1,2,2,6,-1,-1, -1,-1,2021,18.0,1,1,0,2,3,17,1,,3,GAMBETTA BD,0,,2,2,0,1,28,280,1,, -1,1,0,1,50,17,3,1,78,78498,2,9,0,3,GAMBETTA BD,48.92984,2.04717,10,3,2
202100006366,190Â 418,A01,2,2,2,5,1,0,-1,-1, -1,-1,2021,57.0,1,2,0,2,3,9,1,,1,A57,0,,3,5,0,2,1,49,1,, -1,1,0,1,70,24,11,1,83,83137,1,1,0,3,A57,43.12132,5.95331,14,3,2
202100055178,103Â 187,A01,10,3,1,3,0,-1,-1,3,3,1,2021,17.0,1,2,0,1,1,1,1,,4,LIZE,0,,-1,2,0,1,1,0,1,, -1,1,0,1,50,12,1,1,49,49007,2,1,0,6,LIZE,47.48994,-0.56661,16,2,1
202100047592,116Â 688,A01,1,1,1,0,1,0,-1,-1, -1,-1,2021,20.0,2,2,4,0,1,2,1,,1,AUTOROUTE A104,0,,3,9,0,1,3,700,2,, -1,2,0,1,90,18,3,3,93,93078,1,1,1,6,AUTOROUTE A104,48.95828,2.52924,19,1,1
202100038994,131Â 937,B01,2,1,2,9,8,0,-1,-1, -1,-1,2021,50.0,3,1,0,0,0,0,0,,4,,0,,1,1,1,1,0,0,1,, -1,1,0,5,50,21,5,5,92,92046,2,3,0,7,Paul vaillant couturier,48.81705,2.29191,21,2,2
202100021187,163Â 793,B01,1,1,1,5,2,-1,-1,0,0,-1,2021,44.0,2,1,0,2,1,1,1,,3,83,0,,2,2,0,1,57,(1),1,, -1,1,0,1,50,3,9,1,14,14044,2,2,0,3,Route de Douvres,49.281514,-0.418017,19,4,2
202100012937,178Â 610,B01,1,1,1,5,2,-1,-1,-1, -1,-1,2021,15.0,3,1,0,2,4,2,1,,4,,-1,,2,2,0,1,(1),(1),1,,4,1,0,1,80,16,10,3,44,44062,1,1,0,2,Rue du Haut Luc - LES ROTYS,47.541491,-1.7443,21,3,2
202100046085,119Â 378,A01,1,1,1,4,2,8,-1,-1, -1,-1,2021,19.0,3,1,0,2,2,1,1,,7,FAUBOURG DE BETHUNE RUE,0,,2,2,0,1,(1),(1),1,, -1,1,0,1,50,29,3,5,59,59360,2,2,0,3,EPINETTE RUE NÂ° IMPAIRS DU 01 AU 103,50.6169479189,3.0240297318,20,2,2
202100012867,178Â 726,A01,1,1,1,1,2,8,-1,0,0,-1,2021,17.0,1,1,0,2,1,1,3,,4,BOULEVARD BESSIERES,0,,2,2,0,1,(1),(1),1,, -1,1,0,1,30,16,10,1,75,75117,2,5,0,3,BOULEVARD BESSIERES,48.897578,2.324176,9,2,2
202100045910,119Â 693,B01,1,1,2,0,1,-1,-1,-1, -1,-1,2021,59.0,0,5,0,0,1,0,0,,4,TACHE VELIN (DE)                    (CH),0,,2,2,0,1,(1),(1),1,, -1,1,0,1,30,30,3,1,69,69259,2,1,0,1,TACHE VELIN (DE) (CHM),45.7151132046,4.8687297106,16,2,2
202100046099,119Â 357,A01,1,1,1,5,2,8,-1,-1, -1,-1,2021,52.0,2,1,12,0,1,13,1,,3,RD 752,0,,2,2,0,1,46,450,3,, -1,1,0,1,50,28,3,1,49,49099,2,6,0,7,RD 752,46.99533,-0.89279,12,1,1
202100052381,108Â 084,B01,1,1,1,1,1,-1,-1,-1, -1,-1,2021,55.0,3,2,0,2,6,2,1,,4,DE LATTRE DE TASSIGNY               (PT),0,,2,6,0,1,(1),(1),1,, -1,1,0,1,50,4,2,1,69,69381,2,2,0,2,DE LATTRE DE TASSIGNY               (PT),45.77245,4.8385,13,3,2
202100043052,124Â 718,A01,1,1,1,1,2,6,-1,0,0,-1,2021,41.0,2,1,0,2,1,2,1,,4,PORTE DES TERNES,0,,1,4,0,1,16,800,1,, -1,1,1,1,70,21,4,1,75,75117,2,1,0,2,PORTE DES TERNES,48.8827,2.283359,16,2,2
202100016297,172Â 502,A01,2,2,1,4,1,-1,-1,0,0,-1,2021,46.0,2,2,0,0,5,1,1,,3,,0,D,2,2,0,1,12,180,1,, -1,1,0,1,80,29,9,1,16,16337,1,2,0,3,Route des Bouriats,45.984871,0.711,17,7,2
202100031037,146Â 261,A01,1,1,2,5,2,6,-1,0,0,-1,2021,25.0,1,1,0,2,1,1,1,,7,FOREST (AVENUE FERNAND),0,,2,7,0,1,(1),(1),1,, -1,2,0,1,50,3,7,5,63,63113,2,2,1,3,FOREST (AVENUE FERNAND),45.79997,3.1123,3,2,2
202100024541,157Â 795,A01,1,1,1,0,2,6,-1,-1, -1,-1,2021,40.0,1,1,0,2,1,3,1,,4,PASTEUR (RUE),0,,2,2,0,1,(1),(1),1,, -1,1,0,1,50,11,8,1,10,10387,2,1,0,2,PASTEUR (RUE),48.3031,4.0625,17,2,2
202100021526,163Â 165,A01,2,2,2,5,1,-1,-1,0,0,-1,2021,74.0,1,2,4,0,1,10,1,,1,87,0,A,3,4,0,1,112,110,1,, -1,1,7,1,70,31,8,1,85,85191,1,1,0,6,A 87 pk 112+110,46.672851,-1.345941,10,2,1
202100031309,145Â 775,B01,1,1,1,0,1,0,-1,-1, -1,-1,2021,39.0,1,2,0,2,5,26,1,,3,HENRI BARBUSSE (AV),0,,1,1,0,2,1,0,1,, -1,1,0,1,50,2,7,1,94,94081,2,1,0,2,Avenue Henri Barbusse,48.7899,2.3908,16,2,2
202100025411,156Â 235,A01,10,3,1,0,0,-1,-1,1,3,-1,2021,46.0,1,5,0,1,2,1,1,,2,RAMBAUD (LEOPOLD),0,,1,3,0,1,(1),(1),1,, -1,1,0,1,50,5,8,1,974,97411,2,1,0,6,RAMBAUD (LEOPOLD),-20.8855462184,55.4699720442,11,2,1
202100050539,111Â 358,C01,1,1,2,1,1,8,-1,-1, -1,-1,2021,51.0,1,2,0,2,1,2,2,,7,Route Nationale 83,0,,3,3,0,1,41,299,1,, -1,1,0,1,90,18,2,1,67,67152,1,1,0,4,M83,48.52888,7.69405,8,3,3
202100024466,157Â 937,B01,1,1,1,4,2,4,7,0,0,-1,2021,32.0,1,1,0,2,8,1,1,,3,203,0,D,2,2,0,1,0,830,1,, -1,1,0,1,50,12,8,1,33,33240,2,1,0,3,,45.303721,-0.93516,11,2,2
202100015953,173Â 152,B01,1,1,1,9,2,0,-1,0,0,-1,2021,29.0,2,1,0,2,1,1,3,,4,RUE LA FAYETTE,0,,2,2,0,1,(1),(1),1,, -1,2,8,1,30,29,9,1,75,75110,2,2,0,3,RUE LA FAYETTE,48.880747,2.362464,11,2,2
202100013933,176Â 796,A01,1,1,1,5,2,-1,-1,0,0,-1,2021,20.0,3,1,2,0,1,1,1,,9,45,0,D,2,2,0,4,(1),(1),3,, -1,1,9,3,80,11,10,1,39,39035,1,1,0,6,,46.452036,5.333648,16,1,1
202100039231,131Â 494,B01,1,1,1,0,1,-1,-1,-1, -1,-1,2021,60.0,2,2,0,2,0,0,1,,1,ROCADE A 630,0,,3,6,0,1,18,427,1,, -1,1,0,1,90,19,5,1,33,33281,1,1,0,2,Rocade Ouest A630,44.823868,-0.674453,16,2,2
202100044872,121Â 510,A01,1,1,2,1,1,-1,-1,0,0,-1,2021,57.0,2,2,16,0,2,1,1,,3,110,0,D,2,2,0,2,1,460,2,, -1,1,0,3,80,8,4,3,47,47217,1,1,0,7,RD 110,44.206896,0.799577,3,1,1
202100023040,160Â 438,B01,1,1,1,1,8,0,-1,-1, -1,-1,2021,28.0,0,1,0,2,1,1,3,,4,LAMBLARDIE (QUAI),0,,2,2,0,1,0,0,1,, -1,1,0,1,50,28,7,2,76,76351,1,2,0,3,LAMBLARDIE (QUAI),49.48955,0.11652,5,2,2
202100040530,129Â 161,A01,10,3,2,0,0,-1,-1,2,3,1,2021,22.0,0,2,0,1,1,15,1,,4,,0,,2,2,0,1,0,0,1,, -1,2,0,1,50,10,5,1,92,92033,2,3,1,6,MARQUIS DE MORES,48.8512839985,2.1922825836,8,2,1
202100047344,117Â 141,A01,2,2,2,0,1,0,-1,0,0,-1,2021,25.0,1,2,0,2,7,1,1,,7,LIBERATION (AVENUE DE LA),0,,2,2,0,1,(1),(1),2,, -1,1,0,1,50,17,3,5,54,54395,2,1,0,6,LIBERATION (AVENUE DE LA),48.6968348337,6.1491988599,19,2,1
202100045827,119Â 838,B01,1,1,1,3,2,-1,-1,0,0,-1,2021,17.0,1,1,0,2,1,2,1,,3,131,-1,,2,2,0,1,5,940,1,, -1,1,0,1,50,31,3,1,62,62897,2,1,1,2,1 Route de Lumbres,50.676934,2.070646,17,6,2
202100055017,103Â 468,A01,10,3,1,5,0,-1,-1,4,3,1,2021,19.0,2,2,0,1,1,2,2,,3,GENERAL DE GAULLE (AVENUE DU),0,,1,4,0,1,0,0,1,, -1,2,0,1,50,14,1,5,91,91687,2,1,1,6,GENERAL DE GAULLE (AVENUE DU),48.67579,2.38559,19,2,1
202100042867,125Â 043,A01,2,2,2,9,2,8,-1,-1, -1,-1,2021,16.0,1,1,0,2,7,17,1,,4,DE GAULLE ( AV. GENERAL ),0,,2,2,0,1,(1),(1),1,, -1,1,0,1,50,22,4,1,56,56098,2,3,0,3,DE GAULLE ( AV. GENERAL ),47.76253,-3.33304,19,4,2
202100051835,109Â 050,A01,10,3,2,5,0,-1,-1,3,3,1,2021,48.0,1,2,0,1,1,15,1,,4,GASTON NAVAILLE (RUE),0,,2,1,0,1,1,0,1,, -1,1,0,1,50,10,2,1,93,93050,2,3,0,6,GASTON NAVAILLE (RUE),48.87088,2.53325,17,2,1
202100044789,121Â 653,A01,10,3,1,9,0,-1,-1,1,3,1,2021,57.0,3,2,0,1,3,15,1,,4,LECLERC (DU MARECHAL),0,,1,1,3,1,0,0,1,, -1,1,6,6,30,6,4,1,974,97411,2,2,0,6,LECLERC (DU MARECHAL),-20.87959,55.45161,8,3,1
202100045814,119Â 864,A01,10,3,1,5,0,-1,-1,2,3,1,2021,42.0,1,2,0,1,3,15,1,,3,ALLENDE (AVE DU P. SALVADOR),0,,1,3,3,1,0,0,1,, -1,1,0,1,50,31,3,5,93,93008,2,1,0,6,SALLE PABLO NERUDA,48.9060865289,2.4455673612,21,2,1
202100053735,105Â 692,A01,10,3,2,3,0,-1,-1,3,3,1,2021,82.0,1,2,0,1,8,16,1,,4,,0,,2,2,0,1,(1),(1),1,, -1,2,0,1,50,25,1,1,45,45302,2,6,1,6,1038 Rue des SablonniÃ¨res,47.936333,1.884624,10,2,1
202100018326,168Â 866,C01,1,1,1,5,1,-1,-1,0,0,-1,2021,65.0,1,2,0,2,4,2,1,,3,JOFFRE (AVENUE DU MARECHAL),0,,2,2,0,1,1,750,1,, -1,1,0,1,50,17,9,1,65,65440,2,1,0,4,JOFFRE (AVENUE DU MARECHAL),43.23,0.06,13,3,3
202100041947,126Â 641,B01,1,1,2,0,1,0,-1,-1, -1,-1,2021,33.0,1,2,0,2,3,1,1,,3,MONTFERMEIL (ALLEE DE) 118-160,0,,2,2,0,2,0,0,1,, -1,1,0,1,50,30,4,1,93,93062,2,2,0,3,MONTFERMEIL (ALLEE DE) 118-160,48.8966583839,2.5301921368,11,2,2
202100053492,106Â 101,B01,1,1,1,0,2,0,-1,-1, -1,-1,2021,46.0,0,1,0,2,1,1,0,,4,JEAN JAURES (R),0,,1,1,1,1,0,0,1,, -1,1,0,5,30,27,1,1,94,94046,2,1,0,1,JEAN JAURES (R),48.78957,2.435357,17,2,2
202100048300,115Â 419,B01,1,1,1,0,2,6,-1,-1, -1,-1,2021,44.0,2,1,0,0,3,1,1,,3,JEAN JAURES (AV),0,,2,4,0,1,1,0,1,, -1,2,0,1,50,11,3,1,94,94081,2,3,1,3,JEAN JAURES (AV),48.79408,2.40059,9,2,2
202100056100,101Â 604,A01,1,1,1,3,1,-1,-1,0,0,-1,2021,85.0,3,2,1,0,2,2,1,,3,520,-1,,2,2,0,2,(1),(1),3,, -1,1,0,1,80,7,1,1,50,50461,1,1,0,2,Le Haut Gallion,49.490681,-1.408267,15,2,2