Num_Acc,id_vehicule,num_veh,place,catu,sexe,trajet,secu1,secu2,secu3,locp,actp,etatp,year_acc,victim_age,senc,catv,obs,obsm,choc,manv,motor,occutc,catr,voie,v1,v2,circ,nbv,vosp,prof,pr,pr1,plan,lartpc,larrout,surf,infra,situ,vma,jour,mois,lum,dep,com,agg_,int,atm,col,adr,lat,long,hour,nb_victim,nb_vehicules
202100055342,102Â 910,A01,10,3,2,0,8,8,-1,4,3,1,2021,67.0,2,2,0,1,1,15,1,,4,ARSON (RUE),0,,1,0,0,1,(1),(1),1,, -1,1,0,8,50,12,1,1,6,6088,2,2,0,6,ARSON (RUE),43.69909,7.286435,8,2,1
202100038866,132Â 153,A01,1,1,2,0,1,0,-1,-1, -1,-1,2021,22.0,1,2,0,2,1,1,1,,1,86,0,,3,7,0,2,10,649,1,, -1,1,0,1,770,21,5,2,92,92036,1,1,0,2,AUTOROUTE A86,48.9344980471,2.3202310587,21,2,2
202100010553,182Â 866,A01,10,3,1,5,0,-1,-1,2,5,1,2021,14.0,2,2,0,1,2,1,2,,4,RUE DE LA REUNION,0,,1,1,0,2,(1),(1),1,, -1,1,0,1,30,27,10,5,75,75120,2,1,0,6,RUE DE LA REUNION,48.854302,2.402062,18,2,1
202100049247,113Â 728,A01,2,2,2,5,1,0,-1,-1, -1,-1,2021,73.0,1,2,15,0,1,1,1,,3,162,0,,2,2,0,2,5,362,4,, -1,1,0,1,50,3,3,1,56,56162,2,3,0,6,FORT BLOQUE (ROUTE DU),47.7383745548,-3.4443855286,14,2,1
202100012896,178Â 676,B01,1,1,2,9,8,0,-1,-1, -1,-1,2021,43.0,1,2,0,2,4,0,1,,3,Route Nationale 3,0,,3,4,0,2,20,399,3,, -1,1,0,1,110,16,10,3,93,93046,1,1,0,4,D933,48.93025,2.55461,7,5,4
202100050253,111Â 893,A01,1,1,1,5,2,6,-1,0,0,-1,2021,17.0,1,1,0,2,4,13,1,,3,D618,-1,,2,2,0,1,13,500,1,, -1,1,0,1,70,20,2,1,55,55500,2,1,0,4,D618,49.324472,5.662165,13,4,3
202100019071,167Â 553,B01,1,1,1,5,0,-1,-1,0,0,-1,2021,56.0,3,1,0,2,1,1,5,,7,,-1,,2,2,1,1,(1),(1),1,,4,1,0,5,50,14,9,1,38,38486,2,1,0,2,10 Rue du Docteur Schweitzer,45.158865,5.696329,11,2,2
202100014525,175Â 744,B01,1,1,1,1,2,6,-1,-1, -1,-1,2021,64.0,2,1,0,2,8,1,1,,1,BRETELLE17  ACCES TOULON CENTRE N -T,0,,1,2,0,1,72,750,1,, -1,1,0,1,70,8,10,1,83,83137,1,1,0,4,BRETELLE17  ACCES TOULON CENTRE N -T,43.12118,5.95212,8,4,3
202100014574,175Â 658,A01,10,3,2,5,0,-1,-1,4,3,1,2021,84.0,0,2,0,1,3,15,1,,4,FELIX FAURE,0,,2,2,0,1,0,0,1,, -1,2,0,1,50,6,10,1,76,76351,2,4,0,6,FELIX FAURE,49.5017,0.11644,9,2,1
202100016400,172Â 321,A01,1,1,1,5,1,-1,-1,0,0,-1,2021,56.0,2,5,2,0,2,2,1,,3,85,-1,,2,2,0,2,24,0,2,, -1,1,0,3,50,25,9,1,81,81288,2,1,0,6,Route de Dourgne,43.458285,2.077618,19,1,1
202100027222,153Â 059,B01,1,1,1,0,2,6,-1,0,0,-1,2021,24.0,1,1,0,2,1,1,1,,4,BASTIE MARYSE,0,,2,2,0,1,(1),(1),1,, -1,1,0,1,50,24,7,1,6,6029,2,1,0,1,BASTIE MARYSE,43.55275,6.95702,9,2,2
202100039157,131Â 632,A01,10,3,1,0,0,-1,-1,2,3,1,2021,5.0,3,2,1,1,3,26,1,,3,LEFEVRE RAYMOND,0,,2,2,0,1,0,0,1,, -1,1,0,1,50,19,5,1,93,93006,2,1,0,3,LEFEVRE RAYMOND,48.87236,2.42851,19,2,1
202100025832,155Â 519,A01,1,1,2,1,1,-1,-1,0,0,-1,2021,34.0,1,2,0,2,8,15,1,,7,CD342,-1,,2,2,0,4,7,100,1,, -1,2,0,1,70,3,8,1,69,69149,1,3,1,1,BRIGNAIS (DE) (RTE),45.7197524965,4.7784921527,19,5,2
202100016547,172Â 052,A01,10,3,1,1,0,-1,-1,9,A,1,2021,34.0,1,2,0,1,7,1,1,,3,PERE MAZURIE (R DU),0,,1,1,0,1,1,0,1,, -1,1,0,1,50,9,9,1,94,94021,2,1,0,6,Rue du PÃ¨re MazuriÃ©,48.77135,2.35576,18,2,1
202100035032,139Â 076,A01,10,3,1,5,0,-1,-1,2,3,1,2021,92.0,3,2,0,1,5,26,0,,4,RABELAIS (RUE),0,,2,2,0,2,1,0,1,, -1,1,0,1,50,11,6,1,13,13216,2,1,0,2,RABELAIS (RUE),43.36134,5.32306,10,3,1
202100008236,186Â 989,A01,10,3,1,5,8,8,-1,1,3,1,2021,71.0,2,1,0,1,1,1,1,,3,AGERBOL (AVENUE D'),0,,2,2,0,2,0,347,3,, -1,1,0,1,50,4,11,2,6,6012,2,1,0,6,AGERBOL (AVENUE D'),43.75361,7.43087,17,2,1
202100033975,141Â 031,A01,1,1,1,5,2,6,-1,-1, -1,-1,2021,29.0,2,1,0,2,1,0,1,,1,A43   0.550 A 3.353,0,,3,7,0,1,2,599,2,, -1,1,3,1,70,16,6,1,69,69029,1,1,0,4,A43   0.550 A 3.353,45.72678,4.91421,17,3,3
202100054881,103Â 709,A01,10,3,2,3,-1,-1,-1,3,3,1,2021,94.0,1,0,0,1,0,1,0,,4,MARANSIN (CHAUSSEE),0,,2,1,0,1,(1),(1),1,, -1,2,0,1,50,15,1,1,65,65286,2,1,1,6,Av du GÃ©nÃ©ral Baron Maransin,43.09706,-0.04588,16,2,1
202100030905,146Â 519,A01,5,2,2,5,1,-1,-1,0,0,-1,2021,12.0,2,2,0,2,1,1,1,,3,538,-1,,2,2,0,2,15,0,1,, -1,1,0,1,80,3,7,1,38,38134,1,1,0,1,D538,45.450452,4.994895,18,7,2
202100011470,181Â 222,A01,1,1,1,5,8,-1,-1,0,0,-1,2021,22.0,2,6,6,9,2,1,1,,4,,-1,,2,1,0,2,(1),(1),1,,3,1,0,1,50,23,10,1,70,70514,2,1,0,6,3 Rue de l Abreuvoir,47.335943,5.640431,16,1,1
202100019901,166Â 058,A01,1,1,1,4,1,0,-1,0,0,-1,2021,32.0,0,2,0,2,2,5,1,,4,PLACE SAINT AUGUSTIN,0,,2,4,0,1,(1),(1),1,, -1,1,0,1,30,7,9,1,75,75108,2,7,0,3,PLACE SAINT AUGUSTIN,48.874825,2.319843,11,3,2
202100047417,117Â 014,A01,1,1,1,5,2,6,9,0,0,-1,2021,49.0,3,1,2,0,1,6,1,,3,20,-1,,3,2,0,1,7,700,1,, -1,1,9,8,-1,20,3,1,49,49192,1,1,0,1,Les Renaudinieres,47.0254683566,-0.7880483642,15,1,1
202100045838,119Â 818,A01,1,1,1,0,0,-1,-1,0,0,-1,2021,55.0,1,6,0,0,0,0,1,,3,65,0,,2,2,0,4,4,500,1,, -1,1,0,1,80,1,4,1,57,57273,1,1,0,7,D65,49.32157,6.576862,15,1,1
202100040889,128Â 538,A01,1,1,2,0,2,6,-1,-1, -1,-1,2021,25.0,2,1,0,2,8,1,1,,7,CD 144 (RUE PAUL ELUARD),0,,2,4,0,1,8,650,1,, -1,1,0,1,70,7,5,1,76,76705,2,1,0,6,CD 144 (RUE PAUL ELUARD),49.33025,1.08687,18,1,1
202100013651,177Â 311,A01,1,1,1,2,1,-1,-1,-1, -1,-1,2021,31.0,3,2,0,4,3,15,1,,4,RUE ALPHONSE DAUDET,0,,1,1,0,1,(1),(1),1,, -1,1,0,1,30,12,10,1,33,33281,2,1,0,3,Rue Alphonse Daudet,44.85272,-0.65689,16,2,2
202100011439,181Â 275,B01,1,1,1,1,2,6,-1,-1, -1,-1,2021,36.0,1,1,0,2,2,1,1,,3,SALENGRO (AVENUE ROGER),0,,3,2,0,1,0,0,1,, -1,1,0,1,50,23,10,5,92,92022,2,1,0,3,SALENGRO (AVENUE ROGER),48.818735261,2.1980676055,21,2,2
202100017461,170Â 416,A01,4,2,1,0,1,-1,-1,-1, -1,-1,2021,25.0,3,2,2,0,3,1,1,,4,RUE MONGE,0,,2,2,0,1,(1),(1),1,, -1,1,0,8,50,22,9,5,33,33090,2,6,0,6,Rue Gaspard Monge,44.777245,-0.658385,22,4,1
202100003678,195Â 184,A01,1,1,2,2,1,-1,-1,-1, -1,-1,2021,53.0,2,2,0,2,1,1,1,,3,POULGUINAN PONT DE,0,,3,4,0,1,69,500,1,, -1,2,2,1,70,10,12,1,29,29232,2,1,1,6,D785 - Pont de Poulguinan,47.98383,-4.11649,9,2,1
202100053066,106Â 867,A01,10,3,1,5,0,-1,-1,1,5,1,2021,10.0,0,2,0,1,2,1,1,,4,CASSIN (RUE),0,,2,2,0,1,0,0,1,, -1,2,0,1,50,30,1,1,13,13203,2,1,1,6,CASSIN (RUE),43.315827,5.373223,14,2,1
202100052670,107Â 581,A01,1,1,1,5,8,0,-1,-1, -1,-1,2021,30.0,0,1,0,2,1,16,5,,4,TANNERIES (RUE DES),0,,2,7,0,1,0,195,1,, -1,1,0,1,50,1,2,1,50,50129,2,2,0,1,TANNERIES (RUE DES),49.63232,-1.62349,13,2,2
202100049023,114Â 133,B01,1,1,2,1,1,9,-1,0,0,-1,2021,33.0,2,2,0,2,1,2,1,,3,3,0,D,4,3,0,1,1,1500,1,, -1,2,2,1,70,6,3,2,38,38565,1,1,1,1,D3,45.272523,5.625907,19,2,2
202100008303,186Â 881,A01,1,1,2,5,1,-1,-1,0,0,-1,2021,29.0,0,2,15,0,1,0,1,,7,m6098,-1,,2,2,0,1,(1),(1),1,, -1,1,0,1,30,13,11,5,6,6032,2,1,0,6,59 Avenue du Trois Septembre,43.721946,7.399669,4,3,1
202100037739,134Â 210,C01,1,1,1,4,2,0,-1,-1, -1,-1,2021,30.0,1,1,0,2,7,18,1,,4,FRERES LUMIERE (DES)                (AV),0,,2,3,3,1,(1),(1),1,, -1,1,0,1,50,28,5,1,69,69388,2,2,0,5,FRERES LUMIERE (DES)                (AV),45.74335,4.8743,13,3,3
202100039717,130Â 588,A01,1,1,1,9,2,8,-1,0,0,-1,2021,31.0,0,1,0,0,3,1,1,,4,RUE DU FAUBOURG SAINT DENIS,0,,2,2,0,1,(1),(1),1,, -1,2,0,1,50,15,5,5,75,75110,2,2,0,3,RUE DU FAUBOURG SAINT DENIS,48.879311,2.357084,21,2,2
202100015160,174Â 613,B01,1,1,1,0,2,-1,-1,0,0,-1,2021,59.0,1,1,0,9,1,1,1,,3,178,-1,,2,2,0,1,23,471,1,, -1,1,0,1,80,6,10,1,44,44099,1,1,0,1,D178,47.594675,-1.383896,15,3,2
202100033507,141Â 888,A01,1,1,1,5,2,6,-1,0,0,-1,2021,15.0,1,1,0,0,4,2,1,,3,187,0,,-1,1,0,1,14,65,2,, -1,1,0,1,50,20,6,1,62,62014,2,6,0,2,Avenue de l Europe,50.637432,2.409412,20,2,2
202100011284,181Â 566,A01,1,1,1,5,2,-1,-1,0,0,-1,2021,83.0,1,1,0,2,0,0,5,,3,03,-1,,2,2,0,1,4,200,1,, -1,1,0,1,80,24,10,1,70,70356,1,1,0,3,D3,47.379871,5.933454,16,2,2
202100054166,104Â 927,B01,1,1,1,0,1,-1,-1,0,0,-1,2021,27.0,0,2,0,2,3,1,1,,3,330,0,A,2,2,0,1,4,100,2,, -1,2,0,1,80,22,1,1,60,60087,1,1,1,3,Borest,49.1799860993,2.6755764484,9,2,2
202100054886,103Â 700,A01,1,1,2,0,1,0,-1,-1, -1,-1,2021,86.0,1,2,0,2,2,19,1,,4,BAHINOS (ROUTE DE),0,,2,2,0,1,0,0,1,, -1,2,0,1,50,13,1,5,64,64024,2,2,1,3,BAHINOS (ROUTE DE),43.49285,-1.51777,18,2,2
202100022063,162Â 190,B01,1,1,1,5,2,6,-1,-1, -1,-1,2021,62.0,3,1,0,2,1,1,1,,6,PARKING CENT.RE CIAL CARREFOUR,0,,-1,-1,0,1,0,0,1,, -1,1,9,8,30,28,8,1,83,83090,1,1,0,3,PARKING CENT.RE CIAL CARREFOUR,43.12451,5.87614,13,2,2
202100039004,131Â 919,A01,1,1,1,5,2,6,-1,0,0,-1,2021,48.0,2,1,0,2,1,1,1,,3,18,0,,2,2,0,1,23,950,2,, -1,1,0,1,50,22,5,1,42,42120,2,1,0,2,304 Route d'Ouches,45.9994599582,3.9806256741,14,3,2
202100025386,156Â 279,B01,1,1,2,5,1,-1,-1,0,0,-1,2021,37.0,2,2,0,2,3,1,1,,4,,-1,,2,2,0,1,(1),(1),2,,4,1,0,1,50,6,8,1,68,68294,2,1,0,1,1 Petit Rombach,48.260997,7.214914,18,3,2
202100014130,176Â 430,A01,1,1,1,0,2,6,-1,-1, -1,-1,2021,48.0,0,1,12,0,0,0,-1,,4,MARTYRS DE LA RESISTANCE (DES)      (AV),0,,2,2,0,2,(1),(1),2,, -1,1,0,1,50,9,10,5,69,69259,2,1,0,6,MARTYRS DE LA RESISTANCE (DES) (R),45.69034,4.8669,22,1,1
202100042624,125Â 437,C01,2,2,2,5,2,6,-1,0,0,-1,2021,21.0,2,1,0,2,1,1,1,,3,15,-1,,2,2,0,1,43,438,4,, -1,1,0,1,50,25,4,1,33,33294,2,3,0,4,Lieu Dit Cirette,44.616259,-0.081748,16,5,3
202100003681,195Â 175,A01,1,1,2,5,1,5,-1,0,0,-1,2021,48.0,0,2,0,2,1,1,1,,4,ALLENDE (BOULEVARD DU PRESIDENT),0,,1,2,0,1,(1),(1),2,, -1,1,0,1,70,9,12,1,27,27229,2,1,0,2,ALLENDE (BOULEVARD DU PRESIDENT),49.00342,1.14796,13,3,2
202100046757,118Â 196,A01,1,1,1,2,8,0,-1,-1, -1,-1,2021,12.0,3,1,0,0,0,1,5,,4,FRANCE (PLACE ANATOLE),0,,-1,2,0,1,(1),(1),1,, -1,1,0,4,50,23,3,1,37,37261,2,1,0,7,FRANCE (PLACE ANATOLE),47.3966817456,0.6861305236,17,2,2
202100001259,199Â 516,A01,2,2,2,0,1,0,-1,-1, -1,-1,2021,30.0,1,2,0,2,1,16,1,,1,BDL,0,,1,2,0,2,1,0,2,, -1,2,0,1,50,27,12,1,93,93027,1,1,0,7,BDL,48.92689,2.40338,9,2,1
202100013801,177Â 027,B01,1,1,1,1,1,0,-1,-1, -1,-1,2021,52.0,1,2,0,2,4,1,1,,1,A4,0,,1,0,0,1,8,500,1,, -1,1,1,1,90,11,10,1,94,94017,1,1,0,2,A4,48.830054266,2.4955528834,16,3,2
202100012898,178Â 671,B01,1,1,2,5,8,0,-1,-1, -1,-1,2021,33.0,1,1,1,0,0,1,5,,3,910,0,,2,2,0,1,0,0,1,, -1,1,0,1,30,16,10,1,92,92072,2,1,0,3,GRANDE RUE,48.82405397,2.2100789692,11,2,2
202100052064,108Â 654,A01,1,1,1,5,1,-1,-1,0,0,-1,2021,35.0,1,2,0,4,3,26,1,,3,927,0,,2,1,3,1,17,588,1,, -1,5,4,8,70,24,1,1,76,76105,1,8,1,1,Rue de l'Eglise,49.632726,1.046898,13,2,2
202100000019,201Â 727,B01,1,1,2,5,1,-1,-1,0,0,-1,2021,33.0,2,2,0,2,8,1,1,,3,201,-1,,2,2,0,2,20,165,3,, -1,1,0,1,80,17,9,3,73,73096,1,1,0,3,"D201, route de la carriÃ¨re",45.518496,6.086361,20,2,2
202100024167,158Â 461,A01,1,1,1,0,0,-1,-1,0,0,-1,2021,31.0,0,1,6,0,1,1,1,,3,337,-1,,2,2,0,1,5,300,1,,4,1,0,4,50,14,8,2,80,80417,2,3,0,6,46 Rue de Lihons,49.847464,2.674898,20,1,1
202100025281,156Â 466,B01,1,1,1,5,1,0,-1,-1, -1,-1,2021,23.0,2,2,0,2,3,1,1,,4,MORTINS (Route des),0,,2,2,0,1,0,0,1,, -1,1,0,1,50,4,8,1,49,49328,1,1,0,1,MORTINS (Route des),47.27581,-0.13122,13,2,2
202100016561,172Â 029,A01,10,3,1,0,0,-1,-1,5,3,1,2021,43.0,1,1,0,1,1,1,5,,3,992,0,,2,4,1,1,0,0,1,, -1,1,0,4,50,27,9,5,92,92035,2,1,0,6,National ( boulevard ),48.904737614,2.2394151986,19,2,1
202100022948,160Â 605,A01,2,2,2,5,1,-1,-1,0,0,-1,2021,75.0,3,2,8,0,1,14,1,,4,,-1,,2,2,0,1,(1),(1),1,,4,1,0,3,30,23,8,1,19,19140,1,1,0,6,Lieu-Dit Escourbaniers,45.075453,1.914276,11,2,1
202100001459,199Â 176,A01,1,1,1,1,2,0,-1,0,0,-1,2021,31.0,1,1,0,0,7,26,1,,4,AUBIGNE (RUE D'),0,,2,2,0,1,(1),(1),1,, -1,1,0,1,50,23,12,5,63,63113,2,1,0,7,AUBIGNE (RUE D'),45.77889,3.10867,7,1,1
202100042519,125Â 619,A01,2,2,2,0,1,-1,-1,0,0,-1,2021,16.0,1,2,13,0,3,1,1,,3,415,-1,,2,3,0,2,2,500,3,, -1,1,0,3,70,27,4,1,68,68044,1,1,0,6,D415,48.162325,7.086868,15,2,1
202100049220,113Â 774,B01,1,1,1,0,0,-1,-1,-1, -1,-1,2021,28.0,1,1,0,2,8,1,5,,4,UNIVERSITE (DE L')                  (PT),0,,1,4,0,1,(1),(1),1,, -1,1,0,1,50,4,3,1,69,69387,2,2,0,3,UNIVERSITE (DE L') (PT),45.75198,4.83683,9,2,2
202100040411,129Â 376,A01,2,2,1,0,1,5,-1,0,0,-1,2021,22.0,0,2,0,2,1,21,1,,3,6178,0,D,2,2,0,1,2,0,3,, -1,1,0,1,80,11,5,1,27,27388,1,1,0,1,D6178,49.45189,0.458422,19,3,2
202100049635,113Â 020,A01,1,1,1,5,2,6,-1,-1, -1,-1,2021,29.0,1,1,15,0,1,1,1,,4,FOCH (RUE),0,,2,2,0,2,0,0,1,, -1,1,0,1,50,22,2,5,57,57143,2,1,0,-1,FOCH (RUE),49.26104,6.09483,20,1,1
202100028457,150Â 848,A01,10,3,2,3,0,-1,-1,2,3,1,2021,75.0,1,2,0,1,1,9,1,,4,CASTEL (RUE),0,,2,1,0,3,0,0,1,, -1,1,0,1,30,17,7,1,83,83137,2,1,0,6,Boulevard Grignan,43.10962,5.93977,13,2,1
202100029267,149Â 449,A01,1,1,2,5,1,5,-1,-1, -1,-1,2021,65.0,1,2,0,2,7,1,1,,3,RD 41 (ROCADE),0,,1,2,0,1,3,99,1,, -1,1,0,1,60,10,7,5,972,97209,1,1,0,6,RD 41 (ROCADE),14.6165302417,-61.0746717453,21,1,1
202100056179,101Â 471,A01,1,1,2,9,2,6,-1,0,0,-1,2021,22.0,1,1,0,2,8,7,3,,4,RUE RIQUET,0,,1,1,3,1,(1),(1),1,, -1,2,-1,6,50,5,1,1,75,75119,2,2,1,6,RUE RIQUET,48.888385,2.37412,9,2,2
202100030619,147Â 024,D01,1,1,2,5,2,-1,-1,0,0,-1,2021,64.0,3,1,0,2,7,0,5,,4,,-1,,2,1,0,1,(1),(1),1,,3,1,0,1,50,5,7,1,1,1446,1,2,0,5,Chemin de Chanteins,46.030372,4.88632,9,3,3
202100004025,194Â 546,A01,10,3,1,2,0,-1,-1,4,3,1,2021,15.0,1,2,0,1,2,1,1,,3,REPUBLIQUE - F MITTERAND - BOULEVARD,0,,2,4,1,1,1,0,1,, -1,2,0,1,50,3,12,1,59,59183,2,1,1,6,REPUBLIQUE - F MITTERAND - BOULEVARD,51.0466193889,2.41106987,16,2,1
202100007727,187Â 946,A01,1,1,1,1,1,-1,-1,0,0,-1,2021,29.0,2,2,0,0,1,17,1,,3,64,0,,2,2,0,1,9,390,1,, -1,1,0,1,80,18,11,2,1,1211,1,1,1,5,Route de Certines,46.118411,5.206519,7,3,3
202100050360,111Â 680,B01,1,1,2,1,2,0,-1,0,0,-1,2021,52.0,1,1,0,2,2,1,5,,4,AVENUE DE WAGRAM,0,,2,2,0,1,(1),(1),1,, -1,1,0,1,50,24,2,2,75,75117,2,4,0,3,AVENUE DE WAGRAM,48.8821916483,2.3011690378,17,2,2
202100009522,184Â 689,B01,1,1,1,1,2,6,-1,0,0,-1,2021,15.0,1,1,0,2,1,1,1,,3,951,0,,2,2,0,3,11,300,1,, -1,1,2,1,50,5,11,2,36,36018,2,2,0,3,,46.6310289178,1.0623345728,7,2,2
202100010862,182Â 310,B01,1,1,2,1,1,0,-1,-1, -1,-1,2021,36.0,3,2,0,2,3,1,1,,3,HAIE  (RUE DE LA),0,,2,2,0,1,5,34,2,, -1,2,0,1,50,26,10,1,77,77445,2,1,1,1,D150,48.5733,2.5905,8,2,2
202100024475,157Â 919,D01,1,1,1,4,1,8,-1,-1, -1,-1,2021,44.0,1,5,0,2,4,1,1,,1,A7-Sens Lyon vers Marseille,0,,1,3,0,1,274,0,1,, -1,1,0,1,90,13,8,1,13,13215,1,1,0,4,A7-Sens Lyon vers Marseille,43.37725,5.35817,15,5,5
202100015634,173Â 726,A01,1,1,1,5,1,8,-1,0,0,-1,2021,54.0,2,2,0,2,2,12,1,,4,PORTE D ITALIE,0,,1,4,0,1,1,900,1,, -1,2,0,1,70,2,10,1,75,75113,2,1,1,3,PORTE D ITALIE,48.817866,2.368227,16,2,2
202100032137,144Â 305,A01,3,2,2,5,8,0,-1,0,0,-1,2021,35.0,1,2,7,0,3,13,1,,4,BOULEVARD ARAGO,0,,2,4,0,4,(1),(1),3,, -1,2,0,1,50,26,6,2,75,75113,2,4,1,6,BOULEVARD ARAGO,48.835008,2.34618,6,3,1
202100039106,131Â 732,B01,1,1,1,0,1,0,-1,-1, -1,-1,2021,63.0,3,2,0,2,3,1,1,,4,POMPIDOU (AVENUE GEORGES),0,,2,4,0,1,(1),(1),2,, -1,2,0,1,50,19,5,1,37,37261,2,1,0,5,POMPIDOU (AVENUE GEORGES),47.3880727435,0.7083515525,14,3,3
202100023771,159Â 127,A01,1,1,2,9,8,-1,-1,0,0,-1,2021,38.0,0,2,8,0,1,6,1,,3,919,0,,2,2,0,1,11,473,1,, -1,1,0,4,50,15,8,3,61,61167,2,6,0,6,86 Rue Grande - GLOS LA FERRIÃRE,48.859865,0.600739,2,1,1
202100031541,145Â 378,A01,1,1,2,1,2,6,-1,-1,0,-1,2021,27.0,1,1,0,2,7,1,1,,1,AUTOROUTE A15,0,,3,9,0,1,22,799,1,, -1,1,0,1,90,1,7,1,95,95572,1,1,0,3,A15,49.03534,2.09856,17,2,2
202100053697,105Â 749,A01,1,1,2,0,1,8,-1,-1, -1,-1,2021,35.0,2,2,0,2,4,1,1,,2,RN1 (ROUTE NATIONALE),0,,2,2,0,1,5220,0,1,, -1,1,9,1,110,25,1,1,974,97416,1,9,0,2,RN1 (ROUTE NATIONALE),-21.3,55.5,7,2,2
202100010429,183Â 080,B01,7,2,1,5,1,3,-1,0,0,-1,2021,9.0,1,2,4,0,5,1,1,,1,6,0,,3,5,0,1,60,645,1,, -1,2,0,1,130,29,10,3,77,77477,1,1,1,3,"Autoroute A6, PK 060+800, dans le sens de circulation Paris/province",48.340363,2.5911,20,4,2
202100020550,164Â 900,B01,1,1,1,0,2,0,-1,-1, -1,-1,2021,63.0,0,1,0,2,4,0,6,,3,RTE N113 MARSEILLE A BORBEAUX,0,,1,1,0,1,7,0,2,, -1,1,9,1,50,6,9,1,13,13004,2,9,0,6,RTE N113 MARSEILLE A BORBEAUX,43.66126,4.65258,11,2,2
202100004975,192Â 897,A01,10,3,1,3,0,-1,-1,1,3,1,2021,82.0,3,4,0,1,4,4,1,,3,933,0,,2,2,0,1,(1),(1),1,, -1,2,0,1,50,3,12,1,1,1175,2,3,1,6,Chemin Vieux,46.427276,4.93667,11,2,1
202100017195,170Â 899,A01,1,1,1,4,8,-1,-1,0,0,-1,2021,52.0,1,5,0,6,2,1,1,,2,10,-1,,2,2,0,1,138,(1),1,,7,1,0,1,70,24,9,4,202,202077,1,1,0,6,18 Corso,42.465002,9.494591,4,1,1
202100052119,108Â 546,B01,1,1,2,9,1,8,-1,-1, -1,-1,2021,19.0,1,2,0,2,2,1,1,,7,750,0,,2,2,0,1,(1),(1),1,, -1,1,9,1,50,8,2,1,59,59350,2,2,0,3,MOSELLE BOULEVARD NÂ°IMPAIRS,50.630494,3.034626,15,5,2
202100023003,160Â 509,A01,4,2,1,5,8,0,-1,0,0,-1,2021,23.0,1,2,0,2,8,19,1,,3,DEPARTEMENTALE 130,0,,2,2,0,3,5,900,1,, -1,1,5,1,80,26,4,3,54,54542,1,2,0,3,DEPARTEMENTALE 613,49.2131,5.92216,23,4,2
202100048965,114Â 226,B01,1,1,1,4,2,6,-1,0,0,-1,2021,35.0,1,1,0,2,1,18,1,,4,RUE VIVIENNE,0,,1,1,0,1,(1),(1),1,, -1,1,0,1,50,5,3,1,75,75102,2,7,0,3,RUE VIVIENNE,48.869802,2.34058,12,2,2
202100044176,122Â 709,Z01,10,3,2,0,8,8,-1,5,2,1,2021,26.0,2,1,0,1,1,25,3,,4,CARNOT (BOULEVARD),0,,3,4,3,1,0,1,1,, -1,1,0,4,50,13,4,1,93,93066,2,2,0,6,Boulevard Carnot / Rue Gabriel PÃ©ri,48.938525,2.356337,17,2,1
202100001613,198Â 914,A01,1,1,2,1,1,8,-1,-1, -1,-1,2021,51.0,1,2,0,2,1,19,1,,3,BUNAU VARILLA -AV-,0,,2,4,0,1,1,0,1,, -1,1,0,1,50,22,12,1,11,11069,2,3,0,3,BUNAU VARILLA -AV-,43.207947,2.336726,9,2,2
202100027128,153Â 215,B01,1,1,1,5,1,-1,-1,0,0,-1,2021,66.0,1,2,0,2,3,1,1,,2,94,-1,,2,2,0,1,97,20,1,, -1,1,0,1,80,25,7,3,5,5164,1,1,0,3,RN 94,44.535583,6.384645,21,4,2
202100055592,102Â 486,A01,1,1,2,1,1,-1,-1,0,0,-1,2021,55.0,1,2,0,2,3,1,1,,3,500,-1,,2,2,0,2,31,500,3,, -1,2,0,1,90,12,1,1,43,43142,1,1,0,1,Rochette,45.169391,4.314365,13,2,2
202100045197,120Â 950,A01,2,2,2,5,1,-1,-1,0,0,-1,2021,93.0,1,2,15,0,2,14,1,,3,17,0,,2,2,0,1,3,0,1,, -1,1,0,3,80,4,4,1,56,56176,1,1,0,6,Lieu Dit Ker Anna,47.688139,-2.958042,16,2,1
202100014116,176Â 451,A01,1,1,1,5,1,0,-1,-1, -1,-1,2021,32.0,3,2,0,2,1,15,1,,4,JAURES (BOULEVARD JEAN),0,,1,3,0,1,0,0,1,, -1,1,0,1,50,9,10,1,974,97411,2,2,0,3,JAURES (BOULEVARD JEAN),-20.88839,55.44639,9,7,2
202100024471,157Â 932,B01,1,1,1,5,2,6,9,0,0,-1,2021,23.0,2,1,0,2,1,1,1,,4,6015,0,D,2,2,0,1,(1),(1),1,, -1,1,0,1,50,13,8,1,76,76057,2,1,0,1,241 Rue de la LibertÃ©,49.537558,0.962805,12,2,2
202100046661,118Â 363,A01,10,3,2,1,0,-1,-1,4,3,1,2021,24.0,1,0,0,1,0,1,0,,3,VAILLANT COUTURIER (RUE),0,,1,1,0,1,0,0,1,, -1,2,6,1,50,25,3,1,93,93053,2,9,1,6,VAILLANT COUTURIER (RUE),48.8882212862,2.4591886997,7,2,1
202100024634,157Â 625,A01,10,3,1,2,0,-1,-1,3,3,2,2021,5.0,1,2,0,1,0,1,1,,4,HUIT MAI 1945 (AV DU),0,,-1,2,0,1,1,0,1,, -1,1,0,8,50,11,8,1,94,94081,2,1,0,6,HUIT MAI 1945 (AV DU),48.78439,2.39789,17,2,1
202100005259,192Â 381,Z01,10,3,2,9,8,8,-1,1,3,1,2021,10.0,3,2,0,1,1,1,0,,4,CHURCHILL WINSTON (BD) IMP DE 13 A 39,0,,3,0,0,1,0,0,1,, -1,1,9,1,30,1,12,5,72,72181,2,9,0,6,CHURCHILL WINSTON (BD) IMP DE 13 A 39,47.98946,0.21594,19,2,1