Num_Acc,id_vehicule,num_veh,place,catu,sexe,trajet,secu1,secu2,secu3,locp,actp,etatp,year_acc,victim_age,senc,catv,obs,obsm,choc,manv,motor,occutc,catr,voie,v1,v2,circ,nbv,vosp,prof,pr,pr1,plan,lartpc,larrout,surf,infra,situ,vma,jour,mois,lum,dep,com,agg_,int,atm,col,adr,lat,long,hour,nb_victim,nb_vehicules
202100033050,142Â 665,A01,1,1,1,0,1,-1,-1,-1, -1,-1,2021,34.0,2,2,3,0,1,14,1,,2,RN136,0,,3,4,0,1,18,176,2,, -1,1,0,3,90,21,6,1,35,35238,1,1,0,6,RN136,48.13875,-1.7,10,1,1
202100037526,134Â 588,A01,1,1,1,5,2,6,-1,0,0,-1,2021,50.0,2,1,12,0,1,16,1,,3,52,0,,1,1,0,1,12,150,1,, -1,1,0,3,80,29,5,1,57,57303,1,6,0,6,"Route dÃ©partement 52, route de Maizieres",49.222077,6.193915,19,1,1
202100015126,174Â 672,B01,1,1,1,1,2,6,-1,-1, -1,-1,2021,34.0,2,1,0,2,8,1,1,,4,PONT DES HALLES (R DU),0,,2,2,0,1,1,0,1,, -1,2,0,1,50,5,10,2,94,94021,2,9,1,3,Rue du Pont des Halles,48.76003,2.34533,7,2,2
202100032993,142Â 774,A01,1,1,1,0,1,0,-1,-1, -1,-1,2021,62.0,2,2,3,0,9,1,1,,1,A13,0,,1,3,0,1,28,0,1,, -1,3,0,1,110,22,6,1,78,78466,1,1,1,6,A13,48.934708,1.966497,11,2,1
202100009477,184Â 769,A01,1,1,2,5,1,0,-1,-1, -1,-1,2021,27.0,1,2,0,2,1,15,1,,3,STALINGRAD (BD DE),0,,2,1,0,1,1,0,1,, -1,2,9,1,50,4,11,1,94,94022,2,5,1,3,STALINGRAD (BD DE),48.77251,2.40027,11,3,2
202100000612,200Â 610,A01,2,2,2,5,1,5,-1,0,0,-1,2021,20.0,3,2,0,2,1,1,1,,3,,0,D,2,2,0,2,(1),(1),1,,4,2,0,1,80,28,12,1,80,80452,1,2,0,3,D920,49.7557149357,2.3298652098,11,3,2
202100036488,136Â 480,B01,1,1,2,0,1,0,-1,-1, -1,-1,2021,50.0,3,2,0,2,8,9,1,,4,DANIEL PERDRIGE  (AVENUE),0,,2,2,0,1,0,0,1,, -1,1,0,1,50,4,6,1,93,93047,2,3,0,3,Avenue Daniel PerdrigÃ© / Chemin du Clos Roger,48.89464,2.55903,20,2,2
202100053063,106Â 876,B01,2,2,2,5,1,-1,-1,0,0,-1,2021,24.0,2,2,0,2,1,1,1,,3,DIEULEFIT(Route de),0,,2,3,0,1,3,79,1,, -1,2,0,1,50,30,1,5,26,26198,2,3,1,5,Route de Dieulefit,44.552052,4.766137,18,5,4
202100039743,130Â 543,A01,10,3,2,5,0,-1,-1,2,1,1,2021,85.0,3,2,0,1,2,0,1,,4,,0,,1,1,0,1,(1),(1),1,, -1,2,6,1,20,14,5,1,71,71137,2,1,1,6,Rue Lamartine,46.433624,4.65823,15,2,1
202100046583,118Â 506,A01,10,3,1,5,0,-1,-1,3,3,1,2021,79.0,3,2,0,1,1,21,1,,4,MARC (BD NOEL),0,,-1,2,0,1,(1),(1),1,, -1,1,0,1,50,24,3,1,78,78015,2,1,0,6,MARC (BD NOEL),48.982103,2.061541,16,2,1
202100019101,167Â 492,A01,2,2,2,0,1,0,-1,-1, -1,-1,2021,29.0,2,2,0,2,4,1,1,,1,A7-Sens Marseille vers Lyon,0,,-1,3,0,1,265,0,1,, -1,1,0,1,110,13,9,1,13,13071,1,1,0,2,A7-Sens Marseille vers Lyon,43.4137770542,5.2802740607,16,3,2
202100051541,109Â 567,B01,1,1,1,5,2,-1,-1,0,0,-1,2021,21.0,2,1,0,2,1,1,1,,3,117,-1,,3,4,0,1,24,150,1,, -1,1,9,1,110,14,2,1,44,44041,1,1,0,3,La Guillauderie D117,47.0773313443,-1.5664958954,17,2,2
202100006309,190Â 514,A01,10,3,1,0,0,-1,-1,3,3,1,2021,22.0,3,2,0,1,3,16,1,,3,RU DE NESLE (BOULEVARD),0,,1,1,0,1,0,0,3,, -1,1,0,1,50,25,11,5,93,93051,2,6,0,3,RU DE NESLE (BOULEVARD),48.83759,2.5821,19,2,1
202100010650,182Â 701,B01,2,2,2,0,1,-1,-1,0,0,-1,2021,22.0,2,2,0,2,8,1,1,,3,RD137,0,,2,2,0,1,9,68,1,, -1,2,0,1,90,28,10,3,44,44037,1,3,1,5,La Petite Rochette,47.093829,-1.442323,19,5,3
202100016351,172Â 406,B01,1,1,1,1,2,6,-1,0,0,-1,2021,48.0,1,1,0,2,7,1,3,,4,PLACE DE LA PORTE D AUTEUIL,0,,2,8,0,1,(1),(1),1,, -1,1,0,1,30,27,9,1,75,75116,2,7,0,3,PLACE DE LA PORTE D AUTEUIL,48.8479119088,2.2589282691,11,2,2
202100006540,190Â 107,A01,2,2,2,0,1,0,-1,-1, -1,-1,2021,21.0,1,1,0,2,7,3,1,,1,AUTOROUTE A15,0,,1,8,0,1,5,500,3,, -1,1,2,1,90,24,11,3,92,92036,1,1,0,3,AUTOROUTE A15,48.9465157059,2.2827709006,18,3,2
202100002330,197Â 625,A01,2,2,1,4,8,-1,-1,0,0,-1,2021,31.0,2,5,0,2,1,13,1,,2,94,0,,2,2,0,1,128,400,1,, -1,1,0,1,80,20,12,1,5,5065,1,1,0,1,Rn 94,44.660667,6.604692,16,3,2
202100052551,107Â 786,A01,1,1,2,1,1,-1,-1,0,0,-1,2021,27.0,1,2,3,0,2,1,1,,2,RN 165,0,,2,4,0,3,48,300,1,, -1,2,2,1,110,4,2,3,29,29051,1,1,1,6,N165 - Pont D115,47.9935703759,-4.0457206964,5,1,1
202100053912,105Â 382,A01,1,1,1,5,1,0,-1,-1,0,-1,2021,23.0,2,2,4,2,1,1,1,,2,184,0,,3,6,0,1,5,300,2,, -1,1,0,1,90,23,1,3,95,95572,1,1,0,2,RN 184,49.0479295541,2.13312616,23,2,2
202100037238,135Â 121,B01,1,1,1,1,2,8,-1,-1, -1,-1,2021,60.0,2,1,0,2,8,1,1,,4, QUAI DU FORT DES TOURELLES,0,,2,2,1,1,(1),(1),1,, -1,1,2,1,50,31,5,1,45,45234,2,2,0,3,Quai du Fort des Tourelles,47.89483,1.9045,7,3,2
202100028111,151Â 455,B01,1,1,1,1,1,-1,-1,-1, -1,-1,2021,28.0,1,2,0,2,6,19,1,,4,EMILE ZOLA     (Cours),0,,2,4,2,1,(1),(1),1,, -1,1,0,1,50,19,7,5,69,69266,2,2,0,3,EMILE ZOLA (CR),45.7686,4.88442,0,6,2
202100012094,180Â 099,B01,1,1,2,5,1,-1,-1,0,0,-1,2021,48.0,3,2,0,2,8,1,1,,4,,-1,,2,1,0,1,(1),(1),1,,3,2,0,1,80,20,10,1,80,80180,1,2,1,3,Cavillon,49.904959,2.101049,16,2,2
202100045875,119Â 756,A01,10,3,2,3,0,-1,-1,3,3,1,2021,25.0,1,2,0,1,2,1,1,,3,75,-1,,2,2,0,1,13,900,1,, -1,1,0,1,50,31,3,1,69,69249,2,4,0,6,RONTALON (DE) (RTE),45.6792951711,4.6502369642,17,2,1
202100034591,139Â 882,B01,1,1,1,5,2,0,-1,-1, -1,-1,2021,67.0,3,1,0,2,7,1,5,,4,,0,,1,1,0,1,(1),(1),2,, -1,1,5,1,50,13,6,1,15,15014,2,6,0,3,PUPILLES DE LA NATION (AVENUE DES),44.92337,2.44055,10,2,2
202100026553,154Â 236,A01,4,2,2,5,1,-1,-1,0,0,-1,2021,61.0,1,2,16,0,9,14,1,,1,87,-1,,1,4,0,2,83,940,1,, -1,1,0,3,130,29,7,1,85,85238,1,1,0,7,A87,46.9636717654,-0.9236589074,14,4,1
202100032059,144Â 445,A01,2,2,2,0,8,0,-1,-1, -1,-1,2021,32.0,1,2,0,2,9,2,1,,2,RN12,0,,3,6,0,2,20,0,2,, -1,2,0,1,110,27,6,1,78,78117,1,1,1,4,RN12,48.788417,2.137377,11,8,4
202100035810,137Â 697,B01,1,1,2,2,1,-1,-1,0,0,-1,2021,40.0,2,2,0,2,3,1,1,,3,38,0,D,2,2,0,2,60,550,2,, -1,1,0,1,80,8,6,1,42,42128,1,4,0,1,Route dâAmplepuis,45.949001,4.292736,16,2,2
202100007151,188Â 986,B01,1,1,1,1,1,-1,-1,-1, -1,-1,2021,55.0,3,2,0,2,1,1,1,,4,FOUR A CHAUX (DU)                   (R ),0,,1,1,0,1,(1),(1),1,, -1,1,0,1,50,19,11,5,69,69389,2,3,0,1,DOCKS (DES) (R),45.78539,4.81055,19,2,2
202100045663,120Â 118,A01,2,1,2,0,8,0,-1,-1, -1,-1,2021,55.0,0,1,0,9,0,1,5,,3,989,0,,-1,0,0,1,0,0,1,, -1,1,9,1,50,8,3,1,92,92040,2,7,0,7,LEON BLUM (PLACE),48.8211270761,2.2605872154,8,1,1
202100039664,130Â 695,C01,1,1,2,0,1,-1,-1,0,0,-1,2021,44.0,2,2,0,0,1,1,1,,3,1016,0,,3,4,0,1,26,900,1,, -1,1,0,1,110,18,5,1,60,60524,1,1,0,4,RD 1016,49.337777,2.434075,8,7,7
202100028435,150Â 889,B01,2,2,1,5,1,0,-1,-1, -1,-1,2021,21.0,2,2,0,2,0,0,1,,1,10,0,,3,0,0,1,1,899,1,, -1,1,0,1,90,18,7,1,92,92002,1,1,0,2,AUTOROUTE A10,48.729831923,2.3073863983,16,3,2
202100037146,135Â 289,A01,1,1,1,0,2,0,-1,-1, -1,-1,2021,33.0,1,1,0,2,1,3,1,,1,86,0,,3,2,0,1,7,99,1,, -1,1,0,1,90,1,6,1,92,92036,1,1,1,2,A86,48.933523869,2.2754620724,17,4,2
202100020045,165Â 798,B01,1,1,1,0,2,-1,-1,-1, -1,-1,2021,64.0,2,0,0,2,8,1,3,,4,PAUL SEDAILLIAN                     (QU),0,,2,2,2,1,(1),(1),1,, -1,1,0,5,30,8,9,1,69,69389,2,1,0,6,PAUL SEDAILLIAN (Q),45.78744,4.81451,8,2,2
202100004081,194Â 448,A01,10,3,2,5,8,8,-1,3,3,1,2021,73.0,1,2,0,1,1,11,1,,3,DENFERT ROCHEREAU RUE,0,,2,2,0,1,35,886,1,, -1,1,0,1,50,8,12,4,17,17299,2,1,0,6,DENFERT ROCHEREAU RUE,45.937844,-0.967171,19,2,1
202100026758,153Â 892,B01,1,1,1,5,2,6,-1,-1, -1,-1,2021,51.0,1,1,0,2,7,1,1,,1,A7-Sens Lyon vers Marseille,0,,4,4,0,1,279,500,1,, -1,1,0,1,90,25,7,1,13,13214,1,1,0,3,A7-Sens Lyon vers Marseille,43.33396,5.37713,12,2,2
202100046052,119Â 439,A01,1,1,1,0,2,6,-1,-1, -1,-1,2021,25.0,1,1,0,2,4,2,1,,1,AUTOROUTE A3,0,,3,9,0,1,1,799,1,, -1,1,0,1,70,30,3,3,93,93048,1,1,0,2,AUTOROUTE A3,48.87167,2.4332,21,2,2
202100032084,144Â 400,B01,1,1,1,0,1,0,-1,-1, -1,-1,2021,29.0,2,2,0,2,1,2,1,,3,117,0,,2,2,0,2,0,0,1,, -1,2,9,1,45,26,6,1,91,91312,2,3,1,2,PARC (RUE DU),48.73519,2.23817,8,2,2
202100018565,168Â 449,B01,2,2,2,5,8,0,-1,-1, -1,-1,2021,20.0,1,1,0,2,8,1,1,,4,SCHUMAN(RUE ROBERT),0,,2,2,0,1,(1),(1),1,, -1,1,5,1,30,16,9,5,56,56260,2,2,0,3,SCHUMAN(RUE ROBERT),47.6519,-2.77047,2,5,2
202100000764,200Â 347,A01,10,3,2,0,0,-1,-1,2,3,1,2021,78.0,1,2,1,1,2,1,1,,7,PASTEUR RUE LOUIS,0,,2,2,0,1,7,900,1,, -1,2,0,1,50,14,11,1,42,42103,2,1,1,6,Rue Louis Pasteur,45.50004,4.56642,10,3,1
202100009249,185Â 176,A01,1,1,2,0,8,0,-1,-1, -1,-1,2021,28.0,2,1,9,2,7,1,5,,4,ROOSEVELT (BD FRANKLIN),0,,2,2,2,2,(1),(1),1,, -1,1,5,1,50,5,11,5,35,35238,2,5,0,3,ROOSEVELT (BD FRANKLIN),48.097236,-1.657908,22,2,2
202100032920,142Â 915,B01,1,1,1,9,1,0,-1,-1, -1,-1,2021,44.0,2,2,0,0,8,15,3,,4,MUSSELBURGH (R DE),0,,3,2,0,1,0,0,1,, -1,1,0,1,50,22,6,1,94,94017,2,1,0,3,Rue de Musselburgh,48.806394,2.523263,17,2,2
202100042742,125Â 238,A01,1,1,1,5,8,-1,-1,0,0,-1,2021,38.0,2,2,3,0,1,14,1,,3,613,0,,2,2,0,1,74,900,2,, -1,1,0,8,80,25,4,1,11,11103,1,1,0,7,D613,42.940049,2.270318,17,1,1
202100008570,186Â 417,B01,1,1,1,5,2,-1,-1,0,0,-1,2021,68.0,1,1,0,2,4,15,5,,3,44,-1,,1,2,0,1,17,100,1,, -1,1,5,1,50,11,11,1,29,29058,2,6,0,2,Rond Point de Ker Elo,47.898031,-4.014473,10,2,2
202100044589,122Â 016,Z01,10,3,1,9,8,8,-1,3,3,1,2021,15.0,2,1,0,1,1,1,0,,4,AVENUE GAMBETTA,0,,2,2,0,2,(1),(1),1,, -1,1,0,1,50,9,4,5,75,75120,2,7,0,6,AVENUE GAMBETTA,48.864962,2.395536,0,2,1
202100017036,171Â 169,A01,10,3,2,5,0,-1,-1,4,3,2,2021,6.0,2,2,0,1,2,1,1,,4,PLACE DU GENERAL BEURET,0,,2,2,0,1,(1),(1),1,, -1,1,0,1,50,24,9,1,75,75115,2,7,0,6,PLACE DU GENERAL BEURET,48.841834,2.303267,16,3,1
202100049204,113Â 808,A01,1,1,2,1,1,0,-1,-1, -1,-1,2021,38.0,1,2,0,2,4,2,0,,7,656,0,,2,4,0,1,10,600,1,, -1,1,0,1,90,3,3,1,59,59599,1,1,0,4,ROUTE DEPARTEMENTALE 656,50.693564,3.145626,17,5,5
202100029161,149Â 622,A01,10,3,2,1,0,-1,-1,3,3,1,2021,24.0,2,1,0,1,1,1,5,,4,AVENUE DU TRONE,0,,3,3,1,1,(1),(1),1,, -1,2,0,5,30,13,7,1,75,75111,2,7,1,6,AVENUE DU TRONE,48.848245,2.397512,17,2,1
202100052319,108Â 196,A01,1,1,1,4,2,6,-1,0,0,-1,2021,38.0,1,1,0,2,2,1,1,,4,AVENUE DE SAINT OUEN,0,,2,3,3,1,(1),(1),1,, -1,1,0,1,50,5,2,1,75,75118,2,3,0,2,AVENUE DE SAINT OUEN,48.889573,2.326284,16,2,2
202100036462,136Â 524,A01,1,1,1,5,1,8,-1,0,0,-1,2021,76.0,1,2,8,0,1,1,2,,4,BOULEVARD BERTHIER,0,,2,4,0,1,(1),(1),1,, -1,1,0,1,50,3,6,1,75,75117,2,2,0,6,BOULEVARD BERTHIER,48.88624,2.29446,18,1,1
202100004924,192Â 990,A01,1,1,1,5,2,8,-1,0,0,-1,2021,24.0,2,1,0,0,7,1,1,,4,BOULEVARD DE LA VILLETTE,0,,1,2,1,1,(1),(1),1,, -1,2,0,1,30,3,12,1,75,75110,2,1,1,7,BOULEVARD DE LA VILLETTE,48.87978,2.370083,16,1,1
202100033400,142Â 064,B01,1,1,2,0,1,0,-1,0,0,-1,2021,21.0,1,2,0,2,4,2,1,,7,RD 220,0,,2,2,0,1,(1),(1),1,, -1,1,0,1,70,19,6,1,54,54526,2,2,0,2,BOIS LA DAME (CHEMIN DE),48.6757381822,6.2274053693,15,4,2
202100021609,163Â 007,A01,10,3,2,1,0,-1,-1,3,3,1,2021,45.0,1,5,0,1,1,1,1,,4,SAKHAROV (RUE  ANDRE ),0,,2,2,0,2,(1),(1),1,, -1,1,0,1,50,27,8,1,56,56098,2,1,0,6,SAKHAROV (RUE  ANDRE ),47.7772,-3.34346,13,2,1
202100039965,130Â 152,B01,3,2,1,9,1,0,-1,-1, -1,-1,2021,74.0,1,2,0,2,8,1,1,,4,DOCTEUR ROUX (R DU),0,,2,2,0,1,0,0,1,, -1,2,0,1,30,14,5,1,94,94068,2,2,1,3,DOCTEUR ROUX (R DU),48.7899,2.4901,9,4,2
202100014433,175Â 898,A01,1,1,2,1,1,0,-1,-1, -1,-1,2021,37.0,-1,2,0,2,2,1,0,,3,JUIN AVENUE DU MARECHAL,0,,2,2,0,1,1,0,1,, -1,1,0,1,30,8,10,5,93,93045,2,1,0,3,JUIN AVENUE DU MARECHAL,48.87873,2.42234,20,2,2
202100020859,164Â 362,A01,10,3,1,5,0,-1,-1,2,3,1,2021,74.0,1,2,0,1,2,9,1,,4,LOUIS XI (ROND-POINT),0,,1,1,2,1,(1),(1),3,, -1,1,9,1,50,3,9,1,37,37261,2,6,0,6,LOUIS XI (ROND-POINT),47.374841965,0.6711321778,19,2,1
202100018239,169Â 005,A01,1,1,1,5,2,6,9,0,0,-1,2021,24.0,1,1,9,0,9,0,1,,3,,-1,,2,2,0,2,1,346,3,, -1,1,0,8,70,18,9,1,76,76179,1,1,0,6,Avenue du Parc,49.591887,1.096562,12,1,1
202100053512,106Â 062,A01,1,1,2,3,1,-1,-1,0,0,-1,2021,37.0,1,2,0,2,2,1,1,,3,1206,0,,2,2,0,1,10,0,1,, -1,1,0,1,80,27,1,1,1,1209,1,1,0,1,pk 10 D1206,46.121299,5.893618,15,4,2
202100016468,172Â 191,B01,1,1,1,1,8,0,-1,-1, -1,-1,2021,23.0,2,1,0,2,1,25,5,,4,DRESDE (BOULEVARD DE),0,,3,4,1,1,0,0,1,, -1,1,0,4,50,24,9,1,67,67482,2,1,0,2,DRESDE (BOULEVARD DE),48.59929,7.76152,9,2,2
202100023664,159Â 326,A01,1,1,1,5,1,-1,-1,0,0,-1,2021,24.0,1,2,0,2,2,17,1,,2,N150,-1,,3,4,0,1,72,300,1,, -1,1,0,1,90,16,8,1,17,17421,1,1,0,4,RN150,45.671794,-0.941584,12,6,3
202100050199,111Â 985,B01,1,1,2,1,1,0,-1,-1, -1,-1,2021,29.0,3,2,0,2,3,1,1,,4,CORNICHE DE SUFFREN,0,,2,2,0,2,0,0,1,, -1,1,0,1,50,25,2,5,13,13047,2,3,0,3,CORNICHE DE SUFFREN,43.50485,4.99683,19,2,2
202100020448,165Â 082,A01,1,1,2,5,2,8,-1,-1, -1,-1,2021,22.0,1,1,6,0,9,1,1,,4,MANIEZ (R ALEXANDRE),0,,2,2,0,1,(1),(1),1,, -1,1,0,1,50,25,5,1,62,62528,2,1,0,7,MANIEZ (R ALEXANDRE),50.456498,2.789685,17,1,1
202100029855,148Â 428,B01,1,1,1,1,2,6,-1,-1, -1,-1,2021,41.0,1,1,0,2,1,1,1,,3,913,0,,2,0,0,1,0,0,1,, -1,1,1,1,50,8,7,1,92,92050,2,1,0,3,JOFFRE MARECHAL AVENUE DU,48.8857421147,2.1968150139,16,2,2
202100026781,153Â 850,B01,1,1,2,0,1,8,-1,-1, -1,-1,2021,42.0,2,2,0,2,3,1,1,,3,49,0,,2,2,0,1,0,0,2,, -1,2,0,1,50,27,7,1,91,91223,2,1,1,1,ROND POINT CHARLES DE GAULLES,48.426312,2.154107,14,2,2
202100054509,104Â 340,A01,9,2,1,2,3,-1,-1,0,0,-1,2021,5.0,2,2,13,0,2,14,1,,3,49,-1,,2,2,0,1,0,505,1,, -1,1,0,8,80,18,1,2,40,40274,1,1,0,7,Route du Rond,43.954672,-0.592983,8,2,1
202100026504,154Â 323,A01,2,2,1,9,2,6,-1,0,0,-1,2021,11.0,2,1,0,2,8,18,1,,4,BOULEVARD DES ITALIENS,0,,2,4,0,1,(1),(1),1,, -1,1,0,1,50,28,7,1,75,75102,2,3,0,3,BOULEVARD DES ITALIENS,48.871241,2.335944,14,4,2
202100031334,145Â 731,A01,1,1,1,0,2,0,-1,-1, -1,-1,2021,25.0,1,1,0,0,8,21,1,,3,910,0,,1,2,0,1,0,0,2,, -1,1,0,1,50,2,7,1,92,92012,2,6,0,7,MARCEL SEMBAT (PLACE),48.8337055879,2.2433513403,19,1,1
202100043766,123Â 457,A01,10,3,1,9,0,-1,-1,2,3,1,2021,60.0,2,3,0,1,8,15,1,1.0,4,VALENCIENNES (RUE DE),0,,1,1,0,1,(1),(1),2,, -1,1,0,1,50,13,4,1,59,59178,2,3,0,6,VALENCIENNES (RUE DE),50.36731,3.08414,15,2,1
202100052806,107Â 332,B01,1,1,1,1,8,0,-1,0,0,-1,2021,33.0,1,1,0,2,8,15,5,,4,RUE SAINT ANTOINE,0,,3,4,0,1,(1),(1),1,, -1,2,0,1,50,2,2,5,75,75104,2,3,1,3,RUE SAINT ANTOINE,48.853702,2.365651,7,2,2
202100020952,164Â 211,A01,9,2,1,5,1,-1,-1,0,0,-1,2021,21.0,2,2,13,0,1,2,1,,3,61,-1,D,1,2,0,1,11,164,2,, -1,1,5,3,-1,5,9,2,34,34151,1,6,1,6,D61,43.596407,4.105378,7,5,1
202100030386,147Â 451,B01,1,1,1,2,2,0,-1,-1, -1,-1,2021,32.0,3,1,0,2,7,1,5,,4,SEVIGNE (BD),0,,2,2,2,1,(1),(1),1,, -1,1,0,5,50,21,6,1,22,22278,2,6,0,3,SEVIGNE (BD),48.5120083122,-2.7574465809,9,3,2
202100005800,191Â 425,B01,1,1,2,5,1,-1,-1,0,0,-1,2021,35.0,1,2,0,2,1,1,1,,2,25,-1,,2,2,0,1,11,500,1,, -1,2,0,1,50,28,11,3,62,62086,2,1,1,3,Route Nationale,50.212394,2.55504,18,4,2
202100032147,144Â 288,B01,2,2,1,9,1,0,-1,-1, -1,-1,2021,39.0,2,2,7,2,2,1,1,,3,LUGO (AV DE),0,,3,2,0,1,0,1,1,, -1,2,5,1,50,25,6,4,94,94022,2,1,1,3,Avenue de Lugo,48.77332,2.40933,23,3,2
202100043102,124Â 633,A01,1,1,1,9,1,-1,-1,0,0,-1,2021,35.0,2,2,13,0,1,1,1,,3,1250,0,D,2,2,0,1,14,433,1,, -1,1,0,3,70,22,4,1,33,33122,1,1,0,6,55 Av du Mal de Lattre de Tassigny,44.770594,-0.715892,16,1,1
202100018101,169Â 262,A01,1,1,1,1,2,6,-1,-1, -1,-1,2021,32.0,2,1,0,2,1,3,1,,1,A86 EXT,0,,-1,4,0,1,38,200,1,, -1,1,0,1,90,17,9,2,94,94028,1,1,0,3,A86 EXT,48.79914,2.44576,6,2,2
202100009209,185Â 251,B01,1,1,1,1,8,-1,-1,-1, -1,-1,2021,61.0,-1,1,0,2,1,1,1,,7,BRIGNAIS (DE)      D 42             (RO),0,,2,3,0,2,(1),(1),3,, -1,1,5,1,50,3,11,1,69,69202,2,2,0,3,LIBERATION (DE LA) (RTE),45.72303,4.78025,8,2,2
202100030119,147Â 941,A01,1,1,1,1,1,0,-1,-1, -1,-1,2021,40.0,1,2,0,2,4,2,1,,1,A7-Sens Lyon vers Marseille,0,,1,3,0,1,274,700,1,, -1,1,0,1,90,10,6,1,13,13215,1,1,0,2,A7-Sens Lyon vers Marseille,43.37039,5.36121,16,2,2
202100048701,114Â 703,A01,1,1,2,5,2,8,-1,0,0,-1,2021,26.0,1,1,0,2,1,19,5,,4,RUE BEAUBOURG,0,,1,2,3,1,(1),(1),1,, -1,1,0,1,50,8,3,3,75,75103,2,2,0,3,RUE BEAUBOURG,48.862725,2.354304,22,5,2
202100014102,176Â 491,A01,4,2,1,0,1,0,-1,-1, -1,-1,2021,10.0,2,2,0,2,1,2,0,,1,AUTOROUTE A1,0,,3,4,0,1,7,500,1,, -1,1,0,1,90,10,10,1,93,93013,1,1,0,2,AUTOROUTE A1,48.9388824189,2.4179720876,17,3,2
202100040769,128Â 738,A01,1,1,1,9,1,0,-1,0,0,-1,2021,24.0,1,5,15,0,1,13,1,,4,AVENUE DES MINIMES,0,,3,2,0,1,(1),(1),3,, -1,1,0,1,50,8,5,3,75,75112,2,3,0,6,AVENUE DES MINIMES,48.840528,2.436157,23,1,1
202100026890,153Â 640,A01,10,3,2,5,0,-1,-1,3,3,2,2021,70.0,3,5,0,1,4,26,1,,4,,-1,,2,2,0,1,(1),(1),1,,5,1,5,1,50,27,7,1,29,29072,2,3,0,6,Quai d Estienne d Orves,47.794252,-4.282485,12,2,1
202100055969,101Â 845,B01,1,1,2,1,8,-1,-1,0,0,-1,2021,16.0,2,1,0,0,7,1,1,,3,904,0,,2,2,0,1,48,500,1,, -1,1,0,1,80,7,1,3,1,1089,1,2,0,3,D904,45.959448,5.302035,19,2,2
202100011396,181Â 349,A01,1,1,1,0,1,0,-1,-1, -1,-1,2021,50.0,2,2,0,2,3,13,1,,4,GUEY (BOULEVARD),0,,2,2,0,2,0,0,1,, -1,1,0,1,50,23,10,2,13,13212,2,1,0,3,GUEY (BOULEVARD),43.30655,5.42234,18,3,2
202100005086,192Â 682,A01,1,1,1,0,2,0,-1,-1, -1,-1,2021,64.0,1,1,3,0,8,13,1,,4,ARENC (QUAI D'),0,,1,2,0,1,0,0,1,, -1,1,0,1,50,30,11,5,13,13202,2,1,0,3,ARENC (QUAI D'),43.3152913496,5.3650252656,21,1,1
202100015415,174Â 151,A01,1,1,1,4,1,-1,-1,0,0,-1,2021,26.0,2,5,0,2,1,2,1,,1,7,-1,,3,4,0,2,249,100,3,, -1,2,0,1,130,4,10,2,13,13112,1,1,1,2,"A7, Pk 249.100, sens MARSEILLE / LYON",43.538905,5.221424,7,3,2
202100005774,191Â 473,A01,1,1,1,4,2,6,-1,0,0,-1,2021,30.0,3,1,0,0,9,21,1,,4,PLACE AUGUSTE BARON,0,,1,4,0,1,(1),(1),2,, -1,2,0,1,30,28,11,1,75,75119,2,7,1,7,PLACE AUGUSTE BARON,48.900328,2.387125,11,1,1
202100050736,110Â 994,A01,1,1,1,0,8,0,-1,-1, -1,-1,2021,30.0,3,1,1,0,1,13,1,,4,RENE DESCARTES (RUE),0,,-1,1,0,1,0,0,3,, -1,1,0,1,30,20,2,1,91,91549,2,1,0,1,RENE DESCARTES (RUE),48.642179,2.344967,16,2,2
202100037878,133Â 956,A01,1,1,1,5,0,-1,-1,0,0,-1,2021,45.0,1,0,8,0,7,25,0,,3,4.1,2,,2,2,1,1,2,750,1,, -1,1,0,4,50,28,5,1,68,68112,2,1,0,6,D4b1,47.902358,7.229841,18,1,1
202100007771,187Â 862,A01,1,1,1,1,2,6,-1,-1, -1,-1,2021,33.0,2,1,0,9,1,1,1,,3,D 1555(SORTIE VILLAGE VERS DRAGUIGNAN),0,,2,4,0,1,5,660,1,, -1,1,9,1,70,3,11,2,83,83141,2,6,0,3,D 1555(SORTIE VILLAGE VERS DRAGUIGNAN),43.50878,6.48145,6,2,2
202100049973,112Â 423,A01,1,1,1,5,2,6,-1,-1, -1,-1,2021,30.0,2,1,0,2,1,2,1,,2,RN 118,0,,3,4,0,2,12,295,1,, -1,1,0,1,90,27,2,1,91,91471,1,1,0,2,RN 118,48.69536,2.19254,14,2,2
202100040352,129Â 477,A01,1,1,1,5,2,6,-1,-1, -1,-1,2021,29.0,1,6,13,0,1,1,1,,2,ROUTE NATIONALE 13,0,,-1,1,0,1,1,0,1,, -1,1,8,3,70,3,5,3,14,14543,1,1,1,7,N13,49.19415,-0.44469,23,1,1
202100031415,145Â 594,B01,1,1,1,5,2,6,-1,0,0,-1,2021,43.0,2,1,0,2,7,1,1,,4,AVENUE DE LA PORTE DE LA CHAPELLE,0,,1,4,0,1,(1),(1),1,, -1,1,0,1,70,1,7,1,75,75118,2,4,0,4,PORTE DE LA CHAPELLE,48.900869,2.364336,14,3,3
202100024851,157Â 237,A01,10,3,2,5,0,-1,-1,2,3,1,2021,47.0,1,2,0,1,2,1,1,,4,LACASSAGNE                          (AV),0,,2,3,3,1,(1),(1),1,, -1,1,0,1,50,9,8,1,69,69383,2,1,0,6,LACASSAGNE (AV),45.75317,4.86893,16,3,1