Num_Acc,id_vehicule,num_veh,place,catu,sexe,trajet,secu1,secu2,secu3,locp,actp,etatp,year_acc,victim_age,senc,catv,obs,obsm,choc,manv,motor,occutc,catr,voie,v1,v2,circ,nbv,vosp,prof,pr,pr1,plan,lartpc,larrout,surf,infra,situ,vma,jour,mois,lum,dep,com,agg_,int,atm,col,adr,lat,long,hour,nb_victim,nb_vehicules
202100008730,186Â 129,A01,2,2,2,0,8,0,-1,-1, -1,-1,2021,15.0,3,2,6,0,1,14,1,,4,PETIT TRAIN (RUE DU),0,,2,2,0,1,(1),(1),1,, -1,2,0,8,30,8,11,3,31,31557,2,1,1,7,Boulevard Alain Savary,43.57573,1.31582,2,2,1
202100040400,129Â 396,A01,1,1,1,1,1,-1,-1,0,0,-1,2021,35.0,1,2,6,0,1,21,1,,3,102,-1,,-1,2,0,2,14,180,1,, -1,1,0,3,80,12,5,1,71,71412,1,3,0,6,Le Bois du Monay,46.733242,4.438729,8,1,1
202100030063,148Â 047,A01,2,2,2,9,1,-1,-1,0,0,-1,2021,22.0,2,2,0,0,4,1,1,,2,157,-1,,3,4,0,1,16,850,1,, -1,1,0,1,110,27,6,1,35,35338,1,1,0,2,Route nationale 157,48.074906,-1.263807,19,3,2
202100044551,122Â 081,B01,1,1,1,0,0,-1,-1,-1, -1,-1,2021,29.0,3,1,0,2,1,25,1,,4,BD GEORGES CLEMENCEAU 1,0,,3,1,1,1,(1),(1),1,, -1,1,0,1,30,4,4,1,78,78361,2,2,0,3,BD GEORGES CLEMENCEAU 1,49.00201,1.68696,17,5,2
202100040895,128Â 530,A01,1,1,1,5,8,0,-1,-1, -1,-1,2021,17.0,1,1,0,2,1,1,5,,4,ARSENE D'ARSONVAL,0,,2,2,0,1,0,0,1,, -1,1,0,1,30,7,5,1,64,64445,2,3,0,2,ARSENE D'ARSONVAL,43.30852,-0.3634,16,2,2
202100048887,114Â 373,A01,1,1,2,0,1,-1,-1,0,0,-1,2021,52.0,1,2,0,2,3,1,1,,3,2204,2,,3,2,0,2,59,230,4,, -1,1,0,1,80,8,3,1,6,6023,1,1,0,3,D2204,43.946284,7.511129,16,2,2
202100042524,125Â 612,B01,1,1,1,4,1,-1,-1,0,0,-1,2021,32.0,1,5,0,2,1,13,1,,3,15,0,D,2,2,0,1,11,900,1,, -1,2,0,1,80,27,4,1,82,82156,1,1,1,2,D15,44.001111,0.988233,14,2,2
202100003907,194Â 770,A01,1,1,1,9,2,-1,-1,0,0,-1,2021,55.0,3,1,13,0,0,0,1,,2,311,-1,,2,2,0,2,(1),(1),2,, -1,1,0,3,60,8,12,1,987,98744,1,1,0,6,VITARIA,-22.464846,-151.369758,8,1,1
202100004050,194Â 507,B01,10,3,2,0,8,8,-1,4,3,1,2021,15.0,0,0,0,1,0,0,0,,4,BAUDIN (BOULEVARD PAUL),0,,2,1,0,1,(1),(1),1,, -1,2,0,1,50,6,12,5,45,45208,2,9,1,6,Boulevard Paul Baudin,48.0001742528,2.7338308096,18,2,1
202100014336,176Â 080,A01,1,1,2,5,1,0,-1,-1, -1,-1,2021,66.0,2,2,0,2,1,9,1,,2,RN520 (COUZEIX),0,,2,2,0,1,3,230,1,, -1,1,0,1,80,6,10,1,87,87050,1,3,0,3,RN520 (COUZEIX),45.892433,1.251642,16,2,2
202100024214,158Â 393,C01,1,1,1,5,1,-1,-1,0,0,-1,2021,33.0,2,2,0,2,3,1,2,,7,107,0,D,2,2,1,1,33,550,1,, -1,1,0,1,80,14,8,1,33,33449,1,1,0,4,Avenue du Temple ,44.895579,-0.798301,20,7,3
202100031185,145Â 993,B01,1,1,1,0,8,0,-1,0,0,-1,2021,28.0,3,1,0,2,3,9,0,,3,CANNES AV.DE,0,,2,2,0,1,4,459,2,, -1,1,5,1,50,3,7,1,6,6155,2,6,0,3,CANNES AV.DE,43.574055,7.049106,20,2,2
202100006027,191Â 019,A01,1,1,1,5,1,-1,-1,0,0,-1,2021,27.0,2,2,2,0,2,1,1,,3,19,0,,2,2,0,3,91,400,2,, -1,2,0,3,80,27,11,3,46,46329,1,1,1,6,D19,44.335667,1.631298,21,1,1
202100009147,185Â 361,A01,1,1,1,5,1,9,-1,0,0,-1,2021,36.0,1,2,2,0,1,16,1,,3,30,-1,E,2,2,0,1,0,20,1,, -1,2,0,3,50,5,11,3,82,82089,2,4,0,6,D30e1,44.126928,0.824366,20,1,1
202100044699,121Â 815,A01,10,3,1,5,0,-1,-1,5,2,2,2021,17.0,1,2,0,2,1,17,1,,4,RIVET (AVENUE JEAN CHARLES),0,,2,2,0,1,(1),(1),1,, -1,1,0,1,50,6,4,1,19,19031,2,1,0,3,RIVET (AVENUE JEAN CHARLES),45.15045,1.49757,15,3,2
202100013803,177Â 023,A01,2,2,1,4,8,-1,-1,-1, -1,-1,2021,34.0,2,5,0,2,1,14,1,,2,RN104,0,,3,4,0,1,11,500,1,, -1,1,0,1,90,11,10,1,77,77249,1,1,0,2,RN104,48.735557,2.611678,8,3,2
202100053315,106Â 423,A01,1,1,1,4,1,0,-1,-1, -1,-1,2021,56.0,1,4,0,2,1,2,1,,1,4,0,,3,4,0,1,20,500,1,, -1,1,0,1,110,29,1,1,77,77146,1,1,0,4,A4.Y,48.8320783507,2.652526072,14,5,5
202100033163,142Â 485,A01,1,1,1,1,1,0,-1,-1, -1,-1,2021,42.0,2,2,3,0,1,21,1,,1,A86 EXT,0,,3,6,0,1,59,96,1,, -1,1,0,1,90,21,6,1,78,78640,1,1,0,6,A86 EXT,48.77721,2.223638,6,1,1
202100015919,173Â 213,A01,1,1,1,5,1,0,-1,-1, -1,-1,2021,21.0,1,2,6,0,1,0,1,,4,,0,,2,3,0,2,(1),(1),3,, -1,1,0,4,50,30,9,5,25,25056,2,1,0,6,FAURE AVENUE EDGAR,47.24438,6.0184,23,4,1
202100036779,135Â 968,A01,1,1,1,0,2,6,-1,-1, -1,-1,2021,34.0,3,1,0,2,1,2,1,,4,EUROPE DE L',0,,2,3,0,1,0,0,1,, -1,1,0,1,50,2,6,1,64,64335,1,1,0,2,EUROPE DE L',43.32505,-0.43834,16,2,2
202100042523,125Â 613,B01,1,1,1,5,2,-1,-1,0,0,-1,2021,20.0,1,1,0,0,1,1,5,,3,259,0,D,2,2,0,2,1,0,1,, -1,1,0,1,80,27,4,1,80,80835,1,1,0,1,D259,49.974385,2.112449,11,2,2
202100031352,145Â 703,A01,1,1,2,4,1,-1,-1,0,0,-1,2021,21.0,2,2,0,2,7,13,1,,3,931,0,,2,2,0,1,57,200,3,, -1,2,0,1,80,3,7,1,32,32369,1,1,1,1,D931,43.794521,0.022214,8,5,2
202100039650,130Â 718,A01,1,1,1,5,1,-1,-1,0,0,-1,2021,54.0,2,2,6,0,1,1,1,,3,,0,,2,2,0,1,54,980,1,, -1,2,0,3,80,16,5,2,85,85095,1,1,1,6,Le Petit Bois,46.865157,-1.777886,20,1,1
202100049784,112Â 755,B01,1,1,1,0,1,0,-1,-1, -1,-1,2021,45.0,2,2,0,2,3,16,1,,3,MEAUX RUE DE,0,,2,2,0,1,0,1,1,, -1,1,0,1,50,28,2,1,93,93074,2,9,0,3,MEAUX RUE DE,48.93446,2.56497,13,3,2
202100014729,175Â 385,C01,2,2,2,1,1,-1,-1,-1, -1,-1,2021,20.0,1,2,0,2,5,2,1,,1,AUTOROUTE A 63,0,,3,6,0,1,0,981,1,, -1,2,0,1,110,5,10,1,33,33192,1,1,0,4,Autoroute A63,44.783389,-0.632054,12,4,3
202100016886,171Â 439,B01,1,1,1,0,2,8,-1,-1, -1,-1,2021,40.0,1,1,0,2,4,9,1,,3,MARRONNIERS ( ROND POINT DES ),0,,1,2,0,1,28,0,4,, -1,1,0,1,50,22,9,1,62,62119,2,6,0,2,MARRONNIERS ( ROND POINT DES ),50.544692,2.636395,17,2,2
202100021567,163Â 084,B01,1,1,2,9,1,4,-1,-1, -1,-1,2021,22.0,2,2,0,2,1,2,1,,1,AUTOROUTE A86,0,,3,6,0,1,21,0,1,, -1,1,1,1,90,1,9,1,93,93008,1,1,0,2,AUTOROUTE A86,48.91272,2.43676,13,2,2
202100037295,135Â 005,A01,1,1,1,5,8,0,-1,0,0,-1,2021,21.0,1,1,0,0,0,21,5,,4,AVENUE DE BRETEUIL,0,,1,2,0,1,(1),(1),1,, -1,1,6,5,50,31,5,1,75,75107,2,2,0,7,AVENUE DE BRETEUIL,48.85164,2.312524,17,1,1
202100048620,114Â 855,A01,1,1,1,0,1,-1,-1,0,0,-1,2021,37.0,1,2,8,0,7,0,1,,3,20,0,,2,2,0,1,1,560,1,, -1,1,0,3,80,8,3,1,27,27214,1,1,0,6,D20,49.308907,1.410619,18,1,1
202100002034,198Â 159,A01,1,1,1,4,1,0,-1,-1, -1,-1,2021,26.0,1,4,2,0,3,14,1,,3,GENERAL DE GAULLE (RUE DU),0,,2,2,0,1,68,500,1,, -1,1,0,3,90,20,12,3,10,10357,1,1,0,6,GENERAL DE GAULLE (RUE DU),48.29385,4.14368,1,1,1
202100048123,115Â 726,A01,10,3,1,0,0,-1,-1,9,3,1,2021,67.0,2,2,0,1,1,26,1,,2,GRAND CAMP(SECTION),0,,1,3,0,1,(1),(1),1,, -1,1,0,1,90,10,3,5,971,97101,1,1,0,6,GRAND CAMP(SECTION),16.25433,-61.53883,19,7,1
202100006816,189Â 592,A01,1,1,2,1,8,0,-1,0,0,-1,2021,36.0,1,1,0,0,0,21,3,,4,RUE MADEMOISELLE,0,,1,1,0,1,(1),(1),1,, -1,1,0,1,30,22,11,1,75,75115,2,3,0,7,RUE MADEMOISELLE,48.843695,2.298542,7,1,1
202100045244,120Â 851,A01,1,1,1,1,8,0,-1,0,0,-1,2021,43.0,1,1,8,2,8,21,5,,4,AVENUE DU GENERAL LECLERC,0,,2,4,0,1,(1),(1),1,, -1,1,0,1,50,3,4,1,75,75114,2,2,0,6,AVENUE DU GENERAL LECLERC,48.8295913276,2.3284519812,19,3,2
202100003073,196Â 268,B01,1,1,1,2,2,0,-1,-1,0,-1,2021,16.0,2,1,0,2,1,13,1,,3,DIVISION LECLERC,0,,2,2,0,1,2,450,1,, -1,1,0,1,30,13,12,2,95,95210,2,1,0,1,Avenue de la Division Leclerc,48.972542284,2.3102603853,8,2,2
202100027684,152Â 230,B01,1,1,1,0,2,6,-1,-1, -1,-1,2021,43.0,1,1,0,2,7,17,1,,4,LEBLOND 2 (RUE MARIUS ET ARY),0,,2,3,1,1,0,0,1,, -1,1,0,1,50,20,7,1,974,97416,2,1,0,3,LEBLOND 2 (RUE MARIUS ET ARY),-21.33254,55.45626,12,2,2
202100054963,103Â 567,A01,1,1,1,5,1,-1,-1,0,0,-1,2021,40.0,2,2,0,0,9,1,1,,3,15,-1,,2,2,0,1,1,330,1,, -1,2,0,1,80,15,1,2,70,70357,1,1,1,7,D15,47.460855,6.244011,16,1,1
202100020570,164Â 864,B01,1,1,1,5,2,6,-1,0,0,-1,2021,25.0,2,1,0,2,5,1,1,,4,AVENUE DAUMESNIL,0,,2,4,0,1,(1),(1),1,, -1,1,0,1,30,5,9,1,75,75112,2,2,0,3,AVENUE DAUMESNIL,48.84663,2.376715,12,2,2
202100011635,180Â 925,B01,1,1,2,1,2,0,-1,0,0,-1,2021,28.0,1,1,0,2,1,18,5,,4,AVENUE SECRETAN,0,,1,1,0,2,(1),(1),1,, -1,1,0,1,30,22,10,1,75,75119,2,5,0,3,AVENUE SECRETAN,48.880141,2.375682,14,2,2
202100028790,150Â 255,A01,10,3,2,3,0,-1,-1,3,3,1,2021,64.0,1,2,0,1,1,16,1,,4,PREDIDENT KENNEDY (R DU),0,,2,1,1,1,0,0,1,, -1,2,0,1,30,14,7,1,94,94002,2,6,0,6,Rue du PrÃ©sident Kennedy,48.80377,2.42455,9,2,1
202100035990,137Â 355,A01,1,1,1,5,8,-1,-1,0,0,-1,2021,28.0,3,2,13,0,1,16,1,,3,RD90,-1,,2,2,0,2,6,800,3,, -1,1,0,1,80,7,6,1,80,80668,2,1,0,7,avenue du chateau,49.784738,2.385932,21,1,1
202100036841,135Â 846,A01,10,3,1,5,0,-1,-1,2,3,1,2021,70.0,2,1,0,1,1,1,3,,4,BOULEVARD MASSENA,0,,2,3,1,1,(1),(1),1,, -1,1,0,5,50,2,6,1,75,75113,2,2,0,6,BOULEVARD MASSENA,48.81922,2.362078,20,2,1
202100003396,195Â 690,A01,1,1,1,0,2,-1,-1,-1, -1,-1,2021,37.0,2,1,12,0,1,1,1,,4,CHAMPAGNE (DE)                      (AV),0,,2,2,2,1,(1),(1),1,, -1,1,0,1,50,11,12,5,69,69389,2,2,0,6,CHAMPAGNE (DE) (AV),45.7898485601,4.7976136208,20,1,1
202100013214,178Â 118,B01,1,1,2,0,2,6,-1,-1, -1,-1,2021,18.0,2,1,0,2,1,21,1,,4,PIERRE SEMARD                       (R ),0,,2,2,0,1,(1),(1),1,, -1,1,0,1,50,14,10,1,69,69149,2,1,0,3,PIERRE SEMARD (R),45.7173542447,4.8116160929,11,2,2
202100042841,125Â 089,A01,1,1,1,0,1,8,-1,-1, -1,-1,2021,56.0,1,2,0,4,5,1,1,,4,PETIT RHIN (ROUTE DU),0,,2,2,1,1,(1),(1),1,, -1,1,4,6,50,23,4,1,67,67482,2,8,0,3,PETIT RHIN (ROUTE DU),48.57405,7.78473,12,2,2
202100001183,199Â 658,A01,1,1,1,0,1,8,-1,-1, -1,-1,2021,26.0,1,2,2,0,1,21,1,,4,COSMAO-DUMANOIR ( BD ),0,,2,2,0,1,(1),(1),1,, -1,2,0,1,30,26,12,1,56,56121,2,1,0,6,COSMAO-DUMANOIR ( BD ),47.75319,-3.37391,15,2,1
202100025967,155Â 264,A01,1,1,2,5,1,-1,-1,-1,0,-1,2021,69.0,3,2,0,0,1,26,1,,4,rue Henri Barbusse,0,,2,2,0,1,(1),(1),3,, -1,1,0,1,50,1,8,1,95,95019,2,1,0,7,Avenue Henri Barbusse,48.9873,2.41497,17,1,1
202100003550,195Â 400,A01,10,3,2,0,0,-1,-1,4,3,1,2021,66.0,2,5,0,1,1,15,1,,4,VIENNE (DE)                         (RO),0,,2,2,2,1,(1),(1),1,, -1,2,0,1,50,10,12,1,69,69388,2,3,1,6,VIENNE (DE)                         (RO),45.73202,4.8535,12,2,1
202100053974,105Â 273,C01,1,1,1,1,1,0,-1,-1, -1,-1,2021,28.0,2,2,0,2,4,23,0,,3,ARISTIDE BRIAND AVENUE,0,,3,3,0,1,1,1,1,, -1,2,0,1,50,23,1,5,93,93046,2,1,1,4,ARISTIDE BRIAND AVENUE,48.9113512757,2.5171422958,20,3,3
202100046238,119Â 122,A01,1,1,1,5,2,8,-1,-1, -1,-1,2021,17.0,3,1,0,2,0,0,1,,7,ROVARCH (AVENUE PIERRE),0,,1,1,0,1,0,0,1,, -1,1,0,1,50,27,3,1,13,13028,2,6,0,3,ROVARCH (AVENUE PIERRE),43.1894896748,5.6286946086,17,2,2
202100040747,128Â 775,A01,1,1,1,0,8,0,-1,-1, -1,-1,2021,41.0,3,1,0,2,1,26,5,,6,PUPIN (RUE A.),0,,-1,-1,0,1,(1),(1),1,, -1,1,0,8,30,8,5,5,38,38185,2,1,0,3,Rue AimÃ© Pupin,45.16107,5.72395,5,2,2
202100002427,197Â 436,B01,1,1,1,5,1,0,-1,-1, -1,-1,2021,28.0,1,2,0,2,2,1,0,,3,PREMIERE ARMEE FRANCAISE (AVENUE DE LA),0,,2,2,0,1,0,0,1,, -1,1,0,1,50,17,12,1,32,32013,2,3,0,3,PREMIERE ARMEE FRANCAISE (AVENUE DE LA),43.65113,0.60267,13,4,2
202100037307,134Â 985,A01,1,1,2,9,1,0,-1,0, -1,-1,2021,21.0,1,2,1,0,1,1,1,,3,MICHELET (BLD) NÂ° 82 A 114,0,,1,1,1,1,0,1,1,, -1,1,0,1,50,31,5,1,93,93053,2,2,0,3,Boulevard Michelet / Boulevard Gambetta,48.8932046098,2.4610335231,15,3,2
202100048936,114Â 277,B01,1,1,1,1,1,-1,-1,-1, -1,-1,2021,60.0,2,2,0,0,4,23,1,,3,CHAMPAGNE   (  AVENUE DE),0,,1,4,0,3,20,700,3,, -1,1,0,1,50,5,3,5,51,51454,2,1,0,4,Avenue de Champagne,49.23937,4.04499,19,3,3
202100002040,198Â 145,A01,10,3,2,5,0,-1,-1,5,9,2,2021,74.0,1,2,12,1,2,14,1,,4,BOULEVARD DE LA VILLETTE,0,,1,1,0,1,(1),(1),2,, -1,1,0,1,30,20,12,1,75,75119,2,3,0,6,BOULEVARD DE LA VILLETTE,48.875172,2.373607,14,3,1
202100045497,120Â 413,B01,2,2,2,9,1,-1,-1,0,0,-1,2021,47.0,2,2,4,2,1,1,1,,1,43,0,A,1,3,0,1,28,750,1,, -1,1,8,1,90,27,3,1,38,38530,1,1,0,1,"A43, PK 028+750",45.614743,5.200031,8,4,2
202100029165,149Â 616,A01,1,1,1,1,2,0,-1,-1, -1,-1,2021,30.0,1,1,0,0,0,0,0,,3,MARECHAL LECLERC (BD DU),0,,2,4,1,1,1,0,1,, -1,2,0,5,50,13,7,2,94,94042,2,1,1,2,Boulevard du MarÃ©chal Leclerc,48.81476,2.46796,7,2,2
202100039561,130Â 876,B01,1,1,1,5,8,0,-1,-1, -1,-1,2021,22.0,1,1,0,2,4,1,5,,4,VALIN (AVENUE DU GENERAL MARTIAL),0,,1,2,0,1,0,0,3,, -1,1,0,1,50,14,5,1,87,87085,2,2,0,2,VALIN (AVENUE DU GENERAL MARTIAL),45.81092,1.27434,13,2,2
202100016764,171Â 654,A01,1,1,1,0,1,0,-1,-1, -1,-1,2021,59.0,1,2,0,2,4,18,0,,1,AUTOROUTE A3,0,,3,2,0,1,13,500,1,, -1,2,0,1,90,26,9,1,93,93005,1,1,0,2,AUTOROUTE A3,48.955932012,2.4732244334,19,2,2
202100045103,121Â 117,A01,10,3,1,4,8,8,-1,0,9,2,2021,28.0,1,1,0,1,1,0,1,,3,AV PAUL VAILLANT COUTURIER ,0,,2,2,0,1,1,0,1,, -1,1,0,1,50,2,4,1,94,94081,2,1,0,6,Avenue Paul Vaillant Couturier,48.79351,2.39594,18,2,1
202100004557,193Â 629,B01,1,1,1,9,1,0,-1,-1, -1,-1,2021,29.0,1,2,0,2,5,0,1,,3,GENERAL DE GAULLE (AVENUE),0,,2,4,0,1,1,0,1,, -1,2,0,1,50,5,12,1,93,93050,2,1,1,2,GENERAL DE GAULLE (AVENUE),48.85828,2.53461,14,2,2
202100039305,131Â 342,A01,2,2,1,9,1,5,-1,-1, -1,-1,2021,18.0,2,2,0,2,1,13,1,,4,SAINTE MARTHE (chemin),0,,2,2,0,1,(1),(1),3,, -1,1,8,1,50,19,5,1,13,13214,2,1,0,1,SAINTE MARTHE (chemin),43.323979,5.388685,15,6,2
202100047447,116Â 956,A01,1,1,1,0,1,-1,-1,0,0,-1,2021,63.0,1,2,9,0,1,0,1,,3,193,-1,D,2,2,0,1,(1),(1),1,, -1,1,0,3,50,19,3,1,91,91041,2,1,0,6,10 Route d'Arpajon,48.575376,2.237413,17,1,1
202100014657,175Â 515,A01,10,3,1,9,0,-1,-1,0,0,-1,2021,57.0,0,2,0,1,3,16,0,,3,GALLIENI (AV.) DE 1 A 109,0,,1,3,0,1,1,0,1,, -1,1,9,1,50,7,10,1,93,93010,2,1,0,7,GALLIENI (AV.) DE 1 A 109,48.905853,2.479034,10,2,1
202100055570,102Â 522,A01,1,1,1,0,1,-1,-1,0,0,-1,2021,27.0,1,2,0,0,9,1,1,,3,92,-1,,2,2,0,1,37,163,1,, -1,1,0,1,80,9,1,3,72,72058,1,1,0,6,Bois Martin,47.966404,0.275238,20,1,1
202100020541,164Â 921,A01,1,1,1,1,8,0,-1,-1, -1,-1,2021,55.0,3,1,0,2,1,2,5,,4,AV DIDIER DAURAT PROLONGEE,0,,2,4,3,4,(1),(1),4,, -1,1,0,6,50,6,9,2,31,31555,2,1,0,2,AV DIDIER DAURAT PROLONGEE,43.5625043982,1.4925944807,7,2,2
202100010245,183Â 397,B01,1,1,2,4,1,8,-1,0,0,-1,2021,32.0,2,2,0,2,6,1,1,,1,Autoroute A 31,0,,3,4,0,1,247,600,1,, -1,1,0,1,90,22,10,1,54,54115,1,1,0,3,Autoroute A 31,48.69447,6.1046,10,2,2
202100054559,104Â 251,B01,1,1,1,1,1,0,-1,-1, -1,-1,2021,37.0,2,2,0,2,3,1,1,,4,SAINTE CLAIRE (RUE),0,,2,2,0,1,0,0,1,, -1,1,0,1,50,18,1,1,87,87085,2,3,0,3,SAINTE CLAIRE (RUE),45.82357,1.24053,8,2,2
202100021979,162Â 344,A01,1,1,2,5,0,-1,-1,0,0,-1,2021,55.0,1,6,0,0,0,1,1,,3,210,0,D,2,2,0,1,1,1,1,, -1,1,0,1,40,29,8,1,55,55192,2,1,0,7,Route de Milly,49.371007,5.234472,17,1,1
202100048807,114Â 528,A01,1,1,2,1,1,-1,-1,0,0,-1,2021,59.0,2,2,0,2,8,1,1,,3,121,-1,,2,2,0,3,23,700,3,, -1,1,0,1,80,8,3,1,33,33261,1,2,0,3,Lieu Dit Rambaud Est,44.984266,-0.105443,16,2,2
202100027050,153Â 365,A01,1,1,2,5,1,-1,-1,-1, -1,-1,2021,82.0,3,2,6,0,1,19,1,,4,,0,,2,2,0,1,(1),(1),1,, -1,1,0,4,50,25,7,1,69,69388,2,1,0,6,NUNGESSER ET COLI (R),45.741,4.879,16,2,1
202100043081,124Â 669,A01,1,1,1,5,8,-1,-1,0,0,-1,2021,35.0,3,1,6,0,1,0,1,,4,,0,,2,2,0,1,(1),(1),1,, -1,1,5,3,50,22,4,3,86,86183,2,6,0,6,52 Rue du Lavoir,46.965136,0.625653,21,1,1
202100036260,136Â 865,A01,1,1,1,5,1,0,-1,0,0,-1,2021,30.0,1,2,0,2,8,1,1,,4,BOULEVARD PERIPHERIQUE,0,,1,4,0,2,28,500,1,, -1,1,1,1,70,5,6,5,75,75120,2,1,0,3,BOULEVARD PERIPHERIQUE,48.876382,2.409421,1,2,2
202100034830,139Â 454,A01,1,1,2,5,1,-1,-1,0,0,-1,2021,74.0,1,2,2,0,1,13,1,,3,26,-1,,2,2,0,1,30,585,1,, -1,1,0,3,50,12,6,1,82,82030,2,1,0,6,7 Route de Belleperche,44.006664,1.0927,17,1,1
202100016148,172Â 777,B01,1,1,2,0,1,0,-1,0,0,-1,2021,25.0,1,2,0,2,7,1,1,,7,MON DESERT (RUE),0,,1,1,0,1,(1),(1),1,, -1,1,0,1,50,28,9,5,54,54395,2,2,0,3,MON DESERT (RUE),48.6841026455,6.176717955,18,2,2
202100053013,106Â 959,B01,1,1,1,1,1,0,0,0,0,-1,2021,41.0,0,2,0,2,1,1,1,,3,,-1,,2,2,0,1,1,495,1,, -1,1,0,1,70,26,1,5,6,6152,1,1,0,1,Route d'Antibes,43.622928,7.016872,6,2,2
202100034777,139Â 549,A01,1,1,1,5,2,6,-1,0,0,-1,2021,26.0,1,1,0,2,2,3,1,,4,ECHANGEUR MUETTE,0,,1,4,0,1,14,900,1,, -1,1,1,1,70,11,6,1,75,75116,2,1,0,3,ECHANGEUR MUETTE,48.868219,2.269778,18,3,2
202100028272,151Â 162,A01,1,1,1,0,2,0,-1,-1, -1,-1,2021,36.0,1,1,0,2,7,17,1,,4,MANGO (ROUTE),0,,2,2,0,1,(1),(1),1,, -1,1,0,1,50,18,7,1,973,97302,2,1,0,3,MANGO (ROUTE),4.9317471793,-52.3174234201,18,2,2
202100015856,173Â 332,A01,1,1,2,1,1,-1,-1,0,0,-1,2021,47.0,1,2,1,0,1,14,1,,4,KERELISA (RUE DE ),0,,2,2,0,1,(1),(1),1,, -1,1,0,8,50,29,9,1,29,29254,1,1,0,6,Rue de Kerelisa,48.5727851234,-3.8560402819,18,1,1
202100008979,185Â 665,A01,1,1,1,0,2,6,-1,-1, -1,-1,2021,22.0,2,1,12,0,2,14,1,,4,,0,,2,2,0,1,0,0,4,, -1,1,0,1,50,6,11,5,92,92012,2,1,0,7,PIERRE LEFAUCHEUX (AVENUE),48.8256965819,2.2389335381,22,1,1
202100032882,142Â 990,B01,1,1,1,0,2,6,-1,-1, -1,-1,2021,28.0,1,1,0,2,1,1,1,,4,RUE DES CARMES,0,,2,2,0,2,(1),(1),1,, -1,1,0,1,50,22,6,1,33,33063,2,1,0,2,Rue des Carmes,44.8217652466,-0.6087916352,18,2,2
202100033837,141Â 274,A01,1,1,2,9,1,0,-1,-1, -1,-1,2021,85.0,3,2,0,2,3,13,1,,4,PAS NOTRE-DAME (RUE DU),0,,2,2,0,1,(1),(1),1,, -1,1,0,1,50,15,6,1,37,37261,2,1,0,3,PAS NOTRE-DAME (RUE DU),47.4118877522,0.6962229203,21,2,2
202100023463,159Â 685,A01,2,2,1,5,2,0,-1,-1, -1,-1,2021,17.0,1,1,0,2,1,2,1,,3,AV DE VERSAILLES ,0,,3,4,0,2,1,0,1,, -1,1,0,1,50,19,8,1,94,94073,2,1,0,3,Avenue de Versailles,48.75831,2.3929,18,3,2
202100007990,187Â 450,A01,1,1,2,2,2,-1,-1,-1, -1,-1,2021,15.0,2,1,0,2,1,13,1,,3,RD 52,0,,2,2,0,1,6,785,3,, -1,1,0,1,50,15,11,1,76,76270,1,1,0,1,RD 52,49.5331911105,0.1460018524,13,2,2
202100014073,176Â 543,A01,1,1,1,5,2,6,-1,0,0,-1,2021,54.0,1,1,8,0,3,14,1,,3,115,-1,,2,2,0,2,9,738,4,, -1,1,0,3,80,10,10,1,54,54196,1,1,0,7,RD115,48.5838150399,6.1965841063,14,1,1
202100047287,117Â 239,B01,2,2,2,0,1,-1,-1,0,0,-1,2021,19.0,2,2,0,2,2,21,1,,3,D792,-1,,2,2,0,1,11,200,3,, -1,1,0,1,80,20,3,2,22,22046,1,1,0,1,La Croix Duret,48.301074,-2.527961,19,3,2
202100010389,183Â 144,B01,1,1,1,0,8,0,-1,-1, -1,-1,2021,44.0,1,1,14,2,1,1,3,,3,PIERRE BROSSOLETTE,0,,2,2,0,1,0,0,1,, -1,2,0,1,50,29,10,1,92,92004,2,9,1,1,PIERRE BROSSOLETTE,48.9112177214,2.2932667785,13,2,2
202100014868,175Â 135,A01,1,1,1,0,2,6,-1,-1, -1,-1,2021,31.0,1,1,0,0,0,1,1,,4,17,0,,2,2,0,1,0,0,1,, -1,1,0,1,50,2,10,5,92,92024,2,1,0,7,GENERAL ROGUET (RUE DU) DE (1 A 57)   (2,48.90513,2.31295,23,1,1
202100039993,130Â 107,A01,1,1,1,5,2,-1,-1,0,0,-1,2021,47.0,2,1,0,0,0,17,1,,7,1082,-1,,2,2,0,2,61,500,1,, -1,1,0,1,70,14,5,1,42,42097,1,1,0,7,M1082,45.486553,4.333924,14,1,1
202100022348,161Â 698,A01,1,1,1,5,1,-1,-1,0,0,-1,2021,28.0,1,2,14,0,3,1,1,,7,2565,-1,,2,3,0,1,1,500,1,, -1,1,8,5,-1,26,8,3,6,6151,1,9,0,6,M2565,43.866574,7.212803,22,1,1
202100052411,108Â 028,A01,1,1,1,2,2,6,-1,-1, -1,-1,2021,31.0,1,1,0,2,3,2,1,,4,RHIN (AVENUE DU),0,,1,2,0,1,0,0,1,, -1,2,0,1,50,5,2,2,67,67482,2,1,1,2,RHIN (AVENUE DU),48.572379,7.766092,8,2,2
202100049761,112Â 794,A01,10,3,1,0,0,-1,-1,1,3,1,2021,23.0,1,2,0,1,3,1,1,,4,THIERS (RUE),0,,2,2,0,1,0,1,1,, -1,1,2,1,50,28,2,1,8,8409,2,1,1,6,THIERS (RUE),49.70158,4.93756,17,2,1