Num_Acc,id_vehicule,num_veh,place,catu,sexe,trajet,secu1,secu2,secu3,locp,actp,etatp,year_acc,victim_age,senc,catv,obs,obsm,choc,manv,motor,occutc,catr,voie,v1,v2,circ,nbv,vosp,prof,pr,pr1,plan,lartpc,larrout,surf,infra,situ,vma,jour,mois,lum,dep,com,agg_,int,atm,col,adr,lat,long,hour,nb_victim,nb_vehicules
202100038042,133Â 662,B01,1,1,1,1,2,6,-1,0,0,-1,2021,39.0,1,1,0,2,1,1,1,,4,PLACE DE L OPERA,0,,1,-1,0,1,(1),(1),1,, -1,1,0,1,50,26,5,1,75,75109,2,7,0,3,PLACE DE L OPERA,48.871152,2.332339,19,2,2
202100017073,171Â 110,A01,1,1,1,5,2,6,-1,0,0,-1,2021,32.0,2,1,0,2,1,1,1,,4,COURS ALBERT 1ER,0,,3,3,0,1,(1),(1),1,, -1,1,0,1,30,23,9,5,75,75108,2,7,0,3,COURS ALBERT 1ER,48.864284104,2.3022396214,1,2,2
202100051495,109Â 661,A01,1,1,1,5,2,6,-1,0,0,-1,2021,24.0,1,1,0,2,1,1,1,,3,215,-1,D,2,2,0,1,1,700,1,, -1,1,0,1,50,16,2,1,64,64067,2,3,0,3,Route du Bois,43.254443,-0.292329,18,2,2
202100035362,138Â 501,A01,10,3,2,5,0,-1,-1,1,3,1,2021,90.0,2,2,0,1,2,21,2,,3,32,-1,,2,2,0,2,19,800,1,, -1,1,0,1,50,10,6,1,32,32155,2,1,0,6,ROUTE DEPARTEMENTALE 32,43.770141,-0.182927,20,2,1
202100002991,196Â 432,A01,1,1,1,5,1,-1,-1,0,0,-1,2021,28.0,2,2,0,2,1,13,1,,2,149,-1,N,2,2,0,2,30,545,3,,"7,3",2,0,1,80,15,12,1,79,79008,1,1,1,6,Route de Parthenay,46.765471,-0.313561,16,3,3
202100036511,136Â 443,A01,10,3,2,2,0,-1,-1,3,3,2,2021,5.0,1,2,0,1,7,1,1,,4,18,0,,2,2,0,1,3,300,1,, -1,1,0,4,30,4,6,1,29,29078,2,1,0,6,18 Route du Faou,48.325459,-4.162338,16,2,1
202100008499,186Â 541,A01,10,3,2,9,0,-1,-1,4,3,1,2021,58.0,2,2,0,1,2,5,1,,4,PLACE ALBERT KAHN,0,,3,2,0,1,(1),(1),1,, -1,1,0,1,30,11,11,1,75,75118,2,7,0,6,PLACE ALBERT KAHN,48.895683,2.346305,13,3,2
202100008995,185Â 637,A01,1,1,1,5,1,-1,-1,0,0,-1,2021,31.0,2,2,2,0,9,13,1,,3,908,0,,2,2,0,1,3,200,1,, -1,1,0,3,80,8,11,2,55,55072,1,1,0,7,D908,49.163659,5.632306,16,1,1
202100056434,101Â 025,A01,10,3,2,3,8,8,-1,0,0,-1,2021,84.0,3,4,0,1,3,0,1,,3,THEOPHILE SUEUR (BOULEVARD),0,,1,2,0,1,1,0,1,, -1,1,5,1,50,2,1,1,93,93048,2,2,0,6,THEOPHILE SUEUR (BOULEVARD),48.8629,2.4663,9,2,1
202100027625,152Â 345,A01,1,1,1,5,6,2,-1,0,0,-1,2021,15.0,3,1,0,2,1,1,1,,4,11,0,,2,2,0,1,(1),(1),1,, -1,1,0,1,80,22,7,1,44,44023,1,2,0,3,Le Bois Laine,47.395096,-1.893661,17,2,2
202100045146,121Â 035,B01,1,1,1,0,1,0,-1,-1, -1,-1,2021,24.0,2,2,0,0,6,23,1,,2,PARIS (R DE),0,,-1,4,0,1,1,0,1,, -1,1,0,1,50,11,4,5,94,94078,2,1,0,2,PARIS (R DE),48.73878,2.446857,22,2,2
202100056351,101Â 174,A01,1,1,1,1,2,6,-1,0,0,-1,2021,17.0,1,1,0,2,1,1,1,,4,,0,,2,2,0,1,(1),(1),1,, -1,2,0,1,50,4,1,2,80,80016,2,2,1,3,rue des dÃ©portÃ©s,49.9938016887,2.6527959108,17,2,2
202100049047,114Â 083,C01,1,1,1,0,1,-1,-1,-1, -1,-1,2021,55.0,1,2,0,2,8,24,1,,4,,0,,2,2,0,1,(1),(1),1,, -1,1,0,1,50,5,3,1,69,69259,2,1,0,3,DOCTEUR GEORGES LEVY (DU) (AV),45.7195103625,4.8659565291,16,2,2
202100022208,161Â 948,B01,2,2,1,0,1,8,-1,-1, -1,-1,2021,30.0,2,2,0,2,4,26,1,,1,A104,0,,1,4,0,1,24,800,1,, -1,1,0,1,90,27,8,4,77,77438,1,1,0,2,A104,48.8635169161,2.6686188701,23,3,2
202100052468,107Â 929,B01,1,1,1,1,2,0,-1,-1, -1,-1,2021,50.0,1,1,0,2,8,26,5,,3,CHOISY(ROUTE DE),0,,2,6,0,1,1,0,1,, -1,1,0,1,50,4,2,1,94,94028,2,1,0,3,CHOISY(ROUTE DE),48.78567,2.44875,16,2,2
202100005874,191Â 292,A01,1,1,1,0,2,-1,-1,-1, -1,-1,2021,48.0,1,1,7,2,4,23,1,,7,AMBROISE CROIZAT                    (BD),0,,3,5,3,1,1,600,1,, -1,1,0,1,50,26,11,1,69,69259,2,3,0,2,AMBROISE CROIZAT (BD),45.70678,4.88745,14,2,2
202100034743,139Â 609,A01,1,1,1,9,2,8,-1,-1, -1,-1,2021,17.0,1,1,0,2,1,15,1,,7,RN 97,0,,2,2,0,1,7,250,1,, -1,1,0,1,50,12,6,2,83,83144,2,9,0,6,RN 97,43.14379,6.0168,19,2,2
202100001189,199Â 647,A01,2,2,2,0,1,0,-1,-1, -1,-1,2021,23.0,2,2,0,2,7,15,1,,4,MALRAUX (QUAI ANDRE),0,,2,4,0,1,(1),(1),1,, -1,2,0,1,50,27,12,1,37,37261,2,2,0,3,MALRAUX (QUAI ANDRE),47.39754,0.69946,12,3,2
202100019216,167Â 281,B01,1,1,2,5,1,0,-1,-1, -1,-1,2021,28.0,1,2,0,2,1,1,1,,3,REPUBLIQUE (AV DE LA),0,,2,2,0,1,0,1,1,, -1,1,0,1,50,13,9,1,94,94077,2,9,0,3,REPUBLIQUE (AV DE LA),48.73158,2.41356,10,2,2
202100006946,189Â 353,A01,1,1,2,5,1,0,-1,-1, -1,-1,2021,33.0,2,2,0,2,2,15,1,,2,MARECHAL DE LATTRE DE TASSIGNY (AV),0,,2,2,0,1,1,0,1,, -1,2,0,1,90,21,11,1,94,94075,2,4,1,3,Avenue du Mal de Lattre de Tassigny,48.72745,2.53112,13,2,2
202100009524,184Â 687,A01,2,2,1,5,2,6,-1,0,0,-1,2021,38.0,1,1,0,0,0,2,1,,3,116,-1,,2,2,0,1,27,500,1,, -1,1,0,1,80,24,10,1,17,17057,1,1,0,7,D116,46.177334,-0.842514,18,2,1
202100034758,139Â 582,A01,1,1,1,1,1,-1,-1,-1, -1,-1,2021,46.0,1,2,1,0,2,2,1,,4,REPUBLIQUE CAUD (AVE DE LA),0,,1,2,1,1,(1),(1),1,, -1,1,-1,6,50,12,6,1,33,33063,2,1,0,6,Avenue de la RÃ©publique,44.83938,-0.60998,12,1,1
202100019232,167Â 255,Z01,10,3,2,0,8,8,-1,4,3,1,2021,74.0,1,1,0,1,1,1,3,,3,131,0,,1,0,0,1,0,0,1,, -1,1,0,1,50,13,9,1,92,92050,2,1,0,6,JOLIOT CURIE F. ET IRENE AVENUE  NÂ°PAIRS,48.89051,2.20625,13,2,1
202100021400,163Â 395,A01,1,1,1,1,2,6,-1,-1,0,-1,2021,39.0,2,1,0,2,1,3,1,,1,AUTOROUTE A15,0,,3,6,0,1,19,100,1,, -1,1,0,1,110,1,9,1,95,95488,1,1,0,3, A15,49.01926,2.13968,19,2,2
202100048631,114Â 832,A01,1,1,1,1,2,6,-1,0,0,-1,2021,30.0,2,1,0,2,1,1,1,,4,47,0,,2,2,0,1,(1),(1),1,, -1,1,0,1,50,11,3,1,69,69069,2,2,0,3,CENTRALE (R),45.74589,4.716514,14,2,2
202100042900,124Â 984,B01,1,1,1,0,2,0,-1,0,0,-1,2021,76.0,1,1,0,2,1,15,1,,4,MADELEINE (BD DE LA),0,,1,0,0,1,(1),(1),1,, -1,1,0,1,50,23,4,1,6,6088,2,9,0,3,MADELEINE (BD DE LA),43.709931,7.228522,12,2,2
202100038179,133Â 403,B01,4,2,2,5,2,6,-1,0, -1,-1,2021,17.0,1,1,0,2,1,1,1,,4,RESISTANCE (PLACE DE LA),0,,2,2,1,1,(1),(1),1,, -1,1,2,1,30,25,5,1,41,41018,2,1,0,3,RESISTANCE (PLACE DE LA),47.586082,1.33623,15,3,2
202100041879,126Â 767,B01,1,1,2,5,1,0,-1,-1, -1,-1,2021,79.0,1,2,0,2,3,1,1,,4,BARBES (RUE ARMAND),0,,2,2,0,1,0,0,1,, -1,1,0,1,50,29,4,1,87,87085,2,3,0,3,BARBES (RUE ARMAND),45.83732,1.26182,15,2,2
202100048641,114Â 809,A01,1,1,1,5,1,0,-1,-1, -1,-1,2021,24.0,2,2,4,0,2,0,1,,1,AUTOROUTE A1,0,,3,8,3,2,2,99,1,, -1,2,0,1,90,10,3,2,93,93066,1,1,1,6,AUTOROUTE A1,48.9199,2.35723,18,1,1
202100016067,172Â 932,B01,1,1,1,0,2,-1,-1,-1, -1,-1,2021,20.0,2,1,0,2,1,1,1,,4,VILLETTE (DE LA)                    (R ),0,,2,4,3,1,(1),(1),1,, -1,1,0,1,50,29,9,5,69,69383,2,3,0,3,VILLETTE (DE LA) (R),45.7572,4.86143,21,2,2
202100016271,172Â 551,B01,1,1,1,4,2,6,-1,-1, -1,-1,2021,39.0,3,1,0,2,1,1,1,,4,77,0,,2,2,0,1,0,0,1,, -1,1,0,1,50,29,9,1,92,92007,2,1,0,3,PASTEUR (AVENUE LOUIS) AUTRES NUMEROS,48.8026269035,2.3189802468,14,2,2
202100019826,166Â 198,Z01,10,3,1,4,0,-1,-1,1,A,1,2021,49.0,2,1,0,1,0,1,0,,4,RUE DE DUNKERQUE,0,,2,2,0,2,(1),(1),1,, -1,1,0,1,50,9,9,1,75,75109,2,1,0,6,RUE DE DUNKERQUE,48.881397,2.348763,18,2,1
202100028943,149Â 993,A01,1,1,1,5,1,-1,-1,-1, -1,-1,2021,23.0,1,2,0,2,7,1,1,,1,AUTOROUTE A 10,0,,-1,1,-1,1,530,599,1,, -1,1,9,1,30,15,7,1,33,33366,1,9,0,5,,44.978006,-0.431411,14,4,4
202100021129,163Â 889,A01,1,1,1,5,0,-1,-1,0,0,-1,2021,12.0,3,1,0,2,8,19,5,,3,994,0,D,2,1,0,1,4,200,1,, -1,1,0,1,50,4,9,1,51,51326,2,2,0,3,Rue du GÃ©nÃ©ral de Gaulle,49.112324,4.309537,16,2,2
202100046709,118Â 284,B01,1,1,1,1,1,0,-1,-1, -1,-1,2021,27.0,1,5,0,2,3,21,1,,1,A55 - Sens Marseille vers Martigues,0,,1,3,0,2,11,0,1,, -1,1,0,1,110,24,3,1,13,13071,1,1,0,2,A55 - Sens Marseille vers Martigues,43.37939,5.3171,11,2,2
202100006904,189Â 430,A01,10,3,1,0,0,-1,-1,4,3,1,2021,66.0,2,2,0,1,1,1,1,,4,GAMBETTA                            (CO),0,,2,2,3,1,(1),(1),1,, -1,1,0,1,50,21,11,1,69,69387,2,4,0,6,GAMBETTA (CR),45.75255,4.85089,11,2,1
202100012316,179Â 719,B01,1,1,1,0,2,6,4,0,0,-1,2021,56.0,3,1,0,2,7,17,1,,4,,-1,,2,2,0,1,(1),(1),1,,5,1,0,1,50,13,10,5,27,27017,2,3,0,3,Rue de la Ferme,48.990887,1.157818,20,2,2
202100001966,198Â 288,A01,1,1,1,1,1,-1,-1,0,0,-1,2021,18.0,2,2,2,0,1,1,1,,3,5,-1,,2,2,0,1,77,300,1,, -1,1,0,8,80,22,12,3,33,33436,1,1,0,6,Route du Barp,44.544423,-0.682011,21,1,1
202100003671,195Â 195,A01,10,3,2,4,0,-1,-1,2,3,1,2021,48.0,1,3,0,1,2,1,3,,4,LIBERATION (AVE DE LA),0,,3,4,3,1,(1),(1),1,, -1,2,0,6,30,9,12,1,33,33249,2,1,0,6,Avenue de la LibÃ©ration,44.87395,-0.51993,9,2,1
202100012760,178Â 910,A01,2,2,1,5,1,5,-1,0,0,-1,2021,28.0,2,2,0,0,1,14,1,,3,14,0,,3,4,0,1,28,100,2,, -1,1,0,3,110,16,10,3,95,95002,1,1,0,7,RD14,49.070808,1.967454,21,2,1
202100024075,158Â 621,A01,1,1,1,1,8,-1,-1,0,0,-1,2021,36.0,1,2,0,2,4,23,1,,1,49,-1,,3,4,0,1,49,400,1,, -1,1,0,1,130,16,8,1,26,26129,1,1,0,5,Autoroute A 49 ,45.054408,5.1831,7,3,3
202100002586,197Â 161,A01,10,3,2,5,0,-1,-1,4,3,1,2021,72.0,2,2,0,1,2,26,1,,4,AV PIERRE BROSSOLETTE,0,,1,1,0,1,0,0,1,, -1,1,6,1,50,16,12,1,91,91161,2,6,0,6,AV PIERRE BROSSOLETTE,48.7024,2.3205,10,2,1
202100048190,115Â 615,B01,1,1,1,5,2,6,-1,0,0,-1,2021,15.0,1,1,0,2,7,1,1,,3,63,0,D,2,2,0,2,4,165,1,, -1,1,0,1,80,13,3,1,73,73154,1,2,0,3,D63 / D104  Rte d'Allondaz,45.686557,6.372942,15,2,2
202100020513,164Â 967,A01,10,3,1,0,0,-1,-1,2,3,1,2021,22.0,2,2,0,1,1,2,1,,4,SOLFERINO RUE NÂ°208-FIN-161-FIN,0,,2,2,1,1,(1),(1),1,, -1,1,0,5,30,6,9,3,59,59350,2,1,0,6,SOLFERINO RUE NÂ°208-FIN-161-FIN,50.63047,3.05627,23,2,1
202100017750,169Â 895,A01,1,1,1,0,2,6,9,0,0,-1,2021,62.0,2,1,0,0,0,3,1,,3,683,-1,,2,2,0,1,70,880,1,, -1,1,0,1,80,21,9,1,25,25313,1,4,0,6,D683 PR71,47.358796,6.412284,18,2,2
202100049889,112Â 563,B01,1,1,2,5,1,-1,-1,-1, -1,-1,2021,35.0,0,2,0,2,4,2,1,,4,PRIGENT TANGUY (RP CARREFOUR A RUE MESNO,0,,2,2,0,1,(1),(1),1,, -1,1,0,1,50,27,2,1,29,29019,2,6,0,2,RP - Rue de Mesnos,48.390783,-4.537411,18,2,2
202100015595,173Â 805,A01,10,3,1,0,0,-1,-1,3,3,1,2021,19.0,2,2,0,1,0,26,1,,7,BD VINCENT AURIOL,0,,3,2,3,1,6,23,1,, -1,1,6,6,50,1,10,1,31,31557,2,1,0,6,BD VINCENT AURIOL,43.5853936392,1.3459183245,19,2,1
202100043969,123Â 086,A01,1,1,2,1,1,-1,-1,0,0,-1,2021,53.0,1,2,6,0,2,1,1,,3,918,0,D,2,2,0,1,44,900,1,, -1,1,0,1,80,15,4,3,64,64124,1,1,0,7,D 918,43.266722,-1.332382,22,1,1
202100031724,145Â 053,A01,1,1,2,3,1,8,-1,-1, -1,-1,2021,19.0,3,2,0,2,7,19,1,,4,ECUYER (EMILE),0,,2,2,0,1,(1),(1),1,, -1,2,0,1,50,29,6,1,1,1283,2,2,1,3,ECUYER (EMILE),46.255349,5.646656,19,5,2
202100052345,108Â 148,B01,1,1,1,5,2,-1,-1,0,0,-1,2021,81.0,3,1,0,2,7,1,5,,4,,-1,,1,2,0,2,(1),(1),1,, -1,1,5,1,50,6,2,1,29,29260,2,6,0,3,Boulevard du Ponant,48.437963972,-4.6152134668,16,2,2
202100034314,140Â 399,B01,1,1,1,1,2,6,-1,-1, -1,-1,2021,51.0,2,1,0,2,4,2,1,,4,GARE DE CHAMPIGNY (PL DE LA),0,,1,2,0,1,1,0,1,, -1,1,0,1,30,14,6,1,94,94068,2,1,0,2,Place de la Gare de Champigny,48.80698,2.51087,20,2,2
202100051460,109Â 716,A01,10,3,1,0,0,-1,-1,4,3,1,2021,91.0,2,2,0,1,3,15,1,,3,19,0,,1,1,0,1,0,0,1,, -1,1,5,1,50,13,2,1,92,92024,2,2,0,6,VICTOR HUGO (BD),48.8979192563,2.3112971988,9,2,1
202100000233,201Â 311,A01,1,1,2,0,2,8,-1,0,0,-1,2021,20.0,3,1,0,2,3,0,1,,4,ANGLAIS (A PARTIR DU NÂ° 351),0,,3,6,0,1,(1),(1),1,, -1,1,0,1,50,18,8,1,6,6088,2,1,0,2,ANGLAIS (A PARTIR DU NÂ° 351),43.67041,7.22308,17,2,2
202100047481,116Â 892,A01,10,3,2,5,0,-1,-1,3,3,1,2021,24.0,0,5,0,1,7,1,1,,4,SAINT MARC. PLACE,0,,2,2,0,1,(1),(1),1,, -1,1,0,1,30,7,3,1,76,76540,2,1,0,7,Place Saint Marc,49.43989,1.1019,8,2,1
202100035831,137Â 657,B01,1,1,2,3,1,-1,-1,0,0,-1,2021,43.0,1,2,8,2,3,1,1,,2,1,-1,,2,2,0,1,87,0,3,, -1,1,0,1,90,9,6,1,988,98802,1,1,0,5,RT1 - Haute OuamÃ©nie,-21.858073,165.97548,14,10,4
202100034259,140Â 506,B01,1,1,2,5,2,0,-1,0,0,-1,2021,16.0,1,1,0,2,1,1,1,,4,SAPINIERE (RUE DE LA),0,,-1,3,0,1,(1),(1),1,, -1,1,0,1,50,15,6,5,54,54304,2,2,0,3,SAPINIERE (RUE DE LA),48.69329,6.12814,22,3,2
202100044964,121Â 360,A01,1,1,1,4,1,0,-1,-1, -1,-1,2021,51.0,3,2,0,2,8,0,1,,4,MICHELET (BOULEVARD),0,,2,0,0,1,(1),(1),1,, -1,1,0,1,50,6,4,1,13,13208,2,3,0,3,MICHELET (BOULEVARD),43.25865,5.39885,10,5,2
202100039800,130Â 439,B01,1,1,2,3,1,-1,-1,-1, -1,-1,2021,48.0,1,2,0,2,3,1,1,,4,LUDOVIC ARRACHART                   (R ),0,,1,0,0,1,(1),(1),1,, -1,2,0,1,50,15,5,2,69,69388,2,2,1,3,LUDOVIC ARRACHART (R),45.73057,4.86448,19,2,2
202100001391,199Â 284,A01,1,1,2,1,1,-1,-1,0,0,-1,2021,30.0,1,2,4,0,1,1,1,,3,677,-1,,2,1,0,3,38,950,1,, -1,1,3,8,-1,20,12,3,10,10191,1,9,0,6,D677,48.335627,4.100304,19,2,1
202100038936,132Â 032,A01,10,3,1,5,0,-1,-1,3,3,1,2021,67.0,0,2,0,1,1,1,1,,3,GAMBETTA (BOULEVARD),0,,2,2,0,1,0,0,1,, -1,1,0,1,30,29,4,1,13,13108,2,1,0,3,GAMBETTA (BOULEVARD),43.80567,4.66228,17,2,1
202100028676,150Â 461,A01,10,3,1,9,0,-1,-1,2,3,1,2021,17.0,3,4,0,1,5,1,1,,4,BOULEVARD MORTIER,0,,2,4,0,1,(1),(1),1,, -1,1,0,1,50,14,7,5,75,75120,2,1,0,6,BOULEVARD MORTIER,48.872163,2.40875,23,2,1
202100026686,154Â 007,A01,10,3,2,9,0,-1,-1,2,5,1,2021,59.0,2,1,0,1,1,1,5,,4,BOULEVARD DE MAGENTA,0,,1,1,1,2,(1),(1),1,, -1,1,0,5,50,28,7,1,75,75110,2,7,0,6,BOULEVARD DE MAGENTA,48.880667,2.352078,18,2,1
202100030005,148Â 162,A01,1,1,1,5,1,0,-1,0,0,-1,2021,66.0,1,2,0,2,1,2,1,,4,PORTE D IVRY,0,,1,4,0,1,(1),(1),1,, -1,1,0,1,70,8,7,1,75,75113,2,4,0,4,PORTE D IVRY,48.820798,2.376664,13,4,3
202100043636,123Â 678,A01,1,1,1,5,2,-1,-1,0,0,-1,2021,24.0,0,1,0,2,1,19,1,,4,YSER,0,,2,2,0,1,(1),(1),1,, -1,1,0,1,50,16,4,2,29,29019,2,2,0,3,Rue de lâYser,48.38052,-4.5174,20,2,2
202100041475,127Â 471,A01,1,1,2,9,1,0,-1,-1, -1,-1,2021,28.0,1,2,4,0,1,2,1,,1,AUTOROUTE A6,0,,3,6,0,1,33,299,1,, -1,2,0,1,110,4,5,1,91,91179,1,1,1,6,AUTOROUTE A6,48.56715,2.47292,15,1,1
202100012922,178Â 636,A01,1,1,1,5,2,6,9,0,0,-1,2021,24.0,1,1,0,0,8,1,1,,3,2930,0,D,2,2,0,1,2,600,1,, -1,1,0,1,80,16,10,1,80,80585,1,1,0,7,Route de Ham,49.76049,2.925689,16,1,1
202100000604,200Â 625,A01,10,3,1,5,0,-1,-1,4,3,1,2021,47.0,1,5,0,1,1,18,1,,4,CHARLES DE GAULLE (AV),0,,3,2,0,1,0,0,2,, -1,1,9,1,50,31,12,5,987,98736,2,1,0,6,CHARLES DE GAULLE (AV),-17.52544,-149.54133,18,2,1
202100004263,194Â 135,A01,1,1,2,2,1,0,-1,-1, -1,-1,2021,41.0,2,5,13,0,3,13,1,,2,RN136,0,,3,4,0,2,15,609,2,, -1,2,0,3,90,6,12,1,35,35238,1,1,0,7,RN136,48.119721,-1.7202,15,1,1
202100028808,150Â 225,A01,1,1,1,5,2,6,-1,-1, -1,-1,2021,46.0,1,1,1,2,1,1,1,,4,CRONSTADT (DE),0,,3,4,0,1,0,0,1,, -1,1,0,1,50,13,7,5,76,76351,2,1,0,6,CRONSTADT (DE),49.504742,0.116111,23,2,2
202100010790,182Â 449,B01,1,1,2,5,0,-1,-1,0,0,-1,2021,41.0,1,1,0,2,0,1,5,,4,,-1,,2,2,0,1,(1),(1),1,,4,1,0,1,50,27,10,1,45,45146,1,1,1,3,Route des Trays,47.719994,1.930992,17,2,2
202100003727,195Â 088,A01,4,2,2,5,1,0,-1,0,0,-1,2021,78.0,2,2,0,2,3,21,1,,4,BOULEVARD DE GRENELLE,0,,2,2,1,1,(1),(1),1,, -1,1,0,1,30,8,12,5,75,75115,2,2,0,2,BOULEVARD DE GRENELLE,48.849155,2.298041,18,3,2
202100024805,157Â 316,A01,10,3,2,5,0,-1,-1,5,1,2,2021,33.0,1,2,12,1,2,14,1,,3,975,0,,2,2,0,1,15,960,1,, -1,1,0,4,50,22,6,1,45,45018,2,1,0,6,Le Vau,48.117062,2.482953,14,2,1
202100020040,165Â 806,A01,1,1,1,5,2,6,-1,-1, -1,-1,2021,33.0,1,1,0,2,1,7,1,,4,FRERES LUMIERE (DES)                (AV),0,,1,2,2,1,(1),(1),1,, -1,1,0,1,50,8,9,5,69,69388,2,2,0,3,FRERES LUMIERE (DES) (AV),45.74403,4.87044,20,2,2
202100048766,114Â 598,B01,1,1,1,0,1,0,-1,-1, -1,-1,2021,45.0,2,2,4,2,7,1,1,,1,AUTOROUTE A86,0,,3,6,0,1,23,0,1,, -1,1,0,1,90,9,3,1,93,93008,1,1,0,3,AUTOROUTE A86,48.90616,2.46108,10,2,2
202100014111,176Â 466,B01,3,2,2,5,1,0,-1,-1, -1,-1,2021,44.0,2,2,0,2,4,1,1,,2,RN104,0,,3,4,0,1,19,800,1,, -1,1,0,1,90,10,10,3,77,77122,1,1,0,2,RN104,48.661334,2.61348,21,3,2
202100036784,135Â 957,A01,2,2,2,0,2,6,-1,-1, -1,-1,2021,21.0,2,1,12,0,2,21,1,,4,BIARRITZ (AVENUE DE),0,,2,2,0,1,0,0,1,, -1,1,0,1,50,1,6,1,64,64024,2,1,0,7,BIARRITZ (AVENUE DE),43.48016,-1.52166,17,2,1
202100036037,137Â 272,B01,1,1,1,5,2,-1,-1,0,0,-1,2021,19.0,0,1,0,2,8,15,5,,3,33,0,D,2,2,0,1,(1),(1),1,,5,1,0,1,-1,7,6,1,59,59181,1,3,0,3,Route de Sars - Poteries,50.175104,3.954855,13,2,2
202100007814,187Â 780,B01,1,1,2,1,2,0,-1,-1, -1,-1,2021,27.0,0,1,0,9,1,0,5,,4,LECLERC (AVENUE DU GENERAL),0,,-1,1,1,1,(1),(1),1,, -1,1,0,5,50,16,11,2,35,35238,2,1,0,3,LECLERC (AVENUE DU GENERAL),48.11469,-1.6564,17,3,2
202100020151,165Â 611,A01,1,1,1,1,2,6,-1,0,0,-1,2021,23.0,2,1,8,0,0,1,1,,3,14,0,B,2,2,0,2,0,898,3,, -1,1,0,3,80,8,9,1,68,68179,2,3,0,6,35 Rue du ChÃ¢teau,47.752563924,7.0149502158,7,1,1
202100026136,154Â 975,B01,2,2,2,3,1,0,-1,-1, -1,-1,2021,71.0,1,2,0,2,3,1,1,,7,MAGINOT (AV. ANDRE),0,,2,2,0,1,(1),(1),1,, -1,1,0,1,50,31,7,1,37,37261,2,1,0,1,MAGINOT (AV. ANDRE),47.4350184044,0.7075560093,16,4,2
202100009992,183Â 837,B01,1,1,2,5,1,0,-1,-1, -1,-1,2021,26.0,2,2,0,2,8,1,1,,4,BASSIN PLAT(CHEMIN),0,,2,2,0,2,48,0,1,, -1,1,9,1,50,31,10,3,974,97416,1,6,0,3,BASSIN PLAT(CHEMIN),-21.3271,55.4935,19,3,2
202100053097,106Â 821,A01,1,1,2,0,1,0,-1,-1, -1,-1,2021,50.0,0,2,0,2,5,16,1,,4,SALVADOR ALLENDE (AVENUE),0,,2,2,0,1,0,0,1,, -1,2,0,1,30,30,1,2,93,93071,2,6,1,3,SALVADOR ALLENDE (AVENUE),48.9485232302,2.5308821419,8,2,2
202100049618,113Â 051,A01,10,3,1,0,0,-1,-1,3,3,1,2021,54.0,1,2,0,1,1,1,1,,4,ROMAINS (ROUTE DES),0,,2,4,1,1,(1),(1),1,, -1,1,0,1,50,28,2,1,67,67482,2,1,0,6,ROMAINS (ROUTE DES),48.579081,7.712773,10,2,1
202100054988,103Â 525,B01,1,1,2,1,1,-1,-1,-1, -1,-1,2021,21.0,1,2,0,2,5,23,1,,2,89,0,,3,6,0,1,49,923,1,, -1,1,3,1,70,15,1,5,33,33013,1,1,0,4,ROUTE NATIONALE 89,44.868723,-0.501886,19,8,4
202100019926,166Â 014,A01,10,3,1,2,0,-1,-1,9,A,2,2021,10.0,2,2,1,1,1,1,0,,3,GALLIENI (AV.) DE 188 A 230,0,,3,2,0,2,(1),(1),1,, -1,1,0,1,50,9,9,1,93,93010,2,1,0,6,GALLIENI (AV.) DE 188 A 230,48.907108,2.48925,8,2,1
202100008472,186Â 594,A01,1,1,1,0,2,0,-1,-1, -1,-1,2021,21.0,3,1,12,0,0,13,5,,4,MONTJOYEUX (RUE DE),0,,2,2,0,2,(1),(1),1,, -1,1,0,4,50,10,11,1,37,37261,2,1,0,7,MONTJOYEUX (RUE DE),47.3622244901,0.7097265869,15,1,1
202100036686,136Â 138,A01,1,1,1,5,0,-1,-1,0,0,-1,2021,14.0,3,1,0,0,0,26,5,,4,,0,,-1,1,0,1,(1),(1),1,,3,1,0,8,50,29,5,1,51,51009,2,1,0,7,Promenade de l'Aube,48.582452,3.811805,14,1,1
202100013686,177Â 239,B01,1,1,1,9,8,0,-1,0,0,-1,2021,10.0,1,1,0,2,1,17,3,,4,RUE LEIBNIZ,0,,2,1,0,1,(1),(1),1,, -1,1,0,1,30,11,10,1,75,75118,2,2,0,3,RUE LEIBNIZ,48.895976,2.330887,8,2,2
202100003397,195Â 689,A01,10,3,1,5,0,-1,-1,2,3,2,2021,61.0,3,2,0,1,1,19,1,,4,NOVELTY - CARREFOUR,0,,1,1,0,1,(1),(1),1,, -1,1,9,1,50,11,12,5,202,202033,2,6,0,6,NOVELTY - CARREFOUR,42.7022,9.45111,18,3,1
202100032008,144Â 530,A01,1,1,1,5,2,6,-1,0,0,-1,2021,48.0,1,1,0,0,3,1,1,,2,402,-1,,2,2,0,2,(1),(1),1,, -1,1,0,1,50,28,6,1,201,201249,2,1,0,7,T402,41.671481,8.911285,7,1,1
202100051107,110Â 322,B01,1,1,1,9,1,-1,-1,0,0,-1,2021,29.0,2,2,0,2,1,5,1,,3,RD67,0,A,2,2,0,1,3,320,1,, -1,2,0,1,80,19,2,3,25,25510,1,1,0,1,"RD67, point kilomÃ©trique 003+300",47.277337,5.812631,5,2,2
202100049925,112Â 500,A01,1,1,2,0,8,-1,-1,0,0,-1,2021,30.0,1,2,13,0,1,15,1,,3,9,-1,,2,2,0,1,2,500,2,, -1,1,0,1,80,26,2,3,67,67278,1,1,0,6,D9,48.918854,7.182097,21,1,1