Num_Acc,id_vehicule,num_veh,place,catu,sexe,trajet,secu1,secu2,secu3,locp,actp,etatp,year_acc,victim_age,senc,catv,obs,obsm,choc,manv,motor,occutc,catr,voie,v1,v2,circ,nbv,vosp,prof,pr,pr1,plan,lartpc,larrout,surf,infra,situ,vma,jour,mois,lum,dep,com,agg_,int,atm,col,adr,lat,long,hour,nb_victim,nb_vehicules
202100023917,158Â 882,A01,1,1,1,4,2,6,-1,-1, -1,-1,2021,33.0,2,1,0,2,1,16,1,,4,PASSERELLE,0,,2,2,0,1,0,0,1,, -1,1,0,1,50,16,8,2,93,93051,2,2,0,3,VINGT SIX AOUT 1944,48.84705,2.52616,20,2,2
202100011432,181Â 289,B01,1,1,1,9,0,0,-1,-1, -1,-1,2021,19.0,2,1,0,2,1,1,5,,3,GAULLE(CARREFOUR CHARLES DE),0,,1,2,0,1,1,0,3,, -1,1,5,1,50,23,10,5,94,94011,2,9,0,2,Carrefour du-GÃ©nÃ©ral-de-Gaulle,48.76797,2.48778,1,2,2
202100044911,121Â 447,A01,1,1,1,9,1,0,-1,-1, -1,-1,2021,39.0,1,2,4,0,1,26,1,,3,GRAND CAMP(SECTION),0,,1,1,0,1,0,0,2,, -1,1,8,1,50,4,4,1,971,97101,1,9,0,6,GRAND CAMP(SECTION),16.25329,-61.54236,13,1,1
202100046188,119Â 213,A01,1,1,1,0,1,5,-1,0,0,-1,2021,51.0,1,2,2,0,2,13,1,,3,25,-1,,2,2,0,1,15,400,2,, -1,1,0,3,80,29,3,1,45,45157,1,1,0,6,D25-PR 15 + 400,48.153207,2.375252,8,1,1
202100053643,105Â 843,A01,1,1,1,0,1,0,-1,-1, -1,-1,2021,64.0,1,2,0,2,8,13,1,,3,SAINT-DENIS BD (120 A 174 / DE 199 A 315,0,,2,2,0,1,0,0,1,, -1,1,0,1,50,26,1,5,92,92026,2,1,0,3,SAINT-DENIS BD (120 A 174 / DE 199 A 315,48.904081437,2.2781077092,18,2,2
202100025838,155Â 504,B01,1,1,2,5,1,-1,-1,0,0,-1,2021,30.0,1,2,0,2,1,2,1,,3,982,0,D,2,2,0,1,32,885,1,, -1,1,0,1,30,3,8,1,76,76164,2,1,0,1,Quai Guilbaud,49.524546,0.726147,19,2,2
202100029504,149Â 057,A01,1,1,1,5,2,-1,-1,0,0,-1,2021,22.0,0,1,13,0,2,1,1,,3,37,-1,,2,2,0,2,4,212,2,, -1,1,0,1,80,12,7,3,6,6150,1,1,0,6,Avenue de Cap d Ail,43.731352,7.394271,1,1,1
202100048520,115Â 031,B01,1,1,1,0,0,0,-1,-1, -1,-1,2021,50.0,1,1,14,0,2,25,0,,4,PRESIDENT FAVRE,0,,2,1,1,1,0,0,1,, -1,1,0,4,50,9,3,1,74,74010,2,2,0,3,PRESIDENT FAVRE,45.9033,6.12603,15,2,2
202100010643,182Â 714,B01,2,2,1,5,1,-1,-1,0,0,-1,2021,43.0,0,2,0,2,1,1,1,,7,531,0,D,-1,2,0,1,(1),(1),1,,4,1,0,1,50,24,9,5,38,38474,2,2,0,1,Rue de l ArgentiÃ¨re,45.205611,5.682426,23,3,2
202100006634,189Â 932,B01,1,1,1,2,2,6,-1,-1, -1,-1,2021,18.0,2,1,0,2,1,1,1,,3,DOMFRONT (ROUTE DE),0,,2,2,0,2,35,355,1,, -1,1,0,1,50,12,10,1,61,61169,2,1,0,2,DOMFRONT (ROUTE DE),48.73112,-0.57832,15,2,2
202100011480,181Â 207,B01,1,1,2,1,8,-1,-1,0,0,-1,2021,38.0,1,2,0,2,1,1,1,,3,23,-1,,2,2,0,1,46,750,1,, -1,3,0,1,80,21,10,1,27,27341,1,2,0,3,D23,48.790399,1.006936,8,2,2
202100037789,134Â 114,A01,1,1,1,5,2,6,-1,-1, -1,-1,2021,19.0,3,1,9,0,1,1,1,,4,GRANDMONT (RUE DE),0,,2,2,0,1,(1),(1),1,, -1,1,9,1,30,28,5,1,37,37208,2,1,0,7,GRANDMONT (RUE DE),47.3660723442,0.721248478,15,1,1
202100016767,171Â 647,A01,1,1,1,1,2,6,-1,-1, -1,-1,2021,53.0,1,1,0,2,7,3,1,,1,AUTOROUTE A3,0,,3,9,0,1,13,600,1,, -1,1,0,1,90,24,9,1,93,93005,1,1,0,3,AUTOROUTE A3,48.9569851718,2.4731607511,15,2,2
202100021372,163Â 447,A01,1,1,1,5,1,-1,-1,0,0,-1,2021,23.0,1,2,11,0,9,1,1,,1,36,-1,,3,4,0,1,200,300,1,, -1,1,0,3,130,1,9,1,21,21301,1,1,0,6,Autoroute A36 sens Mulhouse/Beaune PK 200+300,47.031292,5.11353,19,1,1
202100054237,104Â 804,A01,10,3,1,1,0,-1,-1,4,3,1,2021,33.0,2,2,0,1,1,16,1,,4,RUE DE LA CONVENTION,0,,2,3,0,1,(1),(1),1,, -1,2,0,1,50,21,1,3,75,75115,2,2,0,6,RUE DE LA CONVENTION,48.845915,2.277314,6,2,1
202100005014,192Â 821,A01,1,1,1,9,1,-1,-1,-1, -1,-1,2021,29.0,1,2,0,0,0,1,0,,1,A4,0,,1,2,0,1,22,0,2,, -1,2,3,1,70,3,12,3,77,77121,1,1,0,7,A4,48.8317683835,2.6736625863,0,1,1
202100049136,113Â 925,A01,10,3,2,1,0,-1,-1,3,3,1,2021,32.0,2,2,0,1,2,15,1,,4,RUE D AMSTERDAM,0,,2,2,0,2,(1),(1),1,, -1,1,0,1,50,5,3,1,75,75109,2,3,0,6,RUE D AMSTERDAM,48.880437,2.327079,16,2,1
202100051101,110Â 334,A01,1,1,1,0,2,0,-1,-1, -1,-1,2021,35.0,2,1,0,2,1,2,1,,3,JOLIOT CURIE F. ET IRENE AVENUE  NÂ°PAIRS,0,,1,3,0,1,0,0,1,, -1,2,0,1,50,18,2,5,92,92050,2,3,1,2,JOLIOT CURIE F. ET IRENE AVENUE  NÂ°PAIRS,48.8881309529,2.2020737674,22,2,2
202100004538,193Â 664,B01,1,1,2,5,2,0,-1,0,0,-1,2021,21.0,3,1,0,2,2,17,1,,4,ROUTE DU CHAMP DE MANOEUVRES,0,,2,2,0,1,(1),(1),1,, -1,2,0,1,30,5,12,1,75,75112,2,1,1,3,ROUTE DU CHAMP DE MANOEUVRES,48.834652,2.449127,12,2,2
202100039870,130Â 318,A01,1,1,1,9,1,-1,-1,0,0,-1,2021,68.0,1,2,2,0,2,1,1,,3,25,-1,,2,2,0,1,65,598,1,, -1,2,0,3,-1,14,5,1,31,31377,1,1,1,6,D25,43.424808,1.721206,11,1,1
202100000636,200Â 569,A01,10,3,1,3,0,-1,-1,3,3,1,2021,60.0,2,2,0,1,2,1,1,,3,619,-1,,2,2,0,1,26,726,1,, -1,1,6,1,50,7,12,5,77,77317,2,1,0,6,D619,48.607146,2.890515,17,2,1
202100050296,111Â 801,B01,1,1,1,4,1,0,-1,-1, -1,-1,2021,50.0,2,2,0,2,1,2,1,,1,A86 EXT,0,,1,3,0,1,39,0,1,, -1,1,0,1,90,25,2,1,94,94028,1,1,0,4,A86 EXT,48.785757,2.44032,8,3,3
202100038522,132Â 784,A01,10,3,1,3,0,-1,-1,5,9,1,2021,66.0,1,3,0,1,7,23,3,,4,MARÃCHAL FOCH (AVENUE),0,,2,2,3,1,(1),(1),1,, -1,1,-1,6,40,24,5,1,13,13204,2,1,0,6,MARÃCHAL FOCH (AVENUE),43.30234,5.39693,15,3,2
202100008481,186Â 576,B01,1,1,2,4,1,0,-1,-1, -1,-1,2021,39.0,1,0,0,2,2,0,1,,7,NARBONNE (ROUTE DE),0,,2,3,3,1,2,1825,1,, -1,1,0,1,50,11,11,1,31,31555,2,1,0,3,Route de Narbonne,43.56903,1.4565,10,3,2
202100018887,167Â 886,A01,10,3,1,5,0,-1,-1,6,1,1,2021,38.0,1,4,0,1,1,2,1,,1,AUTOROUTE A16,0,,3,4,0,1,85,860,3,, -1,1,0,1,110,14,9,3,62,62193,1,1,0,6,AUTOROUTE A16,50.933469,1.88826,22,2,1
202100044374,122Â 353,A01,1,1,1,4,2,6,-1,-1, -1,-1,2021,18.0,2,1,0,2,2,26,0,,3,DIVISION GENERAL LECLERC (AV),0,,-1,2,0,1,0,0,1,, -1,1,0,1,50,11,4,5,94,94078,2,9,0,3,Avenue de la Division Leclerc,48.74468,2.45951,21,2,2
202100042760,125Â 214,A01,1,1,1,5,1,-1,-1,0,0,-1,2021,23.0,1,2,2,0,3,1,1,,3,,0,,2,2,0,1,26,700,1,, -1,1,0,1,80,25,4,2,64,64273,1,1,0,6,route dÃ©partementale 8,43.2554749207,-1.2514154613,6,3,1
202100035592,138Â 098,A01,10,3,2,0,0,-1,-1,3,3,1,2021,78.0,1,2,0,1,4,9,2,,3,,-1,,1,2,0,3,55,430,1,,4,1,0,1,50,10,6,1,83,83070,2,3,0,6,Traverse des cabrovaires,43.138643,6.361513,9,2,1
202100026020,155Â 167,A01,1,1,1,1,2,-1,-1,0,0,-1,2021,39.0,0,1,0,0,0,0,1,,3,957,0,D,2,2,0,2,8,720,1,, -1,2,0,1,80,28,6,1,41,41091,1,1,0,6,D957,47.648622,1.2745,19,2,2
202100024787,157Â 343,A01,2,2,2,5,1,-1,-1,0,0,-1,2021,80.0,1,2,0,2,3,19,1,,3,678,0,,2,2,0,1,7,700,1,,4,1,0,1,70,10,8,1,71,71398,1,2,0,3,Route d Oslon,46.759139,4.995593,10,6,2
202100006876,189Â 487,A01,2,2,2,0,1,-1,-1,0,0,-1,2021,88.0,1,2,0,2,1,13,1,,3,754,0,,2,2,0,2,16,449,1,, -1,1,0,1,50,22,11,2,85,85071,1,3,0,1,rd 754,46.768734,-1.829926,18,3,2
202100018806,168Â 029,A01,1,1,1,9,2,0,-1,0,0,-1,2021,51.0,1,1,0,2,1,2,1,,4,COURS ALBERT 1ER,0,,3,3,0,1,(1),(1),1,, -1,2,0,1,30,15,9,1,75,75108,2,2,1,2,COURS ALBERT 1ER,48.8646170681,2.310319804,15,2,2
202100028976,149Â 935,A01,2,2,1,5,2,0,-1,-1, -1,-1,2021,13.0,2,1,0,2,1,2,1,,4,SAINT JEAN DU DESERT (CHEMIN),0,,2,2,0,1,0,0,1,, -1,1,5,1,50,14,7,2,13,13205,2,2,0,3,SAINT JEAN DU DESERT (CHEMIN),43.29365,5.40849,20,3,2
202100047567,116Â 743,A01,10,3,1,4,0,-1,-1,1,3,1,2021,29.0,2,1,0,1,1,17,1,,3,,-1,,2,2,0,1,6,0,1,, -1,1,0,1,50,19,3,1,973,97309,2,1,0,1,Route de Montjoly (rd1),4.920547,-52.27973,13,3,2
202100056265,101Â 324,A01,1,1,1,0,2,0,-1,-1, -1,-1,2021,85.0,0,1,0,2,1,1,1,,4,Impasse Barthe,0,,2,2,0,1,(1),(1),1,, -1,1,0,1,50,1,1,1,31,31555,2,1,0,3,56 Impasse Barthe,43.631,1.44035,12,2,2
202100004432,193Â 841,A01,1,1,1,1,1,-1,-1,0,0,-1,2021,26.0,2,2,0,2,3,1,1,,3,20.4,0,D,2,2,0,1,4,200,3,, -1,7,0,1,80,7,12,1,68,68289,1,9,0,3,D20.4,47.831135,7.311916,8,2,2
202100053679,105Â 784,A01,1,1,1,3,1,-1,-1,0,0,-1,2021,25.0,1,2,6,2,7,1,1,,3,657,0,D,2,2,0,1,(1),(1),1,, -1,1,2,1,70,26,1,5,54,54430,1,1,0,5,RD 657,48.766237,6.128209,18,7,5
202100001004,199Â 970,A01,1,1,1,1,1,0,-1,0,0,-1,2021,49.0,2,2,0,2,1,1,1,,4,MALZEVILLE (Rue de),0,,2,2,0,3,(1),(1),1,, -1,2,0,1,50,28,12,5,54,54395,2,2,1,3,MALZEVILLE (Rue de),48.70335,6.18182,3,2,2
202100052332,108Â 175,B01,1,1,1,1,2,6,-1,-1, -1,-1,2021,38.0,1,1,0,2,1,1,1,,4,R CHARLES VII,0,,1,1,0,1,1,0,1,, -1,2,0,1,50,6,2,5,94,94052,2,2,1,3,CHARLES DE GAULLE (GRAND RUE),48.8354914448,2.474091053,7,2,2
202100042309,125Â 998,A01,2,2,1,5,1,8,-1,-1, -1,-1,2021,19.0,3,2,13,0,3,1,1,,4,VC 4,0,,2,2,0,1,0,0,1,, -1,1,0,3,80,26,4,3,49,49099,1,1,0,7,VC 4,47.04821,-0.91935,22,2,1
202100014408,175Â 944,B01,1,1,2,1,2,0,-1,0,0,-1,2021,22.0,1,1,0,2,1,1,5,,4,RUE DE LA CONVENTION,0,,2,3,2,1,(1),(1),1,, -1,1,0,5,30,7,10,1,75,75115,2,2,0,3,RUE DE LA CONVENTION,48.8411,2.287943,18,2,2
202100025077,156Â 829,B01,2,2,2,5,1,-1,-1,0,0,-1,2021,74.0,1,2,0,2,4,2,1,,1,7,0,,-1,5,0,1,55,50,1,, -1,1,0,1,130,6,8,1,26,26179,1,1,0,4,Autoroute du Soleil,45.067701,4.871042,17,7,3
202100016349,172Â 411,A01,1,1,1,9,2,6,-1,0,0,-1,2021,41.0,1,1,0,2,3,18,1,,4,BOULEVARD DE CLICHY,0,,3,2,0,1,(1),(1),1,, -1,1,0,1,30,28,9,1,75,75118,2,3,0,3,BOULEVARD DE CLICHY,48.884413,2.33056,9,2,2
202100045965,119Â 591,A01,10,3,2,2,0,-1,-1,5,3,1,2021,12.0,1,5,0,1,1,1,1,,4,GOURNAY (RUE DE),0,,1,1,0,1,(1),(1),1,, -1,1,0,1,50,29,3,1,10,10387,2,1,0,6,GOURNAY (RUE DE),48.29827,4.0904,14,2,1
202100054431,104Â 461,B01,10,3,2,4,0,-1,-1,3,3,1,2021,63.0,1,1,0,1,1,16,5,,4,SAINCERE ( RUE ),0,,1,1,0,1,0,0,3,, -1,1,0,1,50,18,1,1,55,55029,2,6,0,6,SAINCERE ( RUE ),48.77636,5.15678,14,2,1
202100016489,172Â 153,A01,2,2,2,3,1,0,-1,-1, -1,-1,2021,19.0,3,2,15,0,2,1,1,,3,VILLIERS EN LIEU (ROUTE DE),0,,-1,2,0,1,0,1,2,, -1,1,0,1,80,25,9,1,52,52235,1,1,0,6,VILLIERS EN LIEU (ROUTE DE),48.646142,4.905856,16,2,1
202100047750,116Â 397,B01,2,2,2,9,1,8,-1,-1, -1,-1,2021,49.0,1,2,0,2,4,2,1,,4,BORDEAUX (AVENUE DE),0,,2,2,0,1,0,0,1,, -1,1,0,1,50,5,3,1,11,11262,2,1,0,2,BORDEAUX (AVENUE DE),43.18156,2.97916,15,3,2
202100053118,106Â 787,A01,1,1,1,1,2,-1,-1,0,0,-1,2021,16.0,3,1,14,9,1,1,1,,4,,0,,2,2,0,1,(1),(1),1,, -1,2,0,1,50,29,1,2,27,27311,1,1,1,6,Rue des Ruflets,49.150805,0.76613,8,1,1
202100040863,128Â 586,B01,1,1,1,5,2,6,-1,-1, -1,-1,2021,23.0,3,1,0,2,1,1,1,,4,MALLET (R. LOUIS),0,,4,2,0,1,(1),0,1,, -1,1,5,1,50,16,2,1,18,18033,2,2,0,3,MALLET (R. LOUIS),47.07,2.38,15,2,2
202100030907,146Â 515,A01,1,1,1,5,8,-1,-1,0,0,-1,2021,36.0,2,5,0,0,1,0,1,,3,526,0,D,2,2,0,2,37,0,1,, -1,2,0,3,80,4,7,1,38,38518,1,1,1,7,D526,44.893981,5.887411,15,1,1
202100047283,117Â 245,A01,1,1,1,5,1,-1,-1,0,0,-1,2021,22.0,3,2,1,0,1,13,1,,3,392,-1,,2,2,0,1,17,220,3,, -1,1,0,3,50,20,3,5,67,67543,2,1,0,6,7 Rue du Netzenbach,48.510167,7.273795,23,1,1
202100018054,169Â 360,A01,1,1,1,5,1,-1,-1,0,0,-1,2021,34.0,1,2,3,0,7,1,1,,2,4,0,N,3,4,0,2,41,0,1,, -1,1,0,1,110,18,9,1,55,55472,1,1,0,7,N4 - PK41,48.705966,5.475569,7,1,1
202100048516,115Â 040,B01,1,1,1,5,2,0,-1,-1, -1,-1,2021,35.0,1,1,0,2,1,1,1,,4,ARMAND (AVE Z.A.C,0,,1,2,0,1,0,0,2,, -1,1,5,1,50,9,3,1,87,87085,2,2,0,3,ARMAND (AVE Z.A.C,45.86721,1.26927,12,2,2
202100044923,121Â 426,A01,2,2,2,5,1,-1,-1,-1, -1,-1,2021,26.0,2,2,0,2,3,16,1,,4,REPUBLIQUE (COURS DE LA),0,,3,6,2,2,0,0,1,, -1,1,4,1,50,2,4,1,76,76351,2,3,0,3,REPUBLIQUE (COURS DE LA),49.49767,0.12802,17,3,2
202100008457,186Â 621,B01,1,1,1,5,8,0,-1,-1, -1,-1,2021,34.0,3,1,0,2,1,19,3,,4,STOESSEL (BOULEVARD CHARLES),0,,2,3,2,1,(1),(1),1,, -1,1,0,5,50,10,11,1,68,68224,2,3,0,1,STOESSEL (BOULEVARD CHARLES),47.74391,7.32613,14,4,2
202100020185,165Â 557,A01,1,1,1,5,2,-1,-1,0,0,-1,2021,53.0,3,1,0,0,2,1,1,,3,89,-1,,2,2,0,1,3,900,2,, -1,1,0,4,80,8,9,2,69,69171,1,1,0,7,BREVENNE (DE LA) (Q),45.805619,4.596212,19,1,1
202100046033,119Â 475,B01,1,1,1,5,2,-1,-1,0,0,-1,2021,43.0,2,1,0,2,1,1,0,,3,48,0,D,2,2,0,1,22,400,1,, -1,1,0,1,50,31,3,1,83,83042,2,1,0,3,274 Avenue Saint Maur,43.256315,6.528188,16,2,2
202100042382,125Â 872,A01,1,1,1,5,2,-1,-1,0,0,-1,2021,16.0,3,1,0,2,1,16,1,,4,,-1,,2,2,0,1,(1),(1),1,,4,1,0,1,50,27,4,1,47,47146,2,4,0,1,Rue du Lavoir,44.454369,0.666776,17,2,2
202100023751,159Â 163,A01,7,2,2,1,8,0,-1,-1, -1,-1,2021,63.0,2,3,0,2,3,2,1,2.0,3,JEAN LOLIVE (AVENUE)(137/FIN ET 134/FIN),0,,2,0,3,1,0,0,1,, -1,1,0,1,50,17,8,1,93,93055,2,1,0,3,JEAN LOLIVE (AVENUE)(137/FIN ET 134/FIN),48.89445,2.41982,17,3,2
202100007791,187Â 825,A01,1,1,1,0,2,8,-1,-1, -1,-1,2021,16.0,0,1,0,2,1,17,1,,4,,0,,2,2,0,1,(1),(1),1,, -1,1,0,1,30,15,11,5,66,66136,2,3,0,3,TORCATIS (AVENUE LOUIS),42.70221,2.88259,18,2,2
202100015270,174Â 419,B01,1,1,1,5,2,-1,-1,0,0,-1,2021,40.0,1,6,0,2,3,15,1,,3,366,0,,2,2,0,1,1,160,1,, -1,1,0,1,80,3,10,1,35,35358,1,3,0,3,Rue de la Rance,48.541266,-1.961371,15,2,2
202100020583,164Â 840,A01,10,3,1,0,0,-1,-1,2,B,2,2021,4.0,1,2,0,1,3,19,1,,4,CHARLES (VILLA),0,,-1,2,0,1,0,0,1,, -1,1,0,1,50,6,9,1,93,93031,2,1,0,1,CHARLES (VILLA),48.9492950156,2.3292088509,17,2,1
202100034816,139Â 479,B01,1,1,1,5,1,0,-1,-1, -1,-1,2021,26.0,2,2,0,2,2,1,1,,3,SULLY PRUDHOMME (AVENUE),0,,3,4,0,2,0,0,2,, -1,1,0,1,50,12,6,1,92,92002,2,1,0,3,SULLY PRUDHOMME (AVENUE),48.7636762747,2.2917249799,14,2,2
202100014591,175Â 631,A01,10,3,2,5,8,8,-1,2,3,1,2021,62.0,1,2,0,1,4,20,0,,9,VERON (RUE A.),0,,3,0,0,1,(1),(1),1,, -1,2,0,1,50,1,10,1,62,62193,2,1,1,6,VERON (RUE A.),50.944911,1.822467,12,2,1
202100044299,122Â 479,A01,10,3,1,9,0,-1,-1,2,3,1,2021,47.0,1,1,0,1,1,5,3,,4,RUE DE LA ROQUETTE,0,,1,0,0,1,(1),(1),1,, -1,1,0,1,50,12,4,1,75,75111,2,1,0,6,RUE DE LA ROQUETTE,48.855999,2.375685,18,2,1
202100023595,159Â 463,A01,1,1,1,5,1,8,-1,-1, -1,-1,2021,20.0,2,2,6,0,1,21,1,,3,BOIS SABOT (RUE DU),0,,2,2,0,4,(1),(1),3,, -1,1,0,1,50,18,8,5,28,28134,2,1,0,6,BOIS SABOT (RUE DU),48.73861,1.36058,23,2,1
202100010984,182Â 094,A01,1,1,1,5,2,-1,-1,0,0,-1,2021,68.0,1,1,0,0,8,1,5,,3,514,-1,,2,2,0,3,(1),(1),1,, -1,1,0,3,50,26,10,1,14,14172,1,1,0,7,D514,49.336952,-0.732694,15,1,1
202100019676,166Â 477,A01,1,1,1,5,2,8,-1,-1, -1,-1,2021,65.0,1,1,0,2,7,1,1,,4,BEAULIEU (RUE DE),0,,2,2,0,2,0,0,1,, -1,1,0,1,50,9,9,1,37,37122,2,1,0,6,BEAULIEU (RUE DE),47.3627178463,0.6593858479,13,2,2
202100028028,151Â 614,A01,1,1,2,5,8,-1,-1,0,0,-1,2021,30.0,0,2,0,2,3,15,1,,3,12,0,D,2,2,0,2,17,483,3,, -1,1,0,1,50,20,7,1,36,36005,2,2,0,3,Rue Victor Hugo,46.7418960057,1.831291616,18,2,2
202100017027,171Â 183,A01,1,1,1,9,2,0,-1,0,0,-1,2021,48.0,2,1,0,2,7,1,1,,4,BOULEVARD NEY,0,,3,3,0,1,(1),(1),1,, -1,1,0,1,50,25,9,1,75,75118,2,1,0,3,BOULEVARD NEY,48.897786,2.340258,14,3,2
202100001792,198Â 592,A01,10,3,1,5,0,-1,-1,1,1,1,2021,74.0,2,4,0,1,2,1,1,,3,619,-1,,2,2,0,2,111,890,1,, -1,1,9,8,90,20,12,2,10,10250,1,1,0,6,"Pr 112, RD 619",48.258527,4.674597,7,2,1
202100035920,137Â 480,A01,1,1,1,0,2,8,-1,0, -1,-1,2021,27.0,2,1,16,0,9,26,1,,3,CORAY ROUTE DE,0,,2,2,0,2,9,0,2,, -1,1,0,3,70,6,6,1,29,29051,1,1,0,7,D15 - Route de Coray,48.02684,-3.97181,21,1,1
202100027695,152Â 210,A01,1,1,1,0,8,-1,-1,-1, -1,-1,2021,29.0,0,2,0,2,1,17,1,,4,CELESTINS (DES)                     (CH),0,,-1,2,0,1,(1),(1),2,, -1,1,0,1,30,19,7,1,69,69149,2,1,0,1,CELESTINS (DES) (CHM),45.7198553118,4.7981890165,16,2,2
202100022573,161Â 270,A01,1,1,2,5,1,-1,-1,-1,0,-1,2021,29.0,2,2,4,0,1,1,1,,1,AUTOROUTE A1,0,,3,6,0,1,21,400,1,, -1,1,0,1,90,26,8,1,95,95212,1,1,0,7, A1,49.029076903,2.538349825,15,1,1
202100036293,136Â 810,A01,2,2,2,5,1,-1,-1,0,0,-1,2021,54.0,2,2,13,0,1,1,1,,1,31,0,,3,4,0,1,31,500,1,, -1,1,0,3,130,5,6,1,21,21263,1,1,0,6,A31 - PK 031.500,47.24688,5.064665,15,3,1
202100034808,139Â 490,B01,2,1,1,1,2,6,-1,-1, -1,-1,2021,33.0,2,1,0,2,1,1,1,,3,EUROPE (AVENUE DE L'),0,,1,2,1,1,0,0,1,, -1,1,0,1,50,12,6,1,92,92072,2,1,0,3,EUROPE (AVENUE DE L'),48.8227993605,2.2089385986,15,2,2
202100004755,193Â 282,A01,2,2,2,3,1,0,-1,-1, -1,-1,2021,15.0,1,2,0,2,2,1,1,,4,MOUCHETIERE (RUE DE LA),0,,2,4,0,1,(1),(1),1,, -1,2,0,1,50,3,12,2,45,45285,2,3,1,3,Rue de la MouchetiÃ¨re,47.9131735734,1.8582947552,14,3,2
202100051440,109Â 751,A01,1,1,1,5,8,0,-1,-1, -1,-1,2021,31.0,3,2,13,0,0,0,1,,4,PONTREAU   CHEMIN DU,0,,2,2,0,1,(1),(1),2,, -1,1,9,8,50,7,2,3,17,17028,1,1,0,7,PONTREAU   CHEMIN DU,46.116889,-1.119101,18,2,1
202100029409,149Â 211,A01,1,1,2,5,1,-1,-1,-1,0,-1,2021,37.0,1,2,4,0,8,13,1,,2,RN 104,0,,3,6,0,1,18,200,1,, -1,2,0,1,90,12,7,1,95,95241,1,1,1,6,RN 104,49.04595,2.45237,14,1,1
202100002609,197Â 118,A01,1,1,2,5,1,-1,-1,-1, -1,-1,2021,66.0,1,2,0,2,7,19,1,,3,METZ (AVENUE),0,,2,4,0,1,63,500,1,, -1,1,0,1,50,13,12,1,51,51506,2,2,0,3,Avenue de Metz,48.9591,4.3838,8,2,2
202100049448,113Â 376,A01,1,1,1,1,8,-1,-1,0,0,-1,2021,30.0,1,2,8,0,1,1,1,,3,21,-1,,2,2,0,1,14,450,1,, -1,1,0,8,70,4,3,2,87,87158,1,1,0,7,Rue Victor Hugo,45.766657,0.966018,7,1,1
202100039148,131Â 648,A01,10,3,2,5,0,-1,-1,4,3,1,2021,78.0,2,1,0,1,8,1,5,,4,RUE DE RIVOLI,0,,2,4,1,1,(1),(1),1,, -1,2,0,5,50,18,5,1,75,75104,2,2,1,6,RUE DE RIVOLI,48.858504,2.348215,15,2,1
202100033578,141Â 746,B01,1,1,1,0,2,0,-1,0,0,-1,2021,29.0,3,1,0,2,1,1,1,,4,DOMBASLE (PLACE),0,,1,2,0,1,(1),(1),1,, -1,1,0,1,30,17,6,1,54,54395,2,1,0,3,DOMBASLE (PLACE),48.69175,6.17796,16,2,2
202100043257,124Â 338,C01,1,1,1,4,1,-1,-1,0,0,-1,2021,32.0,1,4,0,2,3,1,1,,3,235,-1,,2,2,0,2,1,250,3,, -1,2,0,1,80,21,4,1,43,43087,1,1,1,1,La Riaille,45.186514,4.356079,15,2,2
202100031798,144Â 923,A01,1,1,1,5,2,6,-1,0,0,-1,2021,57.0,1,1,0,2,1,2,1,,3,67,0,,2,2,0,1,8,100,1,, -1,1,2,1,80,30,6,1,26,26084,1,1,0,2,Route de Chateauneuf,45.016955,4.938108,18,3,2
202100049300,113Â 636,A01,1,1,1,1,2,6,-1,-1, -1,-1,2021,60.0,2,1,0,2,4,1,1,,3,JEAN JAURES (BD) DE (120 A 138),0,,1,3,0,1,0,0,1,, -1,1,0,1,50,4,3,1,92,92024,2,1,0,2,JEAN JAURES (BD) DE (120 A 138),48.9070322837,2.3005601974,8,2,2
202100012410,179Â 522,A01,1,1,1,5,1,0,-1,-1, -1,-1,2021,40.0,0,2,15,0,3,26,1,,4,MACON (RUE DE),0,,2,2,0,1,(1),(1),1,, -1,1,9,8,50,16,10,5,71,71306,2,9,0,6,MACON (RUE DE),46.672240992,4.3781985989,4,1,1
202100001808,198Â 568,A01,1,1,1,0,8,-1,-1,0,0,-1,2021,59.0,1,2,0,0,2,1,1,,3,38,0,,2,2,0,2,(1),(1),1,,4,2,0,1,80,24,12,1,1,1424,1,2,1,3,D38,45.874851,4.975975,14,2,2
202100016497,172Â 139,A01,1,1,2,2,8,0,-1,-1, -1,-1,2021,14.0,1,1,0,2,5,19,5,,7,,0,,2,2,0,1,(1),(1),1,, -1,1,0,1,50,27,9,1,45,45234,2,1,0,3,Rue Brise Pain,47.90228,1.88637,12,2,2
202100005712,191Â 596,A01,10,3,1,2,0,-1,-1,1,1,2,2021,6.0,1,2,0,1,5,1,1,,4,,-1,,1,2,0,1,(1),(1),1,,4,2,0,1,50,30,11,1,59,59011,2,1,1,6,27 Rue de la France,50.531861,2.932312,13,2,1
202100012971,178Â 554,A01,1,1,1,5,2,6,-1,0,0,-1,2021,26.0,2,1,0,0,0,0,5,,3,913,0,,2,2,0,1,14,150,1,, -1,1,0,1,80,15,10,2,78,78246,1,1,0,2,D913,49.035566,1.742993,19,2,2
202100048441,115Â 169,B01,2,2,2,2,2,6,-1,0,0,-1,2021,15.0,3,1,0,2,3,15,1,,4,AVENUE JOSEPH BOUVARD,0,,3,2,0,1,(1),(1),1,, -1,2,0,1,50,11,3,1,75,75107,2,2,1,3,AVENUE JOSEPH BOUVARD,48.8550422217,2.296115756,13,3,2
202100015613,173Â 768,A01,2,2,2,5,1,8,-1,-1, -1,-1,2021,30.0,2,2,8,2,5,1,1,,4,MARTINE (TRAVERSE LA),0,,-1,1,0,1,0,0,4,, -1,1,0,1,50,2,10,1,13,13211,2,1,0,1,MARTINE (TRAVERSE LA),43.3011859644,5.4664060184,8,4,2