Num_Acc,id_vehicule,num_veh,place,catu,sexe,trajet,secu1,secu2,secu3,locp,actp,etatp,year_acc,victim_age,senc,catv,obs,obsm,choc,manv,motor,occutc,catr,voie,v1,v2,circ,nbv,vosp,prof,pr,pr1,plan,lartpc,larrout,surf,infra,situ,vma,jour,mois,lum,dep,com,agg_,int,atm,col,adr,lat,long,hour,nb_victim,nb_vehicules
202100015015,174Â 865,B01,1,1,1,5,2,6,-1,-1, -1,-1,2021,15.0,3,1,0,2,1,1,1,,4,BENEHARNUM DE,0,,2,1,0,1,0,0,1,, -1,1,0,1,50,4,10,1,64,64335,2,1,0,3,BENEHARNUM DE,43.33062,-0.43524,17,2,2
202100015588,173Â 817,B01,2,2,2,5,1,-1,-1,-1, -1,-1,2021,28.0,2,2,0,2,1,2,1,,4,RUE LUCIEN FAURE,0,,3,8,0,1,(1),(1),1,, -1,1,0,1,50,2,10,5,33,33063,2,9,0,3,RUE LUCIEN FAURE,44.86199,-0.55599,1,5,2
202100001187,199Â 651,A01,2,2,1,9,1,0,-1,-1, -1,-1,2021,29.0,1,2,0,2,7,26,1,,4,TARDAT,0,,2,3,0,1,1,0,1,, -1,1,0,1,50,23,12,5,49,49007,2,1,0,3,TARDAT,47.45031,-0.5527,19,3,2
202100025483,156Â 115,A01,7,2,2,9,8,0,-1,0,0,-1,2021,0.0,2,3,0,2,2,7,1,3.0,4,BOULEVARD VINCENT AURIOL,0,,2,4,3,2,(1),(1),1,, -1,1,0,6,30,5,8,1,75,75113,2,2,0,3,BOULEVARD VINCENT AURIOL,48.83281,2.362062,10,4,2
202100031397,145Â 633,A01,1,1,2,5,1,-1,-1,0,0,-1,2021,22.0,1,2,0,0,8,1,1,,3,316,-1,,2,2,0,2,8,170,3,, -1,2,0,8,70,2,7,3,27,27611,1,1,0,7,D316,49.083536,1.26332,23,1,1
202100024519,157Â 831,B01,1,1,1,0,0,0,-1,0,0,-1,2021,23.0,1,1,0,2,4,2,3,,4,GARENNE (ALLEE ET AVENUE DE LA),0,,2,2,0,1,(1),(1),1,, -1,1,0,1,30,11,8,1,54,54395,2,2,0,3,GARENNE (ALLEE ET AVENUE DE LA),48.679684397,6.1760680302,10,2,2
202100051283,110Â 009,A01,1,1,1,1,2,0,-1,-1, -1,-1,2021,18.0,3,1,0,0,3,1,1,,4,PETIT MONTREJEAU CHEMIN,0,,2,2,0,1,1,0,1,, -1,2,0,1,50,16,2,1,49,49007,2,1,0,7,PETIT MONTREJEAU CHEMIN,47.466707,-0.530122,8,1,1
202100008589,186Â 378,A01,1,1,1,1,2,6,-1,0,0,-1,2021,57.0,2,1,0,2,3,3,1,,4,PORTE DE CHARENTON,0,,1,4,0,1,33,900,1,, -1,1,1,1,70,10,11,2,75,75112,2,1,0,3,PORTE DE CHARENTON,48.831344,2.404078,7,2,2
202100026287,154Â 707,B01,1,1,1,5,2,6,-1,-1, -1,-1,2021,55.0,1,1,0,2,8,1,1,,4,SAINT EXUPERY (AVENUE. 220 A ...),0,,3,2,1,1,(1),(1),1,, -1,1,0,1,50,29,7,1,62,62193,2,9,0,3,SAINT EXUPERY (AVENUE. 220 A ...),50.94684,1.91367,19,2,2
202100003492,195Â 511,B01,1,1,1,5,2,-1,-1,0,0,-1,2021,61.0,3,0,0,2,1,1,3,,4,,-1,,-1,2,0,1,(1),(1),1,,4,1,0,5,50,12,12,1,66,66055,2,3,0,6,Chemin des Vignes,42.655862,2.665998,9,2,2
202100043186,124Â 467,A01,1,1,1,5,2,0,-1,-1, -1,-1,2021,20.0,1,1,0,2,1,1,1,,4,LANCIER (CHEMIN DU),0,,4,4,0,2,(1),(1),2,, -1,1,5,1,50,20,4,1,13,13208,2,2,0,1,LANCIER (CHEMIN DU),43.2490945614,5.396899581,17,2,2
202100042140,126Â 302,B01,1,1,1,0,1,4,-1,-1, -1,-1,2021,29.0,2,2,0,2,2,0,1,,1,A50-Sens Toulon vers Aubagne,0,,1,3,0,2,27,700,3,, -1,1,0,1,90,20,4,3,13,13085,1,1,0,5,A50-Sens Toulon vers Aubagne,43.261423,5.591141,5,4,4
202100050744,110Â 979,A01,1,1,1,5,2,6,-1,-1, -1,-1,2021,19.0,2,1,0,2,1,9,1,,4,LATTRE DE TASSIGNY (AVENUE DE),0,,2,2,0,1,(1),(1),1,, -1,1,0,1,50,18,2,1,39,39198,2,6,0,3,63 Avenue du MarÃ©chal de Lattre de Tassigny,47.105109,5.499078,13,2,2
202100026623,154Â 118,A01,10,3,1,0,0,-1,-1,2,3,1,2021,73.0,3,2,0,1,1,14,1,,4,FONTCOUVERTE(Avenue de),0,,3,2,1,1,0,9,1,, -1,1,0,1,50,7,7,1,84,84007,2,1,0,6,FONTCOUVERTE(Avenue de),43.93783,4.83236,9,2,1
202100010325,183Â 248,A01,3,2,1,0,1,0,-1,-1, -1,-1,2021,18.0,0,2,0,2,3,15,1,,4,LACS (ROUTE DES) BLANCHE A GALION,0,,2,3,0,1,(1),(1),1,, -1,1,5,1,50,29,10,5,27,27701,2,1,0,1,LACS (ROUTE DES) BLANCHE A GALION,49.27588,1.21111,3,6,2
202100055173,103Â 195,B01,2,2,2,5,1,8,-1,-1, -1,-1,2021,20.0,1,2,0,2,3,1,1,,4,CHAZELLES ( COURS LOUIS  DE ),0,,2,4,0,1,(1),(1),1,, -1,1,5,1,30,12,1,5,56,56121,2,3,0,3,CHAZELLES ( COURS LOUIS  DE ),47.75487,-3.36323,18,3,2
202100036032,137Â 280,A01,1,1,1,5,2,6,-1,0,0,-1,2021,47.0,2,1,0,0,0,1,1,,7,209,-1,,2,2,0,1,5,100,2,, -1,1,0,3,80,7,6,2,44,44026,1,1,0,7,Route du Prouzeau,47.293031,-1.439584,21,1,1
202100042597,125Â 481,A01,1,1,1,0,2,0,-1,0,0,-1,2021,15.0,3,1,0,2,1,2,1,,3,CONCHES (ROUTE DE),0,,2,0,1,1,1,387,1,, -1,1,0,1,50,25,4,1,27,27229,2,1,0,2,CONCHES (ROUTE DE),49.01931,1.11895,17,3,2
202100030376,147Â 468,A01,1,1,2,0,1,-1,-1,-1, -1,-1,2021,41.0,1,2,0,2,7,19,1,,4,MAGINOT (AVENUE SERGENT),0,,2,1,3,1,(1),(1),1,, -1,2,6,1,50,5,7,1,35,35238,2,7,1,3,MAGINOT (AVENUE SERGENT),48.11,-1.66,11,3,2
202100048834,114Â 470,A01,1,1,1,4,2,6,-1,-1, -1,-1,2021,31.0,1,1,0,0,7,11,1,,1,AUTOROUTE A6,0,,1,3,0,1,14,399,1,, -1,1,0,1,110,8,3,1,91,91161,1,1,0,7,AUTOROUTE A6,48.69637,2.3166,10,1,1
202100017432,170Â 465,B01,1,1,1,9,8,-1,-1,-1, -1,-1,2021,27.0,2,1,1,0,3,0,1,,4,PIERRE VOYANT    (Rue),0,,2,2,2,1,(1),(1),1,, -1,1,0,8,50,22,9,5,69,69266,2,2,0,1,PIERRE VOYANT (R),45.767,4.90059,23,2,2
202100018707,168Â 202,B01,1,1,1,0,2,6,-1,-1, -1,-1,2021,25.0,2,1,0,2,1,1,0,,1,AUTOROUTE A1,0,,3,2,0,1,12,199,1,, -1,1,0,1,90,16,9,1,93,93005,1,1,0,3,AUTOROUTE A1,48.962895,2.47053,9,2,2
202100036115,137Â 125,A01,2,2,2,5,8,-1,-1,0,0,-1,2021,47.0,1,2,6,0,2,15,1,,3,65,-1,,2,2,0,1,12,75,2,, -1,1,0,3,80,21,5,3,35,35168,1,4,0,6,2 La Halliais,47.881319,-1.985174,4,2,1
202100046107,119Â 344,B01,1,1,1,5,8,-1,-1,-1, -1,-1,2021,21.0,2,1,0,2,1,1,5,,4,NANTES (DE),0,,2,3,2,1,(1),(1),1,, -1,1,0,5,50,29,3,1,35,35238,2,3,0,3,NANTES (DE),48.09238,-1.69148,16,2,2
202100017396,170Â 538,B01,1,1,2,1,1,4,-1,-1, -1,-1,2021,46.0,2,2,0,2,4,23,1,,1,A4.W,0,,3,3,0,1,15,800,1,, -1,1,0,2,110,23,9,1,77,77083,1,1,0,2,A4.W,48.8342,2.5899,10,2,2
202100046893,117Â 955,B01,1,1,1,0,1,-1,-1,-1, -1,-1,2021,48.0,1,2,0,2,4,23,1,,4,ST BONNET DE MURE (DE)              (CH),0,,2,2,0,1,(1),(1),1,, -1,1,0,1,50,26,2,1,69,69290,1,1,0,2,ST BONNET DE MURE (DE) (CHM),45.6897,4.98,15,3,2
202100015764,173Â 490,C01,1,1,1,1,1,0,-1,-1, -1,-1,2021,43.0,1,2,0,2,0,0,1,,3,CROIZAT AMBROISE RD 29 BIS,0,,2,2,0,1,0,1,1,, -1,1,0,1,50,29,9,1,93,93066,2,9,0,5,Rue Ambroise Croizat,48.93224,2.34893,18,3,3
202100040784,128Â 713,A01,1,1,1,5,1,-1,-1,0,0,-1,2021,30.0,1,2,13,0,2,1,1,,3,D222,-1,,2,2,0,1,2,788,1,, -1,1,0,1,80,9,5,3,76,76235,1,1,0,7,D222,49.918133,1.276433,0,1,1
202100038878,132Â 132,A01,1,1,2,0,8,-1,-1,-1, -1,-1,2021,19.0,3,2,0,2,8,15,1,,4,CARNOT                              (R ),0,,2,2,0,1,(1),(1),1,, -1,1,0,1,30,21,5,1,69,69199,2,3,0,3,CARNOT (R),45.70801,4.85981,10,2,2
202100027762,152Â 084,A01,1,1,1,1,8,0,-1,0,0,-1,2021,48.0,1,1,0,0,0,21,5,,4,RUE EMILE DEUTSCH DE LA MEURTHE,0,,1,1,1,2,(1),(1),1,, -1,2,0,5,50,12,7,1,75,75114,2,3,1,7,RUE EMILE DEUTSCH DE LA MEURTHE,48.822626,2.335137,14,1,1
202100031627,145Â 221,B01,1,1,1,0,2,6,-1,-1, -1,-1,2021,52.0,1,1,0,2,1,1,3,,3,910,0,,3,4,0,1,0,0,1,, -1,1,0,1,50,29,6,1,92,92012,2,2,0,3,EDOUARD VAILLANT (AVENUE) 57/FIN - 58/FI,48.8355,2.24947,18,3,2
202100054419,104Â 480,A01,2,2,1,9,2,0,-1,-1, -1,-1,2021,18.0,0,1,0,2,1,19,1,,4,TARASCON,0,,1,2,0,1,(1),(1),1,, -1,1,0,1,50,17,1,1,84,84007,2,2,0,3,TARASCON (Avenue de),43.92848,4.8095,17,3,2
202100036699,136Â 114,A01,1,1,1,0,1,-1,-1,0,0,-1,2021,25.0,3,4,0,2,3,1,0,,3,53,-1,D,2,2,0,1,16,500,1,, -1,1,0,1,50,3,6,1,6,6150,2,1,0,3,Route du Mont Agel,43.748112,7.401431,15,2,2
202100007784,187Â 837,B01,1,1,2,0,2,0,-1,-1, -1,-1,2021,67.0,1,1,0,2,7,26,3,,3,LIBERTE (AVENUE DE LA),0,,1,1,1,1,(1),(1),1,, -1,1,0,5,50,5,11,5,68,68066,2,9,0,3,LIBERTE (AVENUE DE LA),48.07497,7.34451,17,2,2
202100043487,123Â 928,B01,1,1,2,0,2,6,-1,0,0,-1,2021,24.0,1,1,0,2,1,1,1,,3,141,-1,D,-1,2,0,1,19,380,1,, -1,1,0,1,90,19,4,1,19,19123,2,1,0,2,D141,45.1852776908,1.5934392213,15,2,2
202100015192,174Â 553,B01,1,1,2,0,1,0,-1,-1, -1,-1,2021,35.0,1,2,0,2,1,2,1,,1,A507 sens Marseille - Aubagne,0,,1,3,0,2,6,599,1,, -1,2,1,1,70,4,10,1,13,13055,1,1,1,2,A507 sens Marseille - Aubagne,43.30811,5.42507,8,2,2
202100030291,147Â 624,A01,2,2,1,5,1,-1,-1,0,0,-1,2021,48.0,1,2,0,0,4,2,1,,7,751,0,C,2,2,1,1,43,900,3,, -1,1,5,1,70,26,6,1,37,37018,2,6,0,2,Boulevard de Chinon,47.322597,0.598182,13,3,2
202100024984,157Â 000,A01,1,1,1,5,1,0,-1,-1, -1,-1,2021,83.0,1,2,3,0,1,9,1,,1,A4,0,,-1,4,0,2,12,100,3,, -1,1,0,2,110,9,8,1,94,94079,1,1,0,6,A4,48.8359457627,2.5398910046,13,2,1
202100048870,114Â 403,A01,10,3,1,5,0,-1,-1,4,3,1,2021,25.0,1,2,0,1,2,1,1,,4,QUAI BRANLY,0,,3,2,0,1,(1),(1),1,, -1,1,0,1,50,7,3,1,75,75107,2,3,0,6,QUAI BRANLY,48.860588,2.295547,16,5,1
202100002435,197Â 418,A01,1,1,1,1,2,8,-1,-1, -1,-1,2021,17.0,1,1,6,2,2,17,1,,7,MITTERRAND (AVENUE FRANCOIS),0,,2,2,0,2,0,0,2,, -1,1,0,1,50,17,12,5,13,13071,2,9,0,6,MITTERRAND (AVENUE FRANCOIS),43.39382,5.344,7,2,2
202100054753,103Â 930,A01,1,1,1,5,2,0,-1,-1, -1,-1,2021,46.0,1,1,1,0,2,14,1,,4,PERE LABAT (RUE DU),0,,1,1,0,1,100,0,1,, -1,1,9,1,50,15,1,1,971,97105,2,9,0,6,PERE LABAT (RUE DU),15.99915,-61.7344,17,1,1
202100020442,165Â 092,A01,1,1,2,0,1,0,-1,-1, -1,-1,2021,25.0,1,2,0,2,4,1,1,,1,A4.Y,0,,-1,8,0,1,20,0,1,, -1,1,0,1,110,7,9,1,77,77146,1,1,0,2,A4.Y,48.83169,2.64831,8,2,2
202100010419,183Â 099,A01,2,2,2,5,0,-1,-1,0,0,-1,2021,25.0,2,5,6,0,2,1,1,,3,58,0,,2,2,0,1,16,354,1,, -1,1,0,3,50,30,10,1,85,85024,2,1,0,6,32 Rue de la Gare,46.938079,-1.87193,16,3,1
202100054684,104Â 039,A01,10,3,2,5,0,-1,-1,1,4,1,2021,18.0,3,2,0,1,2,17,1,,4,JOSEPH AIGUIER (CHEMIN),0,,2,2,0,1,(1),(1),1,, -1,1,0,1,50,16,1,2,13,13209,2,1,0,6,JOSEPH AIGUIER (CHEMIN),43.25563,5.406122,17,2,1
202100012424,179Â 499,A01,1,1,2,1,1,-1,-1,0,0,-1,2021,45.0,1,2,0,2,1,2,1,,3,CD 902,0,,2,2,0,1,3,600,1,, -1,1,0,1,80,18,10,3,65,65100,1,1,0,2,CD 902,43.2553,0.06518,22,4,2
202100009335,185Â 018,A01,1,1,2,0,1,-1,-1,0,0,-1,2021,26.0,1,2,6,0,1,1,1,,3,606,-1,,2,2,3,1,5,600,1,, -1,1,-1,3,70,6,11,3,89,89093,2,1,0,6,3bis Route Nationale,48.330163,3.106792,1,1,1
202100053896,105Â 411,A01,1,1,1,0,1,-1,-1,0,0,-1,2021,52.0,0,2,2,0,7,13,1,,3,838,0,,2,2,0,1,49,30,1,, -1,1,0,8,80,23,1,1,28,28294,1,1,0,6,dÃ©partementale 838,48.396969,1.971896,16,1,1
202100028742,150Â 351,B01,1,1,1,5,2,-1,-1,0,0,-1,2021,21.0,2,1,0,2,1,0,1,,2,21,-1,,2,2,0,1,97,200,1,, -1,1,0,1,80,16,7,3,24,24224,1,1,0,1,Peyssonnat,44.9182,0.560989,23,4,2
202100017991,169Â 468,A01,1,1,2,1,1,-1,-1,-1, -1,-1,2021,25.0,1,2,0,2,2,15,0,,3,RD 54,0,,2,2,0,2,14,230,2,, -1,1,0,1,70,26,8,1,83,83050,1,1,0,1,RD 54,43.52392,6.525519,19,2,2
202100018495,168Â 573,A01,10,3,1,5,0,-1,-1,2,3,3,2021,30.0,1,2,0,1,3,1,1,,3,207,0,,2,2,0,1,2,(1),1,, -1,1,0,1,50,17,9,1,67,67045,2,1,0,6,Route de Krautergersheim,48.487501,7.498555,18,2,1
202100012074,180Â 132,A01,1,1,1,1,2,6,-1,-1, -1,-1,2021,24.0,1,1,0,2,7,17,3,,3,106,0,,2,3,0,1,0,0,1,, -1,1,0,1,50,20,10,1,92,92026,2,1,0,3,VICTOR HUGO (DE 01 A 45),48.8930857085,2.2553220391,13,2,2
202100050527,111Â 382,A01,1,1,1,9,2,6,9,0,0,-1,2021,18.0,1,1,12,0,1,1,1,,3,58,-1,,2,2,0,2,(1),(1),3,, -1,1,0,1,50,23,2,1,8,8003,2,1,0,6,3 Avenue Arthur Rimbaud,49.774849,4.763626,16,1,1
202100009924,183Â 953,B01,1,1,1,4,1,0,-1,0,0,-1,2021,25.0,2,5,0,2,3,16,1,,4,BOULEVARD ORNANO,0,,4,4,0,1,(1),(1),1,, -1,1,-1,6,30,1,11,5,75,75118,2,4,0,3,BOULEVARD ORNANO,48.892693,2.34875,6,4,2
202100026475,154Â 375,A01,1,1,2,5,2,0,0,-1, -1,-1,2021,42.0,2,1,0,2,1,14,1,,2,RHIN-DANUBE (ROND POINT),0,,1,2,0,1,79,522,2,, -1,1,0,1,50,29,7,1,17,17306,2,6,0,2,RHIN-DANUBE (ROND POINT),45.62462,-1.0023,15,5,2
202100035699,137Â 902,A01,1,1,1,0,2,8,-1,-1, -1,-1,2021,12.0,1,1,0,2,8,18,3,,4,PIERRE MASSE,0,,2,2,0,1,0,0,2,, -1,1,0,1,30,8,6,1,64,64445,2,6,0,3,PIERRE MASSE,43.3147,-0.35739,19,2,2
202100050478,111Â 466,A01,1,1,1,0,1,0,-1,0,0,-1,2021,87.0,1,2,6,0,1,1,1,,3,GUILLAUME FAREL ( AVENUE ),0,,2,2,0,2,69,252,2,, -1,1,0,3,50,21,2,1,5,5061,2,1,0,7,GUILLAUME FAREL ( AVENUE ),44.55788,6.07127,11,1,1
202100039957,130Â 167,A01,2,2,2,0,1,8,-1,0,0,-1,2021,10.0,1,2,0,2,1,15,1,,4,VAUBAN (R. MARECHAL),0,,-1,2,0,1,(1),(1),1,, -1,1,0,1,50,14,5,1,6,6088,2,2,0,1,VAUBAN (R. MARECHAL),43.711423,7.288203,11,4,2
202100010988,182Â 087,A01,1,1,1,0,1,-1,-1,0,0,-1,2021,50.0,3,5,0,0,2,0,0,,4,1,0,C,2,2,0,1,1,200,2,, -1,1,0,3,80,26,10,2,16,16414,1,1,0,7,voie communale,45.85203,0.10996,8,1,1
202100027746,152Â 115,A01,1,1,1,5,1,0,-1,0,0,-1,2021,18.0,1,2,13,0,1,26,1,,3,D64E (voie nouvelle),0,,2,0,0,1,2,50,1,, -1,1,0,1,70,21,7,1,27,27554,1,1,0,7,D64E (voie nouvelle),49.09403,1.39572,16,1,1
202100003913,194Â 762,A01,1,1,1,0,2,6,-1,0,0,-1,2021,33.0,1,1,0,0,1,1,1,,3,7,-1,,2,2,0,3,(1),(1),1,,5,1,0,1,80,18,5,1,83,83107,1,3,0,3,RÃ©sidence Only Roc (Construction),43.427897,6.669334,17,2,2
202100051170,110Â 210,A01,1,1,1,9,2,0,-1,-1, -1,-1,2021,20.0,2,1,0,0,0,0,1,,4,BREST (DE),0,,3,2,2,1,(1),(1),3,, -1,2,0,1,50,17,2,5,35,35238,2,1,0,7,BREST (DE),48.1125,-1.6922,2,1,1
202100041916,126Â 695,A01,1,1,1,0,8,0,-1,-1, -1,-1,2021,35.0,3,2,6,0,1,0,1,,9,DES PINS (allÃ©e),0,,2,2,0,2,0,0,3,, -1,1,9,1,30,30,4,1,13,13209,2,1,0,1,DES PINS (allÃ©e),43.25497,5.41521,14,1,1
202100013895,176Â 863,B01,1,1,1,9,2,6,-1,0,0,-1,2021,16.0,3,1,0,2,1,1,1,,4,AVENUE DE NOGENT,0,,2,6,1,1,(1),(1),3,, -1,1,0,1,50,11,10,5,75,75112,2,2,0,3,AVENUE DE NOGENT,48.842104,2.449033,0,2,2
202100016046,172Â 970,B01,2,2,2,5,1,0,-1,-1, -1,-1,2021,51.0,2,2,0,2,4,1,1,,1,A86,0,,3,4,0,1,6,199,1,, -1,1,0,1,90,30,9,1,92,92036,1,1,0,2,A86,48.9357613185,2.2630026617,16,3,2
202100032416,143Â 830,A01,1,1,2,5,1,-1,-1,0,0,-1,2021,52.0,1,2,0,2,1,1,1,,7,1075,-1,,1,1,1,1,(1),(1),1,, -1,1,0,1,50,26,6,1,38,38382,2,1,0,2,71 Avenue du General de Gaulle,45.235768,5.675501,17,3,3
202100007179,188Â 919,B01,2,2,1,0,1,8,-1,-1, -1,-1,2021,14.0,3,2,0,0,4,1,1,,3,JACQUES LEPAIRE  (RUE   ),0,,2,2,0,2,9,1414,3,, -1,1,0,1,50,17,11,5,77,77243,2,1,1,2,D418,48.8777357467,2.7014112111,19,3,2
202100048056,115Â 843,A01,1,1,2,9,1,-1,-1,0,0,-1,2021,41.0,1,2,0,2,2,15,1,,2,2,-1,,2,2,0,1,(1),(1),1,, -1,1,0,1,80,15,3,1,974,97412,1,9,0,5,Chemin des Fleurs,-21.379462,55.658777,11,3,3
202100000422,200Â 953,A01,2,2,2,9,1,-1,-1,0,0,-1,2021,47.0,1,2,13,0,0,2,1,,1,10,0,,3,3,0,1,41,900,1,,"13,5",9,0,8,130,4,12,1,28,28363,1,1,1,5,"A10, PK041+900, EN DIRECTION D LA PROVINCE",48.413479,1.897287,17,2,1
202100006487,190Â 205,B01,1,1,1,1,2,0,-1,-1, -1,-1,2021,38.0,0,1,0,2,1,2,1,,3,908,0,,1,1,0,1,0,0,1,, -1,1,2,1,50,24,11,1,92,92026,2,1,0,2,COURBEVOIE (PONT DE),48.89646,2.26456,14,2,2
202100056387,101Â 112,A01,1,1,1,0,2,6,-1,-1, -1,-1,2021,24.0,2,1,0,2,1,1,1,,2,kaweni-Lazerevouni ( rue ),0,,2,0,0,1,1,500,1,, -1,1,0,1,50,2,1,5,976,97611,2,1,0,2,kaweni-Lazerevouni ( rue ),-12.77362,45.22288,19,2,2
202100023135,160Â 262,A01,1,1,1,9,2,0,-1,0,0,-1,2021,27.0,2,1,0,2,3,1,1,,4,BOULEVARD HAUSSMANN,0,,2,6,0,1,(1),(1),1,, -1,1,0,1,50,21,8,1,75,75108,2,5,0,3,BOULEVARD HAUSSMANN,48.875301,2.315796,7,2,2
202100048432,115Â 187,B01,1,1,2,9,2,0,-1,0,0,-1,2021,36.0,1,0,0,2,8,1,3,,4,AVENUE DE WAGRAM,0,,2,6,1,1,(1),(1),1,, -1,1,-1,5,50,11,3,1,75,75117,2,1,0,3,AVENUE DE WAGRAM,48.877302,2.297602,18,2,2
202100025415,156Â 229,B01,1,1,1,0,2,8,-1,-1, -1,-1,2021,31.0,1,1,0,2,3,26,1,,4,ARAGO (FRANCOIS),0,,2,2,0,1,(1),(1),1,, -1,1,0,1,50,4,8,5,973,97302,2,2,0,3,ARAGO (FRANCOIS),4.93944,-52.3319,22,2,2
202100009947,183Â 916,A01,7,2,2,5,1,-1,-1,0,0,-1,2021,18.0,1,2,13,0,1,1,1,,3,199,0,D,2,2,0,1,13,925,3,, -1,1,0,3,70,2,11,3,56,56240,1,1,0,6,Belle-Croix,47.540861,-2.693281,0,4,1
202100010581,182Â 814,A01,1,1,1,1,2,6,-1,-1, -1,-1,2021,42.0,2,1,0,2,4,26,1,,3,DOCTEUR BAUER(RUE DU) :NÂ° 1 AU 73,0,,2,2,0,1,0,1,1,, -1,1,0,1,50,28,10,1,93,93070,2,9,0,2,Rue du Docteur Bauer,48.90877,2.33952,7,2,2
202100045371,120Â 630,A01,1,1,1,4,2,6,-1,-1, -1,-1,2021,55.0,1,1,0,2,1,2,1,,4,BAYONNE DE,0,,2,2,0,1,0,0,1,, -1,1,0,1,50,2,4,1,64,64129,2,3,0,2,BAYONNE DE,43.29941,-0.39167,18,2,2
202100044593,122Â 010,B01,2,2,2,1,1,0,-1,0,0,-1,2021,33.0,3,2,0,2,4,23,1,,4,BOULEVARD ROMAIN ROLLAND,0,,1,6,0,1,(1),(1),1,, -1,2,0,1,50,9,4,5,75,75114,2,2,1,2,BOULEVARD ROMAIN ROLLAND,48.819866,2.325486,20,3,2
202100024262,158Â 300,A01,2,2,1,5,2,8,-1,-1, -1,-1,2021,14.0,1,1,0,0,0,26,1,,4,OUSSE DE L',0,,2,2,1,1,0,0,1,, -1,1,0,1,50,12,8,5,64,64335,2,1,0,7,OUSSE DE L',43.33,-0.4342,21,2,1
202100051339,109Â 904,B01,1,1,1,5,1,-1,-1,0,0,-1,2021,57.0,1,2,0,2,1,1,1,,3,4,-1,,2,2,0,1,0,800,1,, -1,1,0,1,80,17,2,1,62,62147,1,2,0,3,Rue de Ficheux,50.210664,2.748733,13,2,2
202100047877,116Â 162,A01,1,1,1,0,2,6,-1,0,0,-1,2021,28.0,1,1,0,2,3,1,1,,3,432,0,,2,2,0,1,5,342,1,, -1,1,0,1,50,17,3,1,26,26313,2,2,0,3,avenue de provence,44.974089,4.960327,13,2,2
202100046792,118Â 132,A01,1,1,1,5,8,0,-1,0,0,-1,2021,33.0,2,1,0,2,1,16,5,,4,RUE DUPETIT THOUARS,0,,1,1,2,1,(1),(1),1,, -1,1,-1,5,30,24,3,1,75,75103,2,3,0,1,RUE DUPETIT THOUARS,48.865144,2.362245,16,2,2
202100040396,129Â 401,A01,1,1,1,5,0,-1,-1,0,0,-1,2021,14.0,0,1,0,0,0,16,5,,4,1,0,,2,2,0,2,(1),(1),1,, -1,1,0,1,50,11,5,1,56,56118,2,1,0,7,Rue FranÃ§ois le LevÃ©,47.724348,-3.339774,19,1,1
202100016135,172Â 799,A01,10,3,2,2,8,8,-1,4,5,1,2021,11.0,1,2,0,1,3,1,1,,4,SERGENT BERNES CAMBOT DU,0,,2,3,1,1,0,0,1,, -1,1,0,1,30,27,9,1,64,64445,2,2,0,6,SERGENT BERNES CAMBOT DU,43.30494,-0.37052,7,2,1
202100017626,170Â 113,A01,1,1,1,5,1,8,-1,-1, -1,-1,2021,90.0,1,2,0,2,3,9,0,,4,ALTKIRCH (RUE D'),0,,2,2,0,1,1,0,1,, -1,1,0,1,50,18,9,5,68,68066,2,3,0,3,ALTKIRCH (RUE D'),48.06939,7.33956,20,2,2
202100020576,164Â 854,B01,1,1,1,5,2,6,-1,-1, -1,-1,2021,37.0,1,1,0,2,1,1,1,,4,GUY MOCQUET (AV),0,,-1,1,0,1,1,0,1,, -1,1,0,1,30,6,9,1,94,94042,2,2,0,3,GUY MOCQUET (AV),48.82285,2.4725,17,2,2
202100020370,165Â 226,A01,1,1,1,1,2,6,9,0,0,-1,2021,24.0,2,1,15,2,2,1,1,,3,5,-1,,2,2,0,1,1,88,2,, -1,1,0,1,70,8,9,1,6,6118,1,1,0,3,897 Route de Saint Vallier,43.659951,6.793349,7,2,2
202100041329,127Â 731,B01,1,1,1,0,2,8,-1,-1, -1,-1,2021,17.0,2,1,0,2,1,1,1,,3,CHAMPIGNY (R DE),0,,2,1,0,1,1,0,1,, -1,1,0,1,50,5,5,1,94,94071,2,1,0,2,Rue de Champigny,48.772681,2.510209,13,2,2
202100006068,190Â 956,A01,1,1,1,0,1,-1,-1,0,0,-1,2021,26.0,2,2,13,0,1,2,1,,3,963,0,D,2,2,0,1,(1),(1),1,, -1,2,0,3,80,28,11,3,59,59012,1,1,1,7,D963,50.002498,4.094467,2,1,1
202100054356,104Â 599,A01,10,3,1,9,0,-1,-1,2,4,1,2021,27.0,2,1,0,1,3,17,1,,4,RUE DE LA CONVENTION,0,,2,2,0,1,(1),(1),1,, -1,1,0,1,50,20,1,1,75,75115,2,1,0,6,RUE DE LA CONVENTION,48.836641254,2.2984682141,14,2,1
202100029150,149Â 642,A01,1,1,2,1,2,6,-1,0,0,-1,2021,59.0,1,1,0,2,8,3,1,,4,BOULEVARD PERIPHERIQUE,0,,1,4,0,1,14,200,1,, -1,2,1,1,70,13,7,1,75,75116,2,1,0,3,BOULEVARD PERIPHERIQUE,48.862761,2.26515,16,2,2
202100035485,138Â 283,B01,1,1,1,0,8,0,-1,0,0,-1,2021,27.0,1,1,0,2,1,1,5,,4,GRANDE BRETAGNE (AVENUE DE),0,,2,2,3,1,(1),(1),1,, -1,1,0,1,50,9,6,1,63,63113,2,3,0,3,GRANDE BRETAGNE (AVENUE DE),45.77753,3.09526,7,2,2