Num_Acc,id_vehicule,num_veh,place,catu,sexe,trajet,secu1,secu2,secu3,locp,actp,etatp,year_acc,victim_age,senc,catv,obs,obsm,choc,manv,motor,occutc,catr,voie,v1,v2,circ,nbv,vosp,prof,pr,pr1,plan,lartpc,larrout,surf,infra,situ,vma,jour,mois,lum,dep,com,agg_,int,atm,col,adr,lat,long,hour,nb_victim,nb_vehicules
202100029544,148Â 985,B01,1,1,1,5,1,0,-1,-1, -1,-1,2021,71.0,1,2,0,2,1,2,1,,1,A51-Sens Marseille vers Aix en Provence,0,,1,2,0,1,10,0,1,, -1,1,0,1,90,10,7,1,13,13015,1,1,0,2,A51-Sens Marseille vers Aix en Provence,43.47088,5.40728,16,2,2
202100037781,134Â 127,A01,1,1,2,1,1,-1,-1,-1, -1,-1,2021,21.0,3,2,0,2,3,19,1,,4,VOISIN (RUE GABRIEL),0,,2,2,0,1,(1),(1),1,, -1,1,0,1,50,27,5,1,51,51454,2,3,0,3,Rue Gabriel Voisin,49.2330269596,4.0674695785,16,2,2
202100041716,127Â 044,A01,1,1,1,2,0,-1,-1,0,0,-1,2021,14.0,1,1,0,2,3,25,5,,3,80,0,,2,2,0,1,(1),(1),2,, -1,1,5,1,50,3,5,1,14,14020,2,6,1,3,Rue de la Gare,49.121089,-0.174144,8,2,2
202100010107,183Â 640,A01,1,1,1,0,1,0,-1,-1, -1,-1,2021,25.0,2,2,13,0,1,0,1,,1,A55-Sens Martigues vers Marseille,0,,3,2,0,1,19,100,1,, -1,1,0,3,110,31,10,3,13,13043,1,1,0,7,A55-Sens Martigues vers Marseille,43.38382,5.23253,1,1,1
202100030417,147Â 399,A01,1,1,1,1,2,0,-1,0,0,-1,2021,29.0,1,1,0,2,1,2,3,,4,BOULEVARD PONIATOWSKI,0,,2,3,0,1,(1),(1),1,, -1,1,0,1,50,6,7,1,75,75112,2,2,0,2,BOULEVARD PONIATOWSKI,48.831658,2.397868,8,2,2
202100008192,187Â 077,A01,7,2,2,2,1,3,-1,0,0,-1,2021,4.0,1,2,0,2,1,15,1,,3,D40,0,,2,2,0,1,3,990,1,,3,2,0,1,90,15,11,1,45,45104,1,3,0,1,D40-PR3+990,48.046053,2.706934,8,3,2
202100042969,124Â 867,A01,1,1,2,0,1,-1,-1,0,0,-1,2021,23.0,1,2,13,0,2,0,1,,3,210,0,D,2,2,0,1,3,100,2,, -1,1,0,1,80,24,4,3,58,58120,1,1,0,6,La Gare,47.242426,3.905983,1,1,1
202100035536,138Â 189,B01,1,1,1,9,2,0,-1,0,0,-1,2021,38.0,1,0,0,2,1,2,3,,4,BOULEVARD NEY,0,,2,2,0,1,(1),(1),1,, -1,1,0,1,50,9,6,1,75,75118,2,1,0,3,BOULEVARD NEY,48.898448,2.366288,16,2,2
202100014779,175Â 292,A01,1,1,1,5,1,0,-1,-1, -1,-1,2021,78.0,3,2,0,2,1,13,1,,3,RAYMOND POINCARE  (AVENUE),0,,2,2,0,1,53,514,1,, -1,1,0,1,50,6,10,1,77,77243,2,1,0,1,RAYMOND POINCARE  (AVENUE),48.8729025282,2.7264454718,15,2,2
202100048144,115Â 691,B01,1,1,1,5,8,0,-1,0,0,-1,2021,56.0,1,0,0,2,7,0,3,,4,CALIFORNIE (AV.) (DU 23-25 AU 199-210),0,,2,4,3,1,(1),(1),1,, -1,1,4,6,50,13,3,1,6,6088,2,1,0,1,CALIFORNIE (AV.) (DU 23-25 AU 199-210),43.68158,7.23136,15,2,2
202100018974,167Â 718,B01,1,1,1,0,2,8,-1,-1, -1,-1,2021,24.0,1,1,0,2,1,1,1,,7,RABATAU (BOULEVARD),0,,2,4,0,1,0,0,1,, -1,1,8,1,50,14,9,5,13,13208,2,1,0,2,RABATAU (BOULEVARD),43.2787,5.3993,23,2,2
202100019317,167Â 097,B01,1,1,1,0,8,-1,-1,-1, -1,-1,2021,32.0,1,1,0,2,1,26,0,,4,LAFAYETTE                           (CO),0,,1,1,1,1,(1),(1),1,, -1,1,0,1,30,11,9,1,69,69383,2,1,0,6,LAFAYETTE (CR),45.7636971548,4.8669192195,19,2,2
202100054813,103Â 822,B01,1,1,1,5,2,6,-1,0,0,-1,2021,44.0,2,1,0,0,1,1,1,,3,2,0,,2,2,0,1,21,300,1,, -1,1,0,1,80,17,1,2,29,29174,1,1,0,5,D2 - Kerlavar,47.8972936104,-4.2702264543,18,3,3
202100050245,111Â 904,A01,2,2,2,5,1,-1,-1,0,0,-1,2021,58.0,2,2,3,0,7,1,1,,1,4,0,A,3,4,0,2,295,800,3,, -1,2,0,3,130,26,2,1,54,54371,1,1,1,6,AUTOROUTE A4 ,49.1993792,5.9324965,9,2,1
202100035318,138Â 579,A01,1,1,1,9,2,2,-1,0,0,-1,2021,17.0,1,1,1,2,1,1,1,,4,ROUTE SAINT HUBERT,0,,1,1,0,1,(1),(1),1,, -1,1,0,1,50,10,6,1,75,75112,2,1,0,3,ROUTE SAINT HUBERT,48.827307,2.449919,20,2,2
202100024332,158Â 178,A01,1,1,1,5,1,0,-1,-1, -1,-1,2021,28.0,2,2,4,0,3,1,1,,3,986,0,,3,2,0,1,1,0,1,, -1,1,8,1,30,13,8,5,92,92019,2,3,0,6,DIVISION LECLERC (AVENUE DE LA),48.7619580375,2.2863578796,1,2,1
202100014538,175Â 718,A01,1,1,1,5,2,6,-1,-1, -1,-1,2021,26.0,2,1,0,2,1,0,1,,1,A4.W,0,,-1,3,0,1,21,300,1,, -1,1,0,1,110,8,10,2,77,77468,1,1,0,2,A4.W,48.832479,2.663401,18,2,2
202100019107,167Â 476,B01,1,1,2,0,1,0,-1,-1, -1,-1,2021,21.0,1,2,0,2,4,2,1,,1,Autoroute A31,0,,3,6,0,1,313,0,1,, -1,1,0,1,70,12,9,3,57,57433,1,1,0,2,Autoroute A31,49.19733,6.17528,3,2,2
202100045033,121Â 229,A01,1,1,1,0,1,5,-1,-1, -1,-1,2021,39.0,1,2,6,0,1,16,1,,4,JEAN NESMY (RUE),0,,2,2,0,1,0,0,4,, -1,2,0,4,50,5,4,5,10,10387,2,1,0,6,JEAN NESMY (RUE),48.29419,4.09018,22,1,1
202100048726,114Â 663,B01,1,1,2,5,0,-1,-1,0,0,-1,2021,73.0,2,1,0,2,8,2,5,,3,17,-1,,2,2,0,1,0,400,1,, -1,1,0,1,80,9,3,1,42,42338,1,1,1,3,Route de Perreux,46.090176,4.120345,17,2,2
202100043051,124Â 721,A01,1,1,1,1,2,6,-1,0,0,-1,2021,55.0,1,1,3,0,1,17,1,,3,D1032,0,,2,2,0,1,14,0,3,, -1,1,0,1,80,21,4,1,2,2212,1,1,0,6,D1032,49.63384,3.27861,11,2,2
202100030626,147Â 013,A01,2,2,1,5,2,6,-1,0,0,-1,2021,16.0,1,1,2,0,3,26,1,,3,33,0,D,2,2,0,1,25,975,1,,"7,4",1,0,4,50,5,7,5,79,79195,2,6,0,6,44 Avenue Saint-Hubert,46.946591,-0.594123,23,2,1
202100025072,156Â 839,A01,5,2,1,1,8,-1,-1,0,0,-1,2021,55.0,1,2,13,0,1,0,1,,3,d24,-1,,2,2,0,1,19,898,1,, -1,1,0,3,80,9,8,1,34,34272,1,1,0,7,D24,43.650037,4.09874,12,8,1
202100029613,148Â 853,A01,2,2,1,0,2,8,-1,-1, -1,-1,2021,20.0,1,1,0,2,3,26,1,,3,,0,,2,2,0,1,51,130,1,, -1,1,0,1,50,9,7,1,7,7281,2,1,0,3,ONZE NOVEMBRE (AVENUE DU),44.94756,4.84462,16,3,2
202100030215,147Â 757,A01,1,1,2,4,2,6,-1,0,0,-1,2021,58.0,1,1,0,2,3,3,1,,4,BOULEVARD PERIPHERIQUE,0,,1,4,0,1,14,100,1,, -1,1,0,1,70,7,7,1,75,75116,2,1,0,3,BOULEVARD PERIPHERIQUE,48.861934,2.2646,15,2,2
202100021453,163Â 298,B01,1,1,1,5,8,0,-1,-1, -1,-1,2021,16.0,2,1,0,2,3,10,3,,4,VIGNAT (RUE EUGENE),0,,1,1,0,2,1,0,1,, -1,1,6,1,40,1,9,1,45,45234,2,1,0,3,VIGNAT (RUE EUGENE),47.90975,1.9112,15,4,2
202100018929,167Â 808,A01,1,1,1,0,8,0,-1,-1, -1,-1,2021,52.0,1,1,0,2,1,1,5,,4,SOULTZ (RUE DE),0,,3,3,1,1,0,0,1,, -1,1,0,5,50,13,9,1,67,67482,2,1,0,3,SOULTZ (RUE DE),48.56541,7.77696,17,2,2
202100005745,191Â 530,C01,1,1,1,5,1,-1,-1,-1, -1,-1,2021,20.0,2,2,0,2,3,1,1,,7,AVENUE RITONDALE LEOPOLD,0,,3,6,0,1,12,750,1,, -1,1,0,1,50,28,11,5,83,83069,2,1,0,5,AVENUE RITONDALE LEOPOLD,43.11359,6.12963,21,3,3
202100047713,116Â 459,A01,1,1,2,0,1,-1,-1,-1, -1,-1,2021,30.0,1,2,2,2,9,17,1,,4,GARIBALDI                           (R ),0,,1,3,3,1,(1),(1),1,, -1,1,0,1,50,8,3,5,69,69386,2,2,0,3,GARIBALDI  (R),45.76739,4.85074,5,2,2
202100051147,110Â 247,B01,1,1,2,0,2,6,-1,-1, -1,-1,2021,37.0,1,1,0,2,1,17,1,,4,kaweni-Grande Traverse (rue de la),0,,2,0,0,1,0,0,1,, -1,1,0,1,50,17,2,1,976,97611,2,1,0,3,kaweni-Grande Traverse (rue de la),-12.77254,45.2249,15,2,2
202100043396,124Â 097,B01,2,2,2,5,1,4,-1,-1, -1,-1,2021,46.0,1,2,0,2,3,11,1,,1,A507 sens Marseille - Aubagne,0,,1,4,0,1,7,800,1,, -1,1,1,1,70,19,4,1,13,13055,1,1,0,3,A507 sens Marseille - Aubagne,43.3107592406,5.424477683,14,5,2
202100034038,140Â 919,A01,10,3,2,0,8,8,-1,3,3,1,2021,14.0,1,3,0,1,1,9,0,1.0,4,LEON BLUM      (Rue),0,,2,4,3,1,(1),(1),1,, -1,1,0,6,50,16,6,1,69,69266,2,1,0,6,LEON BLUM (R),45.76052,4.90437,13,2,1
202100053960,105Â 299,A01,1,1,1,5,2,0,-1,0,0,-1,2021,49.0,1,1,0,2,1,17,5,,4,AVENUE GEORGES LAFONT,0,,2,1,0,1,(1),(1),1,, -1,1,0,1,50,22,1,5,75,75116,2,1,0,3,AVENUE GEORGES LAFONT,48.8371651035,2.2567087412,18,2,2
202100016275,172Â 543,A01,1,1,2,5,0,-1,-1,0,0,-1,2021,59.0,1,0,12,0,1,16,3,,3,916,-1,,2,2,0,2,27,200,3,, -1,1,0,1,50,26,9,1,62,62652,2,3,0,6,Rue de Lillers,50.483808,2.414659,17,2,2
202100027847,151Â 941,B01,2,2,2,5,1,-1,-1,0,0,-1,2021,60.0,2,2,0,2,4,2,1,,3,D22,-1,,2,2,0,1,(1),(1),1,, -1,1,0,1,80,22,7,1,84,84003,1,1,0,2,D22 -- intersection chemin des coulets,43.896779,5.431795,12,5,2
202100009445,184Â 817,A01,10,3,1,3,0,-1,-1,3,3,1,2021,85.0,3,2,0,1,2,2,1,,6,QUATORZE JUILLET   RUE DU,0,,-1,-1,0,1,(1),(1),1,, -1,1,6,6,30,3,11,1,17,17291,2,1,1,6,QUATORZE JUILLET   RUE DU,46.17489,-1.11636,16,2,1
202100019611,166Â 583,A01,10,3,2,-1,0,-1,-1,2,3,1,2021,38.0,3,2,0,1,0,1,-1,,4,,-1,,2,2,-1,1,(1),(1),1,,5,1,5,1,-1,10,9,1,27,27229,2,6,0,6,SAINT ANDRE (ROUTE DE),49.0099,1.16666,16,2,1
202100040688,128Â 896,A01,2,2,1,5,0,-1,-1,0,0,-1,2021,23.0,1,1,0,0,0,0,1,,2,,-1,,2,2,0,1,5,600,1,, -1,2,0,3,60,9,5,3,987,98745,1,1,1,7,Murifenua,-16.600452,-151.540233,2,2,1
202100016374,172Â 365,B01,2,2,1,0,2,0,-1,-1, -1,-1,2021,17.0,3,1,0,2,1,0,1,,4,ODESSA (RUE D'),0,,2,4,0,1,0,0,1,, -1,1,0,1,50,28,9,1,93,93008,2,2,0,3,ODESSA (RUE D'),48.9092930819,2.4661383035,19,3,2
202100030212,147Â 763,A01,1,1,1,5,2,0,-1,0,0,-1,2021,16.0,1,1,0,2,1,18,1,,4,PUGETS MOYENNE CORNICHE DES,0,,2,2,0,2,(1),(1),2,, -1,1,0,1,70,7,7,1,6,6123,1,1,0,3,PUGETS MOYENNE CORNICHE DES,43.69215,7.1792,16,2,2
202100042522,125Â 615,A01,1,1,1,0,2,6,-1,0,0,-1,2021,18.0,0,1,6,9,0,13,1,,4,,0,,2,2,0,2,(1),(1),1,, -1,1,0,1,50,27,3,1,79,79202,2,1,0,6,35 Rue de la Citadelle,46.650147,-0.251637,11,1,1
202100010139,183Â 574,A01,10,3,1,5,0,-1,-1,2,3,1,2021,50.0,2,2,0,1,2,21,1,,7,JEAN JAURES                         (AV),0,,2,2,0,1,2,300,1,, -1,1,0,1,50,30,10,5,69,69275,2,3,0,6,JEAN JAURES                         (AV),45.76843,4.94034,21,2,1
202100005515,191Â 936,A01,10,3,2,5,4,-1,-1,4,3,1,2021,62.0,3,2,0,1,2,1,1,,4,CLEMENCEAU (AVENUE GEORGES),0,,2,4,0,1,1,0,1,, -1,1,0,6,50,28,11,5,14,14118,2,1,0,6,CLEMENCEAU (AVENUE GEORGES),49.18823,-0.3513,17,2,1
202100026869,153Â 692,A01,10,3,1,5,0,-1,-1,1,3,1,2021,36.0,1,2,0,1,1,0,1,,3,JEAN JAURES (AVENUE),0,,2,2,0,1,1,0,1,, -1,2,0,1,50,25,7,2,93,93032,2,1,1,6,Avenue Jean JaurÃ¨s,48.88368,2.53009,6,2,1
202100048578,114Â 921,B01,3,2,2,1,1,0,-1,0,0,-1,2021,57.0,1,2,0,2,1,15,1,,4,QUAI FRANCOIS MITTERRAND,0,,1,5,0,1,(1),(1),1,, -1,1,0,1,50,7,3,5,75,75101,2,7,0,3,QUAI FRANCOIS MITTERRAND,48.860118,2.333332,18,3,2
202100032046,144Â 471,A01,1,1,1,5,1,-1,-1,0,0,-1,2021,28.0,1,2,0,0,0,0,1,,3,45,0,D,2,2,0,2,1,0,1,, -1,1,0,1,80,27,6,3,84,84026,1,1,0,7,"DÃ©partementale 45, route de Vaugines",43.739662,5.388966,4,1,1
202100003262,195Â 932,B01,1,1,1,9,2,6,-1,0,0,-1,2021,28.0,2,1,0,2,1,1,1,,4,BOULEVARD ARAGO,0,,2,4,2,1,(1),(1),1,, -1,2,0,1,30,12,12,5,75,75113,2,2,1,3,BOULEVARD ARAGO,48.834949,2.344996,19,2,2
202100041314,127Â 759,A01,1,1,1,1,2,6,-1,0,0,-1,2021,37.0,2,1,0,1,1,1,1,,4,AVENUE D IENA,0,,2,2,0,1,(1),(1),1,, -1,2,0,1,50,4,5,1,75,75116,2,7,1,6,AVENUE D IENA,48.872488,2.295244,8,2,1
202100021315,163Â 552,B01,1,1,1,0,8,0,-1,-1, -1,-1,2021,23.0,3,1,0,2,3,0,3,,3,JAURES (AVENUE JEAN),0,,3,4,0,1,0,0,1,, -1,1,0,1,50,2,9,1,93,93008,2,1,0,3,JAURES (AVENUE JEAN),48.90056,2.44151,9,2,2
202100038553,132Â 730,A01,2,2,2,5,2,6,-1,0,0,-1,2021,19.0,2,1,6,0,1,2,1,,3,339,0,,2,2,0,1,0,288,1,, -1,1,0,4,50,25,5,2,62,62361,2,3,0,6,47 Rue du GÃ©nÃ©ral de Gaulle,50.276423,2.29559,20,2,1
202100013813,177Â 004,A01,2,2,1,0,2,8,-1,-1, -1,-1,2021,31.0,2,1,0,2,1,13,1,,2,RN5-BOISRIPEAUX,0,,3,1,0,1,(1),(1),1,, -1,2,0,1,70,9,10,3,971,97101,1,9,1,2,RN5-BOISRIPEAUX,16.2794021261,-61.5079021454,18,3,2
202100042277,126Â 059,B01,1,1,1,1,2,0,-1,-1,0,-1,2021,35.0,1,1,0,2,8,2,1,,1,AUTOROUTE A15,0,,3,9,0,1,23,700,1,, -1,1,0,1,90,28,4,1,95,95500,1,1,0,5,AUTOROUTE A15,49.0383130344,2.088157184,18,4,4
202100012300,179Â 747,B01,1,1,2,0,2,6,-1,0,0,-1,2021,31.0,3,1,0,2,1,1,1,,4,,0,A,2,2,0,4,(1),(1),1,, -1,1,5,1,50,19,10,2,56,56184,2,3,0,3,"intersection rue des bruyÃ¨res, rue de beau soleil",47.65384,-2.441196,19,2,2
202100017075,171Â 106,A01,10,3,2,9,0,-1,-1,0,0,-1,2021,23.0,1,0,0,1,3,1,3,,4,RUE DU BAC,0,,2,2,0,1,(1),(1),1,, -1,1,0,1,30,23,9,1,75,75107,2,3,0,6,RUE DU BAC,48.856438,2.326548,17,2,1
202100055928,101Â 907,A01,10,3,2,2,0,-1,-1,4,3,1,2021,16.0,0,2,0,1,2,16,1,,5,MAINE DE BIRAN (BOULEVARD),0,,-1,1,0,1,0,1,1,, -1,1,0,1,50,7,1,5,24,24037,2,1,0,6,MAINE DE BIRAN (BOULEVARD),44.85695,0.47512,7,2,1
202100031642,145Â 195,A01,10,3,2,5,0,-1,-1,2,3,1,2021,12.0,2,2,0,1,2,1,1,,3,,0,,2,2,0,1,3,500,1,,4,1,0,1,50,30,6,1,51,51662,2,3,0,7,Avenue de Reims,49.289597,4.119262,17,2,1
202100024380,158Â 105,B01,2,2,2,5,2,-1,-1,0,0,-1,2021,16.0,3,1,0,2,1,15,1,,4,,-1,,2,2,0,1,(1),(1),3,,3,1,0,1,50,13,8,1,35,35184,2,3,0,1,Rue de la Corderie,48.201466,-2.04085,18,4,2
202100040684,128Â 902,A01,2,2,1,5,0,-1,-1,0,0,-1,2021,5.0,3,1,13,0,0,26,1,,4,rue,-1,,2,2,0,2,(1),(1),1,, -1,1,0,3,50,9,5,1,67,67388,2,1,0,7,17 Rue de la Vallee Nehwiller,48.965608,7.701438,17,2,1
202100026319,154Â 646,B01,1,1,1,0,2,6,-1,-1, -1,-1,2021,64.0,2,1,0,2,1,1,1,,3,BOURGES (ROUTE DE),0,,3,2,0,1,1,0,1,, -1,1,0,1,50,29,7,1,18,18050,2,1,0,3,BOURGES (ROUTE DE),47.0655,2.32484,10,2,2
202100049072,114Â 044,A01,1,1,1,0,2,0,-1,-1, -1,-1,2021,60.0,3,1,15,0,1,1,1,,4,CROIX GEORGETTE (RTE DE LA),0,,2,4,2,1,0,0,1,, -1,1,0,1,50,5,3,2,72,72003,2,1,0,6,CROIX GEORGETTE (RTE DE LA),47.9826,0.15051,7,1,1
202100008414,186Â 696,A01,10,3,2,5,0,-1,-1,3,3,1,2021,87.0,0,2,0,1,2,20,1,,7,561,0,A,2,2,0,2,(1),(1),4,, -1,1,0,8,30,20,10,1,13,13084,2,9,0,1,Rue Louis Emmanuel de Florans,43.716257,5.311205,16,2,1
202100049731,112Â 855,A01,1,1,1,0,2,6,-1,-1, -1,-1,2021,19.0,2,1,0,2,3,3,1,,1,AUTOROUTE A6,0,,1,3,0,1,11,300,1,, -1,1,0,1,110,1,3,1,91,91689,1,1,0,3,AUTOROUTE A6,48.72208,2.3117,17,2,2
202100018427,168Â 689,A01,1,1,2,5,8,0,-1,-1, -1,-1,2021,36.0,1,1,0,0,0,0,3,,3,JEAN LOLIVE (AVENUE)(55/73.62/86),0,,1,0,1,1,0,0,1,, -1,1,9,5,30,17,9,1,93,93055,2,1,0,1,55-73 Avenue Jean Lolive,48.891379,2.403097,16,2,2
202100049242,113Â 738,A01,1,1,1,2,2,6,-1,-1, -1,-1,2021,17.0,1,1,0,2,2,2,1,,3,FOIX (AVENUE LOUIS DE),0,,2,2,0,2,0,890,1,, -1,1,0,1,30,3,3,1,64,64102,2,1,0,2,FOIX (AVENUE LOUIS DE),43.50745,-1.46734,13,2,2
202100004450,193Â 810,A01,1,1,1,5,1,-1,-1,0,0,-1,2021,20.0,1,2,0,2,2,15,1,,3,562,0,,2,2,0,1,49,250,1,, -1,1,0,1,80,7,12,3,83,83028,1,3,0,3,Jonction D225 et D562,43.572269,6.534306,18,2,2
202100055504,102Â 633,A01,1,1,2,5,1,0,-1,-1, -1,-1,2021,78.0,2,2,0,2,1,9,1,,4,MARÃCHAL DE LATTRE (AVENUE),0,,3,1,0,2,(1),(1),1,, -1,1,0,1,50,11,1,5,13,13209,2,4,0,1,MARÃCHAL DE LATTRE (AVENUE),43.246,5.41962,6,2,2
202100042529,125Â 605,A01,1,1,1,5,2,6,-1,0,0,-1,2021,17.0,3,1,6,0,1,13,1,,4,,-1,,2,2,0,1,(1),(1),3,, -1,1,0,1,50,25,4,1,49,49125,2,1,0,6,Rue des Acacias (Saint-Georges-sur-Layon),47.18657,-0.377596,8,1,1
202100002945,196Â 510,C01,2,2,2,5,1,7,-1,0,0,-1,2021,69.0,3,2,0,2,1,1,1,,4,NATIONALE 13 (ROUTE),0,,1,2,0,1,(1),(1),1,, -1,2,0,1,70,14,12,5,27,27229,1,1,0,5,NATIONALE 13 (ROUTE),49.01545,1.18125,17,5,4
202100023488,159Â 643,A01,1,1,1,1,2,6,-1,0,0,-1,2021,46.0,1,1,0,2,1,1,1,,3,13,-1,,2,2,0,2,3,890,4,, -1,1,0,1,80,20,8,1,74,74208,1,3,0,2,Avenue RenÃ© Raffort Deruttet,45.924558,6.668615,10,2,2
202100023948,158Â 826,B01,1,1,2,9,1,-1,-1,0,0,-1,2021,58.0,1,2,0,2,1,1,1,,3,75,0,,2,2,0,1,7,700,1,, -1,1,0,1,80,12,8,1,38,38480,1,1,0,1,route dÃ©partementale 75,45.56151,4.981399,12,3,2
202100017962,169Â 520,A01,1,1,1,1,2,6,-1,-1, -1,-1,2021,51.0,1,1,16,0,8,26,1,,2,ROUTE NATIONALE 230,0,,3,6,0,1,43,599,1,, -1,2,0,1,90,20,9,1,33,33249,1,1,1,7,Rocade Rive Droite N230,44.878758,-0.509464,9,1,1
202100002021,198Â 179,A01,10,3,1,5,0,-1,-1,2,9,3,2021,28.0,3,4,0,1,0,1,1,,6,GARE MARITIME(voies d'embarquement),0,,-1,0,0,1,(1),(1),1,, -1,1,0,6,50,19,12,3,50,50129,2,1,0,6,GARE MARITIME(voies d'embarquement),49.64387,-1.60666,7,2,1
202100029074,149Â 777,B01,2,1,2,0,1,8,-1,-1, -1,-1,2021,34.0,2,2,0,2,6,26,1,,2,RN3 (1),0,,3,4,0,4,58,0,1,, -1,1,0,3,110,12,7,1,974,97416,1,1,0,3,RN3 (1),-21.31752,55.49051,8,3,2
202100010452,183Â 038,B01,1,1,2,5,1,-1,-1,-1, -1,-1,2021,40.0,2,2,0,2,4,2,2,,7,RD383   3.750 A 7.640,0,,3,4,0,1,5,400,1,, -1,1,0,1,70,23,10,1,69,69266,1,1,0,2,D383   3.750 A 7.640,45.7702595719,4.9027387798,11,4,2
202100030459,147Â 327,A01,1,1,1,0,1,-1,-1,0,0,-1,2021,20.0,2,2,0,2,1,13,1,,3,11,-1,,2,2,0,2,11,800,1,,5,1,0,1,80,7,7,1,80,80624,1,1,0,1,D11,50.005874,2.380694,16,2,2
202100042774,125Â 190,B01,1,1,1,0,2,6,9,0,0,-1,2021,30.0,1,1,0,2,1,2,1,,3,948,0,D,2,2,0,1,(1),(1),1,, -1,1,0,1,50,25,4,1,91,91179,2,2,0,1,Rue de Milly,48.566277,2.481406,14,2,2
202100018312,168Â 890,A01,1,1,1,0,2,8,-1,-1, -1,-1,2021,59.0,3,1,12,0,1,1,1,,4,FORBIN (AVE DE),0,,1,1,0,1,0,0,3,, -1,1,0,1,50,17,9,3,83,83137,2,1,0,7,FORBIN (AVE DE),43.124082608,5.9648358822,20,1,1
202100008976,185Â 669,A01,1,1,1,9,2,8,-1,-1, -1,-1,2021,36.0,1,1,0,2,7,9,1,,3,GALLIENI (AV.) DE 177 A 211,0,,3,4,0,1,1,0,1,, -1,1,5,8,50,7,11,5,93,93010,2,5,0,3,GALLIENI (AV.) DE 177 A 211,48.90724,2.48811,21,2,2
202100000578,200Â 669,B01,1,1,1,1,1,8,-1,-1, -1,-1,2021,42.0,0,2,0,2,3,9,0,,4,MONTFAVET (Route),0,,-1,2,0,1,0,100,1,, -1,1,0,1,50,22,12,1,84,84007,2,1,0,5,MONTFAVET (Route),43.94185,4.82317,12,3,3
202100010846,182Â 339,B01,2,2,1,0,8,-1,-1,-1, -1,-1,2021,24.0,1,1,1,0,1,1,0,,4,,0,,2,3,3,1,(1),(1),1,, -1,2,0,1,50,26,10,5,69,69383,2,1,0,6,LACASSAGNE                          (AV),45.75437,4.86676,7,2,1
202100013028,178Â 462,A01,1,1,1,5,2,-1,-1,-1, -1,-1,2021,19.0,2,1,0,2,2,18,1,,4,SERGENT MICHEL BERTHET (DU)         (R ),0,,2,3,3,1,(1),(1),1,, -1,1,5,1,50,15,10,5,69,69389,2,6,0,3,SERGENT MICHEL BERTHET (DU) (R),45.7681610376,4.8054027975,21,2,2
202100035510,138Â 238,A01,10,3,1,0,0,-1,-1,9,1,2,2021,67.0,3,2,0,1,2,21,1,,4,DELACROIX (RUE EUGENE),0,,2,0,0,1,0,0,1,, -1,1,6,1,20,5,6,1,28,28085,2,1,0,3,DELACROIX (RUE EUGENE),48.44434,1.48453,15,2,1
202100045409,120Â 563,A01,1,1,2,0,2,8,-1,-1, -1,-1,2021,25.0,1,1,0,2,1,5,1,,4,SAKAKINI (BOULEVARD),0,,2,4,0,1,0,0,1,, -1,1,0,1,50,2,4,1,13,13205,2,1,0,1,SAKAKINI (BOULEVARD),43.2931145761,5.4014210955,16,2,2
202100047611,116Â 650,B01,2,2,1,9,1,8,-1,-1, -1,-1,2021,28.0,2,2,0,2,1,1,1,,3,ROCADE OUEST (RD 910),0,,4,5,0,1,53,400,1,, -1,2,0,1,50,16,3,3,86,86194,2,1,1,3,Rocade ouest,46.600099,0.322043,19,4,2
202100011411,181Â 323,B01,2,2,2,5,1,0,-1,0,0,-1,2021,26.0,1,2,0,2,4,23,1,,4,PORTE D AUTEUIL,0,,1,2,0,2,(1),(1),1,, -1,1,1,1,50,22,10,5,75,75116,2,4,0,2,PORTE D AUTEUIL,48.84454,2.25535,2,3,2
202100053281,106Â 495,A01,1,1,1,5,0,-1,-1,0,0,-1,2021,41.0,1,2,17,0,2,1,1,,2,10,-1,,2,2,0,1,145,66,3,, -1,1,9,3,-1,30,1,5,202,202346,1,1,0,6,Torra,42.507176,9.46102,18,1,1
202100004015,194Â 563,A01,1,1,1,2,2,6,-1,-1, -1,-1,2021,14.0,2,1,0,2,1,2,1,,3,HENRI DE NAVARRE (AVENUE),0,,2,2,0,1,85,297,1,, -1,2,0,1,50,6,12,1,64,64102,2,1,1,2,HENRI DE NAVARRE (AVENUE),43.51123,-1.44107,16,2,2
202100039901,130Â 269,A01,1,1,1,5,1,4,-1,-1,0,-1,2021,37.0,1,2,4,0,1,9,1,,1,AUTOROUTE A15,0,,3,6,0,2,21,500,3,, -1,2,3,1,50,15,5,1,95,95572,1,1,1,6,A15,49.0327269433,2.1122574789,16,1,1
202100015989,173Â 086,B01,1,1,1,1,2,5,6,0,0,-1,2021,50.0,1,1,0,2,1,1,1,,3,16,-1,D,2,2,0,1,55,525,3,, -1,1,0,1,80,30,9,1,76,76208,1,1,0,5,Route de Dampierre,49.503085,1.707366,11,3,3
202100008171,187Â 116,B01,2,2,1,4,1,-1,-1,0,0,-1,2021,51.0,2,5,0,2,2,1,1,,3,79,-1,,2,2,0,1,5,150,1,, -1,2,0,1,90,15,11,1,51,51545,1,1,1,1,D79,48.745659,4.212586,16,3,2