Num_Acc,id_vehicule,num_veh,place,catu,sexe,trajet,secu1,secu2,secu3,locp,actp,etatp,year_acc,victim_age,senc,catv,obs,obsm,choc,manv,motor,occutc,catr,voie,v1,v2,circ,nbv,vosp,prof,pr,pr1,plan,lartpc,larrout,surf,infra,situ,vma,jour,mois,lum,dep,com,agg_,int,atm,col,adr,lat,long,hour,nb_victim,nb_vehicules
202100010701,182Â 597,B01,1,1,1,5,8,0,-1,0,0,-1,2021,77.0,3,1,0,2,4,0,5,,7,FOREST (AVENUE FERNAND),0,,3,5,0,1,(1),(1),1,, -1,1,0,1,70,19,10,1,63,63113,1,1,0,2,FOREST (AVENUE FERNAND),45.79545,3.10436,14,2,2
202100026809,153Â 802,B01,3,2,1,0,8,0,-1,-1, -1,-1,2021,6.0,1,2,0,2,1,1,1,,4,INDUSTRIE (RUE DE L'),0,,2,2,0,1,(1),(1),1,, -1,1,0,1,50,25,7,1,59,59512,2,2,0,1,INDUSTRIE (RUE DE L'),50.68813,3.16306,18,5,2
202100001485,199Â 133,A01,1,1,2,0,1,0,-1,-1, -1,-1,2021,51.0,2,2,0,2,3,19,1,,3,MONTESQUIEU,0,,1,1,0,1,1,0,1,, -1,2,3,1,70,24,12,1,22,22187,1,3,1,3,MONTESQUIEU,48.5410686172,-2.8314514152,14,2,2
202100043098,124Â 638,B01,1,1,1,5,2,-1,-1,0,0,-1,2021,36.0,1,1,0,2,1,1,5,,3,23,0,,2,2,0,1,0,1,3,, -1,1,0,1,50,23,4,1,5,5132,2,3,0,1,Route de la Motte,44.684285,6.075193,17,2,2
202100022766,160Â 904,A01,1,1,1,1,1,-1,-1,-1, -1,-1,2021,40.0,1,2,4,0,1,1,1,,1,A43   9.894 A 13.029,0,,3,8,0,1,11,0,1,, -1,1,0,1,130,24,8,2,69,69287,1,1,0,1,A43 ,45.6843,5.00558,6,2,2
202100054780,103Â 876,Z01,10,3,1,5,0,-1,-1,3,3,3,2021,5.0,2,2,0,1,7,1,2,,4,RUE DE L ABBE ROUSSELOT,0,,1,1,0,1,(1),(1),1,, -1,5,0,1,30,16,1,1,75,75117,2,3,1,6,RUE DE L ABBE ROUSSELOT,48.889928,2.300144,12,5,1
202100047049,117Â 673,A01,10,3,1,3,0,-1,-1,4,3,1,2021,89.0,1,2,0,1,2,1,1,,2,PLOMB DU CANTAL (AVENUE DU),0,,3,4,0,1,48,461,1,, -1,1,5,1,50,21,3,1,15,15014,2,9,0,6,Avenue du Plomb du Cantal,44.91225,2.43686,8,2,1
202100006710,189Â 787,A01,1,1,1,5,2,6,-1,0,0,-1,2021,20.0,2,1,0,2,3,1,1,,3,,0,,2,2,0,1,4,640,1,, -1,1,0,1,30,22,11,1,6,6083,2,3,0,3,"SOLEIL (PROMENADE DU, NÂ° 850 A 960)",43.771666,7.4969397,13,2,2
202100035936,137Â 454,D01,1,1,2,0,1,0,-1,-1, -1,-1,2021,51.0,1,2,0,0,0,0,1,,2,RN 145,0,,-1,2,0,2,10,166,3,, -1,2,0,1,110,4,6,1,3,3101,1,9,0,4,RN 145,46.3332,2.53634,14,4,4
202100002511,197Â 287,A01,1,1,1,0,0,-1,-1,0,0,-1,2021,23.0,3,2,6,0,9,0,1,,4,,-1,,2,2,0,3,(1),(1),1,,4,2,5,3,50,19,12,4,29,29188,2,6,0,6,25 Rue de Mezmorvan,48.7032042405,-3.8337028032,5,2,1
202100038699,132Â 457,A01,1,1,1,9,1,-1,-1,0,0,-1,2021,86.0,2,5,2,0,1,6,1,,1,10,0,,3,4,0,1,370,0,3,, -1,1,0,3,130,22,5,1,79,79355,1,9,0,6,,46.306135,-0.358264,14,1,1
202100014180,176Â 347,B01,1,1,1,1,8,0,-1,-1, -1,-1,2021,36.0,2,4,0,2,6,26,1,,3,CASSIN (RUE RENE),0,,2,2,0,1,6,370,1,, -1,1,0,1,50,9,10,5,30,30007,2,1,0,2,CASSIN (RUE RENE),44.11174,4.10504,20,2,2
202100051896,108Â 939,A01,1,1,1,5,8,0,-1,0,0,-1,2021,82.0,1,1,0,2,1,13,5,,4,LEMOY (RUE ROBERT),0,,2,2,0,1,(1),(1),1,, -1,2,0,1,50,3,2,1,63,63113,2,1,0,3,LEMOY (RUE ROBERT),45.8171111341,3.1112966542,10,2,2
202100040742,128Â 787,B01,1,1,1,0,2,0,-1,-1, -1,-1,2021,22.0,3,1,0,0,0,0,1,,7,JAURES JEAN RUE DU 130 AU 252,0,,2,2,0,1,(1),(1),1,, -1,1,0,1,50,8,5,1,59,59009,2,9,0,3,JAURES JEAN RUE DU 130 AU 252,50.66501,3.14049,11,2,2
202100039571,130Â 853,C01,1,1,1,0,1,0,-1,-1, -1,-1,2021,42.0,1,0,0,2,4,1,1,,4,EIFFEL GUSTAVE RUE,0,,2,2,0,1,(1),(1),1,, -1,1,0,1,50,17,4,1,59,59328,2,1,0,5,EIFFEL GUSTAVE RUE,50.65866,3.01171,10,4,3
202100052592,107Â 718,B01,1,1,2,0,1,0,-1,-1, -1,-1,2021,38.0,2,2,0,2,4,2,1,,3,HENRI BARBUSSE (AVE) NÂ°126-280,0,,2,2,0,1,0,1,1,, -1,1,0,1,50,4,2,1,93,93029,2,1,0,2,HENRI BARBUSSE (AVE) NÂ°126-280,48.9225399477,2.4568414403,9,2,2
202100033950,141Â 079,A01,1,1,1,1,2,6,-1,0,0,-1,2021,58.0,2,1,0,2,1,1,1,,4,,0,,2,2,0,2,(1),(1),2,,7,1,1,1,50,18,6,1,6,6085,2,1,0,1,560 Chemin du Chateau,43.58587,7.001188,17,2,2
202100023008,160Â 500,A01,1,1,1,0,2,-1,-1,-1, -1,-1,2021,25.0,2,1,15,2,8,16,1,,4,GUILLOTIERE (DE LA)                 (GR),0,,1,1,2,1,(1),(1),1,, -1,1,0,4,50,2,8,1,69,69387,2,3,0,3,GUILLOTIERE (DE LA) (R),45.75151,4.84744,13,2,2
202100001409,199Â 258,A01,1,1,2,5,1,-1,-1,0,0,-1,2021,81.0,1,2,2,2,2,14,1,,2,85,-1,,2,2,0,1,18,100,1,, -1,2,0,1,80,25,12,2,4,4013,1,1,0,1,RN 85,44.113534,5.996883,17,2,2
202100015673,173Â 653,A01,1,1,1,5,2,6,-1,0,0,-1,2021,20.0,1,1,0,2,1,13,1,,3,82,-1,,2,2,0,1,1,0,3,, -1,1,0,1,80,2,10,1,67,67547,1,1,0,1,"RD 82, PR 1",48.272197,7.598441,15,5,2
202100039218,131Â 520,A01,1,1,1,5,2,6,-1,0,0,-1,2021,47.0,1,1,0,5,1,1,1,,3,0,0,,1,1,0,1,0,870,1,, -1,1,0,1,50,19,5,1,56,56069,2,1,0,6,22 Rue du PresbytÃ¨re,47.638957,-3.456198,18,1,1
202100006033,191Â 011,A01,10,3,2,3,0,-1,-1,1,3,1,2021,68.0,2,2,0,1,1,15,1,,3,,-1,,2,1,0,1,55,290,1,,3,2,0,1,50,27,11,2,81,81124,2,3,1,6,Rue du Temple,43.706638,2.692627,16,2,1
202100005402,192Â 138,A01,1,1,1,0,8,0,-1,-1, -1,-1,2021,45.0,1,1,0,2,1,1,3,,3,161,0,,1,0,1,1,0,0,1,, -1,1,0,5,50,1,12,5,92,92049,2,1,0,2,Avenue Max Dormoy,48.8099770875,2.3199766874,19,2,2
202100048422,115Â 204,B01,1,1,1,0,2,0,-1,-1, -1,-1,2021,28.0,2,1,0,2,4,1,0,,4,SAINT MITRE A FOUR DE BUZE (CHEMIN),0,,2,2,0,2,(1),(1),1,, -1,1,0,1,50,11,3,1,13,13213,2,1,0,2,SAINT MITRE A FOUR DE BUZE (CHEMIN),43.345293,5.416037,14,2,2
202100002442,197Â 406,A01,1,1,2,0,2,0,-1,-1, -1,-1,2021,44.0,3,1,0,2,1,26,3,,4,GEORGES POMPIDOU (RUE),0,,1,1,0,1,(1),(1),1,, -1,1,0,1,50,16,12,1,10,10387,2,1,0,3,GEORGES POMPIDOU (RUE),48.2876,4.08079,12,2,2
202100023361,159Â 858,B01,1,1,1,5,2,-1,-1,0,0,-1,2021,55.0,1,1,0,0,4,2,5,,3,24,0,D,2,2,0,2,25,270,2,, -1,1,0,1,80,18,8,2,7,7329,2,1,0,2,,44.598229,4.078074,18,2,2
202100033468,141Â 948,A01,1,1,1,9,1,-1,-1,0,0,-1,2021,26.0,2,2,0,2,1,13,1,,3,31,0,,2,2,0,1,20,18,2,, -1,2,0,1,80,19,6,1,35,35133,1,1,1,1,Canlou,48.163889,-2.0078,14,3,2
202100017633,170Â 100,B01,1,1,2,0,0,-1,-1,0,0,-1,2021,13.0,2,1,0,2,0,19,5,,4,DIEU (RUE DU VIEIL),0,,2,1,0,1,(1),(1),1,, -1,1,6,8,50,21,9,1,59,59152,2,7,0,3,DIEU (RUE DU VIEIL),50.76174,3.01173,16,2,2
202100027892,151Â 855,A01,1,1,1,9,8,-1,-1,0,0,-1,2021,23.0,0,1,0,2,1,19,3,,4,BEAUVAIS (RUE DE),0,,1,1,0,2,(1),(1),3,, -1,1,0,1,30,17,7,5,80,80021,2,1,0,1,BEAUVAIS (RUE DE),49.89291,2.29427,23,2,2
202100019151,167Â 396,A01,10,3,2,9,0,-1,-1,3,1,2,2021,12.0,0,1,0,1,4,1,0,,4,REPUBLIQUE (RUE DE LA ),0,,2,2,0,1,(1),(1),1,, -1,1,0,6,30,12,9,1,80,80021,2,2,0,6,REPUBLIQUE (RUE DE LA ),49.89201,2.29715,12,2,1
202100025140,156Â 718,A01,1,1,2,5,2,6,-1,0,0,-1,2021,28.0,2,1,0,2,1,11,1,,4,PORTE DE LA VILLETTE,0,,1,4,0,1,25,500,1,, -1,1,0,1,70,6,8,1,75,75119,2,1,0,2,PORTE DE LA VILLETTE,48.899586,2.392595,11,2,2
202100005322,192Â 275,A01,10,3,1,9,0,-1,-1,3,3,1,2021,20.0,3,2,0,1,1,26,1,,4,AVE J. CHABAN DELMAS,0,,2,2,0,1,(1),(1),1,, -1,2,0,1,50,1,12,2,33,33075,2,9,1,6,Boulevard Jacques Chaban-Delmas,44.87702,-0.57814,7,2,1
202100033142,142Â 516,B01,2,2,2,5,8,-1,-1,0,0,-1,2021,47.0,1,2,0,2,3,1,1,,1,10,0,,3,3,0,1,79,750,1,,"13,5",1,0,1,130,20,6,3,45,45008,1,1,0,3,A10 - PK 079+750,48.074151,1.849523,3,5,2
202100022031,162Â 251,B01,1,1,1,1,1,-1,-1,0,0,-1,2021,26.0,2,2,0,0,4,2,1,,3,649,-1,,2,2,0,1,78,(1),1,, -1,1,8,1,80,29,8,3,59,59232,1,1,0,2,rd 649,50.301471,3.721426,3,2,2
202100048814,114Â 512,A01,1,1,1,5,2,6,-1,0,0,-1,2021,19.0,2,1,0,2,1,5,1,,4,,-1,,2,2,0,2,(1),(1),3,, -1,1,0,1,30,27,2,1,35,35297,2,1,0,5,21 rue louison bobet,48.187643,-2.191122,14,3,3
202100047805,116Â 303,C01,1,1,2,0,1,0,-1,-1, -1,-1,2021,63.0,2,2,0,2,1,24,1,,4,LENOTRE (RUE),0,,3,-1,0,1,(1),(1),1,, -1,1,5,1,50,5,3,1,21,21231,2,3,0,5,LENOTRE (RUE),47.3099290185,5.0455838442,12,3,3
202100034566,139Â 932,A01,1,1,1,5,1,-1,-1,-1, -1,-1,2021,46.0,3,2,8,0,0,1,1,,4,ST BONNET DE MURE (DE)              (CH),0,,2,2,0,1,(1),(1),1,, -1,1,0,1,50,13,6,2,69,69290,1,1,0,6,SAINT BONNET DE MURE (DE) (CH),45.6904131478,4.9738240242,21,1,1
202100033794,141Â 361,B01,1,1,1,0,2,0,-1,-1, -1,-1,2021,29.0,1,1,0,2,1,1,1,,3,HERRIOT (AVE EDOUARD),0,,2,2,0,1,27,420,1,, -1,1,0,1,50,17,6,1,83,83137,2,1,0,3,HERRIOT (AVE EDOUARD),43.12907,5.90169,19,2,2
202100005383,192Â 168,A01,1,1,2,1,2,0,-1,0,0,-1,2021,30.0,1,1,0,2,1,17,5,,4,RUE DU FAUBOURG SAINT DENIS,0,,2,2,1,1,(1),(1),1,, -1,2,0,5,30,1,12,2,75,75110,2,1,1,3,RUE DU FAUBOURG SAINT DENIS,48.8705,2.353057,7,2,2
202100055634,102Â 407,A01,1,1,1,5,0,-1,-1,0,0,-1,2021,62.0,2,1,13,0,9,14,1,,2,1,-1,,2,2,0,3,313,413,2,, -1,2,0,3,110,11,1,1,988,98831,1,1,1,6,RT1 - VOH,-20.88583,164.65981,14,1,1
202100029048,149Â 815,A01,1,1,1,5,2,-1,-1,0,0,-1,2021,38.0,1,1,3,0,2,1,1,,3,620,0,,2,2,0,1,30,30,2,, -1,1,0,3,80,15,7,3,11,11426,1,1,0,6,cd 620 villegly,43.276038,2.426471,0,1,1
202100040329,129Â 517,A01,10,3,1,0,0,-1,-1,4,5,1,2021,19.0,1,2,0,1,3,26,1,,7,LAVOISIERS (BD),0,,1,3,0,1,(1),(1),1,, -1,2,0,1,50,10,5,1,63,63113,2,2,1,6,LAVOISIERS (BD)/DiomÃ¨de,45.7840175715,3.0761650176,15,2,1
202100010513,182Â 932,B01,1,1,2,0,2,6,-1,-1, -1,-1,2021,37.0,1,1,0,2,7,1,1,,3,SAINT-GERMAIN(RUE DE),0,,-1,0,0,1,0,590,1,, -1,1,5,1,50,28,10,1,61,61117,2,3,0,3,BEAUSÃJOUR(RUE DE),48.429,0.05995,12,2,2
202100055675,102Â 339,A01,1,1,1,5,2,6,-1,0,0,-1,2021,45.0,2,1,0,0,0,3,1,,4,PORTE DE LA CHAPELLE,0,,1,4,0,1,23,600,1,, -1,1,0,1,70,9,1,5,75,75118,2,1,0,7,PORTE DE LA CHAPELLE,48.900844,2.367072,17,1,1
202100024084,158Â 608,A01,1,1,1,0,2,6,-1,0,0,-1,2021,24.0,1,1,6,2,2,17,1,,3,559,-1,,2,2,2,1,99,900,1,, -1,1,0,1,50,15,8,5,83,83115,2,1,0,3,36 Av du General Touzet du Vigier,43.317664,6.665872,23,3,2
202100012161,179Â 987,B01,1,1,1,5,2,8,-1,0,0,-1,2021,15.0,3,1,0,2,1,1,1,,4,MARSEILLE (Route de ),0,,2,2,0,1,(1),(1),1,, -1,1,0,3,50,18,8,1,26,26198,2,1,0,3,198 Route de Marseille,44.5349,4.74604,11,2,2
202100036987,135Â 587,A01,1,1,1,9,2,6,-1,-1, -1,-1,2021,42.0,2,1,0,2,1,21,1,,3,MAI 1945 (AVENUE DU 8),0,,1,2,0,1,3,225,1,, -1,1,0,1,30,31,5,1,64,64102,2,1,0,2,MAI 1945 (AVENUE DU 8),43.46271,-1.49526,13,2,2
202100047735,116Â 423,A01,1,1,1,9,2,0,-1,0,0,-1,2021,51.0,2,1,0,0,8,1,1,,7,BERTHELOT (BOULEVARD),0,,3,4,0,1,(1),(1),1,, -1,2,0,1,50,5,3,1,63,63113,2,1,0,7,BERTHELOT (BOULEVARD),45.7816,3.07083,18,1,1
202100025280,156Â 467,A01,10,3,2,0,8,8,-1,4,3,1,2021,45.0,1,2,0,1,2,1,1,,4,AIGUILLETTES  (BD 5 A 73-2 A 94),0,,3,4,0,1,(1),(1),1,, -1,2,0,1,50,6,8,1,54,54578,2,3,0,6,AIGUILLETTES  (BD 5 A 73-2 A 94),48.67239,6.15464,8,2,1
202100041653,127Â 150,A01,1,1,2,0,1,-1,-1,-1, -1,-1,2021,21.0,0,2,1,2,2,1,1,,4,REPOS (DU)                          (R ),0,,2,2,0,1,(1),(1),1,, -1,2,0,1,50,2,5,5,69,69387,2,2,1,3,REPOS (DU) (R),45.732,4.837,1,2,2
202100011073,181Â 932,B01,1,1,1,0,2,0,-1,-1, -1,-1,2021,44.0,2,1,0,2,1,1,1,,4,BIXIKENEA (CHEMIN DE),0,,2,2,0,2,1,0,1,, -1,1,0,1,50,25,10,1,64,64545,1,1,0,2,BIXIKENEA (CHEMIN DE),43.37427,-1.70736,11,2,2
202100032160,144Â 267,A01,1,1,1,5,2,7,-1,0,0,-1,2021,45.0,2,1,1,0,0,16,1,,3,902,0,,2,2,0,2,25,450,3,, -1,1,0,3,80,26,6,1,5,5027,1,1,0,6,D 902 - Col de l'Izoard,44.83044,6.723346,17,1,1
202100002126,197Â 996,B01,1,1,2,5,8,0,-1,-1, -1,-1,2021,52.0,1,1,0,2,7,1,5,,4,BELLEVUE (RUE DE),0,,2,1,0,3,0,0,1,, -1,1,0,1,50,19,12,1,91,91312,2,3,0,3,BELLEVUE (RUE DE),48.738366,2.233941,14,2,2
202100049966,112Â 436,A01,1,1,2,5,0,-1,-1,0,0,-1,2021,17.0,3,1,0,2,3,15,5,,3,28,-1,B,2,2,0,1,4,100,1,, -1,1,0,1,30,28,2,1,38,38155,2,3,0,3,Route du Pont Jean Lioud,45.43057,5.74866,16,2,2
202100000289,201Â 208,B01,1,1,1,5,1,5,-1,-1, -1,-1,2021,18.0,1,2,0,2,3,1,1,,4,PAUL VAILLANT COUTURIER RUE,0,,-1,2,0,1,1,0,1,, -1,1,0,1,50,17,6,1,13,13063,2,1,0,3,PAUL VAILLANT COUTURIER RUE,43.5817,5.00265,16,2,2
202100021314,163Â 555,A01,2,2,2,5,8,0,-1,-1, -1,-1,2021,30.0,1,2,0,2,6,2,2,,3,GALLIENI (AV.) CONFORAMA 53,0,,1,3,0,1,1,0,1,, -1,1,0,1,50,2,9,1,93,93010,2,1,0,2,GALLIENI (AV.) CONFORAMA 53,48.90547,2.4761,18,4,2
202100003986,194Â 626,A01,5,2,1,5,1,0,-1,-1, -1,-1,2021,19.0,1,2,7,0,4,1,1,,4,MAS-BOUYOL  (CITE ET BOULEVARD DU),0,,3,6,0,1,8,0,2,, -1,2,0,1,50,7,12,5,87,87085,2,1,1,6,MAS-BOUYOL  (CITE ET BOULEVARD DU),45.83336,1.22573,0,3,1
202100029741,148Â 629,A01,1,1,1,9,2,6,-1,-1, -1,-1,2021,26.0,2,1,0,2,1,17,1,,3,RAVINE VILAINE (CHEMIN DEPARTEMENTAL DE),0,,2,2,0,1,0,0,1,, -1,1,0,1,50,9,7,1,972,97209,2,1,0,3,RAVINE VILAINE (CHEMIN DEPARTEMENTAL DE),14.64182,-61.0591,7,2,2
202100039542,130Â 910,A01,1,1,1,1,1,-1,-1,-1,0,-1,2021,31.0,2,2,0,2,4,2,1,,1,AUTOROUTE A15,0,,3,8,0,1,6,199,1,, -1,1,0,1,110,18,5,2,95,95018,1,1,0,4,A15,48.95145,2.27973,9,3,3
202100028405,150Â 942,A01,1,1,1,5,2,6,9,0,0,-1,2021,49.0,2,1,0,0,0,1,1,,3,122.1,0,,2,2,0,2,0,150,2,, -1,1,0,3,80,18,7,1,28,28015,1,1,0,7,D122.14,48.524173,1.771352,18,1,1
202100040088,129Â 938,A01,1,1,1,5,0,-1,-1,0,0,-1,2021,14.0,3,1,0,2,1,1,6,,4,,-1,,2,2,0,2,(1),(1),1,, -1,1,0,1,50,14,5,1,65,65447,2,1,0,1,Rue de l'Arros,43.187374,0.244832,18,2,2
202100029428,149Â 175,B01,1,1,1,4,1,0,-1,0,0,-1,2021,22.0,2,2,0,2,2,1,1,,3,LIBERTE (BOULEVARD DE LA),0,,2,2,0,1,46,70,1,, -1,1,0,1,50,11,7,1,47,47001,2,2,0,3,LIBERTE (BOULEVARD DE LA),44.19934,0.6215,20,4,2
202100030979,146Â 369,C01,1,1,1,9,1,-1,-1,0,0,-1,2021,70.0,1,2,0,2,8,24,1,,3,ABBEVILLE (RUE D'),0,,2,3,3,1,(1),(1),1,, -1,1,0,1,50,29,6,1,80,80021,2,1,0,4,ABBEVILLE (RUE D'),49.91089,2.25679,18,4,4
202100048849,114Â 447,B01,1,1,1,9,8,0,-1,-1, -1,-1,2021,21.0,2,1,0,2,1,2,0,,3,HAUTMONT (RUE),0,,2,1,0,1,(1),(1),1,, -1,1,0,1,50,6,3,1,59,59543,2,1,0,5,HAUTMONT (RUE),50.2359409487,3.9125865115,14,3,3
202100026030,155Â 154,A01,1,1,1,5,8,-1,-1,0,0,-1,2021,36.0,1,2,2,0,3,1,1,,3,54,0,D,2,2,0,2,26,100,1,, -1,1,0,3,80,1,8,3,62,62361,1,1,0,6,D54,50.283447,2.30339,1,1,1
202100028843,150Â 161,B01,2,2,1,5,1,8,-1,-1, -1,-1,2021,62.0,3,5,0,2,0,0,1,,4,TRAMWAY (CHEMIN DU),0,,-1,1,0,1,0,0,1,, -1,1,0,1,50,15,7,1,7,7281,1,1,0,1,TRAMWAY (CHEMIN DU),44.94312,4.78772,14,3,2
202100009326,185Â 034,B01,1,1,1,0,2,6,-1,-1, -1,-1,2021,43.0,3,1,0,2,1,2,1,,1,A86,0,,1,2,0,2,7,0,1,, -1,1,3,1,50,5,11,1,92,92025,2,2,0,2,STALINGRAD (AV DE),48.935674861,2.2609828413,9,2,2
202100042398,125Â 844,A01,1,1,1,5,2,6,-1,0,0,-1,2021,34.0,2,1,13,0,1,17,1,,3,28,-1,,2,2,0,1,60,200,4,, -1,1,0,1,70,25,4,1,28,28191,1,1,0,7,D28,48.581519,1.677947,18,1,1
202100029995,148Â 179,B01,1,1,1,5,2,8,-1,-1, -1,-1,2021,19.0,1,1,0,2,1,1,1,,4,PRADO (AVENUE DU),0,,2,6,3,1,0,0,1,, -1,1,0,1,50,8,7,5,13,13208,2,1,0,3,PRADO (AVENUE DU),43.26382,5.37786,2,2,2
202100000370,201Â 048,B01,2,2,2,0,2,6,-1,0,0,-1,2021,52.0,1,1,0,2,4,1,1,,4,,0,,2,2,0,1,(1),(1),1,, -1,1,0,1,30,9,11,1,6,6027,2,1,0,2,LECLERCAVENUE GENERAL,43.658089,7.163837,9,3,2
202100040278,129Â 611,A01,3,2,1,5,1,-1,-1,0,0,-1,2021,18.0,2,2,8,0,1,1,1,,3,130,-1,D,2,2,0,1,9,800,1,, -1,1,0,1,50,12,5,5,30,30037,1,1,0,6,Hameau de Foussignargues,44.287448,4.124309,22,3,1
202100023171,160Â 200,A01,9,2,1,5,1,-1,-1,0,0,-1,2021,8.0,0,2,0,2,1,26,1,,3,18E5,-1,D,3,2,0,1,2,200,1,, -1,1,5,1,50,20,8,1,34,34300,2,3,0,3,D18e5,43.390166,3.314186,18,5,2
202100056127,101Â 556,A01,1,1,2,0,1,0,-1,-1, -1,-1,2021,59.0,1,2,4,0,3,13,1,,1,AUTOROUTE A86,0,,3,7,0,1,18,0,1,, -1,1,0,1,90,4,1,1,93,93027,1,1,0,6,AUTOROUTE A86,48.92796,2.41118,14,1,1
202100007876,187Â 664,B01,1,1,1,0,2,8,-1,-1, -1,-1,2021,39.0,1,1,0,2,1,1,1,,3,20,0,,2,2,0,1,0,0,1,, -1,1,0,1,50,9,11,1,92,92036,2,1,0,3,LOUIS ROCHE (AVENUE) (46/148),48.9257088871,2.316827774,11,2,2
202100051745,109Â 202,A01,10,3,2,5,0,-1,-1,6,1,2,2021,47.0,2,2,8,1,2,13,1,,3,37,0,U,2,2,0,1,47,350,1,, -1,1,0,1,80,13,2,1,58,58210,1,1,0,6,Planchez,47.143073,4.026253,16,2,1
202100030198,147Â 791,A01,10,3,2,5,0,-1,-1,2,3,1,2021,85.0,1,5,0,1,2,21,1,,4,,0,,2,2,0,1,(1),(1),1,, -1,1,0,1,50,7,7,1,15,15014,2,1,0,6,Rue Gutenberg,44.9163,2.42811,13,2,1
202100055040,103Â 432,B01,1,1,2,3,1,-1,-1,-1, -1,-1,2021,88.0,2,2,0,2,8,1,1,,4,,0,,2,3,2,1,(1),(1),1,, -1,2,5,1,50,14,1,1,33,33192,2,2,1,3,Cours du GÃ©nÃ©ral de Gaulle,44.77851,-0.60979,13,3,2
202100014420,175Â 921,A01,1,1,1,1,2,6,-1,-1, -1,-1,2021,29.0,2,1,0,2,1,1,1,,3,ALMA (AV DE L),0,,1,2,0,1,1,0,1,, -1,1,0,1,30,6,10,1,94,94068,2,2,0,3,Avenue de lâAlma,48.78601,2.49523,16,2,2
202100053738,105Â 688,B01,3,2,1,0,1,0,-1,-1, -1,-1,2021,19.0,2,2,0,2,1,1,1,,4,BD DE SUISSE,0,,2,3,0,1,(1),(1),1,, -1,1,0,1,50,24,1,2,31,31555,2,1,0,3,148 Boulevard de Suisse,43.620198,1.424124,18,4,2
202100012349,179Â 648,A01,1,1,2,1,1,-1,-1,-1, -1,-1,2021,35.0,1,2,0,2,1,2,1,,1,A43   3.865 A 9.894,0,,1,5,0,1,6,900,1,, -1,1,0,1,90,19,10,4,69,69290,1,1,0,2,A43   3.865 A 9.894,45.7061493159,4.9590826035,19,2,2
202100004545,193Â 652,B01,1,1,1,4,2,6,-1,0,0,-1,2021,34.0,1,1,0,2,1,1,1,,4,QUAI D ORSAY,0,,2,4,0,1,0,0,1,, -1,2,0,1,30,4,12,5,75,75107,2,4,1,4,QUAI D ORSAY,48.862866,2.318048,19,4,3
202100044999,121Â 293,B01,1,1,1,5,6,2,-1,0,0,-1,2021,16.0,2,1,0,2,1,1,1,,3,D37,-1,,2,2,0,1,0,450,2,, -1,1,0,1,50,4,4,1,31,31107,1,1,0,5,Chemin de Lacroix,43.325685,1.218072,18,5,3
202100011499,181Â 168,B01,2,2,2,5,2,6,-1,0,0,-1,2021,15.0,2,1,0,2,2,1,1,,3,,-1,,2,2,0,1,13,875,1,,4,1,0,1,30,22,10,5,33,33213,2,1,0,3,,44.681833,-0.530543,19,3,2
202100007271,188Â 758,B01,2,2,1,4,1,-1,-1,-1, -1,-1,2021,46.0,2,2,0,2,4,23,1,,4,AVE DU MEDOC,0,,2,2,1,2,(1),(1),1,, -1,1,0,1,50,18,11,1,33,33162,2,1,0,2,Route du MÃ©doc,44.87845,-0.62476,14,3,2
202100000404,200Â 981,Z01,10,3,1,5,8,8,-1,0,2,2,2021,14.0,3,2,0,0,0,0,0,,7,COLLET ROUGE ( CHEMIN DU ),0,,2,2,0,2,0,0,2,, -1,1,0,1,50,20,3,2,13,13071,1,1,0,3,COLLET ROUGE ( CHEMIN DU ),43.41016,5.36512,18,3,2
202100001754,198Â 654,A01,10,3,2,1,0,-1,-1,3,3,1,2021,49.0,1,5,0,1,1,15,1,,4,COMBAULT (RTE DE),0,,2,2,0,1,1,0,1,, -1,1,0,1,50,21,12,5,94,94079,2,3,0,6,Route de Combault,48.82337,2.55847,7,2,1
202100013063,178Â 395,A01,1,1,1,0,1,8,-1,-1, -1,-1,2021,22.0,3,2,0,2,6,13,1,,4,TRESSIN RUE DE,0,,2,2,0,1,(1),(1),1,, -1,2,0,1,50,15,10,1,59,59247,2,1,1,1,TRESSIN RUE DE,50.62841,3.19581,13,2,2
202100008196,187Â 071,A01,1,1,1,0,2,-1,-1,0,0,-1,2021,18.0,1,1,0,2,8,1,1,,3,106,0,D,2,2,0,4,(1),(1),1,, -1,1,0,1,80,14,11,3,24,24540,1,2,0,1,8 Route de la Brigade Rac,45.289992,0.829083,19,3,2
202100052035,108Â 702,A01,1,1,2,9,1,0,-1,0,0,-1,2021,42.0,3,2,0,2,2,1,2,,4,BOULEVARD DAVOUT,0,,1,3,0,1,(1),(1),1,, -1,1,0,1,50,9,2,1,75,75120,2,2,0,3,BOULEVARD DAVOUT,48.853532,2.410788,18,2,2
202100031392,145Â 640,A01,1,1,1,5,1,-1,-1,0,0,-1,2021,22.0,2,2,2,0,0,2,1,,3,19,0,,2,2,0,1,4,195,1,, -1,1,0,1,80,3,7,2,1,1444,1,1,0,7,D19,45.827964,5.442983,6,3,1
202100024080,158Â 613,A01,1,1,1,5,2,-1,-1,0,0,-1,2021,38.0,2,1,0,2,3,19,1,,2,2,0,,2,2,0,1,19,200,2,, -1,1,5,1,80,16,8,1,973,97313,1,3,0,3,Route du Galion - RN 2 PK 19+200,4.782844,-52.422638,14,7,2
202100022910,160Â 669,B01,1,1,2,5,2,8,-1,-1, -1,-1,2021,60.0,1,0,0,2,1,1,3,,4,ACCONIERS (RUE DES),0,,2,1,0,1,(1),(1),2,, -1,1,0,8,30,22,8,1,34,34172,2,1,0,1,ACCONIERS (RUE DES),43.59544,3.90104,19,2,2