Num_Acc,id_vehicule,num_veh,place,catu,sexe,trajet,secu1,secu2,secu3,locp,actp,etatp,year_acc,victim_age,senc,catv,obs,obsm,choc,manv,motor,occutc,catr,voie,v1,v2,circ,nbv,vosp,prof,pr,pr1,plan,lartpc,larrout,surf,infra,situ,vma,jour,mois,lum,dep,com,agg_,int,atm,col,adr,lat,long,hour,nb_victim,nb_vehicules
202100055773,102Â 172,B01,1,1,1,4,1,8,-1,-1, -1,-1,2021,48.0,1,5,0,2,5,2,1,,4,,0,,2,2,0,1,0,0,1,, -1,1,0,1,50,8,1,1,67,67482,2,1,0,2,Rue de Lausanne,48.5758640464,7.7563975377,12,2,2
202100047881,116Â 156,A01,1,1,1,1,2,6,-1,0,0,-1,2021,18.0,3,1,0,2,1,13,1,,4,,-1,,2,2,0,2,(1),(1),2,, -1,1,0,1,80,17,3,1,22,22056,1,1,0,1,Beaumanoir,48.390494,-1.988944,8,2,2
202100040097,129Â 923,A01,7,2,1,5,1,-1,-1,0,0,-1,2021,20.0,3,2,12,0,6,1,1,,4,,-1,,2,2,0,1,(1),(1),1,, -1,1,0,8,30,14,5,1,25,25036,2,1,0,7,Rue du Pont,47.199292,5.961542,19,3,1
202100054223,104Â 827,A01,10,3,2,-1,0,-1,-1,2,3,2,2021,41.0,1,4,0,2,1,1,1,,4,JEAN MATHON(BOULEVARD),0,,2,2,0,1,0,0,1,, -1,1,0,1,50,12,1,2,7,7019,2,1,0,3,JEAN MATHON(BOULEVARD),44.6201,4.38762,17,3,2
202100017155,170Â 977,A01,1,1,1,5,2,-1,-1,0,0,-1,2021,15.0,2,1,0,2,1,13,1,,3,234,-1,,2,2,0,2,6,50,3,, -1,1,0,1,-1,24,9,5,14,14689,2,4,0,1,Le bourg,49.009028,-0.519946,21,3,2
202100049004,114Â 162,B01,1,1,1,3,2,-1,-1,0,0,-1,2021,39.0,1,1,0,2,1,1,1,,3,12,-1,,2,2,0,1,40,388,1,, -1,1,0,1,80,7,3,1,31,31330,2,1,0,1,d12,43.326988,1.441398,10,2,2
202100023456,159Â 697,B01,1,1,1,1,2,6,-1,0,0,-1,2021,33.0,2,1,0,2,3,18,1,,4,BOULEVARD DU FORT DE VAUX,0,,1,2,0,1,(1),(1),1,, -1,1,0,1,50,17,8,1,75,75117,2,1,0,3,BOULEVARD DU FORT DE VAUX,48.893219,2.302634,13,2,2
202100005704,191Â 606,A01,1,1,1,0,1,-1,-1,0,0,-1,2021,51.0,1,2,4,0,1,1,1,,3,403,0,,2,2,0,1,27,984,1,, -1,2,5,8,90,28,11,1,77,77340,1,3,0,6,D403,48.277024,2.757804,16,2,1
202100022007,162Â 297,C01,1,1,1,9,1,-1,-1,0,0,-1,2021,58.0,2,5,0,2,3,1,1,,3,18,-1,,2,2,0,2,5,360,1,, -1,1,0,1,80,30,8,1,30,30228,1,2,0,5,d 18,43.942221,4.322112,17,5,3
202100033297,142Â 250,B01,1,1,2,5,2,0,-1,0,0,-1,2021,25.0,2,1,0,1,1,1,5,,4,RUE AMELOT,0,,2,2,1,1,(1),(1),1,, -1,2,0,5,30,19,6,1,75,75111,2,1,1,6,RUE AMELOT,48.862998,2.36723,20,2,1
202100049807,112Â 718,A01,1,1,1,5,2,6,-1,0,0,-1,2021,24.0,1,1,7,0,8,1,1,,2,164,-1,,2,2,0,1,19,200,4,, -1,1,8,1,50,28,2,1,29,29102,1,1,0,6,N164 - Pont Ar Stang,48.2205823951,-3.736419726,18,1,1
202100020144,165Â 621,A01,1,1,2,5,1,-1,-1,0,0,-1,2021,24.0,1,2,0,0,1,1,1,,3,55,-1,,2,2,0,2,(1),(1),1,, -1,1,0,3,80,8,9,1,22,22175,1,1,0,7,La Ville Es Guilheux,48.450272,-2.373004,11,1,1
202100000857,200Â 205,B01,2,2,2,0,1,0,-1,0,0,-1,2021,57.0,1,2,0,2,4,1,1,,4,BRIGACHTAL (AVENUE DE),0,,2,2,0,1,(1),(1),1,, -1,1,0,1,50,30,12,5,54,54184,2,2,0,4,BRIGACHTAL (AVENUE DE),48.70378,6.23085,18,5,3
202100021607,163Â 009,A01,10,3,1,3,0,-1,-1,6,3,2,2021,73.0,3,2,0,1,4,26,3,,6,ZAMIN 2E AVENUE,0,,-1,-1,0,1,(1),(1),1,, -1,1,9,1,50,31,8,1,59,59350,2,9,0,6,ZAMIN 2E AVENUE,50.636977,2.9703,10,6,1
202100036398,136Â 641,B01,1,1,1,5,1,-1,-1,0,0,-1,2021,18.0,1,2,0,2,1,0,1,,4,SOLAZUR (CITE),0,,2,2,0,1,(1),(1),1,, -1,1,0,1,50,4,6,1,65,65440,2,1,0,1,SOLAZUR (CITE),43.22855,0.05072,16,2,2
202100051595,109Â 469,A01,1,1,2,1,2,0,-1,0,0,-1,2021,41.0,1,1,0,2,5,7,3,,4,RUE DE CHATEAUDUN,0,,3,2,3,1,(1),(1),1,, -1,1,-1,6,50,12,2,1,75,75109,2,2,0,3,RUE DE CHATEAUDUN,48.876199,2.335355,16,2,2
202100047039,117Â 691,B01,1,1,1,5,2,6,-1,-1, -1,-1,2021,16.0,2,1,0,2,1,1,1,,4,GARAY (RUE DU),0,,2,-1,0,1,(1),(1),1,, -1,1,0,1,50,13,3,1,43,43041,2,1,0,1,3 Rue du Garay,45.04672,3.93297,12,2,2
202100030748,146Â 798,B01,1,1,2,0,1,-1,-1,-1, -1,-1,2021,23.0,1,2,0,2,4,1,1,,7,LYON (DE)                               ,0,,2,2,0,2,65,0,1,, -1,1,0,1,50,29,6,5,69,69276,2,1,0,4,LYON (DE) (RTE),45.67597,4.86076,22,4,3
202100004119,194Â 379,A01,10,3,2,3,0,-1,-1,4,3,1,2021,68.0,2,5,0,1,3,15,1,,4,RUE PROUDHON,0,,-1,2,0,1,(1),(1),1,, -1,1,0,1,30,7,12,1,75,75112,2,2,0,6,RUE PROUDHON,48.837055,2.390029,13,2,1
202100051206,110Â 146,A01,1,1,2,4,1,-1,-1,0,0,-1,2021,51.0,1,2,13,0,7,14,1,,3,93,-1,,2,2,0,1,21,405,1,, -1,1,0,1,80,16,2,3,35,35136,1,1,0,7,Lieu Dit le Petit Brulon,47.930426,-1.520391,6,1,1
202100021073,163Â 991,A01,1,1,1,1,2,6,-1,-1, -1,-1,2021,49.0,1,1,0,2,1,1,1,,3,CD NÂ°  402,0,,2,2,0,2,1,0,1,, -1,1,0,2,80,2,9,1,14,14327,1,1,0,3,Avenue des Canadiens,49.193176,-0.319132,13,2,2
202100008408,186Â 704,A01,2,2,2,5,1,8,-1,0,0,-1,2021,17.0,1,2,8,0,9,13,1,,3,42,-1,,2,2,0,1,15,80,1,, -1,1,9,3,70,13,11,5,45,45332,1,1,0,6,2272 Route de Montargis,47.8838564023,2.6496919692,1,2,1
202100041731,127Â 019,B01,1,1,2,1,1,-1,-1,0,0,-1,2021,33.0,1,2,0,2,1,1,1,,2,RN1,0,,2,2,0,2,22,300,1,, -1,2,0,1,80,28,4,1,972,97230,1,9,0,6,RN1,14.7316113317,-60.9586286545,12,3,2
202100038532,132Â 764,B01,1,1,2,5,8,0,-1,0,0,-1,2021,18.0,2,1,0,2,4,2,3,,4,COURS ALBERT 1ER,0,,2,2,1,1,(1),(1),1,, -1,2,0,5,25,24,5,1,75,75108,2,3,1,2,COURS ALBERT 1ER,48.864874,2.30791,16,2,2
202100030481,147Â 287,A01,1,1,1,5,1,-1,-1,0,0,-1,2021,73.0,1,2,13,0,1,17,1,,1,68,0,A,1,2,3,3,6,200,2,, -1,1,0,3,130,7,7,1,31,31462,1,1,0,6,"autoroute A68, pk:006.200",43.655546,1.541305,12,1,1
202100004128,194Â 362,A01,1,1,1,4,2,0,-1,-1, -1,-1,2021,21.0,2,1,15,0,1,1,1,,4,VOIE FELIX EBOUE,0,,1,1,3,1,4,0,1,, -1,1,9,8,30,8,12,1,94,94028,2,9,0,6,Voie Felix Eboue,48.79699,2.449708,14,1,1
202100028215,151Â 260,B01,1,1,1,5,2,-1,-1,0,0,-1,2021,71.0,3,1,0,2,4,19,5,,3,2,0,,2,2,0,2,45,60,1,, -1,1,0,1,80,19,7,1,1,1334,1,2,0,3,intersection D2 et route de la petite moussiÃ¨re,46.2208207689,4.9234011769,12,2,2
202100046937,117Â 876,A01,1,1,1,0,1,0,-1,-1, -1,-1,2021,21.0,0,2,1,0,7,1,1,,4,HUVEAUNE (BOULEVARD DE),0,,2,2,0,1,(1),(1),1,, -1,1,5,1,50,23,3,1,13,13209,2,3,0,5,HUVEAUNE (BOULEVARD DE),43.2723219898,5.4063074165,13,2,2
202100007398,188Â 535,A01,1,1,1,1,1,-1,-1,0,0,-1,2021,24.0,2,2,0,2,1,2,1,,3,972,-1,,2,2,0,1,(1),(1),1,, -1,1,0,1,70,19,11,5,50,50044,1,1,0,2,D972,49.073782,-1.34737,19,2,2
202100017691,169Â 997,A01,1,1,2,1,1,-1,-1,-1, -1,-1,2021,19.0,2,2,0,2,1,9,1,,3,"""STALINGRAD (AVENUE), NR 88 A 114 BIS""",0,,2,4,0,1,0,1,1,, -1,1,0,1,50,21,9,1,93,93066,2,1,0,5,Avenue de Stalingrad,48.947206,2.373115,10,3,3
202100022514,161Â 387,A01,1,1,1,5,8,-1,-1,0,0,-1,2021,26.0,2,1,8,0,7,0,1,,3,,-1,,2,2,0,1,(1),(1),1,,7,1,9,3,50,26,8,1,49,49003,2,1,0,6,Route d Angers,47.272576,-0.35626,16,1,1
202100009603,184Â 542,A01,1,1,1,5,1,0,-1,-1, -1,-1,2021,22.0,2,2,1,0,1,13,1,,4,PAREUSES DES (+ CITE),0,,2,2,0,2,(1),(1),1,, -1,1,0,1,50,31,10,5,25,25462,2,1,0,6,PAREUSES DES (+ CITE),46.90622,6.36215,19,1,1
202100032453,143Â 768,B01,2,2,2,0,1,0,-1,-1, -1,-1,2021,32.0,1,2,0,2,4,1,1,,3,20,0,,3,4,0,2,0,0,1,, -1,1,0,1,50,24,6,1,91,91339,2,1,0,5,RTE NATIONALE 20,48.63475,2.26592,14,6,4
202100050295,111Â 803,A01,1,1,1,5,1,0,-1,-1,0,-1,2021,24.0,2,2,4,0,1,13,1,,1,AUTOROUTE A115,0,,3,6,0,1,1,700,1,, -1,1,0,1,110,25,2,3,95,95252,1,1,0,6,A115,48.9867419467,2.2424224657,3,1,1
202100052681,107Â 564,A01,1,1,1,0,2,6,-1,0,0,-1,2021,68.0,0,1,6,0,1,17,5,,4,MONDUIT (RUE HENRI),0,,2,2,0,2,(1),(1),2,, -1,2,0,1,50,2,2,1,27,27229,2,3,1,6,MONDUIT (RUE HENRI),49.0292429,1.1428976,13,1,1
202100016234,172Â 617,B01,1,1,1,1,2,6,-1,0,0,-1,2021,46.0,2,1,0,2,8,1,1,,4,PORTE D ORLEANS,0,,1,3,0,1,5,0,1,, -1,1,0,1,70,29,9,1,75,75114,2,4,0,3,BD PERIPHERIQUE EXTERIEUR,48.8193200683,2.3286869919,10,2,2
202100029669,148Â 762,A01,2,2,2,5,1,-1,-1,0,0,-1,2021,36.0,1,2,13,0,2,1,6,,3,124,0,E,2,2,0,1,2,517,1,, -1,1,0,1,80,10,7,1,34,34197,1,1,1,6,D124e2,43.566847,3.385966,19,3,1
202100039264,131Â 422,B01,1,1,2,1,8,0,-1,-1, -1,-1,2021,27.0,1,1,0,2,8,1,1,,3,PARLEMENT EUROPEEN (ROND POINT),0,,4,2,0,1,48,612,2,, -1,2,9,1,50,17,5,1,91,91228,2,6,0,3,PARLEMENT EUROPEEN (ROND POINT),48.61354,2.42483,17,2,2
202100002441,197Â 408,A01,1,1,1,0,1,0,-1,-1, -1,-1,2021,41.0,2,2,4,0,2,26,1,,3,ROCADE EST (RD 610),0,,1,1,0,2,21,0,2,, -1,1,0,2,50,16,12,2,10,10081,1,1,0,6,ROCADE EST (RD 610),48.32936,4.05043,16,1,1
202100038120,133Â 527,B01,2,2,2,5,2,-1,-1,0,0,-1,2021,36.0,2,1,0,2,8,1,1,,3,,0,,2,2,0,1,2,(1),1,, -1,1,0,1,80,27,5,1,22,22150,1,9,0,3,D9,48.58198,-3.061211,15,3,2
202100032663,143Â 384,B01,1,1,1,0,2,6,-1,0,0,-1,2021,17.0,2,1,0,2,1,1,1,,4,CHANELLES (RUE DES),0,,2,2,0,1,(1),(1),1,, -1,2,0,1,50,22,6,1,63,63113,2,3,1,3,CHANELLES (RUE DES),45.7914,3.07668,8,2,2
202100047977,115Â 983,B01,1,1,1,4,1,-1,-1,0,0,-1,2021,59.0,2,5,4,2,1,2,1,,1,6,0,,1,5,0,1,363,300,1,, -1,1,0,1,130,14,3,1,71,71576,1,1,0,2,"A6, PK 363+300 sens Lyon - Paris",46.535307,4.919997,14,4,2
202100014017,176Â 645,B01,1,1,2,5,8,0,-1,0,0,-1,2021,56.0,2,1,0,2,1,13,3,,4,AVENUE DE VILLIERS,0,,2,2,0,1,(1),(1),1,, -1,1,0,1,30,9,10,1,75,75117,2,2,0,5,AVENUE DE VILLIERS,48.881973,2.313621,13,3,3
202100003809,194Â 945,B01,1,1,1,1,2,0,-1,-1, -1,-1,2021,59.0,2,1,0,2,7,1,1,,1,AUTOROUTE A6B,0,,2,6,0,1,8,500,1,, -1,2,0,1,110,10,12,1,91,91689,1,1,1,4,AUTOROUTE A6B,48.733761,2.316084,9,3,3
202100028289,151Â 128,A01,10,3,2,0,0,-1,-1,5,9,2,2021,8.0,2,2,0,1,2,25,1,,4,MILLET FRANCOIS RUE,0,,1,2,2,1,(1),(1),1,, -1,1,0,4,50,18,7,1,59,59350,2,1,0,6,MILLET FRANCOIS RUE,50.62991,3.0265,11,2,1
202100048552,114Â 967,B01,1,1,1,4,1,8,-1,0,0,-1,2021,29.0,3,2,0,2,1,26,1,,4,ROOSEVELT BOULEVARD  FRANCKLIN (101),0,,2,2,0,1,(1),(1),2,, -1,1,5,1,50,10,3,1,26,26362,2,2,0,3,101 Bd Franklin Roosevelt,44.91619,4.910996,12,3,2
202100050516,111Â 402,B01,1,1,1,5,2,6,-1,0,0,-1,2021,70.0,1,1,0,2,1,1,0,,3,252,-1,D,2,2,0,1,2,553,1,, -1,1,5,1,80,23,2,1,44,44211,1,2,0,3,Rue Saint-Molf,47.3765,-2.459779,15,2,2
202100013958,176Â 751,B01,1,1,1,5,1,-1,-1,0,0,-1,2021,80.0,1,2,0,2,6,1,1,,3,17,0,,2,2,0,1,19,367,1,, -1,1,0,1,80,10,10,1,77,77203,1,1,0,2,D17,48.983935,2.970825,11,2,2
202100000763,200Â 348,B01,1,1,1,5,2,0,-1,-1, -1,-1,2021,14.0,1,1,0,2,3,1,1,,4,VILLE HALLUARD (RUE DE LA),0,,2,2,0,1,(1),(1),2,, -1,1,0,1,50,31,12,5,44,44184,2,3,0,3,LEFERME (BOULEVARD PAUL),47.284271,-2.201462,18,2,2
202100053216,106Â 615,A01,1,1,1,0,2,6,-1,-1, -1,-1,2021,20.0,3,1,12,2,2,17,1,,4,GAMBETTA (BD),0,,1,3,3,1,0,0,1,, -1,1,0,6,50,29,1,5,30,30189,2,3,0,3,GAMBETTA (BD),43.8404895155,4.3603384495,19,3,2
202100043903,123Â 194,B01,1,1,2,9,2,0,-1,0,0,-1,2021,29.0,3,1,0,2,4,23,1,,7,NICE AVENUE DE (RN7),0,,1,3,0,1,(1),(1),1,, -1,1,0,1,50,13,4,1,6,6027,2,1,0,2,NICE AVENUE DE (RN7),43.659432,7.167785,18,3,2
202100045724,120Â 018,B01,10,3,1,1,0,-1,-1,5,1,1,2021,34.0,2,2,0,2,3,1,1,,4,VESOUL RUE DE (sup 52),0,,2,2,0,2,(1),(1),1,, -1,2,0,1,50,13,1,1,25,25056,2,3,1,6,VESOUL RUE DE (sup 52),47.2517,6.0174,14,3,2
202100007260,188Â 780,B01,1,1,1,5,2,6,-1,-1, -1,-1,2021,56.0,2,1,0,2,1,1,1,,3,JUIN (V DU MARECHAL),0,,2,2,1,1,37,950,1,, -1,1,0,1,50,7,9,1,40,40192,2,1,0,3,JUIN (V DU MARECHAL),43.9052411705,-0.474793911,13,2,2
202100039299,131Â 352,B01,3,2,1,0,1,0,-1,-1, -1,-1,2021,17.0,0,2,0,2,5,1,0,,4,CARTONNERIE (BOULEVARD DE LA ),0,,-1,2,0,1,(1),(1),1,, -1,1,0,1,50,19,5,5,13,13211,2,1,0,2,CARTONNERIE (BOULEVARD DE LA ),43.2916770051,5.4605715773,23,4,2
202100005161,192Â 552,B01,2,2,1,2,1,-1,-1,0,0,-1,2021,12.0,1,2,0,2,3,13,1,,3,348,0,,2,2,0,2,0,126,2,, -1,2,0,1,50,3,12,1,64,64424,2,1,0,3,Route de Garaibie,43.188618,-0.942003,8,3,2
202100002721,196Â 906,B01,1,1,2,0,1,0,-1,-1, -1,-1,2021,34.0,2,2,0,2,4,2,1,,1,AUTOROUTE A10,0,,3,6,0,1,2,99,1,, -1,1,0,1,90,15,12,3,91,91377,1,1,0,4,AUTOROUTE A10,48.725444,2.300585,20,3,3
202100049553,113Â 183,B01,1,1,1,1,5,1,-1,0,0,-1,2021,40.0,1,2,0,2,1,1,1,,3,906,0,,2,2,0,1,0,800,2,, -1,1,0,1,80,2,3,3,57,57041,1,1,0,5,D906,49.408359,5.930734,19,4,4
202100011551,181Â 071,B01,3,2,1,5,3,0,-1,-1, -1,-1,2021,1.0,1,2,0,2,4,2,1,,4,NANTES (AVENUE DE),0,,-1,2,0,2,(1),(1),1,, -1,2,0,1,50,20,10,1,86,86194,2,1,1,2,Avenue de Nantes,46.589508,0.329711,11,4,2
202100001169,199Â 683,A01,1,1,1,0,2,-1,-1,-1, -1,-1,2021,19.0,0,1,0,2,1,0,1,,3,DUMAS (ALEXANDRE),0,,2,2,0,1,1,844,1,, -1,1,0,1,50,27,12,5,76,76217,2,1,0,1,DUMAS (ALEXANDRE),49.93526,1.10875,17,2,2
202100014446,175Â 877,B01,1,1,1,0,8,8,-1,-1, -1,-1,2021,45.0,2,1,0,2,0,0,1,,3,104,0,,2,3,0,2,0,0,1,, -1,1,0,1,50,8,10,1,92,92062,2,3,0,3,BAS-ROGERS (RUE DES) NÂ° 2 AU 38,48.8797974494,2.233850956,18,2,2
202100040619,129Â 008,A01,1,1,1,5,1,-1,-1,0,0,-1,2021,41.0,2,2,0,2,7,1,1,,3,GENERAL ARTOUS (DU),0,,2,2,0,1,14,480,2,, -1,1,0,1,50,7,5,1,12,12083,2,2,0,3,GENERAL ARTOUS (DU),44.52448,2.28074,14,2,2
202100037735,134Â 217,B01,1,1,1,0,2,8,-1,-1, -1,-1,2021,20.0,2,1,0,2,8,1,1,,3,BADUEL (ROUTE DE),0,,2,2,2,1,4,300,1,, -1,1,0,5,50,28,5,1,973,97302,2,1,0,3,BADUEL (ROUTE DE),4.92817,-52.29285,12,2,2
202100015574,173Â 845,C01,1,1,1,0,1,5,-1,-1, -1,-1,2021,27.0,1,5,0,2,5,0,1,,7,AVENUE GABRIEL PÃRI,0,,1,2,0,1,0,800,1,, -1,1,0,1,50,2,10,5,38,38421,2,3,0,1,AVENUE GABRIEL PÃRI,45.1845,5.76777,23,6,3
202100028117,151Â 444,A01,1,1,1,5,2,6,-1,-1, -1,-1,2021,41.0,1,1,1,0,1,15,1,,4,FONTAINE LABORDE (ALLEE DE),0,,1,1,0,2,0,0,2,, -1,1,0,1,30,19,7,5,64,64024,2,1,0,7,FONTAINE LABORDE (ALLEE DE),43.5014916581,-1.5311041305,2,1,1
202100001520,199Â 082,B01,2,2,2,3,1,-1,-1,0,0,-1,2021,86.0,3,2,0,2,2,1,1,,4,,0,A,2,2,0,1,(1),(1),1,, -1,1,0,1,70,24,12,1,56,56178,2,1,0,5,Rue Albert de Mun,48.052136,-2.959356,16,4,3
202100015169,174Â 594,A01,1,1,2,5,2,-1,-1,0,0,-1,2021,16.0,1,1,0,2,1,21,1,,3,64,-1,,2,2,0,2,6,820,2,, -1,2,0,1,50,6,10,1,73,73154,2,1,0,1,D64,45.668581,6.339433,11,2,2
202100012144,180Â 009,A01,10,3,2,5,0,-1,-1,4,5,2,2021,6.0,1,0,0,1,1,1,3,,4,BOULEVARD DE ROCHECHOUART,0,,3,2,1,1,(1),(1),1,, -1,1,0,5,30,18,10,5,75,75118,2,3,0,6,BOULEVARD DE ROCHECHOUART,48.882547,2.341912,18,2,1
202100004320,194Â 036,A01,2,2,1,0,1,-1,-1,0,0,-1,2021,36.0,2,2,0,2,2,1,1,,3,136,0,D,2,2,0,1,10,500,1,, -1,2,0,1,80,6,12,3,60,60552,1,1,1,1,D136,49.218967,2.872659,17,3,2
202100001166,199Â 688,A01,1,1,1,0,1,-1,-1,0,0,-1,2021,18.0,0,2,0,2,1,13,1,,3,RD 1001,0,,2,2,0,2,(1),(1),3,, -1,7,0,1,80,23,12,1,80,80261,1,1,0,1,RD 1001,49.84856,2.27188,11,2,2
202100052098,108Â 584,A01,1,1,1,1,2,0,-1,-1, -1,-1,2021,29.0,2,1,0,0,7,1,1,,2,RN104,0,,3,2,0,1,0,600,3,, -1,7,0,1,90,9,2,3,77,77258,1,1,0,7,RN104,48.8246281212,2.6157410559,6,1,1
202100014771,175Â 313,B01,1,1,1,9,2,8,-1,-1, -1,-1,2021,14.0,1,1,0,2,8,1,3,,3,COUR DE FRANCE (AVENUE DE LA),0,,3,4,0,2,(1),(1),1,, -1,1,0,1,50,6,10,1,91,91326,2,1,0,3,COUR DE FRANCE (AVENUE DE LA),48.68984,2.37072,14,2,2
202100020232,165Â 470,A01,10,3,2,2,0,-1,-1,3,3,1,2021,20.0,1,5,0,1,2,1,1,,3,RUE CHARLES ROSSIGNOL,0,,2,2,0,1,0,0,1,, -1,1,0,1,50,7,9,1,91,91589,2,1,0,6,RUE CHARLES ROSSIGNOL,48.675569,2.355334,10,2,1
202100013552,177Â 495,A01,1,1,1,9,2,0,-1,0,0,-1,2021,20.0,1,1,0,2,1,17,1,,4,BELLEVUE (BOULEVARD),0,,2,2,0,2,0,1,1,, -1,1,0,1,50,12,10,5,5,5061,2,3,0,3,BELLEVUE (BOULEVARD),44.55971,6.08648,20,2,2
202100006770,189Â 687,A01,1,1,1,5,1,-1,-1,0,0,-1,2021,34.0,0,2,0,2,3,0,1,,3,810,-1,,2,2,0,4,12,440,2,, -1,1,0,1,50,23,11,5,27,27467,2,1,0,3,Route de Quillebeuf,49.3608,0.514879,19,4,2
202100047415,117Â 017,A01,1,1,1,0,2,-1,-1,0,0,-1,2021,52.0,1,1,0,2,1,1,1,,2,1,-1,,3,4,0,1,23,500,1,, -1,1,0,1,110,19,3,1,974,97415,1,1,0,6,Route Nationale,-20.983379,55.292741,13,3,3
202100041629,127Â 193,A01,1,1,1,0,8,0,-1,-1, -1,-1,2021,31.0,2,2,3,0,8,20,1,,1,A86,0,,1,2,0,1,3,549,1,, -1,1,0,2,90,2,5,4,92,92025,1,1,0,6,A86,48.9252236304,2.2324942874,22,1,1
202100049579,113Â 134,A01,1,1,2,5,2,6,-1,-1,0,-1,2021,30.0,2,1,0,0,9,1,1,,3,RD 170 ,0,,3,5,0,1,18,500,1,, -1,1,0,1,70,2,3,1,95,95277,1,1,0,7,RD 170 ,48.975163185,2.4850985631,12,1,1
202100024161,158Â 474,A01,1,1,2,0,1,-1,-1,0,0,-1,2021,23.0,1,2,0,2,3,15,0,,3,938,-1,,2,2,1,1,(1),(1),2,, -1,1,0,1,80,29,6,1,84,84137,1,1,0,1,D938,44.23448,5.081673,17,2,2
202100002418,197Â 455,B01,1,1,1,0,2,8,-1,0,0,-1,2021,33.0,1,1,0,2,2,16,1,,7,RD 29,0,,1,1,0,1,8,200,2,, -1,1,0,1,50,17,12,5,35,35024,2,6,0,3,RD 29,48.16322,-1.67554,23,2,2
202100052261,108Â 291,A01,1,1,1,0,1,-1,-1,0,0,-1,2021,22.0,1,2,6,0,2,0,1,,3,118,-1,,2,2,0,1,61,800,1,, -1,1,0,3,50,7,2,5,11,11206,2,1,0,6,rd 118 avenue de catalogne,43.045346,2.222993,3,1,1
202100055258,103Â 051,A01,10,3,1,5,0,-1,-1,3,3,1,2021,61.0,2,2,0,1,1,1,1,,3,27,-1,,2,2,0,1,2,700,1,, -1,3,0,1,50,12,1,5,69,69200,2,1,1,6,PONCHARRA (DE) (RTE),45.8591252127,4.4756000651,18,2,1
202100002585,197Â 163,A01,1,1,2,0,8,0,-1,-1, -1,-1,2021,30.0,1,2,0,9,3,15,1,,3,GRANDE CEINTURE (BOULEVARD),0,,-1,0,3,1,0,0,1,, -1,1,0,6,30,16,12,5,91,91477,2,1,0,1,GRANDE CEINTURE (BOULEVARD),48.72115,2.25138,18,2,2
202100011601,180Â 990,B01,1,1,1,5,2,0,-1,-1, -1,-1,2021,51.0,1,1,14,2,1,1,1,,4,VERN (DE),0,,2,2,3,1,(1),(1),1,, -1,1,5,1,50,21,10,5,35,35238,2,2,0,3,VERN (DE),48.098117,-1.655669,21,2,2
202100047839,116Â 248,B01,10,3,1,0,0,-1,-1,2,3,1,2021,44.0,3,0,0,1,7,0,1,,4,FRIEDBERG (BD DE),0,,2,2,0,1,0,0,1,, -1,2,0,1,50,15,3,1,94,94079,2,1,1,6,FRIEDBERG (BD DE),48.83,2.53,12,2,1
202100007822,187Â 765,B01,2,2,2,5,1,-1,-1,-1, -1,-1,2021,61.0,1,2,0,2,4,1,1,,2,ROUTE DE PONT SAINT ESPRIT,0,,3,1,0,1,1,0,1,, -1,1,5,1,50,15,11,5,30,30028,2,6,0,2,ROUTE DE PONT SAINT ESPRIT,44.1768301374,4.6198140979,18,3,2
202100019359,167Â 025,A01,1,1,1,5,1,4,-1,-1, -1,-1,2021,23.0,1,2,8,0,3,1,1,,4,CURIE (RUE PIERRE) [NÂ° 152 AU NÂ°316],0,,1,1,0,1,(1),(1),4,, -1,1,0,4,30,12,9,5,7,7102,2,1,0,6,CURIE (RUE PIERRE) [NÂ° 152 AU NÂ°316],44.93482,4.88174,5,1,1
202100010968,182Â 119,B01,1,1,1,1,2,-1,-1,0,0,-1,2021,16.0,1,1,0,2,1,1,1,,4,,0,,2,2,0,1,(1),(1),1,,"7,3",1,0,1,50,27,10,1,79,79077,2,2,0,3,27 Rue du Rivault,46.55927,-0.556043,8,2,2
202100026299,154Â 685,A01,1,1,2,1,2,8,-1,-1, -1,-1,2021,53.0,0,1,0,9,1,1,1,,4,GARE (AVENUE DE LA),0,,3,2,3,1,(1),(1),1,, -1,1,0,1,50,23,7,1,45,45208,2,1,0,6,3 Avenue de la Gare,48.006707,2.741908,14,1,1
202100036746,136Â 021,A01,10,3,1,2,0,-1,-1,1,3,1,2021,10.0,3,3,0,1,2,1,1,1.0,4,PL SALVADOR ALLENDE,0,,2,2,0,1,0,0,1,, -1,1,0,1,10,25,5,1,91,91228,2,1,0,6,PL SALVADOR ALLENDE,48.63445,2.429594,8,2,1
202100032422,143Â 822,A01,1,1,1,4,1,0,-1,-1, -1,-1,2021,35.0,2,5,0,2,4,2,1,,1,A50-Sens Aubagne vers Marseille,0,,3,3,0,1,0,500,1,, -1,1,0,1,90,25,6,1,13,13210,1,1,0,2,A50-Sens Aubagne vers Marseille,43.28394,5.40266,7,2,2
202100037941,133Â 847,B01,1,1,1,1,1,0,-1,-1, -1,-1,2021,38.0,1,2,0,2,4,2,1,,1,A50-Sens Marseille vers Aubagne,0,,3,3,0,1,3,799,1,, -1,1,0,1,90,27,5,1,13,13211,1,1,0,4,A50-Sens Marseille vers Aubagne,43.28736,5.43907,7,3,3
202100017097,171Â 069,A01,10,3,1,4,0,-1,-1,8,3,1,2021,45.0,3,4,0,1,7,2,1,,9,RUE DE CONCARNEAU,0,,-1,0,0,1,0,0,1,, -1,1,9,8,30,24,9,3,94,94065,1,9,0,3,RUE DE CONCARNEAU,48.75491,2.3541,2,2,1