Num_Acc,id_vehicule,num_veh,place,catu,sexe,trajet,secu1,secu2,secu3,locp,actp,etatp,year_acc,victim_age,senc,catv,obs,obsm,choc,manv,motor,occutc,catr,voie,v1,v2,circ,nbv,vosp,prof,pr,pr1,plan,lartpc,larrout,surf,infra,situ,vma,jour,mois,lum,dep,com,agg_,int,atm,col,adr,lat,long,hour,nb_victim,nb_vehicules
202100021794,162Â 670,A01,1,1,2,0,1,0,-1,-1, -1,-1,2021,25.0,3,2,0,2,1,1,1,,4,THIERS   RUE,0,,1,1,0,1,(1),(1),1,, -1,1,0,1,50,30,8,5,17,17300,2,2,0,3,THIERS   RUE,46.161017,-1.146193,22,2,2
202100006909,189Â 418,A01,1,1,1,1,8,0,0,-1, -1,-1,2021,19.0,1,1,0,2,2,1,1,,4,CHATELIER (RUE HENRY LE),0,,2,0,0,1,(1),(1),1,, -1,1,0,1,50,20,11,5,81,81065,2,1,0,3,CHATELIER (RUE HENRY LE),43.59021,2.19247,23,2,2
202100044586,122Â 020,A01,1,1,1,9,1,0,-1,-1, -1,-1,2021,25.0,0,2,15,2,8,19,1,,3,LENT ( ROUTE DE ),0,,2,2,0,1,11,520,1,, -1,1,0,1,80,6,4,1,1,1289,1,2,0,3,LENT ( ROUTE DE ),46.16505,5.2206,16,3,2
202100055899,101Â 957,A01,1,1,1,0,2,-1,-1,0,0,-1,2021,32.0,0,1,0,2,1,1,3,,4,JEAN MERMOZ (RUE),0,,1,1,0,1,(1),(1),1,, -1,1,0,1,50,5,1,5,80,80021,2,2,0,3,JEAN MERMOZ (RUE),49.892927,2.308792,17,2,2
202100028001,151Â 656,D01,1,1,1,5,2,-1,-1,0,0,-1,2021,73.0,3,1,0,2,1,1,5,,4,,-1,,2,2,0,1,(1),(1),3,,5,1,0,1,50,4,7,1,56,56214,1,1,0,5,Botpenal,47.522682,-2.830262,10,5,5
202100016467,172Â 192,A01,1,1,2,0,8,0,-1,-1, -1,-1,2021,20.0,1,1,0,2,5,2,5,,4,GENERAL DE GAULLE (AVENUE DU),0,,3,3,1,1,0,0,2,, -1,1,0,5,50,24,9,1,67,67482,2,1,0,2,GENERAL DE GAULLE (AVENUE DU),48.57814,7.76926,12,2,2
202100044951,121Â 383,A01,1,1,1,-1,0,-1,-1,-1, -1,-1,2021,34.0,1,2,0,0,1,1,-1,,2,,-1,,3,-1,-1,1,(1),(1),1,, -1,1,0,1,-1,6,4,5,32,32013,2,1,0,6,CORPS FRANC POMMIES (AVENUE DU),43.6320817283,0.5819351966,5,1,1
202100037327,134Â 949,A01,1,1,1,1,2,-1,-1,0,0,-1,2021,35.0,2,0,0,2,1,13,3,,3,4,0,,2,2,2,2,5,900,1,, -1,1,0,1,30,1,6,3,974,97415,2,1,0,1,Rue Louis Desjardin,-20.978871,55.331553,6,2,2
202100045323,120Â 719,B01,1,1,1,5,2,6,-1,0,0,-1,2021,41.0,1,1,0,2,1,1,1,,3,5,-1,,2,2,0,2,9,60,1,, -1,1,0,1,80,30,3,1,83,83037,1,1,0,4,DÃ©partementale 5,43.372733,5.973849,13,3,3
202100002993,196Â 427,B01,1,1,2,5,1,-1,-1,0,0,-1,2021,49.0,2,2,0,2,1,1,1,,3,161,0,D,2,2,0,2,4,0,3,, -1,1,0,1,70,15,12,3,201,201271,1,1,0,1,D161,41.973502,8.814476,18,3,2
202100038443,132Â 929,A01,1,1,1,4,1,5,-1,0,0,-1,2021,23.0,1,5,0,2,1,2,1,,2,RN2,0,,3,4,0,1,42,500,2,, -1,2,0,1,110,26,5,1,2,2010,1,1,1,2,RN2 PK 42+500,49.452315,3.474984,8,2,2
202100049886,112Â 568,A01,10,3,2,5,0,-1,-1,3,3,2,2021,13.0,2,2,0,1,0,1,1,,2,YSER (AVENUE DE L'),0,,2,2,0,1,48,0,1,, -1,1,0,1,50,27,2,1,32,32013,2,1,0,7,YSER (AVENUE DE L'),43.64956,0.5935,17,2,1
202100000915,200Â 108,A01,1,1,2,1,1,5,-1,0,0,-1,2021,28.0,1,2,10,0,1,14,1,,3,101,0,D,3,2,0,1,13,315,1,,"5,5",2,9,1,50,28,12,5,41,41251,2,1,1,6,D101,47.645615,2.169092,17,1,1
202100005324,192Â 272,A01,10,3,2,1,0,-1,-1,3,1,1,2021,60.0,1,2,0,1,1,1,3,,4,LORENTZ-MONOD (ALL. DR),0,,2,2,1,4,(1),(1),1,, -1,7,9,1,50,30,11,1,33,33009,2,1,0,6,Avenue Docteur Lorentz Monod,44.65437,-1.16545,7,2,1
202100020789,164Â 486,A01,1,1,1,0,1,-1,-1,0,0,-1,2021,23.0,1,2,0,2,3,13,1,,3,76,0,,2,2,0,2,2,890,3,, -1,1,2,1,50,24,8,2,78,78389,1,1,0,1,Route de la Bardelle,48.803132,1.81563,6,3,2
202100040857,128Â 601,A01,1,1,1,5,2,0,-1,-1, -1,-1,2021,38.0,2,1,0,2,7,17,1,,1,AUTOROUTE A6,0,,3,3,0,1,21,399,1,, -1,1,0,1,110,8,5,1,91,91286,1,1,0,3,AUTOROUTE A6,48.652924,2.381597,19,2,2
202100037296,135Â 004,A01,10,3,1,1,0,-1,-1,4,3,1,2021,56.0,2,1,0,1,3,16,5,,4,RUE DE VARENNE,0,,1,1,0,1,(1),(1),1,, -1,1,6,1,50,31,5,1,75,75107,2,2,0,6,RUE DE VARENNE,48.854921,2.319962,8,2,1
202100015107,174Â 703,B01,1,1,2,1,8,0,-1,0,0,-1,2021,23.0,0,0,0,2,8,1,3,,4,PORTE DE MONTREUIL,0,,1,2,1,1,(1),(1),1,, -1,1,5,5,30,5,10,1,75,75120,2,7,0,3,PORTE DE MONTREUIL,48.854361,2.41306,7,2,2
202100039721,130Â 580,A01,1,1,2,9,2,0,-1,0,0,-1,2021,22.0,1,1,0,0,1,1,3,,4,RUE DE RIVOLI,0,,2,4,0,1,(1),(1),1,, -1,2,0,1,50,16,5,1,75,75101,2,2,1,7,RUE DE RIVOLI,48.860901,2.340839,18,1,1
202100018421,168Â 701,B01,1,1,1,9,8,0,-1,-1, -1,-1,2021,68.0,2,1,1,2,0,21,3,,4,DIEUMEGARD(RUE),0,,1,1,0,1,0,1,1,, -1,1,0,1,50,17,9,1,93,93070,2,1,0,3,Rue Dieumegard,48.907651,2.338819,14,2,2
202100013562,177Â 478,B01,1,1,1,0,2,6,-1,-1, -1,-1,2021,35.0,1,1,0,2,1,1,1,,2,RN 104,0,,1,2,0,1,26,780,1,, -1,1,0,1,110,13,10,1,77,77251,1,1,0,3,RN 104,48.644676,2.543219,15,2,2
202100014012,176Â 657,B01,1,1,1,1,1,0,-1,0,0,-1,2021,44.0,1,2,0,2,1,1,1,,4,BOULEVARD PERIPHERIQUE,0,,1,4,0,1,10,400,1,, -1,1,0,1,70,10,10,1,75,75116,2,4,0,5,BOULEVARD PERIPHERIQUE,48.835219,2.260359,8,4,4
202100036402,136Â 633,A01,1,1,1,5,1,0,-1,-1, -1,-1,2021,47.0,3,2,0,2,3,13,1,,4,BAB (Boulevard),0,,2,4,0,1,0,0,1,, -1,1,0,1,50,3,6,1,64,64024,2,1,0,4,BAB (Boulevard),43.49334,-1.53041,15,3,3
202100030420,147Â 395,A01,1,1,1,1,2,6,-1,0,0,-1,2021,43.0,2,1,12,0,7,14,1,,4,QUAI ANATOLE FRANCE,0,,1,3,1,1,(1),(1),1,, -1,1,0,5,50,6,7,1,75,75107,2,1,0,7,QUAI ANATOLE FRANCE,48.861798,2.321872,10,1,1
202100037509,134Â 621,B01,2,2,1,5,1,-1,-1,0,0,-1,2021,76.0,1,2,0,2,1,1,1,,1,1,-1,,2,2,0,1,(1),(1),1,, -1,1,0,1,50,27,5,1,988,98805,1,1,0,5,VE1,-22.225938,166.461665,12,6,3
202100018377,168Â 777,B01,1,1,1,1,8,0,-1,-1, -1,-1,2021,19.0,1,1,0,2,1,2,3,,3,VENDOME   RUE DU MOULIN  DE,0,,2,2,1,1,0,632,1,, -1,1,0,5,30,17,9,1,17,17200,2,1,0,3,VENDOME   RUE DU MOULIN  DE,46.17804,-1.15336,16,2,2
202100053145,106Â 747,A01,1,1,1,0,2,6,-1,-1, -1,-1,2021,50.0,1,1,0,2,2,3,1,,1,A13 Y,0,,1,2,0,2,21,899,1,, -1,2,0,1,110,29,1,3,78,78007,1,1,1,3,A13 Y,48.894799,2.007565,19,2,2
202100036276,136Â 837,B01,1,1,1,4,1,8,-1,-1, -1,-1,2021,32.0,1,2,0,2,3,1,1,,3,JEAN COMPAGNON (QU),0,,4,8,0,3,0,0,1,, -1,1,5,1,50,25,5,1,94,94041,2,2,1,3,JEAN COMPAGNON (QU),48.81994,2.39723,11,2,2
202100021283,163Â 611,B01,1,1,2,1,1,0,-1,0,0,-1,2021,24.0,2,2,0,2,4,2,1,,4,BOULEVARD PERIPHERIQUE,0,,1,4,0,1,33,400,1,, -1,1,1,1,70,1,9,1,75,75112,2,1,0,4,BD PERIPHERIQUE EXTERIEUR,48.83401,2.409516,15,3,3
202100035244,138Â 700,A01,1,1,1,0,8,0,-1,-1, -1,-1,2021,26.0,1,1,1,0,1,1,5,,4,ARGENTON (RUE D'),0,,2,2,0,1,0,0,1,, -1,1,0,1,50,9,6,1,72,72003,2,1,0,6,ARGENTON (RUE D'),47.965,0.1536,16,1,1
202100026790,153Â 834,A01,1,1,1,0,1,0,-1,-1, -1,-1,2021,83.0,1,2,1,0,3,1,1,,4,RD 147,0,,2,2,0,1,(1),(1),1,, -1,1,0,1,30,23,7,1,76,76481,1,1,0,6,Route de la ChÃªnaie,49.5307701258,0.1034474373,15,1,1
202100012824,178Â 796,A01,1,1,1,5,8,-1,-1,-1, -1,-1,2021,19.0,3,2,8,2,3,9,1,,7,REPUBLIQUE (DE)                     (R ),0,,1,2,0,1,0,1,2,, -1,1,9,1,50,16,10,5,69,69282,2,9,0,3,REPUBLIQUE (DE) (R),45.7601,5.031,5,2,2
202100028042,151Â 588,B01,1,1,1,1,2,6,-1,0,0,-1,2021,27.0,1,1,0,2,1,2,1,,2,2,-1,,2,2,0,4,(1),(1),1,, -1,1,0,1,-1,20,7,1,971,97129,1,3,0,1,Nogent,16.353219,-61.734458,17,4,2
202100048901,114Â 348,B01,1,1,2,5,1,-1,-1,0,0,-1,2021,41.0,1,2,0,2,4,2,1,,4,,-1,,2,2,0,1,(1),(1),1,, -1,1,0,1,50,7,3,2,974,97402,2,3,0,2,Rue Francois Rolland,-21.002591,55.693163,17,2,2
202100035268,138Â 660,A01,1,1,1,0,8,-1,-1,-1, -1,-1,2021,72.0,1,1,0,2,8,9,5,,4,AVE DE PARIS,0,,3,2,1,1,(1),(1),1,, -1,1,0,1,50,9,6,2,33,33249,2,6,0,3,Avenue de Paris,44.87964,-0.51154,21,2,2
202100021528,163Â 161,A01,1,1,1,5,2,6,-1,0,0,-1,2021,16.0,1,1,0,2,1,17,1,,3,9,-1,D,2,2,0,1,6,522,1,, -1,1,5,1,50,2,9,1,6,6090,2,3,0,2,320 Avenue de Cannes,43.590944,6.933505,14,2,2
202100051873,108Â 978,A01,1,1,1,0,2,8,-1,-1, -1,-1,2021,36.0,0,1,0,2,1,1,1,,2,RIVIERE DES PLUIES (ROUTE DE LA),0,,2,2,0,1,(1),(1),1,, -1,1,0,1,50,9,2,1,974,97411,2,1,0,3,Route de la RiviÃ¨re des Pluies,-20.90109,55.50068,8,2,2
202100035158,138Â 864,A01,1,1,1,1,1,5,-1,0,0,-1,2021,23.0,1,5,1,0,2,2,1,,2,12,0,N,3,4,0,1,39,200,1,, -1,2,0,2,110,11,3,2,78,78321,1,1,1,2,nationale 12 PK 39.200 sens Paris-Province,48.793281,1.887932,7,2,2
202100006686,189Â 831,A01,10,3,2,2,8,8,-1,4,3,1,2021,18.0,2,2,0,1,7,1,1,,4,,0,,3,4,0,1,(1),(1),1,, -1,2,0,1,50,22,11,5,25,25056,2,1,0,6,BLUM BOULEVARD LEON (sup 90),47.26368,6.04516,17,2,1
202100039422,131Â 135,A01,1,1,1,1,1,0,-1,-1, -1,-1,2021,54.0,1,5,0,2,4,23,1,,3,CORBEIL (ROUTE DE),0,,1,2,0,1,0,0,1,, -1,1,0,1,50,18,5,1,91,91667,2,1,0,2,CORBEIL (ROUTE DE),48.653267,2.337815,18,2,2
202100056457,100Â 985,B01,2,2,2,5,1,-1,-1,0,0,-1,2021,29.0,1,2,0,2,1,1,1,,3,D3,0,,2,2,0,2,32,160,1,, -1,1,5,1,80,1,1,1,89,89397,1,2,1,3,D3,47.8439775913,3.2380137269,16,4,2
202100021244,163Â 684,A01,10,3,2,0,0,-1,-1,2,3,1,2021,57.0,1,2,0,1,7,1,1,,4,CLISSON (RUE ET SQUARE DE ),0,,2,2,0,1,(1),(1),1,, -1,1,0,1,30,31,8,1,56,56121,2,1,0,6,CLISSON (RUE DE ),47.75025,-3.36213,8,2,1
202100015507,173Â 983,A01,10,3,2,2,0,-1,-1,3,3,1,2021,15.0,0,2,0,1,1,1,1,,4,COUPIANE (AVE DE LA),0,,2,2,0,1,0,0,1,, -1,1,0,1,50,1,10,1,83,83144,2,1,0,6,COUPIANE (AVE DE LA),43.13112,5.988983,9,2,1
202100015405,174Â 167,B01,1,1,1,0,2,-1,-1,0,0,-1,2021,16.0,2,1,0,2,1,1,1,,3,,0,,2,2,0,2,0,0,1,,4,1,0,1,50,1,10,1,24,24520,2,3,0,3,Avenue JosÃ©phine Baker,44.870692,1.20618,14,3,2
202100014117,176Â 450,A01,1,1,2,5,2,6,-1,-1, -1,-1,2021,56.0,1,1,12,0,1,1,1,,3,BAYONNE (AVENUE DE),0,,2,2,3,1,9,360,1,, -1,1,0,1,30,9,10,5,64,64024,2,1,0,7,BAYONNE (AVENUE DE),43.4814,-1.5108,2,1,1
202100028677,150Â 459,B01,1,1,1,5,8,0,-1,0,0,-1,2021,26.0,1,1,0,2,3,1,5,,4,RUE DE RENNES,0,,-1,2,1,1,(1),(1),1,, -1,1,0,5,30,16,7,1,75,75106,2,1,0,3,RUE DE RENNES,48.845246,2.325212,14,2,2
202100015592,173Â 809,B01,2,2,2,5,1,-1,-1,-1, -1,-1,2021,45.0,1,2,0,2,1,1,1,,3,BISCAROSSE (AVE) DUNE VERS BISCA,0,,2,2,0,4,12,425,1,, -1,2,0,1,70,2,10,1,33,33529,1,1,0,1,BISCAROSSE (AVE) DUNE VERS BISCA,44.5725,-1.2196,9,4,2
202100015748,173Â 519,A01,10,3,2,9,0,-1,-1,4,3,1,2021,29.0,1,2,0,1,3,1,2,,4,AVENUE DE LA REPUBLIQUE,0,,2,4,0,1,(1),(1),1,, -1,1,0,1,30,1,10,2,75,75111,2,2,0,6,AVENUE DE LA REPUBLIQUE,48.866358,2.368831,8,2,1
202100015753,173Â 512,B01,1,1,1,9,8,0,-1,0,0,-1,2021,24.0,1,0,0,2,8,1,3,,4,PONT DE SULLY,0,,1,2,0,1,(1),(1),1,, -1,1,2,1,30,30,9,1,75,75104,2,2,0,3,PONT DE SULLY,48.85082,2.361435,14,2,2
202100049482,113Â 307,A01,1,1,2,1,1,0,-1,-1, -1,-1,2021,43.0,2,2,0,2,3,13,2,,4,RUE DES LABOURS,0,,2,2,0,1,0,0,2,, -1,1,0,1,30,2,3,2,77,77268,2,1,1,1,RUE DES LABOURS,48.87909,2.81227,8,3,2
202100000662,200Â 530,A01,1,1,2,5,1,-1,-1,0,0,-1,2021,49.0,1,2,6,0,2,13,1,,3,D 16,-1,,2,2,0,1,(1),(1),1,, -1,1,0,1,-1,20,12,2,44,44056,1,3,0,1,Le Gue Geraud,47.412429,-1.770355,8,2,2
202100029771,148Â 571,A01,2,2,2,5,2,0,-1,-1, -1,-1,2021,14.0,1,1,0,2,1,17,1,,3,NATIONALE (ROUTE) CD937,0,,-1,1,0,1,16,245,1,, -1,1,5,1,50,9,7,1,62,62737,2,6,0,3,NATIONALE (ROUTE) CD937,50.4513,2.68706,21,3,2
202100046143,119Â 282,A01,1,1,1,5,2,0,-1,-1, -1,-1,2021,15.0,3,1,0,2,8,19,5,,3,PROFESSEUR CADIOT (AV DU),0,,2,4,0,1,0,0,1,, -1,1,0,1,50,28,3,1,94,94046,2,9,0,3,PROFESSEUR CADIOT (AV DU),48.80439,2.43252,17,2,2
202100027876,151Â 885,B01,1,1,2,0,1,-1,-1,-1, -1,-1,2021,32.0,1,2,0,2,3,1,1,,4,ROBERT REYNIER                      (R ),0,,2,2,0,1,(1),(1),1,, -1,1,0,1,50,20,7,1,69,69199,2,2,0,3,ROBERT REYNIER (R),45.70969,4.86088,14,2,2
202100032604,143Â 495,A01,2,2,2,5,2,6,-1,0,0,-1,2021,51.0,1,1,7,0,1,1,1,,7,451,0,D,2,2,0,1,1,180,2,, -1,1,0,8,80,12,6,3,67,67350,1,6,0,6,D451,48.591767,7.645884,22,2,1
202100045543,120Â 333,B01,1,1,1,0,2,-1,-1,-1, -1,-1,2021,21.0,1,1,0,2,1,2,1,,4,ROGER RADISSON                      (R ),0,,-1,2,0,3,(1),(1),1,, -1,1,0,1,50,1,4,1,69,69385,2,1,1,3,ROGER RADISSON (R),45.7604114386,4.8188541229,16,2,2
202100032075,144Â 416,A01,1,1,1,0,2,8,-1,-1, -1,-1,2021,32.0,1,1,8,0,8,17,1,,4,COMMUNE DE PARIS (AVENUE),0,,1,1,0,1,0,0,1,, -1,1,0,1,50,26,6,1,974,97407,2,1,0,6,COMMUNE DE PARIS (AVENUE),-20.94238,55.29226,16,1,1
202100034979,139Â 173,A01,1,1,1,0,2,6,-1,-1, -1,-1,2021,44.0,3,1,0,0,7,1,1,,4,MELVILLE LYNCH (ROND POINT),0,,-1,3,0,1,0,0,2,, -1,1,0,1,50,9,6,1,64,64024,2,6,0,3,MELVILLE LYNCH (ROND POINT),43.46816,-1.49753,11,2,2
202100026525,154Â 285,A01,7,2,1,0,1,-1,-1,0,0,-1,2021,43.0,1,2,13,0,2,1,1,,1,4,-1,,1,4,0,1,273,100,1,, -1,1,0,3,130,30,7,2,55,55242,1,1,0,6,Autoroute A4 PK 273.100,49.127898,5.650277,5,4,1
202100028988,149Â 910,A01,1,1,1,4,2,6,-1,0,0,-1,2021,22.0,2,1,0,0,6,1,1,,4,RUE DE LA CROIX NIVERT,0,,2,2,0,1,(1),(1),1,, -1,2,0,1,30,13,7,1,75,75115,2,1,1,7,RUE DE LA CROIX NIVERT,48.839324,2.289889,17,1,1
202100010808,182Â 412,A01,1,1,2,0,1,-1,-1,0,0,-1,2021,72.0,1,2,0,2,2,1,1,,3,1,-1,D,2,2,0,1,4,750,1,,7,1,0,1,90,27,10,1,88,88104,1,1,1,2,D1,48.307926,5.690024,15,2,2
202100051881,108Â 963,A01,1,1,1,4,2,0,-1,-1, -1,-1,2021,21.0,1,1,0,2,1,26,1,,4,PAUL VAILLANT-COUTURIER (AVENUE),0,,2,2,0,1,0,0,1,, -1,2,0,1,50,8,2,5,91,91549,2,2,0,3,PAUL VAILLANT-COUTURIER (AVENUE),48.652148,2.326077,18,2,2
202100017898,169Â 628,A01,1,1,1,9,2,0,-1,-1, -1,-1,2021,34.0,1,1,0,2,2,1,1,,3,19,0,,2,4,0,1,0,0,1,, -1,1,0,1,50,20,9,1,92,92024,2,2,0,3,CLICHY (QUAI DE) DE (104 A 202),48.90849,2.30016,11,3,2
202100029686,148Â 734,A01,1,1,1,5,2,6,-1,0,0,-1,2021,18.0,2,1,15,6,1,1,1,,3,5,-1,F,2,2,0,3,7,300,1,, -1,1,0,1,80,11,7,3,21,21378,1,1,0,1,RD 5F,47.858555,4.413006,3,1,1
202100019899,166Â 063,A01,1,1,1,9,2,0,-1,0,0,-1,2021,26.0,1,1,0,2,4,2,5,,4,AVENUE FOCH,0,,2,4,0,1,(1),(1),1,, -1,2,0,1,50,9,9,5,75,75116,2,1,1,2,AVENUE FOCH,48.8718485623,2.2770264745,0,2,2
202100019990,165Â 900,B01,1,1,1,5,1,-1,-1,0,0,-1,2021,77.0,2,2,4,2,4,2,1,,1,7,0,,1,5,0,1,72,650,1,, -1,1,0,1,90,5,9,1,26,26362,1,1,0,2,Autoroute A7,44.912973,4.877543,14,2,2
202100034240,140Â 542,B01,1,1,1,0,8,0,-1,-1, -1,-1,2021,21.0,2,1,0,2,2,19,2,,4,KOENIGSHOFFEN (RUE DE),0,,3,5,1,2,0,0,1,, -1,1,4,1,50,15,6,1,67,67482,2,8,0,3,KOENIGSHOFFEN (RUE DE),48.58064,7.72738,8,2,2
202100051525,109Â 594,A01,1,1,1,1,1,0,-1,-1, -1,-1,2021,44.0,1,2,0,0,4,23,1,,3,REPUBLIQUE (AVE DE LA ) => NO 41/50,0,,2,2,0,1,0,1,1,, -1,1,0,1,50,14,2,5,93,93001,2,2,0,2,REPUBLIQUE (AVE DE LA ) => NO 41/50,48.9124500141,2.3834361237,2,2,2
202100012387,179Â 569,B01,1,1,1,0,2,-1,-1,-1, -1,-1,2021,60.0,1,1,0,2,4,1,3,,4,ST BARTHELEMY                       (MO),0,,1,1,2,2,(1),(1),1,, -1,1,8,1,30,18,10,1,69,69385,2,1,0,2,SAINT BARTHELEMY (MO),45.76036,4.82336,10,2,2
202100013036,178Â 448,B01,1,1,1,4,1,0,-1,-1, -1,-1,2021,48.0,2,2,0,2,1,2,1,,3,MONNET (RUE JEAN),0,,2,2,0,1,1,500,1,, -1,1,0,1,50,13,10,1,87,87085,1,1,0,4,MONNET (RUE JEAN),45.86055,1.28557,17,3,3
202100030054,148Â 063,A01,1,1,1,4,0,-1,-1,0,0,-1,2021,25.0,1,5,8,0,2,1,1,,3,188,0,,2,2,0,1,9,850,3,, -1,1,0,3,80,8,7,1,44,44180,1,1,0,6,La cheneliÃ¨re - FREIGNE,47.533096,-1.11751,18,1,1
202100036342,136Â 737,B01,1,1,1,5,2,6,-1,0,0,-1,2021,50.0,1,1,0,2,8,1,1,,3,6085,-1,D,2,2,0,2,22,194,1,, -1,1,0,1,80,5,6,1,6,6058,1,1,0,3,D6085,43.726232,6.81761,12,4,2
202100024260,158Â 303,A01,10,3,2,5,0,-1,-1,9,9,2,2021,21.0,3,2,0,1,7,1,1,,4,SENIX (CHEMIN DE),0,,2,1,0,2,0,0,1,, -1,1,0,1,30,13,8,2,64,64483,1,1,0,6,SENIX (CHEMIN DE),43.420630001,-1.62167,20,2,1
202100013908,176Â 842,B01,2,1,1,0,1,0,-1,-1, -1,-1,2021,52.0,0,0,0,2,0,0,0,,3,180,0,,-1,2,0,1,0,0,1,, -1,1,0,1,50,11,10,5,92,92064,2,3,0,1,CAMP CANADIEN,48.852899,2.205848,19,2,2
202100007287,188Â 720,B01,4,2,2,5,1,0,-1,0,0,-1,2021,61.0,2,2,0,2,7,1,0,,3,RD 102,0,,2,2,0,1,12,365,1,, -1,1,5,1,80,18,11,1,26,26057,1,2,0,3,Route de Besayes,45.009052,5.062082,16,6,2
202100050000,112Â 370,B01,1,1,1,0,1,-1,-1,0,0,-1,2021,48.0,0,2,0,2,4,2,1,,3,ALLONVILLE (ROUTE D'),0,,2,2,0,1,(1),(1),1,, -1,1,0,1,50,24,2,1,80,80021,2,1,0,2,ALLONVILLE (ROUTE D'),49.91254,2.31717,17,2,2
202100051477,109Â 690,A01,1,1,1,4,8,-1,-1,0,0,-1,2021,24.0,2,4,16,0,2,1,1,,1,71,-1,A,3,4,0,3,277,376,1,, -1,1,0,3,-1,16,2,1,3,3193,1,1,0,7,A71,46.5131033565,2.5915408502,10,1,1
202100030167,147Â 844,A01,1,1,1,4,2,8,-1,-1, -1,-1,2021,22.0,1,1,0,2,1,1,3,,7,ROBERTSAU (RUE DE LA),0,,2,4,1,1,(1),(1),1,, -1,2,0,1,50,6,7,1,67,67043,2,1,1,3,ROBERTSAU (RUE DE LA),48.612992,7.764914,19,2,2
202100031163,146Â 031,B01,1,1,1,9,2,6,-1,0,0,-1,2021,22.0,1,1,0,2,8,3,1,,4,BOULEVARD PERIPHERIQUE,0,,1,4,0,1,24,400,1,, -1,1,0,1,70,2,7,1,75,75119,2,1,0,3,BOULEVARD PERIPHERIQUE,48.900309,2.377994,8,2,2
202100006402,190Â 353,B01,1,1,1,4,2,6,-1,-1, -1,-1,2021,47.0,2,1,0,2,1,17,1,,4,BAYONNE DE,0,,2,2,0,1,0,0,1,, -1,1,0,1,50,9,11,5,64,64129,2,1,0,3,BAYONNE DE,43.3017167639,-0.3954219818,7,2,2
202100054932,103Â 622,A01,10,3,2,2,0,-1,-1,2,3,1,2021,17.0,1,2,0,1,3,1,1,,4,AV BOILEAU,0,,2,2,0,1,1,0,1,, -1,1,0,1,50,15,1,1,94,94017,2,1,0,6,BOILEAU (AV),48.80416,2.54681,13,2,1
202100041365,127Â 668,A01,4,2,1,0,0,-1,-1,0,0,-1,2021,1.0,2,2,0,0,9,1,1,,3,20,0,D,2,2,0,1,1,800,1,, -1,2,0,8,80,5,5,1,27,27214,1,1,1,7,D20,49.308239,1.407999,12,3,1
202100052707,107Â 518,B01,1,1,1,1,2,0,-1,0,0,-1,2021,53.0,3,1,0,2,1,1,3,,3,9,0,,3,2,1,1,0,0,1,, -1,2,0,1,50,3,2,5,92,92026,2,4,1,3,BAUDIN,48.8965175959,2.2523313761,7,2,2
202100053408,106Â 257,A01,1,1,1,1,1,0,-1,-1, -1,-1,2021,63.0,2,2,0,2,4,2,1,,1,A50-Sens Aubagne vers Marseille,0,,1,3,0,1,7,800,1,, -1,1,0,1,90,27,1,1,13,13211,1,1,0,2,A50-Sens Aubagne vers Marseille,43.292853,5.476315,8,2,2
202100054619,104Â 155,A01,10,3,2,5,0,-1,-1,4,3,1,2021,68.0,1,4,0,1,5,16,1,,3,JUIN (AVENUE DU MARECHAL),0,,3,3,0,1,0,0,1,, -1,2,5,1,50,14,1,1,92,92063,2,2,1,6,JUIN (AVENUE DU MARECHAL),48.88137,2.18439,11,2,1
202100006743,189Â 730,A01,10,3,1,9,8,0,-1,3,3,1,2021,28.0,1,2,0,1,1,1,1,,3,50,0,,2,2,0,1,0,0,1,, -1,1,0,1,50,23,11,5,92,92012,2,2,0,6,ANDRE MORIZET (AVENUE) 1/47 - 2/52,48.8350194307,2.2412887216,19,2,1
202100042754,125Â 222,A01,1,1,1,0,2,-1,-1,0,0,-1,2021,17.0,2,1,0,0,8,0,1,,3,101,-1,,2,2,0,1,17,0,1,, -1,1,0,1,90,23,4,2,72,72168,2,9,1,3,La fosse,48.00333,-0.153422,19,2,2
202100006255,190Â 617,B01,1,1,1,2,2,8,-1,-1, -1,-1,2021,16.0,1,1,0,1,3,18,5,,4,MITTERAND (AVENUE FRANCOIS),0,,2,2,1,1,(1),(1),1,, -1,1,0,5,50,24,11,1,35,35115,2,1,0,3,MITTERAND (AVENUE FRANCOIS),48.35158,-1.20074,12,2,2
202100030992,146Â 336,B01,1,1,2,5,2,0,-1,-1, -1,-1,2021,37.0,2,1,0,0,0,0,5,,3,MARQUISATS (AVENUE DES),0,,4,2,0,1,0,0,3,, -1,1,5,1,30,30,6,1,74,74010,2,1,0,3,MARQUISATS (AVENUE DES),45.8969,6.1317,13,3,2
202100050906,110Â 686,A01,1,1,1,4,2,6,-1,0,0,-1,2021,28.0,2,1,0,2,4,1,1,,7,RN 12 (DE PONT DESFOSES A LIMITE CICONSC,0,,3,4,0,1,73,500,1,, -1,1,0,1,90,18,2,3,29,29019,1,1,0,2,D112 - Amiral DesfossÃ©s,48.416493,-4.479007,21,2,2
202100004190,194Â 266,B01,1,1,2,1,1,-1,-1,0,0,-1,2021,27.0,3,2,0,2,1,1,1,,4,,-1,,2,2,0,2,(1),(1),1,,4,2,0,1,70,7,12,1,76,76489,1,1,0,1,Route de la VallÃ©e,49.502611,0.296996,9,2,2
202100055320,102Â 947,A01,1,1,2,1,1,0,-1,-1, -1,-1,2021,22.0,2,2,0,2,1,2,1,,2,PORTE D'ANGERS,0,,3,4,0,1,7,315,1,, -1,1,0,1,90,12,1,2,35,35238,1,1,0,2,PORTE D'ANGERS,48.0815,-1.6512,7,2,2