Num_Acc,id_vehicule,num_veh,place,catu,sexe,trajet,secu1,secu2,secu3,locp,actp,etatp,year_acc,victim_age,senc,catv,obs,obsm,choc,manv,motor,occutc,catr,voie,v1,v2,circ,nbv,vosp,prof,pr,pr1,plan,lartpc,larrout,surf,infra,situ,vma,jour,mois,lum,dep,com,agg_,int,atm,col,adr,lat,long,hour,nb_victim,nb_vehicules
202100033964,141Â 053,B01,1,1,1,1,2,6,9,0,0,-1,2021,25.0,1,1,0,2,7,1,1,,3,30,-1,D,2,2,0,1,(1),(1),1,, -1,1,9,1,50,15,6,1,69,69094,2,6,0,3,D 30,45.7494071822,4.6951324939,6,2,2
202100054412,104Â 494,A01,2,2,1,5,8,-1,-1,-1, -1,-1,2021,19.0,3,5,9,0,1,15,1,,4,,0,,2,2,0,1,(1),(1),2,, -1,1,0,1,50,19,1,5,69,69259,2,1,0,6,FRERES LOUIS ET EMILE BERTRAND (DES) (R),45.7182081706,4.8712791781,20,2,1
202100020808,164Â 453,B01,1,1,1,5,2,6,-1,-1, -1,-1,2021,27.0,2,1,0,2,7,1,1,,1,AUTOROUTE A6,0,,1,3,0,1,10,300,1,, -1,1,0,1,110,5,9,1,91,91689,1,1,0,3,AUTOROUTE A6,48.730034,2.31472,16,2,2
202100006865,189Â 513,B01,1,1,1,5,2,6,-1,0,0,-1,2021,24.0,0,1,0,2,2,2,1,,3,120,0,D,2,2,0,1,8,0,1,, -1,1,0,1,80,22,11,3,60,60056,1,1,0,2,D120,49.294486,2.559957,18,2,2
202100005916,191Â 216,A01,1,1,1,0,8,0,-1,0,0,-1,2021,32.0,3,1,0,2,1,1,5,,7,CLAUSSAT (AVENUE JOSEPH),0,,2,2,0,1,(1),(1),1,, -1,1,0,1,50,25,11,5,63,63075,2,1,0,3,CLAUSSAT (AVENUE JOSEPH),45.78039,3.06295,20,2,2
202100026458,154Â 408,A01,10,3,1,5,0,-1,-1,1,3,1,2021,35.0,1,2,0,1,1,26,1,,4,MONTAIGNE AVENUE,0,,2,2,0,1,1,0,1,, -1,1,0,1,50,27,7,3,49,49007,2,1,0,6,MONTAIGNE AVENUE,47.46881,-0.53178,22,2,1
202100022273,161Â 824,B01,1,1,1,0,2,6,-1,-1, -1,-1,2021,26.0,1,1,0,2,3,0,1,,4,DIDEROT BOULEVARD,0,,-1,1,0,1,(1),(1),1,, -1,1,0,1,50,27,8,1,25,25056,2,3,0,3,DIDEROT BOULEVARD,47.24222,6.03344,15,2,2
202100010074,183Â 690,A01,1,1,1,5,0,-1,-1,0,0,-1,2021,41.0,2,1,0,0,0,26,5,,4,,-1,,1,1,0,2,(1),(1),1,,"1,4",1,0,4,30,31,10,1,39,39434,2,1,0,7,72 Grande Rue,46.835849,5.708564,16,1,1
202100039896,130Â 276,B01,1,1,1,5,1,0,-1,-1, -1,-1,2021,20.0,1,2,4,0,0,0,1,,1,A47,0,,3,4,0,1,19,150,1,, -1,1,8,1,70,13,5,3,42,42123,1,1,0,3,A47,45.51744,4.58856,21,3,2
202100001597,198Â 952,B01,1,1,2,5,1,0,-1,-1, -1,-1,2021,39.0,1,2,0,2,0,0,1,,4,GASNIER AVENUE,0,,2,2,0,1,1,0,1,, -1,1,0,1,50,18,12,5,49,49007,2,1,0,6,GASNIER AVENUE,47.48682,-0.57302,23,5,2
202100001219,199Â 593,B01,1,1,1,9,1,0,-1,-1, -1,-1,2021,45.0,1,2,0,2,3,15,1,,3,NATIONAL BOULEVARD,0,,2,2,0,1,0,0,1,, -1,2,0,1,30,26,12,2,92,92050,2,9,1,3,NATIONAL BOULEVARD,48.8884946338,2.1839793026,7,3,2
202100026240,154Â 797,A01,10,3,2,4,0,-1,-1,1,3,1,2021,55.0,1,2,0,1,1,1,1,,3,933,0,D,2,2,0,1,30,370,1,, -1,1,0,1,70,31,7,1,59,59401,1,1,0,1,363 Rue Nationale,50.739439,2.703192,12,3,2
202100046588,118Â 494,B01,1,1,1,2,2,6,-1,-1, -1,-1,2021,17.0,1,1,0,2,1,16,1,,3,HERRIOT (rue Edouard),0,,2,4,0,2,24,10,1,, -1,1,0,1,50,23,3,1,69,69115,2,6,0,3,ECOSSAIS (DE L') (R),45.97904,4.73032,12,2,2
202100042852,125Â 070,B01,1,1,2,1,1,0,-1,-1, -1,-1,2021,49.0,2,2,0,2,3,15,1,,4,PASTEUR,0,,2,2,0,1,0,0,1,, -1,1,0,1,30,22,4,1,64,64445,2,2,0,3,PASTEUR,43.30191,-0.37109,17,3,2
202100008964,185Â 694,A01,10,3,1,4,0,-1,-1,1,A,1,2021,59.0,1,1,0,1,1,18,1,,4,BOULEVARD NEY,0,,1,4,2,1,(1),(1),1,, -1,1,-1,5,50,7,11,2,75,75118,2,4,0,6,BOULEVARD NEY,48.897901,2.339277,17,2,1
202100027607,152Â 376,A01,2,2,1,5,8,-1,-1,0,0,-1,2021,31.0,2,2,0,0,0,2,1,,3,25,-1,,2,2,0,2,1,142,2,, -1,1,0,3,80,22,7,3,57,57097,1,1,0,7,dÃ©partementale  25,49.178225,6.516953,22,2,1
202100029216,149Â 535,A01,2,2,2,5,1,-1,-1,0,0,-1,2021,64.0,1,2,2,0,3,2,1,,3,906,0,D,2,2,0,1,70,50,1,, -1,1,0,3,90,13,7,1,21,21050,1,9,0,6,D906,47.003378,4.661703,17,3,1
202100011370,181Â 400,B01,1,1,1,1,2,6,-1,0,0,-1,2021,60.0,1,1,0,2,1,1,1,,3,DEPARTEMENTALE 2 (ROUTE),0,,2,2,0,1,14,240,1,, -1,1,0,1,70,23,10,2,65,65100,1,2,0,3,DEPARTEMENTALE 2 (ROUTE),43.26802,0.07647,19,2,2
202100047304,117Â 212,A01,1,1,1,5,2,7,-1,0,0,-1,2021,33.0,1,1,0,2,1,1,1,,3,30,0,D,2,1,0,2,29,700,1,, -1,1,0,1,70,20,3,1,67,67067,2,2,0,3,Route de Bilwisheim (Pont),48.717148,7.701786,8,2,2
202100036482,136Â 492,B01,1,1,1,0,2,0,-1,-1, -1,-1,2021,43.0,2,1,9,2,1,1,1,,3,BALLANGER (BD ROBERT),0,,3,4,3,1,0,1,1,, -1,2,5,1,50,4,6,1,93,93078,2,2,1,3,Boulevard Robert Ballanger / Avenue Jacques Duclos,48.958852,2.549336,7,3,2
202100019288,167Â 159,A01,2,2,2,5,8,-1,-1,0,0,-1,2021,20.0,1,2,13,0,1,16,1,,3,47,-1,,2,2,0,2,49,50,1,, -1,1,0,3,80,24,8,3,46,46197,1,3,0,6,D47,44.355809,1.441765,23,3,1
202100001421,199Â 239,A01,1,1,1,0,8,-1,-1,0,0,-1,2021,24.0,2,2,17,0,2,1,1,,4,,-1,,2,1,0,2,(1),(1),3,,3,2,0,3,50,27,12,5,37,37027,2,1,1,6,107 Le Cendrier,47.2973408206,1.012577489,6,1,1
202100004456,193Â 801,A01,1,1,1,1,1,-1,-1,0,0,-1,2021,31.0,1,2,0,2,2,12,1,,2,27,-1,,3,2,0,1,33,200,1,, -1,1,0,1,110,7,12,2,76,76197,1,1,0,3,RN 27 PK033.000,49.774086,1.063871,8,2,2
202100011930,180Â 399,B01,9,2,2,5,1,-1,-1,0,0,-1,2021,31.0,1,2,13,2,4,2,1,,3,45,-1,,2,2,0,1,3,200,1,, -1,1,0,1,80,22,8,1,71,71069,1,4,1,2,Route du Moulin Cabot,46.3338746406,4.697511926,18,4,2
202100028200,151Â 285,A01,1,1,1,5,2,6,9,0,0,-1,2021,41.0,1,1,10,0,7,1,1,,3,268,0,D,2,2,0,2,3,50,2,, -1,1,0,3,70,19,7,1,201,201269,1,1,0,6,RD 268,41.86209,9.391133,18,1,1
202100021662,162Â 911,B01,4,2,1,5,1,0,-1,-1, -1,-1,2021,14.0,0,2,0,2,4,26,1,,3,PLAINE DE FRANCE (AVENUE DE LA),0,,-1,3,0,1,(1),(1),1,, -1,1,0,1,50,31,8,1,93,93078,1,1,0,2,Avenue de la Plaine,48.9721,2.5059,16,3,2
202100021253,163Â 670,B01,1,1,1,5,2,6,-1,-1, -1,-1,2021,28.0,1,1,0,2,4,2,1,,3,SALINE (BOULEVARD DE LA),0,,3,4,1,1,29,657,1,, -1,1,5,1,70,31,8,1,50,50173,2,2,0,2,SALINE (BOULEVARD DE LA),49.65386,-1.64906,18,2,2
202100010557,182Â 861,B01,1,1,1,9,2,6,-1,0,0,-1,2021,35.0,2,1,0,2,1,1,1,,4,RUE JOUFFROY D ABBANS,0,,2,2,0,1,(1),(1),1,, -1,1,0,1,30,28,10,1,75,75117,2,4,0,3,RUE JOUFFROY D ABBANS,48.886327,2.310849,17,2,2
202100043795,123Â 400,B01,1,1,1,9,2,6,-1,0,0,-1,2021,46.0,3,1,0,2,1,1,1,,4,ALLEE DU BORD DE L EAU,0,,2,2,0,1,(1),(1),1,, -1,1,0,1,50,15,4,1,75,75116,2,1,0,3,ALLEE DU BORD DE L EAU,48.859055,2.227568,17,3,2
202100050100,112Â 186,A01,1,1,1,5,2,6,-1,0,0,-1,2021,15.0,1,1,0,2,4,15,1,,3,204,-1,,2,2,0,1,5,600,1,, -1,1,0,1,50,26,2,1,12,12288,2,3,0,2,Route de Marcillac - D204 - Nuces,44.447423,2.442049,15,2,2
202100024757,157Â 395,B01,1,1,1,0,1,0,-1,-1, -1,-1,2021,29.0,1,5,8,2,1,1,1,,4,PEYSONNEL (RUE),0,,1,1,1,1,0,0,1,, -1,1,0,1,50,9,8,2,13,13202,2,2,0,3,PEYSONNEL (RUE),43.31136,5.37046,5,2,2
202100038012,133Â 714,A01,1,1,2,1,1,5,-1,-1, -1,-1,2021,27.0,2,2,0,2,1,9,1,,4,RUE FARADAY,0,,2,2,0,1,(1),(1),1,, -1,1,0,1,50,27,5,1,33,33281,2,2,0,3,Rue FranÃ§ois Arago,44.85587,-0.67108,17,2,2
202100055886,101Â 981,B01,1,1,1,0,1,0,-1,-1, -1,-1,2021,79.0,1,2,0,2,4,0,1,,1,AUTOROUTE A3,0,,3,6,0,1,12,100,3,, -1,2,0,1,90,7,1,2,93,93007,1,1,1,2,A3,48.94315,2.47791,17,2,2
202100032779,143Â 183,A01,1,1,2,5,0,-1,-1,0,0,-1,2021,72.0,0,1,0,0,0,5,5,,4,,-1,,1,1,0,2,(1),(1),1,,"3,5",1,0,1,50,19,6,1,78,78420,2,1,0,7,Chemin du Bois Renoult,48.774003,1.80297,16,1,1
202100009238,185Â 200,A01,1,1,2,1,1,0,-1,0,0,-1,2021,31.0,1,2,0,0,1,1,1,,7,ARMENTIERES (RUE D'),0,,2,2,0,1,(1),(1),1,, -1,1,0,3,50,5,11,1,59,59152,1,9,0,7,ARMENTIERES (RUE D'),50.75755,2.99174,16,1,1
202100003832,194Â 902,A01,1,1,1,9,2,6,-1,0,0,-1,2021,31.0,1,1,0,2,2,1,1,,4,AVENUE DES TERNES,0,,2,4,0,1,(1),(1),1,, -1,1,5,1,30,9,12,5,75,75117,2,5,0,2,AVENUE DES TERNES,48.880711,2.285292,19,2,2
202100003797,194Â 970,A01,1,1,1,5,1,-1,-1,0,0,-1,2021,52.0,1,2,0,2,1,13,1,,3,12,0,,2,2,0,1,(1),(1),1,, -1,2,0,1,80,11,12,1,22,22208,1,1,1,1,les ruaux,48.316909,-2.021184,15,3,2
202100015235,174Â 472,A01,10,3,1,2,0,-1,-1,2,3,1,2021,10.0,1,2,0,1,1,1,1,,4,VERDUN (R DE),0,,2,2,0,1,0,0,1,, -1,1,0,1,50,4,10,1,94,94076,2,1,0,6,Rue de Verdun,48.791,2.35365,13,2,1
202100013070,178Â 381,A01,1,1,1,5,2,0,-1,-1, -1,-1,2021,18.0,2,1,0,2,1,2,5,,4,MERVILLE (RUE  JEAN DE ),0,,2,2,0,1,(1),(1),1,, -1,1,0,1,30,13,10,1,56,56121,2,3,1,2,MERVILLE (RUE  JEAN DE ),47.7448066,-3.37790027,18,2,2
202100025136,156Â 726,B01,1,1,1,5,2,0,-1,0,0,-1,2021,25.0,2,1,0,2,8,1,1,,4,CASTORS (CHEMIN DES),0,,2,2,0,2,(1),(1),2,, -1,1,0,1,50,7,8,1,6,6069,2,1,0,3,CASTORS (CHEMIN DES),43.642076,6.931772,16,2,2
202100040655,128Â 949,A01,1,1,1,1,1,-1,-1,0,0,-1,2021,34.0,-1,2,13,0,1,1,1,,3,937,-1,,2,2,0,1,(1),(1),2,, -1,2,0,1,70,8,5,2,80,80240,2,1,1,7,D937,49.928551,2.959633,5,1,1
202100017483,170Â 373,A01,10,3,2,5,0,-1,-1,3,3,1,2021,82.0,2,0,0,1,1,16,3,,4,LECUYER (RUE ANTOINE),0,,1,0,0,1,0,0,1,, -1,1,0,1,50,21,9,1,2,2691,2,6,0,6,LAFAYETTE (PLACE),49.8511421579,3.2869527913,18,3,1
202100043430,124Â 030,A01,1,1,1,0,1,0,-1,-1, -1,-1,2021,28.0,1,2,0,2,1,15,1,,4,DALBIEZ (AVENUE VICTOR),0,,2,2,0,1,(1),(1),1,, -1,1,0,1,50,17,4,1,66,66136,2,3,0,3,DALBIEZ (AVENUE VICTOR),42.68463,2.88208,12,2,2
202100002454,197Â 387,A01,1,1,2,9,2,0,-1,0,0,-1,2021,53.0,2,1,0,2,2,17,3,,4,BOULEVARD DE CLICHY,0,,1,1,1,1,(1),(1),1,, -1,1,-1,5,30,17,12,5,75,75109,2,3,0,3,BOULEVARD DE CLICHY,48.882976,2.33486,16,2,2
202100055018,103Â 467,A01,2,2,1,5,1,8,-1,-1, -1,-1,2021,40.0,1,2,0,2,9,5,1,,3,R.D.20,0,,3,4,0,1,33,700,1,, -1,1,0,1,90,14,1,3,91,91223,1,1,0,1,R.D.20,48.436692,2.170354,2,3,2
202100022902,160Â 686,B01,2,1,1,5,2,0,-1,-1, -1,-1,2021,73.0,3,1,0,2,7,1,5,,4,LIBERTE (AVENUE DE LA),0,,1,1,0,1,0,0,2,, -1,1,0,1,50,22,8,1,91,91549,2,6,0,3,LIBERTE (AVENUE DE LA),48.6424,2.34735,9,2,2
202100018715,168Â 186,A01,2,2,1,0,8,0,-1,-1, -1,-1,2021,19.0,1,2,3,0,0,0,0,,2,RN104,0,,-1,2,0,1,0,100,3,, -1,2,0,1,70,15,9,1,77,77337,1,1,1,6,RN104,48.8290209708,2.6186505189,12,2,1
202100054110,105Â 028,B01,1,1,1,0,2,6,-1,-1, -1,-1,2021,26.0,1,1,0,2,1,1,1,,3,AV DU MARECHAL DE LATTRE DE TASSIGNY ,0,,1,2,0,1,1,0,1,, -1,2,0,1,50,21,1,5,94,94033,2,1,0,3,MARECHAL DE LATTRE DE TASSIGNY (AV DU),48.85821,2.49127,7,2,2
202100039738,130Â 551,A01,2,2,2,5,1,-1,-1,0,0,-1,2021,46.0,1,2,0,2,2,12,1,,1,7,0,,3,5,0,1,104,900,1,, -1,1,0,1,130,17,5,2,26,26106,1,1,0,2,"Autoroute a7, PK 104.900",44.642104,4.786696,6,3,2
202100041987,126Â 572,B01,1,1,2,0,1,0,-1,-1, -1,-1,2021,25.0,2,2,0,2,1,1,1,,1,A55-Sens Martigues vers Marseille,0,,1,3,0,1,36,0,1,, -1,2,2,1,90,29,4,1,13,13056,1,1,1,3,A55-Sens Martigues vers Marseille,43.394354,5.051952,10,2,2
202100053563,105Â 976,A01,1,1,1,1,8,-1,-1,-1, -1,-1,2021,25.0,1,1,0,2,1,25,3,,4,,0,,2,2,1,2,(1),(1),1,, -1,1,0,4,50,26,1,5,69,69081,2,3,0,3,JEAN MARIE VIANNEY (CHM),45.7884789566,4.7818416028,19,2,2
202100035499,138Â 258,A01,2,2,1,1,1,8,-1,-1, -1,-1,2021,44.0,2,2,15,0,0,14,1,,4,BERTHELOT (RUE MARCELIN BERTHELOT),0,,2,2,0,1,(1),(1),1,, -1,1,0,4,50,9,6,5,45,45147,2,1,0,6,53 Rue Marcelin Berthelot,47.92198,1.91436,22,2,1
202100048014,115Â 918,A01,10,3,1,0,0,-1,-1,9,B,-1,2021,17.0,2,3,0,1,2,1,3,,4,JET D'EAU (DU)                      (PL),0,,1,3,3,1,(1),(1),1,, -1,1,4,1,50,14,3,1,69,69388,2,1,0,6,BERTHELOT (AV),45.73985,4.85879,16,2,1
202100051069,110Â 389,A01,10,3,2,5,0,-1,-1,2,3,2,2021,12.0,2,1,0,1,1,3,1,,4,ROMAIN ROLLAND (BOULEVARD),0,,2,3,0,1,0,0,1,, -1,1,0,1,50,18,2,1,13,13210,2,1,0,1,ROMAIN ROLLAND (BOULEVARD),43.2753607145,5.4164290304,16,2,1
202100018867,167Â 924,B01,1,1,1,5,1,-1,-1,0,0,-1,2021,46.0,1,2,0,2,1,2,1,,3,619,-1,,2,2,0,1,18,923,1,, -1,1,0,1,50,15,9,5,77,77222,2,1,0,2,D619,48.635727,2.799212,21,2,2
202100035906,137Â 508,A01,1,1,2,0,1,0,-1,0,0,-1,2021,23.0,1,2,1,0,3,1,1,,4,FRANCE (AVENUE ANATOLE),0,,1,2,2,1,(1),(1),1,, -1,1,0,1,50,7,6,5,54,54395,2,1,0,3,FRANCE (AVENUE ANATOLE),48.68598,6.15858,22,2,2
202100056255,101Â 342,A01,1,1,2,5,1,8,-1,-1, -1,-1,2021,28.0,1,2,7,0,3,13,1,,4,LOTE (RUE  RENE ),0,,2,2,0,1,(1),(1),1,, -1,1,0,8,50,3,1,1,56,56121,2,1,0,6,LOTE (RUE  RENE ),47.77045,-3.40388,14,1,1
202100052289,108Â 245,A01,1,1,1,0,1,-1,-1,-1, -1,-1,2021,50.0,1,2,12,0,3,0,1,,4,,0,,2,5,3,1,(1),(1),1,, -1,2,9,1,50,7,2,5,69,69383,2,1,1,7,GARIBALDI (R),45.75691,4.85273,2,1,1
202100041672,127Â 116,A01,1,1,1,5,1,0,-1,0,0,-1,2021,70.0,3,2,13,0,1,0,1,,4,ANCIENS COMBATTANTS D'AFN (AV,0,,2,2,0,1,(1),(1),1,, -1,2,0,8,50,2,5,1,27,27537,1,1,0,6,ANCIENS COMBATTANTS D'AFN (AV,49.25037,1.20871,16,2,1
202100013858,176Â 927,A01,10,3,2,0,0,-1,-1,2,3,1,2021,33.0,1,2,0,1,1,16,1,,7,CLOTEAUX (SQUARE DES),0,,2,2,0,1,11,300,1,, -1,1,0,1,50,11,10,5,35,35238,2,6,0,6,CLOTEAUX (SQUARE DES),48.085036,-1.695797,19,2,1
202100053260,106Â 531,A01,1,1,2,0,1,5,-1,-1, -1,-1,2021,29.0,1,2,12,0,3,14,1,,4,CHEMIN DES BASSINS,0,,2,0,0,1,1,0,3,, -1,2,0,1,50,28,1,1,94,94028,2,1,0,6,BASSINS.(CHEMIN DES),48.76832,2.46502,9,1,1
202100006300,190Â 534,A01,10,3,1,9,0,-1,-1,1,A,1,2021,55.0,2,2,0,1,6,15,1,,4,RUE DU FAUBOURG SAINT HONORE,0,,1,1,0,1,(1),(1),1,, -1,1,0,1,30,24,11,1,75,75108,2,4,0,6,RUE DU FAUBOURG SAINT HONORE,48.870438,2.3175,9,2,1
202100030824,146Â 668,A01,2,2,1,0,1,0,-1,-1, -1,-1,2021,24.0,1,2,0,2,1,9,1,,3,GAMBETTA BD,0,,1,2,0,1,18,684,1,, -1,1,5,1,50,4,7,5,78,78498,2,2,0,6,GAMBETTA BD,48.934073,2.040767,0,3,2
202100036322,136Â 766,A01,1,1,1,5,2,6,-1,0,0,-1,2021,25.0,1,1,13,0,1,1,1,,3,5,0,D,2,2,0,3,2,50,2,, -1,1,0,3,90,6,6,1,72,72145,1,1,0,7,LES CHATAIGNIERS,48.1943337048,-0.1375865938,13,1,1
202100054517,104Â 325,B01,1,1,1,1,1,5,-1,0,0,-1,2021,42.0,1,2,0,2,3,15,1,,3,401,-1,,2,2,0,1,8,710,1,, -1,1,0,1,50,20,1,1,77,77153,2,1,0,1,172 Rue du GÃ©nÃ©ral de Gaulle,49.053645,2.684827,16,3,2
202100002583,197Â 167,B01,1,1,1,1,1,-1,-1,-1,0,-1,2021,41.0,1,5,0,2,1,2,1,,3,CROIZAT AMBROISE,0,,2,2,0,1,5,500,1,, -1,1,0,1,50,16,12,5,95,95280,1,1,0,4,CROIZAT AMBROISE,49.02158,2.45293,17,3,3
202100005069,192Â 716,A01,10,3,1,2,0,-1,-1,5,5,1,2021,12.0,2,2,0,1,7,1,1,,4,MONTJOYEUX (AVENUE),0,,2,3,1,2,(1),(1),1,, -1,2,0,1,50,1,12,1,37,37261,2,1,0,6,MONTJOYEUX (AVENUE),47.36133,0.70295,12,3,2
202100043579,123Â 773,A01,1,1,1,5,2,6,-1,0,0,-1,2021,27.0,1,1,0,0,0,0,0,,3,107,-1,,2,2,0,1,1,55,1,, -1,1,0,4,50,18,4,2,71,71014,2,1,0,7,Rue Antoine Clement,46.965186,4.313368,20,1,1
202100030797,146Â 714,A01,10,3,2,3,0,-1,-1,2,3,1,2021,71.0,3,5,0,1,2,15,1,,6,AV FRANCOIS MITTERRAND,0,,-1,0,3,1,0,0,1,, -1,2,9,2,50,29,6,1,91,91027,1,9,0,6,AV FRANCOIS MITTERRAND,48.71351,2.37328,11,2,1
202100024028,158Â 697,A01,1,1,1,5,1,0,-1,0,0,-1,2021,19.0,1,2,6,2,5,1,1,,4,RUE D ARTOIS,0,,1,1,0,2,(1),(1),1,, -1,1,0,1,30,14,8,1,75,75108,2,2,0,3,RUE D ARTOIS,48.873706,2.306529,10,4,2
202100054859,103Â 744,B01,1,1,1,1,2,0,-1,0,0,-1,2021,24.0,2,1,0,2,1,1,1,,3,ILES SANGUINAIRES ROUTE DES,0,,2,2,0,1,8,220,1,, -1,1,0,1,50,15,1,5,201,201004,2,2,0,3,ILES SANGUINAIRES ROUTE DES,41.9087713193,8.711547065,22,2,2
202100040446,129Â 310,B01,1,1,1,0,2,0,-1,-1, -1,-1,2021,37.0,1,1,0,2,8,1,1,,3,BADUEL (ROUTE DE),0,,2,2,2,1,4,50,1,, -1,1,0,1,50,10,5,1,973,97302,2,1,0,3,BADUEL (ROUTE DE),4.9287707343,-52.2947641612,8,2,2
202100001360,199Â 332,A01,1,1,1,0,8,0,-1,-1, -1,-1,2021,16.0,1,1,0,2,4,2,0,,4,BOIS DE NEFLES (RUE DU),0,,3,1,0,1,0,0,1,, -1,1,0,1,50,25,12,3,974,97411,2,3,0,2,BOIS DE NEFLES (RUE DU),-20.88923,55.4629,3,2,2
202100017196,170Â 898,A01,1,1,1,5,2,-1,-1,0,0,-1,2021,15.0,3,1,0,2,1,16,1,,4,,-1,,2,2,0,1,(1),(1),1,,4,1,0,1,50,24,9,1,80,80570,2,4,0,3,Rue Charles BÃ©dier,49.769246,2.492056,13,2,2
202100013950,176Â 765,A01,1,1,1,1,1,-1,-1,0,0,-1,2021,34.0,2,5,0,2,1,2,1,,1,35,0,A,3,4,0,1,236,650,1,, -1,1,0,1,130,11,10,1,67,67194,1,1,0,2,"A.35, sens STRASBOURG-LAUTERBOURG, P.K. 236+650",48.7172667003,7.8753197193,13,2,2
202100041183,127Â 986,B01,1,1,1,0,1,-1,-1,0,0,-1,2021,51.0,1,2,0,2,1,1,1,,3,965,-1,,2,3,0,2,49,700,3,, -1,2,0,1,80,4,5,1,89,89034,1,1,1,5,D 965,47.81267,3.70251,17,3,3
202100047770,116Â 360,A01,1,1,1,0,8,0,-1,-1, -1,-1,2021,13.0,2,1,0,0,0,0,5,,4,MOGADOR,0,,1,1,0,2,(1),(1),1,, -1,1,0,1,50,15,3,1,76,76351,2,2,0,7,MOGADOR,49.4972,0.09836,16,1,1
202100013256,178Â 046,A01,10,3,2,0,0,-1,-1,1,3,1,2021,17.0,1,2,0,1,1,1,1,,3,NEUFCHATEL (RUE DE) DU NÂ° 1 A 121 (IMPAI,0,,2,2,0,1,0,1300,1,, -1,1,0,1,50,12,10,1,51,51454,2,1,0,6,Rue de Neufchatel,49.27248,4.02641,13,2,1
202100026225,154Â 824,B01,1,1,1,5,2,6,-1,0,0,-1,2021,50.0,2,1,0,0,4,2,3,,3,962,0,,2,2,0,1,0,500,1,, -1,1,0,1,80,31,7,3,45,45290,1,1,0,2,66 Route de Chateauneuf,47.861524,2.249678,22,3,2
202100034871,139Â 381,B01,1,1,1,5,2,6,9,0,0,-1,2021,36.0,2,1,0,2,1,2,1,,3,62,0,,2,2,0,1,4,550,1,, -1,1,0,1,50,12,6,1,88,88465,2,1,0,2,Avenue Armand Lederlin,48.25318,6.429523,15,2,2
202100047830,116Â 260,B01,1,1,1,5,2,6,-1,0,0,-1,2021,56.0,2,1,0,2,1,1,1,,4,AVENUE VICTOR HUGO,0,,2,2,0,1,(1),(1),1,, -1,2,0,1,50,16,3,1,75,75116,2,1,1,3,AVENUE VICTOR HUGO,48.870203,2.286612,16,2,2
202100008178,187Â 105,A01,1,1,1,5,1,-1,-1,0,0,-1,2021,33.0,1,2,6,0,1,15,1,,3,906,-1,,2,2,0,1,9,400,1,, -1,1,0,1,80,9,11,2,63,63010,1,2,0,6,Lieu Dit la Naute,45.426016,3.724494,17,2,1
202100022743,160Â 947,A01,1,1,1,9,2,6,-1,0,0,-1,2021,40.0,2,1,0,0,0,3,3,,4,PORTE DOREE,0,,1,4,0,1,33,200,1,, -1,1,0,1,70,23,8,1,75,75112,2,1,0,7,PORTE DOREE,48.83513,2.411619,9,1,1
202100002010,198Â 199,B01,1,1,1,0,2,0,-1,-1, -1,-1,2021,48.0,1,1,0,2,3,9,0,,4,PONTOTS (GIRATOIRE LES),0,,2,2,1,1,0,0,3,, -1,1,0,1,50,20,12,1,64,64102,2,1,0,2,Giratoire des Pontots,43.4883,-1.49076,14,2,2
202100032405,143Â 850,A01,1,1,1,1,1,-1,-1,0,0,-1,2021,22.0,1,2,0,2,1,2,1,,1,89,0,A,1,3,3,2,431,0,1,, -1,1,0,6,130,25,6,1,63,63430,1,1,0,2,Autoroute A89 PK 431+000 sens CLERMONT-FD/LYON,45.864254,3.529202,15,2,2
202100051374,109Â 850,A01,10,3,1,9,0,-1,-1,6,1,1,2021,51.0,1,2,0,1,1,2,1,,1,2,0,,3,4,0,1,55,971,1,, -1,1,0,1,110,13,2,3,59,59515,1,1,0,6,AUTOROUTE A2,50.3337454373,3.4461050737,5,2,1
202100001740,198Â 677,A01,1,1,1,1,2,6,-1,0,0,-1,2021,55.0,1,1,0,2,1,1,1,,4,RUE BOURET,0,,1,1,0,2,(1),(1),1,, -1,1,0,1,30,21,12,5,75,75119,2,1,0,1,RUE BOURET,48.880748,2.376098,20,2,2
202100003621,195Â 274,B01,1,1,1,1,2,6,-1,-1, -1,-1,2021,23.0,3,0,0,2,8,19,3,,4,CHAUDE RIVIERE RUE DE,0,,2,4,2,1,(1),(1),1,, -1,2,5,1,50,30,11,5,59,59350,2,3,1,3,CHAUDE RIVIERE RUE DE,50.634839,3.079454,7,2,2
202100051319,109Â 938,A01,1,1,1,1,2,0,-1,0,0,-1,2021,19.0,2,1,0,2,1,1,1,,4,AVENUE DES GOBELINS,0,,2,4,0,1,(1),(1),1,, -1,2,0,1,50,15,2,5,75,75113,2,3,1,3,AVENUE DES GOBELINS,48.833931,2.353815,20,2,2
202100002741,196Â 869,B01,1,1,1,5,2,6,-1,-1, -1,-1,2021,34.0,1,1,0,2,1,1,1,,2,GOUJAUD (QUAI LOUIS),0,,4,6,0,1,18,105,1,, -1,1,0,1,50,14,12,5,87,87085,2,3,0,3,GOUJAUD (QUAI LOUIS),45.82607,1.26805,21,2,2
202100012207,179Â 896,B01,1,1,2,5,1,8,-1,-1, -1,-1,2021,47.0,-1,2,0,2,2,1,1,,4,BORDEAUX (AVENUE DE),0,,2,4,0,1,(1),(1),1,, -1,1,0,1,50,18,10,2,37,37050,2,3,0,3,BORDEAUX (AVENUE DE),47.3540748317,0.699271474,18,3,2
202100021718,162Â 817,A01,10,3,1,3,0,-1,-1,1,2,1,2021,67.0,0,2,0,1,3,15,1,,2,101,0,R,2,2,0,1,1,500,1,, -1,1,0,1,40,30,8,1,987,98714,2,1,0,6,RT 101,-16.505965,-151.751747,8,2,1