Num_Acc,id_vehicule,num_veh,place,catu,sexe,trajet,secu1,secu2,secu3,locp,actp,etatp,year_acc,victim_age,senc,catv,obs,obsm,choc,manv,motor,occutc,catr,voie,v1,v2,circ,nbv,vosp,prof,pr,pr1,plan,lartpc,larrout,surf,infra,situ,vma,jour,mois,lum,dep,com,agg_,int,atm,col,adr,lat,long,hour,nb_victim,nb_vehicules
202100031360,145Â 690,A01,1,1,1,5,1,-1,-1,0,0,-1,2021,67.0,2,2,0,2,2,17,1,,3,419,-1,,2,2,0,2,10,750,1,, -1,2,0,1,80,27,6,1,68,68068,1,4,0,3,D419,47.630405,7.138023,18,3,2
202100030926,146Â 482,A01,9,2,1,5,3,-1,-1,0,0,-1,2021,3.0,2,2,13,2,2,2,1,,1,77,-1,,3,4,0,1,51,800,2,, -1,2,0,3,110,4,7,1,45,45096,1,1,1,3,A77-PK 51 + 800,47.798139,2.701391,17,7,2
202100022945,160Â 609,A01,1,1,1,0,2,6,-1,0,0,-1,2021,62.0,3,1,12,2,0,1,1,,4,,-1,,2,2,0,1,(1),(1),1,,"5,5",1,0,1,30,19,8,1,17,17142,2,1,0,6,Rue de Rompsay,46.171446,-1.093051,16,2,2
202100039689,130Â 637,A01,1,1,1,9,2,0,-1,-1, -1,-1,2021,35.0,1,1,0,0,0,0,1,,3,,0,,1,2,0,1,0,0,2,, -1,2,0,1,50,16,5,1,64,64102,2,6,1,7,QUATORZE AVRIL (AVENUE DU),43.50263,-1.45636,16,1,1
202100005999,191Â 075,A01,10,3,2,5,0,-1,-1,2,3,1,2021,49.0,2,2,0,1,3,1,1,,4,BOULEVARD MONTMARTRE,0,,2,4,2,1,(1),(1),1,, -1,2,0,1,30,27,11,5,75,75102,2,1,0,6,BOULEVARD MONTMARTRE,48.871849,2.34083,1,2,1
202100024839,157Â 256,A01,1,1,1,0,1,0,-1,-1, -1,-1,2021,21.0,2,2,4,0,1,21,1,,1,AUTOROUTE A86,0,,3,2,0,1,15,800,2,, -1,2,0,1,50,10,8,1,93,93027,1,1,1,6,AUTOROUTE A86,48.92288,2.3806,8,1,1
202100029292,149Â 405,A01,1,1,2,5,2,8,-1,-1, -1,-1,2021,22.0,1,1,0,2,7,1,1,,4,BLUM ( BD LEON ),0,,2,2,0,1,(1),(1),1,, -1,1,5,1,30,11,7,5,56,56121,2,6,0,3,BLUM ( BD LEON ),47.74725,-3.37654,2,2,2
202100024019,158Â 712,B01,4,2,1,0,1,-1,-1,0,0,-1,2021,1.0,3,2,0,2,8,1,2,,4,ROMAIN (RUE JEAN),0,,-1,1,0,1,1,0,1,, -1,1,0,1,50,15,8,1,14,14118,2,3,0,3,Rue Jean Romain,49.17873,-0.36122,19,4,2
202100055855,102Â 039,A01,1,1,1,0,2,6,-1,-1, -1,-1,2021,39.0,0,1,0,0,8,16,3,,3,406,0,,1,1,0,1,0,0,3,, -1,1,0,8,30,8,1,1,92,92048,2,9,0,7,TRIVAUX (AVENUE DE) NÂ° 9,48.79734,2.23251,9,1,1
202100014576,175Â 654,B01,1,1,1,0,8,0,-1,-1, -1,-1,2021,15.0,3,0,0,2,1,17,0,,4,LECLERC (AVENUE DU MARECHAL),0,,1,2,1,1,0,1,1,, -1,1,0,1,50,7,10,1,74,74012,2,1,0,2,LECLERC (AVENUE DU MARECHAL),46.188,6.24852,18,2,2
202100036169,137Â 039,A01,1,1,1,5,0,-1,-1,0,0,-1,2021,62.0,3,1,0,2,1,1,1,,4,,-1,,2,2,0,1,(1),(1),1,,5,1,0,1,50,7,5,1,971,97117,2,2,0,3,Rue John Fitzgerald Kennedy,16.326662,-61.347463,18,2,2
202100016654,171Â 861,B01,1,1,2,9,2,4,-1,-1, -1,-1,2021,29.0,2,1,0,2,5,15,0,,4,Vuillecin  (rue de ),0,,2,2,0,1,(1),(1),1,, -1,1,0,1,50,25,9,1,25,25462,2,4,0,3,Vuillecin  (rue de ),46.91817,6.34363,10,2,2
202100003553,195Â 395,A01,10,3,2,0,0,-1,-1,2,3,1,2021,15.0,2,2,1,1,2,17,1,,4,NOVY JICIN                          (BD),0,,2,2,0,1,(1),(1),1,, -1,1,0,1,50,9,12,1,69,69259,2,1,0,6,NOVY JICIN (BD),45.69288,4.89851,15,2,1
202100015206,174Â 521,B01,2,2,2,5,1,0,-1,-1, -1,-1,2021,43.0,2,2,0,2,4,2,1,,1,A12 W,0,,3,4,0,1,1,399,1,, -1,1,0,1,110,4,10,1,78,78043,1,1,0,2,A12 W,48.83346,2.08564,10,3,2
202100016345,172Â 417,A01,10,3,1,5,0,-1,-1,3,3,2,2021,7.0,2,1,0,1,0,26,1,,3,ARGENTEUIL AV D',0,,2,2,0,1,0,0,1,, -1,2,9,1,50,27,9,1,92,92004,2,3,1,6,ARGENTEUIL AV D',48.9112901352,2.2853654623,13,2,1
202100026077,155Â 073,A01,1,1,1,1,2,6,-1,0,0,-1,2021,28.0,0,1,12,0,1,0,1,,3,33,0,,2,2,0,2,5,909,1,, -1,1,0,4,50,2,8,5,34,34052,2,1,0,6,avenue de la RÃ©publique,43.327135,3.039171,1,1,1
202100036268,136Â 849,A01,1,1,2,9,2,0,-1,0,0,-1,2021,26.0,2,1,0,2,1,1,5,,4,AVENUE PHILIPPE AUGUSTE,0,,2,2,0,1,(1),(1),1,, -1,1,0,1,50,5,6,1,75,75111,2,1,0,3,AVENUE PHILIPPE AUGUSTE,48.852828,2.393164,17,2,2
202100000229,201Â 317,A01,1,1,1,0,1,0,-1,-1, -1,-1,2021,36.0,1,2,1,0,1,1,1,,7,CHEVILLES ( ALLEE DES ),0,,2,2,0,1,0,9,1,, -1,1,0,3,50,20,2,5,13,13117,2,1,0,2,CHEVILLES ( ALLEE DES ),43.46462,5.23194,22,2,2
202100051676,109Â 325,A01,10,3,2,3,0,-1,-1,9,9,1,2021,38.0,3,2,0,1,1,1,1,,6,BOUGAINVILLE (RUE),0,,-1,0,0,1,(1),(1),1,, -1,1,0,1,30,12,2,1,41,41018,2,1,0,6,BOUGAINVILLE (RUE),47.59572,1.30049,9,2,1
202100047818,116Â 281,A01,10,3,2,0,8,8,-1,2,3,1,2021,72.0,2,2,0,1,3,1,1,,4,ESTELLE JARDINS D' (AV DES),0,,2,2,0,1,(1),(1),3,, -1,1,0,1,50,16,3,1,13,13001,2,6,0,6,ESTELLE JARDINS D' (AV DES),43.52992,5.41038,9,2,1
202100006851,189Â 536,A01,1,1,1,5,0,-1,-1,0,0,-1,2021,21.0,2,2,13,0,2,1,1,,3,724,0,,2,2,0,1,26,234,1,, -1,2,0,3,80,21,11,3,56,56079,1,1,1,6,La Pyramide,47.9393204249,-2.4933707714,21,1,1
202100022076,162Â 165,A01,3,2,1,5,1,0,-1,-1, -1,-1,2021,17.0,1,2,0,2,1,2,1,,1,A87N,0,,3,4,0,1,2,0,1,, -1,1,0,1,90,28,8,1,49,49267,2,1,0,4,A87N,47.48609,-0.49749,13,9,4
202100010801,182Â 423,A01,2,2,2,5,1,-1,-1,0,0,-1,2021,83.0,2,2,0,0,7,15,1,,3,,0,D,2,2,0,1,18,360,1,, -1,1,0,1,80,27,10,1,30,30162,1,9,0,3,Route de Cardet,44.024468,4.033796,16,4,2
202100055510,102Â 621,B01,1,1,1,0,1,0,-1,-1, -1,-1,2021,22.0,1,2,1,2,1,1,1,,4,BOISSON (BOULEVARD),0,,1,1,0,1,(1),(1),1,, -1,1,0,1,50,9,1,5,13,13204,2,1,0,3,BOISSON (BOULEVARD),43.299915,5.403902,0,2,2
202100042302,126Â 012,B01,1,1,2,0,1,0,-1,0,0,-1,2021,50.0,2,5,0,2,4,23,1,,7,QUINET (BD EDGAR),0,,3,4,0,1,(1),(1),1,, -1,1,0,1,50,20,4,1,63,63113,2,2,0,2,QUINET/ ClÃ©mentel,45.80053,3.11216,18,2,2
202100048956,114Â 241,A01,1,1,1,5,8,0,-1,0,0,-1,2021,26.0,2,1,0,2,1,1,5,,4,RUE DES PYRENEES,0,,2,2,1,2,(1),(1),1,, -1,1,0,1,50,6,3,1,75,75120,2,3,0,3,RUE DES PYRENEES,48.871981,2.391873,9,2,2
202100031138,146Â 081,B01,1,1,1,1,2,-1,-1,0,0,-1,2021,63.0,1,0,0,2,7,1,3,,4,KERTATUPAGE (ROND POINT),0,,1,0,0,1,(1),(1),2,, -1,1,5,1,30,7,7,1,29,29019,2,6,0,3,Rue Kertatupage,48.40939,-4.48317,8,2,2
202100024946,157Â 071,A01,2,2,2,5,1,-1,-1,0,0,-1,2021,54.0,2,2,0,2,3,1,1,,2,7,-1,,2,3,0,1,78,790,2,, -1,1,0,1,-1,9,8,5,26,26106,2,1,0,3,11 Route Nationale 7,44.650872,4.782931,22,3,2
202100046787,118Â 141,A01,1,1,1,1,2,0,-1,0,0,-1,2021,29.0,2,1,0,0,0,1,3,,4,BOULEVARD MASSENA,0,,3,4,0,2,(1),(1),1,, -1,1,0,1,50,24,3,2,75,75113,2,4,0,7,BOULEVARD MASSENA,48.822681,2.372855,6,1,1
202100033986,141Â 005,A01,2,2,2,5,1,-1,-1,-1,0,-1,2021,49.0,2,5,0,2,4,1,1,,1,AUTOROUTE A1,0,,3,7,0,1,23,0,1,, -1,1,0,1,130,16,6,3,95,95154,1,1,0,2,AUTOROUTE A1,49.04326,2.544,23,3,2
202100041352,127Â 694,B01,2,2,2,5,1,-1,-1,0,0,-1,2021,70.0,2,2,0,2,1,15,1,,3,901,0,A,2,2,0,2,33,500,1,, -1,2,0,1,90,6,5,1,19,19153,1,3,1,3,Route de Juillac,45.273497,1.403257,15,3,2
202100038299,133Â 185,B01,1,1,1,1,0,-1,-1,0,0,-1,2021,26.0,3,1,0,2,1,15,5,,4,,-1,,2,2,0,1,(1),(1),1,, -1,1,0,1,50,27,5,1,59,59449,2,1,0,3,Rue Claude Jean,50.470675,3.248193,9,2,2
202100055428,102Â 773,A01,1,1,1,0,2,0,-1,-1, -1,-1,2021,43.0,2,1,0,0,0,2,1,,1,AUTOROUTE A86,0,,3,7,0,1,27,0,1,, -1,2,0,1,90,12,1,1,93,93064,1,1,1,7,AUTOROUTE A86,48.8792,2.47632,8,1,1
202100028466,150Â 835,B01,1,1,1,0,2,6,-1,-1, -1,-1,2021,25.0,1,1,0,2,1,19,1,,7,BRIQUES (SENTIER DES),0,,2,2,0,1,(1),(1),1,, -1,1,9,1,50,17,7,3,59,59646,2,2,0,3,TOURCOING (RUE DE),50.689841,3.145346,1,3,2
202100035623,138Â 045,A01,2,2,2,5,1,-1,-1,0,0,-1,2021,24.0,1,2,0,0,9,17,1,,3,986,0,L,2,2,0,1,3,950,1,, -1,1,0,3,80,9,6,1,30,30317,1,1,0,7,D986l,43.92069,4.56415,19,3,1
202100004226,194Â 195,A01,1,1,1,0,2,-1,-1,0,0,-1,2021,30.0,0,0,0,2,2,26,3,,4,STRASBOURG (BOULEVARD DE),0,,2,2,0,1,(1),(1),1,, -1,1,0,1,50,2,12,5,80,80021,2,1,0,3,STRASBOURG (BOULEVARD DE),49.89064,2.277138,18,2,2
202100050998,110Â 517,A01,2,2,1,0,1,-1,-1,0,0,-1,2021,16.0,2,2,6,2,7,15,1,,3,1084,0,,2,2,0,1,33,600,1,, -1,1,0,1,80,20,2,1,1,1213,1,1,0,3,1084,45.931726,5.288554,11,3,2
202100038757,132Â 335,A01,1,1,2,1,1,-1,-1,-1, -1,-1,2021,41.0,1,2,0,2,1,2,1,,2,LORIENT (DE),0,,3,6,0,1,14,189,1,, -1,1,2,1,90,22,5,1,35,35238,1,1,0,2,Porte de Lorient,48.10764,-1.71739,8,2,2
202100024687,157Â 517,B01,1,1,2,1,2,6,-1,0,0,-1,2021,59.0,1,1,12,2,1,1,1,,3,663,0,D,2,2,0,1,17,700,3,, -1,1,0,1,50,12,8,1,25,25043,2,1,0,1,5 Rue du GÃ©nÃ©ral de Gaulle,47.49468,6.771814,8,3,2
202100047047,117Â 676,A01,10,3,2,3,0,-1,-1,3,3,1,2021,30.0,2,2,0,1,3,26,1,,4,LUMIERES (AVE DES FRERES),0,,3,2,0,1,0,0,1,, -1,1,0,8,50,22,3,1,30,30007,2,1,0,6,LUMIERES (AVE DES FRERES),44.13973,4.08991,16,2,1
202100024034,158Â 684,B01,1,1,1,5,0,0,-1,-1, -1,-1,2021,19.0,2,1,0,2,8,19,5,,3,AV VICTOR HUGO,0,,1,2,0,1,1,0,1,, -1,1,0,1,50,15,8,2,94,94022,2,3,0,3,Rue Pompadour,48.7688,2.42254,20,2,2
202100048066,115Â 828,A01,1,1,1,0,1,-1,-1,0,0,-1,2021,71.0,1,2,6,0,1,1,1,,3,466,-1,,2,2,0,1,39,700,1,, -1,1,0,3,80,15,3,1,68,68006,1,1,0,7,route dÃ©partementale 466,47.688215,7.202075,15,1,1
202100042433,125Â 772,A01,1,1,1,5,2,0,-1,-1, -1,-1,2021,17.0,1,1,0,2,1,2,5,,3,31,0,,2,2,0,2,0,100,1,, -1,1,5,1,30,26,4,1,91,91691,2,1,0,2,CONCY(RUE),48.71385,2.48909,16,3,2
202100017426,170Â 478,B01,1,1,1,0,2,-1,-1,-1, -1,-1,2021,41.0,0,1,0,2,1,1,1,,4,ALBERT SAMAIN,0,,2,2,0,1,0,0,1,, -1,1,0,1,50,21,9,1,76,76351,2,3,0,3,ALBERT SAMAIN,49.5175,0.08958,19,2,2
202100020349,165Â 259,B01,1,1,2,5,1,5,-1,-1, -1,-1,2021,41.0,0,2,0,2,3,1,1,,3,MEDERIC (AVENUE),0,,3,4,0,1,0,0,1,, -1,1,0,1,50,7,9,1,93,93051,2,2,0,3,Avenue MÃ©dÃ©ric / Boulevard du Ru de Nesles,48.83035,2.58491,16,2,2
202100047493,116Â 871,B01,1,1,1,0,8,0,-1,0,0,-1,2021,53.0,1,1,0,2,2,1,5,,4,CHAMPRATEL (RUE DE),0,,2,2,0,1,(1),(1),1,, -1,1,0,1,50,17,3,1,63,63113,2,2,0,3,CHAMPRATEL (RUE DE),45.81018,3.11415,13,2,2
202100006609,189Â 975,B01,1,1,2,0,1,-1,-1,-1, -1,-1,2021,34.0,2,2,0,2,3,0,1,,3,LOUIS LUMIERE,0,,2,2,0,1,0,2307,1,, -1,2,0,1,50,21,11,5,76,76351,2,2,1,3,LOUIS LUMIERE,49.52157,0.11699,19,2,2
202100051337,109Â 909,A01,1,1,1,5,1,-1,-1,0,0,-1,2021,93.0,2,2,0,0,2,1,1,,2,165,-1,,3,4,0,2,83,600,2,, -1,1,0,3,110,17,2,1,29,29302,1,1,0,7,RN 165 - PR 83+600,48.255127,-4.114981,16,1,1
202100032866,143Â 021,A01,10,3,2,9,0,-1,-1,3,3,1,2021,79.0,1,2,0,1,5,1,1,,4,MONISTROL (RUE),0,,2,2,0,1,(1),(1),1,, -1,2,0,1,50,18,6,1,56,56121,2,1,0,6,MONISTROL (RUE),47.73756,-3.38222,17,2,1
202100008439,186Â 652,B01,4,2,2,9,8,0,-1,-1, -1,-1,2021,60.0,1,2,0,2,2,1,1,,1,AUTOROUTE A1,0,,1,3,0,1,1,0,1,, -1,1,0,1,90,10,11,1,972,97209,1,1,0,4,AUTOROUTE A1,14.617522,-61.040869,10,6,4
202100049090,114Â 008,A01,10,3,2,5,0,-1,-1,3,3,1,2021,71.0,1,2,0,1,1,15,1,,4,CARNOT (BD DU PRESIDENT),0,,2,2,0,1,0,0,1,, -1,1,0,1,50,3,3,1,47,47001,2,2,0,6,CARNOT (BD DU PRESIDENT),44.20432,0.6207,11,2,1
202100053551,105Â 998,A01,1,1,1,4,2,6,-1,-1, -1,-1,2021,32.0,2,1,0,2,1,26,1,,4,AVENUE DU MARECHAL FOCH,0,,1,3,0,1,0,0,1,, -1,1,0,1,50,26,1,1,988,98818,2,3,0,3,AVENUE DU MARECHAL FOCH,-22.27547,166.44286,13,2,2
202100015745,173Â 524,A01,2,2,2,5,2,0,-1,0,0,-1,2021,47.0,1,1,12,0,0,14,1,,4,AVENUE DE LA PORTE DE CHATILLON,0,,2,2,0,1,(1),(1),1,, -1,1,0,1,30,30,9,5,75,75114,2,1,0,7,AVENUE DE LA PORTE DE CHATILLON,48.823346,2.316211,22,2,1
202100015609,173Â 777,A01,10,3,2,3,0,-1,-1,3,3,2,2021,91.0,2,2,0,1,1,1,1,,4,HEDDE (AVENUE DANIEL),0,,3,2,0,1,(1),(1),1,, -1,1,0,1,30,30,9,1,17,17306,2,1,0,6,HEDDE (AVENUE DANIEL),45.62876,-1.03209,14,3,1
202100016348,172Â 412,A01,1,1,1,9,2,6,-1,0,0,-1,2021,38.0,2,1,0,2,3,1,1,,4,RUE DE CHARTRES,0,,1,1,0,2,(1),(1),1,, -1,1,0,1,30,28,9,1,75,75118,2,2,0,3,RUE DE CHARTRES,48.884594,2.354094,13,2,2
202100026255,154Â 767,A01,5,2,1,5,1,0,-1,-1, -1,-1,2021,27.0,1,2,4,0,2,1,1,,2,RN2/111,0,,2,4,0,2,(1),(1),2,, -1,2,0,1,90,30,7,1,974,97411,1,1,1,6,RN2/111,-20.872243,55.450103,8,4,1
202100014886,175Â 104,B01,1,1,2,5,1,-1,-1,0,0,-1,2021,51.0,1,2,0,2,1,1,1,,3,933,-1,,2,2,0,2,42,600,1,, -1,1,5,1,80,6,10,1,64,64010,1,1,0,5,route dÃ©partementale 933,43.333126,-1.015388,17,4,3
202100023669,159Â 317,A01,2,2,2,0,1,0,-1,-1, -1,-1,2021,19.0,2,2,0,2,1,2,1,,1,AUTOROUTE A1,0,,1,6,0,1,194,699,1,, -1,2,0,1,130,17,8,1,59,59123,1,1,0,2,AUTOROUTE A1,50.500322,3.007482,9,3,2
202100031840,144Â 840,B01,1,1,1,9,2,0,-1,-1, -1,-1,2021,33.0,3,1,0,2,1,26,0,,4,AVENUE DU BREUIL,0,,2,0,0,1,(1),(1),1,, -1,2,0,1,30,25,6,1,78,78362,2,1,0,1,Avenue de lâYveline,48.971126,1.718635,13,2,2
202100036431,136Â 588,B01,1,1,1,1,2,0,-1,-1, -1,-1,2021,52.0,1,1,0,2,4,1,5,,4,CHATILLON (DE),0,,-1,1,0,1,(1),(1),3,, -1,1,5,1,30,4,6,1,35,35238,2,6,1,3,CHATILLON (DE),48.09989,-1.6722,19,2,2
202100037893,133Â 930,B01,9,2,2,5,1,-1,-1,0,0,-1,2021,13.0,2,2,0,0,5,1,1,,3,978,0,D,2,2,0,2,24,500,1,, -1,1,5,1,80,29,5,1,71,71014,1,3,0,2,D978,46.948068,4.343319,15,5,2
202100056458,100Â 984,A01,1,1,1,9,1,-1,-1,0,0,-1,2021,23.0,2,2,2,0,1,19,1,,3,259,-1,,2,2,0,2,3,600,3,, -1,2,0,8,90,2,1,3,61,61007,1,1,1,6,Le Petit Val Athis,48.768275,-0.501562,18,1,1
202100008723,186Â 142,A01,1,1,1,2,8,0,-1,-1, -1,-1,2021,13.0,3,1,0,2,1,19,5,,4,ROUTE NATIONALE 20,0,,3,4,1,1,(1),(1),3,, -1,1,0,5,50,8,11,2,45,45302,2,1,0,6,Rue Nationale 20,47.94661,1.89242,17,1,1
202100010559,182Â 857,A01,10,3,2,5,8,8,-1,2,3,1,2021,78.0,2,1,0,1,1,1,5,,4,BOULEVARD BERTHIER,0,,2,6,2,1,(1),(1),1,, -1,1,-1,5,30,27,10,1,75,75117,2,2,0,6,BOULEVARD BERTHIER,48.894262,2.31361,16,2,1
202100042943,124Â 911,B01,1,1,1,5,0,-1,-1,0,0,-1,2021,16.0,2,1,0,0,1,1,5,,3,45,-1,,2,2,0,1,7,810,1,, -1,1,0,1,50,16,4,1,68,68038,2,1,0,1,grand rue,48.096301,7.436872,18,2,2
202100034898,139Â 334,B01,1,1,1,5,1,-1,-1,0,0,-1,2021,22.0,1,2,0,2,1,1,1,,7,37,-1,,2,2,0,1,41,214,1,, -1,1,0,1,70,13,6,1,31,31417,1,1,0,1,Route de Mondonville,43.630148,1.282753,12,4,2
202100031984,144Â 575,A01,10,3,1,0,0,-1,-1,5,9,1,2021,45.0,3,2,8,1,1,1,1,,4,PLACIDE CAFFO (PLACE),0,,2,2,0,1,1,0,1,, -1,1,6,8,50,27,6,2,13,13203,2,1,0,1,PLACIDE CAFFO (PLACE),43.31304,5.38486,20,4,1
202100007715,187Â 969,B01,1,1,2,5,1,-1,-1,0,0,-1,2021,72.0,2,2,3,2,3,1,1,,1,19,-1,,3,4,0,2,34,900,2,, -1,2,2,1,130,17,11,1,45,45281,1,1,1,3,"A 19, p.k 034.900",48.040558,3.033278,9,3,2
202100020392,165Â 188,B01,1,1,1,1,1,-1,-1,0,0,-1,2021,24.0,1,2,0,2,8,1,1,,3,188,0,,2,2,0,1,5,106,1,, -1,1,0,3,80,7,9,2,72,72013,1,2,0,3,68 Route du Lude,47.67409,0.22177,6,2,2
202100047953,116Â 022,A01,1,1,1,1,2,6,-1,0,0,-1,2021,59.0,2,1,1,0,2,14,1,,4,AVENUE D IENA,0,,2,2,0,2,(1),(1),1,, -1,2,0,1,50,12,3,5,75,75116,2,1,1,6,AVENUE D IENA,48.868684,2.295712,18,1,1
202100036294,136Â 809,A01,1,1,2,5,1,-1,-1,0,0,-1,2021,80.0,1,2,13,0,7,1,1,,3,51,0,,2,2,0,1,20,450,1,, -1,1,0,3,80,5,6,1,81,81281,1,1,0,6,D51,43.5912750246,2.1345729097,11,1,1
202100022772,160Â 894,B01,2,2,2,5,1,4,-1,-1, -1,-1,2021,62.0,1,2,0,2,4,1,1,,1,86,0,,3,6,0,1,7,599,1,, -1,1,3,1,90,24,8,1,92,92036,1,9,0,2,A86,48.9346421839,2.2815214445,19,3,2
202100044003,123Â 022,B01,1,1,2,1,1,0,-1,-1, -1,-1,2021,28.0,1,2,1,2,4,2,1,,3,BEAUSEJOUR JAMBETTE (ROUTE DE ),0,,2,2,0,1,(1),(1),1,, -1,1,0,1,60,13,4,1,972,97209,1,1,0,2,BEAUSEJOUR JAMBETTE (ROUTE DE ),14.62756,-61.04045,8,2,2
202100036849,135Â 828,A01,1,1,1,0,2,6,-1,-1, -1,-1,2021,45.0,1,1,0,2,2,17,1,,4,ANATOLE FRANCE PROLONGEE (AV),0,,2,2,0,1,1,0,1,, -1,1,0,1,50,2,6,1,94,94078,2,2,0,3,Avenue Anatole France,48.73993,2.4526,9,2,2
202100018117,169Â 233,B01,1,1,1,1,2,-1,-1,-1, -1,-1,2021,27.0,1,1,0,2,3,17,1,,7,GENERAL LECLERC                     (AV),0,,2,2,3,2,0,100,1,, -1,1,0,1,50,18,9,1,69,69034,2,1,0,3,GENERAL LECLERC (AV),45.799,4.85264,18,2,2
202100029287,149Â 413,B01,1,1,1,0,2,6,-1,-1, -1,-1,2021,39.0,2,1,0,2,1,17,1,,3,RD810,0,,2,2,0,2,22,850,1,, -1,1,0,1,70,12,7,1,64,64483,2,1,0,3,RD810,43.40584,-1.62958,20,2,2
202100000777,200Â 326,A01,1,1,2,5,1,0,-1,0,0,-1,2021,41.0,1,2,0,2,6,23,1,,4,PORTE DOREE,0,,1,4,0,1,33,700,1,, -1,2,0,1,70,30,12,5,75,75112,2,1,1,2,PORTE DOREE,48.832615,2.4059,2,3,2
202100008739,186Â 114,A01,10,3,2,9,0,-1,-1,3,3,2,2021,42.0,0,2,0,1,1,1,1,,4,JOFFRE (BOULEVARD MARECHAL),0,,2,2,0,1,(1),(1),1,, -1,1,9,1,50,5,11,1,11,11262,2,1,0,6,JOFFRE (BOULEVARD MARECHAL),43.18465,2.9997,18,2,1
202100013598,177Â 415,B01,1,1,2,5,1,8,-1,-1, -1,-1,2021,60.0,1,2,0,2,3,1,1,,3,,0,,2,2,0,2,88,190,1,, -1,1,0,1,80,9,10,3,89,89024,1,1,0,1,R.N.6,47.788497,3.601574,0,2,2
202100038447,132Â 921,B01,1,1,2,5,1,-1,-1,0,0,-1,2021,40.0,1,2,0,2,8,1,1,,3,9,-1,,2,2,0,1,2,500,2,, -1,1,0,1,80,24,5,2,83,83007,1,1,0,3,Route de Moissac,43.637976,6.204149,21,3,2
202100046626,118Â 424,A01,1,1,1,5,2,0,-1,-1, -1,-1,2021,48.0,3,1,0,9,1,1,5,,3,GROSS-UMSTADT (AVENUE DE),0,,1,2,2,1,999,100,1,, -1,1,0,1,50,25,3,1,7,7281,2,1,0,2,GROSS-UMSTADT (AVENUE DE),44.94404,4.85732,12,2,2
202100003208,196Â 036,A01,1,1,2,1,1,-1,-1,0,0,-1,2021,19.0,3,2,0,0,0,15,1,,3,134,-1,,2,2,0,1,(1),(1),1,, -1,2,0,8,80,10,12,1,38,38556,1,3,0,7,Route de Saint-Romain,45.385151,4.867966,15,1,1
202100025517,156Â 058,B01,1,1,2,1,1,-1,-1,0,0,-1,2021,21.0,3,2,0,2,2,1,1,,4,01,-1,,1,1,0,2,(1),(1),1,, -1,2,5,1,50,6,8,3,29,29101,1,6,1,3,Kroas Huella,48.591451,-4.58426,0,2,2
202100015556,173Â 879,B01,1,1,1,1,2,0,-1,0,0,-1,2021,26.0,1,1,0,2,7,1,1,,7,RD 83,0,,2,2,0,1,(1),(1),1,, -1,1,0,1,50,1,10,1,54,54439,2,3,0,3,RD 83,48.70559,6.25925,17,2,2
202100040204,129Â 734,A01,1,1,1,0,2,0,-1,-1, -1,-1,2021,35.0,1,1,0,2,1,2,1,,7,CROIX ROUGE (AVENUE),0,,2,2,0,1,6,800,1,, -1,1,0,1,50,12,5,1,13,13213,2,1,0,4,CROIX ROUGE (AVENUE),43.33067,5.43071,7,3,3
202100007162,188Â 965,A01,1,1,2,0,1,0,-1,-1, -1,-1,2021,56.0,1,2,0,2,1,2,1,,4,TANNERIE (RUE DE LA),0,,2,2,0,1,0,0,1,, -1,1,0,1,30,19,11,1,91,91223,2,1,0,2,TANNERIE (RUE DE LA),48.43383,2.16402,10,2,2
202100008053,187Â 337,A01,1,1,1,9,2,0,-1,0,0,-1,2021,23.0,2,1,0,2,8,1,1,,4,RUE DU FAUBOURG SAINT ANTOINE,0,,2,2,0,2,(1),(1),1,, -1,2,0,1,30,15,11,1,75,75111,2,5,1,3,RUE DU FAUBOURG SAINT ANTOINE,48.848976,2.392001,14,2,2
202100044015,123Â 001,A01,10,3,1,5,0,-1,-1,1,3,1,2021,9.0,1,1,0,1,7,26,1,,4,PETRARQUE (PLACE),0,,2,1,0,1,0,0,1,, -1,1,0,1,30,9,4,1,67,67482,2,1,0,6,PETRARQUE (PLACE),48.58973,7.70829,17,3,1
202100035928,137Â 468,B01,1,1,1,9,8,0,-1,-1, -1,-1,2021,19.0,3,1,0,2,1,5,1,,4,MINERVE (AVENUE),0,,2,2,0,2,0,1,1,, -1,1,0,1,50,7,6,5,13,13215,2,1,0,1,MINERVE (AVENUE),43.36711,5.35403,23,2,2
202100008727,186Â 133,A01,10,3,1,1,0,-1,-1,2,3,1,2021,37.0,1,2,0,1,1,16,1,,4,RUE EDMOND ROSTAND,0,,2,2,0,1,(1),(1),1,, -1,1,0,1,50,8,11,1,33,33522,2,2,0,6,Rue Edmond Rostand,44.813814,-0.602545,9,2,1
202100012491,179Â 379,A01,10,3,1,5,0,-1,-1,3,3,1,2021,17.0,1,3,0,1,2,2,1,1.0,3,JULIEN DURANTON (avenue),0,,2,0,0,1,1,0,1,, -1,1,6,1,50,18,10,5,94,94074,2,2,0,6,Avenue Julien Duranton,48.765352,2.447691,7,2,1
202100025561,155Â 984,A01,1,1,2,0,1,0,-1,-1, -1,-1,2021,26.0,2,2,0,2,4,1,1,,1,A7-Sens Marseille vers Lyon,0,,-1,3,0,1,264,899,1,, -1,1,0,1,110,5,8,1,13,13071,1,1,0,2,A7-Sens Marseille vers Lyon,43.41658,5.27601,16,4,2
202100029965,148Â 235,B01,1,1,2,5,1,0,-1,-1, -1,-1,2021,24.0,1,2,0,2,4,23,1,,3,RD 430,0,,3,5,0,1,47,700,1,, -1,1,0,1,90,7,7,1,68,68376,1,1,1,4,RD 430,47.82381,7.28853,17,3,3