Num_Acc,id_vehicule,num_veh,place,catu,sexe,trajet,secu1,secu2,secu3,locp,actp,etatp,year_acc,victim_age,senc,catv,obs,obsm,choc,manv,motor,occutc,catr,voie,v1,v2,circ,nbv,vosp,prof,pr,pr1,plan,lartpc,larrout,surf,infra,situ,vma,jour,mois,lum,dep,com,agg_,int,atm,col,adr,lat,long,hour,nb_victim,nb_vehicules
202100015694,173Â 614,B01,1,1,1,5,2,-1,-1,0,0,-1,2021,17.0,3,1,0,2,1,1,1,,3,209,0,,2,2,0,1,(1),(1),1,, -1,1,0,1,30,1,10,3,977,97701,2,1,0,3,D209 - St Jean - face station service de l'AÃ©roport,17.903991,-62.84299,18,3,2
202100039684,130Â 645,A01,2,2,2,0,1,0,-1,-1, -1,-1,2021,53.0,3,2,0,2,7,19,1,,9,JEAN RENOIR (RUE),0,,-1,2,0,1,0,0,1,, -1,2,0,1,30,16,5,1,91,91549,2,3,1,3,JEAN RENOIR (RUE),48.64,2.35,18,4,2
202100014982,174Â 926,B01,1,1,2,5,8,0,-1,-1, -1,-1,2021,22.0,3,1,0,2,0,0,5,,4,ORADOUR SUR GLANE (CARREFOUR D'),0,,2,2,0,1,0,0,1,, -1,1,0,1,50,1,10,1,87,87085,2,1,0,6,ORADOUR SUR GLANE (CARREFOUR D'),45.83426,1.22651,17,2,2
202100033899,141Â 166,A01,1,1,1,0,2,0,-1,-1, -1,-1,2021,19.0,2,1,1,0,1,18,1,,3,"""PAUL VAILLANT COUTURIER (AVENUE """"DU 01",0,,2,2,0,1,0,0,1,, -1,1,0,1,50,17,6,1,93,93007,2,1,0,6,Avenue Paul Vaillant Couturier,48.926683,2.471332,11,2,1
202100021894,162Â 496,A01,2,2,2,5,1,-1,-1,-1, -1,-1,2021,63.0,1,2,2,0,9,14,1,,1,A570,0,,3,4,0,1,6,699,1,, -1,1,0,3,110,29,8,1,83,83069,1,1,0,6,A570,43.1183430101,6.1054497402,10,2,1
202100009493,184Â 741,A01,1,1,1,1,1,-1,-1,0,0,-1,2021,56.0,1,2,0,2,9,17,1,,3,16,-1,,2,2,0,1,25,0,1,, -1,1,0,1,80,29,10,1,51,51144,1,1,0,3,D16,48.735106,4.922905,14,2,2
202100019605,166Â 590,A01,2,2,1,5,1,0,-1,-1, -1,-1,2021,22.0,2,2,0,2,9,18,1,,1,A13,0,,3,4,0,1,25,399,1,, -1,1,9,1,130,11,9,5,78,78466,1,1,0,6,A13,48.925009,1.998479,0,5,2
202100029946,148Â 274,A01,2,2,1,4,1,-1,-1,-1, -1,-1,2021,41.0,3,2,8,0,1,1,1,,7,CENTRE ECHANGE LYON PERRACHE ,0,,2,2,0,1,(1),(1),1,, -1,1,1,6,10,8,7,1,69,69382,2,1,0,6,M6,45.7492337436,4.8266217113,11,3,1
202100037232,135Â 131,B01,1,1,2,0,1,0,-1,0,0,-1,2021,29.0,1,2,0,2,3,1,1,,4,OLYMPE DE GOUGES,0,,2,2,0,1,(1),(1),1,, -1,1,0,1,30,31,5,1,54,54395,2,1,0,1,OLYMPE DE GOUGES,48.6968525374,6.1950042844,17,3,2
202100055681,102Â 329,Z01,10,3,2,5,0,-1,-1,5,1,-1,2021,85.0,1,1,0,1,2,25,1,,4,AVENUE DU GENERAL LECLERC,0,,2,5,2,1,(1),(1),1,, -1,1,0,4,50,9,1,1,75,75114,2,1,0,6,AVENUE DU GENERAL LECLERC,48.825146,2.325986,15,2,1
202100029361,149Â 290,A01,1,1,1,5,2,6,9,0,0,-1,2021,27.0,1,1,0,6,1,1,1,,3,203,0,,2,2,0,1,2,300,1,, -1,1,0,1,80,12,7,3,56,56207,1,1,0,6,Kernestic,47.93192,-3.016848,1,1,1
202100018638,168Â 324,B01,1,1,1,4,2,6,-1,0,0,-1,2021,17.0,1,1,0,2,1,1,1,,3,97,-1,,2,2,0,1,10,280,3,, -1,2,0,1,30,16,9,2,83,83054,2,3,0,3,200 RD 97,43.1612326049,6.0422430933,7,2,2
202100029029,149Â 843,A01,1,1,1,5,8,-1,-1,0,0,-1,2021,29.0,1,5,15,0,2,1,1,,3,D9,-1,C,2,2,0,1,0,552,1,, -1,1,9,3,50,14,7,1,31,31247,2,1,0,6,19 rue Jean Mermoz,43.076879,0.678821,20,1,1
202100008724,186Â 141,B01,1,1,1,0,2,0,-1,-1, -1,-1,2021,24.0,3,1,0,2,1,1,1,,7,LIBERATION (RUE DE LA),0,,2,2,0,1,56,0,1,, -1,1,0,1,50,8,11,1,38,38179,2,9,0,3,LIBERATION (RUE DE LA),45.18659,5.80539,16,2,2
202100013243,178Â 069,A01,10,3,1,2,8,8,-1,2,3,1,2021,18.0,2,2,0,1,3,1,1,,4,DE COUBERTIN (BOULEVARD PIERRE)_EST,0,,-1,2,0,1,(1),(1),1,, -1,1,0,1,30,13,10,1,60,60463,2,1,1,6,Boulevard Pierre de Coubertin,49.2663,2.46296,8,2,1
202100001026,199Â 930,B01,1,1,1,4,1,-1,-1,-1, -1,-1,2021,32.0,2,5,0,2,3,1,1,,4,CRS PASTEUR,0,,2,2,3,1,(1),(1),1,, -1,2,0,1,30,28,12,5,33,33063,2,2,1,3,CRS PASTEUR,44.83509,-0.57499,0,2,2
202100039534,130Â 929,B01,1,1,1,5,1,8,-1,-1, -1,-1,2021,19.0,1,2,4,0,7,21,1,,1,A7-Sens Lyon vers Marseille,0,,1,3,0,1,279,299,1,, -1,1,0,1,90,12,5,1,13,13214,1,1,0,5,A7-Sens Lyon vers Marseille,43.332419,5.377445,14,7,3
202100025666,155Â 801,B01,1,1,2,5,2,-1,-1,0,0,-1,2021,14.0,2,1,0,2,7,1,5,,4,,-1,,2,2,0,1,(1),(1),1,,4,1,0,1,50,29,6,1,29,29020,2,3,0,1,Rue de Kerhapp,48.103155,-4.000562,19,2,2
202100033286,142Â 270,B01,1,2,2,5,1,0,-1,-1, -1,-1,2021,36.0,1,2,0,2,4,1,1,,1,86,0,,3,3,0,2,2,500,1,, -1,1,0,1,90,19,6,1,92,92025,1,1,0,4,A86,48.9189886921,2.2237886747,11,4,3
202100046744,118Â 217,B01,2,1,2,0,1,0,-1,-1, -1,-1,2021,62.0,1,2,0,2,2,24,1,,4,RIBAY (RUE DU),0,,2,2,0,1,0,0,1,, -1,1,0,1,50,23,3,1,72,72181,2,1,0,3,RIBAY (RUE DU),48.01437,0.15864,17,2,2
202100037329,134Â 945,B01,1,1,1,5,2,-1,-1,0,0,-1,2021,82.0,1,1,0,0,9,26,5,,3,921,0,,2,2,0,1,0,70,1,, -1,1,0,3,80,1,6,1,73,73218,1,1,0,7,D921,45.847613,5.807412,14,2,2
202100034056,140Â 887,B01,1,1,2,1,2,6,-1,-1, -1,-1,2021,24.0,3,1,0,2,5,16,1,,2,ROMAS (ROND POINT),0,,1,1,0,1,36,890,1,, -1,1,5,1,70,13,6,1,47,47323,2,6,0,3,ROMAS (ROND POINT),44.4087992657,0.7404425057,14,2,2
202100031794,144Â 928,A01,1,1,1,5,2,6,-1,0,0,-1,2021,61.0,1,1,13,0,1,1,1,,3,430,0,,2,2,0,2,11,600,2,, -1,2,0,3,80,29,6,1,68,68247,1,1,1,6,D430,47.929068,7.019899,10,1,1
202100054938,103Â 612,B01,1,1,1,0,2,8,-1,-1, -1,-1,2021,34.0,1,1,0,2,3,1,3,,3,ALSACE-LORRAINE (BOULEVARD),0,,3,4,0,1,1,1,1,, -1,2,0,1,50,15,1,5,93,93064,2,2,0,3,ALSACE-LORRAINE (BOULEVARD),48.8849855023,2.4816066027,19,2,2
202100050514,111Â 406,A01,1,1,2,0,1,-1,-1,0,0,-1,2021,39.0,1,2,0,2,6,1,1,,3,,0,D,2,2,0,2,47,(1),2,, -1,1,5,1,70,23,2,1,22,22347,1,2,0,3,Rue de Traou Meur,48.7835402258,-3.2043600082,17,2,2
202100017717,169Â 957,A01,1,1,1,4,1,-1,-1,0,0,-1,2021,54.0,1,2,8,0,1,14,1,,3,22,-1,A,2,2,0,1,10,563,3,, -1,9,0,3,70,21,9,1,56,56013,1,1,0,6,95 Route d Auray,47.673678,-3.142095,15,1,1
202100010176,183Â 512,B01,1,1,1,5,1,0,-1,-1, -1,-1,2021,36.0,1,2,0,2,7,1,1,,4,COTONOU.(RUE DE),0,,2,2,0,2,0,0,1,, -1,2,0,1,50,30,10,5,94,94028,2,2,1,3,Rue de Cotonou,48.76882,2.47017,20,2,2
202100005511,191Â 945,A01,10,3,2,2,0,-1,-1,4,3,1,2021,17.0,2,2,0,1,2,1,1,,4,YSER (AVE DE L),0,,3,2,2,1,(1),(1),1,, -1,1,0,1,30,29,11,5,33,33281,2,9,0,6,YSER (AVE DE L),44.84188,-0.66332,18,2,1
202100002346,197Â 591,B01,2,2,1,0,1,8,-1,-1, -1,-1,2021,24.0,1,2,3,2,3,0,1,,1,A13,0,,1,3,0,1,30,799,1,, -1,1,0,1,130,18,12,3,78,78206,1,1,0,2,A13,48.95324,1.94044,18,3,2
202100023808,159Â 065,B01,1,1,1,5,2,6,-1,0,0,-1,2021,57.0,2,1,0,2,2,17,1,,3,81,-1,,2,2,0,1,6,770,1,, -1,1,3,1,80,17,8,1,66,66182,1,1,1,3,Route dÃ©partementale 81,42.733854,3.025649,19,3,2
202100039155,131Â 634,B01,1,1,1,1,2,0,-1,-1, -1,-1,2021,48.0,1,1,0,2,1,2,1,,3,PARIS (RUE DE),0,,2,2,0,1,1,0,1,, -1,1,0,1,50,20,5,2,93,93048,2,1,0,3,Rue de Paris,48.85633,2.42672,20,2,2
202100020671,164Â 683,A01,1,1,1,0,2,0,-1,-1, -1,-1,2021,29.0,1,1,2,0,1,14,1,,2,mgombani-Baobab ( Bd ),0,,3,2,0,2,0,0,3,, -1,1,0,4,50,4,9,1,976,97611,2,1,0,7,mgombani-Baobab ( Bd ),-12.78519,45.22762,6,1,1
202100016379,172Â 356,A01,10,3,2,5,0,-1,-1,2,3,1,2021,88.0,1,1,1,1,2,1,5,,4,"JEAN MERMOZ (BOULEVARD, NÂ° 5 A 15)",0,,2,2,0,1,0,0,1,, -1,1,0,1,50,28,9,1,92,92051,2,1,0,6,"JEAN MERMOZ (BOULEVARD, NÂ° 5 A 15)",48.8857556513,2.2692574561,18,2,1
202100054299,104Â 702,A01,1,1,1,0,2,0,-1,-1, -1,-1,2021,26.0,1,1,4,0,3,1,1,,1,A55-Sens Marseille vers Martigues,0,,1,1,0,4,3,750,2,, -1,2,0,1,70,19,1,3,13,13202,1,1,0,1,A55-Sens Marseille vers Martigues,43.3289542547,5.3563060644,21,1,1
202100042998,124Â 815,A01,1,1,1,0,2,8,-1,-1, -1,-1,2021,18.0,1,1,0,2,1,1,1,,3,BADUEL (ROUTE DE),0,,2,2,0,1,1,500,1,, -1,1,0,1,50,20,4,1,973,97302,2,9,0,3,BADUEL (ROUTE DE),4.9370772318,-52.3156313898,17,2,2
202100007209,188Â 869,A01,1,1,1,5,2,6,-1,0,0,-1,2021,33.0,1,1,0,2,1,1,1,,4,DOMES (AVENUE DES),0,,1,1,0,1,(1),(1),1,, -1,1,5,1,50,19,11,1,63,63124,2,2,0,3,Av DÃ´mes /av Livradois,45.73094,3.19987,9,2,2
202100032395,143Â 868,A01,1,1,1,1,2,6,-1,0,0,-1,2021,17.0,3,1,0,0,3,14,1,,4,1,0,V,2,2,0,3,(1),(1),3,, -1,1,0,1,80,25,6,1,70,70299,1,1,0,1,route de Tincey,47.617598,5.788679,19,2,2
202100014028,176Â 627,A01,10,3,1,5,0,-1,-1,2,3,3,2021,9.0,1,2,0,1,2,26,1,,4,EL OUAFI HAMED BOUGERA,0,,2,4,0,1,0,1,1,, -1,1,0,1,50,10,10,1,93,93066,2,1,0,6,EL OUAFI HAMED BOUGERA,48.9227682089,2.3639904857,16,2,1
202100025303,156Â 430,A01,10,3,1,5,0,-1,-1,2,3,1,2021,28.0,0,2,0,1,1,1,1,,4,LIBERATION AVENUE DE LA,0,,2,2,0,1,(1),(1),1,, -1,1,0,1,50,5,8,1,29,29232,2,1,0,6,Avenue de la Liberation,47.99372,-4.09038,15,2,1
202100014611,175Â 598,B01,1,1,1,1,2,6,-1,0, -1,-1,2021,42.0,2,1,0,2,1,1,1,,4,MONTAIGNE (DE 1 A 37 ET 2 A 30),0,,2,3,0,2,(1),(1),1,, -1,1,9,1,50,7,10,5,29,29019,2,2,0,1,Boulevard Montaigne,48.399754,-4.486097,6,2,2
202100045318,120Â 727,A01,1,1,1,5,1,-1,-1,0,0,-1,2021,36.0,1,2,1,0,8,1,1,,1,10,-1,,3,4,3,1,446,400,1,, -1,1,0,2,130,3,4,1,17,17444,1,1,0,3,A10,45.690383,-0.647464,13,6,2
202100000409,200Â 972,A01,1,1,1,0,8,0,-1,-1, -1,-1,2021,68.0,2,2,0,0,0,14,1,,7,CLUB HIPPIQUE (AV),0,,2,2,0,1,0,0,1,, -1,1,0,4,50,9,11,1,13,13001,2,9,0,7,CLUB HIPPIQUE (AV),43.51438,5.31961,10,1,1
202100053667,105Â 806,A01,10,3,1,1,0,-1,-1,6,A,1,2021,48.0,1,2,0,1,2,1,1,,3,806,-1,,2,2,0,2,88,700,2,, -1,7,0,3,90,27,1,2,48,48042,1,1,0,6,"PK 88+700, RD 806",44.57917,3.496302,7,2,1
202100031693,145Â 109,A01,1,1,1,5,8,-1,-1,0,0,-1,2021,19.0,2,2,8,0,9,1,1,,3,922,0,D,2,2,0,1,23,0,4,, -1,1,0,1,50,1,7,1,60,60446,2,1,0,7,18 Rue Beauregard,49.143219,2.799851,14,1,1
202100032086,144Â 395,B01,1,1,1,4,2,0,-1,-1, -1,-1,2021,22.0,3,1,0,2,2,15,1,,4,LYAUTEY (AVENUE),0,,2,2,0,1,(1),0,1,, -1,1,5,1,50,26,6,1,83,83069,2,1,0,3,LYAUTEY (AVENUE),43.119154,6.129827,21,2,2
202100053934,105Â 342,A01,10,3,1,3,0,-1,-1,1,3,1,2021,20.0,1,2,0,1,1,1,1,,4,,0,,2,5,2,1,(1),(1),1,, -1,2,-1,1,50,23,1,5,54,54395,2,1,1,6,DE LATTRE DE TASSIGNY (AV. MAL),48.68422,6.18882,17,2,1
202100004542,193Â 658,B01,1,1,1,9,2,6,-1,0,0,-1,2021,28.0,1,1,0,2,1,15,1,,4,PLACE DE L OPERA,0,,2,6,0,1,(1),(1),1,, -1,2,0,1,30,5,12,5,75,75109,2,7,1,1,PLACE DE L OPERA,48.870727,2.332507,19,2,2
202100015956,173Â 147,A01,10,3,1,5,0,-1,-1,8,1,1,2021,87.0,2,5,0,1,4,4,1,,4,AVENUE GEORGE V,0,,2,2,0,2,(1),(1),1,, -1,1,0,1,30,30,9,1,75,75108,2,2,0,6,AVENUE GEORGE V,48.870883,2.301118,11,2,1
202100024798,157Â 327,A01,1,1,1,5,2,6,-1,0,0,-1,2021,15.0,3,1,0,0,7,1,1,,4,,-1,,2,1,0,1,(1),(1),1,,3,9,0,1,50,10,8,1,29,29160,1,1,0,7,Lieu Dit Penvern,48.5190075791,-4.4388279319,14,1,1
202100006095,190Â 908,A01,1,1,1,9,2,0,-1,0,0,-1,2021,29.0,2,1,0,2,2,1,3,,4,AVENUE SIMON BOLIVAR,0,,2,2,0,1,(1),(1),1,, -1,1,0,1,30,26,11,1,75,75119,2,1,0,3,AVENUE SIMON BOLIVAR,48.876349,2.375591,13,2,2
202100052327,108Â 183,A01,1,1,1,9,1,0,-1,0,0,-1,2021,48.0,1,5,1,0,1,17,1,,4,RUE DU FAUBOURG SAINT ANTOINE,0,,2,4,0,1,(1),(1),1,, -1,2,0,1,50,6,2,5,75,75112,2,3,1,6,RUE DU FAUBOURG SAINT ANTOINE,48.849681,2.387324,19,1,1
202100034238,140Â 547,B01,1,1,1,5,8,0,-1,-1, -1,-1,2021,40.0,1,1,0,2,8,1,3,,4,BEULET (RUE DU),0,,2,2,2,1,0,1,1,, -1,1,0,5,50,15,6,1,74,74012,2,2,0,3,BEULET (RUE DU),46.1913,6.24242,16,2,2
202100049550,113Â 188,A01,1,1,1,5,0,-1,-1,0,0,-1,2021,24.0,0,2,0,0,2,0,1,,4,2,0,,2,2,0,1,14,0,1,, -1,1,0,8,80,3,3,3,60,60561,2,1,0,7,Russy-BÃ©mont,49.2452329448,2.9619791311,2,1,1
202100043256,124Â 340,A01,1,1,1,5,0,-1,-1,0,0,-1,2021,76.0,1,1,16,0,1,13,5,,3,174,-1,,2,2,0,1,4,100,1,, -1,1,0,3,80,22,4,1,18,18013,1,1,0,7,route de la Tour,46.760701,2.55622,18,1,1
202100007143,189Â 002,B01,1,1,1,0,2,-1,-1,-1, -1,-1,2021,63.0,2,1,0,2,1,26,1,,4,MARCEL SEMBAT                       (BD),0,,2,2,2,1,(1),(1),1,, -1,1,5,1,50,19,11,2,69,69259,2,3,0,3,MARCEL SEMBAT (BD),45.7161380792,4.8824250698,8,2,2
202100019221,167Â 273,B01,1,1,1,0,1,0,-1,-1, -1,-1,2021,20.0,2,1,0,2,1,17,1,,3,ARISTIDE BRIAND (BOULEVARD),0,,2,2,0,1,0,0,1,, -1,1,0,1,50,13,9,1,93,93048,2,1,0,3,Boulevard Aristide Briand,48.8697,2.4494,8,2,2
202100046590,118Â 490,B01,1,1,1,1,8,-1,-1,0,0,-1,2021,33.0,2,1,0,2,1,1,6,,4,DALEAS (RUE),0,,2,2,0,1,(1),(1),1,, -1,1,0,1,50,25,3,1,65,65440,2,3,0,3,DALEAS (RUE),43.225669,0.082263,17,2,2
202100017960,169Â 524,A01,1,1,1,5,2,6,-1,-1, -1,-1,2021,56.0,1,1,0,2,1,26,1,,2,RN346  N/S  25.736 A 29.300,0,,1,2,0,1,27,200,1,, -1,1,3,1,90,11,9,3,69,69256,1,1,0,2,EST (ROC),45.7956740704,4.9321437284,20,2,2
202100054386,104Â 550,A01,10,3,1,0,0,-1,-1,1,2,1,2021,29.0,3,2,0,1,3,1,1,,3,204,0,,2,2,0,1,33,512,1,, -1,2,0,1,80,20,1,3,77,77385,1,1,1,6,D204,48.838537,3.236611,19,2,1
202100028080,151Â 517,A01,1,1,1,0,2,0,-1,-1, -1,-1,2021,47.0,2,1,0,2,1,2,1,,1,86,0,,1,6,0,1,11,699,1,, -1,1,0,1,70,20,7,1,92,92078,1,1,0,2,AUTOROUTE A86,48.9283084303,2.3316245851,19,2,2
202100008872,185Â 881,A01,1,1,1,4,1,-1,-1,0,0,-1,2021,48.0,1,4,13,0,2,1,1,,1,84,-1,,3,4,0,1,246,200,2,, -1,1,0,3,130,9,11,3,14,14760,1,1,0,6,A84,49.09697,-0.618238,6,1,1
202100042420,125Â 798,B01,1,1,1,0,1,0,-1,-1, -1,-1,2021,22.0,2,2,0,2,5,2,1,,1,AUTOROUTE A1,0,,3,6,0,1,40,0,1,, -1,1,0,1,130,26,4,1,60,60612,1,1,0,2,AUTOROUTE A1,49.18509,2.60509,16,2,2
202100038247,133Â 280,A01,1,1,2,0,1,-1,-1,0,0,-1,2021,60.0,2,2,4,0,3,11,1,,1,8,0,A,1,5,0,2,76,200,1,, -1,1,0,1,130,27,5,1,83,83023,1,1,0,6,autoroute A8 pk 76+200,43.4192236431,6.0911462136,11,1,1
202100046080,119Â 385,A01,10,3,1,0,0,-1,-1,3,3,1,2021,13.0,1,2,0,1,1,1,1,,4,,0,,2,2,0,1,(1),(1),1,, -1,1,0,1,50,24,3,1,63,63032,2,1,0,6,PARC (AVENUE DU),45.754102596,3.0968950468,12,2,1
202100031353,145Â 701,A01,1,1,1,5,2,6,-1,0,0,-1,2021,22.0,3,1,0,2,1,17,1,,3,,0,,2,2,0,1,(1),(1),3,, -1,1,0,1,50,3,7,1,11,11304,2,4,0,5,RD118,42.890795,2.195211,15,3,3
202100011336,181Â 464,B01,1,1,1,1,2,6,-1,-1, -1,-1,2021,46.0,1,1,0,2,1,21,1,,1,A4,0,,1,3,0,1,4,0,1,, -1,1,0,1,90,22,10,2,94,94069,1,1,0,5,A4,48.8171389327,2.4422619339,9,3,3
202100039750,130Â 531,C01,1,1,1,0,1,-1,-1,0,0,-1,2021,49.0,1,2,0,2,1,0,1,,3,D28,0,,2,2,0,1,18,450,1,, -1,1,0,1,80,17,5,1,45,45124,1,1,1,4,D28,48.236308,2.49719,13,3,3
202100002841,196Â 700,B01,1,1,1,5,0,-1,-1,0,0,-1,2021,61.0,2,1,16,2,8,2,5,,3,81,-1,,2,2,0,3,0,200,1,, -1,1,0,1,80,17,12,2,2,2232,1,1,0,3,Le Virlet,49.207557,3.053057,15,2,2
202100021020,164Â 090,A01,10,3,1,0,0,-1,-1,4,5,1,2021,14.0,3,2,0,1,1,1,1,,4,SAVORGNAN DE BRAZZA (AV) NÂ° PAIRS,0,,2,2,0,1,0,0,1,, -1,1,0,1,50,3,9,1,72,72181,2,1,0,6,SAVORGNAN DE BRAZZA (AV) NÂ° PAIRS,48.0144,0.22167,8,2,1
202100033367,142Â 124,B01,1,1,1,5,2,0,-1,0,0,-1,2021,40.0,1,1,0,2,4,0,1,,4,VOIE RAPIDE,0,,3,5,0,2,(1),(1),1,, -1,1,2,1,70,13,6,5,6,6088,2,1,0,2,VOIE RAPIDE,43.7,7.26,1,2,2
202100016225,172Â 634,B01,1,1,1,5,2,6,-1,0,0,-1,2021,17.0,3,1,0,2,1,1,1,,7,GRASSE AVENUE DE,0,,2,2,0,1,(1),(1),1,, -1,1,0,1,50,29,9,1,6,6027,2,3,0,3,GRASSE AVENUE DE,43.658378,7.141399,17,2,2
202100056428,101Â 034,Z01,10,3,1,3,0,0,-1,2,3,1,2021,49.0,3,2,0,1,2,1,1,,4,PAUL HOCHART (R),0,,1,0,0,1,1,0,1,, -1,1,0,1,30,2,1,1,94,94038,2,1,0,7,Rue Paul Hochart,48.77594,2.3572,11,2,1
202100031607,145Â 260,A01,2,2,2,0,2,0,-1,-1, -1,-1,2021,20.0,0,1,0,0,0,0,0,,4,JOSEPH PROUDHON (ALLEE),0,,2,1,0,1,0,0,1,, -1,1,0,4,50,30,6,1,93,93071,2,1,0,7,JOSEPH PROUDHON (ALLEE),48.942833,2.523076,18,2,1
202100011123,181Â 852,A01,10,3,1,0,0,-1,-1,3,3,1,2021,36.0,3,2,0,1,1,1,1,,4,SAUSSET (AVENUE DU),0,,2,2,0,1,0,0,1,, -1,1,6,1,50,25,10,1,93,93078,1,9,0,1,SAUSSET (AVENUE DU),48.9629,2.5175,17,2,1
202100029461,149Â 123,A01,1,1,2,5,1,-1,-1,0,0,-1,2021,68.0,1,2,13,0,1,1,1,,3,3,-1,,2,2,0,2,39,879,3,, -1,1,0,3,80,11,7,1,31,31454,1,1,0,6,Route de l Isle En Dodon,43.403736,1.078181,19,1,1
202100028141,151Â 403,A01,1,1,1,0,2,0,-1,0,0,-1,2021,49.0,3,1,0,0,1,0,1,,4,VERTE (CHEMIN DE LA COTE),0,,2,2,0,1,(1),(1),1,, -1,1,0,1,50,19,7,2,27,27375,1,1,0,7,VERTE (CHEMIN DE LA COTE),49.21401,1.14595,22,1,1
202100015332,174Â 303,A01,1,1,1,5,1,0,-1,-1, -1,-1,2021,30.0,1,2,0,2,2,9,1,,1,A87N,0,,3,4,0,1,1,0,1,, -1,1,0,1,80,3,10,1,49,49267,2,1,0,3,A87N,47.47786,-0.50158,15,2,2
202100032328,143Â 971,B01,1,1,2,1,2,6,-1,0,0,-1,2021,34.0,1,1,0,2,0,2,1,,4,AVENUE DE FRIEDLAND,0,,2,4,0,2,(1),(1),1,, -1,8,0,1,50,25,6,1,75,75108,2,2,0,4,AVENUE DE FRIEDLAND,48.874397,2.301052,9,3,3
202100027406,152Â 725,B01,1,1,2,1,1,0,-1,-1, -1,-1,2021,26.0,1,2,0,2,1,26,1,,4,VELPEAU (RUE),0,,2,2,0,1,0,0,1,, -1,1,0,1,30,23,7,1,92,92002,2,1,0,1,VELPEAU (RUE),48.76184,2.30491,13,2,2
202100017136,171Â 006,A01,1,1,1,0,2,6,-1,-1, -1,-1,2021,28.0,3,1,0,2,3,26,0,,3,VICTOR HUGO (AVE)  => 120,0,,4,2,0,1,0,0,1,, -1,1,0,1,50,23,9,1,93,93001,2,9,0,1,VICTOR HUGO (AVE)  => 120,48.90707,2.37628,10,2,2
202100045914,119Â 686,A01,10,3,2,5,0,-1,-1,2,3,1,2021,78.0,2,1,0,1,2,1,1,,4,CAMPINCHI >= NR 40 -RUE,0,,1,1,0,1,35,0,1,, -1,1,0,1,50,30,3,1,202,202033,2,1,0,-1,CAMPINCHI >= NR 40 -RUE,42.7029,9.4502,12,2,1
202100032705,143Â 307,A01,1,1,2,9,2,0,-1,0,0,-1,2021,24.0,2,1,0,0,0,21,3,,4,RUE DU CHATEAU D EAU,0,,2,2,0,1,(1),(1),1,, -1,1,0,1,30,23,6,1,75,75110,2,1,0,7,RUE DU CHATEAU D EAU,48.870796,2.358989,10,1,1
202100041370,127Â 659,B01,1,1,1,3,2,-1,-1,0,0,-1,2021,52.0,2,1,0,2,1,1,1,,7,54,0,D,2,2,0,4,3,706,3,, -1,1,0,1,80,6,5,1,31,31506,1,1,0,4,Route de Lauzerville,43.560778,1.54918,13,3,3
202100029927,148Â 307,B01,4,2,2,5,1,-1,-1,-1, -1,-1,2021,21.0,2,2,0,2,4,2,1,,1,ROCADE A 630,0,,-1,6,0,1,4,500,1,, -1,1,0,1,70,9,7,1,33,33063,1,1,0,2,ROCADE A 630,44.88093,-0.54228,20,5,2
202100051995,108Â 768,A01,1,1,1,0,1,0,-1,-1, -1,-1,2021,38.0,1,2,0,2,4,1,1,,3,RTE DE FONTAINEBLEAU,0,,1,2,0,1,0,0,1,, -1,1,1,1,70,9,2,1,91,91479,1,1,0,2,RTE DE FONTAINEBLEAU,48.71982,2.37096,16,2,2
202100024563,157Â 753,A01,1,1,1,1,2,6,-1,-1, -1,-1,2021,21.0,1,1,0,2,1,1,0,,3,JEAN-JAURES (BD),0,,2,4,0,1,0,0,1,, -1,1,0,1,50,11,8,5,93,93070,2,1,0,3,JEAN-JAURES (BD),48.9152,2.33782,23,2,2
202100025954,155Â 290,A01,1,1,1,0,1,0,-1,-1, -1,-1,2021,25.0,3,5,3,0,8,1,1,,1,86,0,,3,7,0,1,12,0,1,, -1,1,0,1,50,2,8,3,92,92078,1,1,0,6,AUTOROUTE A86,48.9275406874,2.3326984048,5,2,1
202100000670,200Â 516,A01,2,2,1,0,1,-1,-1,0,0,-1,2021,25.0,3,2,8,0,2,1,1,,3,24,0,A,2,2,0,1,(1),(1),2,, -1,1,0,1,50,31,12,5,38,38316,2,1,0,6,50 Rue AimÃ© Pinel,45.754858,5.177858,18,2,1
202100024215,158Â 390,A01,1,1,1,5,1,-1,-1,0,0,-1,2021,19.0,3,2,2,0,3,14,1,,4,,-1,,2,2,0,1,(1),(1),1,,4,2,0,3,50,19,6,1,33,33051,2,1,0,6,Rue dâAyguemorte,44.660908,-0.965853,17,1,1
202100032806,143Â 136,A01,10,3,1,0,0,-1,-1,2,3,1,2021,79.0,0,2,0,1,1,1,1,,4,BOUTONS D'OR ( RUE DES ),0,,2,2,0,1,0,1,1,, -1,1,0,1,50,21,6,1,5,5061,2,1,0,7,BOUTONS D'OR ( RUE DES ),44.54616,6.05693,18,2,1
202100032406,143Â 848,A01,2,2,1,5,0,-1,-1,0,0,-1,2021,17.0,2,5,4,0,9,1,1,,1,11,0,A,1,1,0,2,261,800,3,, -1,1,3,1,50,26,6,1,49,49007,1,1,0,6,bretelle d'accÃ¨s autoroute A11,47.489289,-0.544789,8,2,1
202100036589,136Â 310,B01,1,1,2,1,2,6,-1,-1, -1,-1,2021,37.0,1,1,0,2,1,1,1,,4,JOURDAN (PLACE),0,,4,4,0,1,0,0,2,, -1,1,0,1,50,2,6,1,87,87085,2,2,0,3,JOURDAN (PLACE),45.83224,1.26464,19,2,2