Num_Acc,id_vehicule,num_veh,place,catu,sexe,trajet,secu1,secu2,secu3,locp,actp,etatp,year_acc,victim_age,senc,catv,obs,obsm,choc,manv,motor,occutc,catr,voie,v1,v2,circ,nbv,vosp,prof,pr,pr1,plan,lartpc,larrout,surf,infra,situ,vma,jour,mois,lum,dep,com,agg_,int,atm,col,adr,lat,long,hour,nb_victim,nb_vehicules
202100023172,160Â 198,A01,2,2,2,5,1,-1,-1,0,0,-1,2021,68.0,3,2,8,0,2,1,1,,4,,-1,,2,2,0,1,(1),(1),1,,"5,5",1,0,1,50,21,8,1,22,22137,2,3,0,7,15 Ru Kreisker,48.283686,-3.421742,14,2,1
202100055871,102Â 013,A01,1,1,1,1,2,-1,-1,0,0,-1,2021,16.0,1,1,0,2,1,2,1,,3,D6572,-1,,2,2,0,1,8,920,1,, -1,1,0,1,50,8,1,1,30,30341,2,1,0,5,Route d'Aimargues,43.69081,4.26821,15,3,3
202100035713,137Â 875,A01,1,1,1,9,8,0,-1,-1, -1,-1,2021,39.0,1,2,6,0,1,26,1,,4,LIZE,0,,2,2,0,1,1,0,1,, -1,1,0,1,50,7,6,1,49,49007,2,1,0,6,LIZE,47.45461,-0.53415,16,1,1
202100030557,147Â 140,A01,10,3,2,5,8,8,-1,2,1,1,2021,83.0,2,2,0,1,6,20,1,,4,IMAGERIE (RUE DE L'),0,,2,1,0,1,(1),(1),1,, -1,1,0,1,50,5,7,1,54,54431,2,1,0,6,IMAGERIE (RUE DE L'),48.90497,6.05959,11,2,1
202100049384,113Â 486,B01,1,1,2,0,1,0,-1,0,0,-1,2021,25.0,1,2,0,2,8,1,1,,4,SAINT JEAN (RUE),0,,2,2,3,3,(1),(1),1,, -1,1,-1,1,30,3,3,5,54,54395,2,2,0,3,SAINT JEAN (RUE),48.689521,6.178438,22,2,2
202100011065,181Â 945,Z01,10,3,1,0,0,-1,-1,2,3,1,2021,11.0,3,2,0,1,0,0,0,,4,CHARLES ROMME,0,,2,2,0,1,0,0,1,, -1,1,0,1,50,22,10,1,76,76351,2,1,0,6,CHARLES ROMME,49.51517,0.17191,18,2,1
202100031631,145Â 213,A01,1,1,1,1,1,-1,-1,0,0,-1,2021,20.0,0,2,13,0,3,1,1,,3,751,-1,,2,2,0,1,86,400,1,, -1,1,0,3,80,1,7,3,49,49244,1,1,0,6,D751,47.35797,-1.063646,0,1,1
202100039918,130Â 236,B01,3,2,2,5,1,0,-1,-1, -1,-1,2021,13.0,1,2,0,2,1,1,1,,4,TOULOUSE (RUE DE),0,,2,2,0,1,0,0,1,, -1,1,5,1,50,13,5,1,87,87085,2,2,0,3,TOULOUSE (RUE DE),45.81674,1.27715,11,4,2
202100041319,127Â 752,B01,1,1,1,1,8,0,-1,0,0,-1,2021,52.0,1,1,0,2,4,2,5,,4,BOULEVARD DE L HOPITAL,0,,2,1,0,2,(1),(1),1,, -1,1,0,1,50,5,5,1,75,75113,2,4,0,2,BOULEVARD DE L HOPITAL,48.839979,2.361764,7,2,2
202100002093,198Â 057,B01,1,1,1,4,1,-1,-1,0,0,-1,2021,49.0,2,5,0,2,1,5,1,,3,1420,-1,,2,2,0,2,13,500,2,, -1,1,0,1,80,22,12,2,67,67377,1,1,0,1,"RD120, PR 013.500",48.434337,7.181974,7,2,2
202100045660,120Â 123,A01,1,1,1,1,1,0,-1,-1, -1,-1,2021,39.0,2,2,0,2,0,26,1,,3,JEAN JAURES (AVE)  => 53,0,,1,2,0,1,0,1,1,, -1,1,0,1,50,1,4,1,93,93001,2,1,0,2,JEAN JAURES (AVE)  => 53,48.9041995865,2.392528343,13,2,2
202100017253,170Â 810,A01,1,1,1,5,8,-1,-1,0,0,-1,2021,68.0,3,2,0,4,7,1,1,,4,,-1,,2,2,0,1,(1),(1),1,,4,1,4,1,-1,24,9,1,73,73124,1,8,0,3,CHEMIN DU MARAIS,45.650172,6.335995,12,2,2
202100039077,131Â 788,A01,10,3,1,4,0,-1,-1,4,3,1,2021,24.0,1,2,0,1,1,19,1,,4,BAYLE (TRAVERSE) NÂ° PAIRS,0,,2,2,0,1,0,0,1,, -1,1,0,1,30,7,4,1,83,83129,2,1,0,6,BAYLE (TRAVERSE) NÂ° PAIRS,43.091894,5.844228,10,2,1
202100016037,172Â 991,A01,1,1,1,1,2,6,-1,-1, -1,-1,2021,47.0,2,1,0,2,8,3,1,,1,A50-Sens Aubagne vers Marseille,0,,1,3,0,1,5,99,2,, -1,1,0,1,90,29,9,1,13,13211,1,1,0,3,A50-Sens Aubagne vers Marseille,43.29404,5.458,8,2,2
202100009688,184Â 388,A01,10,3,2,3,0,-1,-1,3,3,1,2021,73.0,3,2,0,1,1,19,1,,7,,-1,,2,2,0,1,(1),(1),1,,4,1,0,1,30,27,10,1,6,6011,2,1,0,6,1 Avenue des HellÃ¨nes,43.705129,7.33369,16,2,1
202100028668,150Â 472,A01,10,3,1,0,8,8,-1,6,1,1,2021,47.0,2,2,0,1,7,21,1,,3,D 18,0,,2,2,0,1,3,0,1,, -1,1,0,1,80,16,7,3,11,11069,1,1,0,6,D 18,43.19327,2.30356,23,2,1
202100030284,147Â 635,A01,1,1,1,5,2,6,-1,0,0,-1,2021,21.0,0,1,13,0,7,1,1,,3,612,0,,2,2,0,1,(1),(1),1,, -1,1,0,3,80,7,7,1,50,50101,1,1,0,7,La Rue,49.651783,-1.443822,16,1,1
202100014882,175Â 113,B01,1,1,1,5,2,-1,-1,0,0,-1,2021,60.0,1,1,0,0,4,2,5,,2,21,-1,,2,2,0,1,9,800,1,, -1,1,0,1,80,6,10,1,32,32208,1,1,0,2,RN21,43.949829,0.654212,15,2,2
202100005026,192Â 803,A01,10,3,2,0,0,-1,-1,3,3,1,2021,13.0,1,1,0,1,1,12,1,,4,BECKER (LIEUTENANT),0,,1,2,0,1,(1),(1),1,, -1,2,0,1,50,2,12,1,973,97302,2,9,1,6,BECKER (LIEUTENANT),4.93816,-52.32887,14,2,1
202100028296,151Â 117,A01,1,1,2,5,1,0,-1,-1, -1,-1,2021,65.0,1,2,8,0,3,13,1,,6,CORPS FRANC POMMIES (AVENUE DU),0,,-1,-1,0,1,0,0,1,, -1,1,0,8,30,18,7,1,32,32013,1,1,0,6,CORPS FRANC POMMIES (AVENUE DU),43.63054,0.58127,8,1,1
202100024305,158Â 225,B01,1,1,1,5,2,6,-1,0,0,-1,2021,26.0,2,1,0,2,2,1,1,,4,PORTE DE VANVES,0,,1,4,0,1,6,800,1,, -1,1,0,1,70,13,8,1,75,75114,2,1,0,3,PORTE DE VANVES,48.824292,2.30637,16,2,2
202100037015,135Â 539,B01,1,1,1,5,1,0,-1,0,0,-1,2021,36.0,3,2,2,2,3,1,1,,6,,0,,-1,-1,0,1,0,0,1,, -1,1,0,1,30,29,5,1,30,30189,1,1,0,3,,43.811249,4.362393,18,3,2
202100008460,186Â 616,B01,1,1,1,5,1,0,-1,0,0,-1,2021,26.0,1,2,0,2,4,20,1,,4,TURENNE RUE,0,,2,2,0,1,(1),(1),1,, -1,2,0,1,50,7,11,5,59,59350,2,1,1,2,TURENNE RUE,50.62764,3.0385,1,3,2
202100041880,126Â 764,B01,1,1,2,1,8,0,-1,-1, -1,-1,2021,43.0,1,1,0,2,1,25,5,,4,GASTON HULIN (RUE),0,,1,2,0,1,(1),(1),1,, -1,1,0,1,50,30,4,1,86,86194,2,3,0,6,Rue Gaston Hulin,46.582617,0.340547,12,2,2
202100019625,166Â 560,A01,2,2,1,0,1,0,-1,-1, -1,-1,2021,20.0,1,2,4,0,1,26,1,,2,BAS DU FORT,0,,3,4,0,1,(1),(1),3,, -1,2,0,1,90,10,9,5,971,97113,1,1,0,6,BAS DU FORT,16.22121,-61.52164,19,4,1
202100024272,158Â 283,B01,1,1,1,5,8,-1,-1,-1, -1,-1,2021,26.0,1,1,0,0,0,0,3,,3,NORMANDIE (AVENUE DE),0,,2,2,0,1,0,1570,1,, -1,1,0,1,50,12,8,1,50,50129,2,2,0,1,NORMANDIE (AVENUE DE),49.62695,-1.63662,20,2,2
202100052476,107Â 917,A01,10,3,2,3,0,-1,-1,2,3,1,2021,31.0,2,5,0,1,7,1,1,,4,VERNES (RUE JULES),0,,1,1,0,1,0,0,1,, -1,1,0,1,30,5,2,1,92,92062,2,1,0,6,VERNES (RUE JULES),48.8887385864,2.232863903,16,2,1
202100030001,148Â 168,A01,1,1,1,5,2,0,-1,-1, -1,-1,2021,11.0,1,1,0,2,1,19,5,,3,MISTRAL (PONT FREDERIC),0,,2,4,1,2,0,0,3,, -1,1,6,1,30,8,7,1,7,7102,2,9,0,3,MISTRAL (PONT FREDERIC),44.93277,4.88037,19,2,2
202100043274,124Â 312,B01,1,1,1,1,2,6,-1,0,0,-1,2021,31.0,2,1,0,2,1,1,1,,3,18,-1,,2,2,0,1,17,201,1,, -1,1,0,1,50,22,4,1,34,34289,2,3,1,3,Route de Florensac,43.392684,3.426254,13,2,2
202100050786,110Â 903,A01,1,1,1,5,2,6,-1,0,0,-1,2021,16.0,3,1,1,0,0,1,1,,4,,-1,,2,2,0,2,(1),(1),2,, -1,1,0,1,80,21,2,2,38,38536,1,1,0,7,Chemin des Anduires,45.43985,4.91573,17,1,1
202100043641,123Â 669,B01,2,2,2,0,1,0,-1,-1, -1,-1,2021,27.0,1,2,0,0,0,0,0,,7,OLIVES (AVENUE DES),0,,2,4,0,1,8,400,1,, -1,2,5,1,50,17,4,1,13,13213,2,1,1,2,OLIVES (AVENUE DES),43.323323,5.448615,12,3,2
202100042822,125Â 120,A01,1,1,1,5,2,6,-1,-1, -1,-1,2021,35.0,1,1,0,2,1,17,1,,3,D160,0,,2,2,0,1,51,185,1,, -1,1,0,1,80,23,4,1,85,85191,1,1,0,3,D160,46.6907,-1.371,11,2,2
202100046885,117Â 966,B01,1,1,2,9,1,0,-1,-1, -1,-1,2021,29.0,3,2,0,2,1,1,1,,3,AV RENE CASSIN,0,,2,2,0,2,0,777,1,, -1,1,0,1,50,22,3,2,77,77251,2,1,0,1,AV RENE CASSIN,48.62896,2.56692,19,2,2
202100028142,151Â 402,B01,1,1,1,4,2,6,-1,0,0,-1,2021,37.0,1,1,0,2,6,15,1,,3,CD 677,0,,2,3,0,1,0,0,1,, -1,1,5,1,50,19,7,1,14,14699,2,2,0,3,D677,49.340107,0.102973,16,2,2
202100013691,177Â 228,A01,1,1,1,9,2,6,-1,0,0,-1,2021,30.0,2,1,0,2,1,1,1,,4,BOULEVARD RICHARD LENOIR,0,,1,2,1,1,(1),(1),1,, -1,1,0,1,30,11,10,5,75,75111,2,2,0,3,BOULEVARD RICHARD LENOIR,48.864,2.370687,23,2,2
202100032879,142Â 994,B01,2,2,1,9,1,0,-1,-1, -1,-1,2021,21.0,3,2,0,2,4,23,1,,4,AUBERDIERE (RUE DE L'),0,,1,1,0,1,(1),(1),3,, -1,2,0,1,50,22,6,5,37,37261,2,1,1,2,AUBERDIERE (RUE DE L'),47.3633443328,0.6956172365,22,3,2
202100045114,121Â 098,A01,10,3,1,0,0,-1,-1,1,2,1,2021,76.0,3,2,0,1,1,1,1,,4,SECTION LEROUX,0,,-1,1,0,3,(1),(1),1,, -1,1,0,1,50,3,4,1,971,97113,1,1,0,6,SECTION LEROUX,16.24499,-61.46689,11,2,1
202100043761,123Â 464,A01,1,1,1,0,2,6,-1,-1, -1,-1,2021,27.0,3,1,0,0,1,26,1,,4,ETCHECOPAR (ALLEE),0,,2,3,0,1,0,0,4,, -1,1,0,1,50,16,4,1,64,64024,2,1,0,7,ETCHECOPAR (ALLEE),43.46477,-1.52949,12,1,1
202100054302,104Â 695,A01,1,1,1,1,2,0,-1,-1, -1,-1,2021,25.0,2,1,0,2,0,3,1,,1,A4,0,,3,4,0,1,14,300,1,, -1,1,0,1,110,21,1,1,93,93051,1,1,0,6,A4,48.83533521,2.5693477523,8,1,1
202100005075,192Â 706,A01,1,1,2,0,1,-1,-1,-1, -1,-1,2021,50.0,2,2,0,2,1,2,1,,4,CRS VICTOR HUGO,0,,2,2,0,2,(1),(1),1,, -1,1,0,1,30,2,12,1,33,33039,2,1,0,2,Cours Victor Hugo,44.81173,-0.56448,13,4,2
202100000453,200Â 897,A01,1,1,1,0,1,8,-1,-1, -1,-1,2021,22.0,2,2,4,0,1,13,1,,1,AUTOROUTE A1,0,,1,3,0,2,0,100,3,, -1,2,0,1,90,12,11,2,972,97209,2,1,1,6,AUTOROUTE A1,14.614397,-61.049058,17,1,1
202100014893,175Â 091,A01,1,1,1,5,0,-1,-1,0,0,-1,2021,23.0,2,1,0,2,3,1,5,,3,734,0,,2,2,0,1,16,700,1,, -1,1,0,1,80,6,10,3,17,17385,1,1,0,1,Route Rd 734,45.954969,-1.335483,21,2,2
202100037305,134Â 988,B01,1,1,1,0,2,0,-1,-1, -1,-1,2021,50.0,2,1,0,2,8,2,5,,3,VILLENEUVE (R DE),0,,2,0,0,1,1,0,1,, -1,1,0,1,50,31,5,1,94,94071,2,5,0,3,VILLENEUVE (R DE),48.7677,2.50845,18,2,2
202100033735,141Â 466,A01,1,1,1,5,0,-1,-1,0,0,-1,2021,34.0,1,2,13,0,1,1,1,,1,10,0,,3,4,0,2,9,100,1,,"17,5",1,0,3,130,19,6,3,91,91111,1,1,0,6,A10 pk 9+100,48.615286,2.122357,1,2,1
202100034503,140Â 052,A01,1,1,2,0,1,-1,-1,0,0,-1,2021,71.0,1,2,0,0,9,1,1,,3,949,2,,3,2,0,1,36,668,1,, -1,1,0,3,-1,15,6,1,85,85051,1,1,0,6,Croisee du Gros Caillou,46.66562,-1.09545,15,1,1
202100014236,176Â 242,A01,1,1,1,5,1,-1,-1,0,0,-1,2021,27.0,1,2,2,0,9,1,1,,3,41,-1,D,2,2,0,2,(1),(1),1,, -1,1,0,3,80,9,10,3,24,24418,1,1,0,6,route dÃ©partementale 41,45.136736,0.467863,19,3,2
202100017999,169Â 456,A01,10,3,1,3,0,-1,-1,5,9,1,2021,69.0,1,1,0,1,1,1,5,,4,GAMBETTA (RUE),0,,-1,0,0,1,(1),(1),1,, -1,1,6,4,30,19,9,1,60,60057,2,1,0,6,Rue Gambetta,49.4330432787,2.0847279131,19,2,1
202100040249,129Â 657,A01,1,1,1,5,2,6,9,0,0,-1,2021,38.0,2,1,0,0,7,1,1,,3,15,0,D,2,2,0,2,24,750,2,, -1,2,0,1,80,13,5,1,81,81309,1,1,1,7,D15,44.083,1.801419,16,2,1
202100030879,146Â 564,A01,1,1,2,5,2,6,-1,0,0,-1,2021,32.0,1,1,5,0,2,1,1,,2,RN12,0,,3,4,0,1,89,100,1,, -1,1,2,2,110,3,7,1,22,22070,1,1,0,7,RN12 PR 89+100,48.549498,-3.147089,12,1,1
202100028512,150Â 750,A01,1,1,1,1,2,6,-1,-1, -1,-1,2021,49.0,1,1,0,2,3,21,1,,3,906,0,,2,2,0,2,0,0,1,, -1,1,0,1,50,17,7,1,92,92020,2,1,0,7,PARIS AVENUE DE NÂ° IMPAIRS,48.80747,2.2944,8,2,2
202100052936,107Â 097,A01,1,1,1,9,8,-1,-1,0,0,-1,2021,45.0,1,2,15,0,3,0,1,,4,,-1,,2,2,0,1,(1),(1),1,, -1,2,0,3,90,1,2,3,19,19171,1,1,1,7,lieu dit la grange,45.0286341,1.890212,2,1,1
202100030756,146Â 781,A01,1,1,1,5,1,8,-1,-1, -1,-1,2021,35.0,2,2,4,0,1,1,1,,1,AUTOROUTE (A1),0,,1,4,0,1,0,699,1,, -1,2,0,1,90,1,7,5,972,97209,2,1,1,6,AUTOROUTE (A1),14.6159488707,-61.0448026657,23,2,1
202100036683,136Â 142,B01,1,1,1,0,2,6,-1,0,0,-1,2021,22.0,1,1,0,0,0,21,1,,3,209,0,,2,2,0,1,5,756,1,, -1,1,5,1,80,28,5,1,77,77028,1,2,0,7,D209,48.740707,3.10919,10,4,3
202100021120,163Â 905,A01,1,1,1,1,1,0,-1,-1, -1,-1,2021,31.0,1,2,8,0,1,1,1,,3,906,0,,2,2,0,4,0,0,1,, -1,1,0,3,50,3,9,5,92,92020,2,1,0,6,VERDUN AVENUE DE AUTRES NÂ°,48.80062,2.2834,5,1,1
202100026581,154Â 192,A01,9,2,1,4,0,-1,-1,0,0,-1,2021,48.0,2,2,2,0,1,1,1,,3,268,0,,2,3,0,1,9,500,1,, -1,2,0,3,90,30,7,1,13,13004,1,1,1,1,D268,43.473594,4.846516,8,4,1
202100009632,184Â 491,B01,1,1,1,1,2,6,-1,-1, -1,-1,2021,40.0,1,1,0,2,2,17,1,,3,JEAN COMPAGNON (QU),0,,2,1,0,1,1,0,1,, -1,2,0,1,50,3,11,5,94,94041,2,1,1,3,Quai Jean Compagnon,48.82074,2.39566,7,2,2
202100033481,141Â 928,A01,1,1,2,3,1,-1,-1,0,0,-1,2021,79.0,1,2,2,0,2,1,1,,3,16,-1,,2,2,0,1,11,900,1,, -1,9,8,1,30,14,6,1,4,4206,1,1,0,6,RD 16,43.996921,5.828258,14,1,1
202100013700,177Â 214,B01,1,1,1,4,2,0,-1,-1, -1,-1,2021,29.0,1,1,0,2,9,0,5,,3,MAXIME GORKI (BD),0,,2,4,0,1,1,0,1,, -1,1,8,1,50,12,10,5,94,94076,2,3,0,3,Boulevard Maxime Gorki,48.78843,2.36817,0,2,2
202100010059,183Â 716,B01,1,1,1,0,1,-1,-1,0,0,-1,2021,67.0,1,2,0,2,1,1,1,,3,757,0,,2,2,0,1,32,500,1,, -1,1,0,1,80,1,11,1,37,37035,1,2,0,3,D757,46.9850432541,0.3276259225,11,2,2
202100031790,144Â 934,A01,1,1,1,5,0,-1,-1,0,0,-1,2021,49.0,0,1,15,0,1,1,1,,4,rue ampÃ¨re,-1,,-1,-1,0,1,(1),(1),1,,3,1,0,1,50,11,6,1,77,77377,1,9,0,6,zone industrielle des presles,48.728265,2.727076,20,1,1
202100007614,188Â 134,A01,1,1,2,5,1,8,-1,-1, -1,-1,2021,52.0,2,2,1,0,1,13,1,,4,PARMENTIER (RUE ANTOINE) 02 AU 108  -  0,0,,1,2,1,4,(1),(1),2,, -1,2,0,1,50,17,11,3,44,44184,2,1,0,6,PARMENTIER (RUE ANTOINE) 02 AU 108  -  0,47.26403,-2.22652,2,1,1
202100038619,132Â 608,A01,2,2,2,5,2,6,-1,-1, -1,-1,2021,54.0,1,1,0,2,3,21,1,,3,LAGNY  (RUE DE  ),0,,2,2,0,1,24,799,1,, -1,1,0,1,30,23,5,1,77,77237,2,1,0,2,LAGNY  (RUE DE  ),48.8391,2.75312,17,4,2
202100012176,179Â 955,B01,1,1,1,2,2,6,-1,-1, -1,-1,2021,16.0,1,1,0,2,1,2,1,,4,RUE PIERRE BROSSOLETTE,0,,2,2,0,1,0,100,1,, -1,1,0,1,50,19,10,1,91,91201,2,1,0,2,RUE PIERRE BROSSOLETTE,48.6902,2.42427,17,2,2
202100018215,169Â 045,A01,10,3,2,0,0,-1,-1,4,3,1,2021,49.0,1,2,0,1,3,1,1,,4,EUROPE (BOULEVARD DE L'),0,,2,4,1,1,(1),(1),1,, -1,1,2,1,50,17,9,1,54,54547,2,9,0,6,EUROPE (BOULEVARD DE L'),48.66169,6.17412,16,2,1
202100023057,160Â 406,A01,1,1,1,5,2,8,-1,-1, -1,-1,2021,12.0,1,1,12,0,2,14,5,,4,LOCUNEL (RUE  DE ),0,,2,2,0,1,(1),(1),1,, -1,1,0,1,30,30,7,1,56,56098,2,1,0,6,LOCUNEL (RUE  DE ),47.75424,-3.32859,20,1,1
202100023092,160Â 337,B01,1,1,1,0,0,-1,-1,-1, -1,-1,2021,45.0,0,1,0,0,0,0,0,,4,LECLERC                             (AV),0,,2,4,2,1,(1),(1),1,, -1,1,9,1,50,21,8,2,69,69387,2,9,0,7,LECLERC (AV),45.73282,4.82378,23,1,1
202100014119,176Â 448,A01,10,3,2,5,0,-1,-1,2,3,1,2021,73.0,1,2,0,1,1,1,1,,3,,-1,,2,2,0,1,1,517,1,, -1,1,0,1,50,8,10,2,48,48095,2,1,0,6,PONT ROUPT (AVENUE DU),44.517772,3.490408,18,2,1
202100015175,174Â 584,A01,1,1,2,9,2,6,-1,0,0,-1,2021,17.0,2,1,0,2,1,13,1,,2,106,-1,,2,2,0,2,65,520,4,, -1,2,0,1,90,5,10,1,48,48147,1,1,0,1,N106,44.432543,3.553852,18,2,2
202100052535,107Â 813,A01,10,3,2,5,0,-1,-1,4,3,1,2021,83.0,3,5,0,1,1,26,1,,4,COURBET ( PLACE ),0,,3,0,0,1,(1),(1),1,, -1,1,0,1,50,3,2,1,62,62041,2,9,0,6,COURBET ( PLACE ),50.292592,2.747728,12,2,1
202100033247,142Â 342,A01,2,2,1,5,2,-1,-1,0,0,-1,2021,21.0,1,1,0,0,6,1,1,,3,123,-1,,2,2,0,1,11,310,3,, -1,1,0,1,90,23,5,1,49,49308,1,1,0,7,RD  123  lieu dit LES HAUTES BROSSES,47.367054,-0.481896,15,2,1
202100038219,133Â 330,A01,10,3,2,5,0,-1,-1,3,3,1,2021,81.0,2,2,0,1,4,4,3,,4,VILLA DES ENTREPRENEURS,0,,2,2,0,1,(1),(1),1,, -1,2,0,1,50,26,5,1,75,75115,2,3,1,6,VILLA DES ENTREPRENEURS,48.84626,2.286484,17,2,1
202100036287,136Â 818,A01,10,3,2,3,0,-1,-1,3,3,1,2021,87.0,2,2,8,1,5,20,1,,3,60,0,,1,1,0,1,0,0,1,, -1,1,0,1,30,5,6,1,92,92071,2,1,0,6,HOUDAN (RUE),48.7774649521,2.2946995497,11,2,1
202100000092,201Â 585,B01,1,1,1,2,2,-1,-1,0,0,-1,2021,16.0,2,1,0,2,8,19,1,,3,19,-1,,-1,-1,-1,1,14,300,1,, -1,1,5,1,-1,13,12,3,29,29210,1,2,0,3,D19 - Lieu Dit Croas Ar Born,48.577485,-3.993858,18,2,2
202100019573,166Â 645,B01,1,1,1,5,1,-1,-1,0,0,-1,2021,46.0,1,2,0,2,3,15,1,,3,730,-1,,2,2,0,1,75,900,1,, -1,1,5,1,80,12,9,1,17,17243,1,2,0,1,Frappe,45.247826,-0.288998,15,4,2
202100033593,141Â 720,A01,1,1,1,0,2,0,-1,-1, -1,-1,2021,32.0,3,1,0,2,1,18,1,,4,AVENUE LÃON BLUM,0,,2,3,2,1,0,0,1,, -1,1,0,1,50,18,6,1,38,38185,2,1,0,2,AVENUE LÃON BLUM,45.16912,5.72177,10,2,2
202100051924,108Â 891,A01,1,1,2,1,8,0,-1,0,0,-1,2021,62.0,1,1,0,2,1,1,5,,4,RUE DES MORILLONS,0,,2,2,0,1,(1),(1),1,, -1,1,0,1,50,9,2,4,75,75115,2,4,0,1,RUE DES MORILLONS,48.832803,2.300495,20,2,2
202100025309,156Â 418,A01,2,2,1,0,8,8,-1,-1, -1,-1,2021,47.0,1,1,0,2,4,16,1,,4,JOLIETTE (PLACE DE LA),0,,1,2,0,1,(1),(1),1,, -1,1,0,1,50,6,8,1,13,13202,2,4,0,2,JOLIETTE (PLACE DE LA),43.30507,5.36676,17,3,2
202100014503,175Â 785,B01,1,1,1,5,0,-1,-1,0,0,-1,2021,48.0,0,1,0,2,1,1,5,,4,,0,,2,2,0,1,(1),(1),1,,4,1,0,1,-1,2,10,1,69,69044,2,3,0,3,LAMARTINE (AV),45.781778,4.738071,10,2,2
202100027484,152Â 597,A01,1,1,1,0,8,0,-1,-1, -1,-1,2021,27.0,1,2,0,2,1,2,1,,2,118,0,,1,2,0,1,0,100,1,, -1,1,0,1,70,23,7,1,91,91064,1,1,0,2,RN 118,48.77018,2.22931,18,2,2
202100016859,171Â 484,B01,1,1,1,5,2,-1,-1,-1, -1,-1,2021,69.0,2,1,0,2,1,1,1,,4,ANDRE PHILIP      (Cours),0,,-1,2,2,1,(1),(1),1,, -1,1,0,1,50,23,9,1,69,69266,2,2,0,2,ANDRE PHILIP (CR),45.7728,4.86102,16,2,2
202100044777,121Â 675,A01,1,1,1,0,1,0,-1,-1, -1,-1,2021,25.0,2,2,3,0,1,9,1,,1,AUTOROUTE A25,0,,3,4,0,1,41,500,1,, -1,1,0,1,110,7,4,1,59,59189,1,1,0,6,AUTOROUTE A25,50.796222,2.611743,7,1,1
202100010745,182Â 523,B01,1,1,1,1,0,0,-1,-1, -1,-1,2021,30.0,3,1,0,2,1,0,3,,4,D'AGEN (RUE),0,,1,2,0,1,1,0,1,, -1,1,0,1,50,27,10,5,94,94021,2,1,0,3,Rue dâAgen,48.76212,2.34958,5,2,2
202100041687,127Â 093,A01,1,1,1,9,8,0,-1,0,0,-1,2021,21.0,1,1,0,2,1,1,3,,4,RUE DE CHARENTON,0,,1,1,2,1,(1),(1),1,, -1,2,0,1,30,2,5,1,75,75112,2,2,0,3,RUE DE CHARENTON,48.842647,2.385915,17,3,2
202100044160,122Â 737,A01,10,3,2,3,0,-1,-1,2,3,1,2021,89.0,2,1,0,1,1,1,5,,4,RUE DE LA DUEE,0,,2,2,1,2,(1),(1),1,, -1,1,-1,5,50,13,4,1,75,75120,2,1,0,6,RUE DE LA DUEE,48.871165,2.396543,8,2,1
202100026514,154Â 307,B01,1,1,1,0,1,0,-1,-1, -1,-1,2021,48.0,0,2,0,2,8,16,0,,3,EUROPE (CARREFOUR DE L'),0,,3,6,0,1,0,1,3,, -1,1,5,1,50,29,7,1,93,93005,2,6,0,3,Carrefour de lâEurope / Boulevard Georges Braque,48.951804,2.485049,8,2,2
202100023672,159Â 307,D01,1,1,1,0,2,6,-1,-1, -1,-1,2021,57.0,1,1,14,2,9,2,1,,2,LANCASTEL (BOULEVARD),0,,2,4,0,1,(1),(1),1,, -1,1,0,1,70,17,8,2,974,97411,2,1,0,4,LANCASTEL (BOULEVARD),-20.876523,55.455549,19,4,4
202100006895,189Â 445,B01,2,2,1,0,1,0,-1,-1, -1,-1,2021,34.0,1,2,0,2,3,2,1,,1,AUTOROUTE A86,0,,3,6,0,1,24,899,1,, -1,1,0,1,90,22,11,3,93,93010,1,1,0,5,AUTOROUTE A86,48.889,2.47426,1,5,3
202100031850,144Â 823,B01,1,1,1,0,8,0,-1,-1, -1,-1,2021,28.0,2,1,0,2,7,1,0,,4,RACINE (AVENUE),0,,1,1,1,1,0,0,1,, -1,1,9,5,30,26,6,1,67,67482,2,1,0,3,RACINE (AVENUE),48.59601,7.70029,11,2,2
202100025553,155Â 999,A01,1,1,1,1,0,-1,-1,0,0,-1,2021,22.0,2,2,6,0,3,14,1,,3,30,0,,2,2,0,1,5,400,1,, -1,2,0,3,50,16,7,2,69,69140,2,1,1,6,CHAZAY (DE) (RTE),45.89427,4.69999,7,1,1
202100045423,120Â 538,B01,1,1,1,1,2,6,-1,0,0,-1,2021,34.0,2,1,0,2,7,17,1,,4,AVENUE DE VILLIERS,0,,2,2,0,1,(1),(1),1,, -1,1,0,1,50,2,4,1,75,75117,2,4,0,3,AVENUE DE VILLIERS,48.881735,2.314582,7,2,2
202100021031,164Â 069,A01,1,1,2,0,1,0,-1,-1, -1,-1,2021,34.0,3,2,0,2,2,9,2,,4,FRIOUL (IMPASSE),0,,2,2,0,1,(1),(1),1,, -1,1,0,1,50,3,9,1,59,59152,2,2,0,3,FRIOUL (IMPASSE),50.7566266074,2.9888418317,8,2,2
202100002630,197Â 080,A01,10,3,2,2,0,-1,-1,3,3,1,2021,14.0,0,2,0,1,2,1,1,,4,CROIX ROUGE (AVENUE),0,,2,2,0,1,0,0,1,, -1,1,0,1,50,16,12,1,13,13213,2,1,0,3,CROIX ROUGE (AVENUE),43.3331261614,5.4376428137,7,2,1
202100008629,186Â 316,B01,1,1,1,5,0,-1,-1,0,0,-1,2021,63.0,1,2,0,2,3,13,1,,3,943,-1,,2,2,0,1,77,600,1,, -1,1,0,1,80,11,11,3,62,62087,1,1,0,1,D943,50.801032,2.114342,18,3,2
202100005203,192Â 471,A01,10,3,2,5,0,-1,-1,5,4,1,2021,84.0,1,2,0,0,4,26,1,,3,MICHEL L.,0,,2,2,0,1,0,0,1,, -1,1,9,4,50,1,12,5,8,8480,2,1,0,6,MICHEL L.,49.7388,4.74721,18,2,1