Num_Acc,id_vehicule,num_veh,place,catu,sexe,trajet,secu1,secu2,secu3,locp,actp,etatp,year_acc,victim_age,senc,catv,obs,obsm,choc,manv,motor,occutc,catr,voie,v1,v2,circ,nbv,vosp,prof,pr,pr1,plan,lartpc,larrout,surf,infra,situ,vma,jour,mois,lum,dep,com,agg_,int,atm,col,adr,lat,long,hour,nb_victim,nb_vehicules
202100023422,159Â 754,B01,1,1,2,0,1,0,-1,0,0,-1,2021,19.0,2,2,0,2,8,1,1,,7,ART-SUR-MEURTHE (ROUTE ET RUE),0,,2,2,1,2,(1),(1),2,, -1,2,0,1,50,19,8,1,54,54300,2,1,1,3,ART-SUR-MEURTHE (ROUTE ET RUE),48.6597186387,6.2317270528,9,2,2
202100008525,186Â 492,A01,1,1,1,0,1,-1,-1,0,0,-1,2021,19.0,2,2,0,2,1,13,1,,2,10,-1,,2,2,0,1,30,700,1,,7,1,0,1,80,12,11,2,41,41287,1,1,1,1,La Basse Roche,47.747865,1.040697,7,2,2
202100037727,134Â 229,A01,1,1,1,0,2,6,-1,-1, -1,-1,2021,45.0,1,1,0,1,1,1,1,,4,CHARITE (DE LA)                     (R ),0,,1,1,2,1,(1),(1),1,, -1,1,0,1,50,28,5,1,69,69382,2,1,0,6,CHARITE (DE LA) (R),45.7528611244,4.8315631896,17,2,1
202100039883,130Â 297,B01,1,1,2,5,1,-1,-1,0,0,-1,2021,24.0,2,2,0,0,2,0,1,,2,3,0,N,2,2,0,1,0,0,4,, -1,1,0,1,70,16,5,5,976,97607,1,1,0,1,N3,-12.837881,45.18048,1,2,2
202100015347,174Â 278,B01,1,1,1,1,1,0,-1,-1, -1,-1,2021,44.0,2,2,0,2,6,1,2,,3,MOULIN JEAN -AVENUE-,0,,2,2,0,1,(1),(1),1,, -1,1,0,8,50,3,10,1,11,11069,2,3,0,2,MOULIN JEAN -AVENUE-,43.20885,2.37741,16,2,2
202100041412,127Â 578,B01,1,1,1,1,2,6,-1,0,0,-1,2021,30.0,3,1,0,2,1,1,1,,4,PLACE CHARLES DE GAULLE,0,,1,6,0,1,(1),(1),1,, -1,1,0,1,50,4,5,1,75,75108,2,7,0,3,PLACE CHARLES DE GAULLE,48.873827,2.295921,14,2,2
202100024022,158Â 708,C01,2,2,1,9,1,0,-1,0,0,-1,2021,26.0,1,2,0,2,1,2,1,,4,BOULEVARD PERIPHERIQUE EXTERIEUR SUD,0,,1,3,0,1,(1),(1),1,, -1,1,0,1,70,15,8,1,75,75114,2,4,0,4,BD PERIPHERIQUE EXTERIEUR SUD,48.819286,2.32889,16,5,3
202100044179,122Â 705,B01,1,1,2,5,1,0,-1,-1, -1,-1,2021,33.0,1,2,0,2,0,0,1,,3,7,0,,2,2,0,1,0,0,1,, -1,1,0,1,50,13,4,1,92,92064,2,1,0,2,MARCEL DASSAULT,48.8576445916,2.2235512733,12,2,2
202100015744,173Â 525,A01,1,1,2,1,2,0,-1,0,0,-1,2021,22.0,1,1,0,0,3,1,5,,4,AVENUE DU COLONEL HENRI ROL TANGUY,0,,2,4,3,1,(1),(1),1,, -1,2,-1,6,50,1,10,2,75,75114,2,7,1,7,AVENUE DU COLONEL HENRI ROL TANGUY,48.83369,2.331947,18,1,1
202100026421,154Â 471,B01,1,1,1,0,8,-1,-1,-1, -1,-1,2021,38.0,3,1,0,2,2,1,3,,4,GAMBETTA                            (CO),0,,4,5,1,1,(1),(1),1,, -1,1,0,1,50,29,7,1,69,69383,2,2,0,3,GAMBETTA (CR),45.7537049257,4.8477199673,17,2,2
202100008984,185Â 659,B01,2,2,2,4,1,-1,-1,0,0,-1,2021,29.0,3,5,0,2,1,15,1,,4,,-1,,2,1,0,2,(1),(1),1,,3,1,0,1,50,6,11,1,63,63358,2,4,0,1,Lieu Dit Chamalet,46.056742,3.06084,10,3,2
202100033830,141Â 287,B01,1,1,1,0,8,0,-1,-1, -1,-1,2021,18.0,1,1,0,2,8,15,3,,7,ROUTE DE CLISSON,0,,2,2,0,1,(1),(1),1,, -1,1,0,1,50,16,6,1,44,44190,2,2,0,3,ROUTE DE CLISSON,47.1870299061,-1.4781513065,21,2,2
202100050421,111Â 572,B01,1,1,2,0,1,0,-1,-1, -1,-1,2021,24.0,1,2,0,2,1,1,1,,1,A55-Sens Marseille vers Martigues,0,,1,2,0,1,32,900,1,, -1,1,0,1,110,23,2,3,13,13026,1,1,0,5,A55-Sens Marseille vers Martigues,43.400302,5.099628,20,3,3
202100045768,119Â 942,A01,1,1,1,0,2,-1,-1,-1, -1,-1,2021,16.0,2,1,0,2,1,1,1,,4,EIFFEL (RUE GUSTAVE) DU 02 AU 378,0,,2,2,1,1,(1),(1),1,, -1,1,-1,1,50,31,3,1,33,33529,2,1,0,2,Avenue Gustave Eiffel,44.61064,-1.13179,17,2,2
202100009648,184Â 460,B01,1,1,2,9,2,8,-1,-1, -1,-1,2021,23.0,3,1,0,2,7,17,6,,3,985,0,,1,0,0,1,1,0,1,, -1,1,0,1,50,16,9,1,92,92073,2,9,0,3,SELLIER (BOULEVARD HENRI),48.8680841537,2.2247689962,18,2,2
202100030171,147Â 839,B01,1,1,1,5,2,6,-1,-1, -1,-1,2021,16.0,3,1,0,2,3,1,1,,4,GRENET (AVENUE HENRI),0,,2,3,2,2,0,0,1,, -1,1,0,1,50,6,7,1,64,64102,2,1,0,1,GRENET (AVENUE HENRI),43.50373,-1.47448,16,2,2
202100043780,123Â 428,A01,1,1,1,5,2,8,-1,-1, -1,-1,2021,39.0,2,1,0,0,8,21,1,,4,,0,,2,2,0,1,0,0,1,0,"3,6",1,0,1,50,16,4,1,16,16102,2,1,0,7,,45.69496,-0.34835,12,1,1
202100002325,197Â 636,E01,2,2,1,1,1,-1,-1,0,0,-1,2021,28.0,1,5,0,2,1,1,1,,1,13,-1,,3,3,0,2,98,600,1,, -1,1,0,1,130,17,12,3,27,27701,1,1,0,5,Autoroute A.13 (PK 098.500),49.248927,1.176052,6,5,4
202100027384,152Â 768,A01,10,3,1,3,0,-1,-1,2,3,1,2021,77.0,1,1,0,1,2,1,1,,4,BOULEVARD ORNANO,0,,2,4,0,1,(1),(1),1,, -1,1,0,1,50,23,7,1,75,75118,2,1,0,6,BOULEVARD ORNANO,48.897202,2.345007,16,2,1
202100009271,185Â 126,A01,1,1,2,1,1,0,-1,-1, -1,-1,2021,18.0,3,2,7,0,1,1,1,,3,ROCADE SUD RD 6161,0,,2,2,0,1,1,0,3,, -1,1,0,3,80,4,11,2,11,11069,2,1,0,7,ROCADE SUD RD 6161,43.2043,2.38428,17,1,1
202100011408,181Â 330,A01,1,1,1,5,2,6,-1,0,0,-1,2021,30.0,1,1,0,2,2,12,1,,4,BOULEVARD PERIPHERIQUE,0,,1,4,0,1,29,0,1,, -1,1,1,1,70,23,10,1,75,75120,2,1,0,2,BOULEVARD PERIPHERIQUE,48.872376,2.412504,14,2,2
202100043926,123Â 156,B01,2,2,1,5,1,0,-1,-1, -1,-1,2021,55.0,2,2,0,0,4,1,1,,2,RTE DE PARIS ,0,,2,2,0,1,1,0,1,, -1,1,0,1,30,15,4,1,94,94070,2,1,0,2,Route de Paris,48.71913,2.56779,17,3,2
202100019335,167Â 066,A01,1,1,1,5,2,8,-1,0,0,-1,2021,37.0,2,1,0,2,1,2,5,,3,CONDE (RUE DE),0,,2,2,0,1,1,430,1,, -1,1,2,1,50,11,9,1,61,61397,2,1,0,2,CONDE (RUE DE),48.424,0.0613,17,2,2
202100027329,152Â 871,A01,1,1,2,5,8,0,-1,-1, -1,-1,2021,44.0,2,2,6,0,1,14,1,,3,RUE DU MESNIL,0,,2,2,0,1,0,0,1,, -1,1,0,4,50,23,7,1,91,91552,2,1,0,6,RUE DU MESNIL,48.59612,2.27389,15,1,1
202100039557,130Â 883,B01,1,1,1,0,8,6,-1,-1, -1,-1,2021,35.0,2,1,0,2,0,0,1,,1,AUTOROUTE (A1),0,,3,8,3,1,2,299,1,, -1,1,0,1,90,16,5,5,972,97213,1,1,0,5,AUTOROUTE (A1),14.6183,-61.0271,20,3,3
202100035166,138Â 850,B01,1,1,1,5,2,6,-1,0,0,-1,2021,16.0,2,1,0,2,1,1,1,,3,115,0,D,2,2,0,4,4,140,2,, -1,1,0,1,50,1,6,1,6,6048,2,1,0,1,Route de Sclos,43.812698,7.34192,20,4,2
202100049066,114Â 054,A01,1,1,1,0,2,0,-1,-1, -1,-1,2021,16.0,0,1,0,2,1,1,1,,4,TREWEY BOULEVARD,0,,2,2,0,1,0,0,1,, -1,1,0,1,50,1,3,1,84,84080,1,1,0,2,TREWEY BOULEVARD,44.03342,4.99594,17,2,2
202100048612,114Â 867,A01,2,2,1,4,0,-1,-1,0,0,-1,2021,30.0,3,2,2,0,1,1,1,,4,,-1,,-1,1,0,1,(1),(1),1,, -1,2,9,3,-1,11,3,3,55,55315,1,1,1,7,Bois Lejuc (ForÃªt),48.5196546788,5.3722729683,3,3,1
202100006218,190Â 695,B01,1,1,1,1,2,6,-1,-1, -1,-1,2021,67.0,1,1,0,2,3,26,1,,3,SAMPIERO CORSO - AV,0,,1,0,0,1,1,0,1,, -1,1,0,1,50,24,11,1,202,202033,2,4,0,2,SAMPIERO CORSO - AV,42.67487,9.44384,11,2,2
202100021540,163Â 139,A01,1,1,2,5,1,-1,-1,0,0,-1,2021,67.0,1,2,1,0,1,1,1,,1,35,0,,3,4,0,1,102,700,1,, -1,1,0,1,130,31,8,1,68,68278,1,1,0,6,A35 pk 102.700,47.765068,7.41597,14,1,1
202100053999,105Â 227,B01,5,2,1,5,1,-1,-1,0,0,-1,2021,9.0,2,2,0,2,3,21,1,,2,1,0,,2,2,0,1,86,500,3,, -1,1,0,1,90,24,1,1,988,98802,1,1,0,1,RT1 OuamÃ©nie,-21.86114,165.979514,17,7,2
202100018605,168Â 381,A01,10,3,1,9,0,-1,-1,3,3,1,2021,67.0,1,1,0,1,1,1,1,,4,BOULEVARD DES BATIGNOLLES,0,,3,2,0,1,(1),(1),1,, -1,2,0,1,30,15,9,1,75,75117,2,3,1,6,BOULEVARD DES BATIGNOLLES,48.882553,2.322069,9,2,1
202100007044,189Â 164,A01,1,1,1,9,8,0,-1,0,0,-1,2021,29.0,2,1,0,0,0,1,5,,4,RUE DES COURONNES,0,,1,1,1,2,(1),(1),1,, -1,1,-1,5,30,20,11,1,75,75120,2,4,0,7,RUE DES COURONNES,48.870539,2.388247,11,1,1
202100022740,160Â 952,A01,2,2,1,5,1,-1,-1,0,0,-1,2021,22.0,1,2,13,0,1,19,1,,3,VILLAROBERT ( RUE DE ),0,,2,2,0,1,1,105,2,, -1,1,0,1,50,22,8,2,5,5061,2,3,0,7,VILLAROBERT ( RUE DE ),44.57394,6.09505,6,2,1
202100031427,145Â 567,B01,1,1,1,9,1,0,-1,0,0,-1,2021,63.0,3,2,0,2,6,2,1,,4,PLACE CHARLES DE GAULLE,0,,1,5,0,1,(1),(1),2,, -1,1,0,1,50,1,7,1,75,75108,2,7,0,5,PLACE CHARLES DE GAULLE,48.874127,2.295881,15,4,3
202100037196,135Â 195,B01,1,1,1,0,8,0,-1,-1, -1,-1,2021,55.0,1,1,0,2,7,1,0,,3,D.306,0,,1,1,1,1,70,876,3,, -1,1,0,1,50,31,5,1,77,77394,1,1,0,3,D.306,48.552267,2.667897,19,2,2
202100023476,159Â 663,A01,10,3,1,5,0,-1,-1,4,3,1,2021,13.0,2,1,0,1,3,1,1,,3,,0,,2,2,0,1,28,50,1,,5,1,0,1,50,19,8,1,95,95313,2,1,0,6,RD 922,49.112924,2.225563,18,2,1
202100018469,168Â 618,A01,1,1,1,5,1,-1,-1,0,0,-1,2021,74.0,1,2,15,9,1,14,1,,3,99,0,D,2,2,0,1,0,710,1,,4,1,0,1,80,17,9,3,16,16001,1,1,0,6,Route du Petit Moulin,46.108296,0.683421,19,1,1
202100056302,101Â 257,A01,1,1,1,1,2,6,-1,0,0,-1,2021,30.0,1,1,0,0,7,1,1,,3,316,-1,,3,2,0,1,18,700,1,, -1,2,0,1,80,4,1,5,95,95149,1,6,1,7,RD 316,49.127161,2.429942,19,1,1
202100035487,138Â 279,A01,10,3,2,3,0,-1,-1,3,3,1,2021,85.0,1,2,0,1,3,1,1,,4,REIMS (AVENUE DE),0,,2,2,0,1,(1),(1),1,, -1,1,9,1,50,8,6,1,59,59606,2,1,0,6,REIMS (AVENUE DE),50.342157,3.525919,12,2,1
202100041860,126Â 803,A01,1,1,1,5,2,6,-1,0,0,-1,2021,41.0,1,1,0,2,1,1,1,,3,712,0,D,2,2,0,1,57,900,1,, -1,1,5,1,80,1,5,1,29,29181,1,2,1,2,Lieu-dit Kerhamon,48.463951,-4.228857,17,2,2
202100041433,127Â 541,B01,1,1,1,0,8,0,-1,-1, -1,-1,2021,31.0,1,1,0,0,4,1,1,,3,ALPHONSE LE GALLO (QUAI) 1/34,0,,3,4,0,1,0,0,1,, -1,1,0,1,50,4,5,1,92,92012,2,3,0,2,ALPHONSE LE GALLO (QUAI) 1/34,48.83256,2.22755,20,2,2
202100016055,172Â 950,A01,3,2,2,5,1,4,-1,0, -1,-1,2021,18.0,1,2,0,5,1,21,1,,1,A104,0,,1,2,0,1,10,900,1,, -1,1,0,3,90,28,9,3,77,77294,1,1,0,7,A104,48.96862,2.60078,0,3,1
202100016635,171Â 898,B01,1,1,2,5,1,-1,-1,-1, -1,-1,2021,38.0,1,2,0,2,1,1,1,,7,GANZIN (AVENUE DE),0,,2,2,0,1,37,800,4,, -1,1,0,1,90,21,9,3,83,83098,1,1,0,1,GANZIN (AVENUE DE),43.10914,6.04426,0,3,2
202100051187,110Â 176,B01,1,1,1,1,2,8,-1,0,0,-1,2021,33.0,2,1,0,2,1,1,5,,4,PONT NATIONAL,0,,2,4,1,1,(1),(1),1,, -1,2,-1,5,50,17,2,1,75,75113,2,1,0,3,PONT NATIONAL,48.827042,2.385453,8,2,2
202100040143,129Â 841,A01,1,1,2,0,1,-1,-1,-1, -1,-1,2021,49.0,1,2,0,2,1,0,1,,4,FIOL                                (R ),0,,1,1,0,1,(1),(1),1,, -1,1,0,1,50,12,5,1,69,69383,2,1,0,2,FIOL (R),45.74926,4.87526,14,2,2
202100045513,120Â 389,A01,10,3,1,0,0,-1,-1,2,3,2,2021,4.0,3,2,0,1,5,1,1,,4,,-1,,1,1,0,1,(1),(1),1,, -1,1,0,1,20,3,4,1,56,56007,2,1,0,6,Place de la Republique,47.666334,-2.983308,10,2,1
202100001493,199Â 119,A01,1,1,1,9,1,0,-1,0,0,-1,2021,53.0,2,5,14,0,2,14,1,,4,QUAI D ISSY LES MOULINEAUX,0,,1,4,0,1,9,600,1,, -1,1,0,1,70,24,12,1,75,75115,2,1,0,6,QUAI D ISSY LES MOULINEAUX,48.835298,2.272199,16,1,1
202100011474,181Â 216,A01,1,1,1,5,1,-1,-1,0,0,-1,2021,23.0,2,2,0,2,7,19,1,,3,29,0,,2,2,0,1,6,700,2,, -1,1,0,1,-1,24,10,1,72,72122,1,1,0,3,Route dÃ©partementale 29,48.07438,0.560946,13,2,2
202100047475,116Â 903,A01,1,1,1,0,2,6,-1,-1, -1,-1,2021,17.0,1,1,0,2,1,17,1,,7,1,0,,2,3,3,1,0,1,1,, -1,1,0,1,50,18,3,1,69,69034,2,3,0,3,GENERAL DE GAULLE                   (AV),45.81171,4.85908,13,2,2
202100037879,133Â 954,B01,1,1,1,0,2,-1,-1,0,0,-1,2021,65.0,2,1,0,2,7,1,1,,3,6,-1,,2,2,0,1,16,765,1,, -1,1,0,1,80,28,5,1,17,17172,1,2,0,3,Lieu Dit le Rocher,45.579685,-0.675402,7,2,2
202100014157,176Â 387,A01,1,1,1,0,0,-1,-1,0,0,-1,2021,42.0,1,2,1,0,5,4,1,,4,BONPAIN (RUE DE L'ABBE),0,,2,2,0,1,(1),(1),1,, -1,1,0,1,50,9,10,1,59,59656,2,2,0,6,BONPAIN (RUE DE L'ABBE),50.77207,3.04102,11,1,1
202100024271,158Â 286,B01,1,1,1,0,2,-1,-1,-1, -1,-1,2021,24.0,1,1,0,2,1,2,1,,4,BONS MALADES (RUE DES),0,,3,3,0,1,(1),(1),1,, -1,1,0,1,50,12,8,1,51,51454,2,2,0,1,Rue des Bons Malades,49.2490549411,4.0151865614,10,2,2
202100051021,110Â 472,A01,10,3,2,5,0,-1,-1,2,3,2,2021,22.0,2,2,0,1,0,1,1,,2,PATRICK SAINT ELOI ( AVENUE ),0,,2,2,0,1,(1),(1),1,, -1,2,0,1,50,16,2,5,971,97101,2,1,1,6,PATRICK SAINT ELOI ( AVENUE ),16.2569,-61.52055,20,2,1
202100004096,194Â 418,B01,1,1,1,4,2,6,-1,0,0,-1,2021,57.0,2,1,0,2,1,21,1,,4,,0,,1,3,0,1,(1),(1),1,, -1,1,0,1,50,7,12,1,6,6088,2,1,0,2,ANGLAIS (DU NÂ° 265 AU NÂ° 350),43.67932,7.23034,12,2,2
202100012644,179Â 113,B01,3,2,1,0,1,0,-1,-1, -1,-1,2021,7.0,3,2,0,2,5,1,1,,4,CATHERINE DE BOURBON,0,,3,1,0,1,0,0,1,, -1,1,5,1,50,17,10,1,64,64445,2,9,0,3,CATHERINE DE BOURBON,43.32482,-0.35738,15,6,2
202100013127,178Â 283,A01,1,1,1,9,1,0,-1,-1, -1,-1,2021,36.0,2,2,0,2,1,1,2,,4,CHARLES SCHMIDT(RUE) : APRES 49,0,,2,2,0,1,0,0,1,, -1,1,0,1,50,13,10,5,93,93070,2,4,0,3,CHARLES SCHMIDT(RUE) : APRES 49,48.90159,2.33479,1,2,2
202100008927,185Â 762,A01,1,1,1,0,8,-1,-1,-1, -1,-1,2021,18.0,2,1,0,2,1,19,3,,4,TRONCHET                            (R ),0,,1,1,2,1,(1),(1),1,, -1,1,0,1,50,7,11,5,69,69386,2,2,0,3,TRONCHET (R),45.77045,4.85406,19,2,2
202100003612,195Â 289,B01,1,1,2,5,1,8,-1,-1, -1,-1,2021,82.0,2,2,0,2,2,1,1,,4,VALLEES DES,0,,2,4,2,1,0,0,1,, -1,2,0,1,30,10,12,5,64,64445,2,1,1,3,VALLEES DES,43.29096,-0.38497,19,2,2
202100040949,128Â 423,A01,1,1,2,1,2,0,-1,0,0,-1,2021,50.0,1,1,0,2,2,1,1,,4,AVENUE DES TERNES,0,,2,4,0,1,(1),(1),1,, -1,2,0,1,50,6,5,1,75,75117,2,2,1,3,AVENUE DES TERNES,48.878343,2.295606,11,3,2
202100044029,122Â 976,B01,1,1,1,1,8,0,-1,0,0,-1,2021,31.0,0,0,0,2,8,19,3,,4,TRIAIRE SERGENT (BOULEVARD),0,,1,2,0,1,0,0,1,, -1,1,5,8,50,13,4,1,30,30189,2,1,0,6,TRIAIRE SERGENT (BOULEVARD),43.82841,4.36011,19,2,2
202100003932,194Â 719,B01,1,1,2,1,1,7,-1,-1, -1,-1,2021,42.0,2,2,0,2,4,2,1,,1,AUTOROUTE A6,0,,1,2,0,1,28,299,1,, -1,1,0,1,70,9,12,1,91,91340,1,1,0,4,AUTOROUTE A6,48.60466,2.43677,9,3,3
202100038157,133Â 446,A01,1,1,1,0,2,6,-1,-1, -1,-1,2021,57.0,2,1,9,0,1,26,1,,4,RUE DU PORT AUX DAMES,0,,2,2,0,4,0,100,1,, -1,1,0,1,50,26,5,5,91,91201,2,1,0,6,RUE DU PORT AUX DAMES,48.68,2.4,22,1,1
202100008067,187Â 313,A01,1,1,2,1,1,0,-1,-1, -1,-1,2021,34.0,2,2,0,2,3,16,1,,4,BIZET (AVENUE),0,,2,2,0,1,1,0,1,, -1,2,0,1,50,15,11,1,93,93050,2,3,1,3,BIZET (AVENUE),48.8719215966,2.5502291358,14,2,2
202100002901,196Â 587,A01,10,3,1,1,0,-1,-1,2,3,1,2021,18.0,1,2,0,1,3,1,1,,4,PEREIRE,0,,2,2,0,1,(1),(1),1,, -1,1,0,1,50,13,12,5,78,78551,2,1,0,6,PEREIRE,48.90146,2.0733,16,2,1
202100043498,123Â 910,B01,1,1,2,3,0,-1,-1,0,0,-1,2021,65.0,2,0,0,2,4,1,3,,3,916,0,U,2,2,0,2,47,999,1,, -1,1,0,1,90,20,4,1,61,61035,1,1,1,2,La Cochetiere,48.61603,-0.303873,17,2,2
202100050503,111Â 427,A01,1,1,2,3,1,-1,-1,0,0,-1,2021,25.0,3,2,6,2,1,0,1,,4,,-1,,2,2,0,1,(1),(1),1,, -1,1,0,1,80,17,2,1,35,35167,1,1,0,1,Le Bas Boulay,47.8716,-1.340636,14,3,2
202100043491,123Â 921,A01,1,1,1,5,2,6,-1,0,0,-1,2021,26.0,2,1,0,0,6,23,1,,3,149,0,,2,2,0,1,42,269,1,, -1,1,0,1,50,20,4,1,76,76549,2,3,0,2,route de l'ancienne forge,49.759498,0.927218,15,2,2
202100012009,180Â 244,B01,2,2,2,0,1,0,-1,0,0,-1,2021,63.0,1,2,0,2,1,1,1,,4,,0,,2,2,0,1,(1),(1),1,, -1,1,0,1,50,19,10,2,63,63113,2,3,0,3,CHATEAU DES VERGNES/ charmes,45.80768,3.12829,17,3,2
202100014451,175Â 868,B01,1,1,1,0,2,0,-1,-1, -1,-1,2021,19.0,0,1,0,2,1,16,3,,3,992,0,,1,1,0,1,0,0,3,, -1,1,0,1,50,6,10,1,92,92025,2,1,0,3,CHARLES DE GAULLE (BD),48.91421,2.229568,17,2,2
202100033890,141Â 184,A01,1,1,1,0,8,0,-1,-1, -1,-1,2021,48.0,2,5,0,2,3,13,1,,3,GABRIEL-PERI (AV),0,,2,2,2,1,0,0,1,, -1,1,0,1,50,17,6,1,93,93070,2,1,0,1,GABRIEL-PERI (AV),48.90124,2.33022,13,2,2
202100017683,170Â 015,B01,1,1,1,1,8,0,-1,-1, -1,-1,2021,23.0,1,1,1,0,1,1,5,,3,PIERRE BROSSOLETTE (AV),0,,2,2,0,1,1,0,1,, -1,1,0,1,30,19,9,1,94,94058,2,1,0,6,PIERRE BROSSOLETTE (AV),48.83482,2.5051,15,2,2
202100006084,190Â 927,B01,1,1,1,1,1,4,-1,-1, -1,-1,2021,55.0,1,2,0,2,4,2,1,,1,A4,0,,3,3,0,1,34,99,1,, -1,2,0,1,90,26,11,3,77,77141,1,1,1,2,A4,48.846943889,2.8316070706,23,2,2
202100009311,185Â 060,A01,1,1,1,0,1,0,-1,-1, -1,-1,2021,51.0,1,2,0,2,3,1,1,,4,JULES VERNE,0,,2,1,0,1,66,0,1,, -1,2,0,1,30,4,11,1,93,93029,2,9,1,3,JULES VERNE,48.922971,2.420959,16,3,2
202100043601,123Â 736,B01,1,1,1,5,2,-1,-1,0,0,-1,2021,37.0,1,1,0,2,1,1,1,,3,982,-1,,2,2,0,1,67,294,1,, -1,1,0,1,80,19,4,1,76,76533,1,1,0,3,D982,49.4957662453,0.2580553293,16,3,2
202100040289,129Â 589,A01,1,1,1,9,2,-1,-1,-1, -1,-1,2021,56.0,1,1,0,2,0,1,1,,1,AUTOROUTE A 62,0,,3,4,0,1,1,715,1,, -1,2,0,1,130,12,5,1,33,33080,1,1,1,2,AUTOROUTE A 62,44.758326,-0.545944,16,2,2
202100006829,189Â 573,A01,10,3,1,0,0,-1,-1,4,3,1,2021,41.0,2,1,0,1,0,1,1,,3,REPUBLIQUE (AVENUE),0,,3,2,0,1,0,1,1,, -1,2,0,1,50,21,11,3,93,93031,2,9,0,6,REPUBLIQUE (AVENUE),48.95054,2.32946,20,2,1
202100045786,119Â 909,B01,4,2,1,9,1,0,-1,0,0,-1,2021,24.0,3,2,0,2,7,1,2,,4,RUE HAXO,0,,2,2,0,1,(1),(1),1,, -1,1,0,1,50,31,3,5,75,75120,2,2,0,3,RUE HAXO,48.875998,2.40255,0,4,2
202100042338,125Â 946,B01,1,1,2,0,1,8,-1,0,0,-1,2021,46.0,1,2,0,2,4,2,1,,4,GARAGAI (CHEMIN DU),0,,3,1,0,1,(1),(1),1,, -1,2,0,1,50,27,4,1,6,6069,2,1,1,2,GARAGAI (CHEMIN DU),43.64304,6.97895,9,2,2
202100054769,103Â 902,A01,1,1,2,0,1,-1,-1,-1, -1,-1,2021,86.0,2,2,0,2,1,9,1,,4,AVE DE SAINT-MEDARD,0,,2,2,2,1,(1),(1),1,, -1,1,5,1,50,15,1,1,33,33162,2,3,0,2,Avenue de Saint-MÃ©dard,44.862657,-0.649555,10,3,2
202100003336,195Â 796,A01,7,2,2,0,1,-1,-1,0,0,-1,2021,25.0,1,2,1,0,1,1,1,,3,1089,-1,,2,2,0,2,5,420,1,, -1,5,0,3,90,10,12,1,19,19141,1,1,1,6,VeyriÃ¨res,45.6555080209,2.468919754,14,3,1
202100018730,168Â 159,B01,1,1,1,4,1,-1,-1,-1, -1,-1,2021,34.0,1,3,0,2,3,1,0,3.0,4,FRANCOIS GILLET      (Rue),0,,2,2,0,1,(1),(1),1,, -1,1,0,1,30,15,9,1,69,69266,2,1,0,1,FRANCOIS GILLET (R),45.7596328462,4.8752582073,14,4,2
202100006463,190Â 245,B01,1,1,1,1,2,0,-1,0,0,-1,2021,47.0,1,1,0,2,5,1,5,,4,PLACE DE LA PORTE DE VERSAILLES,0,,1,2,1,1,(1),(1),1,, -1,1,-1,5,50,24,11,1,75,75115,2,3,0,3,PLACE DE LA PORTE DE VERSAILLES,48.832348,2.287678,9,3,2
202100038263,133Â 255,A01,1,1,1,5,2,-1,-1,0,0,-1,2021,16.0,1,1,14,0,0,1,1,,3,94,0,D,2,2,0,1,1,(1),1,, -1,2,0,1,50,24,5,1,22,22236,2,1,1,7,Rue de la Vieille Fontaine,48.664157,-2.985037,13,1,1
202100044147,122Â 767,A01,10,3,2,5,0,-1,-1,3,3,1,2021,68.0,1,2,0,1,3,1,1,,3,MARECHAL LECLERC (AV DU),0,,2,2,2,4,32,871,1,, -1,1,0,1,50,13,4,1,50,50218,2,1,0,6,MARECHAL LECLERC (AV DU),48.8378,-1.58829,8,2,1
202100019479,166Â 816,A01,1,1,1,5,2,6,-1,-1, -1,-1,2021,49.0,1,1,12,0,8,13,1,,3,BAYONNE (AVENUE DE),0,,3,2,3,1,9,355,1,, -1,1,0,1,30,11,9,1,64,64024,2,1,0,7,BAYONNE (AVENUE DE),43.4813194361,-1.5106442571,15,2,1
202100004306,194Â 057,A01,1,1,1,1,1,0,-1,-1, -1,-1,2021,18.0,3,2,0,2,1,13,1,,4,CHAPIT RE ( RUE DU),0,,2,2,0,1,0,0,3,, -1,2,0,1,30,7,12,1,93,93073,2,1,1,1,CHAPIT RE ( RUE DU),48.98697,2.54073,11,2,2
202100047301,117Â 218,A01,1,1,1,5,0,-1,-1,0,0,-1,2021,20.0,3,1,0,2,1,21,1,,2,7,-1,,2,2,0,1,(1),(1),1,, -1,1,0,1,50,21,3,5,978,97801,2,9,0,3,RN 7 - quartier de Bellevue,18.059227,-63.085701,0,3,2
202100042089,126Â 396,A01,1,1,1,1,2,6,-1,0,0,-1,2021,54.0,1,1,9,0,1,14,1,,2,10,-1,,2,2,0,1,144,200,1,, -1,1,0,3,70,30,4,1,202,202343,1,1,0,6,RT 10,42.492693,9.474131,16,1,1
202100030892,146Â 540,A01,9,2,2,5,1,-1,-1,0,0,-1,2021,19.0,1,2,8,0,1,1,1,,3,803,-1,,2,2,0,1,34,200,3,, -1,1,0,8,70,4,7,5,46,46038,1,1,0,6,834 Avenue du General de Gaulle,44.921765,1.8299,2,4,1
202100008078,187Â 294,B01,1,1,1,1,1,-1,-1,0,0,-1,2021,20.0,2,2,0,2,2,5,1,,3,1089,0,,2,2,0,1,108,126,2,, -1,1,0,1,90,16,11,3,19,19123,1,1,0,1,D1089,45.172235,1.61881,6,2,2