Num_Acc,id_vehicule,num_veh,place,catu,sexe,trajet,secu1,secu2,secu3,locp,actp,etatp,year_acc,victim_age,senc,catv,obs,obsm,choc,manv,motor,occutc,catr,voie,v1,v2,circ,nbv,vosp,prof,pr,pr1,plan,lartpc,larrout,surf,infra,situ,vma,jour,mois,lum,dep,com,agg_,int,atm,col,adr,lat,long,hour,nb_victim,nb_vehicules
202100038562,132Â 717,A01,1,1,1,1,2,-1,-1,0,0,-1,2021,18.0,2,0,1,2,1,17,0,,3,,-1,,2,2,0,2,15,25,2,, -1,1,0,1,50,25,5,1,89,89229,2,1,0,1,Grande rue,48.233982,3.099377,7,2,2
202100010744,182Â 525,B01,1,1,1,4,2,0,-1,-1, -1,-1,2021,37.0,2,1,0,2,5,15,1,,3,GEORGES GOSNAT (AV),0,,2,3,3,1,1,0,1,, -1,1,0,1,50,27,10,5,94,94041,2,3,0,2,Avenue Georges Gosnat,48.813278,2.388466,20,2,2
202100003300,195Â 870,A01,1,1,1,5,1,-1,-1,0,0,-1,2021,67.0,1,2,0,2,3,19,1,,3,1,-1,,2,2,0,1,3,630,1,, -1,1,5,1,80,14,12,2,30,30281,1,2,0,3,D22,43.88314,4.194047,17,2,2
202100002615,197Â 107,A01,10,3,1,2,0,-1,-1,4,3,3,2021,8.0,2,2,0,1,2,1,1,,4,Place de la RÃ©publique,0,,2,2,0,3,(1),(1),1,, -1,1,0,6,30,10,12,1,42,42218,2,1,0,6,Place de la RÃ©publique,45.44434,4.3636,16,2,1
202100025597,155Â 927,B01,1,1,1,1,8,0,-1,-1, -1,-1,2021,44.0,2,1,0,2,3,1,5,,4,,0,,2,3,1,1,(1),(1),1,, -1,1,0,1,50,2,8,1,67,67482,2,3,0,3,VOSGES (AVENUE DES),48.5879,7.757226,9,2,2
202100056103,101Â 601,A01,1,1,1,5,1,-1,-1,0,0,-1,2021,61.0,1,2,13,0,2,1,1,,3,20,-1,,2,2,0,1,28,900,3,, -1,2,0,3,80,6,1,3,52,52023,1,1,0,6,D20,47.762775,5.100172,22,1,1
202100023237,160Â 081,A01,1,1,1,1,1,0,-1,-1, -1,-1,2021,21.0,2,2,0,5,1,1,1,,2,RN 104,0,,3,3,0,1,41,830,1,, -1,1,0,2,110,21,8,3,91,91086,1,1,0,6,RN 104,48.624068,2.378904,4,1,1
202100006680,189Â 841,B01,2,2,1,0,2,-1,-1,-1, -1,-1,2021,22.0,1,1,0,2,1,1,1,,4,GOUESNOU (DE 43 A 219 ET 38 A 212),0,,2,2,0,1,(1),(1),1,, -1,1,5,1,50,13,11,5,29,29019,2,4,0,1,Rue de Gouesnou,48.41275,-4.46844,20,3,2
202100022906,160Â 679,A01,1,1,1,5,2,0,-1,-1, -1,-1,2021,16.0,1,1,0,2,1,17,1,,3,GAMBETTA (AVENUE),0,,2,3,0,2,98,8,1,, -1,2,0,1,50,21,8,1,76,76217,2,1,1,3,GAMBETTA (AVENUE),49.914652,1.074861,16,2,2
202100012195,179Â 919,A01,1,1,1,3,2,0,-1,-1, -1,-1,2021,38.0,2,1,0,2,3,19,1,,3,BAYONNE (AVENUE DE),0,,2,2,0,2,9,730,2,, -1,2,0,1,50,8,10,5,64,64024,2,1,0,3,BAYONNE (AVENUE DE),43.48044,-1.51482,23,2,2
202100005881,191Â 277,A01,10,3,1,2,0,-1,-1,4,3,1,2021,17.0,1,5,0,1,1,16,1,,7,ROUTE DE STRASBOURG                 (RO),0,,2,3,0,1,4,900,1,, -1,2,0,1,50,25,11,1,69,69286,2,3,1,6,VICTOR HUGO (AV),45.81917,4.89359,12,2,1
202100035419,138Â 407,A01,2,2,2,0,1,-1,-1,0,0,-1,2021,45.0,2,2,0,0,4,11,1,,3,d 47,0,D,-1,2,0,1,(1),(1),1,, -1,1,0,1,-1,11,6,1,59,59015,2,4,0,2,RUE DE DOUAI,50.282038,3.104743,20,3,2
202100009312,185Â 058,A01,10,3,2,0,0,-1,-1,4,3,1,2021,47.0,1,2,0,1,2,9,0,,3,JAURES (RUE JEAN) DE 25 A FIN,0,,2,2,0,1,1,0,3,, -1,1,0,1,50,5,11,1,93,93057,2,2,0,6,ROBILLARD (AL.),48.9042737758,2.5047048302,14,2,1
202100019464,166Â 848,A01,10,3,2,9,8,8,-1,0,0,-1,2021,4.0,1,2,0,1,1,19,0,,3,GRAND CAMP(SECTION),0,,-1,1,0,1,(1),(1),1,, -1,1,0,1,50,10,9,1,971,97101,1,1,0,6,Boulevard de la Concorde,16.2500572902,-61.5326079726,10,2,1
202100027260,152Â 993,A01,1,1,1,5,0,-1,-1,0,0,-1,2021,54.0,2,2,0,0,2,14,1,,3,150,-1,,2,2,0,1,1,650,1,, -1,1,0,3,80,24,7,1,71,71318,1,1,0,7,route de sainte croix,46.555954,5.184259,18,1,1
202100052617,107Â 672,A01,1,1,2,5,1,-1,-1,0,0,-1,2021,76.0,1,2,6,0,2,14,1,,3,3,0,,2,2,0,2,11,100,2,, -1,2,0,4,50,4,2,1,18,18234,2,1,1,6,4 Route de ChÃ¢teaumeillant,46.508399,2.236846,14,1,1
202100035945,137Â 434,B01,1,1,1,1,2,6,-1,0,0,-1,2021,29.0,2,1,0,2,1,13,1,,4,BOULEVARD VOLTAIRE,0,,2,4,0,1,(1),(1),1,, -1,1,0,1,30,7,6,1,75,75111,2,1,0,1,BOULEVARD VOLTAIRE,48.862,2.372,18,2,2
202100047358,117Â 120,A01,10,3,2,4,0,-1,-1,6,9,3,2021,54.0,1,5,14,1,5,16,1,,4,CRAUSTE (RUE MARGUERITE),0,,2,2,2,1,(1),(1),3,, -1,2,8,8,50,19,3,1,33,33063,2,6,1,6,Rue Corps Franc Pommies,44.83631,-0.58706,9,2,1
202100039766,130Â 504,B01,1,1,1,0,0,-1,-1,0,0,-1,2021,14.0,2,1,0,2,3,13,5,,3,983,0,,2,2,0,1,48,688,1,, -1,2,0,1,50,17,5,1,78,78263,2,1,1,3,Rue de l''Eglise,48.774226,1.671129,17,2,2
202100042968,124Â 868,A01,1,1,1,5,2,6,-1,0,0,-1,2021,18.0,1,1,0,5,7,21,1,,3,83,0,,2,2,0,1,5,900,1,, -1,1,0,1,50,23,4,1,70,70245,2,1,0,6,Les Chavannes,47.88818,6.376767,16,1,1
202100014289,176Â 159,A01,1,1,1,5,2,6,-1,0,0,-1,2021,62.0,1,1,0,0,8,23,1,,3,D34,-1,,2,2,0,1,16,167,1,, -1,1,0,1,50,10,10,1,64,64324,2,3,0,7,7 Rue de la RÃ©publique,43.2211441209,-0.4779779333,17,1,1
202100017446,170Â 441,B01,1,1,1,1,2,6,-1,-1, -1,-1,2021,18.0,2,1,0,2,7,15,1,,4,HENRI BOUQUILLARD,0,,2,2,3,1,0,0,1,, -1,1,0,1,50,26,4,1,58,58194,2,3,0,3,HENRI BOUQUILLARD,46.9957,3.1307,19,2,2
202100045771,119Â 935,B01,1,1,1,0,8,0,-1,-1, -1,-1,2021,25.0,2,0,0,2,8,1,3,,4,LOUIS XI (AVENUE),0,,2,2,0,1,0,0,1,, -1,1,0,1,50,31,3,1,18,18033,2,3,0,3,LOUIS XI (AVENUE),47.07961,2.38931,15,2,2
202100042470,125Â 705,A01,10,3,1,0,0,-1,-1,2,3,1,2021,28.0,2,3,0,1,1,9,3,,7,MARTYRS (AV. DES),0,,3,6,3,1,64,250,1,, -1,1,4,6,50,26,4,1,38,38185,2,1,0,6,Avenue des Martyrs,45.201556,5.70511,12,2,1
202100003813,194Â 937,A01,1,1,1,5,1,0,-1,-1, -1,-1,2021,33.0,1,2,3,0,3,13,1,,1,AUTOROUTE A10,0,,3,4,0,1,13,0,1,, -1,2,0,1,110,10,12,2,91,91661,1,1,1,7,AUTOROUTE A10,48.697576,2.240432,8,1,1
202100052133,108Â 524,A01,10,3,2,0,0,-1,-1,3,3,1,2021,25.0,2,2,0,1,1,1,1,,7,HENRI BARNIER (BOULEVARD),0,,3,4,0,1,2,800,1,, -1,1,0,1,50,8,2,1,13,13215,2,9,1,6,HENRI BARNIER (BOULEVARD),43.3733,5.354,10,2,1
202100051884,108Â 957,B01,1,1,2,1,2,6,-1,-1, -1,-1,2021,55.0,1,1,0,2,1,1,1,,4,GIFFARD (RUE HENRI),0,,2,3,3,1,0,0,1,, -1,1,0,1,50,9,2,1,87,87085,2,1,0,3,GIFFARD (RUE HENRI),45.875047,1.266165,8,2,2
202100018404,168Â 728,A01,1,1,1,5,2,0,-1,0,0,-1,2021,16.0,2,1,0,2,7,5,5,,4,AVENUE DE VERSAILLES,0,,1,3,3,1,(1),(1),1,, -1,1,0,6,30,16,9,1,75,75116,2,4,0,1,AVENUE DE VERSAILLES,48.8395749791,2.2626918162,13,2,2
202100014705,175Â 427,A01,10,3,2,0,0,-1,-1,4,3,1,2021,90.0,1,2,0,1,3,15,6,,3,603,0,,2,2,3,1,39,682,1,, -1,1,6,1,50,8,10,1,77,77183,2,9,0,6,D603,48.943411,3.122038,14,2,1
202100049079,114Â 033,A01,10,3,1,3,0,-1,-1,3,3,1,2021,48.0,3,2,0,1,4,4,1,,6,BAYONNE (AVENUE DE),0,,-1,0,0,1,(1),(1),1,, -1,1,0,1,2,5,3,1,64,64125,2,1,0,6,BAYONNE (AVENUE DE),43.4479626156,-1.5742850304,14,2,1
202100012247,179Â 831,B01,1,1,1,9,2,0,-1,0,0,-1,2021,27.0,1,1,0,2,6,11,5,,4,BOULEVARD DE CLICHY,0,,3,2,3,1,(1),(1),1,, -1,1,0,6,30,19,10,2,75,75118,2,3,0,3,BOULEVARD DE CLICHY,48.883415,2.334312,18,2,2
202100036097,137Â 157,A01,1,1,1,4,2,0,-1,0,0,-1,2021,28.0,1,1,1,2,8,19,5,,4,AVENUE D ITALIE,0,,2,5,0,1,(1),(1),1,, -1,1,0,1,50,5,6,5,75,75113,2,2,0,3,AVENUE D ITALIE,48.826173,2.357275,21,2,2
202100000873,200Â 181,A01,2,2,1,5,1,8,-1,-1, -1,-1,2021,35.0,2,5,13,0,9,1,1,,3,saint gilles route de D38,0,,2,2,0,1,1,0,2,, -1,1,0,1,80,26,12,3,30,30032,1,1,0,7,saint gilles route de D38,43.7803,4.5501,0,2,1
202100055686,102Â 321,A01,10,3,2,3,0,-1,-1,3,3,1,2021,86.0,2,5,0,1,2,16,1,,3,GENERAL DE GAULLE (AV DU),0,,2,2,0,1,0,0,1,, -1,1,0,1,50,9,1,1,94,94067,2,3,0,6,GENERAL DE GAULLE (AV DU),48.8458,2.41749,10,2,1
202100036266,136Â 853,A01,1,1,1,9,2,0,-1,0,0,-1,2021,41.0,1,1,0,2,2,5,5,,4,BOULEVARD GARIBALDI,0,,3,3,1,1,(1),(1),1,, -1,1,0,5,50,5,6,1,75,75115,2,4,0,3,BOULEVARD GARIBALDI,48.84548,2.309578,20,2,2
202100031861,144Â 807,B01,1,1,1,2,2,0,-1,-1, -1,-1,2021,13.0,1,0,0,2,3,9,3,,3,GAMBETTA (R LEON),0,,2,2,0,1,10,390,3,, -1,1,5,1,50,1,6,1,62,62624,2,6,0,3,GAMBETTA (R LEON),50.425106,2.999064,8,2,2
202100001896,198Â 407,B01,1,1,1,0,2,8,-1,-1, -1,-1,2021,51.0,1,1,0,2,2,1,1,,7,PEINTRES ROUX (avenue),0,,1,2,0,1,0,0,2,, -1,1,0,1,50,20,12,1,13,13211,2,6,0,3,PEINTRES ROUX (avenue),43.3,5.476,15,2,2
202100026120,155Â 006,A01,1,1,2,0,1,0,-1,-1, -1,-1,2021,28.0,1,2,0,2,1,1,1,,7,LOUBES (ROUTE DES),0,,2,2,0,1,2,650,1,, -1,1,0,1,70,30,7,1,83,83069,1,1,0,2,LOUBES (ROUTE DES),43.113588,6.100998,19,2,2
202100034525,140Â 017,B01,1,1,1,5,2,-1,-1,0,0,-1,2021,62.0,0,1,0,2,4,2,5,,3,2,-1,,2,2,0,1,(1),(1),2,, -1,1,0,1,80,11,6,1,69,69227,1,1,0,2,D2,45.627994,4.530809,15,2,2
202100022645,161Â 142,A01,2,2,1,4,8,0,-1,-1, -1,-1,2021,18.0,1,5,0,2,6,15,1,,4,MADRAGUE VILLE (chemin de la),0,,2,2,0,1,0,0,1,, -1,1,0,1,50,25,8,5,13,13215,2,3,0,3,MADRAGUE VILLE (chemin de la),43.33445,5.35809,5,3,2
202100039510,130Â 980,A01,1,1,2,0,1,-1,-1,0,0,-1,2021,79.0,1,2,0,2,6,9,1,,3,538,0,D,2,1,0,1,1,270,1,, -1,1,5,1,80,17,5,1,26,26162,1,3,0,3,D538,45.308383,5.04722,17,2,2
202100039814,130Â 411,B01,1,1,1,0,1,0,-1,-1, -1,-1,2021,34.0,1,2,0,2,6,2,1,,4,BLANCHEMAILLE (RUE DE),0,,1,1,0,1,(1),(1),1,, -1,1,0,1,50,16,5,5,59,59512,2,1,0,2,BLANCHEMAILLE (RUE DE),50.6957254245,3.1665936519,0,2,2
202100043288,124Â 284,A01,1,1,1,0,2,6,-1,0,0,-1,2021,43.0,1,1,0,2,1,2,1,,3,97,0,,2,2,0,3,12,100,1,, -1,1,0,1,80,21,4,3,59,59415,1,1,0,2,D 97,50.226522,3.446167,21,2,2
202100042132,126Â 317,A01,10,3,2,0,0,-1,-1,2,1,1,2021,90.0,3,2,0,1,4,4,1,,4,,0,,2,2,0,1,(1),(1),1,, -1,1,0,1,40,24,4,1,85,85113,2,1,0,6,Rue Calypso,46.723477,-2.348446,11,2,1
202100024334,158Â 173,A01,1,1,1,5,2,6,-1,0,0,-1,2021,41.0,2,1,0,2,0,2,1,,3,930,0,,2,2,0,2,7,300,3,, -1,1,0,1,80,13,8,1,60,60335,1,1,0,5,D930,49.537742,1.871753,17,3,3
202100030195,147Â 797,A01,1,1,2,2,1,-1,-1,0,0,-1,2021,22.0,2,2,0,2,1,1,1,,4,BLAISE JACQUES,0,,2,2,0,2,(1),(1),1,, -1,1,0,1,50,7,7,1,29,29019,2,2,0,3,Rue Jacques Blaise,48.372756,-4.539122,16,2,2
202100047798,116Â 316,B01,1,1,2,2,2,6,-1,-1, -1,-1,2021,19.0,2,1,0,2,7,1,1,,4,RUE FRANTZ DESPAGNET,0,,2,2,3,1,(1),(1),1,, -1,1,5,6,50,16,3,1,33,33063,2,2,0,3,Rue Frantz Despagnet,44.830356,-0.602877,7,2,2
202100029949,148Â 270,B01,1,1,1,1,2,6,-1,-1,0,-1,2021,32.0,2,1,0,2,1,1,1,,3,ENGHIEN (ROUTE D' ),0,,2,2,0,1,7,300,1,, -1,1,0,1,50,8,7,1,95,95018,2,1,0,5,ENGHIEN (ROUTE D' ),48.956488,2.281753,8,3,3
202100017393,170Â 544,A01,2,2,2,5,1,8,-1,-1, -1,-1,2021,17.0,2,2,16,0,1,12,1,,1,A104,0,,-1,2,0,1,20,800,1,, -1,1,0,3,90,24,9,3,77,77517,1,1,0,6,A104,48.897619,2.659721,23,2,1
202100024162,158Â 472,A01,1,1,1,5,2,6,-1,0,0,-1,2021,25.0,2,1,0,2,1,13,1,,3,41,-1,,-1,2,0,2,18,500,3,, -1,1,0,1,80,15,8,1,83,83019,1,1,0,3,Route du Baguier,43.1559314827,6.3460830622,16,2,2
202100049896,112Â 549,A01,1,1,1,0,8,0,-1,-1, -1,-1,2021,27.0,2,1,0,2,1,1,1,,4,NATIONAL (BOULEVARD),0,,2,2,0,1,0,0,1,, -1,2,0,1,50,27,2,5,13,13203,2,1,1,2,NATIONAL (BOULEVARD),43.3087872657,5.3806800346,18,2,2
202100007021,189Â 209,A01,1,1,1,0,2,6,-1,-1, -1,-1,2021,33.0,1,1,0,2,4,12,1,,4,AEROPORT INTERNATIONAL (CARREFOUR DE L'),0,,3,4,0,1,(1),(1),1,, -1,1,5,1,50,19,11,1,34,34172,2,4,0,2,AEROPORT INTERNATIONAL (CARREFOUR DE L'),43.60889,3.8959,14,2,2
202100046692,118Â 315,B01,1,1,1,3,1,-1,-1,0,0,-1,2021,69.0,1,2,0,9,3,1,1,,3,122,-1,,2,2,0,1,8,150,1,, -1,1,0,1,80,25,3,1,52,52354,1,1,0,6,D122,47.788191,5.362723,15,3,2
202100007216,188Â 858,A01,7,2,2,0,1,0,-1,-1, -1,-1,2021,6.0,1,2,0,2,0,0,1,,7,DE LATTRE TASSIGNY.AVNÂ°279A659,0,,2,2,0,1,(1),(1),1,, -1,1,0,1,50,19,11,5,59,59527,2,2,0,2,DE LATTRE TASSIGNY.AVNÂ°279A659,50.6645068042,3.031560618,18,4,2
202100049724,112Â 867,A01,1,1,1,0,8,-1,-1,0,0,-1,2021,35.0,2,2,13,0,1,13,1,,3,2,0,,2,2,0,1,0,800,2,, -1,1,0,3,80,2,3,1,27,27270,1,1,0,6,D2,49.288057,1.413969,13,1,1
202100026348,154Â 599,A01,1,1,1,1,2,6,-1,-1, -1,-1,2021,27.0,3,1,0,2,0,0,0,,3,GALLIENI (BOULEVARD),0,,3,4,0,1,1,0,1,, -1,1,0,1,50,30,7,1,93,93049,2,2,0,3,Boulevard GalliÃ©ni / Rue Edgar Quinet,48.85278,2.51313,7,2,2
202100018196,169Â 086,B01,1,1,1,1,8,0,-1,-1, -1,-1,2021,60.0,1,1,0,2,8,1,3,,4,,0,,2,2,1,2,0,1,1,, -1,1,0,1,50,18,9,1,92,92020,2,3,0,3,VERDUN AVENUE DE AUTRES NÂ°,48.80242,2.286343,16,2,2
202100050860,110Â 768,B01,1,1,2,0,1,0,-1,-1, -1,-1,2021,76.0,2,2,0,2,8,1,1,,2,D 82,0,,4,4,0,1,(1),(1),2,, -1,1,9,1,50,19,2,1,202,202037,2,6,0,5,D 82,42.62289,9.43737,9,4,3
202100031467,145Â 502,B01,1,1,1,5,2,-1,-1,0,0,-1,2021,45.0,2,1,0,2,1,1,5,,2,88,-1,,2,2,0,1,67,819,1,, -1,1,0,1,50,2,7,1,12,12056,2,3,0,3,217 Avenue du Centre,44.277101,2.433236,16,2,2
202100015008,174Â 877,A01,1,1,2,0,1,8,-1,-1, -1,-1,2021,37.0,1,2,2,0,1,13,1,,4,KOCH (QUAI),0,,1,1,1,1,0,0,1,, -1,2,0,1,50,4,10,5,67,67482,2,1,1,6,KOCH (QUAI),48.58594,7.75874,20,1,1
202100036178,137Â 027,A01,1,1,1,5,2,6,-1,0,0,-1,2021,24.0,2,1,0,2,8,17,1,,3,417,0,D,2,2,0,2,40,100,1,, -1,1,0,1,80,1,6,1,88,88531,1,1,0,3,D417,48.065347,6.978936,15,2,2
202100056363,101Â 156,A01,1,1,1,0,0,-1,-1,0,0,-1,2021,39.0,0,2,2,0,2,1,1,,3,3104,0,D,2,2,0,2,0,0,3,, -1,2,0,4,50,2,1,1,7,7110,2,1,0,6,Avenue Plan-bernard,44.479886,4.233957,15,1,1
202100008862,185Â 899,B01,2,1,1,0,2,0,-1,-1, -1,-1,2021,47.0,1,1,0,2,1,0,1,,4,17,0,,2,2,0,1,0,0,1,, -1,1,0,1,50,8,11,1,92,92024,2,2,0,3,HENRI BARBUSSE (RUE) DE (1 A 73)   (2 A,48.899554273,2.305219152,15,2,2
202100045094,121Â 127,A01,2,2,1,0,1,0,-1,-1, -1,-1,2021,1.0,1,2,4,0,2,2,1,,1,AUTOROUTE A6B,0,,-1,3,0,1,3,500,1,, -1,2,0,1,90,5,4,1,94,94038,1,1,0,6,AUTOROUTE A6B,48.78664,2.34504,15,2,1
202100055917,101Â 927,A01,10,3,2,3,0,-1,-1,1,3,1,2021,44.0,2,2,0,1,3,1,1,,4,FAUBOURG DE BOURGOGNE (RUE DU ),0,,2,3,0,1,(1),(1),1,, -1,2,0,1,50,7,1,4,45,45234,2,1,1,6,Rue du Faubourg de Bourgogne,47.9033391967,1.9317939251,19,2,1
202100051954,108Â 839,A01,1,1,2,0,1,5,-1,0,0,-1,2021,24.0,1,2,0,2,1,1,1,,3,87,0,,2,2,0,1,18,665,1,, -1,1,0,1,50,11,2,1,76,76113,2,1,0,1,199 Rue Saint-martin,49.52133,1.3553,9,2,2
202100015427,174Â 132,A01,1,1,1,0,1,-1,-1,0,0,-1,2021,41.0,1,2,0,2,1,13,1,,3,1201,-1,,2,2,0,2,(1),(1),3,, -1,2,0,1,50,3,10,1,74,74243,2,6,1,1,Rte d Annecy,46.139403,6.078546,17,3,2
202100025389,156Â 274,A01,1,1,2,5,2,-1,-1,0,0,-1,2021,28.0,2,1,0,2,1,1,1,,3,1203,-1,,1,1,0,2,(1),(1),1,, -1,4,0,1,80,7,8,1,74,74116,1,9,1,3,D1203,46.072494,6.288332,12,2,2
202100027761,152Â 085,B01,1,1,2,1,2,0,-1,0,0,-1,2021,55.0,2,0,0,2,8,1,3,,4,RUE DE VOUILLE,0,,2,3,0,1,(1),(1),1,, -1,1,0,1,50,20,7,1,75,75115,2,7,0,3,RUE DE VOUILLE,48.833572,2.309242,9,2,2
202100042800,125Â 153,B01,1,1,1,0,2,6,-1,-1, -1,-1,2021,65.0,2,1,0,2,4,1,1,,2,m'tsapere-Nationale 2 (route),0,,2,0,0,1,0,0,1,, -1,1,0,1,50,23,4,1,976,97611,2,1,0,2,m'tsapere-Nationale 2 (route),-12.7929,45.22013,6,3,2
202100003878,194Â 819,A01,1,1,1,0,1,-1,-1,0,0,-1,2021,41.0,1,2,0,2,3,1,1,,3,951,0,,2,2,0,1,32,300,1,, -1,2,0,1,80,9,12,3,51,51629,1,1,1,1,D951,49.146485,4.004109,18,2,2
202100009553,184Â 631,A01,2,2,2,0,2,0,-1,-1, -1,-1,2021,30.0,1,1,0,2,0,11,1,,1,86,0,,3,3,0,1,0,500,1,, -1,1,0,1,90,3,11,3,92,92050,1,1,0,4,A86,48.904611,2.208195,19,4,3
202100031065,146Â 214,A01,1,1,1,0,1,0,-1,0,0,-1,2021,32.0,1,2,6,0,1,26,1,,4,TOMBLAINE (RUE DE),0,,2,0,0,1,(1),(1),1,, -1,1,2,4,50,2,7,1,54,54526,2,9,0,6,TOMBLAINE (RUE DE),48.68774,6.20593,17,1,1
202100040704,128Â 861,B01,1,1,1,0,2,6,-1,-1, -1,-1,2021,47.0,1,1,0,2,3,2,1,,1,A50-Sens Marseille vers Aubagne,0,,1,3,0,1,7,0,1,, -1,1,0,1,90,7,5,1,13,13211,1,1,0,2,A50-Sens Marseille vers Aubagne,43.2928736354,5.4761910439,19,2,2
202100026004,155Â 199,B01,1,1,1,5,1,-1,-1,-1, -1,-1,2021,27.0,1,2,0,2,3,1,1,,4,ROBERT (CH.DE),0,,2,2,0,2,(1),(1),1,, -1,1,0,1,50,4,6,1,4,4112,2,3,0,3,Inter ch. de robert / ch. des cabris,43.8205362052,5.7876756801,15,2,2
202100016890,171Â 433,B01,1,1,2,0,2,8,-1,-1, -1,-1,2021,35.0,1,1,0,2,7,1,1,,3,TOURNAI (ROUTE DE),0,,1,2,0,1,13,24,2,, -1,1,2,1,50,22,9,2,59,59654,2,6,0,3,TOURNAI (ROUTE DE),50.393199166,3.1091311437,6,2,2
202100005628,191Â 726,C01,1,1,2,1,1,0,-1,-1, -1,-1,2021,34.0,2,2,0,2,4,2,1,,1,A104,0,,1,3,0,2,23,300,1,, -1,1,0,1,90,29,11,3,77,77372,1,1,0,4,A104,48.8769189703,2.6687860297,18,3,3
202100032742,143Â 246,A01,1,1,2,5,1,-1,-1,0,0,-1,2021,41.0,2,2,0,2,3,13,1,,3,106,-1,,2,2,0,1,3,860,2,,"5,2",1,0,1,70,23,6,1,79,79003,1,1,0,5,Le Portail Rouge,46.287054,-0.453186,17,3,3
202100024010,158Â 724,A01,10,3,1,5,0,-1,-1,1,5,1,2021,6.0,1,2,0,1,7,1,1,,4,BERTHELOT (RUE MARCELIN BERTHELOT),0,,2,2,0,1,(1),(1),1,, -1,1,0,1,50,14,8,1,45,45147,2,1,0,6,159 Rue Marcelin Berthelot,47.9303024354,1.9160762429,12,2,1
202100021731,162Â 794,B01,1,1,1,1,0,-1,-1,0,0,-1,2021,46.0,2,1,0,2,1,1,3,,7,941,0,M,2,2,2,1,(1),(1),1,, -1,1,5,5,50,26,8,1,59,59146,2,3,0,3,Rue Jean Moulin,50.6105311862,3.2065478146,7,2,2
202100008893,185Â 843,A01,1,1,1,1,1,-1,-1,0,0,-1,2021,28.0,3,2,0,2,3,13,1,,3,347,-1,,2,2,0,1,50,640,1,, -1,1,0,1,50,8,11,5,49,49021,2,6,0,1,D347,47.442652,-0.240251,19,3,2
202100040193,129Â 757,B01,1,1,1,5,2,0,-1,-1, -1,-1,2021,15.0,2,1,0,2,7,25,5,,2,YSER (AVENUE DE L'),0,,2,1,0,1,48,284,1,, -1,1,0,1,50,12,5,1,32,32013,2,3,0,3,YSER (AVENUE DE L'),43.65311,0.59524,15,4,2
202100013855,176Â 931,B01,1,1,2,0,1,0,-1,-1, -1,-1,2021,35.0,1,2,0,2,8,1,2,,7,BOULEVARD CHARLES DE GAULLE,0,,2,0,0,1,(1),(1),1,, -1,1,0,1,50,11,10,2,44,44162,2,1,0,3,BOULEVARD CHARLES DE GAULLE,47.21084,-1.62582,8,2,2
202100002952,196Â 495,A01,1,1,2,5,1,0,-1,-1, -1,-1,2021,67.0,1,2,4,0,2,1,1,,4,Corniche John FitzgÃ©rald Kennedy,0,,2,2,0,1,0,0,2,, -1,1,8,1,50,14,12,1,13,13207,2,1,0,6,Corniche John FitzgÃ©rald Kennedy,43.2767112782,5.3576543173,8,1,1
202100032698,143Â 320,B01,1,1,1,4,2,0,-1,0,0,-1,2021,25.0,2,1,0,2,1,2,5,,4,RUE GERMAIN PILON,0,,1,1,0,2,(1),(1),1,, -1,1,0,1,50,23,6,1,75,75118,2,3,0,2,RUE GERMAIN PILON,48.882862,2.336183,12,2,2
202100032346,143Â 943,A01,2,2,1,0,1,0,-1,-1, -1,-1,2021,16.0,1,1,1,2,7,17,1,,4,ROSNY (RUE DE),0,,2,2,0,1,0,0,1,, -1,1,0,1,50,25,6,1,93,93048,2,3,0,3,Rue de Rosny / Rue Pierre de Montreuil,48.863503,2.449845,15,3,2
202100033166,142Â 480,A01,1,1,1,5,1,0,-1,-1, -1,-1,2021,32.0,1,2,3,0,3,26,1,,1,15,0,,3,8,0,1,5,800,1,, -1,2,2,1,90,20,6,3,92,92036,1,1,0,6,AUTOROUTE A15,48.9492053212,2.2806984183,23,1,1
202100005423,192Â 103,B01,1,1,1,0,1,-1,-1,0,0,-1,2021,75.0,0,2,0,2,1,1,1,,3,619,0,D,2,2,0,2,95,330,2,, -1,5,0,1,80,30,11,1,70,70248,1,1,1,1,60 Rue de Belfort,47.651086,6.761205,14,2,2
202100007222,188Â 845,A01,10,3,1,2,0,-1,-1,4,3,1,2021,16.0,1,2,0,1,1,1,1,,3,METZ (RUE DE),0,,-1,2,0,1,15,70,1,, -1,1,0,1,50,18,11,5,57,57283,2,1,0,6,METZ (RUE DE),49.24468,6.16999,7,2,1
202100027058,153Â 351,A01,10,3,1,5,0,-1,-1,5,5,2,2021,2.0,3,2,0,1,0,26,1,,4,ALL CHARLES BAUDELAIRE,0,,2,1,0,1,0,0,3,, -1,1,0,4,50,25,7,1,77,77373,2,1,0,6,ALL CHARLES BAUDELAIRE,48.80011,2.61393,16,3,1
202100026988,153Â 471,A01,1,1,2,5,1,-1,-1,0,0,-1,2021,24.0,2,2,0,2,1,5,1,,3,917,-1,,2,2,0,1,3,100,1,, -1,2,0,1,80,26,7,1,80,80015,1,1,1,1,Route Departementale 917,49.957985,2.972574,17,2,2
202100055413,102Â 799,B01,1,1,2,4,1,-1,-1,0,0,-1,2021,24.0,2,2,0,2,3,1,1,,3,105,0,,2,2,0,1,5,660,1,, -1,2,0,1,80,13,1,3,60,60321,1,1,0,1,D105,49.2317849543,2.0182137651,3,4,2