Num_Acc,id_vehicule,num_veh,place,catu,sexe,trajet,secu1,secu2,secu3,locp,actp,etatp,year_acc,victim_age,senc,catv,obs,obsm,choc,manv,motor,occutc,catr,voie,v1,v2,circ,nbv,vosp,prof,pr,pr1,plan,lartpc,larrout,surf,infra,situ,vma,jour,mois,lum,dep,com,agg_,int,atm,col,adr,lat,long,hour,nb_victim,nb_vehicules
202100025617,155Â 893,B01,1,1,1,9,2,0,-1,-1, -1,-1,2021,19.0,1,1,0,2,1,0,1,,7,SAINT LOUP (BOULEVARD DE),0,,2,2,0,1,1,0,1,, -1,1,0,8,30,2,8,1,13,13211,2,9,0,2,SAINT LOUP (BOULEVARD DE),43.28463,5.44059,14,2,2
202100041160,128Â 028,A01,1,1,1,3,8,0,-1,-1, -1,-1,2021,47.0,1,0,12,0,1,19,3,,4,MARECHAL LECLERC (AVENUE DU),0,,2,1,0,1,0,0,1,, -1,2,0,1,50,6,5,1,92,92046,2,1,1,7,MARECHAL LECLERC (AVENUE DU),48.8208568776,2.3102134466,19,1,1
202100022132,162Â 071,A01,1,1,1,5,2,6,-1,-1, -1,-1,2021,20.0,3,1,8,0,1,13,1,,4,PIERRE LEFAUCHEUX (AVENUE),0,,2,2,0,1,0,0,3,, -1,1,0,4,50,28,8,5,92,92012,2,1,0,6,PIERRE LEFAUCHEUX (AVENUE),48.8256114262,2.2391400512,3,1,1
202100056277,101Â 302,A01,2,2,1,9,2,6,-1,0,0,-1,2021,19.0,1,1,0,2,7,1,1,,4,BOULEVARD ORNANO,0,,2,2,0,1,(1),(1),1,, -1,1,0,1,50,3,1,5,75,75118,2,1,0,6,BOULEVARD ORNANO,48.896651,2.345434,18,3,2
202100003746,195Â 057,A01,10,3,2,1,0,-1,-1,4,3,1,2021,57.0,-1,2,0,1,1,15,1,,4,DUNKERQUE (DE),0,,-1,1,0,1,0,0,1,, -1,1,0,1,30,10,12,5,93,93031,2,3,0,6,DUNKERQUE (DE),48.9582949152,2.2970593977,18,2,1
202100039169,131Â 610,A01,1,1,1,3,0,-1,-1,0,0,-1,2021,75.0,1,5,2,0,3,13,1,,3,1,-1,,2,2,0,1,46,100,1,, -1,1,0,3,70,20,5,1,12,12136,1,1,0,6,D 1,44.414701,2.095497,16,1,1
202100018524,168Â 521,A01,10,3,1,0,0,-1,-1,3,3,1,2021,83.0,1,2,0,1,7,17,1,,4,LOUIS BLANC                         (R ),0,,1,1,0,1,(1),(1),1,, -1,1,0,1,50,16,9,1,69,69386,2,2,0,6,LOUIS BLANC (R),45.76536,4.85593,17,2,1
202100056105,101Â 597,A01,1,1,1,1,1,-1,-1,0,0,-1,2021,47.0,1,5,0,2,1,12,1,,1,A11,-1,,1,5,0,2,146,400,1,, -1,1,0,1,130,6,1,3,72,72031,1,1,0,2,A11 PK 146+400,48.087339,0.503139,18,2,2
202100011902,180Â 452,A01,1,1,2,0,1,-1,-1,0,0,-1,2021,46.0,2,2,0,2,2,17,1,,1,85,-1,A,3,2,0,1,187,600,1,, -1,1,0,1,130,21,10,3,41,41110,1,1,0,5,A85 Pk 187+600,47.315986,1.806628,21,4,3
202100033619,141Â 670,A01,1,1,1,0,2,0,-1,-1, -1,-1,2021,19.0,0,1,0,2,1,1,1,,7,7 RMENT DE TIRAILLEURS ALGERIENS (AVENUE,0,,1,2,0,2,0,0,1,, -1,1,0,1,50,17,6,1,13,13002,2,1,0,2,7 RMENT DE TIRAILLEURS ALGERIENS (AVENUE,43.33797,5.47064,19,2,2
202100040402,129Â 393,A01,1,1,1,5,2,6,-1,0,0,-1,2021,20.0,2,1,13,0,1,1,1,,3,26,0,D,2,2,0,2,14,900,2,, -1,1,0,3,90,27,4,1,61,61480,1,1,0,7,La grille,48.557824,0.0361722,18,1,1
202100045245,120Â 849,A01,1,1,1,5,2,6,-1,0,0,-1,2021,30.0,3,1,0,2,1,23,1,,4,CARREFOUR DE BEAUTE,0,,1,2,0,1,(1),(1),1,, -1,1,0,1,50,3,4,1,75,75112,2,2,0,1,CARREFOUR DE BEAUTE,48.827248,2.464549,13,2,2
202100011591,181Â 008,A01,1,1,1,1,2,6,-1,-1, -1,-1,2021,17.0,2,1,0,2,2,2,1,,4,MARNE (AVENUE DE LA),0,,2,2,1,1,0,0,1,, -1,1,0,1,30,22,10,1,45,45234,2,1,0,2,MARNE (AVENUE DE LA),47.91458,1.92887,16,2,2
202100030771,146Â 759,A01,2,2,2,5,2,8,-1,-1, -1,-1,2021,16.0,1,6,1,2,1,14,1,,4,TOUTES RUES,0,,2,1,0,1,1,0,1,, -1,1,0,1,50,1,7,1,202,202037,2,3,0,2,TOUTES RUES,42.60655,9.4335,15,4,3
202100056269,101Â 317,A01,1,1,1,0,2,8,-1,-1, -1,-1,2021,37.0,0,1,0,2,1,1,1,,4,CAPELETTE (AVENUE DE LA),0,,1,1,0,4,(1),(1),1,, -1,2,0,1,50,4,1,1,13,13210,2,3,1,1,CAPELETTE (AVENUE DE LA),43.283815,5.401791,12,2,2
202100054500,104Â 355,A01,1,1,1,3,0,-1,-1,0,0,-1,2021,71.0,1,1,0,2,7,19,5,,3,415,-1,,2,2,0,1,14,400,1,, -1,2,9,1,50,20,1,5,88,88181,2,3,0,3,Rue du General Ingold,48.183178,7.003226,17,2,2
202100017984,169Â 479,A01,1,1,1,0,1,-1,-1,-1, -1,-1,2021,35.0,3,2,6,2,1,5,1,,4,TUNNEL ROUTIER RUE TERME     (XX),0,,1,1,0,2,(1),(1),1,, -1,2,1,1,50,19,9,5,69,69381,2,1,1,6,TERME (R),45.769808168,4.8309650341,2,1,1
202100040284,129Â 601,A01,1,1,1,5,0,-1,-1,0,0,-1,2021,50.0,2,2,13,0,1,1,1,,3,,-1,,2,2,0,2,(1),(1),2,, -1,1,0,3,50,12,5,1,28,28372,2,1,0,6,rue des murgers,48.654321,1.584472,19,1,1
202100006614,189Â 966,A01,10,3,2,0,0,-1,-1,4,3,2,2021,30.0,3,2,0,1,1,1,1,,4,COLLET ROBERT (RUE),0,,2,2,0,1,0,0,1,, -1,2,0,1,50,21,11,5,72,72181,2,1,0,6,COLLET ROBERT (RUE),47.97529,0.21285,18,3,1
202100046573,118Â 522,B01,1,1,1,0,2,6,-1,-1, -1,-1,2021,48.0,1,1,0,2,0,0,1,,3,MARONNIERS (RUE DES),0,,2,2,0,1,(1),(1),2,, -1,1,0,1,80,25,3,1,90,90076,1,1,0,1,MARONNIERS (RUE DES),47.63301,6.90209,16,3,2
202100016840,171Â 520,A01,10,3,1,2,8,8,-1,2,5,1,2021,15.0,1,2,0,1,3,26,1,,3,AVENUE DE PROVENCE,0,,3,2,0,1,117,790,1,, -1,1,0,1,50,24,9,1,83,83061,2,1,0,6,AVENUE DE PROVENCE,43.427542,6.745957,14,2,1
202100053899,105Â 406,A01,10,3,2,9,4,-1,-1,3,9,1,2021,61.0,3,2,0,1,2,1,1,,4,,0,,2,2,0,1,(1),(1),1,, -1,1,0,1,30,25,1,1,78,78537,2,1,0,6,8 Rue de Guhermont,48.575478,1.945637,16,2,1
202100022509,161Â 395,B01,1,1,1,5,2,6,-1,0,0,-1,2021,18.0,1,1,0,2,1,13,1,,3,D337,-1,,2,2,0,1,16,700,3,, -1,1,0,1,80,26,8,1,69,69018,1,1,0,1,TACOT (DU) (RTE),46.1547134552,4.5845912397,18,2,2
202100007906,187Â 607,A01,1,1,1,1,1,-1,-1,0,0,-1,2021,59.0,1,2,0,2,1,13,1,,2,12,-1,,1,4,0,1,22,350,3,, -1,1,0,1,90,17,11,2,27,27679,1,9,0,2,N12 PK 022.350,48.742168,0.959936,6,2,2
202100011516,181Â 134,B01,1,1,1,0,2,6,-1,-1, -1,-1,2021,26.0,1,1,0,2,7,1,1,,1,86,0,,3,2,0,1,0,800,1,, -1,1,0,1,70,22,10,5,92,92050,1,1,0,3,A86,48.9064397664,2.2110575438,20,3,2
202100050759,110Â 950,A01,2,2,2,5,2,6,-1,-1, -1,-1,2021,31.0,2,1,8,2,1,17,1,,4,GAMBETTA (A PARTIR DU NÂ° 63-74),0,,2,4,0,2,(1),(1),1,, -1,1,0,1,50,20,2,1,6,6088,2,1,0,3,GAMBETTA (A PARTIR DU NÂ° 63-74),43.70805,7.25607,14,4,2
202100034629,139Â 814,A01,10,3,1,5,0,-1,-1,1,3,1,2021,10.0,2,2,0,1,3,1,1,,4,HARDY  (BOULEVARD),0,,2,2,0,2,0,0,1,, -1,1,0,1,50,13,6,1,93,93047,2,1,0,6,Boulevard Hardy,48.90674,2.57096,13,2,1
202100038474,132Â 878,B01,1,1,1,2,2,-1,-1,0,0,-1,2021,17.0,2,1,0,2,8,15,1,,4,,0,,2,2,0,1,(1),(1),1,, -1,1,0,1,50,26,5,1,33,33051,2,1,0,1,Rue Jean JaurÃ¨s,44.640189,-0.97138,8,2,2
202100008926,185Â 763,A01,10,3,1,0,0,-1,-1,0,3,1,2021,34.0,1,1,0,1,7,1,1,,4,MANGO (ROUTE),0,,2,2,0,1,(1),(1),1,, -1,1,9,1,50,7,11,5,973,97302,2,1,0,6,MANGO (ROUTE),4.9301389463,-52.3157991171,19,2,1
202100053631,105Â 862,A01,1,1,1,9,8,0,-1,0,0,-1,2021,58.0,1,1,0,1,1,1,5,,4,BOULEVARD DE SEBASTOPOL,0,,1,4,1,1,(1),(1),1,, -1,1,-1,5,50,26,1,1,75,75101,2,2,0,6,BOULEVARD DE SEBASTOPOL,48.860618,2.349388,16,2,1
202100030402,147Â 423,A01,10,3,1,0,0,-1,-1,2,3,1,2021,85.0,1,2,0,1,1,9,1,,4,PAOUTE (ROUTE ET TRAVERSE DE LA),0,,2,1,0,1,(1),(1),1,, -1,1,0,1,50,6,7,1,6,6069,2,1,0,6,PAOUTE (ROUTE ET TRAVERSE DE LA),43.633611,6.957644,15,2,1
202100022533,161Â 353,A01,2,2,1,4,0,-1,-1,0,0,-1,2021,21.0,1,5,8,0,1,14,1,,3,2076,0,,2,2,0,1,6,830,1,, -1,1,0,3,90,16,8,2,18,18242,1,1,0,6,La Garde,46.831822,2.963476,7,4,1
202100000645,200Â 557,A01,10,3,2,0,0,-1,-1,2,3,1,2021,26.0,3,2,0,1,7,1,1,,6,,-1,,-1,-1,0,1,(1),(1),1,,"5,5",1,0,1,50,17,12,1,60,60398,2,1,0,6,Avenue Jacques Vogt,49.157927,2.264643,15,2,1
202100029250,149Â 473,B01,1,1,1,9,8,0,-1,-1, -1,-1,2021,35.0,2,2,0,0,6,24,1,,1,AUTOROUTE A6,0,,1,3,0,1,22,200,1,, -1,2,0,1,110,12,7,3,91,91286,1,1,1,2,AUTOROUTE A6,48.64714,2.38739,23,2,2
202100013434,177Â 721,A01,1,1,1,1,8,-1,-1,0,0,-1,2021,24.0,1,2,13,0,1,1,1,,3,143,-1,,2,2,0,1,28,350,1,, -1,1,0,3,80,13,10,1,47,47156,1,1,0,6,Lamouliere,44.489384,0.082982,9,1,1
202100031746,145Â 013,B01,1,1,1,0,2,6,-1,-1, -1,-1,2021,44.0,1,1,0,2,7,1,1,,4,POITOU (R DU),0,,2,2,0,1,1,0,1,, -1,1,0,1,50,29,6,1,94,94021,2,1,0,3,Rue du Poitou,48.77595,2.35993,13,2,2
202100029674,148Â 755,B01,1,1,1,5,2,-1,-1,0,0,-1,2021,58.0,2,1,0,2,1,1,1,,3,4,0,,2,2,0,1,10,800,2,, -1,1,0,1,80,11,7,1,31,31052,1,1,0,1,route de toulouse,43.399256,1.363496,16,3,2
202100009868,184Â 064,A01,2,2,2,5,8,0,-1,-1, -1,-1,2021,22.0,1,2,4,0,2,1,1,,1,A51-Sens Marseille vers Aix en Provence,0,,1,3,0,1,3,400,3,, -1,1,0,2,90,2,11,3,13,13019,1,1,0,1,A51-Sens Marseille vers Aix en Provence,43.42172,5.37072,1,2,1
202100038397,133Â 003,B01,1,1,1,5,2,6,-1,0,0,-1,2021,30.0,2,1,0,2,1,2,1,,4,AVENUE FOCH,0,,2,1,0,1,(1),(1),2,, -1,2,5,1,50,22,5,1,75,75116,2,3,1,3,AVENUE FOCH,48.872682,2.284575,18,5,2
202100047292,117Â 230,A01,7,2,2,5,1,-1,-1,0,0,-1,2021,19.0,3,2,13,0,3,1,1,,3,29,0,D,2,2,0,2,1,772,2,, -1,1,0,3,80,21,3,3,6,6071,1,1,0,5,D29,44.093669,6.872021,1,3,1
202100017735,169Â 923,A01,1,1,1,1,2,6,-1,0,0,-1,2021,27.0,1,1,0,2,1,1,1,,3,939,-1,D,2,2,0,1,56,909,1,, -1,1,0,1,80,21,9,1,17,17359,1,2,0,4,D939,46.086879,-0.706462,18,3,3
202100034749,139Â 597,A01,1,1,2,5,2,6,-1,-1, -1,-1,2021,17.0,2,1,12,0,0,1,1,,4,MOURA (ALLEE DU),0,,2,2,0,2,0,0,1,, -1,1,0,1,50,12,6,1,64,64122,2,1,0,7,MOURA (ALLEE DU),43.45985,-1.53702,12,1,1
202100007804,187Â 797,A01,1,1,1,0,1,0,-1,0,0,-1,2021,22.0,1,2,0,2,8,1,1,,4,RESISTANCE (AV. DE LA -IMPAIR-),0,,2,4,0,1,(1),(1),1,, -1,1,0,1,50,11,11,1,54,54304,2,1,0,3,RESISTANCE (AV. DE LA -IMPAIR-),48.6944913852,6.1289528757,11,4,2
202100011692,180Â 830,A01,1,1,1,5,1,-1,-1,0,0,-1,2021,29.0,1,2,1,9,1,1,1,,3,290,-1,,2,2,0,1,(1),(1),3,, -1,1,0,4,50,23,10,5,74,74311,2,1,0,6,1403 Avenue de Savoie,46.150966,6.41093,0,1,1
202100033464,141Â 954,A01,1,1,1,5,2,-1,-1,0,0,-1,2021,51.0,2,1,2,0,1,1,1,,3,20,-1,,2,2,0,1,28,1079,3,, -1,1,0,3,80,19,6,2,34,34074,2,1,0,7,RD20,43.449507,3.033385,21,1,1
202100052539,107Â 806,A01,1,1,1,0,2,0,-1,0,0,-1,2021,47.0,1,1,0,2,1,26,5,,4,OBERLIN (RUE),0,,2,2,0,1,(1),(1),1,, -1,2,9,1,50,3,2,2,54,54395,2,1,1,2,OBERLIN (RUE),48.70232,6.18547,8,2,2
202100027136,153Â 204,A01,2,2,2,5,1,-1,-1,0,0,-1,2021,42.0,1,2,13,0,1,13,1,,3,4,-1,,2,2,0,2,13,215,3,, -1,1,0,8,80,25,7,3,64,64504,1,1,0,7,Col St Ignace,43.322212,-1.599498,22,2,1
202100055869,102Â 017,A01,1,1,2,5,2,6,-1,0,0,-1,2021,41.0,1,6,8,0,1,1,1,,3,61,0,,2,2,0,2,19,605,1,0,4,1,0,3,50,9,1,1,16,16173,2,1,0,6,Agglo de Villesoubis,45.920924,0.137094,15,1,1
202100051594,109Â 471,A01,1,1,1,5,8,0,-1,0,0,-1,2021,14.0,1,1,0,2,1,1,5,,4,RUE DE CHARENTON,0,,2,2,0,1,(1),(1),1,, -1,1,0,1,30,13,2,1,75,75112,2,3,0,3,RUE DE CHARENTON,48.841604,2.386948,15,2,2
202100007626,188Â 113,B01,1,1,1,0,8,-1,-1,-1, -1,-1,2021,59.0,2,1,0,2,1,1,1,,1,ROCADE ENTREE 10,0,,1,1,0,2,16,0,1,, -1,1,3,1,50,4,11,5,33,33281,1,2,0,3,Avenue Marcel Dassault,44.84351,-0.67296,22,2,2
202100039619,130Â 771,A01,2,1,1,5,2,8,-1,-1, -1,-1,2021,25.0,2,1,0,2,1,13,5,,3,GRANDE RUE,0,,3,4,0,1,0,0,1,, -1,2,0,5,30,16,5,1,92,92064,2,1,1,1,GRANDE RUE,48.8265322782,2.219083051,11,2,2
202100017047,171Â 153,A01,1,1,1,5,8,2,-1,0,0,-1,2021,35.0,2,1,0,2,1,13,5,,4,RUE VERCINGETORIX,0,,1,3,1,1,(1),(1),1,, -1,1,0,5,30,23,9,5,75,75114,2,1,0,1,RUE VERCINGETORIX,48.8323754823,2.3109386134,21,2,2
202100017873,169Â 674,A01,10,3,1,2,0,-1,-1,4,3,3,2021,14.0,1,2,0,1,2,26,1,,3,HERRIOT ( BOULEVARD EDOUARD COTE PAIR),0,,2,3,0,1,32,168,1,, -1,2,5,1,50,20,9,1,1,1053,2,2,1,6,HERRIOT ( BOULEVARD EDOUARD COTE PAIR),46.21029,5.22171,11,3,1
202100053480,106Â 120,A01,1,1,1,1,2,8,-1,0,0,-1,2021,46.0,1,1,0,0,3,1,3,,4,RUE DE COURCELLES,0,,2,4,0,1,(1),(1),1,, -1,2,0,1,50,27,1,1,75,75117,2,3,1,7,RUE DE COURCELLES,48.888333,2.293935,8,1,1
202100033878,141Â 204,A01,10,3,1,5,0,-1,-1,2,3,1,2021,62.0,2,2,0,1,4,4,1,,4,RUE DU HUIT MAI 1945,0,,2,2,0,1,(1),(1),1,, -1,1,0,1,50,17,6,1,75,75110,2,1,0,6,RUE DU HUIT MAI 1945,48.876232,2.357543,11,2,1
202100019719,166Â 392,B01,1,1,1,1,2,0,-1,0,0,-1,2021,53.0,2,1,0,2,1,1,1,,4,BOULEVARD DE LA VILLETTE,0,,3,2,0,1,(1),(1),1,, -1,1,0,1,50,10,9,1,75,75110,2,3,0,3,BOULEVARD DE LA VILLETTE,48.881493,2.370404,16,2,2
202100043893,123Â 210,B01,1,1,1,1,1,0,-1,0,0,-1,2021,45.0,1,2,4,0,0,1,1,,2,RN 532,0,,3,4,0,1,10,400,1,, -1,1,0,1,110,15,4,3,26,26004,1,1,0,6,RN 532,44.98681,4.98104,6,2,2
202100051981,108Â 791,A01,1,1,1,1,1,4,-1,-1, -1,-1,2021,42.0,2,2,4,0,1,1,1,,1,A86 EXT,0,,3,3,0,2,43,0,1,, -1,5,0,1,90,10,2,3,94,94073,1,1,1,6,A86 EXT,48.77196,2.3964,5,1,1
202100037372,134Â 868,A01,1,1,1,5,2,6,-1,0,0,-1,2021,37.0,2,1,3,0,1,1,1,,3,116,0,F,2,2,0,2,0,0,1,, -1,1,2,3,80,30,5,1,21,21183,1,3,0,6,D116,47.2324095864,5.273373035,18,1,1
202100045500,120Â 408,A01,10,3,1,0,0,-1,-1,1,2,1,2021,77.0,2,2,0,1,3,21,1,,4,,-1,,2,2,0,1,(1),(1),1,, -1,1,0,1,50,2,4,2,18,18055,2,1,1,6,7 Rue de l'Abbe Emile Trouzier,46.9944,2.118607,19,2,1
202100003476,195Â 541,A01,2,2,2,5,0,-1,-1,0,0,-1,2021,58.0,1,2,8,0,2,1,1,,3,50,-1,,2,2,0,2,11,0,1,, -1,1,0,3,80,11,12,1,45,45064,1,1,0,6,D50-PR11+0,47.541252,2.673154,16,3,1
202100053813,105Â 563,B01,1,1,2,1,1,-1,-1,0,0,-1,2021,43.0,3,2,0,2,3,1,1,,4,,0,,2,2,0,1,(1),(1),1,, -1,1,0,1,50,25,1,2,44,44204,2,1,0,1,Rue du Rhin,47.278559,-1.454616,8,2,2
202100039046,131Â 840,B01,1,1,1,5,1,0,-1,-1, -1,-1,2021,65.0,1,2,0,2,1,1,1,,1,A13,0,,3,6,0,1,27,200,1,, -1,1,0,1,130,21,5,1,78,78466,1,1,0,3,A13,48.932025,1.976676,9,2,2
202100032903,142Â 948,A01,1,1,1,4,2,6,-1,0,0,-1,2021,34.0,1,1,0,2,2,1,1,,4,RUE DUPLEIX,0,,1,3,1,1,(1),(1),1,, -1,2,0,1,30,22,6,1,75,75115,2,7,0,3,RUE DUPLEIX,48.850658,2.29564,16,3,2
202100017732,169Â 931,B01,1,1,1,0,2,-1,-1,0,0,-1,2021,17.0,0,1,0,2,5,1,1,,3,938,0,,2,2,0,1,35,50,1,, -1,1,0,8,50,22,9,1,60,60350,2,2,0,1,2 Place du Souvenir,49.587234,2.840819,19,2,2
202100043219,124Â 404,B01,1,1,1,1,2,6,-1,-1, -1,-1,2021,25.0,2,1,0,2,6,1,1,,3,PAUL BERT (RUE),0,,2,5,0,1,0,0,1,, -1,1,5,1,50,21,4,1,92,92025,2,1,0,5,PAUL BERT (RUE),48.9265033305,2.247197628,14,3,3
202100044474,122Â 198,A01,1,1,1,5,2,4,-1,0,0,-1,2021,34.0,1,1,0,2,8,21,1,,4,PORTE DU PRE SAINT GERVAIS,0,,1,4,0,1,27,600,1,, -1,1,0,1,70,9,4,1,75,75119,2,1,0,7,PORTE DU PRE SAINT GERVAIS,48.880637,2.404913,11,1,1
202100000576,200Â 673,C01,1,1,1,0,1,0,-1,-1, -1,-1,2021,48.0,2,2,0,2,8,2,1,,3,ROCADE EST (RD 610),0,,3,3,3,1,17,0,3,, -1,1,0,1,110,8,11,1,10,10081,1,9,0,6,ROCADE EST (RD 610),48.30741576,4.02225705,16,5,3
202100055343,102Â 909,A01,10,3,1,5,0,-1,-1,0,3,1,2021,86.0,1,2,0,1,3,15,1,,4,DEVOLUY AVENUE PIERRE),0,,2,2,0,1,(1),(1),2,, -1,1,0,1,30,12,1,1,6,6069,2,1,0,6,DEVOLUY AVENUE PIERRE),43.639537,6.912275,7,2,1
202100026556,154Â 229,B01,1,1,2,5,1,-1,-1,0,0,-1,2021,67.0,3,2,0,2,3,19,1,,3,14,-1,,2,2,0,1,14,125,1,, -1,1,5,1,80,30,7,1,50,50507,1,2,0,3,Intersection D. 14 D.69,49.476936,-1.298919,8,2,2
202100023104,160Â 313,A01,2,2,2,5,2,6,-1,-1, -1,-1,2021,59.0,2,1,0,2,2,2,1,,2,CANADIENS (AVENUE DES)  RN27,0,,3,4,0,1,48,800,1,, -1,1,0,1,50,21,8,1,76,76217,2,1,0,2,Avenue des Canadiens,49.908,1.077,11,4,2
202100011622,180Â 951,C01,4,2,1,0,3,0,-1,-1, -1,-1,2021,0.0,1,2,0,2,1,0,1,,3,ANATOLE DE LA FORGE (BOULEVARD),0,,1,2,0,2,(1),(1),1,, -1,1,0,1,50,16,10,1,13,13214,2,2,0,5,ANATOLE DE LA FORGE (BOULEVARD),43.3403169012,5.3870329371,10,4,3
202100047719,116Â 449,A01,1,1,1,0,2,-1,-1,0,0,-1,2021,31.0,0,1,0,2,1,15,5,,4,ANDRE CHENIER (RUE),0,,2,2,0,1,(1),(1),1,, -1,1,0,1,50,5,3,1,80,80021,2,1,0,1,ANDRE CHENIER (RUE),49.87769,2.28641,14,2,2
202100046688,118Â 321,A01,1,1,1,0,1,-1,-1,0,0,-1,2021,19.0,2,2,0,2,3,15,1,,3,925,-1,,2,2,0,1,32,440,1,, -1,1,0,1,50,26,3,1,73,73188,2,3,0,3,D925 / D69A,45.626839,6.342008,12,3,2
202100021069,163Â 997,B01,1,1,1,2,2,6,-1,0,0,-1,2021,19.0,1,1,0,2,1,1,0,,3,,0,,1,1,0,1,1,0,1,, -1,1,0,1,50,3,9,1,14,14327,2,2,0,3,LION CD60 (ROUTE DE),49.21281,-0.34215,16,2,2
202100037373,134Â 867,A01,1,1,1,5,2,-1,-1,0,0,-1,2021,63.0,2,1,0,0,9,1,5,,3,431,-1,,2,2,0,2,5,0,3,, -1,1,0,1,80,31,5,1,68,68178,1,1,0,7,D431,47.905699,7.089615,14,1,1
202100050379,111Â 647,A01,4,2,2,5,1,0,-1,-1, -1,-1,2021,8.0,3,2,0,2,8,2,1,,4,PASTEUR AVENUE,0,,2,2,0,1,0,0,1,, -1,1,0,1,50,24,2,1,93,93015,2,9,0,3,PASTEUR AVENUE,48.9093569018,2.5889325142,17,4,2
202100044967,121Â 354,A01,1,1,1,3,1,8,-1,-1, -1,-1,2021,72.0,0,2,0,2,1,13,1,,4,PRIX,0,,2,2,0,2,0,0,1,, -1,1,0,1,50,2,4,1,8,8105,2,1,0,1,PRIX,49.755195,4.700131,14,2,2
202100037391,134Â 829,B01,1,1,1,0,1,0,-1,-1, -1,-1,2021,23.0,2,2,0,2,0,0,1,,1,AUTOROUTE A6,0,,-1,3,0,1,22,700,1,, -1,1,0,1,110,31,5,1,91,91286,1,1,0,2,AUTOROUTE A6,48.64368,2.39076,13,2,2
202100045477,120Â 447,B01,1,1,2,3,2,-1,-1,0,0,-1,2021,57.0,2,1,0,2,7,2,1,,3,17,0,,2,2,0,1,40,356,2,, -1,1,5,1,50,2,4,1,44,44158,2,6,0,3,Route de Coueron,47.274003,-1.779329,14,2,2
202100019499,166Â 777,A01,1,1,1,0,2,6,-1,-1, -1,-1,2021,16.0,2,1,0,2,8,19,0,,4,Corniche John FitzgÃ©rald Kennedy,0,,3,2,0,1,0,0,3,, -1,1,0,1,50,11,9,2,13,13207,2,1,0,3,Corniche John FitzgÃ©rald Kennedy,43.28171,5.35119,19,2,1
202100000981,200Â 002,C01,1,1,1,0,0,-1,-1,-1, -1,-1,2021,31.0,3,1,0,2,0,19,5,,4,SALVADOR ALLENDE (RUE),0,,2,0,0,1,(1),(1),1,, -1,2,0,1,50,28,12,1,78,78440,2,1,1,3,SALVADOR ALLENDE (RUE),48.977242,1.92141,16,2,2
202100005580,191Â 828,A01,1,1,1,1,0,-1,-1,0,0,-1,2021,44.0,2,2,8,2,1,6,1,,7,6,-1,,-1,2,0,2,82,775,3,, -1,7,0,1,50,1,12,3,42,42283,2,1,0,1,Route des Vignes,45.548949,4.547557,6,2,2
202100054889,103Â 697,B01,1,1,1,0,1,0,-1,-1, -1,-1,2021,39.0,2,2,0,2,6,2,1,,7,REPUBLIQUE AV DE LA (NÂ°829-931),0,,1,1,0,1,(1),(1),1,, -1,1,0,1,50,15,1,1,59,59378,2,1,0,2,REPUBLIQUE AV DE LA (NÂ°829-931),50.66107,3.09459,16,2,2
202100005662,191Â 673,A01,1,1,1,0,2,6,-1,-1, -1,-1,2021,53.0,2,1,16,0,8,15,1,,3,MANDRES (R DE),0,,1,2,0,1,1,0,2,, -1,1,0,1,30,29,11,1,94,94075,2,9,0,7,Rue de Mandres,48.71208,2.53889,13,1,1
202100014945,174Â 989,B01,1,1,1,0,2,6,-1,-1, -1,-1,2021,28.0,2,1,0,2,1,17,1,,2,kaweni-Mangrove (route de la),0,,2,2,0,1,0,0,1,, -1,1,0,1,50,4,10,1,976,97611,2,1,1,1,kaweni-Mangrove (route de la),-12.77581,45.22655,7,2,2
202100015296,174Â 371,A01,1,1,1,5,2,6,-1,-1, -1,-1,2021,23.0,1,1,0,2,7,12,1,,1,A55-Sens Marseille vers Martigues,0,,1,4,0,1,6,500,1,, -1,1,0,1,70,26,9,3,13,13216,1,1,0,3,A55-Sens Marseille vers Martigues,43.35631,5.3468,19,2,2
202100028804,150Â 235,A01,2,2,2,0,1,-1,-1,0,0,-1,2021,22.0,0,2,0,2,1,9,1,,3,RD 934,0,,3,4,0,4,(1),(1),1,, -1,2,0,1,90,13,7,2,80,80131,1,1,1,2,RD 934,49.85385,2.39924,19,3,2
202100029727,148Â 657,B01,1,1,1,5,2,6,-1,-1, -1,-1,2021,22.0,1,1,0,2,0,1,1,,1,10,0,,1,4,0,2,0,100,3,, -1,1,0,1,90,9,7,1,91,91689,1,1,0,3,AUTOROUTE A10,48.74153,2.32059,19,2,2
202100003696,195Â 146,B01,4,2,1,0,8,0,-1,-1, -1,-1,2021,18.0,1,2,0,2,1,26,1,,4,SAINTE MARTHE (chemin),0,,2,2,0,2,0,0,3,, -1,2,0,1,50,10,12,5,13,13214,2,1,1,1,SAINTE MARTHE (chemin),43.32032,5.39008,3,3,2
202100006234,190Â 661,A01,1,1,1,5,2,6,-1,-1, -1,-1,2021,20.0,2,1,0,2,7,2,1,,3,LOUIS DE FOIX (AVENUE),0,,2,2,0,1,1,39,1,, -1,2,0,1,50,25,11,1,64,64102,2,1,1,3,LOUIS DE FOIX (AVENUE),43.5058211111,-1.4672380686,15,2,2
202100051834,109Â 052,B01,1,1,1,0,8,0,-1,-1, -1,-1,2021,52.0,3,2,0,2,1,0,0,,4,MEDERIC (AVENUE),0,,2,2,0,1,0,0,1,, -1,5,0,1,50,11,2,1,93,93051,2,1,1,4,MEDERIC (AVENUE),48.8293,2.5701,17,3,3