Num_Acc,id_vehicule,num_veh,place,catu,sexe,trajet,secu1,secu2,secu3,locp,actp,etatp,year_acc,victim_age,senc,catv,obs,obsm,choc,manv,motor,occutc,catr,voie,v1,v2,circ,nbv,vosp,prof,pr,pr1,plan,lartpc,larrout,surf,infra,situ,vma,jour,mois,lum,dep,com,agg_,int,atm,col,adr,lat,long,hour,nb_victim,nb_vehicules
202100055627,102Â 417,A01,1,1,1,3,1,-1,-1,0,0,-1,2021,85.0,2,2,0,2,1,13,1,,3,941,-1,,2,2,0,2,31,300,2,, -1,1,0,1,80,11,1,1,28,28335,1,1,0,1,D941,48.455399,1.022356,12,2,2
202100021501,163Â 202,A01,1,1,1,5,2,6,-1,-1, -1,-1,2021,31.0,1,1,1,0,2,14,1,,4,128,0,,1,1,0,1,0,0,1,, -1,1,0,1,50,1,9,1,92,92049,2,1,0,6,GINOUX AVENUE HENRI AUTRES NÂ°,48.81494,2.320762,14,1,1
202100036700,136Â 111,B01,1,1,1,0,1,-1,-1,0,0,-1,2021,32.0,1,2,0,2,3,1,1,,3,944,-1,,2,2,0,2,10,900,2,, -1,1,0,1,90,4,6,1,5,5056,2,1,0,1,Route de la Motte,44.638431,6.142872,18,2,2
202100010579,182Â 818,A01,1,1,1,9,1,0,-1,-1, -1,-1,2021,25.0,2,2,0,2,1,1,1,,2,PARIS (RTE DE),0,,2,2,0,1,1,0,1,, -1,1,0,1,50,28,10,5,94,94070,2,1,0,2,Route de Paris,48.71615,2.57311,19,3,2
202100044440,122Â 251,B01,1,1,1,0,2,6,-1,-1, -1,-1,2021,30.0,1,1,0,2,1,1,1,,3,VALMY 1 A 53 2 A 66 (BD DE),0,,2,2,0,1,0,0,1,, -1,1,0,1,50,5,1,5,92,92025,2,1,0,1,VALMY 1 A 53   2 A 66 (BD DE),48.926481,2.253167,19,2,2
202100028535,150Â 713,A01,1,1,1,5,1,-1,-1,0,0,-1,2021,56.0,2,2,13,0,9,14,1,,3,220,0,,2,2,0,1,8,880,1,, -1,1,0,6,80,17,7,3,39,39189,1,1,0,7,,47.076274,5.401304,23,1,1
202100041720,127Â 034,A01,1,1,1,0,2,6,-1,0,0,-1,2021,16.0,2,1,0,2,8,19,1,,3,938,0,,2,2,0,1,12,500,1,, -1,1,5,1,80,2,5,1,37,37245,1,2,0,3,La Pailleterie,47.5015883964,0.6006143242,19,2,2
202100044430,122Â 266,B01,1,1,2,4,1,0,-1,-1,0,-1,2021,39.0,1,2,0,2,6,2,1,,2,RN 184,0,,3,4,0,1,3,0,1,, -1,3,0,1,90,10,4,1,95,95572,1,1,1,5,RN 184,49.0338602593,2.1113769885,16,3,3
202100036385,136Â 665,B01,1,1,1,5,2,8,-1,-1, -1,-1,2021,60.0,3,1,0,2,1,1,1,,4,POMPIDOU (AVE G.),0,,3,2,0,4,0,0,1,, -1,1,0,1,50,4,6,1,83,83144,2,3,0,1,POMPIDOU (AVE G.),43.1373907558,6.0087919235,15,2,2
202100008756,186Â 087,A01,1,1,1,9,2,6,-1,0,0,-1,2021,44.0,3,1,0,2,6,11,1,,4,BOULEVARD PERIPHERIQUE INTERIEUR SUD,0,,1,3,0,1,5,600,1,, -1,1,0,1,70,9,11,5,75,75114,2,4,0,2,BOULEVARD PERIPHERIQUE INTERIEUR SUD,48.820927,2.321828,20,2,2
202100046387,118Â 854,A01,10,3,2,5,0,-1,-1,2,3,1,2021,37.0,1,1,0,1,1,1,5,,4,RUE VIVIENNE,0,,2,2,1,1,(1),(1),1,, -1,1,-1,5,30,25,3,1,75,75102,2,3,0,6,RUE VIVIENNE,48.869353,2.340331,11,2,1
202100009517,184Â 702,B01,1,1,1,1,2,6,9,0,0,-1,2021,18.0,2,1,0,0,0,17,1,,3,35,-1,,2,2,0,1,3,480,2,, -1,1,0,1,80,5,11,1,13,13010,1,1,0,7,RD 35,43.899033,4.722866,8,2,2
202100008221,187Â 020,A01,1,1,1,0,1,0,-1,-1, -1,-1,2021,26.0,1,5,0,2,1,2,1,,1,AUTOROUTE A86,0,,3,6,0,1,26,299,1,, -1,1,0,1,90,14,11,3,93,93064,1,1,0,2,AUTOROUTE A86,48.88283,2.47107,17,2,2
202100014699,175Â 441,B01,1,1,1,5,8,-1,-1,0,0,-1,2021,52.0,2,2,0,2,1,13,1,,3,69,0,D,2,2,0,1,32,520,1,,6,1,0,1,-1,7,10,1,16,16069,1,1,0,1,3 route de MANSLE,45.878178,0.144067,15,3,2
202100038244,133Â 284,A01,2,2,2,5,1,-1,-1,0,0,-1,2021,17.0,2,2,6,0,1,14,1,,3,2,0,D,2,2,0,1,37,681,1,, -1,2,0,8,50,26,5,3,51,51134,2,1,1,7,Grande Rue,48.6814112439,4.5477586744,1,2,1
202100032729,143Â 268,A01,1,1,1,9,8,-1,-1,0,0,-1,2021,46.0,0,1,13,0,0,1,1,,3,100,0,,2,2,0,2,0,240,4,,7,1,0,1,80,24,6,3,974,97415,1,1,0,7,D100,-21.07506,55.230235,6,2,2
202100050763,110Â 941,A01,10,3,2,9,0,-1,-1,2,3,-1,2021,63.0,1,2,0,1,2,1,1,,4,RUE DES RIGOLES,0,,1,1,0,1,(1),(1),1,, -1,1,0,1,50,20,2,1,75,75120,2,2,0,6,RUE DES RIGOLES,48.87361,2.390376,15,2,1
202100038082,133Â 591,A01,1,1,1,5,2,-1,-1,0,0,-1,2021,34.0,1,1,5,0,1,1,1,,3,113,-1,D,2,2,0,2,6,930,3,, -1,1,0,1,90,28,5,1,61,61474,1,1,0,6,D113,48.768318,0.030357,9,1,1
202100055653,102Â 376,A01,2,2,1,0,2,0,-1,-1, -1,-1,2021,64.0,3,1,0,2,3,16,1,,2,ROUTE DU SACRE COEUR,0,,-1,2,0,2,(1),(1),1,, -1,1,0,1,50,8,1,1,974,97407,1,3,0,3,JACQUES DUCLOS (RUE) - RIVIERE DES GAL  ,-20.957,55.31397,16,3,2
202100002194,197Â 872,B01,1,1,1,5,2,-1,-1,0,0,-1,2021,16.0,2,1,0,2,1,5,1,,3,374,-1,,2,2,0,1,2,500,1,, -1,1,0,1,50,21,12,2,10,10153,2,1,0,3,1 Route de Soligny,48.468849,3.504837,17,2,2
202100051386,109Â 830,A01,1,1,1,0,2,0,-1,-1, -1,-1,2021,41.0,1,1,0,0,0,2,1,,3,EBOUE (ROCADE FELIX),0,,2,2,0,1,2,99,1,, -1,1,0,1,50,14,2,5,973,97302,2,1,0,7,EBOUE (ROCADE FELIX),4.93075,-52.3137,0,1,1
202100039350,131Â 263,B01,1,1,1,1,1,-1,-1,0,0,-1,2021,43.0,2,2,0,2,6,1,1,,3,CD912,-1,,2,2,0,2,31,960,1,, -1,1,0,1,90,20,5,3,61,61130,1,1,0,1,Les Basses Mares,48.518928,0.487309,4,4,2
202100033913,141Â 143,A01,10,3,2,3,0,-1,-1,3,3,1,2021,45.0,1,5,0,1,1,1,1,,3,922,-1,,2,2,0,1,27,360,1,, -1,1,0,1,50,17,6,1,95,95313,2,1,0,6,RD 922,49.107365,2.220919,17,2,1
202100030691,146Â 899,A01,10,3,2,0,0,-1,-1,8,A,1,2021,59.0,1,5,0,1,5,1,1,,3,RUE MICHEL DE GAILLARD,0,,2,0,0,1,0,0,1,, -1,1,0,1,50,30,6,1,91,91345,2,1,0,6,RUE MICHEL DE GAILLARD,48.69821,2.29046,13,2,1
202100017424,170Â 480,A01,10,3,1,5,8,8,-1,4,3,2,2021,5.0,0,2,0,1,2,3,1,,4,GROUPE SCOLAIRE HENRI WALLON,0,,2,2,0,1,(1),0,1,, -1,1,0,1,30,21,9,5,76,76575,2,3,0,6,GROUPE SCOLAIRE HENRI WALLON,49.395019,1.0692,20,2,1
202100001856,198Â 479,B01,1,1,1,0,0,-1,-1,-1, -1,-1,2021,27.0,1,0,1,2,6,1,3,,4,,0,,2,2,0,1,0,0,1,, -1,1,0,1,50,21,12,1,67,67482,2,1,0,3,LIVIO (RUE),48.55299,7.73953,8,2,2
202100000382,201Â 021,A01,1,1,1,5,1,-1,-1,-1, -1,-1,2021,28.0,2,2,3,2,9,1,0,,1,,-1,,3,4,-1,1,12,0,1,, -1,1,0,1,110,12,12,3,33,33122,1,1,0,2,A630,44.717713,-0.741091,4,3,2
202100011469,181Â 223,A01,10,3,1,3,0,-1,-1,3,3,1,2021,74.0,3,2,0,1,1,1,1,,6,4A,-1,D,-1,-1,0,1,(1),(1),1,, -1,1,0,1,50,16,10,1,70,70561,2,1,1,6,711 Rue du 13 Septembre 1944,47.545123,6.431288,10,2,1
202100008609,186Â 350,A01,1,1,1,9,0,0,-1,-1, -1,-1,2021,41.0,2,1,8,2,1,1,3,,3,MAXIME GORKI (BD),0,,2,2,0,1,1,0,1,, -1,1,0,1,50,9,11,1,94,94076,2,2,0,3,Boulevard Maxime Gorki,48.79116,2.3695,7,2,2
202100026129,154Â 986,B01,1,1,1,3,1,0,-1,-1, -1,-1,2021,95.0,1,2,0,2,1,1,1,,3,EUROPE (AVENUE DE L'),0,,2,3,0,1,(1),(1),1,, -1,1,0,1,50,31,7,1,54,54431,2,2,0,1,EUROPE (AVENUE DE L'),48.91664,6.06301,8,2,2
202100016161,172Â 753,A01,10,3,1,3,0,-1,-1,2,3,1,2021,56.0,1,2,0,1,1,1,1,,4,SUNDERLAND (BOULEVARD DE),0,,3,2,3,1,(1),(1),1,, -1,1,0,1,50,28,9,1,44,44184,2,1,0,6,SUNDERLAND (BD DE),47.27014,-2.24,14,2,1
202100053845,105Â 503,A01,1,1,1,5,8,0,-1,-1, -1,-1,2021,21.0,2,2,0,0,2,14,1,,3,FRANCOIS MITTERAND ( AVENUE),0,,2,4,1,1,75,513,2,, -1,2,0,1,50,24,1,1,31,31483,2,1,1,6,FRANCOIS MITTERAND ( AVENUE),43.1127531328,0.7555192709,15,1,1
202100030434,147Â 372,A01,10,3,2,9,0,-1,-1,4,3,1,2021,68.0,2,1,0,1,8,1,3,,3,JEAN-JAURES (BD),0,,1,1,0,1,0,1,1,, -1,1,0,1,50,6,7,1,93,93070,2,7,0,6,JEAN-JAURES (BD),48.91241,2.33422,9,2,1
202100023776,159Â 120,A01,1,1,1,5,2,6,-1,0,0,-1,2021,53.0,2,1,0,0,0,1,0,,3,461,0,D,2,2,0,1,45,140,2,, -1,1,0,1,80,17,8,1,25,25262,1,1,0,7,D461,47.140852,6.610587,18,1,1
202100020163,165Â 594,A01,10,3,2,3,0,-1,-1,3,3,1,2021,82.0,2,2,0,1,1,16,3,,3,3,-1,D,2,2,0,1,96,860,3,, -1,1,5,1,50,9,9,1,88,88530,2,6,0,6,gÃ©nÃ©ral patch,48.045045,6.40231,9,2,1
202100041007,128Â 319,A01,1,1,1,5,1,-1,-1,0,0,-1,2021,38.0,3,2,6,0,3,1,1,,4,,-1,,2,2,0,1,(1),(1),3,,4,1,0,4,50,8,5,4,85,85076,2,1,0,6,9 Rue du Haut Fradet,47.066293,-1.239953,4,1,1
202100034382,140Â 282,A01,1,1,1,1,2,6,-1,0,0,-1,2021,57.0,1,1,0,0,8,1,1,,1,8,-1,,3,4,0,2,197,500,2,, -1,8,0,2,90,15,6,1,6,6088,1,1,0,7,Autoroute A8 pk 197.500 en chaussÃ©e sud,43.729049,7.258015,9,2,2
202100036072,137Â 206,A01,10,3,1,9,0,-1,-1,9,5,2,2021,8.0,1,2,0,1,4,4,1,,4,REVEL (RTE DE) DU 2AU 306,0,,-1,1,0,1,26,800,1,, -1,1,9,8,50,5,6,1,31,31555,2,1,0,6,REVEL (RTE DE) DU 2AU 306,43.57553,1.48832,10,2,1
202100034424,140Â 197,Z01,10,3,2,5,0,-1,-1,3,3,2,2021,83.0,1,2,0,1,1,1,1,,4,AVENUE DES TERNES,0,,2,4,0,1,(1),(1),1,, -1,1,0,1,50,14,6,1,75,75117,2,4,0,6,AVENUE DES TERNES,48.879737,2.289482,20,2,1
202100020533,164Â 936,B01,1,1,2,5,2,0,-1,-1, -1,-1,2021,24.0,3,1,0,2,7,19,3,,4,PROUDHON (AVENUE),0,,2,2,0,1,0,0,1,, -1,1,0,1,50,5,9,1,37,37261,2,1,0,6,PROUDHON (AVENUE),47.3941914403,0.6671223512,13,2,2
202100047898,116Â 119,A01,1,1,2,0,2,0,-1,-1, -1,-1,2021,41.0,1,1,0,2,1,9,1,,2,MARINGOUINS (ROND-POINT),0,,1,2,0,1,3,0,3,, -1,1,0,1,50,15,3,1,973,97302,1,6,0,3,MARINGOUINS (ROND-POINT),4.90777,-52.32248,11,2,2
202100052450,107Â 959,A01,1,1,1,5,2,6,-1,-1, -1,-1,2021,38.0,2,1,0,0,7,23,1,,4,PIERRE BROSSOLETTE (RUE),0,,2,4,0,1,(1),(1),1,, -1,1,0,1,50,4,2,1,10,10387,2,2,0,7,PIERRE BROSSOLETTE (RUE),48.2902,4.0761,13,1,1
202100006202,190Â 722,B01,1,1,1,3,2,6,-1,-1,0,-1,2021,17.0,3,1,0,0,1,1,1,,4,MARE ÃPINEUSE(CHEMIN DE LA),0,,2,2,0,1,(1),(1),1,, -1,2,0,1,50,25,11,3,95,95424,2,1,1,3,MARE ÃPINEUSE(CHEMIN DE LA),48.99354,2.20783,17,2,2
202100015214,174Â 506,A01,1,1,1,0,2,5,-1,-1, -1,-1,2021,62.0,1,1,3,0,3,1,1,,1,A5b,0,,-1,2,0,1,0,600,1,, -1,1,0,1,110,5,10,1,77,77122,1,1,0,7,A5b,48.653604,2.616322,16,1,1
202100030767,146Â 765,B01,1,1,1,0,8,-1,-1,-1, -1,-1,2021,22.0,1,2,0,2,4,1,1,,4,ROSA PARKS                        (AV),0,,2,2,0,2,(1),(1),1,, -1,1,0,1,50,30,6,1,69,69389,2,3,0,5,ROSA PARKS (AV),45.7866790414,4.7929787636,19,3,3
202100017233,170Â 842,B01,1,1,1,0,8,-1,-1,0,0,-1,2021,45.0,2,2,0,2,1,1,1,,3,993,0,,2,2,0,1,12,450,3,, -1,1,0,1,90,22,9,2,3,3279,1,1,0,1,dÃ©partementale 993,46.248636,2.510161,19,3,2
202100039563,130Â 868,B01,1,1,1,0,8,0,-1,-1, -1,-1,2021,56.0,1,1,0,2,1,1,0,,4,EDISON THOMAS (RUE),0,,2,2,2,1,0,0,1,, -1,2,0,5,50,17,5,1,72,72181,2,1,1,2,EDISON THOMAS (RUE),48.0248,0.17909,13,2,2
202100053046,106Â 903,A01,1,1,1,5,2,8,-1,-1, -1,-1,2021,34.0,1,1,0,2,1,26,3,,2,GERMAIN ST RUF (AVENUE ),0,,2,2,0,2,(1),(1),2,, -1,1,5,1,50,27,1,5,971,97107,2,4,0,3,GERMAIN ST RUF (AVENUE ),16.05181,-61.56279,20,2,2
202100055909,101Â 938,A01,1,1,1,0,1,8,-1,0,0,-1,2021,58.0,1,2,1,0,3,13,1,,3,60,0,,2,2,0,1,1,0,1,, -1,2,0,1,50,4,1,1,59,59183,2,1,1,6,BERT PAUL,51.04701,2.41804,9,1,1
202100027568,152Â 446,B01,1,1,1,9,2,6,-1,0,0,-1,2021,25.0,1,1,0,2,4,1,1,,4,BOULEVARD MALESHERBES,0,,2,2,0,1,(1),(1),1,, -1,1,0,1,50,22,7,1,75,75117,2,2,0,2,BOULEVARD MALESHERBES,48.881878,2.311296,16,2,2
202100056490,100Â 926,A01,1,1,1,0,2,0,-1,-1, -1,-1,2021,43.0,1,1,0,2,1,2,1,,1,AUTOROUTE A86,0,,3,6,0,1,20,0,1,, -1,1,0,1,90,2,1,1,93,93029,1,1,0,2, A86,48.91822,2.4288,15,2,2
202100046967,117Â 828,B01,1,1,1,1,8,0,-1,-1, -1,-1,2021,44.0,2,1,8,2,3,18,3,,4,REPUBLIQUE AVENUE DE LA NÂ°1 A 79,0,,1,2,0,1,0,0,1,, -1,1,0,1,50,23,3,1,92,92049,2,1,0,3,REPUBLIQUE AVENUE DE LA NÂ°1 A 79,48.81929,2.32009,9,2,2
202100026862,153Â 706,A01,1,1,1,5,1,0,-1,-1, -1,-1,2021,20.0,1,2,1,0,1,21,1,,3,MINIMES (AV DES),0,,2,2,0,1,1,0,1,, -1,1,0,1,50,26,7,5,94,94080,2,1,0,6,MINIMES (AV DES),48.841335,2.430245,3,1,1
202100025013,156Â 940,A01,10,3,2,5,0,-1,-1,2,3,1,2021,13.0,2,1,0,1,1,17,5,,3,REPUBLIQUE (AVENUE DE LA),0,,2,2,0,2,0,1,1,, -1,1,9,1,30,2,8,1,5,5023,2,1,0,6,REPUBLIQUE (AVENUE DE LA),44.89755,6.63726,17,2,1
202100026046,155Â 125,B01,1,1,2,5,2,6,-1,0,0,-1,2021,16.0,2,1,0,2,8,15,1,,3,217,-1,,2,2,0,1,5,85,1,,0,1,5,1,50,2,8,1,47,47252,2,3,0,3,25 Av Rene Cassin,44.403024,0.595826,18,2,2
202100049050,114Â 079,A01,10,3,1,5,0,-1,-1,3,3,1,2021,69.0,2,2,0,1,2,1,2,,4,JEAN MACE                           (R ),0,,2,2,0,2,(1),(1),1,, -1,2,0,1,50,5,3,2,69,69199,2,2,0,6,JEAN MACE (R),45.70597,4.85319,6,2,1
202100041788,126Â 914,A01,1,1,1,5,0,-1,-1,0,0,-1,2021,22.0,1,1,0,2,1,17,1,,4,BOUCHAYE (RUE AIME),0,,2,2,0,1,(1),(1),1,, -1,1,0,1,50,30,4,1,65,65417,2,1,0,3,BOUCHAYE (RUE AIME),43.217732,0.102513,16,2,2
202100043050,124Â 723,B01,1,1,1,1,8,0,-1,0,0,-1,2021,32.0,3,1,0,2,1,1,6,,7,VESPINS ROUTE DES,0,,-1,2,0,1,(1),(1),1,, -1,1,0,1,50,22,4,1,6,6123,2,9,0,4,VESPINS ROUTE DES,43.660078,7.183499,13,3,3
202100047507,116Â 843,A01,1,1,1,5,2,0,-1,-1, -1,-1,2021,17.0,1,1,0,2,7,15,1,,4,EUROPE (COURS DE L'),0,,2,2,0,1,(1),(1),1,, -1,1,5,1,30,18,3,1,17,17306,2,9,0,3,EUROPE (COURS DE L'),45.62461,-1.02405,16,2,2
202100052937,107Â 096,A01,10,3,1,9,0,-1,-1,3,3,1,2021,16.0,1,2,0,1,3,0,0,,4,938,0,,2,2,0,2,53,103,1,, -1,2,0,1,50,2,2,1,79,79202,2,1,1,7,Avenue Pierre Mendes-France,46.6446711,-0.249062,8,2,1
202100023194,160Â 160,A01,9,2,2,5,1,-1,-1,0,0,-1,2021,20.0,2,2,4,0,2,1,1,,1,9,0,A,3,5,0,1,145,700,1,, -1,1,0,2,130,22,8,1,34,34101,1,1,0,6,A9,43.39075,3.460683,13,4,1
202100006200,190Â 726,A01,1,1,2,0,1,0,-1,-1, -1,-1,2021,37.0,2,2,4,0,3,1,1,,1,AUTOROUTE A86,0,,3,4,0,2,18,0,2,, -1,2,0,1,90,26,11,1,93,93027,1,1,1,6,AUTOROUTE A86,48.92806,2.41014,14,1,1
202100055924,101Â 914,B01,1,1,1,5,2,-1,-1,-1, -1,-1,2021,63.0,2,1,0,2,8,19,3,,3,112,0,,2,2,1,1,2,440,1,, -1,1,-1,1,50,7,1,1,33,33529,2,3,0,3,Boulevard de Cazaux,44.6129,-1.13476,15,2,2
202100018256,168Â 985,A01,1,1,2,5,2,5,6,0,0,-1,2021,53.0,1,1,0,0,3,1,1,,3,12,-1,,2,2,0,1,54,900,2,, -1,1,0,3,80,18,9,1,88,88108,1,1,0,7,Route de Xertigny,47.965244,6.319027,17,1,1
202100007552,188Â 242,A01,1,1,1,1,2,6,-1,-1,0,-1,2021,25.0,2,1,0,2,1,1,1,,2,RN 184,0,,3,6,0,1,10,699,1,, -1,1,0,1,90,18,11,1,95,95394,1,1,0,6,RN 184,49.05514,2.20163,8,1,1
202100041211,127Â 942,A01,1,1,1,1,1,-1,-1,0,0,-1,2021,25.0,2,2,0,2,1,13,1,,3,12,0,,2,2,0,4,21,100,1,, -1,4,0,1,80,7,5,3,74,74079,1,1,1,1,Rte de Serraval,45.848697,6.329402,5,2,2
202100049671,112Â 954,A01,3,2,2,5,8,0,-1,-1, -1,-1,2021,21.0,1,2,0,2,7,1,1,,4,ARCUEIL (R D),0,,2,1,0,2,1,0,1,, -1,1,0,1,30,1,3,2,94,94037,2,2,0,3,ARCUEIL (R D),48.81018,2.34076,18,4,2
202100009408,184Â 884,A01,10,3,1,2,8,8,-1,3,3,1,2021,11.0,1,1,0,1,1,1,1,,3,CHANZY (BOULEVARD),0,,3,4,0,1,(1),(1),1,, -1,1,0,8,50,4,11,1,971,97120,2,1,0,6,CHANZY (BOULEVARD),16.2414,-61.53705,13,2,1
202100018100,169Â 265,B01,1,1,2,1,2,6,-1,-1, -1,-1,2021,32.0,2,1,0,2,3,3,0,,1,A4.W,0,,-1,3,0,1,16,700,1,, -1,1,0,1,110,17,9,2,77,77083,1,1,0,6,A4.W,48.83196,2.60342,6,3,3
202100029460,149Â 125,B01,2,2,2,3,1,5,-1,0,0,-1,2021,25.0,1,2,0,2,1,1,1,,3,19,-1,,2,2,0,1,(1),(1),2,,7,2,0,1,50,4,7,1,91,91549,1,1,1,4,Avenue du Hurepoix,48.625019,2.345406,20,8,3
202100025611,155Â 906,A01,1,1,1,0,2,-1,-1,-1, -1,-1,2021,42.0,3,1,0,2,3,1,1,,4,ECOLE NORMALE CAUD (RUE DE L),0,,1,2,3,1,(1),(1),1,, -1,2,0,1,30,4,8,1,33,33063,2,1,1,3,Rue de lâEcole Normale,44.84787,-0.60191,14,2,2
202100013701,177Â 213,A01,10,3,2,2,0,-1,-1,2,3,1,2021,13.0,2,5,0,2,2,1,1,,3,MOLIERE (R),0,,1,2,0,1,1,0,1,, -1,1,9,1,50,11,10,1,94,94041,2,1,0,6,Rue MoliÃ¨re,48.81589,2.39286,16,2,1
202100054230,104Â 817,A01,10,3,1,5,8,8,-1,4,5,1,2021,17.0,1,5,0,1,2,1,1,,4,RUE D ASSAS,0,,2,2,0,1,(1),(1),1,, -1,1,0,1,30,20,1,1,75,75106,2,3,0,6,RUE D ASSAS,48.84486,2.332422,14,2,1
202100024632,157Â 628,B01,1,1,2,5,1,0,-1,0,0,-1,2021,27.0,2,2,8,2,6,1,1,,4,QUAI DES CELESTINS,0,,2,4,0,1,(1),(1),1,, -1,2,0,1,50,11,8,5,75,75104,2,2,1,2,QUAI DES CELESTINS,48.853355,2.357813,0,3,2
202100009300,185Â 077,A01,1,1,1,4,2,0,-1,-1, -1,-1,2021,45.0,2,1,0,2,1,1,1,,3,REPUBLIQUE (AV DE LA),0,,2,2,0,2,1,0,1,, -1,1,5,1,50,5,11,5,94,94033,2,3,0,3,Avenue de la RÃ©publique,48.85256,2.46081,21,3,2
202100030957,146Â 417,B01,1,1,2,5,1,0,-1,-1, -1,-1,2021,72.0,1,2,0,2,4,1,1,,1,AUTOROUTE A6B,0,,1,4,0,1,3,107,1,, -1,2,3,1,90,4,7,1,94,94038,1,1,1,2,AUTOROUTE A6B,48.77194,2.34519,9,3,2
202100036663,136Â 177,B01,1,1,1,4,1,0,-1,-1, -1,-1,2021,47.0,1,3,0,2,3,1,1,1.0,4,ROCHES (RUE DES),0,,2,2,0,2,1,0,1,, -1,1,0,1,30,3,6,1,93,93048,2,2,0,3,Rue des Roches / Rue Edouard Branly,48.872972,2.46222,9,2,2
202100054495,104Â 361,A01,10,3,1,3,0,-1,-1,3,3,1,2021,80.0,1,1,0,1,1,1,5,,3,GENERAL LECLERC (AVENUE DU) 35/FIN - 60/,0,,2,6,0,1,0,0,1,, -1,2,5,1,50,19,1,1,92,92012,2,3,1,6,GENERAL LECLERC (AVENUE DU) 35/FIN - 60/,48.8299992855,2.231528163,10,2,1
202100019511,166Â 755,A01,1,1,1,9,2,0,-1,0,0,-1,2021,41.0,1,1,0,2,7,1,1,,4,AVENUE FOCH,0,,2,4,0,2,(1),(1),1,, -1,1,0,1,30,10,9,5,75,75116,2,2,0,3,AVENUE FOCH,48.872671,2.284591,22,2,2
202100046990,117Â 788,A01,1,1,1,1,2,6,-1,0,0,-1,2021,16.0,2,1,0,2,1,1,1,,3,939,-1,,2,2,0,2,38,654,3,, -1,1,0,1,50,24,3,1,17,17465,2,1,0,1,Route de l'OcÃ©an,45.971555,-0.563554,18,2,2
202100012953,178Â 584,B01,2,2,1,5,1,-1,-1,0,0,-1,2021,29.0,2,2,7,2,1,13,1,,3,13,-1,,2,2,0,1,(1),(1),1,, -1,1,0,1,50,16,10,4,50,50076,2,1,0,1,Rue du Bocage,48.90136,-1.502262,4,3,2
202100003085,196Â 245,B01,1,1,2,4,1,0,-1,-1, -1,-1,2021,22.0,3,2,0,2,3,1,1,,4,CAVEE VERTE (RUE DE LA),0,,2,3,0,1,0,0,1,, -1,1,0,1,50,10,12,1,76,76351,2,2,0,3,CAVEE VERTE (RUE DE LA),49.5054,0.1146,13,2,2
202100009626,184Â 500,B01,1,1,1,9,2,0,-1,0,0,-1,2021,22.0,2,1,0,2,8,7,5,,4,BOULEVARD HAUSSMANN,0,,1,4,3,1,(1),(1),1,, -1,1,-1,6,50,2,11,5,75,75109,2,3,0,3,BOULEVARD HAUSSMANN,48.873417,2.329695,19,2,2
202100055215,103Â 122,B01,1,1,1,5,8,0,-1,0,0,-1,2021,18.0,2,1,0,2,0,1,5,,4,RUE D AMSTERDAM,0,,2,2,1,2,(1),(1),1,, -1,2,0,1,50,13,1,1,75,75108,2,3,1,3,RUE D AMSTERDAM,48.87711,2.326913,9,2,2
202100053446,106Â 184,A01,1,1,1,5,2,0,-1,-1, -1,-1,2021,21.0,2,1,0,2,6,26,1,,3,MITTERRAND ( Ave. FranÃ§ois ),0,,2,2,0,2,51,720,2,, -1,1,0,1,50,24,1,1,62,62893,2,1,0,2,MITTERRAND ( Ave. FranÃ§ois ),50.780913,1.609107,10,2,2
202100017523,170Â 300,B01,1,1,1,0,2,8,-1,-1, -1,-1,2021,26.0,3,1,0,2,1,1,1,,3,992,0,,2,6,0,1,0,0,1,, -1,1,0,1,50,22,9,1,92,92026,2,2,0,3,MISSION MARCHAND (COTE IMPAIR),48.89991,2.23975,12,2,2
202100032951,142Â 857,A01,1,1,1,0,2,-1,-1,0,0,-1,2021,25.0,1,1,0,2,1,1,1,,3,9,0,,2,2,0,1,7,200,1,, -1,1,0,1,80,22,6,1,30,30141,1,1,0,6,route dÃ©partemntale D 9,44.100249,4.663455,20,2,2
202100011033,182Â 000,A01,1,1,1,0,2,6,-1,-1, -1,-1,2021,30.0,1,1,0,2,0,0,1,,1,AUTOROUTE A3,0,,1,3,0,1,6,500,1,, -1,1,0,1,90,25,10,1,93,93010,1,1,0,2,AUTOROUTE A3,48.89182,2.4732,18,2,2
202100030301,147Â 604,A01,1,1,1,5,1,-1,-1,0,0,-1,2021,21.0,1,2,6,2,2,17,1,,3,611,-1,,2,2,0,1,8,554,1,, -1,1,0,1,80,8,7,1,54,54208,1,3,0,3,D611,48.7342749334,5.9371930369,12,2,2
202100026213,154Â 844,A01,1,1,1,5,1,-1,-1,0,0,-1,2021,20.0,1,2,2,0,9,17,1,,3,997,-1,,2,2,0,1,26,53,1,, -1,9,0,1,-1,1,8,3,23,23255,1,1,0,7,D997,46.227806,2.238405,0,2,1
202100019882,166Â 094,A01,1,1,2,1,2,8,-1,-1, -1,-1,2021,22.0,0,1,0,2,1,13,1,,4,RENNES (RUE DE),0,,2,2,0,1,1,0,1,, -1,2,0,1,50,6,9,3,22,22106,2,1,1,1,RENNES (RUE DE),48.4933,-2.71033,6,2,2
202100046291,119Â 034,A01,10,3,2,5,0,-1,-1,1,1,3,2021,19.0,3,2,0,1,1,1,1,,4,RD,0,A,-1,2,0,1,(1),(1),1,, -1,1,0,1,30,28,3,1,95,95256,2,1,0,6,4 Avenue Eugene Freyssinet,49.04821,2.192877,18,2,1
202100001107,199Â 791,A01,1,1,1,1,0,-1,-1,0,0,-1,2021,20.0,1,1,6,0,1,1,5,,3,25,-1,,2,2,0,2,(1),(1),1,, -1,2,5,3,50,30,12,1,50,50619,2,3,1,6,Rue de l Eglise,49.621182,-1.360658,10,1,1