Num_Acc,id_vehicule,num_veh,place,catu,sexe,trajet,secu1,secu2,secu3,locp,actp,etatp,year_acc,victim_age,senc,catv,obs,obsm,choc,manv,motor,occutc,catr,voie,v1,v2,circ,nbv,vosp,prof,pr,pr1,plan,lartpc,larrout,surf,infra,situ,vma,jour,mois,lum,dep,com,agg_,int,atm,col,adr,lat,long,hour,nb_victim,nb_vehicules
202100012040,180Â 189,B01,2,2,2,5,2,6,-1,0,0,-1,2021,22.0,1,1,0,2,7,3,1,,4,BOULEVARD PERIPHERIQUE,0,,1,3,0,1,5,500,1,, -1,1,0,1,70,19,10,5,75,75114,2,1,0,4,BOULEVARD PERIPHERIQUE,48.820562,2.32342,19,4,3
202100038169,133Â 420,B01,1,1,1,0,2,6,-1,-1, -1,-1,2021,49.0,2,1,0,2,2,1,1,,7,GENERAL DE GAULLE (ROUTE DU),0,,3,2,1,1,(1),(1),1,, -1,1,0,1,50,22,5,1,67,67447,2,1,0,3,GENERAL DE GAULLE (ROUTE DU),48.6086154096,7.7348227573,12,3,2
202100006832,189Â 568,A01,10,3,2,0,0,-1,-1,3,3,2,2021,25.0,3,2,0,1,2,19,1,,6,PARINOR,0,,-1,-1,0,1,0,0,1,, -1,1,9,4,50,22,11,2,93,93005,2,1,0,6,PARINOR,48.9560598861,2.4762587183,17,2,1
202100049786,112Â 752,A01,1,1,1,0,8,0,-1,-1, -1,-1,2021,19.0,1,1,0,2,1,0,1,,3,GALLIENI (AV.) DE 111 A 175,0,,2,2,0,1,0,1,1,, -1,1,0,1,50,28,2,5,93,93010,2,2,0,1,GALLIENI (AV.) DE 111 A 175,48.9059970237,2.4803187703,6,2,2
202100005831,191Â 371,A01,10,3,2,5,0,-1,-1,1,1,2,2021,16.0,0,2,1,1,1,1,1,,4,,-1,,2,2,0,1,(1),(1),1,,4,1,0,1,80,28,11,3,33,33227,1,1,0,6,Bois de la Mourasse,44.52333,-0.235723,2,3,1
202100001295,199Â 449,A01,1,1,1,9,2,6,-1,0,0,-1,2021,29.0,2,1,0,2,4,10,1,,4,PLACE LEON BLUM,0,,1,3,0,1,(1),(1),2,, -1,2,0,1,30,26,12,5,75,75111,2,7,1,2,PLACE LEON BLUM,48.85797,2.380366,20,2,2
202100038198,133Â 366,A01,10,3,2,2,0,-1,-1,1,3,1,2021,13.0,3,2,0,1,3,26,1,,4,JOLIOT CURIE -BD IRENE FREDERIC- PAIRS,0,,2,2,0,1,1,0,1,, -1,1,0,1,30,26,5,1,11,11069,2,1,0,6,JOLIOT CURIE -BD IRENE FREDERIC- PAIRS,43.21363,2.36966,12,2,1
202100050938,110Â 627,A01,1,1,2,1,2,0,-1,0,0,-1,2021,32.0,1,1,0,1,1,1,5,,4,BOULEVARD RICHARD LENOIR,0,,1,2,1,1,(1),(1),1,, -1,1,-1,5,30,19,2,2,75,75111,2,4,0,6,BOULEVARD RICHARD LENOIR,48.854827,2.369578,18,2,1
202100033766,141Â 415,A01,1,1,1,0,2,6,-1,-1, -1,-1,2021,38.0,1,1,3,0,7,1,1,,2,RN104,0,,3,2,0,1,0,500,2,, -1,1,0,2,90,18,6,1,77,77169,1,1,0,6,RN104,48.8255293196,2.6161130348,13,1,1
202100025035,156Â 905,A01,7,2,1,5,1,-1,-1,0,0,-1,2021,55.0,2,2,4,9,2,1,1,,1,89,-1,,1,4,0,2,166,200,1,, -1,2,0,1,130,7,8,3,19,19066,1,1,1,6,A-89 Pr 166.200 direction BORDEAUX,45.171933,1.299562,5,3,1
202100028437,150Â 885,A01,1,1,1,0,2,6,-1,-1, -1,-1,2021,34.0,2,1,0,2,1,2,1,,1,AUTOROUTE A6B,0,,3,4,0,4,1,970,3,, -1,1,0,1,70,18,7,1,94,94003,1,1,0,2,AUTOROUTE A6B,48.8,2.3437,11,3,2
202100035935,137Â 457,A01,1,1,2,1,2,6,-1,-1, -1,-1,2021,30.0,2,1,0,2,7,17,1,,4,BOUTONS D'OR ( RUE DES ),0,,2,2,0,2,0,1,1,, -1,1,0,1,50,5,6,1,5,5061,2,3,0,3,BOUTONS D'OR ( RUE DES ),44.54717,6.0597,10,2,2
202100011031,182Â 005,B01,1,1,1,1,1,8,-1,-1, -1,-1,2021,54.0,1,2,0,2,6,1,1,,1,AUTOROUTE A86,0,,3,6,0,2,26,600,3,, -1,1,0,1,70,26,10,3,93,93048,1,1,0,3,AUTOROUTE A86,48.8654454247,2.4818530668,6,2,2
202100027106,153Â 260,A01,3,2,1,0,1,-1,-1,0,0,-1,2021,12.0,1,2,4,0,1,14,1,,3,900,0,D,3,4,0,3,16,205,1,, -1,1,2,1,110,23,7,1,66,66141,1,1,0,6,D900,42.7537665678,2.8956672549,15,3,1
202100035758,137Â 791,B01,1,1,1,1,8,0,-1,0,0,-1,2021,24.0,1,1,0,2,1,1,5,,4,BOULEVARD DIDEROT,0,,1,2,1,1,(1),(1),1,, -1,1,0,5,50,8,6,1,75,75112,2,2,0,3,BOULEVARD DIDEROT,48.845498,2.371261,10,2,2
202100000720,200Â 421,A01,1,1,1,5,1,0,-1,-1, -1,-1,2021,25.0,2,2,4,0,8,9,1,,1,A13,0,,1,1,0,2,37,645,3,, -1,1,0,1,70,31,12,3,78,78029,1,9,0,6,A13,48.967722,1.857437,21,2,1
202100035563,138Â 146,A01,10,3,2,5,0,-1,-1,3,3,2,2021,28.0,3,2,0,1,3,1,1,,4,PARC (AVENUE DU),0,,2,2,0,1,0,0,1,, -1,1,0,1,50,9,6,1,93,93073,2,3,0,6,Avenue du Parc / Avenue Ernest Renan,48.9532,2.57399,17,4,1
202100052522,107Â 839,B01,1,1,2,0,2,0,-1,-1, -1,-1,2021,40.0,1,1,0,2,8,13,1,,7,GRENIER (QUAI EMILE),0,,2,4,0,1,0,0,1,, -1,1,0,1,50,4,2,1,83,83137,2,1,0,3,GRENIER (QUAI EMILE),43.13254,5.9046,16,3,2
202100050605,111Â 234,A01,10,3,1,0,0,-1,-1,2,3,1,2021,17.0,3,2,0,1,1,1,1,,4,REPUBLIQUE (DE LA) NÂ° 1-161,0,,2,2,0,1,0,0,1,, -1,1,0,1,50,8,1,5,93,93029,2,1,0,6,REPUBLIQUE (DE LA) NÂ° 1-161,48.9245838748,2.43713053,21,2,1
202100051329,109Â 922,A01,10,3,1,0,0,-1,-1,2,3,1,2021,29.0,1,2,0,1,1,1,1,,3,JAURES (AVENUE JEAN),0,,2,2,0,1,1,0,1,, -1,1,0,1,50,16,2,1,93,93064,2,1,0,6,JAURES (AVENUE JEAN),48.87091,2.48651,10,2,1
202100002926,196Â 541,A01,10,3,2,1,0,-1,-1,3,3,1,2021,35.0,0,2,0,1,1,1,1,,4,SIMON (RUE),0,,2,2,2,1,(1),(1),1,, -1,1,0,1,30,13,12,1,51,51454,2,1,0,7,Rue Simon,49.2433364322,4.0401014686,12,2,1
202100051406,109Â 799,B01,1,1,2,0,1,-1,-1,0,0,-1,2021,19.0,0,2,0,2,4,1,1,,4,TERRAL (RUE),0,,2,2,0,1,(1),(1),3,, -1,1,0,1,50,11,2,1,80,80021,2,1,0,2,TERRAL (RUE),49.90863,2.29162,10,2,2
202100046249,119Â 103,Y01,1,1,2,5,0,-1,-1,-1, -1,-1,2021,36.0,0,1,0,2,7,0,3,,4,CANAL (R DU),0,,1,1,0,1,1,0,1,, -1,1,6,1,30,28,3,1,94,94058,2,1,0,2,Rue du Canal,48.8510959666,2.5129723549,18,3,2
202100011660,180Â 883,A01,1,1,1,1,2,6,-1,-1, -1,-1,2021,22.0,2,1,0,2,1,3,1,,3,ALBERT THOMAS (R),0,,1,1,0,2,0,0,1,, -1,1,0,1,50,22,10,1,94,94017,2,1,0,3,ALBERT THOMAS (R),48.8145,2.5117,8,2,2
202100053840,105Â 511,A01,1,1,1,5,1,0,-1,-1, -1,-1,2021,28.0,1,2,0,2,2,2,1,,2,RN136,0,,3,4,0,1,17,969,1,, -1,2,0,1,80,24,1,3,35,35238,1,1,0,2,RN136,48.13738,-1.70228,18,3,2
202100037891,133Â 935,A01,1,1,1,2,2,6,-1,0,0,-1,2021,15.0,2,1,0,2,1,21,1,,3,6,-1,A,2,2,0,1,0,162,1,, -1,1,0,1,30,28,5,1,65,65452,2,2,0,1,Route DÃ©partementale 6A,43.318785,0.367516,17,3,3
202100049488,113Â 296,B01,1,1,1,1,1,8,-1,-1, -1,-1,2021,32.0,2,2,0,2,4,2,1,,3,Rocade Sud,0,,2,2,0,1,1,525,1,, -1,1,0,1,80,2,3,1,64,64269,2,1,0,2,Rocade Sud,43.29447,-0.32283,17,2,2
202100038914,132Â 072,B01,1,1,1,0,8,0,-1,-1, -1,-1,2021,57.0,1,0,0,2,1,1,6,,4,FAGOT (RUE DU  MOULIN),0,,2,2,1,1,(1),10,1,, -1,2,0,1,50,21,5,1,59,59599,2,9,1,3,FAGOT (RUE DU  MOULIN),50.724963,3.167194,7,2,2
202100040326,129Â 521,A01,1,1,1,0,2,6,-1,-1, -1,-1,2021,57.0,1,1,0,2,4,23,1,,4,KOENIGSHOFFEN (RUE DE),0,,2,3,0,1,0,0,1,, -1,1,0,1,50,7,5,1,67,67482,2,1,0,2,KOENIGSHOFFEN (RUE DE),48.5809521748,7.7270435398,12,2,2
202100039685,130Â 643,A01,1,1,1,4,2,6,-1,-1, -1,-1,2021,23.0,1,1,0,2,1,19,1,,7,RN 27 (ROUTE DE DIEPPE),0,,2,2,3,1,18,826,1,, -1,1,0,1,50,15,5,1,76,76216,2,9,0,3,RN 27 (ROUTE DE DIEPPE),49.47594,1.04813,21,2,2
202100054068,105Â 100,B01,1,1,2,1,8,0,-1,-1, -1,-1,2021,41.0,3,1,0,2,8,19,5,,4,TONNELLE (BOULEVARD),0,,2,2,0,1,(1),(1),1,, -1,2,0,1,50,21,1,5,37,37261,2,3,1,6,TONNELLE (BOULEVARD),47.3807230843,0.6680912226,17,2,2
202100038426,132Â 959,A01,2,2,1,4,1,-1,-1,0,0,-1,2021,37.0,2,5,0,0,6,1,1,,1,A26,-1,,3,4,0,4,181,500,1,, -1,1,0,1,130,26,5,1,2,2009,1,9,0,2,autoroute,49.769593,3.353413,14,3,2
202100042816,125Â 127,A01,10,3,1,0,0,-1,-1,3,3,1,2021,29.0,1,2,0,1,7,1,1,,3,GRANDE RUE,0,,-1,0,0,2,0,0,1,, -1,1,0,1,50,15,4,5,91,91216,2,3,0,6,GAL DE GAULLE (COURS),48.673027,2.327581,5,2,1
202100036790,135Â 947,B01,1,1,1,5,2,6,-1,-1, -1,-1,2021,20.0,2,1,0,2,1,1,1,,3,LORRAINE (AVENUE DE),0,,3,3,0,1,1,675,1,, -1,1,3,1,50,31,5,2,57,57221,2,3,0,3,LORRAINE (AVENUE DE),49.32622,6.12586,21,2,2
202100041388,127Â 628,A01,2,2,1,0,1,-1,-1,-1, -1,-1,2021,60.0,2,2,0,2,1,2,1,,1,ROCADE A 630,0,,3,6,0,2,3,645,1,, -1,1,2,1,70,3,5,1,33,33063,1,1,0,4,Rocade Nord A630,44.881432,-0.545258,16,5,4
202100050721,111Â 023,B01,1,1,1,0,2,0,-1,-1, -1,-1,2021,56.0,2,1,0,0,0,26,1,,2,N12Y,0,,1,1,0,1,30,450,1,, -1,1,0,1,70,20,2,1,78,78423,1,1,0,6,N12Y,48.798461,2.002346,15,2,2
202100047742,116Â 411,A01,4,2,2,5,1,0,-1,-1, -1,-1,2021,17.0,2,2,0,2,4,1,1,,3,,0,,2,2,0,1,0,0,1,, -1,1,0,1,50,7,3,1,38,38544,2,1,0,2,LAFAYETTE(RUE),45.52729,4.89784,12,6,2
202100021524,163Â 168,A01,1,1,1,5,2,-1,-1,0,0,-1,2021,16.0,0,1,0,2,2,19,5,,4,67,-1,,2,2,1,1,23,200,1,, -1,1,0,1,50,30,8,1,29,29260,2,3,0,3,Rue de Pontavenec,48.426449,-4.603347,16,2,2
202100003583,195Â 348,B01,2,1,1,1,2,6,-1,-1, -1,-1,2021,32.0,2,1,0,2,7,16,1,,4,PINAY (AVENUE ANTOINE),0,,4,2,0,1,0,0,2,, -1,1,0,1,50,9,12,1,84,84087,2,6,0,3,PINAY (AVENUE ANTOINE),44.12871,4.7979,13,2,2
202100027402,152Â 731,A01,2,2,2,0,1,8,-1,-1, -1,-1,2021,8.0,3,2,0,2,1,2,2,,9,CHAPITRE ( RUE DU),0,,1,3,0,1,0,0,2,, -1,1,9,1,90,23,7,1,93,93073,1,9,0,2,Rue du Chapitre,49.002242867,2.5369866425,8,3,2
202100021342,163Â 503,A01,1,1,1,5,0,-1,-1,0,0,-1,2021,89.0,3,1,0,2,6,1,3,,4,,-1,,2,2,0,1,(1),(1),1,,4,1,0,1,30,3,9,1,89,89167,2,2,0,3,Route d Orleans,47.861085,3.44276,9,2,2
202100019828,166Â 193,A01,1,1,1,5,0,0,-1,-1, -1,-1,2021,14.0,2,1,0,2,1,0,5,,3,CHAMPIGNY (BD DE),0,,2,2,0,1,0,0,1,, -1,1,0,1,30,9,6,1,94,94068,2,1,0,2,Boulevard de Champigny,48.79932,2.50413,20,2,2
202100007110,189Â 056,A01,1,1,1,0,1,0,-1,-1, -1,-1,2021,30.0,2,2,0,2,1,9,1,,1,A86 EXT,0,,1,4,0,2,59,40,1,, -1,1,0,1,90,19,11,3,78,78640,1,1,0,2,A86 EXT,48.77697,2.22442,20,2,2
202100006419,190Â 321,B01,1,1,1,5,2,0,-1,0,0,-1,2021,16.0,1,1,0,2,2,1,1,,3,13,0,,2,2,0,1,0,225,1,, -1,2,0,1,50,24,11,1,47,47001,2,3,0,3,STALINGRAD (AVENUE DE ),44.21036,0.63008,10,2,2
202100043722,123Â 541,B01,1,1,1,1,1,0,-1,-1, -1,-1,2021,38.0,1,2,0,2,2,1,1,,1,AUTOROUTE A6,0,,3,6,0,1,10,0,1,, -1,1,0,2,110,17,4,1,91,91689,1,1,0,3,AUTOROUTE A6,48.736,2.316,19,2,2
202100017274,170Â 778,B01,1,1,1,5,2,6,-1,0,0,-1,2021,53.0,1,1,0,2,3,13,1,,3,465,-1,,2,2,0,2,5,150,2,, -1,1,0,1,80,25,9,1,88,88426,1,1,0,1,Rue du Ballon d Alsace,47.837696,6.833405,14,2,2
202100006074,190Â 946,A01,1,1,1,5,1,0,-1,-1, -1,-1,2021,19.0,1,2,0,2,1,2,1,,1,AUTOROUTE A86,0,,3,4,0,2,51,700,1,, -1,2,1,1,90,26,11,5,94,94034,2,1,1,2,AUTOROUTE A86,48.7606114652,2.3193595264,19,2,2
202100010191,183Â 487,B01,1,1,1,3,1,0,-1,-1, -1,-1,2021,71.0,0,2,0,0,3,0,1,,3,9,0,,-1,2,0,1,0,0,1,, -1,2,0,1,50,30,10,1,92,92004,2,1,1,1,GRESILLONS ( AVENUE DES  ),48.9168237819,2.3062625527,13,2,2
202100046876,117Â 987,B01,1,1,1,1,2,6,-1,-1, -1,-1,2021,47.0,1,1,0,2,1,1,1,,4,LECLERC (AVENUE DU GENERAL),0,,2,3,3,2,0,0,1,, -1,2,0,1,50,19,3,1,87,87085,2,3,1,2,LECLERC (AVENUE DU GENERAL),45.84585,1.26059,10,2,2
202100007121,189Â 040,A01,10,3,2,0,0,-1,-1,9,9,1,2021,40.0,1,2,0,1,1,9,1,,4,,0,,1,2,3,1,(1),(1),1,, -1,1,0,6,50,18,11,1,974,97411,2,7,0,6,GARROS (ROLAND),-20.8820833416,55.45368433,16,2,1
202100026847,153Â 730,A01,1,1,1,1,2,6,-1,0,0,-1,2021,38.0,2,1,0,2,1,17,3,,4,BOULEVARD DE GRENELLE,0,,-1,1,0,1,(1),(1),1,, -1,2,0,1,50,27,7,1,75,75115,2,1,1,2,BOULEVARD DE GRENELLE,48.849909,2.29566,12,2,2
202100038344,133Â 093,B01,2,2,2,0,1,0,-1,0,0,-1,2021,19.0,1,2,0,2,1,1,1,,7,,0,,1,3,0,1,(1),(1),1,, -1,2,0,1,50,22,5,1,63,63113,2,2,0,3,LAVOISIERS (BD),45.78614,3.07991,15,4,2
202100053462,106Â 156,B01,1,1,1,1,2,-1,-1,-1, -1,-1,2021,53.0,1,1,0,2,1,1,1,,4,,0,,3,4,3,2,(1),(1),1,, -1,1,5,1,50,7,1,5,33,33039,2,2,0,3,Boulevard Albert 1er,44.81239,-0.55765,23,2,2
202100041805,126Â 882,A01,1,1,2,1,1,0,-1,0,0,-1,2021,49.0,2,2,0,2,0,0,1,,3,,0,,2,2,0,1,7,765,2,, -1,2,0,1,50,1,5,1,6,6069,2,1,1,1,DRAGUIGNAN (ROUTE DE) - D2562-,43.645242,6.89497,8,2,2
202100008214,187Â 035,B01,1,1,1,9,1,8,-1,-1, -1,-1,2021,23.0,2,2,0,2,1,1,1,,1,A50 - Sens Aubagne vers Marseille,0,,1,3,0,2,27,200,1,, -1,2,0,1,110,14,11,3,13,13005,1,1,1,5,A50 - Sens Aubagne vers Marseille,43.2665,5.5878,19,4,4
202100009712,184Â 341,A01,1,1,1,0,1,0,-1,-1, -1,-1,2021,35.0,2,1,0,2,1,3,1,,1,86,0,,3,2,0,1,2,0,1,, -1,1,0,1,90,9,9,1,92,92050,1,1,0,3,A86,48.9145462162,2.2193848208,13,2,2
202100042088,126Â 397,A01,10,3,1,5,0,-1,-1,5,9,2,2021,31.0,3,2,9,1,3,4,1,,6,940,-1,,-1,-1,0,1,(1),(1),1,, -1,1,9,8,50,29,4,1,76,76254,2,7,0,6,Place Maurice Guillard,49.707469,0.205966,15,2,1
202100018487,168Â 587,B01,1,1,1,5,2,-1,-1,0,0,-1,2021,50.0,0,1,0,2,8,13,1,,4,,0,,2,2,0,2,(1),(1),3,,5,1,0,1,70,25,7,1,971,97118,1,1,0,1,Chemin de la Madeleine,16.2193,-61.628945,14,2,2
202100005079,192Â 699,A01,10,3,2,3,0,-1,-1,3,3,1,2021,87.0,3,5,0,1,2,16,1,,4,FRANCE ANATOLE (DE 1 A 53 ET 2 A 46),0,,2,2,0,1,(1),(1),1,, -1,2,5,1,50,2,12,1,29,29019,2,1,1,6,Rue Anatole France,48.38134,-4.5287,11,2,1
202100002768,196Â 818,B01,1,1,2,9,2,-1,-1,-1, -1,-1,2021,25.0,2,1,0,2,8,1,5,,4,AVE JEAN JAURES,0,,2,2,2,1,(1),(1),1,, -1,1,9,1,50,15,12,2,33,33318,2,1,0,3,Avenue Jean JaurÃ¨s,44.8114615853,-0.6183551252,8,2,2
202100040896,128Â 528,B01,1,1,1,5,8,8,-1,-1, -1,-1,2021,22.0,2,1,0,2,7,1,5,,4,LYAUTEY,0,,1,2,0,1,0,0,1,, -1,1,5,1,50,6,5,1,64,64445,2,3,0,3,LYAUTEY,43.3044,-0.3673,7,2,2
202100055045,103Â 422,A01,1,1,2,0,2,4,-1,-1, -1,-1,2021,57.0,2,1,0,2,1,17,1,,3,BAGNOLS (ROUTE DE),0,,2,3,0,1,0,240,1,, -1,1,0,1,50,14,1,1,30,30007,2,1,0,3,BAGNOLS (ROUTE DE),44.13066,4.1091,14,2,2
202100049101,113Â 987,A01,1,1,2,1,1,-1,-1,-1, -1,-1,2021,40.0,1,2,0,2,7,15,1,,4,MEDOC (RTE DU),0,,3,7,3,1,(1),(1),1,, -1,1,0,1,50,4,3,5,33,33162,2,2,0,3,Route du MÃ©doc,44.876779,-0.622402,19,2,2
202100000717,200Â 432,A01,1,1,1,0,2,6,9,0,0,-1,2021,56.0,0,1,4,2,1,0,1,,3,532,-1,,2,2,0,1,0,150,2,, -1,2,8,1,80,30,12,1,7,7324,1,1,0,6,Route de Lamastre,45.065906,4.781553,14,2,2
202100028085,151Â 505,B01,1,1,1,1,2,6,-1,-1,0,-1,2021,43.0,2,1,4,2,1,3,1,,1,AUTOROUTE A15,0,,3,9,0,1,7,500,1,, -1,1,0,1,90,19,7,1,95,95018,1,1,0,5, A15,48.96178,2.26797,8,3,3
202100025236,156Â 548,B01,2,2,1,0,2,0,-1,-1, -1,-1,2021,16.0,1,1,0,2,0,0,1,,1,A13,0,,-1,3,0,1,33,450,1,, -1,1,0,1,110,6,8,1,78,78090,1,1,0,4,A13,48.96931,1.915508,18,7,4
202100023939,158Â 842,A01,1,1,2,5,2,6,-1,0,0,-1,2021,60.0,2,1,13,0,2,1,1,,3,906,-1,,2,2,0,4,27,650,2,, -1,1,0,3,-1,16,8,1,63,63003,1,1,0,7,Cleurettes Nord,45.579167,3.73753,16,1,1
202100052777,107Â 390,B01,1,1,1,0,8,-1,-1,-1, -1,-1,2021,29.0,1,1,0,2,2,1,5,,4,Rue Mouneyra,0,,1,1,0,1,(1),(1),1,, -1,1,0,1,50,2,2,1,33,33063,2,2,0,3,Rue Mouneyra,44.8341,-0.58205,11,2,2
202100014487,175Â 815,A01,1,1,1,5,1,-1,-1,0,0,-1,2021,38.0,1,5,4,0,2,0,1,,2,19,0,N,2,3,0,2,50,500,3,, -1,1,0,3,80,8,10,4,70,70111,1,1,0,7,N19,47.64298,6.282479,21,1,1
202100016774,171Â 631,B01,1,1,2,5,1,0,-1,-1, -1,-1,2021,28.0,1,2,0,2,3,11,1,,2,JAURES (BOULEVARD JEAN),0,,1,2,0,1,(1),(1),2,, -1,1,0,1,50,23,9,1,974,97411,2,6,0,3,JAURES (BOULEVARD JEAN),-20.90244,55.50343,8,2,2
202100007393,188Â 543,A01,1,1,1,5,1,-1,-1,0,0,-1,2021,24.0,1,2,0,0,0,17,1,,3,71,-1,,2,2,0,1,2,535,2,, -1,2,0,1,80,19,11,3,44,44174,1,1,1,7,D71,47.049215,-1.743063,22,1,1
202100046404,118Â 827,B01,1,1,1,4,2,6,-1,-1, -1,-1,2021,25.0,2,1,0,2,1,1,1,,4,,0,,2,2,0,1,0,0,1,, -1,1,0,1,50,10,3,1,92,92051,2,1,0,3,"VILLIERS (RUE DE, NÂ° 21 A 59)",48.8876933691,2.2822889686,12,2,2
202100035323,138Â 571,B01,1,1,1,9,2,0,-1,0,0,-1,2021,56.0,2,1,0,2,1,1,3,,4,RUE DE ROCROY,0,,1,1,0,1,(1),(1),1,, -1,1,0,1,30,10,6,1,75,75110,2,2,0,3,RUE DE ROCROY,48.880807,2.351175,9,2,2
202100034769,139Â 564,A01,2,2,1,5,2,8,-1,-1, -1,-1,2021,24.0,2,1,0,2,1,1,0,,4,ALEXANDRE DUMAS (RUE),0,,2,2,0,1,0,0,1,, -1,1,0,1,50,12,6,5,13,13208,2,3,0,3,ALEXANDRE DUMAS (RUE),43.263624715,5.3894168941,23,3,2
202100013645,177Â 322,B01,1,1,1,1,1,0,-1,-1, -1,-1,2021,47.0,2,2,0,2,4,23,1,,4,CHAPELLE (RUE DE LA),0,,2,2,0,1,1,0,1,, -1,1,0,1,50,11,10,1,45,45169,2,1,0,2,CHAPELLE (RUE DE LA),47.90982,1.83091,17,4,2
202100050472,111Â 476,B01,1,1,1,1,2,0,-1,-1, -1,-1,2021,45.0,1,1,0,2,7,1,3,,4,JEAN JAURES (AVENUE),0,,2,2,0,1,(1),(1),1,, -1,2,0,1,50,22,2,5,21,21231,2,2,1,3,120 Avenue Jean JaurÃ¨s,47.30495,5.023072,22,2,2
202100016081,172Â 898,A01,10,3,2,1,0,-1,-1,1,3,1,2021,45.0,2,2,0,1,1,1,1,,3,LECLERC (BLD DU GENERAL),0,,2,2,0,1,1,243,1,, -1,1,0,1,50,28,9,1,95,95018,2,1,0,6,RD 41,48.93404,2.22561,11,2,1
202100048087,115Â 795,A01,1,1,1,5,2,6,-1,0,0,-1,2021,21.0,1,1,0,0,0,13,1,,7,15,0,,2,2,0,2,32,500,2,, -1,1,0,3,80,12,3,1,13,13082,1,1,1,7,D15,43.657976,5.36165,16,1,1
202100021882,162Â 519,B01,1,1,1,0,2,6,-1,0,0,-1,2021,64.0,1,1,0,2,1,26,1,,3,D973,-1,,2,2,0,1,(1),(1),1,, -1,1,0,1,50,27,8,1,84,84026,2,3,0,3,D973 / Rue Font de l Aube,43.734604,5.366829,19,2,2
202100011052,181Â 967,B01,1,1,1,0,1,0,-1,-1, -1,-1,2021,28.0,2,2,0,2,1,1,1,,2,RN1 ROCADE DE CHAUVEL,0,,3,2,0,1,(1),(1),1,, -1,1,0,1,90,24,10,5,971,97101,1,1,0,1,RN1 ROCADE DE CHAUVEL,16.2393432169,-61.5220752438,23,3,2
202100051273,110Â 024,B01,1,1,2,0,1,8,-1,-1, -1,-1,2021,32.0,1,2,0,2,8,1,1,,3,R D 900,0,,3,4,0,1,25,545,1,, -1,1,0,1,90,15,2,1,66,66136,1,1,0,3,R D 900,42.67939,2.87349,15,2,2
202100056013,101Â 760,A01,1,1,2,4,2,8,-1,-1, -1,-1,2021,28.0,2,1,0,2,1,12,1,,1,A13,0,,3,4,0,1,21,700,1,, -1,1,0,1,110,7,1,1,78,78133,1,1,0,2,A13,48.89287,2.00829,8,2,2
202100006724,189Â 765,A01,1,1,2,9,2,6,-1,0,0,-1,2021,23.0,2,1,0,2,2,14,1,,4,AVENUE DE SUFFREN,0,,2,2,0,1,(1),(1),1,, -1,1,0,1,30,22,11,1,75,75107,2,3,0,3,AVENUE DE SUFFREN,48.851571,2.300266,12,2,2
202100030188,147Â 809,A01,1,1,1,0,8,0,-1,-1, -1,-1,2021,22.0,1,1,0,2,1,7,1,,4,CLEMENCEAU (AVENUE GEORGES),0,,1,3,3,1,(1),(1),1,, -1,1,0,1,50,7,7,1,34,34172,2,3,0,3,CLEMENCEAU (AVENUE GEORGES),43.6033,3.87202,20,2,2
202100025756,155Â 645,B01,1,1,1,0,2,6,-1,0,0,-1,2021,51.0,1,1,0,2,3,0,1,,4,CASTORS (CHEMIN DES),0,,4,2,0,2,(1),(1),3,, -1,1,9,1,50,3,8,1,6,6069,2,9,0,3,CASTORS (CHEMIN DES),43.641456,6.933079,13,2,2
202100048019,115Â 910,A01,10,3,1,5,0,-1,-1,3,3,1,2021,58.0,1,2,0,1,7,16,1,,3,ALEXANDRE BOUTON (QUAI),0,,3,1,0,1,0,0,1,, -1,1,0,1,50,14,3,1,91,91687,2,6,0,6,ALEXANDRE BOUTON (QUAI),48.67918,2.37496,12,2,1
202100001583,198Â 980,A01,10,3,1,0,0,-1,-1,1,3,1,2021,10.0,2,2,0,1,3,26,1,,4,REPUBLIQUE (DE LA)                  (R ),0,,2,2,0,1,(1),(1),1,, -1,1,0,1,50,22,12,5,69,69256,2,1,1,6,Rue de la RÃ©publique,45.784620289,4.9323651195,17,4,1
202100050358,111Â 684,B01,1,1,1,1,8,0,-1,0,0,-1,2021,29.0,1,1,0,2,1,1,3,,4,RUE DE CLIGNANCOURT,0,,1,1,0,2,(1),(1),1,, -1,1,0,1,50,24,2,1,75,75118,2,2,0,3,RUE DE CLIGNANCOURT,48.8890534563,2.348158168,16,2,2
202100045304,120Â 746,A01,1,1,1,9,1,-1,-1,0,0,-1,2021,52.0,1,2,16,0,0,1,1,,3,,0,D,2,2,0,1,18,900,1,, -1,1,0,3,80,3,4,1,36,36005,1,1,1,7,,46.735986,1.844786,19,1,1
202100049352,113Â 544,B01,1,1,1,0,8,0,-1,-1, -1,-1,2021,18.0,1,1,0,2,1,5,0,,4,BADUEL (ROUTE DE),0,,2,2,0,2,4,200,1,, -1,1,0,3,50,3,3,1,973,97302,2,7,0,3,BADUEL (ROUTE DE),4.92821,-52.29336,10,2,2
202100008986,185Â 656,B01,1,1,1,0,1,-1,-1,0,0,-1,2021,69.0,2,2,0,0,4,1,1,,1,77,-1,A,3,4,0,1,149,950,1,, -1,1,0,1,130,7,11,3,58,58303,1,1,0,2,Autoroute A77 PK 149+950,47.032373,3.152518,19,2,2
202100019497,166Â 780,B01,1,1,1,5,2,6,-1,-1, -1,-1,2021,68.0,1,1,0,2,1,1,1,,3,LÃON JOUHAUX(AVENUE),0,,2,2,0,1,5,250,1,, -1,1,0,1,50,11,9,1,70,70285,2,3,1,3,LÃON JOUHAUX(AVENUE),47.57676,6.76145,16,2,2
202100012429,179Â 490,A01,1,1,1,5,2,0,-1,-1, -1,-1,2021,75.0,3,1,0,2,4,5,5,,4,BEARN DU,0,,-1,1,0,1,0,0,1,, -1,1,0,1,50,18,10,1,64,64269,2,6,0,3,BEARN DU,43.30123,-0.30711,18,2,2