Num_Acc,id_vehicule,num_veh,place,catu,sexe,trajet,secu1,secu2,secu3,locp,actp,etatp,year_acc,victim_age,senc,catv,obs,obsm,choc,manv,motor,occutc,catr,voie,v1,v2,circ,nbv,vosp,prof,pr,pr1,plan,lartpc,larrout,surf,infra,situ,vma,jour,mois,lum,dep,com,agg_,int,atm,col,adr,lat,long,hour,nb_victim,nb_vehicules
202100011755,180Â 705,A01,10,3,2,2,0,-1,-1,3,3,2,2021,10.0,3,2,0,1,1,16,1,,4,COLLYBIES (RUE DES),0,,2,2,0,1,0,0,1,, -1,1,0,1,30,18,10,1,77,77326,2,3,0,6,COLLYBIES (RUE DES),48.5805326318,2.5593297202,8,4,1
202100009403,184Â 894,B01,1,1,1,0,2,-1,-1,-1, -1,-1,2021,33.0,2,1,0,2,8,8,1,,4,LECLERC                             (AV),0,,2,2,3,1,(1),(1),1,, -1,1,0,1,50,4,11,5,69,69387,2,4,0,3,LECLERC (AV),45.74091,4.8274,17,2,2
202100026067,155Â 091,A01,10,3,2,5,0,-1,-1,3,3,1,2021,63.0,1,2,0,1,3,1,1,,3,,-1,,1,2,0,1,(1),(1),3,,"5,5",1,0,1,50,30,7,1,88,88516,2,4,0,6,place de gaulle,48.2004386869,5.949126184,14,2,1
202100006732,189Â 750,B01,1,1,2,0,1,0,-1,-1, -1,-1,2021,38.0,1,2,0,2,0,1,0,,4,PAUL VAILLANT COUTURIER (AVENUE) COTE NÂ°,0,,2,2,0,1,0,0,1,, -1,1,0,1,30,23,11,1,93,93072,2,1,0,3,PAUL VAILLANT COUTURIER (AVENUE) COTE NÂ°,48.95385,2.38237,14,2,2
202100031745,145Â 015,B01,1,1,1,0,2,0,-1,-1, -1,-1,2021,30.0,1,1,0,2,1,17,1,,3,GABRIEL PERI (AV),0,,2,0,0,1,1,0,1,, -1,1,0,1,50,29,6,1,94,94044,2,1,0,3,Avenue Gabriel PÃ©ri,48.7547,2.48458,13,2,2
202100030021,148Â 129,B01,1,1,1,9,2,0,-1,0,0,-1,2021,25.0,2,1,0,2,1,1,5,,4,BOULEVARD DE MAGENTA,0,,3,2,1,2,(1),(1),1,, -1,1,5,5,50,8,7,1,75,75110,2,5,0,3,BOULEVARD DE MAGENTA,48.874857,2.357288,16,2,2
202100037118,135Â 354,A01,1,1,2,9,1,-1,-1,0,0,-1,2021,73.0,2,2,15,0,2,1,1,,1,7,0,A,3,3,0,2,35,500,1,, -1,1,0,3,130,31,5,1,26,26002,1,1,0,6,A7,45.220501,4.859605,17,1,1
202100042834,125Â 100,B01,1,1,1,4,8,0,-1,-1, -1,-1,2021,22.0,1,1,0,2,3,1,5,,4,FLEURUS (RUE DE) NÂ° IMP,0,,1,1,0,2,0,0,1,, -1,1,0,1,50,23,4,1,72,72181,2,1,0,3,FLEURUS (RUE DE) NÂ° IMP,47.99658,0.19565,20,2,2
202100040638,128Â 972,A01,10,3,1,1,0,-1,-1,3,3,1,2021,50.0,1,5,0,1,3,1,1,,3,922,0,D,-1,1,0,1,33,0,3,, -1,1,0,1,50,10,5,1,95,95052,2,6,0,6,Rond point du mÃ©tronome,49.1377378545,2.272131443,8,2,1
202100021867,162Â 547,B01,1,1,1,1,2,6,-1,0,0,-1,2021,29.0,2,1,0,2,1,1,1,,3,33,-1,,2,2,0,1,43,460,1,, -1,1,0,1,80,31,8,1,53,53132,1,3,0,3,Les Reutaux,48.419475,-0.892301,7,2,2
202100018602,168Â 385,A01,1,1,1,5,2,6,-1,0,0,-1,2021,42.0,1,1,0,2,7,17,1,,4,RUE DES PYRENEES,0,,2,2,0,1,(1),(1),1,, -1,1,0,1,30,16,9,1,75,75120,2,1,0,3,RUE DES PYRENEES,48.860823,2.400546,8,2,2
202100010536,182Â 895,B01,1,1,1,4,2,6,-1,-1, -1,-1,2021,42.0,2,1,0,2,8,1,1,,4,ALL JEAN GRIFFON,0,,2,2,0,1,(1),(1),1,, -1,1,0,1,50,28,10,1,31,31555,2,1,0,3,ALL JEAN GRIFFON,43.559033542,1.4997112431,15,2,2
202100051431,109Â 764,A01,10,3,1,2,0,-1,-1,2,3,1,2021,15.0,2,2,0,1,3,1,3,,4,ROLAND (RUE GUSTAVE ROLAND),0,,2,2,0,2,(1),(1),1,, -1,1,0,1,30,15,2,1,45,45147,2,1,0,6,Rue Gustave Rolland,47.9298,1.91273,16,2,1
202100033955,141Â 071,A01,7,2,1,5,1,3,-1,0,0,-1,2021,0.0,2,2,2,0,6,1,1,,3,6,0,D,2,2,0,1,2,750,1,, -1,2,0,3,80,17,6,1,11,11138,1,1,1,6,RD 6,43.277893,1.946318,20,2,1
202100002225,197Â 811,B01,5,2,1,9,8,-1,-1,-1, -1,-1,2021,4.0,3,1,0,2,0,0,5,,4,CARNOT                              (R ),0,,2,2,2,1,(1),(1),1,, -1,1,0,5,50,18,12,5,69,69199,2,1,0,2,CARNOT (R),45.7080348416,4.8605798185,23,3,2
202100033833,141Â 282,A01,1,1,2,5,1,0,-1,-1, -1,-1,2021,30.0,1,2,15,0,2,1,1,,3,SAINT CHRISTOPHE (ROUTE DE),0,,2,2,0,2,3,330,4,, -1,1,0,3,80,12,6,1,43,43251,2,1,0,6,SAINT CHRISTOPHE (ROUTE DE),45.0240941703,3.8594090939,15,1,1
202100054866,103Â 733,A01,10,3,1,0,0,-1,-1,3,3,1,2021,62.0,1,2,0,1,1,26,1,,3,D 1555(SORTIE VILLAGE VERS DRAGUIGNAN),0,,1,4,0,1,4,450,3,, -1,1,9,1,70,14,1,1,83,83141,2,6,0,6,Route de Draguignan,43.50821,6.48172,8,2,1
202100034712,139Â 676,A01,1,1,2,0,1,0,-1,-1, -1,-1,2021,54.0,1,2,0,2,4,2,1,,1,A50-Sens Marseille vers Aubagne,0,,1,3,0,1,12,0,1,, -1,1,0,1,90,12,6,1,13,13005,1,1,0,2,A50-Sens Marseille vers Aubagne,43.28652,5.53666,21,3,2
202100010809,182Â 411,B01,1,1,1,5,2,6,-1,0,0,-1,2021,17.0,2,1,0,2,1,1,1,,3,55,-1,D,2,2,0,2,(1),(1),1,,6,1,0,1,50,27,10,1,88,88090,2,2,0,3,11 Rue Marcel Goulette,48.373189,6.294077,15,2,2
202100012002,180Â 259,B01,1,1,1,0,2,0,-1,-1, -1,-1,2021,19.0,1,1,0,2,1,1,3,,4,MONTPENSIER,0,,2,2,0,1,0,0,1,, -1,1,0,1,50,20,10,1,64,64445,2,2,0,3,MONTPENSIER,43.30141,-0.37338,18,2,2
202100040539,129Â 147,A01,1,1,1,5,2,-1,-1,0,0,-1,2021,79.0,2,1,0,0,9,2,5,,3,914,-1,,2,2,0,1,0,640,3,, -1,1,0,1,80,8,5,1,73,73085,1,1,0,7,D914 Route de Portout,45.8068099831,5.8463194319,10,1,1
202100000464,200Â 875,B01,1,1,1,9,2,0,-1,-1, -1,-1,2021,16.0,2,1,0,2,8,1,1,,4,BRUNE (BOULEVARD),0,,2,2,0,1,(1),(1),1,, -1,1,0,1,50,29,10,1,19,19031,2,1,0,3,BRUNE (BOULEVARD),45.15346,1.53643,17,2,2
202100011725,180Â 771,A01,1,1,1,5,2,-1,-1,0,0,-1,2021,61.0,2,1,14,0,1,1,1,,3,974,-1,,3,2,0,1,14,850,1,, -1,1,9,8,90,22,10,5,21,21173,1,1,0,6,D 974 ROUTE DE dijon,47.0632753132,4.8664610027,20,1,1
202100012537,179Â 304,B01,1,1,1,0,2,6,9,0,0,-1,2021,54.0,1,1,0,2,1,1,1,,3,28,-1,D,-1,2,0,1,1,442,1,, -1,1,0,1,50,27,8,1,38,38001,1,1,0,1,1536 Rte de Saint Geoire En Valdaine,45.498974,5.607054,18,2,2
202100006944,189Â 358,A01,2,2,2,5,1,0,-1,0,0,-1,2021,17.0,1,2,0,2,2,1,1,,4,RUE SAINT DOMINIQUE,0,,2,3,0,1,(1),(1),1,, -1,1,0,1,30,21,11,5,75,75107,2,2,0,3,RUE SAINT DOMINIQUE,48.859946,2.313106,19,3,2
202100035977,137Â 377,A01,1,1,1,5,2,6,-1,0,0,-1,2021,16.0,3,1,0,2,1,1,1,,4,,-1,,2,2,0,2,(1),(1),1,,4,1,0,1,30,7,6,1,31,31044,2,2,0,3,Chemin de la Manne,43.599387,1.505449,19,3,2
202100055417,102Â 793,B01,1,1,1,3,1,-1,-1,-1, -1,-1,2021,26.0,1,2,0,2,4,2,1,,4,,0,,1,1,0,2,34,0,1,, -1,1,0,1,50,11,1,3,69,69081,1,1,0,2,PERIPHERIQUE NORD (BD),45.7745650827,4.7906720638,18,3,2
202100023882,158Â 942,A01,10,3,1,9,0,-1,-1,1,1,1,2021,45.0,2,2,0,1,1,1,1,,4,SAINT-CHARLES,0,,2,2,0,1,0,0,1,, -1,1,0,1,50,14,8,5,57,57672,2,1,0,6,SAINT-CHARLES,49.34935,6.15406,6,3,1
202100013631,177Â 350,B01,1,1,1,0,8,0,-1,0,0,-1,2021,24.0,3,1,0,9,0,2,3,,7,,0,,1,2,0,1,(1),(1),2,, -1,1,0,1,50,8,10,1,63,63113,2,1,0,3,PARDIEU (ROND-POINT DE LA),45.7612,3.13264,15,2,2
202100001726,198Â 703,A01,10,3,2,1,0,-1,-1,3,3,1,2021,53.0,1,2,0,1,1,9,1,,4,LATECOERE RUE PIERRE,0,,2,2,0,1,(1),(1),1,, -1,1,0,1,50,18,12,5,26,26362,2,6,0,6,55 Rue Pierre LatÃ©coÃ¨re,44.921701,4.92081,5,2,1
202100050254,111Â 890,A01,1,1,1,5,0,-1,-1,0,0,-1,2021,13.0,0,1,6,0,8,16,5,,4,1,0,,2,2,0,2,(1),(1),3,, -1,1,0,4,50,25,2,1,55,55359,2,9,0,6,1 Rue de la Liberation,48.576399,5.246902,15,1,1
202100026419,154Â 474,A01,1,1,1,1,1,0,-1,-1, -1,-1,2021,30.0,1,5,4,0,0,11,1,,2,LITTORAL (ROUTE 2 DU),0,,2,-1,0,1,(1),(1),3,, -1,2,0,1,90,29,7,3,974,97411,1,1,1,7,LITTORAL (ROUTE 2 DU),-20.88114,55.39755,6,1,1
202100001739,198Â 679,B01,1,1,2,1,1,8,-1,0,0,-1,2021,33.0,2,2,0,2,6,9,1,,4,PORTE DE SAINT CLOUD,0,,1,4,0,1,10,400,1,, -1,1,0,1,70,20,12,1,75,75116,2,4,0,3,PORTE DE SAINT CLOUD,48.835095973,2.2601526976,12,2,2
202100035925,137Â 473,A01,2,2,2,5,1,0,-1,-1, -1,-1,2021,39.0,1,2,0,2,1,2,1,,2,02 PK RN237 RE MOULIN JUSTICE,0,,3,4,0,1,2,37,1,, -1,1,0,1,90,7,6,1,17,17200,1,1,0,2,02 PK RN237 RE MOULIN JUSTICE,46.18146,-1.14199,17,3,2
202100014687,175Â 460,A01,1,1,1,4,1,-1,-1,0,0,-1,2021,61.0,1,2,13,0,3,1,1,,3,624,-1,,2,1,0,2,2,575,2,, -1,1,0,3,80,8,10,1,61,61345,1,1,0,7,La Houssaie,48.420607,0.720913,8,1,1
202100035410,138Â 426,B01,1,1,1,5,8,-1,-1,0,0,-1,2021,17.0,0,1,0,2,8,1,1,,7,,-1,,1,1,0,1,(1),(1),1,,3,1,0,1,50,10,6,5,13,13035,2,2,0,3,rue BOISJELIN / Rue RABAUS Ste ETIENNE,43.694749,5.030381,23,2,2
202100010939,182Â 172,A01,1,1,1,9,2,6,-1,0,0,-1,2021,29.0,1,1,0,2,1,17,1,,4,AVENUE DE SUFFREN,0,,2,2,0,1,(1),(1),1,, -1,1,0,1,30,26,10,1,75,75107,2,3,0,3,AVENUE DE SUFFREN,48.852257,2.299195,12,2,2
202100011378,181Â 385,A01,10,3,2,0,0,-1,-1,4,3,1,2021,25.0,1,2,0,1,1,16,1,,4,BARROIS (RUE DU),0,,2,2,0,2,(1),(1),1,, -1,1,0,1,50,23,10,1,54,54304,2,2,0,6,BARROIS (RUE DU),48.6933,6.12816,16,2,1
202100031526,145Â 410,A01,1,1,1,5,2,6,-1,-1, -1,-1,2021,29.0,2,1,0,2,1,1,1,,1,A50 - Sens Aubagne vers Marseille,0,,3,2,0,2,16,299,2,, -1,1,3,1,110,1,7,1,13,13005,1,1,0,2,A50 - Sens Aubagne vers Marseille,43.2789,5.58559,16,2,2
202100051800,109Â 108,A01,10,3,1,1,0,-1,-1,2,5,1,2021,34.0,2,1,0,1,1,17,1,,4,AVE DE LA LIBERATION,0,,2,2,0,1,(1),(1),1,, -1,1,0,1,50,8,1,5,33,33281,2,1,0,6,Avenue de la LibÃ©ration,44.854314,-0.644404,7,2,1
202100042465,125Â 713,A01,1,1,1,1,2,-1,-1,-1, -1,-1,2021,17.0,0,1,0,0,0,0,3,,4,NEUVILLETTE (RUE DE LA),0,,2,2,0,1,(1),(1),1,, -1,1,5,1,50,26,4,1,51,51474,2,9,0,3,Rue de la Neuvillette,49.2660533563,3.9935386789,17,3,2
202100052648,107Â 619,A01,1,1,1,2,2,-1,-1,-1, -1,-1,2021,19.0,1,1,0,2,1,21,1,,4,ESSES (DES)                         (MO),0,,2,2,0,2,(1),(1),1,, -1,2,0,1,50,3,2,5,69,69384,2,1,1,1,ESSES (DES)                         (MO),45.773,4.81536,18,2,2
202100040981,128Â 367,B01,1,1,1,5,2,-1,-1,0,0,-1,2021,56.0,1,1,0,2,0,21,5,,3,5,-1,,2,2,0,2,20,680,3,, -1,1,0,1,80,8,5,1,39,39183,1,1,0,3,,46.752942,5.795309,15,2,2
202100028306,151Â 097,Z01,10,3,1,5,8,8,-1,2,3,2,2021,33.0,1,2,0,1,1,1,0,,7,RABATAU (BOULEVARD),0,,2,4,0,1,0,0,1,, -1,1,0,1,50,18,7,5,13,13210,2,1,0,6,RABATAU (BOULEVARD),43.2765,5.39774,5,2,1
202100017660,170Â 054,A01,1,1,1,0,2,8,-1,-1, -1,-1,2021,17.0,3,1,0,1,1,18,1,,4,ALLEE  DE LA LIBERTE,0,,1,2,3,1,0,0,1,, -1,1,9,1,30,21,9,1,13,13103,2,7,0,3,ALLEE  DE LA LIBERTE,43.63849,5.09405,18,2,1
202100032840,143Â 076,A01,10,3,1,0,0,-1,-1,0,2,1,2021,59.0,3,2,0,1,2,1,1,,4,PORCHER (IMPASSE),0,,1,1,0,1,(1),(1),1,, -1,1,0,1,30,18,6,1,78,78646,2,1,0,6,PORCHER (IMPASSE),48.79494,2.15481,17,2,1
202100011047,181Â 975,A01,10,3,2,0,0,-1,-1,2,3,1,2021,52.0,2,2,0,1,2,1,1,,4,ARLOING                             (QU),0,,2,2,3,1,(1),(1),1,, -1,1,0,1,50,25,10,5,69,69389,2,1,0,6,ARLOING (Q),45.77074,4.81209,19,4,1
202100041872,126Â 777,A01,1,1,2,0,8,-1,-1,-1, -1,-1,2021,24.0,0,2,0,2,4,1,1,,4,ANTOINE LUMIERE                     (R ),0,,1,2,3,1,(1),(1),1,, -1,2,0,1,50,30,4,1,69,69388,2,1,1,2,ANTOINE LUMIERE (R),45.7401484316,4.8675667225,9,2,2
202100007251,188Â 793,B01,1,1,1,0,8,0,-1,-1, -1,-1,2021,64.0,1,0,0,2,7,19,3,,7,DE GAULLE (AVENUE CHARLES),0,,-1,2,2,1,3,20,1,, -1,1,9,1,50,19,11,1,45,45235,2,6,0,6,Giratoire des Varennes,47.9484,1.83148,15,2,2
202100008010,187Â 415,B01,2,2,2,5,1,0,-1,0,0,-1,2021,59.0,1,2,0,2,4,2,1,,7,STRASBOURG (AVENUE DE),0,,2,2,3,1,(1),(1),1,, -1,1,-1,1,50,9,11,5,54,54395,2,1,0,2,STRASBOURG (AVENUE DE),48.68085,6.19409,18,3,2
202100044971,121Â 345,A01,1,1,2,4,2,0,-1,0,0,-1,2021,52.0,2,1,12,0,0,15,5,,4,PINS ( RUE DES ),0,,1,2,0,1,0,1,1,, -1,1,0,4,50,2,4,1,5,5061,2,1,0,7,PINS ( RUE DES ),44.56232,6.07742,14,1,1
202100055838,102Â 065,B01,1,1,1,0,1,0,-1,-1, -1,-1,2021,46.0,1,2,0,2,4,23,1,,3,MAURICE BERTEAUX (AV),0,,2,2,0,1,(1),(1),1,, -1,1,0,1,50,8,1,1,94,94059,2,1,0,2,MAURICE BERTEAUX (AV),48.8081596251,2.5700422695,15,2,2
202100028238,151Â 217,B01,1,1,1,5,2,-1,-1,0,0,-1,2021,42.0,1,1,0,2,4,1,5,,7,10,-1,,2,2,0,1,40,676,2,,7,1,0,1,80,18,7,1,13,13032,1,6,0,2,Route de Berre,43.541954,5.368356,10,2,2
202100028288,151Â 129,A01,10,3,1,0,8,8,-1,0,0,1,2021,12.0,1,2,0,2,0,26,1,,3,EUROPE (BOULEVARD DE L'),0,,1,4,0,1,1,0,1,, -1,1,0,3,50,17,7,1,59,59392,2,1,0,7,EUROPE (BOULEVARD DE L'),50.2775947247,3.9672996104,16,2,1
202100002426,197Â 441,D01,1,1,2,0,1,0,-1,-1, -1,-1,2021,22.0,1,2,0,2,1,2,1,,4,EINSTEIN (AVENUE ALBERT,0,,1,1,0,1,(1),(1),1,, -1,1,0,1,50,15,12,5,34,34172,2,1,0,4,EINSTEIN (AVENUE ALBERT),43.60727,3.90538,19,4,4
202100051833,109Â 055,B01,1,1,1,0,1,0,-1,-1, -1,-1,2021,55.0,1,2,0,2,3,1,1,,3,PARIS (RUE DE),0,,2,2,0,2,0,1,1,, -1,7,1,1,50,10,2,1,93,93053,2,1,1,4,PARIS (RUE DE),48.9005998192,2.4533046638,13,3,3
202100023897,158Â 918,A01,1,1,1,9,2,6,-1,0,0,-1,2021,22.0,3,1,0,0,0,26,0,,4,LONDE (QUAI DE LA),0,,2,1,0,1,1,0,1,, -1,1,0,1,50,15,8,5,14,14118,2,1,0,7,Quai de la Londe,49.18358,-0.35428,5,1,1
202100019894,166Â 072,A01,2,2,2,0,2,0,-1,0,0,-1,2021,18.0,2,1,8,1,1,12,1,,4,GAMBETTA (A PARTIR DU NÂ° 63-74),0,,2,4,0,1,(1),(1),1,, -1,1,0,1,50,9,9,5,6,6088,2,1,0,6,GAMBETTA (A PARTIR DU NÂ° 63-74),43.701531,7.256148,21,3,1
202100033947,141Â 082,A01,10,3,2,5,0,-1,-1,1,A,2,2021,13.0,2,2,0,1,8,1,2,,3,32,0,,2,2,0,1,17,481,1,, -1,1,0,1,50,12,6,1,28,28137,2,1,0,6,27bis Rue de Chartres,48.541351,1.716281,18,2,1
202100011279,181Â 575,B01,1,1,1,5,2,7,-1,0,0,-1,2021,30.0,2,1,0,2,1,1,1,,3,51,0,D,2,2,0,1,24,0,1,, -1,1,0,1,80,25,10,1,38,38069,1,2,0,3,D1085,45.43644,5.298859,9,3,2
202100048291,115Â 433,A01,1,1,1,1,2,6,-1,0,0,-1,2021,21.0,1,1,0,2,1,17,1,,4,AVENUE DE SUFFREN,0,,2,2,0,1,(1),(1),1,, -1,1,0,1,50,9,3,1,75,75115,2,4,0,3,AVENUE DE SUFFREN,48.852258,2.299193,13,2,2
202100037686,134Â 298,A01,2,2,1,5,2,8,-1,0,0,-1,2021,61.0,2,1,0,0,0,1,1,,1,66,-1,A,1,4,3,1,17,100,1,, -1,1,0,1,130,30,5,1,31,31220,1,1,0,7,"Point kilomÃ©trique 18+500, a66",43.308649,1.65141,11,2,1
202100010899,182Â 245,B01,1,1,2,0,8,4,-1,-1, -1,-1,2021,36.0,1,1,0,2,1,1,5,,3,THIVET (AVENUE),0,,2,2,1,1,(1),(1),1,, -1,2,9,5,50,25,10,1,50,50129,2,1,0,3,THIVET (AVENUE),49.63537,-1.656665,8,2,2
202100043760,123Â 466,B01,1,1,1,5,2,6,-1,-1, -1,-1,2021,17.0,2,1,0,2,1,1,1,,4,FRANCIS JAMMES (RUE),0,,2,2,0,1,0,0,1,, -1,1,0,1,30,14,4,1,64,64122,2,2,0,3,FRANCIS JAMMES (RUE),43.462,-1.5543,12,2,2
202100012634,179Â 130,A01,1,1,2,3,2,6,-1,-1, -1,-1,2021,20.0,1,1,1,0,1,1,0,,4,QUINZIEME CORPS (RUE DU),0,,2,2,0,1,0,0,1,, -1,1,0,3,30,17,10,1,83,83069,2,1,0,2,QUINZIEME CORPS (RUE DU),43.122244974,6.1414217949,11,2,2
202100012420,179Â 507,A01,1,1,1,4,1,8,-1,-1, -1,-1,2021,54.0,1,2,0,2,8,15,1,,4,MINOTERIE (RUE DE LA),0,,2,2,0,1,0,0,1,, -1,1,9,1,50,14,10,1,67,67482,2,1,0,3,MINOTERIE (RUE DE LA),48.57939,7.79074,15,3,2
202100027110,153Â 255,A01,2,2,2,5,1,-1,-1,0,0,-1,2021,50.0,2,2,6,0,2,1,1,,3,1508,-1,,2,2,0,1,55,900,1,, -1,1,0,3,-1,25,7,1,74,74104,2,1,0,6,3728 Rte d Annecy,45.810106,6.210639,19,3,1
202100028926,150Â 026,B01,1,1,1,0,2,6,-1,0,0,-1,2021,59.0,2,1,0,2,3,1,1,,1,A8,0,,3,5,0,1,170,940,1,, -1,2,7,1,110,16,7,1,6,6155,1,1,1,3,"A8, PK 170.940, ChaussÃ©e NORD",43.604608,7.065673,13,3,2
202100053033,106Â 926,B01,3,2,1,0,1,0,-1,-1, -1,-1,2021,14.0,1,2,0,2,4,2,1,,2,104,0,,1,2,0,1,45,389,1,, -1,2,0,1,90,30,1,3,91,91549,1,1,1,2,RN 104,48.62581,2.33843,19,4,2
202100018389,168Â 753,A01,10,3,2,5,0,-1,-1,4,3,1,2021,56.0,1,2,0,1,1,1,2,,3,REPUBLIQUE (BOULEVARD DE LA),0,,2,2,0,1,0,405,1,, -1,1,0,1,50,17,9,1,6,6029,2,1,0,6,REPUBLIQUE (BOULEVARD DE LA),43.555839,7.024232,14,2,1
202100040309,129Â 552,A01,3,2,1,0,8,0,-1,-1, -1,-1,2021,3.0,2,2,0,2,7,15,1,,7,LOUIS GIRARDET                      (R ),0,,2,2,0,1,61,900,1,, -1,1,5,1,50,11,5,1,69,69199,2,2,0,3,LOUIS GIRARDET (R),45.7055340489,4.8554557576,18,4,2
202100007872,187Â 669,A01,2,1,1,9,8,0,-1,-1, -1,-1,2021,21.0,1,1,0,2,1,1,1,,3,ROSNY (AV. DE),0,,2,2,0,1,1,0,1,, -1,1,0,1,50,16,11,1,93,93053,2,1,0,3,ROSNY (AV. DE),48.8953315778,2.4705257754,11,2,2
202100005731,191Â 554,A01,2,2,1,5,1,0,-1,-1, -1,-1,2021,38.0,1,2,3,0,1,16,2,,1,AUTOROUTE A1,0,,1,8,0,1,1,0,1,, -1,1,0,1,90,29,11,5,93,93066,1,1,0,6,AUTOROUTE A1,48.9103099064,2.3579760625,7,2,1
202100021275,163Â 626,A01,1,1,2,0,1,0,-1,-1, -1,-1,2021,19.0,1,2,14,0,2,14,1,,3,Rocade EST,0,,2,2,0,1,1,500,1,, -1,1,0,3,80,2,9,3,10,10297,1,1,0,6,Rocade EST,48.31326,4.11315,23,1,1
202100011726,180Â 770,B01,1,1,1,0,2,-1,-1,0,0,-1,2021,16.0,2,1,0,2,1,1,1,,3,159,2,D,2,2,0,1,19,800,1,, -1,1,0,1,50,22,10,5,88,88367,2,3,0,1,Rue Carnot,48.34406,6.635088,19,2,2
202100031912,144Â 710,A01,1,1,1,9,2,6,-1,-1, -1,-1,2021,19.0,2,1,0,2,1,1,1,,4,LAFERRIERE(AVENUE),0,,2,2,0,1,1,0,1,, -1,2,0,1,50,27,6,5,94,94028,2,1,1,1,Avenue LaferriÃ¨re,48.79969,2.454787,22,2,2
202100003508,195Â 475,A01,3,2,2,5,3,0,-1,-1, -1,-1,2021,2.0,2,2,0,2,2,0,1,,1,A4,0,,1,4,0,1,10,0,3,, -1,1,0,1,90,11,12,3,94,94017,1,1,0,2,A4,48.8266507839,2.5161742429,2,4,2
202100000888,200Â 159,B01,1,1,2,1,8,0,-1,0,0,-1,2021,29.0,1,1,0,2,2,1,5,,4,RUE DES PYRENEES,0,,2,2,0,2,(1),(1),1,, -1,2,0,1,30,30,12,5,75,75120,2,1,0,6,RUE DES PYRENEES,48.869612,2.394799,7,2,2
202100028758,150Â 318,A01,1,1,1,0,0,-1,-1,0,0,-1,2021,31.0,2,2,13,0,5,1,1,,3,3,-1,,2,2,0,2,85,87,2,, -1,2,0,3,90,16,7,1,988,98808,1,1,1,6,RPN3 - HOUAILOU,-21.374871,165.684943,10,1,1
202100044659,121Â 886,B01,1,1,2,3,1,8,-1,-1, -1,-1,2021,24.0,1,2,0,1,4,26,1,,3,RTE DE MONTLHERY,0,,3,2,0,2,0,0,1,, -1,1,0,1,50,6,4,1,91,91347,2,1,0,2,RTE DE MONTLHERY,48.63418,2.29298,18,3,2
202100015198,174Â 540,A01,1,1,1,0,2,4,-1,-1, -1,-1,2021,61.0,2,1,0,2,1,1,1,,1,AUTOROUTE A6,0,,1,3,0,1,15,550,1,, -1,1,0,1,110,5,10,1,91,91345,1,1,0,2,AUTOROUTE A6,48.68876,2.32466,14,2,2
202100025931,155Â 330,A01,1,1,1,5,1,-1,-1,0,0,-1,2021,39.0,3,2,0,2,7,9,1,,3,749,-1,,2,2,0,2,58,300,1,,4,2,0,1,80,3,8,1,37,37004,1,2,1,3,,47.1307715109,0.2978777254,13,3,2
202100027864,151Â 906,D01,1,1,1,5,1,-1,-1,-1, -1,-1,2021,40.0,2,2,0,2,1,2,1,,1,AUTOROUTE A 10,0,,3,6,0,1,530,979,1,, -1,1,0,1,110,21,7,3,33,33143,1,1,0,4,AUTOROUTE A 10,44.974968,-0.433433,3,7,4
202100043787,123Â 414,A01,1,1,1,1,1,0,-1,0,0,-1,2021,32.0,2,2,0,2,1,2,1,,4,BOULEVARD PERIPHERIQUE,0,,1,4,0,1,25,900,1,, -1,1,0,1,70,15,4,2,75,75119,2,1,0,2,BOULEVARD PERIPHERIQUE,48.896328,2.394569,18,2,2
202100055983,101Â 822,A01,1,1,2,0,1,-1,-1,0,0,-1,2021,34.0,0,2,0,2,1,1,1,,3,1075,0,D,2,2,0,1,26,800,1,, -1,1,0,1,80,8,1,2,38,38543,1,4,1,1,Route des Alpes,45.6478677473,5.4898166656,8,2,2
202100053978,105Â 265,A01,1,1,1,3,1,0,-1,-1, -1,-1,2021,93.0,1,2,8,2,1,1,0,,3,GALLIENI (AV.) CONFORAMA 53,0,,3,1,0,1,0,1,1,, -1,2,0,1,50,23,1,1,93,93010,2,2,1,3,GALLIENI (AV.) CONFORAMA 53,48.9056064155,2.4770073411,15,2,2
202100004183,194Â 278,B01,1,1,1,1,1,-1,-1,0,0,-1,2021,57.0,3,2,3,2,8,1,1,,7,96,0,D,2,2,1,2,0,0,2,, -1,1,0,1,80,9,12,2,13,13013,1,1,0,3,D96,43.415445,5.581806,7,2,2
202100031524,145Â 413,A01,9,2,1,5,1,-1,-1,0,0,-1,2021,18.0,1,2,1,0,1,0,1,,3,954,-1,,2,2,0,2,(1),(1),3,, -1,1,0,4,80,20,5,5,59,59411,2,4,0,6,4 Rue des 2 Villes,50.483569,3.087128,3,3,1
202100042043,126Â 473,B01,1,1,2,5,8,0,-1,-1, -1,-1,2021,78.0,1,1,1,0,2,1,5,,4,CARNOT   AVENUE,0,,2,4,1,1,(1),(1),1,, -1,1,0,1,50,29,4,1,17,17300,2,1,0,3,CARNOT   AVENUE,46.16454,-1.17825,13,2,2
202100049165,113Â 874,B01,2,2,1,4,1,-1,-1,0,0,-1,2021,56.0,1,5,3,1,1,21,1,,1,6,0,,3,5,0,1,390,150,1,, -1,1,0,1,130,5,3,3,71,71105,1,1,0,6,A6 PK 390.100 sens PARIS-LYON,46.298085,4.792142,19,6,2