Num_Acc,id_vehicule,num_veh,place,catu,sexe,trajet,secu1,secu2,secu3,locp,actp,etatp,year_acc,victim_age,senc,catv,obs,obsm,choc,manv,motor,occutc,catr,voie,v1,v2,circ,nbv,vosp,prof,pr,pr1,plan,lartpc,larrout,surf,infra,situ,vma,jour,mois,lum,dep,com,agg_,int,atm,col,adr,lat,long,hour,nb_victim,nb_vehicules
202100012820,178Â 805,A01,1,1,1,5,2,-1,-1,-1, -1,-1,2021,50.0,3,1,0,2,1,1,1,,4,EAUPLET. RUE D',0,,3,4,0,1,0,0,1,, -1,1,0,1,50,16,10,1,76,76681,1,1,0,2,EAUPLET. RUE D',49.4208098964,1.1042458111,17,3,2
202100021816,162Â 627,A01,1,1,1,0,2,6,-1,-1, -1,-1,2021,51.0,2,1,1,0,1,1,1,,4,ERNEST RENAN (R),0,,1,1,1,1,27,0,1,, -1,1,0,1,50,29,8,5,94,94003,2,1,0,6,Rue Ernest Renan,48.80939,2.33543,21,1,1
202100029832,148Â 465,A01,1,1,1,9,2,0,-1,0,0,-1,2021,32.0,2,1,0,2,1,5,5,,4,QUAI DES TUILERIES,0,,1,3,0,1,(1),(1),1,, -1,1,0,1,50,9,7,5,75,75101,2,1,0,1,QUAI DES TUILERIES,48.861806,2.327205,0,2,2
202100004401,193Â 891,B01,1,1,2,1,2,0,-1,0,0,-1,2021,57.0,2,1,0,2,1,23,1,,4,RUE DE GERGOVIE,0,,2,2,0,1,(1),(1),1,, -1,1,0,1,30,6,12,1,75,75114,2,1,0,2,RUE DE GERGOVIE,48.832488,2.316871,9,2,2
202100056515,100Â 887,A01,1,1,1,5,1,-1,-1,0,0,-1,2021,58.0,1,2,6,0,1,1,1,,3,520,0,D,2,2,0,1,46,2,1,, -1,5,0,3,80,1,1,1,38,38405,1,1,1,6,D520,45.380291,5.704914,10,1,1
202100018492,168Â 579,B01,1,1,1,2,2,-1,-1,0,0,-1,2021,17.0,1,1,0,2,7,1,1,,3,37,-1,,2,2,0,1,22,677,3,, -1,1,0,1,50,17,9,1,34,34135,2,3,1,3,avenue de nissan,43.27454,3.171055,8,2,2
202100012587,179Â 220,A01,1,1,2,5,1,-1,-1,0,0,-1,2021,38.0,2,2,0,2,1,2,1,,3,44,-1,,2,2,0,1,24,600,1,, -1,1,0,1,50,18,10,1,60,60589,2,6,0,2,route dÃ©partementale 44,49.205665,2.463155,10,4,2
202100025846,155Â 487,A01,1,1,2,5,8,0,-1,-1, -1,-1,2021,23.0,1,2,0,2,6,2,1,,1,6,0,,3,3,0,1,17,700,1,, -1,1,0,1,110,3,8,1,91,91589,1,1,0,2,AUTOROUTE A6,48.67507,2.34152,15,2,2
202100033290,142Â 260,A01,1,1,1,5,8,-1,-1,-1,0,-1,2021,45.0,1,2,4,0,1,13,1,,1,AUTOROUTE A15,0,,3,6,0,2,10,0,2,, -1,2,0,1,110,19,6,3,95,95582,1,1,1,6,AUTOROUTE A15,48.97528,2.24239,23,1,1
202100051942,108Â 860,B01,1,1,1,0,8,0,-1,-1, -1,-1,2021,36.0,1,1,0,2,4,1,1,,3,JAURES (AVENUE JEAN) DE 28 A 62,0,,2,2,0,1,0,1,1,, -1,1,0,1,50,9,2,1,93,93013,2,3,0,2,JAURES (AVENUE JEAN) DE 28 A 62,48.9317,2.42776,12,2,2
202100026887,153Â 657,B01,1,1,1,1,2,6,-1,0,0,-1,2021,40.0,1,1,0,2,1,1,1,,3,931,0,,2,1,0,3,65,900,1,,3,1,0,1,80,28,7,1,32,32296,1,2,0,3,D931,43.754349,-0.048301,18,2,2
202100036421,136Â 602,A01,4,2,2,0,8,0,-1,-1, -1,-1,2021,3.0,1,2,0,2,1,26,1,,4,ARBRISSEL,0,,2,2,0,1,1,0,1,, -1,2,0,1,50,4,6,1,49,49007,2,1,1,2,ARBRISSEL,47.4435,-0.5562,13,3,2
202100025390,156Â 273,A01,1,1,1,1,2,-1,-1,0,0,-1,2021,55.0,2,1,7,0,1,1,1,,3,925,-1,,2,2,2,1,1,125,3,, -1,1,-1,1,50,7,8,3,73,73099,2,1,0,6,RD 925,45.4484831045,6.0970903071,0,1,1
202100043427,124Â 036,B01,2,2,1,5,2,0,-1,-1, -1,-1,2021,18.0,2,1,0,2,3,0,1,,4,DUME D'APLEMONT,0,,2,2,0,1,(1),(1),1,, -1,1,0,1,50,17,4,1,76,76351,2,2,0,3,DUME D'APLEMONT,49.4975,0.12569,14,3,2
202100041037,128Â 262,B01,1,1,2,1,2,8,-1,-1, -1,-1,2021,26.0,1,1,0,2,1,2,1,,1,A507 sens Marseille - Aubagne,0,,1,4,0,1,8,289,1,, -1,1,1,1,70,6,5,1,13,13055,1,1,0,2,A507 sens Marseille - Aubagne,43.29069,5.42418,7,3,3
202100004292,194Â 087,A01,1,1,1,9,8,0,-1,0,0,-1,2021,19.0,1,1,0,0,0,21,5,,4,BOULEVARD DE GRENELLE,0,,1,1,1,2,(1),(1),1,, -1,2,-1,5,30,7,12,1,75,75115,2,3,0,7,BOULEVARD DE GRENELLE,48.853964,2.289099,15,1,1
202100049552,113Â 185,A01,1,1,1,4,1,-1,-1,0,0,-1,2021,37.0,2,4,0,0,0,14,6,,1,88,-1,,3,4,0,1,10,100,1,, -1,1,0,3,130,2,3,2,61,61256,1,1,0,7,a 88 PK 010+100,48.663536,0.06772,7,1,1
202100049329,113Â 589,B01,1,1,1,2,2,6,-1,0,0,-1,2021,21.0,1,1,0,2,1,1,1,,7,17,-1,D,2,2,0,2,0,500,1,, -1,1,0,1,50,5,2,1,6,6066,1,1,0,1,Route de Gilette,43.84013,7.190198,12,2,2
202100031322,145Â 753,A01,1,1,1,5,1,8,-1,-1, -1,-1,2021,42.0,2,5,3,0,1,1,1,,4,8 MAI 1945 (AV DU),0,,2,2,0,2,1,0,2,, -1,1,0,4,50,2,7,1,94,94004,2,1,0,6,8 MAI 1945 (AV DU),48.75838,2.50364,13,1,1
202100037696,134Â 282,A01,2,2,1,5,1,-1,-1,0,0,-1,2021,21.0,1,2,9,0,1,14,1,,3,159,0,D,2,2,0,1,10,73,3,, -1,1,2,1,50,30,5,3,201,201288,1,1,0,6,D159,41.571159,9.185134,1,2,1
202100019472,166Â 830,B01,1,1,1,0,2,0,-1,-1, -1,-1,2021,27.0,2,1,0,2,1,1,1,,3,CHATELET (RUE DU),0,,2,2,0,3,56,100,1,, -1,1,5,1,50,11,9,5,74,74133,2,2,0,3,CHATELET (RUE DU),46.18859,6.21564,23,3,2
202100042595,125Â 485,B01,1,1,1,1,8,0,-1,0, -1,-1,2021,33.0,1,1,0,2,1,13,5,,4,LIBERATION AVENUE DE LA,0,,2,2,0,1,(1),(1),1,, -1,1,8,1,50,23,4,1,29,29232,2,1,0,1,Avenue de la Liberation,47.99253,-4.08247,13,3,2
202100038794,132Â 270,B01,2,2,1,0,1,0,-1,-1, -1,-1,2021,43.0,3,2,0,2,4,0,1,,4,ROMAIN ROLLAND (ALLEE),0,,3,2,1,1,0,0,1,, -1,2,0,1,50,22,5,1,93,93014,2,1,1,2,AllÃ©e Romain Rolland,48.9045,2.55138,14,4,2
202100021200,163Â 764,A01,1,1,1,5,1,0,-1,-1, -1,-1,2021,24.0,1,2,0,0,1,14,1,,1,5A,0,,1,2,0,1,8,304,2,, -1,1,3,3,90,3,9,1,77,77495,1,1,0,7,RN 105,48.59317,2.62374,12,1,1
202100020183,165Â 559,A01,1,1,1,0,8,-1,-1,0,0,-1,2021,59.0,2,2,2,0,1,14,1,,2,532,-1,,3,4,0,1,7,190,3,, -1,1,3,3,110,9,9,3,26,26313,1,1,0,6,LACRA,44.964377,4.958707,0,1,1
202100025710,155Â 727,A01,1,1,2,1,1,-1,-1,-1,0,-1,2021,57.0,1,2,0,2,4,2,1,,3,ARSONVAL (RUE D'),0,,3,3,0,2,1,600,1,, -1,2,-1,1,50,3,8,1,95,95277,2,1,1,2,RD 970,48.99102,2.45657,8,2,2
202100013255,178Â 047,B01,3,2,2,0,8,0,-1,0,0,-1,2021,58.0,1,3,0,2,8,1,1,5.0,4,QUATRE EGLISES (RUE,0,,2,3,3,1,(1),(1),1,, -1,1,0,1,30,7,10,5,54,54395,2,2,0,7,QUATRE EGLISES (RUE,48.6865,6.18423,19,6,2
202100049341,113Â 563,A01,1,1,1,1,1,0,-1,-1, -1,-1,2021,43.0,1,2,0,2,1,2,1,,2,385,0,,1,2,0,1,57,939,1,, -1,1,0,1,90,3,3,1,92,92060,1,1,0,2,RN385,48.7757189295,2.2383275765,11,2,2
202100036909,135Â 726,A01,1,1,2,1,1,-1,-1,0,0,-1,2021,22.0,2,2,0,2,3,1,1,,3,150,0,,2,2,0,1,3,500,3,, -1,1,0,1,80,3,6,1,53,53258,1,1,0,1,D150,47.830593,-1.044496,17,2,2
202100036422,136Â 601,A01,1,1,2,5,8,0,-1,-1, -1,-1,2021,79.0,1,0,0,0,2,26,3,,4,HARAS ALLEE ET RUE,0,,2,2,0,1,1,0,1,, -1,1,0,1,50,1,6,1,49,49007,2,1,0,7,HARAS ALLEE ET RUE,47.46501,-0.54919,15,1,1
202100043238,124Â 372,A01,10,3,2,9,0,-1,-1,3,3,1,2021,69.0,1,2,0,1,0,15,1,,4,,-1,,1,1,0,1,(1),(1),1,, -1,1,9,1,50,21,4,1,65,65025,2,3,0,6,13 Rue du Docteur Bergugnat,43.009147,-0.099542,16,2,1
202100045573,120Â 271,A01,10,3,2,3,0,-1,-1,9,3,1,2021,76.0,1,5,0,1,4,20,1,,6,BARTHES (CHEMIN DES),0,,-1,-1,0,1,0,0,1,, -1,1,9,8,20,31,3,1,64,64102,2,9,0,6,BARTHES (CHEMIN DES),43.4954,-1.49415,11,2,1
202100028540,150Â 705,B01,1,1,2,5,8,-1,-1,0,0,-1,2021,65.0,2,2,0,2,3,1,1,,3,15,-1,,2,2,0,1,6,0,2,, -1,1,0,1,90,17,7,1,3,3178,1,1,0,3,le tonkin RD 15,46.253035,3.803415,14,4,2
202100042713,125Â 285,A01,10,3,2,5,0,-1,-1,3,3,2,2021,9.0,1,2,0,1,3,16,1,,4,GENERAL JOINVILLE,0,,2,1,0,1,0,1,3,, -1,1,9,1,50,24,4,1,93,93066,2,6,0,6,GENERAL JOINVILLE,48.93549,2.3679,20,2,1
202100010793,182Â 445,A01,10,3,2,1,0,-1,-1,2,1,1,2021,34.0,3,2,0,1,0,0,0,,3,206,-1,,2,2,0,1,5,750,1,, -1,1,0,1,50,28,10,2,7,7010,2,1,0,6,32 Rue Melchior de VoguÃ«,45.241725,4.668267,6,2,1
202100034301,140Â 425,B01,1,1,2,4,1,0,-1,-1, -1,-1,2021,53.0,2,2,0,2,4,15,1,,9,JUIN MARECHAL,0,,2,2,0,1,(1),(1),1,, -1,1,0,1,50,15,6,1,11,11069,2,1,0,2,JUIN MARECHAL,43.20936,2.38004,14,2,2
202100039976,130Â 135,A01,1,1,2,3,2,8,-1,-1, -1,-1,2021,25.0,1,1,0,0,8,1,1,,3,,0,,-1,0,0,1,0,0,1,, -1,2,0,1,50,14,5,1,92,92040,2,1,1,7,Rue Aristide Briand,48.8211922432,2.2564596543,13,1,1
202100000992,199Â 984,A01,10,3,2,5,0,-1,-1,1,3,1,2021,75.0,1,2,0,1,1,1,1,,4,STANISLAS (RUE),0,,1,3,0,1,(1),(1),1,, -1,2,0,1,50,29,12,1,68,68374,2,1,1,6,STANISLAS (RUE),48.07923,7.32056,12,2,1
202100009324,185Â 037,A01,1,1,1,9,8,0,-1,-1, -1,-1,2021,16.0,0,1,0,0,0,26,0,,4,,0,,1,2,0,3,0,0,3,, -1,1,1,1,50,5,11,1,92,92026,2,9,0,7,COUPOLE-REGNAULT (PARKINGS),48.8947151206,2.2433459759,13,1,1
202100029850,148Â 437,A01,1,1,2,0,1,5,-1,-1, -1,-1,2021,28.0,2,2,8,0,3,9,1,,4,JAURES (AVENUE JEAN),0,,2,2,0,1,0,0,1,, -1,1,9,1,50,9,7,1,93,93008,2,1,0,3,JAURES (AVENUE JEAN),48.9053855587,2.4393190756,13,2,2
202100029891,148Â 368,A01,2,2,2,5,1,-1,-1,0,0,-1,2021,73.0,1,2,0,2,3,1,1,,3,751,-1,,2,2,0,2,57,620,1,, -1,1,0,1,90,8,7,1,37,37067,1,1,0,1,,47.2529733248,0.4543083208,13,3,2
202100041202,127Â 957,A01,10,3,1,0,0,-1,-1,5,9,1,2021,30.0,0,5,0,1,0,0,1,,4,,-1,,1,1,0,2,(1),(1),1,, -1,1,0,4,50,7,5,1,69,69244,2,1,0,6,VICTOR HUGO (AV),45.7699412816,4.7884478941,16,2,1
202100042849,125Â 076,B01,1,1,1,5,2,0,-1,-1, -1,-1,2021,69.0,1,1,0,2,1,1,5,,3,RD810,0,,2,5,1,1,28,399,1,, -1,1,0,5,50,23,4,1,64,64545,2,1,0,3,RD810,43.3747,-1.67917,9,2,2
202100040933,128Â 455,B01,1,1,1,5,2,6,-1,0,0,-1,2021,34.0,1,1,0,2,1,1,1,,4,BOUDIN (RUE EUGENE),0,,2,2,0,1,1,0,1,, -1,1,0,1,50,6,5,1,14,14118,2,2,0,6,Rue EugÃ¨ne Boudin,49.1939,-0.3844,20,1,2
202100013373,177Â 832,B01,1,1,1,0,1,0,-1,-1, -1,-1,2021,33.0,2,2,0,2,0,0,1,,1,AUTOROUTE A86,0,,3,3,0,3,18,600,2,, -1,1,0,1,70,13,10,1,93,93027,1,1,0,5,AUTOROUTE A86,48.9281222552,2.4177539349,13,4,4
202100019350,167Â 044,A01,1,1,1,5,1,0,-1,0,0,-1,2021,22.0,1,2,0,2,9,19,1,,3,,0,,-1,2,0,1,1,0,2,, -1,1,9,1,30,12,9,1,14,14271,1,6,0,3,HARCOURT (ROUTE D'),49.13352,-0.37752,20,5,2
202100027611,152Â 372,A01,2,2,1,3,0,-1,-1,0,0,-1,2021,5.0,1,2,2,0,3,1,1,,3,D2,-1,E,2,2,0,1,1,940,3,, -1,1,0,1,70,23,7,1,33,33314,1,1,0,6,Boulevard Halimbourg,45.222383,-0.748176,10,2,1
202100008070,187Â 308,A01,1,1,1,0,2,8,-1,-1, -1,-1,2021,39.0,2,1,0,2,1,13,1,,3,,0,,2,2,0,1,1,0,1,, -1,1,0,1,50,14,11,1,92,92025,2,9,0,2,RENOUILLERS  (RUE DES),48.92369,2.236826,15,2,2
202100029585,148Â 906,B01,1,1,2,1,8,-1,-1,-1, -1,-1,2021,31.0,2,2,0,2,7,2,1,,1,AUTOROUTE A43                       (XX),0,,1,1,0,2,3,500,3,, -1,1,3,1,50,10,7,1,69,69029,1,3,0,3,UNIVERSITE  (DE L') (BD),45.72522,4.92476,17,2,2
202100014209,176Â 294,B01,1,1,2,5,2,6,-1,0,0,-1,2021,37.0,1,1,0,2,2,15,1,,4,RUE DE VIENNE,0,,1,1,1,1,(1),(1),1,, -1,1,0,1,30,9,10,1,75,75108,2,2,0,3,RUE DE VIENNE,48.876856,2.321674,12,2,2
202100053381,106Â 306,A01,1,1,1,0,1,-1,-1,0,0,-1,2021,52.0,1,2,0,2,1,1,1,,2,7,0,,3,2,0,1,54,351,1,, -1,1,0,1,70,29,1,3,26,26124,1,4,0,3,Route Nationale 7,44.847791,4.851966,19,3,2
202100013584,177Â 436,A01,10,3,1,2,0,-1,-1,4,3,1,2021,12.0,1,3,0,1,2,1,1,1.0,4,JEAN JAURES                         (AV),0,,1,2,3,1,(1),(1),1,, -1,1,0,1,50,12,10,1,69,69387,2,2,0,6,JEAN JAURES (AV),45.7482779484,4.843685925,16,2,1
202100032201,144Â 201,A01,10,3,1,5,-1,-1,-1,6,2,3,2021,19.0,1,1,0,1,2,14,1,,3,,-1,,2,1,0,1,(1),(1),1,,3,1,0,3,50,27,6,1,976,97608,1,1,0,6,Route des Badamiers,-12.776349,45.282029,17,3,1
202100039747,130Â 536,A01,9,2,1,9,8,-1,-1,0,0,-1,2021,36.0,1,2,13,0,1,1,1,,3,18,0,D,2,2,0,1,0,258,1,, -1,2,0,8,80,16,5,2,31,31329,1,1,1,6,Montcalvel,43.478506,1.816794,21,4,1
202100010385,183Â 148,A01,1,1,1,5,2,8,-1,-1, -1,-1,2021,37.0,2,1,0,0,0,26,4,,3,912,0,,2,2,0,1,0,0,1,, -1,1,0,1,30,29,10,5,92,92024,2,1,0,7,VICTOR HUGO (BD),48.8994241727,2.3136810731,0,1,1
202100011381,181Â 379,B01,1,1,2,9,1,0,-1,-1, -1,-1,2021,34.0,1,2,0,2,1,1,1,,1,A87N,0,,3,4,0,1,2,0,1,, -1,1,0,1,80,23,10,1,49,49267,2,1,0,4,A87N,47.48502,-0.49792,16,3,3
202100042621,125Â 440,A01,1,1,1,3,1,-1,-1,0,0,-1,2021,37.0,2,2,2,0,3,1,1,,3,49,0,D,2,2,0,1,4,175,2,, -1,1,0,3,80,26,4,1,41,41282,1,1,0,6,D49,47.378552,1.792826,13,3,1
202100048898,114Â 354,A01,1,1,2,3,1,5,-1,0,0,-1,2021,37.0,1,2,0,2,8,15,1,,7,826,-1,,2,2,3,1,5,154,2,, -1,1,5,6,50,5,3,1,31,31044,2,6,0,3,Rond-point Nollet,43.590677,1.511214,16,2,2
202100039332,131Â 293,A01,1,1,1,0,1,5,-1,-1, -1,-1,2021,44.0,1,2,8,2,9,16,0,,4,BOURDONS   (CHEMIN DES),0,,2,2,0,1,1,0,1,, -1,1,0,1,30,18,5,1,93,93032,2,2,0,3,BOURDONS   (CHEMIN DES),48.88817,2.5293,9,2,2
202100055088,103Â 346,A01,1,1,1,0,1,0,-1,-1, -1,-1,2021,45.0,2,2,8,0,4,2,1,,3,DANIELLE CASANOVA (RUE)  59 =>,0,,2,2,0,1,0,1,1,, -1,1,0,1,50,14,1,1,93,93001,2,1,0,2,Rue Danielle Casanova,48.91889,2.390444,8,2,2
202100036762,135Â 993,B01,1,1,1,4,8,0,-1,-1, -1,-1,2021,19.0,1,5,0,2,1,1,0,,7,EUROPE (DE L')                      (BD),0,,1,2,0,1,3,0,1,, -1,1,9,1,50,1,6,1,69,69152,2,1,0,2,EUROPE (DE L')                      (BD),45.70345,4.8208,19,2,2
202100022191,161Â 978,B01,1,1,1,5,2,-1,-1,0,0,-1,2021,48.0,1,1,0,2,3,19,5,,3,337,0,D,2,3,0,1,9,400,1,, -1,1,0,1,80,27,8,1,69,69036,1,3,0,1,D337,46.119124,4.661116,16,2,2
202100031046,146Â 247,A01,1,1,1,5,2,6,-1,-1, -1,-1,2021,15.0,2,1,0,2,0,0,1,,4,VERDUN ( AVENUE DE ),0,,-1,2,0,1,(1),(1),1,, -1,1,0,1,50,1,7,1,62,62035,2,1,0,3,VERDUN ( AVENUE DE ),50.533768,2.619507,16,2,2
202100045714,120Â 033,B01,1,1,1,4,2,4,-1,-1, -1,-1,2021,33.0,2,1,0,2,4,2,1,,7,RD383   3.750 A 7.640,0,,3,3,0,1,6,900,1,, -1,1,0,1,70,31,3,5,69,69266,1,1,0,2,RD383 ,45.75591,4.90877,23,2,2
202100001612,198Â 917,A01,1,1,1,0,2,0,-1,-1, -1,-1,2021,32.0,3,1,0,2,2,10,1,,4,ELIE WIESEL (BD),0,,1,2,0,1,(1),(1),1,, -1,1,0,1,50,22,12,5,13,13210,2,1,0,3,ELIE WIESEL (BD),43.2715784182,5.4223770456,17,2,2
202100041619,127Â 211,A01,1,1,1,1,2,6,-1,0,0,-1,2021,16.0,1,1,0,2,1,0,1,,4,,-1,,2,2,0,1,(1),(1),1,,7,2,0,1,70,4,5,1,79,79049,2,2,1,2,199 Boulevard de Poitiers (Saint-Porchaire),46.833745,-0.454195,17,2,2
202100015361,174Â 254,A01,1,1,2,1,2,6,-1,0,0,-1,2021,33.0,1,1,0,2,8,2,1,,4,QUAI DES CELESTINS,0,,1,2,0,1,(1),(1),2,, -1,2,0,1,30,2,10,1,75,75104,2,2,1,2,QUAI DES CELESTINS,48.851064,2.362256,17,2,2
202100008085,187Â 283,B01,1,1,2,5,2,6,-1,0,0,-1,2021,16.0,0,1,0,2,1,1,1,,3,1089,-1,,2,2,0,1,12,50,1,, -1,2,0,1,50,15,11,3,42,42200,2,1,1,3,125 Avenue du Forez,45.645120869,4.2573618293,19,2,2
202100004575,193Â 598,B01,1,1,1,0,2,6,-1,0,0,-1,2021,15.0,1,1,0,2,1,1,1,,3,,-1,,2,2,0,1,(1),(1),1,,4,1,0,1,50,6,12,2,68,68182,2,3,0,1,Rue Principale,47.495988,7.485614,17,2,2
202100049726,112Â 863,B01,1,1,2,5,1,-1,-1,0,0,-1,2021,33.0,2,2,15,2,3,1,1,,4,,-1,,2,2,0,2,(1),(1),1,, -1,1,0,1,50,2,3,1,60,60504,2,1,0,1,322 Rue de la Vigne au Mai,49.343226,2.198263,16,3,2
202100037252,135Â 092,A01,1,1,1,9,2,6,-1,-1, -1,-1,2021,59.0,2,1,0,2,1,15,1,,4,ALL DU PR CAMILLE SOULA,0,,2,1,0,1,(1),(1),1,, -1,1,9,1,50,3,5,1,31,31555,2,3,0,1,ALL DU PR CAMILLE SOULA,43.58438,1.438,17,2,2
202100012957,178Â 576,B01,1,1,2,5,1,-1,-1,0,0,-1,2021,19.0,2,2,0,2,1,1,1,,3,440,-1,,2,2,0,1,1,200,1,, -1,1,0,1,80,15,10,2,10,10323,1,1,0,1,rd440,48.528628,3.735223,19,3,2
202100045556,120Â 309,A01,1,1,1,2,2,-1,-1,-1, -1,-1,2021,20.0,2,1,0,0,7,9,1,,3,STADE (RUE DU),0,,2,2,0,1,9,486,1,, -1,9,0,1,50,1,4,1,79,79081,2,1,0,7,Rue du Stade,46.34567,-0.37585,9,1,1
202100049216,113Â 780,A01,1,1,1,0,2,0,-1,-1, -1,-1,2021,20.0,3,1,0,2,1,1,1,,4,SAINT ANTOINE (CHEMIN),0,,2,2,0,1,(1),(1),1,, -1,1,0,1,50,4,3,1,973,97302,2,1,0,3,SAINT ANTOINE (CHEMIN),4.93135,-52.29767,13,3,2
202100026391,154Â 518,B01,1,1,1,5,2,6,-1,0,0,-1,2021,23.0,1,1,0,2,1,1,1,,3,93,0,D,2,2,0,2,5,360,1,, -1,1,0,1,70,30,7,1,83,83101,1,1,0,1,4363 Route des Plages,43.231677,6.652112,21,2,2
202100007341,188Â 632,B01,1,1,2,1,2,8,-1,0,0,-1,2021,39.0,1,0,0,2,0,21,3,,4,AVENUE D ITALIE,0,,2,1,1,1,(1),(1),1,, -1,1,-1,5,30,19,11,1,75,75113,2,3,0,7,AVENUE D ITALIE,48.820409,2.359091,11,2,2
202100030498,147Â 256,A01,1,1,1,0,1,0,-1,-1, -1,-1,2021,46.0,1,2,0,2,1,2,1,,1,A7-Sens Lyon vers Marseille,0,,-1,3,0,1,276,500,1,, -1,1,0,1,90,6,7,1,13,13215,1,1,0,2,A7-Sens Lyon vers Marseille,43.35487,5.36396,17,3,3
202100009384,184Â 925,A01,1,1,1,5,1,0,-1,-1, -1,-1,2021,23.0,1,2,2,0,1,0,1,,2,RN 104,0,,3,2,0,1,55,500,1,, -1,2,0,3,110,5,11,3,91,91363,1,1,0,6,RN 104,48.64022,2.20076,5,1,1
202100029702,148Â 707,C01,1,1,2,5,2,6,9,0,0,-1,2021,55.0,1,1,0,2,8,26,1,,3,D943,0,D,2,2,0,1,(1),(1),1,, -1,1,0,1,80,11,7,1,84,84118,1,1,0,5,dÃ©partementale D943,43.9429,5.377636,11,3,3
202100054208,104Â 854,B01,1,1,2,4,2,0,-1,-1, -1,-1,2021,49.0,2,1,0,2,8,15,0,,3,HOUGA (AV DU),0,,2,2,1,1,1,0,1,, -1,2,0,1,50,18,1,1,40,40192,2,1,0,2,HOUGA (AV DU),43.88321,-0.48961,12,2,2
202100017290,170Â 745,B01,1,1,1,5,2,6,-1,0,0,-1,2021,61.0,2,1,0,2,1,17,1,,3,215,-1,D,3,2,0,1,5,600,1,, -1,1,0,1,50,3,5,1,33,33005,2,2,0,3,Avenue de Bordeaux,44.747809,-1.087388,18,2,2
202100019091,167Â 518,B01,1,1,1,5,2,-1,-1,0,0,-1,2021,16.0,1,1,0,2,1,1,1,,3,93,-1,,2,2,0,1,18,720,1,, -1,1,0,1,50,11,6,1,65,65072,2,2,0,3,Rue du 11 Novembre,43.29083,0.072972,13,2,2
202100053962,105Â 297,A01,1,1,2,5,1,8,-1,0,0,-1,2021,68.0,1,2,0,2,1,1,1,,4,QUAI DE BERCY,0,,3,6,0,4,(1),(1),1,, -1,2,1,1,50,23,1,1,75,75112,2,1,1,2,QUAI DE BERCY,48.837983,2.376737,11,2,2
202100014879,175Â 118,A01,1,1,1,9,1,-1,-1,0,0,-1,2021,28.0,2,2,0,0,0,1,1,,3,37,0,D,2,2,0,1,19,790,1,,6,1,0,8,80,7,10,1,79,79178,1,1,0,7,,46.963649,-0.168808,15,1,1
202100055305,102Â 968,B01,2,2,1,0,1,0,-1,0,0,-1,2021,22.0,1,2,0,2,4,23,1,,4,,0,,1,2,3,1,(1),(1),1,, -1,2,-1,1,30,12,1,1,54,54395,2,1,1,4,JAURES (BOULEVARD JE,48.6819721231,6.1781170964,15,4,3
202100041519,127Â 398,B01,1,1,1,0,1,8,-1,-1, -1,-1,2021,38.0,2,2,0,2,4,1,1,,4,RHIN TORTU (RUE DU),0,,2,3,0,1,0,0,1,, -1,2,0,1,50,2,5,5,67,67482,2,4,1,3,RHIN TORTU (RUE DU),48.545868,7.758191,1,2,2
202100016933,171Â 356,A01,2,2,1,5,8,-1,-1,-1, -1,-1,2021,11.0,3,1,0,2,1,2,1,,4,ALLIES (BOULEVARD DES),0,,2,2,0,1,(1),(1),1,, -1,1,0,1,50,23,9,1,35,35051,2,6,0,2,ALLIES (BOULEVARD DES),48.12654,-1.62107,17,3,2
202100030679,146Â 917,A01,1,1,1,1,1,0,-1,-1, -1,-1,2021,44.0,1,2,4,0,1,17,1,,1,AUTOROUTE A6A,0,,1,3,0,1,6,99,3,, -1,3,0,1,90,5,7,1,94,94021,1,1,1,6,AUTOROUTE A6A,48.76372,2.34185,6,1,1
202100010895,182Â 253,A01,1,1,2,0,1,0,-1,0,0,-1,2021,20.0,1,2,0,2,1,2,1,,7,FORET DE HAYE (AVENUE DE LA),0,,2,4,0,1,(1),(1),1,, -1,1,0,1,50,26,10,1,54,54547,2,1,0,2,FORET DE HAYE (AVENUE DE LA),48.6510492604,6.1456717551,8,2,2
202100025332,156Â 374,A01,4,2,2,5,1,0,-1,0,0,-1,2021,20.0,2,2,0,2,1,2,1,,4,AVENUE KLEBER,0,,2,2,0,1,(1),(1),1,, -1,1,0,1,50,5,8,5,75,75116,2,1,0,2,AVENUE KLEBER,48.863978,2.288112,3,8,2
202100044987,121Â 316,B01,2,2,1,0,1,0,-1,-1, -1,-1,2021,4.0,-1,2,0,2,1,1,1,,3,JOFFRE (AVENUE),0,,3,4,0,1,0,1,1,, -1,1,0,1,50,6,4,1,93,93031,2,1,0,3,JOFFRE (AVENUE),48.9602221704,2.2983511183,17,3,2
202100021752,162Â 747,A01,10,3,1,5,0,-1,-1,3,3,1,2021,47.0,2,2,0,1,2,19,1,,4,ROUTE DE L'ANSE VATA,0,,2,2,0,2,0,0,1,, -1,1,9,1,50,30,8,5,988,98818,2,2,0,6,ROUTE DE L'ANSE VATA/RUE BICHAT,-22.2771,166.44775,18,2,1
202100042468,125Â 709,B01,1,1,1,1,2,0,-1,-1, -1,-1,2021,21.0,1,1,0,2,1,1,5,,4,BOULEVARD SALVADOR ALLENDE,0,,2,2,0,1,(1),(1),1,, -1,1,0,1,50,26,4,1,44,44162,2,1,0,3,BOULEVARD SALVADOR ALLENDE,47.21908,-1.6216,9,2,2
202100041354,127Â 691,A01,1,1,1,0,2,-1,-1,0,0,-1,2021,23.0,2,1,0,2,2,17,1,,3,31,-1,,2,2,0,1,5,875,1,, -1,1,0,1,80,6,5,1,11,11441,1,1,0,3,D31,43.210861,3.076392,17,2,2