Num_Acc,id_vehicule,num_veh,place,catu,sexe,trajet,secu1,secu2,secu3,locp,actp,etatp,year_acc,victim_age,senc,catv,obs,obsm,choc,manv,motor,occutc,catr,voie,v1,v2,circ,nbv,vosp,prof,pr,pr1,plan,lartpc,larrout,surf,infra,situ,vma,jour,mois,lum,dep,com,agg_,int,atm,col,adr,lat,long,hour,nb_victim,nb_vehicules
202100001499,199Â 111,A01,10,3,1,5,0,-1,-1,5,9,3,2021,29.0,1,2,9,1,4,4,1,,4,RUE DE LA ROQUETTE,0,,1,1,0,1,(1),(1),1,, -1,2,0,4,30,24,12,2,75,75111,2,2,1,6,RUE DE LA ROQUETTE,48.85433,2.371434,6,2,1
202100051990,108Â 776,A01,1,1,1,0,1,8,-1,-1, -1,-1,2021,76.0,1,2,0,2,8,2,1,,2,ROUTE NATIONALE 1,0,,2,4,0,1,6,50,1,, -1,1,0,1,50,9,2,1,972,97213,2,6,0,3,ROUTE NATIONALE 1,14.62305,-60.98891,17,2,2
202100027505,152Â 560,A01,1,1,2,1,1,0,-1,-1, -1,-1,2021,43.0,2,2,0,2,8,13,1,,3,310,0,,2,3,0,1,0,0,1,, -1,1,2,1,50,22,7,1,91,91286,2,1,0,5,EMILE ALLIAUD (AVENUE),48.64953,2.38366,17,3,3
202100043277,124Â 307,A01,1,1,1,5,2,6,-1,0,0,-1,2021,53.0,3,1,17,0,1,1,1,,4,5,0,,2,2,0,2,(1),(1),4,, -1,1,0,3,80,4,4,1,21,21038,1,1,1,6,Ham de la FeuillÃ©e,47.207266,5.419478,10,1,1
202100012770,178Â 896,A01,9,2,2,5,1,-1,-1,0,0,-1,2021,78.0,-1,2,0,2,8,9,1,,3,342,-1,,2,2,0,1,26,0,1,, -1,1,0,1,80,16,10,1,69,69241,1,3,0,3,ESSES (DES) (RTE),45.6339860319,4.7321677208,15,5,2
202100052049,108Â 678,B01,1,1,1,4,2,8,-1,-1, -1,-1,2021,42.0,1,1,0,2,8,13,1,,3,CERISAIE (AV DE LA),0,,2,2,0,1,1,0,1,, -1,1,9,1,30,9,2,1,94,94034,2,9,0,1,Avenue de la Cerisaie,48.752692,2.329636,13,2,2
202100013817,176Â 995,B01,2,2,2,5,1,-1,-1,-1,0,-1,2021,18.0,1,2,0,0,4,2,1,,3,AV DE STALINGRAD,0,,2,2,0,1,0,150,1,, -1,1,0,1,50,11,10,1,95,95268,2,1,0,2,AV DE STALINGRAD,48.9607,2.40055,15,4,2
202100050134,112Â 115,A01,1,1,1,0,2,0,-1,-1, -1,-1,2021,33.0,1,1,0,2,3,3,1,,1,AUTOROUTE A86,0,,1,2,0,1,51,560,1,, -1,1,1,1,70,26,2,1,94,94034,1,1,0,2,AUTOROUTE A86,48.76028,2.32095,14,2,2
202100002872,196Â 641,A01,1,1,1,0,8,0,-1,-1, -1,-1,2021,26.0,2,2,0,2,1,3,1,,1,86,0,,-1,3,0,1,2,150,1,, -1,1,0,1,90,15,12,2,92,92050,1,1,0,3,A86,48.915885359,2.2206609497,18,2,2
202100012481,179Â 397,A01,10,3,2,1,0,-1,-1,4,3,1,2021,25.0,1,2,0,1,2,4,1,,4,AVENUE DES TERNES,0,,2,4,0,1,(1),(1),1,, -1,1,0,1,30,17,10,1,75,75117,2,2,0,6,AVENUE DES TERNES,48.878346,2.295561,14,2,1
202100009563,184Â 613,B01,1,1,1,0,1,0,-1,-1, -1,-1,2021,27.0,1,2,3,2,6,11,1,,1,A4.Y,0,,1,3,0,1,18,300,1,, -1,2,0,2,110,4,11,3,77,77258,1,1,0,3,A4.Y,48.82984,2.62289,22,2,2
202100044993,121Â 305,A01,2,2,2,0,1,0,-1,-1, -1,-1,2021,33.0,2,1,0,2,6,9,1,,3,STALINGRAD (QUAI DE) 1/18 - 490  - 860 -,0,,2,1,0,2,0,0,1,, -1,1,0,1,50,6,4,1,92,92012,2,6,0,3,PONT DE BILLANCOURT (PLACE DU),48.8250419178,2.2482612588,10,3,2
202100021061,164Â 013,A01,1,1,1,5,1,-1,-1,0,0,-1,2021,31.0,2,2,13,0,2,1,1,,3,PLOGONNEC ROUTE DE,0,,2,2,0,2,(1),(1),1,, -1,1,0,3,50,4,9,4,29,29232,1,1,0,6,D39 - Route de Plogonnec,48.0181840688,-4.0972263053,2,1,1
202100002388,197Â 513,B01,1,1,1,1,8,0,-1,-1, -1,-1,2021,31.0,3,1,0,2,1,9,3,,4,GASPERI ALCIDE DE (RUE),0,,2,2,0,1,0,0,1,, -1,1,5,1,50,17,12,5,72,72181,2,2,0,3,GASPERI ALCIDE DE (RUE),47.99159,0.22761,7,2,2
202100033486,141Â 920,A01,1,1,1,1,2,6,-1,0,0,-1,2021,16.0,3,1,1,0,2,0,1,,4,,-1,,2,2,0,2,(1),(1),1,,4,1,0,4,50,19,6,3,67,67292,2,1,0,6,10 Rue d Uttenhoffen,48.878966,7.644442,2,1,1
202100021647,162Â 935,A01,1,1,2,4,2,6,-1,0,0,-1,2021,20.0,2,1,14,0,1,17,1,,4,BOULEVARD MALESHERBES,0,,1,0,0,1,(1),(1),1,, -1,1,0,1,30,30,8,1,75,75117,2,2,0,6,BOULEVARD MALESHERBES,48.884026,2.308698,8,1,1
202100015506,173Â 984,B01,1,1,2,5,1,-1,-1,-1, -1,-1,2021,75.0,2,2,0,2,2,17,1,,4,VERT COTEAU (AVE DU),0,,2,2,0,1,0,0,1,, -1,1,0,1,30,2,10,1,83,83137,2,1,0,6,VERT COTEAU (AVE DU),43.12548,5.94471,15,2,2
202100053042,106Â 910,A01,1,1,1,5,2,6,-1,-1, -1,-1,2021,67.0,2,1,0,2,1,3,1,,2,MACE (BOULEVARD GABRIEL),0,,2,1,0,1,(1),(1),1,, -1,1,0,1,30,30,1,1,974,97411,2,3,0,3,Boulevard Gabriel MacÃ©,-20.872704,55.448636,10,2,2
202100009841,184Â 107,B01,1,1,1,1,1,-1,-1,0,0,-1,2021,28.0,0,2,0,2,1,1,1,,3,650,-1,,2,2,0,1,23,676,4,, -1,2,5,1,80,2,11,1,50,50480,1,3,0,3,route des isles  RD 650,49.485562,-1.790892,8,2,2
202100001519,199Â 084,A01,9,2,2,5,1,-1,-1,0,0,-1,2021,18.0,1,2,13,0,3,1,1,,3,940,-1,,2,2,0,1,6,100,1,, -1,1,0,3,90,25,12,3,19,19019,1,1,0,6,Le Moulin Abadiol - RD 940,44.988473,1.823049,20,4,1
202100047027,117Â 713,A01,1,1,1,1,8,0,-1,-1, -1,-1,2021,29.0,1,1,0,0,7,1,5,,4,SERRES (RUE OLIVIER DE),0,,2,2,0,1,0,0,1,, -1,1,0,1,50,18,3,1,87,87085,2,1,0,7,SERRES (RUE OLIVIER DE),45.84417,1.23503,16,1,1
202100046856,118Â 025,B01,1,1,1,4,2,6,-1,-1, -1,-1,2021,50.0,2,1,0,2,3,1,1,,1,AUTOROUTE A 63,0,,3,4,0,1,2,0,1,, -1,1,0,1,110,24,3,1,33,33090,1,1,0,3,AUTOROUTE A 63,44.776458,-0.647425,17,2,2
202100012600,179Â 192,A01,1,1,1,5,2,6,-1,-1, -1,-1,2021,32.0,1,1,14,0,1,1,1,,1,6B,0,,1,2,0,1,2,400,1,, -1,1,0,8,70,17,10,3,94,94016,1,1,0,6,AUTOROUTE A6B,48.79505,2.34454,21,1,1
202100013001,178Â 506,A01,1,1,2,3,1,-1,-1,0,0,-1,2021,34.0,2,2,0,0,4,1,1,,3,938,0,,2,2,0,1,(1),(1),1,, -1,2,0,1,70,15,10,1,59,59435,2,1,1,2,Cd 938,50.494194,3.264243,13,2,2
202100047677,116Â 531,B01,1,1,1,4,2,4,6,0,0,-1,2021,43.0,2,1,0,0,1,23,1,,3,813,-1,,2,2,0,1,51,87,1,, -1,1,0,1,80,17,3,1,82,82073,1,1,0,1,RD813,44.103831,0.906522,17,2,2
202100000560,200Â 700,B01,1,1,1,4,1,-1,-1,0,0,-1,2021,42.0,2,2,0,2,8,1,1,,4,ODOS (CHEMIN D'),0,,2,2,0,1,(1),(1),1,, -1,1,0,1,50,8,11,1,65,65440,2,2,0,3,LAFORGUE (AVENUE JULES),43.224169,0.06837,10,2,2
202100001080,199Â 831,A01,10,3,1,5,0,-1,-1,3,3,1,2021,55.0,0,2,0,1,1,2,1,,4,DOCTEUR CLAUDE BERNARD (RUE DU),0,,1,1,0,1,0,0,1,, -1,2,0,1,50,29,12,5,93,93005,2,1,1,6,DOCTEUR CLAUDE BERNARD (RUE DU),48.9519990495,2.5206107294,18,2,1
202100015837,173Â 365,B01,1,1,1,1,2,6,-1,0,0,-1,2021,44.0,1,1,0,2,1,21,1,,7,107,2,E,2,2,0,1,(1),(1),1,, -1,2,0,1,80,1,10,3,33,33449,1,1,1,2,Route du Temple,44.852461,-0.849895,20,2,2
202100039488,131Â 024,A01,1,1,1,4,1,5,-1,-1, -1,-1,2021,45.0,2,2,1,0,1,13,1,,3,WASHINGTON (BOULEVARD),0,,2,4,0,3,10,0,1,, -1,2,0,4,50,18,5,5,92,92073,2,1,0,6,WASHINGTON (BOULEVARD),48.8767533862,2.2171112895,1,1,1
202100049373,113Â 506,A01,10,3,1,5,0,-1,-1,3,3,2,2021,7.0,1,2,0,1,1,1,1,,4,THEOPHILE GAUTIER,0,,2,1,0,1,(1),(1),1,, -1,1,0,1,50,1,3,1,76,76351,2,2,0,6,THEOPHILE GAUTIER,49.51721,0.09441,18,2,1
202100027962,151Â 720,A01,1,1,2,5,1,0,-1,0,0,-1,2021,31.0,2,2,1,0,1,13,1,,4,BOULEVARD EDGAR QUINET,0,,1,1,0,1,(1),(1),1,, -1,1,0,1,50,19,7,5,75,75114,2,1,0,6,BOULEVARD EDGAR QUINET,48.839705,2.32957,23,1,1
202100028802,150Â 237,A01,1,1,1,5,2,6,-1,-1, -1,-1,2021,28.0,2,1,0,0,7,21,1,,4,GORDINI ( RUE AMEDEE),0,,2,2,0,1,0,0,1,, -1,2,0,1,50,13,7,1,87,87085,2,1,1,7,GORDINI ( RUE AMEDEE),45.89489,1.28051,18,1,1
202100035601,138Â 082,A01,1,1,1,5,0,-1,-1,0,0,-1,2021,66.0,1,2,0,0,0,1,1,,3,162,0,,-1,2,0,1,162,2,1,, -1,1,0,8,80,10,6,1,55,55268,1,1,0,7,RD162,48.964934,5.537367,16,1,1
202100051153,110Â 239,A01,2,2,1,5,8,0,-1,-1, -1,-1,2021,75.0,2,2,0,0,7,1,1,,3,SECTION MOREAU,0,,2,2,0,2,(1),(1),2,, -1,1,0,3,50,16,2,1,971,97113,1,1,0,7,SECTION MOREAU,16.24794,-61.45955,14,2,1
202100042929,124Â 934,A01,10,3,1,5,8,8,-1,3,3,1,2021,60.0,3,5,14,0,3,15,1,,4,PERI GABRIEL RUE,0,,2,0,0,1,1,0,1,, -1,1,0,1,30,23,4,1,93,93061,2,2,0,6,PERI GABRIEL RUE,48.885605,2.405447,10,2,1
202100027926,151Â 790,B01,1,1,1,0,0,-1,-1,-1, -1,-1,2021,24.0,1,1,0,2,1,1,5,,4,,0,,2,3,2,1,(1),(1),1,, -1,1,0,1,50,20,7,1,33,33281,2,2,0,3,Avenue de lâYser,44.84205,-0.66069,9,2,2
202100027233,153Â 041,B01,1,1,1,3,2,6,-1,-1, -1,-1,2021,28.0,2,1,0,0,4,16,0,,2,PARIS (R DE),0,,1,2,0,1,1,0,1,, -1,1,0,1,50,24,7,1,94,94078,2,1,0,2,Rue de Paris,48.741224,2.446808,14,2,2
202100017177,170Â 931,A01,2,2,1,5,1,-1,-1,0,0,-1,2021,17.0,1,2,8,0,7,1,1,,3,3,-1,,2,2,0,1,132,0,2,, -1,1,0,3,80,25,9,3,974,97414,1,1,0,3,283 Route Hubert Delisle,-21.269487,55.451373,4,2,1
202100042014,126Â 521,B01,1,1,2,9,1,-1,-1,-1, -1,-1,2021,21.0,2,2,3,2,2,1,1,,7,CONTOURNEMENT SUD   RD 302          (XX),0,,3,4,0,1,2,500,1,, -1,2,0,1,90,29,4,1,69,69282,1,6,1,2,D302,45.75293,5.01924,14,3,2
202100055378,102Â 856,A01,10,3,2,5,0,-1,-1,3,3,1,2021,69.0,2,5,0,1,4,4,1,,3,GENERAL DE GAULLE (AVENUE DU),0,,2,5,0,1,0,0,1,, -1,2,0,1,30,12,1,1,92,92023,2,1,1,6,GENERAL DE GAULLE (AVENUE DU),48.7883,2.25826,11,2,1
202100044968,121Â 353,B01,1,1,1,0,2,6,-1,0,0,-1,2021,78.0,2,1,0,2,1,17,1,,2,MARECHAL FOCH ( AVENUE DU ),0,,2,3,0,1,70,480,1,, -1,1,0,1,50,4,4,1,5,5061,2,3,0,3,MARECHAL FOCH ( AVENUE DU ),44.56372,6.08803,11,3,2
202100021489,163Â 228,B01,1,1,1,1,1,0,-1,-1, -1,-1,2021,42.0,1,2,0,2,1,26,1,,3,REPUBLIQUE (AV DE LA),0,,2,2,0,1,1,0,1,, -1,1,0,1,50,1,9,1,94,94017,2,1,0,5,REPUBLIQUE (AV DE LA),48.82235,2.51058,10,3,3
202100041717,127Â 040,A01,1,1,1,9,2,6,-1,0,0,-1,2021,20.0,1,1,0,2,1,1,1,,3,119,0,,2,2,0,4,2,0,1,, -1,1,0,1,50,3,5,1,14,14286,2,1,0,3,D119,49.360239,0.226939,13,4,2
202100051023,110Â 469,B01,1,1,1,4,1,8,-1,-1, -1,-1,2021,54.0,2,2,0,2,6,23,1,,3,RTE DE LONGJUMEAU,0,,1,3,0,1,0,0,1,, -1,1,0,1,50,18,2,5,91,91161,2,1,0,2,RTE DE LONGJUMEAU,48.71499,2.29826,6,2,2
202100037374,134Â 865,A01,1,1,2,0,1,-1,-1,0,0,-1,2021,20.0,2,2,3,2,2,3,1,,2,4,0,,3,4,0,1,36,100,1,, -1,1,0,1,110,1,6,1,55,55454,1,1,0,2,"RN4, sens Paris-Nancy - PK 36+0100",48.703387,5.423808,14,2,2
202100000475,200Â 857,A01,2,2,1,5,2,6,-1,-1, -1,-1,2021,14.0,1,1,0,2,1,17,1,,4,VOLTAIRE (BOULEVARD),0,,2,2,0,1,0,0,1,, -1,1,0,1,50,16,6,1,19,19031,2,3,0,3,VOLTAIRE (BOULEVARD),45.1600699424,1.5406576395,13,3,2
202100022501,161Â 410,A01,1,1,1,5,1,5,-1,0,0,-1,2021,21.0,2,2,2,0,3,0,1,,3,916,0,D,2,2,0,2,23,310,1,, -1,1,0,1,80,27,8,1,62,62166,1,1,0,6,D916,50.456255,2.391365,13,1,1
202100004114,194Â 386,B01,1,1,2,5,8,0,-1,0,0,-1,2021,50.0,1,1,0,2,4,23,3,,4,PLACE VICTOR HUGO,0,,2,2,0,1,(1),(1),1,, -1,2,0,1,50,7,12,5,75,75116,2,7,1,2,PLACE VICTOR HUGO,48.869774,2.285664,18,2,2
202100045997,119Â 537,B01,1,1,1,1,2,8,-1,-1, -1,-1,2021,51.0,1,1,1,0,1,1,5,,4,,0,,2,1,0,1,0,0,1,, -1,1,0,1,50,29,3,1,92,92063,2,1,0,3,MOLIERE (RUE),48.8774213787,2.1879006922,18,2,2
202100038838,132Â 203,A01,1,1,1,5,0,-1,-1,0,0,-1,2021,26.0,1,2,3,0,1,14,1,,1,352,-1,A,3,4,0,1,2,100,1,, -1,1,3,3,110,22,5,2,67,67108,1,4,0,6,A352,48.520527,7.588463,20,2,1
202100013401,177Â 778,A01,10,3,2,5,0,-1,-1,2,3,1,2021,73.0,1,5,0,1,3,1,1,,4,ETIENNE DOLET (R),0,,2,2,0,1,1,0,1,, -1,1,0,1,50,12,10,1,94,94002,2,1,0,6,Rue Etienne Dolet,48.795068,2.425342,11,2,1
202100040172,129Â 794,A01,1,1,1,5,1,0,-1,-1, -1,-1,2021,16.0,2,2,6,0,2,14,1,,3,VOLKRANGE (ROUTE DE),0,,2,2,0,1,0,920,3,, -1,1,5,1,50,11,5,3,57,57672,2,1,0,6,VOLKRANGE (ROUTE DE),49.36474,6.09214,2,4,1
202100045776,119Â 927,B01,1,1,2,1,1,8,-1,-1, -1,-1,2021,29.0,0,2,0,2,4,23,1,,4,BUTRIS (TRAVERSE DES),0,,2,2,0,1,0,0,1,, -1,1,0,1,50,31,3,1,13,13211,2,1,0,2,BUTRIS (TRAVERSE DES),43.299,5.453,18,2,2
202100023457,159Â 695,A01,1,1,1,4,2,6,-1,0,0,-1,2021,27.0,2,1,0,0,1,1,1,,4,ROUTE DE SEVRES A NEUILLY,0,,2,4,0,1,(1),(1),1,, -1,9,0,1,50,18,8,1,75,75116,2,1,0,7,ROUTE DE SEVRES A NEUILLY,48.866548,2.241803,17,2,1
202100050250,111Â 897,A01,1,1,1,5,2,-1,-1,0,0,-1,2021,60.0,2,1,9,0,1,1,5,,3,909,0,A,2,2,2,1,0,530,1,, -1,1,0,4,-1,25,2,1,74,74299,2,1,0,6,Rte de Menthon,45.874212,6.182331,16,1,1
202100016450,172Â 225,A01,1,1,1,5,8,0,-1,-1, -1,-1,2021,19.0,2,2,2,0,1,1,1,,4,CID (RUE LE),0,,2,2,0,1,0,0,1,, -1,1,0,1,50,26,9,5,87,87085,2,3,0,6,SAGNES (RUE DES),45.87447,1.29517,23,1,1
202100024582,157Â 719,A01,1,1,1,5,-1,0,-1,-1, -1,-1,2021,48.0,1,1,0,2,8,1,1,,2,RN104,0,,3,2,0,1,16,500,1,, -1,1,0,1,90,11,8,1,77,77053,1,1,0,3,RN104,48.6983994113,2.5940234615,19,2,2
202100006312,190Â 502,C01,1,1,1,-1,8,-1,-1,-1, -1,-1,2021,17.0,1,1,0,2,7,19,5,,4,"""HENRI BARBUSSE (AVENUE """"DU 01 AU 80"""")",0,,-1,1,0,1,0,0,1,, -1,1,0,1,50,25,11,2,93,93007,2,2,0,3,"""HENRI BARBUSSE (AVENUE """"DU 01 AU 80"""")",48.94009,2.46254,8,2,2
202100001706,198Â 739,B01,1,1,1,5,2,8,-1,-1, -1,-1,2021,29.0,1,1,0,2,1,1,5,,4,BAYONNE DE,0,,2,3,1,1,0,0,1,, -1,1,0,1,50,22,12,1,64,64129,2,1,0,3,Route de Bayonne,43.29888,-0.39037,14,2,2
202100003751,195Â 051,A01,10,3,1,2,8,8,-1,9,1,1,2021,23.0,1,2,0,1,2,17,0,,4,LECLERC GENERAL AVENUE DU,0,,2,2,0,1,0,0,1,, -1,2,0,1,50,10,12,5,92,92050,2,1,1,6,LECLERC GENERAL AVENUE DU,48.899027516,2.1913540363,8,2,1
202100050660,111Â 131,B01,2,2,1,3,1,5,-1,-1, -1,-1,2021,22.0,2,2,0,2,1,1,1,,3,MARC SANGNIER (AVENUE),0,,4,3,0,1,0,0,1,, -1,1,5,1,50,21,2,1,92,92078,2,3,0,3,MARC SANGNIER (AVENUE),48.9298017547,2.3258229942,11,3,2
202100002639,197Â 062,B01,1,1,1,4,2,6,-1,0,0,-1,2021,58.0,1,1,0,2,8,3,1,,4,PORTE DE MONTREUIL,0,,1,4,0,1,30,400,1,, -1,1,0,1,70,15,12,5,75,75120,2,1,0,3,PORTE DE MONTREUIL,48.85993,2.413982,17,2,2
202100019808,166Â 242,B01,1,1,2,5,2,6,-1,0,0,-1,2021,44.0,2,1,0,2,2,17,1,,1,Autoroute A 330,0,,3,4,0,1,4,500,1,, -1,1,0,1,110,9,9,1,54,54328,1,1,0,3,Autoroute A 330,48.62482,6.18363,17,2,2
202100033307,142Â 234,C01,1,1,1,0,2,6,-1,-1, -1,-1,2021,23.0,1,1,0,2,1,2,1,,2,ROUTE NATIONALE 5,0,,1,3,0,1,0,800,1,, -1,1,0,1,70,13,6,1,972,97213,1,1,0,5,ROUTE NATIONALE 5,14.5961,-60.99032,13,4,4
202100014435,175Â 895,A01,10,3,1,0,0,-1,-1,2,3,1,2021,14.0,1,1,0,1,3,21,1,,3,PARIS RUE DE,0,,3,4,0,1,1,0,1,, -1,1,0,1,50,8,10,1,93,93045,2,1,0,6,PARIS RUE DE,48.88222,2.42386,14,2,1
202100043439,124Â 015,B01,1,1,1,9,1,0,-1,-1, -1,-1,2021,37.0,1,2,0,2,1,0,1,,4,RAMON BOULEVARD,0,,-1,2,0,1,1,0,1,, -1,1,0,1,50,19,4,1,49,49007,2,1,0,5,RAMON BOULEVARD,47.4878126757,-0.5422031879,14,5,4
202100021308,163Â 564,B01,1,1,2,1,1,0,-1,-1, -1,-1,2021,26.0,3,2,0,2,6,1,1,,3,GENERAL GALLIENI (RUE DU),0,,2,2,0,2,0,0,1,, -1,1,0,1,50,1,9,2,94,94079,2,9,0,3,GENERAL GALLIENI (RUE DU),48.82566,2.54051,7,2,2
202100018933,167Â 800,A01,1,1,1,5,2,8,-1,-1, -1,-1,2021,27.0,2,1,0,2,1,1,1,,4,POLITZER (ALLEE MARIE),0,,-1,2,0,2,0,0,1,, -1,1,0,1,50,12,9,1,64,64122,2,1,0,3,AllÃ©e Marie Politzer,43.46951,-1.54288,18,2,2
202100047202,117Â 394,B01,1,1,1,1,1,-1,-1,-1, -1,-1,2021,54.0,1,2,0,2,3,1,1,,4,TONY GARNIER                        (AV),0,,1,3,0,1,(1),(1),1,, -1,1,0,1,50,20,3,5,69,69387,2,2,0,3,TONY GARNIER                        (AV),45.7266,4.8307,21,2,2
202100010835,182Â 358,A01,1,1,2,5,1,-1,-1,-1,0,-1,2021,22.0,2,2,0,0,1,14,1,,1,AUTOROUTE A115,0,,-1,2,0,1,7,199,1,, -1,1,1,1,110,27,10,5,95,95607,1,1,0,6, A115,49.02144,2.21109,2,1,1
202100017121,171Â 031,A01,10,3,2,0,0,-1,-1,4,3,1,2021,30.0,2,2,0,1,3,1,1,,3,ARISTIDE BRIAND (BOULEVARD),0,,2,2,1,2,0,1,1,, -1,1,0,1,30,23,9,2,93,93048,2,1,0,6,Boulevard Aristide Briand,48.877615,2.457068,19,2,1
202100054138,104Â 977,A01,1,1,1,1,2,6,9,0,0,-1,2021,47.0,2,1,0,2,0,15,1,,1,A10,-1,,1,2,0,2,207,0,2,, -1,1,3,1,90,18,1,2,37,37233,2,9,1,3,"EntrÃ©e A10, nÂ°21 vers PARIS",47.3945690495,0.7069691485,8,2,2
202100034483,140Â 089,A01,1,1,1,5,0,-1,-1,0,0,-1,2021,60.0,3,1,10,0,0,0,3,,4,,-1,,2,2,0,1,(1),(1),1,, -1,1,0,3,-1,15,6,1,39,39170,2,1,0,7,,46.674841,5.497692,19,1,1
202100015838,173Â 364,A01,10,3,1,5,0,-1,-1,1,1,1,2021,50.0,1,2,0,1,2,1,1,,3,791,-1,,2,2,3,2,(1),(1),1,, -1,1,0,1,70,1,10,3,22,22081,1,1,0,6,rue de brest,48.485147,-2.65646,21,2,1
202100010033,183Â 763,B01,1,1,1,0,2,0,-1,-1, -1,-1,2021,17.0,1,1,0,2,7,1,1,,3,AUXERRE (ROUTE),0,,2,4,0,1,(1),(1),1,, -1,1,0,1,50,31,10,1,10,10333,2,2,0,3,AUXERRE (ROUTE),48.27411,4.05831,14,2,2
202100043313,124Â 240,B01,1,1,1,0,2,0,-1,-1, -1,-1,2021,28.0,3,1,0,2,1,1,1,,4,,0,,1,1,0,1,0,1,1,, -1,1,5,1,50,20,4,1,74,74012,2,2,0,3,BASTIN (RUE ALFRED),46.191505,6.238946,19,3,2
202100007864,187Â 682,A01,10,3,2,2,8,8,-1,3,3,1,2021,13.0,1,2,0,1,1,15,0,,4,DIDEROT,0,,1,1,0,1,0,0,1,, -1,1,0,1,50,16,11,2,93,93066,2,2,0,6,DIDEROT,48.93544,2.37868,16,2,1
202100056424,101Â 041,A01,1,1,2,5,8,0,-1,0,0,-1,2021,43.0,1,1,0,2,1,1,5,,4,RUE DES ECLUSES SAINT MARTIN,0,,1,1,2,2,(1),(1),1,, -1,1,-1,5,50,2,1,1,75,75110,2,1,0,3,RUE DES ECLUSES SAINT MARTIN,48.876905,2.366594,15,2,2
202100040030,130Â 046,B01,1,1,1,9,2,0,-1,-1, -1,-1,2021,32.0,2,1,0,2,8,18,1,,3,VIRGILE (AVENUE),0,,2,2,2,1,0,200,1,, -1,1,0,1,50,13,5,1,973,97302,2,1,0,3,VIRGILE (AVENUE),4.94111,-52.32103,14,2,2
202100017245,170Â 823,A01,10,3,1,9,0,-1,-1,5,2,3,2021,64.0,0,2,0,1,0,26,3,,6,,-1,,-1,-1,0,1,(1),(1),1,,4,9,0,8,10,25,9,5,14,14408,2,1,0,6,Rue Saint AndrÃ©,49.102695,-0.37573,21,2,1
202100034159,140Â 701,A01,2,2,1,5,8,-1,-1,0,0,-1,2021,22.0,1,2,6,0,1,1,1,,3,125,0,,2,2,0,1,8,6,2,, -1,1,0,4,50,15,6,3,45,45093,2,1,0,6,166 Rue du Couvent,48.038553,1.911932,4,2,1
202100048472,115Â 121,A01,10,3,2,3,0,-1,-1,3,3,1,2021,65.0,1,2,0,1,1,16,0,,3,114,0,,2,2,0,1,0,10,1,, -1,1,9,1,50,9,3,1,63,63291,2,5,0,6, EugÃ¨ne PhÃ©lip/Vaillant,45.959837537,3.4742770325,14,2,1
202100050822,110Â 837,B01,1,1,1,1,2,9,-1,0,0,-1,2021,46.0,2,1,0,2,8,1,5,,3,652,0,D,2,2,0,1,663,0,1,, -1,1,0,1,50,20,2,2,40,40046,2,1,0,3,Avenue Marechal Lyautey,44.390766,-1.160849,7,2,2
202100032312,144Â 001,A01,1,1,1,4,2,6,-1,0,0,-1,2021,34.0,1,1,12,2,2,9,1,,4,RUE DE MEDICIS,0,,2,3,0,1,(1),(1),1,, -1,2,0,1,30,25,6,1,75,75106,2,1,1,6,RUE DE MEDICIS,48.847981,2.339834,15,2,2
202100007113,189Â 052,B01,3,2,2,0,8,0,-1,-1, -1,-1,2021,26.0,1,2,0,2,4,1,1,,1,AUTOROUTE A3,0,,3,6,0,1,9,699,1,, -1,1,0,2,90,19,11,3,93,93007,1,1,0,2,AUTOROUTE A3,48.92066,2.47966,23,3,2
202100008895,185Â 839,A01,1,1,1,0,1,-1,-1,0,0,-1,2021,23.0,1,2,0,2,1,13,1,,3,68,0,,2,2,0,1,17,900,1,, -1,1,0,1,80,9,11,1,34,34153,1,1,0,5,D68,43.7182010974,3.831497521,8,3,3
202100049609,113Â 068,A01,1,1,2,9,1,8,-1,-1, -1,-1,2021,36.0,1,2,0,2,4,1,1,,2,RN.147,0,,3,4,0,2,63,340,1,, -1,1,0,1,70,26,2,1,86,86158,1,1,0,5,N147,46.62137,0.303379,17,5,4
202100027352,152Â 831,A01,1,1,1,0,2,8,-1,-1, -1,-1,2021,26.0,1,1,16,0,0,0,1,,4,MOULIN (RUE DU VIEUX),0,,2,2,0,1,(1),(1),3,, -1,1,0,1,50,22,7,1,56,56107,2,1,0,7,MOULIN (RUE DU VIEUX),47.72161,-3.38286,13,1,1
202100047891,116Â 134,A01,1,1,1,5,1,0,-1,-1,0,-1,2021,20.0,2,2,3,0,1,13,1,,1,AUTOROUTE A15,0,,3,6,0,1,19,100,1,, -1,1,0,1,110,16,3,3,95,95488,1,1,0,6,A15,49.0192447033,2.1394602136,2,1,1
202100018381,168Â 768,A01,10,3,1,0,0,-1,-1,2,5,1,2021,16.0,1,2,0,1,1,1,1,,4,MENDES FRANCE (AVENUE),0,,2,0,0,1,0,0,1,, -1,1,0,1,50,17,9,1,13,13207,2,1,0,1,MENDES FRANCE (AVENUE),43.29,5.36,18,2,1
202100015246,174Â 455,A01,10,3,2,9,0,-1,-1,9,B,1,2021,13.0,3,2,0,1,2,1,0,,3,406,0,,2,2,0,1,0,0,1,, -1,1,0,8,30,4,10,1,92,92048,2,7,0,6,REPUBLIQUE (RUE DE LA) NÂ° 1 A 45,48.8114,2.23696,16,2,1
202100046053,119Â 435,C01,1,1,1,4,1,0,-1,-1, -1,-1,2021,31.0,2,4,0,2,6,23,1,,1,AUTOROUTE A86,0,,3,1,0,2,15,470,1,, -1,1,0,1,70,30,3,1,93,93027,1,1,0,5,AUTOROUTE A86,48.92222,2.37766,19,3,3