Num_Acc,id_vehicule,num_veh,place,catu,sexe,trajet,secu1,secu2,secu3,locp,actp,etatp,year_acc,victim_age,senc,catv,obs,obsm,choc,manv,motor,occutc,catr,voie,v1,v2,circ,nbv,vosp,prof,pr,pr1,plan,lartpc,larrout,surf,infra,situ,vma,jour,mois,lum,dep,com,agg_,int,atm,col,adr,lat,long,hour,nb_victim,nb_vehicules
202100056501,100Â 906,A01,2,2,2,0,8,0,-1,-1, -1,-1,2021,26.0,1,2,4,0,2,14,1,,2,RN406.Y,0,,3,2,0,1,5,699,1,, -1,1,0,2,90,1,1,2,94,94011,1,1,0,6,RN406.Y,48.7612277833,2.4912067755,18,2,1
202100046272,119Â 064,B01,1,1,1,5,2,-1,-1,0,0,-1,2021,39.0,1,1,0,2,7,17,3,,3,17,0,D,2,2,0,1,42,356,1,, -1,1,0,1,70,28,3,1,44,44158,1,1,0,6,La Lande Cognue,47.261692,-1.761643,18,2,2
202100010869,182Â 298,A01,3,2,2,0,3,-1,-1,-1, -1,-1,2021,3.0,1,2,13,0,2,14,1,,3,SAINT JULIEN (route de),0,,2,2,0,1,4,300,2,, -1,1,0,3,50,26,10,1,69,69013,1,1,0,6,SAINT JULIEN (DE) (RTE),46.0191926292,4.6807658672,16,2,1
202100013102,178Â 323,B01,2,2,2,5,2,6,-1,0,0,-1,2021,62.0,2,1,0,2,1,1,1,,2,GAP (ROUTE DE   RN94),0,,2,4,0,1,159,76,1,, -1,1,9,1,50,14,10,1,5,5023,2,2,0,3,GAP (ROUTE DE   RN94),44.89467,6.63009,12,3,2
202100021482,163Â 243,B01,1,1,2,3,2,0,-1,0,0,-1,2021,52.0,1,1,0,2,2,1,3,,4,AVENUE DU DOCTEUR ARNOLD NETTER,0,,2,3,0,2,(1),(1),1,, -1,1,0,1,30,1,9,1,75,75112,2,1,0,3,AVENUE DU DOCTEUR ARNOLD NETTER,48.845627,2.405949,11,3,2
202100036531,136Â 417,A01,1,1,1,1,1,-1,-1,0,0,-1,2021,30.0,1,2,0,0,3,9,1,,3,,-1,,2,2,0,2,5,630,2,,4,1,5,1,70,4,6,1,6,6018,1,3,0,1,Rue Albert Caquot,43.617334,7.059593,7,2,2
202100009952,183Â 906,A01,7,2,1,5,1,-1,-1,0,0,-1,2021,18.0,2,2,0,2,3,13,1,,3,610,0,,2,2,0,1,5,280,1,, -1,1,0,1,80,31,10,1,11,11397,1,1,0,5,rd610,43.204855,2.465605,16,7,3
202100047594,116Â 685,B01,1,1,1,1,8,8,-1,0,0,-1,2021,27.0,2,2,0,2,9,1,2,,1,A4,0,,-1,4,0,1,6,0,1,, -1,1,0,1,90,17,3,1,75,75112,1,1,0,4,A4,48.8247895956,2.4633968001,19,6,4
202100028201,151Â 283,B01,1,1,1,5,2,6,-1,0,0,-1,2021,61.0,2,1,0,2,8,1,1,,3,936,-1,,2,3,0,1,42,200,1,, -1,1,5,1,80,19,7,1,33,33437,1,2,0,3,Intersection D936 et C204,44.8548,-0.073283,18,3,2
202100015146,174Â 637,A01,1,1,1,1,2,0,-1,-1, -1,-1,2021,20.0,1,1,0,2,1,16,1,,4,17,0,,2,1,0,1,0,0,1,, -1,1,0,1,50,5,10,1,92,92024,2,4,0,2,GENERAL ROGUET (RUE DU) DE (1 A 57)   (2,48.9071754921,2.3129360903,17,2,2
202100039484,131Â 030,B01,1,1,1,1,8,0,-1,-1, -1,-1,2021,34.0,3,1,0,0,1,25,3,,3,GENERAL LECLERC(AVE DU)89/FIN ET 122/FIN,0,,3,1,3,1,0,0,1,, -1,1,5,1,50,18,5,1,93,93055,2,9,0,3,GENERAL LECLERC(AVE DU)89/FIN ET 122/FIN,48.8991499155,2.4081301689,11,2,2
202100032673,143Â 363,A01,1,1,2,2,1,-1,-1,0,0,-1,2021,19.0,1,2,13,0,1,1,1,,3,ERGUE ARMEL BOULEVARD D',0,,3,3,0,2,52,900,2,, -1,2,0,1,70,20,6,1,29,29232,1,1,1,6,Boulevard Ergue Armel,47.98429,-4.07412,19,1,1
202100007995,187Â 441,A01,1,1,2,5,1,8,-1,0,0,-1,2021,66.0,1,2,1,0,5,1,1,,4,MARECHAL FOCH (RUE),0,,2,2,0,1,(1),(1),1,, -1,1,0,1,50,12,11,5,71,71153,2,1,1,6,Rue MarÃ©chal Foch,46.80476,4.43926,20,1,1
202100034080,140Â 845,A01,1,1,1,1,2,6,-1,-1, -1,-1,2021,20.0,2,1,0,2,2,16,1,,4,PRADO (AVENUE DU),0,,2,6,3,1,0,0,1,, -1,1,6,1,50,16,6,1,13,13208,2,1,0,3,PRADO (AVENUE DU),43.2779239396,5.3882553419,20,2,2
202100016384,172Â 347,B01,1,1,1,5,2,8,-1,-1, -1,-1,2021,25.0,2,1,0,2,0,0,1,,3,GENEAL DE GAULLE (AVENUE) (1/41),0,,2,2,0,1,0,0,1,, -1,1,0,1,50,24,9,1,92,92036,2,3,0,3,GENEAL DE GAULLE (AVENUE) (1/41),48.9337799082,2.3133716792,11,2,2
202100019557,166Â 673,A01,1,1,1,5,0,-1,-1,0,0,-1,2021,64.0,1,1,0,0,0,0,5,,3,66,0,,2,2,0,2,13,452,1,, -1,1,0,1,-1,12,9,1,44,44145,2,1,0,7,La Caverniere,47.178107,-1.866451,17,1,1
202100051210,110Â 141,A01,10,3,1,5,0,-1,-1,1,3,1,2021,91.0,2,2,0,1,1,1,1,,3,28,0,,2,2,0,1,(1),(1),1,, -1,1,0,1,50,17,2,1,40,40065,2,1,0,6,Avenue de Verdun,43.638238,-1.425015,14,2,1
202100037827,134Â 040,B01,1,1,1,1,8,0,-1,0,0,-1,2021,21.0,1,1,0,2,7,5,3,,4,BOULEVARD SAINT GERMAIN,0,,1,4,0,1,(1),(1),1,, -1,1,0,1,50,28,5,5,75,75106,2,2,0,1,BOULEVARD SAINT GERMAIN,48.852882,2.336999,22,3,2
202100038322,133Â 141,A01,10,3,2,2,0,-1,-1,1,3,1,2021,18.0,1,2,0,1,1,1,1,,3,RAVINE VILAINE (CHEMIN DEPARTEMENTAL DE),0,,2,2,0,1,0,600,1,, -1,1,0,1,50,25,5,1,972,97209,1,1,0,6,RAVINE VILAINE (CHEMIN DEPARTEMENTAL DE),14.6311055419,-61.0598230362,7,2,1
202100020109,165Â 680,Z01,10,3,1,5,8,8,-1,3,3,1,2021,36.0,2,1,0,1,0,1,0,,4,AVENUE PHILIPPE AUGUSTE,0,,2,2,0,1,(1),(1),1,, -1,2,0,1,30,8,9,5,75,75111,2,3,1,6,AVENUE PHILIPPE AUGUSTE,48.85299,2.39306,22,2,1
202100036443,136Â 564,B01,1,1,1,9,2,6,-1,-1, -1,-1,2021,19.0,2,1,0,2,1,1,1,,4,RONDEAU   BOULEVARD ARISTIDE,0,,2,2,0,1,(1),(1),1,, -1,1,0,1,30,4,6,1,17,17300,2,1,0,1,RONDEAU   BOULEVARD ARISTIDE,46.158523,-1.186524,19,3,2
202100030245,147Â 703,A01,1,1,1,4,2,0,-1,-1, -1,-1,2021,22.0,3,1,0,2,2,17,3,,4,HENRI ROUART (R),0,,2,2,0,2,1,0,1,, -1,1,0,1,50,7,7,1,94,94060,2,2,0,3,HENRI ROUART (R),48.78227,2.57823,19,2,2
202100017764,169Â 866,A01,1,1,2,4,1,8,-1,-1, -1,-1,2021,35.0,2,2,0,2,4,1,1,,1,A51-Sens Aix en Provence vers Marseille,0,,1,2,0,1,0,1,1,, -1,1,0,1,90,20,9,3,13,13106,1,1,0,2,A51-Sens Aix en Provence vers Marseille,43.39741,5.35179,20,3,3
202100030043,148Â 084,B01,2,1,1,5,-1,0,-1,-1, -1,-1,2021,29.0,0,0,0,2,0,0,0,,3,SAINT LEU (ROUTE),0,,2,2,0,1,0,1,1,, -1,1,0,1,50,7,7,1,93,93079,2,1,0,3,Route de Saint-Leu,48.951335,2.339292,18,2,2
202100042614,125Â 454,A01,2,2,2,0,1,0,-1,-1, -1,-1,2021,26.0,2,1,0,0,8,16,1,,3,50,0,,1,3,1,1,0,0,2,, -1,1,0,1,30,25,4,1,92,92040,2,6,1,7,VICTOR HUGO (ROND-POINT),48.82799,2.27372,10,2,1
202100005210,192Â 463,A01,1,1,1,5,2,6,-1,-1, -1,-1,2021,15.0,2,1,0,0,3,15,1,,4,Cueille (Rue),0,,2,2,0,2,0,0,2,, -1,2,0,1,50,29,9,1,19,19272,2,1,1,6,Cueille (Rue),45.2540835331,1.7568108838,12,1,1
202100047952,116Â 023,A01,2,2,1,5,2,6,-1,0,0,-1,2021,30.0,1,1,0,2,2,3,1,,4,PORTE DE BAGNOLET,0,,1,4,0,1,30,400,1,, -1,2,0,1,70,13,3,1,75,75120,2,1,0,3,PORTE DE BAGNOLET,48.85993,2.413982,16,3,2
202100045552,120Â 315,A01,1,1,1,3,2,6,-1,-1, -1,-1,2021,49.0,1,1,0,2,8,2,1,,4,D 606,0,,2,1,0,1,(1),(1),2,, -1,1,0,1,50,2,3,1,89,89236,2,1,0,2,,48.17748,3.29445,13,2,2
202100030258,147Â 679,A01,2,2,1,0,1,-1,-1,0,0,-1,2021,5.0,2,2,4,0,1,1,1,,1,8,-1,,3,4,0,2,93,400,2,, -1,1,0,1,130,8,7,1,83,83073,1,1,0,6,A8 Pk 093.400,43.4045382354,6.2982773781,13,2,1
202100003780,195Â 007,A01,1,1,1,5,1,-1,-1,0,0,-1,2021,22.0,2,2,13,0,1,1,1,,3,304,-1,,2,2,0,1,14,104,1,, -1,7,0,8,90,10,12,3,72,72325,1,1,1,6,pk 14 D304,47.833641,0.489256,20,1,1
202100045636,120Â 164,A01,1,1,1,1,8,0,-1,0,0,-1,2021,38.0,2,1,0,0,1,16,5,,4,QUAI DE VALMY,0,,1,5,1,1,(1),(1),1,, -1,1,0,1,30,1,4,1,75,75110,2,4,0,6,QUAI DE VALMY,48.882497,2.369231,9,1,1
202100019881,166Â 096,A01,10,3,1,5,0,-1,-1,2,3,1,2021,21.0,0,2,0,1,1,1,1,,4,SAINT LOUIS (RUE),0,,2,2,0,1,(1),(1),1,, -1,1,9,1,50,8,9,1,27,27229,2,1,0,6,SAINT LOUIS (RUE),49.023894,1.15495,11,3,1
202100030814,146Â 686,B01,2,2,1,0,2,-1,-1,-1, -1,-1,2021,16.0,1,1,0,2,7,14,1,,7,CD 46 DE 1930 A FIN (VALETTE),0,,2,2,0,2,9,500,1,, -1,1,0,3,70,28,6,1,83,83137,2,1,0,3,CD 46 DE 1930 A FIN (VALETTE),43.14908,5.97406,17,3,2
202100012926,178Â 631,A01,1,1,1,5,1,-1,-1,0,0,-1,2021,35.0,1,2,13,0,1,1,1,,3,463,-1,,2,2,0,1,3,700,1,, -1,1,0,3,80,16,10,3,71,71100,1,1,0,6,Route de Gratay,46.506896,4.83083,1,1,1
202100008479,186Â 581,B01,1,1,1,0,8,-1,-1,-1, -1,-1,2021,40.0,1,1,0,2,8,19,5,,4,RUE DES VIVANTS,0,,2,2,0,1,(1),(1),1,, -1,1,0,1,30,10,11,5,33,33063,2,2,0,3,Rue des Vivants,44.85358,-0.54168,21,2,2
202100019133,167Â 427,B01,1,1,1,0,1,0,-1,-1, -1,-1,2021,29.0,1,2,0,2,0,0,1,,3,PARADIS (LIGNE) (2),0,,2,2,0,1,(1),(1),1,, -1,1,0,1,50,13,9,1,974,97416,1,3,0,3,BENOITE BOULARD (RUE),-21.31278,55.47474,8,2,2
202100055004,103Â 492,A01,1,1,1,0,1,0,-1,-1, -1,-1,2021,41.0,2,2,3,0,1,21,1,,1,AUTOROUTE A104,0,,3,6,0,1,3,799,1,, -1,2,0,1,90,13,1,3,93,93078,1,1,1,6,AUTOROUTE A104,48.95808,2.52948,5,1,1
202100001258,199Â 517,A01,4,2,2,5,1,-1,-1,-1,0,-1,2021,11.0,2,2,0,0,1,1,1,,2,RN 184,0,,3,3,0,1,3,0,1,, -1,2,0,2,70,27,12,1,95,95572,1,1,1,7,RN 184,49.033924,2.111563,13,3,1
202100030932,146Â 470,B01,1,1,1,5,0,-1,-1,0,0,-1,2021,74.0,1,1,0,2,8,15,5,,3,610,0,,2,1,0,1,16,230,1,, -1,1,0,1,50,5,7,1,11,11301,2,3,0,6,D610,43.222585,2.619072,12,2,2
202100023089,160Â 341,B01,1,1,1,5,1,8,-1,0,0,-1,2021,68.0,1,2,0,2,4,1,1,,3,,0,,2,2,0,2,0,941,1,, -1,1,0,1,50,2,8,1,6,6029,2,1,0,2,VALLAURIS (AVENUE DE),43.558415,7.02799,17,2,2
202100030923,146Â 486,A01,10,3,1,5,0,-1,-1,1,2,1,2021,65.0,1,2,0,1,2,1,1,,3,183,0,D,2,2,0,1,4,200,1,, -1,1,0,1,80,5,7,1,30,30336,1,1,1,6,D183,43.854645,4.642625,8,2,1
202100019927,166Â 012,B01,1,1,1,0,2,6,-1,-1, -1,-1,2021,40.0,0,1,0,2,1,1,1,,3,MITRY [CD115] (RUE DE),0,,2,2,0,1,0,0,1,, -1,1,0,1,50,8,9,1,93,93005,2,3,0,3,Route de Mitry / Rue des Coquelicots,48.942612,2.505551,15,2,2
202100016077,172Â 908,A01,1,1,1,0,2,0,-1,-1, -1,-1,2021,42.0,1,1,0,2,1,1,3,,4,L'ASSAINISSEMENT (RUE DE),0,,1,0,0,1,(1),(1),1,, -1,1,0,1,50,27,9,5,971,97120,2,1,0,3,L'ASSAINISSEMENT (RUE DE),16.2439379564,-61.532439828,19,3,2
202100034190,140Â 638,A01,10,3,2,1,0,-1,-1,1,1,1,2021,56.0,0,2,0,1,7,12,1,,4,,-1,,2,2,0,1,(1),(1),1,,4,1,0,1,50,17,6,1,60,60395,2,1,0,6,Allee Louis Lumiere,49.222163,2.128227,15,2,1
202100035806,137Â 706,A01,1,1,1,1,0,-1,-1,0,0,-1,2021,21.0,2,1,0,2,0,9,5,,3,743,2,,2,2,0,1,2,170,1,,7,1,0,1,50,7,6,1,79,79202,2,1,0,3,7 Rue de lâYser,46.63908,-0.240932,17,2,2
202100010731,182Â 547,A01,4,2,1,5,1,0,-1,0,0,-1,2021,7.0,1,2,0,2,1,2,1,,4,PORTE DE CLIGNANCOURT,0,,1,4,0,1,22,300,1,, -1,1,0,1,70,27,10,1,75,75118,2,1,0,4,PORTE DE CLIGNANCOURT,48.901013,2.349407,11,5,4
202100018336,168Â 849,M01,1,1,1,9,2,0,-1,-1, -1,-1,2021,17.0,2,1,0,2,1,1,1,,7,VANDERHAGEN ALBERT RUE,0,,2,2,1,1,(1),(1),1,, -1,1,0,1,50,16,9,1,59,59286,2,1,0,3,VANDERHAGEN ALBERT RUE,50.61136,2.97848,19,2,2
202100010458,183Â 028,A01,1,1,1,0,2,6,-1,-1, -1,-1,2021,47.0,2,1,0,0,0,1,1,,1,AUTOROUTE A6,0,,1,3,0,1,20,600,1,, -1,2,0,1,110,29,10,1,91,91687,1,1,1,7,AUTOROUTE A6,48.6591,2.37405,13,1,1
202100030300,147Â 605,B01,1,1,1,0,0,-1,-1,0,0,-1,2021,8.0,1,1,0,2,1,19,5,,3,2,-1,,2,2,0,1,(1),(1),1,, -1,1,0,1,50,7,7,1,55,55517,2,1,1,3,route de verdun,48.977879,5.059236,17,2,2
202100013448,177Â 700,A01,1,1,1,0,2,6,-1,0,0,-1,2021,39.0,2,1,2,0,1,1,1,,3,933,0,A,2,2,0,1,3,186,1,, -1,1,0,8,80,13,10,1,1,1305,1,1,0,6,Rd933A Pk 0002.350,46.446374,4.905497,16,1,1
202100001900,198Â 400,A01,1,1,2,3,1,0,-1,0,0,-1,2021,36.0,1,2,2,0,2,21,1,,3,SEMARD (AVENUE PIERRE),0,,2,2,0,2,22,532,1,, -1,1,0,1,50,21,12,1,6,6069,2,1,0,6,SEMARD (AVENUE PIERRE),43.656367,6.927351,15,1,1
202100012062,180Â 151,A01,1,1,2,1,2,6,-1,-1, -1,-1,2021,23.0,2,1,0,0,8,1,1,,2,PARIS (RTE DE),0,,2,2,0,1,1,0,1,, -1,2,5,1,50,20,10,1,94,94070,2,6,1,7,Route de Paris,48.71524,2.5747,10,1,1
202100035973,137Â 382,A01,10,3,1,0,8,8,-1,9,B,1,2021,55.0,3,1,0,1,0,0,0,,4,,0,,2,2,0,1,0,0,1,, -1,1,0,1,50,23,5,1,92,92025,2,1,0,6,JULES MICHELET (RUE),48.9320104629,2.2690406273,13,2,1
202100027328,152Â 873,A01,1,1,1,0,2,6,-1,0,0,-1,2021,37.0,1,1,0,2,7,1,1,,4,SPOSATA CHEMIN DE LA,0,,2,2,0,2,(1),(1),1,, -1,1,2,1,50,23,7,1,201,201004,2,1,0,1,SPOSATA CHEMIN DE LA,41.9478963896,8.7574977279,16,3,2
202100001001,199Â 973,A01,10,3,2,5,0,-1,-1,3,3,3,2021,20.0,3,2,0,1,3,1,1,,4,BRIAND (RUE ARISTIDE ),0,,3,2,0,1,(1),(1),3,, -1,2,0,1,50,28,12,5,59,59017,2,1,1,6,BRIAND (RUE ARISTIDE ),50.68893,2.88318,17,3,1
202100045452,120Â 492,B01,1,1,1,5,2,6,-1,-1, -1,-1,2021,27.0,3,1,0,2,1,1,1,,4,BARBUSSE (AVENUE HENRI) A30,0,,2,4,0,1,0,1,1,, -1,1,0,1,50,2,4,1,93,93008,2,3,0,3,BARBUSSE (AVENUE HENRI) A30,48.90837,2.42747,16,2,2
202100046657,118Â 371,A01,1,1,1,1,2,0,-1,-1, -1,-1,2021,28.0,3,1,0,2,1,1,1,,4,FRUCTIDOR(RUE),0,,2,2,0,1,0,0,1,, -1,1,0,1,50,25,3,1,93,93070,2,1,0,5,FRUCTIDOR(RUE),48.9009624375,2.3259185424,10,3,3
202100006772,189Â 684,A01,1,1,2,0,1,-1,-1,0,0,-1,2021,32.0,1,2,0,0,0,0,1,,3,183,0,D,2,2,0,1,1,500,1,, -1,2,0,3,80,24,11,1,30,30336,1,1,1,7,D183,43.84185,4.632165,16,1,1
202100052941,107Â 090,A01,10,3,2,0,0,-1,-1,3,3,2,2021,65.0,0,2,0,1,0,1,6,,3,,0,D,2,2,0,1,26,720,1,, -1,1,0,1,50,22,1,2,60,60581,2,1,0,1,Rue de Beauvais,49.505931,2.431739,7,2,1
202100039964,130Â 154,B01,1,1,2,0,1,0,-1,-1, -1,-1,2021,60.0,1,2,0,2,3,16,1,,3,BARBES (AV),0,,2,2,0,1,0,0,1,, -1,2,0,1,30,14,5,1,94,94068,2,3,1,3,BARBES (AV),48.79682,2.49114,15,2,2
202100005966,191Â 132,A01,1,1,1,1,1,0,-1,0,0,-1,2021,25.0,1,2,0,5,1,21,1,,3,ANDELLE (CHAUSSEE D'),0,,2,2,0,1,11,250,1,, -1,2,0,3,80,26,11,3,27,27528,1,1,1,7,ANDELLE (CHAUSSEE D'),49.26033,1.23547,22,1,1
202100013037,178Â 445,B01,1,1,2,0,8,0,-1,-1, -1,-1,2021,62.0,2,1,0,2,7,1,3,,3,NOUAILLE (ROUTE DE),0,,1,2,0,1,4,715,4,, -1,1,0,1,50,14,10,1,86,86194,2,6,0,3,Route de Nouaille,46.563809,0.365284,14,2,2
202100023205,160Â 141,B01,1,1,1,1,2,6,-1,0,0,-1,2021,36.0,2,1,0,2,7,1,1,,3,93,-1,,2,2,2,1,1,180,1,,4,1,0,1,50,22,8,1,83,83119,2,3,0,3,Route des Plages,43.2596858511,6.6315533502,12,2,2
202100044243,122Â 584,A01,10,3,2,9,0,-1,-1,3,3,1,2021,26.0,2,2,0,1,1,19,1,,3,BOULEVARD DES HEROS,0,,1,2,0,1,(1),(1),1,, -1,1,0,1,50,12,4,2,971,97101,2,9,0,6,BOULEVARD DES HEROS,16.2438,-61.53041,17,2,1
202100014821,175Â 212,A01,1,1,1,1,2,6,-1,0,0,-1,2021,28.0,3,1,15,0,2,1,1,,3,VICTORIA (Square),0,,2,2,0,1,5,770,1,, -1,1,1,1,50,7,10,5,6,6083,2,9,0,6,VICTORIA (Square),43.778807,7.506524,0,1,1
202100027289,152Â 950,A01,2,2,1,5,2,-1,-1,0,0,-1,2021,25.0,1,1,0,0,8,1,1,,3,52,-1,,2,2,0,2,1,280,2,, -1,1,0,1,80,25,7,1,974,97421,1,1,0,7,Rd 52,-21.033402,55.534301,14,2,1
202100030213,147Â 761,B01,1,1,2,5,1,0,-1,-1, -1,-1,2021,39.0,2,2,0,2,1,1,1,,3,RD 131 (ROUTE D'HAUTERIVE),0,,2,2,0,1,2,600,1,, -1,1,0,1,70,2,7,1,3,3001,1,1,0,1,Route dâHauterive,46.09756,3.43127,19,3,2
202100030093,147Â 990,A01,2,2,1,5,1,-1,-1,0,0,-1,2021,64.0,1,2,4,2,8,11,1,,1,11,0,A,1,4,0,2,172,400,1,,"17,5",1,0,1,110,9,7,1,72,72320,1,1,0,5,"Autoroute A11, PK 172+400",48.050539,0.166597,12,5,3
202100030577,147Â 098,B01,1,1,1,5,2,8,-1,-1, -1,-1,2021,66.0,2,1,0,2,1,1,5,,4,THIERS (AVENUE),0,,2,2,0,1,(1),(1),1,, -1,1,5,1,50,25,6,3,19,19031,2,2,0,3,THIERS (AVENUE),45.15755,1.54036,22,2,2
202100031941,144Â 653,A01,1,1,1,1,2,6,-1,-1, -1,-1,2021,22.0,2,1,0,2,1,3,1,,2,RN346   29.300 A 34.350,0,,3,4,0,1,31,0,1,, -1,2,0,1,90,28,6,1,69,69275,1,1,0,3,RN346    29.300 A 34.350,45.7782624499,4.9648615303,8,2,2
202100050302,111Â 786,A01,1,1,2,1,8,-1,-1,-1, -1,-1,2021,30.0,2,1,0,2,1,26,3,,4,RABELAIS                            (R ),0,,-1,1,0,1,(1),(1),1,, -1,1,0,1,50,24,2,1,69,69383,2,2,0,3,RABELAIS (R),45.76279,4.84613,13,2,2
202100004392,193Â 904,A01,1,1,1,5,0,-1,-1,0,0,-1,2021,56.0,1,1,2,0,0,21,5,,3,RD514,-1,,2,2,0,1,(1),(1),1,, -1,1,0,1,50,12,8,1,14,14191,2,1,0,7,D514,49.33472561,-0.463396,18,1,1
202100051808,109Â 094,A01,10,3,1,5,0,-1,-1,4,3,1,2021,66.0,0,2,0,1,0,0,1,,4,CAPELETTE (AVENUE DE LA),0,,-1,2,0,1,(1),(1),1,, -1,1,0,1,50,11,2,1,13,13210,2,1,0,6,CAPELETTE (AVENUE DE LA),43.2811,5.4059,13,2,1
202100026633,154Â 102,A01,1,1,1,5,2,0,-1,-1, -1,-1,2021,18.0,1,1,0,0,0,26,1,,4,LEON BLUM      (Rue),0,,2,2,0,1,(1),(1),1,, -1,1,0,1,50,29,7,5,69,69266,2,1,0,7,LEON BLUM (R),45.7610604698,4.9081039101,0,2,1
202100039898,130Â 272,A01,2,2,1,5,8,0,-1,-1, -1,-1,2021,19.0,2,2,0,2,1,2,1,,1,6,0,,3,3,0,1,10,199,1,, -1,1,0,1,110,15,5,1,91,91689,1,1,0,2,AUTOROUTE A6,48.73144,2.31547,15,3,2
202100034365,140Â 311,A01,1,1,1,1,2,6,-1,0,0,-1,2021,19.0,3,1,0,2,1,13,0,,3,181,-1,,2,2,0,1,(1),(1),2,, -1,1,0,1,80,16,6,1,58,58208,1,1,0,1,D181,47.223208,3.625858,8,2,2
202100009231,185Â 208,B01,1,1,2,0,8,0,-1,-1, -1,-1,2021,19.0,2,1,0,2,2,19,5,,4,JULES VERNE (RUE),0,,2,4,1,1,0,0,1,, -1,1,0,1,50,4,11,1,67,67482,2,3,0,3,JULES VERNE (RUE),48.59529,7.71869,14,2,2
202100055651,102Â 379,B01,1,1,1,0,2,0,-1,-1, -1,-1,2021,62.0,2,1,0,2,4,2,1,,1,A86 EXT,0,,3,6,0,1,59,99,1,, -1,1,0,1,90,9,1,1,78,78640,1,1,0,2,A86 EXT,48.777279,2.223366,12,2,2
202100047868,116Â 198,A01,1,1,2,0,1,-1,-1,0,0,-1,2021,21.0,1,2,0,2,1,0,1,,3,810,-1,,2,3,0,1,98,800,1,, -1,1,0,1,80,15,3,1,40,40284,1,1,0,1,RD 810,43.647566,-1.330311,17,2,2
202100031426,145Â 569,B01,1,1,1,4,2,0,-1,0,0,-1,2021,34.0,2,1,0,2,1,17,1,,4,RUE LA FAYETTE,0,,2,2,0,1,(1),(1),1,, -1,1,2,1,50,1,7,1,75,75110,2,1,0,3,RUE LA FAYETTE,48.880051,2.359882,11,2,2
202100020959,164Â 202,A01,1,1,1,5,2,-1,-1,0,0,-1,2021,25.0,2,1,13,0,0,1,5,,3,45,0,D,2,2,0,2,3,500,4,, -1,1,0,1,80,4,9,2,74,74082,1,1,0,7,D45,46.12501,6.165926,18,1,1
202100037916,133Â 893,A01,1,1,1,5,2,-1,-1,0,0,-1,2021,80.0,2,1,13,0,2,1,5,,3,996,-1,,2,2,0,2,3,85,2,, -1,1,0,3,90,29,5,1,48,48176,1,1,0,6,D 996,44.191559,3.23616,11,1,1
202100020257,165Â 426,A01,10,3,1,4,0,-1,-1,9,4,1,2021,29.0,2,2,0,1,2,16,1,,4,SAINT-HUBERT (IMPASSE),0,,2,2,0,2,0,0,3,, -1,1,0,1,50,6,9,1,74,74305,2,1,0,6,SAINT-HUBERT (IMPASSE),46.2014336839,6.2597406242,10,2,1
202100035047,139Â 050,A01,2,2,1,5,1,8,-1,-1, -1,-1,2021,20.0,3,2,0,2,3,19,1,,6,PARIS (ROUTE DE),0,,2,0,0,1,29,1054,1,, -1,1,0,1,30,10,6,2,1,1451,2,3,0,3,PARIS (ROUTE DE),46.235608,5.19766,21,3,2
202100033813,141Â 319,B01,2,2,2,5,2,8,-1,-1, -1,-1,2021,23.0,3,1,0,2,7,1,1,,4,CHAMBRE D'AMOUR (AVENUE DE LA),0,,2,4,0,1,0,0,1,, -1,1,0,1,30,16,6,1,64,64024,2,2,0,5,CHAMBRE D'AMOUR (AVENUE DE LA),43.49496,-1.53159,11,4,3
202100046167,119Â 244,A01,1,1,1,5,2,-1,-1,0,0,-1,2021,45.0,3,1,13,0,1,1,1,,4,,-1,,2,2,0,1,(1),(1),2,, -1,1,0,3,50,29,3,1,56,56165,1,1,0,6,Le Bois Hellio (Monterrein),47.894068,-2.33967,17,2,1
202100003453,195Â 583,A01,10,3,1,5,0,-1,-1,5,1,2,2021,25.0,2,1,0,1,4,25,1,,3,"""LANDY RD 20, NR IMPAIRS 146 A 254""",0,,2,2,0,1,0,1,1,, -1,1,9,4,50,10,12,1,93,93066,2,1,0,6,"""LANDY RD 20, NR IMPAIRS 146 A 254""",48.9145336484,2.3478279078,13,3,1
202100012615,179Â 163,A01,4,2,1,0,1,0,-1,-1, -1,-1,2021,24.0,2,1,0,2,1,2,1,,2,kaweni-GEOLE (la),0,,2,0,0,1,3,0,1,, -1,9,8,1,50,17,10,3,976,97611,2,1,0,7,kaweni-GEOLE (la),-12.76638,45.22484,18,2,1
202100000345,201Â 100,A01,1,1,2,5,1,0,-1,-1, -1,-1,2021,53.0,1,2,0,2,8,2,1,,1,A507 sens Marseille - Aubagne,0,,1,4,0,1,7,775,1,, -1,1,1,1,70,24,12,5,13,13055,1,1,1,3,A507 sens Marseille - Aubagne,43.2918034515,5.4242679208,19,2,2
202100036867,135Â 799,A01,10,3,1,0,0,-1,-1,2,3,1,2021,29.0,2,1,0,1,1,1,5,,4,PILIER (RUE DU),0,,1,1,0,1,1,0,1,, -1,1,0,1,50,2,6,1,93,93001,2,1,0,6,PILIER (RUE DU),48.908773,2.369935,12,2,1
202100052894,107Â 171,A01,1,1,2,5,1,0,-1,-1, -1,-1,2021,31.0,2,2,0,0,2,14,1,,3,POINTIS INARD (ROUTE DE),0,,2,2,0,1,9,950,1,, -1,2,0,3,80,1,2,1,31,31344,1,1,1,7,POINTIS INARD (ROUTE DE),43.09685,0.75921,14,1,1