Num_Acc,id_vehicule,num_veh,place,catu,sexe,trajet,secu1,secu2,secu3,locp,actp,etatp,year_acc,victim_age,senc,catv,obs,obsm,choc,manv,motor,occutc,catr,voie,v1,v2,circ,nbv,vosp,prof,pr,pr1,plan,lartpc,larrout,surf,infra,situ,vma,jour,mois,lum,dep,com,agg_,int,atm,col,adr,lat,long,hour,nb_victim,nb_vehicules
202100018036,169Â 388,B01,1,1,1,5,1,-1,-1,0,0,-1,2021,33.0,1,2,0,2,1,1,1,,7,2089,-1,,2,2,0,2,70,800,2,, -1,2,0,1,80,18,9,3,63,63345,1,1,1,1,D 2089 ROUTE DU MONT DORE,45.706663,3.03492,20,2,2
202100025457,156Â 161,A01,1,1,1,5,1,0,-1,0,0,-1,2021,42.0,1,2,0,2,1,1,1,,2,LACRA RN532,0,,1,2,0,1,5,80,3,, -1,2,3,2,110,4,8,2,26,26362,1,9,1,3,LACRA ,44.953955,4.935413,20,2,2
202100015458,174Â 073,A01,1,1,1,1,2,6,-1,-1,0,-1,2021,42.0,1,1,0,2,2,3,1,,2,RN 104,0,,3,4,0,1,13,899,1,, -1,1,0,1,90,1,10,1,95,95365,1,1,0,5,RN 104,49.06604,2.40522,8,3,3
202100006216,190Â 698,A01,2,2,2,5,1,-1,-1,-1, -1,-1,2021,75.0,1,2,0,2,2,15,1,,4,ROBERT SCHUMAN          (PT),0,,2,4,1,1,(1),(1),1,, -1,1,5,1,50,24,11,5,69,69384,2,2,0,3,ROBERT SCHUMAN (PT),45.7799849829,4.8109066486,20,3,2
202100044437,122Â 255,B01,1,1,1,5,1,0,-1,-1, -1,-1,2021,28.0,2,2,0,2,4,1,1,,1,A4,0,,1,2,0,3,8,300,3,, -1,2,0,1,50,11,4,5,94,94017,1,1,1,4,A4,48.8304354758,2.4932061611,0,3,3
202100008750,186Â 095,A01,1,1,1,9,2,6,-1,0,0,-1,2021,35.0,1,1,0,2,8,21,1,,4,BOULEVARD BERTHIER,0,,2,1,0,1,(1),(1),1,, -1,1,0,1,30,9,11,1,75,75117,2,7,0,7,BOULEVARD BERTHIER,48.887168,2.297963,13,1,1
202100046529,118Â 615,A01,10,3,2,0,0,-1,-1,3,3,1,2021,41.0,3,2,0,1,2,16,1,,4,Daniel Mayer,0,,2,2,2,1,(1),(1),3,, -1,1,0,8,50,25,3,1,37,37261,2,1,1,6,Daniel Mayer,47.4187,0.692,15,2,1
202100054550,104Â 267,A01,1,1,1,5,1,0,-1,-1, -1,-1,2021,28.0,2,2,0,2,1,2,1,,2,ROUTE NATIONALE 5,0,,2,3,0,1,0,300,1,, -1,2,0,1,90,17,1,3,972,97213,1,1,1,2,ROUTE NATIONALE 5,14.59672,-60.9947,21,4,2
202100026143,154Â 965,B01,1,1,1,9,8,0,-1,-1, -1,-1,2021,18.0,2,2,0,2,8,1,1,,4,PIERRE PUGET (COURS),0,,1,2,0,2,0,0,1,, -1,1,0,1,50,31,7,2,13,13206,2,2,0,3,PIERRE PUGET (COURS),43.29024,5.37594,6,5,2
202100047808,116Â 299,B01,1,1,2,0,1,0,-1,-1, -1,-1,2021,33.0,1,2,0,2,4,1,1,,4,REPUBLIQUE (AV DE LA ),0,,1,1,0,1,1,233,1,, -1,1,0,1,30,16,3,1,13,13043,2,1,0,2,REPUBLIQUE (AV DE LA ),43.39377,5.23198,17,2,2
202100037150,135Â 282,A01,1,1,1,1,1,0,-1,-1, -1,-1,2021,25.0,2,2,4,0,1,0,0,,1,A12 W,0,,-1,4,0,1,4,800,1,, -1,1,0,1,110,31,5,3,78,78545,1,1,0,6,A12 W,48.81059,2.05613,22,1,1
202100037107,135Â 374,A01,1,1,1,9,2,6,-1,0,0,-1,2021,16.0,3,6,13,0,1,0,1,,4,,-1,,4,2,0,2,0,0,1,,5,1,0,3,80,2,6,1,8,8085,1,1,0,7,chemin de brieulles sur bar,49.476835,4.859307,14,1,1
202100000747,200Â 378,B01,1,1,1,5,1,-1,-1,-1,0,-1,2021,22.0,3,5,8,2,3,1,1,,3,ERABLES (AVENUE DES),0,,2,2,0,1,0,0,1,, -1,1,0,1,50,31,12,5,95,95680,2,2,0,3,AVENUE DE TISSONVILLIERS,49.0011588338,2.3895692825,2,2,2
202100040822,128Â 658,B01,1,1,2,5,0,-1,-1,0,0,-1,2021,79.0,3,1,0,2,1,1,5,,4,,0,,2,2,0,1,(1),(1),1,,4,1,0,1,50,8,5,1,85,85114,2,3,0,3,Rue des Calines,46.415176,-1.567038,10,2,2
202100053588,105Â 934,A01,1,1,1,5,2,0,-1,0,0,-1,2021,15.0,3,1,0,2,1,19,1,,4,,0,,2,2,0,1,(1),(1),1,, -1,1,0,1,30,25,1,1,54,54079,2,2,0,3,SAINT-ETIENNE (RUE),48.8816,6.04949,17,4,2
202100004002,194Â 586,B01,2,2,2,2,1,-1,-1,-1, -1,-1,2021,7.0,1,2,0,2,4,2,1,,2,RN 138,0,,1,3,0,1,13,1,1,, -1,2,0,1,110,7,12,1,76,76497,1,1,1,2,RN 138,49.3656310844,1.0394851863,8,3,2
202100029261,149Â 457,A01,2,2,2,5,0,0,-1,0,0,-1,2021,21.0,1,5,2,0,1,13,1,,4,RUE JULES GARNIER,0,,3,2,0,1,0,0,3,, -1,1,0,1,50,9,7,5,988,98818,2,3,0,6,RUE JULES GARNIER/RUE PADDON,-22.28963,166.44161,23,4,1
202100011644,180Â 912,A01,1,1,1,9,2,0,-1,0,0,-1,2021,31.0,3,1,0,2,3,1,1,,4,AVENUE HOCHE,0,,2,2,0,1,(1),(1),1,, -1,1,0,1,50,21,10,5,75,75108,2,2,0,3,AVENUE HOCHE,48.875199,2.298551,23,2,2
202100026061,155Â 102,A01,7,2,1,5,1,-1,-1,0,0,-1,2021,15.0,3,2,13,0,1,1,0,,3,,-1,,2,2,0,1,(1),(1),3,,4,2,0,3,30,30,7,1,64,64040,2,1,1,7,le vert Ã  l'oeil,43.096988,-0.721123,16,5,1
202100001670,198Â 817,A01,2,2,2,5,1,4,-1,-1, -1,-1,2021,34.0,2,2,0,2,6,23,1,,7,Autoroute A.35,0,,3,4,0,1,301,299,1,, -1,1,0,1,90,18,12,3,67,67482,1,1,0,2,Autoroute A.35,48.59113,7.7345,20,3,2
202100036809,135Â 910,B01,1,1,1,0,2,6,-1,-1, -1,-1,2021,60.0,2,1,0,0,5,12,1,,3,MORTEAU DE (DU 0 AU 30),0,,4,10,0,1,37,400,2,, -1,1,5,1,50,2,6,1,25,25462,2,6,0,3,MORTEAU DE (DU 0 AU 30),46.90573,6.35766,13,2,2
202100031052,146Â 235,B01,1,1,2,5,1,0,-1,-1, -1,-1,2021,35.0,1,2,0,2,8,15,1,,7,RD 191,0,,2,4,1,1,(1),(1),1,, -1,1,0,1,50,29,6,1,59,59279,1,1,0,3,RD 191,50.759895676,3.1097745895,19,3,2
202100032364,143Â 914,A01,10,3,1,5,0,-1,-1,0,9,2,2021,26.0,0,5,0,1,0,0,1,,4,,-1,,2,2,0,1,(1),(1),1,,4,1,0,1,50,25,6,1,68,68252,2,1,0,7,1 Rue de la Gare,48.1598761129,7.3691627383,20,2,1
202100042190,126Â 210,A01,1,1,1,1,2,6,-1,-1, -1,-1,2021,56.0,1,1,0,2,2,16,1,,1,Rond Point Cazaux henri,0,,1,2,0,1,0,28,2,, -1,2,0,1,50,27,4,5,31,31555,2,9,0,3,Rond Point Cazaux henri,43.62407,1.41933,3,2,2
202100026701,153Â 982,A01,1,1,1,0,1,-1,-1,0,0,-1,2021,77.0,1,2,0,2,1,5,1,,3,1083,0,,2,2,0,1,28,208,1,, -1,1,0,1,80,28,7,1,1,1235,1,1,0,1,,46.062951,5.083126,14,3,2
202100005053,192Â 748,B01,1,1,2,1,1,0,-1,-1, -1,-1,2021,33.0,2,2,0,2,4,2,1,,3,TARBES DE,0,,2,3,0,1,21,215,1,, -1,2,0,1,50,2,12,5,64,64269,2,1,1,4,TARBES DE,43.29863,-0.30464,7,3,3
202100017283,170Â 759,A01,1,1,1,0,1,-1,-1,0,0,-1,2021,19.0,2,2,13,0,3,1,1,,3,30,-1,,2,2,0,1,14,350,1,, -1,2,0,1,80,25,9,2,53,53243,1,1,0,7,D30,48.143597,-0.936563,19,1,1
202100003531,195Â 431,A01,1,1,1,5,2,0,-1,0,0,-1,2021,20.0,1,1,0,2,1,1,1,,4,RUE DE LOURMEL,0,,2,2,0,1,(1),(1),1,, -1,1,0,1,30,24,9,1,75,75115,2,2,0,3,RUE DE LOURMEL,48.840633,2.284191,11,2,2
202100048633,114Â 829,A01,1,1,2,5,1,-1,-1,0,0,-1,2021,38.0,1,2,2,0,8,13,1,,3,410,0,D,2,2,0,1,3,465,2,0,"4,4",2,0,3,80,11,3,1,16,16146,1,1,1,6,Lieu-dit Le Plantier,45.62368,0.282898,16,1,1
202100014016,176Â 647,A01,10,3,1,5,0,-1,-1,4,3,1,2021,35.0,1,1,0,1,1,1,1,,4,BOULEVARD BARBES,0,,2,4,0,1,(1),(1),1,, -1,1,0,1,30,10,10,5,75,75118,2,2,0,6,BOULEVARD BARBES,48.883834,2.349481,0,2,1
202100027313,152Â 903,B01,1,1,1,5,1,-1,-1,-1,0,-1,2021,30.0,1,2,0,2,4,2,1,,1,AUTOROUTE A15,0,,3,8,0,1,12,500,1,, -1,1,0,1,110,24,7,3,95,95252,1,1,0,2, A15,48.98554,2.214,1,2,2
202100038662,132Â 526,A01,1,1,1,3,2,0,-1,-1, -1,-1,2021,40.0,2,1,0,2,1,26,1,,4,COURNEUVE (RUE DE LA),0,,1,1,0,1,0,0,1,, -1,1,0,1,50,23,5,1,93,93001,2,1,0,2,COURNEUVE (RUE DE LA),48.916375,2.38424,10,2,2
202100044927,121Â 420,A01,10,3,1,0,0,-1,-1,1,3,1,2021,10.0,1,2,0,1,3,1,1,,4,DOLLER (RUE DE LA),0,,2,2,0,1,0,0,1,, -1,1,0,1,50,4,4,1,67,67482,2,1,0,6,DOLLER (RUE DE LA),48.615737,7.774899,15,2,1
202100008814,185Â 992,B01,1,1,1,4,1,-1,-1,0,0,-1,2021,48.0,1,5,0,2,4,24,1,,4,,0,D,2,2,0,1,(1),(1),1,, -1,1,0,1,50,6,11,1,33,33449,2,1,0,2,Avenue Anatole France,44.8939,-0.74823,13,2,2
202100017654,170Â 064,B01,1,1,1,1,2,0,-1,-1, -1,-1,2021,14.0,1,1,0,0,0,1,1,,3,Dr Valette (Rue),0,,2,2,0,1,40,1002,1,, -1,2,0,1,50,20,9,5,19,19272,2,6,1,3,Dr Valette (Rue),45.2591725679,1.7525993585,7,2,2
202100012244,179Â 836,A01,1,1,1,9,2,0,-1,0,0,-1,2021,33.0,2,1,0,2,1,1,1,,4,RUE SAINT FARGEAU,0,,2,2,0,2,(1),(1),1,, -1,2,0,1,30,18,10,5,75,75120,2,3,1,1,RUE SAINT FARGEAU,48.871206,2.400833,20,2,2
202100036573,136Â 341,A01,1,1,1,9,2,8,-1,-1, -1,-1,2021,25.0,1,1,0,0,0,17,1,,4,MITTERAND (AVENUE DU PDT),0,,2,2,0,1,0,0,1,, -1,1,0,1,80,3,6,1,974,97416,1,1,0,7,MITTERAND (AVENUE DU PDT),-21.34857,55.49837,8,1,1
202100012416,179Â 512,A01,1,1,1,4,1,8,-1,-1, -1,-1,2021,48.0,1,2,0,2,0,1,1,,4,FORET NOIRE (AVENUE DE LA),0,,2,4,0,1,0,0,1,, -1,1,0,1,50,16,10,5,67,67482,2,3,0,3,FORET NOIRE (AVENUE DE LA),48.58615,7.76289,0,5,2
202100000978,200Â 007,B01,10,3,1,0,0,-1,-1,1,3,1,2021,62.0,0,1,0,1,0,1,5,,4,SAINT PIERRE (CHAUSSEE),0,,2,2,0,1,(1),(1),1,, -1,1,0,1,50,28,12,1,80,80021,2,1,1,6,SAINT PIERRE (CHAUSSEE),49.90346,2.30637,13,2,1
202100005634,191Â 717,A01,1,1,1,9,8,0,-1,0,0,-1,2021,19.0,1,1,14,0,1,13,3,,4,AVENUE DES GOBELINS,0,,2,4,0,1,(1),(1),1,, -1,2,0,1,50,28,11,5,75,75105,2,5,1,6,AVENUE DES GOBELINS,48.836795,2.351911,2,1,1
202100041734,127Â 012,A01,1,1,2,1,2,6,-1,0,0,-1,2021,61.0,1,1,0,2,8,15,1,,3,297,0,,3,1,0,2,2,800,3,,3,1,0,1,70,3,5,1,71,71192,1,3,0,3,lieu-dit le velet,46.849105,4.162794,8,2,2
202100002099,198Â 045,B01,1,1,1,5,2,6,-1,0,0,-1,2021,51.0,1,1,0,2,1,17,1,,3,99,0,,2,2,0,1,10,400,2,, -1,1,0,1,80,22,12,1,13,13100,1,1,0,2,D99,43.788843,4.850761,11,4,2
202100021657,162Â 919,B01,2,2,1,4,2,0,-1,0,0,-1,2021,35.0,2,1,0,2,2,1,1,,4,BOULEVARD DE COURCELLES,0,,2,2,0,1,(1),(1),1,, -1,1,0,1,30,31,8,1,75,75108,2,1,0,3,BOULEVARD DE COURCELLES,48.880213,2.308109,8,3,2
202100037312,134Â 978,Y01,1,1,1,9,0,-1,-1,0,0,-1,2021,31.0,1,1,0,2,4,26,5,,3,HENRI BARBUSSE (AVE) NÂ°126-280,0,,2,2,0,1,0,1,1,, -1,1,0,1,50,31,5,1,93,93029,2,1,0,3,HENRI BARBUSSE (AVE) NÂ°126-280,48.92129,2.45409,7,2,2
202100028805,150Â 232,B01,1,1,1,5,8,0,-1,-1, -1,-1,2021,40.0,2,1,0,2,7,1,3,,4,QUAI DU PORT,0,,1,1,0,1,0,0,2,, -1,1,5,1,50,15,7,1,77,77479,2,6,0,3,QUAI DU PORT,48.8659485852,2.6423293177,20,2,2
202100026271,154Â 740,A01,1,1,1,5,1,0,-1,-1, -1,-1,2021,53.0,-1,2,8,2,1,1,1,,3,RD 306,0,,2,4,0,1,6,181,1,, -1,2,0,1,50,28,7,5,77,77067,1,3,0,3,RD 306,48.5832,2.608,3,4,2
202100037729,134Â 227,A01,10,3,1,9,0,-1,-1,3,3,2,2021,5.0,3,2,0,1,2,1,1,,4,SAINT HELENS (RUE DE ),0,,2,2,0,1,(1),(1),1,, -1,1,6,1,50,28,5,1,71,71076,2,1,0,6,SAINT HELENS (RUE DE ),46.79684,4.86413,13,2,1
202100053332,106Â 390,A01,1,1,1,0,8,0,-1,-1, -1,-1,2021,56.0,2,1,0,2,7,1,5,,3,13,0,,2,2,0,1,(1),(1),2,, -1,1,0,1,50,25,1,1,59,59574,2,3,0,3,GAMBETTA LEON (RUE),50.35924,3.28969,15,2,2
202100029588,148Â 900,B01,1,1,1,4,1,0,-1,-1, -1,-1,2021,42.0,1,5,0,2,4,1,1,,3,TARBES DE,0,,3,2,0,1,20,975,1,, -1,1,0,1,50,9,7,1,64,64269,2,1,0,2,TARBES DE,43.2978040495,-0.3016600013,10,2,2
202100015794,173Â 438,A01,1,1,1,3,0,-1,-1,0,0,-1,2021,81.0,3,1,0,2,4,2,5,,4,,-1,,2,2,0,1,(1),(1),1,,5,1,0,1,90,1,10,1,66,66050,1,1,0,2,Route du Barcares,42.777165,2.92968,15,2,2
202100044109,122Â 830,B01,1,1,1,0,1,0,-1,-1, -1,-1,2021,29.0,1,1,0,2,8,1,1,,2,RN02,0,,2,2,0,1,(1),(1),1,, -1,1,0,1,80,13,4,1,974,97416,1,3,0,3,RN02,-21.3324097139,55.4804221838,10,2,2
202100020107,165Â 684,A01,1,1,1,9,2,6,-1,0,0,-1,2021,34.0,1,1,0,2,3,9,1,,4,RUE ROBERT ETLIN,0,,1,2,0,2,(1),(1),3,, -1,1,0,1,50,8,9,1,75,75112,2,4,0,2,RUE ROBERT ETLIN,48.828337,2.390403,8,2,2
202100053497,106Â 092,C01,1,1,1,0,2,6,-1,-1, -1,-1,2021,38.0,2,1,14,2,1,1,1,,3,MARCEL CACHIN (AVENUE) COTE NÂ°16 AU 50,0,,2,4,1,1,0,1,1,, -1,2,0,1,50,27,1,1,93,93072,2,2,1,5,MARCEL CACHIN (AVENUE) COTE NÂ°16 AU 50,48.95891,2.38222,15,4,4
202100023597,159Â 457,Z01,10,3,2,0,0,-1,-1,3,3,1,2021,28.0,3,2,0,1,7,1,0,,4,71Â° RI (DU),0,,2,2,0,1,1,0,1,, -1,1,0,1,30,10,7,1,22,22278,2,1,0,6,71Â° RI (DU),48.51112,-2.76041,19,2,1
202100047017,117Â 733,B01,1,1,1,1,8,-1,-1,-1, -1,-1,2021,29.0,3,1,0,2,1,19,3,,4,,0,,2,2,0,1,(1),(1),1,, -1,1,0,1,50,22,3,1,69,69387,2,1,0,3,JEAN FRANCOIS RACLET (AV),45.7339422789,4.8414646213,12,2,2
202100039275,131Â 397,B01,1,1,1,5,2,6,-1,-1, -1,-1,2021,63.0,1,1,0,2,3,1,1,,4,,0,,2,3,0,1,0,0,1,, -1,1,0,1,50,18,5,1,64,64445,2,2,0,3,GEN DE GAULLE DU,43.30181,-0.35621,16,2,2
202100001839,198Â 510,A01,10,3,1,0,0,-1,-1,2,3,1,2021,75.0,2,4,0,1,3,15,1,,4,EUROPE (DE L')                      (AV),0,,2,4,0,1,(1),(1),1,, -1,2,0,1,50,20,12,5,69,69286,2,3,0,6,EUROPE (DE L') (AV),45.818012932,4.9032819271,20,2,1
202100055359,102Â 884,A01,10,3,1,2,0,-1,-1,3,3,1,2021,14.0,1,2,0,1,2,1,1,,4,BOULEVARD DIDEROT,0,,2,3,0,1,(1),(1),1,, -1,1,0,1,50,12,1,2,75,75112,2,3,0,6,BOULEVARD DIDEROT,48.84715,2.385057,8,2,1
202100001871,198Â 448,B01,1,1,1,9,2,0,-1,-1, -1,-1,2021,30.0,1,1,0,2,1,26,1,,4,COUPERIN,0,,1,2,0,1,1,0,2,, -1,1,0,1,30,21,12,1,49,49007,2,1,0,3,COUPERIN,47.46729,-0.52961,13,2,2
202100018909,167Â 845,B01,1,1,1,0,1,0,-1,-1, -1,-1,2021,50.0,2,2,0,2,2,2,1,,2,PASTEUR (AVENUE),0,,1,1,0,1,0,0,1,, -1,1,0,1,50,14,9,1,972,97209,1,1,0,4,PASTEUR (AVENUE),14.61468,-61.06276,6,3,3
202100024768,157Â 379,A01,10,3,2,5,0,-1,-1,2,4,1,2021,20.0,2,2,0,1,2,1,1,,4,RUE DE TOLBIAC,0,,2,4,0,1,(1),(1),1,, -1,1,0,1,50,10,8,1,75,75113,2,1,0,6,RUE DE TOLBIAC,48.830156,2.376015,14,2,1
202100008406,186Â 708,B01,1,1,1,5,1,-1,-1,0,0,-1,2021,66.0,2,2,0,2,1,2,1,,1,4,0,A,3,4,0,2,264,300,2,, -1,2,0,1,110,13,11,1,55,55237,1,1,1,2,A4,49.118932,5.543777,11,7,2
202100021424,163Â 359,A01,1,1,1,0,1,0,-1,-1, -1,-1,2021,55.0,1,5,0,2,4,2,0,,2,RTE DE FONTAINEBLEAU,0,,1,4,0,1,4,0,1,, -1,1,0,1,70,31,8,1,91,91027,1,1,0,2,RTE DE FONTAINEBLEAU,48.717559,2.370785,16,4,2
202100033734,141Â 467,A01,1,1,2,9,1,-1,-1,0,0,-1,2021,81.0,2,2,14,0,3,1,1,,5,9,0,A,1,1,0,1,191,100,1,, -1,1,0,1,50,10,6,1,30,30326,1,9,0,6,Aire de Tavel-Sud (Embranchement d'autoroute),43.998588,4.698243,8,1,1
202100045339,120Â 697,A01,10,3,2,1,0,-1,-1,4,3,2,2021,34.0,2,2,0,0,1,1,1,,4,GEORGES POMPIDOU ( BD),0,,2,3,0,1,0,1,1,, -1,2,0,1,50,13,1,5,5,5061,2,1,0,6,GEORGES POMPIDOU ( BD),44.55634,6.07925,18,3,1
202100043126,124Â 589,A01,10,3,2,5,0,-1,-1,2,3,1,2021,32.0,3,2,0,1,1,15,1,,4,CARPAYE(AVENUE),0,,2,2,0,1,0,0,1,, -1,1,0,1,50,21,4,1,974,97407,2,1,0,6,CARPAYE(AVENUE),-20.9457,55.29841,10,2,1
202100055309,102Â 964,A01,1,1,1,1,1,8,-1,-1, -1,-1,2021,25.0,1,2,13,0,6,1,1,,4,RUE DES LANDES DE TERREFORT,0,,2,2,0,2,0,0,3,, -1,1,0,3,50,11,1,1,49,49328,2,1,0,7,RUE DES LANDES DE TERREFORT,47.25371,-0.10559,16,1,1
202100049013,114Â 148,A01,1,1,1,5,2,-1,-1,0,0,-1,2021,65.0,3,1,0,0,1,1,5,,4,,-1,,2,2,0,2,(1),(1),1,, -1,1,0,1,80,6,3,1,21,21673,1,1,0,7,Chemin de BÃ©coup,47.1708107561,4.7218036652,13,1,1
202100037396,134Â 817,A01,1,1,1,0,1,0,-1,-1, -1,-1,2021,31.0,1,5,1,0,1,2,1,,1,AUTOROUTE A104,0,,3,6,0,1,4,900,1,, -1,1,0,1,90,31,5,2,93,93078,1,1,0,2,AUTOROUTE A104,48.96117,2.54332,5,2,2
202100026244,154Â 789,A01,1,1,1,5,1,8,-1,-1, -1,-1,2021,56.0,2,2,0,2,6,1,2,,1,A55-Sens Martigues vers Marseille,0,,1,2,0,1,7,0,3,, -1,1,0,1,90,31,7,3,13,13216,1,1,0,2,A55-Sens Martigues vers Marseille,43.36328,5.34099,1,3,2
202100006820,189Â 585,A01,1,1,1,1,2,6,-1,0,0,-1,2021,25.0,2,1,0,1,1,3,3,,4,RUE DU FAUBOURG SAINT MARTIN,0,,2,2,0,1,(1),(1),1,, -1,1,0,1,30,22,11,5,75,75110,2,3,0,6,RUE DU FAUBOURG SAINT MARTIN,48.880405,2.3643,17,2,1
202100029847,148Â 440,A01,10,3,1,0,0,-1,-1,2,3,1,2021,17.0,0,1,0,1,1,9,1,,4,ROGER SALENGRO,0,,2,2,0,1,0,0,1,, -1,1,0,1,50,9,7,1,93,93079,2,1,0,3,ROGER SALENGRO,48.96393,2.34388,18,2,1
202100047636,116Â 606,A01,10,3,2,5,-1,-1,-1,0,0,-1,2021,68.0,1,0,0,0,0,26,0,,4,JEAN MOULIN (BOULEVARD),0,,2,4,3,1,(1),(1),1,, -1,1,0,8,50,17,3,1,13,13205,2,1,0,6,JEAN MOULIN (BOULEVARD),43.2910797616,5.3999451553,17,2,1
202100030296,147Â 613,A01,9,2,2,5,3,-1,-1,0,0,-1,2021,7.0,2,2,13,0,1,2,1,,1,A26,-1,,1,2,0,1,114,930,1,, -1,1,0,1,130,7,7,1,62,62317,1,1,0,7,A26,50.264519,2.991526,20,4,1
202100028415,150Â 925,A01,1,1,1,5,2,9,-1,0,0,-1,2021,50.0,2,1,0,2,1,0,5,,3,RD,0,,2,2,0,2,5,350,4,, -1,1,0,1,80,18,7,1,67,67052,1,1,0,1,"RD 766, PK 5+350",48.448504,7.315156,12,2,2
202100044145,122Â 769,A01,1,1,1,5,1,8,-1,-1, -1,-1,2021,19.0,1,2,2,0,1,13,1,,4,FLANDRES-DUNKERQUE ( BD ),0,,2,2,0,1,(1),(1),1,, -1,2,5,1,30,10,4,1,56,56121,2,6,1,6,Boulevard Flandres-Dunkerque 1940,47.74841,-3.39623,13,5,1
202100043187,124Â 465,B01,1,1,2,0,1,0,-1,-1, -1,-1,2021,37.0,3,2,0,2,2,1,1,,4,REPUBLIQUE AVENUE DE LA,0,,2,2,0,1,0,0,1,, -1,1,0,1,50,21,4,1,13,13063,2,3,0,3,REPUBLIQUE AVENUE DE LA,43.58411,5.0047,19,2,2
202100019635,166Â 544,A01,10,3,2,9,0,-1,-1,1,3,1,2021,43.0,0,2,0,1,1,1,1,,3,ROUEN (RUE DE),0,,-1,3,0,1,(1),(1),1,, -1,1,0,1,50,27,8,1,80,80021,2,1,0,6,ROUEN (RUE DE),49.88696,2.27848,13,2,1
202100022053,162Â 211,A01,1,1,1,0,8,0,-1,-1, -1,-1,2021,57.0,3,1,0,2,0,0,5,,4,VERGES(AVENUE),0,,-1,0,0,1,0,0,2,, -1,2,0,1,50,28,8,5,974,97407,2,6,1,3,VERGES(AVENUE),-20.93994,55.3056,19,2,2
202100017825,169Â 757,B01,1,1,2,5,1,0,-1,-1, -1,-1,2021,34.0,2,2,0,2,4,23,1,,3,SOULT (AVENUE MARECHAL),0,,3,6,3,1,7,730,1,, -1,1,0,1,50,19,9,1,64,64102,2,1,0,2,SOULT (AVENUE MARECHAL),43.48756,-1.48353,15,2,2
202100055217,103Â 118,A01,10,3,2,1,0,-1,-1,3,3,1,2021,54.0,3,5,0,1,4,4,1,,4,RUE JEAN JACQUES ROUSSEAU,0,,1,1,0,1,(1),(1),1,, -1,2,8,1,30,12,1,1,75,75101,2,1,1,6,RUE JEAN JACQUES ROUSSEAU,48.863894,2.343188,10,2,1
202100019900,166Â 059,A01,2,2,2,5,1,0,-1,0,0,-1,2021,11.0,1,2,0,2,1,1,2,,4,BOULEVARD LANNES,0,,2,4,0,1,(1),(1),1,, -1,1,0,1,50,8,9,1,75,75116,2,3,0,4,BOULEVARD LANNES,48.865447,2.27061,14,7,4
202100050133,112Â 117,A01,1,1,1,0,1,0,-1,-1,0,-1,2021,49.0,1,2,0,2,1,2,1,,1,AUTOROUTE A27,0,,3,4,0,1,10,0,1,, -1,1,0,1,110,25,2,3,59,59044,1,1,0,2,AUTOROUTE A27,50.602554,3.233643,20,2,2
202100041885,126Â 751,B01,2,2,1,9,1,-1,-1,-1, -1,-1,2021,38.0,3,2,0,2,4,23,0,,4,PERIPHERIQUE NORD    (Boulevard),0,,1,1,0,1,(1),(1),1,, -1,1,0,1,50,30,4,5,69,69266,2,1,0,2,PERIPHERIQUE NORD (BD),45.7852622033,4.8901605606,23,6,2
202100015055,174Â 795,A01,10,3,2,0,0,-1,-1,3,3,1,2021,16.0,1,2,0,1,2,15,1,,7,IRVOY (RUE)            13 A FIN,0,,-1,2,0,1,0,0,2,, -1,2,1,1,50,4,10,5,38,38185,2,9,1,3,IRVOY (RUE)            13 A FIN,45.1811,5.7138,7,2,1
202100016869,171Â 468,A01,1,1,2,0,1,8,-1,-1, -1,-1,2021,34.0,1,2,0,2,3,1,1,,4,BOUSSINGAULT (RUE),0,,3,3,1,4,0,0,3,, -1,1,0,1,50,21,9,1,67,67482,2,3,0,3,BOUSSINGAULT (RUE),48.590619,7.782028,15,3,2
202100004384,193Â 921,B01,1,1,1,0,2,4,-1,-1, -1,-1,2021,53.0,2,1,0,2,7,3,1,,1,A86 EXT,0,,-1,4,0,1,36,799,1,, -1,2,0,1,90,7,12,3,94,94046,1,1,1,4,A86 EXT,48.8095837989,2.449221611,19,3,3
202100052456,107Â 950,A01,1,1,2,5,8,0,-1,0,0,-1,2021,32.0,1,2,8,0,1,21,1,,4,RUE DE LAGNY,0,,1,1,1,1,(1),(1),1,, -1,1,0,1,30,5,2,1,75,75120,2,2,0,6,RUE DE LAGNY,48.849027,2.409238,14,1,1
202100015742,173Â 527,B01,1,1,1,1,2,6,-1,0,0,-1,2021,37.0,1,1,0,2,3,1,1,,4,RUE DE LA CONVENTION,0,,2,3,3,2,(1),(1),1,, -1,1,0,1,30,30,9,5,75,75115,2,2,0,3,RUE DE LA CONVENTION,48.836757,2.298063,1,2,2
202100016587,171Â 983,A01,2,2,2,5,2,6,-1,0,0,-1,2021,54.0,2,1,12,0,7,1,1,,2,202,0,,2,2,0,1,0,150,1,, -1,1,9,1,30,25,9,1,4,4022,2,1,0,7,RN 202,43.95294,6.367355,17,2,1
202100038636,132Â 575,B01,2,2,2,9,2,6,-1,0,0,-1,2021,38.0,2,1,0,2,1,19,1,,4,,0,,2,5,0,1,(1),(1),1,, -1,1,0,1,50,23,5,1,25,25056,2,2,0,3,BLUM  BOULEVARD LEON (inf 51),47.25786,6.02275,10,3,2
202100019016,167Â 647,A01,10,3,1,5,0,-1,-1,1,3,1,2021,23.0,3,2,0,1,1,1,1,,4,THIERS (AV),0,,2,2,0,1,21,0,1,, -1,1,0,1,30,12,9,2,94,94068,2,1,0,6,Avenue Thiers,48.804408,2.516337,20,2,1