Num_Acc,id_vehicule,num_veh,place,catu,sexe,trajet,secu1,secu2,secu3,locp,actp,etatp,year_acc,victim_age,senc,catv,obs,obsm,choc,manv,motor,occutc,catr,voie,v1,v2,circ,nbv,vosp,prof,pr,pr1,plan,lartpc,larrout,surf,infra,situ,vma,jour,mois,lum,dep,com,agg_,int,atm,col,adr,lat,long,hour,nb_victim,nb_vehicules
202100055541,102Â 576,B01,1,1,1,0,2,0,-1,-1, -1,-1,2021,39.0,3,1,0,2,1,1,1,,1,LOUISON BOBET (AV),0,,1,2,0,2,30,0,1,, -1,1,3,1,50,10,1,5,94,94033,2,2,0,3,LOUISON BOBET (AV),48.85236,2.48898,19,2,2
202100049776,112Â 767,A01,1,1,1,9,8,0,-1,0,0,-1,2021,46.0,1,1,11,0,1,1,5,,4,PLACE DE LA CONCORDE,0,,2,2,1,1,(1),(1),1,, -1,1,-1,5,50,28,2,1,75,75108,2,2,0,6,PLACE DE LA CONCORDE,48.864068,2.320125,8,1,1
202100007144,189Â 000,B01,1,1,2,1,2,-1,-1,-1, -1,-1,2021,51.0,2,1,0,2,7,2,0,,4,DUGUESCLIN  (R),0,,1,1,2,1,(1),(1),1,, -1,1,0,1,50,18,11,4,69,69386,2,2,0,3,DUGUESCLIN (R),45.76707,4.84765,18,2,2
202100038025,133Â 692,B01,1,1,2,0,2,0,-1,-1, -1,-1,2021,55.0,2,1,0,2,2,0,1,,4,ANDRE ZENATTI (AVENUE),0,,2,0,0,1,(1),(1),1,, -1,1,0,1,50,27,5,1,13,13208,2,3,0,3,ANDRE ZENATTI (AVENUE),43.246222,5.388604,15,2,2
202100048285,115Â 444,B01,1,1,1,5,2,8,-1,0, -1,-1,2021,70.0,1,1,0,2,8,14,5,,1,POINT B (RUE DU),0,,3,0,3,1,20,570,1,, -1,1,3,1,110,26,2,1,1,1014,2,6,0,3,CARREFOUR POINT B,46.28492,5.66176,17,2,2
202100038555,132Â 728,A01,2,2,2,0,8,-1,-1,0,0,-1,2021,57.0,1,2,2,0,9,1,1,,3,36,-1,,2,2,0,2,2,500,3,, -1,1,0,8,80,24,5,1,74,74206,1,1,0,6,Rte du Col du Feu,46.314391,6.498349,15,2,1
202100049087,114Â 014,A01,1,1,2,0,8,-1,-1,-1, -1,-1,2021,37.0,3,1,0,2,0,0,5,,4,DANTON (RUE),0,,2,2,0,1,(1),(1),1,, -1,1,0,1,50,5,3,2,51,51454,2,2,0,3,Rue Danton,49.2710499103,4.0249114484,7,2,2
202100048002,115Â 935,A01,1,1,1,5,-1,0,-1,-1, -1,-1,2021,47.0,1,2,6,0,6,1,1,,1,A507 sens Marseille - Aubagne,0,,1,2,0,1,8,979,2,, -1,1,1,1,70,13,3,5,13,13055,1,1,0,6,A507 sens Marseille - Aubagne,43.288639,5.424497,21,1,1
202100016921,171Â 375,B01,1,1,2,1,2,0,-1,-1, -1,-1,2021,46.0,1,1,0,2,7,1,1,,4,LAIGRET (AVENUE DU DOCTEUR JEAN),0,,1,3,3,4,(1),(1),3,, -1,1,0,1,50,24,9,1,41,41018,2,1,0,3,LAIGRET (AVENUE DU DOCTEUR JEAN),47.58596,1.32705,11,2,2
202100025029,156Â 914,A01,1,1,1,4,1,-1,-1,0,0,-1,2021,59.0,1,4,14,0,3,13,6,,3,43,0,,2,2,0,1,5,500,1,, -1,1,0,3,80,9,8,1,57,57629,1,1,0,6,D43,48.779353,7.053129,10,1,1
202100037731,134Â 224,A01,2,2,1,5,2,0,-1,-1, -1,-1,2021,18.0,1,1,0,0,0,1,1,,4,LAROQUE (PROMENADE ROGER),0,,3,2,0,1,0,0,2,, -1,1,0,1,50,28,5,5,988,98818,2,1,0,7,LAROQUE (PROMENADE ROGER),-22.3033,166.4348,18,2,1
202100034552,139Â 962,B01,2,2,2,0,2,6,-1,-1, -1,-1,2021,41.0,2,1,0,2,8,17,1,,4,HUBERT DE LISLE(BOULEVARD),0,,2,1,0,1,0,0,1,, -1,1,0,6,50,13,6,1,974,97416,2,3,0,3,HUBERT DE LISLE(BOULEVARD),-21.3436,55.4743,14,3,2
202100009826,184Â 133,A01,10,3,2,3,0,-1,-1,3,3,1,2021,88.0,1,2,0,1,1,1,1,,3,112,0,D,2,2,0,1,65,62,1,, -1,1,6,1,50,27,10,1,81,81266,2,1,0,6,Avenue Pierre Fabre,43.647255,1.976924,15,2,1
202100047767,116Â 364,A01,10,3,1,2,0,-1,-1,6,4,1,2021,14.0,1,2,0,1,2,16,1,,7,THOMAS (AVENUE AMBROISE),0,,2,2,0,1,11,560,2,, -1,1,5,1,30,15,3,1,83,83069,2,2,0,6,ROUBAUD (CHEMIN DU),43.114039,6.133871,17,2,1
202100007825,187Â 759,A01,1,1,2,1,1,5,-1,0,0,-1,2021,47.0,0,2,0,2,1,1,1,,4,MOULIN (RUE JEAN),0,,2,3,0,2,(1),(1),1,, -1,2,0,1,50,16,11,1,27,27229,2,1,1,2,MOULIN (RUE JEAN),49.01667,1.1534,14,3,2
202100048894,114Â 363,B01,1,1,1,1,2,-1,-1,0,0,-1,2021,20.0,0,1,0,2,1,2,1,,3,626,0,D,2,2,0,1,0,0,1,, -1,1,8,1,30,6,3,1,40,40134,2,1,0,2,Rue de Gouveia,44.210665,-0.92378,11,2,2
202100033596,141Â 714,A01,1,1,2,3,1,0,-1,-1, -1,-1,2021,89.0,2,2,4,0,9,14,1,,4,ALOUETTE (AVENUE),0,,1,2,0,2,(1),(1),1,, -1,2,2,8,50,17,6,1,37,37261,2,9,1,7,ALOUETTE (AVENUE),47.360455328,0.6972885132,18,1,1
202100015892,173Â 263,A01,10,3,2,5,0,-1,-1,6,2,2,2021,28.0,1,4,0,1,7,26,1,,4,FECHT (CHEMIN DE LA),0,,2,1,0,1,(1),(1),1,, -1,1,0,3,50,23,9,1,68,68066,2,1,0,6,FECHT (CHEMIN DE LA),48.106155,7.341335,15,2,1
202100040395,129Â 403,A01,1,1,1,2,2,6,9,0,0,-1,2021,14.0,2,1,0,2,1,13,1,,3,102,-1,E,2,2,0,2,0,712,2,, -1,1,0,1,90,12,5,1,19,19006,1,1,0,1,RD 102E,45.574722,2.207544,8,2,2
202100000259,201Â 264,A01,1,1,1,5,1,0,-1,0,0,-1,2021,70.0,1,2,4,0,1,1,1,,3,PLAN (ROUTE DU) -D304-,0,,2,2,0,1,0,288,1,, -1,1,0,1,50,23,12,5,6,6069,1,1,0,6,PLAN (ROUTE DU) -D304-,43.6521919,6.9475085,18,1,1
202100001425,199Â 233,A01,10,3,2,0,0,-1,-1,4,3,1,2021,35.0,2,2,0,1,2,1,1,,7,269,0,A,2,2,0,4,0,500,1,, -1,1,0,1,30,22,12,5,38,38158,2,1,0,6,Avenue Teisseire,45.16146,5.754524,20,2,1
202100012809,178Â 824,A01,1,1,1,5,2,-1,-1,-1, -1,-1,2021,35.0,2,1,0,2,1,2,1,,4,GAMBETTA                            (CO),0,,1,2,3,1,(1),(1),1,, -1,1,0,1,50,16,10,5,69,69387,2,1,0,2,GAMBETTA (CR),45.7502668044,4.857378602,23,2,2
202100045996,119Â 539,B01,1,1,1,0,1,0,-1,-1, -1,-1,2021,31.0,1,1,0,2,3,1,1,,3,HUIT-MAI-1945 (AVENUE DU),0,,3,2,3,1,0,0,1,, -1,1,8,1,30,30,3,1,93,93030,2,3,0,3,HUIT-MAI-1945 (AVENUE DU),48.9451099716,2.4350498042,12,2,2
202100044249,122Â 574,B01,1,1,1,0,1,0,-1,-1, -1,-1,2021,69.0,0,2,0,2,7,0,1,,3,RONDEAUX. AVENUE JEAN,0,,2,4,3,1,1,0,1,, -1,1,-1,1,50,12,4,1,76,76540,2,2,0,3,RONDEAUX. AVENUE JEAN,49.43876,1.07974,14,3,2
202100015842,173Â 358,B01,1,1,1,0,2,6,-1,-1, -1,-1,2021,41.0,2,1,0,2,3,7,1,,1,A51-Sens Aix en Provence vers Marseille,0,,-1,3,3,1,2,299,1,, -1,1,0,1,90,28,9,1,13,13071,1,1,0,6,A51-Sens Aix en Provence vers Marseille,43.41544,5.36472,17,3,3
202100007457,188Â 423,A01,1,1,2,1,1,0,-1,-1, -1,-1,2021,28.0,1,2,0,2,2,21,1,,4,ARGONNE (DE L'),0,,1,1,0,1,0,0,1,, -1,2,0,1,50,17,11,2,93,93029,2,9,0,2,ARGONNE (DE L'),48.91689,2.46686,7,2,2
202100046542,118Â 586,A01,1,1,2,0,2,0,-1,-1, -1,-1,2021,44.0,1,1,0,2,1,1,1,,4,SAINT JULIEN (AVENUE DE ),0,,-1,2,0,2,0,0,1,, -1,1,0,1,30,26,3,1,13,13212,2,1,0,2,SAINT JULIEN (AVENUE DE ),43.30447,5.41436,11,2,2
202100043440,124Â 011,B01,1,1,2,0,2,0,-1,-1, -1,-1,2021,24.0,1,1,0,2,5,0,3,,4,auriol,0,,-1,2,0,1,1,0,1,, -1,1,0,1,50,19,4,2,49,49007,2,1,0,3,auriol,47.4925,-0.56537,7,2,2
202100026584,154Â 186,A01,1,1,1,3,2,-1,-1,0,0,-1,2021,19.0,1,1,0,2,1,15,1,,3,531,0,D,2,2,0,1,37,500,1,,4,1,0,1,50,30,7,1,38,38205,2,4,0,3,D531 - route des eymards,45.111202,5.567418,15,2,2
202100039525,130Â 950,A01,2,2,2,0,8,-1,-1,0,0,-1,2021,46.0,2,2,0,2,3,17,1,,3,239,0,,2,1,0,1,1,186,1,, -1,1,0,1,50,16,5,1,77,77315,2,1,0,1,90 Avenue du Marechal Foch,48.892616,2.823564,14,3,2
202100003575,195Â 363,A01,10,3,2,0,0,-1,-1,5,1,2,2021,38.0,0,2,0,1,1,15,1,,4,AVENUE DE LA LIBERATION,0,,2,2,0,1,0,0,1,, -1,2,5,1,50,10,12,2,91,91223,2,2,1,6,AVENUE DE LA LIBERATION,48.43344,2.15487,8,3,1
202100048875,114Â 393,A01,2,2,1,3,2,6,-1,0,0,-1,2021,16.0,3,1,0,2,8,5,1,,4,,-1,,2,1,0,1,(1),(1),1,, -1,1,5,1,50,7,3,1,28,28088,2,1,0,3,Rue de Varize,48.070624,1.332103,14,3,2
202100031337,145Â 726,A01,1,1,2,5,1,-1,-1,0,0,-1,2021,31.0,2,2,0,2,3,13,1,,7,119,0,M,2,2,0,2,(1),(1),2,, -1,1,0,1,50,3,7,1,6,6114,2,1,0,1,2087 Route de l Abadie,43.744903,7.292931,9,2,2
202100008697,186Â 191,A01,10,3,1,9,0,-1,-1,8,4,2,2021,1.0,3,2,0,1,1,26,1,,4,RUE DU GRAND NOYER,0,,2,1,0,1,0,0,1,, -1,2,9,8,20,7,11,1,77,77053,2,1,0,6,20 ALLEE DU GRAND NOYER,48.68457,2.602386,10,2,1
202100009095,185Â 449,A01,1,1,1,9,2,8,-1,-1, -1,-1,2021,52.0,3,1,0,2,1,5,1,,4,,0,,3,4,0,1,(1),(1),1,, -1,1,0,1,50,6,11,5,37,37233,2,1,0,1,DUCLOS (AVENUE JACQUES),47.3774486418,0.7155228406,0,2,2
202100019249,167Â 223,A01,1,1,2,1,1,-1,-1,0,0,-1,2021,35.0,2,2,2,0,8,14,1,,3,12,-1,,2,2,0,1,44,298,1,, -1,2,0,3,80,13,9,1,32,32413,1,1,0,6,D12,43.364759,0.699273,16,1,1
202100028374,150Â 990,B01,1,1,1,3,0,-1,-1,0,0,-1,2021,13.0,3,1,0,0,6,15,5,,3,1082,0,D,2,2,0,1,49,700,1,, -1,1,0,1,50,17,7,2,42,42323,2,1,0,3,Avenue du GÃ©nÃ©ral de Gaulle,45.561202,4.277158,6,2,2
202100038877,132Â 134,B01,1,1,1,5,2,8,-1,-1, -1,-1,2021,20.0,2,1,0,2,1,17,1,,3,BADUEL (ROUTE DE),0,,2,1,0,1,1,300,1,, -1,1,0,1,50,21,5,1,973,97302,2,1,0,3,BADUEL (ROUTE DE),4.93878,-52.3176,15,3,2
202100038037,133Â 669,B01,1,1,2,2,2,0,-1,0,0,-1,2021,24.0,2,1,0,2,2,1,3,,4,RUE DE VOUILLE,0,,2,2,0,1,(1),(1),1,, -1,1,0,1,50,27,5,1,75,75115,2,3,0,3,RUE DE VOUILLE,48.834341,2.306464,15,5,2
202100003458,195Â 572,B01,1,1,1,0,1,-1,-1,0,0,-1,2021,33.0,2,2,3,2,4,0,1,,1,a8,-1,,1,3,0,1,131,200,1,, -1,1,0,1,-1,12,12,1,83,83061,1,1,0,5,a8,43.460177,6.710436,8,5,3
202100030166,147Â 846,A01,1,1,1,0,8,0,-1,-1, -1,-1,2021,51.0,1,1,0,2,1,1,3,,4,GERARDMER (RUE DE),0,,2,2,0,1,0,0,1,, -1,2,0,1,50,6,7,1,68,68224,2,2,1,1,GERARDMER (RUE DE),47.77451,7.31743,12,2,2
202100048394,115Â 254,B01,1,1,1,0,1,8,-1,-1, -1,-1,2021,52.0,2,2,8,2,1,1,1,,4,CLEMENCEAU (BOULEVARD),0,,3,4,3,1,0,0,1,, -1,1,0,1,50,10,3,1,67,67482,2,3,0,3,CLEMENCEAU (BOULEVARD),48.5917946107,7.753019565,13,2,2
202100036549,136Â 386,A01,10,3,2,4,0,-1,-1,1,1,3,2021,42.0,1,4,0,1,7,17,1,,3,935,0,,2,2,0,1,70,300,1,, -1,1,0,1,70,5,6,1,65,65123,1,1,0,6,Route des 2 Cols,42.996418,0.205077,9,2,1
202100020479,165Â 029,A01,10,3,1,0,8,-1,-1,2,B,1,2021,29.0,3,2,0,1,1,1,1,,4,GEORGES LYVET                       (R ),0,,2,2,0,1,(1),(1),1,, -1,1,0,1,50,6,9,5,69,69259,2,1,0,6,GEORGES LYVET (R),45.69541,4.87518,0,2,1
202100010859,182Â 318,B01,1,1,1,1,2,0,-1,-1, -1,-1,2021,41.0,2,1,0,2,1,1,1,,3,TARASCON ( Avenue de),0,,2,6,1,1,0,9,1,, -1,2,0,1,50,2,9,1,84,84007,2,1,1,3,TARASCON ( Avenue de),43.91887,4.80933,16,4,2
202100035912,137Â 497,A01,1,1,1,9,1,0,-1,-1, -1,-1,2021,85.0,1,2,0,2,8,16,1,,4,DROITS DE L'HOMME (AVENUE DES ),0,,3,4,0,1,(1),(1),1,, -1,1,0,1,50,7,6,1,45,45234,2,3,0,3,Avenue des Droits de lâHomme,47.92322,1.9319,7,2,2
202100013251,178Â 055,B01,1,1,2,0,1,0,-1,0,0,-1,2021,37.0,1,2,0,2,7,1,1,,4,SAINT BLAINE (RUE DE),0,,2,2,0,3,(1),(1),2,, -1,1,0,1,50,14,10,1,54,54328,2,4,0,3,SAINT BLAINE (RUE DE),48.6237622575,6.1737610999,17,2,2
202100012672,179Â 064,B01,1,1,1,5,2,8,-1,0,0,-1,2021,51.0,1,1,0,2,1,1,1,,4,BOULEVARD MALESHERBES,0,,1,2,0,1,(1),(1),1,, -1,1,0,1,30,17,10,5,75,75108,2,2,0,3,BOULEVARD MALESHERBES,48.880849,2.312539,1,3,2
202100049832,112Â 673,B01,1,1,1,5,2,6,-1,0,0,-1,2021,17.0,2,1,0,2,7,21,1,,3,109,-1,,2,2,1,1,18,10,2,, -1,1,0,1,50,28,2,1,33,33474,2,3,0,3,Route de la Paloumeyre,44.671028,-0.483997,17,3,2
202100007505,188Â 344,B01,1,1,1,9,2,-1,-1,0,0,-1,2021,24.0,2,1,0,0,4,1,1,,1,131,0,A,4,2,0,1,31,600,1,, -1,1,0,1,110,19,11,3,76,76305,1,1,0,2,A131,49.496988,0.230308,19,2,2
202100002343,197Â 597,B01,1,1,1,5,2,6,-1,-1, -1,-1,2021,68.0,2,1,0,2,1,2,1,,1,AUTOROUTE A6,0,,3,3,0,1,12,630,1,, -1,1,0,1,110,18,12,1,91,91161,1,1,0,4,AUTOROUTE A6,48.70936,2.30705,15,4,4
202100006287,190Â 556,A01,1,1,1,5,2,6,-1,0,0,-1,2021,24.0,3,1,0,2,3,1,1,,4,AVENUE DE LA PORTE D AUTEUIL,0,,2,2,1,1,(1),(1),1,, -1,1,0,1,50,24,11,5,75,75116,2,4,0,3,AVENUE DE LA PORTE D AUTEUIL,48.847993,2.251285,20,2,2
202100017454,170Â 428,B01,1,1,2,0,2,8,-1,-1, -1,-1,2021,26.0,1,1,0,2,1,1,3,,4,JOLIVET (RUE),0,,2,1,2,1,(1),(1),1,, -1,1,0,1,50,22,9,1,37,37261,2,2,0,6,JOLIVET (RUE),47.3852125581,0.7069741309,8,2,2
202100003511,195Â 471,A01,10,3,2,9,0,-1,-1,4,3,1,2021,21.0,3,2,0,1,1,1,1,,4,ANJOU (D'),0,,2,2,0,2,(1),(1),1,, -1,2,0,1,50,9,12,5,35,35238,2,3,1,6,ANJOU (D'),48.12145,-1.71351,19,2,1
202100042738,125Â 243,A01,1,1,1,5,1,-1,-1,0,0,-1,2021,21.0,2,2,2,0,1,1,1,,3,31,0,D,2,2,0,1,(1),(1),1,, -1,1,0,8,80,25,4,1,80,80070,1,1,0,6,D31,50.076794,2.3647,17,1,1
202100000721,200Â 419,A01,1,1,1,0,1,4,-1,-1, -1,-1,2021,27.0,2,2,0,2,6,1,2,,1,AUTOROUTE A1,0,,3,6,0,1,8,600,1,, -1,1,0,1,90,31,12,5,93,93013,1,1,0,2,AUTOROUTE A1,48.9421,2.43127,18,2,2
202100014396,175Â 976,A01,10,3,1,0,0,-1,-1,3,3,2,2021,10.0,1,5,0,1,1,1,1,,4,VOLTAIRE (BOULEVARD),0,,2,3,0,1,0,0,1,, -1,1,0,1,50,8,10,1,13,13070,2,1,0,6,VOLTAIRE (BOULEVARD),43.2813929342,5.5167814853,8,2,1
202100043765,123Â 458,B01,2,2,1,5,1,0,-1,-1, -1,-1,2021,87.0,2,2,0,2,1,1,1,,3,STRASBOURG (BOULEVARD DE),0,,2,4,0,1,3,560,1,, -1,1,0,1,50,16,4,1,61,61001,2,2,0,3,STRASBOURG (BOULEVARD DE),48.435334,0.091573,12,4,2
202100053295,106Â 469,A01,10,3,2,9,0,-1,-1,3,3,1,2021,42.0,1,2,0,1,1,26,1,,3,30,0,D,2,2,0,3,3,10,4,, -1,2,0,1,50,29,1,1,67,67300,2,1,1,6,40 rue de Saverne,48.545412,7.491547,8,2,1
202100014421,175Â 919,B01,1,1,1,1,2,0,-1,-1, -1,-1,2021,23.0,3,1,0,2,8,15,3,,3,PASTEUR (BD),0,,4,2,0,1,1,0,1,, -1,1,0,1,50,8,10,5,94,94015,2,3,0,6,PASTEUR (BD),48.83259,2.52783,6,2,2
202100010326,183Â 242,B01,1,1,1,5,2,6,-1,-1, -1,-1,2021,16.0,2,1,0,2,1,1,1,,3,QUEUILLE (AVENUE HENRI),0,,2,2,0,2,51,83,1,, -1,1,5,1,50,28,10,2,19,19031,2,3,0,3,QUEUILLE (AVENUE HENRI),45.16871,1.53121,19,2,2
202100033532,141Â 834,A01,10,3,2,0,0,-1,-1,3,3,1,2021,57.0,1,2,0,1,8,15,1,,4,CARNOT                              (R ),0,,1,2,3,1,(1),(1),1,, -1,1,0,1,50,18,6,1,69,69199,2,1,0,6,CARNOT                              (R ),45.707921855,4.8641210496,10,2,1
202100019679,166Â 471,B01,1,1,1,1,2,6,-1,-1, -1,-1,2021,61.0,1,1,0,2,6,1,1,,2,PORTE DE VILLEJEAN,0,,3,4,0,1,14,430,1,, -1,1,0,1,90,10,9,1,35,35238,1,1,0,3,PORTE DE VILLEJEAN,48.1096,-1.71786,8,2,2
202100033564,141Â 770,A01,1,1,1,0,8,0,-1,-1, -1,-1,2021,28.0,3,1,0,2,1,1,5,,4,BAHINOS (ROUTE DE),0,,2,2,0,1,0,0,1,, -1,1,0,1,30,18,6,1,64,64024,2,2,0,3,BAHINOS (ROUTE DE),43.51355,-1.50039,18,2,2
202100026187,154Â 886,B01,7,2,1,5,3,-1,-1,0,0,-1,2021,3.0,1,2,8,0,8,15,1,,3,1,0,,2,2,0,1,24,900,1,,"5,5",1,0,1,50,31,7,1,79,79090,2,3,0,3,intersction de la D1 et de la D106,46.114955,-0.342464,18,6,2
202100029308,149Â 375,A01,10,3,1,5,0,-1,-1,1,3,2,2021,51.0,1,2,0,1,1,16,1,,4,SAINTE-CATHERINE (RUE),0,,1,1,0,1,0,0,1,, -1,1,0,1,30,26,6,1,24,24037,2,1,0,6,SAINTE-CATHERINE (RUE),44.85456,0.48451,12,2,1
202100018533,168Â 506,A01,10,3,2,5,8,8,-1,4,3,1,2021,44.0,1,4,0,1,2,9,1,,3,RUE GEORGES LANG,0,,2,2,0,1,71,530,1,, -1,2,0,1,30,15,9,1,88,88383,2,1,1,6,RUE GEORGES LANG,48.01427,6.59073,11,2,1
202100024317,158Â 202,A01,1,1,1,9,2,6,-1,0,0,-1,2021,22.0,3,1,0,2,1,2,1,,4,VOIE GEORGES POMPIDOU,0,,1,1,0,1,(1),(1),2,, -1,1,1,1,50,13,8,1,75,75108,2,4,0,2,VOIE GEORGES POMPIDOU,48.866016,2.319168,17,2,2
202100036880,135Â 776,B01,1,1,1,5,2,-1,-1,0,0,-1,2021,77.0,3,1,0,2,8,1,0,,4,,-1,,-1,2,0,1,(1),(1),1,, -1,1,0,1,80,3,6,1,31,31382,1,2,0,3,Chemin de Beaufort,43.450824,1.074225,12,2,2
202100004653,193Â 454,A01,1,1,1,5,8,-1,-1,0,0,-1,2021,22.0,2,2,0,0,1,1,0,,3,22,0,D,2,2,0,1,34,575,3,, -1,1,0,3,-1,11,9,1,74,74001,1,1,0,7,D22,46.2852191,6.738063,16,1,1
202100040957,128Â 409,A01,2,2,2,1,2,6,-1,0,0,-1,2021,54.0,2,1,0,0,0,1,3,,4,RUE FABERT,0,,1,2,0,1,(1),(1),1,, -1,1,0,1,50,7,5,1,75,75107,2,1,0,7,RUE FABERT,48.859067,2.311254,8,2,1
202100006332,190Â 472,A01,10,3,1,9,0,-1,-1,5,9,1,2021,85.0,3,2,0,1,4,20,1,,4,,0,,3,2,0,1,(1),(1),1,,4,2,0,4,50,26,11,1,29,29217,2,1,1,6,42 Rue des AbbÃ©s Tanguy,47.856373,-3.756702,13,2,1
202100029989,148Â 189,B01,1,1,1,0,1,-1,-1,-1, -1,-1,2021,70.0,2,2,0,2,1,15,1,,4,RUE DES GAROSSES,0,,2,2,0,2,(1),(1),1,, -1,1,0,1,50,6,7,1,33,33249,2,3,0,5,Rue des Garosses,44.8764199563,-0.5179394896,14,3,3
202100033278,142Â 288,A01,1,1,1,9,1,-1,-1,0,0,-1,2021,21.0,1,2,2,0,3,1,1,,3,538,-1,,3,2,0,1,42,420,2,, -1,1,0,3,80,20,6,2,26,26004,1,1,0,6,Route de Chabeuil,44.969026,5.024389,7,3,1
202100040834,128Â 642,A01,1,1,1,5,0,-1,-1,0,0,-1,2021,43.0,3,1,6,0,1,1,1,,4,,-1,,2,2,0,1,(1),(1),1,,4,1,0,4,50,9,5,1,77,77317,2,1,0,6,rue blaise pascal,48.61466,2.884898,15,1,1
202100003072,196Â 270,A01,10,3,1,0,0,-1,-1,9,9,1,2021,56.0,1,2,0,1,1,14,1,,2,SECTION MARE-GAILLARD,0,,-1,2,0,2,(1),(1),2,, -1,1,0,1,50,12,12,1,971,97113,1,1,0,6,SECTION MARE-GAILLARD,16.21676,-61.43285,7,2,1
202100006584,190Â 029,A01,10,3,2,0,0,-1,-1,2,3,1,2021,26.0,2,1,0,1,1,1,5,,4,CARMES (PLACE DES),0,,2,2,0,1,0,0,1,, -1,1,0,1,50,20,11,1,87,87085,2,1,0,6,CARMES (PLACE DES),45.83001,1.25081,8,2,1
202100032689,143Â 337,A01,1,1,1,0,8,0,-1,0,0,-1,2021,21.0,0,1,0,0,9,1,3,,4,BOUTONS D'OR ( RUE DES ),0,,-1,2,0,2,0,1,1,, -1,9,0,1,50,22,6,1,5,5061,2,1,0,7,BOUTONS D'OR ( RUE DES ),44.54619,6.06158,10,1,1
202100039712,130Â 597,A01,1,1,1,4,2,0,-1,0,0,-1,2021,25.0,2,1,0,2,3,1,1,,4,AVENUE DE VERSAILLES,0,,2,4,0,1,(1),(1),1,, -1,2,0,1,50,16,5,1,75,75116,2,3,1,3,AVENUE DE VERSAILLES,48.842618,2.268681,19,2,2
202100027885,151Â 868,B01,2,2,1,9,8,0,-1,-1, -1,-1,2021,84.0,2,2,0,1,4,1,1,,3,448,0,,2,2,0,1,0,0,1,, -1,1,0,1,50,20,7,1,91,91657,2,1,0,2,AV HENRI BARBUSSE,48.70146,2.42431,18,3,2
202100001138,199Â 736,A01,1,1,2,0,1,0,-1,-1, -1,-1,2021,22.0,0,2,0,0,0,26,1,,2,118,0,,-1,2,0,1,0,100,1,, -1,1,0,1,90,29,12,1,92,92072,1,1,0,6,N118,48.8270146574,2.2242258975,12,1,1
202100040364,129Â 454,A01,1,1,1,4,2,0,-1,0,0,-1,2021,22.0,2,1,1,0,7,18,5,,4,BOULEVARD DU MONTPARNASSE,0,,2,6,3,1,(1),(1),1,, -1,1,0,6,50,10,5,1,75,75106,2,1,0,6,BOULEVARD DU MONTPARNASSE,48.844309,2.322543,12,1,1
202100034574,139Â 919,B01,1,1,1,3,1,0,-1,-1, -1,-1,2021,22.0,3,2,0,2,7,1,1,,6,AUCHAN ( Parking  Centre Commerciale ),0,,-1,-1,0,1,(1),(1),1,, -1,1,6,8,30,8,6,1,62,62758,2,1,0,3,AUCHAN ( Parking  Centre Commerciale ),50.73372,1.67385,14,5,2
202100000751,200Â 371,A01,10,3,2,5,0,-1,-1,3,3,1,2021,68.0,0,0,0,1,0,0,0,,4,SEGHERS (rue Pierre),0,,-1,2,0,1,0,100,1,, -1,1,0,1,50,29,12,1,84,84007,2,1,0,6,SEGHERS (rue Pierre),43.927331,4.838182,17,2,1
202100052227,108Â 349,A01,1,1,1,5,1,0,-1,0,0,-1,2021,63.0,1,2,0,2,5,2,1,,4,ECHANGEUR BAGNOLET,0,,1,2,0,2,(1),(1),2,, -1,2,0,1,50,6,2,1,75,75120,2,1,1,2,ECHANGEUR BAGNOLET,48.8661389412,2.4128444448,9,2,2
202100024792,157Â 335,A01,1,1,2,0,1,-1,-1,0,0,-1,2021,79.0,1,2,5,0,3,13,1,,2,4,-1,,1,4,0,1,9,950,1,, -1,1,0,8,110,11,8,1,55,55015,1,1,0,7,PK9+950,48.6412935671,5.1112926006,18,2,1
202100044315,122Â 456,A01,3,2,2,9,1,0,-1,-1, -1,-1,2021,45.0,0,2,1,0,2,26,1,,4,LANDES (AVENUE DES),0,,1,1,0,2,1,0,1,, -1,1,9,1,50,12,4,1,92,92073,2,1,0,6,LANDES (AVENUE DES),48.8692492243,2.215770185,9,2,1
202100018222,169Â 032,B01,1,1,1,9,1,-1,-1,0,0,-1,2021,27.0,1,2,3,0,1,26,1,,1,57,-1,,3,4,0,1,14,500,1,, -1,1,0,1,110,18,9,3,83,83130,1,1,0,2,PK 014.500 Autoroute A57 sens TOULON LE CANNET,43.2032725253,6.0482131925,0,2,2
202100006600,189Â 999,A01,10,3,1,0,0,-1,-1,1,3,1,2021,57.0,1,2,0,1,1,15,1,,4,PAUL DOUMER (RUE),0,,1,0,0,1,(1),(1),1,, -1,1,0,1,30,23,11,1,78,78440,2,3,0,6,PAUL DOUMER (RUE),48.994021,1.910187,8,2,1
202100038002,133Â 733,A01,1,1,1,5,2,0,-1,-1, -1,-1,2021,18.0,1,1,0,2,7,17,1,,4,FRATERNITÃ (BOULEVARD DE LA),0,,2,2,1,1,(1),(1),1,, -1,1,0,1,50,24,5,1,44,44184,2,1,0,3,FRATERNITÃ (BOULEVARD DE LA),47.28261,-2.21938,16,2,2
202100049152,113Â 896,B01,1,1,1,1,2,0,-1,-1, -1,-1,2021,22.0,2,1,0,2,1,1,1,,3,JEAN JAURES (AVE) 55 A 129,0,,2,4,1,1,0,1,1,, -1,1,0,1,50,5,3,5,93,93001,2,3,0,3,JEAN JAURES (AVE) 55 A 129,48.9076674434,2.3961846246,21,2,2