Num_Acc,id_vehicule,num_veh,place,catu,sexe,trajet,secu1,secu2,secu3,locp,actp,etatp,year_acc,victim_age,senc,catv,obs,obsm,choc,manv,motor,occutc,catr,voie,v1,v2,circ,nbv,vosp,prof,pr,pr1,plan,lartpc,larrout,surf,infra,situ,vma,jour,mois,lum,dep,com,agg_,int,atm,col,adr,lat,long,hour,nb_victim,nb_vehicules
202100009514,184Â 707,B01,1,1,2,5,1,-1,-1,0,0,-1,2021,52.0,1,2,0,2,1,1,1,,3,492,0,,2,2,0,1,43,0,1,, -1,2,0,1,80,4,11,3,25,25222,1,1,1,1,D492,47.185254,6.266615,19,3,2
202100022601,161Â 216,A01,1,1,1,9,2,8,-1,-1, -1,-1,2021,19.0,1,1,0,2,1,1,1,,7,11 NOVEMBRE 1918 (AVE DU),0,,2,2,0,2,1,450,3,, -1,1,0,1,50,25,8,5,83,83144,2,1,0,1,11 NOVEMBRE 1918 (AVE DU),43.14078,6.00039,21,2,2
202100023505,159Â 617,A01,1,1,1,0,1,-1,-1,0,0,-1,2021,62.0,0,2,8,0,1,15,1,,3,1001,-1,,2,2,0,1,58,500,1,,7,1,0,1,50,20,8,1,60,60104,2,3,0,6,Avenue du GÃ©nÃ©ral FrÃ¨re,49.632145,2.290784,13,1,1
202100012021,180Â 223,B01,1,1,1,0,2,0,-1,0,0,-1,2021,35.0,1,1,0,2,1,1,1,,3,CHARLIEU (RUE DE ),0,,3,6,0,1,13,375,1,, -1,1,5,1,50,20,10,1,42,42187,2,3,0,3,Rue de Charlieu,46.0565975284,4.0868322518,7,2,2
202100009636,184Â 483,B01,1,1,1,9,1,0,-1,-1, -1,-1,2021,44.0,1,2,0,2,0,0,1,,3,LENINE (AVENUE) NR 28 A 62 ET 13 A 41,0,,1,1,0,3,0,1,2,, -1,2,3,1,50,3,11,1,93,93066,2,9,1,2,LENINE (AVENUE) NR 28 A 62 ET 13 A 41,48.94379,2.36223,11,2,2
202100020921,164Â 259,A01,2,2,1,3,1,-1,-1,0,0,-1,2021,19.0,1,2,2,0,1,0,1,,3,902,0,D,2,2,0,1,8,100,1,, -1,1,0,3,50,4,9,1,34,34071,2,1,0,6,23 Avenue de la Chapelle,43.802393,3.116085,17,2,1
202100001270,199Â 491,A01,1,1,1,0,8,0,-1,-1, -1,-1,2021,31.0,3,0,0,2,0,0,0,,9,COMMUNE DE PARIS (AVENUE),0,,1,1,0,1,0,0,1,, -1,1,0,1,50,25,12,5,974,97407,2,1,0,7,COMMUNE DE PARIS (AVENUE),-20.9429,55.29191,5,2,1
202100035635,138Â 020,A01,1,1,1,0,2,-1,-1,0,0,-1,2021,32.0,1,1,0,9,0,0,1,,3,181,-1,,2,2,0,1,6,865,1,, -1,1,0,1,80,8,6,1,57,57481,1,1,0,6,rue du gÃ©nÃ©ral de gaulle,49.219994,6.039916,18,1,1
202100043964,123Â 096,A01,1,1,2,5,8,-1,-1,0,0,-1,2021,11.0,0,1,0,2,0,23,5,,4,,-1,,2,2,0,2,(1),(1),1,, -1,1,6,4,30,12,4,1,29,29216,2,6,0,6,Rue de Guengat,47.98412,-4.181526,13,2,2
202100032001,144Â 542,B01,4,2,2,0,1,0,-1,-1, -1,-1,2021,19.0,1,2,0,2,1,2,1,,3,HENRI BARBUSSE (AVE) NÂ°126-280,0,,2,2,0,1,0,0,1,, -1,2,0,1,50,27,6,5,93,93029,2,3,1,3,HENRI BARBUSSE (AVE) NÂ°126-280,48.9199,2.45132,2,6,2
202100035694,137Â 910,B01,1,1,1,0,2,8,-1,-1, -1,-1,2021,44.0,1,1,0,2,0,2,1,,4,RHIN (AVENUE DU),0,,3,4,0,1,0,0,1,, -1,1,0,1,50,7,6,1,67,67482,2,1,0,7,RHIN (AVENUE DU),48.5695230322,7.777633667,14,2,2
202100054764,103Â 909,B01,1,1,1,0,2,0,-1,-1, -1,-1,2021,35.0,0,1,0,0,0,0,1,,4,CHURCHILL AVENUE ET SQUARE,0,,2,2,2,1,1,0,1,, -1,2,0,1,50,16,1,2,49,49007,2,3,1,1,CHURCHILL AVENUE ET SQUARE,47.44826,-0.56033,18,2,2
202100009764,184Â 245,A01,1,1,2,5,1,0,-1,0,0,-1,2021,81.0,1,2,0,2,1,16,1,,4,BOUFFLERS (AVENUE) DE 2 AU 72),0,,2,2,0,1,(1),(1),1,, -1,1,0,1,50,1,11,2,54,54395,2,3,0,2,BOUFFLERS (AVENUE) DE 2 AU 72),48.6892239954,6.1616117751,18,3,2
202100051462,109Â 713,A01,1,1,1,4,2,6,-1,0,0,-1,2021,41.0,2,1,0,2,1,15,1,,3,50,-1,,2,2,0,1,6,230,2,, -1,1,0,1,50,16,2,1,65,65304,2,4,0,3,D50 - Route de Sauveterre,43.471651,0.047191,9,2,2
202100006972,189Â 302,A01,2,2,1,1,1,-1,-1,0,0,-1,2021,40.0,3,5,8,0,9,14,1,,4,RM10,-1,,2,2,0,1,(1),(1),2,, -1,1,0,3,90,22,11,1,988,98832,1,1,0,6,YatÃ©,-22.224335,166.845002,16,4,1
202100024251,158Â 319,A01,10,3,1,0,0,-1,-1,5,5,1,2021,49.0,3,3,0,1,2,26,0,1.0,6,LAURENT BONNEVAY (Gare routiÃ¨re)    (XX),0,,-1,-1,3,1,(1),(1),1,, -1,1,9,6,30,13,8,1,69,69266,2,1,0,6,LAURENT BONNEVAY (Gare routiÃ¨re) ,45.76503,4.90906,17,2,1
202100037145,135Â 291,A01,2,2,1,0,1,0,-1,-1, -1,-1,2021,31.0,2,2,0,2,4,23,1,,2,118,0,,1,2,0,1,4,400,1,, -1,1,0,1,110,31,5,1,91,91064,1,1,0,4,RN 118,48.74655,2.19627,17,5,4
202100049932,112Â 491,B01,1,1,1,5,1,-1,-1,0,0,-1,2021,37.0,2,2,0,2,3,1,1,,3,126,0,R,2,2,0,1,18,420,1,, -1,1,0,1,50,28,2,2,25,25196,2,2,0,1,28 Rue Centrale,47.478167,6.895257,17,2,2
202100004558,193Â 628,A01,1,1,2,0,1,0,-1,-1, -1,-1,2021,31.0,2,2,14,0,1,21,1,,4,CARNOT (AVENUE) DU 1-2 AU 43-46,0,,1,1,0,2,1,0,1,, -1,1,0,1,50,5,12,5,93,93049,2,3,0,6,CARNOT (AVENUE) DU 1-2 AU 43-46,48.86199,2.50215,0,1,1
202100028008,151Â 642,A01,1,1,1,1,1,-1,-1,0,0,-1,2021,24.0,1,2,4,0,2,2,1,,3,2,0,D,2,2,0,1,(1),(1),2,, -1,1,8,1,80,21,7,2,33,33395,1,1,0,6,Chenal du Lazaret (Buse),45.232009,-0.747719,6,1,1
202100020082,165Â 726,A01,1,1,2,1,1,0,-1,-1, -1,-1,2021,54.0,0,2,3,0,1,1,1,,4,RABELAIS,0,,2,2,0,1,(1),(1),1,, -1,1,4,1,50,27,8,1,22,22278,2,1,0,6,RABELAIS,48.5035325728,-2.7470532845,8,1,1
202100039634,130Â 748,A01,3,2,2,4,1,-1,-1,0,0,-1,2021,36.0,2,5,2,0,1,16,1,,3,38,-1,,2,2,0,1,12,600,1,, -1,1,0,4,80,18,5,1,62,62392,1,3,0,6,D38,50.260695,2.89,11,4,1
202100046420,118Â 802,A01,1,1,1,5,0,-1,-1,0,0,-1,2021,22.0,0,1,0,0,0,0,0,,4,,-1,,4,2,0,1,(1),(1),1,, -1,1,0,1,30,27,3,1,42,42271,2,1,0,7,Impasse des Pins,45.495391,4.566364,14,1,1
202100048303,115Â 414,B01,1,1,1,4,1,0,-1,-1, -1,-1,2021,35.0,3,4,0,0,4,2,0,,3,CHARLES LINDBERGH (AV),0,,1,4,0,1,0,0,1,, -1,1,0,1,50,12,3,1,94,94065,2,1,0,2,CHARLES LINDBERGH (AV),48.74785,2.35759,9,2,2
202100030816,146Â 683,A01,10,3,2,9,0,-1,-1,2,3,1,2021,33.0,1,2,0,1,1,1,1,,3,RESISTANCE (AVENUE),0,,2,1,0,2,15,900,1,, -1,1,0,1,50,30,6,1,83,83123,2,1,1,6,RESISTANCE (AVENUE),43.12182,5.79605,19,2,1
202100027860,151Â 920,C01,1,1,1,0,1,8,-1,-1, -1,-1,2021,20.0,2,2,0,2,1,12,1,,1,A507 sens Aubagne- Marseille,0,,1,3,0,1,1,379,3,, -1,1,1,1,70,21,7,1,13,13055,1,1,0,2,A507 sens Aubagne- Marseille,43.3298875067,5.3947033882,7,3,3
202100030022,148Â 127,B01,1,1,1,4,2,0,-1,0,0,-1,2021,30.0,1,1,0,2,1,18,1,,4,BOULEVARD DE ROCHECHOUART,0,,3,2,0,1,(1),(1),1,, -1,1,0,1,50,7,7,1,75,75109,2,3,0,2,BOULEVARD DE ROCHECHOUART,48.882166,2.34114,15,2,2
202100044313,122Â 458,A01,10,3,1,0,0,-1,-1,9,B,-1,2021,10.0,1,2,0,1,2,1,1,,4,WALDECK ROCHET (RUE),0,,2,2,0,1,0,0,1,, -1,1,0,1,50,12,4,1,93,93001,2,1,0,6,WALDECK ROCHET (RUE),48.9105511567,2.3675039609,18,2,1
202100027084,153Â 306,A01,1,1,2,5,2,6,-1,0,0,-1,2021,22.0,2,1,0,2,2,3,1,,4,ECHANGEUR MUETTE,0,,1,4,0,1,14,100,1,, -1,1,0,1,70,23,7,1,75,75116,2,1,0,2,ECHANGEUR MUETTE,48.862014,2.264393,18,2,2
202100043006,124Â 800,B01,1,1,1,5,2,8,-1,-1, -1,-1,2021,39.0,1,1,0,2,1,1,1,,3,DEMBOURG (AV),0,,2,2,1,1,39,148,1,, -1,1,0,1,50,22,4,1,81,81004,2,3,0,3,DEMBOURG (AV),43.9364518034,2.1449751561,12,2,2
202100025071,156Â 841,A01,1,1,1,5,2,6,-1,0,0,-1,2021,16.0,1,1,0,2,1,2,1,,3,D2e5,0,,2,2,0,1,5,104,2,, -1,1,2,1,80,7,8,1,34,34213,1,3,0,3,RD2e5,43.47178,3.679755,18,3,2
202100000326,201Â 137,A01,10,3,2,9,0,-1,-1,5,9,1,2021,75.0,0,3,0,1,1,1,3,,3,,-1,,2,2,1,1,23,350,1,, -1,1,4,4,50,19,2,2,73,73011,2,8,0,6,D990  PN 21,45.6666896634,6.3703257092,6,2,1
202100027821,151Â 985,A01,1,1,2,5,0,-1,-1,0,0,-1,2021,61.0,3,1,0,0,0,1,5,,4,,-1,,2,2,0,2,(1),(1),1,,4,1,0,1,70,21,7,1,29,29140,1,1,0,7,Route de Rostiviec,48.353162,-4.320223,19,1,1
202100024442,157Â 992,A01,1,1,1,1,8,-1,-1,0,0,-1,2021,16.0,1,1,9,0,7,1,1,,3,14,0,,2,2,0,1,23,450,2,,4,1,0,1,50,12,8,1,45,45335,2,3,0,6,33 Route de Tigy,47.800724,2.139153,14,1,1
202100042257,126Â 096,A01,1,1,1,5,1,-1,-1,0,0,-1,2021,85.0,3,2,6,2,1,1,1,,4,,-1,,2,1,0,2,(1),(1),3,,3,2,0,3,50,29,4,1,11,11076,2,1,1,6,23 Rue du 11 Novembre,43.319922,1.953346,11,3,2
202100038175,133Â 413,B01,1,1,1,0,1,0,-1,-1, -1,-1,2021,27.0,1,2,9,0,1,11,1,,4,BERT (AVENUE PAUL),0,,2,2,0,1,(1),(1),1,, -1,1,9,8,30,26,5,5,59,59367,2,1,0,6,BERT (AVENUE PAUL),50.6744757508,3.2109331195,22,4,2
202100011826,180Â 583,A01,1,1,1,5,1,5,-1,-1, -1,-1,2021,25.0,0,2,2,0,2,15,1,,4,lieu dit Toulousette,0,,2,2,0,2,(1),(1),2,, -1,2,0,3,50,21,10,3,15,15014,1,1,1,6,lieu dit Toulousette,44.937669,2.426584,0,1,1
202100018821,168Â 002,A01,3,2,2,0,1,0,-1,-1, -1,-1,2021,65.0,1,2,4,0,1,26,1,,3,PAUL CEZANNE (RUE),0,,1,2,0,1,0,0,1,, -1,2,0,1,50,15,9,1,93,93005,2,1,1,6,Rue Paul CÃ©zanne,48.952982,2.495614,11,3,1
202100013502,177Â 596,B01,1,1,1,0,8,0,-1,-1, -1,-1,2021,54.0,2,1,0,2,0,25,5,,4,OBERHAUSBERGEN (ROUTE D ),0,,2,2,1,1,0,0,1,, -1,2,0,1,50,12,10,1,67,67482,2,1,1,3,OBERHAUSBERGEN (ROUTE D ),48.5993724248,7.7010914683,7,2,2
202100006400,190Â 356,B01,2,2,2,3,1,-1,-1,-1, -1,-1,2021,10.0,3,2,0,2,4,1,1,,4,GUSTAVE NICOLLE,0,,2,2,0,1,0,0,1,, -1,1,0,1,50,23,11,2,76,76351,2,1,0,2,GUSTAVE NICOLLE,49.4919,0.1492,17,3,2
202100045732,120Â 007,A01,1,1,1,4,2,8,-1,-1, -1,-1,2021,21.0,1,1,0,0,0,16,3,,4,GARENNE (DE LA)                     (R ),0,,2,1,0,1,(1),(1),1,, -1,2,0,1,50,26,3,5,69,69385,2,3,1,7,GARENNE (DE LA) (R),45.7499812114,4.7811833024,19,1,1
202100055351,102Â 898,B01,2,2,2,9,1,0,-1,0,0,-1,2021,31.0,3,2,0,2,4,23,1,,4,AVENUE MARCEAU,0,,2,3,0,2,(1),(1),1,, -1,2,0,1,50,12,1,1,75,75116,2,2,1,2,AVENUE MARCEAU,48.869674,2.298249,13,3,2
202100055608,102Â 458,A01,1,1,1,4,0,-1,-1,0,0,-1,2021,41.0,2,4,0,2,1,9,1,,3,631,0,D,2,1,0,1,24,695,1,, -1,1,0,5,70,12,1,2,81,81105,2,1,0,1,Boulevard du Docteur Pontier,43.770046,1.997257,7,2,2
202100004020,194Â 552,Y01,1,1,2,1,0,-1,-1,0,0,-1,2021,60.0,1,1,0,2,4,1,5,,3,RUE PAUL BERT,0,,2,2,0,1,(1),(1),1,, -1,7,0,1,50,7,12,2,59,59205,2,1,0,2,RUE PAUL BERT,50.32623,3.34326,8,2,2
202100054128,104Â 996,A01,1,1,1,1,2,6,-1,-1, -1,-1,2021,43.0,2,1,0,0,0,1,3,,4,JEAN JAURES (BOULEVARD) 63/215 - 70/208,0,,1,2,0,1,0,0,1,, -1,2,0,1,50,22,1,1,92,92012,2,3,0,7,JEAN JAURES (BOULEVARD) 63/215 - 70/208,48.8378474977,2.2410857678,9,2,2
202100014098,176Â 500,B01,2,2,2,0,1,8,-1,-1, -1,-1,2021,84.0,2,2,0,2,1,2,1,,1,AUTOROUTE A6A,0,,1,3,0,1,4,500,1,, -1,1,0,1,90,9,10,1,94,94038,1,1,0,4,AUTOROUTE A6A,48.775,2.346,13,7,5
202100040293,129Â 578,B01,1,1,1,0,1,0,-1,-1, -1,-1,2021,61.0,1,2,0,2,4,2,1,,1,AUTOROUTE A86,0,,3,7,0,1,22,0,1,, -1,1,1,1,90,12,5,1,93,93008,1,1,0,4,AUTOROUTE A86,48.90864,2.44954,11,3,3
202100025440,156Â 189,A01,10,3,1,5,0,-1,-1,3,1,1,2021,6.0,2,2,0,1,6,21,1,,4,,0,,-1,2,0,2,(1),(1),1,, -1,1,0,8,50,18,6,1,60,60057,2,1,0,6,Rue Binet,49.42181,2.07916,19,2,1
202100050705,111Â 056,B01,1,1,1,3,2,6,-1,0,0,-1,2021,63.0,1,1,0,2,1,1,1,,3,2371,0,,2,2,0,4,29,879,1,, -1,1,5,1,50,21,2,1,3,3186,2,2,0,3,Boulevard Jean Moulin,46.3203787618,2.9551550869,10,2,2
202100030724,146Â 841,A01,1,1,1,1,2,6,-1,-1, -1,-1,2021,29.0,1,1,15,2,1,17,1,,4,SANS SOUCIS(RUE),0,,-1,2,0,1,0,0,1,, -1,1,0,1,50,2,7,1,974,97407,2,2,0,3,SANS SOUCIS(RUE),-20.94918,55.29393,15,2,2
202100035064,139Â 020,B01,1,1,2,9,8,0,-1,0,0,-1,2021,26.0,2,1,0,2,1,16,3,,4,RUE VERCINGETORIX,0,,2,3,1,1,(1),(1),1,, -1,1,0,5,50,11,6,1,75,75114,2,2,0,3,RUE VERCINGETORIX,48.834366,2.313612,16,2,2
202100038775,132Â 306,A01,2,2,2,5,2,0,-1,0,0,-1,2021,20.0,1,1,0,2,2,17,1,,4,AVENUE DE WAGRAM,0,,2,4,0,1,(1),(1),1,, -1,2,0,1,50,22,5,2,75,75117,2,7,0,3,AVENUE DE WAGRAM,48.885291,2.303421,20,4,2
202100029159,149Â 625,B01,1,1,2,9,1,0,-1,0,0,-1,2021,22.0,1,2,0,2,4,23,1,,4,AVENUE DU TREMBLAY,0,,2,2,0,1,(1),(1),1,, -1,2,0,1,50,13,7,1,75,75112,2,2,1,2,AVENUE DU TREMBLAY,48.835819,2.453104,20,2,2
202100042572,125Â 527,A01,2,2,1,5,1,0,-1,-1, -1,-1,2021,41.0,2,2,0,2,1,23,1,,4,MACE (ROUTE GABRIEL),0,,2,2,0,2,0,0,4,, -1,1,0,1,50,24,4,1,974,97411,1,1,0,4,Route Gabriel MacÃ©,-20.919049,55.494926,11,3,2
202100026897,153Â 629,A01,1,1,1,9,1,-1,-1,0,0,-1,2021,22.0,2,2,13,0,2,1,1,,3,,-1,D,2,2,0,1,40,620,2,, -1,1,0,3,70,26,7,1,7,7204,1,1,0,7,D21,44.964203,4.444742,17,1,1
202100017768,169Â 857,A01,1,1,1,0,1,-1,-1,-1, -1,-1,2021,33.0,2,4,0,2,1,2,1,,1,AUTOROUTE A 63,0,,3,4,0,1,3,400,1,, -1,1,0,1,90,21,9,1,33,33090,1,1,0,4,,44.771638,-0.658836,17,4,4
202100026481,154Â 361,A01,2,2,2,5,1,8,-1,-1, -1,-1,2021,29.0,1,2,0,2,3,15,1,,4,SCHLOESING (BOULEVARD),0,,2,2,0,1,0,0,1,, -1,1,2,1,50,29,7,5,13,13208,2,1,0,3,SCHLOESING (BOULEVARD),43.272520577,5.4011367113,3,4,2
202100010336,183Â 227,B01,1,1,2,0,8,0,-1,-1, -1,-1,2021,30.0,1,1,0,2,0,0,0,,3,ROCADE OUEST (RD 610),0,,1,2,0,1,12,0,1,, -1,1,5,5,50,29,10,1,10,10333,2,6,0,3,ROCADE OUEST (RD 610),48.270024,4.049852,10,2,2
202100029545,148Â 983,A01,1,1,1,5,2,0,-1,-1, -1,-1,2021,18.0,2,1,0,2,1,26,1,,2,RN7   5.180 A 10.000,0,,2,6,0,1,6,15,1,, -1,1,0,1,50,4,7,5,38,38544,2,7,0,3,RN7   5.180 A 10.000,45.52694,4.87295,0,3,2
202100031554,145Â 357,A01,1,1,1,5,1,4,-1,-1, -1,-1,2021,20.0,2,2,0,2,2,26,1,,1,A4,0,,3,4,0,1,9,600,1,, -1,1,1,1,90,1,7,1,94,94017,1,1,0,2,A4,48.827160203,2.510339872,20,3,2
202100019954,165Â 966,C01,1,1,2,1,1,-1,-1,0,0,-1,2021,22.0,2,2,0,2,1,1,1,,3,7,0,,2,2,0,1,69,500,1,, -1,1,0,1,80,10,9,2,86,86045,1,1,0,5,D7,46.393701,0.154968,7,3,3
202100041989,126Â 569,A01,1,1,1,1,1,-1,-1,-1, -1,-1,2021,38.0,1,2,4,2,9,1,1,,2,,0,,3,6,0,1,34,460,1,, -1,2,2,1,90,30,4,2,33,33039,1,1,1,2,Pont FranÃ§ois Mitterrand,44.806701,-0.528864,6,2,2
202100019701,166Â 431,A01,1,1,1,5,2,0,-1,-1, -1,-1,2021,22.0,1,1,0,2,1,2,1,,7,CONCORDE (BOULEVARD DE LA),0,,2,2,0,1,0,0,1,, -1,1,0,1,50,10,9,1,13,13209,2,1,0,2,CONCORDE (BOULEVARD DE LA),43.25041,5.40329,20,2,2
202100014988,174Â 916,A01,2,2,2,0,1,-1,-1,0,0,-1,2021,45.0,0,2,14,0,1,1,1,,4,PRES FORETS (RUE DES),0,,2,5,1,1,(1),(1),1,, -1,2,0,8,50,2,10,5,80,80021,2,1,1,6,PRES FORETS (RUE DES),49.9015,2.28363,22,2,1
202100003011,196Â 394,B01,1,1,2,0,1,-1,-1,0,0,-1,2021,78.0,2,5,0,2,5,1,1,,1,714,0,A,1,1,0,2,2,560,1,, -1,2,3,1,70,16,12,3,3,3031,1,1,0,3,A714 - sortie nÂ°35,46.38497,2.694016,19,3,2
202100044746,121Â 734,A01,10,3,1,5,0,-1,-1,2,3,1,2021,54.0,1,2,0,1,1,15,1,,3,64,0,D,2,2,0,4,0,15,2,, -1,1,0,1,50,9,4,1,3,3003,2,3,1,6,place victor hugo,46.711391,2.69473,10,2,1
202100005398,192Â 145,A01,10,3,2,0,0,-1,-1,1,1,1,2021,17.0,2,2,0,1,8,22,1,,4,,0,,2,2,0,1,0,0,1,, -1,2,0,1,50,1,12,1,92,92035,2,1,1,6,Sartoris ( rue ),48.90788,2.24792,13,2,1
202100032287,144Â 047,A01,2,2,1,5,3,0,-1,-1, -1,-1,2021,1.0,1,2,0,2,1,2,1,,7,RTE D AGDE,0,,-1,1,0,1,23,267,1,, -1,1,0,1,50,25,6,1,31,31555,2,1,0,2,RTE D AGDE,43.625,1.4751,21,6,2
202100046617,118Â 440,Z01,1,1,1,0,8,0,-1,-1, -1,-1,2021,20.0,3,1,0,2,0,0,5,,4,VERDUN   PLACE DE,0,,1,1,1,1,(1),(1),1,, -1,1,0,5,30,25,3,1,17,17300,2,3,0,3,VERDUN   PLACE DE,46.161866,-1.153519,17,2,2
202100030349,147Â 510,A01,10,3,1,0,0,-1,-1,4,3,1,2021,68.0,3,3,0,1,1,1,3,,4,BRIAND ARISTIDE (PL),0,,1,2,1,1,0,0,1,, -1,2,0,6,50,5,7,1,72,72181,2,1,0,6,BRIAND ARISTIDE (PL),48.00224,0.1985,15,2,1
202100002362,197Â 559,A01,1,1,2,1,8,-1,-1,-1, -1,-1,2021,38.0,2,0,0,2,8,25,3,,4,PROFESSEUR BEAUVISAGE (DU)          (R ),0,,2,2,0,1,(1),(1),1,, -1,1,0,4,30,17,12,1,69,69388,2,1,0,3,PROFESSEUR BEAUVISAGE (DU) (R),45.72814191,4.8636804521,15,2,2
202100009894,184Â 011,A01,1,1,1,0,1,8,-1,-1, -1,-1,2021,21.0,2,2,12,2,2,1,1,,3,GASTON FEUILLARD(AVENUE),0,,2,2,0,1,(1),(1),3,, -1,1,9,1,50,30,10,1,971,97105,2,9,0,5,GASTON FEUILLARD(AVENUE),16.00487,-61.73002,13,4,3
202100053449,106Â 178,B01,1,1,1,1,2,8,-1,-1, -1,-1,2021,36.0,1,1,0,2,1,1,5,,4,RUE LOUIS GUIGUEN,0,,2,2,0,1,(1),(1),1,, -1,2,5,1,30,27,1,5,56,56121,2,6,1,3,RUE LOUIS GUIGUEN,47.75496,-3.35461,7,2,2
202100022157,162Â 037,A01,1,1,1,5,1,-1,-1,0,0,-1,2021,44.0,3,2,13,0,2,1,1,,4,,-1,,2,2,0,1,(1),(1),1,,5,1,0,3,80,29,8,1,29,29117,1,1,0,6,lieu dit Camean Huella,48.572121,-4.581685,16,1,1
202100050703,111Â 060,B01,2,2,1,5,2,-1,-1,0,0,-1,2021,11.0,1,1,0,2,1,1,1,,3,11,-1,,2,2,0,1,1,585,1,, -1,1,0,1,80,20,2,1,45,45324,1,3,0,3,Route de Chateauneuf,47.809437,2.205677,17,3,2
202100031668,145Â 148,A01,2,2,1,5,1,-1,-1,0,0,-1,2021,24.0,2,2,0,2,1,1,2,,3,6285,0,D,1,2,0,2,1,821,1,, -1,1,0,1,50,1,7,5,6,6085,2,3,0,3,AVENUE DES ALLIES,43.582785,7.009578,4,3,2
202100004315,194Â 044,B01,1,1,1,1,2,6,-1,0,0,-1,2021,16.0,1,1,0,2,1,1,1,,3,752,-1,,2,2,0,1,2,20,1,, -1,2,0,1,80,7,12,3,49,49244,1,2,1,3,Les Gats (st Florent-le-Vieil),47.353053,-1.016257,18,2,2
202100003756,195Â 044,B01,1,1,1,2,1,0,-1,-1, -1,-1,2021,16.0,1,2,0,2,6,0,1,,4,,0,,2,2,0,1,0,0,1,, -1,1,0,1,50,10,12,1,92,92012,2,2,0,3,JEAN JAURES (BOULEVARD) 1/61 - COTE IMPA,48.845049,2.23725,14,2,2
202100017805,169Â 794,B01,2,2,2,4,1,-1,-1,0,0,-1,2021,46.0,0,2,0,2,4,1,1,,4,PARIS (RUE DE),0,,2,2,0,1,(1),(1),1,, -1,2,0,1,50,29,8,1,80,80021,2,1,0,2,PARIS (RUE DE),49.88532,2.28747,11,3,2
202100048489,115Â 089,A01,1,1,1,5,2,-1,-1,0,0,-1,2021,15.0,2,1,0,2,1,17,1,,3,222,0,A,2,2,0,1,0,500,3,, -1,1,0,1,80,12,3,1,7,7097,1,1,0,1,,45.013389,4.836331,15,2,2
202100013830,176Â 970,B01,1,1,1,9,2,0,-1,-1, -1,-1,2021,31.0,3,1,0,2,5,1,1,,3,D.306,0,,2,2,1,1,9,378,1,, -1,1,0,1,50,27,9,5,77,77495,2,1,0,2,D306,48.56057,2.6345,22,2,2
202100009398,184Â 901,A01,1,1,2,2,1,0,-1,-1, -1,-1,2021,19.0,1,2,0,2,1,13,1,,3,MONTAGNE (ROUTE DE LA),0,,2,2,0,2,(1),(1),3,, -1,1,0,1,50,4,11,1,974,97411,1,1,0,3,MONTAGNE (ROUTE DE LA),-20.885250931,55.4429554939,9,2,2
202100051887,108Â 953,A01,1,1,1,5,1,5,-1,-1, -1,-1,2021,57.0,1,2,6,0,3,16,1,,4,BLEUE ( RUE ),0,,1,1,0,1,(1),(1),3,, -1,2,0,4,50,9,2,5,81,81257,2,1,1,6,BLEUE ( RUE ),43.9485141815,2.2056317601,23,1,1
202100016215,172Â 651,A01,1,1,2,0,8,0,-1,-1, -1,-1,2021,38.0,1,2,9,0,1,13,1,,3,CLOS BARBEY (ZAC DU ),0,,2,2,0,1,1,0,1,, -1,1,0,3,50,27,9,5,14,14566,2,1,0,6,D126,49.20073,-0.39837,22,1,1
202100034851,139Â 414,A01,1,1,1,5,2,6,9,0,0,-1,2021,55.0,1,1,0,0,8,0,1,,3,249,0,,1,1,0,1,7,700,1,, -1,1,0,1,80,7,6,1,64,64279,2,4,0,7,DÃ©partementale 249,43.327597,-1.386761,16,1,1
202100029784,148Â 548,B01,1,1,1,0,2,0,-1,-1, -1,-1,2021,37.0,0,1,0,2,1,26,1,,4,BOULEVARD DES NATIONS UNIES,0,,2,2,2,1,(1),(1),1,, -1,1,0,1,30,9,7,5,44,44109,2,1,0,3,BOULEVARD DES NATIONS UNIES,47.21054,-1.56005,2,2,2
202100036570,136Â 344,A01,10,3,1,9,0,-1,-1,1,3,1,2021,7.0,1,2,0,1,1,1,1,,4,mamoudzou centre-Rassi Boina KaÃ¯m (rue),0,,2,0,0,1,0,0,1,, -1,1,0,1,50,3,6,1,976,97611,2,1,0,6,mamoudzou centre-Rassi Boina KaÃ¯m (rue),-12.78413,45.22964,15,2,1
202100006105,190Â 893,B01,1,1,2,1,8,0,-1,0,0,-1,2021,67.0,3,1,0,2,8,5,5,,4,QUAI DE L HOTEL DE VILLE,0,,2,4,2,1,(1),(1),1,, -1,1,0,1,30,25,11,1,75,75104,2,2,0,3,QUAI DE L HOTEL DE VILLE,48.856074,2.350688,9,2,2
202100021797,162Â 662,B01,1,1,2,5,0,0,-1,0,0,-1,2021,6.0,1,1,0,2,1,19,5,,2,COMMANDANT DUMONT ( AVENUE),0,,2,3,0,2,37,80,1,, -1,1,0,1,50,27,8,1,5,5061,2,1,0,6,COMMANDANT DUMONT ( AVENUE),44.5626788952,6.0839626862,15,2,2
202100008520,186Â 504,A01,1,1,2,4,8,-1,-1,0,0,-1,2021,36.0,2,2,0,0,4,23,1,,4,,-1,,2,2,0,1,(1),(1),3,,4,1,0,1,50,11,11,5,68,68007,2,1,0,2,7 Rue de Colmar,48.064768,7.415466,19,3,2
202100015210,174Â 512,B01,1,1,1,0,1,0,-1,-1, -1,-1,2021,26.0,1,2,4,0,2,0,1,,1,AUTOROUTE A86,0,,1,6,0,3,18,299,2,, -1,2,0,1,70,5,10,1,93,93027,1,1,1,2,AUTOROUTE A86,48.92839,2.41677,13,2,2