Num_Acc,id_vehicule,num_veh,place,catu,sexe,trajet,secu1,secu2,secu3,locp,actp,etatp,year_acc,victim_age,senc,catv,obs,obsm,choc,manv,motor,occutc,catr,voie,v1,v2,circ,nbv,vosp,prof,pr,pr1,plan,lartpc,larrout,surf,infra,situ,vma,jour,mois,lum,dep,com,agg_,int,atm,col,adr,lat,long,hour,nb_victim,nb_vehicules
202100033275,142Â 293,A01,1,1,2,5,1,-1,-1,0,0,-1,2021,30.0,3,2,0,2,1,1,1,,3,4,-1,,2,2,0,1,(1),(1),1,, -1,1,0,1,50,18,6,3,38,38468,1,1,0,1,D4,45.352334,4.7905,23,4,2
202100048903,114Â 344,A01,7,2,1,5,0,-1,-1,0,0,-1,2021,17.0,1,2,0,2,4,1,1,,2,1,-1,,2,2,0,1,13,20,1,, -1,2,0,1,80,7,3,3,973,97305,1,1,1,2,PK13 RN1,4.925154,-52.39029,20,7,2
202100020839,164Â 393,A01,1,1,1,1,2,6,-1,-1, -1,-1,2021,26.0,2,1,0,0,7,21,1,,4,REINE VICTORIA (AVENUE DE LA),0,,1,1,2,1,0,0,1,, -1,1,0,1,30,5,9,5,64,64122,2,1,0,7,REINE VICTORIA (AVENUE DE LA),43.48514,-1.55418,3,1,1
202100046157,119Â 261,A01,2,2,1,5,2,8,-1,-1, -1,-1,2021,16.0,2,1,0,2,1,5,1,,4,,0,,1,1,0,1,1,0,1,, -1,1,0,1,50,28,3,1,92,92025,2,2,0,3,PRESIDENT SALVADOR ALLENDE (RUE DU),48.9190271678,2.2259733081,19,3,2
202100038883,132Â 126,A01,1,1,1,0,1,-1,-1,-1, -1,-1,2021,67.0,3,2,14,0,2,1,1,,4,QUARANTAINE (DE LA)                 (R ),0,,1,1,0,1,(1),(1),1,, -1,2,0,1,50,21,5,1,69,69385,2,1,1,7,QUARANTAINE (DE LA) (R),45.7530721537,4.8223512585,19,1,1
202100019381,166Â 988,B01,1,1,1,5,8,0,-1,-1, -1,-1,2021,38.0,2,2,0,2,4,2,1,,3,EMILE COSSONNEAU (AVE),0,,1,2,0,4,0,0,1,, -1,1,0,1,50,12,9,1,93,93051,2,1,0,2,EMILE COSSONNEAU (AVE),48.84946,2.5652,15,2,2
202100002060,198Â 113,A01,1,1,1,0,8,0,-1,-1, -1,-1,2021,17.0,3,1,0,2,3,1,3,,4,,0,,1,1,0,1,1,0,1,, -1,1,0,1,50,19,12,5,92,92025,2,3,0,3,CHATOU (RUE DE),48.9135767683,2.2350150347,19,2,2
202100050872,110Â 749,B01,1,1,1,0,2,6,-1,-1, -1,-1,2021,46.0,2,1,0,2,8,16,1,,7,THOMAS (AVENUE AMBROISE),0,,2,2,0,1,12,360,1,, -1,1,5,1,50,19,2,1,83,83069,2,7,0,3,THOMAS (AVENUE AMBROISE),43.114356,6.134366,15,2,2
202100010576,182Â 826,A01,1,1,1,4,2,6,-1,-1, -1,-1,2021,29.0,1,1,0,2,3,17,1,,4,AMBROISE CROIZAT (R),0,,2,2,0,3,0,0,1,, -1,1,0,1,50,27,10,1,94,94076,2,1,0,2,Rue Ambroise Croizat,48.8014,2.3591,9,2,2
202100034138,140Â 742,A01,1,1,1,5,1,-1,-1,0,0,-1,2021,22.0,3,2,13,0,1,1,1,,3,35,-1,,2,2,0,1,35,13,1,, -1,1,0,1,80,17,6,1,50,50199,1,1,0,6,La Perame,48.694176,-1.478455,20,1,1
202100031168,146Â 022,B01,1,1,1,0,1,0,-1,-1, -1,-1,2021,90.0,1,2,0,2,5,1,1,,4,MARIUS CHALVE AVENUE,0,,2,2,0,1,136,0,1,, -1,1,0,1,50,2,7,1,13,13063,2,1,0,3,MARIUS CHALVE AVENUE,43.5792,4.99962,15,2,2
202100025555,155Â 996,A01,1,1,1,0,2,-1,-1,0,0,-1,2021,21.0,1,1,0,2,1,16,1,,3,46,-1,,2,2,0,1,5,779,3,, -1,1,0,1,80,5,8,1,40,40011,1,4,0,1,1218 route de BONNUT,43.5639915342,-0.7839560509,16,2,2
202100015933,173Â 184,B01,1,1,1,2,2,6,-1,0,0,-1,2021,18.0,1,1,0,2,7,17,1,,3,PLAN (ROUTE DU) -D304-,0,,2,2,0,1,0,298,1,, -1,1,0,1,50,30,9,1,6,6069,1,1,0,3,PLAN (ROUTE DU) -D304-,43.652132,6.947605,16,3,2
202100034282,140Â 461,A01,1,1,1,5,2,6,-1,0,0,-1,2021,19.0,0,1,0,2,1,17,1,,3,CLEMENCEAU (BOULEVARD GEORGES),0,,2,2,0,1,49,110,1,, -1,1,0,1,50,15,6,1,27,27375,2,1,0,3,CLEMENCEAU (BOULEVARD GEORGES),49.21004,1.16871,18,3,2
202100045273,120Â 796,B01,1,1,1,5,2,6,-1,0,0,-1,2021,36.0,2,1,0,2,1,17,1,,3,933,-1,,2,2,0,1,62,800,1,, -1,1,0,1,80,4,4,1,1,1157,1,2,0,3,933,46.024299,4.75267,16,2,2
202100040785,128Â 712,A01,2,2,1,5,1,-1,-1,0,0,-1,2021,68.0,2,2,0,0,1,13,1,,3,81,0, -,2,2,0,2,12,0,4,, -1,1,0,8,90,8,5,1,81,81097,1,1,0,7,D81,43.86085,2.252921,16,2,1
202100001863,198Â 467,A01,1,1,1,5,1,0,-1,-1, -1,-1,2021,52.0,2,4,0,0,1,1,1,,4,KLEBER - AVENUE,0,,2,2,0,1,(1),(1),1,, -1,1,0,1,50,21,12,1,59,59183,2,1,0,1,KLEBER - AVENUE,51.0489480759,2.4007916093,14,3,2
202100012145,180Â 008,B01,1,1,1,0,2,6,-1,-1, -1,-1,2021,17.0,3,1,0,2,2,1,1,,4,AERODROME (AVE DE L'),0,,2,2,0,1,(1),(1),1,, -1,1,0,1,50,16,10,1,33,33529,2,3,0,3,AERODROME (AVE DE L'),44.6042,-1.12404,17,2,2
202100047707,116Â 471,B01,1,1,1,1,2,8,-1,-1, -1,-1,2021,24.0,1,1,0,2,7,1,1,,3,MADELEINE (ROUTE DE LA),0,,2,1,0,1,2,400,1,, -1,1,0,1,50,8,3,1,973,97302,2,1,0,3,MADELEINE (ROUTE DE LA),4.9189540833,-52.3217868889,8,2,2
202100003712,195Â 114,A01,1,1,1,9,1,-1,-1,0,0,-1,2021,55.0,2,2,0,2,3,9,1,,2,CARREFOUR DE L'EUROPE,0,,1,2,0,1,38,291,2,, -1,2,5,1,50,9,12,1,5,5061,2,6,0,3,CARREFOUR DE L'EUROPE,44.55483,6.07499,10,2,2
202100035023,139Â 096,B01,1,1,1,1,2,4,-1,0,0,-1,2021,37.0,3,1,0,2,5,1,3,,4,STRASBOURG (PLACE),0,,1,2,0,1,(1),(1),3,, -1,1,5,1,30,9,6,2,29,29019,2,6,0,3,Place de Strasbourg,48.40245,-4.4666,5,2,2
202100015462,174Â 060,B01,1,1,2,5,1,-1,-1,-1, -1,-1,2021,60.0,2,2,0,2,2,1,1,,3,,-1,,2,-1,-1,1,52,750,1,, -1,1,5,1,80,30,5,1,4,4174,1,4,0,3,,43.9709931862,6.7599539459,15,2,2
202100010132,183Â 588,A01,2,2,1,5,8,-1,-1,-1, -1,-1,2021,23.0,2,2,0,2,3,19,1,,4,FELIX FAURE                         (AV),0,,2,4,3,1,(1),(1),1,, -1,1,5,1,50,30,10,5,69,69383,2,2,0,3,GAMBETTA (CR),45.7526549288,4.8508554697,6,5,2
202100011909,180Â 436,A01,1,1,1,5,1,-1,-1,0,0,-1,2021,32.0,2,2,2,0,7,1,0,,3,58,-1,,2,2,0,1,9,920,1,, -1,1,0,3,90,20,10,3,49,49228,1,1,0,6,D58,47.480088,-0.0103,22,1,1
202100048760,114Â 608,A01,1,1,2,1,1,8,-1,-1, -1,-1,2021,25.0,2,2,0,2,6,1,1,,7,Autoroute A.35,0,,1,3,0,1,309,299,1,, -1,1,0,1,90,8,3,1,67,67218,1,1,0,3,M35,48.53322,7.69845,7,2,2
202100030986,146Â 346,A01,4,2,1,5,1,8,-1,-1, -1,-1,2021,9.0,3,2,0,2,1,13,1,,3,D.346,0,,2,3,0,1,1,822,1,, -1,1,0,1,70,28,6,1,77,77326,1,3,0,1,D.346,48.58159,2.55374,14,4,2
202100026396,154Â 511,A01,2,2,2,5,2,-1,-1,0,0,-1,2021,46.0,2,1,0,2,1,17,1,,3,159,-1,B,2,2,0,1,30,670,1,, -1,1,0,1,80,30,7,1,88,88222,1,1,0,3,,48.25417,6.614671,21,3,2
202100051197,110Â 161,A01,10,3,1,5,0,-1,-1,1,B,2,2021,86.0,1,2,0,1,4,4,1,,4,ROUERGUE (R DU),0,,2,2,0,1,0,0,1,, -1,1,0,1,50,17,2,1,94,94021,2,1,0,2,ROUERGUE (R DU),48.77623,2.36301,16,2,1
202100052988,107Â 001,B01,1,1,1,4,2,0,-1,0,0,-1,2021,48.0,2,1,0,2,8,1,1,,4,BOULEVARD RICHARD LENOIR,0,,1,2,0,1,(1),(1),1,, -1,2,0,1,50,31,1,5,75,75111,2,2,1,3,BOULEVARD RICHARD LENOIR,48.858019,2.371628,20,2,2
202100036608,136Â 269,A01,1,1,2,9,8,0,-1,-1, -1,-1,2021,21.0,1,2,0,9,1,26,1,,1,A87N,0,,3,4,0,1,1,0,1,, -1,2,0,1,90,3,6,1,49,49267,2,1,0,6,A87N,47.46542,-0.5166,12,1,1
202100022162,162Â 029,A01,1,1,1,5,8,-1,-1,0,0,-1,2021,88.0,3,2,0,2,1,1,1,,3,102,0,,-1,2,0,2,(1),(1),1,, -1,1,5,1,80,29,8,1,50,50350,1,2,0,3,La Gaudiniere,49.014832,-1.32205,12,6,2
202100048089,115Â 792,A01,1,1,1,4,1,-1,-1,0,0,-1,2021,38.0,2,4,1,0,2,2,1,,1,A5,-1,A,3,4,0,1,60,195,1,, -1,1,0,2,130,14,3,3,89,89189,1,1,0,6,A5,48.294707,3.262326,20,1,1
202100007226,188Â 838,A01,1,1,2,5,1,8,-1,-1, -1,-1,2021,69.0,2,2,0,2,2,9,1,,4,MANIO ( ECHANGEUR ET RD POINT DU ),0,,1,1,0,1,(1),(1),2,, -1,1,5,1,50,17,11,1,56,56121,2,6,0,3,MANIO ( ECHANGEUR ET RD POINT DU ),47.75605,-3.38426,16,2,2
202100054933,103Â 621,A01,10,3,1,9,0,-1,-1,3,3,2,2021,33.0,1,2,0,1,1,15,1,,4,BELLES VUES (R DES),0,,2,2,0,1,1,0,1,, -1,1,0,1,50,15,1,1,94,94017,2,3,0,6,LUCIEN BARRAULT (AV),48.814459,2.546842,13,2,1
202100041197,127Â 963,A01,1,1,2,3,1,-1,-1,0,0,-1,2021,53.0,3,2,13,0,2,1,1,,3,24,0,,2,2,0,1,17,520,2,, -1,1,0,3,80,6,5,1,50,50186,1,1,0,7,Rue du Hameau Pepin,49.48345,-1.456182,17,1,1
202100039381,131Â 210,B01,1,1,1,0,6,2,-1,0,0,-1,2021,16.0,2,1,0,2,6,2,1,,3,312,-1,,1,1,0,1,4,500,2,, -1,1,0,1,50,19,5,1,64,64304,2,6,0,3,D312,43.473057,-1.395457,18,2,2
202100039788,130Â 464,B01,2,2,2,5,1,0,-1,-1, -1,-1,2021,39.0,2,5,3,2,8,12,1,,2,118,0,,1,3,0,2,10,199,2,, -1,2,0,1,110,15,5,1,91,91471,1,1,1,3,RN 118,48.71212,2.18361,20,3,2
202100044564,122Â 059,A01,10,3,2,5,0,-1,-1,4,3,1,2021,81.0,1,2,0,1,1,1,1,,4,LECLERC (RUE DU GENERAL),0,,2,2,0,1,(1),(1),1,, -1,1,0,1,50,8,4,1,54,54274,2,3,0,6,LECLERC (RUE DU GENERAL),48.6690826932,6.1994589721,16,2,1
202100002377,197Â 533,A01,10,3,1,2,0,-1,-1,5,3,1,2021,12.0,1,2,0,1,4,4,1,,4,BOIS (RUE DES),0,,-1,2,0,1,0,100,1,, -1,1,0,4,30,17,12,1,91,91421,2,1,0,6,BOIS (RUE DES),48.706,2.45398,11,2,1
202100028712,150Â 396,A01,1,1,2,3,1,0,-1,-1, -1,-1,2021,65.0,3,2,8,0,1,1,1,,4,ESTIENNE D'ORVES (RUE),0,,1,1,0,1,0,0,1,, -1,1,1,8,10,16,7,1,92,92025,2,1,0,6,ESTIENNE D'ORVES (RUE),48.9202420764,2.246838212,10,2,1
202100009518,184Â 699,A01,1,1,1,5,1,-1,-1,0,0,-1,2021,40.0,2,2,0,2,1,13,1,,2,209,0,N,2,2,0,1,32,250,1,, -1,1,0,1,80,5,11,1,3,3029,1,1,0,1,N209,46.228938,3.432734,15,3,2
202100029007,149Â 883,A01,1,1,2,1,1,9,-1,0,0,-1,2021,19.0,2,2,0,2,1,13,1,,3,979,0,,3,2,0,1,24,845,2,, -1,2,0,1,80,12,7,1,71,71220,1,1,1,1,D979,46.538724,3.765017,9,2,2
202100035391,138Â 454,A01,1,1,1,1,0,-1,-1,0,0,-1,2021,53.0,1,4,0,0,3,1,1,,3,25,0,D,2,2,0,1,16,900,1,, -1,1,0,1,90,10,6,3,23,23218,1,1,0,7,route dÃ©partementale 25,45.860113,2.305936,22,1,1
202100054099,105Â 046,B01,1,1,1,9,2,-1,-1,0,0,-1,2021,40.0,1,1,1,2,1,17,1,,4,RUE ALPHONSE DE NEUVILLE,0,,2,2,0,1,(1),(1),1,, -1,1,0,1,50,22,1,1,75,75117,2,1,0,3,RUE ALPHONSE DE NEUVILLE,48.88624,2.302019,11,2,2
202100040874,128Â 563,B01,1,1,1,5,8,-1,-1,-1, -1,-1,2021,53.0,2,0,0,2,4,13,3,,4,CROIX DE PIVORT (DE LA)             (CH),0,,1,1,0,2,(1),(1),1,, -1,1,0,1,50,7,5,2,69,69202,2,1,0,2,CROIX DE PIVORT (DE LA) (CHM),45.7297605671,4.8057293909,20,2,2
202100037648,134Â 362,A01,1,1,1,0,0,-1,-1,0,0,-1,2021,24.0,0,2,7,0,1,1,1,,4,115,0,,2,2,0,1,0,0,1,, -1,1,0,1,80,28,5,3,72,72058,2,1,0,6,route du tertre,47.97791,0.301445,23,1,1
202100038639,132Â 569,A01,2,2,2,9,1,0,-1,-1, -1,-1,2021,35.0,1,2,0,2,1,11,1,,4,BONNEFOY (RUE),0,,-1,2,0,1,(1),(1),1,, -1,1,0,1,50,22,5,1,13,13210,2,9,0,2,BONNEFOY (RUE),43.28058,5.400959,13,3,2
202100043545,123Â 828,A01,2,2,1,1,1,8,-1,-1, -1,-1,2021,28.0,1,2,0,2,7,1,1,,4,STANG BIHAN RUE DE,0,,2,2,0,1,(1),(1),1,, -1,1,0,1,50,17,4,5,29,29232,2,3,0,3,Rue de Stang Bihan,48.010527417,-4.1033965365,5,3,2
202100035322,138Â 573,B01,1,1,1,9,2,6,-1,0,0,-1,2021,26.0,1,1,0,2,1,17,1,,4,RUE BICHAT,0,,1,1,0,1,(1),(1),1,, -1,1,0,1,30,10,6,1,75,75110,2,1,0,3,RUE BICHAT,48.871052,2.368345,13,2,2
202100033204,142Â 411,B01,1,1,2,9,1,8,-1,0,0,-1,2021,20.0,2,2,0,2,6,1,1,,4,PORTE D ORLEANS,0,,1,3,0,1,(1),(1),1,, -1,1,0,1,70,18,6,5,75,75114,2,4,0,3,PORTE D ORLEANS,48.819085,2.329623,22,4,2
202100005548,191Â 885,B01,1,1,1,0,2,0,-1,-1, -1,-1,2021,21.0,2,1,0,2,7,17,1,,4,MARIGNY (COUR),0,,1,1,0,1,1,0,1,, -1,1,0,1,30,25,11,5,94,94080,2,1,0,3,Cours Marigny,48.845827,2.43986,18,2,2
202100024818,157Â 295,A01,1,1,1,5,2,-1,-1,0,0,-1,2021,76.0,2,1,0,0,1,1,5,,3,16,-1,E,2,2,0,2,1,0,1,, -1,9,0,1,80,11,8,1,55,55435,1,1,0,7,departementale 16,48.743717,5.022308,14,1,1
202100005122,192Â 623,A01,10,3,2,0,0,-1,-1,4,3,2,2021,31.0,-1,2,0,1,1,16,2,,3,"JULES GUESDES  (RUE, DU 2 AU 96 ET DE 1",0,,2,4,0,2,1,0,1,, -1,2,0,1,50,1,12,5,93,93032,2,3,0,6,MONTGUICHET  (CHEMIN DE),48.87932,2.54668,23,2,1
202100015628,173Â 738,B01,2,2,2,3,1,0,-1,-1, -1,-1,2021,43.0,1,2,0,2,9,23,1,,3,RD 919,0,,-1,3,0,1,47,121,1,, -1,1,0,1,70,1,10,1,9,9122,2,1,0,4,RD 919,42.98763,1.61567,14,5,4
202100045085,121Â 145,A01,1,1,2,5,0,-1,-1,0,0,-1,2021,16.0,2,1,0,0,0,1,5,,3,900,-1,,2,2,0,1,91,745,1,, -1,1,0,1,80,6,4,1,4,4086,1,1,0,7,RD 900,44.404891,6.710715,13,1,1
202100049911,112Â 521,C01,2,2,1,5,1,0,-1,-1, -1,-1,2021,31.0,1,2,0,2,4,1,1,,4,GENERAL ROGUET (RUE DU) DE (1 A 57)   (2,0,,2,2,0,1,0,0,1,, -1,1,0,1,50,27,2,1,92,92024,2,1,0,4,GENERAL ROGUET (RUE DU) DE (1 A 57)   (2,48.90748,2.31292,17,4,3
202100041637,127Â 177,A01,10,3,2,0,0,-1,-1,-1, -1,-1,2021,22.0,1,2,0,1,1,18,1,,4,AV DE LA RESISTANCE,0,,2,2,0,1,1,0,1,, -1,1,0,1,50,17,3,5,77,77108,2,9,0,6,AV DE LA RESISTANCE,48.87517,2.58271,4,2,1
202100027027,153Â 405,A01,1,1,1,5,2,-1,-1,0,0,-1,2021,45.0,1,1,14,0,1,2,1,,3,939,0,D,2,2,0,2,45,875,2,0,"6,6",1,0,1,80,26,7,2,16,16320,1,1,0,6,Lieu-dirt Les Aigaux,45.760272,0.009911,20,1,1
202100040256,129Â 645,B01,1,1,1,0,1,-1,-1,0,0,-1,2021,38.0,0,2,0,0,3,1,1,,3,1082,-1,,2,2,0,1,48,300,1,, -1,1,0,1,80,12,5,1,42,42323,1,1,0,1,Avenue de la LibÃ©ration,45.573828,4.27321,11,2,2
202100056155,101Â 508,A01,10,3,2,5,0,-1,-1,2,3,1,2021,83.0,1,2,0,1,3,15,1,,4,,0,,2,2,0,1,(1),(1),2,, -1,1,0,1,50,2,1,1,54,54578,2,2,0,6,AIGUILLETTES  (BD 5 A 73-2 A 94),48.6732313682,6.1532520112,11,2,1
202100004759,193Â 275,B01,1,1,1,9,1,0,-1,-1, -1,-1,2021,48.0,3,2,0,2,8,15,1,,4,MAGINOT (AV. ANDRE),0,,2,2,0,1,(1),(1),1,, -1,1,0,1,50,3,12,5,37,37261,2,1,0,3,MAGINOT (AV. ANDRE),47.4215045528,0.6957583129,0,3,2
202100042016,126Â 518,A01,10,3,1,4,0,-1,-1,2,3,1,2021,47.0,2,2,0,1,3,1,1,,3,MARCKOLSHEIM (ROUTE DE),0,,2,2,0,1,1,0,1,, -1,1,0,1,50,29,4,1,67,67462,2,1,0,6,MARCKOLSHEIM (ROUTE DE),48.255723,7.456808,13,2,1
202100041457,127Â 504,A01,1,1,2,3,1,-1,-1,0,0,-1,2021,92.0,2,2,0,2,9,1,1,,3,114,0,,2,2,0,2,63,100,1,, -1,1,0,1,80,30,4,1,17,17397,1,2,0,6,D114,45.860697,-0.660483,9,2,2
202100046723,118Â 255,A01,1,1,1,0,8,0,-1,-1, -1,-1,2021,19.0,3,1,12,0,0,0,0,,4,BREST (BOULEVARD),0,,2,2,0,1,(1),(1),1,, -1,1,0,1,50,23,3,5,974,97407,2,1,0,7,BREST (BOULEVARD),-20.9346780202,55.2960067415,19,1,1
202100011199,181Â 713,A01,10,3,2,5,0,-1,-1,2,3,3,2021,33.0,2,1,0,1,1,1,1,,4,FONTANET (AV.) RUISSEAU CHIRIAC A WINNED,0,,2,2,2,1,(1),(1),1,, -1,1,-1,1,50,23,10,5,73,73011,2,1,0,6,FONTANET (AV.) RUISSEAU CHIRIAC A WINNED,45.6609283823,6.3703451778,21,2,1
202100010856,182Â 323,A01,1,1,2,5,2,0,-1,-1, -1,-1,2021,17.0,2,1,0,0,8,16,1,,4,QUEUILLE (PLACE HENRI),0,,1,2,0,1,0,0,3,, -1,2,5,1,50,25,10,1,87,87085,2,2,1,7,QUEUILLE (PLACE HENRI),45.81524,1.26942,16,1,1
202100036732,136Â 053,A01,1,1,1,4,1,-1,-1,0,0,-1,2021,42.0,2,5,6,0,1,1,1,,3,D,0,,2,2,0,2,96,110,1,, -1,2,0,1,70,3,6,3,33,33051,1,1,1,6,,44.659023,-0.989097,21,1,1
202100003672,195Â 193,A01,1,1,1,0,2,6,-1,-1, -1,-1,2021,31.0,3,1,0,2,7,17,1,,4,CHEM DU PHARE,0,,3,4,1,1,(1),(1),1,, -1,2,9,1,50,9,12,1,33,33281,2,6,1,3,CHEM DU PHARE,44.85069,-0.69278,9,2,2
202100008645,186Â 293,A01,1,1,2,1,1,-1,-1,0,0,-1,2021,33.0,0,2,13,0,9,17,1,,2,10,0,,2,3,0,1,49,200,1,,"10,5",1,0,8,90,10,11,1,28,28259,1,1,0,7,N10,48.234478,1.406808,14,1,1
202100033710,141Â 507,B01,1,1,1,1,1,-1,-1,0,0,-1,2021,53.0,1,2,0,2,3,1,1,,3,1532,0,,2,2,0,1,26,200,1,, -1,1,0,1,80,19,6,1,38,38338,1,1,0,1,RD 1532,45.212505,5.488551,11,2,2
202100022865,160Â 748,A01,10,3,2,9,0,-1,-1,9,3,1,2021,13.0,3,0,0,1,0,0,0,,3,208,-1,,2,2,0,1,(1),(1),1,, -1,1,0,1,50,23,8,5,978,97801,2,1,0,6,R DE SANDY GROUND,18.057776,-63.09864,1,2,1
202100038512,132Â 804,B01,1,1,1,4,2,6,-1,-1, -1,-1,2021,29.0,3,1,0,2,2,1,1,,4,PRUNEAU (AVE GENERAL),0,,2,4,0,1,0,0,1,, -1,2,2,1,50,24,5,1,83,83137,2,2,0,3,PRUNEAU (AVE GENERAL),43.12222,5.95557,11,2,2
202100042297,126Â 020,A01,10,3,1,0,0,-1,-1,3,3,1,2021,64.0,0,5,0,1,1,15,1,,4,LECLERC (AVENUE DU GENERAL),0,,1,2,0,1,(1),(1),1,, -1,2,0,1,50,27,4,1,66,66136,2,3,1,6,LECLERC (AVENUE DU GENERAL),42.70182,2.89179,10,2,1
202100033078,142Â 617,B01,1,1,2,5,2,6,-1,0,0,-1,2021,46.0,1,1,0,2,8,18,1,,4,RUE DE MEAUX,0,,1,1,0,1,(1),(1),1,, -1,1,0,1,30,21,6,1,75,75119,2,2,0,3,RUE DE MEAUX,48.882807,2.375667,11,2,2
202100044996,121Â 298,B01,1,1,1,2,2,-1,-1,0,0,-1,2021,17.0,2,1,0,2,1,1,5,,2,5,-1,,2,2,0,2,(1),(1),1,, -1,1,0,1,50,6,4,2,974,97414,2,2,0,3,Route de Cilaos,-21.270514,55.44339,7,2,2
202100029113,149Â 709,A01,1,1,2,0,1,0,-1,0,0,-1,2021,25.0,1,2,0,9,1,1,1,,7,ROYAT (AVENUE DE),0,,2,2,0,2,(1),(1),1,, -1,1,0,1,50,10,7,1,63,63075,2,2,0,6,ROYAT (AVENUE DE),45.77418,3.06288,21,1,1
202100047993,115Â 954,A01,1,1,1,4,2,6,9,0,0,-1,2021,34.0,2,1,0,0,0,0,1,,3,130,-1,,2,2,0,1,0,535,1,, -1,2,0,1,-1,16,3,1,77,77195,1,1,1,6,D130,48.581217,2.779203,17,1,1
202100023286,159Â 994,B01,2,2,2,0,2,6,-1,-1, -1,-1,2021,26.0,3,1,0,2,4,1,1,,4,CRS JULES LADOUMEGUE,0,,3,4,0,1,(1),(1),1,, -1,1,0,1,50,21,8,5,33,33063,2,1,0,2,Cours Jules LadoumÃ¨gue,44.8977,-0.5741,0,3,2
202100015416,174Â 150,A01,7,2,1,5,0,-1,-1,0,0,-1,2021,20.0,2,2,0,0,9,1,0,,2,12,0,,3,4,0,1,3,511,1,, -1,2,0,8,110,3,10,3,28,28185,1,1,1,7,Route nationale 12,48.769343,1.537271,1,4,1
202100018353,168Â 819,A01,1,1,1,0,8,0,-1,-1, -1,-1,2021,32.0,0,1,0,2,0,11,5,,4,HUGO ( BD VICTOR ),0,,2,2,2,1,0,0,1,, -1,1,0,1,30,17,9,2,44,44109,2,1,0,2,HUGO ( BD VICTOR ),47.20426,-1.55237,19,2,2
202100032772,143Â 196,A01,1,1,1,1,8,-1,-1,0,0,-1,2021,32.0,2,2,13,9,1,21,1,,1,40,-1,,3,2,3,1,129,297,1,, -1,1,0,3,110,22,6,1,1,1067,1,1,0,6,A40 PK129.300 sens MÃ¢con/GenÃ¨ve,46.125998,5.499984,10,3,1
202100004550,193Â 643,B01,1,1,1,1,2,6,-1,-1, -1,-1,2021,34.0,2,1,0,2,1,1,1,,3,EMILE ZOLA (R),0,,2,4,0,1,1,0,1,, -1,2,0,1,50,5,12,5,94,94002,2,2,1,3,Rue Emile Zola,48.79829,2.42014,18,2,2
202100045127,121Â 070,B01,1,1,2,0,8,4,-1,-1, -1,-1,2021,79.0,1,1,0,2,8,15,5,,4,FAUCHEUX (BD JACQUES),0,,2,2,0,4,(1),(1),1,, -1,1,5,1,30,2,4,1,35,35115,2,6,0,6,FAUCHEUX (BD JACQUES),48.35453,-1.21109,16,2,2
202100054449,104Â 436,B01,1,1,1,0,2,0,-1,-1, -1,-1,2021,38.0,1,1,0,2,2,3,1,,4,RUE DES FRERES LION,0,,2,3,0,1,(1),(1),1,, -1,1,0,1,50,18,1,5,31,31555,2,1,0,3,18 Rue des FrÃ¨res Lion,43.60025,1.45247,19,2,2
202100013397,177Â 784,B01,2,2,1,5,2,0,-1,-1, -1,-1,2021,26.0,1,1,0,2,7,1,1,,3,CARNOT (R),0,,3,2,0,1,1,0,1,, -1,1,0,1,50,13,10,1,94,94033,2,1,0,3,CARNOT (R),48.85334,2.49202,18,3,2
202100007838,187Â 727,B01,2,2,1,5,1,0,-1,-1, -1,-1,2021,46.0,1,2,0,2,4,23,1,,4,GENERAL GALLIENI (RUE DU),0,,2,2,0,1,(1),(1),1,, -1,1,0,1,50,15,11,1,10,10362,2,1,0,2,GENERAL GALLIENI (RUE DU),48.29392,4.05452,14,3,2
202100031576,145Â 312,A01,1,1,2,5,1,5,-1,0,0,-1,2021,30.0,0,2,9,0,1,1,3,,4,JAURES (RUE JEAN),0,,2,2,0,1,(1),(1),1,, -1,2,0,1,50,29,6,1,27,27299,2,1,1,7,JAURES (RUE JEAN),49.04992,1.16225,10,1,1
202100005217,192Â 450,A01,10,3,2,0,0,-1,-1,5,5,2,2021,3.0,1,3,0,1,7,1,1,1.0,4,BONS ENFANTS (RUE DES),0,,1,1,3,1,0,0,1,, -1,1,9,1,50,30,11,1,974,97416,2,1,0,3,BONS ENFANTS (RUE DES),-21.33828,55.46884,16,3,1
202100018702,168Â 212,A01,1,1,1,1,2,6,-1,-1, -1,-1,2021,54.0,2,1,0,2,2,3,1,,1,86,0,,3,4,0,1,8,0,1,, -1,1,0,1,90,16,9,1,92,92036,1,1,0,3,A86,48.9359519994,2.2870560883,10,2,2
202100012751,178Â 927,A01,8,2,2,9,9,-1,-1,0,0,-1,2021,84.0,1,5,2,0,1,13,1,,2,1,-1,,2,2,0,1,187,500,1,, -1,2,0,3,110,18,10,1,988,98803,1,1,1,6,RT1,-21.477311,165.362391,14,2,1
202100033591,141Â 723,B01,1,1,1,5,2,6,-1,-1, -1,-1,2021,49.0,3,1,0,2,5,1,1,,4,SAINT-ROMAIN (RUE DE),0,,2,2,0,1,(1),(1),2,, -1,1,0,1,50,17,6,1,42,42184,2,6,0,3,Rue de Saint Romain,46.0436011149,4.0448117722,18,2,2
202100000769,200Â 340,A01,2,2,1,4,1,5,-1,0,0,-1,2021,42.0,3,2,0,2,2,1,1,,4,SAINT ANDRE (ROUTE DE),0,,2,3,0,1,(1),(1),1,, -1,1,0,1,50,31,12,5,27,27229,2,2,0,3,SAINT ANDRE (ROUTE DE),49.01091,1.16601,21,6,2