Num_Acc,id_vehicule,num_veh,place,catu,sexe,trajet,secu1,secu2,secu3,locp,actp,etatp,year_acc,victim_age,senc,catv,obs,obsm,choc,manv,motor,occutc,catr,voie,v1,v2,circ,nbv,vosp,prof,pr,pr1,plan,lartpc,larrout,surf,infra,situ,vma,jour,mois,lum,dep,com,agg_,int,atm,col,adr,lat,long,hour,nb_victim,nb_vehicules
202100032313,143Â 999,A01,1,1,1,9,2,6,-1,0,0,-1,2021,57.0,2,1,0,0,0,1,1,,4,BOULEVARD SAINT GERMAIN,0,,1,3,0,1,(1),(1),1,, -1,1,0,1,50,25,6,1,75,75105,2,3,0,7,BOULEVARD SAINT GERMAIN,48.849868,2.349453,11,1,1
202100033500,141Â 898,A01,1,1,1,9,1,-1,-1,0,0,-1,2021,91.0,1,2,2,0,1,0,1,,3,99,-1,,2,2,0,1,3,900,1,, -1,2,0,8,80,10,5,1,67,67345,1,9,1,6,D99,48.796956,7.881188,17,1,1
202100043649,123Â 653,B01,1,1,1,9,8,0,-1,0,0,-1,2021,32.0,2,1,0,2,3,14,1,,4,BOULEVARD NEY,0,,3,2,0,2,(1),(1),1,, -1,1,0,1,50,17,4,1,75,75118,2,1,0,3,BOULEVARD NEY,48.8985358342,2.3557359177,18,2,2
202100041316,127Â 757,A01,10,3,2,5,0,-1,-1,3,5,2,2021,4.0,2,2,0,1,1,1,1,,4,BOULEVARD GARIBALDI,0,,3,1,0,1,(1),(1),1,, -1,1,0,1,50,4,5,1,75,75115,2,2,0,6,BOULEVARD GARIBALDI,48.846678,2.306221,18,2,1
202100010529,182Â 907,A01,10,3,1,5,0,-1,-1,3,3,1,2021,62.0,1,2,0,1,1,19,1,,4,JAURES (RUE JEAN),0,,1,2,0,1,(1),(1),1,, -1,1,6,1,30,28,10,1,42,42187,2,4,0,6,Rue Jean JaurÃ¨s,46.03593,4.0704,8,2,1
202100053728,105Â 701,A01,10,3,2,3,0,-1,-1,1,9,1,2021,74.0,3,2,0,9,1,15,1,,6,8 MAI 1945 (AVENUE DU),0,,-1,0,0,1,0,0,1,, -1,2,9,8,30,12,1,1,60,60057,2,9,1,6,Avenue du 8 Mai 1945 parking IntermarchÃ©,49.44246,2.09353,9,2,1
202100039413,131Â 149,A01,1,1,2,0,2,6,-1,-1, -1,-1,2021,26.0,1,1,0,2,3,1,1,,4,ROCKEFELLER                         (AV),0,,1,3,2,1,(1),(1),1,, -1,1,0,1,50,17,5,1,69,69388,2,6,0,3,ROCKEFELLER                         (AV),45.74264,4.87914,11,2,2
202100052239,108Â 329,A01,4,2,1,5,8,0,-1,-1, -1,-1,2021,9.0,2,2,0,2,1,2,1,,1,AUTOROUTE A10,0,,3,3,0,1,4,119,1,, -1,2,0,1,90,7,2,1,91,91377,1,1,1,4,AUTOROUTE A10,48.715833,2.290298,16,4,3
202100021210,163Â 747,A01,10,3,2,9,0,-1,-1,3,3,1,2021,32.0,3,2,0,1,1,1,1,,4,SAINT ANDRE (ROUTE DE),0,,2,1,0,1,(1),(1),1,, -1,1,0,1,50,2,9,1,27,27229,2,1,0,6,SAINT ANDRE (ROUTE DE),49.01159492,1.1654790074,9,2,1
202100050689,111Â 085,B01,2,2,2,5,1,5,-1,0,0,-1,2021,43.0,2,2,0,0,1,1,1,,2,116,0,,2,2,0,2,76,0,3,, -1,1,0,1,80,21,2,1,66,66192,1,1,0,1,N116,42.507002,2.139657,10,3,2
202100020097,165Â 702,A01,1,1,1,1,2,6,-1,0,0,-1,2021,39.0,3,1,0,2,5,3,1,,4,BOULEVARD PERIPHERIQUE,0,,1,4,3,1,24,900,1,, -1,1,1,1,70,7,9,5,75,75119,2,1,0,3,BD PERIPHERIQUE INTERIEUR,48.900353,2.384735,21,2,2
202100031377,145Â 663,A01,2,2,1,5,1,-1,-1,0,0,-1,2021,19.0,2,5,0,0,9,13,1,,3,579,0,D,2,2,0,2,13,300,3,, -1,1,0,3,80,3,7,3,7,7023,1,1,0,6,"D579, lieu-dit Les Salles",44.509556,4.385374,5,2,1
202100000975,200Â 015,A01,1,1,1,5,1,0,-1,-1, -1,-1,2021,19.0,1,2,15,0,4,14,1,,4,BROUILLEBAS (RUE DE),0,,2,2,0,2,0,0,3,, -1,2,0,1,50,27,12,1,87,87085,2,1,1,6,BROUILLEBAS (RUE DE),45.85791,1.25269,13,1,1
202100056228,101Â 389,B01,1,1,2,0,1,0,-1,-1, -1,-1,2021,61.0,2,2,0,2,3,1,1,,2,RN 118,0,,1,2,0,1,11,949,1,, -1,1,0,1,90,5,1,3,91,91471,1,1,0,3,RN 118,48.699,2.1923,19,2,2
202100020996,164Â 133,B01,1,1,1,1,1,-1,-1,-1, -1,-1,2021,46.0,2,2,0,2,8,1,1,,4,,0,,3,6,3,1,(1),(1),1,, -1,1,0,1,50,3,9,5,69,69382,2,2,0,3,JULES COURMONT (Q),45.7601,4.8379,23,3,2
202100049802,112Â 726,A01,1,1,1,5,8,-1,-1,0,0,-1,2021,25.0,3,1,9,0,1,1,1,,4,,-1,,2,2,0,1,(1),(1),4,, -1,1,0,1,50,28,2,1,49,49135,2,1,0,7,Chemin du Port Albert,47.567211,-0.603735,16,2,1
202100005478,191Â 997,A01,10,3,2,3,0,-1,-1,9,9,1,2021,15.0,2,2,0,2,7,19,1,,4,Pont de BLANCHARD,0,,4,4,0,4,(1),(1),1,, -1,1,0,1,50,28,11,1,971,97113,2,2,0,6,Pont de BLANCHARD,16.2235350108,-61.5236050772,14,2,1
202100001415,199Â 247,A01,1,1,1,5,0,-1,-1,0,0,-1,2021,20.0,2,5,8,0,3,1,1,,2,4,-1,,2,2,0,1,10,500,2,, -1,1,0,3,60,26,12,2,987,98748,1,1,0,3,"Vairao Pk 10+500 c/mont, face Ifremer",-17.827213,-149.242395,19,1,1
202100032849,143Â 051,A01,1,1,1,0,2,0,-1,-1, -1,-1,2021,42.0,1,1,0,2,1,1,1,,3,R D 900,0,,3,2,0,3,25,2105,1,, -1,1,0,1,50,21,6,1,66,66136,1,1,0,2,R D 900,42.674035,2.887313,8,2,2
202100007417,188Â 501,B01,1,1,1,0,0,-1,-1,0,0,-1,2021,28.0,1,1,0,2,1,1,3,,3,20,0,D,2,2,0,1,0,480,1,, -1,1,0,1,80,19,11,3,85,85080,1,1,0,1,D20,46.428199,-0.82833948,19,2,2
202100053139,106Â 757,A01,1,1,2,5,1,8,-1,-1, -1,-1,2021,63.0,2,2,3,2,4,2,1,,1,A7-Sens Marseille vers Lyon,0,,1,3,0,1,254,500,1,, -1,2,0,1,110,30,1,2,13,13081,1,1,1,4,A7-Sens Marseille vers Lyon,43.49256,5.2401,17,3,3
202100049390,113Â 476,B01,1,1,1,5,2,6,-1,-1, -1,-1,2021,36.0,0,1,0,2,2,0,1,,4,TUILERIES (RUE DES),0,,-1,0,0,1,(1),(1),1,, -1,1,9,1,50,27,2,1,34,34003,2,3,0,3,TUILERIES (RUE DES),43.3112372509,3.4756101206,14,2,2
202100011081,181Â 919,A01,1,1,1,5,2,8,-1,-1, -1,-1,2021,15.0,2,1,0,0,0,1,1,,4,BELGIQUE (RUE  DE ),0,,2,2,0,1,(1),(1),1,, -1,2,0,1,30,24,10,5,56,56121,2,1,1,7,BELGIQUE (RUE  DE ),47.75916,-3.37939,20,1,1
202100039310,131Â 332,A01,1,1,1,5,2,8,-1,-1, -1,-1,2021,62.0,3,1,8,0,1,0,5,,4,GROSS-UMSTADT (AVENUE DE),0,,2,2,0,1,(1),(1),1,, -1,1,0,1,50,19,5,1,7,7281,2,1,0,7,GROSS-UMSTADT (AVENUE DE),44.94502,4.85559,16,1,1
202100009807,184Â 167,B01,1,1,1,1,2,0,-1,0,0,-1,2021,27.0,3,1,0,2,7,3,1,,4,BOULEVARD PERIPHERIQUE,0,,1,3,0,1,(1),(1),1,, -1,1,0,1,70,2,11,1,75,75114,2,1,0,5,BOULEVARD PERIPHERIQUE,48.817672,2.334507,10,3,3
202100014823,175Â 210,A01,1,1,1,2,2,8,-1,0,0,-1,2021,16.0,2,1,0,2,1,11,1,,4,SAINT CLAUDE CH.DE,0,,2,2,0,1,(1),(1),1,, -1,1,0,1,50,6,10,1,6,6004,2,1,0,2,SAINT CLAUDE CH.DE,43.599626,7.100152,14,2,2
202100002204,197Â 852,B01,1,1,1,5,1,-1,-1,0,0,-1,2021,39.0,2,2,0,2,3,1,0,,3,12,-1,D,2,2,0,2,(1),(1),2,, -1,1,0,1,80,20,12,3,74,74250,1,1,0,1,Route des Gorges du Borne,46.035169,6.383851,21,2,2
202100016827,171Â 544,A01,1,1,1,1,2,6,-1,-1, -1,-1,2021,24.0,2,1,0,0,7,16,1,,4,BRIAND (RUE ARISTIDE),0,,1,2,0,1,0,0,3,, -1,1,0,1,50,23,9,1,87,87085,2,6,0,7,BRIAND (RUE ARISTIDE),45.85463,1.28386,8,1,1
202100041833,126Â 836,A01,1,1,1,0,1,-1,-1,0,0,-1,2021,24.0,2,2,13,0,0,13,1,,3,104,0,D,2,2,0,1,2,195,2,, -1,1,0,8,80,2,5,2,47,47324,1,1,0,6,Bagatelle Sud,44.63893,0.761125,6,1,1
202100047116,117Â 549,B01,1,1,2,5,8,-1,-1,-1, -1,-1,2021,29.0,1,1,0,2,7,1,5,,4,CREQUI (DE)                         (R ),0,,1,1,2,1,(1),(1),1,, -1,1,0,1,30,21,3,1,69,69386,2,2,0,3,CREQUI (DE)  (R),45.76813,4.84619,17,3,2
202100017102,171Â 060,B01,1,1,1,0,1,0,-1,-1, -1,-1,2021,53.0,3,2,0,2,1,2,1,,4,GENERAL LECLERC (AV),0,,3,4,0,1,1,0,1,, -1,1,0,1,50,24,9,1,94,94073,2,2,0,3,Avenue du GÃ©nÃ©ral Leclerc,48.76144,2.40319,13,2,2
202100045857,119Â 785,A01,1,1,1,5,2,6,-1,0,0,-1,2021,18.0,3,1,1,0,1,0,1,,4,D21,0,D,2,2,0,2,0,0,1,, -1,1,0,1,50,31,3,5,64,64256,2,1,0,7,rue francis jammes,43.39525,-1.314463,23,1,1
202100015736,173Â 536,B01,1,1,2,5,1,0,-1,0,0,-1,2021,64.0,2,2,4,2,8,9,1,,4,PORTE DE VINCENNES,0,,1,4,0,1,(1),(1),1,, -1,1,0,1,70,30,9,5,75,75112,2,4,0,3,BD PERIPHERIQUE INTERIEUR,48.844352,2.413894,0,3,2
202100001828,198Â 529,A01,2,2,2,0,1,0,-1,-1, -1,-1,2021,29.0,2,2,0,2,1,2,1,,2,1013,0,,3,2,0,1,0,200,1,, -1,1,0,1,70,21,12,3,92,92062,1,1,0,2,RN1013,48.8901557848,2.2421291105,18,3,2
202100024825,157Â 282,A01,10,3,1,5,0,-1,-1,3,3,1,2021,23.0,1,2,0,1,3,1,1,,4,91,0,,2,1,0,1,(1),(1),1,, -1,1,0,1,50,10,8,1,49,49301,2,1,0,6,Rue de la VendÃ©e (st Macaire-En-Mauges),47.115445,-0.993292,16,2,1
202100032699,143Â 319,B01,1,1,1,9,2,6,-1,0,0,-1,2021,44.0,1,1,0,2,4,23,1,,4,RUE RAYNOUARD,0,,1,1,0,1,(1),(1),1,, -1,1,0,1,50,22,6,1,75,75116,2,3,0,2,RUE RAYNOUARD,48.856789,2.282472,18,2,2
202100047158,117Â 472,B01,1,1,1,4,8,-1,-1,0,0,-1,2021,40.0,2,4,0,4,7,23,1,,3,2113,0,,2,2,0,1,253,(1),1,, -1,1,4,6,50,22,3,1,11,11122,2,8,1,3,D2113,43.184793,2.588396,10,2,2
202100010220,183Â 441,B01,1,1,2,5,1,-1,-1,0,0,-1,2021,71.0,2,2,0,2,1,1,1,,3,29,-1,,2,2,0,1,21,216,1,, -1,1,0,1,80,22,10,2,85,85046,1,1,0,1,Le Bois aux Moines,46.703206,-1.257969,18,2,2
202100053496,106Â 094,B01,1,1,1,1,0,0,-1,-1, -1,-1,2021,30.0,1,1,0,2,7,2,3,,3,PROVINS (RTE DE),0,,2,4,0,1,1,0,2,, -1,1,5,1,50,25,1,1,94,94055,2,6,0,3,Route de Provins,48.7921,2.55513,13,2,2
202100042658,125Â 379,A01,1,1,1,5,2,0,-1,-1, -1,-1,2021,29.0,2,1,3,0,0,13,1,,2,RN88,0,,3,4,0,2,36,500,3,, -1,1,0,1,70,25,4,3,42,42218,1,1,0,6,N88,45.43422,4.42093,0,1,1
202100015727,173Â 554,Z01,10,3,1,5,0,-1,-1,6,A,1,2021,32.0,2,2,0,1,0,1,0,,1,AUTOROUTE A15,0,,3,8,0,1,20,555,1,, -1,2,0,2,110,1,10,3,95,95572,1,1,1,6, A15,49.02875,2.12722,22,2,1
202100032696,143Â 324,Z01,10,3,2,9,8,8,-1,5,2,1,2021,32.0,2,1,0,1,1,25,1,,4,RUE VILLIERS DE L ISLE ADAM,0,,2,2,0,2,(1),(1),1,, -1,1,0,4,30,23,6,2,75,75120,2,1,0,6,RUE VILLIERS DE L ISLE ADAM,48.866058,2.394718,20,2,1
202100000523,200Â 764,A01,1,1,1,5,1,8,-1,-1, -1,-1,2021,27.0,2,2,4,0,3,13,1,,2,165,0,,1,2,0,2,98,278,3,, -1,2,3,3,70,29,12,1,56,56185,1,1,0,6,N165 bretelle Ã©changeur,47.7712,-3.37773,9,1,1
202100050041,112Â 292,A01,1,1,1,0,-1,0,-1,-1, -1,-1,2021,25.0,1,1,0,2,1,17,1,,4,CONDORCET (RUE),0,,2,2,0,1,(1),(1),1,, -1,1,0,1,50,24,2,1,13,13216,2,1,0,1,CONDORCET (RUE),43.3564728889,5.3441508987,10,2,2
202100002617,197Â 104,A01,1,1,2,5,2,0,-1,-1, -1,-1,2021,18.0,3,1,0,2,9,19,5,,4,FRANCE (PLACE ANATOLE),0,,2,4,0,1,(1),(1),1,, -1,1,0,1,50,16,12,1,37,37261,2,1,0,3,FRANCE (PLACE ANATOLE),47.3966661311,0.6860688329,12,2,2
202100044920,121Â 432,B01,1,1,1,0,8,0,-1,-1, -1,-1,2021,60.0,3,1,0,2,1,1,5,,4,CORMIERS (RUE DES),0,,2,1,0,1,(1),(1),1,, -1,1,0,1,50,6,4,1,78,78146,2,1,0,1,CORMIERS (RUE DES),48.89822,2.14519,15,2,2
202100045640,120Â 156,A01,1,1,1,5,8,0,-1,0,0,-1,2021,14.0,1,1,0,2,0,2,5,,4,RUE DE RIVOLI,0,,2,3,1,1,(1),(1),1,, -1,1,-1,5,30,31,3,1,75,75101,2,3,0,2,RUE DE RIVOLI,48.864413,2.330124,14,2,2
202100004932,192Â 976,A01,1,1,1,1,1,0,-1,-1, -1,-1,2021,35.0,0,2,8,0,2,26,1,,4,HUITIEME (AVENUE),0,,-1,2,0,1,0,0,2,, -1,2,0,1,50,3,12,2,93,93073,2,1,1,6,HUITIEME (AVENUE),48.9885,2.5302,16,1,1
202100043195,124Â 451,A01,2,2,1,9,2,0,-1,0,0,-1,2021,27.0,2,1,0,2,7,7,1,,4,AVENUE DE FLANDRE,0,,2,4,3,1,(1),(1),1,, -1,1,-1,6,50,21,4,1,75,75119,2,3,0,3,AVENUE DE FLANDRE,48.893166,2.379874,12,3,2
202100047909,116Â 100,B01,1,1,1,5,2,6,-1,-1, -1,-1,2021,22.0,1,1,14,2,1,1,1,,4,MONTHLERY (ROUTE DE),0,,2,2,0,2,0,0,1,, -1,1,0,1,50,7,3,1,91,91471,2,3,0,5,MONTHLERY (ROUTE DE),48.69177,2.18113,12,4,3
202100019298,167Â 139,A01,2,2,2,5,1,-1,-1,-1, -1,-1,2021,20.0,2,2,0,2,1,2,1,,1,AUTOROUTE A 63,0,,1,4,0,1,8,0,1,, -1,1,0,1,110,13,9,1,33,33122,1,1,0,2,AUTOROUTE A 63,44.743325,-0.706232,17,3,2
202100040648,128Â 959,A01,1,1,1,5,2,-1,-1,0,0,-1,2021,41.0,0,1,0,0,0,0,5,,3,244,0,,2,2,0,2,4,650,1,, -1,1,0,1,80,8,5,1,58,58213,1,1,0,7,Villaines,47.417736,3.025317,17,1,1
202100016263,172Â 564,B01,1,1,1,0,2,6,-1,-1, -1,-1,2021,56.0,3,1,0,2,4,2,1,,4,,0,,4,2,0,1,0,0,1,, -1,1,0,1,30,28,9,1,92,92048,2,2,0,5,LE CORBEILLER (AVENUE) NÂ° 1 A 45,48.8130624041,2.2402973231,8,3,3
202100025572,155Â 964,A01,10,3,1,3,0,-1,-1,5,1,1,2021,70.0,1,2,0,1,2,14,1,,4,,0,,2,2,0,1,(1),(1),1,, -1,1,6,4,30,2,6,1,85,85194,2,1,0,6,Avenue FranÃ§ois Mitterrand,46.50734,-1.77731,9,2,1
202100038498,132Â 828,A01,1,1,1,0,1,4,-1,-1, -1,-1,2021,35.0,1,5,4,2,1,1,1,,1,AUTOROUTE A104,0,,1,4,0,1,11,500,3,, -1,2,0,1,50,25,5,2,93,93005,1,1,0,6,AUTOROUTE A104,48.96201,2.47139,6,1,1
202100013394,177Â 789,B01,2,2,1,9,1,0,-1,-1, -1,-1,2021,56.0,2,2,0,2,4,23,1,,3,VARENNE (R DE LA),0,,2,2,0,1,0,0,1,, -1,1,0,1,30,12,10,1,94,94068,2,1,0,4,VARENNE (R DE LA),48.80803,2.47342,13,4,3
202100003381,195Â 714,A01,1,1,1,1,1,-1,-1,0,0,-1,2021,51.0,2,2,16,0,2,14,1,,1,1,-1,,1,3,3,1,127,0,1,,"13,5",1,0,3,130,12,12,2,80,80430,1,1,0,7,Autoroute A1,49.928002,2.851628,17,1,1
202100049601,113Â 082,A01,1,1,1,0,2,6,-1,-1,0,-1,2021,22.0,3,1,0,2,7,16,1,,4,LIVILLIERS (RUE DE),0,,2,2,0,1,(1),(1),1,, -1,1,0,1,30,26,2,5,95,95476,2,3,0,3,LIVILLIERS (RUE DE),49.072942842,2.0706868172,18,2,2
202100049502,113Â 270,A01,1,1,1,1,2,-1,-1,-1, -1,-1,2021,37.0,2,1,0,2,1,15,3,,4,RUE DE LA RENAISSANCE,0,,2,2,0,1,(1),(1),1,, -1,1,0,1,50,1,3,1,33,33162,2,3,0,3,Rue de la Renaissance,44.862529,-0.646325,12,2,2
202100018271,168Â 961,A01,1,1,1,5,2,-1,-1,0,0,-1,2021,20.0,1,1,0,0,0,1,1,,3,943,-1,,2,2,0,2,(1),(1),3,, -1,1,0,1,80,19,9,3,84,84003,1,1,0,7,d943,43.863774,5.368795,1,1,1
202100054244,104Â 793,A01,1,1,1,9,2,6,-1,0,0,-1,2021,65.0,1,1,0,0,1,1,1,,4,PLACE LACHAMBEAUDIE,0,,1,2,0,1,(1),(1),1,, -1,2,0,1,50,21,1,1,75,75112,2,7,1,7,PLACE LACHAMBEAUDIE,48.836068,2.386774,14,1,1
202100024276,158Â 278,A01,1,1,1,5,8,0,-1,0,0,-1,2021,90.0,2,0,0,0,0,1,3,,4,VAL DE MONTFERRAND (AVENUE DU),0,,2,2,0,2,(1),(1),1,, -1,1,0,1,50,13,8,1,34,34172,2,1,0,7,VAL DE MONTFERRAND (AVENUE DU),43.63787,3.87366,9,1,1
202100007647,188Â 080,A01,10,3,2,5,0,-1,-1,3,3,1,2021,69.0,2,2,0,1,5,13,1,,4,TILLEULS (BD.DES),0,,-1,2,0,1,(1),(1),1,, -1,1,0,1,30,29,10,1,4,4112,2,1,0,7,Boulevard des Tilleuls,43.8351702215,5.7836806933,16,2,1
202100007461,188Â 415,C01,1,1,1,0,1,0,-1,-1, -1,-1,2021,41.0,2,2,0,2,4,1,1,,3,180,0,,2,2,0,2,0,0,1,, -1,1,6,1,50,18,11,1,92,92064,2,3,0,4,PORTE JAUNE,48.8452395154,2.1981453896,15,3,3
202100006429,190Â 305,B01,1,1,1,2,2,6,-1,-1, -1,-1,2021,17.0,1,1,0,2,8,1,1,,4,PAULET GENERAL (173 ET 206 A FIN),0,,2,2,0,1,(1),(1),1,, -1,1,0,1,50,23,11,1,29,29019,2,1,0,1,Rue GÃ©nÃ©ral Paulet,48.4247835767,-4.4773766398,8,2,2
202100050168,112Â 043,B01,1,1,2,1,1,0,-1,-1, -1,-1,2021,56.0,3,2,0,2,6,2,1,,3,RN6 (CHARTONNIERE),0,,2,2,0,1,(1),(1),2,, -1,1,0,1,50,25,2,1,69,69013,2,1,0,2,RN6 (CHARTONNIERE),46.0024775635,4.7194701842,13,2,2
202100019062,167Â 567,A01,1,1,1,4,0,-1,-1,0,0,-1,2021,33.0,3,5,2,0,3,1,1,,4,8,0,,2,2,0,1,(1),(1),3,, -1,2,0,8,50,14,9,1,85,85034,1,1,0,6,Le Bois Bonneau,46.649635,-1.154353,8,1,1
202100025935,155Â 326,A01,1,1,1,5,2,-1,-1,0,0,-1,2021,65.0,1,1,0,2,1,1,1,,3,568,0,C,2,2,0,1,1,100,1,, -1,1,0,1,50,3,8,1,201,201247,2,1,0,2,Rue Henry Frenay,41.602573,9.278896,17,2,2
202100016645,171Â 878,B01,4,2,2,5,1,0,-1,-1, -1,-1,2021,45.0,3,2,0,2,2,0,1,,4,LEBON PHILLIPE RUE,0,,2,0,0,1,(1),(1),1,, -1,1,0,1,50,11,9,5,59,59350,2,3,0,1,LEBON PHILLIPE RUE,50.626395,3.096819,5,4,2
202100040445,129Â 312,B01,2,2,2,9,2,0,-1,-1, -1,-1,2021,43.0,1,1,0,2,4,1,1,,4,MANGO (ROUTE),0,,2,1,0,1,(1),(1),1,, -1,1,0,1,50,10,5,1,973,97302,2,1,0,2,MANGO (ROUTE),4.93147,-52.317,8,3,2
202100037849,134Â 005,B01,2,2,2,1,1,0,-1,-1, -1,-1,2021,22.0,2,2,9,2,3,26,1,,4,R GABRIEL PERI ,0,,2,2,0,1,1,0,1,, -1,1,0,4,50,28,5,5,94,94081,2,1,0,1,GABRIEL PERI (R),48.79089,2.40229,4,3,2
202100023276,160Â 011,B01,1,1,1,0,2,-1,-1,-1, -1,-1,2021,21.0,1,1,0,2,4,15,0,,3,MONSEIGNEUR BEJOT (RUE),0,,2,2,0,1,3,200,1,, -1,1,0,1,80,20,8,1,51,51055,1,1,0,2,D966,49.2976633694,4.0288951993,12,2,2
202100021766,162Â 720,A01,10,3,1,0,0,-1,-1,3,3,1,2021,17.0,1,2,0,1,3,1,1,,4,GRANDE (RUE),0,,2,2,0,1,0,0,1,, -1,1,9,1,30,30,8,1,77,77186,2,1,0,1,GRANDE (RUE),48.41236,2.705752,17,2,1
202100035840,137Â 640,B01,1,1,1,5,0,-1,-1,0,0,-1,2021,60.0,2,1,0,0,1,9,6,,3,39,-1,,2,1,0,1,13,95,1,,4,1,5,1,50,8,6,1,81,81140,2,6,0,3,Route de Belcastel,43.691692,1.800342,17,2,2
202100035365,138Â 497,B01,1,1,1,5,2,6,-1,0,0,-1,2021,43.0,1,1,0,2,1,1,1,,3,319,0,,2,2,0,1,1,300,1,, -1,1,0,1,-1,10,6,1,89,89263,2,2,0,3,Avenue de Paris,47.846064,3.554941,19,2,2
202100056083,101Â 633,B01,1,1,1,0,1,0,-1,-1, -1,-1,2021,25.0,1,1,0,2,1,1,1,,3,ARGENTEUIL AV D',0,,-1,2,0,1,0,0,1,, -1,1,0,1,50,6,1,5,92,92004,2,1,0,3,ARGENTEUIL (AV D'),48.9205648191,2.2791112374,20,2,2
202100004142,194Â 342,A01,1,1,1,1,2,-1,-1,0,0,-1,2021,16.0,2,1,0,2,1,17,1,,3,108,0,,2,2,0,1,11,950,1,, -1,2,0,1,80,9,12,1,17,17315,1,3,1,3,CD108,46.135925,-1.00188,14,2,2
202100024504,157Â 859,A01,1,1,2,0,8,-1,-1,-1, -1,-1,2021,72.0,3,2,1,0,2,14,1,,4,COTY. AVENUE RENE,0,,2,2,0,1,0,0,1,, -1,1,-1,1,30,12,8,1,76,76322,2,1,0,6,COTY. AVENUE RENE,49.40364,1.05222,18,1,1
202100014615,175Â 591,A01,1,1,1,5,8,0,-1,-1, -1,-1,2021,23.0,1,1,0,2,1,2,3,,4,CARNOT   AVENUE,0,,2,4,1,1,(1),(1),1,, -1,1,0,1,50,7,10,1,17,17300,2,1,0,2,CARNOT   AVENUE,46.1645,-1.17994,15,2,2
202100034703,139Â 694,B01,1,1,1,5,2,-1,-1,0,0,-1,2021,72.0,2,1,0,2,8,1,5,,3,631,-1,,2,2,0,1,22,374,1,, -1,1,0,1,80,13,6,1,81,81039,1,1,0,3,D631,43.754756,1.930976,9,2,2
202100053007,106Â 971,A01,2,2,2,5,1,-1,-1,0,0,-1,2021,67.0,1,2,0,2,6,1,1,,3,958,-1,,2,2,0,4,6,0,1,, -1,2,0,1,90,31,1,2,61,61294,1,1,1,2,Lieu Dit Guichaumont,48.633397,0.104155,17,3,2
202100003719,195Â 103,A01,1,1,1,9,2,0,-1,0,0,-1,2021,24.0,3,1,0,2,8,1,1,,4,AVENUE DE LA PORTE DE VINCENNES,0,,2,3,0,1,(1),(1),1,, -1,1,-1,5,30,9,12,5,75,75120,2,2,0,3,AVENUE DE LA PORTE DE VINCENNES,48.846703,2.415874,18,2,2
202100034374,140Â 297,A01,1,1,1,5,2,6,-1,0,0,-1,2021,59.0,1,1,0,0,0,21,1,,3,952,-1,,2,2,0,1,65,200,3,, -1,1,0,1,80,15,6,1,4,4004,1,1,0,7,RD 952,43.797476,6.04247,11,1,1
202100020688,164Â 651,A01,1,1,1,5,2,6,-1,-1, -1,-1,2021,17.0,1,1,15,0,2,26,1,,6,PITCHOT (RUE DE),0,,-1,0,0,1,0,0,1,, -1,1,9,1,30,6,9,4,64,64122,2,1,0,7,PITCHOT (RUE DE),43.46491,-1.53516,0,1,1
202100019159,167Â 383,B01,1,1,1,5,1,8,-1,-1, -1,-1,2021,26.0,2,2,0,2,5,1,1,,4,,0,,2,2,0,1,(1),(1),1,, -1,1,0,1,50,11,9,5,67,67482,2,3,0,5,RIETH (RUE DU),48.60092,7.71493,0,4,3
202100006416,190Â 325,A01,10,3,2,3,8,-1,-1,3,3,1,2021,71.0,2,2,0,1,1,1,1,,4,GRAND CREDO (RUE DU),0,,1,2,0,1,(1),(1),1,, -1,1,0,1,30,24,11,1,51,51454,2,1,0,7,Rue du Grand CrÃ©do,49.2552708965,4.0348483622,11,2,1
202100032850,143Â 049,A01,10,3,1,5,0,-1,-1,5,3,1,2021,64.0,1,2,0,1,1,1,1,,4,KENNEDY (BD JOHN-FITZGERALD),0,,2,4,0,1,0,0,1,, -1,2,0,1,50,20,6,1,66,66136,2,1,0,6,KENNEDY (BD JOHN-FITZGERALD),42.68708,2.9061,11,2,1
202100016849,171Â 502,A01,1,1,1,1,2,-1,-1,-1, -1,-1,2021,21.0,3,1,0,0,8,0,1,,4,SEIZIEME PORT (AVENUE DU),0,,2,2,0,1,0,0,2,, -1,1,0,1,50,22,9,1,76,76351,2,6,0,7,SEIZIEME PORT (AVENUE DU),49.48337,0.16499,17,1,1
202100025646,155Â 842,B01,1,1,1,5,2,6,-1,-1, -1,-1,2021,70.0,1,1,0,2,1,1,1,,3,906,0,,2,5,2,2,0,0,1,, -1,1,5,1,50,4,8,1,92,92046,2,3,0,3,PIERRE BROSSOLETTE (AVENUE),48.8115314878,2.300208807,16,2,2
202100020434,165Â 113,A01,1,1,1,1,2,6,-1,-1, -1,-1,2021,55.0,2,1,0,2,8,3,1,,1,86,0,,3,4,0,1,6,0,1,, -1,1,0,1,110,7,9,1,92,92025,1,1,0,3,A86,48.9354125442,2.261189974,9,2,2
202100032117,144Â 343,B01,2,2,1,0,1,0,-1,-1, -1,-1,2021,17.0,2,2,0,2,6,2,1,,3,ROCADE OUEST,0,,2,2,0,1,48,507,1,, -1,1,0,6,80,26,6,3,17,17415,1,1,0,2,ROCADE OUEST,45.736866,-0.659912,1,3,2
202100009660,184Â 440,A01,1,1,1,1,1,-1,-1,0,0,-1,2021,20.0,1,2,6,0,1,1,1,,3,224,0,,2,2,0,1,1,400,1,, -1,2,2,1,80,4,11,1,63,63276,1,1,1,6,Le Clos,45.847189,3.487164,9,1,1