Num_Acc,id_vehicule,num_veh,place,catu,sexe,trajet,secu1,secu2,secu3,locp,actp,etatp,year_acc,victim_age,senc,catv,obs,obsm,choc,manv,motor,occutc,catr,voie,v1,v2,circ,nbv,vosp,prof,pr,pr1,plan,lartpc,larrout,surf,infra,situ,vma,jour,mois,lum,dep,com,agg_,int,atm,col,adr,lat,long,hour,nb_victim,nb_vehicules
202100009305,185Â 069,A01,10,3,2,0,0,-1,-1,4,3,1,2021,31.0,1,2,0,1,2,15,1,,3,RAOUL DELATTRE (R),0,,2,2,0,1,0,0,1,, -1,2,0,1,50,4,11,5,94,94077,2,3,1,3,RAOUL DELATTRE (R),48.72765,2.43747,20,2,1
202100005111,192Â 639,A01,1,1,1,9,1,0,-1,-1, -1,-1,2021,15.0,3,2,1,0,0,1,1,,4,R PIERRE MAUROY ,0,,2,2,0,1,1,0,3,, -1,1,0,1,50,2,12,1,94,94016,2,1,0,6,Rue Pierre Mauroy,48.791338,2.330175,16,1,1
202100054891,103Â 692,B01,1,1,2,1,0,-1,-1,-1, -1,-1,2021,23.0,2,1,0,2,1,1,5,,4,LAENNEC ( BD ),0,,1,1,0,1,(1),(1),2,, -1,1,5,1,30,14,1,1,56,56121,2,6,0,3,LAENNEC ( BD ),47.75815,-3.36199,16,2,2
202100049737,112Â 841,B01,1,1,1,0,2,0,-1,-1, -1,-1,2021,45.0,2,1,0,2,1,1,1,,4,FRANCIS DE PRESSENSE                (AV),0,,2,2,1,1,(1),(1),1,, -1,1,0,1,50,28,2,1,69,69259,2,1,0,1,FRANCIS DE PRESSENSE                (AV),45.71387,4.87318,16,2,2
202100052452,107Â 957,B01,1,1,1,1,2,6,-1,0,0,-1,2021,34.0,3,1,0,2,1,17,1,,7,POMPIDOU GEORGES BOULEVARD,0,,2,2,0,1,(1),(1),1,, -1,1,0,1,50,5,2,1,6,6123,2,1,0,3,POMPIDOU GEORGES BOULEVARD,43.674267,7.19292,8,2,2
202100026515,154Â 305,A01,10,3,2,5,0,-1,-1,2,3,2,2021,5.0,1,2,0,1,2,1,1,,3,HENRI BARBUSSE (RUE)  111 =>,0,,1,1,0,1,0,0,1,, -1,1,0,1,50,28,7,1,93,93001,2,1,0,6,HENRI BARBUSSE (RUE)  111 =>,48.911858,2.391297,17,3,1
202100014247,176Â 225,A01,1,1,1,5,2,6,-1,0,0,-1,2021,18.0,1,1,0,0,0,2,1,,3,385,0,D,2,2,0,2,3,820,1,, -1,1,0,1,80,9,10,1,61,61005,1,1,0,7,D385,48.334596,0.580596,10,1,1
202100027447,152Â 666,A01,1,1,2,5,1,-1,-1,0,0,-1,2021,82.0,1,2,6,2,7,15,1,,3,4,-1,,2,1,0,3,47,100,1,,3,1,0,1,50,23,7,1,4,4244,2,3,0,3,RD 4 / Ch de Saint Jean,44.122669,6.002907,15,4,2
202100012611,179Â 170,A01,1,1,1,1,2,6,-1,0,0,-1,2021,52.0,2,1,8,0,0,17,1,,4,,-1,,2,2,2,1,(1),766,1,,7,1,0,4,50,15,6,1,74,74278,2,1,0,7,Av des Iles,46.083523,6.523846,18,1,1
202100033637,141Â 642,B01,1,1,2,5,2,0,-1,0,0,-1,2021,63.0,1,0,0,2,4,23,3,,4,PLACE DENFERT ROCHEREAU,0,,1,7,0,1,(1),(1),1,, -1,2,8,1,50,18,6,1,75,75114,2,7,1,2,PLACE DENFERT ROCHEREAU,48.833392,2.332647,17,2,2
202100006669,189Â 864,A01,1,1,2,0,1,-1,-1,-1, -1,-1,2021,49.0,1,2,0,2,1,15,2,,4,RUE DE LA CROIX DE MONJOUS,0,,1,1,1,1,(1),(1),1,, -1,1,5,1,50,21,11,1,33,33192,2,2,0,3,Rue de la Croix de Monjous,44.77465,-0.59719,12,2,2
202100029915,148Â 333,A01,1,1,1,5,2,6,-1,0,0,-1,2021,19.0,3,1,3,0,1,1,1,,3,489,-1,,2,2,0,2,(1),(1),2,, -1,1,0,3,80,9,7,3,69,69269,1,1,0,6,D489,45.7205964628,4.6100118756,0,1,1
202100054079,105Â 081,B01,1,1,1,1,8,-1,-1,0,0,-1,2021,49.0,3,1,0,2,0,0,3,,4,CECILE RUE DE LA (302),0,,1,2,0,1,(1),(1),1,, -1,2,9,1,50,22,1,1,26,26362,2,6,1,3,97 Rue Denis Papin,44.922226,4.890783,13,2,2
202100010303,183Â 289,A01,10,3,1,0,0,-1,-1,8,3,1,2021,80.0,1,5,0,1,4,20,1,,4,DUROC (PLACE),0,,1,1,0,1,(1),(1),1,, -1,1,0,1,50,29,10,1,54,54431,2,1,0,6,DUROC (PLACE),48.9029,6.05557,9,2,1
202100014691,175Â 452,B01,1,1,1,5,2,6,9,0,0,-1,2021,78.0,1,1,0,2,1,1,1,,3,103,-1,,2,2,0,1,13,164,1,, -1,1,0,1,80,4,9,1,44,44068,1,2,0,3,Bas Epaud,47.485583,-1.921025,17,2,2
202100034879,139Â 370,B01,1,1,1,5,2,-1,-1,0,0,-1,2021,52.0,0,1,0,2,1,1,1,,4,,0,,2,2,0,1,(1),(1),4,,5,2,0,1,50,11,6,3,973,97304,2,1,1,1,Rue du Stade,5.161081,-52.644913,22,3,2
202100021667,162Â 903,A01,1,1,2,1,1,0,-1,-1, -1,-1,2021,26.0,1,2,2,2,6,1,1,,3,MITRY [CD115] (ROUTE DE),0,,2,6,0,1,0,0,1,, -1,1,0,1,50,31,8,1,93,93005,2,2,0,3,Route de Mitry / Rue Ambroise ParÃ©,48.94941,2.52006,14,2,2
202100054840,103Â 776,A01,1,1,1,1,1,0,-1,-1, -1,-1,2021,30.0,2,2,0,2,1,2,1,,1,A86.EXT,0,,1,2,0,1,30,0,1,, -1,1,0,1,90,15,1,5,94,94033,1,1,0,2,A86.EXT,48.85653,2.489,7,2,2
202100042665,125Â 370,A01,1,1,1,5,1,8,-1,-1, -1,-1,2021,79.0,2,2,0,2,2,15,1,,4,RUE JACQUES IEKAWE,0,,2,2,0,1,0,0,1,, -1,1,5,1,50,23,4,3,988,98818,2,2,0,3,RUE JACQUES IEKAWE/RUE ARMAND OHLEN,-22.24839,166.46377,18,3,2
202100016973,171Â 281,A01,1,1,2,0,1,0,-1,0,0,-1,2021,34.0,1,2,0,0,0,26,1,,4,GRANDE CAVEE (AVENUE DE LA),0,,2,4,0,1,1,0,1,, -1,1,0,1,50,21,9,1,14,14327,2,9,0,6,GRANDE CAVEE (AVENUE DE LA),49.20315,-0.34071,10,1,1
202100035595,138Â 094,B01,2,2,2,5,1,-1,-1,0,0,-1,2021,82.0,2,2,0,2,2,15,1,,7,613,-1,,2,2,0,1,35,(1),1,, -1,1,5,1,80,9,6,1,34,34295,1,3,0,3,Pont de Barre - D613,43.564751,3.803673,19,3,2
202100048655,114Â 787,D01,3,2,2,0,1,0,-1,-1, -1,-1,2021,1.0,1,2,1,0,4,24,1,,4,CONFLUENT (ROUTE),0,,1,2,0,1,0,9,1,, -1,1,0,1,50,7,3,1,84,84007,2,1,0,5,CONFLUENT (ROUTE),43.92401,4.784021,17,7,4
202100049425,113Â 415,A01,1,1,1,0,8,0,-1,-1, -1,-1,2021,70.0,1,2,0,9,3,9,1,,3,FRANCE ANATOLE (BOULEVARD) NR 2 A 24,0,,1,1,0,1,0,1,1,, -1,1,9,8,50,2,3,1,93,93066,2,1,0,1,FRANCE ANATOLE (BOULEVARD) NR 2 A 24,48.9221990633,2.3470537662,12,2,2
202100043493,123Â 917,A01,9,2,1,9,1,3,-1,0,0,-1,2021,0.0,1,2,2,0,1,13,1,,3,901,0,D,2,2,0,1,13,50,1,, -1,1,0,3,80,20,4,1,80,80754,1,1,0,6,D901,49.818278,1.958452,12,5,1
202100027620,152Â 353,B01,1,1,1,5,0,-1,-1,0,0,-1,2021,17.0,3,1,0,2,1,13,5,,4,,-1,,2,2,0,1,(1),(1),1,,4,1,0,1,50,22,7,2,42,42243,2,1,1,1,Le Bourg,45.848215,3.996454,19,2,2
202100009491,184Â 744,B01,1,1,1,0,2,6,-1,-1, -1,-1,2021,25.0,0,1,0,2,0,0,1,,3,7,0,,-1,3,0,1,0,0,1,, -1,1,0,1,50,30,10,1,92,92004,2,1,0,3,DOCTEUR DERVAUX  ( QUAI DU ),48.9079988428,2.2924786806,19,2,2
202100025432,156Â 203,A01,1,1,1,5,1,0,-1,-1, -1,-1,2021,47.0,2,2,8,0,1,14,1,,4,FUSTEL DE COULANGES (QUAI),0,,2,5,3,1,0,0,1,, -1,1,0,4,50,26,7,1,67,67482,2,1,0,6,FUSTEL DE COULANGES (QUAI),48.5749,7.75168,7,1,1
202100040244,129Â 664,B01,1,1,1,5,0,-1,-1,0,0,-1,2021,15.0,3,1,0,2,1,15,5,,4,,-1,,2,2,0,1,(1),(1),3,,4,1,0,1,50,12,5,1,68,68300,2,7,0,1,9 AllÃ©e des Alouettes,47.792469,7.380087,18,2,2
202100020880,164Â 327,A01,1,1,1,1,2,6,-1,0,0,-1,2021,49.0,2,1,0,2,3,3,1,,4,BOULEVARD PERIPHERIQUE,0,,1,4,0,1,33,800,1,, -1,1,1,1,70,2,9,1,75,75112,2,1,0,3,BD PERIPHERIQUE EXTERIEUR,48.831934,2.405092,8,2,2
202100016999,171Â 236,A01,1,1,1,4,2,0,-1,0,0,-1,2021,49.0,2,1,12,0,1,14,1,,2,MARECHAL FOCH ( AVENUE DU ),0,,2,3,0,1,70,416,1,, -1,1,0,1,50,23,9,5,5,5061,2,1,0,7,MARECHAL FOCH ( AVENUE DU ),44.56403,6.08864,22,1,1
202100038823,132Â 227,A01,1,1,1,5,1,-1,-1,0,0,-1,2021,48.0,2,5,6,0,3,13,1,,4,19,-1,,2,2,0,1,(1),(1),1,, -1,1,2,3,80,23,5,1,1,1196,1,1,0,6,Chemin du Moulin Neuf,46.393081,5.111931,19,3,1
202100022748,160Â 939,A01,2,2,2,9,2,0,-1,0,0,-1,2021,48.0,2,1,0,0,8,1,1,,4,AVENUE SIMON BOLIVAR,0,,2,2,0,2,(1),(1),1,, -1,1,0,1,50,24,8,5,75,75119,2,2,0,3,AVENUE SIMON BOLIVAR,48.878409,2.374258,0,3,2
202100001442,199Â 204,A01,1,1,1,0,2,0,-1,-1, -1,-1,2021,18.0,1,1,0,2,8,9,1,,4,FERNAND GUILLON (BOULEVARD),0,,1,1,0,2,0,300,1,, -1,1,0,1,50,24,12,1,972,97213,2,2,0,3,FERNAND GUILLON (BOULEVARD),14.616932,-60.996701,14,3,2
202100028555,150Â 678,A01,2,2,2,0,1,5,-1,0,0,-1,2021,66.0,3,2,2,0,3,2,1,,3,941,-1,,2,2,0,2,(1),(1),1,, -1,1,0,3,80,18,7,1,28,28322,1,1,1,6,Route Departementale 941,48.707943,0.922591,17,2,1
202100023627,159Â 391,A01,1,1,1,1,2,-1,-1,0,0,-1,2021,61.0,1,1,0,2,7,19,5,,7,50,-1,,3,4,2,1,38,18,3,, -1,1,6,1,50,13,8,1,31,31044,2,1,1,3,Avenue des AÃ©rostiers,43.608356,1.488138,17,2,2
202100046790,118Â 136,A01,1,1,1,5,2,6,-1,0,0,-1,2021,26.0,1,1,0,1,1,1,1,,4,RUE LA FAYETTE,0,,1,2,1,1,(1),(1),1,, -1,1,0,1,50,24,3,1,75,75109,2,5,1,6,RUE LA FAYETTE,48.872944,2.333245,12,2,1
202100050861,110Â 765,B01,1,1,1,5,2,6,-1,0,0,-1,2021,64.0,2,1,0,2,8,0,1,,4,PIETRI FRANCOIS RUE,0,,3,2,0,1,(1),(1),1,, -1,1,0,1,30,19,2,1,201,201004,2,2,0,3,PIETRI FRANCOIS RUE,41.9351,8.75093,15,2,2
202100034143,140Â 732,B01,1,1,1,5,2,-1,-1,0,0,-1,2021,71.0,3,1,0,2,1,1,5,,4,,0,,2,2,0,1,(1),(1),1,,"5,5",1,8,1,30,15,6,1,1,1143,2,1,0,3,390 Rue d ArbÃ¨re,46.347774,6.128126,9,2,2
202100011814,180Â 604,B01,1,1,1,0,8,-1,-1,0,0,-1,2021,22.0,0,1,0,2,1,1,2,,4,BLACHON PIERRE A PARTIR NÃ¸ 6-7,0,,2,2,0,2,(1),(1),1,, -1,1,0,1,50,16,10,1,42,42218,2,1,0,1,Rue Pierre Blachon,45.42783,4.40646,14,2,2
202100039596,130Â 807,B01,1,1,1,1,1,0,-1,0,0,-1,2021,23.0,1,2,0,2,4,1,1,,4,FAUVINS ( ROUTE  DES ),0,,2,2,0,1,0,1,1,, -1,1,0,1,50,14,5,1,5,5061,2,1,0,2,FAUVINS ( ROUTE  DES ),44.56363,6.09912,13,2,2
202100020526,164Â 948,A01,10,3,1,5,0,-1,-1,9,B,-1,2021,59.0,2,2,0,1,3,1,1,,4,VICTOR HUGO RUE,0,,1,2,0,1,(1),(1),1,, -1,1,0,1,50,2,9,1,42,42207,2,9,0,6,Rue Victor Hugo,45.47445,4.51429,19,3,1
202100045835,119Â 823,A01,1,1,1,5,2,9,6,0,0,-1,2021,41.0,1,1,2,2,2,17,1,,3,817,0,,2,2,0,1,32,70,1,, -1,1,0,1,70,1,4,1,65,65447,2,1,0,3,D817,43.191078,0.231298,14,3,2
202100039796,130Â 446,C01,1,1,1,5,1,4,-1,-1, -1,-1,2021,30.0,2,2,0,2,4,1,1,,1,A4,0,,1,4,0,1,9,800,1,, -1,1,1,1,90,14,5,1,94,94017,1,1,0,5,A4,48.82801,2.5052,14,5,5
202100044641,121Â 927,A01,1,1,2,3,1,-1,-1,0,0,-1,2021,70.0,1,2,0,0,3,13,1,,3,59,0,,2,2,0,1,10,400,2,, -1,1,0,1,80,8,4,1,49,49021,1,1,0,3,D59,47.435693,-0.20314,9,3,2
202100023802,159Â 074,B01,1,1,2,5,8,-1,-1,0,0,-1,2021,67.0,2,2,3,0,5,1,1,,1,6,0,A,3,6,0,1,412,200,1,, -1,2,0,1,130,17,8,1,69,69019,1,1,0,5,A6,46.1030400507,4.7533000531,16,4,3
202100040568,129Â 102,A01,1,1,1,5,1,-1,-1,0,0,-1,2021,23.0,1,2,6,0,9,1,1,,3,900,-1,,2,2,0,4,(1),(1),3,, -1,2,9,8,50,10,5,5,84,84003,2,1,0,6,avenue de la libÃ©ration,43.878911,5.37602,22,1,1
202100022905,160Â 680,A01,1,1,1,0,8,0,-1,-1, -1,-1,2021,25.0,0,2,9,0,1,1,1,,7,CAGE. RUE DE LA,0,,2,3,3,1,0,950,1,, -1,1,4,1,30,22,8,1,76,76540,2,6,0,7,EUROPE. BOULEVARD DE L',49.42604,1.08686,7,1,1
202100013026,178Â 465,A01,1,1,1,1,0,-1,-1,-1, -1,-1,2021,59.0,3,1,4,0,1,1,5,,7,CHARLES DE GAULLE                   (AV),0,,1,2,0,1,0,300,3,, -1,1,1,1,50,15,10,1,69,69259,2,1,0,6,CHARLES DE GAULLE (AV),45.71954,4.88845,10,1,1
202100036653,136Â 193,B01,1,1,1,0,2,0,-1,-1, -1,-1,2021,54.0,1,1,0,2,0,9,5,,3,MAURICE THOREZ (AV),0,,2,2,0,1,0,0,1,, -1,1,0,1,50,3,6,2,94,94017,2,6,0,1,MAURICE THOREZ (AV),48.81152,2.53661,21,2,2
202100050004,112Â 364,B01,1,1,1,1,2,6,-1,-1, -1,-1,2021,54.0,2,1,0,2,1,1,1,,4,EMILE ZOLA     (Cours),0,,2,4,0,1,(1),(1),1,, -1,1,0,1,50,26,2,1,69,69266,2,3,0,3,EMILE ZOLA (CR),45.76691,4.89352,9,2,2
202100007237,188Â 818,A01,10,3,2,5,0,-1,-1,4,3,1,2021,27.0,2,2,0,1,1,15,1,,4,WILSON (BOULEVARD DU PRESIDENT) COTE PAI,0,,2,2,2,1,(1),(1),1,, -1,1,0,1,50,18,11,1,51,51454,2,2,1,7,Boulevard du PrÃ©sident Wilson,49.2363276285,4.0262270201,8,2,1
202100025435,156Â 197,B01,3,2,2,5,1,0,-1,-1, -1,-1,2021,20.0,1,2,0,2,4,1,1,,3,R D 900,0,,3,4,0,1,25,455,1,, -1,1,0,1,90,4,8,1,66,66136,2,1,0,2,R D 900,42.67899,2.87273,17,3,2
202100028232,151Â 233,A01,10,3,2,3,8,-1,-1,9,B,1,2021,75.0,3,4,0,1,0,15,1,,3,751,-1,,2,2,0,1,(1),(1),1,, -1,1,0,1,50,20,7,1,49,49261,2,9,0,6,quai de la loire,47.34972,-0.226529,9,2,1
202100051040,110Â 437,A01,10,3,2,0,0,-1,-1,2,3,1,2021,16.0,1,2,0,1,2,1,1,,4,BEZIOU,0,,2,2,0,1,0,0,1,, -1,1,6,1,50,4,2,1,64,64445,2,2,0,6,BEZIOU,43.30457,-0.37993,8,2,1
202100055702,102Â 295,A01,2,2,2,5,2,6,9,0,0,-1,2021,36.0,1,1,0,0,8,15,1,,3,10,0,,2,2,0,2,13,305,1,0,"6,6",1,0,1,80,10,1,1,16,16090,1,1,0,7,,45.611255,-0.067897,16,2,1
202100047045,117Â 680,A01,1,1,1,0,1,-1,-1,-1, -1,-1,2021,43.0,2,2,0,2,1,1,1,,4,LIBERATION (CRS DE LA),0,,3,2,0,1,(1),(1),1,, -1,1,8,1,50,22,3,1,33,33522,2,2,0,4,Cours de la LibÃ©ration,44.8067,-0.59172,15,3,3
202100041071,128Â 195,B01,1,1,1,1,2,6,-1,-1, -1,-1,2021,51.0,2,1,0,2,1,5,1,,7,LOUBES (ROUTE DES),0,,2,1,0,1,2,600,1,, -1,1,0,1,50,6,5,1,83,83069,2,1,0,1,LOUBES (ROUTE DES),43.113796,6.099836,8,2,2
202100005466,192Â 015,A01,1,1,1,5,2,0,-1,-1, -1,-1,2021,30.0,1,1,0,2,1,1,1,,1,AUTOROUTE A3,0,,3,3,0,1,3,799,1,, -1,1,0,1,70,30,11,3,93,93053,1,1,0,3,AUTOROUTE A3,48.88221,2.45533,23,2,2
202100007973,187Â 480,A01,1,1,2,5,1,0,-1,-1, -1,-1,2021,27.0,2,2,0,2,3,1,1,,3,TOUTES RUES,0,,2,2,0,1,0,0,2,, -1,2,0,1,50,13,11,1,202,202033,2,1,0,1,TOUTES RUES,42.69586,9.43,10,5,2
202100021355,163Â 482,A01,2,2,1,1,1,-1,-1,0,0,-1,2021,21.0,2,2,0,6,7,21,1,,2,57,0,,2,2,0,1,23,500,2,, -1,1,0,1,80,3,9,3,70,70055,1,1,0,6,route de VESOUL,47.766431,6.34159,4,2,1
202100010314,183Â 271,B01,1,1,1,4,8,0,-1,-1, -1,-1,2021,23.0,0,1,0,2,4,16,0,,4,ALBERT 1ER (RUE ALBERT 1ER),0,,2,6,0,1,(1),(1),1,, -1,2,0,1,50,29,10,5,45,45234,2,7,1,2,Place Albert 1er,47.90753,1.90622,18,2,2
202100019689,166Â 451,A01,4,2,1,5,1,8,-1,-1, -1,-1,2021,19.0,2,2,8,0,1,13,1,,4,,0,,1,1,0,1,(1),(1),2,, -1,2,0,3,50,10,9,5,30,30007,2,1,0,6,UZES (ROUTE D'),44.1149,4.09858,23,4,1
202100054971,103Â 553,A01,1,1,1,5,1,-1,-1,0,0,-1,2021,43.0,2,2,2,0,7,14,1,,1,35,0,,3,4,0,1,431,800,1,, -1,2,0,3,130,16,1,3,67,67125,1,1,0,6,Autoroute A35 PK 438.100,48.338679,7.500229,18,2,1
202100022269,161Â 832,A01,1,1,1,0,2,-1,-1,-1, -1,-1,2021,52.0,3,1,0,2,2,1,1,,4,AVE DE LA MARNE,0,,2,4,3,1,(1),(1),1,, -1,1,0,1,50,27,8,1,33,33281,2,1,0,3,Avenue de la Marne,44.832608,-0.642318,12,2,2
202100043468,123Â 961,B01,1,1,2,4,1,0,-1,0,0,-1,2021,33.0,1,2,0,2,6,1,1,,4,AVENUE DES CHAMPS ELYSEES,0,,1,8,3,1,(1),(1),1,, -1,1,0,1,50,19,4,1,75,75108,2,3,0,3,AVENUE DES CHAMPS ELYSEES,48.8677805666,2.3138616289,14,2,2
202100027442,152Â 672,A01,1,1,1,0,1,-1,-1,0,0,-1,2021,25.0,1,2,0,0,9,0,1,,3,67,0,,2,2,0,1,15,600,1,, -1,2,0,8,80,24,7,3,10,10404,1,1,1,6,RD67,48.041473,4.558859,3,3,1
202100009213,185Â 244,B01,1,1,1,5,8,0,-1,-1, -1,-1,2021,16.0,3,1,0,2,1,16,5,,9,TERRAIN SONIS,0,,-1,1,0,1,(1),(1),1,, -1,1,0,1,15,5,11,5,971,97101,1,1,0,3,TERRAIN SONIS,16.2403,-61.52858,19,2,2
202100014415,175Â 932,B01,1,1,1,5,2,0,-1,0,0,-1,2021,53.0,1,1,0,2,1,1,3,,4,RUE DE RIVOLI,0,,2,4,1,1,(1),(1),1,, -1,1,-1,5,30,8,10,1,75,75104,2,2,0,3,RUE DE RIVOLI,48.855956,2.357983,16,2,2
202100020427,165Â 129,A01,1,1,1,1,2,6,-1,0,0,-1,2021,40.0,1,1,7,0,1,1,1,,3,1001,-1,,2,1,0,1,59,900,1,,5,1,0,3,50,7,9,5,60,60104,2,1,0,6,D1001,49.640803,2.277587,23,1,1
202100015631,173Â 732,A01,10,3,1,0,0,-1,-1,4,1,1,2021,85.0,2,2,0,1,7,1,1,,7,ALPES AVENUE DES,0,,3,4,0,1,(1),(1),1,, -1,1,9,1,50,1,10,1,6,6027,2,9,0,6,ALPES AVENUE DES,43.659946,7.138107,10,2,1
202100012354,179Â 638,A01,1,1,1,0,2,4,-1,-1, -1,-1,2021,37.0,2,1,0,2,1,2,1,,2,RN 104,0,,3,3,0,1,33,500,1,, -1,1,0,1,90,19,10,2,91,91174,1,1,0,4,RN 104,48.62485,2.47032,17,4,4
202100038785,132Â 288,B01,2,2,2,5,1,0,-1,-1, -1,-1,2021,30.0,1,2,0,2,4,23,1,,3,MARX DORMOY (AV),0,,3,2,0,1,0,0,1,, -1,2,0,1,50,22,5,1,94,94017,2,1,1,2,MARX DORMOY (AV),48.80626,2.5311,17,4,2
202100044224,122Â 623,A01,1,1,1,0,2,0,-1,-1, -1,-1,2021,54.0,1,1,0,2,0,26,1,,1,AUTOROUTE A3,0,,3,9,0,1,12,699,1,, -1,1,0,1,90,13,4,1,93,93005,1,1,0,3,AUTOROUTE A3,48.94748,2.47606,13,2,2
202100048990,114Â 183,B01,2,2,2,5,1,-1,-1,0,0,-1,2021,57.0,2,2,0,2,1,1,1,,3,5,-1,,2,2,0,1,10,400,2,, -1,1,0,1,80,7,3,1,71,71502,1,1,0,3,Route de Chalon,46.846104,4.943719,10,3,2
202100033515,141Â 869,A01,1,1,1,9,2,6,-1,-1, -1,-1,2021,46.0,2,1,0,2,8,18,1,,2,104,0,,3,4,0,1,28,90,1,, -1,1,0,1,110,18,6,1,91,91617,1,1,0,5,RN 104,48.63122,2.50687,10,3,3
202100053989,105Â 246,A01,1,1,1,0,8,-1,-1,0,0,-1,2021,51.0,3,5,0,0,2,0,1,,4,,-1,,2,2,0,1,(1),(1),2,, -1,2,0,3,70,24,1,1,44,44152,1,1,0,7,La tremblais,47.454842,-2.020808,9,1,1
202100003308,195Â 854,B01,1,1,1,2,0,-1,-1,0,0,-1,2021,11.0,1,1,0,0,8,19,5,,3,19,0,A,2,2,1,1,1,100,1,, -1,1,0,1,70,13,12,1,1,1064,2,1,0,3,D19 A,45.785879,5.453178,11,2,2
202100003963,194Â 663,B01,6,2,2,9,2,-1,-1,-1, -1,-1,2021,3.0,2,1,0,2,2,1,5,,4,DOCTEUR LONG (DU)                   (CO),0,,1,1,0,1,(1),(1),1,, -1,2,0,1,30,8,12,1,69,69383,2,2,1,3,DOCTEUR LONG (DU) (CR),45.75102,4.88913,11,4,2
202100028458,150Â 847,A01,10,3,1,5,0,-1,-1,2,A,2,2021,11.0,3,2,0,1,2,14,1,,4,8 MAI 1945 (du),0,,1,1,0,1,(1),(1),1,, -1,1,9,1,20,16,7,1,80,80001,2,1,0,6,8 MAI 1945 (du),50.1104545037,1.8396252394,17,2,1
202100012657,179Â 092,B01,1,1,1,4,2,6,-1,-1, -1,-1,2021,48.0,1,1,0,2,7,2,1,,4,LOGE (CHE DE LA) DU 1AU 18,0,,3,2,0,1,(1),(1),1,, -1,1,0,1,50,16,10,1,31,31555,2,1,0,6,LOGE (CHE DE LA) DU 1AU 18,43.57747,1.43429,16,2,2
202100034791,139Â 524,A01,1,1,1,9,2,0,-1,0,0,-1,2021,27.0,0,1,0,2,1,1,5,,4,RUE DE L UNIVERSITE,0,,2,4,1,1,(1),(1),1,, -1,1,0,5,50,12,6,1,75,75107,2,2,0,3,RUE DE L UNIVERSITE,48.860965,2.314964,8,2,2
202100000627,200Â 585,B01,1,1,1,5,2,6,9,0,0,-1,2021,33.0,1,1,0,2,1,5,1,,3,12,-1,D,2,2,0,2,79,600,4,, -1,2,0,1,70,18,7,1,74,74106,1,1,0,1,Rte du Col de Cou,46.305298,6.468746,11,2,2
202100012488,179Â 384,B01,1,1,1,9,2,6,-1,0,0,-1,2021,57.0,2,1,0,2,0,1,1,,4,RUE PELLEPORT,0,,2,2,0,2,(1),(1),1,, -1,1,0,1,30,18,10,1,75,75120,2,2,0,3,RUE PELLEPORT,48.870782,2.399221,10,3,2
202100036230,136Â 924,B01,1,1,1,0,2,6,-1,-1, -1,-1,2021,22.0,1,1,0,2,2,17,1,,3,1206,0,,2,2,0,1,0,1,1,, -1,2,0,1,70,5,6,1,74,74305,1,1,1,3,THONON (ROUTE DE),46.20157,6.27831,12,4,2
202100035148,138Â 882,A01,1,1,1,5,1,-1,-1,0,0,-1,2021,23.0,3,2,13,0,1,1,1,,4,,0,,2,2,0,2,(1),(1),3,,4,1,0,8,80,11,6,4,88,88447,1,1,0,6,Route de Morbieux,47.9438179149,6.7697688192,0,1,1
202100030493,147Â 265,A01,1,1,1,0,2,-1,-1,0,0,-1,2021,13.0,2,1,0,2,1,1,5,,4,,-1,,2,2,0,2,(1),(1),1,,3,1,0,1,50,7,7,1,69,69047,1,2,0,3,CARRIERES (DES) (RTE),45.905714,4.660826,12,2,2
202100028832,150Â 187,A01,1,1,1,5,2,6,-1,-1, -1,-1,2021,22.0,2,1,2,0,8,0,1,,4,LAVAL (RUE DE),0,,2,2,0,1,(1),(1),1,, -1,1,0,1,50,14,7,5,35,35115,2,1,0,6,LAVAL (RUE DE),48.33887,-1.19329,0,2,1
202100045725,120Â 017,A01,1,1,2,1,2,8,-1,-1, -1,-1,2021,57.0,3,1,0,0,0,1,1,,4,JAURES (BOULEVARD JEAN),0,,1,2,0,1,0,0,2,, -1,2,0,1,50,31,3,1,974,97411,2,6,1,7,JAURES (BOULEVARD JEAN),-20.89759,55.47531,16,1,1
202100051373,109Â 852,B01,1,1,1,4,1,8,-1,-1, -1,-1,2021,35.0,1,2,0,2,2,2,1,,7,Route Nationale 83,0,,3,2,0,1,40,250,1,, -1,1,0,1,90,15,2,1,67,67152,1,1,0,2,M83,48.5154160844,7.6983749512,7,2,2
202100040168,129Â 802,A01,1,1,1,5,2,0,-1,-1, -1,-1,2021,16.0,0,1,15,0,1,14,1,,4,MITTERAND ( RUE FRANCOIS ),0,,2,2,0,1,(1),(1),2,, -1,1,9,4,50,12,5,3,62,62132,2,1,0,7,MITTERAND ( RUE FRANCOIS ),50.522901,2.869264,3,1,1
202100026738,153Â 925,A01,9,2,2,0,1,-1,-1,0,0,-1,2021,19.0,2,2,3,2,3,2,1,,1,49,-1,,3,2,0,1,6,160,1,, -1,1,0,1,130,28,7,1,38,38450,1,1,0,2,autoroute A49,45.293411,5.53874,14,6,2
202100005701,191Â 611,A01,10,3,1,1,0,-1,-1,3,3,1,2021,51.0,3,2,0,1,3,1,1,,4,,-1,,2,2,0,1,(1),(1),1,,6,2,6,1,-1,24,11,4,34,34123,2,1,1,6,Rue du Pergasan,43.618516,3.791356,7,2,1
202100043337,124Â 201,B01,1,1,1,1,2,6,-1,0,0,-1,2021,43.0,2,1,0,2,1,1,1,,4,CHERON (AVENUE HENRI),0,,2,2,0,1,(1),(1),1,, -1,1,0,1,50,19,4,1,14,14118,2,1,0,3,Avenue Henry ChÃ©ron,49.1739,-0.39102,18,2,2