Num_Acc,id_vehicule,num_veh,place,catu,sexe,trajet,secu1,secu2,secu3,locp,actp,etatp,year_acc,victim_age,senc,catv,obs,obsm,choc,manv,motor,occutc,catr,voie,v1,v2,circ,nbv,vosp,prof,pr,pr1,plan,lartpc,larrout,surf,infra,situ,vma,jour,mois,lum,dep,com,agg_,int,atm,col,adr,lat,long,hour,nb_victim,nb_vehicules
202100047888,116Â 140,A01,1,1,1,0,1,0,-1,-1, -1,-1,2021,38.0,1,2,0,2,8,11,1,,1,AUTOROUTE A86,0,,3,6,0,1,28,700,1,, -1,2,1,1,90,16,3,3,93,93048,1,1,0,3,AUTOROUTE A86,48.8632,2.48286,19,2,2
202100020627,164Â 755,A01,1,1,1,1,1,-1,-1,0,0,-1,2021,50.0,1,2,8,0,2,21,1,,3,53,-1,,2,2,0,1,(1),(1),1,, -1,1,0,4,50,1,6,5,38,38519,2,1,0,6,146 Route de Lyon,45.607498,5.037921,4,1,1
202100037317,134Â 968,A01,1,1,1,1,2,0,-1,-1, -1,-1,2021,36.0,1,1,0,2,8,15,1,,3,7,0,,3,9,0,1,0,0,3,, -1,1,9,1,50,31,5,1,92,92072,2,7,0,3,SAINT CLOUD (RUE DE),48.8285101721,2.2244685888,13,2,2
202100047257,117Â 290,A01,10,3,1,5,0,-1,-1,3,1,1,2021,49.0,2,2,0,1,0,0,1,,3,BD DE STALINGRAD,0,,3,2,0,1,1,0,1,, -1,1,0,1,50,20,3,5,94,94073,2,1,0,6,STALINGRAD (BD DE),48.76781,2.40317,19,2,1
202100000518,200Â 773,A01,1,1,2,5,2,0,-1,-1, -1,-1,2021,66.0,0,1,0,2,5,2,5,,4,RAYMOND FILIPPI AVENUE,0,,1,2,0,1,0,0,2,, -1,1,0,1,30,18,4,1,13,13047,2,6,0,2,RAYMOND FILIPPI AVENUE,43.50574,4.98459,17,2,2
202100032334,143Â 961,A01,1,1,1,1,2,6,-1,-1, -1,-1,2021,34.0,1,1,0,2,5,18,1,,9,Rue du Limousin,0,,1,1,0,1,1,0,1,, -1,1,7,8,30,25,6,2,94,94065,2,9,0,2,Rue du Limousin,48.75547,2.3623,5,2,2
202100045043,121Â 214,A01,10,3,1,5,0,-1,-1,1,3,1,2021,57.0,-1,2,0,1,0,0,1,,3,FRANCE ANATOLE (BOULEVARD) NR AUTRES,0,,2,8,1,1,0,1,1,, -1,1,5,5,50,5,4,1,93,93066,2,9,0,6,FRANCE ANATOLE (BOULEVARD) NR AUTRES,48.92564,2.3505,18,2,1
202100036537,136Â 405,A01,1,1,2,3,8,-1,-1,0,0,-1,2021,71.0,1,2,13,0,3,16,1,,3,622,0,,2,2,0,3,0,466,1,, -1,2,0,3,50,12,3,1,45,45155,2,1,1,6,D622-PR 0 + 466,47.694368,2.648692,15,1,1
202100032025,144Â 504,B01,1,1,2,5,0,-1,-1,0,0,-1,2021,19.0,2,2,0,2,2,1,1,,3,26,-1,B,2,2,0,2,1,20,1,, -1,1,0,1,50,28,6,1,1,1301,2,3,0,3,730 Route de MÃ©zÃ©riat,46.246562,5.116974,18,2,2
202100027676,152Â 243,B01,2,2,1,3,1,0,-1,-1, -1,-1,2021,51.0,1,2,0,2,4,2,1,,1,A4.Y,0,,3,4,0,1,20,400,2,, -1,1,0,1,110,21,7,1,77,77146,1,1,0,2,A4.Y,48.8319870876,2.6512725706,9,4,3
202100015063,174Â 782,A01,10,3,1,0,0,-1,-1,2,3,1,2021,49.0,0,2,0,1,1,15,1,,4,DUNANT (HENRY),0,,1,1,0,1,(1),(1),2,, -1,2,0,1,50,5,10,1,35,35238,2,1,0,6,DUNANT (HENRY),48.13043,-1.6589,8,2,1
202100008279,186Â 915,A01,1,1,1,5,1,0,-1,-1, -1,-1,2021,72.0,2,2,1,0,2,14,1,,3,920,0,,2,4,0,2,0,0,1,, -1,2,0,1,50,13,11,5,92,92002,2,1,0,6,DIVISION LECLERC (53 A 217 - 58 A 186),48.73783,2.30188,18,1,1
202100029026,149Â 848,B01,1,1,1,5,0,-1,-1,0,0,-1,2021,51.0,3,1,0,2,1,16,5,,4,,-1,,2,1,0,1,(1),(1),1,,3,1,0,1,80,14,7,1,29,29030,1,2,0,3,Lieu Dit Kerbellec,48.6844855527,-4.096583426,21,2,2
202100029888,148Â 373,A01,1,1,1,3,2,6,-1,0,0,-1,2021,25.0,1,1,0,2,1,9,1,,3,11,0,D,2,2,0,1,0,900,1,,"5,5",1,0,1,50,9,7,1,64,64371,2,6,0,2,Boulevard des PyrÃ©nÃ©es,43.224747,-0.888321,17,3,2
202100044718,121Â 784,B01,1,1,1,1,8,0,-1,0,0,-1,2021,38.0,2,1,0,2,4,1,3,,4,BOULEVARD DE LA VILLETTE,0,,1,3,1,1,(1),(1),1,, -1,1,0,1,30,8,4,1,75,75110,2,4,0,2,BOULEVARD DE LA VILLETTE,48.881882,2.370067,15,2,2
202100019379,166Â 991,A01,1,1,1,5,8,0,-1,-1, -1,-1,2021,21.0,1,1,0,2,7,21,1,,3,FRIEDBERG (BD DE),0,,2,2,0,1,0,0,1,, -1,1,0,1,50,12,9,1,94,94079,2,1,0,1,FRIEDBERG (BD DE),48.83,2.54,16,2,2
202100023846,159Â 003,B01,1,1,2,9,8,-1,-1,-1, -1,-1,2021,58.0,1,1,0,2,3,1,5,,4,FRERES LUMIERE (DES)                (AV),0,,1,1,2,1,(1),(1),1,, -1,1,0,1,50,16,8,1,69,69388,2,3,0,3,FRERES LUMIERE (DES) (AV),45.74587,4.86361,13,2,2
202100040324,129Â 526,B01,1,1,1,5,8,0,-1,-1, -1,-1,2021,13.0,1,1,0,2,1,1,3,,4,TURENNE (RUE DE),0,,2,2,0,1,1,0,1,, -1,2,6,4,30,10,5,1,68,68066,2,3,1,3,TURENNE (RUE DE),48.07324,7.35957,17,2,2
202100035675,137Â 945,B01,1,1,1,1,1,-1,-1,-1,0,-1,2021,25.0,3,2,0,2,8,20,1,,6,LARRIS VERTS (LES),0,,-1,-1,0,1,(1),(1),1,, -1,1,0,1,10,30,5,1,95,95500,2,1,0,5,LARRIS VERTS (LES),49.0350350844,2.090455337,17,5,5
202100029896,148Â 362,A01,1,1,2,5,1,-1,-1,0,0,-1,2021,43.0,1,2,3,0,3,14,1,,1,71,0,,3,4,0,1,205,900,2,, -1,1,0,1,130,10,7,1,18,18157,1,1,0,6,A71,47.062755,2.297838,11,4,1
202100021347,163Â 495,A01,1,1,1,5,2,-1,-1,0,0,-1,2021,84.0,2,1,0,0,6,9,1,,3,201,-1,,2,1,0,1,62,50,1,,3,1,0,1,80,2,9,1,68,68042,1,5,0,3,D201,47.5875017607,7.5085933506,15,2,2
202100034752,139Â 591,A01,10,3,2,5,8,8,-1,9,B,2,2021,54.0,1,2,0,1,1,26,2,,4,MAUROIS,0,,1,1,0,1,1,0,1,, -1,1,0,1,50,12,6,1,49,49007,2,1,0,6,MAUROIS,47.448,-0.5623,14,2,1
202100052086,108Â 617,B01,1,1,1,4,1,-1,-1,0,0,-1,2021,26.0,1,2,0,2,8,1,1,,3,959,0,,2,2,0,2,6,990,3,, -1,5,0,1,50,10,2,1,89,89206,2,1,1,3,,47.97362,3.398209,9,2,2
202100013571,177Â 462,B01,1,1,1,4,1,-1,-1,0,0,-1,2021,58.0,3,5,0,2,7,1,1,,4,ROGER DUMOULIN (AVENUE),0,,-1,2,0,2,(1),(1),1,, -1,1,0,1,50,26,5,1,80,80021,2,2,0,3,ROGER DUMOULIN (AVENUE),49.93526,2.28417,8,3,2
202100035072,139Â 006,B01,2,2,2,9,1,0,-1,0,0,-1,2021,49.0,1,2,0,2,4,2,1,,4,QUAI DES TUILERIES,0,,1,3,0,1,(1),(1),1,, -1,1,0,1,50,10,6,1,75,75101,2,1,0,2,QUAI DES TUILERIES,48.863221,2.323038,12,4,2
202100032620,143Â 461,E01,1,1,1,1,1,0,-1,-1, -1,-1,2021,36.0,2,2,0,2,1,2,1,,1,AUTOROUTE A3,0,,3,6,0,1,3,0,1,, -1,1,0,1,90,10,6,1,93,93063,1,1,0,4,AUTOROUTE A3,48.8784431814,2.447139925,17,6,6
202100018190,169Â 094,B01,1,1,1,5,2,4,-1,-1, -1,-1,2021,41.0,2,1,0,2,1,1,5,,4,BRUYERES (AV DES),0,,2,2,0,1,1,0,1,, -1,1,0,1,50,18,9,1,94,94048,2,1,0,1,Avenue des BruyÃ¨res,48.738235,2.55351,9,2,2
202100049546,113Â 193,B01,1,1,1,5,2,6,-1,-1, -1,-1,2021,18.0,3,1,0,2,8,1,1,,4,FELIX FAURE (RUE),0,,2,2,0,1,0,0,1,, -1,1,0,1,50,2,3,1,92,92025,2,2,0,3,FELIX FAURE (RUE),48.9147757248,2.2550216317,14,2,2
202100050594,111Â 250,Z01,10,3,1,0,0,-1,-1,9,B,1,2021,44.0,2,0,0,1,0,0,0,,4,GARE DE CHAMPIGNY (PL DE LA),0,,1,1,0,1,0,0,1,, -1,2,0,1,30,7,2,5,94,94068,2,1,1,6,GARE DE CHAMPIGNY (PL DE LA),48.80737,2.51044,4,2,1
202100037058,135Â 461,B01,1,1,2,1,2,0,-1,-1, -1,-1,2021,49.0,1,1,0,2,8,2,5,,3,R DU PONT DE CRETEIL ,0,,1,2,0,1,1,0,1,, -1,1,0,1,30,31,5,1,94,94068,2,1,0,3,Rue du Pont de CrÃ©teil,48.80945,2.47099,18,2,2
202100013547,177Â 506,B01,2,2,1,5,8,0,-1,-1, -1,-1,2021,19.0,3,2,0,2,7,9,1,,4,MARECHAL DE LATTRE DE TASSIGNY  ROND POI,0,,-1,1,0,1,1,0,1,, -1,1,0,1,50,13,10,5,13,13063,2,9,0,3,MARECHAL DE LATTRE DE TASSIGNY  ROND POI,43.5877,5.00279,20,4,2
202100047813,116Â 289,A01,1,1,1,0,2,6,-1,-1, -1,-1,2021,50.0,2,1,0,2,1,1,1,,4,LIEUTAUD (COURS)      2 A 52,0,,1,1,0,1,(1),(1),1,, -1,1,0,1,50,15,3,1,13,13206,2,1,0,3,LIEUTAUD (COURS)      2 A 52,43.290883,5.383328,12,4,2
202100005941,191Â 174,B01,4,2,2,5,1,0,-1,-1, -1,-1,2021,21.0,1,2,0,2,4,2,1,,3,ATLANTIQUE  AVENUE DE L',0,,3,4,0,1,40,140,1,, -1,1,0,1,90,25,11,2,49,49007,1,1,0,2,ATLANTIQUE  AVENUE DE L',47.46915,-0.60328,18,4,2
202100027917,151Â 808,A01,1,1,1,1,2,0,-1,-1, -1,-1,2021,37.0,1,1,0,0,1,26,1,,4,GASNIER AVENUE,0,,2,2,0,1,1,0,1,, -1,1,0,1,30,19,7,1,49,49007,2,1,0,7,GASNIER AVENUE,47.4843,-0.57111,16,1,1
202100052967,107Â 040,A01,1,1,1,5,2,6,-1,-1, -1,-1,2021,36.0,2,1,0,2,4,15,1,,4,PIERRE DELORE                       (R ),0,,2,2,0,1,(1),(1),1,, -1,1,0,1,50,30,1,5,69,69388,2,3,0,7,PIERRE DELORE (R),45.73691,4.85473,3,1,1
202100055092,103Â 339,A01,1,1,2,1,8,0,-1,-1, -1,-1,2021,28.0,1,5,0,2,1,9,1,,4,PRINCIPALE DU PORT (ROUTE) (S/SA15/+),0,,1,2,1,1,0,0,3,, -1,2,5,1,50,14,1,5,92,92036,2,6,1,3,PRINCIPALE DU PORT (ROUTE) (S/SA15/+),48.9379605635,2.2777695679,7,2,2
202100047216,117Â 367,A01,1,1,1,0,2,8,-1,-1, -1,-1,2021,32.0,1,1,0,2,1,26,0,,3,COLBERT (BOULEVARD),0,,-1,2,0,2,4,955,1,, -1,1,0,1,50,20,3,1,61,61001,2,3,0,5,COLBERT (BOULEVARD),48.434546,0.076417,16,3,3
202100011341,181Â 456,B01,10,3,1,0,0,-1,-1,3,3,2,2021,32.0,3,2,0,1,4,2,1,,4,BOLLEE (AV) NÂ° IMP 347 ET >,0,,2,2,2,1,0,0,1,, -1,1,0,1,50,23,10,5,72,72181,2,1,0,6,BOLLEE (AV) NÂ° IMP 347 ET >,48.0021699674,0.2072703836,19,3,2
202100012275,179Â 786,B01,1,1,1,1,2,6,-1,-1, -1,-1,2021,35.0,2,1,0,2,1,15,1,,3,50,0,,2,4,1,1,0,0,1,, -1,1,0,1,50,19,10,1,92,92049,2,3,0,3,BARBES RUE,48.8171351424,2.3307484388,9,2,2
202100019827,166Â 195,B01,1,1,1,3,2,0,-1,-1, -1,-1,2021,48.0,2,1,0,2,8,1,5,,3,TURGOT (AVENUE),0,,2,3,0,1,(1),(1),1,, -1,1,0,1,50,29,4,1,19,19031,2,2,0,3,TURGOT (AVENUE),45.16533,1.52056,16,2,2
202100003677,195Â 186,A01,1,1,2,0,1,-1,-1,-1, -1,-1,2021,22.0,2,2,0,2,4,1,1,,3,MORBIHAN AVENUE DU,0,,3,4,0,1,2,50,1,, -1,2,0,1,110,9,12,3,29,29232,1,1,1,2,D365 - Avenue du Morbihan,47.97815,-4.03566,18,2,2
202100011263,181Â 603,A01,10,3,2,5,0,-1,-1,3,3,1,2021,16.0,1,2,0,1,2,1,1,,2,1,0,,2,2,0,2,12,250,1,, -1,1,9,1,90,25,10,1,972,97222,1,1,0,6,RN1,14.667043,-60.964669,10,2,1
202100034972,139Â 187,A01,1,1,1,0,2,0,-1,-1, -1,-1,2021,21.0,3,1,6,0,1,14,1,,4,COMTE DE SAINT-CRICQ DU,0,,1,1,0,1,0,0,2,, -1,1,0,1,50,12,6,5,64,64445,2,1,0,7,COMTE DE SAINT-CRICQ DU,43.3061704448,-0.3516895575,1,1,1
202100051230,110Â 107,A01,1,1,1,0,6,2,-1,0,0,-1,2021,19.0,3,1,0,0,0,0,1,,4,,-1,,-1,2,0,1,(1),(1),2,, -1,1,0,1,50,18,2,1,60,60178,2,6,0,7,Rue Gambetta,49.607119,2.076164,11,1,1
202100000448,200Â 905,B01,1,1,1,1,2,6,9,0,0,-1,2021,55.0,1,1,0,6,1,1,1,,3,59,-1,,2,2,0,1,(1),(1),1,, -1,1,0,1,70,9,9,2,73,73081,1,1,0,6,D59 Villaret Rouge,45.6911481,6.11196,6,2,2
202100044424,122Â 278,A01,1,1,2,9,8,0,-1,-1, -1,-1,2021,21.0,1,2,5,0,0,1,1,,1,A51,0,,-1,1,0,2,0,649,2,, -1,2,0,2,90,27,3,1,13,13015,1,1,0,6,A515CD-Gardanne vers A51-Marseille,43.43011,5.39006,7,1,1
202100054105,105Â 036,A01,10,3,2,5,0,-1,-1,2,3,1,2021,17.0,1,1,1,0,2,1,1,,3,BD DE STALINGRAD ,0,,3,2,0,1,1,0,1,, -1,1,0,1,50,21,1,1,94,94081,2,1,0,6,Boulevard de Stalingrad,48.794544,2.384644,13,2,1
202100002423,197Â 448,B01,1,1,1,9,2,0,-1,-1, -1,-1,2021,51.0,3,1,0,2,0,1,1,,4,LECLERC PHILIPPE MARECHAL (PROMENADE),0,,2,2,0,1,(1),(1),1,, -1,1,0,1,30,15,12,2,34,34301,2,1,0,5,Promenade Marechal Leclerc,43.392484,3.689311,7,7,4
202100049891,112Â 561,A01,1,1,2,1,1,-1,-1,0,0,-1,2021,27.0,0,2,0,2,1,16,0,,4,PEN AR CH'LEUZ (ROND POINT),0,,-1,2,0,1,73,860,2,, -1,1,5,1,50,22,2,5,29,29019,2,6,0,3,Rond POint de Pen Ar Ch'leuz,48.41459,-4.48036,19,2,2
202100047616,116Â 641,A01,10,3,1,5,0,-1,-1,3,3,2,2021,14.0,1,2,0,1,2,1,1,,3,BELLE ETOILE,0,,2,0,0,2,0,908,3,, -1,1,0,1,50,10,3,1,76,76447,1,6,0,6,PRESIDENT WILSON,49.5348695336,0.1786079783,14,3,1
202100035195,138Â 789,A01,2,1,1,0,2,0,-1,-1, -1,-1,2021,25.0,1,1,0,2,0,1,1,,1,AUTOROUTE A104,0,,3,7,0,1,1,399,1,, -1,1,0,1,90,11,6,1,93,93078,1,1,0,6,AUTOROUTE A104,48.96803,2.50954,9,1,1
202100054992,103Â 514,B01,2,2,2,0,1,0,-1,-1, -1,-1,2021,44.0,2,2,0,2,4,1,1,,1,AUTOROUTE A6A,0,,3,6,0,1,3,250,1,, -1,1,0,1,90,15,1,1,94,94038,1,1,0,2,AUTOROUTE A6A,48.77732,2.34649,13,4,2
202100002095,198Â 053,A01,1,1,1,9,1,-1,-1,0,0,-1,2021,24.0,2,2,3,0,3,16,1,,1,20,0,,1,1,0,2,61,100,4,, -1,2,3,1,50,22,12,1,36,36202,1,1,0,6,,46.823332,1.634544,11,1,1
202100005817,191Â 396,A01,1,1,1,5,2,6,-1,0,0,-1,2021,15.0,2,1,0,2,7,1,1,,3,243,-1,,2,2,0,1,11,250,1,, -1,1,0,1,-1,28,11,1,53,53189,1,1,0,3,La Petite Basse Cour,48.498372,-0.507356,15,3,2
202100010172,183Â 519,A01,1,1,1,5,2,6,-1,0,0,-1,2021,22.0,2,1,4,0,8,13,1,,4,QUAI FRANCOIS MITTERRAND,0,,1,5,3,1,(1),(1),1,, -1,2,0,1,30,29,10,5,75,75101,2,2,1,6,QUAI FRANCOIS MITTERRAND,48.860145,2.333361,22,2,1
202100033865,141Â 228,B01,1,1,1,5,2,-1,-1,0,0,-1,2021,16.0,2,1,0,2,1,1,1,,4,ROQUES (ROUTE DE LA),0,,2,2,0,2,(1),(1),1,, -1,1,0,1,50,13,6,1,12,12176,2,2,0,3,ROQUES (ROUTE DE LA),44.37373,2.57836,10,3,2
202100036340,136Â 740,A01,1,1,1,5,1,-1,-1,0,0,-1,2021,67.0,0,2,0,0,1,26,1,,3,613,-1,,2,1,0,2,73,150,1,, -1,1,2,8,80,5,6,1,34,34017,1,1,0,6,d613,43.474762,3.446016,8,1,1
202100030292,147Â 622,A01,1,1,1,1,2,6,-1,0,0,-1,2021,17.0,3,1,0,2,1,1,1,,3,1,-1,,2,2,0,1,(1),(1),3,, -1,1,0,1,50,2,7,1,8,8282,2,1,0,1,49 Chemin de l Oiseau,49.883986,4.430457,17,2,2
202100045569,120Â 277,A01,10,3,1,4,0,-1,-1,2,9,2,2021,21.0,1,2,0,1,2,17,1,,4,JOLIOT CURIE (RUE),0,,2,2,0,1,(1),(1),1,, -1,1,0,1,50,1,4,1,65,65440,2,1,0,6,JOLIOT CURIE (RUE),43.224859,0.078669,7,2,1
202100048730,114Â 655,A01,1,1,2,1,1,-1,-1,0,0,-1,2021,32.0,1,2,0,2,4,2,1,,2,165,0,N,3,4,0,2,102,100,3,, -1,1,0,1,90,9,3,1,29,29043,1,1,0,2,N165 PR 102+100,48.37,-4.264433,18,2,2
202100024585,157Â 714,A01,1,1,1,0,2,0,-1,-1, -1,-1,2021,44.0,2,1,0,2,1,2,1,,4,BOUDINOT (AUGUSTE) CITE THEMIRE,0,,2,2,0,1,(1),(1),1,, -1,1,0,1,50,10,8,1,973,97302,2,4,0,2,BOUDINOT (AUGUSTE) CITE THEMIRE,4.9338553721,-52.3193589449,8,2,2
202100047917,116Â 081,A01,1,1,2,0,1,0,-1,-1, -1,-1,2021,53.0,2,2,0,2,1,19,1,,4,BIZOTS (ROUTE DES),0,,2,2,0,1,1,0,1,, -1,1,0,1,50,14,3,1,71,71040,2,2,0,3,BIZOTS (ROUTE DES),46.7122555592,4.3949514648,17,2,2
202100000966,200Â 028,B01,1,1,1,0,2,0,-1,-1, -1,-1,2021,40.0,1,1,0,2,1,0,0,,4,FLAMBOYANTS (RUE DES),0,,2,2,0,1,(1),(1),1,, -1,2,0,1,50,10,12,1,973,97302,2,3,1,1,FLAMBOYANTS (RUE DES),4.9237618627,-52.3194712401,12,2,2
202100004812,193Â 183,A01,1,1,1,9,2,6,-1,0,0,-1,2021,35.0,1,1,0,2,3,17,1,,4,RUE DE VOUILLE,0,,2,2,0,1,(1),(1),1,, -1,1,0,1,30,3,12,1,75,75115,2,3,0,1,RUE DE VOUILLE,48.835107,2.303782,9,2,2
202100041161,128Â 026,B01,1,1,2,1,2,0,-1,-1, -1,-1,2021,65.0,1,1,0,2,1,1,5,,3,61,0,,2,2,1,1,0,1,1,, -1,2,0,1,50,6,5,1,92,92046,2,1,0,1,Charles de gaulle,48.823297,2.299814,18,2,2
202100038651,132Â 547,A01,1,1,1,4,2,6,-1,0,0,-1,2021,27.0,2,1,0,2,1,1,1,,4,RUE LA FAYETTE,0,,3,2,3,1,(1),(1),1,, -1,1,5,1,50,23,5,5,75,75110,2,2,0,3,RUE LA FAYETTE,48.880605,2.362027,0,2,2
202100027220,153Â 061,B01,3,2,1,5,1,0,-1,-1, -1,-1,2021,13.0,2,2,0,2,6,15,1,,3,BRAM -ROUTE DE-,0,,2,2,0,2,(1),(1),1,, -1,1,0,1,70,23,7,1,11,11069,1,1,0,3,BRAM -ROUTE DE-,43.22149,2.29891,12,4,2
202100022243,161Â 883,B01,5,2,1,0,1,0,-1,-1, -1,-1,2021,64.0,3,2,0,2,1,23,1,,4,LAMBRET OSCAR AVENUE,0,,3,4,0,1,(1),(1),1,, -1,1,5,1,50,27,8,1,59,59350,2,9,0,1,LAMBRET OSCAR AVENUE,50.61022,3.0386,13,4,2
202100021247,163Â 679,B01,1,1,2,5,1,8,-1,-1, -1,-1,2021,19.0,2,2,0,2,8,1,1,,4,PATRIE (RUE DE LA ),0,,1,1,0,2,(1),(1),1,, -1,1,0,1,30,27,8,5,56,56121,2,2,0,3,PATRIE (RUE DE LA ),47.74844,-3.36197,23,3,2
202100006910,189Â 416,B01,1,1,1,9,1,0,-1,-1, -1,-1,2021,21.0,3,2,0,2,1,1,1,,4,ALOUETTES(RUE DES),0,,2,2,0,1,0,1,1,, -1,1,0,1,50,21,11,5,77,77040,2,1,0,1,ALOUETTES(RUE DES),48.527824,2.568856,3,2,2
202100052026,108Â 716,B01,1,1,2,0,8,0,-1,-1, -1,-1,2021,19.0,1,1,0,2,7,2,3,,4,BRETEUIL (RUE),0,,1,2,0,2,0,0,1,, -1,2,0,1,50,9,2,5,13,13206,2,2,0,3,BRETEUIL (RUE),43.29747,5.38077,5,2,2
202100025085,156Â 817,A01,1,1,1,0,1,0,-1,-1, -1,-1,2021,24.0,1,2,4,0,2,2,1,,1,A507 sens Marseille - Aubagne,0,,1,1,0,2,0,500,2,, -1,1,0,1,70,7,8,1,13,13055,1,1,0,6,A507 sens Marseille - Aubagne,43.33803,5.37733,12,1,1
202100030568,147Â 116,B01,1,1,2,5,8,-1,-1,-1, -1,-1,2021,9.0,2,1,0,2,0,10,5,,3,OCEAN (BD DE L'),0,,2,2,0,1,(1),(1),1,, -1,1,0,1,50,5,7,2,33,33529,2,1,0,3,Boulevard de lâOcean,44.634797,-1.202416,22,2,2
202100014163,176Â 377,B01,1,1,1,5,2,6,-1,-1, -1,-1,2021,36.0,3,1,0,2,1,1,1,,4,,0,,2,2,0,1,(1),(1),1,, -1,1,0,1,50,9,10,1,45,45286,2,3,0,3,Place Saint Charles,47.893946,1.913712,16,2,2
202100008917,185Â 781,A01,1,1,1,5,2,6,-1,-1, -1,-1,2021,30.0,1,1,0,9,7,1,1,,1,A86 INT,0,,1,3,0,1,44,400,1,, -1,1,1,1,90,8,11,5,94,94073,1,1,0,6,A86 INT,48.77098,2.38721,21,1,1
202100055932,101Â 901,A01,1,1,1,5,1,0,-1,-1, -1,-1,2021,28.0,1,2,0,2,2,15,1,,4,MAURIAC (RUE),0,,1,1,0,1,0,0,2,, -1,1,5,1,50,7,1,5,13,13210,2,6,0,3,MAURIAC (RUE),43.27007,5.42327,1,3,2
202100051692,109Â 294,C01,2,2,2,0,1,0,-1,-1, -1,-1,2021,69.0,1,2,0,2,4,2,1,,2,09 PK RN237 RE MOULIN JUSTICE,0,,3,4,0,1,117,445,1,, -1,1,0,1,90,12,2,1,17,17300,2,1,0,4,09 PK RN237 RE MOULIN JUSTICE,46.16651,-1.12127,16,4,3
202100001332,199Â 377,A01,1,1,1,5,2,-1,-1,0,0,-1,2021,23.0,3,1,0,2,1,13,1,,2,209,-1,D,2,2,0,2,(1),(1),3,, -1,1,0,1,50,28,12,3,977,97701,1,1,0,1,"D209, Marigot",17.910331,-62.814031,0,2,2
202100024120,158Â 547,A01,2,2,1,5,8,0,-1,-1, -1,-1,2021,29.0,3,1,11,0,3,13,1,,4,CHE DU PATIS,0,,2,2,0,2,0,0,1,, -1,1,0,1,50,14,8,1,77,77450,2,1,0,6,CHE DU PATIS,48.719011,2.589567,9,2,1
202100038307,133Â 167,A01,1,1,1,0,2,4,-1,-1, -1,-1,2021,21.0,1,1,0,2,3,3,1,,1,AUTOROUTE A86,0,,-1,2,0,2,51,500,1,, -1,2,0,1,70,26,5,1,94,94034,1,1,0,5,AUTOROUTE A86,48.76027,2.32045,8,4,3
202100007839,187Â 725,B01,1,1,1,4,2,0,0,0,0,-1,2021,31.0,1,1,0,2,0,0,0,,3,ROCADE OUEST (RD 610),0,,1,2,0,1,0,0,3,, -1,2,5,1,50,15,11,1,10,10362,1,9,1,3,ROCADE OUEST (RD 610),48.30248,4.02826,12,2,2
202100023395,159Â 799,A01,1,1,1,5,2,6,-1,-1, -1,-1,2021,27.0,1,1,0,2,2,3,1,,2,RN104,0,,3,5,0,1,6,800,1,, -1,1,0,1,90,20,8,2,77,77373,1,1,0,6,RN104,48.77079,2.61226,20,3,3
202100030717,146Â 852,A01,1,1,1,5,1,5,-1,-1, -1,-1,2021,38.0,3,2,9,0,1,1,1,,4,JAURES (BLD 2 JEAN),0,,3,4,0,2,0,0,2,, -1,2,0,4,70,2,7,5,974,97411,2,1,0,1,JAURES (BLD 2 JEAN),-20.90261,55.50056,23,1,1
202100036437,136Â 576,B01,1,1,1,0,1,-1,-1,0,0,-1,2021,24.0,2,2,0,0,7,1,1,,4,GOUESNOU (DE 43 A 219 ET 38 A 212),0,,1,1,0,1,(1),(1),1,, -1,1,5,1,50,4,6,1,29,29019,2,6,0,3,Rue de Gouesnou,48.41444,-4.46841,19,2,2
202100017127,171Â 022,B01,1,1,1,5,8,4,-1,-1, -1,-1,2021,84.0,1,0,0,2,7,1,3,,3,PAUL VAILLANT COUTURIER (BD),0,,2,4,0,1,0,1,1,, -1,1,8,1,50,23,9,1,93,93029,2,1,0,3,Boulevard Paul Vaillant Couturier,48.9226869616,2.4472260475,14,2,2
202100036900,135Â 743,A01,10,3,2,5,0,-1,-1,2,3,1,2021,5.0,1,2,0,1,2,1,1,,3,9,-1,,2,2,0,2,21,120,1,, -1,1,0,1,50,3,6,1,25,25015,2,1,0,6,Grande Rue,47.03759,6.07125,17,2,1
202100010375,183Â 164,B01,1,1,1,0,2,0,-1,-1, -1,-1,2021,26.0,2,1,0,2,1,2,1,,3,AVENUE GASTON ROUSSEL,0,,-1,2,0,1,0,1,1,, -1,1,0,1,50,28,10,1,93,93063,2,9,0,3,AVENUE GASTON ROUSSEL,48.893702238,2.4357463924,12,2,2
202100011892,180Â 469,A01,1,1,1,0,1,-1,-1,0,0,-1,2021,58.0,1,2,3,0,3,12,1,,1,10,0,A,2,3,0,3,158,850,1,,10,2,8,1,50,20,10,3,41,41223,1,9,1,6,autoroute A10 PK 158+830,47.617251,1.215459,23,1,1
202100005218,192Â 449,A01,10,3,2,2,0,-1,-1,9,B,1,2021,31.0,1,2,0,1,1,15,1,,3,TOBY LES HAUTS(CHEMIN),0,,1,1,0,1,(1),(1),1,, -1,1,0,1,30,30,11,1,974,97416,1,1,0,6,TOBY LES HAUTS(CHEMIN),-21.2974,55.4522,8,2,1
202100009281,185Â 110,A01,1,1,1,1,2,6,-1,0,0,-1,2021,32.0,1,1,0,2,1,2,1,,4,BOULEVARD PERIPHERIQUE,0,,1,4,0,1,1,600,1,, -1,1,0,1,70,3,11,5,75,75113,2,1,0,2,BOULEVARD PERIPHERIQUE,48.819066,2.371901,23,2,2
202100013172,178Â 202,A01,1,1,2,1,1,-1,-1,0,0,-1,2021,56.0,1,2,0,2,2,1,1,,3,109,0,,2,2,0,1,16,63,3,, -1,1,0,1,80,12,10,2,17,17267,2,3,0,2,D109,46.226093,-0.924217,19,2,2