Num_Acc,id_vehicule,num_veh,place,catu,sexe,trajet,secu1,secu2,secu3,locp,actp,etatp,year_acc,victim_age,senc,catv,obs,obsm,choc,manv,motor,occutc,catr,voie,v1,v2,circ,nbv,vosp,prof,pr,pr1,plan,lartpc,larrout,surf,infra,situ,vma,jour,mois,lum,dep,com,agg_,int,atm,col,adr,lat,long,hour,nb_victim,nb_vehicules
202100004149,194Â 329,A01,10,3,2,3,0,-1,-1,2,3,1,2021,66.0,3,2,0,1,3,1,1,,4,1,0,A,2,2,0,1,(1),(1),1,, -1,2,6,1,50,8,12,3,62,62080,2,1,0,6,Rue des Freres Coint,50.107258,2.847594,18,2,1
202100055941,101Â 890,C01,1,1,1,9,2,6,-1,0,0,-1,2021,40.0,1,1,0,2,3,1,1,,4,RUE ORDENER,0,,2,2,1,1,(1),(1),1,, -1,2,0,1,50,6,1,1,75,75118,2,1,1,5,RUE ORDENER,48.890292,2.358565,8,4,3
202100046038,119Â 467,A01,1,1,1,5,2,-1,-1,0,0,-1,2021,86.0,1,1,0,2,8,19,5,,3,2,-1,,2,2,0,2,46,790,1,, -1,1,5,1,-1,30,3,1,31,31568,1,2,0,3,croisement CD.2  -  CD.11,43.480079,1.691165,15,2,2
202100013216,178Â 115,A01,1,1,1,5,2,6,-1,-1, -1,-1,2021,16.0,1,1,0,2,1,1,1,,4,TOUTES RUES,0,,2,2,0,1,0,0,4,, -1,1,2,1,30,14,10,1,202,202037,2,1,0,3,TOUTES RUES,42.62164,9.44358,15,2,2
202100018574,168Â 434,B01,1,1,1,1,1,0,-1,-1, -1,-1,2021,37.0,2,2,8,0,1,1,1,,7,RD 955,0,,-1,0,0,1,1,0,2,, -1,1,0,1,80,16,9,3,45,45235,1,1,0,1,RD 955,47.95716,1.79248,4,4,2
202100012100,180Â 089,A01,10,3,2,0,0,-1,-1,2,3,1,2021,85.0,3,2,0,1,2,0,1,,3,232,-1,,2,2,0,1,11,100,1,, -1,2,9,1,30,21,10,1,60,60471,2,6,1,6,Boulevard Carnot,49.5783908765,3.0047366023,17,2,1
202100050979,110Â 560,B01,1,1,1,5,0,-1,-1,0,0,-1,2021,55.0,2,1,0,2,8,1,5,,3,105,0,,2,2,0,1,4,400,1,, -1,1,0,3,80,19,2,1,21,21127,1,1,1,3,RD 105,47.478892,5.076917,17,2,2
202100014787,175Â 279,B01,1,1,2,3,1,-1,-1,0,0,-1,2021,24.0,1,2,0,2,4,2,1,,3,PAU (ROUTE DE),0,,2,2,0,1,0,396,1,, -1,1,0,1,50,6,10,1,65,65440,2,1,0,2,PAU (ROUTE DE),43.237406,0.046979,10,2,2
202100044219,122Â 632,A01,1,1,1,1,1,-1,-1,-1, -1,-1,2021,39.0,1,5,0,2,1,1,1,,2,ROUTE NATIONALE 89,0,,3,4,0,1,49,979,1,, -1,1,0,1,50,13,4,1,33,33013,1,1,0,2,ROUTE NATIONALE 89,44.868645,-0.502807,18,2,2
202100051814,109Â 085,A01,10,3,1,0,0,-1,-1,9,B,1,2021,69.0,2,2,0,1,1,0,1,,7,AUBES (ROUTE DES),0,,2,2,0,1,0,0,1,, -1,1,9,1,50,10,2,2,13,13005,2,1,0,1,AUBES (ROUTE DES),43.29808,5.57526,17,2,1
202100045068,121Â 171,A01,1,1,2,9,1,-1,-1,0,0,-1,2021,19.0,2,2,0,2,1,1,1,,3,111,-1,,2,2,0,1,6,400,3,, -1,1,0,1,80,3,4,1,26,26042,1,1,1,1,Route dâEtoile,44.852188,4.894409,15,2,2
202100021360,163Â 473,A01,1,1,1,3,1,-1,-1,0,0,-1,2021,38.0,3,2,14,0,1,1,1,,4,0,0,X,2,2,0,1,(1),(1),1,,10,1,0,1,70,13,8,1,73,73032,1,1,0,4,Route de l Ãnergie,45.635374,6.441551,18,3,3
202100013085,178Â 353,B01,1,1,1,1,8,0,-1,-1, -1,-1,2021,53.0,2,1,0,0,0,0,3,,4,NANTES (DE),0,,2,3,3,2,(1),(1),1,, -1,1,0,1,50,15,10,1,35,35238,2,3,0,3,NANTES (DE),48.10096,-1.68517,9,2,2
202100018910,167Â 842,A01,1,1,1,0,2,6,-1,-1, -1,-1,2021,46.0,1,1,12,0,0,13,1,,4,PERRACHE                            (QU),0,,1,1,0,1,(1),(1),1,, -1,2,0,1,50,14,9,5,69,69382,2,1,1,6,PERRACHE (Q),45.74687,4.82883,20,1,1
202100008903,185Â 825,B01,1,1,1,0,2,6,-1,0,0,-1,2021,26.0,1,1,0,2,1,1,1,,3,517,-1,,2,2,0,1,(1),(1),1,, -1,1,0,1,80,9,11,1,38,38507,1,1,0,3,Route de CrÃ©mieu,45.749401,5.206935,10,2,2
202100042119,126Â 343,A01,1,1,1,0,1,-1,-1,0,0,-1,2021,58.0,1,5,0,2,1,13,1,,3,951,-1,,2,2,0,1,18,129,1,, -1,2,0,1,80,30,4,1,41,41129,1,1,1,5,D951,47.65248,1.46911,16,4,3
202100031464,145Â 507,A01,1,1,1,5,0,-1,-1,0,0,-1,2021,20.0,2,1,0,2,8,1,5,,3,974,0,,2,2,0,1,71,980,1,, -1,1,0,1,50,2,7,1,71,71171,2,1,0,3,Route de Chagny,46.868176,4.650956,17,2,2
202100037189,135Â 210,A01,1,1,2,5,1,0,-1,-1, -1,-1,2021,47.0,2,2,0,2,1,15,1,,3,JOHN KENNEDY (AVENUE),0,,3,4,0,1,2,630,1,, -1,1,0,1,50,30,5,1,86,86194,2,2,0,3,Avenue John Kennedy,46.58224,0.36789,15,3,2
202100017726,169Â 943,A01,1,1,1,1,1,5,-1,0,0,-1,2021,27.0,2,2,0,2,1,12,1,,3,430,-1,,3,4,0,1,47,500,1,, -1,1,0,1,90,21,9,1,68,68258,1,1,0,4,D430,47.826241,7.286049,16,3,3
202100054616,104Â 160,A01,10,3,1,0,0,-1,-1,9,B,1,2021,25.0,0,5,0,1,1,0,1,,4,RENDEZ-VOUS (AL. DU),0,,-1,1,0,1,0,0,1,, -1,1,0,8,30,18,1,3,93,93010,2,1,0,6,RENDEZ-VOUS (AL. DU),48.9032482959,2.4960746073,17,2,1
202100000140,201Â 497,B01,1,1,1,1,2,6,-1,-1, -1,-1,2021,43.0,2,1,0,2,1,1,1,,3,POMPIDOU (AVENUE GEORGES),0,,2,2,0,1,0,0,1,, -1,1,0,1,50,18,11,1,19,19031,2,1,0,3,POMPIDOU (AVENUE GEORGES),45.15785,1.55356,9,2,2
202100029378,149Â 263,A01,1,1,1,5,0,-1,-1,0,0,-1,2021,31.0,3,0,0,0,0,0,3,,3,,-1,,2,2,0,1,(1),(1),1,, -1,1,0,1,50,25,3,5,40,40046,2,1,0,7,Avenue de Laouadie,44.41026,-1.163065,20,1,1
202100004869,193Â 089,A01,2,2,1,5,8,-1,-1,0,0,-1,2021,48.0,3,2,13,0,1,1,1,,3,140,-1,,2,2,0,1,(1),(1),1,, -1,2,0,3,80,4,12,1,28,28351,1,1,1,1,rue de chateauneuf,48.582222,1.209226,15,2,1
202100001957,198Â 303,A01,1,1,2,5,1,-1,-1,0,0,-1,2021,22.0,2,2,0,2,3,13,1,,2,7,0,,2,2,0,1,103,100,1,, -1,1,0,1,80,23,12,1,58,58057,1,1,0,5,RN 7,46.716592,3.186722,12,5,3
202100026789,153Â 835,B01,1,1,2,2,1,8,-1,-1, -1,-1,2021,19.0,0,2,0,2,3,1,1,,4,DEMIDOFF (RUE),0,,2,2,0,1,0,0,1,, -1,2,0,1,50,27,7,1,76,76351,2,2,1,3,DEMIDOFF (RUE),49.49765,0.13655,6,2,2
202100053268,106Â 518,A01,1,1,1,2,2,0,-1,-1, -1,-1,2021,16.0,1,1,0,2,1,1,1,,4,LENINE RUE,0,,2,1,0,1,1,0,1,, -1,2,0,1,50,29,1,5,93,93006,2,3,1,3,LENINE RUE,48.8688916169,2.4247543692,19,3,2
202100005993,191Â 085,A01,1,1,1,4,8,0,-1,0,0,-1,2021,20.0,2,1,0,2,1,2,5,,4,RUE DE LA CONVENTION,0,,2,2,0,1,(1),(1),1,, -1,2,0,1,30,27,11,5,75,75115,2,2,1,2,RUE DE LA CONVENTION,48.839978,2.290363,21,2,2
202100016581,171Â 994,A01,9,2,1,5,1,-1,-1,0,0,-1,2021,19.0,1,2,3,2,3,13,1,,3,31,-1,,2,2,0,1,24,650,3,, -1,1,2,1,80,26,9,1,70,70335,1,1,0,1,DÃ©partementale 31,47.429815,6.260405,16,6,2
202100042120,126Â 340,A01,10,3,1,4,4,9,-1,1,2,2,2021,51.0,1,1,0,1,1,19,1,,4,27,0,,2,2,0,1,0,0,2,, -1,1,0,1,50,23,4,1,77,77233,2,1,0,6,23 Rue du Tillet,49.00189,2.78888,17,2,1
202100031802,144Â 915,B01,1,1,1,5,1,-1,-1,-1, -1,-1,2021,21.0,1,2,4,0,3,1,1,,1,A7   29.920 A 31.960,0,,3,6,0,1,31,960,1,, -1,1,0,1,130,24,4,1,69,69193,1,1,0,6,A7,45.5067202698,4.8425942659,10,2,2
202100007256,188Â 787,A01,1,1,1,2,2,6,-1,-1, -1,-1,2021,15.0,3,1,0,0,7,1,1,,4,DE VINCI (RUE LEONARD),0,,2,2,0,1,0,0,1,, -1,9,5,1,50,10,11,1,45,45338,2,6,1,7,DE VINCI (RUE LEONARD),48.0000593892,2.7159190178,8,1,1
202100017919,169Â 591,A01,1,1,1,1,2,-1,-1,0,0,-1,2021,38.0,1,1,0,2,0,1,1,,3,907,-1,,2,2,0,1,16,850,1,, -1,1,0,1,80,21,9,1,74,74241,1,1,0,1,D907,46.134497,6.463265,17,2,2
202100040870,128Â 572,A01,1,1,1,0,8,-1,-1,-1, -1,-1,2021,36.0,2,1,0,2,3,1,3,,4,,0,,2,2,0,1,(1),(1),1,, -1,1,0,1,50,7,5,1,69,69259,2,1,0,3,MARTYRS DE LA RESISTANCE (DES)      (AV),45.69339,4.8742,19,2,2
202100021376,163Â 436,A01,1,1,2,5,1,-1,-1,0,0,-1,2021,35.0,3,2,0,0,4,23,1,,3,228,0,D,2,2,0,1,3,93,1,, -1,1,0,1,90,2,9,1,77,77382,1,1,0,6,D228,48.907628,2.888415,9,4,4
202100041800,126Â 890,B01,1,1,1,0,2,6,-1,-1, -1,-1,2021,26.0,2,1,0,2,1,1,1,,4,CHE AMOUROUX,0,,-1,2,0,1,(1),(1),1,, -1,1,0,1,50,10,4,3,31,31555,2,1,0,3,CHE AMOUROUX,43.626372,1.459057,20,3,2
202100010634,182Â 730,A01,1,1,2,4,1,-1,-1,0,0,-1,2021,39.0,1,2,0,2,1,1,1,,3,53,-1,,2,2,0,1,6,850,1,,4,1,0,1,80,28,10,2,38,38389,1,3,0,1,RD 53 intersection rue de l'europe,45.588591,5.061082,18,2,2
202100031378,145Â 662,B01,1,1,1,5,2,6,-1,0,0,-1,2021,17.0,2,1,0,2,3,15,1,,3,906,0,D,2,2,0,1,16,715,1,,4,1,0,1,90,2,7,1,21,21546,1,2,0,3,D906 carrefour avec le chemin des mouillerandes,47.322221,4.194138,19,3,2
202100009919,183Â 961,A01,1,1,1,9,8,0,-1,0,0,-1,2021,36.0,1,1,0,0,0,1,3,,4,QUAI DE CONTI,0,,1,3,1,1,(1),(1),1,, -1,1,-1,5,30,1,11,5,75,75106,2,7,0,7,QUAI DE CONTI,48.857666,2.337171,1,1,1
202100031640,145Â 198,A01,1,1,1,1,2,6,-1,0,0,-1,2021,44.0,1,1,0,2,1,17,1,,3,31,-1,,2,2,0,1,6,135,1,, -1,1,0,1,70,29,6,1,66,66021,1,4,0,3,D31,42.731907,2.952136,7,2,2
202100018646,168Â 309,B01,1,1,1,5,0,-1,-1,0,0,-1,2021,71.0,1,1,0,2,8,13,5,,2,10,0,,2,2,0,1,18,500,1,,7,1,0,1,70,16,9,1,202,202283,1,2,0,1,RT10,41.905711,9.389287,11,2,2
202100037921,133Â 884,B01,1,1,1,1,2,-1,-1,0,0,-1,2021,24.0,2,1,0,2,1,1,1,,1,8,-1,,1,1,0,3,220,88,3,, -1,1,3,6,50,29,5,1,6,6083,1,9,0,4,"A8, entrÃ©e 59 MENTON, chaussÃ©e Nord, PK220.088",43.797019,7.481496,8,3,3
202100024377,158Â 109,A01,1,1,1,5,0,-1,-1,0,0,-1,2021,18.0,2,1,12,0,0,0,1,,3,25,0,,2,2,0,2,35,461,1,, -1,1,0,8,50,13,8,1,44,44115,2,1,0,7,353 Rue de Vieille-Cour,47.349327,-1.288078,7,1,1
202100037250,135Â 096,B01,1,1,1,0,8,-1,-1,-1, -1,-1,2021,33.0,1,1,0,2,6,1,5,,4,VERDUN (AVE DE),0,,2,3,2,2,(1),(1),1,, -1,1,0,5,50,31,5,1,33,33281,2,1,0,3,Avenue de Verdun,44.84068,-0.64137,8,2,2
202100019240,167Â 238,B01,1,1,1,0,0,-1,-1,0,0,-1,2021,22.0,2,1,0,2,1,13,5,,3,30,0,D,2,2,0,1,21,500,1,, -1,1,0,1,80,14,9,1,25,25116,1,1,0,1,D30 PK 021+500,47.281532,6.262855,9,2,2
202100034269,140Â 485,B01,1,1,2,5,1,8,-1,-1, -1,-1,2021,25.0,3,2,0,2,1,1,1,,7,AVENUE EDMOND ESMONIN,0,,3,7,0,1,2,500,1,, -1,1,5,1,50,15,6,5,38,38185,2,2,0,3,Avenue LÃ©on Blum,45.16187,5.71595,23,3,2
202100032576,143Â 542,A01,1,1,1,5,8,-1,-1,0,0,-1,2021,43.0,1,2,13,0,1,1,1,,3,104,0,,2,2,0,1,17,300,1,, -1,1,0,1,80,24,6,3,18,18004,1,1,0,6,Les Delas,47.224028,2.267877,23,1,1
202100006280,190Â 569,A01,1,1,1,1,1,8,-1,-1, -1,-1,2021,20.0,2,2,7,0,9,1,1,,2,ROUTE NATIONALE 2,0,,3,2,0,1,27,0,3,, -1,1,0,3,110,20,10,3,2,2064,1,1,0,6,ROUTE NATIONALE 2,49.35893,3.32923,6,1,1
202100013697,177Â 219,A01,10,3,2,9,0,-1,-1,2,3,1,2021,69.0,1,4,0,1,2,16,1,,4,RUE VIVIENNE,0,,1,1,0,1,(1),(1),1,, -1,1,8,1,30,12,10,1,75,75102,2,3,0,6,RUE VIVIENNE,48.867752,2.339466,15,2,1
202100002865,196Â 655,A01,1,1,1,5,2,6,-1,0,0,-1,2021,16.0,1,1,0,2,8,13,1,,3,2566,0,,2,2,0,1,4,666,2,, -1,1,0,1,80,17,12,1,6,6077,1,1,0,1,Route de Luceram,43.873821,7.3518,12,2,2
202100027950,151Â 741,B01,1,1,2,1,1,0,-1,-1, -1,-1,2021,19.0,1,2,0,2,4,2,1,,3,PARIS (ROUTE DE),0,,3,2,0,1,30,435,1,, -1,1,0,1,70,19,7,1,1,1451,1,6,0,4,PARIS (ROUTE DE),46.2246893226,5.2063381417,17,4,3
202100042177,126Â 230,A01,1,1,1,5,8,-1,-1,-1, -1,-1,2021,30.0,3,2,13,0,9,14,1,,4,CANTEPIE (lieu dit),0,,2,2,0,2,(1),(1),2,, -1,1,0,3,80,28,4,3,50,50502,2,1,0,6,CANTEPIE (lieu dit),49.097686,-1.079074,2,1,1
202100035755,137Â 797,A01,1,1,1,1,2,6,-1,0,0,-1,2021,26.0,2,1,4,2,3,3,1,,4,AVENUE DE LA PORTE D ORLEANS,0,,1,3,0,1,(1),(1),1,, -1,1,0,1,50,8,6,1,75,75114,2,1,0,3,AVENUE DE LA PORTE D ORLEANS,48.820018,2.325736,9,2,2
202100033695,141Â 534,A01,10,3,1,5,0,-1,-1,9,9,1,2021,70.0,0,4,0,1,5,4,1,,6,0,0,,-1,0,0,1,(1),(1),1,, -1,1,9,8,-1,19,6,1,63,63116,2,9,0,6,IntermarchÃ©--131 Avenue Etienne ClÃ©mentel,45.984592,3.087185,10,2,1
202100017281,170Â 762,B01,1,1,1,5,2,6,-1,0,0,-1,2021,22.0,2,1,4,0,3,2,1,,1,352,0,A,1,1,0,1,9,7,3,, -1,1,3,1,50,25,9,1,67,67101,1,1,0,3,Autoroute A352,48.5198520551,7.499917745,18,2,2
202100009823,184Â 137,A01,1,1,1,5,2,6,9,0,0,-1,2021,68.0,2,1,6,0,8,1,1,,3,5,0,,2,2,0,1,9,530,1,, -1,2,0,1,50,3,11,1,86,86042,2,1,0,6,D5,46.974132,0.676248,11,1,1
202100030659,146Â 951,A01,1,1,1,0,2,0,-1,0,0,-1,2021,24.0,0,1,0,2,0,0,1,,4,,-1,,2,2,0,1,(1),(1),1,,4,1,0,1,50,5,7,1,974,97415,2,1,0,6,Rue du GÃ©nÃ©ral de Gaulle,-21.051417,55.225702,15,2,2
202100056500,100Â 908,C01,1,1,2,0,1,0,-1,-1, -1,-1,2021,29.0,2,2,0,2,5,1,2,,1,104,0,,3,3,0,1,25,0,1,, -1,1,0,1,90,1,1,3,77,77438,1,1,0,6,A104,48.862627975,2.6681212214,18,3,3
202100029059,149Â 800,A01,1,1,1,0,1,0,-1,-1, -1,-1,2021,20.0,1,2,4,0,1,0,1,,1,AUTOROUTE A6,0,,3,3,0,1,32,799,2,, -1,2,0,1,110,14,7,2,91,91179,1,1,0,7,AUTOROUTE A6,48.5677,2.47201,6,1,1
202100052623,107Â 660,A01,4,2,1,0,1,-1,-1,0,0,-1,2021,20.0,1,2,9,2,1,12,1,,1,36,-1,,3,4,0,1,112,0,1,, -1,2,2,1,130,3,2,1,68,68300,1,1,1,2,A36 PK 112.000,47.786237,7.418679,11,5,2
202100035432,138Â 382,A01,1,1,1,5,2,6,-1,-1, -1,-1,2021,25.0,1,1,0,2,1,2,1,,1,A12 Y,0,,3,6,0,2,6,70,1,, -1,1,0,1,90,9,6,1,78,78073,1,1,0,2,A12 Y,48.80104,2.0461,19,2,2
202100013182,178Â 183,B01,1,1,1,5,2,6,-1,0,0,-1,2021,55.0,1,1,0,2,7,1,5,,3,1075,0,D,2,2,0,1,71,800,1,, -1,1,0,1,70,15,10,1,38,38061,1,9,0,1,2022 Route de Grenoble,45.316317,5.62205,15,2,2
202100031951,144Â 630,A01,10,3,2,0,8,8,-1,3,3,2,2021,9.0,3,2,0,1,4,4,1,,4,STALINGRAD (RUE DE)   (E.ZOLA A ALLIES),0,,2,4,0,1,(1),(1),1,, -1,1,0,1,50,27,6,1,38,38185,2,3,0,6,Rue de Stalingrad,45.17249,5.72463,17,2,1
202100004921,192Â 995,B01,1,1,1,9,2,6,-1,0,0,-1,2021,19.0,2,1,0,2,1,1,1,,4,BOULEVARD RICHARD LENOIR,0,,1,0,0,1,(1),(1),1,, -1,1,0,1,30,2,12,1,75,75111,2,3,0,3,BOULEVARD RICHARD LENOIR,48.856886,2.370512,9,2,2
202100038409,132Â 984,B01,1,1,1,0,1,0,-1,-1, -1,-1,2021,41.0,2,1,0,2,8,15,1,,4,CLE DES CHAMPS,0,,2,2,0,2,0,0,1,, -1,1,0,1,50,25,5,1,93,93070,2,1,0,3,CLE DES CHAMPS,48.9143562013,2.3293054104,16,2,2
202100049219,113Â 775,A01,10,3,2,2,0,-1,-1,2,3,3,2021,13.0,3,3,0,1,2,20,1,1.0,4,CLOCHETTES (DES)                    (R ),0,,1,1,3,1,(1),(1),1,, -1,1,9,1,30,4,3,1,69,69199,2,1,0,6,CLOCHETTES (DES) (R),45.6973,4.856,12,2,1
202100044413,122Â 296,A01,1,1,1,4,2,6,-1,0,0,-1,2021,22.0,2,1,0,2,1,2,1,,4,RD125,-1,,2,2,1,1,39,520,1,, -1,1,0,1,80,9,4,1,35,35353,1,1,0,2,Le Champ NoÃ«l,48.11761,-1.72981,13,2,2
202100021919,162Â 445,B01,1,1,1,5,2,0,-1,-1, -1,-1,2021,16.0,2,1,0,2,8,2,1,,4,CARNOT (PLACE),0,,2,2,0,1,0,0,1,, -1,1,0,1,30,29,8,1,74,74010,2,2,0,3,CARNOT (PLACE),45.90561,6.12375,13,3,2
202100020288,165Â 369,A01,1,1,1,0,1,-1,-1,-1, -1,-1,2021,26.0,2,2,0,2,1,1,3,,7,RD 137,0,,1,2,0,2,0,329,1,, -1,1,3,1,50,7,9,1,35,35278,1,1,0,4,RD 437,48.13724,-1.69338,12,3,3
202100034991,139Â 150,B01,1,1,1,0,2,0,-1,-1, -1,-1,2021,31.0,3,1,0,2,1,19,5,,4,CHOISEUL (AVE. DE),0,,2,2,0,1,(1),(1),1,, -1,1,0,1,30,10,6,1,56,56121,2,1,0,3,CHOISEUL (AVE. DE),47.75304,-3.35418,19,2,2
202100047811,116Â 293,A01,1,1,1,0,1,0,-1,-1, -1,-1,2021,28.0,3,2,1,2,6,9,1,,4,SAINTE MARTHE (chemin),0,,3,2,0,1,(1),(1),1,, -1,1,0,1,50,6,2,5,13,13214,2,9,0,3,SAINTE MARTHE (chemin),43.32823,5.38777,22,4,2
202100053765,105Â 638,A01,2,2,1,5,2,0,-1,-1, -1,-1,2021,22.0,2,1,0,2,2,1,1,,3,EMPEREUR (ROUTE DE L') EST,0,,2,2,0,2,0,0,1,, -1,1,0,1,50,20,1,1,92,92063,2,3,0,3,EMPEREUR (ROUTE DE L') EST,48.85978,2.18807,12,3,2
202100030462,147Â 321,A01,9,2,1,5,1,3,-1,0,0,-1,2021,6.0,1,2,12,0,3,2,1,,3,2144,0,,2,2,0,4,(1),(1),1,, -1,1,0,1,30,6,7,1,63,63338,2,1,0,1,rue jean jaurÃ¨s,46.162218,2.833711,18,4,2
202100008741,186Â 110,A01,1,1,1,0,2,6,-1,0,0,-1,2021,25.0,3,1,0,2,0,1,1,,4,JARDINIERS (BD DES),0,,2,2,0,1,(1),(1),1,, -1,1,0,1,50,8,11,5,6,6088,2,2,0,1,JARDINIERS (BD DES),43.708639,7.192578,18,2,2
202100006070,190Â 954,A01,2,2,1,5,1,-1,-1,-1, -1,-1,2021,22.0,1,2,4,0,3,13,1,,1,AUTOROUTE A 62,0,,1,2,0,1,0,150,3,, -1,2,3,1,50,27,11,5,33,33550,1,1,1,6,AUTOROUTE A 62,44.776558,-0.556736,5,2,1
202100044538,122Â 110,B01,1,1,1,1,2,6,-1,-1, -1,-1,2021,50.0,2,1,0,2,1,17,1,,3,ROUTE DEPARTEMENTALE 3,0,,2,2,0,1,3,0,1,, -1,1,0,1,50,8,4,5,972,97213,1,1,0,3,ROUTE DEPARTEMENTALE 3,14.61989,-60.98748,18,3,2
202100054483,104Â 378,A01,10,3,1,0,0,-1,-1,3,3,2,2021,7.0,1,1,0,1,1,19,1,,4,HAUTS CHATEAUX,0,,2,2,0,1,0,0,1,, -1,1,0,1,30,19,1,5,93,93051,2,1,0,6,HAUTS CHATEAUX,48.84293,2.57306,17,2,1
202100040706,128Â 857,D01,1,1,2,5,1,-1,-1,-1, -1,-1,2021,20.0,1,2,0,2,4,2,1,,1,AUTOROUTE A10,0,,3,6,0,1,542,200,1,, -1,2,0,1,90,9,5,1,33,33096,1,1,1,4,Autoroute A10,44.8907232449,-0.5025315555,17,6,4
202100031589,145Â 288,B01,1,1,1,5,1,0,-1,0,0,-1,2021,21.0,2,2,0,2,1,1,1,,4,RUE MEYNADIER,0,,2,2,0,1,(1),(1),1,, -1,1,0,1,50,30,6,1,75,75119,2,1,0,2,RUE MEYNADIER,48.883741,2.383654,15,2,2
202100027831,151Â 967,B01,1,1,1,1,2,-1,-1,0,0,-1,2021,24.0,1,1,0,2,1,1,1,,3,941,0,D,2,2,0,1,9,480,1,0,7,1,2,1,50,21,7,1,16,16070,2,7,0,1,boulevard de verdun,45.874406,0.719669,18,2,2
202100030745,146Â 803,A01,10,3,2,9,0,-1,-1,2,5,1,2021,19.0,2,2,0,1,2,2,1,,4,CHARLES DE GAULLE                   (QU),0,,1,3,2,1,(1),(1),1,, -1,1,0,6,50,30,6,1,69,69386,2,1,0,6,CHARLES DE GAULLE (Q),45.78147,4.8465,18,3,2
202100037193,135Â 200,A01,10,3,1,2,0,-1,-1,2,3,2,2021,8.0,3,2,1,1,2,17,1,,4,SABINETTES (RUE DES),0,,1,1,0,1,(1),(1),1,, -1,1,0,1,30,4,5,1,78,78146,2,1,0,3,SABINETTES (RUE DES),48.899706,2.145451,16,3,2
202100006135,190Â 843,A01,1,1,2,0,1,-1,-1,0,0,-1,2021,20.0,2,2,0,0,0,0,1,,3,30,-1,,2,2,0,2,40,0,1,, -1,7,0,3,90,27,11,1,51,51318,1,1,0,7,D30,49.298627,4.201713,8,1,1
202100055279,103Â 010,B01,2,2,1,5,1,8,-1,-1, -1,-1,2021,21.0,2,2,0,2,4,2,2,,3,63,0,,2,2,0,2,(1),(1),1,, -1,1,5,1,50,11,1,1,91,91223,1,6,0,2,CD63,48.42244,2.17949,15,3,2
202100015598,173Â 802,A01,1,1,2,1,1,-1,-1,0,0,-1,2021,23.0,2,2,3,0,2,1,1,,2,RN165 (VE),0,,1,1,0,2,33,900,3,, -1,2,3,1,70,2,10,2,29,29039,1,1,1,6,N165 - Echangeur de Coat Conq,47.925025055,-3.8969429182,19,1,1
202100019143,167Â 411,A01,1,1,2,1,2,0,-1,-1, -1,-1,2021,37.0,1,1,0,0,8,1,1,,3,HIPPODROME (ALLEE DE L'),0,,2,2,0,1,0,0,1,, -1,2,0,1,90,10,9,1,87,87050,1,1,1,6,HIPPODROME (ALLEE DE L'),45.88422,1.19392,18,1,1
202100029944,148Â 277,A01,1,1,1,0,2,6,-1,-1, -1,-1,2021,63.0,0,1,0,2,1,17,1,,4,Z I LA JAMBETTE,0,,2,2,0,1,(1),(1),1,, -1,1,0,1,50,8,7,1,972,97213,2,1,0,1,Z I LA JAMBETTE,14.61693,-61.03261,11,2,2
202100000417,200Â 961,B01,1,1,1,0,2,-1,-1,-1, -1,-1,2021,55.0,1,1,0,2,7,1,1,,4,RUE BERTEAU,0,,2,2,0,1,(1),(1),1,, -1,1,0,1,30,14,11,1,33,33281,2,1,0,2,Rue Bertheau,44.84811,-0.64135,9,2,2
202100047650,116Â 580,A01,10,3,2,5,0,-1,-1,4,3,1,2021,74.0,1,2,0,1,1,15,1,,4,RUE HAXO,0,,2,2,0,1,(1),(1),1,, -1,2,0,1,50,17,3,1,75,75120,2,2,1,6,RUE HAXO,48.876004,2.40255,17,2,1
202100016578,171Â 999,A01,2,2,2,5,1,-1,-1,0,0,-1,2021,78.0,2,2,0,2,2,19,1,,4,,0,,2,2,0,2,(1),(1),1,,4,1,0,1,50,26,9,1,31,31424,2,2,0,3,Rue du Languedoc,43.569534,1.2918,18,7,2
202100001538,199Â 053,A01,1,1,1,5,8,-1,-1,0,0,-1,2021,26.0,1,2,13,0,1,1,1,,7,15,-1,,2,2,0,1,41,500,1,, -1,1,0,3,80,25,12,1,13,13080,1,1,0,7,ROUTE DES CROTTES D15,43.659928,5.476754,16,1,1
202100006054,190Â 977,A01,10,3,2,3,0,-1,-1,2,3,1,2021,39.0,2,2,0,1,3,26,1,,3,d3,0,D,2,2,0,1,9,650,1,, -1,1,0,1,50,28,11,5,30,30211,2,6,0,6,DÃ©partementale 3,43.82575,4.495575,18,2,1
202100022847,160Â 778,A01,1,1,2,5,1,-1,-1,0,0,-1,2021,18.0,1,2,6,0,3,13,1,,3,122,0,,2,2,0,1,6,340,1,, -1,1,0,1,80,22,8,3,39,39160,1,1,0,6,,46.794845,5.407097,5,2,1
202100008628,186Â 318,B01,1,1,1,0,0,-1,-1,0,0,-1,2021,20.0,3,1,0,2,1,26,0,,3,923,0,D,2,2,0,1,6,270,1,, -1,1,0,1,50,7,11,5,41,41150,2,1,0,3,Rue Nationale,47.562454,1.456085,18,2,2
202100009208,185Â 252,A01,10,3,1,5,0,-1,-1,2,3,1,2021,23.0,2,2,0,1,3,1,2,,4,CHAMPAGNE (DE)                      (AV),0,,-1,2,1,1,(1),(1),1,, -1,1,0,1,50,5,11,1,69,69389,2,1,0,6,CHAMPAGNE (DE) (AV),45.7894315439,4.7945170105,15,2,1