Num_Acc,id_vehicule,num_veh,place,catu,sexe,trajet,secu1,secu2,secu3,locp,actp,etatp,year_acc,victim_age,senc,catv,obs,obsm,choc,manv,motor,occutc,catr,voie,v1,v2,circ,nbv,vosp,prof,pr,pr1,plan,lartpc,larrout,surf,infra,situ,vma,jour,mois,lum,dep,com,agg_,int,atm,col,adr,lat,long,hour,nb_victim,nb_vehicules
202100027757,152Â 093,A01,1,1,1,1,2,6,-1,0,0,-1,2021,43.0,2,1,0,2,5,21,1,,4,BOULEVARD PERIPHERIQUE,0,,1,4,0,1,0,900,1,, -1,1,2,1,70,20,7,1,75,75113,2,1,0,3,BOULEVARD PERIPHERIQUE,48.822313,2.380376,5,2,2
202100042394,125Â 852,A01,1,1,1,5,2,6,-1,0,0,-1,2021,15.0,1,1,0,0,8,1,1,,3,171,0,,2,2,0,4,17,100,4,, -1,8,0,1,50,26,4,1,14,14100,2,1,0,7,rue de la CavÃ©e,49.043944,-0.328077,17,2,1
202100053179,106Â 678,A01,1,1,1,3,2,8,-1,-1, -1,-1,2021,61.0,1,1,0,0,0,16,1,,4,GRANDE RUE,0,,2,2,0,1,0,0,3,, -1,1,0,1,80,28,1,1,77,77279,1,1,0,7,ROUTE DE MONTEREAU,48.38439,3.01929,13,1,1
202100055491,102Â 661,B01,1,1,2,1,1,-1,-1,-1, -1,-1,2021,25.0,2,2,0,2,4,1,1,,2,RN136,0,,3,4,0,1,11,21,1,, -1,1,0,1,90,11,1,2,35,35238,1,1,0,2,RN136,48.08292,-1.69785,17,2,2
202100030164,147Â 850,B01,1,1,1,5,8,-1,-1,-1, -1,-1,2021,14.0,1,1,0,2,0,19,0,,4,EMILE ZOLA                          (R ),0,,2,2,1,1,(1),(1),1,, -1,1,0,1,50,7,7,1,69,69275,2,2,0,3,EMILE ZOLA (R),45.7639674833,4.9559803865,16,2,2
202100030085,148Â 003,A01,1,1,1,5,0,-1,-1,0,0,-1,2021,21.0,2,1,6,0,2,0,1,,3,32,0,,2,2,0,1,29,990,2,, -1,1,0,4,50,9,7,3,45,45136,2,1,0,6,Route d Egreville,48.09009,2.980739,1,1,1
202100030631,147Â 005,A01,1,1,1,1,2,6,-1,0,0,-1,2021,43.0,2,1,0,2,7,1,1,,3,916,0,,2,2,0,1,61,213,1,,4,1,0,1,90,6,7,1,61,61096,1,3,0,3,Lieu Dit la Hubaudiere,48.544146,-0.400679,12,2,2
202100005540,191Â 898,A01,10,3,2,5,0,-1,-1,4,3,1,2021,79.0,2,2,0,1,4,4,1,,4,RUE DU BUISSON SAINT LOUIS,0,,1,1,0,1,(1),(1),1,, -1,1,0,1,30,30,11,1,75,75110,2,2,0,6,RUE DU BUISSON SAINT LOUIS,48.873622,2.375046,15,2,1
202100010574,182Â 829,A01,1,1,1,5,1,5,-1,-1, -1,-1,2021,26.0,3,2,0,2,1,1,1,,4,CHENNEVIERES (AV DE),0,,2,2,0,1,0,0,1,, -1,2,0,1,30,26,10,1,94,94068,2,2,1,3,CHENNEVIERES (AV DE),48.78955,2.51607,8,2,2
202100031548,145Â 367,A01,1,1,2,5,1,4,-1,-1,0,-1,2021,22.0,1,2,0,0,0,1,1,,3,RD 170 ,0,,1,4,0,1,14,0,3,, -1,1,0,1,90,30,6,1,95,95088,1,1,0,7,RD 170 ,48.97634868,2.4283003807,10,1,1
202100033762,141Â 422,A01,1,1,1,0,1,0,-1,-1, -1,-1,2021,57.0,2,2,0,2,2,12,1,,1,A13W,0,,3,4,0,1,37,549,1,, -1,2,0,1,130,17,6,1,78,78029,1,1,0,4,A13W,48.9683,1.86006,7,3,3
202100037035,135Â 501,B01,1,1,1,1,1,8,-1,0,0,-1,2021,71.0,1,2,0,2,8,1,1,,4,PORTE DAUPHINE,0,,1,4,0,1,15,200,1,, -1,1,1,1,70,1,6,1,75,75116,2,1,0,3,PORTE DAUPHINE,48.870483,2.272529,10,2,2
202100044821,121Â 599,B01,1,1,1,4,1,0,-1,-1, -1,-1,2021,54.0,1,2,0,2,6,15,0,,4,ECOLE MATERNELLE  (RUE DE L'ECOLE MATERN,0,,1,1,0,1,(1),(1),1,, -1,1,0,1,50,7,4,1,45,45169,2,1,0,2,Rue de lâEcole Maternelle,47.9203217722,1.8283324909,9,2,2
202100014498,175Â 796,A01,1,1,1,5,2,6,-1,0,0,-1,2021,21.0,1,1,8,2,2,17,1,,3,137,-1,D,2,2,0,1,19,716,1,, -1,1,0,1,50,9,10,1,85,85216,2,4,0,3,D137,46.479767,-1.112001,15,2,2
202100050631,111Â 188,B01,1,1,2,5,0,-1,-1,0,0,-1,2021,38.0,-1,1,0,2,0,19,5,,3,11,0,,2,2,1,1,0,750,1,, -1,1,0,1,50,21,2,1,7,7055,2,9,1,3,D11,44.854644,4.838212,16,2,2
202100027371,152Â 790,A01,10,3,2,5,0,-1,-1,4,3,1,2021,91.0,3,2,0,1,1,15,1,,4,THOREZ MAURICE (avenue),0,,2,2,0,1,0,0,1,, -1,1,0,1,50,10,2,1,13,13077,2,1,0,6,THOREZ MAURICE (avenue),43.40815,4.98107,10,2,1
202100022804,160Â 844,A01,1,1,2,4,1,8,-1,-1, -1,-1,2021,21.0,1,2,0,2,1,13,1,,3,KERPAPE (ROUTE DE),0,,2,2,0,1,4,220,3,, -1,1,0,1,70,21,8,1,56,56162,1,4,0,1,Route de Kerpape,47.71955,-3.40905,11,2,2
202100015408,174Â 162,B01,7,2,2,5,1,-1,-1,0,0,-1,2021,66.0,2,2,3,2,3,1,1,,1,49,-1,,3,2,0,1,39,500,2,, -1,2,0,1,110,3,10,3,38,38394,1,1,1,6,autoroute A 49 -PK 039.500,45.106667,5.252323,22,4,2
202100055630,102Â 413,A01,1,1,1,5,1,-1,-1,0,0,-1,2021,30.0,1,2,0,0,2,0,1,,1,,-1,,1,2,0,3,354,400,1,, -1,1,0,2,130,10,1,3,63,63446,1,1,0,7,Autoroute A71,46.062646,3.115493,22,1,1
202100021573,163Â 074,B01,1,1,1,5,2,-1,-1,0,0,-1,2021,70.0,1,1,0,2,1,15,5,,3,,-1,,-1,2,0,1,15,860,2,,4,1,5,1,80,23,5,1,73,73053,1,6,1,3,RD 925,45.551528,6.208616,11,2,2
202100055964,101Â 852,A01,10,3,2,1,0,-1,-1,9,1,1,2021,60.0,3,2,0,1,0,21,1,,4,RICHARD WALLACE (BOULEVARD),0,,2,2,0,1,0,0,1,, -1,1,0,1,50,7,1,1,92,92051,2,9,0,6,RICHARD WALLACE (BOULEVARD),48.8756955698,2.2485011816,11,2,1
202100000050,201Â 660,A01,2,2,2,5,2,4,-1,-1, -1,-1,2021,52.0,2,1,0,2,1,26,1,,3,PASTEUR(PLACE),0,,2,0,0,1,0,320,1,, -1,1,0,1,50,9,8,5,83,83050,2,6,0,3,PASTEUR(PLACE),43.53432,6.4774,21,3,2
202100031379,145Â 659,A01,1,1,1,4,2,-1,-1,0,0,-1,2021,18.0,1,1,0,2,5,15,1,,3,970,-1,,2,2,0,1,66,700,1,,4,1,5,1,90,2,7,1,21,21347,1,3,0,3,D970,46.994206,4.868563,14,2,2
202100051263,110Â 050,B01,1,1,2,1,1,8,-1,-1, -1,-1,2021,50.0,1,2,0,2,4,23,1,,3,RTE DE BOUSSY A QUINCY,0,,1,1,0,2,0,100,1,, -1,2,5,1,50,16,2,1,91,91514,2,6,1,2,RTE DE BOUSSY A QUINCY,48.68034,2.53792,17,3,2
202100010666,182Â 662,E01,2,2,1,0,1,0,-1,-1, -1,-1,2021,53.0,2,5,0,2,1,2,1,,2,RN 104,0,,1,2,0,1,36,959,2,, -1,1,0,1,70,28,10,4,91,91340,1,1,0,5,RN 104,48.61004,2.43151,6,7,5
202100005861,191Â 313,A01,10,3,2,3,0,-1,-1,3,3,1,2021,41.0,3,2,0,1,3,1,1,,4,CALVAIRE (RUE DU),0,,2,2,2,1,(1),(1),1,, -1,2,0,1,30,26,11,1,35,35288,2,3,1,6,CALVAIRE (RUE DU),48.65287,-2.0062,12,2,1
202100037114,135Â 359,A01,2,2,1,9,0,-1,-1,0,0,-1,2021,39.0,1,2,13,0,1,0,1,,2,1,-1,,2,2,0,1,210,100,1,, -1,1,0,3,110,29,5,1,988,98827,1,1,0,7,RT1 PK 210+100,-21.369736,165.189571,14,2,1
202100047025,117Â 717,A01,2,2,1,9,1,0,-1,-1, -1,-1,2021,22.0,2,2,15,0,2,1,1,,3,310,0,,2,2,0,2,0,0,4,, -1,1,0,1,30,22,3,1,91,91286,2,1,0,6,DANUBE (AVENUE),48.6543,2.39686,18,2,1
202100055900,101Â 956,B01,1,1,1,0,1,8,-1,-1, -1,-1,2021,47.0,1,2,0,2,4,2,1,,3,611,0,,3,4,0,1,30,250,1,6,14,1,0,1,110,7,1,1,79,79081,2,1,0,2,Route de Paris,46.34514,-0.3689,12,2,2
202100034364,140Â 313,A01,1,1,1,1,2,6,-1,0,0,-1,2021,18.0,3,1,0,2,1,0,1,,4,,-1,,-1,2,0,1,(1),(1),2,,4,1,0,1,50,16,6,1,1,1001,1,1,0,1,Route de la CharriÃ¨re des Bottes,46.1275040503,4.9174701422,7,2,2
202100006159,190Â 802,B01,1,1,1,0,2,-1,-1,0,0,-1,2021,27.0,2,1,0,2,1,1,1,,7,287,-1,,2,2,0,1,21,900,1,, -1,1,0,1,80,11,10,1,35,35131,1,2,0,3,lieu dit le val morel,48.130064,-1.805035,18,2,2
202100037210,135Â 169,B01,1,1,2,0,1,8,-1,-1, -1,-1,2021,63.0,1,2,0,2,4,2,1,,7,SCHIRMECK (ROUTE DE),0,,2,3,3,1,54,800,1,, -1,1,0,1,50,28,5,1,67,67482,2,1,0,2,SCHIRMECK (ROUTE DE),48.572047,7.713968,19,2,2
202100018007,169Â 444,A01,1,1,2,0,1,0,-1,-1, -1,-1,2021,20.0,3,2,12,0,7,2,1,,4,FAURE AVENUE EDGAR,0,,2,3,0,2,(1),(1),2,, -1,2,0,4,50,19,9,1,25,25056,2,1,1,6,FAURE AVENUE EDGAR,47.24299,6.0172,17,1,1
202100008909,185Â 811,A01,1,1,1,1,1,0,-1,-1, -1,-1,2021,46.0,1,2,0,2,4,2,1,,1,A50-Sens Marseille vers Aubagne,0,,3,2,0,1,14,500,1,, -1,1,0,1,90,8,11,1,13,13005,1,1,0,2,A50-Sens Marseille vers Aubagne,43.288722,5.559893,9,3,3
202100043448,123Â 997,A01,1,1,2,1,1,5,-1,0,0,-1,2021,35.0,1,2,0,2,1,26,1,,4,MONTEZE (ROUTE DE),0,,2,2,0,1,0,0,1,, -1,1,0,1,50,19,4,1,30,30243,2,1,0,1,MONTEZE (ROUTE DE),44.07046,4.09703,19,2,2
202100002625,197Â 088,A01,1,1,1,0,8,0,-1,-1, -1,-1,2021,22.0,3,2,1,0,1,1,1,,4,GELU  ( AVENUE VICTOR ),0,,2,0,0,2,0,0,1,, -1,2,0,4,50,16,12,5,13,13117,2,1,0,1,GELU  ( AVENUE VICTOR ),43.44534,5.2466,1,2,1
202100011540,181Â 090,A01,2,2,2,5,1,0,-1,0,0,-1,2021,19.0,1,2,15,0,1,1,1,,2,T21,0,,1,1,0,1,(1),(1),2,, -1,1,0,3,50,22,10,5,201,201004,2,1,0,7,T21,41.93316,8.75459,23,2,1
202100001031,199Â 924,A01,10,3,1,3,0,-1,-1,3,3,1,2021,24.0,3,2,0,1,2,9,1,,4,KERMENGUY,0,,-1,2,0,1,(1),(1),1,, -1,2,0,1,50,7,12,5,29,29019,2,1,1,6,Rue de Kermenguy,48.404331,-4.500063,18,2,1
202100017589,170Â 183,A01,1,1,1,1,2,0,-1,-1, -1,-1,2021,28.0,2,1,0,0,8,3,1,,1,AUTOROUTE A6A,0,,-1,6,0,1,2,500,2,, -1,1,0,1,90,22,9,1,94,94076,1,1,0,7,AUTOROUTE A6A,48.79467,2.34503,9,1,1
202100001142,199Â 731,A01,1,1,1,1,2,0,-1,-1, -1,-1,2021,27.0,1,1,0,0,1,1,1,,1,AUTOROUTE A3,0,,3,6,0,1,8,0,1,, -1,1,0,1,90,28,12,1,93,93010,1,1,0,7,AUTOROUTE A3,48.9062533918,2.4721405579,10,1,1
202100011832,180Â 573,A01,2,2,2,5,2,0,-1,-1, -1,-1,2021,15.0,3,1,0,9,1,1,1,,4,SAINT PIERRE CHEMIN DE,0,,2,1,0,2,1,0,1,, -1,1,0,1,50,20,10,2,13,13047,2,1,0,2,SAINT PIERRE CHEMIN DE,43.49275,4.99984,18,3,2
202100010090,183Â 668,A01,1,1,1,5,2,-1,-1,0,0,-1,2021,38.0,3,1,0,0,0,0,1,,4,,-1,,2,1,0,1,(1),(1),3,,5,1,0,3,80,1,11,1,27,27572,1,9,0,7,Les Chouquets,49.2171695883,0.8657666548,12,2,1
202100041356,127Â 687,B01,1,1,1,0,1,-1,-1,0,0,-1,2021,73.0,2,2,0,2,1,1,1,,3,210,0,,2,2,0,1,19,950,1,, -1,2,0,1,80,6,5,1,63,63362,1,2,1,5,"D210, PK 19+150, carrefour avec la D17",45.925782,3.245795,8,4,3
202100049531,113Â 222,A01,1,1,1,1,8,0,-1,0,0,-1,2021,62.0,2,1,0,1,3,1,5,,4,BOULEVARD VOLTAIRE,0,,2,2,1,1,(1),(1),1,, -1,1,-1,5,30,2,3,1,75,75111,2,4,0,6,BOULEVARD VOLTAIRE,48.860984,2.374798,10,2,1
202100001664,198Â 830,A01,10,3,2,3,0,-1,-1,3,3,2,2021,50.0,3,2,0,1,2,1,1,,6,,-1,,-1,-1,0,1,(1),(1),1,,4,1,5,1,30,24,12,5,29,29233,2,1,0,6,Parking supermarche,47.8702415887,-3.5672789812,17,2,1
202100027178,153Â 133,A01,1,1,1,5,2,6,-1,-1,0,-1,2021,33.0,2,1,0,2,7,1,1,,1,AUTOROUTE A15,0,,3,10,0,1,9,800,1,, -1,1,0,1,110,25,7,1,95,95582,1,1,0,7, A15,48.97416,2.2449,11,1,1
202100031293,145Â 801,B01,1,1,1,1,2,0,-1,0,0,-1,2021,39.0,2,1,0,2,1,1,3,,4,AVENUE DE FLANDRE,0,,3,3,1,1,(1),(1),1,, -1,1,0,5,50,2,7,1,75,75119,2,3,0,3,AVENUE DE FLANDRE,48.891237,2.377388,17,2,2
202100025223,156Â 578,B01,2,2,2,5,2,6,-1,0,0,-1,2021,36.0,3,1,0,2,1,1,1,,4,1,0,C,2,2,0,1,(1),(1),1,, -1,1,0,1,80,6,8,1,35,35221,1,3,0,3,La Faroulais,47.876181,-1.742932,12,4,2
202100045567,120Â 281,B01,1,1,1,1,2,-1,-1,-1, -1,-1,2021,18.0,1,1,0,2,1,1,1,,7,GEORGES LEVY (Q),0,,2,3,1,1,19,700,3,, -1,1,0,1,50,31,3,5,69,69091,2,3,0,3,GEORGES LEVY (Q),45.58303,4.77701,6,2,2
202100026465,154Â 396,A01,2,2,1,5,1,8,-1,0,0,-1,2021,21.0,1,2,0,2,1,13,1,,7,GANGES (ROUTE DE,0,,3,2,0,1,41,281,1,, -1,2,0,1,50,28,7,2,34,34172,1,1,1,1,GANGES (ROUTE DE,43.64333,3.84478,6,3,2
202100048065,115Â 829,A01,1,1,1,4,2,-1,-1,0,0,-1,2021,58.0,2,6,0,0,0,1,1,,3,926,-1,,2,2,0,2,45,100,1,, -1,1,0,3,90,14,3,1,61,61110,1,1,0,7,D926,48.714808,0.18693899,18,1,1
202100018300,168Â 912,A01,1,1,2,0,1,-1,-1,-1, -1,-1,2021,33.0,0,2,0,2,5,19,1,,4,EMILE ZOLA                          (R ),0,,3,2,0,1,(1),(1),1,, -1,1,0,1,30,7,9,1,69,69199,2,2,0,3,EMILE ZOLA (R),45.7107768267,4.8625552654,10,2,2
202100029236,149Â 502,B01,1,1,1,5,1,-1,-1,0,0,-1,2021,19.0,1,2,0,2,1,1,1,,3,504,-1,,2,2,2,1,52,400,1,, -1,1,0,1,70,14,7,5,69,69074,1,2,0,3,RIVOLET (DE) (RTE),45.996373,4.663213,3,3,2
202100054333,104Â 643,B01,5,2,1,0,1,-1,-1,-1, -1,-1,2021,66.0,1,2,0,2,3,15,1,,4,FOURNEY (RUE DU),0,,2,2,0,1,(1),(1),1,, -1,1,0,1,50,18,1,1,39,39150,2,3,0,3,,47.06703,5.4555,16,4,2
202100026079,155Â 071,A01,1,1,1,5,2,6,-1,0,0,-1,2021,55.0,1,1,0,0,0,21,1,,4,5,0,,2,2,0,4,(1),(1),4,, -1,1,0,1,80,1,8,1,4,4069,1,1,0,7,Rte de Soleihas,43.879776,6.555898,16,1,1
202100045987,119Â 556,A01,1,1,2,1,8,0,-1,0,0,-1,2021,32.0,1,1,0,0,0,1,3,,4,RUE MOLIERE,0,,-1,1,0,1,(1),(1),1,, -1,1,0,1,50,30,3,1,75,75101,2,1,0,7,RUE MOLIERE,48.865021,2.335874,8,1,1
202100016325,172Â 459,A01,1,1,1,0,2,6,-1,0,0,-1,2021,26.0,2,1,0,2,1,17,1,,3,919,-1,,2,2,0,1,74,100,1,, -1,1,0,1,80,25,8,1,67,67458,1,1,0,3,D919,48.814653,7.766631,11,2,2
202100026177,154Â 906,A01,1,1,2,0,1,-1,-1,0,0,-1,2021,55.0,1,2,0,2,7,19,1,,3,39,-1,,3,4,0,1,6,950,2,, -1,1,0,1,90,31,7,1,68,68300,1,9,0,3,Route de ChalampÃ©,47.784968,7.430186,17,4,2
202100033020,142Â 720,A01,1,1,1,1,2,0,-1,-1, -1,-1,2021,36.0,1,1,0,2,1,16,1,,4,NEXON (RUE DE),0,,2,2,0,1,0,0,3,, -1,1,0,1,50,18,6,1,87,87085,2,1,0,4,NEXON (RUE DE),45.81465,1.2535,13,3,3
202100041689,127Â 089,B01,1,1,1,5,2,6,-1,0,0,-1,2021,25.0,2,1,0,2,1,17,1,,4,AVENUE DE LA REPUBLIQUE,0,,2,2,0,1,(1),(1),1,, -1,2,0,1,30,2,5,1,75,75111,2,4,1,3,AVENUE DE LA REPUBLIQUE,48.866503,2.368004,17,2,2
202100029111,149Â 713,A01,1,1,1,9,2,6,-1,0,0,-1,2021,22.0,1,1,4,0,8,17,1,,3,RD 2009,0,,2,2,0,1,26,0,1,, -1,1,0,1,110,10,7,1,63,63224,1,1,0,6,RD 2009,45.86177,3.11854,8,1,1
202100007184,188Â 912,A01,10,3,2,5,0,-1,-1,4,3,1,2021,49.0,3,2,0,1,1,1,1,,4,LENINGRAD (BD DE),0,,2,5,0,1,0,0,1,, -1,1,0,1,50,18,11,1,76,76351,2,2,0,6,LENINGRAD (BD DE),49.494261,0.138414,10,2,1
202100002212,197Â 840,A01,2,2,2,0,1,8,-1,-1, -1,-1,2021,48.0,1,2,0,2,3,1,1,,1,A55-Sens Marseille vers Martigues,0,,1,2,0,1,24,106,1,, -1,1,0,1,110,19,12,3,13,13026,1,1,0,2,A55-Sens Marseille vers Martigues,43.38111,5.15908,5,4,2
202100048454,115Â 149,Z01,10,3,2,5,8,8,-1,2,3,1,2021,51.0,0,0,0,1,0,26,0,,4,"""PERI GABRIEL, NR 2  A 114 ET 1 A 133""",0,,1,1,0,1,0,0,1,, -1,1,0,1,50,9,3,1,93,93066,2,1,0,6,"""PERI GABRIEL, NR 2  A 114 ET 1 A 133""",48.9371617424,2.3561525829,12,2,1
202100002298,197Â 681,A01,1,1,1,5,8,-1,-1,0,0,-1,2021,72.0,1,2,16,0,1,1,1,,3,118,0,D,2,2,0,2,14,800,1,, -1,1,0,3,-1,19,12,1,11,11115,1,1,0,7,D118,43.355188,2.273719,14,1,1
202100034132,140Â 755,A01,1,1,2,5,1,8,-1,-1, -1,-1,2021,51.0,1,1,1,2,5,17,1,,3,9,0,,2,2,0,1,0,0,1,, -1,1,0,1,50,15,6,1,92,92036,2,2,0,5,GRESILLONS (AVENUE DES) (103/139),48.916365,2.304926,17,4,3
202100046719,118Â 261,B01,1,1,2,1,1,0,-1,-1, -1,-1,2021,25.0,2,2,0,2,4,1,1,,1,A4,0,,1,3,0,1,10,500,1,, -1,1,0,1,110,24,3,1,94,94017,1,1,0,2,A4,48.8267111767,2.5225882774,7,2,2
202100011894,180Â 465,A01,1,1,1,5,2,6,-1,0,0,-1,2021,59.0,2,1,0,0,1,2,1,,3,187,0,D,2,2,0,1,16,300,1,,4,2,0,1,50,19,10,1,62,62770,2,3,1,2,rue de guarbecque,50.620935,2.518755,9,2,2
202100034492,140Â 074,A01,1,1,1,9,2,-1,-1,0,0,-1,2021,45.0,1,1,8,0,1,1,0,,9,,-1,,1,2,0,1,(1),(1),1,,4,1,0,1,-1,14,6,5,6,6032,1,1,0,6,5 Avenue Raymond Gramaglia,43.720485,7.391593,22,1,1
202100046834,118Â 065,B01,1,1,2,9,0,-1,-1,0,0,-1,2021,18.0,1,1,0,0,3,1,5,,3,960,0,D,2,2,0,1,24,750,1,, -1,1,0,1,80,24,3,1,2,2361,1,1,0,3,D960,49.906137,3.599042,18,2,2
202100036688,136Â 136,B01,1,1,1,5,2,-1,-1,0,0,-1,2021,74.0,2,1,0,2,1,1,5,,3,724,0,,2,2,0,3,46,700,1,,"5,5",1,0,1,80,31,5,1,56,56204,2,2,0,3,D11,47.919053,-2.72064,14,2,2
202100027374,152Â 784,C01,1,1,1,0,1,0,-1,-1, -1,-1,2021,36.0,0,2,0,2,4,16,1,,7,MICHELET (BOULEVARD),0,,2,6,3,2,0,0,1,, -1,1,0,1,50,22,7,1,13,13208,2,1,0,5,MICHELET (BOULEVARD),43.25942,5.39895,19,6,3
202100055940,101Â 892,A01,1,1,1,1,2,6,-1,0,0,-1,2021,32.0,2,1,0,0,0,21,1,,4,RUE BASTE,0,,1,1,0,1,(1),(1),1,, -1,2,8,1,30,7,1,1,75,75119,2,1,1,7,RUE BASTE,48.88122,2.374142,13,1,1
202100049290,113Â 656,A01,4,2,2,5,8,0,-1,-1, -1,-1,2021,33.0,2,2,0,2,1,2,1,,3,MAXIME GORKI (BOULEVARD) DES NÂ°1 AU 87,0,,3,5,3,1,0,1,1,, -1,2,0,1,50,4,3,5,93,93072,2,1,1,2,MAXIME GORKI (BOULEVARD) DES NÂ°1 AU 87,48.9481400368,2.3862178413,21,4,2
202100051456,109Â 721,A01,1,1,1,5,2,6,-1,-1, -1,-1,2021,50.0,2,1,0,0,7,23,1,,4,ANATOLE FRANCE (AV),0,,2,2,2,1,0,1,1,, -1,1,0,1,30,15,2,1,94,94022,2,1,0,7,ANATOLE FRANCE (AV),48.76327,2.41066,13,1,1
202100007217,188Â 856,A01,10,3,2,0,0,-1,-1,5,9,1,2021,55.0,3,2,0,1,4,26,1,,7,REPUBLIQUE AV DE LA (NÂ°930-1002),0,,-1,0,0,1,(1),(1),1,, -1,1,9,8,10,19,10,1,59,59378,2,1,0,6,REPUBLIQUE AV DE LA (NÂ°930-1002),50.6643764032,3.1016678403,17,2,1
202100036578,136Â 332,B01,2,2,1,0,2,8,-1,-1, -1,-1,2021,8.0,1,1,0,2,8,1,1,,3,MONTABO (ROUTE DE) 1,0,,2,2,0,1,2,500,1,, -1,1,0,1,50,3,6,1,973,97302,2,1,0,3,MONTABO (ROUTE DE) 1,4.93956,-52.30109,17,4,2
202100017869,169Â 679,B01,1,1,1,0,1,0,-1,0,0,-1,2021,34.0,3,2,0,2,8,14,1,,4,CANNES (ROUTE DE)  -RD 6085-,0,,2,2,0,4,(1),(1),1,, -1,1,0,8,50,19,9,1,6,6069,2,1,0,1,CANNES (ROUTE DE)  -RD 6085-,43.634675,6.94949,13,2,2
202100014717,175Â 408,A01,1,1,2,0,1,-1,-1,0,0,-1,2021,22.0,1,2,3,2,8,19,1,,3,919,0,D,2,2,0,1,16,644,1,, -1,1,0,1,70,7,10,2,76,76420,2,2,0,3,rte de rouen,49.604353327,1.4862053096,19,2,2
202100001012,199Â 956,A01,2,2,2,0,1,8,-1,-1, -1,-1,2021,70.0,3,2,0,2,7,1,1,,4,ROUX-FEDRY (RUE),0,,2,2,0,2,(1),(1),1,, -1,2,1,1,50,28,12,5,45,45208,2,2,0,3,Avenue de Verdun,47.99826,2.74634,18,4,2
202100000654,200Â 543,B01,1,1,2,5,1,0,-1,-1, -1,-1,2021,21.0,1,2,0,2,1,1,1,,3,ILLANGE (ROUTE D'),0,,2,2,0,1,26,950,1,, -1,2,2,1,50,28,12,3,57,57757,2,1,1,5,ILLANGE (ROUTE D'),49.345,6.177,18,3,3
202100046469,118Â 723,A01,2,2,2,5,8,-1,-1,0,0,-1,2021,17.0,1,2,2,0,0,0,1,,3,134,-1,,2,2,0,1,7,950,3,, -1,1,0,3,80,28,3,3,38,38556,1,1,0,6,Route de la Chapelle,45.382812993,4.8453998566,4,2,1
202100002700,196Â 945,B01,2,2,1,5,1,-1,-1,0,0,-1,2021,63.0,1,2,0,2,1,1,1,,2,5,0,,2,2,0,2,35,300,3,, -1,1,0,1,50,18,12,1,974,97424,2,1,0,1,Route Nationale 5,-21.142885,55.466441,16,8,2
202100005834,191Â 367,B01,2,2,2,5,1,-1,-1,0,0,-1,2021,66.0,3,2,0,2,3,1,1,,3,788,0,,2,2,0,2,(1),(1),2,, -1,2,0,1,70,28,11,1,22,22343,2,1,1,1,"RD 788, Lieu dit Goas Treiz",48.778224,-3.579204,14,3,2
202100030072,148Â 032,A01,1,1,1,5,1,-1,-1,0,0,-1,2021,19.0,2,2,7,0,9,1,0,,3,,-1,,2,2,0,2,11,700,2,, -1,1,0,3,50,7,7,3,49,49345,2,1,0,6,D24,47.278341,-0.483162,3,5,1
202100013514,177Â 572,B01,1,1,1,0,1,0,-1,0,0,-1,2021,24.0,3,2,0,2,2,20,1,,7,MAERTE (RUE ROGER),0,,2,2,0,1,(1),(1),1,, -1,1,0,1,50,12,10,5,63,63014,2,1,0,3,MAERTE (RUE ROGER),45.75857,3.12135,22,2,2
202100019630,166Â 551,A01,1,1,1,4,2,8,-1,-1, -1,-1,2021,11.0,1,1,0,0,7,1,3,,3,CHARLES DE GAULLE (RUE),0,,2,2,0,1,0,0,1,, -1,2,0,1,50,10,9,1,91,91223,1,1,1,7,CHARLES DE GAULLE (RUE),48.42901,2.15901,13,1,1
202100002729,196Â 893,A01,1,1,1,1,1,8,-1,-1, -1,-1,2021,68.0,1,2,0,2,2,19,1,,4,RUE DE SEBASTOPOL,0,,1,1,0,1,0,0,1,, -1,1,0,1,50,15,12,1,988,98818,2,3,0,3,RUE DE SEBASTOPOL,-22.27238,166.44357,6,2,2
202100041747,126Â 987,B01,1,1,1,0,8,0,-1,-1, -1,-1,2021,31.0,2,1,0,2,8,14,1,,2,104,0,,3,3,0,1,44,299,1,, -1,1,0,1,110,2,5,1,91,91235,1,1,0,3,RN 104,48.62583,2.35649,16,2,2
202100039247,131Â 457,A01,10,3,1,0,8,8,-1,0,5,2,2021,8.0,1,2,0,1,1,1,1,,4,mamoudzou centre-Haladi Selemani ( rue ),0,,1,0,0,1,0,0,1,, -1,1,0,1,50,19,5,1,976,97611,2,1,0,6,mamoudzou centre-Haladi Selemani ( rue ),-12.78169,45.2315,13,2,1
202100021268,163Â 640,A01,1,1,2,1,1,8,-1,0, -1,-1,2021,20.0,2,2,0,2,1,2,1,,2,RN 165,0,,3,4,0,1,53,200,1,, -1,1,0,1,110,1,9,1,29,29232,1,1,0,2,N165 - Bretelle Gourvilly,48.02275,-4.08397,8,2,2
202100026288,154Â 704,A01,1,1,2,5,1,0,-1,-1, -1,-1,2021,84.0,2,2,0,2,3,9,1,,4,ETATS-UNIS (BOULEVARD DES),0,,2,2,0,1,(1),(1),1,, -1,1,0,1,50,30,7,1,60,60159,2,3,0,3,Boulevard des Ãtats-Unis,49.40766,2.82503,14,4,2
202100045490,120Â 424,A01,1,1,1,5,2,-1,-1,0,0,-1,2021,69.0,1,1,0,2,8,1,1,,3,60,-1,,2,2,0,1,23,600,4,, -1,1,0,1,80,3,4,1,24,24317,1,1,0,4,D60,45.008074,1.347885,14,3,3