Num_Acc,id_vehicule,num_veh,place,catu,sexe,trajet,secu1,secu2,secu3,locp,actp,etatp,year_acc,victim_age,senc,catv,obs,obsm,choc,manv,motor,occutc,catr,voie,v1,v2,circ,nbv,vosp,prof,pr,pr1,plan,lartpc,larrout,surf,infra,situ,vma,jour,mois,lum,dep,com,agg_,int,atm,col,adr,lat,long,hour,nb_victim,nb_vehicules
202100018785,168Â 064,A01,10,3,2,0,0,-1,-1,2,3,1,2021,52.0,0,3,0,1,1,9,1,1.0,9,ALBERT EINSTEIN (RUE),0,,2,0,3,1,0,0,1,, -1,1,0,6,50,13,9,1,13,13213,2,1,0,6,ALBERT EINSTEIN (RUE),43.3390574767,5.4382771097,18,2,1
202100055647,102Â 386,B01,1,1,2,1,1,0,-1,-1, -1,-1,2021,28.0,2,2,0,2,4,1,1,,1,Autoroute A31,0,,3,6,0,1,304,100,2,, -1,1,0,1,90,5,1,3,57,57463,2,1,0,5,Autoroute A31,49.12648,6.16097,17,3,3
202100039487,131Â 026,A01,1,1,1,0,2,8,-1,-1, -1,-1,2021,38.0,0,1,0,2,1,3,1,,9,LANDY (RUE DU) 34/29 =>,0,,2,2,0,1,0,0,1,, -1,1,9,1,30,18,5,1,93,93001,2,9,0,3,LANDY (RUE DU) 34/29 =>,48.91546,2.36808,19,2,2
202100025372,156Â 307,A01,2,2,2,5,1,-1,-1,0,0,-1,2021,16.0,2,2,2,0,8,1,1,,3,24,0,D,2,2,0,1,16,600,1,, -1,2,0,3,-1,7,8,1,43,43212,1,1,1,6,Bouffelaure,45.34047,3.990961,11,2,1
202100035772,137Â 768,Y01,1,1,1,5,8,0,-1,0,0,-1,2021,43.0,2,1,0,2,1,19,0,,3,MARTYRS DE LA DEPORTATION (RUE),0,,2,2,0,1,0,1,1,, -1,1,0,1,50,7,6,1,93,93050,2,1,0,3,Rue Martyrs de la Deportation,48.8564,2.52631,16,2,2
202100021628,162Â 966,B01,1,1,1,1,1,0,-1,-1, -1,-1,2021,43.0,1,2,3,2,4,2,1,,2,RN12,0,,3,4,0,1,58,299,1,, -1,1,0,1,90,30,8,1,22,22187,1,1,0,4,RN12,48.52823,-2.75402,18,4,4
202100035919,137Â 482,A01,2,2,1,1,1,-1,-1,-1,0,-1,2021,57.0,1,2,0,2,3,1,1,,3,TY BOS AVENUE DE,0,,2,2,0,1,50,600,1,, -1,1,5,1,70,7,6,1,29,29232,1,3,0,3,D783 - Avenue de Ty Bos,47.9668339289,-4.0615081785,16,4,2
202100000390,201Â 008,B01,1,1,1,5,2,0,-1,-1, -1,-1,2021,45.0,3,1,0,2,1,1,1,,4,MONTFAVET (Route),0,,2,4,1,1,0,9,1,, -1,1,0,1,50,10,10,1,84,84007,2,1,0,3,MONTFAVET (Route),43.9407,4.82725,10,2,2
202100001843,198Â 506,B01,10,3,1,5,0,-1,-1,3,3,2,2021,3.0,2,2,0,2,1,26,1,,4,Rue du 31Ã©me BCP,0,,2,2,0,1,(1),(1),1,, -1,1,0,1,50,21,12,1,88,88413,2,9,1,1,Rue du 31Ã©me BCP,48.28618,6.95649,10,4,2
202100034780,139Â 543,A01,10,3,1,9,0,-1,-1,4,3,2,2021,7.0,1,1,0,1,1,5,1,,4,RUE BLOMET,0,,1,1,0,1,(1),(1),1,, -1,1,0,1,30,12,6,1,75,75115,2,7,0,6,RUE BLOMET,48.841663,2.302833,13,2,1
202100015041,174Â 825,A01,3,2,1,9,1,3,-1,-1, -1,-1,2021,2.0,3,2,0,2,1,1,1,,4,JAURES (AVENUE JEAN ) DU NÂ° 61 A FIN,0,,4,4,0,1,(1),(1),1,, -1,2,5,1,50,3,10,1,51,51454,2,2,1,3,Avenue Jean JaurÃ¨s,49.26354,4.05605,13,4,2
202100037898,133Â 921,A01,1,1,1,5,0,-1,-1,0,0,-1,2021,55.0,1,2,8,0,3,0,1,,3,35,0,,2,2,0,1,16,932,3,, -1,1,4,6,30,27,5,2,34,34144,1,8,0,7,D35,43.703174,3.178318,21,1,1
202100013244,178Â 068,A01,10,3,1,0,0,-1,-1,9,3,1,2021,4.0,1,2,1,0,2,1,1,,4,AVESNES (RUE D'),0,,1,1,0,1,(1),(1),1,, -1,1,0,1,50,14,10,1,59,59599,2,1,0,6,AVESNES (RUE D'),50.7279563812,3.1688700973,17,2,1
202100053410,106Â 252,B01,1,1,1,0,1,0,-1,-1, -1,-1,2021,27.0,2,2,0,2,6,2,1,,3,188,0,,2,2,0,1,6,0,1,, -1,2,0,1,90,28,1,3,91,91661,1,1,0,2,RD 188 CHEVREUSE,48.696513,2.226893,20,2,2
202100004077,194Â 456,A01,1,1,2,3,1,0,-1,-1, -1,-1,2021,20.0,1,2,4,0,2,1,1,,3,RENNES (RUE DE),0,,2,2,0,1,1,0,1,, -1,1,0,1,30,8,12,1,22,22106,2,1,0,6,RENNES (RUE DE),48.49417,-2.71286,10,1,1
202100042279,126Â 053,B01,2,2,1,9,1,0,-1,-1, -1,-1,2021,65.0,1,2,0,2,4,1,1,,4,ESPAGNE (ROUTE D'),0,,3,2,0,1,(1),(1),1,, -1,1,0,1,50,20,2,1,66,66136,2,1,0,2,ESPAGNE (ROUTE D'),42.67949,2.89245,15,3,2
202100008764,186Â 071,B01,2,2,1,0,2,0,-1,-1, -1,-1,2021,39.0,2,1,0,2,1,19,1,,3,BAC (AV DU),0,,2,2,0,1,112,0,1,, -1,1,6,1,30,8,11,1,94,94068,2,3,0,3,Avenue du Bac,48.79184,2.51866,11,3,2
202100042321,125Â 975,B01,1,1,2,5,2,6,-1,-1, -1,-1,2021,18.0,3,1,0,2,1,1,1,,3,ENCORE (BOULEVAR D'),0,,2,2,0,1,0,961,1,, -1,2,0,1,50,27,4,1,31,31483,2,6,1,3,ENCORE (BOULEVAR D'),43.1157,0.73755,16,2,2
202100019237,167Â 244,B01,2,2,2,5,1,0,-1,-1, -1,-1,2021,58.0,1,2,0,2,1,2,2,,3,GENERAL LECLERC (AVENUE DU) 35/FIN - 60/,0,,3,6,0,1,0,0,1,, -1,1,0,1,50,13,9,1,92,92012,2,1,0,4,GENERAL LECLERC (AVENUE DU) 35/FIN - 60/,48.8317319451,2.2372063994,18,5,4
202100015260,174Â 434,A01,1,1,1,5,1,5,-1,0,0,-1,2021,37.0,1,2,0,2,2,1,1,,3,467,-1,,2,2,0,1,1,457,1,, -1,2,0,1,80,2,10,1,76,76611,1,2,1,3,D467,49.650612,0.877469,17,4,2
202100016383,172Â 349,B01,1,1,1,1,2,8,-1,-1, -1,-1,2021,52.0,1,1,0,2,4,23,1,,3,20,0,,2,2,0,1,0,0,1,, -1,1,0,1,50,27,9,1,92,92036,2,3,0,3,NOELS (RUE DES),48.9255352111,2.3171684146,8,2,2
202100021857,162Â 564,A01,1,1,1,1,2,6,-1,0,0,-1,2021,23.0,1,1,9,0,9,2,1,,3,d12,0,D,2,2,0,1,35,134,3,, -1,1,5,1,50,31,8,1,31,31345,2,6,0,6,Route des PyrÃ©nÃ©es,43.370363,1.418347,8,1,1
202100009451,184Â 808,A01,10,3,2,0,0,-1,-1,3,3,1,2021,60.0,1,2,0,1,1,1,1,,7,DIX NEUF MARS 1962 (AVENUE DU),0,,2,2,0,2,(1),(1),1,, -1,1,6,1,50,4,11,1,13,13005,2,1,0,6,DIX NEUF MARS 1962 (AVENUE DU),43.2879323812,5.5721860209,9,2,1
202100037403,134Â 806,B01,1,1,2,5,1,8,-1,-1, -1,-1,2021,25.0,2,2,0,2,3,26,1,,3,CD 29,0,,2,2,0,2,(1),(1),3,, -1,1,0,1,50,29,5,3,974,97416,1,1,0,1,CD 29,-21.3356854466,55.5192160606,21,2,2
202100015056,174Â 794,A01,1,1,1,1,8,4,-1,-1, -1,-1,2021,28.0,3,1,0,0,2,1,5,,4,PAILHOU (PLACE GASTON),0,,2,2,1,1,(1),(1),1,, -1,2,6,1,30,5,10,2,37,37261,2,1,1,7,PAILHOU (PLACE GASTON),47.3909392634,0.6817755016,7,1,1
202100003985,194Â 628,B01,2,2,2,5,1,0,-1,-1, -1,-1,2021,19.0,2,2,0,2,7,15,1,,2,SAINT MARTIAL (QUAI),0,,3,5,0,1,18,100,1,, -1,2,5,1,50,7,12,5,87,87085,2,2,1,5,DUMAS (AVENUE GEORGES),45.82603,1.26801,21,4,3
202100034785,139Â 534,A01,1,1,1,5,2,6,-1,0,0,-1,2021,30.0,1,1,0,2,4,2,1,,4,AVENUE LEDRU ROLLIN,0,,2,2,0,1,(1),(1),1,, -1,1,0,1,50,12,6,1,75,75112,2,2,0,2,AVENUE LEDRU ROLLIN,48.850885,2.375669,6,2,2
202100045453,120Â 489,A01,1,1,1,0,2,0,-1,-1, -1,-1,2021,24.0,2,1,0,2,9,17,1,,3,JEAN JAURES (AVE) 55 A 129,0,,2,4,1,1,0,1,1,, -1,1,0,1,50,2,4,1,93,93001,2,1,0,5,JEAN JAURES (AVE) 55 A 129,48.9066117165,2.395259589,12,3,3
202100052287,108Â 248,A01,10,3,1,5,0,-1,-1,5,2,2,2021,18.0,2,2,12,1,1,14,0,,4,DES ASSISES(CHEMIN),0,,2,2,0,2,0,0,1,, -1,1,0,4,30,7,2,5,974,97416,2,1,0,1,DES ASSISES(CHEMIN),-21.2788,55.4667,1,2,1
202100047125,117Â 533,B01,1,1,1,9,0,-1,-1,-1, -1,-1,2021,40.0,1,1,0,2,0,0,0,,4,SAINT-HELIER,0,,2,2,1,1,(1),(1),1,, -1,1,0,1,50,21,3,1,35,35238,2,1,0,3,SAINT-HELIER,48.105985,-1.666524,18,2,2
202100051568,109Â 520,A01,1,1,2,4,1,-1,-1,-1, -1,-1,2021,38.0,2,2,6,0,2,1,1,,4,BOUTARY (DE)                        (CH),0,,2,2,0,2,(1),(1),1,, -1,5,0,1,50,12,2,5,69,69034,2,3,1,6,BOUTARY (DE) (CHM),45.79247,4.85728,18,1,1
202100037665,134Â 332,A01,1,1,1,9,0,-1,-1,0,0,-1,2021,68.0,1,5,2,0,1,14,1,,3,627,-1,,2,2,0,1,50,650,1,, -1,1,0,3,80,30,5,1,31,31375,1,1,0,6,D627 - Lieu dit laborie,43.223613,1.212595,13,1,1
202100045632,120Â 170,A01,1,1,1,5,2,8,-1,0,0,-1,2021,24.0,1,1,0,2,7,15,1,,4,AVENUE DAUMESNIL,0,,1,2,0,1,(1),(1),1,, -1,1,0,1,50,1,4,1,75,75112,2,2,0,3,AVENUE DAUMESNIL,48.835355,2.406608,9,2,2
202100036370,136Â 691,B01,1,1,1,4,2,0,-1,-1, -1,-1,2021,31.0,2,1,0,2,1,2,0,,4,FREDERIC MISTRAL                    (R ),0,,2,2,2,1,(1),(1),1,, -1,1,0,4,50,4,6,1,69,69383,2,1,0,3,FREDERIC MISTRAL (R),45.75726,4.87638,19,2,2
202100029477,149Â 098,A01,1,1,2,5,1,-1,-1,0,0,-1,2021,37.0,1,2,2,0,1,1,1,,3,44,-1,,2,1,0,1,26,200,1,, -1,1,0,3,80,11,7,3,71,71001,1,1,0,6,Route de Tournus,46.5773519002,4.9571943279,21,1,1
202100013806,177Â 018,A01,10,3,1,0,0,-1,-1,2,3,2,2021,41.0,1,2,0,1,1,1,0,,4,CAMIETA (ALLEE DE),0,,2,2,0,1,0,0,1,, -1,1,0,1,30,11,10,1,64,64545,1,1,0,6,CAMIETA (ALLEE DE),43.3763670165,-1.6693227802,18,2,1
202100013601,177Â 408,B01,2,2,1,0,1,-1,-1,-1, -1,-1,2021,27.0,3,2,0,2,4,1,1,,9,WEYGAND (AVE GENERAL),0,,1,4,3,1,0,0,1,, -1,1,0,1,50,12,10,5,83,83137,2,1,0,2,WEYGAND (AVE GENERAL),43.12042,5.94984,19,3,2
202100009612,184Â 523,B01,1,1,1,9,2,6,-1,0,0,-1,2021,16.0,3,1,0,2,1,1,1,,4,AVENUE DAUMESNIL,0,,2,2,0,1,(1),(1),1,, -1,1,0,1,50,2,11,2,75,75112,2,5,0,3,AVENUE DAUMESNIL,48.834203,2.410758,7,2,2
202100054760,103Â 915,A01,1,1,1,5,2,6,-1,-1, -1,-1,2021,22.0,2,1,0,0,0,26,1,,3,HUIT MAI 1S33 (AVENUE DU),0,,3,4,0,2,4,0,1,, -1,1,0,1,80,16,1,1,64,64024,2,1,0,7,avenue du 8 mai 1945,43.45567,-1.49486,13,1,1
202100028942,149Â 995,A01,1,1,1,0,1,0,-1,-1, -1,-1,2021,32.0,1,2,3,0,9,0,1,,1,A7-Sens Lyon vers Marseille,0,,1,1,0,1,273,399,1,, -1,1,0,1,90,14,7,1,13,13215,1,1,0,7,A7-Sens Lyon vers Marseille,43.3653267019,5.3607288234,6,1,1
202100046850,118Â 035,B01,1,1,1,3,0,-1,-1,0,0,-1,2021,15.0,3,1,0,2,2,15,5,,4,,-1,,2,2,0,1,(1),(1),2,, -1,1,9,1,30,24,3,1,33,33449,2,6,0,3,Rue Maurice Lestage,44.881171,-0.697196,15,2,2
202100018973,167Â 721,B01,1,1,1,5,2,0,-1,-1, -1,-1,2021,53.0,3,1,0,2,7,0,1,,4,ELUARD BOULEVARD PAUL,0,,2,2,0,2,0,0,1,, -1,1,0,1,50,13,9,1,13,13056,2,1,0,3,ELUARD BOULEVARD PAUL,43.42219,5.05422,16,3,2
202100028229,151Â 237,A01,10,3,1,5,0,-1,-1,3,3,1,2021,86.0,2,2,0,1,1,1,1,,3,137,0,D,2,2,0,1,130,675,1,, -1,1,0,1,50,20,7,1,17,17218,2,1,1,6,83 Rue d Aligre,46.307084,-0.991351,11,2,1
202100036946,135Â 659,A01,1,1,2,9,1,0,-1,0,0,-1,2021,32.0,2,2,1,0,1,14,1,,4,RUE DU CHEVALERET,0,,1,1,0,1,(1),(1),1,, -1,1,0,1,50,29,3,1,75,75113,2,1,0,6,RUE DU CHEVALERET,48.833699,2.368778,8,1,1
202100037082,135Â 417,B01,3,2,1,9,1,-1,-1,0,0,-1,2021,71.0,2,2,0,0,1,1,1,,3,9,-1,D,2,2,0,1,18,825,1,, -1,1,0,1,80,1,6,1,33,33254,1,2,0,3,,44.548261,-0.0346,14,4,2
202100003320,195Â 830,A01,1,1,2,0,1,0,-1,-1, -1,-1,2021,38.0,2,2,0,2,0,1,1,,1,A12 W,0,,3,5,0,1,3,299,1,, -1,2,0,1,110,12,12,1,78,78545,1,1,1,6,A12 W,48.820689,2.069055,14,1,1
202100017450,170Â 434,A01,10,3,1,9,0,-1,-1,9,9,2,2021,60.0,3,4,9,0,0,1,1,,4,BERGE (VOIE SUR),0,,2,2,0,1,0,0,1,, -1,1,2,1,50,22,9,1,47,47201,2,1,0,6,BERGE (VOIE SUR),44.20178,0.6067,11,3,1
202100010897,182Â 248,B01,1,1,2,1,1,-1,-1,-1, -1,-1,2021,31.0,3,2,0,2,1,1,1,,4,REMOULEURS (RUE DES),0,,2,2,0,1,(1),(1),1,, -1,1,0,1,50,26,10,1,51,51172,2,2,0,3,Rue des Remouleurs,49.2156001407,4.0639586104,10,2,2
202100005514,191Â 938,B01,1,1,1,0,1,0,-1,0,0,-1,2021,22.0,0,2,0,2,4,2,1,,4,BERT RUE PAUL,0,,1,1,0,1,(1),(1),1,, -1,1,0,1,50,14,11,5,26,26362,2,1,0,2,54 Rue Paul Bert,44.923423,4.892549,19,4,2
202100053769,105Â 632,A01,10,3,1,2,0,-1,-1,4,3,1,2021,23.0,2,2,0,1,1,1,2,,3,GENERAL LECLERC (AVENUE DU),0,,1,2,0,1,1,0,1,, -1,2,0,1,50,25,1,2,92,92071,2,9,1,6,GENERAL LECLERC (AVENUE DU),48.7748016543,2.3134408096,7,2,1
202100053244,106Â 555,B01,1,1,2,1,2,0,-1,0,0,-1,2021,36.0,1,1,0,2,8,1,5,,4,AVENUE DE WAGRAM,0,,2,6,1,2,(1),(1),1,, -1,1,-1,5,50,29,1,1,75,75117,2,2,0,3,AVENUE DE WAGRAM,48.875127,2.296021,8,2,2
202100008099,187Â 260,B01,1,1,2,4,1,-1,-1,0,0,-1,2021,37.0,2,2,15,2,8,1,1,,4,0,-1,,2,2,0,1,(1),(1),1,, -1,1,0,1,50,14,11,1,33,33122,2,3,0,3,Avenue BrÃ©montier,44.768419,-0.706569,11,2,2
202100022237,161Â 893,A01,2,2,1,5,1,8,-1,-1, -1,-1,2021,20.0,1,2,0,2,1,2,1,,4,BAYONNE DE,0,,1,3,0,1,(1),(1),1,, -1,1,0,1,50,27,8,1,64,64129,2,1,1,2,BAYONNE DE,43.29839,-0.38896,13,3,2
202100018417,168Â 706,Z01,10,3,1,1,8,8,-1,5,3,1,2021,23.0,1,1,0,1,4,25,1,,3,TASSIGNY(AVE DU MARECHAL DE LATTRE DE),0,,-1,0,0,1,0,0,1,, -1,1,9,4,50,17,9,1,94,94028,2,3,0,2,TASSIGNY(AVE DU MARECHAL DE LATTRE DE),48.80043,2.45138,7,2,1
202100030510,147Â 226,B01,1,1,1,1,1,0,-1,-1, -1,-1,2021,52.0,2,2,0,2,6,1,1,,1,86,0,,3,5,0,1,77,500,2,, -1,1,3,1,90,6,7,1,92,92063,1,1,0,2,A86,48.8901110828,2.1699447278,18,2,2
202100017975,169Â 494,B01,1,1,1,5,1,-1,-1,0, -1,-1,2021,85.0,1,2,0,2,4,2,1,,4,,0,,3,3,0,1,(1),(1),1,, -1,1,5,1,50,15,5,1,29,29019,2,2,0,2,Boulevard de lâEurope,48.41009,-4.51465,15,2,2
202100010391,183Â 140,B01,1,1,1,0,8,-1,-1,0,0,-1,2021,35.0,2,2,0,0,5,19,1,,3,721,-1,D,2,2,0,4,(1),(1),1,, -1,2,3,1,-1,25,10,3,91,91079,1,2,1,3,D721,48.373659,2.164725,7,2,2
202100041075,128Â 187,A01,10,3,2,0,0,-1,-1,4,3,1,2021,31.0,3,2,0,1,1,15,1,,4,PRIEURE (DU),0,,2,2,0,1,(1),(1),1,, -1,2,0,1,50,6,5,1,78,78551,2,2,1,6,PRIEURE (DU),48.89342,2.084586,10,2,1
202100019642,166Â 535,A01,10,3,1,0,0,-1,-1,3,3,1,2021,62.0,2,2,0,1,1,21,1,,3,LECLERC (AVENUE DU GENERAL),0,,2,1,0,4,0,96,1,, -1,1,0,1,50,10,9,1,78,78551,2,3,1,6,LECLERC (AVENUE DU GENERAL),48.8872,2.09756,11,2,1
202100043220,124Â 402,B01,1,1,1,5,2,8,-1,-1, -1,-1,2021,60.0,1,1,0,2,1,1,5,,4,TRANSVAAL (RUE DU),0,,1,1,0,1,0,0,1,, -1,1,0,1,50,21,4,1,92,92012,2,2,0,3,TRANSVAAL (RUE DU),48.848359054,2.2372359037,7,2,2
202100007010,189Â 227,B01,1,1,1,0,2,6,-1,-1, -1,-1,2021,42.0,1,1,0,2,0,1,1,,3,NANTES (AVENUE),0,,2,3,0,1,7,367,1,,"10,4",1,5,1,50,19,11,5,79,79191,2,2,0,3,Avenue de Nantes,46.34091,-0.4892,18,3,2
202100007759,187Â 889,A01,1,1,1,0,2,0,-1,-1, -1,-1,2021,25.0,2,1,0,0,0,0,1,,4,MARECHAL JUIN                       (PT),0,,1,1,0,1,(1),(1),3,, -1,1,2,1,50,12,11,5,69,69385,2,9,1,7,MARECHAL JUIN (PT),45.76326,4.82944,3,1,1
202100013959,176Â 749,A01,1,1,2,1,1,-1,-1,0,0,-1,2021,62.0,0,2,6,0,1,0,1,,4,,-1,,2,1,0,1,(1),(1),3,,3,1,0,1,80,12,10,1,66,66164,2,1,0,6,chemin de tuchan,42.782772,2.874706,13,1,1
202100016959,171Â 311,B01,1,1,2,5,1,5,-1,0,0,-1,2021,19.0,0,2,0,2,4,1,1,,4,NORMANDIE (BOULEVARD DE),0,,-1,4,0,1,(1),(1),1,, -1,1,0,1,50,24,9,1,27,27229,2,1,0,2,NORMANDIE (BOULEVARD DE),49.01954,1.13912,18,3,2
202100039972,130Â 141,A01,1,1,1,0,2,0,-1,-1, -1,-1,2021,25.0,2,1,0,2,2,1,1,,3,JEAN JAURES  (AVE)  157 A 213,0,,2,4,0,1,0,1,1,, -1,1,0,1,50,14,5,1,93,93001,2,1,0,3,Avenue Jean JaurÃ¨s,48.9118859206,2.4009472132,19,2,2
202100011509,181Â 151,B01,1,1,2,1,1,0,-1,-1, -1,-1,2021,54.0,1,2,0,0,4,1,1,,1,A507 sens Marseille - Aubagne,0,,-1,3,0,1,8,0,1,, -1,1,1,1,70,19,10,1,13,13055,1,1,0,2,A507 sens Marseille - Aubagne,43.294983,5.424519,7,2,2
202100004039,194Â 522,A01,10,3,2,0,0,-1,-1,1,3,1,2021,36.0,0,2,0,1,1,1,1,,3,AUBEPINES (RESIDENCE RUE BECQUEREL),0,,2,2,0,4,0,227,1,, -1,2,0,1,50,3,12,5,50,50129,2,1,1,6,AUBEPINES (RESIDENCE RUE BECQUEREL),49.62805,-1.63922,18,2,1
202100021653,162Â 925,A01,2,2,2,5,2,0,-1,0,0,-1,2021,21.0,0,1,0,2,1,1,3,,4,RUE DES ECOLES,0,,2,3,0,1,(1),(1),1,, -1,1,0,1,30,31,8,5,75,75105,2,2,0,3,RUE DES ECOLES,48.848906,2.347471,5,3,2
202100031781,144Â 953,B01,1,1,2,1,2,6,-1,0,0,-1,2021,16.0,1,1,0,2,1,1,1,,3,578,0,D,2,2,0,2,11,140,3,, -1,1,0,1,70,30,6,1,7,7292,1,3,0,1,D578,45.155646,4.690969,7,2,2
202100031395,145Â 636,A01,1,1,2,5,2,6,4,0,0,-1,2021,15.0,2,1,1,0,1,2,1,,3,25,0,D,2,2,0,1,4,500,2,, -1,1,0,1,50,2,7,1,17,17452,2,1,0,6,Avenue de la CÃªpe,45.792952,-1.174518,9,1,1
202100009548,184Â 638,A01,1,1,1,1,2,6,-1,-1, -1,-1,2021,23.0,1,1,0,2,8,1,1,,1,AUTOROUTE A6A,0,,1,2,0,1,0,300,2,, -1,2,1,1,50,4,11,5,94,94037,1,1,0,3,AUTOROUTE A6A,48.81428,2.35506,8,1,1
202100003094,196Â 231,B01,1,1,1,0,1,8,-1,-1, -1,-1,2021,48.0,2,2,0,2,4,20,1,,4,BADEN POWELL (RUE),0,,2,2,0,1,0,0,2,, -1,2,9,1,50,10,12,5,67,67482,2,1,1,3,BADEN POWELL (RUE),48.59604,7.69101,19,2,2
202100009414,184Â 873,B01,1,1,1,5,2,0,-1,-1, -1,-1,2021,73.0,1,1,0,2,4,1,5,,7,JUIN ( BOULEVARD DU MARECHAL ),0,,2,2,0,1,1,300,1,, -1,1,0,1,50,3,11,1,83,83069,2,1,0,2,JUIN ( BOULEVARD DU MARECHAL ),43.1162,6.1133,11,2,2
202100026653,154Â 065,B01,1,1,2,0,1,0,-1,-1, -1,-1,2021,31.0,3,2,0,2,2,23,1,,4,VERDUN (AVENUE DE),0,,3,5,0,1,(1),(1),1,, -1,1,5,1,50,28,7,1,45,45284,2,1,0,1,Avenue de Verdun,47.92378,1.99143,13,2,2
202100025765,155Â 632,A01,1,1,2,5,2,0,-1,0,0,-1,2021,46.0,2,1,0,2,1,2,5,,4,AVENUE DE L HIPPODROME,0,,1,2,0,1,(1),(1),1,, -1,1,0,1,50,2,8,1,75,75116,2,4,0,2,AVENUE DE L HIPPODROME,48.864009,2.236062,18,3,2
202100030101,147Â 973,B01,1,1,2,0,1,-1,-1,0,0,-1,2021,40.0,2,2,0,2,3,1,1,,2,3,-1,,2,2,0,2,42,700,3,, -1,1,0,1,80,9,7,1,974,97422,1,1,0,1,"RN3, PK 42+700",-21.235087,55.541736,15,8,4
202100054406,104Â 510,C01,1,1,1,1,2,0,-1,-1,0,-1,2021,41.0,2,1,0,2,7,3,1,,1,15,0,,3,8,0,1,14,0,1,, -1,1,0,1,110,20,1,3,95,95424,1,1,0,5, A15,48.99073,2.19378,18,5,5
202100024321,158Â 196,A01,1,1,1,0,1,0,-1,-1, -1,-1,2021,21.0,2,5,1,0,2,1,1,,4,FRANKLIN ROOSEVELT (AV),0,,2,2,0,1,1,0,1,, -1,1,0,1,50,12,8,5,94,94021,2,1,0,6,FRANKLIN ROOSEVELT (AV),48.77192,2.35793,0,1,1
202100043791,123Â 407,B01,1,1,2,9,8,0,-1,0,0,-1,2021,36.0,2,1,0,2,1,1,3,,4,AVENUE GAMBETTA,0,,2,2,1,2,(1),(1),1,, -1,1,-1,5,50,16,4,1,75,75120,2,5,0,3,AVENUE GAMBETTA,48.868316,2.401428,9,2,2
202100027833,151Â 965,A01,1,1,1,0,0,-1,-1,0,0,-1,2021,46.0,1,2,2,0,1,1,1,,3,14,0, -,2,2,0,1,0,900,1,, -1,1,0,3,80,21,7,1,21,21362,1,1,0,1,D14,47.224253,4.577388,19,1,1
202100029956,148Â 255,A01,3,2,2,5,1,0,-1,-1, -1,-1,2021,17.0,1,2,0,2,1,1,1,,4,MAS-BOUYOL  (CITE ET BOULEVARD DU),0,,3,6,0,1,7,900,1,, -1,1,5,1,50,7,7,5,87,87085,2,2,0,3,MAS-BOUYOL  (CITE ET BOULEVARD DU),45.83454,1.2265,22,6,2
202100016045,172Â 972,A01,1,1,1,0,2,6,-1,-1, -1,-1,2021,21.0,2,1,0,2,8,3,1,,1,A86,0,,3,4,0,1,8,600,1,, -1,1,0,1,90,30,9,1,92,92036,1,1,0,4,A86,48.9373756521,2.2943117859,17,3,3
202100051172,110Â 207,A01,1,1,1,1,2,6,-1,-1, -1,-1,2021,55.0,1,1,0,2,1,17,1,,4,RUE MARGUERITE CRAUSTE,0,,2,3,2,1,(1),(1),1,, -1,1,8,1,50,17,2,2,33,33063,2,1,0,3,Rue Marguerite Crauste,44.83588,-0.58791,8,2,2
202100038501,132Â 824,A01,1,1,2,1,1,8,-1,-1, -1,-1,2021,27.0,2,2,0,2,1,2,1,,1,A4,0,,-1,8,0,1,3,299,1,, -1,1,0,1,90,25,5,1,94,94069,1,1,0,4,A4,48.8174754142,2.4324596446,14,3,3
202100009501,184Â 729,B01,10,3,2,0,0,-1,-1,9,A,2,2021,69.0,0,2,0,1,2,23,1,,6,,-1,,-1,-1,0,1,(1),(1),1,,5,1,0,1,50,5,11,1,11,11203,2,1,0,2,20 Avenue MarÃ©chal Foch,43.200634,2.753446,9,3,2
202100054903,103Â 670,B01,1,1,1,0,1,0,-1,-1, -1,-1,2021,41.0,1,5,0,2,3,1,1,,1,VA007333 LA FAOURETTE A620 Sortie 26,0,,1,4,0,1,5,358,1,, -1,2,0,1,90,14,1,1,31,31555,1,1,1,3,VA007333 LA FAOURETTE A620 Sortie 26,43.60873,1.41095,15,4,2
202100042296,126Â 021,A01,10,3,2,2,0,-1,-1,1,3,2,2021,6.0,2,2,0,1,5,1,1,,4,DAUPHINE (DU)                       (AV),0,,2,2,0,1,(1),(1),1,, -1,1,0,1,50,27,4,1,69,69282,2,1,0,6,DAUPHINE (DU) (AV) (8),45.7643,5.00435,17,2,1
202100032907,142Â 941,A01,1,1,1,5,2,6,-1,0,0,-1,2021,66.0,2,1,0,2,2,1,1,,4,AVENUE PHILIPPE AUGUSTE,0,,2,2,0,1,(1),(1),1,, -1,2,0,1,50,22,6,1,75,75111,2,2,0,3,AVENUE PHILIPPE AUGUSTE,48.850669,2.394496,18,2,2
202100006947,189Â 351,B01,2,2,1,5,1,0,-1,-1, -1,-1,2021,37.0,1,2,0,2,3,1,2,,4,MACON (R DE),0,,2,2,0,1,25,0,1,, -1,2,0,1,50,21,11,1,94,94002,2,2,1,3,Rue de MÃ¢con,48.78587,2.4296,12,3,2
202100030989,146Â 340,A01,1,1,1,5,2,8,-1,-1, -1,-1,2021,18.0,3,1,0,0,0,26,1,,5,Longs Sillons (rue),0,,2,2,0,1,0,0,1,, -1,1,9,8,30,19,6,1,77,77131,2,1,0,7,Longs Sillons (rue),48.80736,3.10126,14,1,1
202100019202,167Â 303,A01,1,1,2,5,2,0,-1,0,0,-1,2021,41.0,2,1,0,0,1,5,3,,4,RUE DES ACACIAS,0,,1,1,0,1,(1),(1),1,, -1,1,0,1,30,11,9,1,75,75117,2,3,0,7,RUE DES ACACIAS,48.878035,2.29371,16,1,1