Num_Acc,id_vehicule,num_veh,place,catu,sexe,trajet,secu1,secu2,secu3,locp,actp,etatp,year_acc,victim_age,senc,catv,obs,obsm,choc,manv,motor,occutc,catr,voie,v1,v2,circ,nbv,vosp,prof,pr,pr1,plan,lartpc,larrout,surf,infra,situ,vma,jour,mois,lum,dep,com,agg_,int,atm,col,adr,lat,long,hour,nb_victim,nb_vehicules
202100025881,155Â 423,B01,1,1,1,0,1,0,-1,-1, -1,-1,2021,28.0,0,2,0,2,3,2,1,,3,JEAN JAURES (AVENUE),0,,2,3,0,1,0,0,1,, -1,1,0,1,50,2,8,1,93,93047,2,2,0,3,JEAN JAURES (AVENUE),48.898849,2.546515,8,2,2
202100015097,174Â 720,A01,10,3,2,5,0,-1,-1,3,3,1,2021,45.0,1,2,0,1,1,1,1,,3,DE GAULLE (AVENUE DU GENERAL),0,,2,2,0,1,0,3,1,, -1,2,0,1,50,4,10,1,5,5023,2,6,1,6,DE GAULLE (AVENUE DU GENERAL),44.89564,6.63285,9,2,1
202100026222,154Â 831,A01,1,1,2,5,2,6,9,0,0,-1,2021,29.0,3,1,0,2,1,13,1,,2,7,-1,,-1,2,0,1,(1),(1),1,, -1,1,0,8,70,1,8,3,978,97801,1,1,0,5,N7- route de bellevue,18.052357,-63.085856,0,6,5
202100022061,162Â 194,A01,1,1,2,0,1,0,-1,-1, -1,-1,2021,64.0,1,2,1,0,3,0,1,,4,PAUL DOUMER(RUE),0,,2,2,0,1,0,100,1,, -1,1,0,1,30,28,8,1,91,91691,2,9,0,6,PAUL DOUMER(RUE),48.7175,2.51062,13,2,2
202100021706,162Â 841,A01,1,1,1,0,1,-1,-1,0,0,-1,2021,65.0,1,2,0,2,1,3,1,,2,12,0,,2,2,0,2,43,930,1,, -1,1,0,1,80,1,9,1,53,53147,1,1,0,1,ROUTE NATIONALE 12,48.308721,-0.64778,15,2,2
202100002805,196Â 755,A01,10,3,1,2,0,-1,-1,2,3,1,2021,11.0,2,2,0,1,1,2,1,,3,PAUL DOUMER (AV),0,,-1,2,0,2,1,0,1,, -1,1,0,1,30,15,12,5,94,94003,2,1,0,6,Avenue Paul Doumer,48.80638,2.33733,8,3,1
202100047167,117Â 459,A01,1,1,1,5,0,-1,-1,0,0,-1,2021,35.0,3,6,1,0,1,1,1,,4,,0,,2,2,0,1,(1),(1),1,, -1,1,0,8,50,20,3,1,40,40261,2,1,0,6,351 Chemin de la Cassiatte,43.668913,-1.235771,15,1,1
202100015790,173Â 445,A01,1,1,1,5,2,6,-1,0,0,-1,2021,25.0,1,1,0,2,1,13,1,,3,945,0,,2,2,0,1,11,50,1,,4,1,0,1,80,1,10,1,64,64450,1,3,0,3,D945,43.486182,-0.564723,16,2,2
202100039543,130Â 909,B01,1,1,1,1,1,-1,-1,-1,0,-1,2021,33.0,2,2,0,9,4,2,1,,2,RN 184,0,,3,7,0,1,10,899,1,, -1,2,0,1,90,17,5,1,95,95256,1,1,1,2,RN 184,49.0564700818,2.2051639824,16,2,2
202100054535,104Â 294,B01,1,1,1,4,1,0,-1,-1, -1,-1,2021,33.0,2,4,1,0,1,1,1,,1,7,0,,1,1,0,1,7,750,1,, -1,2,7,1,110,19,1,5,38,38336,1,1,1,2,A7,45.47653,4.83452,3,2,2
202100013308,177Â 957,A01,7,2,2,1,8,0,-1,0,0,-1,2021,60.0,1,3,0,2,5,17,1,3.0,4,BOULEVARD DIDEROT,0,,-1,2,0,1,(1),(1),1,, -1,1,8,1,30,14,10,1,75,75112,2,3,0,3,BOULEVARD DIDEROT,48.8477918851,2.3906207085,13,4,2
202100040586,129Â 071,B01,2,2,2,1,1,1,-1,0,0,-1,2021,31.0,1,2,0,2,1,1,1,,4,COOK (AVENUE JAMES),0,,2,2,0,1,0,0,1,, -1,1,0,1,50,9,5,1,988,98818,2,3,0,1,AVENUE JAMES COOK/RUE DU C. A.JOSEPH BOUZET,-22.26686,166.41449,6,3,2
202100034689,139Â 719,B01,1,1,1,0,1,5,-1,0,0,-1,2021,24.0,2,2,0,2,1,2,1,,3,19,0,D,2,2,0,2,2,0,1,, -1,1,0,5,70,7,6,1,91,91105,1,1,0,2,D19 - Route de Boissy,48.564322,2.176039,17,3,2
202100016063,172Â 939,A01,1,1,1,5,2,8,-1,-1, -1,-1,2021,44.0,0,1,11,0,1,14,1,,2,RN 568,0,,3,5,0,1,34,606,1,, -1,1,0,3,90,22,6,1,13,13077,1,1,0,6,RN 568,43.4136116445,5.0030107498,11,1,1
202100041596,127Â 250,B01,1,1,1,0,2,-1,-1,0,0,-1,2021,55.0,1,1,0,2,1,1,1,,3,,-1,,2,2,0,2,0,0,1,, -1,1,0,1,80,3,5,1,38,38284,1,2,0,3,Chemin du Mangeot - RD 73,45.39211,5.226923,9,2,2
202100000934,200Â 079,B01,1,1,1,5,0,-1,-1,0,0,-1,2021,18.0,3,1,0,2,1,17,0,,9,,-1,,2,2,0,1,(1),(1),1,, -1,1,0,1,30,30,12,5,973,97311,2,1,0,3,Allee des Ixoras,5.4840595965,-54.015799284,21,2,2
202100046557,118Â 550,A01,1,1,2,1,1,0,-1,-1, -1,-1,2021,29.0,2,2,0,9,1,9,1,,2,N118,0,,3,4,0,1,6,300,1,, -1,1,0,1,90,25,3,3,78,78640,1,1,0,6,N118,48.77608,2.22252,21,1,1
202100046149,119Â 272,Z01,10,3,1,0,8,8,-1,9,B,1,2021,78.0,3,2,0,1,0,26,0,,4,NOYER BOSSU (IMPASSE DU),0,,-1,1,0,1,0,0,1,, -1,1,0,1,30,29,3,1,93,93031,2,1,0,6,NOYER BOSSU (IMPASSE DU),48.9562755119,2.2985222588,18,2,1
202100026554,154Â 235,A01,2,2,2,5,1,-1,-1,0,0,-1,2021,75.0,2,2,0,2,3,13,1,,3,674,-1,,2,2,0,3,16,870,3,, -1,1,0,1,70,30,7,1,54,54073,1,9,0,6,D674,48.644344,5.892341,17,4,3
202100055832,102Â 076,A01,10,3,1,2,0,-1,-1,1,3,1,2021,17.0,1,2,0,1,3,1,0,,3,Avenue de Verdun,0,,1,2,0,1,1,0,1,, -1,7,0,1,50,8,1,5,94,94044,2,1,0,6,Avenue de Verdun,48.749807,2.481308,7,2,1
202100009458,184Â 796,B01,1,1,2,1,1,0,-1,0,0,-1,2021,28.0,2,2,4,2,6,1,1,,4,BOULEVARD PERIPHERIQUE,0,,1,4,0,1,12,200,1,, -1,1,1,1,70,3,11,5,75,75116,2,1,0,3,BOULEVARD PERIPHERIQUE,48.848112,2.253383,18,2,2
202100028575,150Â 642,B01,1,1,1,1,2,6,-1,0,0,-1,2021,20.0,0,1,0,2,1,1,1,,3,391,0,D,2,2,0,1,(1),(1),1,, -1,1,0,1,50,17,7,2,40,40202,2,3,0,3,Route de Sort,43.691995,-0.998731,20,2,2
202100038901,132Â 097,B01,1,1,1,3,8,0,-1,-1, -1,-1,2021,55.0,2,1,0,2,1,1,5,,4,COURTOIS (RUE GUSTAVE),0,,2,2,1,4,(1),(1),3,, -1,1,5,5,50,11,4,1,70,70550,1,2,0,3,COURTOIS (RUE GUSTAVE),47.626641,6.139058,12,2,2
202100006125,190Â 855,A01,1,1,1,5,2,6,-1,-1, -1,-1,2021,17.0,2,1,0,0,0,21,1,,3,110,0,,3,4,0,1,0,0,1,, -1,1,0,1,50,25,11,5,92,92022,2,5,0,7,SALENGRO (AVENUE ROGER),48.808622247,2.1875855327,17,1,1
202100049455,113Â 363,A01,1,1,2,0,1,-1,-1,0,0,-1,2021,85.0,2,2,0,0,2,19,1,,3,64,0,D,2,2,0,1,2,1,1,, -1,1,0,1,80,26,2,1,22,22308,1,2,0,3,D64,48.354173,-2.066025,14,2,2
202100046065,119Â 409,B01,2,1,1,0,2,0,-1,-1, -1,-1,2021,31.0,2,1,0,2,5,1,1,,2,RN4 - SECTION RIVIERA,0,,2,2,0,1,(1),(1),4,, -1,1,5,1,70,27,3,5,971,97113,1,1,0,3,RN4 - SECTION RIVIERA,16.21759,-61.49429,20,3,2
202100055059,103Â 395,B01,1,1,1,5,8,0,-1,-1, -1,-1,2021,10.0,1,1,0,2,1,19,5,,4,ARC EN CIEL AVENUE DE L',0,,-1,2,0,1,(1),(1),1,, -1,1,0,1,50,14,1,2,13,13063,2,1,0,3,ARC EN CIEL AVENUE DE L',43.598181,5.00893,17,3,2
202100041474,127Â 472,A01,2,2,1,4,1,0,-1,-1, -1,-1,2021,36.0,2,2,0,2,8,2,1,,1,AUTOROUTE A6,0,,3,3,0,2,18,200,1,, -1,1,0,1,110,4,5,1,91,91589,1,1,0,6,AUTOROUTE A6,48.67164,2.34597,19,3,1
202100000088,201Â 592,A01,2,2,1,0,1,8,-1,-1, -1,-1,2021,21.0,3,2,6,0,1,1,1,,3,CD 41,0,,2,2,0,2,1,0,2,, -1,2,9,1,70,6,10,3,38,38544,1,1,1,1,CD 41,45.52284,4.91041,22,2,1
202100001979,198Â 262,B01,1,1,2,1,1,0,-1,-1, -1,-1,2021,43.0,2,2,0,2,4,2,1,,1,AUTOROUTE A6,0,,3,6,0,1,10,399,1,, -1,1,0,1,110,21,12,1,91,91689,1,1,0,4,AUTOROUTE A6,48.73016,2.31482,13,3,3
202100022985,160Â 542,A01,1,1,1,5,1,-1,-1,0,0,-1,2021,77.0,2,2,7,0,6,0,1,,3,1089,0,,2,3,0,1,87,620,1,, -1,1,9,3,90,21,8,1,19,19101,1,1,0,6,D1089,45.249980998,1.7746179923,13,1,1
202100001340,199Â 365,B01,7,2,2,5,1,3,-1,0,0,-1,2021,4.0,1,2,0,2,3,21,1,,3,237,0,D,2,2,0,2,0,150,1,, -1,2,0,1,70,25,12,1,62,62089,1,1,0,1,D237,50.831055,1.656801,16,4,2
202100016022,173Â 023,A01,1,1,2,1,1,-1,-1,0,0,-1,2021,56.0,1,2,0,2,6,19,1,,3,408,0,,2,2,0,1,23,158,3,, -1,1,0,1,90,30,9,4,77,77191,1,1,0,3,D408,48.55611,2.941203,6,2,2
202100050753,110Â 963,B01,1,1,1,0,2,8,-1,-1, -1,-1,2021,63.0,2,1,0,2,1,1,0,,7,PAUL SIRVENT (AVE),0,,2,2,1,2,1,100,1,, -1,1,0,1,50,20,2,1,13,13075,2,1,0,3,PAUL SIRVENT (AVE),43.343887,5.46516,12,2,2
202100037900,133Â 919,B01,1,1,1,1,2,-1,-1,0,0,-1,2021,26.0,1,1,0,2,1,1,1,,3,D59,-1,,2,2,0,1,5,752,1,, -1,1,0,1,80,28,5,2,44,44100,1,2,0,3,D59- ld la Bournaire,47.113729,-1.349924,21,2,2
202100044855,121Â 540,A01,1,1,1,4,2,0,-1,-1, -1,-1,2021,23.0,2,1,0,2,2,1,1,,3,101,0,,1,2,0,1,0,0,1,, -1,1,0,1,50,6,4,5,92,92040,2,3,0,3,JEAN-PIERRE TIMBAUD,48.82026,2.24984,21,2,2
202100047265,117Â 276,A01,10,3,1,0,0,-1,-1,2,3,2,2021,4.0,2,2,0,1,2,19,1,,3,985,0,,2,2,0,1,0,0,1,, -1,1,0,1,50,20,3,1,92,92064,2,3,0,6,REPUBLIQUE,48.85676,2.21132,17,2,1
202100018015,169Â 427,A01,2,2,2,5,1,0,-1,0,0,-1,2021,20.0,1,2,0,2,1,2,1,,4,PORTE DE CHARENTON,0,,1,4,0,1,34,0,1,, -1,1,1,1,70,18,9,1,75,75112,2,1,0,4,BD PERIPHERIQUE INTERIEUR,48.830927,2.402991,14,5,3
202100035498,138Â 259,A01,10,3,2,1,0,-1,-1,3,3,1,2021,56.0,2,2,0,1,3,5,1,,4,JEAN JAURES (Avenue)  ,0,,2,2,0,1,0,0,1,, -1,1,9,1,50,9,6,1,47,47031,2,1,0,3,JEAN JAURES (Rue)  ,44.17764,0.63989,8,3,2
202100005142,192Â 586,A01,1,1,2,1,1,-1,-1,0,0,-1,2021,56.0,1,2,0,2,2,15,1,,3,994,-1,,2,2,0,1,5,450,1,, -1,1,0,1,90,2,12,3,51,51326,1,2,0,1,D994,49.105327,4.318303,7,2,2
202100020263,165Â 415,A01,10,3,2,5,0,-1,-1,2,3,1,2021,46.0,2,2,0,1,1,1,1,,4,JULES GRANDCLEMENT    (Place),0,,2,2,0,1,(1),(1),1,, -1,1,0,1,50,6,9,1,69,69266,2,1,1,6,JULES GRANDCLEMENT (PL),45.758706855,4.8869610067,18,3,1
202100028083,151Â 510,A01,2,2,1,5,1,-1,-1,-1,0,-1,2021,22.0,1,2,5,0,3,13,1,,1,AUTOROUTE A15,0,,3,1,0,2,17,219,3,, -1,1,3,1,50,20,7,3,95,95306,1,1,0,6, A15,49.00887,2.1598,2,2,1
202100054121,105Â 008,B01,1,1,1,4,2,6,-1,-1, -1,-1,2021,24.0,3,1,0,2,8,1,1,,3,7,0,,1,1,0,1,0,0,1,, -1,1,0,1,50,22,1,5,92,92064,2,1,0,3,CARNOT,48.8464945205,2.2236478329,20,2,2
202100002550,197Â 223,A01,1,1,1,5,2,6,-1,0,0,-1,2021,17.0,1,1,0,0,0,13,1,,3,901,-1,,2,2,0,1,44,100,1,, -1,1,0,3,50,19,12,5,62,62474,2,1,0,7,hameau de la source - RD901,50.681606,1.637177,1,1,1
202100015532,173Â 924,C01,1,1,2,0,1,0,-1,-1, -1,-1,2021,47.0,2,2,0,2,4,2,1,,3,Route de la Corniche,0,,2,2,0,1,6,225,1,, -1,1,0,1,50,1,10,1,64,64545,1,1,0,4,Route de la Corniche,43.3816,-1.7296,12,3,3
202100019385,166Â 981,A01,1,1,1,5,1,0,-1,-1, -1,-1,2021,20.0,1,2,4,0,1,13,0,,3,,0,,2,4,0,1,0,0,1,, -1,1,0,8,50,12,9,2,92,92012,2,1,0,6,MARCEL SEMBAT (PLACE),48.8332933401,2.242397815,7,2,1
202100003307,195Â 856,A01,2,2,2,3,1,-1,-1,0,0,-1,2021,74.0,-1,2,2,0,1,1,0,,3,110,-1,D,2,2,0,2,12,545,1,,4,1,0,1,80,13,12,2,73,73013,1,1,0,6,D110,45.22465,6.328672,16,2,1
202100023694,159Â 263,A01,1,1,1,5,2,0,-1,-1, -1,-1,2021,65.0,1,1,0,2,3,18,1,,3,83,0,,3,2,0,1,3,500,1,, -1,1,5,1,50,16,8,1,67,67462,2,1,0,3,RN 83 SUD,48.24892,7.43644,20,2,2
202100052600,107Â 701,B01,1,1,1,0,1,-1,-1,0,0,-1,2021,54.0,1,2,6,2,7,1,1,,3,114,-1,,2,2,0,1,13,900,1,, -1,1,0,1,-1,4,2,1,47,47262,1,2,0,3,D114,44.138563,0.758389,9,2,2
202100007443,188Â 446,A01,1,1,1,4,1,0,-1,0,0,-1,2021,37.0,1,2,0,2,4,23,1,,4,RUE DU FAUBOURG SAINT DENIS,0,,1,3,3,1,(1),(1),1,, -1,1,0,1,30,18,11,3,75,75110,2,1,0,2,RUE DU FAUBOURG SAINT DENIS,48.883743,2.359225,7,2,2
202100009162,185Â 337,A01,1,1,1,0,1,-1,-1,0,0,-1,2021,89.0,1,2,0,2,3,13,1,,3,619,0,,2,2,0,1,6,900,1,, -1,1,0,1,90,6,11,3,10,10268,1,1,0,1,D619,48.482423,3.498266,18,3,2
202100048751,114Â 622,B01,1,1,2,3,1,-1,-1,0,0,-1,2021,31.0,1,2,0,2,3,1,1,,3,45,0,,2,2,0,1,15,490,1,, -1,1,0,1,80,9,3,1,81,81100,1,2,0,3,D45,43.4800499887,2.0085875279,17,3,2
202100048333,115Â 359,A01,1,1,2,5,1,-1,-1,0,0,-1,2021,65.0,2,2,6,0,1,13,1,,3,16,0,D,2,2,0,2,44,100,1,0,"5,6",1,0,3,80,12,3,2,16,16223,1,1,0,6,lavaud,45.680182,0.503279,17,1,1
202100043334,124Â 204,B01,1,1,1,5,2,0,-1,-1, -1,-1,2021,23.0,1,1,0,0,4,1,0,,3,ANDUZE (ROUTE OU ANCIENNE ROUTE),0,,2,2,0,1,0,0,1,, -1,1,0,1,80,19,4,2,30,30189,1,1,0,2,ANDUZE (ROUTE OU ANCIENNE ROUTE),43.8692,4.2856,20,2,2
202100002416,197Â 459,A01,10,3,2,0,0,-1,-1,4,3,1,2021,27.0,2,2,0,1,1,1,1,,4,GAMBETTA (BOULEVARD LEON) NÂ°IMPAIR,0,,2,3,0,1,0,0,1,, -1,1,0,1,30,17,12,1,46,46042,2,1,0,3,GAMBETTA (BOULEVARD LEON) NÂ°IMPAIR,44.44427,1.44191,9,2,1
202100045167,120Â 998,A01,1,1,1,0,0,1,-1,0,0,-1,2021,19.0,1,2,15,0,2,2,1,,3,,-1,,2,2,0,1,(1),(1),3,, -1,1,8,3,-1,5,4,3,59,59270,1,1,0,6,Route de Petit Fayt,50.1112185043,3.8082298069,0,1,1
202100015706,173Â 597,B01,1,1,2,5,2,-1,-1,0,0,-1,2021,17.0,1,1,0,2,1,1,1,,3,1010,-1,,2,2,0,1,90,400,1,,7,1,5,1,50,2,10,2,33,33042,2,2,0,3,Route de Bayonne,44.489074,-0.791574,19,3,2
202100035999,137Â 341,A01,1,1,1,5,1,-1,-1,0,0,-1,2021,69.0,2,2,0,2,1,1,1,,2,122,0,N,2,2,0,1,5,347,1,, -1,1,0,1,50,8,6,1,15,15122,2,1,0,1,6 Avenue d Aurillac,44.712954,2.199611,11,2,2
202100014974,174Â 938,B01,1,1,1,1,1,0,-1,-1, -1,-1,2021,21.0,3,2,0,2,3,26,1,,4,CONDORCET (AVENUE),0,,3,0,0,1,0,0,1,, -1,1,0,1,50,4,10,1,91,91570,2,1,0,3,CONDORCET (AVENUE),48.6221,2.32412,17,2,2
202100028729,150Â 374,A01,1,1,1,3,2,-1,-1,0,0,-1,2021,30.0,1,1,0,0,0,0,1,,3,,-1,,2,2,0,1,47,250,3,,4,1,5,1,50,17,7,1,61,61181,2,3,0,7,Rue Lemercier,48.793846,0.297258,18,1,1
202100045819,119Â 854,B01,1,1,1,0,2,6,-1,-1, -1,-1,2021,25.0,2,1,0,2,1,1,1,,3,913,0,,4,4,1,1,0,0,1,, -1,1,5,5,50,31,3,1,92,92050,2,3,0,3,CLEMENCEAU GEORGES AVENUE NÂ°IMPAIR,48.8864993259,2.2093678324,15,2,2
202100028171,151Â 342,A01,1,1,1,4,1,0,-1,0,0,-1,2021,27.0,1,2,1,2,8,1,1,,4,RUE MORNAY,0,,2,1,0,1,(1),(1),1,, -1,1,0,1,50,19,7,5,75,75104,2,2,0,2,RUE MORNAY,48.849514,2.365638,2,3,2
202100015490,174Â 015,B01,1,1,1,3,2,6,-1,-1,0,-1,2021,46.0,2,1,0,2,1,1,1,,3,FOCH (BOULEVARD DU MARECHAL),0,,2,2,0,1,0,300,1,, -1,1,5,1,30,1,10,1,95,95555,2,6,0,3,RD 14,48.9642143706,2.2887049998,12,2,2
202100041549,127Â 337,A01,1,1,1,1,2,6,-1,0,0,-1,2021,33.0,1,1,0,2,1,2,1,,4,PORTE DE BAGNOLET,0,,1,4,0,1,29,400,1,, -1,1,0,1,70,3,5,1,75,75120,2,1,0,2,PORTE DE BAGNOLET,48.868742,2.413252,17,2,2
202100028222,151Â 248,A01,1,1,2,1,1,-1,-1,0,0,-1,2021,20.0,1,2,0,2,3,13,1,,3,27,0,D,2,2,0,2,29,725,3,0,"3,8",1,0,1,80,17,7,1,16,16300,1,1,0,1,Lieu-dit Les Taillis de Palot,45.864138,0.30764,17,2,2
202100018313,168Â 889,A01,10,3,1,3,0,-1,-1,1,3,1,2021,87.0,1,2,0,1,3,1,1,,7,LIBERATION (AVE DE LA),0,,2,2,0,2,11,70,1,, -1,1,0,1,50,17,9,1,83,83144,2,1,1,6,LIBERATION (AVE DE LA),43.14299,5.98952,7,2,1
202100032082,144Â 403,A01,1,1,2,5,1,-1,-1,-1, -1,-1,2021,36.0,1,2,0,2,6,19,1,,4,CLAUDE MICHEL                       (R ),0,,2,2,0,3,(1),(1),1,, -1,1,0,1,50,25,6,1,69,69149,2,2,0,3,CLAUDE MICHEL (R),45.718397319,4.7985840621,15,4,2
202100021541,163Â 136,A01,1,1,1,5,1,-1,-1,0,0,-1,2021,42.0,1,2,0,2,5,23,1,,2,191,0,,2,2,0,1,59,0,1,, -1,1,0,1,70,6,6,1,78,78478,1,1,0,2,RN 191,48.470915,1.865745,12,7,2
202100022892,160Â 700,B01,1,1,1,0,2,0,-1,-1, -1,-1,2021,60.0,3,1,0,2,8,1,5,,4,ROMANS AVENUE DE (103),0,,2,2,1,1,(1),(1),1,, -1,1,0,5,50,7,4,1,26,26362,2,1,0,3,105 Avenue de Romans,44.933905,4.904347,15,2,2
202100051362,109Â 868,A01,1,1,1,1,1,-1,-1,0,0,-1,2021,28.0,1,2,0,2,1,17,1,,3,74,-1,,2,2,0,1,26,(1),2,, -1,1,0,1,90,16,2,3,52,52037,1,1,0,1,D74,47.908245,5.401604,19,2,2
202100020992,164Â 142,A01,10,3,2,0,0,-1,-1,3,3,1,2021,87.0,2,2,0,1,2,1,1,,4,BROSSOLETTE (BOULEVARD PIERRE),0,,2,2,0,1,0,0,1,, -1,1,0,1,50,11,5,1,2,2408,2,1,0,6,BROSSOLETTE (BOULEVARD PIERRE),49.56914,3.61875,10,2,1
202100017758,169Â 880,A01,1,1,1,1,2,6,-1,0,0,-1,2021,50.0,1,1,7,0,0,17,1,,4,211,0,D,3,2,0,1,(1),(1),1,, -1,2,0,1,50,22,9,2,33,33449,2,1,0,6,Rue Pierre Ramond,44.883058,-0.739985,8,1,1
202100018649,168Â 304,A01,1,1,1,5,0,-1,-1,0,0,-1,2021,20.0,1,1,1,0,1,1,1,,4,,0,,1,1,0,2,(1),(1),1,,4,1,0,1,50,17,9,5,71,71120,2,1,0,6,5 Rue Victor Hugo,46.206781,4.337965,2,1,1
202100023409,159Â 773,B01,1,1,2,0,1,-1,-1,0,0,-1,2021,36.0,0,2,0,2,2,1,1,,3,RD 1029 (ROUTE DE ST QUENTIN),0,,1,1,0,1,(1),(1),2,, -1,2,0,1,50,17,8,5,80,80379,1,1,1,3,RD 1029 (ROUTE DE ST QUENTIN),49.86785,2.37431,22,2,2
202100018241,169Â 003,A01,1,1,1,3,0,-1,-1,0,0,-1,2021,64.0,3,2,0,0,2,1,1,,4,,-1,,1,1,0,1,(1),(1),1,, -1,2,0,8,50,18,9,1,33,33155,2,1,1,7,Lieu Dit Cabanac,44.330671,-0.229919,12,1,1
202100045848,119Â 803,B01,1,1,2,1,0,-1,-1,0,0,-1,2021,29.0,2,0,0,2,7,15,3,,3,437,-1,,2,2,0,2,68,500,1,, -1,1,5,1,50,31,3,1,25,25411,2,6,0,3,10 Avenue Charles de Gaulle,47.057383,6.611297,17,2,2
202100048425,115Â 200,A01,10,3,1,0,0,-1,-1,2,3,-1,2021,48.0,2,2,1,0,1,1,1,,4,ARC (AVENUE JEANNE D'),0,,1,-1,0,1,0,0,1,, -1,1,0,1,50,11,3,1,13,13005,2,1,0,1,ARC (AVENUE JEANNE D'),43.2951700827,5.566846642,11,2,1
202100051877,108Â 970,A01,1,1,1,5,2,6,-1,-1, -1,-1,2021,20.0,1,1,0,2,1,2,1,,2,MORNE PITAULT (ROUTE DE),0,,2,2,0,1,0,700,1,, -1,1,0,1,50,10,2,1,972,97213,2,3,0,3,MORNE PITAULT (ROUTE DE),14.62538,-60.97292,17,2,2
202100015914,173Â 220,A01,1,1,1,1,2,6,-1,-1, -1,-1,2021,28.0,3,1,0,2,7,17,1,,4,AVE DE VERDUN,0,,2,4,2,2,(1),(1),1,, -1,1,0,1,50,30,9,1,33,33281,2,6,0,3,AVE DE VERDUN,44.840264,-0.639849,8,2,2
202100030523,147Â 203,A01,10,3,2,5,0,-1,-1,8,9,3,2021,22.0,2,2,0,1,1,26,1,,6,Parking de l'eglise St Jean Baptiste,0,,-1,1,0,1,0,0,1,, -1,1,0,8,30,4,7,1,988,98818,2,1,0,6,RUE TARAGNAT,-22.2714,166.4526,15,7,1
202100055981,101Â 827,A01,1,1,1,3,1,-1,-1,0,0,-1,2021,44.0,1,2,7,0,8,1,1,,3,123,0,,2,2,0,1,4,230,1,, -1,7,0,4,70,3,1,1,49,49222,1,1,0,7,Lieu Dit la Fresnaye,47.364254,-0.559196,9,1,1
202100054516,104Â 326,A01,1,1,1,5,8,-1,-1,0,0,-1,2021,26.0,1,2,4,2,6,1,1,,1,8,-1,,3,3,3,1,20,600,1,, -1,1,9,1,90,18,1,1,13,13001,1,1,0,3,A 8 - Nice - FrÃ©jus - Pont de L'Arc (Embranchement d'autoroute),43.511958,5.4566,8,2,2
202100020845,164Â 384,B01,1,1,1,5,2,6,-1,-1, -1,-1,2021,51.0,2,1,0,2,7,1,1,,3,FOCH (AVENUE),0,,1,1,0,1,0,1,2,, -1,1,0,1,50,3,9,2,52,52121,2,1,0,3,FOCH (AVENUE),48.11084,5.1326,20,3,2
202100004984,192Â 879,A01,1,1,1,9,8,-1,-1,0,0,-1,2021,36.0,2,2,0,0,0,17,1,,3,4096,-1,,2,2,0,1,2,70,1,, -1,1,0,3,80,30,11,1,4,4063,1,1,0,7,RD 4096,43.760708,5.754053,12,1,1
202100045200,120Â 943,A01,2,1,1,5,1,8,-1,-1, -1,-1,2021,26.0,2,2,13,0,1,1,1,,1,A7-Sens Lyon vers Marseille,0,,3,2,0,1,265,500,1,, -1,1,0,3,110,4,4,3,13,13071,1,1,0,6,A7-Sens Lyon vers Marseille,43.4090148354,5.2864515781,2,1,1
202100052715,107Â 506,A01,10,3,2,5,0,-1,-1,4,3,1,2021,18.0,1,2,0,1,2,1,1,,7,D5,-1,,2,2,0,4,3,290,1,, -1,1,0,1,50,3,2,3,34,34270,1,1,0,6,Route de Laverune - D5,43.59392,3.833799,18,2,1
202100013793,177Â 045,B01,2,2,2,4,2,6,-1,-1, -1,-1,2021,24.0,2,1,0,2,7,1,1,,1,AUTOROUTE A6,0,,3,6,0,1,12,800,1,, -1,1,0,1,110,12,10,1,91,91161,1,1,0,3,AUTOROUTE A6,48.7061,2.306,8,3,2
202100036302,136Â 798,A01,2,2,2,0,1,-1,-1,0,0,-1,2021,30.0,2,2,0,2,1,5,1,,3,6580,-1,,2,2,2,1,23,700,1,, -1,1,0,1,80,6,6,2,30,30209,1,1,0,1,D6580,43.990746,4.744313,6,3,2
202100019734,166Â 371,A01,10,3,1,0,0,-1,-1,2,3,1,2021,38.0,0,2,0,1,2,1,1,,4,MARNE (R DE LA),0,,2,2,0,1,1,0,1,, -1,2,0,1,30,10,9,1,94,94078,2,1,0,6,Rue de la Marne,48.730817,2.447793,14,2,1
202100033046,142Â 672,B01,1,1,1,5,1,-1,-1,-1, -1,-1,2021,75.0,1,2,0,2,4,23,2,,7,A 701 (BRETELLE ACCES),0,,3,4,0,1,2,780,3,, -1,1,0,1,50,21,6,1,45,45302,1,3,0,2,D2701-PR 2+780,47.93885,1.89366,10,4,2
202100027878,151Â 882,B01,1,1,2,5,1,-1,-1,-1, -1,-1,2021,52.0,0,2,0,2,2,19,1,,4,COMMUNE DE PARIS (DE LA)            (R ),0,,2,2,0,1,(1),(1),1,, -1,1,0,1,50,17,7,5,69,69259,2,2,0,3,COMMUNE DE PARIS (DE LA) (R),45.70265,4.87006,1,7,2
202100003060,196Â 289,B01,2,2,2,5,1,0,-1,-1, -1,-1,2021,39.0,2,2,0,2,6,1,1,,2,RN1,0,,3,0,0,1,78,0,1,, -1,1,0,1,110,11,11,1,974,97416,1,1,0,3,RN1,-21.30075,55.42422,8,4,2
202100047231,117Â 337,B01,1,1,1,0,8,0,-1,-1, -1,-1,2021,42.0,3,2,0,2,6,0,1,,4,EMILE ZOLA (RUE),0,,1,-1,0,1,(1),(1),1,, -1,1,0,1,50,20,3,1,13,13209,2,1,0,2,EMILE ZOLA (RUE),43.247159,5.401488,18,2,2