Num_Acc,id_vehicule,num_veh,place,catu,sexe,trajet,secu1,secu2,secu3,locp,actp,etatp,year_acc,victim_age,senc,catv,obs,obsm,choc,manv,motor,occutc,catr,voie,v1,v2,circ,nbv,vosp,prof,pr,pr1,plan,lartpc,larrout,surf,infra,situ,vma,jour,mois,lum,dep,com,agg_,int,atm,col,adr,lat,long,hour,nb_victim,nb_vehicules
202100005126,192Â 617,A01,2,2,2,5,2,0,-1,-1, -1,-1,2021,26.0,2,1,1,2,7,26,1,,4,,0,,2,2,0,1,0,0,1,, -1,2,0,1,50,2,12,1,92,92051,2,1,0,3,"ACHILLE PERETTI (AVENUE,  NÂ° 98 A 166 ET",48.8845280428,2.2686231136,11,3,2
202100039300,131Â 350,B01,1,1,1,0,1,8,-1,-1, -1,-1,2021,55.0,1,2,0,2,4,1,1,,4,BAILLE (BOULEVARD),0,,1,2,0,1,(1),(1),1,, -1,1,0,1,50,19,5,5,13,13205,2,1,0,1,BAILLE (BOULEVARD),43.287926,5.391279,23,3,2
202100023013,160Â 490,A01,1,1,1,5,8,0,-1,-1, -1,-1,2021,24.0,2,1,14,0,1,3,1,,1,AUTOROUTE (A1),0,,1,3,3,1,0,500,1,, -1,1,0,1,50,2,8,1,972,97209,2,1,0,2,AUTOROUTE (A1),14.6144,-61.0505,15,4,2
202100052867,107Â 216,A01,3,2,2,0,8,0,-1,-1, -1,-1,2021,24.0,0,2,8,0,2,0,1,,4,CORNICHE (AVENUE),0,,2,2,0,2,0,0,1,, -1,1,0,1,30,28,1,3,83,83123,2,1,0,7,CORNICHE (AVENUE),43.1175960673,5.775148345,2,4,1
202100042810,125Â 138,B01,1,1,1,0,2,8,-1,-1, -1,-1,2021,61.0,1,1,0,2,7,2,1,,3,ROUTE DEPARTEMENTALE 3,0,,2,2,0,2,0,500,1,, -1,1,0,1,50,23,4,1,972,97213,2,1,0,3,ROUTE DEPARTEMENTALE 3,14.5998013653,-60.9973686934,15,2,2
202100036996,135Â 567,B01,1,1,2,1,1,0,-1,0,0,-1,2021,48.0,2,2,0,2,4,2,1,,4,LONGUES RAYES (RUE DES),0,,-1,2,0,1,(1),(1),1,, -1,1,0,1,50,1,6,1,54,54431,2,1,0,4,135 rue des LONGUES RAYES (RUE DES),48.89563,6.04576,18,4,3
202100051282,110Â 011,A01,10,3,2,9,0,-1,-1,0,9,-1,2021,59.0,3,2,0,2,1,15,1,,4,FRANCHE CONTE (AVENUE DE),0,,2,2,0,2,(1),(1),2,, -1,1,5,1,50,13,2,1,51,51230,2,1,0,7,Avenue de Franche ComtÃ©,49.0337016556,3.9567357302,10,3,2
202100042135,126Â 312,A01,1,1,1,0,2,-1,-1,0,0,-1,2021,65.0,3,1,12,0,1,1,1,,4,2,0,C,2,2,0,1,(1),(1),2,, -1,1,0,1,50,29,4,1,22,22277,2,1,0,7,rue du Parc Broussin,48.388185,-2.872989,16,1,1
202100041102,128Â 143,A01,10,3,2,2,0,-1,-1,4,3,1,2021,12.0,3,2,0,1,1,26,1,,4,REPUBLIQUE AVENUE,0,,-1,2,0,1,1,0,1,, -1,1,0,1,50,5,5,1,49,49353,2,1,0,6,REPUBLIQUE AVENUE,47.44867,-0.50127,12,2,1
202100015978,173Â 107,A01,1,1,1,0,8,-1,-1,0,0,-1,2021,25.0,2,2,3,0,1,2,1,,1,41,-1,A,4,1,0,1,124,700,4,, -1,1,8,1,50,1,10,3,74,74186,1,1,0,1,A41,45.864702,6.058413,3,2,2
202100015037,174Â 830,A01,1,1,1,0,1,0,-1,0,0,-1,2021,20.0,1,2,0,2,1,26,1,,4,CREVIC (RUE DE),0,,2,2,0,3,(1),(1),1,, -1,2,0,1,30,3,10,1,54,54547,2,1,1,1,CREVIC (RUE DE),48.6551956735,6.1765025073,16,3,2
202100052990,106Â 999,A01,1,1,2,9,8,0,-1,0,0,-1,2021,48.0,1,1,0,2,4,1,5,,4,RUE DE SEVRES,0,,2,2,0,1,(1),(1),1,, -1,2,0,1,50,31,1,2,75,75107,2,2,1,7,RUE DE SEVRES,48.846944,2.316871,17,1,1
202100003811,194Â 941,B01,1,1,1,0,2,6,-1,-1, -1,-1,2021,40.0,1,1,0,2,1,1,1,,1,AUTOROUTE A126,0,,2,2,0,1,6,114,1,, -1,2,0,1,50,10,12,1,91,91477,1,1,0,3,AUTOROUTE A126,48.72022,2.22695,14,2,2
202100032404,143Â 851,A01,1,1,1,5,2,-1,-1,0,0,-1,2021,23.0,2,1,0,2,1,17,1,,2,1,-1,,2,2,2,1,3,0,1,, -1,1,0,1,-1,25,6,1,987,98715,1,1,1,3,"PK 3,00",-17.584522,-149.568578,8,2,2
202100024341,158Â 164,A01,10,3,1,5,8,-1,-1,6,9,2,2021,23.0,2,1,15,1,0,26,1,,3,914,0,D,2,2,0,2,5,370,4,, -1,2,0,3,90,12,8,1,23,23245,1,1,1,6,D914,46.1714527667,1.8098902702,15,3,1
202100035571,138Â 133,A01,1,1,1,1,2,6,-1,-1, -1,-1,2021,57.0,2,1,11,0,1,15,1,,2,,-1,,1,-1,-1,1,(1),(1),2,, -1,1,0,1,-1,7,6,1,92,92072,2,4,0,6,TROYON (RUE),48.8276449087,2.2254127264,18,1,1
202100026831,153Â 759,A01,3,2,1,5,3,1,-1,-1,0,-1,2021,0.0,1,2,0,2,1,1,1,,4,PAULET GENERAL (173 ET 206 A FIN),0,,-1,2,0,1,(1),(1),1,, -1,1,0,1,50,27,7,1,29,29019,2,1,0,2,Rue GÃ©nÃ©ral Paulet,48.409016,-4.476099,14,3,2
202100026053,155Â 114,A01,1,1,2,0,1,-1,-1,0,0,-1,2021,57.0,1,2,0,2,1,1,1,,3,15,0,D,2,2,0,1,9,900,1,, -1,1,0,1,70,2,8,1,44,44067,1,3,0,1,Mondesir,47.620129,-1.826638,8,2,2
202100016815,171Â 561,A01,1,1,1,0,8,0,-1,-1, -1,-1,2021,16.0,3,1,0,2,1,26,5,,3,AV DU PDT SALVADOR ALLENDE,0,,3,2,0,1,0,0,1,, -1,1,0,1,50,22,9,1,91,91377,2,1,0,3,AV DU PDT SALVADOR ALLENDE,48.730045,2.258691,18,2,2
202100041893,126Â 736,C01,1,1,1,1,2,-1,-1,0,0,-1,2021,29.0,1,1,0,2,2,1,1,,4,,0,,2,2,0,2,(1),(1),1,, -1,1,0,1,20,28,4,1,54,54184,2,3,0,3,BAS CHATEAU (RUE DU),48.70704,6.2177,12,2,2
202100012795,178Â 846,D01,1,1,2,0,1,0,-1,-1, -1,-1,2021,41.0,1,2,1,0,1,1,1,,1,AUTOROUTE A3,0,,1,4,0,1,0,899,1,, -1,1,1,1,90,17,10,3,93,93006,1,1,0,4,AUTOROUTE A3,48.86657,2.42461,6,4,4
202100023391,159Â 807,B01,1,1,2,1,1,-1,-1,-1,0,-1,2021,31.0,1,2,0,2,1,1,1,,2,RN 184,0,,3,4,0,2,11,899,1,, -1,1,8,1,70,20,8,1,95,95678,1,1,0,2,RN 184,49.0629,2.21319,18,2,2
202100014053,176Â 574,A01,1,1,2,0,1,-1,-1,0,0,-1,2021,29.0,3,2,0,2,1,0,1,,3,369,0,,2,2,0,2,5,310,4,, -1,1,0,1,80,11,10,1,7,7007,1,1,0,1,lartilleul,44.965344,4.710646,14,3,2
202100020586,164Â 835,B01,1,1,1,0,8,0,-1,-1, -1,-1,2021,14.0,0,1,0,0,1,15,3,,4,ROUX (RUE DU DOCTEUR),0,,2,2,0,1,0,0,3,, -1,1,0,1,50,6,9,1,93,93027,2,3,0,3,Rue du Docteur Roux / Rue de la TrÃ©filerie,48.92296,2.40705,12,2,2
202100009614,184Â 520,A01,1,1,1,1,2,6,-1,0,0,-1,2021,30.0,1,1,0,2,8,3,1,,4,BOULEVARD PERIPHERIQUE,0,,1,4,0,1,26,900,1,, -1,1,0,1,70,3,11,5,75,75119,2,1,0,4,BOULEVARD PERIPHERIQUE,48.887361,2.396807,19,3,3
202100006674,189Â 853,A01,1,1,1,0,8,0,-1,-1, -1,-1,2021,30.0,2,1,0,2,1,17,1,,7,CHE DE MOULIS,0,,2,2,0,1,25,25,1,, -1,1,0,1,50,23,11,5,31,31555,2,1,0,4,CHE DE MOULIS,43.6639167304,1.4325664937,17,3,3
202100040666,128Â 934,A01,1,1,1,4,0,-1,-1,0,0,-1,2021,51.0,2,4,0,2,5,1,1,,3,9,0,D,2,2,0,1,11,400,1,, -1,2,0,1,80,8,5,1,29,29191,1,2,1,3,Lieu Dit Meshir,48.517944,-3.712628,8,3,2
202100054844,103Â 770,B01,1,1,1,5,2,8,-1,-1, -1,-1,2021,37.0,2,1,0,2,1,1,1,,3,MADELEINE (ROUTE DE LA),0,,2,2,0,1,3,800,1,, -1,1,0,1,50,15,1,1,973,97302,2,1,0,3,MADELEINE (ROUTE DE LA),4.90936,-52.32179,16,2,2
202100020528,164Â 944,B01,1,1,1,5,8,0,-1,-1, -1,-1,2021,55.0,1,0,0,2,1,1,5,,4,JOUHAUX (RUE L.)       (47-34 A 58),0,,2,2,1,1,(1),(1),1,, -1,1,0,1,50,6,9,1,38,38185,2,1,0,3,JOUHAUX (RUE L.)       (47-34 A 58),45.17969,5.74215,11,2,2
202100030194,147Â 799,A01,10,3,2,9,8,8,-1,3,3,1,2021,42.0,3,2,0,1,2,1,1,,4,DE LATTRE DE TASSIGNY (AVE),0,,2,2,0,1,0,0,1,, -1,1,0,1,50,5,7,1,30,30007,2,1,0,6,DE LATTRE DE TASSIGNY (AVE),44.12742,4.08057,10,2,1
202100015000,174Â 891,A01,10,3,2,0,0,-1,-1,2,3,1,2021,55.0,0,2,0,1,1,26,1,,6,GENERAL DE GAULLE (QUAI DU),0,,-1,-1,0,1,1,0,1,, -1,1,9,8,30,5,10,1,71,71306,2,9,0,6,GENERAL DE GAULLE (QUAI DU),46.674327127,4.362485406,14,2,1
202100048707,114Â 693,B01,1,1,1,1,1,0,-1,-1, -1,-1,2021,42.0,2,5,1,0,1,0,1,,3,STALINGRAD (BD DE),0,,1,3,0,2,1,0,1,, -1,1,0,1,50,9,3,1,94,94022,1,1,0,2,STALINGRAD (BD DE),48.76228,2.40926,7,3,2
202100017221,170Â 866,A01,10,3,1,9,0,-1,-1,2,3,2,2021,26.0,2,2,0,1,2,1,1,,3,773,-1,,2,2,0,1,12,0,2,, -1,1,9,1,50,25,9,1,44,44161,2,9,0,6,Rue du Docteur Praux,47.51771,-2.037629,10,2,1
202100023081,160Â 359,A01,10,3,1,5,8,8,-1,2,3,1,2021,15.0,0,2,0,1,1,26,0,,4,RUE CHAMPION - DE L'ADJUDANT CHEF,0,,2,1,0,1,0,0,1,, -1,1,0,1,50,25,7,5,13,13103,2,1,0,3,RUE CHAMPION - DE L'ADJUDANT CHEF,43.63,5.09973,23,2,1
202100029088,149Â 752,B01,1,1,1,5,2,0,-1,-1, -1,-1,2021,18.0,1,1,0,2,1,1,1,,7,LOUBES (ROUTE DES),0,,2,2,0,1,5,940,1,, -1,1,0,1,70,13,7,1,83,83069,2,3,0,3,LOUBES (ROUTE DES),43.110681,6.116232,14,2,2
202100012894,178Â 682,A01,2,1,1,5,2,6,-1,-1, -1,-1,2021,17.0,3,1,0,2,7,1,1,,4,DROYLSDEN (ROND POINT DE),0,,1,1,0,1,0,0,3,, -1,1,0,1,30,16,10,1,93,93077,2,6,1,3,DROYLSDEN (ROND POINT DE),48.88419,2.51672,11,2,2
202100046669,118Â 349,A01,1,1,1,5,1,-1,-1,0,0,-1,2021,32.0,1,2,1,0,7,1,1,,3,69,0,,2,2,0,1,22,600,1,, -1,1,5,4,-1,25,3,4,44,44077,2,1,0,6,20 Rue de la PiÃ©ta,47.517518,-1.474569,19,1,1
202100028961,149Â 958,A01,2,2,1,5,8,0,-1,-1, -1,-1,2021,9.0,2,0,0,0,0,1,0,,3,ROUTE DEPARTEMENTALE 15 A,0,,2,2,0,1,0,400,1,, -1,1,0,8,50,11,7,1,972,97213,2,1,0,7,ROUTE DEPARTEMENTALE 15 A,14.61118,-61.00084,11,4,1
202100005401,192Â 140,A01,1,1,1,0,2,6,-1,-1, -1,-1,2021,29.0,2,1,0,2,7,1,1,,3,2,0,,2,2,0,1,0,0,1,, -1,1,0,1,50,30,11,1,92,92012,2,1,0,3,JEAN JAURES (BOULEVARD) 63/215 - 70/208,48.8408370519,2.2273077071,12,2,2
202100043261,124Â 333,A01,1,1,1,5,0,-1,-1,0,0,-1,2021,60.0,1,1,0,0,7,1,5,,3,15,0,,2,2,0,2,15,740,1,, -1,1,0,1,80,21,4,1,4,4004,1,1,0,7,RD 15,43.806868,6.006507,10,1,1
202100028015,151Â 633,B01,1,1,1,5,2,-1,-1,0,0,-1,2021,72.0,0,1,0,2,1,1,5,,4,,-1,,2,1,0,2,(1),(1),2,,3,1,0,1,50,20,7,2,34,34215,2,1,0,1,Rue des Rouvieres,43.61424,3.51695,7,2,2
202100026765,153Â 878,A01,1,1,1,1,2,0,-1,-1, -1,-1,2021,55.0,1,1,15,0,8,1,1,,1,A13,0,,1,1,0,2,24,200,3,, -1,2,3,1,50,27,7,2,78,78498,1,1,0,6,A13,48.91788,2.00792,21,1,1
202100033471,141Â 943,A01,10,3,2,9,0,-1,-1,5,9,1,2021,60.0,3,2,6,1,1,20,2,,6,,0,,-1,-1,0,1,(1),(1),1,,4,1,9,8,50,18,6,1,31,31324,2,1,0,6,11 Lotissement du Parc,43.198696,1.014819,13,2,1
202100001306,199Â 429,A01,1,1,2,5,1,-1,-1,0,0,-1,2021,31.0,1,2,10,0,8,13,1,,3,981,-1,,2,2,0,1,45,400,1,, -1,2,2,1,80,27,12,2,71,71145,1,1,0,6,Route de Cluny,46.5364328659,4.6858385195,16,2,1
202100007088,189Â 091,A01,10,3,1,0,0,-1,-1,9,3,1,2021,22.0,1,2,0,1,2,1,1,,1,8,-1,A,3,5,0,1,184,200,1,, -1,1,0,1,90,21,11,3,6,6123,1,1,0,6,Autoroute A8 - Pk 184.200 sud,43.665951,7.187608,6,2,1
202100008372,186Â 766,B01,1,1,1,1,2,0,-1,-1, -1,-1,2021,26.0,1,1,0,2,1,1,1,,3,,-1,,2,1,-1,1,1,0,1,, -1,1,5,1,50,11,11,5,94,94076,2,2,0,3,Rue de Verdun,48.794959,2.354375,19,2,2
202100011041,181Â 982,A01,10,3,1,5,0,-1,-1,3,3,1,2021,74.0,1,2,0,1,3,1,1,,2,JEAN JAURES ( AVENUE ),0,,2,2,0,1,38,341,1,, -1,1,0,1,50,22,10,1,5,5061,2,1,1,6,JEAN JAURES ( AVENUE ),44.55459,6.07427,14,2,1
202100052837,107Â 275,A01,1,1,1,4,1,-1,-1,0,0,-1,2021,36.0,2,4,3,2,1,6,1,,1,10,0,,3,6,3,1,79,500,1,, -1,1,0,1,130,3,2,1,45,45008,1,1,1,3,A10 PK 79+500 sens 1,48.0768344924,1.8502543935,11,2,2
202100001364,199Â 327,A01,1,1,1,0,2,0,-1,-1, -1,-1,2021,36.0,1,1,0,2,2,1,1,,3,MADELEINE (ROUTE DE LA),0,,2,2,0,1,2,500,1,, -1,1,0,1,50,25,12,1,973,97302,2,1,0,3,MADELEINE (ROUTE DE LA),4.91565,-52.32116,15,3,2
202100039643,130Â 731,A01,1,1,2,0,8,-1,-1,0,0,-1,2021,78.0,1,2,0,0,0,0,1,,3,438,-1,,2,2,0,1,14,1200,1,, -1,2,0,1,50,17,5,1,25,25370,2,1,1,6,D438,47.436136,6.782176,13,2,2
202100049599,113Â 086,B01,1,1,1,0,2,0,-1,-1, -1,-1,2021,33.0,2,1,0,2,1,13,1,,3,PAUL VALENTINO (AVENUE),0,,2,0,0,1,(1),(1),1,, -1,1,9,8,50,28,2,5,971,97101,1,1,0,3,PAUL VALENTINO (AVENUE),16.227159,-61.529693,23,2,2
202100038250,133Â 275,A01,1,1,2,0,1,-1,-1,0,0,-1,2021,30.0,3,2,0,0,1,13,1,,9,203,0,D,2,2,0,2,0,0,3,, -1,1,0,1,50,26,5,1,74,74076,2,4,0,1,Chemin de Buaz,45.99573,6.040756,18,2,2
202100008280,186Â 914,A01,2,2,2,3,8,-1,-1,0,0,-1,2021,22.0,2,2,13,0,3,1,1,,2,21,-1,,2,2,0,2,27,264,1,, -1,2,0,3,80,13,11,1,47,47055,1,1,0,6,Pech Bru,44.480298,0.675563,15,7,1
202100029572,148Â 932,A01,5,2,1,5,1,-1,-1,-1, -1,-1,2021,27.0,1,2,1,0,3,13,1,,4,TRAMASSAC                           (R ),0,,1,1,2,1,(1),(1),1,, -1,1,0,1,50,10,7,5,69,69385,2,1,0,6,TRAMASSAC (R),45.7618,4.82609,2,3,1
202100045112,121Â 101,A01,1,1,2,0,1,8,-1,-1, -1,-1,2021,21.0,1,0,0,2,1,1,0,,2,PIERRE ET MARIE CURIE (RUE),0,,1,1,0,1,0,300,1,, -1,1,0,1,30,4,4,1,972,97209,2,1,0,2,PIERRE ET MARIE CURIE (RUE),14.6096,-61.0718,11,2,2
202100044529,122Â 123,A01,1,1,1,1,1,0,-1,-1, -1,-1,2021,54.0,1,2,4,0,8,13,1,,1,A86,0,,3,4,0,1,3,180,1,, -1,2,0,1,90,10,4,1,92,92025,1,1,1,6,A86,48.9231213777,2.2286452406,16,1,1
202100011042,181Â 981,A01,1,1,1,4,8,-1,-1,-1, -1,-1,2021,63.0,2,1,0,1,1,1,5,,3,PLAGE (BD DE LA) DU 01 AU 53,0,,2,2,0,1,19,320,1,, -1,1,0,1,50,20,10,1,33,33009,2,1,0,6,,44.656925,-1.148044,10,2,1
202100003647,195Â 234,A01,1,1,2,9,8,0,-1,-1, -1,-1,2021,49.0,1,0,0,0,7,26,3,,4,HERAUDIERES,0,,1,2,0,1,1,0,2,, -1,1,0,1,30,9,12,1,49,49267,2,6,0,7,HERAUDIERES,47.46106,-0.47894,9,1,1
202100005278,192Â 351,A01,1,1,1,5,1,8,-1,0,0,-1,2021,94.0,1,2,0,2,1,5,1,,3,RD 2009,0,,3,4,0,1,24,0,1,, -1,1,3,1,110,27,11,1,63,63300,1,1,0,1,RD 2009,45.87794,3.12674,16,3,2
202100005351,192Â 222,B01,1,1,2,0,1,0,-1,-1, -1,-1,2021,51.0,3,2,8,2,1,1,1,,4,Georges CHARPAK (rue),0,,2,2,0,2,1,0,1,, -1,1,0,1,50,30,11,5,13,13213,2,3,0,3,Georges CHARPAK (rue),43.34428,5.44334,18,2,2
202100037925,133Â 877,A01,1,1,1,5,2,-1,-1,0,0,-1,2021,49.0,1,1,0,9,1,1,5,,3,D142,0,A,2,2,0,1,0,0,1,, -1,1,0,1,50,29,5,1,84,84138,2,3,0,6,Route de Baume-de-transit,44.371907,4.96618,9,3,3
202100052749,107Â 438,C01,1,1,2,5,1,8,-1,-1, -1,-1,2021,48.0,1,2,0,2,1,1,1,,3,ENTRAIDE (ROUTE DE L'),0,,2,2,0,1,1,0,1,, -1,1,0,1,50,2,2,3,972,97209,1,1,0,5,ENTRAIDE (ROUTE DE L'),14.62505,-61.0549,18,6,4
202100052118,108Â 548,Z01,10,3,1,2,8,8,-1,3,3,2,2021,7.0,3,2,0,1,1,26,0,,4,FLEMING RUE,0,,2,2,0,2,(1),(1),1,, -1,9,0,1,50,8,2,3,59,59648,2,3,0,6,FLEMING RUE,50.59006,3.0446,18,2,1
202100012877,178Â 709,A01,10,3,2,5,0,-1,-1,2,3,2,2021,62.0,1,1,0,1,3,1,1,,4,BOULEVARD VOLTAIRE,0,,2,4,1,1,(1),(1),1,, -1,1,0,1,30,16,10,1,75,75111,2,1,0,6,BOULEVARD VOLTAIRE,48.85702,2.381444,16,3,1
202100016566,172Â 020,B01,1,1,1,5,1,-1,-1,0,0,-1,2021,21.0,1,2,0,2,1,2,1,,3,12,0,D,2,2,0,1,13,162,1,, -1,1,0,1,50,26,9,2,31,31547,2,1,0,2,3730 route de saint lys Les Aujoulets,43.503523,1.259673,8,2,2
202100012540,179Â 298,A01,1,1,1,5,2,6,9,0,0,-1,2021,32.0,3,1,0,6,0,1,1,,3,38,0,D,2,2,0,1,(1),(1),1,, -1,1,0,3,80,17,10,1,58,58189,1,1,0,6,D38,47.230474,3.090894,11,1,1
202100021325,163Â 534,B01,1,1,1,4,1,-1,-1,0,0,-1,2021,57.0,2,4,0,0,3,2,1,,3,683,-1,D,2,2,0,1,49,900,1,, -1,1,0,1,80,3,9,3,25,25014,1,1,0,1,"rd 683, pr 49.900",47.30464,6.172901,2,2,2
202100010784,182Â 462,A01,10,3,1,-1,0,0,0,1,3,1,2021,63.0,2,2,0,1,3,1,1,,3,93,-1,,2,2,0,1,17,604,1,, -1,1,0,1,80,28,10,2,44,44019,1,1,0,6,D93,47.321207,-1.910445,18,2,1
202100024258,158Â 307,B01,1,1,1,5,2,-1,-1,-1, -1,-1,2021,63.0,1,1,0,2,4,1,1,,4,GILLES (AVENUE GENERAL),0,,2,2,0,1,0,0,1,, -1,1,0,1,50,13,8,1,66,66136,2,1,0,2,GILLES (AVENUE GENERAL),42.69857,2.92892,11,2,2
202100018439,168Â 668,B01,1,1,2,0,1,0,-1,-1, -1,-1,2021,34.0,1,2,0,0,4,23,1,,3,992,0,,1,2,0,1,0,0,1,, -1,1,0,1,50,17,9,5,92,92025,2,1,0,2,CHARLES DE GAULLE (BD),48.914926,2.228595,21,2,2
202100054089,105Â 064,A01,3,2,2,2,1,0,-1,-1, -1,-1,2021,18.0,3,2,0,2,7,13,1,,4,RUE MONTMAJOUR,0,,2,2,0,1,0,0,1,, -1,2,0,1,50,22,1,1,13,13004,2,1,1,3,RUE MONTMAJOUR,43.6926636246,4.6412824284,12,5,2
202100007270,188Â 759,A01,1,1,1,9,2,0,-1,-1, -1,-1,2021,19.0,1,1,0,2,3,17,1,,4,MONTASINOS (RUE DE,0,,2,1,0,2,(1),(1),1,, -1,1,0,1,50,18,11,1,34,34172,2,3,0,5,MONTASINOS (RUE DE),43.6289525766,3.8807486863,8,3,3
202100027256,153Â 000,A01,8,2,1,5,1,-1,-1,0,0,-1,2021,19.0,3,2,6,0,1,13,1,,4,,-1,,2,2,0,1,(1),(1),3,,4,1,0,3,50,23,7,2,57,57540,2,1,0,6,36 Route de Bois de Chene du Haut,48.762037,7.271943,20,5,1
202100023949,158Â 824,A01,1,1,2,1,0,-1,-1,0,0,-1,2021,18.0,2,1,12,0,0,1,5,,7,523,-1,,2,2,0,1,8,250,1,, -1,1,0,1,50,16,8,1,38,38150,2,1,0,7,Route de Savoie,45.208091,5.850338,13,2,2
202100005678,191Â 649,A01,1,1,1,1,2,6,-1,0,0,-1,2021,50.0,1,1,0,2,6,1,1,,1,57,-1,,3,2,0,1,13,530,3,, -1,1,3,1,90,29,11,3,83,83130,1,1,1,2,Autoroute A57 sortie nÂ° 7,43.194864,6.040195,21,2,2
202100012991,178Â 521,A01,1,1,2,5,1,-1,-1,0,0,-1,2021,20.0,3,2,16,0,3,13,1,,4,27,0,C,2,2,0,1,(1),(1),3,, -1,1,0,8,80,16,10,3,81,81219,1,1,0,7,Lieu dit Mongagnes,43.608081,2.030445,4,2,1
202100050611,111Â 223,A01,1,1,2,9,0,-1,-1,0,0,-1,2021,39.0,2,2,8,0,1,1,1,,4,,-1,,2,2,0,1,(1),(1),2,, -1,1,0,4,-1,23,2,1,37,37077,2,1,0,6,Rue du Breuil,47.344510116,0.457731843,15,1,1
202100036291,136Â 812,A01,1,1,1,5,0,-1,-1,0,0,-1,2021,29.0,0,4,13,0,0,0,1,,4,,-1,,-1,2,0,1,(1),(1),1,,5,3,0,8,50,5,6,1,43,43022,1,1,0,7,PrÃ¨s de l'AÃ©rodrome,45.3206257098,3.3641123772,17,4,1
202100010475,183Â 000,A01,10,3,2,9,0,-1,-1,2,3,1,2021,38.0,1,2,0,1,2,1,1,,4,ST PIERRE DE VAISE                  (R ),0,,2,2,0,1,(1),(1),1,, -1,1,0,1,50,27,10,2,69,69389,2,1,1,6,ST PIERRE DE VAISE (R),45.7731,4.8073,17,2,1
202100001868,198Â 458,B01,1,1,2,0,2,0,-1,0,0,-1,2021,59.0,1,1,0,2,8,15,5,,4,ALEXANDRE 1ER (RUE),0,,2,2,0,1,(1),(1),1,, -1,1,0,1,50,21,12,1,54,54482,2,3,0,3,ALEXANDRE 1ER (RUE),48.70081,6.20196,9,2,2
202100049507,113Â 260,A01,1,1,1,5,2,6,-1,-1, -1,-1,2021,22.0,1,1,6,0,1,1,1,,4,REPUBLIQUE   RUE DE LA,0,,2,2,0,1,(1),(1),1,, -1,1,0,1,30,2,3,1,17,17291,2,1,0,6,REPUBLIQUE   RUE DE LA,46.18639,-1.11844,16,1,1
202100042418,125Â 802,A01,1,1,1,0,1,0,-1,-1, -1,-1,2021,30.0,1,2,0,2,6,11,1,,2,186,0,,3,4,0,1,49,700,1,, -1,1,0,1,90,26,4,1,94,94065,1,1,0,3,N186,48.75497,2.34479,19,2,2
202100054564,104Â 244,A01,10,3,2,0,0,-1,-1,4,3,1,2021,49.0,0,2,0,1,1,1,1,,4,BEAUVILLE NORD (BOULEVARD DE),0,,2,3,0,4,(1),(1),1,, -1,1,0,1,50,15,1,5,80,80021,2,1,0,6,BEAUVILLE NORD (BOULEVARD DE),49.9064063122,2.3180496567,7,2,1
202100008198,187Â 068,B01,1,1,2,5,1,-1,-1,0,0,-1,2021,59.0,1,2,0,2,3,1,1,,3,979,0,D,2,2,0,2,56,200,4,, -1,1,0,1,70,13,11,1,30,30228,1,1,0,1,RD979,43.931528,4.386549,13,2,2
202100039204,131Â 546,B01,1,1,1,0,2,-1,-1,0,0,-1,2021,41.0,2,1,0,2,1,21,1,,2,01,0,,2,2,0,1,19,900,1,, -1,1,0,1,-1,19,5,5,987,98733,2,1,0,3,PK 19.900 RT1,-17.675484,-149.589624,18,4,2
202100018665,168Â 277,A01,1,1,1,5,1,-1,-1,0,0,-1,2021,75.0,2,2,0,2,8,13,1,,1,52,0,A,4,3,0,1,0,0,1,, -1,1,3,1,70,13,9,2,13,13025,1,1,0,5,A52,43.482071965,5.5586957932,19,4,3
202100011202,181Â 709,A01,1,1,1,4,2,6,-1,0,0,-1,2021,31.0,2,1,0,2,1,1,1,,4,CRONSTADT (RUE DE),0,,2,2,0,1,(1),(1),3,, -1,1,5,1,50,24,10,4,65,65440,2,4,0,3,CRONSTADT (RUE DE),43.22875,0.07268,19,3,2
202100014752,175Â 342,A01,10,3,2,0,0,-1,-1,1,9,1,2021,59.0,3,2,0,1,4,20,1,,5,MACHARD (RUE JULES),0,,-1,1,0,1,(1),(1),1,, -1,1,0,8,50,20,3,1,39,39198,2,1,0,6,14 Rue Jules Machard,47.09489,5.48429,11,2,1
202100002028,198Â 167,A01,1,1,1,0,1,-1,-1,0,0,-1,2021,50.0,1,2,0,2,3,1,1,,3,VICTOR-HUGO (RUE),0,,1,1,0,1,499,0,1,, -1,1,0,1,50,20,12,2,14,14220,2,2,0,3,MIRABEAU (RUE),49.36009,0.08028,16,4,2
202100019584,166Â 625,A01,1,1,1,0,1,-1,-1,0,0,-1,2021,41.0,2,2,1,0,2,15,1,,3,D25E,0,E,2,2,0,1,4,777,1,, -1,1,0,1,-1,11,9,1,34,34213,1,3,0,4,Avenue de SÃ¨te,43.474474,3.678349,15,3,3
202100049887,112Â 567,A01,1,1,1,0,2,6,-1,-1, -1,-1,2021,22.0,1,1,0,2,1,25,1,,4,ROUMANILLE (RUE),0,,2,1,1,1,0,0,1,, -1,1,0,1,50,27,2,1,30,30189,2,1,0,3,ROUMANILLE (RUE),43.82837,4.35323,12,2,2
202100056151,101Â 515,A01,1,1,1,0,8,0,-1,-1, -1,-1,2021,46.0,3,1,0,2,1,1,5,,4,MARZY,0,,2,2,0,1,0,0,1,, -1,2,0,1,50,5,1,5,58,58194,2,3,1,3,MARZY,46.98806,3.12674,17,2,2