Num_Acc,id_vehicule,num_veh,place,catu,sexe,trajet,secu1,secu2,secu3,locp,actp,etatp,year_acc,victim_age,senc,catv,obs,obsm,choc,manv,motor,occutc,catr,voie,v1,v2,circ,nbv,vosp,prof,pr,pr1,plan,lartpc,larrout,surf,infra,situ,vma,jour,mois,lum,dep,com,agg_,int,atm,col,adr,lat,long,hour,nb_victim,nb_vehicules
202100023073,160Â 377,A01,1,1,1,4,1,0,-1,0,0,-1,2021,45.0,3,2,14,0,1,9,1,,4,DE GAULLE (BOULEVARD),0,,2,2,0,1,(1),(1),1,, -1,1,5,1,50,2,8,3,27,27562,2,6,0,6,DE GAULLE (BOULEVARD),49.09756,1.45756,3,1,1
202100003646,195Â 236,A01,1,1,2,9,8,0,-1,-1, -1,-1,2021,19.0,1,1,0,2,1,1,5,,4,CHARLET,0,,1,1,0,1,1,0,1,, -1,1,0,1,50,9,12,1,49,49007,2,1,0,2,CHARLET,47.47334,-0.57653,11,2,2
202100030841,146Â 636,A01,1,1,2,5,1,0,-1,-1, -1,-1,2021,28.0,2,2,0,2,3,19,1,,7,ROBESPIERRE (RUE MAXIMILIEN ROBESPIERRE),0,,2,2,0,1,(1),(1),1,, -1,1,0,1,50,4,7,1,45,45147,2,2,0,3,Rue Maximilien de Robespierre,47.939241,1.921087,19,3,2
202100039569,130Â 859,A01,1,1,1,9,2,8,-1,-1, -1,-1,2021,22.0,2,1,0,2,1,17,1,,3,OLOF PALME,0,,2,2,0,1,29,440,1,, -1,1,0,1,70,17,5,1,64,64445,2,3,0,2,OLOF PALME,43.3359436136,-0.3637182713,7,2,2
202100003158,196Â 118,A01,1,1,1,9,2,6,-1,0,0,-1,2021,30.0,2,1,0,2,2,1,3,,4,RUE GEORGE SAND,0,,1,2,0,1,(1),(1),1,, -1,1,0,1,30,9,12,1,75,75116,2,1,0,3,RUE GEORGE SAND,48.849878,2.268305,13,2,2
202100014105,176Â 481,A01,1,1,1,5,1,-1,-1,-1,0,-1,2021,54.0,2,2,0,2,1,1,1,,1,AUTOROUTE A15,0,,3,8,0,1,7,599,1,, -1,1,0,1,110,10,10,1,95,95018,1,1,0,2, A15,48.962105,2.267579,6,2,2
202100052105,108Â 572,A01,10,3,1,2,0,-1,-1,1,3,1,2021,13.0,2,2,0,1,2,1,1,,4,RUE FREDERIC JOLIOT CURIE,0,,2,2,0,1,0,100,1,, -1,1,0,1,50,8,2,2,91,91657,2,1,0,6,RUE FREDERIC JOLIOT CURIE,48.703368,2.420107,17,4,1
202100035858,137Â 596,A01,2,2,2,5,1,0,-1,-1, -1,-1,2021,27.0,2,2,0,2,1,2,1,,1,AUTOROUTE A6A,0,,1,3,0,1,7,300,1,, -1,1,0,1,110,8,6,1,94,94034,1,1,0,4,AUTOROUTE A6A,48.75439,2.33272,14,4,3
202100050488,111Â 449,A01,10,3,1,5,0,-1,-1,2,3,1,2021,16.0,2,3,0,1,2,26,1,1.0,4,CARNOT (AV),0,,2,2,0,1,1,0,1,, -1,1,0,1,50,23,2,1,94,94078,2,1,0,6,CARNOT (AV),48.733014,2.447596,16,2,1
202100052540,107Â 805,B01,1,1,1,0,8,-1,-1,-1, -1,-1,2021,12.0,3,1,0,2,7,1,5,,4,SCHWEITZER (RUE DU DOCTEUR),0,,2,2,0,1,(1),(1),1,, -1,1,5,1,50,4,2,1,51,51454,2,3,0,3,Rue du Docteur Albert Schweitzer,49.280902064,4.0211311355,16,2,2
202100015242,174Â 460,A01,1,1,2,9,1,0,-1,0,0,-1,2021,45.0,2,2,0,1,0,16,1,,3,HENRI BARBUSSE (AVE) NÂ°126-280,0,,2,2,0,1,0,1,1,, -1,1,0,1,50,4,10,1,93,93029,2,3,0,6,Rue Marcellin Berthelot / Avenue Henri Barbusse,48.917448,2.446362,10,2,1
202100021714,162Â 824,A01,1,1,1,4,8,-1,-1,0,0,-1,2021,46.0,2,4,6,0,3,6,1,,1,35,-1,A,1,4,0,1,8,50,1,, -1,1,2,8,130,26,8,1,67,67008,1,1,0,1,A352,48.5176851652,7.5216436386,9,2,2
202100021066,164Â 004,A01,1,1,2,1,8,0,-1,-1, -1,-1,2021,34.0,2,0,0,2,8,1,3,,4,,0,,3,2,0,2,(1),(1),2,, -1,1,0,1,50,2,9,1,25,25056,2,1,0,3,ALLENDE  BOULEVARD SALVADOR,47.2207,5.97886,17,2,2
202100020997,164Â 132,A01,1,1,1,1,2,6,-1,-1, -1,-1,2021,26.0,3,1,0,2,1,2,1,,4,MONTGOLFIER                         (R ),0,,1,3,0,1,(1),(1),1,, -1,2,0,1,30,3,9,1,69,69386,2,1,1,2,MONTGOLFIER (R),45.77234,4.85348,19,2,2
202100000846,200Â 221,A01,10,3,2,0,0,-1,-1,3,3,1,2021,23.0,3,2,0,1,2,26,1,,4,ARISTIDE BRIAND (RUE),0,,2,2,0,1,0,0,1,, -1,2,0,1,30,29,12,1,91,91549,2,1,1,6,ARISTIDE BRIAND (RUE),48.63363,2.331921,15,2,1
202100054236,104Â 806,B01,1,1,1,9,2,0,-1,0,0,-1,2021,24.0,1,1,0,2,4,15,1,,4,RUE LECOURBE,0,,2,2,0,1,(1),(1),1,, -1,2,0,1,50,21,1,5,75,75115,2,2,1,2,RUE LECOURBE,48.84263,2.302677,18,2,2
202100042407,125Â 831,A01,2,2,1,1,1,-1,-1,0,0,-1,2021,33.0,2,2,0,2,1,13,1,,3,,-1,,2,2,0,1,2,151,1,, -1,1,0,1,50,28,4,1,77,77470,2,3,0,1,Rue de l''Industrie,48.734599,2.786727,8,3,2
202100015884,173Â 282,A01,2,2,1,5,8,0,-1,-1, -1,-1,2021,20.0,2,1,14,0,3,1,1,,3,CHARLES DE GAULLE,0,,3,2,0,1,0,9,3,, -1,1,0,1,50,4,8,5,84,84007,2,1,0,7,CHARLES DE GAULLE,43.930013,4.823986,0,2,1
202100028628,150Â 542,B01,2,2,2,5,1,8,-1,0,0,-1,2021,91.0,2,2,0,2,4,23,1,,4,JEAN MOULIN (BD),0,,4,3,0,1,(1),(1),1,, -1,1,0,1,50,15,7,1,63,63063,2,2,0,4,JEAN MOULIN (BD)/8mai,45.8301573235,3.1054269322,15,5,3
202100009929,183Â 944,A01,1,1,1,9,8,0,-1,0,0,-1,2021,25.0,1,1,1,0,0,13,3,,4,AVENUE BOSQUET,0,,1,4,0,1,(1),(1),1,, -1,1,0,1,30,1,11,5,75,75107,2,2,0,6,AVENUE BOSQUET,48.856234,2.304909,4,1,1
202100045435,120Â 520,B01,1,1,2,0,1,0,-1,-1, -1,-1,2021,37.0,3,2,0,2,1,1,1,,4,GUYNEMER (AV),0,,2,2,0,1,1,0,1,, -1,1,0,1,30,2,4,1,94,94068,2,2,0,3,Avenue Guynemer,48.78824,2.48527,14,3,2
202100049884,112Â 571,A01,1,1,1,0,8,-1,-1,-1, -1,-1,2021,52.0,1,1,0,2,1,1,1,,4,RUE CAPDEVILLE,0,,2,2,0,1,(1),(1),1,, -1,1,0,1,50,27,2,5,33,33063,2,3,0,3,Rue Capdeville,44.8432399893,-0.5864357582,19,2,2
202100001213,199Â 604,B01,1,1,1,5,2,8,-1,-1, -1,-1,2021,60.0,2,1,0,2,1,19,5,,3,RASPAIL (AV),0,,2,2,0,2,1,0,1,, -1,2,6,1,20,27,12,5,94,94037,2,9,1,3,RASPAIL (AV),48.81422,2.349505,17,2,2
202100011472,181Â 220,A01,8,2,2,5,0,-1,-1,0,0,-1,2021,15.0,0,2,13,0,1,0,1,,3,33,-1,,2,2,0,1,(1),(1),2,, -1,2,0,8,80,24,10,3,58,58299,1,1,1,6,D233,47.452934,3.439965,6,3,1
202100051770,109Â 162,B01,2,2,2,1,1,8,-1,-1, -1,-1,2021,21.0,1,2,0,2,1,2,1,,2,RN104,0,,3,4,0,1,15,100,1,, -1,1,0,1,110,12,2,1,77,77450,1,1,0,2,RN104,48.7076627011,2.5986078309,16,3,2
202100016531,172Â 078,B01,1,1,2,1,8,0,-1,-1, -1,-1,2021,51.0,2,2,0,2,8,1,1,,4,,0,,1,1,0,1,0,0,1,, -1,1,0,1,50,9,5,1,92,92044,2,2,0,3,MARIUS AUFAN(RUE) 1A67 ET 2A78,48.888372657,2.2868379951,17,2,2
202100050581,111Â 274,B01,1,1,1,5,1,8,-1,-1, -1,-1,2021,23.0,1,2,2,0,9,13,1,,7,D116,0,,2,2,0,1,5,615,3,, -1,9,0,3,50,20,2,1,34,34129,1,1,0,5,D116,43.56127,3.86689,15,5,3
202100007495,188Â 359,A01,1,1,1,5,2,6,-1,0,0,-1,2021,25.0,2,1,15,0,1,15,1,,3,770,-1,D,2,2,0,1,12,100,2,, -1,1,0,1,80,19,11,1,29,29106,1,1,0,6,D770 - Ty Feunteun,48.116976,-4.072763,16,1,1
202100037101,135Â 389,A01,1,1,1,5,2,6,9,0,0,-1,2021,28.0,1,1,0,2,1,2,1,,3,1092,0,D,3,2,0,1,35,500,3,, -1,1,0,1,80,1,6,1,38,38137,1,3,0,2,D1092,45.265762,5.46307,17,2,2
202100024895,157Â 161,B01,1,1,1,1,1,0,-1,0,0,-1,2021,21.0,1,2,0,2,4,23,1,,4,COURS DE VINCENNES,0,,-1,3,0,1,(1),(1),2,, -1,1,0,1,50,9,8,1,75,75112,2,2,0,2,COURS DE VINCENNES,48.846906,2.411347,10,2,2
202100028865,150Â 124,A01,10,3,2,5,0,-1,-1,3,3,1,2021,55.0,1,2,0,1,7,15,1,,4,RUE CROIX DES PETITS CHAMPS,0,,2,2,0,1,(1),(1),1,, -1,2,0,1,50,13,7,2,75,75101,2,3,1,6,RUE CROIX DES PETITS CHAMPS,48.862239,2.339161,21,2,1
202100035035,139Â 072,Z01,10,3,2,1,8,8,-1,2,3,1,2021,20.0,2,0,0,1,0,1,0,,4,COMMANDANT DE ROBIEN (RUE),0,,2,2,0,1,0,0,1,, -1,1,0,1,50,10,6,1,13,13211,2,1,0,3,COMMANDANT DE ROBIEN (RUE),43.2888,5.49478,18,2,1
202100023132,160Â 267,A01,1,1,1,1,2,0,-1,0,0,-1,2021,34.0,1,1,0,0,8,15,3,,4,PLACE DENFERT ROCHEREAU,0,,1,3,0,1,(1),(1),2,, -1,1,0,1,50,21,8,5,75,75114,2,7,0,7,PLACE DENFERT ROCHEREAU,48.834314,2.330972,6,1,1
202100048610,114Â 870,A01,1,1,2,5,1,-1,-1,0,0,-1,2021,84.0,1,2,10,0,2,1,1,,3,29,0,,2,2,0,1,12,800,1,, -1,2,0,3,80,10,3,1,80,80606,1,1,1,6,d.29,49.947684,1.775724,16,1,1
202100025513,156Â 066,A01,2,2,1,5,1,-1,-1,0,0,-1,2021,39.0,1,2,0,0,4,1,1,,2,10,0,,2,2,0,1,87,500,1,,7,1,0,1,80,24,7,1,202,202123,1,1,0,2,T10,42.060625,9.43507,12,7,2
202100024978,157Â 012,A01,1,1,1,1,2,6,-1,-1, -1,-1,2021,24.0,2,1,0,0,0,1,1,,1,AUTOROUTE A6B,0,,3,3,0,1,5,800,4,, -1,1,0,1,50,9,8,1,94,94021,1,1,0,7,AUTOROUTE A6B,48.75962,2.33859,11,1,1
202100008189,187Â 087,A01,1,1,2,5,1,-1,-1,0,0,-1,2021,76.0,2,2,0,2,3,1,1,,2,122,0,,2,2,0,1,66,252,1,, -1,1,0,1,80,12,11,2,15,15154,1,1,0,5,Les Conrocqs,44.956224,2.589095,18,5,4
202100020435,165Â 112,B01,2,2,2,0,1,0,-1,-1, -1,-1,2021,38.0,2,2,0,2,4,2,1,,1,AUTOROUTE A86,0,,3,8,0,1,20,0,1,, -1,1,1,1,90,7,9,1,93,93029,1,1,0,2,AUTOROUTE A86,48.91867,2.42849,12,3,2
202100032141,144Â 297,Z01,10,3,1,5,0,-1,-1,1,3,1,2021,82.0,3,5,0,1,5,4,1,,4,PASSAGE HEBRARD,0,,2,2,0,2,(1),(1),1,, -1,2,0,1,30,26,6,1,75,75110,2,1,1,6,PASSAGE HEBRARD,48.872884,2.372349,10,2,1
202100005846,191Â 343,A01,1,1,1,0,1,0,-1,-1, -1,-1,2021,55.0,2,2,4,0,3,1,1,,1,AUTOROUTE A10,0,,1,2,0,1,4,199,3,, -1,2,0,1,70,28,11,3,91,91377,1,1,1,7,AUTOROUTE A10,48.71372,2.28974,6,1,1
202100017285,170Â 754,A01,1,1,1,5,0,-1,-1,0,0,-1,2021,44.0,2,2,0,2,1,13,0,,3,4,-1,,2,2,0,1,19,200,1,, -1,1,0,1,80,23,9,1,42,42157,1,1,0,1,Route de la Benisson Dieu,46.1398,4.012717,9,2,2
202100039740,130Â 548,A01,1,1,1,4,1,-1,-1,0,0,-1,2021,20.0,3,5,6,0,3,1,1,,3,215,0,,2,2,0,2,42,22,1,, -1,2,0,3,50,14,5,1,77,77151,1,1,1,6,D215,48.711368,3.163129,11,1,1
202100040673,128Â 923,A01,1,1,2,5,2,-1,-1,0,0,-1,2021,70.0,1,1,0,2,1,1,5,,3,49,-1,,2,2,0,2,14,280,1,, -1,1,0,1,80,9,5,1,73,73010,1,1,0,6,D49 Rte de Saint Girod (Mognard),45.752003,5.942018,10,2,2
202100010887,182Â 269,A01,1,1,1,0,2,8,-1,-1, -1,-1,2021,27.0,2,1,0,2,1,1,1,,4,GAND (RUE DE),0,,2,2,0,1,(1),(1),1,, -1,2,0,1,50,26,10,2,59,59599,2,1,1,3,GAND (RUE DE),50.72673,3.15753,18,2,2
202100054461,104Â 414,B01,1,1,1,9,2,6,-1,-1, -1,-1,2021,27.0,2,1,0,2,4,1,1,,7,FERRINI FORTUNE (AV),0,,2,2,0,2,2,800,2,, -1,1,0,1,50,18,1,1,13,13001,2,1,0,2,FERRINI FORTUNE (AV),43.50551,5.43554,15,2,2
202100055575,102Â 516,A01,1,1,2,1,1,-1,-1,0,0,-1,2021,35.0,2,2,13,0,2,1,1,,4,,-1,,2,2,0,1,(1),(1),1,, -1,7,0,1,70,2,1,1,51,51019,1,1,0,7,Rue de la Charme,49.208065,4.424433,9,1,1
202100022608,161Â 203,A01,1,1,2,4,1,8,-1,-1, -1,-1,2021,26.0,1,2,0,2,2,1,1,,4,PIERRE PFLIMLIN (BOULEVARD),0,,2,4,1,4,0,0,1,, -1,1,2,1,50,24,8,5,67,67482,2,1,0,1,PIERRE PFLIMLIN (BOULEVARD),48.5994,7.77139,21,4,2
202100000256,201Â 267,A01,3,2,2,0,1,0,-1,-1, -1,-1,2021,16.0,3,2,13,0,0,15,1,,4,GUILLEMOTTES(RUE DES),0,,2,2,0,2,0,0,2,, -1,2,0,1,50,13,11,3,38,38544,2,1,1,7,GUILLEMOTTES(RUE DES),45.5360907444,4.8879256813,22,3,1
202100043110,124Â 616,A01,1,1,1,5,2,-1,-1,0,0,-1,2021,74.0,2,1,0,2,0,1,5,,4,1,0,,2,2,1,1,(1),(1),1,, -1,1,2,5,50,22,4,1,33,33519,1,1,0,1,Avenue de Soulac,44.895936,-0.669222,13,2,2
202100003182,196Â 081,B01,1,1,2,2,2,-1,-1,0,0,-1,2021,15.0,3,1,0,2,7,1,1,,2,3,0,N,2,2,0,2,(1),(1),1,, -1,1,0,1,50,15,12,1,974,97422,2,3,0,1,172 Rue Georges Pompidou,-21.254327,55.522349,6,2,2
202100015798,173Â 430,A01,1,1,1,1,1,-1,-1,0,0,-1,2021,24.0,1,2,0,2,1,13,1,,2,4,-1,,2,2,0,2,45,798,1,, -1,2,0,1,80,2,10,1,77,77239,1,1,1,1,N4,48.691768,3.16196,16,2,2
202100001546,199Â 039,A01,10,3,2,0,0,-1,-1,3,3,1,2021,56.0,1,2,0,1,7,1,1,,3,,-1,,2,2,0,1,(1),(1),1,,6,1,0,1,30,23,12,1,68,68278,2,3,0,6,2 Rue Zuber,47.745086,7.399417,10,2,1
202100019934,166Â 002,A01,1,1,1,9,2,8,-1,-1, -1,-1,2021,18.0,2,1,1,2,2,17,1,,3,50,0,,2,2,0,1,0,0,1,, -1,1,0,1,50,9,9,1,92,92012,2,1,0,3,REPUBLIQUE (BOULEVARD DE LA) 5/77BIS - 6,48.83289,2.24717,17,2,2
202100050256,111Â 887,A01,10,3,1,5,0,-1,-1,9,3,1,2021,51.0,0,2,0,1,0,1,1,,6,0,0,A,-1,-1,0,1,0,0,1,, -1,1,0,8,30,25,2,1,49,49018,2,7,0,7,5 Rue de la GirouardiÃ¨re,47.540892,-0.104803,16,2,1
202100016830,171Â 535,A01,1,1,1,1,2,6,-1,-1, -1,-1,2021,39.0,1,1,0,2,7,17,1,,7,BRIAND (AVE ARISTIDE DE 1221 A FIN,0,,2,3,0,1,28,515,1,, -1,1,0,1,50,25,9,1,83,83137,2,1,0,3,BRIAND (AVE ARISTIDE DE 1221 A FIN,43.1228714464,5.8952647448,11,2,2
202100056204,101Â 429,A01,10,3,2,5,0,-1,-1,3,3,2,2021,75.0,2,2,0,1,2,1,1,,3,59,-1,D,2,2,0,4,30,961,1,, -1,1,0,1,50,5,1,1,35,35223,2,1,0,6,Rue du Fief,47.999937,-2.102459,15,2,1
202100018690,168Â 236,B01,10,3,1,5,0,-1,-1,1,A,1,2021,54.0,1,2,0,1,1,1,1,,3,950,0,D,2,2,0,1,14,365,1,, -1,1,0,1,110,16,9,3,62,62865,1,1,0,6,RD 950,50.333936,2.958471,23,2,1
202100038033,133Â 678,A01,10,3,2,3,0,-1,-1,3,3,-1,2021,58.0,2,2,0,1,1,1,1,,3,SAINT NICOLAS ( BD ) IMPAIR,0,,2,4,1,1,48,485,1,, -1,1,0,1,50,27,5,1,1,1053,2,1,0,6,SAINT NICOLAS ( BD ) IMPAIR,46.205837,5.234576,11,2,1
202100017812,169Â 781,B01,1,1,1,5,1,-1,-1,0,0,-1,2021,48.0,0,2,0,2,4,1,1,,3,VILLE IDEALE (AVENUE DE LA ),0,,2,2,0,1,(1),(1),1,, -1,1,0,1,50,15,9,1,80,80489,2,1,0,4,VILLE IDEALE (AVENUE DE LA ),49.8679487647,2.3714375496,14,3,3
202100053282,106Â 491,B01,1,1,2,1,1,-1,-1,0,0,-1,2021,27.0,2,2,0,2,1,1,1,,3,17,0,,2,2,0,1,18,500,1,, -1,2,0,1,80,15,1,1,65,65125,1,1,0,1,"route de lannemezan, D17",43.130227,0.368643,16,2,2
202100009276,185Â 118,A01,2,2,1,9,1,0,-1,0,0,-1,2021,21.0,1,2,0,2,1,13,4,,4,,0,,1,2,2,1,(1),(1),1,, -1,1,0,1,50,5,11,5,6,6088,2,1,0,1,FAURE (AV. FELIX),43.697689,7.271251,4,3,2
202100009704,184Â 356,A01,1,1,1,0,1,0,-1,-1, -1,-1,2021,27.0,1,2,3,0,0,1,1,,7,ROUTE DEPARTEMENTALE 652,0,,-1,4,0,1,7,0,1,, -1,2,0,1,90,1,11,3,59,59527,1,1,0,6,ROUTE DEPARTEMENTALE 652,50.6662104273,3.0277901888,2,1,1
202100032320,143Â 987,A01,1,1,1,9,2,6,-1,0,0,-1,2021,26.0,2,1,0,2,7,1,1,,4,BOULEVARD DELESSERT,0,,2,2,0,2,(1),(1),1,, -1,1,0,1,50,24,6,1,75,75116,2,3,0,3,BOULEVARD DELESSERT,48.859622,2.287714,10,3,2
202100007893,187Â 632,A01,1,1,1,5,1,-1,-1,0,0,-1,2021,26.0,1,2,2,0,3,17,1,,3,909,0,D,2,2,0,1,19,400,1,, -1,1,0,3,70,17,11,3,95,95660,1,1,0,6,RD 909,49.077197,2.349797,19,3,2
202100015738,173Â 533,A01,10,3,1,5,0,-1,-1,3,3,1,2021,76.0,1,2,0,1,1,16,1,,4,AVENUE DE LA PORTE DE SAINT CLOUD,0,,2,4,0,1,(1),(1),3,, -1,2,0,1,30,1,10,5,75,75116,2,4,0,6,AVENUE DE LA PORTE DE SAINT CLOUD,48.838633,2.254656,20,2,1
202100007739,187Â 924,A01,1,1,1,1,1,4,-1,-1,0,-1,2021,46.0,1,5,4,2,1,1,1,,2,RN 104,0,,1,1,0,1,25,0,2,, -1,1,0,1,50,17,11,1,95,95212,1,1,0,6,RN 104,49.03346,2.54227,9,1,1
202100010302,183Â 290,B01,1,1,1,5,2,0,-1,-1, -1,-1,2021,25.0,3,1,0,2,1,1,1,,3,MARZY,0,,2,2,0,1,0,0,1,, -1,1,0,1,30,28,10,5,58,58194,2,3,0,3,MARZY,46.98736,3.13643,20,2,2
202100055310,102Â 963,A01,1,1,2,1,1,0,-1,-1, -1,-1,2021,21.0,1,2,8,0,1,1,1,,4,,0,,2,2,0,1,0,0,3,, -1,8,0,3,70,11,1,1,49,49328,1,1,0,7,TRESOR (ROUTE DU),47.2628541979,-0.117174983,17,1,1
202100010214,183Â 450,A01,1,1,2,5,8,-1,-1,0,0,-1,2021,34.0,0,2,2,0,1,1,1,,3,123,0,D,1,1,1,1,16,0,2,, -1,2,5,8,50,31,10,3,60,60508,1,6,1,6,D123,49.308001,2.683024,2,2,1
202100023550,159Â 544,A01,1,1,2,5,1,8,-1,-1, -1,-1,2021,73.0,1,2,0,2,6,9,1,,1,ROCADE A 630,0,,3,4,0,1,12,579,1,, -1,1,8,1,70,19,8,1,33,33162,1,1,0,3,Rocade Nord Ouest,44.868501,-0.647388,12,2,2
202100003567,195Â 374,A01,2,2,2,0,1,0,-1,0,0,-1,2021,94.0,1,2,8,0,2,0,1,,4,MADAME MERE BD,0,,2,2,0,2,(1),(1),1,, -1,1,0,1,30,9,12,2,201,201004,2,1,0,6,MADAME MERE BD,41.91557,8.72413,17,2,1
202100041391,127Â 620,B01,1,1,1,5,2,6,-1,-1, -1,-1,2021,67.0,2,1,0,2,3,1,1,,1,AUTOROUTE A6,0,,3,6,0,3,15,250,1,, -1,1,0,1,110,5,5,1,91,91432,1,1,0,3,AUTOROUTE A6,48.69267,2.3211,10,2,2
202100015930,173Â 189,A01,10,3,2,5,8,8,-1,3,3,1,2021,60.0,1,2,0,1,1,15,1,,3,BOUVAT (QUAI JULES),0,,1,1,0,1,(1),(1),2,, -1,1,5,1,50,26,9,1,7,7281,2,1,0,6,BOUVAT (QUAI JULES),44.94367,4.84138,10,2,1
202100003548,195Â 403,A01,1,1,2,3,8,-1,-1,-1, -1,-1,2021,66.0,3,1,0,1,1,25,3,,4,FRANCIS DE PRESSENSE                (AV),0,,2,2,2,1,(1),(1),1,, -1,2,0,4,50,10,12,5,69,69259,2,1,0,6,FRANCIS DE PRESSENSE                (AV),45.72098,4.86723,17,2,1
202100023208,160Â 138,A01,1,1,1,1,2,-1,-1,0,0,-1,2021,17.0,1,1,0,2,1,17,1,,3,211,0,,2,2,0,1,(1),(1),1,, -1,1,0,1,50,21,8,1,68,68021,2,1,0,2,86 Rue de la Gare,47.6351,7.490804,12,2,2
202100010442,183Â 059,B01,1,1,1,1,0,-1,-1,0,0,-1,2021,18.0,3,1,0,2,7,19,3,,7,1051,0,F,2,2,2,1,(1),(1),1,, -1,1,0,1,50,30,10,2,38,38382,2,2,0,3,Avenue de Karben,45.24276,5.670689,8,2,2
202100049961,112Â 446,A01,1,1,1,9,1,-1,-1,0,0,-1,2021,20.0,2,2,9,0,1,12,1,,2,11,-1,,3,4,0,1,5,500,1,, -1,1,3,1,110,28,2,1,202,202148,1,9,0,6,Route territoriale 11 - bretelle accÃ¨s aÃ©roport de Poretta,42.551824,9.460827,13,3,1
202100032983,142Â 795,C01,1,1,1,5,1,0,-1,-1, -1,-1,2021,59.0,2,2,0,2,4,0,1,,1,A507 sens Aubagne- Marseille,0,,-1,3,0,1,5,260,1,, -1,1,1,1,70,21,6,1,13,13055,1,1,0,2,A507 sens Aubagne- Marseille,43.31947,5.42277,9,4,4
202100049926,112Â 499,A01,1,1,1,5,6,2,9,0,0,-1,2021,22.0,1,1,16,0,1,1,1,,3,50,0,,2,2,0,1,13,291,1,, -1,1,0,3,80,28,2,1,76,76664,1,1,0,7,D50,49.785275,0.662688,15,1,1
202100008395,186Â 728,A01,1,1,1,5,1,-1,-1,0,0,-1,2021,70.0,2,2,2,0,9,13,1,,3,994,0,,2,2,0,1,40,230,4,, -1,2,0,3,80,12,11,3,12,12142,1,1,1,6,D994,44.400088,2.358879,21,1,1
202100001020,199Â 942,A01,1,1,1,3,1,0,-1,0,0,-1,2021,32.0,3,5,1,0,1,13,1,,4,CLEMENCEAU (BD GEORGES),0,,2,2,2,1,(1),(1),1,, -1,2,0,1,50,27,12,5,35,35238,2,1,1,6,Boulevard Georges Clemenceau,48.09407,-1.67695,23,1,1
202100015816,173Â 403,B01,1,1,1,5,6,2,-1,0,0,-1,2021,22.0,1,1,0,2,1,1,1,,3,1079,-1,,2,2,0,1,18,322,1,, -1,1,0,1,50,1,10,1,1,1115,2,1,0,3,30 Route de Bourg,46.255611,5.061861,17,2,2
202100015185,174Â 567,B01,1,1,1,2,2,6,-1,0,0,-1,2021,14.0,1,1,0,2,1,17,1,,3,98,0,A,2,2,1,1,57,500,1,, -1,1,0,1,70,6,10,1,83,83065,1,1,1,3,RD98A,43.2632752682,6.5803384781,7,2,2
202100038482,132Â 862,B01,1,1,1,3,1,-1,-1,0,0,-1,2021,46.0,2,2,0,2,4,23,1,,3,940,0,,2,2,0,1,43,160,1,, -1,1,0,1,50,26,5,1,62,62746,2,1,0,4,Rue Edmond Madare,50.669388,1.635375,11,3,3
202100008128,187Â 195,C01,1,1,1,4,1,4,-1,-1, -1,-1,2021,26.0,1,2,0,2,4,2,1,,1,A4.Y,0,,3,6,0,1,20,400,1,, -1,2,0,1,110,15,11,2,77,77146,1,1,1,6,A4.Y,48.8321,2.654,19,4,4
202100051748,109Â 199,A01,10,3,1,5,0,-1,-1,2,3,1,2021,82.0,3,5,0,1,2,1,1,,9,,-1,,2,2,0,1,(1),(1),3,, -1,1,5,1,50,12,2,1,53,53127,2,1,1,6,Rue Saint-sauveur,48.437497,-0.495651,16,2,1
202100025827,155Â 525,A01,2,2,2,0,1,-1,-1,0,0,-1,2021,25.0,1,2,4,0,1,1,1,,3,117,-1,,2,2,0,1,5,305,1,, -1,1,0,3,80,4,8,3,66,66164,1,1,0,7,RD117,42.75749,2.856617,1,2,1
202100006973,189Â 301,A01,1,1,1,3,1,-1,-1,0,0,-1,2021,28.0,0,2,4,0,2,0,1,,2,2,-1,,2,2,0,1,(1),(1),3,, -1,1,0,3,50,21,11,5,974,97419,2,1,0,1,Route Nationale 2,-21.132938,55.804641,19,1,1
202100032373,143Â 898,A01,1,1,1,5,0,-1,-1,0,0,-1,2021,35.0,2,2,12,0,0,1,1,,3,9,0,,2,2,0,1,46,500,1,, -1,1,0,1,80,25,6,5,51,51413,1,6,0,7,D9,49.002217,4.032589,23,1,1
202100028274,151Â 158,Z01,1,1,1,5,2,8,-1,-1, -1,-1,2021,16.0,1,1,0,2,0,15,1,,3,MONTABO (ROUTE DE) 2,0,,2,1,0,1,3,0,1,, -1,1,0,1,50,17,7,1,973,97302,2,1,0,3,MONTABO (ROUTE DE) 2,4.936430189,-52.2966070176,12,3,2
202100045656,120Â 131,B01,4,2,2,0,1,0,-1,-1, -1,-1,2021,24.0,1,2,0,2,3,0,1,,3,STALINGRAD (RUE DE) A10,0,,2,4,0,2,0,1,1,, -1,1,2,1,50,1,4,5,93,93029,2,3,0,1,STALINGRAD (RUE DE) A10,48.91563,2.42634,0,6,2
202100019691,166Â 448,A01,1,1,1,9,2,6,-1,0,0,-1,2021,47.0,2,1,8,0,1,1,1,,4,ELORN,0,,2,2,0,1,(1),(1),2,, -1,1,5,4,30,8,9,1,29,29019,2,1,0,6,Rue de lâElorn,48.3855433717,-4.4760393188,20,1,1
202100031265,145Â 856,B01,9,2,2,5,1,-1,-1,0,0,-1,2021,46.0,2,2,0,2,1,1,1,,3,86,-1,,2,2,0,1,5,0,1,, -1,1,0,1,80,3,7,3,95,95462,1,1,0,5,RD 86,49.1475197073,1.7134260238,23,6,3
202100012238,179Â 846,A01,1,1,1,5,1,0,-1,0,0,-1,2021,67.0,2,2,4,0,1,21,1,,4,BOULEVARD PERIPHERIQUE,0,,1,4,0,1,(1),(1),1,, -1,1,0,1,70,19,10,1,75,75118,2,4,0,6,BOULEVARD PERIPHERIQUE,48.900856,2.364249,12,2,1