Num_Acc,id_vehicule,num_veh,place,catu,sexe,trajet,secu1,secu2,secu3,locp,actp,etatp,year_acc,victim_age,senc,catv,obs,obsm,choc,manv,motor,occutc,catr,voie,v1,v2,circ,nbv,vosp,prof,pr,pr1,plan,lartpc,larrout,surf,infra,situ,vma,jour,mois,lum,dep,com,agg_,int,atm,col,adr,lat,long,hour,nb_victim,nb_vehicules
202100029351,149Â 304,A01,1,1,1,5,8,-1,-1,0,0,-1,2021,21.0,1,2,0,2,1,13,1,,3,2060,-1,,2,2,0,1,45,910,1,, -1,2,0,1,80,12,7,1,45,45017,1,1,0,1,D2060-PR 45 + 910,47.97033,2.506793,17,2,2
202100038158,133Â 445,A01,1,1,1,1,2,8,-1,-1, -1,-1,2021,31.0,2,1,0,2,3,17,1,,7,GASQUET (AVE JOSEPH DE 1408 A FIN,0,,3,2,0,1,32,790,1,, -1,1,8,1,50,26,5,1,83,83137,2,3,0,1,BLANCHARD (IMP DU DOCTEUR),43.12204,5.97352,7,2,2
202100014582,175Â 644,A01,10,3,2,2,0,-1,-1,3,3,1,2021,13.0,1,2,0,1,1,1,1,,4,SULLY                               (R ),0,,2,2,1,1,(1),(1),1,, -1,1,6,1,30,7,10,1,69,69275,2,1,0,6,SULLY (R),45.7713,4.97584,14,2,1
202100015935,173Â 180,A01,10,3,1,3,0,-1,-1,3,3,1,2021,72.0,3,2,0,1,2,1,1,,4,GEORGES POMPIDOU ( BD),0,,1,1,0,1,0,1,1,, -1,1,6,8,50,29,9,1,5,5061,2,1,0,6,GEORGES POMPIDOU ( BD),44.555196,6.076422,18,3,1
202100002831,196Â 715,A01,1,1,1,5,1,-1,-1,0,0,-1,2021,20.0,1,2,7,0,1,1,1,,1,75,0,,3,4,0,2,152,593,1,, -1,1,3,3,130,17,12,1,48,48005,1,1,0,6,Antrenas - Autoroute A75 -PK 152.593 - Sens Nord/Sud,44.58672513,3.25089365,8,1,1
202100007049,189Â 157,A01,10,3,2,3,0,-1,-1,3,3,1,2021,85.0,1,2,0,1,2,20,1,,4,RUE PECLET,0,,2,2,0,1,0,0,1,, -1,1,0,1,30,20,11,1,75,75115,2,3,0,6,RUE PECLET,48.842954,2.298755,16,2,1
202100012547,179Â 287,A01,10,3,2,3,0,-1,-1,3,3,1,2021,79.0,1,2,0,1,2,2,1,,3,900,0,,2,2,0,1,1,679,1,, -1,1,0,1,50,1,7,1,50,50236,2,7,0,6,Place du General de Gaulle,49.290412,-1.544003,14,2,1
202100031157,146Â 040,B01,1,1,1,4,1,0,-1,-1, -1,-1,2021,35.0,1,2,0,2,4,26,1,,9,COMBATTANTS AFN 52 62 (AV DES ),0,,-1,2,0,1,0,0,1,, -1,1,0,1,30,1,7,1,13,13054,2,1,0,2,COMBATTANTS AFN 52 62 (AV DES ),43.4039952938,5.2236442193,14,4,2
202100008565,186Â 426,A01,1,1,1,5,2,9,-1,0,0,-1,2021,18.0,2,1,3,0,1,2,1,,3,30,-1,D,2,1,0,2,33,753,4,, -1,1,0,3,80,11,11,1,69,69219,1,1,0,7,D 30,45.6583476251,4.6925997734,15,1,1
202100029951,148Â 265,A01,4,2,1,0,1,0,-1,-1, -1,-1,2021,20.0,2,2,4,0,9,1,1,,3,20,0,,2,4,0,1,41,0,1,, -1,1,0,1,90,7,7,1,91,91223,1,1,0,7,R.D.20,48.429013,2.160979,19,3,1
202100014511,175Â 771,B01,2,2,1,5,2,6,-1,0,0,-1,2021,21.0,1,1,0,2,1,1,1,,2,94,0,,2,2,0,1,130,440,1,, -1,1,0,1,50,9,10,1,5,5052,2,2,0,3,Route nationale 94,44.678388,6.61613,16,5,2
202100036544,136Â 394,A01,10,3,2,2,0,-1,-1,1,3,2,2021,11.0,2,2,0,1,2,1,1,,3,82,-1,,2,2,0,2,10,800,2,, -1,1,0,1,80,4,6,1,71,71250,1,1,0,6,Route de Macon,46.388633,4.803407,16,4,1
202100009793,184Â 187,A01,1,1,1,9,1,0,-1,-1, -1,-1,2021,18.0,3,2,8,0,8,1,1,,4,GEORGES POMPIDOU (RUE),0,,1,2,0,1,0,0,3,, -1,2,0,3,70,1,11,1,10,10387,2,1,0,7,GEORGES POMPIDOU (RUE),48.2962,4.0941,10,1,1
202100027016,153Â 425,A01,1,1,1,0,0,-1,-1,0,0,-1,2021,31.0,1,2,2,0,7,0,1,,2,3,0,,2,2,0,1,51,0,1,, -1,1,0,3,110,26,7,1,988,98808,1,1,0,6,NÃ©divin (Tribu),-21.28787,165.559303,13,4,1
202100055896,101Â 963,A01,10,3,2,5,0,-1,-1,2,3,1,2021,53.0,2,2,0,1,1,1,1,,2,CHARLES DE GAULLE (BD DU GENERAL),0,,2,2,0,1,(1),(1),1,, -1,1,0,1,50,7,1,1,971,97105,2,1,0,6,CHARLES DE GAULLE (BD DU GENERAL),16.00028,-61.73592,14,2,1
202100052323,108Â 188,A01,1,1,1,1,2,6,-1,0,0,-1,2021,19.0,1,1,0,2,1,2,1,,4,AVENUE DU PRESIDENT WILSON,0,,1,3,0,2,(1),(1),1,, -1,2,0,1,50,6,2,1,75,75116,2,3,1,2,AVENUE DU PRESIDENT WILSON,48.864961,2.295883,16,2,2
202100037447,134Â 723,A01,1,1,2,5,1,0,-1,0,0,-1,2021,76.0,3,2,1,0,1,14,1,,4,RUE LECONTE DE LISLE,0,,1,1,0,1,(1),(1),1,, -1,1,0,1,50,28,5,1,75,75116,2,1,0,6,RUE LECONTE DE LISLE,48.848376,2.269303,12,1,1
202100053416,106Â 240,A01,1,1,2,1,1,0,-1,-1, -1,-1,2021,37.0,1,2,0,2,1,2,1,,1,14,0,,1,4,0,1,0,400,1,, -1,1,1,1,70,28,1,5,92,92026,1,1,0,2,A14,48.887671,2.251633,19,2,2
202100002524,197Â 265,A01,1,1,2,5,0,-1,-1,0,0,-1,2021,40.0,2,1,0,0,6,1,5,,4,,-1,,2,2,0,2,(1),(1),1,,4,1,0,1,50,18,12,1,85,85160,2,1,0,2,5 Rue de la Merlerie,46.592258,-1.397592,16,2,2
202100017048,171Â 152,A01,10,3,1,5,0,-1,-1,2,3,1,2021,79.0,2,1,0,1,1,1,3,,4,RUE D ALESIA,0,,2,4,1,1,(1),(1),1,, -1,1,0,5,30,23,9,1,75,75114,2,4,0,6,RUE D ALESIA,48.8306302199,2.3189225793,16,2,1
202100038130,133Â 503,A01,2,2,2,5,1,-1,-1,-1,0,-1,2021,23.0,2,5,3,0,1,21,1,,3,RD 170 ,0,,3,5,0,1,0,50,1,, -1,1,0,1,70,27,5,1,95,95277,1,1,0,6,RD 170 ,48.97451,2.48487,16,2,1
202100015171,174Â 590,A01,10,3,2,0,0,-1,-1,3,3,1,2021,72.0,2,2,0,1,3,1,1,,3,6089,-1,,2,2,0,1,(1),(1),1,, -1,2,9,1,50,5,10,1,24,24547,2,1,1,6,Avenue Victor Hugo,45.130026,1.299345,11,2,1
202100038024,133Â 694,A01,10,3,1,0,0,-1,-1,2,3,1,2021,19.0,3,2,0,1,7,1,2,,4,8 MAI 1945 (AVENUE),0,,2,2,0,1,23,0,1,, -1,1,0,1,50,27,5,1,13,13117,2,1,0,3,8 MAI 1945 (AVENUE),43.4247,5.2778,18,2,1
202100000317,201Â 152,B01,1,1,1,0,1,0,-1,-1, -1,-1,2021,22.0,3,2,0,1,4,16,1,,4,RAYMOND FILIPPI AVENUE,0,,1,4,0,1,1,0,3,, -1,1,0,1,50,19,7,1,13,13047,2,1,0,2,RAYMOND FILIPPI AVENUE,43.4986,4.98089,17,2,2
202100033795,141Â 359,B01,1,1,1,0,2,8,-1,-1, -1,-1,2021,40.0,2,1,0,2,1,0,1,,3,GARE (ROUTE),0,,2,1,0,1,5,310,1,, -1,1,0,1,50,8,6,1,83,83123,2,1,0,3,GARE (ROUTE),43.12087,5.816079,17,2,2
202100041377,127Â 645,A01,1,1,1,4,1,-1,-1,0,0,-1,2021,33.0,2,2,0,2,1,13,1,,3,4096,-1,,2,2,0,2,19,800,1,, -1,1,0,1,80,6,5,1,4,4242,1,1,0,1,RD 4096,43.882316,5.855563,15,2,2
202100031451,145Â 528,A01,2,2,1,5,8,-1,-1,0,0,-1,2021,48.0,2,2,4,0,1,1,1,,1,11,-1,,3,3,0,2,106,650,1,,"13,5",2,0,1,130,29,6,1,28,28252,1,1,1,7,A11,48.226511,0.982096,18,2,1
202100043884,123Â 229,A01,1,1,1,5,8,0,-1,-1, -1,-1,2021,11.0,1,1,0,2,1,9,5,,4,MONTSOREAU (RUE DE),0,,1,1,0,1,(1),(1),1,, -1,1,0,1,50,13,4,1,37,37122,2,1,0,6,MONTSOREAU (RUE DE),47.3504896808,0.6790655851,11,2,2
202100043028,124Â 763,A01,10,3,1,0,0,-1,-1,2,3,1,2021,77.0,1,2,0,1,4,4,1,,4,CLOS NEUF (RUE DU),0,,2,2,0,1,(1),(1),1,, -1,1,0,1,50,22,4,1,45,45285,2,1,0,6,Rue du Clos Neuf,47.906116,1.876014,14,2,1
202100010816,182Â 397,B01,1,1,2,0,6,2,9,0,0,-1,2021,34.0,1,1,0,2,1,17,1,,3,1113,0,D,2,2,0,1,60,594,1,, -1,1,0,1,80,28,10,2,33,33080,1,3,0,3,D1113,44.730866,-0.532258,8,2,2
202100009448,184Â 813,A01,1,1,1,5,2,8,-1,-1, -1,-1,2021,43.0,0,1,15,0,7,1,1,,4,DENFERT ROCHEREAU RUE COLONEL PIERRE,0,,1,1,0,1,0,0,1,, -1,2,6,1,30,30,10,5,13,13056,2,1,1,7,DENFERT ROCHEREAU RUE COLONEL PIERRE,43.40838,5.05472,3,1,1
202100019421,166Â 918,B01,1,1,2,0,1,-1,-1,0,0,-1,2021,35.0,1,2,0,2,1,0,0,,3,39,0,,2,2,0,1,(1),(1),1,, -1,1,0,1,-1,13,9,1,85,85084,1,3,0,3,Les Noues les Essarts (Les Essarts),46.778357,-1.250009,9,4,2
202100039526,130Â 947,C01,1,1,1,9,1,-1,-1,0,0,-1,2021,50.0,1,2,0,2,1,2,1,,3,938,0,D,2,2,0,2,16,0,2,, -1,2,0,1,50,19,5,1,78,78575,1,1,1,5,Route de Limours,48.689572,2.064292,14,5,4
202100006647,189Â 906,A01,1,1,1,4,1,0,-1,-1, -1,-1,2021,62.0,2,2,8,0,1,13,1,,3,SALINE (BOULEVARD DE LA),0,,3,4,0,1,30,9,1,, -1,2,0,1,70,22,11,1,50,50173,2,1,0,6,SALINE (BOULEVARD DE LA),49.65639,-1.65372,9,2,2
202100009472,184Â 778,B01,1,1,1,5,2,6,-1,-1, -1,-1,2021,48.0,1,1,0,2,3,0,1,,3,GENERAL LECLERC (AV DU),0,,2,4,3,1,1,0,1,, -1,2,5,1,50,3,11,5,94,94046,2,2,0,1,Avenue du GÃ©nÃ©ral Leclerc,48.80577,2.44093,23,2,2
202100020585,164Â 836,B01,2,2,1,4,1,0,-1,-1, -1,-1,2021,37.0,2,2,0,2,5,13,1,,3,CONVENTION (RUE DE LA),0,,2,4,0,1,0,0,1,, -1,1,0,1,50,6,9,1,93,93027,2,2,0,3,Rue de la Convention / Avenue Marcel Cachin,48.92613,2.39666,15,3,2
202100030768,146Â 763,A01,10,3,1,5,0,-1,-1,6,3,1,2021,78.0,1,2,0,1,2,1,1,,4,24 MARS 1852 ,0,,2,2,3,1,(1),(1),1,, -1,1,0,1,50,30,6,1,69,69389,2,1,0,6,24 MARS 1852 (DU) (R) ,45.77877,4.80262,14,2,1
202100035462,138Â 324,A01,1,1,1,1,2,0,-1,-1, -1,-1,2021,28.0,2,1,0,2,4,23,1,,2,RTE NATIONALE 7,0,,1,2,0,1,0,0,2,, -1,1,0,1,50,9,6,1,91,91479,1,6,0,2,VOIE DES AVERNAISES,48.74384,2.36335,13,2,2
202100026152,154Â 947,B01,1,1,1,1,2,0,-1,0,0,-1,2021,32.0,1,1,0,2,4,17,5,,4,AVENUE NIEL,0,,2,2,0,1,(1),(1),1,, -1,1,0,1,50,31,7,1,75,75117,2,2,0,3,AVENUE NIEL,48.88293,2.29638,16,2,2
202100015781,173Â 461,A01,10,3,2,9,0,-1,-1,3,3,1,2021,55.0,2,2,0,1,4,4,1,,4,,0,,1,1,0,1,0,0,1,, -1,1,0,1,30,30,9,1,92,92024,2,2,0,6,GASTON PAYMAL (RUE) DE (1A 3)   (2   4),48.9030952134,2.3093777423,19,2,1
202100053542,106Â 013,A01,1,1,2,9,1,0,-1,-1, -1,-1,2021,45.0,1,2,0,2,5,26,1,,1,A7-Sens Marseille vers Lyon,0,,1,2,0,1,274,0,1,, -1,1,0,1,90,27,1,3,13,13215,1,1,0,2,A7-Sens Marseille vers Lyon,43.3730640913,5.3611908811,18,2,2
202100051121,110Â 296,B01,7,2,2,9,1,-1,-1,0,0,-1,2021,18.0,2,2,0,2,3,1,1,,3,511,0,,2,2,0,1,63,150,3,, -1,1,0,1,90,18,2,1,14,14572,1,1,0,1,D511,48.849863,-0.521314,16,5,2
202100024943,157Â 076,A01,1,1,1,5,2,6,9,0,0,-1,2021,58.0,2,1,0,2,1,17,1,,3,14,-1,,2,2,0,2,21,40,3,, -1,1,0,1,80,10,8,1,2,2758,1,9,0,6,"Le Fosse Michaux (D14, PK 21+040 )",49.419196,3.512334,12,4,3
202100036286,136Â 819,A01,1,1,1,0,1,0,-1,-1, -1,-1,2021,22.0,2,2,0,1,1,11,1,,3,13,0,,2,3,0,1,0,0,1,, -1,1,0,1,50,5,6,1,92,92025,2,2,0,6,VALMY (BD DE),48.9276470749,2.2536998435,10,2,1
202100038861,132Â 165,B01,2,2,1,5,1,0,-1,-1, -1,-1,2021,21.0,2,2,0,2,2,1,1,,1,A50 - Sens Aubagne vers Marseille,0,,1,2,0,2,15,800,1,, -1,1,0,1,110,21,5,3,13,13005,1,1,0,2,A50 - Sens Aubagne vers Marseille,43.2864217,5.5674290657,21,4,2
202100026452,154Â 418,B01,5,2,2,5,1,8,-1,-1, -1,-1,2021,29.0,3,2,0,2,6,24,1,,4,THOMAS (R LOUIS),0,,2,0,0,1,(1),(1),1,, -1,1,0,1,50,24,7,1,62,62563,2,1,0,3,THOMAS (R LOUIS),50.471296,2.710683,16,6,2
202100052793,107Â 358,A01,1,1,2,0,1,0,-1,-1, -1,-1,2021,41.0,1,2,16,0,1,19,1,,3,ROCADE OUEST (RD 610),0,,2,2,0,1,9,0,1,, -1,2,0,3,90,2,2,1,10,10325,1,1,0,7,ROCADE OUEST (RD 610),48.26169,4.08471,9,1,1
202100053369,106Â 326,B01,2,2,2,5,1,-1,-1,0,0,-1,2021,88.0,2,2,0,2,2,17,1,,3,27,-1,,2,2,0,1,18,400,1,, -1,1,5,1,80,28,1,1,42,42294,1,3,0,3,Route de Pradines,46.010152,4.126541,16,3,2
202100007053,189Â 149,B01,2,2,1,0,2,6,-1,-1, -1,-1,2021,22.0,2,1,0,2,4,23,1,,3,VERDUN (AV DE),0,,1,2,0,1,25,0,1,, -1,1,0,1,50,20,11,5,94,94041,2,1,0,2,Avenue de Verdun,48.81619,2.36805,0,3,2
202100022515,161Â 385,A01,1,1,1,3,2,6,-1,0,0,-1,2021,49.0,1,1,0,0,8,1,1,,3,4,-1,,2,2,0,2,48,100,1,,4,1,0,1,80,27,8,1,42,42015,1,5,0,3,Aux Quatre Vents,46.168854,4.366626,19,2,2
202100023119,160Â 288,B01,10,3,1,5,0,-1,-1,0,3,2,2021,12.0,1,2,0,1,1,1,1,,3,BISCAROSSE (AVE) DUNE VERS BISCA,0,,2,2,1,1,12,430,1,, -1,1,0,1,70,21,8,1,33,33529,1,1,0,6,BISCAROSSE (AVE) DUNE VERS BISCA,44.572493,-1.219684,14,2,1
202100046487,118Â 692,B01,10,3,2,9,0,-1,-1,3,3,1,2021,53.0,1,1,0,1,1,26,0,,4,ETATS UNIS (DES)                    (BD),0,,3,2,3,1,(1),(1),1,, -1,1,9,1,50,26,3,1,69,69388,2,1,0,6,ETATS UNIS (DES) (BD),45.7324200916,4.8653776646,15,2,1
202100000805,200Â 280,A01,10,3,1,5,0,-1,-1,6,1,1,2021,69.0,3,2,0,1,1,0,1,,3,301.9,0,,2,2,0,1,(1),(1),1,, -1,1,0,3,50,31,12,5,28,28293,2,1,0,6,Rue de la Vesgre,48.870717,1.467612,18,2,1
202100005528,191Â 915,A01,1,1,1,2,1,-1,-1,-1, -1,-1,2021,23.0,2,2,7,0,9,1,1,,3,D907,0,,2,2,0,2,9,155,2,, -1,2,0,8,80,25,11,1,4,4112,1,1,1,7,RD 907,43.8408,5.74486,9,1,1
202100011701,180Â 818,A01,7,2,1,9,0,-1,-1,0,0,-1,2021,18.0,3,2,8,0,2,1,1,,4,,-1,,2,2,0,1,(1),(1),1,,5,1,0,1,30,23,10,5,44,44154,2,6,0,6,Avenue du MarÃ©chal Foch,47.239669,-2.169057,3,4,1
202100023536,159Â 569,A01,1,1,1,5,2,6,9,0,0,-1,2021,23.0,2,1,3,0,0,17,1,,3,16,0,D,2,2,0,2,39,700,2,, -1,1,0,1,70,19,8,1,74,74160,1,9,0,7,3911 Rte du Col de la Croix Fry,45.87144,6.373352,16,1,1
202100031661,145Â 162,B01,1,1,1,5,0,-1,-1,0,0,-1,2021,13.0,1,1,0,2,7,19,5,,3,6154,0,D,2,2,0,2,24,950,1,, -1,1,0,1,70,24,6,1,27,27017,1,1,0,1,D6154,48.992468,1.156075,17,2,2
202100038640,132Â 566,A01,1,1,1,0,1,0,-1,-1, -1,-1,2021,65.0,3,2,1,0,2,0,1,,4,FERRY (AVENUE JULES ),0,,2,2,0,1,(1),(1),2,, -1,1,0,1,50,22,5,1,13,13028,2,1,0,4,FERRY (AVENUE JULES ),43.183545,5.601347,15,3,3
202100046250,119Â 102,A01,10,3,2,5,0,-1,-1,2,3,2,2021,10.0,2,2,1,0,1,1,1,,4,R AMEDEE HUON,0,,2,2,0,1,1,0,1,, -1,1,0,1,30,28,3,1,94,94041,2,1,0,6,Rue AmÃ©dÃ©e Huon,48.80392,2.38432,11,2,1
202100024474,157Â 924,A01,1,1,1,5,8,-1,-1,0,0,-1,2021,39.0,0,2,1,0,2,1,1,,7,7,0,M,2,2,0,1,(1),(1),1,, -1,1,0,1,50,13,8,1,59,59250,2,1,0,6,Rue Faidherbe,50.584156,2.88684,19,1,1
202100039638,130Â 739,A01,1,1,1,1,2,6,-1,0,0,-1,2021,53.0,1,1,0,0,4,1,1,,3,118,-1,,3,4,0,1,53,100,1,, -1,1,0,1,110,17,5,1,11,11090,1,1,0,2,D118,43.104876,2.251554,17,2,2
202100054225,104Â 824,A01,1,1,1,2,2,8,-1,0,0,-1,2021,17.0,1,1,0,0,0,0,0,,4,CESSOLE (BD DE) (JUSQU'AU NÂ° 93-110),0,,-1,3,3,2,(1),(1),1,, -1,2,0,1,50,21,1,1,6,6088,2,1,1,3,CESSOLE (BD DE) (JUSQU'AU NÂ° 93-110),43.71701,7.25313,15,2,2
202100053297,106Â 467,A01,1,1,1,5,2,4,6,0,0,-1,2021,69.0,1,1,0,2,1,0,5,,3,105,0,E,2,2,0,1,2,480,2,, -1,1,0,1,80,28,1,1,33,33268,1,4,0,1,Chemin de Calbat,45.018912,-0.680176,12,2,2
202100040735,128Â 797,A01,10,3,1,0,0,-1,-1,3,3,1,2021,15.0,2,2,0,1,1,1,1,,4,LEON BLUM      (Rue),0,,2,2,0,1,(1),(1),1,, -1,1,0,1,50,8,5,2,69,69266,2,2,0,6,LEON BLUM (R),45.76024,4.9009,20,5,1
202100034834,139Â 445,B01,2,2,2,5,2,6,9,0,0,-1,2021,66.0,2,1,0,2,1,1,1,,3,905,0,,2,2,0,2,72,284,3,, -1,1,5,1,70,13,6,1,89,89223,1,3,1,3,croisement D 905 - D 200,47.795485,4.095283,17,4,2
202100030053,148Â 064,A01,1,1,1,5,2,0,-1,-1, -1,-1,2021,30.0,1,1,14,0,2,1,1,,4,JEAN JAURES (BOULEVARD) 217/FIN - 210/FI,0,,2,2,0,1,0,0,1,, -1,1,9,1,50,8,7,5,92,92012,2,1,0,6,JEAN JAURES (BOULEVARD) 217/FIN - 210/FI,48.8311521415,2.2449059235,0,1,1
202100050902,110Â 694,A01,1,1,1,5,1,8,-1,-1, -1,-1,2021,76.0,3,5,0,2,8,19,1,,3,ROUTE DE CAPESTANG (RD.11),0,,1,2,0,1,3,275,1,, -1,1,0,1,110,18,2,1,34,34032,1,2,0,3,ROUTE DE CAPESTANG (RD.11),43.3344,3.16446,16,3,2
202100020467,165Â 050,A01,1,1,1,4,1,0,-1,-1, -1,-1,2021,23.0,1,2,0,2,1,1,1,,7,FAUBOURG DES POSTES RUE,0,,2,2,0,1,(1),(1),1,, -1,2,0,1,50,16,5,2,59,59350,2,3,0,3,FAUBOURG DES POSTES RUE,50.61246,3.04668,21,3,2
202100044779,121Â 671,B01,1,1,1,0,1,0,-1,-1, -1,-1,2021,40.0,1,2,0,2,5,1,1,,1,86,0,,3,4,0,3,52,799,1,, -1,1,0,1,70,7,4,1,92,92002,1,1,0,2,AUTOROUTE A86,48.7629853869,2.3043052888,12,2,2
202100037915,133Â 894,A01,1,1,1,5,2,6,9,0,0,-1,2021,68.0,1,1,0,0,8,26,1,,3,rd711,0,,2,2,0,2,16,600,3,, -1,9,0,8,50,28,5,1,87,87128,1,1,0,7,"RD 711 lieu-dit ""Quinsac""",46.084126,1.221457,17,1,1
202100052447,107Â 964,B01,1,1,1,1,1,0,-1,-1, -1,-1,2021,28.0,1,2,0,2,7,26,1,,4,BRETEUIL (RUE),0,,3,4,0,1,0,0,1,, -1,1,0,1,50,5,2,5,13,13206,2,1,0,3,BRETEUIL (RUE),43.2905458972,5.3757199617,1,2,2
202100012900,178Â 669,A01,1,1,1,4,2,0,-1,-1, -1,-1,2021,28.0,2,1,0,0,0,21,1,,4,,0,,1,1,0,1,0,0,1,, -1,1,0,1,30,16,10,1,92,92026,2,1,0,6,PUVIS DE CHAVANNES,48.8986,2.23367,16,1,1
202100016311,172Â 480,A01,1,1,1,5,2,4,-1,0,0,-1,2021,83.0,2,1,5,0,1,2,5,,3,43,0,D,2,2,0,3,13,150,2,, -1,1,0,3,80,28,9,1,95,95253,1,1,0,6,RD 43,49.058837,1.869081,12,1,1
202100034185,140Â 646,B01,1,1,1,5,1,-1,-1,0,0,-1,2021,78.0,1,2,0,2,1,1,1,,3,38,0,E,2,2,0,1,1,450,1,, -1,1,5,1,-1,16,6,1,31,31048,1,6,0,1,Le Pigne,43.450199,1.629557,16,3,2
202100028682,150Â 453,A01,10,3,2,5,0,-1,-1,4,3,1,2021,37.0,2,1,0,1,7,1,3,,4,AVENUE FOCH,0,,1,1,0,1,(1),(1),1,, -1,1,0,1,50,16,7,1,75,75116,2,2,0,6,AVENUE FOCH,48.873586,2.292795,10,2,1
202100040262,129Â 636,B01,1,1,1,5,0,-1,-1,0,0,-1,2021,16.0,3,1,0,2,1,1,5,,4,,0,,2,2,0,1,(1),(1),1,, -1,1,0,1,50,12,5,3,1,1145,2,1,0,1,Chemin du Mas Vernon,46.068556,5.204322,22,2,2
202100050639,111Â 171,A01,1,1,1,0,2,-1,-1,0,0,-1,2021,41.0,2,1,0,2,8,1,1,,3,264,0,D,3,2,0,1,(1),(1),1,, -1,1,0,1,70,23,2,1,67,67544,1,1,0,1,D264,49.044465,7.953286,17,2,2
202100034024,140Â 944,A01,1,1,1,0,1,8,-1,-1, -1,-1,2021,51.0,1,2,0,5,3,1,1,,3,63,0,,2,2,0,1,0,649,1,, -1,1,0,1,80,15,6,3,91,91223,1,1,0,6,CD63,48.421975,2.18056,5,1,1
202100046811,118Â 102,A01,10,3,2,0,0,-1,-1,4,3,1,2021,53.0,3,2,0,1,2,16,1,,3,908,0,,2,2,0,1,82,0,1,, -1,1,0,1,50,24,3,1,92,92035,2,2,0,6,RÃ©publique ( boulevard de la ),48.907014498,2.2434478998,15,2,1
202100050038,112Â 301,B01,1,1,2,0,1,8,-1,-1, -1,-1,2021,79.0,2,2,0,2,1,0,1,,3,HUIT MAI 1945   AVENUE DU,0,,3,4,0,1,0,1,1,, -1,1,5,1,50,25,2,1,17,17200,2,2,0,4,HUIT MAI 1945   AVENUE DU,46.18305,-1.15233,11,3,3
202100013606,177Â 398,B01,1,1,2,2,8,0,-1,-1, -1,-1,2021,16.0,3,1,0,2,3,16,5,,3,PASTEUR (QUAI),0,,2,3,0,2,0,1,1,, -1,1,0,1,50,12,10,1,77,77288,2,1,0,6,D415A,48.53706,2.66073,8,1,1
202100043227,124Â 389,A01,1,1,2,5,8,-1,-1,0,0,-1,2021,26.0,2,2,15,0,2,14,1,,3,923,0,,2,2,0,3,36,200,1,, -1,1,0,3,80,21,4,3,18,18084,1,1,0,6,D923,47.464823,2.553248,23,1,1
202100000548,200Â 726,C01,1,1,1,0,8,-1,-1,0,0,-1,2021,60.0,1,0,0,2,0,26,5,,3,1006,-1,,2,2,0,1,75,460,1,, -1,1,0,1,50,16,12,1,73,73212,2,1,0,4,D1006,45.5433702918,6.3019246459,12,3,3
202100011045,181Â 977,A01,10,3,2,0,0,-1,-1,4,3,1,2021,24.0,3,1,0,1,2,16,3,,4,PROFESSEUR BEAUVISAGE (DU)  (R ),0,,2,2,0,1,(1),(1),1,, -1,1,9,1,20,25,10,1,69,69388,2,2,0,6,PROFESSEUR BEAUVISAGE (DU)  (R),45.7293196723,4.8674568416,15,2,1
202100051472,109Â 696,A01,1,1,1,5,2,6,9,0,0,-1,2021,16.0,1,1,0,0,1,0,1,,3,231,-1,,2,2,0,2,20,479,2,, -1,1,0,3,90,16,2,1,3,3260,1,1,0,7,D231,46.3980632665,2.9847555598,14,1,1
202100000901,200Â 135,B01,1,1,1,1,1,8,-1,-1, -1,-1,2021,27.0,1,2,0,2,3,1,1,,3,19,0,,2,4,0,1,0,0,1,, -1,1,0,1,50,28,12,5,92,92036,2,6,0,3,Boulevard Intercommunal,48.9377336235,2.2782737017,6,2,2
202100043707,123Â 564,A01,2,2,1,5,2,-1,-1,0,0,-1,2021,26.0,1,1,8,9,2,26,1,,3,943,-1,,2,2,0,1,23,0,3,, -1,1,0,3,80,17,4,3,89,89037,1,1,0,6,,47.9723027587,3.3523106575,22,2,1
202100018033,169Â 392,A01,1,1,1,5,8,0,-1,-1, -1,-1,2021,20.0,1,2,0,2,2,19,0,,3,,-1,,2,2,-1,1,1,0,1,, -1,1,0,1,-1,19,9,5,94,94069,2,2,0,3,Avenue de Gravelle,48.82407,2.41996,1,4,2
202100048317,115Â 389,B01,1,1,1,0,2,8,-1,-1, -1,-1,2021,24.0,1,1,0,2,1,1,3,,3,ARGENTEUIL AV D',0,,2,0,0,1,0,0,1,, -1,1,0,1,50,12,3,1,92,92004,2,1,0,3,ARGENTEUIL AV D',48.9237495337,2.2756095976,12,2,2
202100037958,133Â 815,B01,1,1,1,9,2,8,-1,-1, -1,-1,2021,41.0,1,1,0,2,7,1,1,,3,MONTABO (ROUTE DE) 1,0,,2,2,1,1,1,800,1,, -1,1,0,1,50,27,5,1,973,97302,2,9,0,3,MONTABO (ROUTE DE) 1,4.94336,-52.30647,11,2,2
202100011743,180Â 729,F01,1,1,1,1,1,0,-1,-1, -1,-1,2021,47.0,2,2,0,2,4,1,1,,1,AUTOROUTE A6,0,,1,4,0,1,21,500,1,, -1,2,0,1,110,21,10,1,91,91286,1,1,1,4,AUTOROUTE A6,48.65297,2.38144,16,9,7
202100001462,199Â 172,B01,1,1,1,5,2,8,-1,-1,0,-1,2021,17.0,1,1,0,2,1,1,1,,3,PARENT HUBERT(RUE),0,,2,2,0,1,(1),(1),3,, -1,2,0,1,50,23,12,5,59,59203,2,3,0,3,PARENT HUBERT(RUE),50.3600504607,3.3087139829,22,3,2