Num_Acc,id_vehicule,num_veh,place,catu,sexe,trajet,secu1,secu2,secu3,locp,actp,etatp,year_acc,victim_age,senc,catv,obs,obsm,choc,manv,motor,occutc,catr,voie,v1,v2,circ,nbv,vosp,prof,pr,pr1,plan,lartpc,larrout,surf,infra,situ,vma,jour,mois,lum,dep,com,agg_,int,atm,col,adr,lat,long,hour,nb_victim,nb_vehicules
202100030655,146Â 960,B01,1,1,2,5,1,-1,-1,0,0,-1,2021,32.0,1,2,3,0,6,1,1,,1,9,-1,A,3,2,0,1,127,100,1,, -1,1,0,1,130,5,7,3,34,34143,1,1,0,2,a9,43.465434,3.633299,22,4,2
202100034786,139Â 532,A01,1,1,2,9,2,0,-1,0,0,-1,2021,29.0,2,1,0,2,1,1,5,,4,RUE DES BOULETS,0,,2,2,1,2,(1),(1),1,, -1,1,0,5,30,12,6,1,75,75111,2,2,0,3,RUE DES BOULETS,48.850469,2.390594,15,2,2
202100029455,149Â 131,B01,1,1,1,0,2,0,-1,-1, -1,-1,2021,19.0,2,1,0,2,0,1,6,,4,,0,,1,1,0,1,0,0,1,, -1,1,0,1,30,11,7,1,92,92012,2,2,0,3,SAUSSIERE (RUE DE LA),48.8377463104,2.2403759029,13,2,2
202100000605,200Â 623,B01,1,1,2,0,1,0,-1,0,0,-1,2021,49.0,1,2,0,2,1,1,1,,1,,-1,,3,4,-1,1,(1),(1),3,, -1,1,3,1,-1,29,12,1,63,63113,2,4,0,1,POMPIDOU (BD GEORGES),45.80755,3.13178,8,2,2
202100013338,177Â 907,A01,10,3,2,5,0,-1,-1,5,9,1,2021,22.0,1,2,1,1,1,26,1,,4,THOREZ MAURICE RUE,0,,1,1,0,1,0,0,2,, -1,1,0,1,30,13,10,1,92,92050,2,1,0,6,THOREZ MAURICE RUE,48.8925373891,2.195853826,11,3,1
202100008777,186Â 053,A01,10,3,1,0,0,-1,-1,2,3,1,2021,59.0,1,2,9,1,3,26,1,,4,,0,,2,2,0,1,0,0,1,, -1,1,6,1,50,9,11,1,92,92026,2,1,0,6,JEAN-PIERRE TIMBAUD,48.8998428371,2.2501990199,11,2,1
202100005933,191Â 188,A01,10,3,2,0,0,-1,-1,4,3,1,2021,27.0,1,2,0,1,3,15,1,,4,SAINT LEON (RUE ET EGLISE),0,,1,2,2,1,(1),(1),1,, -1,1,0,1,50,25,11,5,54,54395,2,2,0,6,SAINT LEON (RUE ET EGLISE),48.6884107651,6.1732763774,20,2,1
202100027904,151Â 829,B01,1,1,1,4,1,-1,-1,0,0,-1,2021,49.0,1,2,0,2,3,1,1,,3,ROMAIN (BOULEVARD DU CDT CELESTIN),0,,2,3,0,2,0,931,4,, -1,1,0,1,50,20,7,1,65,65286,2,4,0,3,ROMAIN (BOULEVARD DU CDT CELESTIN),43.10078,-0.04619,16,6,2
202100028234,151Â 226,D01,1,1,1,1,1,-1,-1,0,0,-1,2021,38.0,1,5,1,2,1,1,1,,1,36,0,A,3,4,0,1,27,400,1,, -1,2,9,1,130,16,7,1,90,90080,1,9,1,5,autoroute A36,47.660835,6.948402,16,6,6
202100010414,183Â 105,A01,1,1,1,5,2,6,9,0,0,-1,2021,62.0,2,1,13,0,1,13,1,,3,D124,-1,,2,2,0,1,9,750,3,, -1,2,0,3,80,29,10,3,53,53158,1,1,0,7,La GuÃ©frie,48.028642,-0.935994,23,1,1
202100024749,157Â 409,B01,1,1,2,5,1,-1,-1,-1, -1,-1,2021,21.0,2,2,0,2,7,1,1,,4,ENGHIEN (RUE D),0,,1,1,0,1,(1),(1),1,, -1,1,0,1,50,10,8,1,33,33063,2,2,0,3,Rue dâEnghien,44.84598,-0.57664,15,3,2
202100035605,138Â 076,A01,1,1,2,5,1,-1,-1,0,0,-1,2021,63.0,2,2,0,2,3,13,1,,3,53,0,,2,2,0,1,5,530,3,, -1,1,0,1,80,10,6,1,39,39479,1,1,0,1,,46.947362,5.737267,15,3,2
202100045971,119Â 581,A01,10,3,1,5,0,-1,-1,2,3,1,2021,54.0,1,2,0,1,4,1,1,,4,RUE GEOFFROY SAINT HILAIRE,0,,1,1,0,2,(1),(1),1,, -1,1,0,1,30,29,3,1,75,75105,2,2,0,6,RUE GEOFFROY SAINT HILAIRE,48.838408,2.357057,14,2,1
202100019307,167Â 119,B01,1,1,1,0,1,0,-1,-1, -1,-1,2021,38.0,1,5,0,2,4,2,1,,1,AUTOROUTE A1,0,,3,8,0,1,2,500,1,, -1,1,0,1,90,13,9,1,93,93066,1,1,0,4,AUTOROUTE A1,48.92139,2.35748,16,3,3
202100018934,167Â 799,A01,10,3,2,5,0,-1,-1,3,3,2,2021,21.0,3,2,0,1,1,1,1,,4,GRENET (AVENUE HENRI),0,,2,4,0,4,0,0,1,, -1,1,0,1,50,14,9,1,64,64102,2,1,0,6,GRENET (AVENUE HENRI),43.49927,-1.48118,19,2,1
202100008383,186Â 747,A01,1,1,1,5,2,8,-1,-1, -1,-1,2021,46.0,1,1,1,0,2,14,5,,4,ANATOLE FRANCE (BOULEVARD) 5/FIN,0,,3,2,0,1,0,0,1,, -1,1,0,1,50,12,11,5,92,92012,2,1,0,6,ANATOLE FRANCE (BOULEVARD) 5/FIN,48.85007,2.23895,17,1,1
202100050871,110Â 750,A01,10,3,1,0,8,8,-1,4,3,1,2021,70.0,0,2,0,1,1,1,1,,4,PLACE SAINT LAZARE,0,,1,1,0,1,0,9,1,, -1,1,0,1,30,27,1,1,84,84007,2,1,0,1,PLACE SAINT LAZARE,43.95119,4.8194,9,2,1
202100008090,187Â 273,B01,1,1,2,1,1,-1,-1,0,0,-1,2021,55.0,3,2,0,2,1,1,1,,4,99,0,,3,2,0,3,(1),(1),3,, -1,1,0,1,80,3,11,3,24,24090,1,1,0,1,Pauliac,45.318632,0.418241,17,2,2
202100002719,196Â 911,A01,1,1,2,0,1,0,-1,-1, -1,-1,2021,64.0,2,2,0,2,1,2,1,,2,RN 104,0,,3,3,0,1,59,0,1,, -1,1,0,1,90,16,12,3,91,91560,1,1,0,2,RN 104,48.66484,2.18927,18,2,2
202100048737,114Â 644,A01,2,2,2,5,1,-1,-1,0,0,-1,2021,73.0,1,2,0,2,3,1,1,,3,56,-1,,2,2,0,1,(1),(1),1,, -1,1,0,1,80,27,2,1,50,50567,2,2,0,3,Le Carrefour Brisquet,49.585701,-1.514713,17,3,2
202100039546,130Â 903,Z01,10,3,1,0,0,-1,-1,2,3,1,2021,46.0,3,0,0,1,1,15,0,,4,ALLIES (BOULEVARD DES),0,,2,2,0,1,0,0,1,, -1,2,0,1,50,17,5,4,68,68224,2,1,1,6,ALLIES (BOULEVARD DES),47.75465,7.34481,0,2,1
202100043361,124Â 160,A01,1,1,1,1,1,0,-1,-1, -1,-1,2021,32.0,2,2,0,2,5,1,1,,4,VALMY (RUE DE),0,,2,2,0,1,1,0,1,, -1,1,0,1,50,20,4,1,93,93048,2,2,0,3,VALMY (RUE DE),48.85076,2.41827,18,2,2
202100023122,160Â 284,A01,1,1,2,5,1,5,-1,-1, -1,-1,2021,19.0,0,2,0,2,2,14,1,,4,FOCH (AVENUE DU MARECHAL),0,,1,2,0,1,(1),(1),2,, -1,1,0,1,50,21,8,1,27,27229,2,1,0,3,FOCH (AVENUE DU MARECHAL),49.0234,1.13617,13,2,2
202100027474,152Â 619,A01,1,1,1,1,2,-1,-1,0,0,-1,2021,22.0,2,1,0,2,2,17,1,,3,,-1,,2,2,0,1,20,930,1,, -1,1,0,1,80,23,7,1,33,33422,1,1,0,3,,44.802503,-0.828035,13,2,2
202100039537,130Â 919,B01,1,1,1,0,1,0,-1,0,0,-1,2021,21.0,2,2,3,2,4,2,6,,1,,0,,3,4,0,1,283,0,1,, -1,1,0,1,110,16,5,3,54,54091,1,1,0,2,Autoroute A 31,48.9619,6.10728,2,3,2
202100040730,128Â 803,A01,1,1,1,0,2,0,-1,-1, -1,-1,2021,32.0,3,1,14,0,1,0,1,,3,D.306,0,,2,2,0,1,9,808,1,, -1,1,0,1,50,8,5,1,77,77288,2,1,0,7,D.306,48.5570395871,2.6386861503,18,1,1
202100044107,122Â 834,A01,1,1,1,5,1,0,-1,-1,0,-1,2021,71.0,2,5,1,0,2,1,1,,1,AUTOROUTE A115,0,,3,4,0,1,5,0,1,, -1,1,0,1,90,14,4,1,95,95491,1,1,0,2, A115,49.0098975066,2.2315088628,18,2,2
202100023861,158Â 976,A01,1,1,1,5,0,-1,-1,-1, -1,-1,2021,39.0,1,2,9,0,1,14,1,,3,RD 35,0,,2,2,0,1,15,75,1,, -1,1,0,3,80,15,8,1,77,77114,1,1,0,6,D35,48.716441,2.670217,19,2,2
202100006438,190Â 288,A01,1,1,1,4,1,-1,-1,0,0,-1,2021,48.0,2,5,0,2,1,1,1,,3,D579,0,,2,2,0,1,0,0,1,, -1,1,0,1,50,23,11,5,14,14366,2,2,0,1,Rue Fournet,49.138143,0.227343,19,2,2
202100003662,195Â 209,A01,10,3,2,3,0,-1,-1,3,3,1,2021,30.0,0,2,0,1,1,16,1,,4,ETANG DU DIABLE (RUE DE L'),0,,2,2,3,1,(1),(1),3,, -1,2,9,1,50,9,12,3,35,35278,1,1,1,6,ETANG DU DIABLE (RUE DE L'),48.137929,-1.686247,19,2,1
202100013187,178Â 174,A01,1,1,1,5,9,-1,-1,0,0,-1,2021,20.0,2,2,0,0,2,1,1,,3,6015,-1,,2,1,0,3,21,0,1,, -1,1,0,8,70,15,10,5,27,27022,2,1,0,6,Route Departementale 6015 (Vieux-Villez),49.17166,1.285347,0,1,1
202100016446,172Â 233,B01,2,2,2,4,1,0,-1,-1, -1,-1,2021,29.0,1,2,0,0,4,1,1,,4,AV CHARLES DE GAULLE,0,,2,2,0,2,0,0,1,, -1,1,0,1,50,27,9,1,91,91589,2,1,0,2,AV CHARLES DE GAULLE,48.678582,2.346676,15,3,2
202100050867,110Â 757,B01,1,1,2,5,2,8,-1,-1, -1,-1,2021,19.0,3,1,0,2,1,17,1,,4,SAUNIERS (RUE DES),0,,2,0,0,1,(1),(1),1,, -1,1,0,1,50,18,2,2,85,85194,2,1,0,6,SAUNIERS (RUE DES),46.49952,-1.79894,18,2,2
202100017205,170Â 884,A01,1,1,1,5,1,-1,-1,0,0,-1,2021,29.0,1,2,6,0,1,1,1,,3,119,-1,,2,2,0,2,18,300,3,, -1,1,0,1,50,25,9,5,11,11254,2,1,0,6,Avenue du Lauraguais,43.199709,2.139142,23,1,1
202100036749,136Â 015,A01,10,3,2,1,0,-1,-1,2,7,1,2021,63.0,2,2,0,1,1,17,1,,4,AVENUE BONAPARTE,0,,2,2,0,1,0,0,1,, -1,1,5,1,50,3,6,1,988,98818,2,3,0,6,AVENUE BONAPARTE/Rue ThÃ©ophile BETFORT,-22.23345,166.46649,7,2,1
202100043629,123Â 690,B01,1,1,1,1,2,6,-1,-1, -1,-1,2021,40.0,3,1,0,2,1,1,1,,4,,0,,2,2,0,3,(1),(1),1,, -1,1,0,1,50,17,4,1,45,45234,2,3,0,3,Rue de Joie,47.92119,1.90556,14,2,2
202100054097,105Â 050,B01,1,1,2,1,2,0,-1,0,0,-1,2021,65.0,1,1,0,2,0,1,5,,4,RUE MADAME,0,,1,2,0,1,(1),(1),1,, -1,1,0,1,50,22,1,1,75,75106,2,1,0,2,RUE MADAME,48.847517,2.331608,13,2,2
202100009093,185Â 452,B01,1,1,1,0,1,0,-1,-1, -1,-1,2021,58.0,0,2,0,2,1,1,1,,4,LUCE ( RTE DE SAINTE ),0,,2,0,2,1,(1),0,1,, -1,1,0,1,50,6,11,1,44,44109,2,1,0,3,LUCE ( RTE DE SAINTE ),47.23568,-1.51895,14,3,2
202100031674,145Â 139,A01,1,1,2,5,1,-1,-1,0,0,-1,2021,33.0,1,2,13,0,1,14,1,,2,1,-1,,2,2,0,2,191,252,1,, -1,1,0,3,110,1,7,1,988,98803,1,1,0,6,Route du Pont du Cap,-21.46565,165.325055,10,1,1
202100020883,164Â 320,B01,1,1,1,5,2,0,-1,0,0,-1,2021,24.0,1,0,0,2,1,18,3,,4,AVENUE DU GENERAL MICHEL BIZOT,0,,2,2,0,2,(1),(1),1,, -1,1,0,1,30,4,9,2,75,75112,2,3,0,3,AVENUE DU GENERAL MICHEL BIZOT,48.83328,2.398943,20,4,2
202100000473,200Â 862,B01,1,1,1,9,1,0,-1,-1, -1,-1,2021,27.0,2,2,0,2,1,1,1,,4,ANCIENNE BALATERIE RUE DE L,0,,2,2,2,1,(1),(1),1,, -1,1,0,1,50,31,12,5,59,59350,2,2,0,5,ANCIENNE BALATERIE RUE DE L,50.63567,3.00977,23,6,3
202100029936,148Â 289,A01,10,3,1,5,0,-1,-1,3,3,1,2021,70.0,1,2,0,2,2,9,1,,4,simone pelissier ( rue ),0,,3,2,0,1,(1),(1),1,, -1,1,0,1,70,25,6,1,4,4070,2,6,0,6,Rue Simone Pelissier,44.0825,6.21749,16,2,1
202100015451,174Â 088,A01,1,1,2,0,1,0,-1,-1, -1,-1,2021,31.0,1,2,0,9,9,1,1,,1,AUTOROUTE A86,0,,3,6,0,1,18,200,1,, -1,3,0,1,110,3,10,1,93,93027,1,1,1,6,AUTOROUTE A86,48.92858,2.41474,10,1,1
202100004943,192Â 954,A01,1,1,1,1,2,0,-1,-1, -1,-1,2021,29.0,1,1,0,2,8,1,3,,4,,0,,2,4,2,1,0,0,1,, -1,2,0,5,30,3,12,5,92,92051,2,3,1,3,"ROULE (AVENUE DU, NÂ° 29 A 91 ET 30 A 86)",48.882890097,2.2757872939,20,2,2
202100037886,133Â 942,B01,1,1,1,0,2,6,9,0,0,-1,2021,28.0,1,1,0,2,2,17,1,,3,9,-1,,2,2,0,2,48,0,1,, -1,1,0,1,80,29,5,1,51,51413,1,1,0,3,D9,48.9886807934,4.0296092788,11,3,2
202100032244,144Â 129,A01,1,1,2,0,1,-1,-1,-1, -1,-1,2021,54.0,3,2,0,2,4,20,1,,4,GENERAL LECLERC                     (AV),0,,2,4,2,1,(1),(1),1,, -1,1,0,1,50,22,6,1,69,69286,2,1,0,2,GENERAL LECLERC (AV),45.81422,4.89903,19,3,2
202100043123,124Â 594,A01,1,1,2,5,1,0,-1,-1, -1,-1,2021,51.0,1,2,6,0,2,1,3,,4,DODU 1 (RUE JULIETTE),0,,1,1,0,1,0,0,1,, -1,1,0,4,30,21,4,1,974,97411,2,2,0,7,DODU 1 (RUE JULIETTE),-20.877,55.45082,15,1,1
202100041832,126Â 837,A01,1,1,2,5,0,-1,-1,0,0,-1,2021,20.0,2,2,13,0,2,1,1,,3,18,-1,,2,2,0,2,18,46,4,, -1,1,0,3,80,2,5,3,29,29262,1,1,0,6,D18,48.434468,-4.018121,4,2,1
202100005062,192Â 731,A01,10,3,2,2,0,-1,-1,3,3,1,2021,11.0,1,2,0,1,7,15,1,,4,DEGLIN (RUE HENRI),0,,2,2,0,1,(1),(1),1,, -1,1,0,1,30,2,12,1,54,54395,2,2,0,6,DEGLIN (RUE HENRI),48.7003706991,6.1780527234,8,2,1
202100034066,140Â 869,A01,1,1,1,5,2,-1,-1,-1, -1,-1,2021,44.0,2,1,8,0,1,13,1,,4,RUE DE LA MISSION DU HAUT BRION,0,,2,2,1,1,(1),(1),3,, -1,1,0,1,50,16,6,4,33,33522,2,6,0,6,Avenue de la Mission Haut Brion,44.80811,-0.60566,3,1,1
202100044543,122Â 100,B01,2,2,2,0,8,0,-1,-1, -1,-1,2021,18.0,3,2,0,2,4,24,1,,4,AV DES MARRONNIERS,0,,2,2,0,1,0,0,1,, -1,2,0,1,50,9,4,5,91,91589,2,1,1,2,AV DES MARRONNIERS,48.692428,2.350761,22,2,2
202100026987,153Â 473,B01,10,3,1,5,0,-1,-1,5,1,3,2021,17.0,1,2,6,1,4,16,1,,3,55,0,D,2,2,0,1,8,450,1,, -1,1,0,1,50,27,7,1,201,201008,2,1,0,6,D55 / FACE RESIDENCE LES FLOTS BLEUS,41.859226,8.791562,13,3,2
202100022214,161Â 939,A01,1,1,1,0,2,0,-1,-1, -1,-1,2021,20.0,3,1,0,2,3,1,1,,4,m'tsapere-Belle vue ( rue ),0,,2,1,0,1,0,0,1,, -1,1,0,1,50,27,8,1,976,97611,2,1,0,7,m'tsapere-Belle vue ( rue ),-12.7842,45.22306,5,1,1
202100040681,128Â 909,A01,1,1,2,0,1,-1,-1,0,0,-1,2021,38.0,0,2,0,2,2,19,1,,3,926,0,,2,2,0,1,12,310,1,, -1,1,0,1,80,7,5,1,27,27137,1,3,0,1,D926,48.7507876993,0.7640440226,19,3,2
202100047009,117Â 749,A01,1,1,1,0,8,0,-1,-1, -1,-1,2021,27.0,1,2,0,2,3,9,1,,1,AUTOROUTE A3,0,,3,6,0,1,9,800,1,, -1,1,0,1,90,23,3,1,93,93007,1,1,0,3,AUTOROUTE A3,48.92166,2.48003,14,2,2
202100054338,104Â 634,B01,1,1,1,5,0,-1,-1,0,0,-1,2021,64.0,1,1,0,2,1,19,5,,7,RTE D ALBI,0,,3,4,0,1,2,966,1,, -1,1,0,1,50,19,1,1,31,31555,2,1,0,6,213 Route dâAlbi,43.64284,1.46756,15,2,2
202100041761,126Â 962,A01,10,3,2,0,0,-1,-1,3,3,1,2021,59.0,3,5,0,1,3,1,1,,4,CALVAIRE RUE DU,0,,1,1,0,1,(1),(1),1,, -1,1,9,1,50,19,4,1,59,59350,2,2,0,6,CALVAIRE RUE DU,50.6344,3.08627,10,3,1
202100053127,106Â 775,B01,1,1,1,5,2,-1,-1,0,0,-1,2021,26.0,1,1,0,2,7,19,5,,3,217,0,D,2,2,0,1,(1),(1),1,, -1,1,0,1,50,31,1,1,11,11178,2,3,0,6,rd 3113,43.3489468205,1.8451023104,16,3,2
202100030857,146Â 604,A01,1,1,1,5,1,0,-1,0,0,-1,2021,33.0,1,2,0,2,2,17,2,,4,RUE D ALESIA,0,,2,3,0,1,(1),(1),1,, -1,2,0,1,50,4,7,1,75,75114,2,1,1,6,RUE D ALESIA,48.830824,2.318318,9,1,1
202100031242,145Â 897,A01,1,1,1,5,2,6,-1,0,0,-1,2021,42.0,3,1,0,0,7,1,1,,4,,-1,,2,1,0,1,(1),(1),2,,3,2,0,1,50,3,7,2,1,1240,2,1,0,7,125 Rue de Charmine,46.268674,5.566788,20,1,1
202100050462,111Â 498,A01,3,2,1,9,1,0,-1,-1, -1,-1,2021,4.0,3,2,1,2,3,2,1,,4,ROUX (RUE DU DOCTEUR EMILE),0,,2,1,0,1,(1),(1),2,, -1,1,0,1,50,23,2,1,37,37214,2,1,0,1,ROUX (RUE DU DOCTEUR EMILE),47.4125266069,0.674518168,18,3,2
202100046066,119Â 408,A01,10,3,2,5,0,-1,-1,2,3,1,2021,12.0,3,2,1,0,1,1,2,,4,RUE DU TIERS POT,0,,2,2,0,1,(1),(1),1,, -1,1,0,1,50,29,3,1,95,95268,2,1,1,6,RUE DU TIERS POT,48.9672142502,2.3981416225,15,2,1
202100047328,117Â 171,A01,1,1,1,0,2,-1,-1,0,0,-1,2021,18.0,0,1,1,0,7,16,3,,4,ABBAYE (RUE DE L'),0,,1,1,0,1,(1),(1),1,, -1,2,0,1,50,17,3,1,80,80021,2,1,1,6,ABBAYE (RUE DE L'),49.89572,2.27781,13,1,1
202100054282,104Â 732,A01,1,1,2,3,1,-1,-1,0,0,-1,2021,41.0,1,2,3,0,1,1,1,,1,51,-1,,3,4,0,1,29,0,1,, -1,2,0,2,110,22,1,1,13,13113,1,1,1,6,A51,43.606134,5.497273,13,1,1
202100027753,152Â 099,A01,1,1,1,0,2,0,-1,0,0,-1,2021,49.0,1,1,0,2,1,13,1,,7,JOLY (CORNICHE ANDRE DE),0,,2,3,0,2,(1),(1),1,, -1,1,0,1,50,21,7,2,6,6088,2,1,0,1,JOLY (CORNICHE ANDRE DE),43.70144,7.29239,21,4,2
202100000235,201Â 307,B01,1,1,1,0,2,-1,-1,0,0,-1,2021,18.0,3,1,0,0,2,1,1,,4,,-1,,1,2,0,1,(1),(1),2,,5,1,5,1,50,21,12,5,29,29075,2,6,0,3,Rue Saint-Thudon,48.44129411,-4.40083265,19,2,2
202100021009,164Â 108,A01,1,1,1,4,1,0,-1,-1, -1,-1,2021,20.0,2,5,14,0,2,14,1,,2,RN 147 BUXEROLLES,0,,3,4,0,1,57,0,1,, -1,1,0,1,110,3,9,1,86,86041,1,1,0,4,N147,46.60874,0.391762,16,3,3
202100045555,120Â 311,B01,1,1,2,0,8,-1,-1,0,0,-1,2021,24.0,0,1,1,0,0,1,3,,4,ALSACE LORRAINE (BOULEVARD D'),0,,2,2,0,3,(1),(1),1,, -1,1,0,1,50,30,3,1,80,80021,2,1,0,6,ALSACE LORRAINE (BOULEVARD D'),49.89302,2.30779,13,2,2
202100008487,186Â 564,B01,1,1,1,1,8,-1,-1,0, -1,-1,2021,41.0,2,1,0,2,1,9,1,,4,MONTAIGNE RUE,0,,2,2,0,2,(1),(1),2,, -1,2,0,1,50,9,11,3,29,29232,2,1,1,2,Rue Montaigne,47.98569,-4.09846,17,2,2
202100014760,175Â 330,A01,10,3,1,0,0,-1,-1,1,3,1,2021,28.0,1,2,0,1,0,1,1,,2,JAURES (BLD 1 JEAN),0,,1,4,1,1,(1),(1),1,, -1,1,0,1,60,4,10,5,974,97411,2,1,0,6,JAURES (BLD 1 JEAN),-20.8953,55.47287,19,3,1
202100011607,180Â 979,B01,2,2,2,0,2,-1,-1,-1, -1,-1,2021,37.0,1,1,0,2,2,1,1,,4,RUE DU MARECHAL JOFFRE,0,,2,2,2,1,(1),(1),1,, -1,2,5,1,50,21,10,1,33,33032,2,2,0,3,Rue du MarÃ©chal Joffre,44.89904,-0.51381,8,3,2
202100012515,179Â 340,A01,1,1,2,9,1,-1,-1,0,0,-1,2021,51.0,1,2,0,2,1,2,1,,3,7,0,,2,2,0,1,78,800,1,, -1,1,0,1,70,18,10,1,83,83086,1,1,0,2,1100 route d'aix,43.4674465738,6.5486159921,16,2,2
202100049682,112Â 934,A01,1,1,1,1,2,8,-1,-1, -1,-1,2021,24.0,1,1,0,2,1,17,1,,4,BOBIGNY (AVENUE DE),0,,2,2,1,1,(1),(1),1,, -1,1,0,1,50,1,3,1,93,93053,2,1,0,3,BOBIGNY (AVENUE DE),48.8945417484,2.4469256401,13,2,2
202100037561,134Â 526,A01,1,1,1,0,2,-1,-1,-1, -1,-1,2021,35.0,2,1,0,2,8,1,1,,4,SEBASTIEN GRYPHE                    (R ),0,,1,1,2,1,(1),(1),1,, -1,1,0,1,50,29,5,1,69,69387,2,2,0,3,SEBASTIEN GRYPHE (R),45.7524,4.84436,18,2,2
202100017449,170Â 435,A01,1,1,2,0,1,-1,-1,-1, -1,-1,2021,18.0,1,2,0,2,1,2,1,,4,ROEDERER (BOULEVARD LOUIS),0,,1,2,0,2,(1),(1),1,, -1,1,1,1,50,21,9,1,51,51454,2,1,0,2,Boulevard Louis Roederer,49.2573418234,4.0237182876,17,2,2
202100001940,198Â 331,A01,1,1,1,5,0,-1,-1,0,0,-1,2021,42.0,1,1,8,0,8,13,1,,4,,-1,,2,2,0,1,(1),(1),4,,4,9,0,3,80,23,12,2,71,71514,2,1,0,6,395 Rue de CondÃ©,46.735414,5.283086,16,1,1
202100038165,133Â 427,B01,1,1,1,0,1,5,-1,-1, -1,-1,2021,38.0,2,2,0,2,1,1,1,,4,JEAN LIGONNET ( R ),0,,2,3,0,1,(1),(1),1,, -1,1,0,1,50,26,5,1,69,69091,2,3,0,1,JEAN LIGONNET (R),45.59483,4.76985,16,2,2
202100003866,194Â 841,A01,2,2,1,5,1,-1,-1,0,0,-1,2021,21.0,1,2,0,2,1,13,1,,3,1314,0,,2,2,0,1,30,150,1,, -1,2,0,1,70,9,12,3,76,76280,1,1,1,1,D1314,49.823539,1.418223,7,3,2
202100031420,145Â 582,B01,1,1,1,5,8,0,-1,0,0,-1,2021,74.0,2,1,0,2,8,13,5,,4,RUE DES PYRENEES,0,,2,3,3,4,(1),(1),1,, -1,1,0,6,30,1,7,1,75,75120,2,1,0,3,RUE DES PYRENEES,48.872666,2.390996,20,2,2
202100052050,108Â 677,A01,10,3,2,5,0,-1,-1,8,3,1,2021,38.0,1,2,0,1,5,4,2,,4,R HENRI THIRARD,0,,1,1,0,1,1,0,1,, -1,1,0,8,30,9,2,1,94,94038,2,1,0,6,HENRI THIRARD (R),48.77774,2.34298,9,2,1
202100020503,164Â 985,A01,1,1,2,0,1,8,-1,-1, -1,-1,2021,20.0,1,2,0,2,1,1,1,,4,PAUL DOPFF (RUE) ,0,,2,2,1,1,0,0,1,, -1,1,0,1,50,5,9,5,67,67482,2,3,0,3,PAUL DOPFF (RUE) ,48.55594,7.77157,1,3,2
202100027476,152Â 614,B01,1,1,1,5,2,6,-1,0,0,-1,2021,16.0,2,1,0,2,1,13,1,,4,,-1,,2,2,0,1,(1),(1),3,,5,1,0,1,50,19,7,1,22,22067,2,1,0,1,Rue de Gourland,48.5605936246,-3.1670769205,15,2,2
202100039586,130Â 824,A01,1,1,1,1,1,0,-1,-1, -1,-1,2021,19.0,1,2,13,0,1,1,1,,3,Champeau (Lieu dit),0,,-1,2,0,2,51,100,2,, -1,1,0,8,30,16,5,1,19,19272,1,1,0,7,Champeau (Lieu dit),45.2741075937,1.7868768168,15,1,1
202100043231,124Â 382,A01,2,2,1,5,8,-1,-1,0,0,-1,2021,24.0,1,2,0,2,1,12,1,,1,10,-1,A,3,3,0,1,158,359,1,, -1,1,0,1,130,18,4,1,41,41223,1,1,0,2,Saint-Lubin-en-Vergonnois,47.618198,1.221542,19,3,2
202100006250,190Â 623,B01,1,1,1,0,2,0,-1,-1, -1,-1,2021,62.0,3,1,0,2,6,1,1,,4,RUE DU PONT CARPIN,0,,1,1,0,1,(1),(1),1,, -1,1,0,1,50,24,11,1,38,38421,2,3,0,3,RUE DU PONT CARPIN,45.18713,5.74705,14,2,2
202100056385,101Â 115,A01,1,1,1,5,2,6,-1,-1,0,-1,2021,22.0,2,1,0,2,1,1,1,,1,1,0,,3,6,0,1,19,100,1,, -1,1,0,1,110,3,1,2,95,95527,1,1,0,6, A1,49.00872,2.52775,17,2,1
202100009780,184Â 214,Z01,10,3,2,3,8,8,-1,2,3,1,2021,80.0,2,2,0,1,1,0,1,,4,RUE MATABIAU,0,,1,2,0,1,(1),(1),1,, -1,1,6,1,50,2,11,1,31,31555,2,1,0,6,RUE MATABIAU,43.61271,1.44875,16,2,1
202100045296,120Â 756,A01,1,1,2,5,1,-1,-1,0,0,-1,2021,59.0,1,2,0,0,0,21,1,,3,9,0,,2,2,0,2,2,100,2,, -1,1,0,3,80,4,4,1,54,54292,1,1,0,7,D9,48.5256860426,6.4391899111,12,1,1
202100027706,152Â 192,A01,10,3,1,5,0,-1,-1,3,3,1,2021,84.0,2,2,0,1,1,26,1,,3,GAULLE (AVENUE CHARLES DE),0,,-1,2,0,1,0,0,1,, -1,1,0,1,30,19,7,1,84,84087,2,1,0,3,GAULLE (AVENUE CHARLES DE),44.13619,4.80245,10,2,1
202100008945,185Â 726,A01,1,1,1,5,1,8,-1,-1, -1,-1,2021,29.0,0,2,14,0,1,1,1,,7,GAULLE (AVENUE DU GENERAL DE),0,,3,2,0,1,(1),(1),1,, -1,2,0,1,30,7,11,5,59,59090,2,6,1,6,GAULLE (AVENUE DU GENERAL DE),50.71943,3.10936,2,2,1
202100049742,112Â 832,A01,10,3,1,0,0,-1,-1,2,3,1,2021,76.0,3,2,0,1,1,16,1,,4,RENE HUBERT GAMESS (BOULEVARD),0,,2,2,0,1,0,0,1,, -1,1,0,1,30,28,2,1,972,97209,2,1,0,6,RENE HUBERT GAMESS (BOULEVARD),14.63238,-61.06776,11,2,1