Num_Acc,id_vehicule,num_veh,place,catu,sexe,trajet,secu1,secu2,secu3,locp,actp,etatp,year_acc,victim_age,senc,catv,obs,obsm,choc,manv,motor,occutc,catr,voie,v1,v2,circ,nbv,vosp,prof,pr,pr1,plan,lartpc,larrout,surf,infra,situ,vma,jour,mois,lum,dep,com,agg_,int,atm,col,adr,lat,long,hour,nb_victim,nb_vehicules
202100021804,162Â 646,B01,1,1,1,1,8,0,-1,0,0,-1,2021,20.0,1,1,0,2,8,1,3,,4,RUE D AUBERVILLIERS,0,,1,3,2,1,(1),(1),1,, -1,1,0,5,20,30,8,2,75,75118,2,1,0,3,RUE D AUBERVILLIERS,48.897741,2.370544,6,2,2
202100004247,194Â 162,A01,1,1,1,1,1,0,-1,-1, -1,-1,2021,19.0,1,2,0,2,1,13,1,,2,RN135,0,,2,2,0,1,5,0,2,, -1,2,0,1,50,5,12,5,55,55029,2,1,1,1,RN135,48.76953,5.17706,23,2,2
202100045378,120Â 620,A01,10,3,1,0,0,-1,-1,2,3,1,2021,13.0,2,2,12,1,1,1,1,,7,MIRABEAU (RUE),0,,2,2,0,1,(1),(1),1,, -1,1,0,1,50,2,4,1,59,59421,2,1,0,6,MIRABEAU (RUE),50.70628,3.12988,15,2,1
202100007312,188Â 680,A01,10,3,1,0,0,-1,-1,1,3,1,2021,13.0,1,2,0,1,4,4,1,,4,CHARTRAN,0,,1,1,0,1,(1),(1),1,, -1,1,0,1,50,16,11,1,11,11069,2,3,0,6,CHARTRAN,43.21261,2.35131,8,2,1
202100007608,188Â 141,A01,1,1,1,1,2,6,-1,-1, -1,-1,2021,16.0,0,1,0,2,1,2,1,,4,FAUCHER (RUE LEON),0,,-1,2,0,1,(1),(1),1,, -1,2,0,1,50,16,11,5,51,51454,2,1,1,2,Rue LÃ©on Faucher,49.2692954852,4.0441608783,18,2,2
202100046948,117Â 857,B01,1,1,2,9,2,0,-1,0,0,-1,2021,25.0,3,1,0,2,8,19,5,,4,AVENUE JEAN JAURES,0,,2,3,0,1,(1),(1),1,, -1,1,0,1,50,23,3,1,75,75119,2,3,0,3,AVENUE JEAN JAURES,48.883095,2.371474,11,2,2
202100055485,102Â 674,B01,1,1,2,0,1,0,-1,-1, -1,-1,2021,41.0,1,2,0,2,9,1,1,,4,RUE JACQUES DUCLOS,0,,2,2,2,1,(1),(1),1,, -1,1,0,1,50,11,1,5,44,44109,2,1,0,4,RUE JACQUES DUCLOS,47.24093,-1.54061,18,3,3
202100040942,128Â 438,B01,1,1,2,5,1,0,-1,-1, -1,-1,2021,52.0,1,2,0,2,6,1,1,,3,RD 6161 - Rocade Ouest,0,,2,2,0,2,(1),(1),3,, -1,1,0,1,70,7,5,1,11,11069,2,1,0,2,RD 6161 - Rocade Ouest,43.22402,2.32738,16,2,2
202100009309,185Â 063,B01,1,1,1,1,2,6,-1,-1, -1,-1,2021,34.0,-1,1,0,2,1,2,1,,3,NEUILLY (PONT),0,,1,1,0,1,0,1,1,, -1,1,2,8,50,5,11,1,93,93051,2,1,0,2,NEUILLY (PONT),48.8529,2.5331,9,2,2
202100022020,162Â 270,B01,1,1,1,5,2,-1,-1,0,0,-1,2021,7.0,3,1,0,2,8,10,3,,9,3,0,C,2,-1,0,1,21,50,1,, -1,1,0,1,80,29,8,1,54,54038,1,1,0,3,route de Flacourt,48.4798914746,6.7153286936,14,2,2
202100015052,174Â 805,A01,1,1,1,5,2,0,0,-1, -1,-1,2021,19.0,2,1,0,2,4,15,1,,3,CLUNY (BD. DE),0,,2,2,0,1,0,142,1,, -1,1,0,1,50,4,10,1,43,43157,2,1,0,3,14 Boulevard de Cluny,45.04883,3.89176,15,2,2
202100046543,118Â 583,B01,1,1,1,0,8,0,-1,-1, -1,-1,2021,42.0,2,1,0,2,6,23,1,,4,FRANKLIN ROOSEVELT (COURS)   1 A 37,0,,2,2,0,2,0,0,1,, -1,1,5,1,50,26,3,1,13,13201,2,2,0,4,FRANKLIN ROOSEVELT (COURS)   1 A 37,43.29905,5.38663,9,3,3
202100022417,161Â 568,A01,1,1,2,0,1,8,-1,-1, -1,-1,2021,40.0,1,2,0,2,4,23,1,,4,,0,,3,3,0,1,(1),(1),1,, -1,1,0,1,50,25,8,1,67,67482,2,1,0,2,MARCHE GARE (RUE DU),48.596822,7.749808,13,3,2
202100053935,105Â 340,B01,1,1,2,0,1,0,-1,0,0,-1,2021,37.0,1,2,0,2,1,1,1,,4,,0,,2,2,0,2,(1),(1),1,, -1,1,0,1,50,23,1,1,54,54304,2,2,0,3,BARROIS (RUE DU),48.69329,6.1281,11,2,2
202100007874,187Â 666,A01,10,3,1,1,0,-1,-1,2,3,1,2021,60.0,3,2,0,1,3,26,1,,4,JEAN JACQUES ROUSSEAU (AVENUE),0,,1,0,0,1,0,0,1,, -1,1,0,1,50,16,11,5,93,93005,2,1,0,6,JEAN JACQUES ROUSSEAU (AVENUE),48.9272194517,2.4993840065,18,2,1
202100007014,189Â 220,B01,1,1,2,5,2,6,-1,-1, -1,-1,2021,27.0,1,1,0,2,1,1,1,,4,JEAN MERMOZ,0,,2,2,1,1,0,0,1,, -1,1,0,1,50,20,11,1,64,64445,2,1,0,3,JEAN MERMOZ,43.3187,-0.3785,16,2,2
202100006704,189Â 796,B01,1,1,1,0,2,8,-1,-1, -1,-1,2021,22.0,3,1,0,2,1,1,1,,4,CREISSEL (BOULEVARD DE),0,,1,2,0,1,(1),(1),1,, -1,1,9,1,50,19,11,1,11,11262,2,3,0,3,CREISSEL (BOULEVARD DE),43.18048,3.03001,15,2,2
202100038260,133Â 259,B01,1,1,2,5,2,-1,-1,0,0,-1,2021,70.0,3,1,0,2,3,1,5,,3,,-1,,2,2,-1,1,30,857,1,, -1,1,0,1,50,26,5,1,65,65447,2,3,0,3,Rue Lestrade,43.184351,0.242777,10,2,2
202100029441,149Â 156,B01,1,1,1,9,1,0,-1,0,0,-1,2021,33.0,1,2,0,2,3,16,1,,4,BOULEVARD DIDEROT,0,,1,2,0,1,(1),(1),1,, -1,1,0,1,50,11,7,5,75,75112,2,2,0,3,BOULEVARD DIDEROT,48.846106,2.376011,4,2,2
202100032577,143Â 541,A01,2,2,1,5,1,-1,-1,0,0,-1,2021,30.0,1,2,13,0,7,1,1,,3,103,-1,,2,2,0,1,9,650,2,, -1,1,0,3,80,25,6,3,7,7122,1,1,0,6,"D103, hameau de coustillon",44.562508,4.340485,1,5,1
202100027221,153Â 060,A01,1,1,1,5,1,8,-1,-1, -1,-1,2021,28.0,3,2,6,0,1,15,1,,4,MARIE DE CHAMPAGNE (RUE),0,,2,2,0,1,0,0,1,, -1,2,0,4,50,23,7,1,10,10387,2,1,1,6,MARIE DE CHAMPAGNE (RUE),48.3070003,4.059627,6,2,1
202100032347,143Â 941,A01,10,3,1,0,8,8,-1,1,3,1,2021,35.0,3,1,0,1,1,1,1,,3,"""STALINGRAND (AV), NR 2-86 ET 1 SUIVANTS",0,,3,4,0,1,0,1,1,, -1,1,2,1,50,25,6,5,93,93066,2,1,0,6,Avenue de Stalingrad,48.94509,2.36158,1,2,1
202100027187,153Â 121,B01,1,1,1,1,2,0,-1,-1, -1,-1,2021,55.0,1,1,0,2,1,1,1,,2,MACE (BOULEVARD GABRIEL),0,,2,2,0,1,(1),(1),1,, -1,1,0,1,50,24,7,1,974,97411,2,9,0,3,MACE (BOULEVARD GABRIEL),-20.872314,55.450382,13,3,2
202100001116,199Â 773,B01,1,1,2,5,1,-1,-1,0,0,-1,2021,69.0,1,2,4,0,8,1,1,,1,75,-1,,1,4,0,1,0,200,1,, -1,1,0,1,110,29,12,1,63,63113,1,1,0,3,"a75, pk 000.200",45.773899,3.140244,15,2,2
202100055814,102Â 103,A01,10,3,2,5,0,-1,-1,3,3,1,2021,54.0,1,2,0,1,1,15,1,,4,MIRABEAU (BOULEVARD),0,,2,2,0,1,(1),(1),1,, -1,1,0,1,50,6,1,1,13,13202,2,2,0,6,MIRABEAU (BOULEVARD),43.31453,5.37054,12,2,1
202100013201,178Â 139,Z01,2,2,1,0,1,0,-1,-1, -1,-1,2021,24.0,2,2,4,0,3,1,1,,1,86,0,,-1,3,0,2,11,500,2,, -1,1,1,1,70,15,10,3,92,92078,1,1,0,6,AUTOROUTE A86,48.9292825328,2.3293871689,0,3,1
202100009033,185Â 565,A01,1,1,1,5,2,-1,-1,0,0,-1,2021,34.0,3,6,2,0,2,1,1,,4,,0,,2,1,0,2,(1),(1),1,, -1,2,0,8,5,7,11,1,69,69090,1,9,0,6,BRUYERES (DES) (RTE),45.91899,4.62915,15,1,1
202100046445,118Â 764,A01,2,2,2,5,8,-1,-1,0,0,-1,2021,46.0,1,6,5,0,3,1,1,,3,152,0,D,2,2,0,2,14,750,3,, -1,1,0,1,70,28,3,1,3,3167,1,1,0,6,Lieu Dit Barrage de Rochebut,46.241335,2.53722,17,2,1
202100006442,190Â 281,Z01,10,3,1,5,8,8,-1,2,3,1,2021,63.0,1,5,0,1,0,1,0,,4,PRADO (AVENUE DU),0,,2,6,3,1,(1),(1),1,, -1,2,0,1,50,24,11,5,13,13208,2,1,1,6,PRADO (AVENUE DU),43.26954,5.3867,18,2,1
202100017702,169Â 981,A01,1,1,1,5,2,6,-1,-1, -1,-1,2021,27.0,1,1,0,0,1,1,1,,3,VERSAILLES (RUE DE),0,,2,2,0,1,0,0,1,, -1,2,0,1,50,19,9,5,92,92077,2,1,1,7,VERSAILLES (RUE DE),48.820568,2.172284,22,1,1
202100016130,172Â 810,B01,1,1,1,4,2,8,-1,-1, -1,-1,2021,31.0,2,1,0,2,3,9,5,,4,MINOTERIE (RUE DE LA),0,,2,2,0,1,0,0,1,, -1,1,0,1,50,28,9,1,67,67482,2,1,0,3,MINOTERIE (RUE DE LA),48.57821,7.79087,15,2,2
202100007163,188Â 963,B01,1,1,2,4,1,0,-1,-1, -1,-1,2021,35.0,3,2,0,2,1,1,1,,4,BLANCK (AV.PIERRE-),0,,2,2,0,1,(1),(1),1,, -1,1,0,1,50,4,11,1,88,88160,2,1,0,3,BLANCK (AV.PIERRE-),48.20158,6.4593,14,2,2
202100044945,121Â 393,B01,1,1,1,5,1,8,-1,-1, -1,-1,2021,72.0,2,2,0,2,1,1,1,,4,PALISSY (RUE BERNARD),0,,2,2,0,1,(1),(1),1,, -1,1,0,1,50,6,4,1,45,45284,2,1,0,3,Rue Bernard Palissy,47.9155909477,1.9417867937,15,3,2
202100031533,145Â 397,A01,1,1,1,4,1,0,-1,-1, -1,-1,2021,60.0,1,2,0,2,4,1,2,,1,A55-Sens Marseille vers Martigues,0,,3,2,0,1,9,199,1,, -1,1,0,1,90,30,6,1,13,13216,1,1,0,2,A55-Sens Marseille vers Martigues,43.366913,5.329148,7,2,2
202100017079,171Â 099,A01,10,3,2,5,0,-1,-1,4,3,1,2021,79.0,1,5,0,1,3,15,1,,4,RUE SAINTE CROIX DE LA BRETONNERIE,0,,2,2,0,1,(1),(1),1,, -1,1,0,1,30,24,9,1,75,75104,2,2,0,6,RUE SAINTE CROIX DE LA BRETONNERIE,48.858504,2.35527,12,2,1
202100023028,160Â 466,B01,1,1,1,1,2,7,-1,-1, -1,-1,2021,49.0,2,1,0,2,1,1,1,,4,GARIBALDI (AVENUE),0,,4,3,0,1,0,0,1,, -1,1,0,1,50,23,7,5,87,87085,2,3,0,3,GARIBALDI (AVENUE),45.8339137,1.2607138,0,3,2
202100021053,164Â 026,A01,1,1,1,5,2,6,-1,-1, -1,-1,2021,37.0,1,1,0,2,1,2,1,,7,DODIN (AVENUE ROGER),0,,2,2,1,1,23,428,1,, -1,1,5,1,50,3,9,1,35,35281,2,2,0,2,DODIN (AVENUE ROGER),48.08683,-1.70698,15,2,2
202100022969,160Â 571,A01,1,1,2,9,1,-1,-1,0,0,-1,2021,21.0,0,2,6,9,1,26,1,,3,51,-1,D,2,2,0,1,14,3100,3,, -1,1,2,8,-1,13,8,5,27,27438,2,1,0,6,Rue Victor Hugo,48.763424,1.224353,22,1,1
202100038104,133Â 554,B01,1,1,1,0,1,-1,-1,0,0,-1,2021,24.0,3,2,0,2,8,1,1,,3,109,0,,2,2,0,2,13,20,1,, -1,1,0,1,80,27,5,1,17,17349,1,2,0,3,Rue de la Grande Palisse,46.244403,-0.90016,17,2,2
202100056110,101Â 584,A01,1,1,2,0,1,-1,-1,0,0,-1,2021,42.0,2,2,0,0,3,5,1,,3,976,0,D,2,2,0,1,(1),(1),1,, -1,1,0,1,80,7,1,1,84,84138,1,1,0,1,D976,44.3558715516,4.9671098265,16,3,2
202100005835,191Â 365,A01,1,1,1,1,1,-1,-1,0,0,-1,2021,63.0,2,2,8,0,1,1,1,,3,940,-1,,2,2,0,1,57,890,2,, -1,1,0,4,50,14,11,5,62,62056,2,1,0,6,177 Rue Pierre de Wissant,50.82561,1.592449,23,1,1
202100020489,165Â 014,B01,1,1,2,1,2,6,-1,-1,0,-1,2021,37.0,2,1,0,2,7,1,1,,2,RN 14 (PROLONGEMENT A15),0,,3,4,0,1,21,800,1,, -1,2,0,1,90,5,9,3,95,95476,1,1,1,3,RN 14,49.0579911101,2.0352762938,6,2,2
202100035578,138Â 122,A01,2,2,2,0,2,0,-1,-1, -1,-1,2021,26.0,2,1,0,2,1,16,1,,3,BROSSOLETTE AVENUE PIERRE,0,,2,4,2,1,0,1,1,, -1,1,0,5,50,8,6,1,92,92049,2,4,0,3,BROSSOLETTE AVENUE PIERRE,48.81808,2.30849,10,3,2
202100045503,120Â 403,A01,1,1,2,5,1,-1,-1,0,0,-1,2021,39.0,1,2,0,2,1,2,1,,3,606,-1,,2,3,0,1,69,600,1,, -1,1,0,1,80,3,4,1,89,89029,1,1,0,2,D606,47.929931,3.511741,10,5,2
202100045071,121Â 167,B01,1,1,1,5,6,-1,-1,0,0,-1,2021,63.0,2,0,0,2,2,1,3,,3,120,-1,A,1,1,0,1,0,0,2,, -1,1,0,1,50,5,4,1,7,7204,2,6,0,3,D120,45.006003,4.402216,10,2,2
202100050442,111Â 536,A01,10,3,2,0,0,-1,-1,3,3,3,2021,25.0,3,2,0,1,8,1,1,,4,TISON (BOULEVARD),0,,2,2,0,2,(1),(1),1,, -1,1,0,1,50,21,2,1,86,86194,2,1,0,6,Boulevard Tison,46.575352,0.338395,11,2,1
202100038768,132Â 318,A01,1,1,1,0,8,0,-1,-1, -1,-1,2021,30.0,1,1,2,0,1,1,1,,4,CHOMEDEY DE MAISONNEUVE (AVE),0,,1,0,0,1,(1),(1),1,, -1,2,5,8,50,22,5,5,10,10387,2,6,0,7,CHOMEDEY DE MAISONNEUVE (AVE),48.30851,4.06889,2,1,1
202100053795,105Â 594,A01,1,1,2,1,1,-1,-1,0,0,-1,2021,27.0,0,2,0,0,2,2,1,,3,26,0,D,2,2,0,1,26,290,3,, -1,7,0,8,80,26,1,1,60,60531,1,9,1,7,D26,49.4449137982,2.6941915492,8,1,1
202100023821,159Â 046,B01,1,1,2,5,0,-1,-1,0,0,-1,2021,71.0,3,1,0,2,8,26,5,,4,VC,-1,,2,2,0,1,(1),(1),1,, -1,2,0,1,50,17,8,1,62,62793,2,1,1,3,38 Rue de la Mairie,50.406156,2.641612,18,2,2
202100049829,112Â 677,A01,2,2,2,5,0,-1,-1,0,0,-1,2021,3.0,0,6,17,0,1,1,1,,4,,-1,,2,2,0,1,(1),(1),1,, -1,1,0,3,50,27,2,1,58,58121,1,1,0,6,Rue Maurice Pilette,47.046985,3.072504,12,2,1
202100032238,144Â 139,B01,1,1,1,0,2,6,-1,-1, -1,-1,2021,37.0,2,1,0,2,1,13,1,,2,kaweni-Kaweni nord ( Z I ),0,,2,0,0,1,0,0,1,, -1,1,0,1,50,25,6,1,976,97611,2,1,0,3,kaweni-Kaweni nord ( Z I ),-12.77166,45.223,16,2,2
202100025446,156Â 180,A01,10,3,1,5,0,-1,-1,3,3,1,2021,51.0,2,2,0,1,3,1,1,,4,DURAND (PLACE JEAN-BAPTISTE),0,,1,1,0,1,0,0,2,, -1,2,0,1,30,4,8,1,47,47001,2,1,1,6,DURAND (PLACE JEAN-BAPTISTE),44.20456,0.6182,11,2,1
202100035600,138Â 083,B01,1,1,1,5,2,-1,-1,0,0,-1,2021,45.0,2,1,0,2,1,1,0,,3,417,0,D,2,2,0,1,2,400,1,, -1,1,0,1,50,9,6,1,80,80811,2,1,0,1,Rue du Haut,49.771498,2.98392,17,2,2
202100011449,181Â 256,B01,9,2,1,5,1,-1,-1,0,0,-1,2021,20.0,3,2,0,2,3,0,1,,2,1002,0,N,2,2,0,1,(1),(1),1,, -1,1,0,1,70,23,10,3,974,97412,1,1,0,1,N1002,-21.372605,55.622687,22,4,2
202100008066,187Â 314,A01,10,3,2,2,0,-1,-1,3,3,1,2021,12.0,1,2,0,1,1,1,1,,3,PAVE NEUF (AVENUE),0,,1,2,0,1,0,0,1,, -1,1,0,1,50,15,11,1,93,93051,2,1,0,1,PAVE NEUF (AVENUE),48.84012,2.55968,13,2,1
202100007486,188Â 375,A01,1,1,1,5,2,6,-1,0,0,-1,2021,44.0,2,1,0,0,9,1,1,,3,109,-1,,2,2,0,1,20,260,1,, -1,6,0,1,80,18,11,1,80,80299,1,1,0,7,DÃ©partementale 109 - PK 20+260,49.688289,2.352233,12,1,1
202100054250,104Â 785,A01,1,1,1,1,2,8,-1,0,0,-1,2021,27.0,2,1,0,2,1,18,1,,4,BOULEVARD BEAUMARCHAIS,0,,2,4,3,1,(1),(1),1,, -1,2,0,1,50,21,1,1,75,75103,2,2,1,3,BOULEVARD BEAUMARCHAIS,48.860105,2.367464,16,2,2
202100000634,200Â 574,A01,1,1,1,9,2,8,-1,-1, -1,-1,2021,41.0,1,1,9,2,1,1,1,,3,9,0,,2,0,0,1,0,0,1,, -1,1,0,1,50,19,12,1,92,92004,2,1,0,3,GRESILLONS ( AVENUE DES  ),48.91952178,2.3133140802,16,2,2
202100001532,199Â 063,A01,1,1,1,0,2,6,-1,0,0,-1,2021,23.0,0,1,0,2,1,13,1,,3,D103,-1,A,2,2,0,2,(1),(1),1,, -1,2,0,1,50,26,12,1,21,21640,2,1,1,1,1bis Rue du PrÃ© de la Ville,47.494057,4.222,12,2,2
202100000100,201Â 572,A01,10,3,2,9,0,-1,-1,5,2,1,2021,70.0,1,2,0,1,1,2,1,,3,SAINT DENIS (RUE DE),0,,2,2,0,1,0,1,1,, -1,1,0,4,50,19,12,1,93,93001,2,1,0,6,SAINT DENIS (RUE DE),48.9201788318,2.377595678,11,3,1
202100013531,177Â 539,B01,1,1,2,1,0,-1,-1,-1, -1,-1,2021,25.0,1,1,0,2,1,1,3,,4,AVE DU DOCTEUR ROGER MARCADE,0,,3,2,0,1,(1),(1),3,, -1,1,0,1,50,13,10,1,33,33318,2,6,0,3,Avenue du Docteur Roger MarcadÃ©,44.80905,-0.62938,9,2,2
202100035067,139Â 014,A01,10,3,2,5,0,-1,-1,2,3,1,2021,55.0,2,1,0,1,1,1,5,,4,RUE DE ROCHECHOUART,0,,1,2,2,2,(1),(1),1,, -1,1,0,5,30,11,6,1,75,75109,2,1,0,6,RUE DE ROCHECHOUART,48.87906,2.345547,15,2,1
202100018736,168Â 148,B01,1,1,1,5,2,8,-1,-1, -1,-1,2021,58.0,1,1,0,2,8,1,0,,3,,0,,2,3,0,1,0,600,1,, -1,2,5,1,50,14,9,2,89,89387,2,3,1,2,PONT NEUF (BOULEVARD DU),48.2033,3.2682,19,2,2
202100027390,152Â 754,A01,1,1,2,5,8,0,-1,0,0,-1,2021,25.0,2,1,0,2,0,1,3,,4,RUE DE LA CERISAIE,0,,1,1,2,1,(1),(1),1,, -1,1,0,1,50,23,7,5,75,75104,2,3,0,6,RUE DE LA CERISAIE,48.851841292,2.3664914316,2,2,2
202100043117,124Â 603,A01,1,1,1,0,1,0,-1,-1, -1,-1,2021,25.0,1,2,0,0,1,26,1,,1,A55-Sens Martigues vers Marseille,0,,1,2,0,1,21,500,1,, -1,1,0,3,90,21,4,1,13,13033,1,1,0,6,A55-Sens Martigues vers Marseille,43.3805,5.21286,20,1,1
202100020477,165Â 033,B01,1,1,2,4,1,8,-1,0,0,-1,2021,48.0,1,2,0,2,4,1,1,,2,GOURNIER (Avenue de),0,,2,3,0,1,92,60,1,, -1,1,0,1,70,27,5,1,26,26198,2,1,0,4,7 Avenue de Gournier,44.53369,4.73341,17,3,3
202100030333,147Â 542,A01,1,1,1,9,1,8,-1,-1, -1,-1,2021,25.0,2,5,0,0,1,26,1,,2,RN11,0,,-1,2,0,1,(1),(1),1,, -1,2,0,1,70,6,7,1,971,97101,1,1,1,7,RN11,16.26849,-61.51212,14,1,1
202100032259,144Â 102,A01,10,3,1,0,0,-1,-1,3,3,1,2021,69.0,0,2,0,1,3,15,1,,4,BOURRAT BOULEVARD JEAN,0,,-1,-1,0,2,0,0,2,, -1,1,0,8,50,25,6,1,66,66136,2,1,0,6,BOURRAT BOULEVARD JEAN,42.69865,2.90459,7,2,1
202100050778,110Â 917,A01,10,3,1,0,0,-1,-1,9,9,1,2021,20.0,3,1,0,0,0,1,1,,4,VILLEPINTE (ROUTE DE),0,,1,1,0,1,0,0,1,, -1,1,0,1,30,20,2,1,93,93073,2,1,0,7,VILLEPINTE (ROUTE DE),48.98053,2.534,17,2,1
202100001076,199Â 840,B01,4,2,1,4,1,8,-1,-1, -1,-1,2021,36.0,2,2,14,0,1,2,1,,3,MONTFERMEIL (ALLEE DE),0,,2,2,0,1,0,0,1,, -1,2,0,1,50,28,12,5,93,93014,2,1,1,2,MONTFERMEIL (ALLEE DE),48.8977,2.53404,0,5,2
202100005636,191Â 714,A01,1,1,1,9,0,0,-1,0,0,-1,2021,30.0,1,1,0,0,0,21,3,,4,RUE CURIAL,0,,1,0,0,1,(1),(1),1,, -1,9,0,5,30,29,11,5,75,75119,2,1,0,7,RUE CURIAL,48.889965,2.371593,18,1,1
202100039233,131Â 486,C01,1,1,2,0,8,0,-1,-1, -1,-1,2021,29.0,1,2,0,2,4,26,1,,1,86,0,,3,4,0,1,3,900,1,, -1,1,0,1,90,19,5,1,92,92025,1,1,0,4,A86,48.9270323695,2.2366148297,19,3,3
202100056215,101Â 410,A01,1,1,1,5,0,-1,-1,0,0,-1,2021,37.0,1,1,0,0,3,1,5,,3,151,0,,2,2,0,1,4,800,1,, -1,1,0,1,-1,5,1,1,95,95446,1,1,0,7,RD 151,49.116388,2.180909,15,1,1
202100024961,157Â 045,A01,1,1,1,1,2,6,9,0,0,-1,2021,42.0,1,1,0,2,1,1,1,,2,4,0,,2,2,0,1,(1),(1),1,, -1,1,0,1,80,3,8,2,971,97125,1,9,0,2,Belle AllÃ©e,16.258917,-61.298271,17,2,2
202100054077,105Â 086,B01,1,1,1,1,2,0,-1,0,0,-1,2021,18.0,1,1,0,2,7,17,1,,3,BRIAND (AVENUE ARISTIDE),0,,2,2,0,1,1,145,1,, -1,1,0,1,50,22,1,1,27,27229,2,3,0,5,BRIAND (AVENUE ARISTIDE),49.0187,1.12701,16,3,3
202100003231,195Â 995,A01,1,1,1,0,2,-1,-1,-1, -1,-1,2021,19.0,1,1,0,2,3,8,1,,4,MARECHAL FOCH (DU)                  (AV),0,,1,2,3,1,(1),(1),1,, -1,1,0,1,50,11,12,5,69,69386,2,2,0,3,MARECHAL FOCH (DU) (AV),45.77141,4.84325,19,5,2
202100010489,182Â 975,A01,1,1,1,0,2,-1,-1,0,0,-1,2021,18.0,0,1,0,2,1,7,1,,4,ALBERT CAMUS (RUE),0,,2,2,0,1,(1),(1),1,, -1,1,0,1,50,26,10,1,80,80725,2,1,0,3,ALBERT CAMUS (RUE),49.87115,2.25895,8,2,2
202100026644,154Â 081,B01,2,2,1,0,1,8,-1,-1, -1,-1,2021,18.0,1,2,0,2,5,1,1,,4,GUIEYSSE (RUE  PAUL ),0,,2,2,0,1,(1),(1),1,, -1,1,0,1,50,27,7,4,56,56121,2,3,0,3,GUIEYSSE (RUE  PAUL ),47.75712,-3.36781,23,3,2
202100042364,125Â 903,B01,1,1,1,0,2,6,-1,-1, -1,-1,2021,22.0,2,1,0,2,1,1,1,,3,R PIERRE ET MARIE CURIE ,0,,1,4,1,2,1,0,1,, -1,1,9,1,50,26,4,1,94,94041,2,2,0,3,PIERRE ET MARIE CURIE (R),48.81528,2.3756,19,2,2
202100038841,132Â 199,A01,3,2,1,5,0,-1,-1,0,0,-1,2021,46.0,2,2,0,0,1,0,1,,2,1,-1,,2,2,0,2,91,800,1,, -1,1,0,1,110,22,5,3,988,98802,1,1,0,7,RT1 BOULOUPARIS,-21.840089,165.905979,19,3,1
202100006461,190Â 247,A01,10,3,2,5,0,-1,-1,1,3,1,2021,93.0,2,2,0,1,6,4,1,,4,BOULEVARD DE GRENELLE,0,,1,1,0,1,(1),(1),1,, -1,1,0,1,30,24,11,1,75,75115,2,4,0,6,BOULEVARD DE GRENELLE,48.849794,2.296007,16,2,1
202100015482,174Â 029,A01,1,1,1,5,0,-1,-1,-1, -1,-1,2021,18.0,3,2,6,0,7,1,1,,4,DU BAC A TRAILLE                    (CH),0,,2,2,0,1,(1),(1),2,, -1,1,0,3,30,1,10,5,69,69034,2,1,0,6,BAC A TRAILLE (DU) (CHM),45.79166,4.86901,5,2,1
202100045349,120Â 679,A01,10,3,1,9,0,-1,-1,6,3,1,2021,69.0,2,2,0,1,2,1,1,,3,RD 41 (ROCADE),0,,3,6,0,2,2,500,2,, -1,1,0,1,60,2,4,1,972,97209,1,1,0,6,RD 41 (ROCADE),14.6098,-61.0655,10,2,1
202100052027,108Â 713,B01,1,1,1,4,2,0,-1,-1, -1,-1,2021,32.0,3,1,0,2,7,1,1,,2,RN 569,0,,2,2,0,1,0,0,1,, -1,1,0,1,80,9,2,1,13,13047,1,1,0,3,RN 569,43.54193,4.95654,9,3,2
202100008445,186Â 643,A01,10,3,1,0,0,-1,-1,2,3,1,2021,72.0,1,5,0,1,4,20,1,,4,ELISE DEROCHE (RUE),0,,1,1,0,1,0,0,1,, -1,1,9,1,30,9,11,1,91,91477,2,1,0,6,ELISE DEROCHE (RUE),48.71667,2.233795,11,2,1
202100021201,163Â 762,A01,1,1,1,0,2,0,-1,-1, -1,-1,2021,30.0,1,1,0,2,1,21,1,,1,86,0,,3,2,0,1,53,0,1,, -1,1,0,1,90,3,9,1,92,92002,1,1,0,2,AUTOROUTE A86,48.7605665374,2.2925873101,9,2,2
202100006500,190Â 184,A01,1,1,1,4,8,-1,-1,0,0,-1,2021,28.0,2,4,0,2,2,1,1,,3,52,-1,,2,2,0,1,71,650,1,, -1,1,0,1,80,22,11,2,67,67397,1,1,0,4,RD 52 PK 71 + 650,48.274453,7.670603,7,3,3
202100008191,187Â 079,A01,1,1,1,4,1,-1,-1,0,0,-1,2021,28.0,3,2,17,0,2,1,1,,3,68,-1,,2,2,0,1,(1),(1),1,, -1,1,0,1,80,8,11,1,50,50364,1,1,0,6,"Lieu dit ""La BretonniÃ¨re",49.151668,-1.450844,11,1,1
202100012369,179Â 608,B01,1,1,1,0,2,6,-1,-1, -1,-1,2021,66.0,2,1,0,2,8,11,3,,1,15,0,,3,8,0,1,5,300,1,, -1,1,0,1,90,18,10,1,92,92036,1,1,0,2,AUTOROUTE A15,48.9452569232,2.2843730158,16,2,2
202100029311,149Â 370,B01,2,2,2,5,2,8,-1,-1, -1,-1,2021,37.0,2,1,0,2,2,2,1,,4,REPUBLIQUE (RUE DE LA),0,,2,2,0,1,0,0,1,, -1,1,0,1,50,12,7,1,13,13202,2,1,0,3,REPUBLIQUE (RUE DE LA),43.29889,5.37183,18,3,2
202100051020,110Â 473,BA01,1,1,1,0,8,0,-1,-1, -1,-1,2021,40.0,2,2,0,0,0,14,1,,3,ROUTE DE BOULIQUI,0,,2,2,0,3,(1),(1),3,, -1,1,0,1,90,18,2,1,971,97128,1,1,0,7,ROUTE DE BOULIQUI,16.25267,-61.44473,14,1,1