Num_Acc,id_vehicule,num_veh,place,catu,sexe,trajet,secu1,secu2,secu3,locp,actp,etatp,year_acc,victim_age,senc,catv,obs,obsm,choc,manv,motor,occutc,catr,voie,v1,v2,circ,nbv,vosp,prof,pr,pr1,plan,lartpc,larrout,surf,infra,situ,vma,jour,mois,lum,dep,com,agg_,int,atm,col,adr,lat,long,hour,nb_victim,nb_vehicules
202100014153,176Â 393,A01,1,1,1,5,2,6,-1,0, -1,-1,2021,14.0,1,1,12,0,3,1,1,,3,BAYONNE (AVENUE DE),0,,2,4,3,1,9,165,1,, -1,1,0,1,50,9,10,1,64,64024,2,1,0,7,BAYONNE (AVENUE DE),43.48293,-1.50397,17,2,1
202100017107,171Â 052,B01,1,1,1,5,0,0,-1,-1, -1,-1,2021,80.0,1,1,0,2,1,13,5,,3,SALVADOR ALLENDE (AV),0,,3,2,1,1,1,0,1,, -1,1,0,5,50,24,9,1,94,94017,2,1,0,3,Avenue Salvador AllendÃ©,48.80866,2.55071,10,2,2
202100024657,157Â 581,B01,1,1,1,4,1,-1,-1,0,0,-1,2021,52.0,1,2,0,2,3,3,1,,1,84,-1,,3,4,0,2,209,400,3,, -1,1,0,1,110,12,8,1,50,50214,1,1,0,4,A84,48.93437,-1.071424,8,3,3
202100054710,103Â 997,B01,10,3,2,1,0,-1,-1,9,9,1,2021,32.0,2,2,15,1,1,2,1,,4,,-1,,2,2,0,2,(1),(1),3,, -1,7,0,8,50,18,1,3,74,74225,2,1,1,2,Rte de Bessine,45.858411,5.929999,6,3,2
202100006799,189Â 629,C01,9,2,1,0,1,0,-1,-1, -1,-1,2021,27.0,2,2,0,2,4,2,1,,1,13,0,,1,3,0,1,6,599,1,, -1,1,0,1,110,22,11,3,92,92047,1,1,0,4,A13,48.835241057,2.1770575759,18,7,4
202100055787,102Â 147,A01,10,3,2,0,0,-1,-1,2,3,1,2021,12.0,1,2,0,1,2,1,1,,4,BARTHOU (BOULEVARD LOUIS) PAIR,0,,2,1,0,2,(1),(1),1,, -1,1,0,1,50,8,1,1,51,51454,2,1,0,7,Boulevard Louis Barthou,49.2336083657,4.0305754997,14,2,1
202100003542,195Â 413,A01,10,3,2,2,0,-1,-1,3,3,2,2021,17.0,1,2,0,1,1,1,1,,4,DE LA GARE(RUE),0,,2,2,0,1,0,0,1,, -1,1,0,1,50,9,12,1,974,97409,2,1,0,1,DE LA GARE(RUE),-20.95894,55.6526,6,4,1
202100008915,185Â 785,A01,1,1,1,0,1,4,-1,-1, -1,-1,2021,31.0,2,2,4,2,3,18,1,,1,AUTOROUTE A1,0,,1,3,0,1,4,500,1,, -1,1,0,1,90,8,11,3,93,93066,1,1,0,6,AUTOROUTE A1,48.9330286156,2.3763868249,5,2,2
202100009102,185Â 438,B01,2,2,2,5,1,5,-1,0,0,-1,2021,86.0,0,2,0,2,4,1,1,,3,CONCHES (ROUTE DE),0,,2,3,0,1,1,400,1,, -1,1,0,1,50,6,11,1,27,27229,2,3,0,2,CONCHES (ROUTE DE),49.0191861,1.1187111,12,3,2
202100033319,142Â 211,A01,1,1,1,0,2,6,-1,-1, -1,-1,2021,19.0,3,1,0,2,1,1,1,,3,DIVISION LECLERC (RUE DE LA),0,,2,2,0,1,7,675,1,, -1,1,0,1,50,13,6,1,78,78646,1,1,0,2,DIVISION LECLERC (RUE DE LA),48.80104,2.07934,12,2,2
202100051188,110Â 174,A01,10,3,2,5,0,-1,-1,4,3,1,2021,44.0,1,1,0,1,1,1,1,,4,AVENUE D ITALIE,0,,-1,6,1,1,(1),(1),1,, -1,2,0,1,50,16,2,2,75,75113,2,3,1,6,AVENUE D ITALIE,48.823016,2.35827,18,2,1
202100019314,167Â 102,B01,2,2,1,0,2,0,-1,-1, -1,-1,2021,44.0,2,1,0,2,1,21,1,,3,vahibe-Departementale 3 ( route ),0,,2,2,0,2,0,0,3,, -1,1,0,1,70,12,9,1,976,97611,1,1,0,3,vahibe-Departementale 3 ( route ),-12.79257,45.18824,16,3,2
202100001660,198Â 837,A01,1,1,1,5,1,-1,-1,0,0,-1,2021,85.0,2,2,0,2,3,13,1,,2,12,0,,2,2,0,4,57,160,1,, -1,2,0,1,80,24,12,1,53,53269,1,1,1,5,RN 12 -PK 056.160,48.303522,-0.846119,8,4,4
202100013520,177Â 561,A01,1,1,1,2,2,6,-1,-1, -1,-1,2021,20.0,1,1,0,2,1,1,1,,4,MONTAPINS,0,,2,2,0,2,0,0,3,, -1,1,0,1,50,6,10,1,58,58194,2,1,0,3,MONTAPINS,46.97984,3.13829,12,2,2
202100005986,191Â 097,A01,1,1,1,0,2,0,-1,0,0,-1,2021,45.0,1,1,0,2,1,5,1,,3,VOYAGE (AVENUE NOTRE DAME  BON),0,,2,2,0,2,67,473,1,, -1,1,0,1,30,17,10,2,6,6104,2,1,0,1,VOYAGE (AVENUE NOTRE DAME  BON),43.75845,7.4498,18,2,2
202100051854,109Â 015,B01,1,1,1,1,8,-1,-1,0,0,-1,2021,30.0,1,2,0,2,1,21,1,,3,17,0,,2,2,0,1,39,258,1,, -1,1,5,8,80,11,2,1,1,1083,1,2,0,5,Carrefour D17 / D66B / D75,46.098992,4.858671,7,3,3
202100002971,196Â 463,B01,2,2,2,1,2,6,-1,0,0,-1,2021,32.0,3,1,0,2,6,1,1,,4,PLACE DE LA CONCORDE,0,,4,4,0,1,(1),(1),1,, -1,1,0,1,30,14,12,4,75,75108,2,7,0,3,PLACE DE LA CONCORDE,48.866664,2.32201,19,3,2
202100013965,176Â 738,B01,1,1,2,1,1,-1,-1,-1, -1,-1,2021,44.0,2,2,0,2,8,2,1,,1,ROCADE A 630,0,,3,8,0,1,25,648,1,, -1,1,0,1,90,11,10,1,33,33192,1,1,0,5,ROCADE A 630,44.78981,-0.61506,8,3,3
202100021475,163Â 254,B01,1,1,1,9,2,6,-1,0,0,-1,2021,63.0,1,1,0,2,2,1,1,,4,BOULEVARD ROMAIN ROLLAND,0,,1,2,0,1,(1),(1),1,, -1,1,0,1,30,31,8,1,75,75114,2,2,0,3,BOULEVARD ROMAIN ROLLAND,48.819868509,2.3255042245,16,3,2
202100023131,160Â 269,B01,1,1,2,9,2,0,-1,0,0,-1,2021,20.0,2,1,0,2,2,15,1,,4,BOULEVARD DE CHARONNE,0,,3,2,0,1,(1),(1),1,, -1,1,0,1,50,21,8,1,75,75120,2,3,0,3,BOULEVARD DE CHARONNE,48.853033,2.397194,14,2,2
202100032483,143Â 706,A01,1,1,1,1,2,6,-1,-1, -1,-1,2021,52.0,1,1,0,2,1,1,1,,4,REPUBLIQUE (AVENUE DE LA),0,,2,2,0,1,(1),(1),1,, -1,1,0,1,50,24,6,5,37,37214,2,2,0,6,REPUBLIQUE (AVENUE DE LA),47.4051576382,0.6726212427,3,2,2
202100014294,176Â 151,A01,1,1,2,5,1,-1,-1,0,0,-1,2021,44.0,2,2,7,0,9,1,1,,3,915,0,D,2,2,0,1,38,804,1,, -1,1,0,1,80,10,10,3,76,76678,1,1,1,7,D915,49.640138,1.432952,3,1,1
202100047404,117Â 036,A01,10,3,2,0,8,8,-1,2,3,1,2021,47.0,1,2,0,1,6,20,1,,3,PARIS RUE DE,0,,2,2,0,1,0,1,1,, -1,1,0,1,10,19,3,1,93,93045,2,1,0,6,PARIS RUE DE,48.88,2.41694,12,2,1
202100021774,162Â 704,C01,1,1,2,5,1,8,-1,-1, -1,-1,2021,42.0,2,2,0,2,4,2,1,,2,ROUTE NATIONALE 165,0,,3,8,0,1,97,480,1,, -1,1,2,1,90,27,8,1,56,56036,1,1,0,4,N165 sens Brest/Nantes,47.77432,-3.36833,11,7,5
202100017072,171Â 111,A01,1,1,2,5,2,0,-1,0,0,-1,2021,56.0,2,0,12,2,1,13,3,,4,ROND POINT CHAMPS ELYSEES,0,,2,8,1,2,(1),(1),1,, -1,1,0,5,50,23,9,5,75,75108,2,7,0,6,ROND POINT CHAMPS ELYSEES,48.8688656098,2.3099139776,20,1,1
202100028461,150Â 842,A01,1,1,1,0,2,0,-1,-1, -1,-1,2021,52.0,1,1,9,0,1,26,1,,3,ALENCON (RTE D'),0,,1,1,0,1,0,261,3,, -1,1,0,3,50,17,7,1,72,72181,1,1,0,6,ALENCON (RTE D'),48.02958,0.1792,17,1,1
202100012419,179Â 508,A01,1,1,1,5,1,0,-1,-1, -1,-1,2021,26.0,1,2,1,2,1,17,1,,4,ROMAINS (ROUTE DES),0,,2,2,1,1,0,0,1,, -1,1,0,1,50,15,10,4,67,67118,2,1,0,3,ROMAINS (ROUTE DES),48.5814811074,7.6940573752,19,2,2
202100015652,173Â 692,B01,1,1,1,4,2,6,-1,-1, -1,-1,2021,23.0,0,1,0,2,7,16,1,,3,BOILEAU (AV),0,,2,2,0,1,0,0,1,, -1,2,0,1,50,2,10,5,94,94017,2,6,1,3,BOILEAU (AV),48.80324,2.551,20,3,2
202100022497,161Â 417,B01,1,1,1,5,2,-1,-1,0,0,-1,2021,15.0,1,1,0,2,3,1,5,,3,144,3,E,2,2,0,1,25,360,1,, -1,2,0,1,50,27,8,1,62,62571,2,1,0,5,Rue Camille Delacroix,50.458361,1.601445,8,3,3
202100042197,126Â 195,A01,1,1,1,1,1,0,-1,0,0,-1,2021,45.0,1,2,6,0,2,1,1,,3,AGUESSEAU (ROUTE D'),0,,2,2,0,1,499,0,3,, -1,1,0,1,70,28,4,1,14,14715,2,1,0,6,D74,49.36487,0.10409,14,1,1
202100038924,132Â 057,B01,1,1,1,0,2,-1,-1,-1, -1,-1,2021,45.0,1,1,0,2,2,1,1,,4,AVE DES GUERLANDES,0,,2,2,0,1,(1),(1),2,, -1,1,0,1,50,21,5,3,33,33003,2,6,0,3,Avenue des Guerlandes -Rd 113,44.92446,-0.52994,6,2,2
202100051870,108Â 984,A01,3,2,1,0,1,0,-1,-1, -1,-1,2021,35.0,1,2,0,2,2,2,1,,2,RN 104,0,,3,6,0,1,32,200,1,, -1,2,0,1,110,10,2,3,91,91553,1,1,0,2,RN 104,48.63019,2.484,22,5,2
202100006901,189Â 436,B01,10,3,1,9,0,-1,-1,5,9,1,2021,66.0,1,4,1,0,7,1,0,,4,m'tsapere-Pont (ruelle du ),0,,2,2,0,1,0,0,1,, -1,1,2,4,50,19,11,1,976,97611,2,1,0,3,m'tsapere-Pont (ruelle du ),-12.78969,45.22059,10,3,2
202100033215,142Â 392,A01,1,1,1,4,1,0,-1,0,0,-1,2021,53.0,1,2,0,0,5,23,1,,4,RUE DU FAUBOURG SAINT MARTIN,0,,2,2,0,1,(1),(1),1,, -1,2,0,1,50,20,6,2,75,75110,2,3,1,2,RUE DU FAUBOURG SAINT MARTIN,48.880405,2.364307,20,2,2
202100046160,119Â 257,A01,10,3,1,0,0,-1,-1,1,3,2,2021,3.0,0,2,0,1,2,1,1,,4,,-1,,1,1,0,2,(1),(1),1,, -1,1,0,1,50,30,3,2,50,50167,2,1,1,6,21 Rue des Ecoles,48.712106,-1.49653,8,2,1
202100004977,192Â 893,A01,1,1,1,5,1,-1,-1,0,0,-1,2021,65.0,1,2,4,0,1,1,1,,1,A13,-1,,3,3,0,1,143,100,1,, -1,2,0,1,130,3,12,1,27,27227,1,1,1,6,A 13 - PK 143.100,49.37406,0.652109,14,1,1
202100049895,112Â 551,B01,1,1,2,0,8,0,-1,-1, -1,-1,2021,38.0,3,2,0,2,3,0,1,,7,D9 (BRETELLE),0,,3,2,0,1,1,233,1,, -1,1,0,1,90,27,2,3,13,13054,1,6,0,1,D9 (BRETELLE),43.42402,5.23377,23,4,2
202100027915,151Â 812,B01,1,1,2,5,2,8,-1,-1, -1,-1,2021,72.0,3,0,0,2,1,1,3,,4,ECAUDERIE,0,,2,2,0,2,0,0,3,, -1,1,9,1,50,19,7,1,50,50147,1,1,1,3,ECAUDERIE,49.070312,-1.430352,17,2,2
202100039193,131Â 568,A01,1,1,1,0,1,-1,-1,0,0,-1,2021,26.0,2,2,0,2,1,17,1,,2,31,0,,2,2,0,1,10,50,1,, -1,1,9,1,80,21,5,1,60,60567,1,1,0,4,58 Route Nationale,49.438504,1.887267,14,4,4
202100025669,155Â 796,A01,1,1,2,1,1,-1,-1,0,0,-1,2021,45.0,1,2,0,2,1,17,1,,3,1,0,D,2,2,0,2,4,450,1,,5,2,0,1,80,5,8,1,58,58189,1,1,0,2,D1,47.242561,3.070861,8,2,2
202100045619,120Â 190,B01,1,1,1,3,2,6,-1,-1, -1,-1,2021,19.0,1,1,1,2,1,1,1,,3,GUESDE ( AVENUE JULES ),0,,2,2,0,2,13,918,1,, -1,1,0,1,50,1,4,1,3,3185,2,3,0,3,96 Avenue Jules Guesde,46.33955,2.581527,15,2,2
202100044813,121Â 614,B01,1,1,1,0,8,0,-1,0,0,-1,2021,32.0,1,1,0,2,7,0,5,,4,PASTEUR (BD),0,,1,2,0,1,(1),(1),1,, -1,1,0,1,50,6,4,1,63,63113,2,6,0,3,PASTEUR /Gilbert,45.77367,3.07539,16,2,2
202100006573,190Â 048,B01,1,1,1,1,1,-1,-1,-1,0,-1,2021,38.0,1,2,0,2,1,1,3,,3,GARE (AVENUE DE LA),0,,2,2,0,2,10,950,1,, -1,1,0,1,30,22,11,5,95,95197,2,3,0,3,GARE (RUE DE LA),48.9754,2.33296,19,2,2
202100037368,134Â 875,B01,2,2,2,5,8,-1,-1,0,0,-1,2021,49.0,2,2,0,2,1,26,1,,2,30,0,,2,2,0,2,18,650,1,, -1,1,0,1,70,1,6,1,202,202093,1,1,0,1,RT30,42.618463,8.89133,15,3,2
202100008956,185Â 707,A01,10,3,2,5,0,-1,-1,1,3,1,2021,79.0,2,2,0,1,1,1,1,,4,SAINT LOUP (BOULEVARD DE),0,,2,2,0,1,0,0,1,, -1,1,0,1,50,6,11,1,13,13211,2,1,0,3,SAINT LOUP (BOULEVARD DE),43.2834921354,5.4341131621,16,2,1
202100036207,136Â 969,B01,1,1,2,9,1,0,-1,-1, -1,-1,2021,27.0,1,2,0,2,4,2,1,,1,AUTOROUTE A3,0,,3,6,0,1,12,0,1,, -1,1,0,1,90,6,6,1,93,93007,1,1,0,2,AUTOROUTE A3,48.9432,2.47787,14,2,2
202100014280,176Â 175,B01,1,1,1,5,2,6,-1,0,0,-1,2021,48.0,1,1,0,2,1,1,1,,3,7,-1,D,2,2,0,1,1,50,1,, -1,1,0,1,80,9,10,1,13,13066,1,3,0,3,D7n,43.873295,4.914515,16,2,2
202100011781,180Â 653,A01,10,3,2,0,0,-1,-1,5,9,2,2021,3.0,0,1,0,1,2,1,1,,4,DEJEAN (RUE),0,,2,2,0,1,(1),(1),1,, -1,1,0,4,50,19,10,1,80,80021,2,1,0,6,DEJEAN (RUE),49.89187,2.3125,14,2,1
202100038869,132Â 146,A01,10,3,2,0,0,-1,-1,3,3,2,2021,14.0,1,2,0,1,1,1,1,,6,INGERSHEIM (ROUTE D'),0,,-1,-1,0,1,(1),(1),1,, -1,2,0,1,50,17,5,1,68,68066,2,9,1,6,INGERSHEIM (ROUTE D'),48.08516,7.34414,15,2,1
202100035733,137Â 840,B01,1,1,1,5,1,8,-1,0,0,-1,2021,51.0,1,2,0,2,1,5,1,,3,788,0,,2,3,0,2,2,100,2,, -1,1,0,1,70,7,6,1,22,22113,2,1,0,1,RESISTANCE (AVENUE DE LA),48.74239404,-3.46325388,16,2,2
202100006937,189Â 367,A01,10,3,1,5,0,-1,-1,2,A,-1,2021,50.0,2,3,0,1,7,1,3,,4,BOULEVARD NEY,0,,2,0,3,1,(1),(1),1,, -1,2,-1,6,10,21,11,1,75,75118,2,2,1,6,BOULEVARD NEY,48.898073,2.344277,15,2,1
202100042779,125Â 183,A01,1,1,1,5,2,6,-1,0,0,-1,2021,56.0,1,1,0,2,8,10,1,,7,8,0,N,2,2,0,1,53,610,1,, -1,1,0,1,80,24,4,1,13,13042,1,1,0,1,D8n,43.267925,5.648518,16,2,2
202100034519,140Â 026,A01,1,1,2,5,2,6,9,0,0,-1,2021,23.0,2,1,0,0,2,0,1,,3,27,-1,,2,2,0,2,20,800,3,, -1,1,0,3,70,13,6,1,68,68171,1,1,0,7,D27,47.956202,6.990448,17,1,1
202100012544,179Â 293,A01,1,1,1,0,8,-1,-1,0,0,-1,2021,65.0,0,2,13,0,2,1,1,,7,6007,-1,M,3,1,0,2,54,2,2,, -1,1,0,3,70,19,10,1,6,6059,1,1,0,1,M6007,43.727026,7.350326,9,2,2
202100040849,128Â 617,B01,1,1,1,5,2,-1,-1,0,0,-1,2021,42.0,1,1,0,0,4,0,5,,3,337,0,A,2,2,0,1,26,0,3,, -1,1,0,1,50,8,5,1,69,69054,2,1,0,2,NAPOLEON (RTE),46.168664,4.490737,15,2,2
202100043340,124Â 194,A01,1,1,2,1,1,0,-1,-1, -1,-1,2021,30.0,1,2,9,2,2,15,1,,4,ARISTIDE BRIAND BOULEVARD,0,,2,2,0,1,0,0,1,, -1,1,5,1,50,19,4,2,13,13063,2,2,0,1,ARISTIDE BRIAND BOULEVARD,43.58236,5.00347,18,3,2
202100018189,169Â 096,B01,1,1,1,1,2,6,-1,-1, -1,-1,2021,29.0,1,1,0,0,1,1,1,,3,MAURICE BERTEAUX (R),0,,2,2,0,2,1,0,1,, -1,1,8,1,50,18,9,5,94,94071,2,3,0,3,Rue Maurice Berteaux,48.77203,2.51954,5,2,2
202100007172,188Â 939,A01,1,1,2,9,1,-1,-1,0,0,-1,2021,28.0,0,2,0,2,1,1,1,,2,ROCADE RN25,0,,3,4,0,1,(1),(1),1,, -1,1,0,1,110,16,11,3,80,80164,1,1,1,2,ROCADE RN25,49.90104,2.3684,17,2,2
202100023327,159Â 916,A01,1,1,2,1,1,0,-1,-1, -1,-1,2021,54.0,1,2,0,2,3,17,1,,4,,0,,2,1,0,1,0,0,1,, -1,1,0,1,50,20,8,2,92,92020,2,1,0,1,DEFORGES RUE ETIENNE NÂ° PAIRS,48.8047586287,2.2966897571,7,2,2
202100047647,116Â 585,B01,1,1,2,5,1,8,-1,0,0,-1,2021,56.0,1,2,0,2,4,1,1,,4,QUAI D IVRY,0,,1,4,0,1,0,300,1,, -1,2,0,1,70,16,3,1,75,75113,2,1,1,2,QUAI D IVRY,48.825791,2.386589,11,2,2
202100026270,154Â 743,A01,2,2,1,5,2,0,-1,-1, -1,-1,2021,17.0,3,1,0,2,8,16,1,,4,RUE LAVOISIER,0,,2,2,0,1,8,0,1,, -1,1,0,1,50,29,7,1,77,77350,2,1,0,3,RUE LAVOISIER,48.76793,2.68249,18,4,2
202100017408,170Â 512,B01,1,1,1,5,2,6,-1,-1, -1,-1,2021,64.0,0,1,1,9,1,0,1,,4,THOMAS BLANCHET                     (R ),0,,2,2,0,1,(1),(1),1,, -1,1,0,1,50,22,9,1,69,69388,2,1,0,7,THOMAS BLANCHET                     (R ),45.7369885716,4.8830980312,10,1,1
202100004853,193Â 115,A01,10,3,1,5,0,-1,-1,1,9,3,2021,32.0,1,4,0,1,1,26,0,,3,,-1,,-1,-1,0,1,(1),(1),1,,4,2,0,8,30,4,12,1,61,61205,2,7,1,6,Le Bourg Heugon,48.855997,0.396937,15,2,1
202100041057,128Â 222,B01,2,2,2,0,2,0,-1,-1, -1,-1,2021,47.0,1,1,0,2,1,21,1,,4,JOLIOT CURIE                        (R ),0,,2,3,0,1,(1),(1),1,, -1,1,0,1,50,3,5,1,69,69385,2,1,1,1,JOLIOT CURIE (R),45.7562715074,4.7963272203,19,3,2
202100006002,191Â 070,B01,1,1,1,4,1,8,-1,0,0,-1,2021,36.0,3,2,0,2,4,2,1,,4,BOULEVARD BOURDON,0,,2,5,0,1,(1),(1),1,, -1,2,0,1,30,26,11,5,75,75104,2,4,1,2,BOULEVARD BOURDON,48.852873,2.368462,18,2,2
202100017280,170Â 764,A01,2,2,1,5,8,-1,-1,0,0,-1,2021,25.0,2,2,0,2,1,2,1,,1,42,0,,1,5,0,1,14,400,1,, -1,1,0,1,110,26,9,1,1,1049,1,1,0,2,A42 sens GENEVE / LYON pk 014+400,45.839799,5.048395,11,3,2
202100016724,171Â 731,A01,1,1,1,0,0,-1,-1,0,0,-1,2021,29.0,1,2,2,0,1,1,1,,3,1032,0,D,3,4,0,1,7,640,1,, -1,1,0,3,110,26,8,1,60,60392,1,1,0,6,D1032,49.4829971053,2.8618483542,9,1,1
202100018741,168Â 140,A01,1,1,1,4,2,0,-1,-1, -1,-1,2021,19.0,1,1,0,2,2,13,1,,4,ROUTE DE HOUDAN,0,,2,2,0,1,(1),(1),1,, -1,1,0,1,50,14,9,1,78,78362,2,1,0,3,ROUTE DE HOUDAN,48.979428,1.71506,22,3,2
202100046892,117Â 956,A01,10,3,2,0,0,-1,-1,3,3,2,2021,4.0,3,1,0,1,2,21,1,,3,DE GAULLE (AVENUE CHARLES),0,,1,1,0,1,0,1,1,, -1,1,9,1,50,23,3,1,74,74012,2,1,0,6,DE GAULLE (AVENUE CHARLES),46.1836,6.24668,13,2,1
202100033458,141Â 964,B01,2,2,1,5,1,-1,-1,0,0,-1,2021,73.0,2,2,8,2,1,21,1,,3,996,0,,2,2,0,1,3,350,3,, -1,1,0,3,50,19,6,1,71,71208,2,1,0,5,20 Rue du Pont,46.910479,5.157765,18,4,3
202100040425,129Â 356,A01,1,1,1,1,1,0,-1,-1, -1,-1,2021,34.0,2,5,0,2,1,2,1,,1,A7-Sens Marseille vers Lyon,0,,1,2,0,1,256,0,1,, -1,1,0,1,90,11,5,1,13,13081,1,1,0,4,A7-Sens Marseille vers Lyon,43.48999,5.24057,16,3,3
202100056062,101Â 677,A01,1,1,1,1,2,6,-1,0,0,-1,2021,27.0,1,1,0,2,1,2,1,,4,PORTE D AUTEUIL,0,,1,4,0,1,12,400,1,, -1,1,0,1,70,3,1,1,75,75116,2,1,0,2,PORTE D AUTEUIL,48.849763,2.252406,15,3,2
202100054445,104Â 443,A01,10,3,2,2,0,-1,-1,3,3,1,2021,13.0,1,1,0,1,1,0,0,,4,,0,,2,4,1,2,(1),(1),1,, -1,1,0,1,30,18,1,2,34,34172,2,1,0,6,TOULOUSE (AVENUE DE,43.5949,3.86138,17,2,1
202100022817,160Â 823,A01,10,3,2,5,0,-1,-1,4,3,1,2021,25.0,1,1,0,1,1,1,1,,4,JEAN BALLARD (COURS),0,,1,2,0,1,0,0,2,, -1,1,6,1,50,22,8,5,13,13201,2,1,0,6,JEAN BALLARD (COURS),43.2928,5.3747,22,2,1
202100032510,143Â 656,A01,10,3,2,5,0,-1,-1,3,3,1,2021,87.0,1,1,0,1,1,16,1,,4,RUE DE LA TERRASSE,0,,1,1,0,1,(1),(1),1,, -1,1,0,1,30,24,6,1,75,75117,2,2,0,6,RUE DE LA TERRASSE,48.881949,2.313541,12,2,1
202100007030,189Â 189,A01,10,3,2,3,0,-1,-1,3,3,1,2021,83.0,1,2,0,1,1,12,1,,4,GAULLE (AVENUE DU GENERAL DE),0,,2,2,0,1,0,0,1,, -1,1,0,8,50,19,11,1,21,21054,2,1,0,6,GAULLE (AVENUE DU GENERAL DE),47.0195679077,4.8354859838,10,2,1
202100025884,155Â 418,A01,1,1,1,0,8,0,-1,-1, -1,-1,2021,42.0,1,2,0,2,7,1,0,,3,DROITS DE LHOMME (CARREFOUR DES),0,,1,2,0,1,0,1,1,, -1,1,5,1,50,1,8,1,93,93005,2,9,0,3,Rdpt des Droits de l'Homme,48.9300788743,2.4811875056,14,3,2
202100032579,143Â 538,A01,1,1,1,0,8,-1,-1,0,0,-1,2021,36.0,3,2,8,0,1,13,1,,4,,-1,,2,2,0,1,(1),(1),1,,4,2,0,3,50,23,6,1,24,24025,1,1,0,7,route de la tremouille,45.107662,1.056694,18,1,1
202100052656,107Â 604,A01,10,3,2,0,8,8,-1,3,3,1,2021,62.0,3,3,0,1,2,16,1,1.0,4,PL GASNIER GUY,0,,1,1,3,1,0,0,1,, -1,1,0,1,30,3,2,1,77,77108,2,7,0,6,PL GASNIER GUY,48.87452,2.58318,11,2,1
202100022078,162Â 161,B01,1,1,1,0,1,0,-1,-1, -1,-1,2021,33.0,3,2,0,2,4,23,1,,4,RUE LUCIEN ANDRIEUX,0,,2,3,2,1,(1),(1),1,, -1,1,0,1,50,28,8,1,38,38185,2,1,0,2,RUE LUCIEN ANDRIEUX,45.16453,5.72127,7,2,2
202100028000,151Â 658,A01,3,2,1,5,1,-1,-1,0,0,-1,2021,6.0,1,2,0,2,8,1,1,,3,215,0,D,2,2,0,1,3,383,1,, -1,1,0,1,80,21,7,1,62,62845,1,2,0,3,D215,50.624774,1.688826,15,8,2
202100017323,170Â 686,A01,1,1,1,0,1,-1,-1,0,0,-1,2021,58.0,1,2,0,2,3,1,1,,3,1084,-1,,2,3,0,2,4,280,1,, -1,1,0,1,50,24,9,5,1,1249,2,1,0,3,1920 Grande Rue,45.826117,4.964151,20,2,2
202100035040,139Â 061,A01,1,1,1,1,2,6,-1,-1, -1,-1,2021,30.0,2,1,0,2,1,1,1,,3,RD 6161 - Rocade Ouest,0,,1,2,0,1,(1),(1),1,, -1,1,5,1,50,11,6,1,11,11069,2,1,0,3,RD 6161 - Rocade Ouest,43.2021,2.3142,15,2,2
202100008464,186Â 610,B01,1,1,1,0,2,0,-1,0,0,-1,2021,48.0,1,1,0,2,1,1,5,,4,DEROULEDE (AVENUE PAUL),0,,1,1,2,1,(1),(1),1,, -1,1,0,1,50,11,11,1,54,54304,2,2,0,1,DEROULEDE (AVENUE PAUL),48.68516,6.15581,11,2,2
202100034587,139Â 892,A01,1,1,1,2,2,6,-1,0,0,-1,2021,15.0,3,1,0,2,1,18,1,,4,LE LAY ( AVENUE ALAIN ),0,,1,1,1,1,(1),(1),1,, -1,1,-1,1,50,11,6,1,29,29039,2,2,0,5,Avenue Alain le Lay,47.87695,-3.91523,10,3,3
202100041904,126Â 716,A01,1,1,1,1,2,-1,-1,-1, -1,-1,2021,22.0,3,1,0,2,2,13,1,,4,HAIE-DES-COGNETS (BOUL DE LA),0,,2,2,0,1,(1),(1),3,, -1,1,0,1,30,30,4,1,35,35047,1,1,0,7,La Perelle,48.06599,-1.74998,17,2,2
202100050840,110Â 809,B01,1,1,1,5,2,-1,-1,0,0,-1,2021,25.0,1,1,0,2,2,1,1,,3,26,0,A,2,2,0,2,17,150,3,, -1,1,0,1,80,21,2,1,81,81117,1,1,1,3,d26,43.796237,1.982818,9,3,2
202100049908,112Â 527,B01,1,1,1,0,8,0,-1,-1, -1,-1,2021,29.0,1,2,0,2,1,0,1,,4,TREFILERIE (RUE DE LA),0,,2,1,0,1,0,0,1,, -1,1,0,1,50,27,2,1,93,93027,2,1,0,1,TREFILERIE (RUE DE LA),48.92433,2.40868,18,5,2
202100017282,170Â 761,A01,1,1,1,0,1,-1,-1,0,0,-1,2021,30.0,1,2,0,2,3,5,1,,3,68,0,,2,2,0,2,5,520,3,, -1,1,0,1,80,24,9,1,82,82189,1,1,0,1,d 68 PR 005+300,44.189118,1.2822042,17,3,2
202100047007,117Â 753,A01,1,1,1,0,2,0,-1,-1, -1,-1,2021,33.0,1,1,0,2,1,2,1,,1,AUTOROUTE A3,0,,3,10,0,1,2,0,1,, -1,1,0,1,90,23,3,1,93,93048,1,1,0,2,AUTOROUTE A3,48.87313,2.4359,17,2,2
202100001471,199Â 156,B01,2,2,2,0,1,0,-1,-1, -1,-1,2021,23.0,3,2,0,2,1,2,1,,4,HUGO (COURS VICTOR HUGO),0,,2,2,0,1,(1),(1),1,, -1,2,0,1,50,23,12,2,45,45234,2,6,1,2,Cours Victor Hugo,47.8889816667,1.8959140778,19,3,2
202100032398,143Â 863,B01,2,2,2,5,2,6,-1,0,0,-1,2021,58.0,1,1,0,2,1,1,1,,3,908,-1,,2,2,0,1,43,100,2,, -1,1,0,1,80,26,6,1,4,4061,1,1,0,3,RD 908,44.209011,6.637797,10,3,2
202100032971,142Â 823,B01,2,2,2,5,2,6,-1,0,0,-1,2021,26.0,1,1,0,2,7,13,1,,2,N2,-1,,2,3,0,1,(1),(1),1,, -1,1,0,1,70,22,6,3,971,97103,1,1,0,3,Dalciat,16.259844,-61.622304,21,3,2