Num_Acc,id_vehicule,num_veh,place,catu,sexe,trajet,secu1,secu2,secu3,locp,actp,etatp,year_acc,victim_age,senc,catv,obs,obsm,choc,manv,motor,occutc,catr,voie,v1,v2,circ,nbv,vosp,prof,pr,pr1,plan,lartpc,larrout,surf,infra,situ,vma,jour,mois,lum,dep,com,agg_,int,atm,col,adr,lat,long,hour,nb_victim,nb_vehicules
202100000658,200Â 537,A01,10,3,2,5,0,-1,-1,3,3,1,2021,29.0,2,2,0,1,1,1,1,,4,BLANC LOUIS,0,,2,2,0,1,(1),(1),1,, -1,2,5,1,30,28,12,5,12,12145,2,6,1,6,BLANC LOUIS,44.0954482474,3.0764623582,17,2,1
202100019489,166Â 800,B01,1,1,1,9,8,0,-1,-1, -1,-1,2021,61.0,1,1,0,2,3,0,1,,4,GESLIN,0,,2,2,0,1,1,0,1,, -1,1,0,1,50,11,9,1,49,49007,2,1,0,3,GESLIN,47.48181,-0.51292,12,2,2
202100012312,179Â 726,A01,10,3,2,1,0,-1,-1,5,A,-1,2021,40.0,1,2,1,1,2,1,1,,3,1001,0,D,2,2,0,1,55,220,1,,7,2,0,1,50,20,10,1,60,60664,2,1,0,1,4 Rue de Beauvais,49.6106055902,2.2899382148,17,2,1
202100048869,114Â 405,A01,1,1,1,4,2,6,-1,0,0,-1,2021,32.0,2,1,0,2,8,18,1,,4,RUE DE L ASSOMPTION,0,,1,1,0,1,(1),(1),1,, -1,1,0,1,50,7,3,1,75,75116,2,3,0,3,RUE DE L ASSOMPTION,48.853743,2.272239,15,2,2
202100040426,129Â 353,B01,1,1,1,0,1,-1,-1,-1, -1,-1,2021,37.0,1,2,0,2,4,2,1,,2,ROUTE NATIONALE 230,0,,3,6,0,1,42,0,1,, -1,1,0,1,90,11,5,1,33,33013,1,1,0,2,Rocade Rive Droite N230,44.864997,-0.503805,15,3,2
202100029729,148Â 652,B01,2,2,1,0,1,0,-1,-1, -1,-1,2021,10.0,2,2,0,2,4,0,1,,1,86,0,,3,4,0,1,2,900,1,, -1,1,0,1,90,10,7,1,92,92025,1,1,0,4,A86,48.9217595598,2.2261142366,15,7,4
202100047473,116Â 907,B01,1,1,1,2,2,-1,-1,-1, -1,-1,2021,16.0,1,1,0,2,1,18,1,,4,PROFESSEUR BEAUVISAGE (DU)  (R ),0,,2,5,1,1,(1),(1),1,, -1,2,0,1,50,17,3,1,69,69388,2,3,1,3,PROFESSEUR BEAUVISAGE (DU) (R),45.7307529651,4.8714481338,12,2,2
202100013622,177Â 366,B01,2,2,2,0,1,8,-1,-1, -1,-1,2021,26.0,2,2,0,2,4,2,1,,3,,0,,3,2,0,1,9,895,1,, -1,1,0,1,90,11,10,1,66,66136,1,1,0,4,R D 900,42.672448,2.859934,17,4,3
202100011874,180Â 498,A01,10,3,1,0,0,-1,-1,3,3,1,2021,9.0,1,2,0,1,6,1,1,,4,POSTES (CHEMIN DES),0,,2,2,0,1,0,0,1,, -1,2,0,1,50,21,10,5,93,93014,2,1,0,6,POSTES (CHEMIN DES),48.90839,2.53596,19,2,1
202100046900,117Â 940,A01,1,1,2,0,1,0,-1,-1, -1,-1,2021,21.0,1,2,0,2,1,13,1,,3,OLHETTE (ROUTE D'),0,,2,2,0,1,2,0,1,, -1,1,0,1,50,23,3,1,64,64189,2,1,0,1,OLHETTE (ROUTE D'),43.370427,-1.658079,9,2,2
202100002253,197Â 755,A01,10,3,2,3,0,-1,-1,4,3,1,2021,83.0,1,2,0,1,2,9,1,,2,PLOMB DU CANTAL (AVENUE DU),0,,3,4,0,2,48,279,1,, -1,1,0,1,50,17,12,1,15,15014,2,1,0,6,PLOMB DU CANTAL (AVENUE DU),44.9127,2.4347,17,2,1
202100027436,152Â 681,B01,1,1,1,3,2,6,-1,0,0,-1,2021,22.0,1,1,0,2,1,1,1,,3,26,-1,,2,2,0,1,0,8,1,, -1,1,5,1,50,23,7,1,72,72029,2,9,1,3,D26,48.226081,0.128395,16,2,2
202100013705,177Â 205,B01,1,1,1,1,2,6,-1,-1, -1,-1,2021,21.0,1,1,0,2,2,1,1,,3,STALINGRAD (BD DE),0,,1,2,0,1,0,1,3,, -1,1,0,1,50,12,10,1,94,94022,2,3,0,3,STALINGRAD (BD DE),48.76817,2.4032,17,2,2
202100033873,141Â 212,B01,2,2,2,9,2,0,-1,0,0,-1,2021,24.0,1,1,0,2,1,5,1,,4,AVENUE DAUMESNIL,0,,2,4,0,1,(1),(1),1,, -1,1,0,1,50,16,6,1,75,75112,2,4,0,3,AVENUE DAUMESNIL,48.838945,2.39736,13,3,2
202100002245,197Â 769,A01,1,1,1,0,1,0,-1,-1, -1,-1,2021,26.0,1,2,6,0,1,0,1,,3,R.D 504,0,,2,2,0,1,5,50,3,, -1,2,0,3,50,18,12,5,42,42170,2,1,1,6,Route du Beaujolais,46.03741,4.11889,7,1,1
202100049045,114Â 086,A01,10,3,1,0,0,-1,-1,2,3,1,2021,72.0,1,2,0,1,1,15,1,,4,OCEAN (BOULEVARD DE L'),0,,2,2,0,1,(1),(1),1,, -1,1,0,1,50,3,3,1,974,97411,2,2,0,6,OCEAN (BOULEVARD DE L'),-20.88147,55.45702,7,2,1
202100007462,188Â 411,A01,10,3,2,3,0,-1,-1,3,3,1,2021,91.0,2,2,0,1,1,1,1,,3,39,0,,2,2,0,2,0,0,1,, -1,1,0,1,50,18,11,1,92,92063,2,1,0,6,DIX-HUIT JUIN 1940 (AVENUE DU) EST,48.8663074283,2.2017610073,10,3,2
202100024949,157Â 065,A01,10,3,2,3,0,-1,-1,3,3,1,2021,77.0,1,2,0,1,2,1,1,,3,19,0,D,2,2,0,1,(1),(1),1,, -1,1,0,1,50,5,8,1,90,90033,2,1,0,1,Faubourg de Belfort,47.512882,7.001005,16,2,1
202100039848,130Â 352,A01,1,1,1,0,0,0,-1,-1, -1,-1,2021,55.0,2,1,0,2,1,1,5,,3,JULES GRAVEREAUX (AV),0,,2,2,0,2,1,0,2,, -1,2,0,1,30,15,5,1,94,94038,2,3,1,3,Rue Albert 1er,48.779176,2.331119,11,2,2
202100029459,149Â 127,A01,10,3,2,3,0,-1,-1,3,3,1,2021,76.0,3,2,0,1,1,15,1,,4,,-1,,2,2,0,1,(1),(1),1,,4,1,0,1,30,10,7,1,1,1443,2,3,0,6,Rue du Commerce,46.001495,5.029263,10,2,1
202100006550,190Â 092,A01,10,3,1,5,0,-1,-1,6,1,2,2021,30.0,1,2,0,1,2,1,1,,3,FOURQUES ROUTE DE,0,,2,2,0,1,3,410,1,, -1,1,0,3,80,20,11,3,30,30032,1,1,0,6,FOURQUES ROUTE DE,43.7798,4.6232,2,3,1
202100027726,152Â 155,A01,1,1,1,3,8,0,-1,-1, -1,-1,2021,65.0,0,0,0,2,7,19,3,,6,JUIN(AVENUE DU MARECHAL),0,,-1,-1,0,1,(1),(1),1,, -1,1,0,1,30,21,7,1,56,56260,2,1,0,3,Avenue du Marechal Juin,47.63241,-2.78046,10,2,2
202100037172,135Â 241,B01,1,1,1,1,1,-1,-1,-1, -1,-1,2021,38.0,2,2,0,2,4,2,1,,4,JEAN JACQUES ROUSSEAU               (QU),0,,2,2,0,1,(1),(1),1,, -1,1,0,1,50,3,5,1,69,69142,2,1,1,4,JEAN JACQUES ROUSSEAU (Q),45.73977,4.81201,12,5,3
202100046246,119Â 110,A01,1,1,1,9,2,0,-1,0,0,-1,2021,34.0,2,1,0,2,1,1,1,,4,RUE GRENETA,0,,1,1,0,1,(1),(1),1,, -1,1,0,1,30,28,3,1,75,75102,2,2,0,3,RUE GRENETA,48.865223,2.35142,13,2,2
202100045884,119Â 740,A01,1,1,1,0,1,0,-1,-1, -1,-1,2021,47.0,1,5,0,2,1,2,1,,1,86,0,,3,6,0,1,8,0,1,, -1,1,0,1,90,30,3,1,92,92036,1,1,0,4,A86,48.9357640852,2.2872224731,17,4,3
202100031536,145Â 389,B01,1,1,1,0,2,6,-1,-1, -1,-1,2021,30.0,2,1,0,2,2,1,1,,2,104,0,,1,2,0,1,36,950,2,, -1,1,0,1,70,1,7,1,91,91340,1,1,0,3,RN 104,48.61,2.4314,19,2,2
202100020819,164Â 430,A01,1,1,1,5,1,-1,-1,-1,0,-1,2021,20.0,2,2,0,2,9,1,1,,1,AUTOROUTE A15,0,,3,6,0,1,14,899,1,, -1,2,0,1,110,5,9,3,95,95424,1,1,1,6, A15,48.9942,2.18468,5,2,1
202100031243,145Â 896,A01,1,1,1,5,2,6,-1,0,0,-1,2021,26.0,2,1,1,0,0,1,1,,3,1084,-1,,2,2,0,1,64,420,1,, -1,1,0,1,50,4,7,4,1,1373,2,1,0,6,58 grande rue,46.137215,5.551963,0,1,1
202100040588,129Â 067,A01,10,3,2,5,0,-1,-1,2,3,1,2021,67.0,2,5,0,1,2,1,1,,4,RUE JACQUES IEKAWE,0,,2,2,0,2,0,0,1,, -1,1,0,1,50,7,5,5,988,98818,2,3,0,6,RUE JACQUES IEKAWE/RUE CIRCULAIRE,-22.24002,166.4717,17,2,1
202100019991,165Â 898,A01,1,1,2,2,2,6,-1,0,0,-1,2021,14.0,2,1,0,0,1,1,1,,4,,-1,,2,2,0,1,(1),(1),3,,4,2,0,1,50,10,9,1,71,71481,2,1,0,7,Rue des Chanillons,46.194244,4.779949,8,2,1
202100024888,157Â 170,B01,1,1,1,5,1,8,-1,-1, -1,-1,2021,23.0,0,2,0,2,8,1,1,,4,MORGIOU (chemin de ),0,,-1,2,0,1,1,0,2,, -1,1,0,1,50,9,8,5,13,13209,2,1,0,3,MORGIOU (chemin de ),43.2457,5.4039,0,2,2
202100051921,108Â 896,B01,2,2,1,4,1,0,-1,0,0,-1,2021,24.0,1,5,0,2,4,23,1,,4,RUE DU VIEUX COLOMBIER,0,,2,3,0,1,(1),(1),1,, -1,5,0,1,50,10,2,1,75,75106,2,2,1,2,RUE DU VIEUX COLOMBIER,48.851362,2.332049,14,3,2
202100025981,155Â 239,B01,1,1,1,0,1,0,-1,-1, -1,-1,2021,21.0,1,2,0,2,4,1,1,,2,PERIPHERIQUE,0,,3,4,0,1,7,350,1,, -1,1,0,1,90,31,7,3,44,44172,1,1,0,2,PERIPHERIQUE,47.23512,-1.47798,23,3,2
202100010296,183Â 300,A01,1,1,1,5,2,0,-1,-1, -1,-1,2021,33.0,3,0,0,2,1,5,1,,4,DUSOUICH (R),0,,1,1,0,1,(1),(1),1,, -1,1,0,1,50,19,10,5,62,62498,2,3,0,3,DUSOUICH (R),50.437244,2.838592,19,2,2
202100032010,144Â 528,A01,2,2,2,5,2,-1,-1,0,0,-1,2021,51.0,1,1,0,0,8,1,1,,3,52,0,D,2,2,0,1,18,220,1,, -1,1,0,1,80,26,6,1,27,27478,1,6,0,7,D52,48.954734,1.220856,11,2,1
202100030390,147Â 444,B01,1,1,2,1,1,-1,-1,0,0,-1,2021,38.0,1,2,0,2,4,2,1,,2,ECHANGEUR NÂ° 3 ( PORTE  D ' ANGLETERRE ),0,,1,2,0,1,1,0,1,, -1,1,8,1,70,6,7,1,14,14327,1,1,0,2,N814,49.19197,-0.33504,17,2,2
202100044329,122Â 430,B01,1,1,2,5,1,-1,-1,0,0,-1,2021,51.0,3,2,0,2,1,1,1,,3,902,0,,2,2,0,2,37,792,3,, -1,1,0,1,50,12,4,1,50,50082,2,1,0,6,Rue de Bricqueville,49.46909,-1.63427,17,2,2
202100006030,191Â 015,A01,2,2,2,0,1,-1,-1,0,0,-1,2021,37.0,2,2,4,0,3,13,1,,1,28,0,A,3,4,0,1,219,400,1,, -1,2,0,2,130,27,11,1,27,27680,1,1,1,6,A28 PK 219.400,48.924473,0.407181,9,2,1
202100055336,102Â 920,A01,1,1,1,5,8,0,-1,-1, -1,-1,2021,16.0,1,1,0,2,1,17,1,,7,ROSE (AVENUE DE LA),0,,2,2,0,1,6,200,1,, -1,1,0,1,50,12,1,1,13,13213,2,1,0,3,ROSE (AVENUE DE LA),43.326815,5.422899,16,3,2
202100049518,113Â 240,A01,1,1,1,0,-1,0,-1,-1, -1,-1,2021,33.0,2,1,0,2,1,26,0,,4,GEORGES POMPIDOU (RUE),0,,1,1,2,1,(1),(1),2,, -1,1,0,5,50,1,3,1,10,10387,2,6,0,3,GEORGES POMPIDOU (RUE),48.287902,4.081225,14,2,2
202100029098,149Â 736,A01,2,2,1,9,1,8,-1,-1, -1,-1,2021,28.0,3,2,0,2,1,14,2,,4,BEULET (RUE DU),0,,3,2,0,1,0,1,1,, -1,1,0,1,50,12,7,1,74,74012,2,1,0,2,BEULET (RUE DU),46.19127,6.23968,18,3,2
202100039840,130Â 368,B01,1,1,1,9,2,6,-1,0,0,-1,2021,46.0,1,1,0,2,1,1,1,,4,RUE DE L ABBE GROULT,0,,1,1,0,2,(1),(1),1,, -1,2,0,1,50,14,5,1,75,75115,2,2,0,3,RUE DE L ABBE GROULT,48.837184,2.300142,17,2,2
202100049292,113Â 651,B01,1,1,1,0,1,0,-1,-1, -1,-1,2021,40.0,-1,1,0,2,1,1,5,,3,BOUCHER RUE ALEXANDRE,0,,2,2,0,1,1,1,1,, -1,2,0,1,50,4,3,1,93,93074,2,1,1,3,BOUCHER RUE ALEXANDRE,48.9329841226,2.5670927741,16,2,2
202100037718,134Â 244,A01,1,1,1,5,2,0,-1,-1, -1,-1,2021,38.0,1,1,0,2,7,3,1,,1,6,0,,3,3,0,1,12,500,1,, -1,1,0,1,110,29,5,1,91,91161,1,1,0,3,AUTOROUTE A6,48.72139,2.31078,15,2,2
202100054050,105Â 130,A01,1,1,1,5,2,0,-1,-1, -1,-1,2021,20.0,1,1,12,0,0,26,1,,4,MATHIAS GRUNEWALD (RUE),0,,3,2,0,1,0,0,1,, -1,1,9,1,30,21,1,1,67,67482,2,1,0,7,MATHIAS GRUNEWALD (RUE),48.5665627972,7.7236320823,14,3,1
202100005582,191Â 825,A01,7,2,1,9,3,1,-1,0,0,-1,2021,6.0,3,2,0,0,2,1,1,,4,,-1,,2,2,0,2,(1),(1),1,,4,1,0,1,80,30,11,1,22,22305,1,2,0,3,La Ville Jacquelot,48.261738,-2.174205,17,4,2
202100046368,118Â 886,A01,1,1,1,5,2,6,-1,0,0,-1,2021,42.0,1,1,0,0,0,1,1,,4,BOULEVARD DE CHARONNE,0,,3,2,0,1,(1),(1),1,, -1,2,0,1,50,25,3,1,75,75120,2,3,0,7,BOULEVARD DE CHARONNE,48.849802,2.399137,13,1,1
202100013935,176Â 792,B01,1,1,1,0,0,-1,-1,0,0,-1,2021,28.0,1,1,0,2,1,1,5,,4,,-1,,2,1,0,1,(1),(1),3,,5,1,0,1,30,12,10,1,29,29220,2,6,0,3,Rue du Petit Train,47.866413,-4.229304,14,2,2
202100026420,154Â 473,A01,1,1,2,5,8,-1,-1,-1, -1,-1,2021,30.0,1,2,0,2,2,15,1,,7,JEAN JAURES                         (AV),0,,3,3,0,1,(1),(1),1,, -1,1,0,1,30,29,7,1,69,69199,2,3,0,3,JEAN JAURES (AV),45.71311,4.85502,19,2,2
202100024051,158Â 655,A01,1,1,1,1,2,6,9,0,0,-1,2021,51.0,0,1,0,6,1,1,1,,3,126,0,D,2,2,0,1,26,700,1,, -1,1,0,1,80,13,8,3,41,41168,1,1,1,6,Route de Vierzon,47.286202,2.110705,4,1,1
202100036704,136Â 101,A01,1,1,1,0,2,6,-1,0,0,-1,2021,18.0,3,1,0,2,1,19,1,,3,4,-1,,2,1,0,1,33,300,1,,3,1,0,1,80,4,6,1,28,28087,1,3,0,1,Herville,48.709484,1.253654,14,2,2
202100019203,167Â 302,B01,1,1,2,1,2,0,-1,0,0,-1,2021,35.0,3,1,0,2,1,19,5,,4,ALLEE DE LA REINE MARGUERITE,0,,2,2,1,1,(1),(1),1,, -1,1,0,5,50,13,9,1,75,75116,2,1,0,3,ALLEE DE LA REINE MARGUERITE,48.849103,2.242044,9,2,2
202100031438,145Â 550,A01,1,1,2,0,1,0,-1,-1, -1,-1,2021,34.0,3,2,0,2,3,9,1,,4,,0,,2,2,0,1,0,0,1,, -1,1,0,1,50,1,7,1,92,92050,2,1,0,1,HAUTES PATURES RUE DES,48.9187905091,2.2215514886,10,2,2
202100016209,172Â 664,A01,10,3,2,0,0,-1,-1,2,3,1,2021,66.0,3,2,0,1,3,0,1,,4,DURAND  QUAI LOUIS,0,,-1,1,0,1,(1),(1),1,, -1,1,0,1,30,28,9,1,17,17300,2,1,0,6,DURAND  QUAI LOUIS,46.1586,-1.14825,14,2,1
202100054027,105Â 172,A01,1,1,1,4,1,-1,-1,-1, -1,-1,2021,47.0,1,5,6,0,1,1,1,,4,,0,,1,1,0,1,(1),(1),1,, -1,2,2,1,50,22,1,2,69,69259,2,1,0,6,IRENE JOLIOT CURIE (BD),45.7174639255,4.876490857,8,1,1
202100030842,146Â 634,A01,1,1,1,5,1,0,-1,-1, -1,-1,2021,70.0,1,2,1,0,1,6,1,,2,7,0,,2,2,0,1,28,575,1,, -1,9,5,8,50,3,7,5,42,42127,2,3,0,6,Route de Paris,46.066315,4.054489,21,4,1
202100008180,187Â 103,A01,1,1,1,5,1,-1,-1,0,0,-1,2021,35.0,1,2,2,0,3,1,1,,3,604,-1,,2,2,0,1,5,(1),1,, -1,2,0,3,80,15,11,1,55,55447,1,1,1,6,Rd 604,48.642026,5.062058,9,1,1
202100020027,165Â 827,A01,1,1,1,5,1,0,-1,-1, -1,-1,2021,45.0,1,2,0,2,8,0,1,,2,N406,0,,1,2,0,1,0,100,1,, -1,1,0,1,90,6,9,5,94,94028,1,1,0,6,A86 EXT,48.7810694259,2.4414599042,21,2,2
202100042232,126Â 136,A01,1,1,2,1,2,6,-1,-1, -1,-1,2021,51.0,1,1,0,2,1,2,1,,2,"CHARLES DE GAULLE (AVENUE, NÂ°27 A 129)",0,,3,6,0,1,0,0,1,, -1,1,0,1,50,27,4,1,92,92051,2,1,0,2,"CHARLES DE GAULLE (AVENUE, NÂ°27 A 129)",48.8809057586,2.27229774,9,2,2
202100031663,145Â 158,A01,1,1,1,5,1,-1,-1,0,0,-1,2021,67.0,0,2,15,0,1,11,1,,4,,-1,,2,2,0,1,(1),(1),1,,4,1,0,8,-1,1,7,1,17,17337,1,1,0,7,Route de l'hermitage,45.961092,-1.37004,17,2,1
202100028459,150Â 846,B01,1,1,1,5,2,8,-1,-1, -1,-1,2021,71.0,2,1,0,2,8,1,5,,4,RUE FRANCOIS COPPEE,0,,1,1,0,1,0,0,1,, -1,1,5,1,50,17,7,1,77,77479,2,2,0,3,RUE FRANCOIS COPPEE,48.871,2.632,16,2,2
202100009962,183Â 891,B01,2,2,1,1,1,-1,-1,0,0,-1,2021,25.0,1,2,1,0,2,1,1,,2,175,-1,,1,4,0,3,58,950,1,, -1,2,0,1,110,1,11,3,50,50589,1,1,0,2,RN 175 PK 58.950,48.581182,-1.440958,21,3,2
202100035799,137Â 718,A01,1,1,1,5,1,-1,-1,0,0,-1,2021,41.0,2,2,0,0,9,0,1,,3,2,0,D,2,2,0,3,8,200,2,, -1,1,0,8,80,9,6,1,51,51538,1,1,0,7,D2,48.891076,4.394118,14,2,1
202100039430,131Â 121,B01,1,1,2,5,8,0,-1,-1, -1,-1,2021,20.0,3,1,0,2,7,1,3,,4,EUROPE (AVENUE DE L'),0,,2,2,0,1,(1),(1),3,, -1,1,0,1,50,17,5,1,71,71153,2,6,0,3,EUROPE (AVENUE DE L'),46.80858,4.42831,17,2,2
202100032476,143Â 723,A01,1,1,1,1,8,0,-1,-1, -1,-1,2021,43.0,1,1,0,2,4,1,5,,4,FLANDRES PONT,0,,3,6,2,1,(1),(1),1,, -1,1,0,5,50,16,6,1,59,59350,2,1,0,2,FLANDRES PONT,50.63642,3.07705,18,2,2
202100005212,192Â 461,B01,1,1,2,1,1,0,-1,-1, -1,-1,2021,23.0,2,2,0,2,7,1,1,,4,FERRIER (RUE),0,,1,1,0,1,0,0,1,, -1,1,0,1,30,25,8,1,19,19031,2,2,0,3,FERRIER (RUE),45.16315,1.53751,20,2,2
202100019418,166Â 923,A01,1,1,1,5,2,6,-1,0,0,-1,2021,24.0,1,1,8,0,2,1,1,,3,103,-1,,2,2,0,1,64,500,1,, -1,1,0,8,80,12,9,1,43,43230,1,1,0,6,D103,45.16076,3.925053,15,1,1
202100045432,120Â 524,Z01,10,3,2,1,8,8,-1,2,5,1,2021,20.0,1,1,0,1,0,1,0,,4,PLACE DE CLICHY,0,,1,3,3,1,(1),(1),1,, -1,1,0,1,50,2,4,1,75,75109,2,7,0,6,PLACE DE CLICHY,48.883447,2.327683,18,2,1
202100005098,192Â 660,A01,10,3,1,2,0,-1,-1,4,3,1,2021,11.0,1,1,0,1,1,1,1,,4,AVENUE KLEBER,0,,2,3,0,1,(1),(1),1,, -1,1,0,1,30,30,11,1,75,75116,2,4,0,6,AVENUE KLEBER,48.868919,2.29152,13,2,1
202100016120,172Â 827,B01,2,2,2,3,1,-1,-1,-1, -1,-1,2021,19.0,2,2,0,2,2,0,1,,4,LA MAILLERAYE (DE),0,,2,2,0,1,0,0,1,, -1,1,0,1,50,28,9,1,76,76351,2,2,0,3,LA MAILLERAYE (DE),49.48782,0.10176,18,3,2
202100015815,173Â 406,B01,1,1,2,5,0,-1,-1,0,0,-1,2021,32.0,1,2,1,0,7,24,1,,3,272,0,,2,2,0,1,6,20,2,, -1,1,0,4,50,2,10,1,2,2569,2,1,0,6,23 Rue du Canal,50.021045,3.669938,9,3,2
202100000648,200Â 554,C01,1,1,2,5,1,0,-1,-1, -1,-1,2021,37.0,1,2,0,2,0,0,3,,1,AUTOROUTE A1,0,,-1,6,0,1,186,600,1,, -1,2,0,1,130,27,12,1,62,62274,1,1,0,5,AUTOROUTE A1,50.4321,2.9794,8,3,3
202100055077,103Â 364,A01,10,3,2,1,0,-1,-1,4,3,1,2021,26.0,2,3,0,1,2,1,1,1.0,4,MARNE (QU DE),0,,2,0,0,1,1,0,1,, -1,2,2,1,5,12,1,5,94,94042,2,1,1,6,MARNE (QU DE),48.828783,2.4702,17,2,1
202100020316,165Â 323,A01,1,1,1,1,2,0,0,0,0,-1,2021,18.0,3,1,0,2,1,1,1,,4,ORME (CHEMIN DE L'),0,,1,1,0,2,(1),(1),1,, -1,1,0,1,50,7,9,1,6,6069,2,1,0,2,ORME (CHEMIN DE L'),43.654095,6.942179,13,2,2
202100054366,104Â 582,B01,1,1,1,1,1,0,-1,-1, -1,-1,2021,61.0,2,2,0,2,4,0,0,,3,BD DE FRIEDBERG,0,,1,1,0,2,1,0,1,, -1,1,0,1,70,19,1,5,94,94079,2,1,0,2,FRIEDBERG (BD DE),48.8359,2.5469,20,2,2
202100047600,116Â 670,A01,1,1,1,1,1,-1,-1,-1, -1,-1,2021,28.0,3,2,0,2,7,10,1,,4,DE LATTRE DE TASSIGNY               (PT),0,,2,8,0,1,(1),(1),1,, -1,2,2,1,50,17,3,1,69,69381,2,1,1,3,DE LATTRE DE TASSIGNY               (PT),45.7724746629,4.8393112421,15,3,2
202100035644,138Â 004,B01,1,1,1,5,1,0,-1,-1, -1,-1,2021,36.0,2,2,0,2,4,2,1,,1,TVPCM-Sens Saint Victor vers Les Ports,0,,1,2,0,1,1,549,1,, -1,1,1,1,50,6,6,1,13,13202,1,1,0,2,TVPCM-Sens Saint Victor vers Les Ports,43.2943,5.36395,19,5,2
202100014995,174Â 899,A01,10,3,2,5,0,-1,-1,2,3,1,2021,11.0,0,5,0,1,2,2,1,,4,EGLISE. RUE DE L',0,,2,2,0,1,0,0,1,, -1,1,0,1,50,10,9,1,76,76178,2,1,0,6,EGLISE. RUE DE L',49.31432,1.033,15,2,1
202100028146,151Â 392,B01,2,2,1,0,1,8,-1,-1, -1,-1,2021,16.0,1,2,0,2,4,23,1,,4,POILUS (AVENUE DES),0,,2,2,0,1,0,0,1,, -1,1,0,1,50,19,7,1,13,13212,2,1,0,4,POILUS (AVENUE DES),43.319036005,5.4592958714,15,10,3
202100055414,102Â 797,A01,10,3,1,3,0,-1,-1,4,3,1,2021,65.0,1,2,0,1,3,1,1,,3,643,-1,,3,2,0,4,(1),(1),1,, -1,1,0,1,50,11,1,5,59,59063,2,1,0,6,Rue Victor Watremez,50.139769,3.387442,18,2,1
202100021477,163Â 251,A01,1,1,1,9,2,0,-1,0,0,-1,2021,37.0,2,1,0,2,1,1,5,,4,RUE D AUBERVILLIERS,0,,2,5,1,2,(1),(1),1,, -1,1,0,5,30,1,9,1,75,75118,2,1,0,3,RUE D AUBERVILLIERS,48.896700116,2.370608747,11,2,2
202100035860,137Â 586,B01,2,1,1,0,2,6,-1,-1, -1,-1,2021,31.0,1,1,0,2,8,3,1,,1,AUTOROUTE A1,0,,3,9,0,1,11,399,1,, -1,1,0,1,110,8,6,1,93,93005,1,1,0,3,AUTOROUTE A1,48.95723,2.46153,10,2,2
202100053463,106Â 155,A01,1,1,1,9,2,6,-1,0,0,-1,2021,53.0,1,1,0,2,1,16,1,,4,ERGUE ARMEL  ROND POINT D',0,,1,1,0,1,52,700,2,, -1,2,5,1,50,27,1,1,29,29232,2,1,0,3,D783 - Rond Point Ergue Armel,47.98303,-4.07413,15,2,2
202100021868,162Â 545,B01,2,2,2,0,1,-1,-1,0,0,-1,2021,94.0,2,2,0,2,6,1,1,,3,14,2,D,2,2,0,1,23,100,1,, -1,1,0,1,-1,31,8,1,27,27407,1,2,0,1,D14b,49.308973,1.467361,14,3,2
202100041514,127Â 406,B01,1,1,2,1,1,0,-1,-1, -1,-1,2021,55.0,1,2,11,0,6,15,1,,3,VERDIER MONETTI (RUE),0,,2,2,0,1,13,524,1,, -1,1,5,1,30,1,5,1,76,76026,2,6,0,3,VERDIER MONETTI (RUE),49.8826,1.14143,16,2,2
202100013430,177Â 727,A01,1,1,1,5,2,-1,-1,0,0,-1,2021,69.0,1,1,0,2,1,1,5,,9,921,0,,2,2,1,1,5,50,3,, -1,1,0,5,50,30,9,1,28,28158,1,1,0,1,D921,48.40928,1.4204,15,2,2
202100017659,170Â 055,A01,1,1,1,1,2,0,-1,-1, -1,-1,2021,23.0,1,1,0,5,8,1,1,,7,MEDITERRANEE (AV DE LA ),0,,2,2,0,1,0,0,1,, -1,1,0,1,80,21,9,3,13,13043,2,1,0,7,MEDITERRANEE (AV DE LA ),43.38315,5.20037,0,2,1
202100043115,124Â 607,B01,1,1,2,0,1,-1,-1,0,0,-1,2021,55.0,1,2,0,0,1,1,1,,3,71,0,D,2,2,0,1,4,20,1,, -1,1,0,1,80,22,4,1,27,27400,1,3,0,1,D71,48.959116,1.40949,19,2,2
202100041156,128Â 035,B01,1,1,1,0,2,6,-1,-1, -1,-1,2021,54.0,1,1,0,2,1,17,1,,3,PASTEUR AV.,0,,2,2,0,1,0,1,1,, -1,1,0,1,50,5,5,1,93,93045,2,1,0,3,Avenue Pasteur,48.876043,2.416692,14,2,2
202100021783,162Â 689,A01,10,3,1,5,0,-1,-1,5,9,2,2021,4.0,1,5,0,1,1,19,1,,4,CHURCHILL AVENUE ET SQUARE,0,,2,2,0,1,1,0,1,, -1,1,0,4,50,27,8,1,49,49007,2,1,0,6,CHURCHILL AVENUE ET SQUARE,47.448,-0.5657,17,2,1
202100023298,159Â 972,A01,1,1,2,5,2,8,-1,-1, -1,-1,2021,70.0,3,1,0,2,4,15,5,,4,GUITON   AVENUE JEAN (1-7 et 2),0,,2,4,2,1,(1),(1),1,, -1,1,0,1,30,20,8,1,17,17300,2,2,0,3,GUITON   AVENUE JEAN (1-7 et 2),46.15836,-1.15765,14,2,2
202100024535,157Â 804,B01,1,1,1,0,8,0,-1,-1, -1,-1,2021,18.0,2,0,0,2,7,1,5,,3,LYON (RUE DE),0,,2,2,0,2,3,0,1,, -1,1,5,1,50,12,8,1,13,13215,2,2,0,3,LYON (RUE DE),43.34239,5.3599,17,2,2