Num_Acc,id_vehicule,num_veh,place,catu,sexe,trajet,secu1,secu2,secu3,locp,actp,etatp,year_acc,victim_age,senc,catv,obs,obsm,choc,manv,motor,occutc,catr,voie,v1,v2,circ,nbv,vosp,prof,pr,pr1,plan,lartpc,larrout,surf,infra,situ,vma,jour,mois,lum,dep,com,agg_,int,atm,col,adr,lat,long,hour,nb_victim,nb_vehicules
202100007223,188Â 844,A01,10,3,1,3,0,-1,-1,4,3,1,2021,58.0,2,2,0,1,2,1,1,,3,PONTIVY(BOULEVARD DE),0,,2,2,0,2,1,83,1,, -1,2,0,1,70,19,11,2,56,56260,1,1,0,6,PONTIVY (BOULEVARD DE),47.677065,-2.774265,7,2,1
202100030190,147Â 804,A01,1,1,1,9,2,-1,-1,-1, -1,-1,2021,28.0,3,1,0,2,1,17,1,,4,AVE JEANNE D'ARC,0,,2,2,0,1,(1),(1),2,, -1,1,0,1,50,11,6,3,33,33039,2,1,0,1,Avenue Jeanne dâArc,44.79491,-0.54169,0,2,2
202100006167,190Â 788,A01,3,2,2,5,0,-1,-1,0,0,-1,2021,6.0,1,2,2,0,9,14,1,,3,10,-1,,2,2,0,1,(1),(1),1,, -1,2,0,3,90,27,11,3,988,98830,2,1,1,6,tribu de TiouandÃ©,-20.720434,165.027008,19,4,1
202100040622,129Â 003,B01,1,1,1,5,2,8,-1,0,0,-1,2021,51.0,3,1,0,2,6,15,1,,4,CLAVARY (CHEMIN DE),0,,2,2,0,1,(1),(1),2,, -1,1,0,1,50,8,5,1,6,6069,2,1,0,3,CLAVARY (CHEMIN DE),43.61989,6.93355,17,2,2
202100013603,177Â 404,B01,1,1,2,1,1,-1,-1,-1, -1,-1,2021,44.0,2,2,0,2,1,1,1,,3,D100 A,0,,2,2,0,1,1,870,1,, -1,1,2,1,70,12,10,1,83,83061,1,1,0,1,D100 A,43.44432,6.73541,15,2,2
202100032276,144Â 067,A01,10,3,1,9,0,-1,-1,2,5,1,2021,3.0,2,2,0,1,1,1,1,,4,FAUBOURG BANNIER (RUE DU ),0,,2,2,0,1,(1),(1),1,, -1,1,0,1,50,25,6,1,45,45234,2,1,0,6,Rue du Faubourg Bannier,47.92128,1.89789,17,2,1
202100041328,127Â 733,B01,1,1,2,9,0,0,-1,-1, -1,-1,2021,36.0,2,1,0,2,8,25,3,,3,CARRIERES (QU DES),0,,2,3,0,1,1,0,1,, -1,2,0,4,50,5,5,1,94,94018,2,1,1,3,Quai des Carrieres,48.81946,2.40673,16,2,2
202100025624,155Â 882,A01,1,1,1,5,1,0,-1,-1, -1,-1,2021,22.0,1,2,15,0,1,21,1,,4,MINERVOISE -ROUTE-,0,,2,3,0,1,0,0,1,, -1,1,0,4,50,3,8,1,11,11069,2,1,0,6,MINERVOISE -ROUTE-,43.21658,2.35382,17,1,1
202100048364,115Â 304,B01,1,1,1,0,2,6,-1,-1, -1,-1,2021,16.0,2,1,0,2,1,1,1,,3,passamanty-VahibÃ© ( route ),0,,2,0,0,1,0,0,1,, -1,1,0,1,50,11,3,5,976,97611,2,2,0,1,passamanty-VahibÃ© ( route ),-12.8024,45.21323,18,2,2
202100033403,142Â 059,B01,2,2,2,5,1,8,-1,-1, -1,-1,2021,49.0,1,2,0,2,1,21,1,,3,DÃ©partementale 811 (entre Cahors et Merc,0,,3,2,0,1,1,500,1,, -1,2,0,1,80,19,6,1,46,46042,1,1,1,1,DÃ©partementale 811 (entre Cahors et Merc,44.478126,1.422309,19,3,2
202100053627,105Â 867,B01,1,1,1,1,8,0,-1,0,0,-1,2021,44.0,1,1,0,2,1,1,1,,4,AVENUE DAUMESNIL,0,,2,2,0,1,(1),(1),1,, -1,1,0,1,50,26,1,1,75,75112,2,1,0,3,AVENUE DAUMESNIL,48.837769,2.400536,9,2,2
202100034337,140Â 356,A01,1,1,2,9,1,-1,-1,0,0,-1,2021,61.0,1,2,0,2,7,19,1,,3,929,0,D,2,1,0,4,29,900,1,, -1,1,0,1,50,16,6,1,80,80615,2,2,0,3,D929,50.019104,2.68815,10,3,2
202100054745,103Â 941,A01,1,1,1,5,1,0,-1,-1, -1,-1,2021,29.0,2,2,4,0,1,1,1,,1,A13,0,,3,6,0,1,28,0,1,, -1,2,0,1,130,16,1,1,78,78466,1,1,1,6,A13,48.934694,1.966438,14,2,1
202100029009,149Â 879,A01,1,1,1,5,0,-1,-1,0,0,-1,2021,52.0,2,1,0,2,4,0,5,,3,955,0,A,2,2,0,1,1,0,1,, -1,1,0,1,80,14,7,3,58,58086,2,1,0,2,d 955 A,47.432442,2.933328,23,2,2
202100018686,168Â 242,A01,1,1,1,5,1,-1,-1,0,0,-1,2021,82.0,3,2,16,9,0,26,1,,4,d952,0,,2,2,0,2,(1),(1),1,, -1,1,9,8,50,19,8,1,49,49201,2,9,0,7,Route du Port Saint Maur,47.394151,-0.276659,11,1,1
202100049598,113Â 088,B01,1,1,2,1,1,-1,-1,-1, -1,-1,2021,60.0,2,2,0,2,6,16,1,,4,CLAUDE BAUDRAND                     (R ),0,,2,2,0,1,(1),(1),1,, -1,1,0,1,50,1,3,1,69,69034,2,3,0,2,CLAUDE BAUDRAND (R),45.7861283889,4.8341785574,7,2,2
202100050339,111Â 721,A01,10,3,2,5,0,-1,-1,3,1,1,2021,48.0,1,2,0,1,3,15,1,,4,BOURDET ( RUE MAURICE),0,,1,1,0,1,0,0,1,, -1,1,0,1,30,10,2,1,30,30007,2,3,0,6,BOURDET ( RUE MAURICE),44.1249255589,4.0890169144,15,2,1
202100007548,188Â 250,A01,2,2,1,5,1,-1,-1,-1,0,-1,2021,22.0,2,2,0,2,6,9,1,,1,AUTOROUTE A1,0,,3,8,0,4,19,399,1,, -1,1,3,1,110,18,11,3,95,95527,1,1,0,3,AUTOROUTE A1,49.0127,2.52988,18,3,2
202100004225,194Â 198,A01,10,3,1,2,0,-1,-1,2,3,1,2021,8.0,1,2,0,1,2,1,1,,3,LATTRE DE TASSIGNY (AVENUE DU MARECHAL),0,,2,2,0,1,23,450,1,, -1,2,0,1,50,6,12,1,86,86066,2,1,0,6,Av du Mal de Lattre de Tassigny,46.819068,0.522296,8,2,1
202100013737,177Â 154,A01,1,1,1,1,2,6,9,0,0,-1,2021,44.0,2,1,0,2,2,17,1,,3,1206,-1,,2,3,0,2,2,300,1,, -1,1,0,1,90,12,10,1,1,1033,1,1,0,3,,46.097731,5.8454836,17,2,2
202100029123,149Â 694,A01,10,3,1,5,0,-1,-1,1,9,1,2021,22.0,3,2,14,0,1,1,2,,4,BARANGE BOULEVARD,0,,1,2,0,1,1,0,3,, -1,1,0,1,70,11,7,3,49,49007,1,1,0,7,BARANGE BOULEVARD,47.45798,-0.57276,3,2,1
202100030305,147Â 596,A01,10,3,2,5,0,-1,-1,3,3,1,2021,68.0,1,2,6,1,2,1,1,,4,,-1,,2,2,2,1,(1),(1),1,,4,1,0,1,50,22,6,1,33,33449,2,6,0,6,Chemin Lafon,44.881301,-0.696917,10,2,1
202100053250,106Â 547,A01,10,3,2,9,0,-1,-1,4,3,1,2021,54.0,2,1,0,1,1,0,1,,4,BOULEVARD DE MAGENTA,0,,1,2,0,1,(1),(1),1,, -1,2,0,1,50,28,1,1,75,75110,2,1,1,6,BOULEVARD DE MAGENTA,48.872681,2.359328,10,2,1
202100055232,103Â 094,B01,1,1,2,0,1,0,-1,-1, -1,-1,2021,58.0,1,2,0,2,4,23,1,,3,RD 914,0,,1,3,0,2,0,0,1,, -1,2,0,1,50,9,1,5,92,92050,2,3,0,4,RD 914,48.9074388432,2.2129377723,18,3,3
202100032250,144Â 115,B01,1,1,1,5,2,0,-1,-1, -1,-1,2021,14.0,3,1,0,0,0,1,0,,4,,0,,2,2,0,1,(1),(1),1,, -1,1,0,1,50,23,6,1,78,78267,2,1,0,2,RUE GABRIEL PERI,48.98293,1.81042,19,2,2
202100018948,167Â 774,A01,1,1,1,0,1,0,-1,0,0,-1,2021,22.0,1,2,6,0,1,7,1,,4,PATTON (RUE DE L'ARMEE),0,,1,2,3,1,(1),(1),2,, -1,1,9,4,50,12,9,2,54,54395,2,1,0,6,PATTON (RUE DE L'ARMEE),48.69195,6.16979,6,1,1
202100020826,164Â 419,A01,1,1,1,5,2,6,-1,-1, -1,-1,2021,25.0,1,1,4,0,1,1,1,,3,BOUGAINVILLEES (ROUTE DES),0,,2,2,0,1,(1),(1),4,, -1,1,0,1,50,4,9,1,974,97411,2,1,0,7,BOUGAINVILLEES (ROUTE DES),-20.92232,55.40268,14,1,1
202100043049,124Â 725,A01,1,1,1,1,2,6,-1,0,0,-1,2021,53.0,3,1,0,9,8,1,1,,4,"SERRES DE LA MADONE (ROUTE DES, NÂ° 115 E",0,,2,2,0,1,(1),(1),3,, -1,1,0,1,50,22,4,1,6,6083,2,1,0,2,"SERRES DE LA MADONE (ROUTE DES, NÂ° 115 E",43.77648,7.477812,9,2,2
202100047369,117Â 103,B01,1,1,2,5,1,0,-1,-1, -1,-1,2021,75.0,2,2,0,2,1,1,1,,3,CD 405,0,,2,2,0,1,(1),(1),1,, -1,1,0,1,80,18,3,1,14,14118,2,1,0,1,D405,49.16987,-0.38455,14,2,2
202100031373,145Â 669,A01,1,1,1,1,2,6,-1,0,0,-1,2021,21.0,2,1,0,0,4,1,1,,3,562,0,,2,2,0,1,8,193,1,, -1,1,0,1,80,3,7,1,83,83032,1,1,0,2,RD 562,43.466018,6.147602,17,2,2
202100019469,166Â 837,B01,1,1,1,9,2,6,-1,-1, -1,-1,2021,34.0,0,1,0,0,0,0,3,,4,APPEL DU 18 JUIN 1940 (AV.DE L'),0,,1,2,0,1,0,0,1,, -1,1,0,1,50,11,9,1,77,77284,2,9,0,2,APPEL DU 18 JUIN 1940 (AV.DE L'),48.9518143021,2.9063291326,9,2,2
202100031878,144Â 771,B01,1,1,1,4,1,0,-1,-1, -1,-1,2021,46.0,1,5,0,2,4,9,1,,2,,-1,,1,1,-1,1,(1),(1),3,, -1,2,3,1,-1,17,5,1,22,22187,2,4,0,2,VERDUN (rue de ),48.5451869899,-2.7868795395,8,2,2
202100043535,123Â 846,B01,2,2,1,5,1,8,-1,-1, -1,-1,2021,21.0,1,2,0,2,7,1,1,,4,VERDIER (FRANCOIS),0,,2,2,0,1,1,280,1,, -1,1,0,1,50,18,4,1,81,81004,2,2,0,3,VERDIER (FRANCOIS),43.91968,2.13505,19,4,2
202100002679,196Â 988,A01,2,2,2,5,1,-1,-1,0,0,-1,2021,62.0,1,2,13,0,9,14,1,,3,902,0,,2,2,0,1,83,0,1,, -1,2,0,3,90,17,12,3,12,12044,1,1,0,6,D902 ,43.836949,2.846489,20,2,1
202100029067,149Â 787,A01,1,1,1,5,1,-1,-1,-1,0,-1,2021,28.0,1,2,0,2,4,2,1,,1,AUTOROUTE A15,0,,3,6,0,1,12,500,1,, -1,2,0,1,110,13,7,3,95,95252,1,1,1,2,A15,48.98586,2.21262,0,2,2
202100025004,156Â 959,B01,3,2,1,1,8,-1,-1,-1, -1,-1,2021,49.0,1,3,0,2,1,1,1,3.0,4,TARENTE,0,,2,2,0,1,(1),(1),1,, -1,1,5,1,50,11,8,1,29,29019,2,3,0,3,Avenue de Tarente,48.4045151351,-4.509805441,10,4,2
202100010198,183Â 476,B01,1,1,2,5,1,-1,-1,0,0,-1,2021,52.0,2,2,0,2,1,1,1,,3,,-1,,2,2,0,1,96,1,3,,4,2,0,1,50,30,10,5,83,83054,2,1,1,1,Chemin Alphonse Lavallee,43.1581523631,6.0487997532,19,4,2
202100053636,105Â 855,A01,1,1,1,1,2,6,-1,-1, -1,-1,2021,52.0,1,1,0,0,0,26,1,,3,R GABRIEL PERI,0,,1,1,0,1,1,0,2,, -1,1,0,1,50,26,1,5,94,94038,2,6,0,7,GABRIEL PERI (R),48.7844,2.34151,7,1,1
202100001749,198Â 661,A01,1,1,2,4,8,0,-1,0,0,-1,2021,19.0,1,1,0,1,1,1,5,,4,AVENUE DES CHAMPS ELYSEES,0,,2,8,1,1,(1),(1),1,, -1,1,-1,5,30,22,12,5,75,75108,2,1,0,6,AVENUE DES CHAMPS ELYSEES,48.870943,2.303981,18,2,1
202100002965,196Â 473,A01,10,3,1,9,0,-1,-1,2,9,1,2021,32.0,2,3,0,1,5,9,2,1.0,4,RUE CARDINET,0,,2,4,3,1,(1),(1),1,, -1,1,0,1,30,13,12,5,75,75117,2,5,0,6,RUE CARDINET,48.887356,2.314093,23,2,1
202100046258,119Â 090,A01,1,1,1,5,2,6,9,0,0,-1,2021,27.0,3,1,3,0,2,1,1,,3,129,-1,,2,2,0,4,7,750,3,, -1,1,0,3,70,28,3,2,47,47145,1,1,1,6,Belloc,44.133435,0.67177,19,1,1
202100052215,108Â 376,B01,1,1,1,4,2,4,-1,-1, -1,-1,2021,38.0,1,1,0,2,1,1,5,,4,CRS DE LA MARNE,0,,2,3,3,1,(1),(1),1,, -1,1,0,1,50,7,2,5,33,33063,2,1,0,1,Cours de la Marne,44.83042,-0.57117,19,2,2
202100000727,200Â 411,A01,10,3,1,5,0,-1,-1,2,3,3,2021,73.0,1,2,0,1,1,19,1,,3,RIMBAUD A. QUAI,0,,2,2,0,1,0,0,1,, -1,2,0,1,30,29,12,3,8,8105,2,1,1,6,RIMBAUD A. QUAI,49.77564,4.72163,18,3,1
202100002972,196Â 461,B01,1,1,1,1,2,8,-1,0,0,-1,2021,33.0,1,1,0,2,1,17,1,,4,QUAI DE L HOTEL DE VILLE,0,,2,4,0,1,(1),(1),1,, -1,1,0,1,30,14,12,5,75,75104,2,1,0,3,QUAI DE L HOTEL DE VILLE,48.853816,2.356425,17,3,2
202100024106,158Â 568,A01,1,1,1,0,2,0,-1,-1, -1,-1,2021,31.0,1,1,4,2,1,1,1,,1,AUTOROUTE A86,0,,3,4,0,1,27,200,1,, -1,1,0,1,110,14,8,1,93,93064,1,1,0,3,AUTOROUTE A86,48.8775091635,2.47741539,17,2,2
202100034537,139Â 996,B01,1,1,2,1,1,-1,-1,-1, -1,-1,2021,39.0,2,2,0,2,5,0,1,,7,RD383   14.250 A 18.000,0,,1,4,0,1,14,300,1,, -1,1,3,1,70,1,6,1,69,69199,1,1,0,4,RD383   14.250 A 18.000,45.71648,4.85087,17,3,3
202100008441,186Â 649,A01,10,3,1,0,0,-1,-1,2,3,1,2021,82.0,3,1,0,1,8,26,1,,4,GRAZIANI - BLD,0,,-1,2,0,2,1,0,1,, -1,2,0,1,50,10,11,2,202,202033,2,9,1,3,GRAZIANI - BLD,42.703,9.451,16,2,1
202100043776,123Â 437,A01,1,1,1,0,2,-1,-1,-1, -1,-1,2021,17.0,2,1,0,2,1,2,1,,4,TALLINN (SANS NÂ° DE DELALANDE A RP CARRE,0,,2,2,0,1,(1),(1),1,, -1,1,5,1,30,16,4,1,29,29019,2,1,0,2,Avenue de Tallinn,48.3889,-4.52309,18,2,2
202100001042,199Â 902,B01,1,1,2,9,1,0,-1,-1, -1,-1,2021,28.0,2,2,0,2,2,1,1,,3,EGALITE (RUE DE L'),0,,2,2,0,1,4,800,1,, -1,2,0,1,50,27,12,5,10,10325,2,9,1,3,EGALITE (RUE DE L'),48.2651,4.06,18,4,2
202100045944,119Â 630,B01,1,1,2,1,8,0,-1,-1, -1,-1,2021,47.0,1,1,0,2,7,19,5,,3,GANCE (BOULEVARD ABEL),0,,2,4,0,1,3,950,3,, -1,1,5,1,50,30,3,1,37,37261,2,6,1,6,GANCE (BOULEVARD ABEL),47.4300468536,0.7050969796,8,2,2
202100028031,151Â 609,A01,1,1,1,1,2,6,-1,0,0,-1,2021,15.0,2,1,0,0,7,1,1,,3,233,0,R,2,2,0,1,0,500,4,, -1,1,0,1,80,20,7,1,7,7314,1,1,0,7,D233,44.88019,4.601871,17,1,1
202100012521,179Â 332,A01,2,2,1,5,1,-1,-1,0,0,-1,2021,54.0,1,2,13,0,2,2,1,,3,215,-1,,2,2,0,1,17,845,4,, -1,1,0,3,80,19,10,3,62,62786,1,1,0,6,RD 215,50.693005,1.885829,20,3,1
202100015378,174Â 219,A01,1,1,1,5,2,6,-1,0,0,-1,2021,51.0,1,1,0,2,1,13,1,,3,7,-1,,2,2,0,1,78,900,1,, -1,1,0,1,70,4,10,1,83,83086,1,1,0,5,Route d Aix En Provence,43.468081,6.551156,13,3,3
202100039118,131Â 705,A01,1,1,1,5,8,0,-1,-1, -1,-1,2021,35.0,1,2,0,2,1,1,1,,3,PASTEUR (AVENUE),0,,2,2,0,1,(1),(1),1,, -1,1,0,1,50,20,5,2,24,24037,2,9,0,3,PASTEUR (AVENUE),44.85692,0.49192,5,2,2
202100017759,169Â 879,A01,1,1,1,5,1,-1,-1,0,0,-1,2021,50.0,2,2,2,0,1,14,3,,3,234,-1,,2,2,0,1,2,950,1,, -1,1,0,3,70,21,9,1,29,29060,1,1,0,6,78 Route de Quimper,47.9199920561,-4.1093747329,17,1,1
202100041424,127Â 560,A01,10,3,1,5,0,-1,-1,1,3,1,2021,78.0,1,2,0,1,4,20,1,,4,,0,,1,1,0,1,0,0,1,, -1,1,0,1,50,4,5,1,92,92063,2,1,1,6,ALBERT 1ER (AVENUE),48.8853465392,2.1722025036,8,2,1
202100023707,159Â 239,B01,2,2,2,9,1,8,-1,-1, -1,-1,2021,21.0,3,2,0,2,5,2,1,,4,BOUCTON (RUE CHARLES),0,,4,2,0,1,(1),(1),1,, -1,1,5,1,50,17,8,1,51,51573,2,6,0,2,Rue Charles Boucton,49.2533516042,3.9791087348,17,3,2
202100041252,127Â 863,B01,1,1,1,4,2,6,-1,-1, -1,-1,2021,58.0,0,1,0,0,1,1,1,,4,VERDUN (DE)                         (R ),0,,2,2,0,2,(1),(1),1,, -1,1,0,1,50,5,5,1,69,69202,2,2,0,3,VERDUN (DE) (R),45.7329953421,4.7998083477,9,2,2
202100037905,133Â 910,A01,1,1,2,1,1,-1,-1,0,0,-1,2021,28.0,2,2,0,2,1,1,1,,3,1075,-1,,2,1,0,1,11,315,1,, -1,1,0,1,80,28,5,2,1,1374,1,2,0,3,RD1075,46.118608968,5.2973377192,20,2,2
202100050279,111Â 845,A01,9,2,2,0,1,-1,-1,0,0,-1,2021,72.0,2,2,0,0,3,13,1,,7,51,0,R,2,2,0,1,13,500,1,, -1,1,0,1,50,26,2,2,69,69003,2,1,0,1,GENERAL DE GAULLE (Q),45.873063,4.834901,18,3,2
202100044780,121Â 670,B01,1,1,1,1,1,0,-1,-1, -1,-1,2021,24.0,1,5,0,2,3,2,1,,1,A13,0,,3,6,0,1,11,300,1,, -1,1,0,1,110,7,4,5,78,78524,1,1,0,3,A13,48.839946,2.116492,21,2,2
202100034277,140Â 470,A01,1,1,1,5,8,0,-1,-1, -1,-1,2021,12.0,3,1,0,2,8,9,2,,2,ONZE NOVEMBRE 1918 (QUAI DU),0,,2,2,0,1,0,0,1,, -1,1,0,1,50,15,6,1,30,30007,2,3,0,3,ONZE NOVEMBRE 1918 (QUAI DU),44.12765,4.07323,20,3,2
202100043458,123Â 980,A01,10,3,1,5,0,0,0,3,3,1,2021,90.0,1,1,0,1,3,1,1,,4,DUNANT (AV. HENRI),0,,2,2,0,2,(1),(1),1,, -1,1,0,1,50,19,4,1,6,6088,2,7,0,6,DUNANT (AV. HENRI),43.72028,7.26299,10,2,1
202100055050,103Â 412,B01,1,1,2,5,1,0,-1,-1, -1,-1,2021,78.0,2,2,0,2,1,1,1,,3,901,0,,2,3,0,1,(1),(1),1,, -1,2,0,1,50,13,1,1,19,19031,2,3,0,3,RIBOT (AVENUE),45.16461,1.50282,13,6,2
202100009890,184Â 019,A01,2,2,1,5,2,-1,-1,-1, -1,-1,2021,26.0,3,1,9,0,1,1,1,,4,,-1,,1,-1,-1,1,(1),(1),1,, -1,1,0,1,-1,21,8,5,78,78646,2,1,0,6,,48.798769,2.141398,6,2,1
202100039687,130Â 640,A01,10,3,1,0,0,-1,-1,2,5,1,2021,11.0,1,2,0,1,8,1,1,,4,PELOUSE (RUE) NÂ° PAIRS 2 A 72,0,,1,1,2,2,0,0,1,, -1,1,0,1,50,15,5,1,72,72181,2,1,0,6,PELOUSE (RUE) NÂ° PAIRS 2 A 72,48.001829,0.199599,13,2,1
202100008285,186Â 907,A01,1,1,1,5,2,-1,-1,0,0,-1,2021,39.0,1,1,0,0,0,1,1,,3,16,-1,,2,2,0,2,22,200,1,, -1,2,0,1,80,13,11,1,63,63093,1,1,0,7,RD16 22+200,46.0007225463,2.9859447885,17,1,1
202100018582,168Â 419,B01,1,1,1,0,2,-1,-1,0, -1,-1,2021,60.0,1,1,0,2,8,1,0,,4,FRATERNITE DE LA,0,,-1,2,0,1,(1),(1),1,, -1,1,0,1,30,16,9,1,29,29019,2,1,0,3,Rue de la FraternitÃ©,48.40054,-4.454627,7,2,2
202100010011,183Â 807,A01,10,3,2,5,0,-1,-1,3,3,2,2021,16.0,1,2,0,1,1,1,1,,3,D.306,0,,3,2,2,1,9,251,1,, -1,2,0,1,50,30,10,1,77,77495,2,1,1,6,D306,48.56121,2.633738,17,2,1
202100049943,112Â 474,B01,2,2,1,0,1,-1,-1,0,0,-1,2021,30.0,1,2,13,2,1,2,1,,3,927,0,D,2,2,0,1,45,590,1,, -1,1,5,1,90,27,2,1,36,36042,1,3,0,3,,46.632664,1.458038,15,4,2
202100004351,193Â 980,A01,1,1,1,3,0,-1,-1,0,0,-1,2021,87.0,3,1,0,0,7,1,5,,9,,-1,,-1,2,0,1,(1),(1),1,, -1,2,0,5,50,2,12,3,71,71176,2,3,1,7,Quai de l Industrie,46.485828,3.998755,17,2,2
202100028152,151Â 382,B01,2,2,1,9,1,-1,-1,-1, -1,-1,2021,66.0,3,2,0,2,4,1,1,,3,PERPIGNAN (RUE DE L'ANCIENNE PORTE),0,,1,2,0,1,0,0,1,, -1,1,9,1,50,10,7,5,11,11262,2,1,0,2,PERPIGNAN (RUE DE L'ANCIENNE PORTE),43.16432,2.98545,23,3,2
202100017191,170Â 906,B01,1,1,1,5,2,-1,-1,0,0,-1,2021,22.0,3,1,0,2,1,1,1,,6,,0,A,-1,-1,0,1,(1),(1),3,, -1,1,0,1,30,24,9,1,56,56240,2,1,0,3,Place de Francheville,47.528697,-2.76737,12,2,2
202100005467,192Â 014,A01,1,1,2,1,1,0,-1,0,0,-1,2021,60.0,1,2,1,0,1,1,1,,6,MONTREAL (ALLEE DE),0,,-1,-1,0,1,0,1,1,, -1,2,0,1,50,27,9,2,74,74305,2,1,1,6,MONTREAL (ALLEE DE),46.2053690092,6.2819695473,7,2,1
202100023723,159Â 212,A01,1,1,1,5,1,-1,-1,0,0,-1,2021,75.0,3,2,1,0,1,20,1,,4,CHANCELIER (RUE DU),0,,1,1,0,1,0,0,1,, -1,1,0,1,50,17,8,1,14,14715,2,1,0,6,Rue du Chancelier,49.36828,0.08066,13,1,1
202100013322,177Â 934,A01,1,1,1,4,2,6,-1,-1, -1,-1,2021,29.0,2,1,1,2,1,1,1,,4,MEDERIC (R),0,,1,-1,0,1,1,0,1,, -1,1,0,1,50,9,10,1,94,94033,2,1,0,2,Rue MÃ©dÃ©ric,48.8513,2.4511,13,2,2
202100029153,149Â 636,B01,1,1,1,4,2,6,-1,0,0,-1,2021,25.0,1,1,0,2,2,1,1,,4,QUAI DE MONTEBELLO,0,,2,4,0,1,(1),(1),1,, -1,2,0,1,50,13,7,1,75,75105,2,3,1,3,QUAI DE MONTEBELLO,48.851931,2.349187,11,2,2
202100018713,168Â 190,B01,1,1,1,5,1,0,-1,-1, -1,-1,2021,39.0,2,2,0,2,4,1,1,,1,A4.W,0,,3,3,0,1,16,899,1,, -1,2,0,1,110,15,9,1,77,77083,1,1,1,2,A4.W,48.8315755498,2.602964843,14,2,2
202100014631,175Â 561,B01,2,2,1,4,2,6,-1,0,0,-1,2021,27.0,2,1,0,2,4,2,1,,4,RUE DE ROME,0,,2,3,0,1,(1),(1),1,, -1,1,0,1,30,7,10,1,75,75117,2,2,0,2,RUE DE ROME,48.884027,2.318508,14,4,2
202100006583,190Â 030,A01,10,3,1,5,0,-1,-1,3,3,1,2021,66.0,2,2,0,1,1,15,1,,4,LECLERC (AVENUE DU GENERAL),0,,2,3,0,1,0,0,1,, -1,1,5,1,50,19,11,1,87,87085,2,3,0,6,BARBES (RUE ARMAND),45.84215,1.2581,10,2,1
202100047346,117Â 139,A01,1,1,1,5,2,8,-1,-1, -1,-1,2021,16.0,2,1,12,0,1,1,1,,4,FOCH (AVENUE DU MARECHAL),0,,2,2,0,1,0,0,1,, -1,1,0,1,50,18,3,1,49,49099,2,1,0,7,FOCH (AVENUE DU MARECHAL),47.06172,-0.88649,17,2,2
202100026344,154Â 605,A01,1,1,1,0,1,0,-1,-1, -1,-1,2021,20.0,1,2,0,2,2,21,1,,3,THIERS (AVENUE),0,,3,2,0,1,0,0,1,, -1,1,0,1,50,30,7,1,93,93062,2,1,0,3,THIERS (AVENUE),48.898334,2.520121,15,2,1
202100028645,150Â 512,B01,5,2,1,5,8,0,-1,-1, -1,-1,2021,12.0,3,1,0,2,8,19,5,,4,ARAGO (RUE FRANCOIS),0,,2,2,0,1,(1),(1),1,, -1,1,0,1,30,15,7,1,37,37122,2,1,0,6,ARAGO (RUE FRANCOIS),47.3451903772,0.6614689529,16,4,2
202100011664,180Â 876,A01,1,1,2,0,1,0,-1,-1, -1,-1,2021,24.0,3,2,0,2,1,26,1,,3,CHAPIT RE ( RUE DU),0,,4,3,0,1,0,0,1,, -1,2,5,1,70,21,10,3,77,77294,1,9,0,3,CHAPIT RE ( RUE DU),48.99122,2.59973,21,2,2
202100035880,137Â 552,A01,10,3,2,1,0,-1,-1,9,B,-1,2021,38.0,3,5,0,1,2,15,1,,4,LOUIS LABONNE (RUE),0,,-1,1,0,1,0,0,1,, -1,1,0,8,30,7,6,1,91,91687,2,1,0,6,LOUIS LABONNE (RUE),48.67792,2.37112,17,2,1
202100009573,184Â 596,B01,1,1,1,0,2,-1,-1,-1, -1,-1,2021,28.0,1,1,0,2,0,0,1,,4,,0,,2,2,0,1,(1),(1),1,, -1,1,0,1,50,3,11,5,69,69384,2,9,0,3,HENRI CHEVALIER (R),45.783283538,4.8274867237,19,2,2
202100025173,156Â 660,A01,1,1,1,1,2,-1,-1,0,0,-1,2021,20.0,2,1,8,0,2,0,1,,3,940,-1,D,2,2,0,2,44,575,1,, -1,1,0,3,90,8,8,1,19,19255,1,1,0,6,Le Poteau,45.387507,1.721973,9,1,1
202100033039,142Â 687,B01,1,1,2,1,1,-1,-1,-1, -1,-1,2021,49.0,1,2,0,2,3,0,1,,3,VILLAGE GENVRESSE,0,,2,2,0,1,0,734,1,, -1,1,0,1,80,15,6,1,50,50218,1,1,0,2,VILLAGE GENVRESSE,48.82586,-1.55389,15,2,2
202100021529,163Â 160,A01,1,1,1,0,8,-1,-1,0,0,-1,2021,72.0,2,2,16,0,0,1,1,,3,71,-1,,2,2,0,1,64,700,1,, -1,1,0,8,80,1,9,1,83,83142,1,1,0,7,D71,43.7301389142,6.4569339591,19,1,1
202100037840,134Â 019,B01,1,1,1,5,8,0,-1,0,0,-1,2021,40.0,2,1,0,2,1,1,5,,4,RUE SEDAINE,0,,1,1,0,2,(1),(1),1,, -1,1,0,1,30,28,5,5,75,75111,2,1,0,3,RUE SEDAINE,48.858208,2.377552,21,2,2
202100014788,175Â 276,A01,10,3,2,2,0,-1,-1,3,3,1,2021,11.0,2,2,0,1,3,1,1,,4,SAINT EXUPERY (AVENUE. 220 A ...),0,,2,2,0,1,(1),(1),1,, -1,1,0,1,50,6,10,1,62,62193,2,1,0,6,SAINT EXUPERY (AVENUE. 220 A ...),50.9465,1.9006,7,2,1
202100030931,146Â 473,C01,1,1,1,0,1,-1,-1,0,0,-1,2021,58.0,1,2,0,2,1,1,1,,3,568,0,D,2,2,0,1,(1),(1),1,, -1,1,0,1,50,3,7,1,201,201247,2,1,0,5,Rue General de Boissoudy,41.607541,9.280116,12,3,3