Num_Acc,id_vehicule,num_veh,place,catu,sexe,trajet,secu1,secu2,secu3,locp,actp,etatp,year_acc,victim_age,senc,catv,obs,obsm,choc,manv,motor,occutc,catr,voie,v1,v2,circ,nbv,vosp,prof,pr,pr1,plan,lartpc,larrout,surf,infra,situ,vma,jour,mois,lum,dep,com,agg_,int,atm,col,adr,lat,long,hour,nb_victim,nb_vehicules
202100055233,103Â 092,A01,1,1,1,4,2,6,-1,-1, -1,-1,2021,45.0,2,1,0,2,2,17,1,,4,LEON GAMBETTA (ALLEES),0,,1,1,0,1,0,0,1,, -1,2,0,1,30,13,1,1,92,92024,2,1,1,3,LEON GAMBETTA (ALLEES),48.9022,2.30882,12,2,2
202100052982,107Â 011,D01,1,1,1,0,1,8,-1,-1, -1,-1,2021,48.0,2,2,0,2,0,0,1,,2,20 (R.N.) COTE SUD DU TUNNEL,0,,3,4,0,1,39,628,1,, -1,1,0,1,110,31,1,1,9,9122,1,1,0,5,20 (R.N.) COTE SUD DU TUNNEL,42.95612,1.623922,17,8,4
202100035147,138Â 884,A01,1,1,1,5,0,-1,-1,0,0,-1,2021,57.0,2,2,6,0,1,13,1,,3,20,0,,2,2,0,1,18,294,1,, -1,1,0,3,80,12,6,3,28,28226,1,1,0,6,D20,48.645833,1.184828,2,1,1
202100006527,190Â 136,A01,1,1,1,4,8,-1,-1,0,0,-1,2021,43.0,1,4,8,0,0,1,1,,3,166,-1,D,2,2,0,3,6,750,1,, -1,1,0,1,90,25,11,3,88,88393,1,1,1,6,D166,48.34449,5.739445,2,1,1
202100051551,109Â 551,A01,1,1,2,0,1,-1,-1,0,0,-1,2021,47.0,1,2,0,2,1,2,1,,1,8,-1,A,3,3,3,1,63,500,1,, -1,1,0,1,130,15,2,1,83,83140,1,1,0,2,Autoroute A8 - PK 63+500,43.428817,5.943984,8,2,2
202100018049,169Â 366,C01,9,2,2,5,1,-1,-1,0,0,-1,2021,75.0,2,2,0,2,3,1,1,,3,d,0,,2,2,0,1,29,500,1,, -1,1,0,1,80,18,9,3,76,76325,1,1,0,5,Route de Rouen,49.675029,0.822435,23,7,3
202100026896,153Â 631,A01,1,1,1,5,2,6,-1,0,0,-1,2021,24.0,1,1,0,2,1,17,1,,3,929,-1,,2,1,0,2,10,0,1,, -1,1,0,1,80,28,7,1,60,60155,1,1,0,3,D929,49.247638,2.315669,17,2,2
202100056306,101Â 252,A01,10,3,2,4,0,-1,-1,3,3,1,2021,39.0,1,2,0,1,1,11,1,,4,,-1,,2,3,0,1,(1),(1),1,, -1,1,0,1,50,4,1,2,71,71310,2,1,0,6,Avenue des Mouettes,46.738375,4.475051,17,2,1
202100047353,117Â 129,B01,1,1,2,0,2,6,-1,-1, -1,-1,2021,38.0,2,1,0,0,0,21,1,,4,HEURTELOUP (BOULEVARD),0,,3,4,0,1,(1),(1),1,, -1,1,0,1,50,18,3,1,37,37261,2,1,0,7,HEURTELOUP (BOULEVARD),47.3913754603,0.696194172,15,1,1
202100024557,157Â 764,A01,10,3,2,1,8,8,-1,4,3,1,2021,19.0,1,4,0,1,7,2,0,,3,RHIN ET DANUBE(RUE DU),0,,2,4,0,1,(1),(1),1,, -1,1,0,1,50,12,8,1,94,94011,2,1,0,6,RHIN ET DANUBE(RUE DU),48.7722356951,2.489807937,14,2,1
202100049351,113Â 547,A01,1,1,1,5,2,8,-1,-1, -1,-1,2021,62.0,1,1,0,2,1,1,1,,3,BADUEL (ROUTE DE),0,,2,1,0,1,2,800,1,, -1,1,0,1,50,3,3,1,973,97302,2,1,0,3,BADUEL (ROUTE DE),4.9315397079,-52.3067060496,14,2,2
202100016086,172Â 891,A01,1,1,2,0,1,0,-1,-1, -1,-1,2021,48.0,2,2,0,2,3,0,1,,4,RUE DE LA MONTAGNE,0,,1,0,0,1,0,0,1,, -1,2,0,1,50,29,9,1,91,91161,2,6,1,3,RUE DE LA MONTAGNE,48.69645,2.30677,8,2,2
202100023674,159Â 300,B01,1,1,1,0,2,0,-1,-1, -1,-1,2021,38.0,1,1,0,2,7,1,1,,3,VIRGILE (AVENUE),0,,2,2,0,1,1,399,1,, -1,1,0,1,50,17,8,1,973,97302,2,2,0,3,VIRGILE (AVENUE),4.9392207354,-52.3182953597,7,3,2
202100052887,107Â 183,B01,1,1,1,5,1,0,-1,-1, -1,-1,2021,49.0,3,2,0,2,3,1,1,,4,PROUDHON (AVENUE),0,,2,2,0,1,(1),(1),1,, -1,1,0,1,50,30,1,1,37,37261,2,1,0,3,PROUDHON (AVENUE),47.3948845968,0.6714351986,12,2,2
202100026943,153Â 553,A01,1,1,2,5,1,5,-1,0,0,-1,2021,20.0,3,2,0,0,1,1,1,,4,43,-1,,2,2,0,1,10,0,1,, -1,1,0,1,50,18,3,1,74,74169,2,1,0,1,R de la Fin,46.0629,6.525204,18,2,2
202100037833,134Â 031,A01,10,3,1,3,0,-1,-1,3,3,1,2021,56.0,1,1,0,1,1,1,1,,4,AVENUE DE VILLIERS,0,,2,2,0,1,(1),(1),1,, -1,1,0,1,50,27,5,2,75,75117,2,2,0,6,AVENUE DE VILLIERS,48.881945,2.313557,20,2,1
202100008438,186Â 655,B01,1,1,2,1,1,-1,-1,-1, -1,-1,2021,61.0,1,2,0,2,3,1,1,,4,RAZES (DES)                             ,0,,2,2,0,1,(1),(1),1,, -1,1,0,1,50,7,11,2,69,69276,2,4,0,3,RAZES (DES) (R),45.6657421275,4.8518881202,7,2,2
202100014244,176Â 228,B01,1,1,1,5,2,6,-1,0,0,-1,2021,54.0,2,1,0,2,1,1,1,,3,33,-1,,2,2,0,2,25,950,1,,"6,8",1,0,1,50,9,10,1,79,79195,2,9,0,3,42 Avenue Saint-Hubert,46.947129,-0.594254,12,2,2
202100001572,199Â 001,B01,1,1,1,0,2,6,-1,-1, -1,-1,2021,29.0,2,1,0,2,2,1,1,,4,DOCTEUR GEORGES LEVY (DU)           (AV),0,,2,2,2,1,(1),(1),1,, -1,1,0,1,50,23,12,1,69,69259,2,1,0,3,DOCTEUR GEORGES LEVY (DU) (AV),45.71934,4.85552,16,2,2
202100000137,201Â 505,B01,1,1,2,0,1,-1,-1,-1, -1,-1,2021,54.0,1,2,12,2,5,1,1,,4,CRS GAMBETTA,0,,2,2,0,1,(1),(1),1,, -1,1,0,1,30,8,9,1,33,33167,2,1,0,4,Cours Gambetta,44.8430659384,-0.5338010526,20,6,4
202100005227,192Â 437,A01,1,1,1,0,2,-1,-1,-1, -1,-1,2021,17.0,3,1,12,0,1,0,1,,4,BELLEVUE                            (QU),0,,1,2,0,1,(1),(1),1,, -1,1,0,1,50,30,11,5,69,69034,2,1,0,6,BELLEVUE (Q),45.78573,4.84872,1,1,1
202100013823,176Â 986,A01,3,2,1,0,8,0,-1,-1, -1,-1,2021,28.0,3,2,8,0,1,16,1,,3,CHARLES DE GAULLE,0,,-1,2,0,1,0,1,1,, -1,1,0,1,50,10,10,5,84,84007,2,1,0,6,CHARLES DE GAULLE,43.926249,4.79766,3,3,1
202100012019,180Â 228,B01,1,1,2,5,2,6,-1,0,0,-1,2021,17.0,3,1,0,2,7,1,1,,4,ESPAGNE (AVENUE D'),0,,2,0,0,1,0,0,1,, -1,1,0,1,50,19,10,1,47,47001,2,6,0,3,LECLERC (AV. DU GENERAL),44.1855,0.62133,18,2,2
202100025467,156Â 143,Z01,10,3,2,5,8,8,-1,4,3,2,2021,16.0,0,2,0,1,1,1,1,,4,DUNKERQUE  (BOULEVARD DE),0,,2,4,3,1,0,0,1,, -1,1,0,1,50,5,8,1,13,13202,2,1,0,6,DUNKERQUE  (BOULEVARD DE),43.30513,5.36723,19,2,1
202100048233,115Â 539,A01,1,1,2,0,1,8,-1,-1, -1,-1,2021,51.0,3,2,0,2,2,1,1,,3,167,0,,2,2,0,2,0,0,1,, -1,2,0,1,50,12,3,1,91,91589,2,2,1,3,AV CHARLES DE GAULLE,48.676869,2.349816,16,2,2
202100046791,118Â 134,A01,1,1,1,5,8,0,-1,0,0,-1,2021,45.0,2,1,0,2,1,17,5,,4,RUE SAINT ANTOINE,0,,2,4,2,1,(1),(1),3,, -1,1,-1,5,30,24,3,1,75,75104,2,3,0,1,RUE SAINT ANTOINE,48.854776,2.362418,18,2,2
202100044355,122Â 389,A01,10,3,2,5,0,-1,-1,5,2,1,2021,77.0,2,2,0,1,1,9,1,,4,HENON                               (R ),0,,2,-1,0,2,(1),(1),1,, -1,1,0,4,50,10,4,1,69,69384,2,1,0,6,JACQUES-LOUIS HENON (R),45.77954,4.828634,11,3,2
202100019589,166Â 616,A01,1,1,2,2,1,-1,-1,0,0,-1,2021,22.0,1,2,0,2,8,0,1,,1,6,-1,,3,6,0,2,150,600,1,, -1,2,0,1,130,10,9,1,89,89013,1,1,1,3,A6,47.864515,3.511033,18,2,2
202100018834,167Â 981,A01,1,1,1,1,1,-1,-1,0,0,-1,2021,39.0,2,2,13,0,2,1,1,,3,53,0,,2,2,0,1,26,394,1,, -1,1,8,3,80,16,9,1,35,35343,1,3,0,6,La Roche Verrion,47.850945,-1.578807,7,1,1
202100003927,194Â 734,B01,1,1,2,1,2,-1,-1,-1, -1,-1,2021,34.0,2,1,0,2,3,3,1,,2,ROUTE NATIONALE 230,0,,3,6,0,1,39,229,1,, -1,2,0,1,90,9,12,3,33,33167,1,1,0,4,ROUTE NATIONALE 230,44.84094,-0.50151,7,3,3
202100026381,154Â 539,A01,1,1,1,5,1,-1,-1,0,0,-1,2021,19.0,1,2,13,0,2,1,0,,3,671,-1,,2,2,0,1,24,300,3,, -1,1,0,3,80,31,7,3,10,10055,1,1,0,7,RD 671,48.131000218,4.3379688263,0,1,1
202100022455,161Â 500,B01,1,1,2,1,8,0,-1,-1, -1,-1,2021,18.0,3,1,0,2,1,1,3,,4,SALENGRO   AVENUE ROGER,0,,2,4,1,1,(1),(1),1,, -1,1,5,1,50,26,8,1,17,17028,2,1,0,6,SALENGRO   AVENUE ROGER,46.14019,-1.13387,10,2,2
202100007924,187Â 579,B01,1,1,2,0,1,-1,-1,0,0,-1,2021,23.0,2,2,0,2,1,1,1,,3,6,0,D,2,2,1,1,83,600,1,, -1,1,0,1,80,10,11,3,85,85302,1,1,0,1,Le ChÃ¢tellier,46.951178,-1.004916,19,2,2
202100017762,169Â 875,A01,1,1,1,5,1,0,-1,-1, -1,-1,2021,24.0,1,2,0,2,1,2,1,,1,A51-Sens Marseille vers Aix en Provence,0,,1,3,0,1,4,500,1,, -1,1,0,1,90,21,9,1,13,13071,1,1,0,2,A51-Sens Marseille vers Aix en Provence,43.4150368421,5.3649166262,18,5,5
202100051330,109Â 920,A01,1,1,2,0,1,0,-1,-1, -1,-1,2021,41.0,1,2,0,2,4,1,1,,4,RECY (ALLEE DE),0,,-1,2,0,2,0,0,1,, -1,1,0,1,50,16,2,1,93,93014,2,1,0,2,RECY (ALLEE DE),48.901103841,2.5420683006,12,2,2
202100024549,157Â 780,A01,1,1,1,5,2,6,-1,0,0,-1,2021,23.0,2,1,0,2,3,2,1,,4,PORTE DE CHATILLON,0,,1,3,0,1,6,500,1,, -1,1,0,1,70,11,8,1,75,75114,2,1,0,2,PORTE DE CHATILLON,48.823425,2.310274,16,2,2
202100018160,169Â 150,A01,1,1,1,5,2,0,-1,-1, -1,-1,2021,22.0,2,1,0,2,3,17,1,,4,Corniche John FitzgÃ©rald Kennedy,0,,2,0,0,1,0,0,1,, -1,1,0,1,50,18,9,5,13,13207,2,9,0,3,Corniche John FitzgÃ©rald Kennedy,43.2762608927,5.3584635543,1,3,2
202100035738,137Â 832,B01,1,1,1,5,0,0,-1,0,0,-1,2021,22.0,1,1,0,2,1,1,1,,4,ROSIERS (AVENUE DES),0,,2,2,0,1,(1),(1),1,, -1,1,0,1,50,2,6,2,12,12176,2,1,0,3,ROSIERS (AVENUE DES),44.36404,2.58781,20,2,2
202100000115,201Â 547,B01,2,2,2,1,1,-1,-1,0,0,-1,2021,26.0,2,2,0,2,3,1,1,,3,955,0,,2,2,0,1,47,400,3,, -1,2,0,1,80,23,12,1,57,57485,1,1,0,1,D955,48.8080881,6.545175,8,3,2
202100034997,139Â 139,B01,1,1,1,5,2,6,-1,-1, -1,-1,2021,54.0,0,1,0,2,1,1,1,,4,WILSON (RUE),0,,1,1,0,1,0,0,1,, -1,1,5,1,50,8,6,1,50,50602,2,2,0,3,WILSON (RUE),49.64298,-1.57025,9,2,2
202100016179,172Â 720,B01,1,1,1,9,2,0,-1,-1, -1,-1,2021,56.0,1,1,0,2,1,1,1,,4,ARAGO (RUE),0,,1,1,0,2,(1),(1),1,, -1,1,0,1,30,20,9,5,34,34301,2,9,0,3,ARAGO (RUE),43.4053745349,3.6913077968,19,3,2
202100033583,141Â 737,A01,1,1,1,0,2,-1,-1,-1, -1,-1,2021,19.0,0,1,0,2,1,9,1,,4,FOUCHET (RUE MAX POL),0,,2,2,0,1,(1),(1),4,, -1,2,0,1,50,17,6,1,50,50129,2,1,1,1,FOUCHET (RUE MAX POL),49.63499,-1.64264,16,2,2
202100019297,167Â 141,A01,1,1,1,4,1,-1,-1,-1, -1,-1,2021,63.0,2,4,13,0,9,26,1,,1,AUTOROUTE A 63,0,,1,2,0,2,0,256,3,, -1,1,3,1,50,13,9,1,33,33318,1,1,0,6,Autoroute A63,44.7885,-0.62204,14,1,1
202100038039,133Â 667,A01,1,1,2,1,8,0,-1,0,0,-1,2021,24.0,1,1,0,2,8,11,3,,4,AVENUE DES CANADIENS,0,,1,3,0,3,(1),(1),1,, -1,1,0,1,50,27,5,1,75,75112,2,1,0,3,AVENUE DES CANADIENS,48.817959,2.460356,11,2,2
202100040573,129Â 095,A01,1,1,1,5,0,-1,-1,0,0,-1,2021,19.0,1,2,2,0,1,1,1,,3,902,0,,2,2,0,1,79,250,2,, -1,1,0,3,80,9,5,2,73,73047,1,1,0,6,RD 902,45.362075,7.034429,6,1,1
202100000935,200Â 078,A01,2,2,1,5,1,-1,-1,0,0,-1,2021,37.0,1,2,0,0,0,17,1,,2,1,-1,,2,2,0,4,168,410,1,,7,1,0,1,-1,27,12,1,973,97303,1,1,0,7,pk 168+410,5.4802807412,-53.2114702463,7,4,1
202100034704,139Â 692,A01,7,2,1,5,1,-1,-1,0,0,-1,2021,19.0,2,2,13,0,9,1,1,,3,627,0,,2,2,0,1,23,350,2,, -1,1,0,1,80,13,6,1,9,9209,1,1,0,7,D627,42.997664,1.165924,13,4,1
202100056081,101Â 636,A01,1,1,1,1,2,6,-1,-1, -1,-1,2021,27.0,1,1,0,2,2,1,1,,4,FORT DE DOUAUMONT (BD DU),0,,1,1,0,1,(1),(1),1,, -1,1,0,1,50,6,1,5,75,75117,2,1,0,3,DOUAUMONT (BD DE),48.8955304239,2.3067936301,17,2,2
202100011745,180Â 724,A01,1,1,1,4,1,0,-1,-1, -1,-1,2021,26.0,2,5,0,2,1,1,1,,1,A13,0,,-1,3,0,1,29,899,1,, -1,1,0,1,130,22,10,1,78,78206,1,1,0,4,A13,48.946237,1.947874,8,3,3
202100040972,128Â 380,B01,1,1,2,3,1,0,-1,-1, -1,-1,2021,36.0,3,2,0,2,5,15,1,,4,LYAUTEY,0,,1,1,0,1,0,0,1,, -1,1,0,1,50,7,5,1,93,93031,2,1,0,3,Rue Lyautey,48.965406,2.298463,11,2,2
202100025936,155Â 323,B01,1,1,1,5,2,-1,-1,0,0,-1,2021,18.0,0,1,0,0,4,23,1,,4,,-1,,2,2,0,1,(1),(1),1,,4,1,0,1,50,2,8,2,34,34183,2,1,0,2,Boulevard de Cantaussel,43.28527,3.13002,20,2,2
202100037733,134Â 220,B01,1,1,1,0,8,8,-1,-1, -1,-1,2021,51.0,3,1,0,2,8,1,5,,4,JEAN MOULIN (RUE) - RIV. DES GALETS,0,,2,2,0,1,0,0,1,, -1,1,5,1,50,28,5,1,974,97407,2,2,0,3,JEAN MOULIN (RUE) - RIV. DES GALETS,-20.95888,55.31743,14,2,2
202100029962,148Â 240,B01,1,1,1,1,2,-1,-1,-1, -1,-1,2021,33.0,1,1,0,2,2,1,1,,4,LEON BLUM      (Rue),0,,2,4,0,1,281,0,1,, -1,2,0,1,50,8,7,1,69,69266,2,1,1,2,LEON BLUM (R),45.760688848,4.9065307081,19,3,2
202100039147,131Â 650,A01,1,1,1,4,8,0,-1,0,0,-1,2021,32.0,1,1,0,2,0,13,5,,4,RUE DE LILLE,0,,1,1,0,1,(1),(1),1,, -1,1,0,1,50,20,5,1,75,75107,2,2,0,1,RUE DE LILLE,48.860045,2.324575,14,2,2
202100030139,147Â 900,A01,1,1,1,4,1,0,-1,-1, -1,-1,2021,42.0,2,4,0,2,1,1,1,,1,A4,0,,3,3,0,1,13,899,1,, -1,1,0,1,110,7,7,1,93,93051,1,1,0,2,A4,48.8356151426,2.564079351,7,2,2
202100024827,157Â 279,B01,1,1,1,3,2,-1,-1,0,0,-1,2021,37.0,3,1,0,2,7,9,1,,3,316,-1,,2,2,0,1,27,945,1,, -1,1,0,1,50,10,8,1,27,27016,2,1,0,3,39 Place Nicolas Poussin,49.246647,1.417521,12,2,2
202100048858,114Â 428,B01,2,2,2,5,1,0,-1,-1, -1,-1,2021,12.0,3,2,0,2,2,0,1,,4,QUATORZE JUILLET   RUE DU,0,,2,2,3,1,(1),(1),1,, -1,1,0,1,30,7,3,1,17,17291,2,2,0,3,QUATORZE JUILLET   RUE DU,46.17571,-1.11564,16,3,2
202100002727,196Â 896,A01,10,3,2,2,0,-1,-1,3,3,1,2021,25.0,1,2,0,1,2,1,1,,4,GAMBETTA (BOULEVARD),0,,2,2,0,1,0,0,1,, -1,1,0,1,50,6,10,1,2,2738,2,1,0,6,GAMBETTA (BOULEVARD),49.653784,3.291868,16,2,1
202100025397,156Â 256,B01,1,1,1,0,2,6,-1,-1, -1,-1,2021,26.0,2,1,0,2,6,1,1,,1,AUTOROUTE A3,0,,3,7,0,2,3,500,1,, -1,1,0,1,90,6,8,1,93,93053,1,1,0,3,AUTOROUTE A3,48.88084,2.45178,20,2,2
202100051288,110Â 000,B01,1,1,1,0,1,0,-1,-1, -1,-1,2021,36.0,1,2,0,2,3,1,1,,4,ROBESPIERRE,0,,2,2,0,1,(1),(1),1,, -1,1,0,1,50,9,2,1,42,42218,2,2,0,5,Rue Robespierre,45.41376,4.39601,17,3,3
202100004715,193Â 348,B01,1,1,1,1,2,6,-1,-1, -1,-1,2021,22.0,1,1,0,2,1,1,1,,3,CHAMPY-NESLE (BOULEVARD DU),0,,2,3,0,1,0,207,1,, -1,1,0,1,50,29,11,5,77,77083,2,2,0,3,CHAMPY-NESLE (BOULEVARD DU),48.84845,2.57842,19,2,2
202100040407,129Â 385,B01,1,1,1,5,2,-1,-1,0,0,-1,2021,32.0,1,1,13,2,3,1,1,,3,221,-1,,2,2,0,1,2,281,3,, -1,1,0,1,80,10,5,1,72,72107,1,3,0,1,Malvoisine,47.9718,-0.03029,15,2,2
202100021162,163Â 836,A01,1,1,1,1,2,-1,-1,0,0,-1,2021,42.0,1,1,0,2,1,13,1,,9,,-1,,2,3,0,1,2,0,1,, -1,1,0,1,50,2,9,1,987,98715,2,1,0,1,Rond-point de MÃ©tÃ©o France,-17.584522,-149.568578,15,2,2
202100016151,172Â 771,A01,1,1,1,0,1,0,-1,0,0,-1,2021,20.0,2,2,0,2,7,15,1,,7,MULLER (AVENUE PAUL),0,,2,3,0,1,(1),(1),1,, -1,1,0,1,50,27,9,1,54,54578,2,3,0,3,MULLER (AVENUE PAUL),48.6568403785,6.131567359,10,3,2
202100048204,115Â 592,A01,10,3,2,5,0,-1,-1,1,3,1,2021,84.0,0,2,0,1,8,15,1,,3,,-1,,2,-1,-1,1,(1),(1),1,, -1,1,0,1,-1,14,3,1,14,14488,2,3,0,6,Avenue de la Plage,49.282802,-0.257213,16,2,1
202100052953,107Â 066,A01,1,1,1,5,1,-1,-1,0,0,-1,2021,61.0,2,2,0,0,2,1,1,,3,900,-1,,2,2,0,2,109,110,1,, -1,2,0,3,80,2,2,1,4,4120,1,1,0,7,RD 900,44.465867,6.818433,13,1,1
202100053240,106Â 562,B01,1,1,2,1,1,0,-1,0,0,-1,2021,57.0,3,2,0,2,7,1,1,,4,PLACE AUGUSTE BARON,0,,1,3,0,1,(1),(1),1,, -1,2,0,1,50,28,1,5,75,75119,2,7,1,3,PLACE AUGUSTE BARON,48.9008426582,2.3889591881,22,3,2
202100005447,192Â 058,A01,10,3,1,5,0,-1,-1,6,9,2,2021,14.0,1,2,0,0,1,0,1,,3,14,0,,2,2,0,1,0,0,1,, -1,2,0,3,50,1,12,3,973,97313,1,1,1,6,Avenue des 2 Fromagers,4.901586,-52.516425,19,2,1
202100030008,148Â 154,A01,1,1,1,5,2,0,-1,0,0,-1,2021,23.0,2,1,0,2,1,13,5,,4,BOULEVARD DAVOUT,0,,2,2,1,2,(1),(1),1,, -1,1,0,5,25,8,7,1,75,75120,2,2,0,1,BOULEVARD DAVOUT,48.855873,2.410307,11,2,2
202100019930,166Â 007,A01,1,1,1,0,2,8,-1,-1, -1,-1,2021,38.0,1,1,0,2,2,17,1,,3,9,0,,2,2,0,1,0,0,1,, -1,1,0,1,50,8,9,1,92,92036,2,3,0,3,DENIS PAPIN (AVENUE),48.9455,2.30782,13,2,2
202100035423,138Â 398,B01,1,1,2,1,1,-1,-1,-1, -1,-1,2021,33.0,1,5,0,2,6,1,1,,1,,0,,3,6,0,1,30,0,1,, -1,1,0,1,90,10,6,1,33,33550,1,1,0,3,ROCADE A 630,44.77831,-0.56655,14,2,2
202100055722,102Â 262,C01,1,1,2,5,1,-1,-1,0,0,-1,2021,47.0,2,2,0,2,1,1,1,,3,59,-1,,2,2,0,1,16,535,1,, -1,2,0,1,80,9,1,3,68,68185,1,1,0,4,RN 59,48.267398,7.310736,19,3,3
202100015049,174Â 810,A01,2,2,2,0,2,0,-1,-1, -1,-1,2021,19.0,1,1,0,2,7,1,1,,4,PLACE SOPHIE TREBUCHET,0,,2,2,0,1,(1),(1),1,, -1,1,0,1,30,5,10,5,44,44109,2,1,0,3,PLACE SOPHIE TREBUCHET,47.2206,-1.54572,22,3,2
202100040358,129Â 466,B01,1,1,1,0,1,0,-1,-1, -1,-1,2021,25.0,1,2,0,2,4,23,1,,4,JEAN MOULIN (BOULEVARD),0,,1,3,0,1,(1),(1),1,, -1,2,0,1,50,10,5,1,13,13205,2,1,1,2,JEAN MOULIN (BOULEVARD),43.2898624926,5.4000498802,14,2,2
202100003779,195Â 009,B01,1,1,2,1,4,-1,-1,0,0,-1,2021,25.0,2,1,0,0,6,2,3,,3,121,0,,2,2,0,1,0,500,1,, -1,5,0,1,80,10,12,2,54,54426,1,1,1,2,RD121,48.6461022544,5.9035742291,8,2,2
202100012006,180Â 252,A01,1,1,1,0,2,6,-1,-1, -1,-1,2021,63.0,3,1,0,2,1,2,1,,4,BAB (BOULEVARD DU),0,,2,4,0,1,0,0,1,, -1,1,0,1,50,19,10,1,64,64024,2,1,0,2,BAB (BOULEVARD DU),43.496,-1.51244,18,2,2
202100036054,137Â 240,B01,1,1,1,0,2,6,-1,-1, -1,-1,2021,56.0,2,1,0,2,7,1,1,,7,AEROPORT (AVENUE DE L'),0,,2,2,0,1,1,330,1,, -1,1,0,1,70,6,6,1,83,83069,2,1,0,3,AEROPORT (AVENUE DE L'),43.0972,6.13468,11,2,2
202100030185,147Â 815,B01,1,1,1,5,8,8,-1,-1, -1,-1,2021,68.0,1,1,0,2,3,1,5,,4,SAINT SAUVEUR (PONT),0,,3,4,2,1,(1),(1),1,, -1,1,0,1,50,6,7,1,37,37261,2,3,0,6,SAINT SAUVEUR (PONT),47.3717169964,0.6777070463,16,2,2
202100053763,105Â 641,B01,1,1,2,0,1,0,-1,-1, -1,-1,2021,37.0,3,2,0,2,3,1,0,,4,KLEBER (AVENUE),0,,1,0,0,1,0,0,1,, -1,1,0,1,50,25,1,1,93,93005,2,2,0,3,KLEBER (AVENUE),48.9415914034,2.4959878123,15,2,2
202100038600,132Â 642,B01,1,1,1,0,8,0,-1,-1, -1,-1,2021,16.0,1,1,0,2,1,1,5,,2,SACRE COEUR (RD POINT) -RIV. DES GALETS ,0,,2,2,1,1,(1),(1),1,, -1,1,3,1,50,23,5,1,974,97407,1,6,0,3,SACRE COEUR (RD POINT) -RIV. DES GALETS ,-20.9557,55.3121,10,2,2
202100027295,152Â 939,A01,1,1,1,0,8,-1,-1,0,0,-1,2021,49.0,1,2,8,0,3,0,1,,7,6,-1,D,2,2,0,1,(1),(1),3,, -1,1,0,1,80,24,7,1,13,13110,1,1,0,1,D6,43.463962,5.722332,10,1,1
202100051183,110Â 182,B01,1,1,1,1,2,6,-1,0,0,-1,2021,30.0,1,1,0,2,2,17,1,,4,BOULEVARD DU BOIS LE PRETRE,0,,2,4,1,2,(1),(1),1,, -1,2,0,1,30,16,2,5,75,75117,2,2,0,3,BOULEVARD DU BOIS LE PRETRE,48.899212,2.321277,23,2,2
202100008630,186Â 314,A01,1,1,1,0,0,-1,-1,0,0,-1,2021,72.0,2,4,0,0,0,0,1,,3,957,0,D,2,2,0,2,22,9,1,, -1,1,0,3,50,11,11,1,58,58094,2,1,0,7,2 rue des marroniers,47.505449,3.130267,14,1,1
202100044558,122Â 070,A01,10,3,1,0,0,-1,-1,3,3,2,2021,6.0,2,5,0,1,1,13,0,,4,JEAN MACE                           (AV),0,,2,2,0,1,(1),(1),1,, -1,1,0,1,50,8,4,1,69,69275,2,1,0,6,JEAN MACE                           (AV),45.76556,4.95637,15,2,1
202100028454,150Â 853,A01,1,1,2,0,1,0,-1,-1, -1,-1,2021,49.0,1,2,0,2,1,2,1,,2,TOUTES RUES,0,,2,4,0,1,1,0,1,, -1,1,0,1,70,16,7,1,202,202037,2,1,0,2,TOUTES RUES,42.61841,9.43722,11,3,3
202100028456,150Â 850,A01,1,1,2,0,1,0,-1,-1, -1,-1,2021,34.0,1,2,8,2,5,26,1,,4,DOTHEMARE,0,,2,2,0,1,(1),(1),1,, -1,1,0,1,50,16,7,1,971,97101,2,2,0,3,DOTHEMARE,16.27017,-61.50958,9,2,2
202100027614,152Â 367,B01,2,2,2,3,1,-1,-1,0,0,-1,2021,77.0,1,2,0,2,1,1,1,,2,21,0,,2,2,0,1,9,350,3,, -1,1,0,1,80,22,7,1,32,32208,1,4,0,1,Lescharties,43.953637,0.65109,16,3,2
202100010156,183Â 543,B01,1,1,1,4,0,-1,-1,-1, -1,-1,2021,31.0,1,1,0,2,1,8,0,,4,CRS DE LA MARNE,0,,2,4,3,1,(1),(1),1,, -1,1,0,1,50,29,10,1,33,33063,2,3,0,3,Cours de la Marne,44.82846,-0.56209,12,2,2
202100046801,118Â 117,A01,10,3,1,0,0,-1,-1,3,5,2,2021,5.0,1,2,0,1,1,2,1,,3,JEAN-JAURES (BD),0,,3,2,0,1,0,1,1,, -1,1,0,1,50,24,3,1,93,93070,2,1,0,6,JEAN-JAURES (BD),48.913101135,2.3351097107,18,2,1
202100050498,111Â 433,B01,1,1,1,4,2,8,-1,-1, -1,-1,2021,43.0,1,1,0,2,4,19,3,,4,CHAMPS FOURGONS (RUE DES) (2),0,,2,2,0,1,0,0,3,, -1,1,5,1,50,23,2,5,92,92036,2,6,0,2,CHAMPS FOURGONS (RUE DES) (2),48.941774044,2.2952174333,6,2,2
202100026493,154Â 344,A01,1,1,1,9,2,0,-1,0,0,-1,2021,23.0,1,1,0,2,1,12,3,,4,AVENUE GAMBETTA,0,,2,5,1,2,(1),(1),1,, -1,1,0,1,30,29,7,1,75,75120,2,1,0,1,AVENUE GAMBETTA,48.863128,2.3888427,16,2,2