Num_Acc,id_vehicule,num_veh,place,catu,sexe,trajet,secu1,secu2,secu3,locp,actp,etatp,year_acc,victim_age,senc,catv,obs,obsm,choc,manv,motor,occutc,catr,voie,v1,v2,circ,nbv,vosp,prof,pr,pr1,plan,lartpc,larrout,surf,infra,situ,vma,jour,mois,lum,dep,com,agg_,int,atm,col,adr,lat,long,hour,nb_victim,nb_vehicules
202100025880,155Â 425,B01,1,1,1,0,1,0,-1,-1, -1,-1,2021,61.0,3,2,0,2,1,23,1,,3,CAMILLE DESMOULINS AVENUE,0,,2,2,0,1,1,0,1,, -1,1,0,1,50,2,8,1,93,93046,2,1,0,4,Avenue Camille Desmoulins,48.911567,2.524347,15,3,3
202100004643,193Â 469,A01,1,1,1,0,1,0,-1,-1, -1,-1,2021,27.0,1,2,0,2,2,1,1,,1,A86.INT,0,,-1,2,0,1,33,0,1,, -1,2,0,1,90,5,12,1,94,94017,1,1,1,2,A86.INT,48.8297175111,2.4830468102,13,2,2
202100001766,198Â 635,C01,1,1,1,1,2,-1,-1,0,0,-1,2021,39.0,3,1,0,2,1,1,1,,3,2,-1,,1,1,0,2,(1),(1),1,, -1,1,0,1,80,13,12,1,974,97415,1,6,0,1,Chemin Grand Pourpier,-20.973732,55.304049,15,3,3
202100011189,181Â 730,A01,1,1,1,0,1,-1,-1,0,0,-1,2021,20.0,1,2,2,0,1,13,1,,3,230,-1,,2,2,0,2,2,50,2,, -1,1,0,3,80,27,6,1,7,7096,1,1,0,1,Le mareton,44.844429,4.541645,14,2,1
202100025482,156Â 118,B01,1,1,1,4,2,0,-1,0,0,-1,2021,21.0,1,1,0,2,6,1,1,,4,BOULEVARD AUGUSTE BLANQUI,0,,2,2,0,2,(1),(1),1,, -1,1,0,1,50,5,8,1,75,75113,2,3,0,3,BOULEVARD AUGUSTE BLANQUI,48.830334,2.346986,14,2,2
202100026531,154Â 272,B01,1,1,1,5,2,6,-1,0,0,-1,2021,27.0,1,1,0,2,1,1,1,,3,151,0,,2,2,0,1,4,960,1,, -1,1,0,1,50,30,7,1,51,51662,2,3,0,3,Avenue de Rethel,49.2947019938,4.1264552147,15,2,2
202100054218,104Â 837,A01,10,3,2,3,8,8,-1,3,3,1,2021,78.0,1,2,0,1,1,1,1,,4,FENELON  (RUE),0,,2,2,0,1,0,1,1,, -1,1,0,1,50,21,1,5,24,24037,2,1,0,6,FENELON  (RUE),44.84716,0.48228,7,2,1
202100013977,176Â 718,A01,1,1,2,5,1,0,-1,-1, -1,-1,2021,32.0,1,2,0,2,1,9,1,,4,DEVAUX BD,0,,2,3,0,1,(1),(1),1,, -1,2,5,1,50,26,5,1,78,78498,2,2,1,3,DEVAUX BD,48.93,2.04406,13,2,2
202100013985,176Â 703,A01,1,1,1,0,8,0,-1,-1, -1,-1,2021,24.0,1,1,0,0,0,26,0,,2,LEOPOLD BISSOL (BOULEVARD),0,,2,2,0,2,0,0,2,, -1,1,0,1,30,16,9,1,972,97209,1,1,0,7,LEOPOLD BISSOL (BOULEVARD),14.608,-61.0695,12,1,1
202100034779,139Â 546,A01,1,1,1,5,2,6,-1,0,0,-1,2021,57.0,1,1,0,2,3,18,1,,4,AVENUE DU PRESIDENT KENNEDY,0,,2,2,3,1,(1),(1),1,, -1,1,0,1,50,11,6,1,75,75116,2,3,0,4,AVENUE DU PRESIDENT KENNEDY,48.85453,2.283608,19,3,3
202100009135,185Â 381,A01,1,1,2,5,1,0,-1,-1, -1,-1,2021,40.0,2,2,3,0,1,1,1,,3,75,0,,3,1,0,2,0,0,2,, -1,1,5,1,50,6,11,5,92,92060,2,7,0,6,RESISTANCE (AVENUE DE LA) (RD 75),48.7831613988,2.2746151686,3,3,1
202100055024,103Â 457,B01,1,1,1,1,1,0,-1,-1, -1,-1,2021,60.0,2,4,0,2,1,1,1,,3,R.N.80,0,,2,3,0,1,44,375,1,, -1,2,5,1,80,14,1,1,71,71540,1,3,1,3,R.N.80,46.76653,4.44431,9,2,2
202100000444,200Â 910,A01,1,1,1,5,2,6,9,0,0,-1,2021,25.0,2,1,3,0,9,1,1,,3,76,0,A,2,2,0,2,0,897,2,, -1,1,0,1,80,21,9,1,73,73067,1,1,0,7,D76 A Route des Attignours,45.365961,6.290397,14,1,1
202100037441,134Â 733,B01,1,1,2,5,1,0,-1,0,0,-1,2021,59.0,1,2,1,2,4,1,1,,4,,0,,-1,4,0,1,(1),(1),1,, -1,1,0,1,30,29,5,2,6,6029,2,1,0,2,CROISETTE (BOULEVARD DE LA),43.54106,7.03513,19,2,2
202100022240,161Â 888,B01,1,1,1,0,2,6,-1,-1, -1,-1,2021,33.0,1,1,0,2,1,0,1,,3,BAZE (Z.A. DU),0,,2,2,0,1,3,450,1,, -1,1,0,1,50,26,8,1,64,64140,2,1,0,2,BAZE (Z.A. DU),43.5262897865,-1.4939281297,19,2,2
202100020497,164Â 997,B01,1,1,1,5,2,-1,-1,-1, -1,-1,2021,39.0,0,1,0,2,7,1,1,,4,MARCEAU (RUE),0,,2,4,0,1,0,0,1,, -1,1,0,1,50,27,8,1,76,76351,2,6,0,3,MARCEAU (RUE),49.49151,0.13229,12,2,2
202100022370,161Â 663,A01,10,3,1,0,0,-1,-1,6,2,1,2021,58.0,2,1,0,1,1,1,1,,2,RN3,0,N,2,2,0,1,5,600,2,, -1,1,0,3,70,28,8,1,976,97607,1,1,0,6,RN3- TSARARANO,-12.868398,45.202225,17,2,1
202100040605,129Â 033,B01,1,1,1,0,2,6,-1,-1, -1,-1,2021,42.0,2,1,0,2,0,2,1,,4,GETARIA(AVENUE),0,,2,2,0,1,20,380,1,, -1,1,0,1,50,9,5,1,64,64249,2,1,0,3,GETARIA(AVENUE),43.420439,-1.607073,15,2,2
202100029240,149Â 495,A01,1,1,1,5,2,-1,-1,0,0,-1,2021,18.0,3,1,0,2,1,5,1,,4,,-1,,2,2,0,3,(1),(1),3,,4,1,0,1,50,14,7,1,22,22054,2,1,0,1,Rue du Four Ã  Boulets,48.639687,-2.481322,10,3,2
202100018569,168Â 444,A01,1,1,1,0,1,0,-1,0,0,-1,2021,20.0,1,5,2,2,1,1,1,,4,DE GAULLE (AVENUE CHARLES),0,,2,2,0,1,(1),(1),1,, -1,1,0,1,50,15,9,1,54,54439,2,2,0,2,DE GAULLE (AVENUE CHARLES),48.70472,6.25552,9,2,2
202100037502,134Â 635,B01,1,1,1,5,2,6,9,0,0,-1,2021,66.0,2,1,0,2,3,1,1,,2,85,-1,,2,2,0,1,31,620,1,, -1,1,0,1,80,31,5,1,4,4122,1,1,0,1,RN 85,44.034419,6.086833,8,2,2
202100053292,106Â 475,A01,1,1,1,0,0,-1,-1,0,0,-1,2021,19.0,1,1,0,2,1,13,1,,2,1,-1,,2,2,0,1,41,700,1,, -1,1,0,1,90,30,1,3,988,98821,1,1,0,1,la Tamoa RT1,-22.068306,166.276016,19,2,2
202100051736,109Â 216,B01,1,1,1,0,8,-1,-1,0,0,-1,2021,16.0,1,0,0,2,1,1,3,,2,1,-1,A,2,2,0,1,(1),(1),1,, -1,1,0,1,50,12,2,3,974,97413,2,1,0,3,249 Rue du General Lambert,-21.173812,55.287843,21,2,2
202100021047,164Â 038,B01,2,2,1,5,2,0,-1,-1, -1,-1,2021,31.0,0,1,0,0,0,1,1,,4,BOULEVARD DE LA CHAUVINIERE,0,,1,1,0,1,(1),0,1,, -1,1,0,1,30,3,9,1,44,44109,2,6,0,3,BOULEVARD DE LA CHAUVINIERE,47.25026,-1.56892,17,3,2
202100033926,141Â 118,A01,2,2,2,3,1,-1,-1,0,0,-1,2021,28.0,2,2,0,2,7,19,2,,3,11,0,D,2,2,0,1,28,713,1,,"5,5",1,0,1,80,17,6,2,89,89267,1,2,0,3,Carrefour des cinq routes,47.549857,4.05519,20,3,2
202100028577,150Â 638,A01,1,1,1,5,0,-1,-1,0,0,-1,2021,15.0,0,6,6,0,7,1,1,,4,,-1,,2,2,0,1,(1),(1),1,,4,1,0,1,80,18,7,5,33,33551,1,1,0,6,11 Lieu Dit Bidou,45.078597,-0.620486,0,1,1
202100002810,196Â 746,A01,10,3,2,2,0,-1,-1,-1, -1,1,2021,12.0,0,2,0,1,3,1,1,,4,STRASBOURG (RUE DE),0,,2,2,0,1,1,0,1,, -1,1,0,1,50,15,12,1,93,93064,2,1,0,6,STRASBOURG (RUE DE),48.8670337755,2.4985389507,10,2,1
202100006926,189Â 387,A01,1,1,1,5,8,8,-1,0,0,-1,2021,48.0,2,1,1,2,2,14,1,,4,MONTGOMERY (AVENUE DU MARECHAL),0,,2,2,0,1,(1),(1),1,, -1,1,0,1,50,21,11,5,27,27681,2,1,0,6,MONTGOMERY (AVENUE DU MARECHAL),49.0896020242,1.4730480314,18,1,1
202100019500,166Â 775,A01,1,1,1,5,2,6,-1,-1, -1,-1,2021,23.0,2,1,0,2,1,13,1,,4,RABATAU (BOULEVARD),0,,2,2,0,1,0,0,1,, -1,1,0,1,50,11,9,1,13,13208,2,1,0,1,RABATAU (BOULEVARD),43.2764630581,5.3974867597,15,2,2
202100053211,106Â 623,A01,10,3,1,4,0,-1,-1,3,3,1,2021,39.0,1,2,0,1,1,1,1,,4,,0,,2,1,0,1,(1),(1),1,, -1,1,6,1,50,28,1,1,34,34032,2,1,0,6,SAINT SAENS CAMILLE (AV),43.34286,3.223,17,2,1
202100033192,142Â 433,A01,1,1,2,5,8,0,-1,-1, -1,-1,2021,37.0,3,1,9,0,1,26,5,,4,JEAN JAURES,0,,2,2,1,1,(1),(1),1,, -1,1,9,3,50,20,6,1,37,37122,2,1,0,7,JEAN JAURES,47.3483353127,0.6601144373,12,1,1
202100019473,166Â 829,A01,1,1,1,5,2,0,-1,-1, -1,-1,2021,20.0,1,1,0,2,1,6,1,,4,PAIX (RUE DE LA),0,,2,2,1,1,0,1,2,, -1,1,0,1,50,6,9,1,74,74008,2,6,0,3,PAIX (RUE DE LA),46.19561,6.22369,17,2,2
202100044887,121Â 485,A01,1,1,2,3,1,-1,-1,0,0,-1,2021,72.0,1,2,6,2,2,13,1,,2,88,-1,,2,2,0,3,82,910,1,, -1,1,5,1,50,3,4,1,43,43077,2,3,0,3,N88,44.891049,3.848251,13,2,2
202100047084,117Â 608,A01,2,2,2,0,1,-1,-1,0,0,-1,2021,53.0,2,2,6,0,1,13,1,,4,,-1,,2,2,0,1,(1),(1),3,, -1,1,0,3,50,22,3,1,32,32107,2,1,0,6,54 Boulevard Saint - Michel,43.953501,0.372891,16,2,1
202100037421,134Â 769,B01,1,1,2,5,8,-1,-1,0,0,-1,2021,14.0,3,1,0,2,0,19,3,,4,REFFYE (COURS),0,,1,2,0,1,(1),(1),1,, -1,1,9,8,50,30,5,1,65,65440,2,2,0,3,REFFYE (COURS),43.232411,0.070733,11,2,2
202100010684,182Â 621,B01,1,1,1,0,8,0,-1,-1, -1,-1,2021,32.0,2,1,0,2,1,1,3,,4,FELIX FAURE                         (AV),0,,2,3,3,1,(1),(1),1,, -1,1,0,1,30,27,10,5,69,69383,2,1,0,1,FELIX FAURE                         (AV),45.75395,4.86128,19,2,2
202100047171,117Â 452,B01,1,1,1,0,0,-1,-1,0,0,-1,2021,37.0,0,1,0,2,1,17,1,,2,7,0,N,2,2,0,4,6,275,1,, -1,1,0,1,50,21,3,5,978,97801,2,1,0,3,RN7 - Route de la Savane,18.092441,-63.065944,19,2,2
202100019850,166Â 155,A01,1,1,2,5,1,8,-1,-1, -1,-1,2021,27.0,2,2,0,2,1,1,1,,3,VERDIER (FRANCOIS),0,,2,2,0,1,0,350,1,, -1,1,0,1,50,9,9,1,81,81004,2,1,0,2,VERDIER (FRANCOIS),43.9189628406,2.1233071536,17,2,2
202100013245,178Â 067,B01,1,1,2,0,8,0,-1,-1, -1,-1,2021,13.0,2,1,0,2,1,15,5,,4,CHAMBERY(RUE DE),0,,2,2,0,1,(1),(1),1,, -1,1,0,1,50,13,10,1,59,59456,2,3,0,3,CHAMBERY(RUE DE),50.37415,3.22596,17,2,2
202100002302,197Â 676,A01,10,3,1,0,0,-1,-1,9,B,1,2021,51.0,2,2,0,1,2,1,1,,3,10,-1,,-1,2,0,1,(1),(1),1,,7,2,0,1,50,20,12,2,972,97225,2,1,0,6,D10,14.760773,-61.189213,6,2,1
202100030551,147Â 149,A01,1,1,2,0,1,0,-1,0,0,-1,2021,26.0,2,2,0,2,8,26,1,,7,FLAUBERT (BD GUSTAVE),0,,2,4,0,1,(1),(1),1,, -1,1,5,1,50,4,7,5,63,63113,2,2,0,3,FLAUBERT (BD GUSTAVE),45.76423,3.12549,3,2,2
202100001230,199Â 571,A01,1,1,2,0,1,-1,-1,0,0,-1,2021,30.0,0,2,0,0,8,19,1,,3,122,0,D,2,2,0,1,37,527,1,, -1,1,0,1,80,24,12,1,41,41231,1,2,0,3,D105,47.499561,1.989555,14,2,2
202100002473,197Â 349,A01,1,1,1,3,1,0,-1,-1, -1,-1,2021,92.0,1,2,8,2,1,19,1,,4,R EDGAR QUINET ,0,,2,2,0,1,1,0,1,, -1,1,0,1,30,15,12,1,94,94068,2,2,0,3,Rue Edgar Quinet,48.79169,2.4944,15,3,2
202100039533,130Â 933,C01,1,1,1,4,1,0,-1,-1, -1,-1,2021,23.0,1,2,0,2,1,2,1,,1,A50-Sens Marseille vers Aubagne,0,,1,2,0,1,14,100,1,, -1,1,0,1,90,18,5,1,13,13005,1,1,0,4,A50-Sens Marseille vers Aubagne,43.28788,5.56187,8,3,3
202100007395,188Â 539,B01,1,1,1,0,1,-1,-1,0,0,-1,2021,59.0,0,5,13,2,3,0,1,,4,,-1,,2,2,0,4,(1),(1),1,,5,2,0,1,90,19,11,1,72,72035,1,9,1,3,Lieu Dit le Pineau,47.832705,0.70967,16,2,2
202100007937,187Â 553,B01,1,1,1,1,2,6,-1,-1, -1,-1,2021,43.0,2,1,0,2,1,2,1,,1,AUTOROUTE A10,0,,3,6,0,1,542,200,1,, -1,1,0,1,110,16,11,5,33,33096,1,9,0,6,AUTOROUTE A10,44.8903,-0.50295,20,2,2
202100056443,101Â 008,B01,1,1,1,5,2,0,-1,-1, -1,-1,2021,52.0,1,1,0,2,1,1,1,,3,PRESIDENT KENNEDY (50 A LA FIN),0,,2,2,0,1,0,0,1,, -1,1,0,1,50,1,1,1,92,92002,2,2,0,3,PRESIDENT KENNEDY (50 A LA FIN),48.7362449703,2.2917700107,14,2,2
202100009130,185Â 391,A01,1,1,1,1,1,0,-1,-1, -1,-1,2021,48.0,-1,2,0,2,1,2,1,,3,MARX DORMOY (RUE),0,,2,3,0,1,1,0,1,, -1,1,0,1,50,5,11,5,93,93050,1,9,0,2,MARX DORMOY (RUE),48.8547379734,2.532109414,18,2,2
202100011994,180Â 276,A01,10,3,2,0,0,-1,-1,3,3,1,2021,65.0,2,2,0,1,2,1,1,,4,CUGNOT NICOLAS (BD),0,,3,4,0,1,0,0,1,, -1,1,0,1,70,19,10,1,72,72181,2,1,0,6,CUGNOT NICOLAS (BD),47.98436,0.22249,17,2,1
202100016769,171Â 642,B01,1,1,1,5,2,6,-1,-1, -1,-1,2021,27.0,1,1,0,2,3,1,0,,1,A86 INT,0,,3,10,0,1,38,900,1,, -1,1,0,1,90,25,9,1,94,94046,1,1,0,2,A86 INT,48.80364,2.44807,16,2,2
202100040515,129Â 186,A01,10,3,2,5,0,-1,-1,5,3,2,2021,9.0,2,2,0,1,1,2,1,,3,LENINE (R),0,,1,2,0,1,1,0,1,, -1,2,0,1,50,9,5,2,94,94041,2,1,1,6,LENINE (R),48.81771,2.39731,19,2,1
202100043646,123Â 659,B01,1,1,2,5,2,0,-1,0,0,-1,2021,45.0,1,1,0,2,4,13,5,,4,PLACE VALHUBERT,0,,2,3,0,1,(1),(1),3,, -1,1,0,1,50,15,4,1,75,75105,2,7,0,3,PLACE VALHUBERT,48.8445754175,2.3642498445,10,2,2
202100033706,141Â 516,B01,1,1,2,5,2,6,-1,0,0,-1,2021,17.0,1,1,0,2,8,1,1,,3,,-1,,2,2,0,2,0,221,1,,4,1,5,1,50,19,6,1,81,81130,2,2,1,3,Avenue Jean JaurÃ¨s,43.578518,2.277185,16,3,2
202100007712,187Â 972,B01,1,1,1,1,1,-1,-1,0,0,-1,2021,55.0,1,5,0,2,3,2,1,,3,16,-1,,2,2,0,1,8,250,1,, -1,1,0,1,80,18,11,1,30,30223,1,3,0,2,Route des Fumades,44.182689,4.183897,16,2,2
202100050960,110Â 587,B01,1,1,1,5,2,6,-1,0,0,-1,2021,49.0,1,1,0,2,1,2,1,,3,1,-1,,2,2,0,1,24,500,1,, -1,1,0,1,80,20,2,1,57,57343,1,1,0,2,D1,49.325017,6.181194,17,2,2
202100017263,170Â 793,A01,1,1,2,5,2,6,-1,0,0,-1,2021,22.0,1,1,3,0,1,17,1,,2,154,-1,,3,4,0,1,76,0,3,, -1,1,0,1,110,25,8,1,28,28239,1,1,0,6,RN 154,48.672433,1.385479,12,1,1
202100035010,139Â 119,A01,1,1,1,5,2,8,-1,-1, -1,-1,2021,46.0,2,1,0,0,8,0,1,,4,SAINT LAZARE ( AVENUE),0,,2,2,0,1,(1),(1),1,, -1,1,0,1,50,9,6,1,37,37261,2,1,0,7,SAINT LAZARE ( AVENUE),47.3756096062,0.6919509172,8,1,1
202100043158,124Â 526,B01,1,1,1,5,1,-1,-1,-1, -1,-1,2021,58.0,0,2,0,2,3,1,1,,3,HUGO (RUE VICTOR),0,,2,2,0,1,1,413,3,, -1,1,0,1,50,19,4,1,50,50129,2,3,0,1,HUGO (RUE VICTOR),49.6215,-1.66111,15,3,2
202100047654,116Â 573,B01,2,2,1,1,2,8,-1,0,0,-1,2021,18.0,1,1,0,2,0,23,1,,4,BOULEVARD BEAUMARCHAIS,0,,-1,2,0,1,(1),(1),1,, -1,1,0,1,30,17,3,1,75,75111,2,3,0,2,BOULEVARD BEAUMARCHAIS,48.860669,2.36733,15,3,2
202100021087,163Â 962,B01,1,1,2,5,2,0,-1,0,0,-1,2021,24.0,1,1,0,2,2,1,5,,4,AVENUE DE VILLIERS,0,,2,2,0,1,(1),(1),1,, -1,1,0,1,30,3,9,5,75,75117,2,1,0,3,AVENUE DE VILLIERS,48.884578,2.300219,1,2,2
202100019008,167Â 660,A01,1,1,1,4,2,0,-1,0,0,-1,2021,35.0,1,1,0,2,7,17,1,,4,AVENUE DE TOURVILLE,0,,2,2,0,1,(1),(1),1,, -1,1,0,1,30,13,9,1,75,75107,2,3,0,3,AVENUE DE TOURVILLE,48.854078,2.307236,11,2,2
202100008177,187Â 106,A01,9,2,2,5,0,-1,-1,0,0,-1,2021,25.0,1,2,14,0,1,1,1,,4,,-1,,2,1,0,2,(1),(1),1,,4,2,0,1,50,14,11,5,63,63210,2,6,1,6,place de la fontaine,45.922076,3.3286,19,4,1
202100028494,150Â 783,A01,1,1,1,4,2,6,-1,0,0,-1,2021,27.0,3,1,0,0,1,1,1,,4,RUE D AUBERVILLIERS,0,,2,5,0,2,(1),(1),3,, -1,1,8,1,50,17,7,1,75,75118,2,1,0,7,RUE D AUBERVILLIERS,48.896147,2.370877,13,1,1
202100051960,108Â 829,A01,1,1,1,3,2,-1,-1,0,0,-1,2021,50.0,1,1,0,2,7,23,1,,3,D763,0,A,2,2,0,1,1,270,1,, -1,1,0,1,50,10,2,1,44,44003,2,1,0,3,D763,47.362912,-1.176964,16,2,2
202100017348,170Â 636,B01,1,1,2,0,8,-1,-1,-1, -1,-1,2021,21.0,2,2,0,2,4,1,1,,7,M7   0.000 A 2.278,0,,1,3,0,1,1,0,1,, -1,1,0,1,70,12,9,2,69,69382,1,1,0,2,M7   0.000 A 2.278,45.74626,4.82882,20,2,2
202100047666,116Â 549,A01,10,3,1,9,0,-1,-1,3,3,1,2021,88.0,3,2,0,1,1,16,1,,4,CHAUVELOT (RUE),0,,1,1,0,1,(1),(1),1,, -1,2,0,1,50,17,3,2,75,75114,2,3,1,6,BOULEVARD ADOPLPHE PINARD,48.8234458006,2.3090855777,18,2,1
202100021666,162Â 905,B01,1,1,1,1,1,5,-1,-1, -1,-1,2021,46.0,3,2,0,2,8,9,1,,3,ARISTIDE BRIAND (AVENUE COTE PAIRS),0,,2,2,0,1,0,1,1,, -1,1,0,8,50,31,8,5,93,93007,2,3,0,3,ARISTIDE BRIAND (AVENUE COTE PAIRS),48.94612,2.45429,4,2,2
202100004439,193Â 827,A01,1,1,2,1,1,-1,-1,0,0,-1,2021,28.0,2,2,0,2,3,13,1,,3,4,-1,,2,2,0,1,16,900,1,, -1,2,0,1,50,6,12,5,32,32410,2,1,1,1,Rue du Marcadieu,43.489623,0.933285,19,2,2
202100041271,127Â 832,B01,1,1,1,5,2,6,-1,-1, -1,-1,2021,22.0,3,1,0,2,2,17,1,,4,GRENET (AVENUE HENRI),0,,2,4,0,1,0,0,1,, -1,1,0,1,30,4,5,1,64,64102,2,6,0,3,Avenue Henri Grenet,43.50183,-1.47866,18,2,2
202100017069,171Â 116,B01,1,1,1,1,2,0,-1,0,0,-1,2021,29.0,2,1,0,2,1,1,5,,4,RUE DE DUNKERQUE,0,,2,2,1,1,(1),(1),1,, -1,1,0,5,30,23,9,2,75,75109,2,1,0,3,RUE DE DUNKERQUE,48.881722,2.347613,6,2,2
202100052154,108Â 488,A01,1,1,1,9,2,8,-1,-1, -1,-1,2021,62.0,2,1,0,2,2,17,1,,3,GABRIEL PERI (AVENUE) (60/134),0,,2,2,0,1,0,0,1,, -1,1,0,1,50,8,2,2,92,92036,2,1,0,3,GABRIEL PERI (AVENUE) (60/134),48.9239068038,2.294664681,7,2,2
202100050487,111Â 450,B01,1,1,2,9,2,0,-1,0,0,-1,2021,23.0,2,1,0,2,1,1,3,,4,RUE DE CHATEAUDUN,0,,2,2,3,1,(1),(1),1,, -1,1,0,1,50,23,2,1,75,75109,2,1,0,3,RUE DE CHATEAUDUN,48.876299,2.333674,9,2,2
202100033248,142Â 341,A01,1,1,1,5,1,-1,-1,0,0,-1,2021,23.0,2,2,0,0,9,14,1,,3,999,-1,,2,2,0,2,76,980,1,, -1,2,0,3,90,20,6,3,12,12195,1,1,0,7,D999,43.877301,2.787985,22,1,1
202100035531,138Â 197,A01,1,1,1,1,2,6,-1,0,0,-1,2021,60.0,2,1,0,2,1,3,1,,4,PORTE MAILLOT,0,,1,4,0,1,16,0,1,, -1,1,0,1,70,7,6,1,75,75116,2,1,0,4,PORTE MAILLOT,48.876429,2.278361,7,3,3
202100022260,161Â 851,B01,2,2,1,9,8,0,-1,-1, -1,-1,2021,19.0,3,2,0,2,0,23,1,,4,COULEVREUX (RUE DE),0,,2,2,0,1,(1),(1),1,, -1,1,9,1,50,28,8,5,45,45004,2,1,0,2,Rue de Couleuvreux,47.9821803824,2.769711943,0,3,2
202100030219,147Â 749,C01,1,1,2,9,8,0,-1,0,0,-1,2021,16.0,3,1,0,2,8,19,3,,4,QUAI DE GESVRES,0,,1,4,0,1,(1),(1),1,, -1,1,0,1,50,6,7,2,75,75104,2,2,0,5,QUAI DE GESVRES,48.856074,2.350672,21,5,3
202100035654,137Â 982,A01,1,1,1,0,2,6,-1,-1, -1,-1,2021,26.0,2,1,0,2,1,2,1,,1,AUTOROUTE A6,0,,1,6,0,2,16,110,1,, -1,1,0,1,110,8,6,3,91,91216,1,1,0,2,AUTOROUTE A6,48.68306,2.32878,22,2,2
202100017158,170Â 971,A01,1,1,1,1,2,6,9,0,0,-1,2021,34.0,1,1,0,2,1,13,1,,3,1504,0,,2,2,0,2,9,840,3,, -1,1,0,1,80,25,9,2,73,73245,1,1,0,3,RD 1504,45.693426,5.829771,8,2,2
202100002275,197Â 716,B01,1,1,1,5,1,0,-1,-1, -1,-1,2021,71.0,2,2,6,2,2,1,1,,4,POLANGIS (BD DE),0,,2,2,0,1,1,0,1,, -1,1,0,1,30,18,12,1,94,94042,2,2,0,3,Boulevard de Polangis,48.82595,2.47658,11,2,2
202100036159,137Â 057,A01,1,1,1,5,1,-1,-1,0,0,-1,2021,20.0,1,2,4,0,1,9,1,,3,31,-1,,3,4,0,1,13,810,1,, -1,1,0,1,80,6,6,3,53,53048,1,4,0,6,Le Tertre,48.228111,-0.894806,3,1,1
202100046537,118Â 600,B01,1,1,1,2,2,6,-1,-1, -1,-1,2021,16.0,2,1,0,2,1,1,1,,4,AMPERE,0,,2,2,2,1,(1),(1),1,, -1,1,0,1,50,26,3,1,17,17306,2,1,0,1,AMPERE,45.63126,-1.00056,8,2,2
202100039548,130Â 901,A01,10,3,1,0,0,-1,-1,2,3,1,2021,94.0,1,2,0,1,1,1,1,,3,SALENGRO (RUE ROGER) 2 A 52,0,,1,1,0,1,1,0,1,, -1,2,0,8,30,17,5,1,93,93010,2,1,1,6,SALENGRO (RUE ROGER) 2 A 52,48.90314,2.47993,13,2,1
202100029414,149Â 202,A01,1,1,1,5,2,0,-1,-1, -1,-1,2021,43.0,2,1,0,0,8,1,1,,4,PEPINIERE (CHEMIN DE LA),0,,2,1,0,1,0,0,1,, -1,1,0,1,30,11,7,1,974,97411,2,1,0,7,PEPINIERE (CHEMIN DE LA),-20.89652,55.43894,15,1,1
202100055404,102Â 811,A01,1,1,1,4,8,-1,-1,0,0,-1,2021,50.0,1,4,0,2,1,13,1,,3,166,-1,D,2,2,0,2,45,800,1,, -1,7,0,1,80,13,1,3,88,88525,1,1,0,1,RD 166,48.275446,6.152977,3,3,2
202100051271,110Â 032,B01,1,1,1,1,2,0,-1,-1, -1,-1,2021,38.0,2,1,0,2,1,17,0,,4,VERDUN (AVENUE DE),0,,2,2,0,1,(1),(1),1,, -1,1,0,1,50,16,2,1,78,78146,2,3,0,3,VERDUN (AVENUE DE),48.89934,2.15439,9,2,2
202100013023,178Â 469,Z01,10,3,1,0,8,8,-1,9,B,1,2021,6.0,1,1,0,1,0,0,5,,4,PASTEUR (CITE),0,,1,1,0,1,(1),(1),1,, -1,1,0,1,50,12,10,1,973,97302,2,9,0,6,PASTEUR (CITE),4.9382807266,-52.3137227297,13,2,1
202100053402,106Â 269,A01,1,1,2,2,1,-1,-1,0,0,-1,2021,35.0,2,2,0,2,2,5,1,,3,31,-1,D,2,2,0,1,14,700,1,, -1,2,0,8,80,28,1,1,27,27217,1,1,1,3,D31,49.07368,0.912707,9,2,2
202100034340,140Â 351,A01,1,1,1,1,2,9,-1,0,0,-1,2021,40.0,2,1,0,2,1,17,1,,3,53,-1,,2,2,0,1,7,900,1,, -1,1,0,1,80,15,6,1,42,42120,1,1,0,2,Route de Villemontais,45.997714,3.995633,7,2,2
202100032251,144Â 113,A01,10,3,1,2,0,-1,-1,2,3,1,2021,18.0,-1,2,0,1,1,1,1,,3,CHALAUTRE (ROUTE DE),0,,2,2,0,1,0,950,1,, -1,1,0,1,50,2,6,1,77,77379,2,1,0,1,CHALAUTRE (ROUTE DE),48.5526,3.30351,13,2,1
202100039094,131Â 752,A01,1,1,1,5,2,6,-1,-1, -1,-1,2021,15.0,3,1,14,0,8,11,1,,4,PAULMY (AVENUE DES ALLEES),0,,1,2,3,1,0,0,1,, -1,2,0,6,50,19,5,1,64,64102,2,1,1,7,PAULMY (AVENUE DES ALLEES),43.48976,-1.4821,13,1,1
202100033580,141Â 744,B01,1,1,1,1,8,-1,-1,-1, -1,-1,2021,42.0,1,1,0,2,1,19,1,,4,HESS (RUE CHANOINE)  LA NEUVILLETTE,0,,2,2,0,1,(1),(1),1,, -1,2,0,1,15,17,6,1,51,51454,2,1,1,1,Rue du Chanoine Hess,49.28887,4.016063,19,2,2
202100043764,123Â 460,A01,10,3,1,2,0,-1,-1,4,3,1,2021,14.0,2,2,0,1,1,1,1,,4,,0,,2,2,0,1,(1),(1),1,, -1,1,0,1,50,22,2,1,63,63113,2,1,0,6,CLOS NOTRE DAME (RUE DU),45.78474,3.08002,8,2,1
202100001692,198Â 766,A01,10,3,2,5,0,-1,-1,5,0,2,2021,28.0,2,2,1,1,1,1,1,,4,VENDOME                             (R ),0,,1,1,0,1,(1),(1),1,, -1,1,0,1,50,22,12,2,69,69383,2,2,0,1,VENDOME (R),45.76222,4.84623,17,3,2