Num_Acc,id_vehicule,num_veh,place,catu,sexe,trajet,secu1,secu2,secu3,locp,actp,etatp,year_acc,victim_age,senc,catv,obs,obsm,choc,manv,motor,occutc,catr,voie,v1,v2,circ,nbv,vosp,prof,pr,pr1,plan,lartpc,larrout,surf,infra,situ,vma,jour,mois,lum,dep,com,agg_,int,atm,col,adr,lat,long,hour,nb_victim,nb_vehicules
202100023340,159Â 892,B01,2,2,2,5,1,-1,-1,0,0,-1,2021,26.0,2,2,0,2,3,1,1,,3,930,0,D,2,2,0,1,41,500,1,, -1,1,0,1,80,21,8,1,80,80442,1,2,0,5,D930,49.741982,3.017507,8,6,3
202100039778,130Â 486,A01,10,3,1,2,0,-1,-1,3,3,2,2021,10.0,0,2,0,1,1,17,1,,3,,-1,,2,2,0,1,(1),(1),3,, -1,2,0,1,30,17,5,1,60,60612,2,1,1,6,Rue du Moulin Saint-Rieul,49.2126839174,2.5870120821,16,2,1
202100038227,133Â 316,B01,1,1,1,1,2,6,-1,0,0,-1,2021,56.0,1,1,0,2,1,5,1,,4,PLACE DE LA REPUBLIQUE,0,,2,8,0,1,(1),(1),2,, -1,1,0,1,50,26,5,1,75,75103,2,4,0,1,PLACE DE LA REPUBLIQUE,48.867945,2.362361,8,2,2
202100003880,194Â 816,B01,1,1,1,1,2,4,-1,0,0,-1,2021,40.0,1,1,0,2,1,1,1,,3,468,-1,,2,2,0,1,(1),(1),1,, -1,1,0,1,-1,9,12,3,67,67281,1,1,0,1,Route d Artzenheim,48.152817,7.543412,21,2,2
202100054275,104Â 743,A01,10,3,2,3,0,-1,-1,3,3,1,2021,34.0,2,2,0,1,1,1,1,,3,247,-1,,2,2,0,1,6,870,1,, -1,1,9,1,50,20,1,1,44,44069,1,9,0,6,D247,47.327079,-2.412808,16,2,1
202100051346,109Â 892,B01,1,1,1,5,2,6,-1,0,0,-1,2021,17.0,2,1,0,0,4,1,1,,3,485,-1,,2,2,0,2,5,10,3,, -1,1,0,1,80,17,2,1,42,42014,1,1,0,2,Route du Beaujolais,46.178865,4.406794,16,2,2
202100029744,148Â 624,A01,1,1,1,5,2,6,-1,-1, -1,-1,2021,27.0,1,1,0,2,1,2,1,,4,DOCTEUR HORAND (DU)                 (R ),0,,1,1,2,1,(1),(1),1,, -1,1,0,1,50,8,7,1,69,69389,2,1,0,2,DOCTEUR HORAND (DU) (R),45.7718651471,4.8018340766,17,2,2
202100044489,122Â 173,B01,1,1,1,5,8,0,-1,-1, -1,-1,2021,63.0,1,1,0,2,8,1,0,,3,FOCH (AV),0,,2,2,0,1,0,0,1,, -1,1,0,1,30,9,4,1,94,94068,2,2,0,3,FOCH (AV),48.7999,2.4976,16,2,2
202100023957,158Â 811,B01,1,1,1,5,2,-1,-1,0,0,-1,2021,62.0,3,0,0,2,8,1,3,,4,,0,,2,2,0,1,(1),(1),1,,4,1,0,1,50,16,8,1,85,85047,2,1,0,3,Le Clousis,46.810649,-1.83388,11,2,2
202100024409,158Â 053,A01,9,2,2,0,1,-1,-1,0,0,-1,2021,47.0,3,2,0,0,7,16,1,,4,,0,C,2,2,0,1,22,78,1,, -1,1,0,1,80,14,8,1,16,16242,1,2,0,3,,46.011527,0.327728,17,3,2
202100050832,110Â 820,A01,1,1,1,1,2,6,-1,0,0,-1,2021,46.0,1,1,0,6,1,1,1,,3,997,-1,,2,2,0,1,3,200,1,, -1,1,0,1,-1,20,2,3,55,55340,1,1,0,7,D997,48.791033,4.996977,20,1,1
202100040690,128Â 894,B01,1,1,1,1,2,6,9,0,0,-1,2021,56.0,1,1,0,2,1,1,1,,2,5,0,,2,2,0,1,(1),(1),1,, -1,1,0,1,50,9,5,1,971,97116,2,1,0,3,Rue du Cimetiere,16.329298,-61.461087,14,2,2
202100042429,125Â 779,A01,1,1,1,0,1,0,-1,-1, -1,-1,2021,59.0,2,2,3,0,1,1,1,,3,RD 41 (ROCADE),0,,3,4,0,1,1,299,1,, -1,1,2,1,60,25,4,1,972,97209,2,1,0,6,RD 41 (ROCADE),14.61661,-61.06031,10,1,1
202100005492,191Â 977,B01,2,2,2,9,2,6,-1,-1, -1,-1,2021,13.0,2,1,0,2,4,1,1,,4,SAVOIES (RUE DES),0,,2,2,0,1,0,1,1,, -1,1,0,1,50,25,11,5,74,74012,1,1,0,2,SAVOIES (RUE DES),46.18464,6.24286,20,3,2
202100053451,106Â 174,A01,10,3,2,5,0,-1,-1,4,3,1,2021,58.0,1,2,0,1,1,14,1,,4,,0,,2,4,1,3,(1),(1),1,, -1,1,0,1,30,27,1,5,54,54395,2,6,0,6,PINCHARD (AVENUE - OMBELLES),48.69995,6.14306,19,2,1
202100043416,124Â 055,B01,3,2,1,5,1,-1,-1,-1,0,-1,2021,13.0,3,5,0,2,3,1,1,,4,BD DE LA MUETTE,0,,2,2,0,1,(1),(1),1,, -1,1,0,1,50,18,4,5,95,95268,2,1,0,1,BD DE LA MUETTE,48.976653,2.414103,23,3,2
202100004059,194Â 492,A01,1,1,2,9,8,0,-1,-1, -1,-1,2021,28.0,2,2,0,2,1,1,1,,2,RN136,0,,3,4,0,1,8,500,1,, -1,2,0,1,90,7,12,1,35,35238,1,1,0,2,RN136,48.081095,-1.667388,15,2,2
202100044499,122Â 158,B01,1,1,1,5,1,-1,-1,0,0,-1,2021,22.0,1,2,0,2,1,1,1,,3,03,-1,,2,2,0,2,161,460,3,, -1,1,0,1,70,10,4,3,974,97414,1,1,0,1,D3,-21.254672,55.425709,23,6,2
202100030398,147Â 431,A01,1,1,1,5,8,0,-1,-1, -1,-1,2021,21.0,1,1,15,0,1,0,0,,3,TOUR DU ROY QUAI,0,,2,2,0,1,0,0,1,, -1,1,0,1,50,6,7,1,8,8105,2,1,0,6,TOUR DU ROY QUAI,49.7605,4.71448,16,1,1
202100022471,161Â 465,B01,1,1,1,9,2,6,-1,0,0,-1,2021,47.0,2,1,0,2,5,1,1,,4,BOULEVARD DAVOUT,0,,2,6,3,1,(1),(1),1,, -1,1,0,1,30,26,8,1,75,75120,2,2,0,3,BOULEVARD DAVOUT,48.853521,2.410793,15,2,2
202100046979,117Â 808,A01,1,1,1,5,2,-1,-1,0,0,-1,2021,52.0,2,1,0,0,1,1,1,,3,12,-1,,2,2,0,1,1,100,2,, -1,1,0,3,80,21,3,1,81,81175,1,1,0,7,RD 12 vidalet 81630,43.95347,1.585862,14,1,1
202100047086,117Â 605,A01,10,3,2,3,0,-1,-1,3,3,1,2021,94.0,2,2,0,1,2,1,1,,3,820,-1,,2,2,0,2,18,700,1,, -1,1,0,1,50,23,3,1,46,46309,2,1,0,6,Boulevard Louis Jean Malvy,44.895002,1.479278,15,3,1
202100011712,180Â 795,B01,1,1,1,0,2,6,-1,0,0,-1,2021,69.0,0,1,0,2,1,1,1,,3,D78,0,D,3,2,0,1,0,100,1,, -1,1,0,1,50,20,10,2,24,24064,2,3,0,1,Avenue des Martyrs,45.367652,0.648848,8,2,2
202100008313,186Â 866,A01,1,1,1,4,0,-1,-1,0,0,-1,2021,18.0,1,5,0,2,3,2,1,,2,113,0,N,2,2,0,1,44,0,1,, -1,1,0,1,80,14,11,2,30,30083,1,1,0,2,Route Nationale 113,43.725913,4.217307,17,5,2
202100022123,162Â 085,A01,10,3,2,0,0,-1,-1,5,1,1,2021,39.0,1,5,0,1,8,1,1,,4,DOCTEUR LEONCE-BASSET(RUE),0,,-1,1,0,1,0,0,1,, -1,1,0,1,50,28,8,5,93,93070,2,1,0,6,DOCTEUR LEONCE-BASSET(RUE),48.91502,2.33551,0,2,1
202100055032,103Â 444,B01,2,2,1,0,1,-1,-1,-1, -1,-1,2021,48.0,2,2,0,2,4,2,1,,3,CHAMPAGNE   (  AVENUE DE),0,,-1,4,0,1,22,900,1,, -1,2,0,1,70,13,1,2,51,51454,2,1,1,2,Avenue de Champagne,49.228501047,4.0311688547,16,4,2
202100029879,148Â 386,A01,10,3,1,5,0,-1,-1,2,3,1,2021,7.0,3,2,0,1,2,1,1,,4,,-1,,2,2,0,1,(1),(1),1,,4,1,0,1,50,9,7,1,31,31490,2,1,0,6,11 rue vivaldi,43.74684,1.372926,19,4,1
202100036556,136Â 375,B01,1,1,1,5,1,-1,-1,0,0,-1,2021,22.0,0,2,0,2,1,1,1,,3,92,-1,,2,2,0,1,7,900,3,, -1,1,0,1,80,5,6,5,60,60513,2,1,0,1,D92,49.204308,2.382112,2,2,2
202100040391,129Â 409,A01,10,3,1,5,0,-1,-1,2,3,2,2021,4.0,2,2,0,1,3,1,1,,4,1,0,,2,2,0,1,(1),(1),1,, -1,1,0,1,30,12,5,1,6,6161,2,1,0,6,624 Avenue des Ferrayonnes,43.656224,7.130314,13,2,1
202100029312,149Â 368,B01,1,1,1,4,1,8,-1,-1, -1,-1,2021,50.0,2,3,0,2,1,1,1,1.0,4,CAPELETTE (AVENUE DE LA),0,,2,2,0,1,0,0,2,, -1,1,0,1,50,9,7,1,13,13210,2,1,0,3,CAPELETTE (AVENUE DE LA),43.2812029469,5.4057041202,19,3,2
202100007227,188Â 837,A01,1,1,1,4,2,8,-1,-1, -1,-1,2021,22.0,1,1,0,0,7,15,1,,4,VILLENEUVE (RUE  DE LA ),0,,2,2,0,1,(1),(1),1,, -1,1,0,1,30,17,11,1,56,56121,2,3,0,7,VILLENEUVE (RUE  DE LA ),47.74912,-3.38137,13,1,1
202100028751,150Â 333,A01,2,2,1,5,1,-1,-1,0,0,-1,2021,23.0,1,2,0,2,1,1,1,,1,81,0,A,3,4,0,1,249,600,1,, -1,1,0,1,130,16,7,1,53,53054,1,1,0,2,A81 Point Kilometrique 249.600,48.11597,-0.780716,18,3,2
202100019736,166Â 368,A01,10,3,1,5,0,-1,-1,3,3,1,2021,38.0,1,1,0,1,1,1,5,,3,PIE (QU DE LA),0,,2,1,1,1,0,0,1,, -1,2,0,5,30,10,9,1,94,94068,2,3,1,3,PIE (QU DE LA),48.78706,2.47748,18,2,1
202100023512,159Â 607,B01,1,1,2,5,2,-1,-1,0,0,-1,2021,53.0,3,1,0,0,1,1,1,,3,704,-1,D,2,2,0,1,(1),(1),1,, -1,1,0,1,50,20,8,1,24,24520,2,1,0,3,Route de l AbbÃ© Breuil,44.905239,1.20795,10,2,2
202100037752,134Â 187,A01,1,1,1,5,2,0,-1,-1, -1,-1,2021,40.0,2,1,0,0,7,13,1,,4,PETINIAUD BEAUPEYRAT (RUE),0,,2,2,0,1,0,0,1,, -1,1,0,1,50,27,5,1,87,87085,2,1,0,7,PETINIAUD BEAUPEYRAT (RUE),45.82789,1.25467,8,1,1
202100007190,188Â 902,A01,1,1,1,0,8,0,-1,-1, -1,-1,2021,20.0,3,1,0,2,1,1,5,,4,PADERBORN (AV) CONTRE ALLEE,0,,2,2,2,2,0,0,1,, -1,1,0,1,50,18,11,2,72,72181,2,1,0,3,PADERBORN (AV) CONTRE ALLEE,48.008741,0.199898,17,2,2
202100045866,119Â 770,A01,2,2,2,5,2,-1,-1,0,0,-1,2021,64.0,2,1,0,0,0,1,1,,3,751,0,E,2,2,0,1,77,355,1,, -1,1,0,1,50,30,3,1,37,37072,2,1,0,7,route de saumur,47.149861532,0.2322473884,17,2,1
202100025678,155Â 783,A01,2,2,1,0,2,6,-1,0,0,-1,2021,20.0,3,1,15,0,1,17,1,,4,,-1,,2,2,0,1,(1),(1),2,,4,1,0,3,70,5,8,1,33,33090,2,1,0,6,Chemin de Camparian,44.748813,-0.652742,18,2,1
202100049958,112Â 452,B01,2,2,2,5,2,-1,-1,0,0,-1,2021,16.0,1,1,0,2,1,1,1,,3,240,0,D,2,2,0,2,5,5,3,, -1,1,0,1,80,27,2,1,33,33085,1,1,0,1,Route de Balaresque,44.764774,-0.449173,17,3,2
202100006708,189Â 790,A01,10,3,1,0,0,-1,-1,3,3,1,2021,68.0,1,2,0,1,8,15,1,,3,LERIDA (AVENUE DE),0,,1,1,0,2,41,142,2,, -1,2,0,1,50,22,11,5,9,9122,2,9,0,6,LERIDA (AVENUE DE),42.965499,1.60063,18,2,1
202100019425,166Â 912,A01,1,1,1,5,2,6,-1,0,0,-1,2021,61.0,1,1,0,0,2,1,1,,1,A4,0,,3,4,0,1,265,300,1,, -1,1,0,3,130,13,9,1,55,55237,1,1,0,7,Autoroute A4 PK 265+300,49.112247,5.558648,18,1,1
202100050659,111Â 133,A01,5,2,1,0,8,0,-1,-1, -1,-1,2021,16.0,0,2,8,0,1,1,1,,4,CHAUSSE DE L ETANG (R DE LA),0,,2,2,0,1,1,0,1,, -1,1,0,1,50,21,2,1,94,94056,2,1,0,6,CHAUSSE DE L ETANG (R DE LA),48.69239,2.553084,17,4,1
202100013578,177Â 446,B01,1,1,1,1,2,6,-1,-1, -1,-1,2021,49.0,3,1,0,2,1,17,1,,4,cavani-Rond point du Stade,0,,2,2,0,2,0,0,1,, -1,1,0,1,50,11,10,1,976,97611,2,1,0,1,cavani-Rond point du Stade,-12.78307,45.22349,15,2,2
202100005813,191Â 403,A01,2,2,1,5,1,-1,-1,0,0,-1,2021,21.0,2,2,0,0,0,17,1,,2,116,-1,,2,2,0,2,52,500,3,, -1,1,0,1,80,28,11,1,66,66193,1,1,0,7,pk 52+500,42.569012,2.328093,15,3,1
202100023118,160Â 289,A01,2,2,2,0,8,-1,-1,-1, -1,-1,2021,21.0,1,2,9,0,1,1,1,,4,AVE DU PRESIDENT J.F. KENNEDY,0,,3,4,3,1,(1),(1),1,, -1,1,0,1,50,21,8,2,33,33119,2,1,0,6,Avenue du PrÃ©sident J.F. Kennedy,44.86624,-0.51124,7,2,1
202100044067,122Â 909,A01,1,1,1,1,2,6,-1,0,0,-1,2021,69.0,3,6,0,2,2,9,1,,4,615,0,D,2,2,0,2,(1),(1),1,, -1,1,0,1,80,14,4,1,60,60077,1,3,0,3,Rue de Lihus,49.575492,2.056096,17,3,2
202100042331,125Â 958,A01,1,1,1,1,8,0,-1,-1, -1,-1,2021,30.0,2,1,0,2,1,26,3,,4,MIREILLE LAUZE (BOULEVARD),0,,2,2,0,1,0,0,1,, -1,1,0,1,50,23,4,2,13,13210,2,1,0,6,MIREILLE LAUZE (BOULEVARD),43.2849279397,5.4216139187,19,2,2
202100047949,116Â 029,A01,1,1,1,0,1,0,-1,-1, -1,-1,2021,23.0,1,2,8,0,2,1,1,,7,RN 96 (ROUTE NATIONALE ),0,,2,2,0,1,0,0,1,, -1,1,0,3,80,15,3,1,13,13005,1,1,0,1,RN 96 (ROUTE NATIONALE ),43.32259,5.58874,10,1,1
202100044154,122Â 748,B01,1,1,1,0,2,8,-1,-1, -1,-1,2021,52.0,0,1,0,2,2,3,1,,4,EMILE ZOLA (RUE),0,,2,2,0,1,0,0,1,, -1,1,0,1,50,13,4,1,13,13209,2,1,0,3,EMILE ZOLA (RUE),43.247,5.399,9,2,2
202100007747,187Â 906,B01,2,2,1,0,2,0,-1,-1, -1,-1,2021,20.0,1,1,0,2,1,2,1,,2,passamanty-Sada ( rue de ),0,,2,2,0,1,0,0,1,, -1,1,0,1,50,31,7,1,976,97611,2,6,0,2,passamanty-Sada ( rue de ),-12.80442,45.21112,12,3,2
202100018105,169Â 255,B01,1,1,1,0,1,0,-1,-1, -1,-1,2021,69.0,3,2,0,2,1,1,1,,4,BELLE-VUE.(RUE DE),0,,2,2,0,2,1,0,1,, -1,1,0,1,50,18,9,1,94,94028,2,3,0,3,Rue de Belle Vue,48.78505,2.47204,15,2,2
202100009815,184Â 152,B01,2,1,1,0,2,0,-1,-1, -1,-1,2021,60.0,1,1,0,2,8,0,0,,3,KENNEDY (AVENUE DU PRESIDENT),0,,2,2,1,1,1,0,1,, -1,1,0,1,50,2,11,5,93,93064,2,8,0,3,KENNEDY (AVENUE DU PRESIDENT),48.8788531865,2.4902591204,18,2,2
202100038504,132Â 817,A01,2,2,1,5,8,8,-1,0,0,-1,2021,33.0,2,2,5,0,1,14,1,,4,PROMENADE ROGER LAROQUE,0,,2,2,0,1,0,0,1,, -1,1,0,3,50,23,5,1,988,98818,2,1,0,6,PROMENADE PIERRE VERNIER,-22.29042,166.45903,13,2,1
202100001603,198Â 941,B01,1,1,1,0,1,-1,-1,-1, -1,-1,2021,39.0,2,2,0,2,4,2,1,,4,ALBERT 1ER (BD ) (2-198) PAIRS,0,,2,4,3,1,(1),(1),1,, -1,1,0,1,50,22,12,1,33,33063,2,1,0,2,Boulevard Albert 1er,44.81347,-0.56409,10,2,2
202100030165,147Â 848,A01,10,3,1,9,0,-1,-1,9,B,1,2021,3.0,1,3,16,0,1,26,1,1.0,4,CANUTS (DES)                            ,0,,1,0,3,1,(1),(1),1,, -1,1,9,6,30,7,7,1,69,69256,2,1,0,6,CANUTS (DES) (AV)                           ,45.76167,4.92507,12,2,1
202100045743,119Â 987,B01,1,1,1,1,8,0,-1,-1, -1,-1,2021,48.0,2,1,0,2,6,19,5,,4,COLMAR (AVENUE DE),0,,3,4,3,1,0,0,3,, -1,1,4,1,50,30,3,1,67,67482,2,8,0,3,COLMAR (AVENUE DE),48.562808,7.752574,17,2,2
202100002696,196Â 954,B01,1,1,1,3,2,-1,-1,0,0,-1,2021,25.0,1,1,0,0,1,0,1,,2,1,-1,,2,1,0,2,6,900,3,, -1,1,0,1,40,12,12,5,987,98715,2,9,0,3,PK6.900 RT1 face Ã  la rÃ©sidence Fanatea,-17.584522,-149.568578,19,2,2
202100017082,171Â 096,A01,10,3,1,2,0,-1,-1,3,3,2,2021,14.0,1,1,0,1,1,1,5,,4,JOFFRE (AV),0,,2,2,0,1,1,0,1,, -1,1,0,1,50,24,9,1,94,94067,2,1,0,6,Avenue Joffre,48.8479236759,2.4177110195,13,2,1
202100028528,150Â 723,B01,2,2,2,5,2,6,-1,0,0,-1,2021,45.0,1,1,0,0,7,17,1,,3,504,0,D,2,2,0,2,14,600,1,, -1,1,0,1,80,18,7,1,69,69214,1,1,0,3,D 504,46.004534,4.357436,15,7,2
202100036816,135Â 894,B01,1,1,2,5,1,0,-1,-1, -1,-1,2021,47.0,2,2,0,2,8,1,1,,4,PERIER (BOULEVARD),0,,2,2,0,2,(1),(1),3,, -1,1,0,1,50,2,6,1,13,13208,2,1,0,3,PERIER (BOULEVARD),43.27756,5.37615,17,2,2
202100035732,137Â 843,B01,1,1,1,0,2,-1,-1,-1, -1,-1,2021,22.0,1,1,0,2,4,1,5,,4,GARE (DE LA),0,,2,2,0,1,1,0,1,, -1,1,0,1,50,1,6,1,22,22278,2,1,0,3,GARE (DE LA),48.511206,-2.762649,17,2,2
202100037298,135Â 001,B01,1,1,2,5,8,0,-1,0,0,-1,2021,43.0,2,1,0,2,3,1,5,,4,RUE DE TURENNE,0,,2,2,0,1,(1),(1),1,, -1,1,0,1,50,30,5,2,75,75103,2,3,0,3,RUE DE TURENNE,48.859966,2.364547,21,2,2
202100036677,136Â 154,B01,1,1,1,5,2,6,-1,0,0,-1,2021,50.0,2,1,0,2,1,1,1,,3,937,0,,2,2,0,1,23,630,1,, -1,1,0,1,50,3,6,1,2,2719,2,9,0,3,rue de la rÃ©publique,49.595432,3.230811,19,2,2
202100027780,152Â 058,A01,10,3,1,5,8,8,-1,9,3,1,2021,62.0,1,3,0,1,3,19,1,1.0,3,JEAN LOLIVE (AVENUE)(137/FIN ET 134/FIN),0,,3,1,3,1,156,0,1,, -1,1,0,6,50,21,7,5,93,93055,2,1,0,6,JEAN LOLIVE (AVENUE)(137/FIN ET 134/FIN),48.8928594266,2.4114650487,0,2,1
202100014137,176Â 417,A01,1,1,2,1,1,5,-1,0,0,-1,2021,28.0,1,2,5,0,1,1,1,,2,T40,0,,2,3,0,1,0,40,4,, -1,1,8,1,80,10,10,4,201,201004,1,1,0,7,T40,41.93218,8.80382,2,1,1
202100005920,191Â 209,B01,2,2,2,5,8,0,-1,-1, -1,-1,2021,19.0,0,2,0,0,0,0,0,,3,RD 201_ACCES 201 PAR BD S.ALLENDE,0,,2,2,0,1,1,300,4,, -1,2,9,1,80,26,11,3,60,60175,1,1,1,3,RD 201_ACCES 201 ,49.24536,2.45845,23,4,2
202100056460,100Â 982,A01,10,3,2,3,0,-1,-1,3,3,1,2021,72.0,0,2,0,1,1,15,1,,4,,0,,1,1,0,1,(1),(1),1,, -1,1,0,1,50,2,1,1,44,44154,2,2,0,6,Avenue de la MicheliÃ¨re,47.244873,-2.166796,11,2,1
202100013135,178Â 268,C01,2,2,1,0,1,0,-1,-1, -1,-1,2021,6.0,1,2,0,2,4,23,1,,3,ROCHET (RUE WALDECK),0,,2,2,0,3,0,1,1,, -1,1,0,1,50,13,10,1,93,93027,2,1,0,4,ROCHET (RUE WALDECK),48.9408720904,2.4091923237,13,4,3
202100051566,109Â 523,A01,10,3,1,2,0,-1,-1,1,3,1,2021,11.0,1,2,0,1,1,1,1,,4,RABAN (ROUTE DE),0,,2,2,0,2,(1),(1),1,, -1,1,0,1,50,11,2,1,973,97302,2,1,0,6,RABAN (ROUTE DE),4.9282584541,-52.3137167805,13,2,1
202100009257,185Â 161,A01,1,1,1,5,2,6,-1,-1, -1,-1,2021,17.0,3,1,0,2,1,2,1,,4,FRANCAIS LIBRES (BD),0,,1,3,0,1,0,0,1,, -1,1,0,1,50,16,10,1,30,30189,2,1,0,2,FRANCAIS LIBRES (BD),43.8305,4.3232,13,2,2
202100006302,190Â 530,B01,2,2,2,1,1,0,-1,0,0,-1,2021,55.0,1,2,0,2,0,2,1,,4,QUAI ANATOLE FRANCE,0,,1,3,0,1,(1),(1),1,, -1,2,0,1,30,25,10,1,75,75107,2,3,1,4,QUAI ANATOLE FRANCE,48.860796,2.325312,13,4,3
202100044770,121Â 687,A01,1,1,1,0,2,6,-1,0,0,-1,2021,15.0,3,1,0,0,3,0,1,,4,00,0,A,-1,1,0,1,(1),(1),1,, -1,1,0,3,50,1,4,1,7,7324,2,1,0,6,Digue du Doux,45.071918,4.809592,7,1,1
202100039122,131Â 698,A01,1,1,1,0,2,8,-1,-1, -1,-1,2021,17.0,0,1,0,2,1,13,1,,4,GOUEDIC (DE),0,,2,2,0,2,0,0,1,, -1,1,0,1,50,2,4,1,22,22278,2,1,0,1,GOUEDIC (DE),48.5092240968,-2.7543754576,18,2,2
202100003288,195Â 887,A01,1,1,2,4,1,9,-1,0,0,-1,2021,58.0,2,2,0,2,2,15,1,,3,1044,0,,2,2,0,1,40,650,2,, -1,2,5,1,80,14,12,1,2,2746,1,9,1,3,DÃ©partemental 1044,49.674748,3.349451,8,3,2
202100048102,115Â 771,A01,1,1,1,1,8,0,-1,-1, -1,-1,2021,26.0,2,5,0,2,4,1,1,,1,A50-Sens Aubagne vers Marseille,0,,-1,3,0,1,10,399,1,, -1,1,0,1,90,8,3,1,13,13070,2,1,0,2,A50-Sens Aubagne vers Marseille,43.28518,5.51679,8,2,2
202100041657,127Â 141,A01,10,3,2,5,0,-1,-1,4,3,1,2021,24.0,1,1,0,1,1,7,0,,4,,0,,2,2,3,1,(1),(1),1,, -1,1,0,6,50,2,5,1,69,69389,2,1,0,6,ROSA PARKS (AV),45.78665,4.79233,16,2,1
202100001149,199Â 720,B01,1,1,1,0,2,0,-1,0,0,-1,2021,16.0,1,1,0,2,1,2,1,,4,CHARLES III (RUE),0,,1,2,1,1,(1),(1),1,, -1,1,1,1,30,27,10,1,54,54395,2,1,0,2,CHARLES III (RUE),48.68606,6.18291,13,2,2
202100005927,191Â 197,A01,10,3,1,5,8,8,-1,3,3,1,2021,69.0,1,2,0,1,1,1,1,,4,Avenue du 14 Juillet 1789,0,,2,2,0,1,0,0,1,, -1,1,6,1,30,24,11,5,57,57672,2,1,0,6,Avenue du 14 Juillet 1789,49.35783,6.13018,18,2,1
202100012762,178Â 908,A01,1,1,1,5,2,6,9,0,0,-1,2021,59.0,1,1,0,0,8,15,1,,3,48,0,,2,2,0,2,27,60,2,, -1,1,0,1,-1,17,10,1,30,30105,1,1,0,6,dÃ©partementale 48,44.088618,3.538864,15,1,1
202100038053,133Â 643,B01,1,1,2,0,2,0,-1,-1, -1,-1,2021,32.0,3,1,0,2,1,9,3,,4,MOREAU DAVID (PL),0,,1,1,0,1,0,0,1,, -1,1,9,1,15,17,5,1,94,94033,2,7,0,1,MOREAU DAVID (PL),48.8437,2.465,13,2,2
202100053159,106Â 717,A01,1,1,1,1,2,6,-1,-1, -1,-1,2021,34.0,2,1,0,2,1,1,1,,4,,0,,1,4,3,1,(1),(1),1,, -1,2,0,1,50,28,1,1,69,69386,2,2,1,3,BELGES (DES)                        (BD),45.76881,4.85823,12,3,2
202100007168,188Â 946,Z01,10,3,2,1,8,8,-1,3,3,1,2021,50.0,3,5,0,1,2,1,1,,4,DEMOCRATIE (BD DE LA),0,,2,2,0,1,0,0,1,, -1,1,0,1,50,18,11,1,83,83137,2,1,0,6,DEMOCRATIE (BD DE LA),43.12639,5.94001,16,2,1
202100042511,125Â 633,A01,10,3,1,0,8,8,-1,5,9,1,2021,68.0,2,2,0,1,7,1,1,,3,CHOISY (AV DE),0,,2,0,0,1,1,0,1,, -1,1,0,1,30,26,4,1,94,94078,2,1,0,2,CHOISY (AV DE),48.74978,2.43419,10,2,1
202100035484,138Â 285,B01,1,1,1,0,1,0,-1,0,0,-1,2021,44.0,1,2,0,2,8,1,1,,4,BLATIN (RUE),0,,1,3,3,1,(1),(1),1,, -1,1,0,1,50,9,6,1,63,63113,2,1,0,3,BLATIN (RUE),45.77701,3.08092,9,2,2
202100053566,105Â 971,A01,2,1,1,1,8,0,-1,-1, -1,-1,2021,27.0,3,1,0,2,1,26,3,,4,ALBERTIN LANDRE (RUE),0,,1,1,0,2,0,0,1,, -1,1,0,1,50,26,1,1,971,97101,2,3,0,3,ALBERTIN LANDRE (RUE),16.29195,-61.48082,16,2,2
202100041021,128Â 292,A01,1,1,1,5,2,6,-1,0,0,-1,2021,34.0,2,1,0,0,0,1,1,,3,1,-1,,2,2,0,1,4,154,3,,5,1,0,1,90,8,5,1,34,34238,1,1,0,2,les prats,43.849903,3.650701,11,2,2
202100001196,199Â 634,B01,2,2,1,9,1,0,-1,-1, -1,-1,2021,50.0,1,2,3,2,4,1,1,,2,05 PK RN237 MOULIN JUSTICE RE,0,,3,4,0,1,4,800,1,, -1,2,0,1,90,27,12,3,17,17200,1,1,1,2,05 PK RN237 MOULIN JUSTICE RE,46.17485,-1.17247,20,5,2
202100000023,201Â 719,A01,10,3,1,0,0,-1,-1,2,3,1,2021,48.0,1,2,0,1,1,19,1,,3,RUE DES 5 EME ET 15 EME B.C.P.,0,,2,2,0,1,0,100,1,, -1,1,0,1,30,21,12,1,88,88383,2,3,1,6,RUE DES 5 EME ET 15 EME B.C.P.,48.01766,6.597447,10,2,1
202100046773,118Â 164,B01,1,1,1,1,8,0,-1,0,0,-1,2021,26.0,3,1,0,2,1,1,1,,4,SMOLETT (R.),0,,1,1,0,1,(1),(1),1,, -1,1,0,1,30,24,3,1,6,6088,2,2,0,3,SMOLETT (R.),43.701694,7.289804,12,2,2
202100008200,187Â 064,B01,1,1,1,5,2,-1,-1,0,0,-1,2021,28.0,2,1,0,2,7,1,1,,2,RT1,0,A,2,2,2,1,46,0,1,, -1,1,0,1,60,13,11,3,987,98752,1,1,0,3,RT1,-17.772054,-149.412378,20,2,2
202100030038,148Â 095,B01,1,1,2,0,1,0,-1,-1, -1,-1,2021,21.0,1,2,0,2,2,9,1,,4,MARRONNIERS (AVENUE DES),0,,2,2,0,1,0,0,1,, -1,1,0,1,50,8,7,1,93,93073,2,1,0,1,MARRONNIERS (AVENUE DES),48.95443,2.58601,20,2,2