Num_Acc,id_vehicule,num_veh,place,catu,sexe,trajet,secu1,secu2,secu3,locp,actp,etatp,year_acc,victim_age,senc,catv,obs,obsm,choc,manv,motor,occutc,catr,voie,v1,v2,circ,nbv,vosp,prof,pr,pr1,plan,lartpc,larrout,surf,infra,situ,vma,jour,mois,lum,dep,com,agg_,int,atm,col,adr,lat,long,hour,nb_victim,nb_vehicules
202100027088,153Â 299,B01,1,1,2,9,2,6,-1,0,0,-1,2021,44.0,2,1,0,2,2,17,1,,4,RUE SAINT DIDIER,0,,1,1,0,1,(1),(1),1,, -1,1,0,1,50,24,7,1,75,75116,2,3,0,3,RUE SAINT DIDIER,48.866859,2.284289,14,2,2
202100002636,197Â 068,A01,10,3,1,2,0,-1,-1,3,3,3,2021,12.0,1,2,0,1,3,1,2,,4,MOULIN (AV. J.),0,,2,2,0,1,(1),(1),1,, -1,1,5,6,30,16,12,1,4,4112,2,1,0,6,Av Jean Moulin,43.82968,5.77845,15,2,1
202100023828,159Â 035,B01,1,1,1,5,1,0,-1,0,0,-1,2021,37.0,1,5,0,2,4,1,1,,1,Autoroute A 31,0,,3,4,0,1,267,700,1,, -1,1,2,1,90,16,8,1,54,54031,1,1,0,2,Autoroute A 31,48.82497,6.10065,12,3,2
202100008810,185Â 999,A01,2,2,1,0,0,-1,-1,0,0,-1,2021,4.0,3,1,0,2,2,1,3,,4,,-1,,1,2,0,1,(1),(1),2,,4,1,5,1,50,10,11,5,1,1376,2,6,0,3,Place d ArmÃ©nie,45.825859,4.981386,18,3,2
202100011941,180Â 382,A01,1,1,1,1,2,6,-1,-1, -1,-1,2021,39.0,1,1,14,0,2,1,1,,1,A43   9.894 A 13.029,0,,3,4,0,1,10,500,1,, -1,1,0,1,130,20,10,1,69,69287,1,1,0,6,A43   9.894 A 13.029,45.6828357277,5.0114822388,18,1,1
202100031864,144Â 802,A01,1,1,2,2,2,6,-1,-1, -1,-1,2021,17.0,0,1,0,2,2,9,3,,4,MOULIN (RUE JEAN),0,,2,2,0,1,(1),(1),3,, -1,2,0,1,50,25,6,1,50,50173,2,6,1,1,MOULIN (RUE JEAN),49.65388,-1.67613,9,2,2
202100003386,195Â 708,A01,1,1,1,5,1,1,-1,0,0,-1,2021,24.0,1,2,8,0,2,20,1,,4,RUE JEAN FABRE,0,,2,2,0,2,0,0,2,, -1,1,0,4,50,11,12,5,988,98818,2,1,0,6,RUE JEAN FABRE,-22.22752,166.46458,21,1,1
202100052746,107Â 446,A01,1,1,2,0,1,5,-1,-1, -1,-1,2021,20.0,1,2,0,2,1,2,1,,3,ROUTE DEPARTEMENTALE 13,0,,2,2,0,1,7,0,1,, -1,1,0,1,70,2,2,5,972,97213,1,1,0,2,ROUTE DEPARTEMENTALE 13,14.63056,-61.00943,18,4,2
202100047350,117Â 133,A01,10,3,1,0,0,-1,-1,2,3,1,2021,19.0,3,2,0,1,1,1,1,,4,avenue pierre mendÃ¨s france,0,,2,2,0,1,1,0,1,, -1,1,0,1,50,18,3,1,49,49353,2,1,0,6,avenue pierre mendÃ¨s france,47.4492856108,-0.5044368176,12,2,1
202100026608,154Â 145,A01,1,1,1,5,2,6,-1,0,0,-1,2021,32.0,1,1,0,0,8,1,1,,3,910,-1,,2,2,0,1,11,900,2,, -1,1,0,1,50,2,4,1,74,74289,2,1,0,3,route de genÃ¨ve,45.907618,5.932987,15,2,2
202100011579,181Â 028,A01,1,1,1,0,1,0,-1,0,0,-1,2021,65.0,1,2,0,2,3,13,1,,7,LUDRES (RUE DE),0,,2,2,0,2,(1),(1),4,, -1,2,0,1,70,20,10,1,54,54197,1,1,1,1,LUDRES (RUE DE),48.6243463833,6.194744525,16,2,2
202100019507,166Â 764,A01,1,1,1,5,1,0,-1,0,0,-1,2021,56.0,1,2,0,2,1,2,1,,4,PORTE DE VINCENNES,0,,1,4,0,1,32,0,1,, -1,1,0,1,70,11,9,1,75,75112,2,1,0,4,BD PERIPHERIQUE INTERIEUR,48.8456459651,2.4141696774,16,5,4
202100002033,198Â 160,A01,1,1,2,0,1,0,-1,-1, -1,-1,2021,45.0,2,2,6,0,1,15,1,,4,PONT DE LA PAIX,0,,2,3,0,1,(1),(1),1,, -1,1,2,4,50,18,12,5,11,11069,2,3,0,6,PONT DE LA PAIX,43.21661,2.34852,21,1,1
202100027140,153Â 198,A01,1,1,1,5,1,-1,-1,0,0,-1,2021,16.0,0,2,0,2,1,1,1,,4,,0,,2,2,0,1,(1),(1),2,,4,1,0,1,50,26,7,1,27,27428,2,1,0,1,Rue de Honfleur,49.152229,0.91304,19,4,2
202100013523,177Â 556,B01,1,1,2,5,1,0,-1,-1, -1,-1,2021,19.0,1,2,0,2,4,2,1,,4,DE LATTRE DE TASSIGNY,0,,3,2,0,1,1,0,1,, -1,1,0,1,50,12,10,3,49,49007,2,1,0,2,DE LATTRE DE TASSIGNY,47.45306,-0.541232,21,2,2
202100042987,124Â 833,B01,1,1,1,5,2,-1,-1,0,0,-1,2021,46.0,1,1,0,2,1,1,5,,3,115E6,-1,,2,2,0,4,4,818,3,, -1,1,0,1,70,23,4,1,33,33554,1,3,0,3,,44.886435,-0.469344,11,2,2
202100014778,175Â 298,B01,1,1,2,0,1,0,-1,-1, -1,-1,2021,21.0,3,2,0,2,3,26,1,,4,LIBERTE (PLACE DE LA),0,,-1,0,0,1,(1),(1),1,, -1,2,5,1,50,3,10,5,78,78172,2,7,1,3,LIBERTE (PLACE DE LA),49.0056,2.1162,5,2,2
202100020905,164Â 283,B01,3,2,2,5,3,-1,-1,0,0,-1,2021,5.0,1,2,0,2,8,1,2,,3,951,0,,2,2,0,1,28,600,1,, -1,1,0,1,90,4,9,1,86,86070,1,1,0,3,D951,46.571349,0.7297,19,6,2
202100027683,152Â 232,A01,1,1,1,1,1,8,-1,-1, -1,-1,2021,22.0,1,2,0,2,1,1,1,,2,RN3 (3),0,,1,3,0,2,62,0,1,, -1,1,0,1,110,21,7,1,974,97416,1,1,0,2,RN3 (3),-21.33078,55.46822,7,2,2
202100036747,136Â 020,A01,10,3,2,0,0,-1,-1,9,3,1,2021,71.0,3,2,0,1,0,26,1,,3,GRANDE (RUE),0,,-1,2,0,1,0,0,1,, -1,1,0,1,50,15,5,1,52,52534,2,1,1,2,GRANDE (RUE),48.6666,4.8998,11,2,1
202100045832,119Â 828,A01,2,2,2,5,1,-1,-1,0,0,-1,2021,28.0,2,2,0,2,1,0,1,,1,7,-1,,1,3,0,1,123,155,1,, -1,1,0,1,130,1,4,1,26,26085,1,1,0,2,Autoroute du Soleil,44.49446,4.767437,9,3,2
202100010418,183Â 100,A01,1,1,1,5,1,-1,-1,0,0,-1,2021,36.0,1,2,13,0,1,26,1,,3,205,-1,,2,2,0,1,11,804,1,, -1,1,0,3,80,29,10,3,85,85234,1,6,0,6,D205,46.795823,-2.0106755,19,1,1
202100054283,104Â 730,A01,1,1,1,0,2,-1,-1,0,0,-1,2021,35.0,1,1,0,2,1,1,1,,3,3,-1,,2,2,0,1,8,500,1,, -1,1,0,1,-1,22,1,1,973,97309,2,9,0,2,Route de RÃ©mire,4.889467,-52.275567,16,2,2
202100000446,200Â 907,B01,2,2,2,9,1,-1,-1,0,0,-1,2021,55.0,1,2,13,0,1,21,1,,3,1054,0,,2,2,0,3,9,890,3,, -1,2,0,3,80,15,9,1,73,73245,1,1,1,6,RD1504,45.6934411,5.83035,9,3,2
202100025450,156Â 174,A01,1,1,2,5,2,8,-1,-1, -1,-1,2021,41.0,1,1,0,0,7,1,1,,4,WAGNER (BOULEVARD RICHARD),0,,3,4,0,2,(1),(1),1,, -1,2,0,1,50,4,8,1,37,37261,2,3,0,7,WAGNER (BOULEVARD RICHARD),47.3743481269,0.703927651,20,1,1
202100047832,116Â 258,A01,10,3,2,9,0,-1,-1,3,5,1,2021,33.0,1,1,0,1,1,1,1,,4,AVENUE DU DOCTEUR ARNOLD NETTER,0,,2,2,0,1,(1),(1),1,, -1,2,0,1,50,16,3,1,75,75112,2,3,1,6,AVENUE DU DOCTEUR ARNOLD NETTER,48.843322,2.405367,13,2,1
202100022974,160Â 563,A01,10,3,2,-1,0,-1,-1,0,0,-1,2021,71.0,3,2,0,1,1,1,1,,4,VC,-1,,2,2,0,1,(1),(1),1,, -1,1,0,1,50,1,6,1,38,38193,2,1,0,6,Promenade du Decumanus,45.620787,5.220932,12,2,1
202100051443,109Â 744,B01,2,1,1,2,0,-1,-1,-1, -1,-1,2021,16.0,2,1,0,2,1,0,0,,7,EOURES (ROUTE D'),0,,2,2,1,2,0,0,1,, -1,1,0,1,50,11,2,2,13,13005,2,1,0,1,EOURES (ROUTE D'),43.3077738403,5.5503831321,18,2,2
202100055961,101Â 856,B01,10,3,1,9,0,-1,-1,5,9,1,2021,18.0,3,2,1,1,2,0,1,,4,MARNE (AVENUE DE LA),0,,2,2,0,1,0,0,1,, -1,1,0,4,50,4,1,1,93,93031,2,1,0,1,MARNE (AVENUE DE LA),48.9535018094,2.3272741883,17,3,2
202100018595,168Â 396,B01,1,1,1,4,1,8,-1,-1, -1,-1,2021,35.0,0,2,0,2,8,1,1,,7,ENFANT (RTE DE L'),0,,-1,2,0,1,0,0,1,, -1,2,0,1,50,16,9,1,13,13001,1,1,1,3,ENFANT (RTE DE L'),43.484,5.3826,7,2,2
202100020806,164Â 457,B01,2,2,2,5,1,-1,-1,-1, -1,-1,2021,22.0,2,2,0,2,4,2,1,,1,AUTOROUTE A 62,0,,3,4,0,1,7,756,1,, -1,1,0,1,130,5,9,1,33,33448,1,1,0,4,AUTOROUTE A 62,44.709732,-0.512994,19,5,3
202100049298,113Â 641,A01,1,1,1,4,2,8,-1,-1, -1,-1,2021,29.0,1,1,0,2,8,19,1,,4,,0,,2,4,0,1,0,0,1,, -1,1,0,1,50,3,3,5,92,92036,2,1,0,3,Rue du Moulin de Cage,48.9275975418,2.3180877417,21,2,2
202100025882,155Â 421,A01,2,2,2,0,8,0,-1,-1, -1,-1,2021,18.0,2,3,1,0,1,1,0,2.0,4,ATHENES (allÃ©e d'),0,,2,-1,0,1,0,0,1,, -1,1,0,1,50,2,8,2,93,93057,2,1,0,6,ATHENES (allÃ©e d'),48.911646,2.493483,5,2,1
202100044150,122Â 762,B01,1,1,2,1,1,-1,-1,-1, -1,-1,2021,37.0,3,2,0,2,4,15,1,,4,DUCHESSE ANNE (RUE DE LA),0,,2,2,0,2,(1),(1),1,, -1,1,0,1,50,13,4,1,35,35278,2,2,0,2,DUCHESSE ANNE (RUE DE LA),48.15154,-1.68346,8,2,2
202100054103,105Â 038,A01,10,3,2,2,0,-1,-1,2,0,2,2021,52.0,3,2,0,1,2,1,1,,4,RUE SAINT MERRI,0,,1,1,0,1,(1),(1),1,, -1,1,0,1,15,22,1,1,75,75104,2,2,0,6,RUE SAINT MERRI,48.859571,2.352582,16,2,1
202100002399,197Â 492,A01,10,3,1,3,0,-1,-1,5,1,2,2021,62.0,1,2,0,1,3,13,1,,4,MONGE (GASPARD),0,,2,2,0,1,0,0,3,, -1,1,0,4,50,16,12,1,60,60159,1,1,0,6,Rue Gaspard Monge,49.39645,2.78818,14,2,1
202100000086,201Â 596,A01,1,1,1,5,8,0,-1,-1, -1,-1,2021,28.0,2,0,4,0,0,26,6,,9,COUVENT CHEMIN DE,0,,-1,0,0,1,1,0,2,, -1,1,0,1,50,9,10,5,13,13063,2,9,0,6,COUVENT CHEMIN DE,43.5938002482,5.0134609233,22,2,1
202100047758,116Â 380,A01,2,2,1,0,2,8,-1,-1, -1,-1,2021,18.0,1,1,0,2,1,17,1,,3,VIRGILE (AVENUE),0,,2,2,0,1,0,50,1,, -1,1,0,1,50,16,3,1,973,97302,2,1,0,2,VIRGILE (AVENUE),4.94173,-52.32088,13,3,2
202100032909,142Â 937,A01,1,1,2,9,8,0,-1,0,0,-1,2021,42.0,2,1,0,2,1,1,3,,4,BOULEVARD DE MENILMONTANT,0,,2,4,1,1,(1),(1),1,, -1,2,0,1,50,22,6,1,75,75111,2,2,0,3,BOULEVARD DE MENILMONTANT,48.85981,2.38871,11,2,2
202100012451,179Â 455,B01,1,1,2,1,2,-1,-1,-1, -1,-1,2021,30.0,1,1,0,2,1,1,0,,4,CRS DE LA SOMME,0,,2,2,0,1,(1),(1),1,, -1,1,0,1,50,18,10,1,33,33063,2,1,0,3,Cours de la Somme,44.81601,-0.57233,17,2,2
202100011722,180Â 775,A01,1,1,1,5,1,-1,-1,0,0,-1,2021,23.0,1,2,11,0,1,1,1,,3,928,-1,,2,2,0,1,133,0,1,, -1,1,5,8,70,22,10,3,28,28001,1,6,0,1,D928,48.806044,1.406829,21,1,1
202100017491,170Â 359,A01,1,1,1,5,2,0,-1,0,0,-1,2021,29.0,2,1,0,2,1,2,1,,4,AVENUE MAC MAHON,0,,2,2,0,2,(1),(1),1,, -1,1,0,1,30,21,9,1,75,75117,2,7,0,2,AVENUE MAC MAHON,48.8748441694,2.2948659666,12,2,2
202100051668,109Â 337,B01,10,3,1,5,8,8,-1,3,3,2,2021,70.0,1,2,0,1,2,1,1,,4,HARGOUS (CHEMIN DE),0,,2,2,0,1,0,0,1,, -1,1,0,1,30,11,2,1,64,64102,2,1,0,6,HARGOUS (CHEMIN DE),43.50421,-1.46343,16,2,1
202100008639,186Â 302,A01,1,1,2,9,1,-1,-1,0,0,-1,2021,40.0,1,2,0,0,8,15,1,,4,,0,,2,2,1,1,(1),(1),1,,4,1,0,8,50,9,11,5,68,68349,2,3,0,3,Boulevard d Alsace,47.607697,7.576264,21,2,2
202100054117,105Â 015,A01,1,1,2,0,1,0,-1,-1, -1,-1,2021,26.0,3,2,1,0,1,5,1,,3,MONTREUIL ROUTE DE,0,,1,2,0,2,1,1,1,, -1,2,9,8,50,22,1,5,93,93063,2,1,1,6,MONTREUIL ROUTE DE,48.8754583367,2.4483905825,1,1,1
202100046479,118Â 705,A01,1,1,1,0,1,8,-1,-1, -1,-1,2021,32.0,1,5,4,2,6,11,1,,1,A12 W,0,,3,4,0,1,4,199,1,, -1,1,0,1,110,26,3,1,78,78545,1,1,0,2,A12 W,48.81591,2.062247,18,2,2
202100003360,195Â 757,A01,1,1,1,0,1,-1,-1,0,0,-1,2021,20.0,2,2,6,0,8,13,1,,3,49,-1,,2,2,0,1,17,425,1,, -1,2,0,8,70,13,12,1,27,27138,1,1,0,6,D49,48.996603,0.560458,9,2,1
202100023378,159Â 832,A01,1,1,1,5,6,2,9,0,0,-1,2021,26.0,2,1,0,0,0,1,1,,3,496,-1,D,2,2,0,2,5,500,2,, -1,1,0,1,80,21,8,1,42,42328,1,1,0,7,Route du Mongenet,45.571334,3.976461,12,1,1
202100020657,164Â 705,A01,1,1,1,5,2,-1,-1,0,0,-1,2021,24.0,2,1,5,0,2,1,1,,3,323,0,D,2,2,1,1,92,480,1,, -1,1,0,1,70,3,9,5,72,72154,2,1,0,6,Boulevard de MontrÃ©al,47.69713,-0.06701,22,1,1
202100007744,187Â 915,A01,10,3,2,0,0,-1,-1,2,9,1,2021,28.0,1,1,0,1,2,1,1,,4,VILLERS (RUE DE),0,,1,1,2,1,(1),(1),1,, -1,1,0,1,30,14,11,1,54,54395,2,1,0,6,VILLERS (RUE DE),48.6847,6.16619,11,2,1
202100052160,108Â 478,A01,1,1,1,0,0,-1,-1,0,0,-1,2021,60.0,2,1,0,2,3,15,1,,3,44,-1,,2,2,0,1,4,100,1,, -1,1,2,1,50,8,2,1,972,97229,2,1,0,1,Route de l'UniversitÃ©,14.616594,-61.09893,14,2,2
202100002239,197Â 781,B01,1,1,1,5,2,8,-1,-1, -1,-1,2021,17.0,3,1,0,2,0,0,1,,4,BRETAGNE (ROND-POINT DE),0,,1,1,0,2,(1),(1),1,, -1,1,5,1,30,18,12,1,56,56121,2,6,0,3,BRETAGNE (ROND-POINT DE),47.76005,-3.36585,15,3,2
202100051700,109Â 279,A01,1,1,1,5,2,8,-1,-1, -1,-1,2021,28.0,0,1,0,2,2,13,1,,4,CARTONNERIE (BOULEVARD DE LA ),0,,2,2,0,1,(1),(1),1,, -1,2,0,1,50,12,2,1,13,13211,2,1,1,3,CARTONNERIE (BOULEVARD DE LA ),43.2921,5.4595,14,2,2
202100051662,109Â 348,B01,1,1,2,0,2,-1,-1,0,0,-1,2021,44.0,0,1,0,2,4,11,3,,4,CHATEAUDUN (BOULEVARD DE),0,,2,4,0,1,(1),(1),1,, -1,5,0,1,50,9,2,1,80,80021,2,1,1,2,CHATEAUDUN (BOULEVARD DE),49.88642,2.27924,10,2,2
202100006626,189Â 946,B01,1,1,1,5,2,-1,-1,0,0,-1,2021,79.0,1,1,0,2,3,1,5,,2,LOURDES (ROND-POINT ROUTE DE),0,,1,2,0,1,23,380,2,, -1,1,5,1,50,22,11,1,65,65440,2,6,0,3,BRIAND (AVENUE ARISTIDE),43.22128,0.061014,13,2,2
202100043752,123Â 479,A01,2,2,2,9,1,0,-1,-1, -1,-1,2021,40.0,2,2,0,2,1,5,1,,3,RD 6382,0,,1,1,0,2,1,840,2,, -1,1,2,1,70,15,4,1,76,76305,1,1,0,1,RD 6382G,49.50039,0.19558,14,7,2
202100056063,101Â 674,A01,1,1,1,4,2,6,-1,0,0,-1,2021,32.0,1,1,7,2,1,1,1,,4,BOULEVARD POISSONNIERE,0,,-1,2,0,1,(1),(1),1,, -1,2,0,1,50,6,1,1,75,75102,2,3,0,2,BOULEVARD POISSONNIERE,48.87087,2.346735,10,2,2
202100013421,177Â 743,A01,10,3,2,2,0,-1,-1,5,1,2,2021,12.0,1,2,12,1,2,1,1,,4,,0,,2,1,0,1,0,0,1,, -1,1,0,1,30,13,10,1,92,92048,2,1,0,6,DUMONT D'URVILLE (RUE),48.81894,2.2293,12,2,1
202100037511,134Â 617,A01,1,1,2,3,1,-1,-1,0,0,-1,2021,72.0,2,2,0,2,2,13,1,,3,986,-1,,2,2,0,1,34,500,1,, -1,1,0,1,90,27,5,1,34,34255,1,1,1,1,Route dÃ©partementale 986,43.705554,3.818843,11,3,2
202100047532,116Â 801,B01,1,1,1,9,2,6,-1,0,0,-1,2021,56.0,2,1,0,2,1,1,1,,4,AVENUE HOCHE,0,,2,3,0,1,(1),(1),1,, -1,1,0,1,50,18,3,1,75,75108,2,1,0,3,AVENUE HOCHE,48.876007,2.300407,11,2,2
202100038014,133Â 711,A01,1,1,1,5,2,0,-1,-1, -1,-1,2021,40.0,1,1,0,0,0,0,1,,7,COMPANS (AV DU GENERAL),0,,2,2,0,1,42,632,1,, -1,1,0,1,50,27,5,1,31,31069,2,1,0,7,COMPANS (AV DU GENERAL),43.62694,1.39833,19,1,1
202100047127,117Â 528,B01,1,1,1,9,2,6,-1,-1, -1,-1,2021,18.0,2,1,0,2,1,16,1,,4,NANCON (RUE DU),0,,1,1,0,1,(1),(1),3,, -1,1,0,1,30,16,3,1,35,35115,2,1,0,1,NANCON (RUE DU),48.353102,-1.207807,13,2,2
202100017135,171Â 008,A01,10,3,1,0,0,-1,-1,3,3,2,2021,6.0,1,1,15,0,7,26,3,,4,LOUIS ARAGON (ALLEE),0,,1,1,0,1,0,0,1,, -1,1,0,1,30,23,9,1,93,93001,2,1,0,3,LOUIS ARAGON (ALLEE),48.913407,2.378885,19,2,1
202100039521,130Â 959,A01,2,2,1,4,1,-1,-1,0,0,-1,2021,25.0,2,2,3,0,1,1,1,,1,6,0,,3,2,0,1,88,700,1,, -1,4,0,2,110,19,5,1,77,77168,1,1,1,3,A6,48.172668,2.859449,11,3,2
202100042035,126Â 489,A01,1,1,1,1,1,-1,-1,-1, -1,-1,2021,42.0,1,2,6,0,5,0,1,,4,CRS BALGUERIE STUTTENBERG,0,,1,2,3,1,(1),(1),1,, -1,1,0,4,50,26,4,5,33,33063,2,1,0,6,Cours Balguerie Stuttenberg,44.85936,-0.56529,6,1,1
202100017776,169Â 841,A01,1,1,1,0,2,6,-1,-1, -1,-1,2021,32.0,1,1,0,2,7,3,1,,1,AUTOROUTE A3,0,,3,6,0,1,11,399,1,, -1,1,0,1,110,21,9,1,93,93007,1,1,0,3,AUTOROUTE A3,48.937444,2.480087,17,2,2
202100016248,172Â 589,B01,1,1,1,9,2,0,-1,0,0,-1,2021,23.0,2,1,0,2,1,1,3,,4,BOULEVARD DE SEBASTOPOL,0,,2,5,1,1,(1),(1),1,, -1,1,0,5,30,29,9,5,75,75103,2,2,0,3,BOULEVARD DE SEBASTOPOL,48.86936,2.35428,2,3,2
202100055289,102Â 992,B01,1,1,1,1,1,-1,-1,-1, -1,-1,2021,52.0,1,2,0,2,1,1,1,,3,LIBERATION (RUE DE LA ),0,,2,2,0,1,87,808,1,, -1,2,0,1,70,11,1,5,76,76296,1,1,1,1,Rue de la LibÃ©ration,49.5179562255,0.2561685629,19,2,2
202100025261,156Â 501,B01,10,3,1,9,8,0,-1,5,9,3,2021,54.0,2,2,1,0,2,2,0,,9,EUGENE PREVOTS  (RUE   ),0,,2,0,0,1,0,0,1,, -1,1,0,8,50,9,7,1,77,77243,2,1,0,6,EUGENE PREVOTS  (RUE   ),48.87287,2.70327,13,2,1
202100011116,181Â 863,Z01,10,3,2,5,8,8,-1,1,3,1,2021,82.0,1,5,0,1,4,20,0,,4,RUE CONDORCET,0,,2,2,0,2,(1),(1),1,, -1,1,0,1,30,25,10,1,75,75109,2,1,0,6,RUE CONDORCET,48.879983,2.344611,16,2,1
202100022668,161Â 100,A01,1,1,2,0,1,0,-1,-1, -1,-1,2021,21.0,1,3,0,2,1,1,0,1.0,3,HENRI BARBUSSE (AVENUE),0,,2,2,0,1,0,1,3,, -1,1,0,1,50,25,8,1,93,93071,2,3,0,1,Avenue Henri Barbusse / Rue de la Mare Simon,48.934141,2.541333,14,2,2
202100020228,165Â 478,B01,1,1,1,0,8,-1,-1,-1, -1,-1,2021,18.0,1,0,0,2,8,1,3,,4,JOSEPH GILLET                       (QU),0,,2,4,2,1,(1),(1),1,, -1,1,0,5,50,6,9,1,69,69384,2,3,0,3,JOSEPH GILLET (Q),45.77559,4.81042,12,2,2
202100055339,102Â 915,B01,2,2,1,5,2,4,-1,-1, -1,-1,2021,18.0,1,1,1,2,1,1,1,,4,PASTEUR (RUE),0,,2,2,0,1,(1),(1),1,, -1,1,0,1,50,11,1,5,10,10387,2,1,0,1,PASTEUR (RUE),48.29922,4.06597,19,3,2
202100030163,147Â 852,B01,1,1,1,0,1,0,-1,-1, -1,-1,2021,37.0,1,2,0,2,4,2,1,,3,TOURS (RTE) LIGNE DROITE DES HUNAUDIERES,0,,2,2,0,2,43,781,1,, -1,1,0,1,70,6,7,1,72,72181,1,1,0,4,TOURS (RTE) LIGNE DROITE DES HUNAUDIERES,47.96075,0.22409,12,4,3
202100052695,107Â 537,Z01,10,3,1,9,8,8,-1,2,3,1,2021,49.0,1,5,0,1,0,1,0,,4,BOULEVARD DE SEBASTOPOL,0,,1,5,0,1,(1),(1),1,, -1,2,0,1,50,2,2,1,75,75102,2,2,1,6,BOULEVARD DE SEBASTOPOL,48.864441,2.351557,8,2,1
202100034744,139Â 607,B01,1,1,1,0,2,0,-1,-1, -1,-1,2021,30.0,0,1,0,2,2,1,1,,4,FOUX (CHEMIN DE LA),0,,2,2,0,1,0,0,1,, -1,1,0,1,50,12,6,1,83,83019,1,9,0,3,FOUX (CHEMIN DE LA),43.112924,6.31035,11,2,2
202100016296,172Â 504,A01,1,1,1,5,2,6,9,0,0,-1,2021,60.0,1,1,0,0,1,1,1,,3,933,0,D,2,2,0,2,77,500,1,, -1,1,0,1,50,30,9,1,64,64538,2,3,0,4,D933 route d'ArnÃ©guy,43.162955,-1.243676,17,3,3
202100046305,119Â 009,B01,2,2,2,5,2,-1,-1,0,0,-1,2021,52.0,1,1,0,2,1,0,1,,7,559,0,,2,2,0,4,25,900,3,, -1,1,0,1,70,28,3,1,13,13022,1,1,0,5,D559,43.215013,5.580111,15,4,3
202100042424,125Â 788,B01,2,2,2,5,1,1,-1,0,0,-1,2021,19.0,1,2,0,2,4,23,1,,1,NORMANDIE N-E-1 (ROUTE PROVINCIALE DU),0,,3,4,0,1,0,0,1,, -1,1,0,1,70,23,4,1,988,98818,1,1,0,2,VE1 SENS SUD/NORD,-22.24936,166.45235,17,6,2
202100018334,168Â 853,A01,1,1,2,0,1,0,-1,-1, -1,-1,2021,19.0,1,2,0,2,1,16,1,,7,CHANZY RUE,0,,2,3,0,1,(1),(1),1,, -1,1,0,1,50,13,9,5,59,59350,2,3,0,1,CHANZY RUE,50.62729,3.10831,20,2,2
202100048388,115Â 265,A01,1,1,1,0,2,0,-1,-1, -1,-1,2021,25.0,3,1,0,2,6,26,1,,3,636,0,,2,2,0,1,70,97,1,, -1,1,0,1,50,8,3,1,77,77394,2,3,0,3,MEAUX   (ROUTE DE ),48.5575383115,2.676844451,16,3,2
202100043632,123Â 685,A01,1,1,1,4,2,6,-1,-1, -1,-1,2021,28.0,2,1,0,2,1,5,1,,4,FABRE DE MORLHON (BOULEVARD JACQUES),0,,1,2,0,2,(1),(1),4,, -1,1,0,1,50,17,4,1,34,34172,2,1,0,1,FABRE DE MORLHON (BOULEVARD JACQUES),43.58884,3.88914,19,2,2
202100045686,120Â 077,B01,1,1,1,5,2,6,-1,0,0,-1,2021,23.0,1,1,8,0,4,1,1,,3,71,0,,2,2,0,2,19,700,2,, -1,1,0,1,80,27,3,1,14,14143,1,1,0,5,Le Haut Villais (vacquerie (La Vacquerie),49.092853,-0.831978,14,4,3
202100042475,125Â 697,B01,1,1,1,5,2,-1,-1,-1, -1,-1,2021,24.0,1,1,0,2,8,1,1,,4,RUE DE BEARN,0,,1,1,0,1,(1),(1),1,, -1,2,0,1,30,26,4,1,33,33281,2,1,1,3,Rue de BÃ©arn,44.83646,-0.61793,15,2,2
202100023637,159Â 373,A01,1,1,1,5,2,6,-1,0,0,-1,2021,54.0,2,1,0,0,3,21,1,,3,20,0,,2,2,0,1,21,100,1,, -1,1,0,1,-1,17,8,1,68,68302,2,1,0,7,Rue de Reiningue,47.754558,7.171571,16,1,1
202100056076,101Â 646,A01,1,1,2,5,2,6,-1,-1, -1,-1,2021,22.0,3,1,0,2,1,2,1,,3,CHOISY(ROUTE DE),0,,3,4,0,1,0,0,1,, -1,2,0,1,50,6,1,1,94,94028,2,1,0,2,CHOISY(ROUTE DE),48.78362,2.44733,11,2,2
202100044066,122Â 911,B01,1,1,2,9,2,8,-1,-1, -1,-1,2021,48.0,1,1,0,2,1,1,6,,3,1,0,,2,4,1,1,0,0,1,, -1,1,0,5,50,14,4,1,92,92012,2,1,0,3,QUATRE SEPTEMBRE (QUAI DU),48.8516701573,2.2264695168,19,2,2
202100021116,163Â 910,B01,1,1,1,5,8,0,-1,-1, -1,-1,2021,35.0,3,1,0,2,1,19,3,,3,GAGARINE (BOULEVARD),0,,3,4,0,2,0,0,1,, -1,1,5,1,50,29,8,5,93,93014,2,2,0,3,GAGARINE (BOULEVARD),48.90521,2.54235,1,2,2
202100034163,140Â 695,A01,1,1,1,9,0,-1,-1,0,0,-1,2021,37.0,1,2,6,0,1,14,1,,3,997,0,D,2,2,0,1,(1),(1),1,, -1,1,0,1,50,16,6,1,23,23031,2,1,0,6,avenue d'auvergne,46.347446,2.221851,12,1,1
202100021898,162Â 488,C01,3,2,2,5,1,0,-1,-1, -1,-1,2021,6.0,1,2,0,2,0,1,1,,1,AUTOROUTE A1,0,,1,4,0,1,210,930,1,, -1,1,0,1,70,28,8,5,59,59350,1,1,0,5,AUTOROUTE A1,50.617725,3.081325,0,9,3
202100019560,166Â 669,A01,1,1,2,5,1,-1,-1,0,0,-1,2021,20.0,2,2,3,0,3,1,1,,3,525,0,A,2,2,0,2,0,300,3,, -1,1,0,3,80,11,9,1,38,38163,1,1,0,6,D525a,45.379025,6.090267,19,1,1
202100046450,118Â 753,A01,1,1,2,5,2,-1,-1,0,0,-1,2021,16.0,3,1,0,0,0,1,1,,4,,-1,,2,2,0,2,(1),(1),2,, -1,1,0,1,50,28,3,1,64,64490,2,1,0,7,chemin satali,43.236049,-1.303114,14,1,1