Num_Acc,id_vehicule,num_veh,place,catu,sexe,trajet,secu1,secu2,secu3,locp,actp,etatp,year_acc,victim_age,senc,catv,obs,obsm,choc,manv,motor,occutc,catr,voie,v1,v2,circ,nbv,vosp,prof,pr,pr1,plan,lartpc,larrout,surf,infra,situ,vma,jour,mois,lum,dep,com,agg_,int,atm,col,adr,lat,long,hour,nb_victim,nb_vehicules
202100027358,152Â 818,A01,1,1,1,5,2,6,-1,-1, -1,-1,2021,17.0,2,1,0,2,1,1,1,,4,NEYMAN (BOULEVARD JEAN DE),0,,2,3,0,2,(1),(1),1,, -1,1,0,1,50,22,7,2,44,44184,2,2,0,3,NEYMAN (BOULEVARD JEAN DE),47.27721,-2.23378,22,3,2
202100001889,198Â 420,A01,1,1,1,5,8,0,-1,-1, -1,-1,2021,20.0,1,1,0,2,1,1,5,,4,HEDDE (AVENUE DANIEL),0,,3,2,0,2,(1),(1),1,, -1,1,5,1,50,16,12,1,17,17306,2,2,0,3,HEDDE (AVENUE DANIEL),45.63196,-1.03178,10,2,2
202100043940,123Â 135,A01,10,3,2,3,0,-1,-1,5,2,1,2021,86.0,3,4,0,1,5,4,1,,4,,0,,1,1,0,2,0,0,1,, -1,1,0,4,30,15,4,1,92,92023,2,1,0,6,ANTOINE GROSSIN (ALLEE),48.8116528412,2.2743092741,11,2,1
202100041114,128Â 121,A01,1,1,1,4,1,-1,-1,0,0,-1,2021,36.0,1,5,0,2,3,26,1,,4,COMMANDANT MALBERT,0,,1,1,0,1,(1),(1),1,, -1,1,0,1,50,30,4,1,29,29019,2,1,0,3,Quai Commandant Malbert,48.3790897328,-4.4859745176,19,2,2
202100042767,125Â 202,A01,7,2,1,5,8,-1,-1,0,0,-1,2021,18.0,3,2,13,0,2,14,1,,7,55,-1,G,2,2,0,1,1,750,1,, -1,1,0,3,80,25,4,3,13,13112,1,1,0,7,Avenue Jean Pallet,43.52201,5.237153,2,3,1
202100005862,191Â 312,A01,10,3,2,1,0,-1,-1,4,3,1,2021,47.0,1,2,0,1,1,1,1,,3,LENOTRE (RUE G.),0,,2,2,0,2,33,256,2,, -1,2,9,1,30,26,11,5,78,78517,2,3,1,6,LENOTRE (RUE G.),48.64018,1.82654,17,2,1
202100052281,108Â 258,B01,1,1,1,5,1,-1,-1,0,0,-1,2021,30.0,2,2,3,0,4,2,1,,1,5,-1,,3,4,0,2,69,390,1,, -1,1,0,1,130,6,2,1,89,89399,1,1,0,2,Autoroute  A5,48.244825,3.355207,16,6,2
202100029030,149Â 841,B01,1,1,2,5,1,-1,-1,0,0,-1,2021,32.0,2,2,0,2,2,13,1,,3,1075,0,,2,2,0,1,14,900,1,, -1,2,0,1,80,14,7,2,1,1374,1,1,1,5,route dÃ©partementale 1075,46.088099,5.315897,20,4,3
202100039025,131Â 889,B01,1,1,1,5,1,-1,-1,0,0,-1,2021,19.0,1,2,0,2,3,21,1,,3,14,0,D,2,2,0,1,34,625,1,0,5,1,0,1,80,22,5,1,16,16276,1,1,0,1,D14,45.416688,-0.190925,9,2,2
202100033712,141Â 504,A01,1,1,1,5,1,-1,-1,0,0,-1,2021,63.0,2,2,6,0,1,1,1,,3,28,-1,C,2,2,0,4,8,625,1,, -1,1,2,3,80,18,6,1,38,38398,1,1,0,6,Route Le Mazet ,45.51246,5.67878,20,1,1
202100020799,164Â 471,B01,1,1,1,1,2,6,-1,0,0,-1,2021,30.0,1,1,0,2,1,1,1,,3,812,-1,,2,2,0,3,39,380,1,,3,1,5,1,70,6,9,1,35,35152,1,3,0,3,Les Sevailles,48.228729,-1.479099,18,2,2
202100010924,182Â 199,B01,1,1,1,5,1,-1,-1,0,0,-1,2021,20.0,2,2,12,2,3,1,1,,4,BRUXELLES (RUE DE),0,,2,2,0,2,(1),(1),2,, -1,1,0,1,50,24,10,5,12,12202,2,1,0,1,BRUXELLES (RUE DE),44.35873,2.56246,21,2,2
202100015512,173Â 971,B01,1,1,1,9,1,-1,-1,0,0,-1,2021,64.0,0,2,0,2,4,23,1,,4,FRANKLIN ROOSEVELT (RUE),0,,2,2,0,2,(1),(1),1,, -1,1,0,1,50,27,9,1,80,80021,2,1,0,4,FRANKLIN ROOSEVELT (RUE),49.91531,2.29442,16,3,3
202100035756,137Â 794,A01,1,1,1,1,8,0,-1,0,0,-1,2021,24.0,2,1,0,2,1,1,3,,4,PLACE COLUCHE,0,,2,4,0,1,(1),(1),1,, -1,1,0,1,30,8,6,3,75,75113,2,7,0,3,PLACE COLUCHE,48.826415,2.341793,23,2,2
202100044207,122Â 658,A01,8,2,1,0,8,-1,-1,0,0,-1,2021,11.0,2,2,3,0,0,0,1,,1,6,0,,3,4,0,1,92,100,2,, -1,1,0,1,130,14,4,3,45,45094,1,1,0,4,A6-PK 092+100,48.15097,2.900562,0,7,4
202100004655,193Â 451,A01,10,3,1,1,0,-1,-1,3,3,1,2021,22.0,0,2,0,1,2,1,1,,4,,-1,,2,2,3,1,(1),(1),1,,4,1,0,6,50,10,9,2,74,74081,2,3,0,6,Av de la Republique,46.0614981,6.56351,7,2,1
202100010974,182Â 110,A01,1,1,2,2,1,-1,-1,0,0,-1,2021,20.0,1,2,0,5,3,1,1,,3,909,0,D,2,2,0,1,23,174,1,, -1,1,0,1,90,26,10,3,61,61344,1,1,0,6,Lieu Dit la Bruyere,48.673372,-0.236614,20,2,1
202100047885,116Â 146,A01,1,1,1,1,2,6,-1,-1, -1,-1,2021,42.0,2,1,14,0,3,1,1,,1,AUTOROUTE A6,0,,3,8,0,4,19,649,1,, -1,2,0,1,50,16,3,3,91,91687,1,1,1,7,AUTOROUTE A6,48.66045,2.3713,20,1,1
202100029854,148Â 430,B01,1,1,2,1,2,0,-1,-1, -1,-1,2021,45.0,2,0,0,2,8,1,3,,3,992,0,,1,2,0,2,0,0,1,, -1,1,9,5,50,9,7,1,92,92050,2,1,0,3,HAVRE BOULEVARD DU,48.9196963141,2.2215396166,7,2,2
202100017455,170Â 426,B01,1,1,2,1,1,0,-1,-1, -1,-1,2021,25.0,1,2,0,2,3,1,1,,4,LOIRE (QUAI DE LA),0,,2,2,0,1,(1),(1),1,, -1,1,0,1,50,21,9,1,37,37214,2,1,0,3,LOIRE (QUAI DE LA),47.3984853687,0.6712804735,17,3,2
202100048237,115Â 531,A01,10,3,2,5,0,-1,-1,3,3,1,2021,28.0,1,2,0,1,3,1,1,,4,LOTI (AVE PIERRE),0,,3,2,0,4,0,0,1,, -1,1,0,1,50,12,3,1,83,83137,2,1,0,6,LOTI (AVE PIERRE),43.1134975002,5.9478467278,11,2,1
202100039512,130Â 975,A01,10,3,2,3,0,-1,-1,5,3,-1,2021,89.0,3,2,0,1,1,1,1,,6,,-1,,-1,-1,0,2,(1),(1),1,,7,1,0,8,-1,19,5,1,53,53096,2,1,0,6,Route de Laval,48.2925,-0.928049,16,2,1
202100026985,153Â 476,B01,1,1,2,5,0,-1,-1,0,0,-1,2021,58.0,1,0,0,2,6,1,3,,4,,0,A,2,2,0,2,(1),(1),3,, -1,1,0,1,80,26,7,1,56,56240,1,1,0,3,Route des Chataigniers,47.539883,-2.82943,17,2,2
202100042984,124Â 839,A01,1,1,1,1,1,-1,-1,0,0,-1,2021,19.0,2,2,6,0,7,13,1,,3,148,0,,2,2,0,1,0,944,3,, -1,1,0,3,70,24,4,1,69,69291,1,1,0,6,CORBAS (DE) (RTE),45.6414275466,4.8775219917,10,1,1
202100019518,166Â 745,A01,1,1,1,5,2,0,-1,0,0,-1,2021,21.0,2,1,0,2,1,2,1,,4,QUAI DES TUILERIES,0,,3,3,0,1,(1),(1),1,, -1,1,0,1,50,11,9,5,75,75101,2,1,0,2,QUAI DES TUILERIES,48.86348,2.322303,20,2,2
202100038513,132Â 802,A01,1,1,1,5,8,0,-1,-1, -1,-1,2021,17.0,2,1,0,2,8,1,5,,7,LIBERATION (AVE DE LA),0,,2,2,0,2,12,470,1,, -1,2,0,1,50,24,5,2,83,83144,2,1,1,2,LIBERATION (AVE DE LA),43.1425337978,5.9952724783,6,2,2
202100002738,196Â 877,Y01,1,1,1,9,2,-1,-1,-1, -1,-1,2021,24.0,1,1,0,2,1,1,3,,4,,0,,1,2,3,1,(1),(1),1,, -1,2,0,1,50,15,12,5,69,69382,2,1,1,2,TILSITT (Q),45.75778,4.82794,18,2,2
202100040418,129Â 366,B01,1,1,2,4,0,-1,-1,0,0,-1,2021,49.0,2,2,0,0,3,19,6,,4,,0,,2,2,0,1,(1),(1),1,,7,1,0,1,30,12,5,1,975,97502,2,1,0,3,Rue Brusle,46.784995,-56.172372,9,2,2
202100044001,123Â 025,B01,1,1,1,0,8,0,-1,-1, -1,-1,2021,21.0,2,1,0,2,5,0,0,,4,PATELIN (chemin),0,,2,2,0,2,0,0,1,, -1,2,0,1,50,14,4,3,974,97409,2,1,1,2,PATELIN (chemin),-20.97308,55.68542,20,2,2
202100002280,197Â 707,B01,1,1,1,5,8,0,-1,-1, -1,-1,2021,25.0,3,1,0,2,1,1,5,,3,R DE BREVANNES,0,,2,1,0,1,1,0,1,, -1,1,0,1,50,18,12,1,94,94071,2,6,0,3,Rue de BrÃ©vannes,48.76416,2.512693,9,2,2
202100051515,109Â 614,B01,1,1,1,0,1,0,-1,-1, -1,-1,2021,27.0,2,2,0,2,2,1,1,,3,FOIX AVENUE DE,0,,2,2,0,1,15,593,1,, -1,1,0,1,50,13,2,1,9,9225,2,1,0,3,FOIX AVENUE DE,43.10558,1.61928,12,2,2
202100041737,127Â 009,A01,1,1,1,5,0,-1,-1,0,0,-1,2021,29.0,0,1,1,0,1,26,1,,9,,-1,,2,2,0,1,(1),(1),1,,4,1,9,8,50,2,5,1,40,40184,2,9,0,6,Rue de la Gare,44.198097,-1.223431,16,1,1
202100020694,164Â 639,A01,1,1,1,0,2,6,-1,-1, -1,-1,2021,36.0,2,1,12,0,7,1,1,,3,PYLA (BD DU),0,,2,2,0,1,(1),(1),2,, -1,1,0,1,50,5,9,1,33,33529,1,1,0,6,PYLA (BD DU),44.63135,-1.15643,15,1,1
202100046873,117Â 993,B01,1,1,1,5,2,8,-1,-1, -1,-1,2021,26.0,2,1,0,2,7,1,5,,3,7,0,,3,4,1,1,0,0,1,, -1,1,3,1,50,22,3,3,91,91228,2,1,0,6,RTE NATIONALE 7,48.644374,2.422805,20,2,2
202100043669,123Â 618,A01,1,1,2,5,1,-1,-1,0,0,-1,2021,31.0,3,2,6,0,1,2,1,,4,C4,-1,,2,2,0,1,(1),(1),2,, -1,1,2,3,50,18,4,1,60,60310,2,1,0,6,Herchies,49.484198,2.011675,7,1,1
202100015750,173Â 516,A01,1,1,1,5,2,6,-1,0,0,-1,2021,35.0,2,1,0,2,1,2,1,,4,BOULEVARD HAUSSMANN,0,,2,6,0,1,(1),0,1,, -1,1,0,1,30,1,10,1,75,75108,2,7,0,2,BOULEVARD HAUSSMANN,48.875248,2.314818,14,2,2
202100023462,159Â 686,B01,2,2,2,0,2,6,-1,-1, -1,-1,2021,30.0,2,1,0,2,1,1,1,,3,PROFESSEUR CADIOT (AV DU),0,,2,4,0,1,1,0,1,, -1,1,0,1,50,19,8,1,94,94046,2,1,0,3,Avenue du Professeur Cadiot,48.80489,2.43209,19,3,2
202100051802,109Â 104,A01,1,1,1,0,1,0,-1,-1, -1,-1,2021,50.0,1,2,16,0,1,17,1,,2,RN 1154,0,,2,2,0,1,0,0,1,, -1,5,0,1,80,10,2,3,28,28229,1,1,1,1,RN 1154,48.45054,1.44365,6,2,2
202100002653,197Â 041,A01,10,3,1,2,0,-1,-1,4,3,1,2021,22.0,3,2,0,1,2,17,1,,4,BRANDEBOURG (BD DE),0,,2,2,0,1,0,0,1,, -1,1,0,1,50,15,12,1,94,94041,2,2,0,3,BRANDEBOURG (BD DE),48.81446,2.3946,8,2,1
202100033010,142Â 739,A01,1,1,2,1,1,-1,-1,-1, -1,-1,2021,48.0,1,2,1,0,8,21,1,,4,MONTAGNY (DE)                       (R ),0,,2,2,2,1,(1),(1),2,, -1,1,0,1,50,21,6,1,69,69388,2,1,0,5,MONTAGNY (DE) (R),45.7323579455,4.850754647,9,3,3
202100034608,139Â 852,B01,1,1,1,9,2,0,-1,0,0,-1,2021,42.0,2,1,0,2,0,19,3,,4,AVENUE GAMBETTA,0,,2,4,0,1,(1),(1),1,, -1,1,0,1,50,13,6,1,75,75120,2,5,0,3,AVENUE GAMBETTA,48.864976,2.395526,12,2,2
202100034054,140Â 889,A01,1,1,1,9,2,6,-1,-1, -1,-1,2021,53.0,1,1,0,0,0,26,1,,1,MONTAIGNE AVENUE,0,,1,1,0,4,1,0,3,, -1,1,3,1,50,14,6,1,49,49267,2,1,0,7,MONTAIGNE AVENUE,47.46585,-0.51702,21,1,1
202100040336,129Â 505,A01,10,3,2,5,0,-1,-1,5,3,1,2021,46.0,1,2,0,1,4,20,1,,3,METZ (ROUTE DE),0,,-1,1,3,1,27,330,1,, -1,1,6,4,50,10,5,1,57,57672,2,1,0,6,METZ (ROUTE DE),49.35081,6.1601,17,2,1
202100019126,167Â 435,A01,1,1,1,5,2,0,-1,-1, -1,-1,2021,53.0,2,1,0,2,1,3,1,,1,A4.W,0,,1,3,0,1,17,300,1,, -1,1,0,1,110,13,9,1,77,77083,1,1,0,6,A4.W,48.8306668858,2.6087313197,8,4,4
202100050657,111Â 136,A01,2,2,2,5,1,0,-1,0,0,-1,2021,77.0,1,2,0,2,2,1,1,,4,RUE MORAND,0,,1,1,1,1,(1),(1),1,, -1,1,0,1,30,21,2,5,75,75111,2,2,0,3,RUE MORAND,48.868841,2.376305,18,3,2
202100005016,192Â 817,A01,10,3,1,2,0,-1,-1,5,9,1,2021,12.0,1,2,0,1,1,26,1,,4,FOUCAULD (RUE CHARLES DE),0,,1,2,0,1,(1),(1),1,, -1,1,0,1,50,2,12,5,54,54395,2,1,0,6,FOUCAULD (RUE CHARLES DE),48.70216,6.18198,17,2,1
202100029268,149Â 448,A01,10,3,1,1,0,-1,-1,5,2,1,2021,49.0,1,3,0,1,6,1,1,1.0,4,CHOULANS (DE)                       (CH),0,,2,2,0,2,(1),(1),1,, -1,2,9,1,50,12,7,1,69,69385,2,1,1,6,CHOULANS (DE) (MO),45.75603,4.81553,17,2,1
202100008515,186Â 514,A01,2,2,2,0,1,0,-1,-1, -1,-1,2021,9.0,0,2,0,2,5,1,1,,3,913,0,,2,4,3,1,0,0,1,, -1,1,0,1,50,11,11,1,92,92062,2,6,0,5,GENERAL DE GAULLE (AV) DU 63 AU 107,48.885371732,2.2279983759,11,4,3
202100027276,152Â 969,A01,1,1,1,5,2,-1,-1,0,0,-1,2021,42.0,3,6,6,0,1,1,1,,4,63,-1,,2,2,0,1,(1),(1),1,, -1,1,0,3,80,25,7,1,45,45097,1,1,0,6,Les Grands Chaillots,48.019374,2.941069,18,1,1
202100027588,152Â 413,A01,1,1,1,0,2,8,-1,-1, -1,-1,2021,28.0,0,1,0,2,1,1,1,,3,ROOSVELT (AVENUE FRANKLIN),0,,2,2,0,2,1,0,1,, -1,1,0,1,50,22,7,2,92,92073,2,3,0,3,ROOSEVELT (AVENUE FRANKLIN),48.8741948486,2.2211319208,21,2,2
202100053622,105Â 875,A01,1,1,2,2,2,6,-1,0,0,-1,2021,16.0,2,1,0,0,9,1,1,,3,Route de PLASCASSIER,0,,2,2,0,2,17,825,2,, -1,7,0,1,50,26,1,2,6,6069,1,1,0,7,Route de PLASCASSIER,43.648735,6.96111,8,1,1
202100052563,107Â 766,A01,1,1,1,9,2,8,-1,-1, -1,-1,2021,15.0,2,1,1,2,1,1,1,,2,31,0,,1,2,0,1,0,0,1,, -1,2,5,1,50,3,2,1,2,2805,2,1,0,3,REIMS Avenue de,49.37323,3.34398,13,2,2
202100003393,195Â 696,A01,1,1,1,0,2,8,-1,-1, -1,-1,2021,63.0,1,1,0,2,3,13,1,,2,ROUTE NATIONALE 1,0,,1,2,0,1,9,0,1,, -1,1,5,8,90,11,12,1,972,97213,1,1,0,3,ROUTE NATIONALE 1,14.634039,-60.977634,9,2,2
202100043263,124Â 331,A01,1,1,1,5,0,-1,-1,0,0,-1,2021,28.0,3,2,6,0,2,1,1,,4,,0,,2,2,0,2,(1),(1),1,, -1,1,0,3,50,19,4,5,27,27670,2,1,0,6,Rue des Bruyeres du Fayel,49.389469,1.353561,3,1,1
202100024237,158Â 347,B01,1,1,1,4,2,0,-1,-1, -1,-1,2021,27.0,1,1,0,2,1,1,1,,2,NAPOLEON COURS AVANT BEVERINI,0,,2,3,0,1,(1),(1),1,, -1,1,0,1,50,12,8,2,201,201004,2,2,0,6,Cours NapolÃ©on,41.9192,8.73687,20,2,2
202100037985,133Â 763,B01,1,1,1,1,2,8,-1,-1, -1,-1,2021,19.0,3,1,0,2,7,1,3,,3,LIBERATION  AV DE LA,0,,1,1,0,1,0,700,2,, -1,1,0,1,50,27,5,1,69,69115,2,6,0,3,LIBERATION (DE LA) (AV),45.9773012521,4.7077006102,7,2,2
202100007114,189Â 050,B01,4,2,2,5,3,0,-1,-1, -1,-1,2021,4.0,1,2,0,2,1,2,1,,1,A86 INT,0,,3,6,0,1,46,299,3,, -1,1,0,1,90,20,11,5,94,94073,1,1,0,2,A86 INT,48.7592916531,2.3835324056,21,5,2
202100021468,163Â 269,B01,1,1,1,4,1,8,-1,-1, -1,-1,2021,56.0,0,3,0,2,6,20,1,3.0,7,SAINT MENET (AVENUE DE),0,,2,4,0,1,0,0,1,, -1,1,0,1,50,1,9,1,13,13211,2,1,0,2,SAINT MENET (AVENUE DE),43.289,5.477,9,4,2
202100052810,107Â 327,A01,10,3,1,9,0,-1,-1,5,9,1,2021,35.0,3,2,14,1,1,1,1,,5,BOIS MOUSSAY (AVENUE DU),0,,1,1,0,2,0,0,1,, -1,2,9,6,15,2,2,1,93,93072,2,1,1,6,BOIS MOUSSAY (AVENUE DU),48.95566,2.36821,9,2,1
202100017698,169Â 986,A01,2,1,2,5,2,0,-1,-1, -1,-1,2021,32.0,2,1,0,2,1,1,1,,3,GABRIEL-PERI (AV),0,,2,2,2,1,0,1,1,, -1,1,0,1,50,21,9,5,93,93070,2,2,0,1,Avenue Gabriel PÃ©ri / Rue des Rosiers,48.9084,2.33264,0,2,2
202100016184,172Â 709,B01,1,1,2,0,0,-1,-1,-1, -1,-1,2021,59.0,2,1,0,2,1,16,5,,4,RTE DE LEOGNAN,0,,2,2,0,1,(1),(1),1,, -1,1,0,1,50,28,9,1,33,33550,2,6,0,2,Route de LÃ©ognan,44.76569,-0.58007,11,2,2
202100052490,107Â 899,A01,10,3,1,3,0,-1,-1,3,3,1,2021,87.0,3,2,0,1,2,11,1,,4,,0,D,2,2,0,1,(1),(1),3,, -1,1,0,1,50,6,2,1,56,56178,2,1,1,6,Quai des RÃ©collets,48.074265,-2.9625,10,2,1
202100038077,133Â 598,A01,1,1,1,5,2,-1,-1,0,0,-1,2021,70.0,2,1,1,0,1,1,5,,3,306,0,D,2,2,0,1,6,490,1,, -1,1,0,1,80,28,5,1,56,56078,1,1,0,2,Route de Gestel,47.805587,-3.47065,15,2,2
202100051429,109Â 766,A01,10,3,1,0,0,-1,-1,3,3,1,2021,43.0,1,2,0,1,2,1,1,,4,FRANCE (AVENUE ANATOLE),0,,1,2,1,1,(1),(1),1,, -1,1,0,1,50,13,2,1,54,54395,2,2,0,6,FRANCE (AVENUE ANATOLE),48.6858254462,6.1580461264,16,2,1
202100022561,161Â 301,A01,1,1,1,5,2,6,9,0,0,-1,2021,49.0,1,1,0,0,7,1,1,,3,613,0,,2,2,0,2,84,200,1,, -1,1,0,1,50,26,8,2,14,14406,2,1,0,7,D613,49.241959,-0.603036,20,2,1
202100005284,192Â 341,Z01,10,3,1,3,0,-1,-1,3,3,1,2021,79.0,2,2,0,1,0,26,0,,3,LESSINES (BD DE),0,,2,2,0,1,(1),(1),2,, -1,2,0,1,50,21,11,2,59,59324,2,1,0,6,LESSINES (BD DE),50.2968537739,4.0986728668,17,2,1
202100031705,145Â 085,A01,4,2,1,0,1,0,-1,-1, -1,-1,2021,16.0,3,2,8,0,1,2,0,,3,BIENFAISANCE(RUE),0,,1,1,0,1,26,1120,1,, -1,1,0,1,50,6,6,1,28,28220,2,2,0,1,BIENFAISANCE(RUE),48.42882,1.47393,19,3,1
202100008003,187Â 428,A01,1,1,1,4,2,6,-1,-1, -1,-1,2021,19.0,1,1,0,0,7,15,1,,4,PIECE NOYEE (ROND POINT DE LA),0,,2,2,0,1,0,0,2,, -1,2,0,1,50,14,11,4,64,64102,2,1,1,7,PIECE NOYEE (ROND POINT DE LA),43.4991310961,-1.4813411236,20,1,1
202100042557,125Â 558,B01,1,1,1,0,0,-1,-1,0,0,-1,2021,69.0,3,1,0,2,0,9,5,,3,224,0,D,2,2,0,2,1,400,1,, -1,1,0,1,80,26,4,1,49,49301,1,1,0,6,Le Petit Quarteron (tilliÃ¨res),47.156491,-1.16387,15,2,2
202100012702,179Â 014,B01,1,1,1,5,2,6,-1,0,0,-1,2021,14.0,2,1,0,2,2,1,1,,3,559,-1,,2,2,0,1,75,670,1,,4,1,0,1,50,16,10,1,83,83036,2,3,0,3,Departemental 559,43.174211,6.533464,15,2,2
202100023452,159Â 703,A01,1,1,2,5,2,0,-1,0,0,-1,2021,69.0,1,1,0,2,0,15,5,,4,RUE CLAUDE BERNARD,0,,2,2,0,2,(1),(1),1,, -1,1,0,1,30,18,8,1,75,75105,2,2,0,3,RUE CLAUDE BERNARD,48.840275,2.346033,13,2,2
202100030819,146Â 678,A01,1,1,1,5,2,0,-1,-1, -1,-1,2021,89.0,2,6,0,0,1,1,1,,7,OLBIA  (VOIE),0,,1,2,0,1,12,460,1,, -1,1,0,1,50,3,7,1,83,83069,2,1,0,6,OLBIA  (VOIE),43.113923,6.133483,14,1,1
202100018822,168Â 001,B01,1,1,2,2,1,0,-1,-1, -1,-1,2021,22.0,3,2,0,2,4,15,1,,3,61,0,,2,2,0,1,0,0,1,, -1,2,0,1,50,15,9,1,92,92046,2,3,1,2,rue de Scelle,48.8237610931,2.3002265766,10,2,2
202100020116,165Â 669,A01,10,3,1,4,0,-1,-1,1,A,1,2021,44.0,2,1,1,0,2,21,1,,3,GENERAL LECLERC (AV DU),0,,1,2,0,1,1,0,1,, -1,1,0,1,50,8,9,1,94,94046,2,1,0,6,Avenue du GÃ©nÃ©ral Leclerc,48.813772,2.426114,14,2,1
202100026662,154Â 050,B01,1,1,1,1,1,-1,-1,-1, -1,-1,2021,23.0,3,2,0,2,6,15,1,,4,BESSE (RUE EDMOND),0,,2,2,0,1,(1),(1),1,, -1,1,0,1,50,27,7,5,33,33063,2,9,0,3,Rue Edmond Besse,44.887244,-0.547015,3,4,2
202100026464,154Â 397,A01,1,1,1,3,1,-1,-1,-1, -1,-1,2021,28.0,2,2,0,0,1,13,1,,2,PORTE DE LORIENT,0,,1,1,0,2,0,125,3,, -1,1,3,3,50,29,7,5,35,35238,2,1,0,6,PORTE DE LORIENT,48.10703,-1.71783,22,4,1
202100048361,115Â 310,A01,1,1,1,1,2,6,-1,-1,0,-1,2021,25.0,2,1,0,2,1,18,1,,1,AUTOROUTE A15,0,,3,10,0,1,6,300,1,, -1,1,0,1,110,10,3,2,95,95018,1,1,0,5, A15,48.9536544878,2.2789686464,6,3,3
202100035062,139Â 023,B01,1,1,1,5,2,0,-1,0,0,-1,2021,68.0,1,1,0,2,1,1,5,,4,AVENUE DE SAINT CLOUD,0,,2,6,1,1,(1),(1),1,, -1,1,0,5,50,10,6,1,75,75116,2,2,0,3,AVENUE DE SAINT CLOUD,48.862547,2.264332,11,2,2
202100046939,117Â 872,B01,1,1,1,5,2,8,-1,-1, -1,-1,2021,60.0,1,1,0,2,7,2,1,,4,AV STALINGRAD,0,,2,2,0,1,0,0,1,, -1,1,0,1,50,23,3,1,13,13004,2,3,0,3,AV STALINGRAD,43.66666,4.63333,17,2,2
202100006359,190Â 431,A01,1,1,1,0,2,-1,-1,0,0,-1,2021,17.0,2,1,0,0,1,0,1,,3,1120,0,,2,2,0,2,41,430,4,, -1,2,0,1,70,25,11,3,19,19098,1,1,1,3,Route des Jordes,45.2001128849,1.8315625191,18,2,2
202100004541,193Â 660,A01,1,1,1,9,8,0,-1,0,0,-1,2021,36.0,1,0,0,2,0,21,3,,4,RUE SAINT MAUR,0,,1,2,1,1,(1),(1),1,, -1,2,-1,5,30,5,12,1,75,75111,2,2,1,7,RUE SAINT MAUR,48.867301,2.37593,11,1,1
202100046467,118Â 725,A01,1,1,1,5,2,6,-1,0,0,-1,2021,28.0,1,1,11,0,8,1,0,,3,1201,0,R,2,2,0,1,1,1,1,, -1,1,0,1,70,28,3,5,74,74201,1,1,0,7,RD 1201 - route d'Annecy,46.116781,6.096967,5,1,1
202100018740,168Â 142,A01,1,1,2,5,1,5,-1,-1, -1,-1,2021,32.0,2,2,2,0,1,14,1,,3,PIERRE BROSSOLETTE (BOULEVARD),0,,2,2,0,1,20,250,3,, -1,2,0,1,50,15,9,1,78,78481,2,1,1,6,PIERRE BROSSOLETTE (BOULEVARD),48.89524,2.10598,15,2,1
202100053190,106Â 658,Z01,10,3,1,5,8,8,-1,2,1,1,2021,20.0,1,2,0,1,1,1,1,,4,CARREROT,0,,-1,1,0,1,0,0,1,, -1,2,0,1,50,29,1,1,64,64335,2,1,1,6,CARREROT,43.3303,-0.42306,8,2,1
202100018924,167Â 817,A01,10,3,2,5,0,-1,-1,3,3,2,2021,76.0,1,2,0,1,4,20,1,,4,STRASBOURG (RUE DE),0,,2,2,0,1,(1),(1),1,, -1,1,0,1,50,13,9,1,71,71153,2,9,0,6,19 Rue de Strasbourg,46.8010779543,4.4173843886,15,2,1
202100043339,124Â 196,A01,1,1,1,0,2,0,-1,-1, -1,-1,2021,61.0,1,1,0,2,3,18,1,,7,FRANÃOISE DUPARC (BOULEVARD),0,,2,4,0,1,2,100,1,, -1,1,8,1,50,20,4,1,13,13204,2,1,0,3,FRANÃOISE DUPARC (BOULEVARD),43.3050088522,5.4008570066,14,2,2
202100032273,144Â 073,A01,1,1,2,5,2,0,-1,-1, -1,-1,2021,18.0,1,1,0,2,8,26,1,,4,SAINTE CROIX PLACE,0,,2,2,0,1,1,0,1,, -1,2,0,1,30,25,6,1,49,49007,2,1,0,3,SAINTE CROIX PLACE,47.470163,-0.554004,21,3,2
202100043743,123Â 496,B01,1,1,1,5,0,-1,-1,-1,0,-1,2021,7.0,3,1,0,2,1,5,5,,6,MALESHERBE (RESIDENCE),0,,-1,-1,0,1,(1),(1),2,, -1,1,0,1,30,16,4,2,95,95585,2,1,0,1,MALESHERBE (RESIDENCE),48.98515,2.3806,19,2,2
202100024071,158Â 627,A01,1,1,1,5,2,6,9,0,0,-1,2021,24.0,1,1,13,0,1,13,1,,3,116,-1,,2,2,0,3,10,300,3,, -1,1,0,3,80,15,8,1,28,28195,1,1,0,6,Rue de l Aqueduc,48.574233,1.60351,20,1,1
202100017169,170Â 943,A01,1,1,1,5,1,-1,-1,0,0,-1,2021,67.0,2,2,3,0,7,1,1,,1,31,0,,3,4,0,1,122,800,1,, -1,1,0,2,130,24,9,1,52,52432,1,1,0,6,A31,47.9462464007,5.3079628946,16,2,1
202100053609,105Â 895,B01,1,1,2,2,1,0,-1,-1, -1,-1,2021,56.0,1,2,0,2,4,9,0,,3,GARONNE (RUE DE LA),0,,2,2,0,1,10,82,1,, -1,2,5,1,30,25,1,1,31,31565,2,6,1,2,Avenue de Luchon,43.09569,0.70209,9,2,2
202100035869,137Â 570,B01,1,1,2,5,2,-1,-1,-1, -1,-1,2021,29.0,1,1,0,2,0,26,5,,4,GAMBETTA                            (CO),0,,2,3,1,1,(1),(1),1,, -1,1,0,5,50,6,6,1,69,69387,2,1,0,3,GAMBETTA (CR),45.75465,4.84474,10,2,2