Num_Acc,id_vehicule,num_veh,place,catu,sexe,trajet,secu1,secu2,secu3,locp,actp,etatp,year_acc,victim_age,senc,catv,obs,obsm,choc,manv,motor,occutc,catr,voie,v1,v2,circ,nbv,vosp,prof,pr,pr1,plan,lartpc,larrout,surf,infra,situ,vma,jour,mois,lum,dep,com,agg_,int,atm,col,adr,lat,long,hour,nb_victim,nb_vehicules
202100004141,194Â 344,A01,1,1,1,4,1,-1,-1,0,0,-1,2021,62.0,1,4,0,0,0,1,1,,3,191,-1,,2,2,0,1,3,0,2,, -1,1,0,3,80,9,12,3,52,52331,1,1,0,7,RD 191 PK 3 + 000,48.5121693339,4.7719698853,7,1,1
202100039352,131Â 258,B01,1,1,1,5,2,6,-1,0,0,-1,2021,18.0,2,1,0,2,8,15,1,,3,840,-1,,2,2,0,1,49,550,1,, -1,2,0,1,80,15,5,1,12,12030,1,4,1,3,Bouillac,44.572593,2.154254,11,2,2
202100052493,107Â 894,B01,1,1,1,0,1,-1,-1,0,0,-1,2021,34.0,1,2,0,2,2,1,0,,3,926,0,D,2,2,0,2,26,149,3,, -1,2,0,1,50,5,2,5,61,61389,2,2,1,1,D926,48.714291,0.433724,19,2,2
202100049024,114Â 131,A01,1,1,2,3,1,-1,-1,0,0,-1,2021,56.0,2,2,13,0,1,14,1,,3,,0,,2,2,0,1,1,954,2,, -1,1,0,8,80,6,3,1,26,26084,1,1,0,6,Route des PÃªches,45.001504,4.909049,17,1,1
202100009294,185Â 088,B01,1,1,2,5,2,0,-1,0,0,-1,2021,43.0,1,1,0,2,1,1,5,,4,RUE DE RIVOLI,0,,2,4,1,1,(1),(1),1,, -1,1,-1,5,30,3,11,5,75,75104,2,3,0,1,RUE DE RIVOLI,48.858229,2.349102,19,2,2
202100045756,119Â 963,A01,1,1,1,5,2,6,-1,-1, -1,-1,2021,62.0,1,1,12,0,1,14,5,,3,CORMONTREUIL (CHAUSSEE DE),0,,2,2,0,1,1,340,3,, -1,1,0,1,50,31,3,1,51,51454,2,1,1,6,Route de Cormontreuil,49.2302798631,4.0506988764,17,1,1
202100018282,168Â 945,A01,2,2,1,0,1,-1,-1,0,0,-1,2021,37.0,2,2,16,0,0,21,1,,3,329,-1,,2,2,0,1,15,(1),1,, -1,1,0,8,80,19,9,3,80,80395,1,1,0,7,D329,49.706727,2.661513,0,2,1
202100026296,154Â 689,B01,1,1,1,1,8,0,-1,-1, -1,-1,2021,63.0,1,1,0,2,8,26,5,,4,GRAND MONTREJEAU,0,,2,2,0,1,1,0,1,, -1,1,0,1,50,29,7,1,49,49007,2,1,0,1,GRAND MONTREJEAU,47.46828,-0.52201,11,2,2
202100029566,148Â 941,B01,1,1,1,0,8,0,-1,-1, -1,-1,2021,26.0,2,0,0,2,8,15,0,,3,ZEPHIR (ROCADE),0,,2,2,2,1,2,900,1,, -1,1,0,1,50,10,7,1,973,97302,2,3,0,3,ZEPHIR (ROCADE),4.93805,-52.30634,7,2,2
202100021147,163Â 862,A01,1,1,1,5,2,4,6,0,0,-1,2021,52.0,1,1,0,2,1,1,1,,3,73,0,D,2,2,0,2,11,850,3,, -1,1,0,1,80,3,9,1,70,70210,1,1,0,1,D.73,47.790432,6.56189,9,2,2
202100009235,185Â 203,B01,1,1,1,9,2,6,-1,-1, -1,-1,2021,27.0,2,1,0,2,7,17,1,,4,GUYNEMER (AVENUE),0,,2,2,0,1,0,0,1,, -1,1,0,1,50,5,11,1,64,64024,2,1,0,3,GUYNEMER (AVENUE),43.49778,-1.53851,17,2,2
202100036196,136Â 989,A01,5,2,1,5,1,-1,-1,-1, -1,-1,2021,18.0,2,2,4,0,1,26,1,,7,RD383   3.750 A 7.640,0,,3,6,0,1,4,699,1,, -1,1,0,2,70,6,6,1,69,69266,1,1,0,6,D383   3.750 A 7.640,45.7753911428,4.8984158336,17,3,1
202100030267,147Â 663,A01,1,1,1,1,1,-1,-1,0,0,-1,2021,26.0,2,2,0,2,1,13,1,,3,944,-1,,2,2,0,1,32,400,3,, -1,1,0,1,90,8,7,3,51,51044,1,1,0,1,D944,49.1739742513,4.1689381172,1,2,2
202100034811,139Â 486,A01,1,1,2,0,1,5,-1,-1, -1,-1,2021,70.0,0,2,0,2,3,15,2,,4,,0,,1,1,0,1,0,0,1,, -1,1,5,1,50,11,6,1,92,92048,2,3,0,3,COLONEL MORAINE (ROUTE DU),48.7965,2.21767,18,2,2
202100015897,173Â 255,A01,10,3,1,2,0,0,0,5,1,1,2021,14.0,1,2,12,1,5,17,1,,7,CURIE (CHAUSSEE PIERRE),0,,3,2,1,1,(1),(1),1,, -1,1,0,1,50,30,9,1,59,59599,2,1,0,6,CURIE (CHAUSSEE PIERRE),50.7338505302,3.1805810771,11,2,1
202100011022,182Â 023,A01,1,1,1,4,2,6,-1,-1, -1,-1,2021,31.0,2,1,0,2,1,3,1,,1,A57,0,,3,4,0,1,1,649,1,, -1,1,8,1,70,24,10,1,83,83137,1,1,0,2,A57,43.123469,5.959749,16,2,2
202100015982,173Â 100,A01,2,2,1,5,8,-1,-1,0,0,-1,2021,30.0,1,2,2,0,3,1,1,,3,342,-1,,3,4,0,1,(1),(1),1,, -1,1,0,8,70,1,10,5,69,69027,2,6,0,6,D342,45.677446,4.770051,1,2,1
202100018170,169Â 131,A01,10,3,2,5,0,-1,-1,3,3,1,2021,81.0,2,1,1,1,1,1,5,,4,COURS DE VINCENNES,0,,1,1,0,1,(1),(1),1,, -1,1,0,1,30,18,9,1,75,75120,2,1,0,6,COURS DE VINCENNES,48.848252,2.4008,16,2,1
202100039353,131Â 256,B01,1,1,1,3,1,-1,-1,0,0,-1,2021,52.0,3,2,0,2,1,1,1,,4,,0,,2,2,0,1,(1),(1),1,, -1,2,0,1,40,18,5,1,25,25367,1,1,1,1,BelvÃ©dÃ¨re (Point de vue),47.430814,6.79592,18,2,2
202100032297,144Â 028,B01,1,1,1,1,2,8,-1,-1, -1,-1,2021,24.0,0,1,0,2,1,26,0,,4,MAZARGUES (AVENUE DE),0,,2,2,0,1,0,0,1,, -1,1,0,1,50,25,6,1,13,13208,2,1,0,3,MAZARGUES (AVENUE DE),43.26247,5.39308,12,2,2
202100048324,115Â 376,A01,1,1,1,1,1,-1,-1,0,0,-1,2021,29.0,2,2,0,2,1,1,1,,2,30,-1,,2,2,0,1,4,150,3,, -1,1,0,1,70,12,3,3,202,202050,1,1,0,3,route territoriale 30,42.549358,8.786804,20,3,2
202100037124,135Â 345,A01,1,1,1,0,2,6,-1,0,0,-1,2021,55.0,2,1,0,0,9,1,1,,3,218,-1,D,2,2,0,2,4,870,2,, -1,1,0,1,50,1,6,1,73,73006,2,1,0,7,D218 Rte de Megeve,45.557577,6.62445,17,1,1
202100000425,200Â 950,A01,1,1,1,5,8,-1,-1,-1, -1,-1,2021,16.0,1,1,12,0,0,0,1,,4,MAURICE THOREZ                      (AV),0,,3,2,2,1,(1),(1),1,, -1,1,0,1,50,25,8,2,69,69259,2,1,0,7,MAURICE THOREZ (AV),45.6998134935,4.862398997,20,1,1
202100009197,185Â 269,B01,2,2,2,0,1,8,-1,-1, -1,-1,2021,20.0,1,2,0,1,1,0,1,,4,08 MARS(RUE DU),0,,2,2,0,1,0,0,1,, -1,1,0,1,50,4,11,1,974,97407,2,1,0,2,08 MARS(RUE DU),-20.94001,55.30002,14,4,2
202100040501,129Â 211,A01,1,1,1,5,2,0,-1,0,0,-1,2021,81.0,1,1,0,2,0,15,5,,4,RUE DE CHARENTON,0,,2,3,0,1,(1),(1),1,, -1,1,0,1,30,10,5,1,75,75112,2,2,1,3,RUE DE CHARENTON,48.837292,2.391227,14,2,2
202100029757,148Â 599,B01,1,1,1,0,2,6,-1,-1, -1,-1,2021,48.0,2,1,0,2,8,0,1,,3,LOUIS LUMIERE,0,,2,3,0,2,5,162,1,, -1,1,0,1,50,8,7,1,76,76351,1,3,0,3,Rue Louis LumiÃ¨re,49.52706,0.13002,17,2,2
202100023884,158Â 939,B01,2,2,2,3,1,0,-1,-1, -1,-1,2021,45.0,1,2,0,0,4,2,1,,4,MARNE (BOULEVARD DE LA) D 93,0,,3,2,0,1,0,0,1,, -1,1,0,1,50,12,8,1,49,49328,2,1,0,2,MARNE (BOULEVARD DE LA) D 93,47.24981,-0.07913,15,3,2
202100025926,155Â 341,A01,1,1,2,0,2,-1,-1,0,0,-1,2021,32.0,2,1,3,0,1,0,1,,1,709,0,A,-1,1,0,2,10,0,3,, -1,1,3,3,50,2,8,1,34,34172,1,9,0,6,A709,43.606387,3.93332,21,1,1
202100002108,198Â 033,A01,1,1,1,5,2,6,-1,0,0,-1,2021,14.0,3,1,0,0,1,1,1,,4,,-1,,2,2,0,2,(1),(1),2,,4,1,0,1,80,21,12,3,29,29042,1,1,0,7,Lieu Dit Kerbaliou,48.232992,-4.39923,18,1,1
202100044875,121Â 505,A01,10,3,1,4,8,8,8,0,9,1,2021,42.0,0,2,0,1,2,0,1,,4,,0,,2,2,0,2,(1),(1),2,, -1,1,0,1,50,30,3,1,34,34212,1,1,0,6,Chemin du Christ,43.764922,3.327991,11,2,1
202100012925,178Â 632,A01,1,1,1,1,2,6,9,0,0,-1,2021,25.0,1,1,15,0,2,1,1,,3,981,0,,2,2,0,3,15,10,2,, -1,1,0,1,50,15,10,5,71,71221,2,1,0,7,Avenue de MortiÃ¨res,46.7744076796,4.7379883311,20,1,1
202100000186,201Â 409,A01,1,1,1,9,1,5,-1,-1, -1,-1,2021,18.0,1,2,0,2,1,1,1,,3,LOGE (RUE DE LA),0,,2,2,0,1,1,0,1,, -1,1,0,1,70,8,12,5,22,22215,1,1,0,2,LOGE (RUE DE LA),48.47044,-2.80325,18,3,2
202100014568,175Â 667,A01,2,2,2,0,8,0,-1,-1, -1,-1,2021,37.0,1,1,0,0,0,0,1,,4,NOGUES (AVE DU GENERAL),0,,1,1,0,2,0,0,1,, -1,1,0,1,50,7,10,1,83,83137,2,1,0,6,NOGUES (AVE DU GENERAL),43.127794,5.920789,7,2,1
202100011610,180Â 973,B01,1,1,1,9,1,0,-1,-1, -1,-1,2021,37.0,3,2,0,0,3,0,0,,7,SEYSSES (RTE DE) DU 1AU 65,0,,1,2,0,1,34,434,2,, -1,1,9,1,50,22,10,5,31,31555,2,6,0,1,SEYSSES (RTE DE) DU 1AU 65,43.54829,1.3907,20,2,2
202100036940,135Â 667,A01,1,1,1,0,2,0,-1,-1, -1,-1,2021,46.0,2,1,0,2,1,3,1,,1,AUTOROUTE A86,0,,3,10,0,4,14,500,1,, -1,1,2,1,90,1,6,1,93,93001,1,1,0,5,AUTOROUTE A86,48.92199,2.36541,19,4,4
202100020006,165Â 875,A01,1,1,1,1,2,6,-1,-1, -1,-1,2021,20.0,2,1,0,0,8,3,1,,1,A51-Sens Aix en Provence vers Marseille,0,,1,3,0,1,1,970,1,, -1,1,0,1,90,8,9,1,13,13071,1,1,0,7,A51-Sens Aix en Provence vers Marseille,43.41318,5.36393,16,1,1
202100029488,149Â 083,A01,2,2,2,5,2,-1,-1,0,0,-1,2021,50.0,3,1,16,0,0,1,1,,3,76,-1,,2,2,0,1,22,900,1,, -1,1,0,3,80,11,7,1,22,22181,1,1,0,7,Lieu Dit Kerauter,48.221156612,-3.1977667676,15,2,1
202100041528,127Â 381,A01,1,1,1,5,1,8,-1,-1, -1,-1,2021,71.0,2,2,0,2,2,1,1,,4,DE GAULLE ( AVE DU GENERAL ),0,,2,2,0,1,(1),(1),1,, -1,1,0,1,50,30,4,1,56,56121,2,3,0,3,DE GAULLE ( AVE DU GENERAL ),47.7405,-3.37552,10,2,2
202100039652,130Â 715,A01,2,2,2,5,1,-1,-1,0,0,-1,2021,27.0,1,2,6,0,1,1,1,,3,28,0,D,2,2,0,1,14,0,1,, -1,2,0,4,50,17,5,1,67,67340,2,1,1,6,06 rue de niederbronn,48.9398229127,7.6070841572,7,2,1
202100052427,108Â 001,A01,1,1,1,5,2,6,-1,-1, -1,-1,2021,46.0,2,1,0,0,7,16,1,,3,RD 619,0,,2,1,0,1,33,0,3,, -1,2,0,1,70,4,2,1,52,52125,1,1,1,7,RD 619,48.07985,5.15368,9,1,1
202100040252,129Â 654,A01,1,1,1,5,1,-1,-1,0,0,-1,2021,18.0,1,2,10,0,8,1,1,,3,48,-1,,2,2,0,3,10,750,3,, -1,1,0,3,80,13,5,3,11,11156,1,1,0,6,D48,43.321119,2.251725,4,1,1
202100027841,151Â 950,A01,10,3,1,5,0,-1,-1,6,1,3,2021,34.0,1,0,0,1,1,1,0,,3,32,-1,,2,2,0,1,3,100,1,, -1,1,0,3,80,21,7,3,11,11262,1,1,0,6,D32,43.170851,3.034952,22,2,1
202100019000,167Â 672,A01,10,3,2,9,0,-1,-1,3,3,1,2021,43.0,2,2,0,1,1,1,2,,4,RUE OLIVIER MESSIAEN,0,,2,2,0,1,(1),(1),1,, -1,2,0,1,30,14,9,1,75,75113,2,2,0,6,RUE OLIVIER MESSIAEN,48.830112,2.37874,11,2,1
202100055816,102Â 101,A01,1,1,1,0,1,0,-1,-1, -1,-1,2021,23.0,1,5,0,2,1,5,1,,7,JEAN PAUL SARTRE (AVENUE),0,,3,2,0,1,5,300,1,, -1,1,0,1,50,7,1,5,13,13213,2,1,0,1,JEAN PAUL SARTRE (AVENUE),43.3269314409,5.4258045409,2,2,2
202100009223,185Â 228,A01,10,3,2,3,8,8,-1,2,3,1,2021,90.0,1,4,0,1,3,15,1,,4,FOSSE (RUE RICHARD),0,,1,1,0,1,(1),(1),1,, -1,1,0,1,50,27,10,1,81,81065,2,1,0,6,FOSSE (RUE RICHARD),43.600446,2.257076,11,2,1
202100038022,133Â 697,B01,2,2,1,5,2,6,-1,-1, -1,-1,2021,12.0,1,1,0,2,5,16,1,,9,PERI (PLACE GABRIEL),0,,1,1,0,1,1,0,2,, -1,1,0,1,50,27,5,1,18,18279,2,6,0,3,PERI (PLACE GABRIEL),47.22486,2.06251,18,3,2
202100023413,159Â 769,A01,10,3,2,5,0,-1,-1,1,3,1,2021,8.0,1,2,0,1,5,1,1,,4,GARE (RUE DE LA),0,,1,1,0,1,0,1,1,, -1,1,0,1,50,18,8,1,74,74012,2,1,0,6,GARE (RUE DE LA),46.19081,6.23402,14,2,1
202100016908,171Â 398,B01,1,1,1,1,2,0,-1,-1, -1,-1,2021,27.0,1,1,0,2,6,26,1,,3,GALLIENI AVENUE,0,,1,2,0,1,1,200,2,, -1,1,0,1,30,23,9,1,49,49246,2,6,0,2,GALLIENI AVENUE,47.4371,-0.5147,17,2,2
202100002288,197Â 696,A01,10,3,2,0,0,-1,-1,1,3,1,2021,77.0,1,2,0,1,4,20,3,,3,406,0,,2,4,0,1,0,0,1,, -1,1,0,1,50,18,12,1,92,92048,2,1,0,6,REPUBLIQUE (RUE DE LA) NÂ° 1 A 45,48.8075235098,2.2360342741,14,2,1
202100044602,121Â 993,A01,1,1,1,4,2,0,-1,-1, -1,-1,2021,19.0,1,1,0,2,1,2,1,,3,LECLERC.(RUE DU GENERAL),0,,2,2,0,1,0,0,1,, -1,1,0,1,50,9,4,1,94,94028,2,1,0,2,LECLERC.(RUE DU GENERAL),48.78712,2.46846,14,2,2
202100032285,144Â 051,A01,1,1,1,0,8,-1,-1,-1, -1,-1,2021,14.0,3,1,0,2,1,1,1,,4,RTE DE TOULOUSE,0,,2,2,0,1,(1),(1),1,, -1,1,0,1,50,25,6,1,33,33550,2,1,0,2,Route de Toulouse,44.78349,-0.56615,18,2,2
202100000955,200Â 042,C01,1,1,1,4,2,6,-1,-1, -1,-1,2021,19.0,1,1,0,2,4,1,1,,1,A104,0,,3,8,0,2,23,600,1,, -1,1,0,1,90,30,12,3,77,77438,1,1,0,4,A104,48.8740514647,2.6695436473,21,7,3
202100000047,201Â 672,A01,1,1,1,5,2,8,-1,-1, -1,-1,2021,16.0,1,1,0,2,1,1,1,,4,SAINT HONORE,0,,2,0,0,1,0,0,1,, -1,1,0,1,50,13,12,1,38,38053,2,2,0,3,SAINT HONORE,45.6069537102,5.2659815855,13,3,2
202100051094,110Â 347,B01,1,1,1,0,8,0,-1,-1, -1,-1,2021,26.0,1,1,0,2,7,0,3,,3,"""LANDY RD 20, NR IMPAIRS 1 A 144""",0,,2,3,0,1,0,1,1,, -1,1,0,8,50,17,2,1,93,93066,2,1,0,1,"""LANDY RD 20, NR IMPAIRS 1 A 144""",48.91536,2.35253,10,2,2
202100044723,121Â 773,B01,1,1,1,9,8,8,-1,-1, -1,-1,2021,29.0,1,1,1,0,1,1,3,,4,LAMARTINE (AV),0,,1,1,0,1,1,0,1,, -1,1,0,4,30,8,4,1,94,94058,2,1,0,6,LAMARTINE (AV),48.850152,2.496606,14,1,1
202100041209,127Â 946,A01,1,1,2,9,1,-1,-1,0,0,-1,2021,29.0,2,2,0,2,3,13,1,,3,11,-1,,2,2,0,1,14,50,1,,7,1,0,1,90,4,5,1,88,88101,1,1,0,1,D11,48.146281,6.609061,10,2,2
202100023603,159Â 446,B01,1,1,1,5,2,6,-1,-1, -1,-1,2021,52.0,1,1,0,2,1,1,1,,7,ROUMANILLE (AVENUE JOSEPH),0,,2,2,0,1,0,0,1,, -1,1,0,1,50,18,8,5,13,13028,2,3,0,3,ROUMANILLE (AVENUE JOSEPH),43.20076,5.62314,21,2,2
202100033469,141Â 945,A01,1,1,1,5,0,-1,-1,0,0,-1,2021,69.0,0,1,0,2,3,15,5,,3,116,0,D,2,2,0,1,8,800,1,,4,2,5,1,80,20,6,1,29,29150,1,3,1,3,Lann Kerguip,47.804688,-3.677212,9,2,2
202100056058,101Â 683,A01,10,3,2,1,0,-1,-1,2,3,1,2021,61.0,3,2,0,1,1,1,1,,4,HENRI BARBUSSE (RUE),0,,2,2,0,2,(1),(1),1,, -1,1,9,1,50,5,1,3,10,10321,2,4,0,6,HENRI BARBUSSE (RUE),48.2913,4.0348,7,2,1
202100043910,123Â 180,A01,1,1,1,9,2,6,-1,0,0,-1,2021,39.0,1,1,0,2,3,7,1,,4,BOULEVARD ARAGO,0,,2,4,3,1,(1),(1),1,, -1,1,-1,6,50,15,4,1,75,75113,2,2,0,3,BOULEVARD ARAGO,48.834958,2.344992,15,3,2
202100015480,174Â 032,A01,1,1,1,4,2,-1,-1,-1, -1,-1,2021,24.0,2,1,0,2,1,1,1,,4,QUIVOGNE                            (R ),0,,1,1,2,1,(1),(1),1,, -1,1,0,1,50,1,10,2,69,69382,2,2,0,3,QUIVOGNE (R),45.74505,4.82508,19,3,2
202100017138,171Â 004,A01,1,1,1,1,2,6,-1,-1, -1,-1,2021,50.0,3,1,0,2,1,1,1,,3,GALLIENI (QUAI),0,,1,2,0,1,1,0,1,, -1,1,0,1,50,23,9,1,92,92073,2,1,0,2,GALLIENI (QUAI),48.870469,2.23192,17,2,2
202100045812,119Â 868,B01,10,3,1,0,0,-1,-1,5,0,1,2021,79.0,3,1,0,1,3,1,1,,4,GENERAL DE GAULLE (PLACE DU),0,,4,4,0,1,0,0,2,, -1,1,5,1,50,31,3,1,93,93062,2,6,0,3,GENERAL DE GAULLE (PLACE DU),48.8902576532,2.5123286247,10,3,2
202100019231,167Â 256,A01,10,3,2,0,8,8,-1,5,2,1,2021,57.0,2,3,0,1,0,26,1,1.0,4,,0,,2,3,0,1,0,0,1,, -1,1,0,4,50,13,9,1,92,92050,2,1,0,6,PAUL MARCEL PLACE,48.8969222809,2.2190894186,15,2,1
202100038934,132Â 034,B01,1,1,1,5,1,-1,-1,0,0,-1,2021,43.0,1,2,0,2,7,1,1,,3,HARCOURT (ROUTE D'),0,,2,2,0,1,1,0,1,, -1,1,0,1,50,21,5,1,14,14271,2,1,0,1,D562A,49.16443,-0.36586,16,2,2
202100014837,175Â 186,B01,1,1,1,1,2,6,-1,-1, -1,-1,2021,59.0,3,1,0,2,1,1,1,,4,ALLEE DE LA REINE MARGUERITE,0,,2,1,0,2,(1),(1),1,, -1,1,0,1,30,6,10,2,75,75116,2,1,0,3,ALLEE DE LA REINE MARGUERITE,48.857504,2.244176,18,2,2
202100022659,161Â 117,B01,1,1,1,5,2,0,-1,0,0,-1,2021,50.0,1,1,0,2,1,1,5,,4,AVENUE DE L HIPPODROME,0,,1,1,1,1,(1),(1),1,, -1,1,0,5,50,24,8,1,75,75116,2,1,0,1,AVENUE DE L HIPPODROME,48.863347,2.237465,15,2,2
202100035978,137Â 375,A01,1,1,1,3,0,-1,-1,0,0,-1,2021,16.0,1,1,0,2,8,9,5,,4,,-1,,1,1,0,1,(1),(1),1,,4,1,0,1,50,31,5,4,974,97414,2,2,0,3,Rue Saint-Louis,-21.28785,55.41284,18,2,2
202100001901,198Â 398,A01,2,2,1,5,1,0,-1,0,0,-1,2021,20.0,2,2,4,2,9,16,1,,4,BOULEVARD PERIPHERIQUE,0,,1,4,0,1,5,0,1,, -1,1,0,1,70,21,12,5,75,75114,2,4,0,3,BOULEVARD PERIPHERIQUE,48.819265,2.328939,0,5,2
202100047440,116Â 969,A01,1,1,1,5,8,-1,-1,0,0,-1,2021,35.0,1,2,0,2,1,5,1,,1,10,0,,3,6,0,1,80,500,1,, -1,1,0,1,130,19,3,1,45,45008,1,1,0,1,A10 PK 080+500,48.064314,1.846218,18,2,2
202100003860,194Â 856,A01,1,1,1,5,8,0,-1,-1, -1,-1,2021,17.0,1,1,0,2,1,1,3,,3,1,0,,-1,2,0,1,0,0,1,, -1,1,0,1,50,9,12,5,92,92024,2,2,0,3,CLICHY (QUAI DE) DE (104 A 202),48.9084448856,2.3002161831,20,2,2
202100032517,143Â 641,A01,1,1,2,1,2,0,-1,0,0,-1,2021,27.0,1,1,0,2,2,17,5,,4,BOULEVARD KELLERMANN,0,,3,2,1,2,(1),(1),3,, -1,2,0,5,30,23,6,1,75,75113,2,2,1,3,BOULEVARD KELLERMANN,48.819147,2.359491,8,2,2
202100029045,149Â 820,A01,4,2,1,4,9,-1,-1,0,0,-1,2021,51.0,0,4,0,0,6,23,1,,4,,0,,2,2,0,2,(1),(1),1,,5,1,0,1,30,13,7,1,976,97612,2,1,0,2,quartier tchad - hamjago,-12.692195,45.07522,8,5,2
202100001831,198Â 524,A01,10,3,1,0,0,-1,-1,6,3,2,2021,15.0,3,0,0,1,0,26,1,,4,cavani-Briquetterie ( rue de la ),0,,2,2,0,1,0,0,1,, -1,1,0,1,30,14,12,5,976,97611,2,1,0,6,cavani-Briquetterie ( rue de la ),-12.782202,45.222914,20,3,1
202100054450,104Â 433,A01,1,1,1,0,2,0,-1,-1, -1,-1,2021,25.0,1,1,0,2,9,1,1,,1,VA007331 A620,0,,3,3,3,1,1,899,1,, -1,1,0,1,90,17,1,1,31,31555,1,1,0,6,VA007331 A620,43.63897,1.42177,17,3,3
202100001285,199Â 465,A01,1,1,1,0,1,8,-1,-1, -1,-1,2021,43.0,1,2,13,0,7,1,1,,3,RD 25,0,,2,2,0,1,4,184,2,, -1,2,0,3,50,25,12,1,48,48095,1,1,0,7,RD 25,44.50383,3.51239,16,1,1
202100039321,131Â 316,B01,1,1,2,1,2,0,-1,0,0,-1,2021,28.0,1,1,0,2,8,18,1,,4,PLACE SAINT AUGUSTIN,0,,4,2,0,1,(1),(1),1,, -1,1,0,1,50,19,5,1,75,75108,2,5,0,3,PLACE SAINT AUGUSTIN,48.874842,2.319818,19,2,2
202100036165,137Â 048,A01,2,2,2,5,1,-1,-1,0,0,-1,2021,56.0,1,2,9,9,7,26,1,,2,7,-1,,3,4,0,2,97,0,4,, -1,1,0,8,110,6,6,1,58,58264,1,9,0,6,Aire de repos de Beaumont (Parking),46.762186,3.136194,12,2,1
202100048477,115Â 113,B01,1,1,2,1,1,-1,-1,0,0,-1,2021,48.0,2,2,0,2,1,1,1,,3,538,-1,,3,2,0,4,63,700,4,, -1,1,0,1,80,11,3,1,26,26365,1,1,0,5,Route de Chabeuil,44.782932,5.024014,8,4,3
202100042423,125Â 791,B01,2,2,2,5,1,0,-1,-1, -1,-1,2021,32.0,1,2,0,2,6,2,1,,4,LAROQUE (PROMENADE ROGER),0,,2,2,0,1,0,0,2,, -1,2,0,1,50,26,4,5,988,98818,2,1,1,2,LAROQUE (PROMENADE ROGER),-22.30321,166.4347,17,3,2
202100026596,154Â 163,A01,2,2,2,0,1,8,-1,-1, -1,-1,2021,19.0,1,2,0,2,1,0,1,,1,6,0,,2,6,0,1,21,600,1,, -1,1,0,1,110,29,7,3,91,91286,1,1,0,2,AUTOROUTE A6,48.65373,2.3807,4,3,2
202100028818,150Â 208,A01,2,2,1,5,2,0,-1,-1, -1,-1,2021,15.0,3,1,1,0,1,16,1,,4,DESMETTRE (RUE GUSTAVE),0,,2,0,0,1,(1),(1),2,, -1,1,0,1,50,15,7,5,59,59279,2,1,0,6,DESMETTRE (RUE GUSTAVE),50.7824,3.1283,3,2,1
202100001419,199Â 241,C01,1,1,1,5,2,-1,-1,0,0,-1,2021,16.0,1,1,0,0,4,0,1,,2,RN3,0,R,2,2,0,1,0,300,1,, -1,1,0,1,70,27,12,1,976,97607,1,1,0,5,Tsararano,-12.837159,45.179107,14,4,3
202100014861,175Â 149,A01,1,1,1,4,2,6,-1,-1, -1,-1,2021,22.0,1,1,0,2,3,1,3,,3,ESTIENNE (AL. ROBERT),0,,2,2,0,1,1,0,1,, -1,1,0,1,50,6,10,4,93,93057,2,2,0,1,ESTIENNE (AL. ROBERT),48.90646,2.5119,22,2,2
202100006174,190Â 775,B01,1,1,2,5,1,-1,-1,0,0,-1,2021,50.0,1,2,0,2,4,1,1,,3,204,0,,2,2,0,2,0,325,1,, -1,1,0,1,80,27,11,1,42,42147,1,1,0,2,D204,45.586601,4.07831,15,3,2
202100035171,138Â 842,A01,1,1,1,5,2,-1,-1,0,0,-1,2021,22.0,3,1,0,2,1,5,1,,4,,-1,,2,1,0,2,(1),(1),2,,3,1,0,1,80,12,6,1,38,38087,1,1,0,1,Route de Seyssuel,45.579543,4.842659,14,2,2
202100035251,138Â 688,B01,2,2,2,5,2,0,-1,-1, -1,-1,2021,14.0,3,1,0,2,1,1,1,,4,NORMANDIE,0,,2,2,0,1,(1),(1),1,, -1,2,0,1,50,6,5,2,62,62065,2,3,0,3,HELLE CHARLES,50.401042,2.836931,19,3,2
202100000126,201Â 530,B01,1,1,1,1,2,-1,-1,0,0,-1,2021,31.0,2,1,0,2,1,17,1,,3,342,0,,2,2,0,2,33,434,1,, -1,1,0,1,70,12,10,2,69,69179,1,1,0,3,D Route Departementale 342,45.5859627657,4.6621768176,7,2,2
202100048325,115Â 374,A01,2,2,2,5,2,6,-1,0,0,-1,2021,39.0,1,1,0,0,8,1,1,,3,54,-1,,2,2,0,1,(1),(1),1,, -1,1,0,1,30,13,3,1,11,11235,2,1,0,7,D54,43.005769,2.370343,16,2,1
202100004256,194Â 146,B01,1,1,2,4,1,0,-1,-1, -1,-1,2021,19.0,2,2,0,2,4,21,1,,7,RD 2271 (ROUTE DEPARTEMENTALE),0,,2,2,0,1,1,900,1,, -1,2,0,1,90,6,12,1,45,45232,1,1,1,2,D2271-PR 1+900,47.84245,1.89772,9,5,2
202100021655,162Â 922,A01,1,1,2,5,2,0,-1,0,0,-1,2021,16.0,2,1,0,1,7,25,3,,4,BOULEVARD SOULT,0,,3,3,0,1,(1),(1),1,, -1,1,6,4,10,31,8,1,75,75112,2,1,0,6,BOULEVARD SOULT,48.841499,2.409296,19,2,1
202100055632,102Â 411,A01,1,1,1,5,8,-1,-1,0,0,-1,2021,46.0,1,2,13,2,5,17,1,,1,81,0,A,3,4,0,2,216,700,1,, -1,1,0,1,130,10,1,1,53,53228,1,1,0,3,A81 PK 16+700,48.038324,-0.376239,11,3,2
202100036927,135Â 697,A01,1,1,1,0,2,6,-1,0,0,-1,2021,21.0,2,1,16,0,1,1,1,,3,100,0,D,2,2,0,1,7,200,2,, -1,1,0,3,80,2,6,2,44,44025,1,1,0,7,Bessac,47.442809,-1.948464,21,1,1