Num_Acc,id_vehicule,num_veh,place,catu,sexe,trajet,secu1,secu2,secu3,locp,actp,etatp,year_acc,victim_age,senc,catv,obs,obsm,choc,manv,motor,occutc,catr,voie,v1,v2,circ,nbv,vosp,prof,pr,pr1,plan,lartpc,larrout,surf,infra,situ,vma,jour,mois,lum,dep,com,agg_,int,atm,col,adr,lat,long,hour,nb_victim,nb_vehicules
202100043716,123Â 550,A01,1,1,1,5,0,-1,-1,0,0,-1,2021,13.0,1,1,0,2,6,9,5,,3,81,-1,,2,2,0,1,4,331,1,, -1,1,0,1,70,18,4,1,76,76522,1,1,0,1,54 Rue des ChataÃ®gniers,49.52795,0.40859,17,2,2
202100034381,140Â 284,B01,1,1,1,5,0,-1,-1,0,0,-1,2021,63.0,1,1,0,2,8,2,6,,3,D 752,-1,,2,2,2,1,2,0,1,, -1,1,2,1,70,15,6,1,44,44213,1,9,0,3,pont de varades D 752 PR 002.000,47.36991,-1.015876,16,2,2
202100050017,112Â 338,B01,3,2,1,0,1,0,-1,-1, -1,-1,2021,14.0,3,2,0,2,4,2,0,,4,ALLIES (RUE DES),0,,-1,2,0,1,0,0,1,, -1,1,0,1,70,26,2,1,57,57463,2,1,0,2,ALLIES (RUE DES),49.129818,6.1667911,15,3,2
202100016075,172Â 914,B01,1,1,2,1,1,-1,-1,-1, -1,-1,2021,35.0,3,2,0,2,8,9,1,,4,DU BAC A TRAILLE                    (CH),0,,2,2,0,1,(1),(1),1,, -1,1,0,1,50,29,9,1,69,69034,2,1,0,3,BAC A TRAILLE (DU) (CHM),45.79097,4.86786,16,2,2
202100023232,160Â 088,A01,1,1,1,5,1,0,-1,-1, -1,-1,2021,53.0,1,5,0,0,7,2,1,,1,A501-Sens Aubagne vers Pont de l'Etoile,0,,1,2,0,1,0,500,2,, -1,1,0,3,90,20,8,1,13,13005,1,1,0,7,A501-Sens Aubagne vers Pont de l'Etoile,43.29091,5.55494,7,1,1
202100039959,130Â 163,A01,1,1,1,5,2,0,-1,0,0,-1,2021,80.0,1,1,4,0,1,1,5,,3,D994,0,,2,2,0,2,65,400,2,, -1,1,0,1,50,13,5,1,5,5061,1,1,0,7,D994,44.54816,6.03822,12,1,1
202100029634,148Â 816,B01,4,2,1,9,1,0,-1,-1, -1,-1,2021,9.0,1,2,0,2,3,1,1,,3,ALFORTVILLE (DIG D),0,,2,2,0,1,1,0,1,, -1,1,0,1,50,9,7,1,94,94002,2,1,0,3,Digue dâAlfortville,48.78183,2.42197,12,4,2
202100002087,198Â 069,A01,1,1,1,5,2,-1,-1,0,0,-1,2021,18.0,1,1,8,0,3,1,1,,3,1,-1,,2,2,0,4,32,0,4,,"5,5",1,0,3,-1,21,12,1,85,85004,1,1,0,7,La Petite Lamberde,46.401113,-1.377883,15,1,1
202100025338,156Â 363,A01,10,3,1,9,0,-1,-1,4,3,1,2021,59.0,2,1,0,1,1,21,5,,4,RUE DE RIVOLI,0,,2,3,1,1,(1),(1),1,, -1,1,0,1,50,6,8,1,75,75101,2,2,0,6,RUE DE RIVOLI,48.860918,2.340805,19,2,1
202100008287,186Â 904,A01,1,1,1,0,1,-1,-1,0,0,-1,2021,79.0,1,2,1,0,1,1,1,,1,75,0,A,3,4,0,1,329,777,1,, -1,1,0,2,130,14,11,3,34,34032,1,1,0,2,A75 pk 329+600,43.368454,3.280499,1,2,2
202100020206,165Â 514,B01,1,1,1,0,1,4,-1,-1, -1,-1,2021,34.0,2,2,0,2,4,2,1,,1,A4,0,,1,5,0,1,2,200,1,, -1,1,0,1,90,5,9,3,94,94018,1,1,0,4,A4,48.8176262494,2.4173841935,1,4,4
202100040931,128Â 458,A01,1,1,1,3,2,0,-1,-1, -1,-1,2021,40.0,2,1,0,2,1,26,1,,9,BARBUSSE RUE HENRI),0,,2,2,0,1,1,0,1,, -1,1,0,1,50,7,5,1,18,18279,2,3,0,3,BARBUSSE RUE HENRI),47.23449,2.06109,11,2,2
202100041122,128Â 105,A01,10,3,2,0,0,-1,-1,2,3,1,2021,62.0,1,1,0,1,1,21,0,,4,LOUBON (RUE),0,,2,0,0,1,1,0,1,, -1,1,0,1,50,6,5,1,13,13203,2,3,0,1,LOUBON (RUE),43.311342,5.378159,18,3,1
202100027180,153Â 131,A01,1,1,1,1,1,0,-1,-1, -1,-1,2021,23.0,1,2,3,0,1,2,1,,2,RN104,0,,3,6,0,1,19,500,2,, -1,2,3,1,90,25,7,1,77,77122,1,1,1,6,RN104,48.663999,2.613281,19,1,1
202100002281,197Â 705,A01,10,3,1,3,0,-1,-1,3,B,1,2021,57.0,1,2,0,1,2,16,1,,4,POULIES (PLACE),0,,3,1,0,3,0,1,2,, -1,1,1,1,30,18,12,5,93,93066,2,1,0,6,POULIES (PLACE),48.9381803624,2.3605839001,20,2,1
202100027964,151Â 716,A01,1,1,2,5,1,0,-1,0,0,-1,2021,34.0,2,2,0,2,1,2,1,,4,BOULEVARD VOLTAIRE,0,,2,2,0,1,(1),(1),1,, -1,1,0,1,30,20,7,1,75,75111,2,1,0,2,BOULEVARD VOLTAIRE,48.861396,2.374101,16,2,2
202100021941,162Â 406,B01,1,1,2,5,2,6,-1,-1, -1,-1,2021,15.0,2,1,0,2,7,0,1,,3,ROCADE NORD - RD 6113,0,,1,2,0,1,55,0,2,, -1,1,0,1,50,29,8,1,11,11069,2,1,0,3,ROCADE NORD - RD 6113,43.230709,2.34399,15,3,2
202100035457,138Â 334,B01,1,1,1,2,2,0,-1,-1, -1,-1,2021,20.0,2,1,0,2,1,1,1,,2,DES FINANCES - MORNE CARUEL (RUE),0,,2,4,0,1,(1),(1),1,, -1,2,0,1,50,7,6,1,971,97101,2,2,1,3,DES FINANCES - MORNE CARUEL (RUE),16.25654,-61.52086,16,4,2
202100049463,113Â 349,A01,1,1,1,1,2,6,-1,-1, -1,-1,2021,26.0,2,1,0,2,1,2,1,,1,14,0,,1,3,0,1,1,360,1,, -1,1,1,1,70,3,3,1,92,92062,1,1,0,2,A14,48.890846,2.240179,17,3,2
202100009035,185Â 563,B01,1,1,2,9,2,4,-1,0,0,-1,2021,33.0,0,0,0,2,7,19,3,,4,D213,-1,,2,2,2,1,(1),(1),3,, -1,1,9,5,50,6,11,1,33,33273,2,6,0,3,Avenue du Colonel Pierre Bourgoin,44.842238,-0.768233,17,2,2
202100004811,193Â 184,A01,1,1,1,9,2,0,-1,0,0,-1,2021,29.0,3,1,0,0,8,1,1,,4,AVENUE NIEL,0,,2,2,0,1,(1),(1),1,, -1,2,0,1,30,4,12,5,75,75117,2,3,1,7,AVENUE NIEL,48.88327,2.296565,1,1,1
202100014768,175Â 317,A01,10,3,1,5,0,-1,-1,1,3,1,2021,11.0,3,2,0,1,1,1,1,,4,SALENGRO ROGER ( BOULEVARD),0,,2,2,0,1,(1),(1),1,, -1,1,0,1,50,6,10,1,95,95280,2,1,0,6,SALENGRO ROGER ( BOULEVARD),49.0335339182,2.4726957587,15,2,1
202100022023,162Â 266,B01,1,1,1,5,2,6,-1,0,0,-1,2021,41.0,1,1,0,2,2,17,1,,2,102,-1,,2,2,0,2,26,600,1,, -1,1,0,1,90,21,8,1,7,7159,1,1,0,4,Rn 102,44.56341,4.480732,18,6,4
202100028661,150Â 486,A01,2,2,2,0,2,0,-1,-1, -1,-1,2021,24.0,1,1,0,0,7,26,1,,4,DOLE RUE DE (entre 82 et 185),0,,2,2,2,1,(1),(1),1,, -1,2,0,1,50,16,7,5,25,25056,2,1,0,7,DOLE RUE DE (entre 82 et 185),47.2297,5.9914,23,2,1
202100008299,186Â 887,A01,1,1,2,5,1,-1,-1,0,0,-1,2021,82.0,2,2,6,0,3,1,1,,3,570,0,N,2,2,0,1,3,222,2,, -1,1,0,3,70,13,11,1,13,13083,1,3,0,1,Route de la Gare,43.895677,4.789202,8,1,1
202100022060,162Â 195,B01,1,1,1,1,-1,0,0,-1, -1,-1,2021,29.0,2,1,0,2,3,1,1,,2,CHARDONNERETS (RUE DES),0,,-1,2,0,1,0,0,2,, -1,1,0,1,50,28,8,1,91,91692,2,3,0,1,R.N 446,48.67885,2.19128,15,3,2
202100036008,137Â 323,A01,1,1,2,3,1,-1,-1,0,0,-1,2021,80.0,2,2,16,0,1,2,1,,3,20,-1,D,2,2,0,4,28,600,2,, -1,1,9,3,30,4,6,1,53,53016,1,1,0,6,CD 20 pk 28+600,48.248326,-0.364641,16,1,1
202100047697,116Â 495,A01,1,1,1,0,2,0,-1,-1, -1,-1,2021,25.0,2,1,0,2,1,1,0,,1,86,0,,-1,2,0,1,7,500,1,, -1,2,0,1,90,17,3,1,92,92036,1,1,1,5,A86,48.9345665738,2.280304127,8,3,3
202100038483,132Â 860,A01,1,1,1,0,1,0,-1,-1, -1,-1,2021,36.0,2,2,0,2,1,2,1,,1,A7-Sens Marseille vers Lyon,0,,1,2,0,1,254,800,1,, -1,1,0,1,110,25,5,1,13,13081,1,1,0,2,A7-Sens Marseille vers Lyon,43.49098,5.24029,19,2,2
202100010345,183Â 213,B01,1,1,2,1,8,0,-1,0,0,-1,2021,22.0,2,1,0,2,7,1,3,,4,AVENUE MATHURIN MOREAU,0,,2,2,0,2,(1),(1),1,, -1,2,0,1,30,29,10,5,75,75119,2,2,1,3,AVENUE MATHURIN MOREAU,48.878443,2.37429,19,2,2
202100040037,130Â 034,B01,1,1,1,5,2,0,-1,-1, -1,-1,2021,25.0,3,1,0,2,8,0,0,,4,JEAN MOULIN (AVENUE),0,,2,2,0,1,0,0,1,, -1,1,0,4,30,13,5,1,91,91549,2,1,0,3,JEAN MOULIN (AVENUE),48.64791,2.34187,12,2,2
202100019459,166Â 857,B01,2,2,1,5,0,-1,-1,0,0,-1,2021,15.0,2,1,0,2,1,5,1,,4,1,0,,2,2,0,1,0,451,2,, -1,1,0,1,50,9,5,1,38,38545,2,1,0,1,Route de Fontagneux,45.04858,5.676725,16,5,2
202100010915,182Â 218,A01,1,1,2,5,1,-1,-1,0, -1,-1,2021,77.0,1,2,0,2,2,1,1,,4,ODET QUAI DE L',0,,2,2,0,1,(1),(1),1,, -1,1,5,1,50,25,10,1,29,29232,2,1,0,3,Quai de lâOdet,47.99044056,-4.111961602,17,2,2
202100040021,130Â 060,A01,1,1,2,0,2,0,-1,-1, -1,-1,2021,25.0,2,1,0,0,0,21,1,,1,AUTOROUTE A3,0,,3,10,0,1,6,500,1,, -1,2,0,1,90,14,5,1,93,93053,1,1,1,7,AUTOROUTE A3,48.89294,2.47246,13,1,1
202100021145,163Â 864,A01,1,1,1,1,1,-1,-1,0,0,-1,2021,48.0,2,2,0,2,1,5,1,,3,518,-1,,2,2,0,1,24,700,1,, -1,2,0,3,80,3,9,1,38,38399,1,1,0,1,CD518,45.486643,5.151408,18,2,2
202100020219,165Â 493,B01,1,1,1,1,2,6,-1,-1, -1,-1,2021,43.0,1,1,0,2,7,1,1,,3,MOUFIA (ROUTE DE),0,,2,2,0,2,(1),(1),1,, -1,1,8,1,50,7,9,5,974,97411,2,3,1,3,MOUFIA (ROUTE DE),-20.9065982563,55.4892101884,18,2,2
202100042698,125Â 310,B01,1,1,1,5,2,0,-1,0,0,-1,2021,26.0,1,1,0,2,2,1,1,,4,AVENUE RAYMOND POINCARE,0,,2,2,0,1,(1),(1),1,, -1,1,0,1,50,24,4,1,75,75116,2,2,0,3,AVENUE RAYMOND POINCARE,48.8650582427,2.2865349054,10,2,2
202100016944,171Â 336,A01,1,1,1,5,0,-1,-1,-1, -1,-1,2021,19.0,2,1,13,0,0,0,1,,3,LAGRUA (RUE),0,,2,3,1,1,46,542,1,, -1,1,0,1,50,25,9,5,33,33529,2,1,0,6,,44.64133,-1.15694,1,1,1
202100000823,200Â 252,A01,10,3,1,5,0,-1,-1,2,3,3,2021,5.0,3,5,0,1,1,1,1,,4,SARRAUT ALBERT (AVENUE),0,,2,2,0,1,(1),(1),1,, -1,1,0,1,50,19,12,1,95,95280,2,1,0,6,SARRAUT ALBERT (AVENUE),49.03488,2.45709,16,2,1
202100029700,148Â 712,A01,2,2,2,3,2,6,-1,0,0,-1,2021,67.0,1,1,0,2,2,19,1,,3,619,0,,2,1,0,1,33,25,1,, -1,1,0,1,90,9,7,1,77,77211,1,2,1,3,RD 619,48.5812,2.964302,16,3,2
202100038983,131Â 961,A01,1,1,1,1,1,0,-1,-1, -1,-1,2021,62.0,1,2,0,2,2,5,1,,4,DE GAULLE (AVENUE CHARLES),0,,2,2,0,1,0,0,1,, -1,1,0,1,50,21,5,1,93,93078,2,2,0,3,Avenue Charles de Gaulle / Avenue des Fauvettes,48.95552,2.55282,20,2,2
202100029480,149Â 095,B01,1,1,2,1,1,-1,-1,0,0,-1,2021,31.0,3,2,0,2,1,1,1,,3,766,0,D,2,2,0,2,28,130,1,, -1,1,0,1,50,2,7,2,49,49018,2,1,0,1,Rue Principale (ÃchemirÃ©),47.551501,-0.167877,4,2,2
202100049345,113Â 557,B01,1,1,1,5,1,0,-1,-1,0,-1,2021,21.0,2,2,0,2,4,1,1,,2,RN 104,0,,3,5,0,1,13,369,1,, -1,1,0,1,90,3,3,3,95,95365,1,1,0,2,RN 104,49.06755,2.39818,20,2,2
202100051219,110Â 122,B01,1,1,1,0,2,6,-1,0,0,-1,2021,27.0,1,1,0,2,1,1,1,,3,925,-1,,2,2,0,2,131,1016,1,, -1,1,5,1,80,18,2,1,76,76255,1,4,0,3,INTERSECTION D925/D925C,50.06255,1.42585,7,2,2
202100042813,125Â 131,A01,1,1,1,1,2,6,-1,-1, -1,-1,2021,21.0,1,1,0,2,1,1,1,,4,PIERRE BRUNIER                      (R ),0,,2,2,0,1,(1),(1),1,, -1,1,0,1,50,19,4,1,69,69034,2,2,0,3,PIERRE BRUNIER (R),45.78645,4.82989,20,2,2
202100048845,114Â 452,B01,1,1,1,4,2,0,-1,-1, -1,-1,2021,19.0,2,1,1,0,2,13,1,,3,RD30,0,,1,2,1,1,20,500,1,, -1,1,0,1,70,1,3,5,78,78498,1,1,0,6,RD30,48.94575,2.06154,21,1,1
202100041780,126Â 933,A01,1,1,1,9,2,0,-1,-1, -1,-1,2021,38.0,1,1,0,0,2,1,1,,4,MARE TAMBOUR (RUE),0,,2,2,0,1,0,0,1,, -1,2,0,1,50,30,4,5,91,91667,2,1,0,7,MARE TAMBOUR (RUE),48.656174,2.334482,22,1,1
202100038445,132Â 925,B01,1,1,2,9,1,-1,-1,0,0,-1,2021,72.0,2,2,0,2,1,1,1,,3,7,-1,,2,2,0,2,22,500,3,, -1,2,0,1,90,26,5,1,72,72080,1,1,1,5,dÃ©partementale 7,48.175373,0.678352,12,6,3
202100045540,120Â 339,B01,1,1,1,0,1,0,-1,-1, -1,-1,2021,22.0,1,2,0,0,0,0,1,,1,AUTOROUTE A1,0,,-1,6,0,1,3,799,1,, -1,1,0,1,90,30,3,5,972,97213,1,1,0,2,AUTOROUTE A1,14.6168,-61.0164,21,2,2
202100021305,163Â 571,B01,1,1,1,1,1,0,-1,-1, -1,-1,2021,28.0,1,2,0,2,8,2,1,,4,EUROPE (AV DE L),0,,2,6,0,1,1,0,4,, -1,1,0,1,50,2,9,1,94,94065,2,6,0,3,EUROPE (AV DE L),48.745416,2.361581,9,2,2
202100005832,191Â 370,A01,2,2,2,5,1,-1,-1,0,0,-1,2021,68.0,2,2,7,2,2,1,1,,3,D651,0,,2,2,0,1,32,35,1,, -1,2,5,1,80,27,11,3,33,33436,1,2,1,3,Route de Louchats,44.521356,-0.626822,2,4,2
202100049032,114Â 113,A01,1,1,1,1,1,0,-1,-1, -1,-1,2021,23.0,2,2,0,2,1,1,1,,1,A7   20.110 A 22.950,0,,3,3,0,1,21,0,1,, -1,1,0,1,110,26,2,2,38,38087,1,1,0,4,A7   20.110 A 22.950,45.5784,4.8036,18,3,3
202100043171,124Â 500,B01,1,1,1,0,0,0,-1,-1, -1,-1,2021,27.0,2,1,0,2,1,1,1,,4,LAVANDIN (RUE DU),0,,2,2,0,1,(1),(1),1,, -1,1,0,1,50,20,4,1,34,34172,2,3,0,3,LAVERUNE (ROUTE DE),43.601,3.85023,14,2,2
202100022165,162Â 025,B01,1,1,1,0,0,-1,-1,0,0,-1,2021,13.0,3,1,0,2,1,15,5,,4,0,0,R,2,2,0,1,(1),(1),1,, -1,1,0,1,50,28,8,1,60,60471,2,3,0,3,Rue du Monchel,49.5751835058,3.0053971083,19,2,2
202100023083,160Â 354,B01,1,1,1,0,8,0,-1,-1, -1,-1,2021,65.0,0,2,0,2,1,0,3,,4,FRANÃOISE DUPARC (BOULEVARD),0,,2,4,0,1,0,0,1,, -1,1,0,1,50,31,7,5,13,13204,2,2,0,1,FRANÃOISE DUPARC (BOULEVARD),43.30292,5.40064,2,2,2
202100008054,187Â 336,B01,1,1,2,9,8,0,-1,0,0,-1,2021,31.0,2,1,0,2,1,1,5,,4,BOULEVARD MALESHERBES,0,,1,2,1,1,(1),(1),1,, -1,2,-1,5,50,15,11,5,75,75108,2,2,1,3,BOULEVARD MALESHERBES,48.876647,2.3177,17,2,2
202100055153,103Â 231,A01,1,1,1,5,2,0,-1,-1,0,-1,2021,80.0,1,1,0,0,3,15,1,,3,928,0,,2,2,0,1,1,600,1,, -1,1,0,1,30,10,1,1,95,95197,2,3,0,7,DIVISION LECLERC (AVENEU DE LA),48.96686531,2.31768543,16,1,1
202100015050,174Â 808,A01,10,3,1,0,0,-1,-1,3,3,1,2021,61.0,1,2,0,1,1,1,1,,4,AVENUE DU MARECHAL DE LATTRE DE TASSIGNY,0,,3,2,2,1,(1),0,1,, -1,1,0,1,50,5,10,1,44,44143,2,1,1,6,AVENUE DU MARECHAL DE LATTRE DE TASSIGNY,47.19294,-1.57052,10,2,1
202100011198,181Â 714,A01,1,1,1,0,8,0,-1,-1, -1,-1,2021,58.0,3,1,0,2,1,1,3,,4,,0,,1,2,0,1,(1),(1),1,, -1,1,5,1,50,24,10,1,73,73065,2,6,0,3,Rond point de La Poste,45.5705726649,5.9175278843,12,2,2
202100034050,140Â 896,B01,1,1,1,0,0,0,-1,-1, -1,-1,2021,35.0,1,1,0,0,6,2,5,,4,FEBVRIER JACQUES PLACE,0,,2,2,0,1,(1),(1),3,, -1,1,0,1,30,16,6,1,59,59350,2,6,0,3,FEBVRIER JACQUES PLACE,50.61785,3.06111,14,4,2
202100014534,175Â 727,A01,1,1,1,1,2,6,-1,-1,0,-1,2021,24.0,1,1,0,2,8,3,1,,1,AUTOROUTE A3,0,,3,7,0,1,16,500,1,, -1,1,0,1,110,8,10,1,95,95277,1,1,0,6, A3,48.978055,2.494861,9,1,1
202100056170,101Â 486,B01,1,1,2,0,1,8,-1,-1, -1,-1,2021,23.0,3,2,0,2,4,23,1,,4,FLORIAN ( ROND POINT),0,,1,3,0,2,(1),(1),1,, -1,1,0,1,50,4,1,5,13,13210,2,1,1,2,Avenue Florian,43.2841049588,5.4268498156,18,2,2
202100026295,154Â 690,A01,10,3,2,3,0,-1,-1,2,3,1,2021,51.0,2,1,0,1,1,1,1,,3,SEMARD (RUE PIERRE),0,,1,1,0,2,30,180,3,, -1,1,0,1,50,29,7,1,51,51230,2,1,0,7,Rue Pierre Semard,49.04566,3.96145,17,2,1
202100055214,103Â 123,A01,10,3,1,4,0,-1,-1,3,3,1,2021,49.0,1,1,0,1,3,1,1,,4,AVENUE DE MARIGNY,0,,2,2,0,1,(1),(1),1,, -1,2,0,1,50,13,1,5,75,75108,2,1,1,6,AVENUE DE MARIGNY,48.8705876457,2.3159108292,18,2,1
202100013165,178Â 215,A01,1,1,1,1,1,-1,-1,0,0,-1,2021,23.0,2,2,0,0,1,13,1,,3,36,0,,2,2,0,2,12,880,3,, -1,1,0,1,80,13,10,1,73,73191,2,1,1,1,D36 Route du Banchet,45.5828898167,5.7577967048,19,2,2
202100017725,169Â 945,A01,1,1,2,0,0,-1,-1,0,0,-1,2021,68.0,0,2,0,2,3,13,1,,3,675,0,,2,2,0,1,16,907,1,, -1,1,0,1,50,21,9,5,41,41164,2,9,0,1,23 Rue Paul Boncour,47.272557,1.376217,22,2,2
202100035964,137Â 397,B01,1,1,1,4,2,6,-1,-1, -1,-1,2021,24.0,3,1,0,2,7,19,1,,3,907,0,,1,1,0,1,0,0,2,, -1,1,5,1,50,7,6,1,92,92064,2,7,0,3,PLACE CLEMENCEAU,48.8414968192,2.2218371789,16,2,2
202100024516,157Â 837,A01,1,1,2,5,1,8,-1,-1, -1,-1,2021,74.0,1,5,0,2,1,13,1,,4,BOIS-DU-CHATEAU (RUE  DU ),0,,2,2,0,2,(1),(1),1,, -1,1,0,1,30,11,8,1,56,56121,2,1,0,1,BOIS-DU-CHATEAU (RUE  DU ),47.76871,-3.37588,14,3,2
202100005600,191Â 798,A01,10,3,2,0,0,-1,-1,4,3,1,2021,51.0,1,2,0,1,2,0,0,,3,,0,,2,2,0,1,(1),(1),1,,5,2,0,1,50,30,11,5,8,8363,2,1,1,6,Avenue Danton,49.938665,4.641042,18,2,1
202100033098,142Â 585,B01,2,2,1,5,1,0,-1,-1, -1,-1,2021,72.0,1,3,0,2,1,0,1,2.0,4,FERRY (RUE JULES),0,,2,2,0,1,1,0,2,, -1,1,0,1,50,21,6,1,93,93010,2,1,0,1,FERRY (RUE JULES),48.893649,2.475312,14,3,2
202100018958,167Â 754,A01,1,1,2,4,1,-1,-1,-1, -1,-1,2021,28.0,3,2,0,2,2,24,1,,4,HAUT-BOIS (RUE DU),0,,1,1,0,1,(1),(1),1,, -1,1,0,1,50,14,9,1,35,35281,2,1,0,3,HAUT-BOIS (RUE DU),48.07799,-1.7141,11,4,2
202100039221,131Â 517,A01,2,2,2,0,1,-1,-1,0,0,-1,2021,60.0,1,2,0,2,1,21,1,,3,12,-1,,2,2,0,1,16,450,1,, -1,2,0,1,80,21,5,1,60,60317,1,1,1,1,,49.331345,2.311871,16,3,2
202100023658,159Â 337,A01,10,3,2,3,0,-1,-1,9,B,1,2021,73.0,2,5,0,1,3,1,1,,4,,-1,,2,2,0,1,(1),(1),1,,4,1,0,1,50,19,8,1,34,34272,2,1,0,6,rue du chateau,43.659792,4.113173,10,2,1
202100021733,162Â 789,A01,2,2,2,0,1,0,-1,-1, -1,-1,2021,65.0,1,2,0,2,6,1,1,,1,A55-Sens Marseille vers Martigues,0,,1,2,0,1,16,451,1,, -1,1,0,2,110,31,8,1,13,13088,1,1,0,2,A55-Sens Marseille vers Martigues,43.38419,5.23306,10,4,2
202100029955,148Â 257,B01,1,1,2,1,1,0,-1,-1, -1,-1,2021,29.0,2,2,0,2,5,23,1,,4,CEREZ (RUE DU GENERAL),0,,2,2,0,1,0,0,1,, -1,1,5,1,50,7,7,1,87,87085,2,2,0,3,LIBERATION (AVENUE DE LA),45.83414,1.25987,13,2,2
202100041008,128Â 318,A01,10,3,1,2,0,-1,-1,2,3,1,2021,18.0,2,2,0,1,8,21,1,,3,RD907,2,,2,2,0,1,47,850,1,, -1,1,0,1,50,7,5,1,48,48075,2,1,0,6,7 Route Neuve,44.371188,3.534385,18,2,1
202100035875,137Â 559,A01,1,1,1,3,1,8,-1,-1, -1,-1,2021,35.0,1,2,14,0,1,13,1,,2,SECTION GRANDE RAVINE,0,,-1,-1,0,1,(1),(1),1,, -1,1,0,1,70,30,5,1,971,97113,1,1,0,7,SECTION GRANDE RAVINE,16.21579,-61.47958,14,1,1
202100002918,196Â 553,B01,1,1,1,0,2,0,-1,-1, -1,-1,2021,29.0,2,1,0,2,1,1,1,,2,Embranchement RN 356,0,,3,3,0,1,(1),(1),1,, -1,1,3,1,50,14,12,1,59,59350,2,3,0,3,RUE MADELEINE REBERIOUX,50.62643,3.08047,9,2,2
202100054604,104Â 179,A01,1,1,1,2,2,6,-1,0,0,-1,2021,18.0,1,1,0,2,3,17,1,,4,RUE DE LYON,0,,2,3,3,1,(1),(1),1,, -1,1,0,1,50,18,1,1,75,75112,2,3,0,3,RUE DE LYON,48.851432,2.369902,8,2,2
202100001860,198Â 470,A01,1,1,2,1,1,8,-1,-1, -1,-1,2021,36.0,1,2,0,2,3,13,1,,3,RD 40,0,,2,3,0,1,5,90,3,, -1,1,0,1,80,6,12,2,62,62724,1,1,0,1,RD 40,50.398478,2.889221,7,2,2
202100041065,128Â 204,A01,3,2,1,0,8,0,-1,-1, -1,-1,2021,20.0,1,2,9,0,1,26,1,,3,445,0,,3,4,0,1,0,0,1,, -1,2,5,1,50,7,5,5,91,91687,2,6,1,6,VICTOR SCHOELCHER (PLACE),48.64805,2.3668,1,3,1
202100001065,199Â 860,A01,1,1,2,9,2,0,-1,0,0,-1,2021,49.0,1,1,0,0,0,21,1,,4,PONT DE SULLY,0,,1,1,0,1,(1),(1),1,, -1,2,0,1,30,29,12,5,75,75104,2,3,1,7,PONT DE SULLY,48.85009,2.358918,19,1,1
202100036477,136Â 499,A01,1,1,1,0,8,0,-1,-1, -1,-1,2021,34.0,1,0,0,0,0,1,3,,3,JEAN JAURES (R),0,,1,1,0,1,0,0,1,, -1,2,0,1,50,4,6,1,94,94076,2,1,1,7,JEAN JAURES (R),48.7920152968,2.3665188659,9,1,1
202100018567,168Â 446,A01,1,1,2,1,8,8,-1,-1, -1,-1,2021,56.0,2,1,0,0,8,1,5,,4,BOLLARDIERE (RUE  GENERAL DE ),0,,3,2,1,2,(1),(1),1,, -1,1,0,5,30,14,9,1,56,56121,2,1,0,7,BOLLARDIERE (RUE  GENERAL DE ),47.75611,-3.39128,11,1,1
202100035970,137Â 388,B01,1,1,1,1,2,8,-1,-1, -1,-1,2021,30.0,1,1,0,2,1,1,1,,3,20,0,,2,4,0,1,0,0,1,, -1,1,0,1,50,6,6,1,92,92036,2,2,0,3,LOUIS ROCHE (AVENUE) (1/45),48.921191,2.325038,20,2,2
202100023291,159Â 983,B01,4,2,1,0,1,5,-1,0,0,-1,2021,21.0,3,2,0,2,7,1,0,,4,FALAISES (ROUTE DES) NATION A ANDELLE,0,,2,2,0,1,(1),(1),1,, -1,1,5,1,50,20,8,5,27,27701,2,2,0,3,FALAISES (ROUTE DES) NATION A ANDELLE,49.2714775775,1.2165499684,23,6,2
202100028817,150Â 210,B01,1,1,2,0,8,0,-1,-1, -1,-1,2021,21.0,3,1,0,2,8,19,3,,4,MARINES (AVENUE DES ALLEES),0,,2,2,0,1,0,0,1,, -1,1,0,1,50,14,7,1,64,64102,2,1,0,3,MARINES (AVENUE DES ALLEES),43.4959,-1.48031,18,2,2
202100032691,143Â 334,B01,2,2,1,5,2,6,-1,0,0,-1,2021,44.0,1,1,0,2,2,3,1,,4,BOULEVARD PERIPHERIQUE,0,,1,4,0,1,14,300,1,, -1,1,0,1,70,23,6,1,75,75116,2,1,0,3,BOULEVARD PERIPHERIQUE,48.8635,2.265922,16,3,2
202100002262,197Â 740,A01,10,3,1,5,0,-1,-1,1,3,1,2021,72.0,1,5,0,1,3,15,1,,4,INDUSTRIE (RUE DE L'),0,,2,1,0,1,(1),(1),1,, -1,1,0,1,50,17,12,1,7,7019,2,1,0,6,INDUSTRIE (RUE DE L'),44.61866,4.3893,12,2,1
202100055612,102Â 446,A01,1,1,1,5,1,0,-1,-1,0,-1,2021,23.0,1,5,16,0,1,15,1,,3, 170,0,,3,4,0,1,3,400,3,, -1,1,0,1,70,11,1,5,95,95203,1,1,0,7,RD 170,48.978,2.29,21,1,1
202100034967,139Â 197,B01,1,1,1,5,2,6,-1,-1, -1,-1,2021,30.0,1,1,0,2,4,23,1,,7,468,0,,2,2,0,1,(1),(1),1,, -1,1,0,1,30,10,6,5,67,67447,2,1,0,2,BISCHWILLER (ROUTE DE),48.6020342722,7.7454029024,23,2,2