Num_Acc,id_vehicule,num_veh,place,catu,sexe,trajet,secu1,secu2,secu3,locp,actp,etatp,year_acc,victim_age,senc,catv,obs,obsm,choc,manv,motor,occutc,catr,voie,v1,v2,circ,nbv,vosp,prof,pr,pr1,plan,lartpc,larrout,surf,infra,situ,vma,jour,mois,lum,dep,com,agg_,int,atm,col,adr,lat,long,hour,nb_victim,nb_vehicules
202100003778,195Â 011,A01,1,1,1,0,1,-1,-1,0,0,-1,2021,62.0,2,2,0,2,3,15,1,,3,,-1,R,2,1,0,1,(1),(1),3,,"3,5",2,0,1,50,10,12,3,3,3030,1,3,1,3,D984,46.071891,3.313891,18,2,2
202100055295,102Â 981,B01,1,1,1,0,2,6,-1,-1, -1,-1,2021,60.0,3,1,0,2,5,23,1,,4,GRENET (AVENUE HENRI),0,,2,4,0,3,0,0,3,, -1,1,2,1,50,11,1,2,64,64102,2,6,0,2,GRENET (AVENUE HENRI),43.4965083249,-1.483476162,8,2,2
202100026769,153Â 873,A01,10,3,2,5,0,-1,-1,4,3,1,2021,80.0,2,3,0,1,1,1,0,,4,BOULEVARD MORTIER,0,,-1,4,3,3,(1),(1),1,, -1,2,-1,6,30,27,7,1,75,75120,2,1,1,6,BOULEVARD MORTIER,48.87669,2.407094,16,2,1
202100013376,177Â 825,B01,1,1,1,4,1,8,-1,-1, -1,-1,2021,35.0,2,4,0,2,1,2,1,,1,A104,0,,3,4,0,1,19,700,1,, -1,1,0,1,90,14,10,1,77,77055,1,1,0,2,A104,48.9013,2.6516,11,2,2
202100047958,116Â 014,A01,10,3,2,5,0,-1,-1,4,3,1,2021,27.0,1,2,0,1,1,1,1,,4,BOULEVARD DE LA CHAPELLE,0,,1,2,0,2,(1),(1),1,, -1,1,0,1,50,15,3,1,75,75110,2,2,0,6,BOULEVARD DE LA CHAPELLE,48.884046,2.355608,17,2,1
202100010661,182Â 676,B01,1,1,1,5,2,6,9,-1, -1,-1,2021,35.0,2,1,0,2,2,1,1,,7,BUS (RD301)   0.000 A 2.800,0,,3,6,0,1,1,100,1,, -1,1,0,1,90,27,10,1,69,69276,1,1,0,3,D301   0.000 A 2.800,45.6823,4.85088,16,2,2
202100015520,173Â 946,B01,1,1,1,0,2,0,-1,0,0,-1,2021,72.0,2,1,0,2,1,1,1,,3,BUXY (ROUTE DE ),0,,2,3,0,3,31,240,3,, -1,1,0,1,80,1,10,1,71,71475,1,3,0,1,BUXY (ROUTE DE ),46.7397541064,4.8099563848,16,3,2
202100026799,153Â 821,A01,1,1,1,5,8,0,-1,-1, -1,-1,2021,21.0,1,1,0,1,2,1,5,,4,GOEB (CHEMIN),0,,2,4,1,1,0,0,1,, -1,1,0,5,50,25,7,1,67,67482,2,1,0,6,GOEB (CHEMIN),48.59286,7.7831,14,2,1
202100027673,152Â 254,A01,1,1,1,5,2,6,-1,-1, -1,-1,2021,44.0,2,1,0,2,1,3,1,,1,A86 EXT,0,,-1,4,0,1,39,799,1,, -1,1,0,1,90,22,7,1,94,94028,1,1,0,2,A86 EXT,48.7827541084,2.4408460732,17,2,2
202100022786,160Â 872,A01,1,1,1,2,2,8,-1,-1, -1,-1,2021,17.0,0,1,8,0,1,1,1,,4,BOIS DES ROCHES (RUE DU),0,,2,2,0,1,0,0,1,, -1,1,0,1,50,23,8,1,91,91469,2,1,0,6,BOIS DES ROCHES (RUE DU),48.39698,2.14875,14,1,1
202100049942,112Â 475,A01,1,1,1,5,0,-1,-1,0,0,-1,2021,21.0,3,1,0,0,1,1,1,,9,,-1,,-1,1,0,1,(1),(1),1,, -1,1,0,8,-1,28,2,1,45,45025,1,1,0,7,Rue de la Cave,48.169577,2.031704,16,1,1
202100048820,114Â 501,A01,1,1,1,4,1,-1,-1,0,0,-1,2021,46.0,2,5,0,2,1,2,1,,1,719,0,A,3,4,0,2,5,350,1,, -1,1,0,1,130,9,3,1,3,3118,1,1,0,2,Autoroute A719 PK 05+350 sens VICHY vers CLERMONT-FERRAND,46.1151237969,3.191844821,15,2,2
202100049100,113Â 989,A01,10,3,2,3,0,-1,-1,2,3,1,2021,53.0,1,2,0,1,1,21,1,,4,WILSON PRESIDENT (AV DU),0,,3,4,0,1,(1),(1),1,, -1,1,0,1,30,3,3,1,34,34032,2,1,0,6,WILSON PRESIDENT (AV DU),43.33553,3.22713,11,2,1
202100053465,106Â 152,A01,1,1,1,1,1,-1,-1,0, -1,-1,2021,20.0,1,2,0,2,1,1,1,,4,TREODET Rue de,0,,4,2,0,3,(1),(1),2,, -1,1,5,1,50,25,1,1,29,29051,2,6,0,3,Rue de Treodet,48.0045457601,-4.0586748719,17,2,2
202100018944,167Â 783,A01,1,1,1,2,2,6,-1,-1, -1,-1,2021,16.0,3,1,0,2,1,19,1,,4,MENDES FRANCE ECOLE,0,,-1,4,0,1,(1),(1),1,, -1,1,0,1,50,13,9,2,59,59410,2,2,0,3,MENDES FRANCE ECOLE,50.6460274676,3.1136342657,7,2,2
202100021402,163Â 392,A01,1,1,1,4,1,0,-1,-1, -1,-1,2021,22.0,1,5,14,0,1,2,1,,1,AUTOROUTE A1,0,,3,11,0,1,0,1,1,, -1,1,0,1,90,1,9,1,93,93005,1,1,0,6,AUTOROUTE A1,48.9642723776,2.4732112885,13,1,1
202100038839,132Â 201,A01,1,1,1,5,2,6,-1,0,0,-1,2021,23.0,2,1,12,2,3,6,1,,4,409,0,,3,2,0,1,(1),(1),1,, -1,1,0,1,50,22,5,1,6,6085,2,1,0,1,667 Avenue Saint Martin,43.609165,6.981713,11,2,2
202100011389,181Â 364,A01,1,1,2,5,1,5,-1,-1, -1,-1,2021,84.0,1,2,1,9,1,20,1,,4,MENDES FRANCE (AVENUE PIERRE),0,,2,3,0,2,(1),(1),1,, -1,1,0,3,50,23,10,1,27,27681,2,1,0,6,MENDES FRANCE (AVENUE PIERRE),49.09023,1.48374,11,1,1
202100017708,169Â 968,A01,1,1,1,5,2,-1,-1,0,0,-1,2021,20.0,3,1,0,2,1,1,1,,4,,0,,2,1,0,1,(1),(1),3,,3,1,0,1,50,22,9,1,14,14764,2,1,0,1,11 Route des Varets,48.880769,-0.476468,12,4,2
202100047854,116Â 222,A01,1,1,1,3,1,-1,-1,0,0,-1,2021,43.0,1,2,0,2,1,5,1,,3,140,-1,,2,2,0,1,6,620,1,, -1,1,0,1,50,17,3,1,72,72350,2,1,0,6,les fresnes,47.8832142917,0.275576592,17,4,3
202100031021,146Â 288,A01,2,2,1,5,8,0,-1,-1, -1,-1,2021,33.0,1,1,8,0,1,2,1,,4,NATURE,0,,2,2,0,1,0,0,1,, -1,1,0,1,50,30,6,5,66,66136,2,1,0,6,NATURE,42.69057,2.91024,0,2,1
202100044921,121Â 430,B01,1,1,1,2,8,-1,-1,-1, -1,-1,2021,13.0,3,1,8,2,2,19,5,,4,PRECHEURS RUE DES,0,,2,2,0,1,(1),(1),1,, -1,1,0,1,50,24,3,1,78,78498,2,5,0,3,PRECHEURS RUE DES,48.927097,2.041404,11,2,2
202100020961,164Â 199,A01,1,1,1,5,9,-1,-1,0,0,-1,2021,22.0,1,2,11,0,1,1,1,,3,60,0,D,2,2,0,1,1,200,1,, -1,1,0,3,80,4,9,3,42,42299,1,1,0,6,Rue de Feurs,45.617118,4.078047,23,2,1
202100054321,104Â 662,A01,2,2,1,0,1,8,-1,0,0,-1,2021,32.0,1,2,0,2,1,1,1,,7,CHARLES DE GAULLE (BD),0,,2,2,0,1,(1),(1),1,, -1,1,0,1,50,13,1,2,63,63164,2,3,0,3,CHARLES DE GAULLE (BD),45.8157,3.15087,16,4,2
202100002970,196Â 464,B01,1,1,1,9,8,0,-1,0,0,-1,2021,25.0,2,1,0,2,2,1,3,,4,RUE DU HAVRE,0,,1,2,1,1,(1),(1),1,, -1,1,-1,5,30,14,12,1,75,75109,2,1,0,2,RUE DU HAVRE,48.874495,2.326848,11,2,2
202100030514,147Â 218,A01,1,1,1,1,2,6,-1,-1,0,-1,2021,32.0,1,1,0,2,1,26,1,,1,AUTOROUTE A15,0,,3,8,0,1,22,799,1,, -1,1,0,1,90,5,7,2,95,95218,1,1,0,3,A15,49.035,2.09853,19,2,2
202100005275,192Â 357,B01,1,1,2,0,1,0,-1,-1, -1,-1,2021,43.0,1,2,0,2,4,2,1,,3,ASCAIN (ROUTE D'),0,,2,2,0,1,2,725,1,, -1,1,0,1,70,1,12,2,64,64483,2,1,0,2,Route dââAscain,43.37477,-1.63777,8,2,2
202100004023,194Â 548,A01,1,1,2,1,1,0,-1,-1, -1,-1,2021,26.0,3,2,8,0,0,1,1,,7,OUEST BOULEVARD DE L,0,,3,3,3,2,(1),(1),1,, -1,7,0,3,50,7,12,1,59,59350,2,1,0,6,OUEST BOULEVARD DE L,50.6251269465,3.12050879,8,1,1
202100024498,157Â 873,A01,10,3,2,5,0,-1,-1,5,B,2,2021,35.0,1,2,15,1,2,25,1,,4,RUE DES MICOCOULIERS,0,,2,2,0,1,0,0,1,, -1,1,0,4,50,12,8,5,83,83061,2,6,0,6,RUE DES MICOCOULIERS,43.42333,6.753049,21,5,1
202100024155,158Â 482,B01,1,1,1,0,1,0,-1,-1, -1,-1,2021,31.0,1,1,0,0,2,17,1,,3,PAUL VAILLANT COUTURIER (BOULEVARD),0,,2,2,1,1,0,1,1,, -1,1,0,1,50,14,8,1,93,93048,2,1,0,3,Bd Paul Vaillant Couturier,48.86623,2.44459,19,3,2
202100021092,163Â 954,A01,1,1,2,9,2,0,-1,0,0,-1,2021,45.0,1,1,0,2,7,1,5,,4,RUE LINOIS,0,,2,5,0,1,(1),(1),1,, -1,1,0,1,30,3,9,1,75,75115,2,1,0,3,RUE LINOIS,48.848185,2.283395,12,2,2
202100010560,182Â 856,A01,10,3,2,4,0,-1,-1,4,3,1,2021,44.0,1,2,0,1,1,15,1,,4,BOULEVARD LANNES,0,,2,4,0,1,(1),(1),1,, -1,1,0,1,50,28,10,1,75,75116,2,3,0,6,BOULEVARD LANNES,48.864518,2.269821,16,2,1
202100035801,137Â 716,B01,1,1,1,5,1,-1,-1,0,0,-1,2021,83.0,2,2,0,2,1,1,1,,3,776,0,D,2,2,0,1,16,460,3,, -1,1,0,1,80,9,6,1,56,56200,1,1,0,1,La Minoterie,47.838195,-2.308753,10,2,2
202100035745,137Â 812,B01,1,1,1,0,2,0,-1,-1, -1,-1,2021,42.0,1,1,0,2,3,15,1,,3,RD 2144,0,,2,2,0,3,12,900,1,, -1,1,0,1,80,6,6,1,3,3140,1,3,0,3,Les Thoumazons,46.30948,2.63204,12,2,2
202100025548,156Â 007,A01,1,1,1,5,2,6,9,0,0,-1,2021,59.0,1,1,0,0,8,1,1,,3,59,0,D,2,2,0,2,20,470,2,, -1,1,0,3,80,6,8,1,201,201247,1,1,0,7,D59,41.603698,9.180815,9,1,1
202100023344,159Â 885,A01,7,2,2,5,1,-1,-1,0,0,-1,2021,19.0,1,2,13,0,0,1,1,,3,20,0,,2,2,0,1,21,200,3,, -1,1,0,3,80,20,8,3,42,42019,1,1,0,6,Route de BoÃ«n,45.762164,4.004313,22,3,1
202100049538,113Â 210,B01,1,1,1,9,2,6,-1,-1, -1,-1,2021,63.0,1,1,0,2,1,17,0,,3,SONIA DELAUNAY (VOI),0,,2,2,1,1,1,0,1,, -1,1,0,1,50,2,3,1,94,94017,2,1,0,2,SONIA DE LAUNAY (VOI),48.8122,2.53401,12,2,2
202100054635,104Â 130,A01,2,2,1,0,1,-1,-1,0,0,-1,2021,26.0,1,2,0,2,1,1,1,,3,554,0,D,2,2,0,1,42,300,1,, -1,1,0,1,80,19,1,1,83,83039,1,1,0,4,RD 554,43.5127782565,6.0188041867,14,4,3
202100009578,184Â 585,A01,1,1,1,3,1,0,-1,-1, -1,-1,2021,71.0,2,2,15,2,1,1,1,,3,MONETEAU (ROUTE DE),0,,2,3,0,1,0,340,1,, -1,1,0,1,70,2,11,1,89,89024,1,1,0,2,MONETEAU (ROUTE DE),47.82384,3.58387,15,2,2
202100015240,174Â 463,B01,1,1,1,1,2,0,-1,-1, -1,-1,2021,24.0,1,1,0,2,1,5,1,,3,PARIS (RUE DE),0,,2,2,0,2,1,0,1,, -1,1,0,1,30,3,10,5,93,93048,2,1,0,3,PARIS (RUE DE),48.85525,2.41996,23,5,2
202100042281,126Â 049,A01,1,1,2,9,1,0,-1,-1, -1,-1,2021,60.0,0,2,0,2,0,0,1,,4,,-1,,2,-1,-1,1,(1),(1),1,, -1,-1,0,-1,-1,27,4,1,974,97422,1,1,0,3,DE VILLIERS 5CHEMIN ADAM),-21.2744386814,55.5010474774,15,2,2
202100001682,198Â 788,B01,1,1,1,5,2,6,-1,0,0,-1,2021,35.0,1,1,0,2,1,1,1,,1,A4,0,,3,8,0,1,5,0,1,, -1,1,0,1,90,22,12,3,75,75112,1,1,0,2,A4,48.8195429804,2.4591994286,20,4,2
202100053081,106Â 844,A01,10,3,1,9,0,-1,-1,2,3,1,2021,69.0,1,1,0,1,3,1,1,,4,RUE LECOURBE,0,,2,2,0,1,(1),(1),1,, -1,2,0,1,50,29,1,1,75,75115,2,1,1,6,RUE LECOURBE,48.841423,2.298624,14,2,1
202100052437,107Â 985,B01,1,1,1,1,1,-1,-1,-1, -1,-1,2021,24.0,1,2,0,2,3,1,1,,4,GAYEULLES (AVENUE DES),0,,2,2,0,1,(1),(1),1,, -1,1,0,1,50,5,2,4,35,35238,2,3,0,5,GAYEULLES (AVENUE DES),48.129532,-1.652068,7,3,3
202100026615,154Â 132,A01,1,1,1,0,1,-1,-1,-1, -1,-1,2021,19.0,2,2,0,2,2,7,1,,4,DUQUESNE                            (R ),0,,1,2,3,1,(1),(1),1,, -1,1,0,1,50,28,7,1,69,69386,2,2,0,4,DUQUESNE (R),45.7726562931,4.8453331547,16,4,3
202100044976,121Â 336,B01,1,1,1,1,8,0,-1,0,0,-1,2021,23.0,2,1,0,2,4,2,5,,4,RUE DE CLICHY,0,,1,2,0,3,(1),(1),1,, -1,2,0,1,50,5,4,1,75,75109,2,1,1,2,RUE DE CLICHY,48.882121,2.328089,16,2,2
202100006982,189Â 287,A01,2,1,1,0,1,0,-1,-1, -1,-1,2021,36.0,1,2,4,0,3,21,1,,1,A50-Sens Aubagne vers Toulon,0,,1,3,0,3,28,0,3,, -1,1,0,1,110,21,11,2,13,13085,1,1,0,6,A50-Sens Aubagne vers Toulon,43.26077,5.59113,8,1,1
202100039035,131Â 873,A01,1,1,1,9,2,6,-1,0,0,-1,2021,21.0,3,1,13,0,0,21,1,,9,254,0,,2,1,0,1,(1),(1),4,, -1,2,0,3,80,22,5,3,58,58124,1,1,0,6,D.254,47.085764,3.050224,3,1,1
202100036317,136Â 774,A01,9,2,1,5,1,-1,-1,0,0,-1,2021,19.0,3,2,13,0,0,1,1,,4,,0,,2,2,0,1,(1),(1),3,, -1,1,0,8,80,5,6,3,29,29114,1,4,0,6,Lieu Dit Toulquelen,48.499005,-3.659788,0,3,1
202100015086,174Â 741,A01,2,2,2,5,8,0,-1,-1, -1,-1,2021,19.0,3,2,4,0,1,1,1,,4,ALEX DELABRE (BOULEVARD),0,,2,2,0,1,0,0,4,, -1,1,0,1,50,5,10,2,13,13208,1,1,0,6,ALEX DELABRE (BOULEVARD),43.2147810688,5.3486120365,7,4,1
202100040717,128Â 831,B01,1,1,1,5,2,6,-1,-1, -1,-1,2021,36.0,2,1,0,2,7,3,1,,1,A86.EXT,0,,-1,2,0,1,32,0,1,, -1,1,0,1,90,9,5,1,94,94017,1,1,0,4,A86.EXT,48.82971,2.48624,18,4,3
202100051507,109Â 628,A01,1,1,2,0,1,0,-1,-1, -1,-1,2021,39.0,2,2,0,2,3,19,1,,2,ROUTE NATIONALE 201 (VRU),0,,1,1,0,3,4,1100,1,, -1,2,3,1,50,12,2,1,73,73065,1,2,1,3,ROUTE NATIONALE 201 (VRU),45.5873490589,5.9084960818,14,3,2
202100018299,168Â 913,A01,1,1,2,5,1,-1,-1,-1, -1,-1,2021,78.0,2,2,0,4,3,15,1,,4,ETATS UNIS (DES)                    (BD),0,,2,2,3,1,(1),(1),1,, -1,1,0,6,50,17,9,1,69,69388,2,2,0,3,ETATS UNIS (DES) (BD),45.73124,4.86622,11,2,2
202100015607,173Â 779,A01,1,1,1,1,2,0,-1,-1, -1,-1,2021,40.0,3,1,0,2,7,16,1,,4,REUTIN (BD FELIX),0,,2,2,2,1,(1),(1),2,, -1,2,9,1,50,2,10,5,17,17306,2,6,1,7,REUTIN (BD FELIX),45.6364651334,-1.0287373646,22,1,1
202100009416,184Â 869,A01,1,1,2,5,1,-1,-1,0,0,-1,2021,73.0,0,2,0,2,3,15,1,,3,EUROPE (AVENUE DE L'),0,,2,3,0,1,(1),(1),1,, -1,1,0,1,50,2,11,1,80,80021,2,2,0,3,EUROPE (AVENUE DE L'),49.90754,2.30194,10,2,2
202100048114,115Â 747,A01,1,1,1,0,1,0,-1,-1, -1,-1,2021,54.0,1,5,0,2,1,2,1,,1,AUTOROUTE A1,0,,3,4,0,2,4,300,1,, -1,2,0,1,70,13,3,3,93,93066,1,1,1,2,AUTOROUTE A1,48.93422,2.37225,19,3,2
202100036569,136Â 345,A01,1,1,1,5,8,-1,-1,-1,0,-1,2021,29.0,2,2,4,0,1,26,1,,2,RN 104,0,,1,2,0,1,7,599,2,, -1,1,0,2,90,3,6,3,95,95028,1,1,0,6,RN 104,49.0637573911,2.3315233596,22,1,1
202100002509,197Â 290,A01,1,1,2,5,1,-1,-1,0,0,-1,2021,92.0,1,2,2,0,3,0,1,,3,96,0,,2,2,1,1,13,500,2,, -1,1,0,3,80,16,12,1,46,46312,1,1,0,6,RD 96 PK 13 +500,44.982259,1.621113,15,1,1
202100014713,175Â 415,A01,1,1,1,1,1,-1,-1,0,0,-1,2021,94.0,3,2,0,0,0,1,1,,4,,-1,,-1,2,0,1,(1),(1),2,,4,1,9,8,50,6,10,1,17,17219,2,1,0,7,La Cayenne,45.789028,-1.125412,17,1,1
202100045439,120Â 514,A01,10,3,2,2,0,-1,-1,2,5,2,2021,13.0,1,2,0,1,2,1,1,,3,AV DANIELLE CASANOVA ,0,,2,2,0,1,1,0,1,, -1,1,0,1,30,2,4,1,94,94041,2,1,0,6,Avenue Danielle Casanova,48.81325,2.38513,15,2,1
202100028292,151Â 123,B01,2,2,2,0,0,0,-1,0,0,-1,2021,28.0,1,3,0,2,7,26,1,2.0,4,STANISLAS (PLACE ET PORTE),0,,1,4,0,1,(1),(1),1,, -1,1,5,1,50,18,7,5,54,54395,2,3,0,3,STANISLAS (PLACE ET PORTE),48.69109,6.17518,23,3,2
202100040799,128Â 689,A01,2,2,2,9,2,6,-1,0,0,-1,2021,58.0,2,1,13,0,1,13,1,,3,25,-1,,2,2,0,1,62,110,3,, -1,1,0,3,80,8,5,1,12,12208,1,1,0,6,D25,43.956263,2.82501,10,2,1
202100002177,197Â 896,B01,1,1,1,5,2,-1,-1,0,0,-1,2021,60.0,0,1,0,0,4,2,5,,3,3,-1,D,2,2,0,2,(1),(1),1,, -1,1,0,1,80,21,12,1,80,80205,1,1,0,2,D3,50.001982,2.034925,14,2,2
202100009723,184Â 323,A01,2,2,2,5,2,-1,-1,0,0,-1,2021,16.0,2,1,0,2,0,15,1,,3,,-1,,2,2,0,1,4,430,1,,5,2,0,1,50,23,1,1,43,43224,2,2,1,7,Rue de Saint-didier,45.249645,4.239693,15,3,2
202100049852,112Â 627,B01,2,2,2,5,8,0,-1,-1, -1,-1,2021,32.0,2,2,0,2,4,1,1,,1,A4,0,,3,4,0,1,10,199,1,, -1,1,0,1,110,28,2,1,94,94017,1,1,0,4,A4,48.8265014578,2.5187302586,14,4,3
202100001941,198Â 329,A01,1,1,2,9,1,-1,-1,0,0,-1,2021,34.0,1,2,0,2,1,1,1,,3,323,0,D,2,2,0,1,27,200,1,, -1,1,5,1,80,15,12,5,49,49323,1,6,0,2,La Haie Joulain,47.51552,-0.457939,19,2,2
202100027039,153Â 383,B01,1,1,1,5,1,0,-1,-1, -1,-1,2021,52.0,1,2,0,0,1,1,1,,1,A86 INT,0,,3,6,0,1,30,899,1,, -1,2,0,1,90,26,7,1,94,94052,1,1,1,2,A86 INT,48.84421,2.49233,13,3,2
202100022525,161Â 367,A01,1,1,1,5,2,6,-1,0,0,-1,2021,63.0,2,1,13,0,1,1,1,,3,93,-1,,2,2,0,1,44,900,1,, -1,1,0,3,80,27,8,1,26,26248,1,1,0,6,Route de Die,44.757217,5.268824,17,1,1
202100023299,159Â 969,A01,1,1,1,0,2,8,-1,0,0,-1,2021,46.0,1,1,0,2,1,2,1,,4,BERTRAND (BOULEVARD),0,,2,3,0,1,1,0,1,, -1,2,0,1,50,18,8,5,14,14118,2,1,1,1,Boulevard Bertrand,49.18033,-0.3688,23,2,2
202100030297,147Â 611,A01,1,1,1,0,1,-1,-1,0,0,-1,2021,71.0,1,2,0,2,1,1,1,,2,1,-1,,-1,2,0,4,51,700,2,,7,2,0,1,-1,7,7,1,973,97304,1,1,1,1,RN1,5.117126,-52.647514,6,3,2
202100042981,124Â 843,B01,1,1,1,5,2,-1,-1,0,0,-1,2021,54.0,3,1,0,2,2,0,0,,4,7,0,D,2,2,0,2,0,0,4,, -1,1,0,1,50,22,4,1,6,6128,1,1,1,3,616 chemin des salettes,43.691782,7.118266,14,2,2
202100000442,200Â 915,A01,1,1,1,1,0,-1,-1,0,0,-1,2021,20.0,1,1,0,2,1,5,5,,3,29,0,D,2,2,0,1,4,500,1,, -1,1,0,1,80,28,9,1,38,38511,1,1,0,1,route dÃ©partemantale 29,45.3528241,5.961199,12,2,2
202100010224,183Â 435,A01,1,1,2,0,1,-1,-1,0,0,-1,2021,26.0,1,2,4,0,3,0,1,,1,9,0,A,3,5,0,1,105,500,1,, -1,3,0,1,110,30,10,3,34,34270,1,1,1,6,A9,43.562742,3.831444,23,2,1
202100013503,177Â 594,A01,1,1,1,0,2,0,-1,-1, -1,-1,2021,27.0,2,1,0,2,1,17,0,,4,ORIO (ROUTE D'),0,,2,2,0,1,35,0,2,, -1,1,0,1,50,13,10,1,64,64545,1,1,0,5,ORIO (ROUTE D'),43.3559246329,-1.7461535648,16,5,3
202100041935,126Â 662,A01,10,3,2,5,0,-1,-1,4,3,1,2021,73.0,3,1,0,1,1,3,1,,4,PONT DE SULLY,0,,2,3,3,1,(1),(1),1,, -1,1,2,1,30,30,4,1,75,75104,2,4,0,6,PONT DE SULLY,48.850434,2.360082,11,2,1
202100036308,136Â 785,B01,2,2,2,5,1,-1,-1,0,0,-1,2021,40.0,2,2,3,0,4,1,1,,2,249,-1,,3,4,0,1,70,160,1,3,14,1,0,1,110,6,6,1,79,79079,1,1,0,2,,46.937261,-0.747623,18,4,2
202100046725,118Â 252,A01,10,3,1,0,0,-1,-1,2,3,1,2021,25.0,1,3,0,1,1,26,1,1.0,4,GAMBETTA                            (CO),0,,2,4,3,1,(1),(1),1,, -1,1,0,1,50,24,3,1,69,69387,2,1,0,6,GAMBETTA (CR),45.75088,4.85555,16,2,1
202100015700,173Â 607,A01,1,1,2,1,1,-1,-1,0,0,-1,2021,27.0,1,2,15,0,1,0,1,,7,610,-1,,2,2,0,1,0,1185,1,, -1,1,0,1,70,3,10,3,34,34327,1,1,0,6,D610,43.662319,3.967345,5,1,1
202100035740,137Â 826,B01,1,1,1,0,8,0,-1,-1, -1,-1,2021,17.0,2,1,0,2,0,0,1,,3,RD 6113,0,,1,2,0,1,(1),(1),1,, -1,1,0,8,90,7,6,3,11,11069,1,1,0,6,RD 6113,43.2045,2.4096,5,4,4
202100055070,103Â 373,B01,1,1,1,4,8,0,-1,0,0,-1,2021,55.0,1,1,0,2,1,1,5,,4,RUE LACAZE,0,,2,2,2,2,(1),(1),1,, -1,1,0,1,50,14,1,1,75,75114,2,1,0,3,RUE LACAZE,48.824907,2.330667,9,2,2
202100029256,149Â 462,B01,1,1,1,0,1,0,-1,-1, -1,-1,2021,55.0,2,5,0,2,4,2,1,,1,AUTOROUTE A104,0,,3,7,0,1,0,899,1,, -1,2,0,1,90,13,7,1,93,93078,1,1,1,2,AUTOROUTE A104,48.9712217736,2.4988746643,9,3,2
202100011491,181Â 187,A01,1,1,1,2,0,-1,-1,0,0,-1,2021,15.0,3,1,0,2,7,1,5,,4,,-1,,2,2,0,1,(1),(1),3,,4,1,0,1,50,20,10,2,33,33199,2,6,0,3,Cours de la Marne,44.633757,-1.059633,8,2,2
202100037635,134Â 386,A01,10,3,2,5,0,-1,-1,2,5,1,2021,8.0,2,2,0,1,1,1,1,,3,ROCHES (RUE DES),0,,2,2,0,1,1,0,1,, -1,1,0,1,30,29,5,1,93,93048,2,1,0,6,Boulevard de la BoissiÃ¨re,48.8769139428,2.4648749828,16,2,1
202100021965,162Â 367,A01,1,1,1,1,1,-1,-1,0,0,-1,2021,42.0,2,2,0,2,3,13,1,,3,7,0,,2,3,0,1,82,200,1,, -1,1,0,1,80,30,8,1,83,83086,1,1,0,1,Route de Frejus,43.468315,6.58639,15,2,2
202100027586,152Â 416,A01,10,3,1,1,0,-1,-1,5,2,1,2021,21.0,1,5,12,1,-1,14,1,,3,ALSACE-LORRAINE (BOULEVARD),0,,2,2,0,1,0,0,1,, -1,1,0,1,50,22,7,1,93,93064,2,1,0,6,ALSACE-LORRAINE (BOULEVARD),48.883801,2.489036,13,2,1
202100017467,170Â 402,A01,5,2,2,0,1,0,-1,-1, -1,-1,2021,7.0,1,2,0,2,6,19,1,,2,LIEVRE D'OR (RUE DU),0,,2,2,0,1,1,0,1,, -1,1,0,1,50,22,9,2,28,28134,2,2,0,3,LIEVRE D'OR (RUE DU),48.73498,1.38731,19,6,2
202100038320,133Â 143,B01,2,2,2,5,8,-1,-1,-1, -1,-1,2021,21.0,2,2,0,2,8,1,1,,4,SEBASTIEN GRYPHE                    (R ),0,,1,1,2,1,(1),(1),1,, -1,1,0,1,50,25,5,1,69,69387,2,2,0,3,SEBASTIEN GRYPHE (R),45.75083,4.84246,9,5,2
202100044894,121Â 473,A01,1,1,1,1,1,-1,-1,0,0,-1,2021,49.0,1,2,0,5,1,1,1,,2,1,-1,,2,2,0,1,298,500,1,, -1,1,0,1,90,8,4,3,988,98831,1,1,0,6,RT1,-20.982352,164.720013,4,1,1
202100031308,145Â 777,B01,1,1,1,5,2,0,-1,0,0,-1,2021,75.0,2,1,0,2,2,1,1,,4,PLACE DE L OPERA,0,,-1,3,0,1,(1),(1),1,, -1,1,0,1,50,1,7,2,75,75102,2,7,0,3,PLACE DE L OPERA,48.870572,2.332161,20,2,2
202100031257,145Â 873,B01,2,2,1,5,1,-1,-1,0,0,-1,2021,14.0,2,2,0,2,4,1,1,,7,69,0,,2,2,0,1,6,0,1,, -1,1,0,1,80,1,7,3,13,13044,1,1,0,5,D69,43.617973,5.033561,23,4,3
202100054542,104Â 281,A01,1,1,1,0,2,6,-1,-1, -1,-1,2021,30.0,2,1,0,2,2,2,1,,1,AUTOROUTE A6A,0,,3,6,0,1,3,250,1,, -1,2,0,1,90,18,1,1,94,94038,2,1,0,2,AUTOROUTE A6A,48.77738,2.3461,12,2,2
202100034603,139Â 861,A01,1,1,1,1,2,6,-1,-1, -1,-1,2021,19.0,1,1,16,0,0,1,1,,3,,0,,2,2,0,1,13,748,3,, -1,1,5,1,70,12,6,1,4,4112,1,6,0,7,VOLX (AV.DE),43.84377,5.81005,15,2,1
202100033144,142Â 513,A01,2,2,1,5,1,-1,-1,0,0,-1,2021,51.0,2,2,13,2,1,17,1,,1,13,0,,1,5,0,3,53,180,1,, -1,2,0,1,110,22,6,1,78,78531,1,1,1,2,A13 Point kilomÃ©trique 054.00,48.998296,1.613574,13,4,2