Num_Acc,id_vehicule,num_veh,place,catu,sexe,trajet,secu1,secu2,secu3,locp,actp,etatp,year_acc,victim_age,senc,catv,obs,obsm,choc,manv,motor,occutc,catr,voie,v1,v2,circ,nbv,vosp,prof,pr,pr1,plan,lartpc,larrout,surf,infra,situ,vma,jour,mois,lum,dep,com,agg_,int,atm,col,adr,lat,long,hour,nb_victim,nb_vehicules
202100031300,145Â 791,A01,1,1,1,9,2,0,-1,0,0,-1,2021,58.0,1,1,14,0,1,14,1,,4,RUE FROIDEVAUX,0,,2,3,0,1,(1),(1),1,, -1,1,0,1,50,2,7,2,75,75114,2,7,0,6,RUE FROIDEVAUX,48.834749,2.331174,5,1,1
202100041776,126Â 940,A01,1,1,1,5,2,8,-1,-1, -1,-1,2021,44.0,1,1,0,0,0,1,1,,3,BADUEL (ROUTE DE),0,,2,2,0,1,3,50,1,, -1,1,0,1,50,1,5,1,973,97302,2,1,0,7,BADUEL (ROUTE DE),4.92995,-52.30412,10,1,1
202100027297,152Â 936,A01,2,2,2,5,1,-1,-1,0,0,-1,2021,91.0,1,2,6,0,2,0,1,,3,517,-1,,2,2,0,1,23,200,1,, -1,1,0,3,50,25,7,1,38,38515,2,1,0,6,Route de CrÃ©mieu,45.683641,5.312158,16,2,1
202100005482,191Â 992,A01,2,2,1,5,1,5,-1,-1, -1,-1,2021,25.0,1,2,4,0,1,19,1,,3,RTE DE LIMOURS,0,,1,2,0,3,(1),(1),1,, -1,2,2,1,50,28,11,5,91,91021,2,9,1,7,RTE DE LIMOURS,48.5988,2.24495,7,2,1
202100018969,167Â 731,B01,1,1,2,5,0,-1,-1,0,0,-1,2021,53.0,1,2,0,2,7,1,1,,4,LOUBET (Rue Paul),0,,2,2,0,1,(1),(1),1,, -1,1,0,1,30,14,9,1,26,26198,2,3,0,3,Rue Paul Loubet,44.565895,4.749043,10,2,2
202100039688,130Â 638,B01,1,1,1,1,2,6,-1,-1, -1,-1,2021,35.0,3,1,0,0,0,1,1,,4,,0,,2,2,0,1,(1),(1),1,, -1,1,5,1,50,12,5,1,69,69290,2,6,0,7,LYONNAIS (DU) (R),45.70127,4.89998,16,2,2
202100007561,188Â 227,B01,1,1,1,1,1,0,-1,-1, -1,-1,2021,35.0,1,2,0,2,1,1,1,,3,RUE ROGER GERVOLINO,0,,2,2,0,1,0,0,1,, -1,1,0,1,50,11,11,3,988,98818,2,1,0,1,RUE ROGER GERVOLINO,-22.2615,166.47071,19,3,2
202100014731,175Â 379,B01,1,1,1,0,1,0,-1,-1, -1,-1,2021,36.0,1,2,0,2,4,23,1,,2,104,0,,1,2,0,1,39,200,1,, -1,1,0,1,70,7,10,3,91,91521,1,1,0,4,RN 104,48.627972,2.40062,7,5,4
202100029436,149Â 163,Z01,10,3,2,0,0,-1,-1,2,3,1,2021,18.0,1,1,0,1,1,2,1,,4,MENDES FRANCE (AVENUE),0,,2,6,0,1,1,0,1,, -1,1,0,1,50,11,7,5,13,13208,2,1,0,1,MENDES FRANCE (AVENUE),43.2555039459,5.3764447443,4,2,1
202100000082,201Â 607,B01,1,1,1,0,2,0,-1,-1, -1,-1,2021,17.0,2,1,0,2,1,17,1,,4,CARNOT (AVENUE),0,,-1,3,0,2,(1),(1),1,, -1,1,0,1,50,14,12,1,78,78172,2,2,0,3,CARNOT (AVENUE),48.995974,2.094474,16,3,2
202100006861,189Â 518,A01,10,3,2,1,4,-1,-1,2,3,1,2021,54.0,1,3,0,1,3,1,2,,3,04,0,D,2,2,0,1,10,990,1,, -1,1,4,1,50,22,11,1,29,29004,2,8,0,6,Rue de la Gare,47.927184,-3.707285,12,2,1
202100042226,126Â 149,B01,2,1,1,0,2,6,-1,-1, -1,-1,2021,48.0,2,1,0,2,1,1,1,,3,GAMBETTA AV.,0,,2,2,0,1,0,1,1,, -1,1,0,1,50,28,4,1,93,93006,2,1,0,3,GAMBETTA AV.,48.86915,2.41547,12,2,2
202100020062,165Â 763,B01,1,1,1,5,2,6,-1,-1, -1,-1,2021,68.0,2,1,0,2,6,2,0,,3,CLAYE  (RUE DE  ),0,,2,2,0,2,9,102,2,, -1,1,0,1,50,8,9,1,77,77464,2,4,0,2,D418,48.8849,2.70656,11,2,2
202100046396,118Â 840,A01,10,3,1,2,0,-1,-1,3,3,2,2021,5.0,2,2,0,1,8,1,1,,4,GALLIENI (AVENUE DU GENERAL),0,,2,2,0,1,0,0,1,, -1,1,1,1,50,26,3,1,93,93077,2,3,0,6,GALLIENI (AVENUE DU GENERAL),48.8912437218,2.5077495526,16,2,1
202100052633,107Â 647,A01,1,1,1,4,1,-1,-1,0,0,-1,2021,55.0,0,4,0,2,1,1,1,,3,D134,-1,,2,2,0,1,(1),(1),1,, -1,1,8,1,70,3,2,2,38,38556,1,2,0,3,Route de la Chapelle,45.382281,4.84128,7,4,2
202100011164,181Â 775,A01,1,1,1,4,1,-1,-1,0,0,-1,2021,46.0,2,4,0,0,3,16,1,,3,33,0,,2,1,0,1,31,100,1,,3,1,0,3,80,25,10,1,53,53042,1,3,0,7,La ReculÃ©e,48.40754,-0.746748,14,1,1
202100039828,130Â 386,A01,1,1,2,1,1,-1,-1,0,0,-1,2021,33.0,1,2,0,2,1,1,1,,4,GUILLOU (BOULEVARD YVES),0,,3,4,0,1,1,0,1,, -1,1,0,1,50,15,5,1,14,14118,2,3,0,3,Boulevard Yves Guillou,49.17671,-0.3683,16,2,2
202100029715,148Â 681,A01,9,2,2,0,1,-1,-1,0,0,-1,2021,33.0,3,2,0,2,7,19,1,,3,52,-1,,2,2,0,2,(1),(1),1,,4,2,0,1,-1,10,7,3,22,22012,1,2,0,3,D52,48.584507,-2.431111,22,4,2
202100015594,173Â 806,A01,1,1,1,0,1,0,-1,-1, -1,-1,2021,39.0,1,4,4,0,3,16,1,,1,VA007313 LE CHAPITRE A64 Sortie 38,0,,1,1,0,2,285,451,4,, -1,1,3,1,50,1,10,5,31,31555,1,1,0,6,VA007313 LE CHAPITRE A64 Sortie 38,43.5531,1.40957,23,1,1
202100038491,132Â 839,A01,1,1,2,0,1,0,-1,-1, -1,-1,2021,30.0,1,2,0,2,1,2,1,,1,AUTOROUTE A86,0,,-1,2,0,1,51,799,1,, -1,1,1,1,70,24,5,1,94,94034,1,1,0,4,AUTOROUTE A86,48.75946,2.3234,19,6,3
202100053686,105Â 773,A01,1,1,2,0,1,8,-1,-1, -1,-1,2021,29.0,1,2,0,2,5,1,1,,1,A7-Sens Lyon vers Marseille,0,,1,3,0,1,265,300,1,, -1,1,0,1,90,26,1,1,13,13071,1,1,0,2,A7-Sens Lyon vers Marseille,43.4089836588,5.286102891,10,2,2
202100041590,127Â 262,A01,1,1,2,3,0,-1,-1,0,0,-1,2021,21.0,1,1,8,0,1,1,5,,4,,-1,,2,2,0,2,(1),(1),3,, -1,1,9,4,50,3,5,1,61,61214,2,1,0,6,23 Rue des Vaux,48.756037,0.626977,15,1,1
202100021416,163Â 371,A01,1,1,2,0,0,-1,-1,-1, -1,-1,2021,43.0,1,1,0,1,1,1,3,,4,VITTON                              (CO),0,,1,2,2,1,(1),(1),1,, -1,1,-1,1,50,1,9,1,69,69386,2,1,0,6,VITTON (CR),45.76947,4.85211,17,2,1
202100033430,142Â 016,Z01,10,3,1,9,8,8,-1,2,9,1,2021,47.0,2,2,0,1,1,1,0,,4,RUE DESNOUETTES,0,,1,1,0,1,(1),(1),1,, -1,1,0,1,50,18,6,1,75,75115,2,1,0,6,RUE DESNOUETTES,48.835456,2.285876,7,2,1
202100006798,189Â 632,B01,2,2,2,0,1,0,-1,-1, -1,-1,2021,4.0,2,2,0,5,0,0,1,,2,RN12,0,,1,0,0,1,24,0,1,, -1,1,3,1,70,22,11,3,78,78646,1,1,0,2,RN12,48.793016,2.083524,18,3,2
202100016207,172Â 668,A01,10,3,2,2,0,-1,-1,2,3,1,2021,15.0,0,2,0,1,1,2,1,,4,HERAULT (BD),0,,2,2,0,1,1,0,1,, -1,1,9,1,50,23,9,1,22,22278,2,1,0,1,HERAULT (BD),48.5180199045,-2.7549068094,17,2,1
202100007232,188Â 829,B01,1,1,1,5,1,0,-1,0,0,-1,2021,77.0,1,2,0,2,1,1,2,,4,MULLER (AVENUE PAUL),0,,2,3,0,1,(1),(1),1,, -1,2,0,1,50,17,11,2,54,54578,2,2,1,3,MULLER (AVENUE PAUL),48.67029,6.15828,7,2,2
202100036846,135Â 836,A01,1,1,2,0,2,6,-1,-1, -1,-1,2021,35.0,1,1,0,2,0,1,0,,3,JULES GUESDE (QU),0,,2,2,0,1,1,0,1,, -1,1,0,1,50,1,6,5,94,94081,2,3,0,7,Quai Jules Guesde,48.80773,2.40767,22,2,2
202100014493,175Â 805,A01,2,2,2,5,2,6,9,0,0,-1,2021,19.0,2,1,7,0,0,1,1,,3,2,0,D,2,2,0,2,23,200,4,, -1,1,0,3,80,9,10,1,60,60681,1,1,0,7,Route d Ons En Bray,49.4084938784,1.9472215642,14,2,1
202100027646,152Â 302,A01,7,2,2,0,1,-1,-1,0,0,-1,2021,66.0,2,2,15,0,1,1,1,,3,23,0,D,2,2,0,2,20,484,2,, -1,1,0,3,80,22,7,1,971,97118,1,1,0,6,Route de la Traversee,16.204666,-61.634626,13,3,1
202100027514,152Â 545,A01,10,3,1,3,0,-1,-1,5,9,1,2021,69.0,0,2,0,1,1,1,1,,4,MENDES FRANCE. RUE PIERRE,0,,2,2,0,1,0,0,1,, -1,1,0,4,50,22,7,1,76,76681,2,1,0,6,Rue Pierre Mendes-France,49.41293,1.09233,9,2,1
202100047893,116Â 129,C01,1,1,1,4,2,6,-1,0,0,-1,2021,43.0,2,1,0,2,1,2,1,,1,A4,0,,3,8,3,1,5,600,2,, -1,1,0,1,90,15,3,1,75,75112,1,1,0,5,A4,48.825189,2.463736,11,4,4
202100000528,200Â 757,A01,10,3,1,9,0,-1,-1,2,3,1,2021,45.0,1,3,0,1,1,1,3,,4,BOULEVARD NEY,0,,3,6,3,1,(1),(1),1,, -1,1,-1,6,30,12,9,3,75,75118,2,3,0,6,BOULEVARD NEY,48.897737,2.334588,0,2,1
202100051358,109Â 877,A01,2,2,1,5,1,-1,-1,0,0,-1,2021,33.0,1,2,6,0,3,1,1,,1,8,-1,,3,3,0,2,206,0,2,, -1,1,1,1,90,13,2,1,6,6149,1,1,0,7,"Autoroute A8, pk 206.000, chaussÃ©e sud",43.744088,7.359445,13,2,1
202100012636,179Â 125,B01,1,1,1,5,8,8,-1,-1, -1,-1,2021,48.0,1,1,0,2,6,1,5,,3,BERGES DU TARN AVAL DU PONT,0,,2,2,0,1,5,758,1,, -1,1,0,1,80,17,10,1,81,81018,1,1,0,3,BERGES DU TARN AVAL DU PONT,43.95155,2.23393,10,2,2
202100028983,149Â 919,B01,1,1,1,9,2,6,-1,0,0,-1,2021,48.0,3,1,0,2,1,1,1,,4,BOULEVARD VINCENT AURIOL,0,,2,4,0,1,(1),(1),1,, -1,1,0,1,50,14,7,1,75,75113,2,2,0,3,BOULEVARD VINCENT AURIOL,48.8361964597,2.3714992404,17,2,2
202100047579,116Â 717,A01,1,1,2,1,1,-1,-1,0,0,-1,2021,26.0,0,2,13,0,2,1,1,,3,79,-1,,2,2,0,1,2,750,2,, -1,2,0,3,-1,18,3,3,60,60148,1,1,1,7,D79,49.098979,2.853034,21,1,1
202100006678,189Â 845,B01,1,1,1,5,2,-1,-1,-1, -1,-1,2021,47.0,2,1,0,2,4,23,5,,3,RD 783,0,,2,3,0,1,32,450,1,, -1,2,5,1,50,22,11,1,29,29039,1,3,1,2,RD 783,47.87858,-3.90266,9,2,2
202100051943,108Â 858,A01,2,2,2,0,1,0,-1,-1, -1,-1,2021,18.0,1,1,0,0,7,1,1,,4,,0,,1,0,0,1,0,0,1,, -1,7,0,1,30,10,2,2,92,92075,2,1,0,7,JACQUES JEZEQUEL (AVENUE),48.8199891862,2.2903476655,18,2,1
202100033444,141Â 990,A01,1,1,1,5,2,0,-1,-1, -1,-1,2021,61.0,1,1,1,0,1,1,1,,3,50,0,,2,2,1,1,0,0,1,, -1,1,0,1,50,18,6,5,92,92012,2,1,0,6,REPUBLIQUE (BOULEVARD DE LA) 5/77BIS - 6,48.8328760349,2.2474229336,23,2,1
202100045862,119Â 776,B01,1,1,2,3,0,-1,-1,0,0,-1,2021,43.0,2,1,0,2,4,2,5,,3,137a,-1,,2,2,0,1,0,100,2,, -1,1,0,1,50,31,3,1,8,8039,2,1,0,2,Rue d'Ecry,49.458819,4.090243,17,2,2
202100001713,198Â 728,B01,3,2,1,1,1,0,-1,0,0,-1,2021,38.0,1,5,0,2,1,1,1,,4,LOBAU (BOULEVARD),0,,2,4,0,2,(1),(1),1,, -1,1,0,1,50,22,12,5,54,54395,2,1,0,1,rue Gabriel FaurÃ©,48.67723,6.20227,20,4,2
202100025316,156Â 405,B01,1,1,2,0,1,0,-1,-1, -1,-1,2021,23.0,3,2,0,2,4,1,1,,7,D.10,0,,2,2,0,1,0,0,1,, -1,1,0,1,50,6,8,1,13,13063,2,1,0,2,D.10,43.57071,5.01999,19,6,2
202100016854,171Â 493,A01,1,1,1,5,2,0,-1,0,0,-1,2021,19.0,2,1,0,2,1,21,1,,4,ANATOLE FRANCE (RUE),0,,2,2,0,1,(1),(1),1,, -1,1,0,1,50,23,9,1,71,71486,2,3,0,3,ANATOLE FRANCE (RUE),46.6635060776,4.3760370179,16,2,2
202100011157,181Â 791,B01,1,1,1,0,2,6,-1,0,0,-1,2021,53.0,2,1,0,2,1,1,1,,7,6007,-1,M,2,2,0,2,59,8,1,, -1,1,9,1,50,25,10,1,6,6032,2,1,0,3,M6007,43.725999,7.396342,16,3,2
202100053830,105Â 528,B01,1,1,1,5,8,0,-1,-1, -1,-1,2021,55.0,1,1,0,2,6,1,0,,4,RUE DE BRUNOY,0,,2,0,0,1,0,100,1,, -1,2,0,1,30,24,1,1,91,91514,2,3,1,3,RUE DE BRUNOY,48.67764,2.52848,9,2,2
202100035685,137Â 926,A01,10,3,2,5,0,-1,-1,3,3,1,2021,52.0,1,2,0,1,1,1,1,,4,JAURES(BOULEVARD JEAN),0,,2,2,0,2,0,0,1,, -1,1,0,1,50,4,6,1,83,83050,2,1,0,6,JAURES(BOULEVARD JEAN),43.536666,6.466575,9,2,1
202100011446,181Â 261,A01,1,1,1,5,2,-1,-1,0,0,-1,2021,21.0,1,1,0,2,1,1,1,,3,8,0,C,2,2,0,1,19,875,1,, -1,1,0,1,50,23,10,3,62,62447,2,3,0,1,8 Rue du Pont Cacheleux,50.371874,2.044031,19,2,2
202100011641,180Â 915,B01,1,1,2,2,2,0,-1,0,0,-1,2021,16.0,2,1,8,2,6,1,5,,4,AVENUE DENFERT ROCHEREAU,0,,2,2,2,1,(1),(1),1,, -1,1,6,5,30,22,10,1,75,75114,2,7,0,3,AVENUE DENFERT ROCHEREAU,48.834526,2.332655,8,2,2
202100021807,162Â 642,A01,1,1,2,1,2,0,-1,0,0,-1,2021,27.0,2,1,0,2,1,1,3,,4,QUAI DE LA GARE,0,,2,6,1,1,(1),(1),1,, -1,1,0,5,30,28,8,5,75,75113,2,2,0,1,QUAI DE LA GARE,48.83735,2.373883,23,2,2
202100009215,185Â 240,A01,10,3,1,5,0,-1,-1,3,3,2,2021,8.0,2,2,0,0,2,17,2,,3,DIVISION LECLERC (AVENUE DE LA),0,,2,2,0,1,1,0,1,, -1,2,0,1,50,5,11,2,95,95585,2,1,1,6,DIVISION LECLERC (AVENUE DE LA),48.9824717028,2.370051336,16,2,1
202100029919,148Â 327,A01,9,2,1,5,1,-1,-1,0,0,-1,2021,20.0,3,2,6,0,2,15,1,,4,203,0,C,1,1,0,1,(1),(1),2,, -1,1,0,3,50,8,7,1,56,56046,2,6,0,6,Lieu Dit Kerveurh,47.608022,-3.011874,18,3,1
202100041363,127Â 672,A01,1,1,1,5,2,6,9,0,0,-1,2021,55.0,1,1,0,2,8,1,1,,3,918,0,D,3,2,0,1,77,200,3,, -1,1,0,1,50,6,5,1,64,64538,2,1,0,3,Rd 918,43.158745,-1.246337,11,2,2
202100040760,128Â 754,A01,1,1,2,9,1,0,-1,-1, -1,-1,2021,53.0,1,2,4,0,3,26,1,,3,ROCADE OUEST (RD 610),0,,2,4,0,1,14,900,1,, -1,1,3,1,110,8,5,1,10,10321,1,1,0,7,ROCADE OUEST (RD 610),48.29088,4.03589,18,1,1
202100050365,111Â 671,B01,1,1,1,5,2,6,-1,-1, -1,-1,2021,38.0,1,1,0,2,1,1,1,,4,DAUMESNIL (AV),0,,2,2,0,1,1,0,1,, -1,1,0,1,50,22,2,1,94,94067,2,1,0,3,DAUMESNIL (AV),48.833722,2.414443,9,2,2
202100045605,120Â 213,A01,1,1,1,5,2,8,-1,-1, -1,-1,2021,51.0,1,1,0,2,1,13,1,,7,SAUSSET,0,,2,2,0,1,23,200,3,, -1,2,0,1,90,19,3,1,13,13056,1,1,1,1,SAUSSET,43.368841,5.084414,17,2,2
202100007617,188Â 128,A01,1,1,1,0,1,-1,-1,-1, -1,-1,2021,67.0,1,2,0,2,1,1,1,,4,LATTRE DE TASSIGNY (AVENUE DE),0,,2,2,0,1,(1),(1),1,, -1,1,0,1,50,16,11,1,39,39198,2,6,0,5,63 Avenue de Lattre de Tassigny,47.10512,5.49911,12,6,4
202100054053,105Â 126,Z01,10,3,1,0,8,8,-1,3,3,1,2021,57.0,3,2,0,1,1,1,0,,4,LIBERTE (PLACE DE LA),0,,2,2,0,1,0,0,1,, -1,1,6,1,30,21,1,1,64,64102,2,1,0,6,LIBERTE (PLACE DE LA),43.49284,-1.47493,15,2,1
202100015973,173Â 116,A01,10,3,2,0,0,-1,-1,3,3,1,2021,81.0,1,5,0,1,1,15,1,,4,,0,,2,2,1,1,0,0,1,, -1,1,0,1,30,29,9,1,92,92012,2,2,0,6,LE CORBUSIER (RUE),48.8377469444,2.2403802828,12,2,1
202100048995,114Â 175,A01,1,1,1,5,2,-1,-1,0,0,-1,2021,43.0,1,1,0,0,1,13,5,,3,14,-1,,2,2,0,2,6,800,3,, -1,1,0,3,80,6,3,1,202,202201,1,1,0,7,Lieu dit Casanili,42.199784,9.400005,10,1,1
202100001064,199Â 862,B01,2,2,1,4,1,0,-1,0,0,-1,2021,29.0,2,5,0,2,1,1,1,,4,QUAI D ORSAY,0,,3,2,0,1,(1),(1),1,, -1,2,5,1,50,28,12,5,75,75107,2,2,1,3,QUAI D ORSAY,48.862415,2.301944,1,4,2
202100022675,161Â 088,B01,1,1,1,9,1,0,-1,-1, -1,-1,2021,54.0,3,2,0,2,2,1,1,,4,,0,,2,2,0,1,0,0,1,, -1,1,0,1,50,25,8,1,92,92035,2,2,0,3,JOFFRE ( DE 52 A FIN ET DE 61 A FIN ),48.90298,2.24578,15,3,2
202100001616,198Â 910,A01,1,1,1,0,2,8,-1,0,0,-1,2021,22.0,2,1,0,2,3,18,1,,4,BRETON BD ANDRE,0,,4,2,0,1,(1),(1),3,, -1,1,5,1,50,23,12,1,6,6004,2,6,0,5,BRETON BD ANDRE,43.601517,7.074563,15,3,3
202100005960,191Â 140,A01,10,3,1,5,0,-1,-1,2,3,1,2021,73.0,2,2,0,1,1,1,1,,4,Bd VICTOR HUGO,0,,2,1,0,1,(1),(1),1,, -1,2,0,1,50,27,11,1,31,31149,2,1,1,6,Bd VICTOR HUGO,43.61745,1.3195,10,2,1
202100025011,156Â 943,B01,2,2,2,5,1,8,-1,-1, -1,-1,2021,20.0,1,2,0,2,6,20,1,,4,SAKAKINI (BOULEVARD),0,,-1,2,0,1,0,0,1,, -1,1,0,1,50,8,8,5,13,13205,2,9,0,2,SAKAKINI (BOULEVARD),43.29,5.4,3,3,2
202100043418,124Â 053,A01,10,3,2,0,0,-1,-1,4,3,1,2021,68.0,0,2,0,1,2,2,1,,4,AV JEAN ALLEMANE,0,,2,2,0,1,0,0,1,, -1,1,5,1,50,16,4,1,91,91589,2,3,0,6,AV JEAN ALLEMANE,48.686987,2.34126,9,2,1
202100041410,127Â 582,B01,1,1,1,9,2,0,-1,0,0,-1,2021,53.0,0,1,0,2,0,18,5,,4,AVENUE WINSTON CHURCHILL,0,,2,6,0,1,(1),(1),1,, -1,1,0,1,50,4,5,1,75,75108,2,2,0,3,AVENUE WINSTON CHURCHILL,48.867747,2.313977,19,2,2
202100056161,101Â 500,B01,1,1,1,2,2,6,-1,-1, -1,-1,2021,16.0,1,1,0,2,1,19,1,,3,EST (BOULEVARD DE L'),0,,3,4,1,1,22,730,1,, -1,2,5,1,50,4,1,5,50,50602,2,2,1,1,EST (BOULEVARD DE L'),49.63517,-1.58647,17,2,2
202100010674,182Â 642,D01,1,1,1,5,1,-1,-1,-1,0,-1,2021,22.0,1,2,0,2,4,2,1,,1,AUTOROUTE A1,0,,3,7,0,1,15,399,1,, -1,1,0,1,110,28,10,1,95,95277,1,1,0,4,A1,48.981734,2.500006,15,5,4
202100038487,132Â 847,A01,1,1,1,1,1,0,-1,-1, -1,-1,2021,30.0,1,2,0,2,4,2,1,,1,A507 sens Aubagne- Marseille,0,,1,3,0,1,6,260,1,, -1,1,1,1,70,25,5,1,13,13055,1,1,0,4,A507 sens Aubagne- Marseille,43.3097531994,5.4247784615,9,3,3
202100002436,197Â 416,A01,10,3,1,9,0,-1,-1,8,2,1,2021,33.0,3,2,1,2,3,18,1,,4,PRADO (AVENUE DU),0,,2,6,0,1,0,0,1,, -1,2,0,6,50,17,12,1,13,13208,2,3,0,5,PRADO (AVENUE DU),43.2695790275,5.387077712,8,3,2
202100019471,166Â 833,B01,2,2,1,0,1,-1,-1,-1, -1,-1,2021,31.0,0,2,0,2,8,16,1,,7,JAURES. AVENUE JEAN,0,,2,2,0,1,63,300,1,, -1,1,-1,1,50,10,9,5,76,76319,2,2,0,3,Avenue Jean JaurÃ¨s,49.34824,0.99269,21,3,2
202100039428,131Â 123,A01,1,1,1,1,1,0,-1,-1, -1,-1,2021,35.0,1,0,6,0,1,14,1,,3,MOULIN (CHEMIN DU),0,,2,2,0,1,53,345,3,, -1,1,0,4,70,18,5,1,77,77172,2,4,0,1,MOULIN (CHEMIN DU),48.36028,2.97073,16,1,1
202100004254,194Â 151,B01,1,1,1,1,2,0,-1,-1, -1,-1,2021,36.0,1,1,0,2,1,1,1,,4,SAUXMARAIS (RUE DE),0,,2,2,0,1,0,0,1,, -1,2,0,1,50,4,12,1,50,50129,2,2,1,1,SAUXMARAIS (RUE DE),49.63116,-1.58592,13,2,2
202100051334,109Â 913,A01,10,3,2,0,0,-1,-1,3,3,1,2021,86.0,3,2,0,1,3,15,1,,4,HUIT MAI 45 (RUE DU),0,,2,0,0,2,0,0,1,, -1,2,0,1,50,2,2,1,92,92025,2,3,1,6,HUIT MAI 45 (RUE DU),48.9229433926,2.2590261698,11,2,1
202100014518,175Â 759,B01,1,1,1,5,2,6,-1,0,0,-1,2021,15.0,2,1,12,2,7,17,1,,4,,-1,,2,2,0,1,(1),(1),1,,3,1,0,1,50,8,10,1,69,69072,2,9,0,3,PEUPLIERS (DES) (CHM),45.8143214514,4.7582763433,16,2,2
202100007145,188Â 998,A01,1,1,1,0,2,6,-1,-1, -1,-1,2021,31.0,1,1,0,2,7,15,1,,4,FENELON                             (R ),0,,-1,1,2,1,(1),(1),1,, -1,1,0,1,50,18,11,1,69,69386,2,3,0,3,VENDOME (R),45.76448,4.84585,12,2,2
202100010069,183Â 696,B01,1,1,2,2,1,-1,-1,0,0,-1,2021,36.0,1,2,0,0,2,1,1,,3,9,0,,2,2,0,1,52,150,1,, -1,1,0,1,50,19,10,1,51,51367,2,3,0,3,Rue dâOiry,48.9508083083,4.0299517168,16,2,2
202100012583,179Â 226,A01,1,1,1,5,1,-1,-1,0,0,-1,2021,33.0,2,2,13,0,2,1,1,,3,99,0,,2,2,0,1,16,450,1,, -1,1,0,3,90,17,10,3,14,14679,1,1,0,6,D99,49.232028,-0.753062,4,1,1
202100004574,193Â 600,A01,1,1,1,5,2,6,-1,0,0,-1,2021,59.0,1,1,0,0,0,1,1,,3,455,0,,2,2,0,2,0,100,1,, -1,2,0,1,70,5,12,1,61,61426,1,1,1,7,Lieu Dit le Nouveau Monde,48.376282,0.548353,16,1,1
202100017605,170Â 152,A01,1,1,2,4,1,0,-1,-1, -1,-1,2021,40.0,1,2,0,2,1,17,1,,2,RN3 (1),0,,1,2,0,2,56,0,1,, -1,1,0,1,90,21,9,1,974,97416,1,1,0,2,RN3 (1),-21.30619,55.49883,8,2,2
202100012437,179Â 479,A01,1,1,1,5,1,8,-1,-1, -1,-1,2021,25.0,1,2,3,0,1,13,1,,4,ARAGO (RUE  DOMINIQUE ),0,,1,2,0,1,(1),(1),1,, -1,1,0,3,70,15,10,5,56,56098,2,1,0,6,ARAGO (RUE  DOMINIQUE ),47.77889,-3.34374,21,1,1
202100035203,138Â 774,A01,10,3,1,2,0,-1,-1,5,1,2,2021,15.0,2,2,1,1,0,20,1,,4,CORNICHE (BOULEVARD DE LA),0,,2,2,0,1,(1),(1),1,, -1,1,0,4,50,10,6,1,42,42095,2,1,0,6,Boulevard de la Corniche,45.37866,4.28696,13,4,1
202100016796,171Â 593,A01,1,1,1,1,2,6,-1,-1, -1,-1,2021,32.0,1,1,6,0,8,13,1,,4,PERIPHERIQUE NORD (TUNNEL DE CALUIRE(BD),0,,1,2,0,1,(1),(1),1,, -1,1,1,4,70,23,9,1,69,69034,2,1,0,6,CALUIRE (DE) (TU),45.78825,4.85657,8,1,1
202100037246,135Â 103,A01,1,1,1,0,1,8,-1,-1, -1,-1,2021,72.0,2,2,0,2,2,15,1,,7,COURS JEAN JAURÃS,0,,3,-1,1,1,92,600,1,, -1,1,0,1,50,4,5,1,38,38151,2,1,0,3,Cours Jean Jaures,45.14906,5.70598,9,2,2
202100035696,137Â 906,A01,1,1,1,4,1,-1,-1,0,0,-1,2021,55.0,1,5,0,2,2,1,1,,3,UNIVERSITE (ROND POINT DE L'),0,,3,4,0,1,50,30,1,, -1,1,0,3,50,8,6,1,65,65440,2,1,0,2,UNIVERSITE (ROND POINT DE L'),43.223568,0.046096,11,2,2
202100054695,104Â 022,B01,2,2,1,4,1,0,-1,-1, -1,-1,2021,41.0,1,2,0,2,4,23,1,,4,R DE BOURGOGNE ,0,,-1,2,0,1,1,0,1,, -1,5,0,1,50,16,1,1,94,94075,2,1,1,2,BOURGOGNE (R DE),48.72349,2.52853,15,3,2
202100029537,148Â 995,A01,1,1,1,5,1,-1,-1,0,0,-1,2021,31.0,1,2,2,0,1,0,1,,3,30,0,D,2,2,0,2,10,0,1,, -1,1,0,3,70,28,6,2,69,69121,2,1,0,6,D30,45.861721,4.690754,21,1,1
202100042170,126Â 244,B01,1,1,1,0,8,0,-1,-1, -1,-1,2021,48.0,2,1,0,2,1,1,5,,4,,0,,2,2,0,1,0,0,1,, -1,1,0,1,30,27,4,1,67,67482,2,3,0,3,CHARMILLE (RUE DE LA),48.58099,7.71889,17,2,2
202100028312,151Â 087,B01,1,1,2,1,1,0,-1,-1, -1,-1,2021,23.0,2,2,0,2,1,17,1,,2,RCEA-  RN 145,0,,1,4,0,1,14,500,1,, -1,1,9,1,110,17,7,1,3,3262,1,1,0,1,RCEA-  RN 145,46.376083,2.593658,9,2,2
202100050857,110Â 773,A01,1,1,2,0,1,-1,-1,-1, -1,-1,2021,80.0,3,2,6,0,1,26,1,,4,COLONEL MANHES (DU)                 (R ),0,,1,1,0,2,(1),(1),2,, -1,1,0,4,50,19,2,1,69,69259,2,1,0,6,COLONEL MANHES (DU) (R),45.699863167,4.8783282194,10,1,1
202100007638,188Â 093,B01,1,1,1,4,1,0,-1,-1, -1,-1,2021,36.0,3,2,0,2,3,1,1,,2,RD 1569,0,,2,0,0,1,1,0,1,, -1,1,0,1,80,17,11,1,13,13047,1,3,0,3,RD 1569,43.5002511539,4.9665336885,14,3,2
202100012763,178Â 907,A01,10,3,1,0,0,-1,-1,4,3,1,2021,79.0,1,2,0,1,1,1,1,,3,2,0,,2,2,2,1,36,952,1,, -1,1,0,1,50,17,10,1,34,34023,2,2,0,6,Route de SÃ¨te,43.443385,3.696685,11,2,1