Num_Acc,id_vehicule,num_veh,place,catu,sexe,trajet,secu1,secu2,secu3,locp,actp,etatp,year_acc,victim_age,senc,catv,obs,obsm,choc,manv,motor,occutc,catr,voie,v1,v2,circ,nbv,vosp,prof,pr,pr1,plan,lartpc,larrout,surf,infra,situ,vma,jour,mois,lum,dep,com,agg_,int,atm,col,adr,lat,long,hour,nb_victim,nb_vehicules
202100055243,103Â 077,A01,1,1,1,4,1,-1,-1,0,0,-1,2021,51.0,0,4,0,0,0,1,1,,3,26,0,D,2,2,0,1,23,100,4,, -1,2,0,3,70,14,1,3,60,60531,1,1,1,7,D26,49.4210003639,2.6988850915,7,1,1
202100036865,135Â 801,A01,10,3,1,0,0,-1,-1,1,3,1,2021,5.0,0,2,0,1,1,12,1,,4,LOUIS BLERIOT (ALLEE),0,,2,2,0,1,0,0,1,, -1,1,0,1,50,2,6,2,93,93014,2,1,0,6,Allee Louis Bleriot,48.907965,2.541455,20,2,1
202100006243,190Â 642,B01,1,1,1,5,8,0,-1,-1, -1,-1,2021,23.0,1,1,0,2,1,1,5,,4,LETANDUERE,0,,2,2,0,1,1,0,1,, -1,1,0,1,30,24,11,1,49,49007,2,1,0,3,LETANDUERE,47.4517,-0.55304,17,3,2
202100004368,193Â 950,A01,2,2,2,9,1,-1,-1,-1, -1,-1,2021,19.0,2,2,4,0,8,2,1,,1,ROCADE A 630,0,,3,8,0,1,4,809,1,, -1,2,3,1,70,7,12,5,33,33063,1,1,1,6,ROCADE A 630,44.884101,-0.558683,2,2,1
202100054499,104Â 356,B01,1,1,1,5,2,6,-1,0,0,-1,2021,66.0,2,1,0,2,8,1,1,,7,D14,0,,2,2,0,1,2,500,1,, -1,1,5,1,50,19,1,1,31,31116,2,1,0,1,Route de Villemur,43.702924,1.43039,16,2,2
202100030094,147Â 986,B01,1,1,1,0,2,6,9,0,0,-1,2021,24.0,1,1,0,0,0,2,1,,3,1006,0,D,1,4,0,1,(1),(1),1,, -1,1,0,1,70,9,7,1,38,38193,1,1,0,3,D1006,45.6106139152,5.2114167809,19,2,2
202100002380,197Â 528,A01,1,1,2,0,1,8,-1,-1, -1,-1,2021,53.0,0,2,1,0,0,14,1,,4,BELLES CROIX (RUE DES),0,,2,2,0,1,0,0,1,, -1,1,0,3,50,16,12,1,91,91223,2,1,0,7,BELLES CROIX (RUE DES),48.4238,2.13627,15,1,1
202100026990,153Â 469,A01,1,1,1,1,0,-1,-1,0,0,-1,2021,44.0,3,2,0,0,1,26,1,,4,,-1,,-1,2,0,1,0,0,3,,4,1,0,1,80,27,7,1,55,55438,1,1,0,1,Chemin de Wallou,49.324605,5.076381,13,2,2
202100039219,131Â 519,A01,10,3,2,3,0,-1,-1,2,3,1,2021,75.0,3,2,0,1,3,15,1,,6,,-1,,-1,-1,0,1,(1),(1),1,, -1,1,0,8,50,20,5,1,22,22339,2,1,0,6,ZONE COMMERCIALE DE DOMBRIAND,48.476933,-2.043833,11,2,1
202100002125,197Â 997,A01,1,1,1,5,1,0,-1,-1, -1,-1,2021,58.0,2,2,1,0,1,19,1,,3,MONTHLERY (ROUTE DE),0,,2,2,0,2,0,0,3,, -1,1,0,8,50,19,12,5,91,91471,2,1,0,6,MONTHLERY (ROUTE DE),48.690779,2.181297,19,2,1
202100007721,187Â 958,A01,10,3,2,0,8,-1,-1,2,3,1,2021,82.0,1,2,0,1,3,9,1,,4,,0,,2,2,0,3,(1),(1),1,,4,1,6,1,30,3,11,5,91,91200,2,6,0,6,Chemin de Beaurepaire,48.525073,2.035735,7,2,1
202100043691,123Â 587,A01,1,1,1,5,6,2,9,0,0,-1,2021,23.0,1,1,13,0,0,1,1,,3,57,-1,,2,2,0,1,2,600,2,, -1,1,0,3,80,17,4,1,10,10209,1,1,0,7,route dÃ©partementale 57,48.250426,4.273124,17,1,1
202100050435,111Â 545,A01,1,1,1,0,1,0,-1,-1, -1,-1,2021,32.0,2,2,0,0,9,26,1,,3,RD 41 (ROCADE),0,,3,4,0,2,0,10,3,, -1,2,2,1,60,21,2,3,972,97209,1,1,1,6,RD 41 (ROCADE),14.61401,-61.0528,0,1,1
202100002661,197Â 025,A01,1,1,1,0,8,0,-1,-1, -1,-1,2021,70.0,1,2,1,0,1,1,1,,4,DOCTEUR FLEMING (RUE DU),0,,2,2,0,1,1,0,1,, -1,1,0,4,50,16,12,1,93,93005,2,1,0,6,DOCTEUR FLEMING (RUE DU),48.9519605689,2.5179761873,13,1,1
202100023712,159Â 231,B01,2,2,2,5,1,-1,-1,-1, -1,-1,2021,14.0,2,2,0,2,4,23,1,,2,LORIENT (DE),0,,3,4,3,1,0,30,1,, -1,1,0,1,50,17,8,1,35,35238,2,3,0,2,LORIENT (DE),48.10742,-1.71649,10,4,2
202100010669,182Â 653,A01,1,1,2,9,1,0,-1,-1, -1,-1,2021,44.0,1,2,0,2,1,26,1,,1,A13,0,,3,4,0,1,16,500,1,, -1,1,0,1,110,28,10,2,78,78455,1,1,0,2,A13,48.85797,2.05277,18,2,2
202100014112,176Â 464,A01,1,1,1,9,1,4,-1,-1, -1,-1,2021,22.0,2,2,0,2,4,1,1,,1,A86 EXT,0,,1,3,0,1,43,299,1,, -1,1,0,1,90,9,10,3,94,94081,1,1,0,2,A86 INT,48.7740034256,2.4056004171,23,2,2
202100035819,137Â 682,A01,10,3,2,5,0,-1,-1,2,9,1,2021,84.0,3,2,0,1,2,1,1,,3,924,-1,,2,2,0,1,(1),(1),1,, -1,1,0,1,50,9,6,1,50,50639,2,1,0,6,Rue du GÃ©nÃ©ral de Gaulle,48.836846,-1.221298,15,2,1
202100019619,166Â 569,B01,5,2,1,0,1,-1,-1,-1, -1,-1,2021,46.0,3,3,0,2,1,1,1,4.0,4,GAMBETTA                            (R ),0,,2,2,0,1,(1),(1),1,, -1,1,0,1,50,10,9,1,69,69259,2,3,0,3,GAMBETTA (R),45.69853,4.88297,14,5,2
202100003001,196Â 411,A01,1,1,1,5,1,-1,-1,0,0,-1,2021,18.0,2,2,15,0,6,1,1,,3,105,-1,,2,2,0,1,(1),(1),3,, -1,2,0,1,80,15,12,1,58,58206,1,1,0,7,D105,47.334664,3.43679,15,1,1
202100020518,164Â 958,B01,1,1,1,5,2,-1,-1,-1, -1,-1,2021,18.0,0,1,0,2,1,1,1,,4,LEMARESQUIER (RUE AUGUSTIN),0,,2,2,0,1,(1),(1),1,, -1,1,0,1,50,3,9,4,50,50602,2,2,0,1,LEMARESQUIER (RUE AUGUSTIN),49.64757,-1.57823,21,3,2
202100055841,102Â 060,A01,10,3,2,3,0,-1,-1,3,3,1,2021,72.0,0,3,0,1,1,15,0,1.0,4,GABRIEL PERI (RUE),0,,1,1,0,1,0,0,2,, -1,1,0,1,50,8,1,1,93,93071,2,1,0,6,GABRIEL PERI (RUE),48.9412422298,2.5320715393,14,2,1
202100039496,131Â 007,B01,3,2,2,2,1,-1,-1,0,0,-1,2021,18.0,0,3,0,2,3,1,1,2.0,4,,-1,,2,2,0,1,(1),(1),1,, -1,2,0,1,70,19,5,1,60,60203,1,1,1,1,Chemin des Meuniers,49.227617,2.862024,17,3,2
202100038383,133Â 029,A01,10,3,1,0,0,-1,-1,2,3,1,2021,72.0,0,1,0,1,1,26,1,,4,JULES CANTINI (AVENUE),0,,-1,2,0,1,(1),(1),3,, -1,1,0,1,50,20,5,1,13,13206,2,2,0,6,JULES CANTINI (AVENUE),43.282981,5.389096,15,2,1
202100014715,175Â 412,B01,1,1,1,5,2,6,-1,0,0,-1,2021,55.0,3,1,0,2,1,1,1,,4,,-1,,2,2,0,1,(1),(1),1,,5,1,0,1,50,8,10,1,14,14762,2,3,0,3,Avenue de Bischwiller,48.856661,-0.872877,11,2,2
202100028898,150Â 068,A01,10,3,1,5,0,-1,-1,1,9,1,2021,49.0,3,2,0,1,1,1,1,,4,,-1,,-1,-1,0,2,(1),(1),1,,3,1,0,1,50,14,7,3,56,56111,1,1,0,6,Truda,47.639821,-2.349626,5,2,1
202100034217,140Â 581,A01,1,1,1,0,2,8,-1,-1, -1,-1,2021,43.0,1,1,4,2,8,0,1,,1,AUTOROUTE A1,0,,1,6,3,1,3,200,1,, -1,1,0,1,90,14,6,5,972,97213,1,1,0,5,AUTOROUTE A1,14.61759,-61.0184,21,5,4
202100023140,160Â 254,A01,1,1,2,1,1,0,-1,-1, -1,-1,2021,28.0,2,2,0,2,1,2,1,,2,FONTAINEBLEAU (AV DE),0,,1,2,0,1,0,0,1,, -1,1,0,1,70,21,8,1,94,94065,1,1,0,2,FONTAINEBLEAU (AV DE),48.7465617661,2.3668627738,11,2,2
202100022089,162Â 142,B01,1,1,1,9,2,6,-1,-1, -1,-1,2021,49.0,3,1,0,2,1,12,1,,4,Dr Valette (Rue),0,,2,2,0,1,0,0,1,, -1,1,0,1,50,27,8,1,19,19272,2,9,0,3,Dr Valette (Rue),45.25392,1.75975,12,2,2
202100007372,188Â 577,A01,1,1,2,0,8,0,-1,-1, -1,-1,2021,40.0,2,1,1,0,2,13,5,,3,907,0,,2,2,0,4,0,0,1,, -1,1,0,1,50,19,11,1,92,92064,2,1,0,1,DAILLY,48.8434754829,2.2206705809,12,2,2
202100038709,132Â 444,B01,1,1,1,9,8,-1,-1,0,0,-1,2021,59.0,1,2,0,2,5,15,1,,2,7,0,,2,2,0,1,39,6,1,, -1,1,0,1,80,23,5,1,26,26084,1,3,0,5,Route de lâAncienne Nationale,44.988454,4.879775,20,7,3
202100000053,201Â 652,B01,1,1,1,1,2,4,-1,-1, -1,-1,2021,42.0,1,1,0,2,1,1,1,,3,BRUYERES (RTE DES...NÂ°97et+ ET 66 et+ ),-1,,3,2,0,3,60,165,1,, -1,1,9,8,50,3,11,1,62,62525,2,1,0,3,BRUYERES (RTE DES...NÂ°97et+ ET 66 et+ ),50.732345,2.251291,12,2,2
202100029453,149Â 135,A01,10,3,1,0,0,-1,-1,1,3,1,2021,40.0,2,1,0,1,1,1,3,,3,RASPAIL AVENUE,0,,2,2,0,1,0,1,1,, -1,1,0,1,50,11,7,1,93,93006,2,1,0,6,Avenue Raspail,48.875124,2.42993,18,2,1
202100050097,112Â 191,A01,2,2,1,5,2,-1,-1,0,0,-1,2021,35.0,0,6,15,0,3,1,1,,4,4,0,,-1,2,0,1,(1),(1),1,, -1,1,0,3,-1,27,2,1,82,82004,1,1,0,6,Lieu dit costes haut,44.014436,0.952706,15,2,1
202100029372,149Â 274,B01,2,2,2,5,1,9,-1,0,0,-1,2021,27.0,1,2,0,2,1,17,1,,2,2,0,,3,4,0,1,36,200,1,, -1,1,0,1,110,26,6,1,2,2464,1,1,0,1,RN2,49.424042,3.410338,18,3,2
202100042509,125Â 636,B01,1,1,1,0,2,0,-1,-1, -1,-1,2021,34.0,2,1,0,2,1,1,1,,3,LEON BLUM (AV),0,,2,0,0,1,1,0,1,, -1,1,0,1,50,26,4,1,94,94016,2,2,0,3,Boulevard de la Vanne,48.785559,2.337903,18,2,2
202100036813,135Â 902,B01,1,1,1,5,8,0,-1,-1, -1,-1,2021,69.0,2,1,0,2,1,19,5,,4,VENDOME   RUE DU MOULIN  DE,0,,-1,2,1,1,(1),(1),3,, -1,1,0,1,30,2,6,1,17,17200,2,6,0,3,VENDOME   RUE DU MOULIN  DE,46.1782,-1.15301,8,2,2
202100002493,197Â 318,A01,1,1,1,5,1,-1,-1,0,0,-1,2021,55.0,1,2,13,0,3,1,1,,3,54,0,,2,2,0,1,3,110,1,, -1,1,0,3,90,18,12,3,86,86070,1,1,0,6,D54,46.54656,0.671681,20,1,1
202100053338,106Â 379,A01,10,3,2,0,0,-1,-1,4,3,1,2021,71.0,1,2,0,1,5,16,1,,4,AVENUE BEL AIR,0,,3,3,0,1,(1),(1),2,, -1,1,0,1,50,28,1,1,33,33063,2,2,0,6,Avenue Bel Air,44.83974,-0.60693,11,2,1
202100047843,116Â 240,A01,1,1,1,9,2,6,-1,-1, -1,-1,2021,44.0,2,1,0,2,1,1,1,,3,R CHARLES DE GAULLE,0,,3,3,1,2,1,0,1,, -1,1,0,1,50,15,3,1,94,94002,2,5,0,1,Rue Charles de Gaulle / Quai Pierre Cosmi,48.81456,2.41192,18,2,2
202100038148,133Â 461,B01,2,2,2,0,8,0,-1,-1, -1,-1,2021,33.0,2,3,0,2,8,1,1,3.0,4,DOCTEUR LONG (DU)                   (CO),0,,1,1,0,1,(1),(1),1,, -1,1,0,1,50,26,5,1,69,69383,2,2,0,3,DOCTEUR LONG (DU) (CR),45.7509900629,4.8890838725,17,4,2
202100015548,173Â 891,Z01,10,3,2,5,8,8,-1,9,9,2,2021,74.0,3,0,0,1,1,26,5,,4,PERI GABRIEL RUE,0,,2,1,3,1,(1),(1),1,, -1,1,1,8,5,1,10,1,59,59560,2,9,0,6,PERI GABRIEL RUE,50.5492659844,3.0347405237,15,2,1
202100006960,189Â 325,B01,1,1,1,4,1,9,-1,0,0,-1,2021,50.0,1,5,0,2,1,1,1,,3,28,0,,2,2,0,3,18,717,1,, -1,1,0,1,80,22,11,2,1,1236,1,2,0,5,D28,46.331551,5.083762,6,4,3
202100053178,106Â 680,B01,1,1,1,2,2,8,-1,-1, -1,-1,2021,15.0,2,1,0,2,4,15,5,,4,LECLERC (RUE DU GENERAL),0,,2,2,0,1,(1),(1),1,, -1,2,0,1,50,28,1,2,78,78015,2,3,1,3,LECLERC (RUE DU GENERAL),48.964683,2.044421,8,2,2
202100012068,180Â 140,B01,1,1,1,0,2,0,-1,-1, -1,-1,2021,44.0,-1,1,0,2,1,1,1,,3,GALLIENI (AV.) DE 1 A 109,0,,3,7,0,1,1,0,1,, -1,1,2,1,30,20,10,1,93,93010,2,1,0,2,GALLIENI (AV.) DE 1 A 109,48.9059666531,2.480580223,16,2,2
202100027315,152Â 899,B01,1,1,1,0,1,0,-1,-1, -1,-1,2021,56.0,1,2,0,2,8,0,1,,1,AUTOROUTE A3,0,,3,6,0,1,11,300,1,, -1,1,0,1,110,23,7,1,93,93007,1,1,0,5,AUTOROUTE A3,48.93315,2.48084,21,3,3
202100021931,162Â 423,A01,1,1,1,5,1,-1,-1,-1, -1,-1,2021,23.0,1,2,1,0,1,2,1,,4,RUE BERTRAND DE GOTH,0,,1,1,0,1,(1),(1),1,, -1,1,0,1,50,29,8,5,33,33063,2,1,0,6,Rue Bertrand de Goth,44.8217,-0.5784,6,1,1
202100024098,158Â 586,A01,2,2,1,5,1,-1,-1,-1, -1,-1,2021,22.0,1,2,4,0,0,1,-1,,1,,-1,,1,3,0,1,2,500,1,, -1,1,0,1,-1,15,8,3,13,13210,1,1,0,6,A50-Sens Marseille vers Aubagne,43.2850757795,5.421436429,4,3,1
202100029775,148Â 565,B01,1,1,2,5,8,8,-1,-1, -1,-1,2021,20.0,3,1,0,2,0,1,5,,4,INDES ( QUAI DES ),0,,2,2,0,1,(1),(1),1,, -1,1,0,1,30,5,7,1,56,56121,2,2,0,3,INDES ( QUAI DES ),47.74519,-3.35854,13,2,2
202100025888,155Â 411,A01,1,1,1,0,8,0,-1,-1, -1,-1,2021,19.0,1,2,8,0,1,13,1,,3,906,0,,3,2,0,1,0,0,1,, -1,2,0,4,50,2,8,5,92,92023,2,1,1,6,GENERAL DE GAULLE (AVENUE DU),48.785464,2.251717,21,1,1
202100029122,149Â 695,B01,1,1,1,5,1,0,-1,-1, -1,-1,2021,31.0,1,2,0,2,4,26,1,,4,BRIOLLAY ROUTE,0,,2,2,0,1,1,0,1,, -1,2,0,1,50,13,7,1,49,49007,2,3,1,2,BRIOLLAY ROUTE,47.48719,-0.53229,9,2,2
202100023540,159Â 560,A01,1,1,1,1,1,-1,-1,0,0,-1,2021,32.0,2,5,16,2,1,1,1,,3,206,-1,,2,2,0,1,4,37,3,, -1,1,0,1,70,19,8,2,26,26085,2,1,0,1,4050 Route de Saint Paul,44.514337,4.756592,20,2,2
202100023210,160Â 133,B01,1,1,1,0,2,-1,-1,0,0,-1,2021,38.0,2,1,0,2,1,13,1,,3,3,-1,B,2,2,0,1,0,350,3,, -1,1,0,1,80,20,8,1,88,88460,1,1,0,1,Grande Rue,48.406309,5.734174,18,3,2
202100047668,116Â 546,A01,10,3,2,0,8,8,-1,0,0,-1,2021,45.0,1,2,0,1,1,9,1,,3,GÃ©nÃ©ral de Gaulle  ( avenue du ),0,,2,3,2,1,0,0,3,, -1,2,0,1,50,17,3,5,92,92035,2,6,0,6,GÃ©nÃ©ral de Gaulle  ( avenue du ),48.90514,2.25578,20,2,1
202100046985,117Â 796,B01,9,2,1,1,1,-1,-1,0,0,-1,2021,24.0,2,2,0,2,1,1,1,,3,14,0,D,3,2,0,1,14,252,1,, -1,1,5,1,70,23,3,1,31,31587,1,1,0,1,Route de Villemur,43.796539,1.453189,16,6,2
202100019371,167Â 006,A01,1,1,1,9,2,6,-1,0,0,-1,2021,30.0,1,1,0,2,1,2,1,,4,QUAI DE BERCY,0,,1,2,0,1,(1),(1),1,, -1,1,0,1,30,12,9,5,75,75112,2,1,0,2,QUAI DE BERCY,48.827038,2.389792,0,2,2
202100011833,180Â 572,A01,1,1,1,0,2,0,-1,-1, -1,-1,2021,15.0,1,1,0,2,1,2,1,,7,NAPOLLON (ROUTE DE),0,,2,2,0,1,0,100,1,, -1,1,2,1,50,20,10,1,13,13005,2,2,0,2,NAPOLLON (ROUTE DE),43.3164037751,5.5869655204,18,2,2
202100042456,125Â 729,A01,2,2,2,2,1,-1,-1,0,0,-1,2021,15.0,1,2,0,2,7,15,1,,4,MONTESQUIEU (RUE),0,,2,2,0,1,(1),(1),1,, -1,2,0,1,50,8,3,1,65,65047,2,3,1,3,MONTESQUIEU (RUE),43.242187,0.102027,17,3,2
202100011538,181Â 093,A01,5,2,1,5,8,-1,-1,-1, -1,-1,2021,18.0,2,0,0,2,1,1,1,,7,EUROPE (DE L')                      (BD),0,,2,3,2,1,2,800,1,, -1,1,0,1,50,21,10,1,69,69152,2,9,0,3,EUROPE (DE L') (BD),45.70533,4.82065,14,3,2
202100001088,199Â 820,A01,1,1,1,1,1,0,-1,-1, -1,-1,2021,26.0,1,2,0,2,1,1,1,,3,BOULEVARD DE LA DEFENSE,0,,1,3,0,2,0,0,1,, -1,2,0,1,50,27,12,1,92,92050,2,3,1,2,BOULEVARD DE LA DEFENSE,48.8986138113,2.221185565,9,2,2
202100046612,118Â 450,A01,1,1,1,5,2,6,-1,-1, -1,-1,2021,18.0,2,1,0,2,7,17,6,,7,FAUBOURG BONNEFOY (RUE DU) DU 1AU 231,0,,2,1,0,1,0,500,1,, -1,1,0,1,50,25,3,1,31,31555,2,1,0,3,FAUBOURG BONNEFOY (RUE DU) DU 1AU 231,43.61788,1.45534,17,3,2
202100021940,162Â 409,B01,1,1,1,5,8,0,-1,-1, -1,-1,2021,31.0,2,2,0,2,1,1,1,,4,LITTORAL (CHEMIN DU),0,,2,2,0,1,0,0,1,, -1,1,0,1,50,29,8,1,13,13216,2,1,0,1,LITTORAL (CHEMIN DU),43.347226021,5.3441682112,7,3,2
202100038631,132Â 585,B01,1,1,1,0,2,6,-1,-1, -1,-1,2021,29.0,2,1,0,2,1,1,1,,4,LECLERC (AVENUE DU MARECHAL),0,,1,1,0,1,(1),(1),1,, -1,1,0,1,50,23,5,1,34,34172,2,4,0,3,LECLERC (AVENUE DU MARECHAL),43.59619,3.88169,21,2,2
202100051433,109Â 761,A01,1,1,1,4,1,8,-1,-1, -1,-1,2021,48.0,3,4,13,0,7,1,1,,3,ROCADE SUD RD 824,0,,2,2,0,2,35,400,1,, -1,2,0,3,80,9,2,1,40,40281,1,1,1,6,ROCADE SUD RD 824,43.87812,-0.5236,12,1,1
202100019388,166Â 975,B01,1,1,1,9,2,6,-1,0,0,-1,2021,66.0,1,1,0,2,3,1,1,,3,81,0,D,2,2,0,2,54,500,3,, -1,1,0,1,80,11,9,1,201,201212,1,1,0,1,RD 81,42.198369,8.639009,17,2,2
202100052680,107Â 565,B01,10,3,2,0,0,-1,-1,3,3,1,2021,16.0,1,2,0,1,1,1,1,,4,QUIMPER (DE 1 A 103 ET 2 A 152),0,,-1,2,0,2,(1),(1),1,, -1,2,0,1,50,3,2,2,29,29019,2,1,1,6,Rue de Quimper,48.401829,-4.458349,8,3,2
202100048053,115Â 849,A01,1,1,1,4,2,7,6,0,0,-1,2021,52.0,1,1,0,2,6,26,1,,2,1,0,,2,2,3,2,(1),(1),1,, -1,1,0,1,90,14,3,1,974,97415,1,1,0,3,RN 1,-21.016107,55.264218,18,2,2
202100004319,194Â 038,A01,1,1,1,9,1,-1,-1,0,0,-1,2021,70.0,2,2,6,2,1,1,1,,3,48,-1,,2,2,0,1,7,65,1,, -1,2,0,1,50,8,12,1,83,83148,2,1,0,6,Avenue Charles Pellegrin,43.42501,6.431025,16,1,1
202100055589,102Â 494,B01,2,2,2,3,1,-1,-1,0,0,-1,2021,54.0,2,2,0,2,2,1,1,,3,D 817,0,D,2,2,0,1,83,1040,1,, -1,1,0,1,70,12,1,1,31,31585,1,1,0,1,D817,43.11874,0.659266,9,3,2
202100005739,191Â 540,A01,1,1,1,0,8,0,-1,-1, -1,-1,2021,32.0,2,2,8,0,1,26,1,,3,MADELEINE (ROUTE DE LA),0,,2,2,0,1,3,100,1,, -1,1,0,4,50,27,11,5,973,97302,2,1,0,6,MADELEINE (ROUTE DE LA),4.9134536992,-52.3207468987,23,1,1
202100043958,123Â 105,B01,1,1,1,4,1,-1,-1,0,0,-1,2021,27.0,1,4,13,0,3,21,1,,3,204,-1,,2,2,0,4,16,500,1,, -1,1,0,3,90,16,4,1,77,77137,1,1,0,6,D204,48.716574,3.295196,7,2,2
202100016495,172Â 142,A01,2,2,2,9,8,0,-1,-1, -1,-1,2021,93.0,1,2,0,2,3,26,1,,4,DAVIERS BOULEVARD,0,,3,2,0,1,1,0,1,, -1,1,0,1,50,27,9,1,49,49007,2,1,0,1,DAVIERS BOULEVARD,47.479412,-0.558465,13,3,2
202100006888,189Â 458,A01,10,3,2,5,0,-1,-1,4,3,2,2021,48.0,0,4,0,1,0,16,0,,7,949,0,M,-1,2,3,1,(1),(1),1,, -1,1,9,1,30,22,11,2,59,59482,2,1,0,6,Rue de Lille,50.710268,2.997631,7,2,1
202100004569,193Â 611,A01,10,3,1,5,4,-1,-1,9,2,1,2021,62.0,1,1,0,1,2,1,1,,3,3,-1,,2,2,0,1,(1),(1),3,, -1,1,0,3,-1,5,12,1,974,97414,1,1,0,3,route hubert de lisle,-21.262976,55.451952,18,2,1
202100028464,150Â 838,A01,10,3,1,5,0,-1,-1,4,3,1,2021,12.0,1,2,0,1,2,15,1,,7,JOSEPH FAURE ( R ),0,,1,1,0,1,0,1,2,, -1,1,9,1,30,17,7,5,69,69091,2,4,0,6,JOSEPH FAURE (R),45.5854735919,4.7745585464,21,2,1
202100009726,184Â 316,B01,1,1,2,1,1,-1,-1,-1, -1,-1,2021,35.0,2,2,0,2,4,1,1,,4,ALBERT THOMAS                       (CO),0,,1,2,3,1,(1),(1),1,, -1,2,0,1,50,2,11,5,69,69383,2,1,0,2,ALBERT THOMAS (CR),45.7448164073,4.8734718561,18,2,2
202100025507,156Â 074,B01,1,1,2,0,0,-1,-1,0,0,-1,2021,16.0,0,1,0,2,3,1,1,,4,,0,,2,1,0,1,(1),(1),1,,3,1,5,1,50,5,8,1,84,84029,2,2,0,3,Chemin d Avignon,44.157513,4.871702,17,3,2
202100002645,197Â 053,A01,1,1,1,9,8,0,-1,0,0,-1,2021,46.0,1,2,7,0,1,14,1,,4,BOULEVARD SUCHET,0,,2,3,0,1,(1),(1),1,, -1,1,0,1,50,16,12,5,75,75116,2,3,0,6,BOULEVARD SUCHET,48.850532,2.260277,2,1,1
202100030818,146Â 679,A01,10,3,2,0,0,-1,-1,3,3,1,2021,74.0,1,2,0,1,1,1,1,,4,COURBOULAY PAUL (RUE),0,,3,2,0,1,0,0,1,, -1,1,0,1,50,2,7,1,72,72181,2,1,0,6,COURBOULAY PAUL (RUE),48.0034525443,0.1913309095,15,2,1
202100044859,121Â 534,B01,1,1,1,3,2,6,-1,0,0,-1,2021,17.0,3,1,0,2,1,0,1,,4,,-1,,2,2,0,2,(1),(1),4,, -1,1,0,1,50,7,4,1,6,6095,2,1,0,1,119 chemin de la frayÃ¨re,43.633761,6.887897,15,3,2
202100026150,154Â 951,A01,1,1,1,4,2,6,-1,0,0,-1,2021,45.0,1,1,4,0,1,13,1,,4,PORTE DE SAINT CLOUD,0,,1,4,0,1,(1),(1),1,, -1,1,1,1,70,30,7,1,75,75116,2,4,0,6,PORTE DE SAINT CLOUD,48.841434,2.254139,11,1,1
202100020041,165Â 805,B01,1,1,1,0,8,-1,-1,-1, -1,-1,2021,17.0,2,1,0,2,1,2,3,,4,JEAN JAURES                         (AV),0,,2,2,2,1,(1),(1),1,, -1,1,0,1,50,8,9,1,69,69387,2,1,0,2,JEAN JAURES (AV),45.7343465617,4.8353952169,19,2,2
202100050981,110Â 556,A01,1,1,2,5,1,-1,-1,0,0,-1,2021,74.0,2,2,0,0,1,13,1,,3,4096,-1,,2,2,1,2,47,800,1,, -1,1,0,1,50,20,2,1,4,4049,2,1,0,1,RD 4096 - Av Jean Moulin,44.0863004784,6.008249812,12,4,2
202100028319,151Â 075,A01,3,2,2,5,1,0,-1,0,0,-1,2021,59.0,1,3,0,2,3,1,2,2.0,4,BOULEVARD MASSENA,0,,3,3,0,1,(1),(1),1,, -1,1,0,1,50,18,7,1,75,75113,2,2,0,3,BOULEVARD MASSENA,48.824165,2.376803,19,3,2
202100025809,155Â 558,B01,1,1,1,5,2,4,-1,0,0,-1,2021,76.0,2,1,0,2,3,15,0,,3,D219,0,,2,2,0,1,(1),(1),1,, -1,1,0,1,50,3,8,1,3,3018,2,2,0,3,D219,46.247873,3.265675,10,2,2
202100016793,171Â 597,B01,1,1,1,0,2,6,-1,-1, -1,-1,2021,31.0,1,1,0,2,2,17,1,,4,ST VINCENT                          (QU),0,,1,2,2,1,(1),(1),1,, -1,1,0,1,50,24,9,5,69,69381,2,1,0,3,SAINT VINCENT (Q),45.76822,4.82218,20,2,2
202100010297,183Â 299,A01,10,3,1,5,0,-1,-1,1,3,2,2021,34.0,1,2,0,1,2,26,1,,3,CD 937,0,,2,3,0,1,23,60,1,, -1,1,0,1,50,28,10,3,62,62848,2,1,0,6,CD 937,50.506774,2.650584,22,2,1
202100000226,201Â 328,B01,1,1,1,0,2,-1,-1,0,0,-1,2021,61.0,1,1,0,2,1,1,5,,4,,-1,,2,2,2,1,(1),(1),1,, -1,1,-1,5,50,4,6,1,73,73065,2,3,0,3,Avenue MarÃ©chal Leclerc,45.5703281257,5.9167166719,11,2,2
202100022579,161Â 258,A01,1,1,1,4,1,4,-1,-1, -1,-1,2021,41.0,1,2,0,2,1,2,1,,1,A4,0,,3,3,0,1,25,800,1,, -1,1,0,1,130,25,8,1,77,77058,1,1,0,2,A4,48.8287948439,2.7243070605,9,2,2
202100051530,109Â 587,A01,1,1,1,5,1,-1,-1,0,0,-1,2021,27.0,1,2,13,0,9,1,1,,3,52,0,,2,2,0,1,(1),(1),1,, -1,1,0,3,80,13,2,3,63,63071,1,1,1,6,D52 Montmeyre rue des clos,45.757235,2.904827,21,1,1
202100034302,140Â 422,B01,2,2,2,5,1,0,-1,-1, -1,-1,2021,51.0,1,2,0,2,1,1,1,,3,,0,,2,2,0,2,9,0,2,, -1,1,0,1,50,14,6,1,11,11069,2,4,0,1,SAINT HILAIRE -ROUTE DE-,43.20106,2.35908,12,3,2