Num_Acc,id_vehicule,num_veh,place,catu,sexe,trajet,secu1,secu2,secu3,locp,actp,etatp,year_acc,victim_age,senc,catv,obs,obsm,choc,manv,motor,occutc,catr,voie,v1,v2,circ,nbv,vosp,prof,pr,pr1,plan,lartpc,larrout,surf,infra,situ,vma,jour,mois,lum,dep,com,agg_,int,atm,col,adr,lat,long,hour,nb_victim,nb_vehicules
202100037722,134Â 238,A01,1,1,1,5,2,-1,-1,-1,0,-1,2021,27.0,1,1,13,0,1,14,1,,2,RN 104,0,,3,6,0,1,14,0,2,, -1,1,0,1,50,29,5,3,95,95365,1,1,0,6,RN 104,49.06581,2.40576,2,1,1
202100028035,151Â 601,A01,1,1,1,0,8,-1,-1,0,0,-1,2021,56.0,3,2,1,2,1,2,1,,4,,-1,,2,2,0,1,(1),(1),1,,4,1,0,1,50,18,7,1,27,27467,2,1,0,5,39 Rue de la RÃ©publique,49.356,0.515001,20,3,3
202100040169,129Â 801,A01,10,3,2,3,0,-1,-1,9,3,1,2021,69.0,2,2,0,1,2,16,1,,4,BERTHELOT ( RUE MARCELLIN ),0,,2,2,0,1,(1),(1),3,, -1,1,0,1,50,29,4,1,62,62119,2,1,0,6,BERTHELOT ( RUE MARCELLIN ),50.53266,2.644298,12,2,1
202100028248,151Â 202,B01,1,1,1,5,2,6,-1,0,0,-1,2021,57.0,1,1,0,2,2,13,1,,7,5,-1,,2,2,0,4,(1),(1),1,, -1,1,0,1,50,20,7,1,38,38158,2,1,0,3,Avenue du Maquis de l'Oisans,45.147455,5.75719,15,3,2
202100023010,160Â 496,B01,1,1,2,4,1,-1,-1,-1, -1,-1,2021,22.0,2,5,0,2,8,1,1,,4,JEAN MERMOZ                         (AV),0,,3,5,0,1,(1),(1),1,, -1,1,0,1,50,26,7,1,69,69388,2,2,0,3,JEAN MERMOZ (AV),45.7306302113,4.8876298964,13,2,2
202100014780,175Â 290,A01,1,1,1,5,2,-1,-1,-1, -1,-1,2021,23.0,2,1,0,2,1,1,1,,4,REPUBLIQUE (DE)                     (R ),0,,4,3,0,1,(1),(1),1,, -1,1,0,1,50,6,10,1,69,69282,2,9,0,3,REPUBLIQUE (DE) (R),45.76172,5.02294,16,2,2
202100024694,157Â 505,B01,1,1,2,5,2,-1,-1,0,0,-1,2021,29.0,3,1,0,2,1,1,5,,4,,0,,1,0,1,1,(1),(1),1,,0,1,0,6,20,11,8,1,33,33449,2,1,0,3,Rue Albert Menaut,44.893711,-0.71773,17,2,2
202100022155,162Â 040,A01,1,1,1,0,1,-1,-1,0,0,-1,2021,45.0,0,2,2,0,1,14,1,,9,,-1,,2,2,0,2,(1),(1),3,,4,1,0,3,80,28,8,1,44,44072,1,1,0,6,Rue de la Claie,47.458316,-2.293954,19,1,1
202100050561,111Â 315,A01,1,1,1,0,8,0,-1,0,0,-1,2021,28.0,2,1,14,0,1,26,1,,3,ILES SANGUINAIRES ROUTE DES,0,,-1,1,0,1,0,50,1,, -1,1,0,1,30,21,2,1,201,201004,1,1,0,6,ILES SANGUINAIRES ROUTE DES,41.90104,8.61693,17,1,1
202100005706,191Â 604,A01,1,1,1,0,1,-1,-1,0,0,-1,2021,59.0,1,2,0,2,3,0,1,,3,18,0,,2,2,0,1,24,100,1,, -1,1,0,1,90,29,11,3,34,34166,1,1,0,1,DÃ©partementale 18,43.40062,3.343277,18,3,2
202100004046,194Â 512,B01,1,1,1,9,2,0,-1,-1, -1,-1,2021,18.0,1,1,0,2,1,26,1,,4,PARMENTIER,0,,2,2,0,1,1,0,1,, -1,2,0,1,50,7,12,5,49,49007,2,1,1,3,Route de la Pyramide,47.45136,-0.52028,21,2,2
202100034729,139Â 634,C01,1,1,1,1,2,0,-1,-1, -1,-1,2021,41.0,2,1,0,2,1,1,1,,1,86,0,,3,6,0,1,11,699,1,, -1,1,0,1,90,11,6,1,92,92078,1,1,0,5,AUTOROUTE A86,48.9283084303,2.3316245851,18,3,3
202100037679,134Â 307,A01,1,1,1,5,1,-1,-1,0,0,-1,2021,71.0,1,2,2,0,1,1,1,,3,518,-1,,2,2,0,1,1,250,2,, -1,1,0,3,80,29,5,1,4,4163,1,1,0,6,RD 518,44.109713,5.512197,19,1,1
202100002723,196Â 902,A01,1,1,2,9,2,0,-1,-1, -1,-1,2021,45.0,1,1,0,0,9,9,1,,1,14,0,,-1,1,0,1,3,0,1,, -1,1,1,1,70,16,12,5,92,92050,1,1,0,7,A14,48.8988016075,2.215736585,3,1,1
202100004909,193Â 013,B01,2,2,2,5,2,6,-1,0,0,-1,2021,21.0,2,1,0,2,4,2,1,,4,QUAI D ISSY LES MOULINEAUX,0,,1,4,0,1,10,200,1,, -1,1,0,1,70,2,12,2,75,75115,2,1,0,5,QUAI D ISSY LES MOULINEAUX,48.83484,2.264067,17,4,3
202100034403,140Â 240,B01,1,1,1,9,1,4,-1,-1, -1,-1,2021,51.0,2,2,0,2,6,1,1,,1,A50-Sens Aubagne vers Marseille,0,,1,3,0,1,4,400,1,, -1,1,0,1,90,14,6,3,13,13211,1,1,0,4,A50-Sens Aubagne vers Marseille,43.289907,5.447266,23,5,3
202100020942,164Â 228,B01,1,1,1,0,0,-1,-1,0,0,-1,2021,61.0,3,1,0,2,0,1,6,,4,,-1,,2,2,0,1,(1),(1),1,,4,1,0,1,50,1,9,1,30,30133,2,6,0,1,Rue de l Altier,43.519684,4.131871,18,2,2
202100053143,106Â 750,A01,1,1,2,5,2,6,-1,-1, -1,-1,2021,32.0,2,1,0,0,8,26,1,,1,A14,0,,3,4,0,1,3,599,1,, -1,2,0,1,70,30,1,1,92,92050,1,1,1,7,A14,48.9003097159,2.2081911514,11,1,1
202100039417,131Â 142,B01,2,2,1,0,2,8,-1,-1, -1,-1,2021,17.0,3,1,0,2,8,0,1,,4,SECTION COCOYER,0,,2,2,0,2,(1),(1),3,, -1,1,0,1,70,18,5,1,971,97113,1,1,0,3,SECTION COCOYER,16.2323384064,-61.5103054047,8,3,2
202100032248,144Â 121,A01,4,2,1,9,1,-1,-1,0,0,-1,2021,26.0,0,2,1,0,1,1,1,,4,JULES FERRY (CHAUSSEE),0,,2,3,0,1,(1),(1),4,, -1,2,0,1,30,23,6,5,80,80021,2,1,1,6,JULES FERRY (CHAUSSEE),49.8829,2.32624,3,2,1
202100052508,107Â 864,A01,1,1,1,1,1,-1,-1,0,0,-1,2021,54.0,2,2,6,0,1,16,1,,3,111,-1,,2,2,0,1,16,900,3,, -1,2,0,3,80,5,2,3,85,85238,1,1,1,7,D 111,46.958611,-0.921435,19,1,1
202100011391,181Â 360,B01,1,1,1,5,2,6,-1,-1, -1,-1,2021,25.0,3,1,0,2,7,0,1,,4,DE LATTRE DE TASSIGNY (BD),0,,-1,2,0,1,(1),(1),3,, -1,1,0,1,30,20,10,1,17,17306,2,6,0,3,DE LATTRE DE TASSIGNY (BD),45.62824,-1.01733,14,2,2
202100019195,167Â 315,A01,1,1,1,0,1,-1,-1,0,0,-1,2021,60.0,1,2,0,2,3,13,1,,3,D994,0,,2,3,0,2,64,545,1,, -1,1,0,1,90,11,9,1,5,5061,1,1,0,5,D994,44.55266,6.03244,13,4,3
202100028037,151Â 599,A01,1,1,1,1,2,6,-1,0,0,-1,2021,48.0,2,1,0,2,2,17,1,,3,2,0,,2,2,0,4,24,150,3,, -1,1,0,1,80,19,7,1,37,37170,1,3,1,3,Les Huches,47.6115622164,0.5966805611,8,2,2
202100020712,164Â 606,A01,1,1,1,1,2,0,-1,0,0,-1,2021,25.0,1,1,0,2,8,2,1,,4,BOULEVARD DE CLICHY,0,,3,3,0,1,(1),(1),1,, -1,1,0,1,30,5,9,1,75,75118,2,1,0,4,BOULEVARD DE CLICHY,48.882988,2.335773,11,4,3
202100055041,103Â 430,A01,1,1,1,4,1,-1,-1,-1, -1,-1,2021,39.0,1,2,0,2,1,1,1,,4,CRS DE LA LIBERATION,0,,3,5,1,1,(1),(1),1,, -1,2,5,1,50,14,1,5,33,33522,2,3,1,3,Cours de la LibÃ©ration,44.79688,-0.6022,6,4,2
202100000808,200Â 277,A01,2,2,1,0,8,-1,-1,-1, -1,-1,2021,21.0,2,2,3,2,2,11,1,,1,A43   0.550 A 3.353,0,,2,7,0,1,1,700,1,, -1,2,0,1,70,29,12,3,69,69029,1,1,0,2,A43,45.7284104229,4.9025447575,5,3,2
202100045218,120Â 901,A01,1,1,2,0,8,0,-1,-1, -1,-1,2021,45.0,1,1,0,0,2,9,1,,4,GODILLOT  ( AVENUE ALEXIS ),0,,2,2,0,1,(1),0,1,, -1,1,0,1,50,3,4,1,83,83069,2,2,0,3,SAINT JACQUES (RUE),43.11085,6.12421,14,3,2
202100045981,119Â 562,B01,1,1,2,9,8,0,-1,0,0,-1,2021,38.0,2,1,0,2,7,1,5,,4,BOULEVARD DE MAGENTA,0,,1,1,1,1,(1),(1),1,, -1,1,-1,5,30,30,3,1,75,75110,2,1,0,3,BOULEVARD DE MAGENTA,48.87767,2.354836,8,2,2
202100041851,126Â 815,A01,1,1,1,0,1,-1,-1,0,0,-1,2021,24.0,1,5,6,0,3,1,1,,3,21,0,D,2,2,0,1,43,12,3,, -1,1,2,3,80,2,5,3,8,8097,1,1,0,7,D21,49.306889,4.747853,1,1,1
202100010061,183Â 710,B01,2,2,2,0,8,-1,-1,0,0,-1,2021,80.0,2,2,0,2,1,1,1,,3,724,0,D,2,2,0,1,38,530,1,, -1,1,0,1,50,1,11,1,41,41282,2,1,0,1,11 Route de Romorantin,47.359746,1.777427,13,3,2
202100046316,118Â 988,B01,1,1,1,5,2,6,-1,0,0,-1,2021,46.0,2,1,0,2,1,2,1,,3,772,-1,,-1,2,0,1,2,974,1,, -1,1,0,1,50,28,3,1,35,35332,2,1,0,2,14 Rue de la Chenais Avril,47.810945,-1.544484,17,2,2
202100052179,108Â 442,B01,1,1,1,5,2,-1,-1,0,0,-1,2021,77.0,1,1,0,2,1,26,5,,4,,-1,,2,2,1,1,(1),(1),1,, -1,2,0,5,50,8,2,1,30,30012,2,1,1,3,Avenue Jean Moulin,43.889674,4.682504,15,3,2
202100035637,138Â 016,A01,1,1,1,5,2,6,-1,0,0,-1,2021,15.0,2,1,0,2,3,2,1,,3,1010,-1,,2,2,0,2,88,300,1,,7,1,0,1,50,9,6,1,33,33042,2,1,0,2,,44.507299,-0.788666,17,2,2
202100024415,158Â 042,A01,1,1,2,1,1,-1,-1,0,0,-1,2021,19.0,1,2,13,0,3,1,1,,3,12,0,D,2,2,0,2,42,200,3,, -1,2,0,1,80,25,7,2,85,85050,1,1,1,6,La Chevrie,46.516986,-1.354741,7,1,1
202100011519,181Â 127,A01,1,1,1,4,8,4,-1,-1, -1,-1,2021,44.0,1,0,0,2,8,23,1,,1,AUTOROUTE A86,0,,-1,9,0,1,24,0,3,, -1,1,2,1,70,23,10,3,93,93053,1,1,0,3,AUTOROUTE A86,48.89532,2.47073,7,2,2
202100028793,150Â 250,B01,1,1,1,4,8,0,-1,-1, -1,-1,2021,52.0,3,0,0,2,1,1,3,,4,,0,,2,3,1,1,(1),(1),1,, -1,2,2,1,50,15,7,2,69,69387,2,2,1,3,GUILLOTIERE (DE LA)                 (PT),45.7561484528,4.840275988,21,2,2
202100006388,190Â 377,A01,10,3,1,0,0,-1,-1,3,3,1,2021,32.0,3,2,0,1,2,1,1,,7,GENERAL LECLERC                     (AV),0,,2,3,3,1,0,800,1,, -1,1,0,1,50,24,11,5,69,69034,2,1,0,6,GENERAL LECLERC (AV),45.8031,4.85992,17,3,1
202100013104,178Â 320,A01,1,1,1,1,2,6,-1,0,0,-1,2021,26.0,1,1,0,2,7,3,1,,4,BOULEVARD PERIPHERIQUE INTERIEUR OUEST,0,,1,4,0,1,12,400,1,, -1,1,0,1,70,15,10,1,75,75116,2,1,0,3,BOULEVARD PERIPHERIQUE INTERIEUR OUEST,48.849763,2.252406,8,2,2
202100039137,131Â 670,B01,1,1,1,9,2,0,-1,0,0,-1,2021,52.0,3,1,0,2,8,15,1,,4,BOULEVARD DES INVALIDES,0,,2,0,0,1,(1),(1),1,, -1,1,0,1,50,20,5,1,75,75107,2,2,0,3,BOULEVARD DES INVALIDES,48.849433,2.31515,21,2,2
202100042039,126Â 481,B01,1,1,1,5,2,0,-1,-1, -1,-1,2021,27.0,2,1,0,2,1,17,1,,4,MARCEL (RUE ETIENNE),0,,3,2,0,1,0,0,1,, -1,2,0,1,50,28,4,1,18,18279,2,1,1,3,MARCEL (RUE ETIENNE),47.217,2.099,11,3,2
202100055737,102Â 234,A01,1,1,2,0,8,0,-1,-1, -1,-1,2021,22.0,1,2,3,0,2,13,1,,1,A13Y,0,,1,3,0,1,39,799,1,, -1,1,0,1,130,9,1,3,78,78217,1,1,0,1,A13Y,48.96357,1.82967,3,2,2
202100000698,200Â 467,B01,1,1,1,3,1,-1,-1,0,0,-1,2021,67.0,2,2,0,2,8,1,1,,3,PAU (ROUTE DE),0,,3,2,0,1,43,800,1,, -1,1,0,1,50,31,12,1,65,65440,2,1,0,3,PAU (ROUTE DE),43.23806,0.04138,16,5,2
202100027198,153Â 101,B01,1,1,1,5,8,-1,-1,-1, -1,-1,2021,6.0,3,1,0,2,0,0,0,,5,STALINGRAD  - ESPACE TETE D'Or - (Boulev,0,,-1,0,0,1,(1),(1),1,, -1,1,0,8,30,24,7,1,69,69386,2,1,0,1,STALINGRAD  - ESPACE TETE D'Or - (BD),45.7739,4.85454,13,2,2
202100046697,118Â 308,B01,1,1,1,5,2,-1,-1,0,0,-1,2021,75.0,1,1,0,2,3,13,0,,3,613,0,,2,2,0,1,1,273,1,, -1,1,0,1,50,25,3,1,34,34199,2,1,0,3,Route de Montpellier,43.467135,3.429698,14,2,2
202100051347,109Â 890,B01,1,1,2,2,1,-1,-1,0,0,-1,2021,45.0,0,2,0,0,1,0,2,,3,115,0,D,3,2,0,1,5,350,1,, -1,1,0,1,80,17,2,1,41,41051,1,1,0,1,D115,47.367642,1.121936,11,2,2
202100018820,168Â 003,A01,10,3,2,0,8,8,-1,4,3,3,2021,34.0,3,2,0,1,1,9,1,,3,STAINS (RTE DE),0,,1,2,0,1,(1),(1),1,, -1,2,0,1,50,15,9,1,93,93010,2,1,1,6,STAINS (RTE DE),48.90434,2.47059,11,2,1
202100035904,137Â 511,B01,1,1,1,5,2,8,-1,-1, -1,-1,2021,24.0,2,1,0,2,7,1,1,,4,HINGAIR ( CHEMIN DU ),0,,2,2,0,4,(1),(1),3,, -1,1,0,1,30,5,6,1,56,56083,2,4,0,3,HINGAIR ( CHEMIN DU ),47.807,-3.28361,15,2,2
202100052532,107Â 818,A01,1,1,1,0,1,8,-1,-1, -1,-1,2021,67.0,0,2,0,0,1,1,1,,4,ARGELES SUR MER AVENUE D',0,,3,4,0,1,0,0,1,, -1,1,0,1,50,3,2,1,66,66136,2,6,0,6,ARGELES SUR MER AVENUE D',42.68108,2.9106,13,1,1
202100052584,107Â 734,A01,1,1,1,0,2,6,-1,-1, -1,-1,2021,17.0,1,1,0,2,1,17,1,,4,AV D ALFORTVILLE,0,,2,2,0,1,0,1,1,, -1,2,0,1,50,3,2,1,94,94022,2,3,1,3,ALFORTVILLE (AV D),48.77264,2.41435,13,2,2
202100009616,184Â 513,A01,1,1,2,1,2,0,-1,0,0,-1,2021,32.0,1,0,0,2,2,1,3,,4,PLACE DU MARECHAL JUIN,0,,1,4,1,1,(1),(1),2,, -1,1,-1,5,30,3,11,5,75,75117,2,7,0,3,PLACE DU MARECHAL JUIN,48.884552,2.297714,19,2,2
202100047665,116Â 550,B01,1,1,1,9,2,0,-1,-1, -1,-1,2021,28.0,1,1,0,2,0,0,1,,3,VICTOR HUGO (AVE)  NÂ° 122 =>,0,,2,2,0,1,0,1,1,, -1,2,0,1,50,17,3,1,93,93001,2,1,1,3,VICTOR HUGO (AVE)  NÂ° 122 =>,48.9119494622,2.3796866244,18,2,2
202100022230,161Â 909,B01,1,1,1,3,8,-1,-1,-1, -1,-1,2021,23.0,2,2,2,2,0,1,1,,4,DES PARCS(allÃ©e),0,,2,2,1,1,(1),(1),1,, -1,1,0,1,50,27,8,1,69,69290,2,9,0,1,DES PARCS (ALL),45.7089,4.93731,13,2,2
202100000893,200Â 149,B01,1,1,1,0,1,0,-1,-1, -1,-1,2021,25.0,1,1,0,2,1,1,1,,4,MARECHAL JUIN (AVENUE),0,,2,2,0,1,0,0,1,, -1,1,0,1,50,30,12,5,93,93051,2,2,0,3,MARECHAL JUIN (AVENUE),48.8419157192,2.5686862036,18,3,2
202100006191,190Â 744,A01,1,1,1,1,1,-1,-1,-1, -1,-1,2021,52.0,1,2,0,2,1,2,1,,2,ROUTE NATIONALE 230,0,,3,6,0,1,41,352,1,, -1,2,0,1,90,26,11,1,33,33013,1,1,1,4,ROUTE NATIONALE 230,44.85895,-0.50454,18,5,4
202100020714,164Â 603,A01,1,1,1,5,2,0,-1,0,0,-1,2021,34.0,1,1,0,2,3,15,1,,4,AVENUE DE LA PORTE DE SAINT CLOUD,0,,2,8,0,1,(1),(1),1,, -1,2,0,1,50,5,9,5,75,75116,2,2,1,3,AVENUE DE LA PORTE DE SAINT CLOUD,48.8386833532,2.2539836168,2,3,2
202100036099,137Â 153,A01,1,1,1,5,2,6,-1,0,0,-1,2021,29.0,1,1,14,0,2,18,1,,4,BOULEVARD DE MAGENTA,0,,2,4,3,1,(1),(1),1,, -1,1,0,1,50,6,6,5,75,75110,2,3,0,7,BOULEVARD DE MAGENTA,48.87095,2.360842,21,1,1
202100039630,130Â 753,A01,1,1,1,4,2,6,-1,0,0,-1,2021,18.0,0,1,0,0,0,1,1,,4,,-1,,2,2,1,2,(1),(1),1,,4,1,0,1,50,12,5,1,6,6161,2,1,0,7,Avenue des Baumettes,43.637799,7.132155,20,1,1
202100000026,201Â 715,A01,2,2,2,5,2,6,9,0,0,-1,2021,49.0,1,1,0,2,7,3,1,,1,6,-1,,3,4,0,1,234,500,1,, -1,1,0,1,130,26,12,1,21,21073,1,1,0,5,A6 PK 234.500 sens PARIS-LYON,47.439351,4.300622,15,9,3
202100036594,136Â 293,B01,1,1,2,5,2,0,-1,-1, -1,-1,2021,4.0,1,1,0,9,1,25,5,,4,FRANCE (AVENUE)(SECTEUR 310),0,,-1,0,0,1,0,0,1,, -1,1,0,4,25,1,6,1,74,74010,2,9,0,6,FRANCE (AVENUE)(SECTEUR 310),45.9172,6.1328,18,2,2
202100010064,183Â 705,A01,2,2,2,5,2,6,9,0,0,-1,2021,60.0,1,1,13,0,1,1,1,,3,9,0,,2,2,0,2,35,0,3,, -1,1,0,3,80,28,10,1,86,86202,1,1,0,6,La Grand Maison,46.636109,0.753417,17,2,1
202100032200,144Â 208,B01,1,1,1,5,2,6,-1,0,0,-1,2021,25.0,1,1,4,2,1,1,1,,1,35,0,A,3,1,0,1,438,500,1,, -1,1,8,1,70,26,6,1,67,67462,1,1,0,2,A35 PK438+500 vers COLMAR,48.287459,7.459164,17,5,2
202100002132,197Â 982,A01,1,1,2,5,2,6,-1,-1, -1,-1,2021,43.0,1,1,6,0,3,26,1,,4,LOUISON BOBET (RUE),0,,1,1,0,3,0,0,1,, -1,1,0,4,30,19,12,2,64,64122,2,1,0,7,Rue Louison Bobet,43.4871892372,-1.5552762151,17,1,1
202100033119,142Â 556,B01,1,1,1,5,2,9,-1,0,0,-1,2021,71.0,3,1,0,2,4,2,5,,3,53,-1,,2,2,0,4,(1),(1),2,, -1,1,2,1,80,22,6,1,49,49030,1,1,0,2,Route de LonguÃ© RD 53,47.382304,-0.085477,11,2,2
202100040274,129Â 615,A01,1,1,1,5,2,6,-1,0,0,-1,2021,54.0,1,1,0,0,7,1,1,,3,11,0,,2,2,0,2,17,960,1,, -1,1,0,3,80,13,5,1,4,4158,1,1,0,7,RD 11,43.71714,6.046557,15,1,1
202100034128,140Â 762,A01,10,3,2,5,0,-1,-1,3,3,1,2021,32.0,1,2,0,1,1,16,1,,4,DANTON(RUE) 1A73 ET 2A88,0,,1,2,1,1,0,0,1,, -1,1,0,1,50,16,6,2,92,92044,2,2,0,6,DANTON(RUE) 1A73 ET 2A88,48.8880507939,2.2861848772,21,2,1
202100033245,142Â 344,A01,2,2,2,5,8,-1,-1,0,0,-1,2021,19.0,1,2,0,0,3,0,0,,3,100,-1,,2,2,0,1,1,192,1,,"5,5",1,0,8,80,21,6,3,89,89478,1,1,0,7,D100,47.681517,3.654667,2,3,1
202100019766,166Â 316,B01,2,2,1,0,1,-1,-1,0,0,-1,2021,28.0,1,2,0,2,3,1,1,,2,RT10,-1,,2,2,0,1,70,650,1,, -1,1,0,1,80,24,8,1,202,202342,2,1,0,1,RT 10 VENTISERI,41.911815,9.388638,17,4,2
202100035438,138Â 371,C01,1,1,1,0,1,0,-1,-1, -1,-1,2021,34.0,1,2,0,2,4,2,1,,1,AUTOROUTE A86,0,,3,6,0,1,20,399,2,, -1,1,1,1,90,9,6,1,93,93029,1,1,0,5,AUTOROUTE A86,48.9149519941,2.4311435223,19,3,3
202100050955,110Â 598,A01,1,1,2,0,2,8,-1,-1, -1,-1,2021,48.0,1,1,0,2,2,18,0,,4,,0,,2,2,0,1,0,0,1,, -1,1,0,1,50,17,2,1,92,92012,2,5,0,3,GALLIENI (RUE) 55/157 - 50/140,48.83706,2.24368,14,2,2
202100034250,140Â 523,B01,1,1,1,0,2,6,-1,-1, -1,-1,2021,61.0,2,1,0,2,1,1,1,,4,ADOUR (AVENUE DE L'),0,,2,3,0,1,0,0,1,, -1,1,0,1,30,14,6,1,64,64024,2,3,0,1,ADOUR (AVENUE DE L'),43.51355,-1.50039,11,2,2
202100047860,116Â 211,B01,9,2,1,1,1,-1,-1,0,0,-1,2021,22.0,2,2,15,0,8,1,1,,3,21.3,-1,,2,1,0,1,6,775,1,,"3,5",2,0,1,50,17,3,1,68,68286,2,6,0,3,Rue de Bartenheim,47.639058,7.529948,7,4,2
202100031412,145Â 601,A01,1,1,1,4,2,6,-1,0,0,-1,2021,17.0,1,1,0,2,1,5,1,,3,CAMPON (RUE,0,,3,4,0,2,0,474,1,, -1,1,0,1,50,1,7,2,6,6030,2,1,0,1,CAMPON (RUE,43.570709,7.014503,21,2,2
202100022056,162Â 204,A01,1,1,1,0,8,0,-1,-1, -1,-1,2021,22.0,1,5,0,2,1,21,1,,1,Z I CALIFORNIE,0,,1,7,0,1,2,0,1,, -1,1,3,1,90,28,8,1,972,97213,1,1,0,2,Z I CALIFORNIE,14.61794,-61.03035,14,2,2
202100052880,107Â 193,A01,10,3,1,0,0,-1,-1,1,9,1,2021,22.0,1,5,0,1,7,1,1,,7,2,0,,2,2,0,1,(1),(1),1,, -1,2,0,1,50,31,1,3,54,54025,2,1,1,6,CHARTREUSE (AVENUE DE LA),48.66178,6.25462,18,2,1
202100009595,184Â 555,A01,1,1,2,0,1,0,-1,-1, -1,-1,2021,74.0,1,2,0,2,3,13,1,,7,DECLINE (RUE THERESE),0,,2,1,0,2,(1),(1),1,, -1,2,0,1,50,3,11,5,42,42316,2,1,1,1,Rue ThÃ©rÃ¨se DÃ©cline,45.40598,4.26273,19,2,2
202100030261,147Â 673,B01,1,1,1,5,1,-1,-1,0,0,-1,2021,37.0,2,2,0,2,1,1,1,,3,51,0,,2,1,0,1,3,587,1,, -1,1,0,1,80,7,7,1,26,26295,1,1,0,1,Route de Saint Vallier,45.179307,4.845904,17,3,2
202100028334,151Â 049,B01,1,1,1,9,2,0,-1,-1, -1,-1,2021,63.0,0,1,0,0,0,0,0,,3,DIX HUIT JUIN 1940 (AVENUE DU),0,,2,4,0,1,0,0,1,, -1,1,0,1,50,18,7,1,93,93031,2,1,1,3,DIX HUIT JUIN 1940 (AVENUE DU),48.953392,2.307571,12,2,2
202100025181,156Â 648,A01,1,1,1,5,2,-1,-1,0,0,-1,2021,18.0,1,1,0,0,0,1,1,,3,28,-1,,2,2,0,1,0,276,2,, -1,2,0,1,90,7,8,1,61,61297,1,2,0,7,Le Clos Mottay,48.659073,0.481532,18,1,1
202100027986,151Â 681,B01,1,1,1,0,2,6,-1,-1, -1,-1,2021,41.0,3,1,0,2,4,23,1,,4,,0,,1,2,0,2,0,0,3,, -1,1,0,1,50,20,7,1,92,92062,2,1,0,2,DELARIVIERE LEFOULLON (RUE),48.8879921445,2.2436629919,15,2,2
202100011593,181Â 004,B01,1,1,1,0,2,8,-1,-1, -1,-1,2021,38.0,1,1,0,2,3,1,3,,7,CACHIN(AVENUE M.)NÂ°IMPAIRS(U2 A LENINE),0,,1,2,1,1,0,0,1,, -1,1,0,4,50,21,10,1,38,38421,2,1,0,3,CACHIN(AVENUE M.)NÂ°IMPAIRS(U2 A LENINE),45.16456,5.74995,12,2,2
202100039705,130Â 611,A01,1,1,1,9,1,8,-1,0,0,-1,2021,45.0,1,2,9,2,1,13,2,,4,BOULEVARD DE BELLEVILLE,0,,2,4,0,1,(1),(1),1,, -1,2,0,1,50,15,5,1,75,75120,2,2,1,2,BOULEVARD DE BELLEVILLE,48.867007,2.382866,14,3,2
202100005888,191Â 266,A01,1,1,1,5,2,0,-1,-1, -1,-1,2021,60.0,2,1,0,0,7,1,1,,4,JEANTY SARRE (RUE),0,,1,1,0,2,0,0,1,, -1,2,0,1,50,26,11,1,87,87085,2,1,1,7,JEANTY SARRE (RUE),45.82928,1.26013,11,1,1
202100044345,122Â 406,A01,1,1,2,9,1,-1,-1,0,0,-1,2021,24.0,1,2,0,0,1,1,1,,2,444,-1,,3,4,0,1,4,180,1,, -1,1,0,3,110,9,4,3,44,44047,1,1,0,7,N444,47.241687,-1.668023,1,1,1
202100025564,155Â 977,B01,1,1,1,0,2,0,-1,-1, -1,-1,2021,36.0,2,1,0,2,3,3,1,,1,86,0,,1,2,0,1,5,0,1,, -1,1,0,1,90,4,8,1,92,92025,1,1,0,3,A86,48.9324848646,2.2484916319,10,2,2
202100031664,145Â 156,A01,1,1,1,1,2,-1,-1,0,0,-1,2021,22.0,2,1,0,2,1,1,1,,4,,-1,,2,2,0,1,(1),(1),1,,4,2,0,1,50,30,6,1,17,17093,2,2,0,3,2 rue de bel air,45.886532,-1.224729,7,2,2
202100028021,151Â 624,A01,1,1,1,0,8,-1,-1,0,0,-1,2021,60.0,1,2,2,0,2,13,1,,3,156,-1,D,2,2,0,1,14,170,1,, -1,1,0,3,80,19,7,1,54,54491,1,1,0,6,D156 ,49.3632453489,5.9256863589,10,1,1
202100013526,177Â 549,B01,1,1,1,5,2,6,-1,-1, -1,-1,2021,88.0,1,1,1,0,1,1,5,,4,VECQUERIE (RUE DE LA),0,,1,2,1,2,(1),(1),1,, -1,1,0,5,50,7,10,1,44,44184,2,1,0,3,VECQUERIE (RUE DE LA),47.257,-2.2616,16,2,2
202100055442,102Â 754,B01,1,1,2,0,8,-1,-1,-1, -1,-1,2021,43.0,3,2,5,2,3,1,6,,4,,0,,2,2,0,1,(1),(1),1,, -1,1,0,8,50,8,1,1,69,69256,2,2,0,3,JEAN MOULIN                         (AV),45.78901,4.91439,16,2,2
202100048322,115Â 379,A01,1,1,2,1,0,-1,-1,0,0,-1,2021,43.0,1,2,0,0,6,23,1,,3,34,0,,2,2,0,1,20,100,1,, -1,2,9,1,50,12,3,1,56,56058,2,6,1,2,Boulevard de la Couvranne,47.482063,-2.346721,10,2,2
202100030306,147Â 595,A01,1,1,1,1,2,6,-1,0,0,-1,2021,19.0,2,1,0,0,2,2,1,,3,6015,0,D,2,2,0,2,39,500,1,, -1,1,0,1,-1,7,7,1,27,27469,2,1,0,3,Avenue de Lattre de Tassigny,49.298857,1.158682,18,2,2
202100046571,118Â 525,A01,10,3,1,1,0,-1,-1,2,3,1,2021,25.0,3,5,0,1,1,1,1,,4,SABLONS (RUE DES),0,,2,2,0,1,(1),(1),1,, -1,1,0,1,30,1,3,1,95,95427,2,1,0,6,SABLONS (RUE DES),48.95847,2.333152,8,2,1