Num_Acc,id_vehicule,num_veh,place,catu,sexe,trajet,secu1,secu2,secu3,locp,actp,etatp,year_acc,victim_age,senc,catv,obs,obsm,choc,manv,motor,occutc,catr,voie,v1,v2,circ,nbv,vosp,prof,pr,pr1,plan,lartpc,larrout,surf,infra,situ,vma,jour,mois,lum,dep,com,agg_,int,atm,col,adr,lat,long,hour,nb_victim,nb_vehicules
202100048876,114Â 392,A01,3,2,1,5,1,-1,-1,0,0,-1,2021,10.0,2,2,0,0,7,19,1,,3,,-1,,2,2,0,1,30,300,1,, -1,1,0,1,80,7,3,1,85,85174,1,3,0,1,cd148,46.487826,-0.899248,17,6,2
202100045872,119Â 760,B01,1,1,1,2,2,-1,-1,0,0,-1,2021,18.0,1,1,0,2,3,1,1,,3,107,0,D,2,2,0,2,27,0,1,, -1,1,0,1,50,31,3,1,42,42094,2,3,0,3,Route de Civens,45.750533,4.226367,12,3,2
202100032449,143Â 776,A01,10,3,1,5,0,-1,-1,5,3,1,2021,9.0,3,4,0,1,1,1,0,,4,VOLTAIRE (RUE),0,,1,1,0,1,(1),(1),1,, -1,1,0,1,50,24,6,1,95,95680,2,1,0,6,VOLTAIRE (RUE),49.00079,2.41386,19,2,1
202100031258,145Â 871,B01,1,1,1,1,1,-1,-1,0,0,-1,2021,56.0,1,5,0,2,1,5,1,,3,809,-1,,2,2,0,2,1,412,2,, -1,1,0,1,80,4,7,3,6,6085,1,1,0,1,Chemin de Carimail,43.574655,6.975986,0,2,2
202100027530,152Â 519,A01,1,1,1,0,1,0,-1,-1, -1,-1,2021,31.0,1,2,0,2,2,15,1,,3,BROTTES (RUE DE),0,,-1,2,0,1,0,0,1,, -1,1,0,1,50,20,7,1,52,52121,2,1,0,1,BROTTES (RUE DE),48.08883,5.14248,16,2,2
202100004748,193Â 296,A01,10,3,1,0,0,-1,-1,2,3,1,2021,23.0,0,3,0,1,2,1,3,,4,MYRON HERRICK (PLACE),0,,2,2,3,1,(1),(1),1,, -1,1,6,6,30,3,12,1,51,51454,2,1,0,7,Place Myron Herrick,49.25448,4.03109,10,2,1
202100048330,115Â 365,A01,1,1,1,5,2,6,-1,0,0,-1,2021,15.0,1,1,0,0,0,0,1,,3,232,0,D,2,2,0,1,44,850,1,, -1,1,0,1,50,13,3,1,60,60471,2,1,0,7,29 Boulevard Carnot,49.577922,2.998366,14,1,1
202100020058,165Â 770,A01,1,1,1,5,8,0,-1,-1, -1,-1,2021,53.0,1,1,14,2,8,17,1,,4,DE LATTRE DE TASSIGNY (AVE MARECHAL),0,,3,4,0,1,0,0,2,, -1,1,0,1,50,8,9,2,83,83137,2,9,0,3,DE LATTRE DE TASSIGNY (AVE MARECHAL),43.11597,5.93774,19,2,2
202100037701,134Â 276,A01,1,1,1,5,2,-1,-1,0,0,-1,2021,43.0,1,1,0,2,3,1,5,,3,27,-1,,2,2,0,2,23,600,1,, -1,1,0,1,80,29,5,1,68,68171,1,1,0,3,D27,47.943462,6.980092,15,2,2
202100015022,174Â 854,B01,1,1,1,0,2,0,-1,0,0,-1,2021,28.0,2,1,0,2,1,1,0,,4,BELLOY (RUE DU),0,,2,2,0,1,(1),(1),1,, -1,1,0,1,50,30,9,2,63,63113,2,3,0,1,BELLOY (RUE DU),45.78405,3.08021,18,2,2
202100029076,149Â 773,A01,2,2,1,0,8,0,-1,-1, -1,-1,2021,41.0,3,1,0,2,0,15,1,,4,RABAN (ROUTE DE),0,,-1,2,0,1,(1),(1),1,, -1,1,0,1,50,13,7,1,973,97302,2,1,0,7,RABAN (ROUTE DE),4.9260793346,-52.313497033,9,3,2
202100034415,140Â 217,A01,1,1,2,0,1,0,-1,-1, -1,-1,2021,31.0,1,2,14,0,1,1,1,,1,A13,0,,1,4,0,1,44,520,1,, -1,1,0,1,130,14,6,4,78,78402,1,1,0,6,A13,48.9648,1.7671,22,1,1
202100012286,179Â 768,A01,1,1,2,5,0,-1,-1,0,0,-1,2021,47.0,1,1,0,2,3,1,5,,3,,-1,,2,2,0,1,12,66,1,, -1,1,0,1,50,18,10,1,33,33138,2,1,0,3,,45.039207,-0.105561,10,2,2
202100044149,122Â 763,B01,1,1,1,5,8,0,-1,-1, -1,-1,2021,12.0,1,1,0,2,8,19,3,,4,VERDUN (RUE DE),0,,2,2,0,1,(1),(1),2,, -1,1,6,1,50,12,4,1,37,37122,2,9,0,6,VERDUN (RUE DE),47.3435043384,0.6637799442,16,3,2
202100047780,116Â 345,A01,2,2,1,5,8,0,-1,-1, -1,-1,2021,16.0,1,1,0,2,0,25,1,,4,PIERRE MENDES FRANCE (AVENUE),0,,3,6,2,1,(1),(1),1,, -1,2,4,5,50,13,3,1,67,67447,2,8,0,7,PIERRE MENDES FRANCE (AVENUE),48.60413,7.75812,14,3,2
202100049423,113Â 418,A01,1,1,2,1,1,0,-1,-1, -1,-1,2021,27.0,0,2,0,2,2,17,1,,4,AUGUSTE RODIN (AV),0,,2,2,0,1,1,0,1,, -1,1,0,1,50,3,3,1,94,94079,2,1,0,6,AUGUSTE RODIN (AV),48.8333,2.55117,9,5,2
202100026742,153Â 919,A01,2,2,1,1,2,-1,-1,0,0,-1,2021,50.0,2,1,13,0,1,1,1,,3,5,0,D,2,2,0,2,22,12,2,, -1,1,0,8,50,28,7,1,976,97616,1,1,0,6,CCD5,-12.845256,45.105067,17,2,1
202100011224,181Â 670,B01,1,1,1,0,2,6,-1,-1, -1,-1,2021,42.0,0,1,0,2,8,1,1,,3,,-1,,2,-1,-1,1,(1),(1),1,, -1,1,0,1,-1,24,10,1,27,27375,2,7,1,3,CHAMP DE VILLE (PLACE DU),49.21024,1.16383,14,2,2
202100010348,183Â 208,A01,1,1,1,9,2,6,-1,0,0,-1,2021,27.0,1,1,0,0,1,21,3,,4,RUE BRANCION,0,,1,2,0,1,(1),(1),1,, -1,1,0,1,30,29,10,1,75,75115,2,4,0,7,RUE BRANCION,48.829685,2.301756,9,1,1
202100051292,109Â 993,A01,10,3,1,1,0,-1,-1,3,3,1,2021,62.0,2,2,0,1,3,15,1,,4,TOUFFAIT (ADOLPHE),0,,2,2,0,2,(1),(1),1,, -1,1,0,1,50,16,2,5,35,35238,2,3,0,6,TOUFFAIT (ADOLPHE),48.10659,-1.66443,7,2,1
202100005015,192Â 820,A01,10,3,2,0,0,-1,-1,4,3,1,2021,70.0,3,0,0,1,1,19,3,,4,,0,,3,2,0,1,0,0,1,, -1,1,4,1,50,2,12,1,92,92026,2,8,0,6,BERTHELOT,48.8975016845,2.2395674139,9,2,1
202100035946,137Â 432,B01,1,1,1,5,2,6,-1,0,0,-1,2021,40.0,2,1,0,2,1,18,1,,4,AVENUE DE LA REPUBLIQUE,0,,2,4,1,1,(1),(1),1,, -1,1,0,5,50,7,6,1,75,75111,2,7,0,4,AVENUE DE LA REPUBLIQUE,48.8669449924,2.3657566309,16,3,3
202100039846,130Â 356,A01,1,1,2,1,1,0,-1,-1, -1,-1,2021,24.0,0,2,0,2,7,19,1,,3,JULIEN DURANTON (avenue),0,,2,3,3,1,1,0,1,, -1,2,5,6,30,15,5,2,94,94074,2,6,1,3,JULIEN DURANTON (avenue),48.770296,2.44648,5,2,2
202100012189,179Â 930,A01,1,1,2,5,1,-1,-1,-1, -1,-1,2021,38.0,1,2,1,2,5,15,1,,7,ARISTIDE BRIAND (D 518)             (R ),0,,2,2,0,1,0,1,1,, -1,1,0,1,50,19,10,1,69,69290,2,1,0,3,ARISTIDE BRIAND (R),45.69313,4.93153,14,2,2
202100027066,153Â 338,A01,1,1,1,5,2,-1,-1,-1, -1,-1,2021,10.0,2,1,12,0,0,1,5,,3,PYLA (BD DU),0,,2,2,0,1,(1),(1),1,, -1,1,0,1,50,25,7,1,33,33529,2,1,0,6,PYLA (BD DU),44.63409,-1.15801,19,1,1
202100009046,185Â 537,A01,2,2,1,0,1,4,-1,-1, -1,-1,2021,37.0,1,2,0,2,1,2,2,,1,AUTOROUTE A86,0,,1,2,0,1,51,99,1,, -1,1,1,1,70,7,11,1,94,94034,1,1,0,2,AUTOROUTE A86,48.75719,2.32983,16,5,2
202100003641,195Â 243,A01,1,1,1,0,1,-1,-1,-1, -1,-1,2021,30.0,0,2,8,0,9,9,1,,3,BRETON (RUE DU),0,,2,2,0,1,(1),(1),2,, -1,2,0,1,70,8,12,5,50,50416,1,1,1,6,BRETON (RUE DU),49.653726,-1.706795,0,1,1
202100027978,151Â 694,A01,10,3,2,0,0,-1,-1,5,A,-1,2021,32.0,1,1,1,1,1,25,1,,4,EUGENE GIVORS (R),0,,2,2,0,1,1,0,1,, -1,1,0,4,50,20,7,1,94,94038,2,1,0,6,Rue EugÃ¨ne Givors,48.78322,2.33111,15,2,1
202100004062,194Â 487,A01,1,1,2,0,1,-1,-1,-1, -1,-1,2021,34.0,2,2,8,4,8,1,1,,4,PCE BIR HAKEIM,0,,2,2,3,1,(1),(1),1,, -1,2,9,6,50,7,12,1,33,33063,2,2,1,3,Place Bir Hakeim,44.8365045346,-0.5656939745,13,2,2
202100015844,173Â 353,B01,2,2,2,5,1,8,-1,-1, -1,-1,2021,27.0,2,2,0,2,5,2,1,,1,A42 4.329 A 5.760   LYON/GEN,0,,3,4,0,1,(1),(1),1,, -1,1,0,1,90,25,9,2,1,1275,1,1,0,2,A42 4.329 A 5.760   LYON/GEN,45.8121,4.9413,19,4,2
202100052805,107Â 335,B01,1,1,1,9,8,0,-1,0,0,-1,2021,64.0,3,1,0,2,3,15,5,,4,RUE LA FAYETTE,0,,2,2,1,1,(1),(1),1,, -1,1,0,1,50,2,2,1,75,75110,2,4,0,3,RUE LA FAYETTE,48.882434,2.369167,16,2,2
202100008081,187Â 290,B01,2,2,2,4,1,-1,-1,0,0,-1,2021,34.0,1,2,0,2,1,1,1,,3,928,-1,,2,2,0,1,38,80,1,, -1,2,0,1,80,16,11,1,80,80250,1,1,1,1,D928,50.208687,1.904403,15,3,2
202100042907,124Â 972,A01,1,1,1,2,2,8,-1,0,0,-1,2021,26.0,2,1,0,2,1,1,5,,4,RUE JUSSIEU,0,,2,1,0,2,(1),(1),1,, -1,1,0,1,50,23,4,1,75,75105,2,1,0,2,RUE JUSSIEU,48.846858,2.354044,9,2,2
202100055873,102Â 010,A01,3,2,2,9,0,-1,-1,0,0,-1,2021,49.0,2,2,0,2,1,1,1,,1,A9,-1,,3,5,0,1,53,600,1,, -1,1,0,1,130,9,1,3,30,30189,1,1,0,1,"Autoroute A9, point kilomÃ©trique 053.600",43.814959,4.363396,2,4,2
202100052932,107Â 105,B01,1,1,1,5,1,-1,-1,0,0,-1,2021,73.0,1,2,0,0,4,2,1,,1,7,-1,,3,3,0,1,124,(1),1,, -1,2,0,1,130,1,2,3,26,26169,1,1,1,2,Autoroute du Soleil,44.486464,4.767058,19,2,2
202100014416,175Â 930,A01,1,1,1,1,2,6,-1,0,0,-1,2021,27.0,2,1,0,2,6,15,1,,4,BOULEVARD DES ITALIENS,0,,2,4,0,1,(1),0,1,, -1,1,0,1,30,8,10,1,75,75102,2,3,0,3,BOULEVARD DES ITALIENS,48.871431,2.336891,13,2,2
202100031048,146Â 244,B01,1,1,1,1,1,0,-1,-1, -1,-1,2021,33.0,1,2,0,2,1,16,1,,4,SEMARD (RUE PIERRE)_EST,0,,2,2,0,1,(1),(1),1,, -1,1,0,1,50,1,7,1,60,60463,2,4,0,3,Rue Pierre SÃ©mard,49.27318,2.47421,21,2,2
202100041233,127Â 901,A01,1,1,1,0,2,6,-1,-1, -1,-1,2021,32.0,2,1,0,2,3,9,1,,1,86,0,,3,6,0,1,11,399,1,, -1,2,1,1,90,6,5,1,92,92078,1,1,1,4,AUTOROUTE A86,48.9294615368,2.327973188,18,4,4
202100053394,106Â 284,A01,1,1,2,9,1,-1,-1,0,0,-1,2021,72.0,3,2,0,2,1,9,1,,3,405,0,,2,3,0,1,5,48,1,, -1,2,5,1,90,29,1,1,77,77367,1,2,1,3,D405,49.047179,2.997036,11,2,2
202100028638,150Â 523,A01,1,1,2,5,2,0,-1,-1, -1,-1,2021,65.0,2,1,0,0,0,1,1,,4,GAMBETTA (RUE),0,,2,2,0,1,0,0,1,, -1,1,0,1,50,13,7,1,49,49328,2,1,0,7,GAMBETTA (RUE),47.2597451305,-0.0821989775,20,1,1
202100030693,146Â 897,A01,10,3,1,5,8,8,-1,3,3,1,2021,23.0,1,2,0,1,7,1,1,,3,15EME CORPS (AVE DU),0,,2,1,0,1,27,500,1,, -1,1,6,1,50,9,3,1,83,83137,2,1,0,6,15EME CORPS (AVE DU),43.128549,5.912809,15,2,1
202100032485,143Â 702,A01,1,1,2,9,1,0,-1,-1, -1,-1,2021,61.0,2,2,0,2,1,15,1,,4,MALRAUX (QUAI ANDRE),0,,1,0,0,1,(1),(1),1,, -1,1,0,1,50,24,6,1,37,37261,2,2,0,1,MALRAUX (QUAI ANDRE),47.3975648641,0.6994128227,14,2,2
202100030406,147Â 416,A01,1,1,2,9,8,0,-1,0,0,-1,2021,34.0,2,1,0,2,4,15,5,,4,RUE DE CRIMEE,0,,1,1,1,1,(1),(1),1,, -1,1,2,5,50,6,7,1,75,75119,2,3,0,2,RUE DE CRIMEE,48.888552,2.379226,20,2,2
202100017931,169Â 572,B01,7,2,2,5,1,-1,-1,0,0,-1,2021,87.0,2,2,0,2,3,1,1,,3,20,-1,,2,2,0,2,6,110,1,, -1,1,5,1,80,21,9,1,50,50388,1,3,0,1,Rue du Mesnil,49.016,-1.508539,9,4,2
202100045052,121Â 199,B01,4,2,1,5,1,-1,-1,0,0,-1,2021,20.0,1,2,0,2,1,1,1,,3,2089,0,,2,3,0,1,79,950,1,, -1,1,0,1,70,5,4,1,63,63020,1,1,0,1,Rd 2089,45.685706,2.938049,18,5,2
202100035995,137Â 348,A01,4,2,1,2,2,-1,-1,0,0,-1,2021,13.0,3,1,0,2,1,19,3,,4,,-1,,2,2,0,4,(1),(1),1,,"3,5",1,0,1,50,7,6,1,39,39475,2,2,0,3,,46.434485,5.342724,12,4,2
202100013010,178Â 492,B01,1,1,1,1,1,0,-1,-1, -1,-1,2021,33.0,1,2,0,2,3,1,1,,3,444,0,,1,1,0,1,0,280,1,, -1,1,0,1,50,16,10,3,91,91477,1,1,0,1,RD 444,48.72465,2.2455,1,2,2
202100049311,113Â 617,A01,1,1,1,5,0,-1,-1,0,0,-1,2021,19.0,2,1,0,0,1,1,5,,4,,-1,,2,2,0,2,(1),(1),3,, -1,1,0,1,30,4,3,1,41,41043,1,1,0,1,Rue de TrÃ¨vety,47.272681,1.482693,9,2,2
202100047496,116Â 863,A01,1,1,2,1,2,8,-1,-1, -1,-1,2021,26.0,1,1,16,0,8,15,1,,4,SEMBAT (RUE  MARCEL ),0,,1,1,0,1,(1),(1),2,, -1,1,5,1,30,17,3,1,56,56121,2,6,0,7,Rue Marcel Sembat,47.74835,-3.37442,18,1,1
202100036718,136Â 076,B01,1,1,1,5,2,-1,-1,0,0,-1,2021,12.0,0,1,0,0,8,19,5,,4,,0,,2,2,0,1,(1),(1),1,,4,1,9,1,50,2,6,1,67,67028,2,1,0,3,26 Rue EugÃ¨ne Dischert,48.366265,7.590512,18,2,2
202100015239,174Â 465,A01,10,3,2,2,8,8,-1,5,9,1,2021,40.0,1,1,0,1,1,0,3,,4,CENTRE VILLE (MAIL),0,,1,0,3,1,1,0,1,, -1,1,0,1,30,4,10,1,93,93064,2,9,0,3,CENTRE VILLE (MAIL),48.87516,2.482912,8,2,1
202100042213,126Â 169,B01,1,1,1,1,2,6,-1,0,0,-1,2021,63.0,1,1,0,2,2,1,1,,4,RUE LA BOETIE,0,,1,3,0,1,(1),(1),1,, -1,1,0,1,30,28,4,1,75,75108,2,2,0,3,RUE LA BOETIE,48.874532,2.319437,13,4,2
202100004302,194Â 071,A01,1,1,2,1,0,8,-1,0,0,-1,2021,40.0,2,1,0,0,0,25,3,,3,AV DE MARECHAL DE LATTRE DE TASSIGNY ,0,,3,4,0,1,1,0,1,, -1,2,9,4,1,7,12,5,94,94033,2,1,1,7,Avenue de Lattre de Tassigny,48.85746,2.49154,7,1,1
202100043948,123Â 121,A01,1,1,2,9,1,-1,-1,0,0,-1,2021,45.0,2,2,13,0,9,1,1,,3,129,-1,,2,2,0,1,18,550,1,, -1,1,0,1,80,15,4,1,33,33418,1,1,1,6,Lieu Dit Desportes,44.594444,0.007883,19,1,1
202100029081,149Â 766,B01,1,1,2,0,2,0,-1,0,0,-1,2021,52.0,2,1,0,2,2,1,5,,3,cd 42,0,,2,2,0,1,24,150,1,, -1,1,0,1,80,3,7,1,88,88415,1,1,0,3,cd 42,48.04876,6.59753,10,2,2
202100046320,118Â 981,A01,1,1,2,5,8,0,-1,-1, -1,-1,2021,45.0,1,2,0,2,2,12,1,,1,A7-Sens Lyon vers Marseille,0,,1,3,0,1,268,500,1,, -1,1,0,1,110,23,3,1,13,13071,1,1,0,3,A7-Sens Lyon vers Marseille,43.40607,5.32324,18,3,2
202100022262,161Â 847,A01,10,3,1,0,0,-1,-1,4,3,1,2021,76.0,2,2,0,1,2,15,1,,4,CENTRE AERE (RUE DU),0,,1,2,0,1,(1),(1),1,, -1,1,0,1,50,26,8,1,40,40279,2,1,0,6,CENTRE AERE (RUE DU),43.727899107,-1.062734127,10,2,1
202100047676,116Â 533,A01,1,1,1,4,8,-1,-1,0,0,-1,2021,70.0,1,2,0,0,6,4,1,,2,40,0,,2,2,0,1,30,950,1,, -1,1,0,1,50,10,3,5,201,201130,2,1,0,6,RT 40 Ã  hauteur de la place de la fontaine,41.8691811916,8.964225312,19,1,1
202100007123,189Â 037,B01,1,1,2,1,1,0,-1,-1, -1,-1,2021,38.0,1,2,0,2,4,23,1,,7,7 RMENT DE TIRAILLEURS ALGERIENS (AVENUE,0,,2,2,1,1,0,0,1,, -1,1,9,1,50,17,11,2,13,13002,2,1,0,2,7 RMENT DE TIRAILLEURS ALGERIENS (AVENUE,43.3382,5.47879,17,2,2
202100008897,185Â 836,A01,1,1,1,5,0,-1,-1,0,0,-1,2021,57.0,3,6,0,0,9,1,1,,4,,-1,,2,2,0,2,(1),(1),1,,3,7,0,1,50,8,11,1,73,73296,1,1,0,7,MontÃ©e du Sarrasin,45.511369,6.921684,9,1,1
202100016150,172Â 773,B01,1,1,1,4,1,0,-1,0,0,-1,2021,42.0,1,3,0,9,8,1,1,,7,BAYON (ROUTE DE),0,,2,2,0,1,(1),(1),1,, -1,1,4,6,50,28,9,1,54,54300,1,8,0,3,BAYON (ROUTE DE),48.6409016028,6.253689852,8,2,2
202100033662,141Â 593,SA01,2,2,1,0,8,0,-1,0, -1,-1,2021,18.0,2,5,6,0,1,26,1,,3,COLONEL FABIEN (AVENUE),0,,3,2,0,2,0,9,1,, -1,2,1,1,50,17,6,2,93,93066,2,1,1,6,Avenue du Colonel Fabien,48.945236,2.351761,20,2,1
202100025815,155Â 548,B01,1,1,1,5,2,6,-1,0,0,-1,2021,60.0,2,1,0,2,1,1,1,,3,939,0,D,2,3,0,2,17,770,1,0,"10,5",1,5,1,90,3,8,1,16,16120,1,2,0,3,LIeu Dit La Font Toussaint,45.599284,0.268629,15,2,2
202100030345,147Â 520,A01,1,1,1,0,2,0,-1,-1, -1,-1,2021,51.0,2,1,0,2,1,1,0,,3,NOISY (ROUTE DE),0,,2,2,0,2,3,460,3,, -1,1,9,1,30,6,7,1,78,78224,2,9,0,1,NOISY (ROUTE DE),48.86311,2.06787,16,2,2
202100030605,147Â 047,A01,1,1,1,9,8,0,-1,-1, -1,-1,2021,39.0,3,2,0,2,4,20,1,,3,GENERAL DE GAULLE (AV DU),0,,2,3,0,1,0,0,1,, -1,2,0,1,50,5,7,5,94,94017,2,1,0,2,GENERAL DE GAULLE (AV DU),48.82374,2.49613,0,2,2
202100017993,169Â 465,A01,1,1,1,5,2,8,-1,-1, -1,-1,2021,33.0,1,1,0,2,1,1,5,,3,GENERAL DE GAULLE (RUE DU),0,,-1,0,0,1,38,662,1,, -1,1,9,1,50,19,9,1,78,78638,2,2,0,2,GENERAL DE GAULLE (RUE DU),49.004569,1.967111,14,2,2
202100008451,186Â 632,A01,1,1,1,0,1,0,-1,-1, -1,-1,2021,20.0,2,2,0,2,1,1,0,,2,RN 184 /  BRET. ACCES RD 203,0,,2,4,0,1,23,670,1,, -1,1,0,1,70,11,11,1,78,78172,1,1,0,2,RN 184 /  BRET. ACCES RD 203,49.001685,2.081034,9,2,2
202100028165,151Â 355,A01,1,1,1,4,8,0,-1,0,0,-1,2021,35.0,2,0,0,2,1,5,3,,4,RUE DE LA TOUR,0,,1,1,0,1,(1),(1),1,, -1,1,0,1,50,19,7,1,75,75116,2,3,0,3,RUE DE LA TOUR,48.861748,2.278335,17,2,2
202100050330,111Â 738,A01,10,3,2,2,8,-1,-1,3,3,2,2021,9.0,1,2,0,1,2,2,1,,4,TAITTINGER (RUE PIERRE),0,,2,2,0,1,(1),(1),1,, -1,1,0,1,30,24,2,1,51,51454,2,1,0,7,Rue Pierre Taittinger,49.2369097662,4.0047423459,16,2,1
202100025983,155Â 236,A01,1,1,1,5,2,8,-1,-1, -1,-1,2021,25.0,1,1,6,0,1,14,1,,4,HERVE (BD GAETAN),0,,2,2,0,1,(1),(1),2,, -1,1,0,1,30,31,7,1,35,35238,2,1,0,6,HERVE (BD GAETAN),48.091186,-1.664811,11,1,1
202100011926,180Â 407,A01,1,1,1,5,8,-1,-1,0,0,-1,2021,18.0,1,1,0,0,0,0,1,,3,44,-1,,2,2,0,1,4,700,2,, -1,1,0,3,80,21,10,2,38,38289,1,1,0,7,Le Boulangeard,45.134117,6.05145,18,1,1
202100034241,140Â 540,A01,10,3,1,0,0,-1,-1,2,3,1,2021,15.0,1,2,0,1,2,1,1,,4,RACINE (AVENUE),0,,3,7,1,1,0,0,1,, -1,1,4,1,50,14,6,1,67,67482,2,8,1,6,RACINE (AVENUE),48.59615,7.697958,8,2,1
202100028034,151Â 605,B01,9,2,2,0,1,-1,-1,0,0,-1,2021,10.0,0,2,0,2,4,15,0,,3,75,0,E,2,2,0,1,(1),(1),1,, -1,1,0,1,80,19,7,1,24,24526,1,2,0,2,Les Landes de Vaux,45.358201,1.232671,19,6,2
202100010355,183Â 198,A01,1,1,2,9,8,0,-1,0,0,-1,2021,21.0,1,1,12,0,1,14,3,,4,RUE DES MARTYRS,0,,1,2,0,1,(1),(1),1,, -1,1,0,1,30,29,10,5,75,75109,2,3,0,6,RUE DES MARTYRS,48.879947,2.340268,2,1,1
202100007442,188Â 449,A01,1,1,2,9,8,0,-1,0,0,-1,2021,24.0,1,1,0,2,1,1,5,,4,BOULEVARD RICHARD LENOIR,0,,1,2,1,1,(1),(1),1,, -1,1,8,1,30,18,11,1,75,75111,2,3,0,2,BOULEVARD RICHARD LENOIR,48.857056,2.371203,9,2,2
202100002422,197Â 449,A01,10,3,1,2,0,-1,-1,3,3,2,2021,12.0,3,2,0,1,1,17,1,,4,METAIRIES (BOULEVARD DES),0,,2,1,2,2,(1),(1),1,, -1,1,0,1,50,17,12,1,35,35051,2,1,0,6,Boulevard des MÃ©tairies,48.12037,-1.59937,9,2,1
202100030529,147Â 192,A01,1,1,1,0,2,6,-1,-1, -1,-1,2021,48.0,1,1,0,2,7,7,1,,4,DOCTEUR GAILLETON (DU)              (QU),0,,1,3,3,1,(1),(1),1,, -1,1,0,8,50,5,7,1,69,69382,2,9,0,3,DOCTEUR GAILLETON (DU) (Q),45.7514,4.8325,8,2,2
202100045777,119Â 925,A01,1,1,2,0,1,0,-1,-1, -1,-1,2021,27.0,0,2,0,2,4,23,1,,4,LESSEPS (RUE DE),0,,1,2,0,1,(1),(1),1,, -1,1,0,1,50,31,3,1,13,13214,2,1,0,2,LESSEPS (RUE DE),43.3204,5.3723,18,2,2
202100048940,114Â 270,A01,1,1,2,5,1,0,-1,-1, -1,-1,2021,20.0,1,2,13,0,1,1,1,,3,RD 37,0,,3,4,0,1,6,800,3,, -1,1,0,1,90,6,3,2,37,37122,2,1,0,7,RD 37,47.3320630982,0.6738854627,18,1,1
202100004886,193Â 055,A01,10,3,2,5,0,-1,-1,4,3,1,2021,17.0,1,2,0,1,1,2,1,,3,1066,0,,2,2,0,1,(1),(1),1,, -1,2,0,1,50,4,12,5,68,68334,2,1,1,6,Bd Auguste Scheurer Kestner,47.812452,7.095918,19,2,1
202100019411,166Â 934,C01,1,1,1,4,1,-1,-1,0,0,-1,2021,23.0,1,2,0,2,3,17,2,,3,202,-1,,2,3,0,1,2,131,2,, -1,1,9,1,80,9,9,1,85,85027,1,9,0,5,D202,46.961516,-1.315374,14,3,3
202100043833,123Â 334,A01,7,2,1,5,8,-1,-1,0,0,-1,2021,18.0,1,2,2,0,5,14,1,,3,,0,D,2,2,0,1,18,178,2,, -1,1,0,3,-1,17,4,3,85,85101,1,1,0,6,La BouchetiÃ¨re,46.494223,-1.396825,3,5,1
202100044906,121Â 454,B01,1,1,1,1,2,8,-1,-1, -1,-1,2021,19.0,2,1,0,2,1,1,1,,3,BADUEL (ROUTE DE),0,,2,2,0,1,2,400,1,, -1,1,0,1,50,6,4,4,973,97302,2,1,0,3,BADUEL (ROUTE DE),4.932188845,-52.307809144,19,2,2
202100024655,157Â 586,B01,1,1,1,0,2,6,-1,0,0,-1,2021,16.0,2,1,0,2,1,2,1,,3,9,-1,,2,2,0,1,23,650,1,, -1,1,0,1,50,11,8,1,42,42253,2,1,0,2,615 Route de Roanne,46.039504,4.01506,11,2,2
202100028133,151Â 417,B01,1,1,2,1,8,0,-1,-1, -1,-1,2021,20.0,1,1,0,2,4,1,3,,3,JOLIOT CURIE,0,,2,4,1,1,0,1,1,, -1,1,0,5,50,18,7,1,38,38053,2,1,0,2,JOLIOT CURIE,45.5801309617,5.2710020542,11,2,2
202100053520,106Â 050,A01,1,1,2,0,1,-1,-1,0,0,-1,2021,65.0,2,2,0,2,8,1,1,,3,5,0,,2,2,0,2,10,330,2,, -1,2,0,1,80,28,1,1,12,12289,1,1,1,3,D5,44.502352,2.235782,14,4,2
202100025323,156Â 392,B01,1,1,1,1,1,0,-1,0,0,-1,2021,19.0,1,2,0,2,1,1,1,,2,MARECHAL FOCH ( AVENUE DU ),0,,2,3,0,1,70,1,1,, -1,1,0,1,50,5,8,1,5,5061,2,1,0,3,MARECHAL FOCH ( AVENUE DU ),44.56289,6.08619,7,2,2
202100021437,163Â 325,B01,1,1,2,1,1,-1,-1,0,0,-1,2021,62.0,2,2,0,2,4,15,2,,3,MARECHAL FOCH (RUE DU ),0,,3,2,0,1,42,150,1,, -1,2,0,1,80,1,9,1,65,65251,1,3,1,5,Av des PyrÃ©nÃ©es,43.21501,0.07188,13,7,4
202100053905,105Â 397,B01,1,1,1,1,2,6,-1,0,0,-1,2021,25.0,1,1,0,2,1,1,1,,3,1082,-1,D,2,2,0,1,28,250,1,, -1,1,0,1,50,25,1,1,42,42094,2,2,0,1,Boulevard Raymond PoincarrÃ©,45.747112,4.220284,11,2,2
202100052513,107Â 853,B01,1,1,1,9,2,8,-1,-1, -1,-1,2021,24.0,1,1,0,2,3,1,1,,3,MADELEINE (ROUTE DE LA),0,,2,2,1,1,3,0,1,, -1,2,9,1,50,4,2,1,973,97302,2,9,1,3,MADELEINE (ROUTE DE LA),4.91442,-52.32103,15,4,2
202100048219,115Â 563,A01,1,1,1,0,1,0,-1,-1, -1,-1,2021,24.0,1,2,3,0,1,16,1,,1,BDL,0,,3,4,0,2,0,490,3,, -1,2,0,1,70,12,3,3,93,93027,1,1,1,6,BDL,48.92839,2.40294,22,2,1
202100026395,154Â 513,A01,1,1,1,5,2,-1,-1,0,0,-1,2021,56.0,2,1,0,0,8,1,5,,3,3,-1,,2,2,0,2,26,0,1,, -1,1,0,1,-1,30,7,1,67,67416,1,1,0,3,D3,49.030138,7.916604,12,2,2