Num_Acc,id_vehicule,num_veh,place,catu,sexe,trajet,secu1,secu2,secu3,locp,actp,etatp,year_acc,victim_age,senc,catv,obs,obsm,choc,manv,motor,occutc,catr,voie,v1,v2,circ,nbv,vosp,prof,pr,pr1,plan,lartpc,larrout,surf,infra,situ,vma,jour,mois,lum,dep,com,agg_,int,atm,col,adr,lat,long,hour,nb_victim,nb_vehicules
202100000534,200Â 748,A01,10,3,2,9,0,-1,-1,2,3,2,2021,17.0,2,3,0,1,1,26,1,1.0,3,RAYMOND POINCARE(RUE),0,,2,2,0,1,0,0,1,, -1,1,0,1,50,10,11,5,91,91691,2,1,1,6,RAYMOND POINCARE(RUE),48.71476,2.50126,20,3,1
202100054227,104Â 821,A01,1,1,2,1,2,6,-1,0,0,-1,2021,25.0,1,1,0,2,8,2,1,,4,JUGAN (RUE JEANNE),0,,2,1,0,2,(1),(1),1,, -1,2,0,1,50,21,1,1,6,6069,1,1,0,7,JUGAN (RUE JEANNE),43.65715,6.9113,8,1,1
202100027325,152Â 880,A01,1,1,1,9,2,-1,-1,-1, -1,-1,2021,16.0,3,1,0,2,1,0,1,,6,ANDREI SAKHAROV                     (AV),0,,-1,-1,0,1,(1),(1),1,, -1,1,9,1,50,20,7,1,69,69389,2,1,0,1,ANDREI SAKHAROV (AV),45.7892146085,4.7985121608,19,2,2
202100008704,186Â 179,A01,1,1,1,4,2,8,-1,-1, -1,-1,2021,47.0,1,1,0,1,3,1,5,,4,COURSE (PETITE RUE DE LA),0,,2,2,1,1,0,0,1,, -1,2,0,5,30,7,11,1,67,67482,2,3,1,6,COURSE (PETITE RUE DE LA),48.58301,7.73563,14,2,1
202100037395,134Â 819,A01,1,1,2,0,1,0,-1,-1, -1,-1,2021,54.0,2,2,0,2,6,9,1,,1,AUTOROUTE A3,0,,3,9,0,2,0,500,1,, -1,1,3,1,70,31,5,1,93,93006,1,9,0,3,AUTOROUTE A3,48.86534,2.41969,8,2,2
202100055449,102Â 741,A01,1,1,1,4,1,0,-1,-1, -1,-1,2021,33.0,1,2,0,1,1,1,1,,3,1ERE ARMEE (AVENUE),0,,3,2,0,2,0,0,1,, -1,1,0,1,30,11,1,5,91,91286,2,1,0,6,1ERE ARMEE (AVENUE),48.65234,2.3955,7,2,1
202100037313,134Â 975,A01,1,1,1,0,2,8,-1,-1, -1,-1,2021,38.0,1,1,0,2,1,1,1,,3,VAILLANT COUTURIER (AVENUE PAUL),0,,1,3,2,1,0,1,1,, -1,1,0,1,50,31,5,1,93,93008,2,3,0,3,VAILLANT COUTURIER (AVENUE PAUL),48.9113208097,2.4398272322,13,3,2
202100023704,159Â 246,A01,1,1,1,0,2,0,-1,0,0,-1,2021,37.0,3,1,0,2,1,1,5,,7,LUPCOURT (ROUTE DE),0,,4,1,0,2,(1),(1),1,, -1,1,2,1,70,17,8,2,54,54197,1,9,0,3,LUPCOURT (ROUTE DE),48.62618,6.21828,19,6,2
202100021470,163Â 264,B01,1,1,1,0,1,0,-1,-1, -1,-1,2021,41.0,3,3,0,2,2,1,1,1.0,4,MARÃCHAL JUIN (BOULEVARD),0,,3,4,0,2,0,0,1,, -1,1,8,6,50,31,8,1,13,13204,2,3,0,3,MARÃCHAL JUIN (BOULEVARD),43.3102,5.40331,16,2,2
202100034792,139Â 522,A01,1,1,1,4,2,0,-1,0,0,-1,2021,30.0,2,1,0,2,1,1,5,,4,BOULEVARD DE SEBASTOPOL,0,,2,5,0,1,(1),(1),1,, -1,1,0,1,50,10,6,1,75,75103,2,2,0,3,BOULEVARD DE SEBASTOPOL,48.868663,2.35389,12,2,2
202100025539,156Â 022,B01,1,1,1,5,0,-1,-1,0,0,-1,2021,14.0,0,1,8,0,4,19,5,,3,,-1,,2,2,0,1,4,469,1,,3,2,0,1,50,5,8,1,17,17208,2,2,0,2,Rue de Curzay,46.224295,-0.994112,18,2,2
202100012448,179Â 460,A01,10,3,1,9,0,-1,-1,3,3,1,2021,43.0,3,4,0,1,3,15,1,,9,LECLERC (AVENUE DU GENERAL),0,,-1,1,0,1,0,0,1,, -1,1,9,1,30,18,10,1,35,35051,2,9,0,6,LECLERC (AVENUE DU GENERAL),48.11494,-1.58675,11,2,1
202100027998,151Â 662,A01,1,1,1,5,1,-1,-1,0,0,-1,2021,21.0,2,2,1,2,1,1,1,,3,,-1,,2,2,0,1,9,363,2,, -1,2,0,1,50,16,5,5,33,33207,2,3,1,3,Avenue du GÃ©nÃ©ral de Gaulle,44.920958,-0.364738,1,5,2
202100010242,183Â 401,B01,1,1,1,0,2,0,-1,-1, -1,-1,2021,42.0,2,1,0,2,9,3,1,,1,A7-Sens Marseille vers Lyon,0,,1,2,0,1,278,0,1,, -1,1,0,1,90,29,10,1,13,13215,1,1,0,2,A7-Sens Marseille vers Lyon,43.342877,5.376156,15,2,2
202100014777,175Â 301,C01,1,1,2,0,1,0,-1,-1, -1,-1,2021,52.0,3,2,0,2,4,2,1,,2,RN 13,0,,3,4,0,1,25,570,1,, -1,1,0,1,50,6,10,1,78,78551,1,1,0,4,RN 13,48.90134,2.06236,15,5,4
202100005308,192Â 300,A01,1,1,1,5,8,0,-1,-1, -1,-1,2021,32.0,3,2,1,0,1,0,1,,4,RUE D'AUVERGNE,0,,2,2,0,1,(1),(1),1,, -1,1,0,1,50,1,12,2,38,38151,2,1,0,6,RUE D'AUVERGNE,45.15502,5.71536,5,1,1
202100010573,182Â 831,A01,10,3,2,1,0,-1,-1,3,3,1,2021,29.0,1,1,0,1,1,1,1,,4,RUE SAINT HONORE,0,,2,3,0,1,(1),(1),1,, -1,1,0,1,30,26,10,5,75,75101,2,3,0,6,RUE SAINT HONORE,48.862241,2.339186,20,2,1
202100013522,177Â 558,A01,1,1,2,1,1,-1,-1,-1, -1,-1,2021,54.0,2,2,0,2,1,2,1,,2,NIEPCE (AVENUE NICEPHORE),0,,1,2,0,1,1,390,1,, -1,1,3,1,70,12,10,1,51,51454,2,1,0,2,Avenue NicÃ©phore NiÃ©pce,49.2244442188,4.0671172226,9,2,2
202100010670,182Â 651,A01,1,1,1,1,1,0,-1,-1, -1,-1,2021,26.0,1,2,0,2,1,2,1,,1,A13,0,,-1,3,0,1,29,399,1,, -1,1,0,1,130,28,10,1,78,78431,1,1,0,2,A13,48.942851,1.951567,17,3,2
202100012105,180Â 077,B01,1,1,2,1,1,-1,-1,0,0,-1,2021,22.0,2,2,0,2,2,19,1,,3,114,-1,,2,2,0,1,12,508,1,, -1,1,0,1,80,20,10,1,17,17349,1,2,0,3,D114,46.261292,-0.864701,15,2,2
202100030239,147Â 711,A01,1,1,1,1,2,0,-1,0,0,-1,2021,39.0,2,1,0,0,7,7,5,,4,RUE DU RENARD,0,,1,3,3,1,(1),(1),1,, -1,1,0,6,50,7,7,1,75,75104,2,2,0,7,RUE DU RENARD,48.858364,2.351937,19,1,1
202100053187,106Â 662,A01,1,1,1,1,1,8,-1,-1, -1,-1,2021,30.0,1,2,13,0,1,14,1,,4,VIGNES (RUE DES),0,,3,4,0,1,(1),(1),1,, -1,2,0,3,90,28,1,1,67,67218,1,1,0,7,VIGNES (RUE DES),48.52047,7.7289,16,1,1
202100025475,156Â 131,B01,1,1,1,0,2,0,-1,0,0,-1,2021,51.0,3,1,0,2,4,1,0,,7,,0,,1,3,0,1,(1),(1),1,, -1,1,0,1,50,5,8,1,6,6088,2,1,1,2,POMPIDOU (BD GEORGES),43.668687,7.203912,14,2,2
202100047276,117Â 258,B01,1,1,1,5,2,6,-1,0,0,-1,2021,54.0,0,1,0,2,1,1,1,,3,20,0,D,3,2,0,3,11,950,1,, -1,1,0,1,80,20,3,1,49,49192,1,3,0,3,Lieu Dit le Gouchau,47.004653,-0.74339,16,2,2
202100043304,124Â 257,A01,1,1,1,4,8,8,-1,-1,0,-1,2021,28.0,1,5,4,2,5,1,1,,2,RN 14 (PROLONGEMENT A15),0,,3,4,0,1,21,350,1,, -1,1,0,1,110,20,4,1,95,95476,1,1,0,2,RN 14,49.054591695,2.0560992483,19,2,2
202100011104,181Â 880,A01,1,1,2,1,8,0,-1,-1, -1,-1,2021,36.0,1,2,1,0,2,14,1,,4,FERNAND PAURIOL (RUE),0,,2,2,0,1,0,0,1,, -1,1,0,1,50,24,10,1,13,13205,2,1,0,3,FERNAND PAURIOL (RUE),43.28883,5.39101,8,1,1
202100012921,178Â 637,A01,4,2,1,5,1,-1,-1,0,0,-1,2021,18.0,3,2,8,0,2,0,1,,4,,-1,,2,2,0,1,(1),(1),1,,"4,7",1,0,4,50,16,10,2,79,79062,2,1,0,6,110 Avenue du 25 Aout 1944,46.816156,-0.6837,7,3,1
202100026541,154Â 254,B01,1,1,2,1,0,-1,-1,0,0,-1,2021,16.0,0,1,0,2,4,26,3,,3,,-1,,2,2,0,1,(1),(1),1,, -1,1,0,1,50,29,7,1,49,49307,1,6,0,2,D347,47.4751381838,-0.3552103043,12,2,2
202100001527,199Â 070,A01,2,2,2,5,1,-1,-1,0,0,-1,2021,23.0,1,2,8,0,2,1,1,,4,,-1,,2,2,0,1,(1),(1),1,,4,2,0,3,50,25,12,3,44,44069,2,1,1,6,Rue de Pradel,47.317014,-2.447408,2,2,1
202100023042,160Â 434,B01,1,1,1,3,8,0,-1,-1, -1,-1,2021,64.0,3,1,0,2,1,2,5,,4,VERDUN (AVENUE DE),0,,3,1,0,1,0,1,1,, -1,1,0,8,50,15,7,1,74,74012,2,1,0,6,VERDUN (AVENUE DE),46.19416,6.2454,17,2,2
202100039917,130Â 237,A01,10,3,2,3,8,8,-1,3,3,1,2021,70.0,3,2,0,1,5,23,1,,4,JOFFRE (MARECHAL),0,,2,2,0,1,0,0,1,, -1,1,0,1,50,14,5,1,87,87114,2,2,0,6,JOFFRE (MARECHAL),45.83734,1.30721,10,2,1
202100007390,188Â 548,A01,1,1,1,5,2,6,-1,0,0,-1,2021,56.0,1,1,0,2,3,17,1,,3,D14,0,D,3,2,0,1,20,441,1,, -1,1,0,1,90,19,11,2,61,61461,1,2,0,3,D14 - D29,48.823,0.383481,17,2,2
202100005396,192Â 148,A01,1,1,1,9,2,8,-1,-1, -1,-1,2021,18.0,0,1,0,0,1,17,1,,4,,0,,2,2,0,1,0,0,1,, -1,2,0,1,50,1,12,1,92,92076,2,1,0,7,CAZES,48.839076,2.164478,15,1,1
202100051605,109Â 449,A01,1,1,1,4,2,0,-1,-1, -1,-1,2021,32.0,2,1,0,2,7,21,1,,3,PARIS (RUE DE),0,,2,3,1,1,0,1,1,, -1,1,0,1,50,13,2,1,93,93048,2,3,0,3,PARIS (RUE DE),48.8578,2.4348,14,2,2
202100003831,194Â 904,A01,1,1,1,4,2,6,-1,0,0,-1,2021,27.0,2,1,0,2,1,21,1,,4,RUE DU CAPORAL PEUGEOT,0,,2,4,0,1,(1),(1),1,, -1,1,0,1,30,9,12,5,75,75117,2,2,0,2,RUE DU CAPORAL PEUGEOT,48.887084,2.289556,20,2,2
202100033452,141Â 974,B01,1,1,2,5,1,-1,-1,0,0,-1,2021,36.0,1,2,0,2,3,1,1,,3,03,-1,,2,2,0,3,32,0,3,, -1,1,0,1,80,19,6,1,74,74076,1,1,0,1,Rte de la Balme,45.986627,6.054631,19,2,2
202100003020,196Â 380,A01,10,3,2,0,0,-1,-1,3,3,1,2021,23.0,1,2,0,1,1,1,1,,3,238,-1,,3,4,0,1,(1),(1),1,, -1,2,0,1,50,15,12,4,68,68154,2,9,1,6,Rue de Berne,47.770772,7.386766,21,2,1
202100010803,182Â 421,A01,1,1,1,0,2,6,9,0,0,-1,2021,66.0,2,1,13,0,0,1,1,,3,118,-1,,2,2,0,2,9,450,4,, -1,1,0,3,80,28,10,1,34,34246,1,1,0,7,D118 - PK 09+450,43.729844,4.06095,13,1,1
202100047152,117Â 484,B01,1,1,2,1,1,-1,-1,0,0,-1,2021,38.0,1,2,0,2,1,1,1,,3,307,-1,,2,2,0,1,9,0,2,, -1,1,0,1,90,22,3,1,72,72287,1,1,0,1,400 Route du Lude,47.847792,0.189729,17,6,2
202100042396,125Â 848,B01,1,1,1,1,1,-1,-1,0,0,-1,2021,21.0,0,2,0,2,3,2,1,,3,133,-1,,1,1,0,1,13,500,1,, -1,1,5,1,80,27,4,1,60,60335,1,2,0,2,D133,49.541039,1.868883,18,3,2
202100022194,161Â 975,B01,1,1,1,5,2,6,-1,0,0,-1,2021,16.0,3,1,0,0,1,17,1,,4,,0,D,2,2,0,1,(1),(1),2,, -1,1,0,1,50,28,8,1,85,85178,2,9,0,1,Rue du Stade,46.77024,-1.502329,16,2,2
202100047972,115Â 990,B01,1,1,1,4,1,8,-1,-1, -1,-1,2021,30.0,1,3,0,2,4,1,1,2.0,4,,0,,2,2,0,1,0,0,1,, -1,1,0,1,50,15,3,1,92,92036,2,1,0,2,SEINE (ROUTE DE LA) (1),48.9474323938,2.2787189484,13,3,2
202100020410,165Â 156,B01,1,1,1,5,2,6,-1,0,0,-1,2021,30.0,1,1,0,2,1,1,1,,3,24,0,,2,2,0,2,3,500,3,, -1,1,0,1,80,8,9,1,78,78030,1,1,0,3,d24,48.694826,1.907641,13,2,2
202100034127,140Â 763,A01,10,3,1,0,0,-1,-1,3,3,2,2021,2.0,2,1,0,1,1,26,1,,3,GOUNOD,0,,2,2,0,1,0,0,1,, -1,1,0,1,50,16,6,1,92,92064,2,1,0,6,GOUNOD,48.842852,2.211924,17,3,1
202100023317,159Â 936,A01,2,2,1,9,2,0,-1,0,0,-1,2021,29.0,2,1,0,2,1,2,1,,4,BOULEVARD VOLTAIRE,0,,2,4,0,1,(1),(1),1,, -1,1,0,1,50,20,8,1,75,75111,2,2,0,3,BOULEVARD VOLTAIRE,48.863764,2.370116,12,3,2
202100034998,139Â 136,B01,1,1,1,5,2,8,-1,-1, -1,-1,2021,74.0,2,1,0,2,8,1,0,,4,,0,,2,2,2,1,0,0,1,, -1,1,0,1,50,10,6,1,49,49328,2,1,0,3,FUSILLES (AVENUE DES) N 147,47.27969,-0.0556,15,2,2
202100024242,158Â 336,A01,1,1,1,0,1,8,-1,-1, -1,-1,2021,39.0,0,2,0,2,1,1,1,,4,,0,,1,2,0,1,0,0,1,, -1,1,0,1,50,13,8,1,91,91223,2,3,0,3,MOREAU (RUE LOUIS),48.43616,2.161,18,2,2
202100009527,184Â 682,A01,1,1,1,0,8,-1,-1,0,0,-1,2021,24.0,1,2,0,2,1,13,1,,2,1,0,A,2,2,0,1,266,40,1,, -1,1,0,1,90,4,11,3,988,98811,1,1,0,5,RT1,-21.093469,164.887061,20,5,3
202100019420,166Â 921,B01,1,1,1,1,0,-1,-1,0,0,-1,2021,28.0,2,1,0,2,4,2,5,,3,8,0,D,2,2,0,2,5,880,1,0,"5,2",1,0,1,80,13,9,1,16,16104,1,1,1,2,Lieu-dit chez Ballon,46.03749,0.214834,7,2,2
202100032487,143Â 700,A01,1,1,1,5,1,-1,-1,-1, -1,-1,2021,39.0,2,2,14,0,1,13,1,,7,BONNIN ANDRE (AVENUE),0,,2,2,0,1,13,770,1,, -1,1,0,1,50,24,6,5,35,35055,2,1,0,6,BONNIN ANDRE (AVENUE),48.08967,-1.62231,23,1,1
202100044664,121Â 877,B01,2,2,2,5,2,6,-1,-1, -1,-1,2021,20.0,-1,1,0,2,8,1,1,,3,BEAUFORT (ROUTE DE),0,,2,2,0,2,39,120,4,, -1,1,0,1,80,8,4,1,73,73011,1,1,0,3,D925,45.68459,6.40053,19,3,2
202100023710,159Â 235,A01,1,1,1,0,2,6,-1,0, -1,-1,2021,18.0,3,1,0,0,1,9,1,,3,COMTE (RUE AUGUSTE),0,,2,2,0,1,0,280,1,, -1,1,0,1,50,17,8,1,41,41226,2,1,0,6,COMTE (RUE AUGUSTE),47.80409,1.07468,12,1,1
202100054446,104Â 442,A01,10,3,1,5,0,-1,-1,3,3,1,2021,83.0,2,2,0,1,3,1,1,,4,,0,,2,2,0,1,(1),(1),1,, -1,1,0,1,50,19,1,1,33,33192,2,1,0,6,Route de LÃ©ognan,44.7687109282,-0.6112947461,8,3,1
202100044117,122Â 816,B01,1,1,1,4,2,-1,-1,-1, -1,-1,2021,30.0,1,1,0,2,3,1,1,,4,SERGENT MICHEL BERTHET (DU)         (R ),0,,3,0,0,2,(1),(1),1,, -1,1,0,1,50,13,4,1,69,69389,2,1,0,6,SERGENT MICHEL BERTHET (DU) (R),45.7671,4.80541,20,3,2
202100047812,116Â 291,B01,1,1,1,5,2,6,-1,-1, -1,-1,2021,34.0,2,1,0,2,1,1,1,,4,ROMAIN ROLLAND (BOULEVARD),0,,1,1,0,1,(1),(1),1,, -1,1,0,1,30,15,3,1,13,13210,2,1,0,1,ROMAIN ROLLAND (BOULEVARD),43.274758,5.415506,15,2,2
202100004548,193Â 646,B01,1,1,1,4,2,0,-1,-1, -1,-1,2021,24.0,2,1,0,2,4,9,1,,3,AV DES CANADIENS,0,,1,1,0,2,1,0,2,, -1,2,0,1,30,4,12,4,94,94069,2,1,1,6,Avenue des Canadiens,48.81699,2.458974,21,1,1
202100045178,120Â 980,A01,1,1,1,5,0,-1,-1,0,0,-1,2021,54.0,2,2,1,0,1,13,1,,3,788,-1,,2,2,0,1,22,500,3,, -1,1,0,4,50,4,4,5,29,29111,2,1,0,6,49 Rue du GÃ©nÃ©ral de Gaulle,48.579394,-4.211508,22,1,1
202100001599,198Â 948,A01,1,1,1,5,2,0,-1,-1, -1,-1,2021,24.0,3,1,0,2,1,19,5,,4,CHEVALLIER (RUE AUGUSTE),0,,2,2,0,2,(1),(1),1,, -1,1,2,1,50,23,12,5,37,37261,2,1,0,3,CHEVALLIER (RUE AUGUSTE),47.3752429267,0.6789884716,18,2,2
202100018130,169Â 210,A01,1,1,1,5,2,0,-1,-1, -1,-1,2021,15.0,1,1,0,0,7,16,1,,3,AQUITAINE (AVENUE DE L'),0,,2,3,0,1,6,520,3,, -1,2,0,1,50,18,9,1,64,64102,2,1,0,7,Avenue de lâAquitaine,43.4867322455,-1.468026638,18,1,1
202100006613,189Â 967,B01,1,1,2,0,8,0,-1,-1, -1,-1,2021,24.0,3,1,0,2,7,1,3,,4,TIRONNEAU ADRIEN (PL),0,,1,4,2,1,0,0,2,, -1,2,0,1,50,21,11,4,72,72181,2,6,1,3,TIRONNEAU ADRIEN (PL),47.98295,0.21056,19,2,2
202100012837,178Â 777,A01,1,1,1,5,8,0,-1,-1, -1,-1,2021,28.0,1,1,1,0,1,1,5,,4,BERANGER (BOULEVARD),0,,2,4,0,1,(1),(1),1,, -1,1,0,1,50,16,10,3,37,37261,2,1,0,6,BERANGER (BOULEVARD),47.38899,0.67899,5,1,1
202100013340,177Â 903,B01,1,1,1,5,2,6,-1,-1, -1,-1,2021,20.0,1,1,0,2,1,1,1,,3,50,0,,1,2,0,2,0,1,1,, -1,1,0,1,50,14,10,1,92,92049,2,2,0,3,BARBES RUE,48.817198,2.328802,15,2,2
202100048007,115Â 928,B01,1,1,1,1,2,6,-1,-1, -1,-1,2021,24.0,1,1,0,2,3,1,1,,1,14,0,,3,2,0,1,1,389,1,, -1,2,1,1,70,15,3,1,92,92062,1,1,1,3,A14,48.893674,2.232789,7,2,2
202100041149,128Â 050,B01,1,1,2,4,2,4,-1,-1, -1,-1,2021,24.0,1,1,0,0,0,1,3,,4,ALPHONSE DAUDET (ALL),0,,2,2,0,2,(1),(1),1,, -1,2,0,1,50,6,5,1,94,94076,2,1,1,7,ALPHONSE DAUDET (ALL),48.7984562249,2.3485254983,18,2,2
202100056427,101Â 036,B01,1,1,1,9,2,6,-1,-1, -1,-1,2021,17.0,1,1,0,2,1,0,1,,4,LAPLACE (AV),0,,-1,2,0,1,1,0,1,, -1,1,6,1,30,2,1,5,94,94003,2,1,0,2,LAPLACE (AV),48.80805,2.33291,19,2,2
202100005150,192Â 568,A01,1,1,1,5,0,-1,-1,0,0,-1,2021,81.0,1,2,7,0,1,13,1,,3,RD,0,,2,2,0,2,5,760,3,, -1,2,0,3,80,3,12,1,39,39246,1,1,1,6,,47.197046,5.693528,14,1,1
202100021494,163Â 215,B01,1,1,1,0,8,0,-1,-1, -1,-1,2021,35.0,3,1,0,2,4,1,1,,3,ARISTIDE BRIAND AVENUE,0,,1,2,0,1,1,0,1,, -1,1,0,3,50,1,9,5,93,93046,2,9,0,2,Avenue Aristide Briand,48.9141019003,2.5263862609,21,2,2
202100020638,164Â 736,A01,1,1,1,5,1,-1,-1,0,0,-1,2021,28.0,3,2,13,0,1,1,1,,4,,-1,,2,2,0,1,(1),(1),2,,4,1,0,8,80,7,9,3,53,53012,1,1,0,7,Les Promenades,47.89273,-0.952986,0,2,1
202100050648,111Â 154,A01,1,1,1,5,1,8,-1,-1, -1,-1,2021,71.0,1,2,3,2,1,2,1,,1,A50,0,,3,2,0,2,44,0,1,, -1,1,3,1,50,21,2,1,83,83027,1,1,0,2,A50,43.193955,5.689519,17,4,2
202100036408,136Â 623,A01,1,1,1,2,2,8,-1,-1, -1,-1,2021,15.0,1,1,0,2,1,25,5,,3,724,0,,2,2,0,1,93,520,1,, -1,1,0,4,30,3,6,1,56,56083,2,3,0,3,Avenue Salvador Allende,47.80537,-3.26075,8,2,2
202100000940,200Â 070,B01,1,1,1,3,0,-1,-1,0,0,-1,2021,61.0,3,1,0,2,8,19,5,,3,906,0,,2,2,0,1,35,550,1,, -1,1,0,1,50,30,12,1,71,71512,2,1,0,3,route de chalon,46.6358876566,4.8710922884,17,2,2
202100048280,115Â 452,A01,2,2,2,4,8,0,-1,-1, -1,-1,2021,42.0,2,3,0,1,3,1,3,,4,REPUBLIQUE (RUE DE LA),0,,2,2,3,1,(1),(1),1,, -1,1,0,6,50,12,3,1,13,13202,2,1,0,6,REPUBLIQUE (RUE DE LA),43.30169,5.3698,13,3,1
202100050762,110Â 944,A01,1,1,1,4,1,0,-1,0,0,-1,2021,80.0,1,2,0,2,1,2,1,,4,PORTE DES LILAS,0,,1,4,0,1,29,0,1,, -1,1,1,1,70,19,2,1,75,75120,2,1,0,4,PORTE DES LILAS,48.872376,2.412504,13,3,3
202100024479,157Â 911,C01,1,1,1,4,2,6,-1,-1, -1,-1,2021,39.0,1,1,0,2,0,1,1,,4,ROCADE A 630,0,,2,2,0,1,(1),(1),1,, -1,1,5,1,50,13,8,1,33,33281,1,3,0,4,Rue Jean Briaud,44.82189,-0.6723,8,3,3
202100055299,102Â 976,A01,10,3,2,5,0,-1,-1,4,3,1,2021,74.0,1,2,0,1,2,1,1,,4,Rue Henri GhesquiÃ¨re,0,,-1,1,0,1,(1),(1),3,, -1,1,0,8,30,12,1,5,59,59343,2,1,0,6,GHESQUIERE HENRI RUE,50.59104,3.11832,18,2,1
202100042625,125Â 434,A01,2,2,2,5,1,-1,-1,0,0,-1,2021,19.0,1,2,0,2,9,1,1,,3,56,-1,,2,2,0,2,30,500,2,, -1,1,0,1,80,24,4,1,42,42241,1,1,0,3,D26,45.8825864947,4.1172992773,16,3,2
202100026139,154Â 969,B01,2,2,2,0,2,-1,-1,-1, -1,-1,2021,17.0,3,1,0,2,5,1,3,,4,RUE NAUJAC,0,,1,1,0,1,(1),(1),1,, -1,1,0,1,50,31,7,1,33,33063,1,2,0,3,Rue Naujac,44.84684,-0.591984,20,3,2
202100049376,113Â 503,B01,1,1,1,5,2,0,-1,-1, -1,-1,2021,21.0,2,1,0,2,1,1,1,,4,DE LATTRE DE TASSIGNY (BLD DU MARECHAL),0,,2,4,0,1,(1),(1),1,, -1,1,5,1,50,3,3,1,71,71306,2,2,0,3,DE LATTRE DE TASSIGNY (BLD DU MARECHAL),46.6777155854,4.3677923083,7,2,2
202100031945,144Â 642,A01,2,2,2,0,1,0,-1,-1, -1,-1,2021,22.0,1,2,1,0,1,2,0,,1,AUTOROUTE A104,0,,3,6,0,1,3,500,3,, -1,2,9,1,110,28,6,3,93,93078,1,1,1,2,AUTOROUTE A104,48.95903,2.52587,1,3,2
202100035352,138Â 517,A01,10,3,2,-1,0,0,0,4,3,1,2021,82.0,1,2,0,2,1,1,1,,4,PARIS (RUE DE) 1/97 - 2/114,0,,2,2,0,1,0,0,1,, -1,1,0,1,50,8,6,1,92,92012,2,2,0,6,PARIS (RUE DE) 1/97 - 2/114,48.841364,2.231301,10,2,1
202100034678,139Â 740,B01,1,1,1,5,2,-1,-1,0,0,-1,2021,64.0,1,1,0,2,3,1,6,,3,6,0,,2,2,0,2,14,900,1,, -1,1,0,1,80,13,6,1,7,7292,1,1,0,3,route dÃ©partementale 6,45.1657,4.655735,10,2,2
202100023067,160Â 388,B01,1,1,1,3,1,-1,-1,-1, -1,-1,2021,28.0,1,2,6,2,1,1,1,,4,RUE DURIEU DE MAISONNEUVE,0,,1,1,0,1,(1),(1),1,, -1,1,0,1,50,2,8,2,33,33063,2,3,0,3,Rue Durieu de Maisonneuve,44.85378,-0.59046,21,3,2
202100050649,111Â 152,B01,1,1,1,0,1,-1,-1,-1, -1,-1,2021,56.0,2,2,0,2,9,2,1,,1,AUTOROUTE A 62,0,,3,6,0,1,0,624,1,, -1,1,3,1,90,22,2,1,33,33550,1,1,0,4,,44.77412,-0.55623,8,3,3
202100046032,119Â 476,B01,1,1,1,0,2,6,-1,0,0,-1,2021,57.0,3,1,0,2,2,1,1,,4,,0,,2,2,0,1,(1),(1),1,, -1,1,0,1,50,31,3,1,45,45039,2,3,0,3,Allee des Fauvettes,47.789178,2.378148,11,3,2
202100023502,159Â 623,A01,1,1,1,5,2,6,-1,0,0,-1,2021,25.0,2,1,13,0,0,1,1,,3,4085,0,,2,2,0,1,115,200,2,, -1,1,0,3,80,19,8,1,83,83040,1,1,0,7,D4085,43.800903,6.623164,17,2,1
202100005458,192Â 034,A01,1,1,1,2,0,-1,-1,0,0,-1,2021,10.0,3,1,0,2,1,25,5,,4,,-1,,2,2,0,1,(1),(1),1,,5,1,0,1,50,2,12,1,60,60338,2,1,0,3,Rue de Bourgogne,49.356436,2.795664,13,2,2
202100033293,142Â 255,A01,1,1,1,5,1,0,-1,-1, -1,-1,2021,39.0,2,2,3,2,1,1,1,,2,RN104,0,,3,3,0,1,20,500,1,, -1,2,0,1,110,20,6,2,77,77122,1,1,1,6,RN104,48.6552396778,2.615810285,19,3,2
202100008324,186Â 847,B01,1,1,2,5,8,-1,-1,0,0,-1,2021,25.0,2,2,0,0,8,16,1,,4,,0,,2,2,0,1,(1),(1),1,,4,1,0,1,50,13,11,1,68,68154,2,2,0,3,20 Rue de Baldersheim,47.785149,7.350892,14,2,2
202100034457,140Â 137,A01,1,1,1,5,2,-1,-1,0,0,-1,2021,45.0,1,1,0,5,1,1,5,,4,30,0,,2,2,0,1,10,700,1,, -1,1,0,1,50,13,6,1,29,29277,2,1,0,6,Streat Ar Skol,48.3736247958,-4.0208406937,11,1,1
202100002290,197Â 694,B01,1,1,1,0,2,8,-1,-1, -1,-1,2021,26.0,3,1,0,2,8,1,1,,3,9,0,,-1,1,0,1,0,0,1,, -1,1,5,1,50,18,12,5,92,92026,2,2,0,3,BAUDIN,48.8951210105,2.2500769794,0,4,2
202100009848,184Â 095,A01,1,1,2,0,1,-1,-1,0,0,-1,2021,27.0,0,2,2,0,1,0,1,,3,48,0,D,2,2,0,2,(1),(1),2,, -1,2,0,3,80,1,11,1,24,24172,1,1,0,6,route de sireuil,44.945361,1.064472,9,1,1
202100042059,126Â 448,A01,1,1,1,4,1,0,-1,0,0,-1,2021,22.0,2,5,0,2,1,2,1,,4,AVENUE DE MARIGNY,0,,2,3,0,1,(1),(1),1,, -1,1,0,1,30,29,4,1,75,75108,2,4,0,2,AVENUE DE MARIGNY,48.86884,2.314626,8,2,2
202100010873,182Â 292,A01,1,1,2,5,1,-1,-1,0,0,-1,2021,51.0,1,2,0,2,3,1,1,,2,DEBUSSY (BOULEVARD CLAUDE),0,,3,4,0,1,22,975,1,, -1,1,0,1,50,25,10,1,65,65440,2,2,1,3,DEBUSSY (BOULEVARD CLAUDE),43.22007,0.06574,15,2,2