Num_Acc,id_vehicule,num_veh,place,catu,sexe,trajet,secu1,secu2,secu3,locp,actp,etatp,year_acc,victim_age,senc,catv,obs,obsm,choc,manv,motor,occutc,catr,voie,v1,v2,circ,nbv,vosp,prof,pr,pr1,plan,lartpc,larrout,surf,infra,situ,vma,jour,mois,lum,dep,com,agg_,int,atm,col,adr,lat,long,hour,nb_victim,nb_vehicules
202100029880,148Â 385,A01,5,2,1,5,1,-1,-1,0,0,-1,2021,21.0,1,2,0,2,8,19,1,,3,338,-1,,2,2,0,1,12,450,1,, -1,1,5,1,80,9,7,3,2,2746,1,3,0,3,D1044 direction LAON,49.674641,3.349468,21,6,2
202100054828,103Â 796,B01,1,1,1,5,2,6,-1,0,0,-1,2021,29.0,2,1,0,2,1,2,1,,3,562,-1,,2,2,0,3,71,300,1,, -1,1,0,1,80,17,1,1,83,83138,1,1,0,5,D562,43.610042,6.720591,11,3,3
202100043685,123Â 595,A01,1,1,2,5,1,-1,-1,0,0,-1,2021,25.0,2,2,0,2,3,1,1,,3,2076,-1,,2,2,0,1,0,950,1,, -1,1,0,1,80,18,4,1,58,58264,2,1,0,3,D2076,46.783455,3.118272,17,2,2
202100040272,129Â 618,B01,1,1,1,1,2,-1,-1,0,0,-1,2021,23.0,2,1,0,2,1,17,1,,3,104,-1,,2,2,0,1,54,50,2,, -1,1,0,1,80,13,5,1,7,7343,1,1,0,3,D104,44.537219,4.346273,11,3,2
202100048792,114Â 554,A01,10,3,2,0,8,8,-1,4,3,1,2021,33.0,1,2,15,1,1,1,1,,4,AMPERE,0,,2,2,0,1,0,0,1,, -1,1,0,1,50,8,3,1,93,93066,2,1,0,6,AMPERE,48.9234204161,2.3416113853,9,2,1
202100040914,128Â 491,B01,1,1,2,9,1,0,-1,-1, -1,-1,2021,33.0,1,2,8,2,5,1,1,,4,GAMBETTA (RUE),0,,1,1,0,1,(1),(1),1,, -1,1,0,1,50,7,5,1,42,42095,2,3,0,3,Rue Gambetta,45.39064,4.28978,14,3,2
202100054266,104Â 757,A01,1,1,1,5,1,-1,-1,0,0,-1,2021,70.0,2,2,0,2,2,1,1,,3,673,-1,,2,2,0,1,8,(1),1,, -1,2,0,1,80,13,1,1,71,71004,1,2,1,5,D673,46.8033902713,4.9404407903,9,3,3
202100010081,183Â 680,B01,1,1,2,9,1,-1,-1,0,0,-1,2021,55.0,1,2,0,2,6,1,1,,4,8,0,A,2,2,0,1,0,0,1,, -1,1,0,1,50,4,10,1,72,72051,2,9,0,3,8 chemin de la chapelle,47.823117,0.07165,18,2,2
202100026911,153Â 608,A01,1,1,1,0,1,-1,-1,0,0,-1,2021,29.0,1,2,12,0,1,1,1,,4,,-1,,2,2,0,2,(1),(1),2,,4,1,0,4,50,28,7,5,974,97408,2,1,0,6,3 Rue Bobby Sands,-20.963685,55.324935,0,1,1
202100041712,127Â 051,A01,1,1,1,5,0,-1,-1,0,0,-1,2021,37.0,1,1,13,0,1,14,1,,3,289,-1,,2,2,0,2,0,990,2,, -1,1,0,3,80,2,5,1,35,35247,1,1,0,6,La Croix Belhomme,48.589991,-1.6029,17,1,1
202100024848,157Â 242,A01,1,2,1,9,1,0,-1,-1, -1,-1,2021,50.0,1,2,0,2,3,20,1,,2,m'tsapere-Nationale 2 (route),0,,2,2,0,1,0,0,1,, -1,1,9,8,50,9,8,1,976,97611,2,1,0,3,m'tsapere-Nationale 2 (route),-12.78709,45.22548,14,3,2
202100047651,116Â 579,B01,1,1,1,1,2,6,-1,0,0,-1,2021,61.0,3,1,0,2,2,17,1,,4,BOULEVARD LANNES,0,,2,1,0,1,(1),(1),1,, -1,2,0,1,50,17,3,2,75,75116,2,3,1,3,BOULEVARD LANNES,48.86687,2.271822,17,2,2
202100032525,143Â 629,A01,10,3,1,9,0,-1,-1,1,1,1,2021,28.0,2,2,0,1,5,4,1,,4,RUE SIMON LE FRANC,0,,1,1,0,1,(1),(1),1,, -1,1,0,1,30,24,6,1,75,75104,2,1,0,6,RUE SIMON LE FRANC,48.860067,2.353756,12,2,1
202100035075,139Â 000,B01,1,1,2,5,0,0,-1,-1, -1,-1,2021,23.0,1,1,0,2,1,1,5,,4,ALSACE LORRAINE (BD D),0,,3,5,2,1,1,0,1,, -1,1,5,1,50,10,6,1,94,94058,2,2,0,3,ALSACE LORRAINE (BD D),48.849191,2.496096,19,2,2
202100048813,114Â 515,B01,1,1,1,0,1,-1,-1,0,0,-1,2021,20.0,1,2,0,2,3,1,1,,4,,-1,,2,2,0,1,(1),(1),1,, -1,1,0,1,50,9,3,1,25,25228,2,3,0,1,Avenue Oehmichen,47.514875,6.868853,11,3,2
202100016091,172Â 883,B01,1,1,2,0,1,0,-1,-1, -1,-1,2021,30.0,2,2,0,2,4,23,1,,3,NATIONALE 7 (ROUTE),0,,1,2,0,1,0,0,1,, -1,1,5,1,50,28,9,1,91,91286,2,9,0,2,NATIONALE 7 (ROUTE),48.667024,2.395832,15,2,2
202100043270,124Â 319,A01,1,1,1,5,1,-1,-1,0,0,-1,2021,78.0,2,2,0,2,2,1,1,,3,10,0,D,2,2,0,2,1,810,1,,7,1,9,1,70,19,4,3,974,97415,1,1,0,3,Route du ThÃ©Ã¢tre,-21.046735,55.232998,5,2,2
202100052325,108Â 186,Z01,10,3,1,3,0,-1,-1,4,3,1,2021,40.0,2,1,0,1,0,1,1,,4,RUE REGNAULT,0,,2,1,0,1,(1),(1),1,, -1,2,0,1,50,6,2,1,75,75113,2,2,1,6,RUE REGNAULT,48.822914,2.36873,17,2,1
202100040980,128Â 369,B01,1,1,1,5,8,0,-1,-1, -1,-1,2021,34.0,1,1,0,2,1,1,5,,3,992,0,,1,1,1,1,0,0,1,, -1,1,9,1,30,7,5,1,92,92025,2,1,0,1,CHARLES DE GAULLE (BD),48.9152234477,2.2282129526,15,2,2
202100021911,162Â 463,B01,1,1,1,1,2,6,-1,-1, -1,-1,2021,33.0,3,1,1,2,7,1,1,,4,ISAUTIER (AVENUE CHARLES),0,,2,2,0,1,0,0,1,, -1,1,5,1,30,26,8,1,974,97416,1,1,0,3,ISAUTIER (AVENUE CHARLES),-21.314,55.4535,17,2,2
202100043946,123Â 125,B01,1,1,2,3,2,6,-1,0,0,-1,2021,21.0,0,1,0,2,1,1,1,,4,,-1,,2,1,0,1,(1),(1),4,, -1,1,0,1,30,15,4,1,1,1345,2,1,0,1,Rue de l'Egalite,45.94745,5.326974,15,2,2
202100000358,201Â 077,B01,1,1,1,5,8,0,-1,-1, -1,-1,2021,66.0,2,1,0,2,1,23,5,,4,MANOIR (AVENUE DU),0,,2,0,0,1,(1),(1),1,, -1,1,0,1,50,27,10,1,35,35093,2,2,0,1,MANOIR (AVENUE DU),48.62406,-2.03375,17,2,2
202100049976,112Â 414,A01,4,2,2,0,1,5,-1,-1, -1,-1,2021,13.0,2,2,0,2,1,2,1,,1,13,0,,3,6,0,1,7,400,1,, -1,1,0,1,110,27,2,1,92,92047,1,1,0,4,A13,48.8340850137,2.16635012,13,10,6
202100012541,179Â 297,A01,10,3,2,3,0,-1,-1,2,3,1,2021,74.0,3,2,0,1,3,20,1,,6,,-1,,2,1,0,1,(1),(1),1,,3,1,0,1,30,19,10,1,58,58057,2,7,0,6,Place de l'Ã©glise,46.733004,3.183267,11,2,1
202100029405,149Â 219,A01,2,2,1,0,8,8,-1,-1, -1,-1,2021,43.0,1,2,4,0,3,13,1,,1,,0,,1,8,0,1,6,739,1,, -1,1,0,2,110,12,7,3,77,77384,1,9,0,6,autoroute A5a,48.5992016898,2.6052106981,3,2,1
202100012946,178Â 596,B01,1,1,1,5,2,6,-1,0,0,-1,2021,16.0,2,1,0,2,4,1,1,,3,518,-1,,2,2,0,1,10,700,1,, -1,1,0,1,80,16,10,3,38,38463,1,1,0,2,rd518,45.196812,5.347252,19,2,2
202100043076,124Â 678,B01,1,1,1,5,2,8,-1,-1, -1,-1,2021,75.0,1,1,0,2,8,1,5,,4,ROOSEVELT (BOULEVARD FRANKLIN),0,,2,2,0,1,0,0,1,, -1,1,5,1,50,12,4,1,92,92063,2,6,0,3,ROOSEVELT (BOULEVARD FRANKLIN),48.8799409228,2.1681033075,10,2,2
202100011612,180Â 969,B01,1,1,1,1,1,0,-1,-1, -1,-1,2021,62.0,0,2,0,2,7,1,1,,4,,0,,1,1,0,1,0,0,1,, -1,1,0,1,50,22,10,5,30,30007,2,3,0,3,ONZE NOVEMBRE 1918 (QUAI DU),44.1276,4.0731,7,2,2
202100019194,167Â 319,B01,1,1,1,0,8,0,-1,-1, -1,-1,2021,46.0,1,5,0,2,4,2,1,,3,ESPAGNE (ROUTE D'),0,,-1,2,0,1,38,50,1,, -1,1,0,1,50,13,9,1,9,9122,1,1,0,4,ESPAGNE (ROUTE D'),42.950701,1.624784,10,4,3
202100019877,166Â 111,A01,10,3,1,0,0,-1,-1,-1, -1,3,2021,50.0,0,2,0,1,1,26,1,,4,ST ELME (RUE) DU 02 ET +,0,,2,1,0,1,(1),(1),1,, -1,1,0,8,30,9,9,1,33,33009,2,1,0,6,ST ELME (RUE) DU 02 ET +,44.654077,-1.15037,17,4,1
202100053705,105Â 737,A01,10,3,1,9,8,8,-1,9,A,1,2021,60.0,1,5,9,1,2,2,1,,3,407,0,,2,2,0,1,2,500,1,, -1,1,0,1,30,25,1,1,95,95607,2,1,0,6,DIVISION LECLERC (AVENUE DE LA),49.012046336,2.214807272,9,2,1
202100056370,101Â 141,A01,1,1,2,5,0,-1,-1,0,0,-1,2021,31.0,2,5,16,0,9,14,1,,4,RM27,0,M,2,2,0,3,0,0,2,, -1,2,0,3,90,1,1,1,988,98811,1,1,1,7,Route d'AtÃ©ou,-20.966689,164.911544,10,2,1
202100042694,125Â 318,D01,2,2,2,5,1,0,-1,0,0,-1,2021,30.0,1,2,0,2,4,2,1,,4,PORTE DOREE,0,,1,4,0,1,33,400,1,, -1,1,1,1,70,24,4,5,75,75112,2,1,0,4,PORTE DOREE,48.834102,2.40929,17,6,4
202100016590,171Â 978,A01,10,3,2,3,0,-1,-1,8,3,1,2021,79.0,3,5,0,1,4,4,1,,6,,0,,-1,-1,0,1,(1),(1),1,, -1,1,0,1,-1,27,9,1,37,37050,2,1,0,6,174 Avenue du Grand Sud,47.333546,0.705539,18,2,1
202100003227,196Â 004,A01,2,2,1,0,1,8,-1,-1, -1,-1,2021,35.0,1,2,0,2,4,1,1,,1,AUTOROUTE A1,0,,3,6,0,2,2,799,1,, -1,2,2,1,90,12,12,4,93,93066,1,1,1,2,AUTOROUTE A1,48.92711,2.3571,3,3,2
202100011697,180Â 823,B01,1,1,1,5,1,-1,-1,0,0,-1,2021,89.0,1,2,0,2,1,13,1,,3,911,-1,,2,3,0,2,46,168,2,, -1,1,0,1,90,22,10,1,12,12185,1,1,0,1,D911,44.273668,2.727227,18,3,2
202100004491,193Â 739,A01,1,1,1,1,2,6,-1,-1, -1,-1,2021,51.0,2,1,0,2,9,21,1,,1,A4,0,,-1,5,0,1,17,600,1,, -1,2,0,1,90,6,12,2,77,77337,1,1,1,6,A4,48.830276399,2.612456049,8,3,3
202100012978,178Â 539,C01,1,1,1,0,1,-1,-1,0,0,-1,2021,39.0,2,5,0,2,2,2,1,,3,905,-1,,2,2,0,3,92,70,1,, -1,1,0,1,90,12,10,1,21,21261,1,1,0,4,D905,47.261131,5.139434,8,3,3
202100021620,162Â 985,B01,1,1,1,5,2,6,-1,-1, -1,-1,2021,55.0,3,1,0,2,1,1,1,,4,CHURCHILL (BOULEVARD WINSTON),0,,3,4,0,1,(1),(1),1,, -1,1,0,1,50,30,8,1,37,37261,2,2,0,6,CHURCHILL (BOULEVARD WINSTON),47.3731255903,0.6891396903,14,2,2
202100040852,128Â 612,B01,2,2,2,4,1,0,-1,-1, -1,-1,2021,60.0,1,2,0,2,4,1,1,,1,A7-Sens Lyon vers Marseille,0,,-1,4,0,2,270,0,1,, -1,1,0,1,110,7,5,1,13,13071,1,1,0,4,A7-Sens Lyon vers Marseille,43.40429,5.34161,18,4,3
202100021093,163Â 951,B01,1,1,2,5,2,6,-1,0,0,-1,2021,27.0,2,1,0,2,1,17,1,,4,RUE DE VOUILLE,0,,2,3,0,1,(1),(1),1,, -1,1,0,1,30,3,9,1,75,75115,2,2,0,3,RUE DE VOUILLE,48.834725,2.305174,12,2,2
202100034771,139Â 562,A01,1,1,1,1,2,0,-1,-1, -1,-1,2021,31.0,2,1,0,2,2,17,1,,4,BD BOUFFET HENRY,0,,2,3,0,1,(1),(1),1,, -1,1,0,1,50,11,6,1,11,11069,2,1,0,3,Boulevard Henry Bouffet,43.20885,2.30914,12,2,2
202100014901,175Â 079,B01,1,1,2,4,1,-1,-1,0,0,-1,2021,55.0,0,2,0,0,5,1,1,,2,569,-1,,2,2,0,1,(1),(1),1,, -1,1,0,1,-1,30,9,1,13,13044,1,3,0,3,Route Nationale 569,43.63722,5.02124,17,3,2
202100021803,162Â 648,A01,10,3,1,9,0,-1,-1,4,3,1,2021,66.0,0,2,0,1,3,15,2,,4,QUAI DE L OISE,0,,1,1,0,1,(1),(1),1,, -1,1,0,1,50,30,8,1,75,75119,2,2,0,6,QUAI DE L OISE,48.888992,2.380106,14,2,1
202100005117,192Â 630,A01,2,2,1,5,1,0,-1,-1, -1,-1,2021,18.0,3,2,0,2,1,13,1,,4,CHE DES MARAIS,0,,2,2,0,1,1,0,2,, -1,1,0,1,50,2,12,5,94,94028,2,1,0,1,Chemin des Marais,48.77683,2.43406,1,3,2
202100007451,188Â 436,B01,1,1,1,5,2,6,-1,-1, -1,-1,2021,20.0,2,1,0,2,8,1,1,,3,PIERRE BROSSOLETTE (AV),0,,2,2,0,1,1,0,1,, -1,1,0,1,50,17,11,5,94,94058,2,4,0,1,Avenue Pierre Brossolette,48.83429,2.51443,17,2,2
202100008071,187Â 306,A01,1,1,1,0,2,0,-1,-1, -1,-1,2021,31.0,1,1,0,0,1,15,1,,3,VICTOR HUGO (BD),0,,2,4,1,1,0,0,1,, -1,2,0,1,30,15,11,5,92,92024,2,3,1,7,VICTOR HUGO (BD),48.89886,2.31278,18,1,1
202100043146,124Â 551,A01,1,1,2,5,1,8,-1,-1, -1,-1,2021,54.0,1,2,0,2,1,1,1,,3,18 JUIN 1940 DU,0,,2,2,0,1,10,50,1,, -1,1,0,1,70,21,4,1,64,64284,2,1,0,2,18 JUIN 1940 DU,43.2915,-0.4055,18,2,2
202100033931,141Â 110,A01,1,1,1,5,2,-1,-1,0,0,-1,2021,20.0,2,1,0,2,1,5,1,,4,,-1,,2,1,0,2,(1),(1),2,,3,1,0,1,50,17,6,1,38,38195,2,1,1,1,IMPASSE DU RESERVOIR,45.143343,5.375383,18,2,2
202100031283,145Â 820,A01,1,2,2,0,2,6,-1,-1, -1,-1,2021,40.0,2,1,0,2,2,3,1,,1,86,0,,1,3,0,1,2,99,1,, -1,1,0,1,90,3,7,1,92,92050,1,1,0,2,A86,48.91539,2.2202,14,3,2
202100008187,187Â 092,B01,2,2,2,9,8,-1,-1,0,0,-1,2021,0.0,3,2,0,2,1,2,1,,3,111,0,D,2,2,0,1,(1),(1),1,, -1,1,0,1,90,12,11,1,38,38422,1,1,0,6,Route d Uriage,45.13828,5.82623,16,4,3
202100012778,178Â 881,A01,1,1,1,9,2,6,-1,0,0,-1,2021,42.0,1,1,0,2,1,0,1,,3,266,-1,,2,2,0,2,4,60,1,, -1,2,0,1,80,17,10,3,35,35228,1,1,0,1,D 266 PK 4,48.602733,-2.056917,20,5,2
202100016939,171Â 345,A01,1,1,2,5,1,-1,-1,-1, -1,-1,2021,31.0,2,2,0,2,3,1,1,,4,AVE MAL DE LATTRE DE TASSIGNY,0,,2,2,0,1,(1),(1),1,, -1,1,0,8,30,23,9,1,33,33039,2,2,0,3,Avenue MarÃ©chal de Lattre de Tassigny,44.80865,-0.5423,15,2,2
202100048938,114Â 272,A01,1,1,1,9,2,0,-1,-1, -1,-1,2021,17.0,1,1,0,2,1,19,0,,7,R.D. 288,0,,2,3,0,1,2,400,1,, -1,1,0,1,50,5,3,1,42,42207,2,1,0,3,Boulevard du Gier,45.48175,4.52488,14,2,2
202100033957,141Â 067,B01,2,2,2,5,2,-1,-1,0,0,-1,2021,53.0,2,1,6,2,3,21,1,,3,559,-1,,2,2,0,1,92,370,1,, -1,1,0,1,70,16,6,1,83,83068,1,1,0,2,Route du Littoral,43.284925,6.595986,12,3,2
202100030176,147Â 829,A01,1,1,1,0,1,0,-1,-1, -1,-1,2021,56.0,3,2,0,2,3,13,1,,7,M191,0,,2,1,0,1,(1),(1),1,, -1,1,0,1,70,7,7,1,59,59508,1,2,0,3,,50.759552,3.133889,6,2,2
202100041827,126Â 845,B01,1,1,1,0,2,0,-1,-1, -1,-1,2021,35.0,1,1,0,2,1,1,0,,4,ALSACE-LORRAINE (BOULEVARD),0,,2,2,0,1,1,0,1,, -1,1,0,1,50,1,5,2,93,93064,2,2,0,3,Boulevard dâAlsace-Lorraine / Rue Philibert Hoffmann,48.88393,2.4883,20,2,2
202100019793,166Â 269,A01,1,1,1,5,2,-1,-1,0,0,-1,2021,42.0,3,1,12,9,6,1,0,,4,,-1,,1,1,0,1,(1),(1),1,,3,1,0,4,50,10,9,5,30,30258,2,9,0,6,Avenue Francois Griffeuille,43.672942,4.432113,19,1,1
202100029249,149Â 476,C01,1,1,1,1,2,6,-1,-1, -1,-1,2021,55.0,1,1,0,2,2,3,1,,2,186,0,,3,3,0,1,49,599,1,, -1,2,0,1,70,13,7,1,94,94065,1,1,0,4,N186,48.75473,2.34713,8,3,3
202100020364,165Â 237,A01,2,2,2,5,2,-1,-1,0,0,-1,2021,20.0,1,1,0,0,8,1,1,,3,50,-1,D,2,2,0,1,1,800,1,, -1,1,0,1,80,7,9,3,54,54434,1,3,0,7,Intersection D50D et D913,48.4436786691,6.1255109305,21,2,1
202100030777,146Â 749,A01,2,2,1,5,1,0,-1,-1, -1,-1,2021,24.0,2,2,6,0,3,14,1,,2,RN4 - SECTION RIVIERA,0,,2,3,0,1,(1),(1),2,, -1,2,0,3,70,29,6,5,971,97113,2,1,0,6,RN4 - SECTION RIVIERA,16.21915,-61.50226,1,2,1
202100034679,139Â 737,A01,1,1,2,5,1,5,-1,0,0,-1,2021,54.0,0,2,12,2,1,5,1,,3,86,0,D,2,2,0,1,75,150,1,, -1,1,0,1,50,13,6,1,7,7181,2,1,0,1,15 Quai Rene Revollat,44.759861,4.750814,18,2,2
202100002374,197Â 538,A01,10,3,2,2,0,-1,-1,3,3,2,2021,14.0,3,2,0,1,2,26,0,,4,PAPIN DENIS (AVENUE),0,,2,2,0,1,(1),(1),1,, -1,1,0,1,50,17,12,1,95,95019,2,1,0,6,PAPIN DENIS (AVENUE),48.9923457444,2.4133819342,8,2,1
202100007918,187Â 589,A01,3,2,2,9,0,-1,-1,0,0,-1,2021,24.0,2,2,16,0,0,1,1,,3,909,0,D,2,2,0,2,25,200,1,, -1,1,9,8,50,15,11,5,74,74302,2,1,0,7,D909,45.90935,6.367709,2,3,1
202100045504,120Â 402,A01,1,1,2,5,1,-1,-1,0,0,-1,2021,88.0,1,2,0,2,3,1,1,,3,606,-1,,2,3,0,1,70,115,1,, -1,1,0,1,80,3,4,1,89,89029,1,1,0,1,D606,47.925797,3.511409,10,4,2
202100053070,106Â 861,A01,1,2,1,5,-1,0,-1,-1, -1,-1,2021,22.0,1,2,9,2,1,13,1,,4,EUROPE (AV),0,,1,3,0,1,1,0,1,, -1,1,5,8,50,30,1,5,13,13001,2,9,0,3,EUROPE (AV),43.524375,5.431535,6,3,2
202100040804,128Â 682,A01,1,1,2,5,8,-1,-1,0,0,-1,2021,20.0,2,2,15,0,9,13,1,,3,,-1,B,2,2,0,1,0,300,2,, -1,1,0,3,80,9,5,1,25,25091,1,1,0,7,D437b,47.277511,6.824559,7,2,1
202100055698,102Â 302,A01,1,1,1,1,2,6,-1,-1, -1,-1,2021,22.0,2,1,0,2,1,1,1,,3,CLEMENCEAU GEORGES AVENUE NÂ°IMPAIR,0,,1,4,0,1,0,0,1,, -1,1,0,1,50,9,1,5,92,92050,2,4,0,3,CLEMENCEAU GEORGES AVENUE NÂ°IMPAIR,48.8857674241,2.219235599,21,2,2
202100008417,186Â 691,B01,1,1,1,5,1,-1,-1,0,0,-1,2021,21.0,2,2,0,2,1,1,1,,3,1006,0,D,2,2,0,1,31,500,1,, -1,1,0,1,50,12,11,5,38,38401,2,2,0,3,Route de Lyon,45.567947,5.425519,18,2,2
202100050031,112Â 314,A01,1,1,1,1,2,6,-1,0,0,-1,2021,25.0,3,1,0,2,3,1,1,,4,PAUL MARCEL RUE,0,,2,2,0,4,(1),(1),3,, -1,1,0,1,50,26,2,1,29,29232,1,1,0,3,Rue Marcel Paul,47.9757240193,-4.0195588158,8,2,2
202100023893,158Â 925,Z01,10,3,1,3,0,-1,-1,3,3,1,2021,74.0,2,2,0,1,8,1,0,,4,,0,,3,4,0,1,(1),(1),1,, -1,1,0,1,50,14,8,1,25,25056,2,1,0,6,BLUM BOULEVARD LEON (entre 51 ET  90),47.26157,6.03604,9,2,1
202100042028,126Â 500,B01,1,1,1,0,1,0,-1,-1, -1,-1,2021,51.0,0,2,0,2,7,0,1,,4,QUEBEC (BOULEVARD DE),0,,2,3,0,1,(1),(1),1,, -1,1,0,1,50,29,4,1,45,45234,2,3,0,3,Boulevard de Quebec,47.9147039684,1.9020684636,16,4,2
202100041292,127Â 800,A01,1,1,2,5,1,-1,-1,-1, -1,-1,2021,27.0,0,2,0,2,1,6,1,,4,RECOUVRANCE (PONT),0,,3,2,0,1,0,0,1,, -1,1,2,1,30,1,5,1,29,29019,2,1,0,1,Pont de Recouvrance,48.384281,-4.49714,9,2,2
202100029590,148Â 896,B01,1,1,1,5,8,0,-1,-1, -1,-1,2021,18.0,3,1,0,0,1,26,5,,3,BRANLY (Rue Edouard),0,,2,2,0,1,2,525,2,, -1,1,0,1,50,9,7,4,62,62160,2,2,0,3,BRANLY (Rue Edouard),50.719682,1.62025,23,2,2
202100006358,190Â 434,A01,1,1,2,4,0,-1,-1,0,0,-1,2021,22.0,3,5,0,2,2,1,1,,4,00,2,X,2,2,0,1,(1),(1),1,, -1,1,0,1,50,26,11,1,69,69273,2,1,0,2,Avenue de Montmartin,45.670399,4.921435,11,2,2
202100043374,124Â 136,A01,1,1,1,5,2,6,-1,-1, -1,-1,2021,60.0,1,1,0,2,1,1,1,,3,912,0,,2,2,0,1,0,0,1,, -1,1,0,1,50,19,4,1,92,92024,2,3,0,3,VICTOR HUGO (BD),48.8999045499,2.3144620657,14,2,2
202100038059,133Â 630,B01,2,2,2,0,1,0,-1,-1, -1,-1,2021,34.0,0,2,0,2,8,0,0,,3,VAILLANT COUTURIER (AVENUE PAUL),0,,1,2,0,1,0,0,1,, -1,1,3,1,50,27,5,1,93,93008,2,1,0,5,VAILLANT COUTURIER (AVENUE PAUL),48.90971,2.44499,13,12,6
202100040723,128Â 820,A01,1,1,1,0,2,0,-1,-1, -1,-1,2021,24.0,1,1,12,0,3,16,1,,4,T.S.F. (BOULEVARD),0,,1,1,0,3,0,0,3,, -1,1,0,1,50,8,5,1,972,97209,2,1,0,6,T.S.F. (BOULEVARD),14.60718,-61.054,15,1,1
202100006172,190Â 779,A01,1,1,1,5,1,-1,-1,0,0,-1,2021,20.0,1,2,0,0,0,21,1,,3,83,0,,3,4,0,1,31,100,1,, -1,1,0,3,110,21,11,3,68,68287,1,1,0,7,Rouffach,47.968954,7.303073,5,4,1
202100007317,188Â 673,B01,1,1,2,9,2,8,-1,0,0,-1,2021,55.0,3,1,0,2,0,19,5,,4,QUAI DES ETATS UNIS,0,,1,1,1,1,(1),(1),1,, -1,1,6,1,30,19,11,5,6,6088,2,1,0,3,QUAI DES ETATS UNIS,43.695165,7.273122,18,2,2
202100053032,106Â 930,A01,2,2,2,3,1,-1,-1,-1, -1,-1,2021,86.0,1,2,0,2,3,5,1,,7,383,0,,3,6,0,1,16,200,1,, -1,2,0,1,70,30,1,2,69,69199,2,1,0,5,D383,45.70651,4.84394,8,9,4
202100035160,138Â 860,A01,2,2,1,1,1,-1,-1,0,0,-1,2021,33.0,2,2,0,2,1,15,1,,2,10,0,T,2,2,0,3,18,250,1,,7,1,0,1,80,11,6,3,201,201247,1,3,0,1,Parking,41.533768,9.2645,23,6,2
202100028175,151Â 335,B01,1,1,1,5,2,4,-1,-1, -1,-1,2021,47.0,3,1,0,2,1,2,5,,3,JEAN JAURES (R),0,,2,1,0,2,0,0,1,, -1,1,0,1,50,18,7,1,94,94060,2,1,0,3,JEAN JAURES (R),48.78299,2.57867,11,2,2
202100040142,129Â 844,A01,1,1,2,0,8,-1,-1,-1, -1,-1,2021,25.0,1,2,0,2,2,0,1,,4,FELIX FAURE                         (AV),0,,2,3,3,1,(1),(1),1,, -1,1,0,1,50,12,5,1,69,69383,2,2,0,3,FELIX FAURE                         (AV),45.75414,4.86318,15,2,2
202100043469,123Â 959,Z01,10,3,2,9,8,8,-1,5,9,1,2021,20.0,3,1,0,1,0,25,0,,4,AVENUE DE L OPERA,0,,2,4,0,1,(1),(1),1,, -1,1,0,4,50,19,4,1,75,75101,2,3,0,6,AVENUE DE L OPERA,48.866307,2.334158,12,2,1
202100009269,185Â 129,A01,4,2,2,5,8,0,-1,-1, -1,-1,2021,53.0,2,3,0,2,8,13,2,3.0,7,SAINT LOUP (BOULEVARD DE),0,,2,3,0,1,0,0,1,, -1,1,0,1,50,5,11,1,13,13211,2,1,0,3,SAINT LOUP (BOULEVARD DE),43.285,5.44248,8,4,2
202100040091,129Â 930,A01,1,1,2,5,1,-1,-1,0,0,-1,2021,60.0,2,2,0,2,1,13,1,,3,123,-1,D,2,2,0,1,45,0,1,, -1,1,0,1,80,14,5,1,11,11270,1,1,0,1,Maisons,42.887631,2.637877,14,4,2
202100031948,144Â 636,A01,3,2,1,5,8,8,-1,-1, -1,-1,2021,1.0,2,2,0,2,1,1,3,,1,A4.W,0,,-1,5,0,1,19,0,1,, -1,1,0,1,110,28,6,1,77,77258,1,1,0,2,A4.W,48.8306,2.63233,17,3,2
202100045727,120Â 014,A01,10,3,2,9,0,-1,-1,3,3,1,2021,49.0,0,2,0,1,1,15,1,,4,PALMISTES(PLACE DES),0,,1,1,0,1,(1),(1),1,, -1,1,0,1,50,31,3,1,973,97302,2,2,0,6,PALMISTES(PLACE DES),4.9394739532,-52.3343564943,12,2,1
202100052040,108Â 693,Z01,10,3,2,9,8,8,-1,2,3,1,2021,12.0,1,1,0,1,0,1,0,,4,RUE DE LANCRY,0,,1,1,1,1,(1),(1),1,, -1,5,0,1,30,9,2,1,75,75110,2,1,1,6,RUE DE LANCRY,48.870055,2.360863,12,2,1
202100011203,181Â 708,A01,2,2,2,9,1,0,-1,-1, -1,-1,2021,21.0,1,2,0,2,3,1,1,,7,ARRAS RUE D,0,,-1,1,0,1,(1),(1),1,, -1,1,9,1,50,24,10,5,59,59350,2,3,0,3,ARRAS RUE D,50.6176903877,3.0635772115,20,3,2
202100027872,151Â 893,A01,1,1,1,0,8,0,-1,-1, -1,-1,2021,22.0,3,1,1,0,1,2,1,,4,AUGUSTE RODIN (RUE) - RIV. DES GALETS,0,,2,1,0,1,0,0,1,, -1,1,0,3,50,19,7,5,974,97407,2,1,0,3,AUGUSTE RODIN (RUE) - RIV. DES GALETS,-20.9588,55.3112,18,2,2
202100011715,180Â 790,B01,1,1,2,1,1,-1,-1,0,0,-1,2021,57.0,1,2,0,2,6,23,1,,3,6110,0,D,2,2,0,1,30,730,3,, -1,1,0,1,80,22,10,2,30,30161,1,3,0,5,D6110,44.024684,4.111547,18,4,4