Num_Acc,id_vehicule,num_veh,place,catu,sexe,trajet,secu1,secu2,secu3,locp,actp,etatp,year_acc,victim_age,senc,catv,obs,obsm,choc,manv,motor,occutc,catr,voie,v1,v2,circ,nbv,vosp,prof,pr,pr1,plan,lartpc,larrout,surf,infra,situ,vma,jour,mois,lum,dep,com,agg_,int,atm,col,adr,lat,long,hour,nb_victim,nb_vehicules
202100017019,171Â 196,Z01,3,2,2,5,1,0,-1,0,0,-1,2021,35.0,2,2,7,0,1,13,2,,4,BOULEVARD SAINT MICHEL,0,,2,4,0,1,(1),(1),1,, -1,1,0,1,30,25,9,5,75,75106,2,3,0,6,BOULEVARD SAINT MICHEL,48.852767,2.343829,4,3,1
202100030599,147Â 057,A01,1,1,1,9,8,0,-1,0,0,-1,2021,64.0,2,1,0,2,3,1,5,,4,BOULEVARD VOLTAIRE,0,,2,4,1,1,(1),(1),1,, -1,1,0,5,30,5,7,1,75,75111,2,1,0,3,BOULEVARD VOLTAIRE,48.864836,2.368312,14,2,2
202100016603,171Â 956,A01,1,1,1,4,1,0,-1,-1, -1,-1,2021,25.0,1,5,0,2,1,2,1,,1,AUTOROUTE A22,0,,3,4,0,1,22,364,1,, -1,1,0,1,110,24,9,1,59,59426,1,1,0,2,AUTOROUTE A22,50.7483975102,3.1439039283,8,2,2
202100025141,156Â 717,A01,1,1,1,4,2,6,-1,0,0,-1,2021,22.0,0,1,0,2,1,1,1,,4,RUE POLIVEAU,0,,1,2,0,1,(1),(1),1,, -1,1,0,1,50,7,8,1,75,75105,2,2,0,3,RUE POLIVEAU,48.839708,2.356596,15,2,2
202100018218,169Â 039,A01,2,2,2,5,1,-1,-1,0,0,-1,2021,21.0,2,2,3,0,9,14,1,,1,16,0,,3,4,0,1,162,100,3,, -1,1,0,3,130,19,9,2,80,80009,1,1,0,6,A16,50.079011,1.963849,7,3,1
202100018594,168Â 398,A01,4,2,1,0,8,0,-1,-1, -1,-1,2021,37.0,1,2,0,2,1,1,1,,2,RN 569,0,,2,2,0,1,14,800,1,, -1,2,0,1,80,15,9,3,13,13047,1,1,1,5,RN 569,43.52087,4.96307,23,5,3
202100007485,188Â 376,A01,2,2,1,5,2,6,-1,0,0,-1,2021,18.0,1,1,13,0,1,1,1,,3,150,-1,,2,2,0,2,32,150,4,,"4,6",1,0,3,80,19,11,3,79,79103,1,1,0,6,La Guinaire,46.761598,-0.569465,5,2,1
202100013089,178Â 345,A01,1,1,2,0,1,0,-1,-1, -1,-1,2021,31.0,3,2,0,2,1,9,1,,4,POLE (RUE DU) DU 1AU 2,0,,2,2,0,2,(1),(1),1,, -1,1,0,1,50,15,10,5,31,31555,2,1,0,3,POLE (RUE DU) DU 1AU 2,43.64737,1.42017,5,3,2
202100010111,183Â 633,B01,1,1,2,0,1,4,-1,-1, -1,-1,2021,19.0,1,2,4,2,4,2,1,,1,AUTOROUTE A1,0,,1,3,0,1,32,500,1,, -1,2,0,1,130,31,10,3,60,60494,1,1,0,4,AUTOROUTE A1,49.128183,2.558251,19,4,3
202100000403,200Â 982,B01,1,1,1,3,2,0,-1,-1, -1,-1,2021,45.0,3,1,0,2,8,0,1,,7,AVENUE DU PLAN DE CAMPAGNE,0,,1,0,0,1,0,0,1,, -1,1,0,1,50,11,6,1,13,13071,2,9,0,3,AVENUE DU PLAN DE CAMPAGNE,43.4169936602,5.3558168775,18,5,2
202100027061,153Â 345,A01,1,1,1,5,8,-1,-1,0,0,-1,2021,45.0,2,1,0,2,1,1,5,,4,BIGORRE (RUE DE),0,,2,2,1,1,(1),(1),2,, -1,1,0,1,30,25,7,1,65,65331,2,3,0,1,BIGORRE (RUE DE),43.199504,0.060051,11,2,2
202100036374,136Â 684,A01,1,1,2,0,1,0,-1,-1, -1,-1,2021,22.0,1,2,0,2,6,9,1,,2,TOUTES RUES,0,,-1,4,0,1,1,0,1,, -1,1,0,1,90,4,6,1,202,202037,1,1,0,2,TOUTES RUES,42.63643,9.43855,12,2,2
202100002577,197Â 178,B01,1,1,1,2,1,0,-1,-1, -1,-1,2021,20.0,1,2,0,2,6,16,1,,3,SOLEIL LEVANT (BOULEVARD DU),0,,-1,1,0,1,0,0,1,, -1,1,5,1,50,16,12,1,972,97209,2,1,0,3,SOLEIL LEVANT (BOULEVARD DU),14.61966,-61.03914,6,2,2
202100039930,130Â 212,B01,1,1,2,0,1,0,-1,0,0,-1,2021,48.0,2,2,0,9,1,1,1,,7,BINGEN (BD JACQUES),0,,2,4,0,1,4,800,1,, -1,1,0,1,50,14,5,1,63,63113,2,1,0,6,BINGEN (BD JACQUES),45.77613,3.12994,12,2,2
202100035351,138Â 519,B01,1,1,1,5,2,8,-1,-1, -1,-1,2021,29.0,2,1,0,2,1,1,5,,3,GARDES (ROUTE DES) NÂ° 5 A 51,0,,-1,2,0,2,0,0,1,, -1,1,0,1,50,10,6,1,92,92048,2,2,0,3,GARDES (ROUTE DES) NÂ° 5 A 51,48.8188247793,2.2346502542,19,3,2
202100015447,174Â 095,B01,1,1,1,1,8,0,-1,-1, -1,-1,2021,46.0,1,2,0,2,6,1,1,,1,A13,0,,-1,3,0,1,48,1300,3,, -1,2,0,1,110,2,10,3,78,78531,1,1,0,2,A13,48.988462,1.657215,6,2,2
202100039129,131Â 685,B01,4,2,1,9,1,8,-1,-1, -1,-1,2021,42.0,1,0,0,2,6,1,1,,4,ANATOLE FRANCE (RUE),0,,-1,2,0,1,(1),(1),1,, -1,1,0,1,50,19,5,1,10,10387,2,2,0,3,ANATOLE FRANCE (RUE),48.282254,4.070804,14,3,2
202100045023,121Â 248,B01,2,2,1,5,2,6,-1,-1, -1,-1,2021,8.0,1,1,0,2,1,1,1,,4,GREUZE    (Rue),0,,1,1,0,1,(1),(1),1,, -1,1,0,1,50,5,4,1,69,69266,2,9,0,3,GREUZE (R),45.76785,4.89358,14,4,2
202100052209,108Â 387,A01,10,3,2,3,8,8,-1,3,3,1,2021,85.0,3,2,0,1,1,1,1,,4,PL HENRI BARBUSSE,0,,1,2,0,1,0,0,2,, -1,2,9,6,30,7,2,1,91,91479,2,9,1,6,PL HENRI BARBUSSE,48.71281,2.3635,11,2,1
202100013649,177Â 314,A01,1,1,1,4,1,0,-1,-1, -1,-1,2021,47.0,2,4,15,0,1,13,1,,4,LE GUILLOUX (HENRI),0,,2,2,0,1,(1),(1),1,, -1,1,0,8,50,12,10,1,35,35238,2,1,0,6,LE GUILLOUX (HENRI),48.11756,-1.69375,8,1,1
202100050783,110Â 909,B01,1,1,1,5,2,6,-1,-1, -1,-1,2021,37.0,3,1,0,2,6,15,1,,3,63,0,,2,2,0,1,1,0,1,, -1,1,5,1,50,20,2,1,92,92019,2,2,0,3,ALLENDE SALVATOR (CARREFOUR),48.7640157338,2.2719356418,18,2,2
202100037301,134Â 995,A01,10,3,2,1,0,-1,-1,2,3,2,2021,49.0,1,1,15,2,4,19,1,,3,BD MAXIME GORKI ,0,,2,0,0,1,1,0,1,, -1,1,0,1,50,31,5,1,94,94076,2,1,0,6,MAXIME GORKI (BD),48.78768,2.36785,15,2,1
202100032387,143Â 879,A01,1,1,2,5,2,-1,-1,0,0,-1,2021,12.0,2,1,0,0,7,1,5,,3,32,0,,2,2,0,1,(1),(1),1,, -1,1,0,1,50,2,6,1,22,22248,2,9,0,7,Hent Ar Mor,48.619215,-3.087121,16,1,1
202100001378,199Â 306,A01,10,3,2,5,0,-1,-1,2,3,2,2021,77.0,2,1,0,1,1,1,1,,4,RUE DE BELLEVILLE,0,,2,1,3,2,(1),(1),1,, -1,2,0,1,30,25,12,1,75,75119,2,1,1,6,RUE DE BELLEVILLE,48.872288,2.377587,15,3,1
202100001645,198Â 865,A01,2,2,2,3,0,-1,-1,0,0,-1,2021,20.0,2,2,0,0,1,1,1,,3,946,0,D,2,2,0,2,34,300,1,, -1,1,0,8,80,25,12,1,64,64057,1,1,0,7,RD 946,43.467229,-0.612756,11,2,1
202100054623,104Â 149,A01,1,1,2,9,1,-1,-1,0,0,-1,2021,51.0,3,2,15,9,1,1,1,,4,0,0,,2,2,0,2,(1),(1),1,, -1,2,0,3,80,18,1,3,63,63326,1,1,0,6,Route de Neuville,45.698931211,2.8776615858,17,1,1
202100003608,195Â 296,A01,1,1,2,1,8,0,-1,-1, -1,-1,2021,59.0,2,2,0,2,1,15,1,,3,RD 344,0,,2,2,0,1,4,200,2,, -1,2,0,1,70,9,12,3,67,67180,1,4,1,1,RD 344,48.85581,7.93332,7,2,2
202100043519,123Â 872,B01,2,2,2,5,8,-1,-1,0,0,-1,2021,61.0,1,2,0,2,2,1,1,,3,906,-1,,-1,2,0,1,89,200,1,, -1,1,0,1,80,19,4,2,71,71481,1,2,0,3,RD906,46.19795,4.763625,19,4,2
202100044019,122Â 995,B01,1,1,1,9,2,6,-1,-1, -1,-1,2021,35.0,1,1,0,2,1,21,1,,4,BERNEDE (RUE),0,,-1,2,0,1,0,0,1,, -1,1,0,1,50,13,4,1,64,64102,2,3,0,3,BERNEDE (RUE),43.49328,-1.47551,8,2,2
202100044877,121Â 501,A01,1,1,1,5,2,-1,-1,0,0,-1,2021,78.0,1,0,0,2,8,13,3,,3,42,-1,,2,2,0,1,45,1355,1,, -1,1,0,1,80,8,4,1,44,44217,1,1,0,2,La Plee,47.299576,-1.66459,13,2,2
202100000984,199Â 997,A01,1,1,2,0,1,0,-1,-1, -1,-1,2021,22.0,3,2,0,2,1,13,1,,3,HERMIERES  (RUE   ),0,,2,2,0,2,1,0,4,, -1,2,0,1,50,29,12,1,77,77209,1,1,1,1,HERMIERES  (RUE   ),48.86299,2.70268,15,2,2
202100042291,126Â 031,B01,1,1,1,5,2,6,-1,-1, -1,-1,2021,43.0,1,1,0,2,1,1,1,,3,BROSSET (BD GENERAL),0,,1,1,1,1,26,950,1,, -1,1,0,1,30,27,4,1,83,83137,2,1,0,3,BROSSET (BD GENERAL),43.12817,5.90644,13,2,2
202100042195,126Â 198,B01,1,1,1,9,2,6,-1,-1, -1,-1,2021,54.0,1,1,0,2,1,1,0,,4,NORMANDIN   RUE EMILE,0,,2,2,1,1,(1),(1),1,, -1,1,0,1,30,28,4,1,17,17300,2,1,0,3,NORMANDIN   RUE EMILE,46.14941,-1.1447,16,2,2
202100021892,162Â 501,B01,1,1,1,9,1,8,-1,-1, -1,-1,2021,23.0,1,2,0,2,4,2,1,,1,A51-Sens Marseille vers Aix en Provence,0,,1,3,0,1,3,500,1,, -1,1,0,1,90,30,8,1,13,13019,1,1,0,2,A51-Sens Marseille vers Aix en Provence,43.42381,5.37455,18,5,3
202100001529,199Â 068,B01,1,1,1,5,1,-1,-1,0,0,-1,2021,54.0,2,2,0,2,3,1,1,,3,971,-1,D,2,2,0,2,5,800,2,, -1,2,0,1,80,26,12,1,29,29240,1,1,0,1,D791 - Lieu Dit Kergo Vraz,48.282629,-4.248308,10,4,2
202100020317,165Â 321,A01,1,1,1,4,1,0,-1,-1, -1,-1,2021,47.0,1,2,0,2,1,1,0,,3,ALSACE ( BOULEVARD D'),0,,1,2,0,1,0,165,1,, -1,1,0,1,50,7,9,1,6,6029,2,1,0,3,ALSACE ( BOULEVARD D'),43.553813,7.025051,14,2,2
202100014431,175Â 901,B01,2,2,1,0,2,8,-1,-1, -1,-1,2021,8.0,1,1,0,2,1,19,3,,4,PHARMA. CINGALA 40 BD JULES GUESDE,0,,2,1,0,1,0,0,1,, -1,1,0,1,50,8,10,1,93,93066,2,1,0,3,PHARMA. CINGALA 40 BD JULES GUESDE,48.936338,2.349992,18,3,2
202100024514,157Â 840,B01,1,1,1,9,2,0,-1,0,0,-1,2021,51.0,1,1,0,2,1,1,1,,4,WILSON (AVENUE),0,,2,2,0,1,(1),(1),1,, -1,1,0,1,50,11,8,1,63,63070,2,4,0,3,WILSON (AVENUE),45.7307,3.06402,17,2,2
202100049266,113Â 697,A01,10,3,2,3,0,-1,-1,4,3,2,2021,16.0,2,0,9,2,0,26,0,,4,REPUBLIQUE (BD DE LA),0,,-1,4,0,1,0,0,1,, -1,1,5,1,50,22,2,1,13,13001,2,1,0,6,REPUBLIQUE (BD DE LA),43.52844,5.44259,16,2,1
202100053314,106Â 428,A01,1,1,2,5,1,0,-1,-1,0,-1,2021,39.0,2,2,4,0,4,11,1,,1,3,0,,3,-1,0,1,15,699,1,, -1,1,0,1,110,28,1,1,95,95277,1,1,0,6, A3,48.97126,2.48355,14,1,1
202100048531,115Â 006,B01,5,2,1,0,1,0,-1,-1, -1,-1,2021,14.0,2,2,0,2,1,1,1,,4,VALLEES DES,0,,2,2,0,1,0,0,1,, -1,1,0,1,50,7,3,1,64,64284,2,2,0,3,VALLEES DES,43.29305,-0.38675,9,6,2
202100045666,120Â 114,A01,1,1,1,0,2,0,-1,-1, -1,-1,2021,53.0,2,1,0,2,3,1,1,,3,986,0,,2,4,1,1,0,0,1,, -1,1,0,5,50,1,4,1,92,92025,2,3,0,3,BOURNARD (RUE DU),48.9231556907,2.2537852093,19,2,2
202100025643,155Â 847,B01,1,1,2,0,1,0,-1,-1, -1,-1,2021,39.0,1,2,0,2,3,1,1,,3,MARECHAL LECLERC AVENUE,0,,3,4,0,1,(1),(1),1,, -1,1,0,1,50,4,8,1,93,93046,2,2,0,3,Avenue du MarÃ©chal Leclerc / AllÃ©e Joseph Noize,48.92018,2.53909,19,3,2
202100049743,112Â 830,A01,1,1,1,5,8,0,-1,-1, -1,-1,2021,26.0,1,5,0,2,1,9,1,,3,IMPERIALE - ROUTE,0,,2,2,0,1,1,0,1,, -1,1,5,1,50,28,2,1,202,202033,2,6,0,3,IMPERIALE - ROUTE,42.66508,9.43856,13,4,2
202100000240,201Â 294,B01,2,2,2,5,2,6,-1,0,0,-1,2021,26.0,1,1,0,2,3,7,1,,4,BOULEVARD POISSONNIERE,0,,2,3,1,1,(1),(1),1,, -1,1,-1,6,30,20,11,5,75,75109,2,2,0,3,BOULEVARD POISSONNIERE,48.870688,2.347917,4,4,2
202100035106,138Â 950,A01,1,1,1,5,2,-1,-1,0,0,-1,2021,21.0,2,1,8,0,1,1,1,,4,,-1,,2,2,0,1,(1),(1),1,,4,1,0,3,50,12,6,5,76,76624,2,3,0,6,Rue d Arques,49.881625,1.211318,0,1,1
202100049733,112Â 850,B01,1,1,1,9,2,0,-1,-1, -1,-1,2021,34.0,1,1,0,2,1,2,1,,1,AUTOROUTE A86,0,,3,8,0,1,15,0,1,, -1,1,0,1,90,1,3,1,93,93001,1,1,0,2,AUTOROUTE A86,48.92087,2.37175,18,2,2
202100016481,172Â 166,A01,2,2,1,5,1,8,-1,0,0,-1,2021,15.0,1,2,0,1,1,26,1,,4,CARPENTIER (R GEORGES),0,,2,1,0,1,(1),(1),1,, -1,1,6,1,50,16,9,1,62,62510,2,4,0,6,CARPENTIER (R GEORGES),50.423955,2.755937,9,3,1
202100054334,104Â 640,B01,1,1,2,0,1,0,-1,-1, -1,-1,2021,62.0,2,2,9,0,7,16,1,,7,1090,0,,2,8,3,1,2,875,1,, -1,1,0,1,70,20,1,3,38,38516,2,9,0,3,Avenue de Verdun,45.19242,5.74634,19,5,2
202100009544,184Â 645,B01,1,1,1,1,1,0,-1,-1, -1,-1,2021,20.0,2,5,0,2,1,2,1,,1,A507 sens Aubagne- Marseille,0,,1,3,0,1,2,839,1,, -1,1,1,1,70,4,11,1,13,13055,1,1,0,2,A507 sens Aubagne- Marseille,43.3299405761,5.4115204811,9,2,2
202100017834,169Â 740,B01,1,1,1,5,2,0,-1,-1, -1,-1,2021,84.0,3,1,0,2,1,1,5,,4,JONCTION (QUAI),0,,2,2,0,1,0,0,1,, -1,1,0,1,50,16,9,1,58,58194,2,1,0,6,JONCTION (QUAI),46.9786,3.16616,15,2,2
202100048906,114Â 340,B01,2,2,2,5,1,-1,-1,0,0,-1,2021,60.0,1,2,0,2,1,17,1,,3,D677,-1,,1,2,0,4,48,4,1,, -1,1,0,1,110,7,3,1,10,10015,1,9,0,3,D677,48.421405,4.115667,15,4,2
202100023678,159Â 295,B01,1,1,2,0,1,-1,-1,-1, -1,-1,2021,42.0,1,2,0,2,1,0,1,,4,PIERRE VALDO                        (R ),0,,1,2,0,1,(1),(1),1,, -1,1,9,1,30,13,8,1,69,69385,2,1,0,3,PIERRE VALDO (R),45.7504,4.78592,12,2,2
202100052109,108Â 566,A01,1,1,1,4,2,6,-1,-1, -1,-1,2021,28.0,1,1,1,0,7,14,1,,4,GALILEE (RUE),0,,2,2,0,1,0,0,1,, -1,2,0,1,50,4,2,1,87,87085,2,1,1,3,GALILEE (RUE),45.84015,1.26723,12,2,2
202100008448,186Â 638,A01,1,1,2,0,1,-1,-1,0,0,-1,2021,75.0,0,2,0,2,1,1,2,,4,JULES FERRY (CHAUSSEE),0,,2,3,0,1,(1),(1),1,, -1,1,0,1,50,8,11,1,80,80021,2,1,0,2,JULES FERRY (CHAUSSEE),49.88388,2.32382,14,2,2
202100053758,105Â 651,B01,1,1,1,1,2,0,-1,-1, -1,-1,2021,62.0,1,1,0,2,4,23,1,,3,BD DE STALINGRAD,0,,2,2,0,1,1,0,1,, -1,1,0,1,50,20,1,1,94,94017,2,1,0,2,STALINGRAD (BD DE),48.81773,2.50705,10,2,2
202100006913,189Â 410,B01,1,1,1,0,1,-1,-1,-1, -1,-1,2021,58.0,1,2,0,2,4,23,2,,4,JEAN JAURES      (Rue),0,,2,2,2,1,(1),(1),1,, -1,1,0,1,50,21,11,5,69,69266,2,2,0,2,JEAN JAURES (R),45.7566,4.8791,4,2,2
202100036376,136Â 681,B01,1,1,1,1,8,0,-1,-1, -1,-1,2021,26.0,2,5,0,2,1,1,1,,2,NATIONALE 6 (GLACIERE),0,,3,4,0,1,2,0,1,, -1,4,0,1,90,4,6,1,91,91421,1,1,1,2,NATIONALE 6 (GLACIERE),48.70374,2.44378,7,4,2
202100041754,126Â 974,A01,2,2,2,5,1,0,-1,-1, -1,-1,2021,38.0,2,2,6,0,2,1,1,,1,A86 EXT,0,,3,6,0,1,45,99,3,, -1,2,1,1,70,2,5,5,94,94073,1,1,0,6,A86 EXT,48.77018,2.38255,1,3,1
202100010155,183Â 545,B01,1,1,1,0,2,6,-1,-1, -1,-1,2021,29.0,1,1,0,2,8,1,1,,4,RTE DU MEDOC,0,,3,2,2,1,(1),(1),1,, -1,1,4,1,50,29,10,5,33,33075,2,2,0,3,Route du MÃ©doc,44.87358,-0.61725,20,2,2
202100038904,132Â 089,A01,1,1,1,0,8,0,-1,-1, -1,-1,2021,64.0,1,1,0,2,1,1,5,,4,COLMAR (AVENUE DE),0,,3,6,1,1,0,0,1,, -1,1,4,5,50,20,5,1,67,67482,2,8,0,3,COLMAR (AVENUE DE),48.55277,7.74415,12,2,2
202100009156,185Â 346,A01,1,1,1,5,0,-1,-1,0,0,-1,2021,88.0,2,2,0,2,1,13,1,,3,23,0,,2,2,0,1,0,162,1,, -1,1,0,1,80,7,11,2,31,31028,1,1,0,1,D23,43.222882,0.876342,6,3,2
202100036519,136Â 432,A01,10,3,2,3,0,-1,-1,3,3,1,2021,86.0,1,2,0,0,5,20,1,,3,.,0,,2,-1,0,4,(1),(1),1,, -1,1,0,1,50,4,6,1,54,54400,2,1,0,6,30 Rue Georges ClÃ©menceau,48.888169,6.226709,14,2,1
202100035364,138Â 499,A01,1,1,1,5,2,-1,-1,0,0,-1,2021,72.0,1,1,0,0,0,2,5,,3,25,-1,,2,2,0,1,33,300,1,, -1,2,0,3,80,9,6,1,71,71490,1,1,1,7,Route de Gueugnon,46.543602,4.111397,17,1,1
202100034447,140Â 160,B01,1,1,1,1,1,5,-1,-1, -1,-1,2021,23.0,3,2,0,2,1,2,1,,4,CHAPIT RE ( RUE DU),0,,1,1,0,1,0,0,3,, -1,1,0,1,50,14,6,1,93,93073,2,9,1,5,Rue du Chapitre,49.002608468,2.5368762016,14,3,3
202100036820,135Â 886,B01,2,2,1,1,1,5,-1,-1, -1,-1,2021,59.0,1,2,0,2,4,2,1,,2,RN 1569 LA TRANSHUMANCE,0,,2,2,0,1,16,200,1,, -1,1,0,1,80,2,6,1,13,13047,1,1,0,2,N1569,43.4978185484,4.9663015486,9,3,2
202100056380,101Â 125,A01,1,1,2,1,1,0,-1,-1, -1,-1,2021,25.0,2,2,0,2,1,2,1,,2,RN 118,0,,3,5,0,3,9,710,1,, -1,2,0,1,90,2,1,3,91,91471,1,1,0,4,RN 118,48.7141,2.17568,20,3,3
202100009819,184Â 143,A01,1,1,1,0,8,8,-1,-1, -1,-1,2021,24.0,3,1,0,2,3,18,0,,3,7,0,,-1,4,0,1,1,0,1,, -1,1,0,1,50,2,11,1,92,92073,2,1,0,3,GALLIENI (QUAI),48.87066,2.23214,9,2,2
202100011796,180Â 631,A01,1,1,1,0,1,0,-1,-1, -1,-1,2021,25.0,2,2,0,2,1,13,0,,3,SAINT PEE (VIEILLE ROUTE DE),0,,2,2,0,1,1,415,2,, -1,2,0,1,50,21,10,1,64,64483,2,1,1,1,SAINT PEE (VIEILLE ROUTE DE),43.38899,-1.63985,9,2,2
202100021196,163Â 773,B01,1,1,2,5,1,-1,-1,-1, -1,-1,2021,40.0,1,2,0,2,4,1,1,,1,ROCADE A 630,0,,3,6,0,1,3,100,1,, -1,2,2,1,70,3,9,1,33,33063,1,1,1,4,Pont d'Aquitaine,44.880234,-0.538554,12,6,4
202100053768,105Â 633,A01,1,1,1,0,2,6,-1,-1, -1,-1,2021,21.0,3,1,0,2,6,1,1,,4,,0,,2,4,0,1,0,0,1,, -1,1,0,1,50,25,1,1,92,92035,2,1,0,2,Louis Blanc ( rue ),48.9109387159,2.2479808331,12,2,2
202100000303,201Â 179,B01,4,2,2,5,1,-1,-1,-1,0,-1,2021,26.0,1,2,0,2,4,23,2,,3,AV DE STALINGRAD,0,,3,0,0,1,1,0,1,, -1,1,0,1,50,28,11,5,95,95268,2,1,0,2,AV DE STALINGRAD,48.9658313804,2.4084949493,3,3,2
202100009607,184Â 533,B01,1,1,1,5,2,6,-1,-1, -1,-1,2021,40.0,-1,1,0,2,1,26,1,,4,LECLERC (AVENUE DU GENERAL),0,,2,2,0,1,(1),(1),1,, -1,2,0,1,50,2,11,5,15,15014,2,1,1,3,Avenue du GÃ©nÃ©ral Leclerc,44.911724,2.442951,18,2,2
202100029430,149Â 170,B01,1,1,1,5,2,-1,-1,-1, -1,-1,2021,24.0,1,1,0,2,4,1,6,,4,SERGENT MAGINOT (AVENUE),0,,1,1,2,1,(1),(1),1,, -1,1,0,5,50,11,7,1,35,35238,2,9,0,2,SERGENT MAGINOT (AVENUE),48.10998,-1.65754,10,2,2
202100043010,124Â 790,B01,1,1,2,0,1,-1,-1,-1, -1,-1,2021,55.0,2,2,0,2,4,1,1,,2,PONT GUSTAVE FLAUBERT,0,,1,3,0,1,9,200,1,, -1,1,0,1,70,23,2,1,76,76540,2,1,0,2,PONT GUSTAVE FLAUBERT,49.44377,1.06387,17,2,2
202100006212,190Â 706,A01,1,1,2,1,2,-1,-1,-1, -1,-1,2021,33.0,1,1,0,1,1,1,5,,4,JEAN JAURES                         (AV),0,,2,2,2,1,(1),(1),1,, -1,1,0,1,50,17,11,1,69,69387,2,1,0,6,JEAN JAURES (AV),45.74175,4.83981,12,2,1
202100047728,116Â 434,Z01,10,3,1,5,0,-1,-1,3,3,1,2021,56.0,1,2,0,1,1,1,1,,4,CLEMENCEAU (BOULEVARD),0,,2,3,0,1,(1),(1),1,, -1,1,0,1,50,6,3,1,66,66136,2,1,0,6,CLEMENCEAU (BOULEVARD),42.70079,2.89164,9,2,1
202100052995,106Â 992,B01,1,1,2,5,1,5,-1,-1, -1,-1,2021,69.0,-1,2,0,2,1,1,1,,3,ALSACE-LORRAINE (BOULEVARD),0,,2,3,0,1,0,1,1,, -1,2,0,1,50,31,1,1,93,93064,2,1,1,3,ALSACE-LORRAINE (BOULEVARD),48.8851180754,2.4808707518,10,3,2
202100020805,164Â 459,A01,1,1,2,5,1,-1,-1,-1, -1,-1,2021,20.0,2,2,4,0,2,14,1,,1,AUTOROUTE A 10,0,,3,6,0,2,534,500,1,, -1,1,2,1,130,5,9,5,33,33487,1,1,0,6,AUTOROUTE A 10,44.951328,-0.461209,20,3,1
202100011256,181Â 611,A01,1,1,1,0,2,6,-1,-1, -1,-1,2021,42.0,1,1,0,2,1,2,1,,3,131,0,,2,4,0,1,0,0,1,, -1,1,0,1,50,24,10,5,92,92050,2,2,0,2,ARAGO FRANCOIS AVENUE,48.9029242835,2.2281914949,21,4,2
202100022473,161Â 463,A01,10,3,2,3,0,-1,-1,3,3,1,2021,40.0,2,1,0,1,3,1,5,,4,BOULEVARD DE BELLEVILLE,0,,1,1,1,1,(1),(1),1,, -1,1,0,5,30,26,8,1,75,75111,2,1,0,6,BOULEVARD DE BELLEVILLE,48.867938,2.381807,17,2,1
202100029862,148Â 414,B01,1,1,1,1,2,0,-1,-1, -1,-1,2021,19.0,1,1,0,2,6,5,1,,3,920,0,,2,4,0,1,0,0,1,, -1,1,0,1,50,9,7,1,92,92002,2,3,0,3,ARISTIDE BRIAND (AVENUE),48.7585894182,2.3070377111,20,2,2
202100017788,169Â 821,B01,1,1,2,0,8,8,-1,-1, -1,-1,2021,15.0,1,1,0,2,6,1,5,,4,CHARITE (RUE DE LA),0,,1,1,0,1,0,0,1,, -1,1,0,1,50,20,9,1,974,97416,2,1,0,2,CHARITE (RUE DE LA),-21.33329,55.47526,13,2,2
202100047921,116Â 077,B01,1,1,1,0,2,0,-1,0,0,-1,2021,32.0,2,1,0,0,4,23,1,,7,DUNANT (PLACE HENRI),0,,3,4,0,1,(1),(1),1,, -1,1,0,1,50,13,3,5,63,63113,2,1,0,2,DUNANT (PLACE HENRI),45.7610239767,3.0914341344,21,2,2
202100052409,108Â 031,B01,1,1,2,9,8,0,-1,-1, -1,-1,2021,86.0,1,1,0,2,1,15,5,,4,PARIS (AVENUE DE),0,,3,2,2,1,(1),(1),1,, -1,1,-1,1,50,4,2,1,71,71076,2,1,0,3,PARIS (AVENUE DE),46.79009,4.85034,15,2,2
202100020298,165Â 355,A01,1,1,2,0,1,-1,-1,0,0,-1,2021,27.0,1,2,0,0,4,1,1,,4,JUNIVILLE RUE,0,,2,3,0,1,(1),(1),1,, -1,1,0,1,50,7,9,1,29,29232,2,1,0,2,Rue de Juniville,47.99562,-4.099976,8,2,2
202100036272,136Â 844,A01,10,3,1,5,8,8,-1,9,3,1,2021,33.0,0,5,0,1,1,0,0,,3,IVRY (R D),0,,1,1,0,1,2,0,1,, -1,1,0,1,50,5,6,1,94,94081,2,1,0,1,IVRY (R D),48.80164,2.40222,17,2,1
202100033360,142Â 137,A01,2,2,2,5,2,0,-1,-1, -1,-1,2021,16.0,1,1,0,2,1,9,1,,4,CORDERIE (ALLEE DE LA),0,,1,1,0,1,0,0,1,0,8,1,0,1,50,11,6,1,16,16102,2,3,0,3,Place Jean Monnet,45.692951,-0.327449,19,3,2
202100038746,132Â 359,A01,1,1,1,0,1,0,-1,0,0,-1,2021,35.0,1,2,0,2,1,1,1,,4,TOLSTOI (BOULEVARD),0,,2,3,0,1,(1),(1),1,, -1,1,0,1,50,22,5,1,54,54526,2,3,0,3,TOLSTOI (BOULEVARD),48.6813726711,6.2160398439,9,2,2
202100000076,201Â 615,A01,2,2,1,5,2,8,-1,-1, -1,-1,2021,22.0,2,1,0,0,0,26,1,,4,GAVOT (AVENUE DE)  CD11,0,,2,2,0,2,1,0,1,, -1,1,0,1,50,7,4,5,74,74119,2,1,0,7,GAVOT (AVENUE DE)  CD11,46.38904,6.57928,1,2,1
202100029381,149Â 259,A01,1,1,2,1,2,6,-1,0,0,-1,2021,20.0,1,1,0,2,7,9,1,,3,675,0,D,2,2,0,1,44,900,1,, -1,2,0,1,80,13,7,1,27,27065,1,6,1,7,Route dÃ©partementale D675,49.348227,0.361723,9,2,2
202100032514,143Â 648,B01,1,1,1,1,2,6,-1,0,0,-1,2021,55.0,2,1,0,2,4,23,1,,4,RUE RAYMOND LOSSERAND,0,,1,1,0,1,(1),(1),1,, -1,1,0,1,50,24,6,1,75,75114,2,1,0,4,RUE RAYMOND LOSSERAND,48.834681,2.31951,14,4,3