Num_Acc,id_vehicule,num_veh,place,catu,sexe,trajet,secu1,secu2,secu3,locp,actp,etatp,year_acc,victim_age,senc,catv,obs,obsm,choc,manv,motor,occutc,catr,voie,v1,v2,circ,nbv,vosp,prof,pr,pr1,plan,lartpc,larrout,surf,infra,situ,vma,jour,mois,lum,dep,com,agg_,int,atm,col,adr,lat,long,hour,nb_victim,nb_vehicules
202100000695,200Â 472,A01,10,3,1,0,0,-1,-1,3,1,2,2021,76.0,0,2,0,1,3,15,1,,7,COMBATTANTS AFN 52 62 (AV DES ),0,,2,2,0,1,0,0,1,, -1,1,0,1,50,12,3,1,13,13054,2,6,1,6,COMBATTANTS AFN 52 62 (AV DES ),43.41153,5.21893,17,3,1
202100000167,201Â 446,A01,1,1,1,5,2,8,-1,-1, -1,-1,2021,21.0,3,1,0,2,1,1,1,,7,CD16 (LE DELA),0,,2,2,0,2,38,0,3,, -1,1,0,1,80,14,7,1,13,13047,1,1,0,3,CD16 (LE DELA),43.52397,5.00765,18,3,2
202100050374,111Â 654,A01,10,3,2,0,0,-1,-1,2,3,2,2021,56.0,0,2,0,1,1,15,1,,3,CACHIN MARCEL (AVENUE),0,,3,4,0,1,0,1,1,, -1,1,0,1,50,24,2,1,93,93066,2,1,1,6,CACHIN MARCEL (AVENUE),48.9383911267,2.3705409983,9,3,1
202100043698,123Â 576,B01,1,1,2,5,2,-1,-1,0,0,-1,2021,85.0,1,1,0,2,4,2,5,,3,18,0,D,2,2,0,1,16,400,1,, -1,1,0,1,80,14,4,1,88,88332,1,1,0,2,D18,48.224369,5.926931,14,2,2
202100017861,169Â 694,A01,1,1,1,5,1,-1,-1,0,0,-1,2021,51.0,2,2,15,0,3,13,1,,3,CD 140,0,,2,2,0,1,0,0,3,, -1,2,0,3,50,20,9,1,14,14001,2,1,0,6,D 140,49.38787,0.27594,19,1,1
202100001357,199Â 337,A01,1,1,2,0,1,0,-1,-1, -1,-1,2021,25.0,1,2,4,0,1,2,1,,1,AUTOROUTE A104,0,,3,6,0,1,3,500,2,, -1,2,0,1,90,25,12,1,93,93078,1,1,0,1,AUTOROUTE A104,48.9587,2.52652,13,1,1
202100005209,192Â 464,Z01,10,3,1,0,0,-1,-1,9,B,1,2021,18.0,3,2,0,1,0,0,1,,4,CHEM DE LEYRAN,0,,2,2,0,1,(1),(1),1,, -1,1,0,1,50,23,7,1,33,33550,2,1,0,6,Chemin de Leyran,44.77712,-0.54589,16,2,1
202100020134,165Â 635,A01,1,1,1,5,2,0,-1,-1, -1,-1,2021,53.0,1,1,0,2,7,19,5,,4,,0,,2,0,0,1,0,0,1,, -1,1,0,1,50,8,9,1,92,92050,2,3,0,3,PONS NOEL RUE,48.9083323397,2.2291121259,18,3,2
202100037661,134Â 339,A01,1,1,1,5,1,-1,-1,0,0,-1,2021,24.0,2,2,0,2,1,5,1,,3,417,0,D,2,2,0,1,(1),(1),1,, -1,1,0,1,80,29,5,2,68,68338,1,1,0,1,D417,48.075685,7.297239,20,2,2
202100038174,133Â 414,A01,10,3,1,2,0,-1,-1,6,5,3,2021,14.0,2,3,0,1,2,1,1,1.0,4,25E- R.G.A. (AV. DU),0,,2,2,0,1,(1),(1),1,, -1,1,0,1,30,25,5,1,60,60159,2,1,0,6,Avenue du 25Ã¨me RÃ©giment du GÃ©nie de lâAir,49.40333,2.83285,17,2,1
202100041974,126Â 592,A01,1,1,1,5,0,-1,-1,0,0,-1,2021,30.0,1,1,2,0,1,0,1,,3,522,-1,,2,2,0,1,(1),(1),2,, -1,1,0,1,80,30,4,1,201,201114,1,1,0,6,D522,41.516127,9.135923,8,1,1
202100040519,129Â 180,A01,10,3,2,5,0,-1,-1,2,9,1,2021,19.0,1,2,0,0,0,1,1,,4,AV DU GAL PIERRE BILLOTTE,0,,-1,0,0,1,1,0,3,, -1,1,0,1,50,9,5,3,94,94028,2,1,0,6,Av du General Pierre Billotte,48.77311,2.45807,1,6,2
202100036994,135Â 571,A01,1,1,1,5,2,0,-1,-1, -1,-1,2021,22.0,1,1,14,0,1,1,1,,4,KERORBEN (RUE  DE ),0,,2,2,0,1,(1),(1),3,, -1,1,5,1,30,28,5,1,56,56083,2,6,0,6,KERORBEN (RUE  DE ),47.8003632465,-3.2711134851,22,1,1
202100035465,138Â 320,A01,1,1,1,5,2,6,-1,-1, -1,-1,2021,36.0,1,1,0,2,2,13,1,,2,RN520 (COUZEIX),0,,2,2,0,1,2,450,1,, -1,2,0,1,80,7,6,1,87,87038,1,1,1,5,RN520 (COUZEIX),45.89099,1.26158,15,3,3
202100045388,120Â 603,A01,1,1,1,2,2,6,-1,-1, -1,-1,2021,16.0,1,1,1,2,1,18,1,,3,813,0,,2,2,0,1,17,580,1,, -1,1,0,1,50,1,4,5,47,47001,2,1,0,6,DELPECH (AV. GEORGES),44.21081,0.60924,21,2,2
202100013358,177Â 872,C01,1,1,2,5,1,0,-1,-1, -1,-1,2021,26.0,1,2,0,2,1,1,1,,1,A50-Sens Aubagne vers Marseille,0,,1,3,0,1,12,949,1,, -1,1,0,1,90,13,10,3,13,13005,1,1,0,2,A50-Sens Aubagne vers Marseille,43.2891,5.5505,22,3,3
202100029773,148Â 568,A01,1,1,1,0,2,6,-1,-1, -1,-1,2021,26.0,3,1,0,0,0,1,1,,4,COLBERT,0,,2,2,0,1,0,0,1,, -1,1,0,1,50,9,6,1,58,58194,2,1,0,7,COLBERT,46.99477,3.15835,10,1,1
202100019348,167Â 047,A01,1,1,1,0,2,6,-1,-1, -1,-1,2021,35.0,1,1,0,2,2,1,1,,4,SULLY  (RUE),0,,1,2,0,1,0,0,2,, -1,1,0,1,50,12,9,2,21,21231,2,3,0,3,SULLY  (RUE),47.3156,5.0759,20,2,2
202100054822,103Â 805,A01,1,1,2,5,1,-1,-1,0,0,-1,2021,20.0,1,2,0,2,5,13,1,,3,700,-1,,2,2,0,1,22,50,3,, -1,2,0,1,80,16,1,3,22,22384,1,1,1,2,D700 PR 22+050,48.288733,-2.826233,18,3,2
202100006433,190Â 296,A01,10,3,1,5,0,-1,-1,2,3,1,2021,89.0,1,2,0,1,1,19,1,,4,BUFFON (RUE),0,,1,1,0,1,0,0,1,, -1,1,0,1,50,23,11,4,21,21231,2,1,0,6,BUFFON (RUE),47.31894,5.04441,18,2,1
202100054551,104Â 264,A01,1,1,1,5,8,0,-1,-1, -1,-1,2021,24.0,1,1,1,0,1,2,1,,4,VICTOR LAMON (AVENUE),0,,2,2,0,1,(1),(1),3,, -1,1,0,1,50,16,1,2,972,97209,2,1,0,2,VICTOR LAMON (AVENUE),14.60527,-61.05627,5,2,2
202100019590,166Â 614,A01,1,1,1,5,1,-1,-1,0,0,-1,2021,73.0,2,2,13,0,2,1,1,,3,906,-1,,2,2,0,1,24,740,1,, -1,1,0,3,70,11,9,1,71,71444,2,1,0,6,RD906 Gare (ArrÃªt de bus),46.728463,4.857835,19,1,1
202100048141,115Â 696,A01,1,1,1,1,2,6,-1,-1, -1,-1,2021,57.0,1,1,0,2,2,17,1,,4,RD 73,0,,2,1,0,1,0,0,1,, -1,1,0,1,50,10,3,2,18,18267,2,1,0,5,RD 73,47.05415,2.38076,7,2,2
202100005780,191Â 464,A01,1,1,1,5,2,0,-1,0,0,-1,2021,70.0,1,1,0,2,2,1,1,,4,RUE LA FAYETTE,0,,1,2,1,1,(1),(1),1,, -1,1,0,1,30,28,11,1,75,75109,2,2,0,3,RUE LA FAYETTE,48.874412,2.338217,14,2,2
202100041094,128Â 157,A01,1,1,1,0,8,6,-1,-1, -1,-1,2021,63.0,1,1,0,0,0,26,1,,4,ARMAND ( BOULEVARD LOUIS ),0,,2,2,0,2,0,0,1,, -1,2,9,1,50,6,5,1,53,53201,2,1,1,7,ARMAND ( BOULEVARD LOUIS ),48.06633,-0.8046,9,1,1
202100039660,130Â 703,A01,1,1,2,0,1,-1,-1,0,0,-1,2021,77.0,1,2,0,2,1,13,1,,3,402,0,D,2,2,0,1,0,690,3,, -1,1,0,1,80,14,5,1,63,63203,1,1,0,5,DÃ©parementale 402,45.847807,3.067154,16,7,3
202100050765,110Â 938,A01,1,1,1,5,2,8,-1,0,0,-1,2021,60.0,1,1,0,0,0,21,5,,4,AVENUE DE LA PORTE DE MONTMARTRE,0,,2,2,0,1,(1),(1),1,, -1,1,0,1,50,20,2,1,75,75118,2,1,0,7,AVENUE DE LA PORTE DE MONTMARTRE,48.898453,2.336874,17,1,1
202100018295,168Â 921,B01,1,1,1,1,2,0,-1,-1, -1,-1,2021,34.0,1,1,0,2,1,1,1,,4,PREVOT (ERNEST),0,,1,2,0,1,(1),(1),1,, -1,1,0,1,50,14,9,5,973,97302,2,1,0,3,PREVOT (ERNEST),4.933296155,-52.3328488469,20,2,2
202100003673,195Â 192,A01,10,3,1,0,0,-1,-1,3,1,2,2021,32.0,1,5,0,1,1,0,0,,7,AV DE FRONTON,0,,2,2,0,1,35,70,1,, -1,2,0,1,50,10,12,2,31,31555,2,1,1,6,AV DE FRONTON,43.64627,1.43328,8,2,1
202100028409,150Â 934,A01,9,2,2,9,1,-1,-1,0,0,-1,2021,24.0,1,2,3,0,2,0,1,,2,12,-1,,3,4,0,1,45,150,1,, -1,1,0,8,110,18,7,1,78,78389,1,9,0,7,N12,48.801154,1.810513,9,5,1
202100001695,198Â 759,B01,1,1,1,0,2,0,-1,-1, -1,-1,2021,28.0,2,1,0,2,9,1,1,,2,BISHOP (Avenue Maurice),0,,2,2,3,1,0,0,1,, -1,1,0,1,50,22,12,1,972,97209,2,1,0,3,BISHOP (Avenue Maurice),14.60993,-61.0553,16,2,2
202100047255,117Â 294,A01,1,1,1,1,2,6,-1,-1, -1,-1,2021,27.0,1,1,0,2,1,26,1,,4,MOULIN DE SAQUET (AV DU),0,,2,2,0,3,0,0,1,, -1,1,0,1,50,20,3,1,94,94081,2,3,0,2,MOULIN DE SAQUET (AV DU),48.78993,2.3798,14,2,2
202100049994,112Â 381,B01,1,1,1,0,8,0,-1,-1, -1,-1,2021,21.0,3,0,0,2,0,0,0,,4,LIBERTE (AVENUE DE LA),0,,2,2,0,1,0,0,1,, -1,1,0,1,50,24,2,1,91,91549,2,2,0,3,LIBERTE (AVENUE DE LA),48.64091,2.34584,18,2,2
202100015263,174Â 429,A01,1,1,1,5,2,-1,-1,0,0,-1,2021,73.0,2,1,1,0,1,2,5,,4,,-1,,1,1,0,1,(1),(1),1,,4,1,0,1,50,3,10,1,33,33540,2,1,0,6,Rue des Anciens Combattants,45.355282,-1.060706,14,1,1
202100053234,106Â 576,A01,10,3,1,0,0,-1,-1,1,3,1,2021,78.0,2,1,0,1,1,21,1,,3,PEGLION (RUE ANTOINE),0,,2,2,0,2,1,94,3,, -1,1,0,1,50,29,1,1,6,6104,2,1,0,6,PEGLION (RUE ANTOINE),43.767278,7.47996,9,2,1
202100003192,196Â 063,A01,1,1,1,0,2,-1,-1,0,0,-1,2021,27.0,1,1,0,2,1,2,1,,3,305,-1,,2,2,0,1,50,500,1,, -1,1,0,1,80,11,12,3,72,72330,1,1,0,2,Chenant,47.626171,0.065151,23,2,2
202100018177,169Â 120,A01,1,1,1,5,2,6,-1,0,0,-1,2021,42.0,1,1,0,2,1,1,1,,4,BOULEVARD SAINT MARTIN,0,,2,4,0,1,(1),(1),1,, -1,1,0,1,30,18,9,1,75,75110,2,1,0,3,BOULEVARD SAINT MARTIN,48.868489,2.3588,19,3,2
202100035864,137Â 580,A01,10,3,1,0,0,-1,-1,2,5,1,2021,12.0,3,2,0,1,1,1,1,,4,CRS VICTOR HUGO,0,,2,2,0,1,(1),(1),1,, -1,1,0,1,30,7,6,1,33,33039,2,1,0,6,CRS VICTOR HUGO,44.80928,-0.56227,16,2,1
202100007683,188Â 018,A01,1,1,1,0,1,0,-1,-1, -1,-1,2021,38.0,1,2,6,0,1,1,1,,4,,0,,2,2,0,1,0,0,1,, -1,2,0,8,50,17,11,1,92,92050,2,2,0,6,GARCHES RUE DE,48.8780223736,2.2048682069,9,1,1
202100020218,165Â 497,B01,1,1,1,1,2,0,-1,-1, -1,-1,2021,26.0,2,1,0,2,2,17,1,,3,D.346,0,,2,2,0,1,5,234,1,, -1,1,0,1,70,1,6,1,77,77067,1,1,0,3,D.346,48.55871,2.59863,18,2,2
202100009954,183Â 904,A01,2,2,2,5,1,-1,-1,0,0,-1,2021,14.0,2,2,13,0,2,1,1,,3,222,0,D,2,2,0,1,3,570,1,, -1,1,0,1,80,31,10,1,61,61288,1,1,0,6,D222,48.625993,0.038613,16,2,1
202100046631,118Â 413,A01,1,1,2,4,2,6,-1,0,0,-1,2021,54.0,2,1,0,2,1,3,1,,4,BOULEVARD PERIPHERIQUE EXTERIEUR SUD,0,,1,4,0,1,10,100,1,, -1,1,0,1,70,23,3,1,75,75115,2,1,0,2,BOULEVARD PERIPHERIQUE EXTERIEUR SUD,48.834762,2.265418,8,3,2
202100025166,156Â 672,B01,1,1,1,5,2,-1,-1,0,0,-1,2021,46.0,2,1,0,2,8,1,5,,3,RD902,-1,,2,2,0,2,28,(1),4,, -1,1,0,1,80,8,8,1,5,5027,1,1,0,3,CD 902,44.822562,6.735928,16,2,2
202100046795,118Â 127,B01,1,1,1,9,2,6,-1,-1, -1,-1,2021,50.0,1,1,0,2,8,10,5,,4,PETIT LEROY (R DU),0,,2,2,0,1,0,0,1,, -1,1,0,1,30,24,3,1,94,94021,2,9,0,6,PETIT LEROY (R DU),48.76742,2.3598,17,2,2
202100033901,141Â 163,B01,1,1,1,0,2,0,-1,-1, -1,-1,2021,41.0,1,1,0,2,1,1,1,,3,407,0,,2,2,0,2,0,0,1,, -1,1,5,1,30,17,6,1,92,92072,2,3,0,3,VILLE D'AVRAY (RUE DE ),48.82579,2.20602,10,2,2
202100040762,128Â 749,B01,1,1,2,5,1,0,-1,0,0,-1,2021,60.0,1,2,0,2,4,23,1,,4,BOULEVARD PERIPHERIQUE,0,,1,4,0,1,33,0,1,, -1,1,0,1,70,7,5,1,75,75112,2,1,0,2,BOULEVARD PERIPHERIQUE,48.83687,2.412401,16,2,2
202100046317,118Â 986,B01,10,3,1,5,0,-1,-1,6,1,1,2021,29.0,2,2,0,1,1,26,1,,1,A55-Sens Martigues vers Marseille,0,,-1,2,0,1,22,0,1,, -1,1,0,2,110,28,3,1,13,13033,1,1,0,1,A55-Sens Martigues vers Marseille,43.38,5.20819,18,5,2
202100025772,155Â 620,A01,1,1,1,1,8,0,-1,-1, -1,-1,2021,49.0,2,1,15,0,1,14,3,,4,BOULEVARD DE MAGENTA,0,,2,4,1,1,(1),(1),1,, -1,1,0,5,50,3,8,1,75,75110,2,3,0,7,BOULEVARD DE MAGENTA,48.877329,2.355125,16,1,1
202100024619,157Â 652,B01,1,1,1,1,8,0,-1,-1, -1,-1,2021,31.0,2,1,0,2,8,2,3,,4,JULES CANTINI (AVENUE),0,,2,2,0,1,0,0,1,, -1,1,0,1,50,11,8,1,13,13206,2,1,0,3,JULES CANTINI (AVENUE),43.28362,5.38731,8,2,2
202100024760,157Â 391,A01,1,1,1,0,1,5,-1,-1, -1,-1,2021,21.0,2,2,0,0,2,14,1,,3,,0,,2,2,0,2,52,500,3,, -1,1,0,1,80,10,8,1,7,7281,1,1,0,7,C.D. 533 (VERS LE PUY),44.92866,4.80791,10,1,1
202100003243,195Â 969,A01,1,1,2,0,1,-1,-1,-1, -1,-1,2021,30.0,2,2,0,2,1,1,1,,7,GENAS    (Route de),0,,2,2,3,1,0,500,1,, -1,1,0,1,50,12,12,5,69,69266,2,1,0,3,GENAS (DE) (RTE),45.749832589,4.9126052856,17,2,2
202100042387,125Â 864,B01,1,1,1,1,1,-1,-1,0,0,-1,2021,38.0,1,2,0,2,1,1,1,,3,907,0,,2,2,0,3,5,500,1,, -1,1,0,1,80,28,4,1,55,55463,1,2,0,3,D 907,48.868648,5.603306,8,2,2
202100055619,102Â 430,B01,2,2,1,0,1,4,-1,-1, -1,-1,2021,9.0,2,2,0,2,4,2,1,,1,AUTOROUTE A15,0,,3,8,0,1,4,699,1,, -1,1,2,1,90,9,1,1,92,92036,1,1,0,4,AUTOROUTE A15,48.942,2.29064,12,4,3
202100032684,143Â 346,B01,1,1,1,1,1,0,-1,-1, -1,-1,2021,56.0,2,5,0,2,3,15,1,,4,CHARLES KADDOUZ (RUE),0,,2,2,1,1,(1),(1),1,, -1,1,0,5,30,23,6,1,13,13212,2,1,0,3,CHARLES KADDOUZ (RUE),43.3142150981,5.4323767406,7,2,2
202100047339,117Â 148,A01,10,3,2,9,0,-1,-1,3,3,2,2021,79.0,1,2,0,1,1,26,1,,4,ESTAING (RUE D'),0,,2,2,0,1,(1),(1),1,, -1,1,0,1,50,17,3,1,63,63113,2,1,0,6,Lucie et Raymond Aubrac (Rue),45.78448,3.1098,7,3,1
202100013727,177Â 169,B01,1,1,1,0,1,0,-1,-1, -1,-1,2021,31.0,1,1,0,2,4,15,5,,3,ARGENTEUIL AV D',0,,2,2,0,1,0,0,1,, -1,1,0,1,50,10,10,5,92,92004,2,4,0,2,ARGENTEUIL AV D',48.9125787397,2.2844535112,22,2,2
202100028091,151Â 494,A01,10,3,1,0,0,-1,-1,1,3,1,2021,47.0,1,1,0,1,7,14,1,,2,RN3 (3),0,,1,1,0,2,1,0,1,, -1,2,0,1,70,19,7,3,974,97416,1,1,1,6,RN3 (3),-21.32393,55.48695,19,2,1
202100030641,146Â 987,A01,1,1,2,0,1,-1,-1,0,0,-1,2021,80.0,1,2,13,0,2,0,1,,3,2,-1,E,2,1,0,1,0,486,3,,3,2,0,1,80,20,6,1,1,1368,1,3,1,6,D2,46.194712,4.954072,17,1,1
202100032311,144Â 002,A01,1,1,1,1,2,0,-1,0,0,-1,2021,48.0,2,1,1,0,1,14,5,,4,RUE DU FER A MOULIN,0,,2,2,0,1,(1),(1),1,, -1,1,0,1,30,25,6,1,75,75105,2,3,0,6,RUE DU FER A MOULIN,48.83892,2.353238,19,1,1
202100032166,144Â 255,A01,1,1,1,5,2,6,-1,0,0,-1,2021,26.0,2,1,0,2,1,5,1,,3,D922,-1,Z,2,2,0,1,44,750,3,, -1,1,0,1,50,27,6,1,95,95352,2,1,0,3,RD 922Z,49.115856,2.414685,16,2,2
202100034985,139Â 161,A01,1,1,1,0,2,8,-1,-1, -1,-1,2021,53.0,0,1,0,2,8,13,1,,3,RN 16_PONT RN 330_PONT ZONE DE VAUX,0,,1,2,0,2,16,0,1,, -1,1,2,1,110,10,6,1,60,60175,1,1,0,5,RN 16_PONT RN 330_PONT ZONE DE VAUX,49.26347,2.48674,17,2,2
202100000074,201Â 620,A01,10,3,2,5,0,-1,-1,3,3,1,2021,14.0,1,2,0,1,1,1,1,,4,ONZE NOVEMBRE 1918 (RD PT DU),0,,1,2,0,2,(1),(1),3,, -1,1,2,1,50,16,11,1,4,4070,2,1,1,6,RP 11 novembre dir Grand Pont,44.09104,6.23085,15,2,1
202100033202,142Â 416,A01,1,1,1,4,2,0,-1,-1, -1,-1,2021,25.0,1,1,0,1,1,26,1,,7,DULAC (AVENUE GUILLAUME),0,,2,2,0,1,0,0,1,, -1,1,0,1,50,19,6,1,13,13028,2,1,0,3,DULAC (AVENUE GUILLAUME),43.19608,5.61288,19,2,1
202100048847,114Â 449,A01,1,1,1,5,2,4,-1,-1, -1,-1,2021,61.0,1,1,0,1,1,1,5,,4,ETIGNY D',0,,1,1,0,2,0,0,1,, -1,1,0,1,30,7,3,1,64,64445,2,6,0,6,ETIGNY D',43.29628,-0.37589,10,2,1
202100013294,177Â 978,B01,1,1,2,0,1,0,-1,-1, -1,-1,2021,46.0,0,2,0,2,1,1,1,,7,GARDANNE (ROUTE DE ),0,,2,2,0,1,0,0,1,, -1,1,2,1,70,14,10,1,13,13001,1,9,0,1,GARDANNE (ROUTE DE ),43.48966,5.40748,8,2,2
202100033270,142Â 303,A01,1,1,1,0,2,-1,-1,0,0,-1,2021,43.0,1,1,0,2,1,5,1,,4,,-1,,2,2,0,2,(1),(1),2,,4,2,0,1,50,20,6,1,6,6157,2,1,1,1,Chemin de Vosgelades,43.716941,7.129829,18,2,2
202100052921,107Â 125,B01,1,1,1,1,2,0,-1,-1, -1,-1,2021,31.0,1,1,0,2,8,1,1,,4,CLEMENCET (ALLEE),0,,1,1,0,1,0,0,1,, -1,1,0,1,50,1,2,5,93,93062,2,2,0,3,CLEMENCET (ALLEE),48.88901,2.51502,21,2,2
202100052091,108Â 601,B01,1,1,1,0,1,8,-1,-1, -1,-1,2021,48.0,2,2,0,2,4,2,1,,1,A515CD-Gardanne vers A51-Marseille,0,,1,2,0,1,1,200,1,, -1,2,0,1,110,8,2,3,13,13015,1,1,1,2,A515CD-Gardanne vers A51-Marseille,43.42862,5.40124,17,3,3
202100014054,176Â 572,A01,1,1,1,5,2,-1,-1,0,0,-1,2021,39.0,3,1,0,2,8,1,5,,4,570,-1,B,2,2,0,2,(1),(1),3,, -1,1,0,1,80,10,10,1,7,7160,1,1,0,1,,45.200894,4.507388,18,4,2
202100013774,177Â 087,A01,1,1,1,0,0,-1,-1,0,0,-1,2021,32.0,1,2,0,2,1,1,1,,1,6,-1,,3,4,0,1,170,400,1,, -1,1,0,1,130,13,10,3,89,89108,1,1,0,2,A6 PK170+400,47.775078,3.709738,6,4,2
202100052264,108Â 286,A01,1,1,2,5,1,-1,-1,0,0,-1,2021,66.0,0,2,0,2,7,1,1,,3,63,-1,D,3,2,0,1,1,397,1,, -1,2,0,1,50,23,1,2,41,41164,2,4,0,3,Rue Nationale,47.277774,1.396607,17,2,2
202100038953,132Â 009,A01,1,1,2,5,1,0,-1,0,0,-1,2021,38.0,1,2,0,2,2,11,1,,4,PORTE DE CHARENTON,0,,1,4,0,1,34,100,1,, -1,1,0,1,70,21,5,1,75,75112,2,1,0,2,PORTE DE CHARENTON,48.830276,2.402037,12,2,2
202100049913,112Â 519,A01,10,3,1,5,0,-1,-1,2,3,2,2021,5.0,1,2,0,1,2,1,1,,4,,-1,,1,1,0,1,(1),(1),1,, -1,1,0,1,50,27,2,1,51,51649,2,1,0,7,Place Maucourt,48.7240957087,4.5815032095,16,3,1
202100046137,119Â 292,A01,1,1,1,9,2,6,-1,0,0,-1,2021,47.0,1,1,1,2,2,17,1,,4,RUE BOTZARIS,0,,2,2,0,2,(1),(1),1,, -1,1,0,1,50,29,3,1,75,75119,2,2,0,3,RUE BOTZARIS,48.879585,2.389524,13,2,2
202100051908,108Â 915,A01,1,1,1,5,2,6,-1,0, -1,-1,2021,16.0,2,1,0,2,7,15,1,,4,TRURO (AVENUE DE),0,,1,1,0,1,(1),(1),2,, -1,1,5,1,50,10,2,1,29,29151,2,6,0,3,Avenue de Truro,48.5881,-3.82434,13,2,2
202100042131,126Â 318,A01,10,3,2,3,0,-1,-1,5,0,1,2021,64.0,3,5,0,1,6,4,1,,6,,-1,,-1,-1,0,1,(1),(1),1,, -1,1,0,1,50,26,3,1,33,33165,2,1,0,6,AllÃ©e du Hameau Saint Hilaire,44.824325,-0.444582,9,2,1
202100054658,104Â 091,A01,1,1,2,9,1,0,-1,-1, -1,-1,2021,38.0,2,2,3,0,1,26,1,,1,A13,0,,3,6,0,1,42,799,1,, -1,2,0,2,110,18,1,1,78,78402,1,1,0,6,A13,48.963851,1.7902,9,1,1
202100035353,138Â 515,B01,1,1,1,3,2,-1,-1,0,0,-1,2021,30.0,2,1,0,0,8,1,1,,7,4,0,D,2,2,0,1,36,96,1,, -1,1,0,1,50,9,6,1,31,31022,2,1,0,3,422 Route de Fronton,43.662602,1.431077,19,2,2
202100050702,111Â 062,A01,1,1,1,5,8,-1,-1,0,0,-1,2021,32.0,1,2,13,0,1,1,1,,3,59,0,,2,2,0,1,4,700,1,, -1,1,0,3,90,21,2,1,45,45315,1,1,0,6,D59-PR 4 + 700,47.728124,2.346053,14,1,1
202100034666,139Â 758,B01,1,1,2,1,1,-1,-1,0,0,-1,2021,29.0,0,2,0,2,3,1,1,,4,15,-1,,2,2,0,1,(1),(1),1,, -1,1,0,1,80,14,6,1,29,29029,1,1,0,1,Lieu Dit Kerherve,48.251719,-3.641549,17,2,2
202100041591,127Â 261,B01,1,1,1,5,2,-1,-1,0,0,-1,2021,77.0,1,1,0,2,1,1,5,,7,1082,0,D,2,2,0,2,59,600,1,,"10,5",1,5,1,70,3,5,2,42,42097,2,2,0,1,M1082,45.498252,4.317466,8,2,2
202100020612,164Â 782,B01,1,1,2,5,1,-1,-1,0,0,-1,2021,41.0,3,2,0,2,3,1,1,,3,55,0,,2,2,0,3,21,874,4,, -1,1,0,1,80,7,9,1,76,76383,1,1,0,3,Route de l Oree du Bois,49.746703,0.961336,11,2,2
202100051350,109Â 887,A01,1,1,1,0,2,-1,-1,0,0,-1,2021,80.0,1,6,11,0,0,1,1,,3,59,-1,,2,2,0,1,11,820,1,, -1,1,9,1,80,17,2,1,26,26326,1,1,0,6,33 Chemin de SolÃ©rieux,44.340352,4.798349,17,1,1
202100038777,132Â 302,B01,1,1,1,1,2,0,-1,0,0,-1,2021,33.0,1,1,0,2,4,2,1,,4,AVENUE EMILE DESCHANEL,0,,1,1,0,1,(1),(1),1,, -1,2,0,1,50,22,5,1,75,75107,2,2,1,2,AVENUE EMILE DESCHANEL,48.856364,2.300881,15,3,2
202100047157,117Â 474,B01,10,3,2,5,0,-1,-1,6,9,2,2021,55.0,3,4,0,1,5,24,1,,4,SANS,0,V,2,2,0,1,(1),(1),1,, -1,1,0,1,80,21,3,1,32,32054,1,1,0,1,Lieu dit Breuils,43.695121,0.398694,19,3,2
202100043118,124Â 602,A01,1,1,1,2,2,6,-1,-1, -1,-1,2021,21.0,1,1,12,0,7,1,1,,1,A507 sens Marseille - Aubagne,0,,1,3,0,1,5,949,1,, -1,1,1,1,70,21,4,1,13,13055,1,1,0,6,A507 sens Marseille - Aubagne,43.300729,5.425132,9,1,1
202100041154,128Â 039,B01,1,1,1,1,1,5,-1,-1, -1,-1,2021,41.0,1,2,0,2,7,1,2,,4,DOCTEUR SCHAPIRA (RUE),0,,1,1,0,1,1,0,1,, -1,2,0,1,50,6,5,1,93,93050,2,3,1,3,Rue du Docteur Schapira / Rue du Jeu de Paume,48.85487,2.52831,13,2,2
202100055155,103Â 228,A01,10,3,2,0,0,-1,-1,1,3,1,2021,34.0,1,2,0,1,2,1,1,,3,AV FRANCOIS MITTERRAND,0,,3,4,0,1,5,0,1,, -1,2,0,1,50,13,1,1,91,91027,2,1,1,6,AV FRANCOIS MITTERRAND,48.70188,2.3715,15,2,1
202100042600,125Â 477,B01,1,1,2,5,8,0,-1,-1, -1,-1,2021,55.0,3,1,0,0,0,0,0,,2,RN 102,0,,1,0,0,1,37,599,1,, -1,1,9,1,70,24,4,1,7,7019,1,6,0,3,RN 102,44.613227,4.408243,16,2,2
202100014853,175Â 162,A01,10,3,2,9,0,-1,-1,3,3,2,2021,13.0,3,2,0,1,1,1,1,,4,GENERAL DE GAULLE (R DU),0,,2,2,0,2,0,0,1,, -1,1,0,1,50,6,10,1,94,94053,2,1,0,1,GENERAL DE GAULLE (R DU),48.77729,2.53994,13,3,1
202100018052,169Â 363,A01,2,2,1,5,1,-1,-1,0,0,-1,2021,20.0,1,2,6,0,1,1,1,,3,670,0,,2,2,0,1,25,650,1,, -1,2,0,3,80,19,9,3,33,33394,1,1,1,6,Lieu Dit Cantenac,44.894852,-0.202541,22,2,1
202100009328,185Â 030,A01,1,1,1,5,2,-1,-1,0,0,-1,2021,24.0,0,1,12,0,8,1,1,,2,1,-1,A,1,1,0,1,(1),(1),2,, -1,1,0,1,50,6,11,1,974,97415,2,1,0,7,Route des Premiers Francais,-21.014136,55.264839,7,1,1