Num_Acc,id_vehicule,num_veh,place,catu,sexe,trajet,secu1,secu2,secu3,locp,actp,etatp,year_acc,victim_age,senc,catv,obs,obsm,choc,manv,motor,occutc,catr,voie,v1,v2,circ,nbv,vosp,prof,pr,pr1,plan,lartpc,larrout,surf,infra,situ,vma,jour,mois,lum,dep,com,agg_,int,atm,col,adr,lat,long,hour,nb_victim,nb_vehicules
202100033643,141Â 631,A01,10,3,1,5,0,-1,-1,2,1,1,2021,40.0,2,5,0,1,5,4,1,,4,RUE PIERRE BUDIN,0,,1,2,0,1,(1),(1),1,, -1,1,0,1,50,17,6,2,75,75118,2,1,0,6,RUE PIERRE BUDIN,48.889725,2.352025,21,2,1
202100004277,194Â 113,A01,2,2,2,0,1,-1,-1,0,0,-1,2021,84.0,1,2,0,2,2,5,1,,2,PERIPHERIQUE (BOULEVARD),0,,1,6,0,1,1,0,1,, -1,2,0,1,90,6,12,1,14,14118,1,1,0,1,PERIPHERIQUE (BOULEVARD),49.196044,-0.379533,15,3,2
202100022456,161Â 496,A01,2,2,1,0,8,0,-1,-1, -1,-1,2021,28.0,2,1,0,0,0,1,1,,7,ESTAQUE PLAGE,0,,2,2,0,1,0,0,1,, -1,1,0,3,50,26,8,5,13,13216,2,6,0,7,ESTAQUE PLAGE,43.36179,5.30299,21,2,1
202100011847,180Â 543,A01,1,1,1,9,2,6,-1,0,0,-1,2021,24.0,1,1,0,0,7,9,1,,4,PORTE D ASNIERES,0,,1,3,0,2,(1),(1),1,, -1,1,0,1,50,15,10,5,75,75117,2,4,0,7,PORTE D ASNIERES,48.89322,2.303036,19,1,1
202100049177,113Â 850,A01,1,1,1,5,0,-1,-1,0,0,-1,2021,48.0,1,1,0,2,1,17,1,,3,,-1,,-1,2,0,1,1,110,1,, -1,1,0,1,-1,6,3,1,3,3163,2,1,0,6,18 Rue des Fontaines,46.0212253116,3.495154758,17,2,2
202100052272,108Â 273,A01,1,1,1,1,1,-1,-1,0,0,-1,2021,56.0,1,2,3,0,0,0,1,,1,A71,0,,1,4,0,1,292,189,1,, -1,2,0,2,110,7,2,1,3,3031,1,1,1,7,A71,46.4200903678,2.702380812,15,1,1
202100041529,127Â 377,C01,1,1,1,0,1,-1,-1,-1, -1,-1,2021,33.0,2,2,0,2,4,1,1,,4,BREBANT (AVENUE) DU 1 A 86,0,,2,2,2,1,(1),(1),1,, -1,1,2,1,50,3,5,1,51,51454,2,1,0,4,Avenue BrÃ©bant,49.2591182599,4.0095763764,16,3,3
202100053165,106Â 705,A01,1,1,1,5,8,0,-1,-1, -1,-1,2021,48.0,2,2,0,2,7,19,1,,4,CLAIRE (DE LA)                      (R ),0,,1,2,0,1,(1),(1),1,, -1,1,0,1,50,29,1,1,69,69389,2,2,0,3,CLAIRE (DE LA) (R),45.77976,4.80574,15,3,2
202100038909,132Â 080,B01,1,1,1,0,2,0,-1,0,0,-1,2021,19.0,2,1,0,2,1,1,1,,4,REPUBLIQUE (AVENUE DE LA),0,,3,2,2,1,(1),(1),1,, -1,1,-1,1,50,20,5,1,63,63113,2,2,0,3,REPUBLIQUE (AVENUE DE LA),45.78756,3.10575,15,3,2
202100043336,124Â 202,A01,1,1,1,5,8,0,-1,-1, -1,-1,2021,42.0,1,2,6,0,1,1,1,,4,LINTILHAC (BOULEVARD EUGENE),0,,2,2,0,2,(1),(1),3,, -1,1,0,4,50,20,4,1,15,15014,2,1,0,6,LINTILHAC (BOULEVARD EUGENE),44.930014,2.441839,16,1,1
202100039423,131Â 133,B01,1,1,1,0,2,8,-1,-1, -1,-1,2021,51.0,1,1,0,2,4,2,1,,3,VICTOIRE (ROND-POINT DE LA),0,,1,1,0,1,0,0,2,, -1,1,5,1,50,18,5,1,91,91223,2,6,0,2,VICTOIRE (ROND-POINT DE LA),48.43721,2.16328,11,2,2
202100043955,123Â 108,A01,1,1,1,9,1,-1,-1,0,0,-1,2021,53.0,3,2,0,2,2,13,1,,3,386,0,D,2,2,0,1,34,800,1,, -1,1,0,1,70,15,4,1,69,69007,1,1,0,3,D386,45.495357,4.820539,14,2,2
202100055870,102Â 016,A01,1,1,2,3,1,-1,-1,0,0,-1,2021,55.0,2,2,13,0,9,1,1,,3,,-1,,2,2,0,2,(1),(1),2,, -1,2,0,3,80,7,1,1,53,53185,1,1,0,6,Le Haut St Julien (PrÃ©-en-Pail),48.429337,-0.189129,16,1,1
202100045522,120Â 373,A01,1,1,2,0,1,0,-1,-1, -1,-1,2021,27.0,1,2,0,2,3,16,1,,3,RD188 PROVINCE / A10 PROVINCE,0,,3,2,0,1,10,0,1,, -1,1,0,1,70,2,4,1,91,91136,1,1,0,3,RD188 PROVINCE / A10 PROVINCE,48.716574,2.267613,16,2,2
202100001246,199Â 536,B01,1,1,1,4,0,-1,-1,0,0,-1,2021,61.0,2,4,0,2,6,1,1,,3,137,-1,,2,2,0,1,6,700,1,, -1,2,0,1,80,28,12,3,33,33425,1,1,1,5,,45.054235,-0.475706,19,5,5
202100016308,172Â 486,A01,1,1,1,0,2,-1,-1,0,0,-1,2021,36.0,1,1,0,2,1,3,1,,2,RN4,0,,2,2,0,1,(1),(1),1,, -1,1,0,1,50,29,9,1,971,97128,2,1,0,3,Durivage,16.223684,-61.397535,16,2,2
202100013611,177Â 390,A01,10,3,1,5,0,-1,-1,5,5,2,2021,6.0,1,2,0,1,2,1,1,,4,CORNICHE (BD DE LA) SUPERIEUR NÂ°20,0,,2,2,0,1,0,0,1,, -1,1,0,1,50,7,10,1,74,74281,2,1,1,6,CORNICHE (BD DE LA) SUPERIEUR NÂ°20,46.370557,6.470524,18,2,1
202100050808,110Â 860,A01,1,1,1,5,2,6,-1,0,0,-1,2021,15.0,3,1,0,0,0,1,3,,4,,-1,,2,1,0,1,(1),(1),3,, -1,1,0,1,50,21,2,1,29,29220,2,1,0,7,Route de Quimper,47.879376,-4.216926,16,1,1
202100014571,175Â 663,A01,10,3,1,1,0,-1,-1,1,1,1,2021,39.0,1,2,0,1,1,1,1,,3,Route dÃ©partementale 110,0,,2,2,0,1,2,320,1,, -1,1,0,1,70,6,10,3,78,78118,1,1,0,6,Route dÃ©partementale 110,48.983157,1.665236,21,2,1
202100025893,155Â 404,A01,1,1,1,0,1,-1,-1,0,0,-1,2021,84.0,3,2,0,0,1,21,1,,4,5,-1,,2,2,0,2,(1),(1),1,, -1,1,0,8,70,30,7,1,18,18241,1,1,0,7,route communale 5,47.325803,2.814651,9,1,1
202100023858,158Â 981,A01,4,2,1,0,1,0,-1,-1, -1,-1,2021,32.0,3,2,0,2,1,1,1,,4,PIERRE SEMARD (avenue),0,,2,2,3,1,0,9,1,, -1,1,0,1,50,6,8,2,84,84007,2,2,0,5,PIERRE SEMARD (avenue),43.93418,4.83141,7,5,3
202100016433,172Â 261,A01,1,1,1,1,1,0,-1,-1, -1,-1,2021,35.0,2,2,0,2,1,1,1,,1,A104,0,,1,3,0,1,23,800,1,, -1,1,0,1,90,28,9,1,77,77438,1,1,0,2,A104,48.872896,2.670174,17,2,2
202100046164,119Â 249,A01,1,1,1,1,2,6,-1,0,0,-1,2021,28.0,1,1,0,2,1,17,1,,3,85,-1,,2,2,0,1,2,50,3,, -1,1,0,1,70,29,3,1,95,95452,1,1,0,1,RD 85,49.128009,2.301247,15,3,2
202100019809,166Â 239,B01,1,1,2,1,2,-1,-1,-1, -1,-1,2021,41.0,2,1,5,2,9,1,1,,1,ROCADE A 630,0,,3,4,0,1,34,377,1,, -1,1,2,1,70,10,9,1,33,33039,1,1,0,7,ROCADE A 630,44.806052,-0.529673,12,3,2
202100000081,201Â 608,A01,1,1,1,0,1,-1,-1,-1, -1,-1,2021,24.0,0,2,2,0,1,1,1,,4,DUMONT D'URVILLE. BOULEVARD,0,,2,2,0,1,0,0,3,, -1,1,0,1,50,11,12,5,76,76322,2,1,0,6,Boulevard Jules Dumont dâUrville,49.3982,1.04601,2,5,1
202100024345,158Â 160,A01,1,1,1,5,2,6,-1,0,0,-1,2021,58.0,3,1,0,0,8,1,1,,4,,-1,,2,2,0,1,(1),(1),1,,4,1,0,1,70,11,8,3,42,42253,2,1,0,7,Route de Combray,46.04952,3.999217,21,1,1
202100005116,192Â 631,A01,10,3,2,9,8,8,-1,5,1,-1,2021,19.0,2,2,0,1,1,16,1,,3,MARECHAL JOFFRE (AV DU),0,,1,2,0,1,1,0,1,, -1,2,9,4,30,2,12,1,94,94033,2,9,0,6,Avenue du MarÃ©chal Joffre,48.85252,2.48432,11,2,1
202100019617,166Â 573,B01,1,1,1,5,1,-1,-1,-1, -1,-1,2021,27.0,2,2,0,2,4,1,1,,4,MARC BLOCH                          (R ),0,,1,4,2,1,(1),(1),1,, -1,1,0,1,50,19,7,5,69,69387,2,1,0,2,MARC BLOCH (R),45.74698,4.8459,4,2,2
202100005242,192Â 411,A01,10,3,2,2,0,-1,-1,1,3,2,2021,14.0,1,2,0,1,0,1,1,,3,ANDRE MALRAUX (VOIE),0,,1,1,0,2,3,190,3,, -1,1,3,1,50,29,11,4,86,86194,2,1,0,6,Voie AndrÃ© Malraux,46.578102,0.369635,17,2,1
202100032811,143Â 128,A01,10,3,1,9,0,-1,-1,2,3,1,2021,38.0,2,1,0,1,1,1,1,,4,HUBERT DE LISLE(BOULEVARD),0,,1,1,0,1,0,0,1,, -1,1,0,1,50,21,6,1,974,97416,2,1,0,3,HUBERT DE LISLE(BOULEVARD),-21.34362,55.46978,16,2,1
202100047621,116Â 634,A01,1,1,1,1,2,6,-1,-1, -1,-1,2021,18.0,2,1,0,2,1,17,1,,3,VOLTAIRE,0,,2,2,0,1,25,10,1,, -1,1,0,1,50,4,3,1,62,62065,2,1,0,3,VOLTAIRE,50.41976,2.84427,7,2,2
202100013433,177Â 722,A01,1,1,2,1,1,-1,-1,0,0,-1,2021,34.0,2,2,0,2,1,2,1,,3,38,-1,,2,2,0,1,7,250,1,, -1,1,0,1,80,14,10,2,50,50420,1,2,0,2,Hotel Hochu,49.060929,-1.202472,7,2,2
202100029664,148Â 769,A01,1,1,1,5,2,6,-1,0,0,-1,2021,29.0,2,1,0,0,7,1,1,,3,73,-1,,2,2,0,1,24,350,1,, -1,1,0,1,80,11,7,1,63,63190,1,1,0,7,DÃ©partementale D73,45.5266226579,2.5567282128,19,1,1
202100022641,161Â 149,A01,1,1,1,0,1,0,-1,-1, -1,-1,2021,25.0,1,2,6,0,1,1,1,,4,CARPONT (RUE DU),0,,2,2,0,1,0,0,2,, -1,1,0,1,50,31,7,5,22,22215,2,1,0,7,CARPONT (RUE DU),48.5019555392,-2.7775998669,3,1,1
202100036874,135Â 786,B01,1,1,1,1,2,8,0,-1, -1,-1,2021,30.0,2,1,0,2,1,3,1,,3,7,0,,3,2,0,1,0,0,1,, -1,1,1,1,70,1,6,2,92,92004,2,1,0,5,DOCTEUR DERVAUX  ( QUAI DU ),48.9111,2.299,18,4,4
202100044097,122Â 854,A01,10,3,2,5,0,-1,-1,3,3,1,2021,54.0,3,2,0,1,3,1,1,,4,,-1,,2,2,0,1,(1),(1),1,, -1,1,0,6,50,12,4,1,57,57206,2,3,1,6,28 Rue de Picardie,49.305804,6.105196,8,2,1
202100017134,171Â 009,A01,10,3,1,0,0,-1,-1,3,3,2,2021,38.0,1,2,0,1,1,1,0,,3,PASTEUR (AVENUE),0,,2,2,0,1,0,1,1,, -1,1,0,1,50,25,9,1,93,93007,2,1,0,6,PASTEUR (AVENUE),48.94015,2.47094,18,2,1
202100014718,175Â 406,B01,1,1,1,0,1,-1,-1,0,0,-1,2021,23.0,1,2,0,2,4,23,1,,3,1324,0,,2,2,0,1,1,950,1,, -1,1,0,1,80,7,10,1,60,60612,1,1,0,4,D1324,49.2102879176,2.6181237996,13,4,3
202100035663,137Â 964,B01,1,1,2,3,1,0,-1,-1, -1,-1,2021,31.0,1,2,0,2,1,26,0,,2,RN1 (ROUTE NATIONALE),0,,1,2,0,1,(1),(1),1,, -1,1,0,1,110,8,6,1,974,97416,1,9,0,2,RN1 (ROUTE NATIONALE),-21.32739,55.45072,17,2,2
202100041224,127Â 914,A01,1,1,1,0,1,0,-1,-1, -1,-1,2021,20.0,1,2,0,0,9,13,1,,1,AUTOROUTE A6B,0,,3,4,0,1,5,0,1,, -1,1,0,1,90,6,5,1,94,94038,1,1,0,7,AUTOROUTE A6B,48.77151,2.34512,18,4,1
202100044607,121Â 984,A01,1,1,1,0,2,0,-1,-1, -1,-1,2021,21.0,1,1,0,2,5,15,1,,4,BOULOGNE,0,,1,1,0,1,0,0,2,, -1,1,0,1,50,9,4,1,93,93066,2,1,0,2,BOULOGNE,48.94396,2.36774,16,2,2
202100019161,167Â 378,A01,1,1,1,1,2,6,-1,-1, -1,-1,2021,29.0,2,1,0,2,1,17,1,,4,DIDIER DAURAT,0,,2,2,0,1,0,0,1,, -1,1,0,1,50,13,9,1,64,64348,2,1,0,3,DIDIER DAURAT,43.33239,-0.3797,7,2,2
202100002762,196Â 833,B01,1,1,1,4,8,0,-1,0,0,-1,2021,31.0,1,2,0,2,8,14,3,,4,SAINT-HELIER,0,,2,4,0,2,(1),(1),1,, -1,1,0,1,50,15,12,1,35,35238,2,2,0,3,SAINT-HELIER,48.103503,-1.662732,15,4,2
202100016902,171Â 410,B01,2,2,1,5,2,8,-1,-1, -1,-1,2021,14.0,2,1,0,2,8,1,1,,4,,0,,2,6,0,4,(1),(1),1,, -1,1,0,1,50,23,9,1,49,49099,2,2,0,3,LATTRE DE TASSIGNY (PONT DE),47.05655,-0.87764,14,3,2
202100004100,194Â 411,B01,1,1,1,0,0,-1,-1,-1, -1,-1,2021,41.0,2,1,0,2,2,1,3,,3,CAVY (RUE ADRIEN),0,,2,2,0,2,0,0,1,, -1,2,0,1,30,7,12,5,3,3023,2,1,1,3,CAVY (RUE ADRIEN),46.11689,3.40099,0,2,2
202100002666,197Â 018,A01,1,1,1,5,1,-1,-1,0,0,-1,2021,44.0,0,2,0,2,1,15,1,,3,200,-1,,2,4,0,1,25,100,1,, -1,1,0,1,90,17,12,1,60,60102,1,1,0,1,RD 200,49.306532,2.533379,8,3,2
202100004331,194Â 017,B01,1,1,2,1,1,-1,-1,0,0,-1,2021,31.0,1,2,0,2,1,1,1,,2,85,-1,,2,2,0,2,25,612,4,, -1,5,0,1,80,8,12,1,5,5072,1,1,1,1,N85,44.651047,6.086415,10,2,2
202100054912,103Â 655,B01,1,1,1,1,2,0,-1,-1, -1,-1,2021,15.0,1,1,0,2,8,1,1,,4,PAIX (RUE DE LA),0,,2,2,0,1,(1),(1),1,, -1,1,0,1,50,15,1,1,10,10387,2,1,0,3,PAIX (RUE DE LA),48.30125,4.07027,9,2,2
202100001929,198Â 347,B01,1,1,1,5,1,-1,-1,0,0,-1,2021,35.0,2,2,0,2,4,15,1,,3,1113,-1,,2,2,0,1,6,550,1,, -1,1,0,1,70,22,12,2,33,33291,1,1,0,3,D1113,44.5728940052,-0.0020357966,17,2,2
202100018411,168Â 715,B01,2,2,2,5,1,0,-1,-1, -1,-1,2021,53.0,1,2,0,2,2,19,1,,4,VOLTAIRE (R),0,,1,1,0,1,1,0,1,, -1,1,0,1,50,17,9,1,94,94078,2,2,0,3,Rue Voltaire,48.74006,2.44975,18,3,2
202100008349,186Â 803,B01,1,1,2,1,8,0,-1,-1, -1,-1,2021,56.0,1,0,0,2,4,1,3,,4,ARLON (ROUTE DE),0,,2,2,0,1,0,0,3,, -1,1,0,1,50,9,11,1,57,57672,2,1,0,2,ARLON (ROUTE DE),49.35843,6.13743,14,2,2
202100010941,182Â 168,B01,1,1,1,0,2,6,-1,-1, -1,-1,2021,51.0,1,1,0,2,2,1,1,,3,JEAN JAURES (R),0,,2,4,0,1,0,0,1,, -1,2,0,1,50,25,10,5,94,94046,2,1,1,3,Rue Jean JaurÃ¨s,48.78957,2.435357,20,2,2
202100037946,133Â 838,B01,1,1,2,9,1,0,-1,-1, -1,-1,2021,25.0,2,2,0,2,2,12,1,,1,6,0,,3,6,0,1,30,299,1,, -1,1,0,1,110,28,5,1,91,91659,1,1,0,3,AUTOROUTE A6,48.59065,2.44628,8,2,2
202100038028,133Â 687,A01,10,3,2,5,0,-1,-1,4,3,1,2021,60.0,1,2,0,1,1,15,1,,4,SAKAKINI (BOULEVARD),0,,2,2,0,1,0,0,1,, -1,1,0,1,50,27,5,1,13,13204,2,1,0,3,SAKAKINI (BOULEVARD),43.29813,5.40115,10,2,1
202100025866,155Â 451,A01,1,1,2,5,0,-1,-1,0,0,-1,2021,75.0,3,1,0,2,1,19,5,,4,,-1,,-1,2,0,2,(1),(1),1,, -1,1,9,1,50,9,3,1,38,38158,2,1,0,3,Rue Montesquieu,45.14539,5.742792,15,2,2
202100005977,191Â 115,B01,1,1,1,5,8,0,-1,-1, -1,-1,2021,35.0,0,2,0,2,6,1,1,,4,PLOMBIERES (BOULEVARD DES),0,,1,2,0,2,0,0,2,, -1,1,0,1,50,26,11,1,13,13203,2,1,0,2,PLOMBIERES (BOULEVARD DES),43.3176796556,5.3810225711,15,2,2
202100044061,122Â 920,B01,4,2,1,9,0,-1,-1,-1, -1,-1,2021,17.0,1,1,0,2,1,1,1,,4,FRANCOIS ARAGO (RUE),0,,-1,1,0,1,1,0,1,, -1,1,0,1,50,14,4,1,93,93048,2,2,0,3,FRANCOIS ARAGO (RUE),48.8531508026,2.4278394185,16,4,2
202100002595,197Â 144,A01,10,3,1,3,0,-1,-1,3,3,2,2021,87.0,2,2,0,1,3,26,1,,4,GAULLE GENERAL DE (AV DU),0,,2,2,0,1,(1),(1),1,, -1,1,0,1,50,16,12,1,72,72181,2,6,0,6,GAULLE GENERAL DE (AV DU),48.0040532253,0.1983907512,15,3,1
202100041287,127Â 808,A01,1,1,1,0,2,-1,-1,-1, -1,-1,2021,22.0,0,1,0,2,8,19,5,,4,,0,,2,2,0,1,(1),(1),3,, -1,1,0,5,70,4,5,1,33,33281,2,9,0,3,Avenue Roland Garros,44.82456,-0.68633,17,2,2
202100002211,197Â 844,D01,1,1,1,5,2,0,-1,-1, -1,-1,2021,39.0,1,1,0,2,4,1,1,,1,A51-Sens Marseille vers Aix en Provence,0,,-1,3,0,1,2,49,1,, -1,1,0,1,90,18,12,1,13,13071,1,1,0,5,A51-Sens Marseille vers Aix en Provence,43.409318,5.363857,14,7,4
202100028892,150Â 078,A01,1,1,1,5,1,-1,-1,0,0,-1,2021,27.0,3,2,6,0,3,1,1,,4,,-1,,2,2,0,1,(1),(1),1,, -1,2,0,8,50,11,7,3,1,1347,2,1,0,6,759 Chemin de Rebillard,45.953693,4.769601,1,2,1
202100010347,183Â 210,B01,1,1,1,9,2,6,-1,0,0,-1,2021,50.0,3,1,0,2,1,1,1,,4,AVENUE DE NEW YORK,0,,1,3,0,1,(1),(1),1,, -1,1,0,1,30,29,10,1,75,75116,2,3,0,2,AVENUE DE NEW YORK,48.85793,2.287914,9,2,2
202100017685,170Â 011,A01,1,1,1,0,2,8,-1,-1, -1,-1,2021,28.0,2,6,0,2,0,11,1,,3,DIVISION LECLERC (AV DE LA),0,,-1,2,0,1,1,0,1,, -1,1,0,1,30,21,9,4,94,94016,2,9,0,5,DIVISION LECLERC (AV DE LA),48.78335,2.32798,20,3,3
202100020039,165Â 808,B01,1,1,1,0,2,-1,-1,-1, -1,-1,2021,37.0,3,1,0,2,1,1,1,,4,GUILLOTIERE (DE LA)                 (GR),0,,1,2,2,1,(1),(1),1,, -1,1,0,1,50,8,9,5,69,69387,2,2,0,3,GUILLOTIERE (DE LA) (R),45.75105,4.84822,23,4,2
202100049697,112Â 907,B01,1,1,1,5,2,6,-1,0,0,-1,2021,15.0,1,1,0,2,8,15,1,,3,53,0,,2,2,0,1,16,350,3,, -1,1,0,1,80,1,3,1,14,14061,1,4,0,3,La Couture - le Tourneur (Le Tourneur),48.963173534,-0.8163785935,12,2,2
202100050882,110Â 726,A01,1,1,1,5,2,6,-1,-1, -1,-1,2021,17.0,2,1,0,2,1,1,1,,7,DE GAULLE RUE DU GENERAL,0,,2,2,2,1,(1),(1),1,, -1,1,0,1,50,17,2,1,59,59368,2,2,0,1,DE GAULLE RUE DU GENERAL,50.65527,3.0737,15,2,2
202100022785,160Â 873,A01,10,3,2,1,0,-1,-1,5,1,1,2021,47.0,1,2,0,1,5,20,1,,3,PERI (AVENUE GABRIEL),0,,3,4,0,1,4,0,1,, -1,1,0,4,50,23,8,1,95,95018,2,1,0,6,RD 311,48.9389054811,2.2499471872,17,2,1
202100001590,198Â 966,B01,1,1,1,1,2,6,-1,-1, -1,-1,2021,51.0,2,1,0,2,1,1,1,,3,MARTYRS DU PONT LONG DES,0,,2,2,2,1,30,790,1,, -1,1,0,1,50,22,12,2,64,64445,2,3,0,3,Avenue des Martyrs du Pont-Long,43.34507,-0.37977,8,2,2
202100018447,168Â 655,A01,2,2,2,0,1,-1,-1,0,0,-1,2021,50.0,2,2,2,2,2,1,1,,1,150,-1,,3,4,0,1,10,900,1,, -1,1,0,1,130,18,9,1,76,76541,1,1,0,3,A150,49.519107,0.975337,17,4,2
202100017391,170Â 548,A01,1,1,1,1,2,6,-1,-1, -1,-1,2021,50.0,2,1,0,2,1,2,1,,1,15,0,,3,4,0,1,4,199,1,, -1,1,0,1,90,22,9,1,92,92036,1,1,0,2,AUTOROUTE A15,48.9390027228,2.2956647869,8,2,2
202100022604,161Â 209,B01,1,1,1,5,1,-1,-1,-1, -1,-1,2021,55.0,0,2,0,2,3,1,1,,4,AVENUE DU 8 MAI 1945,0,,-1,2,0,2,0,0,1,, -1,1,0,1,50,19,8,1,83,83118,2,1,0,1,AVENUE DU 8 MAI 1945,43.431678,6.791105,15,2,2
202100041891,126Â 740,B01,1,1,2,3,1,0,-1,-1, -1,-1,2021,54.0,1,2,0,2,2,2,1,,4,BELLEVUE (DE),0,,2,2,0,1,0,0,1,, -1,1,5,1,50,29,4,1,57,57630,2,2,0,3,BELLEVUE (DE),48.7443982,7.0661446,18,2,2
202100054855,103Â 751,B01,1,1,1,4,2,-1,-1,-1, -1,-1,2021,24.0,2,1,0,2,1,1,1,,4,,0,,2,2,0,1,(1),(1),1,, -1,2,0,1,50,13,1,5,69,69385,2,1,1,3,POINT DU JOUR (DU) (AV),45.75618,4.80444,19,2,2
202100004016,194Â 561,C01,1,1,2,0,1,0,-1,0,0,-1,2021,57.0,3,2,0,2,4,2,1,,7,BREZET (AVENUE),0,,3,4,0,1,(1),(1),1,, -1,1,0,1,50,8,12,1,63,63113,2,1,0,4,BREZET (AVENUE),45.7795,3.12807,9,3,3
202100038310,133Â 160,A01,1,1,1,1,2,0,-1,0,0,-1,2021,30.0,0,1,0,1,1,1,1,,4,AVENUE D ITALIE,0,,2,2,1,1,(1),(1),1,, -1,1,0,1,50,25,5,1,75,75113,2,1,0,6,AVENUE D ITALIE,48.819834,2.359258,18,2,1
202100027651,152Â 294,A01,1,1,1,5,2,-1,-1,0,0,-1,2021,67.0,1,1,0,2,1,17,5,,3,902,-1,D,2,2,0,2,1,710,2,, -1,1,0,1,80,22,7,1,5,5079,1,1,0,2,Col du Galibier (Col de montagne),45.060624,6.411477,17,2,2
202100038788,132Â 283,B01,4,2,2,0,1,0,-1,-1, -1,-1,2021,22.0,2,0,0,2,1,1,1,,3,MARCEL CACHIN (AVENUE) COTE NÂ°16 AU 50,0,,3,3,2,1,0,0,1,, -1,1,9,1,30,22,5,1,93,93072,2,3,0,1,MARCEL CACHIN (AVENUE) COTE NÂ°16 AU 50,48.95813,2.38229,14,5,2
202100053205,106Â 634,A01,1,1,2,0,1,0,-1,-1, -1,-1,2021,22.0,2,2,0,2,3,7,1,,7,AVENUE PAUL VERLAINE,0,,1,5,3,2,2,500,1,, -1,2,2,1,30,28,1,1,38,38185,2,2,1,3,Avenue Paul Verlaine,45.16175,5.71577,16,2,2
202100054788,103Â 865,A01,2,2,2,5,1,0,-1,0,0,-1,2021,23.0,1,2,0,2,4,23,1,,4,AVENUE PARMENTIER,0,,2,2,0,1,(1),(1),1,, -1,2,0,1,50,14,1,5,75,75111,2,1,1,2,AVENUE PARMENTIER,48.869751,2.371251,23,3,2
202100007347,188Â 620,B01,1,1,1,1,8,0,-1,-1, -1,-1,2021,35.0,2,1,0,2,1,1,3,,4,RUE DE TURBIGO,0,,1,3,1,1,(1),(1),2,, -1,1,-1,5,30,19,11,1,75,75103,2,4,0,3,RUE DE TURBIGO,48.865437,2.35619,8,2,2
202100010863,182Â 309,A01,10,3,2,5,0,-1,-1,1,3,2,2021,18.0,3,2,0,1,2,1,1,,4,FONTAINEBLEAU(AVENUE DE),0,,2,3,0,2,0,0,1,, -1,1,0,1,50,24,10,1,77,77431,2,1,1,6,FONTAINEBLEAU(AVENUE DE),48.278798,2.682572,7,2,1
202100010422,183Â 095,A01,1,1,1,1,2,6,-1,0,0,-1,2021,21.0,1,1,11,2,1,12,1,,7,173,-1,,4,4,0,2,28,950,2,, -1,1,5,1,70,29,10,1,35,35352,1,6,0,3,rond point du PÃ¢tis Fraux,48.044693,-1.607695,16,2,2
202100036702,136Â 104,C01,1,1,2,1,1,-1,-1,0,0,-1,2021,29.0,2,2,0,2,3,1,1,,3,20,-1,D,2,2,0,2,51,500,1,, -1,1,0,1,80,3,6,2,53,53059,1,1,0,5,D20,48.100023,-0.515971,8,3,3
202100005850,191Â 328,A01,1,1,1,5,1,-1,-1,-1,0,-1,2021,26.0,2,2,4,0,1,1,1,,2,RN 184,0,,3,4,0,4,3,500,1,, -1,2,0,1,90,28,11,1,95,95572,1,1,1,6,RN 184,49.0355638582,2.1169312712,11,1,1
202100055020,103Â 464,B01,1,1,1,4,2,4,-1,-1, -1,-1,2021,34.0,3,1,0,2,4,2,0,,4,FAUBOURG PONT NEUF (RUE DU),0,,2,4,0,1,(1),(1),1,, -1,1,0,1,50,12,1,5,86,86194,2,1,0,2,Rue du Faubourg du Pont Neuf,46.577963,0.3510941,21,2,2
202100002032,198Â 161,A01,10,3,2,0,0,-1,-1,4,3,1,2021,17.0,0,5,0,1,0,1,1,,4,SOURCE (AVENUE DE ST JEAN DE LA),0,,2,2,0,1,0,0,1,, -1,1,0,1,50,18,12,5,11,11262,2,1,0,6,SOURCE (AVENUE DE ST JEAN DE LA),43.1874,2.98043,17,2,1
202100007980,187Â 469,A01,10,3,1,2,0,-1,-1,3,3,2,2021,7.0,2,2,0,1,8,26,1,,3,BD VOLTAIRE,0,,2,1,0,1,0,0,1,, -1,1,0,1,30,15,11,1,91,91021,2,4,0,6,BD VOLTAIRE,48.58908,2.25243,8,2,1
202100020645,164Â 726,B01,1,1,2,1,1,-1,-1,0,0,-1,2021,34.0,1,2,0,0,3,1,1,,7,113,0,,2,2,0,1,25,820,1,, -1,1,0,1,80,7,9,1,13,13037,1,1,0,1,Rn 113,43.543828,5.186212,8,2,2
202100025656,155Â 822,A01,1,1,1,0,2,6,-1,0,0,-1,2021,25.0,1,1,0,2,1,2,1,,3,955a,-1,,2,2,0,1,(1),(1),1,, -1,1,0,1,80,4,8,1,58,58086,1,1,0,5,D955a,47.421438,2.930431,14,4,4
202100039648,130Â 721,A01,10,3,1,9,0,-1,-1,3,3,1,2021,58.0,1,5,0,1,1,1,1,,3,,-1,,2,2,0,1,16,330,1,, -1,1,0,1,50,8,5,1,73,73171,2,6,0,6,D201 - 246 Av de Savoie,45.5017656135,6.0513033271,11,2,1
202100055182,103Â 181,A01,1,1,2,1,1,0,-1,-1, -1,-1,2021,46.0,1,2,14,0,1,1,1,,3,BRIENNON (RT DE),0,,2,2,0,1,8,550,1,, -1,2,0,1,80,13,1,3,42,42127,1,1,1,6,Route de Briennon,46.1168717796,4.0755431727,21,1,1
202100035390,138Â 455,A01,10,3,1,5,0,-1,-1,1,2,1,2021,32.0,1,2,0,1,1,1,1,,3,734,-1,,2,2,0,1,7,32,1,, -1,1,0,1,80,11,6,3,17,17140,1,1,0,6,D734,45.900283,-1.242828,5,2,1