Num_Acc,id_vehicule,num_veh,place,catu,sexe,trajet,secu1,secu2,secu3,locp,actp,etatp,year_acc,victim_age,senc,catv,obs,obsm,choc,manv,motor,occutc,catr,voie,v1,v2,circ,nbv,vosp,prof,pr,pr1,plan,lartpc,larrout,surf,infra,situ,vma,jour,mois,lum,dep,com,agg_,int,atm,col,adr,lat,long,hour,nb_victim,nb_vehicules
202100010707,182Â 586,B01,1,1,1,1,2,6,-1,-1, -1,-1,2021,17.0,2,1,0,2,1,1,1,,4,PETON (AVENUE DU DOCTEUR),0,,2,2,0,2,0,0,1,, -1,1,0,1,50,22,10,5,49,49328,2,2,0,3,PETON (AVENUE DU DOCTEUR),47.25631,-0.07677,8,2,2
202100000696,200Â 471,A01,2,2,2,2,2,8,-1,-1, -1,-1,2021,18.0,1,1,0,2,1,2,1,,7,MARSEILLE (ROUTE DE ),0,,2,2,0,2,0,0,1,, -1,1,0,1,50,12,1,1,13,13001,2,1,0,2,Route de Marseille,43.47559,5.41537,16,4,2
202100056510,100Â 896,C01,1,1,2,5,1,-1,-1,0,0,-1,2021,38.0,1,2,0,2,1,2,1,,3,RD820,0,,1,1,0,1,1,66,1,, -1,1,3,1,70,1,1,1,31,31458,1,1,0,4,D820,43.515582,1.376,17,5,3
202100004732,193Â 321,A01,10,3,1,0,0,-1,-1,3,3,2,2021,9.0,1,2,0,1,2,9,1,,4,,0,,1,1,0,1,(1),(1),1,, -1,1,0,1,30,3,12,1,66,66136,2,6,1,6,ESPAGNE (ROUTE D'),42.68839,2.89513,8,2,1
202100023201,160Â 149,B01,1,1,1,5,2,-1,-1,0,0,-1,2021,31.0,2,1,0,2,1,1,1,,3,16,0,,2,2,0,1,23,185,1,, -1,1,0,1,70,22,8,1,77,77339,1,3,0,1,D16,48.391512,2.489262,13,2,2
202100040818,128Â 663,A01,10,3,1,5,0,-1,-1,1,9,1,2021,30.0,2,2,0,1,1,1,1,,3,113,0,,2,2,0,3,17,720,3,, -1,1,0,1,80,9,5,3,53,53139,1,1,0,6,"D113 , prÃ¨s du chemin de desserte du lieu dit LA HABERDIERE",48.32853,-0.370542,2,4,1
202100040992,128Â 348,A01,1,1,1,5,1,-1,-1,0,0,-1,2021,52.0,1,2,0,2,3,1,1,,3,D18,-1,,2,2,0,1,14,950,1,, -1,1,0,1,-1,7,5,1,34,34101,1,1,0,1,D18,43.383554,3.451048,12,3,2
202100047247,117Â 307,A01,1,1,1,9,2,0,-1,0,0,-1,2021,51.0,2,0,0,2,4,19,3,,4,QUAI DE GRENELLE,0,,2,2,0,1,(1),(1),1,, -1,1,-1,5,50,20,3,1,75,75115,2,2,0,2,QUAI DE GRENELLE,48.854438,2.288677,16,2,2
202100010981,182Â 098,A01,1,1,1,0,8,-1,-1,0,0,-1,2021,58.0,1,2,13,0,2,1,1,,3,105,0,D,2,2,0,1,14,500,1,, -1,1,0,3,-1,26,10,3,72,72282,1,1,0,6,Lieu-dit l'Aumone,48.300939,-0.104145,20,1,1
202100031411,145Â 603,B01,1,1,2,5,1,8,-1,-1, -1,-1,2021,22.0,1,2,0,2,1,1,1,,1,A86 INT,0,,3,6,0,1,44,99,1,, -1,1,1,1,90,2,7,1,94,94073,1,1,0,2,A86 INT,48.7713,2.3913,13,2,2
202100049265,113Â 698,B01,1,1,1,0,8,0,-1,-1, -1,-1,2021,22.0,1,1,9,2,1,11,1,,4,MOURET HENRI (AV),0,,1,4,3,1,(1),(1),1,, -1,1,5,1,50,3,3,1,13,13001,2,2,0,2,MOURET HENRI (AV),43.518580905,5.4338918968,12,2,2
202100036233,136Â 917,A01,1,1,2,4,1,-1,-1,0,0,-1,2021,54.0,3,5,0,2,3,15,1,,3,SPORTS (AVE DES),0,,2,2,0,1,53,766,1,, -1,1,0,1,50,5,6,5,65,65047,2,3,0,3,SPORTS (AVE DES),43.23567,0.10667,22,3,2
202100031818,144Â 881,A01,1,1,1,0,2,0,-1,-1, -1,-1,2021,43.0,1,1,0,0,0,1,1,,4,SITE (ROUTE DU SITE),0,,2,2,0,2,0,0,1,, -1,1,0,1,50,28,6,1,974,97416,1,1,0,7,SITE (ROUTE DU SITE),-21.29532,55.48785,7,1,1
202100001060,199Â 867,A01,1,1,1,4,2,6,-1,0,0,-1,2021,48.0,3,1,0,0,1,21,1,,4,RUE DE LA PORTE D ISSY,0,,-1,0,0,1,(1),(1),1,, -1,1,0,1,30,27,12,1,75,75115,2,2,0,7,RUE DE LA PORTE D ISSY,48.832067,2.280678,13,1,1
202100014319,176Â 107,A01,1,1,1,5,1,-1,-1,-1, -1,-1,2021,24.0,1,2,0,2,1,1,1,,4,BONNEL (DE)                         (R ),0,,1,3,3,1,(1),(1),1,, -1,1,0,1,50,8,10,5,69,69383,2,2,0,3,BONNEL (DE) (R),45.7616001292,4.8453515768,5,2,2
202100010166,183Â 529,B01,1,1,1,9,2,0,-1,0,0,-1,2021,40.0,2,0,0,2,1,1,3,,4,RUE DE BELLEVILLE,0,,2,2,0,1,(1),(1),1,, -1,2,0,1,30,30,10,5,75,75120,2,2,0,3,RUE DE BELLEVILLE,48.875982,2.402578,20,2,2
202100024228,158Â 364,A01,1,1,1,5,1,0,-1,-1, -1,-1,2021,84.0,1,2,0,2,2,14,1,,1,A13,0,,3,6,0,1,47,99,1,, -1,1,0,1,110,13,8,1,78,78291,1,1,0,2,A13,48.970775,1.733463,15,3,2
202100034485,140Â 085,A01,2,2,2,5,1,-1,-1,0,0,-1,2021,17.0,2,2,0,2,7,15,1,,3,62,-1,E,2,2,0,1,0,3,1,, -1,1,5,1,50,14,6,1,34,34154,2,6,0,3,CD 62 E2  CARNON,43.548789,3.979926,18,5,2
202100034970,139Â 191,B01,1,1,1,5,8,0,-1,-1, -1,-1,2021,10.0,1,1,0,2,0,1,3,,4,RHIN (ROUTE DU),0,,2,3,0,1,0,0,1,, -1,1,0,1,50,9,6,1,67,67482,2,1,0,3,RHIN (ROUTE DU),48.5735,7.7979,17,2,2
202100042964,124Â 875,A01,1,1,1,5,2,-1,-1,0,0,-1,2021,72.0,2,1,0,9,1,0,5,,3,798,0,D,2,2,0,1,28,669,1,, -1,1,0,1,80,22,4,1,35,35071,1,1,0,6,CD 798 lieu dit ville courte,48.445166,-1.245886,15,1,1
202100020710,164Â 612,B01,1,1,1,9,2,6,-1,0,0,-1,2021,53.0,1,1,0,2,1,1,1,,4,DUNKERQUE (RUE DE),0,,2,2,0,2,(1),(1),1,, -1,1,0,1,50,5,9,1,6,6030,2,1,0,3,DUNKERQUE (RUE DE),43.565282,7.012856,16,3,2
202100020402,165Â 169,A01,1,1,2,5,1,-1,-1,0,0,-1,2021,44.0,2,2,13,0,9,1,1,,1,81,-1,A,1,2,0,1,197,200,1,, -1,1,0,3,130,6,9,2,72,72168,1,1,0,7,Autoroute A.81 PK 197+200,48.010583,-0.147736,19,1,1
202100036793,135Â 940,B01,1,1,1,5,2,0,-1,0,0,-1,2021,82.0,1,1,0,2,7,1,5,,4,PHALSBOURG (RUE DE),0,,1,1,2,1,(1),(1),1,, -1,1,-1,1,30,2,6,1,54,54395,2,1,0,3,PHALSBOURG (RUE DE),48.6839200714,6.1808502674,9,2,2
202100015773,173Â 475,A01,10,3,1,4,0,-1,-1,1,B,1,2021,39.0,2,2,0,1,1,15,0,,4,,0,,-1,2,0,2,0,0,1,, -1,2,0,1,50,1,10,1,92,92064,2,1,1,6,GATE - CEPS,48.8515533906,2.2181588104,15,2,1
202100008935,185Â 748,B01,1,1,1,1,0,0,-1,-1, -1,-1,2021,17.0,2,1,0,2,8,26,1,,4,RUE ROBERT SCHUMAN,0,,2,2,0,1,0,0,1,, -1,1,0,1,50,6,11,2,77,77350,2,1,0,3,11 Rue Robert Schuman,48.7653778774,2.6869316234,17,2,2
202100008669,186Â 245,B01,1,1,1,1,1,0,-1,-1, -1,-1,2021,42.0,1,2,0,2,4,2,1,,1,A104,0,,3,4,0,1,12,300,1,, -1,1,0,1,90,10,11,2,77,77294,1,1,0,6,A104,48.9619319028,2.6161029937,8,3,3
202100006701,189Â 802,A01,1,1,2,1,1,5,-1,-1, -1,-1,2021,27.0,1,2,0,2,2,15,1,,4,COUP PERDU CHEMIN DU,0,,2,2,0,1,(1),(1),1,, -1,1,0,1,50,22,11,1,13,13063,2,9,0,3,COUP PERDU CHEMIN DU,43.581277708,5.0066342735,10,3,2
202100014302,176Â 138,A01,1,1,2,0,2,6,-1,-1, -1,-1,2021,22.0,2,1,0,2,8,3,1,,1,AUTOROUTE A3,0,,-1,6,0,1,7,800,1,, -1,1,0,1,90,8,10,3,93,93010,1,1,0,3,AUTOROUTE A3,48.9048,2.47162,21,2,2
202100023987,158Â 759,A01,10,3,2,3,0,-1,-1,3,3,1,2021,53.0,2,2,0,1,1,15,1,,4,MARCEL PAUL                         (AV),0,,2,2,0,1,(1),(1),1,, -1,1,0,1,50,15,8,1,69,69259,2,1,0,6,MARCEL PAUL (AV),45.69897,4.882211,12,2,1
202100038115,133Â 534,A01,1,1,1,5,1,-1,-1,0,0,-1,2021,36.0,1,2,15,0,0,1,1,,7,60,0,A,-1,2,0,1,(1),(1),1,, -1,1,0,1,70,26,5,5,13,13015,1,1,0,7,Avenue Thiers,43.448834,5.443677,20,1,1
202100030233,147Â 723,A01,1,1,1,5,2,0,-1,0,0,-1,2021,20.0,2,1,0,2,1,1,5,,4,BOULEVARD JULES FERRY,0,,3,2,0,1,(1),(1),1,, -1,1,0,1,30,7,7,2,75,75111,2,1,0,3,BOULEVARD JULES FERRY,48.866965,2.36838,20,2,2
202100028889,150Â 085,B01,1,1,1,1,2,-1,-1,0,0,-1,2021,18.0,1,1,0,2,3,1,1,,3,145,-1,,2,2,0,1,5,900,1,,4,1,0,1,-1,16,7,2,91,91390,2,3,0,2,Rue de Chartres,48.312528,2.075939,20,2,2
202100023832,159Â 028,A01,1,1,1,0,2,0,-1,-1, -1,-1,2021,34.0,2,1,0,2,1,2,1,,1,14,0,,1,2,0,1,1,450,1,, -1,1,1,2,70,16,8,1,92,92062,1,1,0,2,A14,48.892501,2.234986,17,2,2
202100012027,180Â 212,A01,10,3,1,0,0,-1,-1,2,3,1,2021,50.0,3,2,0,1,2,1,1,,6,POTEZ (RUE HENRY),0,,2,2,0,1,0,0,1,, -1,1,6,1,10,19,10,1,28,28134,2,1,0,1,POTEZ (RUE HENRY),48.75122,1.35078,9,3,1
202100015900,173Â 250,A01,1,1,1,5,2,8,-1,-1, -1,-1,2021,33.0,1,1,12,0,2,21,1,,4,SEMBAT (RUE MARCEL),0,,2,2,0,1,(1),(1),1,, -1,1,0,3,50,28,9,1,56,56098,2,1,0,6,SEMBAT (RUE MARCEL),47.76325,-3.34602,18,1,1
202100009621,184Â 507,B01,1,1,1,9,2,0,-1,0,0,-1,2021,41.0,3,1,0,2,8,1,1,,4,AVENUE DE LA PORTE D ITALIE,0,,1,4,0,1,(1),(1),1,, -1,2,0,1,30,2,11,5,75,75113,2,2,1,2,AVENUE DE LA PORTE D ITALIE,48.8164252086,2.3603117466,23,2,2
202100036251,136Â 883,A01,1,1,1,4,2,8,-1,0,0,-1,2021,18.0,1,1,3,0,1,1,1,,4,DOUARNENEZ RUE DE,0,,2,2,0,1,(1),(1),1,, -1,1,0,1,50,5,6,5,29,29232,2,1,0,7,Rue de Douarnenez,47.99655,-4.1086,0,1,1
202100027067,153Â 337,A01,1,1,2,5,8,-1,-1,-1, -1,-1,2021,22.0,1,2,5,0,2,1,1,,3,D650,0,,2,2,0,1,15,200,1,, -1,1,0,1,50,25,7,1,33,33529,1,1,0,6,DE GAULLE (AVE CHARLES) 87 ET +,44.63718,-1.128802,7,1,1
202100004127,194Â 364,B01,1,1,1,1,2,0,-1,-1, -1,-1,2021,24.0,3,1,6,2,1,1,1,,4,PRIMEVERES (R DES),0,,1,2,0,1,0,0,1,, -1,1,0,1,30,8,12,1,94,94038,2,2,0,3,PRIMEVERES (R DES),48.7774,2.35304,14,2,2
202100028719,150Â 387,A01,10,3,2,3,0,-1,-1,3,9,1,2021,89.0,1,2,0,1,3,0,1,,3,2,0,D,2,2,0,1,0,0,1,, -1,1,0,4,30,15,7,1,84,84099,2,1,0,6,D2,43.84827,5.110933,6,2,1
202100034838,139Â 439,A01,7,2,1,5,0,-1,-1,0,0,-1,2021,12.0,2,1,0,2,8,15,3,,3,85,-1,,2,2,0,1,9,275,1,, -1,1,9,1,50,12,6,1,49,49041,2,3,0,3,rue de vauzelle,47.306022,0.066615,19,3,2
202100035766,137Â 777,B01,1,1,1,1,8,0,-1,-1, -1,-1,2021,45.0,1,0,0,2,1,7,0,,3,LAPLACE (AV),0,,1,2,3,1,0,0,3,, -1,1,0,6,50,8,6,1,94,94003,2,3,0,3,LAPLACE (AV),48.80995,2.32756,8,2,2
202100029597,148Â 883,A01,10,3,1,0,0,-1,-1,0,1,1,2021,22.0,0,5,0,1,1,2,4,,4,,0,,-1,1,0,1,(1),(1),1,, -1,1,9,8,30,12,6,1,42,42218,2,1,0,6,Rue de Monthieu,45.44206,4.41525,14,2,1
202100004566,193Â 616,A01,1,1,1,3,0,-1,-1,0,0,-1,2021,35.0,2,1,5,0,1,1,5,,4,,-1,,2,2,0,2,(1),(1),2,,4,1,0,1,30,6,12,1,974,97422,2,1,0,7,130 chemin de l'hermitage,-21.259771,55.516158,16,1,1
202100002425,197Â 442,A01,10,3,2,0,0,-1,-1,4,3,1,2021,33.0,0,2,0,1,1,19,1,,4,MILHAUD (BOULEVARD BENJAMIN),0,,2,2,0,1,(1),(1),1,, -1,1,0,1,30,16,12,5,34,34172,2,1,0,6,MILHAUD (BOULEVARD BENJAMIN),43.61057,3.85656,21,2,1
202100021994,162Â 321,B01,1,1,1,5,2,6,-1,0,0,-1,2021,65.0,2,1,0,2,1,1,1,,2,20,0,,2,2,0,2,87,390,4,, -1,1,2,1,-1,28,8,1,9,9189,1,1,0,1,PONT DE L'HARENG,42.663614,1.83476,11,2,2
202100024393,158Â 083,B01,1,1,1,5,8,-1,-1,0,0,-1,2021,57.0,2,1,0,2,8,2,1,,3,39,-1,,2,2,0,2,17,750,1,, -1,1,0,1,90,13,8,1,3,3158,1,1,0,3,la mothe,46.488968,2.714138,11,4,2
202100001393,199Â 282,A01,1,1,1,0,2,-1,-1,0,0,-1,2021,31.0,2,1,0,2,1,2,1,,3,7,-1,,2,2,0,1,(1),(1),1,, -1,1,0,1,90,26,12,1,972,97231,1,1,0,5,D7 FACE MANGOFIL,14.528878,-61.017079,17,6,3
202100055672,102Â 343,B01,1,1,1,5,2,0,-1,-1, -1,-1,2021,69.0,1,1,0,2,7,2,1,,7,DULAC (AVENUE GUILLAUME),0,,2,2,0,1,0,200,1,, -1,1,0,1,50,8,1,1,13,13028,2,1,0,3,DULAC (AVENUE GUILLAUME),43.195425,5.612268,9,2,2
202100013541,177Â 520,A01,1,1,1,1,2,8,-1,0,0,-1,2021,37.0,1,1,0,2,7,17,1,,3,BONNARD (RUE PIERRE),0,,-1,2,0,1,13,970,1,, -1,1,0,1,50,12,10,1,27,27681,2,9,0,6,BONNARD (RUE PIERRE),49.0991111,1.4886653,17,2,2
202100036915,135Â 716,A01,1,1,1,1,0,-1,-1,0,0,-1,2021,28.0,3,2,0,4,2,9,1,,4,PN22,-1,,2,2,0,2,(1),(1),1,, -1,1,4,6,50,2,6,1,88,88510,2,8,1,3,Passage Ã  niveau,48.095,5.774968,8,2,2
202100026357,154Â 583,A01,2,2,1,5,2,6,-1,0,0,-1,2021,16.0,2,1,13,0,1,14,1,,3,17,0,D,2,2,0,1,15,800,1,, -1,1,0,3,90,31,7,3,34,34314,1,1,0,7,D17,43.737848,3.867123,1,2,1
202100020292,165Â 363,Z01,10,3,2,0,0,-1,-1,1,3,1,2021,36.0,1,0,0,1,1,9,1,,4,AVENUE DU CHATEAU D'EAU,0,,2,2,0,1,(1),(1),1,, -1,1,0,1,50,7,9,5,33,33281,2,1,0,6,Avenue du ChÃ¢teau dâEau,44.85279,-0.64635,6,2,1
202100005597,191Â 803,A01,1,1,1,0,2,-1,-1,0,0,-1,2021,50.0,1,1,0,2,0,0,1,,3,86,0,,1,1,0,2,63,650,1,, -1,1,0,1,50,29,11,1,7,7240,1,6,0,3,D86,44.847416,4.821079,13,2,2
202100019435,166Â 896,A01,1,1,1,5,1,-1,-1,0,0,-1,2021,22.0,1,2,0,2,1,13,1,,3,385,-1,,2,2,0,1,16,838,1,, -1,1,0,1,50,12,9,5,69,69107,2,1,0,5,CENTRALE (R),46.06537,4.492228,21,3,3
202100032763,143Â 210,A01,1,1,1,1,2,6,-1,0,0,-1,2021,30.0,2,1,13,0,1,1,1,,3,534,0,,2,2,0,1,(1),(1),1,, -1,1,0,1,70,24,6,1,14,14085,1,1,0,6,D534,49.27284,0.34464,14,1,1
202100029683,148Â 738,A01,2,2,1,5,1,-1,-1,0,0,-1,2021,32.0,1,2,2,0,2,1,1,,3,637,0,D,2,2,0,1,1,853,1,, -1,1,0,1,80,11,7,1,64,64006,1,1,0,7,chemin vieux,42.988404,-0.599763,18,2,1
202100032336,143Â 957,B01,2,2,2,3,8,0,-1,-1, -1,-1,2021,75.0,2,3,0,2,2,2,1,2.0,3,CHOISY(ROUTE DE),0,,2,6,3,1,1,0,1,, -1,1,0,6,50,24,6,1,94,94028,2,1,0,3,Route de Choisy,48.78839,2.4514,15,3,2
202100053884,105Â 430,A01,8,2,1,0,8,-1,-1,0,0,-1,2021,18.0,2,2,0,0,2,1,1,,2,20,0,,3,4,0,1,24,250,1,, -1,2,0,3,110,24,1,1,9,9332,1,1,0,7,RN20,43.075111,1.639699,8,3,1
202100024727,157Â 444,B01,1,1,1,5,2,6,-1,-1, -1,-1,2021,55.0,1,1,0,2,4,1,1,,4,ESPAGNE (ROUTE D'),0,,1,5,0,1,0,0,1,, -1,1,0,1,50,9,8,1,66,66136,2,1,0,4,ESPAGNE (ROUTE D'),42.67438,2.88806,17,4,3
202100025753,155Â 651,A01,10,3,1,0,0,-1,-1,3,3,1,2021,59.0,3,2,0,1,1,1,2,,4,MALARD (BOULEVARD DE),0,,2,2,0,1,(1),(1),1,, -1,1,9,1,50,2,8,1,11,11262,2,1,0,6,MALARD (BOULEVARD DE),43.1818472,3.02999956,12,2,1
202100018079,169Â 314,A01,1,1,1,0,2,-1,-1,0,0,-1,2021,39.0,2,1,13,0,8,14,1,,3,123,-1,,2,2,0,1,(1),(1),2,, -1,1,0,8,90,3,9,1,38,38110,1,1,0,7,Route de Leveau,45.564038,4.869813,14,1,1
202100035851,137Â 612,B01,1,1,1,0,1,0,-1,-1, -1,-1,2021,73.0,2,5,0,2,6,1,1,,1,A55-Sens Martigues vers Marseille,0,,1,2,0,1,30,0,1,, -1,1,0,1,110,7,6,1,13,13026,1,1,0,2,A55-Sens Martigues vers Marseille,43.3796640874,5.162769556,11,2,2
202100005750,191Â 518,A01,1,1,1,9,1,0,-1,-1, -1,-1,2021,28.0,1,2,0,2,1,5,2,,4,PIECE NOYEE (QUAI DE LA),0,,2,2,0,1,0,0,1,, -1,2,0,1,50,28,11,5,64,64102,2,1,1,1,AllÃ©e de la PiÃ¨ce NoyÃ©e,43.49957,-1.48182,5,2,2
202100055053,103Â 405,A01,1,1,2,1,2,6,-1,0,0,-1,2021,27.0,1,1,0,2,1,1,1,,4,,0,,1,1,0,1,1,0,1,, -1,1,0,1,50,14,1,2,14,14118,2,7,0,3,Place du Canada,49.18241,-0.36845,8,2,2
202100007888,187Â 640,A01,1,1,1,4,0,-1,-1,0,0,-1,2021,48.0,1,4,13,0,1,14,1,,1,10,0,A,3,3,0,1,148,0,3,,10,1,0,8,130,17,11,1,41,41206,1,1,0,7,A10,47.62987,1.352777,8,1,1
202100019670,166Â 490,B01,1,1,2,9,8,0,-1,-1, -1,-1,2021,20.0,1,1,0,2,3,1,3,,4,AYRAULT,0,,3,4,0,1,(1),0,1,, -1,1,0,1,50,10,9,1,49,49007,2,1,0,3,AYRAULT,47.47751,-0.553192,18,2,2
202100015310,174Â 339,A01,1,1,1,0,1,0,-1,-1, -1,-1,2021,66.0,2,2,0,0,8,2,1,,1,A12 W,0,,3,7,0,1,0,800,1,, -1,1,0,1,110,3,10,1,78,78043,1,1,0,6,A12 W,48.839764,2.094399,11,2,1
202100040524,129Â 171,B01,1,1,1,0,2,6,-1,-1, -1,-1,2021,35.0,1,1,0,2,7,1,1,,3,LENINE (AVENUE) NÂ°36 AU 120 ET NÂ°45 AU 1,0,,1,2,0,1,0,0,1,, -1,1,0,1,50,10,5,1,93,93059,2,1,0,3,LENINE (AVENUE) NÂ°36 AU 120 ET NÂ°45 AU 1,48.95709,2.35836,18,3,2
202100011095,181Â 896,B01,1,1,1,1,2,-1,-1,-1,0,-1,2021,35.0,1,1,0,2,1,1,5,,4,LESNEVEN,0,,2,2,0,1,(1),(1),1,, -1,1,0,1,50,25,10,2,29,29019,2,3,0,3,Rue de Lesneven,48.407118944,-4.520136416,8,2,2
202100033413,142Â 043,B01,1,1,1,5,2,6,-1,-1, -1,-1,2021,47.0,2,1,0,2,1,2,1,,4,PRADO (AVENUE DU),0,,2,3,0,1,1,0,1,, -1,1,5,1,50,19,6,5,13,13208,2,2,0,3,PRADO (AVENUE DU),43.2804,5.3869,23,2,2
202100052998,106Â 985,B01,1,1,2,9,1,-1,-1,0,0,-1,2021,27.0,1,2,0,0,3,1,1,,2,21,0,,2,2,0,1,10,500,1,, -1,2,0,1,80,31,1,1,47,47152,1,1,1,1,"Lieu dit ""Naules""",44.595578,0.614848,17,3,2
202100005669,191Â 664,B01,1,1,1,9,8,6,-1,-1, -1,-1,2021,21.0,-1,0,0,2,7,19,0,,3,ANDRE CITROEN (BOULEVARD),0,,2,4,0,1,(1),(1),3,, -1,1,5,1,50,29,11,1,93,93005,2,1,0,3,ANDRE CITROEN (BOULEVARD),48.9588359368,2.4858318382,11,2,2
202100050847,110Â 796,B01,1,1,1,0,2,0,-1,-1, -1,-1,2021,56.0,2,1,0,2,0,0,1,,1,13,0,,3,6,0,1,5,400,1,, -1,1,0,1,90,20,2,1,92,92064,1,1,0,3,A13,48.8385030862,2.1923600346,11,2,2
202100045747,119Â 980,A01,1,1,2,9,2,8,-1,-1, -1,-1,2021,19.0,1,1,0,2,2,17,1,,4,ORLEANS D',0,,2,2,0,1,0,0,1,, -1,1,9,1,30,30,3,1,64,64445,2,2,0,3,ORLEANS D',43.29904,-0.37273,11,2,2
202100021884,162Â 517,A01,1,1,2,1,1,-1,-1,0,0,-1,2021,31.0,2,2,13,0,1,19,1,,3,1004,0,D,2,2,0,1,18,300,1,, -1,1,0,8,80,30,8,2,67,67520,1,1,0,7,D1004,48.646832,7.438388,8,1,1
202100008674,186Â 235,B01,1,1,1,0,2,8,-1,-1, -1,-1,2021,34.0,3,1,0,2,0,21,1,,4,MARINE(BOULEVARD),0,,-1,2,0,1,0,0,1,, -1,1,0,1,30,7,11,3,974,97407,1,1,0,1,MARINE(BOULEVARD),-20.9517,55.287,18,2,2
202100043105,124Â 628,A01,10,3,1,9,0,-1,-1,6,9,1,2021,48.0,1,2,0,1,1,2,1,,7,6,-1,,2,1,0,1,20,200,1,, -1,1,0,1,80,23,4,1,13,13040,1,1,0,2,D6,43.475314,5.522336,16,4,3
202100031549,145Â 365,A01,1,1,2,0,1,0,-1,-1, -1,-1,2021,37.0,1,2,0,2,1,2,1,,1,AUTOROUTE A86,0,,3,4,0,1,17,500,2,, -1,2,0,1,50,30,6,1,93,93027,1,1,0,6,AUTOROUTE A86,48.92672,2.4033,9,2,2
202100007513,188Â 329,A01,3,2,1,9,0,-1,-1,0,0,-1,2021,21.0,1,2,2,0,1,14,1,,2,3,0,,2,2,0,1,2,500,1,, -1,1,0,3,90,19,11,3,988,98803,1,1,0,6,RT3,-21.502668,165.477362,21,4,1
202100040370,129Â 445,A01,10,3,2,2,0,-1,-1,4,3,1,2021,16.0,0,5,0,1,2,16,1,,4,RUE DES ECLUSES SAINT MARTIN,0,,1,2,0,1,(1),(1),1,, -1,1,0,1,30,11,5,1,75,75110,2,2,0,6,RUE DES ECLUSES SAINT MARTIN,48.87733,2.36586,17,2,1
202100008509,186Â 526,B01,2,1,1,5,2,8,-1,-1, -1,-1,2021,50.0,3,1,0,2,4,2,3,,4,MIDI (BOULEVARD DU),0,,2,2,0,1,0,0,1,, -1,1,0,1,50,11,11,5,93,93062,2,1,0,2,MIDI (BOULEVARD DU),48.8927168285,2.5199104438,18,2,2
202100022192,161Â 977,A01,1,1,2,5,1,-1,-1,0,0,-1,2021,22.0,1,2,2,0,7,14,1,,2,126,-1,,2,3,0,1,28,98,1,, -1,1,0,3,80,29,8,1,81,81219,1,1,0,7,Route Nationale 126 - PK 028+076,43.567177,1.94531,14,3,1
202100021280,163Â 618,A01,1,1,2,5,8,8,8,0,0,-1,2021,75.0,2,1,0,2,1,1,5,,4,FAURE (AV. FELIX),0,,2,2,1,1,(1),(1),1,, -1,1,0,5,50,1,9,1,6,6088,2,2,0,1,FAURE (AV. FELIX),43.698075,7.27279,19,2,2
202100047326,117Â 173,A01,10,3,1,9,0,-1,-1,1,1,1,2021,18.0,1,3,0,1,3,1,1,1.0,4,ANDRE ALIKER (RUE),0,,1,1,0,1,0,0,1,, -1,2,0,1,30,19,3,1,972,97209,2,1,0,6,ANDRE ALIKER (RUE),14.60841,-61.07118,17,2,1
202100033220,142Â 384,A01,1,1,1,3,1,0,-1,-1, -1,-1,2021,20.0,2,2,15,2,3,1,1,,1,BRETELLE A86,0,,1,2,0,2,1,0,1,, -1,1,3,1,50,20,6,1,94,94022,1,2,1,3,avenue de Lugo,48.77329,2.40947,10,2,2
202100013263,178Â 033,B01,1,1,1,0,2,0,-1,-1, -1,-1,2021,20.0,1,1,0,2,2,2,1,,4,PERI (RUE G.)           1 A 20-17,0,,3,3,0,1,0,0,1,, -1,1,0,1,50,14,10,1,38,38185,2,1,0,3,PERI (RUE G.)           1 A 20-17,45.188796,5.718303,14,2,2
202100028384,150Â 975,A01,1,1,2,9,1,-1,-1,0,0,-1,2021,36.0,2,2,0,0,9,0,1,,3,64,-1,,2,2,0,1,16,765,2,, -1,1,0,3,80,18,7,3,1,1336,1,1,0,7,Route de Condeissiat,46.1423354892,5.1158259107,21,1,1
202100017049,171Â 151,A01,1,1,1,1,2,6,-1,0,0,-1,2021,47.0,2,1,0,2,3,1,1,,4,RUE DE LA LEGION ETRANGERE,0,,2,4,0,1,(1),(1),1,, -1,1,0,1,50,23,9,1,75,75114,2,2,0,3,RUE DE LA LEGION ETRANGERE,48.8205597611,2.3242083622,10,2,2
202100056101,101Â 603,A01,10,3,1,3,0,-1,-1,2,2,1,2021,83.0,1,5,0,1,2,1,1,,3,500,0,,2,2,0,1,9,964,1,, -1,1,0,1,50,7,1,5,43,43177,2,1,0,6,51 Rue Nationale,45.30451,4.277329,7,2,1
202100034542,139Â 985,B01,1,1,2,1,1,0,-1,-1, -1,-1,2021,25.0,2,2,0,2,1,2,1,,1,AUTOROUTE A6,0,,-1,3,0,1,30,0,1,, -1,1,0,1,110,14,6,2,91,91659,1,1,0,5,AUTOROUTE A6,48.5903,2.4465,5,3,3
202100018067,169Â 338,B01,1,1,1,0,2,-1,-1,0,0,-1,2021,22.0,1,1,0,2,3,17,1,,2,2,-1,,2,2,0,1,(1),(1),4,, -1,1,0,1,50,20,9,1,971,97121,2,1,0,1,Rue de la Bataille Anse Guyonn,16.228062,-61.786632,11,2,2
202100040816,128Â 665,A01,1,1,1,5,2,-1,-1,0,0,-1,2021,16.0,1,1,0,2,1,13,1,,4,,-1,,2,2,0,2,(1),(1),3,, -1,1,0,1,50,8,5,1,43,43244,2,1,0,1,Peyrebrousson,45.124234139,4.2749208212,14,2,2