Num_Acc,id_vehicule,num_veh,place,catu,sexe,trajet,secu1,secu2,secu3,locp,actp,etatp,year_acc,victim_age,senc,catv,obs,obsm,choc,manv,motor,occutc,catr,voie,v1,v2,circ,nbv,vosp,prof,pr,pr1,plan,lartpc,larrout,surf,infra,situ,vma,jour,mois,lum,dep,com,agg_,int,atm,col,adr,lat,long,hour,nb_victim,nb_vehicules
202100044050,122Â 938,A01,10,3,2,1,0,-1,-1,2,3,1,2021,42.0,2,1,0,1,8,5,5,,4,PLACE PIGALLE,0,,1,2,0,1,(1),(1),3,, -1,1,0,1,50,14,4,1,75,75109,2,7,0,6,PLACE PIGALLE,48.882049,2.337525,11,2,1
202100034686,139Â 725,B01,1,1,1,0,2,6,-1,0,0,-1,2021,17.0,3,1,0,2,1,1,1,,4,,-1,,2,2,0,1,(1),(1),2,, -1,1,0,1,30,28,5,1,24,24340,1,1,0,1,81 Route de Sivadal,44.862168,0.418972,15,3,2
202100010281,183Â 331,A01,10,3,2,0,8,8,-1,3,3,1,2021,62.0,2,2,0,1,1,1,2,,4,EDISON THOMAS (RUE),0,,-1,2,0,1,0,0,1,, -1,1,0,1,50,29,10,1,72,72181,2,1,0,6,EDISON THOMAS (RUE),48.02499,0.17941,18,2,1
202100047932,116Â 059,A01,1,1,1,5,1,-1,-1,-1, -1,-1,2021,26.0,0,2,2,0,1,1,1,,4,VOSGES (RUE DES),0,,2,1,0,2,(1),(1),2,, -1,2,0,3,50,14,3,5,50,50129,2,1,0,6,VOSGES (RUE DES),49.62792,-1.62221,21,1,1
202100009970,183Â 880,B01,1,1,1,5,0,-1,-1,0,0,-1,2021,14.0,1,1,0,0,6,2,3,,4,39,0,,1,1,0,1,(1),(1),3,, -1,1,0,1,20,1,11,1,21,21171,2,6,0,3,Avenue de l EgalitÃ©,47.298256,5.13473,15,2,2
202100052201,108Â 401,B01,2,2,2,0,2,0,-1,-1, -1,-1,2021,47.0,2,1,0,2,7,1,1,,1,AUTOROUTE A6,0,,1,4,0,1,21,750,1,, -1,1,0,1,110,8,2,1,91,91286,1,1,0,3,AUTOROUTE A6,48.65179,2.38293,8,3,2
202100046807,118Â 108,A01,10,3,2,0,0,-1,-1,1,3,1,2021,62.0,2,1,0,1,0,26,1,,3,HENRI BARBUSSE (AVE) NÂ°2-124,0,,2,2,0,1,0,1,1,, -1,1,0,1,50,23,3,1,93,93029,2,1,0,6,HENRI BARBUSSE (AVE) NÂ°2-124,48.9173716653,2.4463261626,17,2,1
202100045063,121Â 180,A01,1,1,1,5,2,6,-1,0,0,-1,2021,50.0,2,1,0,2,1,17,1,,2,5,0,,2,2,0,1,110,490,1,, -1,1,0,1,50,20,2,1,39,39470,2,3,0,3,,46.484208,6.059856,16,2,2
202100037778,134Â 134,B01,1,1,1,1,2,-1,-1,-1, -1,-1,2021,57.0,0,1,1,0,1,1,5,,4,COQUEBERT (RUE) DU 1 A 62 ET 2 A 42,0,,2,2,0,1,(1),(1),1,, -1,1,0,1,50,28,5,1,51,51454,2,1,0,1,Rue Coquebert,49.2616630518,4.0390285067,19,2,2
202100000616,200Â 602,A01,10,3,1,5,0,-1,-1,9,3,1,2021,68.0,1,2,0,1,0,16,1,,4,Henri de Bournazel (Av),0,,2,2,0,2,0,0,3,, -1,1,0,1,30,26,10,1,19,19272,2,1,0,6,Henri de Bournazel (Av),45.26962,1.76914,10,2,1
202100054394,104Â 535,C01,7,2,2,5,1,-1,-1,0,0,-1,2021,20.0,3,2,0,2,4,2,1,,1,8,-1,,3,3,0,2,200,0,2,, -1,2,3,1,50,18,1,3,6,6088,1,1,1,4,A8 PK 200.000 SUD,43.733044,7.285309,17,5,4
202100043248,124Â 356,B01,1,1,2,5,1,-1,-1,0,0,-1,2021,51.0,2,2,6,2,1,1,1,,3,87,-1,A,2,2,0,1,6,300,1,, -1,1,0,1,-1,21,4,1,31,31341,1,1,0,5,Route des Platanes,43.719432,1.324046,17,7,3
202100000152,201Â 474,A01,1,1,1,1,2,6,-1,-1, -1,-1,2021,34.0,3,1,0,0,4,1,1,,2,JAURES (BOULEVARD JEAN),0,,1,3,0,4,0,0,2,, -1,1,0,1,90,20,7,1,974,97411,1,1,0,7,JAURES (BOULEVARD JEAN),-20.89381,55.47056,17,1,1
202100016087,172Â 890,A01,10,3,2,0,0,-1,-1,3,3,1,2021,11.0,2,2,0,1,3,1,2,,3,RAYMOND POINCARE(RUE),0,,2,2,0,2,0,100,1,, -1,2,0,1,50,29,9,1,91,91691,2,1,0,6,RAYMOND POINCARE(RUE),48.71875,2.50021,14,4,1
202100031112,146Â 130,B01,1,1,1,0,2,8,-1,-1, -1,-1,2021,23.0,2,1,0,2,1,1,1,,4,JUIN (AVENUE ALPHONSE),0,,2,2,1,2,(1),(1),1,, -1,1,0,1,50,30,6,1,34,34172,2,1,0,3,JUIN (AVENUE ALPHONSE),43.61942,3.9009,15,2,2
202100011034,181Â 996,A01,1,1,1,1,2,6,-1,-1,0,-1,2021,58.0,2,1,0,2,8,3,1,,1,AUTOROUTE A15,0,,3,6,0,1,9,600,1,, -1,2,0,1,110,25,10,1,95,95582,1,1,1,5,A15,48.97334,2.2462,8,3,3
202100023851,158Â 993,A01,2,2,1,5,8,0,-1,-1,0,-1,2021,18.0,3,2,1,0,2,14,1,,4,MARAIS (RUE DES),0,,2,2,0,1,(1),(1),2,, -1,1,0,1,50,16,8,5,95,95555,2,1,0,6,Rue des Marais,48.973686,2.281235,23,3,2
202100014519,175Â 757,A01,1,1,1,2,2,-1,-1,0,0,-1,2021,14.0,3,1,0,2,1,21,1,,4,,0,,2,1,0,1,(1),(1),1,,3,2,0,1,30,29,9,1,9,9282,2,1,0,1,Rue du hippocrate le grand,43.240857,1.572944,8,2,2
202100004328,194Â 023,A01,1,1,2,5,1,-1,-1,0,0,-1,2021,62.0,2,2,8,0,3,1,1,,3,282,-1,,2,2,0,1,3,199,3,, -1,7,0,3,-1,8,12,1,72,72137,2,1,0,6,Rue des Courtilloles,48.38644,0.164055,9,2,1
202100006410,190Â 343,B01,1,1,1,9,2,6,-1,-1, -1,-1,2021,41.0,1,1,0,2,4,1,1,,3,RENE MARLIN (CARREFOUR),0,,1,1,0,1,0,0,2,, -1,1,0,1,50,4,6,1,58,58194,2,6,0,2,RENE MARLIN (CARREFOUR),46.9999,3.1556,9,2,2
202100008274,186Â 923,A01,1,1,1,4,2,6,-1,-1, -1,-1,2021,21.0,-1,1,0,2,1,21,1,,3,REPUBLIQUE (AVE DE LA ) DE 52 A 104,0,,2,2,0,1,0,1,1,, -1,2,0,1,30,13,11,5,93,93001,2,1,1,1,REPUBLIQUE (AVE DE LA ) DE 52 A 104,48.9100679282,2.3856881261,20,2,2
202100033733,141Â 468,A01,1,1,2,0,2,-1,-1,0,0,-1,2021,25.0,3,1,12,0,1,1,0,,3,,0,,2,2,2,2,5,844,1,,4,1,0,5,70,17,6,1,6,6152,1,3,0,7,Route des Lucioles,43.61798,7.057192,19,1,1
202100025742,155Â 671,B01,1,1,1,0,1,-1,-1,-1, -1,-1,2021,32.0,1,2,0,2,4,2,1,,1,VA007313 LE CHAPITRE A64 Sortie 38,0,,1,3,0,1,284,357,1,, -1,1,0,1,90,31,8,5,31,31555,1,9,0,2,VA007313 LE CHAPITRE A64 Sortie 38,43.545244,1.401195,0,3,2
202100006601,189Â 997,A01,1,1,1,5,2,6,-1,-1, -1,-1,2021,23.0,3,1,0,2,2,18,1,,4,LOUIS BLERIOT (RUE),0,,3,1,1,1,(1),(1),1,, -1,1,0,1,50,22,11,1,78,78440,2,1,0,3,LOUIS BLERIOT (RUE),48.976533,1.917486,16,2,2
202100040692,128Â 889,B01,1,1,1,5,2,6,-1,0,0,-1,2021,23.0,2,1,0,0,1,1,1,,7,396,-1,D,2,2,0,1,6,300,1,, -1,1,0,1,70,9,5,1,13,13042,1,1,0,2,Avenue de la 1 Eme Division Blindee,43.282255,5.626765,18,2,2
202100018298,168Â 916,B01,1,1,2,1,8,-1,-1,-1, -1,-1,2021,26.0,1,1,0,2,4,19,3,,4,GUILLOTIERE (DE LA)                 (PT),0,,3,5,2,1,(1),(1),1,, -1,1,2,1,50,17,9,1,69,69383,2,2,0,3,GUILLOTIERE (DE LA) (PT),45.7562808854,4.8402830539,11,2,2
202100039069,131Â 802,A01,10,3,2,5,0,-1,-1,4,3,2,2021,4.0,2,2,0,1,2,1,1,,4,MACCHINI EUGENE AVENUE,0,,2,3,0,1,(1),(1),1,, -1,1,0,1,50,19,5,1,201,201004,2,1,0,7,MACCHINI EUGENE AVENUE,41.9185146245,8.7369443341,11,2,1
202100047354,117Â 128,B01,1,1,2,5,1,-1,-1,-1, -1,-1,2021,28.0,2,2,0,2,4,26,1,,2,ROCADE 10-11,0,,3,4,0,1,7,539,1,, -1,1,0,1,90,19,3,1,35,35206,1,1,0,2,ROCADE 10-11,48.08148,-1.65424,15,3,2
202100039831,130Â 382,A01,1,1,2,0,8,-1,-1,-1, -1,-1,2021,24.0,1,2,0,0,1,0,1,,4,LIEUTAUD (COURS),0,,2,2,0,1,(1),(1),1,, -1,1,9,1,50,15,5,2,13,13206,2,1,0,7,LIEUTAUD (COURS),43.29105,5.38311,5,1,1
202100000596,200Â 635,B01,1,1,1,1,2,0,-1,-1, -1,-1,2021,20.0,3,1,0,2,1,3,3,,4,,0,,2,2,0,1,(1),(1),2,, -1,1,0,1,50,8,11,1,37,37261,2,6,0,3,DASSAULT (AVENUE MARCEL),47.3642783355,0.6841254797,8,2,2
202100024320,158Â 198,A01,1,1,1,5,0,0,-1,-1, -1,-1,2021,27.0,1,1,0,2,8,1,3,,3,STALINGRAD (AV DE),0,,1,2,3,1,1,0,1,, -1,1,0,1,50,12,8,1,94,94076,2,1,0,3,Avenue de Stalingrad,48.785675,2.366863,16,2,2
202100009561,184Â 615,A01,1,1,1,1,1,-1,-1,-1, -1,-1,2021,49.0,1,2,3,0,1,1,1,,1,AUTOROUTE A15,0,,1,6,0,1,20,399,2,, -1,1,0,1,90,3,11,3,95,95572,1,1,0,6, A15,49.02819,2.12818,23,1,1
202100045143,121Â 039,B01,4,2,2,4,1,0,-1,0,0,-1,2021,24.0,2,2,0,2,8,1,1,,4,COURS DE VINCENNES,0,,2,8,0,1,(1),(1),1,, -1,1,0,1,50,3,4,1,75,75120,2,2,0,5,COURS DE VINCENNES,48.847488,2.406195,12,5,3
202100053967,105Â 288,B01,2,2,2,5,2,8,-1,0,0,-1,2021,36.0,3,1,0,2,2,1,1,,4,PLACE DE LA CONCORDE,0,,1,6,0,1,(1),(1),2,, -1,2,0,1,50,23,1,5,75,75108,2,7,0,3,PLACE DE LA CONCORDE,48.866263,2.32119,17,3,2
202100004846,193Â 126,B01,1,1,1,1,2,-1,-1,0,0,-1,2021,19.0,1,1,0,2,1,1,1,,4,,-1,,2,2,0,1,(1),(1),1,,4,1,0,1,50,3,12,5,51,51391,2,3,0,3,Rue de la Gare,49.27589,3.898239,7,2,2
202100021955,162Â 383,A01,1,1,2,9,8,0,-1,0,0,-1,2021,34.0,1,1,14,0,3,11,3,,4,RUE DE RIVOLI,0,,2,4,1,1,(1),(1),1,, -1,1,0,5,30,29,8,2,75,75101,2,3,0,6,RUE DE RIVOLI,48.863725,2.332175,6,1,1
202100021597,163Â 026,B01,2,2,1,0,8,-1,-1,-1, -1,-1,2021,24.0,3,2,0,2,6,1,1,,4,WALDECK-ROUSSEAU (AV),0,,2,2,0,2,(1),(1),1,, -1,1,0,1,50,27,8,5,69,69096,2,1,0,3,WALDECK ROUSSEAU (R),45.60587,4.786038,22,4,2
202100001867,198Â 459,A01,1,1,1,1,1,0,-1,0,0,-1,2021,61.0,2,2,0,2,9,1,1,,7,RD 674,0,,2,2,0,2,43,729,1,, -1,1,0,1,80,21,12,1,54,54498,1,1,0,5,RM 674,48.72198,6.27152,8,3,3
202100039194,131Â 566,B01,1,1,2,1,8,-1,-1,0,0,-1,2021,58.0,3,2,7,2,6,19,1,,3,D147,-1,,2,2,0,2,2,800,3,, -1,2,0,1,80,18,5,2,45,45026,1,2,1,3,D147-PR 2 + 800,48.143812,2.962017,20,2,2
202100026694,153Â 996,B01,1,1,1,0,2,0,-1,-1, -1,-1,2021,29.0,1,1,0,2,2,1,0,,3,MICHELET (AVE) : DU 1 AU 103,0,,2,4,0,1,0,1,1,, -1,1,0,1,50,28,7,1,93,93070,2,4,0,3,MICHELET (AVE) : DU 1 AU 103,48.90544,2.3442,17,2,2
202100004674,193Â 422,A01,1,1,1,5,2,8,-1,-1, -1,-1,2021,15.0,1,1,0,2,1,2,1,,4,MANDELA  (BOULEVARD),0,,1,4,0,1,(1),(1),1,, -1,1,0,1,50,3,12,1,973,97302,2,3,0,3,MANDELA  (BOULEVARD),4.93878,-52.32639,11,2,2
202100019526,166Â 728,A01,10,3,2,0,0,-1,-1,9,5,1,2021,2.0,1,5,0,1,2,26,1,,6,SAINT LEU (ROUTE DE) 1 Ã  157,0,,-1,-1,0,1,0,0,1,, -1,1,0,1,30,11,9,1,93,93079,2,9,0,6,Parking Centre Commercial,48.94932,2.34347,14,2,1
202100052156,108Â 486,A01,10,3,1,4,0,-1,-1,5,3,1,2021,41.0,1,2,9,1,1,1,1,,3,MARTRE (RUE) DE (59 A 109)   (58 A 120),0,,1,3,1,1,0,0,1,, -1,1,0,4,50,3,2,1,92,92024,2,2,0,6,MARTRE (RUE) DE (59 A 109)   (58 A 120),48.90172,2.30732,12,5,2
202100012863,178Â 733,A01,1,1,1,1,2,6,-1,0,0,-1,2021,50.0,1,1,0,2,1,3,1,,4,PORTE D ASNIERES,0,,-1,4,0,1,18,400,1,, -1,1,0,1,70,15,10,1,75,75117,2,1,0,2,PORTE D ASNIERES,48.891371,2.300476,17,2,2
202100050506,111Â 422,B01,1,1,2,4,1,-1,-1,0,0,-1,2021,65.0,1,2,0,0,4,1,1,,1,5,-1,,3,4,0,1,199,600,1,, -1,1,0,1,130,23,2,3,52,52365,1,1,0,2,A5,48.058779,4.953461,23,3,2
202100019152,167Â 395,A01,10,3,2,3,0,-1,-1,9,3,1,2021,83.0,3,2,0,1,4,20,3,,6,PONT COLBERT (RUE DU),0,,-1,0,0,1,(1),(1),1,, -1,1,9,8,10,12,9,1,78,78322,1,9,0,6,PONT COLBERT (RUE DU),48.78753,2.1496,11,2,1
202100006404,190Â 351,A01,1,1,2,5,1,0,-1,-1, -1,-1,2021,85.0,3,2,8,0,6,4,1,,4,LESCA (RUE HIPPOLYTE),0,,2,1,0,1,0,0,1,, -1,1,0,1,50,24,11,5,64,64102,2,1,0,7,LESCA (RUE HIPPOLYTE),43.48287,-1.48716,17,1,1
202100046094,119Â 364,A01,1,1,2,0,1,0,-1,-1, -1,-1,2021,63.0,1,2,1,0,2,16,1,,4,BRUYANT (RUE),0,,1,1,0,1,(1),(1),3,, -1,1,0,1,50,29,3,1,51,51454,2,1,0,7,Rue Bruyant,49.2591547535,4.0162981904,11,1,1
202100018031,169Â 397,A01,1,1,1,0,2,6,-1,-1, -1,-1,2021,30.0,1,1,0,2,1,2,1,,2,PARIS (R DE),0,,1,2,0,1,1,0,1,, -1,1,0,1,50,19,9,1,94,94078,2,1,0,2,PARIS (R DE),48.740738,2.44672,11,2,2
202100026687,154Â 006,A01,10,3,2,1,0,-1,-1,2,5,1,2021,27.0,1,2,0,1,3,15,1,,4,AVENUE MARCEAU,0,,2,4,0,2,(1),(1),1,, -1,1,0,1,50,28,7,1,75,75108,2,7,0,6,AVENUE MARCEAU,48.866126,2.299692,14,2,1
202100004987,192Â 873,A01,1,1,1,9,1,-1,-1,0,0,-1,2021,30.0,1,2,6,0,3,1,1,,3,,-1,,2,1,0,1,32,500,2,,"3,5",2,0,8,50,4,12,3,10,10216,2,1,1,6,Rue du General de Gaulle,48.668721,4.203746,1,1,1
202100020684,164Â 658,A01,10,3,1,9,0,-1,-1,5,2,2,2021,37.0,2,1,0,1,1,2,1,,4,BOLHEN   (DE)                        (AV,0,,3,4,0,1,(1),(1),1,, -1,1,0,4,50,5,9,5,69,69256,2,3,0,6,BOLHEN (DE) (AV),45.7646551808,4.9192491174,23,3,1
202100033321,142Â 203,C01,1,1,1,0,2,0,-1,-1, -1,-1,2021,62.0,3,1,0,2,1,1,1,,3,D607,0,,2,2,0,1,0,870,1,, -1,1,5,1,90,14,6,3,77,77407,1,3,0,6,D607,48.5449,2.51302,0,3,3
202100007746,187Â 908,A01,10,3,2,0,0,-1,-1,2,3,2,2021,5.0,3,1,0,1,1,15,1,,4,Cavani Massimoni rue de,0,,2,2,0,2,0,0,2,, -1,1,9,1,30,16,11,1,976,97611,2,1,0,6,cavani-Cavani Massimoni rue de,-12.78219,45.22054,10,2,1
202100045357,120Â 667,A01,10,3,1,2,0,-1,-1,4,3,1,2021,10.0,1,2,0,1,1,1,1,,4,VIGENAL (BOULEVARD DU),0,,3,5,0,1,0,0,1,, -1,1,5,1,50,1,4,1,87,87085,2,2,0,6,VIGENAL (BOULEVARD DU),45.85266,1.25921,17,2,1
202100044793,121Â 642,A01,1,1,2,0,1,0,-1,-1, -1,-1,2021,56.0,2,2,0,2,2,19,1,,4,SALVADOR ALLENDE (AVENUE),0,,2,2,0,1,(1),(1),1,, -1,1,0,1,30,6,4,1,972,97209,2,2,0,5,SALVADOR ALLENDE (AVENUE),14.61033,-61.04681,10,3,3
202100041959,126Â 620,B01,1,1,1,0,2,0,-1,-1, -1,-1,2021,46.0,3,1,4,2,3,12,1,,3,993,0,,1,3,1,1,0,0,1,, -1,1,0,1,50,30,4,2,92,92026,2,1,0,3,CIRCULAIRE (BOULEVARD),48.89274,2.24534,7,2,2
202100050612,111Â 222,A01,1,1,1,1,2,6,-1,0,0,-1,2021,36.0,2,1,0,2,3,11,1,,3,30,-1,,2,2,0,1,28,700,1,, -1,1,0,1,50,23,2,1,8,8133,2,1,0,3,3 Rue de Rethel,49.508403,4.456259,13,2,2
202100001864,198Â 465,A01,1,1,1,5,2,8,-1,-1, -1,-1,2021,40.0,1,1,16,0,0,1,1,,3,162,0,,2,2,0,1,6,300,1,, -1,1,0,1,70,18,12,5,56,56162,2,1,0,7,DOUAR GUENN,47.7382951,-3.4561872,18,1,1
202100006969,189Â 308,B01,1,1,1,5,1,-1,-1,0,0,-1,2021,44.0,2,2,0,0,4,1,1,,1,35,-1,A,3,4,0,1,80,200,1,, -1,2,0,1,130,19,11,3,68,68234,1,1,1,2,A35,47.950046,7.365276,17,2,2
202100018091,169Â 294,A01,1,1,1,0,2,6,-1,-1, -1,-1,2021,36.0,2,1,0,2,1,3,0,,1,AUTOROUTE A86,0,,1,3,0,1,51,200,1,, -1,1,1,1,70,19,9,1,94,94034,1,1,0,4,AUTOROUTE A86,48.7584026074,2.3255610466,14,3,3
202100018497,168Â 570,A01,1,1,2,4,1,-1,-1,0,0,-1,2021,56.0,1,5,13,0,9,1,1,,3,20,-1,D,2,2,0,4,23,500,1,, -1,1,0,3,80,14,9,1,55,55517,1,1,0,6,D20,48.967696,5.051007,7,1,1
202100031623,145Â 228,B01,1,1,1,0,2,0,-1,-1, -1,-1,2021,54.0,1,1,0,2,8,1,3,,4,BASSIN NÂ°6 (ROUTE DU),0,,2,2,0,1,0,0,1,, -1,1,0,1,50,29,6,1,92,92036,2,6,0,3,BASSIN NÂ°6 (ROUTE DU),48.941696477,2.2949194908,17,2,2
202100035250,138Â 691,B01,1,1,1,0,2,0,-1,0,0,-1,2021,32.0,1,1,0,2,4,2,1,,7,,0,,1,1,0,1,(1),(1),1,, -1,1,0,1,50,9,6,1,63,63032,2,1,0,2,Romagnat (Route de),45.7483460677,3.0935311695,16,2,2
202100042696,125Â 313,B01,1,1,1,1,2,8,-1,0,0,-1,2021,28.0,2,1,0,2,1,1,1,,4,QUAI DE L HOTEL DE VILLE,0,,2,2,0,1,(1),(1),1,, -1,1,0,1,50,23,4,1,75,75104,2,2,0,6,QUAI DE L HOTEL DE VILLE,48.8543645326,2.3549419641,18,3,2
202100039197,131Â 561,B01,1,1,1,5,1,-1,-1,0,0,-1,2021,70.0,1,2,4,0,9,0,1,,3,6110,-1,,2,2,0,1,(1),(1),2,, -1,1,2,3,80,20,5,1,30,30181,1,1,0,7,D 6110,43.913395,4.110287,10,3,2
202100021377,163Â 435,A01,1,1,1,1,2,6,9,0,0,-1,2021,56.0,3,1,7,0,0,21,1,,3,402,-1,,2,2,0,2,65,755,1,, -1,1,0,1,50,2,9,5,77,77183,2,1,0,7,D402,48.94017,3.12103,5,2,2
202100036144,137Â 077,A01,1,1,1,5,2,-1,-1,0,0,-1,2021,35.0,1,1,4,0,7,1,1,,3,942,-1,,2,2,0,1,42,400,2,, -1,1,0,1,80,6,6,1,84,84018,1,1,0,7,gorges de la nesque,44.037072,5.265434,15,1,1
202100007834,187Â 735,A01,10,3,2,2,0,-1,-1,3,3,1,2021,16.0,1,2,0,1,1,1,1,,4,BELLE ISLE (BOULEVARD),0,,1,2,0,2,(1),(1),2,, -1,1,5,1,50,8,11,2,12,12202,2,4,0,6,BELLE ISLE (BOULEVARD),44.35278,2.57773,8,2,1
202100004949,192Â 946,B01,9,2,2,0,8,-1,-1,0,0,-1,2021,8.0,3,2,0,2,1,1,1,,3,2,0,D,2,2,0,2,(1),(1),3,, -1,2,0,1,80,4,12,1,22,22190,1,1,1,1,D2,48.51073,-2.081019,13,7,2
202100002372,197Â 543,A01,2,2,2,5,2,0,-1,-1, -1,-1,2021,16.0,0,1,0,2,7,15,1,,3,CAPITAINE THEN,0,,2,0,0,1,1,0,1,, -1,2,0,1,50,17,12,5,202,202033,2,4,0,3,CAPITAINE THEN,42.6732724737,9.4371881582,21,3,2
202100038850,132Â 185,A01,1,1,2,5,1,-1,-1,0,0,-1,2021,85.0,2,2,0,0,0,1,1,,3,21,-1,,2,2,0,1,6,0,3,, -1,1,0,8,80,20,5,1,3,3187,1,1,0,7,Route des Piquins,46.341516,3.448521,12,1,1
202100016208,172Â 665,A01,1,1,1,5,1,0,-1,-1, -1,-1,2021,54.0,2,2,0,2,1,2,1,,2,33 PK RN11 NANTES ROCADE,0,,2,4,0,1,34,686,1,, -1,1,0,1,50,28,9,1,17,17291,1,1,0,4,N11,46.17315,-1.1168,16,3,3
202100009761,184Â 250,A01,10,3,2,1,0,-1,-1,7,1,1,2021,38.0,0,4,0,1,5,26,1,,4,SPEYBROCK (RUE ROGER),0,,1,1,0,1,(1),(1),1,, -1,2,6,1,30,2,11,1,59,59599,2,1,1,6,SPEYBROCK (RUE ROGER),50.731590603,3.1755923443,9,2,1
202100048861,114Â 423,B01,1,1,1,5,2,8,-1,-1, -1,-1,2021,32.0,1,1,0,2,1,1,1,,4,SAKAKINI (BOULEVARD),0,,1,0,0,1,(1),(1),1,, -1,1,0,1,50,7,3,5,13,13205,2,3,0,3,SAKAKINI (BOULEVARD),43.2975,5.40073,19,2,2
202100022032,162Â 249,A01,1,1,1,5,8,-1,-1,0,0,-1,2021,44.0,1,2,3,0,2,0,1,,3,D955,0,,2,2,0,2,3,420,2,, -1,1,0,3,70,30,8,3,59,59430,1,1,0,6,42 Route Nationale,50.133662,3.5305,1,1,1
202100046480,118Â 702,A01,1,1,1,5,1,0,-1,-1,0,-1,2021,33.0,1,2,0,2,1,1,1,,1,AUTOROUTE A15,0,,3,8,0,1,17,700,1,, -1,1,1,1,110,27,3,1,95,95488,1,1,0,4,A15,49.01085,2.154,14,3,3
202100043414,124Â 062,B01,1,1,1,1,2,-1,-1,-1, -1,-1,2021,51.0,1,1,0,2,8,1,3,,4,GAMBETTA                            (CO),0,,1,2,3,1,(1),(1),1,, -1,1,0,6,50,19,4,1,69,69387,2,2,0,3,GAMBETTA (CR),45.75156,4.85357,18,2,2
202100040216,129Â 711,B01,1,1,1,9,1,0,-1,0,0,-1,2021,27.0,2,2,0,2,4,2,1,,4,BOULEVARD PERIPHERIQUE EXTERIEUR OUEST,0,,1,4,0,1,20,600,1,, -1,1,0,1,70,11,5,1,75,75117,2,1,0,4,BOULEVARD PERIPHERIQUE EXTERIEUR OUEST,48.900673,2.326149,16,5,4
202100020681,164Â 667,A01,1,1,1,0,2,6,-1,-1, -1,-1,2021,43.0,0,1,0,0,9,26,0,,4,DELPHINIUMS (CHEMIN DES),0,,2,1,0,1,0,0,1,, -1,1,0,1,50,5,9,1,83,83090,1,1,0,7,DELPHINIUMS (CHEMIN DES),43.1221405615,5.842269659,18,1,1
202100010785,182Â 461,B01,1,1,1,0,2,6,-1,0,0,-1,2021,65.0,2,1,0,2,1,1,1,,3,2,-1,,2,2,0,3,58,892,1,, -1,1,5,1,70,27,10,1,44,44128,1,2,0,3,Butte de Lance,47.537558,-1.927285,15,2,2
202100029523,149Â 021,A01,1,1,1,5,0,-1,-1,0,0,-1,2021,23.0,0,1,0,2,1,5,0,,9,,-1,,2,2,0,2,(1),(1),3,,5,1,0,1,-1,11,7,5,978,97801,2,1,0,1,R DE CONCORDIA,18.065367,-63.078891,22,2,2
202100027397,152Â 741,B01,2,2,2,0,1,0,-1,-1, -1,-1,2021,58.0,2,2,0,2,7,15,1,,3,GENERAL LECLERC (AV DU),0,,-1,4,0,1,1,0,1,, -1,1,0,1,50,23,7,1,94,94046,2,2,0,3,Avenue du GÃ©nÃ©ral Leclerc,48.80583,2.44094,17,3,2
202100010341,183Â 220,A01,1,1,2,5,1,0,-1,0,0,-1,2021,32.0,2,2,0,2,6,1,1,,4,BOULEVARD PERIPHERIQUE,0,,1,4,0,1,33,0,1,, -1,1,0,1,70,28,10,5,75,75112,2,1,0,3,BOULEVARD PERIPHERIQUE,48.836786,2.412611,22,3,2
202100032400,143Â 858,A01,2,2,2,5,1,-1,-1,0,0,-1,2021,29.0,1,2,0,2,7,17,1,,2,106,-1,,3,4,0,1,24,400,1,, -1,1,0,1,110,25,6,1,30,30046,1,1,0,3,N106,43.991333,4.192228,20,5,2
202100035785,137Â 739,A01,1,1,1,1,1,0,-1,-1, -1,-1,2021,47.0,1,2,0,2,1,5,1,,3,908,0,,3,5,0,1,0,0,1,, -1,1,0,1,50,8,6,1,92,92026,2,1,0,5,VERDUN (DE 01 A 61),48.898742,2.262427,14,4,4
202100009580,184Â 582,B01,1,1,2,0,8,0,-1,-1, -1,-1,2021,28.0,3,1,0,2,1,1,3,,4,WILBUR WRIGHT (RUE),0,,-1,2,1,1,0,0,3,, -1,1,0,1,30,2,11,1,72,72181,2,6,0,3,WILBUR WRIGHT (RUE),48.0084940063,0.1970028875,10,2,2
202100035237,138Â 720,B01,5,2,1,0,1,8,-1,-1, -1,-1,2021,12.0,1,2,0,2,6,24,0,,4,RITORTE (CHEMIN DE LA),0,,2,2,0,2,0,0,2,, -1,1,0,3,30,9,6,1,83,83069,2,1,0,2,RITORTE (CHEMIN DE LA),43.1252,6.141141,17,5,2
202100044623,121Â 960,A01,1,1,1,5,2,-1,-1,0,0,-1,2021,54.0,3,1,0,2,3,1,5,,4,champ,0,,2,2,0,1,(1),(1),1,, -1,1,0,1,50,10,4,1,39,39498,2,2,0,3,,47.166154,5.795133,11,2,2
202100004717,193Â 343,Z01,10,3,2,5,0,-1,-1,1,5,1,2021,54.0,0,0,0,1,2,2,0,,4,GROUARD  (AVENUE),0,,2,2,0,2,1,0,1,, -1,2,0,1,50,3,12,5,77,77243,2,1,1,6,GROUARD  (AVENUE),48.87966,2.72002,19,2,1
202100001543,199Â 044,A01,1,1,1,5,1,-1,-1,0,0,-1,2021,42.0,2,2,3,0,3,1,1,,1,62,0,A,3,3,0,1,199,500,1,, -1,1,0,1,130,25,12,3,82,82028,1,1,0,3,A 62 pk 199.500,43.86324,1.318545,21,3,2
202100055558,102Â 546,A01,1,1,2,1,1,0,-1,-1, -1,-1,2021,35.0,1,2,0,2,3,15,1,,4,SCHNEIDER (AVENUE),0,,2,2,0,1,0,0,1,, -1,2,9,1,50,10,1,5,92,92023,2,9,0,3,SCHNEIDER (AVENUE),48.8067525247,2.2544735672,19,2,2