Num_Acc,id_vehicule,num_veh,place,catu,sexe,trajet,secu1,secu2,secu3,locp,actp,etatp,year_acc,victim_age,senc,catv,obs,obsm,choc,manv,motor,occutc,catr,voie,v1,v2,circ,nbv,vosp,prof,pr,pr1,plan,lartpc,larrout,surf,infra,situ,vma,jour,mois,lum,dep,com,agg_,int,atm,col,adr,lat,long,hour,nb_victim,nb_vehicules
202100005099,192Â 659,B01,1,1,1,9,8,0,-1,0,0,-1,2021,18.0,2,1,0,2,1,1,5,,4,RUE SAINT CHARLES,0,,1,1,0,1,(1),(1),1,, -1,1,0,1,30,2,12,5,75,75115,2,1,0,6,RUE SAINT CHARLES,48.845172,2.284273,18,2,2
202100020405,165Â 163,A01,1,1,1,5,8,-1,-1,0,0,-1,2021,26.0,2,2,4,0,3,0,1,,1,9,-1,A,-1,5,0,1,90,700,1,, -1,1,0,1,110,8,9,3,34,34022,1,1,0,6,A9,43.66232,4.002423,2,1,1
202100009925,183Â 950,B01,1,1,1,1,2,6,-1,0,0,-1,2021,55.0,2,1,0,2,3,1,1,,4,RUE BROCHANT,0,,2,2,0,1,(1),(1),1,, -1,1,0,1,30,1,11,1,75,75117,2,2,0,3,RUE BROCHANT,48.888944,2.317977,11,2,2
202100027400,152Â 735,A01,4,2,1,0,3,8,-1,-1, -1,-1,2021,1.0,3,2,12,0,1,1,1,,4,ANDRE GIDE (AV),0,,2,2,0,1,1,0,1,, -1,1,0,4,50,23,7,5,94,94060,2,1,0,6,ANDRE GIDE (AV),48.789,2.5733,0,2,1
202100017880,169Â 663,B01,1,1,2,4,2,6,-1,0,0,-1,2021,52.0,2,1,0,2,7,1,1,,4,RUE SAINT HONORE,0,,1,1,0,1,(1),(1),1,, -1,2,0,1,30,20,9,1,75,75101,2,2,0,3,RUE SAINT HONORE,48.864913,2.331945,7,2,2
202100001221,199Â 589,A01,1,1,1,0,1,8,-1,-1, -1,-1,2021,19.0,1,2,0,2,1,1,1,,1,86,0,,2,4,0,1,0,0,1,, -1,1,3,1,50,25,12,5,92,92036,2,3,0,3,PIERRE DE COUBERTIN (BOULEVARD) (PORT ->,48.9358237463,2.2797220945,21,2,2
202100024817,157Â 296,A01,1,1,2,1,1,-1,-1,0,0,-1,2021,21.0,3,2,0,2,1,2,1,,3,,-1,,2,1,0,1,(1),(1),1,,3,1,0,1,80,28,6,1,13,13027,1,2,0,2,dÃ©partementale D28,43.871307,4.818943,7,2,2
202100049190,113Â 831,A01,1,1,1,5,2,6,9,0,0,-1,2021,26.0,2,1,16,0,1,14,1,,3,368,0,D,2,2,0,2,11,495,2,, -1,1,0,8,80,6,3,1,201,201247,1,1,0,7,Route de l'Ospedale,41.6431378886,9.205628734,15,1,1
202100024917,157Â 122,B01,1,1,1,1,2,6,-1,-1, -1,-1,2021,40.0,2,1,0,2,1,1,1,,3,906,0,,2,2,0,1,0,0,1,, -1,1,0,1,50,8,8,5,92,92023,2,2,0,3,GENERAL DE GAULLE (AV DU) NÂ°130 A 340 ET,48.7834224082,2.2467102022,22,2,2
202100043137,124Â 569,A01,10,3,2,5,0,-1,-1,2,3,1,2021,21.0,1,2,0,1,1,1,1,,3,AV DU GENERAL DE GAULLE,0,,3,4,0,1,7,550,1,, -1,1,0,1,50,21,4,1,95,95268,2,9,0,6,AV DU GENERAL DE GAULLE,48.9713767153,2.4018591642,10,3,1
202100052714,107Â 508,B01,1,1,2,0,1,-1,-1,0,0,-1,2021,33.0,0,2,0,2,8,1,1,,3,124,0,A,2,2,0,2,4,75,2,, -1,2,0,1,80,3,2,1,49,49092,1,1,1,3,Mauvezin (valanjou),47.231887,-0.662923,16,2,2
202100042783,125Â 178,B01,1,1,1,0,0,-1,-1,0,0,-1,2021,33.0,0,1,0,2,1,9,5,,4,78,-1,F,2,2,0,1,(1),(1),1,, -1,1,0,1,30,24,4,1,1,1313,2,2,0,3,Route Bellevue,46.259772,6.080803,16,2,2
202100028799,150Â 241,B01,1,1,1,4,2,6,-1,-1, -1,-1,2021,18.0,0,1,0,2,8,1,1,,4,,0,,2,2,0,1,0,0,1,, -1,1,0,1,30,15,7,1,91,91434,2,2,0,3,JARDINET (AVENUE DU),48.65207,2.351366,20,2,2
202100040327,129Â 520,A01,2,2,2,0,2,6,-1,-1, -1,-1,2021,60.0,1,1,12,0,8,1,1,,3,BAYONNE (AVENUE DE),0,,3,4,3,1,9,395,1,, -1,1,0,1,50,11,5,1,64,64024,2,1,0,7,Avenue de Bayonne,43.48123,-1.51113,13,2,1
202100022717,160Â 993,B01,1,1,2,5,1,-1,-1,-1, -1,-1,2021,58.0,1,2,0,2,6,1,1,,4,LIBERTE (BD DE LA),0,,3,4,2,1,(1),(1),1,, -1,1,0,1,50,23,8,1,35,35238,2,1,0,2,LIBERTE (BD DE LA),48.10762,-1.68073,15,2,2
202100008891,185Â 846,A01,10,3,2,2,8,-1,-1,3,3,1,2021,15.0,1,5,0,1,3,1,1,,3,6,-1,,2,2,0,1,0,500,1,, -1,1,0,1,80,8,11,3,973,97307,1,9,0,6,Route de Stoupan,4.80103,-52.362846,18,2,1
202100044323,122Â 442,A01,1,1,1,5,2,-1,-1,0,0,-1,2021,15.0,3,1,0,0,8,15,1,,9,CR,0,,-1,2,0,2,(1),(1),1,, -1,6,0,8,50,13,4,1,55,55504,1,1,0,7,chemin rural de Longeville Ã  Tannois,48.726692,5.22608,15,2,1
202100042188,126Â 214,B01,1,1,1,0,2,6,-1,-1, -1,-1,2021,19.0,1,1,0,2,1,1,1,,3,LECLERC (AVE DU GAL) DU 02 ET +,0,,2,2,0,1,16,850,1,, -1,1,0,1,50,28,4,1,33,33529,2,1,0,3,,44.63986,-1.1483,18,3,2
202100034198,140Â 620,C01,1,1,1,1,1,0,-1,-1, -1,-1,2021,41.0,2,2,0,2,4,1,1,,1,AUTOROUTE A6B,0,,1,2,0,1,6,599,1,, -1,1,0,1,110,16,6,1,94,94021,1,1,0,4,AUTOROUTE A6B,48.76012,2.33887,7,3,3
202100056314,101Â 240,A01,1,1,1,5,1,-1,-1,0,0,-1,2021,53.0,2,2,3,0,1,1,2,,1,26,0,A,2,2,0,1,134,500,1,, -1,1,9,3,130,4,1,1,59,59236,1,1,0,7,Autoroute A26,50.138307039,3.1378474544,14,2,1
202100044239,122Â 590,A01,2,2,2,0,0,-1,-1,-1, -1,-1,2021,14.0,1,1,0,2,8,26,3,,4,DOCTEUR MOUISSET (DU)               (R ),0,,1,1,1,1,(1),(1),1,, -1,1,0,1,50,12,4,1,69,69386,2,9,0,6,DOCTEUR MOUISSET (R),45.771303,4.842401,16,2,1
202100011896,180Â 462,A01,10,3,2,2,0,-1,-1,3,3,1,2021,12.0,2,2,0,1,2,1,1,,3,2,0,D,2,2,0,2,49,694,1,, -1,1,0,1,50,22,10,5,56,56151,2,1,0,6,Rue de la Madeleine,48.064594,-2.890627,7,2,1
202100007409,188Â 513,A01,1,1,1,5,1,-1,-1,0,0,-1,2021,21.0,2,2,16,0,2,1,1,,4,,-1,,2,2,0,4,(1),(1),2,,5,2,0,8,50,20,11,3,91,91330,1,1,0,7,Route de Cheptainville,48.527752,2.270239,0,2,1
202100024049,158Â 658,A01,9,2,1,5,3,-1,-1,0,0,-1,2021,7.0,1,2,17,0,3,13,1,,3,929,0,,2,2,0,1,10,700,1,, -1,1,0,3,90,15,8,1,65,65261,1,1,0,6,route d'auch,43.2383732343,0.4935460159,18,2,1
202100026576,154Â 199,A01,1,1,1,0,1,-1,-1,0,0,-1,2021,22.0,2,2,15,0,2,0,1,,2,12,0,,1,3,0,1,38,400,2,, -1,1,0,3,110,30,7,1,78,78321,1,1,0,6,Route Nationale 12,48.793719,1.899261,12,1,1
202100039605,130Â 795,A01,10,3,1,4,0,-1,-1,5,1,1,2021,57.0,2,1,0,1,1,25,3,,4,AVENUE PERRICHONT,0,,1,1,0,1,(1),(1),1,, -1,1,0,4,50,17,5,1,75,75116,2,1,0,6,AVENUE PERRICHONT,48.849455,2.273024,9,2,1
202100008989,185Â 651,B01,1,1,1,5,4,2,-1,0,0,-1,2021,73.0,0,1,0,2,2,1,5,,3,5,-1,D,2,2,0,1,7,800,1,, -1,1,0,1,80,8,11,1,51,51146,1,2,0,3,D5,48.893682,4.236351,16,2,2
202100039289,131Â 373,A01,1,1,1,9,1,0,-1,-1, -1,-1,2021,19.0,0,2,0,2,1,13,1,,3,RD2 Route de Balaruc,0,,2,2,0,1,38,839,1,, -1,1,0,1,80,18,5,1,34,34108,1,1,0,1,RD2 Route de Balaruc,43.42998,3.70509,8,2,2
202100021349,163Â 492,A01,1,1,2,5,1,-1,-1,0,0,-1,2021,49.0,2,2,7,0,1,0,1,,3,785,0,D,1,1,0,1,72,700,1,, -1,1,3,6,70,3,9,3,29,29216,1,9,0,6,D785 - Bel Air,47.967112,-4.146373,0,1,1
202100045861,119Â 778,A01,1,1,1,5,0,-1,-1,0,0,-1,2021,23.0,1,1,0,0,0,2,1,,3,25,0,,1,1,0,1,12,600,1,, -1,1,0,1,90,1,4,1,52,52187,1,1,0,7,route dÃ©partemental 25,48.367411,5.354697,14,2,2
202100056257,101Â 339,A01,10,3,1,3,0,-1,-1,1,3,1,2021,15.0,0,2,0,1,2,1,1,,2,PARIS (AVENUE DE),0,,2,2,0,1,88,341,1,, -1,1,0,1,50,2,1,5,50,50129,2,3,0,6,PARIS (AVENUE DE),49.6288,-1.61816,18,2,1
202100037749,134Â 193,A01,1,1,1,0,1,8,-1,-1, -1,-1,2021,26.0,1,2,16,0,9,1,1,,3,RD 191,0,,2,2,0,1,0,0,1,, -1,1,0,1,90,27,5,1,91,91223,1,1,0,6,RD 191,48.4365,2.164604,18,1,1
202100041196,127Â 964,A01,1,1,2,5,2,-1,-1,0,0,-1,2021,31.0,3,1,13,0,1,1,1,,3,136,0,,2,2,0,1,(1),(1),2,, -1,1,0,3,80,7,5,1,50,50400,1,1,0,7,D136,49.337358,-1.440931,15,1,1
202100006039,190Â 999,B01,1,1,1,5,8,-1,-1,0,0,-1,2021,38.0,2,2,0,2,1,0,1,,2,57,0,N,2,2,0,1,18,300,1,, -1,2,0,1,80,28,11,1,70,70473,1,1,1,1,N57,47.798051,6.403322,7,3,2
202100016169,172Â 740,C01,1,1,2,5,1,8,-1,-1, -1,-1,2021,32.0,2,2,0,2,4,2,1,,4,DUCLOS (AVENUE JACQUES),0,,2,2,0,1,(1),(1),1,, -1,1,0,1,50,28,9,1,37,37233,2,1,0,4,DUCLOS (AVENUE JACQUES),47.3792844727,0.7223211564,19,4,3
202100016178,172Â 721,A01,1,1,2,1,2,4,-1,-1, -1,-1,2021,26.0,1,1,0,2,5,1,3,,4,TILLION (AVENUE GERMAINE),0,,2,2,1,1,0,0,1,, -1,1,0,1,30,28,9,1,35,35281,2,3,0,3,NICEPHORE NIEPCE (JOSEPH),48.0936,-1.7049,8,2,2
202100045888,119Â 731,A01,10,3,1,0,0,-1,-1,3,3,1,2021,86.0,1,2,0,1,8,19,6,,2,DALADIER (BD EDOUARD),0,,-1,2,0,1,24,500,1,, -1,1,9,1,50,18,3,1,84,84087,2,1,1,6,DALADIER (BD EDOUARD),44.13872,4.80618,14,2,1
202100025628,155Â 876,A01,1,1,1,3,1,8,-1,0,0,-1,2021,70.0,1,2,1,2,2,1,1,,4,AVENUE DE TAILLEBOURG,0,,2,1,0,1,(1),(1),1,, -1,1,0,1,30,4,8,1,75,75111,2,2,0,2,AVENUE DE TAILLEBOURG,48.850287,2.398587,11,2,2
202100036338,136Â 742,A01,10,3,2,9,0,-1,-1,1,3,1,2021,4.0,2,2,0,1,7,1,1,,4,,-1,,2,2,0,1,(1),(1),1,,4,1,0,1,50,5,6,1,45,45278,2,1,0,6,34 Rue du District,47.820816,2.838534,20,2,1
202100049291,113Â 654,B01,1,1,1,0,2,0,-1,-1, -1,-1,2021,20.0,2,1,0,2,0,0,1,,3,VICTOR-HUGO (BD),0,,2,2,0,1,0,1,1,, -1,2,0,1,30,3,3,5,93,93070,2,1,1,4,VICTOR-HUGO (BD),48.9106220516,2.3316326737,22,3,3
202100024389,158Â 088,A01,1,1,1,1,1,-1,-1,0,0,-1,2021,20.0,2,2,6,0,1,13,1,,3,1516,0,,2,2,0,1,6,300,1,, -1,1,0,3,50,14,8,4,38,38029,2,1,0,6,575 Route de Lyon,45.577513,5.520997,3,1,1
202100038301,133Â 183,A01,1,1,1,5,1,8,-1,-1, -1,-1,2021,40.0,1,2,0,2,1,1,1,,1,TVPCD-Sens Les Ports vers Saint Victor,0,,1,2,0,1,1,129,1,, -1,1,1,1,50,23,5,1,13,13202,1,1,0,4,TVPCD-Sens Les Ports vers Saint Victor,43.3012163028,5.3642228888,18,3,3
202100027065,153Â 339,A01,1,1,1,9,1,-1,-1,-1, -1,-1,2021,31.0,1,5,0,0,0,2,1,,7,MONTGERMONT (ROND POINT DE),0,,4,4,0,2,5,910,2,, -1,1,9,1,80,26,7,3,35,35278,1,6,0,6,MONTGERMONT (ROND POINT DE),48.1547540709,-1.7009228468,0,1,1
202100022279,161Â 810,B01,1,1,1,0,2,0,-1,-1, -1,-1,2021,29.0,1,1,0,2,1,1,1,,7,MICHELET (BOULEVARD),0,,2,6,3,2,0,0,1,, -1,1,0,1,50,28,8,5,13,13209,2,1,0,2,MICHELET (BOULEVARD),43.25441,5.40153,0,2,2
202100001899,198Â 402,B01,1,1,1,0,2,6,-1,-1, -1,-1,2021,64.0,2,1,0,2,4,23,1,,3,ROCADE OUEST,0,,2,2,0,1,1,0,1,, -1,1,0,1,80,20,12,1,11,11069,1,1,0,4,ROCADE OUEST,43.213474,2.321456,14,3,3
202100024208,158Â 403,A01,3,2,1,5,1,-1,-1,0,0,-1,2021,51.0,2,2,13,0,1,1,1,,1,19,0,,1,2,0,1,0,485,2,, -1,1,3,2,90,15,8,3,89,89080,1,1,0,6,Autoroute A19,48.270626,3.292294,1,3,1
202100050030,112Â 315,A01,1,1,1,0,2,0,-1,-1, -1,-1,2021,21.0,1,1,0,2,9,26,1,,7,PONT NEUF,0,,2,2,0,1,1,0,1,, -1,1,0,1,50,25,2,5,31,31555,2,1,0,7,PONT NEUF,43.59931,1.43869,21,1,1
202100030533,147Â 181,B01,1,1,2,1,2,6,-1,-1, -1,-1,2021,20.0,2,1,0,2,8,1,1,,4,COTY (AVENUE RENE),0,,2,2,0,1,1,0,1,, -1,1,9,1,50,3,6,2,85,85194,2,7,0,3,COTY (AVENUE RENE),46.4914,-1.75698,17,2,2
202100032183,144Â 231,A01,2,2,1,0,2,6,-1,0,0,-1,2021,27.0,1,1,3,0,8,0,1,,2,7,0,N,1,1,0,1,20,800,3,, -1,1,3,1,50,26,6,1,3,3286,1,1,0,6,RN7,46.52766,3.351645,16,2,1
202100032961,142Â 840,A01,1,1,1,1,1,-1,-1,0,0,-1,2021,49.0,1,2,13,0,1,1,1,,3,12,-1,,2,2,0,1,22,0,1,, -1,1,0,3,80,22,6,3,72,72346,1,1,0,6,la lande de l'ecu,47.867905,0.014119,3,1,1
202100010989,182Â 085,C01,1,1,1,1,0,-1,-1,0,0,-1,2021,31.0,0,1,0,1,1,0,-1,,3,,0,,2,1,0,1,28,250,3,, -1,1,6,8,50,27,10,1,7,7078,2,6,1,6,17 rue des Alpes,45.254511,4.688153,8,2,2
202100050067,112Â 246,B01,1,1,1,0,2,0,-1,-1, -1,-1,2021,62.0,1,1,0,2,8,1,0,,4,ALSACE LORRAINE (R D),0,,1,1,0,1,(1),(1),1,, -1,1,0,1,30,25,2,1,94,94068,2,1,0,3,ALSACE LORRAINE (R D),48.80537707,2.4756927118,16,2,2
202100048030,115Â 889,A01,1,1,1,5,1,0,-1,0,0,-1,2021,43.0,1,2,4,0,1,14,1,,4,ECHANGEUR BERCY,0,,1,2,0,2,(1),(1),3,, -1,2,0,1,50,13,3,5,75,75112,2,1,1,6,ECHANGEUR BERCY,48.8267115795,2.3918280632,20,1,1
202100045837,119Â 820,B01,1,1,1,5,2,6,-1,0,0,-1,2021,33.0,1,1,0,2,1,1,1,,3,16,-1,B,2,2,0,2,(1),460,1,, -1,1,0,1,50,1,4,1,57,57603,2,3,0,3,1 Rue de Saint Exupery,49.4795,5.955618,17,3,2
202100004958,192Â 929,A01,1,1,1,3,1,-1,-1,0,0,-1,2021,46.0,1,2,0,2,1,13,1,,2,20,3,R,3,2,0,1,23,760,1,, -1,2,0,1,80,4,12,1,201,201345,1,1,1,1,RT 20,42.0505721015,8.9375813489,14,2,2
202100051072,110Â 383,B01,1,1,1,1,2,0,-1,-1, -1,-1,2021,20.0,2,1,0,2,1,1,1,,4,DALMAS JEAN (RUE),0,,2,2,0,1,1,0,1,, -1,1,0,1,50,18,2,1,13,13001,2,1,0,3,DALMAS JEAN (RUE),43.53294,5.42812,8,2,2
202100007967,187Â 488,A01,1,1,2,0,8,-1,-1,-1, -1,-1,2021,20.0,2,1,0,1,1,1,3,,4,ST MAURICE                          (R ),0,,-1,1,0,1,(1),(1),1,, -1,1,0,4,50,15,11,2,69,69388,2,1,0,6,ST MAURICE (R),45.74345,4.86788,16,2,1
202100032501,143Â 670,A01,10,3,1,0,0,-1,-1,3,3,1,2021,56.0,1,2,0,1,3,1,1,,7,RASTEGUE (COURS BARTHELEMY),0,,3,2,0,1,0,0,1,, -1,1,0,1,30,23,6,1,13,13005,2,1,0,6,RASTEGUE (COURS BARTHELEMY),43.29264,5.56684,18,2,1
202100031513,145Â 431,A01,2,2,2,5,1,-1,-1,0,0,-1,2021,70.0,2,2,13,0,1,15,1,,3,47,0,,2,2,0,2,3,620,2,, -1,1,0,3,50,14,6,1,73,73326,2,3,0,7,RD 47 Route des Perriers,45.5474111838,5.8745634556,14,2,1
202100019743,166Â 355,A01,1,1,1,1,2,6,-1,-1, -1,-1,2021,27.0,1,1,0,0,0,2,1,,3,BLANQUI (QU),0,,-1,2,0,1,0,0,1,, -1,1,0,1,50,9,9,1,94,94002,2,1,0,7,Quai Blanqui,48.80258,2.41446,16,1,1
202100030223,147Â 741,A01,1,1,2,4,2,6,-1,0,0,-1,2021,58.0,1,1,0,2,8,1,1,,4,AVENUE DE LA GRANDE ARMEE,0,,2,8,0,1,(1),(1),1,, -1,1,0,1,50,7,7,1,75,75117,2,5,0,7,AVENUE DE LA GRANDE ARMEE,48.876206,2.287165,18,1,1
202100007263,188Â 774,B01,1,1,1,9,1,0,-1,-1, -1,-1,2021,28.0,3,2,0,2,3,1,1,,4,CLUZEL (RUE DU),0,,1,1,0,1,(1),(1),1,, -1,1,0,1,50,19,11,5,37,37261,2,2,0,1,CLUZEL (RUE DU),47.3825435525,0.685678599,1,2,2
202100035213,138Â 758,B01,2,2,2,0,8,-1,-1,-1, -1,-1,2021,21.0,1,1,0,2,7,0,5,,4,ALBERT THOMAS                       (CO),0,,2,5,1,1,(1),(1),1,, -1,1,0,1,50,10,6,5,69,69388,2,2,0,3,ALBERT THOMAS (CR),45.74555,4.87121,22,4,2
202100050388,111Â 629,A01,1,1,1,5,2,6,9,0,0,-1,2021,27.0,1,1,16,0,2,1,1,,3,22,-1,A,2,2,0,2,2,600,4,, -1,1,0,1,80,24,2,1,51,51204,1,1,0,7,D22a,49.081916,3.858106,17,1,1
202100011492,181Â 186,B01,2,2,2,5,1,-1,-1,0,0,-1,2021,87.0,1,2,0,2,3,1,1,,2,30,-1,,-1,2,0,2,29,400,2,, -1,1,0,1,80,23,10,1,202,202034,1,1,0,5,RT 30 - Capicciolo,42.640668,9.000823,17,5,3
202100040341,129Â 496,A01,1,1,2,0,2,6,-1,-1, -1,-1,2021,48.0,3,1,0,0,0,21,1,,4,,0,,2,2,0,1,(1),(1),2,, -1,1,0,1,50,11,5,1,45,45338,1,3,0,7,Rue des CamÃ©lias,47.9932030096,2.6784034797,17,1,1
202100020746,164Â 548,A01,1,1,1,5,2,-1,-1,0,0,-1,2021,39.0,0,1,0,0,0,1,1,,3,99,0,D,2,2,0,1,14,20,3,, -1,1,0,8,80,5,9,1,60,60069,1,1,0,7,Rue Bernard Hamelin,49.168039811,2.9290913422,19,1,1
202100025855,155Â 468,A01,10,3,2,3,0,-1,-1,2,3,1,2021,84.0,1,2,0,1,2,1,1,,3,520,0,E,2,2,0,2,0,80,1,, -1,1,0,1,30,27,3,1,38,38565,2,1,0,6,Avenue Henri Chapays,45.29812,5.635718,14,2,1
202100042165,126Â 254,A01,1,1,1,1,1,0,-1,-1, -1,-1,2021,51.0,2,2,2,0,3,13,1,,2,RN 10,0,,1,2,0,1,30,780,1,, -1,1,0,1,110,17,4,3,78,78486,1,1,0,6,RN 10,48.67919,1.84152,23,1,1
202100019492,166Â 792,B01,2,2,2,5,1,0,-1,-1, -1,-1,2021,26.0,1,2,0,2,4,1,1,,2,PORTE ALMA,0,,3,4,0,1,43,450,1,, -1,1,9,1,50,11,9,1,35,35238,2,1,0,2,PORTE ALMA,48.080492,-1.67499,12,4,2
202100056200,101Â 437,A01,1,1,1,4,0,-1,-1,0,0,-1,2021,60.0,3,4,13,0,3,1,1,,3,957,-1,,2,2,0,1,(1),(1),1,, -1,2,0,3,80,6,1,1,58,58193,1,1,1,6,D957,47.528662,2.884662,13,1,1
202100037760,134Â 168,A01,10,3,2,0,0,-1,-1,3,3,1,2021,64.0,3,2,0,1,8,15,1,,4,HALLES CENTRALES (PLACE DES),0,,1,1,0,1,(1),(1),1,, -1,1,0,1,30,27,5,1,76,76351,2,3,0,6,HALLES CENTRALES (PLACE DES),49.4908,0.1051,16,2,1
202100022527,161Â 365,B01,1,1,1,5,0,-1,-1,0,0,-1,2021,58.0,3,1,0,2,8,15,5,,4,,0,,2,2,0,1,(1),(1),1,,6,1,0,1,50,27,8,2,54,54157,2,1,0,3,3 Rue Serge Mangon,48.839115,6.057869,6,2,2
202100046376,118Â 874,A01,1,1,1,2,8,0,-1,0,0,-1,2021,20.0,1,1,0,0,0,26,3,,4,RUE DE LA CONVENTION,0,,2,2,0,1,(1),(1),1,, -1,1,0,1,50,26,3,1,75,75115,2,1,0,7,RUE DE LA CONVENTION,48.839573,2.29125,8,1,1
202100055621,102Â 425,A01,1,1,2,1,1,-1,-1,0,0,-1,2021,27.0,2,2,0,0,7,1,1,,3,102,-1,,2,2,0,1,3,403,3,, -1,7,0,3,80,11,1,2,2,2582,1,1,1,7,D102,49.424099,3.709761,8,1,1
202100001799,198Â 584,A01,1,1,1,1,1,9,-1,0,0,-1,2021,29.0,2,2,2,0,2,1,1,,1,26,-1,A,3,4,0,1,257,300,1,, -1,1,0,3,130,23,12,1,51,51454,1,1,0,7,A26,49.2932296651,3.9915293455,12,1,1
202100029271,149Â 440,A01,2,2,1,9,8,0,-1,-1, -1,-1,2021,23.0,3,1,0,1,1,19,1,,4,CHEMIN NEUF,0,,1,1,0,1,(1),(1),1,, -1,1,0,1,50,11,7,1,971,97120,1,1,0,1,CHEMIN NEUF,16.23288,-61.5326,6,4,2
202100031364,145Â 685,A01,1,1,2,1,1,-1,-1,0,0,-1,2021,44.0,1,2,0,2,1,15,1,,3,53,0,,2,2,0,1,5,925,1,,4,1,0,1,80,2,7,1,38,38519,1,3,0,1,D53,45.596575,5.059606,17,3,2
202100020879,164Â 328,A01,1,1,1,5,1,0,-1,0,0,-1,2021,91.0,1,2,0,2,3,11,1,,4,PORTE MAILLOT,0,,1,2,0,1,(1),(1),2,, -1,1,1,1,50,4,9,1,75,75116,2,4,0,3,ECHANGEUR MAILLOT,48.877829,2.279689,13,2,2
202100055819,102Â 096,A01,1,1,1,2,8,0,-1,-1, -1,-1,2021,18.0,2,1,0,2,3,19,5,,4,KLEBER (RUE),0,,2,2,0,1,(1),(1),1,, -1,2,0,1,50,8,1,2,10,10387,2,2,0,3,KLEBER (RUE),48.30326,4.08529,7,2,2
202100031703,145Â 089,B01,1,1,2,0,1,0,-1,-1, -1,-1,2021,60.0,2,2,3,2,4,0,1,,1,VA007554 LASBORDES A61 Sortie 17,0,,1,6,0,1,234,839,1,, -1,1,0,1,90,28,6,1,31,31044,1,1,0,5,VA007554 LASBORDES A61 Sortie 17,43.59431,1.49363,18,5,3
202100009315,185Â 053,A01,10,3,2,0,0,-1,-1,2,3,1,2021,28.0,1,2,0,1,2,19,1,,4,ALESIA (RUE D'),0,,-1,0,0,1,0,0,1,, -1,1,9,8,50,5,11,5,93,93005,2,2,0,6,ALESIA (RUE D'),48.9254886052,2.5031772064,20,2,1
202100034707,139Â 686,A01,1,1,1,1,1,-1,-1,0,0,-1,2021,41.0,1,2,0,2,1,1,1,,3,913,0,D,2,2,0,2,11,900,2,, -1,1,0,1,80,14,6,1,76,76401,1,1,0,1,D913 - PK 11890,49.43522,0.79137,6,2,2
202100032537,143Â 611,A01,10,3,1,2,0,-1,-1,1,3,1,2021,15.0,1,2,0,1,3,21,1,,4,COURBEVOIE RUE DE,0,,1,1,0,1,0,0,1,, -1,1,0,1,30,24,6,1,92,92050,2,1,0,6,COURBEVOIE RUE DE,48.8936372436,2.2065579387,12,2,1
202100016831,171Â 533,A01,10,3,2,5,0,-1,-1,3,3,1,2021,85.0,1,2,0,1,0,0,1,,4,8 MAI 1945 (AVENUE DU),0,,3,2,0,1,0,0,1,, -1,1,0,1,50,24,9,1,83,83062,2,1,0,6,8 MAI 1945 (AVENUE DU),43.12332,6.00465,10,2,1
202100014782,175Â 286,A01,10,3,1,5,0,-1,-1,4,5,1,2021,20.0,1,2,0,1,3,1,1,,4,GENERAL KOENIG (QUAI DU),0,,2,4,1,1,0,0,1,, -1,2,0,1,50,5,10,1,67,67482,2,1,1,6,GENERAL KOENIG (QUAI DU),48.5753,7.75488,17,2,1
202100026665,154Â 045,A01,3,2,2,0,1,-1,-1,-1, -1,-1,2021,16.0,1,2,9,0,1,1,1,,3,FUSILLES (AV. DES),0,,2,2,1,1,10,900,2,, -1,1,0,1,70,28,7,1,33,33529,1,1,0,6,,44.54305,-1.16019,13,2,1
202100023816,159Â 053,A01,2,2,1,5,1,-1,-1,0,0,-1,2021,22.0,3,2,2,0,7,1,1,,4,,-1,,2,2,0,1,(1),(1),2,,"3,5",1,0,3,80,18,8,3,81,81215,1,1,0,6,Route de Sainte-CÃ©cile,43.788302,1.916787,0,2,1
202100042697,125Â 312,A01,3,2,2,5,3,0,-1,0,0,-1,2021,7.0,1,2,1,0,1,14,1,,4,RUE MANIN,0,,2,2,0,1,(1),(1),1,, -1,1,0,1,50,24,4,1,75,75119,2,4,0,6,RUE MANIN,48.884735,2.392201,13,2,1
202100042156,126Â 271,A01,1,1,2,1,1,0,-1,-1, -1,-1,2021,39.0,1,2,0,2,4,26,1,,2,FrÃ©dÃ©ric JALTON,0,,2,2,0,1,0,0,1,, -1,1,0,1,50,28,4,1,971,97101,2,1,0,2,FrÃ©dÃ©ric JALTON,16.27744,-61.50019,9,2,2
202100026227,154Â 820,A01,1,1,1,5,2,6,-1,0,0,-1,2021,47.0,1,1,0,0,0,1,1,,3,900,0,,2,2,0,2,115,0,2,, -1,1,0,1,80,1,8,1,4,4100,1,1,0,7,RD 900,44.435971,6.872141,17,2,1
202100001840,198Â 509,A01,10,3,1,5,0,-1,-1,4,3,1,2021,20.0,1,2,0,1,3,1,1,,3,DELATTRE DE TASSIGNY (RUE),0,,2,2,0,1,17,550,1,, -1,1,0,1,50,20,12,5,95,95388,2,3,0,6,RD 81,49.0280436649,1.9879460335,19,2,1
202100034139,140Â 741,B01,1,1,2,5,1,-1,-1,0,0,-1,2021,27.0,1,2,0,2,8,1,1,,3,981,-1,,2,2,0,1,34,900,1,, -1,1,0,1,80,14,6,1,71,71498,1,1,0,3,D981,46.622587283,4.6829202015,17,2,2