Num_Acc,id_vehicule,num_veh,place,catu,sexe,trajet,secu1,secu2,secu3,locp,actp,etatp,year_acc,victim_age,senc,catv,obs,obsm,choc,manv,motor,occutc,catr,voie,v1,v2,circ,nbv,vosp,prof,pr,pr1,plan,lartpc,larrout,surf,infra,situ,vma,jour,mois,lum,dep,com,agg_,int,atm,col,adr,lat,long,hour,nb_victim,nb_vehicules
202100036819,135Â 888,A01,1,1,1,5,2,6,-1,-1, -1,-1,2021,70.0,2,1,0,2,0,1,1,,4,MARCHE D'IN (AVENUE),0,,3,4,0,1,(1),(1),1,, -1,2,0,1,50,1,6,1,13,13214,1,1,1,2,MARCHE D'IN (AVENUE),43.3397,5.37967,19,2,2
202100002322,197Â 641,B01,1,1,1,0,1,-1,-1,0,0,-1,2021,31.0,1,2,0,2,7,1,0,,1,89,-1,,3,4,0,1,538,0,1,, -1,1,3,1,110,19,12,3,69,69112,1,1,1,3,A89 - PK 538.000,45.82216,4.688201,19,5,2
202100028240,151Â 214,A01,10,3,2,5,0,-1,-1,1,3,1,2021,11.0,2,2,0,1,1,1,1,,4,,0,,2,2,0,1,(1),(1),1,,"3,5",1,0,1,50,20,7,1,37,37110,2,1,0,6,24 Rue de l Europe,47.3079039005,1.0750368924,12,2,1
202100027009,153Â 439,A01,1,1,1,5,0,-1,-1,0,0,-1,2021,36.0,1,5,0,2,1,5,1,,3,81,-1,,2,2,0,2,10,50,3,, -1,1,0,1,80,26,7,2,85,85210,1,1,0,1,La Grande Villeneuve,46.843785,-1.622586,20,3,2
202100044039,122Â 957,A01,4,2,2,5,1,0,-1,0,0,-1,2021,21.0,1,2,4,0,1,14,1,,4,PORTE DE VINCENNES,0,,1,4,0,1,31,900,1,, -1,1,2,1,70,14,4,1,75,75112,2,1,0,6,PORTE DE VINCENNES,48.846484,2.414571,15,3,1
202100026676,154Â 022,B01,1,1,1,5,1,0,-1,0,0,-1,2021,65.0,1,2,0,2,8,1,1,,4,PORTE DE VINCENNES,0,,1,4,0,1,32,0,1,, -1,1,0,1,70,25,7,3,75,75112,2,7,0,1,PORTE DE VINCENNES,48.845831,2.414209,22,3,2
202100048756,114Â 615,A01,10,3,1,5,0,-1,-1,4,3,1,2021,28.0,2,2,0,1,3,15,1,,3,6015,-1,,2,2,1,1,49,590,1,, -1,1,5,1,50,9,3,1,76,76758,2,4,0,6,12 Avenue du Marechal Foch,49.61834,0.74691,8,2,1
202100006322,190Â 486,A01,2,2,1,5,1,-1,-1,0,0,-1,2021,13.0,1,2,4,0,1,1,1,,1,57,-1,,1,2,0,1,18,700,1,, -1,2,0,1,110,25,11,3,83,83049,1,1,1,6,A57,43.23301,6.082306,19,3,1
202100036013,137Â 315,B01,1,1,1,1,2,6,9,0,0,-1,2021,28.0,2,1,0,2,2,1,1,,3,6086,-1,,2,2,0,1,(1),(1),1,, -1,1,0,1,50,7,6,1,30,30212,2,3,0,3,13 Avenue du Pont-du-Gard,43.936,4.5566,7,2,2
202100014962,174Â 959,B01,1,1,2,1,1,-1,-1,-1, -1,-1,2021,21.0,1,2,0,2,4,23,1,,4,,0,,2,2,1,1,(1),(1),1,, -1,2,0,1,50,5,10,1,69,69389,2,1,1,2,PAUL SEDAILLIAN (Q),45.79293,4.82119,15,2,2
202100024300,158Â 235,C01,1,1,2,0,1,0,-1,0,0,-1,2021,50.0,2,2,0,2,3,1,1,,3,Route de PLASCASSIER,0,,2,2,0,2,16,350,2,, -1,1,0,1,50,13,8,2,6,6069,1,1,0,5,Route de PLASCASSIER,43.64108,6.970875,21,6,4
202100043023,124Â 771,A01,10,3,1,0,0,-1,-1,4,3,1,2021,33.0,1,2,0,1,7,1,1,,4,LOBAU (BOULEVARD),0,,2,4,0,1,(1),(1),1,, -1,1,0,1,50,22,4,1,54,54395,2,1,0,6,LOBAU (BOULEVARD),48.68165,6.19768,11,2,1
202100005839,191Â 356,B01,1,1,1,4,1,-1,-1,-1, -1,-1,2021,25.0,1,2,0,2,4,2,1,,7,RD383   11.750 A 14.250,0,,3,8,0,1,13,800,1,, -1,2,0,1,70,27,11,5,69,69259,1,1,1,2,RD383  11.750 A 14.250,45.71746,4.85955,4,4,2
202100006259,190Â 608,C01,2,2,2,2,1,-1,-1,-1, -1,-1,2021,22.0,1,2,0,0,4,1,1,,3,PONT L'ABBE ROUTE DE,0,,3,4,0,1,0,0,1,, -1,1,0,1,90,25,11,1,29,29232,1,1,0,4,D785 - Route de Pont lâAbbe,47.97773,-4.13121,8,5,4
202100002864,196Â 658,A01,1,1,1,0,8,-1,-1,0,0,-1,2021,29.0,2,2,0,2,1,13,1,,3,900,-1,,2,2,0,2,35,0,3,, -1,7,0,1,80,16,12,2,84,84047,1,1,0,5,D900,43.866868,5.317984,8,4,3
202100042264,126Â 083,B01,1,1,1,1,0,-1,-1,0,0,-1,2021,18.0,2,1,0,2,2,26,5,,3,968,0,R,2,2,0,1,56,380,1,, -1,2,9,8,30,29,4,1,81,81099,2,7,1,3,Intersection place de la libÃ©ration - D 988,43.899918,1.898553,8,2,2
202100011554,181Â 067,A01,10,3,2,2,0,-1,-1,2,3,2,2021,11.0,3,2,0,1,2,1,1,,4,RENAN. RUE ERNEST,0,,2,2,3,1,0,0,1,, -1,1,0,1,50,22,10,5,76,76575,2,2,0,6,RENAN. RUE ERNEST,49.398526,1.07414,7,2,1
202100013274,178Â 015,A01,10,3,1,0,0,-1,-1,2,3,1,2021,25.0,1,2,0,1,1,1,1,,4,HUGO (CRS VICTOR) (1-139) IMPAIRS,0,,2,4,3,2,(1),(1),1,, -1,1,0,1,50,13,10,1,33,33063,2,1,0,6,Cours Victor Hugo,44.83584,-0.56753,18,2,1
202100032503,143Â 667,A01,1,1,1,0,1,8,-1,-1, -1,-1,2021,27.0,3,2,0,9,3,17,1,,4,GEORGES POMPIDOU (RUE),0,,1,2,0,1,(1),(1),1,, -1,1,5,8,50,23,6,5,10,10387,2,1,0,6,GEORGES POMPIDOU (RUE),48.29641,4.09432,23,1,1
202100033217,142Â 388,A01,1,1,2,5,2,0,-1,0,0,-1,2021,75.0,1,1,12,0,2,14,5,,4,PLACE DE LA CONCORDE,0,,2,8,1,1,(1),(1),1,, -1,1,0,5,50,15,6,1,75,75108,2,7,0,6,PLACE DE LA CONCORDE,48.864143,2.3204,12,1,1
202100005992,191Â 087,A01,10,3,2,5,0,-1,-1,5,1,1,2021,80.0,2,1,0,1,8,25,3,,4,AVENUE DE MALAKOFF,0,,2,2,0,1,(1),(1),1,, -1,2,0,4,30,27,11,1,75,75116,2,2,0,6,AVENUE DE MALAKOFF,48.875087,2.283977,10,2,1
202100042878,125Â 024,A01,9,2,2,9,8,0,-1,-1, -1,-1,2021,32.0,3,3,0,2,3,1,1,3.0,4,CARNOT (QUAI SADI),0,,2,2,0,1,(1),(1),1,, -1,1,0,1,50,22,4,1,37,37208,2,3,0,6,CARNOT (QUAI SADI),47.3677630603,0.7229089737,9,4,2
202100042122,126Â 338,A01,1,1,1,1,2,6,-1,0,0,-1,2021,20.0,1,1,0,2,1,17,1,,3,936,-1,,2,2,0,1,25,800,3,, -1,1,0,1,80,30,4,1,78,78601,1,1,0,1,d 936,48.580767,1.872643,8,2,2
202100006580,190Â 035,A01,1,1,1,5,2,0,-1,-1, -1,-1,2021,31.0,1,1,12,0,7,18,1,,3,LATTRE-DE-TASSIGNY (AVENUE DU MARECHAL),0,,2,4,0,1,0,0,1,, -1,1,0,1,50,22,11,5,87,87085,2,3,0,7,LATTRE-DE-TASSIGNY (AVENUE DU MARECHAL),45.8256,1.27883,19,1,1
202100040059,129Â 992,A01,1,1,1,9,2,6,-1,-1, -1,-1,2021,21.0,1,1,0,0,0,21,1,,7,PLOMBIERES (BOULEVARD DES),0,,-1,2,0,1,1,200,1,, -1,1,0,1,50,13,5,5,13,13203,2,1,0,7,PLOMBIERES (BOULEVARD DES),43.3166,5.3822,21,1,1
202100047006,117Â 754,A01,1,1,1,4,1,0,-1,-1, -1,-1,2021,30.0,1,4,0,0,9,1,1,,1,BDL,0,,3,4,0,2,0,379,2,, -1,1,2,1,50,23,3,1,93,93027,1,1,0,7,BDL,48.92696,2.40339,16,1,1
202100055746,102Â 217,B01,1,1,1,9,2,0,-1,-1, -1,-1,2021,28.0,3,1,0,2,2,1,1,,4,FERNAND GUILLON (BOULEVARD),0,,2,2,0,1,0,0,1,, -1,1,0,1,50,8,1,1,972,97213,2,1,0,3,FERNAND GUILLON (BOULEVARD),14.61637,-60.99767,13,2,2
202100006788,189Â 650,B01,1,1,1,3,2,6,-1,-1, -1,-1,2021,70.0,1,1,0,2,3,1,1,,1,A55-Sens Marseille vers Martigues,0,,1,2,0,1,3,500,1,, -1,1,0,1,90,23,11,1,13,13215,1,1,0,3,A55-Sens Marseille vers Martigues,43.32836,5.3573,14,2,2
202100012794,178Â 851,B01,3,2,1,0,1,0,-1,-1, -1,-1,2021,11.0,1,2,3,2,1,1,1,,1,AUTOROUTE A86,0,,3,3,0,1,27,500,1,, -1,1,0,1,90,17,10,1,93,93064,1,1,0,2,AUTOROUTE A86,48.87365,2.47956,8,3,2
202100030833,146Â 649,A01,2,2,1,5,8,0,-1,-1, -1,-1,2021,29.0,2,2,6,0,3,1,1,,4,EDGAR QUINET,0,,2,2,0,1,(1),(1),1,, -1,1,0,4,50,4,7,5,62,62193,2,1,0,6,EDGAR QUINET,50.947439,1.843425,2,2,1
202100022282,161Â 805,A01,1,1,1,9,2,8,-1,-1, -1,-1,2021,21.0,3,1,0,2,0,0,1,,4,CLARY (RUE),0,,-1,2,0,1,0,0,1,, -1,1,0,1,30,26,8,1,13,13203,2,2,0,3,CLARY (RUE),43.30925,5.37228,9,3,2
202100011473,181Â 219,A01,10,3,1,5,0,-1,-1,6,2,1,2021,49.0,1,2,5,1,1,1,1,,3,12,0,,2,2,0,1,10,700,3,, -1,1,0,3,50,23,10,5,54,54189,2,1,0,6,Rue du Saintois,48.465452134,5.9526371951,20,2,1
202100016948,171Â 330,C01,1,1,2,1,1,0,-1,-1, -1,-1,2021,27.0,1,2,0,2,1,1,1,,1,24 EMPALOT  (PERIPH OUEST A620),0,,1,4,0,1,12,171,1,, -1,1,2,1,90,24,9,1,31,31555,1,1,0,5,24 EMPALOT  (PERIPH OUEST A620),43.57057,1.4328,15,3,3
202100051538,109Â 574,B01,1,1,2,2,1,-1,-1,0,0,-1,2021,50.0,2,2,0,2,3,1,1,,3,964,0,D,2,2,0,1,50,800,3,, -1,1,0,1,30,15,2,1,55,55054,1,1,0,6,D964,48.871209,5.524065,9,3,2
202100003436,195Â 613,B01,1,1,2,1,8,0,-1,0,0,-1,2021,51.0,1,0,0,2,8,1,3,,4,BOULEVARD DE MENILMONTANT,0,,2,3,1,1,(1),(1),1,, -1,1,-1,5,30,11,12,2,75,75120,2,7,0,3,BOULEVARD DE MENILMONTANT,48.862935,2.387526,7,2,2
202100051054,110Â 416,B01,1,1,1,3,2,6,-1,-1, -1,-1,2021,26.0,1,1,0,2,3,1,1,,3,DE GAULLE (BOULEVARD CHARLES),0,,2,3,3,1,6,500,1,, -1,1,0,1,50,18,2,1,42,42071,1,2,0,3,Boulevard Charles de Gaulle,46.00902,4.09783,10,2,2
202100029735,148Â 640,A01,10,3,2,2,0,-1,-1,4,3,2,2021,30.0,2,2,0,1,1,1,1,,3,CHARLES GIDE (AV),0,,2,2,0,1,1,0,1,, -1,1,0,1,50,7,5,1,94,94043,2,1,0,6,CHARLES GIDE (AV),48.8068,2.35116,16,3,1
202100023612,159Â 419,B01,1,1,1,9,2,0,-1,0,0,-1,2021,49.0,1,1,0,2,0,1,5,,4,RUE DE LA CHAPELLE,0,,2,4,3,1,(1),(1),1,, -1,1,0,6,50,18,8,1,75,75118,2,3,0,3,RUE DE LA CHAPELLE,48.8964241853,2.3592988802,11,2,2
202100036728,136Â 060,A01,1,1,1,5,1,-1,-1,0,0,-1,2021,27.0,1,2,0,2,1,13,1,,3,24,-1,,2,2,0,1,7,700,1,, -1,1,0,1,80,2,6,2,17,17086,1,1,0,1,Route des Labours,45.725318,-0.574085,21,2,2
202100002421,197Â 450,B01,10,3,1,0,0,-1,-1,4,3,1,2021,78.0,1,5,0,1,2,0,1,,7,DODIN (AVENUE ROGER),0,,-1,2,0,1,23,450,1,, -1,1,0,1,30,17,12,2,35,35281,1,9,0,6,DODIN (AVENUE ROGER),48.090926,-1.704723,10,2,1
202100037341,134Â 920,A01,1,1,1,3,1,-1,-1,0,0,-1,2021,58.0,1,2,2,0,1,14,1,,3,468,-1,,2,2,0,1,11,200,1,, -1,1,0,3,80,31,5,1,39,39128,1,1,0,6,,46.978393,5.377164,8,1,1
202100042138,126Â 307,A01,1,1,2,0,1,0,-1,-1, -1,-1,2021,30.0,1,2,0,2,7,1,1,,1,A7-Sens Lyon vers Marseille,0,,1,3,0,1,267,0,3,, -1,2,0,3,110,29,4,1,13,13071,1,1,1,7,A7-Sens Lyon vers Marseille,43.40351,5.30841,11,1,1
202100038461,132Â 897,A01,1,1,2,0,8,-1,-1,0,0,-1,2021,35.0,2,2,2,0,7,1,1,,3,906,-1,,2,2,0,3,46,300,3,, -1,2,0,3,70,26,5,1,78,78557,1,1,0,6,61 Route de Rambouillet,48.617029,1.729221,18,1,1
202100036151,137Â 067,A01,1,1,1,5,2,6,9,0,0,-1,2021,40.0,0,1,2,0,1,0,1,,9,,-1,,-1,1,0,1,(1),(1),1,, -1,9,0,8,-1,6,6,3,60,60509,1,1,0,6,Route de la Croix Frapotel (Chemin),49.281746,2.615656,22,1,1
202100048402,115Â 239,B01,1,1,1,0,1,0,-1,-1, -1,-1,2021,54.0,2,2,0,2,3,0,1,,3,CD 26,0,,2,2,0,1,15,961,1,, -1,1,0,1,70,10,3,1,57,57240,1,1,0,1,CD 26,49.15358,6.78702,10,2,2
202100051476,109Â 691,A01,1,1,1,1,1,-1,-1,0,0,-1,2021,48.0,1,2,16,0,1,1,1,,3,987,-1,,2,2,0,1,43,300,2,, -1,1,0,3,90,16,2,3,48,48132,1,1,0,7,d987,44.792678,3.391782,1,1,1
202100026881,153Â 668,C01,1,1,1,5,2,6,9,0,0,-1,2021,34.0,1,1,0,2,1,5,1,,3,731,0,D,2,2,0,2,11,210,3,, -1,1,0,1,50,27,7,1,64,64057,1,2,0,5,Carrefour D31 / D731,43.464063,-0.619193,15,4,3
202100003643,195Â 240,A01,1,1,1,9,8,0,-1,-1, -1,-1,2021,19.0,1,1,0,2,1,26,5,,4,BESSONEAU,0,,2,2,0,1,1,0,1,, -1,2,0,1,50,9,12,5,49,49007,2,1,0,3,Boulevard de la RÃ©sistance et de la DÃ©portation,47.47127,-0.54717,22,2,2
202100024108,158Â 566,A01,10,3,2,5,0,-1,-1,1,3,2,2021,53.0,1,2,0,1,3,15,1,,4,PELTIER RUE DU DOCTEUR,0,,2,2,0,1,(1),(1),2,, -1,1,6,1,30,14,8,5,17,17299,2,2,0,6,PELTIER RUE DU DOCTEUR,45.935845,-0.964446,22,2,1
202100040347,129Â 485,A01,2,2,2,5,2,6,-1,-1, -1,-1,2021,14.0,2,1,0,2,7,21,1,,3,ROUGET DE LISLE,0,,2,2,0,1,0,0,1,, -1,1,0,1,50,11,5,1,32,32013,2,1,0,2,ROUGET DE LISLE,43.64562,0.59105,15,3,2
202100028385,150Â 974,A01,1,1,1,5,1,-1,-1,0,0,-1,2021,38.0,1,2,2,0,1,1,1,,3,15,2,B,2,2,0,1,19,500,1,, -1,1,0,3,80,18,7,1,70,70493,1,1,0,6,D15b,47.402023,6.0511493,19,1,1
202100045258,120Â 824,B01,1,1,2,9,1,0,-1,-1, -1,-1,2021,74.0,0,2,0,2,1,1,1,,4,"""EUGENE LEMOINE (AVENUE """"COTE IMPAIRS""""",0,,2,2,0,1,0,0,1,, -1,1,0,1,50,3,4,1,93,93007,2,1,0,1,Avenue EugÃ¨ne le Moign,48.9281802098,2.4681498749,16,2,2
202100038088,133Â 582,A01,9,2,2,5,8,-1,-1,0,0,-1,2021,18.0,2,2,2,0,6,13,1,,3,389,-1,,2,2,0,2,1,800,2,, -1,2,0,3,80,27,5,2,25,25413,1,1,0,6,D389,46.690944,6.185035,8,4,1
202100003221,196Â 013,A01,1,1,1,0,1,0,-1,-1, -1,-1,2021,22.0,1,2,4,0,2,0,1,,2,RN 118,0,,1,2,0,2,1,590,2,, -1,2,0,1,90,12,12,3,91,91064,1,1,0,7,RN 118,48.749738,2.220804,23,1,1
202100017943,169Â 553,A01,1,1,1,9,0,-1,-1,0,0,-1,2021,29.0,1,1,0,2,8,1,3,,3,27,-1,,2,2,0,2,12,250,1,, -1,1,0,1,50,20,9,1,13,13011,2,1,0,1,departementale 27,43.740503,4.789824,17,3,2
202100001556,199Â 028,A01,5,2,2,5,1,-1,-1,0,0,-1,2021,52.0,2,2,1,2,3,1,1,,3,930,-1,,2,2,0,1,23,640,1,, -1,2,5,1,80,26,12,3,80,80185,1,2,1,3,D930,49.715309,2.839634,19,6,2
202100005320,192Â 279,A01,2,2,2,1,1,0,-1,-1, -1,-1,2021,25.0,2,5,0,2,1,1,1,,4,MITTERAND (MAIL FRANCOIS),0,,3,3,3,1,(1),(1),1,, -1,2,0,1,50,30,11,2,35,35238,2,1,1,2,MITTERAND (MAIL FRANCOIS),48.1100771549,-1.6862627417,8,3,2
202100015952,173Â 153,A01,1,1,1,1,2,0,-1,0,0,-1,2021,36.0,2,1,0,2,1,17,1,,4,AVENUE PHILIPPE AUGUSTE,0,,2,2,0,1,(1),(1),1,, -1,1,0,1,30,30,9,1,75,75111,2,1,0,3,AVENUE PHILIPPE AUGUSTE,48.854169,2.392334,9,2,2
202100036597,136Â 286,C01,1,1,2,3,8,0,-1,-1, -1,-1,2021,34.0,2,1,0,0,0,1,3,,3,,0,,2,2,1,1,(1),(1),1,, -1,1,0,5,50,2,6,1,71,71270,2,1,0,4,Avenue Charles de Gaulle,46.3147708404,4.8362453096,10,3,3
202100000852,200Â 214,A01,10,3,1,0,0,-1,-1,4,5,1,2021,14.0,3,2,0,1,1,1,1,,4,ESTEREL USINE DES EAUX,0,,2,2,0,1,0,0,1,, -1,2,0,1,50,29,12,1,72,72181,2,1,0,6,ESTEREL USINE DES EAUX,47.99446,0.23442,11,2,1
202100032700,143Â 317,B01,1,1,2,5,2,0,-1,0,0,-1,2021,49.0,1,0,0,2,1,1,3,,4,RUE DE L ABBE GROULT,0,,2,2,0,1,(1),(1),1,, -1,1,0,1,30,23,6,1,75,75115,2,2,0,3,RUE DE L ABBE GROULT,48.83718,2.300139,20,2,2
202100039760,130Â 513,A01,10,3,1,5,0,-1,-1,1,3,1,2021,26.0,2,2,0,1,2,1,1,,1,8,-1,,3,5,0,1,18,900,3,, -1,2,0,1,90,16,5,3,13,13001,1,9,1,6,A8,43.513102,5.437868,2,2,1
202100011508,181Â 152,A01,1,1,1,1,2,0,-1,-1, -1,-1,2021,62.0,2,1,14,0,1,1,1,,1,A50-Sens Marseille vers Aubagne,0,,-1,3,0,1,10,500,1,, -1,1,0,1,90,18,10,2,13,13070,1,1,0,6,A50-Sens Marseille vers Aubagne,43.2855957891,5.5130041665,7,1,1
202100029132,149Â 679,B01,1,1,1,5,1,-1,-1,-1, -1,-1,2021,76.0,1,2,0,2,1,1,1,,4,BREILLOU (RUE DU),0,,2,2,0,1,(1),(1),1,, -1,1,0,1,50,13,7,1,35,35055,2,6,0,1,BREILLOU (RUE DU),48.09858,-1.62145,16,2,2
202100038462,132Â 895,B01,1,1,2,1,1,-1,-1,0,0,-1,2021,38.0,2,2,0,0,4,1,1,,3,81,-1,,2,2,0,1,221,800,1,, -1,1,0,1,80,26,5,1,202,202205,1,1,0,2,Patrimonio,42.698318,9.35739,8,2,2
202100045213,120Â 913,B01,1,1,2,1,2,6,-1,-1, -1,-1,2021,29.0,2,1,0,2,6,18,1,,4,MARECHAL FOCH (DU)                  (AV),0,,2,2,2,1,(1),(1),1,, -1,1,0,1,50,1,4,1,69,69202,2,1,0,3,MARECHAL FOCH (DU) (AV),45.74914,4.79645,8,2,2
202100048216,115Â 568,A01,1,1,1,5,1,0,-1,-1,0,-1,2021,23.0,2,2,0,2,1,1,1,,2,RN 104,0,,3,4,0,1,23,0,1,, -1,1,0,1,110,13,3,1,95,95351,1,1,0,2,RN 104,49.02797,2.50546,13,2,2
202100038922,132Â 060,B01,10,3,1,0,0,-1,-1,4,3,1,2021,35.0,2,1,0,1,1,1,5,,4,LIBERTE (BD DE LA),0,,2,2,2,1,(1),(1),1,, -1,1,5,1,50,18,5,1,35,35238,2,2,0,6,LIBERTE (BD DE LA),48.10792,-1.68214,12,2,1
202100026683,154Â 012,A01,10,3,1,5,0,-1,-1,3,3,1,2021,64.0,2,1,0,1,1,1,3,,4,RUE BAUDRICOURT,0,,1,1,0,1,(1),(1),1,, -1,1,8,1,30,28,7,1,75,75113,2,1,0,6,RUE BAUDRICOURT,48.825764,2.362983,20,2,1
202100056261,101Â 331,B01,1,1,2,2,1,8,-1,-1, -1,-1,2021,20.0,1,2,0,2,4,16,1,,4,TANNEURS (RUE DES),0,,3,3,2,1,(1),(1),1,, -1,2,5,1,50,4,1,1,37,37261,2,6,1,2,TANNEURS (RUE DES),47.3954868367,0.6773672971,9,2,2
202100042332,125Â 956,A01,1,1,1,0,2,6,-1,-1, -1,-1,2021,38.0,2,1,0,2,8,13,1,,3,ARISTIDE BRIAND (RUE),0,,2,2,0,1,0,0,2,, -1,1,0,1,50,26,4,1,10,10343,2,1,0,3,ARISTIDE BRIAND (RUE),48.26879,4.10619,18,2,2
202100014671,175Â 488,A01,10,3,1,0,0,-1,-1,3,3,1,2021,71.0,3,2,0,1,3,1,1,,3,941,0,D,2,2,0,1,(1),(1),1,, -1,1,9,1,50,8,10,1,87,87154,2,1,0,1,Avenue d Oradour-sur-Glane,45.894787,0.911114,10,2,1
202100004646,193Â 465,A01,1,1,1,5,1,0,-1,-1, -1,-1,2021,21.0,1,2,3,0,1,9,1,,1,A86 EXT,0,,3,2,0,1,39,0,1,, -1,2,3,1,70,5,12,5,94,94028,1,1,1,7,A86 EXT,48.7916244865,2.4409925938,3,1,1
202100047988,115Â 962,A01,1,1,1,0,8,-1,-1,0,0,-1,2021,38.0,2,2,6,0,0,13,1,,3,27,0,,2,2,0,2,17,550,2,, -1,1,0,4,50,16,3,1,14,14494,2,1,0,6,D27,49.256252,-0.081478,13,1,1
202100032832,143Â 091,B01,1,1,1,0,1,0,-1,-1, -1,-1,2021,48.0,2,2,0,2,6,1,1,,7,SALINS ( ROUTE DES VIEUX),0,,2,2,0,1,41,350,1,, -1,2,0,1,70,20,6,1,83,83069,1,1,1,5,SALINS ( ROUTE DES VIEUX),43.1209867891,6.1859464645,12,6,3
202100039068,131Â 803,A01,1,1,2,1,1,0,-1,-1, -1,-1,2021,49.0,1,2,8,0,1,14,1,,4,DE BONNIER (ROUTE),0,,2,2,0,1,(1),(1),2,, -1,1,0,1,50,20,5,1,971,97101,1,2,0,7,AMEDEE CLOTILDE - CARAQUE (RUE),16.25457,-61.48802,11,1,1
202100053661,105Â 817,A01,1,1,1,4,1,-1,-1,0,0,-1,2021,30.0,2,2,0,2,3,13,1,,3,981,0,,2,2,0,1,24,100,1,, -1,2,0,1,70,27,1,1,58,58118,1,1,1,1,Les Cours Garnet,46.823046,3.704624,11,2,2
202100034668,139Â 754,A01,7,2,2,5,1,-1,-1,0,0,-1,2021,60.0,2,2,8,0,9,1,1,,2,2,0,,3,4,0,1,2,300,1,, -1,1,0,1,110,13,6,1,2,2810,1,1,0,6,Route Nationale 2,49.251868,3.059231,11,3,1
202100029270,149Â 445,D01,1,1,1,1,2,8,-1,-1, -1,-1,2021,21.0,1,1,0,2,1,26,5,,2,RN4 - SECTION RIVIERA,0,,2,3,0,1,(1),(1),1,, -1,1,0,1,70,11,7,1,971,97113,1,1,0,5,RN4 - SECTION RIVIERA,16.21746,-61.49231,13,4,4
202100013834,176Â 964,A01,10,3,1,3,0,-1,-1,2,8,1,2021,49.0,2,2,0,1,1,1,1,,7,BELGES. BOULEVARD DES,0,,2,4,3,2,22,300,1,, -1,1,-1,1,50,10,10,5,76,76540,2,1,0,6,BELGES. BOULEVARD DES,49.4432,1.08471,22,2,1
202100004783,193Â 228,B01,1,1,1,4,1,0,-1,-1, -1,-1,2021,49.0,3,5,0,2,4,9,3,,3,,0,,2,2,0,1,11,250,3,, -1,1,0,1,50,9,11,1,25,25056,2,6,1,2,CHURCHILL BD WINSTON,47.24519,5.99654,8,2,2
202100028283,151Â 139,A01,4,2,2,5,1,0,-1,-1, -1,-1,2021,15.0,1,2,1,0,4,1,0,,2,RN 184,0,,2,0,0,1,14,130,1,, -1,1,0,1,50,18,7,3,78,78551,1,1,0,2,RN 184,48.92096,2.08185,2,3,2
202100014425,175Â 913,B01,1,1,1,0,2,6,-1,-1, -1,-1,2021,33.0,1,1,11,2,7,2,1,,3,MARAIS (R DES),0,,2,2,0,1,0,0,2,, -1,1,5,1,50,6,10,1,94,94033,2,1,0,3,MARAIS (R DES),48.8579,2.49179,15,2,2
202100005427,192Â 096,B01,2,2,2,9,1,-1,-1,0,0,-1,2021,74.0,2,2,14,2,1,1,1,,3,21,0,D,2,1,0,2,9,600,1,, -1,1,0,1,80,2,12,1,72,72168,1,3,0,4,La Petite Maison Neuve,48.000784,-0.123779,10,4,3
202100037449,134Â 719,A01,1,1,1,3,2,6,-1,0,0,-1,2021,43.0,1,1,0,2,7,17,1,,4,AVENUE PARMENTIER,0,,2,2,0,1,(1),(1),1,, -1,1,0,1,50,30,5,1,75,75111,2,3,0,3,AVENUE PARMENTIER,48.86903,2.371736,17,2,2
202100021451,163Â 302,A01,10,3,2,5,0,-1,-1,1,9,1,2021,22.0,0,2,0,1,2,1,1,,4,BARBUSSE (RUE HENRI),0,,1,1,0,2,(1),(1),1,, -1,1,0,1,50,1,9,1,51,51454,2,1,0,7,Rue Henri Barbusse,49.25677,4.04835,16,2,1
202100026173,154Â 913,B01,2,2,2,5,1,-1,-1,0,0,-1,2021,39.0,1,2,3,2,3,1,1,,1,6,0,,3,5,0,1,365,400,1,, -1,1,0,1,130,1,8,3,71,71550,1,1,0,3,A6 Pk 365+400 sens Paris - Lyon,46.495453,4.898593,4,6,2
202100048915,114Â 325,A01,1,1,1,5,8,0,-1,-1, -1,-1,2021,23.0,2,2,0,0,9,12,1,,1,AUTOROUTE A6B,0,,3,3,0,1,9,199,1,, -1,1,0,1,110,6,3,3,91,91689,1,1,0,7,AUTOROUTE A6B,48.73958,2.3192,21,1,1
202100043271,124Â 317,A01,1,1,1,0,1,-1,-1,0,0,-1,2021,62.0,1,5,2,0,3,0,1,,3,206,0,D,2,2,0,1,2,400,2,, -1,1,0,3,80,22,4,1,971,97112,1,1,0,6,Cocoyers Folle Anse,15.9459930032,-61.3251506855,13,2,1
202100037258,135Â 082,B01,1,1,1,1,2,6,-1,0,0,-1,2021,39.0,1,1,0,2,0,1,1,,4,VALY HIR (DE 59 A 79 ET 124 A 142),0,,2,2,0,1,(1),(1),1,, -1,1,0,1,30,26,5,1,29,29019,2,3,0,1,Rue du Valy-Hir,48.3853011128,-4.5246542901,20,2,2
202100000071,201Â 623,B01,1,1,1,0,0,-1,-1,-1, -1,-1,2021,14.0,0,1,0,0,0,0,0,,4,DUPONT ALPHONSE (RUE),0,,1,0,0,1,(1),(1),1,, -1,1,0,1,30,14,10,1,60,60057,2,1,0,1,Rue Alphonse Dupont,49.41862,2.08343,17,3,2
202100043551,123Â 817,A01,10,3,2,3,0,-1,-1,3,3,1,2021,71.0,1,2,0,1,8,2,1,,4,ANDRE LLORENS ALLâE,0,,2,4,1,1,(1),(1),1,, -1,1,0,1,50,17,4,1,13,13047,2,1,0,6,ANDRE LLORENS ALLEE,43.496725,4.986164,13,2,1