Num_Acc,id_vehicule,num_veh,place,catu,sexe,trajet,secu1,secu2,secu3,locp,actp,etatp,year_acc,victim_age,senc,catv,obs,obsm,choc,manv,motor,occutc,catr,voie,v1,v2,circ,nbv,vosp,prof,pr,pr1,plan,lartpc,larrout,surf,infra,situ,vma,jour,mois,lum,dep,com,agg_,int,atm,col,adr,lat,long,hour,nb_victim,nb_vehicules
202100023139,160Â 256,B01,1,1,2,0,2,6,-1,-1, -1,-1,2021,36.0,1,1,0,2,5,0,1,,4,CHASTENET DE GERY (BD),0,,2,8,0,1,1,0,2,, -1,1,0,1,50,21,8,1,94,94076,2,6,0,3,CHASTENET DE GERY (BD),48.8,2.35,16,2,2
202100035511,138Â 236,B01,1,1,1,0,2,8,-1,-1, -1,-1,2021,35.0,2,1,0,2,0,1,5,,4,JOUCHOUX RUE AUGUSTE,0,,2,2,1,1,(1),(1),1,, -1,1,0,5,50,9,6,1,25,25056,2,1,0,3,JOUCHOUX RUE AUGUSTE,47.23687,5.98847,19,2,2
202100010056,183Â 721,B01,1,1,1,5,2,6,-1,-1, -1,-1,2021,35.0,1,1,0,2,1,1,1,,3,VERDUN (AVENUE DE) DU 115 AU 149,0,,2,2,0,1,0,0,1,, -1,2,0,1,30,31,10,5,92,92040,2,1,1,3,VERDUN (AVENUE DE) DU 115 AU 149,48.81969,2.25643,20,2,2
202100054729,103Â 964,A01,1,1,2,5,1,-1,-1,0,0,-1,2021,22.0,1,2,15,0,1,16,1,,1,,-1,,-1,-1,0,2,295,600,3,, -1,7,3,3,50,17,1,3,21,21054,1,1,0,6,A6 - Aire du Rossignol,47.057431,4.791579,23,4,1
202100021265,163Â 647,B01,1,1,1,5,2,6,-1,-1, -1,-1,2021,17.0,2,1,0,2,2,1,1,,7,AV DE FRONTON,0,,2,4,2,1,34,640,2,, -1,1,0,5,50,2,9,1,31,31555,2,1,0,1,AV DE FRONTON,43.64233,1.43341,14,2,2
202100015943,173Â 166,A01,1,1,1,5,2,6,-1,0,0,-1,2021,44.0,3,1,0,2,2,2,1,,4,BOULEVARD PERIPHERIQUE,0,,1,4,0,1,(1),(1),1,, -1,1,0,1,70,30,9,5,75,75116,2,4,0,2,BD PERIPHERIQUE INTERIEUR,48.84332,2.254611,20,2,2
202100043623,123Â 703,A01,10,3,1,9,0,-1,-1,3,3,1,2021,69.0,2,2,0,1,1,1,1,,4,FOULON (RUE DU),0,,2,2,0,1,(1),(1),1,, -1,1,0,1,50,16,4,1,65,65440,2,1,0,6,FOULON (RUE DU),43.229642,0.082647,14,2,1
202100034505,140Â 049,B01,1,1,1,5,2,-1,-1,0,0,-1,2021,75.0,0,1,0,2,1,1,5,,3,10,0,D,2,2,0,1,44,800,1,, -1,1,5,1,50,14,6,1,27,27284,2,6,0,3,d10,49.2762260512,1.7545284071,13,2,2
202100038819,132Â 231,A01,1,1,1,5,2,6,-1,0,0,-1,2021,37.0,2,1,0,0,8,26,1,,3,526,0,,2,2,0,1,57,500,1,, -1,1,0,1,80,23,5,1,38,38073,1,1,0,7,Col d'Ornon (Col de montagne),45.011631,5.968087,16,1,1
202100014639,175Â 546,A01,1,1,1,1,2,6,-1,0,0,-1,2021,20.0,2,1,0,2,1,17,1,,4,BOULEVARD DE LA VILLETTE,0,,3,2,0,1,(1),(1),1,, -1,1,0,1,30,7,10,1,75,75110,2,2,0,3,BOULEVARD DE LA VILLETTE,48.882624,2.369965,16,3,2
202100006784,189Â 661,B01,1,1,1,5,2,6,-1,0,0,-1,2021,51.0,2,1,0,2,1,2,1,,3,748,0,D,2,2,0,1,34,350,1,,6,1,0,1,80,23,11,1,79,79038,1,4,0,2,,46.787631,-0.479364,14,2,2
202100055455,102Â 730,B01,1,1,1,0,1,0,-1,-1, -1,-1,2021,57.0,2,2,0,2,4,23,1,,3,C.De GAULLE (Rocade),0,,3,4,0,1,0,9,1,, -1,1,0,1,50,7,1,5,84,84007,2,1,0,4,C.De GAULLE (Rocade),43.93511,4.83195,18,5,5
202100036364,136Â 699,A01,10,3,2,2,0,-1,-1,2,3,3,2021,18.0,2,5,0,1,1,1,1,,4,MACE (ROUTE GABRIEL),0,,2,2,0,2,0,0,1,, -1,1,0,1,50,4,6,2,974,97411,2,1,0,1,MACE (ROUTE GABRIEL),-20.91409,55.49609,17,5,1
202100046577,118Â 515,A01,10,3,1,9,8,8,-1,3,3,2,2021,2.0,3,2,0,1,1,16,1,,4,LUDE (BD ET ALLEE DU),0,,2,2,0,1,(1),(1),3,, -1,1,5,1,50,24,3,1,81,81004,2,6,0,6,LUDE (BD ET ALLEE DU),43.92182,2.14928,8,2,1
202100019688,166Â 453,B01,1,1,2,0,8,0,-1,-1, -1,-1,2021,59.0,0,1,0,2,8,19,5,,4,ALLENDE SALVADOR (RUE),0,,2,4,1,1,0,0,1,, -1,1,0,1,50,7,9,1,30,30189,2,1,0,3,ALLENDE SALVADOR (RUE),43.8246,4.37,16,2,2
202100030610,147Â 038,B01,2,2,1,5,1,8,-1,-1, -1,-1,2021,73.0,2,2,0,2,4,23,1,,3,991,0,,3,4,0,1,0,0,1,, -1,1,0,1,50,1,7,1,92,92063,2,1,0,2,COLMAR (AVENUE DE),48.8875657687,2.1849247813,18,3,2
202100042919,124Â 953,A01,2,2,1,5,8,0,-1,-1, -1,-1,2021,45.0,1,2,1,9,2,26,1,,4,R DE FONTENAY,0,,4,3,0,1,1,0,1,, -1,1,0,1,50,23,4,1,94,94080,2,1,0,6,Rue de Fontenay,48.847906,2.440539,12,2,1
202100026614,154Â 135,A01,1,1,1,0,8,0,-1,-1, -1,-1,2021,41.0,2,1,0,2,1,2,5,,9,,0,,2,0,3,1,(1),(1),3,, -1,1,2,6,50,28,7,1,69,69386,2,1,0,1,CHARLES DE GAULLE (Q),45.77812,4.84425,18,2,2
202100017008,171Â 218,A01,1,1,1,5,2,6,-1,0,0,-1,2021,35.0,2,1,3,0,1,21,1,,4,ECHANGEUR BERCY,0,,1,3,0,1,35,0,1,, -1,1,0,1,70,23,9,1,75,75112,2,4,0,6,BD PERIPHERIQUE EXTERIEUR,48.8268044693,2.3900614679,14,1,1
202100041364,127Â 669,A01,2,2,2,5,1,-1,-1,0,0,-1,2021,71.0,1,2,0,2,2,17,1,,3,2076,-1,,2,2,0,1,75,100,1,, -1,1,0,1,90,5,5,1,18,18141,1,1,0,3,Route de Bourges,47.140074,2.251704,15,4,2
202100047298,117Â 222,A01,1,1,1,5,1,-1,-1,0,0,-1,2021,88.0,2,2,6,0,8,15,1,,3,34,0,,2,2,0,1,16,250,1,, -1,1,0,1,80,12,3,1,37,37150,1,3,0,3,lieu-dit la besnardiÃ¨re,47.4033969964,0.4071421623,10,2,2
202100007169,188Â 944,A01,1,1,1,1,1,-1,-1,-1, -1,-1,2021,43.0,1,2,0,2,2,15,1,,3,MARSEILLE (ROUTE DE),0,,2,2,2,1,25,483,1,, -1,1,0,5,50,18,11,1,83,83137,2,1,0,3,MARSEILLE (ROUTE DE),43.12868,5.88835,7,2,2
202100053510,106Â 064,A01,1,1,1,1,1,-1,-1,0,0,-1,2021,54.0,2,2,0,2,1,11,1,,3,148,-1,,2,2,0,1,0,400,1,, -1,2,0,1,80,27,1,1,85,85020,1,1,1,1,D148 PK 000+400,46.365884,-0.56262,16,2,2
202100021698,162Â 852,A01,9,2,2,5,3,-1,-1,0,0,-1,2021,0.0,2,2,0,0,6,1,1,,3,D62,0,,3,4,0,1,1,500,1,, -1,1,0,1,90,26,8,3,34,34154,1,1,0,2,D62e2,43.550764,3.988316,2,8,2
202100025778,155Â 611,A01,2,2,1,0,1,0,-1,-1, -1,-1,2021,29.0,1,2,9,0,1,2,0,,3,FONTAINEBLEAU (AV DE),0,,4,3,0,1,(1),(1),1,, -1,1,0,4,50,2,8,5,94,94043,2,6,0,6,FONTAINEBLEAU (AV DE),48.8097949105,2.3622239213,3,2,1
202100034191,140Â 636,A01,1,1,2,1,1,4,-1,-1, -1,-1,2021,50.0,1,2,0,2,5,2,2,,1,A7-Sens Lyon vers Marseille,0,,1,0,0,1,276,0,1,, -1,1,0,1,90,16,6,1,13,13215,1,1,0,2,A7-Sens Lyon vers Marseille,43.35053,5.368,18,4,2
202100017173,170Â 937,A01,10,3,2,5,4,-1,-1,1,9,1,2021,37.0,2,0,0,0,0,2,0,,3,243,0,D,2,2,0,1,5,700,1,, -1,9,0,1,-1,26,9,1,58,58295,1,1,0,6,D 243 PK 6 dÃ©croissant,47.336284,2.921678,11,2,1
202100026091,155Â 052,A01,1,1,1,5,1,-1,-1,0,0,-1,2021,53.0,1,2,0,0,1,17,1,,3,114,-1,,2,2,0,2,(1),(1),1,, -1,1,0,1,80,1,8,1,59,59558,1,1,0,7,D114,50.241699,3.460267,19,1,1
202100023143,160Â 247,B01,1,1,1,0,2,6,-1,-1, -1,-1,2021,50.0,1,1,0,2,1,1,1,,3,MONTFERMEIL (ALLEE DE) 118-160,0,,1,2,0,1,0,1,1,, -1,1,0,1,50,20,8,5,93,93062,2,2,0,3,AllÃ©e de Montfermeil / Allee Notre Dame des Anges,48.89669,2.5301,23,2,2
202100032926,142Â 905,A01,10,3,2,0,0,-1,-1,1,2,1,2021,19.0,1,4,0,1,1,1,1,,3,CROIZAT AMBROISE RD 29 BIS,0,,2,3,0,1,0,1,1,, -1,2,0,1,50,22,6,1,93,93066,2,1,1,1,CROIZAT AMBROISE RD 29 BIS,48.92917,2.35133,13,2,1
202100006101,190Â 900,Z01,10,3,2,5,8,8,-1,4,3,1,2021,78.0,2,1,0,1,1,19,3,,4,BOULEVARD DE COURCELLES,0,,2,4,0,1,(1),(1),1,, -1,2,0,1,30,26,11,1,75,75108,2,2,1,6,BOULEVARD DE COURCELLES,48.879127,2.303122,14,2,1
202100047341,117Â 146,A01,1,1,1,1,2,0,-1,-1, -1,-1,2021,28.0,1,1,12,0,1,16,5,,4,ZOLA ( ET IMP. EMILE ),0,,2,2,0,2,(1),(1),4,, -1,1,0,4,30,19,3,2,56,56121,2,4,0,6,ZOLA ( ET IMP. EMILE ),47.7568,-3.37198,7,1,1
202100046561,118Â 543,B01,1,1,1,5,2,0,-1,-1, -1,-1,2021,71.0,2,1,13,2,8,1,3,,4,ANCIENNE RN 1,0,,2,2,0,2,(1),(1),1,, -1,1,0,1,50,23,3,1,974,97416,1,1,1,3,ANCIENNE RN 1,-21.31664,55.44211,8,2,2
202100004685,193Â 402,A01,1,1,1,0,1,-1,-1,-1, -1,-1,2021,59.0,2,2,0,2,4,23,1,,4,CROIX DE PIVORT (DE LA)             (CH),0,,2,2,2,2,(1),(1),2,, -1,2,0,1,50,3,12,5,69,69202,2,3,1,4,CROIX DE PIVORT (DE LA) (CHM),45.73355,4.8034,19,4,4
202100039838,130Â 371,A01,1,1,1,1,2,6,-1,0,0,-1,2021,36.0,1,1,0,2,3,1,1,,4,RUE LEGENDRE,0,,1,1,0,1,(1),(1),1,, -1,2,0,1,50,15,5,1,75,75117,2,7,1,3,RUE LEGENDRE,48.886634,2.318469,8,2,2
202100008890,185Â 848,B01,1,1,2,1,1,-1,-1,0,0,-1,2021,46.0,1,2,0,2,4,1,1,,3,2,0, -,2,2,0,1,2,850,1,, -1,1,0,1,80,8,11,1,30,30336,1,1,0,4,RD2,43.865785,4.620287,7,3,3
202100027077,153Â 321,A01,1,1,1,0,2,0,-1,-1, -1,-1,2021,36.0,1,1,0,2,1,3,1,,7,SAINT MARCEL (BOULEVARD DE ),0,,2,2,0,1,0,0,1,, -1,1,0,8,30,20,7,1,13,13211,2,9,0,3,SAINT MARCEL (BOULEVARD DE ),43.28752,5.46495,11,2,2
202100001379,199Â 305,A01,1,1,1,5,2,6,-1,0,0,-1,2021,51.0,1,1,0,2,1,1,1,,4,AVENUE GAMBETTA,0,,2,3,1,2,(1),(1),1,, -1,2,-1,5,30,25,12,1,75,75120,2,1,1,3,AVENUE GAMBETTA,48.863162,2.388583,15,2,2
202100033199,142Â 420,A01,1,1,1,0,1,-1,-1,-1, -1,-1,2021,40.0,2,2,9,0,1,19,1,,4,,0,,-1,1,0,1,(1),(1),1,, -1,1,5,8,50,20,6,5,25,25056,2,2,0,6,CLEMENCEAU AVENUE G.,47.237345,6.006644,2,1,1
202100049239,113Â 743,Z01,1,1,1,5,2,0,-1,0,0,-1,2021,24.0,1,1,0,1,1,0,1,,4,ERASME (PLACE),0,,2,2,0,1,0,0,1,, -1,1,9,1,30,2,3,1,67,67482,2,1,0,6,ERASME (PLACE),48.59009,7.70636,14,3,1
202100031609,145Â 257,B01,1,1,1,1,2,6,-1,-1, -1,-1,2021,34.0,2,1,0,2,4,11,1,,3,DE PRESSENSE FRANCIS,0,,2,4,0,1,0,1,1,, -1,2,5,1,50,30,6,5,93,93066,2,2,1,2,Rue Francis de PressensÃ© / Avenue du Stade de France,48.919647,2.361701,0,2,2
202100033565,141Â 769,A01,1,1,1,0,2,0,-1,-1, -1,-1,2021,32.0,2,1,0,2,2,1,1,,4,TCHEQUE (AVENUE DE LA LEGION),0,,2,2,0,1,0,0,1,, -1,1,0,1,50,18,6,1,64,64102,2,3,0,3,TCHEQUE (AVENUE DE LA LEGION),43.49268,-1.48761,17,2,2
202100049560,113Â 168,B01,1,1,1,1,1,-1,-1,0,0,-1,2021,56.0,2,2,0,0,1,1,1,,3,938,-1,,2,2,0,1,9,500,3,, -1,1,0,1,80,3,3,1,64,64023,1,1,0,1,D938,43.2299817894,-0.2589418897,9,2,2
202100037632,134Â 393,A01,1,1,1,0,1,0,-1,-1, -1,-1,2021,23.0,1,2,0,2,1,2,0,,4,COLONGO (RUE PIERRE),0,,2,2,0,1,0,0,1,, -1,1,0,1,50,29,5,1,93,93073,2,2,0,1,Rue de Normandie / Avenue Pierre Colongo,48.93984,2.58802,14,2,2
202100009342,185Â 008,A01,1,1,1,3,0,-1,-1,0,0,-1,2021,63.0,1,0,0,2,1,2,3,,3,D2,-1,,2,2,0,1,80,913,1,, -1,2,0,1,70,2,11,1,44,44098,1,6,0,3,La Chinoise,47.477735,-2.180035,15,2,2
202100004539,193Â 663,A01,10,3,2,9,0,-1,-1,4,3,1,2021,23.0,1,2,0,1,3,1,1,,4,BOULEVARD DIDEROT,0,,2,0,0,1,(1),(1),1,, -1,2,0,1,30,5,12,1,75,75112,2,2,1,6,BOULEVARD DIDEROT,48.846769,2.381763,13,2,1
202100035337,138Â 544,A01,1,1,1,0,2,6,-1,-1, -1,-1,2021,48.0,2,1,0,2,2,3,1,,3,POMPADOUR(CARREFOUR),0,,1,0,0,1,1,0,2,, -1,1,0,1,50,10,6,1,94,94028,2,6,0,3,Carrefour Pompadour,48.77471,2.443917,10,2,2
202100026490,154Â 347,B01,1,1,1,4,1,0,-1,0,0,-1,2021,23.0,1,5,0,2,4,2,1,,4,PORTE DE CLICHY,0,,1,1,0,2,(1),(1),1,, -1,1,0,1,50,29,7,1,75,75117,2,4,0,2,PORTE DE CLICHY,48.897339,2.312554,16,2,2
202100037770,134Â 149,B01,1,1,1,1,1,0,-1,-1, -1,-1,2021,58.0,0,2,0,2,1,1,1,,4,LONGUE HAIE (RUE DE LA),0,,-1,0,0,1,(1),(1),1,, -1,1,0,1,50,27,5,2,60,60057,2,2,0,3,Rue de la Longue Haie,49.41758,2.09731,20,2,2
202100002466,197Â 365,A01,1,1,1,5,2,0,-1,0,0,-1,2021,31.0,3,1,0,2,2,1,1,,4,BOULEVARD PERIPHERIQUE EXTERIEUR NORD  ,0,,3,4,0,2,(1),(1),2,, -1,1,0,1,70,16,12,5,75,75112,2,1,0,2,BOULEVARD PERIPHERIQUE EXTERIEUR NORD  ,48.826918,2.391582,18,2,2
202100039612,130Â 784,B01,1,1,1,4,2,0,-1,0,0,-1,2021,21.0,1,1,0,2,2,1,1,,4,RUE LA BOETIE,0,,1,1,0,1,(1),(1),1,, -1,2,0,1,30,17,5,1,75,75108,2,2,1,2,RUE LA BOETIE,48.872568,2.310045,15,2,2
202100035560,138Â 151,A01,1,1,1,1,2,6,-1,-1, -1,-1,2021,51.0,1,1,0,2,1,2,1,,3,VICTOR HUGO (AV),0,,1,2,2,1,1,0,1,, -1,1,0,1,50,9,6,2,94,94022,2,3,0,2,Avenue Victor Hugo,48.77014,2.4256,6,2,2
202100012573,179Â 241,A01,1,1,1,1,1,-1,-1,0,0,-1,2021,23.0,2,2,0,0,9,1,1,,2,4,-1,,3,4,0,1,27,400,1,, -1,1,0,8,110,18,10,3,54,54269,1,1,0,7,Route Nationale 4,48.5989124596,6.3898855457,5,1,1
202100011878,180Â 491,B01,1,1,1,5,8,0,-1,-1, -1,-1,2021,22.0,0,1,0,2,3,1,5,,4,FRANCIS CHAVETON,0,,-1,1,0,2,0,0,1,, -1,1,0,4,30,21,10,3,92,92064,2,1,0,3,FRANCIS CHAVETON,48.8593651999,2.2099323571,20,2,2
202100009004,185Â 623,A01,2,2,2,5,1,-1,-1,0,0,-1,2021,67.0,2,2,0,2,1,13,1,,4,2,0,,2,2,0,2,(1),(1),3,, -1,1,0,1,50,8,11,1,60,60584,2,1,0,1,2 Rue Groupe Manouchian,49.2146201246,2.4072052864,11,4,2
202100005385,192Â 165,B01,1,1,1,9,2,6,-1,0,0,-1,2021,59.0,2,1,0,2,1,1,1,,4,PLACE DU GENERAL BROCARD,0,,2,2,0,1,(1),(1),1,, -1,2,0,1,30,1,12,1,75,75108,2,7,1,3,PLACE DU GENERAL BROCARD,48.878072,2.305239,10,3,2
202100041353,127Â 693,B01,1,1,1,1,1,-1,-1,0,0,-1,2021,65.0,0,2,0,2,3,16,3,,7,1,-1,D,2,2,0,2,5,600,1,,"5,5",2,0,1,50,6,5,1,69,69033,2,2,1,3,PETIT GUILLERMET (DU) (R),45.853053,4.87775,10,2,2
202100003664,195Â 206,B01,1,1,1,0,1,0,-1,-1, -1,-1,2021,39.0,1,2,0,2,4,1,1,,2,PORTE DE CLEUNAY,0,,3,4,0,1,13,200,1,, -1,2,3,1,90,9,12,2,35,35238,2,1,1,2,PORTE DE CLEUNAY,48.098785,-1.714035,17,3,2
202100035965,137Â 396,A01,10,3,1,5,0,-1,-1,2,3,1,2021,15.0,1,2,0,1,1,1,1,,4,MONT VALERIEN,0,,2,2,0,1,0,0,1,, -1,1,9,1,30,6,6,1,92,92064,2,3,0,6,MONT VALERIEN,48.8565,2.21525,14,2,1
202100033616,141Â 678,A01,1,1,1,5,2,6,-1,-1, -1,-1,2021,15.0,1,1,0,0,8,1,1,,4,MENDES FRANCE (AVENUE),0,,2,2,0,1,0,0,1,, -1,1,0,1,50,18,6,5,13,13208,2,1,0,7,MENDES FRANCE (AVENUE),43.26161,5.3747,23,1,1
202100013045,178Â 427,B01,1,1,1,1,1,8,-1,-1, -1,-1,2021,50.0,1,2,0,2,1,1,1,,3,906,0,,2,3,0,1,68,795,1,, -1,1,5,1,70,12,10,1,71,71270,2,3,0,3,RN 6 (ROUTE NATIONALE),46.362897,4.851525,7,3,2
202100001063,199Â 864,B01,1,1,2,9,8,0,-1,0,0,-1,2021,39.0,1,1,0,2,7,1,5,,4,RUE LA FAYETTE,0,,2,2,0,1,(1),(1),1,, -1,2,0,1,30,28,12,5,75,75110,2,2,0,3,RUE LA FAYETTE,48.88133,2.364722,19,2,2
202100042022,126Â 508,A01,10,3,2,0,0,-1,-1,5,9,1,2021,75.0,1,2,0,1,1,15,1,,4,VIEIL AITRE (RUE DU),0,,1,1,0,1,(1),(1),1,, -1,1,0,1,30,28,4,1,54,54395,2,2,0,6,VIEIL AITRE (RUE DU),48.6856758326,6.1641165319,17,2,1
202100032389,143Â 876,A01,1,1,1,5,2,-1,-1,0,0,-1,2021,32.0,0,1,0,0,0,1,1,,9,,-1,,2,2,0,1,(1),(1),2,,5,2,0,1,50,25,6,5,2,2173,2,1,1,7,Rue des Grands Navoirs,49.606721,3.226325,22,1,1
202100036005,137Â 327,B01,1,1,1,4,1,-1,-1,0,0,-1,2021,43.0,1,2,0,2,3,5,0,,3,104,0,D,2,2,0,1,55,400,1,, -1,1,0,1,80,8,6,1,7,7343,1,1,0,1,D104 - PK55+400,44.547527,4.333087,8,2,2
202100023418,159Â 761,A01,10,3,2,3,0,-1,-1,3,3,1,2021,88.0,1,2,0,1,2,1,1,,3,R.N. 10,0,,2,2,0,1,0,0,1,, -1,1,9,1,50,19,8,1,64,64140,2,1,0,6,62 avenue Charles de Gaulle,43.526908,-1.464035,11,2,1
202100018767,168Â 096,A01,10,3,2,5,0,-1,-1,5,3,1,2021,84.0,2,1,0,1,1,14,5,,4,PIERRES PLATES (RUE DES),0,,2,2,1,1,(1),(1),1,, -1,2,0,5,50,14,9,1,37,37208,2,1,1,6,PIERRES PLATES (RUE DES),47.356800807,0.7348491758,17,2,1
202100015756,173Â 506,B01,1,1,1,4,2,6,-1,-1, -1,-1,2021,33.0,2,1,0,2,1,2,1,,3,FONTAINEBLEAU (AV DE),0,,-1,4,0,1,55,0,1,, -1,1,0,1,50,1,10,1,94,94043,2,1,0,2,Avenue de Fontainebleau,48.812492,2.36155,14,2,2
202100044946,121Â 392,B01,1,1,2,5,1,0,-1,-1, -1,-1,2021,20.0,1,2,0,2,4,2,1,,4,MARECHAL JUIN (BD),0,,2,4,0,2,(1),(1),1,, -1,1,0,1,50,5,4,1,37,37261,2,1,0,2,MARECHAL JUIN (BD),47.40638,0.7031,9,4,2
202100025892,155Â 406,B01,1,1,1,5,1,-1,-1,0,0,-1,2021,28.0,2,2,0,2,4,2,1,,3,301,0,D,3,3,0,1,23,50,1,, -1,2,8,1,-1,25,7,1,95,95487,1,1,1,4,RD 301,49.1487,2.248517,18,3,3
202100024462,157Â 948,A01,9,2,2,5,1,-1,-1,0,0,-1,2021,23.0,1,2,0,2,4,15,1,,3,59,-1,,2,2,2,1,25,350,1,, -1,1,0,1,80,10,8,1,26,26235,1,2,0,2,385 Chemin du pont ,44.36772,4.656572,9,4,2
202100050456,111Â 510,C01,1,1,2,0,1,0,-1,0,0,-1,2021,38.0,1,2,0,2,4,2,1,,7,SAULXURES (AVENUE DE),0,,2,2,0,2,(1),(1),1,, -1,1,0,1,50,23,2,1,54,54184,2,1,0,4,SAULXURES (AVENUE DE),48.7071348415,6.2448315607,16,3,3
202100051950,108Â 847,A01,2,2,2,5,1,-1,-1,0,0,-1,2021,65.0,1,2,0,2,1,2,1,,1,7,-1,,3,5,0,1,134,640,1,, -1,1,0,1,130,10,2,1,26,26138,1,1,0,2,Autoroute du Soleil,44.397053,4.729292,14,3,2
202100049872,112Â 593,B01,1,1,2,5,2,-1,-1,-1, -1,-1,2021,77.0,2,1,0,2,1,1,5,,3,RN6 (CHARTONNIERE),0,,1,2,0,1,17,500,2,, -1,1,9,1,50,25,2,1,69,69013,2,6,0,3,RN6 (CHARTONNIERE),46.0203003831,4.7207736969,17,2,2
202100043624,123Â 702,A01,1,1,1,0,2,6,-1,-1, -1,-1,2021,23.0,2,1,0,2,1,17,1,,4,HARDOY (RUE DE),0,,2,2,0,2,0,0,1,, -1,1,0,1,50,16,4,1,64,64024,2,3,0,5,HARDOY (RUE DE),43.49342,-1.50885,18,3,3
202100014109,176Â 470,A01,1,1,1,5,2,6,-1,-1,0,-1,2021,21.0,2,1,0,2,3,12,1,,1,AUTOROUTE A15,0,,3,6,0,1,6,500,1,, -1,1,0,1,90,9,10,1,95,95018,1,1,0,5, A15,48.9549,2.2782,17,3,3
202100002334,197Â 616,A01,9,2,1,5,1,3,-1,0,0,-1,2021,4.0,1,2,8,0,1,1,1,,3,2,-1,,2,2,0,2,1,800,3,, -1,2,0,3,80,20,12,3,63,63204,1,1,1,6,"D2, route de pont du chateau",45.7982849841,3.2050654292,18,3,1
202100039758,130Â 518,A01,1,1,2,9,1,-1,-1,0,0,-1,2021,69.0,1,2,2,0,1,1,1,,1,85,0,A,3,4,0,1,36,420,1,, -1,1,0,3,130,17,5,1,49,49378,1,1,0,6,A85,47.314839,-0.035105,18,1,1
202100048968,114Â 220,B01,1,1,1,5,1,0,-1,-1, -1,-1,2021,72.0,1,2,0,2,4,1,1,,3,YVONNE MARCAILLOUX (AV),0,,2,0,0,1,0,1,1,, -1,1,0,1,50,6,3,1,94,94022,2,1,0,4,YVONNE MARCAILLOUX (AV),48.7679,2.407068,17,3,3
202100037906,133Â 909,A01,1,1,2,0,8,-1,-1,0,0,-1,2021,22.0,3,2,0,2,3,21,1,,3,2085,0,B,2,2,0,2,15,620,3,, -1,1,0,1,50,29,5,1,6,6105,2,1,0,5,2544 Route de Grasse,43.662401,7.062928,8,3,3
202100005660,191Â 675,A01,1,1,1,5,1,0,-1,-1, -1,-1,2021,48.0,1,2,1,2,2,2,1,,3,GEORGES MELIES (BD),0,,2,4,0,1,1,0,1,, -1,1,0,1,50,28,11,3,94,94079,2,1,0,6,Boulevard Georges MÃ©liÃ¨s,48.83455,2.53523,22,1,1
202100028134,151Â 416,A01,10,3,1,0,0,-1,-1,3,3,1,2021,53.0,2,3,0,1,1,1,3,,9,EUROPE (AVENUE DE L'),0,,2,4,3,1,(1),(1),1,, -1,1,-1,6,50,18,7,1,37,37261,2,9,0,6,EUROPE (AVENUE DE L'),47.42309,0.68811,17,3,1
202100007925,187Â 576,D01,1,1,1,9,2,-1,-1,0,0,-1,2021,71.0,2,1,0,2,1,1,5,,3,29,0,F,2,2,0,1,0,300,1,, -1,1,0,1,80,17,11,1,50,50298,1,3,1,6,D29,49.274308,-1.278416,15,5,5
202100012277,179Â 782,A01,1,1,1,4,2,6,-1,-1, -1,-1,2021,28.0,3,1,0,2,2,9,1,,3,908,0,,1,1,0,1,0,0,3,, -1,1,0,5,50,19,10,2,92,92035,2,6,0,3,Charlebourg ( rue de ),48.9070574263,2.2403901815,18,2,2
202100010441,183Â 060,A01,10,3,2,0,0,-1,-1,3,3,1,2021,25.0,1,2,0,1,1,1,1,,3,3,0, -,2,2,0,1,(1),(1),1,, -1,1,0,1,50,22,10,1,67,67067,2,1,1,6,3 Rue Jacques KablÃ©,48.730835,7.708811,9,2,1
202100027751,152Â 103,B01,1,1,2,9,1,0,-1,-1, -1,-1,2021,47.0,2,2,0,2,4,1,0,,4,LECLERC AV. DU GENERAL PAIRS A PARTIR DU,0,,2,2,0,1,(1),(1),1,, -1,1,0,1,50,21,7,1,11,11069,2,1,0,2,LECLERC AV. DU GENERAL PAIRS A PARTIR DU,43.20722,2.38219,15,4,2
202100053743,105Â 673,B01,1,1,1,5,2,0,-1,0,0,-1,2021,45.0,1,1,0,2,1,26,1,,7,NICE AVENUE DE (RN7),0,,2,2,0,1,0,0,1,, -1,1,0,1,50,25,1,1,6,6027,2,1,0,3,NICE AVENUE DE (RN7),43.6587,7.162,15,2,2
202100014325,176Â 098,A01,1,1,2,5,8,0,-1,0,0,-1,2021,18.0,3,1,0,1,1,25,3,,5,TOUTES RUES,0,,-1,0,0,1,1,0,1,, -1,1,6,8,1,8,10,1,202,202033,2,1,0,1,TOUTES RUES,42.70006,9.45123,17,2,1
202100026915,153Â 604,A01,10,3,1,5,0,-1,-1,3,3,1,2021,36.0,1,1,0,1,1,17,1,,3,98,-1,A,2,2,0,1,60,800,1,, -1,1,0,1,70,28,7,1,83,83065,2,1,0,6,D98a,43.264042,6.6204,9,2,1
202100050773,110Â 925,B01,1,1,1,1,2,0,-1,0,0,-1,2021,40.0,1,0,0,2,0,1,3,,4,RUE DES FRANCS BOURGEOIS,0,,1,1,3,1,(1),(1),1,, -1,1,0,1,50,20,2,5,75,75103,2,1,0,3,RUE DES FRANCS BOURGEOIS,48.857378,2.361454,19,2,2
202100050589,111Â 259,A01,10,3,1,0,0,-1,-1,3,3,1,2021,8.0,3,2,0,1,1,1,1,,4,MIGNET (RUE),0,,-1,1,0,1,0,0,1,, -1,1,0,1,30,20,2,1,13,13001,2,1,0,1,MIGNET (RUE),43.53198,5.45083,10,2,1