Num_Acc,id_vehicule,num_veh,place,catu,sexe,trajet,secu1,secu2,secu3,locp,actp,etatp,year_acc,victim_age,senc,catv,obs,obsm,choc,manv,motor,occutc,catr,voie,v1,v2,circ,nbv,vosp,prof,pr,pr1,plan,lartpc,larrout,surf,infra,situ,vma,jour,mois,lum,dep,com,agg_,int,atm,col,adr,lat,long,hour,nb_victim,nb_vehicules
202100035691,137Â 916,A01,10,3,2,5,0,-1,-1,3,3,2,2021,15.0,1,1,0,1,8,1,1,,4,EMILE ZOLA     (Cours),0,,2,2,1,2,(1),(1),1,, -1,1,4,3,50,8,6,1,69,69266,2,8,0,6,EMILE ZOLA (CR),45.7705,4.86286,16,2,1
202100012298,179Â 751,A01,10,3,2,3,0,-1,-1,2,3,1,2021,69.0,3,2,0,1,3,1,1,,4,21,-1,R,2,2,0,2,(1),(1),1,, -1,2,0,1,30,20,10,1,56,56165,2,1,1,6,21 rue de la gare,47.93265,-2.401213,17,2,1
202100056131,101Â 549,A01,10,3,2,1,0,-1,-1,3,3,2,2021,60.0,2,2,0,1,1,1,1,,4,12,0,,2,2,0,2,0,0,1,, -1,1,0,1,50,4,1,1,988,98818,2,3,0,6,ROUTE DE L'ANSE VATA/RUE MARCELLIN LACABANNE,-22.29363,166.44653,14,3,1
202100001350,199Â 346,A01,1,1,2,5,1,8,-1,-1, -1,-1,2021,24.0,2,2,4,0,1,2,1,,1,AUTOROUTE A86,0,,3,3,0,1,18,0,1,, -1,2,0,1,110,26,12,3,93,93027,1,1,1,3,AUTOROUTE A86,48.92841,2.41321,22,1,1
202100034475,140Â 100,B01,1,1,1,5,2,-1,-1,0,0,-1,2021,66.0,2,1,0,2,1,1,5,,3,921,2,B,2,2,0,4,(1),(1),1,, -1,1,0,1,80,15,6,1,65,65470,1,3,0,3,Route d Argeles,43.0625257868,-0.0429609418,14,2,2
202100019474,166Â 827,A01,2,2,2,0,1,8,-1,-1, -1,-1,2021,15.0,1,2,0,2,1,1,1,,4,BOLLEE (AV) NÂ° IMP 1 A 63,0,,3,5,0,1,0,0,1,, -1,1,0,1,50,12,9,5,72,72181,2,1,0,2,BOLLEE (AV) NÂ° IMP 1 A 63,47.99593,0.20717,0,4,2
202100053950,105Â 317,B01,2,2,1,5,1,8,-1,-1, -1,-1,2021,33.0,3,5,0,2,7,15,1,,4,MAURIAC (RUE),0,,3,6,3,1,1,0,1,, -1,1,0,1,50,23,1,1,13,13210,2,2,0,3,MAURIAC (RUE),43.2713,5.4221,12,4,2
202100019978,165Â 924,A01,2,2,2,5,2,-1,-1,0,0,-1,2021,31.0,2,6,3,0,2,1,1,,3,,-1,,2,2,0,1,6,540,1,,4,1,3,1,50,13,8,5,6,6085,2,4,0,6,Avenue Notre-Dame de Vie,43.598228,7.002425,21,3,2
202100013344,177Â 897,A01,10,3,2,1,0,-1,-1,9,9,1,2021,56.0,0,2,0,1,2,1,1,,6, -,0, -,-1,-1,0,1,(1),(1),1,, -1,1,0,8,50,9,10,5,31,31202,2,1,0,6,800 Route de Toulouse,43.830974,1.390715,1,2,1
202100040556,129Â 119,A01,1,1,1,1,1,-1,-1,0,0,-1,2021,20.0,2,2,2,0,1,0,1,,3,560,0,D,2,2,0,1,39,65,1,, -1,2,0,3,50,11,5,2,83,83012,2,1,1,6,route de marseille,43.552016,6.004629,6,1,1
202100047618,116Â 638,B01,1,1,1,1,1,-1,-1,-1, -1,-1,2021,63.0,2,2,0,2,7,15,1,,3,LECLERC GENERAL  BD,0,,2,2,0,1,3,300,1,, -1,2,0,1,50,16,3,2,69,69092,2,3,1,3,BEAUJOLAIS (DU) (AV),45.99871,4.70644,19,2,2
202100007174,188Â 933,C01,1,1,1,5,1,0,-1,-1, -1,-1,2021,72.0,2,2,0,2,3,1,1,,2,ROCADE NORD EST RN 25,0,,3,4,0,1,6,199,1,, -1,2,0,1,110,15,11,3,80,80674,1,1,1,5,ROCADE NORD EST RN 25,49.91234,2.34314,21,4,3
202100032624,143Â 448,A01,1,1,1,1,2,0,-1,-1, -1,-1,2021,31.0,1,1,0,2,7,2,1,,1,AUTOROUTE A3,0,,3,10,0,1,7,0,1,, -1,1,0,1,70,23,6,1,93,93053,1,1,0,3,AUTOROUTE A3,48.89752,2.46977,19,2,2
202100050626,111Â 196,A01,1,1,1,0,2,6,9,0,0,-1,2021,30.0,2,1,0,2,1,17,1,,3,41,0,D,2,2,0,1,58,998,1,, -1,1,0,1,80,23,2,1,25,25334,1,1,1,2,D41,46.963839,6.149297,16,2,2
202100026865,153Â 699,A01,1,1,1,0,1,0,-1,-1, -1,-1,2021,40.0,0,2,12,2,2,21,1,,3,MARC CHAGALL (BOULEVARD),0,,3,4,0,1,0,1,1,, -1,1,0,1,50,24,7,1,93,93005,2,1,0,3,Boulevard Marc Chagall,48.953076,2.50152,10,6,2
202100049791,112Â 746,B01,1,1,1,0,2,6,-1,0,0,-1,2021,55.0,1,1,0,0,7,1,1,,3,8,-1,,2,2,0,1,19,300,1,, -1,1,0,1,80,28,2,2,42,42182,1,2,0,3,D8,46.057836,3.928916,18,2,2
202100005295,192Â 323,A01,1,1,1,0,2,0,-1,-1, -1,-1,2021,18.0,2,1,0,2,1,7,1,,4,DE GAULLE (AVENUE DU GENERAL),0,,3,4,3,1,0,0,1,, -1,1,0,1,50,30,11,1,49,49328,2,1,0,3,DE GAULLE (AVENUE DU GENERAL),47.26485,-0.07246,11,2,2
202100049212,113Â 788,B01,3,2,1,0,1,0,-1,-1, -1,-1,2021,18.0,2,1,0,2,1,17,1,,4,doujani-CarriÃ¨re ( route de la ),0,,2,0,0,1,0,0,1,, -1,1,0,1,50,4,3,1,976,97611,2,1,0,3,doujani-CarriÃ¨re ( route de la ),-12.79533,45.21492,17,3,2
202100022136,162Â 066,A01,1,1,1,5,0,-1,-1,0,0,-1,2021,39.0,2,2,3,0,2,14,1,,3,6113,-1,,2,2,0,1,26,960,2,, -1,1,0,3,80,28,8,3,11,11098,1,1,0,6,D6113,43.18243,2.692723,2,1,1
202100004029,194Â 538,B01,1,1,1,5,1,8,-1,-1, -1,-1,2021,45.0,1,2,0,1,0,1,1,,3,724,0,,2,2,0,1,101,595,1,, -1,2,0,1,30,6,12,1,56,56098,2,1,0,2,CROIZAT ( AVE AMBROISE ),47.7732,-3.34749,15,3,2
202100009184,185Â 294,A01,1,1,1,0,1,5,-1,-1, -1,-1,2021,40.0,2,2,0,2,1,1,1,,2,RN 104,0,,1,3,0,1,38,150,1,, -1,1,0,1,90,6,11,3,91,91340,1,1,0,2,RN 104,48.611555,2.431311,21,2,2
202100010616,182Â 759,B01,1,1,2,0,0,-1,-1,0,0,-1,2021,54.0,3,1,0,0,6,1,5,,3,27,-1,,2,2,1,1,(1),(1),1,, -1,1,0,5,50,28,10,1,38,38416,2,6,0,2,rd 27,45.14733,5.307212,16,2,2
202100025225,156Â 572,A01,2,1,1,5,1,0,-1,-1, -1,-1,2021,27.0,2,2,3,0,9,1,1,,1,A55-Sens Martigues vers Marseille,0,,-1,4,0,1,15,0,1,, -1,1,0,1,90,7,8,1,13,13071,1,1,0,1,A55-Sens Martigues vers Marseille,43.397937,5.28698,8,1,1
202100052192,108Â 420,B01,1,1,1,0,2,-1,-1,0,0,-1,2021,42.0,2,1,0,2,7,1,1,,3,172,0,D,1,1,0,1,4,394,2,, -1,2,0,1,50,8,2,2,34,34154,1,6,1,3,rond point du bocaccio,43.593567,3.947219,16,2,2
202100041004,128Â 324,A01,1,1,1,5,2,6,-1,0,0,-1,2021,62.0,0,1,0,0,2,1,1,,4,,-1,,2,2,0,2,(1),(1),4,, -1,1,0,1,50,8,5,1,64,64066,2,1,0,7,chemin Itharaco,43.179962,-1.260579,14,2,1
202100011029,182Â 010,A01,1,1,1,1,2,8,-1,-1, -1,-1,2021,59.0,2,1,0,2,8,1,1,,1,AUTOROUTE A86,0,,3,8,0,1,14,0,1,, -1,1,0,1,90,26,10,2,93,93066,1,1,0,5,AUTOROUTE A86,48.92219,2.36125,8,3,3
202100041911,126Â 703,B01,1,1,1,4,1,0,-1,-1, -1,-1,2021,57.0,2,2,0,2,4,15,1,,3,Dr AimÃ© Audubert (Rue),0,,2,2,0,1,0,290,3,, -1,2,0,1,50,28,4,1,19,19272,2,1,1,2,Dr AimÃ© Audubert (Rue),45.24991,1.76643,8,2,2
202100002320,197Â 645,B01,2,2,2,5,1,-1,-1,0,0,-1,2021,24.0,2,2,0,2,3,1,1,,3,54,0,,2,2,0,1,23,800,3,, -1,2,0,1,90,19,12,1,23,23151,1,1,1,6,D54,46.083248,2.220297,10,3,2
202100021028,164Â 075,A01,1,1,1,5,2,6,-1,-1, -1,-1,2021,63.0,3,1,0,0,0,1,1,,4,PIECE NOYEE (ROND POINT DE LA),0,,2,2,0,1,0,0,2,, -1,1,0,1,50,2,9,1,64,64102,2,1,0,7,PIECE NOYEE (ROND POINT DE LA),43.49898,-1.48138,19,1,1
202100053195,106Â 650,A01,1,1,1,4,1,0,-1,-1, -1,-1,2021,36.0,1,5,0,2,8,15,0,,7,941,0,,2,2,0,1,(1),(1),1,, -1,2,0,1,50,28,1,1,59,59350,2,3,0,3,SALENGRO ROGER RUE,50.6291405076,3.1026238521,12,2,2
202100051032,110Â 452,B01,2,2,2,5,1,0,-1,-1, -1,-1,2021,20.0,2,2,0,2,1,1,1,,3,VERSAILLES AV DE,0,,2,3,0,2,27,430,1,, -1,2,0,1,50,18,2,5,78,78498,2,3,0,1,VERSAILLES AV DE,48.92644,2.0515,21,3,2
202100010012,183Â 803,A01,1,1,1,5,2,-1,-1,-1, -1,-1,2021,16.0,1,1,0,2,1,1,1,,3,BERIGNY (QUAI),0,,2,2,0,1,41,1055,1,, -1,1,0,1,50,31,10,5,76,76259,2,9,0,3,BERIGNY (QUAI),49.76017,0.36907,18,2,2
202100047096,117Â 589,B01,1,1,2,5,2,-1,-1,0,0,-1,2021,25.0,3,1,16,2,1,1,1,,4,,-1,,2,2,0,1,(1),(1),1,, -1,2,0,1,50,23,3,1,973,97304,2,1,1,1,20 Avenue des 2 Lacs,5.162955,-52.651349,8,4,2
202100029800,148Â 524,B01,9,2,1,2,8,-1,-1,-1,0,-1,2021,5.0,1,3,0,2,7,1,1,2.0,4,KEROURVOIS ROUTE DE,0,,2,2,0,1,(1),(1),1,, -1,1,0,1,50,9,7,1,29,29051,1,1,0,3,Route de Kerourvois,48.00303,-4.05547,11,3,2
202100021619,162Â 987,B01,1,1,1,5,1,8,-1,-1, -1,-1,2021,32.0,3,2,0,2,1,1,1,,4,DUCLOS (AVENUE JACQUES),0,,2,2,0,1,(1),(1),1,, -1,1,0,1,50,30,8,1,37,37233,2,1,0,4,DUCLOS (AVENUE JACQUES),47.3809656276,0.7333263925,11,6,3
202100009960,183Â 894,A01,10,3,2,5,0,-1,-1,3,3,1,2021,87.0,2,1,0,1,1,1,1,,3,409,-1,D,3,2,0,1,0,643,1,, -1,1,0,1,50,2,11,1,6,6079,2,1,0,6,649 Avenue des Anciens Combattants,43.554993,6.941297,8,2,1
202100003585,195Â 344,A01,1,1,1,0,2,0,-1,-1, -1,-1,2021,39.0,1,1,0,2,7,17,1,,7,MONNET (AVE JEAN),0,,2,2,0,1,1,130,1,, -1,1,0,1,50,9,12,1,83,83090,1,1,0,3,MONNET (AVE JEAN),43.127603,5.860201,12,2,2
202100029507,149Â 053,A01,1,1,1,5,2,-1,-1,0,0,-1,2021,64.0,2,1,0,2,2,15,5,,3,201,0,C,2,2,0,2,5,125,3,, -1,1,0,1,80,12,7,1,73,73312,1,2,0,1,D201c,45.663347,6.311126,11,2,2
202100023371,159Â 844,A01,1,1,1,5,1,5,-1,0,0,-1,2021,26.0,3,2,2,0,1,1,1,,7,0,0,,2,2,0,1,(1),(1),1,, -1,1,5,3,50,18,8,5,44,44020,2,6,0,6,Boulevard Nelson Mandela,47.175187,-1.623986,3,1,1
202100052240,108Â 326,A01,1,1,2,1,1,0,-1,-1, -1,-1,2021,50.0,1,2,4,0,6,2,1,,2,AUTOROUTE A86,0,,1,2,0,2,49,599,3,, -1,2,0,2,70,7,2,1,94,94065,1,1,1,6,AUTOROUTE A86,48.754699438,2.3475930512,13,1,1
202100016862,171Â 480,B01,1,1,1,4,2,-1,-1,-1, -1,-1,2021,20.0,1,1,0,2,8,1,1,,7,GENAS (DE)                          (RO),0,,3,6,0,1,0,1,1,, -1,1,0,1,50,23,9,1,69,69029,2,1,0,3,GENAS (DE) (RTE),45.75108,4.90714,13,2,2
202100029042,149Â 825,A01,1,1,1,5,2,9,6,0,0,-1,2021,46.0,0,1,14,0,0,26,1,,5,23,0,H,-1,1,0,1,(1),(1),1,, -1,1,0,3,50,14,7,1,973,97309,1,1,0,7,HELICOJYP,4.896191,-52.293388,17,1,1
202100003210,196Â 034,A01,10,3,2,5,0,-1,-1,3,3,2,2021,69.0,1,5,0,1,2,1,1,,3,117,-1,D,2,2,0,1,13,700,1,, -1,1,0,8,50,14,12,1,9,9160,2,1,0,6,17 Avenue LÃ©on Blum,42.927756,1.841487,16,2,1
202100000362,201Â 064,A01,1,1,1,0,2,6,-1,-1, -1,-1,2021,23.0,3,1,0,2,1,2,1,,7,ROUTE NATIONALE 113-L'ANJOLY,0,,1,2,0,1,1,233,1,, -1,1,0,1,90,4,6,1,13,13117,1,1,0,2,ROUTE NATIONALE 113-L'ANJOLY,43.42317,5.26635,13,2,2
202100051593,109Â 472,A01,10,3,2,5,0,-1,-1,4,3,1,2021,69.0,1,2,0,1,1,1,1,,4,BOULEVARD DELESSERT,0,,3,2,0,1,(1),(1),1,, -1,1,0,1,50,13,2,1,75,75116,2,7,0,6,BOULEVARD DELESSERT,48.858504,2.284777,10,2,1
202100043745,123Â 492,B01,1,1,2,1,1,0,-1,-1, -1,-1,2021,36.0,1,2,0,2,2,1,1,,3,7,0,,-1,2,0,1,0,0,1,, -1,1,0,1,50,28,3,2,91,91174,2,1,0,1,RUE DE PARIS,48.6029,2.4688,7,2,2
202100021295,163Â 589,B01,1,1,2,1,2,0,-1,0,0,-1,2021,40.0,2,1,0,2,6,1,5,,4,AVENUE DE GRAVELLE,0,,2,2,1,1,(1),(1),1,, -1,1,0,5,50,2,9,1,75,75112,2,3,1,3,AVENUE DE GRAVELLE,48.818409,2.451584,8,2,2
202100014610,175Â 599,A01,10,3,1,0,0,-1,-1,3,3,1,2021,21.0,2,2,0,1,1,1,1,,4,SALAUN PENQUER,0,,1,2,0,1,(1),(1),3,, -1,1,5,1,50,7,10,5,29,29019,2,6,0,6,Avenue Salaun Penquer,48.38335,-4.48555,23,2,1
202100016301,172Â 496,B01,1,1,1,5,2,6,-1,0,0,-1,2021,32.0,1,1,0,2,1,13,1,,3,42,-1,R,2,2,0,1,15,100,2,, -1,1,0,1,70,25,9,1,88,88250,1,1,0,1,D42,48.108821,6.585252,18,3,2
202100041453,127Â 511,A01,1,1,1,4,8,-1,-1,0,0,-1,2021,55.0,1,4,16,0,0,1,1,,3,989,-1,,2,2,0,1,22,600,1,, -1,2,0,3,90,5,5,3,3,3132,1,1,1,7,D989,46.382472,3.572305,5,1,1
202100011842,180Â 552,A01,10,3,2,5,0,-1,-1,3,3,1,2021,68.0,2,0,0,1,1,8,3,,4,RUE DE BELLEVILLE,0,,2,2,3,2,(1),(1),1,, -1,1,-1,6,30,21,10,1,75,75120,2,1,0,6,RUE DE BELLEVILLE,48.872675,2.379098,12,2,1
202100051672,109Â 331,A01,1,1,1,9,8,-1,-1,-1, -1,-1,2021,17.0,2,1,0,2,1,25,3,,4,PLONGERON (AVENUE MAURICE) LA NEUVILLETT,0,,-1,1,0,1,(1),(1),1,, -1,1,0,4,50,12,2,1,51,51454,2,1,0,3,Avenue Maurice Plongeron Neuv,49.2932037782,4.0135332079,17,2,2
202100017687,170Â 005,A01,1,1,1,5,2,6,-1,-1, -1,-1,2021,19.0,1,1,15,2,2,25,1,,3,LOUIS ARAGON (AV),0,,2,2,0,1,1,0,1,, -1,2,0,1,50,21,9,5,94,94076,2,1,0,3,LOUIS ARAGON (AV),48.78827,2.37211,0,5,2
202100024023,158Â 705,A01,1,1,2,5,1,8,-1,0,0,-1,2021,79.0,1,2,11,0,3,13,1,,4,AVENUE DU GENERAL LECLERC,0,,2,4,0,1,(1),(1),1,, -1,1,0,1,50,13,8,5,75,75114,2,3,0,6,AVENUE DU GENERAL LECLERC,48.832235,2.330599,23,1,1
202100013729,177Â 165,A01,2,2,2,1,1,-1,-1,0,0,-1,2021,30.0,2,2,13,0,0,1,1,,3,7,0,,2,2,0,1,1,233,1,, -1,2,0,8,80,13,10,3,60,60242,1,1,1,6,D7,49.5868270604,1.944773197,3,2,1
202100053457,106Â 166,A01,10,3,1,9,0,-1,-1,2,5,1,2021,10.0,1,2,0,1,2,1,1,,4,TONNELLE (BOULEVARD),0,,2,2,0,1,(1),(1),1,, -1,2,0,1,50,27,1,1,37,37261,2,3,1,6,TONNELLE (BOULEVARD),47.3816426855,0.6682280953,17,2,1
202100033908,141Â 151,B01,1,1,1,9,8,0,-1,-1, -1,-1,2021,42.0,1,0,0,2,1,1,3,,3,992,0,,-1,1,2,2,0,0,1,, -1,2,6,5,50,17,6,1,92,92025,2,9,1,3,CHARLES DE GAULLE (BD),48.91439,2.229345,21,2,2
202100041861,126Â 801,A01,10,3,1,0,0,-1,-1,6,9,1,2021,39.0,1,4,0,9,0,0,0,,3,154,-1,,2,2,0,2,(1),(1),4,, -1,1,0,3,50,1,5,1,59,59441,2,1,0,6,Rue Wuillaume,50.27668,3.775841,17,2,1
202100037379,134Â 854,B01,1,1,1,9,2,6,-1,0,0,-1,2021,24.0,1,1,0,2,1,1,1,,2,,-1,,2,2,2,1,13,615,1,, -1,1,0,1,80,1,6,1,26,26004,1,1,0,2,1605 Route de Bayanne,45.007467,5.013344,17,2,2
202100036692,136Â 128,A01,2,2,2,5,1,-1,-1,0,0,-1,2021,38.0,1,2,13,0,2,1,1,,3,1215,-1,,2,2,0,1,81,345,1,, -1,1,0,3,80,3,6,1,33,33490,1,1,0,7,,45.442007,-1.053421,11,2,1
202100019413,166Â 931,A01,1,1,2,5,8,-1,-1,0,0,-1,2021,70.0,2,2,2,0,1,1,1,,3,357,0,D,2,2,0,1,37,700,1,, -1,1,5,3,70,13,9,1,72,72054,1,6,0,6,D357,48.007324,0.33813,15,2,1
202100056246,101Â 356,A01,1,1,1,5,2,0,-1,-1, -1,-1,2021,37.0,3,1,0,2,1,15,1,,4,JULES AVRIL,0,,1,1,0,2,(1),(1),1,, -1,1,0,1,50,1,1,1,76,76351,2,3,0,1,Rue Jules Avril,49.49764,0.09679,15,3,2
202100041431,127Â 547,B01,1,1,1,1,2,6,-1,-1, -1,-1,2021,37.0,1,1,0,2,6,15,1,,3,ASNIERES (PONT D'),0,,2,2,0,1,0,0,1,, -1,1,2,1,50,4,5,2,92,92024,2,6,0,3,CLICHY (QUAI DE) DE (8 A 60),48.9034642444,2.2895510545,21,2,2
202100055183,103Â 180,A01,10,3,1,2,0,-1,-1,4,3,1,2021,24.0,1,2,0,1,3,2,1,,3,BRIENNON (RT DE),0,,2,2,0,1,14,300,1,, -1,2,0,1,50,13,1,5,42,42127,2,1,1,6,Route de Briennon,46.0660602077,4.0741540957,8,3,2
202100020605,164Â 795,A01,1,1,1,9,1,-1,-1,0,0,-1,2021,22.0,1,2,0,0,9,1,1,,2,51,0,,3,4,0,1,87,400,1,, -1,1,0,8,110,7,9,1,8,8397,1,1,0,7,N51 - PK 87.400,49.399915,4.244542,11,1,1
202100016195,172Â 691,A01,10,3,2,3,0,-1,-1,1,3,2,2021,74.0,3,2,0,1,1,26,1,,4,QUARTIER (IMPASSE DU),0,,1,0,0,1,0,0,1,, -1,1,0,1,50,29,9,1,30,30028,2,9,0,6,QUARTIER (IMPASSE DU),44.15926,4.6264,9,2,1
202100022341,161Â 707,A01,2,2,1,5,1,-1,-1,0,0,-1,2021,65.0,1,2,0,0,0,1,1,,3,785,0,,3,4,0,1,75,400,2,, -1,1,0,2,110,28,8,1,29,29216,1,1,1,7,D785 - Ty Lipig,47.954036,-4.177079,15,2,1
202100039695,130Â 626,A01,3,2,2,5,1,8,-1,-1, -1,-1,2021,17.0,1,2,13,0,7,1,1,,3,MONTEGUT (CHEMIN DE),0,,2,2,0,1,0,0,3,, -1,2,4,1,50,15,5,1,32,32013,1,8,0,7,MONTEGUT (CHEMIN DE),43.65718,0.63799,13,4,1
202100018418,168Â 705,B01,1,1,1,1,2,6,-1,-1, -1,-1,2021,44.0,1,1,0,2,4,23,1,,3,MOULIN(RUE JEAN),0,,2,2,0,1,1,0,1,, -1,2,9,8,50,15,9,1,94,94028,2,9,1,2,MOULIN(RUE JEAN),48.77655,2.45845,9,2,2
202100016279,172Â 537,B01,2,2,2,0,1,-1,-1,0,0,-1,2021,51.0,2,2,0,2,2,1,1,,3,4,0,D,2,2,0,1,12,865,1,, -1,1,0,1,80,29,9,1,56,56236,1,2,0,3,La Belle Etoile,47.916344,-2.524353,16,3,2
202100046035,119Â 471,A01,1,1,1,5,2,-1,-1,0,0,-1,2021,53.0,1,1,0,0,2,1,5,,3,D8,0,,2,2,0,1,15,50,1,, -1,1,0,1,80,30,3,1,55,55258,1,1,0,2,D8,48.774267,5.69372,15,2,2
202100050547,111Â 343,A01,1,1,1,4,1,0,-1,-1,0,-1,2021,24.0,1,2,0,2,3,23,1,,1,AUTOROUTE A15,0,,3,9,0,1,14,899,1,, -1,1,0,1,110,22,2,1,95,95424,1,1,0,2, A15,48.9942345585,2.184600156,13,2,2
202100022304,161Â 767,A01,1,1,1,1,1,8,-1,0,0,-1,2021,36.0,2,2,0,2,4,23,2,,4,RUE ETIENNE MARCEL,0,,2,3,1,1,(1),(1),1,, -1,1,0,1,50,27,8,1,75,75101,2,2,0,2,RUE ETIENNE MARCEL,48.863637,2.34999,9,2,2
202100052869,107Â 213,B01,1,1,2,0,1,0,-1,-1, -1,-1,2021,29.0,2,2,0,2,5,1,1,,2,VERSAILLES (ROUTE DE),0,,3,4,0,1,25,970,1,, -1,2,0,1,50,1,2,5,78,78350,2,3,1,2,VERSAILLES (ROUTE DE),48.85552,2.10735,7,2,2
202100005995,191Â 082,A01,1,1,1,5,2,6,-1,0,0,-1,2021,37.0,1,1,0,0,0,1,1,,4,AVENUE DE LA PORTE D ORLEANS,0,,2,7,0,1,(1),(1),1,, -1,2,0,1,30,27,11,5,75,75114,2,1,1,7,AVENUE DE LA PORTE D ORLEANS,48.820911,2.325529,17,1,1
202100039595,130Â 809,A01,1,1,2,0,1,0,-1,0,0,-1,2021,23.0,0,2,6,0,3,1,1,,4,STADE ( RUE  DU ),0,,2,2,0,2,0,1,1,, -1,2,0,1,50,15,5,1,5,5061,2,1,1,7,STADE ( RUE  DU ),44.54833,6.06096,16,1,1
202100007366,188Â 587,A01,1,1,1,5,2,8,-1,-1, -1,-1,2021,28.0,1,1,0,2,1,18,1,,3,"JULES GUESDES  (RUE,A PARTIR 98, COTE IM",0,,1,1,1,1,1,0,1,, -1,1,0,1,50,19,11,5,93,93032,2,9,0,3,"JULES GUESDES  (RUE,A PARTIR 98, COTE IM",48.87982,2.54532,19,4,2
202100039606,130Â 794,A01,1,1,1,5,1,0,-1,0,0,-1,2021,77.0,1,2,0,2,3,13,1,,4,RUE LOUIS VICAT,0,,1,1,0,1,(1),(1),1,, -1,2,0,1,50,17,5,1,75,75115,2,1,0,2,RUE LOUIS VICAT,48.825837,2.298363,17,2,2
202100027451,152Â 659,A01,7,2,2,5,1,-1,-1,0,0,-1,2021,13.0,1,2,0,2,3,9,1,,3,613,0,D,2,4,0,1,52,778,1,, -1,1,9,1,80,24,7,1,27,27210,1,2,0,1,D613,49.130689,0.81323,14,4,2
202100045876,119Â 755,B01,1,1,1,5,2,-1,-1,0,0,-1,2021,18.0,3,1,0,0,1,1,5,,7,306,-1,,2,2,0,2,(1),(1),1,, -1,1,0,1,80,31,3,1,69,69117,1,3,0,3,RD306,45.8565923895,4.7381329536,17,2,2
202100003283,195Â 895,A01,1,1,1,9,2,6,-1,0,0,-1,2021,25.0,1,1,0,2,1,17,1,,3,81,0,D,2,2,0,1,3,300,1,, -1,1,0,1,70,14,12,1,201,201006,1,1,0,3,Cardichioza,41.977235,8.779846,12,3,2
202100032794,143Â 158,A01,1,1,1,5,2,-1,-1,0,0,-1,2021,17.0,1,1,3,0,2,1,1,,3,947,-1,,2,1,0,1,(1),(1),1,,3,1,0,3,70,23,6,3,59,59268,2,1,0,6,D947 Rue du grand chemin,50.63137,2.73959,23,2,1
202100033542,141Â 815,B01,1,1,1,0,2,8,-1,-1, -1,-1,2021,21.0,2,1,1,0,0,21,1,,3,46,0,,2,0,0,2,0,0,1,, -1,1,0,1,30,18,6,1,91,91570,2,7,0,7,MONTLHERY (RUE),48.6354,2.3047,11,3,3
202100044285,122Â 507,B01,1,1,1,1,2,6,-1,-1, -1,-1,2021,36.0,1,1,0,2,9,0,1,,7,GOUMS (AVENUE DES),0,,2,1,0,1,0,0,3,, -1,2,0,1,50,11,4,5,13,13005,2,3,1,1,GOUMS (AVENUE DES),43.2899,5.55982,21,2,2
202100007473,188Â 393,A01,10,3,1,2,8,8,-1,9,3,1,2021,11.0,1,2,0,2,3,18,1,,4,,0,,2,2,0,2,0,0,1,, -1,1,0,1,30,18,11,1,92,92002,2,1,0,6,GARENNES (RUE DES),48.7397616235,2.2843542695,8,2,1
202100040860,128Â 593,A01,1,1,1,0,2,6,-1,-1, -1,-1,2021,27.0,1,1,0,2,1,3,1,,1,A86,0,,1,2,0,1,6,650,1,, -1,1,1,1,70,7,5,1,92,92036,1,1,0,2,A86,48.93421,2.27036,18,2,2
202100032901,142Â 952,A01,1,1,1,4,2,6,-1,0,0,-1,2021,27.0,1,1,0,2,1,2,1,,4,AVENUE VICTOR HUGO,0,,2,2,0,1,(1),(1),1,, -1,2,0,1,50,21,6,5,75,75116,2,1,0,2,AVENUE VICTOR HUGO,48.870884,2.288231,23,2,2
202100022755,160Â 926,A01,10,3,1,0,0,-1,-1,2,3,1,2021,35.0,2,2,0,1,2,1,1,,3,MARCEL BOYER (QU),0,,2,5,3,1,0,0,1,, -1,1,0,1,50,23,8,1,94,94041,2,1,0,1,MARCEL BOYER (QU),48.82188,2.39343,12,2,1
202100024869,157Â 206,A01,1,1,1,0,2,6,-1,-1, -1,-1,2021,16.0,2,1,0,2,5,1,1,,3,BAB (Boulevard),0,,2,3,0,1,(1),(1),1,, -1,1,0,1,50,9,8,1,64,64102,2,1,0,7,BAB (Boulevard),43.49521,-1.48226,18,1,1
202100002094,198Â 054,A01,1,1,1,5,0,-1,-1,0,0,-1,2021,11.0,3,1,0,2,8,19,5,,3,106,0,D,2,2,0,2,22,500,1,, -1,1,0,1,70,21,12,2,49,49292,1,2,0,1,D106 Lieu Dit le Petit Beauvais ST AUBIN DE LUIGNE106,47.332868,-0.653413,17,2,2
202100023996,158Â 746,B01,1,1,1,5,2,6,-1,-1,0,-1,2021,29.0,1,1,0,2,1,1,1,,3,BD GAMBETTA,0,,2,2,0,1,3,130,1,, -1,1,0,1,50,15,8,5,95,95582,2,4,0,3,RD 14,48.9746914134,2.2502848506,21,2,2
202100002780,196Â 797,A01,1,1,2,9,8,0,-1,-1, -1,-1,2021,45.0,2,2,0,0,9,13,1,,3,CÃTE DE LASCANAUX (RN120),0,,-1,2,0,2,2,178,2,, -1,1,0,8,90,12,12,1,15,15267,1,1,0,7,CÃTE DE LASCANAUX (RN120),44.92318,2.40171,13,1,1
202100031930,144Â 672,B01,1,1,1,5,2,-1,-1,0,0,-1,2021,64.0,1,0,0,2,8,9,3,,3,31,0,,4,2,1,1,(1),(1),1,, -1,1,5,1,50,8,6,1,66,66021,2,6,0,3,Avenue de Lamans,42.72118,2.932287,10,2,2