Num_Acc,id_vehicule,num_veh,place,catu,sexe,trajet,secu1,secu2,secu3,locp,actp,etatp,year_acc,victim_age,senc,catv,obs,obsm,choc,manv,motor,occutc,catr,voie,v1,v2,circ,nbv,vosp,prof,pr,pr1,plan,lartpc,larrout,surf,infra,situ,vma,jour,mois,lum,dep,com,agg_,int,atm,col,adr,lat,long,hour,nb_victim,nb_vehicules
202100051268,110Â 039,B01,1,1,1,9,2,6,-1,-1, -1,-1,2021,66.0,2,1,1,0,1,9,5,,7,ALMANARRE (ROUTE DE L'),0,,2,2,0,1,46,170,1,, -1,1,9,1,50,15,2,1,83,83069,1,1,0,6,ALMANARRE (ROUTE DE L'),43.0808,6.1275,12,1,1
202100004194,194Â 258,B01,1,1,2,5,1,8,-1,-1, -1,-1,2021,65.0,3,2,0,2,4,1,1,,7,Autoroute A.351,0,,1,1,0,2,0,1,2,, -1,1,0,1,50,6,12,3,67,67482,1,1,0,4,M351,48.58744,7.71086,17,3,3
202100026717,153Â 960,A01,1,1,2,0,2,6,-1,0,0,-1,2021,29.0,1,1,13,0,0,2,1,,3,956,-1,,2,2,0,2,36,300,3,, -1,1,0,8,80,28,7,1,89,89279,1,1,0,7,D956,47.693472,4.023356,18,1,1
202100030503,147Â 244,B01,1,1,1,5,2,6,-1,-1, -1,-1,2021,25.0,1,1,4,2,3,18,1,,1,A7-Sens Marseille vers Lyon,0,,1,2,0,1,267,0,1,, -1,1,0,1,110,6,7,1,13,13071,1,1,0,3,A7-Sens Marseille vers Lyon,43.40401,5.30191,8,2,2
202100030994,146Â 331,A01,1,1,1,0,2,8,-1,-1, -1,-1,2021,46.0,1,1,0,2,1,26,1,,2,VOIE RAPIDE URBAINE,0,,3,6,0,1,2,930,1,, -1,1,1,1,90,25,6,1,73,73065,1,1,0,2,N201 VRU,45.575202,5.928766,17,2,2
202100048427,115Â 197,A01,1,1,1,0,2,6,-1,0,0,-1,2021,19.0,3,1,0,2,1,17,1,,7,CURIE PIERRE ET MARIE AVENUE,0,,2,2,0,1,(1),(1),1,, -1,1,0,1,50,11,3,1,6,6123,1,1,0,3,CURIE PIERRE ET MARIE AVENUE,43.693006,7.185159,15,2,2
202100046344,118Â 935,B01,2,2,1,4,1,-1,-1,-1, -1,-1,2021,26.0,1,2,0,2,1,1,1,,4,LUXEMBOURG    (Rue du),0,,1,1,0,1,(1),(1),1,, -1,1,0,1,50,27,3,5,69,69266,2,1,0,2,LUXEMBOURG (DU) (R),45.74945,4.9144,19,5,2
202100009372,184Â 953,B01,1,1,1,5,0,-1,-1,0,0,-1,2021,76.0,3,1,0,0,8,1,5,,4,,-1,,2,2,0,1,(1),(1),1,,5,1,0,1,80,5,11,1,22,22008,1,1,1,3,Rue des FougÃ¨res,48.413903,-2.096323,17,2,2
202100055297,102Â 978,A01,1,1,1,9,8,0,-1,-1, -1,-1,2021,33.0,3,2,0,2,1,1,1,,4,Rue Turgot,0,,2,0,0,1,(1),(1),1,, -1,1,0,1,50,12,1,5,59,59512,2,3,0,1,TURGOT (RUE),50.70256,3.17443,21,5,2
202100050059,112Â 261,A01,10,3,1,9,0,-1,-1,2,3,1,2021,19.0,2,1,0,1,1,1,1,,4,RUE DE LA CONVENTION,0,,2,2,0,1,(1),(1),1,, -1,1,0,1,50,26,2,1,75,75115,2,1,0,6,RUE DE LA CONVENTION,48.837842,2.295087,14,2,1
202100031099,146Â 151,A01,10,3,2,5,0,-1,-1,3,3,1,2021,11.0,3,2,0,1,2,1,1,,4,RUE DOCTEUR CALMETTE,0,,2,2,0,1,(1),(1),1,, -1,1,0,2,50,2,7,1,38,38185,2,2,0,6,Rue Docteur Calmette,45.18079,5.70864,13,2,1
202100038337,133Â 104,B01,1,1,1,5,8,0,-1,-1, -1,-1,2021,25.0,2,1,0,2,1,1,3,,4,NUNGESSER-ET-COLI (BOULEVARD),0,,2,2,0,1,0,0,1,, -1,1,0,4,50,22,5,1,66,66136,2,1,0,3,NUNGESSER-ET-COLI (BOULEVARD),42.68159,2.89317,18,2,2
202100044060,122Â 922,B01,1,1,1,5,2,0,-1,-1, -1,-1,2021,53.0,1,1,2,2,3,24,0,,4,PIERRE BROSSOLETTE,0,,1,1,0,1,0,0,1,, -1,1,6,4,30,13,4,1,93,93051,2,1,0,2,PIERRE BROSSOLETTE,48.84811,2.54858,7,2,2
202100040714,128Â 837,B01,2,2,2,5,1,-1,-1,-1,0,-1,2021,28.0,2,2,0,2,4,2,1,,1,AUTOROUTE A1,0,,3,10,0,1,16,200,1,, -1,1,0,1,110,9,5,1,95,95527,1,1,0,2,A1,48.98762,2.50797,14,3,2
202100026154,154Â 943,A01,1,1,1,9,8,0,-1,0,0,-1,2021,34.0,2,2,0,2,7,1,1,,4,BOULEVARD PASTEUR,0,,1,1,0,2,(1),(1),1,, -1,1,0,1,50,31,7,2,75,75115,2,4,0,3,BOULEVARD PASTEUR,48.841553,2.314013,6,2,2
202100054007,105Â 215,B01,2,2,2,5,1,-1,-1,0,0,-1,2021,44.0,3,2,0,2,3,1,1,,4,,0,,4,2,0,1,(1),(1),1,, -1,1,0,1,50,23,1,5,38,38087,2,2,0,5,Chemin Laurent Devalors,45.574737,4.8125,17,7,3
202100009393,184Â 911,A01,10,3,1,5,0,-1,-1,2,4,1,2021,88.0,2,1,0,1,1,1,5,,4,AVENUE MOZART,0,,1,2,0,4,(1),(1),1,, -1,1,0,1,50,10,8,1,75,75116,2,1,0,6,AVENUE MOZART,48.850233,2.266975,14,2,1
202100015623,173Â 747,B01,1,1,1,4,1,0,-1,-1, -1,-1,2021,44.0,3,5,4,4,1,1,1,,2,RTE N113 MARSEILLE A BORBEAUX,0,,3,4,0,1,73,500,1,, -1,1,0,1,110,1,10,3,13,13004,1,1,0,1,RTE N113 MARSEILLE A BORBEAUX,43.6523,4.66834,5,4,4
202100005768,191Â 482,A01,1,1,1,0,2,6,-1,0,0,-1,2021,29.0,1,1,6,0,0,1,1,,4,PARTOUNEAUX (RUE),0,,1,1,0,1,(1),(1),3,, -1,1,0,1,50,28,11,5,6,6083,2,1,0,6,PARTOUNEAUX (RUE),43.77477,7.50074,21,1,1
202100037514,134Â 612,B01,2,2,2,9,1,-1,-1,0,0,-1,2021,41.0,2,2,0,0,4,2,1,,1,6,0,A,3,6,0,1,416,600,1,, -1,1,0,1,130,30,5,3,69,69206,1,1,0,4,"Autoroute A6, PK 416+600, Sens LYON - PARIS",46.0651538801,4.7389838026,22,6,3
202100014663,175Â 506,A01,10,3,1,0,0,-1,-1,5,3,1,2021,43.0,1,5,16,1,4,4,1,,3,,0,,1,1,0,1,0,0,1,, -1,1,8,4,50,6,10,1,92,92025,2,9,0,6,PIERRE DE COUBERTIN (BD),48.9285452807,2.2509719806,11,2,1
202100019912,166Â 038,B01,2,2,2,0,1,0,-1,-1, -1,-1,2021,35.0,1,2,0,2,4,1,1,,3,STALINGRAD - CAR DES TROIS COMMUNES (BD,0,,1,4,0,1,1,0,1,, -1,1,3,1,70,9,9,1,94,94073,1,1,0,2,STALINGRAD - CAR DES TROIS COMMUNES (BD,48.7726061424,2.4000878333,11,5,2
202100016043,172Â 978,B01,1,1,1,5,2,6,-1,-1, -1,-1,2021,31.0,1,1,0,2,1,3,1,,1,AUTOROUTE A6A,0,,1,3,0,1,6,599,1,, -1,1,0,1,90,30,9,1,94,94021,1,1,0,5,AUTOROUTE A6A,48.7609,2.339,18,3,3
202100035566,138Â 142,A01,10,3,2,2,0,-1,-1,3,3,2,2021,5.0,2,2,0,1,2,15,1,,3,VERDUN (RUE DE),0,,1,1,0,1,1,0,1,, -1,1,0,1,50,8,6,1,93,93064,2,3,0,3,VERDUN (RUE DE),48.87696,2.48029,16,2,1
202100018890,167Â 882,A01,1,1,1,0,1,4,-1,-1, -1,-1,2021,21.0,2,2,0,2,3,2,1,,1,A86,0,,3,8,0,1,7,800,1,, -1,2,0,1,90,15,9,1,92,92036,1,1,1,4,A86,48.9352904563,2.2839322475,14,3,3
202100038736,132Â 385,B01,1,1,2,0,1,0,-1,-1, -1,-1,2021,29.0,3,2,0,2,8,1,1,,4,DE LA BALANCE (CHEMIN),0,,2,1,0,1,(1),(1),4,, -1,1,2,1,50,21,5,1,971,97101,1,1,0,4,DE LA BALANCE (CHEMIN),16.2938908503,-61.5013616581,13,3,3
202100033262,142Â 315,A01,2,2,1,5,1,-1,-1,0,0,-1,2021,45.0,2,2,13,0,1,1,1,,3,267,-1,,2,2,0,1,0,500,1,, -1,2,0,3,70,20,6,1,53,53062,2,1,0,6,Avenue Saint Fort,47.809898,-0.708339,11,2,1
202100035112,138Â 940,A01,1,1,1,5,1,-1,-1,0,0,-1,2021,75.0,2,2,0,2,3,13,1,,3,194,0,D,2,2,0,1,2,240,1,, -1,1,0,1,80,11,6,1,56,56094,1,1,0,1,Lieu Dit Locadour,47.760445,-3.264924,19,2,2
202100036963,135Â 629,B01,1,1,1,3,2,6,-1,-1, -1,-1,2021,73.0,3,1,12,2,7,2,1,,4,GUILLEMARD (RUE ROBERT),0,,3,3,0,1,0,0,1,, -1,1,0,1,50,1,6,1,83,83137,2,1,0,3,GUILLEMARD (RUE ROBERT),43.12609,5.9225,18,2,2
202100015759,173Â 500,A01,1,1,1,0,1,0,-1,-1, -1,-1,2021,29.0,1,2,1,0,2,1,1,,4,SEGUIN(RUE MARC),0,,2,2,0,1,1,0,1,, -1,1,0,1,50,1,10,1,94,94028,2,1,0,6,Rue Marc Seguin,48.7853,2.43404,8,1,1
202100034388,140Â 271,A01,1,1,1,1,2,-1,-1,0,0,-1,2021,56.0,2,1,0,0,0,1,1,,2,94,0,,2,2,0,1,141,890,2,, -1,1,0,1,80,15,6,1,5,5006,1,1,0,7,N94,44.771127,6.561306,18,1,1
202100006874,189Â 500,A01,1,1,1,1,1,-1,-1,0,0,-1,2021,20.0,1,2,8,0,3,0,1,,3,933,0,D,2,2,0,2,5,825,4,, -1,1,0,3,70,22,11,2,24,24274,1,1,0,6,Cote du peyrat,44.799987,0.463791,7,1,1
202100014427,175Â 908,B01,1,1,1,1,2,4,-1,-1, -1,-1,2021,25.0,3,1,0,2,1,1,0,,4,,0,,2,2,0,1,(1),(1),1,, -1,1,0,1,50,6,10,1,94,94028,2,9,0,3,Rue Saussure,48.7697574754,2.471794456,12,2,2
202100035688,137Â 922,A01,2,2,1,5,1,0,-1,-1, -1,-1,2021,0.0,0,2,0,2,1,2,1,,4,APPEL DU 18 JUIN 1940 (AV.DE L'),0,,1,2,0,1,0,0,1,, -1,1,0,1,50,7,6,1,77,77284,2,1,0,2,APPEL DU 18 JUIN 1940 (AV.DE L'),48.95161,2.909424,12,3,2
202100039580,130Â 836,B01,1,1,1,1,1,-1,-1,-1, -1,-1,2021,26.0,2,2,0,2,4,1,1,,2,LONGCHAMPS (PORTE DES),0,,3,3,0,1,23,413,1,, -1,1,0,1,90,17,5,1,35,35051,1,1,0,4,LONGCHAMPS (PORTE DES),48.14025,-1.63095,16,4,4
202100030368,147Â 480,B01,1,1,1,9,2,0,-1,-1, -1,-1,2021,39.0,0,1,0,0,0,1,5,,7,FOSSE ( QUAI DE LA ),0,,1,1,1,1,(1),(1),1,, -1,1,0,1,30,6,7,1,44,44109,2,1,0,3,FOSSE ( QUAI DE LA ),47.21034,-1.56303,15,2,2
202100020099,165Â 697,A01,2,2,2,5,2,6,-1,0,0,-1,2021,40.0,2,1,0,2,1,2,1,,4,QUAI BRANLY,0,,1,2,0,1,(1),(1),1,, -1,1,0,1,30,6,9,1,75,75107,2,3,0,2,QUAI BRANLY,48.860535,2.295639,9,3,2
202100039799,130Â 441,A01,1,1,2,0,1,8,-1,-1, -1,-1,2021,66.0,1,2,0,0,0,1,1,,2,CRIQUE FOUILLEE (ROND POINT),0,,3,4,0,1,4,50,1,, -1,2,9,8,80,15,5,1,973,97302,1,1,1,7,CRIQUE FOUILLEE (ROND POINT),4.8968421495,-52.3285195828,12,1,1
202100043754,123Â 475,A01,1,1,1,0,2,-1,-1,-1, -1,-1,2021,20.0,3,1,0,2,1,26,1,,4,RAYMOND POINCARE    (Pont),0,,2,6,3,1,(1),(1),1,, -1,1,0,1,50,16,4,5,69,69266,2,1,0,2,BATAILLE DE STALINGRAD (DE LA) (BD),45.78456,4.86006,22,2,2
202100031859,144Â 810,B01,1,1,1,0,2,0,-1,0,0,-1,2021,16.0,1,1,0,2,1,19,1,,4,JAURES (BD JEAN),0,,1,2,0,1,(1),(1),1,, -1,1,0,1,50,28,6,5,63,63113,2,2,0,3,JAURES (BD JEAN),45.76789,3.08409,2,2,2
202100016018,173Â 031,A01,1,1,2,0,1,-1,-1,0,0,-1,2021,61.0,2,2,0,2,4,2,1,,3,307,-1,,3,2,0,1,21,230,1,, -1,1,0,1,80,1,10,1,78,78233,1,1,0,2,D307,48.867984,1.965162,9,2,2
202100008896,185Â 837,B01,1,1,2,1,1,-1,-1,0,0,-1,2021,54.0,2,2,0,0,1,1,1,,3,1205,-1,,2,2,0,1,(1),(1),1,, -1,1,0,1,80,8,11,4,74,74264,1,1,0,1,D1205,46.059861,6.562808,5,2,2
202100045101,121Â 119,A01,10,3,2,5,0,-1,-1,3,3,2,2021,5.0,2,2,12,1,1,26,2,,3,SAINT-NICOLAS (RUE DU FAUBOURG),0,,3,1,0,1,(1),(1),1,, -1,1,9,1,50,2,4,1,21,21054,2,1,0,6,25 Rue du Faubourg Saint-Nicolas,47.02875,4.84003,17,4,1
202100035242,138Â 703,B01,1,1,1,0,2,6,-1,-1, -1,-1,2021,17.0,3,1,0,9,1,1,1,,4,TOURNELLES (RUE DES),0,,2,2,0,1,0,0,1,, -1,1,0,1,50,10,6,1,74,74012,2,1,0,3,TOURNELLES (RUE DES),46.19729,6.24265,17,3,2
202100041367,127Â 665,B01,1,1,1,1,2,6,9,0,0,-1,2021,55.0,1,1,0,2,1,1,1,,3,979,0,,2,2,0,1,73,150,3,, -1,1,5,1,80,6,5,1,30,30006,1,4,0,6,D979,43.7084,4.213622,16,2,2
202100002792,196Â 776,A01,1,1,2,5,1,0,-1,0,0,-1,2021,26.0,2,2,1,0,1,14,1,,4,BOULEVARD JOURDAN,0,,1,2,0,1,(1),(1),1,, -1,1,0,1,30,15,12,5,75,75114,2,1,0,6,BOULEVARD JOURDAN,48.82089,2.335887,17,1,1
202100045067,121Â 175,C01,1,1,1,5,2,-1,-1,0,0,-1,2021,76.0,2,1,0,2,1,2,5,,3,2,0,,2,2,0,1,20,250,1,, -1,1,0,1,80,4,4,1,70,70058,1,1,0,4,RD 2,47.500416,5.667561,9,3,3
202100027345,152Â 844,A01,1,1,1,0,2,6,-1,-1, -1,-1,2021,39.0,0,1,0,2,1,2,0,,4,STALINGRAD (PL DE) MAISON ASS ET PALAIS,0,,3,2,0,2,0,0,1,, -1,1,9,1,50,23,7,1,72,72181,2,1,0,3,STALINGRAD (PL DE) MAISON ASS ET PALAIS,48.00032,0.19244,17,2,2
202100022003,162Â 304,B01,1,1,1,5,0,-1,-1,0,0,-1,2021,40.0,3,1,0,2,1,0,1,,4,210,-1,,2,2,0,1,1,700,2,, -1,1,0,1,50,29,8,1,85,85264,1,1,0,1,la pilletiere,46.678166,-0.67066,17,2,2
202100047023,117Â 721,A01,1,1,1,0,2,6,-1,-1, -1,-1,2021,61.0,0,1,0,2,2,2,1,,4,CESAR FRANCK (RUE),0,,2,8,0,1,0,0,2,, -1,1,0,1,50,22,3,1,91,91477,2,2,0,3,CESAR FRANCK (RUE),48.71762,2.24045,13,2,2
202100050084,112Â 214,B01,1,1,1,1,2,0,-1,-1, -1,-1,2021,49.0,3,1,1,0,1,1,5,,4,,0,,-1,2,0,3,0,0,1,, -1,1,0,1,50,26,2,1,92,92050,2,1,0,3,GARE RUE DE LA,48.8959327163,2.198449947,8,2,2
202100008714,186Â 158,A01,1,1,2,1,2,-1,-1,-1, -1,-1,2021,33.0,2,1,0,2,0,2,3,,3,MONTFOULON (CHEMIN DE),0,,2,2,0,1,1,300,1,, -1,1,0,3,80,4,11,1,61,61143,1,1,0,7,MONTFOULON (CHEMIN DE),48.44253,0.05978,13,1,1
202100016068,172Â 929,B01,1,1,2,5,8,-1,-1,-1, -1,-1,2021,59.0,3,2,0,2,1,15,1,,4,PIERRE COT                          (AV),0,,-1,2,0,1,(1),(1),1,, -1,1,0,1,50,29,9,1,69,69259,2,4,0,1,PIERRE COT  (AV),45.7032636184,4.8946746051,17,2,2
202100006238,190Â 655,B01,1,1,1,0,2,6,-1,-1, -1,-1,2021,47.0,1,1,0,2,1,21,1,,2,MONS (ROUTE DE),0,,-1,2,0,1,32,0,1,, -1,1,0,1,50,24,11,1,59,59392,2,1,0,3,MONS (ROUTE DE),50.2948435387,3.9762273994,16,2,2
202100005208,192Â 465,A01,10,3,2,0,0,-1,-1,3,3,1,2021,66.0,0,2,0,1,3,15,1,,4,,0,,1,1,0,1,0,0,1,, -1,1,0,1,50,25,11,2,92,92063,2,2,0,6,REPUBLIQUE (AVENUE DE LA),48.8808381574,2.1744856238,7,2,1
202100012245,179Â 834,B01,2,2,2,9,2,6,-1,0,0,-1,2021,23.0,1,1,0,2,3,1,1,,4,RUE DU POTEAU,0,,2,3,0,1,(1),(1),2,, -1,1,0,1,30,19,10,5,75,75118,2,2,0,3,RUE DU POTEAU,48.896758,2.338458,21,3,2
202100035590,138Â 100,A01,1,1,2,1,2,-1,-1,0,0,-1,2021,24.0,3,1,0,0,0,15,1,,4,,-1,,-1,2,0,2,(1),(1),2,,4,1,0,1,50,10,6,3,83,83048,1,1,0,6,Le Parc des Chenes,43.204339,6.562057,0,1,1
202100037036,135Â 499,A01,1,1,1,4,2,6,-1,0,0,-1,2021,59.0,2,1,0,2,3,3,1,,4,PORTE DE CLIGNANCOURT,0,,1,4,0,1,22,400,1,, -1,1,0,1,70,1,6,1,75,75118,2,1,0,2,PORTE DE CLIGNANCOURT,48.901194,2.350747,10,2,2
202100002783,196Â 792,A01,10,3,1,0,0,-1,-1,2,3,2,2021,2.0,1,2,0,1,1,1,1,,4,BENEDIT (RUE),0,,2,2,0,2,0,0,1,, -1,1,0,1,50,13,12,5,13,13201,2,1,0,1,BENEDIT (RUE),43.30693,5.39269,17,2,1
202100054609,104Â 172,A01,1,1,2,1,2,8,-1,-1, -1,-1,2021,33.0,1,1,0,2,2,17,1,,4,JULES GUESDE (QU),0,,2,2,0,1,0,0,1,, -1,1,0,1,50,18,1,1,94,94081,2,3,0,3,JULES GUESDE (QU),48.80289,2.41034,10,2,2
202100036696,136Â 121,B01,1,1,1,5,1,-1,-1,0,0,-1,2021,41.0,1,2,11,2,8,1,1,,3,518,0,D,2,2,0,1,22,800,2,, -1,1,5,1,50,4,6,1,38,38399,2,3,0,3,D518,45.502426,5.128915,17,5,2
202100014152,176Â 394,A01,10,3,1,5,0,-1,-1,2,3,1,2021,63.0,1,2,0,1,0,1,1,,4,LASSALLE (RUE GEORGES),0,,2,2,0,1,0,0,1,, -1,1,0,1,50,8,10,1,65,65440,2,1,0,6,LASSALLE (RUE GEORGES),43.23442,0.07239,16,2,1
202100016445,172Â 234,A01,10,3,1,2,0,-1,-1,1,2,1,2021,10.0,3,2,0,1,1,2,1,,4,ANNE FRANCK (RUE),0,,2,2,0,1,0,0,1,, -1,2,0,1,50,27,9,1,91,91549,2,1,1,6,ANNE FRANCK (RUE),48.63867,2.3422,14,2,1
202100048702,114Â 702,B01,1,1,1,9,8,0,-1,0,0,-1,2021,54.0,1,1,0,2,1,1,5,,4,RUE DE BELLECHASSE,0,,1,2,1,1,(1),(1),1,, -1,1,-1,5,50,9,3,5,75,75107,2,2,0,3,RUE DE BELLECHASSE,48.856471,2.321121,20,3,2
202100005563,191Â 855,B01,1,1,2,0,1,8,-1,-1, -1,-1,2021,24.0,3,2,0,2,2,2,1,,4,KLEBER (AVENUE),0,,1,2,0,1,0,0,1,, -1,2,0,1,50,30,11,1,93,93005,2,3,1,3,KLEBER (AVENUE),48.9427,2.49478,9,2,2
202100028947,149Â 984,A01,1,1,1,9,1,0,-1,-1, -1,-1,2021,39.0,2,2,0,2,4,23,1,,1,A13,0,,1,3,0,1,48,2600,1,, -1,1,0,1,110,14,7,5,78,78118,1,1,0,2,A13,48.9819,1.68953,23,4,2
202100017394,170Â 542,B01,1,1,1,5,2,6,-1,0,0,-1,2021,35.0,2,1,0,2,1,3,1,,1,A4,0,,3,3,0,1,12,800,1,, -1,1,0,1,110,24,9,3,93,93051,1,1,0,3,A4,48.83662,2.54894,19,2,2
202100040413,129Â 374,B01,1,1,2,0,1,-1,-1,0,0,-1,2021,52.0,1,2,6,2,7,1,1,,3,704,-1,,2,2,0,2,5,900,1,, -1,2,0,1,50,11,5,1,87,87205,2,3,1,3,17 Avenue FrÃ©dÃ©ric le Play,45.751946,1.289703,8,2,2
202100050599,111Â 244,B01,1,1,1,0,8,0,-1,-1, -1,-1,2021,35.0,1,5,12,0,0,0,1,,3,ALLIES (BD DES),0,,3,4,0,2,1,0,4,, -1,1,3,8,50,20,2,3,94,94017,1,1,0,6,ALLIES (BD DES),48.82977,2.49158,23,4,2
202100056371,101Â 140,A01,1,1,2,4,0,-1,-1,0,0,-1,2021,28.0,3,2,16,0,0,13,1,,4,1,-1,,2,2,0,1,(1),(1),2,, -1,1,0,1,-1,3,1,1,988,98809,1,1,0,7,RM1,-22.620013,167.447047,11,1,1
202100043149,124Â 544,B01,1,1,1,5,2,6,-1,-1, -1,-1,2021,58.0,2,1,0,2,7,1,1,,1,A21 sortante ,0,,1,1,0,1,7,0,3,, -1,2,3,1,50,17,3,1,62,62528,1,4,1,3,BETHUNE (RTE DE),50.44918,2.79163,9,2,2
202100027661,152Â 276,A01,1,1,1,0,1,0,-1,-1, -1,-1,2021,53.0,2,2,0,2,4,1,1,,1,A50-Sens Aubagne vers Marseille,0,,3,3,0,1,6,900,1,, -1,1,0,1,90,18,7,1,13,13211,1,1,0,2,A50-Sens Aubagne vers Marseille,43.2924,5.47915,19,2,2
202100021977,162Â 346,A01,1,1,1,5,1,-1,-1,0,0,-1,2021,23.0,1,2,13,0,2,0,1,,3,45,-1,,2,2,0,1,1,510,1,, -1,1,0,3,70,29,8,2,89,89104,1,1,0,6,d45,47.799437,3.812142,20,1,1
202100007922,187Â 583,B01,1,1,1,0,2,6,-1,0,0,-1,2021,34.0,1,1,0,2,7,1,1,,3,728,-1,,2,2,0,1,37,553,1,, -1,1,0,1,50,9,11,4,17,17219,2,3,0,3,D728,45.831991,-1.124178,18,2,2
202100001949,198Â 318,A01,1,1,1,5,8,-1,-1,0,0,-1,2021,25.0,3,2,6,0,1,1,1,,7,6202,0,,1,2,0,1,(1),(1),2,, -1,1,0,1,90,22,12,3,6,6151,1,1,0,6,M6202,43.909871,7.193499,22,1,1
202100032969,142Â 826,B01,1,1,1,5,2,6,-1,0,0,-1,2021,55.0,1,1,0,2,1,1,1,,3,4,-1,,2,2,0,2,86,976,1,, -1,1,0,1,80,22,6,1,4,4230,1,1,0,1,RD 4,43.82927,5.862523,15,3,3
202100006343,190Â 454,B01,1,1,1,5,2,-1,-1,0,0,-1,2021,19.0,2,1,0,0,8,21,1,,2,01,-1,,2,2,1,1,12,100,1,, -1,1,0,1,60,25,11,5,987,98738,1,1,0,3,PK 12.100 RT1 Face Ã  la servitude PAPEHIAROUO,-17.615065,-149.614424,19,2,2
202100037461,134Â 703,B01,1,1,2,5,8,0,-1,-1, -1,-1,2021,90.0,2,1,0,2,1,2,5,,3,907,0,,2,-1,0,1,0,0,1,, -1,1,0,1,50,30,5,1,92,92047,2,1,0,3,RAYMOND POINCARE,48.8381,2.1754,15,2,2
202100024699,157Â 494,B01,2,2,2,0,1,0,-1,-1, -1,-1,2021,62.0,1,2,0,0,0,0,1,,1,13,0,,3,4,0,1,3,200,1,, -1,1,0,1,110,11,8,1,92,92064,1,1,0,4,A13,48.8405738553,2.2205005028,17,5,3
202100008050,187Â 342,B01,1,1,1,9,8,0,-1,0,0,-1,2021,34.0,2,1,0,2,1,1,5,,4,AVENUE DU MAINE,0,,1,1,0,1,(1),(1),1,, -1,1,0,1,30,22,10,1,75,75114,2,4,0,3,AVENUE DU MAINE,48.840158,2.321885,8,2,2
202100028806,150Â 231,A01,1,1,1,9,1,0,-1,-1, -1,-1,2021,21.0,3,2,2,0,1,13,1,,3,D.215,0,,2,2,0,1,0,620,1,, -1,1,0,3,70,15,7,1,77,77269,1,1,0,6,D215,48.5675402131,2.7018880405,12,1,1
202100034476,140Â 098,A01,1,1,1,1,2,6,-1,0,0,-1,2021,61.0,2,1,0,0,0,1,1,,3,87,-1,,2,2,0,2,26,265,3,, -1,9,0,1,80,14,6,1,81,81202,1,1,0,7,D87,43.8264336405,1.8615442514,18,1,1
202100022238,161Â 891,A01,1,1,1,5,2,6,-1,-1, -1,-1,2021,20.0,2,1,0,0,1,1,1,,4,MARINES (AVENUE DES ALLEES),0,,2,2,0,1,0,0,1,, -1,1,0,1,30,28,8,5,64,64102,2,1,0,7,MARINES (AVENUE DES ALLEES),43.497627,-1.485508,2,1,1
202100028640,150Â 520,B01,1,1,2,5,8,0,-1,-1, -1,-1,2021,24.0,1,1,5,2,1,9,5,,4,CAMUS BOULEVARD,0,,2,2,0,1,1,0,3,, -1,1,0,1,30,16,7,1,49,49007,2,6,0,3,CAMUS BOULEVARD,47.4834866767,-0.5756945908,7,2,2
202100023206,160Â 140,A01,1,1,1,9,0,-1,-1,0,0,-1,2021,22.0,1,2,1,0,1,1,1,,7,1,0,M,2,2,0,1,1,850,1,,"5,5",1,0,8,50,21,8,1,6,6122,2,1,0,6,510 Route de la Baronne,43.746194,7.17807,19,2,1
202100026282,154Â 714,A01,1,1,2,5,2,6,-1,-1, -1,-1,2021,27.0,1,1,0,0,0,1,1,,3,ESPAGNE (AVENUE D'),0,,2,2,0,1,19,569,3,, -1,1,0,1,50,26,7,1,64,64125,2,1,0,7,ESPAGNE (AVENUE D'),43.42707,-1.60383,16,1,1
202100044286,122Â 506,B01,1,1,1,9,1,0,-1,-1, -1,-1,2021,19.0,3,2,0,2,7,1,1,,3,PECLET (RUE),0,,2,2,0,1,0,0,1,, -1,1,9,1,50,8,4,5,11,11262,2,2,0,5,PECLET (RUE),43.18746,3.01579,20,3,3
202100052944,107Â 087,A01,1,1,1,4,1,-1,-1,0,0,-1,2021,39.0,2,4,0,2,1,2,1,,1,63,-1,,3,4,0,1,27,920,1,, -1,2,0,1,90,2,2,1,33,33284,1,1,0,2,,44.605398,-0.849119,11,2,2
202100010023,183Â 783,A01,1,1,1,5,2,8,-1,-1, -1,-1,2021,36.0,0,1,1,0,1,15,1,,4,DEMOISELLES (ALL DES) DU 2AU 80,0,,1,2,0,1,(1),(1),2,, -1,1,0,8,50,31,10,5,31,31555,2,7,0,7,DEMOISELLES (ALL DES) DU 2AU 80,43.59074,1.45328,2,2,1
202100003806,194Â 953,C01,1,1,2,5,1,-1,-1,-1, -1,-1,2021,37.0,1,2,0,2,6,2,1,,1,ROCADE A 630,0,,3,1,0,1,12,809,1,, -1,2,3,1,70,10,12,4,33,33162,1,1,1,5,Rocade Nord Ouest A630 -E8-,44.866889,-0.650377,20,3,3
202100048032,115Â 886,A01,1,1,1,9,8,0,-1,0,0,-1,2021,23.0,1,1,0,2,3,11,1,,4,AVENUE DE FLANDRE,0,,1,1,3,1,(1),(1),1,, -1,1,0,1,50,14,3,1,75,75119,2,3,0,3,AVENUE DE FLANDRE,48.887873,2.37352,15,2,2
202100025214,156Â 593,A01,1,1,2,5,1,9,-1,0,0,-1,2021,25.0,2,2,4,0,3,1,1,,1,6,0,,3,4,0,1,39,250,1,, -1,1,0,1,130,7,8,2,77,77407,1,1,0,6,Autoroute A6,48.519944,2.504561,7,1,1
202100035262,138Â 671,B01,1,1,1,0,2,0,-1,-1, -1,-1,2021,16.0,1,1,0,2,1,1,1,,4,GRAMMONT (AVENUE DE),0,,2,4,3,1,(1),(1),1,, -1,1,0,1,50,9,6,1,37,37261,2,1,0,6,GRAMMONT (AVENUE DE),47.38731,0.69002,19,2,2