Num_Acc,id_vehicule,num_veh,place,catu,sexe,trajet,secu1,secu2,secu3,locp,actp,etatp,year_acc,victim_age,senc,catv,obs,obsm,choc,manv,motor,occutc,catr,voie,v1,v2,circ,nbv,vosp,prof,pr,pr1,plan,lartpc,larrout,surf,infra,situ,vma,jour,mois,lum,dep,com,agg_,int,atm,col,adr,lat,long,hour,nb_victim,nb_vehicules
202100000203,201Â 376,A01,1,1,2,5,2,-1,-1,0,0,-1,2021,77.0,1,1,0,0,8,1,5,,3,32,0,D,2,2,0,2,66,670,1,, -1,1,0,1,80,18,10,1,88,88213,1,1,0,7,Col du Las,48.339778,7.058394,15,1,1
202100000586,200Â 652,B01,1,1,1,5,2,-1,-1,0,0,-1,2021,43.0,1,1,0,2,1,1,5,,3,113,0,,1,2,0,1,28,800,1,, -1,1,0,1,70,4,12,1,78,78466,1,6,0,3,Route de Quarante Sous.,48.923944,1.995472,9,2,2
202100029301,149Â 388,B01,1,1,2,1,1,-1,-1,-1, -1,-1,2021,40.0,1,2,0,2,8,1,1,,4,TROIS CROIX (BOULEVARD DES),0,,3,4,0,1,(1),(1),1,, -1,1,5,1,50,12,7,1,35,35238,2,2,0,3,Avenue Gros Malhon,48.1278332821,-1.683335376,15,2,2
202100015187,174Â 564,B01,1,1,1,5,2,-1,-1,0,0,-1,2021,74.0,1,1,0,0,4,0,5,,3,84,-1,,2,2,0,2,28,481,3,, -1,1,0,1,80,4,10,1,81,81187,1,1,0,2,Route de Saint-Paul Cap de Joux,43.703149,2.004109,11,2,2
202100044354,122Â 391,B01,1,1,2,5,1,-1,-1,-1, -1,-1,2021,77.0,2,2,8,2,3,1,2,,4,GENERAL EISENHOWER (DU)             (AV),0,,2,3,0,2,(1),(1),1,, -1,1,0,1,50,10,4,1,69,69385,2,2,0,3,GENERAL EISENHOWER (AV),45.7544541428,4.7822016478,11,5,2
202100004278,194Â 111,B01,1,1,1,1,2,6,-1,-1, -1,-1,2021,27.0,2,1,0,2,1,1,1,,4,PRADO (AVENUE DU),0,,2,6,0,1,0,0,1,, -1,1,0,1,50,6,12,5,13,13208,2,1,0,3,PRADO (AVENUE DU),43.27841,5.38801,22,2,2
202100046613,118Â 447,A01,1,1,1,4,2,6,-1,0,0,-1,2021,32.0,3,1,0,2,1,19,1,,4,BLUM LEON,0,,2,2,0,4,(1),(1),1,, -1,2,5,1,50,24,3,5,29,29019,2,2,1,3,Boulevard LÃ©on Blum,48.40739,-4.48507,20,2,2
202100014226,176Â 261,A01,1,1,1,0,1,0,-1,-1, -1,-1,2021,25.0,1,2,1,0,1,1,1,,3,CASANOVA DANIELLE NR 2 A 50 ET 1 A 19,0,,3,2,1,1,0,0,1,, -1,1,0,1,50,9,10,1,93,93066,2,1,0,2,CASANOVA DANIELLE NR 2 A 50 ET 1 A 19,48.929738,2.358401,15,2,2
202100043923,123Â 161,X01,10,3,1,5,0,8,-1,4,3,1,2021,89.0,0,0,0,1,0,0,0,,4,GENERAL DE GAULLE (AV DU),0,,-1,2,0,1,0,0,1,, -1,1,5,1,50,7,4,1,94,94021,2,6,0,6,Avenue du GÃ©nÃ©ral de Gaulle,48.7669,2.3529413,17,2,1
202100020924,164Â 254,B01,1,1,1,5,1,-1,-1,0,0,-1,2021,35.0,2,2,0,2,6,19,1,,3,48,-1,,2,2,0,1,28,250,1,, -1,1,5,1,80,5,9,1,29,29036,1,2,0,3,Croix Kerdudou,48.2850872069,-3.7434196472,11,2,2
202100015558,173Â 871,B01,1,1,1,0,8,-1,-1,-1, -1,-1,2021,14.0,0,1,0,2,1,21,5,,3,ROMAINS (RUE),0,,2,2,0,1,0,730,1,, -1,1,0,1,50,2,10,1,51,51454,2,3,0,3,Rue des Romains,49.2623234679,4.0190517347,15,2,2
202100001523,199Â 075,A01,7,2,1,5,1,-1,-1,0,0,-1,2021,26.0,1,2,13,0,1,1,1,,3,223,0,,2,2,0,1,2,971,2,, -1,2,0,3,90,26,12,1,61,61487,1,1,1,6,pk 3 D223,48.537856,-0.665327,12,4,1
202100053887,105Â 426,B01,1,1,1,5,2,9,-1,0,0,-1,2021,40.0,0,1,0,2,1,1,1,,4,,-1,,2,2,0,1,(1),(1),1,, -1,1,0,3,80,22,1,1,36,36035,1,1,0,1,La Grange MissÃ©e,46.421988,1.329276,16,2,2
202100048340,115Â 351,A01,3,2,2,5,1,-1,-1,0,0,-1,2021,39.0,3,2,13,0,0,1,1,,4,,-1,,2,2,0,1,(1),(1),2,,"3,5",2,0,8,80,12,3,3,21,21038,1,1,0,6,Le Pont de Pierre,47.2119235765,5.4069364071,23,3,1
202100016251,172Â 583,B01,1,1,1,5,2,0,-1,0,0,-1,2021,40.0,2,1,0,2,8,19,3,,4,BOULEVARD SAINT DENIS,0,,2,4,0,1,(1),(1),1,, -1,1,0,1,30,29,9,1,75,75103,2,2,0,3,BOULEVARD SAINT DENIS,48.869332,2.354263,11,2,2
202100030588,147Â 081,B01,1,1,1,1,1,0,-1,-1, -1,-1,2021,61.0,2,2,0,2,3,2,1,,2,ROUTE NATIONALE 20 (VOIE RAPIDE),0,,3,4,0,1,21,594,1,, -1,1,0,1,110,5,7,3,9,9225,1,1,0,2,ROUTE NATIONALE 20 (VOIE RAPIDE),43.100928,1.633015,0,2,2
202100021313,163Â 556,A01,10,3,2,0,0,-1,-1,2,3,1,2021,11.0,3,2,0,1,1,1,1,,3,LARIVIERE (RUE LOUIS),0,,2,2,0,1,0,0,1,, -1,1,0,1,50,1,9,1,93,93030,2,1,0,3,LARIVIERE (RUE LOUIS),48.95384,2.41631,19,2,1
202100028483,150Â 802,A01,2,2,2,5,1,5,-1,-1, -1,-1,2021,19.0,1,2,10,0,1,19,1,,4,PERRIN JEAN BAPTISTE,0,,2,1,0,1,1,0,1,, -1,1,0,1,50,17,7,2,11,11069,2,1,0,7,PERRIN JEAN BAPTISTE,43.22339,2.34135,6,2,1
202100003044,196Â 332,A01,1,1,1,0,2,6,-1,-1, -1,-1,2021,32.0,1,1,3,2,8,3,1,,1,86,0,,1,3,0,1,2,299,1,, -1,1,0,1,90,14,12,2,92,92050,1,1,0,4,A86,48.9171651259,2.2221217125,17,4,3
202100002406,197Â 478,B01,1,1,2,0,8,0,-1,0,0,-1,2021,51.0,1,1,0,2,1,1,3,,4,SELLIER (RUE),0,,2,2,2,1,(1),(1),1,, -1,1,0,1,30,17,12,1,54,54395,2,2,0,3,SELLIER (RUE),48.7006641836,6.18222785,16,2,2
202100040261,129Â 638,A01,1,1,1,5,1,5,-1,0,0,-1,2021,27.0,2,2,6,0,3,1,1,,3,817,-1,,2,2,0,1,71,747,1,, -1,2,0,3,80,12,5,3,31,31175,1,1,1,6,Route Departementale 817,43.112779,0.800039,22,1,1
202100041659,127Â 138,A01,1,1,1,4,2,6,-1,-1, -1,-1,2021,19.0,2,1,0,0,3,15,1,,3,AV PIERRE BROSSOLETTE,0,,4,2,0,2,0,0,2,, -1,1,0,1,50,2,5,5,91,91161,2,9,0,7,AV PIERRE BROSSOLETTE,48.70745,2.311575,21,1,1
202100048357,115Â 315,A01,1,1,2,1,1,0,-1,-1,0,-1,2021,27.0,1,2,3,0,1,14,1,,2,RN 184,0,,3,4,0,1,9,199,1,, -1,2,0,1,90,12,3,1,95,95394,1,1,1,6,RN 184,49.05111202,2.1848964539,15,1,1
202100011672,180Â 860,A01,10,3,1,9,0,-1,-1,4,3,2,2021,10.0,-1,2,0,1,1,19,1,,3,,-1,,2,4,-1,1,1,1,1,, -1,1,0,1,50,22,10,5,93,93010,2,2,0,6,PONT (CHEM. DU),48.9071717561,2.4888619309,19,2,1
202100017230,170Â 848,B01,2,2,2,5,1,-1,-1,0,0,-1,2021,71.0,2,2,8,0,2,1,1,,3,,0,,2,1,0,1,(1),(1),1,,"3,5",1,0,1,50,25,9,1,38,38434,1,2,0,3,Route de la VallÃ©e,45.526068,5.552234,17,5,2
202100018947,167Â 775,B01,1,1,1,0,2,0,-1,0,0,-1,2021,23.0,1,1,0,2,8,1,1,,4,JAURES (BOULEVARD JEAN),0,,2,2,0,1,(1),(1),1,, -1,1,0,1,50,14,9,5,54,54526,2,2,0,3,JAURES (BOULEVARD JEAN),48.6883,6.20977,19,2,2
202100042085,126Â 401,A01,1,1,2,4,2,4,6,0,0,-1,2021,29.0,2,1,0,2,7,9,1,,2,4,0,,2,2,0,1,2,900,1,, -1,2,0,1,80,30,4,1,57,57342,1,3,1,3,D104a,48.64137,6.907906,8,2,2
202100010709,182Â 582,A01,1,1,1,3,2,6,-1,-1, -1,-1,2021,31.0,1,1,0,2,3,16,1,,4,CÃTE D'AMOUR (RTE DE LA) 100 AU 362 - 13,0,,2,5,2,2,(1),(1),1,, -1,1,0,1,50,22,10,1,44,44184,2,2,0,3,CÃTE D'AMOUR (RTE DE LA) 100 AU 362 - 13,47.25923,-2.24693,18,2,2
202100054877,103Â 716,B01,1,1,1,9,1,-1,-1,-1, -1,-1,2021,33.0,1,2,0,2,8,1,1,,4,,0,,2,2,0,1,(1),(1),1,, -1,2,5,1,50,14,1,5,69,69266,2,2,1,3,GREUZE (R),45.77111,4.89361,1,2,2
202100011012,182Â 045,A01,10,3,2,5,0,-1,-1,3,5,1,2021,27.0,2,5,0,1,1,21,1,,3,42,-1,D,-1,2,0,2,0,740,1,, -1,1,0,1,50,27,10,1,80,80685,2,1,0,6,26 Rue de Paris,49.696552,2.78949,10,2,1
202100018817,168Â 009,A01,1,1,1,0,2,8,-1,-1, -1,-1,2021,65.0,2,1,0,2,7,1,1,,3,PARIS RUE DE,0,,2,2,0,1,1,0,1,, -1,1,0,1,50,14,9,1,93,93045,2,5,0,3,Rue de Paris / Rue des BruyÃ¨res,48.878991,2.413012,14,2,2
202100048768,114Â 594,A01,1,1,1,0,2,0,-1,-1, -1,-1,2021,40.0,1,1,0,2,1,3,1,,1,AUTOROUTE A3,0,,3,10,0,1,2,0,1,, -1,1,0,1,70,8,3,1,93,93048,1,1,0,3,AUTOROUTE A3,48.87315,2.436,13,2,2
202100026954,153Â 531,B01,1,1,1,1,2,6,-1,-1, -1,-1,2021,33.0,2,1,0,2,2,1,1,,2,PARIS (R DE),0,,-1,0,0,1,1,0,1,, -1,1,5,1,50,26,7,1,94,94078,2,3,0,3,Rue de Paris,48.7355781165,2.4468451738,17,2,2
202100011522,181Â 122,A01,1,1,2,1,1,0,-1,-1, -1,-1,2021,25.0,1,2,0,0,1,1,1,,1,A4,0,,1,3,0,1,4,0,1,, -1,2,0,1,90,22,10,1,94,94069,1,1,0,6,A4,48.8171389327,2.4422619339,8,1,1
202100011105,181Â 879,B01,1,1,2,0,1,0,-1,-1, -1,-1,2021,58.0,1,2,0,2,1,2,1,,3,LECLERC (AVENUE DU GENERAL),0,,2,0,0,1,48,279,1,, -1,1,0,1,50,25,10,1,9,9122,2,1,0,2,LECLERC (AVENUE DU GENERAL),42.978033,1.609647,10,2,2
202100000579,200Â 666,B01,1,1,1,4,1,0,-1,-1, -1,-1,2021,25.0,1,2,0,2,1,1,1,,3,COSTE ET BELLONTE (R ),0,,2,2,0,1,1,240,1,, -1,2,0,1,50,29,12,2,62,62186,2,2,1,3,VOLTAIRE (R ),50.449643,2.725588,16,2,2
202100012401,179Â 540,A01,1,1,1,9,2,8,-1,-1, -1,-1,2021,66.0,1,1,3,0,1,16,3,,4,CAPELAN (BOULEVARD DU),0,,2,2,0,2,0,0,3,, -1,1,0,1,30,18,10,5,83,83009,2,3,0,7,CAPELAN (BOULEVARD DU),43.135615,5.739086,22,1,1
202100038964,131Â 990,A01,1,1,1,9,2,6,-1,0,0,-1,2021,23.0,0,1,0,2,1,1,1,,4,RUE DE SEVRES,0,,2,2,0,1,(1),(1),1,, -1,1,0,1,50,21,5,1,75,75115,2,3,0,3,RUE DE SEVRES,48.846082,2.314242,15,2,2
202100027930,151Â 784,A01,1,1,2,0,8,-1,-1,-1, -1,-1,2021,61.0,0,1,0,0,0,1,0,,4,PISTE 214,0,,2,2,1,2,(1),(1),1,, -1,1,0,1,50,20,7,1,33,33529,1,1,0,7,PISTE 214,44.584033,-1.203468,9,1,1
202100006950,189Â 345,B01,2,2,1,0,8,0,-1,-1, -1,-1,2021,29.0,0,2,0,2,6,24,1,,4,DEFENSE (DE LA),0,,1,1,0,2,0,0,1,, -1,2,0,1,50,21,11,5,92,92040,2,1,0,3,Rue de la DÃ©fense,48.8194722641,2.2616332769,19,3,2
202100001395,199Â 276,B01,1,1,2,5,1,-1,-1,0,0,-1,2021,38.0,1,2,0,2,1,1,1,,3,116,0,,2,2,0,1,11,214,4,, -1,1,0,1,80,18,12,1,47,47108,1,1,1,5,D116,44.489434,0.132775,9,3,3
202100013479,177Â 642,A01,10,3,1,0,0,-1,-1,1,3,1,2021,82.0,1,2,0,1,2,21,1,,2,LITTORAL (ROUTE 1 DU),0,,2,4,0,1,(1),(1),1,, -1,1,0,1,90,13,10,3,974,97411,1,1,0,6,LITTORAL (ROUTE 1 DU),-20.89344,55.37901,4,3,1
202100033146,142Â 511,A01,10,3,2,5,0,-1,-1,2,5,2,2021,6.0,3,2,0,1,1,26,0,,4,,0,,1,1,0,1,(1),(1),2,, -1,1,0,1,30,21,6,5,83,83094,2,7,0,6,avenue Leclerc,43.340265,6.5473,21,2,1
202100050073,112Â 234,A01,1,1,1,0,2,0,-1,-1, -1,-1,2021,38.0,0,1,0,2,1,1,0,,3,WESTINGHOUSE (BOULEVARD),0,,3,5,1,1,0,1,1,, -1,1,0,1,50,26,2,1,93,93071,2,2,0,3,WESTINGHOUSE (BOULEVARD),48.9276451819,2.5193901999,16,2,2
202100048786,114Â 564,B01,1,1,2,5,2,0,-1,0,0,-1,2021,14.0,2,1,0,2,1,1,5,,4,VOIE GEORGES POMPIDOU,0,,2,2,0,1,(1),(1),1,, -1,1,6,1,30,7,3,1,75,75104,2,1,0,1,VOIE GEORGES POMPIDOU,48.855931,2.350605,10,2,2
202100026272,154Â 737,B01,1,1,1,0,8,0,-1,-1, -1,-1,2021,26.0,1,1,0,2,1,2,5,,3,ABEL-LEBLANC (RUE),0,,2,2,1,1,8,940,1,, -1,1,0,1,50,29,7,1,77,77320,2,3,0,3,D44 x D934,48.825425,3.03751,15,2,2
202100038385,133Â 027,B01,1,1,1,5,8,8,-1,-1, -1,-1,2021,18.0,0,1,0,2,7,1,1,,4,PIERRE DOIZE  (RUE),0,,2,2,0,1,(1),(1),1,, -1,1,0,1,50,24,5,1,13,13210,2,1,0,3,PIERRE DOIZE  (RUE),43.278,5.428,19,4,2
202100032350,143Â 936,A01,2,2,2,0,1,0,-1,-1, -1,-1,2021,28.0,1,1,0,2,7,9,6,,3,VICTOR HUGO (AVE)  => 120,0,,2,2,0,1,0,0,1,, -1,1,0,1,30,25,6,1,93,93001,2,6,0,3,VICTOR HUGO (AVE)  => 120,48.902539,2.370963,19,3,2
202100014208,176Â 295,B01,2,2,1,5,2,6,-1,0,0,-1,2021,38.0,3,1,0,2,1,1,1,,4,PLACE DE LA CONCORDE,0,,2,3,1,1,(1),(1),1,, -1,1,0,1,50,9,10,1,75,75108,2,7,0,3,PLACE DE LA CONCORDE,48.864095,2.320145,14,3,2
202100030141,147Â 897,A01,10,3,2,3,0,-1,-1,5,9,3,2021,25.0,1,2,15,1,4,25,1,,3,,-1,,2,-1,-1,1,40,50,1,, -1,1,0,4,50,1,4,1,61,61344,2,1,0,6,Rue de la fÃ©e d'Argouges,48.640796,-0.209759,15,2,1
202100006464,190Â 242,A01,1,1,1,1,8,0,-1,0,0,-1,2021,54.0,2,1,0,2,3,1,3,,4,BOULEVARD DE LA VILLETTE,0,,1,3,1,1,(1),(1),1,, -1,1,-1,5,30,24,11,1,75,75110,2,2,0,3,BOULEVARD DE LA VILLETTE,48.883862,2.368591,13,2,2
202100055923,101Â 916,A01,1,1,2,5,8,-1,-1,-1, -1,-1,2021,50.0,2,1,0,2,1,19,5,,4,,0,,3,4,3,1,(1),(1),1,, -1,1,5,1,50,7,1,1,33,33063,2,2,0,3,Boulevard Antoine Gautier,44.83657,-0.59903,9,2,2
202100050645,111Â 160,A01,1,1,1,0,0,-1,-1,0,0,-1,2021,22.0,1,1,0,2,3,9,5,,3,44,0,D,1,2,0,4,17,60,2,, -1,1,5,1,50,22,2,1,29,29058,2,6,0,3,D44 - Rond Point de Ker Elo,47.8979779797,-4.0144985187,12,2,2
202100038052,133Â 645,B01,1,1,2,5,2,0,-1,-1, -1,-1,2021,40.0,2,1,0,2,1,1,1,,4,BUTTE (R DE LA),0,,2,2,0,1,1,0,1,, -1,1,0,1,50,27,5,1,94,94034,2,3,0,3,Rue de la Butte,48.75937,2.33278,20,2,2
202100006618,189Â 960,B01,1,1,1,5,1,-1,-1,-1, -1,-1,2021,72.0,1,2,0,2,5,1,1,,7,CHARLES DE GAULLE               BD,0,,2,2,0,1,2,200,1,, -1,1,0,1,50,13,11,2,69,69271,1,2,0,3,CHARLES DE GAULLE (BD),45.74328,4.93715,17,2,2
202100040630,128Â 988,B01,1,1,1,9,2,6,-1,-1, -1,-1,2021,33.0,1,1,0,2,2,2,1,,3,STRASBOURG (BD DE),0,,2,2,0,1,0,0,1,, -1,2,0,1,50,9,5,1,94,94052,2,9,0,3,STRASBOURG (BD DE),48.8358,2.4746,18,2,2
202100033739,141Â 461,A01,7,2,2,0,1,-1,-1,0,0,-1,2021,23.0,1,2,8,0,8,1,1,,3,768,0,D,2,2,0,1,(1),(1),1,, -1,1,0,1,50,17,6,5,201,201247,2,1,0,6,Rue du 09 septembre 1943,41.585852,9.282013,23,4,1
202100051610,109Â 438,A01,1,1,2,0,1,0,-1,-1, -1,-1,2021,50.0,2,2,0,2,3,1,1,,3,LIBERATION (PLACE DE LA),0,,4,5,0,1,0,0,1,, -1,1,0,1,50,13,2,1,92,92014,2,7,0,3,LIBERATION (PLACE DE LA),48.77681,2.31426,15,3,2
202100016949,171Â 327,A01,10,3,1,0,0,-1,-1,5,9,2,2021,22.0,0,5,1,0,3,15,0,,4,SAINT PIERRE (PL) DU 8AU 17,0,,1,1,0,1,(1),(1),2,, -1,1,0,4,20,23,9,5,31,31555,2,7,0,6,SAINT PIERRE (PL) DU 8AU 17,43.60357,1.43503,22,3,1
202100005354,192Â 217,Z01,10,3,2,9,8,8,-1,2,3,2,2021,15.0,1,0,0,1,3,1,0,,4,MIREILLE LAUZE (BOULEVARD),0,,2,1,0,1,0,0,1,, -1,1,0,1,50,29,11,1,13,13210,2,1,0,2,MIREILLE LAUZE (BOULEVARD),43.2824,5.40608,15,2,1
202100020322,165Â 311,A01,1,1,1,1,2,6,-1,0,0,-1,2021,31.0,1,1,0,2,2,1,1,,4,AVENUE DE FLANDRE,0,,1,3,0,1,(1),(1),1,, -1,1,0,1,30,7,9,1,75,75119,2,1,0,2,AVENUE DE FLANDRE,48.889665,2.37537,8,2,2
202100008719,186Â 149,B01,1,1,2,5,2,6,-1,-1, -1,-1,2021,55.0,1,1,0,2,4,1,5,,4,COURLANCY (RUE DE),0,,2,2,0,1,(1),(1),1,, -1,1,0,1,50,7,11,1,51,51454,2,2,0,2,Rue de Courlancy,49.2455800185,4.0178788904,12,2,2
202100040331,129Â 514,B01,1,1,1,0,8,0,-1,0,0,-1,2021,79.0,0,1,0,2,7,1,5,,4,AULTERIBE (RUE),0,,2,2,0,1,(1),(1),1,, -1,1,0,1,50,8,5,1,63,63113,2,1,0,6,AULTERIBE (RUE),45.81238,3.12811,15,2,2
202100010503,182Â 949,A01,10,3,1,3,0,-1,-1,3,3,1,2021,86.0,2,2,0,1,1,15,1,,4,HOCHE (AVENUE),0,,2,2,0,1,(1),(1),1,, -1,1,0,1,50,28,10,1,65,65440,2,3,0,6,HOCHE (AVENUE),43.2298543645,0.0857582688,11,2,1
202100043603,123Â 734,A01,1,1,2,0,1,0,-1,-1, -1,-1,2021,19.0,2,2,4,0,2,1,1,,1,A7-Sens Lyon vers Marseille,0,,-1,1,0,1,255,0,2,, -1,2,0,1,70,17,4,1,13,13081,1,1,1,7,A7-Sens Lyon vers Marseille,43.49563,5.24093,11,1,1
202100025856,155Â 467,A01,1,1,1,5,2,-1,-1,0,0,-1,2021,14.0,3,6,0,0,0,0,1,,4,,-1,,2,1,0,1,(1),(1),1,, -1,9,0,8,-1,24,3,1,38,38095,1,1,0,7,Chemin des Taillis,45.14176,5.24975,17,1,1
202100002283,197Â 703,B01,1,1,1,0,2,8,-1,-1, -1,-1,2021,46.0,3,1,0,2,1,1,1,,4,GALILEE ALLEE,0,,2,2,0,1,1,0,1,, -1,1,0,1,50,17,12,2,93,93046,2,6,0,3,GALILEE ALLEE,48.9152111089,2.5169804692,8,2,2
202100010450,183Â 042,A01,1,1,1,1,2,6,-1,-1, -1,-1,2021,60.0,1,1,0,2,5,1,1,,1,A50-Sens Marseille vers Aubagne,0,,1,3,0,1,2,0,1,, -1,1,0,1,90,22,10,1,13,13210,1,1,0,2,A50-Sens Marseille vers Aubagne,43.284798,5.417631,18,2,2
202100031966,144Â 606,A01,1,1,1,5,2,-1,-1,-1, -1,-1,2021,29.0,3,1,0,0,1,26,1,,4,LOUIS BLANC (RUE),0,,2,2,0,1,(1),(1),1,, -1,2,0,1,50,27,6,1,79,79329,2,1,0,6,44 Rue Louis Blanc,46.986047,-0.21511,21,1,1
202100003105,196Â 215,B01,1,1,1,9,2,0,-1,0,0,-1,2021,17.0,3,1,0,2,1,1,1,,4,HERMITAGE (RUE DE L'),0,,2,2,0,1,(1),(1),1,, -1,1,0,1,50,11,12,1,63,63113,2,3,0,3,HERMITAGE (RUE DE L'),45.76425,3.12787,14,2,2
202100025608,155Â 912,A01,1,1,1,0,1,0,-1,-1, -1,-1,2021,79.0,3,2,12,0,1,15,1,,7,GANCE (BOULEVARD ABEL),0,,3,4,0,1,(1),(1),2,, -1,1,0,1,50,3,8,1,37,37261,2,6,0,7,GANCE (BOULEVARD ABEL),47.41012,0.72032,16,1,1
202100027296,152Â 938,A01,1,1,1,0,8,-1,-1,0,0,-1,2021,36.0,1,1,0,0,8,9,1,,3,419,0,D,2,2,0,1,12,850,1,, -1,1,5,1,80,23,7,1,67,67510,1,6,0,3,pk 12 D144,48.763953,7.69665,18,2,2
202100019283,167Â 167,A01,1,1,1,5,2,6,-1,0,0,-1,2021,37.0,2,1,4,2,0,1,1,,3,d1091,0,D,2,2,0,2,21,770,4,, -1,1,0,1,90,30,8,1,5,5079,1,1,0,6,Route dÃ©partementale 1091,45.04169,6.421552,11,2,2
202100027671,152Â 258,A01,1,1,1,0,1,0,-1,-1, -1,-1,2021,47.0,2,2,0,2,1,1,1,,1,AUTOROUTE A3,0,,3,8,0,3,3,700,1,, -1,1,0,1,70,22,7,1,93,93053,1,1,0,2,AUTOROUTE A3,48.88188,2.45448,11,2,2
202100033512,141Â 875,B01,2,2,2,0,1,0,-1,-1, -1,-1,2021,41.0,2,2,0,2,4,2,1,,1,10,0,,3,3,0,1,1,750,1,, -1,1,0,1,90,18,6,1,92,92002,1,1,0,4,AUTOROUTE A10,48.7315410422,2.3100042343,20,6,3
202100011539,181Â 091,A01,1,1,1,0,2,8,-1,-1, -1,-1,2021,50.0,1,1,0,2,2,21,1,,2,11 - RT,0,,3,2,0,1,1,0,1,, -1,1,0,1,50,21,10,1,202,202033,2,1,0,2,11 - RT,42.7,9.45,9,2,2
202100040444,129Â 315,A01,1,1,2,0,2,0,-1,-1, -1,-1,2021,56.0,1,1,0,2,1,2,1,,3,BADUEL (ROUTE DE),0,,2,2,2,1,1,299,1,, -1,1,0,1,50,10,5,1,973,97302,2,1,0,2,BADUEL (ROUTE DE),4.93909,-52.31824,12,2,2
202100039944,130Â 189,A01,1,1,1,0,1,0,-1,-1, -1,-1,2021,25.0,2,2,0,2,3,1,1,,4,HEURTELOUP (BOULEVARD),0,,3,4,0,1,(1),(1),1,, -1,1,0,1,50,14,5,1,37,37261,2,3,0,3,HEURTELOUP (BOULEVARD),47.3912650584,0.6953390837,9,2,2
202100031361,145Â 689,A01,1,1,1,0,1,-1,-1,0,0,-1,2021,39.0,2,2,13,0,1,1,1,,3,415,-1,,-1,4,0,1,26,200,1,, -1,1,0,8,80,3,7,3,68,68155,1,6,0,7,D415,48.103878,7.303398,2,1,1
202100048649,114Â 797,A01,10,3,2,1,0,-1,-1,3,3,1,2021,44.0,3,1,0,1,1,0,1,,4,JOANNES MASSET                      (AV),0,,2,2,1,1,(1),(1),1,, -1,1,0,6,50,9,3,1,69,69389,2,9,0,6,JOANNES MASSET                      (AV),45.7726269044,4.8000490665,8,2,1
202100003058,196Â 294,B01,1,1,1,1,1,8,-1,-1, -1,-1,2021,55.0,1,2,0,2,4,1,1,,4,RUE BOUGAINVILLE,0,,1,0,0,2,0,0,1,, -1,2,0,1,50,13,12,1,988,98818,2,1,1,4,RUE BOUGAINVILLE,-22.27841,166.45164,13,4,3
202100033727,141Â 477,A01,1,1,1,5,1,-1,-1,0,0,-1,2021,54.0,2,2,13,0,2,26,1,,3,39,0,D,2,2,0,1,21,500,1,, -1,1,0,1,80,19,6,3,27,27698,1,1,0,6,Route DÃ©partementale 39,49.16804,0.881782,3,1,1
202100053959,105Â 301,B01,1,1,1,5,2,6,-1,0,0,-1,2021,68.0,3,1,0,2,1,1,1,,4,AVENUE FOCH,0,,2,4,0,1,(1),(1),1,, -1,1,0,1,50,22,1,1,75,75116,2,2,0,3,AVENUE FOCH,48.872685,2.284564,10,2,2
202100035027,139Â 084,B01,1,1,1,1,1,0,-1,-1, -1,-1,2021,45.0,3,2,0,2,3,1,1,,7,RN 568 CLM,0,,2,2,0,1,0,0,1,, -1,1,0,1,70,9,6,1,13,13026,1,1,0,1,RN 568 CLM,43.39008,5.16808,16,2,2
202100033398,142Â 068,A01,1,1,1,5,2,6,-1,-1, -1,-1,2021,22.0,0,1,0,2,8,21,1,,7,CARNOT (RUE),0,,2,3,3,1,(1),(1),1,, -1,1,0,1,50,19,6,1,59,59650,2,1,0,6,CARNOT (RUE),50.6981812611,3.207372262,14,2,2
202100007943,187Â 541,B01,1,1,1,9,2,6,-1,-1, -1,-1,2021,26.0,2,1,0,2,8,11,1,,2,RD 118,0,,3,2,0,1,14,159,1,, -1,1,0,1,110,16,11,1,91,91692,1,1,0,3,RD 118,48.67922,2.19191,14,2,2
202100032304,144Â 015,B01,1,1,1,5,1,0,-1,0,0,-1,2021,33.0,2,2,1,0,0,13,1,,2,ITALIE (ROUTE D'),0,,2,2,0,1,164,152,3,, -1,1,0,3,70,26,6,3,5,5023,1,1,0,1,ITALIE (ROUTE D'),44.90971,6.66628,1,4,2
202100012015,180Â 235,B01,1,1,1,5,2,6,-1,-1, -1,-1,2021,52.0,1,1,0,2,1,1,1,,4,MERLIN (AVENUE) - PAIR,0,,2,2,0,1,0,0,1,, -1,1,0,1,50,15,10,1,57,57672,2,1,0,6,MERLIN (AVENUE) - PAIR,49.35608,6.15738,17,2,2
202100043635,123Â 679,A01,2,2,2,0,1,-1,-1,-1, -1,-1,2021,60.0,1,2,9,0,2,1,1,,3,,0,,2,2,0,1,16,580,1,, -1,1,0,1,50,17,4,1,33,33529,2,1,0,6,,44.63865,-1.14545,18,2,1
202100006774,189Â 680,A01,2,2,2,5,0,-1,-1,0,0,-1,2021,2.0,1,2,0,2,1,5,1,,3,1,-1,,3,2,0,3,15,0,3,,5,1,0,1,-1,24,11,2,976,97613,1,1,0,1,CCD1,-12.763443,45.09937,5,12,2
202100021174,163Â 816,B01,1,1,1,0,2,6,9,0,0,-1,2021,52.0,1,1,0,2,1,1,1,,3,943,-1,,2,2,0,1,(1),(1),3,, -1,1,0,1,-1,4,9,1,84,84068,1,1,0,3,D943,43.773433,5.353341,11,2,2