Num_Acc,id_vehicule,num_veh,place,catu,sexe,trajet,secu1,secu2,secu3,locp,actp,etatp,year_acc,victim_age,senc,catv,obs,obsm,choc,manv,motor,occutc,catr,voie,v1,v2,circ,nbv,vosp,prof,pr,pr1,plan,lartpc,larrout,surf,infra,situ,vma,jour,mois,lum,dep,com,agg_,int,atm,col,adr,lat,long,hour,nb_victim,nb_vehicules
202100028475,150Â 818,B01,1,1,2,1,1,0,-1,-1, -1,-1,2021,44.0,2,2,8,0,5,23,1,,7,MINIMES (AV DES) DU 1AU 178,0,,2,4,0,1,0,8,1,, -1,1,0,1,50,17,7,1,31,31555,2,1,0,2,MINIMES (AV DES) DU 1AU 178,43.61635,1.43717,8,2,2
202100043868,123Â 256,A01,1,1,2,5,2,6,-1,-1, -1,-1,2021,18.0,1,1,12,0,8,13,1,,3,BAYONNE (AVENUE DE),0,,2,4,0,1,9,400,1,, -1,1,9,1,50,15,4,1,64,64024,2,1,1,7,BAYONNE (AVENUE DE),43.48114,-1.51176,10,2,1
202100019575,166Â 642,B01,1,1,1,5,0,-1,-1,0,0,-1,2021,72.0,1,1,0,2,1,0,5,,3,949,-1,D,1,1,0,1,(1),(1),2,, -1,1,0,1,50,11,9,1,8,8190,2,6,0,3,Route de Beauraing,50.133585,4.851911,15,2,2
202100027807,152Â 010,B01,1,1,1,1,2,-1,-1,0,0,-1,2021,33.0,2,1,0,2,1,17,1,,3,1206,-1,,2,2,0,1,9,900,1,, -1,1,5,1,80,21,7,1,74,74309,1,2,0,3,route de Bellegarde,46.113449,6.007403,17,2,2
202100031489,145Â 469,A01,1,1,2,5,2,6,-1,0,0,-1,2021,15.0,1,1,8,0,2,1,1,,3,6,0,D,2,2,0,1,65,970,2,, -1,1,0,1,80,2,7,1,8,8296,1,1,0,7,DÃ©partementale 6,49.29041,4.819653,14,1,1
202100030516,147Â 214,B01,1,1,2,4,1,0,-1,-1, -1,-1,2021,38.0,2,2,0,2,9,2,1,,1,A86 INT,0,,1,3,0,1,31,299,1,, -1,1,1,1,90,6,7,1,94,94052,1,1,0,4,A86 INT,48.8402076992,2.4930906024,14,4,4
202100039456,131Â 082,A01,1,1,1,1,2,-1,-1,-1, -1,-1,2021,22.0,2,1,0,2,1,1,5,,4,DANTON,0,,2,2,0,2,(1),(1),1,, -1,1,0,1,30,18,5,1,35,35238,2,1,0,2,DANTON,48.1182,-1.65409,8,3,2
202100013568,177Â 467,A01,1,1,1,0,2,6,-1,-1, -1,-1,2021,39.0,1,1,0,2,1,2,1,,1,A104,0,,-1,4,0,1,8,0,1,, -1,1,3,1,90,13,10,1,77,77294,1,1,0,3,A104,48.970317,2.570495,18,2,2
202100041811,126Â 873,B01,1,1,1,5,8,0,-1,0,0,-1,2021,21.0,1,1,0,2,1,1,5,,4,RUE DU MONT CENIS,0,,1,2,0,2,(1),(1),1,, -1,1,0,1,30,1,5,1,75,75118,2,2,0,3,RUE DU MONT CENIS,48.891213,2.343641,9,2,2
202100024113,158Â 557,B01,1,1,1,9,2,6,-1,-1, -1,-1,2021,23.0,1,1,0,2,0,3,1,,4,BARRE (DE LA)                       (R ),0,,1,1,3,1,(1),(1),1,, -1,1,0,1,50,14,8,1,69,69382,2,1,0,2,BARRE (DE LA) (R),45.75771,4.83511,20,2,2
202100032321,143Â 985,A01,1,1,1,4,8,8,-1,0,0,-1,2021,24.0,2,2,0,2,7,1,2,,4,RUE DE VAUGIRARD,0,,1,1,1,1,(1),(1),1,, -1,1,0,1,50,24,6,5,75,75115,2,2,0,3,RUE DE VAUGIRARD,48.842993,2.312783,1,2,2
202100003128,196Â 174,B01,10,3,1,-1,0,-1,-1,2,3,1,2021,55.0,1,2,0,2,9,23,1,,2,RD1250 (BONNEVAL - LA HUME) - Z.A.,0,,2,2,0,1,40,800,3,, -1,1,0,1,80,13,12,2,33,33529,1,6,0,2,RD1250 (BONNEVAL - LA HUME) - Z.A.,44.61857,-1.1255,16,3,2
202100019576,166Â 641,A01,1,1,1,5,1,-1,-1,0,0,-1,2021,20.0,2,2,13,0,2,1,1,,3,84,0,D,2,2,0,1,7,60,1,, -1,1,0,3,80,12,9,1,49,49092,1,1,0,7,RD 84 PK 07.600,47.207099,-0.636349,7,1,1
202100004158,194Â 315,A01,1,1,1,4,1,-1,-1,0,0,-1,2021,29.0,1,5,2,0,1,1,1,,3,600,0,D,2,2,0,2,13,558,3,, -1,2,0,3,80,9,12,2,81,81045,1,1,1,6,Cote de Gasc,44.069392,1.9331,8,2,1
202100051542,109Â 565,A01,1,1,2,1,1,-1,-1,0,0,-1,2021,61.0,1,2,12,0,1,1,1,,3,1,-1,D,2,2,0,1,82,756,1,, -1,1,0,1,-1,7,1,5,31,31451,2,6,0,6,Route de Toulouse,43.464729,1.989019,21,1,1
202100005179,192Â 524,A01,1,1,1,0,1,-1,-1,0,0,-1,2021,46.0,0,2,2,0,1,1,1,,4,6,0,C,2,2,0,4,(1),(1),3,, -1,1,0,3,-1,3,12,1,32,32029,1,1,0,6,Crucq de Bas,43.596964,0.455165,11,1,1
202100019797,166Â 263,B01,1,1,2,5,0,-1,-1,0,0,-1,2021,53.0,3,0,0,2,7,1,3,,3,,-1,,2,2,1,1,(1),(1),1,,5,1,0,5,-1,7,6,1,67,67300,2,1,0,3,rue de la commanderie,48.540123,7.50352,17,2,2
202100040699,128Â 874,A01,1,1,1,1,0,-1,-1,0,0,-1,2021,38.0,-1,2,0,2,7,13,1,,3,49,-1,,2,2,0,1,3,500,3,, -1,2,0,1,-1,10,5,1,69,69197,1,1,1,3,D49,46.056586,4.633795,17,3,2
202100041023,128Â 290,B01,1,1,1,5,0,-1,-1,0,0,-1,2021,8.0,0,1,0,2,5,19,5,,3,,-1,,2,2,0,1,(1),(1),1,,4,1,9,1,50,7,5,1,67,67529,2,3,0,3,rue de la gare,48.717811,7.797796,18,2,2
202100008465,186Â 607,A01,1,1,1,0,1,0,-1,0,0,-1,2021,70.0,1,2,0,2,1,2,1,,7,LECLERC (AVENUE DU GENERAL),0,,2,2,0,2,(1),(1),1,, -1,1,0,1,50,10,11,5,54,54547,2,1,0,2,LECLERC (AVENUE DU GENERAL),48.66006,6.16104,19,3,2
202100047874,116Â 168,A01,9,2,2,5,8,-1,-1,0,0,-1,2021,22.0,1,2,0,2,2,13,1,,2,1,-1,,2,2,0,1,30,0,2,, -1,1,0,1,80,15,3,3,973,97305,1,1,0,1,Route Nationale 1 - PK 30,5.029344,-52.492504,22,5,2
202100030255,147Â 684,B01,1,1,1,9,1,8,-1,-1, -1,-1,2021,38.0,2,2,0,2,6,1,2,,3,15,0,,2,0,2,1,0,0,1,, -1,2,0,1,50,5,7,1,92,92004,2,2,1,3,VOLTAIRE ( BD 16 A FIN ),48.91818224,2.2837775946,6,3,2
202100047161,117Â 468,A01,1,1,1,5,1,9,-1,0,0,-1,2021,46.0,3,2,17,0,3,0,1,,4,,-1,,2,2,0,1,(1),(1),3,, -1,1,0,3,80,13,3,1,44,44128,1,1,0,6,le pigeon blanc,47.562595,-1.864291,17,1,1
202100018387,168Â 756,B01,1,1,1,1,2,6,-1,0,0,-1,2021,55.0,0,1,0,2,1,1,1,,4,SAINT EXUPERY (AVENUE ANTOINE DE),0,,2,2,0,1,(1),(1),1,, -1,1,0,1,50,17,9,1,6,6069,2,2,0,3,SAINT EXUPERY (AVENUE ANTOINE DE),43.66218,6.93425,17,2,2
202100045412,120Â 557,A01,10,3,1,5,0,-1,-1,5,1,1,2021,88.0,3,5,0,1,7,1,1,,4,CHALMEL (RUE),0,,2,2,0,1,(1),(1),1,, -1,1,0,1,50,2,4,1,10,10387,2,1,0,6,CHALMEL (RUE),48.2960755339,4.062712267,15,2,1
202100052644,107Â 627,A01,2,2,2,1,1,0,-1,-1,0,-1,2021,24.0,2,2,0,2,1,21,1,,1,AUTOROUTE A1,0,,3,6,0,1,21,799,1,, -1,1,0,1,110,4,2,3,95,95212,1,1,0,4, A1,49.0328181219,2.5398345822,7,4,3
202100052260,108Â 293,A01,1,1,2,3,8,-1,-1,0,0,-1,2021,82.0,1,2,0,2,8,10,1,,2,25,-1,,2,3,0,2,10,300,1,, -1,1,0,1,90,8,2,1,80,80639,1,1,0,3,N25,49.934815,2.307301,13,2,2
202100028823,150Â 200,A01,1,1,1,1,2,6,-1,-1, -1,-1,2021,51.0,1,1,0,2,4,23,1,,4,,0,,2,2,0,1,(1),(1),1,, -1,1,0,1,50,15,7,1,45,45169,2,3,0,2,Rue de la MouchetiÃ¨re,47.9103529808,1.8575656563,14,2,2
202100053802,105Â 583,C01,1,1,1,0,1,-1,-1,0,0,-1,2021,19.0,2,2,0,2,8,9,1,,1,40,-1,,3,4,0,1,33,200,1,, -1,2,3,1,110,25,1,1,74,74042,1,9,0,5,A40,46.070536,6.432838,9,3,3
202100043388,124Â 108,B01,1,1,2,5,1,-1,-1,0,0,-1,2021,72.0,2,2,0,2,3,1,1,,4,,0,,2,2,0,1,(1),(1),3,, -1,2,0,1,70,20,4,2,23,23024,1,1,1,1,Rue de la Chapuzerie,45.950434,2.116477,18,2,2
202100003532,195Â 430,A01,10,3,2,9,0,-1,-1,9,3,1,2021,72.0,3,2,0,1,2,1,1,,3,76,0,,1,2,0,1,0,0,1,, -1,1,0,1,50,10,3,1,92,92040,2,1,0,6,GOUVERNEUR GAL EBOUE DU 02 AU 64,48.826466,2.270816,11,2,1
202100038873,132Â 141,A01,10,3,2,0,0,-1,-1,8,3,1,2021,91.0,3,2,0,1,4,20,1,,6,DUCHESNE-DE-DENANT ROND-POINT,0,,-1,0,0,1,(1),(1),1,, -1,2,0,1,30,9,2,2,85,85191,2,1,1,6, ROND-POINT DUCHESNE-DE-DENANT,46.64779,-1.43702,17,2,1
202100022635,161Â 158,B01,1,1,2,0,1,-1,-1,-1, -1,-1,2021,21.0,1,2,0,2,7,15,1,,4,BD ALFRED DANEY,0,,2,4,0,1,(1),(1),1,, -1,1,5,1,50,25,8,5,33,33063,2,3,0,3,Boulevard Alfred Daney,44.86819,-0.57035,4,3,2
202100024226,158Â 368,A01,10,3,1,5,0,-1,-1,3,3,2,2021,2.0,3,2,0,1,1,0,1,,4,MONT LE COMTE (AVENUE DU),0,,2,4,3,1,(1),(1),1,, -1,1,0,1,50,12,8,1,76,76351,2,1,0,6,MONT LE COMTE (AVENUE DU),49.51039,0.17926,19,3,1
202100052037,108Â 698,A01,10,3,2,1,0,-1,-1,1,3,1,2021,59.0,1,2,0,1,8,1,1,,4,RUE DES SUISSES,0,,1,1,0,1,(1),(1),1,, -1,1,0,1,50,8,2,2,75,75114,2,3,0,6,RUE DES SUISSES,48.830687,2.314306,7,2,1
202100051712,109Â 257,A01,1,1,2,5,1,0,-1,-1, -1,-1,2021,37.0,2,2,0,2,7,16,1,,4,AV DU ONZE NOVEMBRE ,0,,1,1,0,1,1,0,1,, -1,1,0,1,30,12,2,1,94,94068,2,1,0,3,Avenue du 11 Novembre,48.8077,2.5096,9,2,2
202100018878,167Â 906,A01,1,1,1,1,2,6,9,0,0,-1,2021,26.0,2,1,0,2,1,17,1,,3,978,-1,,3,2,0,1,27,700,1,, -1,1,0,1,80,16,9,1,85,85218,1,1,0,3,5 Rue de l OcÃ©an,46.645798,-1.634485,19,2,2
202100041910,126Â 705,B01,1,1,2,1,8,0,-1,-1, -1,-1,2021,53.0,2,0,0,2,1,25,3,,7,JEAN JAURES (AVENUE),0,,3,2,0,1,(1),(1),1,, -1,1,0,4,50,28,4,1,21,21231,2,9,0,3,Avenue Jean JaurÃ¨s,47.30740558,5.0247920256,8,2,2
202100042185,126Â 220,A01,10,3,1,5,0,-1,-1,1,3,1,2021,6.0,3,2,0,0,2,1,1,,4,COMBANAIRE,0,,2,2,0,1,(1),(1),1,, -1,1,0,1,50,22,2,1,36,36044,2,1,0,6,10 Rue Combanaire,46.80778,1.7049,15,2,1
202100048710,114Â 690,A01,1,1,2,1,2,0,-1,-1, -1,-1,2021,21.0,3,1,0,2,5,9,6,,3,JOHN F. KENNEDY (AVENUE),0,,2,2,0,1,0,1,1,, -1,1,0,1,50,9,3,5,93,93071,2,2,0,3,JOHN F. KENNEDY (AVENUE),48.9396808949,2.5127031543,20,2,2
202100004659,193Â 446,A01,10,3,1,3,0,-1,-1,3,3,1,2021,74.0,2,2,0,1,3,1,1,,4,MEIRLANDT (AVENUE MAURICE),0,,2,1,0,1,(1),(1),1,, -1,9,0,1,50,3,2,1,59,59650,2,1,0,6,MEIRLANDT (AVENUE MAURICE),50.70472,3.22068,9,2,1
202100027145,153Â 192,A01,1,1,1,5,2,6,-1,0,0,-1,2021,36.0,2,1,0,2,1,2,1,,3,74,0,D,2,2,0,1,7,500,1,, -1,1,0,1,80,25,7,1,91,91159,1,1,0,2,D74,48.529029,2.448787,17,2,2
202100038314,133Â 154,A01,10,3,2,5,0,-1,-1,3,3,1,2021,20.0,1,2,0,1,2,1,1,,3,DUPUY (AVENUE CHARLES),0,,2,2,0,1,60,35,1,, -1,2,0,1,50,10,2,1,43,43041,2,1,1,6,60 Avenue Charles Dupuy,45.04972,3.91797,16,2,1
202100014537,175Â 722,C01,3,2,2,5,1,0,-1,-1, -1,-1,2021,9.0,1,2,0,2,4,2,1,,1,A4,0,,-1,5,0,1,2,500,1,, -1,1,0,1,90,8,10,3,94,94069,1,1,0,4,A4,48.8176026373,2.4211764336,21,7,3
202100015877,173Â 297,A01,1,1,1,0,8,0,-1,-1, -1,-1,2021,16.0,3,1,0,2,7,19,5,,3,BOELE (ROUTE),0,,2,4,0,1,0,0,1,, -1,1,0,1,50,30,9,3,91,91103,1,2,0,3,BOELE (ROUTE),48.62627,2.297155,20,2,2
202100003357,195Â 762,B01,1,1,2,4,1,-1,-1,0,0,-1,2021,71.0,0,2,0,2,3,1,1,,3,,-1,,2,2,0,3,(1),(1),2,, -1,2,0,1,80,11,12,1,40,40226,1,1,0,1,2135 Route de Puyol,43.591306,-0.393732,13,2,2
202100018862,167Â 934,B01,1,1,1,5,2,9,-1,0,0,-1,2021,55.0,1,1,0,2,7,17,5,,4,125,0,,2,2,0,1,37,205,1,, -1,1,0,1,50,11,9,1,35,35353,2,1,0,3,32 Rue de Montfort,48.1188222508,-1.7597611848,15,2,2
202100014155,176Â 390,A01,1,1,1,1,2,6,-1,-1, -1,-1,2021,17.0,3,1,0,5,8,15,1,,3,GRENET (AVENUE HENRI),0,,-1,2,0,1,(1),(1),1,, -1,1,0,1,50,9,10,3,64,64102,2,6,0,7,AMADE  (ROND POINT),43.50214,-1.47867,6,1,1
202100004762,193Â 270,A01,10,3,2,9,0,-1,-1,4,3,2,2021,41.0,1,2,0,1,1,1,1,,4,VANEAU,0,,2,2,0,1,(1),(1),1,, -1,2,0,1,50,3,12,2,35,35238,2,1,1,6,VANEAU,48.109102828,-1.6929320097,17,3,2
202100004544,193Â 653,B01,4,2,2,5,8,0,-1,0,0,-1,2021,40.0,2,2,0,2,6,1,1,,4,RUE DE PONTHIEU,0,,1,1,0,1,(1),(1),1,, -1,1,0,1,30,5,12,5,75,75108,2,2,0,3,RUE DE PONTHIEU,48.870212,2.311055,2,3,2
202100024216,158Â 388,A01,1,1,2,5,1,-1,-1,0,0,-1,2021,27.0,2,2,13,0,2,17,1,,3,43,-1,,2,2,0,1,12,0,1,, -1,1,0,3,80,14,8,1,14,14088,1,3,0,6,D43,48.964329,-0.270882,18,4,2
202100018506,168Â 554,B01,1,1,1,1,2,-1,-1,0,0,-1,2021,23.0,2,1,0,2,3,1,1,,3,643,0,D,2,2,0,4,(1),(1),1,, -1,1,0,1,50,17,9,1,59,59136,2,2,1,1,Faubourg de Cambrai,50.106316,3.535817,18,2,2
202100024901,157Â 149,A01,1,1,2,9,8,0,-1,0,0,-1,2021,52.0,1,1,0,2,1,1,5,,4,QUAI BRANLY,0,,2,5,1,1,(1),(1),1,, -1,1,0,5,50,9,8,1,75,75107,2,1,0,3,QUAI BRANLY,48.861566,2.297713,16,2,2
202100003564,195Â 377,A01,1,1,1,0,1,0,-1,-1, -1,-1,2021,50.0,3,2,0,2,4,26,1,,3,11 - RT,0,,1,0,0,1,1,0,1,, -1,1,0,1,70,9,12,5,202,202120,2,1,0,2,11 - RT,42.657,9.413,17,4,2
202100050186,112Â 010,A01,1,1,1,0,2,0,-1,-1, -1,-1,2021,28.0,2,1,0,2,4,2,1,,2,PERIPHERIQUE,0,,3,4,0,1,20,0,1,, -1,1,0,1,90,15,2,3,44,44020,1,1,0,2,PERIPHERIQUE,47.1626,-1.5622,19,2,2
202100016096,172Â 874,A01,1,1,1,5,8,0,-1,-1, -1,-1,2021,29.0,2,5,0,2,1,21,1,,2,N.147,0,,3,4,0,1,61,99,1,, -1,2,0,1,110,29,9,1,86,86158,2,1,0,5,N147,46.619338,0.334687,8,5,5
202100028488,150Â 795,A01,4,2,1,5,1,0,-1,0,0,-1,2021,20.0,2,2,1,0,7,1,1,,7,,0,,2,2,0,1,(1),(1),2,, -1,1,0,1,50,17,7,5,6,6027,2,1,0,6,GAUDE AVENUE DE LA,43.66714,7.15265,1,5,1
202100052104,108Â 573,B01,1,1,1,0,1,0,0,-1, -1,-1,2021,59.0,1,2,8,2,0,1,1,,3,ROUTE DEPARTEMENTALE 3,0,,2,2,0,2,5,0,1,, -1,1,0,1,700,6,2,1,972,97213,1,1,0,3,ROUTE DEPARTEMENTALE 3,14.64783,-60.98861,10,2,2
202100019554,166Â 681,B01,1,1,1,0,2,6,-1,0,0,-1,2021,48.0,2,1,0,2,1,1,1,,3,201,-1,,-1,2,0,1,27,900,1,, -1,1,0,1,80,11,9,1,68,68082,1,3,0,3,4 Les Octrois,47.861992,7.37166,18,3,2
202100008496,186Â 546,B01,1,1,1,4,2,6,-1,0,0,-1,2021,22.0,3,1,0,2,4,23,1,,4,DONADEI EUGENE AVENUE,0,,1,1,0,1,(1),(1),2,, -1,1,0,1,50,10,11,1,6,6123,1,1,0,2,DONADEI EUGENE AVENUE,43.660318,7.194999,13,2,2
202100053987,105Â 249,A01,1,1,1,5,0,-1,-1,0,0,-1,2021,34.0,2,2,6,0,8,13,1,,4,,-1,,2,2,0,1,(1),(1),1,, -1,2,0,3,50,24,1,2,71,71522,2,1,1,6,549 Route du Taillet,46.606399,4.951858,17,1,1
202100023253,160Â 049,A01,1,1,2,5,2,0,-1,-1, -1,-1,2021,60.0,1,0,0,2,8,1,3,,4,MONNET (RUE JEAN),0,,2,2,1,1,0,0,1,, -1,1,0,1,50,19,8,1,87,87085,2,3,0,3,MONNET (RUE JEAN),45.86101,1.28282,13,2,2
202100007607,188Â 143,A01,10,3,2,0,0,-1,-1,1,3,1,2021,46.0,2,2,0,1,1,0,1,,4,Raoul Laurent (avenue),0,,2,2,0,1,1,0,1,, -1,1,0,1,50,8,11,2,52,52448,2,1,0,7,1 Raoul Laurent (avenue),48.64571,4.96104,18,2,1
202100007867,187Â 678,A01,1,1,1,0,8,0,-1,-1, -1,-1,2021,18.0,-1,2,9,0,1,26,1,,3,PAUL ET CAMILLE THOMOUX (RUE) COTE PAIR,0,,1,0,0,1,1,0,1,, -1,2,9,4,50,16,11,5,93,93050,2,3,1,6,PAUL ET CAMILLE THOMOUX (RUE) COTE PAIR,48.8738246288,2.5297297331,3,1,1
202100031684,145Â 123,B01,1,1,1,5,0,-1,-1,0,0,-1,2021,11.0,3,1,0,2,1,19,5,,3,9008,-1,,2,2,1,1,(1),(1),1,,4,1,0,1,50,28,6,1,42,42022,2,2,0,1,Avenue de Sury,45.525064,4.211039,18,2,2
202100043538,123Â 840,A01,1,1,1,0,2,0,-1,-1, -1,-1,2021,23.0,2,1,0,2,1,17,1,,3,RAVEL MAURICE (QUA)I,0,,2,2,0,1,0,300,1,, -1,1,0,1,30,18,4,1,64,64189,2,1,0,1,RAVEL MAURICE (QUA)I,43.38631,-1.66818,18,2,2
202100010657,182Â 687,B01,1,1,1,5,2,0,-1,-1, -1,-1,2021,46.0,1,1,0,0,1,3,1,,1,A7-Sens Lyon vers Marseille,0,,-1,3,0,1,262,0,1,, -1,1,0,1,110,24,10,1,13,13117,1,1,0,6,A7-Sens Lyon vers Marseille,43.432041,5.257564,18,2,2
202100041774,126Â 942,A01,1,1,1,0,2,6,-1,-1, -1,-1,2021,35.0,1,1,16,0,0,26,1,,4,ISAUTIER (AVENUE CHARLES),0,,2,2,0,1,0,0,1,, -1,9,0,4,50,1,5,5,974,97416,1,1,0,7,ISAUTIER (AVENUE CHARLES),-21.31486,55.45483,18,1,1
202100019864,166Â 134,B01,1,1,2,5,1,8,-1,-1, -1,-1,2021,53.0,1,2,0,2,1,1,1,,3,PETITE FONTAINE (RUE DE LA),0,,2,2,0,1,0,0,1,, -1,1,0,1,80,2,9,1,49,49328,1,2,0,3,VOIE ROMAINE,47.27219,-0.12795,8,2,2
202100029621,148Â 840,A01,1,1,1,9,2,6,-1,0,0,-1,2021,32.0,1,1,0,2,1,2,1,,4,BOULEVARD VINCENT AURIOL,0,,3,3,0,2,(1),(1),1,, -1,1,0,1,30,10,7,1,75,75113,2,2,0,2,BOULEVARD VINCENT AURIOL,48.836661,2.371886,12,2,2
202100013491,177Â 620,B01,1,1,1,1,2,6,-1,-1, -1,-1,2021,19.0,3,1,0,2,1,12,1,,4,GIRATOIRE DE ROME,0,,1,2,0,1,(1),(1),2,, -1,1,5,1,50,8,10,2,82,82121,2,6,0,3,GIRATOIRE DE ROME,43.98266,1.33152,18,2,2
202100044383,122Â 339,A01,2,2,1,5,2,6,-1,0,0,-1,2021,18.0,1,1,0,2,8,13,1,,4,,-1,,2,2,0,1,(1),(1),3,, -1,1,0,1,30,12,4,1,85,85301,2,1,0,3,Rue du Champ de la Foire,46.824742,-1.126742,19,3,2
202100023062,160Â 397,A01,10,3,2,5,8,8,-1,4,3,1,2021,82.0,1,5,0,1,8,1,1,,4,BACCARAT (CARREFOUR DE),0,,1,3,0,1,(1),(1),2,, -1,1,2,1,50,2,8,1,43,43157,2,1,0,6,2 Avenue de la Dentelle,45.0413342853,3.8882602751,14,2,1
202100009543,184Â 649,D01,1,1,2,0,1,-1,-1,0,0,-1,2021,40.0,1,2,0,2,1,1,1,,3,643,0,D,2,3,0,1,(1),(1),1,, -1,2,0,1,90,4,11,3,59,59136,1,1,1,4,RD 643,50.113623,3.499092,18,6,5
202100043651,123Â 650,B01,1,1,2,9,8,0,-1,0,0,-1,2021,31.0,1,1,0,2,6,15,5,,4,RUE DE LA GLACIERE,0,,2,2,0,1,(1),(1),1,, -1,1,0,1,50,17,4,1,75,75113,2,4,0,2,RUE DE LA GLACIERE,48.8316990236,2.3443740606,16,2,2
202100030497,147Â 257,B01,1,1,1,5,2,-1,-1,0,0,-1,2021,62.0,1,1,0,2,8,10,5,,3,D81,-1,,2,2,0,1,2,508,1,, -1,1,0,1,80,7,7,1,76,76647,1,1,0,3,Route de Lillebonne,49.525807,0.38288,14,2,2
202100013625,177Â 361,B01,1,1,1,9,2,6,-1,-1, -1,-1,2021,52.0,1,1,0,2,1,1,1,,3,R D 900,0,,2,4,0,1,25,1920,1,, -1,1,0,1,90,8,10,1,66,66136,1,1,0,6,R D 900,42.67489,2.8854,17,2,2
202100007976,187Â 474,B01,1,1,2,0,8,5,-1,-1, -1,-1,2021,59.0,1,2,0,2,1,1,1,,4,GASTON FEUILLARD(AVENUE),0,,3,3,0,1,(1),(1),1,, -1,1,0,1,50,15,11,1,971,97105,2,4,0,3,GASTON FEUILLARD(AVENUE),16.006,-61.73242,7,2,2
202100043662,123Â 629,A01,1,1,1,-1,0,-1,-1,-1, -1,-1,2021,33.0,-1,1,1,0,2,26,1,,3,BARBUSSE (AVENUE HENRI) A30,0,,2,2,0,1,0,1,1,, -1,1,9,1,50,16,4,5,93,93008,2,2,0,3,REPUBLIQUE (ALLEE DE LA),48.9076069116,2.4257361889,21,2,2
202100051634,109Â 400,A01,2,2,1,1,1,0,-1,-1, -1,-1,2021,32.0,3,2,4,0,1,1,1,,7,350,0,,1,2,0,1,(1),(1),2,, -1,2,3,1,50,9,2,2,67,67482,1,1,0,6,M350,48.59235,7.73673,7,2,1
202100045626,120Â 180,B01,1,1,2,1,1,0,-1,0,0,-1,2021,56.0,1,2,0,2,6,23,1,,4,AVENUE D IENA,0,,3,1,0,2,(1),(1),1,, -1,1,0,1,50,31,3,1,75,75116,2,2,0,2,AVENUE D IENA,48.8671825955,2.2953647375,19,2,2
202100052016,108Â 731,B01,1,1,1,0,2,0,-1,-1, -1,-1,2021,37.0,0,1,0,2,1,1,1,,4,AV CRAMPEL,0,,-1,2,0,1,(1),(1),1,, -1,2,0,1,50,8,2,1,31,31555,2,1,1,3,AV CRAMPEL,43.58636,1.45731,10,2,2
202100044171,122Â 719,A01,1,1,1,5,8,0,-1,0,0,-1,2021,42.0,2,1,0,2,1,15,5,,4,BOULEVARD DE SEBASTOPOL,0,,2,4,1,1,(1),(1),1,, -1,1,-1,5,50,13,4,1,75,75101,2,2,0,3,BOULEVARD DE SEBASTOPOL,48.863399,2.350949,13,2,2
202100047110,117Â 562,A01,1,1,2,5,1,0,-1,-1,0,-1,2021,21.0,2,2,3,0,1,13,1,,2,RN 184,0,,3,4,0,1,11,500,3,, -1,1,0,1,90,22,3,1,95,95678,1,1,0,6,RN 184,49.05901,2.21027,17,1,1
202100010087,183Â 671,A01,1,1,1,5,1,-1,-1,0,0,-1,2021,35.0,2,5,0,0,9,1,1,,3,739,0,D,2,2,0,1,28,415,1,, -1,1,0,1,90,30,10,3,16,16272,1,1,0,7,Lieu Dit les Prassets,45.872748,0.194932,23,1,1
202100027231,153Â 045,B01,1,1,1,4,1,0,-1,-1, -1,-1,2021,37.0,3,2,0,2,2,1,1,,4,ANDRE MAGINOT (AV),0,,2,0,0,1,1,0,1,, -1,1,0,1,50,24,7,1,94,94081,2,2,0,3,Avenue AndrÃ© Maginot,48.78978,2.39919,12,2,2
202100049410,113Â 436,A01,1,1,2,2,8,0,-1,0,0,-1,2021,67.0,1,2,1,0,1,20,3,,4,RUE DUHESME,0,,1,1,0,2,(1),(1),1,, -1,1,0,1,50,2,3,1,75,75118,2,5,0,6,RUE DUHESME,48.891186,2.339639,15,1,1
202100048385,115Â 270,A01,1,1,1,0,8,-1,-1,0,0,-1,2021,18.0,0,1,0,2,1,0,1,,6,PAYS D' AUGE (PLACE DU),0,,-1,0,0,1,(1),(1),1,, -1,1,9,8,50,9,3,1,80,80021,2,1,0,2,PAYS D' AUGE (PLACE DU),49.9133855244,2.2537754775,13,2,2
202100005288,192Â 333,A01,10,3,2,5,0,-1,-1,2,3,1,2021,66.0,1,2,0,1,5,1,1,,4,BEL AIR (ALLEE) - PAIR,0,,3,4,0,4,0,0,1,, -1,2,0,2,50,30,11,5,57,57672,2,1,1,6,BEL AIR (ALLEE) - PAIR,49.36666,6.15019,17,2,1
202100022519,161Â 377,B01,1,1,1,1,2,6,-1,0,0,-1,2021,46.0,2,1,0,2,1,1,1,,3,18,0,D,2,2,0,2,1,740,1,, -1,1,5,1,70,20,8,1,39,39047,1,1,0,3,881 Route des Fontaines,46.541853,6.034788,7,2,2
202100031955,144Â 623,A01,10,3,2,9,0,-1,-1,1,3,1,2021,72.0,3,5,0,1,4,20,1,,6,RUE DE LIFOU,0,,-1,0,0,2,0,0,1,, -1,1,9,8,5,27,6,1,988,98818,2,1,0,6,PARKING DE L'EGLISE DE MONTRAVEL,-22.25215,166.45311,16,2,1
202100025706,155Â 736,A01,10,3,1,0,0,-1,-1,9,3,1,2021,11.0,0,1,0,1,1,1,1,,4,SOURCE DE BADUEL (CHEMIN DE LA),0,,-1,2,0,1,(1),(1),1,, -1,1,0,1,50,3,8,1,973,97302,2,1,0,6,SOURCE DE BADUEL (CHEMIN DE LA),4.92632,-52.30358,18,2,1
202100033374,142Â 112,A01,1,1,1,5,2,0,-1,-1, -1,-1,2021,20.0,3,1,0,0,0,26,1,,4,PICASSO(RUE),0,,2,1,0,1,0,0,1,, -1,1,0,1,50,18,6,1,974,97407,2,9,0,7,PICASSO(RUE),-20.95006,55.2963,17,1,1