Num_Acc,id_vehicule,num_veh,place,catu,sexe,trajet,secu1,secu2,secu3,locp,actp,etatp,year_acc,victim_age,senc,catv,obs,obsm,choc,manv,motor,occutc,catr,voie,v1,v2,circ,nbv,vosp,prof,pr,pr1,plan,lartpc,larrout,surf,infra,situ,vma,jour,mois,lum,dep,com,agg_,int,atm,col,adr,lat,long,hour,nb_victim,nb_vehicules
202100007060,189Â 135,A01,10,3,1,0,0,-1,-1,4,A,1,2021,68.0,2,2,0,0,0,1,2,,4,STALINGRAD (RUE DE),0,,2,2,0,1,(1),(1),1,, -1,1,0,8,30,20,11,5,93,93048,2,1,0,7,STALINGRAD (RUE DE),48.8605,2.44345,18,2,1
202100023636,159Â 374,A01,2,2,2,5,1,-1,-1,0,0,-1,2021,45.0,3,2,2,9,1,0,1,,4,1,0,A,2,2,0,2,(1),(1),2,, -1,1,0,1,50,19,8,1,41,41095,1,1,0,6,Route du Plessis,47.895225,1.200606,11,2,1
202100054422,104Â 475,B01,1,1,1,0,2,0,-1,-1, -1,-1,2021,40.0,1,1,0,2,7,0,1,,4,RENE COTY,0,,2,2,0,1,(1),(1),1,, -1,1,0,1,50,15,1,5,76,76351,2,2,0,3,Avenue RenÃ© Coty,49.49852,0.11796,19,3,2
202100049816,112Â 706,A01,2,2,1,0,8,-1,-1,0,0,-1,2021,21.0,2,5,8,0,1,13,1,,4,,-1,,2,2,0,1,(1),(1),2,, -1,1,0,3,80,28,2,3,37,37267,1,1,0,6,Chemin des Boileaux,47.3473966588,0.8213405212,21,2,1
202100004334,194Â 011,A01,1,1,1,5,2,-1,-1,0,0,-1,2021,76.0,0,1,0,0,0,1,0,,3,,0,D,2,2,0,1,41,451,1,, -1,2,0,1,80,6,12,1,36,36226,1,1,0,7,chassin,46.623137,1.858771,13,1,1
202100052271,108Â 274,B01,1,1,1,1,1,-1,-1,0,0,-1,2021,48.0,2,2,0,2,3,1,1,,3,106,0,,2,2,0,1,11,400,3,, -1,1,0,1,80,8,2,1,30,30071,1,1,0,1,D106,44.028834,4.127512,9,2,2
202100005162,192Â 549,A01,1,1,2,0,1,-1,-1,0,0,-1,2021,32.0,2,2,13,0,8,15,1,,3,60,-1,,2,2,0,1,7,300,1,, -1,2,0,3,70,2,12,3,18,18028,1,3,0,6,D60,47.110615,2.293873,2,1,1
202100021012,164Â 103,A01,10,3,1,1,0,-1,-1,5,9,1,2021,20.0,2,2,9,2,2,14,1,,4,CURIE (RUE PIERRE),0,,2,0,0,1,(1),(1),1,, -1,1,0,4,50,2,9,1,78,78490,2,1,1,6,CURIE (RUE PIERRE),48.801023,1.981517,17,3,1
202100054613,104Â 166,C01,2,2,2,0,1,0,-1,-1, -1,-1,2021,35.0,-1,2,14,0,4,23,1,,3,ARISTIDE BRIAND AVENUE,0,,-1,1,0,1,0,1,1,, -1,1,8,1,50,17,1,5,93,93046,2,1,0,4,ARISTIDE BRIAND AVENUE,48.9107,2.5129,23,4,3
202100029093,149Â 743,A01,2,2,1,9,1,0,-1,-1, -1,-1,2021,20.0,0,2,6,0,3,1,1,,4,ONZE NOVEMBRE 1918 (RUE DU ),0,,2,2,0,1,(1),(1),1,, -1,1,0,1,50,10,7,5,80,80489,2,1,0,6,ONZE NOVEMBRE 1918 (RUE DU ),49.869315667,2.3623287678,2,4,1
202100050895,110Â 705,A01,2,2,2,2,2,0,-1,-1, -1,-1,2021,16.0,2,1,0,0,1,1,1,,3,RD 86 DE MONTS Ã  TOURS,0,,2,2,0,1,(1),(1),1,, -1,1,0,1,50,19,2,1,37,37122,2,3,0,7,RD 86 DE MONTS Ã  TOURS,47.3304652982,0.6642576457,14,2,1
202100014402,175Â 961,Z01,10,3,2,1,8,8,-1,2,3,1,2021,21.0,1,1,0,1,1,1,3,,4,RUE DAUPHINE,0,,2,2,1,1,(1),(1),1,, -1,1,-1,5,30,8,10,1,75,75106,2,1,0,6,RUE DAUPHINE,48.855749,2.340195,16,2,1
202100018180,169Â 115,A01,10,3,2,5,0,-1,-1,4,3,1,2021,32.0,2,2,0,1,7,1,1,,4,RUE DE MAUBEUGE,0,,1,2,0,2,(1),(1),1,, -1,1,0,1,30,18,9,1,75,75109,2,5,0,6,RUE DE MAUBEUGE,48.879667,2.349514,14,2,1
202100055013,103Â 474,A01,10,3,1,4,0,-1,-1,1,A,1,2021,25.0,1,2,0,1,2,1,1,,4,,0,,1,1,0,1,(1),(1),1,, -1,2,0,1,50,14,1,1,69,69385,2,1,1,6,SECRET (IMP),45.75511,4.79458,16,2,1
202100006641,189Â 916,A01,2,2,1,5,1,8,-1,-1, -1,-1,2021,18.0,2,2,6,0,2,14,1,,4,MOULIN (RUE DU VIEUX),0,,2,2,0,2,(1),(1),1,, -1,2,0,4,50,22,11,5,56,56107,2,1,1,6,MOULIN (RUE DU VIEUX),47.7153,-3.38783,0,2,1
202100033325,142Â 193,B01,1,1,1,0,2,6,-1,-1, -1,-1,2021,32.0,0,1,0,2,1,17,1,,7,222,0,,2,2,0,1,(1),(1),1,, -1,1,0,1,50,11,6,1,67,67267,2,1,0,1,GRAFFENSTADEN (RUE DE),48.54895,7.6808,12,2,2
202100038386,133Â 025,A01,1,1,1,0,8,0,-1,0,0,-1,2021,23.0,3,1,0,2,1,19,5,,4,,0,,2,7,1,1,(1),(1),1,, -1,1,9,1,50,24,5,1,6,6088,2,1,0,5,ANGLAIS (A PARTIR DU NÂ° 351),43.66728,7.21624,19,3,3
202100005609,191Â 779,B01,1,1,1,9,8,-1,-1,0,0,-1,2021,62.0,1,2,0,0,4,1,1,,2,249,0,N,3,4,0,2,21,380,3,, -1,1,0,1,110,30,11,3,49,49332,1,1,0,2,N 249 pk 21+400,47.07455,-0.943923,22,2,2
202100035446,138Â 354,B01,1,1,2,5,1,0,-1,0,0,-1,2021,32.0,1,2,0,2,2,1,1,,4,AVENUE JEAN JAURES,0,,2,2,0,1,(1),(1),1,, -1,1,0,1,50,8,6,5,75,75119,2,2,0,3,AVENUE JEAN JAURES,48.887769,2.389278,22,3,2
202100032106,144Â 362,B01,2,2,2,0,1,-1,-1,-1, -1,-1,2021,51.0,0,5,0,2,4,1,0,,4,JAURES (AVENUE JEAN) DU NÂ° 74 A FIN (PAI,0,,3,2,3,1,(1),(1),1,, -1,1,0,1,50,26,6,1,51,51454,2,1,0,2,Avenue Jean JaurÃ¨s,49.2617058792,4.0511799149,7,3,2
202100004552,193Â 639,A01,1,1,1,-1,0,-1,-1,-1, -1,-1,2021,16.0,-1,1,0,0,0,-1,-1,,3,LENINE (AVENUE) NÂ°2A34 ET 1A43,0,,-1,4,0,1,0,1,1,, -1,1,0,1,50,5,12,5,93,93059,2,9,0,3,LENINE (AVENUE) NÂ°2A34 ET 1A43,48.96001,2.35896,21,3,2
202100052429,107Â 998,A01,1,1,1,0,2,-1,-1,-1, -1,-1,2021,62.0,2,1,0,2,1,18,1,,4,VENISE (RUE),0,,2,2,1,1,(1),(1),1,, -1,1,0,5,50,5,2,1,51,51454,2,1,0,3,Rue de Venise,49.2472528332,4.0332588348,8,3,2
202100028393,150Â 960,B01,1,1,1,5,1,-1,-1,0,0,-1,2021,81.0,2,2,0,2,3,1,1,,3,952,-1,,2,2,0,2,39,365,2,, -1,1,0,1,80,25,5,1,4,4135,1,1,0,1,RD 952,43.817607,6.243539,14,2,2
202100028205,151Â 277,A01,1,1,2,9,1,-1,-1,0,0,-1,2021,41.0,2,2,8,0,1,17,1,,2,164,0,,2,0,0,2,55,800,3,,0,1,5,3,80,20,7,1,22,22158,1,3,0,7,CoÃ«t Digo (Saint-Guen),48.210018,-2.917836,8,1,1
202100005250,192Â 400,A01,10,3,1,5,0,-1,-1,1,3,1,2021,61.0,1,2,0,1,2,2,1,,3,CORDES (RTE DE),0,,2,2,0,1,36,400,1,, -1,1,0,1,70,21,11,3,81,81004,1,1,0,6,CORDES (RTE DE),43.948613,2.121184,1,2,1
202100051945,108Â 855,B01,1,1,1,4,1,0,-1,-1, -1,-1,2021,34.0,1,5,9,2,7,1,1,,3,RD 914,0,,1,3,0,2,0,0,1,, -1,2,0,1,50,10,2,2,92,92050,2,2,0,3,PONS NOEL RUE,48.9040937696,2.2191306536,18,2,2
202100016110,172Â 847,A01,1,1,2,1,1,0,-1,-1, -1,-1,2021,26.0,1,2,1,0,2,26,1,,4,FRANKLIN,0,,2,2,0,1,(1),(1),1,, -1,1,0,1,50,29,9,5,78,78551,2,1,0,6,FRANKLIN,48.90334,2.0832,21,1,1
202100000217,201Â 350,A01,1,1,2,5,2,-1,-1,-1, -1,-1,2021,51.0,3,1,16,0,1,1,5,,4,,-1,,2,-1,-1,2,(1),(1),2,, -1,9,0,1,90,14,7,1,61,61159,1,1,0,7,,48.653846,0.410435,19,1,1
202100005486,191Â 986,A01,3,2,1,5,1,0,-1,-1, -1,-1,2021,19.0,3,2,6,0,2,21,1,,4,PLAGNE (RUE DE LA),0,,2,2,0,1,0,0,1,, -1,2,2,1,80,28,11,3,87,87065,1,1,1,6,PLAGNE (RUE DE LA),45.81022,1.31282,0,3,1
202100012060,180Â 153,A01,10,3,2,2,0,-1,-1,2,3,1,2021,19.0,2,2,0,1,3,1,1,,3,ALFORTVILLE (AV D),0,,2,2,0,1,0,1,1,, -1,2,0,1,50,20,10,2,94,94022,2,1,1,6,Avenue dâAlfortville,48.77303,2.41464,8,2,1
202100046536,118Â 601,A01,1,1,1,5,2,6,-1,-1, -1,-1,2021,21.0,1,1,0,2,1,2,1,,2,,0,,2,2,1,1,71,320,3,, -1,1,2,1,50,26,3,1,25,25462,2,1,0,2,ROCADE G.POMPIDOU ( DE 0 A 6),46.89789,6.35965,14,2,2
202100045757,119Â 960,B01,1,1,2,5,1,-1,-1,-1, -1,-1,2021,65.0,2,2,0,2,4,1,1,,2,ROUGES TERRES (LES),0,,3,4,0,2,0,0,1,, -1,1,0,1,50,30,3,1,50,50203,2,2,0,4,ROUGES TERRES (LES),49.61271,-1.60115,12,3,3
202100033787,141Â 378,B01,1,1,2,3,2,6,-1,0,0,-1,2021,15.0,3,1,0,2,6,0,3,,4,MARECHAL JUIN AVENUE,0,,1,2,0,1,(1),(1),1,, -1,1,0,1,30,15,6,1,201,201004,2,1,0,3,MARECHAL JUIN AVENUE,41.9352282129,8.7507781758,12,2,2
202100005581,191Â 827,A01,1,1,1,5,2,6,-1,0,0,-1,2021,40.0,0,1,13,0,7,1,1,,4,,-1,,2,2,0,2,(1),(1),1,,5,2,0,3,50,30,11,3,85,85109,1,1,0,7,rue du petit lay,46.823636,-0.999744,19,1,1
202100005906,191Â 232,A01,10,3,1,0,0,-1,-1,3,3,1,2021,9.0,3,2,0,1,2,1,1,,4,LAENNEC RENE (AV),0,,2,2,2,1,0,0,1,, -1,1,0,1,30,24,11,1,72,72181,2,9,0,6,LAENNEC RENE (AV),48.02001,0.16241,16,2,1
202100001847,198Â 497,A01,1,1,1,4,1,-1,-1,0,0,-1,2021,58.0,0,2,0,2,1,1,1,,3,CHATEAUDUN (BOULEVARD DE),0,,2,4,0,1,(1),(1),1,, -1,1,0,1,50,18,12,1,80,80021,2,2,0,3,CHATEAUDUN (BOULEVARD DE),49.88378,2.28227,14,3,2
202100028233,151Â 231,B01,2,2,1,5,8,-1,-1,0,0,-1,2021,21.0,2,2,0,2,2,18,1,,1,71,0,,3,4,0,1,368,600,1,, -1,1,0,1,130,19,7,1,63,63116,1,1,0,5,A71 PR 368+600 sens province vers paris,45.985781,3.108444,8,6,3
202100053370,106Â 324,B01,1,1,1,1,1,-1,-1,0,0,-1,2021,64.0,1,2,0,2,3,1,1,,3,1206,0,,2,2,0,4,0,500,1,, -1,1,0,1,50,19,1,1,1,1033,2,1,0,1,Rue Joseph Marion,46.107183,5.832823,13,2,2
202100043759,123Â 468,B01,2,2,1,0,1,0,-1,-1, -1,-1,2021,22.0,3,2,0,2,8,1,1,,4,MARECHAL LECLERC DU,0,,2,5,1,1,0,0,1,, -1,1,5,1,50,16,4,1,64,64445,2,5,0,3,MARECHAL LECLERC DU,43.30265,-0.35209,17,3,2
202100028226,151Â 241,A01,1,1,1,1,2,6,-1,0,0,-1,2021,34.0,2,1,0,0,8,1,1,,3,50,-1,,2,2,0,1,8,180,2,, -1,1,0,3,50,19,7,1,85,85128,2,1,0,7,Route de Champagne,46.451027,-1.154782,10,1,1
202100004180,194Â 283,A01,2,2,1,0,1,-1,-1,0,0,-1,2021,17.0,2,2,11,0,1,1,0,,3,162,0,,2,2,0,1,2,3865,1,, -1,2,0,1,50,5,12,3,34,34161,2,6,1,7,route de maureilhan,43.333325,3.133818,23,2,1
202100013515,177Â 571,B01,1,1,1,0,2,0,-1,0,0,-1,2021,24.0,3,1,0,2,8,1,5,,4,ESTIENNE (RUE PIERRE),0,,2,2,1,1,(1),(1),1,, -1,1,0,5,50,12,10,2,63,63113,2,1,0,3,ESTIENNE (RUE PIERRE),45.77129,3.12746,18,2,2
202100017415,170Â 500,C01,1,1,2,0,1,0,-1,-1, -1,-1,2021,49.0,2,2,0,2,3,2,0,,4,PLESSIS (CHEMIN DU),0,,4,4,0,1,(1),(1),1,, -1,1,0,1,50,22,9,1,91,91286,2,1,1,5,PLESSIS (CHEMIN DU),48.651502,2.385304,16,3,3
202100019356,167Â 031,B01,1,1,2,5,1,0,-1,-1, -1,-1,2021,29.0,2,2,0,2,6,2,1,,4,CLOT BEY (AVENUE),0,,2,2,0,1,0,0,3,, -1,1,0,1,50,12,9,5,13,13208,2,1,0,3,CLOT BEY (AVENUE),43.25923,5.38611,3,3,2
202100002883,196Â 615,A01,1,1,1,9,2,6,-1,-1, -1,-1,2021,27.0,2,1,0,2,1,3,1,,2,ROUTE NATIONALE 1,0,,2,4,0,1,7,0,1,, -1,2,0,1,70,14,12,1,972,97213,2,1,1,3,ROUTE NATIONALE 1,14.62513,-60.9821,8,2,2
202100040559,129Â 115,A01,1,1,1,5,2,6,9,0,0,-1,2021,34.0,2,1,3,0,1,1,1,,3,12,0,,2,1,0,2,17,800,2,, -1,1,0,1,80,8,5,1,40,40268,1,1,1,6,D12,43.520095,-1.286176,16,2,1
202100025018,156Â 933,A01,10,3,1,4,0,-1,-1,2,A,1,2021,39.0,1,2,1,1,1,20,1,,4,RUE GALILEE,0,,1,1,0,1,(1),(1),1,, -1,1,0,1,50,8,8,1,75,75116,2,2,0,6,RUE GALILEE,48.870933,2.297508,17,2,1
202100015026,174Â 848,A01,10,3,2,2,0,-1,-1,3,3,2,2021,6.0,3,2,0,1,1,1,1,,4,KENNEDY ( AVENUE JOHN ),0,,3,2,0,1,(1),(1),1,, -1,1,0,8,50,4,10,1,62,62041,2,1,0,6,KENNEDY ( AVENUE JOHN ),50.287499,2.749913,13,4,1
202100012933,178Â 619,A01,1,1,1,0,2,6,-1,0,0,-1,2021,21.0,1,1,16,0,0,0,1,,3,30,0,,2,2,0,3,0,0,2,, -1,1,0,3,80,16,10,1,41,41267,1,1,1,7,D30,47.418005,1.130176,8,1,1
202100032332,143Â 965,A01,1,1,1,1,2,6,-1,-1, -1,-1,2021,51.0,2,1,0,2,7,17,1,,3,REPUBLIQUE (AV DE LA),0,,2,2,0,1,1,0,1,, -1,1,0,1,30,25,6,1,94,94046,2,1,0,3,Avenue de la RÃ©publique,48.8053,2.43982,9,2,2
202100026802,153Â 817,A01,1,1,1,9,2,6,-1,-1, -1,-1,2021,17.0,3,1,5,0,4,0,1,,4,LATECOERE (ALLEE PIERRE),0,,2,2,0,1,0,0,1,, -1,1,0,1,30,27,7,1,64,64102,2,1,0,7,AllÃ©e Pierre LatÃ©coÃ¨re,43.4662850589,-1.4920055866,18,1,1
202100016562,172Â 027,B01,1,1,2,9,0,-1,-1,0,0,-1,2021,11.0,0,1,0,2,7,19,5,,3,9,0,,2,0,0,1,0,0,1,, -1,1,0,1,50,24,9,2,92,92004,2,3,0,3,HOTEL DE VILLE   ( PLACE ),48.9100668863,2.2882763571,19,2,2
202100022720,160Â 988,A01,10,3,1,0,8,8,-1,3,3,1,2021,72.0,3,2,0,1,1,9,1,,4,MEDITERRANNEE (Rond point),0,,1,0,3,1,(1),(1),1,, -1,1,0,8,50,23,8,1,34,34003,2,1,0,6,MEDITERRANNEE (Rond point),43.29926,3.47791,16,2,1
202100040675,128Â 919,A01,1,1,1,5,2,-1,-1,0,0,-1,2021,44.0,1,1,0,0,1,13,1,,3,7,-1,,2,2,0,1,21,700,3,, -1,1,0,1,-1,9,5,2,10,10274,1,1,0,7,7,48.437031,3.815646,20,1,1
202100019049,167Â 590,A01,1,1,2,5,2,6,-1,0,0,-1,2021,45.0,2,1,0,0,1,1,1,,3,D114,-1,,2,2,0,1,4,600,1,, -1,2,0,1,80,14,9,1,34,34016,1,1,1,7,D114,43.595063,3.635101,13,1,1
202100029964,148Â 238,B01,1,1,1,0,1,-1,-1,-1, -1,-1,2021,21.0,3,2,0,2,1,0,1,,4,CUSSET   (Pont de),0,,2,4,0,1,(1),(1),1,, -1,1,0,1,50,8,7,1,69,69266,2,6,0,3,CUSSET (DE) (PT),45.76963,4.90609,9,2,2
202100013587,177Â 431,A01,10,3,1,5,0,-1,-1,5,5,1,2021,89.0,3,3,0,1,7,26,3,1.0,4,ARSONVAL (D')                       (PL),0,,1,2,3,1,(1),(1),3,, -1,1,9,6,50,23,7,1,69,69383,2,1,0,6,ARSONVAL (D')                       (PL),45.743139255,4.8784285784,12,2,1
202100024480,157Â 908,A01,1,1,1,1,1,-1,-1,-1, -1,-1,2021,31.0,2,2,0,2,0,0,1,,1,AUTOROUTE A 63,0,,3,4,0,1,3,200,1,, -1,1,0,1,110,13,8,1,33,33090,1,1,0,2,,44.77096,-0.660456,8,2,2
202100016629,171Â 909,A01,10,3,2,0,8,-1,-1,2,3,1,2021,66.0,3,2,0,1,6,4,1,,4,GENERAL LECLERC                     (AV),0,,3,2,3,1,(1),(1),1,, -1,1,9,1,50,26,9,1,69,69034,2,1,0,6,GENERAL LECLERC (AV),45.80329,4.86004,14,2,1
202100050569,111Â 298,B01,1,1,1,5,8,0,-1,-1, -1,-1,2021,15.0,2,1,0,2,4,2,5,,4,MALHERBE,0,,1,1,0,1,(1),(1),1,, -1,1,0,1,50,20,2,1,76,76351,2,1,0,2,MALHERBE,49.49932,0.13956,17,2,2
202100038226,133Â 318,B01,2,2,2,9,1,0,-1,0,0,-1,2021,32.0,2,2,0,2,1,1,1,,4,BOULEVARD DE COURCELLES,0,,2,4,0,1,(1),(1),1,, -1,2,0,1,50,25,5,5,75,75108,2,5,1,3,BOULEVARD DE COURCELLES,48.879143,2.303143,21,3,2
202100031647,145Â 185,C01,1,1,1,5,0,-1,-1,0,0,-1,2021,81.0,1,4,15,2,3,14,1,,3,242,0,,2,2,0,2,3,750,4,, -1,1,0,1,80,30,6,1,61,61302,1,1,0,5,Hameau Bourdon,48.844631,0.08421,15,3,3
202100035061,139Â 025,B01,1,1,1,9,2,6,-1,0,0,-1,2021,46.0,2,1,0,2,0,1,3,,4,BOULEVARD DE COURCELLES,0,,2,2,0,1,(1),(1),1,, -1,1,0,1,30,11,6,1,75,75108,2,1,0,3,BOULEVARD DE COURCELLES,48.880678,2.311194,11,2,2
202100019729,166Â 378,A01,1,1,1,1,2,0,-1,0,0,-1,2021,29.0,1,1,0,1,1,1,3,,4,RUE DES PETITES ECURIES,0,,1,1,0,1,(1),(1),1,, -1,1,0,1,30,10,9,1,75,75110,2,1,0,6,RUE DES PETITES ECURIES,48.873176,2.353291,9,2,1
202100039500,130Â 998,A01,1,1,1,5,2,6,9,0,0,-1,2021,27.0,2,1,16,0,0,1,1,,3,168,0,D,2,2,0,1,5,100,1,, -1,1,0,3,80,18,5,1,11,11262,1,1,0,6,D168,43.174262,3.08115,13,1,1
202100006939,189Â 365,A01,1,1,1,5,2,6,-1,0,0,-1,2021,60.0,2,1,0,2,8,5,1,,4,AVENUE KLEBER,0,,2,4,0,1,(1),(1),1,, -1,1,0,1,30,20,11,5,75,75116,2,1,0,3,AVENUE KLEBER,48.871724,2.293519,20,2,2
202100015200,174Â 536,B01,1,1,1,0,1,0,-1,-1, -1,-1,2021,60.0,2,2,3,2,3,1,1,,1,AUTOROUTE A10,0,,1,2,0,1,11,802,1,, -1,1,0,1,110,4,10,3,91,91661,1,1,0,1,AUTOROUTE A10,48.68593,2.21482,21,2,2
202100055054,103Â 404,A01,10,3,1,0,0,-1,-1,3,3,1,2021,40.0,0,2,0,1,1,1,1,,4,PIERRE GUYS (RUE),0,,1,1,0,1,(1),(1),1,, -1,1,0,1,50,14,1,1,13,13212,2,1,0,6,PIERRE GUYS (RUE),43.3085,5.4367,12,2,1
202100021040,164Â 050,A01,10,3,2,5,0,-1,-1,8,9,2,2021,53.0,3,2,1,1,2,1,0,,6,PIERRE DEMATHIEU,0,,-1,-1,0,1,0,0,1,, -1,1,9,8,30,2,9,1,55,55545,2,1,0,5,PIERRE DEMATHIEU,49.16171,5.371751,16,5,3
202100008194,187Â 075,A01,1,1,1,0,8,-1,-1,0,0,-1,2021,58.0,1,2,0,0,0,0,1,,3,278,0,A,2,2,0,2,12,650,3,, -1,1,0,3,80,15,11,1,7,7195,1,1,0,7,dÃ©partementale 278,44.919628,4.242868,10,1,1
202100043350,124Â 177,A01,10,3,1,9,0,-1,-1,3,4,1,2021,22.0,2,2,1,1,2,1,1,,4,RUE NICOLO,0,,1,4,0,1,(1),(1),1,, -1,1,0,1,50,20,4,1,75,75116,2,2,0,6,RUE NICOLO,48.86015,2.278107,14,2,1
202100011531,181Â 106,A01,1,1,1,5,2,6,-1,-1, -1,-1,2021,34.0,1,1,12,0,8,1,1,,7,GENERAL LECLERC                     (AV),0,,2,-1,0,1,1,50,1,, -1,1,0,1,50,23,10,5,69,69034,2,1,0,6,GENERAL LECLERC                     (AV),45.80465,4.86427,0,1,1
202100049952,112Â 461,B01,4,2,2,5,8,-1,-1,0,0,-1,2021,32.0,2,2,0,2,1,1,1,,1,63,0,A,3,4,0,1,12,700,1,, -1,1,0,1,130,28,2,3,33,33122,1,1,0,2,,44.7126965714,-0.7463853351,5,4,2
202100033673,141Â 573,A01,1,1,1,0,1,8,-1,-1, -1,-1,2021,24.0,2,2,0,2,3,1,1,,3,998,0,,-1,4,0,1,0,0,1,, -1,1,0,1,50,18,6,1,92,92078,2,3,0,3,MARECHAL LECLERC (AVENUE) (PAIRS),48.9373906272,2.324321866,13,2,2
202100035393,138Â 451,A01,1,1,1,5,2,6,9,0,0,-1,2021,72.0,1,1,13,0,2,1,1,,3,D986,-1,,2,2,0,2,17,100,2,, -1,1,0,3,90,11,6,1,48,48146,1,1,0,6,Route de Mende (Sainte-Enimie),44.372199,3.41089,17,1,1
202100044802,121Â 631,B01,1,1,1,0,2,6,-1,-1, -1,-1,2021,21.0,1,1,6,0,3,21,1,,4,BRIQUETERIE (RUE DE LA),0,,2,2,0,1,0,0,1,, -1,1,0,1,50,7,4,1,72,72181,2,1,0,7,BRIQUETERIE (RUE DE LA),47.9932,0.16572,17,2,2
202100013999,176Â 680,B01,5,2,1,0,1,8,-1,-1, -1,-1,2021,23.0,2,2,0,2,1,1,0,,7,D66  VOIE RAPIDE,0,,1,2,0,1,6,684,1,, -1,1,0,1,90,10,10,3,34,34198,1,1,0,1,D66  VOIE RAPIDE,43.57689,3.9485,7,6,2
202100044091,122Â 865,A01,1,1,1,4,1,-1,-1,0,0,-1,2021,62.0,1,2,0,2,1,13,1,,3,6086,-1,D,2,2,0,2,34,500,3,, -1,1,0,1,-1,15,4,1,30,30340,1,1,0,5,D6086,44.001289,4.578702,19,3,3
202100012630,179Â 138,A01,1,1,1,5,1,0,-1,-1, -1,-1,2021,38.0,1,2,0,2,4,2,1,,3,CORBEIL (ROUTE DE),0,,2,2,0,1,0,0,1,, -1,1,0,1,50,17,10,1,91,91667,2,1,0,2,CORBEIL (ROUTE DE),48.656499,2.339011,12,2,2
202100027850,151Â 935,A01,2,2,1,5,1,-1,-1,0,0,-1,2021,20.0,1,2,13,0,1,17,1,,3,426,0,D,2,2,0,1,22,0,1,, -1,1,0,3,-1,19,7,1,67,67348,1,1,0,6,D426,48.46346,7.460661,5,2,1
202100025941,155Â 316,A01,10,3,1,5,0,-1,-1,1,3,1,2021,44.0,0,2,0,1,5,4,1,,4,,0,,1,1,0,2,(1),(1),1,,3,1,0,1,50,2,8,1,74,74056,2,1,0,6,Mte Charles Bozon,45.912553,6.852477,18,2,1
202100020262,165Â 416,A01,5,2,1,0,1,-1,-1,-1, -1,-1,2021,9.0,-1,2,0,2,6,1,1,,7,GENEVE (DE)                         (R ),0,,2,6,0,1,56,400,1,, -1,1,5,1,50,6,9,5,69,69290,2,2,0,3,GRENOBLE (DE) (RTE),45.707345505,4.9866235256,21,6,2
202100004547,193Â 647,A01,1,1,1,9,1,0,-1,-1, -1,-1,2021,34.0,1,2,0,2,8,26,1,,4,GENERAL DE GAULLE (AV DU),0,,1,1,0,1,0,0,1,, -1,1,5,1,30,5,12,4,94,94059,2,9,0,3,GENERAL DE GAULLE (AV DU),48.81049,2.57255,4,2,2
202100012383,179Â 577,B01,1,1,2,0,8,0,-1,-1, -1,-1,2021,60.0,1,1,0,2,1,1,0,,4,DUGUESCLIN                          (R ),0,,2,2,1,1,(1),(1),1,, -1,1,0,1,30,18,10,1,69,69386,2,1,0,3,DUGUESCLIN (R),45.7640352491,4.8482108116,11,2,2
202100025264,156Â 495,A01,1,1,1,0,1,0,-1,-1, -1,-1,2021,60.0,2,2,0,2,6,16,1,,4,AUGUSTE DELAUNE,0,,2,2,0,1,(1),(1),1,, -1,1,0,1,50,4,8,1,76,76351,2,3,0,3,AUGUSTE DELAUNE,49.50049,0.16672,14,4,2
202100031455,145Â 521,B01,1,1,1,1,2,7,-1,0,0,-1,2021,28.0,2,1,0,2,1,1,1,,7,1Ã¨re,-1,,2,2,0,1,(1),(1),3,, -1,1,0,1,70,1,7,1,6,6033,2,3,0,3,1Ã¨re Avenue 6Ã¨me rue,43.778498,7.213581,18,2,2
202100048343,115Â 344,B01,1,1,1,1,2,6,-1,0,0,-1,2021,28.0,1,1,0,0,1,1,1,,3,92,-1,,2,2,0,1,(1),(1),1,, -1,1,5,1,70,12,3,5,38,38341,1,3,0,3,D1006,45.567033,5.414245,19,2,2
202100021266,163Â 645,B01,1,1,1,1,2,6,-1,-1, -1,-1,2021,31.0,3,1,0,2,1,1,1,,4,RUE ANDRE VASSEUR,0,,2,2,0,2,(1),(1),1,, -1,1,2,1,50,1,9,1,31,31555,2,3,0,3,RUE ANDRE VASSEUR,43.638114,1.476273,17,2,2
202100042541,125Â 587,B01,1,1,1,1,2,6,-1,0,0,-1,2021,45.0,1,1,0,2,1,1,1,,3,33,0,,2,2,0,1,8,440,1,, -1,1,0,1,80,27,4,1,53,53127,1,1,0,1,La Fontenelle,48.425659,-0.457134,16,2,2
202100046206,119Â 176,A01,1,1,2,0,1,5,-1,-1, -1,-1,2021,43.0,1,2,3,2,3,19,1,,2,RN12 EXT,0,,3,6,0,1,32,599,1,, -1,1,0,1,110,27,3,2,78,78490,1,1,0,2,RN12 EXT,48.80047,1.97273,19,2,2
202100000651,200Â 549,A01,10,3,1,9,0,-1,-1,3,3,1,2021,37.0,1,2,0,1,1,1,1,,4,CAMIETA (ALLEE DE),0,,2,2,0,1,0,0,1,, -1,1,0,1,50,31,12,1,64,64545,2,1,1,6,Allee de Camieta,43.376072,-1.670794,12,2,1
202100040221,129Â 703,A01,1,1,1,5,2,6,-1,0,0,-1,2021,18.0,1,1,0,2,0,18,1,,4,AVENUE DE VILLIERS,0,,2,4,2,1,(1),(1),1,, -1,1,0,5,50,12,5,1,75,75117,2,4,0,3,AVENUE DE VILLIERS,48.884457,2.301147,15,3,2