Num_Acc,id_vehicule,num_veh,place,catu,sexe,trajet,secu1,secu2,secu3,locp,actp,etatp,year_acc,victim_age,senc,catv,obs,obsm,choc,manv,motor,occutc,catr,voie,v1,v2,circ,nbv,vosp,prof,pr,pr1,plan,lartpc,larrout,surf,infra,situ,vma,jour,mois,lum,dep,com,agg_,int,atm,col,adr,lat,long,hour,nb_victim,nb_vehicules
202100022130,162Â 075,B01,2,1,1,0,2,0,-1,-1, -1,-1,2021,39.0,2,1,0,0,0,1,3,,4,,0,,2,2,0,1,0,0,1,, -1,1,0,1,50,28,8,1,92,92024,2,1,0,7,GUSTAVE EIFFEL (RUE),48.9043045185,2.2957386679,12,2,2
202100017893,169Â 639,B01,2,2,2,9,1,0,-1,-1, -1,-1,2021,20.0,1,2,0,2,2,1,1,,3,JOFFRE MARECHAL AVENUE DU,0,,2,4,0,1,0,0,1,, -1,1,1,1,50,19,9,1,92,92050,2,1,0,3,JOFFRE MARECHAL AVENUE DU,48.8856698242,2.1966581047,15,5,2
202100031345,145Â 714,A01,1,1,1,0,1,-1,-1,0,0,-1,2021,27.0,1,5,2,0,1,13,4,,3,315,-1,D,2,2,0,1,4,0,1,, -1,1,0,1,80,2,7,1,40,40246,1,9,0,6,Route de Luxey,44.151728,-0.714632,14,1,1
202100045937,119Â 642,B01,1,1,1,1,2,0,-1,0,0,-1,2021,23.0,3,1,0,2,8,1,3,,4,MADON (RUE DU),0,,2,2,0,1,(1),(1),3,, -1,1,0,1,30,29,3,5,54,54357,2,1,0,3,MADON (RUE DU),48.7008758295,6.1352596539,20,2,2
202100024006,158Â 730,A01,1,1,1,0,8,-1,-1,-1, -1,-1,2021,22.0,1,0,0,2,1,19,3,,3,CONDORCET  R,0,,1,2,2,1,57,800,1,, -1,1,0,5,50,14,8,1,69,69264,2,9,0,3,CONDORCET (R),45.9849,4.73016,12,2,2
202100036412,136Â 615,B01,1,1,1,0,1,0,-1,0,0,-1,2021,45.0,1,2,0,2,7,1,1,,4,BROT (Rue Marcel),0,,2,4,0,1,(1),(1),1,, -1,1,0,1,50,4,6,1,54,54395,2,1,0,3,BROT (Rue Marcel),48.6798035489,6.2045294921,8,2,2
202100016080,172Â 902,B01,1,1,1,4,2,6,-1,-1, -1,-1,2021,32.0,0,1,0,2,1,1,0,,4,PIETRI FRANCOIS RUE,0,,3,1,0,1,(1),(1),1,, -1,1,0,1,50,29,9,1,201,201004,2,9,0,5,PIETRI FRANCOIS RUE,41.93507,8.7521,10,3,3
202100001506,199Â 101,B01,1,1,1,9,2,6,-1,-1, -1,-1,2021,62.0,2,1,0,2,1,1,1,,3,FONTAINEBLEAU (AV DE),0,,2,4,0,1,0,0,1,, -1,2,0,1,50,24,12,1,94,94043,2,1,1,3,FONTAINEBLEAU (AV DE),48.81378,2.36073,11,2,2
202100005006,192Â 836,B01,1,1,1,1,2,6,-1,-1, -1,-1,2021,52.0,2,1,0,2,1,2,1,,1,AUTOROUTE A6B,0,,3,4,0,2,7,349,3,, -1,1,0,1,90,3,12,3,94,94034,1,1,0,6,AUTOROUTE A6B,48.755813,2.334324,7,3,3
202100035610,138Â 068,B01,1,1,1,1,2,6,9,0,0,-1,2021,43.0,1,1,0,2,4,1,1,,3,7,-1,,2,2,0,1,23,570,1,,4,1,0,1,80,9,6,1,1,1093,1,3,0,2,Route de Thoissey,46.127166,4.944448,16,2,2
202100015475,174Â 041,A01,10,3,2,0,0,-1,-1,4,3,1,2021,30.0,2,2,0,1,3,15,1,,4,CREQUI (DE)                         (R ),0,,1,2,2,1,(1),(1),1,, -1,1,0,1,30,2,10,1,69,69386,2,1,0,6,CREQUI (DE) (R),45.76369,4.84706,14,2,1
202100008254,186Â 959,A01,1,1,1,5,2,6,-1,0,0,-1,2021,57.0,1,1,6,0,1,1,1,,4,RUE ROUSSELET,0,,-1,1,0,1,(1),(1),1,, -1,1,0,1,30,12,11,5,75,75107,2,3,0,6,RUE ROUSSELET,48.850149948,2.3177236319,0,1,1
202100006376,190Â 398,B01,1,1,1,1,1,-1,-1,-1,0,-1,2021,29.0,1,2,0,2,1,1,1,,1,AUTOROUTE A1,0,,3,4,0,1,22,399,1,, -1,1,0,1,110,24,11,1,95,95154,1,1,0,3,AUTOROUTE A1,49.0379232533,2.5419520945,11,3,2
202100004395,193Â 898,A01,1,1,1,4,1,0,-1,0,0,-1,2021,43.0,1,2,0,2,6,2,1,,4,BOULEVARD PERIPHERIQUE,0,,1,4,0,1,27,100,2,, -1,2,0,1,70,6,12,5,75,75119,2,1,0,2,BOULEVARD PERIPHERIQUE,48.88566,2.397454,3,2,2
202100013299,177Â 969,B01,1,1,1,1,8,0,-1,0,0,-1,2021,46.0,2,1,0,2,8,21,5,,4,CHATAIGNIERS AV.DU,0,,2,2,0,2,(1),(1),1,, -1,1,0,1,50,14,10,1,6,6004,2,1,0,3,CHATAIGNIERS AV.DU,43.580905,7.112865,9,2,2
202100023679,159Â 293,A01,1,1,1,1,2,6,-1,-1, -1,-1,2021,49.0,2,1,0,2,0,1,1,,4,GALLIENI                            (PT),0,,2,5,0,1,(1),(1),1,, -1,1,0,1,50,17,8,2,69,69382,2,1,0,7,GALLIENI (PT),45.7485374091,4.8314470053,6,1,1
202100034049,140Â 898,A01,10,3,1,5,0,-1,-1,1,5,2,2021,4.0,3,2,0,1,2,1,1,,4,VIEIL ABREUVOIR (RUE DU),0,,1,1,0,3,(1),(1),3,, -1,1,0,1,50,15,6,1,59,59512,2,1,0,6,VIEIL ABREUVOIR (RUE DU),50.69294,3.17354,11,2,1
202100029275,149Â 434,B01,1,1,2,1,1,0,-1,-1, -1,-1,2021,25.0,1,2,0,2,1,2,1,,3,RTE NATIONALE 7,0,,3,2,0,4,0,0,1,, -1,2,1,1,50,12,7,1,91,91027,2,1,1,2,RTE NATIONALE 7,48.717391,2.37081,9,2,2
202100051413,109Â 789,A01,4,2,1,0,1,0,-1,-1, -1,-1,2021,21.0,3,2,2,0,3,25,1,,4,EGALITE (DE L')                     (R ),0,,1,1,1,1,(1),(1),1,, -1,1,0,4,50,16,2,3,69,69290,2,1,0,6,EGALITE (DE L') (R),45.69258,4.94653,23,3,1
202100027615,152Â 365,C01,1,1,2,5,1,-1,-1,0,0,-1,2021,56.0,2,2,0,2,4,1,1,,3,678,0,,2,2,0,1,32,915,1,, -1,1,0,1,50,23,7,1,71,71263,2,1,0,4,68 Rue du Guidon,46.638207,5.213447,16,4,3
202100002545,197Â 233,A01,2,2,2,5,1,-1,-1,0,0,-1,2021,63.0,1,2,0,2,1,1,1,,3,1330,-1,,2,3,0,1,21,290,1,, -1,1,0,1,90,19,12,3,60,60138,1,1,0,5,D1330,49.21758,2.599066,18,9,3
202100011673,180Â 859,B01,2,2,2,0,2,0,-1,-1, -1,-1,2021,22.0,0,1,0,2,1,1,1,,3,ALLENDE (AVE DU P. SALVADOR),0,,3,2,2,1,0,0,1,, -1,1,0,1,50,22,10,1,93,93008,2,1,0,2,Av du President Salvador Allende,48.904591,2.444457,16,4,2
202100053434,106Â 203,B01,2,2,1,4,1,0,-1,-1, -1,-1,2021,36.0,1,5,0,2,4,23,1,,4,BEL AIR (BOULEVARD DE),0,,3,4,0,1,0,0,1,, -1,1,5,1,50,26,1,1,87,87085,2,1,0,2,BEL AIR (BOULEVARD DE),45.81987,1.24953,9,3,2
202100051240,110Â 092,B01,1,1,1,5,2,-1,-1,0,0,-1,2021,16.0,0,1,0,2,1,1,1,,4,,-1,,2,2,0,1,(1),(1),1,, -1,1,0,1,50,18,2,1,11,11429,2,3,0,3,Chemin de Laprade,43.2473571,2.3685512,17,2,2
202100034322,140Â 383,B01,1,1,1,5,1,0,-1,-1, -1,-1,2021,29.0,3,2,9,2,2,1,1,,2,GENERAL LECLERC (AV),0,,2,4,0,1,0,0,1,, -1,1,0,1,50,15,6,1,94,94004,2,3,0,3,GENERAL LECLERC (AV),48.74935,2.50843,17,2,2
202100055435,102Â 764,A01,1,1,1,5,1,0,-1,-1, -1,-1,2021,29.0,1,2,1,0,2,1,1,,4,FLAMBOYANTS (RUE DES),0,,2,2,0,1,0,0,1,, -1,2,0,1,50,9,1,5,973,97302,2,1,1,7,FLAMBOYANTS (RUE DES),4.9228694885,-52.3208902627,23,3,1
202100034300,140Â 427,B01,1,1,2,0,1,0,-1,-1, -1,-1,2021,48.0,2,2,0,2,2,1,1,,3,,0,,1,2,0,1,1,0,1,, -1,1,0,1,50,15,6,1,11,11069,2,1,0,2,PELLETAN CAMILLE -BD- IMPAIRS,43.2110407763,2.3553174734,13,2,2
202100024247,158Â 327,A01,1,1,1,0,2,6,-1,-1, -1,-1,2021,52.0,1,1,9,2,3,17,1,,3,AVENUE DU GÃNÃRAL D'ARMÃE JEAN CALLIES,0,,2,2,0,1,96,900,1,, -1,1,0,1,50,13,8,1,83,83061,2,1,0,3,AVENUE DU GÃNÃRAL D'ARMÃE JEAN CALLIES,43.44095,6.74511,12,2,2
202100018634,168Â 329,A01,1,1,1,4,8,-1,-1,0,0,-1,2021,27.0,3,4,13,0,0,0,0,,4,VC,0, -,2,2,0,1,(1),(1),1,, -1,1,0,3,50,16,9,1,62,62066,2,1,0,6,Rue de Beaulieu,50.478633,2.09938,17,1,1
202100029079,149Â 769,A01,10,3,2,0,0,-1,-1,3,3,1,2021,61.0,1,2,0,1,3,1,2,,4,CREPIEUX (DE)                       (CH),0,,2,2,0,2,(1),(1),1,, -1,1,0,1,50,13,7,1,69,69034,2,1,0,6,CREPIEUX (DE) (CHM),45.80059,4.84896,9,2,1
202100036277,136Â 833,A01,1,1,1,0,1,0,-1,-1, -1,-1,2021,24.0,2,2,0,2,1,2,1,,2,NATIONALE 19,0,,2,2,0,2,1,0,1,, -1,1,0,1,80,5,6,1,94,94048,1,1,0,4,Route Nationale 19,48.7275296527,2.5413179398,13,3,3
202100024740,157Â 423,A01,1,1,2,5,8,0,-1,-1, -1,-1,2021,53.0,1,1,0,2,2,26,5,,4,JAURES,0,,2,2,0,1,1,0,1,, -1,1,0,1,30,9,8,1,49,49007,2,3,0,1,JAURES,47.4578145759,-0.5228403211,17,2,2
202100032831,143Â 093,B01,1,1,1,1,2,6,-1,-1, -1,-1,2021,63.0,1,1,0,2,4,2,1,,4,D'ORVES (AVE ESTIENNE),0,,3,3,0,1,0,0,1,, -1,1,0,1,50,21,6,1,83,83137,2,1,0,2,,43.12735,5.91783,17,2,2
202100014207,176Â 297,A01,1,1,1,9,2,6,-1,0,0,-1,2021,26.0,2,1,1,2,2,14,1,,4,BOULEVARD DE MENILMONTANT,0,,1,2,1,1,55,0,1,, -1,1,0,1,30,9,10,1,75,75111,2,1,0,5,BOULEVARD DE MENILMONTANT,48.861836,2.387818,16,3,3
202100018186,169Â 104,B01,1,1,1,5,8,0,-1,-1, -1,-1,2021,23.0,2,1,0,2,1,1,3,,4,VAL DE BEAUTE (AV DU),0,,2,1,2,1,1,0,1,, -1,1,0,1,30,18,9,1,94,94052,2,1,0,1,VAL DE BEAUTE (AV DU),48.8325,2.47761,18,3,2
202100015229,174Â 481,A01,1,1,1,9,2,6,-1,0,0,-1,2021,41.0,3,1,0,2,1,17,1,,4,AVENUE DE SUFFREN,0,,2,4,0,1,(1),(1),1,, -1,1,0,1,30,4,10,1,75,75107,2,7,0,1,AVENUE DE SUFFREN,48.851164,2.300995,9,2,2
202100033776,141Â 396,C01,1,1,2,0,1,-1,-1,-1, -1,-1,2021,21.0,2,2,0,2,2,0,1,,4,JEAN MERMOZ                         (AV),0,,2,4,3,1,(1),(1),1,, -1,1,0,1,50,17,6,1,69,69388,2,2,0,4,JEAN MERMOZ (AV),45.73413,4.87632,18,3,3
202100003718,195Â 104,A01,10,3,2,5,0,-1,-1,4,3,1,2021,77.0,1,1,0,1,1,15,1,,4,RUE BROCA,0,,1,1,0,2,(1),(1),1,, -1,2,0,1,30,10,12,1,75,75105,2,2,0,6,RUE BROCA,48.839021,2.349235,15,2,1
202100027216,153Â 067,A01,10,3,2,5,0,-1,-1,2,1,1,2021,79.0,3,2,0,1,4,20,2,,4,EUGENE-COLAS (RUE),0,,2,2,0,1,0,0,1,, -1,1,0,1,50,23,7,1,14,14220,2,1,0,6,Rue EugÃ©ne Colas,49.3594,0.07224,17,2,1
202100054076,105Â 088,A01,1,1,1,3,1,0,-1,-1, -1,-1,2021,63.0,2,2,6,0,3,13,1,,3,FRANCOIS MITTERAND ( AVENUE),0,,2,2,0,1,75,1153,1,, -1,2,0,4,50,22,1,1,31,31483,2,1,0,6,132 Av du Pdt Francois Mitterrand,43.11254,0.74808,10,1,1
202100001651,198Â 852,A01,2,2,1,3,1,-1,-1,0,0,-1,2021,52.0,2,2,2,0,1,1,1,,3,7,-1,,2,2,0,2,19,650,3,, -1,1,0,3,80,24,12,3,63,63438,1,1,0,5,RD 7,45.736665,3.48316,21,2,1
202100008580,186Â 400,B01,1,1,1,9,2,6,-1,-1, -1,-1,2021,30.0,1,1,0,2,5,1,1,,2,118,0,,3,2,0,2,0,800,3,, -1,1,0,1,70,10,11,3,92,92072,1,1,0,4,N118,48.8224757424,2.2222421137,18,3,3
202100031303,145Â 787,A01,10,3,2,5,8,8,-1,4,4,1,2021,86.0,1,1,0,1,1,1,5,,4,RUE DU FAUBOURG SAINT ANTOINE,0,,2,3,1,1,(1),(1),1,, -1,1,0,5,50,2,7,1,75,75111,2,5,0,6,RUE DU FAUBOURG SAINT ANTOINE,48.853338,2.370337,16,2,1
202100034079,140Â 846,B01,1,1,1,0,1,0,-1,-1, -1,-1,2021,22.0,0,2,0,2,1,26,1,,4,SAINT ANTOINE A SAINT JOSEPH (CHEMIN DE),0,,2,2,0,2,(1),(1),2,, -1,1,5,1,50,16,6,5,13,13215,2,2,0,3,SAINT ANTOINE A SAINT JOSEPH (CHEMIN DE),43.36038,5.36379,22,4,2
202100036089,137Â 173,B01,1,1,2,2,1,-1,-1,-1, -1,-1,2021,66.0,1,2,0,2,4,23,1,,3,BOURGES (BD. E.),0,,1,2,2,2,0,230,1,, -1,1,0,1,30,4,6,1,4,4112,2,1,0,2,RD 5 (Bd Elemir Bourges),43.8318,5.782,8,3,2
202100049456,113Â 361,A01,10,3,1,3,0,-1,-1,2,3,1,2021,89.0,3,2,0,1,2,1,1,,4,,-1,,2,2,0,2,(1),(1),3,, -1,1,0,1,50,4,3,1,22,22093,2,9,0,6,37 Rue de Lanjouan,48.478647,-2.501388,9,2,1
202100043695,123Â 579,A01,1,1,1,5,2,6,9,0,0,-1,2021,47.0,1,1,0,0,8,15,1,,3,104,0,D,2,1,0,2,15,150,2,, -1,1,0,3,80,18,4,1,30,30341,1,1,0,7,D104,43.627,4.2502,10,1,1
202100006474,190Â 227,A01,10,3,1,0,0,-1,-1,5,5,1,2021,56.0,1,1,0,1,0,0,3,,3,GENERAL LECLERC (AV DU),0,,-1,0,1,1,62,0,1,, -1,1,0,4,30,24,11,1,94,94046,2,1,0,6,GENERAL DE GAULLE (AV DU),48.806607,2.439051,10,2,1
202100006866,189Â 512,A01,10,3,2,2,0,-1,-1,3,3,1,2021,15.0,2,2,0,1,1,1,1,,3,1017,0,D,3,2,0,1,21,700,1,, -1,1,0,1,50,22,11,5,60,60509,2,1,0,6,45 Rue Georges Decroze,49.299493,2.604589,18,2,1
202100028885,150Â 091,B01,1,1,1,9,2,8,-1,-1, -1,-1,2021,16.0,1,1,9,2,1,17,1,,4,,0,,2,0,0,1,0,0,1,, -1,1,0,1,50,15,7,1,92,92004,2,3,0,3,HENRI POINCARE,48.9303606641,2.2813542187,15,2,2
202100026157,154Â 938,B01,1,1,1,9,8,0,-1,0,0,-1,2021,19.0,2,1,1,0,3,1,5,,4,AVENUE DE LA REPUBLIQUE,0,,2,0,1,1,(1),(1),1,, -1,1,0,5,30,31,7,1,75,75111,2,1,0,3,AVENUE DE LA REPUBLIQUE,48.864456,2.378832,16,3,2
202100010162,183Â 536,A01,10,3,1,5,0,-1,-1,4,3,1,2021,44.0,1,2,0,1,1,1,1,,3,COURTAIS   (DE  BOULEVARD),0,,2,2,0,1,0,0,1,, -1,1,0,1,50,31,10,5,3,3185,2,1,0,6,COURTAIS   (DE  BOULEVARD),46.33853,2.60455,1,2,1
202100009000,185Â 629,B01,1,1,1,5,2,-1,-1,0,0,-1,2021,46.0,2,1,0,2,1,1,5,,3,130A,-1,,2,2,0,1,7,0,1,, -1,1,0,1,80,13,10,1,14,14740,1,1,0,1,1795 Route des Monts,49.005073,0.396569,17,2,2
202100029806,148Â 510,A01,1,1,1,0,2,0,-1,-1, -1,-1,2021,50.0,2,1,1,0,7,1,1,,4,CARMAGNOLES (BD),0,,1,1,0,1,0,0,1,, -1,1,0,1,50,9,7,5,13,13208,2,1,0,6,CARMAGNOLES (BD),43.2683,5.38808,4,1,1
202100047031,117Â 705,A01,2,2,1,1,1,0,-1,-1, -1,-1,2021,33.0,0,5,0,2,7,10,1,,7,DEPARTEMENTALE 3,0,,2,2,0,2,65,500,1,, -1,1,0,1,50,6,3,5,76,76457,2,1,0,3,DEPARTEMENTALE 3,49.34146,0.96527,23,7,2
202100001144,199Â 728,A01,4,2,2,5,1,-1,-1,-1,0,-1,2021,6.0,2,2,4,0,1,1,1,,1,AUTOROUTE A15,0,,3,2,0,1,7,0,3,, -1,1,0,1,90,27,12,1,95,95018,1,1,0,6,AUTOROUTE A15,48.9583928081,2.2743201256,14,3,1
202100019652,166Â 516,A01,1,1,2,0,1,0,-1,-1, -1,-1,2021,42.0,1,2,0,2,3,20,1,,4,DEGRE (RTE),0,,2,2,0,1,0,0,1,, -1,1,0,1,50,10,9,5,72,72181,2,1,0,3,DEGRE (RTE),48.01708,0.17786,21,2,2
202100002549,197Â 224,B01,1,1,1,5,4,9,-1,0,0,-1,2021,44.0,1,1,0,0,4,1,5,,3,154,0,D,2,2,0,1,3,300,1,, -1,2,0,1,80,19,12,3,80,80576,1,1,1,2,RD 154,49.727947,2.958927,2,2,2
202100031101,146Â 149,A01,1,1,2,5,2,8,-1,-1, -1,-1,2021,59.0,3,1,12,0,7,16,5,,4,HUGO (AVENUE VICTOR),0,,2,2,0,2,(1),(1),1,, -1,1,0,1,50,2,7,1,37,37122,2,1,0,7,HUGO (AVENUE VICTOR),47.3510539271,0.6639003754,14,1,1
202100041306,127Â 774,A01,1,1,1,1,2,6,-1,0,0,-1,2021,34.0,2,1,0,2,8,11,1,,4,PORTE DE SEVRES,0,,1,4,0,1,9,400,1,, -1,2,0,1,70,5,5,1,75,75115,2,1,1,4,PORTE DE SEVRES,48.834768,2.274802,17,3,3
202100041125,128Â 100,A01,1,1,1,0,8,0,-1,-1, -1,-1,2021,17.0,3,1,0,2,1,1,3,,4,,0,,1,1,0,1,(1),(1),1,, -1,1,0,1,50,3,5,1,11,11069,2,2,0,3,ALBERT TOMEY,43.2157,2.35014,14,2,2
202100037846,134Â 011,B01,1,1,1,4,2,8,-1,-1, -1,-1,2021,21.0,3,1,8,2,1,1,1,,4,AV KARL MARX ,0,,2,2,0,1,1,0,1,, -1,1,0,1,50,29,5,5,94,94076,2,3,0,1,KARL MARX (AV),48.784616,2.354577,23,2,2
202100041010,128Â 314,B01,1,1,1,1,2,6,-1,0,0,-1,2021,18.0,0,1,0,2,2,1,1,,4,NEANT,0,M,2,2,0,1,0,0,1,, -1,2,0,1,50,6,5,1,91,91085,2,2,1,5,Rue de la Fontaine,48.556589,2.211959,8,3,3
202100001467,199Â 164,B01,1,1,1,1,2,0,-1,-1, -1,-1,2021,17.0,1,1,0,2,4,26,1,,4,TERNIERE RUE DE LA,0,,2,2,0,1,1,0,1,, -1,1,0,1,50,23,12,2,49,49015,2,1,0,3,TERNIERE RUE DE LA,47.50679,-0.58983,8,2,2
202100031381,145Â 657,B01,1,1,1,5,2,6,-1,0,0,-1,2021,29.0,2,1,13,2,8,17,1,,3,459,-1,,2,2,0,2,37,800,1,, -1,1,0,1,80,2,7,1,88,88526,1,1,0,3,Col de Sainte Marie,48.245325,7.130781,15,2,2
202100047626,116Â 624,B01,1,1,1,-1,2,-1,-1,-1, -1,-1,2021,20.0,1,1,0,2,-1,-1,-1,,3,VOISIN (BOULEVARD ANDRE-GEORGES),0,,2,4,0,1,(1),(1),2,, -1,1,5,1,50,17,3,1,37,37214,2,6,0,6,VOISIN (BOULEVARD ANDRE-GEORGES),47.4303720994,0.6727194785,8,2,2
202100004294,194Â 084,A01,1,1,1,1,2,6,-1,0,0,-1,2021,55.0,2,1,1,2,2,17,1,,4,RUE DE CHARENTON,0,,2,2,0,1,(1),(1),1,, -1,2,0,1,30,6,12,1,75,75112,2,1,0,3,RUE DE CHARENTON,48.832765,2.396225,12,2,2
202100011584,181Â 019,A01,2,2,2,5,1,0,-1,-1, -1,-1,2021,19.0,3,2,2,0,2,13,0,,3,GERHARDT (GÃ©nÃ©ral),0,,2,2,0,1,0,0,1,, -1,1,0,4,50,22,10,5,50,50502,2,1,0,6,GERHARDT (GÃ©nÃ©ral),49.11798,-1.08309,1,2,1
202100026470,154Â 385,A01,1,1,2,0,2,6,-1,-1, -1,-1,2021,69.0,2,1,0,2,1,19,1,,4,LIBERATION (AVE),0,,2,3,0,2,(1),(1),1,, -1,1,5,1,50,29,7,1,33,33009,2,2,0,3,Cours Desbiey,44.65665,-1.16029,13,2,2
202100015711,173Â 583,A01,1,1,1,0,1,0,-1,-1, -1,-1,2021,24.0,1,2,0,2,1,26,1,,1,A7-Sens Lyon vers Marseille,0,,1,3,0,2,277,0,1,, -1,1,0,1,90,1,10,1,13,13215,1,1,0,2,A7-Sens Lyon vers Marseille,43.34761,5.37166,7,2,2
202100023590,159Â 472,A01,1,1,1,4,1,-1,-1,-1, -1,-1,2021,46.0,2,2,9,0,8,13,1,,4,CHATILLON (DE),0,,2,2,0,1,(1),(1),1,, -1,1,0,4,50,16,8,1,35,35238,2,3,0,6,CHATILLON (DE),48.08863,-1.67229,17,3,1
202100029856,148Â 426,A01,1,1,1,0,8,0,-1,-1, -1,-1,2021,40.0,1,1,0,2,0,0,5,,3,909,0,,2,1,0,1,0,0,1,, -1,1,0,1,50,9,7,1,92,92035,2,3,0,3,RÃ©publique ( boulevard de la ),48.9069175787,2.2442311049,18,2,2
202100027379,152Â 776,A01,2,2,2,5,2,6,-1,0,0,-1,2021,39.0,1,1,0,2,1,3,3,,4,QUAI D IVRY,0,,1,4,0,1,0,700,1,, -1,1,0,1,70,22,7,1,75,75113,2,1,0,2,QUAI D IVRY,48.823637,2.382249,12,3,2
202100019564,166Â 661,B01,1,1,2,1,1,-1,-1,0,0,-1,2021,43.0,1,2,0,2,1,1,1,,3,519,0,,2,2,0,1,3,520,1,, -1,2,0,1,70,10,9,1,26,26155,1,1,1,3,677 Route de Beaurepaire,45.322593,5.005367,7,2,2
202100003804,194Â 958,A01,1,1,1,5,1,-1,-1,-1, -1,-1,2021,27.0,1,2,17,0,1,1,1,,1,A42     0.560 A 4.020,0,,1,2,0,1,4,0,3,, -1,2,3,1,90,4,12,3,69,69256,1,9,0,6,A42     0.560 A 4.020,45.8043376656,4.9261354731,20,1,1
202100039105,131Â 735,B01,1,1,1,5,2,0,-1,-1, -1,-1,2021,32.0,1,1,0,2,1,1,1,,4,JACQUEMIN (RUE JEAN BERNARD),0,,2,2,0,1,(1),(1),1,, -1,1,0,1,50,20,5,1,37,37261,2,3,0,6,VAILLANT (RUE EDOUARD),47.3869769068,0.6981499717,10,2,2
202100049469,113Â 336,A01,10,3,1,0,0,-1,-1,0,9,1,2021,53.0,3,2,0,1,6,20,1,,4,BONNIER (ALLEE),0,,2,2,0,1,0,0,1,, -1,1,9,8,50,1,3,1,974,97411,2,1,0,7,BONNIER (ALLEE),-20.880787,55.459852,15,2,1
202100000099,201Â 573,A01,3,2,2,5,1,0,-1,-1, -1,-1,2021,18.0,1,2,0,2,7,18,1,,2,RD 925,0,,3,2,0,1,30,223,1,, -1,2,0,1,80,13,11,4,62,62037,1,1,1,1,RN 25,50.323498,2.740636,22,9,2
202100041418,127Â 570,B01,1,1,1,4,8,0,-1,-1, -1,-1,2021,17.0,1,1,0,2,0,16,1,,4,MARE AU CHANVRE CHEMIN,0,,2,2,0,1,0,0,1,, -1,1,0,1,50,4,5,1,93,93046,2,9,0,3,MARE AU CHANVRE CHEMIN,48.92665,2.53786,19,2,2
202100019838,166Â 174,Z01,10,3,1,2,0,-1,-1,4,3,3,2021,13.0,1,2,0,1,1,0,0,,4,AMPERE                              (R ),0,,2,2,0,1,(1),(1),1,, -1,2,0,1,50,9,9,1,69,69149,2,2,0,6,AMPERE (R),45.7084093871,4.8124247789,12,2,1
202100042876,125Â 027,B01,1,1,1,0,2,0,-1,-1, -1,-1,2021,59.0,3,1,0,2,7,1,1,,4,GRANDS MORTIERS (RUE DES),0,,2,2,0,1,(1),(1),1,, -1,1,0,1,50,22,4,1,37,37233,2,2,0,6,GRANDS MORTIERS (RUE DES),47.3822766904,0.730595112,14,2,2
202100050909,110Â 679,B01,1,1,2,0,2,0,-1,0,0,-1,2021,45.0,3,1,0,2,8,1,0,,4,KASTLER RUE ALFRED,0,,2,2,0,1,(1),(1),1,, -1,1,0,1,50,18,2,1,25,25056,2,1,0,3,KASTLER RUE ALFRED,47.228093,5.976498,8,2,2
202100038801,132Â 260,B01,1,1,1,1,2,-1,-1,0,0,-1,2021,26.0,2,1,0,2,1,17,1,,7,2204,0,A,2,2,0,1,(1),(1),1,, -1,1,0,1,30,18,5,1,6,6149,2,3,0,3,"Route de Laghet, Chemin du Vallon",43.749339,7.375259,17,2,2
202100041515,127Â 405,A01,2,2,1,9,8,0,-1,0,0,-1,2021,22.0,0,1,0,2,7,17,1,,4,MARECHAL LECLERC (AVENUE DU),0,,-1,0,0,1,1,0,1,, -1,1,0,1,50,30,4,1,71,71306,2,6,0,3,MARECHAL LECLERC (AVENUE DU),46.6811,4.37024,15,3,2
202100004591,193Â 571,A01,1,1,1,9,8,-1,-1,0,0,-1,2021,23.0,2,2,13,0,1,1,1,,3,93,-1,,2,2,0,1,18,0,1,, -1,2,0,3,80,5,12,3,45,45210,1,1,1,7,D93,47.856078,2.826394,0,1,1
202100049491,113Â 290,A01,10,3,2,5,0,-1,-1,3,9,2,2021,79.0,2,2,0,1,7,1,1,,4,LIBERATION (AV. DE LA),0,,2,2,0,1,(1),(1),1,, -1,1,9,1,50,1,3,1,63,63124,2,1,0,6,LIBERATION (AV. DE LA),45.73257,3.19178,13,2,1
202100033005,142Â 749,A01,10,3,2,9,0,-1,-1,1,3,2,2021,3.0,2,1,0,1,0,26,1,,4,DEBUSSY (CLAUDE),0,,1,1,0,1,0,0,1,, -1,1,9,1,50,20,6,1,974,97411,2,1,0,7,DEBUSSY (CLAUDE),-20.88797,55.480663,15,2,1
202100017241,170Â 830,A01,1,1,1,5,2,6,-1,0,0,-1,2021,33.0,1,1,0,2,0,13,1,,3,985,0,D,3,2,0,2,78,100,1,, -1,1,0,1,80,25,9,1,58,58276,1,1,0,3,D985,46.867131,3.883688,13,2,2
202100020230,165Â 473,B01,1,1,1,0,1,0,-1,-1, -1,-1,2021,30.0,1,1,0,2,1,17,0,,2,NATIONALE 6 (GLACIERE),0,,1,1,0,1,0,100,1,, -1,1,0,8,50,7,9,1,91,91421,2,1,0,2,NATIONALE 6 (GLACIERE),48.70899,2.44197,8,3,2
202100016570,172Â 013,A01,1,1,1,0,1,-1,-1,0,0,-1,2021,24.0,1,2,0,0,9,1,1,,3,114,-1,,-1,2,0,2,2,320,3,, -1,1,0,3,80,24,9,2,56,56001,1,1,0,7,Bois de Coueslay,47.634583,-2.152162,19,1,1