Num_Acc,id_vehicule,num_veh,place,catu,sexe,trajet,secu1,secu2,secu3,locp,actp,etatp,year_acc,victim_age,senc,catv,obs,obsm,choc,manv,motor,occutc,catr,voie,v1,v2,circ,nbv,vosp,prof,pr,pr1,plan,lartpc,larrout,surf,infra,situ,vma,jour,mois,lum,dep,com,agg_,int,atm,col,adr,lat,long,hour,nb_victim,nb_vehicules
202100003323,195Â 826,A01,1,1,1,0,1,8,-1,-1, -1,-1,2021,36.0,2,2,0,2,1,21,1,,1,AUTOROUTE A15,0,,3,8,0,1,5,500,1,, -1,1,2,1,90,11,12,3,92,92036,1,1,0,5,AUTOROUTE A15,48.9464707688,2.2824191861,21,6,5
202100034324,140Â 380,B01,1,1,1,4,2,6,-1,-1, -1,-1,2021,20.0,2,1,0,2,1,1,1,,3,BLANQUI (QU),0,,4,5,0,3,1,0,1,, -1,1,0,1,50,14,6,1,94,94002,2,2,0,3,Quai Blanqui,48.79819,2.42063,11,2,2
202100015360,174Â 256,A01,10,3,1,5,0,-1,-1,3,3,1,2021,60.0,1,2,0,1,2,1,1,,4,AVENUE GEORGE V,0,,2,-1,0,1,(1),(1),1,, -1,2,0,1,30,2,10,5,75,75108,2,4,1,6,AVENUE GEORGE V,48.866206,2.301454,20,2,1
202100000657,200Â 538,A01,10,3,2,5,0,-1,-1,3,3,1,2021,74.0,1,2,0,1,2,0,1,,3,SOUPIRS (ALLEE DES),0,,2,2,0,1,47,380,1,, -1,1,9,6,30,31,12,1,46,46042,2,1,0,-1,SOUPIRS (ALLEE DES),44.44306,1.4337,11,2,1
202100049633,113Â 023,A01,1,1,1,9,2,8,-1,-1, -1,-1,2021,32.0,2,1,12,0,3,13,1,,4,AMPERE (RUE),0,,2,2,0,1,0,0,3,, -1,1,0,4,50,1,3,5,61,61001,2,1,0,6,AMPERE (RUE),48.44091,0.09277,20,1,1
202100055974,101Â 838,A01,10,3,1,1,0,-1,-1,1,3,1,2021,59.0,3,5,0,1,6,4,1,,6,,-1,,-1,-1,0,1,(1),(1),1,, -1,1,0,1,50,8,1,4,74,74195,1,1,0,6,All de la Zone des Bonnets,46.01275,5.947783,3,2,1
202100012203,179Â 903,A01,1,1,1,9,8,0,-1,-1, -1,-1,2021,50.0,1,0,0,0,0,15,3,,4,ADEZIERE ROUTE,0,,2,2,0,1,1,0,2,, -1,1,0,1,80,18,10,2,49,49015,2,1,1,7,La PiardiÃ¨re,47.5037898672,-0.6194724284,8,1,1
202100028951,149Â 976,B01,1,1,2,0,1,4,-1,-1, -1,-1,2021,46.0,2,2,0,2,4,1,1,,1,86,0,,3,6,0,1,11,699,1,, -1,1,0,1,70,15,7,1,92,92078,1,1,0,2,AUTOROUTE A86,48.9283084303,2.3316245851,16,2,2
202100042352,125Â 919,A01,1,1,1,5,8,0,-1,0,0,-1,2021,38.0,2,1,0,2,7,1,5,,4,AVENUE EMILE ZOLA,0,,2,2,0,1,(1),(1),1,, -1,1,0,1,50,27,4,1,75,75115,2,2,0,3,AVENUE EMILE ZOLA,48.846879,2.292414,17,2,2
202100024077,158Â 618,B01,2,2,2,5,2,-1,-1,0,0,-1,2021,21.0,1,1,0,2,3,18,1,,3,2,0,D,2,2,0,1,9,500,1,, -1,1,0,1,50,16,8,1,973,97309,2,1,0,3,Route de RÃ©mire,4.898903,-52.273872,11,3,2
202100004005,194Â 583,A01,10,3,1,0,0,-1,-1,1,3,1,2021,64.0,1,2,0,1,1,1,2,,3,ROCADE (BOULEVARD DE LA),0,,3,0,0,1,0,0,1,, -1,2,0,1,50,8,12,1,74,74010,2,1,1,6,ROCADE (BOULEVARD DE LA),45.91074,6.11931,12,2,1
202100020154,165Â 607,A01,10,3,2,0,0,-1,-1,3,3,1,2021,72.0,3,2,0,1,1,1,1,,3,924,-1,,2,2,0,2,5,640,1,, -1,1,0,1,50,9,9,1,50,50639,2,1,0,6,56 Rue Jules TÃ©trel,48.841429,-1.2271,11,2,1
202100045346,120Â 684,A01,1,1,2,5,1,8,-1,-1, -1,-1,2021,29.0,1,2,0,2,3,9,1,,3,ZEPHIR (ROCADE),0,,-1,2,0,1,2,500,1,, -1,1,0,1,50,1,4,5,973,97302,2,2,0,3,ZEPHIR (ROCADE),4.9332529888,-52.3096509994,22,2,2
202100020250,165Â 439,C01,1,1,1,5,2,4,-1,-1, -1,-1,2021,22.0,0,1,0,2,1,1,5,,7,CANAL. RUE DU (CD 51),0,,2,2,0,1,18,300,2,, -1,1,0,1,50,7,9,5,76,76157,2,3,0,5,CANAL. RUE DU (CD 51),49.4602047155,1.0431905463,21,3,3
202100018946,167Â 777,A01,1,1,2,5,1,8,-1,-1, -1,-1,2021,25.0,1,2,1,0,1,14,1,,3,JAURES (RUE  JEAN ),0,,2,2,0,1,102,735,1,, -1,1,0,3,50,13,9,5,56,56098,2,1,0,6,JAURES (RUE  JEAN ),47.76682,-3.35606,23,1,1
202100032602,143Â 497,A01,1,1,1,0,0,-1,-1,0,0,-1,2021,29.0,0,1,0,0,0,0,0,,3,219,-1,,2,2,0,1,23,757,1,, -1,1,0,1,50,25,6,1,77,77168,2,1,0,7,D219,48.179759,2.873033,12,1,1
202100046196,119Â 195,B01,1,1,1,1,2,6,9,0,0,-1,2021,40.0,0,1,0,2,1,1,1,,3,909,-1,D,2,2,0,1,8,270,1,, -1,1,0,1,50,30,3,1,60,60141,2,3,0,3,Route de Chantilly,49.191174,2.45795,8,2,2
202100033191,142Â 434,A01,1,1,1,9,8,0,-1,-1, -1,-1,2021,27.0,3,1,0,2,1,9,3,,4,SAINT-SAUVEUR (ROND POINT),0,,2,2,0,1,(1),(1),2,, -1,2,5,1,30,20,6,1,37,37261,2,6,1,6,SAINT-SAUVEUR (ROND POINT),47.37379,0.67842,20,2,2
202100034990,139Â 152,B01,1,1,1,4,1,0,-1,-1, -1,-1,2021,26.0,3,4,0,2,3,0,0,,7,MONNET JEAN RUE,0,,2,2,0,1,(1),(1),3,, -1,1,0,1,50,11,6,1,59,59356,2,1,0,1,MONNET JEAN RUE,50.6630277633,2.9859638214,13,2,2
202100004897,193Â 035,A01,1,1,1,4,1,0,-1,-1, -1,-1,2021,54.0,2,5,4,0,2,1,1,,1,13,0,,1,2,0,1,2,99,3,, -1,2,0,1,70,4,12,1,92,92012,1,1,1,6,A13,48.8485446228,2.2283505179,11,1,1
202100018017,169Â 420,A01,10,3,1,5,0,-1,-1,2,3,3,2021,37.0,1,2,0,1,3,1,1,,4,PASSAGE DE LA PETITE BOUCHERIE,0,,1,1,0,1,(1),(1),1,, -1,1,0,1,30,19,9,5,75,75106,2,1,0,6,PASSAGE DE LA PETITE BOUCHERIE,48.853666,2.335644,1,2,1
202100005815,191Â 399,B01,1,1,2,5,1,-1,-1,0,0,-1,2021,81.0,1,2,0,2,8,15,1,,3,924,0,,2,2,0,1,1,623,1,, -1,1,0,1,80,29,11,3,50,50453,1,1,0,3,D924,48.833626,-1.180851,18,2,2
202100019402,166Â 949,A01,1,1,1,1,1,-1,-1,0,0,-1,2021,33.0,1,2,3,0,0,14,1,,3,813,-1,D,2,2,0,1,40,100,3,, -1,1,0,1,80,12,9,1,82,82019,1,9,0,6,D813,44.0927300288,1.0377413034,17,2,1
202100004737,193Â 312,A01,10,3,1,2,0,-1,-1,3,3,1,2021,13.0,1,2,0,1,1,16,1,,4,RENOUX (PLACE),0,,1,1,0,1,(1),(1),1,, -1,1,0,1,50,2,12,1,63,63113,2,3,0,6,RENOUX (PLACE),45.77565,3.08549,15,2,1
202100001301,199Â 439,A01,1,1,2,9,1,0,-1,-1, -1,-1,2021,45.0,1,2,0,2,4,2,1,,4,RONSARD   (AVENUE),0,,2,2,0,1,1,0,1,, -1,2,0,1,50,26,12,5,93,93032,2,3,0,2,RONSARD   (AVENUE),48.87443,2.56684,21,3,2
202100024297,158Â 241,B01,1,1,1,5,8,0,-1,-1, -1,-1,2021,17.0,3,1,0,2,7,25,0,,4,EMILE ZOLA (RUE),0,,1,1,0,1,(1),(1),1,, -1,1,0,1,30,12,8,1,10,10387,2,3,0,3,EMILE ZOLA (RUE),48.29646,4.07491,16,2,2
202100037245,135Â 106,A01,1,1,1,0,8,8,-1,-1, -1,-1,2021,35.0,3,1,0,2,1,1,1,,4,AVENUE BOSSUET,0,,2,3,1,1,(1),(1),1,, -1,1,0,1,50,4,5,1,38,38185,2,1,0,3,Rue Paul Helbronner,45.16597,5.73975,18,3,2
202100009589,184Â 567,B01,1,1,1,4,2,0,-1,-1, -1,-1,2021,27.0,1,1,1,0,1,1,5,,3,724,0,,2,2,0,1,103,178,1,, -1,1,0,5,50,31,10,1,56,56098,2,1,0,3,JAURES (RUE  JEAN ),47.76413,-3.36036,17,2,2
202100005552,191Â 878,A01,10,3,2,1,0,-1,-1,3,3,1,2021,36.0,1,5,0,1,2,13,1,,4,DIX HUIT JUIN 1940 (R DU),0,,1,1,0,1,1,0,1,, -1,1,0,1,30,30,11,2,94,94046,2,1,0,6,Rue du 18 Juin 1940,48.80201,2.44154,17,2,1
202100008666,186Â 251,A01,1,1,2,0,1,8,-1,-1, -1,-1,2021,64.0,2,5,0,2,8,12,1,,2,RN6 PROVINCE / RN104 INT,0,,1,0,0,1,28,0,1,, -1,1,0,1,90,10,11,4,91,91617,1,1,1,7,RN6 PROVINCE / RN104 INT,48.63162,2.51784,20,1,1
202100026242,154Â 792,B01,1,1,1,1,1,0,-1,-1, -1,-1,2021,21.0,1,2,0,2,1,2,1,,1,A7-Sens Lyon vers Marseille,0,,1,4,0,1,270,0,1,, -1,1,3,1,110,31,7,1,13,13071,1,1,0,2,A7-Sens Lyon vers Marseille,43.405,5.33886,7,2,2
202100016615,171Â 936,A01,1,1,1,1,2,6,-1,-1, -1,-1,2021,25.0,2,1,0,2,8,3,1,,2,RN104,0,,3,4,0,1,9,0,1,, -1,2,0,1,90,27,9,1,77,77249,1,1,0,3,RN104,48.757091,2.615526,16,2,2
202100007510,188Â 334,A01,1,1,1,9,2,-1,-1,0,0,-1,2021,32.0,1,1,0,0,0,3,1,,2,11,0,A,3,4,0,1,(1),(1),1,, -1,1,0,1,90,16,11,1,971,97103,1,1,0,7,RN 11,16.258927,-61.570784,15,1,1
202100043587,123Â 758,A01,1,1,1,3,0,-1,-1,0,0,-1,2021,37.0,2,1,1,0,1,0,3,,3,27,0,,2,2,0,1,12,58,1,, -1,1,0,1,50,19,4,1,72,72189,2,1,0,6,Rue de Mamers,48.256276,0.318944,14,1,1
202100048018,115Â 911,A01,1,1,1,5,8,0,-1,-1,0,-1,2021,19.0,3,1,1,0,5,1,5,,4,COUTURES (RUE DES),0,,1,1,0,1,(1),(1),1,, -1,2,0,1,50,18,2,2,95,95428,2,2,1,3,COUTURES (RUE DES),48.9708837172,2.315325737,18,2,2
202100002295,197Â 685,A01,10,3,2,5,0,-1,-1,3,3,1,2021,41.0,1,2,0,1,1,16,1,,4,,0,,2,2,0,1,1,0,1,, -1,1,9,1,50,18,12,5,92,92007,2,3,0,6,BUTTES (RUE DES),48.7955403686,2.3142541945,19,2,1
202100003891,194Â 799,B01,1,1,2,1,1,-1,-1,0,0,-1,2021,44.0,1,2,0,2,4,1,1,,7,34,-1,,2,2,0,2,29,50,1,, -1,2,0,1,80,9,12,2,35,35204,1,1,1,4,L Olivel,48.044263,-1.552629,8,3,3
202100021465,163Â 273,A01,10,3,2,5,0,-1,-1,4,3,1,2021,22.0,2,1,0,1,2,1,1,,7,MONTREDON (AVENUE DE),0,,1,3,0,1,0,0,1,, -1,1,0,1,50,1,9,1,13,13208,2,1,0,6,MONTREDON (AVENUE DE),43.2420888623,5.3689911609,20,3,1
202100051400,109Â 809,A01,10,3,1,1,0,-1,-1,3,3,1,2021,19.0,3,2,0,1,2,9,1,,4,BRIAND (AVE ARISTIDE PROLONGEE),0,,1,2,0,1,0,0,1,, -1,1,0,1,50,15,2,1,83,83137,2,9,0,6,BRIAND (AVE ARISTIDE PROLONGEE),43.1202551294,5.8888027703,13,2,1
202100029797,148Â 528,B01,3,2,1,9,1,8,-1,0,0,-1,2021,8.0,3,2,0,2,4,1,1,,4,GRABIEUX (QUAI DU),0,,3,2,0,1,0,0,1,, -1,2,0,1,50,7,7,5,30,30007,2,1,0,2,GRABIEUX (QUAI DU),44.14026,4.08757,23,3,2
202100027346,152Â 841,A01,1,1,1,0,2,0,-1,0,0,-1,2021,33.0,0,1,0,2,1,1,1,,4,BOURGOGNE (RUE DE),0,,-1,2,0,1,(1),(1),1,, -1,1,0,1,50,23,7,5,71,71306,2,2,0,3,BOURGOGNE (RUE DE),46.671148,4.376747,21,2,2
202100012003,180Â 257,B01,1,1,1,5,2,0,-1,-1, -1,-1,2021,81.0,3,1,0,2,1,0,5,,4,SALIE,0,,2,2,0,1,0,0,1,, -1,1,0,1,50,20,10,1,64,64335,2,6,1,3,SALIE,43.336166014,-0.4343032837,14,2,2
202100004300,194Â 073,A01,3,2,2,5,1,0,-1,-1, -1,-1,2021,24.0,1,2,8,0,1,1,2,,3,BD DE STALINGRAD ,0,,2,8,1,1,1,0,1,, -1,2,9,6,50,7,12,5,94,94041,2,1,0,6,STALINGRAD (BD DE),48.8044091421,2.3772311209,3,3,1
202100027506,152Â 559,A01,1,1,1,5,8,0,-1,-1, -1,-1,2021,58.0,2,1,0,0,7,1,5,,4,LE BAIL (RUE JEAN),0,,2,2,0,1,0,0,1,, -1,1,0,1,50,21,7,1,87,87085,2,1,0,7,LE BAIL (RUE JEAN),45.8386241525,1.2278613902,19,1,1
202100034306,140Â 416,B01,1,1,1,5,2,6,-1,-1, -1,-1,2021,15.0,2,1,0,2,1,2,1,,4,POMPIDOU (AV.GEORGES),0,,2,2,0,1,(1),(1),1,, -1,1,0,1,50,14,6,1,4,4112,2,1,0,2,Av Georges Pompidou,43.8251,5.78345,14,2,2
202100039435,131Â 114,A01,9,2,2,2,1,-1,-1,0,0,-1,2021,25.0,1,2,0,2,2,15,1,,4,AZEREIX (AVENUE D'),0,,2,2,0,1,(1),(1),1,, -1,2,0,1,50,18,5,1,65,65440,2,9,1,3,AZEREIX (AVENUE D'),43.224278,0.051732,17,3,2
202100055939,101Â 893,A01,10,3,2,5,0,-1,-1,4,3,1,2021,76.0,2,2,0,1,8,1,1,,4,AVENUE DE FLANDRE,0,,3,3,0,1,(1),(1),1,, -1,1,0,1,50,7,1,1,75,75119,2,2,0,6,AVENUE DE FLANDRE,48.894317,2.381732,16,2,1
202100002433,197Â 423,A01,1,1,2,5,1,5,-1,-1, -1,-1,2021,56.0,3,2,0,2,3,9,1,,4,ANSALDI,0,,2,2,0,1,(1),(1),1,, -1,1,5,1,50,12,12,5,17,17306,2,6,0,3,ANSALDI,45.6364,-1.02839,20,2,2
202100049433,113Â 401,A01,1,1,1,5,0,-1,-1,0,0,-1,2021,19.0,3,1,0,9,0,0,0,,4,,-1,,2,2,0,4,(1),(1),2,, -1,2,0,1,50,23,2,3,973,97353,2,1,1,1,Route de Sophie,3.645203,-54.027677,19,2,2
202100039863,130Â 329,A01,1,1,1,5,1,-1,-1,0,0,-1,2021,38.0,3,2,2,0,2,1,1,,4,113,0,,-1,2,0,1,(1),(1),1,, -1,2,0,3,80,15,5,3,77,77303,1,1,1,6,1 Bois Guyot,48.851953,3.443724,22,1,1
202100037427,134Â 757,A01,1,1,1,5,2,0,-1,0,0,-1,2021,12.0,3,1,0,2,8,25,0,,7,COMTE LOUIS PLACE,0,,2,2,0,1,12,1300,1,, -1,1,0,1,30,30,5,1,42,42207,2,3,0,3,Place Louis Comte,45.4573755716,4.5047198832,18,2,2
202100001286,199Â 464,A01,1,1,1,5,1,0,-1,-1, -1,-1,2021,73.0,1,2,8,0,1,19,1,,4,,0,,2,3,0,1,(1),(1),1,, -1,1,0,8,50,25,12,1,45,45234,2,2,0,6,Quai du Chatelet,47.89799,1.90462,16,1,1
202100001168,199Â 685,A01,10,3,1,0,0,-1,-1,2,1,1,2021,66.0,3,3,0,1,2,16,1,1.0,4,BD CHILPERIC,0,,4,1,0,1,(1),(1),3,, -1,2,9,8,10,27,12,5,77,77108,2,1,1,6,BD CHILPERIC,48.87476,2.5843,6,2,1
202100031417,145Â 588,A01,1,1,1,5,2,6,-1,0,0,-1,2021,38.0,3,1,0,2,2,18,1,,4,BOULEVARD PERIPHERIQUE EXTERIEUR NORD  ,0,,1,4,0,1,22,600,1,, -1,1,0,1,70,1,7,1,75,75118,2,1,0,4,BOULEVARD PERIPHERIQUE EXTERIEUR NORD  ,48.901208,2.353476,13,9,3
202100049758,112Â 801,B01,1,1,1,0,2,6,-1,0,0,-1,2021,50.0,0,1,0,2,1,1,1,,4,IVRY (ROUTE D'),0,,3,2,0,1,(1),(1),1,, -1,1,0,1,50,28,2,1,27,27681,2,7,0,3,IVRY (ROUTE D'),49.08315,1.47769,12,2,2
202100041219,127Â 926,B01,2,2,2,0,8,-1,-1,0,0,-1,2021,50.0,2,2,0,2,4,2,1,,2,31,-1,,3,4,0,1,31,400,1,, -1,1,0,1,110,7,5,1,60,60628,1,1,0,2,N31,49.4239722538,2.1451623808,17,3,2
202100044732,121Â 757,A01,1,1,2,5,0,-1,-1,0,0,-1,2021,67.0,1,1,0,2,8,1,5,,3,187,-1,,2,1,0,4,11,835,1,, -1,1,0,5,80,8,4,1,62,62473,1,1,0,3,D187,50.627932,2.436261,13,2,2
202100056156,101Â 507,B01,10,3,2,5,0,-1,-1,4,5,1,2021,35.0,2,2,0,1,7,1,1,,3,THIERS (BLD),0,,1,2,0,1,0,1,1,, -1,1,0,1,50,4,1,1,52,52121,2,1,0,6,THIERS (BLD),48.10896,5.14058,17,2,1
202100039983,130Â 124,A01,1,1,1,4,1,5,-1,0,0,-1,2021,52.0,1,2,15,9,1,16,1,,3,8,0,,2,2,0,2,3,100,3,, -1,1,0,3,70,14,5,3,972,97221,2,1,0,7,Sans Pareil,14.509887,-60.962346,22,2,1
202100023991,158Â 755,A01,1,1,2,4,2,-1,-1,-1, -1,-1,2021,25.0,3,1,0,0,0,1,3,,4,DOCKS (DES)                         (R ),0,,-1,1,0,1,(1),(1),1,, -1,1,0,1,50,14,8,1,69,69389,2,1,0,7,DOCKS (DES) (R),45.7854599494,4.8106032145,19,1,1
202100053242,106Â 559,A01,1,1,1,5,1,0,-1,0,0,-1,2021,71.0,1,2,14,0,1,13,1,,4,RUE DE LA CHAPELLE,0,,2,3,3,1,(1),(1),1,, -1,2,-1,6,50,28,1,5,75,75118,2,1,1,6,RUE DE LA CHAPELLE,48.8946851722,2.3594373465,7,1,1
202100032865,143Â 022,A01,10,3,2,5,0,-1,-1,1,1,2,2021,25.0,1,2,0,1,1,1,1,,4,VERDUN (RUE  DE ),0,,2,2,0,1,(1),(1),3,, -1,2,0,1,30,18,6,2,56,56121,2,1,0,6,VERDUN (RUE  DE ),47.76007,-3.36574,21,4,1
202100004952,192Â 938,A01,1,1,1,5,0,-1,-1,0,0,-1,2021,33.0,3,1,13,0,1,0,1,,4,,-1,,2,2,0,1,(1),(1),1,,4,1,0,3,50,4,12,5,974,97422,2,1,0,1,Chemin Philidor TÃ©cher,-21.243115,55.548828,2,1,1
202100020483,165Â 023,B01,1,1,1,1,2,8,-1,-1, -1,-1,2021,57.0,1,1,0,2,5,11,0,,4,MOI LAMINAIRE (RUE),0,,2,2,0,2,0,0,2,, -1,1,0,1,30,6,9,1,972,97209,1,9,0,2,MOI LAMINAIRE (RUE),14.597421,-61.043579,12,2,2
202100012018,180Â 230,A01,1,1,1,5,2,0,-1,-1, -1,-1,2021,18.0,1,1,0,2,2,17,1,,4,BOREAU,0,,2,2,0,1,1,0,1,, -1,1,0,1,50,20,10,5,49,49007,2,1,0,3,BOREAU,47.4771,-0.54429,20,3,2
202100001988,198Â 246,B01,1,1,1,0,2,0,-1,-1, -1,-1,2021,31.0,3,1,0,2,1,1,1,,4,mamoudzou centre-CimetiÃ©re grand repos (,0,,2,2,0,2,0,0,1,, -1,1,0,1,50,17,11,2,976,97611,2,1,0,1,mamoudzou centre-CimetiÃ©re grand repos (,-12.7777,45.228039,17,2,2
202100000364,201Â 060,E01,1,1,2,0,1,0,-1,-1, -1,-1,2021,39.0,0,2,0,2,1,2,1,,7,STADIUM (CD9),0,,1,2,0,3,1,233,1,, -1,1,0,1,90,9,2,1,13,13001,1,1,0,5,STADIUM (CD9),43.4516,5.30374,8,5,5
202100035126,138Â 916,B01,1,1,1,5,2,6,-1,0,0,-1,2021,42.0,2,1,0,2,1,1,1,,3,61,-1,,2,2,0,1,12,100,2,, -1,1,0,1,70,12,6,1,44,44188,1,3,0,3,Chemin des Petites Parees,47.01005,-1.617855,8,2,2
202100044255,122Â 562,A01,1,1,2,0,1,0,-1,0,0,-1,2021,29.0,2,2,15,0,2,14,1,,4,GROLIERE (RUE DE LA),0,,2,2,0,1,(1),(1),1,, -1,1,0,1,50,18,2,1,63,63113,2,1,0,6,GROLIERE (RUE DE LA),45.79252,3.10626,10,1,1
202100023296,159Â 975,A01,10,3,1,1,0,-1,-1,1,3,2,2021,35.0,3,2,0,1,1,1,1,,4,RAYMOND POINCARE (AVENUE),0,,1,1,0,1,0,0,1,, -1,1,0,1,50,20,8,5,21,21231,2,1,0,1,RAYMOND POINCARE (AVENUE),47.32892,5.06901,3,3,1
202100038713,132Â 436,B01,1,1,1,5,0,-1,-1,0,0,-1,2021,17.0,3,1,0,2,5,1,5,,3,938,3,,2,2,1,1,24,1,1,, -1,1,5,1,50,23,5,1,79,79049,2,6,0,3,Boulevard de Thouars,46.853236,-0.456126,18,2,2
202100039272,131Â 403,B01,1,1,1,1,0,-1,-1,-1, -1,-1,2021,23.0,3,1,0,2,1,1,3,,4,GEORGE SAND                          (R ,0,,1,1,1,1,(1),(1),1,, -1,1,0,5,30,19,5,1,69,69266,2,3,0,3,GEORGE SAND (R),45.75557,4.89013,17,2,2
202100040494,129Â 224,A01,1,1,2,0,1,5,-1,0,0,-1,2021,27.0,1,2,6,0,1,1,1,,3,RENOIR (AVENUE AUGUSTE),0,,2,2,0,1,4,755,3,, -1,2,0,4,50,10,5,1,6,6069,2,1,1,7,RENOIR (AVENUE AUGUSTE),43.679921,6.950951,14,1,1
202100037505,134Â 628,B01,1,1,1,1,2,6,9,0,0,-1,2021,26.0,2,1,0,2,1,1,1,,4,,-1,,2,2,0,1,(1),(1),3,,4,1,0,1,50,31,5,1,37,37159,2,1,0,1,Rue des PÃ¢tis,47.2858094677,0.6165231764,7,2,2
202100014201,176Â 308,A01,2,2,2,9,2,8,-1,0,0,-1,2021,7.0,1,1,0,2,7,2,1,,4,AVENUE MATHURIN MOREAU,0,,-1,1,0,2,(1),(1),1,, -1,1,0,1,30,9,10,1,75,75119,2,2,0,3,AVENUE MATHURIN MOREAU,48.878277,2.372947,15,3,2
202100001641,198Â 871,B01,1,1,1,1,2,6,-1,-1, -1,-1,2021,23.0,2,1,0,2,1,1,1,,3,72,0,,2,2,0,2,0,0,3,, -1,1,0,1,30,22,12,5,92,92040,2,4,0,3,PIERRE BROSSOLETTE,48.8195909429,2.2664411366,17,2,2
202100033862,141Â 234,A01,1,1,2,1,2,0,-1,-1, -1,-1,2021,47.0,3,1,0,2,1,26,1,,4,SANGNIER (AVENUE MARC),0,,2,2,0,2,0,0,1,, -1,1,0,1,50,16,6,1,13,13028,2,1,0,2,SANGNIER (AVENUE MARC),43.1723694359,5.5984173886,8,2,2
202100017718,169Â 956,A01,1,1,1,0,1,-1,-1,0,0,-1,2021,31.0,2,2,2,0,1,1,1,,3,209,0,D,2,2,0,1,2,900,1,, -1,1,0,3,80,22,9,3,67,67019,1,1,0,6,D209,48.255562,7.513918,4,1,1
202100017789,169Â 819,B01,1,1,1,2,2,8,-1,-1, -1,-1,2021,15.0,3,1,0,0,4,1,1,,4,JAURES (BOULEVARD JEAN),0,,1,2,0,1,0,0,2,, -1,1,0,1,50,20,9,1,974,97411,2,6,0,6,JAURES (BOULEVARD JEAN),-20.90109,55.49648,7,2,2
202100002995,196Â 423,A01,1,1,1,5,2,6,-1,0,0,-1,2021,17.0,3,1,0,2,1,2,1,,4,,-1,,2,2,0,1,(1),(1),1,,"5,5",9,0,1,50,12,12,1,49,49176,2,1,0,2,route d'angers,47.623864,-0.714288,17,2,2
202100052566,107Â 761,A01,2,2,1,9,8,0,-1,0,0,-1,2021,57.0,3,2,0,2,8,22,1,,4,AVENUE DE LA PORTE DE CLIGNANCOURT,0,,1,2,3,1,(1),(1),1,, -1,2,-1,6,50,2,2,1,75,75118,2,1,0,3,AVENUE DE LA PORTE DE CLIGNANCOURT,48.898787,2.344172,14,3,2
202100024588,157Â 708,B01,1,1,1,0,8,-1,-1,-1, -1,-1,2021,21.0,1,1,0,2,4,1,1,,4,ALBERT THOMAS                       (CO),0,,2,2,3,1,(1),(1),1,, -1,1,0,1,50,11,8,1,69,69388,2,3,0,2,ALBERT THOMAS (CR),45.74554,4.87128,17,2,2
202100044442,122Â 248,B01,1,1,1,0,2,8,-1,-1, -1,-1,2021,51.0,1,1,0,0,0,0,1,,3,MADELEINE (ROUTE DE LA),0,,2,1,0,1,3,860,2,, -1,2,0,1,50,10,4,5,973,97302,2,1,1,3,MADELEINE (ROUTE DE LA),4.90780237,-52.3223638,19,2,2
202100013537,177Â 528,B01,1,1,1,0,1,0,-1,-1, -1,-1,2021,72.0,3,2,0,2,3,12,1,,4,FRANCE LIBRE  AVENUE DE LA,0,,-1,2,0,1,(1),(1),1,, -1,1,5,1,30,13,10,1,29,29232,2,6,0,3,Avenue de la France Libre,48.00596,-4.09723,10,2,2
202100048832,114Â 474,A01,2,2,2,0,1,0,-1,-1, -1,-1,2021,26.0,2,2,0,2,1,2,1,,2,ROUTE NATIONALE 225,0,,3,4,0,1,9,550,3,, -1,2,0,1,70,4,3,1,59,59183,1,1,1,2,ROUTE NATIONALE 225,51.0019030377,2.3284014342,17,3,2
202100049940,112Â 478,A01,10,3,2,3,0,-1,-1,4,3,1,2021,91.0,2,5,0,1,2,15,1,,3,562,0,A,2,2,0,1,39,300,1,, -1,1,0,1,50,26,2,1,14,14556,2,2,0,6,D562A,49.116396,-0.374463,9,2,1
202100033288,142Â 265,C01,2,2,2,5,1,0,-1,-1,0,-1,2021,35.0,2,2,0,2,4,2,1,,1,AUTOROUTE A15,0,,3,10,0,1,7,800,1,, -1,1,0,1,110,20,6,1,95,95018,1,1,0,4,AUTOROUTE A15,48.9628056614,2.2656336597,11,5,4
202100049920,112Â 509,A01,10,3,1,5,0,-1,-1,1,5,1,2021,13.0,2,2,0,1,2,1,1,,3,980,0,,2,2,0,2,43,200,1,, -1,1,0,1,50,28,2,1,51,51052,2,1,0,7,Rue de Reims,49.270163787,4.1461375831,15,2,1
202100033476,141Â 936,A01,1,1,1,5,2,6,9,0,0,-1,2021,64.0,2,1,0,0,8,1,1,,1,87,0,A,1,1,0,1,113,0,2,, -1,2,3,1,50,20,6,1,85,85191,1,1,1,7,A87 Bretelle de sortie 30,46.669178,-1.352584,10,1,1
202100048514,115Â 044,B01,1,1,1,1,8,0,-1,-1, -1,-1,2021,33.0,2,2,0,0,4,1,1,,3,GOURGAUD(AVENUE),0,,2,2,0,1,0,100,1,, -1,1,0,1,50,10,3,1,91,91691,2,9,0,2,GOURGAUD(AVENUE),48.73255,2.51224,7,3,2
202100023620,159Â 406,B01,1,1,1,5,2,0,-1,-1, -1,-1,2021,11.0,2,1,0,2,3,26,5,,3,BD DE STALINGRAD - PONT DE NOGENT ,0,,-1,2,0,1,1,0,1,, -1,1,0,1,50,18,8,5,94,94017,2,1,0,3,Boulevard de Stalingrad,48.82779,2.49388,21,2,2
202100000542,200Â 737,A01,1,1,1,4,2,6,-1,-1, -1,-1,2021,32.0,1,1,0,0,7,26,1,,1,18 MONTAUDRAN (PERIPH EST A61),0,,1,2,0,2,237,365,1,, -1,1,3,1,50,9,11,1,31,31555,2,9,0,7,18 MONTAUDRAN (PERIPH EST A61),43.57263,1.49558,9,1,1