Num_Acc,id_vehicule,num_veh,place,catu,sexe,trajet,secu1,secu2,secu3,locp,actp,etatp,year_acc,victim_age,senc,catv,obs,obsm,choc,manv,motor,occutc,catr,voie,v1,v2,circ,nbv,vosp,prof,pr,pr1,plan,lartpc,larrout,surf,infra,situ,vma,jour,mois,lum,dep,com,agg_,int,atm,col,adr,lat,long,hour,nb_victim,nb_vehicules
202100011204,181Â 706,A01,10,3,1,0,0,-1,-1,3,3,1,2021,21.0,1,2,0,1,2,1,1,,4,ESQUERMES RUE D' NÂ° IMPAIRS 37 - 113,0,,2,0,0,1,(1),(1),1,, -1,1,0,1,50,24,10,2,59,59350,2,1,0,6,ESQUERMES RUE D' NÂ° IMPAIRS 37 - 113,50.62275,3.04075,18,2,1
202100042233,126Â 134,Y01,1,1,1,1,8,0,-1,-1, -1,-1,2021,23.0,3,1,0,2,1,1,5,,3,CIRCULAIRE (BOULEVARD),0,,1,2,1,1,0,0,1,, -1,1,0,5,50,28,4,1,92,92026,2,1,0,3,CIRCULAIRE (BOULEVARD),48.89089,2.24767,7,2,2
202100015536,173Â 914,B01,2,2,2,0,1,0,-1,-1, -1,-1,2021,54.0,1,2,0,2,4,23,2,,4,OLLE LAPRUNE,0,,2,2,1,1,0,0,1,, -1,1,0,1,50,1,10,1,64,64284,2,2,0,4,OLLE LAPRUNE,43.28351,-0.38641,14,4,3
202100043276,124Â 309,B01,1,1,1,5,2,6,-1,0,0,-1,2021,19.0,2,1,0,2,1,1,1,,7,15,0,,2,2,2,1,46,900,1,, -1,1,0,1,80,22,4,1,13,13059,1,3,1,3,"RD 15, PK 46.900",43.6496,5.538933,18,3,2
202100046507,118Â 654,B01,1,1,1,0,2,6,-1,-1, -1,-1,2021,74.0,1,1,0,2,6,1,1,,3,8 MAI 1945 DU,0,,2,2,0,1,7,830,1,, -1,1,0,1,50,26,3,1,64,64284,2,1,0,3,8 MAI 1945 DU,43.2816,-0.38739,13,2,2
202100020016,165Â 848,B01,1,1,2,1,1,8,-1,-1, -1,-1,2021,27.0,2,2,0,2,4,2,1,,2,N118,0,,1,2,0,1,6,300,1,, -1,1,0,1,90,7,9,1,78,78640,1,1,0,2,N118,48.775798,2.222553,8,2,2
202100056484,100Â 937,A01,1,1,1,0,1,0,-1,-1, -1,-1,2021,36.0,2,2,0,2,1,2,1,,1,AUTOROUTE A6,0,,3,6,0,1,10,741,1,, -1,1,0,1,110,2,1,3,91,91689,1,1,0,2,AUTOROUTE A6,48.72652,2.31328,0,2,2
202100054739,103Â 950,A01,1,1,1,5,8,-1,-1,0,0,-1,2021,63.0,2,2,15,0,1,1,0,,3,134,0,,2,2,0,1,41,397,1,, -1,1,0,3,80,18,1,1,17,17056,1,1,0,6,D134,45.6052,-0.521282,13,1,1
202100036143,137Â 079,A01,1,1,1,2,2,6,-1,0,0,-1,2021,15.0,1,1,0,2,1,1,1,,3,32,-1,E,2,2,0,1,3,68,1,, -1,1,0,1,50,7,6,1,31,31066,2,1,0,3,576 Route de Paulhac,43.791207,1.600657,8,2,2
202100035545,138Â 173,A01,1,1,1,1,2,6,-1,0,0,-1,2021,53.0,1,1,0,2,4,23,1,,4,BOULEVARD MONTMARTRE,0,,2,2,0,1,(1),(1),1,, -1,1,0,1,50,6,6,5,75,75109,2,2,0,2,BOULEVARD MONTMARTRE,48.871479,2.343073,21,2,2
202100021322,163Â 541,A01,1,1,1,0,2,-1,-1,0,0,-1,2021,22.0,1,1,0,2,1,17,1,,3,4,-1,,2,2,0,1,14,700,1,, -1,1,0,1,50,3,9,1,974,97415,2,1,0,1,DÃ©partementale 4 - rue Montrouge,-21.02114,55.296131,14,2,2
202100006886,189Â 465,A01,1,1,1,5,8,-1,-1,0,0,-1,2021,27.0,3,2,0,0,0,1,1,,3,147,0,A,2,2,0,1,12,140,1,, -1,1,0,8,80,20,11,2,49,49301,1,1,0,7,La ChaumiÃ¨re (la RenaudiÃ¨re),47.122509,-1.051238,17,1,1
202100040746,128Â 777,B01,1,1,1,0,2,8,-1,-1, -1,-1,2021,52.0,3,1,0,2,1,1,5,,4,,0,,2,4,1,2,(1),(1),1,, -1,1,0,1,50,8,5,1,38,38151,2,1,0,3,Avenue Victor Hugo,45.1531,5.7113,12,2,2
202100053085,106Â 838,B01,1,1,1,9,2,0,-1,0,0,-1,2021,62.0,1,1,0,2,3,1,1,,4,PLACE EDOUARD RENARD,0,,4,4,0,1,(1),(1),1,, -1,2,0,1,50,30,1,1,75,75112,2,7,1,3,PLACE EDOUARD RENARD,48.835373,2.406559,11,2,2
202100041238,127Â 888,A01,1,1,2,5,1,-1,-1,-1,0,-1,2021,30.0,2,2,4,0,1,1,1,,2,RN 184,0,,3,3,0,2,11,0,2,, -1,2,0,1,70,6,5,1,95,95394,1,1,1,6,A115,49.05131,2.18207,9,1,1
202100026664,154Â 047,A01,1,1,1,0,2,-1,-1,-1, -1,-1,2021,60.0,1,1,0,2,4,1,1,,4,QUAI DE LA DOUANE,0,,2,4,0,1,(1),(1),1,, -1,1,0,1,50,23,7,5,33,33063,2,1,0,2,Quai de la Douane,44.84046,-0.56924,21,2,2
202100035381,138Â 469,A01,1,1,1,5,2,6,9,0,0,-1,2021,22.0,0,1,0,0,0,1,1,,9,,-1,,2,1,0,1,(1),(1),1,,3,6,0,1,80,24,5,1,50,50486,1,1,0,7,Route du Hameau Travers,49.431768,-1.642606,10,1,1
202100020726,164Â 580,B01,1,1,1,3,0,0,-1,-1, -1,-1,2021,15.0,3,1,0,2,8,0,5,,4,PARMENTIER (R),0,,1,1,0,1,1,0,3,, -1,1,0,1,30,5,9,1,94,94054,2,3,0,3,Rue Parmentier,48.74239,2.38737,18,2,2
202100011182,181Â 742,A01,1,1,2,1,1,-1,-1,-1, -1,-1,2021,21.0,1,2,4,0,1,2,1,,1, ROCADE A630,0,,3,4,0,1,44,342,3,, -1,2,3,1,70,25,10,1,33,33249,1,1,1,6,Rocade Rive Droite N230,44.883926,-0.510391,8,1,1
202100041976,126Â 590,B01,1,1,2,1,1,-1,-1,0,0,-1,2021,37.0,2,2,0,2,3,1,1,,3,47,-1,,2,2,0,2,16,960,1,, -1,1,0,1,80,30,4,1,30,30139,1,1,0,6,RD47,44.136908,3.387662,18,2,2
202100010692,182Â 610,A01,1,1,1,9,8,0,-1,-1, -1,-1,2021,31.0,2,2,0,2,1,13,1,,3,D 210,0,,2,2,0,1,10,600,1,, -1,1,0,1,90,26,10,3,77,77079,1,1,0,1,D210,48.4194,2.82635,20,2,2
202100014769,175Â 316,A01,10,3,2,1,0,-1,-1,4,3,1,2021,54.0,3,2,0,1,8,15,1,,4,HENRI DUNANT,0,,2,2,0,1,(1),(1),1,, -1,1,0,1,50,6,10,1,95,95428,2,1,0,6,CHARLES DE GAULLE  AVENUE,48.9742770234,2.3115456495,8,2,1
202100056452,100Â 993,A01,2,2,2,5,1,-1,-1,0,0,-1,2021,72.0,1,2,3,0,9,17,1,,1,84,-1,,3,4,0,1,149,200,1,, -1,1,0,1,130,2,1,1,50,50487,1,1,0,6,A84,48.51976,-1.347928,14,2,1
202100004340,194Â 003,B01,1,1,1,1,2,6,9,0,0,-1,2021,31.0,2,1,0,2,1,1,1,,3,28,-1,,2,2,0,1,2,510,1,, -1,2,0,1,90,8,12,3,53,53062,1,1,0,1,"RD 28, PR 02.510",47.837012,-0.670209,5,2,2
202100056459,100Â 983,A01,1,1,1,5,1,-1,-1,0,0,-1,2021,54.0,2,2,2,0,3,1,1,,3,667,0,D,2,2,0,1,30,350,3,, -1,2,0,8,80,1,1,3,47,47239,1,1,0,6,Pontet,44.4119814193,0.5661145448,3,1,1
202100053803,105Â 580,A01,1,1,1,5,2,-1,-1,0,0,-1,2021,18.0,0,1,0,2,2,1,5,,3,118,-1,D,2,2,0,1,10,50,1,, -1,1,0,1,50,26,1,2,60,60172,2,2,0,2,D118,49.142524,2.473758,16,2,2
202100017084,171Â 092,A01,3,2,2,3,3,0,-1,-1, -1,-1,2021,2.0,2,2,0,2,3,20,1,,4,CROSNES (R DE),0,,2,0,0,1,1,0,1,, -1,1,0,1,50,24,9,1,94,94078,2,1,0,3,AllÃ©e de Crosne,48.72214,2.45024,15,3,2
202100027228,153Â 050,B01,1,1,1,5,2,6,-1,0,0,-1,2021,32.0,0,1,0,2,1,1,1,,4,COURS LA REINE,0,,1,2,0,1,(1),(1),1,, -1,2,0,1,50,24,7,1,75,75108,2,2,1,3,COURS LA REINE,48.864679,2.313656,20,2,2
202100006428,190Â 307,B01,1,1,1,4,2,-1,-1,-1, -1,-1,2021,39.0,2,1,0,2,1,1,5,,4,SALAUN PENQUER,0,,2,2,0,2,(1),(1),3,, -1,1,5,1,50,24,11,5,29,29019,2,3,0,1,Avenue Salaun Penquer,48.3853,-4.48278,18,2,2
202100047422,117Â 005,A01,1,1,1,5,2,-1,-1,0,0,-1,2021,16.0,3,1,0,2,1,15,1,,4,,-1,,2,2,0,1,(1),(1),1,, -1,1,0,1,80,20,3,1,85,85065,1,2,0,3,les GoyÃ¨res,46.881623,-1.282654,18,4,2
202100036163,137Â 051,A01,1,1,1,5,2,-1,-1,0,0,-1,2021,20.0,3,1,0,2,0,1,5,,4,,0,,2,2,0,1,(1),(1),3,, -1,1,0,1,80,31,5,1,24,24150,1,1,0,1,Les Barges,44.74264,1.187719,12,2,2
202100013872,176Â 905,B01,1,1,1,0,2,6,-1,0,0,-1,2021,59.0,3,1,0,2,1,1,5,,4,COCHEREL (RUE DE),0,,1,1,0,1,(1),(1),1,, -1,1,0,1,50,11,10,2,27,27229,2,1,0,3,COCHEREL (RUE DE),49.02044,1.18201,9,2,2
202100013804,177Â 022,A01,1,1,1,5,0,-1,-1,-1, -1,-1,2021,42.0,3,1,1,0,1,14,1,,4,Route des 2 Hameaux,0,,-1,0,0,1,(1),(1),1,, -1,1,0,8,50,29,5,1,88,88413,1,9,0,6,Route des 2 Hameaux,48.3116346783,6.9210675359,10,1,1
202100037882,133Â 949,A01,10,3,2,5,0,-1,-1,9,2,1,2021,5.0,3,2,0,1,5,4,1,,9,,0,,-1,2,0,1,(1),(1),1,, -1,1,0,8,-1,28,5,1,86,86070,1,1,0,6,Pouzioux,46.51308,0.689456,19,2,1
202100005132,192Â 604,A01,10,3,1,0,0,-1,-1,4,3,1,2021,29.0,2,2,0,1,2,16,1,,3,,0,,2,2,0,1,0,0,3,, -1,1,6,1,50,2,12,5,92,92012,2,6,0,6,REPUBLIQUE (BOULEVARD DE LA) 79/FIN - 76,48.8335492919,2.2438019514,23,2,1
202100015194,174Â 549,B01,1,1,1,1,1,-1,-1,-1, -1,-1,2021,51.0,1,2,0,2,8,26,1,,7,RD383   14.250 A 18.000,0,,1,2,0,1,14,250,2,, -1,1,0,1,50,25,9,3,69,69199,1,9,0,3,RD383   14.250 A 18.000,45.69452,4.84421,5,2,2
202100030725,146Â 839,A01,10,3,1,5,0,-1,-1,2,3,1,2021,63.0,1,2,0,1,3,1,1,,4,ROND POINT DE LA GLACIERE,0,,1,1,0,1,0,0,1,, -1,1,0,1,50,28,6,3,974,97407,2,1,0,6,ROND POINT DE LA GLACIERE,-20.93328,55.29208,5,2,1
202100018879,167Â 904,A01,2,2,2,0,8,-1,-1,0,0,-1,2021,38.0,1,2,3,0,1,1,1,,3,52,0,,2,2,0,1,8,560,2,, -1,1,4,8,80,14,9,2,2,2676,1,8,0,6,Pont,49.515096,3.869229,19,2,1
202100012470,179Â 417,A01,10,3,1,2,0,-1,-1,3,3,2,2021,2.0,1,2,0,1,1,1,1,,4,MONTE-CARLO (AVENUE),0,,2,2,0,1,(1),(1),1,, -1,1,0,1,50,18,10,1,6,6029,2,1,0,6,MONTE-CARLO (AVENUE),43.553896,6.97047,16,2,1
202100019567,166Â 655,A01,1,1,1,9,1,-1,-1,0,0,-1,2021,33.0,1,2,13,0,3,0,1,,3,33,-1,,2,2,0,2,(1),(1),2,, -1,1,0,3,80,12,9,3,14,14607,1,1,0,6,D33,49.108454,-0.670708,6,1,1
202100030810,146Â 693,B01,1,1,1,1,2,8,-1,-1, -1,-1,2021,65.0,3,1,0,2,1,9,5,,4,,0,,2,2,0,1,(1),(1),1,, -1,1,5,1,50,24,6,1,85,85194,1,2,0,3,BERNARD (RUE JEAN),46.51406,-1.75313,18,2,2
202100022131,162Â 073,A01,1,1,1,0,2,0,-1,-1, -1,-1,2021,22.0,2,1,0,2,1,5,5,,3,19,0,,1,3,1,1,0,0,1,, -1,1,0,5,50,27,8,5,92,92024,2,2,0,1,MARTRE DE (4 A 54),48.9008837673,2.3080407602,23,2,2
202100035907,137Â 507,A01,1,1,1,9,1,-1,-1,-1, -1,-1,2021,88.0,0,2,1,0,9,20,1,,6,JACOB (RUE FRANÃOIS),0,,-1,-1,0,1,(1),(1),1,, -1,1,9,8,10,7,6,1,51,51058,1,9,0,6,Avenue FranÃ§ois Jacob,49.21833,4.00351,10,1,1
202100004807,193Â 189,A01,10,3,2,9,0,-1,-1,4,3,1,2021,25.0,0,2,0,1,1,1,1,,4,RUE BELGRAND,0,,2,1,0,1,(1),(1),1,, -1,2,0,1,30,3,12,5,75,75120,2,7,1,6,RUE BELGRAND,48.864885,2.398661,23,2,1
202100046109,119Â 342,Z01,10,3,1,5,0,-1,-1,9,5,2,2021,5.0,3,0,0,1,1,26,0,,9,ESP FRANCOIS MITTERRAND,0,,-1,-1,3,1,(1),(1),2,, -1,1,0,6,1,28,3,1,33,33249,2,1,0,6,Esplanade FranÃ§ois Mitterrand,44.8736368824,-0.5172918101,19,2,1
202100037068,135Â 442,A01,10,3,2,5,0,-1,-1,5,5,1,2021,14.0,0,0,0,1,0,25,0,,4,STALINGRAD (RUE DE),0,,1,1,0,1,1,0,1,, -1,1,6,4,10,1,6,1,93,93048,2,1,0,6,STALINGRAD (RUE DE),48.8590881636,2.4430534243,12,2,1
202100022911,160Â 667,A01,1,1,1,5,2,-1,-1,-1, -1,-1,2021,37.0,1,1,0,2,8,18,1,,4,QUAI DU PRESIDENT WILSON,0,,3,4,0,1,(1),(1),1,, -1,1,0,1,50,22,8,1,33,33039,2,1,0,3,Quai du PrÃ©sident Wilson,44.811045537,-0.533350535,16,2,2
202100030323,147Â 562,A01,10,3,1,5,0,-1,-1,2,1,1,2021,85.0,3,2,0,1,7,16,2,,6,ROUTE DU SACRE COEUR,0,,1,2,0,1,0,0,1,, -1,1,0,1,30,6,7,1,974,97407,1,1,0,3,ROUTE DU SACRE COEUR,-20.95573,55.31036,10,3,1
202100009110,185Â 424,Z01,10,3,2,5,0,-1,-1,4,3,1,2021,50.0,2,1,0,1,1,5,1,,4,BRETEUIL (RUE)  1 A 17,0,,1,2,0,2,0,0,1,, -1,1,0,1,50,6,11,1,13,13201,2,1,0,1,BRETEUIL (RUE)  1 A 17,43.2925,5.37493,17,2,1
202100032819,143Â 114,B01,10,3,1,5,0,-1,-1,2,3,2,2021,86.0,2,2,0,1,1,1,3,,4,ANTOINE DE ST EXUPERY               (BD),0,,1,2,0,1,(1),(1),1,, -1,1,0,1,50,22,6,1,69,69389,2,1,0,6,ANTOINE DE ST EXUPERY (BD),45.77288,4.80828,10,2,1
202100045779,119Â 921,A01,10,3,1,0,0,-1,-1,2,3,3,2021,15.0,0,2,0,1,3,1,1,,4,SAINT LOUIS (AVENUE DE),0,,2,2,0,2,(1),(1),1,, -1,1,0,1,50,31,3,1,13,13215,2,1,0,6,SAINT LOUIS (AVENUE DE),43.34721,5.35911,14,2,1
202100006120,190Â 865,B01,1,1,1,0,1,8,-1,-1, -1,-1,2021,22.0,1,2,12,2,4,26,1,,3,THEOPHILE SUEUR (BOULEVARD),0,,2,2,0,1,0,1,1,, -1,2,0,1,50,26,11,1,93,93048,2,1,1,2,THEOPHILE SUEUR (BOULEVARD),48.8646733862,2.4679778244,14,2,2
202100049140,113Â 918,A01,9,2,2,5,1,0,-1,0,0,-1,2021,31.0,2,2,0,2,6,2,1,,4,QUAI DE GESVRES,0,,1,3,0,1,(1),(1),1,, -1,1,0,1,50,5,3,5,75,75104,2,7,0,2,QUAI DE GESVRES,48.857183,2.34737,0,3,2
202100047729,116Â 433,A01,1,1,1,0,1,8,-1,-1, -1,-1,2021,64.0,1,5,0,2,8,23,1,,3,SAUVY (ALFRED),0,,2,2,0,1,0,125,1,, -1,1,0,1,50,5,3,1,66,66136,2,1,0,6,SAUVY (ALFRED),42.70819,2.90883,17,2,2
202100013662,177Â 292,A01,1,1,2,0,2,6,-1,-1, -1,-1,2021,15.0,3,1,14,0,2,17,1,,4,VIEUX PRE (PLACE DU),0,,2,2,0,1,0,0,1,, -1,1,0,1,50,12,10,2,28,28134,2,1,0,2,VIEUX PRE (PLACE DU),48.73255,1.36494,18,2,2
202100012715,178Â 988,A01,1,1,1,5,2,6,9,0,0,-1,2021,66.0,1,1,13,2,3,13,1,,3,15,-1,,2,2,0,2,19,750,2,, -1,1,0,1,80,17,10,1,33,33316,1,1,0,1,,44.732546,0.088821,18,2,2
202100056359,101Â 162,A01,1,1,1,3,2,-1,-1,0,0,-1,2021,19.0,2,1,0,2,7,15,1,,3,909,-1,,2,2,3,1,13,57,1,, -1,1,5,1,90,4,1,3,34,34224,1,2,0,3,D909,43.451704,3.208737,18,2,2
202100039975,130Â 136,A01,10,3,1,0,0,-1,-1,4,3,1,2021,15.0,2,5,0,1,1,7,1,,3,VIC. HUGO(RUE)115A149 ET 148A178,0,,1,2,2,1,0,0,1,, -1,2,0,1,50,14,5,1,92,92044,2,5,0,6,VIC. HUGO(RUE)115A149 ET 148A178,48.8982917937,2.2943669558,18,2,1
202100046277,119Â 057,A01,1,1,2,5,2,-1,-1,0,0,-1,2021,22.0,2,1,0,2,1,17,1,,3,909,0,A,2,2,0,1,54,160,3,, -1,1,0,1,90,28,3,1,15,15108,1,3,1,2,La Baraque Neuve (Saint-Just),44.898641,3.226896,16,2,2
202100006367,190Â 417,B01,1,1,2,3,1,-1,-1,-1, -1,-1,2021,49.0,1,2,0,2,4,2,1,,1,A72,0,,3,6,0,1,9,500,1,, -1,1,0,1,110,21,11,3,42,42330,1,1,0,2,A72,45.48075,4.34484,17,2,2
202100020511,164Â 971,A01,1,1,2,0,1,8,-1,-1, -1,-1,2021,43.0,2,2,0,2,3,13,1,,7,RD 112,0,,2,2,0,1,(1),(1),1,, -1,1,0,1,50,6,9,1,59,59650,2,1,0,3,RD 112,50.7240342957,3.1911849976,14,2,2
202100025391,156Â 272,B01,1,1,2,0,0,-1,-1,0,0,-1,2021,18.0,3,1,0,2,0,1,5,,4,,0,,1,2,0,1,(1),(1),2,,4,1,9,1,30,7,8,1,26,26235,2,6,0,3,Rond-Point Louis Pasteur (Parking),44.375493,4.698654,12,2,2
202100049200,113Â 815,A01,1,1,1,9,1,-1,-1,0,0,-1,2021,78.0,2,2,13,2,1,14,1,,7,24,0,,2,2,0,2,19,800,1,, -1,1,0,3,80,20,2,1,31,31417,1,2,0,3,D24,43.641673,1.222047,11,2,2
202100014703,175Â 430,B01,1,1,1,4,1,-1,-1,0,0,-1,2021,30.0,1,4,0,2,3,1,1,,1,1,0,A,1,3,0,3,156,200,1,,"13,5",1,0,1,130,8,10,4,62,62259,1,1,0,2,A1,50.188509,2.872903,5,3,2
202100012772,178Â 892,B01,1,1,1,5,2,6,-1,0,0,-1,2021,45.0,2,1,0,0,1,1,1,,3,611,-1,,2,2,0,1,14,457,1,,"8,8",1,0,1,50,17,10,1,79,79270,2,1,0,3,8 Avenue de Blossac,46.415942,-0.197796,12,2,2
202100040778,128Â 723,A01,1,1,1,4,2,6,-1,-1, -1,-1,2021,28.0,2,1,0,2,1,15,1,,3,EUROPE (AVENUE DE L'),0,,1,3,1,1,0,0,1,, -1,1,0,5,50,8,5,1,92,92072,2,1,0,3,EUROPE (AVENUE DE L'),48.82371,2.21122,12,2,2
202100020580,164Â 845,A01,1,1,1,5,2,8,-1,-1, -1,-1,2021,33.0,1,1,0,2,1,13,1,,4,VAILLANT COUTURIER (R),0,,2,2,0,1,1,0,1,, -1,1,0,1,50,1,9,3,94,94002,2,1,0,1,VAILLANT COUTURIER (R),48.80422,2.41998,21,2,2
202100049043,114Â 090,B01,1,1,1,1,1,4,-1,-1, -1,-1,2021,25.0,1,2,0,2,1,1,1,,3,613,0,,2,2,0,1,0,0,1,, -1,1,5,1,80,4,1,3,30,30189,1,2,0,3,MAS DE CHEYLON,43.80512,4.33663,20,2,2
202100012628,179Â 140,A01,10,3,2,2,0,-1,-1,3,3,1,2021,17.0,3,2,0,1,2,1,1,,4,BROSSELETTE (RUE PIERRE),0,,2,2,0,1,(1),(1),1,, -1,1,6,1,50,12,10,1,95,95585,2,1,0,6,BROSSELETTE (RUE PIERRE),48.9940704732,2.3783576488,8,2,1
202100009681,184Â 402,B01,1,1,2,4,1,-1,-1,0,0,-1,2021,54.0,1,2,0,0,4,2,1,,3,213,0,D,4,3,0,2,21,0,1,, -1,1,2,1,70,3,11,1,44,44103,1,1,0,2,D213,47.296026,-2.177675,15,2,2
202100025915,155Â 364,A01,1,1,1,1,2,6,-1,0,0,-1,2021,38.0,1,1,13,0,9,17,1,,3,900,0,B,2,2,0,1,15,900,3,, -1,1,0,3,90,3,8,1,5,5115,1,1,0,7,"DÃ©partementale 900  , PK 15+900",44.4678,6.158448,7,1,1
202100034136,140Â 745,B01,1,1,2,0,2,6,-1,-1, -1,-1,2021,18.0,1,1,0,2,1,1,1,,4,,0,,2,0,0,1,0,0,1,, -1,1,0,1,50,16,6,1,92,92025,2,3,0,3,ORGEMONT  ( AVENUE D' ),48.9321781309,2.2728274763,14,2,2
202100000564,200Â 693,B01,1,1,1,5,2,0,-1,-1, -1,-1,2021,58.0,1,1,0,2,5,26,5,,4,PERDRIAU,0,,1,2,0,1,1,0,2,, -1,1,0,1,30,10,11,1,49,49246,2,6,0,3,PERDRIAU,47.4394,-0.486,16,2,2
202100028148,151Â 389,B01,1,1,2,0,1,0,-1,-1, -1,-1,2021,33.0,1,2,0,2,4,1,1,,4,HAMBOURG (BOULEVARD),0,,1,2,0,2,(1),(1),1,, -1,1,0,1,30,19,7,1,13,13208,2,1,0,2,HAMBOURG (BOULEVARD),43.2507176027,5.3885094774,8,2,2
202100048801,114Â 541,A01,1,1,2,3,1,-1,-1,0,0,-1,2021,79.0,1,2,15,0,1,1,1,,3,8,-1,,2,2,0,1,58,600,1,, -1,1,0,3,80,9,3,1,65,65174,1,1,0,6,D8 - Route de Labatut RiviÃ¨re,43.499784,0.036703,11,1,1
202100042381,125Â 874,A01,1,1,1,5,8,0,-1,-1, -1,-1,2021,13.0,0,1,0,2,0,26,3,,3,67,0,,1,1,3,1,0,0,2,, -1,1,0,1,50,27,4,1,92,92002,2,1,0,3,JULES FERRY (AVENUE),48.7489128907,2.3077592254,16,2,2
202100027394,152Â 746,Z01,1,1,1,0,0,0,-1,-1, -1,-1,2021,21.0,1,2,0,2,7,1,2,,3,CRETEIL (BD DE),0,,2,2,0,1,1,0,1,, -1,1,0,1,30,22,7,5,94,94068,2,2,0,3,Boulevard de CrÃ©teil,48.79813,2.48402,2,3,2
202100029502,149Â 059,A01,1,1,1,5,2,6,9,0,0,-1,2021,45.0,3,1,0,2,3,13,1,,3,8,0,D,2,2,0,1,2,600,1,, -1,1,0,1,80,11,7,1,70,70452,1,1,0,3,D8,47.556198,6.027331,17,2,2
202100046002,119Â 527,A01,1,1,2,1,8,0,-1,-1, -1,-1,2021,49.0,2,1,0,2,1,25,3,,3,986,0,,2,0,0,1,0,0,1,, -1,1,0,1,50,30,3,1,92,92025,2,2,0,3,AGENT SARRE (AV DE L'),48.9248394752,2.2666746673,8,2,2
202100008875,185Â 876,B01,1,1,1,0,6,2,-1,0,0,-1,2021,17.0,2,1,15,2,3,1,1,,3,23,-1,D,2,2,0,1,(1),(1),1,, -1,1,0,1,30,9,11,1,67,67009,2,1,1,1,12 Rue Principale,48.929707,6.980299,15,3,2
202100031714,145Â 070,A01,2,2,1,5,1,0,-1,-1, -1,-1,2021,25.0,2,2,0,2,4,2,1,,4,MAURIAC (RUE),0,,2,2,0,2,0,0,2,, -1,1,0,1,50,29,6,5,13,13210,2,1,0,2,MAURIAC (RUE),43.27342,5.42012,0,3,2
202100026824,153Â 774,B01,1,1,1,5,1,-1,-1,-1, -1,-1,2021,31.0,3,2,0,2,4,1,1,,4,COURS DE LA SOMME,0,,2,2,0,1,(1),(1),1,, -1,1,0,1,50,27,7,1,33,33063,2,1,0,2,Cours de la Somme,44.82471,-0.57256,23,3,2
202100017354,170Â 625,C01,2,2,2,5,1,-1,-1,-1, -1,-1,2021,49.0,2,2,0,2,4,2,1,,1,ROCADE A 630,0,,3,6,0,1,0,600,1,, -1,1,0,1,90,21,9,1,33,33550,1,1,0,4,Autoroute des Deux Mers A62,44.773349,-0.555936,8,4,3
202100052926,107Â 117,A01,1,1,1,1,2,6,-1,-1, -1,-1,2021,29.0,2,1,0,2,3,11,1,,3,,0,,1,4,0,1,0,0,1,, -1,1,0,1,50,1,2,5,92,92012,2,1,0,3,GENERAL LECLERC (AVENUE DU) 35/FIN - 60/,48.82983,2.23156,19,2,2
202100000406,200Â 977,B01,2,2,1,0,2,6,-1,-1, -1,-1,2021,17.0,3,1,0,2,1,17,1,,7,ROUTE NATIONALE 113 - MONTEE DE L'ASSASS,0,,2,1,0,2,1,0,4,, -1,1,9,1,50,23,2,2,13,13071,2,1,0,3,ROUTE NATIONALE 113 - MONTEE DE L'ASSASS,43.40717,5.32998,18,3,2
202100050096,112Â 192,A01,1,1,2,5,8,-1,-1,0,0,-1,2021,24.0,1,2,7,0,2,0,1,,3,,-1,,2,2,0,1,5,1018,1,, -1,1,0,8,80,23,2,3,76,76580,1,2,0,6,Rue du Bout d'Amont,49.542048,1.196308,23,1,1
202100033806,141Â 335,B01,1,1,1,5,2,8,-1,-1, -1,-1,2021,21.0,2,1,0,2,3,1,1,,7,392,0,,2,3,3,1,0,0,1,, -1,1,0,1,50,11,6,1,67,67482,2,3,0,3,SCHIRMECK (ROUTE DE),48.5626118989,7.6998871565,18,3,2
202100049299,113Â 638,A01,1,1,1,4,2,8,-1,-1, -1,-1,2021,25.0,1,1,0,2,5,3,1,,4,MARCEAU,0,,-1,2,0,1,0,0,1,, -1,1,0,1,30,4,3,5,92,92026,2,2,0,3,MARCEAU,48.8996374432,2.245683521,20,2,2
202100039576,130Â 845,A01,10,3,1,0,0,-1,-1,0,0,-1,2021,43.0,3,5,0,1,0,0,0,,4,RAZES (RUE DES),0,,1,1,0,1,(1),(1),1,, -1,1,9,1,30,17,5,1,42,42095,2,6,0,6,Rue des Razes,45.3841491777,4.2858301159,16,2,1
202100028688,150Â 442,A01,1,1,1,1,2,6,-1,0,0,-1,2021,49.0,1,1,0,2,1,2,1,,4,VOIE GEORGES POMPIDOU,0,,1,3,0,2,(1),(1),1,, -1,1,0,1,30,16,7,1,75,75112,2,1,0,2,VOIE GEORGES POMPIDOU,48.845954,2.36619,13,2,2
202100029314,149Â 365,B01,1,1,1,5,2,6,-1,0,0,-1,2021,18.0,2,1,15,2,1,2,1,,7,,0,,1,4,3,1,(1),(1),1,, -1,1,0,1,50,12,7,1,6,6088,2,1,0,2,ANGLAIS (DU NÂ° 265 AU NÂ° 350),43.67852,7.22973,13,2,2
202100013564,177Â 474,A01,1,1,1,0,2,6,-1,-1, -1,-1,2021,50.0,2,1,0,0,0,26,1,,1,14,0,,-1,2,0,1,0,200,1,, -1,1,0,1,70,12,10,1,92,92062,1,1,0,6,A14,48.893157495,2.2336139391,9,1,1
202100034529,140Â 009,B01,1,1,1,0,2,6,-1,0,0,-1,2021,23.0,1,1,0,2,1,3,1,,7,6015,-1,D,2,3,0,1,6,100,1,, -1,1,0,1,70,15,6,1,76,76069,1,9,0,3,D6015,49.376614,1.125594,17,2,2