Num_Acc,id_vehicule,num_veh,place,catu,sexe,trajet,secu1,secu2,secu3,locp,actp,etatp,year_acc,victim_age,senc,catv,obs,obsm,choc,manv,motor,occutc,catr,voie,v1,v2,circ,nbv,vosp,prof,pr,pr1,plan,lartpc,larrout,surf,infra,situ,vma,jour,mois,lum,dep,com,agg_,int,atm,col,adr,lat,long,hour,nb_victim,nb_vehicules
202100044273,122Â 529,A01,1,1,1,1,1,0,-1,-1, -1,-1,2021,57.0,1,5,3,0,7,14,1,,3,RD 2060,0,,3,4,0,1,30,1200,1,, -1,1,0,2,110,12,4,1,45,45338,1,1,0,6,D 2060-PR 30 + 1200,47.98563,2.70048,20,1,1
202100046902,117Â 936,A01,1,1,1,2,2,0,-1,-1, -1,-1,2021,15.0,1,1,0,2,3,1,1,,4,MIRAMBEAU (ROUTE DE),0,,2,2,0,1,0,0,1,, -1,1,0,1,50,23,3,1,64,64024,2,3,0,3,MIRAMBEAU (ROUTE DE),43.4757,-1.51023,8,2,2
202100016681,171Â 812,A01,10,3,2,5,0,-1,-1,4,3,1,2021,60.0,1,2,0,1,1,1,2,,4,RUE DE LA CITE,0,,1,3,0,1,(1),(1),1,, -1,2,0,1,30,26,9,1,75,75104,2,2,1,6,RUE DE LA CITE,48.855667,2.348358,15,2,1
202100000124,201Â 533,B01,1,1,1,5,1,0,-1,-1, -1,-1,2021,31.0,1,2,0,2,1,1,1,,3,SAINTE BEUVE (Bld),0,,2,2,0,2,46,700,3,, -1,1,0,1,50,1,10,5,62,62160,2,1,0,1,SAINTE BEUVE (Bld),50.74003,1.595,23,3,2
202100016448,172Â 228,A01,10,3,2,3,0,-1,-1,4,3,1,2021,70.0,1,2,0,1,1,15,1,,3,,0,,-1,2,0,1,0,0,1,, -1,1,0,1,50,23,9,1,91,91174,2,2,0,6,RUE DE LA DAUPHINE,48.60076,2.47088,10,2,1
202100020878,164Â 330,A01,10,3,1,0,0,-1,-1,0,0,-1,2021,44.0,1,2,0,2,0,0,0,,3,JAURES (AV. JEAN) 76 A 116,0,,2,2,0,1,0,0,1,, -1,1,9,1,50,28,8,5,93,93057,2,9,0,6,76 Ã  116 Avenue Jean JaurÃ¨s,48.90483,2.50325,21,4,2
202100028246,151Â 205,A01,1,1,1,5,2,6,-1,0,0,-1,2021,24.0,2,1,0,2,1,17,1,,3,496,0,D,2,1,0,2,6,700,1,, -1,1,0,1,80,20,7,1,42,42328,1,1,0,1,Route du Mongenet,45.576051,3.98793,15,2,2
202100023127,160Â 275,B01,1,1,2,5,1,0,-1,-1, -1,-1,2021,27.0,1,2,0,2,7,1,1,,4,RODOCANACHI (BOULEVARD),0,,1,0,0,2,0,0,1,, -1,1,0,1,50,20,8,5,13,13208,2,3,0,3,RODOCANACHI (BOULEVARD),43.2745924918,5.3868125873,22,4,2
202100002882,196Â 617,A01,1,1,2,9,1,5,-1,-1, -1,-1,2021,61.0,3,2,0,0,9,13,1,,4,REYDELLET (ROUTE JULES),0,,2,2,0,2,0,0,3,, -1,1,9,1,50,12,12,1,974,97411,1,9,0,7,REYDELLET (ROUTE JULES),-20.93373,55.49234,17,1,1
202100037884,133Â 946,A01,1,1,1,5,2,6,-1,0,0,-1,2021,60.0,2,1,14,2,2,2,1,,3,559,-1,,2,2,0,1,62,900,1,, -1,1,0,1,80,29,5,1,83,83070,1,1,0,2,Avenue Paul Emile Duroux,43.149943,6.414616,15,2,2
202100016951,171Â 325,B01,1,1,1,5,2,6,-1,-1, -1,-1,2021,58.0,3,1,0,2,3,1,1,,4,BAINS ROMAINS (RUE DES),0,,2,2,0,1,1,0,1,, -1,1,0,1,50,20,9,1,30,30028,2,4,0,3,BAINS ROMAINS (RUE DES),44.16304,4.6111,17,2,2
202100002179,197Â 894,A01,1,1,1,0,8,-1,-1,0,0,-1,2021,35.0,2,2,13,0,2,0,1,,3,62,-1,,2,2,0,2,38,0,1,, -1,1,0,3,80,21,12,1,63,63381,1,1,0,6,RD62,45.846976,2.900458,16,1,1
202100036323,136Â 765,A01,1,1,2,1,1,-1,-1,0,0,-1,2021,55.0,1,2,0,2,3,1,1,,3,52,-1,D,2,2,0,1,27,635,1,, -1,1,0,1,90,6,6,1,72,72118,1,1,1,1,Le Gue Chartier,48.061339,0.557658,13,2,2
202100049928,112Â 495,B01,1,1,1,5,0,-1,-1,0,0,-1,2021,58.0,2,1,0,2,8,1,5,,3,D68,-1,,2,2,0,4,17,511,3,, -1,1,0,1,80,28,2,1,69,69267,1,4,0,3,D68,46.171325736,4.6855291148,15,3,2
202100033844,141Â 263,A01,10,3,1,1,0,-1,-1,3,3,1,2021,26.0,3,5,0,1,1,1,1,,4,BD DE THIBAUD,0,,2,4,2,1,(1),(1),1,, -1,1,0,1,50,17,6,1,31,31555,2,1,0,6,BD DE THIBAUD,43.54707,1.39882,8,2,1
202100049214,113Â 784,B01,1,1,2,0,2,6,-1,-1, -1,-1,2021,26.0,1,1,0,2,1,3,1,,2,ROUTE NATIONALE NÂ° 1,0,,1,2,0,1,(1),(1),1,, -1,1,0,1,90,4,3,1,974,97407,1,1,0,2,ROUTE NATIONALE NÂ° 1,-20.95311,55.31561,17,2,2
202100007540,188Â 268,A01,1,1,2,5,1,-1,-1,-1, -1,-1,2021,30.0,2,2,4,0,2,2,1,,1,ROCADE A 630,0,,2,4,0,1,0,8,2,, -1,1,3,1,70,18,11,5,33,33249,1,1,0,6,ROCADE A 630,44.8853,-0.5087,2,1,1
202100005998,191Â 077,B01,1,1,2,5,2,0,-1,0,0,-1,2021,21.0,1,1,0,2,1,2,3,,4,BOULEVARD DE ROCHECHOUART,0,,3,2,0,2,(1),(1),1,, -1,2,0,1,30,26,11,5,75,75109,2,2,1,2,BOULEVARD DE ROCHECHOUART,48.88361,2.349518,4,3,2
202100006932,189Â 376,A01,10,3,1,3,0,-1,-1,5,3,1,2021,89.0,2,2,0,1,1,26,1,,4,JUVENAL MAX (AV),0,,-1,1,0,1,0,0,1,, -1,2,9,8,10,21,11,1,13,13001,2,9,1,3,JUVENAL MAX (AV),43.52506,5.43809,10,2,1
202100022683,161Â 068,B01,1,1,2,5,1,0,-1,-1, -1,-1,2021,35.0,2,2,0,2,9,1,1,,1,A86 INT,0,,3,6,0,1,39,99,1,, -1,1,0,1,90,25,8,1,94,94028,1,1,0,4,A86 INT,48.79146,2.44096,13,3,3
202100017584,170Â 193,A01,1,1,1,4,1,-1,-1,0,0,-1,2021,37.0,1,4,12,0,8,2,1,,3,,0,,3,2,0,1,19,800,3,,7,1,0,1,70,21,9,1,27,27022,1,6,0,7,Route Departementale 6015 PR 19+800,49.167591,1.301236,13,1,1
202100021150,163Â 856,A01,1,1,2,5,1,-1,-1,0,0,-1,2021,25.0,1,2,13,0,1,1,1,,3,15,0,D,1,2,0,1,4,200,1,, -1,1,0,8,80,4,9,3,64,64274,1,1,0,7,D15,43.175934,-1.294661,0,1,1
202100035031,139Â 077,A01,10,3,2,5,0,-1,-1,3,3,1,2021,15.0,2,2,0,2,1,1,2,,4,SIDI BRAHIM (SQUARE),0,,2,2,0,1,0,0,1,, -1,1,0,1,30,11,6,1,13,13205,2,1,0,3,SIDI BRAHIM (SQUARE),43.29732,5.4001,11,2,1
202100019052,167Â 586,A01,1,1,1,4,1,-1,-1,0,0,-1,2021,48.0,2,5,1,0,1,3,1,,3,785,0,,3,4,0,1,(1),(1),1,, -1,1,0,1,110,15,9,1,29,29216,1,1,0,6,D785 - Ti Lipig,47.956146,-4.17142,17,2,2
202100008708,186Â 170,A01,1,1,1,0,2,0,-1,-1, -1,-1,2021,34.0,2,1,0,2,1,1,1,,4,SALIE,0,,2,2,1,1,0,0,1,, -1,1,0,1,50,8,11,1,64,64348,2,3,0,2,SALIE,43.335526123,-0.3808093071,16,2,2
202100003961,194Â 667,A01,10,3,2,0,0,-1,-1,3,1,2,2021,4.0,1,1,0,1,0,1,1,,4,RABAN (ROUTE DE),0,,2,2,3,1,(1),(1),1,, -1,1,0,1,50,7,12,1,973,97302,2,1,0,6,RABAN (ROUTE DE),4.9280499284,-52.3138175905,16,2,1
202100052573,107Â 751,A01,1,1,1,9,8,0,-1,0,0,-1,2021,58.0,2,1,0,2,2,1,1,,4,AVENUE DE MARIGNY,0,,2,4,3,1,(1),(1),1,, -1,1,0,1,30,4,2,1,75,75108,2,1,0,2,AVENUE DE MARIGNY,48.870063,2.315499,10,3,2
202100045583,120Â 251,B01,1,1,2,1,1,0,-1,0,0,-1,2021,57.0,1,2,0,2,4,1,1,,4,BRIGACHTAL (AVENUE DE),0,,2,2,0,1,(1),(1),1,, -1,1,0,1,70,31,3,1,54,54184,2,1,0,4,BRIGACHTAL (AVENUE DE),48.70757,6.24126,17,5,3
202100012563,179Â 259,B01,2,2,2,2,1,-1,-1,0,0,-1,2021,19.0,1,2,3,2,3,14,3,,2,11,0,,1,2,0,1,(1),(1),3,,7,1,3,1,110,19,10,1,202,202042,1,4,0,5,RT 11,42.571761,9.441075,7,4,3
202100040892,128Â 534,A01,10,3,1,3,0,-1,-1,3,3,1,2021,77.0,2,2,0,1,1,1,1,,3,TARARE (route de),0,,2,2,0,1,2,396,1,, -1,2,0,1,50,7,5,1,69,69092,1,1,1,6,TARARE (DE) (RTE),45.9809990383,4.6936297417,9,3,1
202100030014,148Â 143,A01,1,1,1,4,2,0,-1,0,0,-1,2021,28.0,1,1,0,2,1,5,1,,4,RUE DE SEVRES,0,,2,4,3,1,(1),(1),1,, -1,1,0,6,50,7,7,5,75,75115,2,3,0,3,RUE DE SEVRES,48.846423,2.315357,22,2,2
202100042950,124Â 897,A01,1,1,2,0,1,5,-1,0,0,-1,2021,74.0,2,2,2,0,1,1,1,,3,526,0,D,2,2,0,2,24,500,1,, -1,1,0,8,80,23,4,1,38,38403,1,1,0,6,Rd 526,44.865862,5.7781,14,1,1
202100005783,191Â 458,B01,1,1,1,1,2,6,-1,-1, -1,-1,2021,45.0,1,1,0,0,3,3,1,,1,,0,,-1,3,0,1,1,0,1,, -1,2,1,1,90,28,11,3,94,94073,1,1,0,3,A86 EXT,48.772,2.39613,19,2,2
202100033717,141Â 495,A01,1,1,1,5,2,6,9,0,0,-1,2021,25.0,2,1,2,0,2,1,1,,3,518,-1,,2,2,0,2,39,929,1,, -1,1,0,3,80,19,6,1,26,26069,1,1,0,6,D518,44.824853,5.384519,17,1,1
202100037226,135Â 141,B01,1,1,1,0,8,0,-1,-1, -1,-1,2021,29.0,1,1,1,0,1,1,0,,4,14 JUILLET AVENUE DU,0,,2,2,0,1,(1),(1),1,, -1,1,0,1,50,31,5,1,59,59648,2,1,0,3,14 JUILLET AVENUE DU,50.5855733182,3.046063541,11,2,2
202100052525,107Â 834,B01,1,1,2,0,4,-1,-1,-1, -1,-1,2021,34.0,2,1,0,2,1,1,6,,4,JACQUES BUJAULT (AVENUE),0,,1,4,3,2,(1),(1),1,, -1,1,0,1,30,4,2,1,79,79191,2,3,0,3,9 Avenue Jacques Bujault,46.322276,-0.45928,16,2,2
202100021270,163Â 636,A01,10,3,1,5,0,-1,-1,2,3,1,2021,3.0,2,3,0,1,1,1,1,1.0,4,JOLY (BOULEVARD ANTHONY),0,,1,2,0,2,(1),(1),1,, -1,1,0,1,50,2,9,1,15,15014,2,1,0,6,JOLY (BOULEVARD ANTHONY),44.927913,2.43288,17,2,1
202100001056,199Â 873,A01,10,3,1,9,0,-1,-1,2,3,1,2021,37.0,2,5,0,1,7,1,1,,4,BOULEVARD DAVOUT,0,,2,3,0,1,(1),(1),1,, -1,1,0,1,30,28,12,5,75,75120,2,3,0,6,BOULEVARD DAVOUT,48.847929,2.411328,17,2,1
202100011871,180Â 501,A01,1,1,1,0,1,0,-1,-1, -1,-1,2021,20.0,3,2,9,0,1,16,1,,3,,-1,,2,2,-1,1,0,1,1,, -1,2,1,4,50,21,10,5,93,93079,2,3,1,6,UNIVERSITE,48.95966,2.34261,20,2,1
202100026840,153Â 743,A01,1,1,1,5,1,0,-1,0,0,-1,2021,73.0,1,2,9,0,1,26,1,,4,GRAND CHENE (CHEMIN DU),0,,2,2,0,2,(1),(1),2,, -1,1,0,8,50,27,7,1,6,6069,2,1,0,6,GRAND CHENE (CHEMIN DU),43.63725,6.92405,11,1,1
202100039242,131Â 467,B01,1,1,1,0,1,0,-1,-1, -1,-1,2021,57.0,2,2,0,2,8,2,1,,1,AUTOROUTE A3,0,,3,10,0,1,6,699,1,, -1,2,0,1,70,19,5,1,93,93053,1,1,1,5,AUTOROUTE A3,48.89503,2.47133,6,3,3
202100003983,194Â 631,B01,1,1,1,0,2,0,-1,-1, -1,-1,2021,7.0,3,1,0,2,0,0,0,,4,HUSSON (BOULEVARD),0,,2,2,0,1,0,0,1,, -1,1,0,1,50,8,12,1,91,91687,2,6,0,3,HUSSON (BOULEVARD),48.675429,2.378016,11,2,2
202100025215,156Â 592,A01,1,1,1,3,1,5,-1,0,0,-1,2021,79.0,1,2,2,0,1,1,1,,3,114,-1,,2,2,0,1,(1),(1),4,, -1,1,0,1,50,7,8,1,971,97117,2,1,0,7,D114,16.327872,-61.352978,12,2,1
202100001574,198Â 998,A01,10,3,1,5,0,-1,-1,1,3,1,2021,88.0,3,3,0,1,4,4,1,1.0,6,FRANCFORT                           (PL),0,,-1,0,3,1,(1),(1),1,, -1,1,9,6,10,22,12,5,69,69383,2,1,0,6,MAURICE FLANDIN (R),45.76059,4.86262,20,2,1
202100045061,121Â 184,A01,1,1,1,5,2,-1,-1,0,0,-1,2021,18.0,1,1,12,0,1,1,1,,3,26,-1,,2,2,0,1,(1),(1),3,, -1,1,0,4,50,4,4,1,68,68060,2,1,0,6,34 Rue Principale,47.731639,7.147775,19,1,1
202100039531,130Â 936,B01,2,2,1,4,1,-1,-1,0,0,-1,2021,23.0,3,2,0,2,1,1,1,,4,,-1,,2,2,0,1,(1),(1),1,, -1,2,0,1,50,14,5,1,89,89257,2,1,0,1,18 Rue Jean Mermoz,47.964554,3.524981,20,3,2
202100050308,111Â 776,A01,1,1,1,3,1,0,-1,-1, -1,-1,2021,23.0,0,2,1,0,1,1,1,,4,RUE DE JARCY,0,,2,0,0,1,0,100,1,, -1,1,0,1,30,24,2,1,91,91514,2,1,0,6,RUE DE JARCY,48.67452,2.53114,13,2,1
202100009410,184Â 882,B01,1,1,1,4,2,6,-1,-1,0,-1,2021,25.0,3,1,0,2,1,1,1,,4,VILLEBOIS MAREUIL (RUE),0,,2,1,0,1,(1),(1),1,, -1,1,0,1,50,28,10,1,95,95427,2,3,1,3,VILLEBOIS MAREUIL (RUE),48.96219,2.33024,10,2,2
202100044910,121Â 449,B01,9,2,2,0,8,-1,-1,-1, -1,-1,2021,55.0,1,3,0,2,3,1,1,3.0,4,JEAN MARIE VIANNEY              CH,0,,2,5,0,2,(1),(1),1,, -1,1,0,1,50,6,4,1,69,69081,2,1,0,3,JEAN MARIE VIANNEY (CHM),45.78933,4.77949,17,4,2
202100005338,192Â 249,A01,1,1,1,1,1,0,-1,-1, -1,-1,2021,41.0,1,2,0,2,2,13,1,,2,R-N 57.,0,,2,2,0,1,66,550,2,, -1,2,0,1,80,29,11,3,25,25634,1,1,0,1,R-N 57.,46.934134,6.342824,18,2,2
202100002392,197Â 503,E01,1,1,1,0,1,8,-1,-1, -1,-1,2021,30.0,1,2,0,2,4,2,1,,4,CALVAIRE (PLACE DU),0,,3,4,1,1,0,0,1,, -1,1,0,1,50,16,12,5,67,67218,2,1,0,4,CALVAIRE (PLACE DU),48.53866,7.73366,18,7,6
202100005315,192Â 289,B01,1,1,1,0,1,0,-1,-1, -1,-1,2021,42.0,0,2,0,2,5,1,1,,4,LECLERC (AVENUE DU GENERAL),0,,3,4,3,1,(1),(1),1,, -1,1,0,1,30,1,12,5,35,35238,2,1,0,2,LECLERC (AVENUE DU GENERAL),48.11405,-1.6347,19,2,2
202100020537,164Â 929,B01,2,2,2,5,1,-1,-1,-1, -1,-1,2021,19.0,1,2,0,2,4,1,0,,3,D259,0,,2,2,0,2,3,678,2,, -1,1,0,1,80,6,9,1,33,33529,1,1,0,2,D259,44.5995,-1.1872,9,4,2
202100039017,131Â 899,A01,9,2,1,5,1,-1,-1,0,0,-1,2021,20.0,1,2,2,0,4,1,1,,3,61,0,R,2,2,0,1,36,76,1,, -1,1,0,3,50,22,5,2,44,44164,2,1,0,6,19 Les Moricets,47.10092,-1.857295,5,3,1
202100011382,181Â 377,B01,1,1,1,0,1,0,-1,-1, -1,-1,2021,79.0,1,2,0,2,3,19,1,,7,RUE DES ALLIÃS,0,,3,4,2,1,0,0,1,, -1,1,0,5,50,23,10,1,38,38185,2,1,0,1,RUE DES ALLIÃS,45.16909,5.73162,16,2,2
202100020267,165Â 408,B01,1,1,1,4,8,0,-1,0,0,-1,2021,18.0,0,1,0,2,4,19,5,,4,ROTONDE (RUE DE LA),0,,1,2,0,1,(1),(1),1,, -1,1,0,1,50,4,9,5,63,63113,2,2,0,3,ROTONDE / Blatin,45.76944,3.09097,21,2,2
202100056153,101Â 511,A01,10,3,1,5,0,-1,-1,1,5,1,2021,8.0,2,2,0,1,1,1,1,,4,MARTINE(RUE ACHILLE),0,,1,1,0,2,(1),(1),1,, -1,1,0,1,50,4,1,5,56,56260,2,1,0,6,MARTINE (RUE ACHILLE),47.66861521,-2.74705678,18,2,1
202100042802,125Â 151,A01,10,3,1,9,8,8,-1,9,3,1,2021,53.0,3,1,0,1,7,0,0,,4,WAGNER (AVENUE RICHARD),0,,2,1,0,1,0,0,1,, -1,1,0,1,30,23,4,3,974,97411,2,9,0,3,WAGNER (AVENUE RICHARD),-20.8978,55.4838,19,2,1
202100000121,201Â 538,A01,1,1,2,5,2,6,-1,-1, -1,-1,2021,19.0,1,1,0,2,1,1,1,,4,PARIS (AVENUE DE),0,,2,2,0,1,(1),(1),1,, -1,1,0,1,50,30,11,5,19,19031,2,1,0,2,PARIS (AVENUE DE),45.164111,1.53233,18,2,2
202100035071,139Â 008,B01,1,1,1,9,2,0,-1,0,0,-1,2021,24.0,1,1,0,2,0,1,3,,4,RUE BEAUBOURG,0,,1,2,3,1,(1),(1),1,, -1,1,0,1,30,11,6,2,75,75103,2,3,0,3,RUE BEAUBOURG,48.864797,2.35544,21,2,2
202100040887,128Â 541,B01,1,1,1,0,1,-1,-1,0,0,-1,2021,56.0,0,2,0,2,3,15,1,,4,GUTENBERG (RUE),0,,-1,2,0,1,(1),(1),1,, -1,1,0,1,50,5,5,1,80,80021,2,1,0,3,GUTENBERG (RUE),49.9175877863,2.2735422994,17,2,2
202100034488,140Â 079,B01,1,1,1,5,2,6,9,0,0,-1,2021,63.0,1,1,0,2,1,1,1,,3,2,-1,,1,2,0,3,13,300,1,, -1,1,5,1,80,13,6,1,29,29214,1,3,0,2,Lieu Dit Jarnellou,47.941963,-4.343644,16,2,2
202100035122,138Â 924,A01,2,2,2,5,1,-1,-1,0,0,-1,2021,24.0,3,2,0,2,3,1,1,,4,,0,,2,2,0,1,(1),(1),1,,4,1,0,1,80,11,6,1,41,41164,1,5,0,1,Rue des Martinieres,47.269198,1.440636,10,4,2
202100042053,126Â 457,A01,1,1,1,4,2,6,-1,-1, -1,-1,2021,31.0,1,1,12,0,1,13,1,,4,BOULEVARD MALESHERBES,0,,1,1,0,1,(1),(1),1,, -1,1,0,1,50,29,4,2,75,75117,2,7,0,6,BOULEVARD MALESHERBES,48.883423,2.309441,19,1,1
202100020765,164Â 521,A01,1,1,1,5,2,6,-1,0,0,-1,2021,16.0,1,1,2,0,1,1,1,,3,802,0,,2,2,0,1,1,300,1,, -1,1,0,3,80,4,9,1,46,46204,1,1,1,6,D802,44.689594,1.599669,17,1,1
202100036243,136Â 901,A01,1,1,1,5,1,8,-1,-1, -1,-1,2021,83.0,3,2,0,2,1,13,1,,4,CLOUSEAUX (RUE DES),0,,2,2,0,2,(1),(1),1,, -1,1,0,1,50,5,6,1,41,41212,2,1,0,5,CLOUSEAUX (RUE DES),47.56781,1.37017,14,5,3
202100022290,161Â 790,B01,1,1,2,0,1,0,-1,0,0,-1,2021,54.0,3,2,0,2,4,1,1,,7,PLAGE BOULEVARD DE LA,0,,3,2,0,1,(1),(1),1,, -1,1,0,1,50,26,8,1,6,6027,2,1,0,2,PLAGE BOULEVARD DE LA,43.653152,7.155562,16,2,2
202100015196,174Â 546,B01,1,1,1,2,2,-1,-1,-1, -1,-1,2021,19.0,1,1,0,2,1,3,1,,1,ROCADE A 630,0,,3,6,0,1,26,300,1,, -1,1,0,1,90,5,10,1,33,33192,1,1,0,5,Rocade Sud Ouest A630 -E16-,44.79016,-0.6089,18,3,3
202100024352,158Â 150,A01,1,1,2,5,1,-1,-1,0,0,-1,2021,80.0,1,2,8,0,3,19,1,,3,316,0,D,2,2,0,1,19,400,1,, -1,1,0,3,80,12,8,1,95,95149,1,1,0,6,RD 316,49.131394,2.433128,12,1,1
202100042419,125Â 800,A01,2,2,1,0,1,4,-1,-1, -1,-1,2021,33.0,2,2,0,2,5,26,1,,1,AUTOROUTE A1,0,,3,5,0,3,11,220,2,, -1,1,0,1,50,27,4,1,93,93007,1,1,0,2,AUTOROUTE A1,48.9525374721,2.4532546525,12,3,2
202100003371,195Â 734,A01,1,1,2,9,8,-1,-1,0,0,-1,2021,43.0,2,2,15,0,2,13,1,,3,906,-1,,2,2,1,1,31,410,3,, -1,2,0,1,80,13,12,1,78,78030,1,1,0,1,D906,48.658045,1.90218,10,2,2
202100040716,128Â 833,A01,1,1,1,5,2,-1,-1,-1,0,-1,2021,57.0,1,1,13,0,9,14,1,,2,RN 104,0,,3,4,0,2,24,650,3,, -1,1,0,1,70,9,5,3,95,95212,1,1,0,6,RN 104,49.0288268648,2.5284433365,2,1,1
202100045588,120Â 243,A01,10,3,1,0,0,-1,-1,3,3,1,2021,23.0,3,2,0,1,3,1,1,,4,DOUFFIAGUES (AVENUE JACQUES),0,,2,2,0,1,(1),(1),1,, -1,1,0,1,50,31,3,1,45,45286,2,2,0,6,Avenue Jacques Douffiagues,47.88935,1.92971,14,3,1
202100052443,107Â 971,A01,1,1,1,5,2,0,-1,0,0,-1,2021,28.0,1,1,0,0,8,1,1,,3,ROUTE NATIONALE 175,0,,1,2,0,1,1,0,1,, -1,2,5,1,80,5,2,1,14,14221,2,6,1,7,ROUTE NATIONALE 175,49.17336,-0.26565,9,1,1
202100041229,127Â 907,A01,1,1,1,0,1,0,-1,-1, -1,-1,2021,42.0,1,5,3,0,1,1,1,,2,N118,0,,3,4,0,1,5,800,1,, -1,2,0,8,110,6,5,1,78,78640,1,1,0,6,N118,48.778848,2.222411,15,1,1
202100008715,186Â 157,B01,1,1,1,9,1,0,-1,-1, -1,-1,2021,35.0,3,2,0,2,8,19,1,,4,JAURES JEAN AVENUE,0,,2,4,2,2,(1),(1),1,, -1,1,0,1,50,8,11,5,59,59507,2,1,0,3,JAURES JEAN AVENUE,50.59895,3.081,20,2,2
202100008586,186Â 385,A01,1,1,1,1,2,6,-1,-1, -1,-1,2021,26.0,1,1,0,2,3,3,1,,2,RN104,0,,3,2,0,1,0,600,1,, -1,1,0,1,90,10,11,1,77,77169,1,1,0,3,RN104,48.8246280227,2.6155684851,16,2,2
202100021041,164Â 049,A01,1,1,1,0,2,0,-1,0,0,-1,2021,42.0,1,1,0,9,1,5,3,,4,MOLITOR (RUE),0,,1,2,2,3,(1),(1),1,, -1,1,-1,1,50,3,9,1,54,54395,2,1,0,3,MOLITOR (RUE),48.6859980951,6.1974511296,14,2,2
202100023654,159Â 343,A01,2,2,1,5,1,-1,-1,0,0,-1,2021,20.0,2,2,0,0,1,19,1,,3,48,-1,,2,2,0,2,(1),(1),3,, -1,1,0,8,70,18,8,1,974,97421,1,1,0,7,Plateau Wickers,-21.015206,55.556633,17,2,1
202100006775,189Â 677,B01,1,1,2,1,1,-1,-1,0,0,-1,2021,54.0,2,2,0,2,4,1,1,,1,13,-1,,1,5,0,1,163,600,2,, -1,1,0,1,130,24,11,1,27,27258,1,1,1,4,A13,49.336784,0.413243,8,6,4
202100055484,102Â 676,A01,1,1,2,0,2,0,-1,-1, -1,-1,2021,43.0,1,1,0,2,1,1,5,,4,,0,,2,2,1,2,0,0,1,, -1,1,0,1,50,11,1,5,44,44162,2,1,0,6,RUE DE SAINT NAZAIRE,47.211556,-1.615345,18,2,2
202100000726,200Â 412,A01,10,3,1,0,0,-1,-1,4,3,1,2021,32.0,2,2,0,1,1,1,1,,7,BELGES. BOULEVARD DES,0,,1,2,0,1,22,600,3,, -1,2,0,1,50,29,12,5,76,76540,2,2,1,6,BELGES. BOULEVARD DES,49.44584,1.08635,19,2,1
202100038489,132Â 844,B01,1,1,2,0,1,0,-1,0,0,-1,2021,42.0,1,2,0,2,4,2,1,,1,Autoroute A 33,0,,3,4,0,1,10,899,1,, -1,1,0,1,110,20,5,1,54,54197,1,1,0,2,Autoroute A 33,48.62396,6.18661,9,2,2
202100029712,148Â 686,A01,10,3,1,5,0,-1,-1,2,5,2,2021,15.0,3,2,0,9,6,1,0,,4,00,-1,,1,1,0,1,(1),(1),1,, -1,1,0,1,50,11,7,1,79,79049,2,3,0,7,65 Rue de la Grange,46.837669,-0.483974,17,2,1
202100016469,172Â 189,B01,1,1,1,5,1,0,-1,-1, -1,-1,2021,68.0,1,2,0,2,4,1,1,,4,POINCARE (BOULEVARD HENRI),0,,2,2,0,2,(1),(1),1,, -1,1,0,1,50,23,9,1,66,66136,2,1,0,4,POINCARE (BOULEVARD HENRI),42.6913,2.89664,8,3,3
202100050455,111Â 514,B01,1,1,2,0,2,8,-1,-1, -1,-1,2021,48.0,3,1,0,2,8,1,5,,4,ROND-POINT DE LA CITE JEAN LE MAUX,0,,1,2,0,1,(1),(1),1,, -1,1,5,5,30,22,2,1,56,56121,2,6,0,3,ROND-POINT DE LA CITE JEAN LE MAUX,47.75715,-3.38772,17,2,2
202100048521,115Â 028,C01,1,1,1,4,1,0,-1,-1, -1,-1,2021,33.0,1,2,0,2,4,23,1,,4,ESTIENNE D'ORVES (BD D'),0,,3,4,0,1,0,0,1,, -1,1,0,1,70,9,3,1,72,72181,2,1,0,5,ESTIENNE D'ORVES (BD D'),47.97957,0.19398,18,3,3
202100037802,134Â 088,A01,1,1,1,0,2,6,-1,0,0,-1,2021,18.0,3,1,0,2,1,17,1,,4,DE GAULLE (AVENUE),0,,2,2,0,2,0,0,1,, -1,1,0,1,50,28,5,1,30,30243,2,1,0,6,DE GAULLE (AVENUE),44.09065,4.0786,10,2,2
202100025865,155Â 453,A01,10,3,2,3,0,-1,-1,0,3,1,2021,75.0,1,3,0,1,3,1,0,,3,10,-1,,2,2,0,1,2,750,1,, -1,1,4,8,-1,10,3,1,38,38547,2,8,0,6,Avenue Robert Huant,45.26286,5.90198,15,2,1
202100046679,118Â 334,A01,1,1,1,9,0,-1,-1,0,0,-1,2021,71.0,3,2,0,0,8,23,1,,4,,-1,,2,2,0,2,(1),(1),3,, -1,2,0,8,50,26,3,1,76,76159,1,1,1,7,Route de Calvaille,49.7833837276,0.6481970846,16,1,1
202100013326,177Â 926,A01,1,1,1,1,1,0,-1,-1, -1,-1,2021,51.0,1,4,1,0,5,23,1,,3,GENERAL DE GAULLE (AV DU),0,,4,3,0,1,0,0,2,, -1,1,0,1,50,14,10,1,94,94017,2,6,0,4,Avenue du GÃ©nÃ©ral de Gaulle,48.82701,2.51037,13,3,3
202100006896,189Â 443,A01,1,1,1,5,1,-1,-1,-1,0,-1,2021,57.0,2,2,3,0,1,26,1,,2,RN 184,0,,-1,2,0,1,2,700,1,, -1,2,3,1,70,21,11,3,95,95572,1,1,1,6,RN 184,49.03247,2.10788,23,1,1
202100027595,152Â 399,B01,2,1,1,5,2,0,-1,-1, -1,-1,2021,21.0,2,1,0,2,1,1,1,,4,,0,,4,3,0,4,0,0,1,, -1,1,0,1,50,22,7,1,92,92060,2,3,0,3,PAUL RIVET (RUE) COTE PAIR,48.7839390426,2.2588062286,13,2,2