Num_Acc,id_vehicule,num_veh,place,catu,sexe,trajet,secu1,secu2,secu3,locp,actp,etatp,year_acc,victim_age,senc,catv,obs,obsm,choc,manv,motor,occutc,catr,voie,v1,v2,circ,nbv,vosp,prof,pr,pr1,plan,lartpc,larrout,surf,infra,situ,vma,jour,mois,lum,dep,com,agg_,int,atm,col,adr,lat,long,hour,nb_victim,nb_vehicules
202100035103,138Â 955,C01,1,1,2,1,2,-1,-1,0,0,-1,2021,27.0,2,1,0,2,9,21,1,,3,4,0,,2,2,0,1,(1),(1),1,, -1,1,0,1,70,11,6,1,38,38378,1,1,0,5,D4,45.424987,4.771863,8,3,3
202100021089,163Â 959,A01,1,1,1,2,2,6,-1,0,0,-1,2021,50.0,3,1,0,2,1,1,1,,4,ROUTE DU POINT DU JOUR A BAGATELLE,0,,1,1,0,1,(1),(1),1,, -1,1,0,1,50,3,9,1,75,75116,2,3,0,3,ROUTE DU POINT DU JOUR A BAGATELLE,48.867085,2.24927,18,3,2
202100019639,166Â 538,A01,1,1,2,9,8,-1,-1,0,0,-1,2021,29.0,0,1,0,2,3,19,3,,4,ALBERT 1ER (MAIL),0,,2,8,0,2,(1),(1),1,, -1,1,0,1,50,7,9,1,80,80021,2,2,0,1,ALBERT 1ER (MAIL),49.88883,2.29497,13,2,2
202100019053,167Â 583,A01,1,1,1,5,2,6,9,0,0,-1,2021,60.0,2,1,0,2,1,13,1,,3,16,0,,2,2,0,2,10,30,3,, -1,1,0,1,80,14,9,1,38,38458,1,9,0,1,route du village,45.634296,5.478466,17,2,2
202100028326,151Â 063,B01,1,1,1,5,1,0,-1,-1, -1,-1,2021,31.0,2,2,0,2,3,1,1,,3,GABRIEL PERI (R),0,,2,2,0,1,1,0,1,, -1,1,0,1,50,18,7,1,94,94016,2,4,0,1,Rue Gabriel PÃ©ri,48.7917,2.3437,17,2,2
202100054490,104Â 367,A01,8,2,2,9,8,0,-1,-1, -1,-1,2021,35.0,2,3,0,2,2,2,1,5.0,3,BRIAND AVENUE ARISTIDE NÂ°1 A 129,0,,3,4,1,1,0,1,1,, -1,2,5,1,50,19,1,5,92,92049,2,2,1,2,BRIAND AVENUE ARISTIDE NÂ°1 A 129,48.8121,2.32636,7,6,2
202100021039,164Â 053,B01,4,2,1,5,1,8,-1,-1, -1,-1,2021,16.0,3,2,0,2,1,1,1,,6,PRE L'EVEQUE ( ALLEE DU ),0,,-1,0,0,1,0,0,1,, -1,1,9,8,30,2,9,3,55,55545,1,1,0,1,PRE L'EVEQUE ( ALLEE DU ),49.15491,5.37949,1,6,2
202100050283,111Â 834,A01,1,1,2,9,1,-1,-1,0,0,-1,2021,28.0,1,2,0,2,1,1,1,,7,945,0,,3,1,0,1,(1),(1),1,, -1,1,0,1,70,24,2,1,59,59252,1,3,0,3,D945,50.719629,2.939226,16,2,2
202100016577,172Â 001,A01,1,1,1,5,2,6,-1,0,0,-1,2021,17.0,1,1,0,0,7,1,1,,4,785,-1,,2,2,1,1,91,950,1,, -1,1,-1,1,30,27,9,5,29,29171,2,1,0,7,D785 - Route de Pont lâAbbÃ©,47.843975,-4.278874,21,1,1
202100005499,191Â 962,B01,8,2,2,1,8,0,-1,0,0,-1,2021,21.0,2,3,0,2,1,1,1,2.0,4,RENOUX (PLACE),0,,2,4,0,1,(1),(1),1,, -1,1,0,1,50,27,11,1,63,63113,2,2,0,3,RENOUX (PLACE),45.77578,3.08547,10,3,2
202100046747,118Â 212,A01,6,2,1,4,1,-1,-1,-1, -1,-1,2021,22.0,1,5,8,0,1,1,1,,7,JEAN JAURES                         (AV),0,,3,2,0,1,3,300,1,, -1,1,4,6,50,24,3,5,69,69275,2,8,0,6,JEAN JAURES (AV),45.7699851862,4.9527901411,23,3,1
202100045782,119Â 916,B01,1,1,1,5,2,6,-1,0,0,-1,2021,20.0,1,1,0,0,0,1,1,,2,MOUTIERS (GIRATOIRE DES),0,,2,2,0,1,48,95,1,, -1,1,5,1,50,28,3,1,12,12202,2,6,0,7,MOUTIERS (GIRATOIRE DES),44.36387,2.57478,17,2,2
202100050146,112Â 086,B01,1,1,1,4,2,6,-1,-1, -1,-1,2021,39.0,1,1,0,2,1,1,1,,4,VIENNE (DE)                         (RO),0,,2,2,0,1,(1),(1),1,, -1,1,0,1,50,25,2,5,69,69388,2,3,0,1,VIENNE (DE) (RTE),45.73731,4.85255,21,2,2
202100041980,126Â 584,B01,1,1,2,2,1,-1,-1,0,0,-1,2021,35.0,3,2,0,0,4,1,1,,4,,-1,,-1,2,0,1,(1),(1),1,, -1,2,0,1,-1,30,4,1,1,1032,1,2,1,2,Route de Chanes,45.853031,5.143452,16,4,2
202100035428,138Â 390,B01,1,1,1,1,2,8,-1,-1, -1,-1,2021,37.0,1,1,0,2,2,1,1,,1,A13,0,,1,4,0,1,11,699,1,, -1,1,2,1,110,10,6,1,78,78524,1,1,0,3,A13,48.840877,2.110664,18,2,2
202100021956,162Â 382,A01,1,1,1,1,2,6,-1,0,0,-1,2021,21.0,1,1,8,0,1,9,1,,4,RUE DES HALLES,0,,2,2,0,1,(1),(1),1,, -1,1,1,1,50,29,8,5,75,75101,2,4,0,6,RUE DES HALLES,48.86015,2.346478,4,1,1
202100014531,175Â 733,B01,1,1,1,1,2,6,-1,-1, -1,-1,2021,43.0,2,1,0,2,2,3,1,,1,86,0,,3,2,0,1,4,199,1,, -1,1,0,1,90,8,10,4,92,92025,1,1,0,3,A86,48.9286506492,2.2394569664,6,2,2
202100047082,117Â 611,B01,1,1,2,4,1,-1,-1,0,0,-1,2021,33.0,2,2,0,2,3,11,1,,3,6113,0,,2,2,0,1,23,10,2,, -1,1,5,1,80,22,3,1,30,30047,1,6,1,3,D6113,43.8035,4.4058,12,2,2
202100018839,167Â 970,B01,1,1,1,0,1,-1,-1,0,0,-1,2021,47.0,2,2,0,2,1,2,1,,3,162,0,D,2,2,0,1,1,723,1,,"6,5",1,0,1,80,16,9,1,79,79014,1,2,0,3,,47.050132,-0.241753,10,3,2
202100021790,162Â 675,B01,1,1,1,5,2,-1,-1,0, -1,-1,2021,24.0,1,1,0,2,1,17,1,,4,GUILERS (DE 1 A 37 ET 2 A 30),0,,2,2,0,2,(1),(1),1,, -1,1,0,1,30,29,8,1,29,29019,2,1,0,3,14 Rue de Guilers,48.3854116727,-4.5071469599,14,2,2
202100010142,183Â 570,A01,1,1,1,0,8,0,-1,-1, -1,-1,2021,29.0,1,1,0,0,3,14,1,,4,TAMAMES (AVENUE DE),0,,2,2,0,2,0,0,1,, -1,2,0,1,50,30,10,5,64,64122,2,1,0,7,TAMAMES (AVENUE DE),43.47802,-1.54068,4,1,1
202100051169,110Â 211,B01,1,1,2,0,1,0,-1,-1, -1,-1,2021,50.0,1,2,0,2,7,1,1,,2,PORTE DE BREQUIGNY,0,,3,4,0,1,10,79,1,, -1,1,0,1,90,17,2,1,35,35206,1,1,0,3,PORTE DE BREQUIGNY,48.07934,-1.6882,7,2,2
202100025707,155Â 734,B01,1,1,2,0,1,-1,-1,-1, -1,-1,2021,22.0,1,2,0,2,1,1,1,,4,,0,,2,2,0,1,(1),(1),1,, -1,1,0,1,30,26,7,1,69,69387,2,3,0,3,TONY GARNIER                        (AV),45.7299,4.82395,18,2,2
202100028544,150Â 698,A01,1,1,1,5,2,-1,-1,0,0,-1,2021,34.0,1,1,1,0,3,26,1,,3,0,-1,,2,2,0,1,24,680,1,, -1,1,0,1,50,17,7,1,26,26357,2,1,0,3,15 Place du Cours,44.285912,4.929589,19,3,2
202100025198,156Â 622,B01,2,2,1,5,1,-1,-1,0,0,-1,2021,58.0,2,2,0,2,2,1,1,,3,5,-1,,2,2,0,1,20,500,2,, -1,2,0,1,80,8,8,1,50,50428,1,1,1,1,La BelletiÃ¨re,48.678451,-1.095371,15,3,2
202100036113,137Â 130,B01,2,2,1,9,2,6,-1,-1, -1,-1,2021,58.0,2,1,0,2,2,1,1,,3,908,0,,2,2,0,1,0,0,1,, -1,1,9,1,50,6,6,1,92,92026,2,1,0,3,VERDUN (DE 62 A FIN),48.9042853895,2.2569863498,12,3,2
202100018012,169Â 434,C01,4,2,1,5,3,0,-1,0,0,-1,2021,0.0,1,2,0,2,5,2,1,,4,PORTE DE BAGNOLET,0,,1,4,0,1,29,400,1,, -1,1,0,1,70,19,9,2,75,75120,2,1,0,4,BD PERIPHERIQUE INTERIEUR,48.868742,2.413252,18,6,4
202100014939,175Â 010,A01,1,1,1,1,0,-1,-1,0,0,-1,2021,15.0,1,1,0,0,1,1,3,,3,HOUSSAUE (AVENUE CHARLES),0,,2,2,0,3,0,0,2,, -1,1,0,1,50,30,3,2,14,14243,2,1,0,7,D579A,49.396299,0.211661,6,1,1
202100026457,154Â 409,A01,1,1,1,0,2,-1,-1,-1, -1,-1,2021,28.0,3,1,0,2,1,2,1,,4,SOISSONS (ROUTE DE),0,,1,2,0,1,(1),(1),1,, -1,1,0,1,50,29,7,1,51,51573,2,1,0,2,Route de Soissons,49.25363,3.9753,16,2,2
202100048208,115Â 585,A01,1,1,2,0,1,-1,-1,-1, -1,-1,2021,22.0,2,2,4,0,1,13,1,,1,ROCADE A 630,0,,1,3,0,1,4,805,3,, -1,2,3,1,50,13,3,4,33,33063,1,1,1,6,ROCADE A 630,44.884134,-0.559479,23,1,1
202100010613,182Â 763,B01,1,1,2,5,1,-1,-1,0,0,-1,2021,36.0,2,2,0,2,1,21,1,,3,D774,-1,,2,2,0,1,18,523,1,, -1,1,0,1,80,29,10,1,44,44069,1,1,0,1,Route de Herbignac,47.363806,-2.411821,17,4,2
202100052588,107Â 725,C01,1,1,1,1,8,0,-1,-1, -1,-1,2021,26.0,2,1,0,2,9,16,3,,3,ARNOUVILLE,0,,1,1,0,1,0,1,1,, -1,2,0,1,50,3,2,1,93,93066,2,2,0,5,"""BARBUSSE HENRI, NR 35 A 137""",48.9405443737,2.3718617342,10,3,3
202100039752,130Â 526,A01,1,1,1,5,1,-1,-1,0,0,-1,2021,20.0,2,2,0,0,9,1,1,,3,36,-1,D,2,2,0,2,8,200,3,, -1,2,0,1,80,16,5,1,43,43113,1,9,1,7,D36,44.988052,4.020138,9,1,1
202100028477,150Â 813,C01,1,1,1,0,1,-1,-1,0,0,-1,2021,61.0,1,2,0,2,1,2,0,,3,DOUVRES (ROUTE DE. CD7),0,,-1,2,0,1,1,0,1,, -1,1,0,1,50,17,7,1,14,14242,2,9,0,4,D7,49.21617,-0.36539,10,3,3
202100042978,124Â 848,A01,1,1,1,5,2,6,-1,0,0,-1,2021,27.0,2,1,0,0,9,0,1,,3,153,0,,2,2,0,1,11,500,2,, -1,1,0,3,80,24,4,1,91,91654,1,1,0,7,D153,48.462991,2.411435,14,1,1
202100011979,180Â 307,B01,1,1,1,4,2,6,-1,-1,0,-1,2021,24.0,1,1,0,2,8,1,1,,3,ENGHIEN (ROUTE D' ),0,,2,2,0,1,7,400,1,, -1,1,0,1,50,20,10,1,95,95018,2,1,0,3,ENGHIEN (ROUTE D' ),48.956596,2.282648,18,2,2
202100016922,171Â 373,B01,1,1,2,0,2,0,-1,-1, -1,-1,2021,21.0,1,1,0,2,4,0,5,,7,COURS JEAN JAURÃS,0,,1,-1,1,2,88,500,2,, -1,1,0,5,30,24,9,5,38,38185,2,1,0,2,Cours Jean JaurÃ¨s,45.18473,5.71782,0,2,2
202100015261,174Â 432,A01,1,1,1,5,0,-1,-1,0,0,-1,2021,58.0,2,2,0,0,3,0,1,,3,28,0,D,2,2,0,1,35,10,2,,"4,5",2,0,3,80,5,10,3,79,79195,1,1,0,6,,46.945135,-0.541077,0,1,1
202100004021,194Â 551,B01,1,1,2,3,8,0,-1,-1, -1,-1,2021,61.0,1,1,16,2,0,0,5,,7,MONT A LEUX (RUE DU),0,,2,2,0,1,(1),(1),1,, -1,2,0,1,30,7,12,1,59,59650,2,1,0,1,MONT A LEUX (RUE DU),50.71693,3.18293,9,2,2
202100054789,103Â 862,B01,1,1,1,5,2,6,-1,0,0,-1,2021,67.0,1,1,0,2,8,1,1,,4,BOULEVARD DES BATIGNOLLES,0,,3,2,0,1,(1),(1),1,, -1,2,0,1,50,16,1,5,75,75108,2,1,1,3,BOULEVARD DES BATIGNOLLES,48.88183,2.31979,18,2,2
202100002640,197Â 060,A01,1,1,1,9,2,0,-1,0,0,-1,2021,27.0,1,1,8,0,1,18,1,,4,AVENUE DE LA REPUBLIQUE,0,,2,4,2,1,(1),(1),1,, -1,1,0,1,30,16,12,5,75,75111,2,4,0,6,AVENUE DE LA REPUBLIQUE,48.863821,2.382287,2,2,1
202100027146,153Â 188,A01,10,3,1,5,0,-1,-1,1,9,1,2021,36.0,1,2,14,0,3,1,0,,2,111,-1,,2,2,0,1,(1),(1),1,, -1,1,0,1,60,24,7,3,987,98724,1,1,0,6,"RT111, District Fitii",-16.727384,-151.01125,19,2,1
202100030126,147Â 928,A01,1,1,1,0,2,6,-1,-1, -1,-1,2021,54.0,2,1,0,2,8,2,1,,7,ROUTE DEPARTEMENTALE 652,0,,3,4,0,1,11,0,1,, -1,1,0,1,90,6,7,1,59,59386,1,1,0,3,ROUTE DEPARTEMENTALE 652,50.682631,3.078978,9,2,2
202100034283,140Â 458,B01,1,1,1,0,8,0,-1,0,0,-1,2021,17.0,1,1,15,2,4,1,5,,4,NOMINOE,0,,2,0,0,1,(1),(1),1,, -1,1,0,1,50,29,5,1,22,22278,2,1,0,2,NOMINOE,48.51882,-2.78074,18,2,2
202100019745,166Â 352,B01,1,1,1,1,2,6,-1,-1, -1,-1,2021,27.0,3,1,0,2,1,2,1,,3,JEAN MERMOZ (NÂ°59 AU 185),0,,1,2,0,1,0,0,1,, -1,1,0,1,50,10,9,1,93,93059,2,3,0,3,JEAN MERMOZ (NÂ°59 AU 185),48.97089,2.36625,9,2,2
202100008742,186Â 108,A01,1,1,2,0,2,6,-1,0,0,-1,2021,19.0,1,1,0,2,3,11,1,,7,ALPES AVENUE DES,0,,1,2,0,1,(1),(1),2,, -1,2,9,1,50,8,11,1,6,6027,2,1,0,3,ALPES AVENUE DES,43.665266,7.128621,8,2,2
202100028862,150Â 128,A01,10,3,1,5,0,-1,-1,2,3,1,2021,31.0,1,1,0,1,1,1,3,,4,RUE LECOURBE,0,,1,2,0,1,(1),(1),1,, -1,1,0,1,50,15,7,1,75,75115,2,1,0,6,RUE LECOURBE,48.842783,2.30328,10,2,1
202100045534,120Â 352,B01,1,1,1,1,2,0,-1,-1, -1,-1,2021,21.0,1,1,0,2,1,1,1,,4,COLLERY (ZONE INDUSTRIELLE),0,,2,1,0,1,(1),(1),1,, -1,1,0,1,30,9,3,1,973,97302,2,1,0,3,COLLERY (ZONE INDUSTRIELLE),4.9016262164,-52.3265002472,15,2,2
202100034562,139Â 940,B01,1,1,1,0,1,5,-1,-1, -1,-1,2021,48.0,3,2,0,2,1,16,1,,4,GOLF (BOULEVARD DU),0,,2,2,0,1,0,1,1,, -1,1,0,1,50,11,6,1,74,74218,2,2,0,5,GOLF (BOULEVARD DU),46.38803,6.55731,17,3,3
202100013439,177Â 712,A01,1,1,1,0,2,6,-1,0,0,-1,2021,52.0,1,1,0,2,1,1,1,,3,7,-1,,2,2,0,1,30,418,3,, -1,1,0,1,80,14,10,1,76,76509,1,1,0,3,1065 Route du Puits de l Aire,49.467999,1.230136,13,2,2
202100029533,149Â 001,A01,1,1,1,5,8,-1,-1,0,0,-1,2021,20.0,2,2,6,0,1,0,1,,1,7,-1,,3,3,0,1,58,200,1,, -1,1,9,2,130,12,7,1,26,26271,1,1,0,6,Autoroute du Soleil,45.040098,4.877973,9,3,1
202100015499,173Â 999,B01,6,2,2,5,8,0,-1,-1, -1,-1,2021,26.0,2,5,0,2,3,1,1,,4,AV ARISTIDE BRIAND,0,,2,2,0,1,0,0,1,, -1,2,0,1,50,2,10,1,91,91027,2,1,1,3,AV ARISTIDE BRIAND,48.705952,2.387846,15,5,2
202100000372,201Â 044,A01,1,1,2,5,1,-1,-1,-1,0,-1,2021,29.0,3,2,6,0,1,1,1,,7,,0,,2,2,0,2,(1),(1),3,, -1,1,0,1,50,1,4,5,63,63113,2,1,0,6,LIMOUSIN (AVENUE DU),45.78766,3.06454,23,2,1
202100024688,157Â 514,B01,1,1,2,0,1,-1,-1,0,0,-1,2021,59.0,2,2,0,2,1,1,1,,3,538,0,,2,2,0,1,49,115,3,, -1,1,0,1,80,12,8,1,26,26064,2,1,0,1,Avenue de Romans,44.910435,5.019642,17,2,2
202100028663,150Â 483,A01,1,1,2,0,1,-1,-1,0,0,-1,2021,37.0,1,2,0,2,1,2,1,,2,ECHANGEUR NÂ° 01 ( PORTE DE PARIS ),0,,3,2,0,1,27,0,1,, -1,1,0,1,70,16,7,1,14,14437,1,1,0,6,N814,49.16362,-0.30579,11,3,3
202100024532,157Â 810,B01,1,1,1,1,2,0,-1,-1, -1,-1,2021,32.0,2,1,0,2,1,1,1,,7,MITTERRAND (AVENUE FRANCOIS),0,,2,2,0,1,0,0,1,, -1,1,0,1,50,12,8,1,13,13071,2,1,0,1,MITTERRAND (AVENUE FRANCOIS),43.38159,5.34673,7,2,2
202100046597,118Â 476,A01,1,1,2,9,1,-1,-1,-1, -1,-1,2021,67.0,1,2,0,2,2,1,1,,3,SAINT MALO,0,,2,2,0,1,0,0,1,, -1,1,0,1,50,25,3,1,50,50147,2,1,0,3,SAINT MALO,49.05164,-1.45249,7,2,2
202100018699,168Â 219,A01,1,1,2,5,1,0,-1,-1, -1,-1,2021,87.0,1,2,0,2,0,0,1,,2,RN 441,0,,-1,0,0,1,23,850,1,, -1,1,3,1,90,16,9,1,91,91521,1,1,0,4,RN 441,48.63764,2.39812,9,3,3
202100040271,129Â 621,A01,2,2,2,2,2,-1,-1,0,0,-1,2021,17.0,1,1,0,2,2,2,1,,4,,-1,,1,1,0,1,(1),(1),1,, -1,1,0,1,50,3,5,1,43,43268,2,6,0,3,Chemin de la Galoche,45.145166,4.121241,17,3,2
202100046837,118Â 060,A01,7,2,1,5,1,-1,-1,0,0,-1,2021,21.0,2,2,8,0,3,14,1,,3,365,0,D,2,2,0,2,3,640,4,0,"3,6",1,0,3,70,25,3,5,16,16195,1,1,0,6,Route de Boistizon,45.861538,0.461552,2,3,1
202100010691,182Â 611,A01,10,3,2,5,0,-1,-1,2,3,1,2021,53.0,2,5,0,1,2,1,1,,4,RUE HENRI BECQUEREL,0,,2,2,0,1,0,0,1,, -1,1,0,1,50,27,10,1,77,77108,2,1,0,6,RUE HENRI BECQUEREL,48.892699,2.597744,10,2,1
202100010857,182Â 322,A01,2,2,2,5,1,0,-1,-1, -1,-1,2021,84.0,1,2,0,2,1,15,1,,3,LENCLOITRE (ROUTE DE),0,,-1,2,0,1,53,810,1,, -1,1,0,1,50,26,10,1,86,86066,2,2,0,1,Route de LencloÃ®tre,46.823042,0.509593,16,3,2
202100006290,190Â 550,B01,1,1,2,9,1,0,-1,0,0,-1,2021,32.0,3,2,0,2,4,1,1,,4,BOULEVARD PERIPHERIQUE INTERIEUR SUD,0,,1,6,0,1,2,500,1,, -1,1,0,1,70,25,11,3,75,75113,2,1,0,2,BD PERIPHERIQUE INTERIEUR,48.816151,2.36115,19,2,2
202100021952,162Â 387,A01,10,3,2,9,0,-1,-1,3,3,1,2021,56.0,2,1,0,1,1,1,3,,4,RUE BEAUREPAIRE,0,,1,2,1,1,(1),(1),1,, -1,1,0,1,50,29,8,1,75,75110,2,3,0,6,RUE BEAUREPAIRE,48.870179,2.363639,12,2,1
202100033941,141Â 093,B01,1,1,1,5,1,-1,-1,0,0,-1,2021,80.0,2,2,0,2,3,1,1,,3,951,-1,,2,2,0,1,3,100,3,, -1,1,0,5,30,17,6,1,10,10420,2,9,0,3,Rue du Pont du Roi,48.586913,3.552479,15,2,2
202100047271,117Â 266,A01,1,1,2,5,1,-1,-1,0,0,-1,2021,24.0,1,2,0,2,1,1,1,,3,154,-1,,2,2,0,1,4,305,2,, -1,1,0,1,50,20,3,1,62,62220,2,2,1,1,Rue Principale,50.419406,2.008721,17,3,2
202100010499,182Â 954,A01,1,1,2,9,1,8,-1,-1, -1,-1,2021,36.0,1,2,0,2,3,15,1,,4,SAINT HELENS (RUE DE ),0,,3,2,2,1,(1),(1),1,, -1,1,0,1,50,27,10,1,71,71076,2,3,0,1,Avenue Edouard Herriot,46.79688,4.86846,16,2,2
202100022539,161Â 342,A01,1,1,1,4,1,-1,-1,0,0,-1,2021,60.0,2,4,4,0,3,1,1,,1,26,0,,3,4,0,1,352,0,1,, -1,1,0,1,90,25,8,1,10,10095,1,1,0,7,A26 pk 352+000,48.552751,4.193172,11,1,1
202100030573,147Â 102,A01,1,1,1,5,8,0,-1,0,0,-1,2021,25.0,3,2,6,0,1,26,1,,3,DE LATTRE DE TASSIGNY (AVENUE DU MAL),0,,2,2,0,1,1,0,1,, -1,1,0,8,50,5,7,5,27,27681,2,4,0,6,DE LATTRE DE TASSIGNY (AVENUE DU MAL),49.08524,1.46271,1,1,1
202100023844,159Â 006,A01,1,1,1,1,2,8,-1,-1, -1,-1,2021,25.0,1,1,0,0,7,9,1,,2,AXE MIXTE DE CAMBAIE,0,,1,2,0,1,(1),(1),1,, -1,9,0,1,70,16,8,1,974,97407,1,6,0,7,AXE MIXTE DE CAMBAIE,-20.95325,55.29431,7,1,1
202100054096,105Â 052,B01,1,1,1,4,2,0,-1,0,0,-1,2021,19.0,2,1,0,2,1,1,1,,4,BOULEVARD DU MONTPARNASSE,0,,2,6,3,1,(1),(1),1,, -1,1,0,1,50,22,1,5,75,75106,2,7,0,3,BOULEVARD DU MONTPARNASSE,48.844033,2.323384,19,2,2
202100009908,183Â 982,A01,1,1,2,9,1,-1,-1,-1, -1,-1,2021,48.0,1,2,9,2,4,23,1,,4,RUE LUCIEN FAURE,0,,3,6,3,1,(1),(1),1,, -1,2,9,1,50,1,11,1,33,33063,2,1,1,2,Rue Lucien Faure,44.86372,-0.55776,12,2,2
202100031761,144Â 988,Y01,1,1,1,0,8,8,-1,0,0,-1,2021,29.0,3,1,0,0,0,25,5,,3,RESISTANCE (PLACE DE LA),0,,1,2,1,1,(1),(1),3,, -1,2,0,5,50,29,6,1,92,92040,2,6,1,7,RESISTANCE (PLACE DE LA),48.821407,2.250291,9,1,1
202100017727,169Â 939,B01,1,1,1,5,2,6,9,0,0,-1,2021,35.0,1,1,0,2,8,1,1,,3,27,-1,,2,2,0,1,6,0,1,, -1,1,0,1,50,22,9,1,2,2830,2,9,1,1,Rue Charles de Gaulle,50.008194,3.607131,8,2,2
202100053430,106Â 210,A01,10,3,2,5,0,-1,-1,5,1,2,2021,76.0,3,2,0,1,2,16,1,,4,BD ERNEST GIRAULT,0,,2,2,0,1,0,0,1,, -1,1,0,4,50,26,1,1,91,91021,2,1,0,6,BD ERNEST GIRAULT,48.59,2.24,16,2,1
202100043300,124Â 264,A01,1,1,1,9,2,0,-1,-1, -1,-1,2021,42.0,2,1,0,2,0,9,1,,3,RD 41 (ROCADE),0,,3,4,0,1,1,399,3,, -1,1,0,1,60,18,4,1,972,97209,1,9,0,3,RD 41 (ROCADE),14.61577,-61.06089,16,2,2
202100016451,172Â 224,A01,2,2,2,5,1,8,-1,-1, -1,-1,2021,22.0,2,2,0,2,1,9,1,,4,GEORGES GUYNEMER (RUE),0,,2,1,0,2,(1),(1),1,, -1,1,0,1,50,25,9,1,86,86194,2,1,0,3,Rue Georges Guynemer,46.577563,0.322326,10,3,2
202100042918,124Â 954,A01,1,1,1,4,2,6,-1,0,0,-1,2021,28.0,1,1,7,0,1,13,3,,4,RUE DU FAUCONNIER,0,,1,1,0,1,(1),(1),1,, -1,1,0,1,50,22,4,1,75,75104,2,2,0,6,RUE DU FAUCONNIER,48.852907,2.358984,9,1,1
202100018467,168Â 621,A01,10,3,1,5,0,-1,-1,1,9,3,2021,70.0,1,2,1,1,4,26,1,,3,428,0,D,2,2,0,2,33,200,1,, -1,2,0,1,80,18,9,1,64,64218,1,1,1,6,RD428,43.074378,-1.188928,17,2,1
202100004572,193Â 606,A01,1,1,1,5,1,-1,-1,0,0,-1,2021,25.0,1,2,0,2,8,15,1,,3,306,0,D,2,2,0,1,5,450,1,, -1,1,0,1,70,5,12,1,56,56078,1,4,0,3,Pen ManÃ©,47.80583377,-3.4578234,13,3,2
202100007939,187Â 550,A01,1,1,1,4,1,-1,-1,-1, -1,-1,2021,22.0,2,5,3,0,1,2,1,,1,AUTOROUTE A 10,0,,3,6,0,1,540,900,1,, -1,1,0,1,110,16,11,4,33,33397,1,1,0,6,AUTOROUTE A 10,44.90165,-0.49382,3,1,1
202100039594,130Â 812,B01,1,1,1,0,1,0,-1,0,0,-1,2021,45.0,1,2,0,2,4,2,1,,4,VOIE RAPIDE,0,,1,2,0,1,(1),(1),1,, -1,1,0,1,70,17,5,1,6,6088,1,1,0,5,VOIE RAPIDE,43.692319,7.24352,14,3,3
202100053696,105Â 752,B01,1,1,2,1,2,6,-1,-1, -1,-1,2021,43.0,2,1,0,2,1,3,1,,1,A4,0,,3,6,0,1,13,300,1,, -1,1,0,1,110,26,1,1,93,93051,1,1,0,2,A4,48.836048085,2.5559506947,8,2,2
202100008711,186Â 163,B01,1,1,2,0,1,0,-1,0,0,-1,2021,64.0,2,2,0,2,1,1,1,,4,EUROPE (AVENUE DE L'),0,,1,2,0,1,(1),(1),1,, -1,1,5,1,50,5,11,1,63,63032,2,6,0,3,EUROPE / Champclos,45.75427,3.09279,8,2,2
202100011275,181Â 581,A01,10,3,1,0,0,-1,-1,8,0,1,2021,4.0,3,2,0,1,8,1,1,,7,1,0,D,1,2,3,1,2,0,1,,"5,5",1,0,1,15,21,10,1,69,69292,2,1,0,6,PAUL DELORME (AV),45.821255,4.871828,16,2,1
202100010181,183Â 504,A01,10,3,2,5,8,8,-1,2,3,2,2021,2.0,2,2,0,1,6,20,1,,4,DOUY DELCUPE (RUE),0,,2,2,2,1,0,0,1,, -1,2,0,1,50,30,10,4,93,93048,2,1,1,6,DOUY DELCUPE (RUE),48.8553998871,2.432205677,19,2,1
202100000098,201Â 576,A01,1,1,1,0,1,-1,-1,0,0,-1,2021,37.0,2,5,0,2,1,1,1,,3,9,-1,,2,2,0,1,8,100,1,, -1,1,0,1,70,23,12,3,14,14610,1,3,0,3,Rue du Colonel Baker,49.18467,-0.507966,18,2,2
202100007093,189Â 084,A01,2,2,2,5,2,-1,-1,0,0,-1,2021,34.0,3,6,13,0,1,1,1,,5,,-1,,1,2,0,2,(1),(1),2,,5,1,0,3,-1,21,11,1,971,97110,1,1,0,6,chemin de la montagne,16.331697,-61.023313,11,2,1
202100031719,145Â 063,A01,10,3,1,0,0,-1,-1,1,3,1,2021,14.0,3,2,0,1,3,1,1,,4,LYAUTEY (AV. DU MAL),0,,2,0,0,1,(1),(1),1,, -1,1,0,1,50,28,6,1,6,6088,2,1,0,6,LYAUTEY (AV. DU MAL),43.71737,7.2816,20,2,1
202100033157,142Â 497,C01,1,1,2,1,1,0,-1,-1, -1,-1,2021,40.0,1,2,0,2,5,2,1,,1,A507 sens Marseille - Aubagne,0,,1,3,0,1,7,440,1,, -1,1,1,1,70,21,6,1,13,13055,1,1,0,2,A507 sens Marseille - Aubagne,43.29922,5.42328,7,3,3
202100013444,177Â 705,A01,1,1,1,5,1,-1,-1,0,0,-1,2021,87.0,2,2,13,0,1,15,1,,3,134,-1,,2,2,0,2,14,775,1,, -1,1,0,3,50,13,10,1,29,29225,2,2,0,6,Lieu Dit Moriou,47.9600885605,-4.3561316651,19,1,1
202100018128,169Â 213,A01,10,3,2,0,0,-1,-1,3,3,1,2021,75.0,1,3,0,1,1,15,1,1.0,4,BELFORT (RUE DE),0,,2,3,3,1,(1),(1),1,, -1,1,5,1,50,18,9,1,71,71076,2,3,0,6,BELFORT (RUE DE),46.78624,4.85725,15,2,1