Num_Acc,id_vehicule,num_veh,place,catu,sexe,trajet,secu1,secu2,secu3,locp,actp,etatp,year_acc,victim_age,senc,catv,obs,obsm,choc,manv,motor,occutc,catr,voie,v1,v2,circ,nbv,vosp,prof,pr,pr1,plan,lartpc,larrout,surf,infra,situ,vma,jour,mois,lum,dep,com,agg_,int,atm,col,adr,lat,long,hour,nb_victim,nb_vehicules
202100045036,121Â 225,A01,10,3,2,9,0,-1,-1,3,3,1,2021,19.0,1,1,0,1,1,1,1,,4,AVENUE DE CLICHY,0,,2,3,0,2,(1),(1),1,, -1,2,0,1,30,5,4,1,75,75117,2,3,1,6,AVENUE DE CLICHY,48.888793,2.323348,14,2,1
202100039039,131Â 863,A01,1,1,1,5,2,-1,-1,0,0,-1,2021,25.0,2,1,1,0,3,13,1,,3,955,-1,,2,2,0,1,(1),(1),3,, -1,1,0,4,50,13,5,1,59,59136,2,1,0,6,31 Chemin de Montay,50.109717,3.54224,20,1,1
202100027007,153Â 444,A01,1,1,1,5,2,6,9,0,0,-1,2021,30.0,3,1,0,2,2,13,1,,3,7,-1,,2,2,0,2,19,200,4,, -1,1,0,1,80,18,7,1,40,40236,1,1,0,1,D7,43.683248,-0.83634,16,2,2
202100050032,112Â 312,B01,1,1,1,4,2,6,-1,0,0,-1,2021,24.0,1,1,0,2,1,1,1,,4,GLASGOW (DE 1 A 9 ET 2 A 22),0,,3,4,0,3,(1),(1),1,, -1,1,5,1,50,27,2,5,29,29019,2,2,0,3,Rue Camille Desmoulins,48.396232,-4.483926,22,2,2
202100047303,117Â 214,A01,1,1,1,5,2,6,-1,0,0,-1,2021,47.0,2,1,0,2,1,1,1,,3,982,0,,2,2,0,1,2,0,1,, -1,1,0,1,80,20,3,1,71,71176,1,1,0,2,Route de Roanne,46.465595,4.007011,14,2,2
202100027255,153Â 003,C01,1,1,1,0,1,-1,-1,0,0,-1,2021,20.0,2,2,0,2,1,17,1,,3,142,0,D,2,2,0,1,6,109,1,, -1,2,0,1,50,24,7,1,72,72260,2,9,0,6,Route de Brette les Pins,47.936245,0.272866,18,3,3
202100038094,133Â 571,A01,1,1,1,5,2,6,-1,0,0,-1,2021,36.0,1,1,0,2,1,17,1,,3,933,-1,,2,2,0,1,10,555,1,, -1,1,2,1,50,28,5,1,1,1305,2,1,0,3,D933,46.428777,4.938106,16,2,2
202100051073,110Â 382,A01,2,2,1,5,8,3,-1,-1, -1,-1,2021,1.0,2,2,0,2,1,15,1,,3,LIMOUX -ROUTE DE - JUSQU'A LA ROCADE,0,,2,3,0,1,1,0,1,, -1,1,0,1,80,16,2,5,11,11069,2,4,0,1,LIMOUX -ROUTE DE - JUSQU'A LA ROCADE,43.19925,2.32714,20,4,2
202100022044,162Â 226,A01,1,1,1,5,1,0,-1,-1, -1,-1,2021,22.0,1,2,0,2,2,13,1,,1,A4,0,,-1,3,0,1,22,100,1,, -1,1,0,1,110,29,7,3,77,77121,1,1,0,2,A4,48.83332,2.66667,5,5,2
202100033096,142Â 587,A01,10,3,2,5,0,-1,-1,1,1,1,2021,65.0,1,2,0,1,0,20,1,,5,ROSNY 2 (CENTRE COMMERCIAL),0,,-1,0,0,1,1,0,1,, -1,1,9,8,30,21,6,1,93,93064,2,9,0,6,ROSNY 2 (CENTRE COMMERCIAL),48.88397,2.475563,14,2,1
202100029380,149Â 260,A01,1,1,1,0,2,6,9,0,0,-1,2021,27.0,1,1,0,2,2,17,1,,3,51,0,,2,2,0,1,0,885,1,, -1,1,9,1,80,6,7,1,85,85234,1,3,0,2,Route de Beauvoir,46.803996,-2.066288,17,2,2
202100031097,146Â 154,B01,2,2,2,5,1,0,-1,-1, -1,-1,2021,20.0,1,2,1,0,2,14,1,,3,75,0,,2,1,0,1,0,0,3,, -1,1,0,1,50,1,7,5,38,38318,2,1,0,6,Route de Cancanne,45.5335719624,4.9035125971,23,2,1
202100046025,119Â 491,B01,1,1,2,0,1,-1,-1,0,0,-1,2021,38.0,0,2,0,0,3,1,2,,3,308.4,0,,2,2,0,1,0,900,1,, -1,1,0,1,80,30,3,1,28,28251,1,2,0,3,D308.4,48.725451,1.447017,14,2,2
202100036125,137Â 110,A01,1,1,1,5,1,-1,-1,0,0,-1,2021,43.0,2,2,13,0,3,1,1,,3,490,0,D,2,2,0,2,3,600,4,, -1,1,0,3,80,6,6,1,42,42317,1,1,0,6,Route de Marcigny,46.254534,3.895823,16,1,1
202100041374,127Â 650,A01,1,1,1,4,8,-1,-1,0,0,-1,2021,53.0,2,4,16,2,9,1,1,,3,609,-1,,2,2,0,2,92,300,1,, -1,2,0,1,90,30,4,1,34,34081,1,1,1,6,Route de Narbonne ,43.309004,3.169641,16,2,2
202100045084,121Â 146,A01,1,1,1,1,2,6,-1,0,0,-1,2021,54.0,2,1,10,0,9,1,1,,3,18,-1,,2,2,0,1,20,500,2,, -1,1,0,1,80,6,4,3,34,34289,1,1,0,6,D 18,43.386373,3.386364,5,1,1
202100014043,176Â 596,A01,1,1,1,5,2,6,-1,0,0,-1,2021,26.0,1,1,0,2,4,17,1,,3,996,0,,2,2,0,1,52,890,3,,4,1,0,1,50,10,10,1,71,71558,2,1,0,1,Route du Bois Chevret,46.479194,5.244974,17,4,2
202100032164,144Â 261,A01,9,2,2,5,1,-1,-1,0,0,-1,2021,74.0,2,2,13,2,3,13,1,,3,8,0,,2,2,0,3,21,700,3,, -1,1,0,1,70,26,6,1,42,42199,1,1,0,1,Route de la CÃ´te Roannaise,46.038684,3.932419,16,4,2
202100014597,175Â 622,A01,10,3,1,0,0,-1,-1,4,3,1,2021,72.0,0,2,0,1,1,16,1,,7,POTIE GEORGES RUE,0,,2,2,0,1,(1),(1),1,, -1,1,0,1,50,4,10,1,59,59360,2,3,0,6,POTIE GEORGES RUE,50.61349,3.00573,8,2,1
202100055446,102Â 746,B01,1,1,1,5,2,0,-1,-1, -1,-1,2021,38.0,2,1,0,2,3,1,1,,3,117,0,,2,2,0,4,0,0,1,, -1,1,0,1,50,11,1,1,91,91345,2,9,0,3,RTE DE CORBEIL,48.68118,2.31337,12,2,2
202100043677,123Â 605,A01,1,1,2,0,1,-1,-1,0,0,-1,2021,22.0,0,2,0,0,8,1,1,,3,337,-1,,2,2,0,1,(1),(1),1,, -1,1,0,1,80,17,4,1,80,80647,1,2,0,3,D337,49.788302,2.831705,13,2,2
202100055717,102Â 270,B01,1,1,1,5,2,-1,-1,0,0,-1,2021,24.0,2,1,0,2,1,1,1,,3,6,0,,2,2,0,1,1,800,1,, -1,2,0,1,80,9,1,3,973,97307,1,1,1,3,D6,4.792418,-52.356264,19,2,2
202100021354,163Â 483,A01,1,1,2,1,1,-1,-1,0,0,-1,2021,46.0,1,2,0,2,3,1,1,,3,3,-1,B,2,2,0,1,0,516,1,,4,1,0,1,80,31,8,1,1,1426,1,2,0,3,Chemin de Lucinges,46.285353,5.341721,16,2,2
202100019887,166Â 083,B01,1,1,1,0,2,6,-1,-1, -1,-1,2021,66.0,0,1,0,0,0,0,1,,4,SAINT MITRE A FOUR DE BUZE (CHEMIN),0,,2,2,0,1,0,0,1,, -1,1,0,1,50,9,9,1,13,13213,2,1,0,3,SAINT MITRE A FOUR DE BUZE (CHEMIN),43.3457846009,5.415946055,10,2,2
202100028760,150Â 315,B01,1,1,1,5,6,2,-1,0,0,-1,2021,53.0,0,1,0,2,1,2,1,,3,RD951,0,R,2,2,0,1,16,381,1,, -1,1,0,1,30,16,7,1,41,41207,2,2,0,1,Rue Nationale,47.656124,1.490675,16,2,2
202100002559,197Â 207,A01,1,1,1,0,2,6,-1,-1, -1,-1,2021,47.0,1,1,0,0,0,12,3,,1,A86,0,,3,2,0,2,8,0,1,, -1,1,0,1,50,17,12,2,92,92036,1,1,0,7,A86,48.9357640852,2.2872224731,17,1,1
202100000375,201Â 040,A01,1,1,2,5,1,0,-1,-1, -1,-1,2021,43.0,3,2,0,2,2,1,3,,4,PRINCESSE (AVENUE DE LA),0,,2,2,0,1,(1),(1),1,, -1,2,0,1,50,13,11,1,78,78650,2,2,0,3,PRINCESSE (AVENUE DE LA),48.88789,2.13609,12,2,2
202100007859,187Â 690,A01,10,3,2,1,0,-1,-1,3,3,1,2021,30.0,2,2,0,1,3,1,1,,3,FOCH (AV),0,,2,2,0,2,0,0,1,, -1,2,0,1,30,16,11,1,94,94068,2,1,0,1,FOCH (AV),48.80515,2.48463,9,2,1
202100012610,179Â 171,B01,1,1,1,5,2,6,-1,0,0,-1,2021,68.0,1,1,0,2,1,1,1,,1,41,-1,,2,3,0,2,137,500,1,, -1,2,0,1,110,15,7,1,74,74006,1,1,1,3,A41,45.985095,6.128585,14,2,2
202100048705,114Â 697,A01,10,3,1,2,0,-1,-1,2,3,1,2021,19.0,2,2,1,1,3,1,1,,3,CAMILLE DESMOULINS (R),0,,2,2,0,1,1,0,1,, -1,1,0,1,50,9,3,1,94,94016,2,1,0,7,CAMILLE DESMOULINS (R),48.792468,2.332856,17,2,1
202100030179,147Â 824,A01,2,2,1,0,8,0,-1,-1, -1,-1,2021,14.0,3,1,0,0,4,9,1,,4,PORT CHAMP BAS CHEMIN,0,,2,2,0,1,1,0,1,, -1,1,0,1,30,7,7,1,49,49007,1,1,0,6,PORT CHAMP BAS CHEMIN,47.49496,-0.53855,16,2,1
202100045203,120Â 936,A01,1,1,1,0,2,6,-1,-1, -1,-1,2021,41.0,1,1,4,0,2,14,1,,1,A4,0,,3,10,0,1,2,400,1,, -1,1,0,2,90,2,4,2,94,94018,1,1,0,6,A4,48.81726,2.42169,20,1,1
202100003165,196Â 107,A01,10,3,1,5,0,-1,-1,2,3,1,2021,40.0,1,2,0,1,2,1,1,,3,PIERRE ET MARIE CURIE (R),0,,2,2,0,1,0,0,1,, -1,2,0,1,50,12,12,1,94,94041,2,1,1,7,PIERRE ET MARIE CURIE (R),48.81572,2.37651,14,2,1
202100046531,118Â 612,A01,1,1,1,5,8,0,-1,-1, -1,-1,2021,12.0,2,1,0,2,8,19,5,,4,PAS DU LOUP (RUE DU,0,,2,2,1,1,(1),(1),1,, -1,1,5,1,50,23,3,1,34,34172,2,3,0,3,PAS DU LOUP (RUE DU),43.5992519682,3.8470293581,17,2,2
202100037957,133Â 818,B01,1,1,1,4,1,8,-1,-1, -1,-1,2021,44.0,1,2,0,2,4,1,6,,3,FELIX EBOUE(ROCADE),0,,-1,2,0,1,2,50,1,, -1,2,9,1,50,27,5,1,973,97302,2,9,1,2,FELIX EBOUE(ROCADE),4.9303502349,-52.3140928746,13,2,2
202100054928,103Â 628,B01,1,1,2,9,2,0,-1,0,0,-1,2021,26.0,2,1,0,2,1,17,5,,4,BOULEVARD DE BONNE NOUVELLE,0,,2,4,1,1,(1),(1),1,, -1,1,-1,5,50,15,1,1,75,75102,2,3,0,3,BOULEVARD DE BONNE NOUVELLE,48.8706687871,2.3479188617,12,2,2
202100006736,189Â 743,B01,1,1,1,1,2,6,-1,-1, -1,-1,2021,45.0,1,1,0,2,2,1,1,,3,boulevard AimÃ© CÃ©saire,0,,1,2,0,1,0,0,2,, -1,1,0,1,50,23,11,5,92,92050,2,4,0,3,boulevard AimÃ© CÃ©saire,48.8933822778,2.2272768617,17,2,2
202100012579,179Â 232,A01,1,1,1,5,8,-1,-1,0,0,-1,2021,19.0,1,2,6,0,4,17,1,,3,73,-1,,2,2,0,1,7,80,1,, -1,1,0,3,50,17,10,5,26,26085,2,1,0,6, 37 Avenue de Montelimar,44.489556,4.719588,6,3,1
202100041845,126Â 823,A01,1,1,1,5,1,-1,-1,0,0,-1,2021,42.0,1,2,13,0,1,13,1,,2,RN 5,0,A,2,2,0,2,107,110,3,, -1,2,0,3,80,1,5,1,39,39470,1,1,1,6,,46.493438,6.044569,16,1,1
202100005520,191Â 928,B01,4,2,2,0,8,0,-1,-1, -1,-1,2021,2.0,1,2,0,2,1,15,0,,4,SAINT ANTOINE A SAINT JOSEPH (CHEMIN DE),0,,3,4,0,1,0,0,1,, -1,1,0,1,50,29,11,5,13,13215,2,1,0,3,SAINT ANTOINE A SAINT JOSEPH (CHEMIN DE),43.3541,5.37128,21,5,2
202100011907,180Â 441,A01,2,2,2,5,1,-1,-1,0,0,-1,2021,69.0,1,2,0,2,1,1,1,,3,916,0,D,2,2,0,1,8,444,1,, -1,1,0,1,90,22,10,1,61,61096,1,3,1,3,D916,48.527658,-0.408221,11,4,2
202100043460,123Â 976,B01,1,1,2,0,1,0,-1,0,0,-1,2021,42.0,2,2,0,2,2,1,1,,4,DESCENTE ( ROUTE DE LA ),0,,2,2,0,2,0,1,4,, -1,2,0,1,50,16,4,1,5,5061,2,1,1,1,DESCENTE ( ROUTE DE LA ),44.57507,6.08321,17,4,2
202100038530,132Â 768,B01,1,1,2,5,8,0,-1,0,0,-1,2021,24.0,2,1,0,2,1,1,5,,4,AVENUE DE LA REPUBLIQUE,0,,1,1,1,2,(1),(1),1,, -1,2,0,5,50,24,5,1,75,75111,2,5,0,3,AVENUE DE LA REPUBLIQUE,48.865155,2.374922,17,2,2
202100052120,108Â 544,A01,1,1,1,2,2,6,-1,-1, -1,-1,2021,16.0,2,1,0,2,3,18,1,,3,POMMERY (BOULEVARD),0,,2,3,0,1,19,720,1,, -1,1,0,1,50,8,2,2,51,51454,2,1,0,2,Boulevard Pommery,49.2538172469,4.0543406144,17,2,2
202100012897,178Â 674,B01,1,1,1,0,2,8,-1,-1, -1,-1,2021,28.0,2,1,0,2,3,1,1,,3,SAINT LEU (ROUTE DE) 1 Ã  157,0,,2,2,1,1,0,1,1,, -1,1,0,1,50,16,10,1,93,93031,2,3,0,3,SAINT LEU (ROUTE DE) 1 Ã  157,48.9499861629,2.3410417322,14,2,2
202100036495,136Â 469,A01,10,3,2,3,0,-1,-1,3,3,1,2021,87.0,2,0,0,1,8,1,3,,4,,0,,2,1,1,1,0,0,1,, -1,1,0,5,50,4,6,1,92,92012,2,2,0,6,ANDRE MORIZET (AVENUE) 1/47 - 2/52,48.8350111549,2.2412806749,12,2,1
202100009647,184Â 462,B01,1,1,2,0,8,0,-1,-1, -1,-1,2021,36.0,-1,0,0,2,7,15,0,,3,LUCIEN LEFRANC (QUAI),0,,2,3,0,1,0,1,1,, -1,1,0,1,50,2,11,1,93,93001,2,1,0,3,LUCIEN LEFRANC (QUAI),48.9128508231,2.3728036881,9,2,2
202100024767,157Â 380,A01,1,1,2,5,1,0,-1,0,0,-1,2021,71.0,1,2,1,0,3,13,1,,4,RUE DES ENTREPRENEURS,0,,1,1,0,1,(1),(1),1,, -1,1,0,1,50,9,8,1,75,75115,2,1,0,6,RUE DES ENTREPRENEURS,48.843173,2.29432,16,1,1
202100026303,154Â 676,B01,1,1,1,5,1,0,-1,-1, -1,-1,2021,86.0,1,2,0,2,4,23,1,,7,JaurÃ¨s Rue Jean,0,,2,2,0,2,7,100,1,, -1,1,0,1,50,27,7,1,42,42103,2,1,0,4,Rue Jean JaurÃ©s,45.50598,4.57059,16,3,3
202100050533,111Â 371,A01,1,1,2,0,2,6,9,0,0,-1,2021,38.0,0,1,0,2,1,2,1,,3,422,0,,2,2,0,1,17,950,2,, -1,1,0,1,80,24,2,1,67,67348,1,2,0,2,D422,48.477786,7.49878,9,2,2
202100043391,124Â 102,A01,2,2,2,5,2,6,-1,0,0,-1,2021,16.0,1,1,9,0,1,17,1,,7,8,0,N,2,2,0,1,9,300,1,, -1,1,0,8,50,20,4,1,13,13015,2,3,0,7,D8n,43.456079,5.402843,16,3,2
202100030362,147Â 491,A01,2,2,1,0,1,0,-1,-1, -1,-1,2021,25.0,2,2,8,0,8,13,1,,4,COMMERCE(RUE DU),0,,2,2,0,2,(1),(1),1,, -1,2,0,3,50,5,7,1,56,56260,2,1,0,6,COMMERCE (RUE DU),47.64603,-2.75767,22,3,1
202100029723,148Â 664,A01,1,1,1,5,2,6,-1,-1, -1,-1,2021,51.0,1,1,0,2,1,1,1,,1,ROCADE A 630,0,,3,6,0,1,6,197,1,, -1,1,0,1,90,10,7,1,33,33075,1,1,0,2,ROCADE A 630,44.88828,-0.58585,15,5,2
202100048244,115Â 513,B01,1,1,1,1,2,8,-1,-1, -1,-1,2021,39.0,0,1,0,2,1,17,1,,4,PONT VIII (ROUTE DU),0,,2,2,0,1,(1),(1),1,, -1,2,0,1,50,12,3,1,76,76305,2,1,0,3,PONT VIII (ROUTE DU),49.49729,0.2112,7,2,2
202100052616,107Â 673,A01,10,3,1,9,0,-1,-1,1,9,2,2021,34.0,3,2,0,1,7,2,0,,4,,-1,,2,2,0,1,(1),(1),1,, -1,1,0,1,50,28,1,1,6,6079,2,1,0,6,245 AllÃ©e Louis BlÃ©riot,43.555089,6.952655,10,2,1
202100015117,174Â 686,A01,1,1,1,9,2,6,-1,0,0,-1,2021,29.0,1,1,0,2,7,2,3,,4,QUAI D ORSAY,0,,2,3,1,1,(1),(1),1,, -1,2,0,1,30,5,10,1,75,75107,2,3,1,2,QUAI D ORSAY,48.862457,2.305405,9,2,2
202100011949,180Â 364,A01,1,1,1,5,2,6,-1,-1,0,-1,2021,21.0,2,1,3,0,9,1,1,,1,AUTOROUTE A15,0,,1,2,0,4,8,0,2,, -1,1,3,1,50,21,10,3,95,95582,1,1,0,6, A15,48.9633926985,2.264357074,18,1,1
202100041121,128Â 106,B01,1,1,1,0,1,0,-1,-1, -1,-1,2021,29.0,1,2,0,2,1,1,1,,4,POIRIER (RUE DU ),0,,-1,2,0,1,1,0,1,, -1,1,0,1,50,5,5,1,14,14137,2,3,0,3,Rue du Poirier,49.19374,-0.45124,17,2,2
202100002544,197Â 235,A01,1,1,2,5,2,6,-1,0,0,-1,2021,20.0,1,1,0,2,1,17,1,,3,34,-1,,2,2,0,1,11,700,1,, -1,1,5,1,-1,18,12,3,29,29032,1,4,0,3,D34 - Le Drennec,47.910467,-4.072527,18,5,2
202100032234,144Â 145,A01,10,3,2,1,0,-1,-1,5,B,1,2021,54.0,3,2,0,1,1,1,3,,4,,0,,2,2,0,1,(1),(1),1,, -1,1,0,1,50,24,6,1,11,11262,2,1,0,6,INDEPENDANCE (RUE DE L'),43.18901,3.0097,12,2,1
202100034880,139Â 368,A01,10,3,1,5,0,-1,-1,2,3,1,2021,3.0,2,5,0,1,1,1,1,,2,2,0,,1,1,0,1,(1),(1),1,, -1,1,0,1,50,12,6,1,971,97111,2,1,0,6,Boulevard des Poissonniers,16.306017,-61.794593,10,2,1
202100026127,154Â 990,B01,1,1,2,5,2,0,-1,-1, -1,-1,2021,33.0,1,1,0,2,1,0,0,,4,ROND POINT DU MARQUENTERRE,0,,1,2,0,1,(1),(1),1,, -1,1,0,1,50,26,7,1,62,62108,2,1,0,2,ROND POINT DU MARQUENTERRE,50.40172,1.59525,17,3,2
202100029107,149Â 722,B01,2,2,1,5,1,0,-1,-1, -1,-1,2021,27.0,2,2,0,2,4,1,2,,3,RD 817,0,,2,2,0,1,34,820,2,, -1,2,0,1,50,12,7,1,64,64335,1,6,1,2,RD 817,43.3452,-0.4227,13,4,2
202100036907,135Â 729,A01,1,1,1,5,2,-1,-1,0,0,-1,2021,57.0,1,1,3,2,1,17,1,,2,20,-1,,2,2,0,2,94,400,1,, -1,2,0,1,80,3,6,1,9,9189,1,1,1,3,MÃ©rens-les-Vals,42.611854,1.819659,14,2,2
202100038191,133Â 379,A01,1,1,1,2,1,-1,-1,-1, -1,-1,2021,19.0,1,2,3,2,1,21,1,,4,KERGUERES (Route de),0,,2,2,0,2,(1),(1),2,, -1,1,0,1,70,25,5,1,29,29039,1,1,0,1,Route de KerguÃ©res,47.8988970373,-3.9382517338,12,3,2
202100022899,160Â 691,A01,4,2,2,0,1,0,-1,-1, -1,-1,2021,20.0,1,2,8,9,1,26,1,,3,MOUTTE (ROUTE DE),0,,2,2,0,4,0,0,3,, -1,2,0,1,30,22,8,5,972,97209,2,1,1,6,MOUTTE (ROUTE DE),14.628471,-61.049044,1,4,1
202100020090,165Â 713,A01,10,3,2,0,0,-1,-1,5,1,1,2021,78.0,1,1,0,1,8,1,1,,3,MARCEL BIDOT (RUE),0,,2,2,0,1,0,0,1,, -1,1,0,1,50,7,9,1,10,10343,2,1,0,6,MARCEL BIDOT (RUE),48.26906,4.10898,16,2,1
202100055026,103Â 452,B01,1,1,2,0,1,0,-1,-1, -1,-1,2021,31.0,1,2,0,9,1,26,1,,4,GENAS    (Route de),0,,-1,2,0,1,(1),(1),1,, -1,1,8,1,50,14,1,1,69,69266,2,1,0,1,GENAS (DE) (RTE),45.75235,4.90082,14,2,2
202100026696,153Â 994,A01,1,1,1,1,2,6,-1,-1, -1,-1,2021,38.0,1,1,0,2,1,1,1,,4,COLONEL FABIEN AVENUE DU,0,,2,0,0,1,0,0,1,, -1,1,0,1,50,28,7,1,93,93046,2,1,0,1,COLONEL FABIEN AVENUE DU,48.91502,2.51277,17,2,2
202100043459,123Â 978,B01,1,1,2,9,1,0,-1,-1, -1,-1,2021,54.0,2,2,0,2,4,2,1,,3,LIBERATION (AVENUE DE LA),0,,2,2,0,1,10,705,1,, -1,1,0,1,50,19,4,1,6,6069,2,1,0,2,LIBERATION (AVENUE DE LA),43.647663,6.916041,9,2,2
202100035259,138Â 677,A01,1,1,2,1,2,0,-1,-1, -1,-1,2021,18.0,1,1,0,2,1,26,1,,4,MONTESQUIEU PASSAGE,0,,2,2,0,1,1,0,1,, -1,1,0,1,50,9,6,1,49,49007,2,1,0,2,MONTESQUIEU PASSAGE,47.47237,-0.58449,18,2,2
202100029670,148Â 761,A01,4,2,1,5,1,-1,-1,0,0,-1,2021,18.0,2,2,2,0,0,14,1,,3,436,-1,,2,2,0,2,31,760,4,, -1,1,0,3,80,11,7,1,39,39510,1,1,0,6,,46.361656,5.909775,10,4,1
202100004723,193Â 336,A01,10,3,1,0,0,-1,-1,3,3,1,2021,82.0,1,2,0,1,1,26,1,,3,GENEVE (AVENUE DE)(SECTEUR 410),0,,-1,1,0,1,0,0,1,, -1,2,0,1,50,4,12,1,74,74010,2,9,1,6,GENEVE (AVENUE DE)(SECTEUR 410),45.92343,6.1239,10,2,1
202100001321,199Â 400,A01,1,1,2,1,5,1,-1,0,0,-1,2021,28.0,2,2,0,2,1,1,1,,3,323,-1,,2,3,0,1,70,200,1,, -1,2,0,1,90,28,12,2,72,72230,1,1,1,2,La ChÃªnaie,47.853843,0.098727,7,2,2
202100032561,143Â 568,A01,1,1,1,1,8,-1,-1,0,0,-1,2021,53.0,1,2,0,2,3,1,1,,3,,0,,2,2,0,1,61,970,1,, -1,2,0,1,80,5,6,1,69,69248,1,1,1,1,REGNY (DE) (RTE),46.025336,4.286664,8,2,2
202100017572,170Â 214,A01,1,1,1,0,2,6,-1,0,0,-1,2021,45.0,1,1,0,2,1,1,1,,2,30,-1,,2,2,0,1,31,800,3,, -1,1,0,1,80,18,9,1,202,202199,1,1,0,2,Licciola (Restauration rapide),42.65331,9.03545,14,3,2
202100023755,159Â 155,A01,2,2,1,0,8,0,-1,-1, -1,-1,2021,12.0,3,1,0,2,7,19,3,,3,GABRIEL PERI,0,,2,-1,0,1,0,0,1,, -1,1,5,8,50,17,8,1,92,92046,2,2,0,3,PIERRE LAROUSSE (AVENUE),48.8195405662,2.3061311245,19,3,2
202100028827,150Â 194,A01,10,3,2,5,0,-1,-1,3,3,1,2021,27.0,2,2,0,1,3,1,1,,4,PAPIN (RUE DENIS),0,,2,2,0,1,(1),(1),1,, -1,2,0,1,20,13,7,5,41,41018,2,1,1,6,PAPIN (RUE DENIS),47.58722,1.33199,23,2,1
202100031386,145Â 650,B01,9,2,2,5,1,-1,-1,0,0,-1,2021,36.0,2,2,0,0,7,1,1,,3,97,-1,,1,1,0,1,21,590,1,, -1,1,0,1,70,26,6,3,83,83049,1,2,0,3,D97,43.244894,6.086812,22,5,2
202100044873,121Â 509,A01,1,1,1,4,1,-1,-1,0,0,-1,2021,61.0,2,2,0,2,8,10,0,,2,10,0,,2,2,0,1,7,700,1,, -1,1,5,1,80,7,4,1,41,41095,1,1,1,3,Le Plessis,47.913726,1.190697,14,2,2
202100042685,125Â 332,A01,1,1,2,5,1,0,-1,-1, -1,-1,2021,21.0,1,2,0,2,1,1,1,,3,RAMON BOULEVARD,0,,-1,2,0,1,1,0,1,, -1,1,0,1,50,24,4,1,49,49007,2,2,0,3,RAMON BOULEVARD,47.48567,-0.5333,18,4,2
202100048739,114Â 642,A01,1,1,2,1,2,9,-1,0,0,-1,2021,16.0,1,1,13,0,0,1,1,,3,,-1,,2,2,0,1,19,761,2,, -1,9,0,3,80,9,3,1,85,85288,1,1,0,7,Zone Industrielle du PÃ¢tis,46.455569,-1.600935,14,1,1
202100043806,123Â 380,A01,1,1,1,5,2,0,-1,-1, -1,-1,2021,42.0,3,1,0,2,0,0,1,,4,CHE MAROLLES A GRANDE PATTE D'OIE ,0,,2,2,0,1,1,0,1,, -1,1,0,1,50,16,4,1,94,94048,2,1,0,6,MAROLLES A GRANDE PATTE D'OIE (CHE),48.749219,2.557061,11,2,2
202100008781,186Â 049,A01,10,3,1,5,0,-1,-1,3,3,1,2021,70.0,1,2,0,1,6,4,2,,3,50,-1,,2,-1,-1,1,(1),(1),1,, -1,1,0,1,-1,9,11,1,92,92012,2,2,0,6,BILLANCOURT (RUE DE) 1/61 - 2/104,48.8369402677,2.2364714742,14,2,1
202100020413,165Â 151,B01,1,1,1,0,2,-1,-1,0,0,-1,2021,46.0,2,1,0,2,1,1,1,,3,110,-1,,2,2,0,1,12,118,1,,5,1,0,1,50,7,9,1,34,34272,2,3,0,1,Avenue des Lauriers,43.653062,4.114208,18,2,2
202100015054,174Â 800,B01,2,2,1,9,1,0,-1,-1, -1,-1,2021,29.0,1,2,0,2,4,2,1,,4,RD 956,0,,2,4,0,1,1,792,1,, -1,2,2,1,70,2,10,5,41,41212,2,1,1,4,RD 956,47.57466,1.35316,18,5,3
202100048683,114Â 734,A01,1,1,1,0,2,0,-1,-1, -1,-1,2021,22.0,2,1,0,2,8,26,1,,4,NATIONAL (BOULEVARD),0,,2,2,0,1,(1),(1),1,, -1,1,0,1,50,9,3,5,13,13203,2,2,0,3,NATIONAL (BOULEVARD),43.3057046244,5.3838738574,23,2,2
202100007656,188Â 065,B01,1,1,1,5,8,0,-1,0,0,-1,2021,14.0,1,1,0,2,8,19,5,,4,RUE DE DANTZIG,0,,2,2,0,2,(1),(1),1,, -1,1,0,1,30,17,11,1,75,75115,2,2,0,3,RUE DE DANTZIG,48.833501,2.29869,15,2,2
202100021577,163Â 064,A01,10,3,1,0,0,-1,-1,4,3,1,2021,71.0,1,2,0,1,1,1,1,,3,CABASSOU (ROUTE DE),0,,2,1,0,1,0,200,1,, -1,1,0,1,50,31,8,5,973,97302,2,9,0,6,CABASSOU (ROUTE DE),4.9200572277,-52.3195989133,19,2,1
202100014859,175Â 151,B01,1,1,1,5,8,0,-1,-1, -1,-1,2021,29.0,1,1,0,2,3,0,5,,3,MARCEAU (AVENUE) NÂ° 1-27,0,,2,2,0,1,0,1,1,, -1,1,0,1,50,6,10,1,93,93029,2,1,0,3,Avenue Marceau,48.928342,2.436177,11,3,2
202100056166,101Â 494,A01,10,3,2,0,0,-1,-1,2,3,3,2021,63.0,1,2,0,1,3,1,1,,4,,0,,2,2,3,1,(1),(1),1,, -1,1,-1,1,50,5,1,1,33,33162,2,1,0,6,Avenue de Saint-MÃ©dard,44.86165,-0.6436,9,2,1
202100020283,165Â 380,B01,1,1,1,9,8,0,-1,-1, -1,-1,2021,22.0,1,1,0,2,1,26,1,,4,FARCY PLACE,0,,2,2,0,1,1,0,1,, -1,1,0,1,50,2,9,1,49,49007,2,1,0,3,FARCY PLACE,47.47347,-0.57736,16,2,2
202100011804,180Â 618,B01,1,1,1,5,8,0,-1,-1, -1,-1,2021,10.0,1,1,0,2,3,26,5,,4,RECOUVREUR,0,,2,2,0,1,1,0,1,, -1,1,0,1,50,20,10,1,49,49007,2,1,0,3,RECOUVREUR,47.45345,-0.55779,17,3,2