Num_Acc,id_vehicule,num_veh,place,catu,sexe,trajet,secu1,secu2,secu3,locp,actp,etatp,year_acc,victim_age,senc,catv,obs,obsm,choc,manv,motor,occutc,catr,voie,v1,v2,circ,nbv,vosp,prof,pr,pr1,plan,lartpc,larrout,surf,infra,situ,vma,jour,mois,lum,dep,com,agg_,int,atm,col,adr,lat,long,hour,nb_victim,nb_vehicules
202100012511,179Â 346,A01,10,3,1,3,0,-1,-1,2,3,1,2021,74.0,1,2,0,1,3,1,1,,3,1089,-1,,2,2,0,1,3,48,1,, -1,1,0,1,50,19,10,2,33,33478,2,1,1,6,,45.013004,-0.002315,9,2,1
202100014532,175Â 730,A01,1,1,1,0,2,6,-1,-1, -1,-1,2021,26.0,2,1,0,2,3,11,1,,2,1014,0,,1,3,0,1,0,300,1,, -1,1,1,1,70,8,10,1,92,92062,1,1,0,2,RN1014 W,48.8882278311,2.2491295607,8,2,2
202100038473,132Â 879,A01,1,1,1,5,1,-1,-1,0,0,-1,2021,25.0,0,2,13,0,0,0,1,,4,5,-1,D,2,2,0,1,(1),(1),1,, -1,1,0,1,80,25,5,3,33,33417,1,1,0,7,Route des Tronquats,44.962707,-0.903406,23,1,1
202100003430,195Â 623,A01,1,1,1,1,2,6,-1,0,0,-1,2021,29.0,2,1,0,0,0,21,1,,4,BOULEVARD PERIPHERIQUE,0,,1,4,0,1,14,600,1,, -1,1,0,1,70,11,12,5,75,75116,2,1,0,7,BOULEVARD PERIPHERIQUE,48.865767,2.268076,1,1,1
202100048840,114Â 459,A01,1,1,1,5,8,-1,-1,-1, -1,-1,2021,48.0,2,2,0,2,2,1,1,,4,MARECHAL DE SAXE                    (R ),0,,2,3,3,1,(1),(1),1,, -1,1,0,1,50,7,3,5,69,69386,2,2,0,2,MARECHAL DE SAXE (AV),45.7637108377,4.8449277878,1,2,2
202100010932,182Â 188,B01,1,1,1,4,1,0,-1,0,0,-1,2021,47.0,2,2,0,2,4,7,1,,4,AVENUE DE FLANDRE,0,,1,3,3,1,(1),(1),1,, -1,1,-1,6,30,25,10,1,75,75119,2,2,0,2,AVENUE DE FLANDRE,48.892439,2.378907,13,2,2
202100039281,131Â 387,B01,1,1,1,0,8,-1,-1,-1, -1,-1,2021,24.0,0,1,0,2,8,26,5,,4,BELGES (BOULEVARD DES) DU 67 A FIN ET 11,0,,2,2,0,1,(1),(1),1,, -1,1,0,1,50,18,5,1,51,51454,2,2,0,3,Boulevard des Belges,49.27629,4.02687,11,2,2
202100010238,183Â 412,E01,2,2,1,0,1,0,-1,-1, -1,-1,2021,46.0,2,2,0,2,4,0,1,,1,A7-Sens Marseille vers Lyon,0,,1,3,0,1,265,0,1,, -1,1,0,1,90,30,10,1,13,13071,1,1,0,2,A7-Sens Marseille vers Lyon,43.412329,5.281493,16,7,6
202100047959,116Â 012,A01,1,1,1,1,2,0,-1,0,0,-1,2021,32.0,1,1,0,2,5,1,5,,4,RUE DU PAS DE LA MULE,0,,1,1,0,1,(1),(1),1,, -1,2,0,1,50,15,3,1,75,75104,2,2,0,3,RUE DU PAS DE LA MULE,48.855931,2.367315,9,2,2
202100047480,116Â 894,B01,1,1,1,5,2,6,-1,-1, -1,-1,2021,23.0,0,1,0,2,1,1,1,,7,DIEPPE. ROUTE DE (RN 27),0,,2,2,0,1,0,950,1,, -1,1,0,1,30,7,3,1,76,76474,2,1,0,3,Route de Dieppe,49.48995,1.04931,15,2,2
202100046280,119Â 051,A01,1,1,1,0,1,-1,-1,0,0,-1,2021,27.0,1,2,2,0,1,14,1,,3,554,0,D,2,1,0,2,48,400,4,, -1,1,0,3,80,29,3,1,83,83045,1,1,0,6,D554,43.469849,6.053402,13,2,1
202100012310,179Â 729,B01,1,1,1,5,2,-1,-1,0,0,-1,2021,73.0,2,1,0,2,1,1,5,,3,525,0,D,2,2,0,3,0,(1),1,, -1,1,0,1,50,20,10,1,38,38006,2,2,1,3,8 Boulevard Jules Ferry,45.394777,6.072183,13,2,2
202100026561,154Â 221,A01,1,1,2,0,1,-1,-1,0,0,-1,2021,21.0,0,2,2,0,3,2,1,,4,,-1,,2,2,0,1,(1),(1),3,,4,1,0,3,-1,30,7,3,24,24587,2,1,0,6,Les Mazers,44.830959,1.214236,5,1,1
202100029998,148Â 174,B01,1,1,1,5,8,8,-1,-1, -1,-1,2021,31.0,1,1,0,2,1,1,1,,4,COTY RENE (RUE),0,,2,1,0,1,0,0,1,, -1,1,0,1,20,8,7,1,13,13001,2,1,0,1,COTY RENE (RUE),43.53846,5.44863,17,2,2
202100014960,174Â 964,A01,1,1,1,4,8,-1,-1,-1, -1,-1,2021,53.0,1,2,0,2,8,11,1,,4,JEAN MOULIN                         (QU),0,,1,4,3,1,(1),(1),1,, -1,2,0,1,50,5,10,5,69,69381,2,1,1,3,JEAN MOULIN (Q),45.7685869312,4.8378339411,21,3,2
202100005156,192Â 560,A01,10,3,1,0,8,-1,-1,2,3,1,2021,62.0,3,5,0,1,2,1,1,,4,,-1,,2,2,0,2,(1),(1),2,,4,7,0,1,30,3,12,5,6,6094,2,1,1,6,17 avenue de l'adrech,44.089812,6.944261,18,2,1
202100001444,199Â 201,A01,10,3,1,0,0,-1,-1,2,3,2,2021,3.0,2,1,0,1,2,21,1,,4,BELLECOUR                           (PL),0,,2,3,0,1,(1),(1),1,, -1,1,0,1,50,23,12,1,69,69382,2,1,0,6,BELLECOUR (PL),45.75814,4.83049,11,2,1
202100005406,192Â 132,A01,10,3,1,5,0,-1,-1,3,3,1,2021,70.0,1,2,0,1,1,1,1,,3,52,0,D,2,2,0,1,33,150,3,, -1,1,0,1,50,2,12,3,49,49220,2,1,0,6,11 Route d Angers,47.738295,-0.417443,6,3,1
202100049654,112Â 985,A01,1,1,1,0,-1,0,-1,-1, -1,-1,2021,39.0,1,2,0,2,1,1,1,,4,ELSA TRIOLET (AVENUE),0,,2,2,0,1,(1),(1),1,, -1,1,0,1,50,2,3,5,13,13208,2,1,0,2,ELSA TRIOLET (AVENUE),43.24849,5.388519,0,2,2
202100045964,119Â 593,A01,1,1,1,5,2,6,-1,-1, -1,-1,2021,40.0,2,1,0,2,1,1,1,,4,ETIENNE PEDRON (RUE),0,,2,2,0,1,(1),(1),1,, -1,1,0,1,50,29,3,1,10,10387,2,1,1,2,ETIENNE PEDRON (RUE),48.31646,4.07449,17,2,2
202100054536,104Â 290,B01,2,2,1,5,1,0,-1,-1, -1,-1,2021,23.0,2,2,0,2,4,1,1,,1,A7   20.110 A 22.950,0,,1,4,0,1,20,500,1,, -1,1,0,1,110,5,1,3,38,38087,1,1,0,5,A7,45.582258537,4.8013043404,18,5,4
202100003424,195Â 635,A01,10,3,2,3,0,-1,-1,3,3,1,2021,60.0,1,2,0,1,2,1,1,,6,TREGUIER (ROUTE DE),0,,-1,-1,0,1,1,0,1,, -1,1,0,1,30,10,12,1,22,22113,2,1,0,6,TREGUIER (ROUTE DE),48.73487,-3.43943,11,2,1
202100036427,136Â 594,A01,1,1,2,9,8,0,-1,-1, -1,-1,2021,18.0,3,1,0,2,5,9,5,,7,JEAN PERROT (AVENUE),0,,2,5,1,1,0,0,1,, -1,1,0,1,50,4,6,1,38,38185,2,1,0,3,JEAN PERROT (AVENUE),45.18208,5.73405,12,4,2
202100038460,132Â 898,A01,1,1,1,0,2,6,-1,0,0,-1,2021,54.0,2,1,0,2,1,17,1,,1,8,-1,,1,1,0,1,200,129,1,, -1,1,3,1,50,22,5,1,6,6088,1,1,0,1,"autoroute A8 , bretelle de sortie sud , NICE-Est, NÂ°55,PK200+129",43.733238,7.285357,18,3,2
202100010202,183Â 468,A01,1,1,1,5,2,6,-1,0,0,-1,2021,16.0,1,1,0,0,0,13,1,,7,45,0,D,2,2,0,1,3,200,1,, -1,1,0,1,80,30,10,3,76,76020,1,9,0,7,Route de Bourg Achard,49.441484,0.888576,20,1,1
202100056152,101Â 512,B01,1,1,1,1,1,0,-1,-1,0,-1,2021,35.0,1,2,0,2,6,2,1,,4,TREVES (BOULEVARD DE ),0,,-1,4,0,1,0,0,1,, -1,1,0,1,50,5,1,2,57,57463,2,1,0,2,TREVES (BOULEVARD DE ),49.11856,6.18851,16,2,2
202100050036,112Â 303,A01,1,1,2,5,1,0,-1,-1, -1,-1,2021,52.0,2,2,0,2,1,1,1,,2,06 PK RN237 MOULIN JUSTICE RE,0,,3,4,0,1,117,738,1,, -1,1,0,1,90,26,2,3,17,17300,2,1,0,4,06 PK RN237 MOULIN JUSTICE RE,46.16913,-1.120822,18,3,3
202100021760,162Â 731,B01,1,1,1,5,1,0,-1,-1, -1,-1,2021,65.0,1,2,0,2,1,1,1,,4,GRAND-TREUIL (RUE DU),0,,2,2,0,1,0,0,1,, -1,1,0,1,50,28,8,5,87,87085,2,1,0,1,GRAND-TREUIL (RUE DU),45.84692,1.27162,21,2,2
202100052458,107Â 947,A01,10,3,2,5,0,-1,-1,3,3,1,2021,70.0,1,2,0,1,1,1,1,,4,RUE DE LOURMEL,0,,1,1,0,1,(1),(1),1,, -1,1,0,1,50,5,2,1,75,75115,2,2,0,6,RUE DE LOURMEL,48.844564,2.287051,14,2,1
202100001143,199Â 730,A01,1,1,2,1,1,-1,-1,-1,0,-1,2021,27.0,1,2,0,2,2,1,1,,1,AUTOROUTE A15,0,,3,6,0,1,8,500,1,, -1,1,0,1,110,27,12,3,95,95582,1,1,0,3, A15,48.9660426873,2.2575187683,18,2,2
202100027510,152Â 552,A01,1,1,2,9,1,0,-1,-1, -1,-1,2021,45.0,1,2,15,2,8,16,1,,7,2 FRERES (CHEMIN DES),0,,2,2,0,1,0,630,1,, -1,1,0,1,30,22,7,1,83,83090,1,3,0,3,2 FRERES (CHEMIN DES),43.12759,5.85335,8,2,2
202100038734,132Â 390,A01,1,1,1,0,1,-1,-1,-1, -1,-1,2021,29.0,2,2,1,0,7,2,1,,4,FRANCIS DE PRESSENSE                (AV),0,,2,2,2,1,(1),(1),1,, -1,1,0,1,50,22,5,1,69,69259,2,1,0,7,FRANCIS DE PRESSENSE                (AV),45.72618,4.86295,13,1,1
202100000759,200Â 354,A01,1,1,1,5,2,0,-1,-1, -1,-1,2021,35.0,2,1,0,2,1,1,1,,3,BAYONNE (AVENUE DE),0,,2,4,3,1,9,243,1,, -1,1,0,1,50,30,12,5,64,64024,2,2,0,3,Avenue de Bayonne,43.48151,-1.50948,20,2,2
202100002818,196Â 735,A01,10,3,2,0,0,-1,-1,2,3,1,2021,41.0,2,1,0,1,1,1,1,,3,50,0,,3,4,0,1,0,0,1,, -1,1,0,8,50,15,12,5,92,92040,2,1,0,6,ROUGET DE L'ISLE,48.8288333012,2.2646158934,6,2,1
202100000664,200Â 527,A01,1,1,2,0,1,-1,-1,0,0,-1,2021,57.0,1,2,0,0,9,1,1,,1,20,-1,A,3,4,0,1,24,338,1,, -1,2,9,1,130,10,12,1,36,36122,1,1,1,6,,47.096422,1.861668,16,2,1
202100005844,191Â 345,A01,1,1,1,5,1,0,-1,-1, -1,-1,2021,27.0,1,2,13,0,2,1,1,,1,A5A PROVINCE / RN 105,0,,1,2,0,1,1,0,3,, -1,2,0,2,70,28,11,1,77,77495,1,1,0,6,A5A PROVINCE / RN 105,48.594611,2.634037,15,1,1
202100003254,195Â 946,A01,1,1,2,5,8,0,-1,-1, -1,-1,2021,25.0,2,2,12,0,2,1,1,,4,SAINT MARTIN RUE DES,0,,2,2,0,2,(1),(1),1,, -1,7,0,1,50,12,12,5,25,25056,2,1,0,6,SAINT MARTIN RUE DES,47.24302,5.99587,1,1,1
202100012885,178Â 697,A01,10,3,2,3,0,-1,-1,2,3,2,2021,79.0,2,1,0,1,1,0,3,,3,FONTAINEBLEAU (AV DE),0,,1,1,3,1,0,0,1,, -1,1,0,5,30,16,10,1,94,94043,2,1,0,6,Avenue de Fontainebleau,48.812336,2.361597,12,2,1
202100024852,157Â 236,B01,1,1,1,0,8,0,-1,-1, -1,-1,2021,25.0,2,2,0,2,3,1,1,,2,REDOUTE (ROUTE DE LA),0,,2,2,0,1,0,0,3,, -1,1,0,1,50,8,8,5,972,97209,1,1,0,1,REDOUTE (ROUTE DE LA),14.616188,-61.061675,21,2,2
202100011394,181Â 354,Z01,10,3,2,5,8,8,-1,4,3,1,2021,27.0,1,0,0,1,0,26,0,,4,CORSE (AVENUE DE LA),0,,2,4,0,1,0,0,1,, -1,1,0,1,50,23,10,5,13,13207,2,1,0,6,CORSE (AVENUE DE LA),43.28986,5.36621,21,2,1
202100031702,145Â 092,A01,1,1,1,9,2,8,-1,-1, -1,-1,2021,14.0,0,1,0,2,1,19,5,,4,QUERCY (ALLEE DU),0,,-1,1,0,1,(1),(1),1,, -1,1,0,1,50,29,6,1,31,31149,2,1,0,3,QUERCY (ALLEE DU),43.61166,1.33326,13,2,2
202100040884,128Â 547,B01,1,1,1,4,1,0,-1,-1, -1,-1,2021,42.0,1,2,0,2,4,2,1,,7,SAINTE CLAIRE (AVENUE),0,,2,4,0,1,1,120,1,, -1,1,0,1,50,4,5,1,83,83144,2,1,0,2,SAINTE CLAIRE (AVENUE),43.135797,6.005905,10,2,2
202100051749,109Â 198,A01,2,2,1,5,1,-1,-1,0,0,-1,2021,24.0,2,5,2,0,2,1,1,,3,35,-1,,2,2,0,2,4,970,2,, -1,1,0,3,80,13,2,3,24,24396,1,1,0,6,D35,44.889931,1.018102,7,2,1
202100006665,189Â 872,B01,1,1,1,0,2,6,-1,-1, -1,-1,2021,34.0,3,1,0,2,2,1,1,,4,8 MAI 1945 (PLACE DU),0,,1,1,0,1,(1),(1),1,, -1,1,0,1,30,21,11,5,34,34172,2,2,0,3,8 MAI 1945 (PLACE DU),43.60166,3.86805,20,2,2
202100053477,106Â 125,A01,1,1,1,9,2,6,-1,0,0,-1,2021,23.0,2,1,0,2,8,22,1,,4,RUE DE L EVANGILE,0,,2,2,0,1,(1),(1),1,, -1,2,0,1,50,27,1,1,75,75118,2,1,0,3,RUE DE L EVANGILE,48.895493,2.370525,9,3,2
202100019477,166Â 819,A01,1,1,1,4,2,6,-1,-1, -1,-1,2021,29.0,3,1,0,2,8,1,1,,4,CHAMBRE D'AMOUR (AVENUE DE LA),0,,2,2,0,2,0,0,1,, -1,1,0,1,50,11,9,5,64,64024,2,3,0,5,CHAMBRE D'AMOUR (AVENUE DE LA),43.4961,-1.53683,21,3,3
202100055756,102Â 201,A01,1,1,1,9,1,0,-1,-1, -1,-1,2021,44.0,2,2,6,0,8,16,1,,4,,0,,1,1,0,2,0,0,3,, -1,2,0,1,30,8,1,1,91,91691,2,1,0,6,CAMALDULES(RUE,48.71433,2.5069,10,1,1
202100049324,113Â 598,A01,2,2,1,0,1,-1,-1,0,0,-1,2021,17.0,2,2,2,0,7,21,1,,3,103,-1,,1,1,0,1,3,305,1,, -1,1,0,3,70,4,3,1,6,6152,1,1,0,7,Route du Parc,43.617223,7.037113,17,2,1
202100017041,171Â 163,A01,1,1,1,5,2,6,-1,0,0,-1,2021,41.0,3,1,12,0,1,13,1,,4,PLACE DU MOULIN DE JAVEL,0,,1,3,0,1,(1),(1),2,, -1,1,0,1,30,23,9,5,75,75115,2,7,0,6,PLACE DU MOULIN DE JAVEL,48.8402274342,2.2719624789,0,1,1
202100009418,184Â 865,B01,1,1,1,5,2,6,-1,-1, -1,-1,2021,16.0,0,1,0,2,4,1,1,,4,GRIOLET. RUE DE,0,,2,2,0,1,0,0,1,, -1,2,0,1,50,4,11,1,76,76640,2,3,1,3,GRIOLET. RUE DE,49.280961,1.039197,17,2,2
202100004504,193Â 718,B01,1,1,1,5,2,0,-1,-1, -1,-1,2021,51.0,2,1,0,2,2,15,1,,3,FELIX EBOUE(ROCADE),0,,2,2,0,1,2,50,1,, -1,2,0,1,50,5,12,1,973,97302,2,3,1,3,FELIX EBOUE(ROCADE),4.93107,-52.3132,18,2,2
202100005018,192Â 815,A01,10,3,2,4,0,-1,-1,3,3,1,2021,58.0,1,2,0,1,2,16,1,,4,COMMANDO VIGAN BRAQUET (AVENUE DU),0,,-1,2,0,1,0,0,1,, -1,1,0,1,50,1,12,1,30,30028,2,1,0,6,COMMANDO VIGAN BRAQUET (AVENUE DU),44.15677,4.61144,10,2,1
202100010432,183Â 075,A01,1,1,1,3,1,-1,-1,0,0,-1,2021,88.0,1,2,0,0,4,23,1,,3,191,-1,,2,2,0,1,93,208,1,, -1,2,5,1,50,29,10,1,78,78033,2,3,1,2,D191,48.928611,1.847522,13,2,2
202100012658,179Â 090,A01,10,3,1,0,0,-1,-1,3,3,1,2021,37.0,3,2,0,1,1,1,1,,4,,0,,2,2,0,1,0,0,1,, -1,1,0,1,30,16,10,1,30,30007,2,1,0,6,CARNOT (AVE),44.12153,4.08417,17,2,1
202100023216,160Â 122,A01,1,1,2,0,8,-1,-1,0,0,-1,2021,53.0,2,2,6,0,1,1,1,,7,524,0,,2,2,0,1,13,500,1,,4,1,5,3,70,19,8,1,38,38528,1,3,0,6,Avenue des Vaulnaveys,45.093898,5.793309,15,1,1
202100018704,168Â 207,B01,1,1,2,9,2,6,-1,-1, -1,-1,2021,34.0,1,1,0,2,5,1,1,,1,86,0,,1,4,0,1,0,600,1,, -1,2,0,1,70,15,9,5,92,92050,1,1,0,3,A86,48.9050775731,2.2089573741,19,2,2
202100034917,139Â 292,B01,1,1,1,0,1,0,-1,-1, -1,-1,2021,35.0,1,5,8,2,3,1,0,,7,SAINT SIMON (RTE DE) DU 3 AU 108,0,,2,1,0,1,61,561,1,, -1,1,0,1,50,10,6,1,31,31555,2,2,0,3,EISENHOWER (AVENUE DU GENERAL),43.56797,1.37689,20,4,2
202100019080,167Â 539,A01,1,1,1,0,2,6,-1,0,0,-1,2021,50.0,1,1,0,2,1,1,1,,3,900,-1,,2,2,0,1,(1),(1),1,, -1,1,0,1,50,31,8,1,84,84003,2,3,0,3,D900,43.878299,5.420101,11,2,2
202100000094,201Â 582,A01,1,1,1,9,8,0,-1,-1, -1,-1,2021,82.0,2,2,3,2,1,14,1,,2,N RN5,0,,3,2,0,1,10,0,1,, -1,1,9,1,90,30,12,2,91,91514,1,1,0,7,N RN5,48.65823,2.52086,8,1,1
202100041639,127Â 175,A01,10,3,2,3,0,-1,-1,2,3,1,2021,71.0,1,2,1,0,3,9,6,,4,PILORI (du),0,,2,2,0,1,(1),(1),1,, -1,1,0,1,30,19,3,1,80,80001,2,1,0,6,PILORI (du),50.10764,1.83571,11,2,1
202100044502,122Â 155,A01,2,2,1,0,8,-1,-1,0,0,-1,2021,18.0,3,2,0,0,9,0,1,,4,,-1,,2,2,0,1,(1),(1),1,, -1,1,0,3,80,11,4,1,76,76622,1,1,0,7,Route du Petit Long,49.465398,0.617031,16,2,1
202100048545,114Â 979,A01,10,3,1,5,0,-1,-1,3,3,1,2021,73.0,2,2,0,1,2,16,1,,4,RODRIGUES (RUE DE),0,,2,2,0,1,0,0,1,, -1,1,0,1,50,10,3,1,47,47001,2,4,0,6,RODRIGUES (RUE DE),44.19558,0.63195,17,2,1
202100044382,122Â 341,A01,1,1,1,5,0,-1,-1,0,0,-1,2021,25.0,3,2,13,0,1,14,1,,7,241,0,M,2,2,0,1,(1),(1),1,, -1,1,0,3,-1,12,4,1,59,59653,2,1,0,6,Rue du General Koenig,50.559089,2.924321,13,1,1
202100013189,178Â 170,D01,1,1,1,1,1,0,-1,-1, -1,-1,2021,26.0,2,2,0,2,1,1,1,,1,A51-Sens Aix en Provence vers Marseille,0,,-1,4,3,1,3,500,1,, -1,1,0,1,90,5,10,3,13,13019,1,1,0,5,A51-Sens Aix en Provence vers Marseille,43.41828,5.366032,19,4,4
202100022478,161Â 455,A01,1,1,1,9,2,8,-1,-1, -1,-1,2021,27.0,1,1,0,2,8,3,1,,3,REPUBLIQUE (AV DE LA),0,,2,2,0,2,1,0,1,, -1,1,0,1,50,25,8,2,94,94017,2,1,0,6,REPUBLIQUE (AV DE LA),48.81911,2.51138,21,3,3
202100049790,112Â 747,A01,1,1,1,5,2,6,-1,0,0,-1,2021,34.0,2,1,0,0,8,1,1,,3,424,-1,,2,2,0,2,14,150,4,, -1,1,0,1,80,28,2,1,67,67477,1,1,0,7,Chemin Rural,48.366268,7.223846,10,1,1
202100040375,129Â 437,B01,1,1,1,1,2,6,-1,-1, -1,-1,2021,24.0,1,1,0,2,1,1,1,,3,BAC (AV DU),0,,2,2,0,1,1,0,1,, -1,1,0,1,30,10,5,5,94,94068,2,2,0,3,Avenue du Bac,48.79704,2.50485,22,2,2
202100041513,127Â 408,A01,1,1,2,4,1,8,-1,-1, -1,-1,2021,28.0,0,4,0,0,7,1,1,,4,ESTUAIRE,0,,2,2,0,1,(1),(1),1,, -1,1,0,1,50,30,4,1,76,76305,1,6,0,7,ESTUAIRE,49.45773,0.2059,13,1,1
202100032658,143Â 391,A01,1,1,1,9,1,-1,-1,-1, -1,-1,2021,49.0,1,2,0,1,7,21,1,,4,GANTILLON  R,0,,2,2,0,1,(1),(1),1,, -1,1,9,1,50,23,6,1,69,69264,2,9,0,6,GANTILLON  (R),45.994,4.72122,9,2,1
202100030193,147Â 800,A01,1,1,1,0,8,0,-1,-1, -1,-1,2021,26.0,1,2,0,2,9,19,1,,7,RTE D AGDE,0,,2,3,0,1,22,291,1,, -1,2,5,1,50,6,7,5,31,31555,2,9,1,3,RTE D AGDE,43.62758,1.47953,4,2,2
202100006485,190Â 209,A01,1,1,1,5,2,6,-1,-1, -1,-1,2021,28.0,1,1,0,2,0,1,1,,3,EUROPE (AVENUE DE L'),0,,1,2,0,1,0,0,1,, -1,1,0,1,50,24,11,1,92,92072,2,1,0,3,EUROPE (AVENUE DE L'),48.82259,2.20829,15,2,2
202100005726,191Â 565,A01,1,1,1,1,1,4,-1,-1, -1,-1,2021,24.0,1,2,3,0,1,21,1,,1,A13,0,,3,3,0,1,36,299,1,, -1,2,0,1,130,29,11,2,78,78238,1,1,0,6,A13,48.97059,1.87642,8,1,1
202100051624,109Â 417,A01,1,1,1,5,2,6,-1,0,0,-1,2021,25.0,1,1,0,0,0,13,1,,3,6110,-1,,2,2,0,1,23,500,2,, -1,1,0,3,80,13,2,1,30,30002,1,1,0,7,D6110,43.966195,4.098115,16,1,1
202100009724,184Â 320,B01,1,1,1,0,8,6,-1,-1, -1,-1,2021,17.0,2,1,0,2,1,15,1,,4,CHATEAU D'EAU (CHEMIN DU),0,,2,2,0,1,(1),(1),1,, -1,1,0,1,50,2,11,1,974,97416,1,1,0,1,CHATEAU D'EAU (CHEMIN DU),-21.3257575163,55.4746922967,9,3,2
202100025773,155Â 619,A01,1,1,2,5,2,0,-1,0,0,-1,2021,72.0,3,1,0,2,2,1,5,,4,AVENUE WINSTON CHURCHILL,0,,2,4,0,1,(1),(1),1,, -1,1,0,1,50,3,8,1,75,75108,2,1,0,3,AVENUE WINSTON CHURCHILL,48.86611,2.313828,11,2,2
202100050752,110Â 964,A01,10,3,1,0,0,-1,-1,3,3,2,2021,4.0,1,2,0,1,1,15,1,,4,NATIONAL (BOULEVARD),0,,1,2,0,1,0,0,1,, -1,1,0,1,50,19,2,5,13,13203,2,2,0,3,NATIONAL (BOULEVARD),43.30984,5.379,22,5,1
202100028920,150Â 036,A01,1,1,1,0,1,-1,-1,0,0,-1,2021,30.0,1,2,8,0,1,1,1,,3,60,-1,,2,2,0,1,2,900,1,, -1,1,0,3,80,14,7,1,83,83007,1,1,0,6,Route de Fox Amphoux,43.621072,6.192663,19,1,1
202100021399,163Â 397,A01,1,1,1,1,2,6,-1,-1,0,-1,2021,31.0,1,1,4,0,1,26,1,,1,AUTOROUTE A1,0,,3,8,0,1,26,0,3,, -1,1,0,1,70,1,9,1,95,95641,1,1,0,6,AUTOROUTE A1,49.06951,2.55249,18,1,1
202100009506,184Â 720,A01,1,1,1,5,1,-1,-1,0,0,-1,2021,47.0,1,5,3,2,3,2,1,,7,17,-1,D,2,2,0,1,11,549,2,, -1,2,0,1,80,1,11,3,34,34217,2,1,1,1,980 Route de Mende,43.70355,3.867302,5,2,2
202100052255,108Â 302,A01,1,1,2,3,1,-1,-1,0,0,-1,2021,49.0,3,2,13,0,1,1,1,,4,0,0,A,2,2,0,1,(1),(1),2,, -1,7,9,8,90,8,2,1,62,62393,2,1,1,6,Rue du Houlet,50.922902,1.974744,11,1,1
202100015159,174Â 616,A01,1,1,2,5,1,-1,-1,0,0,-1,2021,77.0,1,2,0,2,8,19,1,,3,164,-1,,2,2,0,2,63,6,1,, -1,1,5,1,70,5,10,1,44,44128,1,2,0,3,carrefour de lancÃ©,47.537543,-1.927285,10,2,2
202100053823,105Â 541,B01,1,1,1,0,2,6,-1,-1, -1,-1,2021,31.0,2,1,0,2,1,1,1,,4,m'tsapere-Nationale 2 (route),0,,2,0,0,1,0,0,1,, -1,1,0,1,50,23,1,1,976,97611,2,1,0,1,m'tsapere-Nationale 2 (route),-12.7915,45.21848,16,2,2
202100051991,108Â 775,B01,1,1,1,0,2,6,-1,-1, -1,-1,2021,21.0,2,1,0,2,1,1,1,,4,FONTANIERES (DE)                     (CH,0,,2,2,0,2,(1),(1),1,, -1,2,0,1,50,10,2,5,69,69142,2,2,1,3,FONTANIERES (DE) (CHM),45.7257749555,4.811569494,0,3,2
202100030181,147Â 821,A01,1,1,1,1,8,0,-1,-1, -1,-1,2021,24.0,1,1,0,2,0,9,5,,4,ECCE HOMO BOULEVARD,0,,2,1,1,1,1,0,1,, -1,1,0,1,50,6,7,1,49,49007,2,1,0,6,ECCE HOMO BOULEVARD,47.46414,-0.5648,16,1,1
202100045695,120Â 064,A01,1,1,1,5,2,-1,-1,0,0,-1,2021,79.0,2,1,0,0,4,2,5,,3,31,-1,D,1,2,0,1,(1),(1),2,, -1,1,0,1,30,23,3,1,91,91579,1,6,1,2,D31,48.540563,2.351933,14,2,2
202100031073,146Â 200,A01,2,2,2,5,2,6,-1,-1, -1,-1,2021,17.0,1,1,0,2,5,1,1,,3,VENDEENS (AV DES),0,,2,2,0,1,0,505,1,, -1,1,0,1,50,29,6,1,50,50218,2,1,0,2,VENDEENS (AV DES),48.83532,-1.5793,16,3,2
202100012945,178Â 598,A01,1,1,1,5,0,-1,-1,0,0,-1,2021,20.0,1,2,0,0,1,1,1,,3,518,-1,,2,2,0,1,16,100,1,, -1,1,0,8,80,16,10,1,38,38035,1,1,0,7,CD518,45.529817,5.087099,13,1,1
202100009045,185Â 540,A01,2,2,2,0,1,4,-1,-1, -1,-1,2021,39.0,2,2,0,2,1,2,1,,1,AUTOROUTE A6A,0,,1,3,0,1,0,899,1,, -1,1,0,1,70,7,11,5,94,94003,1,1,0,2,AUTOROUTE A6A,48.80943,2.33918,19,4,3
202100051815,109Â 084,A01,2,2,1,0,8,0,-1,-1, -1,-1,2021,6.0,1,5,1,2,2,1,1,,2,RN 296,0,,2,5,0,2,1,100,2,, -1,1,0,6,90,11,2,1,13,13001,1,1,0,2,RN 296,43.5392042717,5.4328078072,14,3,2
202100021548,163Â 122,A01,10,3,1,5,0,-1,-1,3,3,2,2021,68.0,0,2,0,1,7,0,1,,7,489,-1,,2,2,0,1,5,600,1,, -1,1,0,1,50,21,8,1,69,69069,2,1,0,6,EDOUARD MILLAUD (AV),45.7473454758,4.725687734,8,2,1
202100045092,121Â 130,B01,1,1,1,0,8,0,-1,-1, -1,-1,2021,23.0,1,2,0,2,0,2,1,,4,TVPCM-Sens Saint Victor vers Les Ports,0,,-1,2,0,1,0,430,1,, -1,1,1,1,50,1,4,1,13,13207,1,1,0,4,TVPCM-Sens Saint Victor vers Les Ports,43.2929838231,5.3650236061,18,8,6
202100009941,183Â 924,A01,1,1,1,4,2,6,-1,-1, -1,-1,2021,24.0,1,1,0,0,0,1,1,,4,JEAN JAURES (BOULEVARD) 63/215 - 70/208,0,,2,0,0,1,0,0,1,, -1,2,0,1,50,1,11,5,92,92012,2,1,0,7,JEAN JAURES (BOULEVARD) 63/215 - 70/208,48.8273518454,2.2470836341,19,1,1