Num_Acc,id_vehicule,num_veh,place,catu,sexe,trajet,secu1,secu2,secu3,locp,actp,etatp,year_acc,victim_age,senc,catv,obs,obsm,choc,manv,motor,occutc,catr,voie,v1,v2,circ,nbv,vosp,prof,pr,pr1,plan,lartpc,larrout,surf,infra,situ,vma,jour,mois,lum,dep,com,agg_,int,atm,col,adr,lat,long,hour,nb_victim,nb_vehicules
202100027479,152Â 607,A01,2,2,1,0,1,0,-1,0,0,-1,2021,19.0,1,2,2,0,9,26,1,,1,Autoroute A 33,0,,3,4,0,2,19,0,3,, -1,1,0,3,110,23,7,3,54,54483,1,1,0,6,Autoroute A 33,48.61759,6.31188,3,2,1
202100053287,106Â 485,B01,1,1,2,5,1,-1,-1,0,0,-1,2021,79.0,1,2,0,2,1,1,1,,3,933,-1,,2,3,0,1,42,200,1,, -1,2,5,1,80,29,1,1,64,64010,1,3,1,3,RD 933,43.333144,-1.01538,10,2,2
202100054622,104Â 150,A01,7,2,1,5,8,-1,-1,0,0,-1,2021,11.0,1,2,13,6,1,1,1,,1,11,0,,3,5,0,1,103,100,1,, -1,1,0,1,130,18,1,3,28,28219,1,1,0,6,"PK 103+100, Autoroute A11 sens PARIS/Province",48.231811,1.029196,22,7,1
202100044559,122Â 069,A01,1,1,1,0,8,0,-1,-1, -1,-1,2021,22.0,1,1,0,2,1,19,5,,7,263,0,,3,2,1,1,0,0,1,, -1,1,0,1,50,8,4,1,67,67482,2,1,0,3,GENERAL DE GAULLE (ROUTE DU),48.597384,7.74109,17,3,2
202100026477,154Â 371,A01,1,1,2,0,8,0,-1,-1, -1,-1,2021,26.0,3,1,0,2,2,1,5,,4,CENT-VINGT-TROISIEME REGIMENT D,0,,-1,1,1,3,(1),(1),3,, -1,1,0,1,30,28,7,1,17,17300,2,6,0,3,CENT-VINGT-TROISIEME REGIMENT D,46.15221,-1.14824,14,2,2
202100044867,121Â 519,A01,10,3,1,5,0,-1,-1,1,2,1,2021,34.0,1,2,0,1,2,1,1,,3,238,0,,2,2,0,1,1,838,1,, -1,1,0,1,50,7,4,1,33,33157,2,1,0,6,,44.803858,-0.263602,14,2,1
202100049307,113Â 624,A01,1,1,2,0,1,-1,-1,0,0,-1,2021,78.0,1,2,2,0,1,1,1,,3,133,-1,,2,2,0,2,6,700,2,, -1,1,0,3,80,4,3,1,79,79007,1,1,0,6,Roche Cochon,46.590131,-0.35446,12,1,1
202100017761,169Â 876,A01,1,1,2,9,1,-1,-1,0,0,-1,2021,40.0,1,2,0,2,1,2,1,,2,N47,-1,,3,4,0,1,9,600,1,, -1,1,0,1,90,21,9,1,59,59550,1,1,0,2,N47,50.540008,2.832502,11,2,2
202100015038,174Â 829,A01,1,1,1,5,1,0,-1,0,0,-1,2021,24.0,1,2,3,0,2,1,1,,3,D26E,0,,2,2,0,1,(1),(1),2,, -1,2,0,1,80,3,10,2,54,54575,1,1,1,6,RD26B,49.48039,5.85982,18,1,1
202100011258,181Â 608,A01,10,3,2,3,0,-1,-1,9,2,1,2021,66.0,3,2,0,1,4,20,1,,6,65,0,D,-1,-1,0,1,(1),(1),1,, -1,2,9,1,50,24,10,1,35,35236,2,7,1,6,Place de la RÃ©publique,47.651497,-2.084893,17,2,1
202100036262,136Â 862,A01,2,2,2,5,1,0,-1,0,0,-1,2021,22.0,2,2,0,2,5,12,1,,4,PORTE DE LA CHAPELLE,0,,1,4,0,1,23,800,1,, -1,1,1,1,70,3,6,5,75,75118,2,1,0,3,PORTE DE LA CHAPELLE,48.900802,2.369807,22,4,2
202100051200,110Â 155,A01,1,1,1,0,2,6,-1,-1, -1,-1,2021,32.0,1,1,0,2,1,2,1,,3,CROIZAT (AVENUE AMBROISE),0,,2,2,2,1,0,1,1,, -1,1,0,1,50,17,2,1,93,93030,2,2,0,2,CROIZAT (AVENUE AMBROISE),48.9561,2.41616,16,3,2
202100000073,201Â 621,A01,10,3,2,5,0,-1,-1,5,1,1,2021,56.0,2,2,0,1,2,16,1,,3,LIBERATION (AV. DE LA),0,,2,2,0,1,14,780,1,, -1,1,0,4,50,21,12,1,4,4112,2,1,0,6,RD 907 (av de la libÃ©ration) - Localisation fausse,43.81857,5.79683884,9,2,1
202100006688,189Â 825,A01,1,1,1,5,2,6,-1,-1, -1,-1,2021,17.0,1,1,0,2,1,19,1,,4,BARA (RUE),0,,2,2,0,1,1,0,1,, -1,1,0,1,50,12,11,1,18,18279,2,2,0,3,BARA (RUE),47.23356,2.04499,13,2,2
202100043927,123Â 154,A01,10,3,2,0,0,-1,-1,3,3,2,2021,11.0,2,2,0,1,3,1,1,,4,RODIN (AVENUE AUGUSTE),0,,2,2,0,1,0,0,1,, -1,1,0,1,50,14,4,1,93,93073,2,1,0,6,RUE AUGUSTE RODIN,48.9566915014,2.5638645887,17,4,1
202100043417,124Â 054,A01,1,1,1,5,2,-1,-1,-1,0,-1,2021,38.0,3,1,0,0,9,15,1,,4,LE NOTRE,0,,2,2,0,1,(1),(1),2,, -1,1,0,1,70,19,4,1,95,95280,2,1,0,7,Rue le Notre,49.0186405998,2.4601171513,15,1,1
202100052908,107Â 145,A01,10,3,2,9,0,-1,-1,3,3,1,2021,15.0,1,2,0,1,2,1,1,,4,RUE DES PYRENEES,0,,-1,2,0,1,(1),(1),1,, -1,1,0,1,50,1,2,1,75,75120,2,3,0,6,RUE DES PYRENEES,48.871032,2.393133,16,2,1
202100017534,170Â 278,A01,1,1,2,1,1,-1,-1,0,0,-1,2021,23.0,1,2,4,0,0,0,1,,1,28,0,A,3,4,0,2,48,500,1,, -1,1,0,1,130,22,9,3,76,76122,1,1,0,4,AUTOROUTE A 28 PK 48.500 en direction Rouen,49.7959790906,1.5031930216,20,3,3
202100023643,159Â 362,A01,2,2,2,5,1,-1,-1,0,0,-1,2021,33.0,1,2,0,0,1,1,1,,3,918,-1,,2,2,0,1,39,400,1,, -1,1,0,1,80,19,8,1,64,64350,1,1,0,1,RD918,43.304905,-1.354569,16,7,2
202100030832,146Â 650,A01,10,3,1,5,0,-1,-1,2,5,1,2021,9.0,2,2,0,1,7,1,1,,4,ETRETAT (D'),0,,2,2,0,2,(1),(1),1,, -1,1,0,1,50,1,7,1,76,76351,2,3,0,6,ETRETAT (D'),49.49801,0.09596,12,2,1
202100025995,155Â 214,B01,1,1,2,5,1,0,-1,-1, -1,-1,2021,37.0,1,2,0,2,4,2,1,,2,33 PK RN11 NANTES ROCADE,0,,3,4,0,1,34,171,1,, -1,1,0,1,70,1,8,1,17,17291,1,1,0,2,33 PK RN11 NANTES ROCADE,46.17494,-1.11075,14,3,2
202100010740,182Â 531,A01,1,1,1,1,8,0,-1,0,0,-1,2021,58.0,1,1,0,0,0,16,3,,4,RUE DE LA GRANGE AUX BELLES,0,,1,1,0,1,(1),(1),1,, -1,1,0,1,30,27,10,5,75,75110,2,2,0,7,RUE DE LA GRANGE AUX BELLES,48.873704,2.364909,19,1,1
202100038185,133Â 392,B01,1,1,1,5,8,8,-1,-1, -1,-1,2021,75.0,1,1,0,2,8,2,5,,7,NANTES (RUE DE),0,,2,2,0,1,12,380,1,, -1,2,0,1,50,26,5,1,35,35238,2,2,1,3,NANTES (RUE DE),48.09454,-1.69036,7,2,2
202100019742,166Â 356,A01,10,3,1,9,0,-1,-1,2,3,2,2021,3.0,1,5,0,0,2,1,1,,4,PARC (AV DU),0,,2,2,0,1,1,0,1,, -1,2,0,1,50,10,9,1,94,94017,2,1,1,6,PARC (AV DU),48.8128,2.5557,18,2,1
202100045107,121Â 108,A01,10,3,1,5,0,-1,-1,9,5,2,2021,12.0,2,5,0,1,1,1,1,,3,909,0,,2,2,0,1,0,0,1,, -1,1,0,1,50,31,3,1,92,92009,2,2,0,6,ARGENTEUIL NÂ° 176 A 388,48.9259500588,2.2739318758,17,2,1
202100040779,128Â 722,A01,1,1,1,0,2,0,-1,-1, -1,-1,2021,22.0,3,1,0,2,8,1,1,,3,909,0,,2,6,1,1,1,0,1,, -1,1,0,1,50,8,5,1,92,92025,2,2,0,3,STALINGRAD (AV DE),48.93566,2.26095,11,3,2
202100047582,116Â 711,A01,1,1,2,1,1,0,-1,-1, -1,-1,2021,31.0,1,2,0,2,4,1,1,,1,A7-Sens Lyon vers Marseille,0,,1,3,0,1,274,500,1,, -1,1,0,1,90,17,3,1,13,13215,1,1,0,2,A7-Sens Lyon vers Marseille,43.3694,5.3611,18,2,2
202100019965,165Â 948,B01,1,1,1,5,2,6,-1,0,0,-1,2021,52.0,1,1,0,2,1,1,1,,3,115,-1,,2,2,0,2,2,500,3,, -1,2,0,1,80,10,9,1,64,64178,1,1,1,3,D115,43.320932,-0.792947,16,2,2
202100054961,103Â 571,B01,1,1,2,9,1,-1,-1,0,0,-1,2021,21.0,1,2,0,2,2,1,1,,3,122,0,D,2,2,0,1,3,450,2,, -1,5,0,1,80,15,1,1,25,25033,1,1,1,1,D122,47.401196,6.824484,12,2,2
202100045713,120Â 035,A01,1,1,2,0,1,8,-1,-1, -1,-1,2021,29.0,2,2,0,0,9,1,1,,1,A55-Sens Martigues vers Marseille,0,,1,2,0,2,36,99,3,, -1,1,0,1,70,1,4,3,13,13056,1,1,0,6,A55-Sens Martigues vers Marseille,43.39655,5.04521,6,1,1
202100006414,190Â 328,B01,1,1,1,5,2,6,-1,-1, -1,-1,2021,16.0,1,1,0,2,8,1,1,,4,JUSTICE (RUE DE LA),0,,2,2,0,1,(1),(1),1,, -1,1,0,1,50,24,11,1,51,51454,2,4,0,3,Rue de la Petite Vitesse,49.26631,4.0328,12,2,2
202100028604,150Â 587,B01,1,1,2,5,1,-1,-1,-1, -1,-1,2021,40.0,3,2,0,2,7,1,1,,7,YVES FARGE                          (R ),0,,2,2,0,1,63,700,1,, -1,1,0,1,50,16,7,1,69,69259,2,2,0,3,YVES FARGE (BD),45.6889339077,4.8618149757,16,2,2
202100015441,174Â 105,C01,1,1,1,5,1,0,-1,-1, -1,-1,2021,40.0,1,5,3,2,4,2,1,,1,AUTOROUTE A6,0,,3,6,0,1,14,789,1,, -1,4,0,1,110,3,10,1,91,91161,1,1,1,5,AUTOROUTE A6,48.69462,2.31897,10,4,4
202100032660,143Â 388,A01,1,1,2,0,2,6,-1,-1, -1,-1,2021,35.0,3,1,0,9,8,15,1,,4,BAHINOS (ROND POINT DE),0,,-1,2,0,1,0,0,2,, -1,2,0,1,50,23,6,1,64,64024,2,6,1,7,BAHINOS (ROND POINT DE),43.49414,-1.51816,19,1,1
202100015189,174Â 560,B01,1,1,1,0,2,-1,-1,0,0,-1,2021,17.0,3,1,0,0,0,0,1,,3,x,0,X,-1,1,0,1,1,500,1,, -1,2,9,8,50,1,10,1,60,60143,2,6,1,7,Rond point candellier,49.269054,1.869586,14,2,2
202100016821,171Â 553,A01,10,3,1,0,0,-1,-1,3,3,2,2021,4.0,1,2,0,1,1,1,1,,4,JEAN RAYNAL (RUE),0,,2,4,0,1,0,0,1,, -1,1,0,1,50,24,9,1,91,91434,2,1,0,6,JEAN RAYNAL (RUE),48.660989,2.345127,18,2,1
202100023389,159Â 811,B01,1,1,1,0,8,0,-1,-1, -1,-1,2021,63.0,2,1,0,2,8,3,1,,1,10,0,,3,3,0,1,3,799,1,, -1,1,0,1,90,20,8,1,91,91377,1,1,0,3,AUTOROUTE A10,48.7168,2.2913,15,2,2
202100022907,160Â 676,B01,2,2,1,5,2,8,-1,-1, -1,-1,2021,7.0,2,1,0,2,1,1,1,,4,MARKSTEIN (RUE DU),0,,2,2,0,1,(1),(1),1,, -1,2,0,1,50,22,8,1,68,68376,2,3,1,3,MARKSTEIN (RUE DU),47.81057,7.33123,16,4,2
202100016672,171Â 827,A01,1,1,1,5,2,6,-1,0,0,-1,2021,27.0,1,1,0,2,1,2,1,,4,BOULEVARD DE COURCELLES,0,,2,5,0,1,(1),(1),1,, -1,2,0,1,50,26,9,2,75,75117,2,2,1,2,BOULEVARD DE COURCELLES,48.880815,2.31261,18,2,2
202100022412,161Â 580,A01,1,1,2,0,1,8,-1,-1, -1,-1,2021,49.0,2,2,0,2,1,2,0,,3,LIBERATION (ROUTE DE LA),0,,1,1,0,1,55,0,1,, -1,1,0,1,30,26,8,1,74,74118,2,1,0,2,LIBERATION (ROUTE DE LA),46.1807887658,6.229772066,11,2,2
202100007084,189Â 097,A01,2,2,2,5,2,6,-1,0,0,-1,2021,55.0,1,1,0,0,8,1,1,,3,952,0,,2,2,0,2,21,900,3,, -1,7,0,1,80,20,11,1,4,4144,1,1,0,7,RD 952,43.788058,6.375568,12,2,1
202100025128,156Â 740,A01,1,1,2,5,1,0,-1,-1, -1,-1,2021,22.0,2,2,0,0,1,0,1,,2,4E ZOUAVE (DU) (AVENUE),0,,4,4,0,1,78,680,1,, -1,1,5,1,50,8,8,5,17,17306,2,3,0,1,4E ZOUAVE (DU) (AVENUE),45.629428,-0.993671,0,2,2
202100014998,174Â 894,B01,2,2,1,2,2,0,-1,-1, -1,-1,2021,16.0,2,1,0,2,3,1,1,,4,FERRY (AVENUE JULES),0,,2,2,3,1,0,1,1,, -1,1,0,1,50,4,10,1,74,74012,2,1,0,3,FERRY (AVENUE JULES),46.19298,6.23741,15,5,2
202100002565,197Â 196,A01,10,3,2,0,0,-1,-1,9,1,2,2021,13.0,0,2,0,1,0,14,1,,4,BERTHELOT,0,,2,0,0,1,0,0,1,, -1,1,0,1,50,10,6,1,92,92040,2,3,0,6,BERTHELOT,48.8221504839,2.270905003,18,2,1
202100013941,176Â 781,A01,1,1,1,0,1,-1,-1,0,0,-1,2021,41.0,2,5,0,2,7,10,1,,3,1006,0,,2,2,0,1,11,290,1,, -1,1,0,1,80,9,10,1,73,73105,1,1,0,3,D1006 - 2853 Route de Lyon,45.464812,5.736656,15,2,2
202100048811,114Â 520,A01,1,1,1,1,2,-1,-1,0,0,-1,2021,22.0,1,1,0,2,1,2,1,,3,999,0,,2,2,0,1,62,245,1,, -1,1,0,1,50,9,3,1,12,12208,2,1,0,5,Boulevard de Verdun,43.957372,2.880172,8,5,4
202100036715,136Â 084,A01,1,1,1,0,2,6,-1,0,0,-1,2021,60.0,2,1,0,2,1,17,1,,3,402,0,D,2,2,0,1,1,150,3,, -1,1,0,1,80,4,6,1,83,83127,1,1,0,1,D402,43.266472,5.805354,14,2,2
202100040315,129Â 540,A01,10,3,1,1,0,-1,-1,2,3,2,2021,12.0,1,2,0,1,2,1,1,,3,rue des etats unis,0,,2,2,0,1,114,700,1,, -1,2,0,1,50,10,5,1,88,88383,2,4,1,6,rue des etats unis,48.01634,6.58516,16,3,1
202100047097,117Â 586,A01,1,1,1,1,2,6,-1,0,0,-1,2021,21.0,2,1,0,2,1,3,1,,3,404,-1,,2,2,0,4,0,280,1,, -1,1,0,1,50,23,3,1,77,77153,2,3,0,3,Rue Louis Braille,49.049335,2.673449,17,5,2
202100039203,131Â 549,A01,1,1,1,9,2,6,-1,0,0,-1,2021,68.0,1,1,0,2,3,13,1,,3,6009,-1,,2,2,0,1,50,200,2,, -1,1,0,1,80,21,5,1,11,11144,1,1,0,3,D6009,42.868258,2.986307,7,2,2
202100014147,176Â 402,A01,10,3,1,5,0,-1,-1,3,3,2,2021,3.0,3,2,0,1,5,26,1,,4,POUVREAU(AVENUE MARCEL),0,,2,2,0,1,0,1,1,, -1,1,0,1,30,9,10,1,77,77152,2,1,0,3,POUVREAU(AVENUE MARCEL),48.519947,2.636761,16,2,1
202100038514,132Â 800,B01,1,1,1,0,8,-1,-1,-1, -1,-1,2021,74.0,2,2,0,2,4,2,1,,7,GENAS (DE)                          (RO),0,,2,4,3,1,0,1,1,, -1,1,0,1,50,23,5,1,69,69256,2,1,0,4,GENAS (DE) (RTE),45.74849,4.91778,9,5,3
202100029028,149Â 844,B01,1,1,2,5,0,-1,-1,0,0,-1,2021,15.0,3,1,0,2,4,2,5,,4,784,0,D,2,2,0,1,95,300,1,, -1,1,0,1,50,11,7,4,29,29197,2,1,0,2,Rue de LocquÃ©ran,48.024055,-4.534079,1,2,2
202100003796,194Â 972,A01,1,1,1,5,1,-1,-1,0,0,-1,2021,35.0,2,2,8,0,1,1,1,,3,533,-1,,2,2,0,1,2,800,3,, -1,2,0,3,90,11,12,2,53,53011,1,1,0,6,la garanciere,47.941532,-0.865849,5,1,1
202100021071,163Â 994,A01,1,1,2,0,1,0,-1,0,0,-1,2021,27.0,1,2,0,2,1,15,1,,3,LION CD60 (ROUTE DE),0,,1,3,0,1,1,0,1,, -1,1,3,1,50,3,9,1,14,14327,2,1,0,3,,49.206181,-0.349787,13,2,2
202100007650,188Â 074,A01,10,3,1,9,0,-1,-1,2,3,1,2021,27.0,3,2,0,1,2,1,1,,4,BOULEVARD DE PORT ROYAL,0,,2,4,0,1,(1),(1),1,, -1,1,0,1,30,17,11,1,75,75105,2,1,0,6,BOULEVARD DE PORT ROYAL,48.837801,2.344945,10,2,1
202100040509,129Â 196,A01,10,3,1,5,0,-1,-1,4,3,1,2021,70.0,1,2,0,1,7,15,2,,4,AVENUE DE WAGRAM,0,,2,8,0,1,(1),(1),1,, -1,1,0,1,50,10,5,1,75,75117,2,2,0,6,AVENUE DE WAGRAM,48.883275,2.301946,11,2,1
202100025445,156Â 181,A01,10,3,2,5,0,-1,-1,3,3,1,2021,87.0,2,2,0,1,1,12,1,,4,RUE DU GENERAL CHANZY,0,,2,3,0,1,(1),(1),1,, -1,1,0,1,30,4,8,1,54,54329,2,3,0,6,RUE DU GENERAL CHANZY,48.5958,6.4896,9,2,1
202100053916,105Â 372,A01,1,1,2,1,1,0,-1,-1, -1,-1,2021,36.0,2,2,4,0,1,1,1,,2,104,0,,-1,2,0,1,1,0,3,, -1,2,0,1,90,24,1,2,77,77169,1,1,0,6,RN104,48.8205124124,2.6157500415,7,1,1
202100025907,155Â 382,B01,1,1,1,5,2,-1,-1,0,0,-1,2021,17.0,1,1,0,2,1,1,1,,3,213,-1,,3,2,0,1,46,700,1,, -1,1,0,1,80,3,8,3,44,44012,1,1,0,5,La bliniÃ¨re,47.09564,-2.036002,1,3,3
202100010001,183Â 822,A01,1,1,1,0,8,0,-1,-1, -1,-1,2021,45.0,1,1,0,2,1,13,1,,3,SECTION COCOYER,0,,2,2,0,2,(1),(1),1,, -1,1,0,1,70,30,10,1,971,97113,1,1,0,1,SECTION COCOYER,16.23411,-61.48169,11,3,2
202100047451,116Â 948,A01,1,1,1,5,1,-1,-1,0,0,-1,2021,37.0,2,5,0,2,8,1,1,,3,902,0,,2,2,0,2,34,10,3,, -1,5,0,1,80,1,2,1,73,73232,1,1,1,3,D902,45.5465905053,6.9074658715,7,3,2
202100002161,197Â 921,A01,2,2,2,5,1,0,-1,-1, -1,-1,2021,55.0,1,5,0,2,7,1,1,,4,TURGOT,0,,2,2,0,1,0,0,1,, -1,1,0,1,50,19,12,5,93,93046,2,6,0,3,TURGOT,48.9151903591,2.5169872444,21,3,2
202100049871,112Â 595,B01,2,2,2,0,1,0,-1,-1, -1,-1,2021,38.0,2,2,0,2,1,16,1,,4,LEDRU ROLLIN QUAI NÂ° 1 A 99,0,,2,2,0,1,0,0,1,, -1,1,0,1,50,27,2,1,72,72181,2,3,0,3,LEDRU ROLLIN QUAI NÂ° 1 A 99,48.00923,0.19393,16,3,2
202100052960,107Â 054,A01,1,1,1,4,8,-1,-1,-1, -1,-1,2021,26.0,2,5,0,2,2,17,1,,1,46,0,,3,4,0,2,42,299,1,, -1,2,0,1,90,1,2,3,69,69290,1,1,1,2,A46S,45.6926798037,4.9683762789,4,2,2
202100050781,110Â 914,B01,1,1,1,5,2,6,-1,-1, -1,-1,2021,41.0,1,1,0,2,3,1,1,,2,BOULEVARD CIRCULAIRE,0,,1,0,0,1,0,0,1,, -1,1,0,1,70,20,2,2,92,92026,2,4,0,3,BOULEVARD CIRCULAIRE,48.8876815526,2.2522777319,18,4,2
202100038624,132Â 598,A01,1,1,2,5,1,-1,-1,0,0,-1,2021,26.0,2,2,0,2,1,1,1,,4,LARREY (RUE),0,,1,2,0,1,(1),(1),1,, -1,1,0,1,50,23,5,1,65,65440,2,2,0,3,LARREY (RUE),43.230418,0.075524,16,2,2
202100014481,175Â 823,A01,1,1,2,1,1,-1,-1,0,0,-1,2021,21.0,1,2,2,0,2,0,1,,3,437,0,D,2,2,0,1,78,250,1,, -1,1,0,3,80,8,10,1,25,25148,1,1,0,6,D437,47.111471,6.690474,11,1,1
202100051466,109Â 706,A01,1,1,2,3,8,-1,-1,0,0,-1,2021,16.0,1,1,0,0,6,1,1,,3,226,0,,2,2,0,1,1,800,1,, -1,1,0,1,80,14,2,1,32,32409,1,1,0,2,D 226,43.390329,0.546613,11,3,2
202100003847,194Â 877,B01,1,1,1,9,1,0,-1,-1, -1,-1,2021,29.0,1,2,0,2,1,17,1,,4,R DE LA FOSSE ROUGE,0,,2,2,0,2,1,0,1,, -1,1,0,1,50,9,12,5,94,94071,2,9,0,3,Rue de la Fosse Rouge,48.77515,2.52116,18,2,2
202100014697,175Â 444,A01,1,1,1,5,2,6,-1,0,0,-1,2021,18.0,3,1,16,0,1,21,1,,4,,-1,,2,2,0,2,(1),(1),3,,4,1,0,3,50,8,10,2,60,60516,2,4,0,7,Rue Michelet,49.4006896289,1.7953065633,18,2,2
202100017468,170Â 401,A01,10,3,1,1,0,-1,-1,1,9,1,2021,37.0,2,2,1,1,3,2,1,,4,SENARMONT (RUE DE),0,,1,1,0,1,0,0,1,, -1,1,0,1,30,22,9,1,28,28134,2,1,0,3,SENARMONT (RUE DE),48.73667,1.36892,12,2,1
202100032090,144Â 389,A01,10,3,1,5,0,-1,-1,3,3,-1,2021,14.0,1,2,0,1,5,19,1,,3,MENDES FRANCE(BOULEVARD PIERRE),0,,3,4,0,1,46,300,3,, -1,1,9,6,50,22,6,1,83,83050,2,9,0,6,MENDES FRANCE(BOULEVARD PIERRE),43.5320409469,6.4649605751,17,2,1
202100014049,176Â 585,B01,1,1,1,5,2,-1,-1,0,0,-1,2021,26.0,2,1,0,2,2,17,1,,3,1075,0,,2,2,0,1,19,777,1,,4,1,9,1,50,11,10,1,1,1304,2,3,0,3,Rue Brillat Savarin,46.047937,5.335917,18,2,2
202100017597,170Â 166,A01,1,1,1,1,2,6,-1,-1, -1,-1,2021,43.0,1,1,0,2,8,3,1,,1,A86 EXT,0,,1,3,0,1,38,400,1,, -1,1,0,1,90,22,9,1,94,94028,1,1,0,2,A86 EXT,48.79665,2.44336,19,2,2
202100023522,159Â 590,A01,1,1,1,5,8,-1,-1,0,0,-1,2021,61.0,0,0,6,0,1,13,1,,7,10,0,D,2,2,0,1,(1),(1),1,, -1,1,0,8,70,20,8,1,13,13114,2,1,0,1,6173 Route de Berre,43.542171,5.273716,13,3,1
202100040836,128Â 640,B01,1,1,1,5,2,6,-1,0,0,-1,2021,23.0,2,1,13,0,0,14,1,,3,859,-1,,2,2,0,1,11,800,2,, -1,1,0,3,80,9,5,1,201,201288,1,1,0,6,D859,41.538731,9.181159,11,2,2
202100018212,169Â 054,A01,1,1,1,1,2,6,-1,-1, -1,-1,2021,44.0,2,1,0,2,2,1,1,,1,A86.EXT,0,,1,3,0,1,29,799,1,, -1,1,0,1,90,18,9,1,94,94033,1,1,0,3,A86.EXT,48.85544,2.48936,12,2,2
202100000766,200Â 345,A01,10,3,1,5,0,-1,-1,1,5,2,2021,2.0,3,2,0,1,1,1,1,,4,GOUNIN (RUE EMILE),0,,2,1,0,1,(1),(1),1,, -1,1,0,1,50,31,12,1,37,37122,1,1,0,6,GOUNIN (RUE EMILE),47.3562072797,0.6643402576,13,2,1
202100015420,174Â 143,A01,10,3,2,5,0,-1,-1,2,3,1,2021,70.0,2,2,0,1,2,1,1,,3,973,-1,,2,2,0,1,26,250,1,, -1,1,0,1,50,29,9,2,84,84074,2,1,0,6,D973,43.75428,5.180113,18,2,1
202100013590,177Â 426,A01,1,1,2,1,2,-1,-1,-1, -1,-1,2021,47.0,1,1,0,1,9,21,5,,4,PIERRE SCIZE                        (QU),0,,1,1,1,1,(1),(1),1,, -1,1,0,5,30,12,10,1,69,69385,2,1,0,6,PIERRE SCIZE (Q),45.7667326662,4.8203181218,7,2,1
202100006383,190Â 384,A01,2,2,1,5,1,-1,-1,-1, -1,-1,2021,40.0,1,2,1,0,2,14,1,,3,NOUES (QUAI DES),0,,2,2,0,1,47,640,1,, -1,1,9,1,50,10,6,5,77,77305,2,3,0,6,D605,48.38278,2.95845,23,2,1
202100018915,167Â 835,B01,1,1,2,0,8,0,-1,-1, -1,-1,2021,51.0,1,1,0,2,1,9,3,,3,HENRI BARBUSSE(RUE)DU NÂ°1 AU NÂ°38,0,,-1,2,0,1,0,100,1,, -1,1,5,1,30,3,9,1,91,91691,2,6,0,3,HENRI BARBUSSE(RUE)DU NÂ°1 AU NÂ°38,48.71095,2.4883,16,2,2
202100055978,101Â 832,B01,1,1,1,1,0,-1,-1,0,0,-1,2021,22.0,2,1,0,2,1,1,5,,3,78,0,,2,2,0,2,0,10,1,, -1,1,0,1,50,6,1,1,76,76711,2,1,0,1,Rue de la Commune de Paris,50.060445,1.372696,12,2,2
202100050788,110Â 901,B01,1,1,2,5,1,-1,-1,0,0,-1,2021,46.0,2,2,0,2,4,2,1,,2,184,-1,N,1,2,0,1,19,0,2,, -1,1,3,2,90,20,2,5,95,95313,1,1,0,2,RN 184,49.105824513,2.2588680919,19,2,2
202100015813,173Â 409,A01,1,1,1,5,2,-1,-1,0,0,-1,2021,26.0,2,1,0,2,1,2,1,,3,65,0,D,2,2,0,1,11,202,1,, -1,1,0,1,50,29,9,1,44,44041,2,3,0,2,D65,47.099428,-1.608451,17,2,2
202100006996,189Â 253,B01,1,1,1,4,1,-1,-1,0,0,-1,2021,20.0,1,5,0,2,1,13,1,,3,1508,0,D,2,2,0,1,61,514,1,, -1,1,0,1,80,25,8,1,74,74123,1,1,0,1,D1508,45.756935,6.2702971,7,3,2
202100031028,146Â 276,B01,1,1,2,5,8,0,-1,-1, -1,-1,2021,65.0,1,1,1,0,1,1,5,,4,EMILE GARET,0,,2,2,0,1,0,0,1,, -1,1,0,1,30,30,6,1,64,64445,2,1,0,6,EMILE GARET,43.3000442411,-0.3624163455,12,2,2
202100012827,178Â 793,B01,1,1,1,2,0,-1,-1,0,0,-1,2021,11.0,2,1,0,2,7,25,5,,3,SCHWEITZER (RUE DU DR ALBERT),0,,2,2,0,1,(1),(1),1,, -1,1,5,1,50,13,10,1,68,68376,2,6,0,6,SCHWEITZER (RUE DU DR ALBERT),47.81649,7.32674,12,2,2
202100005272,192Â 362,A01,10,3,2,0,0,-1,-1,4,3,1,2021,39.0,1,2,0,1,1,1,1,,4,BRIAND BOULEVARD ARISTIDE,0,,2,2,0,1,(1),(1),1,, -1,1,0,1,50,30,11,1,66,66136,2,1,0,6,BRIAND BOULEVARD ARISTIDE,42.6938376514,2.9007037729,8,2,1
202100003229,195Â 999,B01,1,1,1,4,1,0,-1,-1, -1,-1,2021,19.0,2,2,0,2,1,2,1,,1,A104,0,,-1,2,0,1,15,399,1,, -1,1,0,1,90,13,12,1,77,77514,1,1,0,2,A104,48.9365174885,2.6281422578,15,2,2
202100040802,128Â 685,A01,1,1,1,5,2,6,-1,0,0,-1,2021,17.0,2,1,0,2,1,1,1,,3,,-1,,2,2,0,1,(1),(1),1,,4,1,0,1,-1,9,5,1,68,68082,2,3,0,2,Rue de Castroville,47.866021,7.341584,14,2,2