Num_Acc,id_vehicule,num_veh,place,catu,sexe,trajet,secu1,secu2,secu3,locp,actp,etatp,year_acc,victim_age,senc,catv,obs,obsm,choc,manv,motor,occutc,catr,voie,v1,v2,circ,nbv,vosp,prof,pr,pr1,plan,lartpc,larrout,surf,infra,situ,vma,jour,mois,lum,dep,com,agg_,int,atm,col,adr,lat,long,hour,nb_victim,nb_vehicules
202100000141,201Â 495,B01,1,1,1,0,2,0,-1,-1, -1,-1,2021,19.0,3,1,0,2,0,13,1,,4,BD DES LICES,0,,-1,2,0,1,0,0,1,, -1,1,0,1,50,1,10,1,13,13004,2,1,0,3,BD DES LICES,43.6753115992,4.629412811,8,2,2
202100029201,149Â 557,A01,1,1,2,1,1,-1,-1,0,0,-1,2021,61.0,1,2,13,0,1,14,1,,3,12,0,,2,2,0,1,80,840,3,, -1,2,0,3,80,14,7,1,12,12039,1,1,1,6,Lieu dit Cusses,43.792721,2.938027,8,1,1
202100030129,147Â 922,B01,1,1,1,5,1,0,-1,-1, -1,-1,2021,38.0,2,2,0,2,6,1,1,,1,AUTOROUTE A6B,0,,3,3,0,1,9,100,1,, -1,1,0,1,90,7,7,1,91,91689,1,1,0,3,AUTOROUTE A6B,48.74072,2.32089,20,2,2
202100048992,114Â 180,A01,1,1,2,0,8,-1,-1,0,0,-1,2021,85.0,0,2,6,0,1,19,1,,4,,-1,,2,2,0,1,(1),(1),1,, -1,1,0,1,50,7,3,1,69,69046,2,3,0,7,FERRATIERES (DES) (CHM),45.64275,4.802094,13,1,1
202100031783,144Â 949,A01,1,1,1,1,2,-1,-1,0,0,-1,2021,45.0,1,1,10,0,7,0,1,,2,1,0,O,2,2,0,1,35,0,1,, -1,1,0,3,60,25,6,1,987,98734,2,1,0,6,PK 35.000 RT1,-17.758823,-149.515493,16,1,1
202100034563,139Â 936,B01,1,1,1,0,8,0,-1,-1, -1,-1,2021,27.0,1,1,0,2,1,1,3,,4,BONHOMMET VICTOR (RUE) NÂ° IMP,0,,-1,1,3,2,0,0,1,, -1,1,6,1,50,13,6,1,72,72181,2,3,0,3,EPERON (PL DE L') NÂ°  2 A 14,48.004864897,0.1951691508,20,2,2
202100043548,123Â 822,B01,2,2,2,0,2,0,-1,-1, -1,-1,2021,33.0,2,1,0,2,1,1,1,,4,PRADO (AVENUE DU),0,,2,6,3,1,(1),(1),1,, -1,1,0,1,50,18,4,1,13,13208,2,3,0,3,PRADO (AVENUE DU),43.26376,5.37764,16,3,2
202100013775,177Â 085,A01,10,3,1,4,4,-1,-1,2,3,1,2021,37.0,1,2,0,1,1,1,1,,4,,-1,,1,2,0,1,(1),(1),1,,"5,5",1,0,1,50,13,10,1,71,71342,2,1,1,6,Rue Louis Desrichard,46.4548537492,4.1155359148,10,2,1
202100045073,121Â 165,A01,10,3,1,5,0,-1,-1,3,3,1,2021,64.0,1,2,0,1,2,0,1,,3,920,-1,,1,1,0,2,18,950,1,, -1,1,9,1,50,5,4,1,28,28214,2,1,0,6,Rue de Chartres,48.473469,1.015221,10,2,1
202100037637,134Â 382,A01,10,3,1,0,0,-1,-1,3,3,-1,2021,13.0,1,2,0,1,1,0,1,,3,BRANLY BD EDOUARD,0,,3,4,0,1,0,1,1,, -1,1,0,1,50,29,5,1,93,93063,2,6,0,6,Boulevard Edouard Branly / Rue Alexandre Dumas,48.87653,2.44114,19,2,1
202100052161,108Â 475,A01,1,1,2,0,1,-1,-1,0,0,-1,2021,24.0,1,2,0,2,1,13,1,,3,7,0,N,2,2,2,1,71,0,1,, -1,1,0,1,80,9,2,1,83,83004,1,1,0,1,RN7 les plainons,43.442824,6.462021,14,2,2
202100038689,132Â 479,A01,1,1,1,5,1,-1,-1,0,0,-1,2021,50.0,2,2,0,2,3,13,1,,3,13,0,,2,2,0,1,1,400,1,, -1,2,0,1,50,24,5,1,14,14278,2,1,1,5,D13,49.173799,-0.587001,15,5,3
202100031821,144Â 876,B01,1,1,2,1,1,8,-1,-1, -1,-1,2021,20.0,1,2,0,2,4,2,1,,3,RD 41 (ROCADE),0,,2,4,0,1,1,600,1,, -1,1,0,1,60,28,6,1,972,97209,1,1,0,2,RD 41 (ROCADE),14.61535,-61.06161,8,2,2
202100009097,185Â 446,A01,10,3,2,5,0,-1,-1,4,3,1,2021,68.0,3,5,0,1,1,0,1,,4,BABOTE (SQUARE DE LA),0,,1,2,0,1,(1),(1),1,, -1,1,5,1,50,2,11,1,34,34172,2,2,0,6,BABOTE (SQUARE DE LA),43.60624,3.87736,16,2,1
202100014308,176Â 129,A01,10,3,1,5,0,-1,-1,4,3,1,2021,76.0,1,2,0,1,1,15,1,,4,RECTEUR JEAN SARRAILH,0,,2,4,0,1,0,0,1,, -1,1,0,1,50,7,10,1,64,64445,2,3,0,6,RECTEUR JEAN SARRAILH,43.309762,-0.36987,17,2,1
202100008530,186Â 487,A01,10,3,1,5,0,-1,-1,1,3,1,2021,19.0,1,2,0,1,1,1,1,,3,253,-1,D,2,2,0,1,12,130,1,, -1,1,0,1,80,11,11,3,33,33151,1,2,1,6,Lieu Dit Fougeres,45.258757,-0.45958,21,2,1
202100054464,104Â 408,A01,1,1,1,2,2,8,-1,0,0,-1,2021,18.0,3,1,0,0,0,0,1,,4,CAPUCINS (CHEMIN ET IMPASSE DES),0,,2,2,0,2,(1),(1),2,, -1,1,0,1,50,19,1,1,6,6069,2,1,0,7,CAPUCINS (CHEMIN ET IMPASSE DES),43.65262,6.92993,15,3,2
202100047757,116Â 383,B01,1,1,2,5,2,8,-1,-1, -1,-1,2021,52.0,1,1,0,2,1,1,1,,3,BADUEL (ROUTE DE),0,,2,1,0,1,3,400,1,, -1,1,0,1,50,16,3,1,973,97302,2,1,0,3,BADUEL (ROUTE DE),4.92892,-52.30105,15,2,2
202100019309,167Â 113,C01,2,2,2,0,8,0,-1,-1, -1,-1,2021,50.0,1,2,0,2,4,1,0,,1,AUTOROUTE A1,0,,3,8,0,1,2,0,1,, -1,1,0,1,90,12,9,5,93,93066,1,1,0,4,AUTOROUTE A1,48.92057,2.35738,3,7,4
202100054940,103Â 607,B01,1,1,1,1,1,8,-1,-1, -1,-1,2021,41.0,2,2,0,2,4,15,3,,4,BALLON,0,,2,1,0,1,0,0,3,, -1,1,0,1,50,15,1,1,93,93051,2,1,0,2,BALLON,48.8327775152,2.5816047192,8,2,2
202100035707,137Â 886,A01,1,1,1,4,1,0,-1,-1, -1,-1,2021,25.0,1,2,0,2,2,21,1,,3,RD 603,0,,3,2,0,1,60,0,1,, -1,1,0,1,80,7,6,1,57,57606,1,9,0,3,RD 603,49.10928,6.72863,15,4,2
202100015423,174Â 138,A01,1,1,1,1,1,-1,-1,0,0,-1,2021,23.0,2,2,7,0,7,13,1,,3,12,0,,2,2,0,2,1,700,3,, -1,2,0,1,-1,4,10,1,83,83023,1,1,1,7,D12,43.399899,6.083529,13,1,1
202100048283,115Â 447,A01,10,3,2,0,0,-1,-1,5,3,1,2021,86.0,2,1,0,1,0,1,6,,9,GORBELLA (BD DE),0,,2,0,3,2,0,0,1,, -1,1,9,6,30,12,3,5,6,6088,2,1,0,6,GORBELLA (BD DE),43.71743,7.256898,21,2,1
202100027593,152Â 402,B01,1,1,1,1,1,5,-1,-1, -1,-1,2021,31.0,2,2,0,2,1,1,1,,3,992,0,,1,2,0,1,0,0,1,, -1,1,0,1,50,22,7,1,92,92035,2,2,0,3,National ( boulevard ),48.9022295674,2.2394835949,7,2,2
202100009227,185Â 218,A01,1,1,2,0,1,8,-1,0,0,-1,2021,53.0,1,2,0,2,6,16,1,,4,BLUM (AVENUE LEON),0,,2,2,0,1,(1),(1),1,, -1,1,0,1,50,4,11,1,71,71076,2,1,0,3,BLUM (AVENUE LEON),46.7861113153,4.8633327964,16,2,2
202100054696,104Â 020,A01,1,1,1,9,1,0,-1,-1, -1,-1,2021,33.0,1,2,0,2,1,9,1,,4,PAIX (AV DE LA),0,,2,2,0,1,0,0,1,, -1,1,0,1,30,17,1,1,94,94054,2,9,0,5,PAIX (AV DE LA),48.7503,2.39936,14,2,2
202100002999,196Â 417,B01,1,1,1,0,2,6,-1,0,0,-1,2021,41.0,2,1,0,2,1,1,3,,3,58,0,D,2,2,0,1,59,1025,1,, -1,1,0,1,80,16,12,2,44,44005,1,9,0,1,Le Bois Hamon,47.186242,-1.974792,7,2,2
202100046913,117Â 918,B01,1,1,1,1,2,-1,-1,-1, -1,-1,2021,46.0,3,1,0,2,2,2,5,,4,FOUGERES (RUE DE),0,,2,2,1,2,(1),(1),1,, -1,1,0,5,50,23,3,1,35,35238,2,1,0,3,FOUGERES (RUE DE),48.12573,-1.65502,11,2,2
202100053353,106Â 355,A01,10,3,1,1,0,-1,-1,4,3,1,2021,25.0,1,1,0,1,1,1,1,,4,BOULEVARD VOLTAIRE,0,,2,2,0,1,(1),(1),1,, -1,2,0,1,30,28,1,5,75,75111,2,2,1,6,BOULEVARD VOLTAIRE,48.864403,2.369048,18,3,1
202100015062,174Â 783,B01,1,1,1,1,2,6,-1,-1, -1,-1,2021,47.0,1,1,0,2,5,17,1,,4,BERRY (RUE DE),0,,3,2,0,1,(1),(1),1,, -1,1,0,1,30,5,10,1,35,35055,2,1,0,1,BERRY (RUE DE),48.090722,-1.619869,16,2,2
202100049170,113Â 863,A01,1,1,2,5,2,6,-1,0,0,-1,2021,29.0,1,1,3,0,8,13,1,,2,24,-1,,3,4,0,1,68,15,1,, -1,1,0,1,110,6,3,1,56,56074,1,1,0,6,RN24 PK 68+15,47.893054,-2.973154,12,1,1
202100055553,102Â 554,A01,2,2,1,0,1,0,-1,-1, -1,-1,2021,27.0,1,2,7,0,3,1,1,,3,PIERRE BROSSOLETTE (AVENUE),0,,2,2,1,1,(1),(1),1,, -1,1,0,1,50,10,1,5,92,92046,2,2,0,6,PIERRE BROSSOLETTE (AVENUE),48.8162046022,2.3057919675,2,2,1
202100021014,164Â 101,B01,1,1,1,5,2,0,-1,-1, -1,-1,2021,50.0,1,1,0,2,1,1,1,,3,RUE CHARLES PATHE,0,,-1,2,0,1,30,605,1,, -1,1,0,1,30,2,9,3,77,77114,2,3,0,1,D216,48.722751,2.653853,20,2,2
202100011937,180Â 389,B01,2,2,2,5,1,-1,-1,0,0,-1,2021,64.0,2,2,0,0,3,1,1,,3,151,-1,,2,2,0,1,31,0,1,, -1,1,0,1,80,21,10,2,60,60518,1,2,0,3,D151,49.5743166465,2.1829190095,18,3,2
202100039449,131Â 092,A01,1,1,1,5,1,-1,-1,-1, -1,-1,2021,21.0,0,2,8,0,1,16,1,,3,TANNERIES (RUE DES),0,,3,4,0,4,(1),(1),3,, -1,2,5,1,50,16,5,5,50,50129,2,2,0,6,TANNERIES (RUE DES),49.63298,-1.6228,5,3,1
202100021970,162Â 358,B01,1,1,1,5,2,-1,-1,0,0,-1,2021,56.0,2,1,0,2,1,1,5,,3,909,-1,,-1,2,1,3,(1),(1),1,, -1,1,0,5,50,28,8,2,74,74299,2,9,0,3,73 Rte d Annecy,45.895692,6.166003,19,2,2
202100017176,170Â 932,A01,1,1,1,5,2,-1,-1,0,0,-1,2021,31.0,2,1,0,0,3,2,1,,3,740,-1,,2,2,0,1,35,999,1,,"5,7",1,0,3,80,24,9,3,79,79083,1,1,0,7,Route de Niort,46.113929,-0.117352,3,1,1
202100024947,157Â 069,B01,1,1,2,3,1,-1,-1,0,0,-1,2021,50.0,3,2,0,2,8,23,1,,3,613,-1,,2,2,0,1,57,500,1,,4,1,0,1,50,7,8,1,14,14119,2,9,0,3,D613,49.150138,-0.264192,11,2,2
202100047379,117Â 083,B01,1,1,2,0,1,0,-1,-1, -1,-1,2021,22.0,1,2,0,2,4,2,1,,3,AUXERRE (ROUTE),0,,2,2,0,1,33,900,1,, -1,1,0,1,50,19,3,1,10,10333,2,1,0,4,AUXERRE (ROUTE),48.27488,4.05916,15,3,3
202100013642,177Â 328,C01,1,1,1,4,1,-1,-1,-1, -1,-1,2021,31.0,2,2,0,2,4,1,2,,3,CHAMPAGNE   (  AVENUE DE),0,,3,4,1,1,23,700,1,, -1,1,0,1,70,12,10,1,51,51454,2,1,0,4,Avenue de Champagne,49.21841,4.0199,11,3,3
202100003045,196Â 331,A01,1,1,1,1,2,8,-1,-1, -1,-1,2021,20.0,1,1,0,2,1,1,1,,1,A86,0,,3,3,0,1,5,50,1,, -1,1,0,1,90,14,12,2,92,92025,1,9,0,2,A86,48.9325519824,2.2491261144,8,2,2
202100041561,127Â 316,A01,1,1,1,5,8,0,-1,0,0,-1,2021,53.0,1,1,14,0,7,13,5,,4,RUE DE RIVOLI,0,,2,5,1,1,(1),(1),1,, -1,1,0,5,50,2,5,1,75,75101,2,2,1,6,RUE DE RIVOLI,48.86373,2.332234,10,1,1
202100009985,183Â 854,C01,1,1,1,4,8,0,-1,-1, -1,-1,2021,23.0,2,5,0,2,4,2,1,,1,A507 sens Aubagne- Marseille,0,,1,2,0,1,0,300,1,, -1,1,0,1,70,28,10,2,13,13055,1,1,0,4,A507 sens Aubagne- Marseille,43.34537,5.37417,8,3,3
202100019870,166Â 123,B01,1,1,2,5,1,8,-1,-1, -1,-1,2021,75.0,2,2,0,2,4,1,1,,4,PONT CHER (RUE DU),0,,2,2,0,1,(1),(1),1,, -1,1,0,1,50,9,9,1,37,37122,2,1,0,4,PONT CHER (RUE DU),47.3630159971,0.6741534111,9,3,3
202100054213,104Â 843,B01,1,1,1,4,1,0,-1,-1, -1,-1,2021,35.0,2,2,0,2,1,1,1,,7,RD 463,0,,2,2,0,1,39,421,1,, -1,1,0,1,80,21,1,2,35,35055,1,3,0,3,RD 463,48.07822,-1.59465,8,6,2
202100054047,105Â 137,B01,1,1,1,5,1,0,-1,-1, -1,-1,2021,46.0,1,2,0,2,4,1,1,,4,PRESIDENT WILSON (RUE DU),0,,2,2,0,1,(1),(1),1,, -1,1,0,1,50,22,1,1,71,71153,2,1,0,2,PRESIDENT WILSON (RUE DU),46.7980790211,4.434948234,13,2,2
202100012374,179Â 596,A01,1,1,1,1,2,6,-1,-1, -1,-1,2021,21.0,2,1,0,2,2,3,1,,2,406W,0,,-1,2,0,1,0,1,1,, -1,2,0,1,70,19,10,2,94,94028,1,1,0,4,RN406.W,48.7821742781,2.4410995834,8,3,3
202100026097,155Â 043,A01,1,1,1,0,1,4,-1,-1, -1,-1,2021,42.0,2,2,4,2,8,2,1,,1,6A,0,,3,-1,0,2,8,800,1,, -1,1,0,1,110,31,7,1,91,91689,1,1,0,3,AUTOROUTE A6A,48.743481,2.321666,13,4,2
202100015237,174Â 468,A01,2,1,1,1,8,0,-1,-1, -1,-1,2021,47.0,1,1,0,2,8,19,5,,3,"""LANDY RD 20, NR PAIRS 2 A 144""",0,,2,2,0,1,0,1,1,, -1,1,0,1,50,4,10,1,93,93066,2,9,0,1,Rue du Landy,48.915323,2.353326,9,2,2
202100022908,160Â 675,B01,1,1,1,5,2,0,-1,-1, -1,-1,2021,59.0,2,1,0,2,1,1,0,,3,DESMOULINS ( Rue Camille ),0,,2,2,0,1,5,0,3,, -1,1,0,1,50,21,8,1,62,62643,2,1,0,2,DESMOULINS ( Rue Camille ),50.699409,1.608227,10,2,2
202100000480,200Â 847,B01,1,1,1,2,2,0,-1,-1, -1,-1,2021,16.0,1,1,0,2,1,1,1,,4,ROOSEVELT (AVENUE DU PRESIDENT),0,,2,3,0,1,(1),(1),1,, -1,1,5,1,50,21,1,1,19,19031,2,2,0,3,ROOSEVELT (AVENUE DU PRESIDENT),45.15742,1.52372,13,2,2
202100012345,179Â 659,C01,1,1,1,0,1,0,-1,-1, -1,-1,2021,33.0,1,5,0,2,1,0,1,,1,A7-Sens Lyon vers Marseille,0,,1,3,0,1,275,0,1,, -1,1,1,1,90,18,10,1,13,13215,1,1,0,4,A7-Sens Lyon vers Marseille,43.36806,5.3608,14,3,3
202100053932,105Â 345,A01,10,3,2,0,0,-1,-1,3,3,1,2021,18.0,1,5,0,1,1,1,1,,2,356,0,,1,1,0,1,(1),(1),3,, -1,2,0,8,50,14,1,1,59,59350,2,4,1,6,CORDONNIER RUE DENIS,50.62315,3.08341,14,2,1
202100011850,180Â 540,A01,1,1,2,5,8,0,-1,0,0,-1,2021,21.0,3,1,0,0,0,1,5,,4,RUE EMILE FAGUET,0,,2,2,0,1,(1),(1),1,, -1,2,0,1,30,21,10,5,75,75114,2,2,1,7,RUE EMILE FAGUET,48.822167,2.330368,0,1,1
202100056213,101Â 413,B01,1,1,2,5,1,8,-1,0,0,-1,2021,75.0,1,2,0,2,4,1,1,,1,520,0,A,1,2,0,1,2,0,1,, -1,1,9,1,130,5,1,1,13,13007,1,1,0,2,A520 pk 002.000,43.365828,5.641522,15,2,2
202100013485,177Â 631,B01,1,1,2,1,8,-1,-1,-1, -1,-1,2021,46.0,1,2,0,2,3,15,1,,4,SERGENT MICHEL BERTHET (DU)         (R ),0,,2,2,2,1,(1),(1),1,, -1,1,0,1,50,13,10,1,69,69389,2,2,0,1,LOUIS LOUCHEUR (R),45.76817,4.80538,12,2,2
202100022746,160Â 943,B01,1,1,2,9,2,8,-1,0,0,-1,2021,60.0,3,0,0,2,1,19,3,,4,AVENUE DE LA PORTE DE BAGNOLET,0,,2,4,0,2,(1),(1),1,, -1,1,0,1,50,24,8,1,75,75120,2,1,0,3,AVENUE DE LA PORTE DE BAGNOLET,48.865134,2.411299,8,2,2
202100031920,144Â 692,A01,1,1,1,0,1,0,-1,-1, -1,-1,2021,27.0,1,5,0,2,4,1,1,,3,988,0,,2,2,2,1,0,0,1,, -1,1,0,1,50,28,6,1,92,92078,2,1,0,2,JEAN JAURES (RUE) (NÂ° IMPAIRS),48.93345,2.32515,18,2,2
202100054440,104Â 449,A01,10,3,2,0,0,-1,-1,2,3,1,2021,15.0,2,2,0,1,2,1,1,,3,VICTOR HUGO(RUE),0,,2,2,0,2,0,500,1,, -1,1,0,1,50,18,1,1,38,38544,2,1,0,6,Rue Victor Hugo,45.52259,4.87515,17,2,1
202100040437,129Â 328,B01,1,1,1,9,2,6,-1,-1, -1,-1,2021,57.0,1,1,0,2,1,1,1,,3,COSNAC (RUE DANIEL DE),0,,2,2,0,1,0,600,1,, -1,1,0,1,50,20,2,1,19,19031,2,3,0,3,COSNAC (RUE DANIEL DE),45.15218,1.55941,11,2,2
202100051956,108Â 837,A01,1,1,1,1,1,-1,-1,0,0,-1,2021,37.0,2,2,0,2,3,13,1,,2,40,-1,,2,2,0,1,10,350,1,, -1,1,0,1,80,11,2,1,201,201085,1,1,0,6,Valle Torta,41.909623,8.859208,8,2,2
202100031813,144Â 893,B01,1,1,2,0,1,0,-1,-1, -1,-1,2021,28.0,1,2,0,2,5,0,1,,1,AUTOROUTE A86,0,,3,-1,0,2,23,0,1,, -1,1,0,1,50,28,6,3,93,93008,1,1,0,4,AUTOROUTE A86,48.90565,2.4615,0,3,3
202100007962,187Â 496,B01,1,1,2,5,2,-1,-1,0,0,-1,2021,41.0,1,1,0,2,8,15,1,,3,21,-1,,2,2,0,1,12,100,1,, -1,1,0,1,80,26,8,1,40,40089,1,2,0,3,Route d Amou,43.691887,-0.650882,10,2,2
202100010925,182Â 197,B01,1,1,2,1,1,0,-1,-1, -1,-1,2021,45.0,1,2,0,2,4,0,1,,3,ROCADE OUEST (RD 610),0,,1,1,0,1,(1),(1),1,, -1,1,0,1,50,25,10,1,10,10333,2,1,0,2,ROCADE OUEST (RD 610),48.2706,4.0489,7,2,2
202100010762,182Â 495,A01,1,1,1,5,1,-1,-1,0,0,-1,2021,37.0,1,2,1,0,1,13,1,,3,4,0,D,2,2,0,1,14,0,1,, -1,1,0,3,-1,27,10,5,95,95134,2,1,0,6,RD 4,49.134778,2.237933,21,1,1
202100005480,191Â 994,B01,1,1,1,4,1,-1,-1,-1,0,-1,2021,58.0,1,5,0,2,8,11,1,,3,TALMOUSE,0,,3,4,0,1,0,150,1,, -1,1,0,1,50,29,11,1,95,95280,1,1,0,3,RD 47A,49.01083,2.48934,16,2,2
202100051708,109Â 266,B01,1,1,1,9,2,6,-1,0,0,-1,2021,32.0,2,1,0,2,7,1,1,,4,AVENUE DE LA PORTE DE LA PLAINE,0,,2,2,1,1,(1),(1),1,, -1,1,0,1,50,12,2,1,75,75115,2,2,0,2,AVENUE DE LA PORTE DE LA PLAINE,48.83084,2.292306,9,2,2
202100050106,112Â 173,A01,1,1,1,0,2,-1,-1,0,0,-1,2021,16.0,1,1,0,2,1,1,1,,3,579,0,A,2,2,0,1,50,500,1,, -1,1,0,1,50,27,2,1,14,14371,2,4,0,3,rue de Lisieux,49.006155,0.150778,12,2,2
202100002319,197Â 647,B01,1,1,2,1,1,5,-1,0,0,-1,2021,27.0,1,2,0,2,1,17,1,,3,6,0,,2,2,0,1,8,729,1,, -1,1,0,1,80,18,12,1,27,27226,1,3,0,3,Route de Doudeauville,49.314002,1.603725,18,2,2
202100031296,145Â 797,B01,1,1,2,9,2,6,-1,0,0,-1,2021,22.0,3,1,0,2,1,1,1,,4,BOULEVARD VICTOR,0,,3,2,0,1,(1),(1),1,, -1,1,5,1,50,2,7,1,75,75115,2,2,0,3,BOULEVARD VICTOR,48.836167,2.278306,8,2,2
202100001235,199Â 564,A01,10,3,2,5,0,-1,-1,1,3,2,2021,16.0,2,2,0,1,2,1,1,,3,50,0,D,2,2,0,1,0,650,1,, -1,2,0,1,50,28,12,3,90,90063,2,1,1,6,20 Rue sous les Roches,47.490645,6.9793,19,3,1
202100001208,199Â 611,B01,1,1,1,9,2,6,-1,0,0,-1,2021,27.0,1,1,0,2,2,2,1,,4,RUE DE REUILLY,0,,2,2,0,1,(1),(1),1,, -1,2,0,1,30,26,12,5,75,75112,2,3,1,3,RUE DE REUILLY,48.840996,2.394101,23,2,2
202100013422,177Â 741,B01,1,1,2,0,1,0,-1,-1, -1,-1,2021,33.0,1,2,0,2,4,2,1,,3,909,0,,2,3,3,1,0,0,1,, -1,1,0,1,50,30,7,2,92,92044,2,2,0,4,VIC. HUGO(RUE)069A075 ET 080A088,48.89585,2.29655,20,3,3
202100014296,176Â 148,B01,1,1,2,-1,0,-1,-1,-1, -1,-1,2021,40.0,1,2,0,2,1,2,1,,7,R.N. 353,0,,3,4,0,1,4,800,1,, -1,1,0,1,110,8,10,1,67,67218,1,1,0,2,M353,48.502937,7.718281,8,2,2
202100053366,106Â 329,A01,10,3,2,0,0,-1,-1,3,3,1,2021,19.0,1,2,0,1,1,1,1,,3,938,-1,,2,2,0,2,24,600,1,, -1,2,9,1,50,29,1,1,80,80016,2,1,1,6,39 Rue de Doullens,50.004528,2.63786,12,2,1
202100021710,162Â 832,B01,1,1,2,5,2,-1,-1,0,0,-1,2021,35.0,1,1,0,2,1,1,1,,3,43,-1,,2,2,0,1,17,382,4,, -1,1,0,1,50,31,8,1,88,88116,2,3,0,3,Rue de la Gare,47.954967,6.825134,13,2,2
202100044537,122Â 112,A01,10,3,2,5,0,-1,-1,3,3,1,2021,64.0,2,1,0,1,1,1,5,,4,SULLY                               (R ),0,,1,2,1,1,(1),(1),1,, -1,1,0,1,50,9,4,1,69,69386,2,2,0,6,SULLY (R),45.771440766,4.8519980907,10,2,1
202100021753,162Â 745,A01,1,1,2,0,2,8,-1,-1, -1,-1,2021,31.0,1,1,0,2,1,1,1,,3,BADUEL (ROUTE DE),0,,2,1,2,1,4,100,1,, -1,1,0,1,50,30,8,1,973,97302,2,1,0,2,BADUEL (ROUTE DE),4.9286715036,-52.2943207026,17,3,2
202100007775,187Â 853,A01,10,3,2,5,0,-1,-1,4,3,2,2021,40.0,1,2,0,1,3,15,1,,3,RENOIR (RUE),0,,2,2,0,1,11,145,1,, -1,2,0,1,50,16,11,5,78,78440,2,3,1,6,RENOIR (RUE),48.99895,1.91723,19,3,1
202100028149,151Â 387,A01,10,3,2,5,0,-1,-1,3,3,1,2021,64.0,0,2,0,1,1,1,1,,7,SAINT JEAN (AVENUE DE),0,,2,2,0,1,0,0,1,, -1,1,0,1,50,15,7,1,13,13028,2,1,0,1,SAINT JEAN (AVENUE DE),43.18901,5.62916,17,2,1
202100031752,145Â 005,C01,2,2,2,5,1,0,-1,-1, -1,-1,2021,20.0,2,2,1,2,1,24,1,,3,LIBERATION RD14 (BOULEVARD),0,,2,3,1,1,0,1,1,, -1,2,0,1,50,27,6,5,93,93066,2,1,1,5,Boulevard de la LibÃ©ration,48.928103,2.341346,2,4,3
202100056049,101Â 699,B01,1,1,1,9,8,-1,-1,-1, -1,-1,2021,24.0,3,1,0,2,1,1,5,,4,GAYEULLES (ROND POINT),0,,1,4,1,1,(1),(1),3,, -1,1,5,5,50,6,1,1,35,35238,2,6,0,3,GAYEULLES (ROND POINT),48.12779,-1.65211,14,2,2
202100034843,139Â 429,A01,1,1,1,5,2,6,-1,0,0,-1,2021,21.0,1,1,0,2,1,2,1,,4,32,0,,2,2,0,1,(1),(1),1,, -1,1,0,1,50,12,6,1,29,29105,2,1,0,2,Boulevard de la RÃ©publique,48.504774,-4.075069,14,2,2
202100006505,190Â 175,B01,1,1,1,4,1,-1,-1,0,0,-1,2021,21.0,1,4,0,0,8,15,1,,3,160,-1,,2,2,0,1,34,700,1,, -1,1,0,1,80,24,11,1,85,85084,1,1,0,3,D160,46.779513,-1.215529,10,2,2
202100006526,190Â 137,B01,1,1,2,1,1,-1,-1,0,0,-1,2021,28.0,1,2,0,2,1,1,1,,2,79,0,,2,2,0,1,65,50,1,, -1,1,2,1,80,25,11,1,71,71525,1,1,0,1,N79 - RCEA,46.37225,4.674661,7,2,2
202100006303,190Â 527,B01,1,1,2,9,8,0,-1,0,0,-1,2021,30.0,1,1,0,2,1,1,5,,4,RUE DE L UNIVERSITE,0,,2,4,1,1,(1),(1),1,, -1,1,-1,5,30,25,11,5,75,75107,2,2,0,3,RUE DE L UNIVERSITE,48.860975,2.314963,0,2,2
202100042333,125Â 954,A01,10,3,1,-1,0,0,0,1,3,1,2021,11.0,1,2,1,1,2,9,1,,3,GENERAL DE GAULLE (RUE DU),0,,2,2,0,1,66,500,1,, -1,1,0,1,50,26,4,1,10,10357,2,9,0,6,GENERAL DE GAULLE (RUE DU),48.298645,4.11511,17,2,1
202100005554,191Â 872,B01,1,1,1,1,2,6,-1,-1, -1,-1,2021,23.0,1,1,0,2,1,1,1,,3,TASSIGNY(AVE DU MARECHAL DE LATTRE DE),0,,2,4,0,1,1,0,1,, -1,2,0,1,50,30,11,5,94,94028,2,2,1,3,Av du Mal de Lattre de Tassigny,48.7963,2.45764,18,2,2
202100030880,146Â 563,A01,1,1,1,5,2,-1,-1,0,0,-1,2021,61.0,1,1,0,0,0,1,5,,2,2,-1,,2,2,1,1,(1),(1),1,, -1,1,0,5,50,3,7,1,974,97410,2,1,0,7,RN2 pont des marsouins,-21.040627,55.712636,8,1,1
202100019767,166Â 314,A01,1,1,1,0,0,-1,-1,0,0,-1,2021,56.0,0,2,2,0,1,1,1,,3,919,-1,,2,2,0,1,(1),(1),2,, -1,1,0,1,80,11,9,3,80,80207,2,1,0,6,Grande Rue,50.00389,2.47432,2,1,1
202100049225,113Â 764,B01,1,1,1,1,2,-1,-1,-1,0,-1,2021,26.0,2,1,0,2,1,1,1,,3,PONTOISE (ROUTE DE),0,,2,2,0,1,3,150,1,, -1,1,9,1,50,26,2,5,95,95018,2,1,0,1,PONTOISE (ROUTE DE),48.9440994561,2.2064690459,23,2,2
202100035734,137Â 838,B01,1,1,1,1,2,8,-1,-1, -1,-1,2021,21.0,2,1,0,2,2,3,1,,4,CAMOINS ((RUE LES),0,,2,2,0,1,0,0,1,, -1,1,0,1,50,7,6,1,13,13211,2,1,0,3,CAMOINS ((RUE LES),43.2984041123,5.4988671658,13,2,2
202100051277,110Â 019,A01,1,1,1,3,2,6,-1,-1, -1,-1,2021,55.0,1,1,0,5,0,21,1,,4,SABAOU (AVENUE DU),0,,2,2,0,2,0,0,1,, -1,1,9,1,50,16,2,1,64,64122,2,1,0,7,SABAOU (AVENUE DU),43.4740064431,-1.5442121029,17,1,1