Num_Acc,id_vehicule,num_veh,place,catu,sexe,trajet,secu1,secu2,secu3,locp,actp,etatp,year_acc,victim_age,senc,catv,obs,obsm,choc,manv,motor,occutc,catr,voie,v1,v2,circ,nbv,vosp,prof,pr,pr1,plan,lartpc,larrout,surf,infra,situ,vma,jour,mois,lum,dep,com,agg_,int,atm,col,adr,lat,long,hour,nb_victim,nb_vehicules
202100042075,126Â 417,B01,1,1,1,9,2,8,-1,-1, -1,-1,2021,48.0,3,1,0,2,1,1,1,,3,72,0,,2,4,2,2,0,0,1,, -1,1,0,1,50,29,4,1,92,92075,2,1,0,3,PAIX (AVENUE DE LA),48.81578,2.27642,18,2,2
202100055916,101Â 928,A01,10,3,2,2,0,-1,-1,2,3,1,2021,15.0,1,2,0,1,1,1,1,,4,BECQUEREL (RUE),0,,2,2,0,2,0,0,1,, -1,2,0,1,50,5,1,3,50,50129,2,1,1,6,BECQUEREL (RUE),49.62802,-1.63923,17,2,1
202100048041,115Â 870,A01,1,1,1,9,2,6,-1,0,0,-1,2021,26.0,1,1,1,0,7,21,1,,4,AVENUE DE SEGUR,0,,2,4,0,1,(1),(1),1,, -1,2,0,1,50,13,3,5,75,75107,2,3,1,6,AVENUE DE SEGUR,48.848522,2.306789,21,1,1
202100013475,177Â 650,B01,1,1,1,0,2,-1,-1,0,0,-1,2021,65.0,1,1,0,2,1,0,5,,7,941,0,M,2,2,1,1,(1),(1),1,, -1,1,5,1,50,14,10,2,59,59602,2,2,0,3,Rue Nationale,50.609392,3.180177,17,2,2
202100037981,133Â 770,A01,10,3,2,9,0,-1,-1,5,9,1,2021,35.0,3,2,0,1,1,9,1,,4,THENARD (RUE LOUIS JACQUES),0,,2,0,2,1,(1),(1),1,, -1,1,9,8,50,26,5,1,71,71076,1,1,0,6,THENARD (RUE LOUIS JACQUES),46.81059,4.85265,14,2,1
202100047256,117Â 291,B01,1,1,1,4,8,0,-1,-1, -1,-1,2021,27.0,1,0,1,0,1,1,3,,3,FONTAINEBLEAU (AV DE),0,,2,4,2,1,0,0,1,, -1,1,0,5,50,20,3,1,94,94043,2,1,0,2,FONTAINEBLEAU (AV DE),48.809,2.362,16,2,2
202100016249,172Â 587,B01,1,1,1,4,1,0,-1,0,0,-1,2021,40.0,2,2,0,2,8,7,1,,4,AVENUE FRANKLIN D ROOSEVELT,0,,2,3,3,1,(1),(1),1,, -1,1,0,6,30,28,9,5,75,75108,2,1,0,3,AVENUE FRANKLIN D ROOSEVELT,48.8695622255,2.310078759,23,2,2
202100018380,168Â 769,B01,1,1,1,0,2,6,-1,-1, -1,-1,2021,35.0,0,1,0,2,1,1,1,,4,ROSE (AVENUE DE LA),0,,-1,4,0,1,0,0,1,, -1,1,0,1,50,17,9,1,13,13213,2,1,0,3,ROSE (AVENUE DE LA),43.3266836674,5.4225641386,14,2,2
202100048058,115Â 840,A01,1,1,2,5,1,-1,-1,0,0,-1,2021,27.0,2,2,13,0,3,0,1,,3,31,0,A,2,2,0,2,18,800,3,, -1,2,0,1,80,14,3,3,64,64295,1,1,0,7,CD 31 PK 18+800,43.548571,-0.626972,6,1,1
202100026905,153Â 618,A01,1,1,1,5,2,6,9,0,0,-1,2021,57.0,1,1,0,0,0,1,1,,2,88,0,N,2,2,0,1,58,375,1,, -1,1,0,1,80,25,7,1,48,48016,1,1,0,7,RN 88,44.484321,3.457689,7,1,1
202100016336,172Â 438,B01,1,1,2,2,1,-1,-1,-1, -1,-1,2021,19.0,1,2,0,2,4,2,1,,1,ROCADE A 630,0,,3,6,0,1,25,27,1,, -1,2,0,1,90,29,9,1,33,33318,1,1,1,2,ROCADE A 630,44.788981,-0.622697,8,2,2
202100016618,171Â 932,A01,10,3,2,2,0,-1,-1,9,4,1,2021,11.0,3,2,0,1,2,20,0,,9,,0,,-1,1,0,1,(1),(1),1,, -1,1,9,6,30,22,9,1,25,25056,2,1,0,6,CHOPIN RUE FREDERIC,47.26516,6.04208,12,2,1
202100016846,171Â 508,A01,1,1,2,5,1,-1,-1,-1, -1,-1,2021,25.0,0,2,0,2,7,1,1,,6,LEFEBVRE. RUE PIERRE,0,,-1,-1,0,1,0,0,1,, -1,1,1,8,30,24,9,2,76,76212,2,1,0,2,LEFEBVRE. RUE PIERRE,49.4403,1.14781,18,2,2
202100011070,181Â 936,B01,1,1,1,5,2,8,-1,-1, -1,-1,2021,11.0,1,1,0,2,4,1,5,,4,ROMAINS (ROUTE DES),0,,2,5,1,1,0,0,1,, -1,1,0,1,50,22,10,5,67,67482,2,3,0,6,ROMAINS (ROUTE DES),48.578,7.70409,19,2,2
202100046600,118Â 471,A01,10,3,1,5,0,-1,-1,2,2,1,2021,62.0,1,2,0,1,1,16,1,,4,GABEL(RUE DE ),0,,2,2,0,1,0,0,3,, -1,1,0,1,50,24,3,1,47,47323,2,1,0,6,GABEL(RUE DE ),44.41,0.713,8,2,1
202100017278,170Â 769,B01,10,3,1,9,0,-1,-1,1,B,1,2021,53.0,0,2,0,9,0,0,0,,1,11,-1,,3,2,0,1,257,900,3,,10,1,2,1,110,24,9,3,49,49323,1,1,0,6,Autoroute A11 Pk 257+900,47.5003,-0.48681,20,2,1
202100003186,196Â 075,A01,1,1,1,1,2,6,-1,0,0,-1,2021,17.0,1,1,0,0,7,1,1,,3,209,-1,,2,2,0,3,36,612,1,, -1,2,5,1,80,15,12,2,77,77242,1,2,0,3,D209,48.487046,3.212477,7,2,2
202100018179,169Â 116,A01,10,3,2,5,0,-1,-1,3,3,1,2021,47.0,2,2,0,1,1,16,1,,4,RUE DROUOT,0,,1,1,0,1,(1),(1),1,, -1,1,0,1,30,18,9,5,75,75109,2,4,0,6,RUE DROUOT,48.875069543,2.3408604477,21,2,1
202100049663,112Â 969,A01,10,3,1,5,8,8,-1,4,3,2,2021,41.0,1,2,0,1,1,15,1,,4,BOULEVARD KELLERMANN,0,,2,4,0,1,(1),(1),1,, -1,1,0,1,50,1,3,1,75,75113,2,2,0,6,BOULEVARD KELLERMANN,48.819128,2.359452,10,2,1
202100022223,161Â 922,B01,1,1,1,5,2,6,-1,-1, -1,-1,2021,21.0,2,1,0,2,1,1,1,,4,CHENIEUX (RUE FRANCOIS),0,,2,2,0,1,0,0,1,, -1,1,0,1,50,26,8,1,87,87085,2,1,0,3,CHENIEUX (RUE FRANCOIS),45.83397,1.25636,17,2,2
202100051789,109Â 126,A01,10,3,2,0,0,-1,-1,3,3,1,2021,37.0,1,2,0,1,1,1,1,,7,GENERAL LECLERC (RUE DU),0,,2,1,0,1,(1),(1),1,, -1,1,4,1,50,9,2,1,67,67365,2,8,0,6,GENERAL LECLERC (RUE DU),48.55143,7.71124,8,2,1
202100022578,161Â 259,B01,1,1,1,5,1,8,-1,-1, -1,-1,2021,26.0,1,2,0,2,6,1,1,,1,A86 INT,0,,3,9,0,1,36,799,1,, -1,1,0,1,90,25,8,1,94,94046,1,1,0,3,A86 INT,48.81,2.449,18,4,2
202100006380,190Â 390,B01,2,2,2,5,8,0,-1,-1,0,-1,2021,17.0,2,2,0,2,1,1,1,,3,ROUTE DE BOISVINS,0,,2,2,0,2,(1),(1),2,, -1,1,0,1,50,25,9,5,971,97101,1,1,0,1,ROUTE DE BOISVINS,16.2670433286,-61.476541258,20,3,2
202100004258,194Â 142,A01,1,1,1,5,8,8,-1,-1, -1,-1,2021,40.0,1,2,1,0,1,14,1,,4,ZOLA EMILE (RUE),0,,2,4,0,2,(1),(1),1,, -1,5,9,3,50,28,11,1,42,42237,2,1,1,6,Rue Emile Zola,45.44462,4.42356,10,1,1
202100040257,129Â 644,A01,1,1,1,0,2,-1,-1,0,0,-1,2021,22.0,3,1,14,0,0,0,1,,3,933,0,D,2,2,0,1,36,319,1,, -1,1,5,1,50,13,5,2,47,47101,2,6,0,7,212 Pont des Sables,44.463275,0.139365,6,1,1
202100050443,111Â 535,A01,10,3,2,5,0,-1,-1,4,3,1,2021,64.0,3,2,0,1,1,1,1,,6,SEGHERS (rue Pierre),0,,2,2,0,1,0,1,1,, -1,1,9,1,30,17,2,1,84,84007,2,1,0,1,SEGHERS (rue Pierre),43.92895,4.83879,17,2,1
202100035359,138Â 505,A01,10,3,1,5,0,-1,-1,1,5,1,2021,19.0,1,2,0,1,7,1,1,,3,48,-1,D,2,2,0,2,24,100,1,, -1,1,0,1,80,11,6,1,51,51056,1,1,0,7,D48,48.6055854641,3.6161772667,17,2,1
202100020752,164Â 540,B01,1,1,2,5,2,-1,-1,0,0,-1,2021,53.0,1,1,0,2,1,1,1,,3,959,-1,,2,2,0,1,(1),(1),1,, -1,1,0,1,50,4,9,1,59,59331,2,1,0,2,"5, rue de maroilles",50.1191627122,3.7077127397,17,2,2
202100011046,181Â 976,A01,10,3,2,0,0,-1,-1,4,3,1,2021,66.0,2,1,0,1,1,15,5,,4,GARIBALDI                           (R ),0,,1,3,3,1,(1),(1),1,, -1,1,0,1,50,22,10,2,69,69383,2,2,0,6,GARIBALDI (R),45.7570191466,4.852711168,19,2,1
202100032606,143Â 493,A01,1,1,1,5,2,-1,-1,0,0,-1,2021,21.0,3,1,6,0,1,0,1,,3,19,0,,2,2,0,1,0,400,1,, -1,1,0,8,50,24,6,5,7,7127,2,1,0,6,"2, bis rue des Ã©coles",44.644884,4.325421,23,1,1
202100043191,124Â 458,A01,1,1,1,5,2,6,-1,0,0,-1,2021,38.0,1,1,0,2,3,2,1,,4,PORTE DE BAGNOLET,0,,1,4,0,1,30,400,1,, -1,1,0,1,70,21,4,1,75,75120,2,1,0,2,PORTE DE BAGNOLET,48.85993,2.413982,14,2,2
202100006449,190Â 272,B01,1,1,1,4,2,6,-1,0,0,-1,2021,28.0,1,1,0,2,1,1,1,,4,JEANPIERRE (AVENUE MAURICE),0,,2,2,0,1,(1),(1),1,, -1,1,0,1,50,24,11,2,6,6030,2,3,0,3,JEANPIERRE (AVENUE MAURICE),43.57232,7.006251,6,2,2
202100040811,128Â 672,B01,1,1,1,5,2,-1,-1,0,0,-1,2021,73.0,1,1,0,2,1,16,1,,3,9,0,D,2,2,0,2,41,100,1,, -1,1,0,1,80,9,5,1,70,70147,1,3,0,2,D9/D95,47.565968,6.650913,15,3,2
202100051333,109Â 914,A01,2,1,1,4,2,6,-1,-1, -1,-1,2021,30.0,1,1,0,2,2,1,1,,3,GENERAL LECLERC (DU) DU 32 A 62,0,,1,3,0,1,0,0,1,, -1,2,0,1,30,16,2,5,92,92040,2,3,1,3,GENERAL LECLERC (DU) DU 32 A 62,48.82477,2.27503,18,3,2
202100042611,125Â 457,A01,10,3,2,5,0,-1,-1,2,3,1,2021,66.0,2,2,0,1,3,1,1,,3,CHARLES DE GAULLE (BD) (15 AU 69),0,,2,2,0,1,0,0,1,, -1,1,0,1,50,25,4,1,92,92078,2,3,0,6,CHARLES DE GAULLE (BD) (15 AU 69),48.9364521872,2.3323014379,12,2,1
202100017414,170Â 501,A01,10,3,1,0,8,8,-1,2,1,1,2021,41.0,1,2,0,1,4,9,0,,4,RPT DU DONJON,0,,4,0,0,1,0,100,1,, -1,1,5,1,30,22,9,1,91,91114,2,6,0,6,RPT DU DONJON,48.70081,2.50561,7,2,1
202100016650,171Â 871,A01,2,2,2,0,1,0,-1,-1, -1,-1,2021,21.0,1,2,0,2,8,12,1,,1,29 PURPAN  (PERIPH OUEST A620),0,,1,4,0,1,7,200,1,, -1,1,0,1,90,26,9,1,31,31555,1,1,0,5,29 PURPAN  (PERIPH OUEST A620),43.5962,1.3969,18,4,3
202100027820,151Â 986,B01,1,1,1,5,1,-1,-1,0,0,-1,2021,41.0,1,2,0,2,4,1,1,,3,29,0,D,2,2,0,1,7,500,1,, -1,1,0,1,80,16,7,1,29,29045,1,1,0,2,D29 - lieu dit Kerloussouarn,48.426068,-4.286363,17,2,2
202100012683,179Â 045,A01,1,1,2,5,8,0,-1,0,0,-1,2021,16.0,2,1,0,2,1,1,3,,4,RUE DE GRENELLE,0,,-1,1,0,1,(1),(1),1,, -1,1,-1,5,30,17,10,1,75,75107,2,2,0,3,RUE DE GRENELLE,48.855,2.324579,14,2,2
202100051905,108Â 922,B01,1,1,1,0,2,-1,-1,-1, -1,-1,2021,36.0,2,1,0,2,1,1,1,,4,AVE DE LA MARNE,0,,2,7,0,1,(1),(1),1,, -1,2,8,1,50,9,2,5,33,33281,2,2,1,3,Avenue de la Marne,44.8328,-0.64812,19,2,2
202100029843,148Â 446,B01,1,1,1,4,1,0,-1,-1, -1,-1,2021,55.0,1,3,0,2,3,1,1,1.0,4,ROITELETS (R DES),0,,2,2,0,1,1,0,1,, -1,1,5,1,50,9,7,1,94,94017,2,2,0,3,ROITELETS (R DES),48.80987,2.55092,12,2,2
202100007564,188Â 222,B01,1,1,1,0,2,8,-1,-1, -1,-1,2021,14.0,1,1,0,2,1,1,1,,3,MONTABO (ROUTE DE) 1,0,,2,2,1,1,2,200,1,, -1,1,0,1,50,17,11,1,973,97302,2,3,0,3,MONTABO (ROUTE DE) 1,4.9412,-52.30288,7,2,2
202100002447,197Â 398,B01,1,1,1,0,8,0,-1,0,0,-1,2021,24.0,1,1,0,2,1,1,1,,4,,0,,2,2,0,2,(1),(1),1,, -1,1,0,1,50,17,12,5,6,6004,2,1,0,3,SELLA AV.ANDRE,43.5522,7.13538,23,2,2
202100017293,170Â 740,B01,1,1,1,0,2,-1,-1,0,0,-1,2021,57.0,1,1,0,2,1,1,1,,2,5,-1,,2,2,0,1,(1),(1),1,, -1,1,0,1,-1,24,8,1,971,97125,2,1,0,3,N5,16.292531,-61.289888,7,2,2
202100032438,143Â 792,A01,10,3,1,5,0,-1,-1,3,3,1,2021,70.0,1,2,0,1,1,1,1,,4,BRETON (AVENUE ANDRE),0,,2,2,0,1,0,0,1,, -1,1,6,1,50,24,6,1,46,46042,2,9,0,-1,BRETON (AVENUE ANDRE),44.44698,1.432471,10,2,1
202100056126,101Â 558,A01,1,1,1,1,2,6,-1,-1, -1,-1,2021,42.0,1,1,0,2,3,3,1,,1,AUTOROUTE A86,0,,3,6,0,1,27,799,1,, -1,1,0,1,90,4,1,3,93,93064,1,1,0,3,AUTOROUTE A86,48.87275,2.48041,19,2,2
202100050530,111Â 376,A01,4,2,2,0,0,-1,-1,0,0,-1,2021,17.0,1,2,0,0,9,1,1,,2,1,-1,,2,2,0,1,130,700,1,, -1,1,0,3,80,24,2,1,973,97303,1,1,0,7,N1,5.429829,-53.089199,10,4,1
202100006970,189Â 306,A01,1,1,1,0,1,-1,-1,0,0,-1,2021,41.0,1,2,0,2,1,13,1,,3,948,0,,2,2,0,1,57,200,1,, -1,1,0,1,-1,22,11,1,85,85130,1,1,0,1,D948 - PR057+200,46.780689,-1.687067,15,2,2
202100021914,162Â 458,A01,10,3,2,5,0,-1,-1,4,3,1,2021,92.0,3,2,0,1,1,1,1,,4,CAMUS (BD ALBERT),0,,3,2,3,1,(1),(1),1,, -1,1,0,1,50,28,8,1,95,95585,2,2,0,6,CAMUS (BD ALBERT),48.977742,2.371125,11,2,1
202100033601,141Â 704,B01,1,1,1,2,2,6,-1,-1, -1,-1,2021,19.0,2,1,0,2,1,1,1,,4,RUE DU LIVEAU,0,,2,2,2,1,(1),(1),1,, -1,1,0,1,50,18,6,1,33,33281,2,2,0,3,Rue du Liveau,44.84864,-0.64093,7,2,2
202100043957,123Â 106,A01,1,1,1,5,0,-1,-1,0,0,-1,2021,52.0,1,2,0,0,0,0,3,,3,47,0,,-1,2,0,1,21,650,1,, -1,1,0,8,80,4,4,1,51,51618,1,9,0,7,D47,48.793275,3.463536,14,1,1
202100038683,132Â 494,A01,1,1,1,5,2,6,-1,0,0,-1,2021,29.0,1,1,16,0,0,5,1,,3,42,0,D,2,2,0,2,21,700,2,, -1,1,0,3,80,23,5,1,42,42277,1,1,0,7,D42,45.9034788067,4.1095741689,14,1,1
202100020715,164Â 601,A01,1,1,1,9,1,0,-1,0,0,-1,2021,28.0,0,2,11,0,3,14,1,,4,QUAI BRANLY,0,,2,4,0,1,(1),(1),1,, -1,1,0,1,50,5,9,1,75,75107,2,2,0,6,QUAI JACQUES CHIRAC,48.859034,2.293346,8,1,1
202100044223,122Â 625,A01,1,1,1,1,1,-1,-1,-1,0,-1,2021,25.0,1,2,0,2,1,1,1,,1,AUTOROUTE A3,0,,3,4,0,1,16,400,1,, -1,1,0,1,90,13,4,1,95,95277,1,1,0,2,A3,48.9764466565,2.4923088714,18,2,2
202100039851,130Â 347,B01,1,1,1,0,1,0,-1,-1, -1,-1,2021,37.0,0,2,0,2,1,1,1,,3,GAGNY (ALLEE DE),0,,4,4,0,1,0,1,1,, -1,2,0,1,50,15,5,1,93,93014,2,2,1,3,AllÃ©e de Gagny / Allee du Chene Pointu,48.90161,2.5467,13,3,2
202100027120,153Â 239,A01,1,1,1,5,2,9,-1,0,0,-1,2021,80.0,1,1,0,0,1,1,5,,3,35,0,D,2,2,0,2,12,500,1,, -1,2,1,1,30,20,7,3,38,38345,1,1,1,7,RD 35,45.179095,5.496383,14,1,1
202100037350,134Â 906,A01,1,1,2,5,1,-1,-1,0,0,-1,2021,72.0,1,2,0,2,8,15,1,,3,613,-1,,2,3,0,1,7,400,1,, -1,1,0,1,90,1,6,1,14,14270,1,3,0,3,D613,49.144099,0.327358,15,2,2
202100045690,120Â 070,A01,1,1,1,9,1,-1,-1,0,0,-1,2021,20.0,2,2,13,0,1,1,1,,3,4085,0,,2,2,0,1,15,0,3,, -1,1,2,8,80,1,4,1,4,4013,1,1,0,6,RD 4085,44.134371,5.971053,14,1,1
202100032480,143Â 716,A01,10,3,1,4,0,-1,-1,5,3,1,2021,58.0,2,1,0,1,2,25,5,,3,FRANCE (RUE ANATOLE),0,,1,1,0,2,(1),(1),1,, -1,1,9,4,30,22,6,1,54,54483,2,1,0,6,FRANCE (RUE ANATOLE),48.63231,6.30694,16,2,1
202100038020,133Â 701,A01,1,1,1,5,2,6,-1,0,0,-1,2021,30.0,1,1,5,0,8,13,1,,3,LOUIS LE GUENNEC,0,,3,4,0,1,2,500,3,, -1,1,0,1,70,27,5,1,29,29232,1,1,0,7,D34 - Boulevard Louis le Guennec,47.9801,-4.10729,21,1,1
202100037330,134Â 942,A01,10,3,2,3,0,-1,-1,1,3,1,2021,74.0,3,2,0,1,4,20,1,,6,,-1,,-1,0,0,1,(1),(1),1,,"3,5",1,0,1,50,1,6,1,71,71047,2,1,1,6,"ZA LES ALOUETTES, parking Marie-BlachÃ¨re",46.630033,3.736832,13,2,1
202100030592,147Â 070,B01,1,1,1,5,2,0,-1,0,0,-1,2021,45.0,1,1,0,2,1,17,1,,2,MARECHAL FOCH ( AVENUE DU ),0,,2,3,0,1,70,617,1,, -1,1,0,1,50,3,7,1,5,5061,2,1,0,3,MARECHAL FOCH ( AVENUE DU ),44.56398,6.08875,10,3,2
202100041335,127Â 722,A01,10,3,2,1,0,-1,-1,4,3,1,2021,18.0,2,2,0,1,1,1,1,,3,985,0,,1,2,0,1,0,0,1,, -1,1,0,1,50,4,5,1,92,92064,2,1,0,6,REPUBLIQUE,48.8465083768,2.2140784727,16,2,1
202100019871,166Â 122,A01,1,1,2,5,2,-1,-1,-1, -1,-1,2021,44.0,1,1,0,2,1,1,5,,4,RUE DE BELFORT,0,,1,2,2,1,(1),(1),1,, -1,1,0,1,50,9,9,1,33,33063,2,2,0,3,Rue de Belfort,44.83235,-0.5817,18,2,2
202100002519,197Â 273,B01,1,1,2,5,0,-1,-1,0,0,-1,2021,57.0,2,1,0,2,1,13,5,,3,845,-1,,2,2,0,1,0,700,1,, -1,2,0,5,50,19,12,1,45,45195,2,1,0,1,3 Route d Escrennes,48.104816,2.193146,14,2,2
202100004394,193Â 900,A01,1,1,2,1,1,0,-1,0,0,-1,2021,23.0,1,2,4,0,3,13,1,,4,PORTE DE BAGNOLET,0,,1,2,0,2,(1),(1),2,, -1,2,0,1,50,6,12,1,75,75120,2,1,0,7,PORTE DE BAGNOLET,48.864537,2.413376,8,1,1
202100024152,158Â 487,B01,8,2,2,3,8,0,-1,-1, -1,-1,2021,54.0,1,3,0,2,3,9,0,8.0,3,BD DE CRETEIL,0,,1,2,0,1,1,0,1,, -1,1,0,1,30,13,8,1,94,94068,2,4,0,3,Boulevard de CrÃ©teil,48.80042,2.47181,12,9,2
202100046957,117Â 842,A01,1,1,1,1,2,6,-1,-1, -1,-1,2021,27.0,2,1,0,2,1,17,1,,3,AV LOUIS ARAGON,0,,3,2,0,1,1,0,1,, -1,1,0,1,50,23,3,1,94,94076,2,9,0,3,Avenue Louis Aragon,48.787908,2.373496,17,3,2
202100053019,106Â 949,A01,1,1,1,5,1,-1,-1,0,0,-1,2021,48.0,1,2,6,0,4,0,1,,3,596,0,,2,2,0,1,3,700,2,, -1,2,0,3,80,31,1,1,69,69050,1,1,0,6,PONT DE DORIEUX (DU) (RTE),45.858146,4.655789,9,1,1
202100018598,168Â 391,A01,10,3,2,2,0,-1,-1,1,3,2,2021,7.0,2,1,0,1,1,1,1,,4,ROCHE  ( QUARTIER ),0,,2,1,0,2,(1),(1),1,, -1,1,0,1,30,16,9,1,7,7008,1,1,0,6,ROCHE  ( QUARTIER ),44.7118439,4.62897777,16,2,1
202100006236,190Â 657,A01,1,1,2,1,2,6,-1,-1, -1,-1,2021,19.0,3,1,0,0,0,26,1,,4,JORLIS (ROND POINT DE),0,,1,2,0,1,0,0,2,, -1,2,0,1,50,24,11,1,64,64024,2,6,1,7,JORLIS (ROND POINT DE),43.49841,-1.4947,11,1,1
202100048549,114Â 971,A01,1,1,2,5,1,-1,-1,-1, -1,-1,2021,19.0,1,2,0,2,3,15,1,,4,RUE DES QUATRE CASTERA,0,,2,2,0,1,(1),(1),3,, -1,2,0,1,30,10,3,5,33,33039,2,3,1,3,Rue des Quatre CastÃ©ra,44.80943,-0.53737,23,3,2
202100018777,168Â 077,A01,1,1,1,4,1,0,-1,-1, -1,-1,2021,23.0,3,2,0,0,3,1,1,,4,ARAGON (MAIL LOUIS),0,,1,1,0,1,(1),(1),3,, -1,1,9,1,50,15,9,1,31,31069,2,1,0,6,ARAGON (MAIL LOUIS),43.64433,1.37857,14,1,1
202100055344,102Â 908,Z01,10,3,2,5,8,8,-1,4,3,2,2021,8.0,1,2,0,1,1,1,0,,4,PONTOILE (RUE DE),0,,2,2,0,1,0,0,1,, -1,1,5,1,50,6,1,1,2,2691,2,1,0,6,PONTOILE (RUE DE),49.84622,3.27465,11,2,1
202100032431,143Â 803,A01,1,1,1,0,2,6,-1,-1, -1,-1,2021,36.0,1,1,0,2,2,3,1,,1,AUTOROUTE A3,0,,1,8,1,1,0,200,1,, -1,1,0,1,90,25,6,1,93,93006,1,1,0,2,AUTOROUTE A3,48.86546,2.41949,18,2,2
202100003598,195Â 315,A01,1,1,2,0,1,-1,-1,-1, -1,-1,2021,24.0,3,2,0,0,8,21,1,,3,RD 54,0,,2,2,0,1,9,215,1,, -1,2,0,1,80,9,12,3,76,76565,1,3,1,6,RD 54,49.87132,1.08054,19,2,2
202100033483,141Â 925,A01,1,1,1,5,1,-1,-1,0,0,-1,2021,23.0,1,2,2,0,1,1,1,,3,D4,-1,,2,2,0,1,14,380,1,, -1,1,0,3,90,20,6,3,48,48132,1,1,0,6,LA GARDELLE,44.822501,3.37832,4,1,1
202100026913,153Â 606,A01,1,1,1,9,1,-1,-1,0,0,-1,2021,33.0,2,2,2,0,2,15,1,,3,17,0,,2,2,0,2,20,450,2,, -1,2,0,1,80,27,7,3,77,77203,1,1,1,6,D17,48.977485,2.963251,23,1,1
202100016551,172Â 045,B01,1,1,2,0,2,8,-1,-1, -1,-1,2021,65.0,3,1,0,2,7,1,1,,3,LAENNEC (RUE) COTE PAIR,0,,2,3,0,1,0,1,1,, -1,1,0,1,50,27,9,1,93,93077,2,2,0,3,Rue LaÃ«nnec / Avenue de Rosny,48.8812,2.4953,15,2,2
202100046510,118Â 650,A01,2,2,1,0,8,0,-1,0,0,-1,2021,34.0,1,1,0,2,1,1,1,,4,SABLON (COURS),0,,2,4,0,1,(1),(1),1,, -1,1,0,1,50,21,3,5,63,63113,2,2,0,3,SABLON (COURS),45.77356,3.09002,22,3,2
202100001261,199Â 514,B01,1,1,1,1,1,-1,-1,-1,0,-1,2021,44.0,2,2,0,2,4,2,1,,1,AUTOROUTE A15,0,,1,5,0,2,22,0,2,, -1,2,0,1,70,27,12,3,95,95572,1,1,1,2, A15,49.0328974301,2.1075081825,6,2,2
202100042734,125Â 252,B01,1,1,1,5,0,-1,-1,0,0,-1,2021,14.0,0,1,0,2,1,0,5,,4,,-1,,1,1,0,1,(1),(1),1,,3,1,0,1,50,23,4,1,74,74256,2,1,0,1,107 rue pasteur,45.937258,6.628318,18,2,2
202100031182,145Â 998,B01,1,1,1,5,2,6,-1,0,0,-1,2021,31.0,1,1,0,2,1,17,1,,4,,0,,2,2,0,1,(1),(1),1,, -1,1,0,1,50,2,7,2,6,6029,2,1,0,3,MIDI (BOULEVARD DU),43.54659,6.97504,21,2,2
202100012150,180Â 002,A01,10,3,1,4,0,-1,-1,3,3,1,2021,40.0,1,1,0,1,1,1,1,,4,RUE DE CAUMARTIN,0,,1,1,0,1,(1),(1),1,, -1,1,0,1,30,14,10,5,75,75109,2,3,0,6,RUE DE CAUMARTIN,48.87231,2.328247,19,2,1
202100045474,120Â 452,B01,1,1,1,5,2,6,-1,0,0,-1,2021,49.0,2,1,0,2,1,13,1,,4,,-1,,2,2,0,1,(1),(1),3,, -1,1,0,1,30,3,4,1,29,29189,1,9,0,1,Croix du Tinduff (Ãlimination des dÃ©chets),48.3406734976,-4.3755987951,16,2,2
202100012835,178Â 781,B01,1,1,1,5,2,0,-1,-1, -1,-1,2021,26.0,2,1,0,2,1,1,1,,4,VENIEN (RUE THEOPHANE),0,,2,2,0,1,(1),(1),1,, -1,1,0,1,50,16,10,5,37,37261,2,3,0,3,VENIEN (RUE THEOPHANE),47.3806035008,0.6985269172,21,6,2
202100019302,167Â 133,A01,2,2,1,0,1,0,-1,-1, -1,-1,2021,19.0,2,2,0,2,1,9,1,,2,ROUTE NATIONALE 356,0,,1,0,0,1,(1),(1),1,, -1,1,9,8,30,9,5,1,59,59378,1,1,0,4,ROUTE NATIONALE 356,50.6548388911,3.1070280075,20,4,3
202100031809,144Â 906,A01,2,2,2,0,2,6,-1,-1, -1,-1,2021,23.0,1,1,0,2,1,3,1,,1,AUTOROUTE A3,0,,3,8,0,1,1,0,1,, -1,2,0,1,70,29,6,1,93,93006,1,1,1,2,AUTOROUTE A3,48.8668,2.42553,19,3,2
202100041790,126Â 909,B01,1,1,1,3,8,-1,-1,0,0,-1,2021,82.0,1,1,0,2,4,1,5,,3,ADOUR (QUAI DE L'),0,,3,4,0,1,4,0,1,, -1,2,0,1,50,30,4,1,65,65440,2,1,1,2,ADOUR (QUAI DE L'),43.230276,0.087842,17,2,2
202100000921,200Â 101,B01,1,1,1,9,1,-1,-1,0,0,-1,2021,67.0,2,2,0,2,3,1,1,,3,902,-1,,2,2,0,1,27,233,1,, -1,2,0,1,70,30,12,1,50,50648,1,2,1,1,Tapotin,49.500514,-1.499945,10,3,2
202100050699,111Â 066,B01,1,1,1,2,1,-1,-1,0,0,-1,2021,23.0,2,2,0,0,4,2,1,,1,43,0,,3,5,3,2,76,800,1,, -1,5,0,1,130,12,2,3,73,73191,1,1,1,2,A43 - PK 76+800,45.563313,5.774367,17,2,2
202100039416,131Â 145,B01,1,1,1,9,2,8,-1,-1, -1,-1,2021,52.0,2,1,0,2,1,1,1,,4,Section Port Blanc,0,,2,2,0,2,(1),(1),1,, -1,1,0,1,70,18,5,1,971,97113,1,1,0,1,Section Port Blanc,16.23364,-61.45596,15,2,2
202100050914,110Â 669,A01,1,1,1,0,2,6,-1,-1, -1,-1,2021,29.0,2,1,0,2,7,17,1,,4,LIBERATION (BOULEVARD),0,,2,0,0,1,(1),(1),1,, -1,1,0,1,50,19,2,1,13,13204,2,1,0,3,LIBERATION (BOULEVARD),43.3021800327,5.3947417438,14,2,2