Num_Acc,id_vehicule,num_veh,place,catu,sexe,trajet,secu1,secu2,secu3,locp,actp,etatp,year_acc,victim_age,senc,catv,obs,obsm,choc,manv,motor,occutc,catr,voie,v1,v2,circ,nbv,vosp,prof,pr,pr1,plan,lartpc,larrout,surf,infra,situ,vma,jour,mois,lum,dep,com,agg_,int,atm,col,adr,lat,long,hour,nb_victim,nb_vehicules
202100029036,149Â 833,A01,1,1,2,1,1,-1,-1,0,0,-1,2021,20.0,1,2,13,0,1,1,1,,3,453,0,,2,2,0,1,1,500,1,, -1,2,0,1,80,14,7,1,10,10317,1,1,1,7,453,47.968635,4.35359,8,1,1
202100034404,140Â 238,A01,1,1,1,0,1,8,-1,-1, -1,-1,2021,57.0,1,2,0,2,5,1,1,,1,A7-Sens Marseille vers Lyon,0,,1,3,0,2,276,700,1,, -1,1,0,1,90,14,6,3,13,13215,1,1,0,2,A7-Sens Marseille vers Lyon,43.3516462008,5.3667969703,1,2,2
202100014321,176Â 103,A01,1,1,1,9,8,-1,-1,-1, -1,-1,2021,18.0,1,1,0,2,3,1,1,,4,DOCTEUR GAILLETON (DU)              (QU),0,,2,4,3,1,(1),(1),1,, -1,1,0,1,50,8,10,1,69,69382,2,3,0,3,DOCTEUR GAILLETON (DU) (Q),45.75022,4.83142,17,2,2
202100033606,141Â 698,B01,1,1,1,1,1,-1,-1,0, -1,-1,2021,49.0,2,2,0,2,3,1,1,,3,ROUTE d'ELLIANT,0,,-1,2,0,1,6,200,2,, -1,1,0,1,70,17,6,1,29,29051,1,1,0,1,Route dâElliant,47.9898737982,-3.9872431755,16,2,2
202100012147,180Â 005,A01,10,3,2,1,0,-1,-1,3,3,1,2021,36.0,1,2,0,1,2,1,1,,3,,0,,3,3,0,1,1,610,1,, -1,1,0,1,50,15,10,1,63,63103,2,1,0,6,EUROPE (AVENUE DE L'),45.91905,3.07338,8,2,1
202100006471,190Â 231,B01,1,1,2,9,2,0,-1,0,0,-1,2021,60.0,1,1,0,2,4,1,5,,4,BOULEVARD RASPAIL,0,,2,4,3,1,(1),(1),1,, -1,1,-1,5,30,24,11,1,75,75107,2,2,0,3,BOULEVARD RASPAIL,48.851741,2.326768,11,2,2
202100022859,160Â 756,A01,1,1,2,5,1,-1,-1,0,0,-1,2021,33.0,1,2,0,0,3,15,1,,7,20,-1,,2,2,0,1,13,150,1,, -1,1,0,1,80,24,8,1,13,13112,1,3,0,3,Route Departemental 20,43.518081,5.231713,13,2,2
202100016373,172Â 367,B01,2,2,1,5,8,8,-1,-1, -1,-1,2021,26.0,1,1,0,2,1,1,1,,3,LIBERATION PLACE DE LA,0,,2,2,0,1,1,0,1,, -1,1,0,1,50,27,9,5,93,93046,2,9,0,3,LIBERATION PLACE DE LA,48.9227,2.5443,21,4,2
202100006713,189Â 783,A01,1,1,1,5,2,6,-1,0,0,-1,2021,26.0,1,1,13,0,1,17,1,,3,RD944,0,,2,2,0,2,0,852,3,, -1,1,0,3,90,20,11,1,5,5061,1,1,0,6,RD944,44.59319,6.09076,16,1,1
202100048439,115Â 174,B01,1,1,1,5,2,0,-1,0,0,-1,2021,31.0,1,1,0,2,2,2,5,,4,COURS LA REINE,0,,3,4,0,1,(1),(1),1,, -1,2,0,1,50,11,3,1,75,75108,2,1,1,3,COURS LA REINE,48.865025,2.318053,14,2,2
202100048980,114Â 197,A01,10,3,1,9,8,8,-1,2,3,1,2021,51.0,1,1,0,1,2,1,1,,4,EUROPE (AV DE L'),0,,2,2,0,1,0,0,1,, -1,1,0,1,30,6,3,1,92,92025,2,1,0,6,EUROPE (AV DE L'),48.9261297252,2.2429047525,18,2,1
202100020592,164Â 823,A01,1,1,1,0,8,0,-1,-1, -1,-1,2021,62.0,1,2,0,2,1,1,1,,3,913,0,,2,4,0,1,0,0,1,, -1,1,5,1,50,3,9,1,92,92050,2,5,0,3,CLEMENCEAU GEORGES AVENUE NÂ° PAIR,48.88651,2.20901,12,2,2
202100025458,156Â 160,B01,1,1,1,9,2,6,-1,-1, -1,-1,2021,17.0,1,1,0,2,1,2,1,,4,LÃON JOUHAUX(AVENUE),0,,2,2,0,1,5,700,1,, -1,2,0,1,50,4,8,1,70,70285,2,3,1,2,LÃON JOUHAUX(AVENUE),47.57999,6.76515,15,3,2
202100049719,112Â 873,A01,1,1,1,0,1,-1,-1,0,0,-1,2021,55.0,2,2,6,0,8,1,1,,3,12,0,D,2,2,0,2,71,800,1,, -1,1,0,3,80,2,3,1,74,74140,1,1,0,6,Rte Valla Verda,46.245356,6.467879,16,1,1
202100038686,132Â 486,B01,1,1,1,5,2,6,-1,0,0,-1,2021,17.0,2,1,0,2,8,15,1,,3,310,-1,,2,2,0,2,15,570,1,, -1,1,5,1,50,22,5,1,72,72284,2,1,0,3,Rue du Saosnois,48.301827,0.100041,13,2,2
202100041573,127Â 289,A01,10,3,1,9,8,8,-1,1,3,2,2021,71.0,3,2,0,1,1,2,3,,4,EMILE ZOLA (BOULEVARD),0,,2,2,0,1,0,0,3,, -1,1,0,1,30,3,5,1,93,93014,2,3,0,6,Boulevard Emile Zola / Allee de la Forestiere,48.90657,2.55432,14,2,1
202100002739,196Â 875,C01,1,1,1,1,1,-1,-1,-1,0,-1,2021,28.0,1,2,0,2,4,1,1,,3,REFUZNICKS (ROUTE DES),0,,2,3,0,1,5,390,1,, -1,1,0,1,70,14,12,3,95,95585,2,1,0,4,REFUZNICKS (ROUTE DES),48.98446,2.38655,18,3,3
202100025106,156Â 778,B01,1,1,2,0,1,-1,-1,-1, -1,-1,2021,48.0,1,2,0,2,8,10,1,,2,JEAN MERMOZ                         (AV),0,,3,5,3,1,0,700,1,, -1,2,0,1,50,7,8,1,69,69388,2,1,1,3,JEAN MERMOZ (AV),45.7311129622,4.8860621452,11,2,2
202100043048,124Â 727,B01,1,1,1,0,2,0,-1,0,0,-1,2021,65.0,1,1,0,2,1,21,1,,3,"SOLEIL (PROMENADE DU, NÂ° 2 A 848))",0,,2,2,0,1,3,1002,1,, -1,1,0,1,30,22,4,1,6,6083,2,2,0,3,"SOLEIL (PROMENADE DU, NÂ° 2 A 848))",43.767317,7.489885,16,2,2
202100048429,115Â 193,A01,1,1,1,1,2,6,-1,0,0,-1,2021,53.0,2,1,0,2,3,2,1,,4,BOULEVARD PERIPHERIQUE,0,,1,4,0,1,24,100,1,, -1,1,0,1,70,11,3,2,75,75119,2,1,0,2,BOULEVARD PERIPHERIQUE,48.900606,2.373933,17,2,2
202100048506,115Â 056,B01,1,1,1,5,2,-1,-1,-1, -1,-1,2021,22.0,3,1,0,0,4,15,0,,4,JULES FERRY                         (R ),0,,1,1,0,1,(1),(1),3,, -1,1,9,1,50,10,3,1,69,69259,2,6,0,2,JULES FERRY (R),45.69883,4.886,10,2,2
202100054130,104Â 993,C01,1,1,1,3,1,-1,-1,0,0,-1,2021,40.0,1,2,0,2,3,1,1,,3,86,0,,2,2,0,2,2,310,1,, -1,1,0,1,80,23,1,1,54,54296,1,3,0,3,D674 - D86,48.7320352536,6.3040280344,9,2,2
202100024523,157Â 823,A01,1,1,1,0,2,-1,-1,-1, -1,-1,2021,61.0,3,1,0,2,1,1,1,,4,AVE DE L'YSER,0,,2,2,1,1,(1),(1),1,, -1,2,0,1,50,12,8,1,33,33281,2,2,0,3,Avenue de l'Yser,44.842014,-0.660723,15,2,2
202100046114,119Â 335,B01,1,1,2,5,1,5,-1,0,0,-1,2021,24.0,3,2,0,2,3,1,1,,4,HERMAND (RUE GEORGES),0,,2,1,0,2,(1),(1),2,, -1,1,0,1,50,29,3,1,27,27562,2,4,0,3,HERMAND (RUE GEORGES),49.09609,1.43709,13,3,2
202100026619,154Â 125,B01,1,1,1,0,8,0,-1,0,0,-1,2021,34.0,1,1,0,2,7,3,1,,2,T21,0,,-1,2,0,1,(1),(1),1,, -1,1,0,1,90,28,7,1,201,201004,1,1,0,3,T21,41.928568056,8.7696594,10,2,2
202100025168,156Â 668,A01,1,1,1,5,1,-1,-1,0,0,-1,2021,32.0,2,2,13,0,9,17,1,,1,84,-1,,3,4,0,1,142,150,1,, -1,1,0,3,130,8,8,1,35,35191,1,1,0,6,A 84,48.455041,-1.327759,9,1,1
202100028911,150Â 052,B01,2,2,2,0,1,-1,-1,0,0,-1,2021,82.0,1,2,0,2,1,1,1,,3,D213,-1,,3,4,0,1,37,500,1,, -1,1,5,1,90,15,7,1,44,44131,1,9,0,3,D213,47.143814,-2.132716,10,3,2
202100029958,148Â 249,B01,1,1,2,1,8,0,-1,-1, -1,-1,2021,32.0,3,1,0,2,1,1,5,,4,CURIE (AVENUE PIERRE ET MARIE),0,,1,1,0,1,0,0,2,, -1,1,0,1,50,8,7,1,77,77445,2,6,0,3,CURIE (AVENUE PIERRE ET MARIE),48.60485,2.56538,13,2,2
202100015131,174Â 664,B01,1,1,1,1,2,6,-1,-1, -1,-1,2021,28.0,1,1,0,2,3,2,1,,3,ELYSEE RECLUS (AVENUE) NÂ° 23 AU 217,0,,1,2,0,1,0,0,1,, -1,1,0,1,50,5,10,1,93,93059,2,3,0,3,ELYSEE RECLUS (AVENUE) NÂ° 23 AU 217,48.95236,2.358,17,2,2
202100010537,182Â 893,B01,1,1,2,0,1,-1,-1,-1, -1,-1,2021,49.0,3,2,0,2,2,1,1,,4,PRAD AR C'HRAS Rond point,0,,-1,2,0,2,(1),(1),3,, -1,2,9,1,50,28,10,3,29,29232,1,9,1,3,AllÃ©e de Prad Ar CâHras,48.001021,-4.154061,21,2,2
202100020209,165Â 507,A01,10,3,1,0,0,-1,-1,5,3,1,2021,20.0,3,3,0,1,1,1,3,,4,BONIE (RUE DES FRERES),0,,-1,0,3,1,(1),(1),1,, -1,1,0,6,50,8,9,5,33,33063,2,1,0,6,Rue des FrÃ¨res Bonie,44.83662,-0.58036,1,2,1
202100035483,138Â 286,B01,1,1,1,9,1,8,-1,-1, -1,-1,2021,39.0,2,2,0,2,4,1,1,,4,UNIVERSITE DE L',0,,1,2,0,1,0,0,1,, -1,1,0,1,50,9,6,1,64,64445,2,1,0,2,UNIVERSITE DE L',43.31128,-0.36392,16,2,2
202100054980,103Â 539,A01,1,1,1,5,2,6,-1,0,0,-1,2021,23.0,1,1,0,2,1,11,1,,3,937,0,D,2,2,0,1,19,349,1,, -1,1,0,1,80,16,1,3,85,85129,1,1,0,1,Alexandrie,46.834835,-1.485422,7,2,2
202100007428,188Â 478,B01,1,1,1,4,1,0,-1,-1, -1,-1,2021,41.0,2,5,1,0,1,1,1,,1,AUTOROUTE A104,0,,3,7,0,1,1,799,1,, -1,1,0,1,90,18,11,3,93,93078,1,1,0,5,AUTOROUTE A104,48.96847,2.50834,23,5,3
202100007920,187Â 586,B01,1,1,1,1,2,6,-1,0,0,-1,2021,28.0,2,1,0,2,1,17,1,,3,D36E,0,,2,2,0,1,0,525,1,, -1,1,0,1,80,9,11,1,69,69148,1,1,0,3,VIOLON (DU) (RTE),45.6685774966,4.7025723906,16,3,2
202100019816,166Â 225,A01,3,2,1,0,1,0,-1,-1, -1,-1,2021,11.0,2,2,0,2,1,2,1,,1,A13,0,,-1,3,0,1,26,600,1,, -1,1,0,1,110,10,9,1,78,78672,1,1,0,2,A13,48.92981,1.98388,7,3,2
202100009752,184Â 269,A01,10,3,2,0,8,8,-1,3,3,1,2021,43.0,1,2,0,2,3,15,1,,4,LYON (RTE DE),0,,2,5,1,1,0,0,2,, -1,1,0,1,50,28,10,5,67,67218,2,1,0,6,LYON (RTE DE),48.52886,7.71071,20,2,1
202100017714,169Â 961,A01,1,1,1,5,2,-1,-1,0,0,-1,2021,24.0,1,1,0,2,1,2,1,,3,12,0,A,2,2,0,1,12,279,1,, -1,1,0,1,80,19,9,1,6,6037,1,1,0,2,Route Departementale 12,43.74105,6.881111,15,2,2
202100047764,116Â 369,B01,1,1,1,0,2,0,-1,-1, -1,-1,2021,66.0,1,1,0,2,1,1,1,,3,SAINT ROCH AVENUE,0,,2,2,0,1,0,1,1,, -1,1,0,1,70,11,3,1,84,84031,2,1,0,2,SAINT ROCH AVENUE,44.07789,5.06479,14,2,2
202100046350,118Â 922,B01,1,1,1,5,8,0,-1,-1, -1,-1,2021,21.0,2,2,0,2,1,1,1,,4,VISCOURT (RUE),0,,2,2,0,1,(1),(1),1,, -1,1,0,1,50,27,3,1,59,59352,1,1,0,3,VISCOURT (RUE),50.73883,3.10142,15,3,2
202100013877,176Â 895,B01,1,1,1,0,2,0,-1,0,0,-1,2021,13.0,0,1,0,2,1,15,5,,4,CAPELETTE (AVENUE DE LA),0,,-1,2,0,1,0,0,1,, -1,1,0,1,50,11,10,1,13,13210,2,1,0,2,CAPELETTE (AVENUE DE LA),43.28048,5.40836,18,2,2
202100015249,174Â 451,A01,10,3,1,5,0,-1,-1,4,3,1,2021,48.0,1,2,0,1,3,15,1,,4,,0,,1,1,1,1,0,0,2,, -1,1,0,1,50,4,10,1,92,92002,2,1,0,6,GABRIEL PERI (AVENUE),48.7540160677,2.3007814586,11,2,1
202100014134,176Â 423,A01,1,1,2,5,1,-1,-1,-1, -1,-1,2021,89.0,2,2,0,2,1,15,1,,7,LIBERATION (DE LA)                  (RO),0,,2,2,0,1,6,700,1,, -1,1,0,1,50,9,10,1,69,69202,1,3,0,5,BRIGNAIS (DE) (RTE),45.7247469389,4.7805333138,17,4,3
202100029437,149Â 162,A01,1,1,1,5,2,8,-1,-1, -1,-1,2021,39.0,2,1,3,0,1,2,1,,4,PORT (QUAI DU),0,,2,4,3,1,0,0,1,, -1,1,5,1,50,11,7,5,13,13202,2,2,0,1,PORT (QUAI DU),43.29538,5.3646,3,1,1
202100026423,154Â 467,A01,1,1,1,0,2,-1,-1,-1, -1,-1,2021,19.0,3,1,0,0,0,26,1,,4,MARIGNAN                            (R ),0,,1,1,0,1,(1),(1),1,, -1,1,0,8,50,28,7,5,69,69383,2,1,0,7,MARIGNAN (R),45.7560922001,4.8436398363,22,1,1
202100052686,107Â 555,B01,1,1,1,4,1,0,-1,0,0,-1,2021,25.0,2,2,0,2,4,2,1,,4,BOULEVARD PERIPHERIQUE,0,,1,4,0,1,34,100,1,, -1,2,0,1,70,3,2,1,75,75112,2,1,0,2,BOULEVARD PERIPHERIQUE,48.830171,2.402188,9,2,2
202100004113,194Â 388,A01,1,1,1,9,2,6,-1,0,0,-1,2021,46.0,1,1,12,0,1,14,1,,4,AVENUE DE VERSAILLES,0,,2,2,0,1,(1),(1),1,, -1,2,8,1,30,27,11,5,75,75116,2,1,1,6,AVENUE DE VERSAILLES,48.840366,2.264345,17,1,1
202100017466,170Â 404,B01,1,1,2,2,2,-1,-1,0,0,-1,2021,19.0,0,1,0,2,0,1,3,,4,STRASBOURG (PLACE),0,,2,2,0,1,(1),(1),1,, -1,1,9,1,30,22,9,1,29,29019,2,1,0,6,Rue de Valmy,48.402032,-4.466883,18,2,2
202100023039,160Â 440,A01,1,1,2,0,2,8,-1,-1, -1,-1,2021,23.0,1,1,0,2,1,9,1,,7,CAUCHOISE. PLACE,0,,2,4,3,2,22,600,1,, -1,2,-1,1,50,24,7,1,76,76540,2,4,1,3,CAUCHOISE. PLACE,49.44589,1.08647,20,4,2
202100042340,125Â 940,A01,2,2,2,9,1,0,-1,0,0,-1,2021,19.0,2,2,4,0,1,1,1,,3,VEYNES ( ROUTE DE ),0,,2,2,0,2,65,580,2,, -1,2,0,1,50,26,4,1,5,5061,1,1,0,6,VEYNES ( ROUTE DE ),44.54892,6.03803,11,2,1
202100006385,190Â 381,A01,10,3,2,0,0,-1,-1,3,3,1,2021,34.0,1,2,0,1,1,26,1,,2,MACE (BOULEVARD GABRIEL),0,,2,2,0,1,(1),(1),1,, -1,1,8,1,30,24,11,1,974,97411,2,1,0,6,MACE (BOULEVARD GABRIEL),-20.87274,55.44848,9,2,1
202100028294,151Â 119,A01,1,1,1,9,1,-1,-1,-1, -1,-1,2021,38.0,1,2,1,0,3,13,1,,4,CLEMENCEAU (BD GEORGES),0,,2,2,2,1,(1),(1),1,, -1,1,0,1,50,18,7,2,35,35238,2,1,0,6,CLEMENCEAU (BD GEORGES),48.09451,-1.68526,6,1,1
202100001734,198Â 689,A01,1,1,2,5,1,0,-1,-1, -1,-1,2021,75.0,1,2,0,2,1,1,1,,3,MONTREAL -ROUTE DE -,0,,1,2,0,1,1,0,1,, -1,1,5,1,50,22,12,1,11,11069,2,2,0,3,MONTREAL -ROUTE DE -,43.211285789,2.3264998198,9,2,2
202100026108,155Â 026,B01,1,1,1,0,1,-1,-1,-1, -1,-1,2021,35.0,2,2,0,2,1,0,1,,7,YVES FARGE                          (BD),0,,2,2,2,2,61,900,2,, -1,2,0,1,50,31,7,5,69,69199,2,1,1,1,YVES FARGE (BD),45.70465,4.85687,21,2,2
202100039183,131Â 586,A01,10,3,1,5,0,-1,-1,3,3,1,2021,20.0,1,2,0,0,1,1,1,,7,1,-1,,3,2,0,1,35,300,3,, -1,1,0,1,50,20,5,1,31,31150,2,6,0,6,5 Route de Mondonville,43.654351,1.323863,16,2,1
202100043474,123Â 950,A01,1,1,2,0,1,0,-1,-1, -1,-1,2021,45.0,1,2,0,2,4,2,1,,3,BALLANGER (BD ROBERT),0,,1,2,0,1,0,0,1,, -1,1,0,1,50,19,4,1,93,93078,2,1,0,2,BALLANGER (BD ROBERT),48.96115,2.55488,17,2,2
202100051828,109Â 064,B01,1,1,2,0,1,0,-1,-1, -1,-1,2021,43.0,1,2,1,2,1,1,1,,4,LILAS (ALL DES),0,,2,2,0,1,0,0,1,, -1,1,0,1,30,11,2,2,94,94076,2,1,0,1,LILAS (ALL DES),48.781811,2.364028,17,2,2
202100012399,179Â 544,A01,1,1,1,5,1,0,-1,-1, -1,-1,2021,52.0,2,2,8,0,1,21,1,,4,LECLERC (AVENUE DU GENERAL),0,,3,4,0,1,0,0,1,, -1,1,5,1,50,16,10,1,87,87085,2,1,0,6,LECLERC (AVENUE DU GENERAL),45.85659,1.26913,14,2,2
202100021762,162Â 727,A01,1,1,1,9,2,6,-1,-1, -1,-1,2021,21.0,1,1,0,2,1,2,1,,4,BELLON (RUE DU SOLDAT),0,,3,2,0,1,0,0,1,, -1,1,0,1,30,30,8,1,83,83069,2,9,0,3,BELLON (RUE DU SOLDAT),43.118312354,6.1276425266,13,2,2
202100052879,107Â 194,A01,10,3,1,5,0,-1,-1,4,3,1,2021,76.0,3,2,0,1,1,15,1,,3,,-1,,2,-1,-1,1,(1),(1),1,, -1,1,9,1,-1,27,1,1,59,59271,2,9,0,6,LOTI PIERRE,51.0114,2.2953,10,2,1
202100056033,101Â 729,B01,1,1,1,4,2,4,-1,-1, -1,-1,2021,22.0,2,1,0,2,1,1,1,,4,BARON (RUE MARC),0,,-1,2,0,1,0,0,1,, -1,1,0,1,50,5,1,5,83,83137,2,3,0,6,BARON (RUE MARC),43.115266,5.936034,19,2,2
202100053337,106Â 383,A01,1,1,1,3,1,-1,-1,-1, -1,-1,2021,60.0,1,2,0,4,8,15,1,,4,AVENUE DE LA LIBERATION-CH. DE GAULLE,0,,1,3,3,1,(1),(1),1,, -1,1,4,6,50,28,1,1,33,33069,2,3,0,3,Avenue de la LibÃ©ration Charles de Gaulle,44.86334,-0.603142,16,2,2
202100022227,161Â 914,A01,9,2,2,5,1,8,-1,-1, -1,-1,2021,15.0,3,2,15,0,1,1,1,,4,AVENUE DU GRAND DEFENDS,0,,-1,2,0,2,0,0,2,, -1,1,0,3,50,22,8,1,83,83118,2,1,0,6,AVENUE DU GRAND DEFENDS,43.42761,6.79692,16,4,1
202100004895,193Â 038,C01,2,2,2,0,1,0,-1,-1, -1,-1,2021,27.0,1,2,0,2,4,2,1,,1,AUTOROUTE A5A,0,,3,4,0,1,1,0,1,, -1,2,0,1,110,4,12,3,77,77251,1,1,1,4,AUTOROUTE A5A,48.6265369,2.5388121,17,4,3
202100033759,141Â 428,A01,1,1,1,1,1,8,-1,-1, -1,-1,2021,61.0,1,2,3,0,2,1,1,,2,RN 104,0,,1,3,0,2,36,700,3,, -1,2,0,1,70,18,6,1,91,91340,1,1,1,6,RN 104,48.6087,2.4352,6,1,1
202100021572,163Â 076,A01,1,1,1,5,2,-1,-1,0,0,-1,2021,45.0,2,1,4,2,1,1,5,,3,73,-1,,2,2,0,2,4,360,4,, -1,1,8,1,-1,27,5,1,73,73002,1,1,0,1,D73,45.53209,6.306732,11,2,2
202100014751,175Â 343,A01,10,3,1,-1,0,-1,-1,2,3,1,2021,62.0,3,2,0,1,0,15,1,,4,CHOPIN (QUAI),0,,3,1,0,2,(1),(1),2,, -1,1,5,1,50,11,5,1,26,26281,2,1,0,6,4 Quai Dauphin,45.042249,5.04855,13,2,1
202100026201,154Â 861,A01,1,1,2,5,1,-1,-1,0,0,-1,2021,40.0,1,2,13,0,3,1,3,,3,8,-1,,2,2,0,1,(1),(1),1,, -1,1,0,3,90,1,8,1,14,14254,1,1,0,6,D8,49.146598,-0.418317,16,3,1
202100051792,109Â 121,A01,10,3,2,3,0,-1,-1,2,3,1,2021,76.0,2,2,0,1,1,16,1,,7,775,0,,1,2,0,1,(1),(1),1,, -1,7,5,1,50,11,2,1,59,59599,2,9,0,6,GAMBETTA (BOULEVARD),50.704957,3.160219,8,2,1
202100014857,175Â 154,A01,10,3,1,0,0,-1,-1,3,3,1,2021,10.0,3,5,0,1,1,1,1,,3,ARISTIDE BRIAND (BOULEVARD),0,,2,1,0,1,0,0,1,, -1,1,0,1,30,6,10,1,93,93048,2,1,0,1,ARISTIDE BRIAND (BOULEVARD),48.877516,2.457003,13,2,1
202100010479,182Â 991,B01,1,1,1,0,2,0,-1,-1, -1,-1,2021,26.0,2,1,0,0,1,0,1,,3,ROUTE NATIONALE 7,0,,3,4,0,1,0,0,1,, -1,1,0,1,50,28,10,5,91,91286,2,1,0,2,ROUTE NATIONALE 7,48.669301,2.394434,19,2,2
202100023951,158Â 820,A01,1,1,2,5,2,-1,-1,0,0,-1,2021,48.0,0,1,0,2,1,5,1,,4,,0,,1,1,0,1,(1),(1),3,,5,1,0,1,50,17,8,1,72,72054,2,1,0,1,1 rue marie curie,48.020759,0.330502,11,2,2
202100006466,190Â 239,A01,10,3,2,5,0,-1,-1,2,3,1,2021,75.0,2,2,0,1,4,4,1,,4,RUE DE NANCY,0,,1,1,0,1,(1),(1),1,, -1,1,0,1,30,24,11,1,75,75110,2,4,0,6,RUE DE NANCY,48.872065,2.359832,10,2,1
202100030070,148Â 036,B01,1,1,1,0,1,-1,-1,0,0,-1,2021,54.0,0,2,0,2,3,1,2,,3,90,-1,D,2,2,0,1,(1),(1),1,,4,1,0,1,70,9,7,1,80,80246,1,2,0,1,D90,49.795287,2.392482,15,2,2
202100049174,113Â 856,B01,2,2,2,5,1,-1,-1,0,0,-1,2021,80.0,3,2,0,2,8,9,1,,3,533,-1,,2,2,0,1,2,500,1,, -1,1,0,1,80,6,3,1,63,63338,1,2,0,3,D533,46.183337,2.826394,15,3,2
202100001401,199Â 269,A01,9,2,1,5,1,-1,-1,0,0,-1,2021,51.0,1,2,6,0,1,1,1,,3,906,-1,,2,2,0,1,(1),(1),3,, -1,1,0,4,50,11,12,5,63,63010,2,1,0,6,Rue Saturnin Allard,45.411312,3.724666,23,3,1
202100003783,195Â 003,A01,1,1,2,4,1,-1,-1,0,0,-1,2021,47.0,1,4,13,0,1,1,6,,2,141,0,A,3,4,0,2,4,700,2,, -1,7,0,3,110,11,12,3,16,16132,1,1,0,6,RN 141,45.88254,0.763378,6,2,1
202100019189,167Â 328,A01,1,1,2,0,1,0,-1,-1, -1,-1,2021,78.0,1,2,10,0,1,1,1,,4,24 AVRIL 15 (AVENUE DU),0,,-1,1,0,1,0,0,3,, -1,1,0,1,50,13,9,1,13,13212,2,1,0,1,24 AVRIL 15 (AVENUE DU),43.31,5.44,14,1,1
202100046427,118Â 790,A01,1,1,1,5,2,6,9,0,0,-1,2021,24.0,2,1,3,0,1,1,1,,3,680,0,,2,2,0,3,60,650,2,, -1,1,9,1,80,28,3,1,71,71482,1,1,0,6,RD 680 PK 60+650,46.853691,4.352796,12,1,1
202100035815,137Â 688,A01,1,1,1,5,1,-1,-1,0,0,-1,2021,32.0,1,2,8,0,1,1,1,,3,538,0,,2,2,0,1,71,148,3,, -1,1,0,1,80,6,6,2,26,26108,1,1,0,6,Route de Montelimar,44.713897,5.007834,21,1,1
202100047075,117Â 624,A01,1,1,1,2,2,6,-1,0,0,-1,2021,22.0,2,1,0,2,1,2,1,,3,927,-1,,2,2,0,4,64,700,1,, -1,1,0,1,90,23,3,2,28,28012,1,1,1,2,RD 927,48.078839,1.162727,7,2,2
202100013346,177Â 894,B01,1,1,1,5,2,-1,-1,0,0,-1,2021,56.0,1,1,0,2,1,13,6,,3,323,-1,,2,2,0,2,84,250,1,, -1,1,0,1,-1,14,10,1,72,72084,1,1,0,3,D323,47.74713,0.00189,17,2,2
202100007306,188Â 689,A01,10,3,2,5,0,-1,-1,2,3,2,2021,21.0,3,2,0,1,2,1,1,,4,QUENOUILLE RUE DE LA,0,,2,2,0,1,1,0,1,, -1,1,0,1,50,18,11,2,13,13063,2,1,0,1,QUENOUILLE RUE DE LA,43.59415,4.9949,16,3,1
202100018494,168Â 574,B01,1,1,1,5,0,-1,-1,0,0,-1,2021,17.0,3,1,0,2,1,1,5,,4,,0,,2,2,0,2,0,0,1,,4,1,0,1,50,12,9,1,68,68334,2,1,0,3,Rue du Kattenbachy,47.815777,7.10618,14,2,2
202100029695,148Â 719,A01,1,1,1,5,2,-1,-1,0,0,-1,2021,58.0,1,1,0,2,1,5,0,,4,RDO,-1,,1,4,0,4,7,900,3,, -1,1,0,1,-1,10,7,1,987,98738,1,4,0,1,"RDO sortie universitÃ©, sens PUNAAUIA PAPEETE",-17.5762983048,-149.6117949486,15,2,2
202100023599,159Â 451,B01,1,1,2,5,8,-1,-1,0,0,-1,2021,15.0,2,0,0,2,1,5,3,,4,CHEMIN VERT (RUE DU - NÂ°79),0,,3,8,1,1,1,0,3,, -1,1,9,1,50,18,8,5,14,14118,2,1,0,3,Rue du Chemin Vert,49.19427,-0.39492,21,3,2
202100013052,178Â 413,B01,1,1,2,4,1,0,-1,-1, -1,-1,2021,29.0,1,5,0,2,4,1,1,,3,R D 900,0,,3,4,0,1,22,420,1,, -1,1,3,1,90,14,10,1,66,66136,1,1,0,2,R D 900,42.69634,2.86337,16,2,2
202100002919,196Â 551,A01,10,3,1,0,0,-1,-1,2,B,1,2021,35.0,3,5,0,1,1,11,1,,7,CARNOT SADI RUE,0,,1,1,0,1,(1),(1),2,, -1,2,0,1,50,14,12,2,59,59507,2,9,0,6,CARNOT SADI RUE,50.6030926836,3.1011271477,6,2,1
202100009107,185Â 429,A01,1,1,1,0,1,-1,-1,0,0,-1,2021,28.0,1,2,0,2,1,13,1,,3,BAYEUX (ROUTE DE ),0,,2,2,0,1,1,0,1,, -1,1,0,1,50,6,11,1,14,14137,2,1,0,1,BAYEUX (ROUTE DE ),49.18895,-0.41866,14,3,2
202100026780,153Â 852,A01,1,1,1,4,2,0,-1,-1, -1,-1,2021,24.0,2,1,0,2,1,2,3,,3,52,0,,2,0,0,2,0,100,1,, -1,2,0,1,50,27,7,1,91,91691,2,1,1,2,GABRIEL PERI(RUE) DU NÂ°70 AU NÂ°122,48.70633,2.48825,13,2,2
202100017268,170Â 787,A01,1,1,1,9,1,-1,-1,0,0,-1,2021,36.0,1,2,0,2,3,17,1,,4,,0,D,2,2,0,1,(1),(1),3,, -1,1,0,1,50,24,9,1,37,37115,2,1,0,1,132 Avenue Francois Mitterrand,46.9890074022,0.6716034901,12,2,2