Num_Acc,id_vehicule,num_veh,place,catu,sexe,trajet,secu1,secu2,secu3,locp,actp,etatp,year_acc,victim_age,senc,catv,obs,obsm,choc,manv,motor,occutc,catr,voie,v1,v2,circ,nbv,vosp,prof,pr,pr1,plan,lartpc,larrout,surf,infra,situ,vma,jour,mois,lum,dep,com,agg_,int,atm,col,adr,lat,long,hour,nb_victim,nb_vehicules
202100004935,192Â 971,A01,1,1,1,0,1,0,-1,-1, -1,-1,2021,36.0,1,2,0,2,2,19,1,,4,MARECHAL JOFFRE (AVENUE) DU 1-2 AU 19-20,0,,-1,2,0,1,1,0,1,, -1,1,0,1,50,3,12,1,93,93049,2,2,0,3,MARECHAL JOFFRE (AVENUE) DU 1-2 AU 19-20,48.86799,2.50336,15,2,2
202100013757,177Â 119,B01,1,1,1,1,8,-1,-1,0,0,-1,2021,54.0,0,2,0,2,8,15,1,,3,32,0,D,2,2,0,1,35,500,1,, -1,1,0,1,80,12,10,3,40,40126,1,3,1,3,Route de Dax,43.705593,-0.948805,23,3,2
202100030321,147Â 566,B01,1,1,1,1,2,0,-1,-1, -1,-1,2021,20.0,1,1,0,2,1,1,1,,4,CHATEL (JEAN),0,,1,0,0,1,0,0,1,, -1,1,0,1,50,6,7,1,974,97411,2,2,0,3,CHATEL (JEAN),-20.88358,55.45166,9,2,2
202100041647,127Â 163,A01,10,3,1,5,0,-1,-1,4,3,1,2021,83.0,1,2,0,1,3,16,1,,4,FLORIMOND LAURENT (RUE),0,,2,3,2,1,(1),(1),1,, -1,1,0,1,50,27,4,1,76,76351,2,2,0,6,FLORIMOND LAURENT (RUE),49.51862,0.11698,18,2,1
202100040625,128Â 996,B01,1,1,1,9,8,0,-1,0,0,-1,2021,48.0,2,1,0,2,1,1,3,,4,AVENUE GAMBETTA,0,,2,2,1,3,(1),(1),1,, -1,1,5,1,50,8,5,1,75,75120,2,6,0,2,AVENUE GAMBETTA,48.864965,2.395547,18,2,2
202100030785,146Â 734,A01,1,1,1,5,1,5,-1,-1, -1,-1,2021,24.0,1,2,12,0,2,14,1,,3,CORBEIL (RUE),0,,2,2,0,1,0,0,1,, -1,1,0,1,50,1,7,5,91,91216,2,1,0,6,CORBEIL (RUE),48.670513,2.332283,2,1,1
202100026195,154Â 872,A01,4,2,2,5,1,-1,-1,0,0,-1,2021,40.0,2,2,0,2,2,17,1,,3,126,0,D,2,2,0,2,3,150,1,, -1,1,0,1,80,31,7,1,38,38399,1,1,0,2,D126,45.522962,5.149122,16,5,2
202100037277,135Â 041,A01,2,2,1,0,1,0,-1,0,0,-1,2021,13.0,1,2,8,0,1,1,1,,3,CHATEAUVIEUX (ROUTE DE),0,,-1,2,0,1,2,300,1,, -1,1,0,1,50,29,5,1,5,5061,1,1,0,6,CHATEAUVIEUX (ROUTE DE),44.50333,6.05769,12,2,1
202100012523,179Â 327,B01,1,1,1,4,1,-1,-1,0,0,-1,2021,43.0,2,2,0,2,3,0,1,,3,925,-1,,2,2,0,1,24,600,1,, -1,1,0,1,70,18,10,1,80,80163,1,1,0,1,D 925,50.10891,1.781266,15,4,2
202100036555,136Â 377,A01,1,1,2,5,1,-1,-1,0,0,-1,2021,28.0,1,2,0,0,2,1,1,,3,1016,0,,2,2,0,1,7,0,1,, -1,1,5,1,50,5,6,2,60,60141,2,2,0,1,Rue de Paris,49.193238,2.465165,5,2,2
202100005606,191Â 782,B01,4,2,2,0,1,-1,-1,0,0,-1,2021,2.0,2,2,0,2,1,5,1,,3,215,-1,,2,2,0,2,0,360,2,, -1,1,0,1,80,27,11,3,6,6015,1,1,0,1,Route des Escaillouns,43.828087,7.347182,17,5,2
202100006493,190Â 197,A01,10,3,2,1,0,-1,-1,4,3,1,2021,17.0,1,2,0,1,2,9,1,,3,15,0,,1,1,0,1,0,0,1,, -1,1,0,1,50,24,11,2,92,92004,2,1,0,6,VOLTAIRE  ( PLACE ),48.9127250497,2.2961506248,7,2,1
202100037693,134Â 287,B01,1,1,1,5,2,-1,-1,0,0,-1,2021,44.0,1,1,0,2,1,1,5,,3,45,0,,2,2,0,1,6,621,1,, -1,1,0,1,70,30,5,1,77,77005,1,1,0,1,D45,48.922355,2.724202,15,6,2
202100040499,129Â 215,B01,1,1,2,4,1,0,-1,0,0,-1,2021,25.0,1,2,0,2,4,23,1,,4,PORTE DAUPHINE,0,,1,4,0,1,15,200,1,, -1,1,0,1,70,10,5,1,75,75116,2,1,0,4,PORTE DAUPHINE,48.870483,2.272529,15,3,3
202100002062,198Â 110,A01,1,1,1,5,2,-1,-1,0,0,-1,2021,35.0,2,1,1,0,1,1,5,,3,981,-1,,2,2,0,2,35,200,4,, -1,1,0,1,80,22,12,1,71,71498,1,1,0,2,D981,46.619711,4.681849,15,2,2
202100000663,200Â 528,A01,1,1,2,1,1,-1,-1,0,0,-1,2021,34.0,2,2,2,0,3,1,1,,3,52,0,,2,2,0,1,7,150,1,, -1,7,0,3,80,28,12,1,4,4005,1,1,1,7,RD 52,43.993432,6.576798,8,1,1
202100013644,177Â 324,B01,1,1,2,5,8,0,-1,-1, -1,-1,2021,54.0,1,1,0,2,1,5,0,,4,DAVOUST (RUE EMILE DAVOUST),0,,1,1,2,1,1,0,1,, -1,1,6,1,30,12,10,1,45,45234,2,3,0,3,DAVOUST (RUE EMILE DAVOUST),47.90388,1.91026,11,2,2
202100049308,113Â 623,A01,1,1,2,5,1,-1,-1,0,0,-1,2021,55.0,0,2,13,0,3,13,1,,4,,-1,,2,2,0,1,(1),(1),1,, -1,1,0,3,80,5,3,1,82,82161,1,1,0,6,Chemin de Saint-macaire,44.055502,1.430842,11,1,1
202100037615,134Â 423,A01,1,1,1,5,1,8,-1,0,0,-1,2021,72.0,1,2,1,0,2,14,1,,4,RUE DU SAINT GOTHARD,0,,1,1,0,1,(1),(1),1,, -1,1,0,1,50,29,5,1,75,75114,2,2,0,6,RUE DU SAINT GOTHARD,48.830201,2.334894,15,1,1
202100009196,185Â 271,A01,10,3,2,5,8,8,-1,2,3,2,2021,8.0,1,2,0,1,3,1,1,,4,DODU 1 (RUE JULIETTE),0,,1,1,0,1,0,0,1,, -1,1,0,1,30,4,11,1,974,97411,2,1,0,3,DODU 1 (RUE JULIETTE),-20.88069,55.45214,17,3,1
202100045446,120Â 503,A01,10,3,1,4,8,8,-1,9,B,3,2021,25.0,2,2,0,1,0,1,1,,3,HENRI BARBUSSE (BOULEVARD),0,,1,1,0,1,1,0,1,, -1,1,0,1,30,2,4,1,93,93048,2,1,0,6,HENRI BARBUSSE (BOULEVARD),48.8674812287,2.4421746408,9,2,1
202100037404,134Â 804,B01,3,2,2,0,1,3,-1,-1, -1,-1,2021,3.0,0,2,0,2,1,24,0,,4,MATHIEU DUSSURGEY                   (R ),0,,2,2,0,1,(1),(1),1,, -1,1,0,1,50,30,5,1,69,69199,2,1,0,1,MATHIEU DUSSURGEY (R),45.712208223,4.8602822634,19,3,2
202100053604,105Â 904,A01,1,1,2,0,1,0,-1,-1, -1,-1,2021,31.0,1,2,4,0,1,1,1,,4,ALOUETTE (AVENUE),0,,3,2,0,2,(1),(1),2,, -1,2,0,1,50,24,1,1,37,37261,2,1,1,7,ALOUETTE (AVENUE),47.3624468186,0.695766811,12,1,1
202100034996,139Â 141,A01,1,1,1,2,2,6,-1,-1, -1,-1,2021,15.0,0,1,0,2,1,2,1,,4,CESSART (AVENUE DE),0,,3,4,1,1,0,0,1,, -1,1,0,1,50,10,6,1,50,50129,2,1,0,2,CESSART (AVENUE DE),49.64473,-1.63,17,2,2
202100000033,201Â 702,A01,10,3,2,5,0,-1,-1,3,3,1,2021,67.0,3,2,0,1,1,17,1,,4,PRADO (AVENUE DU),0,,1,6,0,1,0,0,1,, -1,1,0,1,50,22,12,1,13,13208,2,9,0,6,PRADO (AVENUE DU),43.269743758,5.3869156257,9,2,1
202100026424,154Â 465,B01,1,1,2,0,1,0,-1,-1, -1,-1,2021,34.0,1,2,3,2,4,2,1,,9,Z I LES MANGLES,0,,2,2,0,1,(1),(1),3,, -1,1,0,1,50,29,7,1,972,97213,1,1,0,4,Z I LES MANGLES,14.61353,-61.01227,15,3,3
202100031919,144Â 694,A01,1,1,1,5,1,0,-1,-1, -1,-1,2021,26.0,1,2,8,2,8,19,1,,3,PAUL VAILLANT COUTURIER (RUE),0,,2,2,0,1,1,0,1,, -1,2,5,1,50,27,6,1,93,93032,2,3,1,3,Avenue Vaillant Couturier / Avenue de Bordeaux,48.87602,2.54986,13,2,2
202100044808,121Â 622,A01,1,1,1,0,2,0,-1,-1, -1,-1,2021,22.0,3,1,0,2,1,19,5,,4,CONDORCET,0,,2,2,1,1,0,0,1,, -1,1,0,5,30,7,4,1,64,64445,2,6,0,3,CONDORCET,43.3116,-0.36281,12,2,2
202100049381,113Â 493,B01,1,1,1,0,8,0,-1,-1, -1,-1,2021,24.0,2,1,0,2,1,1,0,,4,MARECHAL LECLERC DU,0,,2,2,1,1,0,0,1,, -1,1,0,5,50,2,3,1,64,64445,2,1,0,3,AVENUE DE GENERAL LECLERC,43.30376,-0.34631,16,2,2
202100010656,182Â 689,B01,1,1,1,5,2,6,-1,0,0,-1,2021,43.0,2,1,0,2,1,2,5,,7,147,-1,,2,2,0,1,(1),(1),2,, -1,1,0,1,50,28,10,1,59,59133,2,6,0,3,14 rue salengro,50.52184306,2.96295052,12,2,2
202100026870,153Â 691,B01,1,1,1,0,8,0,-1,-1, -1,-1,2021,26.0,1,1,0,2,1,1,3,,3,SADI CARNOT,0,,2,2,0,1,0,0,1,, -1,1,0,1,50,26,7,2,93,93029,2,3,0,3,SADI CARNOT,48.92588,2.44022,21,2,2
202100014810,175Â 231,A01,1,1,2,1,1,-1,-1,0,0,-1,2021,19.0,2,2,0,2,2,1,1,,4,VENDEUVRE (QUAI),0,,2,1,0,1,1,0,1,, -1,1,0,1,50,6,10,1,14,14118,2,1,0,3,Quai Vendeuvre,49.1834,-0.35654,10,2,2
202100042137,126Â 308,A01,1,1,1,5,1,0,-1,0,0,-1,2021,31.0,1,2,14,0,1,1,1,,3,D84,0,,2,2,0,2,12,550,1,, -1,1,0,1,80,30,4,1,2,2084,1,1,0,7,Rue de Marigny,49.013576,3.229659,16,1,1
202100020827,164Â 418,A01,1,1,1,0,2,8,-1,-1, -1,-1,2021,30.0,2,1,0,2,1,17,1,,4,ABBE LAVIGNE (AVENUE),0,,2,2,0,1,0,0,1,, -1,1,0,1,30,4,9,1,972,97209,2,1,0,1,ABBE LAVIGNE (AVENUE),14.61241,-61.07172,15,2,2
202100046605,118Â 463,A01,10,3,2,2,0,-1,-1,5,9,3,2021,19.0,2,2,0,1,1,15,1,,4,PAROT JEAN A PARTIR NÃ¸ 58-65,0,,2,2,0,2,(1),(1),1,, -1,1,0,4,50,27,1,1,42,42218,2,1,0,6,Rue Jean Parot,45.4294959078,4.4229336865,12,3,1
202100040380,129Â 427,A01,1,1,1,0,2,0,-1,-1, -1,-1,2021,28.0,1,1,0,2,1,19,1,,3,SEINE (QUAI DE),0,,2,3,0,1,0,0,1,, -1,1,0,1,50,11,5,1,93,93070,2,1,0,3,SEINE (QUAI DE),48.91466,2.31958,17,2,2
202100040516,129Â 185,A01,1,1,2,3,1,0,-1,-1, -1,-1,2021,23.0,1,2,0,2,3,26,1,,3,AV DE STALINGRAD ,0,,1,2,0,1,1,0,1,, -1,1,0,3,50,10,5,1,94,94021,2,9,0,6,Avenue de Stalingrad,48.7693,2.36785,17,2,1
202100009859,184Â 078,B01,2,2,1,5,2,-1,-1,0,0,-1,2021,16.0,0,1,0,2,1,1,1,,4,,-1,,2,2,0,1,(1),(1),1,,6,1,0,1,50,2,11,5,34,34145,2,3,0,1,Avenue des 4 Saisons,43.676699,4.116064,18,3,2
202100032071,144Â 421,A01,10,3,1,5,0,-1,-1,2,3,1,2021,78.0,1,2,0,1,4,4,1,,4,BOURDAN (RUE P.),0,,1,1,0,1,(1),(1),1,, -1,1,0,1,50,26,6,1,82,82121,2,3,0,6,BOURDAN (RUE P.),44.0245841669,1.3420251757,9,2,1
202100038684,132Â 493,B01,1,1,2,5,1,5,-1,0,0,-1,2021,24.0,1,2,0,2,1,1,1,,3,12,0,C,2,2,0,1,1,865,1,, -1,1,0,1,80,24,5,1,31,31345,1,1,0,1,departementale 12c,43.386228,1.430089,10,6,2
202100002347,197Â 589,A01,1,1,1,0,2,7,-1,-1, -1,-1,2021,56.0,2,1,0,2,1,3,1,,1,13,0,,1,3,0,1,4,699,1,, -1,1,0,1,90,17,12,5,92,92064,1,1,0,3,A13,48.8395693208,2.2020814717,22,2,2
202100016829,171Â 542,B01,1,1,1,5,2,6,-1,-1, -1,-1,2021,56.0,3,1,0,2,1,1,1,,4,LIEU DIT LA COUTANCIERE,0,,2,2,0,1,1,0,3,, -1,1,0,1,50,25,9,1,85,85191,1,1,0,1,LIEU DIT LA COUTANCIERE,46.70544,-1.42514,8,2,2
202100029820,148Â 485,A01,1,1,1,9,2,6,-1,0,0,-1,2021,45.0,1,1,0,2,3,13,1,,4,PLACE DE LA PORTE MAILLOT,0,,1,4,0,1,(1),(1),2,, -1,1,8,1,50,9,7,1,75,75117,2,7,0,3,PLACE DE LA PORTE MAILLOT,48.877547,2.283845,14,3,2
202100019686,166Â 458,B01,1,1,1,0,2,6,-1,-1, -1,-1,2021,43.0,2,1,0,2,1,1,1,,3,RD 1250 (CAMICAS-OUSTALET),0,,1,2,1,1,47,150,2,, -1,1,5,1,50,10,9,1,33,33529,1,6,0,2,RD 1250 (CAMICAS-OUSTALET),44.64677,-1.15843,12,3,2
202100037467,134Â 694,A01,1,1,2,5,2,7,9,0,0,-1,2021,27.0,2,1,0,0,3,1,1,,3,921,0,,2,2,0,1,12,500,2,, -1,1,0,3,80,29,5,1,73,73149,1,1,0,7,D921 PR12.5U,45.749573,5.790417,10,1,1
202100007132,189Â 021,A01,2,2,1,0,1,0,-1,-1, -1,-1,2021,20.0,1,2,0,0,0,1,1,,2,LITTORAL (ROUTE 1 DU),0,,3,4,0,1,6,500,1,, -1,1,0,1,90,19,11,1,974,97411,1,1,0,7,LITTORAL (ROUTE 1 DU),-20.88122,55.39786,11,2,1
202100024027,158Â 699,A01,10,3,2,5,0,-1,-1,4,3,1,2021,29.0,1,2,0,1,2,16,1,,4,AVENUE DE VERSAILLES,0,,2,5,0,1,(1),(1),1,, -1,1,2,1,50,15,8,1,75,75116,2,2,0,6,AVENUE DE VERSAILLES,48.851269,2.278553,17,2,1
202100030531,147Â 189,B01,2,1,1,0,2,6,-1,-1, -1,-1,2021,20.0,1,1,0,2,3,5,1,,3,446,0,,3,2,0,1,0,0,1,, -1,1,5,1,70,5,7,1,91,91692,1,3,0,3,HERMITAGE (RUE DE L'),48.68181,2.18967,17,2,2
202100020502,164Â 987,B01,5,2,1,5,1,-1,-1,-1, -1,-1,2021,39.0,3,2,0,4,7,1,1,,4,ROGER SALENGRO                      (R ),0,,4,3,0,1,(1),(1),1,,"11,6",1,4,6,50,6,9,1,69,69256,2,8,1,5,ROGER SALENGRO (R),45.76285,4.92935,18,5,3
202100007288,188Â 718,B01,1,1,1,1,2,6,-1,0,0,-1,2021,58.0,3,1,0,2,1,1,1,,4,MARSEILLE (Route de ),0,,2,2,0,1,(1),(1),1,, -1,1,0,1,50,19,11,1,26,26198,2,1,0,3,166 Route de Marseille,44.538374,4.746436,7,2,2
202100049478,113Â 315,B01,1,1,1,0,2,6,-1,-1, -1,-1,2021,48.0,2,1,0,2,1,2,1,,4,BOULEVARD JEAN MOULIN,0,,2,2,0,1,0,0,1,, -1,1,0,1,50,1,3,2,83,83118,2,1,0,2,BOULEVARD JEAN MOULIN,43.427385,6.783192,18,2,2
202100028192,151Â 303,A01,1,1,1,1,2,6,9,0,0,-1,2021,24.0,2,1,0,2,1,2,1,,3,1089,0,D,2,2,0,1,1,910,1,, -1,1,0,1,50,19,7,1,33,33478,2,1,0,2,La Place,45.011413,0.01194,17,2,2
202100018603,168Â 383,A01,10,3,2,2,0,-1,-1,2,3,1,2021,8.0,1,2,0,1,7,1,1,,4,AVENUE JEAN JAURES,0,,2,2,0,1,(1),(1),1,, -1,1,0,1,30,16,9,1,75,75119,2,1,0,6,AVENUE JEAN JAURES,48.8847333586,2.3776627372,11,2,1
202100025777,155Â 612,B01,1,1,1,1,2,0,-1,-1, -1,-1,2021,32.0,2,1,1,0,7,1,0,,4,PAUL VAILLANT COUTURIER (AV),0,,2,2,0,1,0,0,1,, -1,2,0,1,50,3,8,2,94,94037,2,1,1,3,PAUL VAILLANT COUTURIER (AV),48.816409,2.339993,6,2,2
202100053726,105Â 703,A01,10,3,1,5,0,-1,-1,1,3,1,2021,10.0,1,0,0,1,1,26,1,,3,PETITE PLACE ( RUE DE LA ),0,,2,2,0,1,14,400,1,, -1,2,0,1,50,21,1,3,62,62863,2,1,1,6,Rue de la Petite Place,50.54462,2.7872,17,2,1
202100040468,129Â 272,B01,2,2,2,5,1,-1,-1,-1, -1,-1,2021,87.0,2,2,0,2,1,1,1,,3,LECLERC GENERAL  BD,0,,2,2,2,1,3,100,1,, -1,3,0,1,50,10,5,1,69,69264,2,2,1,3,LECLERC GENERAL (BD),45.9984,4.70852,13,3,2
202100051966,108Â 819,A01,10,3,2,3,0,-1,-1,3,3,1,2021,64.0,1,2,0,1,1,1,1,,2,88,0,,2,2,0,1,1,634,1,, -1,1,0,1,50,11,2,1,48,48080,2,1,1,6,19 Boulevard Charles de Gaulle,44.726385,3.855836,15,3,1
202100010592,182Â 796,A01,10,3,1,5,0,-1,-1,4,3,2,2021,1.0,2,4,0,1,2,16,6,,4,63,0,,2,2,0,1,0,1,1,, -1,1,5,6,50,28,10,1,92,92049,2,2,0,6,REPUBLIQUE AVENUE DE LA NÂ°1 A 79,48.815323669,2.3176270723,18,3,1
202100022609,161Â 201,A01,10,3,1,0,0,-1,-1,3,3,1,2021,52.0,1,2,0,1,1,1,1,,4,MITTELHAUSBERGEN (ROUTE DE),0,,2,2,0,1,(1),(1),1,, -1,2,0,1,30,23,8,1,67,67482,2,1,1,6,MITTELHAUSBERGEN (ROUTE DE),48.59403,7.72015,11,2,1
202100046051,119Â 440,A01,1,1,2,0,8,0,-1,-1, -1,-1,2021,28.0,1,2,11,0,1,13,1,,1,AUTOROUTE A10,0,,1,1,0,1,0,100,1,, -1,1,0,1,70,30,3,1,91,91363,1,1,0,7,AUTOROUTE A10,48.66913,2.19326,16,1,1
202100003921,194Â 747,A01,10,3,2,5,0,-1,-1,3,3,1,2021,65.0,1,2,0,1,2,1,1,,4,1,0, -,2,2,0,1,(1),(1),1,, -1,2,0,1,50,9,12,5,29,29124,2,1,1,6,Rue MÃ©decin GÃ©nÃ©ral le Berre,48.56976,-4.317986,18,2,1
202100039582,130Â 832,B01,1,1,1,0,2,-1,-1,-1, -1,-1,2021,48.0,1,1,0,2,1,1,1,,4,AVE PASTEUR,0,,2,2,0,1,(1),(1),1,, -1,1,0,1,30,17,5,1,33,33318,2,1,0,3,Avenue Pasteur,44.80521,-0.63569,17,2,2
202100015593,173Â 807,A01,1,1,1,0,8,0,-1,-1, -1,-1,2021,40.0,1,1,0,0,0,0,1,,1,33 B SESQUIERES  (PERIPH OUEST A620),0,,1,3,0,1,0,422,3,, -1,1,0,1,90,2,10,4,31,31555,1,1,0,7,33 B SESQUIERES  (PERIPH OUEST A620),43.64967,1.42204,1,1,1
202100036558,136Â 370,B01,1,1,1,5,1,-1,-1,0,0,-1,2021,82.0,3,2,0,2,1,1,1,,4,,-1,,2,2,0,1,(1),(1),4,,5,1,0,1,50,5,6,1,80,80685,2,1,0,1,Rue des Cordeliers,49.698571,2.784879,16,4,2
202100051900,108Â 934,B01,1,1,2,4,8,0,-1,-1, -1,-1,2021,57.0,1,1,0,2,8,1,0,,3,PHARAON DE WINTER (RUE),0,,2,2,0,2,(1),(1),1,, -1,7,0,1,30,9,2,1,59,59043,2,1,0,2,PHARAON DE WINTER (RUE),50.7343102475,2.7258954942,16,2,2
202100031034,146Â 267,A01,1,1,1,4,2,6,-1,-1, -1,-1,2021,30.0,2,1,0,2,7,17,1,,4,MAUBEC (RUE),0,,-1,3,0,2,0,0,1,, -1,1,0,1,30,29,6,1,64,64102,2,3,0,3,MAUBEC (RUE),43.49809,-1.46751,21,2,2
202100043462,123Â 973,A01,1,1,1,3,8,0,-1,0,0,-1,2021,54.0,3,1,0,2,1,1,5,,4,PONT DE SULLY,0,,1,2,0,1,(1),(1),1,, -1,1,2,1,50,18,4,1,75,75104,2,1,0,2,PONT DE SULLY,48.850464,2.360248,17,2,2
202100036455,136Â 538,A01,10,3,2,5,0,-1,-1,3,2,2,2021,29.0,1,2,12,1,1,6,1,,3,AVENUE DU 8 MAI,0,,3,4,0,2,51,900,1,, -1,1,0,1,50,4,6,1,7,7281,1,6,0,5,AVENUE DU 8 MAI,44.9456,4.85235,16,4,2
202100015666,173Â 665,A01,1,1,1,5,8,-1,-1,0,0,-1,2021,43.0,1,5,0,0,1,1,1,,3,674,-1,,2,2,0,2,55,123,1,, -1,1,0,3,80,2,10,3,54,54374,1,1,0,7,RD674,48.7622147192,6.4059734346,22,1,1
202100023309,159Â 951,A01,1,1,1,5,8,0,-1,0,0,-1,2021,10.0,3,1,0,2,1,16,5,,4,MAISONS BLANCHES (RUE DES),0,,2,2,0,1,1,0,1,, -1,1,0,1,50,20,8,1,5,5023,2,9,0,3,MAISONS BLANCHES (RUE DES),44.88312,6.62858,15,2,2
202100055890,101Â 974,A01,1,1,2,5,1,-1,-1,-1, -1,-1,2021,68.0,3,2,9,0,1,9,1,,4,NOTRE DAME DE LA TRINITE (BOULEVARD),0,,2,2,0,2,0,0,1,, -1,1,0,4,50,5,1,1,974,97411,2,6,0,6,NOTRE DAME DE LA TRINITE (BOULEVARD),-20.89222,55.46101,13,1,1
202100033427,142Â 020,A01,10,3,1,5,0,-1,-1,4,3,1,2021,43.0,0,1,0,1,2,1,1,,4,ALLEE DE LONGCHAMP,0,,2,4,0,1,(1),(1),1,, -1,1,0,1,50,11,6,1,75,75116,2,2,0,6,ALLEE DE LONGCHAMP,48.874712,2.270495,19,2,1
202100054636,104Â 127,A01,10,3,2,0,0,-1,-1,1,B,1,2021,83.0,1,2,0,1,1,0,0,,3,50,0,D,2,2,0,1,0,600,1,, -1,1,0,1,50,19,1,1,83,83046,2,1,0,6,ROUTE DEPARTEMENTALE 50,43.520529268,6.1621007867,10,2,1
202100006694,189Â 815,A01,1,1,2,5,2,8,-1,-1, -1,-1,2021,50.0,1,1,0,2,7,1,1,,7,RUE AURELIENNE,0,,2,2,0,1,0,0,1,, -1,1,0,1,50,23,11,5,13,13103,2,9,0,3,RUE AURELIENNE,43.63,5.08,18,1,1
202100008918,185Â 779,B01,1,1,1,9,8,0,-1,-1, -1,-1,2021,36.0,1,1,0,2,7,2,5,,3,BROGNY (AVENUE DE) (SECTEUR 110),0,,2,2,0,1,0,0,1,, -1,1,5,1,300,31,5,2,74,74010,2,6,0,3,LYCEE (BOULEVARD DU)(BROGNY A PARMELAN),45.906,6.1261,21,2,2
202100049875,112Â 587,A01,10,3,1,0,0,-1,-1,3,3,1,2021,14.0,0,2,0,1,3,16,1,,7,QUESNOY RUE DE,0,,1,2,0,1,(1),(1),3,, -1,1,0,1,50,23,2,1,59,59636,2,6,0,6,QUESNOY RUE DE,50.69325,3.05173,18,2,1
202100032644,143Â 417,A01,1,1,1,4,1,8,-1,-1, -1,-1,2021,59.0,0,4,4,0,9,13,1,,4,RUE DU LT COLONEL ARNAUD BELTRAME,0,,2,2,0,2,0,0,2,, -1,1,0,3,70,22,6,1,91,91223,1,1,0,7,RUE DU LT COLONEL ARNAUD BELTRAME,48.44807,2.13896,16,1,1
202100025820,155Â 538,A01,1,1,1,0,2,-1,-1,0,0,-1,2021,22.0,1,1,0,2,1,2,1,,1,20,-1,,3,4,0,1,428,250,1,, -1,2,0,1,110,4,8,1,82,82025,1,1,1,2,A20 PK 428.250,43.9337475354,1.3198122051,13,3,2
202100039199,131Â 557,B01,1,1,1,5,1,-1,-1,0,0,-1,2021,72.0,2,2,0,2,1,1,1,,1,62,-1,,3,4,0,1,19,560,1,, -1,1,0,1,130,19,5,1,33,33552,1,1,0,1,,44.632556,-0.413953,19,2,2
202100048782,114Â 570,A01,1,1,1,4,2,0,-1,0,0,-1,2021,33.0,2,1,0,0,7,1,1,,4,AVENUE GEORGE V,0,,3,6,0,1,(1),(1),1,, -1,1,0,1,50,8,3,5,75,75108,2,2,0,7,AVENUE GEORGE V,48.868412,2.301163,18,1,1
202100053568,105Â 967,A01,1,1,2,0,8,0,-1,-1, -1,-1,2021,20.0,3,2,0,2,1,13,1,,4,CORBEIL (RUE),0,,2,1,0,1,0,0,3,, -1,2,5,1,30,8,1,5,91,91216,2,1,1,1,CORBEIL (RUE),48.66647,2.3329,20,2,2
202100037993,133Â 749,B01,1,1,1,0,1,0,-1,-1, -1,-1,2021,31.0,3,2,0,2,3,15,1,,4,ALSACE LORRAINE (BOULEVARD),0,,2,2,0,1,0,0,1,, -1,1,0,1,30,26,5,1,64,64102,2,3,0,3,ALSACE LORRAINE (BOULEVARD),43.49236,-1.465,14,2,2
202100033649,141Â 621,A01,10,3,2,5,0,-1,-1,4,3,1,2021,37.0,1,1,0,1,2,7,5,,4,BOULEVARD DE SEBASTOPOL,0,,2,5,3,1,(1),(1),1,, -1,2,0,6,50,18,6,1,75,75103,2,2,0,6,BOULEVARD DE SEBASTOPOL,48.866238,2.352535,18,2,1
202100012438,179Â 478,B01,1,1,1,5,2,0,-1,-1, -1,-1,2021,16.0,2,1,0,0,1,26,5,,4,KERLIR (CHEMIN DE),0,,2,2,0,1,(1),(1),1,, -1,1,0,1,50,15,10,5,56,56162,2,1,0,6,KERLIR (CHEMIN DE),47.70898,-3.42102,20,2,2
202100000222,201Â 342,A01,1,1,1,5,8,0,-1,-1, -1,-1,2021,22.0,1,2,6,0,3,1,1,,4,MARCEL SEMBAT (RUE),0,,2,2,0,1,(1),(1),3,, -1,1,0,4,50,8,4,5,59,59616,2,1,0,6,MARCEL SEMBAT (RUE),50.46906,3.57354,4,2,1
202100030903,146Â 522,A01,1,1,1,5,2,-1,-1,0,0,-1,2021,63.0,1,1,0,2,1,13,1,,3,53,-1,,2,2,0,1,30,700,1,, -1,1,0,1,80,4,7,1,31,31334,1,1,0,5,185 Route de Saint-Sulpice,43.371162,1.312963,17,5,3
202100026406,154Â 493,A01,1,1,2,5,1,8,-1,-1, -1,-1,2021,25.0,2,5,0,0,9,16,1,,2,RN88 DECROISSANT,0,,3,6,0,1,29,1100,3,, -1,1,9,1,90,29,7,1,42,42207,1,1,0,7,N88,45.46476,4.49561,15,3,1
202100005970,191Â 124,B01,1,1,1,0,0,0,-1,-1, -1,-1,2021,60.0,3,1,0,2,3,9,5,,4,JOFFRE   BOULEVARD (27-77 et 2-1),0,,2,2,0,1,(1),(1),1,, -1,2,5,1,50,26,11,5,17,17300,2,2,1,3,JOFFRE   BOULEVARD (27-77 et 2-1),46.157956,-1.142325,19,2,2
202100025786,155Â 599,A01,2,1,1,5,2,0,-1,-1, -1,-1,2021,35.0,1,1,0,2,4,26,1,,3,REPUBLIQUE (AVE DE LA ) 43/106 =>,0,,2,2,0,1,0,0,1,, -1,1,0,1,50,3,8,1,93,93001,2,1,0,2,REPUBLIQUE (AVE DE LA ) 43/106 =>,48.90572,2.38981,17,2,2
202100010190,183Â 489,A01,2,2,1,5,1,8,-1,-1, -1,-1,2021,19.0,1,2,12,0,2,0,1,,4,PEPINIERE (ALLEE DE LA ),0,,1,1,0,1,0,0,1,, -1,2,0,1,50,30,10,3,92,92036,2,1,1,6,PEPINIERE (ALLEE DE LA ),48.9267730562,2.2902056349,5,2,1
202100029886,148Â 376,A01,1,1,1,0,2,6,-1,0,0,-1,2021,38.0,1,1,15,0,1,1,1,,3,9,0,D,2,2,0,1,8,542,1,, -1,1,0,4,50,10,7,5,6,6090,2,1,0,7,Route de Cannes,43.603003,6.920421,2,1,1