Num_Acc,id_vehicule,num_veh,place,catu,sexe,trajet,secu1,secu2,secu3,locp,actp,etatp,year_acc,victim_age,senc,catv,obs,obsm,choc,manv,motor,occutc,catr,voie,v1,v2,circ,nbv,vosp,prof,pr,pr1,plan,lartpc,larrout,surf,infra,situ,vma,jour,mois,lum,dep,com,agg_,int,atm,col,adr,lat,long,hour,nb_victim,nb_vehicules
202100035120,138Â 928,A01,1,1,1,0,2,6,-1,0,0,-1,2021,24.0,3,1,0,2,1,17,1,,3,217,-1,,2,2,0,1,(1),(1),1,, -1,1,0,1,80,11,6,1,47,47252,1,1,0,3,Rte de Sautoul,44.412706,0.602368,18,2,2
202100016658,171Â 854,B01,1,1,1,0,1,0,-1,-1, -1,-1,2021,24.0,1,2,0,2,1,1,1,,4,VISTE (AVENUE DE LA),0,,2,2,0,1,0,0,1,, -1,1,0,1,50,26,9,5,13,13215,2,1,0,1,VISTE (AVENUE DE LA),43.35848,5.35762,19,4,4
202100055795,102Â 133,A01,1,1,1,5,1,0,-1,-1, -1,-1,2021,41.0,1,2,0,0,0,1,1,,3,37,0,,1,4,0,2,7,900,2,, -1,1,0,3,90,8,1,3,37,37122,1,1,0,7,RD 37,47.3395723179,0.6672203857,21,1,1
202100018788,168Â 058,A01,10,3,1,0,0,-1,-1,2,1,1,2021,25.0,3,2,0,9,2,16,1,,4,QUATORZE JUILLET (RUE DU),0,,1,1,2,1,(1),(1),1,, -1,2,0,1,50,14,9,1,10,10387,2,1,1,6,QUATORZE JUILLET (RUE DU),48.2942,4.0778,8,2,1
202100053655,105Â 825,B01,1,1,1,0,1,-1,-1,0,0,-1,2021,62.0,0,2,0,2,1,1,1,,3,936,0,D,2,2,0,2,1,250,2,, -1,7,0,1,50,26,1,1,80,80126,2,1,0,1,28 Rue d'Abbeville,49.93591,1.633257,9,3,2
202100046726,118Â 250,B01,1,1,2,0,0,-1,-1,-1, -1,-1,2021,23.0,2,1,0,2,1,1,5,,4,YVES FARGE                          (BD),0,,-1,2,0,2,0,1,2,, -1,1,0,1,50,24,3,1,69,69199,2,3,0,3,YVES FARGE                          (BD),45.70556,4.8563,10,2,2
202100017098,171Â 068,A01,1,1,1,5,2,6,-1,-1, -1,-1,2021,63.0,2,1,14,2,1,17,1,,3,BOISSY.(AVENUE DE),0,,2,1,0,1,0,0,1,, -1,1,0,1,50,24,9,1,94,94011,2,3,0,1,Avenue de Boissy,48.7694467967,2.4865794182,15,2,2
202100051249,110Â 078,B01,1,1,1,5,6,2,-1,0,0,-1,2021,70.0,1,1,0,2,1,1,1,,3,783,-1,,2,2,0,1,44,200,1,, -1,2,5,1,50,18,2,1,29,29247,1,2,1,3,D783 - Lieu dit Carn Yann,47.9352412102,-3.9953598214,17,2,2
202100028872,150Â 113,B01,1,1,2,1,8,0,-1,-1, -1,-1,2021,36.0,2,1,0,2,3,25,5,,4,GUYNEMER,0,,2,4,0,1,0,0,1,, -1,1,9,4,50,15,7,1,93,93066,2,3,0,3,Rue Guynemer / CitÃ© Guynemer,48.947619,2.359809,21,2,2
202100025314,156Â 409,A01,10,3,2,5,8,8,-1,2,3,2,2021,8.0,3,2,0,1,1,26,1,,9,MICHELET (BOULEVARD),0,,1,1,0,1,0,0,1,, -1,1,0,1,30,5,8,1,13,13209,2,1,0,3,MICHELET (BOULEVARD),43.25942,5.398,16,2,1
202100045065,121Â 177,A01,1,1,1,5,2,-1,-1,0,0,-1,2021,44.0,2,1,0,0,0,0,5,,3,D82,-1,,3,2,0,1,12,465,3,, -1,1,0,1,70,2,4,1,31,31424,1,6,0,7,Route de Colomiers,43.592087,1.285298,16,1,1
202100018647,168Â 307,A01,2,2,2,5,8,-1,-1,0,0,-1,2021,65.0,1,2,0,2,6,1,1,,3,54,0,,2,2,0,2,54,900,2,, -1,2,0,1,80,15,9,1,202,202043,1,1,1,5,d54,42.756805,9.459014,17,3,2
202100043148,124Â 547,A01,1,1,1,5,8,0,-1,-1, -1,-1,2021,61.0,3,1,0,2,1,5,5,,4,RAYON VERT (ROND POINT DU),0,,2,2,1,4,0,0,1,, -1,1,0,1,30,21,4,1,64,64024,2,6,0,1,RAYON VERT (ROND POINT DU),43.501,-1.53842,17,2,2
202100042745,125Â 233,A01,10,3,2,5,0,-1,-1,1,3,1,2021,77.0,1,2,0,1,2,1,1,,3,580,0,,2,2,0,1,4,80,1,, -1,1,0,1,80,24,4,1,12,12101,1,1,0,6,Route de Saint Jacques - Agnac,44.570986,2.278097,18,2,1
202100010945,182Â 162,B01,1,1,1,0,2,0,-1,-1, -1,-1,2021,38.0,2,1,0,2,1,17,1,,3,BALLANGER (BD ROBERT),0,,2,2,0,1,112,0,1,, -1,2,0,1,50,26,10,1,93,93078,2,3,0,3,BALLANGER (BD ROBERT),48.9539,2.53402,16,2,2
202100000562,200Â 696,A01,10,3,2,5,0,-1,-1,3,3,1,2021,79.0,1,2,0,1,2,1,1,,4,FOCH (RUE  MARECHAL ),0,,2,2,0,1,(1),(1),1,, -1,1,0,1,30,8,11,2,56,56121,2,1,0,6,FOCH (RUE  MARECHAL ),47.75067,-3.36034,18,2,1
202100036483,136Â 491,B01,1,1,1,0,2,0,-1,-1, -1,-1,2021,44.0,1,1,0,2,1,0,1,,4,MARCEL POINTET (PLACE) DES NÂ°2-4 AU 14,0,,2,2,0,1,0,0,1,, -1,1,0,1,50,4,6,1,93,93072,2,7,0,1,MARCEL POINTET (PLACE) DES NÂ°2-4 AU 14,48.95163,2.38189,17,2,2
202100055766,102Â 182,A01,10,3,1,2,0,-1,-1,5,9,1,2021,17.0,3,3,0,1,7,16,1,1.0,4,Rue de FlacÃ©,0,,3,2,0,1,(1),(1),1,, -1,2,9,4,30,8,1,5,71,71270,2,1,0,6,R de FlacÃ©,46.3140825468,4.8279337369,7,2,1
202100008771,186Â 062,A01,1,1,1,4,1,0,-1,-1, -1,-1,2021,34.0,2,4,6,0,1,1,1,,3,ALLENDE (AVE DU P. SALVADOR),0,,1,2,0,1,0,1,1,, -1,1,2,1,50,8,11,1,93,93008,2,1,0,6,ALLENDE (AVE DU P. SALVADOR),48.9044817607,2.4445058689,13,1,1
202100024954,157Â 059,A01,1,1,1,0,1,-1,-1,0,0,-1,2021,85.0,1,5,0,2,1,2,1,,3,,-1,,2,2,0,2,(1),(1),1,,4,1,0,1,50,10,8,1,10,10199,2,3,1,2,2 Rue des Caves,48.063393,4.506251,12,2,2
202100000215,201Â 354,A01,10,3,1,0,8,8,-1,3,3,1,2021,76.0,3,2,0,1,2,1,1,,4,JEAN PERRIN (AVENUE),0,,2,2,0,1,1,0,1,, -1,1,0,1,50,10,11,1,30,30028,2,1,0,6,JEAN PERRIN (AVENUE),44.163751,4.62267,8,2,1
202100042453,125Â 734,B01,1,1,1,0,8,0,-1,-1, -1,-1,2021,27.0,1,1,0,2,2,1,5,,4,ALTENHEIM (ROUTE D ),0,,2,2,0,1,(1),(1),1,, -1,1,0,1,30,24,4,1,67,67482,2,1,0,2,ALTENHEIM (ROUTE D ),48.536588,7.770799,10,2,2
202100027461,152Â 643,A01,1,1,1,1,2,6,9,0,0,-1,2021,41.0,2,1,16,0,0,14,1,,3,104,0,,2,2,0,1,37,700,4,, -1,1,0,3,80,23,7,1,28,28279,1,1,1,7,D104 PR37+700,48.631802,1.53343,11,2,2
202100042229,126Â 142,A01,1,1,1,0,2,6,-1,-1, -1,-1,2021,20.0,2,1,0,2,1,26,1,,4,,0,,2,2,0,2,0,0,1,, -1,1,0,1,50,28,4,1,92,92064,2,1,0,2,DAILLY,48.843328,2.220738,17,2,2
202100011102,181Â 884,B01,1,1,1,0,1,0,-1,-1, -1,-1,2021,52.0,3,5,0,2,0,26,1,,4,LÃON BANCAL (RUE),0,,1,2,0,1,0,0,1,, -1,1,0,1,50,25,10,5,13,13211,2,1,0,2,LÃON BANCAL (RUE),43.2877763625,5.4804950984,7,2,2
202100013800,177Â 031,A01,1,1,2,3,1,0,-1,-1, -1,-1,2021,30.0,1,2,0,2,6,1,1,,1,A86 EXT,0,,-1,4,0,1,41,299,1,, -1,1,0,1,90,12,10,1,94,94028,1,1,0,3,A86 EXT,48.77629,2.43042,13,3,3
202100035176,138Â 831,A01,3,2,1,5,1,-1,-1,0,0,-1,2021,17.0,1,2,2,0,1,1,1,,3,63,-1,,3,2,0,3,39,950,3,, -1,1,9,3,50,11,6,2,29,29120,1,2,0,6,Maison Blanche,48.267973,-4.443262,21,4,1
202100018693,168Â 231,A01,1,1,2,0,1,8,-1,-1, -1,-1,2021,64.0,2,2,0,0,5,1,1,,1,A50-Sens Aubagne vers Marseille,0,,3,4,0,1,3,119,1,, -1,1,0,1,70,11,9,1,13,13211,2,1,0,2,A50-Sens Aubagne vers Marseille,43.28635,5.42723,18,2,2
202100043504,123Â 902,A01,1,1,1,5,2,6,9,0,0,-1,2021,25.0,1,1,0,0,0,2,1,,3,48,0,,2,2,0,3,31,400,4,, -1,1,0,1,80,17,4,1,25,25139,1,1,0,7,D48,47.030896,6.436465,12,1,1
202100028620,150Â 557,A01,1,1,1,0,2,6,-1,-1, -1,-1,2021,42.0,2,1,0,2,1,2,0,,4,CLEMENCEAU GEORGES ( BD) NÂ° IMP,0,,3,4,0,1,0,0,1,, -1,1,0,1,50,16,7,1,72,72181,2,9,0,2,CLEMENCEAU GEORGES ( BD) NÂ° IMP,47.9793,0.215,11,2,2
202100007879,187Â 658,B01,1,1,2,0,8,8,-1,-1, -1,-1,2021,40.0,2,2,0,2,8,1,1,,3,CLICHY (QUAI DE) DE (8 A 60),0,,2,4,0,1,0,0,1,, -1,2,5,1,50,15,11,2,92,92024,2,2,0,6,CLICHY (QUAI DE) DE (8 A 60),48.90348905,2.2896006703,12,2,2
202100024333,158Â 177,A01,1,1,1,5,2,6,9,0,0,-1,2021,41.0,2,1,0,2,1,1,1,,3,52,0,D,2,2,0,1,0,200,3,, -1,1,0,1,50,13,8,1,35,35176,2,1,0,1,Rue de la Margaterie,47.822625,-1.802561,14,3,2
202100026517,154Â 301,B01,1,1,1,0,8,0,-1,-1, -1,-1,2021,38.0,1,1,0,2,0,0,0,,3,991,0,,2,2,2,1,0,0,1,, -1,1,0,1,50,29,7,2,92,92050,2,6,0,3,FOCH MARECHAL PLACE DU,48.88826,2.194083,20,2,2
202100037348,134Â 909,A01,1,1,1,1,1,-1,-1,0,0,-1,2021,60.0,2,2,2,0,2,1,1,,3,115,0,A,2,2,0,2,(1),(1),1,, -1,1,0,1,80,1,6,1,66,66150,1,1,1,7,Route de la Preste,42.410962,2.457789,10,1,1
202100025489,156Â 103,B01,2,2,2,0,2,0,-1,-1, -1,-1,2021,23.0,2,1,0,2,8,1,1,,3,MAXIME GORKI (BD),0,,2,2,0,1,0,0,1,, -1,2,0,6,50,5,8,5,94,94076,2,1,1,6,Boulevard Maxime Gorki,48.79192,2.36955,20,3,2
202100016810,171Â 571,A01,1,1,1,5,2,8,-1,-1, -1,-1,2021,60.0,3,1,0,2,8,1,1,,5,AV GEORGES BOILLOT,0,,-1,1,0,1,0,0,1,, -1,1,9,1,10,25,9,1,91,91339,1,1,0,3,AV GEORGES BOILLOT,48.622446,2.24761,16,2,2
202100052546,107Â 796,B01,1,1,2,1,2,-1,-1,0,0,-1,2021,47.0,1,0,0,2,8,1,3,,4,NANTES (DE),0,,2,2,0,1,(1),(1),1,, -1,2,5,1,50,4,2,5,35,35238,2,2,1,3,NANTES (DE),48.0947334438,-1.6902461126,7,2,2
202100046565,118Â 535,A01,10,3,1,2,0,-1,-1,2,3,1,2021,29.0,3,1,0,2,0,1,0,,4,AMIRAL COURBET (DE L')              (R ),0,,1,1,0,1,(1),(1),1,, -1,1,0,1,50,25,3,2,69,69383,2,1,0,6,AMIRAL COURBET (DE L') (R),45.7507697196,4.8810478449,7,2,1
202100006330,190Â 474,A01,1,1,1,9,8,-1,-1,0,0,-1,2021,44.0,2,2,16,0,9,14,1,,3,91,-1,,2,2,0,1,1,399,1,, -1,1,0,8,80,26,11,3,63,63424,1,1,0,7,D91,45.940855,3.26773,18,1,1
202100038821,132Â 229,A01,1,1,1,5,1,-1,-1,0,0,-1,2021,40.0,2,2,13,0,9,15,1,,3,11,-1,,2,2,0,2,38,700,2,, -1,2,0,3,90,22,5,1,3,3127,1,1,0,6,Fayolle du haut,46.501553,2.68737,19,1,1
202100000839,200Â 232,C01,1,1,1,0,2,8,-1,-1, -1,-1,2021,30.0,1,1,0,2,3,2,1,,2,ROUTE NATIONALE NÂ° 1,0,,1,2,0,1,0,0,1,, -1,1,0,1,110,30,12,3,974,97407,1,1,0,5,ROUTE NATIONALE NÂ° 1,-20.949516,55.320464,1,3,3
202100048335,115Â 357,A01,10,3,1,4,0,-1,-1,1,3,1,2021,56.0,1,5,0,1,3,1,3,,3,,-1,,1,2,0,1,23,640,2,, -1,2,5,1,50,12,3,1,85,85128,2,6,1,6,rond point jean Monnet,46.458489,-1.146945,8,2,1
202100000916,200Â 107,A01,1,1,1,5,1,-1,-1,0,0,-1,2021,50.0,2,2,2,0,1,2,1,,3,25,0,D,2,2,0,1,39,963,2,, -1,1,0,3,80,30,12,3,31,31206,1,1,0,6,D25,43.266488,1.478884,19,1,1
202100024316,158Â 204,B01,1,1,1,1,2,0,-1,0,0,-1,2021,19.0,2,1,0,2,1,18,3,,4,RUE D ALESIA,0,,2,3,0,2,(1),(1),1,, -1,1,0,1,30,12,8,1,75,75114,2,3,0,3,RUE D ALESIA,48.826916,2.338645,9,3,2
202100055590,102Â 490,B01,1,1,1,5,2,6,9,0,0,-1,2021,45.0,2,1,0,0,4,1,1,,3,D2009,0,,1,1,0,1,35,294,2,, -1,1,0,1,90,11,1,1,3,3018,1,6,0,2,D2009,46.2650399283,3.289394842,15,2,2
202100009644,184Â 467,A01,1,1,1,5,2,8,-1,-1, -1,-1,2021,14.0,1,1,0,2,1,18,1,,4,ROMAIN ROLLAND (ALLEE),0,,1,1,1,1,0,0,1,, -1,1,0,5,30,3,11,5,93,93014,2,9,0,3,ROMAIN ROLLAND (ALLEE),48.9046546635,2.5523799457,19,3,2
202100039669,130Â 677,D01,1,1,1,0,1,0,-1,-1, -1,-1,2021,34.0,1,2,0,2,0,0,1,,1,6,0,,3,3,0,1,14,357,1,, -1,2,0,1,110,16,5,3,91,91161,1,1,1,5,AUTOROUTE A6,48.6973,2.31519,22,7,4
202100000840,200Â 228,B01,1,1,1,0,2,8,-1,-1, -1,-1,2021,24.0,1,1,0,2,3,0,1,,3,BADUEL (ROUTE DE),0,,2,2,0,1,1,750,1,, -1,1,0,1,50,30,12,1,973,97302,2,3,0,3,BADUEL (ROUTE DE),4.937458474,-52.3158091307,12,2,2
202100000684,200Â 488,A01,1,1,2,9,1,0,-1,-1, -1,-1,2021,54.0,1,2,0,2,1,1,1,,4,GALICE (RTE DE),0,,1,3,3,1,0,0,1,, -1,1,0,1,50,27,5,1,13,13001,2,1,0,2,GALICE (RTE DE),43.52,5.43,15,3,3
202100000707,200Â 450,A01,8,2,2,5,0,-1,-1,0,0,-1,2021,15.0,3,2,2,0,2,1,1,,4,,-1,,2,2,0,1,(1),(1),2,,4,1,0,3,50,30,12,3,44,44051,1,9,0,6,Croquemais,47.650499,-1.690594,21,3,1
202100008624,186Â 326,A01,10,3,1,3,0,-1,-1,1,3,1,2021,91.0,3,2,0,1,3,1,1,,4,GENERAL DE GAULLE (AVENUE DU),0,,2,3,0,1,0,0,1,, -1,1,0,1,30,10,11,5,92,92048,2,1,0,6,Avenue du GÃ©nÃ©ral de Gaulle,48.7867245306,2.2243505716,18,2,1
202100018347,168Â 831,B01,1,1,2,1,1,-1,-1,-1, -1,-1,2021,57.0,2,2,0,2,1,2,1,,3,NEUFCHATEL (RUE DE) DU NÂ° 123 A FIN (IMP,0,,2,2,0,1,1,32,1,, -1,1,0,1,50,17,9,1,51,51454,2,2,0,3,Boulevard des Belges,49.2763001741,4.0269988606,15,3,2
202100025867,155Â 450,A01,10,3,2,5,0,-1,-1,2,1,1,2021,60.0,1,5,0,1,5,26,0,,4,110,0,,2,2,0,1,0,0,1,, -1,1,0,1,50,2,8,1,92,92024,2,3,0,6,GENERAL LECLERC (BD DU) DE (61 A 9),48.8999679818,2.3180669546,15,2,1
202100011884,180Â 482,B01,1,1,1,0,1,-1,-1,0,0,-1,2021,55.0,1,2,0,2,1,1,1,,3,1083,0,,2,2,0,1,25,0,1,, -1,1,0,1,80,22,10,1,1,1235,1,1,0,1,D1083,46.037046,5.066156,16,2,2
202100055613,102Â 444,B01,3,2,2,2,1,0,-1,-1,0,-1,2021,16.0,2,2,0,2,4,2,1,,1,15,0,,3,8,0,1,8,100,1,, -1,1,0,1,110,11,1,3,95,95582,1,1,0,4, A15,48.96427,2.26234,7,4,3
202100010431,183Â 077,A01,1,1,1,0,8,-1,-1,0,0,-1,2021,33.0,1,2,0,2,1,1,1,,3,201,-1,A,1,1,0,2,0,141,3,, -1,2,3,1,80,29,10,3,77,77031,1,1,0,3,D201a,48.684005,2.938585,7,2,2
202100054290,104Â 716,A01,1,1,2,1,1,-1,-1,0,0,-1,2021,42.0,2,2,13,0,1,1,1,,3,5,0,,2,2,0,1,26,200,3,, -1,1,0,3,80,22,1,1,202,202333,1,1,0,7,D5,42.5937722066,9.3455484509,8,1,1
202100001170,199Â 682,A01,1,1,1,0,2,0,-1,-1, -1,-1,2021,16.0,0,1,0,0,0,9,1,,4,REPUBLIQUE (RUE DE LA),0,,2,2,0,1,(1),(1),1,, -1,1,0,1,50,11,12,1,71,71306,2,1,0,7,REPUBLIQUE (RUE DE LA),46.67637,4.36528,14,1,1
202100044429,122Â 269,A01,4,2,2,9,1,5,-1,-1, -1,-1,2021,11.0,1,2,4,0,2,1,1,,1,A13,0,,2,4,0,1,46,243,1,, -1,2,0,1,110,10,4,1,78,78291,1,1,1,6,A13,48.968139,1.744169,9,3,1
202100029137,149Â 670,A01,1,1,2,0,2,-1,-1,-1, -1,-1,2021,19.0,1,1,0,2,1,7,1,,4,HUGO (CRS VICTOR) (74-164) PAIRS,0,,2,4,3,1,(1),(1),1,, -1,2,-1,1,50,13,7,1,33,33063,2,3,1,3,Cours Victor Hugo,44.834989,-0.572069,13,2,2
202100020603,164Â 801,A01,10,3,2,0,0,-1,-1,3,3,1,2021,36.0,1,2,0,1,4,1,1,,3,421,-1,,2,2,0,1,15,500,1,, -1,1,0,1,50,6,9,1,67,67202,2,1,0,4,40 Rue du General Lebocq,48.757388,7.570658,18,5,3
202100032209,144Â 188,B01,2,2,2,5,2,4,6,0,0,-1,2021,49.0,2,1,0,2,1,1,1,,3,949,0,D,2,2,0,1,24,100,1,, -1,1,0,1,90,26,6,1,5,5172,2,1,0,3,TUILIERE 05700,44.3557890855,5.7173150991,18,3,2
202100011625,180Â 941,A01,10,3,2,0,0,-1,-1,3,3,1,2021,32.0,1,2,0,1,0,9,1,,3,JEAN JAURES (RUE),0,,2,2,0,1,37,900,1,, -1,1,0,1,50,22,10,1,10,10297,2,1,0,6,JEAN JAURES (RUE),48.3180479188,4.098278582,9,2,1
202100035513,138Â 233,A01,1,1,2,5,2,6,-1,-1, -1,-1,2021,58.0,1,1,0,2,1,1,1,,2,116 PK RN137 ROCHEFORT JUSTICE,0,,3,4,0,1,11,681,1,, -1,1,0,1,90,9,6,1,17,17300,1,1,0,2,116 PK RN137 ROCHEFORT JUSTICE,46.16856,-1.12072,17,2,2
202100023768,159Â 132,A01,1,1,1,5,2,6,-1,0,0,-1,2021,69.0,1,1,6,0,8,1,1,,3,1,-1,,2,2,0,1,132,250,1,,7,1,0,4,50,17,8,1,56,56199,2,1,0,6,60 Rue Nicolas le Grand,48.127512,-3.71531,15,1,1
202100009155,185Â 347,A01,1,1,1,5,1,-1,-1,0,0,-1,2021,23.0,2,2,8,0,8,14,1,,4,,-1,,2,2,0,2,(1),(1),1,,4,2,0,3,50,7,11,3,29,29153,1,1,1,6,34 route des Iris,47.798397,-3.785155,6,2,1
202100015478,174Â 035,B01,1,1,1,0,2,-1,-1,-1, -1,-1,2021,35.0,3,1,0,2,8,1,5,,4,JAYR                                (QU),0,,2,3,1,1,(1),(1),1,, -1,1,0,5,50,2,10,1,69,69389,2,5,0,3,JAYR (Q),45.78041,4.80917,14,3,2
202100011169,181Â 766,B01,1,1,1,5,2,6,-1,0,0,-1,2021,71.0,1,0,0,2,8,2,3,,3,2,0,D,2,2,0,1,74,775,1,, -1,1,0,1,-1,25,10,1,66,66175,2,1,0,3,Avenue des albÃ¨res,42.546989,2.92146,15,2,2
202100049644,113Â 003,B01,1,1,1,0,2,6,-1,-1, -1,-1,2021,26.0,2,1,0,2,1,1,1,,4,CARRIEU (RUE MARIUS),0,,1,1,0,2,(1),(1),1,, -1,1,0,1,50,28,2,2,34,34172,2,3,0,3,CARRIEU (RUE MARIUS),43.61768,3.84338,18,3,2
202100008590,186Â 375,A01,1,1,1,5,2,6,-1,0,0,-1,2021,45.0,2,1,0,2,1,1,1,,4,PORTE MAILLOT,0,,1,4,0,1,15,900,1,, -1,1,0,1,70,9,11,2,75,75116,2,1,0,2,PORTE MAILLOT,48.875881,2.277451,19,2,2
202100008146,187Â 156,B01,1,1,2,1,1,0,-1,0,0,-1,2021,45.0,3,2,0,2,5,1,1,,4,AVENUE DES CHAMPS ELYSEES,0,,2,6,0,1,(1),(1),1,, -1,2,0,1,50,14,11,1,75,75108,2,7,0,3,AVENUE DES CHAMPS ELYSEES,48.873526,2.295833,10,2,2
202100019475,166Â 825,B01,2,2,2,0,1,-1,-1,-1, -1,-1,2021,58.0,3,2,0,0,6,15,1,,4,RASPAIL                             (R ),0,,2,2,0,1,(1),(1),1,, -1,1,0,1,50,11,9,1,69,69275,1,3,0,3,RASPAIL (R),45.75988,4.95531,16,3,2
202100047352,117Â 130,A01,1,1,1,5,1,0,-1,-1, -1,-1,2021,82.0,1,2,6,0,1,22,1,,4,BLOT (RUE LOUIS),0,,2,1,3,2,(1),(1),1,, -1,1,1,1,30,19,3,1,37,37214,2,1,0,7,BLOT (RUE LOUIS),47.4016938921,0.6681063855,11,1,1
202100017314,170Â 702,A01,1,1,1,5,2,-1,-1,0,0,-1,2021,21.0,2,1,12,0,0,1,1,,4,,0,,2,2,0,1,(1),(1),1,,4,1,0,1,50,21,9,1,68,68130,2,1,0,7,1 Rue du 7 FÃ©vrier,47.969798,7.546256,18,1,1
202100010655,182Â 690,A01,1,1,1,1,2,-1,-1,0,0,-1,2021,16.0,1,1,0,2,2,17,1,,4,,-1,,2,2,0,1,(1),(1),1,,5,2,0,1,80,29,10,1,62,62865,1,1,1,3,Rue Nobled,50.326806,3.000512,14,2,2
202100023308,159Â 952,B01,1,1,1,1,2,6,-1,0,0,-1,2021,51.0,1,1,0,2,1,3,0,,2,GAP (ROUTE DE   RN94),0,,2,2,0,1,158,970,1,, -1,1,0,1,50,20,8,1,5,5023,2,1,0,3,GAP (ROUTE DE   RN94),44.89378,6.62987,18,2,2
202100034260,140Â 501,A01,1,1,2,0,1,-1,-1,-1, -1,-1,2021,41.0,1,2,14,2,1,2,1,,3,POMMERY (BOULEVARD),0,,2,3,0,1,20,0,1,, -1,1,0,1,50,15,6,1,51,51454,2,1,0,4,Boulevard Pommery,49.2448831904,4.0500122309,15,4,3
202100022998,160Â 521,B01,1,1,2,5,2,6,-1,-1, -1,-1,2021,27.0,1,1,0,2,4,1,1,,1,A4.Y,0,,1,5,0,1,18,399,1,, -1,1,0,1,90,22,8,4,77,77258,1,1,0,6,A4.Y,48.8298663864,2.6239594205,0,3,3
202100001203,199Â 622,A01,10,3,2,3,0,-1,-1,3,3,1,2021,49.0,2,2,0,1,2,21,1,,4,DIABLES BLEUS (AV. DES),0,,2,2,0,1,(1),(1),1,, -1,2,0,1,50,27,12,1,6,6088,2,1,1,6,DIABLES BLEUS (AV. DES),43.70832,7.29091,14,2,1
202100049782,112Â 759,A01,1,1,2,0,8,0,-1,-1, -1,-1,2021,34.0,2,2,6,0,1,19,1,,3,SOLIDARITE (RUE DE LA),0,,2,2,0,1,1,0,1,, -1,1,0,4,50,28,2,5,93,93048,2,1,0,6,SOLIDARITE (RUE DE LA),48.8528579488,2.4440410636,2,1,1
202100054458,104Â 418,B01,1,1,1,5,2,6,-1,-1, -1,-1,2021,22.0,1,1,0,2,1,1,1,,4,RABATAU (BOULEVARD),0,,2,3,0,1,(1),(1),1,, -1,1,0,1,50,18,1,1,13,13208,2,1,0,3,RABATAU (BOULEVARD),43.275648,5.39619,14,2,2
202100004752,193Â 288,B01,1,1,2,2,8,0,-1,-1, -1,-1,2021,12.0,1,1,0,2,1,26,5,,4,DUNANT RUE HENRI ET ROND POINT,0,,2,2,0,1,1,0,1,, -1,1,0,1,50,2,12,2,49,49015,2,1,0,3,DUNANT RUE HENRI ET ROND POINT,47.5016,-0.5869,7,2,2
202100055836,102Â 070,B01,1,1,1,5,2,6,-1,-1, -1,-1,2021,28.0,3,1,0,2,8,1,1,,4,OUDRY.(BOULVARD JEAN BAPTISTE),0,,2,2,0,1,0,0,1,, -1,2,0,1,50,8,1,1,94,94028,2,1,0,3,OUDRY.(BOULVARD JEAN BAPTISTE),48.77109,2.46132,8,2,2
202100020391,165Â 190,A01,1,1,1,3,2,6,-1,0,0,-1,2021,17.0,2,1,0,2,1,17,1,,3,3,0,,2,2,0,1,43,400,1,, -1,1,0,1,90,7,9,1,3,3155,1,1,1,3,ROUTE DEPARTEMENTALE 3 PK 43+400,46.703962,2.920834,16,2,2
202100032615,143Â 472,A01,1,1,1,0,1,0,-1,-1, -1,-1,2021,30.0,2,2,3,0,3,1,1,,1,A7-Sens Lyon vers Marseille,0,,1,3,0,1,265,0,1,, -1,1,1,1,110,22,6,2,13,13071,1,1,0,1,A7-Sens Lyon vers Marseille,43.41818,5.27343,21,1,1
202100032912,142Â 931,A01,1,1,1,9,2,0,-1,0,0,-1,2021,19.0,2,1,0,2,2,1,5,,4,BOULEVARD HENRI IV,0,,2,3,1,1,(1),(1),1,, -1,1,0,5,50,16,6,1,75,75104,2,3,0,3,BOULEVARD HENRI IV,48.851164,2.362507,12,2,2
202100010265,183Â 357,B01,1,1,1,0,8,0,-1,-1, -1,-1,2021,25.0,2,1,0,2,4,2,3,,4,VIENNE (DE)                         (RO),0,,2,2,2,1,(1),(1),1,, -1,1,0,1,50,29,10,5,69,69388,2,1,0,2,VIENNE (DE) (RTE),45.73687,4.8527,22,2,2
202100016712,171Â 748,A01,1,1,1,5,0,-1,-1,0,0,-1,2021,79.0,1,2,13,0,9,14,1,,3,62,-1,,2,2,0,1,17,670,2,, -1,1,0,3,80,24,9,3,49,49237,1,1,0,6,les petits chenes cd62,47.461225,0.119412,21,1,1
202100022411,161Â 584,C01,2,2,1,0,1,-1,-1,0,0,-1,2021,0.0,0,2,0,2,8,1,1,,3,QUATORZE JUILLET 1789 (AVENUE DU),0,,1,3,0,1,(1),(1),1,, -1,1,0,1,50,23,8,1,80,80021,2,2,0,5,ALEXANDRE DUMAS (RUE),49.87558,2.28176,20,4,3
202100052816,107Â 314,A01,1,1,1,5,2,6,-1,-1, -1,-1,2021,37.0,1,1,14,0,1,14,1,,3,DORMOY AVENUE MARX NÂ°102 A FIN,0,,2,3,3,1,0,0,1,, -1,1,0,6,50,2,2,5,92,92049,2,1,0,7,DORMOY AVENUE MARX NÂ°102 A FIN,48.8108579349,2.306329608,18,1,1
202100004642,193Â 470,B01,1,1,2,5,1,0,-1,-1, -1,-1,2021,47.0,1,2,0,2,5,2,3,,1,A86 INT,0,,1,3,0,1,46,0,1,, -1,2,1,1,90,5,12,1,94,94073,1,1,0,2,A86 INT,48.7628606503,2.3813598274,13,2,2