Num_Acc,id_vehicule,num_veh,place,catu,sexe,trajet,secu1,secu2,secu3,locp,actp,etatp,year_acc,victim_age,senc,catv,obs,obsm,choc,manv,motor,occutc,catr,voie,v1,v2,circ,nbv,vosp,prof,pr,pr1,plan,lartpc,larrout,surf,infra,situ,vma,jour,mois,lum,dep,com,agg_,int,atm,col,adr,lat,long,hour,nb_victim,nb_vehicules
202100015359,174Â 258,A01,1,1,1,4,1,8,-1,0,0,-1,2021,53.0,1,2,0,2,4,2,1,,4,RUE DE LA GLACIERE,0,,2,2,0,1,(1),(1),1,, -1,2,0,1,30,2,10,5,75,75113,2,2,1,4,RUE DE LA GLACIERE,48.830816,2.34411,23,4,3
202100043850,123Â 292,B01,1,1,1,0,2,6,-1,-1, -1,-1,2021,40.0,1,1,1,0,1,2,1,,1,AUTOROUTE A1,0,,3,8,0,1,9,100,1,, -1,1,0,1,90,16,4,2,93,93007,1,1,0,6,AUTOROUTE A1,48.95202,2.45223,21,1,1
202100044687,121Â 834,A01,1,1,1,0,2,0,-1,-1, -1,-1,2021,20.0,3,1,14,0,9,1,1,,4,Route d'ANGERS,0,,2,2,0,1,1,0,1,, -1,1,0,1,50,4,4,5,49,49267,2,1,0,6,Route d'ANGERS,47.4683066117,-0.5056393147,3,1,1
202100023498,159Â 629,A01,1,1,1,5,2,6,-1,0,0,-1,2021,15.0,1,1,0,2,1,2,1,,4,784,-1,,2,2,0,1,32,980,1,, -1,1,0,1,50,19,8,1,29,29003,2,1,0,2,Rue de Kerivoas,48.027621,-4.555255,15,3,2
202100030763,146Â 771,A01,1,1,1,0,1,5,-1,-1, -1,-1,2021,25.0,2,2,0,2,7,9,0,,4,PIERRE SCIZE                        (QU),0,,1,1,3,1,(1),(1),2,, -1,1,0,1,50,1,7,1,69,69389,2,3,0,3,PIERRE SCIZE (Q),45.7664234172,4.8182343446,21,2,2
202100001358,199Â 335,A01,1,1,1,5,1,0,-1,-1, -1,-1,2021,49.0,2,2,4,2,3,1,1,,1,AUTOROUTE A1,0,,3,6,0,1,36,700,1,, -1,2,0,1,130,25,12,1,60,60631,1,1,1,3,AUTOROUTE A1,49.1558464804,2.590178369,11,2,2
202100034413,140Â 220,A01,1,1,1,5,1,0,-1,-1, -1,-1,2021,30.0,1,2,4,0,1,0,1,,1,AUTOROUTE A6B,0,,3,4,0,1,1,200,1,, -1,1,1,2,70,14,6,5,94,94043,1,1,0,6,AUTOROUTE A6B,48.8067716076,2.3462255274,22,1,1
202100038257,133Â 264,B01,1,1,1,5,2,6,-1,0,0,-1,2021,43.0,3,1,0,2,3,15,1,,4,,-1,,2,2,0,2,(1),(1),3,,5,1,0,1,30,27,5,1,79,79178,2,1,0,1,Rue de la Foucherie,46.950167,-0.195061,19,2,2
202100050406,111Â 597,A01,1,1,1,3,2,-1,-1,0,0,-1,2021,52.0,1,1,0,2,7,2,1,,2,RN2,0,,1,2,0,1,0,1,2,, -1,1,0,1,-1,25,2,1,973,97307,2,6,0,3,Famiy Plazza (Galerie marchande),4.890461,-52.333025,7,2,2
202100031142,146Â 074,B01,1,1,1,1,1,0,-1,0,0,-1,2021,35.0,0,5,0,2,6,19,1,,4,FALAISES (ROUTE DES) NATION A ANDELLE,0,,2,2,0,1,(1),(1),1,, -1,1,0,1,50,1,7,1,27,27701,2,2,0,3,FALAISES (ROUTE DES) NATION A ANDELLE,49.27365,1.22374,8,2,2
202100002193,197Â 874,B01,1,1,1,5,2,6,-1,0,0,-1,2021,56.0,0,1,0,2,1,0,1,,4,0,0,,2,2,0,2,(1),(1),1,, -1,2,9,8,-1,18,12,1,43,43222,1,9,0,1,Belmont,45.1696635842,3.4363496304,16,2,2
202100000791,200Â 301,Z01,10,3,1,0,8,8,-1,2,3,1,2021,30.0,-1,2,0,1,3,15,1,,3,DE LATTRE DE TASSIGNY (1 A 51),0,,3,3,1,1,34,0,1,, -1,1,9,1,50,31,12,2,93,93031,2,3,0,6,DE LATTRE DE TASSIGNY (1 A 51),48.9575,2.30999,16,2,1
202100027601,152Â 386,A01,1,1,1,5,1,-1,-1,0,0,-1,2021,20.0,1,2,0,2,2,1,1,,1,11,-1,,3,3,0,1,49,175,1,,"13,5",1,0,1,130,23,7,2,28,28104,1,1,0,2,AUTOROUTE A11  PK  49+175,48.47397,1.608255,6,4,2
202100006345,190Â 452,A01,10,3,1,5,0,-1,-1,1,5,1,2021,3.0,2,1,0,1,1,1,1,,4,,-1,,2,2,0,1,8,200,1,,5,1,0,1,50,26,11,1,976,97607,2,1,0,6,Rue de la Plage - Iloni,-12.844758,45.190327,14,2,1
202100056232,101Â 379,A01,1,1,2,1,2,8,-1,-1, -1,-1,2021,40.0,1,1,0,0,0,9,1,,2,RN2/043,0,,2,4,0,2,0,0,2,, -1,2,3,2,90,4,1,3,974,97411,2,9,1,7,RN2/043,-20.89511,55.50283,21,1,1
202100045621,120Â 188,B01,2,2,1,9,2,0,-1,0,0,-1,2021,15.0,1,1,0,2,3,1,1,,4,BOULEVARD DE MENILMONTANT,0,,1,3,1,1,(1),(1),1,, -1,1,0,1,50,31,3,5,75,75120,2,2,0,3,BOULEVARD DE MENILMONTANT,48.8641491083,2.3861275663,20,3,2
202100054606,104Â 176,B01,1,1,1,1,2,6,-1,0,0,-1,2021,35.0,1,1,0,2,3,1,1,,4,AVENUE DE LA REPUBLIQUE,0,,2,2,1,1,(1),(1),1,, -1,2,0,1,50,17,1,5,75,75111,2,2,0,3,AVENUE DE LA REPUBLIQUE,48.864617,2.378038,20,2,2
202100005542,191Â 895,A01,1,1,1,1,2,6,-1,0,0,-1,2021,47.0,2,1,0,2,2,1,1,,4,RUE DE ROME,0,,2,2,0,2,(1),(1),1,, -1,1,0,1,30,30,11,1,75,75108,2,2,0,3,RUE DE ROME,48.878762,2.322241,15,2,2
202100030894,146Â 536,A01,1,1,1,5,2,-1,-1,0,0,-1,2021,17.0,1,1,0,2,1,17,1,,3,18.5,0,D,2,2,0,1,1,900,1,, -1,1,5,1,50,4,7,5,68,68099,2,9,0,3,D18.5,47.68616,7.265981,22,2,2
202100052394,108Â 057,B01,1,1,1,1,8,0,-1,-1, -1,-1,2021,49.0,2,1,0,2,1,5,0,,3,PLATEAU DES GLIERES (AVENUE DU),0,,2,2,1,1,36,2285,1,, -1,2,0,1,50,4,2,2,86,86194,2,3,1,3,Avenue du Plateau des GliÃ¨res,46.605268,0.321899,7,2,2
202100003972,194Â 649,A01,1,1,1,4,2,-1,-1,-1, -1,-1,2021,18.0,1,1,0,0,7,16,1,,4,EUROPE (DE L')                      (AV),0,,1,2,3,1,(1),(1),3,, -1,2,0,1,30,8,12,5,69,69286,2,1,1,7,EUROPE (DE L') (AV),45.81765,4.90188,22,1,1
202100015312,174Â 337,B01,1,1,2,0,0,-1,-1,0,0,-1,2021,19.0,3,1,0,2,0,19,5,,4,,0,,1,4,1,1,(1),(1),1,, -1,1,2,8,50,3,10,4,69,69382,2,9,0,6,PERRACHE (Q),45.74111,4.82389,5,3,2
202100024325,158Â 189,A01,1,1,1,4,1,0,-1,-1, -1,-1,2021,47.0,3,2,12,2,5,1,1,,4,GABRIEL PERI  (AVENUE),0,,2,2,0,1,0,0,1,, -1,1,0,1,50,12,8,1,93,93047,2,2,0,3,GABRIEL PERI  (AVENUE),48.89017,2.55206,13,2,2
202100011773,180Â 666,A01,10,3,2,0,0,-1,-1,4,3,2,2021,12.0,2,5,0,1,2,1,1,,3,MARMONT (AVENUE),0,,1,2,0,1,0,0,1,, -1,2,0,1,50,21,10,5,91,91687,2,9,1,6,MARMONT (AVENUE),48.66346,2.37524,19,2,1
202100052297,108Â 232,B01,1,1,1,1,2,6,-1,-1, -1,-1,2021,54.0,0,1,0,2,1,1,0,,4,COLLET (AVE AMIRAL),0,,1,2,2,2,0,0,1,, -1,1,6,1,50,5,2,1,83,83137,2,1,0,3,COLLET (AVE AMIRAL),43.129,5.92418,17,2,2
202100048259,115Â 487,B01,1,1,1,5,2,6,-1,-1, -1,-1,2021,43.0,2,1,0,2,1,1,0,,4,MOULIN (BOULEVARD JEAN),0,,2,2,0,1,0,0,1,, -1,1,0,1,50,9,3,1,49,49328,2,1,0,3,MOULIN (BOULEVARD JEAN),47.2365,-0.07067,15,2,2
202100034438,140Â 176,B01,1,1,1,9,8,0,-1,0,0,-1,2021,43.0,1,1,0,2,6,15,5,,4,AVENUE DE LA REPUBLIQUE,0,,2,-1,1,1,(1),(1),1,, -1,1,0,1,30,14,6,1,75,75111,2,4,0,3,AVENUE DE LA REPUBLIQUE,48.865995,2.370712,12,2,2
202100048474,115Â 119,A01,1,1,1,5,2,5,6,0,0,-1,2021,56.0,2,1,0,2,8,1,1,,3,632,-1,,2,2,0,1,19,379,2,, -1,1,5,1,70,11,3,1,31,31499,1,6,0,3,D632,43.52581,1.205208,13,2,2
202100032665,143Â 379,B01,1,1,1,1,2,6,-1,-1, -1,-1,2021,17.0,0,1,0,2,1,1,1,,4,JULES FERRY ( AVENUE ),0,,2,2,0,1,0,0,1,, -1,1,0,1,50,23,6,1,55,55545,2,3,0,3,JULES FERRY ( AVENUE ),49.149145,5.393031,7,2,2
202100012328,179Â 699,A01,1,1,1,4,1,-1,-1,0,0,-1,2021,33.0,3,2,0,0,6,15,2,,7,125,0,D,2,2,0,2,(1),(1),2,, -1,1,0,1,30,20,10,1,6,6121,2,5,0,2,avenue jean monnet,43.701497,7.326658,9,3,2
202100035751,137Â 803,A01,10,3,2,9,0,-1,-1,3,3,1,2021,57.0,1,1,0,1,1,1,5,,4,RUE EUGENE CARRIERE,0,,-1,0,0,1,(1),(1),1,, -1,1,0,1,50,8,6,1,75,75118,2,3,0,6,RUE EUGENE CARRIERE,48.892423,2.333607,13,2,1
202100007304,188Â 692,A01,10,3,1,2,0,-1,-1,2,3,1,2021,12.0,0,2,0,1,3,1,1,,4,RUISSEAU MI (RUE),0,,2,2,0,1,0,0,1,, -1,1,0,1,50,18,11,2,13,13215,2,1,0,3,RUISSEAU MI (RUE),43.3502385917,5.3488946777,16,2,1
202100019165,167Â 371,A01,10,3,2,0,0,-1,-1,3,3,1,2021,29.0,1,2,0,1,1,9,1,,7,BLUM (AVENUE LEON),0,,2,2,0,1,(1),(1),1,, -1,1,0,1,50,9,9,2,63,63113,2,1,0,6,BLUM (AVENUE LEON),45.75912,3.10143,18,2,1
202100011280,181Â 574,B01,1,1,1,0,2,6,-1,0,0,-1,2021,18.0,3,1,0,2,1,26,1,,9,,0,,2,1,0,2,(1),(1),3,,3,1,0,1,80,25,10,1,84,84014,1,1,0,1,D198,43.768523,5.693671,17,2,2
202100047748,116Â 402,B01,1,1,1,0,2,0,-1,-1, -1,-1,2021,35.0,1,1,0,2,1,1,1,,4,SAINT MARCEL (BOULEVARD DE ),0,,2,2,0,1,(1),(1),1,, -1,1,0,1,30,8,3,1,13,13211,2,1,0,3,SAINT MARCEL (BOULEVARD DE ),43.287814,5.464372,16,3,2
202100011971,180Â 322,B01,1,1,1,2,8,-1,-1,-1, -1,-1,2021,13.0,0,1,0,2,0,0,-1,,4,ETIENNE RICHERAND                   (R ),0,,1,1,0,1,(1),(1),1,, -1,1,0,1,50,20,10,1,69,69383,2,1,0,3,ETIENNE RICHERAND (R),45.7575563113,4.8658047616,16,2,2
202100023004,160Â 508,B01,1,1,1,4,2,8,-1,0,0,-1,2021,39.0,1,0,0,2,0,1,5,,4,LEMOINE (AV MARCEL) DU 1 AU 51,0,,2,2,0,2,(1),(1),1,, -1,1,0,5,50,6,5,1,36,36044,2,1,0,3,26 Avenue Marcel Lemoine,46.8156966957,1.6968027429,13,2,2
202100031214,145Â 945,B01,1,1,2,1,0,-1,-1,0,0,-1,2021,50.0,2,1,0,2,3,0,0,,4,SAINT GOBAIN (RUE DE),0,,3,2,0,1,0,0,1,, -1,1,0,1,10,3,7,1,93,93001,2,1,0,3,SAINT GOBAIN (RUE DE),48.912758,2.367575,8,2,2
202100040886,128Â 543,A01,10,3,2,0,0,-1,-1,3,5,2,2021,7.0,0,2,0,1,2,1,1,,3,ROUBAIX (BOULEVARD DE ),0,,2,4,0,1,(1),(1),1,, -1,1,0,1,50,5,5,1,80,80021,2,1,0,6,ROUBAIX (BOULEVARD DE ),49.90806,2.31746,17,2,1
202100014967,174Â 952,A01,10,3,1,5,0,-1,-1,2,3,1,2021,72.0,1,2,0,1,1,1,1,,4,FAVALE - COURS,0,,2,2,0,2,1,0,3,, -1,2,0,1,50,4,10,2,202,202033,2,1,1,6,FAVALE - COURS,42.69304,9.45045,18,2,1
202100015853,173Â 335,B01,1,1,1,1,2,6,-1,-1, -1,-1,2021,27.0,2,1,0,2,8,1,1,,1,A86 EXT,0,,1,5,0,1,49,0,1,, -1,1,0,1,90,1,10,3,94,94065,1,1,0,3,A86 EXT,48.7541617479,2.3503539663,7,2,2
202100039445,131Â 098,A01,1,1,1,0,2,0,-1,0,0,-1,2021,32.0,1,1,0,2,1,1,1,,4,SAURUPT (IMPASSE ET RUE),0,,2,2,0,1,(1),(1),1,, -1,1,0,1,50,17,5,1,54,54395,2,2,0,3,SAURUPT (IMPASSE ET RUE),48.6790262689,6.1851446301,12,2,2
202100030287,147Â 631,A01,2,2,1,9,1,5,-1,0,0,-1,2021,33.0,1,2,0,2,1,5,1,,3,70,0,,2,2,0,2,3,900,1,, -1,1,0,1,90,7,7,2,21,21525,1,1,0,1,Hameau de Chamont,47.411714,4.178753,21,3,2
202100007314,188Â 677,B01,1,1,1,0,2,6,-1,-1, -1,-1,2021,25.0,3,1,0,2,3,1,1,,4,FAUBOURG CRONCELS (RUE DU),0,,2,4,0,1,(1),(1),1,, -1,2,9,1,50,16,11,5,10,10387,2,1,1,3,FAUBOURG CRONCELS (RUE DU),48.2792,4.08129,18,2,2
202100002669,197Â 006,A01,1,1,2,5,1,-1,-1,0,0,-1,2021,28.0,1,2,2,0,0,1,1,,1,31,0,A,3,4,0,1,31,950,2,, -1,7,0,8,130,18,12,3,21,21473,1,1,0,6,A31 PK 031.950,47.244076,5.071939,6,2,1
202100021707,162Â 839,A01,1,1,1,5,1,-1,-1,0,0,-1,2021,55.0,1,2,0,2,3,13,1,,3,150,0,,2,2,0,2,9,0,1,, -1,1,0,1,90,1,9,1,17,17211,1,1,0,1,DÃ©partementale 150,46.032241,-0.513965,16,3,2
202100002159,197Â 926,B01,1,1,1,0,1,0,-1,-1, -1,-1,2021,29.0,3,2,0,2,2,1,1,,4,DEQUET (RUE LOUIS),0,,2,2,0,1,0,0,1,, -1,1,0,1,50,19,12,5,93,93073,1,3,0,3,DEQUET (RUE LOUIS),48.955,2.58101,4,2,2
202100003383,195Â 712,A01,1,1,2,5,2,8,-1,-1, -1,-1,2021,16.0,2,1,12,0,2,14,1,,3,991,0,,2,2,0,1,28,1120,1,, -1,1,0,4,50,26,8,5,73,73008,2,1,0,6,D991 Route de Saint-Innocent,45.70895,5.89376,22,2,1
202100018235,169Â 012,A01,2,2,2,5,1,-1,-1,0,0,-1,2021,19.0,1,2,13,0,2,1,1,,3,27,-1,,1,2,0,3,5,500,3,, -1,1,0,3,80,17,9,3,51,51305,1,1,0,7,D27,49.252964,3.880266,22,2,1
202100041052,128Â 231,A01,1,1,2,0,1,0,-1,-1, -1,-1,2021,26.0,1,2,0,2,1,1,1,,4,FERDINAND BUISSON                   (R ),0,,1,2,0,1,(1),(1),1,, -1,2,0,1,50,6,5,1,69,69383,2,2,1,3,FERDINAND BUISSON (R),45.74977,4.88978,16,4,2
202100048421,115Â 206,A01,10,3,1,2,0,-1,-1,2,3,1,2021,10.0,1,1,0,1,1,25,1,,4,JEAN COMPADIEU (AVENUE),0,,2,0,0,1,(1),(1),1,, -1,1,0,4,30,11,3,1,13,13212,2,9,0,6,JEAN COMPADIEU (AVENUE),43.3181483117,5.4347625644,13,2,1
202100015025,174Â 849,A01,10,3,1,5,8,8,-1,1,5,-1,2021,8.0,1,2,0,0,3,1,1,,4,GARE (CITE DE LA),0,,2,1,0,1,(1),(1),2,, -1,1,0,1,30,28,8,1,62,62573,2,1,0,7,GARE (CITE DE LA),50.499886,2.892521,18,2,1
202100019412,166Â 933,A01,1,1,2,0,2,6,9,0,0,-1,2021,21.0,1,1,0,2,1,1,1,,3,105,-1,,2,2,0,2,1,776,3,, -1,1,0,1,80,12,9,1,72,72334,1,9,0,3,Ãtang Neuf (Eau),48.20625,-0.120957,18,3,2
202100015846,173Â 350,A01,1,1,1,0,2,6,-1,-1, -1,-1,2021,47.0,2,1,4,0,8,2,1,,1,ROCADE A 630,0,,3,4,0,1,25,500,4,, -1,1,3,1,70,1,10,1,33,33318,1,1,0,7,ROCADE A 630,44.788013,-0.630476,8,1,1
202100013457,177Â 686,A01,1,1,1,5,2,6,-1,0,0,-1,2021,24.0,0,1,15,0,1,1,1,,3,23,-1,D,2,2,0,1,6,190,2,, -1,1,0,3,-1,13,10,1,27,27050,1,1,0,6,Route de Nassandres,49.096267,0.758014,15,1,1
202100015758,173Â 502,B01,1,1,1,1,2,0,-1,-1, -1,-1,2021,45.0,2,1,0,2,1,15,5,,3,EMILE ZOLA (R),0,,2,2,0,2,0,0,2,, -1,1,0,1,50,28,9,1,94,94033,2,2,0,1,EMILE ZOLA (R),48.85731,2.47081,7,2,2
202100010212,183Â 452,B01,2,2,2,0,1,-1,-1,0,0,-1,2021,69.0,2,2,0,2,3,1,1,,3,945,0, -,2,2,0,1,81,700,1,, -1,1,0,1,50,25,10,1,3,3085,1,3,0,3,RD 945,46.549819,3.245763,11,3,2
202100027589,152Â 411,A01,1,1,1,1,2,6,-1,-1, -1,-1,2021,32.0,2,1,0,2,2,5,1,,3,5,0,,2,2,0,1,1,0,1,, -1,1,0,1,50,22,7,1,92,92073,2,1,0,1,BOMBIGER (RUE DU DOCTEUR MARC),48.8624167617,2.2123906016,8,2,2
202100020390,165Â 193,C01,9,2,1,2,1,-1,-1,0,0,-1,2021,13.0,0,2,0,2,1,2,2,,3,1092,-1,,2,2,0,1,(1),(1),1,, -1,1,0,1,80,7,9,1,38,38410,1,3,0,2,D1092,45.08176,5.175652,16,4,3
202100017912,169Â 605,A01,1,1,1,5,1,-1,-1,0,0,-1,2021,80.0,0,2,0,2,3,0,1,,3,2085,-1,,2,2,0,2,20,575,3,, -1,1,0,1,70,20,9,1,6,6161,1,9,0,1,Route de Grasse,43.656678,7.106532,16,3,2
202100051784,109Â 135,A01,10,3,1,4,0,-1,-1,1,9,1,2021,28.0,0,2,0,9,1,15,1,,4,CARISTIE (RUE),0,,-1,1,0,1,0,0,1,, -1,1,0,1,30,8,2,1,84,84087,2,1,0,6,CARISTIE (RUE),44.137,4.81,9,2,1
202100024865,157Â 211,B01,1,1,1,0,2,8,-1,-1, -1,-1,2021,21.0,1,1,0,2,2,14,1,,7,SCHIRMECK (ROUTE DE),0,,2,4,3,1,0,0,1,, -1,1,0,1,50,8,8,1,67,67482,2,1,0,3,SCHIRMECK (ROUTE DE),48.57276,7.71605,17,2,2
202100040644,128Â 964,A01,1,1,1,5,1,-1,-1,0,0,-1,2021,26.0,1,2,6,0,1,7,1,,3,D813,0,D,2,2,3,2,35,800,1,, -1,2,2,6,50,9,5,2,31,31446,2,1,1,6,Boulevard FranÃ§ois Mitterrand (Pont),43.54772,1.479753,19,1,1
202100040047,130Â 015,A01,1,1,1,5,8,0,-1,-1, -1,-1,2021,23.0,1,2,0,9,1,26,1,,4,ROMANERIE BOULEVARD,0,,-1,2,0,1,1,0,1,, -1,1,0,1,50,13,5,1,49,49267,2,6,0,6,ROMANERIE BOULEVARD,47.48257,-0.50338,15,1,1
202100026825,153Â 772,B01,1,1,1,5,2,-1,-1,-1, -1,-1,2021,48.0,1,1,0,2,1,1,1,,4,AVE JEAN CORDIER,0,,2,2,2,1,(1),(1),1,, -1,1,0,1,30,27,7,1,33,33318,2,2,0,3,Avenue Jean Cordier,44.81142,-0.6246,11,2,2
202100040462,129Â 281,B01,1,1,1,1,2,6,-1,-1, -1,-1,2021,21.0,3,1,0,2,1,1,1,,4,ROBERT SCHUMAN (AVENUE),0,,3,6,0,1,(1),(1),1,, -1,2,5,1,50,10,5,5,78,78586,2,2,1,3,ROBERT SCHUMAN (AVENUE),48.948302,2.19419,0,3,2
202100046663,118Â 361,A01,10,3,1,0,0,-1,-1,3,3,1,2021,18.0,1,2,0,1,2,1,1,,4,ARTS  (AVENUE DES - COTE PAIR),0,,2,2,0,2,1,0,1,, -1,2,9,1,50,25,3,1,93,93032,2,1,1,6,ARTS  (AVENUE DES - COTE PAIR),48.88516,2.54752,8,2,1
202100051935,108Â 875,C01,4,2,1,4,8,0,-1,-1, -1,-1,2021,47.0,3,2,1,2,1,15,1,,4,GENERAL GALLIENI (AVENUE),0,,2,2,0,1,0,0,1,, -1,7,0,1,50,10,2,1,93,93059,2,3,0,5,EDOUARD VAILLANT (RUE),48.9687950666,2.3626845749,17,6,3
202100017994,169Â 464,A01,1,1,1,0,1,-1,-1,-1, -1,-1,2021,36.0,2,2,6,0,1,2,1,,4,NANSEN. RUE FRIDTJOF,0,,2,3,1,1,0,0,3,, -1,2,-1,1,50,19,9,5,76,76540,2,1,1,6,NANSEN. RUE FRIDTJOF,49.445093766,1.063101661,2,1,1
202100053348,106Â 362,A01,10,3,1,3,0,-1,-1,3,3,1,2021,85.0,2,5,0,1,0,1,1,,4,BOULEVARD PEREIRE,0,,1,1,0,1,(1),(1),1,, -1,2,0,1,50,28,1,5,75,75117,2,2,1,6,BOULEVARD PEREIRE,48.882891,2.293736,18,2,1
202100052959,107Â 057,A01,1,1,2,3,1,-1,-1,0,0,-1,2021,24.0,1,2,0,2,1,1,1,,4,route de salignac (ex D248),0,,2,2,0,1,(1),(1),1,, -1,1,0,1,50,18,1,1,33,33366,1,1,0,3,Route de Salignac,45.000674,-0.429189,17,2,2
202100051155,110Â 236,A01,2,2,2,0,8,0,-1,-1, -1,-1,2021,31.0,2,2,0,2,1,2,1,,7,OLBIA  (VOIE),0,,1,2,0,1,11,0,1,, -1,1,0,1,50,31,1,1,83,83069,2,1,0,2,OLBIA  (VOIE),43.1135099554,6.1269173877,11,4,2
202100030969,146Â 392,A01,2,2,2,5,1,-1,-1,-1,0,-1,2021,23.0,2,2,4,0,3,1,1,,2,AUTOROUTE A15,0,,1,1,0,1,2,450,3,, -1,2,0,1,70,4,7,1,95,95572,1,1,1,6,RN 184,49.0315187277,2.1055233479,12,2,1
202100031238,145Â 904,A01,1,1,1,5,1,-1,-1,0,0,-1,2021,19.0,1,2,0,2,1,19,1,,3,32,0,D,2,2,0,1,41,355,2,, -1,1,0,1,90,3,7,1,34,34281,1,9,0,5,D32,43.52444,3.484879,20,7,3
202100019047,167Â 593,A01,1,1,1,5,2,6,-1,0,0,-1,2021,44.0,1,1,0,0,9,1,1,,3,113,-1,,2,2,0,1,3,200,1,, -1,9,0,1,80,15,9,4,55,55360,1,1,0,7,D113,49.046291,5.548503,0,1,1
202100053545,106Â 007,A01,2,2,2,5,1,0,-1,-1, -1,-1,2021,51.0,1,2,4,0,7,1,1,,1,46,0,,3,6,0,1,8,400,2,, -1,2,0,2,130,22,1,1,69,69278,1,1,1,3,A46,45.9034380866,4.82619524,16,5,2
202100054920,103Â 641,A01,1,1,1,4,2,8,-1,0,0,-1,2021,32.0,2,1,0,0,0,1,1,,4,RUE DE BELLEVILLE,0,,2,5,3,1,(1),(1),1,, -1,2,0,1,50,14,1,5,75,75119,2,5,1,7,RUE DE BELLEVILLE,48.8771961872,2.4065798521,21,1,1
202100035892,137Â 531,B01,1,1,1,0,8,-1,-1,0,0,-1,2021,53.0,3,1,0,2,1,1,5,,4,SEPTEMBRE (RUE DU IV),0,,2,2,0,1,(1),(1),1,, -1,1,0,1,50,19,4,1,65,65440,2,6,0,3,FERRE (PLACE),43.22845,0.07583,7,2,2
202100017475,170Â 384,B01,1,1,1,0,2,0,-1,-1, -1,-1,2021,64.0,1,1,0,2,2,1,1,,4,FLORIAN ( ROND POINT),0,,1,4,0,1,(1),(1),2,, -1,1,0,1,50,22,9,5,13,13210,2,1,0,3,FLORIAN ( ROND POINT),43.2834714367,5.4270140539,22,2,2
202100055879,101Â 995,A01,1,1,1,5,2,-1,-1,0,0,-1,2021,32.0,2,1,0,0,2,1,1,,3,D136,0,,2,2,0,1,6,900,2,, -1,1,0,1,70,9,1,3,59,59370,1,1,1,7,Route de Feignies,50.31288,3.967786,17,1,1
202100004670,193Â 429,A01,1,1,1,9,8,0,-1,-1, -1,-1,2021,22.0,1,2,0,0,0,0,6,,2,RN2 SENS STE SUZANNE ST BENOIT,0,,1,2,0,1,30,0,1,, -1,1,0,1,110,5,12,3,974,97409,1,1,0,6,RN2 SENS STE SUZANNE ST BENOIT,-20.95862,55.65758,3,1,1
202100037497,134Â 645,A01,1,1,1,1,2,-1,-1,0,0,-1,2021,50.0,3,1,16,0,7,15,1,,4,,-1,,2,2,0,1,(1),(1),2,, -1,1,0,1,-1,31,5,1,53,53007,1,4,0,7,Haut Mont Roux,48.081842,-0.655124,7,1,1
202100028897,150Â 069,A01,1,1,1,5,2,6,-1,0,0,-1,2021,24.0,3,1,0,2,1,1,1,,4,,0,,2,2,0,1,(1),(1),1,,4,1,0,1,50,16,7,1,56,56185,2,3,0,3,Route de Kerdual,47.782016,-3.404544,9,2,2
202100034965,139Â 202,B01,1,1,2,1,2,6,-1,-1, -1,-1,2021,48.0,1,1,0,2,1,1,1,,3,MEUNIER-VIAL FRANCOIS  R,0,,3,4,0,1,1,200,1,, -1,1,0,1,50,10,6,1,69,69264,2,6,0,3,BURDEAU (BD),45.9977717848,4.7339477721,7,2,2
202100040789,128Â 705,A01,1,1,1,4,8,-1,-1,0,0,-1,2021,27.0,2,2,2,0,1,15,1,,3,64,0,,-1,2,0,1,5,308,1,, -1,1,0,8,80,8,5,1,77,77186,1,1,0,6,D64,48.493711,2.632137,20,1,1
202100036823,135Â 880,B01,1,1,1,1,8,0,-1,-1, -1,-1,2021,28.0,3,1,1,2,1,1,5,,4,,0,,2,2,0,1,0,0,1,, -1,1,9,1,50,29,5,1,11,11262,2,1,0,6,Rue de Saint-Salvayre,43.18552,2.98943,16,2,2
202100042718,125Â 276,A01,10,3,1,5,0,-1,-1,0,0,-1,2021,33.0,1,2,0,2,1,1,1,,3,FRANCE (AV. ANATOLE) DE 58 A 72,0,,-1,2,0,1,0,1,1,, -1,1,2,1,50,24,4,1,93,93010,2,1,0,6,FRANCE (AV. ANATOLE) DE 58 A 72,48.8913087248,2.496508956,14,2,1
202100007046,189Â 161,A01,1,1,1,9,8,0,-1,0,0,-1,2021,48.0,3,1,0,2,8,15,5,,4,AVENUE DE VERSAILLES,0,,-1,2,3,1,(1),(1),1,, -1,1,0,1,50,20,11,1,75,75116,2,3,0,3,AVENUE DE VERSAILLES,48.841507,2.266543,11,2,2
202100052183,108Â 433,A01,1,1,2,5,1,-1,-1,0,0,-1,2021,21.0,1,2,4,0,3,1,1,,1,8,0,,3,3,0,1,159,100,3,, -1,2,0,1,110,8,2,3,6,6079,1,1,1,7,"AUTOROUTE A8 , CHAUSSÃE SUD, PK 159.100",43.543198,6.938767,18,3,1
202100006689,189Â 823,A01,1,1,1,1,2,6,-1,-1, -1,-1,2021,20.0,3,1,11,2,8,17,1,,4,GAULLE   AVENUE DU GENERAL DE,0,,2,2,0,1,(1),(1),1,, -1,2,9,1,50,21,11,3,17,17028,1,1,1,3,GAULLE   AVENUE DU GENERAL DE,46.12777,-1.1149,20,2,2
202100000831,200Â 243,A01,10,3,2,3,8,8,-1,8,8,1,2021,44.0,3,3,0,1,8,2,1,1.0,9,ALL DU TRAIT D'UNION,0,,2,2,3,1,0,0,1,, -1,1,9,6,50,15,12,2,77,77251,1,1,0,6,ALL DU TRAIT D'UNION,48.62,2.54,18,2,1