Num_Acc,id_vehicule,num_veh,place,catu,sexe,trajet,secu1,secu2,secu3,locp,actp,etatp,year_acc,victim_age,senc,catv,obs,obsm,choc,manv,motor,occutc,catr,voie,v1,v2,circ,nbv,vosp,prof,pr,pr1,plan,lartpc,larrout,surf,infra,situ,vma,jour,mois,lum,dep,com,agg_,int,atm,col,adr,lat,long,hour,nb_victim,nb_vehicules
202100003269,195Â 922,B01,1,1,1,0,2,6,-1,-1, -1,-1,2021,22.0,1,1,0,2,2,1,3,,3,GALLIENI (AVENUE DU GENERAL),0,,2,2,0,1,0,0,1,, -1,2,0,1,50,12,12,1,93,93077,2,1,0,3,GALLIENI (AVENUE DU GENERAL),48.892246911,2.5051724911,12,3,2
202100040439,129Â 324,A01,1,1,1,0,2,6,-1,-1, -1,-1,2021,49.0,1,1,0,2,1,1,1,,2,kaweni-Kaweni nord ( Z I ),0,,2,0,0,1,0,0,1,, -1,1,0,1,50,10,5,1,976,97611,2,1,0,2,kaweni-Kaweni nord ( Z I ),-12.76882,45.22429,13,2,2
202100006133,190Â 845,A01,10,3,1,5,0,-1,-1,6,1,3,2021,50.0,0,2,0,1,3,17,1,,3,69,-1,,2,2,0,1,(1),(1),1,, -1,1,0,3,80,27,11,3,84,84028,1,1,0,6,1225 Route de Vaison,44.226235,4.946229,17,2,1
202100023305,159Â 959,B01,1,1,1,4,2,6,-1,0,0,-1,2021,53.0,0,1,0,2,1,1,1,,4,VAUBAN (R. MARECHAL),0,,2,2,0,1,0,0,1,, -1,1,0,1,50,20,8,5,6,6088,2,2,0,1,VAUBAN (R. MARECHAL),43.7114,7.2883,21,2,2
202100027621,152Â 352,B01,1,1,1,1,2,6,-1,0,0,-1,2021,17.0,1,1,0,2,6,15,1,,3,18,0,,2,2,0,1,15,500,1,, -1,1,0,1,80,22,7,1,86,86002,1,1,0,2,D18,46.742447,0.180825,13,2,2
202100016624,171Â 919,B01,1,1,1,5,1,-1,-1,-1, -1,-1,2021,59.0,2,2,0,2,7,15,1,,4,MARTYRS DE LA RESISTANCE (DES)      (AV),0,,2,2,0,2,(1),(1),1,, -1,1,0,1,50,26,9,5,69,69259,2,9,0,3,MARTYRS DE LA RESISTANCE (DES)      (AV),45.69067,4.86986,0,2,2
202100034757,139Â 583,B01,2,2,2,5,2,-1,-1,-1, -1,-1,2021,42.0,2,1,0,2,6,21,1,,4,GODARD (BD ),0,,3,4,3,1,(1),(1),1,, -1,1,-1,6,50,12,6,1,33,33063,2,1,1,2,Boulevard Godard,44.862918,-0.583477,14,3,2
202100006181,190Â 767,A01,1,1,2,5,1,-1,-1,0,0,-1,2021,69.0,3,2,13,0,1,9,1,,4,,0,,2,1,0,1,(1),(1),1,,3,1,0,3,80,26,11,3,81,81117,1,1,0,6,Chemin de Nartigou,43.797963,1.99316,18,1,1
202100014270,176Â 192,A01,2,2,2,5,1,-1,-1,0,0,-1,2021,75.0,2,2,0,2,2,16,1,,3,139,0,D,2,2,0,2,11,220,3,, -1,1,0,1,50,10,10,1,30,30033,2,2,0,3,Rue du Jeu de Mail,43.720676,4.321184,12,3,2
202100004382,193Â 925,B01,1,1,2,1,1,0,-1,-1, -1,-1,2021,39.0,1,2,0,2,4,2,1,,1,A86.INT,0,,1,3,0,1,30,0,1,, -1,2,1,1,90,7,12,5,94,94033,1,1,1,4,A86.INT,48.8521422803,2.4902740888,20,3,3
202100034341,140Â 348,A01,1,1,2,4,1,-1,-1,0,0,-1,2021,49.0,1,3,0,2,3,13,1,1.0,2,154,-1,,2,2,0,1,44,900,1,, -1,1,0,1,80,16,6,1,28,28177,1,1,0,1,N154,48.410887,1.540146,14,2,2
202100011882,180Â 486,B01,1,1,1,0,8,0,-1,-1, -1,-1,2021,23.0,3,1,0,2,2,13,1,,4,,0,,2,2,0,1,0,0,1,, -1,1,0,1,30,21,10,5,92,92023,2,3,0,3,PIERRE CORBY (AVENUE),48.8002498192,2.2692386806,22,2,2
202100030583,147Â 090,A01,1,1,1,0,1,0,-1,-1, -1,-1,2021,36.0,0,2,0,2,2,26,1,,4,SAINT JEAN DU DESERT (chemin),0,,-1,2,0,2,1,0,1,, -1,1,0,1,50,5,7,1,13,13212,2,1,0,3,SAINT JEAN DU DESERT (chemin),43.2939620506,5.4112510763,15,2,2
202100003724,195Â 093,A01,1,1,1,5,1,0,-1,0,0,-1,2021,71.0,1,2,12,0,3,13,1,,4,AVENUE DU PRESIDENT KENNEDY,0,,1,3,3,1,(1),(1),1,, -1,2,-1,6,30,10,12,5,75,75116,2,5,1,6,AVENUE DU PRESIDENT KENNEDY,48.854475,2.283495,2,1,1
202100017204,170Â 885,A01,10,3,2,5,0,-1,-1,3,3,1,2021,70.0,2,5,0,1,1,1,1,,3,118,0,D,2,2,0,1,59,10,1,, -1,1,0,1,50,24,9,1,11,11206,2,1,0,6,D118 PK59,43.062805,2.215365,13,2,1
202100026756,153Â 896,B01,1,1,1,0,2,-1,-1,0,0,-1,2021,16.0,2,1,0,0,1,1,1,,3,933,0,D,2,2,0,1,22,600,1,, -1,1,5,1,80,19,7,1,47,47326,1,3,0,3,D933,44.506101,0.272518,17,2,2
202100018135,169Â 202,A01,1,1,1,0,2,0,-1,0,0,-1,2021,31.0,1,1,0,2,1,2,1,,4,ERABLES (AVENUE DES),0,,2,2,1,1,(1),(1),1,, -1,1,-1,1,50,18,9,1,54,54265,2,1,0,2,ERABLES (AVENUE DES),48.6434951454,6.1850066641,16,2,2
202100053475,106Â 127,A01,1,1,1,5,1,0,0,0,0,-1,2021,70.0,3,2,1,2,4,1,1,,4,ORANGERS AVENUE DES,0,,2,2,0,1,0,0,1,, -1,1,0,1,50,27,1,1,6,6027,2,1,0,6,ORANGERS AVENUE DES,43.658336,7.167148,11,3,3
202100034031,140Â 933,A01,10,3,1,5,0,-1,-1,4,3,1,2021,86.0,0,4,0,1,1,1,1,,4,MARTYRS DE LA RESISTANCE. PLACE DES,0,,2,2,0,1,(1),(1),1,, -1,1,0,1,50,16,6,1,76,76681,2,7,0,6,MARTYRS DE LA RESISTANCE. PLACE DES,49.4194,1.07816,17,2,1
202100031897,144Â 740,B01,1,1,1,1,2,6,-1,0,0,-1,2021,28.0,1,1,0,2,1,3,1,,4,BOULEVARD PERIPHERIQUE INTERIEUR OUEST,0,,1,8,0,1,15,400,1,, -1,1,1,1,70,28,6,1,75,75116,2,1,0,4,BOULEVARD PERIPHERIQUE INTERIEUR OUEST,48.871993,2.27402,9,4,4
202100012728,178Â 968,A01,1,1,1,1,1,-1,-1,0,0,-1,2021,25.0,2,5,1,0,1,1,1,,3,11,-1,,2,2,0,1,21,159,1,,"5,5",1,0,1,90,18,10,1,3,3312,1,1,0,2,Les Cinq Chenes,46.491955,2.901329,17,2,2
202100049286,113Â 662,A01,1,1,2,2,2,6,-1,0,0,-1,2021,58.0,3,1,0,0,0,1,5,,4,PLACE DE LA CONCORDE,0,,-1,0,0,1,(1),(1),1,, -1,1,0,1,50,3,3,1,75,75108,2,7,0,7,PLACE DE LA CONCORDE,48.865675,2.321806,9,1,1
202100001014,199Â 952,B01,1,1,1,0,2,0,-1,-1, -1,-1,2021,48.0,1,1,0,2,1,1,1,,4,RUE DES VIOLETTES,0,,2,0,0,1,(1),(1),1,, -1,1,0,1,50,29,12,1,44,44190,2,1,0,3,RUE DES VIOLETTES,47.19778,-1.50891,10,2,2
202100031076,146Â 193,B01,1,1,1,2,2,4,-1,-1, -1,-1,2021,40.0,0,1,0,2,7,1,1,,4,NORMANDIE (AVENUE DE),0,,2,2,0,1,(1),(1),1,, -1,2,5,1,50,25,6,1,50,50129,2,3,1,3,NORMANDIE (AVENUE DE),49.62676,-1.6343,12,2,2
202100031643,145Â 194,B01,1,1,1,5,0,-1,-1,0,0,-1,2021,16.0,1,1,0,2,6,15,5,,3,737,0,D,2,2,0,1,24,315,1,, -1,1,5,1,80,30,6,2,79,79174,1,2,0,3,,46.236897,-0.156845,5,2,2
202100003580,195Â 355,B01,2,2,2,2,1,0,-1,-1, -1,-1,2021,16.0,2,2,0,2,4,23,1,,4,GAMBETTA (BOULEVARD),0,,2,3,0,2,0,0,1,, -1,2,0,1,50,7,12,2,87,87085,2,1,1,2,GAMBETTA (BOULEVARD),45.82973,1.25814,8,3,2
202100016157,172Â 760,A01,1,1,1,9,1,0,-1,-1, -1,-1,2021,59.0,1,2,0,2,1,26,1,,3,ATLANTIQUE  AVENUE DE L',0,,3,4,0,1,40,500,1,, -1,1,0,1,90,23,9,1,49,49007,1,1,0,2,ATLANTIQUE  AVENUE DE L',47.46907,-0.60764,19,2,2
202100036918,135Â 712,A01,10,3,2,3,0,-1,-1,3,3,1,2021,70.0,1,2,0,1,2,1,1,,4,,-1,,2,2,0,1,(1),(1),1,, -1,1,0,1,50,31,5,1,66,66213,2,6,0,6,Avenue du PÃ¨re Pinya,42.672308,2.833507,8,2,1
202100001752,198Â 657,A01,1,1,1,5,2,6,-1,0,0,-1,2021,87.0,3,1,15,0,1,14,1,,4,AVENUE DE LOWENDAL,0,,2,2,1,1,(1),(1),1,, -1,1,9,1,50,22,12,5,75,75107,2,1,0,6,AVENUE DE LOWENDAL,48.85206,2.30763,17,1,1
202100039994,130Â 105,A01,1,1,1,1,1,-1,-1,0,0,-1,2021,19.0,1,2,0,0,1,1,1,,3,765,0,D,2,2,0,1,1,0,1,, -1,2,0,1,80,15,5,3,22,22079,1,1,1,7,les quatre vents,48.389917,-2.62732,3,1,1
202100030302,147Â 601,B01,1,1,1,1,2,6,-1,0,0,-1,2021,41.0,2,1,0,2,5,1,1,,7,51,0,,1,1,0,1,12,450,2,, -1,2,0,1,50,28,6,1,69,69003,2,6,1,2,D51,45.863697,4.83473,8,2,2
202100042439,125Â 764,A01,1,1,1,5,2,0,-1,-1, -1,-1,2021,45.0,2,1,0,0,0,1,1,,4,CROIX VERTE (RUE DE LA),0,,1,1,0,1,0,0,1,, -1,1,0,1,50,23,4,1,87,87085,2,1,0,7,CROIX VERTE (RUE DE LA),45.82299,1.25952,15,1,1
202100023090,160Â 340,A01,1,1,1,5,2,6,-1,0,0,-1,2021,25.0,0,1,0,0,7,1,1,,4,MOLINES  ( ROUTE DE ),0,,2,1,0,2,0,1,2,, -1,9,0,1,50,23,7,1,5,5061,2,1,0,7,MOLINES  ( ROUTE DE ),44.559928,6.097333,12,1,1
202100025298,156Â 440,A01,1,1,1,5,2,6,-1,-1, -1,-1,2021,36.0,1,1,0,2,0,0,1,,4,RUE DES VIGNES,0,,1,1,0,1,(1),(1),1,, -1,1,0,1,50,6,8,1,33,33063,2,2,0,3,Rue du Hamel,44.83155,-0.56602,19,2,2
202100037310,134Â 981,A01,1,1,1,1,1,0,-1,-1, -1,-1,2021,59.0,2,5,0,2,1,1,1,,4,ONZE NOVEMBRE (RUE),0,,2,2,0,1,1,0,1,, -1,1,0,1,50,30,5,1,93,93050,2,2,0,3,Rue des Glycines / Rue du 11 Novembre,48.859,2.52645,20,2,2
202100042212,126Â 171,A01,10,3,2,9,0,-1,-1,2,3,1,2021,56.0,2,1,0,1,1,1,5,,4,RUE DU COMMERCE,0,,2,2,2,1,(1),(1),1,, -1,1,0,5,20,28,4,1,75,75115,2,7,0,6,RUE DU COMMERCE,48.844832,2.29398,13,2,1
202100023815,159Â 054,A01,1,1,1,5,2,6,9,0,0,-1,2021,41.0,2,1,0,0,0,1,1,,3,520,0,C,2,2,0,2,4,500,3,, -1,1,0,1,80,18,8,1,38,38376,1,1,0,7,D520c,45.430342,5.78833,18,1,1
202100014428,175Â 905,B01,3,2,1,4,1,0,-1,-1, -1,-1,2021,49.0,2,5,0,2,1,1,1,,3,REPUBLIQUE (AV DE LA),0,,2,4,0,2,0,1,1,, -1,1,0,1,50,8,10,1,94,94077,2,2,0,3,Avenue de la RÃ©publique,48.73224,2.40884,9,5,2
202100020777,164Â 503,A01,1,1,1,5,1,-1,-1,0,0,-1,2021,34.0,2,2,2,0,1,1,1,,3,936,-1,,2,2,0,4,101,350,1,, -1,1,0,1,80,5,9,4,64,64123,1,1,0,7,Route de Bardos,43.482882,-1.151065,20,1,1
202100044274,122Â 528,A01,1,1,2,1,1,0,-1,-1, -1,-1,2021,48.0,2,2,0,2,7,1,1,,4,MERMOZ (BOULEVARD JEAN),0,,2,2,0,1,(1),(1),1,, -1,1,0,1,50,8,4,5,44,44184,2,2,0,3,MERMOZ (BOULEVARD JEAN),47.27704,-2.22759,22,2,2
202100017071,171Â 112,A01,1,1,2,9,1,0,-1,0,0,-1,2021,28.0,1,2,11,0,3,13,1,,4,BOULEVARD MALESHERBES,0,,2,6,0,1,(1),(1),1,, -1,1,0,1,30,24,9,5,75,75108,2,3,0,6,BOULEVARD MALESHERBES,48.880103,2.313473,23,1,1
202100044204,122Â 663,A01,2,2,1,0,2,-1,-1,0,0,-1,2021,22.0,3,1,0,0,9,14,1,,4,,-1,,2,2,0,1,(1),(1),1,, -1,2,0,1,50,15,4,3,988,98805,1,1,0,7,ROUTE DE LA NONDOUE,-22.14637,166.450746,0,2,1
202100051103,110Â 331,B01,1,1,1,4,2,8,-1,-1, -1,-1,2021,20.0,1,1,0,2,1,17,1,,4,MOULIN DE CAGE (RUE DU),0,,2,2,0,1,0,0,1,, -1,1,0,1,50,17,2,1,92,92036,2,1,0,3,MOULIN DE CAGE (RUE DU),48.9287642991,2.3122339343,17,2,2
202100035292,138Â 619,B01,2,2,2,9,1,0,-1,-1, -1,-1,2021,42.0,1,2,0,2,2,1,1,,3,AUXERRE (ROUTE),0,,2,2,0,1,(1),(1),1,, -1,1,0,1,50,9,6,1,10,10333,2,2,0,3,AUXERRE (ROUTE),48.276852,4.063405,9,3,2
202100015340,174Â 291,B01,2,2,2,4,1,0,-1,-1, -1,-1,2021,46.0,1,5,0,2,1,1,1,,7,AV FREDERIC ESTEBE,0,,1,3,3,1,39,762,1,, -1,2,0,1,50,3,10,1,31,31555,2,5,1,3,BD PIERRE ET MARIE CURIE,43.62615,1.43711,13,5,2
202100052950,107Â 072,A01,1,1,1,2,2,6,-1,0,0,-1,2021,18.0,1,1,0,2,1,13,1,,3,26,-1,,2,2,0,2,7,830,2,, -1,1,0,1,50,2,2,1,974,97403,1,1,0,1,rd26,-21.260401,55.465218,15,2,2
202100035770,137Â 770,B01,1,1,1,5,1,0,-1,-1, -1,-1,2021,20.0,0,2,1,2,7,1,1,,4,JEAN MOULIN (R),0,,3,1,0,2,1,0,1,, -1,1,0,1,50,8,6,1,94,94071,2,1,0,3,JEAN MOULIN (R),48.774991,2.513172,18,2,2
202100009254,185Â 167,A01,10,3,1,5,0,-1,-1,3,3,1,2021,39.0,0,2,0,1,1,1,1,,7,LIBERATION (AVENUE DE LA),0,,2,2,0,1,43,690,1,, -1,2,0,1,50,5,11,2,35,35278,2,1,1,6,LIBERATION (AVENUE DE LA),48.14593,-1.65691,7,2,1
202100050440,111Â 538,A01,1,1,1,1,2,6,-1,-1, -1,-1,2021,37.0,2,1,0,0,0,21,1,,3,AV DU GENERAL DE GAULLE,0,,2,0,0,4,0,0,1,, -1,1,0,1,50,23,2,5,91,91201,2,1,0,7,AV DU GENERAL DE GAULLE,48.68695,2.40061,21,1,1
202100044567,122Â 054,A01,1,1,2,4,1,-1,-1,-1, -1,-1,2021,22.0,1,2,0,2,1,2,1,,3,CONQUERANT (BOULEVARD GUILLAUME LE),0,,3,4,0,1,27,587,1,, -1,1,5,1,50,8,4,1,50,50129,2,2,0,2,CONQUERANT (BOULEVARD GUILLAUME LE),49.64199,-1.63688,16,2,2
202100036457,136Â 533,A01,1,1,2,5,1,0,-1,0,0,-1,2021,21.0,1,2,15,2,7,15,1,,4,FREMONT (AV.),0,,1,1,0,1,(1),(1),1,, -1,1,0,1,50,2,6,5,6,6088,2,2,0,3,FREMONT (AV.),43.678807,7.228082,23,3,2
202100014455,175Â 864,A01,1,1,2,0,2,6,9,0,0,-1,2021,27.0,2,1,0,2,2,2,1,,3,982E1,-1,,2,2,1,2,1,800,1,, -1,1,0,1,50,8,10,1,51,51649,1,3,0,3,Avenue Jean Juif,48.72135906,4.60474065,12,2,2
202100043560,123Â 804,B01,1,1,1,0,8,0,-1,-1, -1,-1,2021,25.0,2,1,0,2,7,1,1,,2,PIERRE SEMARD (PL),0,,2,2,0,2,1,0,1,, -1,1,0,1,50,18,4,2,94,94078,2,1,0,3,Place Pierre Semard,48.730388,2.446915,20,3,2
202100027068,153Â 336,B01,1,1,2,0,8,-1,-1,-1, -1,-1,2021,18.0,0,1,0,2,4,1,5,,4,GRAILLY (RUE JEAN DE) DU 01 AU 29,0,,1,1,2,1,(1),(1),3,, -1,1,0,1,50,25,7,1,33,33529,2,6,0,3,Rue Jean de Grailly,44.62659,-1.14141,9,2,2
202100033421,142Â 030,A01,1,1,2,5,2,0,-1,0,0,-1,2021,29.0,1,1,0,2,2,3,1,,4,PORTE D ASNIERES,0,,1,4,0,1,18,400,1,, -1,1,0,1,70,16,6,1,75,75117,2,1,0,3,PORTE D ASNIERES,48.891371,2.300476,20,2,2
202100006205,190Â 718,A01,1,1,1,9,2,6,-1,0,0,-1,2021,22.0,3,1,4,0,2,14,1,,4,QUAI DE LA RAPEE,0,,1,3,0,1,(1),(1),1,, -1,1,0,1,50,30,8,5,75,75112,2,1,0,6,QUAI DE LA RAPEE,48.844862,2.367554,3,1,1
202100039821,130Â 400,A01,2,2,1,5,1,0,-1,-1, -1,-1,2021,17.0,1,2,8,0,7,1,1,,3,BRANLY (RUE EDOUARD),0,,2,4,2,1,4,402,1,, -1,1,5,3,50,15,5,1,41,41276,2,1,0,6,BRANLY (RUE EDOUARD),47.61445,1.30311,12,3,1
202100027540,152Â 500,B01,1,1,2,9,8,-1,-1,-1, -1,-1,2021,55.0,0,0,1,0,0,0,3,,4,SAINT-HELIER,0,,2,2,2,1,(1),(1),1,, -1,1,0,5,50,22,7,1,35,35238,2,1,0,3,SAINT-HELIER,48.10642,-1.66799,11,2,2
202100025771,155Â 621,A01,1,1,1,5,8,0,-1,0,0,-1,2021,79.0,2,2,1,0,1,13,1,,4,BOULEVARD VOLTAIRE,0,,2,4,1,1,(1),(1),1,, -1,1,0,1,30,3,8,1,75,75111,2,3,0,6,BOULEVARD VOLTAIRE,48.852158,2.389588,12,2,1
202100000838,200Â 233,A01,1,1,2,1,1,8,-1,-1, -1,-1,2021,30.0,1,2,13,0,1,1,1,,4,RUE SULLY PRUD'HOMME,0,,2,0,0,1,0,0,1,, -1,1,0,8,50,25,12,3,974,97407,2,1,0,7,RUE SULLY PRUD'HOMME,-20.94349,55.31756,23,1,1
202100006810,189Â 604,B01,1,1,2,9,1,8,-1,-1, -1,-1,2021,47.0,2,2,4,2,6,11,1,,2,RN104,0,,3,5,0,1,10,200,1,, -1,1,0,1,90,23,11,1,77,77249,1,1,0,2,RN104,48.7464753991,2.6138538972,12,3,2
202100013511,177Â 577,A01,10,3,2,0,0,-1,-1,4,3,1,2021,18.0,3,2,0,1,1,1,1,,4,MIRAMBEAU (ROUTE DE),0,,2,2,0,1,0,0,1,, -1,1,0,1,30,13,10,5,64,64024,2,1,1,6,Avenue de Maignon,43.48022,-1.50893,7,2,1
202100024005,158Â 731,A01,10,3,1,5,0,-1,-1,2,3,1,2021,21.0,2,2,0,1,1,1,1,,4,GABRIEL PERI                        (AV),0,,2,2,3,1,(1),(1),1,, -1,1,0,1,50,14,8,1,69,69256,2,1,0,6,GABRIEL PERI (AV),45.7714993485,4.9086919427,8,2,1
202100051889,108Â 951,A01,1,1,1,0,2,8,-1,-1, -1,-1,2021,29.0,1,1,1,0,1,13,1,,4,REMPART (RUE DU),0,,2,2,0,1,0,0,1,, -1,2,0,1,50,9,2,5,67,67482,2,1,0,6,REMPART (RUE DU),48.588544,7.733164,18,1,1
202100011875,180Â 496,B01,1,1,1,0,1,0,-1,-1, -1,-1,2021,32.0,1,2,0,2,1,1,1,,4,GENERAL DE GAULLE (RUE DU),0,,2,2,0,1,0,0,1,, -1,2,0,1,50,21,10,1,93,93047,2,2,1,3,Rue du GÃ©nÃ©ral de Gaulle / Avenue Daniel PerdrigÃ©,48.89938,2.559524,15,2,2
202100036623,136Â 246,B01,1,1,1,1,1,-1,-1,-1,0,-1,2021,37.0,0,2,0,2,3,1,1,,4,NOUVELLE METAIRIE  ALLEE DE LA,0,,-1,2,0,2,(1),(1),3,, -1,1,0,1,50,2,6,1,29,29232,2,1,0,1,Allee de la Nouvelle Metairie,48.0130520361,-4.0976545914,8,2,2
202100029898,148Â 359,A01,1,1,2,0,2,-1,-1,0,0,-1,2021,33.0,1,1,12,0,1,1,6,,4,,0,,2,2,0,1,4,3,1,, -1,1,0,4,50,9,7,5,987,98715,2,1,0,6,PK 4.3 RT1 devant la gendarmerie,-17.584522,-149.568578,0,1,1
202100001968,198Â 285,A01,1,1,2,5,1,-1,-1,0,0,-1,2021,76.0,1,2,0,0,7,15,1,,3,516,0,,2,2,0,1,(1),(1),1,, -1,1,0,1,50,23,12,1,14,14663,2,3,0,3,Route d Arromanches,49.28784,-0.691549,13,2,2
202100008884,185Â 861,A01,1,1,1,1,0,-1,-1,0,0,-1,2021,51.0,2,2,6,0,3,1,1,,3,3,0,,2,2,0,1,43,500,3,, -1,1,0,1,50,9,11,2,9,9285,2,1,0,6,D3,42.860043,1.198282,7,1,1
202100041456,127Â 505,B01,1,1,1,5,0,-1,-1,0,0,-1,2021,63.0,3,1,0,2,4,15,5,,3,111,-1,D,2,2,0,1,1,150,1,, -1,1,0,1,-1,2,4,1,7,7201,1,1,0,3,D 111,44.428953,4.331896,13,2,2
202100008166,187Â 124,A01,10,3,2,5,0,-1,-1,6,1,2,2021,76.0,2,2,0,1,2,1,1,,3,75,-1,,2,2,0,1,4,320,1,, -1,1,0,1,50,1,11,2,1,1075,2,1,0,6,D75,46.029148,4.799844,16,2,1
202100026096,155Â 045,A01,1,1,2,0,1,8,-1,-1, -1,-1,2021,46.0,1,2,0,2,1,2,1,,1,10,0,,1,3,0,1,5,449,1,, -1,1,0,1,90,1,8,1,91,91136,1,1,0,4,RD188 PROVINCE / A10 PARIS,48.71456,2.27292,11,4,3
202100045209,120Â 923,B01,2,2,2,0,1,0,-1,-1, -1,-1,2021,49.0,1,5,0,2,4,2,1,,1,AUTOROUTE A1,0,,2,4,0,1,6,0,1,, -1,1,0,1,90,3,4,1,972,97213,2,1,0,2,AUTOROUTE A1,14.60356,-61.00207,12,4,2
202100002387,197Â 516,A01,1,1,1,0,2,8,-1,-1, -1,-1,2021,22.0,2,1,0,2,1,2,1,,2,VOIE RAPIDE URBAINE,0,,3,7,0,1,4,30,1,, -1,1,0,1,90,17,12,3,73,73065,1,1,0,2,RN201,45.5794,5.91559,17,2,2
202100007684,188Â 017,A01,1,1,1,1,2,6,-1,-1, -1,-1,2021,36.0,2,1,0,1,7,21,1,,4,LOUVEAU RUE,0,,2,2,0,1,0,1,1,, -1,1,0,1,50,17,11,5,92,92020,2,1,0,7,LOUVEAU RUE,48.802747,2.294507,17,1,1
202100053669,105Â 803,A01,2,2,1,4,8,-1,-1,0,0,-1,2021,29.0,1,4,3,0,3,1,1,,1,28,0,A,3,2,3,1,116,500,1,, -1,7,0,3,90,25,1,3,72,72024,1,1,1,6,Autoroute 28 - PK 116+500,48.09935,0.168915,3,2,1
202100015622,173Â 751,A01,3,2,1,5,1,0,-1,-1, -1,-1,2021,8.0,1,2,0,2,1,1,1,,2,RTE N113 MARSEILLE A BORBEAUX,0,,3,4,0,1,74,0,1,, -1,1,0,1,110,3,10,3,13,13004,1,1,0,2,RTE N113 MARSEILLE A BORBEAUX,43.65335,4.663711,21,5,2
202100038302,133Â 180,A01,1,2,1,5,2,6,-1,-1, -1,-1,2021,50.0,1,1,0,2,1,1,1,,1,A7-Sens Lyon vers Marseille,0,,1,3,0,1,276,0,1,, -1,1,0,1,90,23,5,1,13,13215,1,1,0,4,A7-Sens Lyon vers Marseille,43.35782,5.3628,17,4,3
202100053842,105Â 507,B01,1,1,1,5,2,6,-1,-1, -1,-1,2021,36.0,0,1,0,2,8,1,1,,4,POMPIDOU (H12 A 14,0,,2,2,0,1,(1),(1),1,, -1,1,0,1,50,23,1,1,34,34003,2,2,0,3,POMPIDOU (H12 A 14,43.3084291006,3.4762130312,14,3,2
202100009930,183Â 943,A01,1,1,1,9,2,6,-1,0,0,-1,2021,36.0,1,1,0,0,3,1,1,,4,RUE DES ARCHIVES,0,,1,1,0,1,(1),(1),1,, -1,2,0,1,30,1,11,5,75,75103,2,2,1,7,RUE DES ARCHIVES,48.861243,2.358209,17,1,1
202100010129,183Â 593,B01,2,2,1,0,2,0,-1,-1, -1,-1,2021,16.0,3,1,0,2,3,2,1,,4,NEGRES MARONS (RUE DES) CITE BONHOMME,0,,1,1,0,1,(1),(1),1,, -1,1,0,1,50,27,10,1,973,97302,2,2,0,3,NEGRES MARONS (RUE DES) CITE BONHOMME,4.9214756076,-52.319385767,12,3,2
202100009018,185Â 595,B01,2,2,1,5,1,-1,-1,0,0,-1,2021,25.0,1,2,0,0,4,1,1,,1,35,-1,,3,4,0,1,106,0,1,, -1,1,0,1,130,6,11,3,68,68118,1,1,1,2,A35 PK 106+000,47.730423,7.427141,2,4,2
202100012950,178Â 588,B01,1,1,1,5,1,-1,-1,0,0,-1,2021,22.0,1,2,0,2,1,1,1,,3,981,0,D,2,2,0,3,27,270,1,, -1,1,0,1,80,16,10,1,58,58280,1,1,0,1,D981,46.846405,3.406786,13,2,2
202100027012,153Â 434,B01,1,1,1,9,2,-1,-1,0,0,-1,2021,35.0,1,1,0,2,1,1,1,,4,,0,,2,2,0,1,(1),(1),1,,4,2,0,1,80,27,7,1,973,97307,1,1,1,1,Chemin MogÃ¨s,4.784908,-52.337757,15,2,2
202100030388,147Â 449,A01,1,1,2,5,8,0,-1,-1, -1,-1,2021,15.0,1,1,0,2,4,1,3,,4,VERDUN   PLACE DE,0,,2,2,0,1,(1),(1),1,, -1,1,0,1,30,6,7,1,17,17300,2,1,0,2,VERDUN   PLACE DE,46.16242,-1.15249,16,2,2
202100035256,138Â 682,A01,2,2,1,0,1,0,-1,0,0,-1,2021,75.0,1,2,0,2,8,1,1,,7,SOIXANTE NEUVIEME R.I. (AVENUE DU),0,,1,1,0,1,(1),(1),3,, -1,1,9,1,50,9,6,1,54,54184,1,2,0,3,SOIXANTE NEUVIEME R.I. (AVENUE DU),48.7122736653,6.2482729554,9,3,2
202100043702,123Â 571,A01,1,1,1,5,0,-1,-1,0,0,-1,2021,33.0,3,1,5,0,1,25,1,,4,0,0,A,-1,1,3,1,(1),(1),1,, -1,1,6,1,5,17,4,1,95,95351,2,1,0,6,Rue Jean Monnet,49.0498895326,2.4917490141,20,2,1
202100052506,107Â 867,A01,1,1,1,3,8,-1,-1,0,0,-1,2021,21.0,1,2,8,0,2,1,1,,3,86,0,,2,2,0,2,129,900,3,, -1,1,0,1,70,6,2,2,7,7264,1,1,0,6,RD 86,44.33691,4.641799,7,1,1
202100039908,130Â 255,A01,1,1,1,5,2,0,-1,-1, -1,-1,2021,16.0,2,1,0,2,1,1,1,,4,JULES GUESDE                        (AV),0,,2,2,0,1,(1),(1),1,, -1,1,0,1,50,14,5,1,69,69259,2,1,0,2,JULES GUESDE (AV),45.71447,4.88818,14,2,2
202100052113,108Â 559,A01,10,3,1,5,0,-1,-1,3,1,1,2021,75.0,2,2,0,1,1,26,1,,7,FRONT DE MER (BOULEVARD),0,,2,2,1,1,12,400,1,, -1,1,9,1,50,7,2,1,83,83069,2,1,0,6,FRONT DE MER (BOULEVARD),43.10716,6.17771,11,2,1
202100028946,149Â 986,A01,1,1,1,0,8,0,-1,-1, -1,-1,2021,21.0,2,2,0,2,1,26,1,,1,A13,0,,1,2,0,1,15,0,1,, -1,1,0,1,110,11,7,1,78,78455,1,1,0,6,A13,48.850362,2.068434,20,4,1