Num_Acc,id_vehicule,num_veh,place,catu,sexe,trajet,secu1,secu2,secu3,locp,actp,etatp,year_acc,victim_age,senc,catv,obs,obsm,choc,manv,motor,occutc,catr,voie,v1,v2,circ,nbv,vosp,prof,pr,pr1,plan,lartpc,larrout,surf,infra,situ,vma,jour,mois,lum,dep,com,agg_,int,atm,col,adr,lat,long,hour,nb_victim,nb_vehicules
202100014926,175Â 033,A01,1,1,1,1,1,4,-1,-1,0,-1,2021,37.0,2,2,4,0,1,1,1,,1,AUTOROUTE A115,0,,1,2,0,4,1,0,3,, -1,2,0,1,50,5,10,3,95,95582,1,1,1,6, A115,48.97465,2.24234,22,1,1
202100032337,143Â 956,A01,1,1,1,1,1,0,-1,-1, -1,-1,2021,27.0,2,2,1,0,3,5,1,,3,MAURICE BERTEAUX (AV),0,,3,2,0,1,1,0,1,, -1,1,0,1,30,22,6,5,94,94059,2,1,0,6,Avenue Maurice Berteaux,48.81398,2.56537,4,1,1
202100012458,179Â 437,A01,1,1,1,0,2,0,-1,-1, -1,-1,2021,24.0,1,1,8,0,9,0,1,,4,MARECHAL GALLIENI (BOULEVARD),0,,-1,4,0,1,0,0,1,, -1,1,0,4,50,17,10,5,21,21231,2,1,0,6,MARECHAL GALLIENI (BOULEVARD),47.33974,5.0398,5,1,1
202100049055,114Â 072,A01,1,1,1,0,2,0,-1,-1, -1,-1,2021,50.0,1,1,10,0,7,26,1,,3,RD 41 (ROCADE),0,,3,4,0,2,6,0,3,, -1,1,0,1,60,4,3,3,972,97209,1,1,0,6,RD 41 (ROCADE),14.60652,-61.08733,0,1,1
202100027383,152Â 769,A01,10,3,2,9,0,-1,-1,2,3,1,2021,61.0,2,0,0,1,3,1,3,,4,RUE LETORT,0,,1,1,0,1,(1),(1),1,, -1,1,0,1,50,23,7,1,75,75118,2,1,0,6,RUE LETORT,48.897064,2.344057,19,2,1
202100000676,200Â 505,B01,1,1,1,9,2,6,-1,-1, -1,-1,2021,34.0,1,1,0,2,1,1,1,,4,JEAN JACQUES PRAT BOULEVARD,0,,2,2,0,1,0,0,1,, -1,1,0,1,50,10,6,5,13,13047,2,1,0,1,JEAN JACQUES PRAT BOULEVARD,43.513,4.98796,23,2,2
202100017327,170Â 678,A01,10,3,1,5,0,-1,-1,1,1,1,2021,19.0,2,2,0,1,2,1,1,,3,674,0,D,2,2,0,1,19,773,1,, -1,2,0,1,80,26,9,3,33,33393,1,1,1,6,Route de Coutras,45.002179,-0.183635,1,2,1
202100047950,116Â 027,A01,1,1,1,0,2,8,-1,-1, -1,-1,2021,41.0,2,1,0,2,1,1,1,,4,VOLTAIRE (BOULEVARD),0,,2,2,0,1,0,0,1,, -1,1,0,1,50,10,3,1,13,13070,2,1,0,3,VOLTAIRE (BOULEVARD),43.2812654525,5.5176026163,13,2,2
202100014719,175Â 404,A01,1,1,1,3,1,-1,-1,0,0,-1,2021,47.0,2,2,0,0,0,1,1,,3,114,0,D,2,2,0,1,24,200,1,, -1,2,0,3,80,15,7,1,59,59518,1,1,1,6,Rue de Bermerain,50.258824,3.581658,19,1,1
202100003789,194Â 986,B01,1,1,1,5,0,-1,-1,0,0,-1,2021,62.0,2,1,0,9,1,1,5,,2,,2,,2,2,0,1,20,900,2,, -1,9,0,3,50,1,12,1,987,98733,2,1,0,1,Pk 20+900 RT1,-17.7008788078,-149.5838749409,17,2,2
202100022794,160Â 860,A01,10,3,1,3,0,-1,-1,9,9,1,2021,78.0,2,5,0,1,4,4,1,,4,MARCEAU (RUE),0,,2,1,3,2,(1),(1),1,, -1,1,0,8,10,20,8,1,78,78311,2,1,0,6,MARCEAU (RUE),48.92515,2.18526,12,2,1
202100023408,159Â 775,A01,2,2,2,5,2,6,-1,0,0,-1,2021,66.0,2,1,0,0,0,15,1,,3,RD 31,0,,2,2,0,1,0,0,2,, -1,3,9,3,80,15,8,1,88,88413,1,4,1,7,RD 31,48.2744,6.89942,16,2,1
202100040961,128Â 401,A01,1,1,1,1,2,6,-1,-1, -1,-1,2021,37.0,2,1,8,2,3,18,1,,3,ALSACE LORRAINE (BD D),0,,1,4,0,2,1,0,1,, -1,1,0,1,50,7,5,1,94,94058,2,1,0,3,Boulevard dâAlsace-Lorraine,48.85034,2.501318,19,3,2
202100038894,132Â 108,A01,10,3,2,2,0,-1,-1,2,3,1,2021,16.0,1,2,0,1,7,1,1,,4,FEYTIAT (RUE DE),0,,2,2,0,1,0,0,1,, -1,1,0,1,50,19,5,1,87,87085,2,1,0,6,FEYTIAT (RUE DE),45.82331,1.28071,10,2,1
202100055802,102Â 121,A01,1,1,1,0,1,-1,-1,-1, -1,-1,2021,21.0,1,2,2,0,1,1,1,,3,218,0,,2,2,1,2,12,480,3,, -1,7,-1,5,70,8,1,1,33,33529,1,1,0,6,BISCAROSSE (AVE) DUNE VERS BISCA,44.572214,-1.220448,12,1,1
202100042013,126Â 523,A01,1,1,2,0,1,0,-1,-1, -1,-1,2021,26.0,2,2,8,0,1,21,1,,4,ESTIENNE D'ORVES (BD D'),0,,3,4,0,1,0,0,2,, -1,1,0,1,70,28,4,1,72,72181,2,1,0,6,ESTIENNE D'ORVES (BD D'),47.98053,0.19149,15,2,2
202100051563,109Â 528,A01,1,1,1,1,2,6,-1,-1, -1,-1,2021,52.0,2,1,0,2,1,3,1,,1,4,0,,-1,3,0,1,8,0,1,, -1,1,0,1,90,12,2,1,94,94017,1,1,0,4,A4,48.830322896,2.4893496496,9,3,3
202100017740,169Â 915,B01,4,2,1,2,1,-1,-1,0,0,-1,2021,13.0,1,3,0,2,3,1,1,17.0,4,,-1,,2,2,0,1,(1),(1),1,, -1,1,0,1,50,21,9,1,56,56024,2,1,0,1,Rue du PrÃ©sident Pompidou,48.058452,-2.689373,17,17,2
202100019543,166Â 699,A01,1,1,2,0,1,-1,-1,0,0,-1,2021,51.0,2,2,3,0,3,0,1,,1,750,-1,A,3,4,0,4,16,450,1,, -1,1,0,1,130,10,9,1,34,34163,1,1,0,6,Montarnaud;Saint-Paul et Valmalle (Embranchement d'autoroute),43.628321,3.698911,8,1,1
202100027867,151Â 902,A01,1,1,1,1,2,0,-1,-1, -1,-1,2021,25.0,2,1,0,2,2,3,1,,1,A13,0,,3,3,0,1,25,399,1,, -1,1,0,1,90,21,7,1,78,78466,1,1,0,3,A13,48.924937,1.998511,7,2,2
202100029205,149Â 551,A01,7,2,1,5,3,-1,-1,0,0,-1,2021,5.0,1,2,8,0,8,1,1,,3,667,-1,,2,2,0,4,7,150,3,, -1,1,0,3,80,10,7,1,47,47014,1,1,0,6,Bois de Lugot,44.547791,0.403077,16,5,1
202100054679,104Â 046,A01,1,1,1,5,2,6,-1,-1, -1,-1,2021,20.0,2,1,0,2,1,18,1,,4,CRS D'ALBRET,0,,2,4,3,1,(1),(1),1,, -1,1,0,1,50,16,1,2,33,33063,2,3,0,3,Cours dâAlbret,44.83723,-0.58116,18,2,2
202100021518,163Â 176,A01,1,1,1,4,2,6,-1,0,0,-1,2021,57.0,2,1,0,2,2,17,1,,3,817,-1,,2,2,0,1,43,800,1,, -1,1,0,1,50,1,9,1,65,65062,2,4,0,1,D817,43.206013,0.121523,17,2,2
202100016364,172Â 383,B01,1,1,1,1,2,7,-1,-1, -1,-1,2021,44.0,2,1,0,2,1,1,1,,3,GABRIEL PERI (AV),0,,1,1,0,1,(1),(1),1,, -1,1,0,1,50,28,9,2,94,94003,2,2,0,3,GABRIEL PERI (AV),48.79993,2.34396,19,2,2
202100036856,135Â 818,A01,1,1,2,4,8,0,-1,-1, -1,-1,2021,37.0,2,1,0,2,1,19,3,,3,STALINGRAD (BD DE),0,,1,2,0,1,1,0,1,, -1,1,0,1,50,2,6,1,94,94022,2,2,0,4,STALINGRAD (BD DE),48.77065,2.40149,12,3,3
202100050604,111Â 235,A01,10,3,2,0,0,-1,-1,5,3,1,2021,30.0,1,2,0,1,2,1,1,,4,"VERSAILLES (AVENUE DE, DU 30, IMPAIR DU",0,,2,2,0,1,0,0,1,, -1,1,0,1,50,22,2,1,93,93032,2,1,0,6,"VERSAILLES (AVENUE DE, DU 30, IMPAIR DU",48.87665,2.54903,9,2,1
202100056182,101Â 467,B01,1,1,1,9,8,0,-1,0,0,-1,2021,32.0,1,1,1,2,2,17,3,,4,BOULEVARD ARAGO,0,,2,2,0,1,(1),(1),1,, -1,2,0,1,50,5,1,2,75,75114,2,1,1,3,BOULEVARD ARAGO,48.8344745109,2.334074378,8,2,2
202100023683,159Â 288,A01,1,1,1,0,8,0,-1,-1, -1,-1,2021,22.0,1,2,7,0,7,14,1,,3,BELLEPERCHE RD 45 (ROUTE DE),0,,2,2,0,1,9,417,2,, -1,1,0,3,70,16,8,3,82,82033,1,3,0,7,Route de Beaumont-de-Lomagne,44.00079,1.12959,23,1,1
202100005843,191Â 346,A01,1,1,1,5,2,0,-1,-1, -1,-1,2021,19.0,2,1,3,0,2,1,1,,2,RN 104,0,,3,7,0,1,31,299,1,, -1,2,3,1,50,28,11,1,91,91553,1,1,0,6,RN 104,48.63223,2.49571,15,1,1
202100013198,178Â 145,A01,1,1,1,1,2,6,-1,-1, -1,-1,2021,24.0,2,1,0,2,2,3,1,,1,A86,0,,2,2,0,1,1,799,1,, -1,1,0,1,90,14,10,1,92,92050,1,1,0,3,A86,48.9144082563,2.2192671027,9,2,2
202100002638,197Â 063,A01,1,1,1,4,2,6,-1,0,0,-1,2021,29.0,2,1,0,2,3,3,1,,4,PORTE DE CLICHY,0,,1,4,0,1,19,700,1,, -1,1,0,1,70,16,12,1,75,75117,2,1,0,5,PORTE DE CLICHY,48.898351,2.314643,8,3,3
202100016457,172Â 210,B01,1,1,2,0,0,-1,-1,0,0,-1,2021,76.0,3,1,0,2,8,0,5,,4,route forestiÃ¨re des pavillons,0,,2,2,0,1,(1),(1),1,, -1,2,0,1,50,27,9,1,78,78551,1,3,0,1,route forestiÃ¨re des pavillons,48.963067,2.114554,17,2,2
202100056466,100Â 970,A01,10,3,1,3,0,-1,-1,6,1,1,2021,14.0,1,2,0,1,2,1,1,,2,2,0,A,2,2,0,2,5,250,3,, -1,1,0,3,50,2,1,1,973,97307,2,1,0,6,Route Nationale 2,4.846664,-52.333481,12,2,1
202100036655,136Â 191,A01,1,1,2,1,0,0,-1,-1, -1,-1,2021,30.0,1,1,0,0,1,26,3,,3,R CHARLES DE GAULLE,0,,2,2,0,2,1,0,1,, -1,1,0,4,50,2,6,1,94,94002,2,1,0,7,Rue Charles de Gaulle,48.81451,2.41213,13,1,1
202100002659,197Â 029,A01,1,1,1,9,1,0,-1,-1, -1,-1,2021,29.0,2,2,0,2,3,1,1,,3,MONTFERMEIL (ALLEE DE),0,,2,3,1,1,0,1,1,, -1,1,0,1,50,15,12,5,93,93014,2,1,0,3,MONTFERMEIL (ALLEE DE),48.8993097826,2.5414466858,23,2,2
202100033635,141Â 644,A01,1,1,2,5,2,0,-1,0,0,-1,2021,64.0,3,1,0,0,0,1,5,,4,BOULEVARD GARIBALDI,0,,3,3,1,1,(1),(1),1,, -1,1,0,5,50,18,6,1,75,75115,2,7,0,7,BOULEVARD GARIBALDI,48.847967,2.30185,10,1,1
202100034790,139Â 526,A01,1,1,1,5,2,0,-1,0,0,-1,2021,37.0,2,1,0,2,2,5,3,,4,PLACE DE LA CONCORDE,0,,1,6,0,1,(1),(1),2,, -1,1,0,1,50,12,6,1,75,75108,2,7,0,1,PLACE DE LA CONCORDE,48.86495,2.32033,16,4,2
202100045629,120Â 175,A01,1,1,1,1,8,0,-1,0,0,-1,2021,30.0,1,1,12,0,1,1,5,,4,BOULEVARD DE L HOPITAL,0,,1,2,3,3,(1),(1),1,, -1,1,0,1,50,1,4,5,75,75113,2,2,0,6,BOULEVARD DE L HOPITAL,48.833172,2.356768,22,1,1
202100011700,180Â 819,A01,1,1,1,5,2,-1,-1,0,0,-1,2021,52.0,2,1,0,2,7,17,1,,3,468,0,D,2,2,0,2,20,600,1,, -1,1,0,1,80,22,10,1,39,39211,1,1,0,3,,46.909303,5.419344,16,3,2
202100026626,154Â 114,A01,3,2,2,0,8,-1,-1,0,0,-1,2021,36.0,0,3,14,0,8,1,1,2.0,4,QUEBEC (RUE DE),0,,2,2,0,1,(1),(1),2,, -1,1,0,1,50,26,7,1,80,80021,2,1,0,6,QUEBEC (RUE DE),49.8694,2.32342,12,2,1
202100030435,147Â 371,A01,1,1,1,0,1,0,-1,-1, -1,-1,2021,31.0,3,2,1,2,1,0,1,,4,"""STRASBOURG, NR 1 A 71 ET 2 A 34""",0,,3,2,0,1,0,0,1,, -1,1,0,1,50,6,7,1,93,93066,2,1,0,3,2-34 Rue de Strasbourg,48.936231,2.363302,12,2,2
202100039080,131Â 779,A01,10,3,1,1,8,8,-1,3,3,1,2021,36.0,3,2,0,1,0,1,1,,4,RUE DENIS PAPIN,0,,2,2,3,1,0,0,1,, -1,2,0,1,50,19,5,5,77,77296,2,1,1,6,RUE DENIS PAPIN,48.61914,2.58114,5,2,1
202100008013,187Â 408,A01,1,1,1,5,2,8,-1,-1, -1,-1,2021,37.0,1,1,0,2,1,7,1,,4,LECLERC (AVENUE DU MARECHAL),0,,3,4,3,1,0,0,1,, -1,1,0,6,50,12,11,5,49,49099,2,6,0,3,LECLERC (AVENUE DU MARECHAL),47.06339,-0.86517,19,2,2
202100052803,107Â 338,A01,10,3,1,2,0,-1,-1,4,3,2,2021,3.0,1,2,0,1,8,1,1,,4,AVENUE DE LA PORTE D ASNIERES,0,,3,3,0,1,(1),(1),1,, -1,1,0,1,50,2,2,5,75,75117,2,2,0,6,AVENUE DE LA PORTE D ASNIERES,48.890125,2.303776,18,2,1
202100002785,196Â 788,B01,1,1,1,5,2,0,-1,0,0,-1,2021,68.0,3,1,0,2,1,1,6,,4,CROISETTE (BOULEVARD DE LA),0,,3,2,0,1,(1),(1),1,, -1,1,0,1,50,15,12,1,6,6029,2,1,0,3,CROISETTE (BOULEVARD DE LA),43.55159,7.01642,10,2,2
202100004143,194Â 340,A01,1,1,1,5,8,-1,-1,0,0,-1,2021,74.0,1,2,0,2,2,15,1,,3,53,-1,,2,2,0,1,7,600,1,, -1,1,0,1,80,9,12,1,42,42162,1,3,0,1,Route de Villemontais,45.999384,3.99942,10,2,2
202100043079,124Â 671,B01,1,1,2,5,0,-1,-1,0,0,-1,2021,9.0,1,1,0,2,1,15,5,,4,,0,,2,2,0,1,(1),(1),1,, -1,1,0,1,50,23,4,1,35,35176,2,9,0,3,Rue Richemont,47.822048,-1.810593,17,2,2
202100052964,107Â 046,A01,1,1,1,1,1,0,-1,-1,0,-1,2021,36.0,1,2,0,0,9,1,1,,3,170,0,,3,7,0,2,1,0,3,, -1,1,0,1,70,30,1,1,95,95582,1,1,0,7,RD 170,48.96416,2.26855,13,1,1
202100028653,150Â 496,B01,1,1,1,5,2,0,-1,0,0,-1,2021,41.0,0,1,0,2,1,1,1,,4,LECLERC GENERAL (AVENUE),0,,2,2,0,1,0,0,1,, -1,1,0,1,50,13,7,5,30,30189,2,1,0,3,LECLERC GENERAL (AVENUE),43.8293,4.3714,22,2,2
202100040144,129Â 840,A01,1,1,1,1,1,-1,-1,-1, -1,-1,2021,27.0,1,2,9,0,1,15,1,,4,PINEL                               (BD),0,,2,2,0,1,(1),(1),1,, -1,1,0,4,50,12,5,1,69,69259,2,2,0,7,PINEL                               (BD),45.7258781313,4.8871189356,7,1,1
202100051963,108Â 823,A01,1,1,1,2,2,-1,-1,0,0,-1,2021,17.0,2,1,0,2,8,1,0,,9,13,0,S,2,2,0,2,1,1,2,, -1,1,0,1,50,11,2,1,6,6150,2,1,0,3,Chemin du Serrier 13,43.743208,7.393531,7,2,2
202100023509,159Â 611,A01,1,1,1,1,2,6,-1,0,0,-1,2021,49.0,2,1,0,6,1,1,1,,3,62,0,D,2,2,0,1,10,630,1,0,"3,8",1,0,1,80,20,8,1,16,16085,1,1,0,6,Route dâYvrac,45.807354,0.452821,6,1,1
202100044304,122Â 471,B01,1,1,1,1,2,6,-1,0,0,-1,2021,41.0,1,1,0,2,4,23,1,,4,RUE ETIENNE MARCEL,0,,2,3,0,1,(1),(1),1,, -1,2,0,1,50,10,4,5,75,75102,2,2,1,2,RUE ETIENNE MARCEL,48.864423,2.346705,21,2,2
202100021323,163Â 538,A01,1,1,1,1,2,6,-1,0,0,-1,2021,44.0,3,1,0,2,1,1,1,,4,,-1,,2,-1,-1,-1,(1),(1),-1,, -1,-1,-1,-1,-1,27,8,1,974,97415,1,4,0,3,Bellemene les Canots,-21.026598,55.307633,16,2,2
202100052482,107Â 909,A01,1,1,1,5,1,-1,-1,0,0,-1,2021,59.0,2,2,13,0,1,15,1,,3,24,-1,,2,2,0,1,2,130,1,, -1,1,0,3,80,5,2,3,39,39437,1,3,0,6,,46.744382,5.784398,20,1,1
202100024887,157Â 171,A01,1,1,2,0,1,-1,-1,0,0,-1,2021,47.0,1,2,0,2,4,2,1,,2,ECHANGEUR NÂ° 16 ( PAYS D ' AUGE ),0,,3,0,0,1,1,0,1,, -1,2,9,1,90,7,8,1,14,14437,1,1,1,4,N814,49.16327,-0.30634,13,6,3
202100008391,186Â 733,A01,9,2,1,5,1,-1,-1,0,0,-1,2021,28.0,1,2,0,0,9,1,1,,1,28,0,,3,4,0,1,174,500,1,, -1,2,0,2,130,13,11,3,61,61301,1,1,1,7,A 28 PK 174+500,48.567999,0.174952,1,4,1
202100054469,104Â 401,A01,10,3,2,1,0,-1,-1,3,3,1,2021,56.0,3,1,0,1,3,3,1,,4,AVENUE DE LA PORTE D ORLEANS,0,,1,2,0,1,(1),(1),1,, -1,2,0,1,50,19,1,2,75,75114,2,2,1,6,AVENUE DE LA PORTE D ORLEANS,48.820375,2.325432,8,2,1
202100041651,127Â 154,B01,2,2,1,0,2,0,-1,-1, -1,-1,2021,23.0,2,1,0,2,8,16,1,,4,FRANCIS DE PRESSENSE                (AV),0,,-1,2,2,1,(1),(1),1,, -1,1,0,1,50,2,5,5,69,69388,2,2,0,3,FRANCIS DE PRESSENSE                (AV),45.72744,4.862,21,3,2
202100045554,120Â 313,A01,1,1,2,3,2,6,-1,-1, -1,-1,2021,21.0,2,1,0,2,2,15,3,,7,LYAUTEY (AVE MARECHAL),0,,1,4,0,1,0,0,2,, -1,1,0,1,50,31,3,1,83,83137,2,4,0,3,FOCH (AVE DU MARECHAL),43.12679,5.92287,13,2,2
202100011186,181Â 735,A01,1,1,1,0,2,8,-1,-1, -1,-1,2021,47.0,2,1,0,2,8,1,1,,1,AUTOROUTE A3,0,,3,6,0,1,5,400,1,, -1,2,0,1,90,25,10,3,93,93064,1,1,1,6,AUTOROUTE A3,48.88485,2.47114,6,1,1
202100005349,192Â 225,Z01,10,3,2,0,8,8,-1,4,3,1,2021,55.0,1,2,0,1,1,26,0,,4,LOUBON (RUE),0,,2,2,0,1,0,0,1,, -1,1,0,1,50,1,12,1,13,13203,2,1,0,1,LOUBON (RUE),43.31127,5.37813,10,2,1
202100028043,151Â 586,B01,1,1,1,5,1,-1,-1,0,0,-1,2021,75.0,3,2,0,2,1,26,1,,4,210,-1,,2,2,0,2,(1),(1),3,, -1,2,0,1,30,21,7,1,977,97701,1,1,1,1,"Route de Flamand, quartier Terre neuve",17.91492,-62.855165,6,3,3
202100032004,144Â 537,A01,2,1,1,0,2,6,-1,-1, -1,-1,2021,37.0,2,1,16,0,7,15,1,,3,PAUL CEZANNE (RUE),0,,1,2,0,1,0,1,2,, -1,1,0,1,50,26,6,5,93,93005,2,1,0,7,Rue Paul CÃ©zanne,48.952983,2.49569,22,1,1
202100035405,138Â 434,A01,2,2,1,1,1,-1,-1,0,0,-1,2021,17.0,1,2,16,0,2,1,1,,4,,-1,,2,2,0,1,(1),(1),1,,4,1,0,3,30,8,6,1,34,34127,2,1,0,6,Chemin de Sommieres,43.66032,4.073519,15,2,1
202100026158,154Â 937,A01,10,3,1,9,0,-1,-1,2,3,1,2021,44.0,3,2,0,2,2,1,1,,4,PLACE DE LA CONCORDE,0,,1,4,0,1,(1),(1),1,, -1,1,0,1,50,31,7,1,75,75108,2,7,0,6,PLACE DE LA CONCORDE,48.86476,2.32058,14,2,1
202100051927,108Â 887,B01,2,2,1,4,8,0,-1,0,0,-1,2021,23.0,2,5,1,2,1,24,1,,4,RUE DU FAUBOURG SAINT ANTOINE,0,,2,4,2,2,(1),(1),1,, -1,5,0,1,50,10,2,1,75,75111,2,1,1,2,RUE DU FAUBOURG SAINT ANTOINE,48.849886,2.3860341,12,2,2
202100023203,160Â 146,A01,2,2,2,5,2,-1,-1,0,0,-1,2021,61.0,1,1,0,2,1,5,1,,3,614,0,,2,2,0,2,4,400,2,, -1,1,0,1,80,20,8,1,66,66164,1,9,0,1,D614,42.7545471362,2.8657086566,17,3,2
202100036420,136Â 604,A01,1,1,1,9,8,0,-1,-1, -1,-1,2021,15.0,1,1,0,0,3,26,1,,4,MONPLAISIR BOULEVARD,0,,2,2,0,1,1,0,1,, -1,2,0,1,50,4,6,1,49,49007,2,1,0,7,MONPLAISIR BOULEVARD,47.487,-0.5152,19,1,1
202100034334,140Â 362,A01,1,1,2,9,2,0,-1,-1, -1,-1,2021,23.0,1,1,0,2,3,5,1,,4,CHAMPAGNE (RUE),0,,2,2,1,1,0,0,1,, -1,1,0,5,30,14,6,1,92,92023,2,1,0,1,CHAMPAGNE (RUE),48.786009689,2.248467654,20,2,2
202100052385,108Â 074,A01,10,3,2,3,0,-1,-1,9,A,1,2021,41.0,2,2,0,1,2,15,1,,2,HIBISCUS,0,,-1,1,0,1,(1),(1),1,, -1,1,9,1,30,5,2,1,971,97101,2,9,0,6,HIBISCUS,16.25113,-61.5277,11,2,1
202100039746,130Â 538,B01,1,1,2,5,1,-1,-1,0,0,-1,2021,59.0,3,2,0,2,1,9,1,,3,,-1,,2,2,0,1,6,100,1,,4,1,5,1,70,16,5,1,29,29165,1,3,0,3,D102 - Lieu dit Pont Plat,47.808354,-4.225549,17,2,2
202100019454,166Â 863,A01,1,1,1,5,8,-1,-1,0,0,-1,2021,18.0,0,1,6,0,0,0,1,,3,,-1,,2,2,0,1,(1),(1),1,, -1,1,0,4,-1,28,5,3,38,38501,2,1,0,1,impasse des cascades,45.300885,5.950454,22,1,1
202100018896,167Â 868,A01,2,2,2,1,1,0,-1,-1, -1,-1,2021,26.0,1,2,3,0,1,1,1,,2,RN104,0,,-1,4,0,1,0,600,2,, -1,2,2,1,90,15,9,1,77,77169,1,1,1,6,RN104,48.8246280227,2.6155684851,9,2,1
202100044043,122Â 951,A01,1,1,1,1,2,0,-1,0,0,-1,2021,37.0,1,1,0,2,1,17,1,,4,RUE DE BAGNOLET,0,,2,3,0,1,(1),(1),1,, -1,1,0,1,50,14,4,2,75,75120,2,3,0,1,RUE DE BAGNOLET,48.8637345534,2.4076828934,19,4,2
202100032635,143Â 431,B01,1,1,2,0,1,0,-1,-1, -1,-1,2021,33.0,2,2,0,2,1,2,1,,2,LITTORAL (ROUTE 1 DU),0,,1,2,0,1,(1),(1),1,, -1,1,1,1,50,22,6,1,974,97411,1,1,0,2,LITTORAL (ROUTE 1 DU),-20.87601,55.43302,10,2,2
202100026403,154Â 499,B01,1,1,2,0,1,0,-1,-1, -1,-1,2021,35.0,1,2,0,2,1,2,1,,1,A50-Sens Marseille vers Aubagne,0,,1,2,0,2,2,799,1,, -1,1,0,1,50,30,7,1,13,13210,1,1,0,2,A50-Sens Marseille vers Aubagne,43.28496,5.42418,15,2,2
202100022430,161Â 546,B01,1,1,2,0,1,0,-1,-1, -1,-1,2021,73.0,2,2,0,2,3,19,1,,3,RD 955,0,,2,2,0,1,92,300,1,, -1,2,0,1,70,23,8,1,57,57344,1,3,0,3,RD 955,48.72389,7.01968,14,3,2
202100006787,189Â 655,B01,1,1,1,1,1,0,-1,-1, -1,-1,2021,19.0,1,2,0,2,1,2,1,,1,A7-Sens Marseille vers Lyon,0,,1,3,0,2,278,0,3,, -1,1,0,1,90,23,11,3,13,13215,1,1,0,4,A7-Sens Marseille vers Lyon,43.3428121566,5.3763828276,17,4,4
202100021231,163Â 707,B01,1,1,1,4,2,-1,-1,-1, -1,-1,2021,24.0,3,1,0,2,1,1,1,,4,GRAVILLE (BD DE),0,,2,2,0,1,0,0,1,, -1,1,0,1,50,1,9,2,76,76351,2,2,0,3,GRAVILLE (BD DE),49.49556,0.14713,8,3,2
202100022828,160Â 806,B01,4,2,1,0,1,8,-1,-1, -1,-1,2021,9.0,0,2,0,2,7,11,1,,3,REPUBLIQUE (AVENUE),0,,2,4,0,1,0,0,1,, -1,1,4,1,50,23,8,5,93,93031,2,3,0,3,REPUBLIQUE (AVENUE),48.948,2.33864,22,5,2
202100043412,124Â 066,B01,1,1,2,0,1,8,-1,-1, -1,-1,2021,36.0,2,2,1,2,8,1,1,,4,CATAYEE (JUSTIN),0,,-1,1,0,1,(1),(1),1,, -1,1,0,1,50,19,4,1,973,97302,2,2,0,6,CATAYEE (JUSTIN),4.9422596619,-52.331285784,8,3,3
202100038486,132Â 850,C01,1,1,2,0,1,0,-1,-1, -1,-1,2021,21.0,1,2,0,2,1,2,1,,1,A50-Sens Marseille vers Aubagne,0,,3,3,0,1,2,800,1,, -1,1,0,1,90,25,5,1,13,13211,1,1,0,5,A50-Sens Marseille vers Aubagne,43.285011,5.424381,8,5,5
202100043218,124Â 406,B01,1,1,1,1,2,0,-1,-1, -1,-1,2021,47.0,3,1,0,2,7,1,5,,3,13,0,,1,3,1,2,0,0,1,, -1,1,0,5,50,21,4,1,92,92026,2,2,0,3,CIRCULAIRE (BOULEVARD),48.8908743007,2.2476415336,19,2,2
202100006556,190Â 081,A01,1,1,1,4,2,0,-1,-1, -1,-1,2021,47.0,1,1,0,2,0,21,1,,4,mamoudzou centre-Haladi Selemani ( rue ),0,,2,4,0,1,0,0,1,, -1,1,0,1,30,22,11,1,976,97611,2,4,0,7,mamoudzou centre-Haladi Selemani ( rue ),-12.77986,45.22859,10,2,2
202100015568,173Â 859,B01,1,1,1,0,2,6,-1,-1, -1,-1,2021,71.0,0,1,0,0,4,1,1,,4,ANTIBES (AVENUE D'),0,,4,2,0,1,(1),(1),2,, -1,1,0,1,50,1,10,1,45,45004,2,6,0,3,Avenue dâAntibes,47.9785466685,2.7331495285,13,2,2
202100045204,120Â 935,A01,10,3,2,3,0,-1,-1,6,1,1,2021,65.0,1,2,0,1,7,1,1,,4,COUBERTIN ( BD PIERRE DE ),0,,-1,2,2,1,(1),(1),1,, -1,1,0,8,30,17,3,1,44,44109,2,9,0,6,COUBERTIN ( BD PIERRE DE ),47.2282575444,-1.5870019198,11,2,1
202100054915,103Â 651,A01,1,1,2,1,1,8,-1,-1, -1,-1,2021,24.0,1,2,6,4,3,19,1,,4,,0,,2,2,0,1,(1),(1),4,, -1,2,4,8,50,15,1,1,1,1289,1,8,1,3,MONTERNOZ ( CHEMIN DE) IMPAIR,46.16646,5.20193,14,2,2
202100004966,192Â 913,A01,1,1,1,9,1,-1,-1,0,0,-1,2021,75.0,1,2,6,0,1,1,2,,3,4,-1,,2,2,0,1,1,139,1,, -1,1,2,3,80,30,11,1,31,31517,1,1,1,6,131 avenue des pyrÃ©nÃ©es,43.320323,1.322796,15,1,1
202100005873,191Â 293,A01,10,3,2,0,0,-1,-1,2,3,1,2021,34.0,2,2,0,1,3,1,1,,4,MADELEINE (DE LA)                   (R ),0,,2,2,2,1,(1),(1),1,, -1,1,0,1,50,26,11,5,69,69387,2,9,0,6,MADELEINE (DE LA) (R),45.7460892125,4.8480176926,17,2,1