Num_Acc,id_vehicule,num_veh,place,catu,sexe,trajet,secu1,secu2,secu3,locp,actp,etatp,year_acc,victim_age,senc,catv,obs,obsm,choc,manv,motor,occutc,catr,voie,v1,v2,circ,nbv,vosp,prof,pr,pr1,plan,lartpc,larrout,surf,infra,situ,vma,jour,mois,lum,dep,com,agg_,int,atm,col,adr,lat,long,hour,nb_victim,nb_vehicules
202100013087,178Â 349,B01,2,2,2,0,2,-1,-1,-1, -1,-1,2021,51.0,3,1,0,2,7,1,1,,4,AVE D'EYSINES CAUD,0,,2,2,0,1,(1),(1),1,, -1,1,0,1,30,15,10,1,33,33063,2,2,0,3,Avenue d'Eysines,44.8581,-0.60518,12,3,2
202100026169,154Â 921,B01,1,1,1,0,2,0,-1,-1, -1,-1,2021,57.0,1,1,0,2,3,1,1,,3,920,0,,2,4,0,1,0,0,1,, -1,1,0,1,50,31,7,1,92,92002,2,1,0,3,RAYMON ARON (AVENUE),48.76759,2.31064,18,2,2
202100008028,187Â 381,B01,1,1,1,1,0,-1,-1,-1, -1,-1,2021,22.0,1,1,0,2,0,1,5,,4,BD DU PDT FRANKLIN ROOSEVELT,0,,2,4,0,2,(1),(1),1,, -1,1,1,1,50,11,11,1,33,33522,2,1,0,6,Boulevard du PrÃ©sident Franklin Roosevelt,44.8206,-0.58192,9,2,2
202100006508,190Â 169,A01,1,1,1,1,2,6,-1,0,0,-1,2021,19.0,1,1,6,0,2,1,1,,3,,0,,2,2,0,1,0,171,1,, -1,1,0,1,50,29,10,1,50,50394,2,1,0,6,Rue des Forges,49.188309,-1.410075,12,1,1
202100040731,128Â 802,A01,10,3,2,1,0,-1,-1,8,9,3,2021,56.0,0,2,6,0,1,13,1,,3,JAURES(AVENUE JEAN),0,,2,2,0,1,0,558,3,, -1,1,0,3,50,8,5,1,77,77152,2,1,0,6,JAURES(AVENUE JEAN),48.5264,2.64594,17,3,1
202100018847,167Â 955,B01,1,1,2,5,1,-1,-1,0,0,-1,2021,23.0,3,2,0,2,2,1,1,,4,,-1,,2,2,0,1,(1),(1),1,,5,1,0,1,50,15,9,1,29,29072,2,3,0,1,Rue de Kermeur,47.8031210243,-4.2831309229,17,2,2
202100028499,150Â 772,A01,1,1,1,1,2,0,-1,0,0,-1,2021,28.0,1,1,0,2,2,5,1,,4,AVENUE DU MAINE,0,,2,5,0,1,(1),(1),1,, -1,1,0,1,50,17,7,1,75,75114,2,4,0,3,AVENUE DU MAINE,48.832382,2.325031,21,2,2
202100004453,193Â 806,A01,1,1,1,5,1,-1,-1,0,0,-1,2021,41.0,3,2,13,0,1,13,1,,3,384,0,D,2,2,0,2,(1),(1),1,, -1,2,0,3,80,6,12,3,40,40273,1,1,1,6,Route du SÃ©quÃ©,43.518634,-1.395674,22,1,1
202100020043,165Â 801,A01,10,3,1,0,0,-1,-1,2,3,1,2021,74.0,2,2,0,1,1,15,1,,7,GRANDE RUE                          (GR),0,,2,2,0,2,2,800,1,, -1,1,0,1,50,8,9,1,69,69149,2,3,0,6,GRANDE RUE (GR),45.71215,4.80291,18,2,1
202100035704,137Â 892,A01,1,1,1,0,2,0,-1,0,0,-1,2021,28.0,1,1,1,0,1,26,1,,4,NELATON (RUE),0,,2,2,0,1,(1),(1),1,, -1,1,0,1,50,7,6,1,63,63113,2,1,0,6,NELATON (RUE),45.76007,3.09758,19,1,1
202100030863,146Â 593,A01,1,1,1,9,2,6,-1,0,0,-1,2021,70.0,1,1,0,2,1,1,1,,4,RUE DE GRENELLE,0,,1,1,0,1,(1),(1),1,, -1,2,0,1,50,3,7,1,75,75107,2,2,1,3,RUE DE GRENELLE,48.854996,2.32457,10,2,2
202100037949,133Â 831,A01,1,1,2,0,1,0,-1,-1, -1,-1,2021,29.0,1,2,0,2,3,21,1,,1,AUTOROUTE A1,0,,3,8,0,1,9,199,1,, -1,1,2,1,110,28,5,1,93,93007,1,1,0,5,AUTOROUTE A1,48.94459,2.4383,14,3,3
202100041145,128Â 059,B01,1,1,1,4,8,0,-1,0,0,-1,2021,32.0,1,1,0,2,1,18,5,,4,RUE DE CHARENTON,0,,1,1,0,1,(1),(1),1,, -1,2,0,1,30,6,5,1,75,75112,2,1,1,3,RUE DE CHARENTON,48.851328,2.372306,10,3,2
202100045172,120Â 988,A01,1,1,1,5,2,6,-1,0,0,-1,2021,21.0,1,1,0,0,0,1,1,,3,958,0,D,2,2,0,2,2,20,2,, -1,1,2,1,50,4,4,1,61,61464,1,1,0,7,D958,48.617853,0.151598,15,1,1
202100020504,164Â 984,B01,1,1,2,9,8,0,-1,-1, -1,-1,2021,22.0,1,1,0,2,1,1,3,,4,,0,,2,2,1,1,(1),(1),1,, -1,1,0,1,50,6,9,2,66,66136,2,1,0,3,ABBE PIERRE,42.6907826186,2.8747966996,7,2,2
202100017359,170Â 613,A01,1,1,1,1,1,4,-1,-1, -1,-1,2021,33.0,1,2,3,2,4,1,1,,1,AUTOROUTE A10,0,,1,3,0,1,2,500,1,, -1,1,0,1,110,25,9,3,91,91377,1,1,0,2,AUTOROUTE A10,48.72353,2.29778,5,2,2
202100007100,189Â 077,A01,1,1,1,5,0,-1,-1,0,0,-1,2021,36.0,2,2,2,0,1,1,1,,4,,-1,D,2,2,0,1,(1),(1),1,, -1,1,0,3,80,16,11,3,33,33449,1,1,0,6,Avenue du Temple ,44.894978,-0.800071,22,1,1
202100031944,144Â 643,A01,1,1,1,0,2,0,-1,-1, -1,-1,2021,38.0,1,1,0,2,1,3,1,,1,AUTOROUTE A86,0,,1,6,0,1,25,700,2,, -1,1,0,1,90,28,6,1,93,93064,1,1,0,3,AUTOROUTE A86,48.8856249893,2.4728677971,8,2,2
202100036224,136Â 939,A01,1,1,2,4,2,6,-1,-1,0,-1,2021,32.0,3,1,0,2,5,1,1,,4,DEPART (RUE DU),0,,2,2,0,1,(1),(1),1,, -1,1,0,1,50,2,6,1,95,95210,2,3,0,3,DEPART (RUE DU),48.973648,2.306287,13,2,2
202100010092,183Â 666,A01,1,1,1,5,1,-1,-1,0,0,-1,2021,20.0,1,2,6,0,9,1,1,,3,26,-1,,2,2,0,1,46,0,1,, -1,2,0,8,50,1,11,3,52,52529,2,1,1,6,D26,47.739742,5.285583,5,4,1
202100009318,185Â 049,A01,2,1,1,9,2,8,-1,-1, -1,-1,2021,16.0,3,1,0,0,0,0,6,,4,,0,,1,1,0,1,0,0,1,, -1,1,0,8,50,5,11,1,92,92026,2,1,0,7,Rue de lâIndustrie,48.8919693807,2.2565585375,13,1,1
202100039454,131Â 086,B01,1,1,1,5,2,0,-1,-1, -1,-1,2021,27.0,1,1,0,2,1,2,1,,4,AURIOL (JACQUELINE),0,,2,2,0,1,(1),(1),1,, -1,1,0,1,50,18,5,1,35,35281,2,1,0,2,AURIOL (JACQUELINE),48.0749,-1.7169,17,2,2
202100032610,143Â 486,A01,1,1,1,5,1,-1,-1,0,0,-1,2021,40.0,2,2,0,2,7,1,1,,3,37,0,D,2,2,0,1,5,700,1,, -1,1,0,1,90,24,6,1,72,72025,1,1,0,3,Le Petit Bel Air (CrÃ©-sur-Loir),47.645018,-0.120548,20,3,2
202100050101,112Â 183,A01,1,1,2,5,1,-1,-1,0,0,-1,2021,26.0,2,2,6,2,1,13,1,,2,83,-1,,2,2,0,2,65,610,3,, -1,1,0,1,80,24,2,1,39,39434,1,1,0,1,,46.850829,5.709844,17,2,2
202100003419,195Â 645,A01,1,1,2,3,1,-1,-1,-1, -1,-1,2021,82.0,2,2,0,2,1,1,1,,3,MOROS( PONT DU),0,,2,3,0,1,32,400,1,, -1,2,0,1,70,10,12,5,29,29039,1,3,0,2,D783 - Pont du Moros,47.8787299999,-3.90314,18,3,2
202100052840,107Â 271,B01,1,1,1,1,1,-1,-1,0,0,-1,2021,41.0,1,2,0,2,3,0,1,,3,54,0,,2,2,0,1,8,49,1,, -1,1,0,1,80,2,2,1,77,77095,1,1,0,1,D54,48.959384,2.748642,15,2,2
202100045032,121Â 231,B01,1,1,1,5,2,0,-1,-1, -1,-1,2021,31.0,1,1,0,2,1,1,1,,4,SAKAKINI (BOULEVARD),0,,2,4,0,1,(1),(1),1,, -1,1,0,1,50,5,4,1,13,13205,2,1,0,3,SAKAKINI (BOULEVARD),43.295557,5.400517,11,2,2
202100027856,151Â 927,A01,1,1,2,3,1,-1,-1,0,0,-1,2021,49.0,1,2,2,0,7,14,1,,3,7,-1,,3,4,0,1,30,0,1,, -1,1,0,3,110,21,7,1,22,22178,1,1,0,7,La TrinitÃ© - RD 7,48.693077017,-3.0196558977,15,1,1
202100040826,128Â 653,A01,1,1,1,5,2,6,-1,0,0,-1,2021,35.0,2,1,0,9,9,1,1,,3,1,-1,D,2,2,0,1,26,250,1,, -1,1,0,3,80,8,5,1,30,30344,1,1,0,7,D1,43.745565,4.209062,17,1,1
202100027632,152Â 329,A01,1,1,1,1,1,-1,-1,0,0,-1,2021,46.0,2,2,0,2,8,13,1,,3,976,-1,,2,2,0,1,39,500,1,, -1,1,0,1,80,23,7,1,50,50168,1,1,0,5,976 PK 39+500,48.616952,-1.274232,8,4,3
202100032931,142Â 898,A01,10,3,1,9,0,-1,-1,3,3,3,2021,12.0,1,2,0,1,1,1,1,,3,BOISSIERE (BOULEVARD DE LA),0,,2,2,0,1,1,0,1,, -1,2,0,1,50,22,6,1,93,93048,2,1,1,6,Boulevard de la BoissiÃ¨re,48.877697,2.459917,14,2,1
202100039645,130Â 725,A01,2,2,1,5,1,-1,-1,0,0,-1,2021,22.0,2,2,16,0,2,1,1,,3,33,-1,,2,2,0,2,10,950,1,, -1,1,0,3,-1,18,5,1,72,72224,1,1,0,7,La Maison Rouge,48.027289,0.491531,9,2,1
202100047900,116Â 114,B01,1,1,1,0,8,0,-1,-1, -1,-1,2021,30.0,2,2,0,2,3,16,1,,4,CHARLES DE GAULLE                   (QU),0,,1,3,1,1,(1),(1),3,, -1,2,0,1,50,15,3,5,69,69386,2,9,1,3,CHARLES DE GAULLE (Q),45.78297,4.84827,21,2,2
202100018390,168Â 751,B01,1,1,2,4,1,-1,-1,0,0,-1,2021,51.0,2,2,0,2,4,15,1,,3,VILLAROBERT ( RUE DE ),0,,2,2,0,1,0,400,1,, -1,2,0,1,50,16,9,1,5,5061,2,1,1,2,VILLAROBERT ( RUE DE ),44.572091,6.086675,8,2,2
202100006962,189Â 320,A01,1,1,1,3,1,-1,-1,0,0,-1,2021,20.0,2,2,13,0,7,1,1,,3,213,-1,,2,2,0,1,1,157,1,, -1,2,0,3,80,21,11,3,72,72226,1,1,1,7,D213 - Lieu dit Chateau Gaillard,47.8198,0.111,19,3,1
202100036141,137Â 083,A01,10,3,1,5,0,-1,-1,6,B,3,2021,35.0,3,4,0,1,0,1,1,,4,1,-1,,2,2,0,1,(1),(1),1,, -1,1,0,1,80,6,6,3,35,35078,1,1,0,6,les beaux bois,48.599026,-1.698385,2,2,1
202100036263,136Â 860,A01,1,1,1,5,8,0,-1,0,0,-1,2021,30.0,3,2,0,2,2,13,0,,4,ECHANGEUR BERCY,0,,1,2,3,1,(1),(1),3,, -1,1,0,1,50,3,6,1,75,75112,2,4,0,5,ECHANGEUR BERCY,48.827929,2.389531,14,6,3
202100046289,119Â 037,A01,1,1,1,5,2,6,9,0,0,-1,2021,22.0,1,1,0,0,0,1,1,,3,988,-1,,2,2,0,2,12,500,4,, -1,1,0,1,80,28,3,1,8,8284,1,1,0,7,D988,49.914839,4.647861,18,1,1
202100039260,131Â 431,B01,1,1,2,1,1,0,-1,-1, -1,-1,2021,28.0,0,0,0,0,0,0,0,,4,,0,,1,3,3,1,(1),(1),1,, -1,2,0,1,50,19,5,1,69,69384,2,1,0,4,BIRMINGHAM (DE)                     (AV),45.77456,4.81342,16,6,3
202100053599,105Â 912,A01,10,3,1,0,0,-1,-1,3,3,1,2021,15.0,1,2,0,1,1,1,1,,4,CICOTTEES (RUE DES),0,,2,2,0,1,(1),(1),1,, -1,1,0,1,50,26,1,2,37,37208,2,3,0,6,CICOTTEES (RUE DES),47.346493808,0.728408441,8,2,1
202100012255,179Â 819,A01,10,3,2,1,0,-1,-1,3,3,1,2021,41.0,2,2,0,1,3,26,1,,3,MAURICE THOREZ (AV),0,,1,2,0,1,0,0,1,, -1,1,0,1,30,19,10,1,94,94041,2,1,0,6,Avenue Maurice Thorez,48.81596,2.37718,12,2,1
202100005020,192Â 812,A01,1,1,2,9,1,-1,-1,0,0,-1,2021,52.0,1,2,0,2,1,13,1,,2,ABADIE (Avenue FranÃ§ois),0,,2,3,0,1,38,357,1,, -1,1,0,1,50,16,8,1,65,65286,2,1,0,1,ABADIE (Avenue FranÃ§ois),43.11253,-0.03557,10,2,2
202100030920,146Â 491,B01,2,2,2,5,2,6,-1,0,0,-1,2021,50.0,1,1,0,2,1,1,1,,3,952,-1,,2,2,0,1,51,720,1,, -1,1,0,1,80,4,7,1,4,4135,1,1,0,3,RD 952,43.850877,6.173962,17,4,2
202100016667,171Â 836,B01,2,2,2,0,2,6,-1,-1, -1,-1,2021,44.0,2,1,0,2,1,2,1,,3,D117A,0,,1,1,0,1,0,1,2,, -1,1,9,1,80,24,9,1,1,1451,1,6,0,3,D117A,46.23327,5.20034,18,3,2
202100018587,168Â 410,A01,1,1,1,0,1,8,-1,-1, -1,-1,2021,38.0,-1,2,0,2,1,0,0,,3,BELFORT(FAUBOURG DE),0,,-1,2,2,1,6,600,1,, -1,1,0,8,50,15,9,1,70,70285,2,1,0,2,BELFORT(FAUBOURG DE),47.58383,6.77519,18,4,2
202100001870,198Â 451,A01,1,1,1,4,2,0,-1,-1, -1,-1,2021,21.0,1,1,0,2,1,26,3,,4,LETANDUERE,0,,2,2,0,1,1,0,1,, -1,1,0,6,50,21,12,1,49,49007,2,5,0,3,LETANDUERE,47.45692,-0.55421,13,2,2
202100016585,171Â 985,A01,1,1,1,5,1,-1,-1,0,0,-1,2021,82.0,2,2,0,2,1,1,1,,3,934,0,,2,2,0,1,7,200,1,, -1,1,8,1,50,27,9,1,40,40234,1,2,0,3,Route de Bordeaux,43.965641,-0.314988,10,2,2
202100045677,120Â 092,A01,1,1,1,5,2,6,-1,0,0,-1,2021,20.0,3,1,0,0,0,1,1,,4,01,0,C,2,2,0,1,(1),(1),1,,"3,4",1,0,1,80,1,4,3,79,79236,1,1,0,7,Puy Thareau,46.77387,-0.701462,20,1,1
202100008729,186Â 131,B01,1,1,2,0,1,-1,-1,-1, -1,-1,2021,48.0,2,2,0,2,1,1,1,,4,ST FRANCOIS XAVIER (AV) 02 AU 30,0,,1,1,0,1,(1),(1),1,, -1,1,0,1,50,8,11,5,33,33009,2,2,0,3,ST FRANCOIS XAVIER (AV) 02 AU 30,44.640224,-1.202022,4,3,2
202100016873,171Â 462,B01,2,2,1,0,2,8,-1,-1, -1,-1,2021,10.0,1,1,0,2,7,1,1,,3,R D 900,0,,2,4,0,1,27,340,1,, -1,1,0,1,70,23,9,1,66,66136,1,1,0,3,R D 900,42.65922,2.88297,11,3,2
202100040463,129Â 280,A01,10,3,1,3,8,8,-1,3,3,1,2021,35.0,1,2,0,1,1,1,2,,3,PASTEUR (RUE),0,,1,1,2,1,12,564,2,, -1,1,0,1,30,10,5,1,78,78172,2,3,0,6,PASTEUR (RUE),48.99513,2.10151,13,2,1
202100025161,156Â 680,B01,2,2,2,5,1,-1,-1,0,0,-1,2021,50.0,1,5,0,2,3,1,1,,3,502,0,,2,1,0,1,15,200,1,,3,1,0,1,80,7,8,2,38,38238,2,2,0,3,D502,45.500812,5.011989,20,8,2
202100054369,104Â 578,B01,1,1,1,9,2,0,-1,-1, -1,-1,2021,33.0,2,1,0,2,1,11,1,,3,JEAN LOLIVE (AVENUE)(137/FIN ET 134/FIN),0,,2,4,1,1,0,1,1,, -1,1,0,1,50,20,1,1,93,93055,2,1,0,3,JEAN LOLIVE (AVENUE)(137/FIN ET 134/FIN),48.8944,2.42004,16,2,2
202100010996,182Â 070,B01,1,1,1,5,0,-1,-1,0,0,-1,2021,72.0,0,1,0,2,1,9,5,,4,,-1,,2,2,0,1,(1),(1),1,,4,1,5,8,50,26,10,3,973,97304,2,1,0,1,8 Avenue Auguste Boudinot,5.1755634617,-52.6497318596,19,2,2
202100052631,107Â 649,A01,1,1,1,1,2,-1,-1,0,0,-1,2021,34.0,2,1,0,2,8,2,1,,7,,-1,,2,2,0,2,1,300,3,, -1,1,0,1,50,5,2,1,6,6122,2,1,0,5,Ancienne Route de Vence (Pont),43.74367,7.136736,7,3,3
202100018200,169Â 077,B01,2,2,2,0,1,0,-1,-1, -1,-1,2021,20.0,2,2,0,2,1,1,1,,1,A55-Sens Martigues vers Marseille,0,,1,1,0,3,3,65,1,, -1,1,0,1,50,18,9,1,13,13215,1,1,0,2,A55-Sens Martigues vers Marseille,43.3629,5.3411,15,3,2
202100053881,105Â 435,B01,1,1,2,4,8,-1,-1,0,0,-1,2021,52.0,3,2,0,0,7,1,1,,4,,-1,,2,2,0,1,(1),(1),1,, -1,2,5,1,80,23,1,1,1,1348,1,2,1,3,Chemin de Mereges,46.187838,4.812355,9,2,2
202100040428,129Â 349,A01,2,2,2,0,1,0,-1,-1, -1,-1,2021,19.0,2,2,0,2,1,0,1,,1,86,0,,1,2,0,1,6,0,2,, -1,2,0,1,90,10,5,3,92,92025,1,1,1,4,A86,48.9354217595,2.2605830961,1,6,4
202100053761,105Â 645,A01,10,3,2,0,0,-1,-1,2,3,1,2021,29.0,2,2,0,1,2,1,1,,4,ROBESPIERRE (RUE),0,,2,2,3,1,1,0,1,, -1,1,0,1,50,25,1,2,93,93048,2,1,0,6,ROBESPIERRE (RUE),48.8502107808,2.4253082871,17,2,1
202100045268,120Â 805,A01,1,1,1,5,2,-1,-1,0,0,-1,2021,60.0,2,1,0,2,1,1,1,,3,6089,0,D,2,2,0,1,108,650,1,, -1,1,0,1,80,3,4,1,24,24372,1,2,0,2,Jevah - D6089,45.143153,0.557621,15,2,2
202100027665,152Â 269,B01,1,1,1,0,2,6,-1,-1, -1,-1,2021,35.0,1,1,0,2,1,1,1,,1,6,0,,3,6,0,2,17,799,1,, -1,1,0,1,110,22,7,1,91,91589,1,1,0,2,AUTOROUTE A6,48.67314,2.34345,15,2,2
202100019582,166Â 632,B01,1,1,2,5,1,-1,-1,0,0,-1,2021,44.0,1,2,0,0,4,1,1,,2,12,-1,,3,4,0,1,39,200,1,, -1,1,0,1,110,23,8,1,78,78623,1,1,0,2,Route nationale 12,48.794638,1.874177,12,3,3
202100055055,103Â 402,A01,1,1,1,1,2,0,-1,-1, -1,-1,2021,48.0,1,1,10,2,1,1,1,,4,SAINT MARCEL (BOULEVARD DE ),0,,-1,2,0,1,0,0,1,, -1,1,0,1,50,14,1,1,13,13211,2,1,0,3,SAINT MARCEL (BOULEVARD DE ),43.287,5.459,7,2,2
202100020253,165Â 434,A01,2,2,2,5,1,-1,-1,-1, -1,-1,2021,21.0,0,2,0,2,1,2,1,,4,SAINTE ADRESSE (DE),0,,2,2,0,1,(1),(1),1,, -1,1,0,1,50,14,7,1,76,76351,2,1,0,2,SAINTE ADRESSE (DE),49.49895,0.09433,6,3,2
202100032754,143Â 226,A01,1,1,1,5,8,-1,-1,0,0,-1,2021,75.0,3,2,13,0,3,13,1,,4,03,0,,2,2,0,1,(1),(1),1,, -1,1,0,3,80,23,6,1,29,29246,1,1,0,6,Lieu-Dit Kerivoal,48.368692,-4.158205,9,2,1
202100009443,184Â 819,B01,1,1,1,1,2,6,-1,0,0,-1,2021,35.0,1,1,0,2,0,1,5,,2,GOURNIER (Avenue de),0,,2,2,1,1,92,990,1,, -1,1,0,1,50,4,11,5,26,26198,2,1,0,1,39 Avenue de Gournier,44.531289,4.744591,17,2,2
202100027097,153Â 278,A01,1,1,2,0,8,-1,-1,0,0,-1,2021,34.0,2,2,3,0,6,23,1,,1,61,-1,,3,4,0,1,308,0,1,, -1,1,0,2,130,26,7,1,11,11254,1,1,0,2,"Autoroute 61, PK 308",43.224489,2.162468,9,3,2
202100033406,142Â 054,B01,1,1,1,5,2,6,-1,-1, -1,-1,2021,63.0,2,1,0,2,1,16,1,,7,CHAR (ROND POINT RENE),0,,1,2,0,2,14,222,2,, -1,1,0,1,50,18,6,1,34,34172,2,6,0,3,CHAR (ROND POINT RENE),43.62465,3.82682,16,2,2
202100021578,163Â 062,B01,1,1,2,0,2,-1,-1,-1, -1,-1,2021,38.0,3,1,0,2,8,19,0,,4,DEBOURG                             (AV),0,,3,2,2,1,(1),(1),1,, -1,1,0,6,50,31,8,1,69,69387,2,1,0,3,DEBOURG (AV),45.7315,4.82541,17,2,2
202100043714,123Â 555,B01,1,1,1,5,0,-1,-1,0,0,-1,2021,13.0,1,1,0,2,7,19,5,,3,565,-1,,2,2,0,2,3,630,1,, -1,1,6,1,30,17,4,1,53,53094,2,1,0,3,RD 565,48.001933,-0.712287,17,2,2
202100031497,145Â 456,A01,1,1,1,5,2,-1,-1,0,0,-1,2021,49.0,1,1,0,0,8,1,1,,2,211,-1,,2,2,0,2,(1),(1),1,, -1,1,0,1,50,1,7,3,977,97701,2,1,0,7,"rt211, grand fond",17.900423,-62.819889,19,1,1
202100025000,156Â 966,B01,1,1,2,1,1,1,-1,-1, -1,-1,2021,32.0,1,2,0,2,1,1,1,,2,RN136,0,,3,4,0,2,15,269,1,, -1,1,0,1,90,8,8,1,35,35238,1,1,0,2,RN136,48.11704,-1.71954,13,2,2
202100041883,126Â 755,A01,2,2,2,5,1,8,-1,-1, -1,-1,2021,89.0,1,2,8,0,1,1,1,,3,DIEPPE (ROUTE DE),0,,2,2,0,2,95,185,1,, -1,1,5,1,50,27,4,1,76,76349,2,2,0,7,DIEPPE (ROUTE DE),49.90145,1.05171,13,2,1
202100053265,106Â 523,A01,10,3,1,0,0,-1,-1,2,3,1,2021,12.0,3,2,0,1,1,1,1,,4,BUTTE VERTE,0,,2,2,0,1,0,0,1,, -1,1,0,1,50,29,1,1,93,93051,2,1,0,6,BUTTE VERTE,48.8380341594,2.5723013719,16,2,1
202100011014,182Â 043,A01,1,1,1,5,1,-1,-1,0,0,-1,2021,26.0,0,2,8,0,1,1,1,,4,,-1,,2,2,0,1,(1),(1),2,,5,1,0,1,50,27,10,1,62,62627,2,1,0,6,Rue de Tortequenne,50.305133,3.027779,17,4,1
202100037106,135Â 376,A01,1,1,1,4,1,-1,-1,0,0,-1,2021,39.0,2,5,1,0,1,1,1,,3,938,-1,,2,2,0,1,8,500,1,, -1,1,0,1,90,1,6,1,37,37059,1,1,1,6,La Maison du Jardinier,47.4688893101,0.6186092955,9,2,2
202100011840,180Â 555,A01,10,3,1,5,8,8,-1,2,3,1,2021,79.0,1,1,0,1,3,1,1,,4,BOULEVARD DE LA VILLETTE,0,,1,1,0,1,(1),(1),1,, -1,2,0,1,30,21,10,1,75,75119,2,1,1,6,BOULEVARD DE LA VILLETTE,48.884395,2.36609,14,2,1
202100001417,199Â 245,A01,1,1,1,5,0,0,-1,0,0,-1,2021,46.0,1,2,16,0,9,14,1,,1,1,-1,,3,4,0,1,(1),(1),3,, -1,1,0,3,110,28,12,3,988,98821,1,4,0,7,Echangeur SAVANNAH NOURÃ - VE2,-22.163868,166.384571,1,1,1
202100055043,103Â 426,A01,1,1,1,0,2,0,-1,-1, -1,-1,2021,23.0,1,1,0,1,9,1,1,,4,RUE DE KIEV,0,,2,2,0,1,(1),(1),1,, -1,1,0,1,50,12,1,5,31,31555,2,1,0,6,RUE DE KIEV,43.57085,1.40599,17,2,1
202100024508,157Â 851,B01,1,1,1,5,2,6,-1,-1, -1,-1,2021,45.0,1,1,0,2,7,1,1,,3,COUBERTIN (RUE PIERRE DE),0,,2,2,0,1,0,295,1,, -1,1,5,1,50,2,8,1,70,70550,2,3,0,3,COUBERTIN (RUE PIERRE DE),47.62262,6.16418,15,2,2
202100021191,163Â 784,C01,1,1,2,0,1,0,-1,-1, -1,-1,2021,23.0,1,2,0,2,1,2,1,,1,A7-Sens Lyon vers Marseille,0,,1,3,0,1,275,0,1,, -1,1,1,1,90,3,9,5,13,13215,1,1,0,2,A7-Sens Lyon vers Marseille,43.36798,5.36081,13,5,5
202100002771,196Â 812,B01,4,2,2,5,1,8,-1,-1, -1,-1,2021,22.0,2,2,0,2,2,1,1,,4,MINIMES (AV DES) DU 1AU 178,0,,2,4,1,1,(1),(1),1,, -1,1,0,1,50,14,12,5,31,31555,2,1,0,3,MINIMES (AV DES) DU 1AU 178,43.6174573129,1.4368271828,22,4,2
202100005073,192Â 709,A01,10,3,2,3,0,-1,-1,1,3,2,2021,46.0,0,1,0,1,3,1,1,,6,BIR-HAKEIM (AVENUE DE),0,,-1,-1,0,1,(1),(1),1,, -1,2,0,1,30,1,12,5,34,34198,1,1,1,6,BIR-HAKEIM (AVENUE DE),43.57174,3.94141,17,2,1
202100010814,182Â 400,A01,10,3,2,5,0,-1,-1,5,9,2,2021,76.0,1,2,9,1,1,13,1,,4,,0,,2,2,0,2,(1),(1),1,,3,1,0,4,30,24,8,1,69,69010,2,1,0,6,REPUBLIQUE (DE LA) (PL),45.83617,4.615996,13,3,1
202100023739,159Â 185,B01,1,1,1,4,2,6,-1,0,0,-1,2021,35.0,1,1,0,2,2,1,1,,4,RUE LEGENDRE,0,,2,2,0,1,(1),(1),1,, -1,1,0,1,30,16,8,1,75,75117,2,1,0,3,RUE LEGENDRE,48.891591,2.325808,15,2,2
202100035404,138Â 436,B01,1,1,1,0,2,-1,-1,0,0,-1,2021,35.0,1,1,0,0,1,13,1,,3,613,0,,2,2,0,1,44,279,1,, -1,1,0,1,80,11,6,1,34,34113,1,1,0,2,RD613,43.507931,3.720036,16,2,2
202100042817,125Â 126,A01,10,3,1,0,0,-1,-1,5,5,1,2021,3.0,3,1,0,1,7,0,5,,4,BD DU DOC CATHELIN,0,,-1,0,0,1,0,0,1,, -1,1,6,4,10,23,4,1,91,91345,2,1,0,6,BD DU DOC CATHELIN,48.68851,2.28868,17,2,1
202100013242,178Â 070,B01,1,1,1,1,2,8,-1,-1, -1,-1,2021,51.0,2,1,0,2,4,1,5,,3,TARBES DE,0,,2,2,1,1,21,430,3,, -1,1,0,1,50,13,10,5,64,64269,1,1,0,2,Route de Tarbes,43.2992975574,-0.3069761395,7,2,2
202100022422,161Â 560,A01,1,1,1,5,2,-1,-1,0,0,-1,2021,62.0,1,1,0,0,0,26,1,,2,MAI 1945 (BOULEVARD DU 08),0,,2,2,0,1,22,515,1,, -1,1,0,1,50,26,8,1,65,65440,2,6,0,7,MAI 1945 (BOULEVARD DU 08),43.219112,0.078101,10,1,1
202100019023,167Â 634,B01,1,1,1,2,2,0,-1,-1, -1,-1,2021,3.0,3,1,0,2,2,25,5,,4,HENRI CORVOL (R),0,,2,2,0,1,1,0,1,, -1,2,0,4,50,14,9,1,94,94022,2,1,0,3,Rue Henri Corvol,48.76188,2.42227,13,2,2
202100024383,158Â 100,A01,1,1,1,5,0,-1,-1,0,0,-1,2021,48.0,1,2,13,0,2,1,1,,4,D769 - Avenue de Toul An AllÃ©e,-1,,2,2,0,1,17,400,1,, -1,1,0,3,50,12,8,2,29,29227,2,1,0,6,Avenue de Toul An AllÃ©e,48.336178,-3.629895,21,1,1
202100026376,154Â 547,B01,4,2,2,9,8,-1,-1,0,0,-1,2021,20.0,1,2,0,2,6,21,1,,3,779,-1,,2,2,0,1,57,500,1,, -1,1,0,1,90,29,7,1,3,3063,1,3,0,5,D779,46.475563,3.966349,16,5,3
202100054385,104Â 553,A01,2,2,2,3,1,-1,-1,0,0,-1,2021,85.0,2,2,8,2,2,15,1,,3,D14,0,,2,2,0,1,22,81,1,, -1,1,5,1,80,21,1,1,65,65426,2,2,0,3,D14,43.21798,0.222602,10,4,2