Num_Acc,id_vehicule,num_veh,place,catu,sexe,trajet,secu1,secu2,secu3,locp,actp,etatp,year_acc,victim_age,senc,catv,obs,obsm,choc,manv,motor,occutc,catr,voie,v1,v2,circ,nbv,vosp,prof,pr,pr1,plan,lartpc,larrout,surf,infra,situ,vma,jour,mois,lum,dep,com,agg_,int,atm,col,adr,lat,long,hour,nb_victim,nb_vehicules
202100034817,139Â 477,A01,1,1,1,5,1,-1,-1,0,0,-1,2021,44.0,3,2,13,0,1,1,1,,4,,-1,,2,2,0,2,(1),(1),1,,4,1,0,3,80,13,6,3,47,47076,1,1,0,6,Chemin de Marquisat,44.085057,0.728724,0,1,1
202100034057,140Â 884,B01,1,1,1,0,2,6,-1,-1, -1,-1,2021,43.0,3,1,0,2,7,1,1,,4,MERMOZ (RUE JEAN),0,,2,2,0,1,(1),(1),1,, -1,1,0,1,50,16,6,1,45,45338,2,3,0,3,Rue Jean Mermoz,47.98203,2.7115,16,2,2
202100051614,109Â 432,A01,2,2,2,5,1,-1,-1,0,0,-1,2021,49.0,1,2,8,0,2,1,1,,3,74,-1,,2,2,0,1,0,950,1,, -1,7,9,3,80,13,2,1,41,41173,1,1,0,6,D74,47.904016,1.534245,14,2,1
202100005727,191Â 564,A01,1,1,1,1,2,6,-1,-1, -1,-1,2021,55.0,1,1,0,2,7,3,1,,1,86,0,,1,2,0,1,9,0,1,, -1,1,0,1,70,29,11,3,92,92036,1,1,0,3,AUTOROUTE A86,48.9383700387,2.3001401108,19,2,2
202100042781,125Â 181,A01,1,1,1,5,2,6,-1,0,0,-1,2021,42.0,2,6,13,0,2,1,1,,3,7,-1,,2,2,0,1,19,700,1,, -1,1,0,8,90,25,4,1,3,3201,1,1,0,6,D7,46.098144,3.652182,11,1,1
202100003009,196Â 398,A01,7,2,1,3,0,-1,-1,0,0,-1,2021,30.0,1,2,5,0,1,1,1,,1,A62,-1,,1,2,3,1,224,368,2,, -1,1,7,1,90,15,12,5,31,31555,1,1,0,6,"A 62. Pk: 224.100, vers Toulouse",43.659458,1.42539,20,4,1
202100027879,151Â 880,B01,1,1,2,0,1,4,-1,-1, -1,-1,2021,29.0,1,2,0,2,8,2,1,,1,AUTOROUTE A1,0,,1,2,0,1,6,0,3,, -1,1,0,1,70,19,7,5,972,97213,1,1,0,5,AUTOROUTE A1,14.61821,-61.03327,20,4,3
202100020473,165Â 040,A01,10,3,1,5,0,-1,-1,3,3,1,2021,91.0,3,2,0,1,3,1,2,,6,STADE (RUE DU),0,,-1,0,0,1,(1),(1),1,, -1,2,0,6,20,4,5,1,68,68271,2,1,1,6,STADE (RUE DU),47.74721,7.3581,17,2,1
202100009975,183Â 872,B01,1,1,1,5,2,6,-1,0,0,-1,2021,17.0,2,1,0,2,1,1,1,,3,28,0,D,2,2,0,1,0,700,1,, -1,1,5,1,80,2,11,1,13,13066,1,3,0,1,6309 Route de ChÃ¢teaurenard,43.885676,4.893985,15,2,2
202100006232,190Â 664,A01,10,3,1,0,0,-1,-1,1,3,1,2021,10.0,1,2,0,1,1,16,1,,4,CERF BERR (RUE),0,,2,2,0,1,0,0,1,, -1,1,0,1,30,24,11,5,67,67482,2,1,0,6,CERF BERR (RUE),48.58454,7.69195,17,2,1
202100021427,163Â 351,B01,1,1,1,5,2,6,-1,-1, -1,-1,2021,24.0,1,1,0,2,1,1,1,,4,VANTEAUX (BOULEVARD DE),0,,3,4,0,1,0,0,1,, -1,1,5,1,50,29,8,1,87,87085,2,2,0,6,VANTEAUX (BOULEVARD DE),45.82121,1.23015,13,2,2
202100012493,179Â 376,A01,10,3,2,1,0,-1,-1,3,3,1,2021,29.0,1,1,0,2,3,18,0,,3,CHARLES GIDE (AV),0,,2,2,1,1,0,0,1,, -1,1,5,1,50,18,10,1,94,94043,2,1,0,6,Avenue Charles Gide,48.80552,2.34813,16,2,1
202100019059,167Â 574,A01,1,1,1,5,2,-1,-1,0,0,-1,2021,72.0,3,1,0,2,2,1,5,,3,528,-1,,2,2,0,1,(1),(1),1,, -1,1,0,1,80,15,9,1,50,50236,1,2,0,3,Hameau au Quenault Montgar (Montgardon),49.265067,-1.568438,16,3,2
202100003413,195Â 657,B01,1,1,2,4,1,0,-1,-1, -1,-1,2021,55.0,0,2,0,2,7,1,1,,4,,0,,2,2,0,1,(1),(1),1,, -1,2,0,1,50,10,12,1,41,41018,2,2,0,3,ROBERT NAU (ROND POINT),47.615,1.33638,15,3,2
202100014034,176Â 618,A01,1,1,1,5,2,6,9,0,0,-1,2021,49.0,2,1,0,2,3,15,1,,3,152,0,D,2,2,0,1,8,59,1,, -1,1,0,1,50,10,10,1,62,62787,2,3,0,1,Rue de l Eglise,50.497698,1.877686,17,2,2
202100033860,141Â 239,A01,1,1,1,5,1,0,-1,-1, -1,-1,2021,64.0,1,2,0,2,1,1,1,,4,GOUFFE (COURS),0,,2,3,0,1,(1),(1),1,, -1,1,0,1,50,16,6,1,13,13206,2,2,0,1,GOUFFE (COURS),43.28605,5.38699,7,2,2
202100034219,140Â 579,A01,10,3,2,2,0,-1,-1,3,3,1,2021,14.0,1,1,0,1,1,17,1,,7,GENERAL DE GAULLE                   (AV),0,,2,2,0,1,0,900,1,, -1,1,0,1,50,15,6,1,69,69034,2,1,0,6,GENERAL DE GAULLE (AV),45.80551,4.85385,9,2,1
202100023295,159Â 976,A01,1,1,1,0,8,0,-1,0,0,-1,2021,20.0,1,1,12,0,0,9,1,,3,AIGUILLON (QUAI D'),0,,1,2,0,1,61,(1),2,, -1,1,0,1,50,20,8,5,22,22113,2,9,0,7,AIGUILLON (QUAI D'),48.7308473454,-3.4598530354,23,1,1
202100009175,185Â 315,A01,1,1,1,5,1,-1,-1,0,0,-1,2021,61.0,2,2,0,2,1,13,1,,3,30,0,,2,2,0,1,31,31,2,, -1,1,0,1,80,7,11,1,83,83066,1,1,0,1,D30,43.6344496904,5.8341479301,13,5,2
202100053357,106Â 348,A01,10,3,2,1,0,-1,-1,2,3,1,2021,59.0,2,1,0,1,1,1,0,,4,FOCH (AV),0,,2,2,0,1,0,0,1,, -1,2,0,1,50,27,1,1,94,94068,2,1,0,1,FOCH (AV),48.8,2.49,8,2,1
202100001338,199Â 368,A01,1,1,1,5,1,-1,-1,0,0,-1,2021,39.0,1,2,7,0,2,1,1,,3,18,0,,2,2,0,1,0,700,1,, -1,2,0,3,80,28,12,1,33,33389,1,1,1,6,Le Pas d Ozelle,45.315785,-0.633023,14,2,1
202100012710,178Â 998,B01,1,1,2,5,2,6,-1,0,0,-1,2021,64.0,3,1,0,2,1,1,1,,4,,0,,2,2,0,1,(1),(1),1,,4,1,0,1,50,4,10,1,56,56186,2,2,0,3,Rue du Point du Jour,47.487415,-3.127477,11,2,2
202100005878,191Â 286,A01,1,1,1,5,1,-1,-1,-1, -1,-1,2021,22.0,3,2,2,0,1,1,1,,4,ROUTE DE FONTAINE                   (RO),0,,2,2,0,2,(1),(1),4,, -1,2,0,1,50,27,11,3,69,69286,1,1,1,6,FONTAINES (DE) (RTE),45.82548,4.88048,3,2,1
202100002915,196Â 560,A01,1,1,2,1,8,-1,-1,-1, -1,-1,2021,28.0,1,2,0,2,9,2,1,,3,D 941,0,,2,2,0,1,136,0,1,, -1,2,0,1,80,13,12,2,62,62727,1,1,0,5,D 941,50.46592,2.57956,7,6,6
202100011698,180Â 822,A01,10,3,2,0,0,-1,-1,3,3,1,2021,89.0,1,2,0,1,3,1,1,,3,482,0,D,2,2,0,1,5,975,1,, -1,1,9,8,50,23,10,1,42,42177,2,1,1,6,Rue de la RÃ©publique,46.142721,4.108192,17,2,1
202100021775,162Â 701,A01,1,1,1,5,1,8,-1,-1, -1,-1,2021,50.0,2,2,6,0,2,14,1,,4,LOCQUELTAS (RUE DE),0,,2,2,0,1,(1),(1),1,, -1,1,0,4,30,27,8,1,56,56107,2,1,0,6,LOCQUELTAS (RUE DE),47.70757,-3.38898,8,1,1
202100032637,143Â 426,A01,1,1,1,4,8,-1,-1,-1, -1,-1,2021,25.0,2,1,0,2,4,2,0,,4,JEAN JAURES                         (AV),0,,2,4,3,1,(1),(1),1,, -1,1,0,1,50,23,6,1,69,69387,2,2,0,2,JEAN JAURES                         (AV),45.7473141509,4.8431666493,10,2,2
202100044041,122Â 954,A01,1,1,1,4,2,8,-1,0,0,-1,2021,41.0,1,1,0,0,3,1,1,,4,PORTE DE VANVES,0,,1,3,0,1,6,700,1,, -1,1,0,1,70,13,4,1,75,75114,2,1,0,7,PORTE DE VANVES,48.824104,2.307761,9,1,1
202100039133,131Â 677,A01,1,1,1,5,2,6,-1,0,0,-1,2021,65.0,1,1,0,2,3,3,1,,4,PORTE DE MONTREUIL,0,,1,4,0,1,31,300,1,, -1,1,0,1,70,20,5,1,75,75120,2,1,0,5,PORTE DE MONTREUIL,48.851873,2.414958,10,3,3
202100028115,151Â 448,A01,1,1,1,5,8,0,-1,-1, -1,-1,2021,32.0,1,1,0,2,1,15,5,,4,CHARLES DE GAULLE,0,,2,0,0,1,0,0,1,, -1,1,0,1,50,19,7,1,64,64348,2,1,0,3,CHARLES DE GAULLE,43.3069036134,-0.4051047564,9,2,2
202100052984,107Â 008,Z01,10,3,2,9,8,8,-1,4,3,1,2021,37.0,1,2,0,1,5,1,1,,4,BOULEVARD SERURIER,0,,2,4,0,1,(1),(1),1,, -1,2,0,1,50,31,1,5,75,75119,2,1,1,6,BOULEVARD SERURIER,48.895346,2.394118,1,2,1
202100038079,133Â 596,A01,1,1,1,5,2,6,-1,0,0,-1,2021,28.0,1,1,0,2,4,2,1,,2,30,0,,2,2,0,1,2,730,1,, -1,1,0,1,70,27,5,5,202,202050,1,1,0,2,RT 30,42.551713,8.773012,21,3,2
202100000232,201Â 312,A01,1,1,1,5,2,6,-1,0,0,-1,2021,56.0,2,1,0,2,1,8,1,,4,CESSOLE (BD DE) (JUSQU'AU NÂ° 93-110),0,,2,3,3,2,(1),(1),1,, -1,1,0,1,50,19,8,1,6,6088,2,3,0,3,CESSOLE (BD DE) (JUSQU'AU NÂ° 93-110),43.712655,7.255274,18,3,2
202100051459,109Â 717,A01,10,3,1,0,0,-1,-1,2,3,1,2021,13.0,0,2,1,1,2,17,1,,4,FREDERIC LADRETTE (ALLEE),0,,2,1,0,2,0,0,1,, -1,1,9,1,50,15,2,1,93,93014,2,1,0,6,FREDERIC LADRETTE (ALLEE),48.90686,2.54336,16,2,1
202100029981,148Â 205,A01,1,1,1,5,1,8,-1,0,0,-1,2021,23.0,3,2,2,0,9,1,1,,3,RD 956,0,,3,4,0,1,(1),(1),1,, -1,1,0,1,90,8,7,3,41,41212,1,1,0,6,RD 956,47.56094,1.37308,2,1,1
202100029004,149Â 887,A01,1,1,1,5,2,-1,-1,0,0,-1,2021,39.0,1,1,1,0,1,1,1,,3,46,0,,2,2,0,1,12,800,1,, -1,1,0,1,50,15,7,3,37,37194,2,1,0,6,Rue Edmond ChÃ©dehoux,47.4824390507,0.8848548004,1,1,1
202100021945,162Â 398,B01,1,1,1,5,1,0,-1,0,0,-1,2021,48.0,1,2,0,2,4,2,1,,4,ECHANGEUR ORLEANS,0,,1,2,0,1,(1),(1),1,, -1,1,0,1,50,28,8,5,75,75114,2,4,0,4,ECHANGEUR ORLEANS,48.8195300289,2.3284015059,21,4,3
202100052564,107Â 763,A01,1,1,1,9,2,6,-1,0,0,-1,2021,41.0,2,1,0,2,1,17,1,,4,AVENUE JEAN JAURES,0,,2,2,0,1,(1),(1),1,, -1,1,0,1,50,4,2,1,75,75119,2,3,0,3,AVENUE JEAN JAURES,48.884268,2.375886,15,2,2
202100025398,156Â 255,A01,1,1,1,0,1,0,-1,-1, -1,-1,2021,60.0,2,5,0,0,0,20,0,,1,AUTOROUTE A3,0,,3,10,0,1,6,800,1,, -1,1,0,1,90,6,8,1,93,93053,1,1,0,7,AUTOROUTE A3,48.89541,2.47065,18,1,1
202100042182,126Â 224,A01,1,1,1,3,8,8,-1,-1, -1,-1,2021,59.0,3,1,0,0,0,21,5,,4,BERTHELOT(AV),0,,2,2,0,1,(1),(1),2,, -1,1,0,1,50,28,4,1,38,38544,2,6,0,3,Avenue Marcellin Berthelot,45.53577,4.87455,14,2,2
202100051968,108Â 816,A01,1,1,2,9,2,-1,-1,0,0,-1,2021,35.0,3,1,8,0,1,13,1,,4,,0,,2,2,0,2,(1),(1),1,, -1,1,0,3,55,6,2,5,83,83063,2,1,0,6,Chemin du Debat,43.314285,6.468856,5,1,1
202100042144,126Â 294,A01,1,1,1,0,2,6,-1,-1, -1,-1,2021,34.0,2,1,0,0,9,2,1,,1,AUTOROUTE A23,0,,-1,5,0,1,41,275,1,, -1,1,0,1,110,24,4,1,59,59603,1,1,0,6,AUTOROUTE A23,50.340495,3.488402,12,1,1
202100034798,139Â 511,B01,1,1,1,1,8,0,-1,-1, -1,-1,2021,48.0,1,1,0,2,3,1,3,,4,LIBERTE,0,,1,1,0,1,0,1,1,, -1,1,0,1,50,12,6,1,93,93066,2,9,0,2,Rue de la LibertÃ©,48.944081,2.365196,10,2,2
202100049372,113Â 508,A01,1,1,2,5,1,0,-1,-1, -1,-1,2021,36.0,0,2,0,2,7,17,1,,3,RD607 de Barbizon Ã  pavÃ© du roi,0,,2,4,0,1,19,288,1,, -1,1,0,1,90,3,3,2,77,77186,1,1,0,3,RD607 de Barbizon Ã  pavÃ© du roi,48.42227,2.6693,18,3,2
202100029140,149Â 662,B01,1,1,1,0,1,8,-1,-1, -1,-1,2021,22.0,1,2,0,0,4,26,1,,7,AV DES ETATS UNIS,0,,1,1,0,1,19,821,2,, -1,1,5,1,50,13,7,5,31,31555,2,9,0,2,AV DES ETATS UNIS,43.65258,1.42484,3,4,2
202100003081,196Â 254,B01,1,1,2,0,1,-1,-1,0,0,-1,2021,42.0,0,2,0,2,8,1,1,,2,RN 25,0,,3,4,0,1,8,800,1,, -1,2,0,1,110,9,12,1,80,80021,1,1,1,3,RN 25,49.9252834839,2.3200036979,12,2,2
202100006156,190Â 807,B01,2,2,1,0,0,-1,-1,0,0,-1,2021,17.0,3,1,0,0,0,17,0,,2,7,0,R,-1,2,0,1,0,0,1,, -1,1,0,1,50,27,11,1,978,97801,2,1,0,3,route de la Savane,18.093616,-63.065965,13,3,2
202100034617,139Â 835,B01,1,1,1,9,2,6,-1,0,0,-1,2021,20.0,1,1,0,2,8,7,1,,4,AVENUE DE LA PORTE DE VINCENNES,0,,1,3,3,1,(1),(1),2,, -1,1,0,6,50,13,6,5,75,75112,2,4,0,3,AVENUE DE LA PORTE DE VINCENNES,48.846518,2.413956,1,2,2
202100035481,138Â 290,B01,1,1,2,0,2,6,-1,-1, -1,-1,2021,54.0,0,1,0,2,1,1,1,,4,LAHANCHIPIA (AVENUE),0,,2,2,0,1,0,0,1,, -1,1,0,1,50,9,6,1,64,64483,1,3,0,3,LAHANCHIPIA (AVENUE),43.40329,-1.62718,17,2,2
202100021872,162Â 538,A01,9,2,1,5,1,-1,-1,0,0,-1,2021,20.0,2,2,0,0,1,1,1,,3,999,0,D,2,2,0,1,40,700,2,, -1,1,0,3,80,29,8,1,30,30182,1,1,0,7,RD 999 PK 40+150,43.859542,4.168485,7,3,1
202100008757,186Â 085,A01,1,1,2,5,2,4,-1,0,0,-1,2021,65.0,1,1,0,2,8,13,5,,4,AVENUE DU DOCTEUR ARNOLD NETTER,0,,2,2,0,1,(1),(1),1,, -1,1,0,1,30,9,11,2,75,75112,2,3,0,3,AVENUE DU DOCTEUR ARNOLD NETTER,48.84333,2.405384,17,2,2
202100056289,101Â 281,B01,1,1,1,0,1,0,-1,-1, -1,-1,2021,46.0,2,2,0,2,4,2,1,,3,"""LANDY RD 20, NR IMPAIRS 1 A 144""",0,,2,4,0,1,0,1,1,, -1,1,0,1,50,2,1,5,93,93066,2,1,0,2,"""LANDY RD 20, NR IMPAIRS 1 A 144""",48.91534,2.35686,18,3,2
202100004240,194Â 171,A01,3,2,1,5,1,0,-1,-1, -1,-1,2021,19.0,1,2,2,0,1,1,1,,4,,0,,1,1,0,1,(1),(1),3,, -1,1,0,1,50,4,12,5,66,66136,2,6,0,6,DONNEZAN (DES DOCTEURS),42.67316,2.88461,21,4,1
202100022611,161Â 198,A01,1,1,2,0,8,0,-1,-1, -1,-1,2021,42.0,2,1,0,2,7,1,5,,4,DALBIEZ (AVENUE VICTOR),0,,2,4,0,1,0,0,1,, -1,1,0,1,50,23,8,1,66,66136,2,3,0,3,DALBIEZ (AVENUE VICTOR),42.6934574987,2.8878527032,13,2,2
202100037132,135Â 325,B01,2,2,2,5,2,0,-1,-1, -1,-1,2021,56.0,1,1,1,0,4,0,1,,1,A7-Sens Lyon vers Marseille,0,,-1,3,0,1,274,600,1,, -1,1,0,1,90,26,5,1,13,13215,1,1,0,4,A7-Sens Lyon vers Marseille,43.3692293168,5.3609404563,18,5,4
202100035328,138Â 560,B01,1,1,2,9,2,0,-1,0,0,-1,2021,22.0,2,1,0,2,0,19,5,,4,BOULEVARD DES BATIGNOLLES,0,,3,3,0,1,(1),(1),1,, -1,1,5,1,50,9,6,5,75,75108,2,2,0,3,BOULEVARD DES BATIGNOLLES,48.88222,2.320389,23,2,2
202100043477,123Â 946,B01,1,1,1,5,2,6,-1,-1, -1,-1,2021,27.0,2,1,0,2,1,1,1,,3,GRANDE RUE,0,,2,3,0,1,0,0,1,, -1,1,0,1,50,18,4,5,92,92072,2,6,0,3,GRANDE RUE,48.8253388056,2.2159901261,21,2,2
202100046314,118Â 992,B01,1,1,1,5,2,6,-1,0,0,-1,2021,71.0,1,1,3,2,1,1,1,,3,,-1,,2,2,0,2,10,750,4,, -1,8,2,1,70,27,3,1,85,85112,1,1,0,1,D32,46.586304,-1.762056,14,2,2
202100036201,136Â 980,A01,1,1,1,5,1,0,-1,-1, -1,-1,2021,34.0,2,2,4,0,1,1,1,,1,AUTOROUTE A6,0,,1,3,0,1,33,411,1,, -1,1,0,1,110,6,6,1,91,91179,1,1,0,6,AUTOROUTE A6,48.56887,2.47131,7,3,1
202100017040,171Â 164,A01,10,3,1,9,0,-1,-1,4,3,1,2021,57.0,1,2,0,1,2,1,1,,4,RUE DE LA PORTE D ISSY,0,,2,5,0,1,(1),(1),1,, -1,1,0,1,30,23,9,5,75,75115,2,2,0,6,RUE DE LA PORTE D ISSY,48.832071,2.280679,6,2,1
202100003435,195Â 614,B01,1,1,2,9,8,0,-1,0,0,-1,2021,56.0,1,1,0,2,1,1,1,,4,BOULEVARD DE CHARONNE,0,,3,4,0,1,(1),(1),1,, -1,1,0,1,30,11,12,1,75,75120,2,3,0,3,BOULEVARD DE CHARONNE,48.8584022942,2.3900467157,12,2,2
202100011325,181Â 490,A01,1,1,1,0,2,0,-1,-1, -1,-1,2021,28.0,2,1,0,2,2,3,1,,1,A13,0,,1,3,0,1,12,300,2,, -1,1,0,1,110,24,10,3,78,78524,1,1,0,5,A13,48.8413,2.10324,19,5,3
202100017533,170Â 281,A01,10,3,1,3,0,-1,-1,2,3,1,2021,85.0,2,2,0,1,1,1,1,,3,674,0,,2,2,0,1,10,900,1,, -1,1,0,1,30,11,9,1,14,14061,2,1,0,6,9 Rue de Vire (Campeaux),48.950581,-0.931579,10,2,1
202100036075,137Â 200,B01,1,1,1,4,2,8,-1,-1, -1,-1,2021,18.0,2,1,0,2,1,2,1,,4,CLOT BEY (AVENUE),0,,2,2,0,1,1,0,1,, -1,1,0,1,50,6,6,2,13,13208,2,3,0,3,CLOT BEY (AVENUE),43.2605001517,5.3871156129,21,4,2
202100011135,181Â 829,B01,1,1,1,1,1,5,-1,-1, -1,-1,2021,24.0,1,2,0,2,4,9,0,,3,PRESIDENT KENNEDY (50 A LA FIN),0,,2,2,1,1,0,0,1,, -1,2,0,1,50,25,10,2,92,92002,2,3,1,3,PRESIDENT KENNEDY (50 A LA FIN),48.7368591441,2.2936950624,8,2,2
202100000426,200Â 949,B01,1,1,1,0,8,-1,-1,-1, -1,-1,2021,28.0,3,1,0,0,0,0,3,,4,MARC BLOCH                          (R ),0,,1,4,0,1,(1),(1),1,, -1,1,0,1,50,15,8,5,69,69387,2,1,0,6,MARC BLOCH (R ),45.746786051,4.8460929489,1,1,1
202100019417,166Â 925,B01,1,1,1,0,2,6,-1,0,0,-1,2021,18.0,1,1,0,2,1,1,1,,3,990,0,O,2,2,0,3,36,200,2,, -1,1,0,1,80,13,9,1,73,73032,1,3,0,1,D990,45.609017,6.451753,15,3,2
202100037143,135Â 298,A01,1,1,1,4,1,0,-1,-1, -1,-1,2021,40.0,1,5,0,2,1,2,1,,1,AUTOROUTE A86,0,,1,2,0,1,51,583,1,, -1,1,1,1,70,1,6,1,94,94034,1,1,0,2,AUTOROUTE A86,48.76003,2.32099,9,2,2
202100044242,122Â 586,A01,1,1,1,5,2,-1,-1,-1, -1,-1,2021,20.0,1,6,1,2,1,1,1,,4,,0,,2,2,0,1,(1),(1),1,, -1,1,0,1,50,12,4,1,69,69389,2,1,0,2,PLATEAU (DU) (AV),45.7852051549,4.7949099541,18,2,2
202100013164,178Â 217,B01,2,2,2,3,1,-1,-1,0,0,-1,2021,74.0,1,2,0,2,3,0,1,,3,955,-1,,2,2,0,2,26,100,3,, -1,1,0,1,80,15,10,1,83,83082,1,1,0,3,D955,43.634425,6.482958,14,3,2
202100029310,149Â 372,A01,1,1,1,5,1,-1,-1,0,0,-1,2021,23.0,1,2,2,0,1,19,1,,3,DEBARQUEMENT (ROND POINT DU ),0,,1,2,0,1,1,0,3,, -1,2,3,3,50,11,7,1,14,14566,2,6,0,6,D401,49.20316,-0.39156,6,1,1
202100037759,134Â 170,B01,1,1,1,1,2,6,-1,-1, -1,-1,2021,42.0,2,1,0,2,1,0,1,,7,BOURGTHEROULDE. RUE DE,0,,2,0,0,2,9,450,1,, -1,1,0,1,50,27,5,1,76,76231,2,3,0,3,BOURGTHEROULDE. RUE DE,49.290762,0.961222,13,2,2
202100025588,155Â 941,A01,1,1,2,0,8,0,-1,-1, -1,-1,2021,50.0,1,2,4,0,1,1,1,,2,NATIONALE 6 (GLACIERE),0,,3,4,0,1,1,500,1,, -1,2,0,1,90,5,8,3,91,91421,1,1,1,7,NATIONALE 6 (GLACIERE),48.70795,2.44254,0,1,1
202100034270,140Â 483,Z01,10,3,2,5,8,8,-1,2,1,1,2021,17.0,1,2,0,1,1,1,0,,4,RUE JEAN PRÃVOST,0,,1,1,0,1,0,0,1,, -1,1,0,1,30,15,6,1,38,38185,2,1,0,3,RUE JEAN PRÃVOST,45.18446,5.71564,14,2,1
202100013445,177Â 703,B01,1,1,1,3,2,6,-1,0,0,-1,2021,33.0,2,1,0,2,2,1,1,,7,820,0,R,4,2,0,1,17,200,1,,6,1,0,1,70,13,10,5,31,31182,2,3,0,1,Intersection route de paris / Chemin de lespinasse,43.672763,1.409844,19,2,2
202100030622,147Â 019,A01,1,1,2,5,0,-1,-1,0,0,-1,2021,52.0,1,1,1,0,7,14,0,,3,D945,-1,,2,2,0,1,14,430,1,, -1,1,0,4,50,15,6,5,62,62736,2,1,0,3,1173 Rue de la Lys,50.658544,2.770863,22,2,2
202100052349,108Â 141,A01,1,1,1,5,1,-1,-1,0,0,-1,2021,50.0,2,2,13,0,9,13,1,,3,128,0,D,2,2,0,2,10,950,2,, -1,1,0,1,80,7,2,3,53,53178,1,1,0,7,D128,47.885762,-0.831276,18,1,1
202100019662,166Â 501,A01,1,1,1,5,1,0,-1,-1, -1,-1,2021,30.0,2,2,8,0,1,1,1,,3,LIEGE (RUE DE),0,,2,2,0,1,(1),(1),1,, -1,2,9,1,30,14,7,5,59,59475,2,1,0,6,LIEGE (RUE DE),50.3168,3.46471,1,1,1
202100004845,193Â 128,A01,1,1,1,0,1,-1,-1,0,0,-1,2021,75.0,2,2,13,0,8,1,1,,3,RD,0,,2,1,0,1,16,500,1,, -1,2,0,1,80,4,12,1,30,30034,1,1,1,3,D6113,43.7581,4.51816,14,4,2
202100037325,134Â 953,B01,1,1,2,9,8,0,-1,-1, -1,-1,2021,35.0,2,1,0,2,0,1,0,,3,19,0,,1,3,1,1,0,0,1,, -1,1,0,5,50,31,5,1,92,92024,2,1,0,3,MARTRE (RUE) DE (59 A 109)   (58 A 120),48.9024664446,2.3067158461,18,2,2
202100002247,197Â 767,A01,1,1,2,1,8,0,-1,0,0,-1,2021,19.0,1,2,4,2,3,13,1,,2,PORTE DE CLEUNAY,0,,3,6,0,1,13,100,1,, -1,1,9,8,90,18,12,3,35,35238,2,1,0,6,RN136,48.09859,-1.71377,21,1,1
202100028114,151Â 450,B01,1,1,1,0,2,0,-1,-1, -1,-1,2021,22.0,3,1,0,2,8,1,1,,4,GRAMONT,0,,1,1,0,2,0,0,1,, -1,1,0,1,50,19,7,1,64,64445,2,3,0,3,GRAMONT,43.2964,-0.3742,18,2,2
202100020362,165Â 239,B01,1,1,2,0,2,8,-1,-1, -1,-1,2021,50.0,1,1,9,2,2,2,5,,3,920,0,,1,2,1,1,0,0,1,, -1,1,0,5,50,7,9,1,92,92007,2,9,0,3,BRIAND (AVENUE ARISTIDE) NÂ° 2 A 98,48.803334,2.32458,16,2,2
202100014031,176Â 622,A01,1,1,2,0,1,0,-1,-1, -1,-1,2021,43.0,3,2,8,0,2,1,1,,4,,0,,1,1,0,1,0,0,1,, -1,1,0,1,30,10,10,5,92,92012,2,9,0,6,VIEUX PONT DE SEVRES (RUE DU) - DEBUT/15,48.8309450662,2.2406664491,1,1,1
202100033529,141Â 839,A01,1,1,1,0,2,0,-1,-1, -1,-1,2021,21.0,1,1,0,2,1,1,1,,3,BADUEL (ROUTE DE),0,,2,2,0,1,4,200,1,, -1,1,0,1,50,18,6,2,973,97302,2,1,0,3,BADUEL (ROUTE DE),4.92839,-52.2935,18,2,2
202100014323,176Â 101,B01,1,1,1,0,1,-1,-1,-1, -1,-1,2021,44.0,1,2,0,2,4,2,0,,4,VERDUN (DE)                             ,0,,2,2,2,2,(1),(1),1,, -1,1,0,1,50,8,10,1,69,69081,2,1,0,2,VERDUN (DE) (AV) ,45.77375,4.78787,16,3,2
202100005508,191Â 949,A01,10,3,1,5,8,8,-1,4,3,1,2021,33.0,2,2,0,1,3,15,1,,3,BELGES (AV. DES),0,,2,2,0,1,1,812,2,, -1,1,0,1,50,18,11,1,43,43157,2,2,0,6,2 Avenue des Belges,45.04656,3.89228,13,2,1
202100040872,128Â 567,A01,1,1,1,0,1,-1,-1,-1, -1,-1,2021,55.0,2,2,8,0,1,16,1,,4,,0,,1,1,0,1,(1),(1),3,, -1,1,5,3,50,8,5,5,69,69389,2,1,0,6,BOURGOGNE (DE) (R),45.78153,4.80009,1,1,1
202100034858,139Â 399,A01,2,2,1,5,2,6,-1,0,0,-1,2021,16.0,3,1,0,2,8,13,1,,4,,0,,2,2,0,3,0,0,2,,5,1,0,1,50,1,6,1,40,40312,2,1,0,1,Rue Louis Aragon,43.537423,-1.468999,19,3,2
202100042747,125Â 231,A01,1,1,1,5,0,-1,-1,0,0,-1,2021,46.0,1,1,6,0,1,1,1,,4,,-1,,2,2,0,1,(1),(1),1,, -1,1,0,1,50,24,4,1,25,25519,2,1,0,7,Chemin de Bief,47.318755,6.810733,17,1,1
202100054541,104Â 282,A01,4,2,1,5,8,0,-1,-1, -1,-1,2021,20.0,1,2,3,0,3,9,1,,3,25,0,,1,1,0,2,1,0,3,, -1,1,3,1,50,18,1,5,91,91589,1,1,0,6,RD 25,48.67768,2.33892,23,2,1
202100054990,103Â 518,B01,1,1,1,0,8,0,-1,-1, -1,-1,2021,41.0,2,2,0,2,0,26,1,,1,AUTOROUTE A23,0,,3,2,0,1,30,0,1,, -1,2,0,1,110,12,1,3,59,59284,1,1,1,2,AUTOROUTE A23,50.42312,3.401329,8,2,2