Num_Acc,id_vehicule,num_veh,place,catu,sexe,trajet,secu1,secu2,secu3,locp,actp,etatp,year_acc,victim_age,senc,catv,obs,obsm,choc,manv,motor,occutc,catr,voie,v1,v2,circ,nbv,vosp,prof,pr,pr1,plan,lartpc,larrout,surf,infra,situ,vma,jour,mois,lum,dep,com,agg_,int,atm,col,adr,lat,long,hour,nb_victim,nb_vehicules
202100008075,187Â 299,B01,1,1,2,5,1,-1,-1,0,0,-1,2021,22.0,1,2,0,2,1,1,1,,3,6,0,A,2,2,0,4,0,295,1,, -1,2,2,1,50,15,11,3,1,1427,2,1,1,2,D6a,45.938069,4.779446,17,2,2
202100023440,159Â 722,A01,1,1,1,1,2,6,-1,-1, -1,-1,2021,22.0,1,1,0,2,1,1,1,,4,PLATANES CO (BOULEVARD DES),0,,2,1,0,1,0,0,1,, -1,1,0,1,30,19,8,2,13,13209,2,1,0,1,PLATANES CO (BOULEVARD DES),43.27306,5.40826,20,2,2
202100053266,106Â 522,B01,1,1,2,0,1,0,-1,-1, -1,-1,2021,39.0,1,2,0,2,2,1,1,,4,GASTON NAVAILLE (RUE),0,,2,2,0,1,1,0,1,, -1,2,0,1,50,29,1,1,93,93050,2,4,1,3,GASTON NAVAILLE (RUE),48.8715,2.53451,14,2,2
202100021172,163Â 820,A01,1,1,1,5,2,-1,-1,0,0,-1,2021,50.0,2,1,3,0,8,1,1,,3,914,-1,,1,1,0,3,(1),(1),3,, -1,1,3,1,70,1,9,1,66,66065,1,1,0,6,D914,42.616741,2.976919,16,1,1
202100005159,192Â 555,B01,1,1,1,5,2,-1,-1,0,0,-1,2021,19.0,2,1,0,2,1,1,1,,3,2,0,,2,2,0,1,3,115,1,, -1,1,0,1,80,25,11,3,45,45020,1,3,0,1,D2-PR3+115,47.843358,1.666164,18,2,2
202100009858,184Â 079,A01,1,1,2,3,1,-1,-1,0,0,-1,2021,70.0,2,2,0,2,1,1,1,,3,64,-1,,2,2,0,1,4,674,1,, -1,1,8,1,50,3,11,1,34,34299,1,1,0,2,CD64,43.278736,3.285856,9,2,2
202100044035,122Â 964,A01,1,1,1,5,2,0,-1,-1, -1,-1,2021,25.0,2,1,0,2,1,13,1,,4,FERNANDEL (AVENUE),0,,2,2,0,4,(1),(1),3,, -1,1,0,1,50,14,4,1,13,13212,2,1,0,1,FERNANDEL (AVENUE),43.3122639575,5.4523312173,15,3,2
202100015638,173Â 720,A01,1,1,1,1,2,0,-1,0,0,-1,2021,58.0,1,1,0,0,0,19,1,,4,AVENUE DE LA PORTE D ASNIERES,0,,2,6,0,1,(1),(1),1,, -1,1,0,1,30,1,10,1,75,75117,2,2,0,7,AVENUE DE LA PORTE D ASNIERES,48.891817,2.301619,10,1,1
202100050825,110Â 832,A01,1,1,2,5,1,-1,-1,0,0,-1,2021,20.0,1,2,0,2,3,15,1,,3,948,-1,,2,2,0,2,9,790,1,, -1,1,0,1,70,20,2,1,85,85034,1,2,0,1,La BoreliÃ¨re,46.615256,-1.149128,12,3,2
202100054141,104Â 973,A01,1,1,1,5,1,-1,-1,0,0,-1,2021,45.0,2,2,2,0,1,2,1,,3,929,-1,,2,2,0,1,6,600,1,, -1,1,0,3,-1,23,1,3,80,80650,1,1,0,6,D929,49.930726,2.403259,6,1,1
202100026715,153Â 962,A01,2,2,2,5,2,6,9,0,0,-1,2021,40.0,2,1,13,0,8,1,1,,3,117,-1,,2,2,0,2,24,100,2,, -1,1,0,1,80,29,7,1,11,11304,1,1,0,7,D117,42.879392,2.169698,17,2,1
202100054597,104Â 190,A01,10,3,2,3,0,-1,-1,1,3,1,2021,86.0,1,2,0,1,3,15,1,,3,PASTEUR (AVENUE),0,,2,2,0,1,0,0,1,, -1,1,0,1,50,16,1,1,19,19031,2,3,0,7,PASTEUR (AVENUE),45.16646,1.53169,11,2,1
202100014346,176Â 064,A01,10,3,2,2,0,-1,-1,3,5,2,2021,5.0,1,2,0,1,1,1,1,,4,PETITES FERMES (RUE DES),0,,2,2,0,1,0,0,1,, -1,1,0,1,30,7,10,1,67,67482,2,1,0,6,PETITES FERMES (RUE DES),48.58016,7.71343,11,2,1
202100035026,139Â 088,A01,1,1,1,1,2,8,-1,-1, -1,-1,2021,37.0,1,1,0,2,1,26,1,,4,COGNEHORS   BOULEVARD DE (1-95)),0,,2,4,0,2,(1),(1),1,, -1,1,6,1,30,11,6,1,17,17300,2,1,0,2,COGNEHORS   BOULEVARD DE (1-95)),46.168404,-1.143601,8,2,2
202100029975,148Â 217,B01,1,1,1,1,2,8,-1,-1, -1,-1,2021,47.0,0,1,0,9,3,5,3,,4,FONTENOY (RUE DE),0,,1,1,1,1,(1),(1),1,, -1,1,9,1,50,8,7,1,59,59512,2,1,1,3,FONTENOY (RUE DE),50.699178,3.166723,8,2,2
202100052671,107Â 579,A01,10,3,2,5,0,-1,-1,2,3,1,2021,74.0,1,5,0,1,4,4,1,,4,CESBRON LAVAU (RUE),0,,1,1,0,1,0,0,1,, -1,1,0,1,50,29,1,1,49,49099,2,1,0,6,CESBRON LAVAU (RUE),47.0697931823,-0.8866182237,17,2,1
202100012848,178Â 758,A01,10,3,1,5,0,-1,-1,5,2,2,2021,23.0,2,2,0,1,5,4,1,,4,SALAUN PENQUER,0,,2,0,0,3,0,0,2,, -1,1,0,4,50,16,10,5,29,29019,2,1,0,6,Avenue Salaun Penquer,48.38415,-4.48437,4,2,1
202100020373,165Â 222,B01,1,1,1,9,2,6,-1,0,0,-1,2021,66.0,2,1,0,2,3,1,1,,3,980,0,D,3,2,0,2,0,700,3,, -1,1,0,1,80,8,9,1,30,30175,1,1,0,3,D980,44.265862,4.428359,18,2,2
202100040033,130Â 040,B01,4,2,2,0,1,0,-1,-1, -1,-1,2021,10.0,2,2,0,2,5,1,1,,2,ROUTE NATIONALE 1,0,,1,2,3,1,4,99,2,, -1,1,0,1,50,12,5,1,972,97213,1,6,0,2,ROUTE NATIONALE 1,14.6187,-61.00535,9,3,2
202100039646,130Â 723,A01,1,1,1,1,1,-1,-1,0,0,-1,2021,30.0,1,2,13,2,3,14,1,,3,193,-1,,2,2,0,1,(1),(1),2,, -1,1,0,1,80,18,5,1,14,14120,1,1,0,1,D193,49.065459,-0.760546,14,3,2
202100021180,163Â 805,B01,1,1,1,1,1,-1,-1,0,0,-1,2021,52.0,0,2,0,0,3,0,1,,3,D1340,0,,3,4,0,2,(1),(1),1,, -1,2,0,1,-1,3,8,2,67,67023,1,1,1,2,D1340,48.775155,7.716351,6,2,2
202100003606,195Â 301,B01,8,2,1,4,8,-1,-1,-1, -1,-1,2021,44.0,2,5,0,2,4,23,1,,4,,0,,2,2,2,1,(1),(1),1,, -1,1,0,1,50,10,12,1,69,69266,2,1,0,2,PIERRE LOUIS BERNAIX (R),45.76153,4.89666,12,4,2
202100040127,129Â 876,A01,1,1,1,5,2,-1,-1,0,0,-1,2021,49.0,1,1,0,2,1,1,1,,3,68,-1,,2,2,0,1,(1),(1),1,, -1,1,5,1,80,13,5,1,22,22118,1,2,0,3,le perroquet vert,48.44671,-1.974449,16,3,2
202100017163,170Â 961,B01,1,1,1,5,2,6,-1,0,0,-1,2021,26.0,2,1,0,2,8,1,1,,3,813,-1,,2,2,0,1,30,72,1,,4,1,0,1,50,24,8,3,31,31409,2,3,0,3,D813,43.502968,1.511127,23,2,2
202100040178,129Â 781,A01,1,1,1,5,8,0,-1,-1, -1,-1,2021,92.0,1,1,0,0,0,26,0,,4,PIAF,0,,-1,2,0,1,1,0,1,, -1,1,0,1,50,11,5,1,49,49007,2,1,0,7,PIAF,47.4528,-0.52742,14,1,1
202100020214,165Â 502,Z01,10,3,2,5,0,-1,-1,1,3,1,2021,21.0,1,1,0,1,1,1,0,,4,RUE NICEPHORE NIEPCE,0,,-1,2,0,1,0,0,1,, -1,1,0,1,50,6,9,1,38,38151,2,1,0,1,RUE NICEPHORE NIEPCE,45.13886,5.71687,19,2,1
202100028685,150Â 446,B01,1,1,2,5,2,6,-1,0,0,-1,2021,53.0,2,1,0,2,4,1,1,,4,RUE RAYMOND LOSSERAND,0,,1,2,0,1,(1),(1),1,, -1,1,0,1,50,16,7,1,75,75114,2,3,0,6,RUE RAYMOND LOSSERAND,48.836826,2.323199,15,2,2
202100041652,127Â 152,B01,1,1,1,0,2,0,-1,-1, -1,-1,2021,23.0,2,1,0,2,1,1,1,,4,JULES GUESDE                        (AV),0,,2,2,0,1,(1),(1),1,, -1,1,0,1,50,2,5,1,69,69259,2,3,0,1,JULES GUESDE                        (AV),45.7165669473,4.8879406981,17,2,2
202100000247,201Â 281,A01,10,3,1,5,0,-1,-1,5,B,2,2021,41.0,2,2,0,1,1,14,1,,4,MOULIN (PLACE JEAN),0,,1,0,0,2,1,0,1,, -1,2,0,4,40,14,11,5,59,59122,2,1,1,6,MOULIN (PLACE JEAN),50.174945698,3.2292988647,2,3,1
202100054291,104Â 715,A01,10,3,1,5,0,-1,-1,1,3,2,2021,51.0,2,2,0,1,2,14,1,,4,,0,,2,2,0,1,(1),(1),1,, -1,2,0,1,20,21,1,1,68,68334,2,1,0,6,14 Rue Saint Thiebaut,47.811781,7.10167,9,2,1
202100026209,154Â 848,A01,1,1,1,5,1,-1,-1,0,0,-1,2021,25.0,2,2,13,0,1,1,1,,3,763,-1,,3,4,0,1,26,570,2,, -1,1,0,8,110,1,8,3,85,85197,1,1,0,6,D763,46.872938,-1.395087,1,2,1
202100046330,118Â 956,A01,2,2,2,0,1,8,-1,-1, -1,-1,2021,9.0,1,2,0,2,1,1,1,,4,CABASSOU (ROUTE DE),0,,2,2,0,1,0,500,1,, -1,1,0,1,50,26,3,1,973,97302,2,9,0,3,CABASSOU (ROUTE DE),4.91925,-52.31755,6,3,2
202100043928,123Â 153,A01,10,3,1,1,0,-1,-1,4,3,3,2021,23.0,1,5,0,1,1,1,1,,3,MAXIME GORKI (BOULEVARD) NÂ°72 AU 80,0,,3,3,3,1,0,0,1,, -1,1,5,6,50,15,4,1,93,93072,2,9,0,6,MAXIME GORKI (BOULEVARD) NÂ°72 AU 80,48.94655,2.3865,7,2,1
202100054030,105Â 168,B01,1,1,2,0,1,8,-1,-1,0,-1,2021,36.0,2,2,0,2,7,1,1,,3,192,0,,2,2,0,1,2,800,1,, -1,2,0,1,50,21,1,2,95,95219,2,3,1,3,STALINGRAD (RUE DE),48.9883656055,2.2581923509,17,2,2
202100037324,134Â 955,B01,1,1,1,5,2,6,-1,-1, -1,-1,2021,38.0,2,1,0,2,1,0,1,,3,CLICHY (PONT DE),0,,4,2,0,1,0,0,1,, -1,1,2,1,50,31,5,2,92,92024,2,5,0,3,CLICHY (PONT DE),48.9087111015,2.2999409702,21,2,2
202100014419,175Â 924,B01,1,1,1,0,1,0,-1,-1, -1,-1,2021,59.0,1,2,0,0,4,2,1,,2,PARIS (R DE),0,,2,2,0,1,1,0,1,, -1,1,0,1,50,8,10,5,94,94078,2,1,0,4,Rue de Paris,48.7364195561,2.4466950886,20,3,3
202100013981,176Â 710,B01,4,2,2,0,1,-1,-1,-1, -1,-1,2021,20.0,1,2,0,2,1,1,1,,7,IRENE JOLIOT CURIE                  (BD),0,,2,2,3,1,0,900,1,, -1,1,0,1,50,10,10,5,69,69259,2,2,0,3,IRENE JOLIOT CURIE (BD),45.71136,4.88165,20,4,2
202100018769,168Â 093,A01,1,1,1,0,2,8,-1,-1, -1,-1,2021,17.0,1,1,0,2,1,1,1,,2,RN136,0,,3,4,0,1,5,110,1,, -1,1,0,1,90,15,9,1,35,35238,1,1,0,2,RN136,48.092048,-1.626963,18,2,2
202100012985,178Â 529,A01,10,3,1,9,0,-1,-1,1,1,1,2021,31.0,1,2,0,1,1,1,1,,3,86,-1,,2,2,0,1,120,70,1,, -1,1,0,1,80,17,10,3,7,7279,1,1,0,6,RD 86 - LA CONCHE,44.417283,4.653879,6,2,1
202100019199,167Â 308,B01,1,1,1,9,2,0,-1,0,0,-1,2021,49.0,1,1,0,2,1,1,1,,4,AVENUE CORENTIN CARIOU,0,,2,3,0,1,(1),(1),1,, -1,1,0,1,30,13,9,1,75,75119,2,1,0,3,AVENUE CORENTIN CARIOU,48.895532,2.383231,12,2,2
202100016312,172Â 479,A01,1,1,1,0,8,-1,-1,0,0,-1,2021,58.0,1,2,0,0,4,23,1,,1,13,0,,3,3,0,1,50,0,1,, -1,1,0,1,130,30,9,3,78,78531,1,9,0,2,autoroute A13 PK 050.000 sens Paris-> province,48.988505,1.656915,3,2,2
202100005205,192Â 468,A01,10,3,1,0,8,8,-1,8,3,1,2021,7.0,2,2,0,1,2,2,1,,7,AVENUE DU VERCORS,0,,-1,2,0,1,0,0,1,, -1,1,0,1,30,30,11,1,38,38169,2,1,0,3,AVENUE DU VERCORS,45.19238,5.69186,16,2,1
202100028224,151Â 244,B01,1,1,1,5,2,-1,-1,0,0,-1,2021,19.0,3,1,0,2,1,5,1,,3,104,-1,A,2,2,0,1,7,720,1,, -1,1,0,1,80,20,7,1,7,7017,1,3,0,3,,44.41539,4.162509,13,2,2
202100037761,134Â 165,B01,1,1,1,5,8,0,-1,-1, -1,-1,2021,11.0,3,1,0,2,2,19,3,,9,GENEVES (PLACE GERARD),0,,4,1,3,1,0,0,1,, -1,1,6,6,20,27,5,1,71,71270,2,1,0,3,Place GÃ©rard GenevÃ¨s,46.30225,4.83026,19,2,2
202100045792,119Â 899,A01,10,3,2,5,0,-1,-1,2,3,1,2021,74.0,3,1,0,1,1,1,5,,4,ROUTE DES LACS A PASSY,0,,2,2,1,1,(1),(1),1,, -1,1,-1,5,50,29,3,1,75,75116,2,3,0,6,ROUTE DES LACS A PASSY,48.858413,2.258892,14,2,1
202100028336,151Â 046,A01,1,1,1,0,2,6,-1,-1, -1,-1,2021,24.0,0,1,0,2,4,1,1,,3,MARCEL DASSAULT,0,,2,3,0,1,0,0,1,, -1,1,0,1,50,18,7,5,92,92064,2,3,0,2,MARCEL DASSAULT,48.852964,2.222814,3,2,2
202100043861,123Â 266,A01,1,1,2,0,8,5,-1,-1, -1,-1,2021,69.0,3,2,9,0,1,26,1,,6,MONTAUBAN (SECTEUR),0,,-1,0,3,2,(1),(1),1,, -1,1,9,8,10,14,4,1,971,97113,2,1,0,6,MONTAUBAN (SECTEUR),16.20589,-61.49715,12,1,1
202100022086,162Â 146,A01,10,3,1,5,0,-1,-1,2,B,1,2021,17.0,0,0,0,2,8,26,0,,4,MANOIR RUE DU,0,,2,1,0,1,(1),(1),1,, -1,1,0,1,50,27,8,1,29,29232,2,1,0,6,Rue du Manoir,48.00324709,-4.108861531,19,2,1
202100041555,127Â 328,A01,1,1,1,9,2,6,-1,0,0,-1,2021,44.0,1,1,0,2,2,1,1,,4,AVENUE MARCEAU,0,,2,2,0,2,(1),(1),1,, -1,1,0,1,50,3,5,1,75,75116,2,2,0,3,AVENUE MARCEAU,48.869676,2.298204,9,2,2
202100009399,184Â 899,B01,1,1,1,0,2,6,-1,-1, -1,-1,2021,24.0,3,1,0,2,1,1,1,,4,CARPAYE(AVENUE),0,,3,2,0,1,0,0,1,, -1,1,0,1,50,3,11,5,974,97407,2,3,0,3,CARPAYE(AVENUE),-20.95104,55.29837,19,2,2
202100055362,102Â 880,A01,1,1,1,9,8,0,-1,0,0,-1,2021,44.0,2,2,0,2,4,4,1,,4,RUE DU CHEMIN VERT,0,,1,1,0,2,(1),(1),1,, -1,2,0,1,50,12,1,1,75,75111,2,1,1,2,RUE DU CHEMIN VERT,48.858258,2.372295,11,2,2
202100033484,141Â 923,B01,1,1,1,5,2,6,-1,0,0,-1,2021,19.0,1,1,0,2,3,1,1,,3,125,-1,C,2,2,0,1,38,650,1,, -1,1,0,1,50,19,6,1,52,52093,2,1,0,2,Avenue Gambetta,47.803823,5.443811,12,2,2
202100001167,199Â 686,A01,10,3,2,5,0,-1,-1,4,3,1,2021,82.0,2,1,0,1,1,1,5,,3,PARIS (AVENUE DE),0,,2,2,0,1,2,775,1,, -1,1,0,1,50,24,11,1,78,78646,2,1,0,6,PARIS (AVENUE DE),48.799265,2.140782,16,2,1
202100012472,179Â 415,B01,1,1,2,0,8,0,-1,-1, -1,-1,2021,80.0,1,1,0,2,7,15,5,,4,ALLIER (QUAI D'),0,,1,1,1,1,(1),(1),1,, -1,1,0,1,50,18,10,1,3,3190,2,3,0,3,Quai dâAllier,46.56079,3.3265,8,2,2
202100011737,180Â 748,A01,1,1,1,4,1,0,-1,-1, -1,-1,2021,41.0,1,4,3,2,1,2,1,,1,AUTOROUTE A16,0,,-1,4,0,1,126,800,1,, -1,1,0,1,130,4,10,1,59,59588,1,1,0,2,AUTOROUTE A16,51.0262356046,2.4222484823,11,2,2
202100041305,127Â 777,B01,1,1,1,5,2,6,-1,0,0,-1,2021,29.0,2,1,0,2,1,1,1,,3,HANOTEAUX (AVENUE GABRIEL),0,,2,2,0,2,25,289,1,, -1,1,0,1,50,4,5,1,6,6104,2,1,0,3,HANOTEAUX (AVENUE GABRIEL),43.760108,7.466627,19,2,2
202100026048,155Â 123,A01,1,1,1,0,1,-1,-1,0,0,-1,2021,71.0,2,2,2,0,3,13,1,,3,933,-1,,2,2,0,1,18,140,1,, -1,1,0,3,80,1,8,1,47,47301,1,1,0,6,Tardy,44.530137,0.29125,19,1,1
202100056420,101Â 047,A01,3,2,2,5,1,0,-1,0,0,-1,2021,19.0,1,2,1,2,2,16,1,,4,RUE DU PROFESSEUR GOSSET,0,,1,4,0,1,(1),(1),3,, -1,1,0,1,50,1,1,5,75,75118,2,5,0,6,RUE DU PROFESSEUR GOSSET,48.901262,2.344121,1,4,1
202100022750,160Â 935,B01,1,1,1,3,2,0,-1,0,0,-1,2021,17.0,2,1,0,2,1,1,3,,4,RUE DU FAUBOURG SAINT MARTIN,0,,1,3,0,1,(1),(1),1,, -1,1,0,1,50,24,8,1,75,75110,2,1,0,3,RUE DU FAUBOURG SAINT MARTIN,48.870461,2.35638,17,2,2
202100008844,185Â 932,B01,1,1,1,5,2,6,-1,0,0,-1,2021,32.0,2,1,0,2,1,1,1,,4,AVENUE PAUL DOUMER,0,,2,2,0,2,(1),(1),2,, -1,1,0,1,30,7,11,5,75,75116,2,3,0,3,AVENUE PAUL DOUMER,48.861888,2.286131,1,3,2
202100013998,176Â 682,B01,1,1,1,0,2,0,-1,-1, -1,-1,2021,31.0,1,1,0,2,8,1,1,,4,RUE PIERRE BLARD,0,,4,0,0,1,(1),(1),1,, -1,1,0,1,50,10,10,5,44,44162,2,1,0,3,RUE PIERRE BLARD,47.21202,-1.65516,23,2,2
202100046564,118Â 537,B01,1,1,1,4,2,-1,-1,-1, -1,-1,2021,50.0,2,1,0,2,4,1,1,,4,ARISTIDE BRUANT                     (R ),0,,2,2,0,1,(1),(1),1,, -1,1,0,1,50,25,3,1,69,69259,2,1,0,2,ARISTIDE BRUANT (R),45.69647,4.87018,18,2,2
202100019119,167Â 450,B01,1,1,1,1,2,6,-1,-1,0,-1,2021,53.0,1,1,0,2,1,1,1,,2,RN 184,0,,3,4,0,1,4,500,1,, -1,2,0,1,90,14,9,2,95,95572,1,1,1,3,RN 184,49.04056,2.1277,8,2,2
202100032810,143Â 130,B01,1,1,1,0,2,0,-1,-1, -1,-1,2021,61.0,1,1,0,2,1,1,1,,4,KLETT (CHEMIN),0,,2,2,0,1,0,0,1,, -1,1,0,1,50,22,6,1,974,97416,1,3,0,3,BOEUF(CHEMIN),-21.28843,55.46683,7,2,2
202100013548,177Â 504,B01,1,1,1,0,0,0,-1,0,0,-1,2021,12.0,3,1,0,2,8,19,5,,9,MARIE DE CHAMPAGNE (RUE),0,,2,2,0,1,(1),(1),1,, -1,1,0,1,50,12,10,1,10,10387,2,1,0,3,MARIE DE CHAMPAGNE (RUE),48.30414,4.0615,17,3,2
202100047273,117Â 262,A01,1,1,2,1,2,-1,-1,0,0,-1,2021,22.0,2,1,0,0,8,15,1,,3,768,-1,D,2,2,0,1,27,500,1,, -1,1,0,1,80,20,3,1,22,22311,1,3,1,2,D 768,48.530802,-2.226748,18,2,2
202100028958,149Â 964,B01,1,1,2,1,1,0,-1,-1, -1,-1,2021,22.0,2,2,0,2,4,23,1,,1,A4,0,,1,5,0,1,9,100,1,, -1,2,1,1,90,14,7,1,94,94017,1,1,1,2,A4,48.828166544,2.5039882462,8,2,2
202100030201,147Â 784,B01,1,1,1,9,2,6,-1,0,0,-1,2021,30.0,2,1,0,0,1,3,1,,3,COTE DE NACRE(AVENUE),0,,2,0,0,3,1,0,1,, -1,1,5,1,50,7,7,1,14,14118,2,3,0,3,Avenue Nicolas Copernic,49.19865,-0.36059,9,2,2
202100038792,132Â 274,A01,10,3,2,9,0,-1,-1,3,3,1,2021,64.0,1,2,0,1,3,2,1,,3,HENRI BARBUSSE (AVE) NÂ°2-124,0,,2,2,0,1,0,1,1,, -1,1,0,8,50,22,5,1,93,93029,2,3,0,6,Avenue Henri Barbusse / Rue du 8 Mai 1945,48.918502,2.448676,12,2,1
202100009431,184Â 840,B01,1,1,2,5,8,0,-1,-1, -1,-1,2021,29.0,1,1,0,2,0,26,3,,4,CHENE VERT,0,,2,2,0,1,1,0,1,, -1,1,0,1,50,4,11,5,49,49267,2,1,0,3,CHENE VERT,47.47022,-0.51596,19,2,2
202100037951,133Â 828,A01,10,3,2,5,0,-1,-1,9,3,2,2021,14.0,3,2,0,1,1,1,1,,4,CEZANNE (RUE PAUL),0,,-1,2,0,1,0,0,1,, -1,1,0,1,50,23,5,2,52,52448,2,1,0,6,CEZANNE (RUE PAUL),48.64347,4.96826,20,2,1
202100048939,114Â 271,A01,1,1,1,9,2,0,-1,-1, -1,-1,2021,50.0,3,1,12,0,1,1,1,,4,MAGINOT (AV. ANDRE),0,,2,2,0,1,(1),(1),3,, -1,1,5,1,50,6,3,5,37,37261,2,6,0,7,MAGINOT (AV. ANDRE),47.4186521831,0.6927180291,22,1,1
202100000371,201Â 045,B01,1,1,1,5,2,-1,-1,0,0,-1,2021,69.0,2,1,1,2,7,1,5,,3,RD608,-1,,1,2,-1,1,0,230,2,, -1,1,-1,1,50,25,10,1,65,65417,2,6,0,3,Rue Edouard Dallas,43.223768,0.094108,14,2,2
202100052478,107Â 914,A01,10,3,2,0,0,-1,-1,4,3,1,2021,50.0,1,2,0,1,1,16,1,,4,RENOUILLERS  (RUE DES),0,,2,1,0,1,1,0,1,, -1,1,0,1,50,5,2,5,92,92025,2,2,0,6,RENOUILLERS  (RUE DES),48.9250182054,2.2399047192,7,2,1
202100000902,200Â 134,A01,1,1,1,0,1,8,-1,-1, -1,-1,2021,53.0,1,2,4,0,1,0,1,,3,MOULIN DE CAGE (QUAI DU),0,,3,6,0,1,0,0,1,, -1,1,1,1,50,28,12,5,92,92036,2,9,0,6,MOULIN DE CAGE (QUAI DU),48.9213,2.3254,20,1,1
202100055958,101Â 861,A01,10,3,2,0,0,-1,-1,2,3,2,2021,38.0,3,5,0,1,1,15,1,,3,MONTGOLFIER (RUE J ET E),0,,2,2,0,2,1,1,1,, -1,2,0,1,50,7,1,5,93,93064,2,3,1,6,MONTGOLFIER (RUE J ET E),48.8887298441,2.4765815673,18,3,1
202100048871,114Â 402,B01,1,1,1,9,2,8,-1,-1, -1,-1,2021,52.0,2,1,0,2,1,17,1,,3,EDOUARD VAILLANT DU 40/62.,0,,2,1,0,1,0,1,1,, -1,1,0,1,30,7,3,1,93,93055,2,4,0,3,EDOUARD VAILLANT DU 40/62.,48.8997976104,2.3960226774,17,2,2
202100035603,138Â 080,A01,1,1,2,9,1,-1,-1,0,0,-1,2021,39.0,2,2,13,0,3,13,1,,3,27,-1,,2,2,0,1,9,960,2,, -1,1,0,3,90,8,6,1,12,12254,1,1,0,6,D27,44.478117,2.521593,15,1,1
202100035988,137Â 357,A01,1,1,1,1,6,2,-1,0,0,-1,2021,48.0,2,1,0,2,1,1,1,,3,43,-1,,2,2,0,1,10,350,1,, -1,1,5,1,50,7,6,2,76,76728,2,2,0,3,Route de Duclair,49.490442878,1.0003234819,21,2,2
202100056494,100Â 919,B01,2,2,1,5,1,-1,-1,-1,0,-1,2021,33.0,1,2,0,2,6,2,1,,2,184,0,,3,4,0,1,2,799,2,, -1,1,0,1,70,1,1,1,95,95572,1,1,0,2,RN 184,49.03295,2.10899,14,3,2
202100054838,103Â 781,A01,1,1,2,5,1,8,-1,-1, -1,-1,2021,21.0,1,2,0,0,8,1,1,,2,104,0,,3,6,0,1,2,200,3,, -1,1,0,1,90,15,1,1,77,77169,1,1,0,3,RN104.INT,48.8124,2.62885,13,3,2
202100044960,121Â 369,B01,1,1,1,5,8,0,-1,-1, -1,-1,2021,63.0,0,2,0,2,2,1,1,,7,SAINT-PIERRE,0,,2,2,0,3,0,0,1,, -1,1,0,1,80,24,3,1,13,13056,1,3,0,3,VENTRONS,43.3788,5.06373,16,2,2
202100050512,111Â 410,B01,1,1,1,3,1,-1,-1,0,0,-1,2021,19.0,1,2,0,2,1,1,1,,3,160,-1,,2,2,0,2,14,500,1,, -1,1,0,1,90,23,2,1,49,49222,1,3,0,1,D160,47.349538,-0.576074,15,2,2
202100008449,186Â 637,B01,1,1,1,0,2,0,-1,-1, -1,-1,2021,38.0,3,1,0,2,7,1,0,,4,PEREIRE,0,,2,2,0,1,(1),(1),1,, -1,1,0,1,50,11,11,1,78,78551,2,1,0,3,PEREIRE,48.901687,2.076408,8,2,2
202100054195,104Â 876,B01,1,1,2,0,8,0,-1,-1, -1,-1,2021,25.0,2,1,0,2,0,9,0,,3,THONES (DE),0,,2,4,0,1,0,0,1,, -1,1,5,1,30,21,1,5,74,74010,2,2,0,3,THONES (DE),45.910478,6.137867,18,2,2
202100017451,170Â 433,A01,1,1,2,0,2,0,-1,-1, -1,-1,2021,49.0,0,1,0,2,1,17,1,,4,BOULEVARD DE VENDEE,0,,3,2,0,1,(1),0,1,, -1,1,0,1,50,22,9,1,44,44109,2,1,0,1,BOULEVARD DE VENDEE,47.1821,-1.51853,8,2,2
202100025451,156Â 173,B01,1,1,1,0,2,8,-1,0,0,-1,2021,17.0,1,1,0,0,4,1,1,,7,BLAYAC (RUE DU PROFESSEUR),0,,-1,4,0,1,14,275,1,, -1,2,9,1,70,4,8,1,34,34172,2,1,1,2,BLAYAC (RUE DU PROFESSEUR),43.62485,3.82627,11,2,2
202100039825,130Â 393,A01,1,1,1,0,1,8,-1,-1, -1,-1,2021,25.0,1,2,0,2,7,13,1,,4,BLUM  BOULEVARD LEON (inf 51),0,,3,4,0,2,(1),(1),1,, -1,2,0,1,50,14,5,1,25,25056,2,2,1,3,BLUM  BOULEVARD LEON (inf 51),47.25599,6.02008,19,2,2
202100052033,108Â 705,A01,1,1,1,1,2,0,-1,0,0,-1,2021,40.0,1,1,0,2,3,1,1,,4,PORTE D ITALIE,0,,1,4,0,1,2,0,1,, -1,1,0,1,70,9,2,1,75,75113,2,1,0,3,PORTE D ITALIE,48.817738,2.367338,8,2,2
202100015994,173Â 080,A01,1,1,1,5,2,6,-1,0,0,-1,2021,63.0,1,1,0,2,3,5,1,,3,606,0,,2,2,0,1,100,355,1,, -1,1,0,1,80,1,10,1,89,89478,1,1,0,3,Route DÃ©partementale 606,47.69587,3.636593,10,2,2
202100002023,198Â 174,B01,1,1,1,0,0,-1,-1,-1, -1,-1,2021,72.0,0,1,0,2,3,26,5,,4,,0,,2,2,0,1,(1),(1),1,, -1,1,0,1,50,18,12,1,45,45068,2,1,0,1,Rue Saint-Just,48.00777,2.72004,15,2,2
202100049649,112Â 994,]01,1,1,1,1,1,-1,-1,-1, -1,-1,2021,30.0,2,2,0,2,2,19,1,,4,JEAN JAURES (AVENUE),0,,2,2,0,1,(1),(1),1,, -1,2,0,1,50,28,2,5,21,21231,2,2,1,3,186b Avenue Jean JaurÃ¨s,47.3003821972,5.0205346942,6,2,2
202100025808,155Â 559,B01,1,1,2,0,1,-1,-1,0,0,-1,2021,59.0,2,2,0,2,6,1,1,,4,,-1,,2,2,0,1,(1),(1),2,,5,2,0,1,80,3,8,1,29,29135,1,1,1,1,Lieu-Dit Quemeur,47.822725,-4.201428,18,2,2