Num_Acc,id_vehicule,num_veh,place,catu,sexe,trajet,secu1,secu2,secu3,locp,actp,etatp,year_acc,victim_age,senc,catv,obs,obsm,choc,manv,motor,occutc,catr,voie,v1,v2,circ,nbv,vosp,prof,pr,pr1,plan,lartpc,larrout,surf,infra,situ,vma,jour,mois,lum,dep,com,agg_,int,atm,col,adr,lat,long,hour,nb_victim,nb_vehicules
202100006849,189Â 538,A01,10,3,1,9,0,-1,-1,1,1,1,2021,84.0,2,2,0,1,2,2,1,,3,901,0,,2,2,0,1,22,850,1,, -1,1,0,1,90,21,11,3,19,19094,1,1,0,6,Les prades,45.333617,1.320832,19,2,1
202100015521,173Â 944,A01,2,2,1,9,1,-1,-1,-1, -1,-1,2021,29.0,2,2,0,2,4,1,1,,4,LIONEL TERRAY                       (R ),0,,2,2,0,1,(1),(1),1,, -1,1,0,1,50,2,10,2,69,69029,2,1,0,2,LIONEL TERRAY (R),45.7264979602,4.9067406356,19,3,2
202100009151,185Â 354,B01,1,1,1,5,1,-1,-1,0,0,-1,2021,83.0,2,2,0,2,7,1,1,,3,14,0,,2,2,0,1,9,179,1,, -1,1,0,1,90,1,11,1,61,61461,1,2,0,3,La Patte d Oie,48.823014,0.383475,16,3,2
202100037401,134Â 810,A01,10,3,1,9,0,-1,-1,1,3,1,2021,62.0,1,2,0,1,4,4,1,,4,ALPES (RUE DES) NÂ° IMP,0,,1,1,0,1,0,0,1,, -1,1,0,1,50,30,5,1,72,72181,2,1,0,6,ALPES (RUE DES) NÂ° IMP,47.99124,0.22004,14,2,1
202100053421,106Â 228,A01,1,1,1,1,2,6,-1,-1, -1,-1,2021,36.0,2,1,0,2,1,3,1,,1,A4,0,,1,5,0,1,1,100,1,, -1,2,0,1,90,28,1,3,94,94018,1,1,1,4,A4,48.8204689196,2.4019549352,7,3,3
202100029737,148Â 636,A01,1,1,1,0,2,8,-1,-1, -1,-1,2021,38.0,1,1,0,9,1,3,1,,3,BADUEL (ROUTE DE),0,,2,2,2,1,3,500,1,, -1,1,0,1,50,9,7,1,973,97302,2,1,0,3,BADUEL (ROUTE DE),4.9289,-52.29952,13,2,2
202100001173,199Â 677,A01,10,3,1,5,0,-1,-1,2,3,1,2021,83.0,2,2,0,1,1,1,1,,4,POUDRIERE (RUE DE LA),0,,2,2,1,1,(1),(1),1,, -1,2,0,1,30,27,12,5,68,68066,2,1,1,6,POUDRIERE (RUE DE LA),48.08544,7.33087,20,2,1
202100042564,125Â 544,A01,1,1,1,4,1,-1,-1,-1, -1,-1,2021,54.0,2,4,0,2,1,2,1,,2,ROUTE NATIONALE 230,0,,3,8,0,1,34,549,1,, -1,1,2,1,90,26,4,1,33,33039,1,1,0,2,Pont FranÃ§ois Mitterrand,44.807262,-0.528165,9,2,2
202100039033,131Â 876,A01,1,1,1,5,0,-1,-1,0,0,-1,2021,26.0,0,2,1,0,3,1,1,,3,39,-1,E,2,2,0,1,3,480,1,, -1,1,0,1,50,21,5,5,34,34182,2,1,0,6,Avenue de Tourbes,43.421815,3.406695,21,1,1
202100055568,102Â 525,A01,1,1,1,1,1,-1,-1,0,0,-1,2021,31.0,1,2,0,2,5,17,1,,2,1,0,N,2,3,0,3,8,800,1,, -1,1,2,1,80,11,1,3,971,97132,1,1,0,3,RN1,15.997708,-61.669317,5,2,2
202100027000,153Â 452,B01,1,1,2,5,1,-1,-1,0,0,-1,2021,43.0,2,2,4,2,3,1,1,,3,309,-1,D,2,2,0,2,1,227,2,, -1,1,0,1,80,26,7,1,6,6090,1,1,0,1,D309,43.589184,6.917042,19,4,2
202100035087,138Â 981,B01,1,1,1,0,2,0,-1,-1, -1,-1,2021,33.0,1,1,0,2,8,1,5,,3,PASTEUR S2  (AVENUE),0,,3,4,1,1,1,1,1,, -1,1,0,5,50,11,6,1,93,93048,2,2,0,3,Avenue Pasteur / Rue des Lilas,48.86934,2.43245,13,2,2
202100043015,124Â 783,A01,1,1,2,5,1,0,-1,-1, -1,-1,2021,37.0,1,2,8,0,1,16,1,,4,LAMARQUE (AVENUE DU CHANOINE JEAN),0,,1,1,0,2,0,0,3,, -1,1,0,4,30,22,4,5,64,64102,2,1,0,7,LAMARQUE (AVENUE DU CHANOINE JEAN),43.48713,-1.476,23,1,1
202100027843,151Â 948,A01,1,1,1,5,2,-1,-1,0,0,-1,2021,42.0,2,1,0,2,0,17,1,,2,2,-1,,2,2,0,1,(1),(1),1,, -1,1,0,1,-1,6,3,2,971,97129,2,3,0,1,Lieu Dit Bebel,16.326492,-61.690689,20,2,2
202100010346,183Â 211,A01,10,3,1,5,0,-1,-1,4,3,1,2021,55.0,2,2,0,1,1,15,1,,4,RUE LOUISE THULIEZ,0,,2,3,1,1,(1),(1),1,, -1,1,0,1,30,29,10,5,75,75119,2,5,0,6,RUE LOUISE THULIEZ,48.877681,2.395613,5,2,1
202100046622,118Â 431,A01,1,1,1,0,2,8,-1,-1, -1,-1,2021,37.0,0,1,0,2,1,13,1,,4,DES TERMES (ROUTE) RD 908,0,,2,2,0,2,1,0,2,, -1,1,0,1,70,24,3,1,13,13002,1,1,0,1,DES TERMES (ROUTE) RD 908,43.3846154485,5.5531306125,9,2,2
202100024048,158Â 660,A01,2,2,2,5,2,-1,-1,0,0,-1,2021,28.0,1,1,0,2,1,1,1,,3,740,-1,,2,2,0,1,14,550,2,,6,1,0,1,80,15,8,1,79,79216,1,3,0,6,,46.239717,-0.311952,19,4,2
202100025745,155Â 665,B01,1,1,1,1,2,6,-1,-1, -1,-1,2021,31.0,2,1,0,2,1,16,1,,4,SEVIGNE (RUE),0,,1,1,0,1,0,1,1,, -1,1,0,1,30,20,7,1,24,24037,2,1,0,3,SEVIGNE (RUE),44.85684,0.4722,13,2,2
202100036626,136Â 242,A01,1,1,2,0,1,0,-1,0,0,-1,2021,27.0,1,2,0,2,1,1,1,,2,RN12,0,,2,4,0,1,1,0,1,, -1,1,0,1,90,22,5,1,22,22278,2,1,0,4,RN12,48.5062073475,-2.7344490588,16,4,4
202100039805,130Â 430,B01,1,1,1,0,2,0,-1,-1, -1,-1,2021,16.0,3,1,0,2,1,1,1,,4,AV DE LA LIBERATION,0,,2,2,0,2,1,0,1,, -1,1,0,1,50,15,5,1,202,202033,2,1,0,1,AV DE LA LIBERATION,42.6838,9.44472,11,2,2
202100051389,109Â 826,A01,2,2,1,0,1,0,-1,-1, -1,-1,2021,21.0,2,2,4,0,3,13,1,,1,AUTOROUTE A1,0,,2,6,3,1,4,0,1,, -1,1,0,1,90,14,2,5,972,97213,1,1,0,6,AUTOROUTE A1,14.6182,-61.0289,23,2,1
202100028954,149Â 971,A01,1,1,1,0,2,8,-1,-1, -1,-1,2021,28.0,1,1,0,0,0,1,1,,1,AUTOROUTE A103,0,,3,4,0,1,0,699,2,, -1,2,0,1,90,14,7,1,93,93053,1,1,0,7,AUTOROUTE A103,48.88758,2.47285,11,1,1
202100016250,172Â 585,A01,1,1,2,9,2,0,-1,0,0,-1,2021,23.0,1,1,0,2,1,2,1,,4,BOULEVARD SAINT GERMAIN,0,,2,4,0,1,(1),(1),1,, -1,1,0,1,30,29,9,1,75,75107,2,2,0,2,BOULEVARD SAINT GERMAIN,48.858507,2.323118,9,2,2
202100018921,167Â 821,B01,1,1,1,0,2,0,-1,-1, -1,-1,2021,56.0,1,1,0,2,1,1,1,,4,BOULEVARD DE LA LIBÃRATION,0,,1,2,0,1,0,0,1,, -1,1,0,1,30,13,9,1,83,83061,2,1,0,3,BOULEVARD DE LA LIBÃRATION,43.42391,6.75713,9,2,2
202100019677,166Â 476,B01,1,1,1,5,2,6,-1,-1, -1,-1,2021,49.0,3,1,0,2,5,1,1,,4,HEURTELOUP (BOULEVARD),0,,2,4,0,1,(1),(1),3,, -1,1,0,1,50,9,9,1,37,37261,2,6,0,6,HEURTELOUP (BOULEVARD),47.3946129074,0.7045079023,9,2,2
202100040304,129Â 560,A01,1,1,1,1,2,8,-1,-1, -1,-1,2021,38.0,3,1,0,2,0,21,1,,4,JAURES (BOULEVARD JEAN),0,,-1,2,0,1,0,0,1,, -1,1,9,1,30,11,5,1,974,97411,2,9,0,3,JAURES (BOULEVARD JEAN),-20.90078,55.4971,13,1,1
202100005611,191Â 773,C01,1,1,1,0,1,-1,-1,0,0,-1,2021,27.0,0,2,0,2,8,1,1,,3,200,-1,,2,2,0,2,19,500,2,, -1,2,2,1,70,1,12,3,60,60409,1,1,0,4,D200,49.286843,2.469027,18,6,4
202100043769,123Â 451,A01,1,1,1,5,2,6,-1,-1, -1,-1,2021,27.0,2,1,0,2,1,1,1,,2,ROUGES TERRES (LES),0,,2,2,0,2,0,0,1,, -1,1,0,1,50,16,4,5,50,50203,2,3,0,2,ROUGES TERRES (LES),49.61429,-1.60335,4,2,2
202100034357,140Â 324,A01,1,1,1,5,2,6,-1,0,0,-1,2021,23.0,2,1,13,0,0,14,1,,3,80,0,D,2,1,0,1,19,500,1,, -1,1,0,1,80,16,6,3,44,44021,1,1,0,7,La Gravouillere,47.064012,-1.889477,0,2,1
202100031049,146Â 242,B01,1,1,1,0,2,6,-1,-1, -1,-1,2021,31.0,0,1,0,2,1,1,1,,3,RD 200_ENTREE MONTATAIRE_SURPLOMB AVEN L,0,,3,4,0,1,2,80,1,, -1,1,0,1,90,1,7,5,60,60414,1,1,0,1,RD 200_ENTREE MONTATAIRE_SURPLOMB AVEN L,49.2592,2.4531,4,2,2
202100007501,188Â 349,A01,1,1,1,1,2,6,-1,0,0,-1,2021,48.0,2,1,7,0,1,14,1,,3,558,-1,,2,2,0,1,20,700,1,, -1,1,0,3,80,19,11,1,7,7126,1,1,0,6,Route de la Vallee de l Ibie,44.42903,4.422147,15,1,1
202100033777,141Â 393,B01,1,1,1,4,1,-1,-1,-1, -1,-1,2021,52.0,2,2,0,2,4,15,1,,4,YVES FARGES                         (BD),0,,2,2,3,1,(1),(1),1,, -1,1,0,1,50,17,6,1,69,69387,2,1,0,2,YVES FARGE (BD),45.73714,4.82886,11,2,2
202100051941,108Â 862,B01,1,1,1,0,2,0,-1,-1, -1,-1,2021,30.0,1,1,0,2,1,1,1,,3,ARGENTEUIL (ROUTE D'),0,,2,2,0,1,0,1,1,, -1,2,0,1,50,10,2,2,93,93031,2,1,0,3,ARGENTEUIL (ROUTE D'),48.9593857734,2.2908523892,18,2,2
202100042401,125Â 839,B01,1,1,1,5,2,-1,-1,0,0,-1,2021,38.0,0,1,0,2,1,1,1,,3,,-1,,1,2,0,1,30,421,1,, -1,2,0,1,-1,27,4,5,6,6161,2,1,1,1,Boulevard des Italiens,43.641358,7.142069,20,2,2
202100030425,147Â 387,A01,4,2,2,5,1,0,-1,-1, -1,-1,2021,20.0,1,2,9,2,1,1,1,,3,EUROPE (AV DE L),0,,3,2,0,1,1,0,1,, -1,1,0,1,50,5,7,2,94,94078,2,2,0,1,Avenue LÃ©o Lagrange,48.73125,2.45877,21,5,2
202100007781,187Â 842,A01,10,3,2,0,0,-1,-1,3,3,1,2021,53.0,2,2,0,1,1,15,2,,3,BROGNY (AVENUE DE) (SECTEUR 330),0,,-1,2,0,1,0,0,1,, -1,1,5,1,50,15,11,1,74,74010,2,3,0,6,BROGNY (AVENUE DE) (SECTEUR 330),45.9193,6.1257,14,2,1
202100028327,151Â 061,B01,1,1,2,5,8,0,-1,-1, -1,-1,2021,14.0,2,1,0,2,3,19,3,,3,MITTERAND (Rue FranÃ§ois),0,,2,2,0,1,1,0,3,, -1,1,0,1,30,18,7,1,94,94028,2,1,0,3,MITTERAND (Rue FranÃ§ois),48.7692,2.4657,18,2,2
202100043409,124Â 072,B01,1,1,1,5,2,8,-1,-1, -1,-1,2021,18.0,2,1,0,2,1,1,1,,3,BRAS DES CHEVRETTES (chemin),0,,2,2,0,1,(1),(1),1,, -1,1,9,8,90,18,4,5,974,97409,1,1,0,1,BRAS DES CHEVRETTES (chemin),-20.95816,55.62632,18,4,2
202100011550,181Â 072,B01,1,1,1,9,1,8,-1,-1, -1,-1,2021,34.0,2,2,0,2,0,0,2,,4,JACQUES COEUR (AVENUE),0,,2,4,2,1,(1),(1),1,, -1,1,0,1,50,22,10,1,86,86194,2,1,0,1,Avenue Jacques Coeur,46.567191,0.376138,13,4,2
202100029211,149Â 542,A01,1,1,1,5,1,-1,-1,0,0,-1,2021,19.0,3,2,2,0,1,1,1,,4,,-1,,2,1,0,1,(1),(1),3,,3,2,0,3,80,14,7,2,1,1163,1,1,0,6,Route de Bezentet,46.387813,5.1509,5,2,1
202100012454,179Â 450,B01,1,1,1,5,8,8,-1,-1, -1,-1,2021,34.0,1,1,0,2,7,19,5,,7,RD POINT GASCOGNE,0,,1,2,0,1,0,1029,3,, -1,1,0,1,30,18,10,5,31,31149,2,6,0,3,RD POINT GASCOGNE,43.60857,1.32686,20,2,2
202100041034,128Â 269,A01,2,2,2,5,1,0,-1,-1, -1,-1,2021,50.0,1,2,0,2,4,1,1,,1,A7-Sens Lyon vers Marseille,0,,1,3,0,2,271,0,1,, -1,1,0,1,90,5,5,1,13,13106,1,1,0,2,A7-Sens Lyon vers Marseille,43.38921,5.35105,19,3,2
202100054709,103Â 998,B01,1,1,1,1,1,-1,-1,0,0,-1,2021,51.0,1,2,3,9,3,2,1,,2,165,-1,N,3,4,0,1,10,0,1,, -1,1,0,1,110,18,1,3,44,44047,1,1,0,1,N 165 PR 10+000,47.254053,-1.674364,7,2,2
202100048560,114Â 951,B01,1,1,1,1,2,0,-1,0,0,-1,2021,29.0,1,1,0,2,1,1,1,,4,RUE DES VIGNOLES,0,,1,1,0,2,(1),(1),1,, -1,1,0,1,50,10,3,1,75,75120,2,2,0,3,RUE DES VIGNOLES,48.853407,2.398443,9,2,2
202100038361,133Â 066,A01,1,1,2,0,1,0,-1,-1, -1,-1,2021,37.0,1,2,0,2,4,1,1,,2,PERIPHERIQUE,0,,2,4,0,1,29,417,1,, -1,1,0,1,90,25,5,1,44,44162,1,1,0,2,PERIPHERIQUE,47.21733,-1.62453,14,3,2
202100016285,172Â 524,B01,1,1,2,1,1,-1,-1,0,0,-1,2021,59.0,2,2,0,2,4,23,1,,3,212,-1,,2,2,0,1,(1),(1),1,, -1,1,0,1,80,30,9,1,63,63350,1,3,0,4,RD 212,45.721993,3.266566,17,5,4
202100027907,151Â 825,A01,1,1,2,0,2,6,-1,-1, -1,-1,2021,19.0,2,1,12,0,7,1,1,,4,CHASSIN (RUE DE),0,,-1,2,0,1,0,0,1,, -1,1,0,1,50,20,7,1,64,64024,2,1,0,7,CHASSIN (RUE DE),43.48664,-1.53141,13,1,1
202100053444,106Â 189,A01,1,1,1,0,8,0,-1,-1, -1,-1,2021,17.0,1,1,0,2,0,16,1,,4,BERSTETT (RUE DE),0,,2,2,0,1,0,0,2,, -1,1,0,1,50,24,1,1,67,67482,2,3,0,3,MITTELHAUSBERGEN (ROUTE DE),48.6004567981,7.7112956082,12,2,2
202100038856,132Â 176,B01,1,1,1,5,2,-1,-1,0,0,-1,2021,29.0,2,1,0,2,1,1,5,,3,15,-1,,2,2,0,2,43,800,1,, -1,1,0,1,50,21,5,1,86,86095,2,3,0,3,D15,46.702874,0.435413,9,2,2
202100032744,143Â 242,A01,1,1,1,5,1,-1,-1,0,0,-1,2021,18.0,0,2,6,0,1,1,1,,4,O,0,X,2,2,0,2,(1),(1),1,, -1,2,0,1,50,24,6,5,69,69085,2,3,0,7,ANCIENNE EGLISE (DE L') (R),45.857477,4.845475,0,5,1
202100014185,176Â 338,A01,1,1,1,5,8,0,-1,-1, -1,-1,2021,28.0,2,1,0,2,3,26,6,,4,JEAN JAURES (PLACE),0,,2,2,0,1,0,0,3,, -1,1,0,8,50,9,10,5,13,13206,2,9,0,3,JEAN JAURES (PLACE),43.29505,5.38608,23,2,2
202100008736,186Â 119,B01,1,1,1,1,2,0,-1,-1, -1,-1,2021,33.0,1,1,0,2,8,1,1,,4,BAILLE (BOULEVARD),0,,2,3,0,1,0,0,1,, -1,1,0,1,50,8,11,1,13,13206,2,2,0,3,BAILLE (BOULEVARD),43.28759,5.39023,13,2,2
202100018829,167Â 990,B01,1,1,1,4,8,0,-1,-1, -1,-1,2021,21.0,1,1,1,0,1,1,5,,3,,0,,3,4,0,1,0,0,1,, -1,2,0,1,50,15,9,1,92,92012,2,1,1,6,REINE (ROUTE DE LA) 1/37- 6/80,48.8395842338,2.2413207911,10,1,1
202100009670,184Â 424,A01,1,1,2,5,1,-1,-1,0,0,-1,2021,33.0,1,2,4,2,3,0,1,,2,1019,0,A,2,2,0,1,2,300,1,, -1,1,0,1,80,3,11,1,90,90007,1,1,0,1,RN1019,47.598538,6.819683,15,2,2
202100051504,109Â 635,B01,1,1,1,1,2,6,-1,-1, -1,-1,2021,43.0,2,1,0,2,1,1,1,,3,BEAUSEJOUR JAMBETTE (ROUTE DE ),0,,2,2,0,1,1,50,3,, -1,1,0,1,30,14,2,2,972,97209,1,1,0,1,BEAUSEJOUR JAMBETTE (ROUTE DE ),14.6361,-61.04004,4,2,2
202100050060,112Â 260,B01,1,1,1,5,8,0,-1,0,0,-1,2021,40.0,2,1,0,0,0,1,5,,4,RUE DE VAUGIRARD,0,,1,3,1,1,(1),(1),1,, -1,1,-1,5,50,25,2,1,75,75115,2,3,0,3,RUE DE VAUGIRARD,48.842462,2.31108,13,2,2
202100030553,147Â 145,B01,1,1,1,3,8,0,-1,-1, -1,-1,2021,70.0,2,1,0,2,1,19,5,,3,,0,,1,2,0,1,(1),(1),1,, -1,1,9,1,50,2,7,1,59,59153,2,6,0,3,RUE DU CHAMP DE MARS,50.453053149,3.5889263538,15,2,2
202100012311,179Â 727,A01,1,1,2,1,1,9,-1,0,0,-1,2021,48.0,2,2,0,2,7,9,1,,3,1032,0,,2,2,0,1,0,545,1,, -1,2,5,1,80,20,10,3,2,2461,1,2,1,3,D1032,49.597805,3.131447,7,2,2
202100005771,191Â 477,B01,1,1,1,0,2,8,-1,0,0,-1,2021,48.0,1,1,0,2,8,1,0,,7,MOATTI PASSAGE,0,,1,2,0,2,(1),(1),2,, -1,1,1,1,50,28,11,1,6,6123,2,1,0,3,MOATTI PASSAGE,43.661096,7.192581,8,2,2
202100046903,117Â 935,A01,10,3,1,2,0,-1,-1,4,3,2,2021,5.0,2,2,0,1,1,15,1,,4,CHAMBRE D'AMOUR (AVENUE DE LA),0,,2,2,0,2,0,0,1,, -1,1,0,1,50,22,3,1,64,64024,2,1,0,6,CHAMBRE D'AMOUR (AVENUE DE LA),43.49508,-1.53327,8,2,1
202100035239,138Â 716,A01,1,1,1,0,0,-1,-1,-1, -1,-1,2021,53.0,2,2,2,0,1,2,1,,3,HENRI BARBUSSE (BOULEVARD) 44-174,0,,3,2,0,1,2,220,1,, -1,1,0,1,50,10,6,1,78,78311,2,1,0,6,HENRI BARBUSSE (BOULEVARD) 44-174,48.93298,2.18062,15,1,1
202100005700,191Â 613,B01,1,1,1,1,1,-1,-1,0,0,-1,2021,51.0,2,2,1,0,1,1,2,,1,8,0,A,3,3,0,1,7,860,1,, -1,1,0,2,130,30,11,3,13,13114,1,1,0,2,"Autoroute A8, pk 007+860",43.552362,5.313773,6,2,2
202100024186,158Â 433,A01,9,2,1,5,0,-1,-1,0,0,-1,2021,21.0,2,2,1,2,3,13,1,,3,28,0,,2,2,0,2,7,560,2,, -1,1,0,1,50,14,8,2,53,53104,2,1,0,1,56 Rue de la Division Leclerc,47.85434,-0.607231,5,4,2
202100027951,151Â 737,A01,1,1,1,1,2,6,-1,0,0,-1,2021,49.0,2,1,0,2,1,2,1,,4,PORTE DE LA CHAPELLE,0,,1,4,0,1,23,300,1,, -1,1,0,1,70,19,7,2,75,75118,2,1,0,2,PORTE DE LA CHAPELLE,48.900887,2.362974,19,3,2
202100005994,191Â 083,B01,1,1,1,9,2,0,-1,0,0,-1,2021,28.0,1,1,1,2,1,18,1,,4,RUE DE JAVEL,0,,1,1,0,1,(1),(1),1,, -1,2,0,1,30,27,11,1,75,75115,2,1,1,3,RUE DE JAVEL,48.844941,2.283478,14,2,2
202100013920,176Â 821,A01,1,1,1,5,1,-1,-1,0,0,-1,2021,36.0,1,2,0,2,3,13,1,,3,973,-1,,2,2,0,1,(1),(1),3,, -1,1,0,1,80,11,10,1,84,84038,1,1,0,3,D973,43.778291,5.109244,14,2,2
202100004498,193Â 727,B01,1,1,2,5,0,-1,-1,0,0,-1,2021,77.0,1,1,0,2,7,12,5,,3,4,-1,,1,1,-1,1,44,(1),2,, -1,1,0,1,50,11,8,1,74,74258,2,6,0,3,Av du Giffre,46.082355,6.72411,18,2,2
202100004231,194Â 185,A01,10,3,1,2,0,-1,-1,4,3,1,2021,16.0,2,2,0,1,7,1,1,,7,MARNE. BOULEVARD DE LA,0,,2,4,3,1,22,600,1,, -1,2,-1,1,50,6,12,5,76,76540,2,2,1,6,MARNE. BOULEVARD DE LA,49.44592,1.08661,7,2,1
202100049465,113Â 343,A01,1,1,1,1,2,6,-1,-1,0,-1,2021,54.0,2,1,0,2,1,3,1,,1,AUTOROUTE A15,0,,3,8,0,2,8,600,1,, -1,1,0,1,110,3,3,1,95,95582,1,1,0,5, A15,48.96655,2.25593,9,4,4
202100028855,150Â 140,A01,2,2,2,9,2,8,-1,0,0,-1,2021,21.0,3,1,2,0,1,14,1,,4,ALLEE DU BORD DE L EAU,0,,2,2,0,1,(1),(1),1,, -1,1,0,1,50,15,7,4,75,75116,2,1,0,6,ALLEE DU BORD DE L EAU,48.871347,2.241179,2,2,1
202100025757,155Â 644,B01,1,1,2,0,1,0,-1,0,0,-1,2021,60.0,1,2,0,2,6,1,1,,2,MUSEE ( Carrefour du ),0,,1,2,0,1,70,0,1,, -1,1,0,1,50,2,8,1,5,5061,2,1,0,2,MUSEE ( Carrefour du ),44.56179,6.08418,19,2,2
202100048809,114Â 524,A01,1,1,1,5,1,-1,-1,0,0,-1,2021,20.0,2,2,0,2,8,1,1,,3,153,-1,,2,2,0,1,6,300,1,, -1,1,5,1,50,9,3,5,55,55457,2,2,0,3,1 rue du Lavoir,49.080212,5.70251,5,2,2
202100027259,152Â 994,A01,1,1,1,5,1,-1,-1,0,0,-1,2021,75.0,1,2,8,0,2,0,1,,7,63,-1,M,1,1,0,1,17,608,3,, -1,1,0,4,50,24,7,1,31,31150,2,6,0,6,Route de Colomiers,43.640683,1.33073,8,1,1
202100020742,164Â 556,B01,1,1,1,5,2,6,-1,0,0,-1,2021,28.0,1,1,0,2,2,1,1,,3,82,-1,,2,2,0,1,43,100,3,, -1,1,5,1,80,5,9,1,63,63370,1,1,0,3,D82,45.656408,2.690492,16,3,2
202100020072,165Â 748,A01,1,1,1,5,2,0,-1,0,0,-1,2021,18.0,3,1,0,1,1,11,1,,4,BAUDOIN IX RUE,0,,2,2,0,1,(1),(1),1,, -1,1,0,1,50,7,9,1,59,59009,2,1,0,6,BAUDOIN IX RUE,50.6239874475,3.1317526102,19,2,1
202100051947,108Â 851,B01,1,1,2,1,1,-1,-1,0,0,-1,2021,48.0,2,2,0,2,3,19,1,,3,108,-1,,2,2,0,1,9,950,1,, -1,1,0,1,30,10,2,5,17,17109,2,3,0,3,rue du grand chemin,46.138947,-1.027216,18,2,2
202100022027,162Â 257,A01,1,1,1,5,2,-1,-1,0,0,-1,2021,58.0,1,1,0,0,0,21,1,,3,765,-1,,2,2,0,1,63,740,1,, -1,1,5,1,50,29,8,1,56,56007,2,6,0,7,Bel Air,47.67146269,-2.99417004,10,1,1
202100020582,164Â 841,B01,2,2,1,0,2,6,-1,-1, -1,-1,2021,30.0,1,1,0,2,8,1,1,,3,SAINT LEU (ROUTE),0,,2,4,1,1,0,0,1,, -1,1,0,5,50,6,9,1,93,93079,2,9,0,3,Route de Saint-Leu,48.95477,2.334142,18,3,2
202100008384,186Â 745,B01,1,1,1,5,1,5,-1,0,0,-1,2021,49.0,2,2,0,0,1,1,1,,3,55,0,D,2,2,0,1,13,800,1,, -1,1,0,1,80,13,11,3,35,35237,1,1,1,1,La Drunerie,47.719498,-1.937817,7,2,2
202100004245,194Â 166,B01,1,1,1,5,1,0,-1,-1, -1,-1,2021,33.0,1,2,0,2,3,1,2,,3,RD 360,0,,2,2,0,1,1,515,2,, -1,2,0,1,50,31,7,1,62,62907,1,1,1,1,RD 360,50.47618,2.99129,9,5,2
202100028348,151Â 030,A01,2,2,2,5,1,-1,-1,0,0,-1,2021,38.0,2,2,0,2,8,15,1,,3,559,0,,2,2,0,1,17,700,4,, -1,1,0,1,50,17,7,5,83,83048,2,1,0,3,1115 Boulevard Georges Selliez,43.201133,6.575645,3,3,2
202100025972,155Â 255,B01,1,1,1,0,1,0,-1,-1, -1,-1,2021,27.0,1,2,0,2,4,23,1,,3,AVENUE RITONDALE LEOPOLD,0,,3,4,0,1,11,860,1,, -1,1,0,1,50,1,8,1,83,83069,1,1,0,4,AVENUE RITONDALE LEOPOLD,43.1150285932,6.1371538638,18,3,3
202100003649,195Â 231,A01,10,3,1,0,8,8,-1,1,3,1,2021,33.0,2,2,0,0,1,19,0,,4,,0,,2,2,0,1,(1),(1),1,, -1,1,0,1,50,10,12,5,45,45147,2,1,0,6,368 Rue du Faubourg Bannier,47.9321,1.89515,22,2,1
202100036475,136Â 502,A01,1,1,1,9,2,6,-1,0,0,-1,2021,42.0,2,1,0,2,1,2,1,,4,AVENUE DE FRIEDLAND,0,,2,4,3,2,(1),(1),1,, -1,2,0,1,50,4,6,1,75,75108,2,4,0,2,AVENUE DE FRIEDLAND,48.874239,2.299591,10,2,2
202100045922,119Â 674,A01,1,1,2,0,1,-1,-1,0,0,-1,2021,29.0,0,2,0,2,3,15,1,,4,JOLIOT CURIE (RUE),0,,2,2,0,3,(1),(1),1,, -1,1,0,1,50,26,3,1,80,80489,2,3,0,1,JOLIOT CURIE (RUE),49.8713,2.35965,7,2,2
202100049808,112Â 716,B01,1,1,1,5,2,6,-1,0,0,-1,2021,18.0,1,1,0,2,8,2,3,,3,622,0,,2,2,0,2,47,400,1,, -1,1,0,1,80,27,2,1,31,31582,1,1,0,3,rd622,43.407604,1.73069,17,2,2
202100016060,172Â 943,A01,10,3,1,3,0,-1,-1,3,3,1,2021,24.0,1,2,0,1,2,1,1,,4,DELATTRE DE TASSIGNY(AVENUE),0,,2,2,0,2,(1),(1),1,, -1,1,0,1,50,27,9,1,7,7019,2,1,0,6,DELATTRE DE TASSIGNY(AVENUE),44.61053,4.38985,17,2,1
202100021245,163Â 683,A01,1,1,1,5,2,8,-1,-1, -1,-1,2021,69.0,1,1,0,0,0,1,5,,3,PASTEUR (AVENUE LOUIS),0,,2,2,0,1,4,500,1,, -1,8,5,5,30,30,8,1,56,56162,2,6,0,7,PASTEUR (AVENUE LOUIS),47.73975,-3.42747,15,1,1
202100015870,173Â 309,A01,10,3,2,2,8,-1,-1,-1, -1,-1,2021,17.0,0,2,1,1,1,1,0,,4,AUGUSTE BLANQUI                     (R ),0,,2,2,0,1,(1),(1),1,, -1,1,0,1,30,29,9,1,69,69149,2,1,0,6,AUGUSTE BLANQUI (R),45.7119586194,4.8101353295,12,2,1
202100055639,102Â 399,A01,10,3,1,2,0,-1,-1,3,3,1,2021,15.0,2,2,0,1,3,1,1,,3,351,0,,2,2,0,1,4,930,3,, -1,1,0,1,50,11,1,2,68,68348,2,6,0,6,Rue Pienoz Kachler,47.801564,7.117317,7,2,1
202100044932,121Â 412,B01,1,1,1,2,2,6,-1,0,0,-1,2021,18.0,1,1,0,2,1,1,1,,4,MARNE (AVENUE DE LA),0,,2,2,0,1,(1),(1),1,, -1,1,0,1,50,6,4,1,65,65440,2,4,0,3,MARNE (AVENUE DE LA),43.2317,0.08551,14,2,2
202100024933,157Â 094,A01,1,1,1,5,2,6,-1,0,0,-1,2021,17.0,2,1,0,0,0,0,1,,4,,-1,,2,2,0,1,5,0,1,,4,1,0,1,50,9,8,1,32,32301,1,1,0,7,Route de CÃ©sar,43.687363,0.512688,19,1,1