Num_Acc,id_vehicule,num_veh,place,catu,sexe,trajet,secu1,secu2,secu3,locp,actp,etatp,year_acc,victim_age,senc,catv,obs,obsm,choc,manv,motor,occutc,catr,voie,v1,v2,circ,nbv,vosp,prof,pr,pr1,plan,lartpc,larrout,surf,infra,situ,vma,jour,mois,lum,dep,com,agg_,int,atm,col,adr,lat,long,hour,nb_victim,nb_vehicules
202100040678,128Â 913,B01,1,1,1,5,2,6,-1,0,0,-1,2021,17.0,1,1,0,2,8,1,1,,3,19,0,,2,2,0,2,22,740,1,, -1,1,0,1,30,10,5,1,85,85050,2,2,0,3,Rue de l'HÃ´tel de Ville,46.50701,-1.34687,10,2,2
202100055990,101Â 806,A01,10,3,1,5,0,-1,-1,1,5,1,2021,8.0,3,2,0,1,5,1,1,,3,5,0,D,2,2,0,1,13,100,1,, -1,1,0,1,50,5,1,1,976,97606,2,1,0,3,Mirereni Be,-12.906274,45.155461,14,2,1
202100039470,131Â 055,A01,1,1,2,5,1,0,-1,0,0,-1,2021,33.0,2,2,0,2,1,2,1,,4,BOULEVARD PERIPHERIQUE,0,,1,4,0,1,14,400,1,, -1,1,1,1,70,16,5,1,75,75116,2,1,0,4,BOULEVARD PERIPHERIQUE,48.864239,2.266641,17,3,3
202100001528,199Â 069,A01,1,1,1,5,1,5,-1,0,0,-1,2021,40.0,3,2,2,0,1,0,1,,4,,-1,,2,2,0,4,(1),(1),1,,4,2,0,3,80,25,12,3,35,35203,1,1,1,6,Botte Veillard,48.171445,-1.972368,17,1,1
202100003558,195Â 386,A01,1,1,1,1,2,8,-1,-1, -1,-1,2021,65.0,1,1,0,0,0,26,1,,3,BEAUSEJOUR JAMBETTE (ROUTE),0,,2,2,0,1,0,0,1,, -1,1,9,1,70,10,11,5,972,97224,1,9,0,7,BEAUSEJOUR JAMBETTE (ROUTE),14.64582,-61.04358,21,1,1
202100022018,162Â 275,A01,7,2,2,5,1,-1,-1,0,0,-1,2021,16.0,1,2,0,2,1,1,1,,3,900,-1,,2,2,0,1,(1),(1),1,, -1,1,0,1,80,14,8,3,84,84034,1,3,0,2,CD 900,43.882834,4.965032,5,4,2
202100036101,137Â 150,B01,1,1,1,9,6,0,-1,0,0,-1,2021,21.0,1,1,0,2,1,16,1,,4,PLACE DE LA CONCORDE,0,,1,3,0,1,(1),(1),1,, -1,1,0,1,50,6,6,1,75,75108,2,7,0,3,PLACE DE LA CONCORDE,48.866792,2.322101,17,2,2
202100011898,180Â 458,C01,1,1,1,5,1,-1,-1,-1, -1,-1,2021,28.0,3,2,0,0,8,9,1,,3,929,0,D,2,2,0,1,19,307,1,, -1,2,0,1,70,21,10,1,76,76700,1,2,1,3,Route du Havre,49.678876,1.033804,12,2,2
202100054879,103Â 712,B01,1,1,1,0,1,0,-1,-1, -1,-1,2021,73.0,1,2,0,2,4,1,1,,4,JOFFRE (AVENUE DU MARECHAL CD 88),0,,-1,3,0,1,0,0,1,, -1,1,0,1,50,14,1,1,66,66136,2,1,0,2,JOFFRE (AVENUE DU MARECHAL CD 88),42.71782,2.88735,11,2,2
202100048328,115Â 368,A01,1,1,1,5,2,-1,-1,0,0,-1,2021,18.0,3,1,0,2,1,15,1,,4,,-1,,2,2,0,2,(1),(1),1,, -1,2,0,1,50,13,3,1,12,12224,2,2,1,3,Route de Combetalade,44.468271,2.985165,13,2,2
202100049497,113Â 279,A01,1,1,1,1,8,0,-1,-1, -1,-1,2021,22.0,3,1,0,4,1,26,3,,4,VIGNAT (RUE EUGENE),0,,2,2,2,1,(1),(1),1,, -1,1,5,1,50,1,3,1,45,45234,2,6,0,3,Rue Eugene Vignat,47.905849403,1.9097245485,8,2,2
202100002658,197Â 032,A01,10,3,2,9,0,-1,-1,2,3,1,2021,25.0,1,1,0,1,2,1,1,,3,GRANDE RUE,0,,2,2,0,1,0,1,1,, -1,1,0,1,50,16,12,1,93,93077,2,1,0,3,GRANDE RUE,48.88251,2.52439,9,3,2
202100006399,190Â 358,A01,10,3,1,2,0,-1,-1,4,3,1,2021,5.0,0,2,0,1,1,16,1,,4,CONSTANTINE. RUE DE,0,,1,1,0,1,0,0,1,, -1,1,-1,1,30,9,11,1,76,76540,2,2,0,6,CONSTANTINE. RUE DE,49.44803,1.07181,12,2,1
202100025997,155Â 211,C01,1,1,2,5,2,6,-1,-1, -1,-1,2021,42.0,1,1,0,0,8,16,1,,7,SAINT PIERRE (RUE),0,,2,3,0,1,0,0,1,, -1,1,0,1,50,1,8,1,13,13205,2,2,0,3,SAINT PIERRE (RUE),43.29255,5.40019,20,3,3
202100019806,166Â 245,B01,1,1,1,0,1,0,-1,-1, -1,-1,2021,41.0,1,2,0,2,4,2,2,,1,A55-Sens Marseille vers Martigues,0,,1,3,0,2,9,0,1,, -1,1,0,1,110,10,9,1,13,13216,1,1,0,4,A55-Sens Marseille vers Martigues,43.36633,5.33229,7,3,3
202100023696,159Â 260,A01,1,1,2,5,1,-1,-1,0,0,-1,2021,19.0,2,2,1,0,2,14,1,,4,MAI (RUE DU 8),0,,2,2,0,1,(1),(1),1,, -1,1,0,1,50,17,8,1,65,65417,2,1,0,6,MAI (RUE DU 8),43.223787,0.10613,12,1,1
202100007620,188Â 124,A01,1,1,1,1,8,0,-1,-1, -1,-1,2021,30.0,1,1,0,2,8,26,5,,7,BETTON (ROND POINT DE),0,,1,1,2,2,8,200,1,, -1,1,0,5,50,17,11,3,35,35024,1,6,0,6,BETTON (ROND POINT DE),48.16309,-1.67548,18,2,2
202100029620,148Â 841,A01,1,1,1,5,2,0,-1,0,0,-1,2021,29.0,3,1,8,0,1,25,3,,4,ALLEE DU CAPITAINE DRONNE,0,,-1,2,0,1,(1),(1),1,, -1,1,6,4,10,9,7,2,75,75115,2,1,0,6,ALLEE DU CAPITAINE DRONNE,48.839286,2.317759,21,1,1
202100045039,121Â 220,Y01,1,1,1,5,2,0,-1,-1, -1,-1,2021,35.0,2,1,0,2,2,1,5,,4,REPUBLIQUE (AV DE LA),0,,2,2,0,1,1,0,1,, -1,1,0,1,30,4,4,1,94,94080,2,2,0,6,Avenue de la RÃ©publique,48.84987,2.43455,16,1,1
202100005235,192Â 425,B01,1,1,1,0,1,0,-1,-1, -1,-1,2021,36.0,1,5,0,2,0,13,1,,3,RUE CHAUDET,0,,-1,1,0,1,0,0,1,, -1,2,0,1,30,1,12,3,91,91552,2,1,1,3,RUE CHAUDET,48.59447,2.27316,19,2,2
202100026935,153Â 566,A01,10,3,1,0,0,-1,-1,6,9,2,2021,20.0,2,5,1,1,2,21,1,,1,A13W,0,,1,4,0,1,12,482,1,, -1,1,3,1,90,26,7,1,78,78043,1,1,0,6,A13W,48.84117,2.1008,14,3,1
202100047509,116Â 840,B01,1,1,1,5,2,0,-1,0,0,-1,2021,28.0,1,1,0,2,8,1,1,,4,COURTONNE (PLACE),0,,2,3,0,1,1,0,1,, -1,1,0,1,50,18,3,1,14,14118,2,7,0,3,Place Courtonne,49.1839,-0.3567,19,2,2
202100056475,100Â 952,A01,1,1,1,5,0,-1,-1,0,0,-1,2021,37.0,2,1,0,2,1,13,1,,3,15,-1,,2,2,0,2,15,340,2,, -1,1,0,1,80,1,1,1,972,97228,1,1,0,1,"RD15, Rue du Souvenir",14.749771,-61.022245,16,2,2
202100038340,133Â 099,B01,1,1,1,0,2,8,-1,-1, -1,-1,2021,41.0,0,1,0,2,1,1,1,,4,AERODROME AVENUE DE L'(CD117),0,,-1,4,0,1,0,0,1,, -1,1,0,1,50,21,5,1,66,66136,2,2,0,3,AERODROME AVENUE DE L'(CD117),42.72192,2.88512,13,2,2
202100051345,109Â 895,A01,1,1,1,1,2,6,-1,0,0,-1,2021,24.0,1,1,0,2,1,17,1,,3,5,-1,,2,2,0,1,0,320,1,, -1,1,0,1,80,16,2,1,12,12290,1,1,0,2,cavagnac,44.435249,2.194812,16,2,2
202100023230,160Â 094,B01,1,1,1,5,2,0,-1,-1, -1,-1,2021,39.0,2,1,0,2,1,0,1,,1,55-Sens Martigues vers Marseille,0,,1,2,0,2,1,639,1,, -1,1,1,8,50,21,8,1,13,13202,1,1,0,2,A55-Sens Martigues vers Marseille,43.3231565785,5.3634677528,14,2,2
202100024386,158Â 093,A01,1,1,1,5,0,-1,-1,0,0,-1,2021,30.0,1,0,0,2,1,9,3,,3,925,-1,,2,2,0,2,8,800,3,, -1,1,5,1,50,12,8,2,65,65305,2,3,0,3,D925,42.9603542713,0.5684088721,6,2,2
202100047628,116Â 621,B01,1,1,1,0,2,8,-1,-1, -1,-1,2021,26.0,2,1,0,2,3,9,1,,4,TOULOUSE (AVENUE DE,0,,2,2,0,2,(1),(1),1,, -1,1,0,1,50,16,3,1,34,34172,2,1,0,5,TOULOUSE (AVENUE DE),43.59393,3.86053,14,5,4
202100001389,199Â 287,Z01,10,3,1,5,0,-1,-1,3,3,1,2021,28.0,1,1,0,1,1,1,1,,4,PASCAL BLAISE BOULEVARD,0,,2,2,0,1,0,0,1,, -1,2,9,1,50,25,12,5,92,92050,2,3,0,6,PASCAL BLAISE BOULEVARD,48.8993985029,2.2091048956,19,2,1
202100012464,179Â 427,B01,1,1,1,1,2,6,-1,-1, -1,-1,2021,56.0,1,1,0,2,3,2,1,,4,PARADIS (RUE),0,,2,3,0,2,0,0,1,, -1,1,0,1,50,18,10,2,13,13208,2,1,0,1,PARADIS (RUE),43.27715,5.38364,19,3,2
202100047817,116Â 282,B01,1,1,1,9,2,6,-1,-1, -1,-1,2021,47.0,3,1,0,2,1,1,1,,7,GARLABAN (AVENUE DU),0,,2,2,0,1,0,0,1,, -1,1,0,1,50,16,3,1,13,13005,2,3,0,3,GARLABAN (AVENUE DU),43.29753,5.57378,15,3,2
202100007205,188Â 875,A01,10,3,2,3,0,-1,-1,8,3,1,2021,87.0,3,2,0,1,4,26,2,,6,GRAMMONT (AVENUE - IMPASSE),0,,-1,0,0,1,0,0,1,, -1,1,0,8,30,7,11,1,64,64122,2,1,0,6,GRAMMONT (AVENUE - IMPASSE),43.47596,-1.55272,11,3,1
202100014228,176Â 258,B01,1,1,1,0,1,0,-1,-1, -1,-1,2021,33.0,-1,1,0,2,1,1,1,,3,GRANDE RUE,0,,2,2,0,1,0,1,1,, -1,1,0,1,50,9,10,1,93,93077,2,3,0,3,GRANDE RUE,48.88251,2.51815,15,2,2
202100029248,149Â 478,B01,1,1,2,0,1,8,-1,-1, -1,-1,2021,32.0,2,2,4,2,8,1,1,,2,104,0,,3,6,0,1,33,849,1,, -1,1,0,1,90,13,7,1,91,91174,1,1,0,3,RN 104,48.62312,2.46681,9,2,2
202100015202,174Â 533,A01,1,1,2,0,1,0,-1,-1, -1,-1,2021,29.0,2,2,0,2,4,23,1,,1,A86 EXT,0,,3,4,0,1,59,0,1,, -1,2,0,1,90,5,10,1,78,78640,1,1,0,4,A86 EXT,48.777181,2.224158,12,3,3
202100051747,109Â 200,A01,1,1,2,1,1,-1,-1,0,0,-1,2021,35.0,2,2,3,0,3,1,1,,2,9,-1,B,1,1,0,1,88,143,1,, -1,2,0,3,50,10,2,1,5,5040,2,1,0,7,D9b1,44.541051,6.286036,11,1,1
202100031339,145Â 723,A01,2,2,2,5,1,5,-1,0,0,-1,2021,19.0,1,2,8,0,7,0,1,,7,18,-1,M,2,2,0,1,0,491,2,, -1,1,9,4,50,3,7,5,31,31445,2,1,0,6,74 Route de la Saune,43.580827,1.535976,2,3,1
202100052449,107Â 960,B01,1,1,1,2,2,0,-1,-1, -1,-1,2021,20.0,3,1,0,2,5,9,5,,4,ROBERT GALLEY (RUE),0,,1,2,1,1,(1),(1),2,, -1,2,0,5,50,5,2,1,10,10333,2,6,1,3,ROBERT GALLEY (RUE),48.28949,4.067667,9,2,2
202100025785,155Â 600,B01,1,1,2,0,2,6,-1,-1, -1,-1,2021,28.0,1,1,0,2,1,1,1,,3,ARISTIDE BRIAND (AVENUE COTE PAIRS),0,,2,2,0,1,0,1,1,, -1,1,0,1,50,3,8,1,93,93007,2,1,0,6,ARISTIDE BRIAND (AVENUE COTE PAIRS),48.944205579,2.447095296,14,2,2
202100046750,118Â 207,A01,1,1,1,5,0,-1,-1,-1, -1,-1,2021,31.0,3,1,0,0,1,1,0,,4,,-1,,2,-1,0,1,(1),(1),1,, -1,1,0,1,-1,24,3,2,62,62617,2,6,0,7,BLUM (RUE LEON),50.47764,2.67789,7,1,1
202100027618,152Â 357,A01,2,2,2,0,1,-1,-1,0,0,-1,2021,44.0,1,2,3,0,3,1,2,,2,4,-1,,3,4,0,1,14,660,1,, -1,1,0,8,110,23,7,1,55,55501,1,1,0,6,"RN4, PK 14+660",48.646365,5.158918,16,2,1
202100018976,167Â 715,B01,1,1,1,0,2,6,-1,-1, -1,-1,2021,21.0,1,1,0,2,3,1,0,,4,ROBERT SCHUMANN (AVENUE),0,,-1,3,0,1,0,0,1,, -1,1,0,1,50,14,9,5,13,13202,2,2,0,3,ROBERT SCHUMANN (AVENUE),43.3030872961,5.3665845769,5,3,2
202100009389,184Â 919,A01,1,1,1,5,8,-1,-1,-1,0,-1,2021,22.0,1,2,4,0,1,1,1,,1,AUTOROUTE A15,0,,3,6,0,1,16,500,1,, -1,2,0,1,110,4,11,3,95,95306,1,1,1,6, A15,49.00488,2.16641,23,1,1
202100037136,135Â 315,C01,1,1,2,0,1,0,-1,-1, -1,-1,2021,33.0,2,2,0,2,4,1,1,,2,346,0,,3,6,0,1,40,400,1,, -1,1,0,1,90,31,5,1,69,69290,1,1,0,5,RN346   38.960 A 40.883,45.709,4.96792,13,3,3
202100005898,191Â 246,A01,10,3,1,5,0,-1,-1,3,3,1,2021,34.0,2,2,0,1,1,1,1,,3,CD NUMERO 471,0,,2,0,0,1,8,345,1,, -1,2,0,1,80,26,11,3,77,77350,1,1,1,6,CD NUMERO 471,48.77842,2.70922,19,2,1
202100004888,193Â 053,B01,1,1,2,0,2,6,-1,0,0,-1,2021,16.0,2,1,0,2,1,1,1,,3,643,0,D,2,2,0,1,(1),(1),1,, -1,2,0,1,50,4,12,5,55,55351,2,3,1,3,Rue Ernest Mabille,49.517385,5.367481,17,2,2
202100055288,102Â 995,A01,1,1,1,4,8,0,-1,-1, -1,-1,2021,39.0,2,3,0,2,1,1,1,1.0,3,VERDUN (RUE DE),0,,2,2,0,1,70,1000,1,, -1,1,0,1,50,11,1,1,76,76351,2,1,0,2,Rue de Verdun,49.50168,0.153,15,2,2
202100005804,191Â 418,A01,1,1,2,5,1,-1,-1,0,0,-1,2021,67.0,2,2,15,0,9,0,1,,3,12,-1,D,2,2,0,1,64,300,1,, -1,7,0,1,80,29,11,1,80,80580,1,1,0,7,D12,50.33793,1.776384,8,1,1
202100049141,113Â 916,A01,1,1,1,5,8,0,-1,0,0,-1,2021,25.0,1,1,0,0,0,1,5,,4,RUE RAMBUTEAU,0,,-1,1,3,1,(1),(1),1,, -1,1,6,1,20,3,3,1,75,75101,2,2,0,7,RUE RAMBUTEAU,48.862169,2.349374,14,1,1
202100002226,197Â 810,A01,2,2,2,5,2,0,-1,-1, -1,-1,2021,9.0,2,1,0,2,4,2,1,,1,AUTOROUTE (A1),0,,3,2,0,2,0,699,1,, -1,1,0,1,90,18,12,1,972,97209,2,1,0,2,AUTOROUTE (A1),14.615215,-61.045263,14,3,2
202100011049,181Â 971,A01,1,1,2,1,8,0,-1,-1, -1,-1,2021,24.0,3,1,0,2,3,1,3,,7,VERDUN RAMBAUD                      (VO),0,,1,2,0,1,455,200,1,, -1,1,0,1,30,25,10,1,69,69382,2,2,1,3,VERDUN RAMBAUD                      (VO),45.7504467617,4.8229067984,8,2,2
202100052068,108Â 647,A01,5,2,1,3,8,-1,-1,0,0,-1,2021,19.0,2,2,0,0,0,1,1,,3,990,-1,,2,2,0,1,13,12,1,, -1,1,0,1,90,9,2,1,3,3178,1,1,0,7,Lieu Dit Chantalouette,46.2626048969,3.7846182985,14,5,1
202100021983,162Â 337,B01,2,2,1,5,0,-1,-1,0,0,-1,2021,19.0,1,1,0,0,4,2,1,,3,963,0,,2,2,0,1,24,293,1,, -1,1,0,1,80,30,8,3,49,49183,1,1,0,2,La caillotiÃ¨re,47.545134,-0.966539,0,4,2
202100054147,104Â 964,C01,2,2,1,3,1,5,-1,0,0,-1,2021,42.0,1,2,0,2,3,23,1,,3,1090,-1,D,2,2,0,1,27,500,1,, -1,2,0,1,80,23,1,1,38,38511,1,3,1,5,D1090,45.35166,5.94747,14,4,3
202100036456,136Â 535,B01,1,1,1,1,2,0,-1,0,0,-1,2021,20.0,1,1,0,2,2,1,1,,4,MATISSE (AV. HENRI),0,,2,2,0,2,(1),(1),1,, -1,1,0,1,50,4,6,1,6,6088,2,1,0,6,MATISSE (AV. HENRI),43.67484,7.21121,7,3,3
202100022575,161Â 267,B01,2,2,2,0,1,0,-1,-1, -1,-1,2021,56.0,2,2,0,2,8,1,1,,1,AUTOROUTE A104,0,,3,6,0,1,3,799,3,, -1,1,0,1,90,25,8,1,93,93078,1,1,0,3,AUTOROUTE A104,48.9581,2.53084,11,3,2
202100022839,160Â 787,A01,10,3,2,5,0,-1,-1,2,3,1,2021,15.0,2,4,0,1,2,26,1,,3,78,0,,2,2,0,1,0,1022,1,, -1,1,0,1,50,23,8,1,77,77246,1,1,0,6,D78,48.585579,3.368565,18,2,1
202100014422,175Â 917,B01,1,1,2,4,2,6,-1,-1, -1,-1,2021,44.0,1,1,0,2,1,1,1,,3,POLANGIS (BD DE),0,,1,1,0,1,1,0,1,, -1,1,0,1,30,7,10,1,94,94042,2,1,0,2,Boulevard de Polangis,48.82048,2.48137,12,2,2
202100046810,118Â 104,A01,1,1,1,0,2,8,-1,-1, -1,-1,2021,20.0,3,1,0,2,1,2,5,,3,3,0,,3,6,0,2,1,0,1,, -1,1,2,1,50,24,3,1,92,92073,2,1,0,2,PONT DE SURESNES,48.8669915941,2.2291007638,17,3,2
202100013653,177Â 307,A01,10,3,1,0,0,-1,-1,3,3,1,2021,84.0,3,2,0,1,1,15,1,,4,DIGNAC (RUE PIERRE),0,,1,1,0,1,(1),(1),1,, -1,1,0,1,30,12,10,1,33,33529,2,3,0,6,DIGNAC (RUE PIERRE),44.63166,-1.148,11,2,1
202100032548,143Â 589,A01,1,1,1,1,1,-1,-1,0,0,-1,2021,30.0,2,5,0,2,2,1,1,,1,7,-1,,3,3,0,1,97,0,1,, -1,1,0,1,130,25,6,3,26,26337,1,1,0,2,Autoroute du Soleil,44.716298,4.785158,4,2,2
202100012638,179Â 121,B01,1,1,1,5,1,8,-1,-1, -1,-1,2021,29.0,1,2,0,2,4,1,1,,3,RD607 de Barbizon Ã  pavÃ© du roi,0,,3,4,0,2,26,389,1,, -1,1,0,1,90,17,10,3,77,77186,1,1,0,2,D607,48.36461,2.69154,20,2,2
202100033586,141Â 733,B01,1,1,1,5,2,6,-1,0,0,-1,2021,31.0,1,1,0,2,2,21,1,,3,JAURES (AV. JEAN),0,,2,2,0,1,15,300,1,, -1,1,0,1,50,17,6,1,47,47001,2,3,0,3,JAURES (AV. JEAN),44.20288,0.62945,21,2,2
202100015304,174Â 354,B01,1,1,1,5,1,0,-1,-1, -1,-1,2021,36.0,2,2,0,2,4,0,1,,1,A13,0,,3,3,0,1,48,900,1,, -1,1,1,1,130,4,10,1,78,78362,1,1,0,2,A13,48.977709,1.712311,8,5,2
202100006740,189Â 736,B01,1,1,2,0,2,0,-1,-1, -1,-1,2021,61.0,2,1,0,2,3,1,5,,3,,0,,3,4,0,1,0,0,1,, -1,1,4,1,50,22,11,3,92,92025,2,2,0,1,CHARLES DE GAULLE (BD),48.91831,2.22395,18,2,2
202100024416,158Â 040,B01,1,1,1,0,2,6,9,0,0,-1,2021,37.0,1,1,0,2,1,1,1,,3,40,0,,2,2,0,1,5,373,3,, -1,1,0,1,80,12,8,2,85,85130,1,1,0,3,La Petite SigonniÃ¨re,46.76209,-1.67593,6,2,2
202100023916,158Â 884,B01,1,1,2,4,2,0,-1,-1, -1,-1,2021,30.0,2,1,0,2,7,25,3,,4,R DE VERDUN,0,,2,2,0,1,1,0,1,, -1,1,0,4,50,16,8,1,94,94047,2,1,0,3,Rue de Verdun,48.70595,2.55342,15,2,2
202100043163,124Â 517,A01,1,1,1,5,8,0,-1,-1, -1,-1,2021,17.0,1,1,0,2,1,2,0,,4,,0,,2,2,0,1,(1),(1),1,, -1,1,0,1,50,21,4,1,45,45234,2,3,0,2,Rue du Faubourg Bannier,47.91056,1.90054,12,2,2
202100035803,137Â 711,A01,1,1,1,5,1,5,-1,0,0,-1,2021,82.0,1,2,0,2,3,1,1,,3,1508,-1,,2,2,0,1,2,750,1,, -1,1,0,1,-1,9,6,1,74,74109,1,1,0,1,D1508,46.090745,5.834073,15,5,2
202100024223,158Â 372,A01,1,1,2,5,1,8,-1,-1, -1,-1,2021,29.0,2,2,3,0,1,12,1,,2,RN 104,0,,3,6,0,1,8,600,2,, -1,1,3,1,70,13,8,2,95,95028,1,9,0,6,RN 104,49.061921,2.34292,21,1,1
202100049209,113Â 794,A01,1,1,1,0,2,0,-1,-1, -1,-1,2021,50.0,2,1,0,2,3,12,1,,1,AUTOROUTE A3,0,,3,10,0,1,6,99,3,, -1,1,0,1,90,5,3,1,93,93010,1,1,0,5,AUTOROUTE A3,48.89024,2.47357,11,3,3
202100051262,110Â 052,A01,10,3,2,1,0,-1,-1,4,3,1,2021,31.0,1,2,0,1,3,1,1,,3,PASTEUR (BOULEVARD),0,,2,4,0,1,0,920,2,, -1,1,0,1,50,10,2,1,95,95555,2,3,0,6,PASTEUR (BOULEVARD),48.9659957303,2.2801458836,8,2,1
202100006015,191Â 043,A01,1,1,1,0,8,0,-1,-1, -1,-1,2021,21.0,2,1,0,2,1,5,3,,3,913,0,,2,2,0,1,0,0,1,, -1,2,0,5,50,26,11,5,92,92050,2,3,0,1,CLEMENCEAU GEORGES AVENUE NÂ° PAIR,48.8866182574,2.2067720443,22,2,2
202100044369,122Â 361,A01,1,1,1,5,2,6,-1,0,0,-1,2021,19.0,2,1,0,2,2,15,1,,4,RUE D ALESIA,0,,2,3,0,1,(1),(1),1,, -1,1,0,1,50,11,4,3,75,75114,2,2,0,1,RUE D ALESIA,48.831823,2.314166,20,2,2
202100015777,173Â 468,A01,10,3,1,5,0,-1,-1,3,3,2,2021,10.0,2,2,0,1,1,1,1,,4,PICASSO PABLO AVENUE,0,,3,4,1,1,0,0,1,, -1,2,0,6,50,1,10,1,92,92050,2,1,1,6,PICASSO PABLO AVENUE,48.8932147497,2.2128653526,16,3,1
202100052084,108Â 620,A01,1,1,1,0,0,-1,-1,0,0,-1,2021,18.0,3,1,6,0,1,1,1,,4,,-1,,2,2,0,1,(1),(1),3,, -1,1,0,1,50,5,2,5,30,30010,2,1,0,6,52 Chemin de la Pousarenco,44.048856,3.974775,22,1,1
202100013972,176Â 726,A01,1,1,1,0,2,6,-1,-1, -1,-1,2021,54.0,1,1,0,2,7,17,1,,2,RN12,0,,3,3,0,1,20,400,1,, -1,1,0,1,110,10,10,3,78,78646,1,1,0,3,RN12,48.78897,2.131708,19,2,2
202100001375,199Â 311,A01,10,3,1,3,0,-1,-1,1,3,1,2021,73.0,1,5,0,1,4,4,1,,4,JOFFRE (PLACE),0,,2,1,0,1,(1),(1),1,, -1,1,0,1,50,20,10,1,19,19275,2,1,0,6,JOFFRE (PLACE),45.547262406,2.3092598386,10,2,1
202100049801,112Â 728,B01,3,2,1,2,1,-1,-1,0,0,-1,2021,8.0,2,2,2,2,3,1,1,,4,30,-1,,2,2,0,1,(1),(1),1,, -1,1,0,1,80,1,3,1,33,33348,1,2,0,4,Chemin des CafÃ©s,45.344798,-1.022064,8,6,3
202100030942,146Â 446,A01,10,3,2,3,0,-1,-1,2,3,1,2021,65.0,1,1,0,1,1,1,1,,3,20,0,A,2,2,0,1,2,885,1,, -1,1,0,1,50,5,7,1,1,1202,2,1,0,6,32 Route du Port,45.90098,5.347426,18,2,1
202100016655,171Â 860,B01,1,1,1,0,2,6,-1,-1, -1,-1,2021,21.0,3,1,0,2,8,0,1,,4,PELTIER RUE DU DOCTEUR,0,,2,2,0,1,(1),(1),1,, -1,1,0,1,30,26,9,5,17,17299,2,2,0,3,PELTIER RUE DU DOCTEUR,45.9352958207,-0.9645703343,20,2,2
202100024647,157Â 603,B01,1,1,2,1,8,0,-1,-1, -1,-1,2021,53.0,1,1,0,2,1,1,0,,3,15,0,,2,2,2,1,0,0,1,, -1,1,0,5,50,1,7,1,92,92004,2,3,0,3,VOLTAIRE  ( BD 01 A 15 ),48.916567738,2.2890213132,17,2,2
202100024507,157Â 853,A01,1,1,1,0,2,8,-1,-1, -1,-1,2021,24.0,1,1,0,2,1,7,1,,3,FONTAINE LA MALLET (DE),0,,2,2,0,1,9,180,1,, -1,1,0,1,80,10,8,1,76,76447,1,3,0,2,FONTAINE LA MALLET (DE),49.54303,0.16621,18,2,2
202100001825,198Â 535,B01,1,1,1,0,8,0,-1,-1, -1,-1,2021,68.0,2,2,0,2,2,0,1,,1,AUTOROUTE A6A,0,,1,3,0,2,8,366,1,, -1,1,0,1,110,22,12,3,91,91689,1,1,0,2,AUTOROUTE A6A,48.7470426527,2.3260545731,5,2,2
202100016537,172Â 069,A01,1,1,1,1,2,6,-1,0,0,-1,2021,23.0,2,1,0,2,6,18,1,,4,AVENUE DE LA PORTE D ITALIE,0,,2,6,0,1,(1),(1),2,, -1,2,0,1,30,27,9,1,75,75113,2,2,0,3,AVENUE DE LA PORTE D ITALIE,48.8164500047,2.3603002277,8,2,2
202100041349,127Â 699,A01,1,1,1,5,1,-1,-1,0,0,-1,2021,43.0,1,2,0,0,1,1,1,,3,603,0,,2,2,0,3,37,510,1,, -1,2,0,3,80,5,5,3,57,57695,1,1,1,7,D603 VARIZE,49.106958,6.445971,20,1,1
202100004116,194Â 383,A01,10,3,2,3,0,-1,-1,0,0,-1,2021,94.0,1,5,0,1,1,15,1,,4,RUE DUTOT,0,,1,1,0,1,(1),(1),1,, -1,1,0,1,30,8,12,1,75,75115,2,2,0,6,RUE DUTOT,48.839476,2.309536,11,2,1
202100045160,121Â 009,B01,2,2,2,0,1,0,-1,-1, -1,-1,2021,35.0,1,2,0,2,4,0,1,,3,7,0,,2,6,0,1,0,0,1,, -1,1,0,1,50,4,4,1,92,92062,2,1,0,2,DE DION BOUTON (QUAI) DU 1 AU 28,48.8853964243,2.25130409,18,4,2
202100013577,177Â 448,B01,1,1,2,4,1,1,-1,0,0,-1,2021,35.0,2,2,0,2,8,1,1,,4,AVENUE DE LA VICTOIRE H. LAFLEUR,0,,3,5,0,1,0,0,1,, -1,1,0,1,50,11,10,1,988,98818,2,3,0,5,AVENUE FOCH/AVENUE DE LA VICTOIRE H. LAFLEUR,-22.27439,166.44279,14,3,3
202100038500,132Â 825,A01,1,1,1,0,1,4,-1,-1, -1,-1,2021,40.0,1,2,3,0,1,15,1,,1,BDL,0,,3,10,0,3,0,270,2,, -1,2,2,1,50,24,5,1,93,93027,1,1,0,6,BDL,48.92623,2.40236,10,1,1
202100040641,128Â 969,B01,1,1,1,1,2,-1,-1,0,0,-1,2021,16.0,1,1,0,2,1,1,0,,3,6089,0,D,2,2,0,1,(1),(1),1,, -1,2,0,1,90,10,5,3,24,24264,1,3,0,3,plaisance,45.012041,0.077752,5,3,2
202100029722,148Â 666,A01,1,1,2,1,1,0,-1,-1, -1,-1,2021,25.0,2,2,3,0,3,1,1,,7,Autoroute A.35,0,,3,4,0,1,301,500,1,, -1,1,0,1,90,5,7,1,67,67482,1,1,0,6,M35,48.5895,7.73169,12,1,1
202100000779,200Â 322,A01,1,1,1,9,2,0,-1,0,0,-1,2021,27.0,1,1,0,2,1,1,1,,4,BOULEVARD BERTHIER,0,,3,3,0,1,(1),(1),1,, -1,2,0,1,30,31,12,5,75,75117,2,2,0,3,BOULEVARD BERTHIER,48.894305,2.313769,0,2,2