Num_Acc,id_vehicule,num_veh,place,catu,sexe,trajet,secu1,secu2,secu3,locp,actp,etatp,year_acc,victim_age,senc,catv,obs,obsm,choc,manv,motor,occutc,catr,voie,v1,v2,circ,nbv,vosp,prof,pr,pr1,plan,lartpc,larrout,surf,infra,situ,vma,jour,mois,lum,dep,com,agg_,int,atm,col,adr,lat,long,hour,nb_victim,nb_vehicules
202100002736,196Â 879,A01,10,3,1,9,8,8,-1,1,3,1,2021,32.0,1,2,0,1,1,19,1,,2,ROUTE NATIONALE 1,0,,3,4,0,1,5,500,1,, -1,1,0,1,90,14,12,5,972,97213,1,1,0,6,ROUTE NATIONALE 1,14.62131,-60.9914,19,2,1
202100048577,114Â 923,A01,1,1,2,1,2,6,-1,0,0,-1,2021,64.0,1,1,0,2,4,23,1,,4,RUE DU LOUVRE,0,,2,2,0,1,(1),(1),1,, -1,1,0,1,50,9,3,1,75,75101,2,2,0,2,RUE DU LOUVRE,48.8639,2.342359,13,2,2
202100033195,142Â 428,B01,1,1,1,5,8,0,-1,0,0,-1,2021,35.0,2,1,0,2,7,1,5,,4,LANGUEDOC (BD DU),0,,2,2,0,1,(1),(1),1,, -1,1,0,1,50,18,6,1,34,34032,2,1,0,6,LANGUEDOC (BD DU),43.36371,3.23901,21,2,2
202100045939,119Â 638,B01,1,1,2,0,1,0,-1,-1, -1,-1,2021,27.0,3,2,0,2,7,1,1,,4,SAINT LEONARD,0,,2,2,0,1,1,0,1,, -1,1,0,1,50,30,3,1,49,49353,2,1,0,3,SAINT LEONARD,47.45802,-0.5147,18,2,2
202100025355,156Â 336,A01,1,1,2,4,1,-1,-1,0,0,-1,2021,30.0,3,6,2,0,1,1,1,,4,0,0,,2,2,0,4,(1),(1),4,, -1,2,0,3,80,6,8,1,19,19075,1,1,0,6,Nirige,45.2655999316,1.9194062836,14,3,1
202100007331,188Â 648,B01,1,1,1,1,2,6,-1,0,0,-1,2021,30.0,1,1,0,2,8,21,1,,4,PORTE DE VANVES,0,,1,3,0,1,(1),(1),1,, -1,1,1,1,70,19,11,1,75,75114,2,4,0,3,PORTE DE VANVES,48.825036,2.303549,8,2,2
202100045379,120Â 619,B01,1,1,1,1,8,8,-1,-1, -1,-1,2021,37.0,0,1,0,2,8,15,5,,4,MOULIN (RUE JEAN),0,,2,2,0,2,(1),(1),1,, -1,1,0,1,50,31,3,1,59,59234,2,1,0,3,MOULIN (RUE JEAN),50.39919,3.04322,13,2,2
202100046323,118Â 970,D01,1,1,1,4,1,0,-1,-1, -1,-1,2021,28.0,2,2,0,2,1,2,1,,7,Autoroute A.35,0,,1,4,0,1,303,100,1,, -1,1,0,1,90,26,3,1,67,67482,1,1,0,4,M35,48.57641,7.72754,16,5,4
202100011710,180Â 799,A01,1,1,1,5,2,-1,-1,0,0,-1,2021,41.0,2,1,0,0,8,1,1,,3,104,-1,,2,2,0,1,21,200,3,, -1,1,0,3,80,23,10,1,53,53002,1,1,0,7,La Pommeraie,48.23595,-0.751877,14,1,1
202100030692,146Â 898,A01,10,3,1,0,0,-1,-1,2,3,-1,2021,13.0,1,2,0,1,2,1,1,,4,GARE (ROUTE DE LA),0,,2,2,0,1,0,0,1,, -1,1,0,1,50,30,6,1,83,83090,2,1,0,6,GARE (ROUTE DE LA),43.12309,5.82833,18,2,1
202100014509,175Â 776,A01,1,1,1,0,2,6,9,0,0,-1,2021,41.0,1,1,0,2,1,1,1,,3,11,0,,2,2,3,1,20,371,1,,7,1,0,5,80,9,10,1,78,78588,1,2,0,3,D11,48.842478,1.841369,10,2,2
202100002258,197Â 746,B01,2,2,2,0,1,0,-1,-1, -1,-1,2021,16.0,2,2,0,2,1,1,1,,3,MINERVOISE -ROUTE-,0,,2,2,0,1,35,0,1,, -1,1,0,1,50,17,12,2,11,11069,2,3,0,3,MINERVOISE -ROUTE-,43.22317,2.36012,17,3,2
202100002242,197Â 776,A01,1,1,1,0,1,0,-1,-1, -1,-1,2021,45.0,2,2,0,2,1,17,1,,7,BEAUHAIRE (RUE CHARLES),0,,2,2,0,1,0,0,1,, -1,1,0,1,50,18,12,1,45,45285,2,1,0,5,BEAUHAIRE (RUE CHARLES),47.90977,1.88174,14,4,4
202100020187,165Â 554,A01,2,2,1,5,2,6,-1,0,0,-1,2021,13.0,1,1,8,0,8,0,1,,3,203,0,,2,2,0,1,8,105,2,, -1,1,0,3,80,8,9,1,33,33412,1,1,0,6,Route de Lussan,45.299626,-0.84816,19,2,1
202100028812,150Â 220,A01,1,1,2,0,1,-1,-1,-1, -1,-1,2021,27.0,3,2,0,2,4,1,1,,4,,0,,2,2,0,1,(1),(1),3,, -1,2,0,1,50,15,7,1,69,69290,1,4,1,2,LYONNAIS (DU) (R),45.6955380048,4.9124037623,18,2,2
202100025647,155Â 840,A01,2,2,2,0,2,6,-1,0,0,-1,2021,17.0,2,1,6,0,1,0,1,,3,3,-1,,2,2,0,2,(1),(1),2,, -1,1,0,1,50,5,8,5,974,97415,2,1,0,1,9 Route Hubert de Lisle (bdn),-21.008866,55.320004,18,2,1
202100047351,117Â 131,B01,1,1,2,0,1,0,-1,-1, -1,-1,2021,40.0,3,5,0,2,4,23,0,,4,PASSE DEBOUT (RUE PASSE DEBOUT),0,,2,2,0,1,(1),(1),1,, -1,1,0,1,50,19,3,1,45,45302,2,1,0,2,Rue Passe Debout,47.935614,1.880996,13,2,2
202100034098,140Â 813,A01,1,1,2,9,2,0,-1,0,0,-1,2021,38.0,1,1,0,2,3,23,1,,4,BOULEVARD MASSENA,0,,3,2,0,2,(1),(1),1,, -1,1,0,1,30,15,6,1,75,75113,2,1,0,3,BOULEVARD MASSENA,48.823462,2.374726,12,2,2
202100048206,115Â 588,A01,1,1,2,1,1,0,-1,-1, -1,-1,2021,54.0,2,2,5,0,2,14,1,,1,A51-Sens Aix en Provence vers Marseille,0,,1,2,0,1,8,50,2,, -1,1,0,8,90,13,3,1,13,13015,1,1,0,7,A51-Sens Aix en Provence vers Marseille,43.45115,5.39616,7,1,1
202100011425,181Â 301,A01,1,1,1,4,2,6,-1,0,0,-1,2021,28.0,2,1,0,2,3,1,1,,4,BOULEVARD VOLTAIRE,0,,2,4,0,1,(1),(1),1,, -1,1,0,1,30,23,10,5,75,75111,2,3,0,3,BOULEVARD VOLTAIRE,48.851609,2.390568,1,2,2
202100027718,152Â 169,B01,1,1,1,0,1,0,-1,-1, -1,-1,2021,64.0,1,2,0,2,3,16,1,,4,OBERHAUSBERGEN (ROUTE D ),0,,2,2,0,1,0,0,1,, -1,1,0,1,50,19,7,1,67,67482,2,3,0,3,OBERHAUSBERGEN (ROUTE D ),48.59251,7.71662,12,2,2
202100013273,178Â 016,A01,10,3,1,5,0,-1,-1,1,3,1,2021,81.0,2,2,0,1,3,20,1,,4,RUE PROFESSEUR JEAN AURIAC,0,,-1,0,0,1,(1),(1),1,, -1,1,0,8,50,14,10,2,33,33249,2,1,0,6,RUE PROFESSEUR JEAN AURIAC,44.87573,-0.51865,7,2,1
202100027010,153Â 437,B01,1,1,1,5,2,-1,-1,0,0,-1,2021,73.0,3,0,0,2,8,19,5,,4,VC,-1,,2,2,0,1,(1),(1),1,,4,1,0,1,50,26,7,1,88,88468,2,3,0,3,Rue des 9 Pres,47.877145,6.756452,14,2,2
202100019264,167Â 199,A01,1,1,1,0,2,6,-1,0,0,-1,2021,75.0,1,1,5,2,7,17,1,,7,2565,0,R,3,2,0,2,28,0,1,, -1,1,0,1,70,10,9,1,6,6103,1,1,0,3,Tunnel,44.038075,7.291709,9,2,2
202100000743,200Â 388,B01,1,1,1,1,2,8,-1,-1, -1,-1,2021,41.0,2,1,0,2,7,16,1,,3,ROUTE DEPARTEMENTALE 3,0,,3,1,0,1,1,500,3,, -1,1,0,1,30,31,12,1,972,97213,1,6,0,3,ROUTE DEPARTEMENTALE 3,14.61236,-60.99555,13,2,2
202100004228,194Â 191,B01,1,1,1,0,2,-1,-1,0, -1,-1,2021,22.0,0,1,0,2,1,1,1,,4,DEJEAN (RUE),0,,2,2,0,1,(1),(1),1,, -1,2,0,1,50,1,12,5,80,80021,2,1,1,3,DEJEAN (RUE),49.89079,2.31869,18,2,2
202100055689,102Â 317,A01,4,2,1,5,1,0,-1,-1, -1,-1,2021,4.0,1,2,0,2,1,13,1,,3,ALL DES FFI,0,,3,2,0,1,1,0,3,, -1,9,0,1,50,9,1,5,94,94004,2,1,0,1,FFI (ALL DES),48.759081,2.508041,18,3,2
202100043370,124Â 143,A01,1,1,2,5,2,0,-1,-1, -1,-1,2021,48.0,1,1,0,2,7,15,1,,3,180,0,,2,2,0,1,0,0,1,, -1,1,0,1,50,20,4,1,92,92064,2,2,0,3,BUZENVAL,48.8518171751,2.2055000067,18,2,2
202100038266,133Â 247,A01,1,1,1,5,2,6,9,0,0,-1,2021,22.0,1,1,0,2,1,1,1,,3,17,0,D,2,2,0,2,28,830,3,, -1,1,0,1,90,27,5,1,15,15113,1,1,0,1,D17,45.097428,2.686801,12,3,2
202100014169,176Â 366,B01,1,1,1,0,2,0,-1,-1, -1,-1,2021,29.0,1,1,0,2,1,1,1,,4,PLACE DELORME,0,,2,0,0,1,(1),(1),1,, -1,1,0,1,30,9,10,1,44,44109,2,7,0,1,PLACE DELORME,47.21507,-1.56359,14,2,2
202100029008,149Â 881,B01,1,1,2,5,1,-1,-1,0,0,-1,2021,60.0,1,2,0,2,4,2,1,,3,,-1,,2,2,0,1,(1),(1),1,, -1,1,0,1,50,8,7,1,11,11140,2,2,0,5,RD 106 ,43.1494618909,2.7226781845,19,4,3
202100013240,178Â 074,B01,1,1,2,3,1,-1,-1,0,0,-1,2021,55.0,0,2,0,2,8,16,1,,4,KLEBER (RUE),0,,2,2,0,1,0,0,1,, -1,1,0,1,50,14,10,1,65,65440,2,9,0,3,KLEBER (RUE),43.248272,0.075483,11,2,2
202100005860,191Â 315,A01,1,1,2,0,8,0,-1,-1, -1,-1,2021,32.0,1,1,12,2,3,17,3,,4,MARCEL BOYER (QU),0,,2,2,0,1,1,0,1,, -1,1,0,1,50,21,2,1,94,94041,2,1,0,3,MARCEL BOYER (QU),48.82259,2.39221,17,3,2
202100004942,192Â 956,B01,1,1,1,0,8,0,-1,-1, -1,-1,2021,35.0,1,1,0,2,3,1,5,,2,13,0,,3,3,0,1,0,0,1,, -1,2,8,5,50,3,12,5,92,92051,2,3,1,3,"CHARLES DE GAULLE (AVENUE, NÂ° 18 A 116)",48.8798068423,2.2762593627,20,2,2
202100008847,185Â 926,A01,10,3,1,4,0,-1,-1,1,2,1,2021,53.0,1,5,0,1,3,1,1,,4,ALLEE DE BERCY,0,,-1,2,0,1,(1),(1),1,, -1,1,0,1,30,8,11,1,75,75112,2,1,0,6,ALLEE DE BERCY,48.843238,2.374567,8,2,1
202100044980,121Â 328,B01,1,1,1,4,2,0,-1,-1, -1,-1,2021,38.0,1,1,0,2,1,1,1,,3,CHARLES GIDE (AV),0,,2,2,0,1,1,0,1,, -1,1,0,1,50,6,4,1,94,94043,2,1,0,3,Avenue Charles Gide,48.806172,2.349941,13,2,2
202100021340,163Â 508,A01,1,1,1,5,0,-1,-1,0,0,-1,2021,17.0,2,1,0,2,8,2,5,,3,55,0,,2,1,0,1,6,400,1,,3,1,0,1,80,1,9,1,71,71305,1,3,0,2,D55,46.459708,4.880612,18,2,2
202100021067,164Â 002,B01,1,1,2,1,1,0,-1,-1, -1,-1,2021,41.0,1,2,0,2,2,1,1,,3,CHARLES DE GAULLE (AVENUE),0,,2,2,0,2,0,0,1,, -1,1,0,1,50,2,9,1,23,23096,2,1,0,3,CHARLES DE GAULLE (AVENUE),46.16985,1.87444,14,2,2
202100045630,120Â 174,A01,1,1,1,5,2,8,-1,0,0,-1,2021,56.0,1,0,0,1,1,1,3,,4,BOULEVARD AUGUSTE BLANQUI,0,,1,2,1,1,(1),(1),1,, -1,1,-1,5,50,1,4,1,75,75113,2,1,0,6,BOULEVARD AUGUSTE BLANQUI,48.830801,2.345365,18,2,1
202100043366,124Â 150,A01,10,3,1,0,0,-1,-1,2,3,1,2021,62.0,1,3,1,1,1,19,1,1.0,3,VAILLANT-COUTURIER (AVENUE PAUL),0,,1,2,0,1,0,1,1,, -1,1,0,1,50,20,4,2,93,93027,2,1,0,1,VAILLANT-COUTURIER (AVENUE PAUL),48.92716,2.41749,20,3,2
202100053677,105Â 789,A01,1,1,1,9,8,-1,-1,0,0,-1,2021,80.0,0,2,15,0,1,1,1,,4,,-1,,2,2,0,1,(1),(1),1,, -1,2,0,4,50,27,1,1,52,52449,2,3,0,6,Rue de l'Avenir,47.831139,5.330155,10,2,1
202100028188,151Â 311,B01,1,1,1,0,2,0,-1,-1, -1,-1,2021,23.0,1,1,0,2,1,0,3,,4,6,0,,1,1,0,2,0,0,1,, -1,1,5,1,30,19,7,1,92,92026,2,6,0,3,BEZONS  (DE 01 A 22),48.893436,2.252115,15,2,2
202100002353,197Â 575,A01,1,1,1,4,1,0,-1,-1, -1,-1,2021,48.0,1,4,1,0,2,1,1,,1,A104,0,,1,2,0,1,13,500,1,, -1,1,0,2,90,18,12,3,77,77294,1,1,0,2,A104,48.9539340089,2.6275581551,7,2,2
202100039161,131Â 627,B01,2,2,2,2,8,0,-1,-1, -1,-1,2021,16.0,0,3,0,2,1,1,1,2.0,3,985,0,,3,0,0,1,215,0,1,, -1,1,0,1,50,20,5,1,92,92064,2,9,0,4,REPUBLIQUE,48.8592186013,2.2124898434,8,4,3
202100003048,196Â 323,A01,1,1,1,0,1,0,-1,-1, -1,-1,2021,67.0,1,2,0,2,3,1,1,,2,118,0,,-1,3,0,1,0,300,1,, -1,1,0,1,70,13,12,1,92,92072,1,1,0,2,N118,48.8260941402,2.2225280128,12,2,2
202100017772,169Â 848,A01,1,1,1,1,2,6,-1,-1, -1,-1,2021,31.0,1,1,14,2,1,3,1,,1,A86,0,,3,8,0,1,8,100,1,, -1,1,0,1,90,21,9,1,92,92036,1,1,0,4,A86,48.9360068665,2.2884313862,9,3,3
202100011312,181Â 520,B01,1,1,1,3,2,-1,-1,0,0,-1,2021,15.0,2,1,0,2,1,15,1,,3,152,0,A,2,2,0,2,2,7,3,, -1,1,0,1,70,24,10,2,74,74033,1,9,0,3,Route de Grange Blanche,46.356558,6.662951,17,2,2
202100008865,185Â 895,A01,1,1,1,5,2,0,-1,-1, -1,-1,2021,29.0,2,1,0,2,8,9,1,,3,920,0,,3,4,1,1,0,0,1,, -1,1,0,8,50,8,11,1,92,92014,2,1,0,2,GENERAL LECLERC (AV.) (135 A FIN - 134 A,48.77427,2.31331,9,2,2
202100028102,151Â 472,A01,1,1,2,0,1,8,-1,-1, -1,-1,2021,32.0,1,2,4,0,8,14,1,,3,20,0,,3,4,0,1,40,0,1,, -1,1,0,3,90,18,7,1,91,91223,1,1,0,7,R.D.20,48.426212,2.147076,19,1,1
202100055267,103Â 032,B01,1,1,2,1,1,0,-1,-1, -1,-1,2021,38.0,2,2,0,2,1,2,1,,1,A13,0,,3,4,0,1,21,399,1,, -1,2,0,1,110,13,1,1,78,78133,1,1,1,4,A13,48.89117,2.009279,9,5,5
202100049461,113Â 353,A01,10,3,1,9,8,8,-1,9,1,1,2021,41.0,1,2,0,1,1,2,1,,1,AUTOROUTE A23,0,,3,5,0,1,16,0,1,, -1,1,2,1,130,1,3,3,59,59449,1,1,0,6,AUTOROUTE A23,50.4735641085,3.2235606015,3,2,1
202100005344,192Â 235,B01,1,1,2,1,2,6,-1,0,0,-1,2021,23.0,1,1,0,2,7,1,1,,3,FERNAND MOUREAUX (BOULEVARD),0,,1,2,0,1,499,0,1,, -1,2,0,1,50,1,12,2,14,14715,2,1,1,3,FERNAND MOUREAUX (BOULEVARD),49.36252,0.08579,17,2,2
202100047491,116Â 875,B01,1,1,2,1,1,0,-1,0,0,-1,2021,35.0,2,2,0,2,1,1,1,,7,,0,,3,6,0,1,(1),(1),1,, -1,1,0,1,50,18,3,1,63,63014,2,2,0,3,Roussillon/Sauzes,45.75538,3.12941,8,3,2
202100014206,176Â 300,A01,4,2,2,5,8,0,-1,0,0,-1,2021,67.0,1,2,9,0,4,4,1,,4,RUE DU RENDEZ VOUS,0,,1,2,0,2,(1),(1),1,, -1,1,0,1,30,9,10,1,75,75112,2,1,0,6,RUE DU RENDEZ VOUS,48.84654,2.401222,9,2,1
202100032828,143Â 099,A01,1,1,1,5,1,0,-1,-1, -1,-1,2021,33.0,2,2,13,0,3,13,1,,3,MITTERRAND (AVENUE FRANCOIS),0,,2,2,0,1,9,300,2,, -1,2,0,1,80,19,6,1,87,87113,1,1,1,6,MITTERRAND (AVENUE FRANCOIS),45.87551,1.34671,19,3,1
202100029054,149Â 807,A01,1,1,2,0,8,-1,-1,0,0,-1,2021,21.0,2,2,0,2,1,9,2,,3,2371,-1,,2,2,0,1,(1),(1),1,, -1,2,0,1,50,14,7,1,3,3186,2,6,1,3,Boulevard Jean Moulin,46.319372,2.959016,10,3,2
202100026123,154Â 998,A01,1,1,2,0,1,-1,-1,-1, -1,-1,2021,41.0,0,2,0,2,7,15,1,,4,,0,,2,2,0,2,(1),(1),1,, -1,1,4,1,50,31,7,1,69,69290,2,9,0,3,SALVADOR ALLENDE (R),45.7037437173,4.9349790215,9,3,2
202100024298,158Â 239,A01,10,3,2,9,0,-1,-1,1,3,1,2021,55.0,3,2,0,1,3,1,1,,4,ROCADE OUEST (RD 610),0,,3,2,0,1,14,800,2,, -1,1,0,1,110,12,8,3,10,10362,2,1,0,6,ROCADE OUEST (RD 610),48.291998,4.032548,4,2,1
202100003103,196Â 217,B01,3,2,2,5,1,0,-1,-1, -1,-1,2021,80.0,1,2,0,2,4,1,1,,3,BASQUE (AVENUE DU GRAND),0,,2,4,0,1,4,850,1,, -1,1,0,1,50,11,12,5,64,64102,2,1,0,5,Avenue du Grand Basque,43.49096,-1.45406,19,5,3
202100021949,162Â 392,A01,1,1,1,9,2,6,-1,0,0,-1,2021,20.0,2,1,0,2,2,1,1,,4,RUE LEMERCIER,0,,1,1,0,1,(1),(1),1,, -1,1,0,1,50,29,8,5,75,75117,2,2,0,3,RUE LEMERCIER,48.886969,2.32304,20,2,2
202100045044,121Â 213,A01,1,1,1,5,8,0,-1,-1, -1,-1,2021,27.0,2,2,9,0,1,9,1,,3,GABRIEL PERI (AVENUE),0,,2,2,0,1,0,0,1,, -1,1,0,8,50,5,4,5,93,93051,2,6,0,6,GABRIEL PERI (AVENUE),48.8319,2.56672,2,1,1
202100053925,105Â 356,A01,1,1,1,0,1,8,-1,-1, -1,-1,2021,50.0,0,2,4,0,0,14,1,,4,BAS CANAL (CHEMIN DU),0,,2,2,0,1,0,0,1,, -1,1,0,3,50,23,1,5,91,91223,2,1,0,7,BAS CANAL (CHEMIN DU),48.42832,2.15934,21,1,1
202100016883,171Â 444,A01,1,1,2,5,1,4,-1,-1, -1,-1,2021,70.0,1,2,8,0,2,1,1,,4,SALIS (RUE DE),0,,-1,1,0,1,0,0,4,, -1,1,0,1,30,24,9,5,64,64024,2,1,0,7,SALIS (RUE DE),43.48491,-1.51669,20,1,1
202100047489,116Â 877,B01,1,1,1,1,2,6,-1,-1, -1,-1,2021,47.0,3,1,0,2,1,1,1,,4,MIRAMBEAU (ROUTE DE),0,,2,3,0,2,0,0,1,, -1,1,0,1,50,17,3,1,64,64024,2,1,0,3,MIRAMBEAU (ROUTE DE),43.4770843401,-1.5101668239,18,2,2
202100011232,181Â 656,B01,1,1,1,9,2,0,-1,0,0,-1,2021,36.0,2,1,0,2,7,5,1,,4,AVENUE JEAN JAURES,0,,2,5,0,1,(1),(1),1,, -1,1,0,1,30,24,10,5,75,75119,2,1,0,3,AVENUE JEAN JAURES,48.888292,2.391154,19,2,2
202100040654,128Â 950,B01,1,1,1,1,2,6,-1,0,0,-1,2021,46.0,1,1,0,2,1,13,1,,2,20,0,T,2,2,0,1,11,500,1,, -1,1,0,1,80,10,5,1,201,201271,1,1,0,3,RT 20 LA CALDANICCIA,41.973239,8.821614,16,2,2
202100003230,195Â 997,B01,2,2,1,0,2,8,-1,-1, -1,-1,2021,15.0,2,1,0,2,1,1,1,,4,UNIVERSITE CHICAGO (RUE DE),0,,2,2,0,1,(1),(1),1,, -1,2,0,1,50,12,12,4,973,97302,2,1,1,3,UNIVERSITE CHICAGO (RUE DE),4.9341957304,-52.2990503311,19,3,2
202100009596,184Â 553,B01,3,2,2,0,1,0,-1,-1, -1,-1,2021,19.0,1,2,0,2,4,1,1,,4,,0,,2,4,0,1,(1),(1),1,, -1,1,0,1,50,3,11,1,37,37261,2,1,0,2,TANNEURS (RUE DES),47.39567537,0.6790111441,12,3,2
202100035215,138Â 754,B01,1,1,1,1,1,-1,-1,-1, -1,-1,2021,50.0,3,2,0,2,6,15,0,,7,CHARLES DE GAULLE                   (AV),0,,3,6,0,1,1,400,1,, -1,1,0,1,50,10,6,1,69,69259,2,9,0,3,CHARLES DE GAULLE (AV),45.71293,4.898562,17,2,2
202100012492,179Â 377,B01,1,1,1,5,2,8,-1,-1, -1,-1,2021,20.0,1,1,0,2,2,1,1,,3,REPUBLIQUE (AV DE LA),0,,2,2,0,1,131,0,1,, -1,2,0,1,50,18,10,5,94,94046,2,2,1,3,Avenue de la RÃ©publique,48.806601,2.443341,20,2,2
202100002339,197Â 607,B01,1,1,2,0,1,-1,-1,0,0,-1,2021,29.0,0,2,0,2,1,1,1,,2,13,0,,2,3,0,1,(1),(1),1,, -1,1,0,1,90,19,12,3,27,27410,1,3,0,3,N13,49.012851,1.282246,20,3,2
202100032750,143Â 231,B01,1,1,2,5,2,-1,-1,0,0,-1,2021,77.0,1,1,0,0,0,2,5,,4,729,-1,,2,2,0,1,(1),(1),1,, -1,1,0,1,90,15,6,1,61,61328,1,1,0,7,Lieu Dit la Hameliniere,48.743881,0.120485,14,1,1
202100051732,109Â 224,A01,1,1,1,1,2,8,-1,-1, -1,-1,2021,53.0,2,1,0,0,0,1,5,,3,7,0,,2,2,1,1,0,0,1,, -1,7,0,5,30,12,2,1,92,92048,2,1,0,7,VAUGIRARD (ROUTE DE),48.82014,2.23968,9,1,1
202100006961,189Â 322,A01,1,1,1,1,1,-1,-1,0,0,-1,2021,25.0,2,2,0,2,3,17,1,,3,64,0,,2,2,0,1,7,925,1,, -1,1,0,1,80,22,11,3,70,70171,1,1,0,1,D64,47.889039,6.301174,19,5,2
202100000031,201Â 706,A01,1,1,2,5,8,0,-1,-1, -1,-1,2021,79.0,1,2,1,0,4,26,1,,3,CD940,0,,-1,1,0,1,9,378,1,, -1,1,9,8,10,13,10,1,62,62108,2,9,0,6,CD940,50.400193,1.598145,15,1,1
202100013709,177Â 199,A01,2,2,2,0,1,6,-1,-1, -1,-1,2021,20.0,3,5,9,2,1,14,0,,3,BAILLY,0,,1,1,0,1,0,1,1,, -1,1,0,1,30,12,10,1,93,93066,2,1,0,6,BAILLY,48.91186,2.3565,8,2,1
202100032380,143Â 888,A01,2,2,1,5,2,6,-1,0,0,-1,2021,11.0,1,1,0,2,1,5,1,,3,1,0,D,2,2,0,1,7,0,2,,5,1,0,1,70,26,6,1,201,201103,1,1,0,1,d1,41.984441,8.887596,13,3,2
202100018502,168Â 563,A01,1,1,1,3,2,-1,-1,0,0,-1,2021,14.0,3,1,9,0,2,1,1,,3,86,-1,,2,2,0,1,(1),(1),4,, -1,1,0,1,50,18,9,1,50,50556,2,1,0,6,D86 le bourg,49.061375,-1.059703,9,1,1
202100020647,164Â 723,B01,1,1,1,5,1,-1,-1,0,0,-1,2021,21.0,1,2,0,2,1,1,1,,2,2,-1,,2,2,0,3,(1),(1),1,, -1,2,0,1,80,5,7,3,971,97129,1,3,1,3,Nolivier,16.294976,-61.670774,1,2,2
202100007077,189Â 109,A01,2,2,1,0,0,-1,-1,0,0,-1,2021,19.0,1,2,0,2,8,1,1,,3,05,-1,,2,2,0,1,9,800,1,, -1,1,0,1,80,21,11,1,46,46336,1,2,0,3,"Lieu dit ""La chambre""",44.478859,1.093022,11,3,2
202100030083,148Â 011,A01,1,1,1,9,1,-1,-1,0,0,-1,2021,68.0,2,2,8,0,1,1,1,,3,613,0,,2,2,0,1,2,500,1,, -1,1,0,3,90,9,7,2,14,14334,1,1,0,6,D613,49.143243,0.388545,6,1,1
202100051075,110Â 379,A01,10,3,2,5,8,8,-1,1,5,1,2021,12.0,2,2,0,1,2,1,1,,4,BEHRA (BD JEAN),0,,2,2,0,2,(1),(1),1,, -1,1,0,1,50,17,2,1,6,6088,2,1,0,6,BEHRA (BD JEAN),43.72909,7.24415,13,2,1
202100033477,141Â 933,A01,1,1,1,3,2,6,-1,0,0,-1,2021,43.0,2,6,0,2,9,1,1,,3,51,0,,2,2,0,1,19,210,1,, -1,1,0,1,80,12,6,1,26,26148,1,1,0,4,1500 Route de la VallÃ©e,45.249468,5.006343,11,3,3
202100030823,146Â 670,B01,1,1,1,0,8,0,-1,-1, -1,-1,2021,62.0,1,1,0,2,8,1,5,,4,VILLEBOURBON (QUAI),0,,1,1,0,2,(1),(1),3,, -1,1,0,1,30,1,7,1,82,82121,2,2,0,3,VILLEBOURBON (QUAI),44.0170871467,1.3479568809,11,2,2
202100010374,183Â 166,B01,1,1,1,9,2,0,-1,-1, -1,-1,2021,24.0,1,1,0,2,1,19,1,,3,ANATOLE FRANCE (RUE),0,,2,2,0,2,0,1,3,, -1,1,0,1,50,27,10,5,93,93053,2,1,0,1,ANATOLE FRANCE (RUE),48.8864484919,2.44685841,20,2,2
202100023114,160Â 294,B01,1,1,1,5,2,0,-1,-1, -1,-1,2021,41.0,1,1,0,2,1,26,1,,4,DEUX CROIX BOULEVARD,0,,2,2,0,1,1,0,1,, -1,1,0,1,50,21,8,1,49,49007,2,2,0,2,DEUX CROIX BOULEVARD,47.47458,-0.52952,10,2,2
202100013898,176Â 859,B01,1,1,1,0,2,0,-1,-1, -1,-1,2021,29.0,3,1,0,2,6,1,1,,3,AUGUSTE FRANCHOT (R),0,,2,1,0,1,0,1,1,, -1,1,0,1,50,11,10,4,94,94022,2,3,0,3,AUGUSTE FRANCHOT (R),48.76762,2.40632,21,3,2
202100008552,186Â 449,A01,1,1,1,5,1,-1,-1,0,0,-1,2021,32.0,2,2,0,2,1,5,1,,3,21,-1,,2,2,0,1,22,441,2,, -1,1,0,1,80,12,11,2,77,77508,1,1,1,1,D21,48.817016,2.810107,6,2,2
202100017458,170Â 420,A01,10,3,1,0,0,-1,-1,3,0,-1,2021,78.0,1,1,0,1,0,26,3,,4,ABBES JEU DE MAIL,0,,2,2,0,1,(1),(1),1,, -1,1,6,1,50,22,9,1,34,34172,2,1,1,6,Rue du Jeu de Mail des Abbes,43.62208,3.8829,18,2,1
202100019457,166Â 860,A01,1,1,1,5,2,6,9,0,0,-1,2021,16.0,3,1,0,0,7,1,1,,4,,0,,2,2,0,2,(1),(1),3,,4,9,9,1,50,20,5,1,38,38051,1,1,0,6,Rue des Ecoles,45.3193,4.876159,18,1,1
202100025803,155Â 568,A01,1,1,1,0,2,6,-1,0,0,-1,2021,53.0,0,1,0,2,1,17,1,,3,532,-1,,2,2,2,1,(1),(1),1,,7,1,5,1,50,3,8,1,80,80333,2,2,0,3,Avenue de la Plage,50.339996,1.567939,10,2,2
202100048508,115Â 053,B01,1,1,1,0,8,-1,-1,-1, -1,-1,2021,21.0,3,1,0,2,0,0,5,,4,ST SEBASTIEN                        (MO),0,,2,0,0,2,(1),(1),1,, -1,1,0,1,30,9,3,2,69,69381,2,3,0,3,ST SEBASTIEN                        (MO),45.77069,4.83582,18,2,2
202100034733,139Â 629,A01,1,1,1,0,2,0,-1,-1, -1,-1,2021,18.0,1,1,0,9,1,1,1,,4,HEDER (place),0,,1,1,0,1,(1),(1),1,, -1,1,0,1,50,12,6,1,973,97302,2,2,0,3,HEDER (place),4.94132,-52.33235,15,3,2