Num_Acc,id_vehicule,num_veh,place,catu,sexe,trajet,secu1,secu2,secu3,locp,actp,etatp,year_acc,victim_age,senc,catv,obs,obsm,choc,manv,motor,occutc,catr,voie,v1,v2,circ,nbv,vosp,prof,pr,pr1,plan,lartpc,larrout,surf,infra,situ,vma,jour,mois,lum,dep,com,agg_,int,atm,col,adr,lat,long,hour,nb_victim,nb_vehicules
202100034319,140Â 389,A01,1,1,1,1,1,8,-1,-1, -1,-1,2021,30.0,2,2,1,2,1,1,1,,3,NEWBURN (AV DE),0,,1,3,0,1,0,1,1,, -1,1,5,1,50,14,6,1,94,94022,2,2,0,3,NEWBURN (AV DE),48.75493,2.41182,10,3,2
202100001013,199Â 954,B01,1,1,1,0,2,0,-1,-1, -1,-1,2021,15.0,0,1,0,2,1,2,1,,4,EUROPE (RUE DE L'),0,,2,2,0,1,0,0,1,, -1,2,0,1,50,27,12,5,45,45004,2,1,0,3,EUROPE (RUE DE L'),47.9786292612,2.7291959524,18,2,2
202100004326,194Â 027,B01,1,1,1,1,2,6,-1,0,0,-1,2021,48.0,2,1,0,0,4,2,1,,3,11,0,D,2,2,0,1,(1),(1),1,,7,2,0,1,80,8,12,3,22,22207,1,1,1,2,D11,48.631483,-3.463397,8,2,2
202100009720,184Â 326,A01,1,1,1,9,2,8,-1,-1, -1,-1,2021,27.0,3,1,0,2,1,19,1,,4,RUE MONDESIR,0,,1,1,0,1,0,0,1,, -1,2,0,1,30,1,11,1,44,44109,2,2,1,3,RUE MONDESIR,47.21725,-1.56927,13,2,2
202100006104,190Â 896,A01,1,1,1,1,1,0,-1,0,0,-1,2021,48.0,2,2,0,2,1,2,1,,4,RUE DU BAC,0,,2,2,0,1,(1),(1),2,, -1,1,0,1,30,26,11,1,75,75107,2,4,0,4,RUE DU BAC,48.856751,2.327092,9,4,3
202100006599,190Â 000,NA01,1,1,1,0,8,0,-1,-1, -1,-1,2021,23.0,1,1,0,2,8,19,5,,3,ALBERT JOZON (RUE),0,,2,4,0,1,6,780,1,, -1,1,0,1,50,23,11,1,78,78401,2,2,0,3,ALBERT JOZON (RUE),49.005711,1.906465,14,2,2
202100000515,200Â 777,A01,1,1,1,5,2,6,-1,-1, -1,-1,2021,28.0,1,1,1,0,1,1,1,,4,CAPELETTE (AVENUE DE LA),0,,2,2,0,1,0,0,1,, -1,1,0,1,50,13,3,5,13,13210,2,1,0,2,CAPELETTE (AVENUE DE LA),43.28036,5.40924,22,2,1
202100045221,120Â 893,A01,1,1,1,5,2,8,-1,0,0,-1,2021,21.0,1,1,0,2,1,1,1,,4,REPUBLIQUE (AVENUE DE LA),0,,2,2,0,1,(1),(1),1,, -1,2,0,1,50,3,4,1,71,71153,2,1,0,2,81 Avenue de la RÃ©publique,46.7920880809,4.4479179025,15,2,2
202100006409,190Â 346,A01,1,1,1,4,1,0,-1,-1, -1,-1,2021,36.0,2,4,0,2,1,5,1,,3,RD 621,0,,2,2,0,1,(1),(1),1,, -1,1,0,1,90,10,11,1,59,59334,1,1,0,3,RD 621,50.3949762024,3.0385378003,15,2,2
202100002017,198Â 186,A01,10,3,2,5,0,-1,-1,8,5,1,2021,3.0,3,2,2,1,1,13,1,,6,LILLE (RUE DE)MENIN A 8 MAI 1945,0,,-1,0,0,1,(1),(1),2,, -1,1,0,1,30,20,12,1,59,59508,2,1,0,6,LILLE (RUE DE)MENIN A 8 MAI 1945,50.7447089755,3.1156003475,14,2,1
202100016899,171Â 417,B01,1,1,1,0,1,-1,-1,-1, -1,-1,2021,19.0,2,2,0,2,1,1,1,,4,SAINT MARCEAUX (BOULEVARD DU NÂ°70 A FIN),0,,2,2,2,1,(1),(1),1,, -1,1,0,1,50,24,9,1,51,51454,2,3,0,5,Boulevard Saint Marceaux,49.25313,4.04471,12,4,3
202100009796,184Â 183,A01,1,1,2,9,1,-1,-1,-1, -1,-1,2021,28.0,2,2,1,0,2,1,1,,3,MAJORAL ARNAUD (AV.),0,,2,2,0,2,13,275,1,, -1,1,0,1,50,2,11,1,4,4112,2,1,0,6,RD 907 - Av Majoral Raoum Arnaud,43.831,5.779,10,1,1
202100007852,187Â 700,A01,1,1,1,9,1,0,-1,0,0,-1,2021,51.0,1,2,0,2,8,1,1,,4,QUAI DE BERCY,0,,1,3,0,1,(1),(1),1,, -1,1,0,1,50,15,11,5,75,75112,2,1,0,3,QUAI DE BERCY,48.834532,2.381567,5,2,2
202100011526,181Â 115,B01,1,1,1,5,2,0,-1,-1, -1,-1,2021,34.0,1,1,0,2,8,7,1,,4,JULES FAVRE                         (BD),0,,2,4,3,1,(1),(1),1,, -1,1,0,6,50,22,10,5,69,69386,2,2,0,3,JULES FAVRE (BD),45.766247334,4.8592078961,22,2,2
202100001857,198Â 476,C01,1,1,2,3,1,-1,-1,-1, -1,-1,2021,47.0,2,2,0,2,0,0,1,,3,1059,0,,2,2,0,2,1,0,1,, -1,1,2,1,50,21,12,5,67,67462,2,1,0,5,GENERAL DE GAULLE (AVENUE DU),48.26124,7.44368,17,4,3
202100034569,139Â 926,B01,4,2,1,3,1,-1,-1,-1, -1,-1,2021,14.0,2,2,0,2,6,15,1,,4,ROGER SALENGRO     (Avenue),0,,3,2,2,1,(1),(1),1,, -1,1,0,1,50,13,6,1,69,69266,2,2,0,2,ROGER SALENGRO (AV),45.77641,4.87305,13,4,2
202100019855,166Â 147,B01,1,1,2,2,2,4,-1,-1, -1,-1,2021,34.0,1,1,0,2,1,13,6,,4,GEORGES CLEMENCEAU (PLACE),0,,2,0,0,1,0,0,3,, -1,1,0,1,50,8,9,1,77,77186,2,3,0,3,GEORGES CLEMENCEAU (PLACE),48.4106882968,2.7013741381,12,2,2
202100055668,102Â 349,B01,1,1,1,4,2,6,-1,-1, -1,-1,2021,39.0,2,1,0,2,8,1,1,,2,LORIENT (DE),0,,2,3,3,1,0,337,1,, -1,1,0,6,50,9,1,1,35,35238,2,3,0,3,LORIENT (DE),48.10713,-1.72066,16,3,2
202100026996,153Â 458,A01,1,1,2,5,1,-1,-1,0,0,-1,2021,53.0,3,2,16,0,9,21,1,,4,,-1,,2,2,0,2,(1),(1),2,, -1,1,0,8,80,27,7,1,38,38078,1,1,0,7,ROUTE DE BENS,45.399,6.139,14,1,1
202100013989,176Â 696,A01,2,2,1,5,8,0,-1,-1, -1,-1,2021,21.0,1,2,8,0,1,13,1,,4,PERAUDEL (RUE),0,,1,1,0,2,(1),(1),1,, -1,1,0,4,50,10,10,5,81,81065,2,1,0,6,PERAUDEL (RUE),43.60771,2.24942,3,2,1
202100015035,174Â 833,A01,1,1,1,0,1,8,-1,-1, -1,-1,2021,41.0,1,2,13,0,1,14,1,,3,23,0,,2,2,0,2,2,580,1,, -1,1,0,3,50,1,10,1,56,56083,2,1,0,6,Avenue Edouard Vaillant,47.81671,-3.25665,17,1,1
202100010040,183Â 750,A01,2,2,2,5,1,0,-1,0,0,-1,2021,22.0,2,2,0,2,1,2,1,,4,BOULEVARD DE DOUAUMONT,0,,1,2,0,1,(1),(1),1,, -1,1,8,1,50,31,10,5,75,75117,2,4,0,4,BOULEVARD DE DOUAUMONT,48.896373,2.310323,5,5,3
202100011196,181Â 717,A01,1,1,1,5,2,6,-1,-1, -1,-1,2021,41.0,2,1,12,0,1,1,1,,4,VIEUX FOURNEAU,0,,2,2,0,1,(1),(1),2,,3,1,0,4,50,25,10,5,79,79191,2,1,0,7,Rue du Vieux-Fourneau,46.33143,-0.45965,0,1,1
202100048773,114Â 585,A01,10,3,2,5,0,-1,-1,2,3,1,2021,75.0,3,2,0,1,1,15,1,,4,RUE DU PRE SAINT GERVAIS,0,,1,1,0,1,(1),(1),1,, -1,1,0,1,50,8,3,1,75,75119,2,5,0,6,RUE DU PRE SAINT GERVAIS,48.877699,2.395617,11,2,1
202100007339,188Â 634,B01,1,1,1,1,2,6,-1,0,0,-1,2021,27.0,2,1,0,2,0,1,1,,4,RUE RAYMOND LOSSERAND,0,,1,1,0,1,(1),(1),1,, -1,1,0,1,30,19,11,1,75,75114,2,3,0,7,RUE RAYMOND LOSSERAND,48.8291352692,2.3084324598,16,2,2
202100026871,153Â 688,B01,2,2,2,0,2,6,-1,-1, -1,-1,2021,28.0,1,1,0,2,1,1,1,,3,JEAN JAURES (AVENUE),0,,2,2,0,1,0,1,1,, -1,2,0,1,50,27,7,1,93,93047,2,2,1,3,Avenue Jean JaurÃ©s / Avenue des GÃ©raniums,48.898598,2.550398,20,3,2
202100032007,144Â 532,B01,1,1,1,1,2,8,-1,-1, -1,-1,2021,34.0,2,1,0,2,2,1,1,,4,JEAN MOULIN (RUE),0,,2,2,0,1,0,0,1,, -1,2,0,1,50,27,6,1,92,92002,2,1,1,3,JEAN MOULIN (RUE),48.75329,2.30587,13,2,2
202100019783,166Â 285,A01,2,2,2,0,1,-1,-1,0,0,-1,2021,27.0,2,2,0,2,3,17,1,,3,933,0,N,2,2,0,1,39,900,1,, -1,1,0,1,80,11,9,1,40,40103,1,1,0,1,D933n,43.949598,-0.371411,10,4,2
202100039434,131Â 116,B01,1,1,2,9,1,8,-1,-1, -1,-1,2021,27.0,0,2,0,2,7,1,1,,4,GUYNEMER (AVENUE GEORGES),0,,-1,2,0,2,0,0,1,, -1,1,0,1,50,16,5,5,66,66136,2,3,0,3,GUYNEMER (AVENUE GEORGES),42.69496,2.90412,21,2,2
202100056285,101Â 289,B01,1,1,2,0,8,0,-1,-1, -1,-1,2021,33.0,2,1,0,9,8,19,5,,3,GENERAL LECLERC (AV DU),0,,2,4,0,1,0,0,1,, -1,1,0,1,50,4,1,1,94,94046,2,1,0,3,GENERAL LECLERC (AV DU),48.809983,2.433749,14,2,2
202100019178,167Â 353,B01,1,1,1,0,8,-1,-1,-1, -1,-1,2021,20.0,0,1,0,2,1,1,5,,4,RUE DES ETRANGERS,0,,1,1,0,1,(1),(1),1,, -1,1,0,1,30,13,9,1,33,33063,2,2,0,3,RUE DES ETRANGERS,44.86468,-0.54948,10,2,2
202100017324,170Â 683,B01,1,1,1,5,2,6,-1,0,0,-1,2021,30.0,2,1,0,2,1,1,1,,2,126,0,N,2,2,0,1,8,100,1,, -1,1,0,1,80,24,9,1,81,81173,1,2,0,3,N126,43.6167637,1.722924,19,2,2
202100041210,127Â 943,B01,1,1,1,5,2,-1,-1,0,0,-1,2021,55.0,1,1,0,2,8,1,5,,3,23,0,,2,2,0,1,17,70,1,, -1,1,0,1,50,7,5,1,57,57160,2,2,0,1,rue des Jonquilles/rue de la Houve,49.21479,6.694032,19,2,2
202100008601,186Â 362,A01,1,1,1,1,2,0,-1,0,0,-1,2021,41.0,2,1,0,2,8,21,1,,4,RUE DE MONTEMPOIVRE,0,,1,1,0,1,(1),(1),1,, -1,1,0,1,30,10,11,1,75,75112,2,1,0,7,RUE DE MONTEMPOIVRE,48.840382,2.40831,9,1,1
202100029102,149Â 730,B01,1,1,1,1,2,-1,-1,-1, -1,-1,2021,50.0,1,1,0,2,0,0,5,,3,FRANS ROUTE DE,0,,1,4,1,1,57,900,1,, -1,1,0,1,50,13,7,1,69,69264,2,3,0,3,FRANS (DE) (RTE),45.98496,4.73167,13,2,2
202100010115,183Â 625,B01,3,2,2,5,1,-1,-1,-1,0,-1,2021,19.0,2,2,0,2,4,2,1,,1,AUTOROUTE A15,0,,3,6,0,1,16,399,1,, -1,1,0,1,110,31,10,3,95,95306,1,1,0,2,A15,49.00355,2.1683,6,4,2
202100013521,177Â 559,A01,1,1,2,5,2,6,-1,-1, -1,-1,2021,54.0,2,1,0,0,8,21,1,,3,RD 31 VERS LAVAL,0,,2,2,0,1,0,0,2,, -1,1,5,1,90,10,10,1,53,53054,1,6,0,7,RD 31 VERS LAVAL,48.114989,-0.853804,17,1,1
202100037995,133Â 746,A01,10,3,2,0,0,-1,-1,4,3,1,2021,19.0,2,2,0,1,1,1,1,,7,HOTEL DE VILLE (RUE DE L'),0,,2,3,0,1,(1),(1),1,, -1,1,0,1,50,26,5,1,63,63032,2,5,0,6,HOTEL DE VILLE (RUE DE L'),45.7532758993,3.0877860635,7,2,1
202100017877,169Â 669,A01,1,1,1,5,2,0,-1,0,0,-1,2021,33.0,2,1,0,2,1,1,3,,4,RUE DE LA CROIX NIVERT,0,,2,2,0,1,(1),(1),1,, -1,2,0,1,30,20,9,2,75,75115,2,2,1,3,RUE DE LA CROIX NIVERT,48.843614,2.295767,7,2,2
202100033952,141Â 074,A01,1,1,1,5,1,-1,-1,0,0,-1,2021,18.0,1,2,2,0,2,0,1,,4,,-1,,2,2,0,1,(1),(1),1,,4,2,0,3,50,17,6,2,77,77222,2,1,1,6,Rue du Bois Boulay,48.628222,2.801707,21,3,1
202100016387,172Â 341,A01,1,1,1,0,2,6,-1,-1, -1,-1,2021,40.0,1,1,0,2,1,2,1,,3,50,0,,2,2,0,1,0,0,1,, -1,1,0,1,50,28,9,1,92,92012,2,1,0,2,ANDRE MORIZET (AVENUE) 1/47 - 2/52,48.83515,2.24108,15,2,2
202100041256,127Â 854,A01,1,1,1,0,2,0,-1,-1, -1,-1,2021,19.0,1,1,0,2,1,12,1,,3,94,0,,-1,2,0,1,0,100,2,, -1,2,0,1,50,5,5,1,91,91691,2,1,1,3,MARCEAU BAILLIOTI(RUE),48.70684,2.49598,16,2,2
202100012786,178Â 867,A01,2,2,2,5,1,0,-1,-1, -1,-1,2021,42.0,2,2,3,0,1,2,1,,1,A50-Sens Aubagne vers Marseille,0,,1,3,0,1,0,699,1,, -1,1,0,1,70,16,10,5,13,13210,1,1,0,6,A50-Sens Aubagne vers Marseille,43.28394,5.40256,6,2,1
202100026087,155Â 060,B01,2,2,2,5,2,-1,-1,0,0,-1,2021,62.0,2,1,0,0,1,1,1,,7,617,0,D,2,2,0,2,(1),(1),1,, -1,1,0,1,30,29,7,1,44,44047,2,1,0,3,Rue du Premier Mai,47.213469,-1.682395,19,3,2
202100051670,109Â 335,B01,1,1,1,1,1,0,-1,-1, -1,-1,2021,38.0,2,2,5,0,4,2,1,,7,GRAMME (CHAUSSEE),0,,-1,2,0,1,(1),(1),1,, -1,1,0,1,50,12,2,1,59,59599,1,1,1,2,GRAMME (CHAUSSEE),50.73659,3.17068,11,2,2
202100027610,152Â 373,A01,1,1,1,5,2,-1,-1,0,0,-1,2021,17.0,1,1,15,0,0,1,1,,3,71,0,A,2,2,0,1,0,180,1,, -1,1,2,1,50,22,7,3,80,80192,2,9,0,7,D71a,49.906224,2.645345,22,1,1
202100010551,182Â 868,A01,10,3,1,9,0,-1,-1,3,3,1,2021,53.0,1,2,0,1,1,1,1,,4,RUE ORFILA,0,,2,2,0,2,(1),(1),1,, -1,1,0,1,30,28,10,1,75,75120,2,2,1,6,RUE ORFILA,48.86543,2.394886,17,2,1
202100053325,106Â 406,B01,1,1,1,0,8,0,-1,-1, -1,-1,2021,76.0,3,2,0,2,6,1,1,,4,C.De GAULLE (Rocade),0,,2,4,0,1,0,9,1,, -1,1,0,1,50,18,1,1,84,84007,2,1,0,3,C.De GAULLE (Rocade),43.94299,4.83314,14,2,2
202100026325,154Â 637,A01,10,3,2,0,0,-1,-1,4,3,1,2021,35.0,3,5,0,1,1,15,1,,4,DOCTEUR JEAN FIOLLE (RUE DU),0,,1,1,0,2,0,0,1,, -1,1,0,1,50,29,7,1,13,13206,2,2,0,1,DOCTEUR JEAN FIOLLE (RUE DU),43.28498,5.38283,14,2,1
202100041127,128Â 095,B01,2,2,2,5,1,0,-1,-1, -1,-1,2021,20.0,3,2,0,2,5,2,1,,2,RN 102,0,,2,2,0,1,41,500,1,, -1,1,0,1,80,6,5,1,7,7019,1,1,0,2,RN 102,44.62917,4.3807,8,3,2
202100017920,169Â 587,A01,2,2,2,5,1,-1,-1,0,0,-1,2021,35.0,3,2,0,2,3,1,1,,3,180,-1,,3,2,0,1,(1),(1),1,, -1,1,0,1,80,21,9,1,80,80343,1,1,0,1,D180,49.948297,1.680345,9,3,2
202100024101,158Â 580,B01,1,1,1,1,1,8,-1,-1, -1,-1,2021,27.0,1,2,0,2,4,23,2,,7,35,0,,3,5,0,1,0,1,1,, -1,1,0,1,90,10,8,1,67,67482,1,1,0,4,M35,48.58717,7.72726,18,4,3
202100035967,137Â 393,A01,1,1,1,5,2,6,-1,-1, -1,-1,2021,30.0,1,1,1,2,5,26,1,,3,406,0,,2,2,0,1,0,0,1,, -1,1,0,1,30,7,6,1,92,92048,2,1,0,2,REPUBLIQUE (RUE DE LA) NÂ° 2 A 86,48.8046,2.23515,20,3,2
202100023717,159Â 224,B01,1,1,1,1,2,6,-1,-1, -1,-1,2021,56.0,2,1,0,2,7,0,1,,3,D115,0,,2,2,0,1,0,990,1,, -1,1,5,1,70,17,8,1,29,29051,1,3,0,1,D115 - Route dâElliant,47.99404612,-4.04875319,11,2,2
202100037006,135Â 553,A01,1,1,1,5,2,0,-1,-1, -1,-1,2021,80.0,3,1,14,0,1,1,5,,4,ARCOLE (PONT D'),0,,-1,1,0,2,(1),(1),1,, -1,1,2,8,30,31,5,1,37,37208,2,1,0,7,ARCOLE (PONT D'),47.3730723909,0.7159285506,11,1,1
202100030048,148Â 074,B01,1,1,1,1,2,0,-1,-1, -1,-1,2021,53.0,1,1,0,2,0,1,1,,4,,0,,1,0,0,1,0,0,1,, -1,1,0,1,50,8,7,1,92,92044,2,3,0,3,DANTON(RUE) 1A73 ET 2A88,48.8908935581,2.2832160788,19,2,2
202100027536,152Â 507,B01,2,2,2,0,1,0,-1,-1, -1,-1,2021,15.0,0,2,0,2,3,1,1,,4,AMBOISE (RUE D'),0,,1,1,0,1,(1),(1),1,, -1,1,0,1,50,22,7,1,37,37261,2,2,0,3,AMBOISE (RUE D'),47.3818698318,0.6898829184,19,3,2
202100041604,127Â 239,B01,1,1,2,5,1,-1,-1,0,0,-1,2021,55.0,1,2,0,0,4,1,1,,3,4,-1,,2,2,0,2,43,600,1,, -1,1,0,1,80,3,5,1,4,4200,1,1,0,2,RD 4,44.146616,5.982141,16,3,2
202100022424,161Â 556,B01,1,1,2,1,1,0,-1,-1, -1,-1,2021,39.0,2,2,0,2,4,23,1,,3,ALFRED NOBEL,0,,2,4,1,1,32,(1),1,, -1,1,0,1,50,25,8,1,64,64445,2,1,0,4,ALFRED NOBEL,43.31577,-0.31427,18,3,3
202100043478,123Â 944,A01,10,3,2,0,0,-1,-1,3,3,1,2021,49.0,1,1,0,1,1,21,1,,4,,0,,2,2,0,1,0,0,1,, -1,1,0,1,30,19,4,1,92,92051,2,2,0,6,CHATEAU (BOULEVARD DU),48.8898485053,2.2685319185,17,3,1
202100014341,176Â 073,A01,1,1,2,3,1,0,-1,-1, -1,-1,2021,27.0,2,2,8,0,3,13,1,,4,RUE DES CHAUDINS,0,,-1,2,0,1,0,0,1,, -1,1,0,4,50,8,10,1,77,77333,2,1,0,1,RUE DES CHAUDINS,48.26168,2.7035,17,1,1
202100044523,122Â 130,A01,7,2,1,5,1,-1,-1,0,0,-1,2021,18.0,3,2,16,0,1,1,1,,4,,-1,,2,2,0,1,(1),(1),3,, -1,1,0,8,50,11,4,3,81,81143,1,1,0,7,Chemin de la Veyrie,43.528498,2.104408,2,2,1
202100010076,183Â 687,B01,1,1,1,5,1,-1,-1,0,0,-1,2021,54.0,2,2,3,2,8,1,1,,3,683,0,D,2,2,0,1,83,0,1,, -1,2,0,1,80,1,11,1,25,25156,1,1,1,3,D683,47.39871,6.508713,16,3,2
202100024528,157Â 816,A01,10,3,1,5,0,-1,-1,2,3,2,2021,4.0,1,2,0,1,2,1,1,,3,JAURES (BOULEVARD JEAN),0,,2,2,0,1,0,0,1,, -1,1,0,1,30,12,8,1,28,28085,2,1,0,1,JAURES (BOULEVARD JEAN),48.45173,1.49149,20,3,1
202100034108,140Â 792,B01,1,1,1,9,2,0,-1,0,0,-1,2021,22.0,1,1,0,2,7,1,5,,4,RUE DUVIVIER,0,,2,2,0,1,(1),(1),1,, -1,1,0,1,30,16,6,1,75,75107,2,1,0,3,RUE DUVIVIER,48.857558,2.306673,12,2,2
202100016574,172Â 007,A01,10,3,2,3,0,-1,-1,3,3,1,2021,87.0,1,2,0,1,7,1,1,,3,235,-1,,2,2,0,1,9,50,1,, -1,1,0,1,50,28,9,1,61,61483,2,1,0,6,Avenue de la FertÃ©-MacÃ©,48.55703,-0.412626,9,3,1
202100012028,180Â 209,B01,1,1,2,0,1,0,-1,0,0,-1,2021,72.0,2,2,0,2,4,2,1,,3,GISORS (ROUTE DE),0,,2,2,0,1,14,445,1,, -1,1,0,1,50,20,10,1,27,27681,2,1,0,4,GISORS (ROUTE DE),49.10275102,1.4856846,10,3,3
202100001477,199Â 147,A01,10,3,1,3,0,-1,-1,3,3,1,2021,60.0,2,2,0,1,3,1,1,,3,FEART (BOULEVARD),0,,2,2,0,1,(1),(1),1,, -1,1,0,1,30,18,12,1,35,35093,2,3,0,6,FEART (BOULEVARD),48.6317,-2.05517,14,2,1
202100023034,160Â 454,B01,3,2,2,0,1,-1,-1,0,0,-1,2021,6.0,0,2,0,2,2,1,1,,3,CORBIE (ROUTE),0,,-1,3,0,1,(1),(1),2,, -1,1,0,1,80,25,7,1,80,80164,1,6,0,3,CORBIE (ROUTE),49.90192,2.36045,14,3,2
202100006026,191Â 020,A01,2,2,2,5,1,-1,-1,0,0,-1,2021,80.0,2,2,2,0,1,1,2,,3,1555,0,,2,4,0,2,8,500,2,, -1,1,0,8,90,27,11,3,83,83085,1,6,0,6,RD 1555 rond point SOSACA,43.483703,6.509249,19,4,1
202100045455,120Â 485,A01,1,1,1,4,2,8,-1,-1, -1,-1,2021,24.0,2,0,0,2,1,2,3,,4,HABY SOMMER (RUE),0,,2,2,0,2,0,0,1,, -1,1,0,1,50,30,3,1,92,92063,2,1,0,2,HABY SOMMER (RUE),48.87588,2.18642,8,2,2
202100019042,167Â 601,B01,2,2,1,0,1,-1,-1,0,0,-1,2021,66.0,2,2,0,2,1,1,1,,3,558,-1,,2,1,0,2,7,300,2,, -1,2,0,1,80,15,9,1,83,83031,1,1,1,1,D558,43.3584773469,6.4021646976,17,3,2
202100001093,199Â 812,A01,10,3,2,0,0,-1,-1,0,3,2,2021,60.0,1,2,0,1,4,20,1,,4,,0,,-1,1,0,1,0,0,1,, -1,1,0,1,50,11,12,1,92,92004,2,1,0,6,MAURICE BOKANOWSKI,48.9087886318,2.2893753648,13,3,1
202100051274,110Â 022,A01,10,3,1,3,0,-1,-1,3,3,1,2021,69.0,2,2,0,1,1,15,1,,4,LAFORGUE (AVENUE JULES),0,,-1,2,0,1,(1),(1),1,, -1,1,0,1,50,16,2,1,65,65440,2,2,0,6,AVENUE JULES LAFORGUE ,43.224178,0.068292,9,2,1
202100022517,161Â 382,B01,1,1,1,5,2,-1,-1,0,0,-1,2021,71.0,1,1,0,2,1,2,5,,3,36,0,,2,2,0,2,0,797,1,, -1,1,0,1,30,25,8,1,34,34178,2,1,0,1,Avenue Louis Arcelin,43.439576,3.137176,9,2,2
202100036410,136Â 618,B01,1,1,1,4,1,8,-1,0,0,-1,2021,48.0,1,5,0,2,4,1,1,,4,GÃ©nÃ©ral Leclerc ( avenue du ),0,,2,2,2,1,(1),(1),1,, -1,1,-1,1,50,4,6,1,54,54332,2,1,0,2,GÃ©nÃ©ral Leclerc ( avenue du ),48.89952,6.04405,8,2,2
202100033232,142Â 365,A01,1,1,1,5,1,-1,-1,0,0,-1,2021,92.0,1,2,13,0,1,1,1,,3,633,-1,,2,2,0,1,0,1,1,, -1,1,0,3,80,20,6,1,67,67103,1,1,0,7,D633,48.799596,7.405273,16,1,1
202100048260,115Â 486,A01,1,1,1,0,8,0,-1,-1, -1,-1,2021,31.0,3,1,0,2,1,1,5,,4,SAINT JACQUES,0,,2,2,0,1,1,0,1,, -1,1,0,1,50,12,3,1,49,49007,2,1,0,3,SAINT JACQUES,47.4737823441,-0.5744015589,15,2,2
202100038767,132Â 319,A01,1,1,1,5,2,6,-1,-1, -1,-1,2021,22.0,1,1,0,2,1,17,1,,3,BRAM -ROUTE DE-,0,,2,2,0,1,2,0,1,, -1,1,0,1,80,22,5,1,11,11069,1,1,0,2,BRAM -ROUTE DE-,43.21878,2.30574,17,2,2
202100046931,117Â 886,A01,10,3,2,2,0,-1,-1,3,3,2,2021,17.0,3,2,0,1,1,9,1,,4,THOREL (PLACE ERNEST),0,,1,1,3,1,(1),(1),2,, -1,9,9,1,50,23,3,1,27,27375,2,6,0,6,THOREL (PLACE ERNEST),49.2151,1.16836,7,3,1
202100004973,192Â 899,A01,1,1,1,0,2,6,-1,0,0,-1,2021,59.0,2,1,0,0,0,1,1,,4,,-1,,2,2,0,2,(1),(1),1,,4,1,0,1,50,3,12,1,30,30284,1,1,1,7,Rue Jean Giono,44.171031,4.078953,15,1,1
202100014664,175Â 505,B01,1,1,1,0,8,0,-1,-1, -1,-1,2021,41.0,2,1,0,2,1,1,5,,3,911,0,,2,3,1,1,0,0,1,, -1,1,0,5,50,7,10,1,92,92024,2,1,0,3,JEAN JAURES (BD) DE 47 A 109)   (56 A 14,48.90139,2.30512,8,2,2
202100028190,151Â 307,A01,1,1,1,5,2,6,-1,-1, -1,-1,2021,27.0,1,1,0,2,1,1,1,,3,DE GAULLE (AVENUE CHARLES),0,,2,2,0,1,0,0,1,, -1,1,0,1,50,19,7,1,92,92007,2,1,0,2,DE GAULLE (AVENUE CHARLES),48.7973678718,2.2980683884,15,2,2
202100051997,108Â 765,A01,1,1,1,5,1,8,-1,-1, -1,-1,2021,85.0,1,2,1,0,2,1,1,,3,PINS (ROUTE DES),0,,2,2,0,1,56,378,1,, -1,1,2,3,50,8,2,1,85,85194,2,1,0,6,PINS (ROUTE DES),46.54218,-1.79751,15,1,1
202100005173,192Â 532,A01,1,1,1,9,8,-1,-1,0,0,-1,2021,40.0,1,2,13,0,1,21,1,,3,174,-1,,2,2,0,2,3,0,1,, -1,2,0,1,80,3,12,1,95,95355,1,1,1,6,RD 174,49.157005,1.831489,15,1,1
202100033680,141Â 559,B01,1,1,1,0,8,8,-1,-1, -1,-1,2021,54.0,1,1,0,2,0,0,6,,4,,0,,1,4,0,1,0,0,1,, -1,1,0,1,50,17,6,1,92,92051,2,9,0,3,RICHARD WALLACE (BOULEVARD),48.8752063011,2.2506174445,14,2,2
202100023489,159Â 642,A01,10,3,2,5,0,-1,-1,2,3,2,2021,87.0,2,2,0,1,3,1,1,,2,RT10,-1,,2,2,0,1,82,350,1,, -1,1,0,1,50,19,8,5,202,202123,2,1,0,1,Avenue du 9 Septembre,42.015608,9.404994,20,4,1
202100044361,122Â 378,A01,10,3,1,5,0,-1,-1,3,3,1,2021,77.0,1,2,0,1,2,16,1,,4,FOIRAIL (PLACE DU),0,,2,3,0,1,(1),(1),1,,16,1,5,1,50,11,4,1,65,65440,2,7,0,6,FOIRAIL (PLACE DU),43.228944,0.083492,9,2,1
202100006271,190Â 583,A01,10,3,1,4,0,-1,-1,1,4,2,2021,40.0,3,2,9,0,3,15,3,,7,CAMOINS (AVENUE DES),0,,1,1,0,1,0,0,2,, -1,2,5,1,50,25,11,5,13,13211,2,6,1,1,CAMOINS (AVENUE DES),43.29552,5.48887,20,2,1
202100005452,192Â 048,B01,1,1,2,4,1,-1,-1,0,0,-1,2021,21.0,0,2,0,2,1,1,1,,7,D6,0,,1,1,0,2,12,240,1,, -1,1,0,1,110,1,12,1,13,13041,1,1,0,2,D6,43.448993,5.447824,14,4,4
202100020175,165Â 572,B01,1,1,1,3,2,-1,-1,0,0,-1,2021,44.0,1,1,0,2,8,19,1,,2,1,-1,,2,3,0,3,33,600,1,,"10,5",1,0,1,80,8,9,3,971,97107,1,1,0,3,RN1 - Panga,16.108782,-61.570784,19,2,2
202100030521,147Â 205,A01,10,3,2,5,0,-1,-1,3,3,2,2021,49.0,3,2,0,1,1,1,1,,5,CENTRE COMMERCIAL CORA,0,,1,2,0,1,(1),(1),1,, -1,1,0,1,30,9,6,1,62,62842,1,1,0,6,CENTRE COMMERCIAL CORA,50.461434,2.825756,15,3,1