Num_Acc,id_vehicule,num_veh,place,catu,sexe,trajet,secu1,secu2,secu3,locp,actp,etatp,year_acc,victim_age,senc,catv,obs,obsm,choc,manv,motor,occutc,catr,voie,v1,v2,circ,nbv,vosp,prof,pr,pr1,plan,lartpc,larrout,surf,infra,situ,vma,jour,mois,lum,dep,com,agg_,int,atm,col,adr,lat,long,hour,nb_victim,nb_vehicules
202100032118,144Â 340,A01,1,1,1,5,1,5,-1,-1, -1,-1,2021,34.0,3,2,0,2,1,2,3,,7,AVENUE DE  GUBBIO-RN 113,0,,1,2,0,1,0,0,1,, -1,1,5,1,80,26,6,1,13,13103,2,6,0,5,AVENUE DE  GUBBIO-RN 113,43.62326,5.08616,19,4,3
202100015732,173Â 544,B01,1,1,2,5,1,0,-1,0,0,-1,2021,24.0,1,2,0,2,4,2,1,,1,A4,0,,1,4,0,1,5,400,1,, -1,2,0,1,90,2,10,1,75,75112,1,1,1,2,A4,48.8199009001,2.459435463,17,3,2
202100016554,172Â 040,A01,10,3,2,9,0,-1,-1,3,3,1,2021,14.0,1,2,0,1,2,1,1,,3,JEAN JAURES (AVENUE),0,,2,2,0,1,0,1,1,, -1,2,0,1,50,26,9,5,93,93032,2,1,1,6,Avenue Jean JaurÃ¨s,48.88284,2.52628,21,3,1
202100007772,187Â 858,B01,4,2,2,0,3,-1,-1,0,0,-1,2021,3.0,0,2,0,2,4,1,1,,3,RN1029,0,,2,2,0,1,(1),(1),1,, -1,1,0,1,80,15,11,1,80,80724,1,1,0,4,RN1029,49.85982,2.2093,8,5,3
202100025063,156Â 855,A01,1,1,2,9,1,-1,-1,0,0,-1,2021,51.0,3,2,0,2,3,1,1,,4,,-1,,4,2,0,1,(1),(1),3,,5,1,0,1,-1,20,7,1,69,69027,2,4,0,1,PLAINE D'ELITE (DE LA) (CHM),45.661301,4.750943,8,2,2
202100008470,186Â 597,A01,1,1,2,0,1,0,-1,-1, -1,-1,2021,48.0,1,2,0,2,3,9,1,,4,BOULEVARD DE LA BAULE,0,,1,0,0,1,(1),0,2,, -1,1,0,1,50,10,11,5,44,44162,2,6,0,3,Boulevard Charles Gautier,47.22488,-1.62176,18,3,2
202100026622,154Â 120,B01,1,1,1,5,2,0,-1,-1, -1,-1,2021,79.0,1,1,0,2,3,1,1,,4,BROSSOLETTE (RUE PIERRE),0,,2,2,0,1,0,0,2,, -1,1,0,1,50,27,7,1,87,87085,2,3,0,6,BROSSOLETTE (RUE PIERRE),45.8242,1.25468,17,2,2
202100016905,171Â 405,B01,1,1,1,9,8,0,-1,-1, -1,-1,2021,61.0,1,1,0,2,8,26,5,,4,BEAUREPAIRE,0,,2,2,0,1,1,0,1,, -1,1,0,1,30,24,9,1,49,49007,2,1,0,3,BEAUREPAIRE,47.47443,-0.56024,8,2,2
202100040449,129Â 305,B01,1,1,2,5,1,-1,-1,-1, -1,-1,2021,35.0,3,2,0,2,3,1,1,,4,ESSES (DES)                         (MO),0,,2,1,0,2,(1),(1),4,, -1,2,0,1,50,10,5,1,69,69384,2,1,1,3,ESSES (DES)                         (MO),45.77216,4.81605,16,2,2
202100018096,169Â 275,A01,1,1,1,0,2,0,-1,-1, -1,-1,2021,23.0,2,1,0,2,7,2,0,,1,AUTOROUTE A3,0,,1,2,0,1,5,0,3,, -1,1,0,1,90,19,9,1,93,93053,1,1,0,6,AUTOROUTE A3,48.88408,2.46889,8,1,1
202100032995,142Â 769,B01,1,1,2,0,8,0,-1,-1, -1,-1,2021,27.0,2,2,0,2,4,24,1,,1,A13,0,,-1,3,0,1,23,49,1,, -1,1,0,1,110,21,6,1,78,78498,1,1,0,2,A13,48.905394,2.005188,17,2,2
202100031594,145Â 280,A01,1,1,1,1,8,0,-1,0,0,-1,2021,38.0,1,1,0,2,2,17,3,,4,BOULEVARD VINCENT AURIOL,0,,1,2,1,2,(1),(1),1,, -1,1,0,1,50,30,6,1,75,75113,2,2,0,3,BOULEVARD VINCENT AURIOL,48.83622,2.371506,13,2,2
202100039624,130Â 762,B01,1,1,1,0,2,6,-1,-1, -1,-1,2021,27.0,1,1,0,2,3,1,1,,3,19,0,,1,3,2,1,0,0,1,, -1,2,9,1,50,17,5,1,92,92024,2,3,0,3,MARTRE (RUE) DE (59 A 109)   (58 A 120),48.9017059565,2.3073327541,15,2,2
202100007041,189Â 170,A01,1,1,1,5,2,6,-1,0,0,-1,2021,50.0,1,1,0,2,1,13,1,,4,,0,,2,2,0,2,(1),(1),3,, -1,1,0,1,50,20,11,5,6,6083,2,1,0,1,BRIAND (AVENUE ARSITIDE),43.78642,7.52597,16,2,2
202100033479,141Â 930,A01,1,1,1,1,2,6,-1,0,0,-1,2021,55.0,1,1,0,6,1,1,1,,3,7,-1,,-1,2,0,1,6,79,1,, -1,1,0,1,80,16,6,1,6,6105,1,1,0,6,Route de la Colle sur Loup,43.680412,7.051361,18,1,1
202100052309,108Â 215,B01,1,1,2,0,1,-1,-1,-1, -1,-1,2021,56.0,2,2,0,2,1,1,1,,3,MAURIAC  AVENUE FRANCOIS,0,,2,2,0,1,10,860,1,, -1,2,0,1,50,6,2,2,51,51454,2,1,1,1,Rue Francois Mauriac,49.2366735693,3.9971027261,17,2,2
202100002844,196Â 694,B01,7,2,2,9,1,3,-1,0,0,-1,2021,3.0,1,2,0,2,1,1,1,,3,54,0,,2,2,0,2,1,670,1,, -1,1,0,1,80,17,12,1,83,83038,1,1,0,1,DÃ©partÃ©mentale 54,43.593011,6.469145,8,3,2
202100016051,172Â 961,B01,1,1,1,0,1,0,-1,-1, -1,-1,2021,31.0,2,2,0,2,4,1,1,,1,15,0,,-1,4,0,1,4,800,1,, -1,1,2,1,90,30,9,1,92,92036,1,1,0,2,AUTOROUTE A15,48.9424432251,2.2899144727,9,2,2
202100007670,188Â 039,A01,1,1,1,1,0,0,-1,-1, -1,-1,2021,51.0,1,1,0,2,7,0,3,,3,MAXIME GORKI (BD),0,,2,2,1,1,175,0,1,, -1,2,5,1,50,17,11,5,94,94076,2,3,1,3,Boulevard Maxime Gorki,48.7884790602,2.3683905602,5,2,2
202100051776,109Â 148,B01,1,1,2,1,1,8,-1,-1, -1,-1,2021,43.0,1,2,0,2,7,1,1,,3,MONTABO (ROUTE DE) 2,0,,2,2,0,3,2,800,1,, -1,2,5,1,50,11,2,1,973,97302,2,3,1,3,MONTABO (ROUTE DE) 2,4.938166087,-52.2991651297,17,2,2
202100005280,192Â 347,B01,1,1,1,0,2,0,-1,0,0,-1,2021,20.0,1,1,0,2,1,1,0,,4,CHAMBRETTES (RUE DES),0,,2,2,0,1,(1),(1),1,, -1,1,0,1,50,30,11,5,63,63113,2,1,0,3,CHAMBRETTES (RUE DES),45.76731,3.10467,19,2,2
202100023838,159Â 018,A01,10,3,1,0,0,-1,-1,2,3,1,2021,79.0,2,1,1,1,7,3,3,,4,TOLSTOI    (Cours),0,,2,2,3,1,(1),(1),1,, -1,1,9,1,50,16,8,1,69,69266,2,1,0,6,TOLSTOI (CR),45.76231,4.87956,9,2,1
202100021307,163Â 566,A01,1,1,1,0,2,6,-1,-1, -1,-1,2021,20.0,0,1,0,2,1,26,1,,3,GARENNE (R DE LA),0,,2,2,0,1,0,0,1,, -1,1,0,1,30,2,9,1,94,94071,2,1,0,1,GARENNE (R DE LA),48.77087,2.52216,19,2,2
202100039442,131Â 102,A01,10,3,1,5,0,-1,-1,2,3,1,2021,73.0,1,2,0,1,1,1,1,,7,LIBERATION (AVENUE DE LA),0,,2,2,0,1,(1),(1),1,, -1,1,0,1,50,18,5,1,54,54395,2,1,0,6,LIBERATION (AVENUE DE LA),48.6964559723,6.1517965794,18,2,1
202100017747,169Â 900,A01,10,3,2,5,0,-1,-1,1,2,2,2021,75.0,2,5,0,1,4,20,1,,3,,-1,,-1,2,0,1,(1),(1),1,,4,1,0,8,50,20,9,1,66,66008,2,1,0,6,Port de Plaisance Argeles,42.538884,3.047628,17,2,1
202100038771,132Â 312,A01,1,1,2,5,2,6,-1,0,0,-1,2021,36.0,2,1,0,2,2,3,1,,4,PORTE DE LA VILLETTE,0,,1,4,0,1,25,600,1,, -1,2,0,1,70,22,5,1,75,75119,2,1,0,3,PORTE DE LA VILLETTE,48.898899,2.39348,18,2,2
202100021310,163Â 560,A01,1,1,1,0,1,0,-1,-1, -1,-1,2021,38.0,1,1,0,0,1,26,3,,3,DOCTEUR BAUER(RUE DU) :NÂ° 1 AU 73,0,,1,2,0,1,0,0,1,, -1,1,0,1,50,2,9,1,93,93070,2,1,0,1,DOCTEUR BAUER(RUE DU) :NÂ° 1 AU 73,48.91189,2.33646,13,2,2
202100019415,166Â 929,A01,1,1,1,5,2,6,9,0,0,-1,2021,61.0,1,1,0,0,0,1,1,,7,97,-1,,2,2,0,4,15,757,3,, -1,1,0,8,80,12,9,1,6,6073,1,1,0,7,M97,44.190536,7.152303,17,1,1
202100013576,177Â 451,B01,1,1,1,5,2,8,-1,-1, -1,-1,2021,69.0,3,1,0,2,1,1,1,,2,VERDUN (PLACE DE),0,,4,2,0,1,48,850,2,, -1,1,5,1,50,11,6,5,32,32013,2,6,0,3,VERDUN (PLACE DE),43.64828,0.593,22,2,2
202100021038,164Â 055,A01,1,1,2,1,2,8,-1,-1, -1,-1,2021,36.0,1,1,0,2,1,2,5,,4,COSMAO-DUMANOIR ( BD ),0,,2,2,0,1,(1),(1),1,, -1,1,0,1,30,31,8,1,56,56121,2,1,0,2,COSMAO-DUMANOIR ( BD ),47.75462,-3.36438,18,2,2
202100038435,132Â 942,A01,1,1,1,5,2,6,-1,0,0,-1,2021,48.0,0,1,13,0,1,14,1,,4,4,-1,,2,2,0,3,(1),(1),2,, -1,1,0,3,70,8,5,3,46,46033,1,1,0,6,Taxie Bas (Fargues),44.411522,1.17742,23,1,1
202100003129,196Â 173,Z01,10,3,2,0,8,8,-1,2,3,1,2021,72.0,1,1,0,1,1,0,5,,4,OZENNE (RUE THEODORE) DU 1AU 35,0,,2,2,0,1,(1),(1),1,, -1,1,0,1,20,13,12,1,31,31555,2,1,0,6,OZENNE (RUE THEODORE) DU 1AU 35,43.59674,1.44682,12,2,1
202100046260,119Â 087,A01,10,3,2,5,0,-1,-1,2,3,2,2021,32.0,2,2,0,1,2,1,1,,3,7,0,D,2,2,0,2,6,500,3,, -1,1,0,1,50,27,3,1,972,97231,2,1,0,6,Av de l'Imperatrice Josephine,14.537753,-61.034213,11,3,1
202100049499,113Â 275,Z01,10,3,2,0,0,-1,-1,3,3,1,2021,53.0,0,1,0,1,0,1,1,,4,BOULEVARD DU MASSACRE,0,,2,2,2,1,(1),(1),1,, -1,1,0,1,50,2,3,1,44,44162,2,1,0,6,BOULEVARD DU MASSACRE,47.23251,-1.59136,17,2,1
202100043200,124Â 440,A01,1,1,1,5,8,0,-1,0,0,-1,2021,19.0,2,1,0,2,3,10,5,,4,AVENUE DE LA REPUBLIQUE,0,,2,2,2,2,(1),(1),1,, -1,1,0,1,30,21,4,1,75,75111,2,5,0,3,AVENUE DE LA REPUBLIQUE,48.862869,2.387283,16,2,2
202100037237,135Â 122,B01,2,2,1,9,8,0,-1,-1, -1,-1,2021,9.0,3,1,0,2,6,26,1,,4,PORTET BOULEVARD,0,,-1,2,0,1,1,0,1,, -1,1,0,1,50,31,5,1,49,49007,2,1,0,3,PORTET BOULEVARD,47.451869,-0.562913,18,3,2
202100014980,174Â 929,A01,10,3,1,0,0,-1,-1,2,3,1,2021,33.0,1,2,0,1,3,1,1,,4,WILSON (PLACE),0,,2,3,0,1,0,0,1,, -1,1,0,1,50,1,10,1,87,87085,2,1,0,6,WILSON (PLACE),45.82964,1.26257,11,2,1
202100051851,109Â 019,A01,1,1,1,0,1,-1,-1,0,0,-1,2021,15.0,3,2,0,2,8,1,1,,4,,-1,,3,2,0,2,(1),(1),1,, -1,2,0,1,-1,13,1,1,87,87154,2,3,0,3,avenue du GÃ©nÃ©ral De Gaulle,45.899148,0.918345,12,2,2
202100010544,182Â 880,A01,1,1,2,0,1,0,-1,-1, -1,-1,2021,24.0,1,2,0,2,1,1,1,,7,BRIAND ARISTIDE (BD),0,,1,3,0,1,0,0,1,, -1,1,0,1,50,28,10,5,13,13001,2,4,0,2,BRIAND ARISTIDE (BD),43.53234,5.45063,22,2,2
202100013866,176Â 916,A01,10,3,2,0,0,-1,-1,3,1,1,2021,71.0,1,2,0,1,8,1,1,,4,LECLERC (BD DU MAL) DU 01 ET +,0,,2,3,0,1,(1),(1),1,, -1,1,0,1,50,11,10,1,33,33009,2,1,0,6,Boulevard MarÃ©chal Leclerc,44.65923,-1.16447,12,2,1
202100011271,181Â 588,A01,10,3,2,5,0,-1,-1,2,3,1,2021,73.0,3,2,0,1,1,15,1,,6,,-1,,-1,-1,0,1,(1),(1),2,,4,1,0,1,50,23,10,1,76,76655,2,9,0,6,Place du MarchÃ©,49.868651,0.713376,10,2,1
202100047634,116Â 609,A01,1,1,1,5,1,0,-1,0,0,-1,2021,27.0,1,2,13,0,0,1,1,,3,ABO VOLO (RUE),0,,2,4,0,1,1,0,1,, -1,1,0,1,90,17,3,1,14,14301,2,1,0,7,D403,49.185,-0.29469,20,1,1
202100018955,167Â 761,B01,1,1,1,2,2,0,-1,-1, -1,-1,2021,23.0,3,1,0,2,1,1,5,,4,METZ (BD DE),0,,2,2,2,1,(1),(1),1,, -1,1,0,5,50,14,9,1,35,35238,2,2,0,3,METZ (BD DE),48.11475,-1.65723,18,2,2
202100018609,168Â 372,B01,1,1,1,1,2,6,-1,-1, -1,-1,2021,32.0,2,1,0,2,1,1,1,,4,RUE TAINE,0,,2,3,0,2,(1),(1),1,, -1,1,0,1,50,16,9,1,75,75112,2,4,0,3,RUE TAINE,48.8394310933,2.394594311,13,2,2
202100024065,158Â 634,A01,1,1,1,5,2,6,-1,0,0,-1,2021,18.0,3,1,0,0,0,21,1,,3,322,0,,2,2,0,1,0,700,1,, -1,1,0,3,80,14,8,1,7,7260,1,1,0,7,,44.692421,4.71631,13,1,1
202100043985,123Â 061,A01,1,1,1,5,0,-1,-1,0,0,-1,2021,59.0,2,2,13,0,2,1,1,,3,38,0,A,3,4,0,1,60,600,1,, -1,1,0,3,110,14,4,1,85,85011,1,1,0,6,RD 38,46.94259,-2.17111,16,1,1
202100009801,184Â 175,A01,1,1,1,5,2,6,-1,0,0,-1,2021,43.0,1,1,0,2,1,3,1,,4,BOULEVARD PERIPHERIQUE,0,,1,4,0,1,20,600,1,, -1,2,0,1,70,30,10,1,75,75117,2,1,1,3,BOULEVARD PERIPHERIQUE,48.90053,2.326254,16,2,2
202100052683,107Â 561,A01,10,3,2,1,0,-1,-1,3,3,1,2021,20.0,2,1,0,1,1,1,1,,4,ROGER BRUN (RUE),0,,1,1,0,2,0,0,1,, -1,1,0,1,30,3,2,1,13,13205,2,1,0,1,ROGER BRUN (RUE),43.2860376203,5.3919795019,14,2,1
202100038348,133Â 085,A01,10,3,1,2,0,-1,-1,3,3,1,2021,13.0,2,2,0,1,1,1,1,,7,BLANCHE PORTE (RUE DE LA),0,,2,3,1,1,(1),(1),1,, -1,2,0,1,50,25,5,1,59,59599,2,2,1,6,BLANCHE PORTE (RUE DE LA),50.718057,3.154454,17,2,1
202100028100,151Â 475,B01,1,1,1,5,2,6,-1,-1,0,-1,2021,22.0,3,1,0,2,3,9,1,,4,VERT GALANT (RUE DU),0,,2,2,0,1,(1),(1),1,, -1,1,0,1,50,19,7,5,95,95572,1,2,0,3,VERT GALANT (RUE DU),49.05148,2.13247,22,2,2
202100016510,172Â 115,A01,1,1,1,5,8,0,-1,-1, -1,-1,2021,23.0,3,0,16,2,7,19,3,,4,JOLIOT CURIE (DOCTEUR) (AV),0,,2,2,1,3,(1),(1),1,, -1,1,9,1,50,27,9,5,17,17306,2,2,0,3,JOLIOT CURIE (DOCTEUR) (AV),45.6232136328,-1.003244941,22,2,2
202100003750,195Â 052,B01,1,1,1,1,2,6,-1,-1, -1,-1,2021,27.0,1,1,0,2,8,1,0,,4,,0,,-1,2,0,1,0,0,1,, -1,2,0,1,50,10,12,5,92,92062,2,2,1,3,WALLACE (BD RICHARD) DU 17 AU 91 ET DU 3,48.8808143449,2.237842083,8,2,2
202100012158,179Â 992,A01,10,3,1,0,0,-1,-1,5,9,1,2021,24.0,1,2,12,1,1,15,1,,4,BURNET CHEMIN DES,0,,-1,2,0,1,(1),(1),2,, -1,1,8,4,30,12,10,1,73,73008,2,6,0,6,BURNET CHEMIN DES,45.669944776,5.9115991295,12,3,1
202100040356,129Â 469,B01,1,1,1,4,1,0,-1,-1, -1,-1,2021,34.0,3,5,0,2,0,0,1,,4,VALDONNE (AVENUE DE),0,,-1,2,0,1,(1),(1),1,, -1,1,0,1,50,11,5,1,13,13213,2,1,0,2,VALDONNE (AVENUE DE),43.324228,5.415398,8,2,2
202100041750,126Â 983,A01,1,1,1,0,1,0,-1,-1, -1,-1,2021,34.0,2,2,3,2,1,14,1,,1,AUTOROUTE A86,0,,3,6,0,1,19,0,1,, -1,1,1,1,90,2,5,1,93,93029,1,1,0,2,AUTOROUTE A86,48.92635,2.42216,16,2,2
202100040267,129Â 629,A01,1,1,1,2,2,6,9,0,0,-1,2021,15.0,1,1,0,0,7,1,1,,3,278,-1,,2,2,0,1,3,500,2,, -1,1,0,3,80,12,5,1,14,14575,1,1,0,7,D278,49.300621,0.123746,9,1,1
202100005489,191Â 982,A01,1,1,1,0,2,6,-1,0,0,-1,2021,47.0,0,1,0,0,0,15,1,,4,MARECHAL JOFFRE (PLACE DU),0,,1,1,0,4,(1),(1),2,, -1,2,0,1,50,25,11,5,80,80021,2,1,0,7,MARECHAL JOFFRE (PLACE DU),49.88734,2.30349,17,1,1
202100037387,134Â 838,C01,1,1,1,1,2,6,-1,-1, -1,-1,2021,32.0,2,1,0,2,4,1,1,,7,RD383   7.640 A 11.044,0,,3,3,0,1,8,100,1,, -1,1,0,1,70,28,5,1,69,69029,1,1,0,4,RD383   7.640 A 11.044,45.745248495,4.9062756298,17,4,4
202100005285,192Â 339,B01,1,1,1,9,8,0,-1,-1, -1,-1,2021,31.0,2,1,0,2,1,19,3,,4,8 MAI 1945 RUE DU,0,,2,2,0,1,(1),(1),1,, -1,1,0,1,50,29,11,5,59,59560,2,3,0,3,8 MAI 1945 RUE DU,50.559063,3.028536,17,2,2
202100046228,119Â 140,A01,1,1,1,5,1,-1,-1,-1, -1,-1,2021,30.0,1,2,12,0,3,13,1,,4,GROSLAY (BD DE JUSQU'AU NÂ°23),0,,2,2,0,2,(1),(1),3,, -1,1,0,4,50,27,3,5,35,35115,2,1,0,6,GROSLAY (BD DE),48.36504,-1.18486,20,3,1
202100048905,114Â 342,B01,1,1,1,1,0,-1,-1,0,0,-1,2021,26.0,1,1,0,2,4,0,3,,3,906,0,,2,2,0,1,81,730,1,, -1,1,0,1,80,8,3,3,71,71583,2,1,0,2,Terre Cardon,46.260528,4.792209,5,2,2
202100000020,201Â 726,B01,1,1,1,5,2,6,-1,-1, -1,-1,2021,35.0,2,1,0,2,4,2,1,,3,AV FRANCOIS MITTERRAND,0,,3,5,0,1,56,0,1,, -1,1,0,1,50,24,10,1,91,91027,2,1,0,2,AV FRANCOIS MITTERRAND,48.7042539233,2.3720598221,13,2,2
202100027348,152Â 838,A01,1,1,1,0,1,8,-1,-1, -1,-1,2021,19.0,1,2,0,2,1,1,1,,4,OBERHAUSBERGEN (ROUTE D ),0,,3,2,1,1,0,0,1,, -1,1,0,1,50,18,7,5,67,67482,2,3,0,3,OBERHAUSBERGEN (ROUTE D ),48.595,7.71018,1,2,2
202100036774,135Â 973,B01,10,3,1,2,0,-1,-1,4,3,1,2021,15.0,1,2,0,1,1,19,1,,4,BARRAULT (RUE BATONNIER J),0,,2,5,0,1,(1),(1),1,, -1,1,5,1,50,2,6,1,71,71076,2,2,0,6,BARRAULT (RUE BATONNIER J),46.7875123404,4.8388963083,11,2,1
202100050893,110Â 708,A01,10,3,1,0,0,-1,-1,3,3,1,2021,62.0,3,2,0,1,1,1,1,,4,LARREY,0,,2,2,0,1,1,0,1,, -1,1,0,1,30,19,2,1,49,49007,2,1,0,6,LARREY,47.479878,-0.555284,10,2,1
202100026867,153Â 696,A01,3,2,2,0,1,0,-1,-1, -1,-1,2021,64.0,2,2,0,0,4,23,1,,3,ROGER SALENGRO (BLD),0,,2,2,0,2,0,1,1,, -1,2,0,1,50,27,7,1,93,93053,2,1,1,2,Boulevard Roger Salengro,48.88372,2.45518,12,4,2
202100055918,101Â 925,B01,1,1,1,1,2,0,-1,-1, -1,-1,2021,17.0,1,1,0,2,7,15,1,,4,BOULEVARD LEON JOUHAUX,0,,3,2,1,1,(1),(1),1,, -1,2,0,1,50,7,1,5,44,44109,2,6,0,3,BOULEVARD LEON JOUHAUX,47.20872,-1.58722,7,2,2
202100052929,107Â 110,B01,1,1,2,3,1,-1,-1,0,0,-1,2021,42.0,1,5,0,2,3,1,1,,3,926,0,,2,2,0,2,9,500,1,, -1,2,0,1,80,2,2,1,12,12263,1,1,0,1,RD926,44.350457,1.97291,9,2,2
202100039021,131Â 894,A01,7,2,2,5,8,-1,-1,0,0,-1,2021,19.0,1,2,9,2,7,1,1,,3,933,0,,2,1,0,2,55,400,1,, -1,2,5,1,50,21,5,5,1,1263,2,2,1,3,INTERSECTION D27/D933,46.07984,4.769247,21,4,2
202100021810,162Â 636,A01,1,1,2,9,8,0,-1,0,0,-1,2021,23.0,1,1,0,2,2,1,3,,4,RUE DE LA PEPINIERE,0,,1,2,1,1,(1),(1),1,, -1,1,0,1,30,30,8,1,75,75108,2,2,0,3,RUE DE LA PEPINIERE,48.87513,2.322949,16,2,2
202100034594,139Â 876,A01,1,1,1,0,2,0,-1,-1, -1,-1,2021,21.0,2,1,14,2,2,17,1,,4,VITON (AVENUE),0,,2,2,0,1,(1),(1),1,, -1,1,0,1,50,13,6,1,13,13209,2,1,0,3,VITON (AVENUE),43.26111,5.40588,21,2,2
202100021457,163Â 290,B01,1,1,1,1,8,-1,-1,-1, -1,-1,2021,52.0,3,1,0,2,0,2,5,,4,DE LESSEPS (FERDINAND),0,,-1,1,0,1,(1),(1),1,, -1,1,5,1,30,1,9,1,35,35238,2,6,0,3,DE LESSEPS (FERDINAND),48.10173,-1.70725,8,2,2
202100054202,104Â 863,B01,7,2,2,2,8,0,-1,-1, -1,-1,2021,18.0,1,3,0,2,3,1,1,2.0,4,Rue Fortier,0,,1,2,3,1,(1),(1),1,, -1,1,0,6,50,18,1,1,59,59178,2,1,0,3,FORTIER (RUE),50.37298,3.08275,14,3,2
202100044307,122Â 468,A01,1,1,2,0,8,0,-1,-1, -1,-1,2021,26.0,1,2,0,2,0,19,1,,4,STADE DE FRANCE (AVENUE DU),0,,2,4,0,1,48,921,1,, -1,1,0,1,50,12,4,1,93,93066,2,2,0,3,STADE DE FRANCE (AVENUE DU),48.92098,2.36151,14,2,2
202100045924,119Â 669,B01,1,1,2,2,8,8,-1,-1, -1,-1,2021,12.0,2,1,0,2,0,0,5,,4,BOIS GUYOT (RUE DU),0,,2,2,0,1,0,0,1,, -1,1,0,1,30,30,3,1,77,77285,2,9,0,3,BOIS GUYOT (RUE DU),48.538849,2.624155,13,2,2
202100044852,121Â 546,B01,2,2,2,0,1,0,-1,-1, -1,-1,2021,11.0,1,2,0,2,4,1,1,,3,MARCEL DASSAULT,0,,2,3,0,1,0,0,1,, -1,1,0,1,50,7,4,1,92,92064,2,1,0,4,MARCEL DASSAULT,48.85871,2.22386,15,6,3
202100016975,171Â 278,A01,10,3,1,5,0,-1,-1,0,3,-1,2021,1.0,2,2,0,1,3,26,1,,4,ALLEES DE CRAPONNE,0,,2,2,0,1,0,0,1,, -1,1,0,1,30,1,9,1,13,13103,2,1,0,3,ALLEES DE CRAPONNE,43.63764,5.09925,15,2,1
202100020241,165Â 457,A01,1,1,1,0,2,6,-1,-1, -1,-1,2021,17.0,1,1,0,2,1,1,1,,3,LABAT (RUE DU DOCTEUR),0,,2,-1,0,1,0,330,1,, -1,1,0,1,50,7,9,1,82,82121,2,2,0,3,LABAT (RUE DU DOCTEUR),44.0225825771,1.348347648,15,2,2
202100017711,169Â 964,A01,2,2,2,3,1,-1,-1,0,0,-1,2021,67.0,2,2,8,0,2,1,1,,3,D111,-1,,2,2,0,2,7,0,3,, -1,1,0,3,80,24,8,1,64,64556,1,1,0,6,route de navarrenx PK7,43.3511937115,-0.6861305237,19,2,1
202100047531,116Â 804,B01,1,1,1,1,8,0,-1,0,0,-1,2021,37.0,1,1,0,2,3,1,5,,4,PLACE FRANZ LISZT,0,,1,4,1,1,(1),(1),1,, -1,1,-1,5,50,18,3,1,75,75110,2,7,0,3,PLACE FRANZ LISZT,48.878071,2.351317,8,2,2
202100034874,139Â 378,A01,1,1,1,5,1,-1,-1,0,0,-1,2021,23.0,2,2,13,0,9,14,1,,1,68,-1,A,1,2,0,3,9,388,2,, -1,1,3,1,130,13,6,3,31,31117,1,1,0,6,Autoroute A 68 - PK 009+400,43.680877,1.561067,1,1,1
202100043853,123Â 283,A01,1,1,1,0,2,0,-1,-1, -1,-1,2021,21.0,2,1,0,2,1,5,1,,1,AUTOROUTE A1,0,,3,6,0,2,3,0,2,, -1,1,2,1,90,14,4,5,93,93066,1,1,0,1,AUTOROUTE A1,48.92797,2.35746,23,2,2
202100028227,151Â 240,A01,1,1,1,9,2,6,-1,0,0,-1,2021,24.0,1,1,0,0,1,1,1,,3,101,-1,,2,2,0,1,16,708,2,,"5,5",1,0,3,80,20,7,1,85,85046,1,1,0,6,La Gouelle,46.68351,-1.30203,19,1,1
202100017262,170Â 795,B01,1,1,1,5,1,-1,-1,0,0,-1,2021,53.0,2,2,0,2,3,1,1,,3,102,0,D,-1,2,0,1,12,100,3,, -1,2,4,1,80,25,9,1,85,85021,1,1,1,3,L ÃmeriÃ¨re,47.05268,-1.283088,18,5,2
202100015418,174Â 146,A01,1,1,1,9,2,-1,-1,0,0,-1,2021,15.0,2,1,0,2,1,15,1,,3,768,-1,,2,2,0,3,0,665,2,, -1,1,0,1,50,3,10,5,201,201247,2,3,0,1,D768,41.584578,9.280915,22,3,2
202100054785,103Â 869,A01,1,1,1,5,2,6,-1,0,0,-1,2021,22.0,1,1,0,2,1,1,1,,4,PLACE EDOUARD RENARD,0,,1,3,0,1,(1),(1),1,, -1,5,0,1,50,16,1,1,75,75112,2,7,1,3,PLACE EDOUARD RENARD,48.8353540591,2.4066048252,12,2,2
202100039278,131Â 392,A01,2,2,1,5,1,5,-1,-1, -1,-1,2021,21.0,3,2,1,0,1,1,1,,4,MULTIMODALE (PLATEFORME),0,,2,2,0,1,(1),(1),1,, -1,1,0,1,50,18,5,4,62,62274,1,1,0,3,MULTIMODALE (PLATEFORME),50.453115,2.97707,1,3,2
202100030806,146Â 699,A01,1,1,2,5,8,0,-1,-1, -1,-1,2021,39.0,1,2,0,2,8,10,1,,4,FLEURUS (BOULEVARD DE),0,,2,2,0,1,0,0,1,, -1,2,5,1,50,29,6,1,87,87085,2,1,0,3,FLEURUS (BOULEVARD DE),45.83047,1.26325,13,2,2
202100045037,121Â 223,B01,1,1,1,9,2,6,-1,0,0,-1,2021,23.0,1,1,0,2,3,1,1,,4,AVENUE EDOUARD VAILLANT,0,,1,4,0,1,(1),(1),3,, -1,2,0,1,50,5,4,1,75,75116,2,2,1,3,AVENUE EDOUARD VAILLANT,48.836774,2.253648,13,2,2
202100009816,184Â 150,B01,1,1,1,2,8,0,-1,-1, -1,-1,2021,12.0,1,0,0,2,1,19,0,,3,PARIS (RUE DE),0,,2,2,0,1,0,1,1,, -1,1,0,1,30,2,11,1,93,93048,2,9,0,3,PARIS (RUE DE),48.8566540493,2.428150177,13,2,2
202100056220,101Â 403,B01,1,1,1,1,1,-1,-1,0,0,-1,2021,35.0,1,2,0,0,3,1,1,,3,655,0,D,2,2,0,2,0,1,1,, -1,1,0,1,90,6,1,3,69,69140,1,2,0,3,MARCY (DE) (RTE),45.90219,4.676528,18,2,2