Num_Acc,id_vehicule,num_veh,place,catu,sexe,trajet,secu1,secu2,secu3,locp,actp,etatp,year_acc,victim_age,senc,catv,obs,obsm,choc,manv,motor,occutc,catr,voie,v1,v2,circ,nbv,vosp,prof,pr,pr1,plan,lartpc,larrout,surf,infra,situ,vma,jour,mois,lum,dep,com,agg_,int,atm,col,adr,lat,long,hour,nb_victim,nb_vehicules
202100015432,174Â 123,A01,10,3,2,5,0,-1,-1,3,3,2,2021,30.0,2,2,0,1,1,1,1,,3,D947,0,D,2,2,0,1,17,(1),1,, -1,1,9,1,50,3,10,1,59,59212,2,1,0,6,49 Rue du General de Gaulle,50.644203,2.723785,17,3,1
202100031149,146Â 056,B01,1,1,2,3,2,0,-1,-1, -1,-1,2021,42.0,2,1,0,2,7,16,1,,4,SABLIERE (RUE DE LA),0,,2,2,0,1,(1),(1),3,, -1,1,5,1,50,2,7,1,21,21054,2,6,0,3,Rue Gustave Eiffel,47.0412967983,4.8445637048,16,3,2
202100044064,122Â 914,A01,10,3,2,3,0,-1,-1,2,3,1,2021,71.0,2,5,0,1,1,1,1,,4,MADAME DE SANZILLON (RUE),0,,2,2,0,1,0,0,1,, -1,1,0,1,30,14,4,1,92,92024,2,1,0,6,MADAME DE SANZILLON (RUE),48.90381,2.32024,14,2,1
202100000036,201Â 696,A01,2,2,1,5,1,-1,-1,0,0,-1,2021,21.0,1,5,13,0,1,1,1,,3,902,0,D,2,2,0,2,91,500,3,, -1,2,0,3,80,1,8,3,73,73290,1,1,1,6,D902 Col de la Madeleine,45.297082,6.936736,1,3,1
202100040117,129Â 891,A01,1,1,1,5,2,-1,-1,0,0,-1,2021,44.0,1,1,12,0,8,1,1,,2,2,-1,,2,2,0,2,(1),(1),2,, -1,1,0,4,70,6,5,1,971,97129,2,1,0,6,viard,16.306674,-61.702301,15,2,1
202100037758,134Â 173,A01,1,1,1,5,2,6,-1,-1, -1,-1,2021,62.0,1,1,1,2,1,13,1,,3,PROMENADE DE VAUX,0,,2,2,3,1,34,34,1,, -1,1,0,8,50,28,5,1,77,77288,2,1,0,2,PROMENADE DE VAUX,48.53582,2.663369,16,2,2
202100029939,148Â 284,B01,1,1,1,4,1,0,-1,0,0,-1,2021,53.0,1,5,0,2,1,1,1,,4,BOULEVARD RICHARD LENOIR,0,,3,6,0,1,(1),(1),1,, -1,1,0,1,50,8,7,1,75,75111,2,2,0,3,BOULEVARD RICHARD LENOIR,48.864012,2.370696,7,2,2
202100007820,187Â 767,B01,1,1,2,1,1,0,-1,-1, -1,-1,2021,41.0,3,2,0,2,6,9,1,,4,BD SILVIO TRENTIN,0,,2,2,0,1,(1),(1),1,, -1,2,5,1,50,16,11,5,31,31555,2,2,1,3,BD SILVIO TRENTIN,43.6256,1.43109,19,2,2
202100018432,168Â 679,B01,1,1,2,1,2,4,-1,0,0,-1,2021,48.0,3,1,0,2,8,23,3,,3,VERDUN (AVENUE DE),0,,4,1,2,1,0,0,1,, -1,1,4,1,50,17,9,1,92,92078,2,2,0,3,VERDUN (AVENUE) (PAIRS 2 A 38),48.9355679124,2.3359492242,19,2,2
202100004549,193Â 644,B01,2,2,2,3,8,0,-1,-1, -1,-1,2021,41.0,2,2,0,2,8,1,1,,4,KARL MARX (AV),0,,2,2,0,1,0,0,4,, -1,2,0,1,50,5,12,1,94,94076,2,6,1,3,KARL MARX (AV),48.78445,2.36432,11,3,2
202100004666,193Â 435,A01,1,1,1,5,8,0,-1,-1, -1,-1,2021,35.0,3,1,0,2,1,13,1,,4,PETIT FRERE(CHEMIN),0,,2,2,0,2,1,0,2,, -1,1,0,1,30,4,12,2,974,97416,1,1,0,1,PETIT FRERE(CHEMIN),-21.27455,55.49244,18,2,2
202100030993,146Â 334,B01,1,1,2,9,2,6,-1,-1, -1,-1,2021,17.0,1,1,0,2,9,1,1,,3,ROUSSEAU JEAN JACQUES (ROND POINT),0,,2,2,0,4,(1),(1),1,, -1,2,5,1,50,29,6,1,73,73065,2,6,1,3,ROUSSEAU JEAN JACQUES (ROND POINT) / D912,45.56333,5.92832,8,2,2
202100003538,195Â 420,B01,1,1,2,0,2,6,-1,-1, -1,-1,2021,32.0,1,1,0,2,7,3,1,,2,JAURES (BOULEVARD JEAN),0,,2,4,0,1,(1),(1),1,, -1,1,1,1,50,9,12,1,974,97411,2,1,0,3,JAURES (BOULEVARD JEAN),-20.89073,55.46048,17,3,2
202100023942,158Â 837,A01,1,1,1,3,1,5,-1,0,0,-1,2021,83.0,3,2,6,2,7,19,1,,3,976,-1,,2,2,1,1,(1),(1),1,, -1,1,0,1,50,28,7,1,41,41164,2,2,0,3,rue de Tours,47.281944,1.375115,11,5,2
202100022621,161Â 180,B01,1,1,1,0,1,0,-1,0,0,-1,2021,64.0,1,2,0,2,6,1,1,,4,SAINT DIZIER (RUE 82 ET 113 A FIN),0,,1,3,3,1,(1),(1),1,, -1,1,0,1,50,25,8,1,54,54395,2,2,0,3,SAINT DIZIER (RUE 82 ET 113 A FIN),48.6868678411,6.1853712113,7,2,2
202100026613,154Â 136,A01,1,1,1,4,2,0,-1,-1, -1,-1,2021,39.0,1,1,8,0,1,0,1,,3,AZALEES (ROUTE DES),0,,2,2,0,1,(1),(1),4,, -1,9,0,1,50,27,7,5,974,97411,2,1,0,7,AZALEES (ROUTE DES),-20.92566,55.43626,19,1,1
202100018672,168Â 265,B01,1,1,1,2,2,-1,-1,0,0,-1,2021,16.0,1,1,0,2,1,17,1,,3,59,-1,,2,2,0,1,7,300,1,, -1,1,0,1,50,13,9,1,30,30253,2,3,0,3,La Cantonade,44.238132,4.114289,16,4,2
202100056148,101Â 519,B01,1,1,1,5,2,0,-1,-1, -1,-1,2021,36.0,3,1,0,2,0,0,1,,4,EUROPE (RUE DE L'.......),0,,2,2,0,1,(1),(1),1,, -1,2,0,1,50,4,1,3,62,62902,2,2,0,3,EUROPE (RUE DE L'.......),50.712768,2.236857,7,2,2
202100041135,128Â 079,A01,1,1,1,4,2,6,-1,0,0,-1,2021,20.0,1,1,0,2,1,17,3,,4,RUE DE CRIMEE,0,,2,2,0,2,(1),(1),1,, -1,2,0,1,50,6,5,1,75,75119,2,1,1,2,RUE DE CRIMEE,48.883529,2.384966,13,2,2
202100026821,153Â 779,A01,1,1,1,0,8,-1,-1,-1, -1,-1,2021,21.0,1,2,14,0,1,16,1,,4,LANGUEDOC (AVENUE DU),0,,1,1,2,1,(1),(1),3,, -1,1,5,1,50,26,7,5,35,35238,2,4,0,6,LANGUEDOC (AVENUE DU),48.1164,-1.70748,23,2,1
202100021128,163Â 891,A01,2,2,1,5,1,-1,-1,0,0,-1,2021,20.0,1,2,0,2,3,15,1,,3,2,0,,2,2,0,1,21,0,1,, -1,1,5,1,80,3,9,3,86,86239,1,3,0,3,Route dÃ©partementale 2,46.611818,0.692782,20,3,2
202100024029,158Â 695,A01,1,1,1,9,1,0,-1,0,0,-1,2021,30.0,1,2,0,2,1,1,1,,4,RUE DU QUATRE SEPTEMBRE,0,,1,3,0,1,(1),(1),1,, -1,1,0,1,50,13,8,1,75,75102,2,2,0,3,RUE DU QUATRE SEPTEMBRE,48.86918,2.338688,13,7,2
202100007011,189Â 225,A01,1,1,1,4,0,-1,-1,-1, -1,-1,2021,19.0,1,1,8,2,1,17,1,,3,JEAN JACQUES ROUSSEAU (AVENUE),0,,2,4,1,1,5,648,1,, -1,1,5,1,50,20,11,5,78,78311,2,3,0,3,JEAN JACQUES ROUSSEAU (AVENUE),48.918004,2.184444,20,2,2
202100002852,196Â 683,A01,1,1,1,5,2,-1,-1,0,0,-1,2021,61.0,2,1,0,0,1,19,1,,3,160,0,D,2,2,0,1,34,880,1,, -1,1,0,1,80,17,12,3,85,85084,1,2,0,3,D60,46.781591,-1.208558,20,2,2
202100000545,200Â 730,B01,1,1,1,4,1,-1,-1,0,0,-1,2021,27.0,2,5,0,0,2,0,1,,3,909,-1,D,2,2,0,2,41,400,1,, -1,9,9,1,90,16,12,2,74,74083,1,1,1,5,D909,45.890785,6.654174,16,3,3
202100020450,165Â 079,A01,1,1,1,5,2,6,-1,-1,0,-1,2021,39.0,1,1,0,2,3,15,1,,3,HUIT MAI 1945 (AVENUE DU),0,,2,2,0,1,3,900,1,, -1,1,0,1,30,29,5,1,95,95680,2,1,0,3,HUIT MAI 1945 (AVENUE DU),49.005215,2.400318,13,2,2
202100005534,191Â 906,A01,1,1,1,9,2,6,-1,0,0,-1,2021,22.0,1,1,0,2,1,1,1,,4,RUE JACQUIER,0,,1,1,0,1,(1),(1),1,, -1,1,0,1,30,29,11,5,75,75114,2,3,0,3,RUE JACQUIER,48.829247,2.319225,22,6,2
202100009246,185Â 183,B01,1,1,1,0,2,0,-1,-1, -1,-1,2021,65.0,0,1,0,2,1,17,1,,4,BOULEVARD JULES VERNE,0,,2,2,2,1,(1),0,1,, -1,1,0,1,50,2,11,5,44,44109,2,1,0,3,BOULEVARD JULES VERNE,47.236271,-1.533911,18,2,2
202100007668,188Â 044,A01,1,1,2,1,2,6,-1,0,0,-1,2021,18.0,1,1,0,0,8,16,1,,4,BOULEVARD DE STRASBOURG,0,,2,5,1,1,(1),(1),1,, -1,2,0,1,30,17,11,1,75,75110,2,2,0,7,BOULEVARD DE STRASBOURG,48.869327,2.35424,8,1,1
202100053526,106Â 039,A01,10,3,1,1,0,-1,-1,3,3,1,2021,19.0,1,5,0,1,0,1,0,,3,771,0,D,2,2,0,1,16,473,1,, -1,2,0,1,50,28,1,2,53,53077,2,1,1,6,44 Rue de Nantes,47.944114,-0.913574,8,2,1
202100053221,106Â 604,A01,1,1,2,1,1,-1,-1,0,0,-1,2021,35.0,1,2,0,2,1,15,1,,3,9,0,,2,3,0,1,1,0,1,, -1,2,0,1,70,29,1,1,14,14137,1,3,1,1,D9,49.1871,-0.4257,12,2,2
202100013773,177Â 088,B01,1,1,1,1,2,6,9,0,0,-1,2021,31.0,3,1,0,2,1,0,1,,3,99,0,A,2,2,0,1,(1),(1),1,, -1,1,0,1,50,11,10,1,13,13100,2,1,0,3,Avenue Albert Gleizes,43.791272,4.819061,13,2,2
202100027896,151Â 846,A01,1,1,1,5,1,8,-1,-1, -1,-1,2021,29.0,2,2,8,0,2,14,1,,3,LENINGRAD (BD DE),0,,3,4,0,1,95,1000,1,, -1,1,0,3,50,18,7,1,76,76351,2,1,0,6,LENINGRAD (BD DE),49.49997,0.16845,7,1,1
202100014686,175Â 461,A01,1,1,1,2,2,-1,-1,0,0,-1,2021,17.0,2,1,0,2,2,13,1,,3,996,-1,,2,2,0,1,(1),(1),1,, -1,1,0,1,50,6,10,1,63,63178,2,1,0,3,913 Route de Perrier,45.543509,3.226724,16,2,2
202100003652,195Â 226,A01,10,3,1,5,0,-1,-1,3,3,1,2021,85.0,2,2,0,1,1,1,1,,4,FAURÃ (RUE GABRIEL),0,,3,4,3,2,(1),(1),1,, -1,2,0,1,50,7,12,1,44,44184,2,1,1,6,FAURÃ (RUE GABRIEL),47.26862,-2.23627,12,2,1
202100040763,128Â 747,A01,10,3,1,5,0,-1,-1,6,3,1,2021,47.0,1,2,0,1,2,2,1,,4,BOULEVARD PERIPHERIQUE,0,,1,4,0,1,22,800,1,, -1,1,0,1,70,7,5,2,75,75118,2,1,0,6,BOULEVARD PERIPHERIQUE,48.900871,2.356218,20,4,2
202100040241,129Â 669,A01,1,1,1,9,1,5,-1,-1, -1,-1,2021,24.0,1,2,11,0,1,13,1,,3,QUATRE SEPTEMBRE (QUAI DU),0,,3,4,2,1,0,0,1,, -1,1,5,1,50,12,5,5,92,92012,2,3,0,6,QUATRE SEPTEMBRE (QUAI DU),48.8527149803,2.2263729572,0,1,1
202100036824,135Â 878,A01,1,1,2,5,8,0,-1,-1, -1,-1,2021,42.0,3,1,0,0,1,1,5,,4,BARBES BD ET PROMENADE-PAIRS-,0,,2,2,1,2,1,0,1,, -1,1,0,5,50,1,6,1,11,11069,2,1,0,7,BARBES BD ET PROMENADE-PAIRS-,43.21047,2.34952,13,1,1
202100049302,113Â 633,A01,1,1,1,5,0,-1,-1,0,0,-1,2021,78.0,3,2,0,2,1,16,1,,4,,-1,,2,2,0,2,(1),(1),1,, -1,1,0,1,50,5,3,1,38,38378,2,3,0,1,Avenue Berthelot,45.430742,4.769289,14,6,2
202100041059,128Â 218,D01,1,1,2,0,1,8,-1,-1, -1,-1,2021,49.0,1,2,0,2,4,2,1,,2,11 - RT,0,,2,4,0,1,1,0,1,, -1,1,0,1,90,6,5,1,202,202120,1,1,0,4,11 - RT,42.64511,9.43978,7,4,4
202100030440,147Â 362,Z01,10,3,1,1,8,8,-1,3,3,1,2021,18.0,2,2,0,1,1,1,1,,3,SAINT LEU (ROUTE DE) 1 Ã  157,0,,1,3,0,1,0,0,1,, -1,1,0,1,50,6,7,1,93,93031,2,1,0,6,SAINT LEU (ROUTE DE) 1 Ã  157,48.95845,2.32915,7,2,1
202100003931,194Â 721,A01,1,1,1,4,1,4,-1,-1, -1,-1,2021,37.0,1,4,0,2,8,2,1,,2,RN 104,0,,1,2,0,1,29,100,1,, -1,1,0,1,110,9,12,1,91,91573,1,1,0,5,RN 104,48.631656,2.518842,11,3,3
202100031228,145Â 921,B01,1,1,1,0,2,6,-1,0,0,-1,2021,27.0,1,1,0,2,1,1,1,,3,12,-1,,2,2,0,1,2,240,1,, -1,2,0,1,80,4,7,1,68,68367,1,1,1,1,D12,48.064888,7.462109,15,3,2
202100001693,198Â 764,B01,1,1,1,4,1,-1,-1,-1, -1,-1,2021,32.0,1,4,0,2,3,1,1,,7,PIERRE SEMARD                       (BD),0,,1,2,0,1,(1),(1),1,, -1,1,0,1,50,22,12,1,69,69199,2,1,1,3,PIERRE SEMARD (BD),45.6945786287,4.844160676,11,4,2
202100054200,104Â 867,A01,1,1,1,1,8,0,-1,-1, -1,-1,2021,26.0,2,1,0,2,7,13,1,,3,JEAN JAURES (RUE),0,,2,2,0,2,1,0,1,, -1,1,2,1,50,20,1,5,59,59225,2,1,0,3,JEAN JAURES (RUE),50.29738,3.92661,17,3,2
202100023847,159Â 001,B01,1,1,1,0,2,-1,-1,-1, -1,-1,2021,62.0,3,1,0,2,3,0,3,,7,SOLDATS (DES)                       (MO),0,,1,2,3,4,0,1,1,, -1,1,0,6,50,16,8,1,69,69034,2,2,0,3,SOLDATS (DES) (MO),45.7914,4.86079,17,2,2
202100003434,195Â 617,B01,1,1,1,9,2,6,-1,0,0,-1,2021,32.0,2,1,0,2,1,1,1,,4,RUE DE BAGNOLET,0,,2,3,0,1,(1),(1),1,, -1,1,0,1,30,11,12,5,75,75120,2,3,0,3,RUE DE BAGNOLET,48.86269,2.406671,21,2,2
202100041896,126Â 730,B01,1,1,1,0,2,6,-1,-1, -1,-1,2021,51.0,2,1,0,0,0,0,1,,4,GUTENBERG (RUE),0,,2,2,0,1,(1),(1),1,, -1,1,0,1,50,29,4,1,51,51454,2,1,0,3,Rue Gutenberg,49.2750510165,4.0025541377,13,2,2
202100036920,135Â 708,A01,1,1,1,4,8,-1,-1,0,0,-1,2021,49.0,2,5,0,2,1,2,1,,1,10,0,,2,3,0,1,72,292,1,,"13,5",1,0,1,130,3,6,1,28,28367,1,1,0,2,A10 - PK 72+292 - direction PARIS,48.148787,1.855799,6,2,2
202100014727,175Â 388,C01,1,1,1,0,1,0,-1,-1, -1,-1,2021,60.0,2,2,4,2,1,1,1,,1,A72,0,,3,6,0,1,8,275,1,, -1,1,0,1,90,6,10,1,42,42330,1,1,0,4,A72,45.47582,4.35854,10,4,3
202100049393,113Â 471,B01,1,1,1,0,8,0,-1,-1, -1,-1,2021,23.0,3,1,1,2,1,19,5,,4,JAURES JEAN (BOULEVARD),0,,1,0,0,1,0,0,1,, -1,1,0,1,50,2,3,1,30,30189,2,1,0,6,JAURES JEAN (BOULEVARD),43.82579,4.35346,12,3,3
202100052145,108Â 503,A01,10,3,1,9,0,-1,-1,4,3,1,2021,37.0,2,1,0,1,7,1,1,,4,AVENUE CLAUDE VELLEFAUX,0,,2,2,0,1,(1),(1),1,, -1,2,0,1,30,8,2,1,75,75110,2,2,1,6,AVENUE CLAUDE VELLEFAUX,48.875222,2.370313,10,2,1
202100044052,122Â 935,A01,1,1,1,1,2,0,-1,0,0,-1,2021,30.0,2,1,12,0,1,14,5,,4,RUE SAINT ANTOINE,0,,2,4,1,1,(1),(1),1,, -1,1,-1,5,30,14,4,1,75,75104,2,4,0,6,RUE SAINT ANTOINE,48.855067603,2.3616632115,12,1,1
202100033040,142Â 683,B01,1,1,2,5,1,-1,-1,-1, -1,-1,2021,32.0,1,2,0,2,4,23,1,,4,MICHEL LECOSTEY (RUE),0,,2,2,0,1,0,0,1,, -1,1,0,1,30,18,6,1,50,50165,2,3,0,4,MICHEL LECOSTEY (RUE),48.84847,-1.56971,18,3,3
202100019711,166Â 409,A01,1,1,1,0,2,0,-1,-1, -1,-1,2021,62.0,1,1,0,2,0,21,1,,4,CHARMILLES (MAIL DES),0,,1,2,0,1,(1),(1),3,, -1,2,0,1,50,9,9,1,10,10387,2,1,1,7,CHARMILLES (MAIL DES),48.3029,4.08676,8,1,1
202100017383,170Â 565,A01,1,1,2,0,2,8,-1,-1, -1,-1,2021,39.0,2,1,0,2,1,20,1,,1,86,0,,3,6,0,1,9,500,1,, -1,1,0,1,90,23,9,1,92,92036,1,1,0,2,AUTOROUTE A86,48.9390465105,2.3061312878,17,2,2
202100048201,115Â 597,A01,1,1,1,0,1,-1,-1,0,0,-1,2021,25.0,1,2,2,0,1,1,1,,3,405,0,,2,2,0,2,11,818,1,, -1,2,0,3,50,14,3,5,77,77483,2,1,1,6,109 Rue Victor Clairet,49.006296,2.93219,0,3,1
202100047908,116Â 102,A01,2,2,1,5,3,8,-1,-1, -1,-1,2021,1.0,2,2,0,2,1,1,1,,2,Morne Salines,0,,2,2,0,2,(1),(1),1,, -1,1,0,1,70,14,3,1,971,97113,1,1,0,2,Morne Salines,16.20863,-61.44201,15,3,2
202100035997,137Â 345,B01,1,1,2,1,1,9,-1,0,0,-1,2021,62.0,2,2,0,2,8,1,1,,3,227,-1,,2,2,0,1,0,0,1,, -1,1,0,1,80,8,6,1,2,2421,1,2,0,3,D22,49.312789,3.498228,7,2,2
202100049653,112Â 986,A01,1,1,1,5,2,8,-1,-1, -1,-1,2021,17.0,1,1,0,2,1,1,1,,3,ITAM (BOULEVARD),0,,-1,2,0,1,0,100,1,, -1,1,0,1,50,10,2,1,13,13108,2,1,0,1,ITAM (BOULEVARD),43.8064662105,4.6578073529,16,2,2
202100005562,191Â 856,A01,10,3,1,0,0,-1,-1,2,5,1,2021,40.0,1,5,0,1,2,1,1,,3,GAGNY (ALLEE DE),0,,2,2,0,1,0,1,1,, -1,2,0,1,30,30,11,2,93,93014,2,1,0,6,GAGNY (ALLEE DE),48.90979,2.54977,7,2,1
202100024596,157Â 691,A01,1,1,2,0,1,0,-1,-1, -1,-1,2021,53.0,2,2,0,2,4,26,1,,7,LENINE. BOULEVARD,0,,3,4,0,1,5,450,1,, -1,1,0,1,90,11,8,1,76,76575,1,1,0,2,LENINE. BOULEVARD,49.39779,1.11166,17,2,2
202100027051,153Â 364,A01,3,2,1,0,1,-1,-1,-1, -1,-1,2021,24.0,1,2,0,2,7,1,1,,4,GARIBALDI                           (R ),0,,1,4,3,1,(1),(1),1,, -1,1,0,1,50,25,7,5,69,69383,2,2,0,3,GARIBALDI (R),45.7621,4.8518,1,4,2
202100052435,107Â 987,A01,1,1,1,9,8,0,-1,-1, -1,-1,2021,41.0,3,2,8,0,3,0,1,,4,CHAUTEMPS (AVENUE CAMILLE),0,,2,2,0,1,(1),(1),1,, -1,1,0,3,50,4,2,5,37,37261,2,1,0,7,CHAUTEMPS (AVENUE CAMILLE),47.3755329557,0.7206194401,2,1,1
202100022181,161Â 994,A01,1,1,1,9,2,-1,-1,0,0,-1,2021,16.0,1,1,6,0,0,0,1,,4,,-1,,2,2,0,1,(1),(1),2,,5,1,0,4,-1,28,8,1,77,77168,2,1,0,6,31 Rue du Bois des Places,48.167396,2.881978,15,1,1
202100015090,174Â 733,B01,1,1,1,2,2,6,-1,0,0,-1,2021,14.0,1,1,0,2,3,1,1,,3,GAMBETTA,0,,2,2,0,1,13,950,1,, -1,1,0,1,30,30,9,1,12,12089,2,1,0,1,14 Rue Gambetta,44.5606102133,2.2501348704,16,2,2
202100034491,140Â 075,B01,1,1,1,0,2,-1,-1,0,0,-1,2021,18.0,1,1,0,2,1,2,1,,2,7,-1,,2,2,0,1,67,165,1,, -1,1,0,1,50,14,6,1,26,26166,2,2,1,3,Boulevard FrÃ©dÃ©ric Mistral,44.753362,4.817655,18,2,2
202100053508,106Â 069,B01,1,1,1,0,1,0,-1,-1, -1,-1,2021,57.0,1,2,0,2,4,16,1,,4,AUDRA (AV),0,,1,2,0,1,0,0,1,, -1,1,0,1,50,26,1,1,92,92025,2,1,0,5,AUDRA (AV),48.9280412997,2.2508118385,12,3,3
202100002026,198Â 169,B01,1,1,1,0,2,-1,-1,-1, -1,-1,2021,26.0,2,1,0,2,1,1,1,,4,AVE DE VERDUN,0,,2,3,1,1,(1),(1),1,, -1,1,0,1,50,20,12,5,33,33281,2,3,1,3,Avenue de Verdun,44.8397,-0.63798,20,3,2
202100040878,128Â 555,B01,2,1,1,0,8,0,-1,-1, -1,-1,2021,6.0,1,1,0,2,1,0,0,,4,CHAMPS LASNIERS (AVENUE),0,,-1,2,0,1,0,0,1,, -1,1,0,8,30,7,5,2,91,91692,2,9,0,3,CHAMPS LASNIERS (AVENUE),48.684551,2.169742,19,2,2
202100004164,194Â 307,A01,1,1,1,5,1,-1,-1,0,0,-1,2021,53.0,2,2,13,0,1,21,1,,3,68,0,,2,2,0,2,1,300,4,, -1,1,0,1,80,8,12,3,14,14085,1,1,0,6,D68,49.284124,0.347322,22,1,1
202100001883,198Â 429,A01,10,3,1,0,0,-1,-1,3,3,2,2021,73.0,3,2,0,1,2,1,1,,4,PEGUY (BOULEVARD CHARLES),0,,2,2,0,1,(1),(1),2,, -1,1,0,1,30,21,12,2,28,28085,2,1,0,6,PEGUY (BOULEVARD CHARLES),48.450756,1.485157,16,2,1
202100023754,159Â 157,A01,10,3,1,0,0,-1,-1,2,3,1,2021,23.0,3,2,0,1,0,26,1,,4,MADELEINE VIONNET(RUE),0,,3,0,0,1,0,0,1,, -1,1,0,1,50,17,8,2,93,93001,2,1,0,1,MADELEINE VIONNET(RUE),48.90479,2.375813,20,2,1
202100003264,195Â 930,Z01,10,3,1,5,8,8,-1,2,3,1,2021,17.0,3,2,0,1,0,1,0,,4,RUE SAINT LAZARE,0,,1,1,2,1,(1),(1),1,, -1,2,0,1,30,12,12,5,75,75109,2,3,0,6,RUE SAINT LAZARE,48.876919,2.334239,19,2,1
202100022445,161Â 516,B01,1,1,2,0,2,6,-1,-1, -1,-1,2021,21.0,1,1,0,2,1,1,1,,4,AVE DU HAUT LEVEQUE,0,,2,3,2,1,(1),(1),1,, -1,1,5,1,50,27,8,5,33,33318,2,3,0,3,Avenue du Haut LÃ©vÃ¨que,44.79075,-0.65729,0,2,2
202100047508,116Â 842,B01,1,1,1,9,1,0,-1,0,0,-1,2021,50.0,1,2,0,2,3,1,1,,4,PONT MORTAIN (RUE),0,,1,1,0,1,0,0,1,, -1,2,0,1,30,17,3,5,14,14366,2,2,0,6,Rue Pont Mortain,49.14358,0.22677,20,3,2
202100003937,194Â 708,B01,1,1,2,0,1,4,-1,-1, -1,-1,2021,34.0,2,2,0,2,4,1,1,,1,A13,0,,3,3,0,1,29,550,1,, -1,1,0,1,130,9,12,3,78,78431,1,1,0,1,A13,48.943815,1.950369,17,2,2
202100044577,122Â 038,B01,2,2,2,5,2,8,-1,-1, -1,-1,2021,19.0,1,1,0,2,4,0,1,,7,BARASSE,0,,2,3,1,1,(1),(1),1,, -1,1,0,1,50,9,4,1,13,13211,2,1,0,2,BARASSE (BOULEVARD),43.284664,5.485995,18,3,2
202100025412,156Â 234,A01,10,3,2,5,0,-1,-1,4,3,1,2021,16.0,3,2,0,1,2,1,3,,4,MARIE (RUE SAINTE),0,,1,1,0,1,0,0,1,, -1,1,0,6,50,3,8,1,974,97411,2,2,0,-1,MARIE (RUE SAINTE),-20.8848386716,55.447224266,16,2,1
202100034303,140Â 420,B01,1,1,1,1,8,0,-1,-1, -1,-1,2021,24.0,3,1,0,2,8,1,3,,4,PREMIER RAM (RUE DU),0,,2,2,1,1,0,0,4,, -1,1,6,1,50,15,6,1,10,10387,2,9,0,3,PREMIER RAM (RUE DU),48.29253,4.0735,12,3,2
202100036887,135Â 765,B01,1,1,1,5,2,-1,-1,0,0,-1,2021,39.0,1,1,0,2,8,1,5,,3,35,0,D,2,2,0,1,11,0,1,, -1,1,0,1,80,2,6,1,51,51389,1,2,0,3,D19,49.133025,4.337186,18,2,2
202100052094,108Â 593,C01,1,1,1,9,1,4,-1,-1, -1,-1,2021,53.0,1,5,4,0,4,1,1,,1,AUTOROUTE A6A,0,,3,6,0,2,1,49,1,, -1,1,0,1,90,9,2,1,94,94003,1,1,0,4,AUTOROUTE A6A,48.8079543876,2.3406292528,14,3,3
202100010678,182Â 631,B01,1,1,1,1,2,6,-1,-1, -1,-1,2021,31.0,1,1,0,2,1,3,1,,1,A86 INT,0,,1,0,0,1,38,500,1,, -1,1,0,1,90,27,10,3,94,94028,1,1,0,2,A86 INT,48.7941121614,2.4417938878,17,2,2
202100045708,120Â 043,B01,1,1,1,0,2,6,-1,0,0,-1,2021,58.0,3,1,0,2,3,13,1,,3,119,0,,2,2,0,1,(1),(1),3,, -1,1,0,1,80,2,4,1,50,50230,1,1,0,1,La Motterie,49.586288,-1.640997,17,2,2
202100033760,141Â 427,A01,1,1,1,1,1,4,-1,-1, -1,-1,2021,40.0,1,4,0,2,0,26,1,,1,AUTOROUTE A86,0,,2,1,0,2,50,500,3,, -1,2,0,1,50,18,6,4,94,94034,1,9,0,6,AUTOROUTE A86,48.75898,2.33856,0,1,1
202100016911,171Â 392,B01,2,2,1,4,1,0,-1,-1, -1,-1,2021,42.0,3,2,0,2,4,2,1,,7,CLOS DU MOINE (RUE DU),0,,1,1,0,1,1,0,1,, -1,1,5,1,50,24,9,1,45,45285,2,1,0,2,CLOS DU MOINE (RUE DU),47.915,1.8691,17,4,2
202100031245,145Â 893,A01,2,2,2,5,2,-1,-1,0,0,-1,2021,27.0,1,1,7,0,1,1,1,,3,7,0,D,2,2,0,2,11,100,2,, -1,1,0,3,90,3,7,1,72,72040,1,1,0,6,Le Champ sous Bois,48.1715444704,0.5577437081,21,2,1
202100043309,124Â 248,A01,10,3,2,3,0,-1,-1,2,1,2,2021,71.0,1,2,0,1,3,1,1,,4,DE BUSSY (RUE CLAUDE),0,,2,2,0,1,0,0,1,, -1,2,0,1,30,16,4,1,83,83126,2,1,1,6,DE BUSSY (RUE CLAUDE),43.08115,5.89376,12,2,1
202100001878,198Â 435,A01,1,1,2,5,1,-1,-1,-1, -1,-1,2021,52.0,2,2,0,2,4,23,1,,4,AVE DE LA LIBERATION,0,,3,2,0,1,(1),(1),3,, -1,1,4,1,30,21,12,5,33,33249,2,6,0,2,Avenue de la LibÃ©ration,44.86774,-0.52319,19,2,2
202100017594,170Â 173,B01,1,1,1,0,1,0,-1,-1, -1,-1,2021,30.0,2,1,0,0,0,0,1,,1,A86,0,,3,4,0,1,1,200,1,, -1,1,0,1,90,22,9,3,92,92050,1,1,0,3,A86,48.9089605857,2.2142802499,6,2,2
202100032927,142Â 904,A01,2,2,1,9,1,0,-1,-1, -1,-1,2021,28.0,3,0,0,2,3,15,1,,3,FORT DE LA BRICHE,0,,3,5,0,1,0,1,1,, -1,2,5,1,50,22,6,1,93,93066,2,3,1,3,Rue du Fort de la Briche,48.94436,2.34217,14,3,2