Num_Acc,id_vehicule,num_veh,place,catu,sexe,trajet,secu1,secu2,secu3,locp,actp,etatp,year_acc,victim_age,senc,catv,obs,obsm,choc,manv,motor,occutc,catr,voie,v1,v2,circ,nbv,vosp,prof,pr,pr1,plan,lartpc,larrout,surf,infra,situ,vma,jour,mois,lum,dep,com,agg_,int,atm,col,adr,lat,long,hour,nb_victim,nb_vehicules
202100002610,197Â 116,B01,1,1,1,0,2,0,-1,-1, -1,-1,2021,35.0,1,1,0,2,3,2,0,,7,FOSSES (RUE DES FOSSES),0,,2,2,1,1,1,0,1,, -1,1,0,1,50,16,12,1,45,45147,2,2,0,3,FOSSES (RUE DES FOSSES),47.9274911037,1.9248819351,12,2,2
202100045377,120Â 622,B01,2,2,1,5,1,0,-1,-1, -1,-1,2021,70.0,2,2,0,2,1,1,1,,3,D935,0,,2,2,1,1,(1),(1),3,, -1,1,2,1,70,18,3,1,59,59153,1,1,0,1,D935,50.44485,3.59027,9,4,2
202100055240,103Â 082,B01,1,1,1,5,2,-1,-1,0,0,-1,2021,51.0,3,1,0,0,1,1,5,,3,143,-1,,2,2,0,1,1,(1),2,, -1,1,0,1,80,13,1,1,11,11102,1,1,0,1,Route de Pomas,43.132885,2.307821,14,2,2
202100026027,155Â 158,B01,1,1,2,5,2,6,-1,0,0,-1,2021,50.0,2,1,0,2,2,17,1,,3,984,-1,C,2,2,0,1,6,0,1,,4,1,0,1,80,2,8,1,1,1153,1,2,0,3,Route de la Pralay,46.2941031609,6.0425815685,7,2,2
202100051438,109Â 753,A01,10,3,1,2,0,-1,-1,3,3,2,2021,19.0,3,2,0,1,1,1,1,,4,UNIVERSITE RUE DE L',0,,2,2,0,2,(1),(1),1,, -1,2,0,1,30,15,2,5,29,29232,2,1,1,6,Rue de lâUniversite,47.98143,-4.09681,7,3,1
202100018290,168Â 931,B01,1,1,1,0,8,0,-1,-1, -1,-1,2021,21.0,1,1,0,2,8,21,5,,4,DODU 1 (RUE JULIETTE),0,,1,1,0,1,0,0,1,, -1,1,0,1,50,17,9,2,974,97411,2,2,0,3,DODU 1 (RUE JULIETTE),-20.8732,55.44985,6,2,2
202100041903,126Â 718,A01,1,1,1,0,2,8,-1,-1, -1,-1,2021,30.0,2,1,0,2,2,17,1,,7,NANTES (RUE DE),0,,2,2,1,1,12,60,1,, -1,1,0,1,50,30,4,1,35,35238,2,1,0,3,NANTES (RUE DE),48.09182,-1.69181,19,2,2
202100009597,184Â 552,A01,1,1,1,2,1,8,-1,-1, -1,-1,2021,20.0,1,2,4,0,3,26,1,,7,37,0,,2,4,0,1,(1),(1),2,, -1,2,0,1,90,3,11,1,37,37109,2,1,0,6,RD 37,47.4054984682,0.6408548355,9,1,1
202100028164,151Â 357,B01,1,1,1,5,2,0,-1,-1, -1,-1,2021,31.0,2,1,0,2,1,17,1,,4,RUE VAUVENARGUES,0,,2,2,0,1,(1),(1),1,, -1,1,0,1,50,19,7,1,75,75118,2,5,0,3,RUE VAUVENARGUES,48.894173,2.332636,8,2,2
202100047026,117Â 715,B01,1,1,1,0,2,6,-1,0,0,-1,2021,45.0,2,1,0,2,1,9,1,,4,,0,,2,2,0,1,(1),(1),1,, -1,1,0,1,50,20,3,1,88,88413,2,2,0,3,Travaileurs ( rue des ),48.27698,6.956561,14,3,3
202100033461,141Â 958,A01,2,2,1,5,1,-1,-1,0,0,-1,2021,19.0,0,2,15,0,2,1,1,,3,208,-1,,2,2,0,1,7,531,2,, -1,1,0,3,80,20,6,1,61,61091,1,1,0,7,la chesnaie,48.630235,-0.515424,12,2,1
202100015659,173Â 678,A01,1,1,1,0,2,6,-1,-1, -1,-1,2021,18.0,2,1,1,0,1,1,1,,3,KENNEDY (AVENUE JOHN FITZGERALD),0,,3,4,0,1,0,1,1,, -1,2,0,1,50,2,10,2,93,93013,2,1,0,6,Avenue John Fitzgerald Kennedy,48.93859,2.42602,7,1,1
202100004555,193Â 634,A01,1,1,1,0,8,0,-1,-1, -1,-1,2021,61.0,3,2,0,2,1,11,1,,3,RESISTANCE (AVENUE DE LA),0,,2,1,0,1,0,0,1,, -1,2,0,1,50,5,12,1,93,93062,2,2,1,3,RESISTANCE (AVENUE DE LA),48.8927,2.51287,12,2,2
202100046281,119Â 050,A01,1,1,2,0,8,-1,-1,0,0,-1,2021,65.0,0,2,13,0,1,0,0,,3,130,0,D,2,2,0,1,33,950,1,, -1,1,0,3,80,29,3,1,60,60287,1,1,0,6,D130,49.613145,3.069612,10,1,1
202100041282,127Â 814,A01,1,1,1,9,1,0,-1,-1, -1,-1,2021,21.0,3,2,9,0,1,26,1,,4,PONT CHER (RUE DU),0,,2,2,0,1,(1),(1),1,, -1,2,0,3,50,4,5,5,37,37122,2,1,0,7,PONT CHER (RUE DU),47.3627103975,0.6740149856,22,2,1
202100012966,178Â 560,B01,2,2,2,5,2,6,-1,0,0,-1,2021,66.0,1,1,0,2,7,1,1,,1,8,0,,1,1,0,1,212,550,1,, -1,1,0,1,50,16,10,1,6,6012,1,3,0,3,Aire de Beausoleil (Aire de repos),43.753855,7.42024,10,4,2
202100007927,187Â 570,B01,9,2,2,5,1,-1,-1,0,0,-1,2021,75.0,3,2,0,2,6,15,1,,4,,0,,2,2,0,1,(1),(1),1,,4,2,0,1,50,16,11,1,80,80182,2,3,0,3,107 Rue du MarÃ©chal Joffre,50.177613,1.488819,14,5,2
202100009462,184Â 791,A01,1,1,1,1,8,0,-1,0,0,-1,2021,60.0,1,1,9,0,1,1,5,,4,BOULEVARD JOURDAN,0,,2,8,1,1,(1),(1),1,, -1,2,-1,5,50,4,11,1,75,75114,2,1,0,6,BOULEVARD JOURDAN,48.822839,2.327596,8,1,1
202100033364,142Â 131,B01,1,1,1,0,2,6,-1,-1, -1,-1,2021,34.0,3,1,0,2,1,21,1,,4,LYON (RUE DE),0,,2,2,0,1,(1),(1),1,, -1,1,0,1,50,14,6,1,13,13215,2,1,0,3,LYON (RUE DE),43.32396,5.36744,8,2,2
202100039366,131Â 235,A01,1,1,1,5,2,-1,-1,0,0,-1,2021,39.0,3,1,0,0,0,1,1,,4,,-1,,2,1,0,1,0,0,1,,3,1,0,1,50,17,5,1,30,30212,2,1,0,7,L'Ile Basse,43.943179,4.568499,16,1,1
202100003216,196Â 022,A01,1,1,2,1,1,8,-1,-1, -1,-1,2021,24.0,2,2,0,2,9,14,1,,1,A47,0,,1,4,0,4,23,200,2,, -1,2,3,1,90,8,12,1,42,42110,1,9,1,3,A47,45.4948,4.55462,8,2,2
202100045224,120Â 888,B01,2,2,2,0,1,0,-1,-1, -1,-1,2021,19.0,2,2,0,2,2,21,1,,7,GUESDE (RUE JULES),0,,2,2,0,1,(1),(1),1,, -1,1,0,1,50,3,4,5,59,59650,2,1,0,1,GUESDE (RUE JULES),50.7106624222,3.2336550951,22,4,2
202100045132,121Â 060,A01,2,2,2,0,1,0,-1,-1, -1,-1,2021,22.0,1,2,0,2,1,1,1,,7,ESTAQUE PLAGE,0,,2,2,0,2,60,500,2,, -1,1,0,1,50,5,4,5,13,13216,2,1,0,3,ESTAQUE PLAGE,43.35793,5.28749,1,3,2
202100054315,104Â 676,A01,2,2,1,5,2,0,-1,-1, -1,-1,2021,19.0,2,1,0,2,5,1,1,,4,DESCARTES (RUE),0,,2,2,0,1,0,0,1,, -1,1,5,1,50,20,1,5,87,87085,2,2,0,3,TUILIERES (RUE DES),45.84849,1.24929,6,3,2
202100000487,200Â 833,A01,10,3,2,5,0,-1,-1,3,3,1,2021,85.0,2,2,0,1,3,9,1,,3,STRASBOURG (bld),0,,2,1,0,1,28,600,1,, -1,1,9,1,50,16,10,1,50,50502,2,1,0,6,STRASBOURG (bld),49.099771,-1.08168,15,2,1
202100023495,159Â 632,A01,2,2,2,5,2,-1,-1,0,0,-1,2021,17.0,2,1,0,2,7,1,1,,3,,-1,,2,2,0,1,7,375,1,,5,2,5,1,50,19,8,2,44,44069,2,2,1,3,Rue Aristide Briand,47.331755,-2.431031,22,3,2
202100039060,131Â 815,B01,1,1,1,5,8,-1,-1,-1, -1,-1,2021,53.0,1,1,0,2,3,1,3,,4,JEAN MERMOZ                         (AV),0,,2,3,2,1,(1),(1),1,, -1,1,0,1,50,20,5,1,69,69388,2,9,0,3,JEAN MERMOZ                         (AV),45.73496,4.87384,15,3,2
202100029094,149Â 742,A01,10,3,1,9,0,-1,-1,2,3,2,2021,15.0,0,2,0,1,1,1,1,,4,ROUBAIX (BOULEVARD DE ),0,,2,2,0,2,(1),(1),1,, -1,1,0,1,50,9,7,1,80,80021,2,1,0,6,ROUBAIX (BOULEVARD DE ),49.90774,2.31792,15,2,1
202100042667,125Â 366,B01,1,1,1,5,2,-1,-1,-1, -1,-1,2021,19.0,1,1,0,2,1,1,1,,4,LAENNEC                             (R ),0,,2,3,2,2,(1),(1),1,, -1,1,0,1,50,24,4,5,69,69388,2,2,0,3,LAENNEC (R),45.7381,4.88452,22,2,2
202100041500,127Â 427,A01,10,3,2,0,0,-1,-1,2,3,1,2021,13.0,1,3,0,1,2,21,1,1.0,4,ANDREI SAKHAROV                     (AV),0,,2,2,0,1,(1),(1),1,, -1,1,0,1,50,2,5,1,69,69389,2,1,0,6,ANDREI SAKHAROV                     (AV),45.78779,4.79992,18,2,1
202100044866,121Â 520,B01,1,1,1,5,0,-1,-1,0,0,-1,2021,13.0,1,1,0,2,8,15,5,,3,7,0,D,2,2,0,1,3,536,1,, -1,1,0,1,70,7,4,1,82,82112,1,3,0,3,Route de Detours,44.125819,1.070405,16,2,2
202100020240,165Â 460,A01,1,1,2,0,1,0,-1,-1, -1,-1,2021,68.0,1,2,0,2,1,9,1,,3,D942,0,,-1,2,0,1,(1),(1),1,, -1,1,0,1,80,1,9,1,84,84080,1,9,0,3,D942,44.046275244,4.9913361669,10,3,2
202100027421,152Â 701,A01,10,3,2,0,0,-1,-1,9,B,1,2021,70.0,3,2,1,1,3,1,1,,6,,-1,,-1,-1,0,1,(1),(1),1,,"3,5",1,0,1,-1,24,7,1,76,76711,2,1,0,6,Rue de la Poissonnerie,50.062756,1.370158,11,4,1
202100028017,151Â 629,A01,1,1,1,3,2,6,9,0,0,-1,2021,33.0,2,1,3,0,1,1,1,,3,7,-1,D,2,2,0,2,21,100,2,, -1,2,0,1,80,28,6,1,29,29090,1,1,0,6,Route du Ris,48.0923558585,-4.2889595032,13,1,1
202100042584,125Â 504,A01,1,1,2,5,2,0,-1,-1, -1,-1,2021,59.0,2,1,12,1,8,13,3,,9,MAIGNON (ROUTE DE),0,,2,4,1,1,0,0,1,, -1,1,0,5,20,25,4,1,64,64024,2,1,0,6,MAIGNON (ROUTE DE),43.4753,-1.50142,16,2,1
202100004786,193Â 221,A01,10,3,1,1,0,-1,-1,3,3,1,2021,52.0,1,2,0,1,7,26,1,,3,MALON (RUE DE),0,,2,2,0,1,1,0,1,, -1,2,6,1,50,3,12,5,14,14566,2,1,1,6,MALON (RUE DE),49.21525,-0.38309,7,2,1
202100040898,128Â 525,B01,1,1,1,9,8,0,-1,-1, -1,-1,2021,23.0,1,1,0,2,0,0,0,,3,RD 200_VACHETTE EXCLUS_CARREFOUR FAIDHER,0,,2,4,0,1,19,0,1,, -1,1,5,1,50,8,5,1,60,60463,2,2,0,3,carrefour Faidher,49.28366,2.46498,21,2,2
202100005464,192Â 020,A01,1,1,1,0,2,6,-1,-1, -1,-1,2021,19.0,2,1,0,2,1,3,1,,1,AUTOROUTE A1,0,,3,3,0,1,2,700,1,, -1,1,0,1,90,1,12,4,93,93066,1,1,0,3,AUTOROUTE A1,48.92524,2.35692,19,3,3
202100048274,115Â 461,A01,10,3,1,0,0,-1,-1,2,3,1,2021,84.0,1,2,0,1,1,15,1,,3,TALABOT (BOULEVARD),0,,1,2,0,1,0,0,1,, -1,1,0,1,50,12,3,1,30,30189,2,2,0,6,TALABOT (BOULEVARD),43.8384372571,4.3724750876,16,2,1
202100036414,136Â 612,A01,10,3,2,0,0,-1,-1,2,3,1,2021,66.0,1,5,0,1,1,26,1,,4,FRERE (RUE DU GENERAL),0,,-1,1,0,2,(1),(1),1,, -1,1,0,8,30,3,6,1,54,54547,2,1,0,6,FRERE (RUE DU GENERAL),48.66105,6.16933,11,2,1
202100002868,196Â 649,B01,1,1,1,0,2,6,-1,0,0,-1,2021,18.0,2,1,0,2,1,1,1,,3,1084,-1,,2,2,0,1,16,148,1,,4,1,5,1,70,17,12,1,1,1027,2,3,0,3,RD 1084,45.8492134442,5.1099045575,7,2,2
202100002383,197Â 523,B01,1,1,1,5,2,6,-1,-1, -1,-1,2021,19.0,2,1,0,2,1,1,1,,3,RAOUL FILHOS (RUE),0,,-1,2,0,2,8,1275,4,, -1,1,9,1,50,17,12,5,78,78372,2,3,0,3,RAOUL FILHOS (RUE),48.867713,2.096995,21,3,2
202100051737,109Â 214,A01,1,1,2,9,1,-1,-1,0,0,-1,2021,24.0,1,2,4,0,1,26,1,,1,34,-1,A,2,4,0,1,51,300,1,, -1,1,0,2,130,13,2,1,8,8479,1,1,0,6,A34,49.637017,4.564123,11,2,1
202100006756,189Â 707,B01,2,2,2,5,2,-1,-1,0,0,-1,2021,34.0,1,1,0,2,3,1,1,,3,999,-1,,2,2,0,2,(1),(1),4,, -1,2,0,1,80,24,10,1,63,63448,1,1,0,3,D999,45.500542,3.467045,12,4,2
202100037355,134Â 897,A01,1,1,1,2,2,-1,-1,0,0,-1,2021,17.0,3,1,0,2,7,15,1,,3,973,0,,2,2,0,1,28,600,1,, -1,1,0,1,90,1,6,1,21,21534,1,2,1,3,D973,47.01234,4.923474,17,2,2
202100020838,164Â 395,B01,1,1,1,5,2,6,-1,-1, -1,-1,2021,16.0,1,1,0,2,1,18,1,,4,BERLIOZ,0,,2,2,0,1,0,0,1,, -1,1,0,1,50,5,9,5,64,64445,2,2,0,3,BERLIOZ,43.31023,-0.34663,1,2,2
202100008087,187Â 278,A01,1,1,1,3,1,-1,-1,0,0,-1,2021,85.0,3,5,13,2,7,19,1,,3,7,-1,,2,2,0,1,67,640,1,,4,1,0,1,80,15,11,1,86,86045,1,2,0,3,D7,46.409857,0.147307,9,2,2
202100026761,153Â 887,B01,1,1,2,0,1,0,-1,-1, -1,-1,2021,28.0,2,2,0,2,1,2,1,,7,ROUTE DEPARTEMENTALE 656,0,,3,4,0,1,7,199,1,, -1,1,0,1,90,27,7,3,59,59646,1,1,0,2,ROUTE DEPARTEMENTALE 656,50.680953,3.127647,2,2,2
202100020847,164Â 382,B01,2,2,2,5,8,0,-1,-1, -1,-1,2021,16.0,1,1,0,2,2,26,1,,4,COUBERTIN BOULEVARD,0,,2,2,0,1,1,0,1,, -1,1,0,1,30,4,9,2,49,49007,2,1,0,3,COUBERTIN BOULEVARD,47.45997,-0.53281,20,3,2
202100027429,152Â 690,B01,1,1,1,1,2,6,-1,0,0,-1,2021,51.0,1,1,0,2,1,1,1,,3,7,-1,,2,2,0,2,(1),(1),2,, -1,1,0,1,50,23,7,1,68,68200,2,1,0,2,3 Rue de la VallÃ©e,47.615747,7.105724,17,2,2
202100008680,186Â 224,B01,1,1,1,2,8,-1,-1,-1, -1,-1,2021,16.0,1,1,0,2,3,1,5,,4,LAFAYETTE                           (CO),0,,1,1,2,1,(1),(1),1,, -1,1,0,5,50,8,11,1,69,69383,2,2,0,3,LAFAYETTE (CR),45.7636559893,4.8687967658,13,2,2
202100014642,175Â 541,A01,1,1,1,0,2,6,-1,-1, -1,-1,2021,29.0,1,1,0,2,2,0,1,,3,PARIS (av. de),0,,2,1,0,1,1,0,1,, -1,1,0,1,50,7,10,5,94,94080,2,1,0,3,Avenue de Paris,48.84652,2.4196,19,2,2
202100009264,185Â 143,A01,1,1,1,5,2,6,-1,0,0,-1,2021,35.0,1,1,0,2,1,2,1,,2,,0,,3,3,0,1,1,0,1,, -1,1,0,1,50,5,11,5,14,14341,2,1,0,2,FALAISE (ROUTE DE),49.15041,-0.34163,21,3,2
202100028430,150Â 898,B01,1,1,2,1,1,-1,-1,-1, -1,-1,2021,32.0,1,2,0,2,2,1,1,,7,RD383   14.250 A 18.000,0,,3,8,0,1,17,200,1,, -1,1,0,1,70,13,7,1,69,69199,1,1,0,3,RD383   14.250 A 18.000,45.70033,4.84551,14,2,2
202100025385,156Â 282,B01,1,1,2,5,1,-1,-1,0,0,-1,2021,40.0,1,2,0,0,5,2,1,,1,5,0,,3,4,0,1,56,400,1,, -1,1,0,1,130,6,8,1,89,89255,1,9,0,2,,48.322288,3.231133,15,2,2
202100003235,195Â 986,A01,10,3,1,0,0,-1,-1,2,3,1,2021,80.0,2,1,0,1,1,1,1,,4,NAPOLEON COURS APRES BEVERINI,0,,2,3,0,1,1,50,1,, -1,1,0,1,50,12,12,1,201,201004,2,1,0,6,Cours NapolÃ©on,41.92865,8.73881,12,2,1
202100019675,166Â 479,A01,1,1,2,1,1,8,-1,-1, -1,-1,2021,54.0,1,2,1,0,1,13,1,,4,INDY (RUE VINCENT D'),0,,2,2,0,1,(1),(1),1,, -1,1,0,4,50,9,9,1,37,37261,2,1,0,6,INDY (RUE VINCENT D'),47.3678452932,0.7068941966,17,1,1
202100051371,109Â 856,B01,1,1,1,1,1,4,-1,-1, -1,-1,2021,55.0,2,5,0,2,1,1,1,,1,A51-Sens Marseille vers Aix en Provence,0,,1,1,0,1,0,200,3,, -1,1,0,1,70,10,2,3,13,13019,1,1,0,2,A51-Sens Marseille vers Aix en Provence,43.4171,5.36605,19,2,2
202100002597,197Â 139,A01,1,1,1,0,8,0,-1,-1, -1,-1,2021,16.0,3,1,0,2,1,1,5,,4,ALLONNES PONT ROUGE (RTE D'),0,,1,2,1,1,0,0,1,, -1,1,0,5,50,14,12,1,72,72003,2,1,0,3,ALLONNES PONT ROUGE (RTE D'),47.9741,0.15906,11,2,2
202100007118,189Â 044,A01,10,3,1,5,0,-1,-1,9,9,2,2021,22.0,2,1,0,1,0,0,1,,4,RUE SAINTE- CATHERINE,0,,-1,1,0,1,(1),(1),1,, -1,1,6,8,10,19,11,5,33,33063,2,2,0,6,Rue Sainte-Catherine,44.83234,-0.57298,0,2,1
202100055740,102Â 228,A01,5,2,2,1,1,4,-1,-1, -1,-1,2021,25.0,2,2,0,2,1,26,1,,1,4,0,,1,3,0,2,21,100,1,, -1,2,0,1,110,7,1,3,77,77121,1,1,1,6,A4,48.8319038359,2.6740819216,21,5,2
202100037581,134Â 486,A01,1,1,2,5,8,0,-1,-1, -1,-1,2021,41.0,2,2,0,2,1,9,1,,4,GEORGES CLEMENCEAU,0,,2,2,0,1,0,0,1,, -1,1,0,1,50,29,5,2,64,64132,2,3,0,3,GEORGES CLEMENCEAU,43.28736,-0.35129,20,4,2
202100023218,160Â 117,A01,2,2,2,5,2,6,-1,0,0,-1,2021,56.0,1,1,0,2,1,1,1,,3,40,-1,A,2,2,0,2,0,770,1,, -1,1,0,1,80,22,8,1,1,1202,1,1,0,3,D40a,45.8870061488,5.3376127034,16,3,2
202100036289,136Â 815,B01,1,1,1,3,2,-1,-1,0,0,-1,2021,16.0,2,1,0,2,1,1,1,,3,951,0,D,3,2,0,1,85,(1),1,, -1,1,0,1,50,6,6,1,8,8402,2,2,0,3,Rue des tui peries,49.577577,4.48957,20,2,2
202100008405,186Â 710,A01,1,1,1,5,1,-1,-1,0,0,-1,2021,36.0,2,2,10,2,3,13,1,,3,806,-1,,2,2,0,1,96,80,1,, -1,1,0,1,90,12,11,2,48,48127,1,1,0,1,RD 806 - PK 96 - RIEUTORT DE RANDON,44.627137,3.475864,18,2,2
202100023400,159Â 790,B01,1,1,1,0,2,6,-1,-1, -1,-1,2021,36.0,2,1,1,0,2,2,0,,4,kaweni-Grande Traverse (rue de la),0,,-1,1,0,1,0,0,3,, -1,1,0,1,70,19,8,1,976,97611,2,9,0,5,kaweni-Grande Traverse (rue de la),-12.77129,45.2254,16,3,3
202100006107,190Â 889,A01,1,1,1,1,2,8,-1,-1, -1,-1,2021,29.0,2,1,0,2,1,1,1,,4,CONCORDE (R DE LA),0,,2,2,0,1,1,0,1,, -1,2,0,1,50,26,11,5,94,94046,2,1,1,1,Rue de la Concorde,48.81191,2.4468,21,2,2
202100006352,190Â 444,A01,1,1,1,5,1,-1,-1,0,0,-1,2021,25.0,1,2,12,2,1,6,1,,3,606,-1,,2,2,0,1,68,380,2,,10,1,5,1,80,26,11,3,89,89085,1,6,0,2,Route de Lyon,47.937572,3.501244,4,2,2
202100038055,133Â 638,B01,1,1,1,4,2,0,-1,-1, -1,-1,2021,28.0,2,1,0,2,7,1,1,,3,RESISTANCE (AVENUE DE LA),0,,2,2,0,1,(1),(1),1,, -1,1,5,1,50,27,5,5,93,93062,2,2,0,3,VALERE LEFEBVRE (ALLEE),48.89687,2.51533,2,2,2
202100011351,181Â 440,B01,1,1,1,0,8,0,-1,-1, -1,-1,2021,25.0,1,1,0,2,8,0,3,,4,BELLECOMBE (DE)                     (R ),0,,1,1,1,1,(1),(1),1,, -1,1,0,1,50,23,10,5,69,69383,2,2,0,3,BELLECOMBE (DE) (R),45.76294,4.8638,23,2,2
202100030543,147Â 162,B01,2,2,1,4,1,8,-1,-1, -1,-1,2021,30.0,1,2,0,2,4,23,1,,4,HOCHFELDEN (RUE DE),0,,1,2,0,1,0,0,1,, -1,1,0,1,50,3,7,1,67,67482,2,1,0,2,HOCHFELDEN (RUE DE),48.601948,7.722528,11,4,2
202100024017,158Â 715,A01,1,1,2,5,1,0,-1,-1, -1,-1,2021,20.0,1,2,2,0,3,14,1,,3,RESISTANCE (AVENUE DE LA),0,,3,4,0,3,3,0,1,, -1,1,5,3,70,31,7,5,22,22113,2,6,0,7,RESISTANCE (AVENUE DE LA),48.746679242,-3.4614993116,3,1,1
202100020001,165Â 882,B01,1,1,2,9,2,-1,-1,0,0,-1,2021,53.0,3,1,0,0,1,15,1,,4,,-1,,2,2,0,1,(1),(1),1,,5,2,0,1,50,9,9,1,33,33483,2,9,1,2,Avenue Lagraula,44.909301,-0.382612,16,2,2
202100047042,117Â 686,A01,1,1,2,0,1,0,-1,-1, -1,-1,2021,30.0,3,2,0,2,2,1,1,,1,A10,0,,1,2,0,2,(1),(1),2,, -1,1,3,1,50,21,3,1,37,37233,2,3,0,3,BONNIN (AVENUE JEAN),47.3957427554,0.7063709327,15,2,2
202100002869,196Â 647,A01,1,1,1,2,2,6,9,0,0,-1,2021,17.0,0,1,0,2,1,1,1,,3,1314,-1,,2,2,0,1,7,534,3,, -1,2,0,1,80,17,12,2,76,76432,1,1,0,1,Route de Neufchatel - D1314,49.668905,1.510792,16,2,2
202100001210,199Â 608,B01,1,1,1,4,2,0,-1,0,0,-1,2021,38.0,2,1,0,2,3,1,1,,4,RUE GLUCK,0,,1,1,0,1,(1),(1),1,, -1,1,0,1,30,27,12,1,75,75109,2,1,0,6,RUE GLUCK,48.872624,2.332096,14,3,2
202100053393,106Â 286,A01,1,1,1,0,2,-1,-1,0,0,-1,2021,58.0,1,1,1,0,1,2,1,,3,209,-1,,2,2,0,3,(1),(1),1,, -1,1,0,1,50,28,1,1,977,97701,1,1,1,2,COUPE GORGE,17.904977,-62.832291,17,2,2
202100044213,122Â 640,B01,1,1,2,1,1,-1,-1,0,0,-1,2021,54.0,2,2,0,2,3,1,1,,3,164,0,D,2,2,0,2,15,10,3,, -1,1,0,1,50,27,3,2,88,88321,2,1,0,1,route de Rebeuville,48.347269,5.701489,19,2,2
202100049159,113Â 886,A01,1,1,1,1,2,6,-1,-1, -1,-1,2021,40.0,1,1,0,2,8,1,1,,3,VERDUN (DE 01 A 61),0,,2,4,1,1,0,0,1,, -1,1,0,1,50,4,3,1,92,92026,2,1,0,3,VERDUN (DE 01 A 61),48.8981450933,2.2630218583,9,2,2
202100039179,131Â 591,A01,1,1,2,5,1,-1,-1,0,0,-1,2021,19.0,2,2,13,0,9,1,1,,3,150,-1,,2,2,0,1,5,830,1,, -1,1,0,3,90,20,5,1,19,19105,1,1,0,7,La bitarelle,45.1036860585,1.6326971054,15,4,1
202100026180,154Â 900,B01,1,1,1,0,2,-1,-1,0,0,-1,2021,48.0,2,1,0,2,1,1,1,,3,901,0,D,2,2,0,1,15,550,3,, -1,1,0,1,80,31,7,1,30,30134,1,1,0,1,D901,44.285967,4.465122,14,3,2
202100035188,138Â 806,A01,2,2,1,5,1,0,-1,-1, -1,-1,2021,9.0,2,2,0,2,1,2,1,,1,AUTOROUTE A6,0,,1,3,0,1,14,199,1,, -1,1,0,1,110,11,6,1,91,91161,1,1,0,4,AUTOROUTE A6,48.69813,2.31419,17,5,3
202100016891,171Â 430,A01,1,1,1,4,1,0,-1,-1, -1,-1,2021,51.0,3,5,0,2,1,2,1,,3,MARECHAL LECLERC,0,,2,2,0,1,0,0,1,, -1,1,0,1,50,21,9,1,58,58194,2,1,0,2,MARECHAL LECLERC,46.99947,3.16274,16,4,3
202100041773,126Â 944,A01,10,3,1,5,8,8,-1,3,3,1,2021,35.0,2,2,0,1,2,1,1,,4,RUE ANDRE DE BECHADE,0,,2,2,0,1,0,0,1,, -1,1,0,1,50,1,5,5,988,98818,2,6,0,6,RUE ANDRE DE BECHADE/AVENUE BONAPARTE,-22.24274,166.46096,20,2,1
202100032420,143Â 824,A01,1,1,1,5,9,1,-1,0,0,-1,2021,30.0,2,2,0,0,9,0,1,,3,31,-1,,2,2,0,1,72,185,1,, -1,1,0,1,50,25,6,2,2,2831,1,1,0,7,D31,49.906947,4.187945,21,1,1
202100010046,183Â 737,A01,1,1,1,4,1,0,-1,0,0,-1,2021,52.0,1,2,0,2,1,1,2,,4,BOULEVARD DE LA MADELEINE,0,,2,5,0,1,(1),(1),1,, -1,1,0,1,30,31,10,5,75,75101,2,5,0,2,BOULEVARD DE LA MADELEINE,48.86991,2.327889,1,2,2
202100039794,130Â 452,B01,1,1,1,5,1,0,-1,-1, -1,-1,2021,34.0,2,2,0,2,9,2,2,,2,RN104,0,,3,4,0,1,13,699,1,, -1,1,0,2,90,16,5,1,77,77450,1,1,0,6,RN104,48.7193293662,2.5987937246,16,3,3
202100032473,143Â 728,B01,1,1,2,9,2,-1,-1,-1, -1,-1,2021,18.0,1,1,0,2,0,1,1,,3,JAURES (RUE JEAN),0,,2,2,0,1,11,730,1,, -1,1,0,1,50,24,6,1,65,65100,2,3,0,3,Rue Victor Hugo,43.25879,0.04958,9,2,2
202100034461,140Â 130,B01,1,1,1,1,2,6,-1,0,0,-1,2021,32.0,1,1,0,2,7,1,1,,3,3,-1,,2,2,1,1,51,(1),1,,4,1,0,1,50,15,6,1,24,24010,2,3,0,3,Gravelle,45.172092,0.590837,17,2,2
202100042845,125Â 082,A01,10,3,2,5,0,-1,-1,2,3,1,2021,77.0,1,2,0,1,3,15,1,,4,JOFFRE (AVENUE DU MARECHAL CD 88),0,,2,3,0,1,0,0,1,, -1,1,0,1,50,22,4,1,66,66136,2,1,0,6,JOFFRE (AVENUE DU MARECHAL CD 88),42.70712,2.89157,19,2,1
202100054167,104Â 925,A01,1,1,1,5,1,-1,-1,0,0,-1,2021,29.0,2,2,8,0,7,0,1,,3,363,0,,2,2,0,2,(1),(1),3,, -1,1,6,1,50,22,1,4,2,2381,2,1,0,6,13 Rue Albert 1er,49.92373,4.086758,19,3,1
202100033218,142Â 386,A01,1,1,1,4,8,0,-1,0,0,-1,2021,23.0,1,1,0,2,2,1,5,,4,RUE DE RIVOLI,0,,3,3,1,1,(1),(1),1,, -1,1,0,5,50,20,6,1,75,75101,2,3,0,3,RUE DE RIVOLI,48.862477,2.336252,13,2,2