Num_Acc,id_vehicule,num_veh,place,catu,sexe,trajet,secu1,secu2,secu3,locp,actp,etatp,year_acc,victim_age,senc,catv,obs,obsm,choc,manv,motor,occutc,catr,voie,v1,v2,circ,nbv,vosp,prof,pr,pr1,plan,lartpc,larrout,surf,infra,situ,vma,jour,mois,lum,dep,com,agg_,int,atm,col,adr,lat,long,hour,nb_victim,nb_vehicules
202100011017,182Â 039,A01,1,1,2,1,1,0,-1,-1, -1,-1,2021,24.0,1,2,0,2,4,26,1,,1,A7-Sens Lyon vers Marseille,0,,1,3,0,1,262,0,1,, -1,1,0,1,90,26,10,1,13,13071,1,1,0,2,A7-Sens Lyon vers Marseille,43.4076516388,5.2885542977,14,2,2
202100024610,157Â 667,A01,10,3,1,0,0,-1,-1,2,9,1,2021,45.0,1,2,0,1,4,20,1,,4,,0,,2,2,2,1,(1),(1),1,, -1,1,0,1,50,11,8,1,33,33063,2,1,0,6,TOULOUSE (RTE DE) (1-51) IMPAIRS,44.81296,-0.57348,9,2,1
202100047124,117Â 534,A01,10,3,1,3,0,-1,-1,5,2,1,2021,65.0,1,1,0,2,1,1,1,,4,OCÃAN ( AVENUE DE L' ),0,,2,2,0,1,(1),(1),1,, -1,1,5,1,50,21,3,1,44,44135,2,3,0,6,OCÃAN ( AVENUE DE L' ),47.27319,-2.43213,10,3,2
202100005682,191Â 642,A01,1,1,2,5,1,-1,-1,0,0,-1,2021,24.0,0,2,13,0,3,13,1,,7,22,-1,D,2,2,0,1,(1),(1),1,, -1,2,0,8,-1,30,11,3,59,59088,1,1,1,6,Rue Jean-Baptiste Messean,50.6372,2.873075,0,1,1
202100040908,128Â 503,A01,1,1,1,5,1,-1,-1,-1, -1,-1,2021,75.0,0,2,1,0,1,14,1,,4,VINGT CINQ JUIN 1944 (RUE DU),0,,2,1,0,1,0,0,1,, -1,1,0,1,50,4,5,1,50,50602,2,1,0,6,VINGT CINQ JUIN 1944 (RUE DU),49.64136,-1.56823,16,1,1
202100010216,183Â 448,A01,1,1,1,5,1,-1,-1,0,0,-1,2021,35.0,1,2,3,0,3,0,1,,2,141,0,N,3,4,0,1,86,250,3,, -1,1,0,1,110,31,10,3,16,16216,1,1,0,6,"RN 141, PR 86+250",45.6871429662,-0.0809973478,5,1,1
202100037475,134Â 683,A01,1,1,1,1,2,-1,-1,0,0,-1,2021,35.0,0,1,15,0,1,1,1,,4,,-1,,-1,2,0,2,(1),(1),2,, -1,1,0,8,50,30,5,3,83,83048,1,6,0,6,2219 Boulevard du Littoral,43.188548,6.580859,21,1,1
202100017742,169Â 911,A01,1,1,1,1,1,-1,-1,0,0,-1,2021,24.0,2,2,0,2,2,5,1,,3,116,-1,,2,2,0,2,(1),(1),1,, -1,1,0,1,80,21,9,1,971,97117,1,1,0,3,D116,16.294335,-61.322207,14,2,2
202100044555,122Â 075,B01,1,1,1,0,8,0,-1,-1, -1,-1,2021,33.0,1,1,0,2,1,1,0,,4,COMEDIE (RUE DE LA),0,,2,2,0,1,0,0,3,, -1,1,0,1,50,8,4,1,72,72181,2,1,0,6,COMEDIE (RUE DE LA),48.0078,0.1977,8,2,2
202100056260,101Â 333,A01,1,1,2,1,2,0,-1,-1, -1,-1,2021,23.0,2,1,0,2,1,1,1,,4,,0,,2,2,1,1,(1),(1),1,, -1,2,0,1,50,4,1,1,37,37261,2,1,0,6,198 Rue Auguste Chevallier,47.3765852567,0.679333739,13,5,2
202100017215,170Â 872,A01,1,1,1,1,0,-1,-1,0,0,-1,2021,42.0,3,2,2,0,3,14,1,,4,,-1,,-1,2,0,1,(1),(1),1,,4,1,0,3,80,24,9,1,46,46120,1,1,0,6,Bouygues,44.622579,1.245666,8,1,1
202100054498,104Â 358,A01,10,3,2,5,0,-1,-1,6,1,2,2021,64.0,2,2,0,1,2,1,1,,3,109,-1,,2,2,0,1,24,400,1,, -1,1,0,1,80,19,1,2,36,36162,1,1,1,6,,47.1411682342,1.6512451808,17,3,1
202100050617,111Â 214,A01,1,1,1,5,6,2,-1,0,0,-1,2021,17.0,2,1,1,0,1,1,1,,3,,-1,,2,2,0,2,61,612,1,, -1,1,0,8,50,22,2,3,85,85065,2,1,0,1,156 Rue des Rosiers,46.887849,-1.252398,23,2,2
202100045027,121Â 241,B01,1,1,1,5,0,-1,-1,0,0,-1,2021,21.0,1,1,0,2,0,1,5,,4,SEBASTOPOL,0,,2,2,0,1,(1),(1),3,, -1,1,5,1,30,5,4,1,29,29019,2,6,0,3,Rue SÃ©bastopol,48.4016354766,-4.4671051204,13,2,2
202100016106,172Â 853,A01,10,3,1,0,0,-1,-1,2,9,1,2021,52.0,0,2,0,1,1,1,1,,4,ALEXANDRE DUMAS (RUE),0,,2,2,0,1,(1),(1),1,, -1,1,0,1,50,24,9,5,80,80021,2,1,0,6,ALEXANDRE DUMAS (RUE),49.8725246109,2.2938204513,7,2,1
202100029604,148Â 870,A01,1,1,1,0,2,6,-1,0,0,-1,2021,21.0,3,1,12,0,1,9,1,,4,MOULIN (RUE JEAN),0,,2,2,0,2,(1),(1),1,, -1,2,0,1,50,10,7,1,27,27229,2,6,1,7,MOULIN (RUE JEAN),49.0139948,1.1526205,12,1,1
202100005825,191Â 380,A01,1,1,1,5,1,5,-1,0,0,-1,2021,41.0,1,2,2,0,1,14,1,,3,205,0,,3,2,0,1,3,0,1,, -1,1,0,4,50,29,11,5,202,202042,2,6,0,1,1060 Avenue de Borgo,42.558951,9.441548,1,1,1
202100050240,111Â 910,B01,1,1,1,1,2,6,-1,-1, -1,-1,2021,33.0,2,1,0,2,1,2,1,,4,,0,,3,3,0,1,0,0,1,, -1,1,0,1,50,25,2,5,92,92025,2,2,0,2,PAUL BERT (RUE),48.9273809396,2.2470125556,19,2,2
202100043113,124Â 609,A01,1,1,1,5,2,-1,-1,0,0,-1,2021,54.0,1,1,0,2,1,1,5,,3,29,0,A,1,2,0,2,(1),(1),1,, -1,1,5,1,50,18,4,1,29,29103,2,6,0,3,Rue du Roual,48.438568,-4.268355,10,2,2
202100006906,189Â 428,A01,1,1,1,5,2,8,-1,-1, -1,-1,2021,17.0,1,1,0,2,1,16,1,,4,CHE DE LA PERRIERE,0,,2,2,0,2,0,0,1,, -1,1,0,1,50,20,11,1,91,91021,2,3,0,3,CHE DE LA PERRIERE,48.5878143,2.2433046,12,2,2
202100038538,132Â 753,A01,1,1,1,5,2,6,-1,-1, -1,-1,2021,47.0,2,1,0,2,1,3,1,,2,PARIS (RTE DE),0,,2,2,0,1,1,0,1,, -1,1,0,1,80,23,5,1,94,94070,1,1,0,3,Route de Paris,48.720241,2.565897,19,2,2
202100006629,189Â 941,A01,1,1,1,5,2,6,-1,-1, -1,-1,2021,67.0,1,1,0,0,8,1,1,,4,LAPORTE (AVENUE JEAN LEON),0,,3,4,3,1,(1),(1),1,, -1,2,0,1,50,22,11,1,64,64024,2,1,0,7,LAPORTE (AVENUE JEAN LEON),43.48812,-1.5003,14,1,1
202100055172,103Â 196,B01,1,1,1,1,2,0,-1,-1, -1,-1,2021,57.0,2,1,0,2,1,1,0,,7,51,0,,1,1,0,1,(1),(1),1,, -1,1,0,1,30,13,1,1,59,59378,2,3,0,3,FOCH AVENUE NÂ°1-137,50.676849,3.091312,8,2,2
202100023561,159Â 525,A01,1,1,1,1,2,-1,-1,-1, -1,-1,2021,29.0,1,1,0,2,1,0,1,,4,LAFAYETTE                           (CO),0,,3,1,2,1,(1),(1),1,, -1,1,0,1,50,18,8,1,69,69383,2,1,0,2,LAFAYETTE (CR),45.76362,4.86263,12,2,2
202100029397,149Â 232,A01,1,1,1,5,0,-1,-1,0,0,-1,2021,23.0,1,1,16,0,1,1,1,,4,,0,,2,2,0,1,(1),(1),2,,4,1,0,3,50,11,7,1,1,1386,2,1,0,7,Chemin des Ã©pinettes,45.890843,5.357522,20,2,1
202100023032,160Â 458,B01,1,1,1,0,1,0,-1,-1, -1,-1,2021,61.0,2,2,0,0,4,23,1,,7,AVENUE RITONDALE LEOPOLD,0,,1,3,0,1,11,89,1,, -1,1,0,1,50,26,7,1,83,83069,2,1,0,2,AVENUE RITONDALE LEOPOLD,43.11348,6.12576,13,3,2
202100037134,135Â 322,A01,1,1,1,0,2,6,-1,-1, -1,-1,2021,24.0,1,1,0,2,1,2,1,,7,RD383   3.750 A 7.640,0,,3,4,0,1,6,500,1,, -1,1,1,1,70,1,6,1,69,69266,1,1,0,4,RD383   3.750 A 7.640,45.75718,4.9088,17,4,4
202100041375,127Â 649,A01,10,3,2,3,0,-1,-1,2,3,1,2021,64.0,3,2,0,1,1,0,1,,6,147,-1,,2,2,0,1,(1),(1),1,, -1,1,0,1,50,31,3,1,84,84092,1,9,1,3,147 Allee Vire Abeille,43.977505,4.875659,17,2,1
202100007369,188Â 582,A01,10,3,2,3,0,-1,-1,2,3,1,2021,86.0,2,5,0,1,6,20,1,,4,MAURICE AUDIN (RUE),0,,1,1,0,1,0,1,1,, -1,1,0,1,50,19,11,1,93,93007,2,1,0,6,MAURICE AUDIN (RUE),48.947619512,2.4517381528,14,2,1
202100030877,146Â 567,A01,1,1,1,0,1,-1,-1,0,0,-1,2021,58.0,1,2,15,0,9,17,1,,3,1005,-1,,2,2,0,4,16,950,2,, -1,2,5,1,80,4,7,1,1,1173,1,1,0,6,D1005,46.34931,6.051289,17,1,1
202100032884,142Â 984,A01,1,1,1,0,2,6,-1,-1, -1,-1,2021,35.0,1,1,0,2,2,17,1,,4,RUE PAULE RAYMONDIS,0,,2,2,0,1,(1),(1),1,, -1,1,0,1,30,22,6,1,31,31555,1,1,0,3,RUE PAULE RAYMONDIS,43.63971,1.4838,14,2,2
202100050382,111Â 641,A01,2,2,2,0,1,0,-1,-1, -1,-1,2021,90.0,2,2,9,2,2,16,1,,3,G ET X. SCHLUMBERGER,0,,2,2,0,4,0,0,3,, -1,1,0,1,50,23,2,1,92,92047,2,1,0,3,G ET X. SCHLUMBERGER,48.8300622321,2.1746304631,12,3,2
202100010532,182Â 903,A01,1,1,1,1,8,0,-1,-1, -1,-1,2021,41.0,3,1,9,2,8,19,5,,4,RENNES (RUE DE),0,,3,2,3,1,(1),(1),1,, -1,1,0,1,30,28,10,1,35,35051,2,1,0,3,RENNES (RUE DE),48.11408,-1.6321,17,2,2
202100034812,139Â 484,B01,1,1,1,0,1,0,-1,-1, -1,-1,2021,23.0,2,2,0,2,3,15,1,,3,9,0,,2,2,2,1,0,0,1,, -1,1,0,1,50,12,6,5,92,92026,2,3,0,3,SAINT-DENIS BD DE (01 A 197 / 02 A 118),48.8980234661,2.2637213767,0,2,2
202100024207,158Â 405,A01,1,1,1,5,2,0,0,0,0,-1,2021,52.0,1,1,0,2,2,9,1,,3,6202,-1,,2,2,0,1,65,378,1,, -1,1,0,1,70,14,8,1,6,6101,1,3,0,3,D.6202,43.949546,6.988792,13,2,2
202100031275,145Â 838,B01,1,1,1,5,2,6,-1,0,0,-1,2021,16.0,2,1,0,2,1,1,1,,3,3,-1,D,2,2,0,1,4,442,1,, -1,1,0,1,80,2,7,2,81,81099,1,3,0,2,D3,43.930836,1.928535,21,3,2
202100048463,115Â 134,A01,1,1,1,0,1,-1,-1,0,0,-1,2021,29.0,2,2,13,0,2,1,1,,3,767,-1,,3,4,0,1,37,171,1,, -1,2,0,3,110,12,3,1,22,22004,1,1,1,7,D767 PR37+829,48.618527,-3.307748,16,2,1
202100050277,111Â 849,B01,1,1,1,3,1,9,-1,0,0,-1,2021,49.0,2,2,0,2,8,1,1,,3,101,0,D,2,2,0,2,(1),(1),3,, -1,1,0,1,80,24,2,3,971,97117,1,1,0,6,D101,16.334741,-61.359226,19,2,2
202100052152,108Â 491,B01,1,1,2,2,0,-1,-1,0,0,-1,2021,15.0,3,1,0,2,7,19,5,,3,985,-1,,2,4,-1,2,(1),(1),1,, -1,1,0,1,-1,8,2,1,92,92073,2,3,0,3,CARRIERES (RUE DES),48.8639315181,2.2185649265,9,2,2
202100035082,138Â 988,A01,10,3,2,2,0,-1,-1,4,3,1,2021,10.0,1,1,0,1,1,1,1,,3,MAXIME GORKI (BOULEVARD) DES NÂ°1 AU 87,0,,3,2,0,1,0,1,1,, -1,1,6,1,50,10,6,1,93,93072,2,1,1,6,MAXIME GORKI (BOULEVARD) DES NÂ°1 AU 87,48.95507,2.38332,16,2,1
202100010723,182Â 561,A01,1,1,1,5,8,0,-1,-1, -1,-1,2021,17.0,1,1,14,2,9,21,5,,4,VOLTAIRE ( RUE ),0,,2,1,0,1,(1),(1),1,, -1,1,0,1,50,27,10,1,18,18279,2,9,0,3,VOLTAIRE ( RUE ),47.2207854801,2.0674319965,17,3,2
202100012486,179Â 387,B01,1,1,1,9,2,0,-1,0,0,-1,2021,26.0,1,0,0,2,4,1,3,,4,AVENUE DE CHOISY,0,,2,3,1,1,(1),(1),1,, -1,1,0,5,30,18,10,1,75,75113,2,5,0,3,AVENUE DE CHOISY,48.826176,2.360006,17,2,2
202100018531,168Â 510,B01,1,1,1,0,2,0,-1,-1, -1,-1,2021,46.0,2,1,0,2,4,1,1,,2,RTE DE FONTAINEBLEAU,0,,1,3,0,2,0,0,3,, -1,1,2,1,70,17,9,4,91,91479,1,1,0,3,RTE DE FONTAINEBLEAU,48.73957,2.36397,0,2,2
202100038476,132Â 875,A01,10,3,2,5,0,-1,-1,3,3,1,2021,71.0,1,2,0,1,1,1,1,,4,,-1,,2,2,0,1,0,0,1,, -1,1,9,8,50,26,5,1,50,50485,2,6,0,6,Rue de la Mare,49.30261,-1.231224,14,2,1
202100050122,112Â 141,A01,10,3,2,3,0,-1,-1,3,3,1,2021,79.0,0,2,0,1,2,0,1,,6,,-1,,-1,-1,0,1,(1),(1),1,, -1,1,0,1,30,21,1,1,34,34240,1,1,0,6,Centre Commercial E. Leclerc (SupermarchÃ©),43.651623,3.980504,11,2,1
202100024715,157Â 468,A01,10,3,2,3,0,-1,-1,1,3,1,2021,40.0,2,2,0,1,1,1,1,,4,FRANTZ FANON (AVENUE),0,,1,1,0,1,0,0,1,, -1,1,0,1,50,10,8,1,972,97209,2,1,0,6,FRANTZ FANON (AVENUE),14.60525,-61.08446,9,2,1
202100042590,125Â 494,A01,1,1,1,1,2,6,-1,-1, -1,-1,2021,73.0,3,1,0,2,1,17,1,,4,CORMERY (RUE DE),0,,2,2,0,1,(1),(1),1,, -1,1,0,1,50,24,4,1,37,37208,2,2,0,6,CORMERY (RUE DE),47.3435628608,0.7363629342,10,4,2
202100048563,114Â 947,A01,1,1,1,4,8,0,-1,0,0,-1,2021,26.0,1,1,12,0,1,9,5,,4,BOULEVARD DE ROCHECHOUART,0,,-1,0,1,1,(1),(1),1,, -1,1,-1,5,50,9,3,1,75,75118,2,3,0,6,BOULEVARD DE ROCHECHOUART,48.88255,2.341928,16,1,1
202100014594,175Â 626,A01,1,1,2,0,1,0,-1,-1, -1,-1,2021,23.0,1,2,0,2,2,19,1,,4,BRUN PAIN (RUE DU),0,,2,2,0,1,(1),(1),1,, -1,1,0,1,30,7,10,1,59,59599,2,2,0,3,BRUN PAIN (RUE DU),50.72719,3.13892,15,2,2
202100043566,123Â 794,A01,1,1,1,0,2,0,-1,-1, -1,-1,2021,36.0,0,1,0,0,0,1,1,,4,JULES VALLES (ALLEE),0,,2,2,0,1,0,0,1,, -1,1,0,1,50,18,4,1,93,93014,2,1,0,7,JULES VALLES (ALLEE),48.9143370318,2.5533556974,20,1,1
202100051403,109Â 805,A01,10,3,2,5,0,-1,-1,3,3,2,2021,39.0,1,2,0,1,2,16,1,,4,CANAVIERES (CHEM DE),0,,2,2,0,1,(1),(1),1,, -1,1,0,1,50,15,2,1,81,81004,2,1,0,6,CANAVIERES (CHEM DE),43.92647023,2.1304767232,15,2,1
202100008104,187Â 253,A01,1,1,2,5,1,-1,-1,0,0,-1,2021,31.0,2,2,0,2,3,1,1,,2,1,-1,,2,2,0,1,42,500,1,,7,2,0,1,80,15,11,3,973,97305,1,1,1,1,pk42.500 RN1,5.068545,-52.59181,22,3,2
202100009358,184Â 978,A01,1,1,1,0,0,-1,-1,0,0,-1,2021,23.0,0,1,14,9,0,0,0,,2,7,0,,2,2,0,1,14,0,1,, -1,1,0,1,50,5,11,5,978,97801,2,1,0,1,RN 7 quartier d'orlÃ©ans,18.070064,-63.034653,1,1,1
202100055583,102Â 504,B01,1,1,1,4,1,-1,-1,0,0,-1,2021,26.0,1,5,0,2,1,1,1,,3,D139,0,,2,2,0,1,1,454,3,, -1,1,0,1,80,9,1,1,33,33515,1,3,0,1,D139,44.6906955166,-0.2992850346,11,5,2
202100035690,137Â 918,B01,1,1,2,1,8,0,-1,-1, -1,-1,2021,29.0,1,1,0,2,1,1,5,,7,51,0,,2,2,0,1,18,500,1,, -1,1,9,4,50,8,6,1,76,76157,2,1,0,1,CANAL. RUE DU (CD 51),49.45924,1.0439,6,2,2
202100043664,123Â 625,A01,10,3,1,0,0,0,0,5,9,1,2021,32.0,3,3,0,1,1,1,3,,9,JACQUES H.LARTIGUE,0,,2,2,3,1,0,0,1,, -1,1,4,6,30,17,4,5,92,92040,2,9,0,6,JACQUES H.LARTIGUE,48.82438,2.26017,21,2,1
202100032728,143Â 269,B01,2,1,1,5,2,6,-1,-1, -1,-1,2021,39.0,3,1,0,2,9,21,1,,3,66,0,,2,2,0,1,0,0,1,, -1,1,2,1,50,23,6,1,92,92002,2,1,0,1,LEON JOUHAUX (AVENUE),48.734399,2.311534,15,2,2
202100009582,184Â 579,A01,1,1,1,1,2,6,-1,-1, -1,-1,2021,37.0,0,1,0,0,0,1,1,,3,Rond-Point du Vieux Saule,0,,1,2,0,1,43,770,2,, -1,8,5,1,50,2,11,1,71,71540,1,1,1,7,Rond-Point du Vieux Saule,46.7680062947,4.4518350258,8,1,1
202100012001,180Â 261,A01,1,1,1,5,8,-1,-1,0,0,-1,2021,24.0,2,2,1,0,3,13,1,,4,BRIAND (AVENUE ARISTIDE),0,,2,2,0,1,(1),(1),1,, -1,1,0,1,50,20,10,5,65,65440,2,1,0,6,BRIAND (AVENUE ARISTIDE),43.22662,0.06786,0,1,1
202100000866,200Â 191,A01,1,1,2,4,1,-1,-1,-1, -1,-1,2021,43.0,2,2,1,0,3,13,1,,4,SEMARD PIERRE,0,,2,2,0,2,(1),(1),2,, -1,1,0,3,50,30,12,1,29,29019,2,4,0,6,Rue Pierre SÃ©mard,48.392209,-4.469196,13,1,1
202100017653,170Â 065,A01,3,2,1,9,1,0,-1,-1, -1,-1,2021,19.0,1,2,0,9,2,0,1,,4,ANDREY RUE,0,,1,1,0,1,(1),(1),1,, -1,1,0,1,50,21,9,1,25,25056,2,1,0,3,ANDREY RUE,47.25747,6.01717,14,5,2
202100030828,146Â 660,B01,1,1,2,0,2,0,-1,-1, -1,-1,2021,31.0,1,1,0,2,1,17,1,,3,PONT NEUF,0,,2,2,0,2,0,0,2,, -1,1,0,1,50,3,7,1,74,74010,2,3,0,1,PONT NEUF,45.89677,6.11211,10,3,2
202100015829,173Â 380,B01,1,1,1,0,1,-1,-1,0,0,-1,2021,42.0,2,2,0,2,3,13,1,,3,201,-1,,2,1,0,1,17,500,1,, -1,2,0,1,90,1,10,3,77,77381,1,1,1,3,D201,48.615076,2.975428,20,3,2
202100034402,140Â 244,B01,1,1,1,1,2,6,-1,-1, -1,-1,2021,36.0,1,1,4,2,1,1,1,,1,A7-Sens Lyon vers Marseille,0,,1,3,0,1,275,799,1,, -1,1,0,1,90,15,6,1,13,13215,1,1,0,5,A7-Sens Lyon vers Marseille,43.36008,5.36177,9,3,3
202100013736,177Â 155,A01,4,2,2,1,1,-1,-1,0,0,-1,2021,56.0,0,2,6,0,4,4,1,,3,134,0,,2,2,0,1,0,500,1,, -1,1,0,3,50,30,9,1,28,28358,2,1,0,2,D134.12,48.490764,1.538193,14,4,1
202100028010,151Â 639,A01,1,1,1,1,2,6,-1,0,0,-1,2021,20.0,1,1,11,0,0,1,1,,3,49,0,,2,2,0,1,2,228,1,, -1,1,0,1,50,20,7,5,76,76507,2,1,0,6,16 Route d Eu,50.041105,1.439928,23,1,1
202100044799,121Â 635,A01,1,1,1,5,2,0,-1,-1, -1,-1,2021,52.0,2,1,0,0,0,1,5,,4,SCHUMAN (BOULEVARD ROBERT),0,,3,4,3,1,3,0,1,, -1,1,5,1,50,4,4,1,87,87085,2,6,0,7,SCHUMAN (BOULEVARD ROBERT),45.85686,1.27004,9,1,1
202100030996,146Â 329,B01,1,1,1,0,1,0,-1,-1, -1,-1,2021,43.0,2,2,0,2,2,21,1,,4,CLEMENCEAU GEORGES ( BD) NÂ° IMP,0,,2,2,0,2,0,0,1,, -1,1,0,1,50,2,7,5,72,72181,2,1,0,1,CLEMENCEAU GEORGES ( BD) NÂ° IMP,47.97836,0.21328,22,2,2
202100018372,168Â 787,B01,1,1,1,5,8,0,-1,-1, -1,-1,2021,87.0,1,1,0,2,0,2,5,,4,,0,,1,2,0,1,(1),(1),1,, -1,1,0,1,50,17,9,1,25,25462,2,3,0,3,Rue de la LibÃ©ration,46.9179,6.34356,17,2,2
202100015789,173Â 449,A01,1,1,1,0,2,6,-1,0,0,-1,2021,26.0,1,1,1,2,0,0,1,,2,1,-1,N,3,4,3,2,0,0,1,, -1,1,0,1,90,2,10,1,972,97222,1,1,0,5,RN 1,14.689253,-60.939982,11,3,3
202100036386,136Â 664,A01,10,3,1,0,0,-1,-1,2,3,1,2021,14.0,3,2,1,1,3,17,1,,4,ROUX SEIGNORET (RUE DU DOCTEUR),0,,2,2,0,1,0,0,1,, -1,1,0,1,50,3,6,1,83,83069,2,1,0,6,ROUX SEIGNORET (RUE DU DOCTEUR),43.1213738374,6.1316975359,19,2,1
202100021236,163Â 698,A01,1,1,2,0,2,6,-1,-1, -1,-1,2021,24.0,3,1,16,0,8,2,1,,4,PIECE NOYEE (ROND POINT DE LA),0,,1,2,0,1,0,0,3,, -1,2,9,1,50,1,9,1,64,64102,2,1,1,7,PIECE NOYEE (ROND POINT DE LA),43.49937,-1.48125,12,1,1
202100003634,195Â 252,A01,1,1,1,0,8,0,-1,0,0,-1,2021,19.0,1,1,0,2,7,1,5,,4,HOCHE (RUE DU GENERAL),0,,1,2,2,1,(1),(1),1,, -1,1,-1,1,30,8,12,1,54,54395,2,3,0,3,HOCHE (RUE DU GENERAL),48.6845835686,6.1691286787,8,2,2
202100049363,113Â 529,A01,1,1,1,0,2,8,-1,-1, -1,-1,2021,38.0,2,1,0,0,0,1,1,,3,RD 191,0,,2,2,0,1,33,500,2,, -1,1,0,1,80,21,2,1,91,91433,1,1,0,6,RD 191,48.44083,2.20841,16,1,1
202100054633,104Â 134,B01,1,1,2,1,1,-1,-1,0,0,-1,2021,24.0,2,2,0,2,3,1,1,,3,D994,-1,,2,2,0,1,18,377,1,, -1,1,0,1,90,19,1,1,3,3226,1,1,0,1,D994,46.3694589268,3.8585452398,13,2,2
202100028949,149Â 981,B01,1,1,1,0,8,0,-1,-1, -1,-1,2021,25.0,1,1,3,2,4,9,1,,1,A12 W,0,,1,1,0,1,0,500,2,, -1,1,3,1,90,14,7,1,78,78043,1,1,0,2,A12 W,48.842346,2.097543,20,2,2
202100041525,127Â 387,A01,1,1,1,4,2,0,-1,0,0,-1,2021,22.0,2,1,0,2,1,1,3,,4,FONTGIEVE (RUE),0,,2,3,0,1,(1),(1),1,, -1,1,0,1,50,29,4,5,63,63113,2,2,0,3,FONTGIEVE (RUE),45.78073,3.07667,22,2,2
202100019984,165Â 910,B01,2,2,2,5,1,-1,-1,0,0,-1,2021,78.0,2,2,0,2,1,2,1,,1,26,-1,,3,4,0,1,336,200,1,, -1,1,0,1,-1,2,9,1,51,51545,1,1,0,2,A26,48.729799,4.22332,10,3,2
202100048797,114Â 547,A01,1,1,2,1,8,0,-1,-1, -1,-1,2021,60.0,0,1,0,0,0,0,3,,4,,0,,1,1,0,1,65,0,1,, -1,1,0,1,30,8,3,1,92,92046,2,1,0,7,HOCHE,48.81432,2.29196,17,1,1
202100034573,139Â 920,A01,2,2,2,3,2,6,-1,-1, -1,-1,2021,60.0,1,1,0,0,0,1,1,,3,BAYONNE (AVENUE DE),0,,1,1,3,1,8,990,1,, -1,1,0,6,50,13,6,1,64,64024,2,1,0,7,BAYONNE (AVENUE DE),43.48218,-1.50517,14,2,1
202100056286,101Â 287,B01,2,2,2,5,1,0,-1,-1, -1,-1,2021,51.0,3,2,0,2,2,19,1,,6,LUXEMBOURG (AV DU),0,,-1,0,0,1,0,0,1,, -1,2,0,1,20,4,1,1,94,94073,2,9,0,5,LUXEMBOURG (AV DU),48.75563,2.37362,13,4,3
202100002066,198Â 104,A01,1,1,1,5,1,-1,-1,0,0,-1,2021,25.0,2,2,1,0,1,13,1,,3,794,-1,,2,2,0,3,64,0,2,, -1,1,0,3,70,21,12,3,35,35172,1,1,0,7,Lauviais,48.4197087682,-1.8693360686,21,1,1
202100003310,195Â 851,B01,1,1,1,0,2,4,6,0,0,-1,2021,38.0,1,1,13,0,1,1,1,,3,83,0,D,2,2,0,1,26,863,1,, -1,2,0,1,80,14,12,2,81,81105,1,1,1,1,RD83,43.743755,2.021613,7,2,2
202100010136,183Â 580,A01,10,3,2,5,0,-1,-1,3,3,1,2021,90.0,1,2,0,1,1,16,1,,4,JOLIOT CURIE                        (R ),0,,-1,2,0,1,(1),(1),3,, -1,1,0,1,50,29,10,1,69,69385,2,1,0,6,JOLIOT CURIE (R),45.75451,4.7879,10,2,1
202100054164,104Â 929,A01,1,1,1,1,2,6,9,0,0,-1,2021,47.0,0,1,0,0,8,1,1,,4,760,0,D,2,2,0,1,(1),(1),1,, -1,2,0,1,80,21,1,3,85,85300,1,1,1,7,La Marbrerie,46.64397,-1.53534,17,2,2
202100025525,156Â 044,A01,1,1,1,5,8,-1,-1,0,0,-1,2021,51.0,2,5,0,2,1,17,1,,4,,0,,2,2,0,1,0,0,1,,4,2,5,1,50,5,8,1,14,14556,2,3,1,3,Colonel Jacques W Ostiguy,49.127968,-0.379315,20,4,2
202100019432,166Â 903,A01,1,1,1,5,2,6,-1,0,0,-1,2021,66.0,2,1,0,6,1,1,1,,3,619,-1,,2,2,0,3,45,240,2,, -1,1,0,1,90,12,9,1,52,52315,1,1,0,6,Route Departementale 619,48.012951,5.245628,16,1,1
202100007704,187Â 983,A01,10,3,2,2,0,-1,-1,3,3,1,2021,14.0,3,2,0,1,1,1,1,,4,,-1,,2,2,0,2,(1),(1),1,,"5,5",2,0,1,50,17,11,5,29,29075,2,1,1,6,Avenue de Normandie,48.4382092604,-4.386900232,7,2,1
202100053016,106Â 955,B01,2,2,2,3,1,-1,-1,0,0,-1,2021,64.0,3,2,0,2,3,1,1,,3,54,-1,D,2,2,0,2,4,870,3,, -1,2,0,1,80,31,1,1,38,38341,1,1,0,1,2 Route de Montcarra,45.5920717709,5.4096174653,9,3,2
202100008831,185Â 956,A01,1,1,1,1,2,6,-1,-1,0,-1,2021,56.0,2,1,0,2,1,1,1,,1,AUTOROUTE A15,0,,3,9,0,1,23,700,1,, -1,1,0,1,90,9,11,2,95,95500,1,1,0,2, A15,49.038716,2.087101,17,2,2
202100000373,201Â 042,A01,1,1,1,0,2,-1,-1,0,0,-1,2021,18.0,1,1,0,2,7,1,-1,,4,,-1,,2,-1,-1,1,(1),(1),1,, -1,1,0,1,-1,10,4,2,63,63113,2,2,0,3,ROUVIER (RUE),45.806471,3.11427,18,3,2
202100034977,139Â 176,B01,1,1,1,9,2,6,-1,-1, -1,-1,2021,24.0,1,1,0,2,1,2,1,,3,BAYONNE (AVENUE DE),0,,3,4,3,1,26,0,1,, -1,1,0,6,50,9,6,1,64,64024,2,1,0,3,BAYONNE (AVENUE DE),43.48092,-1.51283,19,2,2
202100052627,107Â 655,A01,10,3,2,1,0,-1,-1,1,3,1,2021,63.0,1,2,0,1,1,1,1,,2,2,-1,,1,1,0,1,(1),(1),1,, -1,1,0,1,50,19,1,2,971,97121,2,1,0,6,Rue de la RÃ©publique,16.230354,-61.788483,5,2,1