Num_Acc,id_vehicule,num_veh,place,catu,sexe,trajet,secu1,secu2,secu3,locp,actp,etatp,year_acc,victim_age,senc,catv,obs,obsm,choc,manv,motor,occutc,catr,voie,v1,v2,circ,nbv,vosp,prof,pr,pr1,plan,lartpc,larrout,surf,infra,situ,vma,jour,mois,lum,dep,com,agg_,int,atm,col,adr,lat,long,hour,nb_victim,nb_vehicules
202100037845,134Â 012,A01,10,3,1,5,0,-1,-1,2,3,1,2021,12.0,2,1,0,1,2,26,1,,4,COLONEL FABIEN (AV DU),0,,2,2,0,1,1,0,1,, -1,1,0,1,30,27,5,1,94,94081,2,1,0,6,Avenue du Colonel Fabien,48.7815,2.38189,18,2,1
202100046214,119Â 161,B01,1,1,2,3,1,0,-1,-1, -1,-1,2021,53.0,1,2,0,9,4,2,1,,2,RTE NATIONALE 6,0,,3,4,0,1,6,99,1,, -1,1,6,1,50,27,3,1,91,91114,2,1,1,2,RTE NATIONALE 6,48.68059,2.49344,10,3,2
202100032098,144Â 374,A01,1,1,2,5,1,0,-1,-1, -1,-1,2021,60.0,2,2,0,2,3,15,1,,4,MONTARDON DE,0,,2,2,0,1,0,0,1,, -1,2,0,1,30,26,6,1,64,64445,2,3,1,1,MONTARDON DE,43.3146,-0.3758,20,4,2
202100036760,135Â 996,A01,10,3,2,9,0,-1,-1,1,9,1,2021,53.0,3,2,0,1,0,20,1,,4,CONTAMINES (DES)                    (R ),0,,-1,1,0,1,(1),(1),1,, -1,1,0,1,50,2,6,1,69,69286,2,1,0,6,CONTAMINES (DES) (R),45.82025,4.88732,17,2,1
202100051694,109Â 290,A01,2,2,2,1,1,0,-1,0,0,-1,2021,18.0,2,2,0,2,1,1,1,,4,GUILLOU (BOULEVARD YVES),0,,2,0,0,1,1,0,1,, -1,1,0,1,50,12,2,1,14,14118,2,1,0,2,Boulevard Yves Guillou,49.1785460187,-0.3625917435,16,3,2
202100042831,125Â 104,A01,1,1,1,1,2,-1,-1,-1, -1,-1,2021,55.0,0,1,8,0,2,13,1,,4,BOULET. RUE GASTON,0,,2,2,0,1,0,0,3,, -1,1,0,4,50,22,4,3,76,76157,2,3,0,7,BOULET. RUE GASTON,49.45401,1.0494,21,1,1
202100005814,191Â 401,A01,1,1,1,5,0,-1,-1,0,0,-1,2021,16.0,0,1,1,0,0,1,1,,4,,0,,2,1,0,1,(1),(1),1,,3,1,0,1,50,25,11,1,14,14318,2,1,0,6,Rue de la Demelee,49.327835,-0.47695,14,1,1
202100040660,128Â 943,B01,1,1,1,0,1,-1,-1,0,0,-1,2021,61.0,2,2,2,2,1,1,0,,3,15,0,D,2,2,0,1,9,311,1,, -1,2,0,1,80,10,5,1,34,34094,1,1,1,1,D15,43.436483,3.258562,8,4,2
202100011761,180Â 690,A01,1,1,1,1,1,-1,-1,0,0,-1,2021,56.0,2,5,0,9,8,1,1,,3,186,-1,,2,2,0,2,4,250,1,, -1,1,0,1,50,3,6,1,74,74042,1,1,0,6,route de brizon,46.055692,6.442451,17,1,1
202100002564,197Â 197,A01,1,1,1,5,1,4,-1,-1, -1,-1,2021,42.0,2,2,3,0,3,11,1,,1,A4.W,0,,1,5,0,2,21,100,3,, -1,1,0,1,90,17,12,3,77,77468,1,1,0,6,A4.W,48.8325208303,2.6605428724,2,3,3
202100051657,109Â 356,A01,1,1,2,5,1,8,-1,-1, -1,-1,2021,54.0,2,2,2,0,3,13,1,,3,FRANCE BOULEVARD ANATOLE ),0,,3,2,0,1,1,0,1,, -1,1,0,1,50,12,2,1,90,90010,2,1,0,6,FRANCE BOULEVARD ANATOLE ),47.64091,6.848,9,1,1
202100032035,144Â 486,A01,2,2,1,5,0,-1,-1,0,0,-1,2021,48.0,1,2,0,0,0,26,1,,3,D912,0,A,2,2,0,1,28,10,1,, -1,1,0,1,90,25,6,3,23,23137,1,1,0,7,"Lieu-dit Montbaron, D912A1, PK 28+010",46.102247,1.65724,23,2,1
202100008271,186Â 929,B01,1,1,1,0,1,0,-1,-1, -1,-1,2021,37.0,0,5,0,2,7,15,1,,3,LUCIE AUBRAC ALLEE,0,,2,2,0,1,0,0,1,, -1,2,0,1,50,13,11,1,93,93046,2,1,1,3,LUCIE AUBRAC ALLEE,48.92925,2.54857,11,2,2
202100051167,110Â 215,B01,1,1,1,0,2,8,-1,-1, -1,-1,2021,29.0,3,1,0,2,0,0,0,,4,RIGOURDIERE (RUE DE LA),0,,2,2,0,1,(1),(1),1,, -1,1,5,1,50,17,2,2,35,35051,2,9,0,7,RIGOURDIERE (RUE DE LA),48.1146,-1.59194,18,3,2
202100006595,190Â 007,A01,1,1,2,9,1,-1,-1,0,0,-1,2021,19.0,0,2,0,2,2,13,1,,4,CAGNY (RUE DE),0,,2,2,0,1,(1),(1),1,, -1,2,0,1,50,19,11,1,80,80021,2,1,0,3,CAGNY (RUE DE),49.8824,2.31887,14,2,2
202100002814,196Â 740,A01,10,3,1,0,0,-1,-1,8,1,1,2021,74.0,-1,2,0,1,4,4,1,,3,SAINT LEU (ROUTE),0,,2,2,0,1,0,1,1,, -1,1,0,6,50,15,12,5,93,93079,2,9,0,6,SAINT LEU (ROUTE),48.9518655333,2.3385885358,17,2,1
202100037723,134Â 235,A01,2,2,2,0,1,0,-1,-1, -1,-1,2021,45.0,1,2,0,2,1,2,1,,1,AUTOROUTE A86,0,,3,8,0,1,16,200,1,, -1,1,0,1,90,28,5,1,93,93027,1,1,0,4,AUTOROUTE A86,48.92393,2.38736,17,4,3
202100017543,170Â 266,A01,1,1,1,1,2,6,9,0,0,-1,2021,16.0,1,1,0,0,1,1,1,,3,681,0,,2,2,0,1,27,130,1,,5,1,0,1,80,23,9,1,71,71014,1,3,0,7,D681,46.987158,4.31348,17,1,1
202100033876,141Â 206,B01,1,1,2,9,2,0,-1,0,0,-1,2021,30.0,2,1,0,2,1,1,5,,4,RUE DE VAUGIRARD,0,,1,2,1,1,(1),(1),1,, -1,1,0,5,50,15,6,5,75,75115,2,3,0,3,RUE DE VAUGIRARD,48.841273,2.307206,23,2,2
202100015324,174Â 312,A01,10,3,2,0,0,-1,-1,3,3,1,2021,22.0,0,5,0,1,3,15,0,,4,PORT (RUE DU),0,,2,1,0,1,(1),(1),1,, -1,2,0,1,50,3,10,1,59,59599,2,1,1,6,PORT (RUE DU),50.716901,3.154258,13,2,1
202100047588,116Â 697,B01,1,1,1,1,2,6,-1,-1, -1,-1,2021,49.0,1,1,0,2,9,3,1,,1,6,0,,3,6,0,4,17,200,1,, -1,1,0,1,90,18,3,1,91,91589,1,1,0,5,AUTOROUTE A6,48.67692,2.33855,17,3,3
202100021614,162Â 998,B01,1,1,2,5,1,0,-1,-1, -1,-1,2021,29.0,1,2,0,2,4,2,1,,4,PAUL BERT,0,,2,2,0,1,1,0,1,, -1,1,0,1,30,31,8,1,49,49007,2,2,0,2,PAUL BERT,47.46641,-0.55284,10,2,2
202100031981,144Â 579,A01,3,2,1,5,1,8,-1,0,0,-1,2021,19.0,2,2,2,0,0,16,1,,4,CD 580,0,,1,1,0,1,1,0,1,, -1,2,0,1,50,26,6,3,14,14333,1,1,1,7,CD 580,49.412522,0.266597,3,2,1
202100043072,124Â 683,A01,1,1,1,0,1,0,-1,-1, -1,-1,2021,28.0,1,2,0,2,1,15,1,,3,SEMARD (RUE PIERRE),0,,2,2,0,1,0,1,1,, -1,1,0,1,50,22,4,1,93,93008,2,3,0,3,SEMARD (RUE PIERRE),48.91274,2.45085,16,2,2
202100003586,195Â 342,B01,1,1,1,1,2,6,-1,-1, -1,-1,2021,55.0,1,1,0,2,7,17,1,,4,GARE (ROUTE DE LA),0,,2,2,0,1,0,0,1,, -1,1,0,1,50,9,12,1,83,83090,2,1,0,3,GARE (ROUTE DE LA),43.12377,5.83137,9,2,2
202100051725,109Â 235,B01,1,1,1,0,2,8,-1,-1, -1,-1,2021,56.0,2,1,0,2,2,1,6,,3,GENERAL LECLERC(AVE DU)89/FIN ET 122/FIN,0,,1,3,1,1,0,1,1,, -1,1,0,1,50,12,2,1,93,93055,2,3,0,3,CARTIER BRESSON DU 1/39.2/44,48.89886,2.40728,13,2,2
202100051082,110Â 368,A01,1,1,1,1,8,0,-1,0,0,-1,2021,37.0,2,2,0,2,3,1,1,,4,RUE BRANCION,0,,2,3,3,1,(1),(1),1,, -1,2,0,1,50,18,2,5,75,75115,2,2,0,3,RUE BRANCION,48.83472,2.305191,20,2,2
202100014680,175Â 472,A01,1,1,1,1,2,6,-1,0,0,-1,2021,29.0,1,1,0,6,1,0,1,,3,1005,-1,,2,2,0,1,11,100,1,, -1,1,0,1,80,6,10,3,74,74263,1,1,0,6,D1005,46.330195,6.369034,23,1,1
202100029166,149Â 614,A01,3,2,2,5,1,0,-1,-1, -1,-1,2021,17.0,2,2,9,0,1,1,1,,3,RENE HAMON (R),0,,2,2,0,1,1,0,2,, -1,2,0,1,50,13,7,1,94,94076,2,1,1,6,Rue RenÃ© Hamon,48.78973,2.36146,18,3,1
202100033797,141Â 356,D01,1,1,1,9,1,-1,-1,0,0,-1,2021,44.0,0,2,0,2,4,0,1,,4,FRANKLIN ROOSEVELT (RUE),0,,2,2,0,1,(1),(1),1,, -1,1,0,1,50,14,6,1,80,80021,2,1,0,4,FRANKLIN ROOSEVELT (RUE),49.92002,2.29128,14,4,4
202100055576,102Â 515,A01,1,1,1,0,1,-1,-1,0,0,-1,2021,22.0,1,2,0,2,7,26,1,,3,39,0,,2,2,0,1,4,850,3,, -1,7,0,1,-1,11,1,1,51,51092,2,1,0,3,D39,48.7580325498,3.7604682366,12,2,2
202100020822,164Â 426,A01,1,1,1,1,1,0,-1,-1, -1,-1,2021,22.0,1,2,0,2,2,2,1,,2,RN104,0,,3,4,0,1,23,200,1,, -1,1,0,1,110,5,9,3,77,77122,1,1,0,2,RN104,48.6464472287,2.5919151306,6,2,2
202100053344,106Â 369,A01,1,1,1,5,2,8,-1,0,0,-1,2021,18.0,1,1,0,2,1,1,1,,4,GRASSE (AVENUE DE),0,,2,2,0,1,(1),(1),1,, -1,1,0,1,50,28,1,5,6,6029,2,1,0,7,GRASSE (AVENUE DE),43.56631,7.00469,18,2,2
202100032563,143Â 564,A01,1,1,1,5,2,6,9,0,0,-1,2021,51.0,0,1,0,6,1,2,1,,2,162,-1,,2,2,0,1,23,500,1,, -1,1,0,1,80,24,6,1,49,49217,1,1,0,6,Lieu dit Le Trefle,47.64881,-0.709476,11,1,1
202100010802,182Â 422,A01,1,1,1,1,2,6,9,0,0,-1,2021,25.0,2,1,9,0,1,1,1,,3,623,-1,,2,2,0,3,(1),(1),2,, -1,1,0,4,50,27,10,5,11,11076,2,1,0,6,Avenue des PyrÃ©nÃ©es,43.312119,1.959311,20,1,1
202100055311,102Â 961,B01,1,1,2,1,1,8,-1,-1, -1,-1,2021,47.0,3,2,0,2,1,1,1,,4,GUTENBERG (RUE JEAN),0,,2,2,0,2,(1),(1),2,, -1,1,0,1,50,11,1,5,44,44184,2,2,0,1,GUTENBERG (RUE JEAN),47.28189,-2.2352,7,2,2
202100005309,192Â 299,A01,1,1,2,5,1,8,-1,-1, -1,-1,2021,26.0,3,2,15,0,2,14,1,,4,AMANDIERS (RUE DES),0,,2,1,0,1,(1),(1),1,, -1,2,0,4,30,1,12,5,37,37122,2,1,0,6,AMANDIERS (RUE DES),47.3351073286,0.6598750502,20,1,1
202100036858,135Â 814,A01,10,3,1,3,0,-1,-1,4,3,1,2021,63.0,1,2,0,1,4,4,0,,3,R A TRAIT,0,,2,2,0,2,1,0,1,, -1,1,0,1,50,20,5,1,94,94017,2,1,0,6,Rue a Trait,48.812203,2.513861,10,2,1
202100018350,168Â 826,A01,10,3,2,5,0,-1,-1,1,5,1,2021,50.0,1,2,0,1,3,26,1,,4,LEBON,0,,1,1,0,1,1,0,1,, -1,1,0,1,50,17,9,1,49,49007,2,1,0,6,LEBON,47.47778,-0.54569,17,2,1
202100044766,121Â 693,A01,1,1,1,1,0,-1,-1,0,0,-1,2021,17.0,1,1,0,2,1,19,0,,7,20,-1,,2,2,0,1,8,0,1,, -1,1,0,1,50,8,4,1,6,6075,2,1,0,1,1174 Route de la Roquette,43.849705,7.223518,16,2,2
202100041251,127Â 864,A01,1,1,2,9,1,8,-1,-1, -1,-1,2021,54.0,3,2,1,0,1,16,1,,9,BOIS CARRE (RUE DU),0,,-1,1,0,2,4,500,3,, -1,1,9,8,30,4,5,2,972,97213,1,1,0,6,BOIS CARRE (RUE DU),14.62284,-60.9904,18,1,1
202100050070,112Â 242,B01,1,1,1,1,2,8,-1,-1, -1,-1,2021,51.0,2,1,0,2,3,1,1,,3,MANDRES (RTE DE),0,,2,2,0,1,0,1,1,, -1,2,0,1,50,26,2,1,94,94070,1,1,1,1,MANDRES (RTE DE),48.7164,2.5629,7,2,2
202100009415,184Â 872,B01,1,1,1,0,8,0,-1,-1, -1,-1,2021,38.0,2,1,1,0,1,1,0,,4,LAMARCK (RUE),0,,1,1,0,1,(1),(1),1,, -1,1,0,1,30,2,11,1,80,80021,2,1,0,3,LAMARCK (RUE),49.89022,2.29826,9,2,2
202100047663,116Â 555,A01,1,1,1,5,2,6,-1,-1, -1,-1,2021,22.0,1,1,0,2,8,1,1,,3,VAILLANT COUTURIER (RUE),0,,3,2,1,1,0,1,1,, -1,1,0,1,50,15,3,1,93,93053,2,3,0,3,VAILLANT COUTURIER (RUE),48.8906785662,2.4514791249,17,2,2
202100053586,105Â 937,A01,1,1,2,5,2,6,-1,-1, -1,-1,2021,46.0,0,1,0,0,0,1,1,,4,SAINT ELOI I (LEVEE),0,,1,1,0,1,42,0,1,, -1,2,0,1,50,22,1,5,58,58194,2,1,0,7,SAINT ELOI I (LEVEE),46.9859,3.172,21,1,1
202100004182,194Â 280,B01,1,1,1,5,2,-1,-1,0,0,-1,2021,52.0,1,1,0,2,1,5,5,,3,4,-1,,2,2,0,2,13,700,4,, -1,1,0,1,90,9,12,1,83,83008,1,1,0,1,D4,43.525246,6.714234,12,2,2
202100040689,128Â 895,A01,1,1,1,5,1,-1,-1,0,0,-1,2021,24.0,2,2,13,0,0,1,1,,3,3,-1,,2,2,0,2,6,800,3,, -1,1,0,3,70,5,5,3,988,98817,1,1,0,7,ROUTE DE MOUIRANGE,-22.217066,166.666439,18,1,1
202100020342,165Â 274,A01,1,1,2,5,2,0,-1,-1, -1,-1,2021,34.0,2,1,0,2,8,19,5,,3,PRESIDENT WILSON (AV DU),0,,2,2,1,1,0,0,1,, -1,1,0,1,50,7,9,1,94,94016,2,1,0,3,Avenue du PrÃ©sident Wilson,48.79074,2.32728,17,2,2
202100024139,158Â 511,B01,1,1,2,5,1,0,-1,-1, -1,-1,2021,22.0,1,2,0,2,4,23,1,,4,VALBARELLE (BOULEVARD DE LA ),0,,2,2,0,1,0,0,1,, -1,1,0,1,50,14,8,1,13,13211,2,1,0,2,VALBARELLE (BOULEVARD DE LA ),43.2874879939,5.4478899192,20,3,2
202100031845,144Â 831,A01,1,1,1,0,2,0,-1,-1, -1,-1,2021,30.0,2,1,1,0,1,1,1,,4,LEDRU ROLLIN (RUE),0,,3,4,0,4,(1),(1),1,, -1,1,8,1,70,21,6,1,71,71076,2,1,0,1,LEDRU ROLLIN (RUE),46.7847,4.83577,12,2,2
202100005183,192Â 514,A01,1,1,2,0,1,0,-1,-1, -1,-1,2021,46.0,1,2,0,2,4,0,1,,1,A7-Sens Marseille vers Lyon,0,,1,2,0,1,271,0,1,, -1,2,0,1,90,2,12,1,13,13106,1,1,1,4,A7-Sens Marseille vers Lyon,43.399633,5.349255,8,3,3
202100047048,117Â 674,A01,1,1,1,4,1,0,-1,-1, -1,-1,2021,29.0,0,2,12,2,7,15,1,,4,STADE   RUE DU,0,,2,2,0,1,(1),(1),1,, -1,1,0,1,30,22,3,5,17,17300,2,2,0,3,STADE   RUE DU,46.16058,-1.17929,19,2,2
202100024801,157Â 322,A01,1,1,2,5,2,6,-1,0,0,-1,2021,17.0,1,1,0,2,1,13,1,,3,288,0,,2,2,0,2,1,500,4,, -1,1,0,1,80,11,8,1,14,14086,1,1,0,1,D288,49.3388141045,0.1072068213,8,2,2
202100054487,104Â 373,A01,1,1,1,1,2,6,-1,-1, -1,-1,2021,63.0,1,1,0,2,1,15,1,,3,PAIX (AVENUE DE LA),0,,2,2,0,1,0,0,1,, -1,2,0,1,50,19,1,1,92,92075,2,2,1,1,PAIX (AVENUE DE LA),48.816621733,2.275035006,8,2,2
202100011512,181Â 145,A01,1,1,1,5,1,0,-1,-1, -1,-1,2021,20.0,2,2,0,2,4,1,0,,1,A13,0,,1,3,0,1,31,200,1,, -1,1,0,1,130,23,10,1,78,78206,1,1,0,3,A13,48.95474,1.9381,12,5,2
202100017320,170Â 692,A01,1,1,1,0,0,-1,-1,0,0,-1,2021,26.0,3,1,0,0,0,26,1,,4,,-1,,-1,1,0,1,(1),(1),1,,"3,5",1,0,6,50,25,9,1,38,38190,1,1,0,7,allÃ©e des champagnes hieres sur amby,45.81183,5.29563,17,1,1
202100003668,195Â 199,A01,10,3,1,3,0,-1,-1,3,3,1,2021,90.0,3,2,0,1,3,15,1,,4,MISTRAL FREDERIC (BD),0,,2,2,0,1,(1),(1),1,, -1,1,0,1,50,4,12,1,34,34032,2,2,0,6,MISTRAL FREDERIC (BD),43.34482,3.22013,9,2,1
202100016857,171Â 487,A01,10,3,2,5,0,-1,-1,4,3,1,2021,87.0,1,2,0,1,1,9,1,,4,CHURCHILL (RUE WINSTON),0,,2,2,0,1,(1),(1),1,, -1,1,0,1,50,22,9,1,71,71076,2,1,1,6,CHURCHILL (RUE WINSTON),46.7967935888,4.8656958909,7,2,1
202100017627,170Â 111,A01,1,1,2,0,2,8,-1,-1, -1,-1,2021,73.0,1,1,0,4,7,19,5,,4,JEAN WENGER VALENTIN (RUE),0,,3,6,1,1,0,0,1,, -1,1,4,6,50,20,9,1,67,67482,2,8,0,3,JEAN WENGER VALENTIN (RUE),48.59964,7.75951,16,2,2
202100000845,200Â 222,A01,10,3,2,5,0,-1,-1,1,3,1,2021,76.0,2,2,0,1,4,4,2,,4,GROLEE                              (R ),0,,1,2,0,1,(1),(1),1,, -1,2,0,1,50,29,12,1,69,69382,2,1,0,6,GROLEE (R),45.763,4.8366,15,2,1
202100004242,194Â 169,A01,10,3,1,0,8,8,-1,3,3,1,2021,18.0,3,2,0,1,1,15,1,,7,LANDAIS (AVENUE DES),0,,3,4,0,1,(1),(1),1,, -1,1,0,1,50,5,12,1,63,63113,2,3,0,6,LANDAIS (AVENUE DES),45.76497,3.10994,17,2,1
202100010329,183Â 238,A01,1,1,1,0,1,0,-1,0,0,-1,2021,37.0,1,2,0,2,1,10,1,,3,CD NÂ°  402,0,,2,0,0,2,1,0,1,, -1,1,0,1,50,29,10,3,14,14167,2,1,0,3,CD NÂ°  402,49.204163,-0.308868,18,2,2
202100044681,121Â 846,B01,1,1,1,0,2,-1,-1,-1, -1,-1,2021,35.0,0,1,0,2,1,1,1,,4,GERBERT (RUE),0,,2,3,0,1,(1),(1),1,, -1,1,0,1,50,8,4,1,51,51454,2,2,0,1,Rue Gerbert,49.25148,4.04195,14,2,2
202100004155,194Â 319,A01,1,1,1,9,1,-1,-1,0,0,-1,2021,76.0,3,2,0,2,3,9,1,,3,7,0,D,2,2,0,1,10,725,1,, -1,2,0,1,80,9,12,1,56,56015,1,2,1,3,Le Grand Bodo,47.631366,-2.559066,12,3,2
202100030461,147Â 323,B01,1,1,1,0,2,-1,-1,0,0,-1,2021,50.0,2,1,0,2,1,1,1,,3,19,-1,,2,2,0,1,17,300,1,, -1,1,0,1,80,7,7,1,11,11355,1,3,0,3,D19,43.091756,2.210899,11,2,2
202100006748,189Â 720,B01,1,1,1,0,1,-1,-1,0,0,-1,2021,56.0,2,2,0,2,1,1,1,,1,36,-1,,2,2,0,2,119,200,1,, -1,1,3,1,70,24,11,5,68,68253,1,2,0,4,RD52,47.777146,7.516193,17,3,3
202100003627,195Â 266,A01,10,3,2,4,0,-1,-1,2,3,1,2021,52.0,1,2,0,1,1,1,1,,4,NANCY (RUE DE ),0,,1,1,0,1,0,0,2,, -1,2,0,1,30,10,12,1,57,57487,2,1,1,6,NANCY (RUE DE ),49.104766,6.1085519,14,2,1
202100015591,173Â 810,B01,1,1,1,1,2,6,-1,-1, -1,-1,2021,24.0,0,1,0,2,1,1,1,,4,AVE DE VERDUN,0,,2,2,0,1,(1),(1),1,, -1,1,0,1,50,1,10,1,33,33281,2,3,0,3,Avenue de Verdun,44.84136,-0.64438,12,2,2
202100022987,160Â 539,A01,2,2,1,5,1,-1,-1,0,0,-1,2021,44.0,1,2,2,0,6,1,1,,3,515,0,,3,4,0,1,(1),(1),2,, -1,1,0,1,110,22,8,1,14,14060,1,1,0,6,D515,49.237026,-0.290505,18,2,2
202100025692,155Â 761,B01,2,2,2,5,1,-1,-1,0,0,-1,2021,37.0,1,2,0,2,3,1,1,,3,254,-1,D,2,2,0,1,13,810,1,, -1,2,0,1,50,4,8,1,33,33267,1,2,1,3,,45.270477,-0.532708,17,3,2
202100016353,172Â 403,A01,1,1,1,2,2,6,-1,0,0,-1,2021,19.0,2,1,0,2,1,2,1,,4,RUE LIARD,0,,1,2,0,2,(1),(1),1,, -1,2,0,1,30,27,9,1,75,75114,2,5,1,2,RUE LIARD,48.8213083226,2.3426564941,9,2,2
202100053817,105Â 555,B01,1,1,1,0,1,0,-1,-1, -1,-1,2021,37.0,1,2,0,2,4,2,1,,7,652,0,,3,4,0,1,0,829,1,, -1,1,0,1,90,22,1,3,59,59196,1,1,0,5,ROUTE DEPARTEMENTALE 652,50.629291,2.960317,18,3,3
202100024285,158Â 262,A01,1,1,1,1,1,0,-1,-1, -1,-1,2021,21.0,1,2,3,0,1,1,1,,1,VA007547 SOUPETARD A61 Sortie 16,0,,1,6,0,1,232,764,1,, -1,1,3,2,90,11,8,1,31,31555,2,9,0,6,VA007547 SOUPETARD A61 Sortie 16,43.610337,1.484551,12,1,1
202100009757,184Â 261,C01,1,1,1,5,1,-1,-1,0,0,-1,2021,66.0,1,2,0,2,4,1,1,,3,ROND-POINT COGNAC,0,,1,2,0,1,0,0,2,, -1,1,0,1,50,2,11,1,65,65440,2,6,0,4,ROND-POINT COGNAC,43.23744,0.046,11,4,3
202100030526,147Â 197,A01,1,1,1,0,1,-1,-1,-1, -1,-1,2021,27.0,2,2,0,2,8,15,1,,4,,0,,2,2,0,1,(1),(1),1,, -1,1,0,1,50,5,7,1,69,69387,2,1,0,3,ARTILLERIE (DE L') (BD),45.7314209857,4.8422997752,17,2,2
202100056498,100Â 913,A01,1,1,1,5,1,0,-1,-1, -1,-1,2021,21.0,2,2,0,2,1,2,1,,2,RN104,0,,1,2,0,1,12,0,1,, -1,1,0,1,110,2,1,1,77,77249,1,1,0,6,RN104,48.7312281445,2.6091964028,14,6,3
202100024858,157Â 224,A01,10,3,1,3,0,-1,-1,3,3,1,2021,19.0,3,2,0,1,8,19,1,,4,RUE E TARTASSE,0,,1,1,0,1,0,0,1,, -1,1,0,8,30,9,8,1,91,91479,2,1,0,6,RUE E TARTASSE,48.70882,2.37,17,2,1
202100052163,108Â 471,A01,1,1,2,5,5,1,-1,0,0,-1,2021,43.0,1,2,0,2,3,1,1,,3,14,0,D,2,2,0,1,(1),(1),1,, -1,2,0,1,90,8,2,1,23,23177,1,1,1,1,Les Fougeres,46.269614,1.518624,15,2,2
202100029266,149Â 450,A01,1,1,1,0,2,0,-1,-1, -1,-1,2021,19.0,1,1,14,0,0,1,1,,4,CATAYEE (JUSTIN),0,,2,2,3,2,(1),(1),2,, -1,2,0,2,50,14,6,1,973,97302,2,1,0,7,CATAYEE (JUSTIN),4.938705227,-52.3304154316,16,1,1
202100019909,166Â 043,A01,2,2,2,9,2,0,-1,0,0,-1,2021,62.0,2,1,0,0,0,1,1,,4,RUE DU FAUBOURG SAINT MARTIN,0,,2,2,0,1,(1),(1),1,, -1,2,0,1,30,9,9,1,75,75110,2,2,1,7,RUE DU FAUBOURG SAINT MARTIN,48.881104,2.365161,19,2,1
202100000429,200Â 942,B01,4,2,1,0,1,0,-1,-1, -1,-1,2021,17.0,1,2,0,2,5,2,1,,3,SAINT-AMAND (AVENUE DE),0,,2,1,0,1,46,600,1,, -1,1,0,1,90,11,11,3,18,18267,1,1,0,2,SAINT-AMAND (AVENUE DE),47.0362,2.38908,19,5,2
202100007340,188Â 633,A01,10,3,1,5,0,-1,-1,4,3,1,2021,86.0,2,2,0,1,7,1,1,,4,BOULEVARD DE PORT ROYAL,0,,-1,4,0,2,(1),(1),1,, -1,1,0,1,30,19,11,5,75,75105,2,3,0,6,BOULEVARD DE PORT ROYAL,48.838276,2.342062,18,2,1
202100001927,198Â 349,A01,10,3,2,5,0,-1,-1,3,3,2,2021,63.0,2,4,0,1,2,1,1,,3,982,-1,,1,1,0,1,0,10,1,, -1,1,9,8,50,23,12,5,51,51649,2,1,0,6,D982,48.728815,4.587666,17,2,1
202100038726,132Â 408,A01,1,1,2,5,1,-1,-1,-1,0,-1,2021,28.0,1,2,4,0,3,13,1,,1,AUTOROUTE A15,0,,1,1,0,1,7,900,3,, -1,1,3,1,50,23,5,1,95,95582,1,1,0,6,A15,48.96356,2.26456,8,1,1
202100017616,170Â 130,B01,1,1,1,9,8,0,-1,-1, -1,-1,2021,19.0,1,1,0,2,2,1,0,,4,DE LA BALANCE (CHEMIN),0,,2,2,0,1,0,0,3,, -1,1,0,1,50,20,9,1,971,97101,1,4,0,1,DE LA BALANCE (CHEMIN),16.29191,-61.49248,16,2,2
202100000521,200Â 768,A01,1,1,2,0,1,-1,-1,0,0,-1,2021,41.0,0,2,0,2,1,15,1,,4,CARNOT (BOULEVARD),0,,2,4,0,1,(1),(1),3,, -1,2,0,1,50,29,12,5,80,80021,2,4,1,3,CARNOT (BOULEVARD),49.89338,2.2862,18,3,2
202100052720,107Â 498,A01,1,1,2,0,0,-1,-1,0,0,-1,2021,25.0,2,2,2,0,9,1,1,,3,933,0,D,2,2,0,1,19,578,1,, -1,1,0,3,80,3,2,3,47,47301,1,1,0,6,Tardy,44.527338,0.288928,19,1,1
202100023434,159Â 734,B01,1,1,1,0,0,-1,-1,-1, -1,-1,2021,70.0,3,1,0,2,7,1,5,,3,ERMITAGE (AVE DE L'),0,,2,2,0,1,(1),(1),1,, -1,1,0,1,50,19,8,2,33,33529,2,6,0,3,Avenue de lâErmitage,44.63226,-1.20304,21,2,2
202100005263,192Â 375,A01,10,3,1,5,0,-1,-1,2,3,2,2021,12.0,3,2,0,1,1,17,1,,4,PIERRE MENDES FRANCE                (R ),0,,2,2,0,1,(1),(1),1,, -1,1,0,1,50,14,11,2,69,69290,2,1,0,6,PIERRE MENDES FRANCE (AV),45.69031,4.95707,16,2,1
202100008188,187Â 089,B01,1,1,1,1,1,9,-1,0,0,-1,2021,54.0,2,2,0,2,1,1,1,,2,2,-1,,2,2,0,1,35,400,1,, -1,1,0,1,80,15,11,1,2,2464,1,1,0,5,N2,49.421076,3.403093,7,4,3
202100027722,152Â 161,A01,1,1,1,5,2,8,-1,-1, -1,-1,2021,19.0,0,1,0,0,0,21,0,,4,DOUAUMONT ( RUE DE ),0,,-1,2,0,1,(1),(1),1,, -1,1,9,1,50,20,7,5,62,62401,2,9,0,7,DOUAUMONT ( RUE DE ),50.49576,2.80616,0,1,1
202100000290,201Â 205,A01,1,1,2,5,1,0,-1,-1, -1,-1,2021,69.0,3,2,0,2,1,1,1,,4,THEODORE AUBANEL BOULEVARD,0,,2,2,0,1,1,0,1,, -1,2,0,1,50,10,5,1,13,13063,2,1,1,2,THEODORE AUBANEL BOULEVARD,43.58763,5.00199,15,2,2
202100036548,136Â 388,B01,1,1,1,5,2,-1,-1,0,0,-1,2021,53.0,2,1,0,2,1,1,1,,3,38,0,,2,2,2,1,25,230,2,,4,1,0,1,50,5,6,1,81,81271,2,2,0,3,Route de Garrigues,43.767991,1.68822,13,3,2