Num_Acc,id_vehicule,num_veh,place,catu,sexe,trajet,secu1,secu2,secu3,locp,actp,etatp,year_acc,victim_age,senc,catv,obs,obsm,choc,manv,motor,occutc,catr,voie,v1,v2,circ,nbv,vosp,prof,pr,pr1,plan,lartpc,larrout,surf,infra,situ,vma,jour,mois,lum,dep,com,agg_,int,atm,col,adr,lat,long,hour,nb_victim,nb_vehicules
202100026712,153Â 965,B01,2,2,2,5,1,-1,-1,0,0,-1,2021,29.0,3,2,0,2,3,16,1,,3,73,-1,,2,1,0,1,14,698,4,,3,1,0,1,80,28,7,1,76,76603,1,5,0,3,Route de Bolbec,49.643189,0.463491,18,6,2
202100012503,179Â 359,A01,1,1,2,0,1,0,-1,-1, -1,-1,2021,35.0,1,2,0,2,0,11,1,,3,913,0,,3,5,1,1,0,0,1,, -1,1,0,1,50,16,10,5,92,92050,2,1,0,3,CLEMENCEAU GEORGES AVENUE NÂ° PAIR,48.885944369,2.2157500684,23,2,2
202100048320,115Â 384,A01,10,3,1,0,0,-1,-1,9,1,1,2021,85.0,2,2,0,1,2,1,1,,2,2,-1,,2,2,0,-1,18,600,1,, -1,1,0,1,70,12,3,3,972,97234,1,1,0,6,Fond Capot - RN2 - PK 18+800,14.678003,-61.165239,19,2,1
202100015880,173Â 293,B01,1,1,2,5,1,8,-1,-1, -1,-1,2021,21.0,1,2,0,2,3,1,0,,4,AV DE LA CONCORDE,0,,2,2,0,1,0,100,1,, -1,1,0,1,50,30,9,5,91,91657,2,1,0,4,AV DE LA CONCORDE,48.70393,2.42476,19,4,3
202100051302,109Â 972,C01,1,1,1,5,2,-1,-1,0,0,-1,2021,28.0,1,1,3,2,3,1,1,,2,RN88,0,,1,2,0,1,48,360,1,, -1,1,0,1,50,13,2,1,12,12202,1,1,0,4,RN88,44.36247,2.57091,18,3,3
202100054713,103Â 992,A01,1,1,1,0,1,-1,-1,0,0,-1,2021,39.0,2,2,0,2,3,1,1,,3,919,-1,,2,2,0,1,10,757,1,, -1,1,0,1,50,18,1,5,76,76120,2,1,1,1,Route de Forges,49.592659,1.412494,6,2,2
202100035539,138Â 184,A01,1,1,1,9,2,0,-1,0,0,-1,2021,17.0,1,1,0,2,2,1,1,,4,RUE DU GENERAL GUILLAUMAT,0,,2,4,0,1,(1),(1),1,, -1,1,0,1,50,9,6,1,75,75115,2,2,0,3,RUE DU GENERAL GUILLAUMAT,48.828922,2.29415,18,2,2
202100039330,131Â 298,B01,1,1,1,4,1,0,-1,-1, -1,-1,2021,60.0,0,2,1,2,4,23,0,,9,SEINE (QUAI DE),0,,1,2,0,1,0,0,1,, -1,2,0,1,50,19,5,1,93,93070,2,1,1,4,SEINE (QUAI DE),48.91429,2.31821,8,3,3
202100016866,171Â 473,B01,1,1,1,0,8,0,-1,-1, -1,-1,2021,23.0,2,1,0,2,1,19,5,,4,PRESIDENT POINCARE (BOULEVARD DU),0,,3,2,3,1,0,0,1,, -1,1,0,1,50,23,9,1,67,67482,2,3,0,3,PRESIDENT POINCARE (BOULEVARD DU),48.58986,7.74237,16,2,2
202100047259,117Â 287,B01,10,3,2,5,0,-1,-1,1, -1,2,2021,3.0,1,2,0,1,1,2,1,,4,LESAULT,0,,1,1,0,1,0,0,1,, -1,1,0,8,30,20,3,1,93,93055,2,1,0,6,LESAULT,48.890221234,2.408739934,16,2,1
202100030677,146Â 920,A01,1,1,2,5,8,0,-1,-1, -1,-1,2021,27.0,2,2,4,0,1,26,1,,2,RN 104,0,,1,3,0,2,40,500,3,, -1,1,0,1,70,5,7,3,91,91521,1,1,0,6,RN 104,48.63224,2.40113,21,1,1
202100033573,141Â 754,B01,1,1,1,1,2,6,-1,-1, -1,-1,2021,17.0,1,1,0,2,7,1,1,,3,ORDRE NATIONAL DU MERITE,0,,1,4,0,1,0,0,2,, -1,1,0,1,50,4,6,1,58,58194,2,6,0,3,ORDRE NATIONAL DU MERITE,46.9928,3.1677,10,2,2
202100023455,159Â 698,B01,1,1,1,1,2,0,-1,0,0,-1,2021,30.0,2,1,1,2,9,1,1,,4,BOULEVARD DE COURCELLES,0,,2,2,0,1,(1),(1),1,, -1,1,0,1,50,19,8,1,75,75117,2,1,0,3,BOULEVARD DE COURCELLES,48.879785,2.30609,9,2,2
202100053078,106Â 849,A01,1,1,1,9,2,6,-1,0,0,-1,2021,26.0,2,1,0,2,1,15,1,,4,AVENUE DE LA PORTE D ASNIERES,0,,2,6,0,1,(1),(1),1,, -1,2,0,1,50,29,1,1,75,75117,2,4,1,3,AVENUE DE LA PORTE D ASNIERES,48.892289,2.301019,12,2,2
202100054168,104Â 924,A01,1,1,2,1,1,-1,-1,0,0,-1,2021,21.0,1,2,0,0,4,23,1,,3,,-1,,2,2,0,1,14,730,1,, -1,1,0,1,50,22,1,1,62,62865,2,1,0,2,25 Rue de la Grande Chapelle,50.330323,2.980379,14,2,2
202100019279,167Â 174,A01,2,2,1,5,1,-1,-1,0,0,-1,2021,26.0,1,2,2,0,1,1,1,,2,1,-1,,3,2,0,1,57,100,2,, -1,1,0,8,60,13,9,1,987,98747,1,1,0,1,PK 57+100 - RT 1,-17.7648,-149.213089,10,2,1
202100035030,139Â 079,A01,1,1,1,3,1,0,-1,-1, -1,-1,2021,20.0,3,2,0,2,3,20,1,,9,SAINT ANTOINE (AVENUE DE),0,,1,1,0,1,0,0,1,, -1,1,9,8,30,11,6,1,13,13215,2,1,0,3,SAINT ANTOINE (AVENUE DE),43.36307,5.34859,17,2,2
202100045701,120Â 052,A01,1,1,1,1,1,-1,-1,0,0,-1,2021,25.0,2,2,16,0,9,1,1,,3,519,0,,2,2,0,1,4,900,1,, -1,1,0,8,70,1,4,5,38,38003,1,1,0,6,Route des Falques,45.32606,4.86575,0,1,1
202100038128,133Â 508,A01,1,1,2,0,1,8,-1,-1, -1,-1,2021,29.0,2,2,0,2,3,26,1,,2,118,0,,3,4,0,1,1,804,1,, -1,1,0,1,90,27,5,1,91,91064,1,1,0,5,RN 118,48.75599,2.22385,14,3,3
202100010235,183Â 417,A01,10,3,2,3,0,-1,-1,1,3,1,2021,71.0,0,2,0,1,4,20,1,,6,,-1,,-1,-1,0,1,(1),(1),1,,3,1,9,1,30,30,10,1,1,1043,2,1,0,6,Route de GenÃ¨ve,45.835669,5.000179,15,2,1
202100010844,182Â 342,A01,10,3,1,2,0,-1,-1,3,3,1,2021,9.0,3,2,0,1,1,26,1,,4,CARPAYE(AVENUE),0,,2,2,0,1,0,0,1,, -1,1,9,1,50,25,10,1,974,97407,2,9,0,1,CARPAYE(AVENUE),-20.94565,55.29838,16,2,1
202100032955,142Â 850,A01,2,2,1,5,8,-1,-1,0,0,-1,2021,58.0,2,2,17,0,2,1,1,,3,19,-1,,2,2,0,1,16,267,1,, -1,2,0,3,50,22,6,3,81,81070,2,1,1,6,1185 Route de Parisot,43.817665,1.75049,22,2,1
202100051011,110Â 488,A01,1,1,1,0,1,8,-1,-1, -1,-1,2021,26.0,1,2,4,0,3,2,1,,2,RN12 INT,0,,3,4,0,1,18,700,1,, -1,2,0,2,90,18,2,3,78,78646,1,1,1,6,RN12 INT,48.782486,2.161168,22,1,1
202100052533,107Â 817,A01,1,1,1,5,1,0,-1,-1, -1,-1,2021,19.0,2,2,8,2,1,1,1,,3,DOURGES (R DE),0,,2,2,0,1,9,400,1,, -1,1,0,1,50,8,1,5,62,62427,2,2,0,3,DOURGES (R DE),50.424527,2.958514,21,3,2
202100050269,111Â 865,A01,2,2,1,9,8,-1,-1,0,0,-1,2021,28.0,1,2,3,0,0,1,1,,1,71,0,A,3,4,0,1,274,750,1,, -1,1,0,3,130,25,2,3,3,3297,1,1,0,6,A71,46.5295913324,2.5628823513,22,2,1
202100002905,196Â 579,B01,1,1,1,4,1,0,-1,0,0,-1,2021,35.0,2,2,0,2,8,1,1,,3,,0,,2,3,0,2,50,515,1,, -1,1,5,1,70,14,12,1,71,71309,1,9,1,3,R.N.80,46.79915,4.38428,12,2,2
202100035308,138Â 593,A01,1,1,1,9,2,0,-1,0,0,-1,2021,52.0,2,1,0,2,8,7,1,,4,AVENUE MARCEAU,0,,2,6,3,1,(1),(1),1,, -1,1,0,6,50,10,6,1,75,75116,2,4,0,3,AVENUE MARCEAU,48.868548,2.298928,14,2,2
202100009922,183Â 957,A01,1,1,1,9,8,0,-1,0,0,-1,2021,57.0,1,1,0,2,4,1,3,,4,BOULEVARD DE LA VILLETTE,0,,1,1,1,1,(1),(1),1,, -1,1,-1,5,30,1,11,1,75,75119,2,4,0,2,BOULEVARD DE LA VILLETTE,48.875178,2.373692,11,2,2
202100001455,199Â 183,A01,1,1,1,0,2,6,-1,-1, -1,-1,2021,19.0,3,1,0,2,0,1,1,,4,LA FAYETTE. RUE,0,,2,2,3,1,0,0,1,, -1,2,0,6,50,24,12,1,76,76540,2,1,0,1,LA FAYETTE. RUE,49.43261,1.08957,9,2,2
202100006226,190Â 678,B01,1,1,2,5,8,0,-1,-1, -1,-1,2021,59.0,3,1,0,2,8,1,5,,3,,0,,2,4,0,1,4,960,1,, -1,2,5,1,50,25,11,5,78,78440,2,6,1,1,BECHEVILLE (RUE DE),48.9874,1.91221,17,2,2
202100012182,179Â 941,B01,10,3,2,0,0,-1,-1,2,9,1,2021,21.0,1,2,0,1,3,1,1,,3,RUE DE PARIS,0,,2,0,0,1,37,754,1,, -1,1,0,1,50,19,10,1,77,77333,2,1,0,6,D607,48.266806,2.689863,12,2,1
202100054652,104Â 102,B01,1,1,2,0,1,-1,-1,0,0,-1,2021,26.0,0,2,0,0,4,16,1,,3,137,0,D,2,2,0,1,19,250,1,, -1,1,6,1,70,18,1,3,60,60134,2,2,0,2,D137,49.3183755697,2.432350109,19,2,2
202100047871,116Â 191,C01,1,1,1,1,1,-1,-1,0,0,-1,2021,49.0,1,2,0,9,1,1,0,,3,23,0,D,2,2,0,1,4,800,3,, -1,1,0,5,70,16,3,1,973,97309,1,1,1,5,D23,4.888478,-52.286291,16,5,3
202100029710,148Â 689,B01,1,1,1,5,2,6,-1,0,0,-1,2021,30.0,1,1,0,2,1,17,1,,3,7,-1,,2,2,1,1,73,0,1,, -1,1,0,1,80,10,7,1,69,69295,1,1,0,3,Route DÃ©partementale 307,45.607628,4.853339,13,5,2
202100027449,152Â 662,B01,2,2,2,0,1,5,-1,0,0,-1,2021,24.0,3,2,0,2,5,19,1,,3,316,0,,2,2,0,1,46,850,1,,5,1,0,1,80,14,7,1,27,27417,1,2,0,3,D316,49.366571,1.565037,16,4,2
202100016326,172Â 458,A01,1,1,1,5,2,6,-1,0,0,-1,2021,56.0,1,1,4,0,7,1,1,,3,218,-1,B,2,2,0,2,28,630,2,, -1,2,0,1,80,25,9,1,73,73114,1,1,0,6,D218B,45.81896,6.529999,17,1,1
202100020618,164Â 772,A01,1,1,1,9,2,6,-1,0,0,-1,2021,37.0,2,1,0,0,0,1,1,,3,81,-1,,2,2,0,2,4,430,2,, -1,1,0,1,-1,6,9,1,63,63096,2,2,0,7,D81,45.748727,3.301188,17,1,1
202100047147,117Â 494,A01,1,1,1,0,8,0,-1,-1, -1,-1,2021,32.0,0,1,0,0,0,26,5,,3,906,0,,2,4,1,1,0,0,1,, -1,1,0,1,50,21,3,1,92,92049,2,3,0,7,BROSSOLETTE AVENUE PIERRE,48.81281,2.30155,11,1,1
202100049793,112Â 742,A01,1,1,2,0,1,-1,-1,0,0,-1,2021,23.0,1,2,4,0,1,13,1,,1,28,-1,,3,4,0,1,162,986,1,, -1,1,0,1,130,28,2,1,61,61497,1,1,0,6,A28 PK163.000 sens 1,48.475884,0.123548,15,1,1
202100018456,168Â 640,A01,1,1,1,5,2,-1,-1,0,0,-1,2021,71.0,2,1,0,0,0,0,5,,3,506,-1,,2,2,0,2,(1),(1),3,, -1,1,0,1,80,18,9,1,202,202299,1,1,0,7,D506,42.426900722,9.4297109799,9,1,1
202100023905,158Â 904,B01,1,1,1,0,2,0,-1,0,0,-1,2021,33.0,1,1,0,2,0,17,1,,4,LYON (AVENUE DE),0,,2,2,0,1,145,0,1,, -1,1,0,1,30,16,8,1,6,6029,2,1,0,1,LYON (AVENUE DE),43.56502,7.01944,8,2,2
202100022964,160Â 578,A01,2,2,1,5,1,-1,-1,0,0,-1,2021,31.0,3,2,14,0,1,1,1,,4,,-1,,-1,2,0,2,(1),(1),2,, -1,2,0,3,80,22,8,1,64,64559,1,1,0,7,Route d Ainharp,43.259612,-0.897725,18,2,1
202100014090,176Â 514,A01,2,2,1,5,1,-1,-1,-1, -1,-1,2021,27.0,1,2,0,2,1,2,1,,1,AUTOROUTE A10,0,,3,6,0,1,542,600,1,, -1,1,0,1,90,10,10,1,33,33249,1,1,0,2,Autoroute A10,44.887147,-0.506138,17,5,2
202100028868,150Â 119,A01,1,1,1,1,1,0,-1,-1, -1,-1,2021,24.0,2,2,3,0,1,2,1,,2,RN 186,0,,1,2,0,1,1,0,1,, -1,1,3,3,90,15,7,1,94,94065,1,9,0,6,RN 186,48.7549,2.345,8,1,1
202100005243,192Â 410,Z01,10,3,1,0,0,-1,-1,2,B,1,2021,29.0,3,0,1,1,0,0,0,,4,LEVEE (RUE DE LA),0,,1,1,0,2,(1),(1),1,, -1,2,0,1,50,27,11,5,86,86194,2,1,1,6,Rue de la LevÃ©e,46.585248,0.33096,23,2,1
202100028939,150Â 000,A01,1,1,1,5,0,-1,-1,0,0,-1,2021,51.0,0,6,12,0,0,1,1,,3,,0,,2,2,0,1,3,700,1,,5,1,0,4,50,16,7,1,60,60065,2,1,0,7,rue de villers,49.356139,2.224023,18,1,1
202100049361,113Â 531,B01,1,1,1,2,2,8,-1,-1, -1,-1,2021,18.0,2,1,0,2,1,1,1,,3,AV CHARLES DE GAULLE,0,,2,2,0,1,79,0,1,, -1,1,0,1,50,3,3,1,91,91432,2,9,0,3,AV CHARLES DE GAULLE,48.705382,2.34468,16,2,2
202100043728,123Â 526,B01,1,1,1,1,1,0,-1,-1, -1,-1,2021,40.0,1,2,0,2,4,1,1,,1,AUTOROUTE A3,0,,3,11,0,2,2,0,1,, -1,1,0,1,70,17,4,4,93,93048,1,1,0,2,AUTOROUTE A3,48.87293,2.43562,0,2,2
202100041249,127Â 870,B01,1,1,1,2,8,0,-1,-1, -1,-1,2021,18.0,1,1,0,2,1,1,5,,4,BERTHELOT                           (AV),0,,2,4,3,1,(1),(1),1,, -1,2,0,6,50,5,5,1,69,69387,2,2,1,3,BERTHELOT                           (AV),45.74172,4.85283,7,2,2
202100051437,109Â 755,B01,2,2,1,0,2,0,-1,-1, -1,-1,2021,18.0,2,1,0,2,3,1,1,,7,RTE DE NARBONNE,0,,2,3,3,1,3,990,1,, -1,2,0,1,50,12,2,5,31,31555,2,1,1,1,76 bis route de Narbonne,43.56792,1.45753,17,6,2
202100054312,104Â 679,A01,10,3,1,3,0,-1,-1,1,3,1,2021,14.0,3,2,0,1,2,26,1,,4,AV DE MORANGIS,0,,2,2,0,1,0,0,1,, -1,1,0,1,50,20,1,1,91,91027,2,1,0,6,AV DE MORANGIS,48.7057,2.36636,13,2,1
202100044776,121Â 677,A01,1,1,1,4,1,-1,-1,-1, -1,-1,2021,34.0,2,5,0,2,4,1,1,,1,A47   1.809 A 5.820,0,,-1,4,0,1,3,799,1,, -1,1,0,1,90,25,3,1,69,69091,1,1,0,2,A47,45.58549,4.75128,6,3,2
202100031551,145Â 362,A01,1,1,1,1,1,-1,-1,-1,0,-1,2021,30.0,1,5,0,2,1,1,1,,1,AUTOROUTE A15,0,,3,9,0,1,15,500,1,, -1,2,0,1,90,29,6,3,95,95306,1,1,1,2,A15,48.99879,2.17719,23,2,2
202100056012,101Â 763,A01,1,1,1,0,2,6,-1,-1, -1,-1,2021,34.0,2,1,0,2,8,3,1,,1,AUTOROUTE A6,0,,3,6,0,1,22,299,1,, -1,2,0,1,110,7,1,3,91,91286,1,1,1,3,AUTOROUTE A6,48.6484,2.3875,8,2,2
202100024008,158Â 727,A01,1,1,2,1,1,0,-1,-1, -1,-1,2021,57.0,2,2,15,0,1,15,1,,3,PARIS (AVENUE DE),0,,-1,2,0,2,1,0,1,, -1,1,0,4,50,15,8,2,59,59122,2,2,0,6,PARIS (AVENUE DE),50.16102,3.22594,21,1,1
202100054234,104Â 809,A01,1,1,1,1,2,0,-1,0,0,-1,2021,49.0,3,1,0,2,8,19,3,,4,ROUTE DE SURESNES,0,,2,4,0,1,(1),(1),1,, -1,1,0,1,50,20,1,1,75,75116,2,2,0,3,ROUTE DE SURESNES,48.865031,2.234451,13,2,2
202100026814,153Â 793,A01,1,1,1,3,2,6,-1,-1, -1,-1,2021,36.0,2,1,0,2,1,1,1,,4,KRAFFT (RUE HUGUES),0,,2,2,0,1,(1),(1),1,, -1,2,0,1,50,27,7,1,51,51454,2,2,1,3,Rue Hugues Krafft,49.27526,4.02034,14,2,2
202100049202,113Â 812,B01,1,1,1,1,2,-1,-1,-1, -1,-1,2021,28.0,2,1,0,2,4,1,1,,1,ROCADE A 630,0,,3,4,0,1,10,539,1,, -1,1,0,1,70,4,3,1,33,33162,1,1,0,2,ROCADE A 630,44.879817,-0.627157,8,2,2
202100009039,185Â 552,C01,1,1,1,0,2,6,-1,-1, -1,-1,2021,53.0,1,1,0,2,8,1,1,,1,A51-Sens Marseille vers Aix en Provence,0,,1,4,3,1,15,199,1,, -1,1,3,1,90,5,11,3,13,13001,1,1,0,5,A51-Sens Marseille vers Aix en Provence,43.51148,5.42164,17,3,3
202100008689,186Â 204,B01,1,1,1,0,8,0,-1,-1, -1,-1,2021,31.0,2,1,0,2,1,1,5,,4,THOMAS (AVENUE ALBERT),0,,2,2,0,1,0,0,1,, -1,1,0,1,50,5,11,1,87,87085,2,1,0,3,THOMAS (AVENUE ALBERT),45.83648,1.26247,14,2,2
202100008790,186Â 034,A01,9,2,1,5,0,-1,-1,0,0,-1,2021,19.0,1,2,13,0,2,1,1,,3,1215,-1,,3,2,0,1,38,600,1,, -1,1,0,1,110,10,11,1,33,33424,1,1,0,6,,45.112616,-0.807158,13,3,1
202100048784,114Â 567,A01,10,3,2,5,0,-1,-1,3,5,1,2021,38.0,1,1,0,1,1,1,1,,4,RUE DE LISBONNE,0,,2,2,0,1,(1),(1),1,, -1,1,0,1,50,8,3,1,75,75108,2,2,0,6,RUE DE LISBONNE,48.877435,2.308189,9,2,1
202100025794,155Â 586,B01,1,1,1,5,2,6,-1,0,0,-1,2021,60.0,0,1,0,2,7,0,1,,7,D35,-1,,2,2,0,1,(1),(1),1,, -1,1,0,1,50,27,7,1,13,13078,2,2,0,3,Avenue du Port,43.388772,4.802662,18,2,2
202100050554,111Â 324,B01,1,1,2,2,2,8,-1,-1, -1,-1,2021,15.0,1,1,0,2,7,1,1,,4,BASSIN PLAT(CHEMIN),0,,2,2,0,1,(1),(1),1,, -1,1,5,1,30,22,2,1,974,97416,2,6,0,3,BASSIN PLAT(CHEMIN),-21.3260534549,55.4918335357,7,2,2
202100024593,157Â 700,B01,4,2,2,4,1,0,-1,-1, -1,-1,2021,28.0,1,5,0,2,2,9,1,,4,VANTEAUX (BOULEVARD DE),0,,4,5,0,1,0,0,1,, -1,1,0,1,50,10,8,5,87,87085,2,3,0,3,VANTEAUX (BOULEVARD DE),45.8209,1.23037,4,4,2
202100028900,150Â 066,A01,1,1,1,3,0,-1,-1,0,0,-1,2021,48.0,1,2,2,0,1,1,1,,7,1,0,,2,2,0,1,33,124,1,,"5,5",1,0,3,50,16,7,1,31,31351,2,1,0,6,dÃ©partmentale 1,43.663727,1.30122,15,1,1
202100017154,170Â 979,A01,1,1,1,5,1,-1,-1,0,0,-1,2021,74.0,1,2,13,0,2,1,1,,3,258,0,,2,2,0,4,(1),(1),2,, -1,1,0,3,50,25,9,3,14,14248,2,1,0,6,Rue des Longs Bosquets,49.001358,-0.418516,22,1,1
202100037573,134Â 501,B01,4,2,1,5,1,0,-1,-1, -1,-1,2021,3.0,0,2,0,2,6,1,1,,4,CPAM (RUE LAZARE CARNOT),0,,1,2,0,1,(1),(1),1,, -1,1,0,1,50,29,5,1,76,76575,2,2,0,3,CPAM (RUE LAZARE CARNOT),49.38103,1.10745,21,5,2
202100045978,119Â 568,A01,1,1,1,1,8,0,-1,0,0,-1,2021,59.0,1,1,0,2,3,15,5,,4,RUE DU FAUBOURG SAINT JACQUES,0,,2,5,0,1,(1),(1),1,, -1,1,0,1,50,29,3,1,75,75114,2,7,0,3,RUE DU FAUBOURG SAINT JACQUES,48.833572,2.336321,17,2,2
202100040797,128Â 692,A01,1,1,1,9,2,6,9,0,0,-1,2021,28.0,2,1,15,0,1,15,1,,3,622,-1,,2,2,0,2,30,650,2,, -1,1,0,3,70,9,5,3,81,81031,1,1,0,7,Lieu-dit Amiguet,43.62626,2.476516,1,1,1
202100055193,103Â 160,B01,1,1,1,0,2,0,-1,-1, -1,-1,2021,23.0,1,1,0,2,1,17,1,,4,RAYMOND TEISSERE (RUE),0,,2,2,0,1,(1),(1),1,, -1,1,0,1,50,12,1,5,13,13208,2,1,0,3,RAYMOND TEISSERE (RUE),43.273119,5.399078,18,2,2
202100054024,105Â 177,A01,1,1,1,5,2,0,-1,-1, -1,-1,2021,30.0,2,1,12,0,7,26,1,,4,BRASSENS (AVENUE GEORGES),0,,2,2,0,2,0,0,2,, -1,1,0,1,50,22,1,5,974,97411,2,1,0,7,BRASSENS (AVENUE GEORGES),-20.90112,55.48767,23,1,1
202100016520,172Â 098,A01,10,3,2,9,0,-1,-1,2,3,1,2021,35.0,3,1,0,1,1,21,1,,4,passamanty-Mnadzi moja (rue ),0,,2,2,0,1,0,0,1,, -1,1,9,1,50,24,9,1,976,97611,2,1,0,6,passamanty-Mnadzi moja (rue ),-12.80099,45.20831,6,2,1
202100028714,150Â 393,A01,1,1,1,5,2,-1,-1,0,0,-1,2021,51.0,1,1,0,2,2,17,1,,3,137,0,,3,4,0,1,68,250,1,, -1,1,0,1,110,16,7,1,35,35317,1,1,0,3,D137,48.271487,-1.784225,16,2,2
202100027533,152Â 513,A01,10,3,1,1,0,-1,-1,4,3,1,2021,24.0,1,5,0,1,1,0,1,,4,ECRITURE,0,,2,2,0,1,1,0,1,, -1,1,0,1,30,21,7,1,49,49007,2,3,0,6,ECRITURE,47.48721,-0.52572,15,2,1
202100003304,195Â 863,A01,1,1,1,5,1,-1,-1,0,0,-1,2021,27.0,1,2,0,2,1,1,1,,3,116,-1,,2,2,0,4,(1),(1),1,, -1,1,0,1,80,13,12,1,971,97125,1,2,0,3,carrefour D116 / D102,16.267548,-61.320003,11,5,2
202100030627,147Â 012,A01,1,1,1,9,0,-1,-1,0,0,-1,2021,66.0,2,4,2,0,1,1,1,,3,155,0,D,2,2,0,1,8,512,3,, -1,1,0,1,90,6,7,1,81,81062,1,1,0,6,Lieu Dit la Font frÃ¨ge,43.680842,2.475652,16,1,1
202100054666,104Â 067,B01,2,2,2,0,1,0,-1,-1, -1,-1,2021,73.0,2,2,0,2,4,2,1,,3,BRETELLE SORTIE ROCADE,0,,3,4,0,2,0,100,2,, -1,1,2,1,60,16,1,1,972,97209,1,1,0,2,BRETELLE SORTIE ROCADE,14.61503,-61.05325,11,3,2
202100002914,196Â 563,A01,1,1,2,0,1,0,-1,0,0,-1,2021,52.0,1,2,0,2,1,2,1,,7,CLEMENTEL (BD ETIENNE),0,,3,4,0,1,(1),(1),1,, -1,1,0,1,50,13,12,5,63,63113,2,3,0,2,CLEMENTEL (BD ETIENNE),45.80644,3.10934,18,2,2
202100041568,127Â 300,A01,1,1,1,0,2,8,-1,-1, -1,-1,2021,46.0,3,1,0,2,2,0,1,,3,FRANCE ANATOLE (BOULEVARD) NR AUTRES,0,,2,4,1,1,0,1,1,, -1,1,9,1,50,3,5,1,93,93066,2,9,0,5,Boulevard Anatole France,48.926031,2.351232,8,3,3
202100022646,161Â 140,A01,1,1,1,5,8,0,-1,-1, -1,-1,2021,46.0,2,2,0,2,4,16,1,,4,LYON (RUE DE),0,,2,2,0,1,0,0,1,, -1,1,0,1,50,24,8,1,13,13215,2,1,0,2,LYON (RUE DE),43.332766513,5.3643395033,16,2,2
202100019217,167Â 280,B01,1,1,2,0,8,0,-1,-1, -1,-1,2021,47.0,2,1,0,2,1,0,5,,2,GENERAL LECLERC (AV),0,,2,4,0,2,1,0,1,, -1,1,0,1,50,13,9,1,94,94004,2,1,0,6,GENERAL LECLERC (AV),48.74936,2.50842,7,2,2
202100048151,115Â 678,B01,1,1,1,5,2,6,-1,0,0,-1,2021,41.0,2,1,0,0,0,21,1,,4,RUE RAYMOND LOSSERAND,0,,1,1,0,1,(1),(1),1,, -1,2,0,1,30,13,3,1,75,75114,2,2,0,7,RUE RAYMOND LOSSERAND,48.832945,2.316251,13,1,1
202100056102,101Â 602,A01,10,3,1,3,0,-1,-1,2,3,1,2021,84.0,1,2,0,1,1,1,1,,3,671,-1,,2,2,0,1,34,600,1,, -1,2,0,1,50,7,1,2,10,10358,2,1,1,6,6 Boulevard Daniel Traini,48.171384,4.215531,8,2,1
202100055448,102Â 743,A01,2,2,2,0,8,0,-1,-1, -1,-1,2021,57.0,1,2,0,2,1,0,1,,3,REPUBLIQUE (AVENUE DE LA),0,,2,2,0,1,0,100,1,, -1,1,0,1,30,10,1,1,91,91421,2,1,0,1,REPUBLIQUE (AVENUE DE LA),48.70746,2.45458,11,3,2
202100054610,104Â 170,A01,10,3,1,0,0,-1,-1,2,3,1,2021,18.0,1,2,0,1,2,26,1,,3,GENERAL GALLIENI (RUE DU),0,,2,2,0,2,0,0,1,, -1,1,0,1,50,17,1,1,94,94079,2,1,0,3,GENERAL GALLIENI (RUE DU),48.824,2.541,13,2,1
202100000979,200Â 005,B01,1,1,1,0,2,0,-1,0,0,-1,2021,46.0,0,1,0,2,1,1,0,,4,JEAN CATELAS (RUE),0,,2,2,0,1,(1),(1),1,, -1,2,0,1,50,27,12,1,80,80724,2,1,0,3,JEAN CATELAS (RUE),49.86092,2.23988,16,2,2
202100023650,159Â 349,A01,1,1,1,1,1,-1,-1,0,0,-1,2021,19.0,1,2,0,2,2,13,1,,3,43,0,,2,2,0,1,0,0,1,, -1,2,0,1,50,19,8,5,8,8125,2,1,0,1,42 route nationale,49.811831,4.611525,5,2,2
202100012206,179Â 897,A01,1,1,1,1,2,8,-1,-1, -1,-1,2021,61.0,2,1,0,2,5,3,1,,4,RICHELANDIERE (DE LA) JUSQU'AUX NÃ¸ 87-88,0,,1,2,0,2,(1),(1),2,, -1,1,0,1,50,9,10,1,42,42218,2,1,0,4,Rue de la RichelandiÃ¨re,45.4369877042,4.4076594942,18,3,3
202100046633,118Â 410,A01,1,1,1,4,2,6,-1,0,0,-1,2021,28.0,1,1,0,2,7,18,1,,4,RUE BELGRAND,0,,2,4,0,1,(1),(1),1,, -1,1,0,1,50,25,3,5,75,75120,2,2,0,3,RUE BELGRAND,48.864683,2.404154,20,2,2
202100036854,135Â 821,A01,10,3,2,9,0,-1,-1,3,3,1,2021,29.0,2,2,0,1,2,26,1,,4,SAINT JUST (R),0,,2,2,0,1,0,0,1,, -1,1,0,1,50,1,6,1,94,94041,2,3,0,6,SAINT JUST (R),48.81224,2.39182,8,2,1
202100021716,162Â 821,B01,1,1,1,0,2,-1,-1,0,0,-1,2021,60.0,2,1,0,2,1,1,1,,3,1,0,,2,2,0,3,(1),(1),1,,5,1,0,1,70,31,8,1,976,97617,1,1,0,1,Route de Soulou,-12.789361,45.111852,15,2,2
202100000821,200Â 254,A01,10,3,1,5,0,-1,-1,4,3,2,2021,14.0,2,2,0,1,1,15,1,,4,STOESSEL (BOULEVARD CHARLES),0,,2,4,0,1,(1),(1),1,, -1,1,0,1,50,20,12,5,68,68224,2,1,0,6,STOESSEL (BOULEVARD CHARLES),47.74319,7.32499,18,4,1