Num_Acc,id_vehicule,num_veh,place,catu,sexe,trajet,secu1,secu2,secu3,locp,actp,etatp,year_acc,victim_age,senc,catv,obs,obsm,choc,manv,motor,occutc,catr,voie,v1,v2,circ,nbv,vosp,prof,pr,pr1,plan,lartpc,larrout,surf,infra,situ,vma,jour,mois,lum,dep,com,agg_,int,atm,col,adr,lat,long,hour,nb_victim,nb_vehicules
202100018968,167Â 733,A01,1,1,1,5,2,6,-1,0,0,-1,2021,16.0,0,1,0,0,1,13,1,,4,NATIONALE 13 (ROUTE),0,,2,2,0,1,(1),(1),2,, -1,2,0,1,50,14,9,1,27,27684,2,6,1,6,NATIONALE 13 (ROUTE),49.014,1.18705,8,1,1
202100033083,142Â 608,B01,1,1,1,4,2,0,-1,0,0,-1,2021,62.0,2,0,0,2,1,1,3,,4,BOULEVARD DIDEROT,0,,1,4,1,1,(1),(1),1,, -1,1,0,5,30,21,6,1,75,75112,2,4,0,3,BOULEVARD DIDEROT,48.846104,2.376013,14,2,2
202100055783,102Â 154,B01,1,1,2,1,2,8,-1,-1, -1,-1,2021,54.0,0,1,0,2,5,1,1,,4,GENERAL MANGIN,0,,2,2,0,1,0,0,1,, -1,1,9,1,30,5,1,1,55,55545,2,6,0,3,MARECHAL DE LATTRE DE TASSIGNY  ( RP ),49.161,5.39,9,2,2
202100004355,193Â 972,B01,1,1,1,0,1,-1,-1,0,0,-1,2021,30.0,2,2,0,2,1,1,1,,3,D83,0,,2,2,0,2,14,(1),1,, -1,2,0,1,80,7,12,3,54,54186,1,1,1,5,D83,48.73858,6.22382,18,3,3
202100026374,154Â 552,B01,1,1,2,5,0,-1,-1,0,0,-1,2021,17.0,1,1,0,2,5,1,5,,3,13,0,D,2,2,0,1,9,30,1,, -1,1,0,1,80,30,7,3,39,39299,1,1,0,2,,46.94634,5.355685,21,2,2
202100026736,153Â 930,A01,1,1,1,0,2,6,-1,0,0,-1,2021,63.0,2,1,16,0,7,1,1,,3,116,-1,,2,2,0,1,1,230,1,, -1,1,0,1,50,28,7,1,30,30261,2,1,0,7,Route de VÃ©zÃ¨nobres,44.068871,4.201359,16,1,1
202100004327,194Â 024,A01,1,1,1,1,0,-1,-1,0,0,-1,2021,20.0,3,1,10,0,2,1,3,,4,,-1,,2,2,0,1,(1),(1),1,,4,1,0,8,50,4,12,1,66,66003,2,1,0,6,Avenue du Vieux Pont,42.477889,2.672639,8,1,1
202100054016,105Â 196,C01,1,1,1,5,1,0,-1,-1, -1,-1,2021,36.0,1,2,0,2,1,1,1,,1,AUTOROUTE A6,0,,-1,3,0,1,17,500,1,, -1,1,0,1,110,23,1,3,91,91589,1,1,0,5,AUTOROUTE A6,48.677005,2.338642,5,4,3
202100048383,115Â 274,B01,1,1,1,2,8,-1,-1,0,0,-1,2021,12.0,0,1,0,2,1,25,5,,4,EDOUARD LUCAS (RUE),0,,2,2,0,1,(1),(1),1,, -1,1,0,1,30,10,3,1,80,80021,2,1,0,3,EDOUARD LUCAS (RUE),49.89988,2.26863,11,2,2
202100034876,139Â 374,A01,10,3,2,5,0,-1,-1,6,1,3,2021,55.0,1,5,0,1,2,1,1,,4,,-1,,2,2,0,1,(1),(1),1,,4,1,0,1,50,12,6,5,33,33229,2,1,0,6,Chemin du Breton,44.708705,-1.043862,22,5,1
202100033027,142Â 705,B01,1,1,1,5,2,6,-1,-1, -1,-1,2021,19.0,1,1,8,0,4,23,1,,2,VERSAILLES (ROUTE DE),0,,2,4,0,2,25,103,1,, -1,2,0,1,70,22,6,5,78,78350,2,3,0,2,VERSAILLES (ROUTE DE),48.86236,2.11068,1,2,2
202100050595,111Â 249,A01,10,3,2,0,0,-1,-1,2,3,1,2021,23.0,0,2,0,1,6,20,0,,4,TOURNELLES (R DES),0,,1,1,0,1,1,0,1,, -1,1,0,1,50,22,2,1,94,94038,2,1,0,6,TOURNELLES (R DES),48.77649,2.33769,15,2,1
202100050314,111Â 767,A01,1,1,1,0,1,-1,-1,0,0,-1,2021,20.0,0,2,0,2,4,1,1,,3,CD 4935,0,,2,2,0,1,(1),(1),1,, -1,1,0,1,80,20,2,1,80,80131,1,1,0,4,CD 4935,49.86396,2.34978,9,3,3
202100017170,170Â 942,A01,1,1,1,4,2,6,9,0,0,-1,2021,39.0,3,1,0,0,2,1,1,,3,134,-1,,2,2,0,1,(1),(1),1,, -1,1,0,8,80,23,9,1,28,28102,1,1,1,7,D134,48.540915,1.392099,15,1,1
202100031439,145Â 547,B01,1,1,2,1,2,0,-1,-1, -1,-1,2021,38.0,1,1,1,0,0,0,5,,4,PARIS AVENUE DE NÂ°2 A82,0,,1,0,0,2,0,0,1,, -1,1,0,1,50,1,7,1,92,92020,2,1,0,7,PARIS AVENUE DE NÂ°2 A82,48.80568,2.29155,16,2,2
202100007435,188Â 459,A01,10,3,2,9,0,-1,-1,2,3,1,2021,48.0,2,1,0,1,1,3,1,,4,RUE DES PYRENEES,0,,2,2,0,2,(1),(1),1,, -1,1,0,1,30,18,11,1,75,75120,2,1,0,6,RUE DES PYRENEES,48.862782,2.399938,15,2,1
202100018984,167Â 698,A01,1,1,1,9,2,0,-1,0,0,-1,2021,20.0,1,1,0,2,1,13,1,,4,RUE D AVRON,0,,2,2,0,1,(1),(1),1,, -1,2,0,1,30,14,9,1,75,75120,2,2,1,1,RUE D AVRON,48.85279,2.406636,9,2,2
202100055840,102Â 061,A01,2,2,1,4,2,6,-1,-1, -1,-1,2021,22.0,2,1,0,2,3,1,3,,2,AV DU GENERAL LECLERC,0,,3,4,0,2,0,0,2,, -1,2,3,1,50,8,1,1,94,94004,2,1,0,3,GENERAL LECLERC (AV DU),48.7527008057,2.5065498352,13,3,2
202100011956,180Â 351,A01,2,2,1,5,0,-1,-1,-1, -1,-1,2021,19.0,2,2,15,0,0,1,1,,3,,-1,,2,2,-1,1,3,240,1,, -1,2,0,3,-1,4,6,1,48,48095,1,1,1,6,,44.508754,3.515973,17,3,1
202100014467,175Â 843,B01,1,1,1,5,2,6,-1,0,0,-1,2021,16.0,1,1,0,2,1,1,1,,3,2,-1,,2,2,0,1,(1),(1),1,, -1,1,0,1,50,8,10,1,59,59094,2,3,1,3,124 Rue de Bergues,50.9490638042,2.2126078606,17,2,2
202100039520,130Â 961,B01,8,2,1,4,0,-1,-1,0,0,-1,2021,40.0,1,5,0,0,4,24,1,,1,6,0,,3,4,0,1,88,650,1,, -1,2,0,2,130,19,5,1,77,77168,1,1,1,2,Autoroute A6 point kilomÃ©trique 88+650 vers lyon,48.169635,2.8638481,10,2,2
202100004193,194Â 261,A01,1,1,1,0,1,8,-1,-1, -1,-1,2021,86.0,2,2,3,0,3,11,1,,1,A51-Sens Aix en Provence vers Marseille,0,,1,3,0,1,16,500,1,, -1,2,0,1,90,8,12,2,13,13001,1,1,1,3,A51-Sens Aix en Provence vers Marseille,43.5228,5.42672,7,2,2
202100046843,118Â 051,A01,2,2,1,0,2,-1,-1,0,0,-1,2021,51.0,2,1,0,2,7,1,1,,3,910,-1,,2,2,0,2,67,220,1,, -1,1,0,1,50,25,3,1,37,37226,2,6,0,3,avenue du GÃ©nÃ©ral de Gaulle,47.1154704125,0.6187105411,9,3,2
202100051180,110Â 185,B01,1,1,2,5,8,0,-1,-1, -1,-1,2021,23.0,1,2,0,2,4,2,1,,4,JEAN JAURES (AVENUE),0,,2,2,0,1,(1),(1),1,, -1,1,0,1,50,16,2,1,10,10081,2,1,0,4,JEAN JAURES (AVENUE),48.312,4.03618,16,3,3
202100034802,139Â 505,A01,1,1,2,5,1,0,-1,-1, -1,-1,2021,28.0,1,2,0,2,1,1,1,,3,DIX HUIT JUIN 1940 (AVENUE DU),0,,2,3,1,1,0,1,1,, -1,1,0,1,50,12,6,1,93,93031,2,1,0,4,,48.95141,2.30706,16,7,3
202100010851,182Â 330,A01,1,1,1,4,2,0,-1,-1, -1,-1,2021,31.0,2,1,0,0,3,15,1,,3,94,0,,1,1,0,1,0,100,1,, -1,1,5,1,50,26,10,4,91,91691,2,6,0,7,RUE DE VILLECRESNES,48.70745,2.4985,21,1,1
202100026959,153Â 521,A01,2,2,2,0,1,0,-1,-1, -1,-1,2021,12.0,2,2,0,2,4,26,1,,3,POMPADOUR(ROUTE DE LA),0,,1,1,0,1,1,0,1,, -1,1,0,1,50,21,7,5,94,94028,2,1,0,2,Route de la Pompadour,48.77326,2.43525,23,4,2
202100029202,149Â 556,A01,1,1,1,1,1,-1,-1,0,0,-1,2021,20.0,2,2,0,2,7,13,1,,3,901,0,,2,1,0,1,22,890,3,, -1,2,0,1,90,14,7,1,12,12171,1,1,1,3,D901,44.491177,2.444852,9,3,2
202100004743,193Â 302,B01,1,1,1,1,8,0,-1,-1, -1,-1,2021,33.0,1,1,0,2,4,1,3,,4,AMERIQUE (CHAUSSEE D'),0,,3,4,0,1,0,0,1,, -1,2,0,1,50,1,12,5,57,57672,2,1,1,2,AMERIQUE (CHAUSSEE D'),49.37053,6.16217,6,2,2
202100050618,111Â 213,A01,10,3,1,5,0,-1,-1,3,3,1,2021,14.0,1,2,0,1,1,19,1,,3,50,-1,,2,2,0,1,3,300,1,, -1,1,0,1,50,22,2,1,51,51254,2,1,0,7,Route du Champagne,48.628519383,3.6873284751,16,2,1
202100027945,151Â 752,A01,1,1,1,1,2,6,-1,-1, -1,-1,2021,49.0,2,1,0,2,2,1,1,,4,RUE MIREILLE,0,,1,2,0,1,0,0,1,, -1,1,0,1,50,19,7,1,13,13004,2,9,0,3,RUE MIREILLE,43.67646,4.6375,6,2,2
202100043686,123Â 593,A01,1,1,1,0,2,6,-1,0,0,-1,2021,54.0,0,1,0,0,0,1,1,,3,2566,0,A,2,2,0,1,3,588,3,, -1,1,0,1,80,17,4,1,6,6136,1,1,0,7,Route Departemental 2566A,43.857663,7.448121,16,1,1
202100014722,175Â 400,B01,1,1,1,9,1,8,-1,-1, -1,-1,2021,77.0,1,2,0,2,4,2,1,,1,A507 sens Marseille - Aubagne,0,,1,3,0,1,7,530,1,, -1,1,1,1,70,6,10,2,13,13055,1,1,0,4,A507 sens Marseille - Aubagne,43.298,5.4251,18,4,3
202100049460,113Â 354,A01,1,1,2,5,1,0,-1,0,0,-1,2021,25.0,2,2,5,0,3,12,1,,1,Autoroute A 31,0,,3,3,0,2,254,199,3,, -1,1,0,8,90,2,3,1,54,54357,1,1,0,4,Autoroute A 31,48.71077,6.14586,13,3,3
202100050642,111Â 164,B01,1,1,1,5,2,6,-1,0,0,-1,2021,28.0,2,1,15,9,1,1,1,,4,,0,,2,2,0,1,(1),(1),1,, -1,1,0,1,80,20,2,1,26,26038,1,1,0,3,2625 Route des Vignes,45.043016,4.911264,15,2,2
202100013799,177Â 032,B01,1,1,2,1,1,4,-1,-1,0,-1,2021,44.0,2,2,3,2,3,1,1,,1,AUTOROUTE A15,0,,3,8,0,1,21,500,1,, -1,1,0,1,90,11,10,1,95,95572,1,1,0,2,A15,49.031956,2.114932,9,2,2
202100012904,178Â 665,B01,1,1,2,5,2,6,-1,-1, -1,-1,2021,28.0,2,1,0,2,2,11,0,,3,GENERAL LECLERC (AV.) (135 A FIN - 134 A,0,,3,2,1,1,0,0,1,, -1,1,8,1,50,16,10,1,92,92071,2,1,0,2,GENERAL LECLERC (AV.) (135 A FIN - 134 A,48.7718879137,2.3122457644,12,4,2
202100052675,107Â 575,A01,1,1,2,5,8,0,-1,-1, -1,-1,2021,31.0,3,1,0,2,1,1,5,,7,AVENUE GABRIEL PÃRI,0,,3,5,0,1,0,750,1,, -1,1,5,1,50,3,2,2,38,38421,2,2,0,6,Avenue Gabriel PÃ©ri,45.18443,5.76825,17,2,2
202100028734,150Â 365,B01,1,1,2,5,1,-1,-1,0,0,-1,2021,25.0,2,2,0,0,8,1,1,,3,419,0,,2,2,0,1,16,577,1,, -1,1,0,1,80,16,7,1,68,68062,1,1,0,3,D419,47.629219,7.210228,20,2,2
202100044356,122Â 387,A01,1,1,1,5,2,0,-1,0,0,-1,2021,17.0,2,1,0,2,2,1,1,,3,ROSSINI PASCAL BD,0,,2,2,0,1,9,0,1,, -1,1,0,1,50,11,4,1,201,201004,2,1,0,2,ROSSINI PASCAL BD,41.9096587736,8.7204845858,17,2,2
202100033719,141Â 492,A01,1,1,1,5,2,6,-1,0,0,-1,2021,16.0,1,1,0,0,0,14,1,,4,43,-1,,2,2,0,4,(1),(1),2,, -1,2,0,3,80,18,6,3,72,72059,1,1,1,7,Lieu Dit le Chatain,47.940159,-0.120796,21,1,1
202100038390,133Â 015,A01,1,1,1,5,2,6,-1,0,0,-1,2021,58.0,1,1,0,2,3,3,1,,4,PORTE DOREE,0,,1,4,0,1,33,100,1,, -1,1,0,1,70,25,5,1,75,75112,2,1,0,3,PORTE DOREE,48.835917,2.412257,9,2,2
202100047394,117Â 055,A01,1,1,1,4,2,6,-1,0,0,-1,2021,31.0,3,1,0,2,7,3,1,,4,QUAI DE BERCY,0,,1,3,0,1,(1),(1),1,, -1,1,0,1,70,19,3,1,75,75112,2,1,0,3,QUAI DE BERCY,48.8312474507,2.3852190826,13,2,2
202100035757,137Â 793,B01,1,1,1,9,2,0,-1,0,0,-1,2021,42.0,3,1,0,2,3,1,1,,4,RUE ESCOFFIER,0,,-1,2,0,1,(1),(1),3,, -1,1,0,1,50,8,6,1,75,75112,2,1,0,3,RUE ESCOFFIER,48.826728,2.392271,13,2,2
202100056343,101Â 186,A01,1,1,1,5,1,8,-1,-1, -1,-1,2021,23.0,1,2,0,2,1,1,1,,4,MICHELET (BOULEVARD),0,,2,6,3,1,2,900,1,, -1,2,0,1,50,3,1,5,13,13209,2,1,1,2,MICHELET (BOULEVARD),43.260924,5.397867,1,2,2
202100013125,178Â 286,A01,1,1,1,0,2,0,-1,-1, -1,-1,2021,54.0,3,1,0,0,1,21,1,,9,CHAPIT RE ( RUE DU),0,,1,2,0,1,0,0,1,, -1,1,9,8,50,15,10,1,93,93073,1,9,0,6,CHAPIT RE ( RUE DU),49.0,2.54,14,1,1
202100044545,122Â 095,A01,1,1,1,5,8,0,-1,-1, -1,-1,2021,22.0,2,1,0,2,3,13,5,,3,SAINT-MICHEL (RUE),0,,2,2,0,2,0,585,1,, -1,1,0,1,50,9,4,1,88,88160,2,1,0,3,SAINT-MICHEL (RUE),48.1775,6.45669,18,2,2
202100036876,135Â 781,C01,1,1,2,5,1,-1,-1,0,0,-1,2021,22.0,1,2,6,0,3,1,1,,3,562,0,,2,2,0,2,22,100,1,, -1,1,0,1,90,30,5,1,14,14689,1,1,1,4,D562,48.98911,-0.47165,17,4,3
202100012164,179Â 980,B01,1,1,2,0,8,-1,-1,-1, -1,-1,2021,20.0,1,1,0,2,1,1,3,,4,VITTON                              (CO),0,,1,2,1,1,(1),(1),1,, -1,1,0,5,50,20,10,5,69,69386,2,3,0,3,VITTON                              (CO),45.7700954553,4.8591759967,1,2,2
202100035414,138Â 419,B01,1,1,1,0,2,-1,-1,0,0,-1,2021,59.0,0,1,0,2,2,1,1,,3,70,0,,1,1,0,1,(1),(1),4,, -1,1,0,1,-1,10,6,2,69,69086,1,6,0,3,FRANCE (DE) (RTE),45.847269,4.670434,20,2,2
202100032690,143Â 336,A01,10,3,2,3,0,-1,-1,3,3,1,2021,89.0,1,2,0,1,1,1,1,,4,MAGINOT ( AVENUE) COTE PAIR,0,,2,2,0,1,(1),(1),1,, -1,1,0,1,30,23,6,1,1,1053,2,2,0,6,MAGINOT ( AVENUE) COTE PAIR,46.2087968529,5.2275583148,12,2,1
202100051664,109Â 344,A01,10,3,2,5,0,-1,-1,2,3,2,2021,12.0,0,2,0,1,1,1,1,,4,MONT AUX MALADES. AVENUE DU,0,,2,2,3,1,(1),(1),1,, -1,1,-1,1,50,11,2,1,76,76451,2,1,0,6,Avenue du Mont aux Malades,49.46354,1.07496,16,2,1
202100014268,176Â 194,A01,1,1,1,5,2,6,-1,0,0,-1,2021,29.0,1,1,0,0,7,13,1,,3,5,0,,2,2,0,1,31,0,3,, -1,1,0,3,70,10,10,1,4,4018,1,1,0,6,RD 5 lieu-dit Dauban,44.007686,5.645658,16,1,1
202100055948,101Â 879,A01,1,1,1,5,2,6,-1,-1, -1,-1,2021,45.0,3,1,0,2,1,2,1,,2,PARIS (R DE),0,,3,4,0,1,1,0,1,, -1,2,0,1,50,7,1,1,94,94078,2,1,1,2,PARIS (R DE),48.73781,2.44696,11,2,2
202100048197,115Â 606,B01,1,1,1,5,0,-1,-1,0,0,-1,2021,32.0,0,1,0,2,1,1,1,,4,,-1,,2,2,0,1,(1),(1),1,, -1,1,0,1,50,14,3,5,973,97307,2,1,0,1,Rue des Negociants,4.87875,-52.320135,0,2,2
202100000428,200Â 945,B01,2,2,1,5,1,5,-1,0,0,-1,2021,54.0,0,2,0,2,3,1,1,,4,CITES UNIES (BOULEVARD DES),0,,1,2,0,1,(1),(1),1,, -1,2,0,1,50,12,11,5,27,27229,2,1,1,3,CITES UNIES (BOULEVARD DES),49.01817,1.14276,19,3,2
202100039860,130Â 334,A01,1,1,1,5,2,6,9,0,0,-1,2021,65.0,2,1,0,0,0,1,1,,1,20,-1,A,1,1,0,1,272,445,3,, -1,2,0,1,130,16,5,1,19,19274,1,1,1,7,PK 270.000 A20,45.166509,1.481089,10,1,1
202100044828,121Â 587,A01,1,1,2,3,8,0,-1,-1, -1,-1,2021,21.0,3,1,0,2,4,15,0,,4,BAYONNE (ROUTE DE ),0,,2,1,1,1,(1),(1),1,, -1,1,0,1,50,6,4,1,31,31555,2,6,0,3,BAYONNE (ROUTE DE ),43.608414,1.377958,17,2,2
202100044557,122Â 072,B01,1,1,1,1,2,6,-1,-1, -1,-1,2021,36.0,1,1,0,2,8,1,1,,7,GENAS (DE)                          (RO),0,,2,2,3,1,1,200,1,, -1,1,0,1,50,9,4,1,69,69029,2,3,1,3,GENAS (DE) (RTE),45.7478,4.92178,8,2,2
202100001763,198Â 639,A01,10,3,1,4,0,-1,-1,1,3,2,2021,50.0,1,2,0,1,4,26,2,,3,906,0,,3,4,0,1,0,0,1,, -1,1,0,1,50,22,12,1,92,92023,2,1,0,6,GENERAL DE GAULLE (AVENUE DU),48.7796884637,2.237367332,10,3,1
202100004274,194Â 117,A01,10,3,1,1,0,-1,-1,6,9,1,2021,23.0,2,2,0,1,1,1,1,,3,PERCHES RUE DES,0,,2,2,0,1,49,983,1,, -1,2,0,1,80,6,12,3,17,17415,1,1,0,6,PERCHES RUE DES,45.71058,-0.65362,19,2,1
202100024714,157Â 469,A01,10,3,2,0,0,-1,-1,2,3,1,2021,56.0,2,2,0,1,2,1,1,,4,ISAMBERT (RUE),0,,1,1,0,1,0,0,1,, -1,1,0,1,50,10,8,1,972,97209,2,1,0,6,ISAMBERT (RUE),14.604165,-61.072049,10,2,1
202100028962,149Â 957,A01,1,1,1,0,2,6,-1,-1, -1,-1,2021,42.0,1,1,0,0,0,1,1,,4,PERRACHE                            (QU),0,,2,2,1,1,(1),(1),1,, -1,1,0,1,50,14,7,5,69,69382,2,1,0,7,PERRACHE (Q),45.74585,4.82804,22,1,1
202100034756,139Â 585,A01,1,1,1,0,2,-1,-1,-1, -1,-1,2021,18.0,2,1,0,2,7,19,1,,4,RUE RONSARD,0,,1,1,0,1,(1),(1),1,, -1,1,0,1,30,12,6,1,33,33522,2,7,0,3,RUE REMI BELLEAU,44.79555,-0.6014,14,2,2
202100007286,188Â 724,B01,1,1,2,5,1,7,-1,0,0,-1,2021,73.0,3,2,0,2,1,1,1,,4,NORMANDIE (BOULEVARD DE),0,,3,2,0,1,(1),(1),3,, -1,1,0,1,50,18,11,3,27,27229,2,1,0,2,NORMANDIE (BOULEVARD DE),49.0187,1.14138,17,2,2
202100038144,133Â 469,B01,1,1,1,5,2,6,-1,-1, -1,-1,2021,34.0,2,1,0,2,1,2,1,,4,COMMUNE DE PARIS (AVENUE),0,,3,1,0,1,0,0,1,, -1,1,0,1,50,25,5,5,974,97407,2,1,0,3,COMMUNE DE PARIS (AVENUE),-20.93873,55.29095,19,2,2
202100038677,132Â 502,A01,1,1,2,5,1,-1,-1,0,0,-1,2021,46.0,2,2,0,0,0,17,1,,3,53,-1,,2,2,0,1,10,350,1,, -1,1,0,8,80,23,5,1,51,51432,1,1,0,7,D53,48.692773,3.844185,19,3,1
202100033756,141Â 432,A01,4,2,1,0,3,-1,-1,-1, -1,-1,2021,4.0,2,2,4,0,1,14,1,,1,AUTOROUTE A 10,0,,3,6,0,1,541,500,1,, -1,1,0,1,110,16,6,1,33,33397,1,1,0,6,AUTOROUTE A 10,44.89557,-0.496924,17,3,1
202100014776,175Â 303,B01,1,1,1,5,2,6,-1,-1, -1,-1,2021,33.0,1,1,0,2,1,17,1,,4,MOURETS (AVENUE DES),0,,2,2,0,1,(1),(1),1,, -1,1,9,1,30,6,10,1,82,82121,2,3,0,3,MOURETS (AVENUE DES),44.02028,1.37453,17,2,2
202100011375,181Â 391,B01,2,2,2,0,1,0,-1,-1, -1,-1,2021,18.0,1,2,0,2,1,21,1,,4,NECHIN (RUE DE),0,,2,1,0,1,(1),(1),1,, -1,2,0,1,50,23,10,5,59,59598,2,1,0,1,NECHIN (RUE DE),50.6614,3.23562,2,4,2
202100043822,123Â 350,A01,1,1,1,1,2,6,9,0,0,-1,2021,17.0,2,1,0,2,1,17,1,,3,980,0,D,2,2,0,4,28,400,1,, -1,1,5,1,50,17,4,1,51,51422,2,2,0,3,Route de Dormans,49.217699,3.927189,18,3,2
202100037595,134Â 460,A01,1,1,2,0,1,-1,-1,-1, -1,-1,2021,28.0,1,2,13,0,1,1,1,,3,RD 256,0,,2,2,0,1,1,0,2,, -1,1,0,1,80,29,5,1,33,33529,1,1,0,7,RD 256,44.57765,-1.12991,12,1,1
202100050929,110Â 641,A01,1,1,2,4,2,0,-1,0,0,-1,2021,28.0,2,1,0,2,2,17,5,,4,RUE BOURSAULT,0,,1,1,0,1,(1),(1),1,, -1,1,0,1,50,19,2,1,75,75117,2,2,0,2,RUE BOURSAULT,48.884474,2.319502,14,2,2
202100030846,146Â 627,A01,10,3,1,5,0,-1,-1,2,1,1,2021,78.0,3,2,0,1,4,26,1,,6,DAUDET (AVENUE ALPHONSE),0,,-1,-1,0,1,0,0,1,, -1,1,0,8,30,29,6,1,30,30028,2,1,0,6,DAUDET (AVENUE ALPHONSE),44.15764,4.61326,15,2,1
202100014634,175Â 557,A01,1,1,1,4,2,0,-1,0,0,-1,2021,19.0,1,1,0,2,5,17,1,,4,BOULEVARD EDGAR QUINET,0,,2,2,0,1,(1),(1),1,, -1,1,0,1,30,6,10,1,75,75114,2,3,1,3,BOULEVARD EDGAR QUINET,48.839455,2.330252,13,2,2
202100040292,129Â 581,A01,1,1,1,0,2,4,-1,-1, -1,-1,2021,51.0,2,1,0,2,1,3,1,,1,86,0,,2,6,0,1,10,800,3,, -1,1,0,1,90,12,5,1,92,92036,1,1,0,5,AUTOROUTE A86,48.9334085389,2.3213132742,19,3,3
202100015546,173Â 895,A01,1,1,1,5,8,0,-1,-1, -1,-1,2021,41.0,3,1,0,2,0,26,5,,4,DE GAULLE ( BOULEVARD DU GENERAL ),0,,3,6,1,1,(1),(1),3,, -1,1,0,1,50,8,9,5,62,62041,2,1,0,1,DE GAULLE ( BOULEVARD DU GENERAL ),50.28463,2.76339,21,2,2
202100013789,177Â 058,A01,1,1,2,4,1,-1,-1,-1, -1,-1,2021,25.0,1,5,0,2,1,2,1,,1,ROCADE A 630,0,,3,6,0,1,24,430,1,, -1,1,0,1,90,12,10,1,33,33318,1,1,0,4,ROCADE A 630,44.78822,-0.630699,9,3,3
202100017916,169Â 597,B01,1,1,1,4,1,-1,-1,0,0,-1,2021,48.0,2,5,0,2,1,2,1,,1,75,-1,A,3,4,0,1,25,200,2,, -1,2,0,1,90,20,9,2,63,63404,1,1,1,2,A 75,45.586721,3.246219,7,2,2
202100049262,113Â 703,A01,1,1,1,0,8,0,-1,-1, -1,-1,2021,22.0,2,1,1,0,1,18,1,,4,ILE DE FRANCE AVENUE DE L',0,,3,2,2,1,(1),(1),1,, -1,1,0,5,30,4,3,1,25,25056,2,1,0,6,ILE DE FRANCE AVENUE DE L',47.221184,5.966917,12,1,1
202100045344,120Â 688,B01,10,3,2,9,0,-1,-1,5,0,2,2021,19.0,1,2,1,1,5,0,1,,4,PAYEE (MADAME),0,,1,1,0,1,(1),(1),1,, -1,2,0,1,50,2,4,5,973,97302,2,1,1,6,PAYEE (MADAME),4.9410998581,-52.3304262758,20,3,2
202100032348,143Â 939,A01,1,1,1,4,8,0,-1,0, -1,-1,2021,29.0,1,5,0,2,1,1,1,,4,DEGAS (RUE),0,,1,1,0,1,0,0,1,, -1,1,0,1,30,25,6,1,93,93047,2,2,0,3,Rue Degas / Avenue Paul CÃ©zanne,48.90323,2.55858,12,2,2
202100052030,108Â 709,A01,10,3,2,1,0,-1,-1,9,3,1,2021,23.0,2,3,0,1,0,0,1,1.0,4,PASTE (BLD. DE),0,,-1,0,0,4,(1),(1),2,, -1,1,0,1,30,9,2,1,7,7186,2,9,0,6,PASTE (BLD. DE),44.72583,4.59517,12,2,1
202100048818,114Â 504,B01,1,1,1,5,0,-1,-1,0,0,-1,2021,72.0,1,0,0,2,8,15,3,,3,538,-1,,2,2,0,2,116,800,1,, -1,1,0,1,80,9,3,1,26,26276,1,3,0,3,1750 Route de Dieulefit,44.491607,5.03809,12,2,2
202100003247,195Â 962,B01,2,2,1,5,1,0,-1,-1, -1,-1,2021,22.0,2,2,0,2,1,2,1,,2,RN136,0,,4,2,0,1,16,400,1,, -1,1,0,8,90,12,12,3,35,35238,1,1,0,4,RN136,48.126211,-1.714947,19,7,3
202100016682,171Â 811,A01,10,3,1,5,0,-1,-1,5,1,2,2021,11.0,1,2,0,1,1,13,1,,3,GENERAL GALLIENI (BD DU),0,,2,2,0,1,1,0,1,, -1,1,0,4,50,26,9,1,94,94015,2,1,0,6,Boulevard du General Gallieni,48.841516,2.522453,14,3,1
202100024160,158Â 476,B01,1,1,1,5,2,6,-1,0,0,-1,2021,60.0,2,1,6,0,2,13,1,,3,938,0,D,2,2,0,1,8,200,1,, -1,1,0,1,80,15,8,1,84,84069,1,3,0,3,D938,44.196811,5.117188,12,2,2
202100054065,105Â 106,A01,1,1,1,0,1,0,-1,-1, -1,-1,2021,51.0,3,2,0,4,1,1,1,,4,,0,,2,2,0,1,(1),(1),1,, -1,2,0,1,50,22,1,1,45,45147,2,2,1,3,Rue de la Bustiere,47.92912,1.91354,12,2,2
202100049313,113Â 614,A01,1,1,1,4,0,-1,-1,0,0,-1,2021,25.0,3,5,13,0,1,1,1,,4,,-1,,2,2,0,1,(1),(1),1,, -1,1,0,3,80,4,3,1,70,70419,1,1,0,6,Rue de la Petite CharriÃ¨re,47.971971,6.140762,12,1,1
202100054818,103Â 811,B01,1,1,1,1,2,6,-1,0,0,-1,2021,28.0,1,1,0,2,1,1,1,,3,152,-1,,2,2,0,1,0,500,1,, -1,1,0,1,50,15,1,5,28,28359,2,1,0,1,9 Rue Eugene Raymond,48.762033,1.237494,18,2,2
202100028324,151Â 067,A01,2,2,1,9,2,0,-1,0,0,-1,2021,22.0,0,1,8,0,0,25,3,,4,RUE LA FAYETTE,0,,2,4,0,1,(1),(1),1,, -1,1,0,4,30,18,7,3,75,75109,2,4,0,6,RUE LA FAYETTE,48.876053,2.34468,3,2,1
202100003161,196Â 114,A01,2,2,2,9,2,8,-1,0,0,-1,2021,28.0,3,1,4,0,8,13,1,,4,QUAI DE BERCY,0,,1,3,0,1,(1),(1),1,, -1,2,1,1,50,12,12,1,75,75112,2,1,0,6,QUAI DE BERCY,48.829411,2.387432,13,2,1