Num_Acc,id_vehicule,num_veh,place,catu,sexe,trajet,secu1,secu2,secu3,locp,actp,etatp,year_acc,victim_age,senc,catv,obs,obsm,choc,manv,motor,occutc,catr,voie,v1,v2,circ,nbv,vosp,prof,pr,pr1,plan,lartpc,larrout,surf,infra,situ,vma,jour,mois,lum,dep,com,agg_,int,atm,col,adr,lat,long,hour,nb_victim,nb_vehicules
202100043574,123Â 783,C01,1,1,1,5,1,-1,-1,0,0,-1,2021,32.0,3,2,0,2,8,1,1,,7,,-1,,2,2,0,3,7,300,1,, -1,1,2,1,50,15,4,1,69,69283,1,1,0,4,HEYRIEUX (D') (RTE),45.67974,4.960359,13,6,3
202100048138,115Â 700,A01,1,1,1,4,1,-1,-1,-1, -1,-1,2021,20.0,1,2,13,0,1,18,1,,4,INDUSTRIE (BD DE L') DU 01 ET +,0,,2,2,1,1,(1),(1),1,, -1,1,0,3,50,12,3,5,33,33529,2,1,0,6,Boulevard de lâIndustrie,44.61328,-1.12806,21,1,1
202100031393,145Â 638,A01,1,1,1,5,2,-1,-1,0,0,-1,2021,15.0,1,1,0,2,1,3,1,,3,149,-1,,2,2,0,1,0,800,1,, -1,1,5,1,50,1,7,1,69,69294,2,3,0,3,DAUPHINE (DU) (AV),45.629094,4.828217,17,2,2
202100053096,106Â 823,A01,1,1,1,1,2,6,-1,-1, -1,-1,2021,17.0,1,1,0,0,1,26,1,,2,MARECHAL DE LATTRE DE TASSIGNY (AV),0,,2,2,0,1,0,0,1,, -1,1,0,1,70,29,1,3,94,94075,1,1,0,7,Avenue du Mal de Lattre de Tassigny,48.73434,2.52046,23,1,1
202100017126,171Â 024,A01,10,3,1,0,0,-1,-1,2,3,1,2021,51.0,0,2,0,1,1,1,1,,4,FELIX MERLIN,0,,2,2,0,1,0,0,1,, -1,1,0,1,50,25,9,1,93,93031,2,9,0,6,Rue FÃ©lix Merlin,48.95537,2.29574,15,2,1
202100049457,113Â 360,A01,1,1,1,9,2,6,9,0,0,-1,2021,31.0,1,1,0,2,1,17,1,,3,777,0,,2,2,0,1,48,500,1,, -1,1,0,1,80,3,3,3,35,35321,1,1,0,1,D777,47.918402,-1.573419,19,2,2
202100027172,153Â 144,B01,4,2,2,5,3,0,-1,-1, -1,-1,2021,3.0,2,2,0,2,6,2,1,,1,6,0,,1,3,0,1,10,500,1,, -1,2,0,1,110,25,7,1,91,91689,1,1,1,2,AUTOROUTE A6,48.729,2.314,15,4,2
202100021675,162Â 888,A01,2,2,2,0,1,-1,-1,0,0,-1,2021,69.0,3,2,0,2,3,26,1,,4,,0,,2,2,0,1,(1),(1),1,,4,1,0,1,70,31,8,1,38,38160,1,3,0,1,Route du Viannais,45.500647,4.972311,18,3,2
202100001281,199Â 470,A01,10,3,1,3,0,-1,-1,2,5,1,2021,25.0,1,0,0,1,2,16,6,,4,EDMOND ROSTAND                      (R ),0,,2,2,3,2,(1),(1),1,, -1,1,9,8,30,17,12,1,69,69290,2,9,0,6,EDMOND ROSTAND (R),45.69439,4.94288,10,2,1
202100040893,128Â 533,A01,10,3,2,0,0,-1,-1,1,3,1,2021,87.0,1,5,0,1,4,20,6,,4,OBERLIN (RUE),0,,3,4,3,1,(1),(1),1,, -1,1,4,1,50,6,5,1,67,67482,2,8,0,6,OBERLIN (RUE),48.59274945,7.7571915623,10,2,1
202100015561,173Â 867,A01,1,1,1,5,1,0,-1,-1, -1,-1,2021,23.0,1,2,0,0,0,26,1,,4,auriol,0,,3,2,0,1,1,0,1,, -1,2,0,1,50,2,10,5,49,49007,2,1,0,7,auriol,47.493507,-0.565346,2,1,1
202100038835,132Â 209,A01,1,1,1,3,2,6,9,0,0,-1,2021,33.0,1,1,11,0,1,6,1,,3,,-1,,3,2,0,1,12,58,1,, -1,1,9,8,50,22,5,1,88,88289,2,1,0,6,Avenue de la Gare,48.107861,5.825206,9,1,1
202100015840,173Â 361,A01,1,1,2,1,1,-1,-1,0,0,-1,2021,19.0,0,2,0,0,6,1,1,,3,82,-1,,2,2,0,2,8,60,1,, -1,2,0,1,50,1,10,1,60,60533,2,2,1,2,Rue de Gournay,49.536207,2.741888,16,3,2
202100052407,108Â 035,B01,1,1,1,5,1,8,-1,-1, -1,-1,2021,66.0,1,2,0,2,3,19,1,,4,ACACIAS (RUE DES) NÂ°18 A 58 ET 5 A 51,0,,2,2,0,1,(1),(1),1,, -1,1,0,1,50,5,2,1,71,71153,2,2,0,3,ACACIAS (RUE DES) NÂ°18 A 58 ET 5 A 51,46.7963301814,4.4292928638,14,2,2
202100042939,124Â 916,B01,1,1,1,0,8,0,-1,-1, -1,-1,2021,35.0,1,1,0,2,2,1,1,,3,CHARLES PASQUA(QUAI) 2 A 30,0,,3,4,0,1,0,0,1,, -1,1,0,1,50,23,4,1,92,92044,2,3,0,3,CHARLES PASQUA(QUAI) 2 A 30,48.8976708956,2.2757024917,13,2,2
202100005801,191Â 424,B01,2,2,2,5,1,-1,-1,0,0,-1,2021,33.0,2,2,0,2,3,1,1,,7,613,-1,D,2,2,0,1,37,949,1,, -1,1,0,1,50,28,11,5,34,34095,2,1,0,1,d613 devant nÂ°56 bis avenue Georges ClÃ©menceau,43.546355,3.776593,3,3,2
202100006594,190Â 010,A01,1,1,2,9,1,-1,-1,0,0,-1,2021,22.0,0,2,0,2,3,16,1,,4,RUE DU PROFESSEUR CHRISTIAN CABROL,0,,2,4,0,1,(1),(1),1,, -1,1,0,1,50,22,11,1,80,80021,2,2,0,3,RUE DU PROFESSEUR CHRISTIAN CABROL,49.88047,2.27116,14,2,2
202100009122,185Â 404,B01,1,1,1,5,2,6,-1,0,0,-1,2021,19.0,2,1,0,2,8,1,1,,4,RUE LA BOETIE,0,,1,3,3,1,(1),(1),1,, -1,1,0,1,30,6,11,5,75,75108,2,2,0,3,RUE LA BOETIE,48.873935,2.315896,17,3,2
202100014223,176Â 270,A01,10,3,2,3,0,-1,-1,1,3,-1,2021,55.0,1,2,0,1,1,1,1,,4,PINCE VENT (AV DE),0,,2,2,0,1,1,0,1,, -1,1,0,1,50,9,10,1,94,94019,2,1,0,6,Avenue de Pince Vent,48.79461,2.55812,12,2,1
202100040353,129Â 476,Z01,10,3,1,0,8,8,-1,6,1,2,2021,51.0,1,2,0,1,1,1,1,,7,JEAN PAUL SARTRE (AVENUE),0,,1,2,0,1,4,500,1,, -1,1,0,1,50,8,5,5,13,13213,2,1,0,6,JEAN PAUL SARTRE (AVENUE),43.322347,5.41825,2,2,1
202100026354,154Â 589,A01,1,1,2,9,2,0,-1,-1, -1,-1,2021,64.0,1,1,1,0,1,26,3,,3,908,0,,2,2,0,1,0,0,1,, -1,1,0,1,50,30,7,1,92,92035,2,1,0,6,RÃ©publique ( boulevard de la ),48.9059972979,2.2512920201,11,2,2
202100010892,182Â 260,B01,1,1,1,5,1,8,-1,-1, -1,-1,2021,43.0,2,2,0,2,4,1,1,,3,465,0,,3,4,0,1,0,810,1,, -1,2,0,1,70,25,10,1,56,56121,2,1,0,4,PÃ©nÃ©trante de Lorient D465,47.76216,-3.38175,8,3,3
202100018522,168Â 525,A01,1,1,1,0,8,-1,-1,-1, -1,-1,2021,15.0,1,1,0,2,1,26,1,,7,URBAIN SUD                              ,0,,1,1,0,2,64,100,1,, -1,2,3,1,70,16,9,5,69,69276,2,1,0,2,URBAIN SUD (BD)                             ,45.68683,4.86189,21,3,2
202100055129,103Â 271,A01,1,1,1,1,1,-1,-1,0,0,-1,2021,28.0,3,2,0,2,1,1,1,,7,51,0,,2,2,0,1,22,400,1,, -1,1,0,1,50,7,1,1,69,69163,1,1,0,3,GRAND VEISSIEUX (DU) (RTE),45.922104,4.751996,14,2,2
202100044733,121Â 754,A01,1,1,1,1,0,-1,-1,0,0,-1,2021,23.0,1,2,13,0,1,13,1,,3,1C,-1,D,2,2,0,2,3,475,2,, -1,1,0,3,50,8,4,2,56,56184,1,1,0,6,Le Hulo,47.66215,-2.471194,6,1,1
202100009194,185Â 274,A01,1,1,1,5,1,0,-1,-1, -1,-1,2021,74.0,2,2,0,2,4,1,1,,4,CLERBOUT MARGUERITTE (RUE),0,,2,1,0,1,0,0,1,, -1,1,0,1,50,28,8,5,2,2408,2,1,0,6,CLERBOUT MARGUERITTE (RUE),49.55256,3.59835,1,1,1
202100045176,120Â 983,A01,1,1,1,5,2,6,-1,0,0,-1,2021,36.0,2,1,0,0,9,17,1,,3,87,-1,,2,2,0,1,2,670,3,, -1,1,0,3,80,5,4,1,35,35259,1,1,0,7,la baudouinais,48.568308,-1.643337,19,1,1
202100047153,117Â 482,A01,1,1,1,5,2,-1,-1,0,0,-1,2021,58.0,3,1,0,0,0,1,5,,4,52,0,A,2,2,0,1,(1),(1),1,, -1,1,0,1,70,18,3,1,56,56094,1,1,0,7,Lieu Dit le Braigno,47.796833,-3.244255,14,1,1
202100056415,101Â 059,A01,1,1,1,0,2,8,-1,-1, -1,-1,2021,63.0,1,1,0,2,2,0,1,,4,WILSON (AVENUE PRESIDENT),0,,2,2,0,1,0,0,1,, -1,1,0,1,50,1,1,1,13,13028,2,1,0,2,WILSON (AVENUE PRESIDENT),43.18311,5.61614,15,2,2
202100015544,173Â 897,A01,1,1,1,5,1,0,-1,-1, -1,-1,2021,20.0,1,2,9,2,1,1,1,,3,MAES (AV. ALFRED ),0,,2,2,0,1,23,430,1,, -1,1,0,1,50,21,8,5,62,62498,2,2,0,3,MAES (AV. ALFRED ),50.42721,2.80925,1,2,2
202100018285,168Â 939,A01,1,1,1,4,2,6,-1,-1, -1,-1,2021,18.0,0,1,0,1,1,1,1,,4,PORT (RUE DU),0,,2,2,0,1,(1),(1),1,, -1,1,0,1,50,17,9,5,33,33529,2,1,0,6,PORT (RUE DU),44.636362,-1.144527,22,2,1
202100004964,192Â 916,B01,1,1,1,5,1,-1,-1,0,0,-1,2021,64.0,2,2,0,2,6,23,1,,2,5,0,R,2,2,0,2,96,960,2,, -1,2,0,3,80,4,12,1,39,39367,1,1,1,3,,46.549553,6.015719,11,3,2
202100029172,149Â 605,B01,1,1,2,9,1,0,-1,-1, -1,-1,2021,22.0,3,2,0,2,3,9,1,,3,KENNEDY (AVENUE JOHN FITZGERALD),0,,3,4,0,1,0,1,1,, -1,2,0,8,50,13,7,1,93,93013,2,2,1,3,Avenue John Fitzgerald Kennedy / Rue de lâEgalitÃ©,48.93894,2.4243,17,4,2
202100056514,100Â 888,A01,1,1,1,5,0,-1,-1,0,0,-1,2021,23.0,2,2,5,0,3,0,1,,1,65,-1,,3,4,0,2,0,454,3,, -1,2,9,2,130,1,1,3,33,33021,1,1,1,6,,44.526619,-0.195544,6,1,1
202100020868,164Â 346,B01,4,2,1,5,1,5,-1,0,0,-1,2021,0.0,0,2,0,2,4,1,1,,4,HORLOGE (RUE DE L'),0,,2,2,0,1,(1),(1),1,, -1,2,0,1,50,4,9,1,27,27229,2,1,1,2,HORLOGE (RUE DE L'),49.0251366217,1.1509793225,17,3,2
202100032041,144Â 477,A01,1,1,1,5,2,6,-1,0,0,-1,2021,37.0,2,1,13,0,3,0,1,,3,1091,0,,2,2,0,2,50,0,1,, -1,1,0,1,80,28,6,1,38,38237,1,1,0,7,rd1091 - le chambon,45.039264,6.177235,13,1,1
202100052796,107Â 352,A01,10,3,2,5,0,-1,-1,3,3,1,2021,79.0,1,2,0,1,1,1,1,,3,CHOMERAC (AVENUE DE )  DU 33 AU 41,0,,-1,1,0,2,0,400,1,, -1,1,0,1,50,19,1,1,7,7186,2,6,0,6,CHOMERAC (AVENUE DE )  DU 33 AU 41,44.73245,4.59817,14,2,1
202100022661,161Â 113,A01,1,1,2,5,2,6,-1,0,0,-1,2021,21.0,2,1,0,0,0,21,1,,4,BOULEVARD DE L HOPITAL,0,,2,4,1,2,(1),(1),1,, -1,1,0,1,50,25,8,1,75,75113,2,1,0,7,BOULEVARD DE L HOPITAL,48.837535,2.36004,18,1,1
202100030640,146Â 991,A01,1,1,1,5,2,6,-1,0,0,-1,2021,59.0,3,1,0,2,1,5,1,,4,,-1,,2,2,0,2,(1),(1),2,,4,1,0,1,80,2,7,1,2,2452,1,1,0,1,D735,49.886385,3.19339,18,2,2
202100040757,128Â 758,A01,1,1,2,5,2,6,-1,-1, -1,-1,2021,25.0,1,1,0,2,1,2,1,,7,MICHELET (BOULEVARD),0,,1,2,0,1,3,800,1,, -1,1,5,1,50,8,5,1,13,13209,2,3,0,3,MICHELET (BOULEVARD),43.25298,5.40211,20,2,2
202100013342,177Â 900,B01,1,1,1,0,2,6,-1,0,0,-1,2021,31.0,0,1,0,2,8,13,1,,3,3,-1,D,2,2,0,2,(1),(1),2,, -1,1,0,1,50,15,10,1,974,97414,2,1,0,1,25 D3 au niveau du chemin Graviter,-21.28028,55.451439,14,2,2
202100039429,131Â 122,A01,1,1,2,0,1,0,-1,-1, -1,-1,2021,26.0,1,2,13,0,2,26,1,,3,MONTAGNY (RUE DE),0,,2,2,0,2,1,470,2,, -1,1,0,3,80,24,4,3,73,73065,1,1,0,7,D211 Rue de Montagny,45.5985791293,5.9252235023,0,3,1
202100022169,162Â 019,A01,1,1,1,5,2,6,-1,0,0,-1,2021,18.0,3,1,0,0,0,1,1,,4,578,-1,D,2,2,0,2,(1),(1),1,, -1,1,0,1,80,29,8,1,7,7290,1,1,0,7,Chemin du Gayte,44.95141,4.494357,8,1,1
202100001089,199Â 818,B01,1,1,2,0,1,0,-1,-1, -1,-1,2021,35.0,1,2,0,2,2,1,1,,4,,0,,1,0,0,1,0,0,1,, -1,2,0,1,50,28,12,2,92,92044,2,9,1,3,JEAN JAURES(RUE) 57A99 ET 56A102,48.8929217284,2.2941792011,16,3,2
202100013039,178Â 442,A01,10,3,2,0,8,8,-1,2,3,1,2021,25.0,1,2,0,1,3,19,2,,4,AICARD (RUE JEAN),0,,2,2,0,1,0,0,3,, -1,1,0,1,30,5,10,1,83,83069,2,2,0,6,AICARD (RUE JEAN),43.11764,6.13029,17,2,1
202100054051,105Â 129,B01,1,1,1,5,8,0,-1,-1, -1,-1,2021,20.0,2,1,0,2,8,13,5,,4,LILAS DES,0,,2,2,0,1,0,0,1,, -1,2,0,1,50,22,1,2,64,64445,2,1,1,2,LILAS DES,43.30596,-0.34945,8,2,2
202100038974,131Â 975,A01,10,3,2,5,0,-1,-1,3,3,1,2021,12.0,2,1,0,1,1,1,1,,4,BD DU GENERAL GIRAUD ,0,,2,2,0,1,1,0,1,, -1,1,0,1,30,21,5,1,94,94068,2,1,0,6,Boulevard du GÃ©nÃ©ral Giraud,48.79752,2.47518,15,2,1
202100045985,119Â 558,A01,1,1,2,1,8,0,-1,0,0,-1,2021,24.0,2,1,0,0,0,1,5,,4,BOULEVARD DE SEBASTOPOL,0,,2,5,1,1,(1),(1),1,, -1,1,-1,5,50,30,3,1,75,75101,2,3,0,7,BOULEVARD DE SEBASTOPOL,48.862951,2.350645,14,1,1
202100051265,110Â 043,B01,1,1,1,0,2,6,-1,-1, -1,-1,2021,57.0,1,1,0,2,7,1,1,,4,MATISSE (RUE / IMP HENRI),0,,4,2,0,1,0,0,3,, -1,1,5,1,50,16,2,1,83,83137,1,6,0,3,MATISSE (RUE / IMP HENRI),43.12894,5.98207,12,2,2
202100009395,184Â 906,A01,1,1,1,3,2,8,-1,-1, -1,-1,2021,55.0,1,1,0,2,1,2,1,,4,ROND POINT IEKAWE,0,,1,2,0,1,0,0,3,, -1,1,9,1,50,4,11,1,988,98818,2,9,0,2,ROND POINT IEKAWE,-22.24511,166.46855,15,3,2
202100017200,170Â 890,A01,1,1,1,0,8,-1,-1,0,0,-1,2021,57.0,2,2,13,0,1,13,1,,2,124,-1,,2,2,0,3,74,800,1,, -1,1,0,3,80,23,8,3,32,32054,1,2,0,6,"RN 124, PK 074+800",43.721672,0.408066,21,1,1
202100000993,199Â 983,A01,10,3,2,0,0,-1,-1,3,3,1,2021,53.0,1,2,0,1,2,1,1,,4,OHMACHT (RUE),0,,2,2,0,1,0,0,1,, -1,2,0,1,50,28,12,2,67,67482,2,1,1,6,OHMACHT (RUE),48.59253,7.76102,16,4,1
202100027263,152Â 990,A01,1,1,1,5,8,-1,-1,0,0,-1,2021,30.0,3,2,16,0,0,0,1,,3,209,0,,2,2,0,1,0,235,1,, -1,1,0,8,80,25,7,3,89,89282,1,1,0,7,D209,47.966566,3.577337,1,2,1
202100008458,186Â 620,A01,1,1,2,5,2,6,-1,-1, -1,-1,2021,22.0,1,1,1,0,0,14,1,,4,MADRID (RUE DE),0,,1,1,2,2,0,0,1,, -1,1,0,1,50,7,11,5,64,64122,2,1,0,6,33 Rue de Madrid,43.47058,-1.56862,4,1,1
202100040553,129Â 124,B01,1,1,1,4,1,-1,-1,0,0,-1,2021,55.0,1,4,0,2,2,23,1,,3,26,0,,2,2,0,2,1,319,4,, -1,1,0,3,80,10,5,1,76,76618,1,1,0,3,D26,49.951116,1.244443,10,2,2
202100009260,185Â 154,B01,1,1,2,4,1,-1,-1,-1, -1,-1,2021,36.0,1,2,0,2,1,2,1,,3,TREQUEFFELEC  ROND POINT DE,0,,1,2,0,1,55,570,2,, -1,1,0,1,70,4,11,1,29,29232,1,6,1,2,Rond Point de Trequeffelec,48.00341,-4.08392,15,2,2
202100028524,150Â 730,B01,1,1,1,5,2,-1,-1,0,0,-1,2021,23.0,1,1,0,2,0,1,1,,3,26,-1,,2,2,0,1,37,0,1,, -1,1,0,1,80,18,7,1,74,74241,1,1,0,3,Rte de Marignier,46.135196,6.478554,12,4,2
202100028997,149Â 897,A01,1,1,1,0,1,0,-1,-1, -1,-1,2021,88.0,1,2,12,0,2,0,1,,4,PRESIDENT WILSON (AVENUE DU),0,,2,2,0,1,1,0,1,, -1,1,0,1,50,13,7,5,93,93048,2,1,1,6,Avenue du PrÃ©sident Wilson,48.857869,2.440212,22,1,1
202100001648,198Â 858,A01,1,1,1,5,0,-1,-1,0,0,-1,2021,26.0,2,2,0,2,1,1,1,,3,D3,-1,,2,2,0,1,68,0,1,, -1,2,0,1,90,25,12,1,51,51231,1,1,1,2,D3,48.973879,4.45045,14,2,2
202100009202,185Â 259,A01,1,1,1,4,2,-1,-1,-1, -1,-1,2021,33.0,-1,1,0,2,2,15,1,,7,ETHEL ET JULIUS ROSENBERG           (R ),0,,2,2,0,1,3,900,1,, -1,1,0,1,50,5,11,5,69,69259,2,3,0,3,D301,45.6835674694,4.8833155632,20,2,2
202100010114,183Â 627,B01,3,2,1,5,1,-1,-1,-1,0,-1,2021,8.0,1,2,4,2,4,2,1,,2,RN 184,0,,1,2,0,2,3,200,2,, -1,2,0,1,90,31,10,1,95,95572,1,1,1,2,RN 184,49.034979,2.114681,14,4,2
202100045673,120Â 098,A01,1,1,1,1,2,-1,-1,0,0,-1,2021,36.0,2,1,12,0,1,17,1,,3,188,0,,2,2,0,1,6,100,1,, -1,1,0,1,70,31,3,1,62,62473,1,1,0,6,cd 188,50.600809,2.447151,13,1,1
202100014221,176Â 274,B01,1,1,1,1,2,6,-1,-1, -1,-1,2021,57.0,1,1,0,2,3,1,1,,3,ALLIES (BD DES),0,,-1,2,0,1,0,1,1,, -1,1,0,1,50,9,10,5,94,94022,2,1,0,3,Boulevard des AlliÃ©s,48.76595,2.40436,22,2,2
202100026605,154Â 149,A01,1,1,2,1,2,6,-1,-1, -1,-1,2021,29.0,1,1,0,2,1,3,1,,1,A4,0,,3,4,0,1,0,300,1,, -1,1,0,1,90,28,7,1,94,94018,1,1,0,2,A4,48.82345,2.39529,18,2,2
202100044268,122Â 539,B01,1,1,2,5,1,-1,-1,-1, -1,-1,2021,56.0,0,2,0,2,5,1,1,,4,DIEU LUMIERE (BOULEVARD) COTE IMPAIR,0,,2,3,0,2,(1),(1),3,, -1,1,0,1,50,12,4,1,51,51454,2,3,0,2,Boulevard Dieu LumiÃ¨re,49.2395534234,4.0384291489,18,2,2
202100043475,123Â 949,B01,1,1,2,1,1,0,-1,-1, -1,-1,2021,30.0,3,2,0,2,3,0,1,,4,PASSERELLE,0,,-1,2,0,1,0,0,1,, -1,1,0,4,50,19,4,1,93,93051,2,2,0,3,PASSERELLE,48.8470823263,2.5263780355,8,2,2
202100040770,128Â 736,A01,1,1,2,5,2,0,-1,0,0,-1,2021,30.0,1,1,0,2,6,9,1,,4,AVENUE DAUMESNIL,0,,2,2,0,1,(1),(1),3,, -1,1,0,1,50,7,5,1,75,75112,2,1,0,3,AVENUE DAUMESNIL,48.838117,2.426343,18,2,2
202100042253,126Â 104,A01,10,3,1,2,0,-1,-1,9,1,3,2021,8.0,3,3,0,1,7,1,1,1.0,4,1,0,A,2,2,0,2,11,0,1,, -1,1,0,1,30,28,4,1,987,98738,1,1,0,2,PK 11 cotÃ© montagne - Lotissement Social,-17.618416,-149.570803,13,2,1
202100019374,167Â 001,A01,2,2,2,5,2,0,-1,0,0,-1,2021,39.0,1,1,0,2,7,17,3,,4,AVENUE GEORGE V,0,,2,2,0,2,(1),(1),1,, -1,1,0,1,30,12,9,1,75,75108,2,2,0,3,AVENUE GEORGE V,48.868412,2.301159,14,3,2
202100036055,137Â 234,A01,1,1,1,1,2,8,-1,-1, -1,-1,2021,43.0,2,1,0,2,4,23,1,,3,VERDUN (AVENUE DE),0,,2,3,0,1,26,835,1,, -1,1,0,1,50,6,6,1,77,77475,2,1,0,2,VERDUN (AVENUE DE),48.95797,2.95269,17,2,2
202100041909,126Â 706,A01,1,1,1,0,1,0,-1,-1, -1,-1,2021,22.0,3,2,8,0,1,14,1,,4,LUXEMBOURG RUE DU,0,,2,2,0,1,(1),(1),1,, -1,2,5,4,50,30,4,1,25,25056,2,3,1,6,LUXEMBOURG RUE DU,47.223282,5.966201,9,1,1
202100025231,156Â 561,B01,4,2,2,5,1,-1,-1,-1, -1,-1,2021,8.0,2,2,0,2,4,23,1,,2,ROUTE NATIONALE 230,0,,3,6,0,1,35,212,1,, -1,1,0,1,90,7,8,1,33,33065,1,1,0,4,Rocade Rive Droite N230,44.811439,-0.522207,16,7,3
202100002259,197Â 744,A01,10,3,2,5,0,-1,-1,3,3,1,2021,54.0,1,3,0,1,3,1,1,1.0,4,LUCIEN MOREL PAYEN (RUE),0,,2,3,0,1,(1),(1),3,, -1,1,0,1,50,18,12,5,10,10387,2,3,0,6,LUCIEN MOREL PAYEN (RUE),48.3059,4.0926,7,2,1
202100056407,101Â 075,A01,1,1,1,5,2,6,-1,0,0,-1,2021,23.0,2,1,0,2,1,17,1,,3,15,0,,2,3,0,1,5,50,1,, -1,1,0,1,80,2,1,3,29,29051,1,1,0,5,D15 - Route de Coray,48.012,-4.0168,18,3,3
202100029327,149Â 341,A01,2,2,2,9,2,6,-1,0,0,-1,2021,42.0,3,1,0,0,8,17,1,,4,QUAI DE LA RAPEE,0,,1,3,0,1,(1),(1),1,, -1,2,0,1,50,12,7,1,75,75112,2,1,1,7,QUAI DE LA RAPEE,48.842641,2.369083,10,2,1
202100031244,145Â 894,A01,2,2,1,5,2,6,-1,0,0,-1,2021,30.0,2,1,0,2,1,17,1,,3,992,0,,2,2,0,1,35,475,3,, -1,2,0,1,80,3,7,1,1,1138,1,1,0,1,,45.83173,5.790396,18,3,2
202100008347,186Â 805,A01,1,1,1,0,8,0,-1,-1, -1,-1,2021,55.0,1,2,0,0,1,0,1,,2,NATIONALE 6 (REVEIL MATIN),0,,3,4,0,1,0,100,1,, -1,1,0,1,90,12,11,3,91,91421,1,1,1,6,NATIONALE 6 (REVEIL MATIN),48.70961,2.44174,1,1,1
202100027920,151Â 802,B01,1,1,1,1,2,6,-1,-1, -1,-1,2021,21.0,1,1,0,2,5,1,1,,4,DENTELLE (AV. DE LA),0,,1,2,0,1,(1),(1),1,, -1,1,5,1,50,19,7,1,43,43157,2,2,0,3,Avenue de la Dentelle,45.0426439789,3.889086771,13,2,2
202100017222,170Â 864,B01,1,1,1,3,2,-1,-1,0,0,-1,2021,17.0,1,1,0,2,1,1,1,,3,113,-1,,2,2,0,1,1,228,1,, -1,1,0,1,70,25,9,1,44,44064,1,2,0,3,D149,47.113843,-1.293291,10,2,2
202100010009,183Â 810,A01,10,3,1,0,0,-1,-1,3,3,1,2021,35.0,2,2,0,1,1,16,1,,3,DOCTEUR ROUX (PLACE DU),0,,1,1,0,1,0,982,3,, -1,2,0,1,50,31,10,5,78,78146,2,9,1,6,DOCTEUR ROUX (PLACE DU),48.90031,2.14802,18,2,1
202100011574,181Â 035,Z01,2,2,1,0,2,0,-1,-1, -1,-1,2021,17.0,2,1,0,2,0,1,0,,7,BOUVRY ROGER RUE,0,,2,4,1,1,(1),(1),1,, -1,1,0,1,50,16,10,1,59,59560,2,2,0,3,FLANDRE RUE DES COMTESSES DE,50.54694,3.02693,15,3,2
202100016175,172Â 728,A01,10,3,1,5,0,-1,-1,2,3,1,2021,36.0,1,2,0,1,1,1,1,,4,PORTUGAL (BD DU),0,,3,2,0,1,0,0,1,, -1,1,0,1,50,29,9,1,35,35238,2,1,0,6,PORTUGAL (BD DU),48.08373,-1.669999,12,2,1
202100002647,197Â 051,A01,1,1,2,9,1,0,-1,0,0,-1,2021,34.0,2,2,0,2,3,11,1,,4,AVENUE D ITALIE,0,,2,4,1,1,(1),(1),1,, -1,1,0,1,30,16,12,5,75,75113,2,1,0,3,AVENUE D ITALIE,48.829591,2.356213,18,2,2
202100021425,163Â 357,B01,1,1,2,5,1,0,-1,-1, -1,-1,2021,24.0,2,2,0,2,1,1,1,,3,PARIS (RUE DE),0,,2,2,0,1,2,780,1,, -1,1,0,1,70,18,8,3,89,89342,1,1,0,1,PARIS (RUE DE) ,48.21862,3.27334,22,2,2
202100004345,193Â 990,A01,1,1,1,0,1,-1,-1,0,0,-1,2021,48.0,1,2,0,2,1,13,1,,2,1,0,,2,2,0,1,44,555,1,, -1,1,0,1,90,29,11,1,988,98821,1,1,0,1,RT1,-22.05888,166.25113,15,2,2
202100016818,171Â 557,A01,2,2,1,0,2,0,-1,-1, -1,-1,2021,52.0,2,1,11,0,1,1,1,,4,FranÃ§ois Mitterrand (Avenue),0,,2,2,0,1,0,100,1,, -1,1,0,1,50,24,9,2,91,91191,2,1,0,6,FranÃ§ois Mitterrand (Avenue),48.722896,2.465477,19,2,1
202100033621,141Â 666,A01,1,1,1,0,1,0,-1,-1, -1,-1,2021,38.0,1,2,0,0,1,0,0,,3,PENETRANTE NORD,0,,3,2,0,1,21,100,3,, -1,1,0,1,110,18,6,1,10,10081,1,1,0,2,PENETRANTE NORD,48.32824,4.05328,20,6,2
202100030159,147Â 859,A01,1,1,1,0,8,0,-1,-1, -1,-1,2021,20.0,2,2,3,0,1,1,1,,3,CD 30,0,,3,4,0,1,0,730,1,, -1,1,0,8,70,3,7,4,78,78490,1,1,0,6,CD 30,48.80338,1.9585,1,1,1
202100049774,112Â 769,A01,1,1,1,4,2,0,-1,0,0,-1,2021,38.0,3,1,0,2,0,17,1,,4,AVENUE DUQUESNE,0,,-1,1,0,1,(1),(1),1,, -1,1,0,1,30,28,2,1,75,75107,2,2,0,3,AVENUE DUQUESNE,48.850262,2.312355,11,2,2
202100000785,200Â 310,A01,10,3,2,3,0,0,-1,3,3,1,2021,5.0,2,2,0,1,0,19,1,,3,EUGENE HENAFF (R),0,,2,0,0,1,1,0,1,, -1,1,9,1,50,31,12,5,94,94081,2,1,0,6,Rue Eugene Henaff,48.79442,2.41704,18,2,1
202100028139,151Â 406,A01,1,1,1,1,2,8,-1,-1, -1,-1,2021,28.0,1,1,0,2,1,21,1,,1,18 MONTAUDRAN (PERIPH EST A61),0,,1,4,0,2,237,324,1,, -1,1,9,1,50,19,7,1,31,31555,2,1,0,2,18 MONTAUDRAN (PERIPH EST A61),43.57316,1.49474,7,2,2