Num_Acc,id_vehicule,num_veh,place,catu,sexe,trajet,secu1,secu2,secu3,locp,actp,etatp,year_acc,victim_age,senc,catv,obs,obsm,choc,manv,motor,occutc,catr,voie,v1,v2,circ,nbv,vosp,prof,pr,pr1,plan,lartpc,larrout,surf,infra,situ,vma,jour,mois,lum,dep,com,agg_,int,atm,col,adr,lat,long,hour,nb_victim,nb_vehicules
202100001650,198Â 854,B01,1,1,2,3,1,-1,-1,0,0,-1,2021,49.0,1,2,0,2,4,23,1,,3,9,-1,,2,2,0,3,29,500,1,, -1,1,0,1,80,22,12,1,63,63178,1,1,0,4,Route d Orbeil,45.5557968833,3.2727026939,14,5,3
202100041635,127Â 181,A01,10,3,1,2,0,-1,-1,3,3,1,2021,21.0,1,2,0,1,0,19,0,,7,NEUFCHATEL. ROUTE DE (RN 28),0,,-1,2,0,1,5,500,1,, -1,1,9,1,50,23,2,1,76,76108,2,1,0,6,NEUFCHATEL. ROUTE DE (RN 28),49.4697,1.1198,18,5,1
202100038830,132Â 219,A01,1,1,1,5,2,-1,-1,0,0,-1,2021,54.0,1,1,0,2,1,17,1,,3,16,-1,,2,2,0,1,12,743,1,, -1,1,0,1,90,23,5,1,37,37038,1,1,0,1,rd16,47.2785850366,0.3253608193,14,4,2
202100021169,163Â 823,B01,1,1,1,5,2,6,-1,0,0,-1,2021,28.0,1,1,0,2,1,2,1,,4,783,-1,,2,2,0,1,(1),(1),1,, -1,1,0,1,30,4,9,1,29,29233,2,1,0,2,Boulevard de la Gare,47.867729,-3.549904,18,2,2
202100033948,141Â 081,A01,1,1,1,4,1,-1,-1,0,0,-1,2021,67.0,1,4,0,0,6,1,1,,1,28,-1,,3,2,0,1,138,700,1,, -1,1,0,1,130,17,6,1,72,72078,1,1,0,6,a28,48.281811,0.156245,20,1,1
202100013990,176Â 694,B01,1,1,2,1,8,-1,-1,-1, -1,-1,2021,24.0,3,2,0,2,8,1,1,,4,JEAN DEVAUX (RUE),0,,2,2,0,1,(1),(1),2,"6,1", -1,1,0,1,50,9,10,5,79,79329,2,9,0,3,3 Rue Jean Devaux,46.992284,-0.19964,5,2,2
202100046983,117Â 801,A01,1,1,1,5,1,-1,-1,0,0,-1,2021,28.0,1,2,8,0,5,13,1,,3,472,0,,2,2,0,1,32,730,2,, -1,1,0,3,80,24,3,1,39,39202,1,1,0,6,,46.931166,5.947112,14,1,1
202100023877,158Â 949,B01,1,1,1,5,2,0,-1,-1, -1,-1,2021,84.0,2,1,0,2,7,1,5,,4,ADOUR (AVENUE DE L'),0,,2,2,0,1,0,0,1,, -1,1,0,1,50,16,8,1,64,64024,2,1,0,3,ADOUR (AVENUE DE L'),43.51322,-1.5002,12,2,2
202100034007,140Â 972,A01,1,1,2,9,1,1,-1,0,0,-1,2021,59.0,2,2,0,2,1,19,1,,4,AVENUE DE LA VICTOIRE H. LAFLEUR,0,,3,5,0,1,0,0,1,, -1,1,5,1,50,16,6,1,988,98818,2,2,0,3,AVENUE DU MARECHAL FOCH/AVENUE DE LA VICTOIRE H. LAFLEUR,-22.27435,166.44281,14,2,2
202100004536,193Â 668,A01,10,3,1,5,0,-1,-1,4,3,1,2021,88.0,1,5,0,1,3,15,1,,4,PLACE DU GENERAL BEURET,0,,1,0,0,1,(1),(1),1,, -1,2,0,1,30,3,12,1,75,75115,2,7,1,6,PLACE DU GENERAL BEURET,48.84182,2.303258,12,2,1
202100055536,102Â 582,A01,10,3,2,5,8,8,-1,4,3,1,2021,28.0,1,1,0,1,1,1,5,,4,BOULEVARD DE SEBASTOPOL,0,,1,5,0,1,(1),(1),1,, -1,1,0,1,50,10,1,1,75,75101,2,2,0,6,BOULEVARD DE SEBASTOPOL,48.8595394521,2.3487913769,15,2,1
202100046059,119Â 420,A01,10,3,2,2,0,-1,-1,3,3,1,2021,12.0,2,2,0,1,2,15,1,,4,LEBLOND 2 (RUE MARIUS ET ARY),0,,1,2,0,1,0,0,1,, -1,1,6,1,50,29,3,1,974,97416,2,2,0,1,LEBLOND 2 (RUE MARIUS ET ARY),-21.3363779135,55.470110178,7,2,1
202100023836,159Â 020,C01,1,1,2,5,1,0,-1,-1, -1,-1,2021,48.0,2,2,0,2,4,1,1,,1,A86 EXT,0,,3,3,0,1,38,200,1,, -1,1,0,1,90,16,8,1,94,94028,1,1,0,4,A86 EXT,48.7981580773,2.4447797986,15,3,3
202100036961,135Â 633,A01,10,3,2,3,0,-1,-1,9,4,1,2021,76.0,3,2,0,1,4,20,1,,6,PLACE SEMARD,0,,-1,0,0,1,(1),(1),1,, -1,2,0,1,50,26,5,1,88,88413,2,7,1,7,PLACE SEMARD,48.28217,6.94853,16,2,1
202100047831,116Â 259,A01,10,3,2,5,0,-1,-1,4,3,1,2021,63.0,2,2,0,1,2,1,1,,4,BOULEVARD DE PORT ROYAL,0,,2,2,0,1,(1),(1),1,, -1,2,0,1,50,16,3,1,75,75113,2,3,1,6,BOULEVARD DE PORT ROYAL,48.838319,2.342078,11,2,1
202100005585,191Â 819,A01,1,1,1,5,2,-1,-1,0,0,-1,2021,68.0,1,1,0,0,0,1,5,,3,782,-1,,2,2,0,1,16,650,1,, -1,1,0,1,80,29,11,1,56,56110,1,1,0,7,le huern l,48.035623,-3.250832,15,1,1
202100018996,167Â 679,B01,1,1,1,9,2,0,-1,0,0,-1,2021,29.0,1,1,0,2,0,1,5,,4,BOULEVARD JOURDAN,0,,3,2,1,1,(1),(1),1,, -1,1,0,5,50,14,9,1,75,75114,2,1,0,3,BOULEVARD JOURDAN,48.819653,2.341925,12,2,2
202100046129,119Â 309,B01,2,1,1,5,2,8,-1,-1, -1,-1,2021,76.0,1,1,0,2,4,19,6,,7,BERRE (ROUTE DE),0,,1,1,0,1,44,800,1,, -1,1,0,1,50,29,3,1,13,13001,2,2,0,3,BERRE (ROUTE DE),43.53271,5.41597,9,2,2
202100039022,131Â 893,A01,1,1,1,5,0,-1,-1,0,0,-1,2021,23.0,3,1,0,2,4,16,6,,3,977,2,D,2,2,0,1,28,600,1,, -1,1,0,1,50,21,5,1,58,58083,2,1,0,2,Avenue Saint-jean,47.253951,3.678333,19,2,2
202100011702,180Â 817,A01,1,1,1,5,1,-1,-1,0,0,-1,2021,29.0,2,2,0,2,1,1,1,,3,723,0,,2,2,0,1,10,326,1,, -1,1,0,1,80,22,10,3,44,44061,1,1,0,1,RD 723 lieu dit la jutiÃ¨re,47.23041,-1.932542,7,2,2
202100019157,167Â 386,A01,10,3,1,0,0,-1,-1,4,3,1,2021,15.0,1,5,0,1,1,1,1,,4,CANONNIERS (RUE DES),0,,2,2,0,1,0,0,1,, -1,1,0,1,50,13,9,1,67,67482,2,1,0,6,CANONNIERS (RUE DES),48.554331,7.763849,7,2,1
202100015674,173Â 651,A01,1,1,1,1,1,-1,-1,0,0,-1,2021,34.0,2,2,0,2,4,15,1,,2,10,0,T,2,2,0,1,(1),(1),1,,7,1,0,1,50,24,6,1,201,201269,1,1,0,2,SORTIE VILLAGE,41.846371,9.400563,7,2,2
202100028343,151Â 036,A01,1,1,1,5,2,-1,-1,0,0,-1,2021,32.0,2,1,6,0,1,0,1,,3,68,0,D,2,2,0,1,8,337,2,, -1,1,0,1,50,18,7,1,81,81014,2,1,0,6,d68,43.565117,2.564927,18,1,1
202100033171,142Â 470,A01,1,1,1,2,2,8,-1,-1, -1,-1,2021,20.0,2,1,0,2,9,26,1,,4,JEAN MERMOZ                         (AV),0,,2,0,3,1,(1),(1),1,, -1,1,0,1,50,19,6,1,69,69388,2,1,0,7,JEAN MERMOZ                         (AV),45.73518,4.87316,14,1,1
202100038011,133Â 717,B01,3,2,1,0,1,0,-1,-1, -1,-1,2021,30.0,3,2,0,2,2,1,1,,3,RD.64,0,,2,2,0,1,15,2880,1,, -1,1,0,1,80,23,5,1,34,34032,1,1,0,3,RD.64,43.31368,3.20628,10,5,2
202100021194,163Â 777,B01,1,1,2,0,2,6,-1,-1, -1,-1,2021,29.0,1,1,0,2,4,1,1,,1,A47,0,,3,4,0,1,10,60,2,, -1,1,0,1,90,1,9,3,42,42083,1,1,0,2,A47,45.5572959892,4.685449563,21,3,2
202100045804,119Â 880,A01,1,1,1,4,2,6,-1,-1, -1,-1,2021,29.0,3,1,0,0,0,1,1,,4,BD CIRCULAIRE,0,,1,2,0,1,1,0,1,, -1,1,0,1,50,31,3,5,94,94021,2,1,0,7,Boulevard Circulaire Min,48.766733,2.354028,21,1,1
202100009871,184Â 061,B01,1,1,1,5,1,0,-1,-1, -1,-1,2021,22.0,2,1,0,2,1,3,1,,2,385,0,,1,2,0,1,53,799,1,, -1,1,0,1,90,2,11,3,92,92002,1,1,0,3,RN 385,48.7602583257,2.2818594708,19,2,2
202100009958,183Â 898,A01,1,1,1,0,1,-1,-1,0,0,-1,2021,64.0,1,2,0,2,1,5,1,,3,53,-1,A,2,2,0,1,5,215,1,, -1,1,0,1,80,29,10,3,38,38189,1,1,1,1,D53a,45.611733,5.052423,19,2,2
202100038912,132Â 075,A01,10,3,2,5,0,-1,-1,3,3,1,2021,77.0,1,2,0,1,1,1,1,,4,LILLE (RUE DE),0,,2,2,0,1,(1),(1),1,, -1,2,0,1,50,21,5,1,59,59599,2,1,1,6,LILLE (RUE DE),50.722883,3.149203,10,2,1
202100042305,126Â 006,A01,2,2,2,1,1,0,-1,-1, -1,-1,2021,20.0,3,2,1,0,1,1,1,,4,PLAINE (RUE DE LA),0,,3,2,0,1,(1),(1),1,, -1,1,0,1,30,24,4,5,59,59334,2,1,0,6,PLAINE (RUE DE LA),50.39602,3.03346,23,3,2
202100054680,104Â 045,B01,2,2,2,0,1,-1,-1,-1, -1,-1,2021,27.0,1,2,0,2,2,1,1,,4,CANDALE (AVE FREDERIC DE) 01 ET +,0,,2,2,2,1,(1),(1),1,, -1,1,0,1,50,17,1,1,33,33529,2,3,0,3,Avenue Frederic de Candale,44.61868,-1.12531,12,4,2
202100008919,185Â 778,B01,1,1,1,5,8,0,-1,-1, -1,-1,2021,37.0,1,1,0,2,1,1,1,,3,BROGNY (AVENUE DE) (SECTEUR 110),0,,2,2,0,1,0,0,1,, -1,1,0,1,50,30,5,1,74,74010,2,1,0,1,BROGNY (AVENUE DE) (SECTEUR 110),45.9204,6.12561,14,4,2
202100036409,136Â 622,B01,1,1,1,5,1,8,-1,-1, -1,-1,2021,48.0,1,2,0,2,8,1,1,,4,NORMANDIE ( BD ET IMP DE ),0,,-1,2,0,4,(1),(1),2,, -1,1,5,1,30,2,6,1,56,56121,2,6,0,5,NORMANDIE ( BD ET IMP DE ),47.75994,-3.36598,21,4,3
202100009516,184Â 703,A01,1,1,1,1,1,-1,-1,0,0,-1,2021,55.0,2,5,8,0,3,13,1,,3,463,0,,2,2,0,1,27,175,2,, -1,1,0,3,80,4,11,3,35,35069,1,1,0,6,D463,48.042555,-1.446495,5,1,1
202100048530,115Â 009,B01,1,1,1,5,2,0,-1,-1, -1,-1,2021,12.0,1,1,0,2,3,15,5,,4,SOUBACQ,0,,2,2,0,1,0,0,1,, -1,1,0,1,30,7,3,1,64,64284,2,3,0,3,CHEMIN SOUBACQ,43.27785,-0.38718,17,2,2
202100050562,111Â 313,A01,1,1,1,1,2,6,-1,-1,0,-1,2021,22.0,1,1,0,2,3,1,1,,3,DIVISION LECLERC (AVENEU DE LA),0,,2,2,0,1,1,500,1,, -1,1,0,1,50,21,2,1,95,95197,2,1,0,1,DIVISION LECLERC (AVENEU DE LA),48.9662736053,2.3184714837,13,2,2
202100036377,136Â 679,A01,1,1,1,0,1,5,-1,-1, -1,-1,2021,22.0,1,2,1,2,1,1,1,,4,RUE DES GRES,0,,1,1,0,1,0,0,3,, -1,1,0,1,30,3,6,5,91,91114,2,1,0,-1,RUE DES GRES,48.69018,2.49788,22,1,1
202100026679,154Â 018,A01,1,1,1,4,8,0,-1,0,0,-1,2021,36.0,2,1,0,0,0,16,3,,4,AVENUE DE LA PORTE DE CLICHY,0,,2,5,3,1,(1),(1),1,, -1,8,0,6,50,28,7,1,75,75117,2,4,0,7,AVENUE DE LA PORTE DE CLICHY,48.894609,2.312859,12,1,1
202100031523,145Â 416,B01,1,1,1,3,0,-1,-1,0,0,-1,2021,39.0,2,1,0,2,1,13,5,,4,,0,,2,2,0,1,(1),(1),1,,4,1,0,1,50,25,6,1,33,33238,2,1,0,1,Rue de Grandjean,44.7419,-0.598462,18,2,2
202100038595,132Â 649,A01,1,1,1,5,1,0,-1,-1, -1,-1,2021,22.0,1,2,6,0,1,1,1,,2,RN104,0,,3,6,0,1,21,0,3,, -1,2,2,1,90,24,5,1,77,77122,1,1,1,6,RN104,48.65245,2.61383,9,1,1
202100007141,189Â 006,B01,1,1,1,0,2,0,-1,-1, -1,-1,2021,26.0,1,1,0,2,1,1,1,,3,MADELEINE (ROUTE DE LA),0,,2,1,0,1,3,600,1,, -1,1,0,1,50,13,11,1,973,97302,2,1,0,3,MADELEINE (ROUTE DE LA),4.90966,-52.3216,12,2,2
202100010164,183Â 533,A01,1,1,1,1,2,6,-1,0,0,-1,2021,60.0,2,1,0,2,1,3,1,,4,PORTE D AUBERVILLIERS,0,,3,4,0,1,24,500,1,, -1,1,0,1,70,29,10,1,75,75119,2,1,0,2,PORTE D AUBERVILLIERS,48.900327,2.379367,8,2,2
202100054442,104Â 447,B01,1,1,1,5,2,0,-1,-1, -1,-1,2021,33.0,1,1,0,2,1,1,5,,4,PINGUET GUINDON (RUE),0,,1,1,2,1,(1),(1),1,, -1,1,0,1,50,19,1,1,37,37261,2,1,0,1,PINGUET GUINDON (RUE),47.4140815867,0.6842483018,13,2,2
202100017909,169Â 609,A01,1,1,1,1,2,6,-1,0,0,-1,2021,15.0,1,1,0,2,7,1,1,,3,131,0,D,2,2,0,2,8,65,3,, -1,2,0,1,50,20,9,1,38,38017,1,1,1,1,D131,45.418937,4.874561,15,3,2
202100051526,109Â 593,B01,7,2,1,0,8,0,-1,-1, -1,-1,2021,78.0,2,3,0,2,1,1,2,4.0,3,WALLACE (PLACE),0,,3,0,0,1,0,0,1,, -1,1,0,1,30,14,2,1,92,92012,2,2,0,3,WALLACE (PLACE),48.83965,2.24012,8,5,2
202100043897,123Â 204,B01,1,1,1,1,2,8,-1,-1, -1,-1,2021,42.0,1,1,0,2,4,23,1,,4,LAZARET (QUAI DU),0,,1,2,0,1,(1),(1),1,, -1,1,0,1,50,15,4,1,13,13202,2,9,0,2,LAZARET (QUAI DU),43.308975,5.366408,17,2,2
202100001539,199Â 052,A01,1,1,2,1,1,-1,-1,0,0,-1,2021,21.0,2,2,4,0,2,1,1,,1,71,0,,3,6,0,1,382,600,1,, -1,1,0,1,110,25,12,1,63,63164,1,1,0,6,"A71, PR 382.600",45.826084461,3.1580382586,14,1,1
202100020096,165Â 703,A01,1,1,2,9,2,6,-1,0,0,-1,2021,52.0,3,1,0,2,2,13,1,,4,BOULEVARD PERIPHERIQUE INTERIEUR SUD,0,,1,5,0,1,0,300,1,, -1,1,2,1,70,8,9,1,75,75113,2,1,1,4,BD PERIPHERIQUE INTERIEUR,48.825791,2.386589,14,4,3
202100015285,174Â 390,A01,1,1,2,0,1,-1,-1,0,0,-1,2021,37.0,1,2,9,0,3,0,1,,3,106,0,,2,2,0,2,(1),(1),1,, -1,1,0,3,80,21,9,5,971,97116,1,1,0,6,D106,16.338461,-61.509581,3,1,1
202100019431,166Â 904,A01,1,1,1,5,2,6,-1,0,0,-1,2021,52.0,2,1,0,0,8,1,1,,3,256,0,,-1,2,0,2,7,100,2,, -1,1,0,1,80,12,9,1,71,71297,1,1,0,7,Runchy,46.893516,4.259691,17,2,1
202100008351,186Â 799,B01,1,1,1,1,2,8,-1,-1, -1,-1,2021,45.0,3,1,0,2,8,16,1,,4,,0,,2,2,0,1,(1),(1),1,, -1,1,0,1,50,10,11,5,37,37261,2,1,0,3,DE GAULLE (AVENUE DU GENERAL),47.38095,0.70012,17,2,2
202100045785,119Â 911,B01,1,1,2,5,1,0,-1,0,0,-1,2021,30.0,1,2,0,2,6,11,1,,4,PORTE DE CLIGNANCOURT,0,,1,4,0,1,22,300,1,, -1,1,0,1,70,31,3,1,75,75118,2,1,0,3,PORTE DE CLIGNANCOURT,48.901013,2.349407,13,2,2
202100000474,200Â 859,B01,2,2,2,0,1,0,-1,-1, -1,-1,2021,74.0,2,2,0,2,0,0,1,,3,UZES (ROUTE D'),0,,-1,2,0,1,66,250,1,, -1,1,0,1,50,4,12,5,30,30189,2,9,0,3,Route dâUzes,43.8614,4.377,19,4,2
202100005204,192Â 469,A01,4,2,1,5,8,-1,-1,-1,0,-1,2021,16.0,3,2,1,0,3,26,1,,4,ALEXIS VARAGNE ( RUE),0,,2,2,0,1,(1),(1),1,, -1,2,0,1,50,1,12,5,95,95680,2,1,1,2,ALEXIS VARAGNE ( RUE),49.0015318773,2.4141705036,21,5,2
202100017059,171Â 132,B01,1,1,1,9,2,0,-1,0,0,-1,2021,52.0,3,1,0,2,1,1,5,,4,RUE DU CHEMIN VERT,0,,1,1,0,1,(1),(1),1,, -1,1,0,1,30,24,9,1,75,75111,2,2,0,3,RUE DU CHEMIN VERT,48.861576,2.382588,13,2,2
202100021146,163Â 863,A01,2,2,2,5,1,-1,-1,0,0,-1,2021,28.0,2,2,3,0,1,1,1,,1,83,-1,A,3,4,0,1,51,300,1,, -1,2,0,1,130,3,9,3,85,85202,1,1,1,6,A83,46.7514283663,-1.1657819152,20,2,1
202100027439,152Â 676,A01,1,1,1,5,0,-1,-1,0,0,-1,2021,12.0,2,1,0,2,1,13,5,,3,608,0,D,2,2,0,2,0,500,2,, -1,1,0,1,50,23,7,1,64,64490,2,1,0,1,Le Hameau d Exave,43.23736,-1.310817,20,2,2
202100023889,158Â 932,B01,1,1,1,4,1,0,-1,-1, -1,-1,2021,31.0,2,2,0,2,3,15,1,,4,HUYGENS (RUE CHRISTIAN),0,,2,2,0,1,(1),(1),3,, -1,1,0,1,50,16,8,1,37,37261,2,3,0,3,HUYGENS (RUE CHRISTIAN),47.4370792171,0.7081908213,13,3,2
202100045800,119Â 886,A01,10,3,1,9,0,-1,-1,4,3,1,2021,37.0,1,2,0,1,3,15,1,,4,PARIS (AV DE),0,,3,4,1,1,0,0,1,, -1,1,0,1,50,31,3,1,94,94080,2,2,0,3,PARIS (AV DE),48.84519,2.43167,11,2,1
202100045568,120Â 278,A01,1,1,1,1,2,6,-1,-1, -1,-1,2021,43.0,1,1,0,2,1,17,3,,4,FORSTHEIM (ROUTE DE),0,,2,2,0,1,0,1,1,, -1,1,9,1,30,1,4,1,67,67180,2,1,0,6,FORSTHEIM (ROUTE DE),48.83312,7.77167,14,2,2
202100031340,145Â 722,A01,1,1,1,5,2,-1,-1,0,0,-1,2021,25.0,1,1,0,0,8,15,1,,3,148,-1,,2,2,0,2,7,100,2,, -1,1,0,3,-1,29,5,1,68,68044,1,1,0,7,D148,48.159034,7.074848,16,1,1
202100019347,167Â 049,A01,1,1,1,5,8,0,-1,-1, -1,-1,2021,41.0,2,2,1,0,1,1,1,,4,FLORE PLACE,0,,1,1,0,2,(1),(1),3,, -1,1,0,3,50,12,9,5,25,25056,2,1,0,6,FLORE PLACE,47.246,6.0278,4,1,1
202100016564,172Â 024,D01,1,1,1,0,8,-1,-1,0,0,-1,2021,41.0,2,4,0,2,1,1,1,,2,4,-1,N,2,2,0,1,79,50,1,, -1,2,0,1,80,28,9,3,51,51340,1,1,1,4,N4,48.7434700141,4.5076158776,5,5,4
202100013572,177Â 461,A01,1,1,1,0,8,-1,-1,0,0,-1,2021,19.0,0,1,0,2,2,15,0,,4,QUATORZE JUILLET 1789 (AVENUE DU),0,,-1,2,0,1,(1),(1),1,, -1,1,0,1,50,23,5,1,80,80021,2,2,0,3,QUATORZE JUILLET 1789 (AVENUE DU),49.8776153679,2.2828602791,9,2,2
202100040473,129Â 259,B01,1,1,1,0,2,6,-1,-1, -1,-1,2021,25.0,1,1,0,2,1,1,1,,4,EPINETTE RUE DE L,0,,3,2,0,1,(1),(1),1,, -1,1,0,4,50,9,5,1,59,59560,1,1,0,3,EPINETTE RUE DE L,50.55596,3.05865,15,4,2
202100001216,199Â 599,A01,1,1,2,4,1,0,-1,-1, -1,-1,2021,35.0,1,2,0,2,7,16,1,,3,JEAN LOLIVE (AVENUE)(137/FIN ET 134/FIN),0,,-1,4,3,1,0,1,1,, -1,2,0,6,50,27,12,1,93,93055,2,1,0,3,JEAN LOLIVE (AVENUE)(137/FIN ET 134/FIN),48.8932843803,2.4131453692,16,2,2
202100017399,170Â 532,A01,1,1,1,9,1,0,-1,-1, -1,-1,2021,23.0,2,2,0,2,2,14,1,,2,RN104,0,,-1,3,0,2,19,0,1,, -1,1,0,1,110,22,9,1,77,77175,1,1,0,3,RN104,48.668529,2.612362,15,2,2
202100032482,143Â 710,B01,1,1,1,0,2,0,-1,-1, -1,-1,2021,28.0,1,1,0,2,9,1,1,,4,BOULEVARD JULES VERNE,0,,2,2,2,1,(1),(1),1,, -1,1,0,1,50,24,6,1,44,44109,2,1,0,3,BOULEVARD JULES VERNE,47.2390279261,-1.5316355196,15,2,2
202100003787,194Â 990,A01,2,2,2,5,1,-1,-1,0,0,-1,2021,54.0,2,2,1,0,1,14,1,,1,1,0,A,3,3,0,1,49,900,1,,"13,5",2,0,2,130,11,12,3,60,60100,1,1,0,4,PK 49.900,49.2520912614,2.6812777518,6,4,3
202100006863,189Â 516,A01,1,1,1,5,1,-1,-1,0,0,-1,2021,19.0,2,2,13,0,2,1,1,,3,60,0,D,2,2,0,1,3,751,3,, -1,2,0,3,-1,21,11,3,72,72039,1,1,1,7,la sourvanniÃ¨re,48.15239,0.43881,23,2,1
202100049029,114Â 123,A01,1,1,1,5,0,-1,-1,0,0,-1,2021,33.0,2,2,0,0,0,5,1,,3,18,0,,2,2,0,1,43,150,3,, -1,1,0,3,80,7,3,2,2,2720,1,1,0,7,Rue du 11 Novembre 1918,49.577913,3.907485,18,1,1
202100002408,197Â 475,A01,10,3,2,0,0,-1,-1,4,3,1,2021,80.0,2,2,0,1,1,9,1,,3,LAON (AVENUE) DU NÂ°343 AU 469 ET DU NÂ° 3,0,,2,2,2,1,15,300,1,, -1,1,6,1,50,17,12,5,51,51454,2,1,0,7,Avenue de Laon,49.277239,4.016068,17,2,1
202100019591,166Â 613,A01,1,1,1,5,0,-1,-1,0,0,-1,2021,23.0,1,2,2,0,1,13,1,,4,,0,,2,2,0,1,(1),(1),1,,4,1,0,3,70,12,9,3,71,71235,1,1,0,6,Route de la GrisiÃ¨re,46.3570284699,4.7995769974,0,2,1
202100017025,171Â 186,B01,1,1,1,9,2,6,-1,0,0,-1,2021,25.0,2,1,0,2,8,1,1,,4,AVENUE DE LA PORTE DE LA VILLETTE,0,,3,4,0,1,(1),(1),1,, -1,1,0,1,30,23,9,1,75,75119,2,3,0,3,AVENUE DE LA PORTE DE LA VILLETTE,48.8983575337,2.3862178156,18,2,2
202100030999,146Â 322,B01,1,1,2,0,1,0,-1,-1, -1,-1,2021,37.0,1,2,0,2,2,1,1,,4,SAURIA CHARLES (RUE),0,,2,3,0,2,0,0,1,, -1,1,0,1,50,30,6,1,72,72181,2,1,0,3,SAURIA CHARLES (RUE),48.0339,0.1807,16,2,2
202100037454,134Â 713,A01,1,1,2,5,8,0,-1,0,0,-1,2021,26.0,1,1,0,0,1,13,5,,4,RUE SAINT DENIS,0,,2,1,3,1,(1),(1),1,, -1,1,6,1,30,30,5,1,75,75101,2,2,0,7,RUE SAINT DENIS,48.858799,2.347458,7,1,1
202100020667,164Â 689,A01,1,1,1,1,2,6,-1,-1, -1,-1,2021,38.0,1,1,0,2,7,3,6,,1,A86.INT,0,,1,3,0,1,30,200,1,, -1,1,0,1,90,6,9,1,94,94033,1,1,0,3,A86.INT,48.850108308,2.4903935051,14,2,2
202100053279,106Â 499,A01,1,1,1,5,1,-1,-1,0,0,-1,2021,64.0,1,2,3,0,2,1,1,,1,10,0,,3,4,0,4,240,100,2,, -1,2,0,1,90,3,1,2,37,37226,1,1,1,5,Autoroute 10 pk 240+100,47.1096228884,0.5925364496,8,4,3
202100048264,115Â 479,A01,1,1,2,1,2,0,-1,-1, -1,-1,2021,18.0,2,1,12,0,0,1,1,,3,VALLEE (RUE DE LA),0,,2,2,0,1,4,910,1,, -1,1,0,1,50,12,3,1,45,45004,2,1,0,7,946 Rue de la VallÃ©e,47.970761,2.769334,18,1,1
202100019782,166Â 286,C01,1,1,1,5,2,6,-1,0,0,-1,2021,44.0,2,1,0,2,1,13,1,,3,996,0,,2,2,0,2,61,500,4,, -1,1,0,1,80,10,9,1,21,21421,1,1,0,5,D996,47.550529,4.92489,17,3,3
202100000495,200Â 819,A01,1,1,1,0,2,-1,-1,-1, -1,-1,2021,53.0,0,1,0,2,8,19,5,,4,LAFAYETTE ( COURS),0,,3,5,0,1,0,0,1,, -1,1,0,1,50,16,10,5,76,76351,2,1,0,1,LAFAYETTE ( COURS),49.491761,0.1252,19,2,2
202100012148,180Â 004,A01,10,3,1,0,0,-1,-1,2,3,1,2021,69.0,1,0,0,1,1,26,1,,3,BD LEGITIMUS,0,,1,2,0,1,(1),(1),1,, -1,1,0,1,50,15,10,5,971,97120,2,1,0,6,BD LEGITIMUS,16.24371,-61.53445,19,2,1
202100030839,146Â 638,A01,1,1,1,5,1,-1,-1,-1, -1,-1,2021,20.0,2,2,0,2,1,17,1,,3,SAINTE CROIX (PL),0,,3,6,0,1,62,120,1,, -1,1,5,1,50,3,7,5,51,51108,2,7,0,4,Place Sainte-Croix,48.95164,4.3687,23,6,3
202100052634,107Â 644,A01,1,1,1,5,2,-1,-1,0,0,-1,2021,47.0,2,1,0,2,1,1,5,,3,131,0,,2,2,0,1,20,610,1,, -1,1,0,1,80,3,2,1,76,76055,1,2,0,3,D131,49.63616,0.73549,10,2,2
202100039812,130Â 416,B01,1,1,1,0,8,0,-1,-1, -1,-1,2021,22.0,2,1,0,2,0,0,5,,4,CLOS FLEURY (RUE DU),0,,2,2,1,1,0,1,1,, -1,1,0,5,50,14,5,1,74,74012,2,7,0,3,CLOS FLEURY (RUE DU),46.19222,6.232,17,3,2
202100017913,169Â 603,A01,1,1,1,5,1,-1,-1,0,0,-1,2021,63.0,2,2,0,2,1,13,1,,2,88,0,,2,2,0,1,40,290,1,, -1,1,0,1,80,18,9,1,12,12131,1,1,0,1,N88,44.378337,2.654164,14,2,2
202100029764,148Â 585,A01,10,3,1,5,0,-1,-1,3,3,1,2021,33.0,2,3,0,1,2,1,0,,4,EMILE DECORPS      (Rue),0,,2,2,2,1,(1),(1),1,, -1,1,4,1,50,9,7,1,69,69266,2,8,0,6,EMILE DECORPS (R),45.7569742548,4.8997682333,13,2,1
202100029612,148Â 854,B01,1,1,2,5,1,8,-1,-1, -1,-1,2021,32.0,2,2,0,2,3,1,1,,4,LES TROIS CHEMINS,0,,2,2,0,2,(1),(1),1,, -1,1,0,1,80,9,7,1,7,7072,1,1,0,3,LES TROIS CHEMINS,44.75008,4.5982,19,2,2
202100018622,168Â 351,B01,1,1,1,0,8,0,-1,-1, -1,-1,2021,54.0,3,1,0,2,8,13,5,,4,STALINGRAD AV.,0,,3,2,0,1,0,0,1,, -1,2,0,1,50,15,9,1,93,93006,2,1,1,3,STALINGRAD AV.,48.87,2.42,16,2,2
202100040545,129Â 137,B01,1,1,2,1,1,-1,-1,0,0,-1,2021,25.0,1,5,0,2,1,0,1,,3,2,-1,,2,2,0,1,53,800,1,, -1,2,0,1,80,10,5,2,58,58227,1,1,1,1,Route de Saint Fargeau,47.581896,3.078403,19,2,2
202100054196,104Â 874,A01,10,3,1,2,0,-1,-1,2,5,1,2021,13.0,3,2,0,1,2,1,1,,4,ROCCA (BOULEVARD),0,,2,2,0,1,(1),(1),1,, -1,1,6,6,30,21,1,1,71,71270,2,1,0,6,ROCCA (BOULEVARD),46.3117749385,4.8293747547,7,2,1