Num_Acc,id_vehicule,num_veh,place,catu,sexe,trajet,secu1,secu2,secu3,locp,actp,etatp,year_acc,victim_age,senc,catv,obs,obsm,choc,manv,motor,occutc,catr,voie,v1,v2,circ,nbv,vosp,prof,pr,pr1,plan,lartpc,larrout,surf,infra,situ,vma,jour,mois,lum,dep,com,agg_,int,atm,col,adr,lat,long,hour,nb_victim,nb_vehicules
202100027382,152Â 770,B01,1,1,1,1,2,6,-1,0,0,-1,2021,66.0,1,1,0,2,3,1,5,,4,RUE DES POISSONNIERS,0,,2,2,0,1,(1),(1),1,, -1,1,0,1,50,23,7,5,75,75118,2,2,0,3,RUE DES POISSONNIERS,48.891191,2.351632,22,2,2
202100017753,169Â 890,B01,1,1,1,1,2,6,-1,0,0,-1,2021,19.0,1,1,0,2,1,1,1,,4,,0,,1,2,0,1,(1),(1),1,,"5,5",1,0,1,50,21,9,2,55,55122,2,2,0,3,Avenue Stanislas,48.762459,5.590094,19,2,2
202100029905,148Â 348,A01,1,1,1,1,1,-1,-1,0,0,-1,2021,22.0,1,2,0,2,1,13,1,,3,25,-1,D,2,2,0,1,(1),(1),3,, -1,1,0,1,80,9,7,1,84,84124,1,1,0,1,1241 Route de Fontaine de Vaucluse,43.91905,5.097219,17,2,2
202100019396,166Â 959,A01,8,2,2,2,1,-1,-1,0,0,-1,2021,9.0,2,2,2,0,1,13,1,,3,14,0,D,2,2,0,1,30,150,3,, -1,1,0,3,80,13,9,1,56,56033,1,1,0,6,La Chauvelais,47.837137,-2.102174,8,5,1
202100025890,155Â 409,A01,1,1,1,1,2,6,-1,0,0,-1,2021,19.0,2,1,0,0,7,1,1,,3,14,0,,2,2,0,1,24,300,1,, -1,2,0,1,70,3,8,1,71,71007,1,1,1,7,RD 14 - route de Cortevaix Bois Dernier,46.5365100658,4.6802891634,9,1,1
202100036274,136Â 840,B01,1,1,1,5,1,0,-1,-1, -1,-1,2021,21.0,3,2,0,2,1,1,1,,3,GABRIEL LACASSAGNE (R),0,,-1,2,0,2,0,0,1,, -1,1,0,1,50,5,6,1,94,94033,2,2,0,3,NEUILLY (AV DE),48.84734,2.48502,14,3,2
202100026229,154Â 816,A01,1,1,2,5,0,-1,-1,0,0,-1,2021,10.0,0,1,0,2,3,13,5,,4,4,-1,,2,2,0,1,(1),(1),3,, -1,1,0,1,80,1,8,1,71,71123,1,1,0,3,Le Moulin Bailly,46.230092,3.950309,15,3,2
202100044018,122Â 996,A01,1,1,1,5,1,0,-1,-1, -1,-1,2021,29.0,1,2,8,0,2,1,1,,4,BARBOT (RUE DU MOULIN),0,,2,2,0,1,0,0,1,, -1,1,0,4,50,13,4,2,64,64024,2,1,0,6,BARBOT (RUE DU MOULIN),43.50102,-1.5304,20,1,1
202100012168,179Â 971,A01,1,1,1,0,2,6,-1,-1, -1,-1,2021,27.0,2,1,0,2,8,3,1,,4,BOURGOGNE (DE)                      (R ),0,,2,4,0,1,(1),(1),1,, -1,1,0,1,50,19,10,1,69,69389,2,2,0,3,BOURGOGNE (DE) (R),45.78039,4.80086,17,2,2
202100022332,161Â 718,A01,10,3,1,9,0,-1,-1,1,9,1,2021,52.0,1,5,0,1,2,1,1,,3,106,0,D,2,2,0,1,52,135,1,, -1,1,0,1,50,16,8,1,33,33236,2,1,0,6,,44.750608,-1.180834,13,2,1
202100039088,131Â 764,A01,1,1,2,0,1,0,-1,-1, -1,-1,2021,36.0,2,2,0,2,1,13,1,,3,RD810,0,,2,2,0,2,32,500,1,, -1,2,0,1,70,19,5,1,64,64545,1,1,1,1,RD810,43.36151,-1.71948,9,2,2
202100033866,141Â 227,B01,1,1,1,3,2,-1,-1,0,0,-1,2021,64.0,1,1,0,2,4,1,1,,4,CONSTANS LEOPOLD,0,,1,1,0,4,(1),(1),3,, -1,1,5,1,50,16,6,1,12,12145,2,5,0,2,CONSTANS LEOPOLD,44.09733,3.0708,11,2,2
202100024976,157Â 015,A01,2,2,1,0,1,0,-1,-1, -1,-1,2021,17.0,2,2,0,2,1,2,1,,1,AUTOROUTE A25,0,,-1,4,0,1,11,300,1,, -1,1,0,1,110,6,8,1,59,59196,1,1,0,5,AUTOROUTE A25,50.6358060187,2.9447216966,16,4,3
202100002518,197Â 276,A01,1,1,1,0,2,6,-1,0,0,-1,2021,33.0,2,1,0,2,1,13,1,,3,562,0,,2,2,0,1,45,50,2,, -1,1,0,1,80,19,12,3,83,83056,1,1,0,3,Vieille Route de Grasse,43.5460182137,6.5239262581,17,2,2
202100023316,159Â 937,B01,1,1,1,4,2,0,-1,0,0,-1,2021,47.0,1,1,0,2,6,13,1,,4,BOULEVARD PONIATOWSKI,0,,3,2,0,1,(1),(1),1,, -1,1,0,1,50,19,8,1,75,75112,2,3,0,3,BOULEVARD PONIATOWSKI,48.833834,2.403684,14,3,2
202100044763,121Â 699,A01,10,3,1,5,0,-1,-1,1,3,1,2021,71.0,1,2,0,1,2,1,1,,3,D751,0,,2,2,0,1,85,200,1,, -1,1,0,1,70,8,4,3,37,37258,1,1,0,6,7 route de Thizay,47.171365,0.137866,21,2,1
202100021185,163Â 797,B01,1,1,1,5,2,6,-1,0,0,-1,2021,15.0,1,1,0,2,1,17,1,,4,2948,-1,,2,2,0,1,(1),(1),1,, -1,1,0,1,50,26,8,1,85,85003,2,2,0,3,Route de Challans,46.74425,-1.616412,18,2,2
202100040287,129Â 593,A01,1,1,2,1,1,-1,-1,0,0,-1,2021,23.0,2,2,4,0,2,13,1,,3,1001,-1,,1,4,0,1,30,300,3,, -1,2,5,1,50,13,5,1,60,60009,2,6,0,6,Ancienne Route de Paris,49.405553,2.11953,8,1,1
202100002572,197Â 187,B01,1,1,2,1,2,8,-1,-1, -1,-1,2021,36.0,2,1,0,2,8,1,1,,3,MONTABO (ROUTE DE) 3,0,,2,2,0,1,3,500,1,, -1,1,9,1,70,16,12,1,973,97302,2,9,0,3,MONTABO (ROUTE DE) 3,4.93511,-52.29329,7,2,2
202100004651,193Â 457,B01,1,1,1,0,2,0,-1,-1, -1,-1,2021,50.0,2,1,0,0,0,0,0,,4,TRESUM (AVENUE DE),0,,1,2,0,1,0,0,1,, -1,1,0,1,50,18,9,1,74,74010,2,1,0,3,TRESUM (AVENUE DE),45.8955431,6.130072,17,2,2
202100051286,110Â 004,B01,1,1,2,1,1,0,-1,-1, -1,-1,2021,51.0,2,2,0,2,6,23,1,,7,ORMES (ROUTE D'),0,,3,4,0,1,1,1,1,, -1,1,0,1,90,16,2,1,45,45302,1,1,0,2,Route dâOrmes-D557 PR1+1,47.952711,1.856268,8,2,2
202100024544,157Â 789,A01,1,1,1,1,2,0,-1,0,0,-1,2021,22.0,1,1,0,0,7,1,1,,4,JUIN (AVENUE MARECHAL),0,,3,2,0,1,(1),(1),3,, -1,1,0,1,50,12,8,5,6,6029,2,1,0,6,JUIN (AVENUE MARECHAL),43.54732,7.04603,4,1,1
202100014437,175Â 892,B01,1,1,1,4,2,0,-1,-1, -1,-1,2021,20.0,1,1,0,2,1,1,1,,3,SADI CARNOT,0,,2,4,0,1,0,1,1,, -1,1,0,1,50,8,10,5,93,93029,2,2,0,3,MAURICE NILES (PLACE),48.9270359362,2.4384373585,21,2,2
202100002209,197Â 846,A01,1,1,2,5,1,-1,-1,0,0,-1,2021,38.0,3,2,13,0,1,0,1,,3,29,-1,,2,2,0,1,1,798,1,, -1,1,0,3,80,19,12,1,50,50564,1,1,0,6,Rue du Mesnil,49.260261,-1.276324,13,1,1
202100027103,153Â 265,A01,1,1,1,5,2,-1,-1,0,0,-1,2021,18.0,0,1,0,0,0,0,1,,3,D520,0,,2,2,0,1,22,550,1,, -1,2,0,1,50,25,7,1,60,60176,2,1,0,7,Boulevard Victor Hugo,49.231725,2.890294,20,1,1
202100039620,130Â 769,B01,1,1,1,0,2,6,-1,-1, -1,-1,2021,30.0,1,1,0,2,4,9,1,,3,RD 914,0,,1,3,0,1,0,0,1,, -1,2,3,1,70,17,5,1,92,92050,2,1,1,2,RD 914,48.9065661727,2.2157151997,15,2,2
202100001730,198Â 695,A01,1,1,1,0,1,5,-1,-1, -1,-1,2021,28.0,0,2,0,2,2,26,6,,4,PLOMBIERES (BOULEVARD DES),0,,1,2,0,1,(1),(1),1,, -1,1,0,1,50,22,12,1,13,13203,2,1,0,3,PLOMBIERES (BOULEVARD DES),43.3176092475,5.3809922556,13,5,2
202100055154,103Â 230,B01,1,1,1,1,1,0,-1,-1, -1,-1,2021,22.0,1,2,0,2,7,1,1,,3,DEVI DU CD 19,0,,1,3,0,1,0,0,2,, -1,2,0,1,30,12,1,4,91,91103,1,6,1,3,DEVI DU CD 19,48.57825,2.29927,20,2,2
202100050970,110Â 573,A01,1,1,1,3,1,5,-1,0,0,-1,2021,73.0,0,2,13,0,1,19,1,,3,10,0,D,2,2,0,1,7,600,1,, -1,1,0,8,80,19,2,1,49,49041,1,2,0,6,D10,47.285918,0.05947,12,1,1
202100004684,193Â 403,B01,1,1,1,5,2,-1,-1,-1, -1,-1,2021,40.0,1,1,0,2,3,26,1,,4,CROIX ROUSSE (DE LA)                (BD),0,,2,2,0,1,(1),(1),1,, -1,2,0,1,50,4,12,1,69,69381,2,1,0,1,CROIX ROUSSE (DE LA) (BD),45.7737930233,4.8250043392,14,2,2
202100006193,190Â 740,A01,1,1,1,1,1,0,-1,-1, -1,-1,2021,29.0,1,2,0,2,1,1,1,,1,AUTOROUTE A86,0,,3,4,0,1,50,0,1,, -1,2,0,1,70,26,11,3,94,94034,1,1,1,2,AUTOROUTE A86,48.75676,2.33061,22,1,1
202100037242,135Â 112,A01,2,2,1,0,1,0,-1,-1, -1,-1,2021,24.0,1,2,0,2,3,1,1,,4,RUE DU PERRAY,0,,2,0,0,1,(1),(1),1,, -1,1,0,1,30,4,5,5,44,44109,2,1,0,3,RUE DU PERRAY,47.24714,-1.51146,21,3,2
202100040847,128Â 622,B01,1,1,1,5,2,-1,-1,0,0,-1,2021,49.0,1,1,0,2,8,1,5,,3,71,0,,2,2,0,2,1,185,3,, -1,1,0,1,50,8,5,1,1,1249,2,2,0,3,MontÃ©e Neuve,45.825338,4.94212,18,2,2
202100009629,184Â 494,A01,10,3,2,1,0,-1,-1,2,3,1,2021,35.0,1,1,1,1,1,14,1,,3,PONT DE CRETEIL - PONT DE CRETEIL (R DU),0,,1,2,0,1,1,0,1,, -1,1,5,1,50,2,11,5,94,94068,2,9,0,6,Rue du Pont de CrÃ©teil,48.80723,2.47102,19,2,1
202100029834,148Â 462,B01,1,1,2,9,2,0,-1,0,0,-1,2021,27.0,2,1,0,2,1,1,5,,4,RUE SAINT DOMINIQUE,0,,1,1,0,1,(1),(1),1,, -1,1,0,1,50,9,7,1,75,75107,2,1,0,3,RUE SAINT DOMINIQUE,48.859359,2.305773,14,2,2
202100005608,191Â 780,A01,10,3,1,1,0,-1,-1,1,3,2,2021,50.0,0,2,0,1,1,1,1,,4,,-1,,2,2,0,1,(1),(1),3,,4,2,0,1,10,29,11,1,33,33003,2,1,1,6,Chemin de la Palue de SabarÃ¨ges,44.92839,-0.51195,8,2,1
202100018819,168Â 005,B01,1,1,1,9,1,0,-1,-1, -1,-1,2021,40.0,1,2,0,2,4,2,0,,4,HARDY  (BOULEVARD),0,,2,2,0,2,0,0,1,, -1,2,0,1,50,14,9,1,93,93047,2,1,1,4,Boulevard Hardy,48.90643,2.56954,9,3,3
202100035110,138Â 944,A01,1,1,1,1,1,-1,-1,0,0,-1,2021,43.0,2,2,0,2,3,13,1,,3,7,0,N,2,2,0,1,12,500,1,, -1,1,0,1,90,15,5,1,83,83116,2,1,0,1,DN 7,43.4570346708,5.8428826725,19,4,2
202100007605,188Â 146,B01,1,1,1,4,1,8,-1,-1, -1,-1,2021,40.0,1,2,0,2,3,1,1,,4,KERLIN (RUE  DE ),0,,2,2,0,1,(1),(1),1,, -1,1,0,1,30,16,11,1,56,56121,2,1,0,1,KERLIN (RUE  DE ),47.74587,-3.37565,9,2,2
202100027773,152Â 069,B01,1,1,2,1,0,0,-1,-1, -1,-1,2021,39.0,2,1,0,2,1,0,5,,3,JEAN COMPAGNON (QU),0,,2,2,0,1,1,0,1,, -1,1,0,1,50,21,7,1,94,94041,2,1,0,3,Quai Jean Compagnon,48.81991,2.39714,20,2,2
202100048774,114Â 584,A01,10,3,1,5,0,-1,-1,4,3,1,2021,52.0,1,3,0,1,7,1,3,,4,BOULEVARD NEY,0,,3,2,0,1,(1),(1),1,, -1,1,0,1,50,7,3,2,75,75118,2,2,0,6,BOULEVARD NEY,48.8979757509,2.3442257918,18,2,1
202100041148,128Â 052,A01,1,1,1,4,2,6,-1,-1, -1,-1,2021,27.0,1,1,0,2,1,1,1,,4,CORNEILLES (BD DES),0,,2,2,0,1,0,0,1,, -1,2,0,1,30,6,5,1,94,94068,2,2,1,3,CORNEILLES (BD DES),48.7858023476,2.4921476841,13,2,2
202100012123,180Â 042,B01,1,1,2,1,2,-1,-1,0,0,-1,2021,50.0,1,1,0,2,6,15,5,,3,632,-1,,2,2,0,1,6,750,1,, -1,1,0,1,80,21,10,1,26,26313,1,3,0,2,Chemin des Grandes Terres,44.97698,4.961749,13,2,2
202100027953,151Â 734,A01,2,2,1,5,1,0,-1,0,0,-1,2021,29.0,1,2,0,0,1,15,1,,4,RUE DES BOULANGERS,0,,1,1,0,2,(1),(1),3,, -1,1,0,1,50,19,7,5,75,75105,2,5,0,6,RUE DES BOULANGERS,48.846541,2.351642,3,2,1
202100041005,128Â 323,A01,1,1,2,5,0,-1,-1,0,0,-1,2021,48.0,0,6,0,0,1,0,1,,4,620,0,A,2,2,0,2,10,0,1,, -1,1,0,8,80,7,5,1,64,64476,1,1,0,7,620 Ozpindegiko Bidea,43.316955,-1.217208,15,1,1
202100020545,164Â 912,B01,1,1,1,0,2,4,-1,-1, -1,-1,2021,25.0,1,0,0,2,7,15,3,,3,,0,,-1,2,0,2,11,185,3,, -1,1,5,1,50,6,9,5,25,25056,2,6,0,3,RN 1057 (BD CHURCHIL-ROUTE DE GRAY),47.24467,5.98204,6,2,2
202100030071,148Â 034,A01,1,1,2,5,1,-1,-1,0,0,-1,2021,33.0,1,2,0,0,4,2,1,,2,4,0, -,3,1,0,1,1,700,1,, -1,1,0,1,90,9,7,1,55,55010,1,1,0,2,RN4 PK 01+700,48.635167,5.008891,17,3,2
202100046148,119Â 273,A01,1,1,2,5,2,8,-1,-1, -1,-1,2021,23.0,1,6,0,0,0,26,0,,3,CHAPIT RE ( RUE DU),0,,2,2,0,2,0,0,1,, -1,1,0,1,50,29,3,1,93,93073,2,1,0,7,CHAPIT RE ( RUE DU),48.96725,2.56774,18,1,1
202100037681,134Â 305,A01,1,1,1,5,2,6,-1,0,0,-1,2021,50.0,1,1,0,0,1,1,1,,3,13,0,,2,2,0,2,31,200,2,, -1,1,0,8,90,29,5,2,23,23202,1,1,0,7,Vauves,46.017216,1.887481,20,1,1
202100019441,166Â 887,A01,1,1,2,5,1,4,-1,-1, -1,-1,2021,21.0,2,2,0,2,1,2,1,,1,AUTOROUTE A6,0,,3,3,0,1,10,487,1,, -1,1,0,1,110,12,9,1,91,91689,1,1,0,2,AUTOROUTE A6,48.72966,2.3144,15,2,2
202100004422,193Â 858,A01,10,3,2,3,0,-1,-1,1,3,1,2021,51.0,1,2,0,1,4,26,1,,3,"""PAUL VAILLANT COUTURIER (AVENUE """"DU 01",0,,2,3,0,1,0,1,1,, -1,2,0,1,50,6,12,1,93,93007,2,1,1,6,"""PAUL VAILLANT COUTURIER (AVENUE """"DU 01",48.9245458436,2.463563095,16,2,1
202100019667,166Â 494,A01,1,1,1,5,8,0,-1,0,0,-1,2021,66.0,1,2,9,0,1,1,1,,7,,0,,2,2,0,1,(1),(1),3,, -1,1,0,1,50,9,9,5,54,54274,2,1,0,6,REPUBLIQUE (RUE DE LA),48.67563,6.20006,22,1,1
202100038564,132Â 714,A01,10,3,2,5,0,-1,-1,2,3,1,2021,72.0,2,1,0,1,1,0,5,,4,,-1,,2,2,0,1,(1),(1),1,, -1,2,0,1,20,24,5,1,61,61153,2,1,1,6,Rue des 3 Freres Terrier,48.717951,-0.124353,12,2,1
202100002341,197Â 603,B01,1,1,2,1,8,0,-1,-1, -1,-1,2021,53.0,2,2,0,2,5,1,1,,1,A51-Sens Marseille vers Aix en Provence,0,,-1,4,0,1,4,949,1,, -1,1,0,1,90,17,12,1,13,13019,1,1,0,3,A51-Sens Marseille vers Aix en Provence,43.4244075473,5.3755434254,15,2,2
202100029563,148Â 947,A01,10,3,1,5,0,-1,-1,9,3,1,2021,13.0,3,2,0,1,3,1,1,,4,RIVIERE DES PLUIES (ROUTE DE LA),0,,2,1,0,2,0,0,1,, -1,1,0,1,50,10,7,2,974,97411,1,9,0,6,RIVIERE DES PLUIES (ROUTE DE LA),-20.90087,55.50058,17,3,1
202100023638,159Â 371,A01,1,1,1,5,2,-1,-1,0,0,-1,2021,61.0,3,1,0,2,1,1,0,,4,0,0,I,-1,2,0,2,(1),(1),3,, -1,1,0,1,80,18,8,1,38,38427,1,1,0,1,chemin des aretes - chemin de quincieu,45.28498,5.36783,16,2,2
202100049486,113Â 299,B01,2,2,1,0,1,0,-1,-1, -1,-1,2021,12.0,1,2,0,2,2,2,1,,4,JULIEN PANCHOT (AVENUE),0,,2,2,0,1,(1),(1),1,, -1,1,0,1,50,1,3,1,66,66136,2,3,0,3,JULIEN PANCHOT (AVENUE),42.68595,2.86815,17,3,2
202100016773,171Â 633,B01,1,1,1,9,2,8,-1,-1, -1,-1,2021,29.0,1,1,0,2,1,1,1,,2,RN02,0,,2,2,0,1,11,0,1,, -1,1,0,1,90,23,9,1,974,97416,1,1,0,2,RN02,-21.334,55.4844,15,2,2
202100001788,198Â 598,B01,1,1,1,5,2,-1,-1,0,0,-1,2021,17.0,0,1,0,2,7,1,1,,4,,-1,,2,2,0,1,(1),(1),1,,4,1,5,1,50,23,12,4,1,1306,2,2,0,3,Rue du Jouvancy,46.260619,4.885649,18,2,2
202100048866,114Â 414,A01,1,1,1,5,2,6,-1,0,0,-1,2021,65.0,1,1,0,2,1,2,1,,4,BOULEVARD PERIPHERIQUE,0,,1,4,0,1,12,700,1,, -1,1,1,1,70,7,3,1,75,75116,2,1,0,2,BOULEVARD PERIPHERIQUE,48.852422,2.252586,12,2,2
202100039728,130Â 567,A01,1,1,1,5,8,0,-1,-1, -1,-1,2021,15.0,2,1,0,2,1,1,5,,4,KLEBER (RUE),0,,2,2,1,1,1,0,1,, -1,2,0,1,30,16,5,1,93,93048,2,2,0,3,KLEBER (RUE),48.854932,2.434919,14,2,2
202100011823,180Â 589,B01,1,1,2,0,1,0,-1,-1, -1,-1,2021,21.0,2,2,0,2,5,23,0,,7,D980,0,,1,2,0,3,2,29,4,, -1,1,9,1,70,20,10,1,31,31149,2,2,0,2,D980,43.59692,1.36379,15,4,2
202100023376,159Â 835,B01,1,1,1,5,1,-1,-1,0,0,-1,2021,82.0,1,2,0,2,1,1,1,,3,17,0,,2,2,0,1,11,290,1,, -1,1,5,1,70,20,8,1,71,71371,1,2,0,3,Route de Cluny,46.3512203371,4.7102384074,16,4,2
202100002488,197Â 325,A01,1,1,1,5,1,-1,-1,0,0,-1,2021,22.0,1,2,13,0,3,1,1,,3,9,0,,2,2,0,1,20,675,1,, -1,7,0,3,80,18,12,3,33,33254,1,1,1,6,dÃ©partementale 9,44.532478,-0.040914,4,1,1
202100017065,171Â 121,A01,10,3,1,5,0,-1,-1,8,3,1,2021,84.0,2,5,0,1,4,4,1,,4,PLACE JACQUES BONSERGENT,0,,1,1,0,1,(1),(1),2,, -1,1,0,1,30,23,9,1,75,75110,2,7,0,6,PLACE JACQUES BONSERGENT,48.8712807187,2.3605403511,12,2,1
202100037049,135Â 475,B01,1,1,1,5,2,6,-1,0,0,-1,2021,27.0,3,1,0,2,1,3,1,,4,QUAI DE BERCY,0,,-1,3,0,2,(1),(1),1,, -1,1,0,1,50,1,6,1,75,75112,2,1,0,3,QUAI DE BERCY,48.834509,2.380911,18,2,2
202100031485,145Â 475,B01,1,1,1,5,0,-1,-1,0,0,-1,2021,73.0,2,1,0,2,8,2,5,,3,19,0,D,2,2,0,1,4,500,1,, -1,1,0,1,70,1,7,1,27,27013,1,1,0,3,Route du Val Pitan,49.311499,1.248617,8,2,2
202100053528,106Â 037,A01,1,1,1,0,1,-1,-1,0,0,-1,2021,38.0,2,2,0,0,8,1,1,,3,751,-1,,2,2,0,1,56,300,1,, -1,1,0,1,80,5,1,1,37,37014,1,1,0,3,D751,47.263971,0.459881,12,2,2
202100016341,172Â 426,B01,1,1,1,0,2,6,-1,-1, -1,-1,2021,22.0,1,1,0,2,1,3,1,,1,A86.INT,0,,3,4,0,1,29,100,1,, -1,1,0,1,90,29,9,1,94,94033,1,1,0,2,A86.INT,48.8606307802,2.4846398604,18,2,2
202100004794,193Â 209,A01,4,2,2,0,1,0,-1,-1, -1,-1,2021,22.0,1,2,8,0,1,1,1,,4,JULES GUESDE (RUE),0,,-1,2,0,1,0,0,2,, -1,2,0,1,50,4,12,5,10,10387,2,1,1,6,JULES GUESDE (RUE),48.30522,4.0741,4,3,1
202100020662,164Â 697,A01,1,1,1,5,2,6,-1,-1, -1,-1,2021,52.0,2,1,13,0,1,26,1,,1,Autoroute A31,0,,1,1,0,1,313,500,2,, -1,1,3,3,70,5,9,2,57,57433,1,1,0,7,Autoroute A31,49.2,6.17,8,1,1
202100041578,127Â 280,B01,3,2,1,9,1,8,-1,-1, -1,-1,2021,48.0,1,0,0,2,4,23,6,,3,7,0,,3,6,0,1,0,0,1,, -1,1,0,1,50,3,5,1,92,92062,2,1,0,4,DE DION BOUTON (QUAI) DU 29 AU 65,48.87868,2.24294,10,4,3
202100037411,134Â 793,A01,1,1,1,0,2,6,-1,-1, -1,-1,2021,26.0,3,1,12,0,2,1,1,,4,BOUCLE (DE LA)                      (MO),0,,1,2,1,2,(1),(1),2,, -1,1,0,5,50,30,5,5,69,69034,2,1,0,7,BOUCLE (DE LA)                      (MO),45.78284,4.83699,22,1,1
202100005178,192Â 525,A01,1,1,1,1,1,-1,-1,0,0,-1,2021,29.0,1,2,0,2,3,13,1,,3,7,0,,2,2,2,1,12,800,3,, -1,2,0,1,80,3,12,2,69,69112,1,1,0,1,SAIN BEL (DE) (RTE),45.8049658788,4.6464550495,8,2,2
202100051949,108Â 848,B01,2,2,2,5,1,-1,-1,0,0,-1,2021,43.0,2,2,0,0,8,15,1,,3,38,0,,2,2,0,1,(1),(1),1,, -1,1,0,1,80,10,2,1,84,84116,1,1,0,3,D938 route de Nyons,44.266892,5.103385,13,3,2
202100020255,165Â 430,B01,1,1,1,0,2,6,-1,-1, -1,-1,2021,17.0,2,1,0,2,1,26,1,,3,ETREMBIERES (ROUTE D'),0,,2,2,0,1,0,1,3,, -1,1,2,1,50,7,9,1,74,74012,2,3,0,3,ETREMBIERES (ROUTE D'),46.18367,6.23089,11,3,2
202100040920,128Â 479,C01,1,1,2,1,1,0,-1,-1, -1,-1,2021,42.0,1,2,0,2,4,1,1,,4,RN 76 - Route de St Avertin,0,,2,4,0,1,(1),(1),1,, -1,1,0,1,50,6,5,1,37,37261,2,1,0,4,RN 76 - Route de St Avertin,47.3652074203,0.7119854222,17,4,4
202100009684,184Â 396,A01,1,1,1,5,1,-1,-1,0,0,-1,2021,30.0,2,2,0,2,3,13,1,,2,1,-1,,2,3,3,4,(1),(1),1,,"10,5",1,0,1,80,3,11,1,971,97114,1,1,0,1,N1,16.122305,-61.577747,14,4,2
202100038311,133Â 158,A01,10,3,2,2,8,8,-1,3,3,1,2021,17.0,1,5,0,1,2,1,1,,4,PASTEUR (RUE),0,,2,2,0,2,1,0,1,, -1,1,0,1,50,25,5,1,974,97416,2,1,0,-1,PASTEUR (RUE),-21.2826830759,55.4727965299,6,2,1
202100042174,126Â 237,A01,10,3,2,2,0,-1,-1,9,3,2,2021,9.0,3,2,0,1,1,1,1,,4,GALVANI (RUE),0,,2,1,0,1,(1),(1),1,, -1,1,0,1,50,28,4,1,59,59512,2,1,0,6,GALVANI (RUE),50.69612,3.186,13,2,1
202100046824,118Â 080,A01,10,3,2,2,0,-1,-1,3,3,1,2021,12.0,1,1,0,1,3,1,1,,7,2,0,D,2,2,0,1,14,238,1,, -1,1,5,1,50,24,3,1,31,31541,2,6,0,6,route de Toulouse,43.680482,1.36275,7,2,1
202100012631,179Â 135,A01,1,1,2,5,2,6,-1,-1, -1,-1,2021,42.0,3,1,0,2,1,26,1,,4,TIRAILLEURS SENEGALAIS (AVE DES),0,,2,2,0,1,0,0,1,, -1,1,0,1,50,17,10,1,83,83137,2,1,0,2,TIRAILLEURS SENEGALAIS (AVE DES),43.110256,5.931972,16,2,2
202100049757,112Â 803,B01,1,1,1,5,1,-1,-1,0,0,-1,2021,69.0,1,2,0,2,4,15,1,,3,RD 783,0,,2,2,0,2,39,300,1,, -1,1,0,1,70,28,2,1,29,29039,1,3,0,2,D783 - Lieu dit le Douric,47.9151847386,-3.9455853745,10,3,2
202100004003,194Â 585,A01,2,2,2,0,1,-1,-1,-1, -1,-1,2021,26.0,0,2,8,0,0,0,1,,3,AMIRAL MOUCHEZ (BD),0,,2,2,0,1,0,0,1,, -1,1,0,1,50,6,12,5,76,76351,2,1,0,6,AMIRAL MOUCHEZ (BD),49.48769,0.14684,23,2,1
202100005386,192Â 163,B01,1,1,1,4,2,6,-1,0,0,-1,2021,45.0,2,1,0,2,1,5,1,,4,BOULEVARD MALESHERBES,0,,2,6,0,1,(1),(1),1,, -1,1,0,1,30,30,11,1,75,75108,2,1,0,3,BOULEVARD MALESHERBES,48.872652,2.321442,12,2,2
202100004466,193Â 784,A01,1,1,1,1,1,-1,-1,0,0,-1,2021,32.0,1,2,2,0,8,1,1,,3,431,0,D,2,2,0,1,(1),(1),3,, -1,7,0,3,70,7,12,3,68,68342,1,1,0,6,D431,47.816959,7.192268,5,1,1
202100004055,194Â 498,A01,1,1,1,1,8,0,-1,-1, -1,-1,2021,31.0,1,1,8,0,0,16,5,,4,BAUGE (RUE MICHEL),0,,2,2,0,1,(1),(1),1,, -1,2,0,5,50,1,12,1,37,37261,2,3,0,7,BAUGE (RUE MICHEL),47.3816443544,0.6682375073,9,1,1
202100010085,183Â 675,A01,1,1,1,0,8,-1,-1,0,0,-1,2021,59.0,1,2,0,2,6,13,1,,3,,0,,2,2,0,1,8,36,2,,"5,5",3,0,1,70,30,10,1,64,64256,2,1,1,3,D21,43.400018,-1.312757,13,3,2
202100040180,129Â 778,B01,1,1,1,1,8,0,-1,-1, -1,-1,2021,27.0,1,1,0,2,3,0,6,,4,CARNOT,0,,-1,2,0,1,1,0,1,, -1,1,0,1,50,11,5,1,49,49007,2,3,0,3,CARNOT,47.47534,-0.54855,12,2,2
202100011185,181Â 736,A01,1,1,1,0,2,6,-1,-1, -1,-1,2021,32.0,2,1,0,2,1,3,1,,1,AUTOROUTE A3,0,,1,3,0,1,0,100,1,, -1,1,3,1,90,25,10,1,93,93006,1,1,0,2,AUTOROUTE A3,48.86627,2.41461,14,2,2
202100009239,185Â 199,B01,1,1,1,1,8,0,-1,-1, -1,-1,2021,45.0,3,1,1,2,1,19,3,,7,FLANDRE (AVENUE DE),0,,2,8,1,1,(1),(1),1,, -1,2,4,1,50,5,11,1,59,59646,2,8,0,1,FLANDRE (AVENUE DE),50.66473,3.1179,8,2,2
202100049907,112Â 530,B01,1,1,1,3,1,0,-1,-1, -1,-1,2021,63.0,0,1,0,2,8,19,0,,4,PRESIDENT JOHN KENNEDY (AVENUE),0,,2,2,0,1,1,0,1,, -1,1,0,1,50,27,2,1,93,93050,2,2,1,3,PRESIDENT JOHN KENNEDY (AVENUE),48.8648109808,2.5259247651,10,2,2