Num_Acc,id_vehicule,num_veh,place,catu,sexe,trajet,secu1,secu2,secu3,locp,actp,etatp,year_acc,victim_age,senc,catv,obs,obsm,choc,manv,motor,occutc,catr,voie,v1,v2,circ,nbv,vosp,prof,pr,pr1,plan,lartpc,larrout,surf,infra,situ,vma,jour,mois,lum,dep,com,agg_,int,atm,col,adr,lat,long,hour,nb_victim,nb_vehicules
202100009134,185Â 382,B01,2,1,1,9,2,6,-1,-1, -1,-1,2021,22.0,1,1,0,2,2,3,1,,3,RODIN (BOULEVARD),0,,2,2,0,1,0,0,1,, -1,1,0,1,30,6,11,1,92,92040,2,1,0,3,Boulevard Rodin,48.8188385989,2.2581169009,14,2,2
202100010420,183Â 098,A01,10,3,2,1,0,-1,-1,3,3,1,2021,18.0,2,2,0,1,2,1,1,,3,28,-1,,3,4,0,3,61,(1),1,, -1,1,0,1,50,29,10,4,28,28191,2,1,0,1,Route de Gallardon,48.594107,1.678017,21,2,1
202100042461,125Â 721,B01,1,1,1,5,8,0,-1,-1, -1,-1,2021,64.0,2,1,1,0,1,1,5,,7,DUNKERQUE AVENUE DE,0,,2,4,1,1,(1),(1),1,, -1,1,0,5,50,26,4,1,59,59328,2,1,0,6,DUNKERQUE AVENUE DE,50.6391962646,3.0208110809,9,2,2
202100051077,110Â 376,A01,1,1,1,1,2,0,-1,0,0,-1,2021,36.0,0,1,0,0,1,2,1,,3,PELISSIER AV.JEAN MICHARD,0,,2,2,0,1,2,750,2,, -1,1,0,3,50,18,2,1,6,6004,1,1,0,7,PELISSIER AV.JEAN MICHARD,43.61104,7.10952,9,1,1
202100009967,183Â 884,B01,1,1,1,4,1,-1,-1,0,0,-1,2021,48.0,2,4,0,2,1,1,1,,1,63,0,,3,6,0,1,42,900,1,, -1,1,0,1,90,27,10,1,33,33042,1,1,0,2,,44.475604,-0.826758,11,2,2
202100000423,200Â 952,A01,1,1,1,0,1,-1,-1,0,0,-1,2021,25.0,3,2,2,0,1,0,1,,4,,-1,,2,2,0,1,(1),(1),1,,4,1,0,3,80,22,12,3,67,67085,2,1,0,6,Rue du Vignoble,48.5692715951,7.4650651217,19,1,1
202100016580,171Â 995,B01,1,1,1,1,0,-1,-1,0,0,-1,2021,26.0,3,1,0,2,1,1,5,,7,,-1,,2,2,1,1,(1),(1),1,,4,1,0,5,50,27,9,2,38,38229,2,1,0,3,Chemin du Vieux ChÃªne,45.208684,5.791147,7,2,2
202100038921,132Â 061,A01,1,1,1,9,0,0,-1,0,0,-1,2021,15.0,2,1,1,0,4,14,1,,4,AUVERGNE (D'),0,,2,2,0,1,(1),(1),1,, -1,1,0,4,50,17,5,1,36,36044,2,1,0,6,39 Rue dâAuvergne,46.80293,1.6816,13,1,1
202100024753,157Â 403,A01,1,1,2,1,1,-1,-1,0,0,-1,2021,26.0,2,2,4,0,9,1,1,,4,POULGUINAN BOULEVARD DE,0,,1,1,0,2,70,200,2,, -1,2,2,1,50,10,8,1,29,29232,2,1,0,7,Boulevard de Poulguinan,47.98002,-4.12104,8,1,1
202100035263,138Â 669,A01,1,1,1,0,2,0,-1,-1, -1,-1,2021,17.0,2,1,0,2,1,1,1,,4,EUROPE (AVENUE DE L'),0,,2,2,0,1,(1),(1),1,, -1,1,0,1,50,9,6,1,37,37261,2,2,0,6,EUROPE (AVENUE DE L'),47.4229082677,0.6857040524,15,2,2
202100030558,147Â 139,A01,2,2,1,0,1,0,-1,0,0,-1,2021,25.0,3,2,0,2,2,15,1,,4,HERMITE (RUE CHARLES L'),0,,2,2,0,1,(1),(1),1,, -1,1,9,1,30,5,7,1,54,54159,1,2,0,6,Chemin des sables,48.60255,6.36164,17,4,3
202100047867,116Â 199,A01,10,3,1,5,0,-1,-1,1,5,2,2021,17.0,2,2,0,1,7,1,1,,3,51,0,D,1,1,0,1,17,200,2,0,"2,6",1,0,1,50,16,3,1,16,16106,2,1,0,6,Rue des RÃ©collets,46.012883,0.671024,11,2,1
202100020774,164Â 506,B01,1,1,2,5,1,-1,-1,0,0,-1,2021,33.0,1,2,0,2,2,1,1,,3,10,-1,,2,2,0,1,2,53,1,,5,1,0,1,80,6,9,1,58,58004,1,1,0,2,D10,47.026069,3.640552,16,2,2
202100040410,129Â 379,B01,1,1,1,5,2,6,-1,0,0,-1,2021,15.0,2,1,0,2,1,13,1,,3,112,-1,,2,2,0,2,12,800,3,, -1,1,0,1,80,11,5,1,18,18230,1,1,0,1,D112,46.666402,2.319475,17,3,2
202100024639,157Â 619,A01,1,1,1,0,1,0,-1,-1, -1,-1,2021,30.0,3,2,8,0,1,26,1,,3,SEMAT ROGER,0,,2,2,0,2,0,1,3,, -1,1,0,1,50,11,8,5,93,93066,2,2,0,6,Avenue Roger SÃ©mat / Avenue LÃ©nine,48.947045,2.357426,5,2,1
202100029789,148Â 541,A01,2,2,1,5,1,0,-1,-1, -1,-1,2021,17.0,1,2,0,2,1,2,1,,4,CHINON (BOULEVARD DE),0,,2,2,0,1,(1),(1),3,, -1,1,0,1,50,8,7,1,37,37122,2,1,0,2,CHINON (BOULEVARD DE),47.3520912961,0.6869664432,18,4,2
202100004823,193Â 161,B01,1,1,1,0,2,6,-1,-1, -1,-1,2021,32.0,1,1,0,2,1,1,1,,3,PARIS (AV DE),0,,2,2,1,1,1,0,1,, -1,2,9,1,50,4,12,2,94,94080,2,1,1,3,Avenue de Paris,48.8457,2.428,7,2,2
202100014618,175Â 586,B01,1,1,1,1,2,0,-1,-1, -1,-1,2021,32.0,3,1,0,2,9,1,1,,7,RD 569,0,,2,2,0,1,(1),(1),1,, -1,1,0,1,80,7,10,3,13,13047,1,1,0,3,RD 569,43.55093,4.97376,22,2,2
202100055564,102Â 534,B01,1,1,1,5,1,-1,-1,0,0,-1,2021,21.0,2,2,0,2,1,1,2,,2,6,-1,,2,2,0,2,22,380,1,, -1,1,0,1,80,11,1,1,972,97232,1,1,0,1,Petite Grenade,14.558392,-60.84765,12,4,2
202100056398,101Â 090,B01,1,1,1,5,1,-1,-1,-1, -1,-1,2021,22.0,1,2,0,0,4,2,1,,4,,0,,2,4,1,1,(1),(1),1,, -1,2,0,1,50,1,1,5,69,69266,2,4,1,2,EMILE ZOLA     (Cours),45.77001,4.87682,3,2,2
202100043599,123Â 741,A01,1,1,1,5,2,6,-1,0,0,-1,2021,15.0,1,1,0,2,1,1,1,,3,219,-1,D,2,2,0,2,5,605,2,, -1,1,9,1,80,16,4,1,33,33474,1,1,0,2,D219,44.665085,-0.485826,15,2,2
202100022773,160Â 892,A01,3,2,2,0,8,0,-1,-1, -1,-1,2021,31.0,1,2,0,2,4,1,1,,1,A86 INT,0,,3,6,0,1,31,399,1,, -1,1,1,1,90,24,8,1,94,94052,1,1,0,2,A86 INT,48.83761,2.49392,14,4,2
202100040419,129Â 364,A01,10,3,2,5,0,-1,-1,3,3,2,2021,15.0,1,2,0,1,1,1,0,,2,2,-1,,2,2,0,1,(1),(1),1,, -1,1,0,1,50,25,3,1,971,97104,2,1,0,6,Avenue du PÃ¨re Labat,16.013388,-61.746452,17,2,1
202100041677,127Â 109,A01,1,1,2,5,1,0,-1,-1, -1,-1,2021,31.0,1,2,0,0,1,1,1,,4,CHUTES LAVI (AVENUE),0,,2,2,0,1,(1),(1),1,, -1,1,0,1,50,2,5,1,13,13204,2,9,0,7,CHUTES LAVI (AVENUE),43.313005,5.397059,17,1,1
202100037271,135Â 053,B01,1,1,1,0,8,0,-1,0,0,-1,2021,45.0,1,1,0,2,0,0,1,,4,REDON (BOULEVARD DU),0,,2,0,0,1,(1),(1),1,, -1,1,0,1,50,3,5,1,13,13209,2,1,0,3,REDON (BOULEVARD DU),43.249547,5.422467,10,2,2
202100012775,178Â 887,A01,10,3,2,5,0,-1,-1,2,3,1,2021,23.0,2,2,0,1,1,1,1,,4,210,-1,D,2,3,0,1,(1),(1),1,, -1,1,0,1,50,29,9,1,33,33056,2,1,0,6,Avenue du 11 Novembre,44.911826,-0.624987,16,2,1
202100005323,192Â 274,B01,1,1,1,9,2,-1,-1,-1, -1,-1,2021,24.0,2,1,0,2,8,17,1,,4,RUE ALESSANDRO VOLTA,0,,2,2,0,1,(1),(1),1,, -1,1,0,1,50,30,11,1,33,33281,2,1,0,3,RUE ALESSANDRO VOLTA,44.85337,-0.67202,9,2,2
202100045954,119Â 613,B01,1,1,1,0,8,0,-1,0,0,-1,2021,18.0,0,1,0,2,0,15,5,,4,HUGO (RUE VICTOR),0,,2,2,0,1,(1),(1),1,, -1,1,0,1,30,30,3,1,27,27229,2,2,1,1,HUGO (RUE VICTOR),49.02245,1.15092,17,2,2
202100015580,173Â 835,C01,3,2,1,9,1,8,-1,-1, -1,-1,2021,40.0,2,2,0,2,4,2,1,,4,BERANGER (BOULEVARD),0,,2,4,0,1,(1),(1),1,, -1,1,0,1,50,30,9,1,37,37261,2,1,0,4,BERANGER (BOULEVARD),47.3891968251,0.682411537,17,5,3
202100008204,187Â 055,A01,10,3,2,0,0,-1,-1,3,3,-1,2021,81.0,3,2,0,1,1,0,1,,7,106,0,D,2,2,0,1,(1),(1),1,, -1,1,0,1,50,5,11,1,38,38486,2,1,0,6,Avenue de Grenoble,45.16868,5.691798,8,2,1
202100035274,138Â 651,B01,1,1,1,1,2,6,-1,-1, -1,-1,2021,48.0,3,1,0,2,4,16,1,,4,MAIL (AVENUE DU),0,,2,2,0,2,1,0,1,, -1,1,0,1,50,10,6,1,30,30028,2,1,0,6,MAIL (AVENUE DU),44.16667,4.61667,12,2,2
202100017785,169Â 825,A01,10,3,2,9,0,-1,-1,3,3,1,2021,69.0,1,5,0,1,1,26,1,,3,SAINTONGE BLANC. A APOTRES AVENUE DE,0,,2,2,0,1,0,508,1,, -1,1,6,8,50,10,9,1,17,17415,1,1,1,6,SAINTONGE BLANC. A APOTRES AVENUE DE,45.740177,-0.653248,16,2,1
202100026533,154Â 266,C01,1,1,2,5,9,-1,-1,0,0,-1,2021,38.0,1,1,0,2,4,2,5,,3,196,0,D,2,2,0,1,0,740,1,, -1,1,0,1,50,29,7,3,56,56034,2,1,0,6,Rue du MÃ©nec,47.591516,-3.083485,22,3,3
202100044338,122Â 414,B01,1,1,1,4,1,-1,-1,0,0,-1,2021,27.0,1,5,0,9,1,17,1,,1,40,0,,1,2,0,2,142,700,1,, -1,1,0,1,130,13,4,1,1,1273,1,1,0,6,A40,46.077069,5.360894,11,2,2
202100029718,148Â 673,A01,1,1,1,5,2,6,-1,-1, -1,-1,2021,61.0,2,1,0,2,0,1,1,,1,A7-Sens Marseille vers Lyon,0,,1,3,0,1,275,0,1,, -1,1,1,1,90,9,7,1,13,13215,1,1,0,3,A7-Sens Marseille vers Lyon,43.36685,5.36078,11,3,3
202100035277,138Â 645,B01,1,1,1,0,8,0,-1,-1, -1,-1,2021,52.0,1,2,0,2,8,12,0,,3,CONTE (AVENUE NICOLAS),0,,-1,0,0,1,0,0,1,, -1,1,0,1,50,10,6,1,28,28085,2,1,0,3,CONTE (AVENUE NICOLAS),48.45597,1.54246,18,2,2
202100053220,106Â 606,A01,1,1,1,9,8,0,-1,-1, -1,-1,2021,43.0,3,1,0,2,7,1,5,,4,HUGO   RUE VICTOR,0,,1,1,0,2,(1),(1),1,, -1,2,0,1,50,28,1,1,17,17300,2,2,1,3,HUGO   RUE VICTOR,46.16121,-1.16728,8,3,2
202100007941,187Â 547,B01,1,1,1,1,2,6,-1,-1, -1,-1,2021,45.0,2,1,0,2,5,9,1,,1,AUTOROUTE A6A,0,,3,3,0,1,3,700,1,, -1,1,0,1,90,16,11,4,94,94038,1,1,0,3,AUTOROUTE A6A,48.7848,2.34659,18,2,2
202100026267,154Â 748,A01,1,1,1,0,2,8,-1,-1, -1,-1,2021,17.0,0,1,0,0,0,0,1,,4,RUE DE LA MARE DES BELLES FILLES ,0,,2,2,0,1,0,0,1,, -1,1,0,1,50,30,7,3,91,91223,2,1,0,7,RUE DE LA MARE DES BELLES FILLES ,48.40174,2.12642,5,1,1
202100005707,191Â 602,A01,10,3,2,5,0,-1,-1,3,3,2,2021,59.0,0,2,0,1,8,1,1,,4,,-1,,2,2,0,2,(1),(1),1,,6,1,0,1,50,30,11,1,84,84138,2,1,0,6,Avenue Charles de Gaulle,44.3842,4.987605,14,3,1
202100048679,114Â 741,B01,1,1,1,1,2,6,-1,-1, -1,-1,2021,63.0,1,1,0,2,2,1,1,,4,LORRAINE,0,,2,3,0,1,(1),(1),1,, -1,2,0,1,50,22,2,1,32,32013,2,1,0,3,LORRAINE,43.64949,0.5886,13,3,2
202100032135,144Â 308,A01,1,1,1,9,2,0,-1,0,0,-1,2021,26.0,2,1,0,2,2,1,1,,4,RUE DE VAUGIRARD,0,,1,3,0,1,(1),(1),1,, -1,2,0,1,50,26,6,5,75,75115,2,2,1,3,RUE DE VAUGIRARD,48.837915,2.297746,4,2,2
202100052451,107Â 958,A01,1,1,2,5,1,0,-1,-1, -1,-1,2021,77.0,0,2,10,0,3,1,1,,4,PONT LOUIS XIII (ROUTE DU),0,,-1,1,0,1,(1),(1),1,, -1,9,2,1,50,5,2,1,7,7186,2,1,0,6,PONT LOUIS XIII (ROUTE DU),44.72896,4.59961,9,1,1
202100042216,126Â 163,B01,1,1,2,9,2,0,-1,0,0,-1,2021,34.0,2,1,0,2,7,19,5,,4,RUE REAUMUR,0,,1,2,0,1,(1),(1),1,, -1,1,0,1,50,27,4,1,75,75103,2,2,0,3,RUE REAUMUR,48.865459,2.356123,9,2,2
202100043033,124Â 754,B01,1,1,1,0,0,0,-1,-1, -1,-1,2021,25.0,3,1,0,2,7,19,3,,4,BLAYAC (RUE DU PROFESSEUR),0,,2,5,0,2,(1),(1),1,, -1,1,0,1,50,22,4,1,34,34172,2,2,0,3,BLAYAC (RUE DU PROFESSEUR),43.626,3.82405,19,2,2
202100050241,111Â 909,A01,1,1,1,1,2,0,-1,-1, -1,-1,2021,19.0,2,1,0,2,2,17,1,,4,,0,,2,2,0,1,0,0,1,, -1,1,0,1,50,25,2,1,92,92024,2,3,0,3,PIERRE BEREGOVOY (RUE),48.9015325937,2.294434011,11,2,2
202100033853,141Â 251,A01,1,1,1,5,8,-1,-1,-1, -1,-1,2021,37.0,2,2,2,0,1,0,1,,3,ROND POINT DE BREZILLET,0,,4,2,0,1,48,0,2,, -1,1,5,8,50,9,5,3,22,22360,2,1,0,7,ROND POINT DE BREZILLET,48.4935943723,-2.7621817589,4,1,1
202100036673,136Â 160,B01,1,1,1,1,2,6,-1,-1, -1,-1,2021,21.0,2,1,0,2,1,1,1,,3,909,0,,2,0,0,1,0,0,1,, -1,1,0,1,50,3,6,1,92,92004,2,3,0,2,COLOMBES ( RUE DE 31 A ),48.91324,2.28256,14,2,2
202100025418,156Â 224,B01,1,1,1,1,2,-1,-1,-1, -1,-1,2021,57.0,1,1,0,2,1,1,1,,4,GUILLOTIERE (DE LA)                 (GR),0,,1,2,2,1,(1),(1),1,, -1,1,0,1,50,5,8,1,69,69387,2,1,0,3,GUILLOTIERE (DE LA) (GR),45.7494474785,4.8528670571,7,2,2
202100044562,122Â 063,A01,2,2,2,5,1,8,-1,-1, -1,-1,2021,19.0,1,2,0,2,7,1,1,,4,FREBAULT (RUE  DU GENERAL ),0,,1,1,0,1,(1),(1),1,, -1,1,0,1,30,8,4,1,56,56121,2,2,0,3,FREBAULT (RUE  DU GENERAL ),47.74014,-3.37526,12,3,2
202100035706,137Â 889,B01,1,1,1,5,2,0,-1,-1, -1,-1,2021,79.0,1,1,0,2,4,9,6,,3,HOUCKE (AVENUE JULES),0,,1,2,0,1,(1),(1),2,, -1,1,0,1,50,6,6,1,59,59431,1,6,0,2,BAILLY ZONE COMMERCIALE,50.68601,2.84273,11,2,2
202100024899,157Â 152,A01,1,1,2,1,8,0,-1,0,0,-1,2021,34.0,1,1,0,0,0,1,5,,4,BOULEVARD DE LA VILLETTE,0,,-1,1,1,1,(1),(1),1,, -1,2,0,5,50,9,8,1,75,75110,2,1,0,7,BOULEVARD DE LA VILLETTE,48.881074,2.370093,12,1,1
202100049404,113Â 448,B01,1,1,1,1,2,8,-1,0,0,-1,2021,64.0,2,1,0,2,3,1,1,,4,GINESTIERE (CH. DE LA),0,,2,2,0,2,0,0,3,, -1,1,0,1,50,3,3,5,6,6088,2,1,0,3,GINESTIERE (CH. DE LA),43.703827,7.203014,19,2,2
202100025075,156Â 833,A01,1,1,1,5,2,6,-1,0,0,-1,2021,57.0,1,1,0,2,1,13,1,,3,900,0,,2,2,0,1,105,10,3,, -1,1,0,1,80,8,8,1,4,4120,1,1,0,1,RD 900,44.476628,6.779197,17,2,2
202100017996,169Â 461,A01,10,3,2,0,8,-1,-1,2,3,1,2021,45.0,1,2,0,1,2,15,1,,4,LOUIS DUCLOS                        (R ),0,,1,1,0,1,(1),(1),1,, -1,1,8,1,30,14,9,1,69,69256,2,4,0,6,LOUIS DUCLOS (R),45.78635,4.92603,8,2,1
202100013681,177Â 246,A01,1,1,2,1,2,6,-1,0,0,-1,2021,35.0,1,1,0,2,7,17,1,,4,AVENUE JEAN JAURES,0,,2,0,0,2,(1),(1),1,, -1,1,0,1,50,12,10,5,75,75119,2,3,0,3,AVENUE JEAN JAURES,48.888775,2.39306,19,2,2
202100033589,141Â 726,B01,1,1,1,5,8,0,-1,-1, -1,-1,2021,19.0,2,1,0,2,8,1,5,,4,VILLES-MOLLÃ (ROUTE DE),0,,2,2,0,1,(1),(1),1,, -1,1,5,1,50,16,6,3,44,44184,2,6,0,3,VILLES-MOLLÃ (ROUTE DE),47.25907,-2.28237,0,2,2
202100004337,194Â 007,B01,1,1,1,5,2,6,-1,0,0,-1,2021,62.0,2,1,0,2,1,1,1,,3,21,0,D,2,2,0,1,12,0,1,, -1,2,0,1,80,7,12,1,85,85278,1,2,1,3,Avenue des Chevaliers,46.416319,-1.538542,11,2,2
202100046920,117Â 905,A01,10,3,1,0,0,-1,-1,1,3,1,2021,13.0,0,2,0,1,1,1,1,,4,RUE FRANCOIS LACHAMBRE,0,,2,2,0,1,(1),(1),1,, -1,1,0,1,50,16,3,1,31,31555,2,1,0,6,RUE FRANCOIS LACHAMBRE,43.63341,1.45967,14,2,1
202100026506,154Â 319,A01,1,1,1,1,2,6,-1,-1, -1,-1,2021,35.0,1,1,0,2,1,1,1,,3,PIERRE BROSSOLETTE (AV),0,,2,2,0,1,1,0,1,, -1,1,0,1,50,29,7,1,94,94058,2,1,0,3,Avenue Pierre Brossolette,48.83487,2.50468,19,2,2
202100026786,153Â 843,A01,10,3,1,9,0,-1,-1,2,3,1,2021,35.0,1,4,0,1,2,1,1,,4,C.De GAULLE (Rocade),0,,3,2,0,1,0,1,2,, -1,1,9,1,50,13,7,5,84,84007,1,1,0,6,C.De GAULLE (Rocade),43.93655,4.78175,0,2,1
202100037881,133Â 951,A01,1,1,1,0,2,6,-1,0,0,-1,2021,25.0,1,1,0,2,1,15,1,,2,2,0,N,2,2,0,1,(1),(1),1,, -1,1,0,1,50,28,5,1,974,97412,2,1,0,3,322 Rue RaphaÃ«l Babet,-21.379266,55.62404,13,2,2
202100036883,135Â 771,A01,1,1,1,9,0,-1,-1,0,0,-1,2021,57.0,1,5,13,0,2,14,1,,2,6,-1,,2,2,0,2,22,0,2,, -1,1,0,3,80,2,6,3,972,97232,1,1,0,6,N6,14.560864,-60.85207,19,1,1
202100044594,122Â 008,B01,1,1,1,5,8,0,-1,0,0,-1,2021,43.0,2,1,0,2,1,1,5,,4,AVENUE D ITALIE,0,,2,6,1,1,(1),(1),1,, -1,1,-1,5,50,9,4,1,75,75113,2,1,0,3,AVENUE D ITALIE,48.827677,2.356808,13,2,2
202100039929,130Â 213,A01,1,1,2,1,2,6,-1,-1, -1,-1,2021,29.0,3,1,0,0,3,1,1,,4,PIECE NOYEE (ROND POINT DE LA),0,,1,2,0,1,0,0,1,, -1,2,5,1,30,13,5,2,64,64102,2,1,1,7,PIECE NOYEE (ROND POINT DE LA),43.49899,-1.48128,20,1,1
202100013238,178Â 078,A01,10,3,2,0,0,-1,-1,3,3,1,2021,18.0,1,2,0,1,1,17,2,,4,KENNEDY (BD JOHN-FITZGERALD),0,,3,4,0,1,(1),(1),1,, -1,1,0,1,50,14,10,1,66,66136,2,1,0,6,KENNEDY (BD JOHN-FITZGERALD),42.68709,2.9061,11,2,1
202100020124,165Â 655,A01,1,1,1,4,8,0,-1,-1, -1,-1,2021,29.0,3,1,0,2,8,19,5,,3,GORKI MAXIME,0,,3,4,3,1,0,1,1,, -1,1,0,1,50,6,9,5,93,93066,2,1,0,3,GORKI MAXIME,48.943412,2.3871,21,2,2
202100050958,110Â 593,C01,2,2,1,5,1,-1,-1,0,0,-1,2021,82.0,2,2,0,2,3,1,1,,3,59,-1,,2,1,0,1,2,400,3,, -1,1,0,1,80,19,2,1,67,67073,1,1,0,5,D1059 - PR 002+400,48.281694,7.36202,16,5,3
202100002496,197Â 313,A01,1,1,1,5,2,6,0,0,0,-1,2021,48.0,2,1,0,2,7,21,1,,3,980,-1,,2,2,0,4,22,10,1,, -1,7,0,1,50,19,12,5,19,19214,2,3,0,3,Lieu-Dit Puy la Gane,45.131082,2.135661,1,5,2
202100026384,154Â 534,A01,1,1,1,5,1,-1,-1,0,0,-1,2021,55.0,1,2,0,2,3,13,1,,3,943,-1,,2,2,0,1,26,800,1,, -1,1,0,1,80,30,7,3,37,37192,1,1,0,1,Rochette,47.2103957822,0.900823161,22,2,2
202100038121,133Â 526,A01,1,1,2,5,8,-1,-1,0,0,-1,2021,28.0,2,2,13,0,1,0,1,,3,91,-1,,2,2,0,1,14,693,1,, -1,1,0,1,80,27,5,3,35,35019,1,1,0,6,Ferme Neuve,48.413344,-1.582385,23,1,1
202100037936,133Â 857,A01,1,1,1,5,2,6,-1,0,0,-1,2021,16.0,3,1,13,0,1,1,1,,4,,0,,2,2,0,1,(1),(1),3,, -1,1,0,1,80,22,5,3,49,49194,1,1,0,7,Route du Parc de Montgeoffroy,47.4745415305,-0.2709042946,22,1,1
202100025886,155Â 415,A01,1,1,1,5,1,8,-1,-1, -1,-1,2021,37.0,1,2,1,2,2,13,1,,3,39,0,,2,2,0,1,0,0,1,, -1,1,0,1,50,31,7,1,92,92063,2,1,0,1,SOLFERINO (BOULEVARD),48.87454,2.18361,19,2,2
202100028208,151Â 274,A01,3,2,1,5,0,-1,-1,0,0,-1,2021,20.0,3,2,2,0,5,1,1,,4,,-1,,1,1,3,1,(1),(1),1,, -1,1,0,1,80,19,7,1,31,31135,1,1,0,6,Chemin de Camparaou,43.230297,1.097142,20,3,1
202100020122,165Â 658,B01,1,1,2,1,1,0,-1,-1, -1,-1,2021,26.0,1,2,0,2,4,2,1,,3,BALLANGER (BD ROBERT),0,,3,4,0,1,0,0,3,, -1,1,0,1,50,7,9,1,93,93078,2,6,0,2,Boulevard Robert Ballanger / Avenue Georges ClÃ©menceau,48.9616,2.55622,12,2,2
202100010082,183Â 678,A01,1,1,2,1,2,6,-1,0,0,-1,2021,32.0,1,1,16,0,0,1,1,,3,30,-1,,2,2,0,1,6,400,1,, -1,6,0,3,80,30,10,3,14,14745,1,1,1,7,D30,49.366117,-0.905042,20,1,1
202100037534,134Â 576,B01,1,1,1,5,2,-1,-1,0,0,-1,2021,61.0,3,1,0,2,7,15,1,,3,84,0,,2,2,0,1,3,200,1,, -1,1,0,1,80,31,5,1,80,80499,1,2,0,3,route dÃ©partementale 84,49.746918,2.473919,18,2,2
202100010123,183Â 609,B01,1,1,1,5,8,8,-1,0,0,-1,2021,26.0,1,2,0,2,4,24,1,,1,A4,0,,1,4,0,1,5,0,1,, -1,2,0,1,90,31,10,3,75,75112,1,1,0,2,A4,48.8188,2.4578,2,2,2
202100032070,144Â 424,A01,1,1,1,1,2,5,-1,-1, -1,-1,2021,27.0,2,1,4,0,2,17,1,,1,A4,0,,1,1,0,2,7,400,2,, -1,2,0,1,50,25,6,1,94,94017,1,1,1,6,A4,48.8305,2.48931,17,1,1
202100030883,146Â 558,A01,2,2,2,5,1,-1,-1,0,0,-1,2021,60.0,1,2,0,2,4,1,1,,3,560,0,,2,2,0,1,12,494,1,, -1,1,0,1,70,3,7,1,83,83087,1,1,0,2,Route Departementale 560,43.405765,5.818999,17,3,2
202100015316,174Â 330,B01,1,1,1,5,8,0,-1,-1, -1,-1,2021,26.0,2,1,0,2,7,1,5,,4,RUE PAUL LAFARGUE,0,,2,2,0,1,0,0,1,, -1,1,0,1,50,2,10,1,91,91027,2,2,0,3,RUE PAUL LAFARGUE,48.695921,2.382352,11,2,2
202100003025,196Â 375,A01,1,1,1,5,1,-1,-1,0,0,-1,2021,34.0,1,2,13,0,1,1,1,,3,2,-1,,1,2,0,1,8,800,4,, -1,1,0,1,80,13,12,1,1,1262,1,1,0,6,D2,45.922498,5.039565,12,1,1
202100016960,171Â 307,B01,1,1,2,5,1,5,-1,0,0,-1,2021,65.0,0,2,0,2,4,1,1,,4,ROCHETTE (RUE DE LA),0,,1,2,0,1,(1),(1),1,, -1,1,0,1,50,23,9,1,27,27229,2,2,1,4,ROCHETTE (RUE DE LA),49.026986,1.141623,18,3,3
202100046960,117Â 838,A01,10,3,2,1,0,-1,-1,3,3,1,2021,62.0,3,2,0,1,2,1,1,,4,AV DE LA REPUBLIQUE,0,,2,2,0,1,2,0,1,, -1,1,0,1,50,23,3,2,94,94011,2,1,0,6,Avenue de la RÃ©publique,48.76732,2.47931,7,2,1
202100048594,114Â 898,A01,1,1,1,0,2,6,-1,-1, -1,-1,2021,29.0,2,1,0,2,3,1,1,,4,,0,,2,2,0,2,0,0,1,, -1,2,0,1,50,10,3,5,92,92062,2,1,1,3,WALLACE (BD RICHARD) DU 17 AU 91 ET DU 3,48.8823024557,2.2346899752,19,2,2
202100026904,153Â 619,A01,1,1,1,1,2,6,-1,0,0,-1,2021,44.0,2,1,0,2,1,13,1,,3,941,0,,2,2,0,2,31,350,3,, -1,1,0,1,80,28,7,1,28,28335,1,1,0,1,Le Frou,48.454737,1.022683,17,4,3
202100056006,101Â 775,A01,1,1,2,1,1,4,-1,-1, -1,-1,2021,57.0,2,2,0,2,8,2,1,,1,A50-Sens Aubagne vers Marseille,0,,1,3,0,1,2,500,1,, -1,1,0,1,90,6,1,2,13,13210,1,1,0,3,A50-Sens Aubagne vers Marseille,43.284822077,5.4168915281,6,2,2
202100028212,151Â 267,B01,1,1,1,1,2,-1,-1,0,0,-1,2021,24.0,2,1,0,2,1,1,1,,3,1006,-1,,2,2,0,1,(1),(1),1,, -1,1,0,1,70,18,6,1,38,38323,1,1,0,6,Route d Italie,45.533171,5.63248,20,2,2
202100006186,190Â 759,A01,1,1,2,1,1,-1,-1,0,0,-1,2021,30.0,1,2,0,2,1,2,1,,3,1001,-1,,2,3,0,1,29,100,1,,14,2,0,1,-1,26,11,2,60,60009,1,1,1,4,route dÃ©partementale 1001,49.399594,2.134073,8,4,4
202100018410,168Â 717,A01,1,1,1,5,1,0,-1,-1, -1,-1,2021,27.0,1,2,11,0,1,26,1,,3,MINIMES (AV DES),0,,2,2,0,1,1,0,3,, -1,1,0,1,50,17,9,5,94,94067,2,1,0,6,Avenue des Minimes,48.841831,2.425058,4,1,1
202100020060,165Â 767,A01,1,1,1,0,2,6,-1,-1, -1,-1,2021,69.0,2,1,0,2,1,16,1,,7,SEYNE (ROUTE DE LA),0,,2,2,1,1,1,880,1,, -1,1,0,1,50,8,9,1,83,83126,1,1,0,3,SEYNE (ROUTE DE LA),43.12052,5.85261,10,3,2
202100052604,107Â 694,B01,1,1,1,5,2,6,-1,0,0,-1,2021,29.0,2,1,0,2,1,1,1,,3,588,0,,2,2,0,2,23,650,1,, -1,1,0,1,50,5,2,1,43,43110,2,1,0,3,Route de Champagnac,45.313803,3.434496,16,2,2