Num_Acc,id_vehicule,num_veh,place,catu,sexe,trajet,secu1,secu2,secu3,locp,actp,etatp,year_acc,victim_age,senc,catv,obs,obsm,choc,manv,motor,occutc,catr,voie,v1,v2,circ,nbv,vosp,prof,pr,pr1,plan,lartpc,larrout,surf,infra,situ,vma,jour,mois,lum,dep,com,agg_,int,atm,col,adr,lat,long,hour,nb_victim,nb_vehicules
202100043598,123Â 742,A01,1,1,1,0,1,-1,-1,0,0,-1,2021,25.0,1,2,8,0,9,2,1,,3,134,0,D,2,2,0,3,1,251,1,, -1,1,0,1,50,18,4,1,38,38344,2,6,0,6,Avenue Jean JaurÃ¨s,45.368828,4.809222,19,1,1
202100053420,106Â 231,A01,1,1,1,1,2,6,-1,-1, -1,-1,2021,29.0,2,1,0,2,8,3,1,,1,A4,0,,1,4,0,1,9,699,1,, -1,2,1,1,90,28,1,1,94,94017,1,1,1,5,A4,48.8270194777,2.5116058458,9,3,3
202100018360,168Â 808,Y01,10,3,1,4,0,-1,-1,5,9,1,2021,58.0,0,0,0,2,0,0,-1,,4,DUJARDIN (QUAI),0,,1,1,1,1,(1),(1),1,, -1,1,0,4,30,17,9,2,35,35238,2,1,0,6,DUJARDIN (QUAI),48.11024,-1.67178,7,2,1
202100008005,187Â 426,B01,1,1,1,0,8,0,-1,0,0,-1,2021,42.0,3,1,0,2,1,1,3,,4,MARCHADIER (RUE ROBERT),0,,2,3,0,1,(1),(1),1,, -1,1,5,1,50,12,11,1,63,63113,2,3,0,3,MARCHADIER / Monplaisir,45.79504,3.10984,16,2,2
202100049493,113Â 286,B01,1,1,2,0,8,0,-1,-1, -1,-1,2021,21.0,1,1,0,2,1,1,3,,3,RD 500,0,,1,2,0,1,4,303,2,, -1,1,2,1,50,1,3,1,59,59569,1,6,0,3,RD 500,50.3832863613,3.1320642786,18,2,2
202100002025,198Â 172,B01,3,2,2,0,8,0,-1,-1, -1,-1,2021,27.0,1,2,0,2,1,1,1,,4,LIBERTE (AVENUE DE LA,0,,-1,2,0,1,(1),(1),1,, -1,1,0,1,50,19,12,5,34,34172,2,1,0,1,Avenue de la LibertÃ©,43.60696,3.86402,23,4,2
202100032532,143Â 620,A01,10,3,1,5,0,-1,-1,5,9,1,2021,32.0,3,2,1,1,1,26,1,,4,PASTEUR (AV.),0,,2,2,0,1,0,0,1,, -1,1,0,4,50,24,6,5,93,93010,2,1,0,6,Avenue Pasteur,48.90341,2.48362,21,2,1
202100002600,197Â 134,B01,1,1,1,1,8,-1,-1,-1, -1,-1,2021,17.0,1,1,0,2,8,9,1,,2,AUTOROUTE A46 ROCADE EST - RN 346   (XX),0,,1,1,0,2,39,800,2,, -1,2,3,1,50,16,12,5,69,69290,2,6,1,3,EST (ROC) RN 346,45.71399,4.96786,7,2,2
202100015922,173Â 207,A01,1,1,1,0,2,6,-1,-1, -1,-1,2021,22.0,2,1,0,2,1,17,1,,4,SCIERIE   RUE DE LA,0,,2,2,0,1,(1),(1),1,, -1,1,0,1,30,30,9,1,17,17300,2,1,0,5,SCIERIE   RUE DE LA,46.14798,-1.15327,11,3,3
202100022113,162Â 100,A01,10,3,1,9,0,-1,-1,0,0,-1,2021,44.0,2,1,0,1,1,1,3,,4,RUE DE L UNIVERSITE,0,,2,2,1,1,(1),(1),1,, -1,1,0,5,30,28,8,1,75,75107,2,2,0,6,RUE DE L UNIVERSITE,48.861115,2.310298,15,3,1
202100027138,153Â 201,A01,10,3,1,5,0,-1,-1,5,9,3,2021,44.0,0,2,0,1,3,16,1,,4,,-1,,1,1,0,2,(1),(1),1,,"3,5",1,0,1,50,25,7,1,36,36046,2,4,0,6,Rue de l Indre,46.582197,1.990644,20,2,1
202100022810,160Â 835,B01,1,1,1,1,2,6,-1,-1, -1,-1,2021,17.0,2,1,0,2,1,1,1,,3,NATIONALE (ROUTE),0,,4,2,0,1,1,1004,1,, -1,1,0,1,50,21,8,5,41,41212,2,4,0,3,NATIONALE (ROUTE),47.57313,1.35549,22,2,2
202100002397,197Â 494,A01,1,1,2,5,2,0,-1,-1, -1,-1,2021,65.0,1,1,0,0,0,1,5,,4,RESPLANDY (AVENUE DU CAPITAINE),0,,2,3,1,1,0,0,1,, -1,2,0,5,50,17,12,1,64,64102,2,1,0,7,Avenue Capitaine Resplandy,43.48499,-1.45926,9,1,1
202100013369,177Â 843,A01,1,1,1,0,2,6,-1,-1, -1,-1,2021,35.0,1,1,0,2,7,3,1,,1,AUTOROUTE A86,0,,-1,3,0,1,23,0,1,, -1,1,1,1,90,13,10,5,93,93008,1,1,0,3,AUTOROUTE A86,48.9069,2.4558,20,2,2
202100050397,111Â 611,B01,1,1,1,5,2,-1,-1,0,0,-1,2021,53.0,1,1,0,0,4,11,5,,3,1090,-1,,3,2,0,1,26,(1),1,, -1,1,5,1,70,24,2,1,38,38511,1,2,0,2,Route Departementale 1090,45.355493,5.953121,15,2,2
202100009950,183Â 911,A01,1,1,1,5,1,-1,-1,0,0,-1,2021,25.0,1,2,2,0,1,13,1,,3,,-1,,2,2,0,1,9,804,1,, -1,2,0,1,80,1,11,3,82,82136,1,1,1,6,Chemin du Clos de Jeannou,43.902871,1.380458,20,1,1
202100018826,167Â 993,B01,2,2,1,0,2,6,-1,-1, -1,-1,2021,18.0,3,1,0,2,3,1,1,,3,ILES (BOULEVARD DES),0,,1,2,0,1,0,0,3,, -1,1,0,1,50,15,9,1,92,92040,2,6,0,3,JEAN MONNET (AVENUE),48.8232162088,2.2496545315,17,3,2
202100011067,181Â 942,B01,2,2,2,5,1,0,-1,-1, -1,-1,2021,74.0,2,2,0,2,3,1,1,,3,R.N.80,0,,2,2,0,2,43,845,3,, -1,1,5,1,50,24,10,1,71,71540,1,1,0,1,D680,46.7674,4.45135,10,3,2
202100015373,174Â 228,A01,1,1,1,1,2,6,-1,0,0,-1,2021,33.0,1,1,0,2,2,17,1,,2,1,0,A,2,2,0,1,(1),(1),1,,7,1,0,1,50,4,10,1,974,97415,2,3,0,3,Chaussee Royale,-20.999767,55.283589,7,2,2
202100010252,183Â 378,A01,2,2,2,0,1,0,-1,-1, -1,-1,2021,19.0,2,2,0,2,0,26,1,,1,A86 EXT,0,,-1,3,0,1,59,99,1,, -1,1,0,1,90,29,10,3,78,78640,1,1,0,3,A86 EXT,48.777192,2.22375,20,3,2
202100026340,154Â 611,B01,1,1,1,1,2,6,-1,-1, -1,-1,2021,41.0,1,1,0,2,4,0,1,,3,LUGO (AV DE),0,,1,2,0,1,0,1,1,, -1,1,0,1,50,30,7,1,94,94022,2,1,0,2,Avenue de Lugo,48.77331,2.40934,10,2,2
202100028436,150Â 887,B01,1,1,1,5,1,4,-1,-1, -1,-1,2021,37.0,2,2,4,2,4,2,1,,1,6B,0,,1,3,0,1,4,0,1,, -1,1,0,1,90,18,7,1,94,94038,1,1,0,4,AUTOROUTE A6B,48.7821629733,2.3468914366,16,4,3
202100015331,174Â 304,A01,1,1,1,9,8,0,-1,-1, -1,-1,2021,20.0,1,1,0,0,0,26,1,,4,SAINT JACQUES,0,,2,2,0,1,1,0,1,, -1,1,0,1,50,3,10,1,49,49007,2,1,0,7,SAINT JACQUES,47.4738,-0.56945,19,1,1
202100037442,134Â 732,A01,1,1,1,5,2,6,-1,-1, -1,-1,2021,18.0,0,1,0,2,1,9,1,,4,,0,,1,1,0,1,(1),(1),1,, -1,1,0,1,50,29,5,1,6,6123,2,1,0,3,FRANCE D'OUTRE MER AVENUE,43.659377,7.191931,12,2,2
202100047525,116Â 815,B01,1,1,1,1,8,0,-1,0,0,-1,2021,32.0,1,1,0,2,1,1,5,,4,AVENUE NIEL,0,,2,3,0,1,(1),(1),1,, -1,2,0,1,30,18,3,1,75,75117,2,4,1,3,AVENUE NIEL,48.8798221238,2.2947910762,16,2,2
202100021401,163Â 393,A01,2,2,2,5,1,-1,-1,-1,0,-1,2021,23.0,1,2,0,2,1,1,1,,1,AUTOROUTE A15,0,,3,9,0,1,9,500,1,, -1,1,0,1,110,1,9,1,95,95582,1,1,0,2, A15,48.97231,2.24798,14,3,2
202100043466,123Â 965,B01,1,1,1,9,2,6,-1,0,0,-1,2021,28.0,2,1,0,2,0,1,1,,4,BOULEVARD PASTEUR,0,,2,2,0,1,(1),(1),1,, -1,1,0,1,50,19,4,1,75,75115,2,2,0,3,BOULEVARD PASTEUR,48.8415118607,2.3140370119,19,2,2
202100040115,129Â 894,A01,1,1,1,5,2,-1,-1,0,0,-1,2021,67.0,1,1,13,0,1,0,1,,2,1,0,A,2,2,0,2,163,800,2,, -1,1,0,3,110,13,5,1,988,98803,1,1,0,6,col de trazegnies,-21.585865,165.505621,10,1,1
202100001601,198Â 945,A01,10,3,1,5,0,-1,-1,5,9,-1,2021,89.0,3,2,0,0,0,23,1,,4,FERRARI HENRI (RUE),0,,-1,0,0,1,(1),(1),1,, -1,1,0,4,30,23,12,1,34,34108,2,1,0,6,FERRARI HENRI (RUE),43.44803,3.75155,9,2,1
202100007652,188Â 071,B01,1,1,2,9,1,0,-1,0,0,-1,2021,30.0,2,2,0,2,4,23,1,,4,BOULEVARD MORTIER,0,,2,4,0,2,(1),(1),1,, -1,2,0,1,30,17,11,1,75,75120,2,3,1,2,BOULEVARD MORTIER,48.867042,2.408854,7,2,2
202100001513,199Â 091,A01,1,1,1,5,2,6,-1,-1, -1,-1,2021,29.0,2,1,0,0,3,1,1,,3,7,0,,1,2,0,1,0,0,1,, -1,2,0,1,50,24,12,1,92,92072,2,1,1,7,TROYON (RUE),48.8264877649,2.2266277671,14,1,1
202100010512,182Â 934,A01,10,3,1,5,0,-1,-1,3,3,1,2021,84.0,1,5,0,1,2,16,1,,4,VICTOR HUGO (BOULEVARD),0,,1,2,0,1,(1),(1),3,, -1,1,0,8,50,28,10,1,62,62193,2,6,1,6,SAINT OMER (ROUTE DE),50.93988,1.878311,11,2,1
202100046062,119Â 415,A01,1,1,1,4,2,-1,-1,-1, -1,-1,2021,41.0,2,1,0,2,1,1,1,,4,PAUL CAZENEUVE                      (R ),0,,1,2,3,1,(1),(1),1,, -1,1,0,1,50,29,3,1,69,69388,2,2,0,3,MARIUS BERLIET (R),45.7389562157,4.8665356636,15,2,2
202100041952,126Â 632,A01,1,1,1,1,2,0,-1,-1, -1,-1,2021,33.0,2,1,0,2,2,2,1,,4,,0,,2,2,0,1,0,0,1,, -1,1,0,1,50,29,4,1,92,92046,2,3,0,3,PIERRE LAROUSSE (AVENUE),48.8202,2.30557,13,2,2
202100030197,147Â 792,A01,1,1,1,5,1,0,-1,-1, -1,-1,2021,30.0,1,2,0,2,3,17,1,,3,EXPRESS (VOIE),0,,2,2,0,4,37,938,1,, -1,1,2,1,80,7,7,3,17,17306,1,1,0,5,EXPRESS (VOIE),45.631629,-1.008194,22,4,3
202100045211,120Â 919,B01,1,1,1,5,8,-1,-1,-1, -1,-1,2021,28.0,3,1,0,2,7,19,3,,4,SMITH                               (R ),0,,1,1,2,1,(1),(1),1,, -1,1,0,6,50,3,4,1,69,69382,2,2,0,3,SMITH (R),45.7421391734,4.82185887,16,2,2
202100006194,190Â 739,B01,1,1,1,0,2,6,-1,-1, -1,-1,2021,37.0,2,1,0,2,2,3,1,,1,AUTOROUTE A6,0,,3,6,0,1,20,450,1,, -1,1,0,1,110,26,11,1,91,91687,1,1,0,3,AUTOROUTE A6,48.66,2.3728,9,2,2
202100047196,117Â 405,A01,1,1,1,9,2,6,-1,0,0,-1,2021,59.0,1,1,0,2,1,2,1,,1,A4,0,,1,5,0,1,5,500,1,, -1,1,0,1,90,21,3,1,75,75112,1,1,0,2,A4,48.8227757025,2.4629199094,15,2,2
202100042784,125Â 177,A01,1,1,1,0,1,-1,-1,0,0,-1,2021,28.0,0,2,13,0,1,1,1,,3,725,-1,,2,2,0,1,24,46,1,,"6,15",1,0,3,80,24,4,3,79,79116,1,1,0,7,,46.834802,-0.295086,0,1,1
202100055555,102Â 551,A01,10,3,1,2,0,-1,-1,3,3,1,2021,11.0,2,2,0,1,1,1,1,,4,FOUILLEUSE (AVENUE DE),0,,2,2,0,1,0,0,1,, -1,1,0,1,50,5,1,5,92,92063,2,3,0,6,FOUILLEUSE (AVENUE DE),48.86145,2.19968,17,2,1
202100041753,126Â 975,A01,1,1,2,1,1,4,-1,-1, -1,-1,2021,36.0,1,2,13,0,1,2,1,,1,A5b,0,,1,2,0,1,0,200,1,, -1,2,0,3,110,2,5,1,77,77122,1,1,0,7,A5b,48.6526446293,2.6175785065,8,1,1
202100029753,148Â 608,A01,1,1,1,0,2,6,-1,-1, -1,-1,2021,24.0,2,1,2,0,1,1,1,,3,NOISY (ROUTE DE),0,,2,2,0,1,4,933,2,, -1,1,0,3,70,9,7,1,78,78224,1,3,0,6,NOISY (ROUTE DE),48.85471,2.064302,20,1,1
202100038977,131Â 971,A01,1,1,1,0,2,6,-1,-1, -1,-1,2021,18.0,1,1,0,2,3,11,1,,3,AV RHIN ET DANUBE,0,,1,4,0,1,1,0,3,, -1,1,5,1,50,21,5,1,94,94011,2,9,0,3,Avenue Rhin et Danube,48.77275,2.49052,16,2,2
202100043120,124Â 599,A01,2,2,2,0,1,0,-1,-1, -1,-1,2021,1.0,2,2,13,0,1,2,1,,2,RN12 EXT,0,,-1,2,0,1,34,650,1,, -1,1,0,1,110,22,4,1,78,78490,1,1,0,6,RN12 EXT,48.801564,1.946224,13,3,1
202100018908,167Â 847,A01,1,1,1,0,2,8,-1,-1, -1,-1,2021,53.0,1,1,1,0,1,0,1,,4,BASSE GONDEAU (CHEMIN RURAL NÂ°3 DE),0,,-1,1,0,1,5,0,3,, -1,1,0,1,50,13,9,3,972,97213,1,1,0,2,BASSE GONDEAU (CHEMIN RURAL NÂ°3 DE),14.627424,-61.026251,19,2,2
202100041594,127Â 254,A01,1,1,2,3,1,-1,-1,0,0,-1,2021,52.0,2,2,0,0,4,23,1,,3,11,0,,2,2,0,1,13,(1),1,,6,1,0,1,50,3,5,1,22,22025,2,1,0,2,Rue du Docteur QuÃ©rÃ©,48.403822,-3.426533,15,2,2
202100056271,101Â 315,B01,10,3,1,0,8,8,-1,2,3,1,2021,19.0,3,2,0,1,1,21,2,,4,RADOLFZELL AVENUE DE,0,,2,4,0,1,(1),(1),1,, -1,2,0,1,50,4,1,2,13,13047,2,1,1,6,RADOLFZELL AVENUE DE,43.499149,4.987426,8,2,1
202100023398,159Â 794,B01,1,1,1,1,2,6,-1,-1, -1,-1,2021,31.0,2,1,1,0,0,0,1,,3,7,0,,2,2,0,1,0,0,1,, -1,1,0,1,50,19,8,1,92,92048,2,1,0,2,VAUGIRARD (ROUTE DE),48.8201416393,2.2396418452,14,2,2
202100005617,191Â 755,B01,1,1,1,4,1,-1,-1,-1, -1,-1,2021,45.0,2,2,0,2,1,2,2,,1,A7   7.000 A 8.630,0,,3,6,0,1,8,100,1,, -1,1,0,1,70,20,11,3,69,69199,1,1,0,5,A7   7.000 A 8.630,45.68589,4.84685,20,9,8
202100008269,186Â 933,A01,2,2,2,1,8,0,-1,-1, -1,-1,2021,48.0,1,2,12,0,1,14,1,,3,FFI (ALL DES),0,,1,1,0,1,1,0,3,, -1,1,9,3,50,12,11,5,94,94004,2,6,0,7,AllÃ©e des FFI,48.75611,2.50774,21,2,1
202100001661,198Â 836,A01,2,2,1,5,1,-1,-1,0,0,-1,2021,19.0,2,5,13,0,7,1,1,,4,RM10,-1,,2,2,0,1,(1),(1),3,, -1,1,0,3,90,25,12,1,988,98832,1,1,0,7,RM 10 - la Netcha,-22.227276,166.852262,14,5,1
202100024967,157Â 033,B01,1,1,2,0,1,-1,-1,0,0,-1,2021,74.0,2,2,0,2,3,1,1,,2,151,-1,,2,2,0,1,28,860,1,, -1,1,0,1,50,10,8,1,89,89427,2,1,0,1,50 Route Nationale,47.747721,3.541862,8,5,2
202100033961,141Â 061,B01,1,1,2,5,0,-1,-1,0,0,-1,2021,74.0,0,1,0,2,1,1,5,,3,468,0,D,2,2,2,1,134,350,4,, -1,1,0,5,50,14,6,1,67,67194,2,3,1,3,rue haute vienne,48.73434,7.910703,17,2,2
202100029692,148Â 724,B01,1,1,2,0,1,-1,-1,0,0,-1,2021,31.0,2,2,0,2,2,1,1,,3,1201,0,D,2,3,0,2,14,517,1,, -1,1,0,1,80,10,7,1,74,74010,1,3,0,3,Av d Aix les Bains (Seynod),45.871037,6.074753,16,2,2
202100028881,150Â 098,B01,2,1,1,0,2,0,-1,-1, -1,-1,2021,48.0,2,1,0,2,1,1,1,,3,9,0,,1,2,0,1,0,0,1,, -1,1,5,1,50,15,7,1,92,92026,2,2,0,3,CHARRAS,48.8951756756,2.2499321401,17,2,2
202100022415,161Â 574,A01,1,1,2,4,1,0,-1,-1, -1,-1,2021,41.0,0,5,0,2,4,1,1,,4,GAMBETTA (RUE),0,,2,2,0,1,(1),(1),1,, -1,1,0,1,50,25,8,1,71,71486,2,2,0,6,GAMBETTA (RUE),46.64415,4.37052,12,2,2
202100018760,168Â 108,B01,1,1,1,9,2,0,-1,-1, -1,-1,2021,36.0,1,1,0,2,1,26,1,,4,BEDIER BOULEVARD,0,,3,4,0,1,1,0,1,, -1,1,0,1,50,10,9,5,49,49007,2,2,0,3,BEDIER BOULEVARD,47.45061,-0.5528,21,2,2
202100014854,175Â 159,A01,1,1,2,1,1,0,-1,-1, -1,-1,2021,30.0,3,2,0,2,1,2,1,,3,BALLANGER (BD ROBERT),0,,-1,2,0,1,0,0,1,, -1,1,0,1,50,6,10,1,93,93078,2,9,0,4,BALLANGER (BD ROBERT),48.96115,2.55488,18,3,3
202100051287,110Â 002,A01,10,3,2,5,0,-1,-1,3,3,2,2021,66.0,3,2,0,1,1,1,1,,4,FLORALIES ( AVENUE DES ),0,,2,1,0,1,(1),(1),1,, -1,1,0,1,50,9,1,1,44,44055,2,1,0,6,FLORALIES ( AVENUE DES ),47.29121,-2.39568,16,3,1
202100037261,135Â 076,B01,1,1,1,2,8,0,-1,0,0,-1,2021,10.0,3,1,0,2,2,13,5,,4,MONT VERNON (ROND POINT),0,,2,2,0,1,(1),(1),3,, -1,1,0,1,50,4,5,1,27,27554,2,2,0,3,MONT VERNON (ROND POINT),49.0937997661,1.3860303868,13,2,2
202100013447,177Â 701,A01,1,1,1,5,6,2,-1,0,0,-1,2021,59.0,1,1,0,0,0,0,1,,3,943,-1,D,2,2,0,2,(1),(1),1,, -1,1,0,1,80,12,10,2,84,84020,1,1,0,6,D943,43.811707,5.343561,19,1,1
202100000753,200Â 368,A01,1,1,1,0,2,8,-1,-1, -1,-1,2021,51.0,1,1,4,0,7,14,3,,7,AV DE LA 1ERE ARMEE FRANCAISE,0,,3,4,0,1,25,400,1,, -1,1,0,1,70,30,12,5,83,83126,2,1,0,6,AV DE LA 1ERE ARMEE FRANCAISE,43.10816,5.87791,20,1,1
202100029696,148Â 717,A01,1,1,1,5,1,-1,-1,0,0,-1,2021,75.0,1,2,13,0,1,14,1,,1,11,0,A,3,3,0,1,155,0,1,,14,1,0,3,130,10,7,1,72,72241,1,1,0,6,Autoroute A11 PK 155+000 - Sens PARIS - PROVINCE,48.063511,0.401173,17,2,1
202100001067,199Â 853,A01,10,3,1,5,0,-1,-1,1,3,2,2021,3.0,1,1,0,1,1,2,1,,3,FONTAINEBLEAU (AV DE),0,,2,2,0,1,1,0,1,, -1,1,0,1,50,28,12,5,94,94043,2,1,0,6,Avenue de Fontainebleau,48.81046,2.36205,19,2,1
202100032796,143Â 155,B01,1,1,2,5,1,-1,-1,-1, -1,-1,2021,41.0,2,2,0,2,4,2,1,,1,ROCADE A 630,0,,3,4,0,1,12,131,1,, -1,2,8,1,70,23,6,1,33,33162,1,1,1,2,Rocade Nord Ouest -E8-,44.86408,-0.65448,20,2,2
202100054848,103Â 763,A01,10,3,2,1,0,-1,-1,4,3,1,2021,26.0,2,2,0,1,1,1,1,,4,,0,,3,3,3,1,(1),(1),1,, -1,2,0,1,50,15,1,5,69,69383,2,1,1,6,GAMBETTA (CR),45.75602,4.84099,18,2,1
202100047987,115Â 963,A01,1,1,1,2,0,-1,-1,0,0,-1,2021,15.0,3,1,0,2,8,18,5,,4,,-1,,2,2,0,1,(1),(1),1,, -1,1,0,1,50,16,3,1,14,14431,2,2,0,5,Rue LÃ©on Blum,49.075525,-0.077862,17,3,3
202100055667,102Â 352,B01,1,1,2,9,1,0,-1,0,0,-1,2021,35.0,2,2,0,2,4,2,1,,4,LECLERC (AVENUE DU MARECHAL),0,,2,2,0,1,(1),(1),1,, -1,1,5,1,50,6,1,1,47,47323,2,1,0,2,LECLERC (AVENUE DU MARECHAL),44.4,0.704,14,2,2
202100017099,171Â 066,A01,1,1,1,0,1,0,-1,-1, -1,-1,2021,44.0,1,2,12,0,3,19,1,,3,RESISTANCE.(PLACE DE LA),0,,2,2,0,1,1,0,1,, -1,1,5,4,50,23,9,1,94,94011,2,1,0,6,RESISTANCE.(PLACE DE LA),48.76657,2.48464,16,1,1
202100011891,180Â 470,B01,1,1,1,5,2,-1,-1,0,0,-1,2021,25.0,3,1,0,2,1,1,1,,2,,-1,,2,-1,-1,1,(1),(1),1,, -1,1,0,1,-1,21,10,1,974,97414,2,2,0,3,Rue Francois Cudenet,-21.293623,55.402384,12,2,2
202100014199,176Â 311,B01,1,1,1,1,2,6,-1,0,0,-1,2021,43.0,2,1,0,2,1,1,1,,4,AVENUE DU DOCTEUR ARNOLD NETTER,0,,2,2,3,1,(1),(1),1,, -1,1,0,1,30,9,10,2,75,75112,2,3,0,3,AVENUE DU DOCTEUR ARNOLD NETTER,48.843331,2.405388,7,2,2
202100036280,136Â 829,B01,1,1,1,3,1,0,-1,-1, -1,-1,2021,34.0,1,2,0,2,3,1,1,,4,AVENUE PAUL VERLAINE,0,,1,0,0,1,1,0,1,, -1,1,0,1,50,4,6,1,93,93050,2,2,0,3,Avenue Paul Verlaine / Rue RenÃ© Char,48.868125,2.547909,11,3,2
202100034776,139Â 550,A01,1,1,1,4,2,6,-1,0,0,-1,2021,48.0,1,1,0,2,3,2,1,,4,QUAI D IVRY,0,,1,4,0,1,0,300,1,, -1,1,2,1,70,12,6,1,75,75113,2,1,0,2,QUAI D IVRY,48.825791,2.386589,9,2,2
202100020936,164Â 237,B01,1,1,1,1,2,6,-1,0,0,-1,2021,18.0,1,1,0,2,1,1,1,,1,,-1,,1,1,0,1,103,500,2,, -1,2,5,1,-1,3,9,2,73,73151,1,5,1,3,D1090,45.509539914,6.0048233607,7,3,2
202100009176,185Â 313,A01,1,1,2,0,1,-1,-1,0,0,-1,2021,89.0,-1,2,0,2,3,19,1,,3,338,-1,,2,3,0,2,9,850,1,, -1,1,5,1,80,7,11,1,69,69246,1,3,1,1,MERLOUP (DU) (RTE),45.935632,4.654942,10,2,2
202100022280,161Â 809,A01,10,3,1,0,0,-1,-1,5,3,1,2021,36.0,1,2,0,1,1,1,1,,4,STRASBOURG (BOULEVARD),0,,2,2,0,2,0,0,1,, -1,1,0,1,50,27,8,5,13,13203,2,1,0,1,STRASBOURG (BOULEVARD),43.30979,5.37866,22,3,2
202100019339,167Â 059,A01,1,1,1,5,8,0,-1,-1, -1,-1,2021,62.0,1,2,0,0,0,26,1,,4,RAFFOUX CHEMIN,0,,2,2,0,1,1,0,1,, -1,1,0,1,80,12,9,3,49,49007,2,1,0,7,RAFFOUX CHEMIN,47.5046,-0.56992,6,1,1
202100026716,153Â 961,A01,10,3,1,4,4,-1,-1,1,3,1,2021,53.0,1,2,0,1,8,17,1,,3,287,0,,2,2,0,1,0,85,1,, -1,1,0,1,50,29,7,1,71,71282,2,1,0,6,7 Rue de la Croix Blanchot,46.837468,4.358425,6,2,1
202100038336,133Â 107,A01,1,1,1,0,8,0,-1,-1, -1,-1,2021,56.0,1,2,0,2,3,15,1,,4,CORPS DE GARDE (RUE DES),0,,2,2,1,1,0,0,1,, -1,1,0,1,50,21,5,1,67,67482,2,3,0,1,CORPS DE GARDE (RUE DES),48.56035,7.77435,12,2,2
202100047472,116Â 908,A01,10,3,1,5,0,-1,-1,2,3,1,2021,87.0,2,2,0,1,4,4,1,,4,DOCTEUR LONG (DU)                   (CO),0,,1,1,0,1,(1),(1),2,, -1,1,0,1,50,18,3,1,69,69383,2,2,0,6,DOCTEUR LONG (DU) (CR),45.7493656902,4.8840694609,14,2,1
202100004729,193Â 324,B01,1,1,2,0,8,-1,-1,-1, -1,-1,2021,27.0,1,2,1,2,2,15,1,,7,JEAN JAURES                         (AV),0,,2,2,0,1,3,500,1,, -1,1,0,1,50,3,12,5,69,69275,2,1,0,3,JEAN JAURES (AV),45.7702445459,4.9547481537,16,3,2
202100043653,123Â 646,B01,1,1,1,5,8,0,-1,0,0,-1,2021,30.0,1,1,0,2,5,2,5,,4,RUE DE TURBIGO,0,,2,4,1,1,(1),(1),1,, -1,1,-1,5,20,17,4,1,75,75103,2,2,0,2,RUE DE TURBIGO,48.865921,2.358099,19,2,2
202100010826,182Â 376,B01,1,1,2,1,1,-1,-1,-1, -1,-1,2021,23.0,1,2,0,2,4,2,1,,1,ROCADE A 630,0,,3,4,0,1,12,121,1,, -1,1,0,1,70,27,10,3,33,33162,1,1,1,4,ROCADE A 630,44.871033,-0.642843,6,3,3
202100020963,164Â 196,A01,2,2,2,5,2,6,-1,0,0,-1,2021,50.0,2,1,8,0,2,21,1,,3,,0,D,2,2,2,2,27,900,1,, -1,1,0,3,80,4,9,1,69,69241,1,1,0,7,DEPARTEMENTALE 42 (RTE),45.621031,4.713746,12,2,1
202100029907,148Â 345,A01,1,1,2,5,0,-1,-1,0,0,-1,2021,21.0,2,2,12,0,1,1,1,,3,43,-1,,-1,2,0,1,12,500,2,, -1,1,0,3,80,10,7,3,83,83059,1,6,0,6,D43,43.325818,6.079624,3,4,1
202100001564,199Â 013,A01,1,1,1,1,1,0,-1,-1, -1,-1,2021,43.0,1,2,0,0,0,0,1,,1,AUTOROUTE A6,0,,2,6,0,1,30,399,1,, -1,2,0,1,110,24,12,1,91,91659,1,1,1,7,AUTOROUTE A6,48.586514,2.451543,15,1,1
202100014623,175Â 573,B01,1,1,2,5,1,0,-1,0,0,-1,2021,40.0,1,2,0,2,4,2,1,,4,ORME (CHEMIN DE L'),0,,2,2,0,1,(1),(1),1,, -1,1,0,1,50,7,10,1,6,6069,2,1,0,2,ORME (CHEMIN DE L'),43.649808,6.944882,9,3,2
202100048827,114Â 489,B01,9,2,2,5,1,-1,-1,0,0,-1,2021,14.0,1,2,0,2,2,17,1,,3,15,-1,,2,2,0,1,43,700,3,, -1,1,0,1,80,8,3,1,10,10149,1,1,0,1,D15,48.399876,4.116998,13,3,2
202100036588,136Â 311,B01,1,1,2,0,1,0,-1,-1, -1,-1,2021,23.0,2,2,0,2,3,1,1,,3,AV CHARLES DE GAULLE,0,,-1,0,0,2,0,0,1,, -1,1,5,1,50,3,6,1,91,91589,2,2,0,3,AV CHARLES DE GAULLE,48.67685,2.34983,19,2,2
202100009022,185Â 587,A01,1,1,1,5,1,-1,-1,0,0,-1,2021,44.0,1,2,0,2,4,1,1,,1,709,0,A,1,4,0,1,6,550,1,, -1,1,0,1,90,7,11,3,34,34240,1,1,0,2,A709,43.631175,3.967953,20,2,2
202100054521,104Â 319,A01,1,1,1,4,1,-1,-1,0,0,-1,2021,43.0,1,4,0,2,1,2,1,,1,6,-1,,3,3,0,2,164,465,1,, -1,1,0,1,90,19,1,3,89,89438,1,1,0,2,Autoroute A6 - PK 166+200 - sens PARIS/LYON,47.801279,3.643577,17,2,2
202100026766,153Â 877,A01,1,1,1,5,1,-1,-1,-1,0,-1,2021,52.0,1,2,4,0,1,14,1,,2,RN 184,0,,1,1,0,2,3,170,3,, -1,2,3,1,50,28,7,3,95,95572,1,1,1,6,RN 184,49.03338,2.10918,1,1,1