Num_Acc,id_vehicule,num_veh,place,catu,sexe,trajet,secu1,secu2,secu3,locp,actp,etatp,year_acc,victim_age,senc,catv,obs,obsm,choc,manv,motor,occutc,catr,voie,v1,v2,circ,nbv,vosp,prof,pr,pr1,plan,lartpc,larrout,surf,infra,situ,vma,jour,mois,lum,dep,com,agg_,int,atm,col,adr,lat,long,hour,nb_victim,nb_vehicules
202100049428,113Â 409,A01,1,1,1,0,2,6,-1,-1, -1,-1,2021,36.0,1,1,0,1,3,2,1,,4,JAURES (AVENUE JEAN),0,,1,1,0,1,0,0,1,, -1,1,0,1,50,3,3,1,93,93008,2,3,0,6,JAURES (AVENUE JEAN),48.9087583355,2.4379755888,16,2,1
202100020318,165Â 319,A01,1,1,1,2,2,6,-1,0,0,-1,2021,21.0,1,1,0,2,1,1,1,,4,ZIEM AVENUE,0,,2,2,0,1,(1),(1),1,, -1,1,0,1,50,7,9,1,6,6027,2,1,0,1,ZIEM AVENUE,43.66594,7.16704,7,3,2
202100000969,200Â 023,A01,10,3,2,0,0,-1,-1,2,3,1,2021,59.0,1,2,0,1,2,1,1,,4,CHEVALIER DE SAINTE-MARTHE (BLD),0,,-1,1,0,1,0,0,1,, -1,1,0,1,50,27,12,1,972,97209,2,1,0,6,CHEVALIER DE SAINTE-MARTHE (BLD),14.60365,-61.0659,14,2,1
202100038569,132Â 705,A01,1,1,1,5,0,-1,-1,0,0,-1,2021,60.0,1,6,6,0,3,0,1,,3,108,0,,2,2,0,1,11,83,1,, -1,2,0,3,50,24,5,1,26,26306,2,1,1,6,215 Route de Buis les Baronnies,44.34101,5.281106,16,1,1
202100004147,194Â 331,A01,1,1,2,4,1,-1,-1,0,0,-1,2021,51.0,1,2,3,2,3,2,1,,1,75,-1,,1,4,0,2,87,151,3,, -1,5,0,1,110,8,12,1,15,15055,1,1,1,3,A75 PK 087.200,45.096856,3.127187,13,4,2
202100025615,155Â 897,A01,1,1,2,5,1,8,-1,-1, -1,-1,2021,63.0,3,2,0,0,9,26,1,,7,D543,0,,2,0,0,2,0,0,2,, -1,2,0,1,80,4,8,1,13,13019,1,1,1,7,D543,43.4316,5.3668,11,1,1
202100011984,180Â 297,A01,1,1,1,5,2,6,-1,0,0,-1,2021,22.0,1,1,14,0,1,1,1,,3,GENERAL LECLERC AVENUE DU,0,,2,2,0,2,2,780,3,, -1,1,0,1,50,17,10,4,30,30351,2,1,0,7,GENERAL LECLERC AVENUE DU,43.9577,4.7819,6,1,1
202100029863,148Â 413,B01,1,1,1,5,2,0,-1,-1, -1,-1,2021,44.0,0,1,1,0,0,0,0,,3,920,0,,1,2,0,1,0,0,1,, -1,1,0,1,50,9,7,1,92,92014,2,1,0,3,GENERAL LECLERC (AV.) (135 A FIN - 134 A,48.77519,2.31374,18,2,2
202100047976,115Â 985,A01,1,1,1,1,2,-1,-1,0,0,-1,2021,53.0,2,1,0,0,0,1,1,,1,a57,-1,,1,1,0,2,9,300,3,, -1,8,3,1,110,14,3,2,83,83054,2,1,0,7,a 57,43.158748,6.043988,5,1,1
202100055383,102Â 848,A01,2,2,2,5,0,-1,-1,0,0,-1,2021,32.0,1,1,0,0,0,0,1,,4,,-1,,1,1,0,2,(1),(1),1,, -1,1,0,1,50,8,1,2,974,97415,2,1,0,7,3 Rue des Flamboyants,-20.979167,55.327883,19,2,1
202100048296,115Â 424,B01,1,1,1,9,8,0,-1,0,0,-1,2021,57.0,2,1,0,2,1,15,5,,4,RUE DU FAUBOURG SAINT MARTIN,0,,1,3,3,1,(1),(1),1,, -1,1,-1,6,50,12,3,1,75,75110,2,7,0,3,RUE DU FAUBOURG SAINT MARTIN,48.869266,2.35572,7,2,2
202100035781,137Â 749,B01,1,1,1,1,8,0,-1,-1, -1,-1,2021,38.0,2,1,0,2,8,1,5,,3,992,0,,2,2,1,1,0,0,1,, -1,1,2,5,50,7,6,1,92,92050,2,1,0,3,HAVRE BOULEVARD DU,48.919864062,2.2213089466,7,2,2
202100019756,166Â 330,A01,1,1,1,4,1,4,9,0,0,-1,2021,50.0,1,4,0,0,9,4,1,,3,,0,,-1,1,0,2,(1),(1),3,,3,6,8,8,50,10,9,1,202,202256,1,1,0,7,Chemin Communal,42.3743424371,9.3883913768,8,2,1
202100035749,137Â 806,B01,1,1,1,1,8,0,-1,0,0,-1,2021,27.0,2,1,0,2,1,1,5,,4,AVENUE GAMBETTA,0,,2,4,1,2,(1),(1),1,, -1,1,0,1,50,8,6,1,75,75120,2,2,0,3,AVENUE GAMBETTA,48.864964,2.395537,10,2,2
202100042388,125Â 863,A01,2,2,2,4,1,-1,-1,0,0,-1,2021,41.0,1,5,9,0,2,1,1,,3,763,0,D,2,2,0,1,13,636,1,, -1,1,5,1,80,28,4,3,44,44108,2,6,0,6,Route d'Ancenis,47.144839,-1.281549,3,2,1
202100050441,111Â 537,A01,1,1,1,0,1,8,-1,-1, -1,-1,2021,26.0,2,2,4,0,6,13,1,,3,R.D.20,0,,3,4,0,1,36,500,1,, -1,1,0,1,90,23,2,5,91,91223,1,1,0,6,R.D.20,48.43814,2.17159,4,1,1
202100029246,149Â 483,B01,1,1,1,0,2,6,-1,-1, -1,-1,2021,27.0,1,1,0,2,7,3,1,,2,104,0,,3,6,0,1,30,159,1,, -1,2,0,1,110,13,7,1,91,91617,1,1,1,3,RN 104,48.63145,2.51223,17,2,2
202100012506,179Â 355,A01,10,3,2,0,0,-1,-1,2,3,1,2021,27.0,1,1,0,1,1,1,1,,3,992,0,,1,4,0,2,0,0,1,, -1,1,0,1,50,18,10,5,92,92025,2,1,0,6,CHARLES DE GAULLE (BD),48.914384,2.229367,7,2,1
202100002276,197Â 715,A01,10,3,2,3,0,-1,-1,2,1,2,2021,70.0,2,2,0,1,2,1,1,,4,R PAUL BERT ,0,,1,1,0,1,1,0,1,, -1,1,0,1,30,18,12,1,94,94052,2,1,0,6,Rue Paul Bert,48.8399,2.48108,10,2,1
202100030625,147Â 014,A01,1,1,1,5,2,-1,-1,0,0,-1,2021,17.0,1,1,0,2,1,13,1,,3,34,0,,2,2,0,1,32,500,4,, -1,1,0,1,90,5,7,1,19,19005,1,1,0,3,Carrefour D 34 - Route de gauch,45.2570535736,1.4874190593,20,3,2
202100051571,109Â 516,A01,10,3,2,5,0,-1,-1,1,3,1,2021,28.0,1,2,0,1,3,1,1,,3,ESTIENNES D'ORVES (AVENUE D'),0,,2,2,0,1,(1),(1),1,, -1,1,0,1,50,13,2,1,91,91326,2,1,0,6,ESTIENNES D'ORVES (AVENUE D'),48.69054,2.38076,13,3,1
202100033767,141Â 414,A01,10,3,1,0,0,-1,-1,1,3,1,2021,11.0,2,1,0,1,1,1,1,,4,m'tsapere-Said CafÃ© (rue),0,,2,0,0,2,0,0,1,, -1,1,0,1,50,17,6,1,976,97611,2,1,0,6,m'tsapere-Said CafÃ© (rue),-12.79009,45.21661,15,2,1
202100021493,163Â 217,A01,1,1,1,0,1,0,-1,-1, -1,-1,2021,32.0,0,2,0,2,1,26,1,,3,LOUIS VANNINI (RUE),0,,2,2,0,1,1,0,1,, -1,1,0,1,50,1,9,1,93,93050,2,1,0,4,Rue Louis Vannini,48.866411,2.52697,18,4,3
202100044320,122Â 448,B01,1,1,1,5,0,-1,-1,0,0,-1,2021,13.0,1,1,0,2,4,15,5,,3,238,-1,,2,2,0,2,(1),(1),1,, -1,1,0,1,50,12,4,1,37,37074,2,3,0,2,3 rue des reaux,47.2476339248,0.1610974968,18,2,2
202100043647,123Â 657,B01,1,1,2,5,8,0,-1,0,0,-1,2021,12.0,1,1,0,2,8,19,5,,4,AVENUE GAMBETTA,0,,3,2,0,1,(1),(1),1,, -1,1,0,1,30,17,4,1,75,75120,2,2,0,3,AVENUE GAMBETTA,48.87495,2.4057,16,2,2
202100027724,152Â 158,A01,1,1,1,5,1,0,-1,-1, -1,-1,2021,22.0,3,2,1,0,0,0,1,,4,PETITPREZ ELIE RUE,0,,2,1,0,1,(1),(1),1,, -1,1,0,1,30,21,7,1,59,59350,2,1,0,6,PETITPREZ ELIE RUE,50.64457,2.99096,17,2,1
202100026820,153Â 781,B01,1,1,1,5,8,-1,-1,-1, -1,-1,2021,82.0,1,1,0,2,1,2,5,,4,PATTON (AVENUE DU GENERAL SIR GEORGES),0,,2,2,1,1,(1),(1),3,, -1,2,0,1,50,27,7,1,35,35238,2,1,1,2,PATTON (AVENUE DU GENERAL SIR GEORGES),48.13334,-1.66069,15,2,2
202100009577,184Â 587,A01,1,1,1,0,8,0,-1,-1, -1,-1,2021,18.0,2,0,0,2,1,1,3,,3,RUE DE PARIS,0,,-1,2,0,1,0,0,1,, -1,1,0,1,50,3,11,1,91,91589,2,2,0,3,RUE DE PARIS,48.68512,2.34928,10,3,2
202100003215,196Â 025,B01,1,1,2,1,1,-1,-1,-1, -1,-1,2021,24.0,2,2,0,2,4,2,1,,7,RD383   14.250 A 18.000,0,,3,8,0,1,14,350,1,, -1,1,0,1,70,10,12,1,69,69199,1,1,0,2,PERIPHERIQUE LAURENT BONNEVAY (BD),45.7164377192,4.8497235775,15,2,2
202100032072,144Â 420,A01,10,3,2,0,0,-1,-1,5,3,2,2021,18.0,3,5,0,1,1,1,1,,4,LAVOISIER (RUE),0,,2,0,0,1,(1),(1),1,, -1,1,0,1,50,25,6,1,27,27229,2,1,0,6,LAVOISIER (RUE),49.0003438,1.1475648,16,2,1
202100040308,129Â 553,B01,1,1,1,0,2,0,-1,-1, -1,-1,2021,29.0,2,1,0,2,1,0,1,,4,DUQUESNE                            (R ),0,,1,2,3,1,(1),(1),1,, -1,1,0,1,50,11,5,1,69,69386,2,2,0,3,DUQUESNE (R),45.77253,4.84311,19,2,2
202100002860,196Â 665,B01,1,1,2,1,1,-1,-1,0,0,-1,2021,42.0,2,2,0,2,2,0,1,,2,01,0,N,3,4,0,1,(1),(1),1,, -1,1,0,1,90,14,12,4,971,97103,2,1,0,1,Route Nationale N 1,16.254025,-61.550732,23,2,2
202100003793,194Â 975,A01,1,1,1,0,8,-1,-1,0,0,-1,2021,72.0,2,1,0,2,0,16,5,,2,,-1,,2,2,-1,1,28,600,1,, -1,1,0,1,-1,11,12,1,26,26347,2,3,0,3,Rue Albert Nicolas,45.068758,4.843469,13,2,2
202100036479,136Â 497,Z01,10,3,2,2,8,8,-1,3,3,1,2021,14.0,0,2,0,1,1,26,0,,3,MUSSELBURGH (R DE),0,,-1,2,3,1,0,0,1,, -1,2,0,6,30,4,6,1,94,94017,2,1,0,1,MUSSELBURGH (R DE),48.81142,2.51528,17,2,1
202100050422,111Â 569,B01,1,1,1,5,1,0,-1,-1, -1,-1,2021,40.0,2,2,0,2,5,1,0,,7,RD383   3.750 A 7.640,0,,3,3,0,1,6,500,1,, -1,1,0,1,70,21,2,1,69,69266,1,1,0,4,RD383,45.76005,4.90958,8,3,3
202100039153,131Â 639,B01,1,1,1,0,1,0,-1,-1, -1,-1,2021,25.0,2,2,0,2,4,1,1,,2,PARIS (RTE DE),0,,2,2,0,2,0,0,1,, -1,1,0,1,70,20,5,1,94,94070,1,1,0,4,Route de Paris,48.72426,2.55907,9,3,3
202100028600,150Â 595,B01,2,1,1,5,2,0,-1,-1, -1,-1,2021,27.0,1,1,0,0,0,0,1,,4,m'tsapere-Nationale 2 (route),0,,2,2,0,1,0,0,1,, -1,1,0,1,50,16,7,2,976,97611,2,1,0,3,m'tsapere-Nationale 2 (route),-12.78748,45.22537,5,2,2
202100032207,144Â 192,A01,1,1,1,5,2,6,-1,0,0,-1,2021,21.0,1,6,0,2,1,1,1,,3,1,0,,2,2,0,1,3,200,1,,5,1,0,1,80,26,6,1,91,91405,1,1,0,1,"route dÃ©partementale 1, PK 3+200",48.373642,2.421284,19,2,2
202100037798,134Â 098,A01,10,3,2,0,0,-1,-1,9,B,1,2021,78.0,3,1,0,1,1,25,1,,6,PRK PLACE DE L EUROPE,0,,-1,-1,0,1,(1),(1),1,, -1,1,6,8,10,28,5,1,33,33063,2,7,0,6,Place de lâEurope,44.85962,-0.58184,16,2,1
202100045601,120Â 219,A01,2,2,2,0,2,0,-1,-1, -1,-1,2021,21.0,2,1,0,0,1,1,1,,4,QUIMPER (DE 1 A 103 ET 2 A 152),0,,2,2,0,3,(1),(1),1,, -1,2,0,1,50,1,4,5,29,29019,2,1,0,7,Rue de Quimper,48.40113,-4.454,2,2,1
202100011759,180Â 695,B01,1,1,1,5,2,0,-1,-1, -1,-1,2021,29.0,1,1,0,2,4,15,1,,4,ESSOMES (AVENUE D'),0,,1,1,0,1,0,0,1,, -1,1,9,8,50,15,4,1,2,2168,2,9,0,2,ESSOMES (AVENUE D'),49.042908,3.391584,16,2,2
202100047001,117Â 766,D01,1,1,1,4,1,-1,-1,-1, -1,-1,2021,48.0,1,2,0,2,1,2,1,,1,AUTOROUTE A 63,0,,3,4,0,1,10,595,1,, -1,1,0,1,130,23,3,1,33,33122,1,1,0,4,AUTOROUTE A 63,44.727319,-0.729884,7,5,5
202100011864,180Â 515,A01,3,2,1,5,3,0,-1,-1, -1,-1,2021,5.0,1,5,0,2,7,15,1,,2,MARECHAL DE LATTRE DE TASSIGNY (AV),0,,2,4,0,1,1,0,1,, -1,1,0,1,50,20,10,5,94,94075,2,3,0,3,Avenue du Mal de Lattre de Tassigny,48.727457,2.531126,19,3,2
202100055930,101Â 904,B01,1,1,1,5,1,0,-1,-1, -1,-1,2021,22.0,3,2,0,2,4,0,1,,4,JAURES JEAN (avenue),0,,2,0,0,1,(1),(1),2,, -1,1,0,1,50,5,1,1,13,13077,2,1,0,2,JAURES JEAN (avenue),43.4109265527,4.9789463883,16,2,2
202100042060,126Â 445,B01,1,1,1,4,8,0,-1,0,0,-1,2021,27.0,2,1,0,2,3,1,5,,4,RUE SAINT DOMINIQUE,0,,1,1,0,1,(1),(1),1,, -1,1,0,1,50,29,4,1,75,75107,2,1,0,3,RUE SAINT DOMINIQUE,48.858596,2.321666,11,2,2
202100039693,130Â 630,A01,10,3,1,5,0,-1,-1,3,3,2,2021,17.0,3,2,0,1,3,1,1,,4,FAUBOURG SAINT VINCENT (RUE DU ) DU 1 AU,0,,2,1,0,1,(1),(1),1,, -1,1,0,1,50,16,5,1,45,45234,2,3,0,6,137 Rue du Faubourg Saint Vincent,47.911094,1.915207,17,2,1
202100020344,165Â 268,A01,1,1,1,1,1,0,-1,-1, -1,-1,2021,38.0,2,2,0,2,1,1,1,,4,JEAN BAPTISTE CLEMENT (QU),0,,2,2,0,1,1,0,1,, -1,1,0,1,50,6,9,1,94,94002,2,1,0,4,JEAN BAPTISTE CLEMENT (QU),48.78966,2.42392,8,3,3
202100026951,153Â 536,B01,2,2,2,4,1,0,-1,0,0,-1,2021,25.0,3,2,0,2,4,2,1,,4,AVENUE WINSTON CHURCHILL,0,,2,4,1,1,(1),(1),1,, -1,2,6,1,50,26,7,1,75,75108,2,2,1,2,AVENUE WINSTON CHURCHILL,48.867117,2.313954,17,4,2
202100018314,168Â 888,A01,10,3,2,0,0,-1,-1,3,3,1,2021,63.0,2,1,0,1,1,17,1,,7,DE LATTRE DE TASSIGNY (AV),0,,2,2,0,1,22,850,1,, -1,1,0,1,50,11,9,1,83,83129,2,1,0,6,DE LATTRE DE TASSIGNY (AV),43.093918,5.839174,12,2,1
202100034739,139Â 616,B01,1,1,1,5,2,-1,-1,-1, -1,-1,2021,50.0,3,1,0,2,0,0,5,,4,MARIETTON               (R ),0,,2,3,0,1,(1),(1),1,, -1,1,0,1,50,12,6,1,69,69081,2,1,0,3,MARIETTON (R),45.7746635917,4.7938035429,12,2,2
202100034070,140Â 865,A01,1,1,1,5,2,0,-1,0,0,-1,2021,18.0,1,1,0,2,1,17,1,,4,SABLES BLANCS (RUE DES ),0,,2,2,0,1,(1),(1),1,, -1,1,0,1,50,15,6,1,29,29039,2,3,0,3,Rue des Sables Blancs,47.878369,-3.930069,18,2,2
202100046698,118Â 305,B01,1,1,1,1,1,-1,-1,0,0,-1,2021,50.0,0,2,0,2,8,1,2,,7,8,0,D,2,2,0,1,0,0,3,, -1,1,0,1,70,25,3,1,13,13107,2,1,0,3,Route de Gardanne,43.444733,5.440571,18,2,2
202100002432,197Â 425,B01,1,1,1,3,1,0,-1,-1, -1,-1,2021,59.0,2,2,0,2,4,2,1,,2,RN12,0,,1,1,0,1,1,0,1,, -1,1,0,1,70,17,12,3,22,22106,1,9,0,4,RN12,48.49416,-2.72361,17,4,3
202100033460,141Â 961,A01,10,3,1,3,0,-1,-1,3,3,2,2021,14.0,1,1,1,1,1,17,1,,3,908,-1,,2,2,0,1,43,112,1,, -1,2,9,1,50,19,6,1,61,61168,2,1,0,5,2 Route de Bagnoles,48.586054,-0.36521,17,8,3
202100024601,157Â 683,A01,1,1,2,0,1,0,-1,-1, -1,-1,2021,34.0,1,2,0,2,8,1,1,,7,RD 626,0,,1,6,0,1,(1),(1),1,, -1,1,0,1,50,10,8,1,59,59009,2,2,0,3,RD 626,50.6262,3.1365,15,2,2
202100050389,111Â 627,B01,1,1,1,0,2,-1,-1,0,0,-1,2021,58.0,2,1,0,2,1,17,1,,3,424,-1,,2,2,2,1,43,850,1,, -1,1,0,1,80,25,2,1,67,67360,1,1,0,1,RD 424 - PK 43+850,48.186111,7.533789,16,2,2
202100020748,164Â 545,A01,1,1,1,0,8,-1,-1,0,0,-1,2021,36.0,1,1,0,2,1,15,1,,3,,0,,2,2,0,2,37,500,1,,4,1,0,1,50,20,8,5,30,30202,2,2,0,3,Avenue Andre de Philip,44.257864,4.638623,22,3,2
202100015259,174Â 436,A01,1,1,1,0,8,-1,-1,0,0,-1,2021,38.0,2,2,13,0,9,1,1,,3,308,-1,,2,2,0,2,11,750,2,, -1,2,0,3,80,4,10,1,74,74183,1,1,1,7,Route de Sommand,46.145964,6.515868,15,1,1
202100036265,136Â 854,A01,1,1,1,9,2,0,-1,0,0,-1,2021,38.0,1,0,0,2,2,1,3,,4,RUE MANIN,0,,2,2,0,1,(1),(1),1,, -1,1,0,1,50,5,6,1,75,75119,2,3,0,3,RUE MANIN,48.881697,2.381083,12,2,2
202100051096,110Â 343,B01,1,1,2,0,1,0,-1,-1, -1,-1,2021,21.0,-1,2,0,2,8,15,1,,3,MARECHAL LECLERC AVENUE,0,,-1,4,0,1,1,1,1,, -1,2,0,1,50,18,2,1,93,93046,2,1,1,3,MARECHAL LECLERC AVENUE,48.9205614075,2.5400401152,16,4,2
202100027748,152Â 109,A01,1,1,2,1,2,8,-1,-1, -1,-1,2021,18.0,1,1,8,0,3,1,1,,4,RAY GRASSI (AllÃ©e),0,,2,2,0,1,0,0,1,, -1,1,0,1,30,21,7,1,13,13208,2,1,0,6,RAY GRASSI (AllÃ©e),43.27089,5.39654,20,1,1
202100040829,128Â 648,A01,1,1,1,1,1,-1,-1,0,0,-1,2021,45.0,1,2,4,2,3,1,0,,1,61,-1,A,1,4,0,2,373,800,1,, -1,1,8,1,90,23,4,1,11,11262,1,1,0,1,PK 373.800,43.159926,2.937813,17,3,2
202100000308,201Â 167,B01,1,1,1,5,8,0,-1,-1, -1,-1,2021,12.0,3,1,0,2,4,6,5,,7,DEPARTEMENTALE 48 (ROUTE ),0,,2,2,0,1,0,0,1,, -1,1,5,1,30,12,7,1,13,13054,2,9,0,6,DEPARTEMENTALE 48 (ROUTE ),43.40508,5.22318,20,3,2
202100049581,113Â 132,A01,1,1,1,1,2,0,-1,-1, -1,-1,2021,26.0,2,1,0,2,1,3,1,,1,AUTOROUTE A3,0,,3,6,0,1,8,0,1,, -1,1,0,1,90,2,3,1,93,93010,1,1,0,3,AUTOROUTE A3,48.90625,2.47214,10,2,2
202100004386,193Â 916,B01,1,1,1,0,2,6,-1,-1, -1,-1,2021,24.0,1,1,0,2,8,3,1,,1,A104,0,,3,2,0,1,17,700,1,, -1,1,0,1,90,7,12,1,77,77363,1,1,0,2,A104,48.9166321972,2.6332584591,9,2,2
202100025038,156Â 899,B01,1,1,1,5,2,6,-1,0,0,-1,2021,62.0,1,1,0,2,7,1,1,,4,,-1,,2,2,0,1,(1),(1),3,,4,1,0,1,50,6,8,1,71,71495,2,9,0,6,6 Rue de Confle,46.521748,4.60091,9,2,2
202100020195,165Â 540,A01,1,1,1,5,2,-1,-1,-1, -1,-1,2021,21.0,2,1,0,2,1,3,1,,1,AUTOROUTE A 63,0,,3,4,0,1,3,0,1,, -1,1,0,1,110,5,9,1,33,33090,1,1,0,2,AUTOROUTE A 63,44.771985,-0.6582,20,2,2
202100000297,201Â 191,A01,1,1,1,0,2,-1,-1,-1, -1,-1,2021,32.0,1,1,0,2,0,1,1,,4,LACASSAGNE                          (AV),0,,2,1,3,1,(1),(1),1,, -1,1,0,1,50,8,11,5,69,69383,2,3,0,7,LACASSAGNE (AV),45.7512,4.87261,20,3,2
202100030458,147Â 330,B01,1,1,1,0,2,6,-1,0,0,-1,2021,59.0,2,1,0,2,1,5,1,,3,930,-1,D,-1,1,0,1,32,(1),3,, -1,1,0,1,50,6,7,1,80,80542,1,6,0,1,D930,49.771623,2.908888,21,2,2
202100020851,164Â 376,B01,1,1,1,5,2,6,-1,-1, -1,-1,2021,57.0,1,1,0,2,5,1,1,,3,MARCET (AV. BAPTISTE) (1-69 ET 2-58),0,,-1,2,0,1,0,0,3,, -1,1,9,1,50,3,9,1,43,43157,2,6,0,2,Avenue Baptiste Marcet,45.0222286622,3.8893452287,12,2,2
202100012258,179Â 815,B01,1,1,1,5,2,0,-1,-1, -1,-1,2021,19.0,1,1,0,2,1,1,1,,4,HAUTE FUTAIE (AV DE LA),0,,2,2,0,1,1,0,1,, -1,1,0,1,50,18,10,1,94,94079,2,2,0,3,Avenue de la Haute Futaie,48.824291,2.56152,18,2,2
202100034264,140Â 495,A01,10,3,1,3,0,-1,-1,8,1,2,2021,53.0,3,2,0,1,5,2,1,,6,FONTANELLES  (PARC DES EXPOSITIONS),0,,-1,0,3,1,0,0,1,, -1,1,9,6,30,13,6,1,47,47323,2,1,0,6,FONTANELLES  (PARC DES EXPOSITIONS),44.40818,0.72086,11,2,1
202100055777,102Â 165,A01,10,3,2,9,0,-1,-1,9,9,2,2021,40.0,3,2,0,1,1,20,1,,5,JUIN (AVENUE DU MARECHAL),0,,-1,0,0,1,0,0,1,, -1,1,0,1,1,8,1,1,64,64102,2,1,0,6,29 Avenue MarÃ©chal Juin,43.49319,-1.45851,9,2,1
202100043055,124Â 714,A01,10,3,2,5,0,-1,-1,2,3,2,2021,4.0,2,1,0,1,1,21,5,,4,RUE DES HAIES,0,,1,1,0,1,(1),(1),1,, -1,1,0,1,50,22,4,1,75,75120,2,2,0,6,RUE DES HAIES,48.852948,2.400779,8,3,1
202100022261,161Â 848,B01,1,1,1,0,1,0,-1,-1, -1,-1,2021,62.0,1,2,0,2,3,1,1,,7,MALAFOLIE -(RUE DE LA),0,,2,2,0,1,21,975,1,, -1,1,5,1,50,27,8,5,42,42044,2,2,0,1,Rue de la Malafolie,45.39406,4.30301,22,2,2
202100009606,184Â 535,B01,1,1,1,5,2,8,-1,-1, -1,-1,2021,19.0,0,1,0,2,1,1,1,,3,HUGO ( RUE VICTOR),0,,2,2,0,1,0,0,1,, -1,2,5,1,50,31,10,2,24,24322,2,3,1,3,HUGO ( RUE VICTOR),45.18929,0.71299,17,2,2
202100032555,143Â 578,A01,1,1,1,0,2,-1,-1,0,0,-1,2021,39.0,2,1,2,0,0,0,1,,3,6086,-1,,2,2,0,1,(1),(1),1,, -1,1,0,3,70,21,6,1,30,30092,1,1,0,6,D6086,44.096081,4.599093,19,1,1
202100002307,197Â 664,A01,1,1,1,5,0,-1,-1,0,0,-1,2021,43.0,3,1,0,0,0,16,3,,3,,-1,,2,1,0,1,(1),(1),3,,3,2,0,1,50,15,12,5,63,63178,2,3,1,7,avenue de la gare,45.5440347638,3.253518194,22,1,1
202100024785,157Â 346,A01,1,1,2,3,0,-1,-1,0,0,-1,2021,38.0,1,2,6,0,1,14,1,,3,302,0,D,3,4,0,1,7,499,1,, -1,1,2,3,90,10,8,1,69,69285,1,1,0,6,D302,45.7645192516,5.0365233421,20,1,1
202100048373,115Â 290,B01,1,1,2,4,1,0,-1,-1, -1,-1,2021,32.0,2,2,0,2,4,1,1,,4,OUEST (BOULEVARD DE L'),0,,2,2,0,3,(1),(1),3,, -1,1,0,1,30,10,3,1,972,97209,1,1,0,2,OUEST (BOULEVARD DE L'),14.6285,-61.072,10,2,2
202100016689,171Â 796,B01,1,1,1,2,2,6,-1,0,0,-1,2021,18.0,0,1,0,2,1,5,1,,7,287,0,,1,1,0,1,(1),(1),3,, -1,1,5,1,50,27,9,1,35,35120,2,6,0,1,avenue de beauvais,48.21864,-1.790922,11,2,2
202100046776,118Â 158,B01,1,1,2,4,2,6,-1,0,0,-1,2021,51.0,1,1,0,2,2,1,1,,4,ECHANGEUR BERCY,0,,1,2,0,3,(1),(1),3,, -1,1,0,1,50,23,3,1,75,75112,2,4,0,3,ECHANGEUR BERCY,48.826891,2.389731,12,2,2
202100018719,168Â 178,A01,10,3,2,3,8,8,-1,1,3,1,2021,76.0,3,5,1,1,6,26,0,,6,VOULX (ROUTE DE),0,,-1,0,0,1,(1),(1),1,, -1,1,9,8,30,11,9,1,89,89387,2,1,0,6,VOULX (ROUTE DE),48.20429,3.2649,17,2,1
202100018027,169Â 403,A01,2,2,2,9,1,0,-1,0,0,-1,2021,20.0,2,2,0,2,2,1,1,,4,RUE DE LA FOLIE REGNAULT,0,,2,2,0,1,(1),(1),1,, -1,1,0,1,30,19,9,1,75,75111,2,2,0,3,RUE DE LA FOLIE REGNAULT,48.861177,2.385855,13,4,2
202100026164,154Â 929,A01,1,1,2,5,1,8,-1,-1, -1,-1,2021,28.0,3,2,8,0,1,1,1,,3,ALLENDE (AVE DU P. SALVADOR),0,,2,2,0,1,0,0,1,, -1,1,0,1,50,31,7,5,93,93008,2,9,0,6,ALLENDE (AVE DU P. SALVADOR),48.9,2.44,2,1,1
202100030524,147Â 201,A01,1,1,1,9,2,8,-1,-1, -1,-1,2021,23.0,2,1,0,2,1,1,1,,4,MITTERAND (AVENUE DU PDT),0,,1,1,0,2,0,0,1,, -1,1,0,1,30,5,7,5,974,97416,1,1,0,2,MITTERAND (AVENUE DU PDT),-21.344566,55.484311,17,2,2
202100038159,133Â 442,B01,1,1,1,5,1,0,-1,-1, -1,-1,2021,20.0,2,2,0,2,1,15,1,,7,ANCIENS COMBATANTS D'INDOCHINE (AV DES),0,,3,4,0,1,23,160,1,, -1,1,0,1,50,26,5,5,83,83126,2,9,0,3,ANCIENS COMBATANTS D'INDOCHINE (AV DES),43.10404,5.853763,21,3,2
202100051836,109Â 049,A01,1,1,1,0,1,0,-1,-1, -1,-1,2021,67.0,2,2,0,2,6,9,1,,4,FAIDHERBE (AVENUE),0,,1,4,2,2,1,0,3,, -1,1,0,1,30,11,2,1,93,93048,2,6,0,2,FAIDHERBE (AVENUE),48.8673076708,2.4345566393,16,2,2
202100015290,174Â 381,A01,1,1,1,1,1,-1,-1,0,0,-1,2021,22.0,1,2,2,0,1,14,1,,3,74,-1,,2,1,0,2,19,670,2,,"3,5",1,0,4,50,25,8,2,52,52269,2,3,0,6,D74 - pk 19+670,47.878833,5.340278,6,1,1
202100007812,187Â 784,A01,1,1,2,0,1,0,-1,-1, -1,-1,2021,24.0,1,2,0,2,4,13,1,,7,ROCADE OUEST,0,,3,2,0,2,6,575,2,, -1,1,0,1,90,11,11,1,42,42189,1,1,1,4,M201 - Rocade Ouest,45.42956,4.34892,8,4,3
202100034427,140Â 192,A01,1,1,2,5,8,0,-1,0,0,-1,2021,31.0,2,1,0,2,1,1,5,,4,RUE DE MENILMONTANT,0,,2,2,3,2,(1),(1),1,, -1,1,0,1,50,14,6,1,75,75120,2,3,0,3,RUE DE MENILMONTANT,48.869201,2.391917,12,2,2