Num_Acc,id_vehicule,num_veh,place,catu,sexe,trajet,secu1,secu2,secu3,locp,actp,etatp,year_acc,victim_age,senc,catv,obs,obsm,choc,manv,motor,occutc,catr,voie,v1,v2,circ,nbv,vosp,prof,pr,pr1,plan,lartpc,larrout,surf,infra,situ,vma,jour,mois,lum,dep,com,agg_,int,atm,col,adr,lat,long,hour,nb_victim,nb_vehicules
202100039301,131Â 349,B01,1,1,1,5,2,6,-1,-1, -1,-1,2021,21.0,1,1,0,2,1,1,1,,4,SAINT PIERRE (RUE),0,,2,2,0,1,0,0,1,, -1,1,0,1,50,20,5,5,13,13205,2,1,0,1,SAINT PIERRE (RUE),43.2917627174,5.4079656028,23,2,2
202100007392,188Â 545,A01,2,2,2,5,1,-1,-1,0,0,-1,2021,65.0,1,2,0,2,3,19,1,,3,472,-1,,2,2,3,1,34,530,1,, -1,1,0,1,70,20,11,1,39,39202,1,2,0,3,,46.925725,5.969387,11,3,2
202100045637,120Â 163,B01,1,1,2,1,8,0,-1,0,0,-1,2021,59.0,1,1,0,2,0,13,5,,4,BOULEVARD HAUSSMANN,0,,1,3,1,1,(1),(1),1,, -1,1,-1,6,50,1,4,1,75,75109,2,3,0,3,BOULEVARD HAUSSMANN,48.873421,2.329698,18,2,2
202100020918,164Â 264,A01,10,3,2,5,0,-1,-1,3,3,1,2021,71.0,3,2,0,1,2,16,1,,4,,-1,,2,2,0,1,(1),(1),1,,4,1,0,1,50,4,9,1,71,71014,2,3,0,6,Boulevard Mazagran,46.955154,4.304988,17,2,1
202100018043,169Â 376,B01,9,2,2,5,3,-1,-1,0,0,-1,2021,1.0,2,2,0,0,6,1,1,,1,7,0,,3,5,0,1,105,150,1,, -1,2,0,1,130,19,9,3,26,26106,1,1,1,2,Autoroute A7,44.644895,4.79233,22,5,2
202100035596,138Â 091,A01,1,1,1,1,1,-1,-1,0,0,-1,2021,38.0,3,2,0,2,3,17,0,,5,,-1,,2,2,0,1,(1),(1),1,,4,1,0,1,30,10,6,1,51,51493,1,1,0,1,Chemin du Calvaire,49.2221123536,4.0977609158,7,2,2
202100035356,138Â 510,B01,1,1,2,1,1,-1,-1,0,0,-1,2021,37.0,2,2,0,0,4,2,1,,1,75,0,A,3,4,0,1,321,500,1,, -1,1,0,1,130,10,6,1,34,34300,1,1,0,2,A75,43.394882,3.327312,17,2,2
202100032992,142Â 777,C01,2,2,2,0,1,0,-1,-1, -1,-1,2021,29.0,2,2,0,2,8,1,1,,1,AUTOROUTE A6,0,,1,4,0,1,26,100,1,, -1,2,3,1,90,20,6,1,91,91228,1,1,1,5,AUTOROUTE A6,48.62194,2.42324,22,7,3
202100055360,102Â 883,A01,10,3,2,5,0,-1,-1,4,3,1,2021,76.0,2,2,0,1,3,15,2,,4,BOULEVARD DE BERCY,0,,1,2,2,2,(1),(1),1,, -1,1,0,1,50,11,1,5,75,75112,2,2,0,6,BOULEVARD DE BERCY,48.838942,2.388107,18,2,1
202100044089,122Â 869,A01,5,2,1,5,0,-1,-1,0,0,-1,2021,21.0,2,2,6,0,0,1,1,,3,971,0,D,2,2,0,1,67,200,2,, -1,1,5,1,50,15,4,3,21,21006,2,4,0,6,1 Rue du Pont,47.7509463281,4.5813617073,1,3,1
202100019779,166Â 293,A01,2,2,2,0,1,-1,-1,0,0,-1,2021,76.0,1,2,0,2,1,1,1,,3,7,0,,2,2,0,1,9,850,1,, -1,1,0,1,80,10,9,1,60,60233,1,1,0,3,,49.6389984016,1.8660836218,17,3,2
202100028368,150Â 998,A01,1,1,1,5,2,6,-1,0,0,-1,2021,58.0,2,6,13,0,2,2,1,,3,11,0,D,2,2,0,1,34,225,1,,"5,5",1,0,3,80,19,7,1,89,89197,1,1,0,6,D11,47.520968,4.095583,14,1,1
202100010273,183Â 345,A01,1,1,1,5,1,0,-1,-1, -1,-1,2021,57.0,2,2,0,2,1,2,1,,1,AUTOROUTE A20,0,,3,4,0,2,183,500,1,, -1,1,0,1,90,27,10,1,87,87085,2,1,0,2,AUTOROUTE A20,45.8373,1.28313,19,3,2
202100049988,112Â 389,A01,10,3,2,5,0,-1,-1,1,3,1,2021,8.0,3,0,0,1,0,1,0,,4,EMILE ZOLA (RUE),0,,2,2,0,1,(1),(1),1,, -1,1,9,1,50,25,2,1,972,97209,2,1,0,6,EMILE ZOLA (RUE),14.60961,-61.07146,17,2,1
202100014472,175Â 835,B01,1,1,2,5,2,-1,-1,0,0,-1,2021,56.0,1,1,0,2,6,26,6,,3,28,0,F,2,2,0,1,13,798,1,, -1,1,0,3,90,9,10,1,61,61422,1,1,0,3,Lieu Dit Percher,48.696994,0.636156,15,2,2
202100005089,192Â 676,B01,1,1,2,0,8,0,-1,0,0,-1,2021,37.0,1,1,0,2,0,1,3,,3,ROBERT GALLEY (RUE),0,,1,2,2,1,0,0,2,, -1,1,9,1,50,1,12,1,10,10333,2,7,0,3,ROBERT GALLEY (RUE),48.289,4.067,15,2,2
202100003497,195Â 501,A01,2,2,1,5,8,-1,-1,0,0,-1,2021,18.0,2,2,8,0,7,0,1,,3,D55,-1,,2,2,0,1,0,150,1,, -1,1,0,3,70,12,12,5,38,38451,1,1,0,6,Route de Malaval,45.754436,5.212685,3,3,1
202100022046,162Â 223,A01,1,1,2,1,1,0,-1,-1, -1,-1,2021,49.0,2,2,4,2,6,11,1,,1,A4,0,,3,5,0,1,1,0,1,, -1,1,0,1,90,28,8,3,94,94018,1,1,0,4,A4,48.8205076244,2.4018322324,5,3,3
202100004662,193Â 443,A01,10,3,1,0,0,-1,-1,2,3,1,2021,16.0,3,2,0,1,2,12,1,,4,CUGNOT NICOLAS (BD),0,,3,4,0,1,0,0,1,, -1,2,0,1,70,3,12,2,72,72181,2,1,1,6,CUGNOT NICOLAS (BD),47.98117,0.21844,16,2,1
202100054115,105Â 018,B01,1,1,1,0,2,6,-1,-1, -1,-1,2021,24.0,1,1,0,2,1,2,1,,3,MEHUL (1/37. 2/24),0,,2,2,0,2,0,1,1,, -1,1,0,1,50,22,1,1,93,93055,2,2,0,3,MEHUL (1/37. 2/24),48.8891480797,2.4101451945,14,2,2
202100002557,197Â 211,A01,1,1,1,4,1,0,-1,-1, -1,-1,2021,30.0,1,5,0,2,1,12,1,,1,6,0,,1,3,0,1,9,600,1,, -1,1,2,1,110,17,12,1,92,92002,1,1,0,2,AUTOROUTE A6,48.7362856864,2.3168760538,14,2,2
202100005822,191Â 386,B01,1,1,1,9,1,-1,-1,0,0,-1,2021,34.0,2,2,0,2,1,2,1,,1,63,-1,,1,2,0,1,25,900,1,, -1,2,0,1,130,29,11,1,33,33284,1,9,1,2,A63,44.622998,-0.849284,12,2,2
202100020429,165Â 123,A01,1,1,1,9,8,0,-1,-1, -1,-1,2021,48.0,1,1,0,2,8,13,1,,1,A7-Sens Lyon vers Marseille,0,,-1,4,0,2,271,950,1,, -1,1,0,1,90,6,9,1,13,13106,1,1,0,3,A7-Sens Lyon vers Marseille,43.3907,5.35095,18,2,2
202100047466,116Â 919,B01,1,1,1,1,2,6,-1,-1, -1,-1,2021,47.0,2,1,0,2,1,3,1,,1,A4,0,,3,8,0,1,12,600,1,, -1,2,0,1,110,19,3,1,93,93051,1,1,0,6,A4,48.83674,2.54392,8,3,3
202100023240,160Â 076,A01,10,3,2,5,0,-1,-1,4,3,2,2021,73.0,2,2,0,1,1,1,1,,3,ARISTIDE BRIAND (AVENUE),0,,2,2,3,1,(1),(1),1,, -1,1,6,1,50,19,8,1,50,50218,2,1,0,6,ARISTIDE BRIAND (AVENUE),48.83732,-1.58317,16,2,1
202100014407,175Â 946,B01,1,1,1,5,8,0,-1,0,0,-1,2021,73.0,2,1,0,2,1,1,5,,4,AVENUE FELIX FAURE,0,,2,2,0,1,(1),(1),1,, -1,1,0,1,30,7,10,5,75,75115,2,1,0,3,AVENUE FELIX FAURE,48.839053,2.282826,19,2,2
202100022318,161Â 742,A01,1,1,1,5,0,-1,-1,0,0,-1,2021,30.0,1,2,8,0,1,13,1,,3,21,0,D,2,2,0,1,2,650,2,, -1,1,0,3,80,27,8,1,44,44180,1,1,0,6,D21,47.570612,-1.215255,20,1,1
202100045571,120Â 275,B01,2,2,2,0,1,0,-1,-1, -1,-1,2021,13.0,1,2,0,2,1,1,1,,3,BASQUE (AVENUE DU GRAND),0,,2,-1,0,1,4,370,2,, -1,1,5,1,50,31,3,1,64,64102,2,2,0,5,VAINSOT (RUE),43.49411,-1.4531,14,6,3
202100030657,146Â 956,B01,1,1,2,5,1,-1,-1,0,0,-1,2021,28.0,1,2,0,2,8,1,1,,1,8,0,A,1,5,0,2,15,79,1,, -1,1,0,1,110,2,7,1,13,13001,1,1,0,3,autoroute A8 point kilomÃ©trique 15+790 sens nord/sud,43.527673,5.400295,18,2,2
202100008367,186Â 777,B01,1,1,1,9,2,0,-1,0,0,-1,2021,38.0,2,1,0,2,7,1,1,,4,BOULEVARD VOLTAIRE,0,,2,2,0,1,(1),(1),1,, -1,1,0,1,30,12,11,1,75,75111,2,2,0,3,BOULEVARD VOLTAIRE,48.850646,2.39221,12,3,2
202100037669,134Â 327,A01,10,3,2,3,0,-1,-1,1,3,1,2021,80.0,3,2,0,1,1,1,1,,3,,0,,1,1,0,1,(1),(1),1,,3,1,0,1,50,30,5,1,58,58151,2,1,0,6,place de la victoire,46.889432,3.466404,10,2,1
202100002588,197Â 158,B01,1,1,1,9,2,0,-1,-1, -1,-1,2021,67.0,2,1,0,2,7,3,1,,3,15EME CORPS (AVE DU),0,,2,2,0,1,27,500,1,, -1,1,0,1,50,16,12,1,83,83137,2,1,0,3,15EME CORPS (AVE DU),43.12852,5.91271,14,2,2
202100055379,102Â 854,B01,1,1,1,0,1,0,-1,-1, -1,-1,2021,33.0,2,2,0,2,4,0,1,,3,CHARLES DE GAULLE (AVENUE) RD75 NÂ°1 A 35,0,,3,2,0,2,0,0,1,, -1,1,5,1,50,11,1,5,92,92060,2,9,0,2,CHARLES DE GAULLE (AVENUE) RD75 NÂ°1 A 35,48.78099,2.26345,18,2,2
202100052122,108Â 541,A01,1,1,1,0,8,0,-1,-1, -1,-1,2021,20.0,3,1,0,0,0,0,3,,4,BEAUREPAIRE,0,,2,2,2,1,1,0,1,, -1,1,0,1,50,8,2,1,49,49007,2,1,0,7,BEAUREPAIRE,47.47362,-0.55895,8,1,1
202100022927,160Â 642,B01,2,2,1,4,1,0,-1,0,0,-1,2021,32.0,1,2,0,2,3,9,1,,4,RUE DE MAUBEUGE,0,,2,2,0,1,(1),(1),1,, -1,1,0,1,50,21,8,1,75,75110,2,2,0,3,RUE DE MAUBEUGE,48.8840086457,2.3555636617,18,4,2
202100021621,162Â 984,B01,1,1,1,5,8,-1,-1,-1, -1,-1,2021,57.0,2,1,0,2,1,1,3,,4,ALBERT 1ER (BD),0,,3,2,2,1,(1),(1),3,, -1,1,0,1,50,31,8,1,35,35238,2,1,0,3,ALBERT 1ER (BD),48.08962,-1.68313,11,3,2
202100044168,122Â 724,A01,10,3,1,9,0,-1,-1,2,3,1,2021,72.0,1,1,0,1,7,1,3,,4,RUE SAINT MAUR,0,,1,1,0,1,(1),(1),1,, -1,1,0,1,50,13,4,1,75,75111,2,1,0,6,RUE SAINT MAUR,48.869725,2.373668,10,2,1
202100031805,144Â 911,A01,1,1,1,0,2,0,-1,-1, -1,-1,2021,48.0,1,1,0,0,0,2,1,,1,AUTOROUTE A6B,0,,3,3,0,1,7,719,1,, -1,2,0,1,110,29,6,1,94,94034,1,1,1,7,AUTOROUTE A6B,48.75131,2.32954,8,1,1
202100043719,123Â 545,A01,1,1,1,1,1,0,-1,-1, -1,-1,2021,25.0,2,2,0,0,1,1,1,,1,A51-Sens Aix en Provence vers Marseille,0,,1,4,3,1,4,500,1,, -1,2,0,1,90,17,4,1,13,13019,1,1,1,7,A51-Sens Aix en Provence vers Marseille,43.426064,5.378935,9,1,1
202100056031,101Â 731,A01,1,1,1,1,1,0,-1,-1, -1,-1,2021,20.0,2,2,0,0,7,13,1,,4,SOLIGNAC (RUE DE),0,,2,2,0,2,0,0,2,, -1,1,0,1,50,4,1,2,87,87085,2,1,0,7,SOLIGNAC (RUE DE),45.8076,1.26393,19,1,1
202100020800,164Â 469,B01,1,1,1,5,2,-1,-1,0,0,-1,2021,80.0,1,0,0,0,4,1,3,,3,12,-1,,2,2,0,1,16,50,1,, -1,1,0,1,70,6,9,1,60,60317,1,1,0,2,route dÃ©partementale 12,49.333065,2.306378,12,2,2
202100047459,116Â 932,C01,1,1,1,5,1,-1,-1,-1, -1,-1,2021,30.0,1,2,0,2,4,1,1,,1,ROCADE A 630,0,,3,6,0,2,4,300,1,, -1,1,2,1,70,19,3,1,33,33063,1,1,0,4,Rocade Nord A630,44.88306,-0.553244,11,3,3
202100003495,195Â 503,A01,1,1,1,5,1,-1,-1,0,0,-1,2021,45.0,3,2,0,2,3,13,1,,7,,-1,,2,2,0,1,(1),(1),1,, -1,1,0,1,-1,11,12,3,13,13053,1,1,1,1,D7n,43.729007,5.153317,18,8,3
202100024061,158Â 641,A01,1,1,1,5,2,-1,-1,0,0,-1,2021,41.0,1,1,0,0,0,1,3,,3,252,0,,2,2,0,1,(1),(1),1,, -1,1,0,1,50,13,8,1,14,14431,2,1,0,7,D252,49.068081,-0.086265,16,1,1
202100052962,107Â 050,B01,1,1,2,0,1,0,-1,-1, -1,-1,2021,34.0,2,2,0,2,4,2,1,,1,AUTOROUTE A 21,0,,3,4,0,1,43,299,2,, -1,2,0,1,110,31,1,1,59,59501,1,1,1,2,AUTOROUTE A 21,50.374148,3.245434,15,2,2
202100029344,149Â 315,A01,10,3,2,1,0,-1,-1,3,3,1,2021,27.0,1,1,0,1,1,1,1,,4,PROVINCES FRANCAISES BD DES,0,,3,2,0,1,0,0,1,, -1,2,6,1,50,12,7,1,92,92050,2,4,1,6,PROVINCES FRANCAISES BD DES,48.9009,2.215,19,2,1
202100038669,132Â 518,A01,1,1,2,5,1,-1,-1,0,0,-1,2021,50.0,1,2,0,0,1,1,1,,3,119,0,,2,2,0,1,3,400,1,, -1,2,0,3,80,24,5,1,52,52494,1,1,1,7,Route dÃ©partementale 119,48.13522,5.238247,17,1,1
202100038872,132Â 142,A01,1,1,1,5,1,0,-1,-1, -1,-1,2021,32.0,1,2,1,0,3,1,1,,4,GEORGES FOURNIER (RUE),0,,2,2,0,1,0,0,1,, -1,1,0,1,50,27,2,5,91,91027,2,1,0,6,RUE GEORGES FOURNIER,48.70501,2.36933,20,1,1
202100004377,193Â 933,A01,1,1,2,9,1,-1,-1,-1,0,-1,2021,31.0,2,2,4,0,9,13,1,,1,AUTOROUTE A15,0,,3,6,0,1,9,899,3,, -1,1,0,1,110,7,12,1,95,95582,1,1,0,6, A15,48.9749472839,2.2429919243,9,1,1
202100055471,102Â 692,A01,1,1,2,5,1,0,-1,0,0,-1,2021,21.0,2,2,6,0,2,1,1,,7,2099,0,,3,4,0,2,(1),(1),1,, -1,1,0,1,50,10,1,5,63,63113,2,1,0,6,LANDAIS (AVENUE DES),45.7646412865,3.11041551,3,3,1
202100039159,131Â 630,A01,1,1,1,4,2,6,-1,-1, -1,-1,2021,34.0,2,1,0,2,7,17,1,,3,GABRIEL PERI,0,,2,2,0,1,0,0,1,, -1,1,0,1,50,20,5,1,92,92046,2,3,0,3,GABRIEL PERI,48.8192255232,2.3009490967,17,2,2
202100026548,154Â 243,A01,10,3,1,5,8,-1,-1,1,3,1,2021,47.0,1,5,0,1,1,1,1,,3,355,-1,,2,2,0,3,7,393,1,, -1,1,0,1,80,30,7,2,35,35049,1,2,1,6,HERICAN,48.679404,-1.881983,8,2,1
202100032382,143Â 886,A01,1,1,1,5,8,-1,-1,0,0,-1,2021,45.0,2,1,0,5,0,21,5,,3,923,0,,2,2,0,2,2,979,4,, -1,1,0,1,70,25,6,1,65,65192,1,1,0,6,D923,42.736399,-0.027069,15,1,1
202100014528,175Â 738,A01,1,1,1,1,2,6,-1,-1, -1,-1,2021,24.0,1,1,0,2,1,2,1,,2,RN 118,0,,1,2,0,2,10,951,1,, -1,1,0,1,90,8,10,1,91,91471,1,1,0,2,RN 118,48.7075,2.19061,14,2,2
202100049771,112Â 775,A01,1,1,2,1,2,0,-1,0,0,-1,2021,29.0,3,1,0,2,1,1,1,,4,QUAI DE BERCY,0,,3,4,0,1,(1),(1),1,, -1,1,0,1,50,27,2,1,75,75112,2,1,0,2,QUAI DE BERCY,48.835868,2.379109,13,3,2
202100002304,197Â 668,A01,1,1,2,5,1,-1,-1,0,0,-1,2021,69.0,2,2,3,0,1,1,1,,1,A84,-1,,3,4,0,3,237,300,3,, -1,1,0,3,130,19,12,2,14,14579,1,1,0,6,A84,49.050351,-0.718062,17,1,1
202100011462,181Â 233,A01,4,2,1,0,0,-1,-1,0,0,-1,2021,17.0,3,2,2,0,3,1,1,,4,,-1,,2,2,0,1,(1),(1),2,,"3,5",1,0,1,90,23,10,1,49,49055,1,1,0,6,Le PÃ©rineau,47.523381,-0.580881,16,4,1
202100007054,189Â 147,A01,1,1,1,4,2,6,-1,-1, -1,-1,2021,27.0,2,1,0,2,1,2,1,,3,VICTOR HUGO (AV),0,,1,1,0,1,53,0,1,, -1,1,0,1,50,20,11,5,94,94022,2,1,0,3,Avenue Victor Hugo,48.76742,2.41585,18,2,2
202100031233,145Â 913,A01,1,1,1,5,8,-1,-1,0,0,-1,2021,38.0,2,2,8,0,1,1,1,,2,10,0,T,2,2,0,2,46,150,2,,7,1,0,3,70,4,7,3,201,201092,1,1,0,6,"entre les lieux dits "" Tarcu"" et "" Fautea"" -PK: 46+150",41.720309,9.403219,3,1,1
202100029641,148Â 806,A01,1,1,1,5,2,6,-1,0,0,-1,2021,17.0,1,1,0,0,8,13,1,,3,184,0,,2,2,0,2,(1),(1),1,, -1,1,0,1,90,10,7,1,14,14162,1,1,0,7,D184,48.920617,-0.519962,18,1,1
202100005377,192Â 177,A01,1,1,1,9,2,6,-1,0,0,-1,2021,34.0,1,1,0,0,8,1,1,,4,CITE DU BASTION,0,,1,1,0,1,(1),(1),1,, -1,2,0,1,30,1,12,1,75,75117,2,1,0,7,CITE DU BASTION,48.893451,2.308643,12,1,1
202100012415,179Â 514,A01,10,3,2,5,0,-1,-1,8,5,3,2021,9.0,3,2,0,1,6,20,3,,4,HASLINGER (PLACE),0,,-1,1,0,1,(1),(1),1,, -1,1,0,8,50,9,10,2,68,68066,2,1,0,6,HASLINGER (PLACE),48.08206,7.35853,17,3,1
202100032948,142Â 862,A01,10,3,2,5,0,-1,-1,2,3,1,2021,19.0,3,2,0,1,2,15,1,,9,,-1,,2,2,0,1,(1),(1),1,,5,1,0,1,50,22,6,1,972,97210,2,1,0,6,Rue Jean JaurÃ©s,14.612955,-60.902522,16,3,1
202100012599,179Â 193,A01,1,1,1,5,2,6,-1,-1, -1,-1,2021,36.0,1,1,0,2,3,3,1,,1,AUTOROUTE A6A,0,,3,6,0,1,0,370,1,, -1,1,0,1,50,18,10,1,94,94003,1,1,0,4,AUTOROUTE A6A,48.81302,2.33612,12,3,3
202100050694,111Â 076,B01,1,1,1,5,2,6,9,0,0,-1,2021,49.0,1,1,0,2,8,13,1,,3,46,-1,,2,2,0,1,1,77,4,, -1,1,0,1,90,21,2,1,43,43162,1,1,0,3,D46,45.225018,4.030612,16,2,2
202100032631,143Â 436,A01,10,3,1,4,0,-1,-1,3,3,1,2021,62.0,2,5,0,1,1,1,1,,4,MARINE (QUAI DE LA),0,,3,2,0,1,(1),(1),1,, -1,1,6,1,20,21,6,1,89,89024,2,1,0,6,MARINE (QUAI DE LA),47.79844,3.57442,14,2,1
202100026484,154Â 358,A01,1,1,1,5,2,6,-1,0,0,-1,2021,21.0,2,1,0,2,7,1,1,,4,CHATAIGNIERS (CITE DES),0,,2,2,0,2,(1),(1),1,, -1,1,0,1,30,25,7,1,12,12013,2,3,0,3,CHATAIGNIERS (CITE DES),44.5307816545,2.2622837126,15,2,2
202100039095,131Â 751,A01,1,1,1,0,2,6,-1,-1, -1,-1,2021,16.0,3,1,0,2,1,15,1,,4,CAMOUSEIGT (ALLEE DE),0,,2,2,0,1,0,0,1,, -1,2,9,1,30,19,5,1,64,64024,2,1,1,3,CAMOUSEIGT (ALLEE DE),43.48437,-1.51829,12,3,2
202100047469,116Â 913,A01,1,1,2,0,1,0,-1,-1, -1,-1,2021,22.0,3,2,0,2,1,13,1,,2,OWENS JAMES,0,,-1,2,0,1,(1),(1),2,, -1,2,0,1,50,18,3,1,974,97407,2,1,1,1,OWENS JAMES,-20.93456,55.31976,16,2,2
202100016887,171Â 437,B01,1,1,2,1,8,0,-1,-1, -1,-1,2021,37.0,2,0,1,2,3,2,3,,3,STRASBOURG (BOULEVARD DE),0,,2,2,0,1,3,600,1,, -1,1,0,1,20,23,9,1,61,61001,2,1,0,3,STRASBOURG (BOULEVARD DE),48.43559,0.09121,13,2,2
202100022735,160Â 961,A01,1,1,1,0,8,-1,-1,0,0,-1,2021,51.0,2,2,0,2,3,13,1,,3,RD 840,0,,2,2,0,1,38,20,1,, -1,1,0,1,90,23,8,1,12,12089,1,1,0,3,RD 840,44.55936,2.25834,18,2,2
202100030598,147Â 059,B01,1,1,1,4,2,0,-1,0,0,-1,2021,40.0,3,1,0,2,1,1,5,,4,ALLEE DU BORD DE L EAU,0,,2,2,1,1,(1),(1),1,, -1,1,0,5,50,5,7,1,75,75116,2,3,0,3,ALLEE DU BORD DE L EAU,48.85335,2.226424,15,2,2
202100002228,197Â 806,B01,1,1,1,0,2,-1,-1,-1, -1,-1,2021,22.0,2,1,0,2,1,1,1,,4,                    (R ),0,,2,2,1,1,(1),(1),1,, -1,1,0,1,50,18,12,5,69,69034,2,3,0,1,FRANCOIS PEISSEL (R),45.7946886428,4.840400219,3,2,2
202100014549,175Â 697,B01,1,1,2,5,1,-1,-1,-1, -1,-1,2021,34.0,1,2,0,2,4,2,1,,4,PIERRE SEMARD                       (AV),0,,3,4,2,1,(1),(1),1,, -1,1,0,1,50,7,10,1,69,69259,2,1,0,2,PIERRE SEMARD (AV),45.70866,4.87616,13,2,2
202100000350,201Â 089,A01,1,1,1,5,1,-1,-1,-1, -1,-1,2021,40.0,1,2,0,2,1,2,1,,7,M7   2.278 A 3.690,0,,3,6,0,1,3,99,1,, -1,1,0,1,70,24,12,3,69,69142,1,1,0,2,M7,45.7192041632,4.8187065125,1,2,2
202100027696,152Â 208,B01,1,1,1,0,2,0,-1,-1, -1,-1,2021,21.0,2,1,0,2,1,1,1,,2,RN05,0,,1,2,0,1,(1),(1),1,, -1,1,9,1,50,20,7,1,971,97101,2,9,0,3,RN05,16.25415,-61.52361,16,2,2
202100024239,158Â 342,B01,2,2,2,5,1,8,-1,-1, -1,-1,2021,86.0,3,2,0,2,1,19,1,,4,RUE DU PETIT PARIS,0,,2,2,0,1,0,0,1,, -1,1,0,1,50,13,8,1,91,91103,2,2,0,3,RUE DES PRES D'AULNAY,48.61252,2.2783,9,4,2
202100019466,166Â 844,B01,1,1,2,0,1,0,-1,-1, -1,-1,2021,48.0,3,2,0,2,1,1,1,,4,NANTES (AVENUE DE),0,,2,3,0,1,(1),(1),1,, -1,1,5,1,50,11,9,1,86,86194,2,2,0,3,Avenue de Nantes,46.58497,0.33037,14,2,2
202100010799,182Â 426,A01,1,1,2,5,1,-1,-1,0,0,-1,2021,43.0,1,2,13,0,2,12,1,,1,13,0,A,3,4,0,1,134,0,1,, -1,1,0,3,130,10,10,1,27,27102,1,1,0,6,A13,49.369827,0.767133,16,1,1
202100055905,101Â 946,B01,1,1,1,0,2,6,-1,-1, -1,-1,2021,60.0,3,1,0,2,0,1,1,,4,,0,,1,2,0,1,0,0,2,, -1,1,0,1,50,7,1,1,64,64102,2,6,0,3,JORLIS (ROND POINT DE),43.49845,-1.49343,16,2,2
202100047518,116Â 826,A01,2,2,1,3,1,-1,-1,-1, -1,-1,2021,85.0,1,2,8,2,1,2,1,,3,DEPARTEMENTALE 4096,0,,1,2,0,1,12,1038,1,, -1,1,0,1,50,17,3,1,4,4112,2,1,0,2,RD 4096,43.83803,5.80518,17,3,2
202100001102,199Â 798,A01,1,1,1,9,1,-1,-1,0,0,-1,2021,38.0,1,2,0,0,0,1,1,,3,53,0,,2,2,0,2,30,850,2,, -1,2,0,3,80,29,12,3,42,42248,1,1,1,7,Route de Planchetorse,45.906061,3.84294,1,1,1
202100029887,148Â 375,B01,2,2,2,0,2,6,-1,0,0,-1,2021,19.0,2,1,0,0,1,1,1,,3,,-1,,3,-1,-1,1,3,959,1,, -1,1,0,1,50,9,7,5,6,6079,2,3,0,1,Avenue de Cannes,43.544905,6.937794,23,4,2
202100056456,100Â 987,B01,1,1,1,5,2,6,-1,0,0,-1,2021,17.0,3,1,0,2,1,1,1,,4,1,0,,2,2,0,1,(1),(1),1,, -1,1,0,1,30,3,1,1,82,82124,2,2,0,3,Rue Pierre Bonhoure,44.009758,1.286645,14,2,2
202100023362,159Â 857,A01,1,1,1,5,2,9,-1,0,0,-1,2021,62.0,3,1,0,0,1,1,1,,3,D634,-1,,-1,2,0,1,(1),(1),3,, -1,1,0,8,50,21,8,1,40,40062,1,6,0,7,rond point de champigny,43.90822,-0.542879,9,1,1
202100050350,111Â 702,A01,1,1,2,5,1,8,-1,-1, -1,-1,2021,56.0,2,2,0,2,1,9,1,,4,BOUYALA D'ARNAUD (BOULEVARD),0,,2,2,0,1,0,0,1,, -1,1,0,1,30,24,2,1,13,13212,2,9,0,3,BOUYALA D'ARNAUD (BOULEVARD),43.2977651822,5.4405786128,13,2,2
202100026569,154Â 209,A01,10,3,2,9,0,-1,-1,6,3,2,2021,62.0,1,0,0,1,1,1,0,,3,D1,0,,2,2,0,1,(1),(1),1,, -1,1,0,1,70,30,7,3,976,97617,1,1,0,6,D1,-12.79185,45.12475,18,2,1
202100045255,120Â 830,A01,10,3,1,9,0,-1,-1,9,9,2,2021,29.0,3,2,0,1,6,26,1,,4,ABBESSES  (CHEMIN D'ACCES AUX),0,,2,2,0,2,1,0,3,, -1,1,8,1,50,3,4,1,93,93032,2,9,0,2,ABBESSES  (CHEMIN D'ACCES AUX),48.87702,2.55735,16,3,2
202100015489,174Â 016,A01,1,1,2,5,1,-1,-1,-1,0,-1,2021,26.0,1,2,4,2,1,14,1,,3,D170,0,,3,4,0,2,14,100,3,, -1,1,0,1,70,2,10,1,95,95088,1,1,0,4,RD 170,48.97659,2.42988,8,3,3
202100044901,121Â 462,B01,1,1,1,4,2,6,-1,-1, -1,-1,2021,51.0,1,1,0,2,1,3,1,,2,186,0,,3,4,0,1,48,500,1,, -1,1,0,1,90,7,4,1,94,94065,1,1,0,2,A86 INT,48.7536127064,2.3611575387,8,2,2
202100009770,184Â 233,B01,1,1,2,2,1,0,-1,-1, -1,-1,2021,28.0,1,2,0,2,4,2,1,,7,AVENUE EDMOND ESMONIN,0,,3,-1,3,1,1,650,1,, -1,1,0,1,50,2,11,5,38,38185,2,2,0,2,AVENUE EDMOND ESMONIN,45.15951,5.72437,20,2,2
202100031968,144Â 604,A01,1,1,1,0,1,0,-1,-1, -1,-1,2021,38.0,3,1,0,2,8,19,1,,4,CLEMENCEAU GEORGES ( BD) NÂ° PAIRS,0,,3,4,0,1,0,0,1,, -1,1,0,1,50,26,6,5,72,72181,2,1,0,3,CLEMENCEAU GEORGES ( BD) NÂ° PAIRS,47.98036,0.21648,23,2,2
202100008977,185Â 667,A01,1,1,2,5,8,0,-1,-1, -1,-1,2021,12.0,2,1,0,2,3,16,3,,3,50,0,,2,0,0,1,0,0,1,, -1,1,0,1,50,7,11,1,92,92046,2,2,0,3,JULES FERRY (AVENUE),48.819235656,2.2978538275,16,2,2