Num_Acc,id_vehicule,num_veh,place,catu,sexe,trajet,secu1,secu2,secu3,locp,actp,etatp,year_acc,victim_age,senc,catv,obs,obsm,choc,manv,motor,occutc,catr,voie,v1,v2,circ,nbv,vosp,prof,pr,pr1,plan,lartpc,larrout,surf,infra,situ,vma,jour,mois,lum,dep,com,agg_,int,atm,col,adr,lat,long,hour,nb_victim,nb_vehicules
202100002265,197Â 734,A01,1,1,1,9,8,0,-1,0,0,-1,2021,53.0,1,1,0,2,3,1,5,,4,BOULEVARD DE LA VILLETTE,0,,3,2,1,1,(1),(1),1,, -1,1,-1,5,30,18,12,1,75,75119,2,3,0,3,BOULEVARD DE LA VILLETTE,48.874382,2.374501,12,2,2
202100017827,169Â 754,A01,1,1,1,0,1,0,-1,0,0,-1,2021,26.0,1,5,1,0,1,26,1,,4,PAULINES (AVENUE DES),0,,1,3,0,1,(1),(1),1,, -1,1,0,1,50,18,9,1,63,63113,2,1,0,6,PAULINES (AVENUE DES),45.77697,3.09941,13,1,1
202100005516,191Â 934,B01,1,1,1,5,8,4,-1,0,0,-1,2021,82.0,1,1,0,2,1,1,5,,3,VAILLANT (RUE EDOUARD),0,,2,2,0,1,1,0,3,, -1,1,0,1,50,28,11,1,14,14167,2,3,0,3,VAILLANT (RUE EDOUARD),49.20223,-0.30545,16,2,2
202100052006,108Â 750,B01,1,1,1,1,1,8,-1,-1, -1,-1,2021,46.0,1,2,0,1,4,2,1,,4,VAUZELLES,0,,2,2,0,1,0,0,1,, -1,1,0,1,50,3,2,1,58,58194,2,1,0,2,VAUZELLES,47.0022,3.1526,16,2,2
202100009943,183Â 921,A01,1,1,1,5,1,-1,-1,0,0,-1,2021,20.0,1,2,0,2,1,14,1,,1,6,0,,3,5,0,1,365,750,1,, -1,1,0,1,130,2,11,1,71,71550,1,1,0,2,autoroute A6 PK 365+750 sens Paris/Lyon,46.496782,4.899452,15,2,2
202100043595,123Â 747,A01,1,1,1,1,1,-1,-1,0,0,-1,2021,72.0,2,2,2,0,1,1,1,,3,67,-1,C,2,2,0,1,5,130,3,, -1,2,0,3,80,13,1,4,77,77211,1,4,1,7,RD67,48.563637,2.956787,7,1,1
202100043259,124Â 336,B01,1,1,1,5,2,-1,-1,0,0,-1,2021,86.0,2,1,0,2,7,1,5,,2,102,-1,N,2,2,0,1,0,30,2,, -1,1,5,1,50,19,4,1,7,7319,2,6,0,3,N102,44.553799,4.688316,10,2,2
202100013098,178Â 329,A01,1,1,1,5,2,6,-1,-1, -1,-1,2021,21.0,2,1,6,0,1,1,1,,4,TILLEULS (RUE DES),0,,2,2,0,1,(1),(1),2,, -1,1,0,4,50,15,10,1,10,10081,2,1,0,6,TILLEULS (RUE DES),48.3288,4.046,18,1,1
202100039966,130Â 150,B01,1,1,1,5,2,6,-1,-1, -1,-1,2021,39.0,1,1,0,2,4,2,1,,3,FOCH(AVENUE DU MARECHAL),0,,3,1,0,1,1,0,1,, -1,1,5,1,50,13,5,1,94,94028,2,1,0,2,Avenue du MarÃ©chal Foch,48.78456,2.43656,14,2,2
202100033576,141Â 749,A01,1,1,1,5,2,8,-1,-1, -1,-1,2021,38.0,2,1,0,0,0,1,5,,3,152,0,,2,2,2,1,4,550,1,, -1,2,0,5,70,17,6,1,56,56162,1,1,1,7,Boulevard de lâAtlantique D152,47.7096,-3.43992,11,1,1
202100035984,137Â 363,A01,1,1,2,5,1,-1,-1,0,0,-1,2021,30.0,1,2,0,2,1,1,1,,3,19,-1,,2,2,0,4,7,560,2,, -1,1,0,1,50,7,6,1,57,57106,2,1,0,1,Rue du Luxembourg,49.30235,6.527506,20,2,2
202100036517,136Â 434,B01,1,1,1,5,2,-1,-1,0,0,-1,2021,58.0,1,1,0,0,0,2,1,,3,974,0,D,2,2,0,1,16,0,1,, -1,1,0,8,70,4,6,1,84,84017,1,1,0,7,Chemin des granges,44.119095,5.198379,11,2,2
202100043848,123Â 295,A01,1,1,2,0,1,-1,-1,-1, -1,-1,2021,24.0,2,2,14,0,1,0,1,,1,AUTOROUTE A 62,0,,3,6,0,2,0,350,3,, -1,1,3,1,70,16,4,1,33,33550,1,1,0,6,AUTOROUTE A 62,44.775506,-0.556797,12,1,1
202100030087,147Â 999,B01,1,1,2,5,2,-1,-1,0,0,-1,2021,58.0,0,1,0,2,1,0,5,,3,9,0,D,2,2,0,2,1,150,2,, -1,1,5,1,70,7,7,1,7,7204,2,3,0,1,Chemin du Chiniac,45.016925,4.402792,12,2,2
202100008480,186Â 579,A01,1,1,1,4,2,-1,-1,-1, -1,-1,2021,28.0,1,1,0,2,1,18,1,,4,CLEMENCEAU (CRS GEORGES) (2-84) PAIRS,0,,2,4,3,1,(1),(1),1,, -1,1,0,1,50,10,11,1,33,33063,2,1,0,3,Cours Georges ClÃ©menceau,44.84311,-0.57913,13,2,2
202100002877,196Â 628,B01,1,1,1,5,2,0,-1,-1, -1,-1,2021,48.0,1,1,0,2,4,2,5,,2,T21,0,,3,0,0,1,(1),(1),1,, -1,1,0,1,90,20,8,1,201,201004,1,1,0,2,T21,41.92688,8.78234,9,2,2
202100013518,177Â 564,B01,1,1,1,1,1,8,-1,-1, -1,-1,2021,22.0,1,2,0,2,5,1,1,,4,CHAMEANE (PLACE),0,,1,1,0,1,0,0,1,, -1,1,0,1,30,8,10,1,58,58194,2,7,0,3,CHAMEANE (PLACE),46.9939,3.1654,9,2,2
202100051907,108Â 917,A01,1,1,1,0,1,0,-1,-1, -1,-1,2021,47.0,2,2,0,2,8,1,1,,1,VA007331 A620,0,,3,4,0,1,5,211,1,, -1,2,0,1,90,8,2,1,31,31555,1,1,1,3,VA007331 A620,43.60917,1.41246,14,2,2
202100050887,110Â 717,B01,1,1,1,0,2,0,-1,0,0,-1,2021,32.0,1,1,0,2,7,1,5,,4,BOUDONVILLE (Rue de),0,,1,1,0,1,(1),(1),1,, -1,1,0,1,30,18,2,5,54,54395,2,2,0,3,BOUDONVILLE (Rue de),48.69893,6.16795,19,2,2
202100055234,103Â 090,A01,10,3,1,5,0,-1,-1,4,3,1,2021,91.0,1,1,0,1,1,1,1,,3,PETIT ANTOINE (RUE),0,,2,2,0,2,1,0,1,, -1,2,0,1,30,12,1,5,92,92032,2,9,1,6,PETIT ANTOINE (RUE),48.790185,2.288786,8,2,1
202100023075,160Â 372,A01,1,1,1,0,8,0,-1,0,0,-1,2021,44.0,1,1,16,0,8,1,1,,4,FERRY (JULES),0,,2,2,0,1,0,0,1,, -1,1,0,1,50,24,7,3,22,22278,2,1,0,7,FERRY (JULES),48.4989411249,-2.771365642,2,1,1
202100024056,158Â 649,B01,1,1,2,1,1,9,-1,0,0,-1,2021,22.0,1,2,7,2,3,1,1,,2,31,-1,,2,2,0,3,26,452,1,, -1,1,9,1,80,16,8,1,2,2714,1,9,0,1,N31(pk26+452),49.371116,3.434421,14,2,2
202100001460,199Â 175,A01,1,1,1,0,1,0,-1,0,0,-1,2021,47.0,2,2,0,0,1,26,1,,4,COTE BLATIN (BD),0,,1,3,3,1,(1),(1),1,, -1,1,0,1,50,23,12,5,63,63113,2,1,0,6,COTE BLATIN (BD),45.77027,3.09191,1,1,1
202100021986,162Â 332,B01,1,1,1,5,2,-1,-1,0,0,-1,2021,75.0,1,0,0,2,7,1,3,,3,909,0,A,2,2,0,1,34,1016,2,, -1,1,0,1,70,27,8,1,34,34126,1,6,0,3,D908,43.587071,3.082867,11,2,2
202100022850,160Â 772,B01,1,1,1,5,2,-1,-1,0,0,-1,2021,59.0,2,1,0,2,8,13,1,,3,232,0,D,2,2,0,2,11,90,3,, -1,1,0,1,80,20,8,1,64,64363,1,4,0,3,D232 - chemin de Ste Colome,43.119781,-0.34784,19,2,2
202100017276,170Â 774,A01,1,1,1,0,2,-1,-1,0,0,-1,2021,33.0,1,1,0,2,2,1,1,,4,rue,0,,2,2,0,1,(1),(1),3,, -1,1,0,1,50,26,9,1,973,97307,2,1,0,3,Rue du Champ de Canne,4.876441,-52.323742,12,2,2
202100054217,104Â 838,A01,10,3,1,5,8,8,-1,5,1,1,2021,86.0,1,2,0,1,2,0,1,,4,ORIELS (RUE DES),0,,2,2,0,2,0,0,1,, -1,1,0,4,50,20,1,1,28,28134,2,1,0,6,ORIELS (RUE DES),48.73832,1.38878,12,2,1
202100008047,187Â 346,A01,1,1,1,9,8,0,-1,0,0,-1,2021,46.0,1,1,0,0,1,1,3,,4,AVENUE DE CLICHY,0,,2,2,1,1,(1),(1),1,, -1,2,0,1,30,15,11,5,75,75117,2,2,1,7,AVENUE DE CLICHY,48.891558,2.318512,18,1,1
202100004341,193Â 997,A01,7,2,2,2,1,-1,-1,0,0,-1,2021,79.0,2,2,0,0,4,1,1,,1,64,-1,,3,2,0,2,269,483,1,, -1,2,0,1,130,3,12,3,31,31395,1,1,1,4,A64,43.438586,1.309133,18,9,6
202100050392,111Â 621,A01,1,1,1,3,1,-1,-1,0,0,-1,2021,81.0,2,2,0,2,1,13,1,,3,978,0,,2,2,0,1,65,600,1,, -1,1,0,1,80,25,2,1,71,71182,1,1,0,5,Route d'Autun,46.803978,4.773733,17,6,3
202100046739,118Â 226,B01,1,1,2,1,2,6,-1,-1, -1,-1,2021,35.0,1,1,0,2,7,21,1,,4,,0,,2,0,0,2,(1),(1),1,, -1,1,0,1,50,5,3,1,85,85191,2,2,0,3,Rue du PrÃ©sident de Gaulle,46.67137,-1.42117,8,2,2
202100008794,186Â 029,A01,1,1,1,0,1,5,-1,0,0,-1,2021,27.0,1,2,2,0,1,1,0,,3,85,-1,,2,2,0,1,14,460,2,, -1,1,0,3,80,9,11,3,35,35104,1,1,0,6,La Maison Neuve,48.472827,-1.692661,20,1,1
202100035226,138Â 736,B01,1,1,1,0,2,6,-1,-1, -1,-1,2021,27.0,1,1,0,2,2,2,1,,3,RTE DE FONTAINEBLEAU,0,,2,6,0,1,0,0,1,, -1,1,0,1,50,10,6,1,91,91479,2,3,0,3,RTE DE FONTAINEBLEAU,48.71032,2.3712,8,2,2
202100006776,189Â 674,B01,1,1,1,1,2,6,9,0,0,-1,2021,23.0,2,1,0,2,9,1,1,,1,7,0,A,1,5,0,1,213,400,1,, -1,1,0,1,130,21,11,3,13,13067,1,1,0,3,"A7, PK213.400",43.803035,5.039936,18,3,3
202100025601,155Â 922,A01,1,1,1,1,2,8,-1,-1, -1,-1,2021,53.0,1,1,16,0,0,15,1,,4,CHEMIN DE LA MAROUETTE,0,,2,2,0,1,0,0,1,, -1,8,0,1,50,4,8,2,64,64024,2,1,1,7,route de Pitoys,43.46324,-1.50884,6,1,1
202100047503,116Â 851,C01,1,1,1,4,1,-1,-1,0, -1,-1,2021,44.0,1,0,0,2,4,26,1,,4,MENDES FRANCE  PIERRE AVENUE,0,,2,2,0,2,(1),(1),1,, -1,1,0,1,50,16,3,1,29,29232,2,1,0,2,Avenue Pierre Mendes-France,47.9774,-4.124,11,2,2
202100025117,156Â 758,A01,1,1,1,4,2,0,-1,-1, -1,-1,2021,33.0,2,1,0,2,1,2,1,,4,ARQUEBUSE (RUE DE L'),0,,1,0,0,1,(1),(1),1,, -1,2,0,1,50,7,8,1,51,51454,2,1,0,2,Rue de lâArquebuse,49.253754432,4.0236381524,15,2,2
202100012110,180Â 066,D01,1,1,1,5,1,-1,-1,0,0,-1,2021,74.0,1,2,1,0,1,1,1,,1,9,0,A,3,3,0,1,188,284,1,, -1,1,3,1,130,20,10,3,11,11262,1,1,0,5,A9,43.177636,3.037081,22,6,5
202100048465,115Â 131,A01,10,3,1,5,0,-1,-1,9,A,1,2021,29.0,1,2,0,0,0,1,1,,1,77,0,A,1,2,0,2,83,460,1,, -1,1,0,1,130,8,3,1,58,58193,1,1,0,7,A77,47.551383,2.886497,11,3,1
202100049795,112Â 739,B01,1,1,1,5,2,-1,-1,0,0,-1,2021,30.0,2,1,0,2,1,1,0,,3,901,0,,2,2,0,2,29,400,3,, -1,1,0,1,90,27,2,1,19,19187,1,3,0,3,rd 901,45.306965,1.36091,15,4,2
202100032385,143Â 882,B01,1,1,1,5,2,-1,-1,0,0,-1,2021,71.0,1,1,0,0,4,1,5,,7,104,-1,,2,2,0,1,24,900,1,, -1,1,0,1,80,26,6,1,42,42192,1,1,0,2,M104,45.384014,4.128714,9,3,2
202100031372,145Â 670,A01,9,2,2,9,1,-1,-1,0,0,-1,2021,69.0,1,2,0,2,7,19,1,,3,975,0,,3,4,0,1,18,500,1,, -1,1,5,1,80,2,7,1,50,50453,1,2,0,3,Carrefour RD975 et RD999,48.845424,-1.201259,15,4,2
202100046551,118Â 566,B01,1,1,1,5,1,8,-1,-1, -1,-1,2021,39.0,1,2,0,2,5,1,2,,1,A55 - Sens Marseille vers Martigues,0,,-1,3,0,3,12,199,1,, -1,1,0,1,90,24,3,1,13,13071,1,1,0,5,A55 - Sens Marseille vers Martigues,43.38836,5.30499,14,11,7
202100055150,103Â 235,A01,1,1,2,0,1,0,-1,-1, -1,-1,2021,20.0,2,2,0,2,2,9,1,,2,DELGRES ( BOULEVARD ),0,,1,1,0,2,(1),(1),2,, -1,1,0,1,50,12,1,5,971,97107,2,3,0,3,PAUL LACAVE ( AVENUE ),16.04211,-61.56556,19,2,2
202100013331,177Â 918,B01,1,1,1,1,8,0,-1,-1, -1,-1,2021,25.0,-1,1,0,0,0,0,5,,3,REPUBLIQUE (AVENUE),0,,2,4,1,1,0,0,1,, -1,1,0,1,50,14,10,1,93,93031,2,2,1,1,REPUBLIQUE (AVENUE),48.9489356728,2.3331490159,10,2,2
202100029229,149Â 513,A01,7,2,2,5,1,-1,-1,0,0,-1,2021,31.0,3,2,0,2,3,15,1,,7,60,-1,A,2,2,0,1,(1),(1),2,, -1,1,5,1,50,14,7,1,13,13015,2,3,0,3,avenue thiers,43.445194,5.405878,14,10,3
202100021094,163Â 950,A01,10,3,2,9,0,-1,-1,4,3,1,2021,56.0,2,1,0,1,1,16,1,,4,AVENUE DU MAINE,0,,2,4,0,1,(1),(1),1,, -1,1,0,1,50,2,9,1,75,75114,2,7,0,6,AVENUE DU MAINE,48.8280351099,2.3268011174,18,2,1
202100036337,136Â 743,A01,2,2,2,5,2,-1,-1,0,0,-1,2021,23.0,1,1,13,0,0,1,1,,3,214,0,D,2,2,0,2,(1),(1),1,, -1,1,0,3,30,5,6,3,971,97131,1,1,0,7,Route de Bois Joli,15.862531,-61.594301,21,2,1
202100004206,194Â 234,A01,1,1,2,0,1,0,-1,-1, -1,-1,2021,28.0,1,2,3,0,1,1,1,,1,AUTOROUTE A86,0,,1,2,0,2,17,0,2,, -1,2,0,1,70,7,12,3,93,93027,1,1,1,6,AUTOROUTE A86,48.92748,2.4034,23,1,1
202100023549,159Â 546,A01,2,2,1,0,8,0,-1,-1, -1,-1,2021,27.0,1,2,4,0,2,0,1,,1,A7-Sens Lyon vers Marseille,0,,1,3,0,1,274,600,1,, -1,1,0,1,90,18,8,3,13,13215,1,1,0,3,A7-Sens Lyon vers Marseille,43.3604,5.3619,6,2,1
202100014083,176Â 526,B01,1,1,1,0,1,-1,-1,0,0,-1,2021,68.0,1,2,0,2,1,1,1,,2,N162,-1,,2,2,0,1,11,1363,1,, -1,1,0,1,90,10,10,3,53,53062,1,1,1,1,N162,47.844872,-0.696824,1,4,2
202100042316,125Â 984,A01,1,1,1,5,2,0,-1,-1, -1,-1,2021,29.0,3,1,0,2,1,17,1,,4,EINSTEIN (AVENUE ALBERT,0,,2,1,0,1,(1),(1),1,, -1,1,0,1,50,25,4,1,34,34172,2,2,0,3,EINSTEIN (AVENUE ALBERT),43.60833,3.9066,18,3,2
202100002839,196Â 703,A01,1,1,1,1,1,-1,-1,0,0,-1,2021,62.0,2,2,0,2,3,1,2,,3,627,0,D,-1,2,1,1,40,974,1,, -1,1,0,1,80,16,12,3,31,31107,1,1,0,1,d627,43.299601,1.219951,22,2,2
202100006423,190Â 313,A01,10,3,1,9,0,-1,-1,2,3,1,2021,17.0,0,2,0,1,0,0,0,,4,ARMAND VAQUERIN,0,,2,2,0,1,(1),(1),1,, -1,1,0,1,50,20,11,5,34,34032,2,1,0,6,Avenue Armand Vaquerin,43.3355042315,3.2550726125,18,2,1
202100038776,132Â 304,A01,1,1,2,9,1,0,-1,0,0,-1,2021,26.0,1,2,12,0,9,13,1,,4,ALLEE DU BORD DE L EAU,0,,2,2,0,1,(1),(1),3,, -1,1,0,1,50,22,5,5,75,75116,2,1,0,6,ALLEE DU BORD DE L EAU,48.867093,2.232277,2,1,1
202100005474,192Â 003,A01,1,1,1,2,2,6,-1,-1, -1,-1,2021,16.0,3,1,0,0,2,26,1,,4,MONNERVILLE (BOULEVARD GASTON),0,,2,2,0,2,0,0,2,, -1,2,0,1,50,29,11,1,974,97411,1,1,1,3,MONNERVILLE (BOULEVARD GASTON),-20.89689,55.44797,13,1,1
202100001733,198Â 690,A01,1,1,2,1,8,0,-1,-1, -1,-1,2021,21.0,3,1,15,0,1,26,3,,4,JUIN MARECHAL,0,,2,2,0,1,1,0,1,, -1,1,0,1,30,23,12,3,11,11069,2,1,0,7,JUIN MARECHAL,43.2118,2.37443,0,1,1
202100051357,109Â 878,A01,1,1,1,1,1,-1,-1,0,0,-1,2021,64.0,2,2,16,0,2,14,1,,3,147,0,,2,2,0,1,4,150,1,, -1,1,0,8,90,16,2,1,52,52523,1,1,0,7,D147,48.27014,5.314078,10,1,1
202100048884,114Â 380,A01,10,3,2,0,0,-1,-1,2,3,1,2021,16.0,2,1,0,1,1,21,1,,7,D751,0,A,2,2,0,1,5,0,1,, -1,1,9,1,50,6,3,1,44,44018,2,9,0,6,103 Rue de Nantes,47.141931,-1.671982,16,2,1
202100055019,103Â 465,A01,1,1,1,1,2,6,-1,-1, -1,-1,2021,23.0,2,1,0,0,8,1,1,,4,BRIAND (RUE ARISTIDE),0,,2,2,0,1,0,0,1,, -1,2,0,1,50,13,1,1,87,87085,2,1,1,7,BRIAND (RUE ARISTIDE),45.8562,1.2841,14,1,1
202100037397,134Â 816,B01,1,1,1,1,8,0,-1,-1, -1,-1,2021,25.0,2,1,4,2,0,0,1,,2,RN104,0,,-1,2,0,1,10,600,1,, -1,1,0,1,110,31,5,1,77,77249,1,1,0,6,RN104,48.7425477236,2.6123671061,18,2,2
202100025761,155Â 637,A01,1,1,1,1,2,6,-1,0,0,-1,2021,24.0,1,1,0,2,1,2,1,,4,PORTE DE VERSAILLES,0,,1,3,0,1,8,0,1,, -1,1,0,1,70,3,8,1,75,75115,2,1,0,2,PORTE DE VERSAILLES,48.828061,2.290946,9,2,2
202100041235,127Â 893,B01,1,1,1,0,2,6,-1,-1, -1,-1,2021,35.0,2,1,0,2,1,2,1,,1,AUTOROUTE A3,0,,3,10,0,1,6,599,1,, -1,2,0,1,90,6,5,1,93,93053,1,1,1,2,AUTOROUTE A3,48.89382,2.47191,15,2,2
202100038187,133Â 388,B01,1,1,1,0,2,0,-1,-1, -1,-1,2021,18.0,2,1,0,2,1,1,1,,4,RUE MICHEL MONTAIGNE,0,,2,2,0,2,(1),(1),1,, -1,1,0,1,50,26,5,1,33,33249,2,2,0,3,Rue Michel Montaigne,44.87593,-0.51509,13,3,2
202100022538,161Â 343,B01,1,1,1,9,1,-1,-1,0,0,-1,2021,26.0,1,2,0,2,1,1,1,,3,986,0,L,2,2,0,1,12,100,1,, -1,1,0,1,80,17,8,1,30,30089,1,1,0,1,D986l,43.841623,4.619279,12,2,2
202100012330,179Â 696,B01,2,2,1,5,2,6,-1,0,0,-1,2021,16.0,3,1,0,2,1,1,1,,7,96,0,D,2,2,0,1,7,300,1,, -1,1,0,1,50,15,10,5,13,13086,2,1,0,1,4 Avenue des Allies,43.350998,5.604182,21,3,2
202100027644,152Â 304,B01,1,1,1,1,2,6,-1,0,0,-1,2021,49.0,2,1,0,2,1,1,1,,3,2,0,,2,2,0,1,2,300,1,, -1,1,5,1,50,23,7,1,988,98817,2,9,0,3,ROUTE DU VALLON DORE/PARKING ECOLE DES COCCINELLES,-22.249551,166.567776,7,8,2
202100007367,188Â 585,B01,1,1,1,0,8,0,-1,-1, -1,-1,2021,23.0,-1,1,0,2,3,1,1,,3,PAUL VAILLANT COUTURIER (RUE),0,,2,2,0,1,1,0,1,, -1,1,0,1,50,19,11,1,93,93050,2,3,0,3,PAUL VAILLANT COUTURIER (RUE),48.86848,2.55665,11,2,2
202100006041,190Â 996,A01,1,1,1,1,2,6,-1,0,0,-1,2021,31.0,2,1,11,0,1,0,1,,3,834,0,D,2,2,0,1,28,600,1,, -1,2,0,1,70,27,11,3,64,64519,2,1,1,7,Route de Bordeaux,43.366834,-0.380208,20,1,1
202100011608,180Â 976,B01,1,1,1,0,2,6,-1,-1, -1,-1,2021,31.0,1,1,0,2,4,23,1,,3,DE GAULLE ( AVE CHARLES) 01 AU 85,0,,2,2,0,1,(1),(1),1,, -1,1,0,1,50,22,10,1,33,33529,2,1,0,6,DE GAULLE ( AVE CHARLES) 01 AU 85,44.63303,-1.14471,18,2,2
202100003016,196Â 384,A01,1,1,2,0,1,-1,-1,0,0,-1,2021,29.0,1,2,3,0,3,0,1,,1,7,-1,,3,4,0,1,91,300,1,, -1,2,0,1,130,16,12,3,26,26166,1,1,1,6,Autoroute A7 ,44.766145,4.798622,19,1,1
202100013755,177Â 123,B01,1,1,2,5,2,-1,-1,0,0,-1,2021,83.0,1,0,0,2,8,13,3,,3,997E,-1,,2,2,0,1,(1),(1),1,, -1,1,0,1,80,13,10,1,50,50484,1,3,0,3,D977e,48.568404,-1.085882,13,2,2
202100047495,116Â 864,D01,1,1,2,5,1,0,-1,-1, -1,-1,2021,22.0,2,2,0,2,3,1,1,,3,GARE (RUE DE LA),0,,2,2,0,4,10,760,1,, -1,1,0,1,50,17,3,1,57,57221,2,1,0,5,GARE (RUE DE LA),49.32824,6.11697,17,4,4
202100021341,163Â 505,B01,1,1,1,4,2,-1,-1,0,0,-1,2021,17.0,2,1,0,2,1,1,1,,3,906,0,,3,2,0,2,45,490,3,,4,1,1,1,50,3,9,2,71,71543,2,4,0,3,Avenue Pasteur,46.5692556253,4.9067177062,6,2,2
202100007723,187Â 956,A01,1,1,1,4,1,-1,-1,0,0,-1,2021,27.0,1,5,3,2,3,13,1,,3,7,0,N,2,2,0,1,33,500,1,, -1,1,0,1,80,18,11,3,83,83023,1,1,0,3,DN 7,43.413631389,6.0493898392,5,3,2
202100016245,172Â 594,B01,1,1,1,5,2,0,-1,0,0,-1,2021,22.0,2,1,0,2,1,1,5,,4,BOULEVARD DU GENERAL JEAN SIMON,0,,3,5,0,1,(1),(1),1,, -1,1,0,1,50,29,9,1,75,75113,2,1,0,3,BOULEVARD DU GENERAL JEAN SIMON,48.827026,2.385419,17,2,2
202100045542,120Â 335,A01,2,2,2,0,1,0,-1,-1, -1,-1,2021,91.0,2,2,0,2,3,19,1,,3,PROFESSEUR RAYMOND GARCIN (RUE DU),0,,2,2,0,1,0,0,1,, -1,1,0,1,30,30,3,1,972,97209,1,2,0,3,PROFESSEUR RAYMOND GARCIN (RUE DU),14.622,-61.07805,11,3,2
202100036066,137Â 214,B01,1,1,1,4,2,0,-1,-1, -1,-1,2021,30.0,1,1,0,2,7,17,1,,4,ALLEE BACO,0,,2,2,2,1,(1),(1),1,, -1,1,0,1,30,6,6,5,44,44109,2,1,0,3,ALLEE BACO,47.21548,-1.54637,22,3,2
202100023602,159Â 448,B01,2,2,1,4,1,8,-1,-1, -1,-1,2021,64.0,1,2,0,2,4,23,1,,4,ROGER SALENGRO (AVENUE),0,,1,2,0,1,0,0,1,, -1,1,0,1,50,17,8,1,13,13203,2,1,0,2,ROGER SALENGRO (AVENUE),43.3156076511,5.3698278027,11,3,2
202100044269,122Â 536,B01,3,2,1,0,3,-1,-1,-1, -1,-1,2021,0.0,0,2,0,2,1,1,1,,4,CARRE GENERAL (RUE),0,,2,4,2,1,(1),(1),1,, -1,2,0,1,50,11,4,1,51,51454,2,3,1,1,Rue du GÃ©nÃ©ral CarrÃ©,49.25551,4.06063,11,5,2
202100008836,185Â 946,A01,1,1,2,0,1,0,-1,-1, -1,-1,2021,37.0,2,2,0,2,1,0,1,,1,AUTOROUTE A86,0,,-1,0,0,1,18,0,1,, -1,1,0,1,110,9,11,4,93,93027,1,1,0,1,AUTOROUTE A86,48.92849,2.41316,3,1,1
202100032424,143Â 817,B01,1,1,2,5,1,0,-1,-1, -1,-1,2021,23.0,1,2,0,2,4,2,1,,1,A7-Sens Lyon vers Marseille,0,,1,3,0,4,277,0,1,, -1,1,0,1,90,23,6,1,13,13215,1,1,0,2,A7-Sens Lyon vers Marseille,43.34988,5.36882,19,4,3
202100025752,155Â 652,A01,10,3,2,0,0,-1,-1,3,3,2,2021,7.0,3,2,0,1,1,1,1,,4,AOSTE (RUE D'),0,,2,2,0,1,(1),(1),1,, -1,1,9,1,50,1,8,1,11,11262,2,1,0,6,AOSTE (RUE D'),43.192502,3.015585,19,2,1
202100026283,154Â 713,A01,1,1,1,1,2,0,-1,-1, -1,-1,2021,39.0,2,1,0,2,8,18,1,,4,REINE NATHALIE (AVENUE DE LA),0,,1,1,0,1,0,0,1,, -1,1,9,1,30,25,7,1,64,64122,2,1,0,3,REINE NATHALIE (AVENUE DE LA),43.48372,-1.5465,18,2,2
202100043000,124Â 810,B01,2,2,1,5,2,-1,-1,-1,0,-1,2021,18.0,3,1,0,2,1,1,1,,4,VALERY (AVEUE PAUL),0,,2,4,0,1,(1),(1),1,, -1,1,0,1,50,21,4,5,95,95585,2,2,0,3,VALERY (AVEUE PAUL),48.97838,2.38547,22,3,2
202100043328,124Â 214,A01,1,1,2,9,8,0,-1,-1, -1,-1,2021,45.0,1,1,14,0,0,1,5,,4,LETANDUERE,0,,-1,2,0,1,1,0,1,, -1,1,0,1,50,20,4,1,49,49007,2,1,0,7,LETANDUERE,47.457433,-0.554087,17,1,1
202100023093,160Â 336,B01,1,1,1,1,2,6,-1,-1, -1,-1,2021,37.0,2,1,0,2,4,23,1,,4,GAMBETTA                            (CO),0,,2,4,2,1,(1),(1),1,, -1,1,0,1,50,21,8,1,69,69387,2,1,0,3,GAMBETTA (CR),45.7560909537,4.8404592276,20,2,2
202100003911,194Â 766,B01,7,2,1,1,1,-1,-1,0,0,-1,2021,54.0,2,5,0,2,1,1,1,,3,11,-1,,2,2,1,1,43,500,3,,7,1,0,1,80,8,12,2,78,78346,1,1,0,1,D11,48.926091,1.573121,17,5,2
202100046014,119Â 508,A01,1,1,1,1,1,-1,-1,0,0,-1,2021,40.0,1,2,8,0,1,1,1,,3,121,0,,2,2,0,1,52,500,1,, -1,1,0,3,70,26,3,2,33,33140,1,3,0,6,D121,44.778772,-0.339645,18,1,1
202100042540,125Â 588,A01,10,3,2,3,0,-1,-1,5,4,1,2021,47.0,1,2,0,1,5,15,1,,4,,-1,,2,2,0,1,(1),(1),1,, -1,1,5,4,50,27,4,1,10,10323,2,1,0,7,Passage Julian Grimau,48.522255,3.726388,10,2,1
202100055748,102Â 214,B01,1,1,1,0,1,0,-1,-1, -1,-1,2021,27.0,2,2,0,2,5,2,1,,2,RN9,0,,3,4,0,1,0,250,1,, -1,1,9,1,70,8,1,1,972,97209,2,1,0,2,RN9,14.60774,-61.0424,8,2,2
202100002127,197Â 993,B01,1,1,1,5,8,0,-1,-1, -1,-1,2021,22.0,1,1,0,2,1,26,5,,4,QUATRE VINGT TREIZIEME RI RUE DU,0,,2,2,0,2,1,0,1,, -1,1,0,1,30,19,12,1,85,85191,2,3,0,3,QUATRE VINGT TREIZIEME RI RUE DU,46.668864,-1.423133,14,2,2
202100035666,137Â 959,A01,10,3,2,0,0,-1,-1,5,B,2,2021,28.0,3,2,0,1,0,9,0,,4,VERGES(AVENUE),0,,-1,1,0,1,0,0,1,, -1,1,0,4,50,7,6,5,974,97407,2,1,0,7,VERGES(AVENUE),-20.93934,55.30237,21,2,1