Num_Acc,id_vehicule,num_veh,place,catu,sexe,trajet,secu1,secu2,secu3,locp,actp,etatp,year_acc,victim_age,senc,catv,obs,obsm,choc,manv,motor,occutc,catr,voie,v1,v2,circ,nbv,vosp,prof,pr,pr1,plan,lartpc,larrout,surf,infra,situ,vma,jour,mois,lum,dep,com,agg_,int,atm,col,adr,lat,long,hour,nb_victim,nb_vehicules
202100039384,131Â 204,B01,1,1,1,5,2,6,9,0,0,-1,2021,51.0,1,1,0,2,1,1,1,,3,27,-1,,2,0,0,2,(1),(1),1,,0,1,5,1,80,19,5,2,22,22176,1,2,0,4,D27,48.456829,-2.754157,21,3,3
202100051599,109Â 462,B01,1,1,1,5,8,0,-1,-1, -1,-1,2021,17.0,3,1,0,2,1,25,3,,4,R D ODESSA ,0,,1,1,0,1,1,0,1,, -1,1,0,1,50,13,2,1,94,94081,2,1,0,3,Rue dâOdessa,48.795146,2.404349,15,2,2
202100007823,187Â 763,B01,1,1,1,1,2,6,-1,-1, -1,-1,2021,37.0,0,1,0,0,0,0,0,,4,BLAVEAU,0,,2,2,0,1,(1),(1),1,, -1,1,5,1,50,20,10,1,29,29019,2,3,0,3,Rue Blaveau,48.3825184028,-4.4853374362,14,2,2
202100037416,134Â 783,B01,2,2,2,0,8,0,-1,-1, -1,-1,2021,13.0,1,2,0,2,1,1,1,,7,MISTRAL (ALLEE / LITTORAL FREDERIC),0,,3,2,1,2,0,360,1,, -1,1,0,1,50,30,5,2,83,83137,2,9,0,1,MISTRAL (ALLEE / LITTORAL FREDERIC),43.10923,5.95694,21,7,2
202100018765,168Â 098,A01,4,2,1,0,1,0,-1,-1, -1,-1,2021,11.0,3,2,0,2,1,1,1,,7,JOSEPH REY (RUE),0,,1,2,1,1,0,0,1,, -1,1,0,1,50,14,9,3,38,38185,2,2,0,3,JOSEPH REY (RUE),45.18534,5.73187,23,3,2
202100029186,149Â 581,B01,1,1,1,2,2,-1,-1,0,0,-1,2021,16.0,1,1,0,2,1,17,1,,3,577,0,D,2,2,0,1,35,636,1,, -1,1,0,1,30,10,6,1,35,35126,2,1,0,3,Rue de Redon,47.999524,-1.775972,8,2,2
202100014732,175Â 375,B01,1,1,1,0,1,0,-1,-1, -1,-1,2021,23.0,1,2,0,2,4,1,1,,1,AUTOROUTE A6A,0,,1,3,0,1,4,500,1,, -1,1,0,1,90,7,10,3,94,94038,2,1,0,2,AUTOROUTE A6A,48.77755,2.34652,1,2,2
202100044055,122Â 930,A01,10,3,1,0,8,8,-1,2,3,1,2021,90.0,3,1,0,1,1,1,0,,3,ARCADE (R DE L),0,,1,1,0,2,0,0,1,, -1,1,0,1,30,14,4,1,94,94018,2,1,0,3,ARCADE (R DE L),48.82206,2.39979,16,2,1
202100048630,114Â 834,B01,1,1,2,5,1,-1,-1,0,0,-1,2021,31.0,3,2,0,2,3,19,1,,3,1084,-1,,2,2,0,1,3,0,1,, -1,1,0,1,50,9,3,5,1,1249,2,3,0,3,638 Grande Rue,45.822433,4.949164,19,2,2
202100024980,157Â 009,B01,1,1,1,0,1,4,-1,-1, -1,-1,2021,39.0,1,2,0,2,7,0,1,,1,15,0,,3,8,0,1,4,0,1,, -1,2,0,1,110,9,8,1,92,92036,1,1,0,5,AUTOROUTE A15,48.9378886633,2.297667219,10,3,3
202100035070,139Â 009,A01,1,1,2,5,8,0,-1,0,0,-1,2021,36.0,2,1,0,0,1,1,5,,4,QUAI D ORSAY,0,,2,1,0,1,(1),(1),1,, -1,1,0,1,50,11,6,1,75,75107,2,3,0,7,QUAI D ORSAY,48.862387,2.309241,19,1,1
202100021968,162Â 362,A01,1,1,1,5,0,-1,-1,0,0,-1,2021,34.0,3,2,13,0,9,14,1,,3,834,-1,,2,2,0,1,(1),(1),1,, -1,1,0,3,80,29,8,2,40,40200,1,1,0,7,Route de Mont de Marsan,44.346467,-0.771376,21,1,1
202100011030,182Â 006,A01,1,1,2,0,1,0,-1,-1, -1,-1,2021,40.0,2,2,0,2,1,1,1,,1,AUTOROUTE A1,0,,3,8,0,1,10,0,1,, -1,1,0,1,110,26,10,1,93,93007,1,1,0,2,AUTOROUTE A1,48.95075,2.44942,8,2,2
202100010721,182Â 564,A01,10,3,1,2,0,-1,-1,3,3,1,2021,10.0,1,4,0,1,1,1,1,,3,BONNARD (RUE PIERRE),0,,2,2,0,1,14,20,1,, -1,1,0,1,30,27,10,2,27,27681,2,4,1,6,BONNARD (RUE PIERRE),49.09953,1.48841,8,2,1
202100055602,102Â 472,B01,1,1,1,5,2,-1,-1,0,0,-1,2021,24.0,1,1,0,2,1,1,1,,2,5,-1,,2,2,0,1,(1),(1),1,, -1,1,5,1,50,9,1,5,971,97117,2,3,0,3,RN 5 section Morel / chemin de montal,16.329313,-61.331584,20,2,2
202100026365,154Â 568,A01,1,1,1,5,2,-1,-1,0,0,-1,2021,44.0,2,1,0,2,1,5,1,,3,977,2,,2,2,0,2,55,950,3,, -1,1,0,1,80,31,7,1,21,21238,1,1,0,1,D977bis,47.287599,4.694252,15,2,2
202100041602,127Â 241,A01,10,3,1,5,8,-1,-1,6,2,2,2021,34.0,2,2,0,1,7,5,1,,3,938,0,D,2,2,0,1,38,500,1,, -1,1,0,1,80,4,5,3,60,60158,1,1,0,6,D938,49.559226,2.549912,4,2,1
202100049483,113Â 304,A01,1,1,1,2,2,6,-1,-1, -1,-1,2021,17.0,3,1,0,2,1,5,1,,4,LYCEE CHEMIN DU,0,,2,2,1,2,(1),(1),4,, -1,1,-1,5,-1,2,3,1,73,73008,2,1,0,3,LYCEE CHEMIN DU,45.6663776815,5.9116958418,15,2,2
202100033390,142Â 082,A01,1,1,2,5,1,8,-1,0,0,-1,2021,36.0,1,2,1,0,1,13,1,,3,MARECHAL JOFFRE,0,,3,2,0,1,31,145,1,, -1,1,0,1,50,18,6,5,71,71153,2,1,0,6,92b Rue du Marechal Joffre,46.79112,4.41185,23,1,1
202100025703,155Â 741,B01,1,1,2,1,1,-1,-1,0,0,-1,2021,23.0,2,2,0,2,3,1,1,,3,,-1,,2,2,0,1,(1),(1),1,, -1,1,0,1,-1,2,6,1,59,59063,2,1,0,1,Rue Marcellin Berthelot,50.137676,3.380195,8,2,2
202100055224,103Â 107,B01,1,1,1,1,2,0,-1,-1, -1,-1,2021,18.0,1,1,0,2,2,17,1,,3,DOCTEUR BAUER(RUE DU) :NÂ°  75 AU 129,0,,2,2,0,1,0,1,1,, -1,1,0,1,50,13,1,5,93,93070,2,1,0,2,DOCTEUR BAUER(RUE DU) :NÂ°  75 AU 129,48.9081900159,2.3402266659,7,3,2
202100012865,178Â 730,A01,10,3,2,9,0,-1,-1,2,5,1,2021,16.0,1,2,0,1,5,1,1,,4,RUE DE MENILMONTANT,0,,2,2,0,3,(1),(1),1,, -1,1,0,1,30,16,10,5,75,75120,2,2,0,6,RUE DE MENILMONTANT,48.870085,2.399753,20,2,1
202100016332,172Â 446,A01,7,2,1,5,1,-1,-1,0,0,-1,2021,18.0,3,2,0,0,9,0,1,,3,121,0,D,2,2,0,1,10,800,1,, -1,1,0,8,80,30,9,3,60,60010,1,1,0,7,D121,49.2222828644,2.1005816458,1,4,1
202100037964,133Â 805,A01,1,1,2,0,1,5,-1,-1, -1,-1,2021,41.0,2,2,0,2,1,2,1,,2,ROUTE NATIONALE 1,0,,1,2,0,1,5,500,1,, -1,1,0,1,70,27,5,1,972,97213,1,1,0,2,ROUTE NATIONALE 1,14.62013,-60.99388,13,3,2
202100031616,145Â 240,A01,1,1,1,5,1,0,-1,-1, -1,-1,2021,25.0,1,2,4,0,9,14,1,,3,SALENGRO (AVENUE ROGER),0,,3,2,0,1,0,1,1,, -1,1,0,1,50,29,6,3,93,93027,1,1,0,6,Avenue Roger Salengro,48.939276,2.387834,21,1,1
202100051795,109Â 117,Z01,10,3,1,3,0,-1,-1,2,3,1,2021,75.0,1,4,0,1,0,1,1,,4,,0,,2,2,0,1,(1),(1),1,, -1,1,0,1,50,11,2,1,45,45302,2,2,0,6,224 Ancienne Route de Chartres,47.934091,1.893837,10,2,1
202100043387,124Â 110,A01,1,1,1,1,2,6,9,0,0,-1,2021,29.0,1,1,5,0,7,1,1,,3,6,0,D,2,2,0,2,22,500,2,, -1,1,0,1,80,20,4,1,27,27377,1,1,0,6,D6,49.395544,1.489742,12,1,1
202100012832,178Â 787,B01,1,1,1,0,2,0,-1,0,0,-1,2021,52.0,1,1,0,2,4,1,5,,7,OUDILLE (RUE CHARLES),0,,1,1,2,2,(1),(1),1,, -1,1,-1,1,50,16,10,1,54,54578,2,3,0,3,OUDILLE (RUE CHARLES),48.67212,6.14424,14,2,2
202100038715,132Â 432,A01,1,1,1,5,2,6,-1,0,0,-1,2021,40.0,3,1,0,2,1,16,5,,5,,-1,,2,2,0,1,(1),(1),3,, -1,1,0,1,-1,23,5,1,85,85002,1,1,0,3,La GuiteliÃ¨re,46.65655,-1.85083,14,5,2
202100048576,114Â 924,A01,1,1,1,5,1,0,-1,0,0,-1,2021,54.0,1,5,0,2,1,1,1,,4,BOULEVARD DE SEBASTOPOL,0,,1,4,0,1,(1),(1),1,, -1,1,0,1,50,10,3,1,75,75103,2,2,0,3,BOULEVARD DE SEBASTOPOL,48.866238,2.352532,7,2,2
202100010688,182Â 615,B01,1,1,2,0,8,0,-1,-1, -1,-1,2021,51.0,1,2,0,2,1,1,1,,4,ABBE HAUSTETE (RUE),0,,2,2,0,2,(1),(1),1,, -1,1,0,1,50,18,10,1,88,88209,2,3,0,3,ABBE HAUSTETE (RUE),48.19755,6.43762,17,2,2
202100042662,125Â 374,A01,1,1,1,0,2,0,-1,-1, -1,-1,2021,28.0,2,1,3,0,3,1,1,,3,BDL,0,,3,4,0,2,1,179,3,, -1,1,2,1,70,25,4,1,93,93027,1,1,0,6,BDL,48.936346,2.403502,16,1,1
202100049854,112Â 622,B01,1,1,1,5,1,1,-1,0,0,-1,2021,61.0,1,5,0,2,4,23,1,,4,RUE GEORGES CLEMENCEAU,0,,1,3,0,1,0,0,1,, -1,1,0,1,50,28,2,1,988,98818,2,3,0,2,RUE GEORGES CLEMENCEAU/RUE EUGENE PROCHERON,-22.27571,166.44204,8,3,2
202100033155,142Â 499,A01,1,1,1,1,2,6,9,0,0,-1,2021,32.0,2,1,0,2,1,13,1,,3,243,-1,,2,2,0,2,2,281,3,, -1,1,0,1,80,15,6,1,62,62705,1,2,0,2,RD 243,50.809474,1.778648,17,2,2
202100026099,155Â 040,A01,2,2,1,5,1,8,-1,-1, -1,-1,2021,20.0,1,2,0,0,3,2,1,,1,A13,0,,3,3,0,1,31,49,1,, -1,1,0,1,130,1,8,1,78,78206,1,1,0,6,A13,48.954276,1.939066,6,2,1
202100038054,133Â 640,B01,1,1,1,5,2,6,-1,-1, -1,-1,2021,26.0,1,1,0,2,0,1,1,,3,AV ROGER SALENGRO,0,,2,2,0,1,1,0,1,, -1,1,0,1,50,22,5,1,94,94017,2,1,0,3,Avenue Roger Salengro,48.81952,2.48688,20,2,2
202100001785,198Â 601,A01,10,3,1,5,0,-1,-1,3,3,1,2021,86.0,1,2,0,1,1,1,1,,3,632,0,D,2,2,0,1,23,66,1,, -1,1,0,1,50,22,12,2,31,31499,2,1,0,6,31 avenue des PyrÃ©nÃ©es,43.509788,1.172124,18,2,1
202100012973,178Â 551,A01,1,1,1,1,2,6,-1,0,0,-1,2021,16.0,1,1,0,2,1,1,1,,2,613,-1,,2,2,0,1,14,106,1,, -1,1,0,1,50,16,10,5,34,34022,2,3,0,3,Rue du Colombier,43.65695,4.008375,7,2,2
202100022912,160Â 665,A01,1,1,1,9,2,-1,-1,-1, -1,-1,2021,21.0,2,1,0,2,1,18,1,,4,ALBERT 1ER (BD ),0,,3,4,3,2,(1),(1),1,, -1,1,0,6,50,22,8,1,33,33063,2,2,0,3,Rue de BÃ¨gles,44.81351,-0.56468,14,3,2
202100014322,176Â 102,A01,10,3,2,2,8,-1,-1,3,3,1,2021,11.0,0,5,0,1,0,0,1,,4,PLATEAU (DU)                        (AV),0,,2,2,0,1,(1),(1),1,, -1,1,0,1,50,8,10,2,69,69389,2,9,0,6,PLATEAU (DU) (AV),45.7845,4.79478,16,2,1
202100029285,149Â 416,B01,1,1,2,5,1,-1,-1,0,0,-1,2021,41.0,1,2,0,2,4,23,1,,3,JOFFRE (AVENUE DU MARECHAL),0,,2,2,0,1,1,710,1,, -1,1,0,1,50,12,7,1,65,65440,2,1,0,2,JOFFRE (AVENUE DU MARECHAL),43.2395,0.06851,17,2,2
202100020637,164Â 737,A01,1,1,1,0,2,6,-1,0,0,-1,2021,62.0,3,1,0,0,9,26,1,,4,,-1,,2,1,0,1,(1),(1),1,,3,1,0,1,50,4,9,1,73,73298,2,1,0,7,446 Chemin du Pommat,45.648592,6.439391,19,1,1
202100019898,166Â 065,B01,1,1,2,9,2,0,-1,0,0,-1,2021,39.0,2,0,0,2,7,1,3,,4,RUE DES CLOYS,0,,1,1,0,1,(1),(1),1,, -1,1,0,1,30,9,9,1,75,75118,2,2,0,3,RUE DES CLOYS,48.89268,2.340084,19,2,2
202100007726,187Â 949,A01,10,3,2,2,0,-1,-1,2,3,1,2021,12.0,1,2,0,1,1,1,1,,3,902,-1,,2,2,0,1,2,100,1,, -1,1,0,1,50,15,11,1,7,7341,2,1,0,6,258 Rue Jacques DuprÃ©,44.555106,4.4976639,16,2,1
202100038799,132Â 262,A01,1,1,1,5,1,-1,-1,0,0,-1,2021,20.0,1,2,13,0,8,1,1,,7,39,-1,,2,2,0,2,11,727,3,, -1,1,0,3,80,20,5,2,35,35139,1,1,0,6,L'Ardrais,47.98912,-1.70217,21,3,1
202100027637,152Â 319,B01,3,2,2,0,1,-1,-1,0,0,-1,2021,74.0,1,2,0,2,7,19,1,,3,59,-1,,2,2,0,1,31,928,1,, -1,1,0,3,80,22,7,1,85,85024,1,2,0,3,Route du Port la Roche,46.981153,-1.921695,14,7,2
202100037197,135Â 192,A01,1,1,1,9,8,0,-1,-1, -1,-1,2021,69.0,3,2,0,2,1,5,1,,3,AV ANDRE MALRAUX,0,,2,2,0,1,30,264,1,, -1,1,0,1,50,30,5,1,77,77122,2,6,0,1,AV DE LA REPUBLIQUE,48.66554,2.54991,8,2,2
202100013407,177Â 768,A01,1,1,1,1,2,0,-1,-1, -1,-1,2021,22.0,2,1,0,2,1,26,1,,3,PIERRE DE MONTREUIL (RUE),0,,2,2,0,1,1,0,1,, -1,1,0,1,50,13,10,2,93,93048,2,1,0,7,PIERRE DE MONTREUIL (RUE),48.86288,2.45824,8,1,1
202100013734,177Â 158,B01,1,1,2,1,2,6,-1,0,0,-1,2021,48.0,0,1,0,2,3,1,1,,3,30.2,-1,,2,2,0,1,0,0,1,, -1,1,0,1,80,13,10,1,28,28021,1,1,0,3,D30.2,48.363414,1.311733,7,2,2
202100032261,144Â 098,B01,1,1,1,4,2,0,-1,-1, -1,-1,2021,42.0,3,1,0,2,1,1,5,,4,DROITS DE L' HOMME DES,0,,1,2,0,1,0,0,2,, -1,1,0,1,50,25,6,1,64,64445,2,6,0,3,DROITS DE L' HOMME DES,43.313,-0.36898,8,2,2
202100046732,118Â 240,B01,1,1,1,5,8,0,-1,-1, -1,-1,2021,14.0,1,1,0,2,0,0,5,,3,20,0,,3,3,0,2,0,0,1,, -1,1,5,1,50,24,3,1,91,91425,2,9,0,3,RTE D ORLEANS RN 20,48.63991,2.26807,15,2,2
202100036003,137Â 331,A01,2,2,2,5,1,-1,-1,0,0,-1,2021,27.0,1,2,6,0,8,1,1,,3,116,0,,2,2,0,2,0,142,3,, -1,1,2,3,80,8,6,3,50,50178,1,1,1,6,La VallÃ©e des Moulins,49.683867,-1.449369,1,2,1
202100021759,162Â 732,A01,2,2,2,5,1,0,-1,-1, -1,-1,2021,28.0,2,2,0,2,1,2,1,,4,BORIE (BOULEVARD DE LA),0,,3,4,0,1,6,500,1,, -1,1,0,1,50,29,8,1,87,87085,2,1,0,2,BORIE (BOULEVARD DE LA),45.84416,1.24055,13,3,2
202100054986,103Â 529,A01,2,2,2,9,1,0,-1,-1, -1,-1,2021,23.0,2,2,13,0,2,14,1,,1,A570,0,,3,4,0,1,1,893,1,, -1,1,0,3,110,14,1,3,83,83047,1,1,0,6,A570,43.13458,6.04716,20,2,1
202100001128,199Â 756,A01,1,1,1,5,1,8,-1,-1, -1,-1,2021,22.0,2,2,0,2,4,2,1,,1,A50-Sens Aubagne vers Marseille,0,,1,4,0,1,13,500,3,, -1,1,0,1,90,28,12,5,13,13005,1,1,0,2,A50-Sens Aubagne vers Marseille,43.28858,5.5467,22,3,2
202100013767,177Â 102,B01,1,1,1,5,2,6,9,0,0,-1,2021,23.0,1,1,0,0,4,2,6,,1,711,-1,,3,4,0,1,7,700,2,, -1,1,0,1,130,12,10,3,63,63284,1,1,0,2,A711 - Pk 7+700,45.793442,3.20466,22,2,2
202100022189,161Â 982,A01,1,1,1,5,1,-1,-1,0,0,-1,2021,34.0,1,2,6,0,3,1,1,,3,947,0,D,2,2,0,4,7,750,3,, -1,2,0,4,50,29,8,5,55,55502,2,1,1,6,11 Avenue du 18e Bcp,49.488967,5.182382,0,1,1
202100043792,123Â 406,B01,1,1,2,9,2,0,-1,0,0,-1,2021,55.0,1,1,0,2,3,1,5,,4,AVENUE GAMBETTA,0,,2,3,1,2,(1),(1),1,, -1,1,-1,5,50,15,4,1,75,75120,2,4,0,3,AVENUE GAMBETTA,48.865872,2.399334,8,2,2
202100045300,120Â 750,A01,1,1,1,5,0,-1,-1,0,0,-1,2021,16.0,1,1,0,0,0,1,5,,3,167,-1,,2,2,0,1,22,0,1,, -1,1,0,1,50,3,4,1,14,14589,2,1,0,7,D167,49.003139,-0.30045,18,1,1
202100033781,141Â 385,A01,1,1,1,5,8,-1,-1,-1, -1,-1,2021,18.0,2,1,0,2,1,9,5,,4,FRANCISQUE JOMARD                   (R ),0,,2,2,0,1,(1),(1),1,, -1,1,0,1,30,14,6,1,69,69149,2,1,0,3,FRANCISQUE JOMARD (R),45.7159596785,4.7968693531,18,2,2
202100050977,110Â 564,B01,1,1,1,5,8,-1,-1,0,0,-1,2021,51.0,1,2,0,2,1,1,0,,3,957,-1,,2,2,0,1,5,800,1,, -1,1,5,1,80,19,2,1,70,70311,2,3,0,3,D957,47.823399,6.388432,16,5,2
202100015570,173Â 855,A01,1,1,1,0,2,0,-1,-1, -1,-1,2021,22.0,1,1,0,2,9,17,1,,2,PONT DE CHEVIRE,0,,3,6,0,1,26,359,1,, -1,1,0,1,70,1,10,2,44,44109,1,1,0,4,PONT DE CHEVIRE,47.19293,-1.61354,8,3,3
202100036472,136Â 507,B01,1,1,2,9,2,6,-1,0,0,-1,2021,27.0,1,1,0,2,2,16,1,,4,PLACE LACHAMBEAUDIE,0,,2,4,0,1,(1),(1),1,, -1,2,0,1,50,4,6,1,75,75112,2,7,1,1,PLACE LACHAMBEAUDIE,48.835903,2.386489,9,2,2
202100042592,125Â 491,A01,1,1,2,0,1,-1,-1,-1, -1,-1,2021,81.0,2,2,0,2,3,1,1,,4,ANGLAIS (PROM. DES),0,,2,2,0,1,(1),(1),1,, -1,2,0,1,50,25,4,1,33,33009,2,2,1,3,Promenade des Anglais,44.65642,-1.17628,17,2,2
202100035342,138Â 535,A01,1,1,2,1,1,8,-1,-1, -1,-1,2021,32.0,1,2,0,2,4,1,1,,4,MOULIN JEAN (AVE) NR 10 A 20 ET  13 A 17,0,,2,3,0,1,0,1,1,, -1,1,0,1,50,9,6,1,93,93066,2,1,0,2,10-20 Avenue Jean Moulin,48.941418,2.364679,17,2,2
202100014002,176Â 676,A01,2,2,1,0,8,0,-1,-1, -1,-1,2021,17.0,3,1,0,2,1,26,1,,4,DEMOISELLES (ALL DES) DU 2AU 80,0,,1,2,0,1,(1),(1),1,, -1,1,0,1,50,9,10,5,31,31555,2,1,0,1,DEMOISELLES (ALL DES) DU 2AU 80,43.59101,1.45267,0,3,2
202100052779,107Â 387,B01,1,1,2,0,8,-1,-1,-1, -1,-1,2021,29.0,1,1,0,2,2,9,6,,4,AVENUE DE L'YSER,0,,3,2,2,1,(1),(1),2,, -1,1,0,1,50,2,2,2,33,33281,2,6,0,3,Avenue de lâYser,44.84118,-0.65098,7,2,2
202100051989,108Â 778,A01,1,1,2,1,1,8,-1,-1, -1,-1,2021,39.0,1,2,1,0,2,1,3,,3,ROUTE DEPARTEMENTALE 15 A,0,,2,2,0,1,0,150,1,, -1,1,0,1,50,9,2,4,972,97213,2,1,0,2,ROUTE DEPARTEMENTALE 15 A,14.61047,-61.00324,18,2,2
202100042491,125Â 669,A01,1,1,1,5,2,6,-1,0,0,-1,2021,58.0,2,1,3,0,7,1,1,,3,NEFFES ( ROUTE DE ),0,,2,2,0,1,5,100,3,, -1,1,0,1,80,25,4,1,5,5061,1,1,0,7,SAINT JEAN ( ROUTE DE ),44.52713,6.02691,10,1,1
202100043283,124Â 298,A01,1,1,1,4,2,6,-1,0,0,-1,2021,26.0,1,1,8,0,6,26,1,,3,323,-1,,1,2,0,1,91,2,2,, -1,1,5,1,50,21,4,5,72,72154,2,6,0,2,Boulevard de l'Europe,47.702265,-0.053363,23,2,2
202100014182,176Â 343,A01,10,3,1,2,0,-1,-1,3,3,1,2021,18.0,1,2,0,1,1,1,1,,4,FOCH MARECHAL,0,,2,2,0,1,(1),(1),1,, -1,1,5,1,50,9,10,1,29,29019,2,1,0,6,Avenue MarÃ©chal Foch,48.3974657299,-4.4890076077,14,2,1
202100052780,107Â 384,A01,1,1,1,0,8,-1,-1,-1, -1,-1,2021,45.0,1,2,14,0,1,6,1,,4,,0,,2,2,0,1,(1),(1),1,, -1,2,0,1,50,2,2,5,33,33249,2,4,1,1,Quai Carriet,44.88816,-0.52952,7,3,2
202100028824,150Â 199,A01,2,2,2,5,2,8,-1,-1, -1,-1,2021,16.0,2,1,0,2,7,17,1,,7,BELOT (RUE MARCEL),0,,2,2,0,1,5,75,2,, -1,1,0,1,50,14,7,1,45,45232,2,6,0,3,Boulevard Victor Hugo,47.8568843375,1.903052777,17,3,2
202100042485,125Â 681,C01,1,1,1,0,2,6,-1,-1, -1,-1,2021,34.0,1,1,0,2,1,1,1,,7,GRISCELLI (Rue Olivier),0,,2,2,0,1,0,100,1,, -1,1,0,1,50,24,4,1,13,13056,2,1,0,5,GRISCELLI (Rue Olivier),43.33884,5.05339,18,3,3
202100008864,185Â 897,B01,1,1,1,0,8,0,-1,-1, -1,-1,2021,44.0,1,1,0,2,3,0,3,,4,,0,,-1,2,0,1,0,0,1,, -1,1,0,1,50,8,11,1,92,92009,2,1,0,3,ABBE GLATZ  ( RUE DE L' ),48.9200552947,2.2766335309,12,2,2
202100024609,157Â 668,A01,10,3,1,5,0,-1,-1,2,3,1,2021,34.0,0,1,0,1,1,17,1,,4,LIBERTE (AVENUE DE LA,0,,2,2,0,1,(1),(1),1,, -1,1,0,1,50,10,8,5,34,34172,2,1,0,6,LIBERTE (AVENUE DE LA,43.608873223,3.8419505954,21,2,1
202100026882,153Â 665,A01,1,1,1,1,1,-1,-1,0,0,-1,2021,22.0,1,2,2,0,8,1,1,,3,5,-1,D,-1,2,0,2,10,950,4,, -1,2,0,3,80,27,7,1,41,41131,1,1,1,6,D5,47.821713,0.929271,8,1,1
202100007230,188Â 832,A01,1,1,2,0,1,0,-1,0,0,-1,2021,23.0,3,2,0,2,1,1,1,,4,ZOLA (RUE EMILE),0,,-1,2,0,2,(1),(1),1,, -1,1,0,1,50,18,11,5,54,54304,2,1,0,6,ZOLA (RUE EMILE),48.6792129985,6.1585820877,22,1,1
202100054982,103Â 536,A01,7,2,2,5,8,-1,-1,0,0,-1,2021,53.0,1,2,4,9,1,16,1,,1,1,0,A,1,1,0,1,122,560,3,, -1,1,0,8,70,15,1,5,80,80033,1,9,0,6,A1 PK 122+000,49.886063,2.838807,21,3,1
202100049921,112Â 508,B01,1,1,1,5,2,-1,-1,0,0,-1,2021,68.0,2,1,0,0,4,1,5,,3,32,-1,,2,2,0,3,6,600,1,, -1,1,0,1,80,27,2,1,51,51171,1,1,0,2,D32,49.3780024577,3.8749670519,9,2,2
202100021136,163Â 877,A01,1,1,1,5,2,6,-1,0,0,-1,2021,17.0,2,1,12,0,1,1,1,,3,12,0,D,2,2,0,1,46,0,2,, -1,1,9,4,80,3,9,5,80,80250,1,1,0,6,chemin des 4 routes,50.212926,1.911889,20,1,1
202100039371,131Â 225,A01,1,1,1,5,2,-1,-1,0,0,-1,2021,30.0,3,1,6,0,3,13,1,,2,1,-1,,2,2,0,2,(1),(1),3,, -1,1,0,3,70,19,5,3,986,98613,1,1,0,1,Utufua,-13.339822,-176.194949,19,1,1
202100043919,123Â 168,B01,1,1,2,5,8,0,-1,-1, -1,-1,2021,13.0,3,1,0,2,0,0,5,,4,GENERAL MALLERET JOINVILLE (R DU),0,,2,2,0,1,109,0,1,, -1,1,0,1,50,14,4,1,94,94081,2,1,0,3,GENERAL MALLERET JOINVILLE (R DU),48.78,2.4,18,2,2
202100008037,187Â 363,A01,1,1,1,4,2,8,-1,-1, -1,-1,2021,26.0,3,1,0,1,1,1,1,,4,BD MAURICE BOURDET,0,,2,2,0,2,0,0,1,, -1,2,8,1,50,15,11,2,13,13201,2,1,1,1,BD MAURICE BOURDET,43.30231,5.37942,17,2,1
202100037156,135Â 266,A01,10,3,2,0,0,-1,-1,-1,9,1,2021,12.0,3,2,8,1,6,23,1,,6,BUXEROLLES (RUE DE),0,,-1,-1,0,1,0,0,1,, -1,1,0,1,30,12,4,1,87,87085,2,1,0,6,BUXEROLLES (RUE DE),45.868281,1.26483,10,1,1
202100052466,107Â 932,B01,1,1,1,4,2,0,-1,-1, -1,-1,2021,31.0,2,1,0,2,2,2,1,,2,FOCH(AVENUE DU MARECHAL),0,,2,7,0,1,1,0,1,, -1,1,0,1,50,5,2,3,94,94028,2,9,0,3,Avenue du MarÃ©chal Foch,48.77749,2.43859,18,2,2
202100035884,137Â 543,A01,1,1,1,5,1,8,-1,-1, -1,-1,2021,74.0,1,2,0,2,6,19,1,,3,RD607 de Barbizon Ã  pavÃ© du roi,0,,2,4,0,2,20,500,1,, -1,1,0,1,90,7,6,1,77,77186,1,1,0,5,RD607 de Barbizon Ã  pavÃ© du roi,48.4135710018,2.6785760824,14,3,3
202100004335,194Â 010,A01,1,1,1,1,1,-1,-1,0,0,-1,2021,52.0,3,2,13,0,1,1,1,,6,106,0,D,-1,-1,0,1,26,0,1,, -1,1,0,3,50,7,12,1,16,16003,2,1,0,6,POnt d' Agris,45.776046,0.336421,8,1,1
202100019858,166Â 144,A01,1,1,1,2,8,0,-1,-1, -1,-1,2021,13.0,1,1,0,0,1,1,3,,4,ETANG DE LA FORGE (rue),0,,2,2,0,1,(1),(1),1,, -1,2,0,1,50,9,9,1,71,71153,2,1,1,7,ETANG DE LA FORGE (rue),46.80124,4.42968,16,1,1
202100036161,137Â 054,A01,1,1,1,5,1,-1,-1,0,0,-1,2021,51.0,2,2,0,0,0,1,1,,2,154,-1,,2,2,0,1,24,600,1,, -1,1,0,3,90,7,6,1,28,28426,1,1,0,7,Route Nationale 154,48.25719,1.74675,19,1,1
202100038769,132Â 316,B01,1,1,1,9,2,0,-1,-1, -1,-1,2021,19.0,2,1,0,2,1,17,1,,4,BOURIETTE AVENUE DE LA,0,,2,2,0,1,0,0,1,, -1,1,0,1,50,22,5,1,9,9225,2,1,0,3,BOURIETTE AVENUE DE LA,43.11312,1.62954,13,2,2
202100026910,153Â 609,A01,1,1,1,4,1,-1,-1,0,0,-1,2021,68.0,2,4,3,0,3,2,1,,1,1,0,A,3,6,0,2,75,500,1,,"13,5",1,8,8,110,28,7,1,60,60408,1,1,0,7,A1 - PK 75+500 Lille/Paris,49.4764269288,2.7115616214,14,1,1