Num_Acc,id_vehicule,num_veh,place,catu,sexe,trajet,secu1,secu2,secu3,locp,actp,etatp,year_acc,victim_age,senc,catv,obs,obsm,choc,manv,motor,occutc,catr,voie,v1,v2,circ,nbv,vosp,prof,pr,pr1,plan,lartpc,larrout,surf,infra,situ,vma,jour,mois,lum,dep,com,agg_,int,atm,col,adr,lat,long,hour,nb_victim,nb_vehicules
202100029734,148Â 641,A01,10,3,1,9,0,-1,-1,2,3,2,2021,4.0,1,1,0,1,1,1,1,,7,AVENUE EDMOND ESMONIN,0,,1,3,3,1,0,0,1,, -1,1,0,1,50,9,7,1,38,38151,2,1,0,1,AVENUE EDMOND ESMONIN,45.15929,5.72684,18,3,1
202100047849,116Â 229,B01,1,1,1,3,0,-1,-1,0,0,-1,2021,49.0,3,1,0,2,2,9,3,,3,4,0,D,1,1,0,4,17,760,2,, -1,1,5,1,50,16,3,1,38,38378,2,6,0,3,Route de Condrieu,45.444009,4.768796,16,2,2
202100001304,199Â 435,A01,1,1,2,1,1,-1,-1,0,0,-1,2021,35.0,1,2,4,0,1,0,1,,1,28,0,,1,4,0,4,93,900,1,, -1,2,9,8,110,27,12,3,76,76517,1,9,1,4,a.28 PK .94.000,49.505036,1.17794,6,4,4
202100008542,186Â 469,A01,10,3,1,0,0,-1,-1,2,B,1,2021,49.0,1,2,0,1,0,1,1,,3,,-1,,2,2,0,1,7,480,1,,5,1,0,1,50,4,11,2,72,72191,2,6,1,6,33 av du 14 juiet,47.76399,0.27508,18,2,1
202100040165,129Â 806,A01,2,2,2,5,1,-1,-1,0,0,-1,2021,23.0,1,2,7,0,2,16,-1,,1,,-1,,1,1,-1,1,4,0,3,,"3,5",1,3,4,110,11,5,3,63,63272,1,6,0,6,RdPÃ©rignat-bretelle A75-Montpellier,45.74315,3.13978,22,3,1
202100033626,141Â 658,B01,1,1,1,4,8,0,-1,0,0,-1,2021,25.0,1,0,0,2,4,19,3,,4,QUAI SAINT MICHEL,0,,1,3,0,1,(1),(1),1,, -1,1,0,1,50,17,6,1,75,75105,2,2,0,3,QUAI SAINT MICHEL,48.853063,2.346821,14,2,2
202100040281,129Â 604,A01,1,1,1,5,6,2,9,0,0,-1,2021,33.0,2,1,0,2,2,2,1,,3,1201,-1,D,2,2,0,2,(1),(1),2,, -1,1,0,1,50,13,5,1,74,74010,1,1,0,2,"Rte de Chaux, D1201",45.838981,6.059421,15,2,2
202100000514,200Â 779,B01,1,1,1,0,2,0,-1,-1, -1,-1,2021,33.0,1,1,0,2,8,17,1,,4,ROMAIN ROLLAND (BOULEVARD),0,,2,3,0,1,0,0,1,, -1,1,0,1,50,23,3,1,13,13210,2,1,0,6,ROMAIN ROLLAND (BOULEVARD),43.2747983435,5.4155186977,13,4,3
202100005431,192Â 087,A01,1,1,1,1,1,-1,-1,0,0,-1,2021,23.0,2,2,2,0,7,13,1,,3,132E2,-1,,2,2,0,1,1,383,2,, -1,2,0,8,80,1,12,1,17,17477,1,1,0,6,D132e2,45.975828,-0.159484,8,1,1
202100056282,101Â 293,A01,1,1,1,1,8,0,-1,0,0,-1,2021,66.0,1,0,12,0,1,13,3,,4,RUE FRANCOIS 1ER,0,,1,2,1,2,(1),(1),1,, -1,1,-1,5,50,4,1,1,75,75108,2,1,0,6,RUE FRANCOIS 1ER,48.867805,2.305084,15,1,1
202100013768,177Â 100,B01,1,1,1,5,8,-1,-1,0,0,-1,2021,27.0,1,2,4,0,1,1,1,,1,8,0,A,3,5,0,1,23,0,1,, -1,1,0,1,90,9,10,3,13,13109,1,1,0,3,A8,43.513172,5.479388,2,4,2
202100043393,124Â 100,A01,1,1,2,1,1,-1,-1,0,0,-1,2021,39.0,1,2,4,0,3,17,1,,3,1206,0,R,3,4,0,1,(1),(1),1,, -1,1,0,1,110,20,4,1,74,74158,1,1,0,7,D1206,46.259986,6.320829,18,1,1
202100039868,130Â 321,A01,1,1,1,4,1,-1,-1,0,0,-1,2021,28.0,2,2,0,2,8,1,1,,3,51E5,-1,,2,2,0,2,4,700,2,, -1,2,2,1,50,16,5,1,34,34150,1,1,1,1,"d 51 E5, pont des Onglous",43.32026,3.539883,19,6,2
202100048582,114Â 914,A01,10,3,2,5,0,-1,-1,1,3,2,2021,8.0,2,2,0,1,3,21,1,,4,JEAN-BAPTISTE RENOULT (R),0,,2,2,0,2,1,0,1,, -1,2,0,1,50,10,3,2,94,94041,2,1,1,6,JEAN-BAPTISTE RENOULT (R),48.80313,2.39494,18,5,1
202100042430,125Â 778,A01,1,1,1,0,8,-1,-1,-1, -1,-1,2021,37.0,1,0,9,0,0,2,6,,4,ARLOING                             (QU),0,,2,2,1,1,(1),(1),1,, -1,1,0,5,50,26,4,1,69,69389,2,9,0,6,ARLOING (Q),45.7718261702,4.8114752769,19,1,1
202100048994,114Â 176,A01,1,1,1,5,2,6,-1,0,0,-1,2021,18.0,0,1,0,2,1,2,1,,3,1420,-1,,2,2,0,1,(1),(1),1,, -1,1,0,1,90,7,3,1,67,67188,1,1,0,2,D1420,48.5332051569,7.3880343303,17,2,2
202100047164,117Â 464,A01,9,2,2,5,1,-1,-1,0,0,-1,2021,15.0,1,2,12,0,3,2,1,,3,938,0,D,2,2,0,3,2,950,3,, -1,1,0,1,50,21,3,5,64,64191,2,4,0,7,Avenue de la Gare,43.176527,-0.237907,1,5,1
202100051123,110Â 294,A01,1,1,1,0,2,6,-1,0,0,-1,2021,39.0,1,1,13,0,1,14,1,,3,27,-1,,2,2,0,2,20,150,1,, -1,1,0,1,80,19,2,1,43,43174,1,1,0,6,Route de Tallobre,44.993208,3.828593,16,1,1
202100033018,142Â 722,A01,1,1,2,5,1,0,-1,-1, -1,-1,2021,23.0,2,2,3,0,1,14,1,,1,AUTOROUTE A20,0,,3,4,0,1,188,759,3,, -1,2,0,1,110,19,6,1,87,87065,1,1,1,6,AUTOROUTE A20,45.7893,1.30327,16,2,1
202100037304,134Â 990,B01,1,1,2,1,2,6,-1,-1, -1,-1,2021,30.0,2,1,0,2,8,0,1,,3,RTE DE CHOISY,0,,3,6,3,1,1,0,1,, -1,1,0,1,50,30,5,5,94,94028,2,1,0,3,Route de Choisy,48.77689,2.44145,2,2,2
202100051037,110Â 442,A01,1,1,2,0,1,-1,-1,-1, -1,-1,2021,40.0,3,2,0,2,0,0,0,,7,DROITS DE L'HOMME (DES) (BD),0,,4,4,0,1,(1),(1),1,, -1,1,0,1,70,18,2,5,69,69029,2,9,0,3,DROITS DE L'HOMME (DES)             (BD),45.735721323,4.9336123466,18,2,2
202100023817,159Â 052,A01,1,1,2,0,8,-1,-1,0,0,-1,2021,45.0,1,2,6,0,3,1,1,,4,,0,,2,2,0,1,(1),(1),1,,4,1,9,4,30,18,8,1,79,79270,2,1,0,6,50 Rue Chaigneau,46.408991,-0.208106,8,1,1
202100013347,177Â 891,A01,1,1,1,0,1,-1,-1,0,0,-1,2021,45.0,0,2,0,2,1,2,1,,3,1032,-1,D,3,4,0,1,8,750,1,, -1,1,0,1,110,14,10,1,60,60636,1,1,0,2,D1032,49.488568,2.873684,17,2,2
202100015950,173Â 156,A01,1,1,2,1,2,0,-1,0,0,-1,2021,33.0,2,1,0,0,1,1,5,,4,AVENUE DE LA PORTE DE MONTROUGE,0,,2,3,3,1,(1),(1),1,, -1,1,0,1,50,30,9,1,75,75114,2,2,0,7,AVENUE DE LA PORTE DE MONTROUGE,48.823686,2.323173,8,1,1
202100036583,136Â 324,B01,1,1,1,0,1,-1,-1,-1, -1,-1,2021,36.0,1,2,0,2,2,1,1,,4,ROBERT DESNOS                       (R ),0,,2,1,0,1,(1),(1),1,, -1,1,0,1,30,3,6,1,69,69286,2,3,1,3,ROBERT DESNOS (R),45.82323,4.90417,16,2,2
202100046777,118Â 157,B01,1,1,1,1,8,4,-1,0,0,-1,2021,49.0,2,1,0,2,1,9,5,,4,RUE DES FOUGERES,0,,1,1,1,2,(1),(1),1,, -1,1,-1,5,50,24,3,5,75,75120,2,3,0,1,RUE DES FOUGERES,48.873387,2.410265,20,2,2
202100037983,133Â 767,A01,10,3,1,9,0,-1,-1,1,3,1,2021,71.0,2,2,0,1,7,21,1,,4,LEON BLUM      (Rue),0,,2,4,0,1,(1),(1),1,, -1,1,0,1,50,27,5,1,69,69266,2,1,0,6,LEON BLUM (R),45.7608085891,4.9071756228,12,2,1
202100036197,136Â 988,B01,2,2,1,0,1,0,-1,-1, -1,-1,2021,53.0,2,2,0,0,0,0,1,,1,126,0,,1,1,0,1,2,299,1,, -1,1,0,1,90,6,6,1,91,91136,1,1,0,1,AUTOROUTE A126,48.7124,2.28616,21,3,2
202100003684,195Â 167,A01,1,1,1,3,2,6,-1,0,0,-1,2021,18.0,1,1,0,2,7,1,1,,4,MARSEILLE (Route de ),0,,2,2,0,1,(1),(1),1,, -1,1,0,1,50,10,12,1,26,26198,2,1,0,3,164 Route de Marseille,44.538975,4.746154,14,2,2
202100018323,168Â 872,B01,1,1,1,1,8,0,-1,-1, -1,-1,2021,58.0,1,1,0,2,7,12,5,,4,PECHEURS (QUAI DES),0,,3,3,1,2,0,0,1,, -1,1,0,1,50,17,9,1,67,67482,2,1,0,2,PECHEURS (QUAI DES),48.5838440065,7.7585437149,8,2,2
202100019358,167Â 026,B01,1,1,1,0,2,6,-1,-1, -1,-1,2021,19.0,1,1,0,2,1,1,1,,3,TOULOUSE ROUTE DE,0,,2,2,0,1,12,963,1,, -1,1,0,1,50,11,9,1,9,9225,2,1,0,3,TOULOUSE ROUTE DE,43.12506,1.61067,17,2,2
202100007133,189Â 019,B01,1,1,2,5,1,0,-1,-1, -1,-1,2021,23.0,1,2,0,2,3,1,1,,4,NICE (RUE DE),0,,1,1,0,1,0,0,1,, -1,1,0,1,50,19,11,2,974,97411,2,2,0,3,NICE (RUE DE),-20.8732,55.44988,5,2,2
202100027973,151Â 703,A01,1,1,2,5,1,0,-1,-1, -1,-1,2021,85.0,1,2,0,2,7,1,1,,4,ROUGET DE L ISLE (AV),0,,1,0,0,1,1,0,1,, -1,1,0,1,50,20,7,1,94,94081,2,2,0,3,Avenue Rouget de Lisle,48.78275,2.39418,14,3,2
202100004037,194Â 526,A01,1,1,1,5,1,-1,-1,-1, -1,-1,2021,82.0,1,2,9,0,2,1,1,,4,RUISSELET (RUE),0,,3,2,0,1,(1),(1),1,, -1,1,0,1,50,8,12,1,51,51454,2,1,0,7,Rue du Ruisselet,49.2451213284,4.0386289358,13,1,1
202100053083,106Â 842,A01,2,2,1,1,8,0,-1,0,0,-1,2021,27.0,3,1,12,0,1,13,1,,4,BOULEVARD DE PORT ROYAL,0,,1,1,0,1,(1),(1),1,, -1,1,0,1,50,30,1,5,75,75113,2,3,0,6,BOULEVARD DE PORT ROYAL,48.838276,2.342064,0,2,1
202100030293,147Â 619,A01,1,1,2,5,8,-1,-1,0,0,-1,2021,51.0,1,2,0,2,2,2,1,,1,A62,-1,,1,3,0,1,194,385,1,, -1,1,0,1,130,8,7,1,82,82079,1,1,0,2,A62 pk 194.500,43.9075125098,1.3181299745,13,3,2
202100047441,116Â 967,B01,2,2,1,5,1,-1,-1,0,0,-1,2021,19.0,2,2,0,0,4,2,1,,1,7,-1,,1,4,0,1,230,800,1,, -1,1,0,1,130,20,3,1,13,13103,1,1,0,2,A7,43.655919,5.104995,16,3,2
202100023685,159Â 284,B01,1,1,1,0,1,0,-1,-1, -1,-1,2021,22.0,1,2,0,2,2,0,1,,3,RD148 carrefour DIANE Ã  SORQUES,0,,-1,2,0,1,2,501,1,, -1,1,0,1,80,16,8,1,77,77186,1,1,0,1,RD148 carrefour DIANE Ã  SORQUES,48.37303,2.74845,15,3,2
202100004918,192Â 999,B01,1,1,2,1,2,6,-1,0,0,-1,2021,49.0,2,1,0,2,2,17,1,,4,AVENUE DU MAINE,0,,2,4,0,1,(1),(1),1,, -1,2,0,1,30,3,12,1,75,75114,2,4,1,3,AVENUE DU MAINE,48.830263,2.325885,14,2,2
202100053961,105Â 298,A01,1,1,1,9,8,0,-1,0,0,-1,2021,24.0,3,1,0,0,0,0,1,,4,PLACE GEORGES MULOT,0,,2,1,0,1,(1),(1),1,, -1,1,0,1,50,23,1,5,75,75115,2,7,0,7,PLACE GEORGES MULOT,48.846872,2.30992,2,1,1
202100006075,190Â 944,A01,2,2,1,5,1,0,-1,-1, -1,-1,2021,22.0,2,5,4,0,9,26,1,,1,AUTOROUTE A6A,0,,1,5,0,3,0,100,2,, -1,2,1,1,70,27,11,5,94,94037,1,1,0,6,AUTOROUTE A6A,48.8176422556,2.3338754483,1,2,1
202100037500,134Â 639,A01,1,1,1,5,2,6,-1,0,0,-1,2021,14.0,0,1,0,2,8,11,1,,3,12,-1,,2,2,0,1,(1),(1),1,, -1,1,0,1,80,23,5,1,40,40264,1,1,0,3,Route du Stade,43.635594,-1.255011,19,2,2
202100023580,159Â 489,B01,1,1,1,9,1,0,-1,0,0,-1,2021,86.0,1,2,0,2,4,2,1,,4,DURAND (RUE GILLES),0,,1,2,0,1,(1),(1),1,, -1,1,0,1,50,18,8,1,63,63113,2,1,0,2,DURAND (RUE GILLES),45.7849,3.08002,12,2,2
202100034347,140Â 339,A01,1,1,1,0,0,-1,-1,0,0,-1,2021,20.0,0,2,14,0,3,2,1,,4,,-1,,2,1,0,2,(1),(1),2,,3,1,0,8,50,16,6,3,76,76733,1,1,0,6,Ligne des Limousins,49.7167362014,1.2740521266,1,2,1
202100002947,196Â 504,A01,1,1,2,5,1,0,-1,-1, -1,-1,2021,34.0,1,2,6,0,1,26,1,,4,RESISTANCE (PLACE DE LA ),0,,3,7,0,3,(1),(1),2,, -1,2,8,1,50,15,12,5,18,18279,2,7,1,6,RESISTANCE (PLACE DE LA ),47.2236701588,2.072039397,0,1,1
202100039691,130Â 633,A01,1,1,2,0,2,0,-1,0,0,-1,2021,37.0,1,1,0,2,1,25,5,,4,,0,,1,2,1,1,(1),(1),1,, -1,1,0,1,30,16,5,1,54,54395,2,2,0,6,BAZIN (RUE HENRI) + (SENTIER),48.69707,6.1949,14,3,3
202100050802,110Â 871,B01,1,1,1,5,2,6,-1,0,0,-1,2021,28.0,1,1,0,2,8,1,5,,3,611,-1,,2,2,0,1,26,800,2,, -1,1,0,1,80,21,2,1,11,11390,1,3,0,3,D611,43.110359,2.757429,10,2,2
202100009028,185Â 574,A01,2,2,2,5,2,6,-1,0,0,-1,2021,44.0,1,1,4,0,0,1,1,,7,D8,0,N,2,2,0,2,56,450,2,, -1,1,0,3,80,7,11,1,13,13030,1,1,0,6,D8n,43.266214,5.674042,15,2,1
202100015207,174Â 519,B01,1,1,1,0,1,0,-1,-1, -1,-1,2021,40.0,1,2,0,2,1,2,1,,1,AUTOROUTE A3,0,,-1,8,0,1,2,0,1,, -1,2,0,1,70,5,10,3,93,93048,1,1,1,4,AUTOROUTE A3,48.8730079962,2.4352838986,19,3,3
202100052770,107Â 403,B01,1,1,2,3,1,0,-1,-1, -1,-1,2021,57.0,1,2,0,2,1,1,1,,7,75,0,,2,2,0,1,7,100,4,, -1,2,0,1,50,28,1,1,44,44114,2,1,1,1,75,47.26706,-1.62217,11,2,2
202100039567,130Â 863,B01,1,1,1,0,2,6,-1,-1, -1,-1,2021,35.0,2,1,0,2,1,1,1,,7,BERLIN (AVENUE DE),0,,2,3,1,1,0,0,1,, -1,1,0,1,50,14,5,1,67,67447,2,4,0,3,BERLIN (AVENUE DE),48.60849,7.71805,10,2,2
202100046544,118Â 581,B01,1,1,1,5,1,8,-1,-1, -1,-1,2021,25.0,1,2,0,2,8,1,1,,4,FORBIN (RUE DE),0,,1,2,0,2,0,0,1,, -1,1,0,1,50,25,3,5,13,13202,2,2,0,3,FORBIN (RUE DE),43.30532,5.36931,23,2,2
202100009250,185Â 173,A01,10,3,1,5,0,-1,-1,0,3,1,2021,65.0,3,1,0,1,1,16,1,,4,CHATEAUGIRON (DE),0,,2,4,3,1,(1),(1),1,, -1,1,0,1,50,5,11,1,35,35238,2,9,0,6,CHATEAUGIRON (DE),48.097463,-1.642222,15,2,1
202100055219,103Â 115,A01,1,1,1,9,2,6,-1,-1, -1,-1,2021,32.0,1,1,0,2,1,13,1,,4,CHAMPIGNY (BD DE),0,,2,3,0,1,0,0,1,, -1,2,0,1,30,12,1,1,94,94068,2,3,1,3,CHAMPIGNY (BD DE),48.80873,2.50948,10,2,2
202100003335,195Â 798,A01,1,1,1,1,8,-1,-1,0,0,-1,2021,59.0,2,2,3,2,1,2,1,,1,20,0,A,3,4,0,2,285,288,1,, -1,2,3,1,130,12,12,3,19,19147,1,9,0,3,Echangeur A20 NESPOULS (Embranchement d'autoroute),45.064591,1.506307,21,4,2
202100019111,167Â 469,B01,1,1,1,0,1,0,-1,-1, -1,-1,2021,22.0,2,2,0,2,4,2,1,,1,AUTOROUTE A1,0,,3,6,0,1,195,0,1,, -1,1,0,1,130,9,9,1,59,59123,1,1,0,5,AUTOROUTE A1,50.500636,3.008094,17,8,8
202100024913,157Â 129,B01,1,1,1,0,8,0,-1,-1, -1,-1,2021,42.0,3,0,1,2,1,0,0,,4,GARDINOUX (RUE DES),0,,2,1,0,1,0,0,1,, -1,1,0,1,50,9,8,1,93,93001,2,1,0,3,GARDINOUX (RUE DES),48.90664,2.369531,15,2,2
202100043107,124Â 622,B01,1,1,2,5,0,-1,-1,0,0,-1,2021,74.0,3,1,0,2,8,1,5,,4,,-1,,2,2,0,1,(1),(1),1,, -1,1,0,1,70,15,4,1,66,66008,1,1,0,3,traverse San PÃ¨re,42.550614,2.999643,16,2,2
202100049651,112Â 990,A01,10,3,2,5,0,-1,-1,2,3,1,2021,91.0,1,2,0,1,2,1,1,,4,AGUESSEAU (RAMPE D'),0,,2,2,0,2,0,0,2,"2,8",0,1,0,1,50,1,3,1,16,16015,2,1,0,6,Boulevard Berthelot,45.64935,0.15954,13,2,1
202100024944,157Â 074,B01,2,2,1,5,2,-1,-1,0,0,-1,2021,16.0,1,1,0,2,1,17,1,,3,D956,-1,,2,2,0,1,(1),(1),1,, -1,1,0,1,30,8,8,1,84,84133,2,1,0,2,428 Boulevard de Saint Roch,43.721542,5.542132,18,3,2
202100017341,170Â 650,B01,1,1,1,0,0,-1,-1,0,0,-1,2021,30.0,0,1,0,2,1,16,5,,4,1,0,A,1,2,0,1,(1),(1),1,,5,1,0,1,30,23,9,1,59,59051,2,6,0,3,rue de la gare,50.527704,2.803627,18,2,2
202100008205,187Â 054,A01,10,3,1,1,4,-1,-1,4,3,2,2021,29.0,2,2,0,1,3,1,1,,3,603,0,,2,2,0,2,0,207,1,, -1,2,0,1,50,15,11,2,77,77183,2,2,1,6,D407,48.941613,3.130344,17,3,1
202100030443,147Â 357,B01,1,1,1,9,2,6,-1,-1, -1,-1,2021,61.0,1,1,0,2,1,1,1,,3,907,0,,2,2,0,3,0,0,1,, -1,1,0,1,50,6,7,2,92,92064,2,3,0,3,GOUNOD,48.84302,2.21393,21,2,2
202100000111,201Â 554,B01,1,1,1,9,2,6,-1,-1, -1,-1,2021,15.0,3,1,0,2,1,26,1,,4,VAURANNE BOULEVARD DE,0,,2,4,0,1,0,0,1,, -1,1,5,1,50,23,7,1,13,13047,2,2,0,3,VAURANNE BOULEVARD DE,43.51667,4.98333,18,2,2
202100046623,118Â 429,A01,1,1,1,0,2,6,-1,-1, -1,-1,2021,21.0,3,1,0,2,1,1,1,,6,GENERAL DE GAULLE (RUE DU),0,,-1,-1,0,1,(1),(1),1,, -1,1,0,1,50,24,3,1,10,10357,2,2,0,3,GENERAL DE GAULLE (RUE DU),48.29764,4.1324,17,2,2
202100046861,118Â 014,A01,1,1,2,0,1,8,-1,-1, -1,-1,2021,29.0,2,2,0,2,1,1,1,,4,mamoudzou centre-Jardin du collÃ¨ge(rue d,0,,2,0,0,1,0,0,1,, -1,1,0,1,50,23,3,1,976,97611,2,1,0,2,mamoudzou centre-Jardin du collÃ¨ge(rue d,-12.77936,45.22491,11,2,2
202100050585,111Â 267,A01,1,1,2,0,1,0,-1,-1, -1,-1,2021,22.0,1,2,6,2,8,17,0,,7,ANATOLE DE LA FORGE (BOULEVARD),0,,2,4,0,1,3,800,4,, -1,1,0,1,50,21,2,1,13,13214,2,1,0,3,ANATOLE DE LA FORGE (BOULEVARD),43.338153,5.393413,16,2,2
202100054853,103Â 753,B01,1,1,1,0,2,-1,-1,-1, -1,-1,2021,26.0,1,1,0,2,7,1,1,,4,,0,,2,4,3,1,(1),(1),1,, -1,2,0,1,50,14,1,5,69,69387,2,2,0,3,JEAN JAURES (AV),45.7525235769,4.8462075621,1,2,2
202100032939,142Â 882,A01,1,1,1,5,2,0,-1,-1, -1,-1,2021,24.0,1,1,0,2,3,13,5,,4,,0,,2,2,0,1,0,0,1,, -1,1,0,1,50,11,6,5,92,92036,2,1,0,1,CABOEUFS (RUE DES) (103/291),48.923676,2.310464,23,2,2
202100049338,113Â 570,A01,1,1,1,5,1,-1,-1,-1, -1,-1,2021,69.0,1,2,0,2,1,1,1,,1,,0,,3,4,0,1,7,750,1,, -1,1,0,1,110,1,3,1,33,33122,1,1,0,2,,44.74482,-0.703998,11,2,2
202100007755,187Â 894,A01,1,1,1,5,8,0,-1,-1, -1,-1,2021,20.0,1,1,0,2,0,21,0,,4,BISHOP (Avenue Maurice),0,,2,6,3,1,0,0,1,, -1,1,9,6,30,16,11,1,972,97209,1,1,0,7,BISHOP (Avenue Maurice),14.61063,-61.05456,13,1,1
202100005481,191Â 993,A01,10,3,1,5,0,-1,-1,5,1,2,2021,77.0,3,2,8,1,2,16,1,,4,COUSSAYE (RUE DE LA),0,,2,2,0,1,(1),(1),1,, -1,1,0,4,50,29,11,1,95,95210,2,1,0,6,COUSSAYE (RUE DE LA),48.9645642617,2.3045467745,10,2,1
202100022698,161Â 033,A01,10,3,2,0,0,-1,-1,0,2,2,2021,65.0,3,2,0,1,1,1,1,,4,CHEMIN DE LA TRAILLE,0,,2,1,0,1,0,9,1,, -1,1,0,1,80,19,8,1,84,84007,2,1,0,6,CHEMIN DE LA TRAILLE,43.95651,4.80495,11,3,1
202100005811,191Â 405,A01,1,1,2,5,8,-1,-1,0,0,-1,2021,20.0,3,2,2,0,3,1,1,,4,,-1,,2,2,0,1,(1),(1),1,,4,2,0,1,80,28,11,3,2,2671,1,1,1,6,Rue de Saint Paul,49.524115,3.196388,20,1,1
202100004271,194Â 121,A01,1,1,1,5,2,6,-1,0,0,-1,2021,22.0,3,1,8,0,1,9,1,,4,SABLONS (ROUTE DES),0,,2,0,0,1,(1),(1),1,, -1,2,6,1,30,5,12,5,27,27528,2,6,1,6,SABLONS (ROUTE DES),49.25782,1.19995,16,1,1
202100011463,181Â 232,A01,1,1,1,5,2,6,9,0,0,-1,2021,36.0,1,1,0,0,0,26,1,,3,911,0,,2,2,0,1,8,900,2,, -1,1,5,1,90,24,10,1,12,12062,1,6,0,7,lieu-dit les bouscaillous,44.146606,3.011208,10,1,1
202100030045,148Â 080,B01,1,1,1,0,2,5,-1,-1, -1,-1,2021,46.0,1,1,0,2,1,2,1,,3,BRIAND (AV. ARISTIDE) 2 A 132,0,,3,7,0,1,1,0,1,, -1,1,0,1,50,8,7,1,93,93057,2,1,0,3,BRIAND (AV. ARISTIDE) 2 A 132,48.90782,2.49411,19,2,2
202100019398,166Â 956,A01,1,1,1,5,2,6,-1,0,0,-1,2021,39.0,1,1,13,0,1,2,1,,3,1,-1,,3,2,0,1,(1),(1),4,,4,1,0,3,80,12,9,3,59,59094,1,1,0,6,D1,50.918024,2.181387,21,1,1
202100053125,106Â 777,A01,1,1,1,9,8,-1,-1,0,0,-1,2021,44.0,0,2,2,0,1,0,1,,4,RM2,0,A,2,2,0,1,0,0,1,, -1,1,0,3,50,30,1,3,988,98820,2,1,0,6,Tribu de Guei,-20.653507,166.536019,23,1,1
202100043364,124Â 155,A01,1,1,1,0,2,6,-1,-1, -1,-1,2021,37.0,1,1,0,2,1,1,0,,3,REPUBLIQUE (AVENUE),0,,4,4,0,1,0,1,1,, -1,1,4,1,50,20,4,1,93,93031,2,5,0,1,REPUBLIQUE (AVENUE),48.947,2.34271,19,2,2
202100041242,127Â 881,A01,10,3,2,5,0,-1,-1,3,3,2,2021,14.0,3,2,0,1,1,1,1,,4,,0,,2,2,0,1,(1),(1),1,, -1,1,0,1,50,1,3,1,38,38151,2,3,0,6,Rue Paul Langevin,45.14521,5.72554,9,2,1
202100033216,142Â 389,B01,1,1,1,5,8,0,-1,0,0,-1,2021,49.0,1,1,0,2,7,1,5,,4,RUE DU RANELAGH,0,,1,1,0,1,(1),(1),1,, -1,1,0,1,50,20,6,1,75,75116,2,1,0,3,RUE DU RANELAGH,48.854638,2.273826,12,2,2
202100029483,149Â 090,A01,2,2,2,5,2,6,-1,0,0,-1,2021,33.0,3,1,4,0,1,14,1,,3,653,-1,,2,2,0,2,86,700,2,, -1,1,0,1,80,11,7,1,46,46040,1,1,0,6,Lieu dit guillot,44.531392,1.553712,21,2,1
202100007215,188Â 859,B01,10,3,2,9,8,8,-1,4,3,1,2021,70.0,1,2,0,1,7,15,1,,3,MANDRON (PLACE),0,,3,2,0,1,(1),(1),2,, -1,1,0,1,50,17,11,5,59,59068,2,9,1,6,Place Mandron,50.203099619,3.8125482202,18,2,1
202100030157,147Â 863,B01,1,1,1,0,2,-1,-1,0,0,-1,2021,43.0,0,1,0,2,1,1,5,,4,BEAUVILLE CENTRE (BOULEVARD),0,,2,2,0,4,(1),(1),1,, -1,1,0,1,50,5,7,1,80,80021,2,1,0,3,BEAUVILLE CENTRE (BOULEVARD),49.89864,2.31198,16,2,2
202100039772,130Â 495,A01,2,2,2,5,1,-1,-1,0,0,-1,2021,20.0,1,2,2,0,1,16,1,,3,2,-1,,2,2,0,1,28,300,3,, -1,1,0,3,80,16,5,1,54,54053,1,1,0,6,RD2,48.6771054617,6.5397620196,16,4,1
202100040133,129Â 860,A01,1,1,2,5,1,-1,-1,-1,0,-1,2021,26.0,1,2,3,0,2,14,1,,2,RN 104,0,,3,4,0,1,1,100,1,, -1,2,0,1,110,13,5,1,95,95061,1,1,1,6,RN 104,49.06826,2.2533,19,1,1
202100032625,143Â 446,A01,1,1,1,5,1,-1,-1,-1,0,-1,2021,20.0,2,2,9,0,1,12,1,,2,RN 184,0,,3,5,0,1,3,400,1,, -1,1,0,1,90,23,6,1,95,95572,1,1,0,6,RN 184,49.03544,2.11634,15,1,1
202100012869,178Â 722,A01,1,1,1,4,1,0,-1,0,0,-1,2021,63.0,2,2,0,2,1,1,2,,4,AVENUE GEORGES MANDEL,0,,1,2,0,1,(1),(1),1,, -1,1,0,1,30,16,10,5,75,75116,2,2,0,2,AVENUE GEORGES MANDEL,48.863492,2.281584,21,4,2
202100046506,118Â 657,A01,2,2,2,0,2,0,-1,-1, -1,-1,2021,35.0,2,1,0,2,7,17,1,,3,ITHURRALDE ANDRE (AVENUE),0,,2,2,0,1,25,399,1,, -1,1,0,1,50,26,3,1,64,64483,2,3,0,5,ITHURRALDE ANDRE (AVENUE),43.392418,-1.653082,11,4,3
202100032583,143Â 532,B01,1,1,1,0,2,-1,-1,0,0,-1,2021,48.0,1,1,0,2,8,19,1,,3,40,-1,,3,2,0,1,(1),(1),1,, -1,1,0,1,-1,23,6,1,30,30062,1,3,0,6,D40,43.779936,4.1958,6,2,2
202100017168,170Â 948,E01,1,1,1,5,2,6,-1,0,0,-1,2021,44.0,1,1,0,2,1,1,5,,3,415,-1,,2,2,0,1,12,340,3,, -1,1,0,1,80,25,9,1,88,88106,1,1,0,5,route dÃ©partementale 415,48.183471,6.97605,9,9,9
202100049309,113Â 621,A01,1,1,2,1,1,-1,-1,0,0,-1,2021,46.0,2,2,0,2,3,15,1,,3,8,-1,D,2,2,0,1,3,100,1,, -1,1,5,1,70,3,3,1,47,47250,1,2,0,3,D8,44.289698,0.311952,13,2,2