Num_Acc,id_vehicule,num_veh,place,catu,sexe,trajet,secu1,secu2,secu3,locp,actp,etatp,year_acc,victim_age,senc,catv,obs,obsm,choc,manv,motor,occutc,catr,voie,v1,v2,circ,nbv,vosp,prof,pr,pr1,plan,lartpc,larrout,surf,infra,situ,vma,jour,mois,lum,dep,com,agg_,int,atm,col,adr,lat,long,hour,nb_victim,nb_vehicules
202100050430,111Â 555,B01,1,1,1,0,2,0,-1,-1, -1,-1,2021,34.0,1,1,0,2,1,1,1,,3,MADELEINE (ROUTE DE LA),0,,2,2,0,1,1,600,1,, -1,1,0,1,50,22,2,1,973,97302,2,1,0,3,MADELEINE (ROUTE DE LA),4.92717,-52.32478,11,2,2
202100045704,120Â 049,A01,10,3,2,3,0,-1,-1,3,3,2,2021,63.0,2,2,0,1,3,15,1,,4,,0,,1,1,0,1,(1),(1),1,, -1,1,0,1,50,31,3,1,69,69283,2,2,0,6,8 MAI 1945 (DU) (R),45.6629416393,4.9561080337,10,3,1
202100055415,102Â 796,A01,1,1,1,5,2,6,-1,-1, -1,-1,2021,57.0,2,1,3,0,7,17,1,,1,A50-Sens Toulon vers Aubagne,0,,1,2,0,3,34,599,4,, -1,1,3,3,70,12,1,1,13,13028,1,1,0,6,A50-Sens Toulon vers Aubagne,43.20501,5.59235,15,1,1
202100025966,155Â 266,B01,1,1,1,0,2,6,-1,-1, -1,-1,2021,46.0,3,1,0,2,8,1,1,,4,CANUTS (DES)                        (BD),0,,2,2,0,3,(1),(1),1,,9,2,0,1,50,31,7,2,69,69034,2,2,1,3,CANUTS (DES)                        (BD),45.78402,4.83135,19,3,2
202100012783,178Â 872,A01,1,1,1,0,1,0,-1,-1, -1,-1,2021,25.0,1,2,0,2,4,1,1,,1,A507 sens Marseille - Aubagne,0,,1,2,0,1,8,899,2,, -1,1,1,1,70,16,10,5,13,13055,1,1,0,2,A507 sens Marseille - Aubagne,43.287805,5.424682,23,2,2
202100039433,131Â 117,A01,10,3,1,2,0,-1,-1,2,3,1,2021,18.0,2,2,0,1,1,1,0,,4,MARC SANGNIER    (Avenue),0,,2,2,0,1,(1),(1),1,, -1,1,0,1,50,18,5,1,69,69266,2,1,0,6,MARC SANGNIER (AV),45.7587348029,4.8763407359,10,2,1
202100019019,167Â 643,A01,10,3,2,2,0,-1,-1,3,3,1,2021,15.0,0,2,0,1,2,2,1,,3,MARECHAL DE LATTRE DE TASSIGNY (AV DU),0,,-1,2,0,1,12,0,1,, -1,2,0,1,50,14,9,1,94,94016,2,1,1,6,Av du Mal de Lattre de Tassigny,48.789716,2.33222,9,2,1
202100020809,164Â 449,B01,2,2,2,0,1,0,-1,-1, -1,-1,2021,85.0,2,2,0,2,4,2,2,,1,AUTOROUTE A6,0,,3,6,0,1,10,399,1,, -1,1,0,1,110,5,9,1,91,91689,1,1,0,4,AUTOROUTE A6,48.72998,2.31475,16,5,4
202100025676,155Â 785,A01,10,3,1,9,0,-1,-1,5,1,1,2021,66.0,2,2,0,1,2,2,1,,4,,-1,,-1,2,0,1,(1),(1),1,,4,1,0,3,50,22,7,1,973,97307,2,1,1,6,rue de la rhumerie,4.869242,-52.319148,6,2,1
202100009274,185Â 122,B01,1,1,2,5,1,0,-1,-1, -1,-1,2021,32.0,2,2,0,2,4,0,1,,4,HENRI BARBUSSE (RUE),0,,1,2,0,1,0,0,3,, -1,2,0,1,50,5,11,5,10,10387,2,1,0,2,HENRI BARBUSSE (RUE),48.29628,4.08451,1,2,2
202100021742,162Â 769,B01,2,2,1,5,1,-1,-1,-1,0,-1,2021,70.0,2,2,0,2,4,2,1,,2,RN 104,0,,3,4,0,1,20,900,1,, -1,1,0,1,90,31,8,2,95,95351,1,1,0,2,RN 104,49.03922,2.48396,20,3,2
202100014541,175Â 712,A01,10,3,1,0,0,-1,-1,3,3,1,2021,41.0,3,2,0,1,1,1,1,,7,RUE DES ALLIÃS,0,,2,4,1,1,0,0,1,, -1,1,0,1,50,7,10,1,38,38185,2,1,0,3,RUE DES ALLIÃS,45.16942,5.73053,8,2,1
202100023698,159Â 257,Z01,10,3,2,2,8,8,-1,4,3,1,2021,18.0,2,0,0,1,0,0,0,,7,GAMBETTA (BOULEVARD),0,,2,4,0,1,(1),(1),1,, -1,1,0,1,50,17,8,1,59,59599,2,1,0,6,GAMBETTA (BOULEVARD),50.7106768592,3.1595335901,11,2,1
202100047222,117Â 355,B01,1,1,1,5,2,8,-1,-1, -1,-1,2021,25.0,3,1,0,2,2,1,1,,4,HEURTELOUP (BOULEVARD),0,,2,4,0,1,(1),(1),2,, -1,1,0,1,50,20,3,1,37,37261,2,6,0,6,HEURTELOUP (BOULEVARD),47.3948616635,0.7046113583,11,2,2
202100034398,140Â 253,B01,1,1,1,5,2,-1,-1,0,0,-1,2021,18.0,1,1,0,2,1,17,1,,7,36,0,,2,2,1,1,6,800,1,, -1,1,5,1,50,13,6,1,59,59482,2,3,0,3,Rue de la Prevote,50.704731,2.987224,21,2,2
202100005937,191Â 181,A01,1,1,1,5,1,0,-1,-1, -1,-1,2021,34.0,3,2,0,2,1,13,1,,4,LOUBERT (AVENUE DE),0,,-1,2,0,1,(1),(1),1,, -1,1,0,1,50,22,11,5,52,52448,2,1,0,1,LOUBERT (AVENUE DE),48.6477,4.9626,18,5,2
202100023199,160Â 151,A01,1,1,1,5,2,-1,-1,0,0,-1,2021,27.0,1,1,0,2,2,17,1,,3,46,0,,2,2,0,4,(1),(1),2,, -1,1,0,1,-1,21,8,1,974,97420,2,3,0,3,Rue Raymond Verges,-20.940754,55.635763,13,2,2
202100038700,132Â 456,A01,10,3,2,9,0,-1,-1,2,3,1,2021,79.0,2,1,0,1,1,1,5,,4,,-1,,2,2,0,1,(1),(1),1,, -1,1,0,1,30,22,5,1,33,33090,2,1,0,6,Chemin de Barbicadge,44.766096,-0.65345,18,2,1
202100014564,175Â 673,B01,1,1,1,9,2,8,-1,-1, -1,-1,2021,51.0,3,1,0,2,1,1,1,,3,LECLERC (AVENUE),0,,2,3,0,1,0,0,1,, -1,1,5,1,50,5,10,1,90,90010,2,1,0,3,LECLERC (AVENUE),47.63634,6.83766,16,2,2
202100037133,135Â 323,A01,1,1,2,5,1,4,-1,-1, -1,-1,2021,30.0,1,2,4,0,1,1,1,,1,A7-Sens Marseille vers Lyon,0,,1,3,0,3,274,0,1,, -1,1,0,1,90,30,5,3,13,13215,1,1,0,6,A7-Sens Marseille vers Lyon,43.37755,5.35807,23,2,1
202100029680,148Â 742,A01,9,2,2,0,1,-1,-1,0,0,-1,2021,20.0,1,2,2,0,2,1,1,,3,9,0,D,2,2,0,2,10,150,2,, -1,1,0,1,70,11,7,3,6,6007,1,1,0,6,1014 avenue de grasse,43.614737,6.921175,0,3,1
202100008185,187Â 096,A01,1,1,2,1,1,-1,-1,0,0,-1,2021,19.0,0,2,2,0,3,1,1,,3,35E2,0,,2,2,0,1,1,148,1,, -1,1,0,3,90,14,11,3,34,34205,1,1,0,7,D35e2,43.740092,3.28907,18,1,1
202100043371,124Â 142,B01,1,1,1,1,2,6,-1,-1, -1,-1,2021,26.0,3,1,0,2,1,1,1,,4,,0,,2,2,0,1,0,0,1,, -1,1,0,1,50,19,4,1,92,92062,2,5,0,3,FRANCE (RUE  ANATOLE) NÂ° 2 AU 20,48.882538402,2.2398901443,19,2,2
202100010192,183Â 486,A01,2,2,1,5,8,-1,-1,0,0,-1,2021,11.0,1,2,2,0,1,1,1,,3,904,0, -,2,2,0,3,39,260,1,, -1,2,0,3,80,31,10,3,1,1074,1,1,1,6,RD 904,45.98032,5.207514,1,2,1
202100035085,138Â 984,A01,10,3,2,0,0,-1,-1,3,3,1,2021,39.0,1,2,0,1,0,1,1,,3,"""BARBUSSE HENRI, NR 35 A 137""",0,,2,2,0,1,0,1,1,, -1,1,0,1,50,11,6,1,93,93066,2,1,0,6,Rue Henri Barbusse,48.941298,2.371993,16,2,1
202100044599,121Â 999,B01,1,1,1,5,2,6,-1,-1, -1,-1,2021,56.0,2,1,0,2,3,1,1,,3,BD MAXIME GORKI ,0,,2,4,0,1,1,0,1,, -1,1,0,1,50,9,4,1,94,94076,2,2,0,3,Boulevard Maxime Gorki,48.79125,2.36987,14,2,2
202100055762,102Â 191,A01,1,1,1,0,2,-1,-1,0,0,-1,2021,29.0,0,1,0,2,7,1,5,,4,GEORGES GUYNEMER (RUE),0,,2,2,0,1,(1),(1),1,, -1,2,0,1,50,7,1,5,80,80021,2,3,1,3,GEORGES GUYNEMER (RUE),49.91007,2.30049,17,2,2
202100005598,191Â 801,A01,1,1,1,1,1,-1,-1,0,0,-1,2021,23.0,2,5,2,2,7,0,1,,3,224,-1,D,2,2,0,1,12,150,1,,5,2,0,1,50,1,12,1,53,53126,2,2,1,3,Rue des Vilaines,48.362307,-0.99717,12,2,2
202100014388,175Â 991,D01,1,1,1,0,2,6,-1,-1, -1,-1,2021,16.0,2,1,0,2,1,1,1,,4,CHAPTAL,0,,2,4,0,1,1,0,1,, -1,1,0,1,50,8,10,1,22,22278,2,1,0,3,CHAPTAL,48.50943,-2.73451,8,4,4
202100016584,171Â 987,A01,1,1,1,9,9,-1,-1,0,0,-1,2021,48.0,0,2,0,9,9,0,1,,4,,0,,2,1,0,1,(1),(1),1,,3,1,0,8,80,17,9,1,7,7126,1,9,0,7,Chemin de Lacessas,44.421264,4.424143,2,1,1
202100012367,179Â 611,A01,1,1,1,1,1,0,-1,-1, -1,-1,2021,37.0,2,2,4,0,8,21,1,,1,AUTOROUTE A86,0,,1,6,0,1,18,299,1,, -1,2,0,1,70,19,10,3,93,93027,1,1,0,3,AUTOROUTE A86,48.92817,2.41161,5,1,1
202100010991,182Â 082,A01,1,1,1,5,1,-1,-1,0,0,-1,2021,82.0,3,2,0,2,3,15,1,,3,303,-1,,2,2,0,4,(1),(1),3,, -1,1,5,8,80,26,10,1,24,24042,1,3,0,1,D 939 - gare de biras,45.297154,0.659931,18,2,2
202100001640,198Â 872,A01,10,3,1,2,0,-1,-1,4,1,2,2021,3.0,2,2,0,1,2,16,1,,3,PESARO BOULEVARD DE,0,,1,1,0,1,0,0,1,, -1,1,0,8,50,23,12,1,92,92050,2,3,0,6,FONTANOT RUE DES TROIS,48.8957329031,2.224266082,8,2,1
202100001483,199Â 137,B01,1,1,1,1,2,6,-1,-1, -1,-1,2021,27.0,1,1,0,2,1,1,1,,4,PLYMOUTH (DE 89 A 135 ET 54 A 118),0,,2,2,0,1,(1),(1),1,, -1,1,5,1,50,23,12,5,29,29019,2,3,0,1,PLYMOUTH (DE 89 A 135 ET 54 A 118),48.385975,-4.532991,19,2,2
202100027266,152Â 986,A01,1,1,2,5,2,-1,-1,0,0,-1,2021,49.0,1,1,16,0,5,10,1,,3,71,-1,,2,2,0,2,2,820,2,, -1,1,0,3,80,22,7,1,39,39399,1,1,0,7,,47.001885,5.668054,18,1,1
202100032130,144Â 316,B01,1,1,1,9,2,6,-1,0,0,-1,2021,27.0,2,1,0,2,1,1,1,,4,BOULEVARD BARBES,0,,2,4,0,2,(1),(1),1,, -1,2,0,1,50,25,6,5,75,75118,2,7,1,5,BOULEVARD BARBES,48.888792,2.349589,23,3,3
202100028154,151Â 378,A01,2,2,2,5,1,0,-1,0,0,-1,2021,31.0,0,2,0,2,3,1,1,,4,EMILE FABRE (COURS  ),0,,1,2,0,1,0,1,1,, -1,1,0,1,50,17,7,5,5,5061,2,3,0,3,EMILE FABRE (COURS  ),44.56077,6.07737,0,3,2
202100008536,186Â 479,A01,1,1,2,0,1,-1,-1,0,0,-1,2021,43.0,1,2,0,2,7,19,0,,3,147,-1,,2,2,0,1,7,933,1,, -1,1,0,1,80,12,11,1,41,41241,1,2,0,3,Intersection D147 et D75,47.337811,1.931336,9,5,2
202100042951,124Â 896,A01,1,1,1,5,2,6,-1,0,0,-1,2021,39.0,0,1,13,0,0,1,1,,3,D66,-1,,2,2,0,2,0,980,2,, -1,1,0,3,50,23,4,1,77,77240,1,1,0,6,D66,48.78939,3.280669,19,1,1
202100001669,198Â 818,C01,1,1,1,5,1,8,-1,-1, -1,-1,2021,18.0,2,2,0,2,4,1,1,,2,RN88,0,,1,4,0,1,45,20,1,, -1,1,0,1,110,22,12,1,42,42044,1,1,0,4,N88,45.3953,4.33793,14,5,5
202100042771,125Â 195,B01,1,1,2,5,8,-1,-1,0,0,-1,2021,47.0,2,2,0,2,2,1,1,,2,1,0,,2,2,0,1,(1),(1),1,, -1,1,0,1,90,24,4,3,988,98821,1,3,0,1,Route de LA TAMOA,-22.0685892197,166.2770588994,1,4,2
202100007810,187Â 786,A01,1,1,2,0,1,0,-1,-1, -1,-1,2021,48.0,1,2,0,2,1,1,1,,7,CHARTRES (ANCIENNE ROUTE DE),0,,2,2,0,1,1,0,1,, -1,2,0,1,80,16,11,3,45,45302,1,1,1,1,CHARTRES (ANCIENNE ROUTE DE),47.97028,1.86231,20,2,2
202100017089,171Â 083,A01,10,3,2,2,8,8,-1,3,3,2,2021,4.0,2,5,0,1,2,17,1,,3,HUIT MAI 1945 (AV DU),0,,2,2,0,1,1,0,1,, -1,1,0,1,50,23,9,1,94,94058,2,1,0,6,HUIT MAI 1945 (AV DU),48.847355,2.508341,17,2,1
202100019666,166Â 495,A01,1,1,1,0,1,0,-1,0,0,-1,2021,20.0,1,2,0,2,1,15,1,,4,MULLER (AVENUE PAUL),0,,2,2,0,1,(1),(1),1,, -1,1,0,1,50,10,9,1,54,54578,2,2,0,1,MULLER (AVENUE PAUL),48.65681,6.13166,18,3,2
202100014192,176Â 326,A01,1,1,1,1,2,6,-1,0,0,-1,2021,57.0,1,1,0,2,1,1,1,,4,,0,,2,2,0,1,(1),(1),1,, -1,1,0,1,50,9,10,1,6,6029,2,1,0,3,LIEGEARD (AVENUE STEPHANE),43.550707,7.000688,12,2,2
202100021551,163Â 115,A01,1,1,1,5,2,6,9,0,0,-1,2021,17.0,1,1,0,0,7,1,1,,3,513,0,D,2,2,0,1,0,0,1,, -1,1,0,3,80,1,9,1,2,2282,1,1,0,7,Rue de Samoussy,49.561298,3.742261,16,1,1
202100017392,170Â 545,A01,1,1,1,1,1,0,-1,-1, -1,-1,2021,40.0,2,2,0,2,4,26,1,,1,AUTOROUTE A1,0,,1,2,0,1,12,0,1,, -1,2,3,1,90,10,9,1,93,93005,1,1,1,2,AUTOROUTE A1,48.9625,2.46697,18,2,2
202100043282,124Â 299,A01,1,1,1,5,2,6,-1,0,0,-1,2021,61.0,1,1,0,9,0,1,5,,3,101,-1,,2,2,0,1,3,810,1,, -1,1,0,1,80,20,4,1,26,26250,1,1,0,3,Route des 7 Chemins,45.032652,4.892993,16,2,2
202100013863,176Â 919,A01,10,3,1,2,0,-1,-1,4,3,2,2021,12.0,3,2,0,1,1,1,1,,4,AVE DES EYQUEMS,0,,2,2,0,1,(1),(1),1,, -1,1,5,1,50,11,10,1,33,33281,2,2,0,6,Avenue des Eyquems,44.82796,-0.64606,9,2,1
202100025969,155Â 260,A01,10,3,1,5,0,-1,-1,1,3,2,2021,21.0,2,1,0,1,0,1,1,,3,AV FRANCOIS MITTERRAND,0,,3,4,0,1,0,0,1,, -1,1,0,1,50,1,8,5,91,91027,2,1,0,6,AV FRANCOIS MITTERRAND,48.70332,2.37174,22,2,1
202100049785,112Â 754,A01,10,3,1,0,0,-1,-1,1,3,1,2021,26.0,1,2,0,1,1,1,1,,4,PEGOUD,0,,1,1,0,1,0,0,1,, -1,1,0,1,50,28,2,1,93,93029,2,1,0,6,PEGOUD,48.9237464587,2.4556939561,10,2,1
202100018885,167Â 889,B01,1,1,1,1,2,6,-1,-1, -1,-1,2021,29.0,1,1,0,2,2,3,1,,1,ROCADE A 630,0,,3,6,0,1,26,138,1,, -1,1,0,1,90,15,9,1,33,33192,1,1,0,3,Rocade Sud Ouest A630,44.7900008,-0.610965,18,2,2
202100048276,115Â 458,A01,2,2,2,5,1,5,-1,0,0,-1,2021,19.0,0,2,0,0,2,14,1,,2,RN 154,0,,1,1,0,1,(1),(1),3,, -1,2,3,3,50,12,3,2,27,27229,2,1,1,7,RN 154,49.02924,1.18623,18,2,1
202100045302,120Â 748,A01,1,1,1,5,2,6,-1,0,0,-1,2021,18.0,1,1,6,0,2,2,1,,4,13,0,R,2,2,0,1,0,0,1,, -1,1,9,8,50,4,4,1,64,64068,2,1,0,7,13 Rue de Labat,43.141569,-0.252526,17,1,1
202100017402,170Â 522,B01,2,2,2,0,2,0,-1,-1, -1,-1,2021,34.0,3,1,15,2,7,1,1,,4,cavani-Manguiers (rue des),0,,2,2,0,1,0,0,1,, -1,1,0,1,50,22,9,1,976,97611,2,4,0,3,cavani-Manguiers (rue des),-12.78513,45.22832,7,3,2
202100046694,118Â 312,A01,1,1,1,5,2,6,-1,0,0,-1,2021,84.0,1,1,13,0,1,1,1,,2,12,-1,,3,4,0,1,75,100,3,, -1,1,0,2,110,25,3,1,35,35275,1,1,0,6,N12,48.161899,-1.855756,13,1,1
202100004281,194Â 105,A01,1,1,1,0,2,6,-1,0,0,-1,2021,17.0,2,1,0,2,7,1,1,,4,,0,,1,1,0,1,(1),(1),1,, -1,1,0,1,30,6,12,5,6,6069,2,9,0,5,DAUDET (AVENUE ALPHONSE),43.639682,6.912953,18,3,3
202100015746,173Â 523,A01,1,1,1,1,2,0,-1,0,0,-1,2021,46.0,3,1,0,2,8,1,5,,4,PONT DE TOLBIAC,0,,2,3,1,1,(1),(1),1,, -1,2,-1,5,30,1,10,2,75,75112,2,2,1,3,PONT DE TOLBIAC,48.833524,2.382109,19,2,2
202100010724,182Â 559,A01,1,1,2,9,2,6,-1,-1, -1,-1,2021,19.0,2,1,0,9,2,26,1,,4,JUILLET (AVENUE DU 14),0,,2,7,0,1,(1),(1),1,, -1,1,9,3,50,27,10,1,18,18279,2,9,0,3,JUILLET (AVENUE DU 14),47.21558,2.0649,15,2,2
202100002838,196Â 704,A01,1,1,2,1,1,-1,-1,0,0,-1,2021,24.0,3,2,0,5,1,1,1,,4,1,0,C,2,2,0,1,1,0,1,, -1,1,0,1,80,17,12,3,29,29113,1,1,0,6,Lieu Dit Keralsi,48.645833,-3.745598,7,1,1
202100016623,171Â 921,B01,1,1,1,0,1,0,-1,-1, -1,-1,2021,74.0,1,2,0,2,6,1,2,,2,JAURES (BOULEVARD JEAN),0,,3,4,0,1,(1),(1),1,, -1,1,0,1,70,26,9,1,974,97411,2,3,0,2,JAURES (BOULEVARD JEAN),-20.88874,55.44725,11,3,2
202100050609,111Â 227,B01,1,1,1,5,2,6,-1,-1, -1,-1,2021,16.0,1,1,0,2,3,18,1,,3,CLEMENCEAU GEORGES AVENUE NÂ° PAIR,0,,2,3,1,1,0,0,1,, -1,1,0,1,50,21,2,1,92,92050,2,1,0,3,CLEMENCEAU GEORGES AVENUE NÂ° PAIR,48.8855910518,2.2199289501,17,2,2
202100045256,120Â 828,B01,1,1,1,0,1,0,-1,-1, -1,-1,2021,19.0,1,2,0,2,1,1,1,,4,LEJEUNE (AVENUE),0,,2,2,0,1,0,0,1,, -1,1,0,1,50,3,4,1,93,93029,2,2,0,3,LEJEUNE (AVENUE),48.91966,2.47087,18,2,2
202100051381,109Â 838,A01,1,1,1,0,2,6,-1,-1, -1,-1,2021,62.0,1,1,4,0,0,11,1,,1,AUTOROUTE A3,0,,3,8,0,1,1,136,1,, -1,2,1,1,70,15,2,2,93,93006,1,1,1,6,AUTOROUTE A3,48.86507,2.41245,8,1,1
202100040063,129Â 985,A01,2,2,1,0,1,0,-1,-1, -1,-1,2021,27.0,1,5,0,2,8,10,1,,2,20 (R.N.) COTE NORD DU TUNNEL,0,,2,2,0,1,37,0,1,, -1,2,2,1,70,30,4,3,9,9013,1,1,1,3,20 (R.N.) COTE NORD DU TUNNEL,42.977308,1.622367,5,3,2
202100019478,166Â 817,A01,1,1,1,5,1,0,-1,-1, -1,-1,2021,65.0,2,2,0,2,1,9,1,,4,DELVAILLE (AVENUE DU DOCTEUR CAMILLE),0,,2,1,0,1,0,0,2,, -1,1,8,1,30,11,9,5,64,64102,2,1,0,1,DELVAILLE (AVENUE DU DOCTEUR CAMILLE),43.51193,-1.48728,21,3,2
202100055720,102Â 265,A01,1,1,1,0,8,-1,-1,0,0,-1,2021,34.0,2,2,2,0,1,0,1,,3,559,0,D,2,2,0,2,97,320,3,, -1,2,9,4,50,10,1,1,83,83115,1,1,1,6,Avenue du GÃ©nÃ©ral Leclerc,43.306484,6.641876,13,1,1
202100045537,120Â 346,A01,1,1,1,5,0,-1,-1,-1, -1,-1,2021,35.0,2,1,0,2,1,1,3,,4,GEORGES LADOIRE                         ,0,,1,1,0,1,(1),(1),1,, -1,1,0,1,50,1,4,1,69,69276,2,1,0,3,GEORGES LADOIRE (R),45.6667871225,4.8486262986,15,2,2
202100053552,105Â 996,B01,1,1,2,0,1,0,-1,-1, -1,-1,2021,31.0,2,2,0,2,4,1,1,,4,RECHERCHANT(RUE ADRIEN),0,,2,2,0,1,0,0,1,, -1,1,0,1,50,26,1,1,974,97416,2,1,0,2,RECHERCHANT(RUE ADRIEN),-21.28338,55.47728,12,2,2
202100025381,156Â 287,A01,1,1,1,5,2,-1,-1,0,0,-1,2021,32.0,1,1,0,0,0,13,1,,3,56,-1,,2,2,0,1,(1),(1),2,, -1,1,0,1,70,7,8,3,68,68118,1,1,0,7,Rue d Eschentzwiller,47.722546,7.416546,0,1,1
202100012817,178Â 812,A01,1,1,1,5,2,6,-1,-1, -1,-1,2021,23.0,1,1,0,2,7,26,1,,3,MONTTESSUY (RUE DE),0,,2,2,0,1,0,0,1,, -1,1,0,1,50,16,10,1,91,91326,2,3,0,3,MONTTESSUY (RUE DE),48.68448,2.38279,16,2,2
202100020595,164Â 816,A01,1,1,1,0,1,0,-1,-1, -1,-1,2021,23.0,2,2,0,2,4,1,1,,3,15,0,,2,2,0,1,0,0,1,, -1,1,0,1,50,6,9,1,92,92025,2,1,0,2,PAUL BERT (RUE),48.9262395601,2.2472056746,17,2,2
202100023133,160Â 266,A01,10,3,2,9,0,-1,-1,3,3,1,2021,58.0,1,1,0,1,7,17,1,,4,BOULEVARD DE STRASBOURG,0,,2,5,0,2,(1),(1),1,, -1,1,0,1,50,21,8,2,75,75110,2,2,0,6,BOULEVARD DE STRASBOURG,48.871011,2.355219,19,3,1
202100031289,145Â 811,A01,1,1,1,0,2,0,-1,-1, -1,-1,2021,21.0,2,1,0,2,8,3,1,,1,AUTOROUTE A86,0,,3,8,0,1,15,800,1,, -1,1,1,1,90,2,7,1,93,93027,1,1,0,4,AUTOROUTE A86,48.92291,2.38068,15,3,3
202100052310,108Â 214,A01,1,1,1,0,8,6,-1,-1, -1,-1,2021,25.0,2,1,0,4,1,13,5,,4,VESLE (RUE),0,,2,2,3,1,(1),(1),1,, -1,1,-1,6,30,5,2,5,51,51454,2,1,0,1,Rue de Vesle,49.253428147,4.0287633484,20,2,2
202100007009,189Â 229,B01,1,1,1,5,2,6,-1,-1, -1,-1,2021,16.0,1,1,0,2,1,1,1,,4,,0,,2,2,0,1,(1),(1),1,, -1,1,0,1,50,19,11,3,81,81021,2,1,0,1,THORE,43.50835,2.35003,19,5,2
202100045907,119Â 697,B01,1,1,1,5,8,0,-1,-1, -1,-1,2021,55.0,1,1,0,2,2,0,1,,4,Rue Quatre Epices,0,,2,2,0,1,0,0,1,, -1,1,0,1,50,29,3,1,974,97409,1,9,0,1,Rue Quatre Epices,-20.97468,55.65616,11,2,2
202100054960,103Â 572,B01,1,1,2,5,1,-1,-1,0,0,-1,2021,40.0,0,2,0,2,9,21,1,,3,813,0,D,2,2,0,1,62,500,1,, -1,1,0,1,80,15,1,1,47,47095,1,9,0,3,D813,44.41944,0.289995,12,4,2
202100003844,194Â 882,B01,7,2,1,0,1,0,-1,-1, -1,-1,2021,33.0,3,3,0,2,2,15,1,2.0,3,VERSAILLES (AV DE),0,,-1,-1,0,1,0,0,2,, -1,1,9,1,50,9,12,5,94,94073,2,6,0,3,VERSAILLES (AV DE),48.75691,2.3881,17,3,2
202100020430,165Â 122,B01,1,1,1,0,1,0,-1,-1, -1,-1,2021,43.0,2,2,0,2,6,1,1,,1,A507 sens Aubagne- Marseille,0,,3,4,0,4,7,400,1,, -1,1,1,1,70,7,9,1,13,13055,1,1,0,3,A507 sens Aubagne- Marseille,43.28909,5.42473,11,2,2
202100016233,172Â 620,A01,2,2,1,4,1,0,-1,-1, -1,-1,2021,44.0,2,2,0,2,4,15,1,,3,DE GAULLE ( BD GAL) PAIR,0,,2,6,0,2,0,765,1,, -1,1,0,1,50,27,9,1,1,1053,2,2,0,5,DE GAULLE ( BD GAL) PAIR,46.20352,5.242581,14,6,3
202100004660,193Â 445,A01,10,3,1,5,0,-1,-1,3,3,1,2021,54.0,0,2,0,1,1,1,1,,3,SAINT LEGER (RUE DU FAUBOURG),0,,2,2,0,1,29,82,1,, -1,2,0,1,50,4,12,5,27,27229,2,1,1,6,SAINT LEGER (RUE DU FAUBOURG),49.03357,1.1558,19,2,1
202100054295,104Â 710,B01,1,1,1,1,2,6,9,0,0,-1,2021,53.0,1,1,0,2,1,1,1,,4,Av. Colonel Pierre Bourgoin,0,,2,2,0,1,(1),(1),1,, -1,2,0,1,50,21,1,2,33,33273,2,3,0,3,Avenue du Colonel Pierre Bourgoin,44.841844,-0.765532,8,2,2
202100016612,171Â 945,A01,1,1,2,0,1,0,-1,-1, -1,-1,2021,32.0,2,2,0,2,1,0,1,,1,AUTOROUTE A3,0,,1,3,0,1,13,250,1,, -1,2,0,1,110,27,9,1,93,93005,1,1,0,6,AUTOROUTE A3,48.95436,2.47356,13,1,1
202100025613,155Â 903,B01,1,1,2,5,1,-1,-1,0,0,-1,2021,26.0,3,2,0,2,6,24,2,,4,MARCEROLLES ROUTE DE,0,,2,1,0,1,(1),(1),1,, -1,1,0,8,50,4,8,1,26,26058,2,1,0,3,103 Route de Marcerolles,44.969652,4.87684,19,2,2
202100034074,140Â 855,A01,10,3,2,5,0,-1,-1,2,3,3,2021,18.0,1,2,9,1,2,1,2,,4,DIX-HUIT JUIN   RUE DU,0,,3,2,0,1,(1),(1),1,, -1,1,9,1,30,16,6,1,17,17291,2,1,0,6,DIX-HUIT JUIN   RUE DU,46.17705,-1.10805,13,2,1
202100007606,188Â 144,A01,1,1,1,0,1,0,-1,0,0,-1,2021,52.0,1,2,1,0,9,1,1,,4,LOBAU (BOULEVARD),0,,2,4,0,1,(1),(1),1,, -1,1,0,1,50,17,11,1,54,54395,2,1,0,6,LOBAU (BOULEVARD),48.6804,6.1984,16,1,1
202100010957,182Â 142,A01,10,3,2,4,8,-1,-1,6,A,1,2021,41.0,2,4,1,0,2,11,1,,1,,-1,,1,1,0,1,264,0,1,,3,1,0,2,130,26,10,1,66,66015,1,9,0,6,Village Catalan,42.577911,2.844794,16,2,1
202100042092,126Â 392,B01,1,1,1,9,1,-1,-1,0,0,-1,2021,64.0,2,2,0,2,3,1,1,,3,955,-1,,2,2,0,1,31,607,1,, -1,1,0,1,80,29,4,1,89,89419,1,9,0,3,D 955,47.719523,3.27906,10,3,2
202100006606,189Â 982,B01,1,1,1,0,8,0,-1,-1, -1,-1,2021,18.0,3,1,0,2,2,2,5,,4,GAILLARDON  (RUE DE),0,,1,1,0,1,0,0,1,, -1,1,0,1,30,22,11,1,77,77288,2,6,0,3,GAILLARDON  (RUE DE),48.5379,2.66524,7,2,2
202100006274,190Â 578,B01,1,1,1,1,2,8,-1,-1, -1,-1,2021,15.0,1,1,0,2,1,0,1,,4,NEVERS PLACE,0,,1,4,0,1,0,0,1,, -1,1,5,1,50,2,11,5,8,8105,2,2,0,3,NEVERS PLACE,49.774,4.71884,19,2,2
202100028314,151Â 083,A01,1,1,1,9,2,0,-1,0,0,-1,2021,33.0,2,1,0,2,4,1,1,,4,RUE BELLIARD,0,,1,1,0,1,(1),(1),1,, -1,1,0,1,50,18,7,1,75,75118,2,1,0,7,RUE BELLIARD,48.897059,2.340939,13,1,1