Num_Acc,id_vehicule,num_veh,place,catu,sexe,trajet,secu1,secu2,secu3,locp,actp,etatp,year_acc,victim_age,senc,catv,obs,obsm,choc,manv,motor,occutc,catr,voie,v1,v2,circ,nbv,vosp,prof,pr,pr1,plan,lartpc,larrout,surf,infra,situ,vma,jour,mois,lum,dep,com,agg_,int,atm,col,adr,lat,long,hour,nb_victim,nb_vehicules
202100051280,110Â 014,A01,1,1,1,4,1,0,-1,-1, -1,-1,2021,40.0,1,5,0,2,4,23,1,,3,CATEAU (AVENUE DU),0,,-1,0,0,1,1,0,1,, -1,1,0,1,50,16,2,1,59,59122,2,3,0,2,CATEAU (AVENUE DU),50.16685,3.26882,14,2,2
202100040546,129Â 135,A01,1,1,1,5,2,-1,-1,0,0,-1,2021,73.0,3,1,0,2,7,15,5,,3,12,0,A,2,2,0,1,(1),(1),2,, -1,2,0,1,50,11,5,1,38,38373,2,2,1,3,D12a,45.366245,5.55301,17,3,2
202100006872,189Â 502,A01,10,3,2,2,0,-1,-1,4,3,3,2021,14.0,1,2,0,1,2,1,1,,4,,0,,2,2,0,1,1,300,1,,"5,5",1,5,1,30,12,11,3,37,37179,2,2,0,6,30 Rue des BoissiÃ¨res,47.4310655625,0.7382582771,7,2,1
202100029413,149Â 203,B01,2,2,1,0,2,0,-1,-1, -1,-1,2021,20.0,2,1,0,2,1,17,1,,4,kaweni-Grande Traverse (rue de la),0,,2,2,0,1,0,0,1,, -1,1,0,1,50,11,7,1,976,97611,2,1,0,7,kaweni-Grande Traverse (rue de la),-12.77387,45.22287,14,3,2
202100019889,166Â 080,B01,1,1,2,5,1,8,-1,-1, -1,-1,2021,21.0,3,2,0,2,3,1,1,,4,GOUDES (CHEMIN DES),0,,2,2,0,2,0,0,2,, -1,1,0,1,50,9,9,5,13,13208,2,1,0,1,GOUDES (CHEMIN DES),43.21503,5.34822,1,3,2
202100009149,185Â 357,B01,1,1,2,1,1,-1,-1,-1, -1,-1,2021,26.0,1,2,0,2,3,1,1,,3,10,-1,,2,2,0,1,92,500,1,,7,1,0,1,80,6,11,1,33,33033,1,9,0,3,D10,44.72263,-0.428574,11,2,2
202100010193,183Â 484,A01,1,1,2,5,1,-1,-1,0,0,-1,2021,40.0,2,2,0,0,8,15,1,,3,951,0,,1,2,0,1,28,865,1,, -1,1,0,1,90,30,10,1,86,86070,1,3,0,3,D951,46.57186,0.733604,11,2,2
202100031330,145Â 739,B01,1,1,2,1,2,0,-1,-1, -1,-1,2021,59.0,2,1,0,2,1,1,0,,3,908,0,,2,7,1,1,0,0,1,, -1,1,0,1,50,2,7,1,92,92026,2,3,0,3,VERDUN (DE 01 A 61),48.8968940236,2.2641652822,9,2,2
202100001081,199Â 830,A01,10,3,1,0,0,-1,-1,3,3,2,2021,5.0,3,5,0,1,5,1,0,,4,COMMANDANT BRASSEUR (RUE DU),0,,1,1,0,1,0,0,1,, -1,2,0,1,50,29,12,5,93,93005,2,1,1,6,COMMANDANT BRASSEUR (RUE DU),48.9351267255,2.4982470049,21,3,1
202100031763,144Â 984,A01,1,1,2,4,1,0,-1,-1, -1,-1,2021,33.0,3,2,0,2,2,2,1,,3,,0,,2,4,0,1,0,0,1,, -1,1,5,1,50,28,6,1,92,92025,2,2,0,2,KLEBER (AV),48.93089,2.24436,14,2,2
202100015859,173Â 328,A01,1,1,1,0,2,8,-1,-1, -1,-1,2021,18.0,1,1,0,0,0,1,1,,3,109,0,,2,2,0,1,0,0,1,, -1,2,0,1,50,29,9,1,92,92036,2,1,0,7,CAMELINAT (BOULEVARD) (1/47),48.927615,2.297064,17,1,1
202100014219,176Â 277,B01,1,1,1,0,8,0,-1,-1, -1,-1,2021,21.0,1,2,0,2,8,1,1,,3,STALINGRAD (BD DE),0,,3,4,0,1,1,0,1,, -1,1,0,1,70,9,10,5,94,94073,2,1,0,6,Boulevard de Stalingrad,48.7708610313,2.4010062218,1,2,2
202100038978,131Â 968,A01,1,1,1,5,2,6,-1,-1, -1,-1,2021,49.0,1,1,0,2,1,2,1,,3,GOUNOD.(RUE CHARLES),0,,2,2,0,1,0,0,2,, -1,1,0,1,50,21,5,1,94,94028,2,1,0,3,GOUNOD.(RUE CHARLES),48.78387,2.44789,13,2,2
202100011379,181Â 383,B01,1,1,1,0,2,0,-1,0,0,-1,2021,33.0,1,1,0,2,1,1,1,,4,GARENNE (ALLEE ET AVENUE DE LA),0,,2,2,0,1,(1),(1),1,, -1,1,0,1,50,22,10,5,54,54395,2,2,0,3,GARENNE (ALLEE ET AVENUE DE LA),48.6802550984,6.1775343775,20,2,2
202100007164,188Â 959,A01,1,1,1,1,2,6,-1,-1, -1,-1,2021,54.0,2,1,0,2,7,12,1,,4,SAINTE CLAIRE (RUE),0,,4,3,0,1,0,0,1,, -1,1,0,1,50,18,11,1,87,87085,2,1,0,3,SAINTE CLAIRE (RUE),45.82409,1.24544,13,2,2
202100053673,105Â 796,A01,10,3,2,3,0,-1,-1,3,3,1,2021,87.0,3,2,0,1,4,4,1,,6,,0,,-1,-1,0,1,(1),(1),1,, -1,2,0,1,20,27,1,1,95,95409,1,1,1,6,PARC DE STATIONNEMENT,49.0416754645,2.3395740436,10,2,1
202100054003,105Â 220,A01,4,2,2,5,1,-1,-1,0,0,-1,2021,20.0,1,2,0,0,2,26,1,,1,5,-1,,3,4,0,1,77,200,1,, -1,2,0,3,130,23,1,2,89,89111,1,1,1,7,A5 PK 77+200,48.23808,3.454621,17,4,1
202100001109,199Â 786,A01,1,1,2,5,1,-1,-1,0,0,-1,2021,18.0,1,2,0,2,7,1,1,,3,764,0,,2,2,0,2,4,800,2,, -1,2,0,1,80,25,12,1,37,37046,1,1,0,1,La Maillardiere,47.2426831196,1.1225380003,12,3,2
202100003699,195Â 140,B01,1,1,1,1,2,8,-1,-1, -1,-1,2021,38.0,3,1,0,2,8,1,5,,4,CHARLES KADDOUZ (RUE),0,,2,4,1,1,0,0,1,, -1,1,0,5,50,9,12,1,13,13212,2,1,0,3,CHARLES KADDOUZ (RUE),43.3141298106,5.4323409372,7,2,2
202100041236,127Â 892,A01,1,1,2,5,1,-1,-1,-1,0,-1,2021,19.0,1,2,4,0,3,26,1,,1,AUTOROUTE A15,0,,3,11,0,1,23,899,1,, -1,2,0,1,90,6,5,1,95,95500,1,1,1,6, A15,49.03977,2.08424,13,1,1
202100024612,157Â 665,A01,10,3,1,1,0,-1,-1,3,3,1,2021,55.0,3,2,0,1,2,1,1,,4,COSQUER RUE DU,0,,2,2,0,1,(1),(1),1,, -1,1,0,1,50,10,8,1,29,29232,2,1,0,6,Rue du Cosquer,48.00192,-4.11204,17,2,1
202100016771,171Â 636,B01,1,1,1,0,2,0,-1,-1, -1,-1,2021,54.0,1,1,1,2,8,18,1,,3,AV ROGER SALENGRO,0,,2,2,0,1,0,0,1,, -1,1,0,1,50,29,5,1,94,94017,2,1,0,3,Avenue Roger Salengro,48.81992,2.48309,16,5,2
202100013913,176Â 834,B01,1,1,2,5,1,-1,-1,0,0,-1,2021,54.0,2,2,0,0,4,0,1,,3,935,0,D,2,2,0,2,18,900,2,, -1,1,0,1,90,11,10,1,65,65429,1,1,0,2,D935,43.484563,0.017509,18,2,2
202100000689,200Â 480,M01,1,1,1,1,2,6,-1,-1, -1,-1,2021,45.0,2,1,0,2,4,10,1,,7,MILLES (RTE DES),0,,-1,1,0,1,0,0,3,, -1,1,0,1,50,3,5,5,13,13001,2,9,0,2,MILLES (RTE DES),43.5098799072,5.4345225384,22,2,2
202100033942,141Â 090,A01,1,1,1,5,1,-1,-1,0,0,-1,2021,47.0,1,2,0,2,1,2,1,,2,141,0,N,3,4,0,2,44,520,1,"2,5",14,2,0,1,110,18,6,3,16,16280,1,1,1,2,,45.748581,0.367388,1,3,2
202100055469,102Â 696,B01,1,1,1,1,8,0,-1,-1, -1,-1,2021,62.0,1,1,0,2,1,1,3,,4,REPUBLIQUE (AVENUE DE LA),0,,2,3,3,1,4,200,1,, -1,1,0,1,50,8,1,1,68,68066,2,3,0,3,Avenue de la RÃ©publique,48.076281,7.352092,9,2,2
202100029510,149Â 046,A01,1,1,2,5,1,-1,-1,0,0,-1,2021,45.0,3,2,13,0,9,1,1,,3,652,0,D,3,2,0,1,8,500,2,, -1,1,0,3,80,1,7,3,40,40287,1,1,0,7,Route de Biscarrosse,44.463237,-1.089406,23,1,1
202100046684,118Â 329,A01,1,1,1,5,0,-1,-1,0,0,-1,2021,87.0,1,1,0,0,8,1,5,,3,139,-1,,2,2,0,1,4,600,1,, -1,1,0,1,80,26,3,1,32,32053,1,1,0,7,Cd 139,43.38902,0.607038,12,1,1
202100050614,111Â 218,A01,10,3,1,4,0,-1,-1,1,3,1,2021,18.0,2,2,0,1,1,0,1,,3,54,-1,,2,2,0,1,1,380,1,, -1,1,0,1,80,22,2,1,46,46172,1,1,0,6,Pech Pigueral,44.357095,1.42645,10,2,1
202100041259,127Â 849,A01,2,2,1,5,1,0,-1,-1, -1,-1,2021,12.0,2,0,8,0,1,1,1,,4,JEAN FERRAT (RUE),0,,2,2,0,1,0,0,1,, -1,1,0,1,50,2,5,1,87,87085,2,1,0,6,JEAN FERRAT (RUE),45.87901,1.26253,16,2,1
202100026118,155Â 010,B01,1,1,1,4,2,8,-1,-1, -1,-1,2021,35.0,1,1,0,2,2,1,1,,3,920,0,,1,1,0,1,0,0,3,, -1,1,0,1,30,31,7,1,91,91377,2,1,0,3,RUE DE LA DIVISION LECLERC,48.7302,2.27383,8,2,2
202100052892,107Â 174,A01,10,3,1,2,0,-1,-1,1,3,1,2021,12.0,1,2,0,1,1,21,1,,4,BOCAGE CAUD (RUE DU),0,,2,2,0,1,(1),(1),1,, -1,1,0,1,50,29,1,1,33,33063,2,1,0,6,Rue du Bocage,44.850721,-0.600632,9,2,1
202100005290,192Â 330,A01,10,3,1,3,0,-1,-1,4,3,1,2021,51.0,2,2,0,1,3,1,1,,4,PLAPPEVILLE (ROUTE DE ),0,,-1,0,0,1,0,0,1,, -1,2,0,1,50,30,11,5,57,57049,2,2,1,6,PLAPPEVILLE (ROUTE DE ),49.1280991,6.1468129,7,2,1
202100012735,178Â 955,A01,1,1,1,9,0,-1,-1,0,0,-1,2021,16.0,2,2,13,0,9,1,1,,3,926,0,,2,2,0,1,38,563,1,, -1,1,0,8,80,16,10,1,36,36031,1,1,0,6,Chamboise,46.877613,1.395539,9,1,1
202100004008,194Â 577,B01,1,1,1,4,8,4,-1,-1, -1,-1,2021,85.0,2,1,0,2,3,19,0,,4,BEARN (RUE DU),0,,2,2,0,1,(1),(1),2,, -1,2,0,1,30,4,12,5,68,68166,2,6,1,3,BEARN (RUE DU),47.79124,7.321807,6,2,2
202100054410,104Â 498,B01,2,2,2,4,1,0,-1,-1, -1,-1,2021,58.0,2,2,1,2,4,26,1,,1,3,0,,2,2,0,2,0,0,3,, -1,2,3,1,50,20,1,1,988,98818,2,4,1,2,ROUTE EXPRESS DU MONT DORE,-22.23518,166.48704,8,3,2
202100045367,120Â 637,A01,1,1,1,0,8,0,-1,-1, -1,-1,2021,27.0,1,1,0,-1,1,19,5,,4,KLOTZ HENRI-PIERRE (AV),0,,-1,2,3,2,(1),(1),1,, -1,1,9,6,50,2,4,1,72,72181,2,1,0,3,KLOTZ HENRI-PIERRE (AV),48.0193,0.16815,12,2,2
202100029171,149Â 607,A01,10,3,2,5,0,-1,-1,5,3,1,2021,40.0,0,5,0,1,2,25,1,,3,FOCH (BOULEVARD),0,,4,0,0,1,0,1,1,, -1,2,9,4,30,13,7,1,93,93031,2,9,1,6,Boulevard Foch,48.946738,2.333884,12,2,1
202100002221,197Â 820,B01,1,1,1,5,2,6,-1,-1, -1,-1,2021,25.0,2,1,0,2,2,21,1,,1,A4,0,,3,8,0,1,7,0,1,, -1,1,0,1,90,19,12,1,94,94042,1,1,0,2,A4,48.8285410714,2.4757609509,15,2,2
202100030660,146Â 950,A01,1,1,1,0,2,6,-1,0,0,-1,2021,18.0,1,1,15,0,2,1,1,,3,81,0,,2,2,0,1,216,400,1,, -1,1,0,1,50,6,7,1,202,202298,2,1,0,1,RD 81 Ã  proximitÃ© du garage PEUGEOT,42.677545,9.302807,16,1,1
202100033585,141Â 735,B01,1,1,1,1,8,0,-1,-1, -1,-1,2021,22.0,1,1,0,2,3,1,1,,4,VOLNEY,0,,2,2,0,1,1,0,1,, -1,2,0,1,30,18,6,1,49,49007,2,1,0,3,VOLNEY,47.4616,-0.541,8,2,2
202100050750,110Â 969,A01,10,3,2,5,0,-1,-1,3,3,1,2021,82.0,2,2,0,1,2,1,1,,3,GRANDE CONCHE (DE LA) (AV),0,,2,2,0,1,41,1204,1,, -1,1,0,1,50,19,2,1,17,17306,2,1,0,6,GRANDE CONCHE (DE LA) (AV),45.62341,-1.02274,17,2,1
202100044750,121Â 727,B01,1,1,1,1,2,6,-1,0,0,-1,2021,31.0,1,1,0,2,1,1,1,,3,1079,0,,2,2,0,1,19,350,1,, -1,1,0,1,80,26,3,1,1,1115,1,3,0,2,Route de Bourg,46.254415,5.074906,18,2,2
202100026787,153Â 842,B01,1,1,1,9,8,-1,-1,0,0,-1,2021,25.0,0,1,0,2,2,0,5,,4,ALSACE LORRAINE (BOULEVARD D'),0,,2,10,1,1,(1),(1),1,, -1,1,0,1,50,23,7,5,80,80021,2,2,0,1,ALSACE LORRAINE (BOULEVARD D'),49.8944399,2.3091,1,2,2
202100005969,191Â 127,A01,1,1,1,4,2,6,-1,-1, -1,-1,2021,23.0,2,1,0,2,8,26,1,,4,CHARCOT   BOULEVARD COMMANDANT,0,,2,2,0,1,(1),(1),1,, -1,2,0,1,30,26,11,5,17,17028,2,6,1,3,CHARCOT   BOULEVARD COMMANDANT,46.13628,-1.12491,20,2,2
202100006362,190Â 426,B01,1,1,1,1,1,-1,-1,0,0,-1,2021,23.0,3,2,0,2,1,1,1,,3,7,0,D,2,2,0,2,0,0,1,, -1,2,0,1,80,25,11,3,22,22330,1,1,0,1,La Croix Mallet,48.2512893773,-2.8279323574,17,4,2
202100047268,117Â 271,A01,1,1,2,1,2,6,-1,-1, -1,-1,2021,31.0,1,1,0,2,1,2,5,,4,,0,,2,2,0,1,0,0,1,, -1,1,0,1,50,20,3,1,92,92012,2,2,0,2,JEAN JAURES (BOULEVARD) 217/FIN - 210/FI,48.8278804176,2.246760428,11,2,2
202100004946,192Â 950,A01,10,3,2,5,0,-1,-1,4,3,1,2021,72.0,1,4,0,1,2,5,1,,3,911,0,,2,4,0,1,0,0,1,, -1,1,0,1,50,3,12,1,92,92024,2,2,0,6,HENRI BARBUSSE (RUE) DE (1 A 73)   (2 A,48.90003,2.30625,9,2,1
202100054923,103Â 636,A01,10,3,2,9,0,-1,-1,3,3,1,2021,41.0,1,5,0,1,6,4,1,,4,RUE DUBAN,0,,2,2,0,1,(1),(1),1,, -1,1,0,1,50,15,1,1,75,75116,2,4,0,6,RUE DUBAN,48.857734,2.277563,10,2,1
202100053134,106Â 766,B01,1,1,1,5,1,-1,-1,0,0,-1,2021,65.0,2,2,0,2,8,17,1,,3,572,0,,2,3,0,1,18,350,1,, -1,2,0,1,90,30,1,2,14,14609,1,1,1,3,D572,49.252694,-0.726771,18,4,2
202100010376,183Â 161,B01,1,1,1,9,8,0,-1,-1, -1,-1,2021,17.0,3,1,0,2,1,26,3,,3,JEAN JAURES (AVENUE),0,,2,2,2,1,0,0,1,, -1,2,0,5,50,29,10,1,93,93047,2,1,1,3,JEAN JAURES (AVENUE),48.89867,2.55003,17,2,2
202100037866,133Â 976,A01,1,1,2,0,1,0,-1,-1, -1,-1,2021,26.0,1,2,0,2,1,15,1,,3,BREMENT (RUE DE) 109 A 235 - 110 A ...,0,,-1,2,0,1,0,1,1,, -1,1,0,1,50,27,5,5,93,93053,2,9,0,3,Rue de BrÃ©ment,48.88676,2.47034,23,2,2
202100046400,118Â 833,A01,1,1,1,0,1,0,-1,-1, -1,-1,2021,37.0,3,2,8,0,2,15,0,,3,STAINS (RTE DE),0,,3,4,0,1,(1),(1),1,, -1,1,0,4,50,26,3,1,93,93010,2,2,0,6,RUE DE PARIS,48.904027,2.470546,18,1,1
202100051474,109Â 694,B01,10,3,2,9,4,-1,-1,1,3,1,2021,25.0,3,2,1,0,1,1,1,,3,52,0,,2,2,0,2,(1),(1),4,, -1,2,0,1,80,16,2,3,50,50569,1,1,0,6,2 Rte de la Croix Periers,49.063892,-1.337017,7,2,1
202100016807,171Â 576,A01,10,3,1,5,0,-1,-1,2,3,1,2021,6.0,1,2,0,1,3,1,2,,4,VILLETANEUSE (RUE DE),0,,2,0,0,1,(1),(1),1,, -1,1,0,1,30,23,9,2,95,95427,2,1,0,6,VILLETANEUSE (RUE DE),48.97233,2.34826,18,2,1
202100028498,150Â 773,A01,1,1,1,5,2,6,-1,0,0,-1,2021,37.0,3,1,0,2,9,17,1,,4,ALLEE DE LONGCHAMP,0,,2,4,0,1,(1),(1),1,, -1,1,0,1,50,16,7,5,75,75116,2,1,0,5,ALLEE DE LONGCHAMP,48.871932,2.262747,2,8,4
202100032038,144Â 482,A01,10,3,1,0,0,-1,-1,2,3,1,2021,70.0,1,2,0,1,3,15,1,,3,4,0,A,2,2,0,1,(1),(1),4,, -1,1,0,1,50,26,6,1,88,88246,2,3,0,6,1 Rue de la Grande RangÃ©e,48.265787,6.142328,12,2,1
202100032428,143Â 809,B01,1,1,2,0,1,0,-1,-1, -1,-1,2021,22.0,2,2,0,2,4,2,1,,2,ROUTE NATIONALE 356,0,,3,2,0,1,0,189,1,, -1,1,0,1,110,24,6,1,59,59350,1,1,0,5,ROUTE NATIONALE 356,50.617199,3.081416,14,3,3
202100051738,109Â 212,A01,2,2,1,5,1,-1,-1,0,0,-1,2021,14.0,2,5,0,2,1,17,1,,1,75,-1,,3,4,0,3,153,100,1,, -1,2,0,1,130,13,2,1,48,48005,1,1,0,2,Autoroute A75 - PK 153+100 - Sens Sud/Nord,44.580656,3.249652,11,3,2
202100030387,147Â 450,A01,1,1,1,3,1,0,-1,-1, -1,-1,2021,23.0,3,2,0,0,0,1,1,,4,MESMEUR (RUE DE),0,,2,2,0,2,(1),(1),4,, -1,2,0,3,80,5,7,1,22,22113,1,1,1,7,MESMEUR (RUE DE),48.751704,-3.43548,20,1,1
202100041218,127Â 928,A01,1,1,1,0,1,-1,-1,0,0,-1,2021,73.0,0,2,0,2,1,13,1,,2,330,-1,,2,2,0,1,18,550,1,, -1,1,0,1,80,7,5,3,60,60421,1,1,0,1,N330,49.199017,2.636841,3,2,2
202100029781,148Â 553,A01,10,3,2,5,0,-1,-1,2,3,1,2021,58.0,0,2,0,1,3,15,1,,6,LOUVOIS (ROUTE DE) CORA,0,,-1,-1,0,1,(1),(1),1,, -1,1,0,1,30,9,7,1,51,51172,2,9,0,7,Route de Louvois,49.21521,4.05238,11,2,1
202100030570,147Â 112,B01,1,1,2,0,2,0,-1,-1, -1,-1,2021,60.0,2,1,0,2,1,0,0,,4,FRANCE ANATOLE (RUE),0,,2,0,0,1,(1),(1),1,, -1,1,0,1,50,5,7,1,31,31483,2,1,0,3,FRANCE ANATOLE (RUE),43.11492,0.70485,18,2,2
202100041932,126Â 666,A01,10,3,2,5,0,-1,-1,3,5,2,2021,10.0,1,2,0,1,3,1,2,,4,RUE DE GRENELLE,0,,1,1,0,1,(1),(1),1,, -1,1,0,1,50,30,4,1,75,75107,2,3,0,6,RUE DE GRENELLE,48.858018,2.309351,18,2,1
202100036590,136Â 307,A01,1,1,1,0,2,-1,-1,0,0,-1,2021,25.0,0,1,0,2,7,19,3,,4,COLBERT (RUE ),0,,2,2,0,4,(1),(1),2,, -1,1,0,1,50,1,6,1,80,80021,2,1,0,3,COLBERT (RUE ),49.89417,2.27758,17,2,2
202100012720,178Â 980,A01,1,1,2,9,0,-1,-1,0,0,-1,2021,67.0,0,2,0,2,3,17,1,,3,813,-1,,2,2,0,1,62,250,1,, -1,1,0,1,80,17,10,1,47,47095,1,3,0,3,D813,44.428463,0.278971,17,2,2
202100018451,168Â 650,A01,2,2,2,5,2,6,-1,0,0,-1,2021,73.0,1,1,0,0,0,1,1,,3,35,0,,2,2,0,1,23,990,3,, -1,9,0,3,80,18,9,1,83,83021,1,1,0,7,D35,43.479223,5.947884,15,2,1
202100032633,143Â 434,A01,10,3,1,5,0,-1,-1,3,3,1,2021,18.0,0,2,0,1,1,1,1,,4,VILLENEUVE (RUE),0,,2,2,0,1,(1),(1),1,, -1,1,0,1,50,23,6,1,29,29019,2,3,0,6,Rue de la Villeneuve,48.41081,-4.4598,19,2,1
202100029536,148Â 996,B01,1,1,2,5,1,-1,-1,0,0,-1,2021,59.0,2,2,0,2,8,1,1,,7,71,0,I,2,2,0,1,2,100,1,, -1,1,0,1,80,9,7,1,69,69286,1,3,1,3,RD71I,45.83532,4.917828,18,3,2
202100036064,137Â 218,A01,1,1,1,0,8,0,-1,-1, -1,-1,2021,24.0,1,1,0,2,1,25,5,,4,LAMBRET OSCAR AVENUE,0,,1,3,1,1,(1),(1),3,, -1,1,0,1,50,6,6,1,59,59350,2,9,0,1,LAMBRET OSCAR AVENUE,50.614408,3.035857,14,2,2
202100033538,141Â 823,B01,1,1,1,5,2,6,-1,-1, -1,-1,2021,32.0,3,1,0,2,1,1,1,,4,PENSIONNAT (DU)                     (R ),0,,2,1,3,2,(1),(1),2,, -1,1,0,1,50,18,6,1,69,69142,2,1,0,1,PENSIONNAT (DU) (R),45.72825,4.81368,17,2,2
202100035320,138Â 575,B01,1,1,1,9,2,0,-1,0,0,-1,2021,29.0,0,1,0,2,7,1,5,,4,RUE DE CHABROL,0,,2,2,0,2,(1),(1),1,, -1,1,0,1,30,10,6,2,75,75110,2,2,0,3,RUE DE CHABROL,48.877359,2.349632,20,2,2
202100053516,106Â 057,B01,1,1,2,0,1,-1,-1,0,0,-1,2021,33.0,2,2,0,2,3,1,1,,3,22,-1,,2,2,0,1,49,319,1,, -1,2,0,1,80,28,1,1,76,76458,1,1,0,1,Route d'Auffay,49.756379,1.189916,16,3,2
202100030856,146Â 606,A01,1,1,1,5,2,0,-1,0,0,-1,2021,74.0,1,1,0,2,6,10,5,,4,ALLEE DE LA REINE MARGUERITE,0,,2,2,0,1,(1),(1),1,, -1,2,0,1,50,4,7,1,75,75116,2,1,1,3,ALLEE DE LA REINE MARGUERITE,48.863182,2.247933,14,2,2
202100043978,123Â 072,A01,1,1,1,4,1,-1,-1,0,0,-1,2021,48.0,2,4,0,0,9,1,1,,1,7,0,A,1,1,0,1,235,0,1,, -1,1,0,1,130,15,4,1,13,13103,1,1,0,7,Autoroute A7 PK 235+000 sens Sud / Nord,43.626896,5.128813,19,1,1
202100027268,152Â 983,A01,1,1,1,5,1,-1,-1,0,0,-1,2021,21.0,2,2,5,0,1,1,1,,3,D783,-1,,2,2,0,1,29,400,3,, -1,1,2,3,80,25,7,1,29,29293,1,1,0,6,D783 - Pont du Minaouet,47.858756254,-3.8798832891,7,1,1
202100037320,134Â 963,A01,1,1,2,0,2,0,-1,-1, -1,-1,2021,25.0,1,1,0,0,0,1,1,,4,,0,,2,2,0,1,0,1,1,, -1,1,0,1,50,29,5,1,92,92020,2,1,0,7,DIVISION LECLERC AVENUE DE LA,48.796857001,2.280510664,18,1,1
202100029807,148Â 509,B01,1,1,2,9,1,8,-1,-1, -1,-1,2021,49.0,3,2,0,2,1,15,1,,7,BENOIT FERNAND (AV),0,,2,2,1,1,0,0,1,, -1,1,0,1,50,8,7,1,13,13001,2,4,0,3,BENOIT FERNAND (AV),43.55043,5.43863,18,2,2
202100030379,147Â 462,A01,1,1,1,0,1,-1,-1,-1, -1,-1,2021,51.0,1,2,12,0,1,1,1,,2,RD 1250 (BONNEVAL -LA HUME) - STADE,0,,2,2,0,1,40,776,1,, -1,1,5,1,50,6,7,5,33,33529,2,6,0,6,,44.618512,-1.125434,22,1,1
202100048891,114Â 366,B01,1,1,2,0,1,-1,-1,0,0,-1,2021,70.0,2,2,0,0,4,2,1,,3,955,0,,2,2,0,1,16,950,1,, -1,1,0,1,90,8,3,1,45,45296,1,1,0,2,D955-PR 16 + 950,47.991602,1.723502,16,2,2
202100023557,159Â 531,A01,1,1,1,5,2,6,-1,-1, -1,-1,2021,62.0,1,1,0,2,1,1,1,,3,PASTEUR (AVENUE),0,,2,2,0,1,51,420,1,, -1,1,0,1,50,28,3,1,19,19031,2,1,0,2,PASTEUR (AVENUE),45.16564,1.53191,11,2,2
202100052736,107Â 468,B01,1,1,2,5,1,-1,-1,0,0,-1,2021,30.0,3,2,8,2,3,1,1,,4,,-1,,2,2,0,1,(1),(1),1,, -1,1,0,1,30,3,2,1,26,26138,2,1,0,1,140 Chemin des Escrottes,44.390508,4.751163,17,3,2
202100042153,126Â 276,B01,1,1,1,0,2,-1,-1,-1, -1,-1,2021,35.0,2,1,0,2,0,1,5,,4,FRERES LUMIERE (DES)                (AV),0,,1,-1,3,1,(1),(1),1,, -1,1,0,1,50,28,4,1,69,69388,2,2,0,3,FRERES LUMIERE (DES) (AV),45.74335,4.87424,18,2,2
202100026480,154Â 363,A01,10,3,2,0,0,-1,-1,4,3,1,2021,22.0,1,2,0,1,7,1,1,,4,MAZARGUES (AVENUE DE),0,,2,2,0,2,0,0,1,, -1,1,0,1,30,29,7,1,13,13208,2,1,0,6,MAZARGUES (AVENUE DE),43.2588553086,5.3941975136,8,2,1
202100036473,136Â 506,A01,1,1,2,1,2,6,-1,0,0,-1,2021,51.0,1,1,0,2,1,2,1,,4,COURS DE VINCENNES,0,,2,4,0,1,(1),(1),1,, -1,1,0,1,50,3,6,5,75,75112,2,3,0,2,COURS DE VINCENNES,48.847427,2.403404,22,2,2
202100047590,116Â 691,B01,1,1,2,9,1,0,-1,-1, -1,-1,2021,20.0,1,2,0,2,0,1,1,,1,AUTOROUTE A6,0,,2,6,0,1,19,430,1,, -1,2,0,1,70,18,3,1,91,91434,1,1,0,4,AUTOROUTE A6,48.66592,2.36214,10,4,3
202100053988,105Â 247,A01,1,1,1,5,0,-1,-1,0,0,-1,2021,46.0,3,1,0,2,1,15,5,,3,673,-1, -,2,2,0,1,97,300,1,, -1,2,0,1,80,24,1,2,46,46200,1,3,1,1,Zone Artisanale du Moulin d'Iches,44.629814,1.219332,17,2,2
202100029245,149Â 484,A01,1,1,2,0,1,-1,-1,-1, -1,-1,2021,29.0,1,2,4,0,2,14,1,,1,ROCADE A 630,0,,1,2,0,2,0,389,2,, -1,2,3,1,50,13,7,1,33,33249,1,1,1,7,ROCADE A 630,44.884669,-0.513288,15,1,1
202100053367,106Â 328,A01,10,3,2,3,0,-1,-1,2,3,1,2021,84.0,3,2,0,1,4,20,1,,4,0,0,,2,2,0,2,0,0,1,, -1,1,0,1,50,28,1,1,83,83072,2,1,0,6,1 Avenue de Toulon,43.492934,6.358113,10,2,1
202100026895,153Â 632,A01,1,1,1,1,1,-1,-1,0,0,-1,2021,20.0,2,2,8,0,2,1,1,,3,908,0,,2,2,0,1,12,200,1,, -1,2,0,3,80,27,7,1,54,54102,1,1,0,6,D908,48.7146805826,5.8574670561,19,1,1
202100012376,179Â 591,A01,2,1,1,9,8,0,-1,-1, -1,-1,2021,28.0,3,0,6,0,1,14,1,,4,VANILLE (ALLEE DE LA),0,,4,2,0,2,1,0,1,, -1,1,0,8,30,18,10,5,974,97416,1,1,0,6,VANILLE (ALLEE DE LA),-21.32158,55.47865,18,1,1
202100015835,173Â 368,B01,1,1,1,5,2,-1,-1,0,0,-1,2021,61.0,0,1,0,2,1,1,5,,3,70,-1,,2,2,0,2,32,900,2,, -1,1,0,1,-1,1,10,1,69,69154,1,2,0,3,LENTILLY (DE) (RTE),45.788953,4.669232,12,2,2