Num_Acc,id_vehicule,num_veh,place,catu,sexe,trajet,secu1,secu2,secu3,locp,actp,etatp,year_acc,victim_age,senc,catv,obs,obsm,choc,manv,motor,occutc,catr,voie,v1,v2,circ,nbv,vosp,prof,pr,pr1,plan,lartpc,larrout,surf,infra,situ,vma,jour,mois,lum,dep,com,agg_,int,atm,col,adr,lat,long,hour,nb_victim,nb_vehicules
202100050916,110Â 665,B01,1,1,1,5,2,8,-1,-1, -1,-1,2021,62.0,0,1,0,2,1,1,1,,4,ELIE WIESEL (BD),0,,2,7,0,1,1,0,1,, -1,1,0,1,50,17,2,1,13,13210,2,2,0,3,ELIE WIESEL (BD),43.2713225182,5.4221385928,18,2,2
202100054607,104Â 174,A01,1,1,2,4,2,8,-1,0,0,-1,2021,41.0,1,1,0,9,2,1,1,,4,RUE VIGNON,0,,1,1,0,1,(1),(1),1,, -1,1,0,1,50,18,1,2,75,75109,2,1,0,6,RUE VIGNON,48.871893,2.326462,16,1,1
202100038982,131Â 963,B01,1,1,1,0,1,0,-1,-1, -1,-1,2021,33.0,0,2,0,2,7,1,1,,4,SABLIERE (AV DE LA),0,,-1,2,0,1,0,0,1,, -1,1,0,1,50,21,5,1,94,94071,2,3,0,3,SABLIERE (AV DE LA),48.76683,2.50644,12,2,2
202100018959,167Â 752,B01,1,1,2,0,1,0,-1,-1, -1,-1,2021,72.0,2,2,0,2,3,1,1,,3,MONET (BD JEAN DE LA),0,,2,3,0,2,11,340,2,, -1,1,0,1,70,13,9,1,35,35115,1,1,0,3,MONET (BD JEAN DE LA),48.36856,-1.195304,15,2,2
202100038393,133Â 010,A01,10,3,2,5,0,-1,-1,2,5,2,2021,4.0,2,2,0,1,2,1,1,,4,RUE DE MEAUX,0,,1,1,0,1,(1),(1),1,, -1,1,0,1,50,25,5,1,75,75119,2,2,0,6,RUE DE MEAUX,48.882795,2.375668,16,2,1
202100001981,198Â 259,A01,1,1,1,9,2,8,-1,-1, -1,-1,2021,70.0,2,1,0,2,1,3,1,,1,AUTOROUTE A3,0,,3,6,0,1,8,899,1,, -1,1,0,1,90,21,12,1,93,93010,1,1,0,2,AUTOROUTE A3,48.9145865289,2.4774491787,14,2,2
202100041631,127Â 189,B01,1,1,1,5,1,0,-1,-1, -1,-1,2021,78.0,2,2,0,2,9,1,1,,1,A4.W,0,,-1,3,0,1,16,600,1,, -1,1,0,1,110,3,5,1,77,77083,1,1,0,6,A4.W,48.8322724632,2.5993101225,10,3,3
202100028104,151Â 469,A01,10,3,1,9,0,-1,-1,3,3,1,2021,63.0,1,2,0,1,2,1,1,,4,GALIBERT-FERRET,0,,1,1,0,1,(1),(1),1,, -1,1,5,8,50,16,7,1,81,81163,2,1,0,6,GALIBERT-FERRET,43.49104,2.37609,16,2,1
202100009417,184Â 867,A01,1,1,2,0,1,0,-1,-1, -1,-1,2021,22.0,3,2,8,0,3,13,1,,3,D104,0,,2,2,0,1,9,800,1,, -1,2,0,3,80,4,11,1,77,77048,1,1,1,6,D104,48.32428,2.69806,9,1,1
202100052784,107Â 378,A01,1,1,2,1,1,-1,-1,0,0,-1,2021,20.0,2,2,0,2,1,2,1,,4,RN 12,0,,3,4,0,1,73,860,1,, -1,2,5,1,50,2,2,2,29,29019,2,1,1,2,D112 - Rond Point de Pen Ar Chleuz,48.41514,-4.47973,8,2,2
202100048478,115Â 109,A01,1,1,1,0,2,-1,-1,0,0,-1,2021,45.0,1,1,0,2,3,21,5,,3,3,-1,,2,2,0,2,19,1021,3,, -1,1,0,1,50,12,3,1,6,6010,1,1,0,5,Route de Gourdon,43.684947,6.974854,11,3,3
202100018557,168Â 463,A01,10,3,2,5,0,-1,-1,3,3,1,2021,79.0,1,2,0,1,1,15,1,,3,QUAKENBRUCK (AVENUE DE),0,,2,1,0,1,2,74,2,, -1,1,0,1,50,15,9,1,61,61001,2,3,0,6,QUAKENBRUCK (AVENUE DE),48.44136,0.10813,16,2,1
202100017160,170Â 968,A01,1,1,1,5,2,6,9,0,0,-1,2021,31.0,2,1,13,0,1,13,1,,3,980,-1,,2,2,0,2,28,700,4,, -1,1,0,3,80,24,8,1,71,71286,1,1,0,6,RD 980,46.591421,4.508989,14,1,1
202100035298,138Â 610,A01,10,3,2,3,0,-1,-1,0,0,1,2021,82.0,3,5,0,1,2,16,1,,7,,0,,2,2,0,1,(1),(1),1,, -1,1,0,4,50,10,6,1,6,6027,2,9,0,6,NICE AVENUE DE (RN7),43.66373,7.14882,14,2,1
202100003517,195Â 460,B01,1,1,2,4,1,8,-1,-1, -1,-1,2021,60.0,2,2,0,2,2,1,1,,2,MEZZAVIA ROUTE DE,0,,2,3,0,1,(1),(1),1,, -1,1,0,1,50,19,8,1,201,201004,2,1,0,3,MEZZAVIA ROUTE DE,41.95171,8.77355,11,2,2
202100023355,159Â 867,A01,2,2,1,5,1,-1,-1,0,0,-1,2021,24.0,1,2,2,0,7,1,1,,2,31,0,N,2,2,0,2,4,300,2,, -1,1,0,4,50,21,8,5,60,60577,2,1,0,6,58 Route Nationale,49.444988,1.81172,4,2,1
202100053489,106Â 108,A01,10,3,1,2,0,-1,-1,3,3,1,2021,13.0,1,2,0,1,3,1,1,,4,JULIAN GRIMAU (R),0,,2,2,0,1,1,0,1,, -1,2,0,8,30,27,1,5,94,94081,2,1,1,6,Rue Julian Grimau,48.77836,2.37592,7,2,1
202100007677,188Â 028,A01,10,3,1,0,0,-1,-1,3,3,3,2021,30.0,0,2,0,1,1,1,1,,4,MEAUX RUE DE,0,,2,2,0,1,0,0,1,, -1,1,0,1,50,17,11,1,93,93074,2,1,0,6,MEAUX RUE DE,48.9349827147,2.5690734386,16,5,2
202100018856,167Â 943,A01,1,1,1,5,2,6,9,0,0,-1,2021,22.0,3,1,10,0,0,1,1,,3,104,-1,,2,2,0,3,26,380,1,, -1,1,0,8,80,29,8,1,7,7230,1,1,0,6,Col de l'Escrinet (Col de montagne),44.717874,4.492797,15,1,1
202100002497,197Â 310,A01,1,1,1,9,1,-1,-1,0,0,-1,2021,38.0,1,5,0,2,2,2,1,,3,768,0,,3,4,0,1,63,800,1,, -1,2,0,1,110,30,11,3,56,56173,1,1,1,2,Port Arthur,47.967737,-2.994429,21,2,2
202100020718,164Â 595,B01,1,1,1,9,2,6,-1,0,0,-1,2021,23.0,1,1,0,2,2,17,1,,4,RUE BARON LE ROY,0,,2,2,0,1,(1),(1),1,, -1,1,0,1,30,5,9,1,75,75112,2,2,0,3,RUE BARON LE ROY,48.835186,2.38734,17,6,2
202100017748,169Â 899,A01,1,1,2,3,1,-1,-1,0,0,-1,2021,76.0,1,2,0,2,3,23,1,,3,950,-1,,2,2,0,1,(1),(1),1,, -1,1,0,1,80,18,9,1,84,84122,1,1,0,1,2439 route d'orange,44.101578,4.933591,14,2,2
202100039079,131Â 782,C01,1,1,2,0,1,-1,-1,0,0,-1,2021,36.0,0,2,0,2,4,2,1,,4,GENERAL DE GAULLE (AVENUE DE ),0,,2,4,0,2,(1),(1),1,, -1,1,0,1,50,18,5,1,80,80021,2,1,0,4,GENERAL DE GAULLE (AVENUE DE ),49.90401,2.30072,16,3,3
202100030237,147Â 714,B01,1,1,1,1,2,6,-1,0,0,-1,2021,24.0,1,1,0,2,0,17,1,,4,AVENUE DU MAINE,0,,3,2,0,1,(1),(1),1,, -1,1,0,1,50,7,7,1,75,75114,2,4,0,3,AVENUE DU MAINE,48.840144,2.321817,18,2,2
202100044715,121Â 789,A01,1,1,1,5,2,6,-1,0,0,-1,2021,31.0,3,1,0,2,1,1,1,,4,PLACE D ITALIE,0,,1,5,0,1,(1),(1),2,, -1,1,0,1,50,8,4,1,75,75113,2,7,0,2,PLACE D ITALIE,48.831878,2.355837,18,2,2
202100006469,190Â 234,B01,1,1,1,1,2,8,-1,0,0,-1,2021,36.0,2,1,0,2,1,1,3,,4,RUE DE COURCELLES,0,,2,2,0,1,(1),(1),1,, -1,1,0,1,30,24,11,2,75,75108,2,4,0,3,RUE DE COURCELLES,48.876378,2.307868,6,2,2
202100027768,152Â 074,A01,1,1,1,4,1,0,-1,0,0,-1,2021,28.0,3,5,2,0,1,14,1,,4,ALLEE THOMY THIERRY,0,,-1,0,0,1,(1),(1),1,, -1,1,6,1,10,20,7,1,75,75107,2,3,0,6,ALLEE THOMY THIERRY,48.856318,2.295155,13,1,1
202100009010,185Â 613,A01,1,1,1,5,0,-1,-1,0,0,-1,2021,31.0,2,2,2,0,2,17,1,,3,134,0,D,2,2,0,1,0,262,1,, -1,1,0,3,80,6,11,1,53,53125,1,1,0,3,RD 134,48.479859,-1.037897,16,2,2
202100011064,181Â 946,A01,1,1,1,0,1,-1,-1,-1, -1,-1,2021,33.0,0,2,8,0,3,13,1,,4,VIVIANI,0,,2,2,0,1,0,0,1,, -1,1,0,1,50,24,10,5,76,76351,2,1,0,6,VIVIANI,49.4929,0.15557,0,1,1
202100016019,173Â 030,A01,1,1,2,5,1,-1,-1,0,0,-1,2021,87.0,1,2,12,0,2,1,1,,3,307,-1,,3,1,0,2,16,816,1,, -1,1,1,1,70,30,9,1,78,78571,1,1,0,6,D 307,48.853491,2.022589,17,1,1
202100031975,144Â 590,A01,4,2,2,5,1,-1,-1,-1, -1,-1,2021,26.0,2,2,0,2,1,26,0,,4,PATTON (AVENUE DU GENERAL SIR GEORGES),0,,2,4,2,1,(1),(1),1,, -1,2,5,1,50,27,6,5,35,35238,2,2,0,1,PATTON (AVENUE DU GENERAL SIR GEORGES),48.12846,-1.66425,2,4,2
202100045145,121Â 037,A01,1,1,2,9,2,0,-1,0,0,-1,2021,29.0,1,1,9,0,1,15,1,,4,RUE PIERRE LEROUX,0,,-1,1,0,1,(1),(1),1,, -1,1,0,1,50,4,4,1,75,75107,2,3,0,6,RUE PIERRE LEROUX,48.849473,2.31901,14,1,1
202100004154,194Â 320,A01,10,3,1,9,0,-1,-1,9,B,1,2021,23.0,2,2,0,1,2,1,1,,3,768,0,U,2,2,0,1,15,650,1,, -1,2,0,1,80,9,12,3,56,56168,1,1,1,6,Zone d ActivitÃ© du Plasker,47.606178,-3.100247,7,2,1
202100006907,189Â 424,A01,1,1,1,5,1,0,-1,-1, -1,-1,2021,34.0,1,2,14,0,2,1,1,,3,AV DU MARECHAL LECLERC,0,,1,3,0,1,(1),(1),1,, -1,1,5,1,50,20,11,5,91,91377,2,2,0,5,AV DU MARECHAL LECLERC,48.73002,2.30056,6,5,3
202100040046,130Â 016,B01,1,1,2,0,1,0,-1,0,0,-1,2021,71.0,1,2,0,2,1,1,1,,4,TOLSTOI (BOULEVARD),0,,2,2,0,1,(1),(1),1,, -1,1,0,1,50,13,5,1,54,54526,2,1,0,3,TOLSTOI (BOULEVARD),48.68141,6.21604,18,2,2
202100016236,172Â 611,A01,1,1,1,1,2,6,-1,0,0,-1,2021,55.0,1,1,0,2,8,11,1,,4,PORTE DE LA CHAPELLE,0,,1,4,0,1,(1),(1),1,, -1,1,0,1,50,28,9,2,75,75118,2,4,0,3,ECHANGEUR CHAPELLE,48.9003664709,2.3577470484,6,2,2
202100051116,110Â 305,B01,1,1,1,5,0,-1,-1,0,0,-1,2021,24.0,2,6,7,2,1,17,1,,3,724,0,D,2,2,0,1,88,260,1,, -1,1,0,1,70,18,2,1,56,56101,1,1,0,3,Pont er pach,47.825092,-3.199714,18,2,2
202100027147,153Â 187,A01,1,1,1,5,2,-1,-1,0,0,-1,2021,21.0,2,1,0,2,1,0,1,,2,2,0,,2,2,0,1,31,500,3,, -1,1,2,1,50,25,7,2,987,98722,1,1,0,1,RT2 - PK 32 avant le pont - MAHAENA,-17.564215,-149.326944,6,3,2
202100002682,196Â 983,B01,1,1,2,0,1,-1,-1,0,0,-1,2021,24.0,1,2,0,2,4,1,1,,3,61,-1,,2,2,0,2,11,150,1,, -1,1,0,1,-1,17,12,1,35,35184,1,1,0,5,Route Departementale 61,48.207826,-2.045705,11,3,3
202100020059,165Â 769,A01,1,1,1,5,2,6,-1,-1, -1,-1,2021,16.0,1,1,0,0,0,26,1,,7,THOUAR MONTEE,0,,2,2,0,4,2,0,2,, -1,1,0,1,30,8,9,1,83,83062,2,1,0,7,THOUAR MONTEE,43.1315758758,6.0101410698,17,2,1
202100000996,199Â 980,A01,1,1,1,5,2,6,-1,-1, -1,-1,2021,41.0,2,1,0,2,1,18,1,,3,BAYONNE (AVENUE DE),0,,2,2,3,1,9,640,1,, -1,2,5,6,50,27,12,5,64,64024,2,1,1,1,24 Avenue de Bayonne,43.48068,-1.51382,17,2,2
202100045696,120Â 061,B01,1,1,1,1,2,-1,-1,0,0,-1,2021,40.0,1,1,0,2,1,17,1,,3,23,-1,,2,2,0,1,5,120,1,, -1,1,0,1,80,1,4,1,66,66145,1,1,0,3,RD 23,42.643242,2.82421,18,2,2
202100028717,150Â 390,A01,1,1,1,5,1,-1,-1,0,0,-1,2021,67.0,2,2,14,0,8,1,1,,3,17,-1,,2,2,0,1,4,500,1,, -1,2,0,1,50,2,7,1,972,97227,2,1,1,6,Quartier Epinay,14.508687,-60.925369,10,1,1
202100056037,101Â 721,A01,10,3,1,5,0,-1,-1,2,3,1,2021,49.0,1,2,0,1,2,1,1,,4,,0,,1,5,3,1,(1),(1),1,, -1,1,0,1,50,6,1,1,69,69266,2,3,0,6,TOLSTOI (CR),45.7637270934,4.8700252175,16,2,1
202100055772,102Â 173,A01,10,3,1,0,0,-1,-1,4,3,1,2021,74.0,1,1,0,1,8,1,1,,4,BROGLIE (PLACE),0,,2,2,0,1,0,0,1,, -1,1,0,1,50,8,1,2,67,67482,2,1,0,6,BROGLIE (PLACE),48.584482,7.748815,8,2,1
202100042970,124Â 863,B01,1,1,1,0,1,-1,-1,0,0,-1,2021,32.0,1,2,0,2,1,5,1,,3,613,0,,2,2,0,2,62,110,1,, -1,1,0,1,80,24,4,1,27,27425,1,1,0,1,route dÃ©partemantale 613,49.148815,0.699821,9,2,2
202100043952,123Â 113,B01,1,1,1,5,2,6,-1,0,0,-1,2021,23.0,1,1,0,2,1,1,1,,4,5,-1,,2,2,0,2,(1),(1),2,, -1,2,0,1,50,15,4,1,974,97414,2,1,1,2,5 Rue des Vetyvers,-21.278193,55.417681,17,2,2
202100014461,175Â 856,A01,1,1,1,5,2,6,-1,0,0,-1,2021,68.0,2,1,0,2,1,13,1,,3,11,-1,,2,2,0,2,(1),(1),1,,5,1,0,1,50,8,10,1,974,97413,2,1,0,1,8b Rue Adrien Lagourgue,-21.21486,55.306023,10,2,2
202100000466,200Â 872,A01,10,3,2,5,0,-1,-1,3,3,2,2021,93.0,2,2,0,1,1,17,1,,4,FAURE (RUE ADRIEN ET EVA),0,,2,2,0,1,(1),(1),1,, -1,1,0,1,50,7,7,1,19,19031,2,1,0,6,FAURE (RUE ADRIEN ET EVA),45.1554060216,1.5339395591,16,3,1
202100047240,117Â 320,A01,1,1,1,0,2,0,-1,0,0,-1,2021,57.0,3,1,0,2,3,21,1,,4,PENETRANTE DU PAILLON,0,,2,2,0,4,(1),(1),1,, -1,1,2,1,50,19,3,1,6,6088,2,1,0,5,PENETRANTE DU PAILLON,43.722912,7.288498,8,4,4
202100004797,193Â 204,A01,10,3,2,9,0,-1,-1,4,3,2,2021,0.0,1,2,0,1,2,1,1,,4,CHARLES DE REFUGE (RUE),0,,3,2,0,1,(1),(1),1,, -1,1,0,1,50,3,12,1,10,10333,2,1,0,6,CHARLES DE REFUGE (RUE),48.28081,4.05094,13,4,1
202100036468,136Â 514,A01,10,3,1,5,0,-1,-1,0,0,-1,2021,85.0,3,2,0,1,5,4,3,,4,RUE DUPLEIX,0,,1,1,0,1,(1),(1),1,, -1,2,0,1,30,4,6,1,75,75115,2,7,0,6,RUE DUPLEIX,48.851345,2.296553,16,2,1
202100027612,152Â 371,A01,1,1,1,5,2,6,-1,0,0,-1,2021,50.0,1,1,0,0,0,2,1,,3,D988,-1,,2,2,0,1,70,450,1,, -1,1,0,1,80,23,7,1,81,81220,1,1,0,7,D988 - PK 070+500,43.839859,1.759282,20,1,1
202100054865,103Â 735,A01,1,1,1,1,2,6,-1,-1, -1,-1,2021,23.0,1,1,0,2,1,1,1,,4,BELFORT (RUE DE),0,,1,1,0,1,0,0,1,, -1,2,0,1,50,14,1,1,87,87085,2,2,1,3,HOCHE (RUE),45.84029,1.25905,15,2,2
202100037799,134Â 097,B01,1,1,2,5,1,-1,-1,-1, -1,-1,2021,42.0,2,2,0,2,1,1,1,,4,RUE LABAT,0,,2,1,0,1,(1),(1),1,, -1,1,5,1,50,28,5,1,33,33063,2,3,0,3,Rue du Cardinal Lavigerie,44.83365,-0.60612,12,2,2
202100003516,195Â 462,A01,2,2,2,0,1,8,-1,-1, -1,-1,2021,80.0,2,2,0,2,3,5,1,,3,ROUTE DU STILETTO,0,,2,2,0,3,1,50,1,, -1,1,8,1,50,20,8,1,201,201004,2,1,0,1,ROUTE DU STILETTO,41.94609,8.77183,10,6,2
202100037112,135Â 365,A01,1,1,1,1,2,6,-1,0,0,-1,2021,33.0,2,1,0,2,1,3,1,,3,723,0,D,2,2,0,1,56,380,1,, -1,1,5,1,70,1,6,1,49,49284,1,2,0,2,D723,47.409285,-0.794106,18,2,2
202100021345,163Â 500,B01,1,1,2,5,1,-1,-1,0,0,-1,2021,60.0,1,2,0,2,5,15,1,,2,88,-1,,2,2,0,2,70,910,1,, -1,1,0,1,70,3,9,1,12,12056,1,4,0,2,route nationale 88,44.256392,2.415206,18,2,2
202100009510,184Â 715,B01,7,2,2,5,1,-1,-1,0,0,-1,2021,39.0,2,2,0,0,4,2,1,,3,1082,0,D,2,2,0,1,51,200,1,, -1,2,0,1,50,4,11,5,42,42323,2,1,1,2,115 Avenue du 8 Mai 1945,45.548411,4.28226,23,4,2
202100049906,112Â 531,A01,1,1,1,5,1,0,-1,-1, -1,-1,2021,24.0,1,2,0,2,6,2,1,,3,STALINGRAD (BD DE),0,,1,3,0,2,0,1,1,, -1,1,0,1,50,27,2,3,94,94073,2,9,0,2,Boulevard de Stalingrad,48.7702951639,2.401562067,2,2,2
202100014015,176Â 648,A01,2,2,1,5,2,0,-1,0,0,-1,2021,28.0,1,1,0,2,8,17,1,,4,AVENUE CORENTIN CARIOU,0,,2,3,0,1,(1),(1),1,, -1,1,0,1,30,10,10,1,75,75119,2,3,0,3,AVENUE CORENTIN CARIOU,48.895155,2.382776,16,3,2
202100044726,121Â 768,A01,1,1,2,1,1,0,-1,-1, -1,-1,2021,59.0,1,2,11,2,2,1,1,,2,MARECHAL DE LATTRE DE TASSIGNY (AV),0,,3,4,0,1,0,0,1,, -1,1,0,1,50,8,4,1,94,94075,2,1,0,2,Avenue du Mal de Lattre de Tassigny,48.72747,2.53108,9,2,2
202100054587,104Â 206,A01,1,1,1,1,2,8,-1,-1, -1,-1,2021,17.0,2,1,0,2,1,1,1,,4,CALINS (AVENUE DES),0,,2,4,0,2,0,0,1,, -1,2,0,1,50,15,1,5,49,49099,2,2,0,3,CALINS (AVENUE DES),47.05948,-0.87402,22,3,2
202100022011,162Â 291,B01,1,1,1,5,2,-1,-1,0,0,-1,2021,50.0,3,1,0,2,1,1,5,,4,,-1,,1,2,3,1,(1),(1),1,,6,1,5,6,30,28,8,1,74,74010,2,6,0,1,82 Bd Costa de Beauregard,45.878018,6.09355,14,2,2
202100056005,101Â 777,B01,1,1,1,0,2,-1,-1,0,0,-1,2021,42.0,0,1,0,2,1,1,1,,3,153,-1,D,2,2,0,1,10,50,1,, -1,1,0,1,80,8,1,1,60,60322,1,2,0,3,RD 153 jamÃ©ricourt,49.303349,1.884059,9,2,2
202100017159,170Â 969,A01,1,1,1,9,1,-1,-1,0,0,-1,2021,70.0,1,2,1,0,1,14,1,,3,20,0,,3,1,3,1,57,620,1,, -1,1,0,8,90,23,9,2,91,91016,1,1,0,2,Angerville,48.288476,1.981353,20,2,2
202100010095,183Â 659,A01,1,1,1,5,2,6,-1,0,0,-1,2021,45.0,1,1,0,2,1,13,5,,3,,-1,,2,2,0,1,1,700,3,, -1,1,0,1,50,1,11,1,95,95042,1,1,1,5,Route du Golf,49.057122,2.297087,11,3,3
202100047409,117Â 027,A01,1,1,2,5,8,0,-1,-1, -1,-1,2021,32.0,1,1,12,0,7,1,1,,4,ECOLES,0,,1,1,0,1,0,0,1,, -1,2,0,1,30,19,3,5,92,92064,2,1,0,6,ECOLES,48.84257,2.21802,4,2,1
202100007835,187Â 733,A01,1,1,2,9,8,-1,-1,0,0,-1,2021,59.0,1,2,6,2,3,13,1,,4,GANDALOUS (CHEMIN DE),0,,2,2,0,2,(1),(1),3,, -1,1,0,1,50,12,11,1,12,12145,2,1,1,3,GANDALOUS (CHEMIN DE),44.10936,3.06338,15,2,2
202100038938,132Â 028,A01,1,1,1,0,2,6,-1,-1, -1,-1,2021,18.0,1,1,0,2,8,19,1,,7,MICHELET (BOULEVARD),0,,2,6,0,1,2,800,1,, -1,1,0,1,50,21,5,1,13,13209,2,1,0,3,MICHELET (BOULEVARD),43.261569,5.397501,16,2,2
202100018521,168Â 526,B01,1,1,2,0,2,7,-1,-1, -1,-1,2021,33.0,1,1,0,2,4,1,1,,4,MANGO (ROUTE),0,,2,2,0,1,(1),(1),1,, -1,1,0,1,50,16,9,1,973,97302,2,1,0,2,MANGO (ROUTE),4.9318011057,-52.3175135851,18,2,2
202100009437,184Â 830,A01,2,2,1,9,3,-1,-1,-1, -1,-1,2021,1.0,2,5,0,2,1,2,1,,2,RN136,0,,3,4,0,1,15,0,1,, -1,2,0,1,90,3,11,5,35,35238,1,1,1,2,RN136,48.11411,-1.71902,19,5,2
202100036210,136Â 963,B01,1,1,2,0,1,0,-1,-1, -1,-1,2021,20.0,1,2,0,2,4,9,1,,1,A4,0,,3,5,0,1,6,500,1,, -1,1,0,1,90,6,6,1,94,94042,1,1,0,4,A4,48.827286427,2.4692556276,11,3,3
202100028834,150Â 184,A01,2,2,2,0,1,0,-1,-1, -1,-1,2021,52.0,2,2,0,2,1,17,2,,1,ECHANGEUR ST MARTIN ( A624-RD 901),0,,3,6,0,1,1,870,3,, -1,1,0,1,90,15,7,1,31,31555,1,1,0,2,ECHANGEUR ST MARTIN ( A624-RD 901),43.61166,1.38097,14,5,2
202100015639,173Â 718,B01,1,1,1,9,1,0,-1,0,0,-1,2021,45.0,1,2,0,2,6,1,1,,4,QUAI DE GRENELLE,0,,2,3,1,1,(1),(1),1,, -1,2,0,1,30,2,10,1,75,75115,2,3,1,2,QUAI DE GRENELLE,48.851929,2.285209,18,2,2
202100004249,194Â 159,B01,1,1,1,0,1,0,-1,-1, -1,-1,2021,34.0,3,2,0,2,8,15,1,,3,VERGY (RUE DE),0,,-1,2,0,1,0,0,3,, -1,2,0,1,50,3,12,5,52,52448,2,1,1,3,VERGY (RUE DE),48.6329,4.9356,18,4,2
202100024301,158Â 233,A01,1,1,2,0,1,0,-1,0,0,-1,2021,79.0,3,2,4,0,1,2,1,,3,FOUX (PLACE DE LA),0,,-1,2,0,2,1,46,2,, -1,1,0,1,50,13,8,1,6,6069,2,1,0,6,FOUX (PLACE DE LA),43.660244,6.922326,10,1,1
202100000889,200Â 157,B01,1,1,1,0,2,6,-1,-1, -1,-1,2021,30.0,1,1,0,2,1,1,1,,3,GABRIEL PERI (R),0,,2,2,0,1,1,0,1,, -1,1,0,1,50,30,12,1,94,94038,2,9,0,3,Rue Gabriel PÃ©ri,48.78759,2.34281,16,2,2
202100050826,110Â 831,A01,1,1,2,0,2,-1,-1,0,0,-1,2021,42.0,1,1,1,0,0,0,1,,3,,-1,,2,2,0,1,61,591,1,, -1,1,0,1,50,19,2,1,17,17434,2,1,0,6,Rue Audry de Puyravault,46.109085,-0.755281,10,1,1
202100034820,139Â 472,A01,1,1,1,5,2,6,-1,0,0,-1,2021,72.0,1,1,0,0,0,9,1,,3,431,0,D,2,2,0,1,7,100,1,, -1,1,0,1,70,13,6,1,68,68229,1,9,0,7,D431,47.904724,7.103316,12,1,1
202100011986,180Â 294,A01,1,1,1,1,2,6,-1,-1, -1,-1,2021,46.0,2,1,0,2,3,17,1,,3,DOCTEUR PONS (Route touristique),0,,2,2,0,1,0,1,2,, -1,1,0,1,70,15,10,2,84,84007,1,1,0,5,DOCTEUR PONS (Route touristique),43.958949,4.83354,7,4,4
202100031815,144Â 888,B01,1,1,2,5,1,4,-1,-1, -1,-1,2021,51.0,1,2,0,2,5,1,1,,1,A4,0,,1,4,0,1,26,0,1,, -1,2,0,1,130,29,6,3,77,77058,1,9,0,2,A4,48.8288424019,2.7271864718,3,3,2
202100002335,197Â 615,B01,1,1,1,1,2,6,-1,0,0,-1,2021,65.0,1,1,0,2,1,20,1,,9,,-1,,2,2,0,1,(1),(1),1,,4,1,0,1,50,20,12,1,38,38170,2,1,0,3,Les Quatre SeterÃ©es,45.251495,5.656326,14,2,2
202100000768,200Â 342,A01,1,1,1,5,2,6,-1,-1, -1,-1,2021,16.0,1,1,0,2,1,1,1,,4,PRESIDENT SADATE RUE DU,0,,2,2,0,3,(1),(1),1,, -1,1,5,1,50,30,12,3,29,29232,2,3,0,3,Rue President Sadate,47.97791,-4.0981,19,2,2
202100037998,133Â 741,A01,1,1,1,5,8,0,-1,-1, -1,-1,2021,40.0,3,2,13,0,9,0,1,,7,DE COUBERTIN PIERRE  BOULEVARD,0,,1,3,0,1,(1),(1),1,, -1,1,0,1,70,28,5,5,59,59368,2,4,0,6,DE COUBERTIN PIERRE  BOULEVARD,50.647559,3.071937,0,4,1
202100052021,108Â 723,A01,10,3,2,1,0,-1,-1,3,3,1,2021,35.0,2,2,0,1,1,1,1,,3,ROUEN (AVENUE DE),0,,2,2,0,1,3,620,1,, -1,1,0,1,30,9,2,5,27,27681,2,2,0,6,ROUEN (AVENUE DE),49.09766,1.4786,7,2,1
202100008484,186Â 571,A01,1,1,2,1,8,0,-1,-1, -1,-1,2021,50.0,1,2,0,2,3,9,1,,3,CAZAUX (ROUTE DE LA SERRE DE),0,,2,3,0,3,23,1061,2,, -1,1,0,1,80,10,11,2,31,31483,1,3,0,3,CAZAUX (ROUTE DE LA SERRE DE),43.1386,0.73412,8,2,2
202100049769,112Â 778,B01,2,2,1,9,2,0,-1,0,0,-1,2021,32.0,2,1,0,2,1,1,1,,4,RUE JOSEPH LIOUVILLE,0,,2,2,0,1,(1),(1),1,, -1,1,0,1,50,27,2,5,75,75115,2,3,0,3,RUE JOSEPH LIOUVILLE,48.84506,2.297445,21,3,2
202100054261,104Â 765,B01,1,1,1,4,2,6,-1,-1, -1,-1,2021,43.0,3,1,0,2,1,3,1,,3,7,0,,3,4,0,1,0,0,1,, -1,2,0,1,50,20,1,3,92,92026,2,1,1,5,MARECHAL JOFFRE (QUAI DU),48.8977063819,2.2671532631,19,3,3
202100003920,194Â 749,B01,1,1,1,5,2,-1,-1,0,0,-1,2021,16.0,2,1,0,2,1,0,5,,3,611,-1,,2,2,0,2,15,145,1,,"12,7",2,5,1,50,9,12,5,79,79270,2,2,1,3,Av du Mal de Lattre de Tassigny,46.413319,-0.205672,18,2,2
202100031116,146Â 122,A01,1,1,2,0,8,-1,-1,0,0,-1,2021,49.0,2,1,0,1,1,1,5,,4,RUE DE BEGLES,0,,2,2,3,1,(1),(1),1,, -1,1,0,1,50,2,7,1,33,33063,2,1,0,6,Rue de BÃ¨gles,44.824413,-0.566157,16,2,1
202100006794,189Â 638,A01,1,1,2,5,1,-1,-1,-1, -1,-1,2021,25.0,2,2,15,0,2,2,1,,1,ROCADE A 630,0,,3,6,0,1,17,569,1,, -1,1,3,1,90,6,11,3,33,33281,1,1,0,6,Rocade Ouest A630,44.830036,-0.675693,0,1,1
202100039935,130Â 203,A01,1,1,1,3,1,0,-1,-1, -1,-1,2021,90.0,1,2,15,0,1,0,1,,3,AVENUE DE FRANCE,0,,-1,2,1,1,0,262,2,, -1,1,2,4,50,12,5,1,57,57283,2,1,0,6,Avenue de France,49.2511745901,6.1663482237,17,1,1