Num_Acc,id_vehicule,num_veh,place,catu,sexe,trajet,secu1,secu2,secu3,locp,actp,etatp,year_acc,victim_age,senc,catv,obs,obsm,choc,manv,motor,occutc,catr,voie,v1,v2,circ,nbv,vosp,prof,pr,pr1,plan,lartpc,larrout,surf,infra,situ,vma,jour,mois,lum,dep,com,agg_,int,atm,col,adr,lat,long,hour,nb_victim,nb_vehicules
202100036559,136Â 367,A01,1,1,2,0,1,0,-1,-1, -1,-1,2021,33.0,1,2,0,2,1,2,1,,1,A5502G-sens Martigues vers A7-Marseille,0,,1,2,0,1,0,800,1,, -1,1,0,1,110,1,6,1,13,13071,1,1,0,2,A5502G-sens Martigues vers A7-Marseille,43.39888,5.29201,17,2,2
202100020758,164Â 529,B01,1,1,1,5,2,6,-1,0,0,-1,2021,65.0,3,1,0,2,8,1,1,,4,,-1,,2,2,0,1,(1),(1),3,,4,1,0,1,80,4,9,1,89,89209,1,3,0,3,Route du Marchais des Pres,48.160342,2.974353,12,3,2
202100005759,191Â 503,B01,1,1,1,5,1,0,-1,-1, -1,-1,2021,65.0,2,2,0,2,3,1,1,,3,,0,,2,2,0,1,1,320,3,, -1,1,0,1,50,27,11,1,30,30007,2,1,0,1,LAURIERS (MONTEE DES),44.13333,4.06968,15,2,2
202100021792,162Â 673,A01,3,2,1,9,1,0,-1,0,0,-1,2021,19.0,0,2,4,0,1,1,1,,2,RN 154,0,,1,2,0,1,30,0,1,, -1,1,0,1,110,30,8,1,27,27234,1,1,0,7,RN 154,49.03589,1.1866,14,3,1
202100042607,125Â 463,B01,2,2,2,5,1,0,-1,-1, -1,-1,2021,20.0,2,2,0,2,4,2,1,,3,VICTOR HUGO (AV),0,,1,2,1,1,(1),(1),1,, -1,1,0,1,50,25,4,1,94,94022,2,1,0,2,VICTOR HUGO (AV),48.7692929186,2.4214140425,15,3,2
202100001400,199Â 270,A01,1,1,1,5,1,9,-1,0,0,-1,2021,21.0,2,2,13,0,9,1,1,,3,61,0,,2,2,0,2,22,400,2,, -1,2,0,3,80,27,12,3,71,71482,1,1,1,6,D61 PR 22+400,46.854369,4.319059,5,1,1
202100019587,166Â 620,B01,1,1,1,5,2,6,9,0,0,-1,2021,28.0,2,1,0,2,3,1,1,,3,902,0,D,2,2,0,2,1,500,2,, -1,1,0,1,80,12,9,1,5,5079,1,1,0,1,D902,45.061654,6.40842,14,3,2
202100043847,123Â 297,B01,1,1,1,1,8,0,-1,-1, -1,-1,2021,30.0,2,2,0,2,4,1,1,,1,A7-Sens Marseille vers Lyon,0,,1,3,0,1,277,0,1,, -1,1,0,1,90,15,4,1,13,13215,1,1,0,2,A7-Sens Marseille vers Lyon,43.3725045706,5.3611818708,8,2,2
202100002720,196Â 909,A01,1,1,1,0,1,0,-1,-1, -1,-1,2021,29.0,1,5,0,2,1,2,1,,2,RN 104,0,,1,3,0,1,39,110,1,, -1,1,0,1,90,16,12,1,91,91228,1,1,0,2,RN 104,48.63192,2.40728,10,2,2
202100044139,122Â 778,A01,1,1,1,1,2,8,-1,-1, -1,-1,2021,41.0,1,1,0,0,8,9,1,,4,GATEL (RUE),0,,2,2,0,1,0,0,2,, -1,1,9,1,50,13,4,1,61,61497,1,6,0,7,GATEL (RUE),48.449667,0.097256,18,1,1
202100024860,157Â 220,B01,1,1,1,0,2,0,-1,-1, -1,-1,2021,30.0,3,1,0,2,9,1,1,,4,PIERRE SEMARD (avenue),0,,2,2,3,1,0,9,1,, -1,1,0,1,30,6,8,1,84,84007,2,1,0,1,PIERRE SEMARD (avenue),43.93574,4.82919,20,3,2
202100015392,174Â 195,B01,1,1,2,5,1,-1,-1,0,0,-1,2021,26.0,2,2,0,2,1,1,1,,3,611,0,,2,3,0,1,3,210,1,, -1,1,5,1,90,26,9,3,86,86100,1,2,0,3,D611,46.517218,0.243744,20,3,2
202100034205,140Â 607,A01,10,3,1,5,0,-1,-1,2,5,2,2021,2.0,2,2,0,1,1,1,1,,4,RUE RAYMOND LOSSERAND,0,,1,1,0,1,(1),(1),1,, -1,1,0,1,30,15,6,1,75,75114,2,1,0,6,RUE RAYMOND LOSSERAND,48.834521,2.319202,17,2,1
202100050401,111Â 604,B01,1,1,1,5,2,-1,-1,0,0,-1,2021,17.0,2,1,0,2,8,1,5,,3,43,0,,2,2,0,4,10,750,2,, -1,1,0,1,80,24,2,1,43,43224,1,9,0,1,Vaubarlet,45.220622,4.207463,17,2,2
202100026817,153Â 785,A01,1,1,2,5,1,8,-1,-1, -1,-1,2021,32.0,3,2,8,2,3,16,1,,4,LAC (AVENUE DU),0,,2,0,0,1,(1),(1),2,, -1,1,0,1,50,26,7,1,37,37208,2,6,0,5,LAC (AVENUE DU),47.3659856363,0.7176411152,19,3,3
202100053231,106Â 583,B01,1,1,1,0,8,0,-1,-1, -1,-1,2021,28.0,0,2,0,2,4,1,1,,4,CARNOT (AVENUE),0,,2,2,0,1,0,0,1,, -1,1,8,1,50,25,1,1,11,11262,2,1,0,2,CARNOT (AVENUE),43.19453,3.01032,9,2,2
202100017015,171Â 202,A01,1,1,1,1,2,6,-1,0,0,-1,2021,62.0,1,1,0,0,0,1,1,,4,PORTE D ASNIERES,0,,1,4,0,1,18,400,1,, -1,1,0,1,70,21,9,1,75,75117,2,1,0,7,BD PERIPHERIQUQE INTERIEUR,48.891371,2.300476,16,1,1
202100049690,112Â 921,A01,2,2,1,5,8,0,-1,-1, -1,-1,2021,49.0,1,2,11,0,1,1,1,,4,VIEUX CIMETIERE (ROUTE DU) BOIS S102,0,,2,2,0,2,0,0,1,, -1,1,0,1,30,1,3,1,92,92023,2,6,0,6,VIEUX CIMETIERE (ROUTE DU) BOIS S102,48.7996196875,2.2601124644,12,2,1
202100020439,165Â 103,A01,1,1,1,0,1,0,-1,-1, -1,-1,2021,29.0,3,2,3,2,0,9,1,,1,AUTOROUTE A3,0,,3,7,0,1,7,699,3,, -1,1,0,1,110,6,9,1,93,93010,1,1,0,5,AUTOROUTE A3,48.90266,2.47086,20,3,3
202100023633,159Â 378,A01,1,1,2,1,1,-1,-1,0,0,-1,2021,20.0,1,2,0,0,3,2,1,,3,116,-1,D,2,2,0,1,(1),(1),1,, -1,1,0,3,80,16,8,1,80,80213,1,1,0,7,D116,49.820196,2.38914,14,1,1
202100035932,137Â 462,B01,1,1,2,2,8,0,-1,-1, -1,-1,2021,21.0,3,1,0,2,0,0,5,,4,CANAL (RUE DU),0,,2,2,1,1,(1),(1),3,, -1,1,0,1,50,7,6,1,10,10343,2,6,1,3,CANAL (RUE DU),48.272122,4.090857,9,2,2
202100056463,100Â 976,C01,9,2,1,5,3,1,-1,0,0,-1,2021,7.0,1,2,0,0,3,1,1,,3,42,-1,,2,2,0,1,20,440,1,, -1,1,5,1,80,2,1,1,1,1408,1,2,0,5,Pont de Marcou,46.24641,5.423255,11,8,3
202100014649,175Â 528,B01,1,1,1,-1,0,-1,-1,-1, -1,-1,2021,43.0,2,1,0,2,0,0,6,,3,JEAN MERMOZ (BOULEVARD) NÂ°59AU185 ET 76A,0,,1,2,0,1,0,0,1,, -1,1,9,6,50,7,10,5,93,93059,2,3,0,2,JEAN MERMOZ (BOULEVARD) NÂ°59AU185 ET 76A,48.9711877332,2.3662027716,20,2,2
202100055047,103Â 417,B01,2,2,2,5,1,-1,-1,0,0,-1,2021,17.0,1,2,0,2,4,23,1,,4,D112 - Rond Point  Pen Ar ChâLeuz,0,,3,4,0,1,73,680,1,, -1,1,5,1,50,13,1,1,29,29019,2,6,0,2,Rond Point  Pen Ar ChâLeuz,48.4150715,-4.4794831,13,3,2
202100010031,183Â 767,A01,1,1,1,0,1,0,-1,-1, -1,-1,2021,23.0,1,2,8,2,2,1,1,,4,PIERRE PUGET (COURS),0,,1,2,0,2,0,0,1,, -1,1,5,1,50,31,10,5,13,13206,2,2,0,3,PIERRE PUGET (COURS),43.29033,5.37582,4,2,2
202100038598,132Â 646,B01,2,2,1,0,2,0,-1,-1, -1,-1,2021,23.0,3,1,0,2,1,1,1,,4,VILLELE (RUE JEAN DE),0,,2,2,0,1,0,0,1,, -1,1,0,1,30,22,5,5,974,97411,2,1,0,1,VILLELE (RUE JEAN DE),-20.8917,55.4878,20,3,2
202100046321,118Â 979,A01,1,1,1,5,1,-1,-1,-1, -1,-1,2021,27.0,2,2,4,2,3,1,1,,1,A89 539.050 A 541.188,0,,3,4,0,1,540,500,1,, -1,1,0,1,110,28,3,2,69,69250,1,1,0,2,A89,45.82019,4.721046,7,2,2
202100016432,172Â 263,A01,1,1,1,1,2,6,-1,-1, -1,-1,2021,25.0,2,1,0,2,1,3,1,,2,RN104,0,,1,2,0,1,6,600,1,, -1,1,0,1,90,28,9,1,77,77373,1,1,0,3,RN104,48.77326,2.61318,18,2,2
202100045217,120Â 904,B01,1,1,2,5,1,0,-1,-1, -1,-1,2021,43.0,2,2,0,2,1,1,1,,3,AV CHARLES DE GAULLE,0,,2,3,0,1,0,0,1,, -1,1,0,1,50,2,4,1,91,91432,2,2,0,3,AV CHARLES DE GAULLE,48.705246,2.33974,19,3,2
202100044264,122Â 545,A01,2,2,1,0,8,0,-1,-1, -1,-1,2021,0.0,3,2,8,0,3,5,1,,4,GUERIN CAMILLE RUE,0,,1,1,1,1,(1),(1),4,, -1,1,9,1,50,12,4,5,59,59350,2,3,0,6,GUERIN CAMILLE RUE,50.6274,3.07449,21,2,1
202100035548,138Â 167,A01,2,2,1,9,2,6,-1,0,0,-1,2021,25.0,3,1,0,2,4,23,1,,4,PONT DES INVALIDES,0,,2,4,1,1,(1),(1),1,, -1,1,2,1,50,8,6,5,75,75108,2,2,0,2,PONT DES INVALIDES,48.86426,2.310362,22,3,2
202100022201,161Â 963,B01,1,1,1,3,1,0,-1,-1, -1,-1,2021,41.0,1,2,0,2,1,2,1,,1,A7-Sens Lyon vers Marseille,0,,1,3,0,4,272,830,1,, -1,1,0,1,90,28,8,1,13,13215,1,1,0,2,A7-Sens Lyon vers Marseille,43.34741,5.37181,13,2,2
202100037026,135Â 518,B01,1,1,1,0,2,0,-1,-1, -1,-1,2021,60.0,2,1,0,2,1,1,1,,4,ALSACE (RUE D'),0,,2,2,0,1,(1),(1),3,, -1,1,0,1,50,1,6,1,13,13075,2,1,0,1,ALSACE (RUE D'),43.343708,5.457615,16,2,2
202100025257,156Â 510,A01,1,1,1,5,8,0,-1,-1, -1,-1,2021,29.0,1,2,0,2,1,5,1,,4,CARNOT (AVE LAZARE),0,,2,3,0,2,0,0,1,, -1,1,0,1,50,6,8,1,83,83137,2,1,0,5,CARNOT (AVE LAZARE),43.1269981726,5.9252303839,8,5,4
202100001993,198Â 234,B01,1,1,1,5,2,6,-1,-1, -1,-1,2021,24.0,3,1,0,2,3,1,1,,4,GARE D'EAU (DE LA)                  (QU),0,,2,4,1,1,(1),(1),1,, -1,1,0,1,50,20,12,5,69,69389,2,2,0,3,GARE D'EAU (DE LA) (Q),45.7805637012,4.808986187,23,2,2
202100050267,111Â 868,A01,10,3,2,5,0,-1,-1,1,3,1,2021,75.0,1,5,0,1,1,1,1,,3,40,0,D,2,2,0,1,24,560,1,, -1,1,0,1,50,13,2,1,30,30352,2,1,0,6,337 Route d'AlÃ¨s,43.792669,4.087068,15,2,1
202100007214,188Â 860,A01,10,3,1,4,0,-1,-1,2,9,1,2021,59.0,3,2,0,2,1,26,0,,4,HESPEL (RUE RENE D')2A4-1A35,0,,2,2,0,1,(1),(1),1,, -1,1,0,1,30,18,11,1,59,59090,2,1,1,6,HESPEL (RUE RENE D')2A4-1A35,50.7150705961,3.0851315004,10,2,1
202100010730,182Â 551,A01,10,3,2,0,0,-1,-1,5,9,1,2021,61.0,2,1,8,1,2,1,1,,4,FRANÃOISE DUPARC (BOULEVARD),0,,2,5,3,1,(1),(1),1,, -1,1,0,4,50,27,10,1,13,13204,2,1,0,6,FRANÃOISE DUPARC (BOULEVARD),43.3052647711,5.4008747946,12,2,1
202100005495,191Â 969,B01,1,1,1,9,2,6,-1,-1, -1,-1,2021,33.0,2,1,0,2,1,1,1,,4,,0,,2,2,0,1,(1),(1),1,, -1,1,0,1,50,26,11,1,66,66136,2,1,0,3,ABBE PIERRE,42.69054,2.87437,15,2,2
202100013725,177Â 172,B01,1,1,1,2,1,0,-1,-1, -1,-1,2021,34.0,2,2,0,2,4,23,1,,4,,0,,1,1,3,1,0,0,1,, -1,1,0,1,50,11,10,1,92,92012,2,1,0,4,ABONDANCES (RUE DES),48.8428914213,2.2294535541,8,4,3
202100045242,120Â 855,B01,1,1,1,4,2,6,-1,0,0,-1,2021,25.0,2,1,0,2,8,1,1,,4,RUE DE VAUGIRARD,0,,1,2,0,1,(1),(1),1,, -1,1,0,1,30,3,4,5,75,75115,2,2,0,5,RUE DE VAUGIRARD,48.838316,2.298447,21,3,3
202100034179,140Â 656,A01,7,2,2,5,0,-1,-1,0,0,-1,2021,18.0,1,2,0,0,2,14,1,,4,,0,,2,2,0,3,(1),(1),2,,4,1,0,1,80,16,6,1,71,71342,1,1,1,7,Route de l Aerodrome,46.45806,4.128703,12,5,1
202100012119,180Â 049,A01,10,3,1,4,9,-1,-1,6,A,2,2021,52.0,1,5,1,1,6,20,1,,4,,-1,,2,2,0,2,(1),(1),1,,4,1,0,1,50,20,10,1,68,68292,2,1,0,6,12 Rue Rene Biery,47.870907,7.036803,17,2,1
202100038401,132Â 997,A01,10,3,2,9,0,-1,-1,4,3,1,2021,32.0,1,1,0,1,1,1,5,,4,BOULEVARD DE CLICHY,0,,1,3,1,1,(1),(1),1,, -1,1,0,1,50,25,5,2,75,75109,2,7,0,6,BOULEVARD DE CLICHY,48.882203,2.337702,20,2,1
202100009820,184Â 141,B01,1,1,1,1,2,6,-1,-1, -1,-1,2021,27.0,1,1,0,2,0,0,0,,3,106,0,,2,2,0,1,0,0,1,, -1,1,0,1,50,28,10,1,92,92035,2,3,0,3,GÃ©nÃ©ral de Gaulle  ( avenue du ),48.9063685636,2.2557009012,9,2,2
202100050843,110Â 805,A01,1,1,1,5,2,6,-1,-1, -1,-1,2021,31.0,1,1,4,0,1,1,1,,2,RN488,0,,3,4,0,3,0,400,3,, -1,1,0,1,70,16,2,1,42,42218,1,1,0,6,N488,45.4377,4.43866,17,1,1
202100018384,168Â 763,A01,1,1,2,0,1,8,-1,-1, -1,-1,2021,28.0,1,2,0,2,8,1,1,,4,VERRIERS (ALLEE DES),0,,2,2,0,1,0,0,1,, -1,2,0,1,50,16,9,1,13,13005,2,2,0,3,VERRIERS (ALLEE DES),43.29544,5.56971,8,2,2
202100007632,188Â 103,B01,1,1,2,5,1,0,-1,0,0,-1,2021,36.0,3,2,0,2,2,1,1,,4,ALPES RUE DES,0,,1,1,1,1,(1),(1),1,, -1,1,0,1,50,17,11,5,26,26362,2,2,0,3,Rue des Alpes,44.9291279,4.896447,0,3,2
202100002485,197Â 330,A01,1,1,1,5,2,6,-1,0,0,-1,2021,57.0,1,1,4,0,2,1,1,,2,1,-1,A,2,2,0,1,23,850,2,, -1,1,0,1,70,19,12,1,974,97415,1,1,1,6,N1a,-21.016974,55.254793,12,2,1
202100046973,117Â 817,B01,1,1,1,5,2,-1,-1,0,0,-1,2021,64.0,0,1,0,2,1,23,5,,4,,-1,,-1,2,0,1,(1),(1),1,, -1,1,6,6,30,23,3,1,83,83019,2,9,0,3,Route des LavandiÃ¨res,43.13950197,6.35760064,9,2,2
202100002536,197Â 247,B01,1,1,1,4,0,-1,-1,0,0,-1,2021,22.0,3,2,0,0,1,0,1,,3,D27,-1,,2,2,0,2,1,800,1,, -1,1,0,1,50,18,12,5,69,69200,2,1,0,1,991 PONCHARRA (DE) (RTE),45.864479,4.483164,20,2,2
202100017147,170Â 988,A01,10,3,1,0,0,-1,-1,1,3,1,2021,44.0,2,1,0,1,3,1,1,,3,JEAN JAURES (BD) DE (1 A 45)   (2 A 54),0,,1,3,2,1,0,0,1,, -1,1,0,1,50,23,9,1,92,92024,2,1,0,6,JEAN JAURES (BD) DE (1 A 45)   (2 A 54),48.89715,2.3089,14,2,1
202100037264,135Â 066,A01,1,1,1,4,1,0,-1,-1, -1,-1,2021,63.0,1,5,0,2,3,15,1,,4,VAUCANSON   RUE DE,0,,2,2,0,1,(1),(1),1,, -1,1,0,1,30,31,5,1,17,17274,2,1,0,3,VAUCANSON   RUE DE,46.16592,-1.096208,8,2,2
202100056496,100Â 917,A01,1,1,1,5,1,4,-1,-1,0,-1,2021,37.0,2,2,4,0,1,1,1,,2,104,0,,3,5,0,1,4,99,2,, -1,7,0,1,90,1,1,3,95,95042,1,1,0,6,RN 104,49.0565,2.28952,0,1,1
202100042551,125Â 570,B01,1,1,1,5,0,-1,-1,0,0,-1,2021,74.0,2,1,0,2,7,1,5,,3,973,-1,,1,1,0,1,35,630,2,, -1,1,5,1,70,23,4,1,84,84065,1,6,0,3,D973,43.745615,5.307266,18,2,2
202100014559,175Â 681,A01,1,1,1,0,1,0,-1,-1, -1,-1,2021,47.0,0,2,4,0,1,13,1,,4,ALL DE LA BOURBONNAIS,0,,1,1,0,1,0,0,1,, -1,1,2,1,50,8,10,5,91,91657,2,1,0,7,ALL DE LA BOURBONNAIS,48.718158,2.436805,0,1,1
202100021749,162Â 755,A01,2,1,1,0,8,0,-1,0,0,-1,2021,30.0,2,1,0,1,0,1,1,,4,BAZIN,0,,2,2,0,1,(1),(1),1,, -1,1,0,1,50,28,8,5,971,97101,2,9,0,6,BAZIN,16.27109,-61.49643,23,2,1
202100009571,184Â 600,B01,1,1,1,0,8,-1,-1,-1, -1,-1,2021,38.0,2,0,0,2,7,1,0,,4,HENRI BARBUSSE                      (R ),0,,2,2,2,1,(1),(1),1,, -1,1,0,1,50,3,11,1,69,69388,2,3,0,3,HENRI BARBUSSE (R),45.73041,4.85676,18,2,2
202100000555,200Â 711,B01,1,1,2,5,2,6,-1,-1, -1,-1,2021,19.0,1,1,0,2,3,1,5,,4,QUATORZE JUILLET (RUE DU),0,,1,3,1,1,0,0,1,, -1,1,0,1,50,8,11,1,10,10387,2,2,0,3,QUATORZE JUILLET (RUE DU),48.2943,4.0783,13,4,2
202100036868,135Â 798,A01,1,1,2,9,8,0,-1,0,0,-1,2021,38.0,3,1,0,1,1,26,5,,3,83,0,,2,0,1,2,0,0,1,, -1,1,9,5,25,2,6,1,92,92046,2,1,0,6,Charles de gaulle,48.8216368732,2.297641933,10,2,1
202100020729,164Â 574,A01,10,3,2,5,0,-1,-1,2,3,1,2021,9.0,1,2,0,1,1,1,1,,4,LENINE (AVENUE) NR 2 A 26,0,,2,2,0,1,0,1,1,, -1,1,0,1,50,5,9,1,93,93066,2,1,0,6,2 Ã  26 Avenue LÃ©nine,48.937907,2.368386,17,2,1
202100024526,157Â 819,A01,10,3,1,1,0,-1,-1,3,3,1,2021,19.0,2,2,0,1,1,1,1,,4,PIERRE DE MONTESQUIOU (AVENUE),0,,2,2,0,1,0,0,1,, -1,1,0,1,50,12,8,1,32,32013,2,1,0,7,PIERRE DE MONTESQUIOU (AVENUE),43.63013,0.58718,18,2,1
202100003549,195Â 401,B01,1,1,1,0,8,-1,-1,-1, -1,-1,2021,31.0,2,1,0,2,1,26,5,,4,BROTTEAUX (DES)                     (BD),0,,2,2,2,1,(1),(1),1,, -1,2,0,1,50,10,12,4,69,69386,2,1,1,1,BROTTEAUX (DES)                     (BD),45.76812,4.85696,17,2,2
202100053789,105Â 603,A01,1,1,1,5,2,-1,-1,0,0,-1,2021,22.0,1,1,0,0,0,1,1,,3,264,-1,,2,2,0,1,3,608,1,, -1,1,0,1,80,24,1,1,44,44178,1,1,0,7,D264,47.1269272588,-1.7014580971,16,1,1
202100017914,169Â 602,A01,1,1,1,0,1,-1,-1,0,0,-1,2021,49.0,1,2,2,0,3,13,1,,3,21,0,D,2,2,0,2,17,800,1,, -1,1,0,3,80,21,9,1,51,51486,1,1,0,7,D21,49.1714258858,4.4059252739,13,1,1
202100033748,141Â 446,A01,1,1,2,5,2,-1,-1,0,0,-1,2021,26.0,1,1,8,0,0,0,1,,3,518,-1,,2,2,0,1,24,740,1,, -1,1,0,3,-1,19,6,1,26,26290,1,1,0,6,Les Berts,44.911511,5.426899,17,1,1
202100025273,156Â 480,C01,1,1,2,1,1,0,-1,-1, -1,-1,2021,26.0,1,2,0,2,1,1,1,,4,ADOUR (AVENUE DE L'),0,,2,2,1,1,0,0,1,, -1,2,0,1,50,7,8,5,64,64024,2,1,1,5,ADOUR (AVENUE DE L'),43.52053,-1.50246,1,5,3
202100031829,144Â 861,B01,1,1,1,0,8,0,-1,-1, -1,-1,2021,54.0,1,1,0,2,1,25,0,,3,448,0,,2,2,0,1,0,100,1,, -1,1,0,4,50,28,6,1,91,91421,2,9,0,3,CORBEIL (ROUTE DE),48.7056,2.4397,12,2,2
202100002155,197Â 935,A01,1,1,1,5,8,0,-1,0,0,-1,2021,25.0,1,1,12,0,2,14,3,,4,QUAI DE CONTI,0,,1,3,1,1,(1),(1),1,, -1,1,-1,5,30,19,12,5,75,75106,2,3,0,6,QUAI DE CONTI,48.856431,2.339912,2,1,1
202100050863,110Â 762,A01,10,3,1,5,0,-1,-1,1,3,1,2021,7.0,3,2,0,1,1,1,3,,4,LEON JOUHAUX  RUE,0,,1,1,0,2,(1),(1),1,, -1,1,0,1,30,14,2,1,95,95598,2,1,0,6,LEON JOUHAUX  RUE,48.986914,2.307514,10,2,1
202100040339,129Â 500,B01,1,1,1,5,8,0,-1,-1, -1,-1,2021,25.0,1,1,0,2,0,26,6,,4,COMMERCE,0,,-1,2,0,1,1,0,1,, -1,1,0,1,50,9,5,1,49,49007,2,1,0,3,COMMERCE,47.47509,-0.54981,11,2,2
202100042581,125Â 512,B01,2,2,1,5,0,0,-1,0,0,-1,2021,17.0,1,1,0,2,1,1,1,,3,THOMAS (AV ALBERT),0,,2,0,0,1,3,258,1,, -1,1,0,1,50,24,4,1,81,81004,2,2,0,3,THOMAS (AV ALBERT),43.9443059254,2.150589229,14,3,2
202100048483,115Â 102,B01,1,1,2,0,2,-1,-1,0,0,-1,2021,21.0,2,1,0,2,1,1,1,,2,1,0,R,2,2,0,1,12,700,1,, -1,1,0,1,50,5,1,1,987,98738,2,3,0,3,PK 12.700,-17.612447,-149.614134,18,2,2
202100003070,196Â 274,A01,1,1,1,0,8,0,-1,-1, -1,-1,2021,26.0,2,2,4,0,9,1,1,,2,RN1 ROCADE DE CHAUVEL,0,,1,1,3,2,(1),(1),4,, -1,1,0,1,50,12,12,5,971,97101,1,1,0,6,RN1 ROCADE DE CHAUVEL,16.2388,-61.52236,19,1,1
202100009722,184Â 324,A01,10,3,1,0,0,-1,-1,1,3,1,2021,65.0,1,2,0,1,1,1,1,,4,RAMIN (RUE GABRIEL),0,,2,2,0,1,0,0,1,, -1,2,0,1,50,30,10,1,3,3023,2,1,1,6,RAMIN (RUE GABRIEL),46.11637,3.40559,13,2,1
202100004435,193Â 836,B01,1,1,1,1,1,-1,-1,0,0,-1,2021,35.0,1,2,0,0,4,1,3,,3,304,-1,D,2,2,0,1,12,500,1,, -1,2,0,1,80,6,12,5,62,62397,1,1,1,2,d304,50.867361,1.85702,18,2,2
202100034730,139Â 633,A01,1,1,1,5,1,0,-1,-1, -1,-1,2021,25.0,2,2,4,0,3,13,1,,1,A86 EXT,0,,3,6,0,1,41,599,1,, -1,1,0,1,90,13,6,1,94,94028,1,1,1,6,A86 EXT,48.7760435069,2.4284361398,6,2,1
202100050726,111Â 014,A01,1,1,1,5,1,0,-1,-1, -1,-1,2021,23.0,1,2,6,0,0,13,1,,3,D28 LIGNE DES BAMBOUS,0,,2,2,0,2,(1),(1),2,, -1,2,0,8,50,20,2,5,974,97416,2,9,0,7,D28 LIGNE DES BAMBOUS,-21.29455,55.48872,1,1,1
202100032089,144Â 390,A01,1,1,2,5,2,8,-1,-1, -1,-1,2021,44.0,3,1,5,0,1,13,1,,4,ROUTE DES GOLFS,0,,2,2,0,1,0,0,3,, -1,1,0,1,50,25,6,1,83,83118,2,1,0,6,ROUTE DES GOLFS,43.44944,6.83929,18,1,1
202100016543,172Â 058,A01,1,1,1,3,2,8,-1,-1, -1,-1,2021,42.0,1,1,0,2,1,1,1,,4,PAIX (R DE LA),0,,1,0,0,1,0,0,1,, -1,1,0,1,50,26,9,1,94,94080,2,1,0,2,PAIX (R DE LA),48.84996,2.43201,12,2,2
202100047151,117Â 486,B01,1,1,1,5,2,-1,-1,0,0,-1,2021,56.0,1,1,0,2,3,1,5,,3,24,0,,2,2,0,1,(1),(1),3,, -1,1,0,1,50,20,3,1,91,91363,2,1,0,3,Route de Beauvert,48.645606,2.209625,16,2,2
202100010598,182Â 785,A01,1,1,1,5,2,-1,-1,0,0,-1,2021,40.0,2,1,0,2,1,1,1,,3,1113,-1,,2,2,0,2,8,800,1,, -1,1,0,1,50,29,10,1,33,33352,2,3,0,1,D1113,44.580424,-0.02717,8,2,2
202100000954,200Â 045,A01,1,1,1,4,1,0,-1,-1, -1,-1,2021,51.0,2,4,0,2,1,2,1,,1,AUTOROUTE A3,0,,3,8,0,2,0,100,1,, -1,1,3,1,70,30,12,3,93,93006,1,1,0,4,AUTOROUTE A3,48.86584,2.41751,7,3,3
202100039572,130Â 852,B01,1,1,1,0,2,8,-1,-1, -1,-1,2021,24.0,2,1,0,2,4,1,1,,4,MARNE ( AV DE LA ),0,,2,2,0,1,(1),(1),1,, -1,1,0,1,30,14,5,1,56,56121,2,3,0,2,MARNE ( AV DE LA ),47.74394,-3.36814,13,2,2
202100033029,142Â 702,A01,10,3,1,5,0,-1,-1,2,3,2,2021,25.0,3,2,0,1,1,1,1,,4,SAINT LIESNE (RUE),0,,2,2,0,2,(1),(1),1,, -1,1,0,1,50,21,6,1,77,77288,2,1,0,6,route de montereau,48.540796,2.673838,12,2,1
202100003305,195Â 861,B01,2,2,1,4,1,-1,-1,0,0,-1,2021,29.0,2,2,0,0,4,23,3,,2,,-1,,2,-1,-1,-1,(1),(1),-1,, -1,-1,-1,-1,-1,13,12,1,202,202148,1,3,0,2,D 10,42.5310221,9.4433071,10,3,2
202100009282,185Â 108,B01,1,1,1,9,2,0,-1,0,0,-1,2021,31.0,1,1,0,2,4,1,5,,4,PLACE DE LA REPUBLIQUE,0,,2,4,1,1,(1),(1),3,, -1,2,-1,5,30,4,11,1,75,75103,2,7,0,3,PLACE DE LA REPUBLIQUE,48.866466,2.364778,9,2,2
202100027424,152Â 696,B01,1,1,2,5,1,-1,-1,0,0,-1,2021,64.0,1,2,0,2,1,23,1,,2,7,-1,,4,3,0,3,59,700,2,, -1,1,5,1,70,24,7,1,42,42128,1,9,0,1,N7,45.918087,4.331703,18,4,2
202100036766,135Â 987,A01,10,3,1,0,0,-1,-1,1,3,1,2021,13.0,1,2,0,1,3,26,1,,3,MARCEAU BAILLIOTI(RUE),0,,2,2,0,2,0,100,1,, -1,1,0,1,50,2,6,1,91,91691,2,1,0,6,MARCEAU BAILLIOTI(RUE),48.70972,2.49139,19,2,1
202100038067,133Â 614,A01,1,1,1,0,2,8,-1,-1, -1,-1,2021,29.0,1,1,1,0,7,14,3,,4,SEVRES (RUE DE) 1/55 - 2/40,0,,2,2,0,1,0,0,1,, -1,1,0,1,50,27,5,5,92,92012,2,1,0,6,SEVRES (RUE DE) 1/55 - 2/40,48.83346,2.22881,1,1,1
202100004359,193Â 966,A01,1,1,1,5,8,-1,-1,0,0,-1,2021,59.0,0,2,13,0,3,13,1,,3,401,-1,,-1,2,0,1,(1),(1),1,, -1,2,0,8,80,5,12,3,40,40123,1,1,1,7,RD 401,43.795288,-1.12457,18,1,1
202100028542,150Â 702,A01,1,1,1,5,1,-1,-1,0,0,-1,2021,20.0,3,2,13,0,2,1,1,,4,2,0,,2,2,0,1,(1),(1),1,, -1,1,0,3,80,18,7,2,1,1113,1,1,0,6,La BuissonniÃ¨re,46.157782,5.092104,6,1,1