Num_Acc,id_vehicule,num_veh,place,catu,sexe,trajet,secu1,secu2,secu3,locp,actp,etatp,year_acc,victim_age,senc,catv,obs,obsm,choc,manv,motor,occutc,catr,voie,v1,v2,circ,nbv,vosp,prof,pr,pr1,plan,lartpc,larrout,surf,infra,situ,vma,jour,mois,lum,dep,com,agg_,int,atm,col,adr,lat,long,hour,nb_victim,nb_vehicules
202100026936,153Â 565,A01,2,2,2,0,1,0,-1,-1, -1,-1,2021,39.0,2,2,4,0,1,1,1,,1,15,0,,3,4,0,2,4,500,3,, -1,2,0,1,50,27,7,1,92,92036,1,1,1,6,AUTOROUTE A15,48.9406783537,2.2926308104,18,2,1
202100044298,122Â 481,B01,1,1,1,1,2,6,-1,0,0,-1,2021,67.0,2,1,0,2,5,2,1,,4,RUE LOUIS ARMAND,0,,2,2,0,1,(1),(1),1,, -1,1,0,1,50,12,4,1,75,75115,2,2,0,2,RUE LOUIS ARMAND,48.832072,2.280652,12,2,2
202100031062,146Â 218,A01,10,3,1,5,0,-1,-1,3,3,1,2021,39.0,1,2,0,1,3,9,1,,4,INDES (PONT DES),0,,2,2,0,1,(1),(1),1,, -1,2,2,1,30,28,6,1,56,56121,2,4,1,6,INDES (PONT DES),47.75736,-3.35496,15,2,1
202100000216,201Â 352,A01,3,2,2,5,1,0,-1,-1, -1,-1,2021,63.0,1,2,0,2,1,15,1,,3,SAINT-OMER (ROUTE DE...............),0,,2,2,0,1,10,50,1,, -1,2,0,1,80,15,12,3,62,62225,2,2,0,5,SAINT-OMER (ROUTE DE...............),50.76484,2.3808,17,9,3
202100015920,173Â 211,A01,1,1,2,0,1,0,-1,-1, -1,-1,2021,28.0,0,2,0,2,7,18,1,,4,74Â° RIT (PL. DU),0,,1,2,0,1,1,0,1,, -1,1,0,1,30,30,9,1,22,22278,2,7,0,3,74Â° RIT (PL. DU),48.510414,-2.767337,9,2,2
202100026387,154Â 527,A01,2,2,2,5,1,-1,-1,0,0,-1,2021,9.0,1,2,2,0,2,0,1,,3,D22,0,A,2,2,0,1,30,900,1,, -1,1,0,8,80,31,7,3,29,29234,1,1,0,6,D22 - Lieu Rosgrand,47.87757,-3.512642,0,2,1
202100007665,188Â 050,A01,2,2,1,9,3,0,-1,0,0,-1,2021,4.0,2,1,0,2,1,5,5,,4,RUE OBERKAMPF,0,,1,1,0,1,(1),(1),1,, -1,1,0,1,30,17,11,1,75,75111,2,1,0,1,RUE OBERKAMPF,48.863093,2.368495,14,3,2
202100055163,103Â 213,A01,1,1,2,0,1,-1,-1,0,0,-1,2021,53.0,0,2,0,2,1,1,1,,4,ALBERT 1ER (MAIL),0,,2,4,0,1,(1),(1),1,, -1,2,0,1,50,12,1,1,80,80021,2,1,1,4,ALBERT 1ER (MAIL),49.88873,2.29903,9,3,3
202100009177,185Â 311,A01,2,2,1,5,1,-1,-1,0,0,-1,2021,38.0,2,2,17,0,1,11,1,,7,24,0,D,2,2,0,1,22,25,1,, -1,1,0,3,80,5,11,3,31,31417,1,1,0,6,211 Route de LÃ©vignac,43.62803,1.240634,5,2,1
202100006596,190Â 006,B01,1,1,2,0,1,-1,-1,-1,0,-1,2021,41.0,0,2,0,2,1,1,1,,4,DURY (ROUTE DE),0,,2,2,0,3,(1),(1),1,, -1,1,0,1,80,17,11,3,80,80702,1,1,0,1,DURY (ROUTE DE),49.8453,2.29078,7,2,2
202100040055,129Â 999,A01,1,1,1,5,2,0,-1,0,0,-1,2021,32.0,2,1,0,2,2,14,1,,4,FRANCE ANATOLE (DE 247 A 331 ET 242 A 29,0,,3,2,0,3,0,0,1,, -1,1,0,1,50,13,5,1,29,29019,2,3,0,1,Rue Anatole France,48.38377,-4.50536,17,3,2
202100021063,164Â 009,C01,1,1,1,5,1,7,-1,0,0,-1,2021,43.0,3,2,1,0,0,0,1,,4,BUFFARDIERE (BOULEVARD DE LA),0,,2,2,0,1,(1),(1),1,, -1,1,0,1,50,3,9,5,27,27229,2,1,0,6,BUFFARDIERE (BOULEVARD DE LA),49.020934139,1.1413782272,23,2,2
202100019250,167Â 221,B01,1,1,1,5,2,-1,-1,0,0,-1,2021,28.0,1,1,0,2,1,1,1,,3,6009,-1,,2,2,0,1,3,(1),1,, -1,1,5,1,50,23,8,5,11,11106,2,3,0,1,Avenue FrÃ©dÃ©ric Mistral,43.233265,3.056193,1,2,2
202100044002,123Â 023,A01,10,3,2,9,0,-1,-1,3,3,1,2021,72.0,3,2,0,1,1,15,0,,4,BERTHELOT                           (AV),0,,1,3,1,1,(1),(1),1,, -1,1,0,1,50,14,4,1,69,69388,2,2,0,6,PAUL CAZENEUVE (R),45.7376008784,4.8655432463,13,2,1
202100002546,197Â 230,B01,1,1,1,4,1,-1,-1,0,0,-1,2021,46.0,2,2,0,2,1,1,1,,3,973,-1,,2,2,0,1,5,500,1,, -1,1,0,1,80,15,12,3,60,60674,1,1,0,3,D973,49.379708,2.910054,17,2,2
202100012293,179Â 760,B01,1,1,1,1,2,-1,-1,0,0,-1,2021,35.0,2,1,0,2,8,1,1,,2,41,-1,,3,4,0,1,13,100,1,, -1,2,0,1,110,19,10,1,59,59553,1,1,0,3,N41,50.5972452885,2.9357908186,9,2,2
202100013952,176Â 762,A01,1,1,2,5,1,-1,-1,0,0,-1,2021,24.0,1,2,4,0,1,14,1,,1,4,-1,,3,4,0,1,470,900,1,, -1,1,0,2,90,10,10,3,67,67506,1,1,0,6,Autoroute A4,48.684841,7.730255,22,1,1
202100054917,103Â 647,B01,1,1,1,4,1,0,-1,0,0,-1,2021,29.0,2,5,0,2,4,1,1,,4,PORTE DE CHATILLON,0,,1,3,0,1,6,200,1,, -1,2,0,1,70,13,1,1,75,75114,2,1,1,2,PORTE DE CHATILLON,48.822561,2.314169,13,3,2
202100041503,127Â 424,A01,1,1,1,0,1,0,-1,-1, -1,-1,2021,52.0,1,2,0,9,1,6,1,,2,RN4 - SECTION RIVIERA,0,,1,2,0,1,0,0,1,, -1,1,0,4,70,2,5,1,971,97113,1,1,0,6,RN4 - SECTION RIVIERA,16.21747,-61.49402,12,1,1
202100018508,168Â 550,B01,1,1,1,0,1,0,-1,-1, -1,-1,2021,66.0,2,2,0,2,1,2,1,,1,A7-Sens Marseille vers Lyon,0,,1,3,0,1,265,700,1,, -1,1,0,1,110,17,9,1,13,13071,1,1,0,5,A7-Sens Marseille vers Lyon,43.40751,5.28908,15,4,3
202100038274,133Â 231,A01,10,3,1,5,0,-1,-1,6,1,1,2021,43.0,1,2,0,1,2,1,1,,3,17,0,D,2,2,0,1,103,244,1,, -1,1,0,1,-1,27,5,1,23,23024,1,1,0,6,D17 - Route d'Aubusson,45.955677,2.139003,9,2,1
202100032593,143Â 515,A01,7,2,2,3,1,-1,-1,0,0,-1,2021,18.0,1,2,0,0,0,14,1,,1,a36,-1,,3,4,0,1,51,900,1,, -1,2,0,3,130,24,6,1,39,39387,1,1,0,7,,46.98307,5.505653,16,3,1
202100029424,149Â 182,A01,2,2,1,0,1,0,-1,-1, -1,-1,2021,83.0,1,2,0,9,3,1,1,,3,SOULT (AVENUE MARECHAL),0,,2,2,3,2,0,0,1,, -1,1,0,1,50,11,7,1,64,64102,2,1,0,7,SOULT (AVENUE MARECHAL),43.48738,-1.48477,13,2,1
202100021385,163Â 420,B01,1,1,1,9,1,-1,-1,0,0,-1,2021,59.0,1,2,0,2,2,1,1,,3,6,0,D,2,2,0,1,(1),(1),3,, -1,1,0,1,-1,22,8,1,40,40125,1,2,0,3,Route de Dax,43.647821,-1.098877,9,2,2
202100045521,120Â 375,A01,1,1,2,0,1,-1,-1,-1, -1,-1,2021,62.0,1,2,0,2,4,1,1,,1,AUTOROUTE A 63,0,,3,1,0,1,7,574,1,, -1,1,0,1,50,2,4,1,33,33122,1,1,0,3,AUTOROUTE A 63,44.74642,-0.70295,8,2,2
202100029328,149Â 339,A01,2,2,1,9,8,0,-1,0,0,-1,2021,15.0,2,1,0,2,7,1,5,,4,AVENUE DES CHAMPS ELYSEES,0,,2,7,0,1,(1),(1),1,, -1,2,0,1,50,12,7,1,75,75108,2,3,1,3,AVENUE DES CHAMPS ELYSEES,48.872067,2.300484,19,3,2
202100015328,174Â 307,A01,1,1,1,0,8,0,-1,-1, -1,-1,2021,28.0,2,2,1,0,8,1,1,,3,FORT MARDYCK - ROUTE,0,,2,1,0,4,1,0,3,, -1,1,0,1,50,3,10,1,59,59183,2,1,0,6,FORT MARDYCK - ROUTE,51.0264214084,2.3121686287,15,3,1
202100051693,109Â 292,A01,4,2,1,5,3,0,-1,0,0,-1,2021,6.0,1,2,0,2,7,10,1,,3,CD NÂ°  402,0,,2,2,0,1,1,0,1,, -1,1,0,1,50,12,2,1,14,14167,2,1,0,3,Avenue des Canadiens,49.20552,-0.308506,17,4,2
202100028918,150Â 039,A01,1,1,2,1,2,-1,-1,0,0,-1,2021,29.0,0,1,14,0,1,1,1,,9,,-1,,1,2,0,1,(1),(1),1,,4,1,9,1,30,13,7,1,6,6032,2,1,0,6,avenue du port,43.725805,7.41589,17,1,1
202100020792,164Â 481,B01,1,1,1,5,2,-1,-1,0,0,-1,2021,55.0,1,1,0,2,1,1,5,,7,60,-1,A,2,2,0,1,0,0,1,, -1,1,5,1,50,4,9,1,13,13015,2,3,0,3,AVENUE THIERS,43.447584,5.432906,11,3,3
202100043974,123Â 078,A01,1,1,1,5,8,-1,-1,0,0,-1,2021,35.0,1,2,0,2,1,13,1,,3,D228,0,,2,2,0,1,2,333,1,, -1,1,0,1,80,16,4,1,44,44180,1,1,0,1,d228,47.492791,-1.15129,16,2,2
202100028081,151Â 513,A01,1,1,1,0,1,0,-1,-1, -1,-1,2021,48.0,1,2,0,2,4,2,1,,1,86,0,,3,6,0,1,11,399,1,, -1,1,0,1,90,20,7,1,92,92078,1,1,0,4,AUTOROUTE A86,48.9294615368,2.327973188,14,3,3
202100054324,104Â 657,A01,1,1,1,4,2,6,-1,-1, -1,-1,2021,52.0,0,1,0,0,8,15,2,,4,IRIS (ALLEE DES),0,,2,2,0,1,(1),(1),1,, -1,1,0,1,50,20,1,1,59,59421,2,3,0,3,IRIS (ALLEE DES),50.707947,3.129752,12,2,2
202100022913,160Â 664,B01,10,3,1,5,0,-1,-1,5,3,1,2021,2.0,3,2,0,1,2,26,1,,4,LOUIS XVIII (QUAI ),0,,3,2,1,1,(1),(1),1,, -1,1,5,1,50,22,8,1,33,33063,2,7,0,6,Quai Louis XVIII,44.8465,-0.5708,14,2,1
202100047916,116Â 084,B01,1,1,2,9,1,0,-1,-1, -1,-1,2021,20.0,3,2,0,2,8,1,1,,4,ONZE NOVEMBRE ( QUAI DU),0,,2,2,0,1,(1),(1),1,, -1,2,5,1,50,15,3,1,73,73065,2,4,1,3,ONZE NOVEMBRE ( QUAI DU),45.5675716199,5.9376275539,12,3,2
202100031435,145Â 554,A01,1,1,1,0,2,8,-1,-1, -1,-1,2021,35.0,3,1,0,9,7,26,1,,3,JACQUES DUCLOS [CD44] (RUE),0,,3,4,0,1,0,1,1,, -1,1,0,1,50,1,7,1,93,93005,2,1,0,7,Rue Jacques Duclos,48.95106,2.4862,17,1,1
202100007401,188Â 526,A01,1,1,1,1,2,-1,-1,0,0,-1,2021,24.0,1,1,0,2,2,17,1,,2,,-1,,2,2,0,1,5,0,1,, -1,1,0,1,50,19,11,1,987,98715,2,2,0,3,Route de ceinture PK 5,-17.5890708813,-149.6132598817,7,4,3
202100053582,105Â 943,A01,1,1,2,1,1,-1,-1,0,0,-1,2021,23.0,1,2,0,2,1,2,1,,3,PAU (ROND POINT DE),0,,2,2,0,1,51,465,1,, -1,2,0,1,70,25,1,1,65,65440,1,1,1,2,ROND POINT DE PAU,43.23737,0.04215,16,3,2
202100018108,169Â 250,A01,4,2,1,0,1,0,-1,-1, -1,-1,2021,29.0,1,2,13,0,1,13,1,,3,vahibe-Departementale 3 ( route ),0,,-1,2,0,1,0,0,3,, -1,1,0,8,50,17,9,1,976,97611,1,1,0,7,vahibe-Departementale 3 ( route ),-12.78915,45.16419,16,3,1
202100002642,197Â 057,B01,1,1,1,9,2,6,-1,0,0,-1,2021,48.0,3,1,0,2,4,1,1,,4,BOULEVARD PERIPHERIQUE EXTERIEUR NORD  ,0,,1,4,0,1,24,0,1,, -1,1,0,1,70,16,12,5,75,75119,2,1,0,2,BOULEVARD PERIPHERIQUE EXTERIEUR NORD  ,48.90073,2.372563,18,2,2
202100007243,188Â 809,B01,1,1,1,5,8,0,-1,-1, -1,-1,2021,23.0,1,1,0,2,0,26,1,,4,RABELAIS,0,,2,2,0,1,1,0,1,, -1,1,0,1,30,18,11,1,49,49007,2,3,0,3,RABELAIS,47.46246,-0.54741,16,2,2
202100048868,114Â 406,B01,1,1,1,5,2,6,-1,0,0,-1,2021,26.0,2,1,0,2,7,3,1,,4,PORTE DES TERNES,0,,1,4,3,1,16,600,1,, -1,1,0,1,70,6,3,1,75,75117,2,1,0,5,PORTE DES TERNES,48.881094,2.282154,17,5,5
202100051084,110Â 365,A01,10,3,2,5,0,-1,-1,2,3,1,2021,52.0,2,1,0,1,7,1,3,,4,BOULEVARD DIDEROT,0,,1,2,1,1,(1),(1),1,, -1,1,-1,5,20,17,2,1,75,75112,2,1,0,6,BOULEVARD DIDEROT,48.846196,2.376699,15,2,1
202100026746,153Â 913,A01,1,1,1,1,2,6,-1,0,0,-1,2021,40.0,1,1,0,2,1,1,1,,3,16,0,D,2,2,0,1,3,150,1,, -1,1,5,1,70,29,7,1,29,29233,1,3,0,1,Lieu Dit le Ristouar,47.849192,-3.577868,8,2,2
202100004465,193Â 786,B01,1,1,1,2,2,-1,-1,0,0,-1,2021,17.0,3,1,0,2,1,1,1,,3,,-1,,-1,1,0,1,(1),(1),1,,3,1,0,1,50,6,12,1,13,13066,1,3,0,3,Chemin de la Rimade,43.819208,4.899491,9,2,2
202100016367,172Â 377,B01,1,1,1,9,1,0,-1,-1, -1,-1,2021,31.0,1,5,0,2,4,23,1,,4,SAINT SIMON (rue),0,,2,2,0,2,1,0,1,, -1,1,0,1,50,27,9,1,94,94028,2,1,0,2,Rue Saint-Simon,48.79538,2.44379,18,2,2
202100050881,110Â 728,A01,1,1,1,0,2,0,-1,-1, -1,-1,2021,15.0,3,1,0,2,1,1,1,,6,LOUIS SALLENAVE,0,,-1,0,0,1,0,0,1,, -1,1,9,8,30,19,2,1,64,64445,2,9,0,3,LOUIS SALLENAVE,43.3165,-0.36012,15,2,2
202100050790,110Â 896,A01,1,1,2,5,1,-1,-1,0,0,-1,2021,25.0,2,2,4,2,3,11,1,,1,6,0,,3,5,0,1,374,29,1,, -1,1,0,1,130,21,2,1,71,71383,1,1,1,1,autoroute A6 PK 374+029 sens LYON PARIS,46.423526,4.867308,11,4,2
202100041043,128Â 249,B01,2,2,2,0,1,0,-1,-1, -1,-1,2021,28.0,2,2,0,2,4,2,1,,1,AUTOROUTE A86,0,,3,8,0,1,13,500,1,, -1,1,0,1,90,7,5,1,93,93066,1,1,0,2,AUTOROUTE A86,48.92273,2.35178,18,3,2
202100005059,192Â 736,A01,2,2,2,5,2,8,-1,-1, -1,-1,2021,19.0,2,1,0,2,1,1,1,,4,CHAZELLES ( COURS LOUIS  DE ),0,,2,4,0,1,(1),(1),1,, -1,1,0,1,30,1,12,5,56,56121,2,2,0,3,CHAZELLES ( COURS LOUIS  DE ),47.75372,-3.36236,18,3,2
202100008061,187Â 324,A01,10,3,2,0,0,-1,-1,3,3,1,2021,25.0,2,2,0,1,3,1,1,,3,BRY (RTE DE),0,,2,2,0,1,0,0,1,, -1,2,0,1,50,15,11,5,94,94079,2,3,1,6,BRY (RTE DE),48.83144,2.53439,18,2,1
202100052989,107Â 000,Z01,10,3,2,3,8,8,-1,3,3,1,2021,66.0,2,1,0,1,8,1,3,,4,RUE DE TURIN,0,,1,1,0,1,(1),(1),1,, -1,2,0,1,50,31,1,1,75,75108,2,3,1,6,RUE DE TURIN,48.881978,2.324478,11,2,1
202100051786,109Â 133,B01,1,1,2,1,1,0,-1,-1, -1,-1,2021,47.0,1,2,0,2,4,1,1,,2,RN 70 (ROUTE EXPRESS),0,,2,2,0,1,37,950,1,, -1,1,0,1,70,10,2,1,71,71040,1,1,0,2,RN 70 (ROUTE EXPRESS),46.6992731746,4.388988735,9,2,2
202100040919,128Â 481,B01,1,1,1,2,2,6,-1,-1, -1,-1,2021,16.0,1,1,0,2,7,1,3,,4,MARECHAL LECLERC (RD PT),0,,1,2,0,1,(1),(1),1,, -1,1,0,1,50,7,5,1,37,37214,2,6,0,6,MARECHAL LECLERC (RD PT),47.4198279315,0.6633009374,8,2,2
202100014079,176Â 532,A01,1,1,1,3,1,-1,-1,0,0,-1,2021,24.0,1,2,0,2,2,1,1,,3,214,0,,2,2,0,3,1,100,1,, -1,1,0,1,80,7,10,2,9,9282,1,1,0,3,d214,43.240935,1.585808,18,4,2
202100032916,142Â 924,B01,1,1,1,5,0,0,-1,-1, -1,-1,2021,32.0,2,1,0,2,1,26,3,,3,BARBES (R),0,,1,3,1,1,1,0,1,, -1,2,0,5,50,22,6,1,94,94041,2,1,0,1,Rue BarbÃ¨s,48.81807,2.37367,17,2,2
202100019933,166Â 003,A01,10,3,1,0,8,8,-1,9,B,1,2021,48.0,2,1,0,1,1,1,1,,3,106,0,,-1,2,0,1,0,0,1,, -1,1,0,1,30,9,9,5,92,92026,2,1,0,6,COLOMBES,48.8975111843,2.2564941645,20,2,1
202100019659,166Â 504,A01,1,1,2,9,2,0,-1,-1, -1,-1,2021,22.0,3,1,0,2,1,21,1,,4,PLAGES (BOULEVARD DES),0,,2,2,0,1,0,0,3,, -1,1,0,1,50,10,9,1,64,64024,2,1,0,7,PLAGES (BOULEVARD DES),43.50051,-1.53873,10,1,1
202100054876,103Â 718,A01,10,3,2,0,0,-1,-1,3,3,2,2021,12.0,1,2,0,1,3,1,1,,4,JEAN JAURES                         (AV),0,,2,5,2,1,(1),(1),1,, -1,2,0,6,50,15,1,1,69,69275,2,1,1,6,JEAN JAURES                         (AV),45.7722107466,4.9755748681,13,2,1
202100026410,154Â 487,A01,1,1,1,0,1,4,-1,-1, -1,-1,2021,28.0,2,5,4,0,2,1,1,,1,AUTOROUTE A6B,0,,1,3,0,2,2,512,1,, -1,1,0,1,70,30,7,3,94,94076,1,1,0,6,AUTOROUTE A6B,48.79578,2.34509,5,1,1
202100013455,177Â 689,A01,1,1,2,0,1,-1,-1,0,0,-1,2021,65.0,3,2,6,0,1,1,1,,3,295,-1,D,2,2,0,2,0,470,3,, -1,9,0,1,-1,14,10,1,7,7334,1,1,0,7,D 295,44.413348,4.157279,14,1,1
202100015190,174Â 557,A01,1,1,2,4,1,-1,-1,0,0,-1,2021,26.0,2,2,0,0,7,1,2,,3,915,-1,,2,2,0,1,7,226,1,,4,2,0,1,80,5,10,1,60,60614,1,3,0,3,,49.219503,1.840703,14,2,2
202100000410,200Â 971,A01,10,3,1,5,0,-1,-1,9,3,1,2021,61.0,2,3,0,1,2,1,3,,3,385,-1,,2,2,0,1,49,950,1,, -1,1,4,6,50,25,10,1,69,69059,1,8,0,6,VALLEE (DE LA) (RTE),45.856789,4.700528,9,2,1
202100051577,109Â 503,B01,1,1,1,5,1,8,-1,-1, -1,-1,2021,19.0,0,2,0,2,8,1,1,,4,BARBUSSE (RUE HENRI),0,,2,2,0,2,(1),(1),1,, -1,1,0,1,30,13,2,1,59,59508,2,2,0,3,BARBUSSE (RUE HENRI),50.74751,3.12462,15,5,2
202100047361,117Â 116,A01,10,3,2,0,0,-1,-1,4,3,1,2021,20.0,0,2,0,1,2,1,3,,4,EISENHOWER (AVENUE DU GENERAL),0,,2,4,0,1,(1),(1),1,, -1,2,0,1,50,19,3,1,31,31555,2,1,1,6,EISENHOWER (AVENUE DU GENERAL),43.56389,1.38649,9,2,1
202100036581,136Â 327,A01,10,3,2,5,8,8,-1,1,3,1,2021,42.0,1,2,0,1,1,1,1,,4,GRAND CARAIBE (RUE DU),0,,2,1,0,1,(1),(1),1,, -1,1,0,1,30,3,6,5,972,97213,2,1,0,6,GRAND CARAIBE (RUE DU),14.621105,-61.028581,1,2,1
202100037224,135Â 145,B01,1,1,1,1,2,0,-1,-1, -1,-1,2021,29.0,1,1,0,2,1,2,1,,7,JAURES (AVENUE JEAN),0,,2,-1,0,1,(1),(1),1,, -1,1,0,5,50,31,5,1,59,59512,2,1,0,3,JAURES (AVENUE JEAN),50.674974,3.158723,8,2,2
202100044925,121Â 423,A01,10,3,2,5,0,-1,-1,3,3,1,2021,26.0,1,2,0,1,1,1,1,,4,,0,,2,2,0,1,(1),(1),1,, -1,1,0,1,50,6,4,1,69,69266,2,1,0,6,ROULET     (Petite rue du),45.77854,4.90129,10,2,1
202100004563,193Â 620,A01,1,1,1,5,2,0,-1,-1, -1,-1,2021,72.0,1,1,14,0,1,13,1,,3,2,0,,2,2,0,1,0,0,1,, -1,2,9,1,30,5,12,5,92,92023,2,1,1,7,HENRI BARBUSSE (AVENUE),48.8157645997,2.2550028563,19,1,1
202100025633,155Â 867,Z01,10,3,1,9,8,8,-1,2,3,1,2021,55.0,2,2,0,1,1,1,0,,4,QUAI DE GESVRES,0,,1,2,0,1,(1),(1),1,, -1,1,0,1,50,4,8,5,75,75104,2,2,0,6,QUAI DE GESVRES,48.856721,2.348934,5,2,1
202100026906,153Â 617,A01,1,1,1,5,1,-1,-1,0,0,-1,2021,28.0,2,2,0,2,1,5,1,,2,106,0,N,2,2,0,1,77,200,1,, -1,1,0,1,80,27,7,3,48,48016,1,1,0,1,N106,44.47853,3.463059,22,2,2
202100001619,198Â 903,A01,10,3,1,3,0,-1,-1,3,3,1,2021,63.0,2,2,0,1,1,1,1,,4,RUE DE SEVRES,0,,2,2,0,1,(1),(1),1,, -1,1,0,1,30,23,12,1,75,75106,2,3,0,6,RUE DE SEVRES,48.850727,2.325332,13,2,1
202100014668,175Â 498,A01,1,1,1,5,2,6,9,0,0,-1,2021,27.0,2,1,0,2,9,21,1,,3,81,-1,B,2,2,0,1,7,300,3,, -1,3,0,1,80,7,10,1,202,202121,1,1,0,1,D81b,42.425137,8.672487,13,2,2
202100004747,193Â 297,A01,10,3,1,0,8,8,-1,4,3,1,2021,14.0,1,2,0,1,1,1,1,,3,DIDEROT (BOULEVARD),0,,1,1,0,1,0,1,1,, -1,1,0,1,30,2,12,2,52,52121,2,1,0,3,DIDEROT (BOULEVARD),48.10946,5.14037,18,2,1
202100009351,184Â 991,B01,1,1,2,0,1,-1,-1,0,0,-1,2021,32.0,1,2,0,2,6,1,1,,3,48,-1,,2,2,0,4,17,385,1,, -1,1,0,1,50,5,11,1,10,10270,1,2,0,3,Intersection D48/D126,48.395331,4.280505,11,2,2
202100048213,115Â 579,B01,1,1,2,0,1,0,-1,-1, -1,-1,2021,26.0,2,2,0,2,4,1,1,,1,10,0,,1,6,0,1,2,119,1,, -1,1,0,1,110,12,3,1,91,91377,1,1,0,2,AUTOROUTE A10,48.722904,2.297061,12,2,2
202100047835,116Â 253,A01,1,1,1,9,1,0,-1,-1, -1,-1,2021,51.0,2,2,0,2,4,2,1,,4,TOURELLE (RTE DE LA),0,,2,2,0,1,1,0,1,, -1,1,0,1,50,16,3,1,94,94067,2,1,0,2,Villa de la Tourelle,48.84564,2.41861,18,2,2
202100037140,135Â 306,A01,2,2,2,5,1,0,-1,-1, -1,-1,2021,88.0,2,2,3,0,1,1,1,,1,AUTOROUTE A10,0,,3,4,0,1,1,500,1,, -1,1,0,3,110,1,6,1,91,91363,1,1,0,6,AUTOROUTE A10,48.659338,2.184365,19,2,1
202100015693,173Â 617,B01,1,1,1,5,2,-1,-1,0,0,-1,2021,20.0,1,1,0,2,1,1,1,,2,9,-1,,2,2,0,1,(1),(1),1,, -1,1,5,1,50,3,10,1,971,97112,2,2,0,3,Beaurenon,15.880173,-61.310481,15,2,2
202100054698,104Â 016,A01,1,1,2,5,8,0,-1,-1, -1,-1,2021,29.0,1,2,0,2,1,15,1,,2,GENERAL LECLERC (AV DU),0,,1,1,0,2,0,0,2,, -1,2,0,1,50,17,1,1,94,94004,2,1,0,2,GENERAL LECLERC (AV DU),48.759081,2.508041,15,3,2
202100020894,164Â 301,B01,1,1,1,0,8,0,-1,-1, -1,-1,2021,43.0,1,1,0,2,2,0,3,,3,JAURES (AVENUE JEAN),0,,3,3,1,1,0,0,1,, -1,1,9,1,50,4,9,1,93,93027,2,7,0,3,Avenue Jean JaurÃ¨s / Avenue Paul Vaillant Couturier,48.92094,2.41019,14,3,2
202100041558,127Â 321,B01,1,1,1,1,2,6,-1,0,0,-1,2021,29.0,2,1,0,2,2,2,1,,4,BOULEVARD VINCENT AURIOL,0,,1,2,0,1,(1),(1),1,, -1,1,0,1,50,3,5,1,75,75113,2,3,0,3,BOULEVARD VINCENT AURIOL,48.831693,2.357947,19,2,2
202100001991,198Â 240,T01,10,3,1,0,0,-1,-1,-1, -1,-1,2021,18.0,3,3,0,1,3,1,3,,7,AMBROISE CROIZAT                    (BD),0,,3,4,3,1,1,900,1,, -1,1,4,6,70,20,12,3,69,69259,2,1,0,6,AMBROISE CROIZAT (BD),45.705578606,4.8876956105,17,2,1
202100042160,126Â 263,A01,1,1,1,5,2,0,-1,-1, -1,-1,2021,57.0,1,1,15,0,2,26,1,,3,CHARPENTIERS (RUE DES),0,,2,2,0,1,0,0,1,, -1,1,0,4,50,25,4,1,87,87050,2,1,0,7,CHARPENTIERS (RUE DES),45.86356,1.23675,11,1,1
202100029064,149Â 793,A01,1,1,1,0,1,0,-1,-1, -1,-1,2021,23.0,1,2,0,0,9,0,1,,1,AUTOROUTE A86,0,,3,8,0,1,18,100,2,, -1,2,0,1,70,13,7,3,93,93027,1,1,1,2,AUTOROUTE A86,48.92835,2.41251,22,2,2
202100045510,120Â 393,A01,1,1,1,5,2,6,-1,0,0,-1,2021,15.0,1,1,0,0,8,20,1,,3,91,0,D,2,2,0,1,4,900,1,, -1,1,0,1,50,2,4,1,69,69022,2,7,0,7,SOUVERNIR FRANCAIS (DU) (R),45.79722,4.548023,17,1,1
202100039304,131Â 344,A01,1,1,1,5,2,8,-1,-1, -1,-1,2021,16.0,0,1,0,2,1,2,1,,4,ANTHOINE (RUE D'),0,,2,3,0,1,(1),(1),1,, -1,1,0,1,50,19,5,1,13,13202,2,2,0,2,ANTHOINE (RUE D'),43.316695,5.369107,16,2,2
202100014645,175Â 535,B01,1,1,1,1,2,6,-1,-1, -1,-1,2021,31.0,2,1,0,2,4,23,1,,3,JEAN MERMOZ (BD),0,,1,2,0,1,1,0,1,, -1,1,0,1,50,7,10,1,94,94021,2,1,0,2,Boulevard Jean Mermoz,48.76959,2.33745,18,2,2
202100007559,188Â 232,A01,10,3,2,5,0,-1,-1,1,3,1,2021,74.0,3,4,0,1,4,4,1,,4,,-1,,2,2,0,1,(1),(1),2,,4,1,0,1,50,26,7,1,14,14191,2,3,0,6,Voie des Francais Libres,49.336858,-0.464848,13,2,1
202100043284,124Â 296,B01,1,1,1,1,1,-1,-1,0,0,-1,2021,49.0,2,2,0,2,5,1,1,,3,306,-1,,2,2,0,3,31,175,1,, -1,1,0,1,90,2,4,1,72,72110,1,1,0,6,D306,47.743248,-0.142533,14,4,4
202100048083,115Â 801,A01,10,3,2,5,0,-1,-1,6,3,1,2021,24.0,2,2,0,1,2,1,1,,2,3,-1,,2,2,0,1,12,200,1,, -1,1,0,1,60,14,3,1,987,98747,1,1,0,1,Tautira RT3 Pk 12+200,-17.750322,-149.192276,15,2,1