Num_Acc,id_vehicule,num_veh,place,catu,sexe,trajet,secu1,secu2,secu3,locp,actp,etatp,year_acc,victim_age,senc,catv,obs,obsm,choc,manv,motor,occutc,catr,voie,v1,v2,circ,nbv,vosp,prof,pr,pr1,plan,lartpc,larrout,surf,infra,situ,vma,jour,mois,lum,dep,com,agg_,int,atm,col,adr,lat,long,hour,nb_victim,nb_vehicules
202100007008,189Â 231,A01,1,1,1,5,2,6,-1,-1, -1,-1,2021,75.0,2,1,0,2,9,17,1,,4,POMPIDOU (CORNICHE GEORGES),0,,2,2,0,1,0,0,1,, -1,1,0,1,50,20,11,1,83,83126,2,1,0,2,POMPIDOU (CORNICHE GEORGES),43.08352,5.89566,15,2,2
202100047859,116Â 213,A01,1,1,1,5,2,-1,-1,0,0,-1,2021,36.0,3,1,0,0,0,1,1,,4,D6,-1,,2,2,0,1,(1),(1),3,, -1,2,0,3,80,17,3,3,42,42081,1,1,1,7,Chemin du Grand Clos,45.600578,4.265909,0,1,1
202100003571,195Â 369,A01,10,3,1,0,0,-1,-1,3,3,1,2021,29.0,2,5,0,1,3,15,1,,4,VIEUX PERRAY (RUE DU),0,,2,2,0,1,0,0,1,, -1,2,0,1,50,8,12,5,91,91549,2,1,0,6,VIEUX PERRAY (RUE DU),48.651769,2.307327,7,2,1
202100051341,109Â 901,A01,5,2,1,0,1,-1,-1,0,0,-1,2021,88.0,1,2,9,0,7,15,1,,3,660,-1,,2,2,0,2,16,220,1,, -1,2,5,1,70,17,2,4,89,89471,1,3,0,3,10 Rue du Relais de Poste,48.176408,3.414374,2,6,2
202100002621,197Â 098,B01,1,1,1,1,8,0,-1,-1, -1,-1,2021,30.0,2,1,0,2,8,1,5,,7,NARBONNE (ROUTE DE),0,,2,6,2,1,4,450,1,, -1,1,3,1,50,16,12,1,31,31555,2,9,1,3,NARBONNE (ROUTE DE),43.57176,1.45366,8,2,2
202100053228,106Â 592,B01,1,1,1,9,8,0,-1,-1, -1,-1,2021,41.0,1,4,0,2,4,0,1,,4,LÃON BANCAL (RUE),0,,-1,1,0,1,1,0,1,, -1,1,0,1,50,29,1,1,13,13211,2,1,0,4,LÃON BANCAL (RUE),43.2878076014,5.4805219205,14,5,5
202100050875,110Â 739,A01,1,1,2,9,1,0,-1,-1, -1,-1,2021,31.0,2,2,0,2,4,23,1,,7,BRIAND. RUE ARISTIDE,0,,2,2,0,1,57,800,1,, -1,1,-1,1,50,17,2,1,76,76497,2,3,0,2,Rue Aristide Briand,49.39367,1.02361,14,2,2
202100003101,196Â 222,A01,1,1,2,3,2,6,-1,-1, -1,-1,2021,43.0,3,1,0,0,8,1,1,,4,PONTOTS (GIRATOIRE LES),0,,1,2,0,1,0,0,2,, -1,1,0,1,50,13,12,1,64,64102,1,1,0,7,PONTOTS (GIRATOIRE LES),43.48869,-1.4912,14,1,1
202100050959,110Â 589,B01,1,1,1,5,2,-1,-1,0,0,-1,2021,29.0,2,1,0,2,1,1,1,,2,,-1,,2,2,0,1,42,(1),1,, -1,2,0,1,80,20,2,3,974,97410,1,1,1,1,N2,-21.032902,55.70549,1,2,2
202100007257,188Â 785,B01,1,1,1,5,0,-1,-1,-1, -1,-1,2021,51.0,2,2,0,2,2,1,1,,3,DUPUY (AVENUE CHARLES),0,,2,2,0,1,59,326,1,, -1,1,0,1,50,27,8,1,43,43041,2,1,0,5,19 Avenue Charles Dupuy,45.0472,3.92556,16,3,3
202100044088,122Â 870,A01,1,1,1,1,8,-1,-1,0,0,-1,2021,36.0,3,2,2,0,3,1,1,,3,486,-1,,2,2,0,1,(1),(1),4,, -1,1,0,3,80,14,4,2,50,50639,1,1,0,6,3 La Foucaudiere,48.804765,-1.249038,21,1,1
202100054742,103Â 945,A01,1,1,1,4,1,0,-1,-1, -1,-1,2021,21.0,2,2,0,2,1,1,1,,1, A6B,0,,1,12,0,2,3,400,1,, -1,1,3,1,90,15,1,3,94,94038,1,1,0,3,AUTOROUTE A6B,48.7872277387,2.3448745932,23,2,2
202100025506,156Â 075,A01,1,1,1,5,0,-1,-1,0,0,-1,2021,71.0,0,1,0,0,0,1,6,,4,,-1,,-1,2,1,1,(1),(1),1,,4,1,0,5,-1,5,8,1,31,31113,1,1,0,7,13-17 chemin du halage,43.521792,1.519375,18,1,1
202100020346,165Â 264,B01,1,1,1,0,1,0,-1,-1, -1,-1,2021,20.0,1,5,0,2,2,1,1,,4,BERRY (RUE DE),0,,2,2,0,1,0,0,1,, -1,1,0,1,50,7,9,1,93,93073,2,2,0,3,Rue de Berry / Rue de Berry,48.94078,2.58903,9,2,2
202100044767,121Â 691,B01,9,2,2,3,1,-1,-1,0,0,-1,2021,7.0,1,2,0,2,3,1,1,,7,rd7,0,N,2,2,0,1,24,850,1,, -1,1,0,1,80,8,4,1,13,13105,1,1,0,5,D7n,43.739844,5.118132,11,5,3
202100008962,185Â 697,B01,2,2,2,5,2,8,-1,0,0,-1,2021,60.0,1,1,0,2,8,1,1,,4,AVENUE DE LA PORTE DE VINCENNES,0,,3,4,0,1,(1),(1),1,, -1,1,0,1,30,6,11,5,75,75120,2,5,0,3,AVENUE DE LA PORTE DE VINCENNES,48.846705,2.415823,19,3,2
202100006008,191Â 057,A01,1,1,1,5,1,0,-1,-1, -1,-1,2021,58.0,2,2,14,2,1,0,1,,3,PARIS (RUE DE),0,,3,2,0,1,1,0,1,, -1,2,0,1,50,26,11,5,94,94028,2,1,1,2,Rue de Paris,48.79469,2.45976,22,2,2
202100051253,110Â 067,A01,1,1,1,0,2,6,-1,-1, -1,-1,2021,47.0,1,1,0,2,3,3,1,,1,AUTOROUTE A6,0,,3,6,0,3,17,750,1,, -1,1,0,1,110,17,2,1,91,91589,1,1,0,2,AUTOROUTE A6,48.67327,2.34356,12,2,2
202100032925,142Â 906,A01,10,3,1,0,0,-1,-1,2,3,3,2021,2.0,2,5,0,1,1,16,1,,4,CLE DES CHAMPS,0,,2,2,1,1,0,0,1,, -1,1,0,1,50,21,6,1,93,93070,2,1,0,6,CLE DES CHAMPS,48.9134,2.32724,20,4,1
202100005417,192Â 112,A01,1,1,2,2,1,-1,-1,0,0,-1,2021,22.0,1,2,2,0,7,14,1,,3,139,0,,2,2,0,1,0,743,2,, -1,2,0,3,80,1,12,1,32,32242,1,1,1,6,D139,43.422193,0.590343,12,1,1
202100043027,124Â 765,B01,2,2,2,9,1,0,-1,-1, -1,-1,2021,19.0,1,2,0,2,3,0,1,,4,,0,,-1,2,0,1,1,0,1,, -1,1,0,1,50,19,4,1,49,49007,2,1,0,3,GATS,47.47443,-0.51785,11,3,2
202100024986,156Â 997,A01,10,3,1,5,0,-1,-1,1,1,1,2021,32.0,3,3,0,1,2,16,1,1.0,4,BD CHILPERIC,0,,1,1,3,1,1,0,1,, -1,1,0,1,30,8,8,2,77,77108,2,1,0,6,BD CHILPERIC,48.87461,2.58466,21,2,1
202100035974,137Â 380,A01,1,1,1,0,1,0,-1,-1, -1,-1,2021,33.0,3,2,0,2,1,2,1,,4,RENOUILLERS  (RUE DES),0,,2,2,0,1,0,0,1,, -1,1,0,1,50,6,6,2,92,92025,2,1,0,2,RENOUILLERS  (RUE DES),48.9238842408,2.2373216899,21,2,2
202100038863,132Â 161,A01,1,1,1,5,2,6,-1,-1, -1,-1,2021,54.0,1,1,0,2,8,1,1,,1,ROCADE A 630,0,,3,9,0,1,25,600,1,, -1,2,0,1,90,22,5,1,33,33192,1,1,1,2,,44.789574,-0.615564,12,2,2
202100020130,165Â 643,A01,1,1,1,0,2,6,-1,-1, -1,-1,2021,40.0,1,1,0,2,1,18,1,,4,CLICHY (AVENUE DE),0,,3,2,0,1,0,0,1,, -1,1,0,1,50,7,9,1,93,93047,2,3,0,1,Avenue de Clichy-sous-Bois / Rue Picasso,48.9045142809,2.5603682252,13,2,2
202100027608,152Â 375,A01,1,1,1,4,0,-1,-1,0,0,-1,2021,17.0,1,4,2,0,1,1,1,,3,181,-1,D,2,2,0,1,18,120,1,, -1,1,0,3,80,23,7,1,56,56222,1,1,0,6,La Mare au Sel,47.802226,-2.764294,10,1,1
202100007171,188Â 941,B01,1,1,1,0,8,0,-1,-1, -1,-1,2021,17.0,1,1,0,2,1,16,1,,3,VILLENEUVE (RUE EMILIE DE),0,,2,2,0,2,1,10,1,, -1,1,0,1,50,18,11,2,81,81065,2,3,0,3,VITTOZ (BD.RAYMOND),43.602207,2.243584,7,2,2
202100047544,116Â 782,A01,1,1,2,9,8,8,-1,0,0,-1,2021,27.0,1,1,0,1,2,21,1,,3,106,0,,2,3,0,1,0,0,1,, -1,1,0,1,50,18,3,1,92,92035,2,5,0,6,GÃ©nÃ©ral de Gaulle  ( avenue du ),48.9111523202,2.2546301883,10,2,1
202100004297,194Â 078,B01,1,1,1,9,2,0,-1,0,0,-1,2021,47.0,1,1,0,2,1,1,3,,4,PLACE DE LA MADELEINE,0,,1,3,0,1,(1),(1),2,, -1,1,0,1,30,6,12,1,75,75108,2,7,0,1,PLACE DE LA MADELEINE,48.869982,2.32525,14,2,2
202100031796,144Â 925,A01,1,1,1,1,1,-1,-1,0,0,-1,2021,48.0,3,2,0,0,3,2,1,,3,1006,0,D,1,1,0,1,(1),(1),1,, -1,2,0,1,50,29,6,5,38,38315,2,2,1,3,27 Avenue de la FolatiÃ¨re,45.536648,5.660378,20,2,2
202100045420,120Â 544,A01,1,1,2,5,1,0,-1,0,0,-1,2021,24.0,3,2,0,2,2,1,1,,4,AVENUE DU DOCTEUR GLEY,0,,1,3,1,1,(1),(1),1,, -1,1,0,1,50,1,4,1,75,75120,2,2,0,3,AVENUE DU DOCTEUR GLEY,48.877236,2.410014,19,3,2
202100027602,152Â 383,A01,1,1,1,5,2,-1,-1,0,0,-1,2021,50.0,1,1,0,2,1,1,5,,3,31,0,A,2,2,1,1,9,400,1,, -1,1,0,5,90,22,7,1,67,67374,1,3,0,3,cd 31 pfettisheim pr 10,48.658237,7.650953,15,2,2
202100049462,113Â 352,A01,1,1,1,1,2,6,-1,-1, -1,-1,2021,27.0,2,1,0,2,1,21,1,,2,RN20,0,,3,4,0,1,3,0,1,, -1,1,0,1,90,3,3,1,91,91377,1,1,0,5,RN20,48.716648,2.291186,8,3,3
202100005305,192Â 306,B01,1,1,2,5,1,0,-1,-1, -1,-1,2021,28.0,1,2,0,2,1,1,1,,4,MUN (RUE ALBERT DE) ,0,,2,2,0,1,(1),(1),1,, -1,1,0,1,50,28,11,3,44,44184,2,2,0,3,MUN (RUE ALBERT DE),47.27853,-2.21164,4,2,2
202100019595,166Â 607,A01,1,1,1,5,0,-1,-1,0,0,-1,2021,53.0,3,1,13,0,1,1,5,,4,,-1,,2,1,0,2,(1),(1),1,,"3,5",1,0,3,50,2,9,3,26,26220,1,1,0,6,Chemin de Pied de Vaux,44.372644,5.12465,22,1,1
202100021502,163Â 201,A01,1,1,1,0,8,0,-1,-1, -1,-1,2021,51.0,0,1,0,1,1,9,5,,3,989,0,,2,2,0,1,0,0,1,, -1,1,0,1,50,1,9,1,92,92040,2,2,0,6,VICTOR CRESSON (AVENUE) DU 02 AU 40,48.8225851958,2.2680464387,18,2,1
202100015904,173Â 245,B01,1,1,2,1,1,0,-1,0,0,-1,2021,26.0,1,2,0,2,3,1,1,,7,FLEVILLE (ROUTE DE),0,,2,2,0,1,(1),(1),1,, -1,1,0,1,50,30,9,1,54,54328,2,2,0,3,FLEVILLE (ROUTE DE),48.6220325691,6.1794655542,13,2,2
202100008411,186Â 700,A01,1,1,1,5,8,-1,-1,0,0,-1,2021,42.0,2,2,15,0,2,1,1,,3,624,-1,,2,2,0,1,9,275,1,, -1,1,0,3,80,12,11,3,11,11076,1,1,0,6,D624,43.353659,1.960469,18,2,1
202100014311,176Â 123,B01,1,1,1,5,2,0,-1,-1, -1,-1,2021,67.0,2,1,0,2,0,21,0,,3,SEMNOZ (ROUTE DU),0,,2,2,0,2,0,0,2,, -1,1,0,1,50,29,7,1,74,74010,2,4,0,1,SEMNOZ (ROUTE DU),45.8915,6.13273,12,2,2
202100032757,143Â 221,A01,10,3,2,0,0,-1,-1,3,3,1,2021,61.0,1,2,0,1,2,1,1,,4,,-1,,2,2,0,1,(1),(1),1,,"5,5",2,0,8,50,23,6,1,38,38269,2,1,1,6,Avenue Chion Ducollet,44.904332,5.786844,16,2,1
202100049767,112Â 782,B01,1,1,1,5,8,0,-1,0,0,-1,2021,43.0,3,0,0,2,7,19,3,,4,ROUTE DE LA MUETTE A NEUILLY,0,,3,2,1,1,(1),(1),1,, -1,1,-1,5,50,28,2,1,75,75116,2,2,0,3,ROUTE DE LA MUETTE A NEUILLY,48.868499,2.265316,13,2,2
202100036248,136Â 887,A01,1,1,1,0,2,6,-1,-1, -1,-1,2021,60.0,1,1,0,0,0,1,1,,3,CAMICAS (CH. DE),0,,2,2,0,1,47,156,1,, -1,1,0,1,50,5,6,1,33,33529,2,6,0,7,,44.6467,-1.15784,11,1,1
202100017635,170Â 097,A01,1,1,1,1,2,6,-1,-1, -1,-1,2021,28.0,2,1,8,0,1,17,1,,7,FOCH RUE DU MARECHAL,0,,2,2,0,1,(1),(1),1,, -1,1,5,1,30,21,9,1,59,59360,2,1,0,6,FOCH RUE DU MARECHAL,50.61536,3.01835,12,1,1
202100020597,164Â 814,A01,1,1,1,0,2,0,-1,-1, -1,-1,2021,19.0,1,1,0,2,1,1,1,,3,910,0,,3,4,0,1,0,0,1,, -1,1,0,1,50,5,9,1,92,92012,2,1,0,5,EDOUARD VAILLANT (AVENUE) 57/FIN - 58/FI,48.8339660356,2.2447070596,13,3,3
202100015621,173Â 752,B01,1,1,1,5,2,0,-1,-1, -1,-1,2021,60.0,3,1,0,2,7,1,1,,7,CRETES (ROUTES DES),0,,2,2,0,2,0,0,3,, -1,1,0,1,80,2,10,1,13,13028,1,1,0,3,CRETES (ROUTES DES),43.18007,5.57262,15,2,2
202100008179,187Â 104,A01,1,1,1,1,2,6,-1,0,0,-1,2021,20.0,1,1,0,0,0,1,1,,4,0,0,R,2,2,0,1,0,0,2,, -1,6,0,1,90,29,10,2,61,61098,2,1,1,7,Rue des Sainfoins,48.587789,0.167364,18,1,1
202100037235,135Â 127,B01,2,2,1,5,2,0,-1,-1, -1,-1,2021,19.0,1,1,0,2,4,1,1,,2,PENESME (ROND POINT),0,,1,1,0,1,0,0,2,, -1,1,0,1,50,28,5,1,50,50602,2,6,0,2,PENESME (ROND POINT),49.63548,-1.57603,16,3,2
202100022880,160Â 721,A01,1,1,1,5,0,-1,-1,0,0,-1,2021,18.0,3,1,0,0,7,0,1,,6,,-1,,-1,0,0,1,(1),(1),1,,4,1,0,8,50,24,8,5,59,59524,2,1,0,7,Rue du 11 Novembre,50.565078,2.906147,0,1,1
202100015573,173Â 848,A01,1,1,1,0,8,0,-1,-1, -1,-1,2021,25.0,3,2,0,2,3,0,1,,3,AQUEDUCS(CHEMIN DES),0,,2,2,0,2,0,850,4,, -1,2,0,1,70,2,10,3,38,38544,1,1,1,1,AQUEDUCS(CHEMIN DES),45.5247946789,4.8844132846,2,2,2
202100009153,185Â 351,B01,1,1,1,5,2,-1,-1,0,0,-1,2021,26.0,2,1,3,2,1,13,1,,3,D609,0,,2,2,0,1,25,715,3,, -1,1,0,3,-1,6,11,1,34,34142,1,1,0,3,Route de Montpellier,43.72168,3.324067,14,2,2
202100001394,199Â 278,A01,1,1,1,5,0,-1,-1,0,0,-1,2021,40.0,2,2,0,0,6,2,1,,1,65,-1,,3,4,0,1,32,730,1,, -1,1,0,1,130,26,12,3,33,33095,1,1,0,2,,44.263858,-0.241199,21,6,2
202100044450,122Â 237,A01,10,3,1,0,0,-1,-1,2,3,1,2021,21.0,3,2,0,1,0,1,1,,4,SERPENTE (RUE DE LA),0,,-1,2,0,1,0,0,4,, -1,4,0,1,50,10,4,5,91,91286,2,1,1,6,SERPENTE (RUE DE LA),48.64994,2.37458,20,2,1
202100027480,152Â 606,A01,1,1,1,0,2,6,-1,-1, -1,-1,2021,22.0,2,1,16,0,4,26,1,,2,ROUTE NATIONALE 230,0,,3,6,0,2,38,819,2,, -1,1,0,1,90,23,7,1,33,33167,1,1,0,7,Rocade Rive Droite N230,44.836707,-0.500221,19,1,1
202100043347,124Â 181,A01,1,1,2,5,2,6,-1,0,0,-1,2021,64.0,1,1,0,2,1,1,1,,4,AVENUE SIMON BOLIVAR,0,,2,2,0,2,(1),(1),2,, -1,1,0,1,50,20,4,1,75,75119,2,1,0,2,AVENUE SIMON BOLIVAR,48.880601,2.374046,17,2,2
202100044365,122Â 370,A01,1,1,2,5,2,8,-1,-1, -1,-1,2021,14.0,1,1,0,2,8,15,1,,7,LARDENNE (AV DE) DU 1AU 84,0,,2,2,1,1,3,119,1,, -1,1,0,1,50,10,4,1,31,31555,2,1,0,3,LARDENNE (AV DE) DU 1AU 84,43.58999,1.37552,17,2,2
202100032397,143Â 864,A01,1,1,1,9,2,6,-1,0,0,-1,2021,59.0,1,1,0,0,0,1,1,,3,952,-1,,2,2,0,2,43,0,3,, -1,1,0,1,80,26,6,1,4,4135,1,1,0,7,RD 952,43.834635,6.220998,15,1,1
202100009236,185Â 202,A01,10,3,2,0,0,-1,-1,3,3,2,2021,78.0,2,5,0,1,3,15,1,,4,BONNABAUD (RUE),0,,1,1,0,1,(1),(1),1,, -1,1,0,1,50,3,11,1,63,63113,2,2,0,6,BLATIN (RUE),45.77689,3.07875,14,2,1
202100026773,153Â 864,A01,3,2,2,9,1,0,-1,-1, -1,-1,2021,73.0,1,2,0,2,2,15,1,,4,LORION(RUE LUC),0,,3,3,0,2,0,0,1,, -1,1,9,1,50,27,7,1,974,97416,2,2,0,3,LORION(RUE LUC),-21.33208,55.47188,17,6,2
202100025177,156Â 655,A01,1,1,1,5,2,6,-1,0,0,-1,2021,18.0,1,1,14,0,9,14,1,,3,654,-1,,2,2,0,2,11,0,2,, -1,1,0,8,80,7,8,1,32,32404,1,1,0,7,Route dÃ©partementale D654,43.879351,0.454334,17,1,1
202100049407,113Â 441,A01,2,2,2,3,1,0,-1,-1, -1,-1,2021,81.0,2,2,0,2,2,14,1,,3,EUROPE ( CARREFOUR DE L  COTE CASINO),0,,3,5,0,1,0,1,1,, -1,1,0,1,50,3,3,1,1,1053,2,1,0,3,EUROPE ( CARREFOUR DE L  COTE CASINO),46.20761,5.23739,12,3,2
202100054091,105Â 060,B01,2,2,2,5,1,-1,-1,0,0,-1,2021,52.0,1,2,0,2,3,1,1,,3,D911,0,,2,2,0,2,3,670,2,, -1,1,0,1,80,19,1,1,12,12145,1,1,0,3,D911,44.12229,3.05664,15,3,2
202100052459,107Â 946,B01,1,1,2,1,2,6,-1,0,0,-1,2021,34.0,2,1,0,2,8,1,3,,4,RUE DE JAVEL,0,,1,2,0,1,(1),(1),1,, -1,1,0,1,50,4,2,5,75,75115,2,2,0,3,RUE DE JAVEL,48.841006,2.291424,21,2,2
202100029106,149Â 724,A01,1,1,1,4,1,-1,-1,0,0,-1,2021,36.0,1,5,0,2,1,2,1,,3,MITTERRAND (AVENUE FRANCOIS),0,,2,2,0,1,0,110,1,, -1,1,0,1,50,13,7,1,65,65417,2,1,0,2,Rue des PyrÃ©nÃ©es,43.212860103,0.1098418236,10,2,2
202100024735,157Â 431,B01,1,1,1,0,2,0,-1,0,0,-1,2021,62.0,2,1,0,2,8,2,3,,4,DOUMER (AVENUE PAUL),0,,2,2,0,1,(1),(1),1,, -1,1,0,1,30,10,8,1,54,54547,2,1,0,3,DOUMER (AVENUE PAUL),48.6749163779,6.1872406304,18,2,2
202100046373,118Â 878,A01,1,1,1,5,1,0,-1,0,0,-1,2021,93.0,1,2,1,0,7,14,1,,4,RUE DU COMMANDANT GUILBAUD,0,,3,2,0,1,(1),(1),1,, -1,1,0,1,50,27,3,1,75,75116,2,1,0,6,RUE DU COMMANDANT GUILBAUD,48.8399967787,2.2515588999,17,1,1
202100013683,177Â 242,B01,1,1,1,9,2,0,-1,0,0,-1,2021,44.0,1,1,0,2,1,1,1,,4,AVENUE CORENTIN CARIOU,0,,2,3,0,1,(1),(1),1,, -1,1,0,1,30,8,10,5,75,75119,2,1,0,3,AVENUE CORENTIN CARIOU,48.895495,2.38318,23,2,2
202100043490,123Â 923,B01,1,1,2,0,8,-1,-1,0,0,-1,2021,19.0,2,2,0,2,3,1,1,,3,3,-1,,2,2,0,1,(1),(1),1,, -1,1,0,1,70,16,4,1,59,59110,1,1,1,1,5 Route de la Colme,50.948033,2.312352,16,2,2
202100033302,142Â 243,A01,10,3,1,9,0,-1,-1,3,3,1,2021,34.0,2,2,0,1,8,0,1,,4,ARISTIDE BRIAND                     (AV),0,,1,2,0,1,(1),(1),1,, -1,1,0,1,50,14,6,1,69,69199,2,1,0,6,ALBERT THOMAS (AV),45.7068784425,4.8590180576,16,2,1
202100020857,164Â 365,A01,1,1,1,5,2,8,-1,-1, -1,-1,2021,29.0,2,1,0,2,8,1,1,,4,MAGINOT (AV. ANDRE),0,,2,2,1,1,(1),(1),1,, -1,1,0,1,50,4,9,5,37,37261,2,1,0,6,MAGINOT (AV. ANDRE),47.4144802743,0.6876316778,20,2,2
202100002817,196Â 736,A01,10,3,2,0,0,-1,-1,3,3,1,2021,44.0,3,2,0,1,1,1,1,,4,,0,,1,2,3,1,1,0,1,, -1,1,9,1,50,13,12,1,92,92073,2,7,0,6,PAIX (PLACE DE LA),48.864575,2.205939,14,2,1
202100048561,114Â 949,A01,10,3,2,9,0,-1,-1,3,3,1,2021,33.0,1,2,0,1,1,1,1,,4,RUE DES PYRENEES,0,,2,2,3,1,(1),(1),1,, -1,1,0,1,50,9,3,1,75,75120,2,4,0,6,RUE DES PYRENEES,48.853998,2.405737,12,2,1
202100023275,160Â 012,B01,1,1,1,0,1,0,-1,0,0,-1,2021,62.0,3,2,0,2,2,1,1,,4,BOSSERVILLE (ROUTE DE),0,,2,2,0,1,(1),(1),2,, -1,1,0,1,50,20,8,1,54,54495,1,1,0,1,BOSSERVILLE (ROUTE DE),48.6840960273,6.245423045,15,2,2
202100012208,179Â 894,A01,10,3,2,5,0,-1,-1,3,3,2,2021,2.0,1,2,0,1,2,26,1,,4,,0,,2,2,0,1,(1),(1),1,, -1,1,9,1,50,14,10,1,36,36044,2,1,0,6,Rue EugÃ¨ne Delacroix,46.8031,1.70638,8,2,1
202100009167,185Â 330,A01,1,1,1,5,8,-1,-1,0,0,-1,2021,31.0,1,2,11,0,0,1,1,,1,51,0,A,3,2,0,1,2,0,1,, -1,1,9,3,110,7,11,3,38,38524,1,1,0,6,A51 pk 002+000,45.102699,5.676284,0,1,1
202100041153,128Â 041,A01,1,1,1,1,2,8,-1,-1, -1,-1,2021,21.0,1,1,0,2,2,14,1,,3,MICHELET (AVE) : DU 1 AU 103,0,,2,2,1,1,0,0,1,, -1,2,0,1,30,5,5,1,93,93070,2,1,1,2,MICHELET (AVE) : DU 1 AU 103,48.907577,2.344179,12,2,2
202100037797,134Â 101,A01,10,3,2,5,0,-1,-1,1,3,1,2021,32.0,2,1,0,1,1,1,1,,7,AGAU (AVENUE DE L'),0,,-1,2,0,1,0,474,1,, -1,1,0,1,80,28,5,1,34,34129,1,1,0,6,AGAU (AVENUE DE L'),43.58637,3.90825,18,2,1
202100010916,182Â 215,B01,1,1,1,0,1,-1,-1,0,0,-1,2021,24.0,1,2,0,2,4,1,1,,4,BLUM LEON,0,,2,4,0,1,(1),(1),1,, -1,1,0,1,50,30,8,1,29,29019,2,1,0,4,Boulevard LÃ©on Blum,48.4077,-4.4851,16,3,3
202100022801,160Â 848,A01,2,2,2,0,1,0,-1,0,0,-1,2021,20.0,1,2,0,0,9,26,1,,4,SAHUT (RUE DU DOCTEUR),0,,1,2,0,2,(1),(1),2,, -1,1,0,1,50,22,8,5,63,63014,2,1,0,7,SAHUT (RUE DU DOCTEUR),45.75052,3.10553,23,2,1
202100044752,121Â 722,A01,1,1,2,3,1,5,-1,0,0,-1,2021,84.0,1,2,0,2,1,13,1,,3,319,0,D,2,2,0,1,5,190,2,0,"5,4",1,0,1,50,9,4,1,16,16181,2,1,0,1,Lotissement le Pre Meunier,46.071303,0.671915,13,2,2
202100053253,106Â 543,B01,1,1,1,9,2,0,-1,0,0,-1,2021,68.0,2,1,0,2,2,3,3,,4,QUAI DE L HOTEL DE VILLE,0,,2,4,0,1,(1),(1),1,, -1,1,0,1,50,28,1,1,75,75104,2,2,0,5,QUAI DE L HOTEL DE VILLE,48.85344,2.357893,14,3,3
202100024452,157Â 970,B01,1,1,1,5,2,6,-1,0,0,-1,2021,48.0,2,1,0,2,1,1,1,,3,4,0,,2,2,0,2,77,800,1,, -1,1,0,1,80,13,8,2,4,4143,1,2,0,3,Ch des Buissonnades / RD 4,43.884847,5.908416,19,8,2
202100047880,116Â 158,B01,1,1,1,0,1,-1,-1,0,0,-1,2021,65.0,2,2,7,2,3,2,1,,3,651,0,D,2,2,0,1,31,962,1,, -1,1,5,1,80,17,3,1,33,33436,1,2,0,3,,44.521401,-0.626909,11,6,2
202100010578,182Â 819,A01,1,1,1,5,2,6,-1,-1, -1,-1,2021,25.0,2,1,0,2,1,1,1,,3,MAURICE BERTEAUX (AV),0,,2,2,0,1,1,0,1,, -1,1,0,1,50,28,10,1,94,94059,2,3,0,3,Avenue Maurice Berteaux,48.81212,2.56721,15,2,2
202100037256,135Â 084,A01,1,1,1,1,1,-1,-1,0,0,-1,2021,31.0,1,2,0,2,1,1,1,,3,PLOGONNEC ROUTE DE,0,,2,2,0,1,3,500,1,, -1,2,0,1,70,4,5,1,29,29232,1,1,1,1,Route de Plogonnec,48.02324,-4.10779,9,2,2
202100002748,196Â 855,B01,1,1,2,1,4,-1,-1,-1, -1,-1,2021,30.0,3,1,0,2,8,1,3,,4,1ER MARS 1943    (Rue du),0,,2,2,2,1,(1),(1),1,, -1,1,0,1,50,15,12,5,69,69266,2,2,0,1,1ER MARS 1943 (DU) (RUE),45.7645491111,4.8894417286,18,2,2
202100041611,127Â 225,B01,1,1,1,5,2,-1,-1,0,0,-1,2021,37.0,1,1,0,2,8,1,1,,3,98,-1,A,2,2,0,2,59,350,2,, -1,1,0,1,70,4,5,1,83,83065,1,1,0,3,RD98a,43.26223,6.603553,18,2,2
202100024312,158Â 210,A01,10,3,1,1,0,-1,-1,0,0,-1,2021,55.0,1,2,0,1,1,1,2,,4,BOULEVARD DE LA VILLETTE,0,,2,7,1,1,(1),(1),1,, -1,1,0,1,50,13,8,2,75,75119,2,2,0,6,BOULEVARD DE LA VILLETTE,48.882383,2.37041,6,2,1
202100017586,170Â 190,B01,2,2,2,9,2,8,-1,-1, -1,-1,2021,39.0,2,1,0,2,3,1,1,,1,A507 sens Aubagne- Marseille,0,,-1,3,0,1,10,0,1,, -1,1,0,1,70,22,9,1,13,13055,1,1,0,2,A507 sens Aubagne- Marseille,43.33,5.403,7,3,2
202100009317,185Â 050,A01,10,3,1,5,0,-1,-1,2,3,1,2021,9.0,0,2,0,1,8,26,1,,4,39,0,,2,2,0,1,0,0,1,, -1,1,0,1,50,5,11,5,92,92064,2,1,0,6,MONT VALERIEN,48.8537855482,2.215783596,19,2,1
202100015344,174Â 283,B01,1,1,1,1,2,6,-1,-1, -1,-1,2021,38.0,1,1,0,2,3,1,1,,4,TOULON (AVENUE DE),0,,2,2,3,2,0,0,1,, -1,1,0,1,50,3,10,1,13,13210,2,1,0,3,TOULON (AVENUE DE),43.28338,5.39795,17,2,2
202100052226,108Â 351,A01,1,1,1,5,2,0,-1,-1, -1,-1,2021,32.0,1,1,0,2,1,1,1,,7,PIOLINE (CH DE LA),0,,2,2,0,1,0,90,1,, -1,1,0,1,50,7,2,1,13,13001,2,1,0,2,PIOLINE (CH DE LA),43.51028,5.40948,12,2,2
202100010398,183Â 125,B01,1,1,2,0,1,-1,-1,0,0,-1,2021,49.0,2,2,0,2,4,2,1,,2,6,-1,,1,1,0,3,(1),(1),1,, -1,2,0,6,-1,29,10,1,91,91225,1,1,1,2,N6,48.660795,2.517307,15,2,2