Num_Acc,id_vehicule,num_veh,place,catu,sexe,trajet,secu1,secu2,secu3,locp,actp,etatp,year_acc,victim_age,senc,catv,obs,obsm,choc,manv,motor,occutc,catr,voie,v1,v2,circ,nbv,vosp,prof,pr,pr1,plan,lartpc,larrout,surf,infra,situ,vma,jour,mois,lum,dep,com,agg_,int,atm,col,adr,lat,long,hour,nb_victim,nb_vehicules
202100019244,167Â 230,A01,1,1,1,5,2,6,9,0,0,-1,2021,66.0,2,1,2,0,1,13,1,,3,986,-1,,2,2,0,1,21,800,1,, -1,1,0,3,50,12,9,1,63,63386,1,1,0,6,"D986, lieu-dit PRADES",45.743509,2.813251,12,1,1
202100027230,153Â 046,A01,2,2,1,9,8,0,-1,0,0,-1,2021,29.0,1,2,1,0,3,1,1,,4,RUE CRILLON,0,,1,2,0,1,(1),(1),1,, -1,1,0,1,50,23,7,1,75,75104,2,2,0,6,RUE CRILLON,48.849515,2.365647,16,2,1
202100053123,106Â 780,A01,1,1,1,5,2,-1,-1,0,0,-1,2021,18.0,0,1,0,0,0,0,1,,4,,-1,,2,2,0,1,(1),(1),1,, -1,1,5,1,50,29,1,1,33,33005,2,1,0,7,Boulevard Daniel Digneaux,44.749389,-1.076038,17,1,1
202100004817,193Â 174,Z01,10,3,1,9,8,8,-1,2,3,2,2021,7.0,1,1,0,1,1,1,5,,4,RUE DES TROIS BORNES,0,,1,1,2,2,(1),(1),1,, -1,2,0,1,30,4,12,5,75,75111,2,3,1,6,RUE DES TROIS BORNES,48.866177,2.371226,17,3,1
202100045013,121Â 265,A01,1,1,1,5,2,6,-1,-1, -1,-1,2021,22.0,2,1,0,2,1,3,1,,1,A86.EXT,0,,3,6,0,1,30,200,1,, -1,1,0,1,90,6,4,1,94,94033,1,1,0,4,A86.EXT,48.8507,2.49071,17,3,3
202100045199,120Â 947,D01,2,2,2,5,1,0,-1,-1, -1,-1,2021,19.0,2,2,0,2,4,2,1,,1,A507 sens Aubagne- Marseille,0,,1,3,0,1,3,769,1,, -1,1,0,1,70,4,4,1,13,13213,1,1,0,5,A507 sens Aubagne- Marseille,43.329821,5.405346,12,8,5
202100041505,127Â 421,A01,1,1,1,0,2,0,-1,-1, -1,-1,2021,16.0,1,1,0,2,6,17,1,,3,AV HENRI BARBUSSE,0,,2,2,0,1,0,100,1,, -1,1,0,1,50,3,5,1,91,91657,2,9,0,2,AV HENRI BARBUSSE,48.7008,2.42236,15,2,2
202100003472,195Â 547,B01,1,1,1,5,1,-1,-1,0,0,-1,2021,43.0,2,2,0,2,1,1,2,,3,612,-1,A,-1,2,0,1,2,710,1,, -1,1,0,1,-1,12,12,3,66,66210,1,1,0,1,cd 612a,42.6485803979,2.7834825218,0,8,2
202100041823,126Â 853,B01,2,2,1,5,2,6,-1,-1, -1,-1,2021,10.0,1,1,0,2,6,1,1,,4,BD CARNOT,0,,2,2,0,1,1,0,1,, -1,1,0,1,50,30,4,1,94,94002,2,2,0,3,Boulevard Carnot,48.79584,2.4259,11,3,2
202100022670,161Â 096,B01,1,1,1,5,2,0,-1,-1, -1,-1,2021,25.0,2,1,0,2,1,1,1,,4,NOUVELLE,0,,2,1,0,1,0,0,1,, -1,1,0,1,50,25,8,1,93,93029,2,9,0,3,Rue Nouvelle,48.9241282457,2.4355552197,20,2,2
202100055539,102Â 579,A01,1,1,1,0,2,8,-1,-1, -1,-1,2021,43.0,2,1,0,0,8,1,1,,3,EUGENE RENAULT (R),0,,2,4,0,1,0,0,1,, -1,2,0,1,50,11,1,1,94,94046,2,1,0,7,EUGENE RENAULT (R),48.81481,2.41735,13,1,1
202100000332,201Â 128,A01,1,1,2,0,1,-1,-1,0,0,-1,2021,72.0,2,2,13,0,1,17,1,,3,73,-1,D,2,2,0,1,(1),(1),1,, -1,1,0,3,80,9,12,3,59,59626,1,1,0,6,D73,50.292355,3.607893,18,1,1
202100054629,104Â 140,A01,1,1,1,5,2,6,-1,0,0,-1,2021,59.0,2,1,0,0,9,1,1,,4,,-1,,2,2,0,2,(1),(1),1,, -1,7,0,1,50,18,1,1,61,61293,2,1,0,7,Rue de la Poudriere,48.514767,0.547353,8,1,1
202100035850,137Â 614,B01,1,1,2,1,1,0,-1,-1, -1,-1,2021,29.0,2,2,0,2,4,2,1,,1,A50-Sens Aubagne vers Marseille,0,,3,3,0,1,2,0,1,, -1,1,0,1,90,8,6,1,13,13210,1,1,0,4,A50-Sens Aubagne vers Marseille,43.2846,5.41631,8,4,4
202100004833,193Â 146,B01,1,1,1,5,1,0,-1,-1, -1,-1,2021,25.0,1,1,0,0,7,1,1,,3,181,0,,3,4,0,1,0,0,3,, -1,2,3,1,50,4,12,3,92,92048,2,2,1,7,PAVE DES GARDES (ROUTE DU),48.812259169,2.2148019075,17,2,2
202100012008,180Â 247,A01,1,1,2,0,1,0,-1,0,0,-1,2021,20.0,1,2,0,2,1,26,1,,7,CRISTAL (AVENUE ERNEST),0,,2,2,0,1,(1),(1),1,, -1,1,0,1,50,19,10,2,63,63113,2,1,0,4,CRISTAL (AVENUE ERNEST),45.75943,3.14311,18,3,3
202100041721,127Â 033,A01,3,2,2,5,1,-1,-1,0,0,-1,2021,20.0,2,2,4,0,1,11,1,,2,106,0,N,3,4,0,1,24,900,1,, -1,1,0,1,110,2,5,1,30,30046,1,1,0,6,N106,43.99424,4.190258,18,5,1
202100027209,153Â 079,B01,1,1,1,0,2,6,-1,-1, -1,-1,2021,62.0,3,1,0,2,6,16,1,,4,BD DU PDT FRANKLIN ROOSEVELT,0,,3,4,0,1,(1),(1),1,, -1,1,0,1,50,24,7,5,33,33063,2,9,0,3,Boulevard du PrÃ©sident Franklin Roosevelt,44.81688,-0.57573,21,2,2
202100053774,105Â 626,B01,1,1,1,5,2,-1,-1,0,0,-1,2021,38.0,3,1,0,2,1,1,5,,9,3,0,F,2,2,0,2,0,350,1,, -1,1,0,1,30,26,1,1,974,97404,2,1,0,3,Route Forestiere,-21.265305,55.353498,12,2,2
202100003270,195Â 920,B01,1,1,1,9,1,5,-1,-1, -1,-1,2021,33.0,2,2,0,0,4,2,1,,3,REPUBLIQUE (AVENUE),0,,2,4,1,2,0,1,1,, -1,2,0,1,50,12,12,1,93,93031,2,1,1,5,REPUBLIQUE (AVENUE),48.948,2.33872,12,4,3
202100047539,116Â 791,A01,10,3,2,5,8,8,-1,4,3,1,2021,71.0,0,4,0,1,7,16,1,,3,STALINGRAD (AVENUE DE) COTE DES NÂ°51 AU,0,,2,4,0,1,0,1,1,, -1,2,0,1,50,18,3,1,93,93072,2,1,1,6,STALINGRAD (AVENUE DE) COTE DES NÂ°51 AU,48.9480716713,2.377077278,12,2,1
202100041674,127Â 113,A01,1,1,2,5,1,0,-1,-1, -1,-1,2021,33.0,1,2,2,0,1,1,1,,2,09 PK RN237 MOULIN JUSTICE RE,0,,3,4,0,1,0,750,1,, -1,1,0,8,90,2,5,1,17,17291,1,1,0,7,09 PK RN237 MOULIN JUSTICE RE,46.17757,-1.12668,19,1,1
202100029269,149Â 446,B01,1,1,2,5,1,8,-1,-1, -1,-1,2021,50.0,2,2,0,2,1,1,1,,2,Morne Salines,0,,2,2,0,2,(1),(1),1,, -1,1,0,1,70,11,7,1,971,97113,1,1,0,1,Morne Salines,16.209,-61.44217,17,2,2
202100026610,154Â 141,B01,5,2,1,0,8,0,-1,-1, -1,-1,2021,1.0,1,2,8,2,1,1,1,,4,RUE DE L'ALMA ANDRE BALLANDE,0,,-1,2,0,2,0,0,1,, -1,1,0,1,50,29,7,1,988,98818,2,2,0,3,RUE DE L'ALMA ANDRE BALLANDE,-22.26955,166.44335,8,7,2
202100020057,165Â 774,A01,1,1,2,5,1,0,-1,-1, -1,-1,2021,72.0,0,5,0,2,1,19,1,,4,,0,,-1,2,0,1,(1),(1),1,, -1,1,0,1,50,10,6,1,85,85194,2,2,0,3,RUE PAUL BERT,46.52937,-1.77805,14,3,2
202100051735,109Â 217,A01,1,1,2,0,1,-1,-1,0,0,-1,2021,49.0,2,2,0,2,1,13,1,,3,1508,-1,,2,2,0,1,29,300,3,, -1,5,0,1,80,12,2,3,74,74026,1,1,1,5,D1508,45.961234,6.035163,17,4,4
202100018097,169Â 274,A01,1,1,2,5,1,-1,-1,-1,0,-1,2021,20.0,1,2,4,0,1,14,1,,2,RN 184,0,,1,3,0,2,2,900,2,, -1,2,0,1,70,18,9,3,95,95572,1,1,1,6,RN 184,49.03223,2.10899,23,2,1
202100040202,129Â 738,A01,1,1,1,5,0,-1,-1,0,0,-1,2021,57.0,1,1,0,2,7,3,5,,3,CD NÂ°  226,0,,3,2,0,1,1,0,1,, -1,1,0,1,50,12,5,1,14,14167,2,1,0,3,D226,49.202221,-0.30657,18,1,2
202100031196,145Â 975,B01,1,1,1,9,2,6,-1,0,0,-1,2021,34.0,2,1,0,2,4,23,1,,4,BOULEVARD PASTEUR,0,,2,6,0,2,(1),(1),1,, -1,1,0,1,50,2,7,5,75,75115,2,1,0,2,BOULEVARD PASTEUR,48.839414,2.316132,22,2,2
202100008687,186Â 209,B01,1,1,1,5,2,6,-1,-1,0,-1,2021,45.0,3,1,0,2,1,1,1,,4,VALERY (AVEUE PAUL),0,,2,2,0,1,(1),(1),1,, -1,1,0,1,50,6,11,5,95,95585,2,1,0,1,VALERY (AVEUE PAUL),48.98028,2.37366,20,2,2
202100019022,167Â 637,B01,1,1,1,9,1,0,-1,-1, -1,-1,2021,19.0,2,5,0,2,2,26,1,,3,SEMARD(RUE PIERRE),0,,1,1,0,1,1,0,3,, -1,1,0,1,50,11,9,1,94,94011,2,9,0,3,Rue Pierre SÃ©mard,48.76332,2.47986,8,4,2
202100034147,140Â 725,A01,1,1,2,3,1,5,-1,0,0,-1,2021,68.0,2,2,17,0,2,1,1,,3,3,0,D,2,2,0,1,29,200,2,, -1,1,0,3,90,16,6,1,19,19154,1,1,0,7,D3,45.328436,1.456075,11,1,1
202100049472,113Â 331,A01,1,1,1,1,8,0,-1,-1, -1,-1,2021,32.0,1,1,0,2,1,1,0,,4,MICHEL RAMBAUD                      (R ),0,,1,1,0,1,(1),(1),1,, -1,1,0,1,50,2,3,2,69,69386,2,1,0,2,MICHEL RAMBAUD (R),45.7697718087,4.8598791787,18,2,2
202100051412,109Â 790,A01,1,1,1,5,1,0,-1,-1, -1,-1,2021,41.0,2,2,9,0,3,1,1,,4,SAINT JUST,0,,2,1,0,1,0,0,1,, -1,1,0,4,50,13,2,5,76,76351,1,1,0,6,SAINT JUST,49.51954,0.09317,2,1,1
202100049330,113Â 586,B01,1,1,1,5,2,-1,-1,0,0,-1,2021,37.0,1,1,0,2,1,1,1,,3,99,0,,2,2,0,1,19,794,1,, -1,1,0,1,60,5,3,1,13,13100,1,1,0,5,RD 99 - PK 19+794,43.796914,4.842711,17,3,3
202100043514,123Â 882,A01,1,1,1,5,2,-1,-1,0,0,-1,2021,34.0,3,1,13,0,1,1,1,,3,,-1,,2,2,0,2,2,463,4,, -1,2,0,3,70,18,4,1,6,6152,1,1,1,7,Route du Parc,43.620741,7.027941,17,1,1
202100011144,181Â 814,A01,1,1,1,5,1,-1,-1,0,0,-1,2021,74.0,1,2,6,0,3,5,1,,3,16,0,A,2,2,0,1,65,838,2,, -1,1,5,1,50,25,10,1,56,56013,2,3,0,3,Route dâEtel,47.660412,-3.185003,15,2,2
202100022616,161Â 190,A01,3,2,2,0,1,0,-1,0,0,-1,2021,8.0,0,2,0,2,1,1,1,,4,MALLY (RUE DU DR),0,,4,1,0,1,(1),(1),1,, -1,1,2,1,50,24,8,1,63,63113,2,1,0,1,MALLY (RUE DU DR),45.78977,3.12405,14,5,2
202100018461,168Â 632,D01,1,1,1,0,2,6,-1,0,0,-1,2021,30.0,2,1,0,2,1,1,1,,3,430,0,,3,4,0,1,(1),(1),1,, -1,1,3,1,110,17,9,1,68,68258,1,9,0,4,D430,47.826705,7.285491,17,5,5
202100050552,111Â 327,A01,2,2,1,5,1,5,-1,-1, -1,-1,2021,29.0,2,2,6,0,1,13,1,,4,RUE AUGUSTE BENEBIG,0,,2,2,0,4,0,0,1,, -1,1,0,4,50,21,2,5,988,98818,2,1,0,6,RUE AUGUSTE BENEBIG,-22.26805,166.46233,3,2,1
202100044727,121Â 767,B01,1,1,1,1,2,8,-1,-1, -1,-1,2021,22.0,1,1,0,2,7,17,1,,3,JAURES (AVENUE JEAN),0,,2,1,0,1,0,1,1,, -1,1,0,1,50,8,4,1,93,93064,2,1,0,3,JAURES (AVENUE JEAN),48.86578,2.48736,7,2,2
202100034490,140Â 077,A01,1,1,1,1,2,6,-1,0,0,-1,2021,35.0,2,1,11,0,1,6,1,,3,518,0,,3,2,0,1,10,(1),1,, -1,1,9,8,80,14,6,1,38,38144,1,1,0,7,Route DÃ©partementale 518,45.577966,5.091809,7,1,1
202100041871,126Â 779,A01,10,3,2,0,0,-1,-1,4,3,1,2021,44.0,2,2,0,1,1,15,1,,4,JEAN JAURES                         (AV),0,,2,2,0,1,(1),(1),1,, -1,2,0,1,50,30,4,1,69,69387,2,2,1,6,JEAN JAURES (AV),45.73615,4.83645,11,2,1
202100007484,188Â 377,A01,1,1,1,9,1,-1,-1,0,0,-1,2021,24.0,2,2,13,0,2,0,1,,3,122,0,A,2,2,0,1,19,450,2,,"3,8",1,0,1,80,18,11,3,79,79345,1,1,0,6,,46.547085,-0.274787,23,1,1
202100019880,166Â 098,B01,1,1,1,1,2,8,-1,0,0,-1,2021,59.0,2,1,1,2,2,1,1,,4,POINT DU JOUR (RUE DU),0,,2,2,0,1,(1),(1),1,, -1,1,0,1,50,8,9,1,27,27681,2,1,0,1,POINT DU JOUR (RUE DU),49.09561,1.48157,18,2,2
202100056395,101Â 096,A01,1,1,1,5,1,0,-1,-1, -1,-1,2021,23.0,2,2,6,0,1,13,1,,3,20,0,,3,4,0,4,0,0,1,, -1,2,0,1,70,1,1,3,91,91339,2,1,0,6,AV ROBERT BENOIST,48.63352,2.26504,22,1,1
202100030034,148Â 106,B01,1,1,2,1,8,0,-1,-1, -1,-1,2021,52.0,2,1,1,0,0,0,5,,3,GENERAL DE GAULLE (AV DU),0,,1,1,0,1,1,0,1,, -1,1,0,1,30,8,7,1,94,94046,2,1,0,6,GENERAL DE GAULLE (AV DU),48.804,2.42725,11,2,2
202100014900,175Â 080,A01,10,3,2,5,0,-1,-1,0,0,1,2021,50.0,2,2,0,1,3,2,1,,4,,0,,2,2,0,2,(1),(1),1,,5,1,0,3,90,2,10,3,43,43137,1,1,0,6,Route de Gournier Bas,45.290598,4.144988,2,2,1
202100037075,135Â 430,A01,1,1,1,1,2,0,-1,-1, -1,-1,2021,24.0,1,1,0,0,1,13,1,,4,,0,,1,1,0,1,0,0,1,, -1,1,0,1,50,1,6,1,92,92049,2,1,0,7,VANNE RUE DE LA,48.8131136041,2.3278749619,18,1,1
202100027947,151Â 748,A01,10,3,1,5,0,-1,-1,4,3,2,2021,25.0,2,2,0,1,2,3,1,,4,JULES GUESDE (BDL),0,,2,3,0,1,0,0,1,, -1,1,0,1,50,20,7,1,10,10387,2,2,1,6,JULES GUESDE (RUE),48.29401,4.081826,17,2,1
202100035227,138Â 735,A01,1,1,1,5,2,0,-1,-1, -1,-1,2021,47.0,1,1,0,2,1,0,1,,3,AV FRANCOIS MITTERRAND,0,,-1,2,0,1,0,0,1,, -1,1,0,1,50,10,6,5,91,91027,2,3,0,3,AV FRANCOIS MITTERRAND,48.71611,2.37095,0,4,2
202100028157,151Â 371,A01,10,3,2,5,0,-1,-1,4,3,1,2021,73.0,1,2,0,1,3,15,1,,4,CELESTINS (AVENUE DES),0,,2,2,0,1,0,0,1,, -1,1,0,1,50,3,7,1,3,3310,2,2,0,6,CELESTINS (AVENUE DES),46.12338,3.42871,10,2,1
202100020012,165Â 857,B01,1,1,1,4,2,6,-1,-1, -1,-1,2021,42.0,2,1,0,2,8,3,1,,1,AUTOROUTE A6,0,,-1,6,0,1,22,0,1,, -1,1,0,1,110,9,9,1,91,91286,1,1,0,4,AUTOROUTE A6,48.64906,2.38533,16,3,3
202100043610,123Â 726,B01,1,1,1,9,2,0,-1,-1, -1,-1,2021,30.0,1,1,14,0,0,0,1,,4,BOULEVARD DES CITES,0,,2,1,0,1,(1),(1),1,, -1,1,8,1,50,17,4,1,973,97302,2,3,0,3,CABASSOU (ROUTE DE),4.91926,-52.31763,12,2,2
202100043026,124Â 766,A01,1,1,1,5,8,0,-1,-1, -1,-1,2021,70.0,2,1,0,2,1,1,5,,3,MILLET (AVENUE JEAN-FRANCOIS),0,,3,6,0,1,25,596,1,, -1,1,5,1,50,22,4,1,50,50129,2,4,0,3,MILLET (AVENUE JEAN-FRANCOIS),49.633834,-1.622318,13,2,2
202100004971,192Â 903,A01,1,1,1,4,1,-1,-1,0,0,-1,2021,54.0,2,5,0,2,1,13,1,,7,971,-1,,2,2,0,2,8,508,1,, -1,2,0,1,70,3,12,2,21,21315,1,1,1,1,CD971 - PK 8 +508,47.373252,4.951245,17,2,2
202100041088,128Â 167,B01,1,1,2,1,8,0,-1,-1, -1,-1,2021,36.0,2,1,0,2,1,25,3,,3,AMIENS (D'),0,,2,2,0,1,4,0,1,, -1,1,9,4,30,5,5,1,60,60159,2,7,0,6,Rue dâAmiens,49.42211,2.82164,8,2,2
202100037663,134Â 336,B01,1,1,1,1,2,6,-1,0,0,-1,2021,18.0,3,1,0,2,1,1,1,,4,,-1,,2,2,0,1,(1),(1),1,,"4,5",1,0,1,50,30,5,1,29,29259,1,1,0,1,Route de Keradennec,48.695974,-4.007649,7,3,2
202100033184,142Â 449,A01,1,1,2,0,2,0,-1,-1, -1,-1,2021,47.0,2,1,0,2,1,1,1,,7,GIENS (ROUTE DE ),0,,2,2,0,1,5,340,1,, -1,1,0,1,50,19,6,1,83,83069,1,1,0,2,GIENS (ROUTE DE ),43.06548,6.14722,18,2,2
202100004433,193Â 840,A01,1,1,1,5,1,-1,-1,0,0,-1,2021,72.0,1,2,4,0,2,13,1,,1,6,0,,3,5,0,1,344,400,1,, -1,2,0,2,130,6,12,3,71,71384,1,1,1,6,A6,46.685328,4.844874,23,1,1
202100001983,198Â 255,B01,1,1,1,4,1,5,-1,-1, -1,-1,2021,23.0,1,5,0,2,2,1,1,,1,86,0,,1,2,0,1,12,0,1,, -1,1,9,1,90,21,12,3,92,92078,1,1,0,3,AUTOROUTE A86,48.927485441,2.3328405619,1,2,2
202100040409,129Â 380,B01,1,1,2,5,1,-1,-1,0,0,-1,2021,37.0,2,2,0,2,3,1,1,,3,706,-1,,2,2,0,3,8,230,3,, -1,1,0,1,70,12,5,1,64,64472,1,1,0,1,18 Route de Serres-castet,43.37569,-0.315508,14,2,2
202100012738,178Â 949,A01,1,1,1,5,2,6,-1,0,0,-1,2021,57.0,3,1,0,0,0,0,1,,3,,-1,,2,2,0,1,0,0,1,, -1,9,0,1,80,16,10,1,28,28052,1,9,0,7,D327,48.545329,1.520383,15,1,1
202100019187,167Â 333,A01,1,1,1,5,2,0,-1,-1, -1,-1,2021,33.0,2,1,0,2,0,1,5,,4,CHAIGNOT (DU) (RUE),0,,2,2,0,1,0,0,1,, -1,1,0,1,50,12,9,5,21,21231,2,1,0,1,CHAIGNOT (DU) (RUE),47.3170502409,5.0374776409,2,2,2
202100011268,181Â 596,A01,1,1,2,5,1,5,-1,0,0,-1,2021,81.0,1,2,0,2,3,1,1,,3,29,-1,,2,2,0,2,2,865,1,, -1,1,0,1,80,25,10,1,57,57497,1,1,1,1,D29,48.977161,6.858602,11,2,2
202100001701,198Â 748,B01,4,2,1,0,1,0,-1,-1, -1,-1,2021,17.0,0,2,0,2,5,9,1,,4,BOTTICELLI (RUE),0,,1,0,0,1,(1),(1),2,, -1,1,0,1,50,21,12,5,80,80021,2,6,0,3,BOTTICELLI (RUE),49.9225,2.3032,0,3,2
202100020486,165Â 018,A01,10,3,1,9,0,-1,-1,2,1,1,2021,67.0,1,2,0,1,2,2,1,,4,ROYALE                              (R ),0,,1,1,2,1,(1),(1),1,, -1,1,0,1,30,6,9,1,69,69381,2,1,0,6,ROYALE (R),45.77193,4.83724,15,2,1
202100019084,167Â 531,A01,1,1,1,1,2,-1,-1,0,0,-1,2021,15.0,3,1,0,2,1,19,1,,4,25,-1,,2,2,0,1,(1),(1),1,, -1,1,0,1,30,14,9,1,67,67045,2,2,0,3,25 Rue des Vergers,48.49042,7.489645,12,2,2
202100008125,187Â 204,A01,1,1,1,0,1,0,-1,-1, -1,-1,2021,22.0,1,2,0,9,1,1,1,,1,AUTOROUTE A1,0,,-1,6,0,1,37,799,1,, -1,1,0,1,130,15,11,3,60,60631,1,1,1,1,AUTOROUTE A1,49.1658967625,2.5990379316,2,2,2
202100021335,163Â 517,A01,1,1,2,5,2,6,-1,0,0,-1,2021,21.0,1,1,17,0,8,1,1,,3,28,-1,,2,2,0,1,12,450,2,, -1,1,0,1,50,15,8,1,56,56233,1,1,0,6,Lieu Dit Kerarno,47.579931,-2.998002,19,1,1
202100053099,106Â 818,B01,1,1,1,0,2,0,-1,-1, -1,-1,2021,26.0,2,1,0,2,1,14,1,,4,VALMY (RUE DE),0,,3,2,0,1,0,0,1,, -1,2,0,1,50,30,1,1,93,93027,2,1,0,1,VALMY (RUE DE),48.92247,2.38131,14,2,2
202100039861,130Â 333,B01,2,2,2,3,1,-1,-1,0,0,-1,2021,74.0,1,2,12,2,3,1,1,,3,912,0,A,3,1,0,1,7,619,1,, -1,1,5,3,50,11,5,1,23,23176,2,6,0,3,Avenue de la Liberte,46.235487,1.488948,15,6,2
202100023649,159Â 351,B01,1,1,2,1,2,6,9,0,0,-1,2021,56.0,1,1,0,2,8,1,1,,3,6110,0,D,2,2,0,1,26,700,1,, -1,1,0,1,50,18,8,1,30,30146,2,1,0,3,D6110,43.99266,4.105411,17,2,2
202100026807,153Â 808,A01,1,1,2,0,1,0,-1,0,0,-1,2021,55.0,1,2,0,2,3,15,1,,7,ORADOU (RUE DE L'),0,,2,2,0,1,(1),(1),1,, -1,1,0,1,50,23,7,1,63,63113,2,3,0,3,ORADOU (RUE DE L')/ Printemps,45.76715,3.12009,18,2,2
202100006294,190Â 543,C01,1,1,1,4,2,0,-1,0,0,-1,2021,43.0,2,1,0,2,0,1,1,,4,RUE DE BERCY,0,,2,4,2,1,(1),(1),1,, -1,1,0,1,30,24,11,1,75,75112,2,1,0,4,RUE DE BERCY,48.841708,2.377195,11,3,3
202100002103,198Â 039,A01,1,1,1,5,8,-1,-1,0,0,-1,2021,25.0,1,2,13,0,1,1,1,,3,107,0,,2,2,0,1,29,600,1,, -1,1,0,3,80,21,12,3,42,42065,1,1,0,6,Route de Feurs,45.768945,4.245299,23,2,1
202100013784,177Â 068,A01,1,1,2,1,1,0,-1,-1, -1,-1,2021,40.0,1,2,0,2,4,2,1,,1,A7-Sens Lyon vers Marseille,0,,1,3,0,2,273,0,3,, -1,1,3,8,90,12,10,1,13,13215,1,1,0,2,A7-Sens Lyon vers Marseille,43.3738,5.35459,10,2,2
202100036168,137Â 041,A01,1,1,1,0,2,-1,-1,0,0,-1,2021,38.0,2,1,0,2,1,17,1,,2,301,-1,,2,2,0,1,12,150,1,, -1,1,0,1,30,6,6,1,987,98753,1,1,0,2,RT 301 - pk12+150,-23.39509,-149.472202,8,3,2
202100042868,125Â 040,B01,1,1,1,5,2,0,-1,0,0,-1,2021,67.0,1,1,0,2,4,1,1,,4,SAPINIERE (RUE DE LA),0,,2,3,0,1,(1),(1),1,, -1,1,0,1,50,23,4,1,54,54304,2,2,0,3,SAPINIERE (RUE DE LA),48.6932930765,6.1280972511,12,2,2
202100019177,167Â 354,A01,1,1,1,0,0,0,-1,-1, -1,-1,2021,15.0,2,1,0,1,1,1,0,,4,RAVAZ (AVENUE DU PROFESSEUR LOUIS,0,,2,2,0,1,(1),(1),1,, -1,1,0,1,30,12,9,1,34,34172,2,1,0,6,RAVAZ (AVENUE DU PROFESSEUR LOUIS,43.62164,3.84755,18,2,1
202100012007,180Â 249,A01,1,1,2,9,2,6,-1,-1, -1,-1,2021,16.0,2,1,0,2,1,1,1,,3,SOULT (AVENUE MARECHAL),0,,2,4,3,1,8,254,1,, -1,1,0,1,50,19,10,1,64,64102,2,9,0,2,SOULT (AVENUE MARECHAL),43.485737,-1.49138,17,2,2
202100016708,171Â 756,B01,1,1,2,1,1,-1,-1,0,0,-1,2021,42.0,2,2,0,0,4,15,1,,3,926,0,D,2,2,0,1,(1),(1),1,, -1,1,0,1,50,24,9,5,81,81289,2,6,0,2,Avenue de Castres,43.5561767926,2.116802673,5,2,2
202100014391,175Â 986,A01,10,3,2,5,0,-1,-1,9,B,2,2021,21.0,3,2,0,1,1,20,1,,6,FRANCAISE (AVENUE DE LA 1ERE ARMEE),0,,-1,-1,3,1,0,0,1,, -1,1,9,4,30,8,10,5,14,14118,2,1,0,6,FRANCAISE (AVENUE DE LA 1ERE ARMEE),49.18868,-0.38297,6,2,1
202100019055,167Â 580,A01,2,2,2,5,1,-1,-1,0,0,-1,2021,16.0,2,2,2,0,1,1,1,,3,33,-1,,2,2,0,1,3,882,1,, -1,1,0,3,90,22,8,1,72,72031,1,1,0,6,Route de Tuffe,48.088189,0.512817,13,2,1
202100001410,199Â 255,A01,2,2,1,5,2,6,-1,0,0,-1,2021,17.0,1,1,0,2,1,16,1,,4,,-1,,1,2,1,1,(1),(1),1,,4,2,0,1,30,26,12,2,37,37050,2,3,1,1,34 Rue de la Plaine,47.3424855464,0.7148952037,17,3,2
202100013065,178Â 391,A01,1,1,1,0,8,0,-1,-1, -1,-1,2021,23.0,3,1,0,2,8,19,3,,7,LISFRANC-CROISE LAROCHE PLACE,0,,2,8,1,1,(1),(1),1,, -1,1,9,1,50,14,10,1,59,59378,2,3,0,3,LISFRANC-CROISE LAROCHE PLACE,50.66498,3.10217,12,2,2
202100048221,115Â 560,A01,1,1,1,5,2,8,-1,-1, -1,-1,2021,18.0,1,1,0,0,0,26,1,,9,DE VILLIERS 5CHEMIN ADAM),0,,2,2,3,1,0,0,3,, -1,1,9,1,50,12,3,1,974,97416,1,1,0,7,DE VILLIERS 5CHEMIN ADAM),-21.2741506926,55.4987015979,9,1,1
202100018140,169Â 192,C01,1,1,1,0,8,0,-1,-1, -1,-1,2021,39.0,2,2,0,2,1,1,1,,4,AZONE (RUE DE L'AZONE),0,,2,2,0,1,(1),(1),1,, -1,1,0,1,50,17,9,1,45,45067,1,2,0,5,Route de Chaingy,47.895329521,1.8094385862,19,4,3
202100046646,118Â 387,B01,1,1,1,1,2,0,-1,0,0,-1,2021,34.0,2,1,0,2,8,18,5,,4,RUE DU FAUBOURG DU TEMPLE,0,,1,2,0,1,(1),(1),1,, -1,2,0,1,50,25,3,1,75,75110,2,1,1,3,RUE DU FAUBOURG DU TEMPLE,48.871797,2.376247,8,2,2
202100038252,133Â 271,A01,1,1,1,1,6,2,-1,0,0,-1,2021,26.0,2,1,0,2,1,0,1,,4,,-1,,2,2,0,2,(1),(1),3,, -1,1,0,1,50,27,5,1,974,97410,2,1,0,2,151 Chemin Camalon,-21.052062,55.697637,8,2,2
202100023585,159Â 479,A01,1,1,1,5,1,0,-1,-1, -1,-1,2021,25.0,1,2,0,2,1,1,1,,4,,0,,3,2,3,1,(1),(1),1,, -1,1,5,1,50,18,8,1,45,45234,2,3,0,3,Avenue de la Mouillere,47.8831548115,1.9094951749,20,5,2
202100056019,101Â 751,B01,1,1,1,0,2,6,-1,-1, -1,-1,2021,41.0,2,1,0,2,3,1,1,,2,,0,,2,7,2,1,0,500,1,, -1,1,0,1,50,6,1,1,69,69388,2,2,0,1,JEAN MERMOZ (AV),45.7306508063,4.8875574768,13,2,2