Num_Acc,id_vehicule,num_veh,place,catu,sexe,trajet,secu1,secu2,secu3,locp,actp,etatp,year_acc,victim_age,senc,catv,obs,obsm,choc,manv,motor,occutc,catr,voie,v1,v2,circ,nbv,vosp,prof,pr,pr1,plan,lartpc,larrout,surf,infra,situ,vma,jour,mois,lum,dep,com,agg_,int,atm,col,adr,lat,long,hour,nb_victim,nb_vehicules
202100033274,142Â 294,A01,1,1,1,5,2,-1,-1,0,0,-1,2021,47.0,3,6,1,0,1,1,1,,4,,-1,,2,2,0,1,(1),(1),1,,5,1,0,1,50,14,6,1,57,57433,2,3,1,6,Rue de Rome,49.200088,6.163024,14,3,2
202100052902,107Â 157,A01,10,3,1,5,0,-1,-1,2,5,1,2021,55.0,2,1,0,1,1,1,1,,4,LONGCHAMP (BOULEVARD)   1 A 21,0,,2,0,3,1,0,0,1,, -1,1,9,1,30,31,1,2,13,13201,2,1,0,6,LONGCHAMP (BOULEVARD)   1 A 21,43.303,5.3917,17,2,1
202100006269,190Â 585,A01,1,1,1,9,1,0,-1,-1, -1,-1,2021,21.0,3,2,0,2,5,10,1,,4,MADRAGUE VILLE (chemin de la),0,,2,2,0,1,0,0,1,, -1,2,0,1,50,25,11,5,13,13215,2,1,1,2,MADRAGUE VILLE (chemin de la),43.33537,5.35783,20,3,2
202100021694,162Â 857,A01,2,2,1,5,1,-1,-1,0,0,-1,2021,18.0,1,2,0,2,1,5,1,,3,232,0,,2,2,0,1,5,200,2,, -1,1,0,1,80,1,9,3,202,202224,1,1,0,1,lieu-dit LORO,42.841775,9.454064,1,5,2
202100028153,151Â 380,A01,2,2,2,5,1,0,-1,-1, -1,-1,2021,19.0,1,2,0,2,4,15,1,,4,MAJOR GENERAL VANIER (AVENUE),0,,1,2,0,1,(1),(1),1,, -1,1,0,1,50,15,7,1,10,10387,2,2,0,2,MAJOR GENERAL VANIER (AVENUE),48.305219,4.07419,14,5,2
202100015851,173Â 341,B01,1,1,1,5,1,0,-1,0,0,-1,2021,40.0,1,2,0,2,4,1,1,,1,A4,0,,3,4,0,1,6,0,1,, -1,2,0,1,90,1,10,3,75,75112,1,1,1,4,A4,48.8239788177,2.4631047249,22,3,3
202100008160,187Â 135,A01,1,1,2,0,0,-1,-1,0,0,-1,2021,16.0,1,1,9,0,0,1,1,,3,4,0,D,2,2,0,1,25,430,1,, -1,2,0,4,50,14,11,1,38,38425,2,1,1,7,rue sacco et vanzetti,45.379493,4.791343,14,1,1
202100037198,135Â 191,A01,2,2,1,0,1,0,-1,-1, -1,-1,2021,20.0,1,5,2,0,6,13,1,,3,D 607,0,,2,2,0,1,34,121,1,, -1,1,3,1,70,31,5,3,77,77216,1,9,0,6,D 607,48.298363,2.6802,4,4,1
202100042091,126Â 394,A01,10,3,1,5,0,-1,-1,2,3,1,2021,71.0,1,2,0,1,3,15,1,,3,12,0,,2,2,0,1,18,650,1,, -1,2,0,1,50,30,4,1,71,71373,2,7,1,6,3 Rue de l'HÃ´tel-de-ville,46.502207,5.067476,9,2,1
202100032356,143Â 926,B01,1,1,1,4,8,0,-1,-1, -1,-1,2021,20.0,2,1,0,2,2,1,3,,3,COMMUNE DE PARIS AVENUE DE LA,0,,1,3,0,1,0,0,1,, -1,1,0,1,50,25,6,1,92,92050,2,3,0,3,COMMUNE DE PARIS AVENUE DE LA,48.905541,2.208934,13,2,2
202100027218,153Â 064,A01,1,1,1,0,1,-1,-1,0,0,-1,2021,54.0,1,2,0,0,1,2,1,,3,CD NÂ°  513,0,,2,2,0,1,1,0,1,, -1,1,0,1,50,24,7,1,14,14167,2,1,0,6,D513,49.20229,-0.28958,8,1,1
202100048857,114Â 429,Y01,1,1,1,5,2,0,-1,-1, -1,-1,2021,76.0,2,1,1,0,1,1,5,,4,DOUMER  (PORTIQUE),0,,2,2,0,2,(1),(1),1,, -1,1,0,1,50,6,3,1,17,17306,2,1,0,6,DOUMER  (PORTIQUE),45.626543,-1.027245,9,2,2
202100033007,142Â 747,B01,2,1,1,5,2,8,-1,-1, -1,-1,2021,17.0,3,1,0,2,0,0,0,,4,DOMENJOD (ROUTE DE),0,,2,1,0,2,0,0,1,, -1,1,5,1,50,21,6,1,974,97411,1,3,0,3,DOMENJOD (ROUTE DE),-20.91216,55.50235,11,2,2
202100039889,130Â 289,A01,4,2,1,5,1,-1,-1,0,0,-1,2021,11.0,3,2,2,0,1,1,1,,4,,-1,,2,2,0,1,(1),(1),3,, -1,9,0,3,30,14,5,3,88,88020,1,1,0,6,chemin forestier,48.492919,5.869585,22,5,1
202100049444,113Â 380,B01,1,1,2,0,1,-1,-1,0,0,-1,2021,41.0,0,2,0,2,1,1,1,,3,519,0,F,2,2,0,1,0,800,1,, -1,1,0,1,70,3,3,1,38,38198,1,2,0,1,Route de Saint-sulpice,45.339259,4.944304,16,4,2
202100033747,141Â 447,B01,7,2,2,5,1,-1,-1,0,0,-1,2021,17.0,2,2,0,2,8,1,1,,3,94,-1,,2,2,0,1,34,200,1,, -1,1,0,1,80,19,6,1,26,26377,1,1,0,1,D94,44.309457,5.040376,17,5,2
202100018018,169Â 419,B01,1,1,2,9,1,0,-1,0,0,-1,2021,35.0,2,2,0,2,3,1,1,,4,RUE D ORSEL,0,,2,2,0,1,(1),(1),1,, -1,1,0,1,30,19,9,1,75,75118,2,2,0,3,RUE D ORSEL,48.883928,2.344579,8,2,2
202100034696,139Â 707,B01,1,1,2,0,1,-1,-1,0,0,-1,2021,23.0,2,2,0,2,3,16,1,,4,0,0,,2,2,0,1,14,150,1,, -1,1,0,1,50,10,6,1,77,77520,2,3,0,3,Rue de la Place,48.318386,2.652962,13,2,2
202100046870,117Â 998,A01,1,1,1,5,8,-1,-1,-1,0,-1,2021,22.0,3,1,2,0,1,26,3,,4,BETHUNES (AVENUE DES),0,,3,2,1,1,(1),(1),1,, -1,1,0,1,50,20,3,1,95,95572,2,1,0,6,BETHUNES (AVENUE DES),49.0378729193,2.1458368951,18,1,1
202100051314,109Â 949,Z01,10,3,1,3,0,-1,-1,3,3,2,2021,13.0,1,2,0,1,1,1,1,,4,RUE SAINT JACQUES,0,,1,2,0,1,(1),(1),1,, -1,1,0,1,50,15,2,1,75,75105,2,5,0,6,RUE SAINT JACQUES,48.850814,2.345525,14,4,1
202100038256,133Â 266,A01,1,1,2,5,1,-1,-1,0,0,-1,2021,28.0,1,2,2,0,8,0,1,,3,127,-1,,2,1,0,2,10,162,1,, -1,1,0,3,-1,26,5,3,76,76050,1,1,0,6,Rue de lâEtang,49.8571107341,0.9553835582,21,1,1
202100043405,124Â 076,A01,10,3,1,5,8,8,-1,4,3,1,2021,52.0,1,2,0,1,2,1,1,,4,BENEBIG (RUE AUGUSTE),0,,2,3,0,2,0,0,1,, -1,1,0,8,50,7,4,5,988,98818,2,1,0,6,BENEBIG (RUE AUGUSTE),-22.27093,166.45259,23,2,1
202100031307,145Â 779,A01,1,1,1,9,2,0,-1,0,0,-1,2021,19.0,2,1,0,2,2,13,5,,4,QUAI ANATOLE FRANCE,0,,2,4,1,1,(1),(1),1,, -1,1,0,5,50,2,7,5,75,75107,2,1,0,1,QUAI ANATOLE FRANCE,48.861387,2.323218,2,2,2
202100046118,119Â 329,A01,10,3,1,0,0,-1,-1,5,3,1,2021,19.0,1,2,0,1,2,1,0,,4,JOUCHOUX RUE AUGUSTE,0,,2,2,0,1,(1),(1),1,, -1,1,0,1,50,29,3,1,25,25056,2,1,0,6,JOUCHOUX RUE AUGUSTE,47.23725,5.98843,17,2,1
202100034196,140Â 625,A01,1,1,1,1,8,0,-1,-1, -1,-1,2021,55.0,1,1,0,2,1,3,1,,2,RN 385 INT,0,,3,3,0,1,54,909,1,, -1,1,0,1,110,16,6,1,91,91645,1,1,0,2,RN 385 INT,48.75976,2.26964,9,2,2
202100025545,156Â 013,A01,1,1,1,0,0,-1,-1,0,0,-1,2021,28.0,3,2,0,2,1,13,1,,4,,-1,,2,2,0,1,(1),(1),2,,6,1,2,1,50,5,8,2,34,34123,2,1,0,1,ROUTE DE LODEVE,43.618885,3.792708,6,2,2
202100049091,114Â 007,B01,1,1,1,0,8,-1,-1,0,0,-1,2021,16.0,1,1,1,2,1,1,1,,4,ZOLA RUE EMILE,0,,2,2,0,1,(1),(1),1,, -1,1,0,1,50,4,3,2,42,42186,2,4,0,5,Rue Emile Zola,45.5330894524,4.6272284389,8,3,3
202100054186,104Â 891,A01,10,3,1,5,0,-1,-1,2,3,1,2021,46.0,3,2,0,1,1,16,1,,3,RUE PDT FRANCOIS MITTERRAND,0,,2,2,0,2,0,0,1,, -1,2,5,1,50,21,1,2,91,91345,2,4,1,6,RUE PDT FRANCOIS MITTERRAND,48.69198,2.29051,16,2,1
202100014011,176Â 659,B01,1,1,1,1,2,6,-1,0,0,-1,2021,32.0,2,1,0,2,4,1,1,,4,PORTE DE VINCENNES,0,,1,4,0,1,31,600,1,, -1,1,0,1,70,9,10,5,75,75120,2,4,0,2,PORTE DE VINCENNES,48.849145,2.41514,23,2,2
202100027240,153Â 027,B01,1,1,1,1,2,6,-1,-1, -1,-1,2021,29.0,2,1,0,2,1,1,1,,4,PORT RUE DU,0,,2,2,0,1,0,0,1,, -1,2,0,1,50,24,7,1,92,92050,2,1,1,3,PORT RUE DU,48.8944289598,2.176293536,19,2,2
202100002264,197Â 737,A01,1,1,1,5,2,6,-1,0,0,-1,2021,30.0,1,1,0,2,8,3,1,,4,PORTE D IVRY,0,,1,4,0,1,1,100,1,, -1,1,0,1,70,17,12,1,75,75113,2,1,0,5,PORTE D IVRY,48.821206,2.37789,13,4,3
202100024443,157Â 990,A01,1,1,1,5,8,-1,-1,0,0,-1,2021,48.0,2,1,0,2,1,2,1,,7,2060,-1,,3,4,0,1,58,500,1,, -1,1,0,1,110,13,8,1,45,45089,1,9,0,2,D2060-PR 58 + 500,47.916342,2.009854,16,4,2
202100011246,181Â 630,A01,1,1,1,0,2,0,-1,-1, -1,-1,2021,23.0,2,1,0,0,1,1,1,,4,CAMILLE DESMOULINS (R),0,,2,2,0,1,0,1,1,, -1,1,0,1,30,24,10,1,94,94022,2,3,0,1,Rue Camille Desmoulins,48.76346,2.41878,18,2,2
202100046552,118Â 559,C01,1,1,2,1,1,-1,-1,-1, -1,-1,2021,60.0,1,2,0,2,2,2,1,,7,M7   0.000 A 2.278,0,,3,3,0,1,1,100,1,, -1,1,0,1,70,25,3,5,69,69382,1,1,0,4,M7,45.74124,4.82428,19,4,3
202100038694,132Â 465,A01,1,1,1,5,2,-1,-1,0,0,-1,2021,42.0,3,1,1,0,8,0,0,,4,,-1,,2,2,0,1,(1),(1),1,, -1,1,0,1,50,23,5,1,27,27487,1,1,0,1,Chemin des Vaux,49.36313,1.335359,18,2,2
202100041791,126Â 908,B01,4,2,2,5,1,8,-1,-1, -1,-1,2021,12.0,1,2,0,2,3,23,1,,4,GASTON CAMBOT,0,,2,2,2,1,0,0,1,, -1,1,0,1,30,1,5,1,64,64284,2,9,0,3,GASTON CAMBOT,43.29191,-0.39593,13,4,2
202100021815,162Â 629,A01,1,1,1,0,2,6,-1,-1, -1,-1,2021,22.0,1,1,0,2,1,13,1,,3,FRANCOIS VINCENT RASPAIL (AV),0,,2,2,1,1,83,0,1,, -1,1,0,1,50,30,8,5,94,94003,2,1,0,3,FRANCOIS VINCENT RASPAIL (AV),48.80795,2.34173,22,4,2
202100034397,140Â 255,B01,1,1,2,0,6,2,-1,0,0,-1,2021,25.0,3,1,0,2,2,1,1,,3,929,0,D,2,2,0,1,20,850,1,, -1,1,0,1,50,16,6,1,60,60439,2,6,1,3,Avenue du 11 Novembre 1918,49.3101488324,2.3267111777,15,2,2
202100031728,145Â 046,A01,1,1,1,9,2,6,-1,0,0,-1,2021,32.0,1,1,0,2,3,13,1,,4,BOULEVARD D ALGERIE,0,,2,2,0,2,(1),(1),3,, -1,1,0,1,50,29,6,5,75,75119,2,1,0,1,BOULEVARD D ALGERIE,48.88247,2.400081,0,2,2
202100000796,200Â 294,A01,10,3,1,0,0,-1,-1,5,3,1,2021,31.0,1,2,0,1,2,1,1,,3,REPUBLIQUE (AVE DE LA ) 43/106 =>,0,,2,4,3,1,0,1,1,, -1,1,0,1,50,31,12,4,93,93001,2,1,0,6,REPUBLIQUE (AVE DE LA ) 43/106 =>,48.909507003,2.3863720433,0,2,1
202100036081,137Â 189,A01,1,1,1,5,2,0,-1,-1, -1,-1,2021,36.0,3,1,0,2,1,2,1,,4,TUNNEL PRADO SUD,0,,1,0,0,1,1100,0,1,, -1,1,1,1,50,5,6,5,13,13208,2,1,0,2,TUNNEL PRADO SUD,43.276778926,5.3950369155,19,2,2
202100025521,156Â 052,B01,1,1,1,5,2,6,-1,0,0,-1,2021,76.0,1,1,0,0,9,17,1,,3,943,0,D,2,2,0,1,10,5,1,, -1,1,0,8,80,28,6,1,84,84020,1,1,0,3,D943 Col du pointu,43.864798,5.301752,10,2,2
202100020652,164Â 712,A01,10,3,1,0,0,-1,-1,3,0,1,2021,56.0,2,2,0,1,3,1,1,,2,RN7,-1,,2,2,0,1,26,425,1,, -1,1,0,1,50,7,9,1,38,38344,2,1,0,6,Avenue Gabriel PÃ©ri,45.364682,4.800382,19,2,1
202100026891,153Â 638,A01,1,1,2,5,2,-1,-1,0,0,-1,2021,14.0,3,1,0,2,8,19,1,,3,33,-1,D,2,2,0,1,(1),(1),1,, -1,1,5,1,50,28,7,1,38,38261,2,2,0,1,934 Rue Paul Claudel,45.673233,5.482607,16,2,2
202100042934,124Â 927,B01,1,1,2,5,2,8,-1,-1, -1,-1,2021,21.0,1,1,0,2,1,2,1,,4,PROCESSION (RUE DE LA),0,,2,1,0,2,0,0,1,, -1,1,0,1,50,22,4,1,92,92063,2,1,0,2,PROCESSION (RUE DE LA),48.8678706897,2.2112285346,16,2,2
202100018286,168Â 937,A01,2,2,2,0,1,0,-1,-1, -1,-1,2021,41.0,3,1,0,2,1,1,1,,4,VAILLANT (BOULEVARD CHARLES),0,,2,2,0,1,0,0,1,, -1,1,5,1,50,17,9,1,93,93073,2,3,0,3,Boulevard Charles Vaillant / Rue de Flandre,48.94348,2.5713,12,3,2
202100033357,142Â 143,A01,10,3,2,9,8,8,-1,3,3,1,2021,10.0,2,2,0,1,3,26,1,,4,,0,,2,2,0,1,0,0,1,, -1,1,8,1,30,14,6,1,30,30007,2,1,0,6,Route du Pont de Grabieux,44.14152,4.08866,13,3,1
202100053003,106Â 976,A01,10,3,2,5,0,-1,-1,1,6,1,2021,83.0,3,2,0,1,6,4,1,,4,,-1,,2,2,0,1,(1),(1),1,, -1,2,0,1,50,29,1,2,56,56254,1,1,1,6,Le Grand Villeneuve,47.801813,-2.595187,18,2,1
202100014775,175Â 305,A01,2,2,1,0,1,0,-1,-1, -1,-1,2021,31.0,1,2,0,0,0,26,1,,3,BD DU CERCERON,0,,2,2,0,2,3,630,3,, -1,2,0,3,50,4,10,5,83,83118,2,1,1,7,BD DU CERCERON,43.43806,6.783755,22,3,1
202100050015,112Â 342,B01,1,1,1,0,8,0,-1,-1, -1,-1,2021,22.0,1,1,0,2,0,0,3,,7,DOREZ BARTHELEMY PLACE,0,,-1,3,0,1,(1),(1),1,, -1,1,0,8,50,11,2,1,59,59350,2,9,0,6,DOREZ BARTHELEMY PLACE,50.618519,3.050459,16,2,2
202100019872,166Â 119,B01,1,1,1,0,8,-1,-1,-1, -1,-1,2021,29.0,2,1,0,2,1,1,1,,4,AVE DU MARECHAL LECLERC,0,,2,2,0,1,(1),(1),1,, -1,1,0,1,50,9,9,1,33,33039,2,1,0,3,Avenue du MarÃ©chal Leclerc,44.81333,-0.5404,17,2,2
202100012701,179Â 015,A01,1,1,1,5,2,6,9,0,0,-1,2021,29.0,2,1,0,0,8,0,1,,3,D987,-1,,2,2,0,1,82,700,2,, -1,1,0,1,80,17,10,1,63,63048,1,1,0,7,d987,45.639758,2.557733,15,2,1
202100006499,190Â 185,A01,1,1,1,9,1,-1,-1,0,0,-1,2021,33.0,1,2,0,2,1,5,1,,3,603,-1,,2,2,0,2,37,60,1,, -1,1,0,1,90,24,11,3,57,57695,1,1,0,1,D603,49.107028,6.448545,21,2,2
202100038645,132Â 558,A01,4,2,1,4,1,0,-1,0,0,-1,2021,28.0,3,2,0,2,2,1,1,,4,BOULEVARD DES BATIGNOLLES,0,,2,2,0,1,(1),(1),1,, -1,1,0,1,50,21,5,5,75,75117,2,3,0,3,BOULEVARD DES BATIGNOLLES,48.883225,2.325324,21,5,2
202100044472,122Â 201,A01,1,1,1,0,2,6,-1,-1, -1,-1,2021,31.0,2,1,6,0,7,1,1,,4,PROVIDENCE (RUE DE LA ),0,,2,2,0,1,(1),(1),2,, -1,1,0,1,50,10,4,1,10,10387,2,1,0,7,PROVIDENCE (RUE DE LA ),48.28426,4.09297,17,1,1
202100049919,112Â 510,A01,1,1,1,0,2,6,-1,0,0,-1,2021,30.0,2,1,15,0,1,16,1,,3,35,0,,2,2,0,1,5,100,3,, -1,1,0,8,80,28,2,1,74,74293,1,1,0,7,Rte des Voirons,46.2669305516,6.2973453104,17,1,1
202100032899,142Â 955,A01,10,3,2,9,0,-1,-1,3,3,1,2021,27.0,1,2,0,1,3,16,1,,4,RUE DES REGLISES,0,,2,2,0,2,(1),(1),1,, -1,1,0,1,30,21,6,1,75,75120,2,4,0,6,RUE DES REGLISES,48.854744,2.410295,18,2,1
202100053834,105Â 522,A01,10,3,1,0,0,-1,-1,2,3,1,2021,79.0,1,2,0,1,2,26,1,,4,REPUBLIQUE   RUE DE LA,0,,1,0,0,2,(1),(1),1,, -1,1,0,1,50,19,1,1,69,69264,2,1,0,6,REPUBLIQUE (DE LA) (R),45.98796,4.71665,10,2,1
202100009285,185Â 104,B01,1,1,2,9,1,0,-1,0,0,-1,2021,43.0,1,2,0,2,4,1,1,,4,BOULEVARD DE LA CHAPELLE,0,,1,1,0,1,(1),(1),1,, -1,1,0,1,30,5,11,5,75,75118,2,1,0,4,BOULEVARD DE LA CHAPELLE,48.884505,2.363706,18,3,3
202100021995,162Â 319,A01,1,1,2,5,1,-1,-1,0,0,-1,2021,74.0,1,2,0,2,2,13,1,,3,926,0,,2,2,0,1,55,660,1,, -1,1,0,1,80,30,8,1,18,18290,1,1,0,1,D926,47.280306,2.184176,14,2,2
202100046780,118Â 152,A01,10,3,2,9,0,-1,-1,2,1,1,2021,57.0,1,5,0,1,7,1,1,,4,RUE DE LONGCHAMP,0,,3,2,0,2,(1),(1),1,, -1,1,0,1,50,24,3,1,75,75116,2,2,0,6,RUE DE LONGCHAMP,48.867625,2.277017,8,2,1
202100034375,140Â 296,A01,1,1,1,5,2,5,6,0,0,-1,2021,36.0,1,1,0,0,7,1,1,,3,109,0,,2,2,0,1,13,375,2,, -1,1,0,1,80,15,6,1,28,28029,1,1,0,7,D109,48.163352,1.820576,20,1,1
202100014934,175Â 017,A01,10,3,2,1,0,-1,-1,4,3,1,2021,35.0,3,2,0,1,1,15,1,,1,,-1,,2,-1,-1,1,23,0,1,, -1,2,3,1,80,5,10,5,33,33318,2,3,1,6,Avenue Antoine Becquerel,44.78944,-0.64795,7,2,1
202100024255,158Â 313,A01,1,1,1,0,2,6,-1,-1, -1,-1,2021,45.0,2,1,0,0,7,26,1,,3,DE GAULLE (av. du GÃ©nÃ©ral),0,,2,2,0,2,8,500,1,, -1,1,0,1,30,13,8,1,69,69115,2,6,0,7,GENERAL DE GAULLE (DU) (AV),45.97323,4.70752,12,1,1
202100045628,120Â 176,A01,2,2,2,5,8,0,-1,0,0,-1,2021,86.0,2,3,0,0,0,21,2,2.0,4,RUE DE VAUGIRARD,0,,1,2,0,1,(1),(1),1,, -1,1,0,1,50,31,3,1,75,75115,2,2,0,7,RUE DE VAUGIRARD,48.837234,2.296445,17,2,1
202100021346,163Â 498,A01,1,1,1,5,0,-1,-1,0,0,-1,2021,13.0,3,1,0,2,1,1,5,,4,,-1,,2,2,0,1,(1),(1),1,,4,1,0,1,80,31,8,1,86,86177,1,3,0,3,lieu dit virolet,46.703842,0.263608,17,2,2
202100028295,151Â 118,A01,1,1,2,5,2,6,-1,-1, -1,-1,2021,17.0,1,1,11,0,1,16,1,,4,PARC DES EXPOSITIONS (Ave du),0,,2,2,0,1,(1),(1),3,, -1,1,5,1,50,19,7,3,33,33529,1,2,0,6,Avenue Vulcain,44.61393,-1.11923,2,1,1
202100044693,121Â 825,B01,1,1,1,0,2,-1,-1,-1, -1,-1,2021,30.0,1,1,0,2,2,1,1,,4,RUE CAMILLE PELLETAN,0,,2,4,3,1,(1),(1),1,, -1,1,0,8,50,4,4,1,33,33119,2,6,0,3,Avenue Carnot,44.86412,-0.51983,16,2,2
202100003617,195Â 282,B01,1,1,1,5,8,0,-1,-1, -1,-1,2021,38.0,1,1,0,2,2,0,5,,3,DE GAULLE (AVENUE CHARLES),0,,1,2,0,1,31,0,3,, -1,1,0,1,30,9,12,1,62,62239,2,6,0,3,DE GAULLE (AVENUE CHARLES),50.9292,1.7979,13,2,2
202100043301,124Â 261,A01,1,1,1,5,2,6,-1,-1, -1,-1,2021,16.0,1,1,0,2,2,2,1,,4,AV DE LA LIBERATION,0,,2,2,0,1,(1),(1),1,, -1,1,0,1,30,20,4,1,202,202033,2,3,0,3,AV DE LA LIBERATION,42.6824617966,9.4442439454,18,2,2
202100045955,119Â 611,A01,10,3,2,0,0,-1,-1,3,3,1,2021,39.0,3,1,0,1,2,21,1,,4,CHABEUIL ROUTE DE (101),0,,2,0,0,1,(1),(1),1,, -1,1,0,8,50,30,3,2,26,26362,2,9,0,6,Avenue de Chabeuil,44.92643,4.91857,7,2,1
202100009653,184Â 451,D01,1,1,2,5,1,-1,-1,0,0,-1,2021,59.0,3,2,0,2,1,23,1,,3,d794,-1,,-1,2,0,1,(1),(1),1,, -1,2,5,1,80,3,11,3,22,22323,1,2,1,5,la rochette,48.537237,-2.297396,19,4,3
202100051496,109Â 659,A01,2,2,1,5,1,-1,-1,0,0,-1,2021,19.0,2,2,0,0,4,23,1,,3,24,-1,,2,2,0,1,16,700,1,, -1,1,0,1,80,13,2,1,72,72244,1,3,0,2,Les mottes,47.777708,-0.319515,16,7,2
202100016021,173Â 026,A01,1,1,1,0,1,-1,-1,0,0,-1,2021,58.0,2,2,4,2,9,0,1,,1,A 9,-1,,1,5,0,1,64,0,1,, -1,1,0,1,-1,28,9,1,30,30333,1,1,0,5,Autoroute A9 au point kilomÃ©trique 64,43.7605564357,4.2639935017,13,3,3
202100019391,166Â 966,B01,1,1,1,0,2,-1,-1,0,0,-1,2021,16.0,0,1,0,2,7,1,1,,4,39,0,,2,2,0,1,(1),(1),1,, -1,1,0,1,50,10,9,1,974,97414,2,3,0,3,Rue des Bois de Piment,-21.282891,55.418794,16,3,2
202100056325,101Â 217,A01,1,1,1,5,2,8,-1,-1, -1,-1,2021,37.0,2,1,1,2,8,1,1,,4,PRESBYTERE(RUE),0,,1,0,0,1,0,0,1,, -1,1,5,1,50,3,1,1,974,97416,2,3,0,3,PRESBYTERE(RUE),-21.3363,55.4779,8,2,2
202100038452,132Â 913,A01,1,1,1,5,2,6,-1,0,0,-1,2021,15.0,1,1,3,2,1,13,1,,3,,-1,,2,2,0,2,23,500,3,, -1,2,0,1,80,24,5,1,24,24133,1,1,1,3,Rue Dolet Blanchou,45.548694,0.990593,16,2,2
202100038596,132Â 648,A01,10,3,1,5,0,-1,-1,4,3,1,2021,28.0,1,2,0,1,3,1,1,,4,ANSE-VATA (ROUTE DE L'),0,,2,2,0,2,0,0,1,, -1,2,5,1,50,24,5,5,988,98818,2,2,1,6,ROUTE DE L'ANSE-VATA/RUE EDOUARD GLASSER,-22.29265,166.44716,1,4,1
202100049997,112Â 374,A01,1,1,2,1,1,0,-1,-1, -1,-1,2021,44.0,1,2,0,2,1,2,1,,4,BELLAC (RUE DE),0,,4,3,0,2,0,0,3,, -1,1,0,1,50,23,2,5,87,87085,2,1,0,2,BELLAC (RUE DE),45.855295019,1.2482732534,7,2,2
202100032692,143Â 332,B01,1,1,1,1,2,6,-1,0,0,-1,2021,23.0,2,1,0,2,2,1,1,,4,PORTE DE SAINT OUEN,0,,1,4,0,1,21,200,1,, -1,1,0,1,70,23,6,1,75,75118,2,1,0,3,PORTE DE SAINT OUEN,48.900847,2.334437,11,2,2
202100011503,181Â 161,A01,1,1,1,5,2,6,9,0,0,-1,2021,27.0,1,1,7,0,3,1,1,,3,812,0,D,2,2,0,1,33,0,3,, -1,1,0,8,-1,24,10,1,35,35253,1,1,0,6,PK 33,48.257749,-1.414114,17,1,1
202100014362,176Â 039,A01,10,3,2,0,0,-1,-1,4,3,1,2021,24.0,1,2,0,1,1,1,1,,4,RESISTANCE (AV. DE LA -PAIR-),0,,2,4,0,1,(1),(1),1,, -1,1,0,1,50,8,10,2,54,54304,2,2,0,6,RESISTANCE (AV. DE LA -PAIR-),48.694194442,6.131652549,7,2,1
202100046169,119Â 242,A01,9,2,2,9,1,-1,-1,0,0,-1,2021,17.0,2,2,0,0,4,1,1,,3,925,0,D,2,2,0,1,38,700,1,, -1,1,0,1,80,30,3,1,80,80215,1,1,0,2,D925,50.141101,1.991229,9,4,2
202100006296,190Â 540,A01,10,3,2,5,0,-1,-1,4,3,1,2021,74.0,2,1,0,1,1,1,5,,4,BOULEVARD DE ROCHECHOUART,0,,1,2,3,1,(1),(1),1,, -1,1,-1,5,30,24,11,5,75,75109,2,5,0,6,BOULEVARD DE ROCHECHOUART,48.883277,2.346933,17,2,1
202100047103,117Â 576,A01,1,1,1,1,2,6,-1,0,0,-1,2021,40.0,3,1,0,0,3,15,1,,4,,0,,2,2,0,1,(1),(1),1,, -1,1,5,1,50,23,3,1,69,69072,2,3,0,7,MOULIN CARRON (DU) (CHM),45.807149,4.764799,8,1,1
202100011947,180Â 367,B01,2,2,2,5,1,0,-1,-1, -1,-1,2021,33.0,1,2,0,2,4,2,1,,1,AUTOROUTE A86,0,,1,2,0,1,51,200,1,, -1,1,1,1,70,20,10,5,94,94034,1,1,0,2,AUTOROUTE A86,48.75845,2.32669,19,3,2
202100021226,163Â 719,A01,1,1,1,5,1,0,-1,-1, -1,-1,2021,75.0,2,2,1,0,2,14,1,,4,LOCARNO (AVENUE),0,,2,2,0,1,0,0,1,, -1,1,0,1,50,31,8,1,87,87085,2,1,0,6,LOCARNO (AVENUE),45.83364,1.26933,9,1,1
202100013980,176Â 711,B01,1,1,1,5,8,0,-1,-1, -1,-1,2021,18.0,2,1,0,2,1,1,5,,4,ANANAS (ROUTE DES),0,,2,2,0,2,0,0,1,, -1,1,0,1,50,10,10,5,974,97411,1,8,0,3,ANANAS (ROUTE DES),-20.91923,55.48291,22,4,2
202100013592,177Â 423,A01,1,1,1,0,8,8,-1,-1, -1,-1,2021,45.0,1,2,0,2,2,17,1,,3,CHAUVEL,0,,1,2,0,2,(1),(1),1,, -1,2,0,1,50,10,10,1,971,97101,1,9,1,2,CHAUVEL,16.2395078716,-61.5200686455,14,2,2
202100032650,143Â 407,A01,1,1,2,1,1,-1,-1,0,0,-1,2021,50.0,0,2,0,0,1,15,1,,4,TRENTE ET UN AOUT 1944 (RUE DU),0,,1,1,0,1,(1),(1),1,, -1,1,0,1,50,20,6,1,80,80021,2,1,0,6,TRENTE ET UN AOUT 1944 (RUE DU),49.88277,2.32649,8,1,1
202100005184,192Â 511,A01,3,2,2,5,1,0,-1,-1, -1,-1,2021,9.0,2,2,0,2,4,2,1,,1,A50-Sens Aubagne vers Marseille,0,,-1,3,0,1,8,0,1,, -1,1,0,1,90,2,12,1,13,13211,1,1,0,4,A50-Sens Aubagne vers Marseille,43.28888,5.49689,7,6,3
202100027380,152Â 775,B01,1,1,2,5,1,0,-1,0,0,-1,2021,71.0,1,2,0,2,8,1,1,,4,PORTE DE VERSAILLES,0,,1,3,0,1,8,200,1,, -1,1,0,1,70,20,7,1,75,75115,2,1,0,3,PORTE DE VERSAILLES,48.829065,2.288675,9,2,2