Num_Acc,id_vehicule,num_veh,place,catu,sexe,trajet,secu1,secu2,secu3,locp,actp,etatp,year_acc,victim_age,senc,catv,obs,obsm,choc,manv,motor,occutc,catr,voie,v1,v2,circ,nbv,vosp,prof,pr,pr1,plan,lartpc,larrout,surf,infra,situ,vma,jour,mois,lum,dep,com,agg_,int,atm,col,adr,lat,long,hour,nb_victim,nb_vehicules
202100026308,154Â 666,B01,1,1,1,4,8,-1,-1,-1, -1,-1,2021,18.0,1,1,0,2,3,1,5,,4,SAINT-MARTIN,0,,1,2,2,2,(1),(1),1,, -1,1,0,5,50,30,7,5,35,35238,2,1,0,3,Rue SAINT-MARTIN,48.11985,-1.68035,22,2,2
202100013688,177Â 234,B01,2,2,2,9,1,0,-1,0,0,-1,2021,41.0,3,2,0,2,1,1,1,,4,BOULEVARD BERTHIER,0,,1,2,0,1,(1),(1),1,, -1,1,0,1,50,11,10,1,75,75117,2,2,0,3,BOULEVARD BERTHIER,48.889873,2.303853,11,4,2
202100013815,176Â 999,A01,2,2,2,0,2,8,-1,-1, -1,-1,2021,43.0,1,1,0,2,0,21,1,,2,SECTION DUNOYER,0,,2,2,0,1,(1),(1),1,, -1,1,0,1,70,8,10,1,971,97113,1,1,0,3,SECTION DUNOYER,16.20824,-61.467,16,3,2
202100043065,124Â 697,B01,1,1,2,0,2,0,-1,-1, -1,-1,2021,54.0,1,1,0,2,5,1,5,,4,AV DU MARECHAL LYAUTEY ,0,,1,1,0,1,1,0,1,, -1,2,5,1,30,21,4,1,94,94068,2,6,1,3,MARECHAL LYAUTEY (AV DU),48.793326,2.486685,18,2,2
202100027191,153Â 113,B01,2,2,2,0,1,-1,-1,-1, -1,-1,2021,34.0,0,2,0,2,1,1,1,,4,ALBERT RAMBOZ                       (AV),0,,1,2,0,1,(1),(1),3,, -1,1,3,1,70,24,7,1,69,69199,2,2,0,3,ALBERT RAMBOZ                       (AV),45.69451,4.84424,17,3,2
202100017842,169Â 727,A01,1,1,1,5,1,0,-1,-1, -1,-1,2021,31.0,0,2,1,0,2,14,1,,4,CARNOT (RUE),0,,1,1,0,1,0,0,1,, -1,1,0,3,50,19,9,5,50,50173,2,1,0,2,CARNOT (RUE),49.65068,-1.65583,1,1,1
202100048584,114Â 912,A01,10,3,2,5,0,0,-1,3,3,1,2021,26.0,2,1,0,0,8,0,1,,3,JEAN JAURES (R),0,,3,2,0,1,0,1,1,, -1,2,0,1,50,10,3,5,94,94022,2,1,1,6,JEAN JAURES (R),48.76517,2.40763,21,2,1
202100021112,163Â 919,B01,1,1,1,0,2,6,-1,-1, -1,-1,2021,23.0,1,1,0,2,7,2,1,,3,"""BARBUSSE HENRI, NR 2 A 116 ET 1 A 33""",0,,2,2,0,1,0,1,1,, -1,1,0,1,50,3,9,2,93,93066,2,2,0,3,Rue Henri Barbusse / Domaine Montjoie,48.94331,2.37229,19,3,2
202100015231,174Â 478,A01,1,1,1,5,8,0,-1,0,0,-1,2021,28.0,1,1,0,0,0,1,5,,4,RUE DE L AMIRAL DE COLIGNY,0,,2,2,0,1,(1),(1),1,, -1,1,0,1,30,4,10,1,75,75101,2,2,0,7,RUE DE L AMIRAL DE COLIGNY,48.860914,2.340802,19,1,1
202100036890,135Â 758,A01,1,1,1,4,1,-1,-1,0,0,-1,2021,23.0,1,5,0,2,1,1,1,,3,43,0,,2,2,0,1,5,572,2,, -1,1,0,1,70,3,6,1,59,59164,1,9,0,3,D86,50.155656,3.579756,10,2,2
202100048037,115Â 876,B01,2,2,1,5,2,0,-1,0,0,-1,2021,32.0,2,1,0,2,8,17,3,,4,RUE FROIDEVAUX,0,,2,3,3,1,(1),(1),1,, -1,2,-1,6,50,14,3,1,75,75114,2,5,0,3,RUE FROIDEVAUX,48.837538,2.322942,13,4,2
202100014892,175Â 092,A01,1,1,2,9,2,-1,-1,0,0,-1,2021,56.0,1,1,0,2,1,5,1,,3,5,0,D,2,2,0,1,5,620,3,, -1,2,0,1,80,25,9,1,7,7058,1,1,1,1,Route de Valgorge,44.55208,4.28952,17,2,2
202100027054,153Â 358,B01,1,1,1,5,1,-1,-1,-1,0,-1,2021,46.0,1,2,0,2,1,1,1,,3,CURIE PIERRE (AVENUE),0,,2,2,0,1,4,50,1,, -1,2,0,1,50,25,7,1,95,95019,2,2,1,2,SCHUMAN ROBERT (RUE),48.9854394845,2.4256698042,17,2,2
202100018651,168Â 302,A01,1,1,1,0,2,6,-1,0,0,-1,2021,17.0,1,1,6,0,1,1,1,,3,174,-1,,2,2,0,2,(1),(1),1,, -1,1,0,8,50,17,9,1,3,3093,2,1,0,6,22 Route du Bourg,46.1812,3.448704,13,1,1
202100050579,111Â 277,A01,1,1,1,0,2,6,-1,-1, -1,-1,2021,63.0,2,1,15,2,1,17,1,,2,WITRY (ROUTE DE),0,,2,2,0,1,17,120,1,, -1,1,0,1,50,21,2,1,51,51454,2,3,0,3,Route de Witry,49.2681695927,4.0683715409,13,2,2
202100054770,103Â 900,A01,4,2,2,0,3,-1,-1,-1, -1,-1,2021,3.0,2,2,0,2,1,2,1,,4,DASSAULT (AVE MARCEL),0,,2,2,2,1,(1),(1),1,, -1,1,-1,1,80,15,1,1,33,33281,1,1,0,4,Avenue Marcel Dassault,44.84528,-0.72803,9,5,3
202100056219,101Â 406,A01,1,1,1,5,2,5,6,0,0,-1,2021,51.0,3,1,0,2,2,1,1,,7,1,0,,2,2,0,1,41,823,1,, -1,1,0,1,70,5,1,3,44,44035,1,9,0,2,Route des HarmoniÃ¨res,47.317403,-1.575546,17,2,2
202100021250,163Â 675,A01,10,3,2,5,0,-1,-1,1,3,1,2021,3.0,0,2,0,1,2,1,1,,4,BROSSOLETTE (RUE PIERRE),0,,2,1,0,1,(1),(1),1,, -1,1,0,1,50,2,9,1,51,51454,2,1,0,7,Rue Pierre Brossolette,49.26735,4.01575,15,2,1
202100023748,159Â 168,B01,1,1,1,5,1,0,-1,-1, -1,-1,2021,56.0,2,2,0,2,6,1,1,,3,R PIERRE SEMARD,0,,3,4,0,1,1,0,3,, -1,1,5,1,50,16,8,1,94,94011,2,1,0,3,Rue Pierre SÃ©mard,48.76269,2.47871,11,2,2
202100021178,163Â 808,A01,1,1,1,5,1,-1,-1,0,0,-1,2021,19.0,1,2,6,0,1,15,1,,3,31,0,,2,2,0,1,58,50,1,, -1,1,0,4,50,4,9,3,10,10269,2,3,0,6,2 Rue de Saint Quentin,48.509636,4.099166,0,1,1
202100002811,196Â 745,B01,1,1,1,1,2,0,-1,-1, -1,-1,2021,18.0,1,1,0,2,1,1,1,,4,SAINT DENIS (RUE),0,,1,1,0,2,1,0,1,, -1,1,0,1,30,15,12,1,93,93048,2,2,0,3,SAINT DENIS (RUE),48.87053,2.45796,14,2,2
202100044587,122Â 019,A01,1,1,1,9,1,0,-1,0,0,-1,2021,31.0,1,2,8,0,1,25,1,,4,RUE DE L AMIRAL MOUCHEZ,0,,-1,0,0,1,(1),(1),1,, -1,1,0,4,50,9,4,1,75,75113,2,1,0,6,RUE DE L AMIRAL MOUCHEZ,48.8198608687,2.3443096876,11,1,1
202100046022,119Â 496,A01,4,2,1,5,1,-1,-1,0,0,-1,2021,20.0,2,2,2,0,8,1,1,,3,965,0,,2,2,0,1,1,1,1,, -1,1,0,3,80,31,3,2,45,45141,1,1,0,6,D965-PR1+1,47.588081,2.933919,6,5,1
202100048593,114Â 899,A01,1,1,2,5,1,0,-1,-1, -1,-1,2021,22.0,1,2,1,0,2,1,1,,4,RENDEZ-VOUS (AL. DU),0,,2,1,0,1,0,0,1,, -1,2,0,1,50,10,3,5,93,93010,2,1,1,6,RENDEZ-VOUS (AL. DU),48.9032324638,2.496038479,20,1,1
202100038560,132Â 720,A01,7,2,1,5,1,-1,-1,0,0,-1,2021,19.0,2,2,13,0,1,14,1,,3,938,0,D,2,2,0,2,47,838,2,,"7,3",2,0,1,80,24,5,1,79,79213,1,1,1,6,,46.600629,-0.229297,18,3,1
202100029760,148Â 591,A01,1,1,2,1,1,0,-1,-1, -1,-1,2021,24.0,1,2,0,2,1,1,1,,4,ESTIENNE D'ORVES (BD D'),0,,3,6,0,1,0,0,1,, -1,1,0,1,70,8,7,1,72,72181,2,2,0,1,ESTIENNE D'ORVES (BD D'),47.98425,0.18533,19,2,2
202100046789,118Â 138,B01,1,1,2,4,1,0,-1,0,0,-1,2021,29.0,3,2,0,2,4,2,1,,4,COURS DE VINCENNES,0,,3,2,0,1,(1),(1),2,, -1,1,0,1,50,24,3,1,75,75112,2,2,0,2,COURS DE VINCENNES,48.8468962641,2.411160463,13,2,2
202100036416,136Â 610,B01,1,1,1,0,2,-1,-1,-1, -1,-1,2021,28.0,0,1,0,2,4,1,1,,4,JACOB (RUE FRANÃOIS),0,,2,2,0,1,(1),(1),1,, -1,1,0,1,50,3,6,1,51,51058,2,1,0,2,Avenue FranÃ§ois Jacob,49.21861,4.00413,12,2,2
202100049020,114Â 139,C01,1,1,2,3,1,-1,-1,0,0,-1,2021,48.0,2,2,0,2,1,23,1,,3,D2,0,,2,2,0,1,32,1149,1,, -1,1,0,1,50,6,3,1,34,34113,1,1,0,5,D2,43.480737,3.699324,17,6,3
202100036016,137Â 311,A01,1,1,1,1,2,-1,-1,0,0,-1,2021,43.0,1,1,0,2,1,15,1,,3,150,0,,-1,2,0,1,34,464,1,, -1,1,0,1,90,8,6,1,17,17143,1,2,0,3,D150/D231,45.816979,-0.546393,18,2,2
202100014811,175Â 228,B01,2,2,2,5,1,-1,-1,0,0,-1,2021,62.0,1,2,0,2,4,2,1,,4,CLEMENCEAU (AVENUE GEORGES),0,,2,0,0,1,1,0,1,, -1,1,5,1,50,5,10,1,14,14118,2,3,0,2,Avenue Georges Clemenceau,49.18808,-0.35206,18,3,2
202100000276,201Â 228,A01,1,1,1,0,1,8,-1,-1, -1,-1,2021,21.0,3,2,0,2,1,1,1,,3,ATLANTIQUE ( BOULEVARD DE L' ),0,,2,2,1,1,2,22,1,, -1,1,0,1,50,22,5,1,44,44135,2,5,0,3,Bd Atlantique Rue Codan,47.269411,-2.440717,10,6,2
202100026909,153Â 611,B01,1,1,1,5,2,-1,-1,0,0,-1,2021,52.0,2,1,0,2,1,1,1,,3,1,0,D,2,2,0,2,32,900,1,,5,1,0,1,70,27,7,3,976,97612,1,1,0,1,RN1,-12.703122,45.055704,20,3,2
202100017840,169Â 730,A01,1,1,1,5,1,0,-1,-1, -1,-1,2021,34.0,2,2,13,0,2,1,1,,3,NOUVELLE CANEE,0,,2,2,0,2,0,0,2,, -1,1,0,3,80,19,9,3,50,50502,1,3,0,5,TESSY,49.09433,-1.09287,2,2,1
202100004403,193Â 888,A01,10,3,1,2,0,-1,-1,4,5,1,2021,23.0,1,1,0,1,1,1,3,,4,RUE DE LA GLACIERE,0,,2,1,0,1,(1),(1),1,, -1,2,0,1,30,6,12,5,75,75113,2,1,1,6,RUE DE LA GLACIERE,48.829126,2.343278,17,2,1
202100018997,167Â 677,A01,10,3,2,5,0,-1,-1,4,3,3,2021,1.0,1,2,0,1,2,1,1,,4,AVENUE DU GENERAL LECLERC,0,,2,5,0,1,(1),(1),1,, -1,2,0,1,50,14,9,1,75,75114,2,4,0,6,AVENUE DU GENERAL LECLERC,48.8248119484,2.3259330537,11,4,1
202100043961,123Â 100,A01,1,1,1,5,1,-1,-1,0,0,-1,2021,68.0,1,2,15,0,1,2,1,,3,20,0,,2,2,0,2,34,750,1,, -1,1,0,3,80,8,4,5,42,42205,1,1,0,6,Route de la PelletiÃ¨re,45.68013,3.960443,20,1,1
202100017676,170Â 025,B01,1,1,2,5,2,0,-1,0,0,-1,2021,25.0,1,1,0,2,1,1,5,,4,QUAI D AUSTERLITZ,0,,2,5,1,1,(1),(1),1,, -1,1,0,5,30,21,9,1,75,75113,2,3,0,3,QUAI D AUSTERLITZ,48.838322,2.372783,10,2,2
202100046762,118Â 185,B01,1,1,1,4,1,8,-1,0,0,-1,2021,34.0,3,5,0,2,2,1,1,,4,CHABERT (Rue Charles),0,,1,1,0,1,(1),(1),1,, -1,1,0,1,30,24,3,1,26,26198,2,2,0,3,Rue Charles Chabert,44.558165,4.745316,11,2,2
202100047022,117Â 723,B01,1,1,1,1,2,6,-1,-1,0,-1,2021,46.0,1,1,0,0,4,2,1,,3,AV GABRIEL PERI,0,,2,2,0,1,1,600,1,, -1,1,8,4,50,22,3,5,95,95063,2,1,0,2,AV GABRIEL PERI,48.9324209445,2.21086387,21,2,2
202100020156,165Â 604,A01,10,3,2,0,0,-1,-1,2,3,1,2021,25.0,1,2,0,1,8,1,1,,3,934,-1,,2,2,0,1,9,920,1,, -1,1,0,1,50,8,9,1,60,60471,2,1,0,6,Rue d Orroire,49.571477,3.017194,17,2,1
202100023818,159Â 051,A01,1,1,2,1,2,-1,-1,0,0,-1,2021,36.0,3,1,0,0,0,15,1,,4,,-1,,1,1,0,1,(1),(1),3,,4,1,5,1,50,17,8,1,17,17219,2,6,0,7,Rue Alsace Lorraine,45.826456,-1.108493,19,1,1
202100054392,104Â 539,A01,1,1,1,9,8,-1,-1,0,0,-1,2021,58.0,2,2,15,0,2,1,1,,2,1,0,,2,2,0,1,29,800,1,, -1,1,0,8,60,20,1,1,987,98734,2,1,0,1,PK 29.800 COTE MONTAGNE - RT1,-17.74933,-149.557743,11,2,1
202100052698,107Â 533,A01,10,3,1,2,0,-1,-1,2,3,3,2021,12.0,3,2,0,1,3,1,1,,4,MOULIN A VENT (R DU),0,,2,2,0,1,0,0,1,, -1,2,0,1,50,3,2,1,94,94071,2,1,1,3,MOULIN A VENT (R DU),48.76392,2.52928,12,2,1
202100007295,188Â 708,B01,1,1,1,1,1,0,-1,0,0,-1,2021,36.0,1,2,0,2,4,1,1,,2,ECHANGEUR NÂ° 01 ( PORTE DE PARIS ),0,,3,4,0,1,1,0,1,, -1,1,0,1,90,18,11,3,14,14437,2,1,0,4,ECHANGEUR NÂ° 01 ( PORTE DE PARIS ),49.17555,-0.3131,17,4,4
202100020431,165Â 120,A01,1,1,2,0,1,0,-1,-1, -1,-1,2021,39.0,2,2,0,2,1,9,1,,1,AUTOROUTE A5A,0,,1,4,0,1,1,200,1,, -1,1,3,1,110,7,9,1,77,77251,1,1,0,4,AUTOROUTE A5A,48.6248,2.5407,9,3,3
202100012687,179Â 038,A01,1,1,1,9,2,6,-1,-1, -1,-1,2021,33.0,1,1,0,2,0,26,1,,3,EDMOND MICHELET (R),0,,2,0,0,1,1,0,1,, -1,1,6,1,30,17,10,1,94,94043,2,1,0,7,Rue Edmond Michelet,48.8108108469,2.3637127876,16,2,2
202100037469,134Â 691,A01,4,2,2,5,1,-1,-1,0,0,-1,2021,50.0,1,2,0,2,4,1,1,,3,D712,-1,,2,2,1,1,(1),(1),1,, -1,1,0,1,50,26,5,1,22,22206,2,1,0,2,Rue de st brieuc,48.540439,-2.982836,13,6,2
202100053071,106Â 859,A01,1,1,2,9,1,8,-1,-1, -1,-1,2021,53.0,1,2,8,0,1,1,1,,4,ELYSIQUES (VOIES DES),0,,2,2,0,1,0,0,1,, -1,2,0,1,50,30,1,1,11,11262,2,1,1,6,ELYSIQUES (VOIES DES),43.18621,2.97304,12,1,1
202100010704,182Â 593,B01,1,1,2,0,1,0,-1,-1, -1,-1,2021,66.0,3,2,0,2,3,1,1,,4,REPUBLIQUE (AVE DE LA) NÂ° 90 A LA FIN,0,,-1,2,0,1,0,1,1,, -1,1,0,1,50,24,10,1,52,52448,2,1,0,3,REPUBLIQUE (AVE DE LA) NÂ° 90 A LA FIN,48.637698,4.939827,16,2,2
202100022034,162Â 245,A01,1,1,1,0,1,0,-1,-1, -1,-1,2021,29.0,1,5,4,2,3,1,1,,1,A51-Sens Marseille vers Aix en Provence,0,,1,2,0,1,11,0,1,, -1,1,8,1,70,28,8,1,13,13019,1,1,0,2,A51-Sens Marseille vers Aix en Provence,43.4272270327,5.383756076,10,4,2
202100009839,184Â 110,A01,1,1,2,1,1,-1,-1,0,0,-1,2021,27.0,0,2,13,0,2,1,1,,4,,-1,,2,2,0,2,(1),(1),2,,6,2,0,3,70,2,11,2,29,29026,1,1,1,6,Route de Dineault,48.199564,-4.10547,8,1,1
202100056418,101Â 054,A01,1,1,1,9,2,6,-1,0,0,-1,2021,23.0,1,1,0,2,1,1,1,,4,AVENUE SECRETAN,0,,2,3,0,2,(1),(1),1,, -1,1,0,1,50,1,1,5,75,75119,2,2,0,6,AVENUE SECRETAN,48.88123,2.373233,20,2,2
202100055957,101Â 863,A01,1,1,1,1,1,5,-1,-1, -1,-1,2021,54.0,1,2,0,2,3,16,1,,3,WILSON (AVENUE DU PRESIDENT),0,,-1,2,3,1,0,1,1,, -1,1,0,1,50,5,1,5,93,93066,2,2,0,3,WILSON (AVENUE DU PRESIDENT),48.9181877075,2.3578647546,6,2,2
202100015656,173Â 683,B01,1,1,1,0,2,0,-1,-1, -1,-1,2021,14.0,1,1,0,2,7,9,0,,4,FREDY (AVENUE DE),0,,2,2,0,1,0,0,1,, -1,2,0,1,50,2,10,2,93,93077,2,9,1,3,FREDY (AVENUE DE),48.88043,2.51907,19,2,2
202100032513,143Â 651,A01,1,1,1,1,2,6,-1,0,0,-1,2021,31.0,2,1,0,2,1,1,1,,4,BOULEVARD ADOLPHE PINARD,0,,1,1,0,1,(1),(1),1,, -1,1,0,1,50,24,6,1,75,75114,2,2,0,2,BOULEVARD ADOLPHE PINARD,48.823929,2.306982,20,2,2
202100035889,137Â 538,A01,1,1,1,5,8,0,-1,-1, -1,-1,2021,38.0,1,1,0,2,4,0,5,,3,1062,0,,3,2,0,1,0,1,1,, -1,1,0,3,70,6,6,3,67,67180,1,1,0,2,RD 1062,48.82897,7.75213,22,2,2
202100010500,182Â 953,A01,1,1,1,9,2,8,-1,-1, -1,-1,2021,35.0,1,1,0,0,0,26,1,,4,PARE (RUE AMBROISE),0,,-1,2,0,1,(1),(1),1,, -1,1,0,1,50,27,10,1,71,71076,2,1,0,7,PARE (RUE AMBROISE),46.7867234257,4.8489461358,12,1,1
202100024718,157Â 463,A01,1,1,1,5,8,0,-1,-1, -1,-1,2021,25.0,1,2,4,0,3,5,1,,3,446,0,,1,2,0,1,0,0,3,, -1,1,5,3,70,10,8,3,91,91692,1,6,0,6,OCEANIE (AVENUE DE L'),48.67591,2.19439,0,3,1
202100011690,180Â 832,A01,1,1,2,1,1,-1,-1,0,0,-1,2021,26.0,2,2,0,2,1,1,1,,3,930,0,D,2,2,0,1,12,500,1,, -1,1,0,1,80,23,10,2,62,62353,1,1,0,1,D930,50.111094,2.891625,7,2,2
202100042222,126Â 156,A01,1,1,2,0,1,0,-1,-1, -1,-1,2021,22.0,-1,2,0,2,1,1,1,,3,STALINGRAD (Avenue),0,,3,4,1,1,0,1,1,, -1,1,0,1,50,26,4,5,93,93072,2,2,0,3,STALINGRAD (Avenue),48.9469654236,2.3716994482,23,3,2
202100042110,126Â 359,B01,1,1,1,0,8,-1,-1,0,0,-1,2021,30.0,0,2,0,2,7,14,1,,3,,-1,,2,1,0,1,3,353,1,,"3,5",1,5,6,70,30,4,1,6,6152,1,6,0,3,Route du Parc,43.616847,7.037298,18,2,2
202100053212,106Â 622,B01,2,2,2,1,8,-1,-1,-1, -1,-1,2021,21.0,2,1,0,2,1,1,1,,4,QUAI DE BRAZZA,0,,2,2,0,1,(1),(1),1,, -1,1,0,8,50,29,1,1,33,33063,2,2,0,3,Quai de Brazza,44.85208,-0.5571,11,3,2
202100038043,133Â 660,A01,10,3,2,5,0,-1,-1,3,3,2,2021,88.0,2,2,0,1,2,15,1,,4,RUE DE LABORDE,0,,1,1,0,1,(1),(1),1,, -1,1,0,1,50,27,5,1,75,75108,2,2,0,6,RUE DE LABORDE,48.875675,2.319615,12,3,1
202100033107,142Â 571,A01,1,1,1,0,2,6,-1,0,0,-1,2021,55.0,1,1,3,9,2,26,1,,1,750,0,A,2,2,0,1,32,477,2,, -1,1,8,1,50,21,6,3,34,34239,1,9,0,6,A750,43.656955,3.518553,21,1,1
202100021032,164Â 068,B01,1,1,1,0,8,0,-1,-1, -1,-1,2021,51.0,1,1,0,2,0,2,3,,4,DUBOIS(RUE),0,,2,2,0,1,(1),(1),1,, -1,1,0,1,30,3,9,1,59,59512,2,1,0,3,DUBOIS(RUE),50.6908,3.1695,8,2,2
202100047529,116Â 808,A01,1,1,2,1,8,0,-1,0,0,-1,2021,29.0,3,2,0,2,3,11,1,,4,QUAI DE BERCY,0,,1,3,0,2,(1),(1),1,, -1,1,1,1,50,17,3,5,75,75112,2,1,0,3,QUAI DE BERCY,48.830466,2.386213,18,2,2
202100024572,157Â 739,A01,2,2,2,0,8,0,-1,-1, -1,-1,2021,22.0,3,2,0,2,1,10,1,,3,PONT DE BEZONS,0,,1,7,0,2,1,0,1,, -1,1,5,1,50,12,8,5,92,92025,2,2,0,3,PONT DE BEZONS,48.919035,2.22297,1,3,2
202100041382,127Â 639,B01,1,1,1,0,1,-1,-1,0,0,-1,2021,23.0,3,2,6,2,3,0,1,,3,2,-1,,2,2,0,2,(1),(1),1,, -1,1,2,1,70,4,5,1,22,22339,1,9,0,2,D2,48.468653,-2.060119,17,3,2
202100036654,136Â 192,A01,1,1,1,5,8,0,-1,-1, -1,-1,2021,21.0,1,0,9,0,7,14,3,,4,VERON (R),0,,1,1,0,1,0,0,1,, -1,1,0,1,50,3,6,1,94,94002,2,1,0,3,VERON (R),48.80093,2.42231,12,1,1
202100025135,156Â 728,B01,1,1,1,0,2,0,-1,-1, -1,-1,2021,32.0,1,1,0,2,3,2,1,,4,LIEUTENANT PIERRE MURARD (RUE),0,,2,2,0,1,(1),(1),1,, -1,1,0,1,50,7,8,1,10,10387,2,1,0,1,LIEUTENANT PIERRE MURARD (RUE),48.30493,4.05329,18,2,2
202100023264,160Â 031,B01,1,1,1,5,8,0,-1,-1, -1,-1,2021,10.0,2,1,0,2,1,1,3,,4,,0,,2,2,0,1,(1),(1),2,, -1,1,0,1,30,19,8,1,67,67482,2,3,0,3,COLETTE (RUE),48.587449,7.699467,16,2,2
202100034021,140Â 947,A01,1,1,2,3,1,8,-1,-1, -1,-1,2021,40.0,1,2,6,2,6,4,1,,4,AV JEAN JAURES,0,,-1,2,0,1,0,0,1,, -1,1,0,1,50,16,6,1,91,91479,2,1,0,2,AV JEAN JAURES,48.70952,2.36708,16,2,2
202100037033,135Â 505,A01,1,1,2,5,1,0,-1,0,0,-1,2021,46.0,2,2,8,0,1,26,1,,4,CIMETIERE MONTEE DU,0,,2,2,0,2,(1),(1),1,, -1,1,0,3,50,31,5,1,6,6027,2,9,0,6,CIMETIERE MONTEE DU,43.669979,7.145312,16,1,1
202100015724,173Â 562,A01,1,1,1,0,1,8,-1,-1, -1,-1,2021,27.0,1,2,14,0,1,26,1,,1,AUTOROUTE A3,0,,3,10,0,1,6,500,3,, -1,2,0,1,70,2,10,3,93,93053,1,1,0,6,AUTOROUTE A3,48.89854,2.46975,4,1,1
202100019128,167Â 433,A01,10,3,2,0,0,-1,-1,3,3,1,2021,66.0,1,2,0,1,1,26,1,,3,PAYS DE GAVOT (ROUTE DU)  RD11,0,,-1,1,0,2,0,1,3,, -1,1,0,8,50,13,9,1,74,74218,1,1,0,6,PAYS DE GAVOT (ROUTE DU)  RD11,46.38679,6.54637,10,2,1
202100038550,132Â 735,B01,10,3,2,5,0,-1,-1,3,3,1,2021,90.0,3,2,0,1,4,1,1,,3,2562,-1,,2,2,0,1,6,561,1,, -1,1,0,1,50,24,5,1,6,6095,2,1,0,6,68 Avenue de Boutiny,43.64339,6.882082,15,3,2
202100049555,113Â 178,B01,1,1,2,5,0,-1,-1,0,0,-1,2021,33.0,2,1,0,2,8,1,5,,3,252,-1,,2,2,0,1,20,300,1,, -1,1,0,1,80,1,3,1,61,61167,1,1,0,3,Route de Moulins la Marche,48.822759,0.507238,15,2,2
202100010543,182Â 881,A01,10,3,1,0,0,-1,-1,9,B,1,2021,84.0,3,2,0,0,0,0,0,,4,CABOT (BOULEVARD),0,,-1,1,0,1,0,0,1,, -1,1,0,1,50,27,10,1,13,13209,2,1,0,6,CABOT (BOULEVARD),43.26014,5.41595,13,2,1
202100045881,119Â 746,A01,2,2,1,0,1,0,-1,-1, -1,-1,2021,20.0,2,2,0,2,6,11,1,,1,AUTOROUTE A6A,0,,2,12,0,1,4,760,1,, -1,1,0,1,90,31,3,1,94,94038,1,1,0,5,AUTOROUTE A6A,48.77563,2.34653,18,4,3
202100040618,129Â 009,B01,1,1,1,3,2,8,-1,-1, -1,-1,2021,59.0,1,1,0,2,1,26,1,,4,AV DOC ROBERT MOREL,0,,2,4,0,1,0,0,1,, -1,1,0,1,50,9,5,1,13,13004,2,9,0,3,AV DOC ROBERT MOREL,43.6818,4.60847,9,2,2
202100018568,168Â 445,A01,10,3,2,2,8,8,-1,4,3,1,2021,11.0,1,2,0,1,3,0,1,,3,HUGO (RUE VICTOR),0,,2,2,0,1,0,2,2,, -1,1,0,1,50,15,9,1,54,54431,2,1,0,6,HUGO (RUE VICTOR),48.90168,6.05177,12,2,1
202100020326,165Â 303,B01,1,1,2,5,2,0,-1,0,0,-1,2021,14.0,2,1,0,2,8,1,3,,4,RUE DE VAUGIRARD,0,,2,4,0,1,(1),(1),1,, -1,1,0,1,30,5,9,1,75,75115,2,2,0,3,RUE DE VAUGIRARD,48.840415,2.304279,13,3,2
202100042263,126Â 085,A01,1,1,1,0,1,-1,-1,0,0,-1,2021,52.0,2,5,3,0,1,26,1,,3,51,-1,A,2,2,0,3,3,125,3,, -1,1,0,4,50,29,4,1,38,38064,2,1,0,6,Rue de la Gare,45.5622,5.37745,10,1,1
202100019935,165Â 999,A01,1,1,1,0,2,6,-1,-1, -1,-1,2021,52.0,2,1,0,2,7,17,1,,4,,0,,2,2,0,1,0,0,1,, -1,1,0,1,50,9,9,1,92,92012,2,3,0,3,ANATOLE FRANCE (BOULEVARD) 1/4BIS,48.8510501646,2.2344883849,10,2,2
202100045049,121Â 204,A01,1,1,1,5,2,6,-1,0,0,-1,2021,19.0,2,1,6,0,8,13,1,,3,,-1,,2,2,0,1,10,758,3,, -1,1,0,1,30,4,4,1,35,35356,2,1,0,6,12 Rue de la Poste,48.248614,-1.781927,8,1,1
202100055423,102Â 781,A01,1,1,1,0,1,0,-1,-1, -1,-1,2021,31.0,2,2,4,0,8,2,1,,1,AUTOROUTE A3,0,,3,8,0,1,0,699,1,, -1,2,0,1,90,12,1,3,93,93006,1,1,1,6,AUTOROUTE A3,48.86626,2.42276,20,1,1
202100001911,198Â 378,B01,1,1,2,1,1,0,-1,-1, -1,-1,2021,62.0,2,2,0,2,8,2,1,,3,LEON BLUM (AV),0,,3,2,0,2,1,0,1,, -1,1,0,1,50,21,12,1,94,94016,2,2,0,3,LEON BLUM (AV),48.7867,2.3374,10,2,2
202100042358,125Â 910,A01,1,1,2,5,8,0,-1,0,0,-1,2021,35.0,2,1,0,0,0,7,3,,4,BOULEVARD RASPAIL,0,,1,2,3,1,(1),(1),1,, -1,1,0,6,50,27,4,1,75,75107,2,4,0,7,BOULEVARD RASPAIL,48.853417,2.326183,14,1,1
202100014000,176Â 679,A01,10,3,1,5,0,-1,-1,2,4,1,2021,3.0,2,2,0,1,0,2,1,,4,RUE FERNAND FAVRE,0,,1,1,0,1,(1),(1),1,, -1,1,0,1,50,10,10,1,33,33119,2,1,0,6,Rue Fernand Favre,44.85441,-0.53539,18,2,1
202100002109,198Â 031,B01,1,1,2,5,0,-1,-1,0,0,-1,2021,70.0,2,0,0,2,3,1,3,,3,947,-1,D,2,2,1,1,(1),(1),1,, -1,1,5,1,50,22,12,1,59,59212,2,3,0,3,Rue de Lille,50.643409,2.729864,10,2,2
202100025675,155Â 786,A01,10,3,1,0,0,-1,-1,3,4,2,2021,4.0,1,2,0,1,2,1,1,,3,,-1,,1,2,0,2,(1),(1),1,,4,1,0,1,50,5,8,1,8,8490,2,9,0,6,6 Rue Avetant,49.396787,4.702364,17,2,1