Num_Acc,id_vehicule,num_veh,place,catu,sexe,trajet,secu1,secu2,secu3,locp,actp,etatp,year_acc,victim_age,senc,catv,obs,obsm,choc,manv,motor,occutc,catr,voie,v1,v2,circ,nbv,vosp,prof,pr,pr1,plan,lartpc,larrout,surf,infra,situ,vma,jour,mois,lum,dep,com,agg_,int,atm,col,adr,lat,long,hour,nb_victim,nb_vehicules
202100032300,144Â 021,B01,1,1,1,5,8,0,-1,-1, -1,-1,2021,18.0,1,1,0,2,0,0,5,,3,ALSACE-LORRAINE (PLACE),0,,2,2,1,1,0,1,1,, -1,1,0,1,50,25,6,1,8,8409,2,9,0,3,ALSACE-LORRAINE (PLACE),49.70218,4.94456,21,2,2
202100054796,103Â 848,B01,1,1,1,9,2,0,-1,-1, -1,-1,2021,47.0,2,1,0,2,2,1,1,,4,RICHARD WAGNER (RUE),0,,1,1,0,1,0,0,1,, -1,2,0,1,50,15,1,1,93,93007,2,9,0,3,RICHARD WAGNER (RUE),48.9381112755,2.4712868984,11,2,2
202100055743,102Â 225,B01,1,1,2,0,1,-1,-1,-1, -1,-1,2021,46.0,0,2,0,2,0,0,1,,4,,0,,1,1,0,1,(1),(1),1,, -1,1,0,1,50,8,1,5,69,69259,2,3,0,3,VAILLANT COUTURIER (R),45.7260080308,4.8579847813,19,2,2
202100002035,198Â 157,A01,1,1,2,1,2,6,0,0,0,-1,2021,19.0,2,1,7,2,1,1,1,,4,,0,,2,2,0,2,(1),(1),3,, -1,1,0,1,30,19,12,2,6,6012,2,1,0,1,"ROMAIN (CHEMIN, NÂ° 25 ET +)",43.75206,7.42525,19,2,2
202100011695,180Â 826,A01,1,1,2,1,1,-1,-1,0,0,-1,2021,59.0,2,2,16,0,9,1,1,,3,113,-1,,2,2,0,1,16,900,2,, -1,2,0,1,80,21,10,1,32,32290,1,1,0,7,route dÃ©partementale D113,43.949165,0.214298,13,1,1
202100052371,108Â 101,B01,1,1,1,4,2,6,-1,-1, -1,-1,2021,45.0,2,1,0,2,5,23,1,,4,SEBASTOPOL (RUE DE),0,,1,2,0,1,0,0,1,, -1,2,5,1,50,5,2,5,988,98818,2,3,1,3,SEBASTOPOL (RUE DE),-22.27428,166.44374,18,2,2
202100012181,179Â 945,A01,7,2,2,5,1,0,-1,-1, -1,-1,2021,59.0,3,2,0,2,6,19,1,,3,D 605,0,,2,2,0,1,20,692,1,, -1,1,0,1,90,14,10,1,77,77487,1,3,0,3,D605,48.53637,2.70341,16,5,2
202100034572,139Â 921,B01,1,1,1,1,8,0,-1,-1, -1,-1,2021,44.0,3,1,0,2,1,1,2,,3,NORD SUD VOIE,0,,2,3,2,1,35,900,2,6, -1,1,0,5,30,13,6,1,64,64129,2,6,0,3,BAYONNE DE,43.30489,-0.40138,11,2,2
202100051393,109Â 819,A01,10,3,1,0,0,-1,-1,2,3,1,2021,47.0,3,2,0,1,1,1,1,,4,A.LEGER,0,,2,1,0,1,(1),(1),1,, -1,1,0,1,50,15,2,1,971,97120,2,9,1,6,A.LEGER,16.24293,-61.53449,7,3,1
202100046084,119Â 379,A01,10,3,1,5,0,-1,-1,0,3,1,2021,18.0,1,2,0,1,2,21,1,,4,PIATS (RUE DES),0,,2,2,0,1,(1),(1),1,, -1,1,0,1,50,29,3,1,59,59599,2,1,0,6,PIATS (RUE DES),50.7237269586,3.172262013,19,2,1
202100027604,152Â 381,A01,1,1,1,9,2,6,-1,0,0,-1,2021,53.0,1,1,3,0,8,1,1,,1,20,-1,A,3,4,0,2,101,600,1,, -1,1,2,1,130,23,7,1,36,36033,1,1,0,6,,46.508005,1.505289,10,1,1
202100048721,114Â 671,B01,1,1,1,1,2,6,0,-1, -1,-1,2021,46.0,1,1,0,2,1,1,1,,3,PETIT ANTOINE (RUE),0,,2,2,0,3,0,0,1,, -1,1,0,1,50,8,3,5,92,92032,2,2,0,5,PETIT ANTOINE (RUE),48.79054,2.28896,18,3,3
202100018035,169Â 389,A01,1,1,2,0,2,0,-1,-1, -1,-1,2021,37.0,2,1,0,0,0,0,1,,3,DIVISION LECLERC (31 A 51 -36 A 56 BIS),0,,1,1,2,1,0,0,1,, -1,1,0,1,50,18,9,5,92,92002,2,1,0,7,DIVISION LECLERC (31 A 51 -36 A 56 BIS),48.74679,2.30368,22,1,1
202100027765,152Â 079,B01,1,1,2,9,8,0,-1,0,0,-1,2021,48.0,2,1,0,2,0,7,5,,4,RUE DU FAUBOURG SAINT ANTOINE,0,,2,2,3,1,(1),(1),1,, -1,1,0,6,50,21,7,1,75,75111,2,4,0,3,RUE DU FAUBOURG SAINT ANTOINE,48.850636,2.378824,14,3,2
202100037287,135Â 022,A01,1,1,1,5,2,6,-1,0,0,-1,2021,65.0,1,1,0,2,7,15,1,,4,RUE ALPHONSE DAUDET,0,,1,1,1,1,(1),(1),2,, -1,1,0,1,50,31,5,1,75,75114,2,3,0,3,RUE ALPHONSE DAUDET,48.826121,2.328882,13,2,2
202100025395,156Â 264,A01,1,1,2,1,1,0,-1,-1, -1,-1,2021,46.0,2,2,0,2,4,2,1,,7,4,0,,3,3,0,1,3,200,1,, -1,2,0,1,90,3,8,1,67,67471,1,1,0,2,M35,48.6307,7.7239,17,2,2
202100001919,198Â 363,B01,1,1,1,3,2,6,-1,-1, -1,-1,2021,24.0,1,1,0,2,7,2,1,,3,ALLENDE (AVENUE SALVADOR),0,,3,3,0,2,48,956,1,, -1,1,0,1,50,21,12,1,93,93031,2,1,0,3,ALLENDE (AVENUE SALVADOR),48.9561036551,2.3085435664,12,2,2
202100035562,138Â 148,B01,1,1,1,0,2,6,-1,-1, -1,-1,2021,33.0,1,1,0,2,1,1,1,,3,LOUIS TALAMONI (R),0,,3,4,0,2,1,0,1,, -1,1,0,1,50,8,6,5,94,94017,2,9,0,3,Rue Louis Talamoni,48.813329,2.511734,23,2,2
202100037655,134Â 352,A01,1,1,1,5,6,2,-1,0,0,-1,2021,20.0,1,1,12,2,0,1,1,,3,504,-1,,2,2,0,1,16,931,3,, -1,1,0,1,80,29,5,1,69,69070,2,1,0,1,LAC (DU) (R),46.0157661709,4.3767351356,15,3,2
202100045276,120Â 791,A01,9,2,1,5,1,-1,-1,0,0,-1,2021,12.0,2,2,0,2,5,1,1,,3,673,-1,,2,2,0,1,8,125,1,,4,1,0,1,80,4,4,1,71,71004,1,2,0,3,D673,46.803381,4.940431,18,6,2
202100004414,193Â 869,B01,2,2,2,0,2,0,-1,-1, -1,-1,2021,14.0,1,1,0,2,7,1,1,,3,AV DU MAL DE LATTRE DE TASSIGNY,0,,1,3,0,1,1,0,1,, -1,2,0,1,50,5,12,5,94,94028,2,1,0,3,Av du Mal de Lattre de Tassigny,48.8003,2.45122,18,3,2
202100008320,186Â 855,A01,1,1,1,0,1,-1,-1,0,0,-1,2021,35.0,1,2,13,0,0,14,1,,2,10,0,,1,0,0,1,45,0,1,,0,2,0,8,110,14,11,1,78,78003,1,1,1,6,N10,48.554294,1.830626,9,1,1
202100010852,182Â 329,A01,10,3,1,3,8,8,-1,3,3,1,2021,16.0,1,2,0,1,8,11,0,,4,AV DE LA CONCORDE,0,,2,2,0,1,0,100,1,, -1,1,0,1,50,26,10,1,91,91657,2,3,0,6,AV DE LA CONCORDE,48.7046,2.42278,11,2,1
202100018654,168Â 295,A01,1,1,1,5,1,-1,-1,0,0,-1,2021,65.0,1,2,0,0,0,1,1,,3,417,0,,2,2,0,2,2,900,4,, -1,1,0,1,80,16,9,3,5,5139,1,1,0,7,chemin de l'enclus au vallon de corne,44.6618243193,5.9399618262,23,1,1
202100009800,184Â 176,A01,1,1,2,5,2,6,-1,0,0,-1,2021,46.0,2,1,0,2,7,12,1,,4,BOULEVARD PERIPHERIQUE,0,,1,4,0,1,(1),(1),1,, -1,1,1,1,70,31,10,5,75,75116,2,4,0,3,BOULEVARD PERIPHERIQUE,48.840349,2.253882,2,2,2
202100046922,117Â 902,A01,1,1,2,5,1,0,-1,-1, -1,-1,2021,55.0,2,2,0,2,4,23,1,,1,VA007333 LA FAOURETTE A620 Sortie 26,0,,-1,0,0,1,9,859,1,, -1,1,0,1,90,10,3,3,31,31555,2,1,0,5,VA007333 LA FAOURETTE A620 Sortie 26,43.57395,1.40986,21,3,3
202100032427,143Â 812,B01,1,1,1,0,1,0,-1,-1, -1,-1,2021,28.0,1,2,0,2,4,2,1,,2,ROUTE NATIONALE 356,0,,3,4,0,1,3,0,1,, -1,1,0,1,90,25,6,3,59,59410,1,1,0,6,ROUTE NATIONALE 356,50.65014,3.101059,2,3,2
202100045769,119Â 941,A01,1,1,1,0,8,0,-1,-1, -1,-1,2021,37.0,0,1,0,2,1,1,3,,4,RUE ALBERT LAUTMANN,0,,1,1,0,1,(1),(1),1,, -1,1,0,1,30,30,3,1,31,31555,2,2,0,3,RUE ALBERT LAUTMANN,43.60632,1.43874,13,2,2
202100031202,145Â 967,A01,1,1,1,4,2,8,-1,-1, -1,-1,2021,31.0,1,1,0,2,1,3,1,,3,LIBERATION (AV DE LA),0,,2,2,0,1,1,0,1,, -1,1,9,1,30,3,7,1,94,94068,2,3,0,1,Avenue de la LibÃ©ration,48.8114,2.47861,18,2,2
202100027282,152Â 962,A01,2,2,2,5,1,-1,-1,0,0,-1,2021,66.0,2,2,13,0,7,14,1,,2,202,0,,2,2,0,2,24,350,2,, -1,1,0,3,80,24,7,1,4,4236,1,1,0,6,RN 202,43.914372,6.579437,15,2,1
202100009402,184Â 895,C01,10,3,2,0,8,-1,-1,9,3,1,2021,28.0,0,0,0,1,0,26,0,,4,ANVERS (D')                         (R ),0,,1,1,2,1,(1),(1),1,, -1,2,0,1,50,4,11,5,69,69387,2,1,1,6,ANVERS (D') (R),45.74915,4.84186,20,2,1
202100045693,120Â 067,B01,1,1,2,5,0,-1,-1,0,0,-1,2021,13.0,1,1,0,2,1,25,5,,3,201,0,,2,2,0,1,43,0,1,, -1,1,0,8,50,1,4,1,68,68118,2,3,0,3,1 Rue des Noyers,47.739274,7.416527,15,2,2
202100048329,115Â 366,A01,1,1,1,5,2,6,9,0,0,-1,2021,62.0,1,1,5,0,7,1,1,,3,902,0,,2,2,0,3,20,350,4,, -1,1,0,3,90,12,3,1,34,34233,1,1,0,6,pont de la bourse,43.79873,3.237641,16,1,1
202100012055,180Â 163,A01,1,1,2,2,0,0,-1,-1, -1,-1,2021,22.0,1,0,0,2,3,1,3,,3,CRETEIL (BD DE),0,,2,2,0,1,0,0,1,, -1,1,0,1,30,19,10,1,94,94068,2,2,0,3,Boulevard de CrÃ©teil,48.79811,2.48402,14,3,2
202100056258,101Â 338,A01,1,1,1,0,1,0,-1,-1, -1,-1,2021,37.0,1,2,7,0,2,14,1,,3,BRETON (RUE DU),0,,2,2,0,2,33,621,2,, -1,2,0,1,70,2,1,1,50,50416,1,1,0,6,BRETON (RUE DU),49.654,-1.7062,12,1,1
202100041945,126Â 645,B01,2,2,1,4,1,0,-1,-1, -1,-1,2021,31.0,1,0,0,2,3,2,1,,3,FORT DE LA BRICHE,0,,2,2,0,1,0,1,1,, -1,1,0,1,50,30,4,1,93,93066,2,3,0,3,FORT DE LA BRICHE,48.942063,2.341564,10,4,2
202100013321,177Â 936,B01,1,1,1,1,2,0,-1,-1, -1,-1,2021,46.0,1,1,0,2,3,2,1,,3,STALINGRAD (BD DE),0,,1,2,0,1,86,0,1,, -1,1,0,1,50,14,10,1,94,94073,2,1,0,3,Boulevard de Stalingrad,48.77275,2.40006,8,2,2
202100051964,108Â 822,A01,1,1,1,5,1,-1,-1,0,0,-1,2021,74.0,2,5,17,0,2,14,1,,3,41,-1,E,2,2,0,2,2,750,3,, -1,1,0,3,80,11,2,1,18,18052,1,1,0,6,33 Le Petit Teilleux,46.746106,2.663916,16,1,1
202100027468,152Â 630,A01,1,1,1,5,6,2,-1,0,0,-1,2021,37.0,1,1,0,0,1,1,1,,3,27,0,,2,2,0,2,18,800,2,, -1,1,0,3,80,23,7,1,68,68247,1,1,0,7,D27,47.950314,7.001359,20,1,1
202100026113,155Â 019,A01,2,2,2,5,1,-1,-1,-1,0,-1,2021,27.0,3,2,0,2,1,1,1,,4,GENERAL ARCHINARD (RUE DU),0,,1,1,0,1,(1),(1),1,, -1,1,0,1,50,31,7,1,95,95680,2,1,0,3,GENERAL ARCHINARD (RUE DU),49.0074438945,2.3946064711,14,4,2
202100015376,174Â 223,B01,1,1,1,0,2,6,-1,0,0,-1,2021,15.0,2,1,0,2,1,17,1,,3,952,0,,2,2,0,1,57,40,1,, -1,1,5,1,50,4,10,1,37,37123,2,1,0,1,D952,47.3219752446,0.4063181978,18,2,2
202100029938,148Â 287,B01,1,1,1,0,2,6,-1,-1, -1,-1,2021,21.0,1,1,0,2,8,2,1,,4,CORINTHE (AVENUE DE),0,,3,2,0,1,0,0,1,, -1,1,0,1,50,6,7,1,13,13206,2,1,0,3,CORINTHE (AVENUE DE),43.28355,5.39018,15,2,2
202100013966,176Â 736,B01,1,1,1,1,2,6,-1,-1, -1,-1,2021,24.0,2,1,0,2,8,3,1,,1,ROCADE A 630,0,,3,6,0,1,32,690,1,, -1,1,0,1,90,11,10,1,33,33039,1,1,0,3,Rocade Sud Est A630,44.7914,-0.54044,8,3,2
202100042353,125Â 918,A01,1,1,1,1,2,6,-1,0,0,-1,2021,40.0,2,1,0,1,1,21,3,,4,RUE NATIONALE,0,,1,4,1,1,(1),(1),1,, -1,1,0,5,30,27,4,1,75,75113,2,1,0,6,RUE NATIONALE,48.830602,2.364268,9,2,1
202100007445,188Â 444,A01,1,1,1,5,8,0,-1,0,0,-1,2021,71.0,3,2,1,0,1,13,1,,4,PLACE SAINT AUGUSTIN,0,,2,4,0,1,(1),(1),1,, -1,1,0,1,30,18,11,5,75,75108,2,7,0,6,PLACE SAINT AUGUSTIN,48.87486,2.319867,22,1,1
202100053736,105Â 691,A01,10,3,1,0,0,-1,-1,3,3,1,2021,17.0,1,0,0,1,1,1,1,,4,,0,,2,2,2,1,0,0,1,, -1,1,0,1,50,25,1,1,44,44109,2,1,0,6,RUE GUILLAUME GROOTAERS,47.2390650674,-1.5851821303,11,2,1
202100032657,143Â 393,A01,1,1,1,1,1,-1,-1,-1, -1,-1,2021,62.0,1,2,0,2,3,15,1,,4,,0,,2,2,0,1,(1),(1),1,, -1,1,0,1,50,23,6,1,69,69256,2,3,0,3,MAURICE AUDIN (R),45.77906,4.92214,11,2,2
202100022377,161Â 650,A01,1,1,1,5,2,6,-1,0,0,-1,2021,55.0,2,1,16,0,0,1,1,,3,81,-1,,2,2,0,1,203,350,4,, -1,1,0,3,80,27,8,3,202,202314,1,1,0,7,Casta,42.659338,9.204569,20,1,1
202100033420,142Â 032,Z01,2,2,2,5,1,0,-1,0,0,-1,2021,24.0,1,2,14,0,2,13,1,,4,ECHANGEUR CHAPELLE,0,,1,3,0,1,(1),(1),1,, -1,2,0,1,70,18,6,5,75,75118,2,4,0,6,ECHANGEUR CHAPELLE,48.9015901905,2.3583859205,3,2,1
202100030357,147Â 499,A01,10,3,1,5,0,-1,-1,2,3,2,2021,6.0,1,2,1,1,2,14,2,,4,SCHWEITZER (RUE DU DOCTEUR),0,,2,2,0,1,(1),(1),1,, -1,1,0,1,50,6,7,1,59,59599,2,1,0,6,SCHWEITZER (RUE DU DOCTEUR),50.739831,3.180084,21,2,1
202100019173,167Â 359,A01,3,2,1,4,1,0,-1,-1, -1,-1,2021,45.0,3,2,1,0,8,16,1,,4,CONTADES AVENUE,0,,2,2,0,1,0,0,1,, -1,1,0,4,30,13,9,5,49,49007,2,6,0,6,CONTADES AVENUE,47.4631,-0.55385,2,5,1
202100006207,190Â 715,A01,1,1,2,1,1,0,-1,-1, -1,-1,2021,60.0,1,2,6,0,1,14,1,,4,BOEUF (CHEMIN) (1),0,,2,2,0,2,0,0,1,, -1,1,0,3,50,25,11,1,974,97416,2,1,0,6,BOEUF (CHEMIN) (1),-21.2872,55.46761,7,1,1
202100004589,193Â 574,A01,1,1,1,5,1,-1,-1,0,0,-1,2021,87.0,1,2,13,0,1,15,1,,7,29,0,,2,2,0,1,3,0,2,, -1,2,0,8,80,3,12,1,37,37172,1,6,1,6,Cht de la Chassetiere,47.449763,0.698195,12,1,1
202100052221,108Â 362,B01,1,1,1,5,1,0,-1,-1, -1,-1,2021,34.0,3,2,0,2,3,1,1,,4,ALBERT CAMUS  RUE,0,,2,2,0,1,(1),(1),1,, -1,1,0,1,30,7,2,5,13,13063,2,1,0,3,ALBERT CAMUS  RUE,43.588851,5.005116,19,2,2
202100017224,170Â 858,B01,1,1,1,5,0,-1,-1,0,0,-1,2021,52.0,3,0,0,2,3,1,3,,4,,-1,,2,2,0,1,(1),(1),4,,4,1,0,1,50,26,9,1,35,35277,2,1,0,3,Rue Joseph Maudet,48.114348,-2.066175,10,2,2
202100042514,125Â 627,A01,1,1,1,0,2,0,-1,-1, -1,-1,2021,30.0,1,1,0,2,2,1,1,,3,SAINT LEU (ROUTE),0,,2,2,0,1,0,1,1,, -1,1,0,1,50,26,4,1,93,93079,2,3,0,3,SAINT LEU (ROUTE),48.9527310028,2.3374057185,19,2,2
202100026264,154Â 754,A01,1,1,1,0,2,0,-1,-1, -1,-1,2021,40.0,1,1,0,2,1,21,1,,2,VIEUX BOURG,0,,1,1,0,3,(1),(1),3,, -1,1,3,1,30,24,7,5,971,97101,2,4,0,2,VIEUX BOURG,16.24951,-61.52847,20,3,2
202100038534,132Â 761,A01,10,3,1,1,0,-1,-1,4,3,1,2021,47.0,1,2,0,1,1,15,1,,4,RUE DU LOUVRE,0,,2,2,0,1,(1),(1),1,, -1,2,0,1,30,24,5,1,75,75101,2,2,1,6,RUE DU LOUVRE,48.861707,2.341211,8,2,1
202100039165,131Â 618,B01,2,1,1,9,8,0,-1,-1, -1,-1,2021,18.0,1,1,0,2,8,1,6,,3,72,0,,2,2,0,1,0,1,1,, -1,2,0,1,50,19,5,1,92,92020,2,1,1,3,VANVES BOULEVARD DE NÂ° PAIRS,48.80993,2.28259,15,2,2
202100012359,179Â 625,A01,1,1,2,0,1,0,-1,-1, -1,-1,2021,73.0,1,2,3,2,1,23,2,,1,A13Y,0,,1,3,0,1,38,99,1,, -1,2,0,1,130,18,10,3,78,78029,1,1,0,1,A13Y,48.966697,1.853108,22,2,2
202100001414,199Â 248,B01,1,1,1,1,0,-1,-1,0,0,-1,2021,19.0,1,1,0,0,4,1,5,,3,323,-1,D,3,4,0,1,30,400,1,, -1,2,5,1,90,27,12,2,49,49323,1,6,0,2,D323,47.49743,-0.49299,8,2,2
202100031606,145Â 261,A01,10,3,2,2,0,-1,-1,4,3,1,2021,19.0,2,2,0,1,2,1,1,,3,MAURICE BERTEAUX (R),0,,2,2,0,3,1,0,1,, -1,1,8,1,50,30,6,1,94,94071,2,1,0,6,Rue Maurice Berteaux,48.772485,2.51916,19,2,1
202100037093,135Â 399,A01,1,1,2,1,1,-1,-1,0,0,-1,2021,37.0,1,2,0,2,3,1,1,,3,3,0,D,2,2,0,2,49,70,3,, -1,1,0,1,90,2,6,1,82,82102,1,1,0,1,lieu dit rodier,44.015071,0.849423,13,2,2
202100022016,162Â 278,A01,1,1,1,5,2,6,-1,0,0,-1,2021,23.0,1,1,4,0,2,1,1,,3,91,0,,2,2,0,1,21,100,2,, -1,1,0,3,50,27,8,1,78,78590,1,1,0,6,91,48.680467,1.965255,15,1,1
202100025030,156Â 913,A01,1,1,1,5,8,-1,-1,0,0,-1,2021,24.0,2,2,13,0,1,1,1,,3,18,-1,,2,2,0,2,(1),(1),1,, -1,1,0,3,80,8,8,5,972,97210,1,1,0,7,Morne Acajou,14.5828,-60.910826,19,1,1
202100005254,192Â 391,A01,1,1,2,0,1,5,-1,-1, -1,-1,2021,37.0,2,2,0,2,1,13,1,,3,,0,,2,2,0,1,7,0,1,, -1,2,0,1,50,1,12,1,78,78401,2,1,0,1,TESSANCOURT (RUE DE),49.007749,1.905115,15,2,2
202100040240,129Â 671,B01,1,1,1,0,1,0,-1,-1, -1,-1,2021,57.0,2,1,0,2,0,1,5,,4,CHARLES DE GAULLE (AVENUE) - COTE PAIR,0,,-1,2,0,1,0,0,1,, -1,1,0,1,50,6,5,1,92,92012,2,2,0,3,CHARLES DE GAULLE (AVENUE) - COTE PAIR,48.85031,2.23775,19,2,2
202100043235,124Â 376,A01,1,1,1,4,0,-1,-1,0,0,-1,2021,18.0,3,4,0,0,0,14,1,,4,2,0,C,2,2,0,2,(1),(1),1,, -1,1,0,3,70,21,4,1,56,56061,1,1,0,7,la planchette,47.749424,-2.142366,12,1,1
202100013258,178Â 041,A01,1,1,2,9,8,0,-1,-1, -1,-1,2021,39.0,1,2,0,2,1,2,1,,3,BERGES VOIE,0,,3,4,0,1,34,560,1,, -1,1,0,1,80,14,10,1,49,49007,1,1,0,4,BERGES VOIE,47.4835,-0.5491,18,3,3
202100000880,200Â 172,B01,1,1,2,1,1,0,-1,-1, -1,-1,2021,46.0,2,2,0,2,3,1,1,,4,ANDRE MALRAUX (RUE),0,,2,2,0,1,(1),(1),3,, -1,2,0,1,50,29,12,1,10,10387,2,1,1,3,ANDRE MALRAUX (RUE),48.3114765078,4.0822792053,12,2,2
202100011277,181Â 579,A01,1,1,1,5,2,-1,-1,0,0,-1,2021,71.0,2,1,0,0,0,1,5,,3,51,-1,,2,2,0,2,14,60,1,, -1,1,0,1,80,16,10,1,39,39261,1,1,0,7,,46.461591,5.438677,15,1,1
202100048598,114Â 891,A01,1,1,1,5,1,-1,-1,0,0,-1,2021,20.0,1,2,2,0,8,0,1,,3,6,-1,,2,2,0,2,11,800,2,, -1,1,0,3,80,4,3,3,974,97415,2,1,0,6,Chemin d'Eau,-21.085029,55.272071,19,1,1
202100026902,153Â 623,A01,2,2,1,3,1,-1,-1,0,0,-1,2021,39.0,0,2,6,0,1,20,1,,4,,-1,,2,2,0,1,(1),(1),1,,4,2,0,4,50,27,7,1,27,27398,1,1,1,6,13 Rue RangÃ©e des Sablons,49.105098,0.618887,21,2,1
202100019757,166Â 329,B01,2,2,2,0,2,9,6,0,0,-1,2021,53.0,0,1,0,0,1,0,1,,3,46,-1,,2,2,0,1,6,810,1,,4,1,0,1,80,11,9,1,38,38199,1,2,0,3,MontÃ©e de la Vieille Eglise,45.478053,4.905342,16,4,2
202100054188,104Â 888,B01,1,1,1,1,2,6,-1,-1, -1,-1,2021,56.0,2,1,0,2,1,1,1,,4,LOTISSEMENT ARTISANAL JEAN MONET,0,,2,2,0,2,0,0,1,, -1,2,0,1,50,21,1,5,87,87048,1,1,1,3,LOTISSEMENT ARTISANAL JEAN MONET,45.79339,1.24944,7,2,2
202100016246,172Â 593,A01,1,1,1,5,2,0,-1,0,0,-1,2021,16.0,1,1,0,2,7,1,5,,4,PLACE ABBE GEORGES HENOCQUE,0,,1,1,0,2,(1),(1),1,, -1,1,0,1,30,29,9,1,75,75113,2,7,0,3,PLACE ABBE GEORGES HENOCQUE,48.8239523259,2.3535811549,12,2,2
202100049537,113Â 212,A01,1,1,1,1,8,8,-1,-1, -1,-1,2021,34.0,1,2,8,0,8,17,1,,3,RHIN ET DANUBE(RUE DU),0,,3,4,0,1,0,0,3,, -1,1,0,1,50,1,3,5,94,94011,2,1,0,6,Avenue Rhin et Danube,48.76904,2.48873,18,1,1
202100019498,166Â 778,B01,1,1,1,1,1,0,-1,-1, -1,-1,2021,46.0,2,2,0,2,1,1,1,,3,COMBAL,0,,2,2,0,1,1,600,1,, -1,1,0,1,80,11,9,2,24,24037,1,1,1,1,COMBAL,44.82274,0.47679,7,2,2
202100055386,102Â 844,A01,1,1,2,1,1,-1,-1,0,0,-1,2021,24.0,1,2,2,0,1,1,1,,3,151,-1,,2,2,0,2,(1),(1),2,, -1,7,0,3,70,12,1,2,202,202049,1,1,0,6,D151,42.515907,8.848822,6,1,1
202100034294,140Â 439,A01,1,1,1,0,2,8,-1,-1, -1,-1,2021,42.0,0,1,0,2,1,2,1,,4,JULES CANTINI (AVENUE),0,,2,2,0,1,0,0,1,, -1,1,0,1,50,14,6,1,13,13206,2,2,0,3,JULES CANTINI (AVENUE),43.2839844875,5.3873106794,18,2,2
202100009567,184Â 606,A01,1,1,1,0,8,0,-1,0,0,-1,2021,67.0,1,1,0,2,3,16,6,,3,CARNOT (AVENUE),0,,2,-1,0,1,72,994,1,, -1,1,0,1,50,28,10,5,6,6083,2,2,0,3,EDOUARD VII (AVENUE),43.77182,7.49664,20,2,2
202100053779,105Â 618,A01,1,1,2,3,1,-1,-1,0,0,-1,2021,29.0,1,2,8,0,1,1,1,,3,151,-1,,2,2,0,1,0,476,1,,6,7,0,3,80,25,1,1,79,79050,1,1,0,6,,46.866558,-0.587683,9,1,1
202100002255,197Â 752,B01,1,1,1,0,2,0,-1,-1, -1,-1,2021,61.0,3,1,0,2,1,1,1,,4,ADRIENNE RANC-SAKAKINI (rue),0,,2,2,0,2,0,0,1,, -1,1,0,1,50,18,12,1,13,13210,2,1,0,1,ADRIENNE RANC-SAKAKINI (rue),43.27533,5.43706,17,2,2
202100023976,158Â 780,A01,1,1,1,0,1,0,-1,-1, -1,-1,2021,55.0,1,2,0,2,1,9,1,,1,A51-Sens Marseille vers Aix en Provence,0,,1,4,3,1,16,500,1,, -1,1,9,1,90,15,8,3,13,13001,1,9,0,2,A51-Sens Marseille vers Aix en Provence,43.51181,5.42323,21,2,2
202100029355,149Â 298,A01,1,1,2,5,1,-1,-1,0,0,-1,2021,50.0,1,2,3,0,6,1,1,,1,8,-1,,3,3,0,1,100,0,1,, -1,1,0,1,130,12,7,1,83,83031,1,1,0,6,Autoroute A8,43.401711,6.372628,8,3,1
202100055701,102Â 296,A01,2,2,2,3,1,-1,-1,0,0,-1,2021,81.0,2,2,8,0,3,1,1,,3,70,-1,,2,2,0,1,24,500,1,, -1,1,0,3,70,8,1,1,1,1381,1,1,0,6,D70,46.051243,5.146623,15,2,1
202100044033,122Â 969,A01,1,1,1,1,2,6,-1,-1, -1,-1,2021,36.0,1,1,0,2,2,17,1,,4,CAPELETTE (AVENUE DE LA),0,,2,2,0,1,0,0,1,, -1,1,0,1,50,14,4,5,13,13210,2,1,0,3,CAPELETTE (AVENUE DE LA),43.27954,5.41374,4,2,2
202100009303,185Â 072,A01,1,1,2,0,1,0,-1,-1, -1,-1,2021,23.0,1,2,0,2,1,0,1,,2,N406,0,,1,2,0,2,1,0,1,, -1,3,0,1,50,4,11,5,94,94028,1,1,1,1,N406,48.77424,2.44445,18,2,2
202100040104,129Â 912,B01,1,1,2,5,0,-1,-1,0,0,-1,2021,13.0,2,1,0,2,1,1,5,,3,26,-1,,2,2,0,1,10,230,1,,4,1,0,1,50,12,5,1,45,45014,2,3,0,3,rue de la vallÃ©e,48.195981,2.383057,16,2,2
202100012608,179Â 175,B01,1,1,2,0,8,0,-1,-1, -1,-1,2021,25.0,3,1,0,2,0,1,6,,4,JOLIOT CURIE (RUE FREDERIC - IRENE),0,,2,2,0,1,(1),(1),1,, -1,1,0,1,70,23,3,1,60,60684,2,1,0,3,avenue FrÃ©dÃ©ric et IrÃ¨ne Joliot Curie,49.27941,2.49635,17,2,2
202100023252,160Â 052,A01,1,1,2,1,1,0,-1,-1, -1,-1,2021,32.0,1,2,0,2,2,15,1,,4,ELISABETH(RUE),0,,2,2,0,1,0,100,1,, -1,1,0,1,30,20,8,1,91,91691,2,3,0,1,ROYALE(RUE),48.72211,2.50292,16,2,2
202100017372,170Â 587,A01,1,1,2,5,2,0,-1,-1, -1,-1,2021,30.0,1,1,3,0,3,1,1,,2,N118,0,,1,2,0,1,5,280,3,, -1,9,3,1,50,23,9,3,78,78640,1,1,0,6,N118,48.78369,2.22286,22,1,1
202100025913,155Â 367,C01,1,1,2,0,1,-1,-1,0,0,-1,2021,43.0,2,2,0,2,1,1,1,,2,57,0,,2,2,0,1,61,500,1,, -1,2,0,1,80,3,8,1,70,70405,1,1,0,5,"RN57, PK 61 + 500",47.489652,6.105158,7,3,3