Num_Acc,id_vehicule,num_veh,place,catu,sexe,trajet,secu1,secu2,secu3,locp,actp,etatp,year_acc,victim_age,senc,catv,obs,obsm,choc,manv,motor,occutc,catr,voie,v1,v2,circ,nbv,vosp,prof,pr,pr1,plan,lartpc,larrout,surf,infra,situ,vma,jour,mois,lum,dep,com,agg_,int,atm,col,adr,lat,long,hour,nb_victim,nb_vehicules
202100017848,169Â 717,A01,1,1,1,5,8,0,-1,-1, -1,-1,2021,28.0,1,2,0,2,1,13,1,,7,D116,0,,2,2,0,1,5,27,1,, -1,1,0,1,70,19,9,3,34,34129,1,1,0,1,D116,43.56674,3.86999,6,3,2
202100045938,119Â 640,A01,10,3,2,1,0,-1,-1,5,1,1,2021,46.0,1,2,15,1,1,26,1,,4,SECOURS (RUE DU),0,,2,2,0,1,(1),(1),2,, -1,1,0,4,30,29,3,1,54,54328,2,1,0,6,SECOURS (RUE DU),48.6204,6.15996,12,2,1
202100006387,190Â 378,A01,1,1,1,3,8,-1,-1,-1, -1,-1,2021,74.0,3,2,1,0,1,20,1,,4,VERDUN (DE)                         (PL),0,,-1,-1,0,2,(1),(1),1,, -1,1,9,6,30,24,11,1,69,69286,2,9,0,6,VERDUN (DE) (PL),45.82169,4.89632,13,1,1
202100015787,173Â 451,B01,1,1,1,1,8,-1,-1,0,0,-1,2021,30.0,1,2,0,2,1,1,1,,3,731,0,D,2,2,0,1,21,500,1,,7,1,0,1,90,2,10,1,16,16012,1,1,0,2,RD731,45.599176,-0.319934,12,2,2
202100048148,115Â 684,B01,1,1,1,9,8,0,-1,0,0,-1,2021,21.0,2,1,0,2,8,1,5,,4,RUE DE LA CROIX SAINT SIMON,0,,1,1,0,1,(1),(1),1,, -1,2,0,1,50,12,3,2,75,75120,2,2,1,3,RUE DES RASSELINS,48.854779,2.408971,19,2,2
202100048359,115Â 313,A01,1,1,1,1,1,0,-1,-1,0,-1,2021,40.0,1,2,4,0,1,1,1,,1,AUTOROUTE A1,0,,3,6,0,1,18,0,1,, -1,2,0,1,110,11,3,1,95,95527,1,1,1,6, A1,49.0006197694,2.5221065481,8,1,1
202100006889,189Â 457,A01,1,1,1,9,2,8,-1,-1, -1,-1,2021,58.0,2,1,4,0,8,1,1,,1,A50-Sens Aubagne vers Marseille,0,,1,3,0,1,9,500,1,, -1,2,0,1,90,21,11,3,13,13211,1,1,0,6,A50-Sens Aubagne vers Marseille,43.2865,5.5079,18,1,1
202100010990,182Â 084,B01,1,1,1,0,1,-1,-1,0,0,-1,2021,61.0,1,5,0,2,1,1,1,,3,933,-1,S,2,2,0,2,36,300,1,, -1,1,0,1,80,27,10,1,40,40069,1,1,0,1,D933s,43.596244,-0.646906,13,3,2
202100037960,133Â 810,A01,1,1,2,0,1,-1,-1,-1, -1,-1,2021,22.0,2,2,0,2,1,1,1,,4,JULES FAVRE                         (BD),0,,1,1,0,1,(1),(1),1,, -1,1,0,1,50,27,5,1,69,69386,2,1,0,4,JULES FAVRE                         (BD),45.76394,4.85824,13,3,3
202100030252,147Â 691,A01,1,1,1,0,2,0,-1,-1, -1,-1,2021,31.0,1,1,0,2,1,1,1,,3,7,0,,1,2,0,1,0,0,1,, -1,1,0,1,70,7,7,1,92,92026,2,1,0,3,MARECHAL JOFFRE (QUAI DU),48.90286,2.28331,12,2,2
202100033981,141Â 015,D01,1,1,1,0,8,0,-1,-1, -1,-1,2021,31.0,1,2,0,2,4,1,1,,2,385,0,,-1,3,0,1,58,299,1,, -1,1,0,1,70,16,6,1,92,92019,1,1,0,4,RN385,48.7761563734,2.2369245596,10,6,6
202100035962,137Â 401,B01,1,1,1,0,1,0,-1,-1, -1,-1,2021,27.0,3,2,0,2,2,16,0,,3,VAILLANT COUTURIER (AVENUE PAUL),0,,1,5,1,1,0,0,1,, -1,1,0,1,50,7,6,1,93,93008,2,9,0,3,VAILLANT COUTURIER (AVENUE PAUL),48.90738,2.45677,8,2,2
202100011961,180Â 340,A01,1,1,1,0,2,6,-1,0,0,-1,2021,22.0,3,1,0,2,1,1,1,,4,RD02,0,D,2,2,0,1,(1),(1),1,, -1,1,0,1,50,21,7,1,74,74220,2,1,0,3,75 R Saint Ange,46.13811,6.271219,19,2,2
202100025107,156Â 776,A01,1,1,1,5,8,0,-1,-1, -1,-1,2021,83.0,1,2,15,2,3,13,1,,7,PAIX (AVENUE DE LA),0,,2,2,0,1,9,550,1,, -1,1,6,4,50,6,8,1,83,83062,2,1,0,5,PAIX (AVENUE DE LA),43.128137,6.008677,15,3,3
202100001165,199Â 692,B01,1,1,1,9,2,8,-1,-1, -1,-1,2021,33.0,1,1,0,2,7,1,5,,2,"ROND POINT CHU, RN 147",0,,1,3,0,1,50,455,1,, -1,2,9,1,50,27,12,5,86,86157,1,6,1,3,N147,46.553125,0.399998,7,2,2
202100046672,118Â 345,B01,1,1,1,5,0,-1,-1,0,0,-1,2021,12.0,2,1,0,0,7,15,5,,3,505,0,,2,2,0,1,16,400,2,,4,1,0,1,50,26,3,1,68,68250,2,2,0,3,D505,47.937647,7.2324,17,2,2
202100004459,193Â 794,A01,1,1,1,5,2,6,-1,0,0,-1,2021,53.0,1,1,0,2,1,17,1,,3,619,-1,,2,2,0,1,2,707,1,, -1,1,0,1,90,22,5,1,34,34163,1,1,0,3,CD 619,43.636417,3.727326,18,2,2
202100053247,106Â 551,A01,1,1,1,4,2,6,-1,0,0,-1,2021,44.0,2,1,0,2,8,23,1,,4,RUE BOBILLOT,0,,1,2,0,1,(1),(1),1,, -1,2,0,1,50,28,1,1,75,75113,2,1,0,3,RUE BOBILLOT,48.829919,2.354199,13,2,2
202100038895,132Â 107,A01,2,2,2,5,8,0,-1,-1, -1,-1,2021,22.0,0,2,8,0,1,14,1,,4,DECUGIS (AVENUE ALFRED),0,,2,2,0,1,1,0,1,, -1,1,0,3,50,21,5,3,83,83069,2,1,0,7,DECUGIS (AVENUE ALFRED),43.11552,6.15305,22,2,1
202100019512,166Â 752,A01,1,1,1,9,2,0,-1,0,0,-1,2021,43.0,1,1,0,2,8,9,5,,4,AVENUE DU MAINE,0,,2,5,0,1,(1),(1),1,, -1,1,0,1,50,10,9,5,75,75114,2,1,0,3,AVENUE DU MAINE,48.828415,2.326704,23,2,2
202100004656,193Â 450,A01,1,1,1,3,2,6,-1,-1, -1,-1,2021,46.0,1,1,0,2,1,19,1,,3,VIEUX CHATEAU (RUE DU),0,,2,2,0,1,0,600,1,, -1,1,0,1,50,8,9,1,74,74012,2,2,0,3,RESISTANCE (RUE DE LA),46.197231,6.25219,15,2,2
202100021960,162Â 375,A01,10,3,1,9,0,-1,-1,2,9,1,2021,40.0,3,5,0,1,4,26,1,,4,LOUIS LENOIR (R),0,,1,1,0,1,1,0,1,, -1,1,0,1,30,29,8,1,94,94079,2,1,0,6,Rue Louis Lenoir,48.82499,2.54271,16,2,1
202100054880,103Â 711,B01,1,1,1,9,8,0,-1,-1, -1,-1,2021,14.0,1,1,0,2,7,19,3,,4,MANOIR (YVES DU),0,,1,1,0,1,(1),(1),1,, -1,1,0,1,50,14,1,2,66,66136,2,1,0,6,MANOIR (YVES DU),42.69422,2.87153,7,2,2
202100054004,105Â 219,A01,1,1,1,5,2,-1,-1,0,0,-1,2021,32.0,1,1,9,0,1,1,1,,3,1,-1,,2,2,0,1,0,(1),2,, -1,2,0,4,50,24,1,5,52,52432,2,2,0,6,Rue de la Marne,47.9496604656,5.2862327007,2,1,1
202100019486,166Â 805,A01,1,1,1,0,8,-1,-1,-1, -1,-1,2021,34.0,0,1,0,2,1,1,3,,4,CHEZEL (RUE CLOVIS),0,,2,3,2,1,(1),(1),1,, -1,1,0,1,50,10,9,2,51,51454,2,4,0,2,Rue Clovis Chezel,49.24103,4.03379,19,2,2
202100054562,104Â 247,A01,10,3,1,0,0,-1,-1,3,3,1,2021,83.0,1,5,0,1,1,19,1,,7,REPUBLIQUE (AVENUE DE LA),0,,1,1,0,1,20,1100,1,, -1,1,6,1,30,14,1,1,83,83129,2,1,0,6,REPUBLIQUE (rue DE LA),43.092993,5.839143,10,2,1
202100003816,194Â 933,A01,1,1,1,0,1,0,-1,-1, -1,-1,2021,21.0,2,2,0,0,0,1,1,,1,86,0,,3,2,0,1,78,599,1,, -1,2,0,1,90,10,12,1,92,92050,1,1,0,7,A86,48.8923741657,2.1827165279,10,2,1
202100053335,106Â 386,A01,1,1,1,1,2,0,-1,-1, -1,-1,2021,28.0,0,1,0,1,1,1,5,,4,PAPU,0,,2,2,0,2,(1),(1),1,, -1,2,0,1,30,28,1,1,35,35238,2,1,1,6,Rue Papu,48.111114,-1.69711,8,2,1
202100025736,155Â 681,B01,1,1,1,1,8,0,-1,-1, -1,-1,2021,47.0,1,2,0,2,4,26,1,,4,MANSION,0,,2,2,0,1,1,0,1,, -1,1,0,1,50,3,8,1,49,49007,2,1,0,2,MANSION,47.4778772899,-0.5915954874,8,2,2
202100038947,132Â 016,A01,1,1,1,5,2,0,-1,0,0,-1,2021,25.0,1,1,0,0,3,1,1,,4,GRAND CHENE (CHEMIN DU),0,,2,2,0,2,(1),(1),3,, -1,1,0,1,50,21,5,5,6,6069,2,1,0,7,GRAND CHENE (CHEMIN DU),43.63781,6.92818,1,1,1
202100051517,109Â 609,C01,1,1,1,5,2,6,-1,0,0,-1,2021,14.0,2,1,0,2,1,1,5,,4,CAPPATTI (AV. LOUIS),0,,2,-1,0,1,(1),(1),1,, -1,1,0,1,50,14,2,1,6,6088,1,3,0,5,CORNICHE FLEURIE (AV. DE LA),43.684765,7.209446,11,3,3
202100025805,155Â 565,A01,1,1,2,9,1,-1,-1,0,0,-1,2021,60.0,3,2,0,2,8,15,1,,3,46,-1,,2,2,0,1,0,560,1,,4,2,0,1,50,4,8,1,71,71014,2,3,1,3,Avenue du Morvan,46.9500571968,4.2938922016,17,2,2
202100007407,188Â 517,A01,1,1,1,3,1,-1,-1,0,0,-1,2021,94.0,3,2,0,2,3,13,1,,4,,-1,,2,2,0,2,(1),(1),1,,7,1,0,1,70,19,11,3,29,29233,1,1,0,1,Rue de Kervail,47.873353,-3.577171,19,6,2
202100001810,198Â 561,A01,1,1,2,3,1,-1,-1,0,0,-1,2021,34.0,2,2,0,2,3,19,1,,3,18,0,D,2,2,0,1,27,53,1,, -1,1,0,1,80,23,12,1,81,81099,1,2,0,3,Chemin Toulze,43.918592,1.882063,16,5,2
202100033478,141Â 931,A01,1,1,1,5,1,-1,-1,0,0,-1,2021,26.0,1,2,16,0,2,2,1,,3,305,0,,2,2,0,1,18,447,2,, -1,1,0,3,50,19,6,1,72,72183,2,1,0,6,Lieu Dit la Croix Caseau,47.703708,0.506777,20,1,1
202100053767,105Â 635,Y01,1,1,2,0,0,-1,-1,0,0,-1,2021,41.0,0,1,0,0,0,0,3,,3,989,0,,1,2,0,1,0,0,1,, -1,1,6,1,30,25,1,1,92,92040,2,1,0,1,ERNEST RENAN,48.828853,2.282408,17,2,2
202100022190,161Â 980,A01,1,1,1,5,2,6,9,0,0,-1,2021,21.0,1,1,0,2,1,5,1,,3,103,-1,,2,2,0,2,8,730,3,, -1,1,0,1,80,29,8,1,26,26315,1,1,0,1,Route des Grands Goulets,45.007216,5.440936,15,2,2
202100030003,148Â 164,A01,1,1,1,0,2,6,-1,0,0,-1,2021,42.0,2,1,0,2,1,11,1,,3,ZOLA (BOULEVARD EMILE),0,,2,2,0,1,0,610,1,, -1,1,0,1,50,7,7,1,6,6069,2,1,0,1,ZOLA (BOULEVARD EMILE),43.651651,6.917694,17,2,2
202100018345,168Â 833,A01,1,1,1,5,1,0,-1,0,0,-1,2021,83.0,1,2,1,0,1,1,2,,4,MON DESERT (RUE),0,,1,2,0,1,(1),(1),1,, -1,1,0,1,50,12,9,1,54,54395,2,1,0,6,MON DESERT (RUE),48.68361,6.17474,16,1,1
202100054405,104Â 514,D01,1,1,1,0,1,0,-1,-1, -1,-1,2021,47.0,1,2,0,2,4,1,1,,1,A86,0,,3,6,0,1,7,800,1,, -1,1,0,1,90,20,1,2,92,92036,1,1,0,4,A86,48.9351292754,2.2839515454,7,4,4
202100036709,136Â 095,A01,1,1,1,5,1,-1,-1,0,0,-1,2021,62.0,1,2,0,2,1,12,1,,1,11,0,A,1,4,0,1,155,500,1,, -1,1,0,1,130,3,6,1,72,72241,1,9,0,2,AUTOROUTE A11 PK 155.500,48.060553,0.385953,19,4,2
202100056211,101Â 418,B01,1,1,1,5,2,6,-1,0,0,-1,2021,18.0,1,1,0,2,7,1,1,,4,,-1,,2,2,0,1,(1),(1),1,, -1,2,0,1,50,5,1,5,37,37132,2,3,1,3,Rue des LÃ©zards,47.1312710644,0.9838305701,18,2,2
202100003867,194Â 839,A01,1,1,1,0,1,-1,-1,0,0,-1,2021,94.0,1,2,4,0,3,13,1,,1,11,0,,2,3,0,1,87,400,1,,"13,5",2,0,8,130,10,12,1,28,28196,1,1,0,3,A11 au PK 087+400,48.280608,1.221896,14,2,1
202100039419,131Â 140,A01,10,3,2,5,0,-1,-1,1,3,2,2021,4.0,3,2,0,1,3,1,1,,4,CHARMETTES (AVENUE DES ),0,,1,1,0,1,(1),(1),1,, -1,2,0,1,50,18,5,1,95,95680,2,1,1,6,CHARMETTES (AVENUE DES ),48.9974711854,2.4126465599,20,2,1
202100010683,182Â 624,A01,2,2,1,9,8,0,-1,-1, -1,-1,2021,20.0,3,1,0,2,1,1,3,,4,JEAN JAURES                         (AV),0,,2,4,1,1,(1),(1),1,, -1,1,0,1,50,27,10,5,69,69387,2,2,0,3,JEAN JAURES (AV),45.7482,4.84369,22,3,2
202100015265,174Â 426,A01,1,1,1,5,2,6,-1,0,0,-1,2021,14.0,0,1,0,0,0,1,1,,9,,-1,,-1,2,0,1,(1),(1),3,, -1,6,0,8,50,26,9,1,49,49364,2,1,0,7,Chemin sous les Clos,47.150472,-0.244939,14,1,1
202100010848,182Â 335,B01,1,1,1,1,0,-1,-1,-1, -1,-1,2021,58.0,1,1,0,2,8,25,5,,4,,0,,2,2,0,2,(1),(1),1,, -1,1,0,1,50,25,10,5,69,69385,2,1,0,3,CHAMPVERT (DE) (R),45.760549,4.7958,6,2,2
202100022665,161Â 107,B01,1,1,1,5,2,6,-1,0,0,-1,2021,66.0,1,1,0,2,2,1,1,,4,AVENUE CLAUDE VELLEFAUX,0,,2,2,0,2,(1),(1),1,, -1,1,0,1,50,25,8,1,75,75110,2,3,0,3,AVENUE CLAUDE VELLEFAUX,48.874081,2.370343,11,2,2
202100056311,101Â 245,B01,1,1,2,3,1,-1,-1,0,0,-1,2021,47.0,2,2,0,2,2,1,1,,3,64,-1,,2,2,0,2,1,656,3,, -1,5,0,1,-1,4,1,1,43,43159,1,1,1,1,Route d'Aulagny,45.172734,4.295257,15,2,2
202100011108,181Â 873,A01,2,2,1,5,1,0,-1,-1, -1,-1,2021,20.0,2,2,0,2,6,2,1,,4,BOULEVARD PERIPHERIQUE,0,,1,4,0,1,15,0,1,, -1,1,0,1,70,24,10,5,75,75116,2,4,0,2,BOULEVARD PERIPHERIQUE,48.869897,2.271506,5,3,2
202100000847,200Â 220,A01,1,1,1,5,8,0,-1,-1, -1,-1,2021,64.0,0,0,0,1,1,26,3,,4,BESAGNE (AVE DE),0,,2,1,3,2,0,0,1,, -1,1,1,6,30,29,12,1,83,83137,2,1,0,6,BESAGNE (AVE DE),43.12126,5.93633,13,2,1
202100044484,122Â 181,B01,1,1,1,4,2,6,-1,0,0,-1,2021,42.0,2,1,0,2,1,1,1,,4,AVENUE DE SAINT MANDE,0,,2,2,0,1,(1),(1),1,, -1,2,0,1,50,10,4,1,75,75112,2,5,1,3,AVENUE DE SAINT MANDE,48.844669,2.405746,9,2,2
202100035345,138Â 529,A01,1,1,1,0,1,0,-1,-1, -1,-1,2021,18.0,1,2,0,2,2,15,1,,3,ARISTIDE BRIAND (RUE),0,,2,2,0,1,1,0,1,, -1,1,0,1,50,9,6,1,93,93032,2,3,0,3,ARISTIDE BRIAND (RUE),48.879463,2.533805,15,2,2
202100006118,190Â 868,B01,2,2,1,0,1,0,-1,-1, -1,-1,2021,84.0,1,2,0,2,3,1,1,,4,MOUSQUETAIRES (AV DES),0,,2,2,0,1,1,0,1,, -1,1,0,1,50,25,11,1,94,94079,2,3,0,3,Avenue des Mousquetaires,48.82354,2.56063,15,3,2
202100044182,122Â 698,B01,1,1,1,5,2,6,-1,-1, -1,-1,2021,30.0,2,1,0,2,6,1,1,,4,,0,,-1,1,0,1,0,1,1,, -1,1,5,1,50,13,4,1,92,92049,2,2,0,3,JAURES PLACE JEAN,48.81614,2.31143,12,2,2
202100031936,144Â 660,A01,1,1,1,5,1,-1,-1,0,0,-1,2021,21.0,3,2,8,0,2,14,1,,4,,-1,,2,2,0,1,(1),(1),2,,4,1,0,3,80,28,6,1,8,8067,1,1,0,7,Rue de Charbeaux,49.630033,5.215738,13,1,1
202100028172,151Â 340,A01,1,1,1,4,2,6,-1,-1, -1,-1,2021,44.0,2,1,0,2,5,26,1,,3,HENRI BARBUSSE - CAR DE LA LIBERATION (A,0,,2,4,0,2,1,0,1,, -1,1,0,1,50,19,7,1,94,94081,2,1,0,3,Avenue Henri Barbusse,48.79267,2.38924,12,2,2
202100049328,113Â 590,B01,1,1,1,1,1,-1,-1,0,0,-1,2021,22.0,1,5,0,2,1,1,1,,3,68,0,D,2,2,0,1,17,629,1,, -1,1,0,1,90,4,3,1,34,34153,1,9,0,1,D68,43.720497,3.833499,16,2,2
202100020802,164Â 465,A01,2,2,2,0,1,0,-1,-1, -1,-1,2021,19.0,2,2,3,0,3,21,1,,1,A51-Sens Aix en Provence vers Marseille,0,,1,2,0,1,9,0,1,, -1,1,0,1,90,4,9,3,13,13015,1,1,0,5,A51-Sens Aix en Provence vers Marseille,43.45865,5.40267,20,4,1
202100015088,174Â 738,B01,1,1,2,0,1,0,-1,-1, -1,-1,2021,27.0,3,2,0,2,8,23,1,,7,ROND-POINT DES ARMENIENS,0,,1,1,0,2,0,0,1,, -1,2,5,1,50,3,10,5,13,13028,2,6,1,3,ROND-POINT DES ARMENIENS,43.18,5.59,21,3,2
202100039613,130Â 783,A01,1,1,1,9,2,0,-1,0,0,-1,2021,35.0,1,1,0,0,3,1,1,,4,BOULEVARD DE SEBASTOPOL,0,,2,5,0,1,(1),(1),1,, -1,2,0,1,50,16,5,1,75,75103,2,2,0,7,BOULEVARD DE SEBASTOPOL,48.866239,2.352527,14,1,1
202100026467,154Â 389,A01,1,1,1,0,2,6,-1,-1, -1,-1,2021,21.0,3,1,0,2,7,17,1,,4,AVE DE MAGUDAS,0,,2,4,0,1,(1),(1),1,, -1,1,0,1,50,22,7,1,33,33200,2,6,0,3,Avenue de Magudas,44.86186,-0.69664,19,2,2
202100040974,128Â 377,A01,10,3,1,9,8,8,-1,1,3,2,2021,16.0,3,2,0,1,0,0,0,,4,QUEBEC (AVENUE DU),0,,1,1,0,1,0,0,1,, -1,1,0,1,50,7,5,1,93,93007,2,1,0,6,QUEBEC (AVENUE DU),48.9281,2.47619,15,2,1
202100046701,118Â 299,A01,1,1,2,3,1,-1,-1,0,0,-1,2021,75.0,2,2,2,0,2,1,1,,3,538,0,,2,2,2,1,9,498,2,, -1,1,0,8,80,26,3,1,26,26064,1,1,0,6,7 Rue des FougÃ¨res,44.907441,5.017276,15,2,1
202100004917,193Â 000,A01,1,1,1,4,8,0,-1,0,0,-1,2021,28.0,2,1,0,0,1,1,3,,4,PLACE DES CINQ MARTYRS DU LYCEE BUFFON,0,,2,4,0,1,(1),(1),1,, -1,2,0,1,30,3,12,5,75,75115,2,3,1,6,PLACE DES CINQ MARTYRS DU LYCEE BUFFON,48.839016,2.316568,17,2,1
202100054331,104Â 646,A01,10,3,2,1,8,8,-1,2,3,1,2021,23.0,1,2,0,1,3,1,1,,4,SEGUIN MARC RUE,0,,1,2,0,1,(1),(1),2,, -1,2,0,1,50,7,1,5,42,42207,2,1,0,6,Rue Marc Seguin,45.47313,4.51718,19,2,1
202100047318,117Â 187,A01,1,1,1,0,2,4,-1,-1, -1,-1,2021,32.0,2,1,0,2,7,26,1,,1,AUTOROUTE A86,0,,1,1,0,1,25,299,2,, -1,1,0,1,50,19,3,4,93,93064,1,1,0,3,AUTOROUTE A86,48.8845803844,2.4698601413,21,2,2
202100048306,115Â 410,A01,10,3,1,9,0,-1,-1,9,3,1,2021,15.0,1,2,0,1,1,16,1,,3,STALINGRAD (AVENUE DE) COTE DES NÂ°51 AU,0,,2,2,0,1,0,1,1,, -1,2,0,1,50,11,3,1,93,93072,2,1,0,6,STALINGRAD (AVENUE DE) COTE DES NÂ°51 AU,48.9480468698,2.3771272868,17,2,1
202100007926,187Â 573,B01,1,1,1,5,2,6,-1,0,0,-1,2021,17.0,3,1,0,0,8,13,1,,4,,-1,,2,2,0,2,(1),(1),1,,4,1,0,1,80,10,11,1,76,76462,1,1,0,3,Rue de la Vieille CÃ´te,49.740776,1.469915,16,2,2
202100037703,134Â 272,A01,1,1,1,5,6,-1,-1,0,0,-1,2021,19.0,3,1,6,0,3,1,1,,4,,0,,2,2,0,1,(1),(1),3,, -1,1,0,1,50,30,5,1,26,26313,2,1,0,7,7 Rue des Cevennes,44.973971,4.94933,15,1,1
202100013931,176Â 799,A01,1,1,1,5,1,-1,-1,0,0,-1,2021,94.0,2,2,0,2,2,17,1,,3,931,0,D,2,2,0,1,17,171,1,, -1,1,0,1,50,28,8,1,61,61411,2,2,0,2,D931,48.451155,0.473662,16,2,2
202100016953,171Â 322,A01,1,1,1,5,1,-1,-1,0, -1,-1,2021,30.0,2,2,15,0,2,14,1,,3,LANNUGUY (LIEU DIT),0,,2,2,0,1,68,50,1,, -1,2,2,1,80,23,9,3,29,29254,1,9,1,6,lieu dit Lannuguy,48.607272,-3.855472,23,1,1
202100022232,161Â 905,B01,4,2,2,5,1,-1,-1,-1, -1,-1,2021,20.0,1,2,0,2,1,1,1,,7,VERDUN (DE)                         (AV),0,,2,3,2,1,9,900,1,, -1,1,0,1,50,27,7,5,69,69282,2,2,0,1,VERDUN (DE) (AV),45.77947,4.99693,2,5,2
202100042444,125Â 748,A01,1,1,2,0,1,0,-1,-1, -1,-1,2021,51.0,1,2,0,2,2,12,1,,7,ROCADE Nord-Est,0,,3,3,0,1,0,200,1,, -1,1,2,1,70,26,4,1,76,76540,2,1,0,4,pont mathilde,49.43058,1.10186,18,5,5
202100023454,159Â 701,A01,1,1,1,9,2,0,-1,0,0,-1,2021,24.0,1,1,0,2,3,13,1,,4,AVENUE DE LA PORTE DE CLIGNANCOURT,0,,2,6,0,1,(1),(1),1,, -1,1,0,1,50,19,8,1,75,75118,2,1,0,3,AVENUE DE LA PORTE DE CLIGNANCOURT,48.898885,2.344157,17,2,2
202100002153,197Â 937,A01,1,1,1,1,2,6,-1,0,0,-1,2021,26.0,1,1,0,2,3,3,1,,4,PORTE DES LILAS,0,,-1,4,0,1,28,100,1,, -1,1,0,1,70,18,12,1,75,75119,2,1,0,2,PORTE DES LILAS,48.87963,2.40716,14,4,2
202100048916,114Â 324,B01,1,1,2,0,1,0,-1,-1, -1,-1,2021,23.0,2,2,0,2,4,23,1,,1,AUTOROUTE A6,0,,1,3,0,1,10,199,3,, -1,1,0,1,110,6,3,3,91,91689,1,1,0,2,AUTOROUTE A6,48.7395,2.3192,21,2,2
202100024651,157Â 593,B01,1,1,1,5,2,6,9,0,0,-1,2021,23.0,0,1,0,0,2,17,1,,2,2,-1,,2,3,0,2,(1),(1),1,, -1,1,0,1,80,11,8,2,974,97405,1,1,0,2,N2,-21.367997,55.563172,17,2,2
202100007058,189Â 137,B01,1,1,1,0,2,6,-1,-1, -1,-1,2021,24.0,1,1,1,0,0,0,0,,4,SAINT-DENIS(RUE),0,,2,2,0,1,0,0,1,, -1,1,0,1,50,20,11,5,93,93070,2,1,0,1,SAINT-DENIS(RUE),48.9191348372,2.3339822122,22,2,2
202100048327,115Â 371,A01,1,1,1,9,1,-1,-1,0,0,-1,2021,91.0,3,5,0,0,8,19,1,,3,10,-1,,2,2,0,1,6,672,1,, -1,2,5,1,80,13,3,1,49,49041,1,2,1,3,carrefour de bonneveau - CD 10,47.288225,0.047722,7,2,2
202100030662,146Â 947,A01,1,1,1,0,2,6,-1,0,0,-1,2021,60.0,2,1,0,2,1,2,1,,3,559,0,,2,2,0,1,89,400,1,, -1,1,0,1,70,4,7,1,83,83068,1,1,0,2,323 Route du Littoral,43.270323,6.573186,12,2,2
202100013380,177Â 814,A01,10,3,2,5,0,-1,-1,3,3,1,2021,50.0,1,2,0,1,1,1,1,,3,REPUBLIQUE (AVENUE DE LA),0,,2,2,0,4,0,386,1,, -1,2,0,1,30,1,5,1,5,5023,2,1,1,6,REPUBLIQUE (AVENUE DE LA),44.89666,6.63489,10,2,1
202100040594,129Â 056,B01,2,2,1,0,2,0,-1,-1, -1,-1,2021,26.0,1,1,1,2,1,0,1,,4,BERTHELOT                           (AV),0,,-1,4,0,1,(1),(1),1,, -1,1,0,1,50,8,5,1,69,69387,2,1,0,3,BERTHELOT                           (AV),45.7436,4.84656,19,3,2
202100023150,160Â 238,A01,10,3,1,1,0,-1,-1,3,3,1,2021,20.0,2,5,0,1,1,1,1,,4,JEAN WALTER (RUE),0,,2,2,0,1,0,0,1,, -1,1,0,1,30,21,8,1,92,92024,2,3,0,6,JEAN WALTER (RUE),48.910088,2.310446,13,2,1
202100036430,136Â 590,A01,2,2,1,0,1,0,-1,-1, -1,-1,2021,21.0,3,5,6,0,1,0,1,,4,COLOMB (RUE CHRISTOPHE),0,,2,2,1,1,(1),(1),1,, -1,1,2,1,50,3,6,1,37,37261,2,9,0,6,COLOMB (RUE CHRISTOPHE),47.3783066154,0.7011926182,8,2,1
202100019121,167Â 447,A01,1,1,1,1,1,4,-1,-1,0,-1,2021,55.0,2,2,4,2,1,9,1,,1,AUTOROUTE A1,0,,3,8,0,1,28,400,1,, -1,1,0,1,130,14,9,3,95,95580,1,1,0,5, A1,49.09128,2.55045,6,3,3
202100007868,187Â 677,B01,1,1,1,5,2,6,-1,-1, -1,-1,2021,20.0,2,1,0,0,4,26,1,,3,ROSNY (RUE DE),0,,2,2,0,1,0,1,1,, -1,1,0,1,50,16,11,1,93,93048,2,1,0,2,ROSNY (RUE DE),48.86873,2.4613,10,2,2
202100038725,132Â 409,A01,1,1,1,0,2,6,-1,-1, -1,-1,2021,51.0,1,1,0,2,1,1,1,,1,6,0,,3,6,0,1,14,279,1,, -1,1,0,1,110,22,5,1,91,91161,1,1,0,2,AUTOROUTE A6,48.6958,2.31743,19,2,2
202100027024,153Â 410,B01,1,1,1,5,2,6,-1,0,0,-1,2021,47.0,3,1,0,2,1,13,1,,3,513,-1,,2,2,0,2,(1),(1),4,, -1,1,0,1,80,21,7,1,38,38153,1,1,0,1,D513,45.203449,5.633497,19,2,2
202100000387,201Â 013,A01,1,1,1,0,1,-1,-1,-1, -1,-1,2021,44.0,2,2,0,2,1,5,1,,4,Rue des Tourelles,0,,2,2,0,1,(1),(1),2,, -1,1,0,1,30,29,7,2,4,4112,2,6,0,3,Inter rue des tourelles / MontÃ©e des bassins,43.8347,5.7785,20,2,2
202100042709,125Â 289,A01,2,2,2,5,1,0,-1,-1, -1,-1,2021,20.0,0,2,1,0,2,1,3,,4,R MARC SANGNIER ,0,,2,2,0,1,1,0,1,, -1,1,0,4,50,24,4,1,94,94046,2,1,0,6,Rue Marc Sangnier,48.806066,2.449976,19,2,1