Num_Acc,id_vehicule,num_veh,place,catu,sexe,trajet,secu1,secu2,secu3,locp,actp,etatp,year_acc,victim_age,senc,catv,obs,obsm,choc,manv,motor,occutc,catr,voie,v1,v2,circ,nbv,vosp,prof,pr,pr1,plan,lartpc,larrout,surf,infra,situ,vma,jour,mois,lum,dep,com,agg_,int,atm,col,adr,lat,long,hour,nb_victim,nb_vehicules
202100036975,135Â 606,B01,2,2,2,0,1,-1,-1,-1, -1,-1,2021,44.0,3,2,0,2,7,1,1,,4,JEAN JAURES                         (AV),0,,1,1,0,1,(1),(1),1,, -1,1,0,1,50,31,5,1,69,69275,2,1,0,3,JEAN JAURES   (AV),45.77076,4.98244,9,3,2
202100035525,138Â 211,B01,1,1,2,1,8,0,-1,-1, -1,-1,2021,28.0,3,1,0,2,2,1,5,,4,Avenue Georges CLEMENCEAU,0,,1,1,0,1,0,0,2,, -1,1,0,1,50,9,6,1,7,7102,2,2,0,3,Avenue Georges CLEMENCEAU,44.93309,4.86302,8,2,2
202100033396,142Â 072,A01,1,1,2,0,2,0,-1,-1, -1,-1,2021,18.0,2,1,0,2,1,17,1,,3,ITHURRALDE ANDRE (AVENUE),0,,2,2,0,1,25,0,1,, -1,1,0,1,50,19,6,1,64,64483,2,1,0,3,ITHURRALDE ANDRE (AVENUE),43.3939336067,-1.6503695119,18,2,2
202100029158,149Â 627,B01,1,1,1,4,2,6,-1,0,0,-1,2021,31.0,2,1,0,2,7,17,1,,4,AVENUE DU MAINE,0,,2,4,0,1,(1),(1),1,, -1,2,0,1,50,12,7,5,75,75114,2,3,0,3,AVENUE DU MAINE,48.83438,2.324189,21,2,2
202100000977,200Â 009,A01,1,1,1,5,8,0,-1,-1, -1,-1,2021,46.0,2,2,0,2,8,9,1,,3,DRECHE (RTE DE LA),0,,2,1,0,1,0,123,2,, -1,2,0,1,30,28,12,5,81,81004,2,1,1,3,DRECHE (RTE DE LA),43.9526560929,2.15348728,21,2,2
202100001492,199Â 121,A01,1,1,1,0,2,0,-1,0,0,-1,2021,37.0,2,1,0,2,1,6,1,,4,POMPIDOU (AVENUE GEORGES) -RD 6085,0,,2,2,0,2,(1),(1),3,, -1,2,0,1,50,24,12,1,6,6069,2,1,1,3,POMPIDOU (AVENUE GEORGES) -RD 6085,43.647307,6.936891,10,3,2
202100054534,104Â 295,B01,1,1,1,5,1,0,-1,-1, -1,-1,2021,30.0,1,5,0,2,4,2,1,,4,Tunnel Prado CarÃ©nage,0,,1,2,0,1,2,713,1,, -1,1,1,1,60,18,1,2,13,13202,1,1,0,5,Tunnel Prado CarÃ©nage,43.31761,5.36765,8,3,3
202100011791,180Â 638,Z01,10,3,1,1,0,-1,-1,3,3,1,2021,52.0,2,5,0,1,1,1,1,,4,SINNE (RUE DE LA),0,,2,2,0,1,(1),(1),1,, -1,1,0,1,50,21,10,1,68,68224,2,1,0,6,SINNE (RUE DE LA),47.744,7.335,16,2,1
202100046419,118Â 803,A01,1,1,1,5,8,-1,-1,0,0,-1,2021,32.0,2,2,0,2,1,13,1,,3,446,-1,D,2,2,0,1,(1),(1),1,, -1,1,0,1,50,28,3,2,91,91666,2,1,0,1,Route de MontlhÃ©ry,48.669734,2.19578,7,2,2
202100016408,172Â 308,A01,1,1,1,0,1,-1,-1,0,0,-1,2021,80.0,3,2,6,0,2,1,1,,3,D660,0,A,2,2,0,1,0,0,1,, -1,1,0,8,50,25,9,1,24,24296,2,6,0,6,Saint-Cybard,44.851343,0.616372,17,2,1
202100045309,120Â 740,A01,1,1,1,5,2,6,-1,0,0,-1,2021,60.0,2,1,0,0,0,16,1,,3,120,0,D,2,2,0,2,71,100,3,, -1,1,0,1,80,3,4,1,7,7204,1,1,0,7,RD 120,44.993667,4.38273,15,1,1
202100031854,144Â 816,A01,2,2,2,5,2,0,-1,-1, -1,-1,2021,17.0,1,1,1,0,8,13,1,,4,BOURBAKI,0,,2,2,0,1,0,0,1,, -1,1,0,1,50,29,6,5,64,64445,2,1,0,7,BOURBAKI,43.30278,-0.37379,1,2,1
202100002384,197Â 520,A01,1,1,1,0,2,0,-1,-1, -1,-1,2021,51.0,3,1,12,2,2,21,1,,4,PIERRE LEFAUCHEUX (RUE),0,,2,2,0,1,(1),(1),2,, -1,1,0,1,50,17,12,1,78,78029,2,9,0,5,PIERRE LEFAUCHEUX (RUE),48.975326,1.853317,15,3,3
202100018626,168Â 344,C01,1,1,1,1,1,0,-1,-1, -1,-1,2021,46.0,3,2,0,2,3,1,1,,4,VARSOVIE (RUE DE),0,,2,2,0,1,(1),(1),1,, -1,2,0,1,50,15,9,1,93,93008,2,3,1,5,VARSOVIE (RUE DE),48.9093332773,2.4731343558,7,5,3
202100023190,160Â 166,A01,1,1,1,5,1,-1,-1,0,0,-1,2021,40.0,3,2,8,0,8,1,1,,3,10,-1,,2,2,0,1,(1),(1),1,,4,1,0,8,80,21,8,3,24,24272,1,1,0,6,Route des Maines,44.963857,0.048071,7,1,1
202100025284,156Â 462,A01,1,1,1,5,1,0,-1,-1, -1,-1,2021,30.0,1,2,4,0,1,26,1,,4,MONTAIGNE AVENUE,0,,2,2,0,1,1,0,1,, -1,2,0,1,50,5,8,3,49,49267,2,1,1,6,MONTAIGNE AVENUE,47.4676,-0.5149,22,1,1
202100042061,126Â 444,A01,1,1,1,5,8,0,-1,0,0,-1,2021,14.0,1,0,0,2,7,18,3,,4,RUE DE RIVOLI,0,,2,5,2,1,(1),(1),1,, -1,1,0,5,30,28,4,1,75,75104,2,3,0,3,RUE DE RIVOLI,48.855544,2.359702,15,2,2
202100046702,118Â 297,B01,1,1,2,1,2,6,9,0,0,-1,2021,51.0,1,1,0,2,1,1,1,,3,137,0,,2,2,3,1,57,610,1,, -1,1,5,1,90,26,3,1,17,17336,1,2,0,1,Route Nationale 137,45.791732,-0.727503,16,2,2
202100035792,137Â 728,A01,1,1,1,1,2,-1,-1,0,0,-1,2021,30.0,1,1,0,0,0,21,1,,3,135,-1,,2,2,0,1,13,150,3,, -1,1,0,8,80,8,6,1,41,41223,1,1,0,7,Route d Orchaise,47.601186,1.220083,19,1,1
202100009392,184Â 912,B01,1,1,1,1,2,6,-1,0,0,-1,2021,32.0,1,1,0,2,2,3,1,,1,A4,0,,-1,2,0,2,5,0,2,, -1,1,0,1,90,5,11,1,75,75112,1,1,0,3,A4,48.8219494658,2.4626004696,15,2,2
202100017074,171Â 108,B01,1,1,1,5,2,6,-1,0,0,-1,2021,46.0,2,1,0,2,6,1,1,,4,PONT ALEXANDRE III,0,,2,6,0,1,(1),(1),1,, -1,1,2,1,30,22,9,5,75,75107,2,2,0,3,PONT ALEXANDRE III,48.8628607485,2.3134619228,23,2,2
202100044786,121Â 657,B01,1,1,1,9,2,2,-1,0,0,-1,2021,57.0,2,1,0,2,7,1,1,,4,SEBASTOPOL (RUE DE),0,,2,2,0,4,0,0,1,, -1,1,0,1,50,7,4,1,988,98818,2,2,0,3,Rue Auguste BRUN/Rue SEBASTOPOL (RUE DE),-22.27633,166.44393,10,2,2
202100034809,139Â 489,A01,10,3,1,0,0,-1,-1,2,2,1,2021,20.0,2,1,0,1,1,5,1,,4,PROVINCES FRANCAISES BD DES,0,,2,2,3,2,0,0,1,, -1,1,0,1,50,12,6,1,92,92050,2,1,0,6,PROVINCES FRANCAISES BD DES,48.9002689182,2.2143727541,19,3,1
202100007068,189Â 121,A01,1,1,1,5,1,-1,-1,0,0,-1,2021,73.0,2,2,0,2,1,13,1,,3,18,0,,2,3,0,2,3,100,2,, -1,2,0,1,80,19,11,3,54,54151,1,1,0,1,D18,49.4945212738,5.7497549052,19,2,2
202100001903,198Â 394,A01,1,1,1,1,2,6,-1,0,0,-1,2021,44.0,1,1,14,0,1,14,1,,4,BOULEVARD DIDEROT,0,,2,3,0,1,(1),(1),1,, -1,1,0,1,30,21,12,5,75,75112,2,1,0,6,BOULEVARD DIDEROT,48.847065,2.384276,19,1,1
202100013269,178Â 023,B01,1,1,2,1,2,-1,-1,-1, -1,-1,2021,54.0,1,0,0,2,1,1,3,,4,SEVIGNE (BD DE),0,,2,2,2,2,(1),(1),1,, -1,1,9,1,50,14,10,2,35,35238,2,2,0,3,SEVIGNE (BD DE),48.1161,-1.66456,18,2,2
202100034724,139Â 646,A01,1,1,1,1,8,0,-1,-1, -1,-1,2021,37.0,1,2,4,0,9,0,1,,1,A13,0,,-1,3,0,1,33,599,1,, -1,1,0,1,110,13,6,1,78,78090,1,1,0,6,A13,48.969631,1.913324,5,1,1
202100041864,126Â 795,A01,1,1,2,5,1,0,-1,-1, -1,-1,2021,19.0,2,2,14,0,1,1,1,,1,A13,0,,3,6,0,2,26,500,1,, -1,1,0,1,130,30,4,3,78,78672,1,1,0,6,A13,48.929396,1.985569,21,1,1
202100034980,139Â 170,A01,1,1,1,0,2,0,-1,-1, -1,-1,2021,50.0,1,1,0,2,3,21,1,,4,ROUTE DE PITOYS,0,,-1,2,0,1,0,0,1,, -1,1,0,1,50,9,6,1,64,64024,2,1,0,3,ROUTE DE PITOYS,43.4637,-1.51288,10,2,2
202100036765,135Â 988,A01,10,3,2,3,0,-1,-1,2,1,1,2021,90.0,1,5,0,1,6,20,1,,9,GENERAL LECLERC (RUE DU),0,,2,2,0,1,0,0,1,, -1,1,1,1,50,2,6,1,91,91122,2,9,0,6,GENERAL LECLERC (RUE DU),48.69644,2.1624,10,2,1
202100034258,140Â 509,A01,1,1,1,5,2,6,-1,-1, -1,-1,2021,14.0,1,1,0,2,8,1,1,,4,LIAISON (RUE DE),0,,2,2,0,4,0,0,1,, -1,1,0,1,70,11,6,1,57,57306,1,1,0,2,LIAISON (RUE DE),49.34628,6.06781,18,2,2
202100046191,119Â 206,A01,1,1,1,5,0,-1,-1,0,0,-1,2021,77.0,1,1,0,0,7,1,5,,3,747,-1,,2,2,2,1,0,500,1,, -1,1,0,4,50,26,3,1,67,67067,2,1,0,3,2 A rue de Geudertheim,48.72866,7.716882,11,2,2
202100031604,145Â 265,A01,1,1,1,4,2,6,-1,-1, -1,-1,2021,37.0,2,1,0,2,2,17,1,,4,CASALIS.(AVE DU DR PAUL),0,,2,2,0,1,1,0,1,, -1,1,0,1,50,30,6,1,94,94028,2,9,0,3,Avenue du Docteur Paul Casalis,48.7806,2.4729,13,2,2
202100026293,154Â 693,A01,10,3,1,5,0,-1,-1,2,3,1,2021,4.0,0,3,0,1,1,1,3,,4,SCHWEITZER (RUE DU DOCTEUR),0,,3,-1,3,1,(1),(1),1,, -1,1,-1,6,50,30,7,1,51,51454,2,1,0,7,Rue du Docteur Albert Schweitzer,49.27974,4.02154,17,2,1
202100016174,172Â 729,B01,1,1,1,5,0,-1,-1,-1, -1,-1,2021,70.0,2,1,0,0,4,1,5,,3,D168,0,,1,2,0,2,7,340,1,, -1,1,3,1,50,24,9,1,35,35241,2,1,1,6,D168,48.614,-2.03528,17,2,2
202100017242,170Â 827,B01,1,1,1,1,2,-1,-1,0,0,-1,2021,59.0,3,0,0,2,1,1,3,,3,907,-1,,2,2,0,1,(1),(1),1,, -1,1,0,1,50,24,9,1,58,58303,2,6,0,3,Boulevard Camille Dagonneau,47.016049,3.149037,8,2,2
202100038551,132Â 733,B01,1,1,2,5,1,-1,-1,0,0,-1,2021,40.0,1,2,0,2,3,26,1,,3,101,0,,-1,2,0,2,1,1374,1,,"5,5",1,5,1,70,24,5,1,1,1033,1,3,0,3,RD101,46.111995,5.800872,11,2,2
202100024856,157Â 227,A01,2,2,1,0,1,0,-1,-1, -1,-1,2021,37.0,1,2,8,0,1,1,1,,2,ALLEE DU 173Â° R.I.A.,0,,1,2,0,1,1,0,1,, -1,1,0,1,50,8,8,1,202,202033,2,1,0,1,ALLEE DU 173Â° R.I.A.,42.70113,9.45239,5,2,1
202100034467,140Â 120,A01,1,1,1,5,1,-1,-1,0,0,-1,2021,21.0,1,2,3,0,1,1,1,,1,6,0,,3,4,0,1,262,300,1,, -1,1,0,3,130,15,6,1,21,21630,1,1,0,6,Autoroute A6- PK 262+300- sens Paris vers Lyon,47.256799,4.532815,9,1,1
202100024879,157Â 190,B01,1,1,1,5,8,0,-1,-1, -1,-1,2021,17.0,2,1,0,2,8,25,5,,4,BALZAC  (RUE HONORE DE),0,,2,2,0,1,(1),(1),1,, -1,1,0,4,50,6,8,1,41,41018,2,9,0,3,BALZAC  (RUE HONORE DE),47.59479,1.33015,11,2,2
202100003930,194Â 725,B01,1,1,2,1,1,0,-1,-1, -1,-1,2021,48.0,1,2,0,2,4,2,1,,1,AUTOROUTE A6,0,,3,6,0,1,16,870,1,, -1,1,0,1,110,9,12,3,91,91589,1,1,0,2,AUTOROUTE A6,48.67891,2.33459,19,2,2
202100008491,186Â 553,A01,10,3,1,0,0,-1,-1,1,3,1,2021,51.0,3,2,0,1,3,1,1,,4,CHAMP DE MARS   AVENUE DU,0,,1,2,0,1,(1),(1),1,, -1,1,0,1,30,9,11,5,17,17300,2,1,0,6,CHAMP DE MARS   AVENUE DU,46.16933,-1.14775,20,2,1
202100049021,114Â 135,A01,1,1,1,5,0,-1,-1,0,0,-1,2021,17.0,3,1,2,0,1,1,1,,4,,0,,-1,1,0,2,(1),(1),1,, -1,9,0,8,-1,7,3,1,89,89059,1,1,0,6,Bussy-en-Othe,48.030669,3.522159,13,1,1
202100035790,137Â 731,A01,1,1,1,5,2,6,9,0,0,-1,2021,66.0,1,1,14,0,1,1,1,,3,10,0,D,2,2,0,1,17,720,1,0,"5,5",1,0,1,50,7,6,1,16,16045,1,1,0,6,Les Groies des Fouillousse,45.57156,-0.046746,16,1,1
202100001475,199Â 150,B01,1,1,1,5,1,8,-1,-1, -1,-1,2021,21.0,2,2,8,0,7,1,1,,3,REYNOARD (AV. M.),0,,3,2,0,1,0,0,1,, -1,1,0,1,50,24,12,5,38,38185,2,2,1,3,REYNOARD (AV. M.),45.16,5.7,18,2,2
202100005163,192Â 548,A01,1,1,2,5,1,-1,-1,0,0,-1,2021,77.0,1,2,11,0,1,26,1,,3,949,0,B,2,2,0,1,36,470,1,, -1,2,0,8,80,3,12,1,85,85051,1,6,1,7,Croisee du Gros Caillou,46.666498,-1.094234,14,1,1
202100045281,120Â 782,A01,1,1,1,5,2,6,-1,0,0,-1,2021,18.0,1,1,2,0,1,1,1,,2,10,-1,,2,2,0,1,131,50,1,, -1,1,0,3,50,4,4,1,202,202242,2,1,0,6,RT 10,42.400263,9.531004,6,1,1
202100055161,103Â 216,B01,3,2,1,0,1,-1,-1,0,0,-1,2021,6.0,0,2,0,2,7,15,1,,4,CHATEAUDUN (BOULEVARD DE),0,,2,6,0,1,(1),(1),1,, -1,2,0,1,50,12,1,5,80,80021,2,1,1,3,CHATEAUDUN (BOULEVARD DE),49.88382,2.28226,17,3,2
202100044053,122Â 933,B01,1,1,1,1,8,0,-1,0,0,-1,2021,31.0,1,1,0,2,8,7,5,,4,BOULEVARD DE SEBASTOPOL,0,,1,4,3,1,(1),(1),1,, -1,1,-1,6,50,14,4,1,75,75103,2,2,0,3,BOULEVARD DE SEBASTOPOL,48.866242,2.352533,10,2,2
202100028595,150Â 604,A01,1,1,2,5,1,0,-1,-1, -1,-1,2021,26.0,1,2,4,0,4,21,1,,1,A4,0,,3,4,0,1,14,199,1,, -1,1,0,1,110,17,7,1,93,93051,1,1,0,2,A4,48.8355814772,2.5679362605,20,2,2
202100029339,149Â 322,A01,1,1,1,1,8,0,-1,-1, -1,-1,2021,32.0,1,2,0,0,8,16,1,,3,FFI (ALL DES),0,,2,2,0,1,0,0,2,, -1,2,9,8,50,12,7,1,94,94004,2,9,1,7,FFI (ALL DES),48.75663,2.50752,17,2,1
202100038748,132Â 355,B01,1,1,1,4,8,-1,-1,-1, -1,-1,2021,30.0,0,1,0,2,1,1,3,,4,VESLE (RUE),0,,2,1,0,1,(1),(1),1,, -1,2,-1,1,50,22,5,1,51,51454,2,2,1,3,Rue de Vesle,49.252719,4.026798,19,2,2
202100007751,187Â 899,A01,10,3,1,0,8,-1,-1,2,3,1,2021,35.0,1,2,0,1,0,0,0,,4,CREUZET                             (R ),0,,1,1,0,1,(1),(1),1,, -1,1,0,1,50,16,11,5,69,69387,2,2,0,6,CREUZET (R),45.75052,4.84626,23,2,1
202100002854,196Â 678,B01,1,1,1,5,1,-1,-1,0,0,-1,2021,58.0,2,2,0,2,3,5,1,,3,,-1,,2,2,0,2,1,308,3,, -1,1,0,1,80,17,12,3,30,30004,1,3,0,1,,43.726479,4.193156,18,2,2
202100037629,134Â 399,B01,1,1,1,0,2,6,-1,-1, -1,-1,2021,28.0,0,1,0,2,1,1,1,,4,R DE LA GRANDE CEINTURE ,0,,2,2,0,1,1,0,1,, -1,1,0,1,50,29,5,1,94,94071,2,3,0,3,Route de Bonneuil,48.77051,2.5058,10,2,2
202100008156,187Â 140,B01,2,2,1,5,2,0,-1,-1, -1,-1,2021,18.0,1,1,0,2,1,1,1,,3,FELIX FAURE (BLD) => 121,0,,2,2,0,1,0,1,1,, -1,1,9,1,50,14,11,5,93,93001,2,1,0,3,FELIX FAURE (BLD) => 121,48.9081931241,2.3775177422,2,3,2
202100049876,112Â 585,A01,1,1,2,5,2,6,-1,-1, -1,-1,2021,21.0,2,1,0,2,1,17,1,,3,779,0,,2,2,0,1,0,610,1,, -1,1,0,1,50,27,2,1,56,56260,2,2,0,3,Rue de Sainte-Anne,47.66228,-2.77857,18,2,2
202100033657,141Â 606,B01,1,1,1,0,1,0,-1,-1, -1,-1,2021,52.0,3,2,0,2,4,2,1,,3,PABLO PICASSO (AV),0,,3,4,0,1,0,1,3,, -1,1,0,1,50,17,6,1,94,94022,2,1,0,2,PABLO PICASSO (AV),48.76616,2.40875,12,2,2
202100013546,177Â 507,A01,1,1,1,9,2,6,-1,-1, -1,-1,2021,39.0,2,1,0,2,1,21,1,,4,AYGALADES (AVENUE DES),0,,2,2,0,1,0,0,1,, -1,1,0,1,50,13,10,1,13,13215,2,1,0,3,AYGALADES (AVENUE DES),43.3557546266,5.3697588686,13,2,2
202100013142,178Â 255,A01,1,1,1,1,2,0,-1,-1, -1,-1,2021,31.0,2,1,0,0,7,17,1,,4,,0,,2,2,1,2,0,0,1,, -1,1,9,1,50,15,10,5,92,92064,2,9,0,7,BUZENVAL,48.85125,2.20711,21,1,1
202100024318,158Â 200,A01,10,3,1,5,8,8,-1,4,3,2,2021,76.0,1,1,0,1,1,1,5,,4,BOULEVARD DE SEBASTOPOL,0,,2,5,1,1,(1),(1),1,, -1,1,0,5,50,13,8,1,75,75101,2,2,0,6,BOULEVARD DE SEBASTOPOL,48.860052,2.349061,19,2,1
202100015222,174Â 492,A01,1,1,1,4,2,6,-1,0,0,-1,2021,31.0,3,1,1,0,1,1,1,,4,ALLEE DU BORD DE L EAU,0,,2,2,0,1,(1),(1),1,, -1,1,0,1,30,4,10,1,75,75116,2,1,0,6,ALLEE DU BORD DE L EAU,48.86811,2.23494,10,1,1
202100033036,142Â 692,A01,1,1,1,0,1,8,-1,-1, -1,-1,2021,46.0,2,2,0,2,1,17,1,,3,LALLAING(ROUTE DE),0,,2,2,0,1,(1),(1),1,, -1,1,0,1,50,18,6,1,59,59414,2,1,0,5,LALLAING(ROUTE DE),50.36634,3.17861,8,5,3
202100001451,199Â 189,B01,1,1,1,0,1,0,-1,-1, -1,-1,2021,28.0,2,2,0,2,7,15,1,,4,AV HENRI CHARON,0,,2,2,0,1,0,1,1,, -1,1,0,1,50,24,12,1,91,91657,2,1,0,3,AV HENRI CHARON,48.70677,2.42103,11,2,2
202100047232,117Â 335,B01,2,2,2,9,2,6,-1,-1, -1,-1,2021,57.0,3,1,0,2,8,0,1,,4,Edmond PIRIAN (rue),0,,1,1,0,2,(1),(1),1,, -1,1,5,1,50,20,3,1,13,13212,2,2,0,3,Edmond PIRIAN (rue),43.3074,5.4249,17,3,2
202100004750,193Â 291,A01,10,3,1,5,0,-1,-1,5,9,1,2021,56.0,1,2,0,1,2,26,1,,3,GAULLE RUE CHARLES DE,0,,2,2,0,1,4,730,1,, -1,2,0,4,50,3,12,1,49,49246,2,1,1,6,GAULLE RUE CHARLES DE,47.4262,-0.52598,10,2,1
202100006804,189Â 617,B01,1,1,1,5,2,6,-1,-1,0,-1,2021,28.0,2,1,0,2,7,9,1,,1,AUTOROUTE A15,0,,3,10,0,1,7,199,1,, -1,1,0,1,110,23,11,1,95,95018,1,1,0,3, A15,48.9599262817,2.2713712872,9,2,2
202100040469,129Â 269,A01,1,1,2,5,2,6,-1,-1, -1,-1,2021,18.0,1,1,0,2,1,1,1,,4,JACQUES LOEB (AVENUE DE L'INTERNE),0,,2,2,0,4,0,0,1,, -1,1,0,1,50,10,5,1,64,64102,2,1,0,2,JACQUES LOEB (AVENUE DE L'INTERNE),43.47918,-1.48411,7,2,2
202100009846,184Â 098,A01,10,3,1,5,0,-1,-1,3,3,1,2021,63.0,2,2,0,1,2,2,1,,3,905,0,,2,2,0,1,25,100,1,, -1,1,9,8,50,1,11,1,21,21663,2,1,0,2,34 Avenue de Dijon,47.538829,4.461683,11,3,2
202100055331,102Â 928,A01,10,3,1,1,0,-1,-1,4,3,1,2021,26.0,1,2,0,1,1,1,1,,4,Rue de Paris,0,,2,2,0,1,(1),(1),1,, -1,1,0,1,30,9,1,5,29,29019,2,1,0,6,Rue Albert Louppe,48.402738,-4.4678701,18,2,1
202100023994,158Â 750,A01,1,1,2,5,2,8,-1,-1, -1,-1,2021,20.0,2,1,0,2,1,12,1,,2,11 - RT,0,,1,1,0,1,1,0,1,, -1,1,0,1,70,15,8,1,202,202033,2,1,0,2,11 - RT,42.67232,9.44383,7,2,2
202100022153,162Â 042,A01,1,1,1,9,2,6,-1,0,0,-1,2021,24.0,1,1,0,0,1,0,1,,3,,0,,2,2,0,1,10,195,1,, -1,2,0,1,50,29,8,1,25,25304,2,1,1,7,Rue du Commandant Rolland,47.448257,6.878901,14,1,1
202100023328,159Â 915,A01,1,1,1,0,8,0,-1,-1, -1,-1,2021,23.0,0,1,0,2,2,0,5,,3,9,0,,1,4,0,1,0,0,1,, -1,1,0,1,50,20,8,1,92,92044,2,2,0,3,ANA. FRANCE(RUE)1A75 ET 2A72,48.89805,2.27964,15,2,2
202100030278,147Â 644,A01,1,1,1,0,1,-1,-1,0,0,-1,2021,58.0,1,2,13,0,2,1,1,,3,4,-1,D,2,2,0,1,13,590,2,, -1,1,0,1,50,7,7,2,84,84085,2,1,0,7,D4,43.951119,5.243161,20,1,1
202100015830,173Â 377,A01,1,1,1,5,2,6,-1,0,0,-1,2021,60.0,1,1,0,2,1,13,1,,3,15,-1,,2,2,0,1,7,750,3,, -1,1,0,1,70,2,10,1,83,83059,1,1,0,1,D15 route de sainte anastasie,43.338351,6.09974,13,2,2
202100019525,166Â 731,B01,1,1,2,9,1,0,-1,-1, -1,-1,2021,24.0,2,2,0,2,1,26,1,,3,ARISTIDE BRIAND AVENUE,0,,2,2,0,1,1,0,1,, -1,1,0,1,50,10,9,1,93,93046,2,5,1,4,ARISTIDE BRIAND AVENUE,48.91121,2.51662,17,4,4
202100037274,135Â 046,B01,1,1,1,5,2,6,-1,-1, -1,-1,2021,66.0,0,1,0,2,1,1,0,,4,AURIOL PRESIDENT (AVENUE),0,,2,2,0,1,0,0,1,, -1,1,0,1,50,29,5,1,8,8105,2,3,0,3,AURIOL PRESIDENT (AVENUE),49.754533,4.722376,12,2,2
202100033409,142Â 050,A01,1,1,1,5,2,6,-1,-1, -1,-1,2021,33.0,2,1,0,2,1,1,1,,3,,0,,1,2,0,1,0,0,1,, -1,1,0,1,90,16,6,1,30,30356,2,1,0,6,BEAUCAIRE (ROUTE),43.8329,4.4236,18,2,2
202100041386,127Â 633,A01,1,1,1,4,0,-1,-1,-1, -1,-1,2021,52.0,2,4,0,2,1,2,1,,1,AUTOROUTE A 63,0,,3,4,0,1,1,0,1,, -1,1,0,1,90,5,5,1,33,33192,1,1,0,4,AUTOROUTE A 63,44.781158,-0.636642,18,3,3
202100052001,108Â 758,B01,2,2,1,0,1,0,-1,-1, -1,-1,2021,54.0,3,2,0,2,1,0,1,,7,QUEVILLON. ROUTE DE,0,,2,2,0,1,4,500,1,, -1,1,0,1,80,8,2,3,76,76157,1,1,0,1,QUEVILLON. ROUTE DE,49.4381035853,0.9994654774,19,3,2
202100019613,166Â 580,A01,1,1,1,5,2,0,-1,-1, -1,-1,2021,86.0,1,1,0,0,0,13,1,,4,ANCIENNE RN 1,0,,2,1,0,1,1,0,3,, -1,1,0,3,50,10,9,3,974,97416,1,1,0,7,ANCIENNE RN 1,-21.3245,55.44552,19,1,1
202100027095,153Â 283,A01,1,1,1,9,8,8,-1,-1, -1,-1,2021,29.0,1,1,0,2,1,5,1,,3,DOCTEUR ROUX RUE DU,0,,2,2,0,1,101,0,1,, -1,1,0,1,50,25,7,1,93,93046,2,1,0,3,Rue du Docteur Roux,48.933476,2.55112,20,2,2
202100008250,186Â 967,B01,1,1,1,4,2,-1,-1,-1, -1,-1,2021,28.0,0,1,0,2,8,1,3,,4,MARC BLOCH                          (R ),0,,1,3,3,1,(1),(1),1,, -1,1,0,1,50,12,11,1,69,69387,2,2,0,3,MARC BLOCH (R),45.74702,4.84569,13,2,2
202100034482,140Â 090,A01,1,1,1,0,1,-1,-1,0,0,-1,2021,61.0,1,2,0,2,1,17,1,,3,667,-1,,2,2,0,4,18,200,3,, -1,1,0,1,80,15,6,1,47,47071,1,1,0,1,D667,44.4702286534,0.4818604201,13,3,2
202100017682,170Â 016,B01,1,1,2,1,2,0,-1,0,0,-1,2021,47.0,1,0,0,2,8,1,3,,4,QUAI DES CELESTINS,0,,2,4,1,1,(1),(1),1,, -1,1,0,5,30,21,9,1,75,75104,2,1,0,3,QUAI DES CELESTINS,48.852162643,2.3608944705,13,2,2
202100029578,148Â 922,B01,1,1,1,5,2,0,-1,-1, -1,-1,2021,72.0,2,1,0,2,8,1,5,,7,GIENS (ROUTE DE ),0,,2,2,0,1,5,450,1,, -1,1,0,1,70,10,7,1,83,83069,1,1,0,6,GIENS (ROUTE DE ),43.0666,6.1472,9,3,2
202100003450,195Â 588,A01,10,3,1,1,0,-1,-1,2,3,1,2021,25.0,2,2,0,1,1,15,1,,6,PL DE LA LOGISTIQUE,0,,-1,0,0,1,1,0,1,, -1,1,0,1,50,11,12,5,94,94065,2,1,0,6,Zone SOGARIS,48.75256,2.36751,6,2,1
202100046383,118Â 861,B01,1,1,2,4,8,0,-1,0,0,-1,2021,51.0,1,1,0,2,1,1,5,,4,RUE D ARTOIS,0,,1,1,0,1,(1),(1),1,, -1,1,0,1,50,26,3,1,75,75108,2,4,0,3,RUE D ARTOIS,48.872660056,2.3081980147,9,2,2
202100027723,152Â 159,B01,1,1,1,9,1,0,-1,-1, -1,-1,2021,22.0,2,2,0,2,4,1,1,,7,MONTESQUIEU (BOULEVARD),0,,2,2,0,1,(1),(1),1,, -1,1,0,1,50,21,7,1,59,59512,2,1,0,2,MONTESQUIEU (BOULEVARD),50.686325,3.157636,6,2,2
202100047100,117Â 582,A01,2,2,2,0,3,-1,-1,0,0,-1,2021,6.0,1,2,0,2,3,13,1,,3,561,-1,,2,2,0,1,4,500,1,, -1,1,0,1,70,23,3,1,83,83104,1,1,0,1,"les plantiers, D 561",43.613133,5.737975,13,4,2
202100026104,155Â 033,A01,10,3,2,5,0,-1,-1,5,2,2,2021,71.0,1,1,0,1,0,25,3,,7,COURS JEAN JAURÃS,0,,2,7,1,1,89,10,1,, -1,1,5,4,30,31,7,1,38,38185,2,1,0,6,Cours Jean JaurÃ¨s,45.18398,5.71767,12,2,1
202100001851,198Â 489,A01,2,2,1,0,1,-1,-1,-1, -1,-1,2021,29.0,3,2,0,2,1,12,1,,7,CD 43 (AVENUE DU BOIS DES DAMES),0,,2,-1,0,1,16,800,1,, -1,1,0,1,90,21,12,1,76,76474,1,1,0,2,CD 43 (AVENUE DU BOIS DES DAMES),49.47664,1.065527,11,3,2