Num_Acc,id_vehicule,num_veh,place,catu,sexe,trajet,secu1,secu2,secu3,locp,actp,etatp,year_acc,victim_age,senc,catv,obs,obsm,choc,manv,motor,occutc,catr,voie,v1,v2,circ,nbv,vosp,prof,pr,pr1,plan,lartpc,larrout,surf,infra,situ,vma,jour,mois,lum,dep,com,agg_,int,atm,col,adr,lat,long,hour,nb_victim,nb_vehicules
202100034020,140Â 949,A01,1,1,1,5,2,8,-1,-1, -1,-1,2021,18.0,1,1,0,2,7,2,1,,3,CHARLES DE GAULLE (AVENUE),0,,1,2,0,1,0,100,1,, -1,1,0,1,30,16,6,1,91,91421,2,1,0,3,CHARLES DE GAULLE (AVENUE),48.69677,2.45786,19,2,2
202100014933,175Â 018,A01,10,3,2,0,0,-1,-1,4,3,2,2021,79.0,3,2,0,1,2,1,1,,4,RUE PAUL CLAUDEL,0,,2,2,0,1,(1),(1),1,, -1,2,0,1,50,5,10,5,38,38185,2,1,1,6,RUE PAUL CLAUDEL,45.17204,5.7351,19,3,1
202100017403,170Â 520,B01,1,1,2,0,2,8,-1,-1, -1,-1,2021,47.0,2,1,0,2,7,26,1,,4,BELIERS (ALLEE DES),0,,2,1,0,2,0,0,2,, -1,1,0,1,50,22,9,1,974,97416,1,1,0,2,BELIERS (ALLEE DES),-21.29672,55.46783,10,2,2
202100006273,190Â 580,A01,1,1,1,5,1,0,-1,-1, -1,-1,2021,35.0,2,2,0,2,1,2,1,,2,ROUTE NATIONALE 20,0,,1,2,0,1,20,649,1,, -1,2,0,1,90,25,11,3,9,9225,1,1,1,2,ROUTE NATIONALE 20,43.108913,1.631874,20,2,2
202100025583,155Â 948,A01,1,1,2,0,2,0,-1,-1, -1,-1,2021,49.0,1,1,0,2,8,13,1,,3,PATRICK SAINT ELOI ( AVENUE ),0,,2,1,0,1,(1),(1),1,, -1,1,0,1,50,4,8,1,971,97101,2,1,0,3,PATRICK SAINT ELOI ( AVENUE ),16.24727,-61.53332,14,2,2
202100028736,150Â 361,A01,10,3,1,5,0,-1,-1,1,3,2,2021,85.0,2,1,0,1,2,1,1,,3,888,-1,,2,2,0,4,12,77,3,, -1,1,0,1,50,16,7,5,31,31212,2,1,0,6,31 Route Departementale 888,43.705003,1.560804,22,3,1
202100046975,117Â 813,A01,10,3,1,0,0,-1,-1,1,3,2,2021,91.0,2,2,0,0,1,1,1,,4,,-1,,2,2,0,1,(1),(1),1,, -1,1,0,1,50,23,3,1,23,23176,2,1,0,6,Avenue Jean JaurÃ¨s,46.239969,1.479045,10,2,1
202100051279,110Â 016,A01,1,1,1,5,2,0,-1,-1, -1,-1,2021,33.0,1,1,0,2,0,19,5,,3,DOUANE (QUAI DE LA),0,,2,3,1,1,2,800,2,, -1,1,0,5,50,15,2,1,64,64140,2,3,0,2,DOUANE (QUAI DE LA),43.52246,-1.48988,13,2,2
202100016458,172Â 208,B01,1,1,1,1,1,0,-1,-1, -1,-1,2021,20.0,3,2,0,2,1,20,1,,4,BLD DES CYGNES,0,,2,2,0,1,(1),(1),1,, -1,1,0,1,50,22,9,1,78,78361,2,1,0,1,BLD DES CYGNES,48.997476,1.714264,10,2,2
202100001174,199Â 676,B01,1,1,2,0,1,8,-1,-1, -1,-1,2021,53.0,2,2,0,2,8,1,1,,4,CLEMENCEAU (BOULEVARD),0,,3,2,3,1,0,0,1,, -1,2,0,1,50,26,12,1,67,67482,2,3,1,3,CLEMENCEAU (BOULEVARD),48.59195,7.75296,14,5,2
202100027808,152Â 008,B01,1,1,1,0,2,6,-1,0,0,-1,2021,25.0,1,1,0,2,1,0,1,,3,130,0,O,2,2,0,1,6,60,1,, -1,1,0,1,50,21,7,1,78,78020,1,2,0,3,RD11,48.889563,1.722112,18,2,2
202100028686,150Â 445,A01,10,3,1,9,0,-1,-1,3,3,2,2021,4.0,3,1,0,1,1,1,3,,4,RUE DES LONGUES RAIES,0,,1,1,1,3,(1),(1),1,, -1,1,0,5,30,16,7,1,75,75113,2,3,0,6,RUE DES LONGUES RAIES,48.821203,2.350552,17,4,1
202100031079,146Â 189,A01,1,1,2,5,2,0,-1,-1, -1,-1,2021,12.0,1,1,0,0,0,2,5,,4,COEFFARD,0,,2,2,0,1,1,0,1,, -1,1,0,1,50,2,7,1,49,49007,2,1,0,7,COEFFARD,47.4744,-0.53183,11,1,1
202100005328,192Â 266,A01,1,1,1,5,1,0,-1,-1, -1,-1,2021,48.0,1,2,17,0,1,13,1,,3,ANDUZE (ROUTE OU ANCIENNE ROUTE),0,,2,2,0,1,3,450,1,, -1,2,0,1,80,11,11,3,30,30189,1,1,1,7,ANDUZE (ROUTE OU ANCIENNE ROUTE),43.8708,4.278,0,1,1
202100048743,114Â 636,B01,1,1,2,4,1,-1,-1,0,0,-1,2021,21.0,1,2,0,2,1,1,1,,3,730,0,,2,2,0,4,86,889,1,, -1,1,0,1,70,10,3,1,17,17241,1,2,0,3,Cottieres Sud,45.206635,-0.157784,9,2,2
202100011708,180Â 805,B01,2,2,2,5,1,-1,-1,0,0,-1,2021,80.0,2,2,0,2,1,1,1,,3,197,-1,,2,1,0,1,1,(1),3,,3,1,0,1,90,22,10,1,14,14342,1,2,0,3,Rupalley (isigny) (Isigny-sur-Mer),49.30288,-1.112452,16,3,2
202100016665,171Â 840,A01,1,1,2,9,1,0,-1,0,0,-1,2021,77.0,1,2,1,0,1,9,1,,7,ALPES AVENUE DES,0,,3,4,1,1,(1),(1),1,, -1,1,0,1,50,24,9,1,6,6027,2,1,0,5,ALPES AVENUE DES,43.660024,7.138986,13,3,3
202100022029,162Â 255,A01,1,1,1,5,1,-1,-1,0,0,-1,2021,24.0,2,2,0,2,3,13,1,,3,753,0,,2,2,0,1,5,300,2,, -1,1,0,3,80,30,8,1,2,2495,1,1,0,1,D753,49.971608,4.050393,16,3,2
202100006116,190Â 871,A01,1,1,1,0,2,6,-1,-1, -1,-1,2021,48.0,3,1,0,2,7,1,1,,4,DOCTEUR CHARCOT (AV),0,,2,2,0,1,0,100,1,, -1,1,0,1,30,25,11,1,94,94022,2,2,0,3,DOCTEUR CHARCOT (AV),48.77001,2.4181,11,2,2
202100037901,133Â 917,B01,2,2,2,5,1,-1,-1,0,0,-1,2021,89.0,0,2,0,2,3,16,1,,3,786,0,A,2,2,0,1,5,800,1,, -1,1,0,1,50,28,5,1,29,29113,2,3,0,3,Rue des 4 Vents,48.640388,-3.720471,13,3,2
202100026121,155Â 004,A01,1,1,1,0,8,0,-1,-1, -1,-1,2021,43.0,2,2,0,0,1,14,1,,4,FOURRIERES VC 1 (ROUTE DES) ,0,,2,2,0,1,(1),(1),3,, -1,2,0,3,80,31,7,3,82,82033,1,1,0,7,FOURRIERES VC 1 (ROUTE DES) ,44.04205,1.1417,21,1,1
202100000614,200Â 606,A01,1,1,1,5,8,-1,-1,0,0,-1,2021,75.0,1,2,0,0,2,1,1,,3,1.8,-1,,2,2,0,1,0,160,1,,4,1,0,1,50,31,12,1,68,68352,2,6,0,5,Voie Romaine,48.012865,7.537898,9,4,3
202100016149,172Â 775,B01,1,1,2,0,1,0,-1,0,0,-1,2021,24.0,1,2,0,2,2,16,1,,4,FERRI III (RUE DU DUC),0,,1,1,0,1,(1),(1),1,, -1,1,0,1,50,27,9,5,54,54395,2,3,0,3,FERRI III (RUE DU DUC),48.6843449823,6.1743188703,20,2,2
202100045161,121Â 007,B01,1,1,1,4,2,6,-1,-1, -1,-1,2021,31.0,0,1,0,2,3,15,1,,3,PDT ROOSEVELT (QUAI DU),0,,1,3,0,1,0,0,1,, -1,1,0,1,50,4,4,2,92,92040,2,1,0,1,PDT ROOSEVELT (QUAI DU),48.8317907183,2.2626256943,21,2,2
202100053027,106Â 938,A01,1,1,2,0,1,0,-1,-1, -1,-1,2021,51.0,1,2,0,2,4,1,1,,1,A7-Sens Lyon vers Marseille,0,,1,3,0,1,269,0,1,, -1,1,0,1,110,31,1,3,13,13071,1,1,0,2,A7-Sens Lyon vers Marseille,43.4056,5.32098,18,2,2
202100048615,114Â 864,A01,1,1,1,5,2,-1,-1,0,0,-1,2021,69.0,1,1,0,0,0,1,1,,3,455,0,,2,2,0,1,3,499,1,, -1,1,0,1,50,11,3,1,3,3159,2,1,0,7,Rue de la Brande,46.299991,2.735239,17,1,1
202100004480,193Â 759,A01,1,1,2,0,1,0,-1,-1, -1,-1,2021,22.0,1,2,0,2,1,2,1,,1,14,0,,-1,3,0,1,2,900,1,, -1,2,1,1,70,6,12,5,92,92050,1,1,1,2,A14,48.898471284,2.2170109138,18,2,2
202100026513,154Â 309,B01,1,1,1,0,1,0,-1,-1, -1,-1,2021,21.0,0,1,0,2,1,1,1,,3,CHANZY (BOULEVARD),0,,2,2,1,1,1,0,1,, -1,1,0,1,50,29,7,1,93,93048,2,3,0,3,Boulevard de Chanzy / Rue des Sorins,48.85873,2.42724,17,2,2
202100038044,133Â 659,A01,1,1,2,5,8,0,-1,0,0,-1,2021,65.0,1,1,0,0,0,21,5,,4,RUE DU PETIT PONT,0,,1,3,1,1,(1),(1),1,, -1,1,2,5,30,27,5,5,75,75105,2,2,0,7,RUE DU PETIT PONT,48.852356,2.348228,22,1,1
202100022769,160Â 899,A01,4,2,2,9,1,0,-1,-1, -1,-1,2021,18.0,1,2,2,0,1,26,1,,1,AUTOROUTE A23,0,,1,4,0,1,16,370,3,, -1,1,0,8,130,22,8,1,59,59449,1,1,0,6,AUTOROUTE A23,50.4716651167,3.2271523925,17,3,1
202100051198,110Â 160,B01,1,1,1,0,2,0,-1,-1, -1,-1,2021,20.0,1,1,0,2,1,1,1,,4,R JULIETTE SAVAR,0,,-1,4,0,1,1,0,1,, -1,1,0,1,50,16,2,1,94,94028,2,2,0,1,SAVAR.(RUE JULIETTE),48.77797,2.46671,13,2,2
202100043607,123Â 729,A01,1,1,1,5,1,-1,-1,-1,0,-1,2021,24.0,2,2,4,0,1,26,1,,1,AUTOROUTE A115,0,,3,4,0,1,5,599,1,, -1,1,0,1,90,18,4,1,95,95607,1,1,0,6, A115,49.0122110152,2.2222935741,16,1,1
202100038737,132Â 383,A01,1,1,1,5,2,6,-1,0,0,-1,2021,16.0,3,1,0,2,1,17,1,,4,MARECHAL JUIN AVENUE,0,,3,1,0,1,(1),(1),1,, -1,1,0,1,50,22,5,1,201,201004,2,1,0,3,MARECHAL JUIN AVENUE,41.9369547867,8.7507987394,17,3,2
202100043333,124Â 206,A01,10,3,1,5,0,-1,-1,4,4,1,2021,8.0,1,1,0,1,1,1,1,,4,AVE D'EYSINES CAUD,0,,2,3,2,1,(1),(1),1,, -1,1,5,1,50,20,4,1,33,33069,2,2,0,6,Avenue dâEysines,44.8543392601,-0.5984374497,16,2,1
202100001824,198Â 539,B01,1,1,1,1,2,4,-1,-1, -1,-1,2021,36.0,1,1,0,2,2,2,1,,1,AUTOROUTE A6,0,,1,3,0,2,13,300,2,, -1,1,0,1,110,22,12,3,91,91161,1,1,0,4,AUTOROUTE A6,48.70492,2.30617,16,3,3
202100040259,129Â 641,B01,1,1,2,0,1,-1,-1,0,0,-1,2021,36.0,1,2,0,2,2,21,1,,3,137,0,D,2,2,0,1,12,932,1,, -1,1,0,1,80,13,5,1,44,44014,1,1,0,3,1 Les Gros Cailloux,47.11546,-1.482076,17,3,2
202100046802,118Â 115,A01,1,1,1,0,1,0,-1,-1, -1,-1,2021,52.0,1,2,0,2,8,1,1,,3,GRANDE RUE,0,,2,2,0,1,9,369,1,, -1,1,0,1,50,24,3,1,93,93077,2,2,0,3,GRANDE RUE,48.88259,2.51822,12,2,2
202100025254,156Â 515,A01,1,1,1,1,1,0,-1,0,0,-1,2021,37.0,1,5,5,2,5,13,1,,2,RN 57,0,,2,2,0,2,54,950,2,, -1,2,3,1,90,6,8,1,88,88429,1,1,1,3,RN 57,48.03557,6.579883,8,2,2
202100004101,194Â 410,A01,10,3,2,0,0,-1,-1,3,3,1,2021,69.0,2,2,0,1,1,1,1,,9,CONSTANS ( RUE PAUL ),0,,3,2,0,1,0,0,1,, -1,1,0,1,50,8,12,1,3,3185,2,1,0,6,CONSTANS ( RUE PAUL ),46.34,2.59,9,2,1
202100005054,192Â 747,B01,1,1,1,5,1,0,-1,-1, -1,-1,2021,59.0,3,2,0,2,4,2,1,,4,FUSILLES (AV.),0,,2,2,0,1,(1),(1),2,, -1,2,0,1,50,1,12,1,62,62427,2,6,1,6,FUSILLES (AV.),50.421534,2.956179,10,2,2
202100043092,124Â 649,A01,1,1,1,5,1,-1,-1,0,0,-1,2021,75.0,2,2,0,0,4,2,1,,2,147,-1,,3,4,0,1,40,200,1,, -1,1,0,1,90,21,4,1,86,86099,1,9,0,2,N147,46.491496,0.498246,12,2,2
202100030601,147Â 053,A01,1,1,2,5,1,0,-1,0,0,-1,2021,36.0,1,2,0,2,3,18,1,,4,BOULEVARD HENRI IV,0,,-1,4,0,1,(1),(1),1,, -1,1,0,1,50,5,7,1,75,75104,2,2,0,2,BOULEVARD HENRI IV,48.850825,2.361428,10,2,2
202100015044,174Â 819,B01,1,1,2,5,8,0,-1,-1, -1,-1,2021,56.0,1,1,0,2,8,1,5,,3,RD 752,0,,3,4,0,1,36,500,1,, -1,1,0,1,90,4,10,1,49,49099,1,1,0,3,RD 752,47.07517,-0.90088,14,2,2
202100002924,196Â 543,B01,4,2,1,0,1,0,-1,-1, -1,-1,2021,42.0,1,3,0,2,1,1,1,2.0,4,SEMBAT (RUE MARCEL),0,,2,2,0,1,(1),(1),1,, -1,2,0,1,30,11,12,5,56,56098,2,2,1,3,SEMBAT (RUE MARCEL),47.7642,-3.34553,17,3,2
202100007635,188Â 098,B01,1,1,2,2,8,0,-1,-1, -1,-1,2021,23.0,3,1,1,0,1,1,5,,4,ROMPSAY   AVENUE DE,0,,2,2,0,1,(1),(1),3,, -1,1,0,1,50,17,11,1,17,17300,2,1,0,6,ROMPSAY   AVENUE DE,46.16127,-1.13229,12,2,2
202100023313,159Â 944,B01,1,1,2,1,1,0,-1,0,0,-1,2021,43.0,1,2,0,2,4,23,1,,4,BOULEVARD PEREIRE,0,,3,1,0,1,(1),(1),1,, -1,1,0,1,50,20,8,1,75,75117,2,2,0,4,BOULEVARD PEREIRE,48.883132,2.293484,15,6,3
202100033384,142Â 094,A01,1,1,2,1,8,-1,-1,-1, -1,-1,2021,43.0,1,0,0,2,3,15,3,,4,SARRA (DE LA)                       (R ),0,,2,2,0,1,(1),(1),1,, -1,1,5,1,30,18,6,1,69,69149,2,2,0,3,SARRA (DE LA) (R),45.7103677795,4.8021654089,7,2,2
202100021595,163Â 031,A01,1,1,1,5,2,-1,-1,-1, -1,-1,2021,17.0,1,1,0,2,1,2,5,,7,CORNEILLE. PONT PIERRE,0,,1,2,3,1,11,800,1,, -1,2,-1,1,50,31,8,1,76,76540,2,1,1,2,CORNEILLE. PONT PIERRE,49.4358360584,1.0954999924,15,2,2
202100004040,194Â 521,A01,10,3,1,5,0,-1,-1,3,6,1,2021,69.0,1,2,0,1,1,1,1,,4,RENAULT (BOULEVARD LOUIS),0,,2,2,2,1,0,0,1,, -1,1,0,1,50,4,12,1,49,49328,2,1,0,6,RENAULT (BOULEVARD LOUIS),47.25269,-0.08356,10,2,1
202100020725,164Â 581,B01,1,1,1,5,2,6,-1,0,0,-1,2021,22.0,2,1,0,2,3,1,1,,4,QUAI HENRI IV,0,,1,2,0,1,(1),(1),1,, -1,1,0,1,30,5,9,1,75,75104,2,2,0,3,QUAI HENRI IV,48.850837,2.361463,15,3,2
202100038944,132Â 019,A01,1,1,1,5,1,8,-1,-1, -1,-1,2021,34.0,0,2,2,0,1,1,1,,4,AIRE DES MOISSONS,0,,-1,2,0,1,(1),(1),1,, -1,2,0,1,50,19,5,1,10,10357,2,1,1,6,AIRE DES MOISSONS,48.2928,4.1317,19,1,1
202100035155,138Â 869,A01,1,1,1,9,0,-1,-1,0,0,-1,2021,34.0,2,1,0,2,1,17,1,,2,2,0,,2,3,0,2,79,500,1,, -1,1,0,1,80,11,6,3,971,97115,1,1,0,5,Route nationale 2 entre croisement belle vue d'arras et la Jola,16.2615090791,-61.6357684135,19,7,4
202100040167,129Â 803,A01,10,3,1,0,0,-1,-1,4,3,1,2021,67.0,0,3,0,1,1,1,-1,1.0,4,,-1,,2,2,-1,1,(1),(1),1,, -1,1,0,1,50,11,5,1,63,63113,2,2,0,6,131 SOUS LES VIGNES (RUE),45.80268,3.10754,11,2,1
202100028569,150Â 654,B01,1,1,1,0,1,-1,-1,0,0,-1,2021,25.0,2,2,0,2,1,21,1,,3,102,0,D,2,2,0,2,1,90,1,, -1,1,0,1,80,17,7,1,74,74211,1,1,0,1,Rte de Reignier,46.114449,6.261091,19,4,2
202100007541,188Â 266,A01,1,1,1,0,2,6,-1,-1, -1,-1,2021,43.0,1,1,0,2,2,3,1,,2,RN 118,0,,1,2,0,2,9,500,1,, -1,1,0,1,90,18,11,1,91,91471,1,1,0,5,RN 118,48.7148,2.17429,9,3,3
202100018087,169Â 301,B01,3,2,2,5,1,0,-1,-1, -1,-1,2021,45.0,1,2,0,2,4,2,1,,1,A507 sens Aubagne- Marseille,0,,1,3,0,1,2,500,1,, -1,1,1,1,70,18,9,1,13,13055,1,1,0,4,A507 sens Aubagne- Marseille,43.2863501693,5.4311761116,11,6,4
202100053407,106Â 259,B01,1,1,1,0,2,0,-1,-1, -1,-1,2021,62.0,1,1,0,2,2,1,1,,1,A50-Sens Aubagne vers Toulon,0,,3,3,0,2,34,0,1,, -1,1,0,1,90,27,1,1,13,13028,1,1,0,3,A50-Sens Aubagne vers Toulon,43.21025,5.5833,10,2,2
202100015083,174Â 745,B01,1,1,1,5,1,0,-1,-1, -1,-1,2021,84.0,3,2,0,2,4,2,1,,7,TURCAN FRANCIS,0,,3,4,0,1,0,0,1,, -1,1,0,1,50,1,10,1,13,13056,2,1,0,4,TURCAN FRANCIS,43.41182,5.04428,19,3,3
202100031466,145Â 504,A01,1,1,1,5,0,-1,-1,0,0,-1,2021,16.0,2,1,0,0,0,1,5,,3,368,-1,,2,2,0,2,2,800,1,, -1,1,0,1,80,1,7,1,61,61095,1,1,0,7,La ThiaudiÃ¨re,48.719041,-0.628538,15,1,1
202100051920,108Â 898,A01,10,3,1,4,0,-1,-1,2,3,1,2021,70.0,2,5,0,1,1,1,1,,4,RUE DE BAGNOLET,0,,2,2,0,1,(1),(1),1,, -1,1,0,1,50,9,2,1,75,75120,2,1,0,6,RUE DE BAGNOLET,48.8635849332,2.407534761,16,2,1
202100001369,199Â 319,A01,10,3,1,3,0,-1,-1,2,3,1,2021,81.0,1,2,0,1,2,16,1,,4,VENISE VERTE (AV) 2 A 50  et  1 A 61,0,,2,2,0,1,(1),(1),3,, -1,1,5,1,50,24,12,1,79,79191,2,2,0,7,52 Avenue de la Venise Verte,46.31973,-0.48588,10,2,1
202100020461,165Â 061,A01,1,1,1,0,2,0,-1,-1, -1,-1,2021,37.0,2,1,0,2,1,19,1,,4,SARRAZINS RUE,0,,1,0,0,1,(1),(1),1,, -1,1,0,1,50,18,5,1,59,59350,2,2,0,3,MARCHE RUE DU,50.62588,3.05163,20,2,2
202100002614,197Â 109,B01,1,1,2,0,8,0,-1,-1, -1,-1,2021,49.0,1,1,0,2,0,1,5,,4,AVENUE DE LA PAQUELAIS,0,,2,2,2,1,1,0,1,, -1,1,0,3,50,15,12,5,44,44114,2,1,0,2,AVENUE DE LA PAQUELAIS,47.24723,-1.60221,18,2,2
202100053412,106Â 250,B01,1,1,1,5,1,0,-1,-1, -1,-1,2021,66.0,1,2,0,2,4,1,1,,1,AUTOROUTE A86,0,,1,2,0,1,50,970,1,, -1,2,1,1,70,28,1,1,94,94034,1,1,1,4,AUTOROUTE A86,48.7577,2.3279,13,3,3
202100013887,176Â 874,A01,1,1,1,9,2,0,-1,0,0,-1,2021,55.0,2,1,0,2,7,3,1,,4,PORTE DE CHATILLON,0,,1,3,0,1,6,400,1,, -1,1,0,1,70,9,10,1,75,75114,2,4,0,7,PORTE DE CHATILLON,48.823131,2.31157,11,1,1
202100021148,163Â 860,A01,1,1,1,5,2,4,6,0,0,-1,2021,49.0,1,1,0,2,4,1,1,,3,129,0,D,2,2,0,1,9,160,4,, -1,1,0,1,80,4,9,1,26,26308,1,1,0,1,Route de Sainte-Croix,44.831872,5.281792,14,2,2
202100026680,154Â 017,B01,1,1,2,1,2,5,-1,0,0,-1,2021,49.0,1,1,0,2,1,16,1,,4,RUE DE ROME,0,,2,3,2,1,(1),(1),1,, -1,2,6,1,50,27,7,1,75,75117,2,2,1,3,RUE DE ROME,48.884009,2.31851,14,2,2
202100026382,154Â 538,A01,1,1,1,5,0,-1,-1,0,0,-1,2021,21.0,1,1,0,2,8,9,0,,4,,-1,,2,2,0,1,(1),(1),1,,4,1,5,1,50,30,7,1,85,85128,2,6,0,3,Avenue Michel Rambaud,46.460185,-1.169266,16,3,2
202100033054,142Â 659,B01,1,1,1,0,2,-1,-1,-1, -1,-1,2021,65.0,1,1,0,2,1,1,1,,4,PCE MARTYRS DE LA RESISTANCE,0,,2,2,0,1,(1),(1),2,, -1,2,0,1,50,22,6,5,33,33063,2,1,1,1,Place Martyrs de la RÃ©sistance,44.84214,-0.58511,1,2,2
202100028764,150Â 309,A01,1,1,1,5,1,-1,-1,0,0,-1,2021,20.0,1,2,2,0,2,26,1,,3,12,0,,2,2,0,2,2,250,3,, -1,1,0,8,80,16,7,3,83,83023,1,1,0,6,D12 pk 3,43.396769,6.08938,23,3,1
202100003258,195Â 941,A01,1,1,1,5,2,6,-1,0,0,-1,2021,56.0,1,1,0,2,7,3,1,,4,PORTE DE LA CHAPELLE,0,,1,4,0,1,23,500,1,, -1,1,0,1,70,11,12,5,75,75118,2,1,0,5,PORTE DE LA CHAPELLE,48.900695,2.365705,16,6,3
202100014426,175Â 911,B01,1,1,1,5,2,0,-1,-1, -1,-1,2021,24.0,1,1,0,2,4,3,1,,4,TASSIGNY(AVE DU MARECHAL DE LATTRE DE),0,,1,3,0,1,0,0,1,, -1,1,0,1,50,7,10,1,94,94028,2,1,0,2,TASSIGNY(AVE DU MARECHAL DE LATTRE DE),48.80103,2.45502,16,3,3
202100004865,193Â 095,A01,7,2,2,5,8,-1,-1,0,0,-1,2021,20.0,2,2,2,0,3,1,1,,3,958,-1,,2,2,0,2,15,(1),1,, -1,2,0,3,50,5,12,3,54,54200,2,1,1,6,Rue de Voissogne,48.87586,5.84993,2,6,1
202100034884,139Â 363,A01,1,1,1,5,2,-1,-1,0,0,-1,2021,44.0,1,1,5,0,1,14,1,,3,983,-1,,2,2,0,1,4,250,3,, -1,1,0,1,80,12,6,2,95,95024,1,6,0,6,RD 983,49.091405,1.795363,21,1,1
202100019427,166Â 910,B01,1,1,1,4,1,-1,-1,0,0,-1,2021,48.0,1,5,0,2,3,1,1,,3,6009,-1,,2,2,0,1,29,100,1,, -1,1,0,1,80,10,9,3,11,11379,1,1,0,1,D 6009,43.046131,2.9653,4,2,2
202100028078,151Â 520,A01,1,1,2,0,8,0,-1,-1, -1,-1,2021,20.0,2,2,3,0,0,21,1,,2,RN 104,0,,1,3,0,1,33,0,1,, -1,1,0,1,90,20,7,1,91,91553,1,1,0,6,RN 104,48.6261,2.4739,15,1,1
202100021023,164Â 085,B01,1,1,2,0,1,0,-1,-1, -1,-1,2021,32.0,1,2,0,2,2,1,1,,3,SAINT CHARLES (ROCADE),0,,1,2,0,1,0,0,2,, -1,1,0,1,50,2,9,1,66,66136,1,6,0,3,euro-mÃ©diterranÃ©e,42.67009,2.85844,10,2,2
202100011386,181Â 369,B01,1,1,2,1,1,5,-1,0,0,-1,2021,26.0,1,2,0,2,1,1,1,,4,SAINT JEAN DU PIN,0,,2,2,0,2,0,0,1,, -1,1,0,1,30,23,10,5,30,30007,2,1,0,1,SAINT JEAN DU PIN,44.1231,4.0608,4,2,2
202100027797,152Â 027,A01,1,1,1,0,1,-1,-1,0,0,-1,2021,23.0,3,2,0,2,1,1,1,,4,0,0,X,2,2,0,2,(1),(1),3,,"5,5",1,0,1,80,21,7,1,63,63163,1,1,1,1,Lieu Dit Say,45.762868,2.798016,17,2,2
202100021532,163Â 154,A01,1,1,1,1,1,-1,-1,0,0,-1,2021,19.0,1,2,13,2,3,13,1,,2,202,0,,2,2,0,2,40,900,3,, -1,1,0,1,80,2,9,1,4,4174,1,1,0,1,RN 202,43.959577,6.715629,7,2,2
202100041972,126Â 596,B01,1,1,1,0,2,-1,-1,0,0,-1,2021,29.0,1,1,0,2,1,17,1,,2,7,-1,,2,2,0,1,(1),(1),1,, -1,1,0,1,50,30,4,1,978,97801,1,1,0,3,Rn7 - grand case,18.099768,-63.05809,9,2,2
202100024213,158Â 394,A01,1,1,2,0,1,-1,-1,0,0,-1,2021,63.0,2,2,10,0,2,1,1,,3,117,-1,,2,2,0,1,48,950,2,, -1,1,0,1,80,14,8,1,9,9269,1,1,0,6,RD 117 pk48+950,42.99124,1.544999,13,1,1
202100036349,136Â 725,A01,1,1,1,5,2,6,-1,0,0,-1,2021,19.0,1,1,0,0,7,1,1,,3,125,0,,2,2,0,2,25,0,3,, -1,1,0,1,50,6,6,1,60,60330,1,1,0,7,RD 125,49.274917,2.172847,15,1,1
202100053173,106Â 688,A01,1,1,2,1,1,0,-1,-1, -1,-1,2021,40.0,1,2,0,2,5,1,1,,7,AVENUE DE FONT BRUN,0,,3,2,0,2,44,50,1,, -1,1,9,1,50,29,1,5,83,83034,2,1,0,2,AVENUE DE FONT BRUN,43.0849664566,6.1081310594,21,2,2
202100025546,156Â 010,B01,1,1,1,5,2,-1,-1,0,0,-1,2021,66.0,1,1,0,2,1,0,5,,3,122,0,A,2,2,0,3,(1),(1),3,, -1,1,0,1,80,6,8,1,971,97102,1,4,1,5,carrefour D122 - route Anse Maurice,16.47681,-61.501765,7,3,3
202100039263,131Â 424,A01,1,1,1,9,8,5,-1,-1, -1,-1,2021,38.0,1,5,1,0,2,1,1,,3,JEAN JAURES (AVENUE),0,,3,2,0,1,0,0,1,, -1,2,0,1,50,19,5,1,91,91421,2,1,1,6,JEAN JAURES (AVENUE),48.71763,2.44542,9,1,1
202100020426,165Â 131,B01,1,1,1,1,1,-1,-1,0,0,-1,2021,41.0,3,2,0,2,3,1,1,,3,795,-1,,2,2,1,2,(1),(1),3,, -1,1,0,1,70,8,9,2,22,22118,1,1,0,1,RD 795,48.460003,-2.017493,5,4,2
202100043038,124Â 744,B01,1,1,2,9,1,8,-1,0,0,-1,2021,31.0,3,2,8,0,3,13,1,,4,D 64,0,,-1,1,0,2,(1),(1),2,, -1,1,0,8,50,22,4,1,27,27562,2,1,0,6,Rue Georges Hermand,49.0962172399,1.432894663,16,1,1
202100022375,161Â 653,A01,1,1,1,5,2,6,-1,0,0,-1,2021,46.0,1,1,0,0,7,1,1,,3,191,-1,,2,2,0,2,71,500,4,, -1,1,0,1,30,27,8,1,78,78398,2,1,0,6,D191,48.755029,1.832233,17,2,1
202100052342,108Â 158,B01,1,1,2,4,1,-1,-1,0,0,-1,2021,27.0,1,5,0,2,2,1,1,,3,1091,0,,2,2,0,1,32,235,2,, -1,5,0,1,90,7,2,1,5,5079,1,1,1,1,D1091,44.979447,6.499851,9,2,2
202100020818,164Â 431,B01,1,1,1,0,1,0,-1,-1, -1,-1,2021,60.0,2,2,0,2,6,1,1,,1,AUTOROUTE A3,0,,3,4,0,1,5,300,3,, -1,1,0,1,90,5,9,1,93,93053,1,1,0,2,AUTOROUTE A3,48.88443,2.47035,8,3,2
202100013663,177Â 290,A01,1,1,1,5,2,6,-1,-1, -1,-1,2021,67.0,3,1,0,2,7,19,1,,4,DUNANT (RUE HENRI),0,,2,2,0,1,(1),(1),1,, -1,1,0,1,50,12,10,1,28,28134,2,2,0,3,DUNANT (RUE HENRI),48.7373326498,1.3870453835,17,3,2