Num_Acc,id_vehicule,num_veh,place,catu,sexe,trajet,secu1,secu2,secu3,locp,actp,etatp,year_acc,victim_age,senc,catv,obs,obsm,choc,manv,motor,occutc,catr,voie,v1,v2,circ,nbv,vosp,prof,pr,pr1,plan,lartpc,larrout,surf,infra,situ,vma,jour,mois,lum,dep,com,agg_,int,atm,col,adr,lat,long,hour,nb_victim,nb_vehicules
202100010866,182Â 303,A01,10,3,1,5,0,-1,-1,3,3,1,2021,8.0,3,2,0,1,3,1,1,,4,VAILLAT (RUE LEANDRE),0,,2,2,0,1,0,1,1,, -1,1,0,1,50,25,10,5,74,74012,2,1,0,3,VAILLAT (RUE LEANDRE),46.19063,6.23714,18,3,2
202100019009,167Â 658,Z01,10,3,2,5,0,-1,-1,4,3,1,2021,85.0,0,1,0,1,1,1,5,,4,RUE DE RIVOLI,0,,2,4,0,1,(1),(1),1,, -1,1,0,1,30,14,9,1,75,75104,2,2,0,6,RUE DE RIVOLI,48.85851,2.348218,17,2,1
202100046727,118Â 248,B01,1,1,1,3,8,-1,-1,-1, -1,-1,2021,22.0,2,1,0,2,1,1,5,,4,VITTON                              (CO),0,,2,4,2,1,(1),(1),1,, -1,1,0,1,50,23,3,1,69,69386,2,3,0,3,VITTON (CR),45.77008,4.85915,10,2,2
202100033116,142Â 560,A01,1,1,1,4,2,6,-1,0,0,-1,2021,49.0,1,1,0,0,9,1,1,,3,931,0,,2,2,0,2,38,800,1,, -1,1,0,1,50,14,6,2,32,32107,1,1,0,7,chemin de la terrasse,43.954134,0.351915,6,1,1
202100020323,165Â 309,B01,1,1,2,5,0,0,-1,0,0,-1,2021,18.0,3,1,0,2,8,19,3,,4,AVENUE DE LA GRANDE ARMEE,0,,1,1,0,1,(1),(1),1,, -1,1,0,1,30,7,9,5,75,75116,2,1,0,3,AVENUE DE LA GRANDE ARMEE,48.875803,2.288685,22,2,2
202100033511,141Â 877,A01,1,1,1,5,2,-1,-1,-1, -1,-1,2021,41.0,1,1,0,2,1,2,1,,1,ROCADE A 630,0,,3,6,0,2,12,911,2,, -1,2,3,1,70,18,6,4,33,33162,1,1,0,4,Rocade Nord Ouest A630,44.863736,-0.65498,23,3,3
202100017076,171Â 105,B01,1,1,2,1,2,0,-1,0,0,-1,2021,61.0,2,0,0,2,7,1,3,,4,RUE VERCINGETORIX,0,,2,3,1,2,(1),(1),1,, -1,1,0,5,30,23,9,1,75,75114,2,4,0,3,RUE VERCINGETORIX,48.8274472158,2.3050528765,9,2,2
202100010178,183Â 509,A01,10,3,2,1,0,-1,-1,2,3,1,2021,19.0,1,2,0,1,1,1,0,,3,BLANQUI (QU),0,,2,3,0,1,1,0,1,, -1,2,0,1,50,30,10,5,94,94002,2,1,1,6,Quai Blanqui,48.80157,2.41632,6,2,1
202100037593,134Â 464,B01,1,1,1,4,2,-1,-1,-1, -1,-1,2021,28.0,2,1,0,2,1,17,3,,4,RUE ESPRIT-DES-LOIS,0,,2,4,2,2,(1),(1),1,, -1,2,0,1,50,29,5,1,33,33063,2,1,1,3,Rue Esprit-des-Lois,44.843,-0.57326,16,2,2
202100027137,153Â 203,B01,1,1,1,5,2,-1,-1,0,0,-1,2021,71.0,0,1,0,2,4,2,5,,3,990,-1,,2,2,0,1,(1),(1),1,, -1,1,0,1,50,24,7,1,73,73298,2,1,0,3,D990 Route Porte de Tarentaise,45.661076,6.433235,9,2,2
202100007799,187Â 807,B01,1,1,1,1,2,8,-1,-1, -1,-1,2021,29.0,1,1,0,2,7,1,5,,4,BOLLARDIERE (RUE  GENERAL DE ),0,,1,1,0,4,(1),(1),1,, -1,1,5,1,30,15,11,1,56,56121,2,6,0,3,BOLLARDIERE (RUE  GENERAL DE ),47.75267,-3.3913,9,2,2
202100001796,198Â 588,A01,1,1,1,0,8,-1,-1,0,0,-1,2021,47.0,1,2,3,0,0,0,1,,3,8043,-1,D,2,2,0,1,11,500,2,, -1,1,0,8,80,28,11,1,8,8067,1,1,0,7,RD8043,49.614492,5.203743,10,1,1
202100036255,136Â 874,A01,10,3,1,5,0,-1,-1,3,3,2,2021,8.0,2,2,0,1,3,0,0,,4,ANDRE ZENATTI (AVENUE),0,,2,2,0,1,1,0,1,, -1,1,0,1,50,5,6,1,13,13208,2,1,0,1,ANDRE ZENATTI (AVENUE),43.246277,5.38821,17,2,1
202100027083,153Â 309,A01,1,1,1,4,2,6,-1,0,0,-1,2021,33.0,1,1,0,2,7,3,1,,4,ECHANGEUR MUETTE,0,,1,4,0,1,14,300,1,, -1,1,1,1,70,24,7,1,75,75116,2,1,0,3,ECHANGEUR MUETTE,48.8635,2.265922,9,2,2
202100033560,141Â 777,B01,1,1,1,5,1,0,-1,-1, -1,-1,2021,32.0,2,2,0,2,1,1,1,,4,JULIEN PANCHOT (AVENUE),0,,2,2,0,1,0,0,1,, -1,1,0,1,50,17,6,1,66,66136,2,1,0,3,JULIEN PANCHOT (AVENUE),42.68829,2.87486,18,3,2
202100046222,119Â 150,A01,1,1,1,0,2,-1,-1,-1, -1,-1,2021,22.0,3,1,0,2,8,2,1,,4,SALVADOR ALLENDE                    (AV),0,,2,2,0,1,(1),(1),1,, -1,1,0,1,50,28,3,1,69,69256,2,2,0,3,SALVADOR ALLENDE (AV),45.78075,4.92336,16,2,2
202100017518,170Â 309,A01,1,1,2,1,1,0,-1,-1, -1,-1,2021,27.0,3,2,8,2,2,15,1,,3,BARBUSSE (AVENUE HENRI) A30,0,,3,4,0,2,0,0,1,, -1,1,0,1,50,22,9,1,93,93008,2,9,0,3,BARBUSSE (AVENUE HENRI) A30,48.9084,2.42736,17,2,2
202100007202,188Â 880,B01,1,1,1,0,2,6,-1,-1, -1,-1,2021,63.0,1,1,0,2,1,1,1,,4,GASTON CAMBOT,0,,2,2,0,1,0,0,2,, -1,1,0,1,30,18,11,5,64,64284,2,6,0,3,GASTON CAMBOT,43.28951,-0.39282,18,2,2
202100013509,177Â 580,A01,1,1,1,5,2,6,-1,-1, -1,-1,2021,59.0,3,1,0,0,7,1,1,,4,GRENET (PONT),0,,2,4,0,4,0,0,3,, -1,8,2,1,30,13,10,1,64,64102,2,1,0,7,GRENET (PONT),43.497,-1.48272,14,1,1
202100037435,134Â 743,Z01,10,3,1,0,0,-1,-1,2,3,1,2021,26.0,2,2,0,1,0,1,0,,4,MADRAGUE DE MONTREDON (AVE DE LA) ,0,,2,2,0,1,0,0,1,, -1,1,0,1,50,30,5,5,13,13208,2,1,0,3,MADRAGUE DE MONTREDON (AVE DE LA) ,43.2363,5.36208,21,2,1
202100032290,144Â 042,A01,10,3,2,2,0,-1,-1,4,3,1,2021,11.0,0,2,0,1,1,1,0,,4,COLLET YVES (DE 27 ET 28 A FIN),0,,2,2,0,2,(1),(1),1,, -1,1,5,1,50,24,6,1,29,29019,2,3,0,6,Rue Yves Collet,48.39549,-4.47689,18,2,1
202100053467,106Â 145,A01,10,3,2,5,0,-1,-1,1,3,1,2021,89.0,1,2,0,1,6,20,1,,4,PAVILLONS (RUE DES),0,,1,1,0,1,0,0,1,, -1,2,0,1,50,27,1,1,14,14220,2,1,0,6,Rue des Pavillons,49.354147,0.087461,13,2,1
202100042351,125Â 922,A01,1,1,1,9,2,6,-1,0,0,-1,2021,43.0,3,1,0,2,2,17,1,,4,PLACE DE MEXICO,0,,1,2,0,1,(1),(1),1,, -1,1,0,1,50,25,4,2,75,75116,2,7,0,3,PLACE DE MEXICO,48.865382,2.283319,20,3,2
202100028533,150Â 716,A01,1,1,1,0,2,6,-1,0,0,-1,2021,55.0,0,1,0,2,3,26,0,,4,,-1,,2,2,0,1,(1),(1),1,,4,1,0,1,50,17,7,1,34,34079,2,3,0,3,Cours de la Chicane,43.625751,3.437337,17,2,2
202100028054,151Â 566,B01,1,1,1,1,2,-1,-1,0,0,-1,2021,30.0,2,1,0,2,1,17,1,,3,1005,0,A,2,2,0,3,32,500,2,, -1,1,0,1,80,21,7,1,74,74175,1,1,0,1,rd 1005,46.405086,6.734179,6,3,2
202100019026,167Â 630,B01,1,1,1,1,8,0,-1,-1, -1,-1,2021,44.0,1,0,0,2,2,1,0,,3,ARISTIDE BRIAND (BOULEVARD),0,,2,2,1,2,1,0,1,, -1,2,0,5,50,14,9,1,93,93048,2,2,1,3,Boulevard Aristide Briand / Rue des Epernons,48.86814,2.44673,7,2,2
202100035141,138Â 893,A01,1,1,2,0,8,-1,-1,0,0,-1,2021,25.0,1,2,0,0,2,14,1,,3,834,-1,,2,2,0,1,52,700,1,, -1,1,0,3,80,11,6,1,40,40111,1,1,0,7,D834,43.992907,-0.608582,14,1,1
202100005129,192Â 609,B01,1,1,1,3,8,0,-1,-1, -1,-1,2021,77.0,3,1,1,0,1,1,5,,3,986,0,,2,2,0,1,0,0,1,, -1,1,0,1,50,1,12,1,92,92025,2,1,0,3,AGENT SARRE (AV DE L'),48.924782,2.266399,12,2,2
202100028244,151Â 209,B01,1,1,1,1,2,-1,-1,0,0,-1,2021,19.0,2,1,0,2,1,1,1,,3,74,-1,,2,2,0,1,18,800,1,, -1,1,0,1,70,20,7,1,83,83115,2,3,0,1,Route du Plan de la Tour,43.327262,6.592934,15,2,2
202100026685,154Â 009,B01,1,1,1,1,8,0,-1,0,0,-1,2021,37.0,1,1,0,2,1,1,5,,4,AVENUE LEDRU ROLLIN,0,,2,2,0,1,(1),(1),1,, -1,1,0,1,50,28,7,1,75,75111,2,2,0,3,AVENUE LEDRU ROLLIN,48.853306,2.37732,19,2,2
202100012510,179Â 347,B01,1,1,1,5,2,-1,-1,0,0,-1,2021,75.0,2,1,0,2,1,1,5,,3,143,-1,,2,2,0,1,13,380,1,, -1,1,0,1,80,18,10,1,52,52538,1,1,0,2,RD143,47.986192,5.191302,15,2,2
202100016799,171Â 587,B01,1,1,2,5,1,0,-1,-1, -1,-1,2021,24.0,2,2,0,2,8,1,1,,4,PAOLI DU NR 21 AU 45 -BLD,0,,2,2,0,2,0,0,1,, -1,1,0,1,50,25,9,5,202,202033,2,2,0,3,PAOLI DU NR 21 AU 45 -BLD,42.69955,9.44979,1,3,2
202100025605,155Â 916,A01,1,1,1,3,1,8,-1,-1, -1,-1,2021,52.0,2,2,1,0,1,13,1,,4,PARMENTIER (RUE ANTOINE) 02 AU 108  -  0,0,,1,2,0,2,(1),(1),1,, -1,2,0,1,50,3,8,1,44,44184,2,1,1,6,PARMENTIER (RUE ANTOINE) 02 AU 108  -  0,47.26294,-2.22873,19,1,1
202100044818,121Â 604,B01,1,1,1,3,8,-1,-1,-1, -1,-1,2021,15.0,3,1,0,2,8,19,3,,6,SOISSONS (ROUTE DE),0,,-1,-1,0,1,(1),(1),1,, -1,1,0,1,20,7,4,1,51,51573,2,1,0,3,Route de Soissons,49.25412,3.97864,10,2,2
202100025466,156Â 144,B01,1,1,1,5,8,0,-1,-1, -1,-1,2021,30.0,1,1,0,2,1,1,3,,7,SAINT LOUP (BOULEVARD DE),0,,2,2,0,1,0,0,2,, -1,1,0,1,30,6,8,5,13,13211,2,1,0,1,SAINT LOUP (BOULEVARD DE),43.2834218429,5.4339307708,1,2,2
202100048805,114Â 531,A01,1,1,1,5,1,-1,-1,0,0,-1,2021,25.0,1,2,8,0,1,0,1,,3,D 100,-1,,2,2,0,1,(1),(1),1,, -1,1,0,4,50,6,3,5,59,59464,2,1,0,6,17 Rue Pasteur,50.190315,3.610811,1,1,1
202100007048,189Â 158,A01,1,1,2,5,1,0,-1,0,0,-1,2021,19.0,3,2,1,0,1,13,3,,4,AVENUE DE VERSAILLES,0,,2,2,0,1,(1),(1),1,, -1,1,0,1,30,20,11,5,75,75116,2,2,0,6,AVENUE DE VERSAILLES,48.845301,2.271591,7,1,1
202100056096,101Â 612,B01,1,1,2,9,1,-1,-1,0,0,-1,2021,58.0,0,2,0,2,3,16,1,,3,13,-1,,2,2,0,2,48,953,4,, -1,1,0,1,80,6,1,1,34,34308,1,1,0,1,lieu dit les quintes,43.634809,3.067841,15,2,2
202100039297,131Â 358,B01,1,1,1,5,1,-1,-1,-1, -1,-1,2021,33.0,2,2,0,2,1,1,1,,3,JUIN (BOULEVARD MARECHAL),0,,2,2,0,1,1,0,1,, -1,1,5,1,50,19,5,1,14,14118,2,2,0,3,D7,49.207150889,-0.3620209695,12,2,2
202100000196,201Â 392,A01,1,1,1,1,1,0,-1,-1, -1,-1,2021,40.0,2,2,3,0,1,1,1,,1,A7-Sens Lyon vers Marseille,0,,3,3,0,1,269,0,1,, -1,7,0,1,110,21,12,3,13,13071,1,1,0,1,A7-Sens Lyon vers Marseille,43.406756,5.327824,5,1,1
202100020683,164Â 660,A01,1,1,2,5,0,-1,-1,-1, -1,-1,2021,73.0,3,1,0,2,0,1,0,,4,PRAIRIES (CHEMIN DES),0,,2,1,1,1,1,0,1,, -1,1,0,5,30,5,9,1,76,76026,1,9,0,3,PRAIRIES (CHEMIN DES),49.8765344824,1.1383992434,11,2,2
202100006963,189Â 319,A01,1,1,1,5,1,-1,-1,0,0,-1,2021,44.0,1,2,13,0,3,1,1,,3,514,0,,2,2,0,1,57,500,1,, -1,2,0,3,80,22,11,3,14,14172,1,1,0,6,D514,49.338008,-0.721321,1,1,1
202100016757,171Â 672,B01,1,1,2,1,1,0,-1,-1, -1,-1,2021,49.0,1,2,0,2,4,23,1,,1,A507 sens Marseille - Aubagne,0,,1,3,0,1,1,429,1,, -1,1,1,1,70,20,9,1,13,13055,1,1,0,4,A507 sens Marseille - Aubagne,43.33216,5.38634,8,3,3
202100016356,172Â 398,B01,1,1,2,5,2,0,-1,0,0,-1,2021,69.0,0,1,0,2,7,19,3,,4,RUE DE PATAY,0,,2,2,0,1,(1),(1),3,, -1,2,0,1,30,27,9,1,75,75113,2,2,0,3,RUE DE PATAY,48.827674,2.371382,11,2,2
202100006411,190Â 342,A01,10,3,2,3,8,8,-1,3,3,1,2021,73.0,1,2,0,1,2,15,1,,4,FORT DES BORDES (RUE DU ),0,,2,2,0,2,0,0,1,, -1,1,0,8,50,24,11,1,57,57463,2,1,0,6,FORT DES BORDES (RUE DU ),49.11437,6.22214,13,2,1
202100009354,184Â 985,B01,2,2,2,0,1,-1,-1,0,0,-1,2021,74.0,1,2,0,2,8,19,1,,3,220,0,,2,2,0,2,(1),(1),1,, -1,1,5,1,90,5,11,1,87,87003,1,2,0,3,lieu dit Ruffec,46.277059,1.39977,14,3,2
202100000942,200Â 066,A01,1,1,1,5,2,-1,-1,0,0,-1,2021,76.0,1,1,0,0,0,1,1,,3,54,0,E,2,2,0,2,1,200,3,, -1,1,0,3,70,30,12,1,69,69093,1,1,0,7,LES ARNAUDS,46.0378711922,4.4845676422,17,1,1
202100024123,158Â 542,B01,1,1,1,5,2,8,-1,0,0,-1,2021,14.0,2,1,0,2,1,1,1,,4,PASTEUR (RUE LOUIS),0,,2,1,0,2,(1),(1),1,, -1,1,0,1,50,13,8,1,71,71059,2,1,0,3,9 Rue Pasteur,46.8110335875,4.476336364,15,2,2
202100046896,117Â 949,B01,1,1,1,1,1,0,-1,-1, -1,-1,2021,43.0,1,2,0,2,4,2,1,,3,R D 900,0,,3,4,0,1,10,60,1,, -1,1,0,1,90,23,3,1,66,66136,1,1,0,2,R D 900,42.67334,2.86177,7,3,2
202100014819,175Â 215,A01,1,1,1,9,8,8,-1,-1, -1,-1,2021,28.0,3,1,0,2,8,1,0,,4,PASTEUR (RUE LOUIS),0,,1,1,0,1,(1),(1),3,, -1,1,0,1,50,6,10,1,7,7102,2,1,0,3,PASTEUR (RUE LOUIS),44.93282,4.88176,11,2,2
202100048644,114Â 804,A01,10,3,2,0,0,-1,-1,2,3,2,2021,8.0,3,2,0,1,2,0,1,,4,BERGER (RUE GILBERT),0,,2,4,0,1,0,0,1,, -1,1,0,8,50,3,1,5,93,93073,2,1,0,6,BERGER (RUE GILBERT),48.9501305805,2.577729324,17,2,1
202100038357,133Â 073,A01,1,1,1,5,8,-1,-1,-1, -1,-1,2021,28.0,0,2,6,0,2,14,1,,4,SAINT SAUVEUR (RUE),0,,1,1,0,2,0,0,1,, -1,2,0,4,50,24,5,1,50,50129,2,1,1,6,SAINT SAUVEUR (RUE),49.63212,-1.62742,19,1,1
202100054694,104Â 023,A01,10,3,2,0,0,-1,-1,4,3,1,2021,60.0,1,2,0,1,1,16,1,,3,PASTEUR (BD),0,,2,2,0,1,1,0,3,, -1,2,0,1,20,17,1,1,94,94034,2,1,1,6,PASTEUR (BD),48.7572,2.32624,12,2,1
202100020793,164Â 479,A01,1,1,1,0,1,-1,-1,0,0,-1,2021,21.0,1,2,14,0,1,0,1,,3,377,0,,2,2,0,1,1,555,2,, -1,1,0,8,80,6,9,3,89,89085,1,1,0,6,RD 377,47.945267,3.500343,4,2,1
202100014436,175Â 894,B01,1,1,1,0,2,6,-1,-1, -1,-1,2021,24.0,-1,1,0,2,2,17,1,,3,STALINGRAD AV.,0,,2,2,0,1,1,0,1,, -1,1,5,1,50,8,10,1,93,93006,2,2,0,3,STALINGRAD AV.,48.8711365121,2.4311127652,9,2,2
202100045903,119Â 704,A01,1,1,1,5,2,0,-1,-1, -1,-1,2021,18.0,2,1,0,2,1,15,1,,3,DE GAULLE (AV DU GENERAL) 58/49 - FIN,0,,2,2,0,1,1,1,1,, -1,1,0,8,50,3,1,1,93,93064,2,9,0,3,DE GAULLE (AV DU GENERAL) 58/49 - FIN,48.8775382359,2.481194401,14,2,2
202100039195,131Â 564,B01,1,1,2,9,1,-1,-1,0,0,-1,2021,30.0,2,2,0,2,4,15,1,,3,619,0,,2,2,0,4,9,600,1,, -1,1,0,1,90,20,5,1,10,10334,1,1,0,2,619,48.496232,3.534572,8,4,2
202100010241,183Â 404,B01,2,2,1,0,1,0,-1,-1, -1,-1,2021,20.0,2,2,0,2,1,0,1,,1,A7-Sens Marseille vers Lyon,0,,1,3,0,1,265,0,1,, -1,1,0,1,90,29,10,1,13,13071,1,1,0,2,A7-Sens Marseille vers Lyon,43.41254,5.281375,18,6,3
202100047169,117Â 455,B01,1,1,1,5,2,6,-1,0,0,-1,2021,17.0,1,1,0,2,1,1,1,,3,,-1,,2,-1,-1,1,(1),(1),1,, -1,1,0,1,-1,20,3,2,85,85090,2,3,0,3,Rue Amiral Alquier,46.83318,-0.859669,18,2,2
202100053246,106Â 552,A01,10,3,2,9,0,-1,-1,2,3,1,2021,58.0,1,2,0,1,1,1,1,,4,BOULEVARD RASPAIL,0,,2,4,0,1,(1),(1),1,, -1,2,0,1,50,29,1,5,75,75114,2,4,0,6,BOULEVARD RASPAIL,48.840589,2.330139,18,2,1
202100018175,169Â 123,A01,1,1,1,4,1,0,-1,0,0,-1,2021,45.0,1,5,6,0,0,1,1,,4,RUE WATT,0,,2,2,0,1,(1),(1),1,, -1,1,1,1,30,18,9,1,75,75113,2,1,0,6,RUE WATT,48.827365,2.380796,16,1,1
202100032908,142Â 938,B01,1,1,1,5,2,6,-1,0,0,-1,2021,65.0,1,1,1,2,3,1,1,,4,RUE DE LA PETITE PIERRE,0,,1,1,0,1,(1),(1),1,, -1,2,0,1,30,22,6,1,75,75111,2,1,0,3,RUE DE LA PETITE PIERRE,48.867536,2.370364,15,2,2
202100018995,167Â 680,A01,10,3,2,1,0,-1,-1,3,3,1,2021,59.0,2,2,0,1,2,1,1,,4,BOULEVARD GARIBALDI,0,,3,2,0,1,(1),(1),1,, -1,2,0,1,30,14,9,1,75,75115,2,3,1,6,BOULEVARD GARIBALDI,48.8478,2.3025,9,2,1
202100008564,186Â 427,A01,1,1,1,0,1,-1,-1,0,0,-1,2021,21.0,1,2,2,0,0,0,1,,3,8,-1,,2,2,0,2,17,510,1,, -1,1,0,3,80,12,11,4,1,1185,1,1,0,7,D8,45.9250304762,5.6130239367,1,1,1
202100009494,184Â 739,A01,1,1,2,9,1,-1,-1,0,0,-1,2021,24.0,2,2,2,0,3,1,1,,3,130,0,D,2,2,0,1,44,57,1,, -1,2,0,3,80,4,11,2,62,62295,1,1,1,6,D130,50.596478,2.25666,16,1,1
202100024275,158Â 279,A01,10,3,1,5,0,-1,-1,1,8,1,2021,49.0,1,2,0,1,3,1,1,,4,MOULIN (RUE JEAN),0,,1,2,0,2,(1),(1),1,, -1,1,0,1,50,12,8,1,41,41018,2,1,0,6,MOULIN (RUE JEAN),47.58687,1.32703,16,2,1
202100038377,133Â 042,B01,5,2,2,2,1,0,-1,-1, -1,-1,2021,11.0,2,2,0,2,0,1,1,,7,CORNEBARRIEU (ROUTE DE),0,,-1,2,0,1,15,696,1,, -1,1,0,1,50,19,5,1,31,31149,2,1,0,1,CORNEBARRIEU (ROUTE DE),43.62727,1.3315,11,4,2
202100046886,117Â 965,B01,1,1,2,1,1,0,-1,-1, -1,-1,2021,42.0,2,2,0,2,1,9,1,,3,D301e2.gare thomery giratoire duchatel,0,,2,2,0,1,3,280,1,, -1,1,0,1,70,22,3,1,77,77186,1,9,0,5,D301e2.gare thomery giratoire duchatel,48.3948,2.76064,17,3,3
202100011599,180Â 994,B01,1,1,1,1,2,6,-1,-1, -1,-1,2021,52.0,2,1,0,2,7,2,1,,4,CHALOTAIS (RUE DE LA),0,,2,2,0,1,(1),(1),1,, -1,1,0,1,30,22,10,1,35,35051,2,1,0,3,CHALOTAIS (RUE DE LA),48.12276,-1.60214,16,2,2
202100031106,146Â 139,A01,2,2,1,5,1,0,-1,-1, -1,-1,2021,22.0,1,2,0,2,1,1,1,,4,DE GAULLE (AVENUE DU GENERAL),0,,2,2,0,1,(1),(1),1,, -1,1,0,1,50,30,6,1,37,37261,2,3,0,2,DE GAULLE (AVENUE DU GENERAL),47.3812454798,0.7019555569,17,3,2
202100022058,162Â 199,B01,1,1,1,4,2,-1,-1,-1, -1,-1,2021,20.0,2,1,0,2,1,1,1,,4,GENERAL GIRAUD (DU)                 (CO),0,,2,2,2,2,(1),(1),3,, -1,1,0,1,50,29,8,5,69,69381,2,4,0,3,GENERAL GIRAUD (DU) (CR),45.76952,4.82402,1,2,2
202100015979,173Â 105,A01,1,1,1,1,1,-1,-1,0,0,-1,2021,62.0,2,2,0,2,1,1,1,,2,2,0,N,2,2,0,2,14,700,2,, -1,1,0,1,70,29,9,2,972,97204,1,1,0,1,nationale 2 - Route de Choisy,14.693939,-61.165545,5,2,2
202100003096,196Â 229,A01,10,3,1,2,0,-1,-1,4,3,1,2021,10.0,1,2,0,1,2,1,1,,4,LOUIS PASTEUR (QUAI),0,,2,5,3,1,0,0,1,, -1,2,5,1,50,10,12,2,67,67482,2,1,1,6,LOUIS PASTEUR (QUAI),48.57455,7.73812,16,2,1
202100028259,151Â 180,B01,1,1,1,5,2,6,-1,-1, -1,-1,2021,24.0,1,1,0,2,1,1,1,,1,10,0,,1,3,0,1,3,200,1,, -1,1,0,1,90,19,7,1,91,91377,1,1,0,2,AUTOROUTE A10,48.7229811815,2.2972054481,11,2,2
202100055810,102Â 108,B01,1,1,1,4,1,0,-1,-1, -1,-1,2021,36.0,1,2,0,2,3,1,1,,4,PERCHE (DE LA) (BD),0,,2,2,0,1,(1),(1),1,, -1,1,0,1,50,7,1,1,17,17306,2,1,0,1,PERCHE (DE LA) (BD),45.63011,-1.04705,11,2,2
202100036630,136Â 232,B01,1,1,1,5,1,0,-1,-1, -1,-1,2021,24.0,3,2,0,2,3,16,1,,4,PLOMBIERES (BOULEVARD DES),0,,3,4,0,1,(1),(1),1,, -1,1,2,1,50,4,6,5,13,13203,2,9,0,3,PLOMBIERES (BOULEVARD DES),43.3189,5.37887,1,3,2
202100006893,189Â 449,B01,1,1,1,0,2,0,-1,-1, -1,-1,2021,51.0,1,1,0,2,8,1,1,,1,AUTOROUTE A6,0,,1,3,0,1,33,500,1,, -1,1,0,1,110,22,11,1,91,91179,1,1,0,3,AUTOROUTE A6,48.56573,2.47504,8,2,2
202100056486,100Â 933,A01,1,1,1,0,1,0,-1,-1, -1,-1,2021,81.0,2,2,0,2,1,1,1,,1,13,0,,3,6,0,1,6,300,1,, -1,1,0,1,110,1,1,1,92,92047,1,1,0,4,A13,48.83577,2.18069,18,7,3
202100051468,109Â 702,A01,1,1,2,5,1,-1,-1,0,0,-1,2021,67.0,2,2,0,2,3,1,1,,3,922,0,,2,2,0,1,20,205,3,, -1,2,0,1,80,16,2,1,34,34252,1,1,1,1,d922,43.66207,3.100124,12,2,2
202100024004,158Â 733,A01,1,1,1,3,8,-1,-1,-1, -1,-1,2021,86.0,1,2,0,2,3,16,1,,4,LAURENT BONNEVAY    (Boulevard),0,,2,4,0,1,(1),(1),1,, -1,1,0,1,70,14,8,1,69,69266,2,3,0,3,LAURENT BONNEVAY (BD),45.78763,4.88126,18,3,2
202100026972,153Â 500,B01,1,1,1,5,2,-1,-1,0,0,-1,2021,59.0,1,1,0,2,3,1,1,,3,4,0,D,2,2,0,1,40,200,4,, -1,1,0,1,80,27,7,1,201,201262,1,1,0,3,D4,42.133781,8.853457,12,2,2
202100022064,162Â 188,A01,10,3,2,3,0,-1,-1,3,3,1,2021,88.0,2,2,0,1,3,1,1,,4,TEYSSIER (AV DU COLONEL),0,,2,2,0,1,(1),0,1,, -1,1,0,1,50,28,8,1,81,81004,2,1,0,6,TEYSSIER (AV DU COLONEL),43.92505,2.1503,17,2,1
202100040179,129Â 780,A01,1,1,2,5,8,0,-1,-1, -1,-1,2021,24.0,1,2,0,4,1,26,1,,4,PLESSE LIEU DIT LA,0,,-1,2,0,1,(1),0,1,, -1,1,0,1,50,11,5,1,49,49015,2,1,0,7,PLESSE LIEU DIT LA,47.49497,-0.61897,19,1,1
202100013325,177Â 929,B01,1,1,1,0,2,6,-1,-1, -1,-1,2021,34.0,1,1,0,2,4,2,1,,4,JEAN JAURES (R),0,,2,2,0,1,1,0,1,, -1,1,0,1,50,13,10,1,94,94079,2,1,0,2,Rue Jean JaurÃ¨s,48.827,2.533,8,2,2
202100009965,183Â 887,A01,2,2,1,5,1,-1,-1,0,0,-1,2021,21.0,1,2,14,0,9,1,1,,3,948,0,D,3,4,0,1,11,422,1,, -1,2,0,2,110,31,10,3,85,85034,1,1,1,6,D948,46.627129,-1.161413,5,2,1
202100013525,177Â 551,A01,1,1,1,4,2,6,-1,-1, -1,-1,2021,19.0,2,1,0,2,2,2,1,,4,FAUBOURG BANNIER (RUE DU ),0,,2,2,0,1,(1),(1),1,, -1,1,0,1,50,13,10,5,45,45234,2,2,0,3,Rue du Faubourg Bannier,47.9089346854,1.9009537697,19,2,2
202100051031,110Â 454,A01,10,3,1,2,0,-1,-1,3,3,1,2021,11.0,0,2,0,1,1,1,1,,4,PARIS (RUE DE),0,,-1,2,0,3,0,0,1,, -1,2,0,1,50,15,2,1,80,80021,2,1,1,3,PARIS (RUE DE),49.88782,2.28923,17,2,1
202100037645,134Â 367,A01,1,1,1,0,0,-1,-1,0,0,-1,2021,20.0,0,2,1,0,1,5,1,,3,6,0,D,2,1,0,1,0,1,3,, -1,1,0,3,50,30,5,2,69,69280,2,1,0,7,D6,45.801066,5.087984,6,1,1
202100043753,123Â 477,B01,2,2,1,9,1,0,-1,-1, -1,-1,2021,30.0,1,2,0,2,1,11,1,,3,,0,,2,2,0,1,1,0,1,, -1,1,0,1,50,16,4,1,71,71040,1,9,0,3,LE BRULARD (LIEU DIT),46.70963,4.41811,15,3,2
202100015059,174Â 790,A01,1,1,1,5,1,8,-1,-1, -1,-1,2021,24.0,2,2,12,0,2,14,1,,4,ALOUETTE (AVENUE),0,,2,2,0,2,(1),(1),3,, -1,2,0,1,50,3,10,1,37,37261,2,1,1,7,ALOUETTE (AVENUE),47.3625860282,0.6959813382,12,1,1
202100037784,134Â 122,B01,1,1,1,5,2,6,-1,-1, -1,-1,2021,15.0,1,1,0,2,8,7,1,,4,ORLEANS (RUE D'),0,,1,2,3,1,0,0,1,, -1,1,0,6,50,27,5,1,49,49328,2,1,0,3,ORLEANS (RUE D'),47.259143,-0.079105,17,2,2