Num_Acc,id_vehicule,num_veh,place,catu,sexe,trajet,secu1,secu2,secu3,locp,actp,etatp,year_acc,victim_age,senc,catv,obs,obsm,choc,manv,motor,occutc,catr,voie,v1,v2,circ,nbv,vosp,prof,pr,pr1,plan,lartpc,larrout,surf,infra,situ,vma,jour,mois,lum,dep,com,agg_,int,atm,col,adr,lat,long,hour,nb_victim,nb_vehicules
202100041443,127Â 524,B01,1,1,2,5,1,-1,-1,0,0,-1,2021,25.0,2,2,0,2,1,1,1,,2,6,-1,,3,2,0,1,(1),(1),3,, -1,1,9,8,80,4,5,3,972,97207,1,1,0,1,RN 6 - Bois rouge,14.602605,-60.964057,20,2,2
202100015452,174Â 086,B01,1,1,1,3,1,-1,-1,-1,0,-1,2021,41.0,1,2,0,2,4,1,1,,1,AUTOROUTE A15,0,,3,4,0,1,23,500,1,, -1,2,0,1,90,2,10,1,95,95500,1,1,1,2,A15,49.0377548777,2.0892307029,18,2,2
202100026094,155Â 049,A01,1,1,1,5,1,0,-1,-1, -1,-1,2021,26.0,1,2,3,0,1,1,1,,1,A50-Sens Marseille vers Aubagne,0,,1,3,0,1,0,899,1,, -1,1,0,1,90,30,7,2,13,13210,1,1,0,1,A50-Sens Marseille vers Aubagne,43.28416,5.4045,5,1,1
202100008650,186Â 285,A01,1,1,1,1,1,-1,-1,0,0,-1,2021,49.0,2,2,0,0,9,12,1,,1,29,-1,,3,4,0,1,33,400,3,, -1,1,0,2,130,10,11,3,76,76239,1,1,0,7,A29,49.5436967228,0.3296662404,20,1,1
202100005836,191Â 361,A01,2,2,2,0,1,0,-1,-1, -1,-1,2021,19.0,1,2,0,2,4,2,1,,1,A50-Sens Marseille vers Aubagne,0,,1,3,0,1,6,0,1,, -1,1,0,2,90,27,11,1,13,13211,1,1,0,2,A50-Sens Marseille vers Aubagne,43.2947808399,5.4640638827,16,3,2
202100044984,121Â 322,A01,1,1,1,1,2,6,-1,-1, -1,-1,2021,49.0,3,1,14,0,1,14,1,,4,FRANCE ANATOLE (BOULEVARD) NR AUTRES,0,,-1,5,0,2,0,1,1,, -1,1,5,1,50,6,4,1,93,93066,2,1,0,3,FRANCE ANATOLE (BOULEVARD) NR AUTRES,48.9225051728,2.3471454112,9,2,2
202100035156,138Â 867,A01,2,2,2,5,8,-1,-1,0,0,-1,2021,59.0,1,2,16,0,1,1,1,,3,117,0,,2,2,0,1,2,400,2,, -1,1,0,3,80,12,6,1,37,37126,1,1,0,7,,47.1347157071,0.1116969594,6,2,1
202100045234,120Â 868,A01,10,3,1,0,0,-1,-1,4,3,1,2021,82.0,1,2,0,1,1,1,1,,4,LOUIS BONNEFON (PLACE),0,,2,4,0,1,(1),(1),1,, -1,1,0,1,50,30,3,1,13,13208,2,1,0,6,LOUIS BONNEFON (PLACE),43.2542129676,5.3824156523,11,2,1
202100050141,112Â 097,B01,1,1,1,0,1,0,-1,-1, -1,-1,2021,33.0,3,2,0,2,3,1,1,,3,MONTAGNE (ROUTE DE LA),0,,2,2,0,2,4,600,2,, -1,1,0,1,50,24,2,3,974,97411,1,1,0,1,MONTAGNE (ROUTE DE LA),-20.888076,55.43614,19,3,2
202100030117,147Â 944,B01,2,2,2,0,1,-1,-1,0,0,-1,2021,19.0,2,2,0,2,2,15,1,,3,132,0,D,2,2,0,1,(1),(1),1,, -1,1,5,1,50,9,7,1,59,59379,2,6,0,3,d 132,50.286799,3.239079,14,3,2
202100004559,193Â 626,A01,1,1,2,0,1,0,-1,-1, -1,-1,2021,25.0,1,2,1,0,2,17,1,,4,EUGENE MASSE RUE,0,,2,2,0,1,1,0,1,, -1,2,0,1,50,5,12,5,93,93046,2,1,1,2,EUGENE MASSE RUE,48.92523,2.54498,20,2,2
202100053030,106Â 933,A01,1,1,1,5,1,-1,-1,-1, -1,-1,2021,36.0,2,2,4,2,6,1,1,,7,383,0,,3,7,0,1,2,0,1,, -1,2,0,1,70,31,1,5,69,69256,1,1,0,2,RD383,45.7894452278,4.8854945036,18,2,2
202100050592,111Â 253,A01,10,3,2,0,0,-1,-1,3,3,1,2021,77.0,1,2,0,1,1,1,1,,4,LONDRES (RUE DE),0,,2,2,0,1,0,0,1,, -1,1,0,1,50,5,2,1,11,11262,2,6,0,7,LONDRES (RUE DE),43.17518,3.00357,10,2,1
202100025490,156Â 102,A01,1,1,2,3,1,0,-1,-1, -1,-1,2021,57.0,1,2,0,2,1,2,1,,3,DIVISION LECLERC (AV DE LA),0,,1,3,0,1,1,0,1,, -1,1,0,1,50,5,8,1,94,94034,2,6,0,2,Avenue de la Division Leclerc,48.75732,2.32978,13,2,2
202100050525,111Â 384,B01,1,1,1,5,2,6,-1,0,0,-1,2021,15.0,2,1,0,2,8,15,1,,3,26,0,,2,2,0,1,35,500,1,, -1,1,0,1,80,24,2,1,21,21177,1,4,0,3,D26,47.37476,4.40868,15,2,2
202100004024,194Â 547,A01,10,3,1,1,0,-1,-1,4,3,1,2021,39.0,3,2,0,1,1,15,1,,7,HIPPODROME AV DE L NÂ°134 AU 240,0,,2,2,1,1,(1),(1),1,, -1,2,9,1,50,3,12,5,59,59328,2,2,1,6,HIPPODROME AV DE L NÂ°134 AU 240,50.6391656453,3.0331331491,20,2,1
202100019066,167Â 562,B01,1,1,1,1,1,-1,-1,0,0,-1,2021,40.0,2,2,0,0,4,15,1,,3,911,0,D,2,2,0,1,21,637,1,, -1,1,0,1,80,10,9,1,17,17253,1,2,1,2,D911,46.020643,-0.845776,16,2,2
202100027720,152Â 165,A01,10,3,1,5,0,-1,-1,3,3,2,2021,5.0,2,2,0,1,1,16,0,,3,CLEMATITES (RUE DES),0,,2,2,0,1,10,881,1,, -1,1,0,1,50,21,7,1,64,64260,2,6,0,6,RUE DES CLEMATITES,43.3716,-1.77271,15,2,1
202100025480,156Â 121,B01,2,2,2,3,2,6,-1,0,0,-1,2021,45.0,1,1,0,2,5,23,1,,4,RUE JEAN OESTREICHER,0,,1,2,0,1,(1),(1),1,, -1,1,0,1,30,4,8,1,75,75117,2,1,0,2,RUE JEAN OESTREICHER,48.886656,2.28866,13,3,2
202100053095,106Â 824,A01,1,1,1,9,2,0,-1,-1, -1,-1,2021,54.0,2,1,14,0,3,13,1,,3,5,0,,3,3,0,1,(1),(1),1,, -1,2,5,1,50,30,1,5,94,94017,2,1,1,6,JEAN JAURES (R),48.81441,2.5083,19,1,1
202100026231,154Â 813,A01,1,1,1,5,0,-1,-1,0,0,-1,2021,21.0,1,2,2,0,1,14,1,,3,30,-1,,3,2,0,1,22,(1),1,, -1,1,0,1,90,1,8,3,3,3119,1,1,0,6,D30,46.70794,3.587732,0,1,1
202100045734,120Â 004,B01,1,1,1,1,2,0,-1,-1, -1,-1,2021,25.0,2,1,0,2,0,19,1,,3,BD ARISTIDE BRIAND,0,,2,2,0,1,0,0,1,, -1,1,0,1,50,31,3,1,91,91589,2,6,0,3,RUE DE CHAMPAGNE,48.68797,2.35781,7,2,2
202100007412,188Â 508,A01,1,1,1,9,0,-1,-1,0,0,-1,2021,69.0,2,2,2,0,1,26,1,,3,84,-1,D,2,2,0,2,2,850,1,, -1,1,0,8,80,20,11,1,73,73176,1,1,0,6,"D84, lieu-dit LES COMBETTAZ",45.612217,6.851424,7,1,1
202100031170,146Â 017,B01,1,1,1,5,8,0,-1,-1, -1,-1,2021,23.0,3,1,0,2,4,9,0,,4,DEPORTES DE LA RESISTANCE(AV),0,,2,2,0,1,0,0,1,, -1,1,0,1,50,1,7,2,13,13001,2,1,0,3,DEPORTES DE LA RESISTANCE(AV),43.52496,5.46034,20,2,2
202100005982,191Â 105,B01,1,1,1,0,1,0,-1,-1, -1,-1,2021,44.0,1,2,0,2,3,1,1,,7,VALENTINE (ROUTE DE LA),0,,2,2,0,1,0,0,1,, -1,1,0,1,50,26,11,2,13,13211,2,3,1,1,VALENTINE (ROUTE DE LA),43.2906,5.46333,6,2,2
202100027518,152Â 537,B01,1,1,1,0,2,6,-1,-1, -1,-1,2021,28.0,2,1,0,2,8,16,1,,7,SCHIRMECK (ROUTE DE),0,,2,3,0,1,(1),(1),1,, -1,1,0,1,50,15,7,2,67,67482,2,3,0,3,SCHIRMECK (ROUTE DE),48.5654,7.70712,21,3,2
202100010815,182Â 398,B01,1,1,1,1,8,-1,-1,0,0,-1,2021,25.0,1,5,0,2,1,1,1,,3,20,-1,,2,2,0,1,4,270,1,, -1,1,0,1,80,28,10,3,65,65147,1,1,0,1,RD 20,43.142575,0.228251,7,2,2
202100031934,144Â 663,A01,1,1,1,5,2,6,-1,0,0,-1,2021,57.0,1,1,13,2,8,13,1,,3,2202,-1,,2,2,0,2,49,0,3,, -1,1,0,1,80,29,6,1,4,4202,1,1,0,3,RD 2202,43.99777,6.776955,14,2,2
202100020842,164Â 388,A01,1,1,2,0,2,8,-1,-1,0,-1,2021,19.0,2,1,2,0,1,1,1,,4,PINAY (AVENUE ANTOINE),0,,2,2,0,1,(1),(1),2,, -1,1,0,3,50,5,9,5,59,59299,1,1,0,6,PINAY (AVENUE ANTOINE),50.655689,3.20497,2,1,1
202100036129,137Â 104,A01,1,1,1,1,1,-1,-1,0,0,-1,2021,62.0,2,2,13,0,2,1,1,,1,75,-1,,3,4,0,3,65,636,1,, -1,2,0,3,110,7,6,1,15,15119,1,1,1,6,a75,45.273003,3.213678,8,1,1
202100052529,107Â 822,B01,1,1,1,4,2,-1,-1,-1, -1,-1,2021,18.0,1,1,0,2,1,1,1,,4,BLANC  LOUIS  BD,0,,2,3,0,2,(1),(1),1,, -1,1,0,1,30,3,2,5,69,69264,2,2,0,3,LOUIS BLANC (BD),45.98945,4.72159,21,3,2
202100010392,183Â 138,A01,1,1,1,9,1,-1,-1,0,0,-1,2021,26.0,1,2,0,0,0,1,1,,3,32,0,D,2,2,0,1,5,800,3,, -1,2,0,3,90,29,10,3,41,41223,1,1,1,7,D32,47.613989,1.221757,19,1,1
202100013232,178Â 088,B01,1,1,1,5,2,8,-1,-1, -1,-1,2021,70.0,3,1,0,2,8,13,5,,3,D6015,0,,2,2,0,1,65,349,1,, -1,1,0,1,70,14,10,1,76,76382,1,1,0,3,D6015,49.5879204449,0.5361843109,8,2,2
202100025084,156Â 818,A01,1,1,1,0,2,6,-1,0,0,-1,2021,27.0,2,1,0,0,7,0,1,,3,514,0,,2,2,0,1,13,(1),1,, -1,1,0,1,50,6,8,1,14,14530,1,6,0,7,D514,49.240788,-0.269133,19,1,1
202100034358,140Â 323,A01,1,1,1,5,2,6,9,0,0,-1,2021,21.0,1,1,13,0,0,1,1,,3,D40,-1,,2,2,0,3,17,8,3,, -1,1,0,3,80,15,6,1,44,44153,1,9,0,6,La Basse Morinais,47.691977,-1.449578,20,1,1
202100051419,109Â 780,A01,1,1,2,0,1,8,-1,-1, -1,-1,2021,21.0,0,2,0,2,8,15,1,,4,DALBIEZ (AVENUE VICTOR),0,,2,2,0,1,(1),(1),1,, -1,1,0,1,50,13,2,1,66,66136,2,9,0,3,DALBIEZ (AVENUE VICTOR),42.6844650165,2.8820688995,18,3,2
202100012301,179Â 745,B01,1,1,2,0,1,-1,-1,0,0,-1,2021,35.0,2,2,7,0,7,1,1,,3,14,0,D,2,2,0,1,(1),(1),1,, -1,1,0,1,-1,19,10,1,74,74289,1,2,0,3,Route de Verlioz,45.910585,5.953957,11,2,2
202100053782,105Â 614,A01,7,2,1,5,0,-1,-1,0,0,-1,2021,32.0,1,2,3,0,7,1,1,,1,85,0,A,1,4,0,1,180,500,2,, -1,7,0,2,130,23,1,1,41,41185,1,9,1,2,autoroute A.85 PK 180+500,47.329277,1.717123,11,4,2
202100000237,201Â 303,B01,1,1,1,0,2,8,-1,-1, -1,-1,2021,34.0,1,1,0,2,1,13,1,,4,m'tsapere-MosquÃ©e Maevantana (ruelle ),0,,2,0,0,1,0,0,1,, -1,1,0,1,50,22,5,1,976,97611,2,1,0,3,m'tsapere-MosquÃ©e Maevantana (ruelle ),-12.79297,45.21734,16,3,2
202100020106,165Â 686,A01,1,1,1,1,8,0,-1,0,0,-1,2021,22.0,2,1,0,2,8,1,3,,4,BOULEVARD ARAGO,0,,2,4,1,2,(1),(1),1,, -1,1,0,1,30,8,9,1,75,75113,2,3,0,3,BOULEVARD ARAGO,48.835045,2.346365,9,2,2
202100022870,160Â 740,A01,1,1,1,5,1,-1,-1,0,0,-1,2021,27.0,1,2,0,2,2,1,1,,1,7,-1,,3,5,0,1,56,700,1,, -1,1,0,1,130,22,8,3,26,26179,1,1,0,3,Autoroute A7,45.053653,4.877321,22,6,2
202100013315,177Â 946,A01,1,1,1,1,2,6,-1,0,0,-1,2021,57.0,2,1,0,2,5,21,1,,4,QUAI HENRI IV,0,,1,2,0,1,(1),(1),1,, -1,1,0,1,50,14,10,1,75,75104,2,4,0,7,QUAI HENRI IV,48.847081,2.364986,11,1,1
202100038134,133Â 493,B01,1,1,2,0,1,0,-1,-1, -1,-1,2021,57.0,2,2,0,2,4,2,1,,1,AUTOROUTE A1,0,,3,6,0,1,6,400,1,, -1,1,0,1,90,27,5,1,93,93027,1,1,0,4,AUTOROUTE A1,48.9354,2.40218,10,4,4
202100026933,153Â 568,A01,1,1,2,0,1,0,-1,-1, -1,-1,2021,68.0,2,2,0,2,1,1,1,,1,A13 Y,0,,-1,2,0,1,22,0,1,, -1,1,0,1,110,27,7,1,78,78007,1,1,0,2,A13 Y,48.89576,2.00712,8,2,2
202100056264,101Â 325,A01,1,1,1,9,2,0,-1,-1, -1,-1,2021,24.0,1,1,0,2,8,1,1,,4,,0,,2,4,1,2,(1),(1),1,, -1,1,0,5,50,4,1,1,34,34172,2,1,0,3,TOULOUSE (AVENUE DE,43.5935179716,3.8599474115,14,2,2
202100017876,169Â 670,A01,1,1,2,5,1,0,-1,0,0,-1,2021,20.0,1,2,12,0,2,9,1,,4,VOIE GEORGES POMPIDOU,0,,1,1,0,2,(1),(1),1,, -1,1,0,1,50,18,9,5,75,75116,2,1,0,6,VOIE GEORGES POMPIDOU,48.8414190615,2.269205085,23,1,1
202100022783,160Â 877,B01,1,1,1,0,2,6,-1,0,0,-1,2021,32.0,1,1,0,2,0,0,1,,3,NAPOLEON COURS APRES BEVERINI,0,,2,4,0,1,0,0,3,, -1,1,4,1,50,23,8,5,201,201004,2,8,0,3,NAPOLEON COURS APRES BEVERINI,41.93215,8.74072,23,2,2
202100042739,125Â 241,B01,1,1,1,5,2,-1,-1,0,0,-1,2021,17.0,3,1,0,2,1,1,1,,3,8,-1,D,2,2,0,2,28,300,3,, -1,1,0,1,50,25,4,1,69,69066,2,3,0,3,CHAUFFAILLES (DE) (R),46.105509,4.327884,16,3,2
202100007521,188Â 311,B01,1,1,1,1,2,-1,-1,0,0,-1,2021,28.0,1,1,0,2,3,1,1,,3,420,-1,,2,2,0,2,35,800,1,, -1,1,0,1,-1,19,11,1,88,88398,1,1,0,1,RD 420 - PK 35  800,48.269655,6.824591,7,2,2
202100002902,196Â 582,B01,2,2,1,5,1,8,-1,-1, -1,-1,2021,69.0,3,2,0,2,4,23,2,,3,CONSTANCE (BOULEVARD DE ),0,,2,4,0,2,22,3,1,, -1,2,0,1,50,13,12,1,77,77186,2,1,0,2,D607,48.4021,2.68715,12,3,2
202100055754,102Â 204,A01,1,1,2,0,2,6,-1,0,0,-1,2021,43.0,2,1,0,2,7,17,1,,4,DEL PELLEGRINO RUE DOCTEUR FRANCOIS,0,,2,2,0,2,(1),(1),1,, -1,1,0,1,50,8,1,1,201,201004,2,1,0,3,DEL PELLEGRINO RUE DOCTEUR FRANCOIS,41.9290497287,8.7366653433,14,2,2
202100040607,129Â 030,A01,1,1,1,4,1,0,-1,-1, -1,-1,2021,30.0,2,2,0,2,1,0,1,,7,FOCH RUE DU MARECHAL,0,,3,2,3,1,(1),(1),1,, -1,1,0,1,50,9,5,5,59,59360,2,2,0,3,FOCH RUE DU MARECHAL,50.6141943193,3.0111041216,21,2,2
202100018142,169Â 187,C01,4,2,2,0,1,-1,-1,-1, -1,-1,2021,9.0,1,2,0,2,1,1,1,,4,FREVILLE (AVENUE HENRI),0,,1,2,0,1,(1),(1),1,, -1,1,5,1,50,18,9,2,35,35238,2,2,0,5,FREVILLE (AVENUE HENRI),48.0839,-1.67472,20,5,3
202100001037,199Â 914,A01,10,3,1,5,0,-1,-1,4,5,2,2021,40.0,1,2,0,1,3,1,1,,3,DE GAULLE (AV DU GENERAL) NÂ° PAIRS,0,,2,4,0,2,1,0,1,, -1,1,0,1,50,13,12,1,18,18033,2,2,0,3,DE GAULLE (AV DU GENERAL) NÂ° PAIRS,47.09977,2.40699,12,2,1
202100001569,199Â 007,B01,1,1,2,0,1,8,-1,-1, -1,-1,2021,38.0,1,2,0,2,3,1,1,,4,REPUBLIQUE (BD DE LA),0,,2,2,0,1,(1),(1),1,, -1,1,0,1,50,23,12,1,973,97302,2,1,0,1,REPUBLIQUE (BD DE LA),4.93762,-52.32416,12,3,2
202100044366,122Â 367,A01,1,1,1,9,8,0,-1,-1, -1,-1,2021,96.0,1,2,0,2,2,15,1,,4,JOHN KENNEDY (BOULEVARD),0,,3,5,0,2,(1),(1),2,, -1,1,0,1,50,10,4,1,21,21231,2,4,0,3,JOHN KENNEDY (BOULEVARD),47.3085488733,5.0308429576,12,2,2
202100019737,166Â 367,B01,1,1,1,3,1,0,-1,-1, -1,-1,2021,52.0,1,2,0,2,4,2,2,,3,LOUIS BLANC (AV),0,,2,2,0,1,1,0,1,, -1,1,0,1,30,10,9,1,94,94068,2,3,0,2,LOUIS BLANC (AV),48.79028,2.49599,10,2,2
202100017786,169Â 824,A01,1,1,2,0,8,0,-1,-1, -1,-1,2021,22.0,2,2,0,0,3,16,1,,4,DE GAULLE (BD DU GENERAL),0,,2,0,0,1,(1),(1),3,, -1,1,5,1,50,21,7,5,78,78172,2,1,0,7,DE GAULLE (BD DU GENERAL),49.007054,2.121254,2,1,1
202100014229,176Â 255,B01,1,1,2,9,1,0,-1,-1, -1,-1,2021,34.0,-1,2,0,2,8,14,1,,3,ROBERT SCHUMAN (CARREFOUR),0,,1,1,1,1,0,1,3,, -1,1,0,1,50,8,10,1,93,93005,2,1,0,5,ROBERT SCHUMAN (CARREFOUR),48.94832,2.51688,15,3,3
202100027689,152Â 222,A01,1,1,1,9,2,-1,-1,-1, -1,-1,2021,27.0,1,1,0,2,7,1,1,,4,STE ANNE DE BARABAN                 (R ),0,,1,1,0,2,(1),(1),1,, -1,1,0,1,50,21,7,1,69,69383,2,2,0,3,SAINTE ANNE DE BARABAN (R),45.75825,4.87351,20,2,2
202100014692,175Â 451,A01,1,1,1,1,2,6,9,0,0,-1,2021,20.0,2,1,0,6,1,2,1,,3,86,-1,,2,2,0,1,17,376,1,, -1,1,0,1,80,7,10,3,44,44131,1,1,0,6,route dÃ©partementale 86,47.1352546023,-2.0885825157,23,1,1
202100052755,107Â 429,A01,1,1,1,9,2,0,-1,-1, -1,-1,2021,17.0,3,1,0,2,0,0,1,,4,MAINGOT (RUE THEODORE),0,,2,2,0,1,0,0,3,, -1,1,0,1,50,29,1,1,91,91521,2,6,0,3,MAINGOT (RUE THEODORE),48.65929,2.40724,13,3,2
202100046548,118Â 576,B01,1,1,1,1,2,0,-1,0,0,-1,2021,52.0,2,1,0,2,1,26,1,,7,NICE AVENUE DE (RN7),0,,2,3,0,1,(1),(1),1,, -1,1,0,1,50,26,3,1,6,6027,2,3,0,6,NICE AVENUE DE (RN7),43.65621,7.155,7,2,2
202100017423,170Â 481,B01,1,1,1,0,2,6,-1,-1, -1,-1,2021,17.0,0,1,0,0,0,0,1,,7,TARLE. RUE PIERRE,0,,2,2,0,1,2,900,1,, -1,1,0,1,50,22,9,1,76,76429,2,2,0,2,REPUBLIQUE. RUE DE LA,49.4107265551,1.1428678036,13,2,2
202100036460,136Â 527,B01,1,1,1,0,1,0,-1,0,0,-1,2021,60.0,0,2,0,2,4,2,1,,4,CHASSEURS ALPINS (ROND-POINT),0,,3,2,0,2,(1),(1),2,, -1,1,0,1,50,4,6,1,6,6069,2,1,0,2,CHASSEURS ALPINS (ROND-POINT),43.65053,6.92206,12,2,2
202100016729,171Â 721,B01,1,1,1,5,2,-1,-1,0,0,-1,2021,45.0,1,1,0,2,1,1,5,,7,D125,0,D,2,2,0,1,32,900,1,, -1,1,0,1,80,19,9,1,35,35131,1,2,0,3,RD 125,48.130568,-1.817199,11,2,2
202100032330,143Â 968,A01,1,1,1,1,2,0,-1,0,0,-1,2021,20.0,2,1,0,0,0,1,1,,4,QUAI FRANCOIS MITTERRAND,0,,1,4,0,1,(1),(1),1,, -1,2,0,1,50,25,6,5,75,75101,2,7,1,7,QUAI FRANCOIS MITTERRAND,48.860142,2.33319,22,1,1
202100019913,166Â 036,A01,1,1,1,9,1,8,-1,-1, -1,-1,2021,31.0,1,2,14,2,1,16,1,,3,ABBE ROGER DERRY (AV DE L),0,,2,2,0,1,1,0,1,, -1,2,0,8,30,8,9,5,94,94081,2,3,1,1,Avenue de lâAbbÃ© Roger Derry,48.78979,2.39022,22,2,2
202100024181,158Â 442,A01,1,1,1,5,8,-1,-1,0,0,-1,2021,42.0,2,2,2,0,1,15,1,,3,26,-1,,2,2,0,3,1,80,2,, -1,1,0,3,80,14,8,1,2,2010,1,1,0,6,D26,49.457385,3.442379,17,3,1
202100051321,109Â 935,A01,1,1,1,4,1,0,-1,-1, -1,-1,2021,52.0,1,5,1,0,1,7,1,,4,BOULEVARD MONTMARTRE,0,,4,5,3,1,(1),(1),1,, -1,2,-1,6,50,15,2,1,75,75109,2,5,1,6,BOULEVARD MONTMARTRE,48.8719739025,2.3400420319,8,1,1
202100007905,187Â 609,B01,1,1,2,1,1,-1,-1,0,0,-1,2021,34.0,1,2,0,2,4,23,1,,3,810,-1,,2,2,0,1,(1),(1),1,, -1,1,0,1,80,15,11,1,27,27563,1,1,1,5,Route de Quillebeuf,49.374329,0.52596,8,3,3
202100011384,181Â 373,B01,1,1,1,0,2,0,-1,-1, -1,-1,2021,59.0,3,1,0,2,7,1,1,,4,BRULON (RUE LEON),0,,2,2,0,1,(1),(1),1,, -1,1,0,1,50,22,10,1,37,37208,2,1,0,3,BRULON (RUE LEON),47.3632060649,0.7259965167,14,2,2
202100001586,198Â 974,A01,1,1,1,5,8,0,-1,-1, -1,-1,2021,21.0,2,1,0,2,1,15,3,,4,,0,,2,2,0,1,(1),(1),1,, -1,1,0,1,50,22,12,1,66,66136,2,1,0,2,JOFFRE (AVENUE DU MARECHAL CD 88),42.7198,2.88656,12,2,2
202100030732,146Â 827,A01,1,1,2,0,2,0,-1,-1, -1,-1,2021,26.0,1,1,0,0,0,0,1,,3,MADELEINE (ROUTE DE LA),0,,2,2,0,1,2,0,1,, -1,1,0,1,50,18,6,1,973,97302,2,1,0,7,MADELEINE (ROUTE DE LA),4.92167,-52.32257,10,1,1
202100004636,193Â 480,B01,1,1,1,0,1,0,-1,-1, -1,-1,2021,53.0,2,2,0,2,4,1,1,,1,AUTOROUTE A104,0,,3,8,0,1,1,700,1,, -1,2,0,1,110,5,12,1,93,93078,1,1,1,2,AUTOROUTE A104,48.96889,2.5068,11,3,2
202100001667,198Â 827,A01,1,1,1,5,1,-1,-1,0,0,-1,2021,22.0,1,2,2,0,8,1,1,,3,148,-1,D,2,2,0,1,26,548,3,, -1,2,0,3,50,25,12,1,85,85126,2,1,0,6,d148,46.470966,-0.855842,11,2,1
202100003695,195Â 148,B01,1,1,1,0,2,0,-1,-1, -1,-1,2021,23.0,3,1,0,2,1,2,1,,4,NATIONAL (BOULEVARD),0,,2,2,0,1,1,0,1,, -1,1,0,1,50,10,12,1,13,13203,2,3,0,3,NATIONAL (BOULEVARD),43.31188,5.37728,14,2,2
202100005389,192Â 160,A01,1,1,1,3,2,6,-1,-1, -1,-1,2021,35.0,1,1,0,2,2,9,1,,3,BAC (AV DU),0,,2,2,0,1,1,0,1,, -1,1,0,1,30,30,11,5,94,94068,2,2,0,3,Avenue du Bac,48.7956,2.50849,23,2,2
202100013159,178Â 226,B01,1,1,2,5,1,-1,-1,0,0,-1,2021,60.0,1,2,0,2,7,10,3,,7,4,0,D,2,2,0,1,42,930,3,, -1,1,0,1,70,16,10,5,31,31091,1,1,0,2,D4,43.712126,1.403879,1,3,2
202100043299,124Â 267,B01,3,2,2,0,1,0,-1,-1, -1,-1,2021,8.0,1,2,0,2,4,2,1,,1,AUTOROUTE A1,0,,2,4,0,1,4,500,1,, -1,3,0,1,90,20,4,1,972,97213,2,1,1,4,AUTOROUTE A1,14.61315,-61.01007,10,6,3
202100006917,189Â 402,A01,10,3,2,0,0,-1,-1,3,3,1,2021,45.0,0,2,0,1,1,15,1,,4,PROVENCE (COURS DE),0,,2,2,0,2,(1),(1),1,, -1,1,0,1,50,18,11,2,51,51230,2,3,0,7,Rue Louise Auban-MoÃ«t,49.033587,3.956606,8,2,1
202100039501,130Â 996,A01,1,1,2,2,1,-1,-1,0,0,-1,2021,19.0,2,2,0,2,3,13,1,,3,955,0,D,2,2,0,1,31,500,1,, -1,1,0,1,90,18,5,1,61,61476,1,1,0,3,D955,48.350875,0.423132,18,2,2
202100012240,179Â 843,A01,1,1,2,1,2,6,-1,0,0,-1,2021,40.0,1,1,0,2,3,2,1,,4,BOULEVARD PERIPHERIQUE,0,,1,4,0,1,14,300,1,, -1,1,1,1,70,19,10,1,75,75116,2,1,0,2,BOULEVARD PERIPHERIQUE,48.8635,2.265922,9,2,2
202100036942,135Â 664,A01,2,2,1,9,1,0,-1,-1, -1,-1,2021,21.0,1,2,4,0,1,21,1,,1,AUTOROUTE A3,0,,3,8,0,1,6,800,1,, -1,1,0,1,70,30,5,3,93,93053,1,1,0,7,AUTOROUTE A3,48.8958,2.47074,23,5,1
202100039349,131Â 264,A01,1,1,1,0,2,6,-1,0,0,-1,2021,16.0,3,1,0,2,7,1,1,,3,D94C,-1,,2,2,0,2,(1),(1),1,, -1,2,0,1,30,19,5,1,63,63430,2,9,1,3,devant lycÃ©e Jean zay (21 Rue Jean Zay),45.863985,3.529868,15,2,2
202100023639,159Â 370,A01,1,1,1,5,2,-1,-1,0,0,-1,2021,39.0,2,1,0,2,3,17,1,,3,1763,-1,,2,2,0,1,5,580,1,, -1,1,2,1,80,19,8,1,85,85224,1,1,0,1,D1763,46.994217,-1.349602,13,2,2
202100001832,198Â 523,B01,1,1,1,0,1,0,-1,-1, -1,-1,2021,16.0,1,1,0,2,1,1,1,,4,PERE MAITRE(RUE DU),0,,2,2,0,1,0,0,1,, -1,1,0,1,50,21,12,2,974,97416,2,1,0,3,PERE MAITRE(RUE DU),-21.28361,55.46618,19,2,2
202100040456,129Â 293,A01,10,3,1,5,0,-1,-1,3,3,1,2021,87.0,1,2,0,1,3,1,1,,4,LADOUMEGUE (RUE JULES),0,,2,2,0,1,0,0,1,, -1,1,0,1,50,9,5,1,87,87085,2,1,0,6,LADOUMEGUE (RUE JULES),45.83791,1.22438,17,2,1
202100036990,135Â 577,A01,1,1,1,5,2,8,-1,-1, -1,-1,2021,16.0,2,1,0,2,1,26,1,,4,CIVRAY (RUE DE),0,,2,2,0,2,0,0,1,, -1,1,0,1,30,1,6,1,57,57240,2,2,0,3,CIVRAY (RUE DE),49.1510354,6.8127871,15,3,2
202100029893,148Â 366,B01,1,1,1,5,1,-1,-1,0,0,-1,2021,88.0,1,2,13,2,8,1,1,,3,104,0,,2,2,0,1,4,950,1,, -1,1,5,1,80,9,7,1,52,52426,1,2,0,3,D104,48.263788,4.874529,20,2,2
202100049112,113Â 967,B01,1,1,1,1,0,-1,-1,0,0,-1,2021,43.0,1,0,0,2,8,19,3,,3,BROGNARD (RUE DE),0,,2,2,0,1,0,490,1,, -1,1,0,1,30,5,3,1,25,25614,2,2,0,3,BROGNARD (RUE DE),47.52136,6.84462,18,4,2