Num_Acc,id_vehicule,num_veh,place,catu,sexe,trajet,secu1,secu2,secu3,locp,actp,etatp,year_acc,victim_age,senc,catv,obs,obsm,choc,manv,motor,occutc,catr,voie,v1,v2,circ,nbv,vosp,prof,pr,pr1,plan,lartpc,larrout,surf,infra,situ,vma,jour,mois,lum,dep,com,agg_,int,atm,col,adr,lat,long,hour,nb_victim,nb_vehicules
202100055349,102Â 901,A01,1,1,1,4,2,6,-1,0,0,-1,2021,57.0,1,1,12,0,1,13,1,,4,BOULEVARD MALESHERBES,0,,2,1,0,1,(1),(1),1,, -1,2,0,1,30,12,1,5,75,75117,2,3,1,6,BOULEVARD MALESHERBES,48.884642,2.307989,18,1,1
202100002294,197Â 686,B01,1,1,1,5,2,6,-1,-1, -1,-1,2021,49.0,1,1,0,2,1,1,1,,3,50,0,,-1,2,0,1,0,0,1,, -1,1,0,1,50,18,12,5,92,92012,2,2,0,3,REPUBLIQUE (BOULEVARD DE LA) 5/77BIS - 6,48.8320806769,2.2530716658,7,2,2
202100018562,168Â 455,A01,10,3,1,0,0,-1,-1,2,3,1,2021,43.0,1,2,0,1,0,26,1,,3,YPRES (RUE D'),0,,2,2,0,1,(1),(1),1,, -1,1,0,1,30,16,9,1,59,59043,2,1,0,6,YPRES (RUE D'),50.7408583873,2.7379628209,10,2,1
202100009641,184Â 474,B01,1,1,1,0,1,0,-1,-1, -1,-1,2021,28.0,2,2,0,2,2,1,0,,4,LOUIS ARMAND (RUE),0,,2,0,0,1,1,0,4,, -1,2,0,1,50,1,11,5,93,93050,2,1,1,3,LOUIS ARMAND (RUE),48.861202,2.520234,22,2,2
202100040575,129Â 093,A01,1,1,1,5,1,-1,-1,0,0,-1,2021,52.0,1,2,0,0,0,13,1,,3,119,-1,,2,3,0,1,15,940,1,, -1,1,0,1,90,9,5,1,9,9244,1,1,0,6,D119,43.076333,1.775386,12,1,1
202100009430,184Â 843,A01,3,2,2,5,1,0,-1,-1, -1,-1,2021,17.0,0,2,1,0,2,1,1,,4,DOLET (RUE ETIENNE),0,,1,1,0,1,0,0,1,, -1,1,0,4,30,2,11,1,50,50129,2,1,0,6,DOLET (RUE ETIENNE),49.62701,-1.64673,14,4,2
202100007385,188Â 557,B01,1,1,1,5,2,6,-1,0,0,-1,2021,61.0,1,1,0,2,1,1,1,,4,,-1,,2,2,0,1,(1),(1),1,,"5,6",1,0,1,50,19,11,1,79,79003,2,1,0,2,90 Rue de la Roussellerie,46.290165,-0.42285,12,2,2
202100013112,178Â 306,B01,1,1,1,1,2,6,-1,0,0,-1,2021,34.0,1,1,0,2,1,1,1,,4,BOULEVARD VINCENT AURIOL,0,,1,2,1,2,(1),(1),1,, -1,1,0,1,30,15,10,1,75,75113,2,1,0,3,BOULEVARD VINCENT AURIOL,48.835482,2.369294,15,2,2
202100046375,118Â 875,B01,1,1,1,5,8,0,-1,0,0,-1,2021,37.0,2,1,0,2,1,1,5,,4,QUAI DE GRENELLE,0,,2,1,1,1,(1),(1),1,, -1,1,-1,5,50,27,3,1,75,75115,2,3,0,1,QUAI DE GRENELLE,48.852906,2.286571,10,2,2
202100030930,146Â 475,B01,1,1,1,1,2,6,-1,0,0,-1,2021,29.0,2,1,0,2,1,1,1,,3,147-2,0,,2,2,0,1,2,100,1,, -1,1,0,1,80,3,7,1,28,28001,1,2,0,1,D928,48.793118,1.40095,16,2,2
202100045893,119Â 726,A01,10,3,1,0,0,-1,-1,2,3,1,2021,54.0,1,1,0,1,1,1,1,,2,mgombani-Mahabou angle rue du commerce (,0,,2,0,0,2,0,890,1,, -1,1,0,1,50,26,2,1,976,97611,2,1,0,6,mgombani-Mahabou angle rue du commerce (,-12.78384,45.23043,7,2,1
202100002903,196Â 581,A01,10,3,1,3,8,-1,-1,9,1,1,2021,19.0,3,2,0,1,6,20,1,,9,DESGENETAIS LEON (PLACE),0,,-1,0,0,1,0,0,1,, -1,1,9,8,50,13,12,2,76,76114,2,1,0,6,DESGENETAIS LEON (PLACE),49.57184,0.47084,17,2,1
202100042983,124Â 840,A01,1,1,2,0,1,-1,-1,0,0,-1,2021,42.0,1,2,0,0,4,15,1,,3,65,0,D,2,2,0,1,18,0,1,, -1,1,0,1,80,23,4,1,55,55024,1,1,0,2,D65,49.290423,5.466902,13,4,2
202100032621,143Â 454,Z01,10,3,1,0,8,8,-1,9,B,1,2021,59.0,2,0,0,1,0,26,0,,1,AUTOROUTE A3,0,,3,7,0,1,8,300,1,, -1,1,0,1,110,24,6,3,93,93010,1,1,0,6,AUTOROUTE A3,48.9089551424,2.4737470043,0,4,3
202100002197,197Â 865,B01,1,1,1,5,0,-1,-1,0,0,-1,2021,13.0,2,1,0,2,0,15,0,,3,708,0,D,2,2,0,2,96,650,1,, -1,1,0,1,70,20,12,1,24,24189,1,2,0,3,Le Lardot (Ruisseau),44.869295,0.18629,12,2,2
202100018214,169Â 046,B01,1,1,1,1,2,6,-1,-1, -1,-1,2021,52.0,1,1,0,2,3,3,1,,1,A4,0,,3,3,0,1,4,500,1,, -1,1,0,1,90,17,9,1,94,94069,1,1,0,2,A4,48.8173129923,2.4294376373,15,2,2
202100009237,185Â 201,A01,1,1,2,4,1,8,-1,-1, -1,-1,2021,58.0,1,2,1,0,1,14,1,,3,DEPORTES (RUE DES),0,,2,2,1,1,(1),(1),1,, -1,2,0,3,50,31,10,1,59,59160,2,1,0,6,DEPORTES (RUE DES),50.403724,3.666046,14,1,1
202100001106,199Â 793,A01,1,1,2,3,1,-1,-1,0,0,-1,2021,67.0,3,2,0,2,8,9,1,,3,903,0,,2,1,0,1,22,243,1,,3,1,0,1,80,30,12,1,50,50236,1,3,0,3,D903,49.291882,-1.526402,10,6,2
202100012361,179Â 621,A01,1,1,1,5,1,-1,-1,-1, -1,-1,2021,58.0,1,2,0,2,1,1,1,,2,RN 104,0,,3,4,0,2,24,100,1,, -1,1,0,1,70,19,10,3,95,95351,1,1,0,2,RN 104,49.027587,2.51907,19,2,2
202100019127,167Â 434,A01,1,1,1,4,1,-1,-1,0,0,-1,2021,47.0,1,4,13,0,9,14,1,,3,29,-1,,2,2,0,1,19,570,1,, -1,2,0,3,90,23,6,1,12,12266,1,1,1,6,D29,44.304587,2.819045,19,1,1
202100045667,120Â 110,C01,1,1,1,0,1,0,-1,-1, -1,-1,2021,46.0,1,2,6,2,0,1,1,,3,109,0,,1,1,0,1,0,0,1,, -1,1,0,1,50,1,4,1,92,92036,2,4,0,5,BAS ( RUE DES ),48.9158219754,2.295852167,17,4,4
202100010717,182Â 571,A01,10,3,1,5,8,8,-1,2,3,1,2021,46.0,2,2,0,1,4,26,1,,4,RUE DES RENFORTS,0,,2,1,0,1,(1),(1),1,, -1,1,0,1,50,27,10,2,31,31555,2,1,0,6,RUE DES RENFORTS,43.59377,1.44329,8,2,1
202100009331,185Â 026,A01,1,1,1,5,1,-1,-1,0,0,-1,2021,25.0,1,2,13,0,9,6,1,,3,D60,0,D,1,1,1,4,(1),(1),2,, -1,1,5,8,80,6,11,3,62,62869,2,6,0,6,D60,50.258277,2.741341,1,1,1
202100042517,125Â 622,B01,1,1,1,1,2,6,-1,-1, -1,-1,2021,22.0,2,1,0,2,6,15,1,,3,Rhin et Danube ( place ),0,,2,2,0,1,0,0,1,, -1,1,0,1,50,26,4,1,92,92035,2,7,0,3,Rhin et Danube ( place ),48.90279,2.2426,17,2,2
202100006183,190Â 764,A01,1,1,1,5,0,-1,-1,0,0,-1,2021,27.0,1,5,8,0,2,1,1,,3,755,-1,,2,2,0,1,14,800,2,, -1,2,0,3,80,26,11,3,85,85119,1,1,1,6,RD755 Pk 14+800,46.973869,-1.130261,23,1,1
202100050225,111Â 936,A01,1,1,1,0,2,6,-1,-1, -1,-1,2021,26.0,2,1,0,2,3,1,0,,3,ROGER SALENGRO (AV),0,,1,1,0,1,1,0,1,, -1,1,9,1,20,25,2,1,94,94017,2,9,0,3,Avenue Roger Salengro,48.817186,2.497322,12,2,2
202100021499,163Â 206,B01,1,1,1,4,2,0,-1,-1, -1,-1,2021,37.0,3,1,0,2,1,26,1,,3,907,0,,1,2,1,2,0,0,1,, -1,1,0,5,50,1,9,1,92,92064,2,9,0,2,DAILLY,48.8454830687,2.2201888227,12,2,2
202100034330,140Â 370,A01,3,2,1,5,1,8,-1,-1, -1,-1,2021,19.0,2,2,0,2,2,16,1,,3,1,0,,1,1,0,1,0,0,3,, -1,1,0,1,50,13,6,5,92,92051,2,5,0,2,GENERAL LECLERC (BOULEVARD DU NÂ° 29 A 65,48.8934460707,2.267614603,22,5,2
202100030011,148Â 148,B01,1,1,1,5,2,6,-1,0,0,-1,2021,25.0,2,1,0,2,1,1,1,,4,AVENUE FOCH,0,,2,2,0,1,(1),(1),1,, -1,1,1,1,50,8,7,1,75,75116,2,2,0,3,AVENUE FOCH,48.872684,2.284569,18,2,2
202100052756,107Â 426,A01,1,1,2,0,1,-1,-1,0,0,-1,2021,52.0,0,2,0,2,3,9,1,,2,ROCADE NORD RN 1,0,,1,3,0,1,(1),(1),1,, -1,1,0,1,110,1,2,1,80,80021,1,1,1,3,ROCADE NORD RN 1,49.9243,2.29213,8,2,2
202100039471,131Â 053,A01,3,2,1,9,1,0,-1,0,0,-1,2021,34.0,1,2,4,2,9,13,1,,4,AVENUE DE LA REPUBLIQUE,0,,2,3,0,1,(1),(1),1,, -1,2,0,1,50,17,5,4,75,75111,2,3,0,2,AVENUE DE LA REPUBLIQUE,48.863815,2.382211,1,6,2
202100029982,148Â 203,A01,1,1,1,0,2,0,-1,-1, -1,-1,2021,20.0,3,1,0,2,1,1,1,,4,RUE GÃNÃRAL GARIBALDI,0,,-1,2,0,1,(1),(1),1,, -1,1,0,1,50,8,7,1,38,38185,2,1,0,1,RUE GÃNÃRAL GARIBALDI,45.16974,5.71501,14,2,2
202100033179,142Â 458,A01,1,1,1,4,2,0,-1,0,0,-1,2021,50.0,1,1,0,1,1,9,1,,3,PERI GABRIEL RUE,0,,2,2,0,1,10,100,1,, -1,1,0,1,50,20,6,2,201,201004,2,1,0,7,PERI GABRIEL RUE,41.9156,8.73066,21,2,1
202100001623,198Â 899,B01,1,1,2,1,2,6,-1,0,0,-1,2021,22.0,1,1,0,2,8,1,1,,4,RUE DU COMMANDANT GUILBAUD,0,,1,2,0,1,(1),(1),1,, -1,1,0,1,50,22,12,3,75,75116,2,3,0,3,RUE DU COMMANDANT GUILBAUD,48.838664,2.251775,17,2,2
202100049817,112Â 704,A01,1,1,1,0,2,6,9,0,0,-1,2021,22.0,2,1,0,2,1,1,1,,3,938,0,,2,2,0,1,6,3,1,, -1,1,0,1,80,28,2,1,37,37151,1,1,0,2,,47.4471245372,0.6328748366,17,2,2
202100014711,175Â 417,A01,10,3,1,3,0,-1,-1,3,3,1,2021,90.0,2,5,0,1,1,1,1,,4,,0,,1,2,0,2,(1),(1),2,,"5,5",1,9,1,50,7,10,1,81,81105,2,1,0,6,Avenue Gambetta,43.761064,1.989475,14,2,1
202100033758,141Â 429,A01,1,1,1,0,2,0,-1,-1, -1,-1,2021,26.0,1,1,0,2,7,3,1,,1,6,0,,-1,3,0,1,11,199,1,, -1,1,0,1,110,18,6,1,91,91689,1,1,0,3,AUTOROUTE A6,48.71765,2.30981,7,2,2
202100045362,120Â 652,D01,2,2,2,0,1,-1,-1,0,0,-1,2021,18.0,0,2,0,2,4,1,1,,4,DEFENSE PASSIVE (AVENUE DE LA),0,,2,3,0,1,(1),(1),1,, -1,1,0,1,50,1,4,1,80,80674,2,1,0,4,DEFENSE PASSIVE (AVENUE DE LA),49.90938,2.32763,17,6,5
202100023258,160Â 042,A01,10,3,1,0,0,-1,-1,4,3,1,2021,31.0,0,2,0,1,0,1,1,,4,ALPHONSE FIQUET (PLACE),0,,2,6,0,1,(1),(1),1,, -1,1,0,1,50,19,8,1,80,80021,2,1,0,7,ALPHONSE FIQUET (PLACE),49.89049,2.306,11,2,1
202100024138,158Â 513,A01,1,1,1,0,8,5,-1,-1, -1,-1,2021,50.0,1,2,14,0,3,1,1,,4,SCHLOESING (BOULEVARD),0,,2,4,0,1,0,0,1,, -1,1,0,1,50,14,8,2,13,13209,2,1,0,6,SCHLOESING (BOULEVARD),43.27281,5.40088,20,1,1
202100052851,107Â 246,A01,1,1,1,0,2,6,-1,-1, -1,-1,2021,46.0,1,1,0,2,3,1,1,,1,AUTOROUTE A104,0,,3,6,0,1,3,160,1,, -1,1,0,1,90,1,2,3,93,93078,1,1,0,3,AUTOROUTE A104,48.96169,2.52354,18,2,2
202100038391,133Â 013,A01,1,1,2,5,1,0,-1,0,0,-1,2021,37.0,2,2,0,2,1,2,1,,4,PORTE DE PASSY,0,,1,4,0,1,16,200,1,, -1,1,1,1,70,24,5,5,75,75116,2,1,0,4,PORTE DE PASSY,48.85596,2.256586,18,3,3
202100039107,131Â 729,A01,1,1,2,5,1,8,-1,-1, -1,-1,2021,61.0,3,2,0,2,2,12,1,,4,ARC EN CIEL ( ROND POINT DE L'),0,,1,2,0,1,(1),(1),2,, -1,2,0,1,50,19,5,1,37,37233,2,6,0,3,ARC EN CIEL ( ROND POINT DE L'),47.3921394375,0.7253188448,8,2,2
202100040877,128Â 557,A01,3,2,2,0,1,0,-1,-1, -1,-1,2021,3.0,1,2,4,0,1,19,1,,3,449,0,,2,2,0,2,0,0,3,, -1,2,0,1,50,4,5,1,91,91021,2,1,1,7,AV DE LA DIVISION LECLERC,48.594282,2.246595,14,4,1
202100051951,108Â 845,A01,1,1,1,9,0,-1,-1,0,0,-1,2021,36.0,3,2,2,0,1,14,1,,4,,0,,2,2,0,1,(1),(1),1,, -1,2,0,3,80,10,2,3,12,12276,1,1,0,6,la greze,44.161858,2.332116,19,1,1
202100010875,182Â 287,A01,1,1,1,0,2,0,-1,-1, -1,-1,2021,50.0,2,1,0,2,1,13,1,,3,RD810,0,,2,2,0,2,0,0,1,, -1,2,0,1,70,26,10,1,64,64545,1,3,0,3,RD810,43.3466,-1.75735,8,2,2
202100002504,197Â 298,A01,1,1,1,0,2,6,-1,0,0,-1,2021,54.0,2,1,0,2,1,1,1,,2,22,0,T,2,2,0,1,6,650,1,, -1,1,0,1,50,18,12,3,201,201271,2,1,0,2,Baleone,41.9549518394,8.7948293835,18,3,2
202100001848,198Â 495,A01,1,1,1,0,1,-1,-1,-1, -1,-1,2021,19.0,3,2,15,0,8,26,0,,3,GENERAL LECLERC (RUE DU),0,,2,2,1,1,0,408,1,, -1,1,9,1,30,21,12,5,78,78146,2,2,0,3,GENERAL LECLERC (RUE DU),48.89639,2.1528,20,2,2
202100004290,194Â 090,A01,1,1,1,5,2,6,-1,0,0,-1,2021,26.0,2,1,0,2,1,5,1,,4,RUE TRUFFAUT,0,,2,2,0,2,(1),(1),1,, -1,2,0,1,30,6,12,1,75,75117,2,2,1,2,RUE TRUFFAUT,48.887762,2.318377,15,2,2
202100011927,180Â 405,A01,1,1,1,3,1,-1,-1,0,0,-1,2021,67.0,2,2,7,0,4,16,1,,3,31,-1,,2,2,0,3,16,950,2,, -1,1,0,1,90,22,10,2,37,37131,1,2,0,2,route dÃ©partementale 31,47.460819595,1.0123042777,8,2,2
202100023343,159Â 886,A01,1,1,1,5,2,-1,-1,0,0,-1,2021,26.0,1,1,0,0,0,0,1,,3,112,0,D,2,2,0,1,9,300,1,, -1,1,0,3,80,20,8,3,42,42226,1,1,0,7,Route de Baroille,45.866779,4.08215,23,1,1
202100047704,116Â 476,B01,1,1,2,9,8,0,-1,-1, -1,-1,2021,36.0,1,1,0,2,4,13,5,,3,MONTABO (ROUTE DE) 3,0,,2,2,1,1,4,100,2,, -1,1,9,1,70,8,3,5,973,97302,2,1,0,2,MONTABO (ROUTE DE) 3,4.93218,-52.29049,18,2,2
202100008716,186Â 153,A01,1,1,2,0,1,8,-1,-1, -1,-1,2021,21.0,1,2,0,2,4,1,1,,3,TOURNAI (ROUTE DE),0,,2,2,0,1,13,255,1,, -1,1,0,1,50,6,11,1,59,59178,2,1,0,5,TOURNAI (ROUTE DE),50.3987427597,3.1178889424,10,5,3
202100028342,151Â 037,A01,1,1,1,5,2,6,9,0,0,-1,2021,71.0,1,1,0,2,2,1,1,,3,d4,-1,,1,2,0,1,16,100,2,, -1,1,0,1,50,19,7,1,95,95487,1,6,0,3,D4,49.152291,2.253324,16,2,2
202100028237,151Â 218,B01,1,1,1,5,1,-1,-1,0,0,-1,2021,53.0,2,2,0,2,6,1,1,,1,36,0,,3,4,0,1,213,0,1,, -1,1,0,1,130,11,7,1,21,21708,1,1,0,2,A 36 PK 213 sens MULHOUSE vers BEAUNE,47.045914,4.982901,17,3,2
202100034430,140Â 189,A01,1,1,1,9,8,0,-1,0,0,-1,2021,41.0,1,1,1,0,1,14,5,,4,RUE DE LA JONQUIERE,0,,1,1,0,1,(1),(1),1,, -1,1,0,1,30,14,6,1,75,75117,2,1,0,6,RUE DE LA JONQUIERE,48.893542,2.324557,20,1,1
202100047601,116Â 667,A01,1,1,1,0,8,-1,-1,-1, -1,-1,2021,89.0,1,2,8,2,1,1,1,,4,GUTENBERG                           (PL),0,,1,1,0,1,(1),(1),1,, -1,1,0,1,50,17,3,1,69,69034,2,7,0,2,GUTENBERG                           (PL),45.7944987558,4.8494720766,10,2,2
202100029557,148Â 957,A01,1,1,1,5,2,6,-1,0,0,-1,2021,29.0,1,1,0,2,3,3,1,,1,A4,0,,3,4,0,1,5,400,1,, -1,1,0,1,110,11,7,1,75,75112,1,1,0,2,A4,48.82025,2.4606,17,2,2
202100022072,162Â 174,A01,10,3,1,5,0,-1,-1,4,3,1,2021,24.0,3,2,0,1,3,1,1,,7,CHASSEURS DE DRIANT PLACE DES,0,,1,2,0,1,(1),(1),1,, -1,1,0,1,50,28,8,1,59,59350,2,1,0,6,CHASSEURS DE DRIANT PLACE DES,50.61856,3.03261,14,2,1
202100014266,176Â 196,A01,2,2,1,5,1,-1,-1,0,0,-1,2021,23.0,2,2,2,0,3,13,1,,3,933,0,D,2,2,0,1,0,700,1,, -1,1,0,3,90,10,10,3,40,40026,1,1,1,6,Avenue de la Chalosse,43.786207,-0.560753,4,3,1
202100043281,124Â 301,A01,9,2,1,5,0,-1,-1,0,0,-1,2021,16.0,1,2,0,2,1,13,1,,2,7,-1,,2,3,0,2,11,850,3,, -1,1,0,1,50,26,3,3,38,38336,2,1,0,1,Route Nationale 7 Vaugris,45.48902,4.828609,21,5,2
202100002164,197Â 914,B01,2,2,2,5,1,-1,-1,0,0,-1,2021,16.0,1,2,0,2,1,1,1,,1,16,0,A,3,4,0,1,167,600,1,, -1,1,3,1,130,20,12,3,80,80779,1,1,0,4,A16,50.10357,1.873062,18,5,3
202100033330,142Â 184,B01,1,1,2,1,1,0,-1,-1, -1,-1,2021,24.0,1,2,0,2,4,1,1,,3,LOUIS NOGUERES (BOULEVARD),0,,2,2,0,1,0,0,1,, -1,1,0,1,50,11,6,1,66,66136,2,1,0,2,LOUIS NOGUERES (BOULEVARD),42.72687,2.90069,19,2,2
202100014232,176Â 249,A01,1,1,1,4,1,0,-1,-1, -1,-1,2021,65.0,1,3,0,2,3,2,1,1.0,3,908,0,,3,4,0,1,0,0,1,, -1,1,0,1,50,9,10,1,92,92051,2,1,0,2,"BINEAU (BOULEVARD, NÂ°133 A 217 ET 134 A",48.89245,2.26879,17,4,2
202100007706,187Â 980,A01,1,1,1,1,2,6,-1,0,0,-1,2021,51.0,2,1,14,0,0,1,1,,3,28,-1,,2,2,0,1,1,700,1,, -1,2,0,1,50,16,11,2,3,3168,2,1,1,7,27 Route d Ainay (Meaulne),46.601053,2.614692,17,1,1
202100042355,125Â 915,A01,1,1,2,9,2,0,-1,0,0,-1,2021,32.0,2,1,0,2,1,15,5,,4,BOULEVARD VOLTAIRE,0,,2,4,2,1,(1),(1),1,, -1,1,0,1,30,27,4,1,75,75111,2,3,0,3,BOULEVARD VOLTAIRE,48.863051,2.371302,10,2,2
202100043820,123Â 354,D01,1,1,1,4,1,-1,-1,0,0,-1,2021,51.0,2,2,1,0,3,21,1,,1,A20,0,,3,4,0,2,146,300,2,, -1,1,0,1,130,15,4,1,87,87014,1,1,0,4,A20  PR 146+300,46.129092,1.38196,12,4,4
202100003503,195Â 486,B01,3,2,1,5,1,-1,-1,-1,0,-1,2021,58.0,2,2,0,2,4,2,1,,2,RN 184,0,,3,4,0,1,6,900,1,, -1,1,0,1,110,10,12,3,95,95394,1,1,0,5,RN 184,49.05165,2.15318,19,5,3
202100001652,198Â 850,A01,10,3,1,5,0,-1,-1,3,3,3,2021,7.0,2,2,0,1,1,16,1,,4,57,-1,D,2,2,0,1,(1),(1),3,, -1,1,0,1,50,22,12,1,70,70467,2,1,0,6,13 Rue du Parc,47.884877,6.281036,15,4,1
202100006262,190Â 598,A01,1,1,1,5,1,0,-1,-1, -1,-1,2021,42.0,1,2,0,2,1,13,1,,3,KERMARIA SULARD (ROUTE DE),0,,2,2,0,2,0,0,3,, -1,1,0,1,70,25,11,2,22,22113,1,1,0,1,KERMARIA SULARD (ROUTE DE),48.7468173906,-3.4230651845,17,2,2
202100051853,109Â 017,A01,2,2,2,5,1,-1,-1,0,0,-1,2021,51.0,2,2,3,0,7,1,1,,1,11,0,A,3,3,0,2,171,90,1,, -1,5,0,1,110,10,2,1,72,72320,1,1,0,6,"Autoroute A11, PK 171, vers Paris",48.05396,0.181403,16,2,1
202100027745,152Â 117,A01,3,2,1,0,1,8,-1,-1, -1,-1,2021,17.0,2,2,0,2,3,2,1,,4,SAINT CHERON (RUE),0,,-1,2,0,1,0,0,1,, -1,1,0,1,30,21,7,1,28,28085,2,1,0,2,SAINT CHERON (RUE),48.4464,1.5052,21,5,2
202100016360,172Â 390,A01,1,1,1,9,2,0,-1,0,0,-1,2021,55.0,1,1,0,2,8,14,5,,4,BOULEVARD RICHARD LENOIR,0,,3,2,0,1,(1),(1),1,, -1,1,0,1,30,28,9,1,75,75111,2,2,0,3,BOULEVARD RICHARD LENOIR,48.865778,2.36999,19,2,2
202100011075,181Â 928,B01,2,2,1,5,1,5,-1,-1, -1,-1,2021,57.0,1,2,14,2,3,0,1,,4,DE GIRARD PHILLIPE RUE,0,,1,2,2,1,(1),(1),1,, -1,1,0,1,30,23,10,1,59,59560,2,2,0,3,DE GIRARD PHILLIPE RUE,50.54796,3.03138,11,4,2
202100037008,135Â 549,B01,1,1,2,9,2,-1,-1,-1, -1,-1,2021,72.0,3,0,0,2,1,1,3,,4,GAYEULLES (AVENUE DES),0,,2,2,2,2,(1),(1),1,, -1,1,5,1,50,1,6,1,35,35238,2,6,0,3,GAYEULLES (AVENUE DES),48.1351,-1.65232,9,2,2
202100005292,192Â 327,A01,2,2,1,0,8,0,-1,0,0,-1,2021,28.0,1,2,15,2,1,5,1,,4,PAIX (RUE DE LA),0,,1,1,2,1,(1),(1),1,, -1,2,0,1,30,30,11,5,54,54395,2,4,1,6,PAIX (RUE DE LA),48.67227,6.16415,23,2,1
202100027680,152Â 237,A01,3,2,1,0,1,0,-1,-1, -1,-1,2021,5.0,0,2,0,2,2,14,1,,4,HAENDEL (Rue),0,,2,1,0,1,0,9,1,, -1,1,0,1,50,13,3,1,84,84007,1,4,0,3,HAENDEL (Rue),43.92688,4.80005,13,5,2
202100000549,200Â 722,A01,1,1,1,1,1,8,-1,-1, -1,-1,2021,26.0,1,2,0,2,8,12,1,,1,A50-Sens Marseille vers Aubagne,0,,3,3,0,1,3,599,1,, -1,1,0,1,70,28,12,3,13,13211,1,1,0,3,A50-Sens Marseille vers Aubagne,43.286224,5.42984,18,2,2
202100015795,173Â 436,B01,2,2,2,5,1,-1,-1,0,0,-1,2021,76.0,2,2,0,2,1,1,1,,3,944,-1,,2,2,0,1,30,100,1,, -1,1,0,1,90,30,9,1,51,51536,1,1,0,4,D944,49.194332,4.154742,12,4,3
202100036901,135Â 741,A01,1,1,1,5,2,6,-1,0,0,-1,2021,16.0,1,1,0,2,1,5,1,,3,21,-1,D,-1,2,0,1,17,234,2,, -1,1,0,1,50,2,6,2,44,44096,2,3,1,3,Rue Cornouaille Parking,47.435788,-1.228613,18,2,2
202100050946,110Â 613,B01,1,1,2,1,2,0,-1,-1, -1,-1,2021,22.0,2,1,0,2,8,2,1,,4,AV LAFERRIERE,0,,2,2,0,1,1,0,1,, -1,1,5,1,50,19,2,5,94,94028,2,2,0,3,Avenue LaferriÃ¨re / Rue ChÃ©ret,48.80269,2.46045,18,2,2
202100025750,155Â 656,A01,1,1,1,0,1,8,-1,-1, -1,-1,2021,29.0,1,2,0,2,2,17,1,,4,JEAN MARIE L'HUILLIER (BOULEVARD),0,,2,2,0,1,0,0,1,, -1,1,0,1,50,3,8,1,13,13047,2,3,0,3,JEAN MARIE L'HUILLIER (BOULEVARD),43.51277,4.98552,19,3,2
202100017823,169Â 762,A01,1,1,1,3,8,-1,-1,0,0,-1,2021,68.0,1,2,0,2,4,2,2,,2,JAURES (AVE JEAN),0,,2,2,0,1,19,157,1,, -1,1,0,1,50,20,9,1,65,65047,2,3,0,2,Avenue Jean JaurÃ¨s,43.241418,0.09502,14,3,2
202100008957,185Â 706,A01,1,1,2,5,1,0,-1,-1, -1,-1,2021,23.0,3,2,0,5,1,26,1,,7,RD 569,0,,2,1,0,1,1,0,1,, -1,1,0,1,80,6,11,3,13,13047,1,1,0,1,RD 569,43.53527,4.97584,23,2,1
202100036522,136Â 428,A01,7,2,1,5,3,9,-1,0,0,-1,2021,5.0,2,2,2,0,0,19,1,,2,88,-1,,2,2,0,2,72,300,2,, -1,2,0,8,80,4,6,1,43,43084,1,9,1,6,Route Nationale 88,44.97925,3.857832,17,4,1
202100034799,139Â 510,B01,1,1,1,5,2,0,-1,-1, -1,-1,2021,29.0,1,1,0,2,1,2,0,,4,DE GAULLE (AV DU GENERAL) 58/49 - FIN,0,,1,2,0,1,1,0,1,, -1,1,3,1,50,12,6,1,93,93064,2,1,0,3,DE GAULLE (AV DU GENERAL) 58/49 - FIN,48.878664,2.47879,16,2,2
202100012426,179Â 497,B01,1,1,2,1,1,-1,-1,0,0,-1,2021,35.0,2,2,0,2,4,23,1,,2,UNIVERSITE (ROND POINT DE L'),0,,3,2,0,1,24,140,2,, -1,1,0,1,70,18,10,1,65,65440,2,6,0,2,N21  Giratoire de l'UniversitÃ©,43.222839,0.045956,8,3,2
202100042677,125Â 347,A01,10,3,2,5,0,-1,-1,3,3,2,2021,53.0,0,2,0,1,2,1,1,,3,RAYMOND POINCARE  (RUE   ),0,,2,2,0,1,4,287,1,, -1,1,0,1,30,24,4,1,77,77464,2,1,0,6,RAYMOND POINCARE  (RUE   ),48.88298,2.71451,11,2,1
202100021823,162Â 616,Y01,1,1,1,5,8,0,-1,-1, -1,-1,2021,18.0,1,1,0,0,1,1,5,,4,ROUSSEAU (RUE JEAN-JACQUES),0,,2,2,0,2,0,0,1,, -1,1,0,1,50,30,8,1,92,92073,2,1,0,7,ROUSSEAU (RUE JEAN-JACQUES),48.864438,2.220543,15,1,1
202100010096,183Â 657,B01,1,1,2,5,8,-1,-1,0,0,-1,2021,29.0,1,2,0,2,4,2,1,,1,42,0,,1,4,0,4,23,300,1,, -1,3,0,1,130,1,11,3,1,1032,1,1,1,2,Autoroute A42,45.863071,5.154563,1,2,2
202100000228,201Â 321,B01,1,1,1,5,8,0,-1,-1, -1,-1,2021,13.0,1,1,0,2,1,19,5,,4,,0,,2,2,0,1,(1),(1),1,, -1,9,0,1,50,17,11,2,36,36044,2,2,0,5,,46.80957,1.67017,17,3,3
202100046369,118Â 885,A01,1,1,1,5,2,6,-1,0,0,-1,2021,31.0,2,1,0,0,8,1,1,,4,RUE BOTZARIS,0,,2,2,0,4,(1),(1),2,, -1,1,0,1,50,27,3,5,75,75119,2,5,0,7,RUE BOTZARIS,48.8759848782,2.3813301025,19,1,1