Num_Acc,id_vehicule,num_veh,place,catu,sexe,trajet,secu1,secu2,secu3,locp,actp,etatp,year_acc,victim_age,senc,catv,obs,obsm,choc,manv,motor,occutc,catr,voie,v1,v2,circ,nbv,vosp,prof,pr,pr1,plan,lartpc,larrout,surf,infra,situ,vma,jour,mois,lum,dep,com,agg_,int,atm,col,adr,lat,long,hour,nb_victim,nb_vehicules
202100041888,126Â 746,B01,1,1,1,0,2,0,-1,-1, -1,-1,2021,18.0,0,1,0,2,1,1,1,,6,LAHANCHIPIA (AVENUE),0,,-1,0,0,1,0,0,1,, -1,1,9,8,30,30,4,1,64,64483,2,1,0,3,LAHANCHIPIA (AVENUE),43.4019,-1.63332,12,2,2
202100031793,144Â 929,A01,1,1,1,5,2,6,-1,0,0,-1,2021,50.0,1,1,0,0,7,1,1,,7,45,0,A,2,2,0,2,4,600,1,, -1,1,0,1,80,4,6,1,13,13007,1,1,0,7,RD 45 A,43.336603,5.647697,17,1,1
202100050264,111Â 875,B01,1,1,2,9,1,-1,-1,0,0,-1,2021,33.0,3,2,0,2,8,1,1,,3,104,-1,,2,2,0,2,1,700,2,, -1,1,0,1,80,24,2,3,7,7181,1,1,0,3,"Route de PRIVAS, DÃ©partemantale 104",44.759046,4.744474,21,2,2
202100054799,103Â 843,B01,1,1,1,1,1,0,-1,-1, -1,-1,2021,35.0,1,2,0,2,4,23,1,,4,VICTOR HUGO (AVENUE),0,,1,2,3,1,0,0,1,, -1,2,0,1,50,16,1,1,92,92023,2,1,1,2,VICTOR HUGO (AVENUE),48.806038,2.269174,14,2,2
202100037158,135Â 262,A01,10,3,2,5,0,-1,-1,8,9,1,2021,13.0,3,2,0,1,2,0,1,,5,PAIX,0,,-1,0,0,1,0,0,3,, -1,1,0,8,30,31,5,1,64,64445,2,9,0,6,PAIX,43.3194564039,-0.3489017487,18,2,1
202100005882,191Â 276,A01,10,3,2,0,0,-1,-1,2,4,1,2021,71.0,2,1,0,1,2,1,1,,3,ROSSINI PASCAL BD,0,,2,2,0,1,(1),(1),3,, -1,2,0,1,50,26,11,1,201,201004,2,1,1,6,ROSSINI PASCAL BD,41.91641,8.7315,14,2,1
202100001804,198Â 575,A01,1,1,2,1,1,-1,-1,0,0,-1,2021,63.0,1,2,2,0,3,1,1,,3,12,-1,,2,2,0,1,34,200,2,, -1,7,0,1,80,22,12,1,4,4041,1,1,0,6,RD 12,43.929457,5.960662,9,1,1
202100050204,111Â 975,A01,10,3,1,0,0,-1,-1,2,3,1,2021,83.0,3,2,0,1,1,1,1,,4,MARECHAL LECLERC (RUE DU),0,,2,2,0,1,0,0,1,, -1,1,0,1,50,24,2,1,10,10333,2,1,0,6,MARECHAL LECLERC (RUE DU),48.28194,4.05932,14,2,1
202100016402,172Â 318,A01,1,1,1,5,2,6,-1,0,0,-1,2021,74.0,2,1,0,0,9,1,1,,2,135,-1,N,2,2,0,1,14,800,1,, -1,2,5,1,50,29,9,1,55,55291,2,2,1,7,Boulevard Raymond PoincarÃ©,48.687529,5.320505,12,1,1
202100041511,127Â 411,A01,2,2,1,5,1,0,-1,-1, -1,-1,2021,82.0,1,2,12,0,3,26,1,,7,N28,0,,3,6,0,1,0,600,1,, -1,1,2,1,70,3,5,1,76,76540,1,1,0,6,pont mathilde,49.4341057434,1.1050862074,14,2,1
202100025159,156Â 683,A01,1,1,1,5,1,-1,-1,0,0,-1,2021,40.0,1,5,2,0,1,13,1,,3,911,-1,,2,2,0,1,99,780,1,, -1,1,0,3,90,8,8,3,12,12159,1,1,0,6,352 Impasse du Serayol,44.336327,2.080257,4,1,1
202100042921,124Â 950,A01,1,1,1,5,2,0,-1,-1, -1,-1,2021,45.0,3,1,0,2,1,1,5,,4,QU DE POLANGIS,0,,2,2,1,1,1,0,1,, -1,1,0,1,30,23,4,1,94,94042,2,3,0,1,Quai de Polangis,48.829605,2.473475,18,2,2
202100040332,129Â 511,A01,10,3,1,0,0,-1,-1,1,3,1,2021,17.0,2,1,0,2,1,26,1,,4,MITTERRAND (BD FRANCOIS),0,,2,2,0,1,(1),(1),1,, -1,1,0,1,50,7,5,1,63,63113,2,1,0,6,MITTERRAND (BD FRANCOIS),45.77093,3.08779,16,4,3
202100044738,121Â 748,A01,10,3,2,5,0,-1,-1,2,3,1,2021,67.0,1,2,0,1,1,15,1,,4,,0,,2,2,0,1,(1),(1),1,,4,1,0,1,50,9,4,1,71,71230,2,3,0,6,Rue des Potiers,46.597776,4.063337,8,2,1
202100013020,178Â 474,B01,1,1,2,1,1,-1,-1,-1,0,-1,2021,33.0,2,2,0,2,4,2,1,,1,AUTOROUTE A3,0,,3,4,0,1,15,0,1,, -1,1,0,1,110,15,10,3,95,95277,1,1,0,2,AUTOROUTE A3,48.9681117476,2.4778245103,6,2,2
202100017606,170Â 150,A01,1,1,1,0,1,8,-1,-1, -1,-1,2021,23.0,3,5,0,2,5,19,1,,4,LACAZE (DE L'AMIRAL),0,,1,2,0,1,0,0,1,, -1,1,0,1,50,19,9,1,974,97411,2,2,0,3,LACAZE (DE L'AMIRAL),-20.87653,55.44823,12,2,2
202100028851,150Â 148,A01,1,1,1,4,2,6,-1,0,0,-1,2021,25.0,1,1,0,2,1,1,1,,4,AVENUE PHILIPPE AUGUSTE,0,,2,2,0,2,(1),(1),1,, -1,1,5,1,30,14,7,5,75,75111,2,2,0,3,AVENUE PHILIPPE AUGUSTE,48.85356,2.392713,22,2,2
202100003475,195Â 542,B01,1,1,2,5,1,-1,-1,0,0,-1,2021,23.0,2,2,0,2,4,2,1,,3,613,-1,,2,2,0,1,52,500,1,, -1,2,0,1,50,4,12,5,14,14057,2,1,0,2,D613,49.12634,-0.210645,22,2,2
202100007644,188Â 084,A01,10,3,1,0,0,-1,-1,1,3,2,2021,38.0,3,5,0,1,1,1,1,,3,PUY-EN-VELAY (AVENUE DU),0,,2,2,0,2,56,650,1,, -1,1,0,1,50,16,11,3,7,7281,2,1,0,6,PUY-EN-VELAY (AVENUE DU),44.940705,4.839831,17,2,1
202100050393,111Â 618,A01,1,1,1,5,2,6,9,0,0,-1,2021,48.0,1,1,0,0,9,1,1,,3,238,0,E,1,1,0,3,0,32,3,, -1,2,5,1,50,22,2,1,61,61464,1,1,0,7,D238e,48.609646,0.165224,17,1,1
202100027889,151Â 860,A01,1,1,1,5,2,6,-1,-1, -1,-1,2021,16.0,0,1,0,0,1,1,1,,4,GRANDE PIECE (Ave de la),0,,-1,2,0,1,0,0,3,, -1,9,0,1,50,17,7,1,87,87085,2,1,0,7,GRANDE PIECE (Ave de la),45.854412,1.24883,19,1,1
202100052503,107Â 875,A01,1,1,1,9,1,-1,-1,0,0,-1,2021,34.0,1,2,2,2,3,1,1,,3,6,0,D,2,2,0,2,3,300,1,, -1,1,0,1,-1,6,1,1,11,11138,1,1,0,6,Route dÃ©partementale 6,43.26996792,1.94337844,17,2,2
202100055416,102Â 795,A01,1,1,2,1,1,0,-1,-1, -1,-1,2021,26.0,1,2,0,9,0,1,1,,1,A55 - Sens Marseille vers Martigues,0,,-1,2,0,1,12,0,1,, -1,2,0,8,90,11,1,3,13,13071,1,1,0,1,A55 - Sens Marseille vers Martigues,43.39817,5.29806,3,1,1
202100011862,180Â 520,A01,1,1,2,0,1,0,-1,-1, -1,-1,2021,60.0,1,2,0,2,3,13,1,,3,EUGENE VARLIN (R),0,,3,2,0,1,1,0,3,, -1,2,5,1,50,21,10,1,94,94017,2,1,1,3,Rue EugÃ©ne Varlin,48.82605,2.52122,15,3,2
202100037816,134Â 060,A01,10,3,2,5,0,-1,-1,1,3,2,2021,40.0,1,2,0,1,1,1,1,,3,RD 6009 NARBONNE - PERPIGNAN,0,,3,2,0,1,0,0,1,, -1,1,0,1,90,27,5,3,11,11262,2,1,0,6,RD 6009 NARBONNE - PERPIGNAN,43.168046,2.983199,0,3,1
202100017862,169Â 693,B01,1,1,1,2,2,6,-1,0,0,-1,2021,17.0,3,1,0,2,1,1,1,,4,JUIN (BOULEVARD MARECHAL),0,,3,2,0,1,1,0,1,, -1,1,0,1,50,20,9,1,14,14118,2,1,0,3,JUIN (BOULEVARD MARECHAL),49.2104,-0.3676,13,2,2
202100047220,117Â 359,A01,1,1,1,0,2,8,-1,-1, -1,-1,2021,16.0,3,1,0,2,1,1,1,,6,FRANCE (BD ANATOLE),0,,-1,-1,0,1,(1),(1),1,, -1,1,0,1,50,20,3,1,45,45208,2,9,0,3,Place du Patis,48.0011223465,2.7309104204,15,5,2
202100038467,132Â 888,A01,1,1,1,1,1,-1,-1,0,0,-1,2021,48.0,1,2,0,2,8,15,1,,7,46,0,A,2,2,0,2,1,714,1,, -1,1,0,1,70,21,5,1,13,13041,2,2,0,3,D46a,43.459465,5.489361,16,2,2
202100025836,155Â 510,C01,1,1,2,5,1,-1,-1,0,0,-1,2021,57.0,2,2,0,2,4,23,1,,3,21,-1,,2,2,0,1,20,(1),1,,4,2,5,1,80,4,8,1,22,22198,1,3,0,5,"CD21, PR20",48.759428,-3.495466,11,6,5
202100007176,188Â 928,A01,1,1,1,5,1,0,-1,-1, -1,-1,2021,92.0,3,2,0,2,2,2,1,,3,D619,0,,2,2,0,1,52,877,1,, -1,1,0,1,90,14,11,1,77,77532,1,1,0,6,D619,48.560754,3.221092,16,6,2
202100050772,110Â 926,A01,1,1,1,9,2,6,-1,0,0,-1,2021,21.0,1,1,0,0,4,1,1,,4,AVENUE DE VILLARS,0,,2,2,0,1,(1),(1),1,, -1,1,0,1,50,19,2,5,75,75107,2,2,0,7,AVENUE DE VILLARS,48.851766,2.313855,23,2,1
202100012528,179Â 318,A01,1,1,1,5,2,6,9,0,0,-1,2021,31.0,2,1,0,2,1,17,1,,3,238,-1,,2,2,0,1,8,300,1,, -1,1,0,1,80,19,10,1,33,33523,1,3,0,3,,44.744053,-0.274226,10,3,2
202100001402,199Â 268,A01,1,1,1,5,0,-1,-1,0,0,-1,2021,72.0,1,2,13,0,1,1,1,,3,113,0,D,2,2,0,3,5,850,2,, -1,1,0,1,80,26,12,3,47,47297,1,1,0,6,D113,44.332129,0.629826,20,1,1
202100009795,184Â 184,A01,10,3,1,0,0,-1,-1,2,3,1,2021,35.0,3,1,0,1,2,3,1,,4,POMPIDOU (AVENUE GEORGES) -RD 6085,0,,2,2,0,2,(1),(1),1,, -1,1,0,1,50,2,11,1,6,6069,2,1,0,6,POMPIDOU (AVENUE GEORGES) -RD 6085,43.64534,6.9399,12,2,1
202100032049,144Â 466,B01,1,1,1,5,2,6,-1,0,0,-1,2021,22.0,1,1,0,2,1,1,1,,3,417,0,D,2,2,0,1,14,200,1,, -1,2,0,1,80,27,6,1,88,88531,1,1,0,3,316 Route de Colmar,48.084447,6.912814,16,3,2
202100026038,155Â 139,A01,1,1,1,1,2,6,9,0,0,-1,2021,22.0,1,1,0,0,8,1,1,,3,69,0,,2,2,0,2,6,89,2,, -1,1,0,3,80,1,8,3,76,76068,1,1,0,7,Route de Valmont,49.703778,0.457478,22,1,1
202100027485,152Â 595,A01,1,1,1,5,2,6,-1,-1, -1,-1,2021,52.0,1,1,0,2,3,3,1,,1,10,0,,3,3,0,1,1,700,1,, -1,1,0,1,90,23,7,1,92,92002,1,1,0,3,AUTOROUTE A10,48.73225,2.31072,17,2,2
202100045350,120Â 678,A01,1,1,1,5,2,0,-1,-1, -1,-1,2021,19.0,2,1,14,0,1,13,1,,4,PAUL SEDAILLIAN                     (QU),0,,2,2,3,1,(1),(1),1,, -1,1,0,6,50,22,2,5,69,69389,2,1,0,7,PAUL SEDAILLIAN (Q),45.79112,4.81891,22,2,1
202100009956,183Â 902,A01,1,1,1,5,1,-1,-1,0,0,-1,2021,38.0,1,2,13,0,2,1,1,,3,274,0,,2,2,0,1,3,100,1,, -1,2,0,3,80,2,11,1,47,47217,1,1,1,7,Naudou,44.192607,0.771628,8,1,1
202100003912,194Â 764,A01,1,1,1,0,2,-1,-1,0,0,-1,2021,16.0,1,1,0,2,1,2,1,,3,63,-1,D,2,2,0,2,0,0,1,, -1,2,0,1,50,10,12,1,202,202134,2,1,1,2,Route de Monticello,42.631717,8.939524,12,2,2
202100051928,108Â 885,A01,1,1,1,9,2,0,-1,0,0,-1,2021,31.0,1,1,0,2,4,23,1,,4,RUE DE LA FIDELITE,0,,1,2,3,1,(1),(1),1,, -1,5,0,1,50,10,2,5,75,75110,2,2,1,2,RUE DE LA FIDELITE,48.874364,2.355415,18,2,2
202100040337,129Â 504,A01,1,1,1,1,2,6,-1,-1, -1,-1,2021,44.0,0,1,0,0,1,15,3,,4,STALINGRAD (PLACE),0,,1,2,0,2,(1),(1),1,, -1,1,-1,1,30,10,5,1,51,51454,2,7,0,7,Place Stalingrad,49.25147,4.02334,7,1,1
202100011919,180Â 421,A01,10,3,1,0,0,-1,-1,0,0,1,2021,46.0,1,4,0,1,2,1,1,,3,704,-1,D,2,2,0,2,7,500,1,, -1,1,0,1,90,21,10,1,24,24008,1,1,0,6,Lieu Dit les Noches,45.412223,1.146242,11,2,1
202100041030,128Â 279,B01,2,2,2,5,1,-1,-1,0,0,-1,2021,88.0,2,2,0,2,3,1,1,,4,4,0,,2,2,0,2,(1),(1),3,, -1,1,0,1,30,8,5,1,29,29179,1,1,0,1,Lieu Dit Auberge Neuve,48.502429,-4.303741,13,4,2
202100028447,150Â 866,B01,1,1,2,0,2,6,9,0,0,-1,2021,29.0,1,1,0,2,3,18,1,,7,,-1,,2,2,3,1,45,500,1,,"5,5",1,0,6,70,25,3,1,69,69116,2,2,0,3,ROUTE NATIONALE 6,45.8181899346,4.7713172436,12,2,2
202100006452,190Â 265,B01,1,1,1,3,8,0,-1,-1, -1,-1,2021,76.0,1,1,0,2,4,26,5,,4,GRASSE(RUE DE),0,,2,0,0,1,0,0,1,, -1,1,0,1,50,24,11,1,2,2738,2,1,1,2,GRASSE(RUE DE),49.660536,3.279146,11,2,2
202100027278,152Â 967,A01,1,1,1,5,1,-1,-1,0,0,-1,2021,20.0,2,2,8,0,8,14,1,,3,59,0,,2,2,0,2,16,500,1,, -1,2,0,1,80,25,7,1,18,18111,1,1,0,6,D59,47.234949,2.629412,8,1,1
202100041213,127Â 938,B01,1,1,1,5,0,-1,-1,0,0,-1,2021,20.0,3,1,0,2,0,1,0,,4,,-1,,2,2,0,1,(1),(1),1,, -1,1,0,1,50,6,5,1,31,31417,2,1,0,3,Boulevard des Ãcoles,43.618577,1.279757,17,2,2
202100011738,180Â 746,A01,1,1,1,1,1,0,-1,-1, -1,-1,2021,35.0,2,2,0,2,1,1,1,,1,AUTOROUTE A6,0,,3,6,0,2,18,739,1,, -1,1,0,1,110,22,10,1,91,91434,1,1,0,4,AUTOROUTE A6,48.66821,2.35454,13,5,4
202100002893,196Â 601,A01,10,3,2,2,0,-1,-1,4,5,3,2021,19.0,2,2,0,1,7,16,1,,4,PLATON (RUE),0,,2,2,0,1,0,0,1,, -1,1,0,1,50,10,12,1,87,87085,2,3,0,6,PLATON (RUE),45.8365,1.24258,13,2,1
202100017564,170Â 230,B01,1,1,1,4,1,-1,-1,0,0,-1,2021,55.0,2,2,0,2,5,15,1,,7,D7,-1,N,2,2,0,1,47,200,1,, -1,1,0,1,80,23,9,1,13,13091,1,1,0,5,D7n,43.617204,5.311718,9,3,3
202100021877,162Â 527,B01,1,1,1,9,2,6,-1,0,0,-1,2021,54.0,3,1,0,2,1,1,1,,2,2001,-1,,2,2,0,1,(1),(1),1,, -1,1,0,1,50,30,8,1,974,97415,2,3,0,3,Rue du GÃ©nÃ©ral de Gaulle,-21.05217,55.227995,15,2,2
202100011385,181Â 371,B01,1,1,1,0,2,6,-1,-1, -1,-1,2021,66.0,1,1,0,0,0,0,1,,4,AGAU (AVENUE DE L'),0,,2,2,0,1,(1),(1),1,, -1,1,0,1,50,23,10,1,34,34129,2,1,0,3,AGAU (AVENUE DE L'),43.58991,3.90838,18,3,2
202100029092,149Â 745,A01,1,1,1,9,2,6,-1,0,0,-1,2021,19.0,0,1,0,2,1,1,1,,4,ALSACE LORRAINE (BOULEVARD D'),0,,2,4,0,1,(1),(1),1,, -1,1,0,1,50,10,7,1,80,80021,2,2,0,1,ALSACE LORRAINE (BOULEVARD D'),49.8934317858,2.3084270954,21,2,2
202100048098,115Â 779,A01,1,1,2,5,1,-1,-1,0,0,-1,2021,74.0,1,2,0,2,1,19,1,,3,6015,-1,D,2,3,0,2,29,500,2,, -1,1,0,1,80,15,3,1,27,27598,1,1,0,1,"D6015, PK 029+500 vers VIRONVAY",49.226342,1.212037,9,2,2
202100026580,154Â 193,A01,2,2,1,5,2,6,9,0,0,-1,2021,27.0,1,1,16,0,1,1,1,,7,45,-1,A,2,2,0,2,5,500,3,, -1,1,0,3,80,27,7,1,13,13007,1,1,0,7,RD 45 A,43.342674,5.656521,19,2,1
202100036875,135Â 784,A01,1,1,1,2,2,6,-1,0,0,-1,2021,19.0,2,1,0,2,3,14,1,,4,,-1,,2,2,0,1,(1),(1),1,, -1,1,0,1,50,2,6,1,37,37031,2,1,0,3,7 rue des sablons,47.2773401405,0.1831841469,18,2,2
202100031771,144Â 972,B01,1,1,1,5,0,-1,-1,0,0,-1,2021,14.0,1,1,0,2,2,2,5,,3,39,-1,,2,2,0,2,67,810,1,, -1,1,0,1,70,28,6,1,87,87038,1,1,0,3,Lieu Dit la Pacaille,45.917318,1.233628,13,2,2
202100032393,143Â 871,A01,1,1,1,5,2,-1,-1,0,0,-1,2021,74.0,1,1,0,0,0,1,5,,3,33,-1,,2,2,0,2,16,700,2,, -1,1,0,1,90,26,6,1,15,15076,1,1,0,7,D33,44.862071,2.175851,11,1,1
202100043710,123Â 560,A01,1,1,1,5,0,-1,-1,0,0,-1,2021,17.0,2,1,0,0,0,1,5,,3,57,0,B,2,2,0,2,1,450,2,, -1,1,0,1,70,18,4,1,38,38442,1,1,0,6,Route de Cherlieu,45.31738,5.79919,11,1,1
202100004202,194Â 244,A01,1,1,1,0,1,0,-1,-1, -1,-1,2021,67.0,2,2,0,2,1,1,1,,1,AUTOROUTE A6,0,,3,6,0,1,23,584,1,, -1,1,0,1,110,8,12,3,91,91521,1,1,0,4,AUTOROUTE A6,48.642976,2.391546,18,3,3
202100029368,149Â 280,A01,1,1,1,0,8,-1,-1,0,0,-1,2021,19.0,2,2,0,2,8,13,1,,3,999,0,,2,3,0,2,100,370,2,, -1,2,0,1,90,13,7,1,12,12186,1,1,1,3,D999 - PK 100+500,43.876795,2.585451,18,3,2
202100035555,138Â 157,B01,1,1,1,5,2,0,-1,-1, -1,-1,2021,14.0,3,1,0,9,1,1,0,,4,PETIT PARC (QU DU),0,,1,1,1,1,0,0,1,, -1,1,0,1,30,8,6,1,94,94068,2,1,0,1,PETIT PARC (QU DU),48.81221,2.48532,18,2,2
202100008786,186Â 039,A01,1,1,1,5,1,-1,-1,0,0,-1,2021,84.0,1,2,0,2,1,5,0,,3,97,-1,,2,2,0,1,39,120,1,, -1,2,0,1,80,9,11,3,83,83067,1,1,1,5,D97,43.315112,6.275108,18,3,3
202100024076,158Â 620,A01,2,2,2,5,1,-1,-1,0,0,-1,2021,68.0,1,2,4,0,3,0,1,,1,40,0,,1,1,0,2,191,355,3,, -1,1,0,1,30,15,8,1,1,1343,1,1,0,6,Aire du MusÃ©e de la Bresse (Aire de repos),46.279966,4.982632,9,2,1
202100044916,121Â 437,A01,1,1,1,0,2,8,-1,-1, -1,-1,2021,18.0,3,1,0,0,1,1,1,,4,COURS DUPONT,0,,1,1,0,1,0,0,1,, -1,1,0,1,50,2,4,1,85,85194,2,1,0,2,COURS DUPONT,46.49801,-1.77866,19,2,2
202100016008,173Â 050,A01,1,1,2,3,1,-1,-1,0,0,-1,2021,83.0,2,2,0,2,2,15,1,,3,29,-1,,2,2,0,2,4,700,1,,4,1,5,1,80,30,9,1,64,64010,1,3,0,3,D29 PK 4 + 700,43.361585,-1.01969,17,4,2
202100006898,189Â 440,A01,1,1,1,9,0,-1,-1,0,0,-1,2021,34.0,-1,1,0,0,0,26,0,,3,JAURES (AVENUE JEAN) DE 28 A 62,0,,-1,2,0,1,0,1,1,, -1,1,0,1,50,21,11,5,93,93013,2,1,0,6,JAURES (AVENUE JEAN) DE 28 A 62,48.9326886724,2.4253753002,21,1,1
202100014822,175Â 211,A01,1,1,1,0,2,0,-1,0,0,-1,2021,50.0,3,1,0,0,0,1,1,,7,SAUVAIGO PIERRE AVENUE,0,,2,2,0,1,(1),(1),1,, -1,1,0,1,50,6,10,1,6,6123,2,1,0,7,SAUVAIGO PIERRE AVENUE,43.661976,7.181706,17,1,1
202100015672,173Â 655,A01,10,3,2,5,0,-1,-1,5,9,3,2021,60.0,3,2,0,1,1,20,1,,4,,-1,,2,2,0,2,(1),(1),1,,4,1,9,4,50,1,10,1,91,91272,2,1,0,6,Chemin des vignes,48.705602,2.119277,14,4,1
202100036158,137Â 058,A01,1,1,1,5,2,6,-1,0,0,-1,2021,42.0,1,1,0,0,9,2,1,,3,2,2,,3,2,0,1,(1),(1),1,, -1,1,0,8,80,6,6,4,7,7302,1,1,0,7,D2,44.665992,4.708257,21,1,1
202100035053,139Â 038,A01,10,3,1,5,0,-1,-1,2,5,2,2021,2.0,1,1,0,1,3,1,1,,4,RUE DUTOT,0,,2,2,0,1,(1),(1),1,, -1,1,0,1,30,10,6,1,75,75115,2,2,0,6,RUE DUTOT,48.83866,2.308769,13,3,1
202100042482,125Â 686,A01,1,1,1,5,8,0,-1,-1, -1,-1,2021,23.0,2,1,0,2,7,1,1,,4,LANGRES (DE) (AVENUE),0,,3,2,0,1,(1),(1),1,, -1,1,0,1,50,25,4,1,21,21231,2,3,0,3,22 Avenue de Langres,47.34411,5.04515,20,2,2
202100017557,170Â 244,A01,1,1,1,5,2,4,6,0,0,-1,2021,27.0,2,1,13,0,2,1,1,,3,11,0,,2,2,0,2,30,570,2,0,6,1,0,3,80,23,9,1,16,16261,1,1,0,6,Les Pins,45.792658,0.377221,15,1,1
202100002342,197Â 600,B01,1,1,1,5,1,-1,-1,-1, -1,-1,2021,56.0,2,2,0,2,4,1,1,,2,RN346   34.850 A 36.215,0,,3,4,0,1,34,900,1,, -1,2,0,1,90,16,12,5,69,69271,1,1,0,2,RN346  34.850 A 36.215,45.7533986234,4.9855399132,22,2,2
202100053706,105Â 735,B01,2,2,1,0,1,0,-1,-1, -1,-1,2021,35.0,1,2,0,2,7,1,1,,6,AV DE LA MAISON NEUVE,0,,-1,0,0,1,0,0,1,, -1,1,0,1,30,25,1,1,91,91103,1,1,0,3,AV DE LA MAISON NEUVE,48.588235,2.304456,13,3,2
202100021220,163Â 729,B01,1,1,2,1,1,0,-1,-1, -1,-1,2021,36.0,0,2,0,2,2,15,1,,4,BEVERINI VICO PAIR AVENUE,0,,-1,2,0,2,(1),(1),1,, -1,1,0,1,50,2,9,1,201,201004,2,2,0,3,BEVERINI VICO PAIR AVENUE,41.9265175753,8.7371331106,9,2,2
202100048236,115Â 532,A01,1,1,1,5,1,0,-1,-1, -1,-1,2021,89.0,1,2,9,2,1,9,1,,3,Georges GUINGOUIN(rue),0,,2,2,0,1,0,0,2,, -1,2,0,1,50,10,3,1,87,87085,2,2,0,3,Georges GUINGOUIN(rue),45.9074897,1.2953673,9,2,2
202100024149,158Â 494,B01,1,1,1,9,2,0,-1,0,0,-1,2021,38.0,2,1,0,2,6,2,1,,4,RUE DU FAUBOURG DU TEMPLE,0,,1,2,0,2,(1),(1),1,, -1,1,0,1,30,14,8,1,75,75110,2,3,0,2,RUE DU FAUBOURG DU TEMPLE,48.8688269663,2.3676234484,11,2,2
202100022778,160Â 886,A01,1,1,1,0,2,6,-1,-1, -1,-1,2021,52.0,2,1,0,2,3,9,1,,3,QUARANTE SOUS ROUTE DE,0,,3,3,0,1,26,1130,1,, -1,2,3,1,70,22,6,1,78,78498,1,1,1,3,QUARANTE SOUS ROUTE DE,48.91513,2.0191,10,2,2
202100007066,189Â 126,B01,1,1,1,0,2,6,-1,0,0,-1,2021,50.0,1,1,0,2,8,1,1,,3,48,0,,2,2,0,1,9,205,1,, -1,1,0,1,80,19,11,1,83,83148,1,1,0,3,Route de Saint-Tropez,43.409081,6.429931,13,2,2
202100031125,146Â 106,B01,1,1,2,0,1,-1,-1,-1, -1,-1,2021,36.0,1,2,0,2,4,1,1,,3,PLAGE (BD DE LA) DU 196 ET +,0,,1,2,0,1,(1),(1),1,, -1,1,0,1,50,3,7,1,33,33009,2,1,0,2,PLAGE (BD DE LA) DU 196 ET +,44.66281,-1.17663,16,3,2
202100012810,178Â 822,B01,1,1,1,0,8,-1,-1,-1, -1,-1,2021,29.0,1,1,0,2,1,9,5,,4,VICTOR AUGAGNEUR                    (QU),0,,1,3,1,1,(1),(1),1,, -1,1,0,5,50,16,10,1,69,69383,2,1,0,1,VICTOR AUGAGNEUR (Q),45.76203,4.84125,15,2,2
202100013114,178Â 303,A01,2,2,2,5,8,0,-1,0,0,-1,2021,16.0,1,1,0,2,1,1,3,,4,RUE DE LA VICTOIRE,0,,1,1,0,1,(1),(1),1,, -1,1,0,1,30,15,10,1,75,75109,2,2,0,3,RUE DE LA VICTOIRE,48.875018,2.331403,14,3,2
202100048116,115Â 742,B01,1,1,1,5,1,0,-1,-1, -1,-1,2021,26.0,1,2,0,0,1,23,1,,2,RN406.Y,0,,3,2,0,4,6,0,1,, -1,2,0,1,50,13,3,1,94,94011,1,1,0,6,RN406.Y,48.7613,2.49351,14,6,3
202100053277,106Â 502,B01,1,1,1,5,0,-1,-1,0,0,-1,2021,22.0,1,1,0,2,2,1,5,,3,1113,-1,,2,2,0,1,(1),(1),2,, -1,2,0,1,50,27,1,1,33,33327,2,6,1,3,Cours du MarÃ©chal Foch,44.656894,-0.36639,16,2,2
202100047726,116Â 437,B01,1,1,2,1,2,4,-1,-1, -1,-1,2021,50.0,2,1,0,2,4,2,5,,7,HEYRIEUX (D')                       (RO),0,,4,2,0,1,6,250,2,, -1,1,0,1,50,8,3,1,69,69290,2,6,0,3,EGALITE (DE L') (R),45.68589,4.94711,7,2,2
202100031444,145Â 541,B01,1,1,1,0,8,0,-1,-1, -1,-1,2021,45.0,1,2,0,2,1,15,5,,4,101,0,,2,2,1,1,0,0,1,, -1,1,0,1,50,30,6,1,92,92012,2,3,0,3,PIERRE GRENIER (AVENUE),48.8328510385,2.2535641242,19,2,2
202100038681,132Â 497,A01,2,2,1,3,1,-1,-1,0,0,-1,2021,25.0,2,2,2,0,2,14,1,,3,929,-1,,2,2,0,1,42,500,2,, -1,1,0,3,90,24,5,1,65,65408,1,1,0,6,D929,42.985614,0.376051,13,2,1
202100009590,184Â 565,A01,10,3,1,5,0,-1,-1,2,5,1,2021,22.0,1,2,0,1,2,1,1,,4,CHAZELLES ( COURS LOUIS  DE ),0,,2,4,3,1,(1),(1),1,, -1,1,5,1,30,29,10,1,56,56121,2,1,0,6,CHAZELLES ( COURS LOUIS  DE ),47.75492,-3.36324,17,2,1
202100017598,170Â 164,A01,10,3,2,0,8,-1,-1,3,3,1,2021,82.0,2,2,0,1,1,17,1,,4,SPORTS (DES)                        (AV),0,,2,2,0,1,(1),(1),1,, -1,1,0,1,30,17,9,1,69,69029,2,1,0,6,SPORTS (DES) (AV),45.72913,4.90955,11,2,1
202100048781,114Â 571,A01,1,1,1,1,8,0,-1,0,0,-1,2021,26.0,2,1,0,2,6,1,5,,4,RUE DE ROME,0,,2,2,0,2,(1),(1),1,, -1,1,0,1,50,8,3,5,75,75108,2,5,0,3,RUE DE ROME,48.879486,2.321856,19,2,2
202100015193,174Â 551,B01,1,1,1,4,1,-1,-1,-1, -1,-1,2021,71.0,2,2,0,2,4,2,1,,7,RD383   7.640 A 11.044,0,,3,8,0,1,8,899,1,, -1,2,0,1,70,4,10,1,69,69029,1,1,0,2,RD383   7.640 A 11.044,45.73888,4.90453,14,3,2