Num_Acc,id_vehicule,num_veh,place,catu,sexe,trajet,secu1,secu2,secu3,locp,actp,etatp,year_acc,victim_age,senc,catv,obs,obsm,choc,manv,motor,occutc,catr,voie,v1,v2,circ,nbv,vosp,prof,pr,pr1,plan,lartpc,larrout,surf,infra,situ,vma,jour,mois,lum,dep,com,agg_,int,atm,col,adr,lat,long,hour,nb_victim,nb_vehicules
202100033629,141Â 653,B01,1,1,2,9,2,0,-1,0,0,-1,2021,56.0,1,1,0,2,8,9,5,,4,RUE ARCHEREAU,0,,1,1,0,1,(1),(1),1,, -1,1,0,1,50,18,6,1,75,75119,2,1,0,1,RUE ARCHEREAU,48.891734,2.374557,10,2,2
202100008206,187Â 052,B01,1,1,1,1,1,-1,-1,0,0,-1,2021,28.0,1,2,0,2,1,1,1,,3,rd16,-1,,2,2,0,1,5,100,3,, -1,1,0,1,80,15,11,3,95,95641,1,1,1,2,RD 16,49.062142,2.568146,6,2,2
202100024448,157Â 976,A01,1,1,1,0,2,6,-1,0,0,-1,2021,41.0,1,1,1,0,1,1,1,,3,93,-1,,2,2,0,2,2,850,1,, -1,1,0,1,70,13,8,3,83,83101,1,1,0,6,Route des Plages,43.246516,6.648477,0,1,1
202100027340,152Â 852,B01,1,1,1,5,2,0,-1,-1, -1,-1,2021,63.0,1,1,0,2,3,0,6,,4,TASSIGNY (DE LATTRE DE),0,,2,2,0,1,0,0,1,, -1,1,0,1,50,22,7,1,81,81163,2,3,0,3,TASSIGNY (DE LATTRE DE),43.4895087656,2.369141914,11,2,2
202100055408,102Â 806,A01,1,1,1,1,2,-1,-1,0,0,-1,2021,63.0,3,1,6,0,1,1,1,,4,,-1,,2,2,0,1,(1),(1),1,, -1,1,9,3,30,13,1,1,202,202042,1,1,1,6,Lotissement Lanciatojo,42.576533,9.465666,11,1,1
202100018600,168Â 387,B01,1,1,1,5,2,6,-1,-1, -1,-1,2021,47.0,2,1,7,2,1,1,1,,4,DEBUSSY (RUE CLAUDE),0,,-1,2,0,1,0,0,2,, -1,1,0,1,50,7,9,1,3,3321,1,4,0,3,DEBUSSY (RUE CLAUDE),46.583236,3.350455,18,2,2
202100049188,113Â 833,A01,1,1,1,5,1,-1,-1,0,0,-1,2021,60.0,3,5,16,0,9,14,1,,4,RM1,0,,2,2,0,3,(1),(1),2,, -1,2,0,1,50,5,3,3,988,98815,1,4,1,7,"RM9/VU19, tribu de PATHO- sens KURINE-PATHO",-21.581446,168.106549,19,5,1
202100019100,167Â 494,A01,1,1,1,0,1,0,-1,-1, -1,-1,2021,36.0,1,2,0,2,6,1,1,,1,A55 - Sens Marseille vers Martigues,0,,-1,3,0,1,12,500,1,, -1,1,0,1,90,13,9,1,13,13071,1,1,0,2,A55 - Sens Marseille vers Martigues,43.3867948631,5.3074479103,17,2,2
202100029656,148Â 782,B01,1,1,1,5,0,-1,-1,0,0,-1,2021,13.0,1,1,0,2,8,19,5,,2,5,-1,,2,2,0,2,(1),(1),1,, -1,1,0,1,50,10,7,1,974,97414,2,1,0,3,233 route de cilaos,-21.270684,55.442934,13,2,2
202100051231,110Â 106,A01,1,1,1,5,8,-1,-1,0,0,-1,2021,27.0,2,2,13,0,3,13,1,,3,48,0,B,2,2,0,1,1,100,1,, -1,2,0,3,80,18,2,2,36,36200,1,1,1,6,Le GuÃ© de Saint Marin,46.608652,1.494116,18,2,1
202100020889,164Â 311,A01,1,1,1,1,2,0,-1,-1, -1,-1,2021,50.0,2,1,1,0,1,1,1,,3,GENERAL LECLERC (AV DU),0,,-1,4,0,1,1,0,3,, -1,2,0,1,50,4,9,1,94,94046,2,1,0,2,Avenue du GÃ©nÃ©ral Leclerc,48.81547,2.42069,9,2,2
202100038526,132Â 775,B01,1,1,2,3,1,0,-1,0,0,-1,2021,49.0,1,2,0,2,4,23,1,,4,AVENUE FOCH,0,,2,4,0,1,(1),(1),1,, -1,2,0,1,50,24,5,1,75,75116,2,3,1,2,AVENUE FOCH,48.872721,2.28032,16,4,2
202100019313,167Â 104,B01,2,2,1,0,8,0,-1,-1, -1,-1,2021,38.0,1,2,0,2,1,1,1,,4,AFARERII (RUE),0,,2,2,0,1,0,0,1,, -1,1,5,1,50,11,9,2,987,98736,2,2,0,3,CHARLES DE GAULLE (AV),-17.526747,-149.544986,5,3,2
202100016303,172Â 494,B01,1,1,2,4,1,-1,-1,0,0,-1,2021,39.0,1,2,0,0,6,1,1,,1,6,-1,,3,5,0,1,213,730,1,, -1,1,0,1,130,12,9,3,89,89333,1,1,0,3,,47.50447,4.046745,23,4,2
202100008455,186Â 626,B01,1,1,1,1,2,8,-1,-1, -1,-1,2021,43.0,3,0,0,2,1,1,3,,4,DE GAULLE (PLACE CHARLES),0,,1,2,0,1,(1),(1),2,, -1,1,0,1,50,10,11,1,71,71153,2,6,0,3,DE GAULLE (PLACE CHARLES),46.8072559581,4.4324766609,16,2,2
202100023677,159Â 296,A01,1,1,1,5,2,6,-1,-1, -1,-1,2021,22.0,3,1,0,0,7,1,1,,4,FEUILLEE DE LA                      (PT),0,,2,2,2,2,(1),(1),1,, -1,1,2,1,50,17,8,5,69,69381,2,1,0,7,FEUILLEE DE LA (PT),45.76671,4.82994,6,2,1
202100017855,169Â 703,B01,1,1,1,0,1,0,-1,-1, -1,-1,2021,35.0,1,2,0,2,4,2,1,,3,BETHONCOURT (ROUTE DE ),0,,2,2,0,1,0,700,1,, -1,1,5,1,50,18,9,1,25,25388,2,4,0,2,BETHONCOURT (ROUTE DE ),47.52458,6.81175,12,4,2
202100002676,196Â 991,A01,1,1,2,0,1,-1,-1,0,0,-1,2021,31.0,2,2,0,2,1,0,1,,3,211,-1,,2,2,0,1,9,500,1,, -1,2,0,1,80,17,12,3,80,80130,1,1,0,5,D211,49.891123,2.146626,19,3,3
202100037712,134Â 257,A01,1,1,1,5,8,-1,-1,0,0,-1,2021,32.0,1,2,6,0,3,1,1,,3,932,-1,,2,2,0,2,(1),(1),3,, -1,1,0,1,50,30,5,5,59,59412,2,1,0,6,29 ChaussÃ©e Brunehaut,50.121111,3.542506,2,1,1
202100002016,198Â 188,C01,1,1,2,0,1,0,-1,0,0,-1,2021,20.0,2,2,0,2,4,2,1,,7,,0,,1,2,0,1,(1),(1),1,, -1,2,0,1,50,16,12,5,63,63164,2,1,1,4,L INDUSTRIE (RUE DE),45.82276,3.13775,17,4,4
202100011278,181Â 578,B01,1,1,1,5,2,6,9,0,0,-1,2021,47.0,2,1,0,2,5,2,1,,3,36,0,D,2,2,0,1,22,0,1,, -1,1,0,1,80,23,10,1,38,38144,2,1,0,3,D36,45.596181,5.095328,15,2,2
202100016906,171Â 402,B01,1,1,2,1,2,0,-1,-1, -1,-1,2021,45.0,1,1,0,2,1,26,1,,4,PELLERINIERE,0,,2,2,0,1,1,0,1,, -1,1,0,1,50,24,9,1,49,49267,2,1,0,1,PELLERINIERE,47.46048,-0.48786,8,2,2
202100008980,185Â 664,A01,10,3,2,5,0,-1,-1,3,3,1,2021,91.0,3,2,0,1,1,19,4,,3,128,0,,-1,2,0,1,0,0,1,, -1,1,0,1,50,7,11,5,92,92007,2,1,0,6,RAVERA (AVENUE HENRI) NÂ° 1 A 109 ET 2 A,48.7980748783,2.3033201694,17,2,1
202100023330,159Â 907,A01,1,1,2,9,1,-1,-1,0,0,-1,2021,27.0,1,2,0,2,3,13,1,,3,92,0,,2,2,0,1,0,570,1,, -1,1,0,1,80,20,8,1,57,57418,1,1,0,1,44 Rue de la Gare,48.855528,6.880901,11,2,2
202100043807,123Â 378,A01,1,1,1,0,2,6,-1,-1, -1,-1,2021,29.0,1,1,16,0,4,23,1,,3,CROIZAT AMBROISE RD 29 BIS,0,,3,2,0,1,0,1,1,, -1,1,0,1,50,16,4,1,93,93066,2,3,0,2,CROIZAT AMBROISE RD 29 BIS,48.93026,2.35043,13,2,2
202100012494,179Â 375,A01,2,2,1,5,1,0,-1,-1, -1,-1,2021,36.0,1,2,0,2,1,0,1,,3,FOCH(AVENUE DU MARECHAL),0,,3,4,0,1,1,0,1,, -1,1,5,1,50,16,10,4,94,94028,2,6,0,3,Avenue du MarÃ©chal Foch,48.78448,2.436874,22,4,2
202100009003,185Â 624,A01,1,1,1,4,8,-1,-1,0,0,-1,2021,54.0,3,4,16,0,8,16,1,,3,554,0,D,2,2,0,4,3,500,3,, -1,1,0,3,80,8,11,1,60,60525,1,1,1,7,D554,49.2759506813,2.7373361885,15,1,1
202100000469,200Â 867,A01,10,3,2,0,0,-1,-1,3,3,1,2021,71.0,2,2,0,1,1,1,1,,4,GABRIEL PERI         (Rue),0,,2,2,2,1,(1),(1),1,, -1,1,0,1,50,12,11,1,69,69266,2,1,0,6,GABRIEL PERI (R),45.77104,4.86396,10,2,1
202100010663,182Â 671,B01,1,1,1,0,1,0,-1,-1, -1,-1,2021,43.0,2,2,0,2,4,2,1,,1,AUTOROUTE A1,0,,3,6,0,1,207,100,1,, -1,1,0,1,90,27,10,1,59,59343,1,1,0,5,AUTOROUTE A1,50.589656,3.096583,14,3,3
202100028838,150Â 172,A01,1,1,1,5,1,0,-1,-1, -1,-1,2021,65.0,1,2,0,2,3,13,1,,3,D709 (Rte de Mussidan),0,,2,2,0,1,83,900,1,, -1,1,0,1,90,14,7,1,24,24037,1,1,0,1,D709 (Rte de Mussidan),44.88493,0.45439,16,3,2
202100044994,121Â 303,A01,1,1,1,1,2,-1,-1,0,0,-1,2021,25.0,1,1,0,2,8,13,1,,3,7,-1,,2,2,0,1,23,(1),1,, -1,1,0,1,70,6,4,1,22,22019,1,1,0,3,Lieu Dit Kerimerch,48.588219,-2.982981,18,2,2
202100017237,170Â 835,A01,1,1,1,5,2,-1,-1,0,0,-1,2021,88.0,0,0,0,0,0,0,3,,4,,-1,,2,2,0,2,(1),(1),1,,4,1,0,1,50,24,9,1,26,26188,2,1,0,7,155 avenue de Verdun,44.235203,5.188513,14,1,1
202100007515,188Â 326,A01,1,1,1,1,0,-1,-1,0,0,-1,2021,62.0,2,1,0,2,0,1,5,,2,9,0,N,2,2,0,2,(1),(1),1,, -1,1,0,1,50,16,11,1,971,97112,2,4,0,3,N9,15.887025,-61.315365,15,2,2
202100037974,133Â 784,A01,1,1,1,9,8,-1,-1,0,0,-1,2021,21.0,0,0,0,2,1,1,3,,4,RUE D ELA RIVIERE DE CASSIS,0,,-1,2,0,1,(1),(1),1,, -1,1,0,1,50,21,5,1,80,80021,2,2,0,1,RUE D ELA RIVIERE DE CASSIS,49.91283,2.29901,18,2,2
202100015961,173Â 138,A01,10,3,1,2,0,-1,-1,1,3,1,2021,10.0,1,5,0,1,3,1,1,,3,BALLANGER (BD ROBERT),0,,2,2,0,1,0,0,1,, -1,1,0,1,50,30,9,1,93,93078,2,1,0,3,BALLANGER (BD ROBERT),48.95547,2.53887,17,2,1
202100048943,114Â 265,A01,1,1,2,0,1,-1,-1,-1, -1,-1,2021,59.0,2,2,8,0,1,26,1,,4,AVE DE L'HIPPODROME,0,,2,3,3,1,(1),(1),1,, -1,1,9,6,50,6,3,5,33,33069,2,9,0,6,Avenue de lâHippodrome,44.87588,-0.62386,21,1,1
202100031225,145Â 926,A01,1,1,1,5,1,-1,-1,0,0,-1,2021,32.0,0,2,0,0,0,26,1,,5,,-1,,-1,2,0,1,(1),(1),1,,5,2,9,8,30,4,7,3,95,95116,1,1,1,7,Chemin du Bac des Aubins,49.147563,2.331161,4,2,1
202100018759,168Â 110,B01,1,1,1,4,8,-1,-1,-1, -1,-1,2021,35.0,3,0,0,2,7,1,3,,4,COURMEAUX (RUE),0,,1,1,0,1,(1),(1),1,, -1,2,0,1,30,14,9,1,51,51454,2,2,0,3,Rue Courmeaux,49.2570327423,4.0358363853,13,2,2
202100031114,146Â 125,A01,2,2,2,5,2,-1,-1,-1, -1,-1,2021,17.0,2,1,0,2,1,1,1,,4,RUE DE LA COURSE,0,,1,1,2,1,(1),(1),1,, -1,2,9,1,30,3,7,5,33,33063,2,2,1,3,Rue de la Course,44.85132,-0.57618,1,3,2
202100032484,143Â 704,A01,10,3,1,5,0,-1,-1,3,3,2,2021,5.0,2,2,0,1,2,1,1,,4,COLOMB (RUE CHRISTOPHE),0,,2,2,1,1,(1),(1),1,, -1,1,0,1,50,24,6,1,37,37261,2,2,0,6,COLOMB (RUE CHRISTOPHE),47.3794372137,0.700647911,18,2,1
202100046676,118Â 340,A01,1,1,1,0,1,-1,-1,0,0,-1,2021,67.0,1,2,0,2,3,15,1,,3,23,-1,,2,2,0,1,23,600,3,, -1,1,0,1,70,25,3,1,83,83097,1,1,0,3,Intersection D23 Route de TRETS / Chemin des grosses Pierres,43.496322,5.72919,7,2,2
202100004603,193Â 548,B01,1,1,1,1,9,-1,-1,0,0,-1,2021,60.0,1,1,0,2,1,1,5,,3,1075,-1,,2,2,1,1,76,665,1,,4,1,5,5,50,3,12,2,38,38565,2,3,0,3,Rue du Peuil,45.277687,5.648298,7,2,2
202100015874,173Â 304,A01,1,1,2,1,1,0,-1,-1, -1,-1,2021,27.0,1,2,0,2,4,23,1,,2,PATRICK SAINT ELOI ( AVENUE ),0,,3,3,0,1,(1),(1),1,, -1,1,0,1,50,30,9,1,971,97101,2,9,0,2,PATRICK SAINT ELOI ( AVENUE ),16.25427,-61.523,17,3,2
202100007912,187Â 598,B01,1,1,1,1,2,6,9,0,0,-1,2021,55.0,2,1,0,2,1,1,1,,3,402,0,,2,2,0,1,41,100,1,, -1,2,0,1,80,17,11,2,77,77360,1,1,1,1,D402,48.743707,2.99814,7,2,2
202100031301,145Â 790,A01,1,1,1,5,2,0,-1,0,0,-1,2021,52.0,2,1,8,0,1,16,3,,4,RUE DU CHATEAU DES RENTIERS,0,,1,1,0,4,(1),(1),1,, -1,1,0,1,50,2,7,5,75,75113,2,7,0,6,RUE DU CHATEAU DES RENTIERS,48.82898,2.365429,2,1,1
202100036513,136Â 440,B01,1,1,1,5,2,-1,-1,0,0,-1,2021,41.0,0,1,0,2,1,0,5,,4,,-1,,2,2,0,1,(1),(1),1,, -1,1,0,1,50,4,6,1,38,38167,2,1,0,1,Route du Pilon,45.467786,5.321363,16,2,2
202100053895,105Â 412,A01,1,1,1,0,8,-1,-1,0,0,-1,2021,21.0,0,2,13,9,1,1,1,,2,RT2,-1,,2,2,0,1,(1),(1),1,, -1,1,9,3,70,24,1,3,986,98613,1,1,0,7,Mat 'utu   RT2,-13.278229,-176.196681,23,1,1
202100026583,154Â 187,A01,1,1,2,0,2,-1,-1,0,0,-1,2021,26.0,3,1,0,0,0,1,1,,4,,-1,,3,2,0,2,(1),(1),2,,4,1,0,1,50,29,7,1,54,54215,2,1,0,7,Rue du Saule Gaillard,48.74445,6.15038,10,3,3
202100017595,170Â 171,B01,1,1,2,1,1,8,-1,-1, -1,-1,2021,20.0,1,2,0,2,4,1,1,,1,A4,0,,3,3,0,1,3,700,1,, -1,1,0,1,90,22,9,5,94,94069,1,1,0,6,A4,48.8164,2.45076,22,5,4
202100000923,200Â 097,A01,1,1,1,5,2,6,-1,0,0,-1,2021,14.0,2,1,0,2,7,15,1,,3,2076,0,,2,1,0,2,82,400,1,,3,2,0,1,90,31,12,5,18,18281,1,2,0,3,RD 2076,47.184988,2.185893,18,3,2
202100005350,192Â 224,A01,3,2,1,0,8,0,-1,-1, -1,-1,2021,20.0,1,2,6,0,3,1,1,,7,SAINT JEROME (AVENUE DE),0,,2,2,0,1,0,0,1,, -1,1,0,1,50,1,12,5,13,13213,2,1,0,6,SAINT JEROME (AVENUE DE),43.32822,5.41873,2,4,1
202100004293,194Â 085,Z01,3,2,1,9,1,8,-1,0,0,-1,2021,48.0,1,2,0,2,1,2,1,,4,QUAI DE LA RAPEE,0,,1,3,0,1,(1),(1),1,, -1,1,0,1,50,7,12,1,75,75112,2,2,0,2,QUAI DE LA RAPEE,48.844683,2.36917,12,3,2
202100043272,124Â 316,A01,1,1,1,5,2,6,9,0,0,-1,2021,47.0,1,1,0,6,1,1,1,,3,43,0,D,2,2,0,2,12,900,1,, -1,1,0,1,70,21,4,2,95,95253,1,1,0,6,D43,49.055701,1.86803,7,1,1
202100022124,162Â 084,A01,10,3,2,0,0,-1,-1,4,3,1,2021,37.0,1,1,0,1,0,0,0,,3,GENERAL LECLERC(AVE DU)(43/87 ET 78/120),0,,2,2,0,1,0,1,1,, -1,1,0,1,50,27,8,1,93,93055,2,1,0,6,GENERAL LECLERC(AVE DU)(43/87 ET 78/120),48.89669,2.40244,13,2,1
202100040450,129Â 304,B01,1,1,1,0,2,-1,-1,-1, -1,-1,2021,51.0,2,1,0,0,0,1,5,,4,,0,,2,4,1,2,(1),(1),1,, -1,2,0,1,50,10,5,1,69,69381,2,3,1,7,GENERAL GIRAUD (DU) (CR),45.76976,4.81693,13,2,2
202100028705,150Â 408,B01,1,1,2,0,1,0,-1,-1, -1,-1,2021,41.0,1,1,0,0,1,2,1,,3,SAINT LEU (ROUTE DE) 1 Ã  157,0,,2,2,0,1,0,1,1,, -1,1,0,1,50,16,7,1,93,93031,2,1,0,3,Route de Saint-Leu,48.953352,2.336295,20,2,2
202100046562,118Â 541,B01,1,1,1,9,2,8,-1,-1, -1,-1,2021,37.0,1,1,0,2,0,1,1,,2,ROUTE NATIONALE 1,0,,2,4,0,2,3,700,1,, -1,1,9,1,90,17,2,2,973,97302,1,1,0,3,ROUTE NATIONALE 1,4.89931,-52.32653,18,2,2
202100041040,128Â 255,A01,1,1,1,0,2,6,-1,-1, -1,-1,2021,26.0,2,1,0,2,1,2,1,,2,ROUTE NATIONALE 356,0,,3,4,0,1,0,500,2,, -1,1,0,1,90,3,5,1,59,59350,1,1,0,2,ROUTE NATIONALE 356,50.625297,3.084186,15,2,2
202100046897,117Â 947,A01,10,3,2,2,0,-1,-1,3,3,1,2021,15.0,0,2,0,1,1,1,1,,4,SACRE-COEUR (CHEMIN DU),0,,2,2,0,2,(1),(1),1,, -1,1,0,1,30,22,3,1,66,66136,2,1,0,6,SACRE-COEUR (CHEMIN DU),42.71778,2.87895,8,2,1
202100005915,191Â 217,A01,10,3,1,0,0,-1,-1,2,6,1,2021,48.0,1,2,0,1,1,1,1,,4,MONTANT (RUE DU),0,,2,2,0,1,(1),(1),1,, -1,1,0,1,30,25,11,2,63,63032,2,1,0,6,MONTANT (RUE DU),45.75246,3.09721,17,2,1
202100022988,160Â 538,A01,1,1,1,5,0,-1,-1,0,0,-1,2021,19.0,1,1,0,2,1,2,5,,3,83,-1,,2,2,0,1,(1),(1),1,, -1,1,0,1,50,23,8,5,14,14384,2,1,0,2,D83,49.30727,-0.359384,3,2,2
202100049951,112Â 463,A01,10,3,1,5,0,-1,-1,2,3,2,2021,20.0,3,2,0,1,1,1,1,,4,,0,,1,1,3,1,(1),(1),1,, -1,1,9,1,30,28,2,5,74,74010,2,1,0,6,17 Av de Champ Fleuri,45.890888,6.101467,19,2,1
202100009609,184Â 529,A01,10,3,1,1,0,-1,-1,2,3,1,2021,22.0,2,2,0,1,1,1,1,,3,IENA -ALLEE D'- NÂ° IMPAIRS APRES 51,0,,1,2,0,1,(1),(1),2,, -1,1,0,1,50,2,11,1,11,11069,2,1,0,6,IENA -ALLEE D'- NÂ° IMPAIRS APRES 51,43.21755,2.34521,13,2,1
202100019074,167Â 548,B01,1,1,2,0,1,-1,-1,0,0,-1,2021,20.0,1,2,0,2,1,1,1,,1,43,0,,1,1,0,2,20,700,3,, -1,1,3,8,80,15,9,1,38,38449,1,3,0,3,D75,45.649756,5.114388,12,2,2
202100038116,133Â 533,A01,1,1,2,0,2,6,-1,0,0,-1,2021,54.0,2,1,0,2,1,1,1,,3,117,-1,,2,2,0,3,47,800,2,, -1,1,5,1,70,26,5,1,9,9269,1,3,0,3,Col Del Bouich,42.993293,1.547726,14,2,2
202100006857,189Â 523,B01,1,1,2,1,1,-1,-1,0,0,-1,2021,60.0,3,2,0,2,3,1,1,,4,,-1,,2,2,0,1,(1),(1),2,,4,1,0,1,50,23,11,2,41,41139,2,1,1,1,Rue Leon Gambetta,47.245277,1.498609,9,2,2
202100011134,181Â 831,A01,1,1,1,0,2,0,-1,-1, -1,-1,2021,21.0,2,1,0,2,1,16,1,,3,910,0,,1,-1,0,1,0,0,2,, -1,1,9,1,50,25,10,1,92,92012,2,6,0,3,MARCEL SEMBAT (PLACE),48.8336919746,2.2433552086,11,2,2
202100025819,155Â 539,C01,1,1,1,5,1,-1,-1,0,0,-1,2021,37.0,2,2,0,2,1,2,1,,1,71,-1,,3,5,0,2,356,200,1,, -1,1,0,1,-1,1,8,3,63,63311,1,1,0,4,A71 PR 356+200 SENS RIOM/PARIS,46.0464214752,3.1124632444,3,7,3
202100024154,158Â 484,A01,1,1,1,5,2,0,-1,-1, -1,-1,2021,27.0,1,1,0,0,1,16,5,,3,GENERAL CHARLES DE GAULLE (R DU),0,,2,4,1,2,1,0,3,, -1,1,0,1,50,12,8,1,94,94002,2,5,0,7,Rue Charles de Gaulle,48.81459,2.411984,19,1,1
202100016739,171Â 698,A01,10,3,2,3,8,-1,-1,9,9,1,2021,87.0,3,2,0,1,6,4,0,,6,,0,,-1,-1,0,1,(1),(1),1,,4,1,6,8,30,24,9,1,78,78683,2,1,0,6,6 Route de Saint-Germain,48.809746,1.882959,16,2,1
202100004221,194Â 205,B01,1,1,1,4,2,6,-1,-1,0,-1,2021,37.0,2,1,0,2,1,26,1,,3,CALAIS (ROUTE DE),0,,3,4,0,2,0,600,1,, -1,1,0,1,50,5,12,4,95,95288,1,1,0,3,CALAIS (ROUTE DE),48.9861503076,2.3611271381,0,2,2
202100032640,143Â 422,A01,1,1,1,1,8,-1,-1,-1, -1,-1,2021,31.0,2,0,0,0,8,25,5,,7,STEPHANE DECHANT                    (R ),0,,2,4,0,1,0,500,1,, -1,1,5,4,50,23,6,5,69,69142,2,4,0,7,STEPHANE DECHANT (R),45.72897,4.81556,23,1,1
202100048864,114Â 418,A01,10,3,1,3,0,-1,-1,8,3,1,2021,70.0,3,2,0,1,5,20,1,,6,MAISONS BLANCHES (RUE DES),0,,-1,0,0,1,0,1,1,, -1,1,0,8,50,6,3,1,5,5023,2,1,0,6,MAISONS BLANCHES (RUE DES),44.8822,6.62411,10,2,1
202100037460,134Â 705,B01,2,2,2,5,1,0,-1,-1, -1,-1,2021,26.0,2,2,4,2,2,1,1,,3,988,0,,1,2,0,1,0,0,1,, -1,1,5,1,50,29,5,1,92,92078,2,3,0,3,MARC SANGNIER (AVENUE),48.9296961017,2.3263373627,16,6,2
202100051036,110Â 443,A01,1,1,2,9,2,8,-1,-1, -1,-1,2021,18.0,2,1,0,0,9,9,1,,3,DE GAULLE (AV) J. MOULIN A WINNEDEN,0,,1,1,2,1,24,45,1,, -1,1,5,1,50,17,2,1,73,73011,2,6,0,7,D990 DE GAULLE (AV) J. MOULIN A WINNEDEN,45.670134261,6.3775760365,8,1,1
202100027692,152Â 216,A01,1,1,1,5,2,6,-1,-1, -1,-1,2021,19.0,1,1,1,0,1,26,1,,4,STEPHANE DECHANT                    (IM),0,,2,2,3,1,(1),(1),1,, -1,1,0,1,50,21,7,5,69,69142,2,1,0,6,STEPHANE DECHANT (IMP),45.72635,4.81443,22,3,3
202100013634,177Â 345,B01,1,1,1,0,0,0,-1,-1, -1,-1,2021,55.0,3,1,0,2,1,1,3,,4,NATIONALE (RUE),0,,2,2,0,1,(1),(1),1,, -1,2,0,6,50,12,10,1,59,59599,2,1,1,3,NATIONALE (RUE),50.7245447897,3.1536691332,17,2,2
202100049485,113Â 301,B01,1,1,1,5,8,0,-1,-1, -1,-1,2021,64.0,0,1,0,2,8,1,5,,4,LOTI (RUE PIERRE),0,,2,2,1,1,(1),(1),1,, -1,1,0,1,50,2,3,1,68,68224,2,3,0,3,LOTI (RUE PIERRE),47.73366,7.30169,14,2,2
202100026842,153Â 740,B01,2,2,2,5,2,6,-1,-1, -1,-1,2021,18.0,1,1,0,2,5,1,1,,4,TILLEULS (BD.DES),0,,1,3,2,1,(1),(1),2,, -1,1,0,1,30,26,7,1,4,4112,2,2,0,3,Inter bd des Tilleuls / Rue dâAubette,43.83424,5.7854,18,3,2
202100043225,124Â 392,A01,1,1,2,5,0,-1,-1,0,0,-1,2021,19.0,3,1,0,2,7,12,5,,4,,-1,,2,2,0,2,(1),(1),1,, -1,1,0,1,50,21,4,1,17,17425,2,1,0,3,Rue de l'Enclouse Ã  Masson,45.610157,-0.923823,18,2,2
202100049703,112Â 897,A01,1,1,1,5,1,-1,-1,0,0,-1,2021,69.0,2,2,3,2,1,14,1,,2,88,-1,,2,2,0,1,24,440,3,, -1,1,0,1,80,2,3,1,12,12120,1,1,0,1,RN88,44.385986,2.82487,15,3,2
202100002912,196Â 566,A01,1,1,2,0,1,0,-1,0,0,-1,2021,32.0,2,2,0,0,9,11,1,,7,D2089,0,,3,4,0,1,(1),(1),1,, -1,7,0,1,80,14,12,3,63,63307,1,1,0,7,D2089,45.74088,3.11407,6,1,1
202100005652,191Â 686,Z01,4,2,2,5,1,8,-1,0,0,-1,2021,31.0,1,2,14,0,9,1,1,,4,BOULEVARD DE LA MADELEINE,0,,2,3,3,1,(1),(1),1,, -1,1,0,1,30,28,11,5,75,75101,2,3,0,6,BOULEVARD DE LA MADELEINE,48.869729,2.326502,21,2,1
202100012400,179Â 542,A01,2,2,1,5,2,0,-1,-1, -1,-1,2021,59.0,2,1,0,2,1,2,1,,4,CHENIEUX (RUE FRANCOIS),0,,2,2,0,1,(1),(1),1,, -1,1,0,1,50,16,10,1,87,87085,2,1,1,2,CHENIEUX (RUE FRANCOIS),45.83944,1.25726,10,3,2
202100001249,199Â 528,A01,1,1,2,9,1,-1,-1,-1, -1,-1,2021,35.0,1,2,4,0,1,13,0,,1,ROCADE A 630,0,,3,2,0,2,0,389,2,, -1,2,3,1,50,27,12,5,33,33249,1,1,1,6,ROCADE A 630,44.885,-0.51139,18,1,1
202100027759,152Â 089,B01,1,1,1,9,2,6,-1,0,0,-1,2021,30.0,1,1,0,2,3,1,1,,4,RUE ORDENER,0,,2,2,0,1,(1),(1),1,, -1,1,0,1,50,21,7,1,75,75118,2,3,0,1,RUE ORDENER,48.890875,2.35324,20,3,2
202100051480,109Â 686,B01,1,1,1,5,2,-1,-1,0,0,-1,2021,18.0,2,1,0,2,4,2,0,,2,1,-1,,3,2,1,1,(1),(1),1,, -1,1,0,1,90,16,2,1,971,97103,1,1,0,2,N1,16.24631,-61.593745,12,2,2
202100045140,121Â 045,A01,1,1,1,5,2,6,-1,0,0,-1,2021,38.0,1,1,0,0,0,3,1,,4,PORTE DES LILAS,0,,1,4,0,1,28,300,1,, -1,1,1,1,70,2,4,1,75,75119,2,1,0,7,PORTE DES LILAS,48.878061,2.408477,14,1,1
202100042215,126Â 165,A01,1,1,1,9,2,0,-1,0,0,-1,2021,28.0,1,1,0,2,1,5,5,,4,PLACE DE LA BASTILLE,0,,1,4,1,1,(1),(1),3,, -1,1,0,5,50,27,4,1,75,75104,2,7,0,1,PLACE DE LA BASTILLE,48.853251,2.368612,12,2,2
202100039324,131Â 310,B01,1,1,1,1,2,8,-1,-1, -1,-1,2021,22.0,0,1,0,2,8,1,1,,2,MELUN (AV DE),0,,3,4,0,1,1,0,1,, -1,1,0,1,50,19,5,1,94,94078,2,1,0,3,MELUN (AV DE),48.72118,2.44294,19,2,2
202100053331,106Â 392,A01,10,3,2,2,0,-1,-1,3,3,1,2021,13.0,0,2,0,1,1,1,1,,4,GENERAL FROMENTIN (RUE DU ),0,,2,2,0,1,(1),(1),1,, -1,2,0,1,50,28,1,1,61,61001,2,1,1,6,17 Rue du General Pierre Fromentin,48.43585,0.084809,17,2,1