Num_Acc,id_vehicule,num_veh,place,catu,sexe,trajet,secu1,secu2,secu3,locp,actp,etatp,year_acc,victim_age,senc,catv,obs,obsm,choc,manv,motor,occutc,catr,voie,v1,v2,circ,nbv,vosp,prof,pr,pr1,plan,lartpc,larrout,surf,infra,situ,vma,jour,mois,lum,dep,com,agg_,int,atm,col,adr,lat,long,hour,nb_victim,nb_vehicules
202100029538,148Â 994,B01,1,1,1,5,0,-1,-1,0,0,-1,2021,11.0,1,1,6,2,4,0,6,,4,,-1,,2,2,0,1,(1),(1),1,,5,1,0,1,50,11,7,1,72,72154,2,9,0,2,20 Rue de l ArthuisiÃ¨re,47.714924,-0.059845,20,2,2
202100038353,133Â 079,A01,1,1,1,4,2,8,-1,-1, -1,-1,2021,26.0,1,1,1,0,2,14,3,,4,DE GAULLE ( AVE DU GENERAL ),0,,2,2,2,1,(1),(1),1,, -1,1,0,5,30,21,5,1,56,56121,2,1,0,6,DE GAULLE ( AVE DU GENERAL ),47.74021,-3.37652,20,1,1
202100005221,192Â 445,A01,10,3,1,0,0,-1,-1,5,1,1,2021,18.0,0,3,0,0,0,0,0,1.0,4,JULES FERRY                         (PL),0,,2,2,0,1,(1),(1),1,, -1,2,0,1,50,1,12,2,69,69386,2,1,0,6,JULES FERRY (PL),45.7666347995,4.8591971397,17,2,1
202100056472,100Â 957,A01,1,1,2,3,1,-1,-1,0,0,-1,2021,69.0,1,2,0,2,1,5,1,,2,8,-1,,2,2,0,1,(1),(1),1,, -1,1,0,1,-1,2,1,3,971,97102,1,1,0,6,GuÃ©ry,16.451306,-61.478339,18,3,3
202100031774,144Â 967,B01,1,1,1,5,0,-1,-1,0,0,-1,2021,10.0,3,1,0,2,3,1,5,,4,,-1,,2,2,0,1,(1),(1),1,,4,1,0,1,50,30,6,1,77,77242,2,3,0,3,rue d'en bas,48.498603,3.234208,18,2,2
202100015028,174Â 846,A01,1,1,2,5,1,0,-1,-1, -1,-1,2021,76.0,1,2,6,0,1,26,1,,4,MICHELET (RUE),0,,2,2,0,1,(1),(1),1,, -1,1,0,1,50,29,9,1,59,59646,2,1,0,6,MICHELET (RUE),50.6698983305,3.1309747696,15,1,1
202100045853,119Â 794,A01,1,1,1,0,1,-1,-1,0,0,-1,2021,82.0,2,2,0,0,4,1,1,,7,523,0, -,2,2,1,1,4,654,1,, -1,1,0,1,50,1,4,1,38,38271,2,1,0,2,Rue Charles de Gaulle,45.193164,5.819879,9,2,2
202100020256,165Â 428,A01,1,1,1,5,1,0,-1,-1, -1,-1,2021,82.0,3,2,0,2,1,9,1,,4,ANNEXION (RUE DE L'),0,,2,2,0,1,0,1,1,, -1,1,0,1,50,6,9,1,74,74012,2,3,0,3,ANNEXION (RUE DE L'),46.18624,6.23769,12,2,2
202100054901,103Â 675,A01,2,2,2,0,1,0,-1,-1, -1,-1,2021,21.0,1,2,0,2,3,11,1,,1,VA007331 A620,0,,1,3,0,1,0,899,1,, -1,2,0,1,90,14,1,4,31,31555,1,1,1,2,VA007331 A620,43.64459,1.42176,23,3,2
202100024112,158Â 560,A01,2,2,2,5,1,-1,-1,-1, -1,-1,2021,20.0,1,2,8,2,5,1,1,,4,CREQUI (DE)                         (R ),0,,1,1,2,1,(1),(1),1,, -1,1,0,1,50,14,8,1,69,69386,2,2,0,3,CREQUI (DE) (R),45.76696,4.846415,13,3,2
202100022553,161Â 314,A01,1,1,1,0,0,-1,-1,0,0,-1,2021,64.0,0,2,6,0,1,0,1,,4,,0,,2,2,0,2,(1),(1),4,,4,1,0,3,50,18,8,5,73,73303,2,1,0,6,Avenue Jules Bianco,45.750382,6.4191,0,1,1
202100038105,133Â 552,A01,1,1,2,2,1,-1,-1,0,0,-1,2021,30.0,2,2,0,2,4,9,1,,3,440,-1,,2,2,0,2,(1),(1),2,, -1,1,0,1,80,25,5,1,30,30352,1,3,0,6,D440,43.795002,4.100662,17,4,2
202100035993,137Â 350,A01,1,1,1,1,2,9,6,0,0,-1,2021,22.0,2,1,0,2,3,13,1,,3,921,-1,,2,2,0,2,38,910,3,, -1,1,0,1,90,8,6,1,12,12223,1,1,0,3,D921,44.778164,2.903845,18,2,2
202100054336,104Â 637,A01,10,3,1,5,0,-1,-1,2,3,1,2021,92.0,1,5,0,1,2,15,1,,4,,0,,1,1,0,2,(1),(1),1,, -1,1,0,1,50,14,1,1,34,34032,2,1,0,6,HEROLD (RUE FERDINAND),43.34039,3.22325,11,2,1
202100011283,181Â 568,A01,1,1,1,1,1,-1,-1,0,0,-1,2021,45.0,1,2,0,2,3,1,1,,1,87,0,A,3,4,0,1,72,800,1,, -1,2,0,1,130,25,10,2,85,85097,1,1,1,6,a87,46.925707,-1.02396,8,1,1
202100048690,114Â 720,A01,10,3,2,0,0,-1,-1,4,3,1,2021,83.0,1,1,0,1,2,2,1,,7,CARNOT (BD),0,,2,3,0,2,0,0,1,, -1,1,5,1,50,9,3,1,6,6088,2,9,0,6,CARNOT (BD),43.69817,7.28798,10,2,1
202100029116,149Â 706,A01,10,3,1,3,0,-1,-1,1,3,1,2021,53.0,3,2,0,1,4,4,1,,4,CURIE (AV. PIERRE ET MARIE),0,,2,1,0,1,(1),(1),1,, -1,2,0,1,30,12,7,1,60,60159,2,1,0,6,Avenue Pierre et Marie Curie,49.39546,2.79322,11,2,1
202100041704,127Â 065,A01,2,2,1,4,1,-1,-1,0,0,-1,2021,41.0,1,5,0,2,2,26,1,,1,7,0,,1,5,0,1,97,70,1,, -1,1,0,1,130,3,5,1,26,26337,1,1,0,2,Autoroute 7 ,44.715941,4.785018,7,3,2
202100035923,137Â 476,A01,1,1,1,5,2,0,-1,-1, -1,-1,2021,18.0,2,1,0,0,0,26,1,,4,,0,,2,1,0,2,(1),(1),1,, -1,1,9,1,30,4,6,1,21,21054,2,1,0,7,1 Rempart Madeleine,47.0219965677,4.8401106471,20,1,1
202100052282,108Â 255,B01,1,1,2,5,1,-1,-1,0,0,-1,2021,76.0,1,2,0,2,3,1,1,,3,32,-1,,2,2,0,1,3,600,2,, -1,2,0,1,80,8,2,1,88,88260,1,1,1,1,Route de Portieux,48.356033,6.331895,10,2,2
202100037923,133Â 880,B01,1,1,1,5,1,-1,-1,0,0,-1,2021,61.0,2,2,0,0,1,1,1,,3,43,-1,,2,2,0,1,1,600,1,, -1,1,0,1,80,28,5,3,78,78206,1,1,0,1,D43,48.959127,1.925315,22,2,2
202100024586,157Â 712,A01,2,2,2,5,8,0,-1,-1, -1,-1,2021,16.0,1,1,0,2,1,1,1,,4,ROBERT VIGNON (RUE),0,,2,2,0,1,(1),(1),1,, -1,1,0,1,50,1,8,1,973,97302,2,1,0,1,ROBERT VIGNON (RUE),4.93184,-52.32311,16,3,2
202100039491,131Â 018,A01,10,3,1,5,0,-1,-1,1,2,1,2021,51.0,1,2,0,1,2,1,1,,2,1,-1,,1,4,3,1,22,500,1,, -1,1,3,1,110,15,5,3,974,97415,1,9,0,6,RN 1,-20.976537,55.296872,18,2,1
202100023245,160Â 067,B01,1,1,1,0,8,0,-1,-1, -1,-1,2021,27.0,2,1,0,2,7,2,1,,3,ROCADE SUD(RUE),0,,2,1,3,1,(1),(1),1,, -1,1,0,1,30,20,8,5,974,97409,2,6,0,3,ROCADE SUD(RUE),-20.97267,55.65185,23,4,2
202100000587,200Â 651,B01,1,1,1,1,2,6,-1,0,0,-1,2021,26.0,1,1,0,2,7,1,1,,3,37,-1,,2,2,0,1,9,400,1,, -1,1,0,1,50,2,12,1,67,67205,2,3,0,1,5 Rue de la Republique,48.700225,7.788682,13,2,2
202100010972,182Â 113,A01,1,1,1,5,1,-1,-1,0,0,-1,2021,49.0,2,2,13,0,2,26,1,,3,D 12,-1,,2,2,0,2,15,330,1,, -1,1,0,3,80,26,10,2,32,32165,1,1,0,6,RD12 - PK 15+330,43.590432,0.835176,19,1,1
202100054387,104Â 548,A01,1,1,1,5,2,6,-1,0,0,-1,2021,15.0,2,1,0,2,1,1,1,,3,929,-1,,2,2,0,1,22,0,1,, -1,1,0,1,50,20,1,1,32,32242,2,1,0,1,Avenue Jules Duffort,43.434999,0.579346,17,3,2
202100015642,173Â 713,B01,2,2,2,5,2,0,-1,-1, -1,-1,2021,27.0,1,1,0,2,1,1,1,,4,BOULEVARD EDGAR QUINET,0,,1,2,0,2,(1),(1),1,, -1,2,0,1,30,2,10,5,75,75114,2,3,1,6,BOULEVARD EDGAR QUINET,48.842026,2.322817,1,3,2
202100043813,123Â 368,B01,1,1,1,0,2,6,-1,-1, -1,-1,2021,28.0,2,1,1,0,7,2,0,,3,REPUBLIQUE (DE 29 A FIN),0,,2,2,0,1,0,0,1,, -1,1,0,1,50,15,4,1,92,92026,2,1,0,3,REPUBLIQUE (DE 29 A FIN),48.9011229209,2.2501426935,17,2,2
202100029463,149Â 120,A01,2,2,2,5,1,-1,-1,0,0,-1,2021,52.0,1,2,0,5,2,1,1,,2,12,-1,D,3,2,0,1,36,500,1,, -1,1,0,1,110,12,7,3,22,22093,1,1,0,7,RN12 PR 36+500,48.455648,-2.501664,0,3,1
202100027193,153Â 110,B01,2,2,2,0,0,-1,-1,-1, -1,-1,2021,47.0,3,2,0,2,2,24,1,,4,GEORGES LYVET                       (R ),0,,2,2,0,1,(1),(1),1,, -1,2,0,1,50,24,7,2,69,69259,2,1,1,3,GEORGES LYVET (R),45.695,4.875,6,3,2
202100020917,164Â 265,A01,1,1,1,5,8,-1,-1,0,0,-1,2021,30.0,3,2,2,0,0,1,1,,4,,-1,,2,2,0,1,(1),(1),2,,4,1,0,3,80,3,9,3,33,33348,2,1,0,6,Chemin du Corn,45.378751,-0.99904,22,2,1
202100009288,185Â 097,A01,10,3,1,5,0,-1,-1,4,5,1,2021,17.0,2,2,0,1,1,1,1,,4,RUE MADEMOISELLE,0,,1,1,0,1,(1),(1),1,, -1,1,0,1,50,5,11,5,75,75115,2,2,0,6,RUE MADEMOISELLE,48.843612,2.295746,20,2,1
202100030927,146Â 480,A01,1,1,1,5,1,-1,-1,0,0,-1,2021,83.0,2,2,4,0,3,0,1,,1,64,0,A,-1,4,0,1,253,71,1,, -1,1,0,1,130,7,6,1,31,31107,1,1,0,6,A64,43.315578,1.209957,12,1,1
202100052734,107Â 472,B01,1,1,2,1,1,-1,-1,0,0,-1,2021,46.0,1,2,0,2,1,2,1,,3,D23,-1,,2,1,0,1,6,950,1,, -1,1,0,1,70,4,2,2,83,83104,1,1,0,4,D23,43.63961,5.80422,7,3,3
202100047108,117Â 565,B01,1,1,1,9,1,0,-1,-1, -1,-1,2021,39.0,1,2,0,2,0,0,1,,2,RN 118,0,,3,3,0,2,0,689,1,, -1,1,0,1,90,22,3,1,91,91064,1,1,0,2,RN 118,48.76496,2.22956,15,2,2
202100003772,195Â 018,A01,1,1,1,5,2,6,-1,0,0,-1,2021,40.0,1,1,0,0,9,1,1,,3,D911,0,,2,2,0,1,63,430,1,, -1,5,0,1,50,10,12,5,12,12056,2,1,1,7,Avenue de Marengo,44.280973,2.428021,19,1,1
202100028556,150Â 677,A01,1,1,2,5,1,-1,-1,0,0,-1,2021,20.0,2,2,3,2,1,2,1,,1,A49,-1,,1,4,0,1,13,200,1,, -1,1,0,1,130,17,7,1,38,38450,1,1,0,2,A49,45.294792,5.554774,17,6,3
202100040297,129Â 570,A01,10,3,1,0,0,-1,-1,4,3,1,2021,86.0,1,2,0,1,0,26,0,,4,SADI CARNOT (BOULEVARD),0,,3,4,0,1,(1),(1),1,, -1,1,9,1,50,11,2,1,6,6030,2,9,1,6,SADI CARNOT (BOULEVARD),43.572744,7.016206,10,2,1
202100054533,104Â 298,A01,1,1,2,1,1,0,-1,-1, -1,-1,2021,25.0,1,2,14,0,9,1,1,,1,A51-Sens Marseille vers Aix en Provence,0,,1,1,0,2,15,0,3,, -1,7,0,1,70,19,1,3,13,13001,1,1,0,7,A51-Sens Marseille vers Aix en Provence,43.50427,5.41004,6,1,1
202100020464,165Â 056,A01,1,1,1,5,1,0,-1,-1, -1,-1,2021,19.0,3,2,1,0,1,15,1,,4,CHANZY RUE,0,,2,2,0,1,(1),(1),1,, -1,1,0,1,50,18,5,5,59,59350,2,2,0,6,CHANZY RUE,50.626093,3.105641,0,3,1
202100030787,146Â 732,A01,10,3,1,1,0,-1,-1,3,3,1,2021,52.0,3,2,0,1,1,9,1,,4,RUE DU GENERAL LECLERC,0,,3,2,0,1,0,0,1,, -1,1,9,8,50,28,6,1,91,91103,2,1,1,6,RUE DU GENERAL LECLERC,48.609404,2.305004,17,2,1
202100017629,170Â 108,A01,10,3,2,2,0,-1,-1,1,3,1,2021,13.0,1,1,0,1,1,1,1,,4,BASTIAT (RUE FREDERIC),0,,1,1,0,1,0,0,1,, -1,1,8,1,30,21,9,1,64,64102,2,1,0,6,BASTIAT (RUE FREDERIC),43.49214,-1.47155,7,2,1
202100012679,179Â 053,A01,1,1,1,5,2,6,-1,0,0,-1,2021,26.0,2,1,0,0,0,1,1,,4,BOULEVARD DE MAGENTA,0,,2,4,3,1,(1),(1),1,, -1,1,0,1,30,17,10,5,75,75110,2,2,0,7,BOULEVARD DE MAGENTA,48.873766,2.358327,5,1,1
202100048572,114Â 931,B01,1,1,1,1,2,0,-1,0,0,-1,2021,22.0,1,1,0,2,2,1,1,,4,BOULEVARD SAINT MARTIN,0,,2,4,0,2,(1),(1),1,, -1,1,0,1,50,10,3,1,75,75110,2,1,0,3,BOULEVARD SAINT MARTIN,48.868614,2.358013,12,2,2
202100021277,163Â 622,A01,1,1,1,1,8,0,-1,-1, -1,-1,2021,51.0,2,1,0,2,8,19,5,,4,BROCARD (RUE),0,,2,2,0,1,(1),(1),1,, -1,1,0,5,50,1,9,1,10,10387,2,6,0,1,BROCARD (RUE),48.3086,4.0691,12,2,2
202100041286,127Â 810,B01,1,1,1,0,8,0,-1,-1, -1,-1,2021,22.0,2,1,0,2,8,0,5,,4,JUVENAL (PONT),0,,2,2,0,1,(1),(1),1,, -1,1,0,1,50,3,5,1,34,34172,2,2,0,3,JUVENAL (PONT),43.60589,3.89409,20,2,2
202100020189,165Â 552,A01,1,1,1,5,2,6,9,0,0,-1,2021,27.0,2,1,13,0,1,1,1,,3,355,0,,2,2,0,3,17,500,2,, -1,1,0,3,80,8,9,1,29,29238,1,1,0,7,"RD 355- Lieu-dit ""Keraguennec""",48.310102,-4.569025,17,1,1
202100044747,121Â 733,A01,1,1,1,5,2,-1,-1,0,0,-1,2021,79.0,1,1,0,0,1,0,5,,3,2144,0,,2,2,0,1,3,800,1,, -1,9,8,1,30,8,4,1,3,3195,2,1,0,7,4 Rue du Commandant GoÃ«tschy,46.287353,2.661738,17,1,1
202100033227,142Â 371,A01,1,1,1,0,1,0,-1,-1, -1,-1,2021,84.0,1,2,9,0,1,15,2,,4,,0,,2,2,0,1,1,0,1,, -1,1,9,4,30,20,6,1,92,92062,2,1,0,6,GODEFROY (RUE) PAIR,48.881227,2.242244,12,1,1
202100041398,127Â 605,B01,1,1,2,0,8,-1,-1,-1, -1,-1,2021,54.0,1,2,0,0,0,0,1,,2,RN346   29.300 A 34.350,0,,3,5,0,1,34,200,1,, -1,1,0,1,90,4,3,1,69,69275,1,1,0,3,RN346,45.75977,4.98519,7,2,2
202100044485,122Â 179,B01,1,1,1,1,2,6,-1,0,0,-1,2021,42.0,2,1,0,2,2,17,1,,4,BOULEVARD VOLTAIRE,0,,2,2,0,1,(1),(1),1,, -1,2,0,1,50,10,4,1,75,75111,2,1,1,3,BOULEVARD VOLTAIRE,48.853946,2.386613,15,2,2
202100003928,194Â 732,B01,10,3,1,4,8,0,-1,1,1,1,2021,51.0,1,5,0,1,2,2,1,,1,AUTOROUTE A27,0,,1,5,0,1,1,899,1,, -1,2,0,1,90,7,12,3,59,59523,1,1,0,6,AUTOROUTE A27,50.59816,3.14267,5,7,5
202100033764,141Â 418,A01,2,2,2,5,8,-1,-1,-1,0,-1,2021,25.0,1,2,3,0,1,26,1,,1,AUTOROUTE A15,0,,3,8,0,1,6,0,3,, -1,2,2,1,90,18,6,3,95,95018,1,1,1,6,AUTOROUTE A15,48.95034,2.28032,3,4,1
202100021820,162Â 622,A01,1,1,1,0,1,0,-1,-1, -1,-1,2021,48.0,1,1,0,2,1,1,3,,3,QUATRIEME ZOUAVES (RUE DU),0,,2,2,0,1,0,0,1,, -1,1,0,1,50,30,8,1,93,93064,2,1,0,3,QUATRIEME ZOUAVES (RUE DU),48.8733010746,2.4811720848,11,2,2
202100006425,190Â 311,A01,10,3,2,0,0,-1,-1,3,3,1,2021,42.0,1,2,0,1,2,16,1,,7,MARQUISAT (AV DU),0,,1,1,0,2,31,905,3,, -1,2,9,1,30,24,11,5,31,31557,2,9,1,6,MARQUISAT (AV DU),43.576141,1.347854,19,2,1
202100017756,169Â 885,B01,1,1,1,5,2,-1,-1,0,0,-1,2021,19.0,2,1,0,2,1,1,5,,3,71,0,,2,2,0,2,0,702,2,,4,1,5,1,30,21,9,1,1,1249,2,2,0,3,MontÃ©e Neuve,45.82594,4.947994,17,2,2
202100004871,193Â 086,A01,1,1,1,0,2,6,9,0,0,-1,2021,50.0,2,1,4,0,4,2,1,,3,307,-1,,3,4,0,1,14,200,1,, -1,2,0,1,90,4,12,3,78,78455,1,1,1,2,Route Nationale 307,48.847943,2.053478,18,2,2
202100008235,186Â 990,A01,10,3,2,2,0,-1,-1,3,3,1,2021,6.0,3,5,0,1,1,2,1,,4,RUGBY (RUE DE),0,,2,0,0,1,(1),(1),1,, -1,1,0,1,50,8,11,2,27,27229,2,7,0,6,RUGBY (RUE DE),49.00879,1.15997,16,2,1
202100052187,108Â 428,A01,10,3,1,9,0,-1,-1,9,B,-1,2021,57.0,2,2,2,1,2,14,1,,2,3,0,,2,2,0,1,132,566,2,, -1,1,0,3,50,7,2,1,988,98822,2,3,0,6,RT3 - poindimiÃ© village en face du snack NAAOUTEA,-20.938179,165.334309,14,2,1
202100023410,159Â 772,A01,10,3,2,3,0,-1,-1,2,3,1,2021,72.0,2,2,0,1,7,16,1,,3,PUYRAVEAU (ROUTE DE),0,,2,2,0,1,0,10,3,, -1,1,9,1,50,18,8,1,79,79329,2,6,0,7,52 Route de Puyraveau,46.9793,-0.1984,11,2,1
202100005593,191Â 808,B01,1,1,1,5,2,6,-1,0,0,-1,2021,64.0,1,1,0,2,1,1,1,,3,900,0,D,2,2,0,2,46,530,3,, -1,1,0,1,80,30,11,1,66,66106,1,3,0,2,D 900 - LIEU DIT SAINT MARTIN DE FENOLLARD,42.502011,2.822896,16,2,2
202100052603,107Â 697,A01,1,1,1,1,1,-1,-1,0,0,-1,2021,30.0,1,2,4,0,1,1,1,,3,1075,0,,2,2,0,1,30,300,1,, -1,2,0,1,80,5,2,3,1,1089,1,1,0,1,D1075,45.957777,5.32732,4,2,2
202100045476,120Â 449,A01,10,3,1,9,0,-1,-1,1,B,1,2021,38.0,2,2,0,1,3,1,1,,3,753,-1,,2,2,0,2,0,541,1,, -1,1,0,1,80,3,4,3,44,44216,1,1,0,6,La Petite Senardiere,46.973554,-1.364322,0,2,1
202100022470,161Â 467,B01,3,2,2,5,1,0,-1,0,0,-1,2021,40.0,2,2,0,2,4,2,1,,4,PORTE DE SEVRES,0,,1,3,0,1,(1),(1),1,, -1,1,0,1,70,25,8,5,75,75115,2,4,0,2,PORTE DE SEVRES,48.832373,2.280542,3,6,2
202100048588,114Â 908,A01,10,3,2,0,0,-1,-1,1,3,1,2021,55.0,3,5,0,1,4,4,3,,4,PARC (RUE DU),0,,1,1,0,1,0,0,1,, -1,1,0,1,50,10,3,1,93,93059,2,1,0,6,PARC (RUE DU),48.9614266022,2.3656010628,10,2,1
202100028068,151Â 541,B01,1,1,1,5,1,0,-1,-1, -1,-1,2021,29.0,1,2,1,0,1,1,1,,1,A7-Sens Lyon vers Marseille,0,,-1,3,0,1,282,0,1,, -1,1,0,1,70,19,7,1,13,13203,2,1,0,2,A7-Sens Lyon vers Marseille,43.306955,5.37535,19,2,2
202100045558,120Â 306,A01,1,1,1,2,2,8,-1,-1, -1,-1,2021,17.0,1,1,1,0,0,1,1,,4,MOULINS NÂ°1 A 31 ET NÂ°2 A 44,0,,2,2,0,2,(1),(1),1,, -1,1,0,1,50,1,4,1,78,78586,2,2,0,3,ROOSEVELT (PRESIDENT),48.94458,2.16902,9,2,2
202100045613,120Â 201,A01,10,3,1,4,0,-1,-1,6,9,2,2021,50.0,1,2,14,1,4,26,1,,6,ESPALION (ROUTE D'),0,,-1,-1,0,1,(1),(1),1,, -1,1,8,8,50,26,3,1,12,12176,2,1,0,6,ESPALION (ROUTE D'),44.36596,2.58665,10,2,1
202100011827,180Â 582,A01,1,1,1,0,2,6,-1,-1, -1,-1,2021,25.0,1,1,0,2,8,1,1,,4,MARÃCHAL DE LATTRE (AVENUE),0,,2,2,0,1,0,0,1,, -1,1,0,1,50,21,10,5,13,13209,2,1,0,3,MARÃCHAL DE LATTRE (AVENUE),43.2461395339,5.4175267586,20,2,2
202100019738,166Â 365,A01,1,1,1,9,2,6,-1,-1, -1,-1,2021,60.0,2,1,0,2,7,2,1,,3,VICTOR HUGO (AV),0,,2,0,0,1,1,0,1,, -1,1,0,1,50,9,9,5,94,94033,2,2,0,6,Rue la Fontaine,48.85737,2.47119,23,2,2
202100000776,200Â 327,A01,1,1,2,1,1,0,-1,-1, -1,-1,2021,39.0,1,2,14,0,1,1,1,,4,GENERAL GALLIENI (RUE DU),0,,-1,2,0,1,(1),(1),1,, -1,2,0,1,50,31,12,5,10,10362,2,6,0,6,GENERAL GALLIENI (RUE DU),48.29435,4.0598,6,1,1
202100005056,192Â 742,B01,1,1,1,5,1,0,-1,-1, -1,-1,2021,76.0,1,2,0,2,1,1,1,,4,MARTYRS (DES),0,,2,2,0,1,(1),(1),1,, -1,1,9,1,30,2,12,5,60,60665,2,3,0,4,Rue Hector Berlioz,49.4197313041,2.8044930696,19,5,3
202100015692,173Â 619,B01,1,1,2,5,1,-1,-1,0,0,-1,2021,74.0,1,2,3,0,4,1,1,,1,A62,-1,,3,4,0,1,23,800,1,, -1,1,0,1,130,2,10,3,33,33205,1,1,0,2,Autoroute 62 - sens Bordeaux / Toulouse - PK 023.800,44.608985,-0.37431,21,2,2
202100031759,144Â 990,A01,1,1,1,4,2,0,-1,-1, -1,-1,2021,29.0,1,1,1,0,4,9,1,,4,,0,,1,2,0,1,0,0,1,, -1,1,0,1,50,29,6,1,92,92044,2,1,0,6,ANA.FRANCE(RUE)77A139 ET 74A124,48.8935496088,2.2837055634,14,1,1
202100043159,124Â 523,B01,1,1,2,1,1,0,-1,-1, -1,-1,2021,36.0,2,2,0,2,3,0,1,,3,SOUVENIR (RUE DU),0,,2,1,0,2,0,0,4,, -1,1,0,1,80,16,4,1,50,50203,1,1,0,1,SOUVENIR (RUE DU),49.61092,-1.56299,8,2,2
202100026300,154Â 682,A01,1,1,1,0,1,0,-1,-1, -1,-1,2021,20.0,3,2,1,0,2,26,1,,4,BOULEVARD BENONI GOULLIN,0,,3,4,2,1,0,0,1,, -1,1,9,1,50,31,7,5,44,44109,2,1,0,6,BOULEVARD BENONI GOULLIN,47.20149,-1.55191,0,1,1
202100030033,148Â 107,A01,10,3,1,5,0,-1,-1,2,3,2,2021,15.0,2,2,0,1,1,1,1,,3,LIBERATION (AV DE LA),0,,2,2,0,2,1,0,1,, -1,1,0,1,30,7,7,1,94,94068,2,1,0,6,Avenue de la LibÃ©ration,48.81267,2.47965,13,2,1
202100003534,195Â 426,A01,1,1,1,0,2,0,-1,-1, -1,-1,2021,41.0,3,1,0,2,8,26,1,,4,m'tsapere-Roahandra ( rue ),0,,2,0,0,1,0,0,1,, -1,1,0,1,50,7,12,1,976,97611,2,3,0,3,m'tsapere-Roahandra ( rue ),-12.78769,45.21857,9,3,2
202100011397,181Â 348,B01,10,3,2,0,8,8,-1,2,3,1,2021,76.0,1,1,0,1,3,1,1,,4,LOUIS SALVATOR (BOULEVARD),0,,2,3,3,2,0,0,1,, -1,1,0,1,50,23,10,1,13,13206,2,2,0,1,LOUIS SALVATOR (BOULEVARD),43.29085,5.38116,15,2,1
202100012963,178Â 568,B01,1,1,1,1,1,-1,-1,0,0,-1,2021,47.0,1,2,3,0,4,1,1,,1,35,-1,,3,4,0,1,111,0,1,, -1,2,0,1,130,17,10,3,68,68309,1,1,1,2,A35 - PK 111+000,47.670055,7.473643,5,3,2
202100032044,144Â 474,A01,9,2,2,5,8,-1,-1,0,0,-1,2021,16.0,2,2,2,0,9,21,1,,3,25,0,,2,2,0,2,14,28,2,, -1,2,0,3,80,28,6,3,45,45225,1,1,1,6,D25- PR 14 + 28,48.1656874049,2.3750695094,1,5,1
202100020149,165Â 614,A01,10,3,2,2,0,-1,-1,3,3,2,2021,12.0,1,2,0,1,1,1,1,,3,113,-1,,2,2,0,1,(1),(1),1,, -1,1,0,1,50,3,9,1,80,80316,2,1,0,6,7 Rue de Villers,50.005133,2.264554,8,2,1
202100047712,116Â 462,B01,1,1,1,1,2,6,-1,-1, -1,-1,2021,47.0,2,1,0,2,2,17,1,,4,AMBROISE PARE                       (BD),0,,2,2,0,1,(1),(1),1,, -1,1,0,1,50,8,3,1,69,69388,2,2,0,3,AMBROISE PARE (BD),45.7372756026,4.8841324623,9,2,2
202100019333,167Â 069,A01,10,3,2,5,0,-1,-1,5,9,3,2021,18.0,1,2,0,1,7,26,1,,4,PASCAL BLAISE,0,,2,2,0,1,(1),(1),1,, -1,1,0,1,50,11,9,5,62,62907,2,1,0,7,PASCAL BLAISE,50.4832,3.00295,1,6,1
202100037144,135Â 297,A01,1,1,2,0,1,0,-1,-1, -1,-1,2021,41.0,2,2,0,2,3,14,1,,1,AUTOROUTE A6,0,,3,8,0,1,28,649,1,, -1,1,0,1,90,1,6,1,91,91340,1,1,0,5,AUTOROUTE A6,48.59779,2.44136,8,3,3
202100008661,186Â 262,B01,1,1,1,5,2,6,-1,0,0,-1,2021,29.0,2,1,0,2,1,1,1,,3,37,0,D,2,2,0,1,0,1,1,, -1,1,0,1,50,11,11,2,69,69019,2,3,0,1,VERDUN (DE) (AV),46.104921,4.74921,16,2,2
202100046878,117Â 983,B01,1,1,1,4,8,0,-1,-1, -1,-1,2021,63.0,2,5,1,0,0,0,1,,4,NOGUES (AVE DU GENERAL),0,,1,2,0,2,0,0,1,, -1,1,0,1,50,23,3,1,83,83137,2,1,0,2,NOGUES (AVE DU GENERAL),43.127793,5.920794,11,2,2
202100014276,176Â 182,A01,1,1,1,5,2,6,-1,0,0,-1,2021,27.0,1,1,17,0,1,0,1,,3,650,0,D,2,2,0,1,8,638,1,, -1,1,0,3,50,9,10,5,33,33199,2,2,0,6,Boulevard de la CÃ´te d Argent,44.640568,-1.049392,21,1,1
202100039610,130Â 787,A01,10,3,2,5,0,-1,-1,0,0,-1,2021,22.0,1,1,0,1,1,1,5,,4,RUE DE LA ROQUETTE,0,,1,1,0,1,(1),(1),1,, -1,2,0,1,30,17,5,1,75,75111,2,2,0,6,RUE DE LA ROQUETTE,48.854343,2.371464,17,2,1
202100019529,166Â 723,B01,1,1,1,0,1,8,-1,-1, -1,-1,2021,35.0,1,2,0,2,4,1,1,,3,SALENGRO (AVENUE ROGER),0,,2,2,0,1,0,0,1,, -1,1,0,1,50,11,9,1,92,92022,2,1,0,2,SALENGRO (AVENUE ROGER),48.8195123535,2.199344337,17,2,2
202100043511,123Â 889,A01,1,1,1,0,1,-1,-1,0,0,-1,2021,24.0,1,2,0,2,1,5,1,,3,943,0,,2,2,0,1,25,200,1,, -1,1,0,1,90,20,4,1,37,37016,1,2,0,1,1 Le Petit Bergeresse,47.1955518111,0.9208934748,15,2,2