Num_Acc,id_vehicule,num_veh,place,catu,sexe,trajet,secu1,secu2,secu3,locp,actp,etatp,year_acc,victim_age,senc,catv,obs,obsm,choc,manv,motor,occutc,catr,voie,v1,v2,circ,nbv,vosp,prof,pr,pr1,plan,lartpc,larrout,surf,infra,situ,vma,jour,mois,lum,dep,com,agg_,int,atm,col,adr,lat,long,hour,nb_victim,nb_vehicules
202100044250,122Â 573,B01,1,1,1,5,8,8,-1,-1, -1,-1,2021,18.0,1,1,0,2,1,1,3,,4,LAZARET (RUE DU),0,,1,3,0,1,0,0,3,, -1,2,0,1,50,4,4,1,67,67482,2,1,1,6,LAZARET (RUE DU),48.56405713,7.7554724726,11,3,2
202100005626,191Â 729,A01,1,1,1,0,2,6,-1,-1, -1,-1,2021,47.0,1,1,0,2,2,3,1,,1,A4,0,,3,4,0,1,13,300,1,, -1,1,0,1,110,30,11,3,93,93051,1,1,0,4,A4,48.8360128507,2.5598984957,17,4,4
202100011730,180Â 764,B01,1,1,2,1,1,-1,-1,0,0,-1,2021,37.0,2,2,0,2,1,1,1,,2,7,0,N,2,2,0,1,74,475,1,, -1,1,0,1,80,20,10,1,69,69272,1,1,1,1,Route Nationale 7,45.592352,4.857695,17,2,2
202100007528,188Â 293,A01,1,1,2,0,1,-1,-1,0,0,-1,2021,41.0,2,2,0,2,3,13,1,,3,17,2,D,2,2,0,1,2,520,1,, -1,1,0,1,80,18,11,3,56,56176,1,1,0,1,D17 bis,47.68599,-2.936611,18,2,2
202100000772,200Â 333,A01,1,1,1,0,2,0,-1,-1, -1,-1,2021,20.0,2,1,0,2,1,1,1,,4,ANSALDI,0,,-1,2,0,1,(1),(1),1,, -1,1,0,1,50,30,12,5,17,17306,2,2,0,3,ANSALDI,45.635588,-1.02636,20,2,2
202100008172,187Â 114,B01,1,1,2,5,1,-1,-1,0,0,-1,2021,36.0,2,2,0,2,8,1,1,,3,966,0,A,2,2,0,1,7,800,1,, -1,1,0,1,90,14,11,3,51,51088,1,1,0,3,D966,49.334449,4.032991,19,3,2
202100013246,178Â 065,A01,1,1,1,0,1,0,-1,-1, -1,-1,2021,19.0,3,2,0,2,1,1,1,,3,MARECHAL JUIN,0,,2,2,0,1,0,0,1,, -1,1,0,1,50,12,10,5,58,58194,2,1,0,2,MARECHAL JUIN,47.00325,3.15454,19,2,2
202100032009,144Â 529,A01,1,1,1,5,2,-1,-1,0,0,-1,2021,22.0,2,1,7,0,1,1,1,,3,48-II,0,,2,2,0,1,2,240,1,, -1,1,0,3,80,26,6,1,68,68249,1,1,0,6,rd 48-II,48.111343,7.118658,14,1,1
202100016558,172Â 034,B01,1,1,1,0,8,0,-1,-1, -1,-1,2021,47.0,2,1,0,2,0,0,3,,4,,0,,2,2,0,1,0,0,1,, -1,2,0,1,50,27,9,1,92,92051,2,1,0,3,"VICTOR HUGO (BOULEVARD, NÂ° 51 A 75 ET 62",48.89135,2.27523,11,2,2
202100038216,133Â 335,A01,1,1,1,9,1,0,-1,0,0,-1,2021,23.0,2,2,0,2,3,1,1,,4,RUE DES POISSONNIERS,0,,2,2,0,1,(1),(1),1,, -1,2,0,1,50,26,5,5,75,75118,2,3,1,1,RUE DES POISSONNIERS,48.892379,2.352213,0,2,2
202100052018,108Â 728,A01,2,2,1,0,2,0,-1,-1, -1,-1,2021,19.0,1,1,0,2,7,1,1,,4,AV GEORGES POMPIDOU,0,,-1,2,0,2,(1),(1),1,, -1,2,0,1,50,6,2,5,31,31555,2,1,1,7,AV GEORGES POMPIDOU,43.61263,1.45888,20,2,1
202100028609,150Â 576,B01,1,1,1,0,0,-1,-1,-1, -1,-1,2021,23.0,1,0,0,2,1,1,3,,4,JEAN MOULIN                         (QU),0,,1,3,2,1,(1),(1),1,, -1,2,0,5,50,16,7,5,69,69381,2,3,1,3,JEAN MOULIN (Q),45.7662269065,4.8380747437,5,4,2
202100013497,177Â 605,B01,1,1,1,1,8,8,-1,-1, -1,-1,2021,43.0,1,2,0,2,3,1,1,,3,ETREMBIERES (ROUTE D'),0,,2,3,0,2,0,1,1,, -1,1,0,1,50,13,10,5,74,74012,2,1,0,1,ETREMBIERES (ROUTE D'),46.18937,6.23302,1,2,2
202100051133,110Â 277,B01,1,1,1,5,2,6,-1,0,0,-1,2021,28.0,2,1,0,2,1,1,1,,3,311,-1,,2,2,0,1,5,0,1,, -1,1,0,1,70,19,2,1,69,69028,1,2,1,3,ROULATTES (DES) (CHM),45.714862,4.693217,15,2,2
202100048504,115Â 060,B01,1,1,2,5,1,-1,-1,-1, -1,-1,2021,48.0,2,2,0,2,4,23,1,,4,MARCEL SEMBAT                       (BD),0,,-1,2,0,1,(1),(1),1,, -1,1,0,1,30,10,3,1,69,69259,2,3,0,2,PIERRE SEMARD (AV),45.7120080336,4.8747754097,15,2,2
202100004462,193Â 790,A01,1,1,1,0,5,1,-1,0,0,-1,2021,51.0,2,2,11,0,1,1,1,,3,6086,0,D,3,4,0,1,55,33,3,, -1,1,5,1,90,21,11,1,30,30156,1,6,0,6,Route d Avignon,43.866116,4.444162,7,1,1
202100053356,106Â 350,A01,1,1,1,0,1,0,-1,-1, -1,-1,2021,56.0,1,2,0,2,1,0,1,,2,R DE PARIS,0,,2,4,0,1,1,0,1,, -1,2,0,1,50,28,1,1,94,94078,2,1,0,2,Rue de Paris,48.745175,2.446523,14,2,2
202100019372,167Â 003,A01,1,1,2,9,1,0,-1,0,0,-1,2021,21.0,1,2,0,2,1,14,3,,4,ROUTE DE SEVRES A NEUILLY,0,,2,2,0,1,(1),(1),1,, -1,1,0,1,30,12,9,5,75,75116,2,1,0,3,ROUTE DE SEVRES A NEUILLY,48.873075,2.24735,1,2,2
202100054573,104Â 227,B01,1,1,1,2,2,6,-1,-1, -1,-1,2021,49.0,1,1,0,2,1,1,1,,4,SABALCE (CHEMIN DE),0,,2,2,0,1,0,0,1,, -1,2,0,1,50,16,1,1,64,64102,2,1,1,3,SABALCE (CHEMIN DE),43.4978,-1.49106,11,2,2
202100039448,131Â 093,B01,1,1,1,5,8,0,-1,-1, -1,-1,2021,26.0,2,1,0,2,3,19,5,,3,MATIGNON (AV DES),0,,2,2,1,1,0,0,1,, -1,1,0,1,50,18,5,1,50,50218,2,1,0,3,MATIGNON (AV DES),48.83798,-1.57807,17,2,2
202100035134,138Â 904,A01,1,1,1,5,2,-1,-1,0,0,-1,2021,38.0,1,1,0,2,1,1,1,,3,103,0,,2,2,0,1,0,0,1,, -1,1,5,8,80,12,6,1,60,60471,1,2,0,1,D932,49.601477,3.011627,17,2,2
202100008079,187Â 293,A01,1,1,1,5,0,-1,-1,0,0,-1,2021,67.0,1,2,0,0,7,1,1,,3,153,-1,,2,2,0,1,7,40,1,, -1,1,0,3,80,16,11,1,56,56149,1,1,0,6,KERHANDY,47.597902,-2.44935,15,1,1
202100053294,106Â 471,B01,1,1,1,5,0,-1,-1,0,0,-1,2021,17.0,1,1,0,0,4,2,5,,3,838,-1,,2,2,0,1,22,200,1,, -1,2,0,1,90,30,1,3,91,91338,1,1,1,3,D838,48.634341,2.063928,19,2,2
202100024405,158Â 060,A01,1,1,1,5,1,-1,-1,0,0,-1,2021,29.0,1,2,0,2,1,1,1,,3,123,0,D,2,1,0,1,3,300,1,, -1,1,0,1,50,13,8,5,60,60601,2,3,0,3,Rue de la Commune de Paris,49.2655555371,2.393700979,22,2,2
202100032894,142Â 961,A01,1,1,1,0,2,6,-1,0,0,-1,2021,23.0,1,1,1,2,1,14,1,,7,BORD DE MER RN 98,0,,1,2,0,1,(1),(1),1,, -1,1,0,1,50,22,6,5,6,6123,2,3,0,2,BORD DE MER RN 98,43.656704,7.178948,1,2,2
202100030869,146Â 582,A01,1,1,1,0,1,0,-1,-1, -1,-1,2021,55.0,0,2,7,0,4,23,0,,3,DIVISION LECLERC (AVENUE DE LA) A20,0,,2,2,0,1,0,0,1,, -1,1,0,1,50,4,7,1,93,93008,2,9,0,2,Avenue de la Division Leclerc,48.9083648269,2.4202430248,15,2,2
202100000961,200Â 034,A01,10,3,2,5,0,-1,-1,1,3,1,2021,50.0,0,2,0,1,1,13,1,,4,ANDUZE (ROUTE OU ANCIENNE ROUTE),0,,2,2,0,1,0,0,1,, -1,1,0,1,50,12,11,5,30,30189,1,1,0,6,ANDUZE (ROUTE OU ANCIENNE ROUTE),43.8583,4.3336,20,2,1
202100035968,137Â 390,B01,1,1,2,0,2,6,-1,-1, -1,-1,2021,25.0,2,1,0,2,8,1,1,,4,MARIUS AUFAN(RUE) 1A67 ET 2A78,0,,1,2,1,1,0,0,1,, -1,1,0,1,50,7,6,1,92,92044,2,1,0,3,MARIUS AUFAN(RUE) 1A67 ET 2A78,48.8877145984,2.2876304952,19,2,2
202100004616,193Â 521,B01,3,2,1,5,3,-1,-1,-1, -1,-1,2021,1.0,2,2,0,2,9,2,1,,1,A43   0.550 A 3.353,0,,3,6,0,1,2,100,1,, -1,2,0,1,70,4,12,1,69,69029,1,1,0,4,A43,45.72776,4.90759,14,6,4
202100000401,200Â 986,A01,1,1,2,0,1,8,-1,-1, -1,-1,2021,47.0,3,2,0,2,1,5,2,,7,D9,0,,1,3,0,2,0,0,1,, -1,1,3,1,110,1,7,3,13,13019,1,1,0,1,D9,43.45659,5.32238,23,2,2
202100040929,128Â 461,A01,2,2,2,0,2,6,-1,-1, -1,-1,2021,17.0,2,1,0,2,1,1,1,,7,BD SILVIO TRENTIN,0,,2,3,0,1,0,300,1,, -1,1,0,1,50,7,5,1,31,31555,2,1,0,3,Route de Bayonne,43.60946,1.35406,16,4,2
202100027462,152Â 641,A01,1,1,1,5,2,6,9,0,0,-1,2021,49.0,2,1,13,0,7,1,1,,3,906,0,D,2,2,0,1,6,300,3,, -1,1,0,1,90,24,7,1,48,48198,1,1,0,6,RD 906 48800,44.451045,3.931904,11,2,2
202100006145,190Â 830,A01,1,1,1,5,1,-1,-1,0,0,-1,2021,20.0,2,2,2,0,8,14,1,,3,78,0,,2,2,0,1,18,800,1,, -1,1,0,3,80,26,11,3,44,44182,1,1,0,6,103 Route de Saint Pere En Retz,47.189178,-2.130207,19,2,1
202100005064,192Â 726,A01,1,1,1,1,8,0,-1,-1, -1,-1,2021,52.0,1,1,0,0,5,26,1,,4,MEIGNANNE,0,,1,2,0,1,1,0,2,, -1,2,0,1,30,1,12,2,49,49007,2,1,0,7,MEIGNANNE,47.48099,-0.57376,7,1,1
202100039633,130Â 750,A01,1,1,1,5,2,-1,-1,0,0,-1,2021,25.0,1,1,0,2,1,1,1,,2,21,-1,,2,2,3,1,(1),(1),1,, -1,2,0,1,70,18,5,1,65,65340,2,3,1,3,carrefour route de rabastens et et du bois cibat,43.267801,0.105096,17,2,2
202100019921,166Â 024,B01,1,1,1,1,2,6,-1,-1, -1,-1,2021,27.0,3,1,0,2,1,17,1,,4,LISBONNE (RUE DE),0,,2,3,0,1,0,0,2,, -1,1,0,1,50,9,9,1,93,93064,2,1,0,5,LISBONNE (RUE DE),48.882,2.468951,15,4,3
202100037351,134Â 904,A01,1,1,2,5,1,-1,-1,0,0,-1,2021,90.0,1,2,1,0,2,14,1,,3,513,-1,A,1,1,0,2,(1),(1),1,, -1,1,0,1,50,1,6,1,14,14754,2,1,0,6,D513A,49.321955,-0.000342,13,1,1
202100032178,144Â 236,A01,1,1,2,0,1,-1,-1,0,0,-1,2021,53.0,2,2,2,0,3,1,1,,3,114,0,,2,2,0,1,0,570,1,, -1,1,0,4,50,26,6,1,38,38269,2,1,0,6,26 Avenue du Docteur Tagnard,44.909707,5.793209,17,1,1
202100047002,117Â 763,A01,1,1,1,4,1,-1,-1,-1, -1,-1,2021,26.0,1,5,0,2,3,13,1,,1,ROCADE A 630,0,,3,4,0,1,16,500,1,, -1,1,0,1,90,22,3,1,33,33281,1,1,0,3,ROCADE A 630,44.839314,-0.675445,7,2,2
202100000251,201Â 274,A01,10,3,2,0,8,-1,-1,1,3,1,2021,55.0,3,1,0,1,0,2,0,,4,MARECHAL LYAUTEY (DU)               (PL),0,,1,1,2,1,(1),(1),1,, -1,1,0,1,50,8,10,1,69,69386,2,1,0,6,MARECHAL LYAUTEY (PL),45.7677673652,4.8423796892,9,2,1
202100026166,154Â 926,Z01,10,3,2,5,0,-1,-1,4,3,1,2021,41.0,2,1,0,1,1,17,0,,3,906,0,,2,2,0,1,1,0,1,, -1,1,0,1,50,31,7,1,92,92020,2,1,0,6,PARIS AVENUE DE NÂ° IMPAIRS,48.8073527845,2.2942331039,17,2,1
202100043784,123Â 422,B01,1,1,2,5,2,0,-1,-1, -1,-1,2021,73.0,1,1,0,2,1,0,1,,4,CHAPELLE AU BE (RUE),0,,2,2,0,2,0,0,1,, -1,1,0,1,50,15,4,1,10,10333,2,1,0,3,CHAPELLE AU BE (RUE),48.286441,4.067877,14,2,2
202100037045,135Â 482,B01,1,1,1,9,2,6,-1,0,0,-1,2021,44.0,0,1,0,2,1,16,1,,4,ROUTE DE L ETOILE,0,,2,2,0,1,(1),(1),1,, -1,1,0,1,50,31,5,5,75,75116,2,3,0,3,ROUTE DE L ETOILE,48.875017,2.258178,22,2,2
202100035533,138Â 195,A01,1,1,1,5,2,0,-1,0,0,-1,2021,32.0,1,1,0,2,2,1,1,,4,BOULEVARD SAINT MICHEL,0,,2,4,0,2,(1),(1),1,, -1,1,0,1,50,9,6,1,75,75105,2,5,0,3,BOULEVARD SAINT MICHEL,48.850304,2.342652,19,2,2
202100017526,170Â 294,B01,1,1,2,2,2,6,-1,0,0,-1,2021,16.0,3,1,0,2,7,1,1,,4,,0,,2,2,0,1,(1),(1),1,,4,1,0,1,50,20,9,1,49,49063,2,1,0,3,27 Avenue de la Gare,47.346599,-0.746841,17,2,2
202100055670,102Â 345,B01,1,1,2,0,1,0,-1,-1, -1,-1,2021,30.0,1,2,0,2,2,19,1,,7,LONDRES (AVENUE DE),0,,3,2,0,1,1,233,1,, -1,1,5,1,50,8,1,4,13,13117,2,2,0,3,,43.423061,5.237512,22,3,2
202100047058,117Â 654,A01,10,3,1,9,0,-1,-1,3,3,2,2021,35.0,2,2,0,1,1,1,1,,4,BOULEVARD DIDEROT,0,,2,2,0,1,(1),(1),1,, -1,1,0,1,50,21,3,4,75,75112,2,2,0,6,BOULEVARD DIDEROT,48.847606,2.389075,19,2,1
202100051369,109Â 859,B01,1,1,1,5,2,6,-1,-1, -1,-1,2021,21.0,1,1,0,2,1,3,1,,1,A50-Sens Marseille vers Aubagne,0,,1,2,0,4,2,799,1,, -1,1,0,1,50,15,2,1,13,13210,1,1,0,2,A50-Sens Marseille vers Aubagne,43.28499,5.42342,16,3,2
202100049843,112Â 648,C01,1,1,2,0,1,0,-1,-1, -1,-1,2021,23.0,1,2,0,2,4,23,2,,1,AUTOROUTE A126,0,,-1,1,0,1,1,299,1,, -1,1,0,1,90,27,2,1,91,91161,1,1,0,4,AUTOROUTE A126,48.71075,2.29935,14,4,4
202100026692,154Â 000,A01,1,1,1,4,1,0,-1,-1, -1,-1,2021,37.0,2,4,6,0,1,2,1,,3,POMPADOUR(ROUTE DE LA),0,,2,4,0,1,1,0,2,, -1,2,2,3,50,27,7,1,94,94028,2,9,0,6,Route de la Pompadour,48.76785,2.46727,13,1,1
202100036062,137Â 222,A01,1,1,2,0,1,0,-1,-1, -1,-1,2021,27.0,3,2,0,2,3,1,0,,7,GRAMME (CHAUSSEE),0,,3,0,1,1,(1),(1),1,, -1,1,0,1,50,6,6,5,59,59599,2,2,0,1,GRAMME (CHAUSSEE),50.73577,3.17536,1,3,2
202100024552,157Â 774,A01,1,1,1,5,2,0,-1,0,0,-1,2021,20.0,3,1,0,2,4,2,5,,4,ROUTE DAUPHINE,0,,2,2,1,1,(1),(1),1,, -1,1,0,5,50,12,8,1,75,75112,2,1,0,2,ROUTE DAUPHINE,48.822811,2.442125,19,2,2
202100051831,109Â 059,B01,1,1,2,3,1,4,-1,0,0,-1,2021,20.0,2,2,0,1,1,19,1,,3,MAXIME GORKI (BOULEVARD) DES NÂ°89 A ...,0,,2,2,3,1,0,1,1,, -1,1,6,1,50,11,2,1,93,93072,2,1,0,6,MAXIME GORKI (BOULEVARD) DES NÂ°89 A ...,48.95622,2.38329,17,2,1
202100011789,180Â 641,A01,10,3,1,5,0,-1,-1,4,3,1,2021,55.0,0,2,0,1,0,0,1,,4,SAINT JEAN DES VIGNES ( ALLEE DE),0,,2,2,0,1,(1),(1),1,, -1,1,0,1,50,16,10,5,71,71076,2,2,0,6,SENTIERS (RUE ),46.79742,4.85504,5,2,1
202100052830,107Â 290,A01,1,1,1,1,0,-1,-1,0,0,-1,2021,35.0,1,2,2,0,7,1,1,,3,906,-1,,2,2,0,1,4,0,2,, -1,1,0,3,70,2,2,2,30,30284,1,1,0,6,Route de Villefort,44.18,4.081212,7,1,1
202100002329,197Â 628,B01,1,1,1,9,0,-1,-1,0,0,-1,2021,23.0,2,5,0,0,5,0,1,,3,6009,0,,2,2,0,1,21,500,1,, -1,2,0,1,-1,23,11,3,11,11285,1,1,1,5,RD 6009,43.096784,2.947426,18,3,3
202100003899,194Â 786,A01,10,3,2,3,0,-1,-1,3,3,1,2021,71.0,1,5,0,1,2,1,1,,3,29,-1,,2,2,0,2,(1),(1),1,, -1,2,0,1,50,10,12,1,50,50111,2,7,1,6,4 Rue des Juifs,49.025829,-1.28407,13,2,1
202100047261,117Â 284,A01,1,1,2,9,1,5,-1,-1, -1,-1,2021,48.0,1,2,14,2,1,26,1,,3,MARECHAL JOFFRE (AVENUE),0,,2,2,0,1,0,1,1,, -1,1,5,1,50,20,3,1,93,93033,2,1,0,2,MARECHAL JOFFRE (AVENUE),48.86434,2.57533,14,3,2
202100051222,110Â 118,B01,1,1,1,0,1,-1,-1,0,0,-1,2021,29.0,2,2,0,2,3,2,1,,3,795,0,D,2,2,0,3,25,872,1,, -1,1,0,1,80,17,2,2,35,35009,1,9,0,2,Lieu Dit la Morinais,48.505015,-1.73996,17,2,2
202100017803,169Â 797,A01,10,3,2,5,0,-1,-1,2,3,1,2021,75.0,1,2,0,1,1,15,1,,4,BUXEROLLES (RUE DE),0,,2,2,0,1,(1),(1),3,, -1,1,0,1,50,18,9,1,87,87085,2,1,0,6,BUXEROLLES (RUE DE),45.86885,1.26341,10,2,1
202100008554,186Â 444,A01,1,1,2,2,1,-1,-1,0,0,-1,2021,55.0,2,2,13,0,4,2,1,,3,901,0,D,2,2,0,1,(1),(1),1,, -1,1,0,1,80,12,11,1,84,84054,1,1,0,2,D 901,43.903729,5.082244,7,2,2
202100027494,152Â 581,A01,1,1,1,0,2,-1,-1,-1, -1,-1,2021,24.0,2,1,0,2,1,5,1,,4,AUGUSTE CHOLLAT                     (R ),0,,1,1,0,4,(1),(1),2,, -1,1,0,1,50,22,7,2,69,69388,2,1,0,1,AUGUSTE CHOLLAT (R),45.73769,4.85017,20,4,2
202100023529,159Â 581,B01,1,1,1,1,2,6,9,0,0,-1,2021,19.0,3,1,0,2,1,19,1,,3,401,0,,2,2,0,1,6,839,1,, -1,1,0,1,-1,8,8,1,77,77259,2,3,0,1,D401,49.046455,2.66486,17,2,2
202100043650,123Â 652,B01,1,1,1,4,2,6,-1,0,0,-1,2021,35.0,1,1,0,2,8,1,1,,4,QUAI DE GRENELLE,0,,2,2,0,1,(1),(1),1,, -1,1,0,1,50,17,4,1,75,75115,2,2,0,3,QUAI DE GRENELLE,48.8544189859,2.2886507939,19,2,2
202100004038,194Â 523,B01,1,1,1,1,2,6,-1,-1, -1,-1,2021,50.0,1,1,0,2,1,0,1,,3,SEMARD (AVE PIERRE),0,,4,3,0,2,1,700,1,, -1,2,9,1,50,7,12,5,51,51108,2,4,0,1,Avenue Pierre Semard,48.94573,4.34149,16,2,2
202100042530,125Â 604,A01,10,3,2,0,0,-1,-1,3,3,1,2021,71.0,0,2,0,1,1,1,0,,3,103,0,D,2,2,0,1,51,500,1,, -1,1,0,1,50,26,4,1,42,42059,2,1,0,6,Place de la Poterne,45.637984,4.392251,11,2,1
202100004446,193Â 816,A01,1,1,1,5,2,6,9,0,0,-1,2021,55.0,3,6,2,0,1,1,1,,4,,0,,-1,1,0,1,(1),(1),2,, -1,6,0,8,-1,5,12,1,3,3161,1,1,1,6,La Faye,46.187013,2.661384,11,1,1
202100050192,111Â 999,B01,2,2,1,0,2,-1,-1,-1, -1,-1,2021,51.0,1,1,0,2,1,1,1,,4,TOULOUSE (RTE DE),0,,2,3,1,1,(1),(1),1,, -1,1,0,1,50,25,2,1,33,33550,2,1,0,3,Route de Toulouse,44.791979,-0.567158,11,3,2
202100000024,201Â 718,A01,1,1,1,5,1,0,-1,-1, -1,-1,2021,50.0,1,2,0,2,1,5,1,,3,NAVES (RUE DE),0,,3,2,0,1,(1),(1),1,, -1,1,0,1,40,12,12,5,59,59122,2,1,0,1,NAVES (RUE DE),50.1830243309,3.2540237904,17,2,2
202100013666,177Â 283,B01,1,1,1,1,1,0,-1,-1, -1,-1,2021,56.0,1,2,0,2,1,1,1,,3,BUSSIERTAS (RUE DE),0,,2,2,0,2,0,560,1,, -1,1,0,1,90,12,10,3,19,19275,1,2,0,3,BUSSIERTAS (RUE DE),45.565173977,2.3172518143,7,3,2
202100019987,165Â 906,A01,1,1,1,4,1,-1,-1,0,0,-1,2021,32.0,1,5,0,0,7,26,1,,3,19,0,,2,2,0,1,2,93,1,, -1,1,0,1,30,6,9,1,77,77300,1,1,1,7,D19,48.942386,2.986524,15,1,1
202100006954,189Â 338,B01,3,2,1,0,1,0,0,0,0,-1,2021,6.0,2,2,0,2,1,5,1,,7,63,-1,M,2,2,0,1,(1),(1),1,, -1,2,0,1,50,21,11,1,59,59553,2,1,1,1,Rue du Marechal Foch,50.595364,2.957535,15,9,2
202100033501,141Â 897,A01,4,2,1,5,1,-1,-1,0,0,-1,2021,21.0,3,2,2,0,0,0,1,,3,,-1,,2,1,0,1,24,500,1,,4,1,0,8,80,19,6,3,42,42064,1,1,0,6,Route du Col,45.4558405728,4.6927864551,22,4,1
202100011960,180Â 343,A01,1,1,1,5,1,-1,-1,0,0,-1,2021,58.0,1,2,0,2,1,1,1,,1,A89,-1,,3,4,0,1,536,500,1,, -1,1,0,1,110,19,8,1,69,69112,1,1,0,2,A89,45.8369630556,4.6830710801,16,4,2
202100034233,140Â 556,A01,1,1,2,0,8,0,-1,-1, -1,-1,2021,32.0,2,1,0,2,4,26,0,,3,SAINT GERMAIN (AVENUE DE),0,,1,1,0,1,9,930,1,, -1,1,0,1,50,15,6,5,78,78372,2,1,0,2,SAINT GERMAIN (AVENUE DE),48.87749,2.0965,23,2,2
202100039507,130Â 986,B01,2,2,2,5,1,-1,-1,0,0,-1,2021,57.0,1,2,0,2,1,1,2,,3,1,-1,D,2,2,0,2,20,479,1,, -1,1,0,1,80,6,5,1,31,31553,1,2,0,1,Route de Cadours,43.715411,1.168295,16,3,2
202100055165,103Â 208,B01,1,1,2,1,2,-1,-1,-1, -1,-1,2021,43.0,3,1,0,2,7,1,0,,7,LAURENT BONNEVAY    (Boulevard),0,,1,1,3,2,5,700,3,, -1,2,3,1,50,13,1,3,69,69266,2,3,1,3,4 AOUT 1789 (DU) (R),45.76711,4.90374,21,2,2
202100016613,171Â 944,A01,1,1,1,1,2,0,-1,-1, -1,-1,2021,26.0,1,1,0,2,7,1,1,,1,AUTOROUTE A103,0,,-1,0,0,1,0,300,2,, -1,2,0,1,70,27,9,1,93,93053,1,1,1,6,AUTOROUTE A103,48.88772,2.4728,11,1,1
202100046971,117Â 821,B01,1,1,1,5,0,-1,-1,0,0,-1,2021,97.0,1,1,0,2,8,1,5,,3,659,-1, -,2,2,0,1,18,200,1,, -1,1,0,1,70,23,3,1,46,46063,1,1,0,3,D659 LA MALODIE,44.278269,1.354655,16,2,2
202100041311,127Â 765,A01,10,3,2,5,0,-1,-1,3,3,2,2021,6.0,1,1,0,1,1,17,1,,4,RUE BELGRAND,0,,2,-1,0,1,(1),(1),1,, -1,1,0,1,50,5,5,1,75,75120,2,2,0,6,RUE BELGRAND,48.864557,2.407233,20,2,1
202100008437,186Â 657,B01,1,1,1,1,2,6,-1,-1, -1,-1,2021,35.0,1,1,0,2,4,23,6,,4,VAILLANT COUTURIER                  (R ),0,,1,1,2,1,(1),(1),1,, -1,1,0,1,50,10,11,2,69,69259,2,2,0,2,VAILLANT COUTURIER (R),45.7266,4.85975,17,2,2
202100006393,190Â 368,A01,10,3,2,5,8,8,-1,3,3,1,2021,49.0,1,2,0,1,7,1,1,,9,BARA (BOULEVARD),0,,2,2,0,1,0,0,1,, -1,7,0,8,50,24,11,1,91,91477,2,1,0,6,BARA (BOULEVARD),48.71949,2.24805,9,2,1
202100038246,133Â 281,A01,1,1,1,0,1,-1,-1,0,0,-1,2021,41.0,0,2,6,0,7,0,1,,3,977,0,R,2,2,0,1,(1),(1),1,, -1,1,0,3,80,12,5,1,84,84126,1,1,0,7,D977,44.226933,5.011409,10,1,1
202100038899,132Â 100,A01,1,1,1,0,8,0,-1,-1, -1,-1,2021,41.0,1,1,0,2,1,26,0,,3,55,0,,1,1,0,2,6,650,1,, -1,1,0,1,70,20,5,1,78,78015,1,3,0,3,RD 55,48.991821,2.058406,20,2,2
202100000914,200Â 110,A01,1,1,1,5,8,-1,-1,0,0,-1,2021,46.0,2,1,0,0,1,1,1,,3,606,0,,2,2,0,1,98,975,1,, -1,1,0,1,50,31,12,1,89,89478,2,1,0,2,16 Route Nationale 6,47.706421,3.626198,15,2,2
202100051099,110Â 337,A01,1,1,1,4,2,0,0,-1, -1,-1,2021,42.0,2,1,0,2,2,26,1,,4,,0,,2,2,0,1,0,0,1,, -1,1,0,1,50,17,2,4,92,92075,2,9,0,3,JEAN BLEUZEN,48.8225475369,2.2949194908,19,2,2
202100028550,150Â 686,A01,1,1,1,5,2,6,-1,0,0,-1,2021,68.0,1,1,11,0,1,17,1,,3,974,-1,,2,2,0,1,3,550,1,, -1,1,0,1,90,18,7,1,21,21412,1,3,0,3,D974,46.953953,4.766049,17,3,2
202100001486,199Â 129,A01,1,1,1,9,2,6,-1,-1, -1,-1,2021,26.0,1,1,12,0,5,1,1,,4,SAINT PIERRE (RUE),0,,-1,2,0,1,0,0,1,, -1,2,0,1,50,24,12,5,13,13205,2,1,1,6,SAINT PIERRE (RUE),43.29585,5.4111,2,1,1
202100036831,135Â 865,B01,1,1,1,5,8,0,-1,0,0,-1,2021,17.0,1,1,0,2,1,1,5,,4,BOULEVARD SAINT MICHEL,0,,2,4,1,1,(1),(1),1,, -1,1,0,5,50,2,6,1,75,75106,2,1,0,2,BOULEVARD SAINT MICHEL,48.843111,2.338469,14,2,2
202100010182,183Â 502,A01,1,1,1,0,1,0,-1,-1, -1,-1,2021,45.0,1,2,1,2,0,1,1,,3,FOCH (BOULEVARD),0,,2,4,0,1,0,1,1,, -1,2,0,1,50,30,10,1,93,93031,2,1,1,2,FOCH (BOULEVARD),48.94377,2.33916,16,2,2
202100043095,124Â 642,B01,1,1,1,5,2,-1,-1,0,0,-1,2021,67.0,2,1,0,2,1,1,1,,3,52,0,D,2,2,0,1,8,900,1,, -1,1,0,1,80,23,4,1,29,29209,1,3,1,1,Lieu-dit Minihy,48.52064,-4.455553,15,2,2
202100004027,194Â 542,B01,1,1,1,0,8,0,-1,-1, -1,-1,2021,43.0,1,1,0,2,8,0,0,,7,M603,0,,1,1,1,1,0,0,1,, -1,1,0,5,50,7,12,1,57,57412,2,1,0,3,GENERAL DE GAULLE (RUE DU ),49.11257,6.13529,12,2,2
202100037762,134Â 163,B01,1,1,1,1,8,-1,-1,-1, -1,-1,2021,22.0,2,1,0,2,8,1,3,,4,FRATERNITE (DE LA)                  (R ),0,,2,2,0,1,(1),(1),1,, -1,1,4,5,50,28,5,1,69,69275,2,8,1,3,FRATERNITE (DE LA) (R),45.77241,4.95674,20,2,2