Num_Acc,id_vehicule,num_veh,place,catu,sexe,trajet,secu1,secu2,secu3,locp,actp,etatp,year_acc,victim_age,senc,catv,obs,obsm,choc,manv,motor,occutc,catr,voie,v1,v2,circ,nbv,vosp,prof,pr,pr1,plan,lartpc,larrout,surf,infra,situ,vma,jour,mois,lum,dep,com,agg_,int,atm,col,adr,lat,long,hour,nb_victim,nb_vehicules
202100040521,129Â 176,A01,1,1,1,1,2,6,-1,-1, -1,-1,2021,30.0,2,1,0,0,7,1,1,,3,REPUBLIQUE (AV DE LA),0,,2,2,0,2,0,0,1,, -1,2,0,1,50,10,5,5,94,94077,2,1,1,7,REPUBLIQUE (AV DE LA),48.7309,2.42485,4,1,1
202100054899,103Â 678,B01,1,1,1,0,8,-1,-1,-1, -1,-1,2021,38.0,1,1,0,2,1,19,3,,2,250,0,,3,4,0,1,41,970,1,, -1,1,5,1,80,15,1,1,33,33529,1,6,0,1,,44.61659,-1.13827,12,2,2
202100013951,176Â 764,A01,1,1,1,0,0,-1,-1,0,0,-1,2021,19.0,0,1,0,2,1,1,1,,2,0,0,A,2,2,0,1,0,0,1,, -1,1,0,1,50,11,10,5,978,97801,2,1,0,1,Intersection Impasse des Barry / RN7,18.0701,-63.034645,20,2,2
202100045899,119Â 712,A01,3,2,2,5,3,0,-1,0,0,-1,2021,2.0,1,2,0,2,8,1,1,,4,PORTE D ITALIE,0,,1,2,0,1,(1),(1),1,, -1,1,0,1,70,27,3,5,75,75113,2,4,0,4,PORTE D ITALIE,48.816512339,2.3642116785,20,4,3
202100003284,195Â 893,A01,10,3,1,4,0,-1,-1,3,3,1,2021,42.0,1,2,0,1,2,1,1,,3,D117,-1,,2,2,0,1,19,100,1,, -1,1,0,1,50,14,12,5,11,11304,2,1,0,6,Boulevard Charles de Gaulle,42.873892,2.18268,17,2,1
202100044657,121Â 890,B01,1,1,1,5,2,-1,-1,-1, -1,-1,2021,41.0,2,1,0,2,1,1,1,,4,JEAN MERMOZ                         (AV),0,,2,4,1,1,(1),(1),1,, -1,1,0,1,50,8,4,1,69,69388,2,2,0,1,JEAN MERMOZ (AV),45.7345531213,4.8752474785,14,2,2
202100024597,157Â 688,A01,1,1,1,9,8,0,-1,-1, -1,-1,2021,42.0,2,1,0,2,2,15,1,,3,GENEVE (RUE DE),0,,3,0,0,1,0,1,1,, -1,1,0,1,50,10,8,1,74,74012,2,9,0,5,GENEVE (RUE DE),46.19289,6.22556,21,3,3
202100031982,144Â 578,A01,10,3,1,0,0,-1,-1,5,B,1,2021,61.0,3,1,0,1,1,1,5,,4,GARE (PLACE DE LA),0,,-1,0,0,1,1,0,1,, -1,1,0,4,6,27,6,1,14,14118,2,1,0,6,Place de la Gare,49.17583,-0.34932,15,2,1
202100017780,169Â 833,A01,1,1,1,1,8,0,-1,-1, -1,-1,2021,41.0,2,2,0,2,9,1,1,,2,RN104,0,,3,6,0,1,19,700,1,, -1,1,0,1,110,21,9,1,77,77122,1,1,0,2,RN104,48.66204,2.61355,17,2,2
202100053432,106Â 207,B01,1,1,2,5,1,0,-1,-1, -1,-1,2021,23.0,2,2,0,2,1,1,1,,2,ALLENDE (QUAI SALVADOR),0,,3,4,0,1,16,0,1,, -1,1,5,1,50,26,1,1,87,87085,2,2,0,3,ALLENDE (QUAI SALVADOR),45.81744,1.25256,13,4,2
202100050965,110Â 579,A01,1,1,2,5,2,6,-1,0,0,-1,2021,36.0,3,1,13,0,0,1,1,,4,,0,,2,2,0,1,(1),(1),2,,"2,5",1,0,8,80,19,2,1,79,79210,1,1,0,6,Chemin de la Boujaliere,46.895991,-0.656562,16,1,1
202100053037,106Â 920,A01,1,1,1,5,2,6,-1,-1, -1,-1,2021,24.0,1,1,0,0,0,0,1,,2,RN104,0,,3,2,0,1,7,199,1,, -1,2,0,1,90,31,1,1,77,77373,1,1,1,2,RN104,48.7719082684,2.6117344336,16,2,2
202100040882,128Â 550,A01,10,3,2,5,0,-1,-1,2,3,1,2021,63.0,1,2,0,1,3,1,1,,3,ESTREES (BOULEVARD GABRIELLE D'),0,,2,2,0,1,18,250,1,, -1,1,0,1,30,7,5,1,86,86066,2,1,0,6,Boulevard dâEstrÃ©es,46.80585,0.52927,12,2,1
202100028249,151Â 199,B01,2,2,2,5,1,-1,-1,0,0,-1,2021,67.0,1,2,0,2,7,1,1,,3,1075,0,D,2,2,0,1,42,100,1,, -1,1,5,1,80,20,7,1,38,38001,1,4,0,3,croisement d1075 / d50 - la Batie Divisin,45.500933,5.592921,7,3,2
202100043550,123Â 818,A01,10,3,1,5,0,-1,-1,3,3,2,2021,3.0,1,2,0,1,3,1,1,,4,CAPELETTE (AVENUE DE LA),0,,2,2,0,1,0,0,1,, -1,1,0,1,50,17,4,1,13,13210,2,1,0,3,CAPELETTE (AVENUE DE LA),43.2822,5.4032,16,2,1
202100023691,159Â 269,A01,2,2,1,5,1,8,-1,-1, -1,-1,2021,21.0,2,2,2,0,2,14,1,,4,EUROPE (AVENUE DE L'),0,,2,2,0,1,(1),(1),1,, -1,1,0,4,50,17,8,1,71,71153,2,1,0,6,Avenue de lâEurope,46.8083964573,4.4233362152,20,2,1
202100010045,183Â 739,A01,1,1,1,4,2,0,-1,0,0,-1,2021,25.0,2,1,0,0,0,18,1,,4,PLACE DE LA REPUBLIQUE,0,,2,5,0,1,(1),(1),1,, -1,2,0,1,30,31,10,1,75,75103,2,4,1,7,PLACE DE LA REPUBLIQUE,48.866462,2.364774,15,1,1
202100052622,107Â 661,A01,1,1,1,5,2,-1,-1,0,0,-1,2021,56.0,2,1,0,2,8,9,5,,3,,-1,,2,2,1,1,6,297,1,, -1,1,0,1,30,4,2,1,6,6085,2,1,0,1,1028 Avenue Notre-dame de Vie,43.596118,7.001734,16,2,2
202100032918,142Â 920,B01,3,2,1,9,1,0,-1,-1, -1,-1,2021,11.0,2,2,0,2,4,1,1,,4,JEAN DE LA FONTAINE (R),0,,2,2,0,1,0,0,1,, -1,1,0,1,50,21,6,1,94,94019,2,1,0,2,JEAN DE LA FONTAINE (R),48.80687,2.55805,18,3,2
202100009845,184Â 100,A01,1,1,1,5,2,4,-1,0,0,-1,2021,62.0,3,1,13,0,0,13,5,,4,2,-1,,2,2,0,2,(1),(1),1,, -1,1,0,3,80,2,11,1,53,53155,1,1,0,7,La Chatterie,48.282529,-0.877157,14,1,1
202100019238,167Â 241,B01,1,1,2,9,2,8,-1,-1, -1,-1,2021,31.0,1,1,9,2,7,19,5,,3,7,0,,2,0,0,1,0,0,1,, -1,1,0,1,50,11,9,1,92,92004,2,1,0,3,AULAGNIER ( QUAI ),48.9119704836,2.3015389274,16,2,2
202100049992,112Â 384,B01,1,1,1,1,2,6,-1,0,0,-1,2021,54.0,1,1,0,2,4,2,1,,4,,0,,3,4,0,1,(1),(1),1,, -1,1,0,1,50,26,2,1,201,201004,2,1,0,2,RECCO ABBE BOULEVARD,41.93732,8.73808,9,2,2
202100025267,156Â 489,B01,1,1,2,0,1,0,-1,-1, -1,-1,2021,22.0,1,2,0,2,4,2,1,,4,ALLONNES PONT ROUGE (RTE D'),0,,3,2,0,1,0,0,1,, -1,1,0,1,50,6,8,1,72,72181,1,1,0,4,ALLONNES PONT ROUGE (RTE D'),47.97583,0.166,15,3,3
202100035073,139Â 004,A01,1,1,1,5,1,0,-1,-1, -1,-1,2021,28.0,3,2,5,2,1,0,1,,3,,0,,2,2,0,2,1,0,1,, -1,1,0,4,50,11,6,5,94,94002,2,3,0,6,Rue Emile Zola,48.799743,2.426047,0,2,1
202100046992,117Â 786,A01,10,3,2,1,0,-1,-1,1,9,1,2021,18.0,3,2,0,1,1,20,1,,6,,0,,2,1,0,2,(1),(1),1,, -1,1,0,1,50,24,3,1,38,38553,2,1,0,6,rue louis ganel,45.619193,5.152349,8,2,1
202100053017,106Â 954,C01,1,1,1,1,8,-1,-1,0,0,-1,2021,37.0,2,2,0,2,4,2,1,,3,84,-1,,2,2,0,1,2,430,1,, -1,1,0,1,80,20,1,1,1,1027,1,3,0,4,RD 84,45.833045,5.115273,7,3,3
202100031215,145Â 944,A01,10,3,2,0,0,-1,-1,4,3,1,2021,34.0,3,2,1,1,2,0,0,,3,7,0,,1,2,0,1,1,0,1,, -1,1,0,1,50,3,7,1,92,92073,2,1,0,6,GALLIENI (QUAI),48.869717909,2.2309193015,13,2,1
202100018611,168Â 368,A01,10,3,1,9,0,-1,-1,2,3,1,2021,20.0,1,1,0,1,1,1,1,,4,BOULEVARD VOLTAIRE,0,,2,4,0,1,(1),(1),1,, -1,1,0,1,30,15,9,5,75,75111,2,3,0,6,BOULEVARD VOLTAIRE,48.852145,2.389679,21,2,1
202100038069,133Â 612,B01,1,1,1,5,2,-1,-1,0,0,-1,2021,53.0,2,1,0,0,1,0,1,,3,133,0,D,-1,2,0,1,11,500,3,, -1,1,0,1,80,28,5,1,67,67061,1,4,0,1,D133,48.815836,7.433367,15,2,2
202100044434,122Â 261,A01,1,1,1,1,1,-1,-1,-1,0,-1,2021,42.0,2,2,4,0,1,1,1,,1,AUTOROUTE A115,0,,3,3,0,2,11,100,2,, -1,2,0,1,70,10,4,1,95,95394,1,1,1,6,AUTOROUTE A115,49.0516,2.18234,11,1,1
202100017830,169Â 749,A01,1,1,2,0,1,0,-1,0,0,-1,2021,25.0,1,2,10,0,4,26,1,,1,CHARME (RUE DE LA),0,,1,1,0,1,(1),(1),1,, -1,2,3,1,50,16,9,5,63,63113,2,1,0,6,CHARME (RUE DE LA),45.8073831754,3.1320208311,20,1,1
202100045374,120Â 625,B01,1,1,1,0,1,0,-1,0,0,-1,2021,19.0,1,2,0,2,4,23,1,,7,,0,,3,4,0,1,(1),(1),1,, -1,1,0,1,50,1,4,5,63,63113,2,2,0,2,BRUGIERE (BD AMBROISE),45.78972,3.11793,20,2,2
202100043354,124Â 171,A01,10,3,2,5,0,0,-1,3,3,1,2021,44.0,1,2,0,1,2,19,1,,4,AV GABRIEL PERI,0,,1,1,0,1,1,0,1,, -1,1,0,1,30,20,4,1,94,94080,2,1,0,6,Avenue Gabriel PÃ©ri,48.847065,2.443369,12,2,1
202100010219,183Â 443,A01,1,1,1,5,2,-1,-1,0,0,-1,2021,21.0,1,1,0,2,7,19,1,,3,,-1,,2,1,0,1,6,226,1,,"3,5",1,5,1,30,31,10,1,85,85047,2,2,0,3,Route d Apremont,46.834934,-1.850227,15,3,2
202100001970,198Â 280,A01,1,1,1,0,1,0,-1,-1, -1,-1,2021,45.0,1,2,0,2,4,26,1,,1,A50-Sens Aubagne vers Marseille,0,,1,2,0,1,11,0,1,, -1,1,0,1,90,21,12,1,13,13005,1,1,0,2,A50-Sens Aubagne vers Marseille,43.2877,5.54304,15,3,2
202100006619,189Â 958,A01,10,3,2,5,0,-1,-1,1,3,1,2021,11.0,1,1,8,1,1,2,3,,4,TURENNE (RUE DE),0,,2,2,0,1,(1),(1),1,, -1,1,2,1,30,21,10,2,68,68066,2,1,0,6,TURENNE (RUE DE),48.07394,7.35732,19,2,1
202100053307,106Â 446,A01,1,1,1,4,1,4,-1,-1, -1,-1,2021,41.0,1,5,0,2,1,2,1,,1,AUTOROUTE A86,0,,3,4,0,1,51,0,1,, -1,2,1,1,70,28,1,1,94,94034,1,1,1,4,AUTOROUTE A86,48.7602,2.3204,9,3,3
202100002318,197Â 648,A01,1,1,2,5,2,9,-1,0,0,-1,2021,21.0,1,1,13,0,7,17,1,,3,20,0,,2,2,0,1,6,600,1,, -1,1,0,1,80,19,12,1,53,53272,1,1,0,7,Rd20 PK6+600,48.407903,-0.225585,14,1,1
202100028831,150Â 188,A01,1,1,1,0,8,8,-1,-1, -1,-1,2021,32.0,1,1,0,2,1,1,1,,4,COMBES (BD EMILE),0,,2,2,0,1,(1),(1),1,, -1,1,0,1,50,15,7,1,35,35238,2,3,0,2,COMBES (BD EMILE),48.09536,-1.66287,12,2,2
202100038825,132Â 224,B01,1,1,2,5,2,8,8,0,0,-1,2021,53.0,2,1,0,2,8,1,5,,3,,-1,,2,1,0,2,8,804,2,,3,1,0,1,50,23,5,1,6,6079,1,1,0,3,Rue Capitaine de Corvette Marche,43.518859,6.939722,13,2,2
202100035599,138Â 085,A01,1,1,1,1,8,-1,-1,0,0,-1,2021,49.0,1,1,0,2,6,1,1,,2,20,0,T,1,1,0,1,10,150,2,, -1,1,9,1,50,9,6,1,201,201271,1,6,0,2,T20,41.971664,8.819082,16,2,2
202100016426,172Â 275,A01,1,1,1,0,1,0,-1,-1, -1,-1,2021,67.0,1,2,0,0,0,26,1,,1,A13,0,,3,4,0,1,2,200,1,, -1,1,0,1,110,28,9,1,92,92012,1,1,0,6,A13,48.8485101306,2.2270096797,15,1,1
202100045929,119Â 658,B01,1,1,1,1,2,6,-1,-1, -1,-1,2021,37.0,1,1,0,2,1,0,1,,4,STRASBOURG (AVENUE DE),0,,3,6,1,1,0,0,1,, -1,1,4,1,50,29,3,2,67,67218,2,8,0,6,STRASBOURG (AVENUE DE),48.54289,7.73591,19,2,2
202100004967,192Â 912,A01,1,1,2,5,1,-1,-1,0,0,-1,2021,74.0,2,2,0,2,7,15,1,,3,924,-1,,2,2,0,1,21,650,1,, -1,2,0,1,80,3,12,3,50,50549,1,3,1,1,Route du Bocage,48.8363984,-1.4456306,17,2,2
202100011109,181Â 872,A01,10,3,2,9,0,-1,-1,0,0,-1,2021,49.0,1,5,0,1,3,15,1,,4,RUE MAZARINE,0,,-1,1,0,1,(1),(1),1,, -1,1,0,1,30,25,10,1,75,75106,2,2,0,6,RUE MAZARINE,48.855278,2.337756,11,2,1
202100019555,166Â 678,A01,1,1,1,5,2,6,-1,0,0,-1,2021,14.0,3,1,0,2,1,17,1,,5,,-1,,2,2,0,1,(1),(1),1,,3,1,0,1,40,12,9,1,39,39434,1,1,0,2,,46.853243,5.685468,16,2,2
202100028563,150Â 663,A01,1,1,1,3,2,6,-1,0,0,-1,2021,17.0,2,1,13,2,8,1,1,,3,102,0,,2,2,0,1,6,499,1,, -1,1,0,1,80,17,7,1,77,77148,1,1,0,3,D102,49.06813,3.075657,17,2,2
202100046406,118Â 823,B01,1,1,1,5,2,6,-1,-1, -1,-1,2021,21.0,1,1,0,2,1,17,1,,3,72,0,,2,0,0,1,0,0,1,, -1,1,0,1,30,26,3,2,92,92040,2,1,0,3,EGALITE ( DE L'),48.81686,2.26051,18,2,2
202100054950,103Â 589,A01,10,3,2,5,0,-1,-1,9,B,1,2021,60.0,0,1,0,0,0,0,1,,9,,-1,,2,2,0,1,(1),(1),1,, -1,1,0,1,50,14,1,2,974,97415,2,1,0,1,Rue des Cardinaux,-21.026428,55.265106,18,2,1
202100010287,183Â 320,A01,10,3,1,5,0,-1,-1,2,5,2,2021,5.0,2,2,0,1,2,21,1,,4,SALVADOR ALLENDE    (Avenue),0,,2,2,0,1,(1),(1),1,, -1,1,0,1,50,28,10,1,69,69266,2,1,0,6,SALVADOR ALLENDE (AV),45.7754,4.8639,11,2,1
202100009053,185Â 522,B01,2,2,2,0,1,0,-1,-1, -1,-1,2021,26.0,2,2,0,2,4,2,1,,1,86,0,,-1,3,0,1,12,0,1,, -1,1,0,1,90,7,11,3,93,93066,1,1,0,2,AUTOROUTE A86,48.926535,2.337346,19,3,2
202100044125,122Â 802,A01,10,3,2,5,0,-1,-1,3,3,1,2021,23.0,1,2,0,1,1,19,1,,3,AV DE LONGJUMEAU,0,,-1,0,0,1,0,0,1,, -1,1,0,1,50,13,4,2,91,91589,2,3,0,6,AV DE LONGJUMEAU,48.68512,2.34928,18,2,1
202100052531,107Â 820,B01,1,1,2,5,1,8,-1,-1, -1,-1,2021,56.0,2,2,0,2,3,1,1,,4,CHARMILLE (RUE DE LA),0,,2,2,0,1,0,0,1,, -1,1,0,1,50,3,2,1,67,67482,2,3,0,3,CHARMILLE (RUE DE LA),48.58751,7.71785,16,3,2
202100033582,141Â 739,A01,1,1,1,2,2,-1,-1,-1, -1,-1,2021,16.0,2,1,0,2,1,2,1,,4,HOCHE (AVENUE),0,,2,2,0,1,(1),(1),1,, -1,1,0,1,50,14,6,1,51,51454,2,1,0,2,Avenue Hoche,49.2304398366,4.0613982081,8,3,2
202100027895,151Â 851,A01,1,1,2,2,1,8,-1,-1, -1,-1,2021,23.0,0,2,0,2,1,13,1,,4,ROCADE 12,0,,2,2,0,1,(1),(1),1,, -1,1,0,1,50,8,7,1,78,78621,1,1,0,5,ROCADE 12,48.79295,1.98459,8,3,3
202100023369,159Â 846,B01,1,1,1,5,0,-1,-1,0,0,-1,2021,17.0,3,1,0,2,1,1,1,,4,,-1,,2,1,0,1,(1),(1),3,,3,1,0,1,50,20,8,1,971,97118,1,1,0,1,Chemin de Trianon,16.175595,-61.617175,14,2,2
202100010043,183Â 743,A01,1,1,2,5,1,0,-1,0,0,-1,2021,70.0,1,2,0,2,3,13,1,,4,RUE DU FAUBOURG SAINT MARTIN,0,,2,3,0,2,(1),(1),1,, -1,2,0,1,30,31,10,4,75,75110,2,1,1,3,RUE DU FAUBOURG SAINT MARTIN,48.87678,2.360987,18,2,2
202100007370,188Â 580,B01,1,1,2,1,2,0,-1,-1, -1,-1,2021,52.0,3,1,0,2,1,19,5,,4,,0,,1,3,2,1,0,0,1,, -1,1,5,1,50,19,11,2,92,92046,2,9,0,3,VALLEE (RUE DE LA),48.8221118755,2.3057663441,8,2,2
202100052338,108Â 165,A01,2,2,1,0,1,0,-1,-1, -1,-1,2021,24.0,1,2,15,2,3,26,1,,3,VAILLANT COUTURIER (AVENUE PAUL),0,,1,1,0,1,0,1,1,, -1,2,0,1,50,6,2,5,93,93008,2,9,1,1,VAILLANT COUTURIER (AVENUE PAUL),48.9058766053,2.4588307142,6,3,2
202100040279,129Â 610,B01,1,1,1,5,2,6,-1,0,0,-1,2021,66.0,1,1,0,2,2,1,1,,3,6,0,,2,1,0,1,1,500,1,, -1,1,0,1,70,13,5,1,30,30294,1,1,0,3,Route de Bagnols,44.130363,4.124068,13,2,2
202100055882,101Â 988,A01,1,1,1,1,2,6,-1,-1, -1,-1,2021,60.0,1,1,0,2,1,2,1,,1,A86,0,,3,4,0,1,77,300,1,, -1,1,0,1,50,8,1,3,92,92063,2,1,0,2,A86,48.8888479305,2.1682789922,19,2,2
202100051613,109Â 433,A01,10,3,2,2,0,-1,-1,4,3,1,2021,14.0,1,1,0,1,1,1,1,,3,d813,-1,,1,1,0,1,36,150,1,, -1,2,0,1,50,12,2,1,31,31446,2,1,1,6,D813,43.549285,1.479171,8,2,1
202100001488,199Â 126,A01,10,3,2,3,8,8,-1,3,3,1,2021,72.0,1,5,0,1,1,15,1,,3,PETIT TOURNON (AVENUE DU),0,,-1,2,0,1,53,750,1,, -1,2,9,1,50,24,12,1,7,7186,2,4,1,6,PETIT TOURNON (AVENUE DU),44.73643,4.59826,11,2,1
202100052618,107Â 671,B01,1,1,1,4,0,-1,-1,0,0,-1,2021,34.0,1,1,0,2,1,1,5,,3,954,-1,,2,2,0,1,30,650,1,, -1,1,0,1,30,1,2,1,21,21663,2,7,0,3,Avenue de la Gare,47.542917,4.460294,16,2,2
202100005004,192Â 842,B01,1,1,1,1,2,6,-1,-1, -1,-1,2021,25.0,1,1,0,2,1,3,1,,1,AUTOROUTE A6B,0,,3,3,0,1,4,210,1,, -1,2,0,1,90,3,12,3,94,94038,1,1,1,3,AUTOROUTE A6B,48.7804,2.34619,18,2,2
202100037340,134Â 921,B01,1,1,1,5,2,6,9,0,0,-1,2021,18.0,2,1,0,2,8,11,1,,3,419,0,,1,2,0,1,20,500,1,, -1,1,0,1,90,31,5,1,68,68004,1,1,0,3,RD 419,47.626688,7.254871,13,3,2
202100034061,140Â 877,B01,1,1,1,0,1,-1,-1,-1, -1,-1,2021,52.0,2,2,0,2,4,0,1,,4,SAUVAIE (DE LA),0,,-1,2,0,1,0,0,1,, -1,1,0,1,50,16,6,1,35,35238,2,1,0,4,SAUVAIE (DE LA),48.09574,-1.63383,12,3,3
202100043801,123Â 390,A01,10,3,1,3,0,-1,-1,1,3,1,2021,68.0,2,5,0,1,4,26,1,,4,AV DU MARECHAL DE LATTRE DE TASSIGNY ,0,,1,1,0,1,1,0,1,, -1,1,0,1,50,15,4,1,94,94016,2,1,0,6,Av du Mal de Lattre de Tassigny,48.78747,2.33282,10,2,1
202100035314,138Â 585,Z01,10,3,1,5,0,-1,-1,2,3,1,2021,78.0,2,1,0,1,1,1,5,,4,BOULEVARD SAINT JACQUES,0,,3,3,0,1,(1),(1),1,, -1,1,0,1,50,9,6,1,75,75114,2,1,0,6,BOULEVARD SAINT JACQUES,48.832904,2.336474,13,2,1
202100002200,197Â 861,A01,1,1,1,4,1,-1,-1,0,0,-1,2021,18.0,2,5,6,0,2,13,6,,3,128,0,D,2,2,0,1,0,911,3,, -1,2,2,1,80,21,12,2,34,34068,1,1,1,7,D128,43.5136422708,3.4625912724,7,1,1
202100045541,120Â 337,A01,10,3,2,3,0,-1,-1,2,3,1,2021,26.0,3,2,0,1,2,9,1,,4,MOI LAMINAIRE (RUE),0,,2,2,0,1,(1),(1),1,, -1,1,0,1,50,1,4,1,972,97209,1,1,0,6,MOI LAMINAIRE (RUE),14.5988,-61.04324,13,2,1
202100037000,135Â 559,A01,10,3,2,5,0,-1,-1,4,3,1,2021,56.0,3,2,0,1,3,26,1,,4,ARAGON AVENUE,0,,-1,2,0,1,1,0,1,, -1,1,0,1,50,31,5,1,49,49007,2,1,0,6,ARAGON AVENUE,47.47214,-0.56646,13,2,1
202100030199,147Â 789,A01,1,1,2,0,2,0,-1,0,0,-1,2021,56.0,2,1,0,2,5,11,1,,4,GUILLOU (BOULEVARD YVES),0,,1,3,0,2,1,0,1,, -1,1,0,1,50,7,7,1,14,14118,2,1,0,3,Boulevard Yves Guillou,49.17266,-0.37877,18,2,2
202100055880,101Â 992,A01,1,1,1,1,1,8,-1,-1, -1,-1,2021,33.0,2,2,0,2,1,1,1,,1,43,0,,1,4,0,1,18,100,1,, -1,2,0,1,130,8,1,2,38,38184,1,1,0,5,A43,45.6565828879,5.0846636295,8,3,3
202100002688,196Â 971,A01,1,1,1,5,1,5,-1,0,0,-1,2021,37.0,1,2,6,0,1,1,1,,3,452,-1,,2,2,0,1,20,50,1,, -1,2,0,1,50,17,12,5,10,10296,2,1,0,6,17 Grande Rue,48.060937,4.380997,23,1,1
202100048893,114Â 364,A01,1,1,1,5,1,-1,-1,0,0,-1,2021,28.0,1,2,6,0,1,0,1,,3,120,0,,2,2,0,2,19,200,4,, -1,1,0,1,70,7,3,1,7,7167,1,1,0,7,,44.813993,4.616479,17,1,1
202100022435,161Â 537,A01,1,1,2,9,8,0,-1,-1, -1,-1,2021,16.0,1,1,0,0,7,26,1,,4,FOULQUES NERRA BOULEVARD,0,,3,2,0,1,1,0,1,, -1,1,0,1,50,26,8,2,49,49007,2,1,0,7,FOULQUES NERRA BOULEVARD,47.47185,-0.56685,6,2,1
202100021188,163Â 791,A01,1,1,1,5,2,-1,-1,0,0,-1,2021,21.0,0,1,8,0,7,14,1,,3,313,0,,2,2,0,1,14,1,2,, -1,9,5,1,50,4,9,1,27,27477,2,4,0,6,Route des Andelys,49.130229,1.452883,17,1,1
202100023647,159Â 356,A01,10,3,2,5,0,-1,-1,2,3,2,2021,13.0,2,2,0,1,1,1,1,,3,996,0,D,2,2,0,1,6,921,1,, -1,1,0,1,50,18,8,1,23,23076,2,1,0,6,Avenue de la RÃ©publique,46.171257,2.483999,17,2,1
202100045395,120Â 589,A01,1,1,1,1,2,6,-1,-1, -1,-1,2021,30.0,1,1,0,0,8,1,1,,4,MAISONS BLANCHES (QUAI DES),0,,2,2,0,1,(1),(1),3,, -1,1,0,1,50,2,4,1,37,37214,2,1,0,7,MAISONS BLANCHES (QUAI DES),47.3943155223,0.6509132803,7,1,1
202100049121,113Â 950,B01,1,1,1,1,2,6,-1,-1, -1,-1,2021,39.0,3,1,0,2,2,1,1,,4,CROTTES (RUE DES),0,,2,2,0,1,(1),(1),1,, -1,1,0,1,50,4,3,2,13,13211,2,3,0,3,CROTTES (RUE DES),43.286613,5.470177,18,2,2
202100054074,105Â 090,A01,10,3,1,0,0,-1,-1,2,3,1,2021,45.0,2,2,0,1,2,1,1,,4,RUE DU JARD,0,,3,2,0,1,(1),(1),1,, -1,2,0,1,50,14,1,3,33,33281,2,1,1,6,Rue du Jard,44.8420977911,-0.6394124629,19,2,1
202100009464,184Â 789,A01,1,1,1,5,1,0,-1,0,0,-1,2021,83.0,3,2,4,0,1,13,1,,4,BOULEVARD DU GENERAL JEAN SIMON,0,,2,5,0,1,(1),(1),1,, -1,2,8,1,50,4,11,5,75,75113,2,2,1,6,BOULEVARD DU GENERAL JEAN SIMON,48.825933,2.382723,18,1,1
202100034643,139Â 794,B01,1,1,1,5,2,6,-1,0,0,-1,2021,16.0,2,1,0,0,4,2,1,,3,984,0,F,2,2,0,1,0,415,1,, -1,1,0,1,50,13,6,5,1,1354,1,1,0,2,Route de Meyrin,46.238196,6.038634,22,3,2
202100033641,141Â 634,A01,1,1,1,5,2,0,-1,0,0,-1,2021,31.0,1,1,0,2,7,1,1,,4,RUE OBERKAMPF,0,,1,2,0,2,(1),(1),1,, -1,1,0,1,50,18,6,1,75,75111,2,2,0,5,RUE OBERKAMPF,48.866356,2.380261,14,3,3
202100010690,182Â 612,B01,1,1,1,5,2,6,-1,-1, -1,-1,2021,31.0,2,1,0,2,1,1,1,,4,PONT COLBERT (RUE DU),0,,2,2,0,2,(1),(1),1,, -1,1,0,1,50,24,10,5,78,78646,2,3,0,3,PONT COLBERT (RUE DU),48.789577,2.148481,0,2,2
202100000181,201Â 418,B01,1,1,2,5,0,-1,-1,0,0,-1,2021,69.0,1,1,0,2,1,1,5,,3,,-1,,2,2,-1,1,30,105,1,, -1,1,2,1,30,29,10,2,73,73241,2,3,1,1,Chemin des Moulins,45.614975,6.319102,18,2,2
202100052486,107Â 904,A01,1,1,1,5,1,-1,-1,0,0,-1,2021,31.0,1,2,0,2,1,3,1,,3,631,0,,2,2,0,1,42,20,3,, -1,2,0,1,80,6,2,1,81,81222,1,1,1,1,RD631,43.776703,2.162011,16,2,2
202100003759,195Â 037,A01,1,1,1,5,2,6,-1,0,0,-1,2021,45.0,1,1,0,2,1,5,1,,3,56,-1,,2,2,0,1,3,0,3,, -1,2,0,1,80,11,12,3,76,76562,1,1,1,1,Ferme de Milan,49.883229,1.18221,17,2,2
202100001207,199Â 613,B01,1,1,2,5,2,6,-1,0,0,-1,2021,24.0,3,1,0,2,2,15,1,,4,PONT DU GARIGLIANO,0,,1,2,0,1,(1),(1),1,, -1,2,0,1,30,26,12,1,75,75115,2,2,0,3,PONT DU GARIGLIANO,48.838864,2.269382,13,2,2
202100026749,153Â 909,A01,2,2,1,5,1,5,-1,0,0,-1,2021,63.0,1,2,2,0,7,17,1,,3,43,0,D,2,2,0,1,21,900,1,, -1,1,0,3,80,8,7,1,95,95169,1,1,0,6,RD 43,49.129492,1.887787,15,2,1
202100031044,146Â 249,B01,1,1,1,0,2,6,-1,0,0,-1,2021,56.0,1,1,0,2,8,19,1,,7,THERMALE (AVENUE),0,,1,2,0,1,(1),(1),1,, -1,1,0,1,50,28,6,1,63,63075,2,2,0,3,THERMALE (AVENUE),45.77546,3.05391,11,2,2
202100051606,109Â 447,B01,1,1,1,4,1,0,-1,-1, -1,-1,2021,26.0,1,5,0,2,6,15,1,,4,BARBUSSE (AV. HENRI) DE 126 A FIN COTE P,0,,2,2,0,1,0,0,1,, -1,1,0,1,30,13,2,5,93,93010,2,1,0,2,BARBUSSE (AV. HENRI) DE 126 A FIN COTE P,48.8996858586,2.4958181995,20,2,2