Num_Acc,id_vehicule,num_veh,place,catu,sexe,trajet,secu1,secu2,secu3,locp,actp,etatp,year_acc,victim_age,senc,catv,obs,obsm,choc,manv,motor,occutc,catr,voie,v1,v2,circ,nbv,vosp,prof,pr,pr1,plan,lartpc,larrout,surf,infra,situ,vma,jour,mois,lum,dep,com,agg_,int,atm,col,adr,lat,long,hour,nb_victim,nb_vehicules
202100010206,183Â 463,A01,10,3,2,3,0,-1,-1,5,1,1,2021,68.0,1,2,0,1,2,20,1,,3,2089,0,D,2,2,0,1,1,100,1,, -1,1,0,1,50,8,10,1,63,63072,2,1,0,6,Rue de Lyon,45.877176,3.697675,16,2,1
202100039528,130Â 943,B01,1,1,1,5,0,-1,-1,0,0,-1,2021,12.0,2,1,0,2,7,19,5,,3,,-1,,2,2,0,1,3,898,1,, -1,1,5,1,50,19,5,2,66,66065,2,9,0,1,Avenue Narcisse Planas,42.604885,2.968769,19,2,2
202100026751,153Â 905,B01,1,1,1,5,2,-1,-1,0,0,-1,2021,64.0,2,1,0,2,1,1,5,,7,,-1,,-1,2,0,1,0,693,1,,4,1,0,1,50,29,7,1,34,34027,2,6,0,3,Route de Saint Genies des Mourgues,43.7214231332,4.0225614369,9,2,2
202100047327,117Â 172,A01,2,2,1,0,2,0,-1,0,0,-1,2021,19.0,2,1,8,0,1,2,1,,3,CALVI  ROUTE,0,,2,2,0,2,0,400,2,, -1,2,0,2,70,13,3,1,201,201004,1,1,0,7,Route de Calvi,41.9558316062,8.7826905963,6,2,1
202100027686,152Â 227,B01,10,3,1,5,0,-1,-1,5,3,1,2021,3.0,3,2,0,1,0,0,3,,4,RUE RENE MICHEL,0,,-1,1,0,1,0,0,1,, -1,1,0,1,50,21,7,1,974,97407,2,1,0,6,RUE RENE MICHEL,-20.9376,55.2933,13,2,1
202100025793,155Â 587,A01,10,3,2,5,8,0,-1,2,3,1,2021,88.0,0,2,0,1,1,16,1,,9,,0,,-1,2,0,1,(1),(1),1,,"5,5",1,0,1,30,9,7,1,6,6149,2,7,0,6,Boulevard Francois Suarez,43.742993,7.315789,10,2,1
202100049934,112Â 487,A01,1,1,1,5,1,9,-1,0,0,-1,2021,22.0,2,2,0,0,8,19,1,,3,934,0,,2,2,0,2,0,580,1,, -1,1,0,1,50,27,2,1,2,2140,2,2,0,3,24 Route de Noyon,49.52508,3.134644,17,2,2
202100045798,119Â 889,A01,1,1,1,1,8,0,-1,0,0,-1,2021,37.0,2,1,0,2,1,1,5,,4,RUE DE RIVOLI,0,,2,5,1,1,(1),(1),1,, -1,1,-1,5,30,31,3,1,75,75101,2,3,0,2,RUE DE RIVOLI,48.864007,2.331345,19,2,2
202100015320,174Â 319,B01,1,1,1,0,2,-1,-1,-1, -1,-1,2021,31.0,2,1,0,2,1,1,1,,4,ANATOLE FRANCE     (Rue),0,,1,1,0,1,(1),(1),1,, -1,1,0,1,50,2,10,1,69,69266,2,2,0,3,ANATOLE FRANCE (R),45.767,4.871,9,2,2
202100043182,124Â 474,A01,1,1,1,9,1,-1,-1,-1, -1,-1,2021,28.0,1,1,1,2,7,17,1,,4,MORGIOU (chemin de ),0,,2,2,0,1,(1),(1),1,, -1,1,0,1,50,21,4,5,13,13209,2,1,0,3,MORGIOU (chemin de ),43.23391,5.411946,19,2,2
202100031626,145Â 222,A01,1,1,1,0,2,0,-1,-1, -1,-1,2021,28.0,2,1,0,2,2,2,1,,4,JULES MICHELET (RUE),0,,2,2,0,1,1,0,1,, -1,1,0,1,50,29,6,1,92,92025,2,3,0,2,JULES MICHELET (RUE),48.9321928003,2.2701492906,12,2,2
202100049453,113Â 367,B01,1,1,1,1,2,-1,-1,0,0,-1,2021,44.0,0,1,0,2,1,1,5,,3,19,-1,D,2,2,0,4,3,150,1,, -1,1,0,1,50,25,2,1,7,7182,2,3,1,1,Champgontier,44.634555,4.296019,16,2,2
202100013410,177Â 762,B01,1,1,1,5,8,0,-1,-1, -1,-1,2021,14.0,1,1,0,2,8,19,5,,3,SEMARD (RUE PIERRE),0,,1,2,0,1,0,1,1,, -1,1,6,1,50,12,10,1,93,93008,2,9,0,3,SEMARD (RUE PIERRE),48.908647041,2.4454772472,18,2,2
202100015765,173Â 489,B01,1,1,1,0,2,0,-1,-1, -1,-1,2021,27.0,1,1,0,2,2,0,1,,4,DHUYS (RUE DE LA),0,,2,1,0,1,1,0,1,, -1,1,0,1,50,1,10,1,93,93064,2,1,0,3,DHUYS (RUE DE LA),48.8771,2.468853,13,2,2
202100043265,124Â 329,A01,1,1,2,0,1,-1,-1,0,0,-1,2021,89.0,1,2,0,2,1,1,1,,3,363,-1,,2,2,0,1,0,900,1,, -1,1,9,1,90,22,4,1,30,30004,1,1,0,6,D363,43.712526,4.198043,12,3,2
202100041091,128Â 161,B01,1,1,1,5,2,8,-1,-1, -1,-1,2021,24.0,1,1,0,2,2,1,1,,4,LE PORT (ROGER BOULEVARD),0,,2,2,0,1,(1),(1),1,, -1,1,0,1,50,4,5,1,56,56107,2,3,0,3,LE PORT (ROGER BOULEVARD),47.71885,-3.37418,18,2,2
202100011744,180Â 727,A01,2,2,1,0,1,8,-1,-1, -1,-1,2021,34.0,1,2,0,2,1,2,1,,1,A13,0,,1,2,0,1,17,0,1,, -1,1,0,1,110,22,10,1,78,78455,1,1,0,4,A13,48.86058,2.0474,11,4,3
202100034104,140Â 804,B01,1,1,2,9,1,0,-1,0,0,-1,2021,49.0,1,5,0,2,3,1,1,,4,COURS LA REINE,0,,3,3,0,1,(1),(1),1,, -1,1,0,1,50,16,6,1,75,75108,2,2,0,3,COURS LA REINE,48.864658,2.313643,17,2,2
202100030428,147Â 382,A01,1,1,1,9,2,8,-1,-1, -1,-1,2021,43.0,1,1,0,0,1,1,5,,4,MARCEL BONNET (R),0,,2,2,0,2,1,0,1,, -1,1,0,1,50,6,7,1,94,94016,2,2,0,7,Rue Marcel Bonnet,48.79561,2.32703,19,1,1
202100016202,172Â 677,A01,1,1,2,0,1,0,-1,-1, -1,-1,2021,19.0,1,2,0,2,1,1,1,,4,MONTRAPON AVENUE DE,0,,2,2,0,2,(1),(1),1,, -1,1,5,1,50,28,9,2,25,25056,2,3,0,2,MONTRAPON AVENUE DE,47.24646,6.00846,18,2,2
202100024853,157Â 234,B01,1,1,1,0,2,6,-1,-1, -1,-1,2021,57.0,1,1,0,2,1,17,1,,4,,0,,2,2,0,1,(1),(1),1,, -1,1,0,1,50,8,8,1,69,69385,2,3,0,3,COMMANDANT CHARCOT (DU) (R),45.7523,4.80331,17,3,2
202100025405,156Â 244,A01,1,1,1,1,1,0,-1,-1, -1,-1,2021,65.0,1,2,0,0,3,1,1,,1,A4,0,,-1,4,0,1,14,0,1,, -1,1,0,1,110,6,8,1,93,93051,1,1,0,6,A4,48.8354,2.56911,7,1,1
202100017675,170Â 027,A01,1,1,1,5,2,0,-1,0,0,-1,2021,24.0,2,1,0,2,3,12,5,,4,BOULEVARD DE L HOPITAL,0,,2,5,0,1,(1),(1),1,, -1,1,0,1,30,21,9,1,75,75113,2,4,0,3,BOULEVARD DE L HOPITAL,48.83885,2.360986,15,2,2
202100043410,124Â 070,A01,1,1,1,0,2,8,-1,-1, -1,-1,2021,23.0,1,1,0,0,7,9,1,,3,RECTORAT (ROND POINT),0,,-1,1,0,1,3,50,3,, -1,2,0,1,50,19,4,5,973,97302,2,1,1,7,RECTORAT (ROND POINT),4.92952,-52.303,18,1,1
202100040580,129Â 081,A01,1,1,1,4,1,0,-1,-1, -1,-1,2021,54.0,2,3,0,2,1,2,1,1.0,1,AUTOROUTE A6,0,,2,5,0,1,10,500,1,, -1,1,0,1,110,10,5,1,91,91689,1,1,0,4,AUTOROUTE A6,48.72925,2.31412,12,5,5
202100053754,105Â 656,A01,4,2,1,0,1,0,-1,-1, -1,-1,2021,22.0,2,2,8,0,0,1,1,,3,AV PRESIDENT SALVADOR ALLENDE ,0,,4,2,0,1,1,0,1,, -1,1,0,4,50,24,1,1,94,94081,2,1,0,6,PRESIDENT SALVADOR ALLENDE (AV DU),48.79613,2.4169,11,5,1
202100010271,183Â 348,A01,1,1,2,0,1,7,-1,-1, -1,-1,2021,52.0,1,2,0,2,5,19,1,,3,CD63,0,,2,2,0,1,3,0,1,, -1,1,0,1,80,28,10,2,91,91223,1,3,0,3,CD63,48.40473,2.21384,19,3,2
202100024184,158Â 438,A01,1,1,1,5,2,6,-1,0,0,-1,2021,71.0,1,1,0,2,0,1,1,,2,57,0,N,2,2,0,2,1,50,1,, -1,2,0,1,70,15,8,1,70,70245,1,3,1,3,route nationale 57 PK 001.050,47.926731,6.429394,16,3,2
202100035618,138Â 053,B01,1,1,1,5,1,-1,-1,0,0,-1,2021,31.0,1,2,0,2,3,1,1,,3,117,0,D,2,2,0,2,11,260,3,0,4,1,0,1,80,9,6,2,16,16148,1,1,0,1,Lieu-Dit La Combe de Cerceville,45.811216,0.004457,21,3,2
202100037608,134Â 437,B01,1,1,1,9,2,6,-1,0,0,-1,2021,41.0,2,1,0,2,8,1,1,,4,RUE D AUBERVILLIERS,0,,1,1,0,1,(1),(1),1,, -1,1,0,1,50,29,5,1,75,75119,2,3,0,3,RUE D AUBERVILLIERS,48.887331,2.367062,10,2,2
202100031239,145Â 902,A01,1,1,1,1,1,-1,-1,0,0,-1,2021,40.0,2,2,2,0,8,1,1,,3,15,0,D,2,2,0,1,11,100,1,, -1,2,0,1,80,4,7,1,29,29049,1,1,0,6,Tachen Coadic,48.031257,-3.944671,8,1,1
202100006003,191Â 068,B01,2,2,2,0,1,0,-1,-1, -1,-1,2021,54.0,2,2,0,0,4,2,1,,3,FONTAINEBLEAU (RTE DE),0,,1,2,1,1,1,0,1,, -1,2,0,1,30,26,11,5,94,94081,2,1,0,2,Route de Fontainebleau,48.77518,2.36773,23,3,2
202100015282,174Â 398,A01,1,1,1,0,1,-1,-1,0,0,-1,2021,19.0,1,2,3,0,1,0,1,,1,8,0,,3,4,0,1,186,0,2,, -1,1,0,2,90,30,9,2,6,6088,1,1,0,6,"A8, chaussÃ©e sud, pk 186.000,",43.670541,7.201452,6,1,1
202100003019,196Â 381,B01,1,1,1,1,1,-1,-1,0,0,-1,2021,27.0,2,2,1,0,3,21,1,,1,34,-1,,3,4,0,1,17,400,2,, -1,2,0,1,130,15,12,3,8,8194,1,1,1,6,A34,49.698269,4.904156,19,1,1
202100001530,199Â 065,B01,1,1,1,5,2,6,-1,0,0,-1,2021,58.0,0,1,0,2,1,1,1,,3,519,0,,2,2,0,1,(1),(1),1,,5,1,5,1,50,23,12,1,38,38034,2,2,0,3,Avenue Louis - Michel Villaz,45.341302,5.063603,9,2,2
202100036330,136Â 752,A01,1,1,1,5,2,6,9,0,0,-1,2021,18.0,1,1,15,0,1,1,1,,4,1,0,C,2,2,0,2,28,600,2,, -1,1,0,8,80,4,6,1,53,53016,1,1,0,7,Le Bois Mabon,48.24939,-0.380627,14,1,1
202100006480,190Â 219,B01,1,1,1,1,0,-1,-1,0,0,-1,2021,49.0,0,1,0,2,4,2,0,,4,SURIEGES (ALLEE DE),0,,-1,2,0,1,0,0,1,, -1,1,0,1,50,24,11,1,93,93071,1,1,0,2,SURIEGES (ALLEE DE),48.9298212021,2.5147832086,16,2,2
202100025716,155Â 717,A01,1,1,1,5,2,6,-1,-1, -1,-1,2021,16.0,1,1,1,0,1,2,1,,4,LECLERC (AVENUE DU GENERAL),0,,1,2,0,1,0,0,1,, -1,1,0,1,50,2,8,1,84,84087,2,9,0,2,LECLERC (AVENUE DU GENERAL),44.1347,4.81091,19,2,2
202100025724,155Â 703,A01,10,3,1,0,0,-1,-1,1,9,1,2021,28.0,1,2,0,1,3,1,1,,4,NEUHOF (ROUTE),0,,2,2,0,1,0,0,1,, -1,1,0,1,50,30,7,1,67,67482,2,1,0,6,NEUHOF (ROUTE),48.55364,7.76648,10,3,2
202100048613,114Â 866,A01,1,1,1,0,1,-1,-1,0,0,-1,2021,81.0,2,2,2,0,1,19,1,,3,683,0,,2,2,0,1,6,710,1,, -1,1,0,3,80,11,3,1,25,25345,1,1,0,6,55 Grande Rue,47.451795,6.652892,12,1,1
202100039407,131Â 159,A01,10,3,2,1,0,-1,-1,2,3,1,2021,24.0,1,2,0,1,7,19,1,,3,ALL DU PONT AUX PINS,0,,1,2,0,1,0,0,1,, -1,1,0,1,70,18,5,1,91,91425,1,1,0,6,ALL DU PONT AUX PINS,48.65145,2.27279,12,3,1
202100046451,118Â 752,A01,10,3,1,5,0,-1,-1,1,5,1,2021,9.0,0,2,0,1,3,1,1,,4,,-1,,1,1,0,1,(1),(1),1,, -1,1,0,1,30,22,3,1,10,10323,2,9,0,6,Rue Louis Pasteur,48.51783,3.728002,16,2,1
202100054705,104Â 004,A01,10,3,1,0,0,-1,-1,1,3,1,2021,54.0,3,5,0,1,6,4,1,,6,,0,,-1,-1,0,1,(1),(1),1,, -1,1,0,1,30,8,1,1,13,13078,2,1,0,6,18 Residence Ambroise Croizat,43.393595,4.802659,11,2,1
202100024598,157Â 687,A01,3,2,2,0,3,0,-1,-1, -1,-1,2021,0.0,1,2,1,0,2,14,1,,4,ISAAC (RUE) NÂ° IMP 1 A 141,0,,2,2,0,1,0,0,1,, -1,1,0,1,50,11,8,1,72,72181,2,1,0,6,ISAAC (RUE) NÂ° IMP 1 A 141,48.01298,0.21564,11,2,1
202100023596,159Â 460,C01,2,2,1,0,1,0,-1,-1, -1,-1,2021,9.0,1,2,0,2,1,1,1,,2,RN12,0,,2,4,0,1,1,0,1,, -1,1,0,1,90,16,8,1,22,22187,2,1,0,4,RN12,48.53151,-2.756592,11,6,4
202100007919,187Â 588,B01,1,1,2,3,1,-1,-1,0,0,-1,2021,37.0,1,2,0,2,2,1,1,,3,1075,-1,,2,1,0,1,71,600,1,,3,1,0,1,80,13,11,1,38,38061,1,3,0,3,Route de Grenoble,45.317022,5.621985,11,2,2
202100015867,173Â 315,A01,1,1,1,0,8,0,-1,-1, -1,-1,2021,22.0,2,1,0,2,1,2,1,,2,ROUTE NATIONALE 1,0,,3,1,0,1,6,0,1,, -1,2,0,1,50,30,9,1,972,97213,1,1,1,2,ROUTE NATIONALE 1,14.62122,-60.99195,10,2,2
202100023964,158Â 798,A01,10,3,1,0,0,-1,-1,1,3,1,2021,26.0,2,2,0,1,3,0,1,,2,,0,,2,2,0,1,266,650,1,, -1,2,0,1,90,17,8,3,988,98811,1,1,0,6,RT1 Ã  hauteur du garage Nord MOTORS,-21.089445,164.883091,3,4,1
202100013629,177Â 354,A01,1,1,1,0,2,0,-1,0,0,-1,2021,26.0,3,1,1,0,1,1,5,,4,SUGNY (PLACE),0,,2,2,0,2,(1),(1),1,, -1,1,0,1,50,9,10,1,63,63113,2,1,0,6,SUGNY (PLACE),45.77742,3.08451,12,1,1
202100027363,152Â 810,B01,1,1,1,1,2,-1,-1,-1, -1,-1,2021,36.0,3,1,0,2,1,1,3,,6,STATION DE METRO POTERIE (AUX ABORDS),0,,-1,-1,1,1,(1),(1),1,, -1,1,0,5,20,22,7,1,35,35238,1,7,0,3,Parc relais La Poterie,48.08709,-1.64287,18,2,2
202100003273,195Â 912,A01,10,3,2,0,0,-1,-1,4,3,1,2021,70.0,1,1,0,1,2,1,1,,3,992,0,,3,4,0,1,0,0,1,, -1,2,9,1,50,12,12,5,92,92026,2,1,1,6,MISSION MARCHAND (COTE IMPAIR),48.89623,2.24026,18,2,1
202100037871,133Â 968,B01,1,1,2,0,2,0,-1,-1, -1,-1,2021,40.0,2,1,0,2,6,18,1,,2,13,0,,3,6,0,1,0,0,1,, -1,1,6,1,50,27,5,1,92,92051,2,1,0,3,"CHARLES DE GAULLE (AVENUE, NÂ°27 A 129)",48.88189,2.26872,14,2,2
202100034650,139Â 783,A01,8,2,2,5,1,-1,-1,0,0,-1,2021,7.0,1,2,8,0,1,14,1,,3,22,-1,,2,2,0,2,0,320,1,, -1,1,0,4,50,13,6,5,62,62673,2,1,0,6,14 Rue de Pronville,50.178647,2.986893,22,5,1
202100051809,109Â 093,A01,10,3,2,3,0,-1,-1,1,3,1,2021,80.0,1,1,1,0,1,1,6,,4,JEAN DE BERNARDY (RUE),0,,-1,1,0,1,0,0,1,, -1,1,0,1,50,11,2,1,13,13201,2,1,0,3,JEAN DE BERNARDY (RUE),43.3027913828,5.3896565314,9,2,1
202100034166,140Â 690,A01,1,1,1,5,2,-1,-1,0,0,-1,2021,41.0,2,1,0,0,9,1,1,,3,749,-1,,2,2,0,2,0,900,2,, -1,1,0,1,80,15,6,1,37,37062,1,1,0,7,La ValliÃ¨re,47.5407883977,0.3139535266,19,1,1
202100016024,173Â 016,B01,1,1,1,5,2,6,-1,0,0,-1,2021,66.0,3,1,0,2,1,1,1,,3,75,0,D,2,2,0,4,16,0,1,, -1,1,0,1,80,30,9,1,67,67520,1,1,1,1,D75,48.620368,7.446653,15,3,2
202100010094,183Â 663,B01,2,2,2,0,1,-1,-1,0,0,-1,2021,48.0,0,2,0,2,9,1,1,,3,36,0,A,2,2,0,1,20,200,1,, -1,2,0,1,70,31,10,3,38,38553,2,1,1,5,Route de Vienne,45.610038,5.156316,19,5,3
202100049582,113Â 129,A01,1,1,1,0,1,0,-1,-1, -1,-1,2021,28.0,2,1,0,2,2,1,1,,1,AUTOROUTE A3,0,,3,9,0,1,1,600,1,, -1,1,1,1,90,2,3,1,93,93048,1,1,0,3,AUTOROUTE A3,48.87067,2.43113,8,2,2
202100026252,154Â 772,A01,10,3,2,3,0,-1,-1,6,1,1,2021,71.0,1,2,0,1,1,26,1,,4,,0,,2,2,0,2,0,0,1,, -1,1,0,3,30,29,7,1,91,91477,2,1,0,6,LEON BOURGEOIS (RUE),48.70346,2.23736,11,3,2
202100018540,168Â 493,A01,1,1,1,0,2,0,-1,-1, -1,-1,2021,77.0,3,1,0,2,8,2,1,,4,PONT YSSOIR (RUE DU),0,,2,3,2,1,0,0,1,, -1,1,0,1,50,16,9,1,72,72181,2,1,0,3,PONT YSSOIR (RUE DU),48.009982,0.194451,13,2,2
202100014916,175Â 053,B01,1,1,1,0,1,-1,-1,0,0,-1,2021,93.0,3,2,16,2,7,19,1,,3,795,-1,,2,2,0,1,(1),(1),1,, -1,1,5,1,80,22,9,1,22,22299,1,2,0,3,Le Bois du Rocher D795,48.482352,-1.961676,12,3,2
202100005114,192Â 634,A01,10,3,2,1,0,-1,-1,3,3,1,2021,57.0,3,5,0,1,1,9,1,,4,RUE DU JOUR,0,,2,2,0,1,0,0,3,, -1,1,9,1,30,2,12,3,94,94065,2,1,0,6,RUE DU JOUR,48.75882,2.36482,7,2,1
202100000730,200Â 405,A01,10,3,2,0,0,-1,-1,4,3,1,2021,18.0,1,2,0,1,1,15,1,,4,SAPINIERE (RUE DE LA),0,,2,2,0,1,(1),(1),1,, -1,2,0,1,50,27,12,5,54,54304,2,3,1,6,SAPINIERE (RUE DE LA),48.694485,6.128022,18,2,1
202100052222,108Â 361,A01,2,2,1,0,1,0,-1,-1, -1,-1,2021,18.0,3,2,6,0,1,2,1,,7,RD 569,0,,2,2,0,1,1,0,4,, -1,1,2,1,70,7,2,1,13,13044,1,1,0,1,RD 569,43.6294049748,5.0182561129,13,2,1
202100043907,123Â 187,B01,1,1,1,1,2,0,-1,0,0,-1,2021,43.0,2,1,0,2,4,21,5,,4,AVENUE DU GENERAL LECLERC,0,,2,4,0,1,(1),(1),1,, -1,1,0,1,50,15,4,1,75,75114,2,3,0,3,AVENUE DU GENERAL LECLERC,48.833253,2.331536,9,3,2
202100046620,118Â 435,B01,4,2,2,9,1,0,-1,-1, -1,-1,2021,79.0,1,2,0,2,2,1,1,,4,LOUIS REGE (RUE),0,,1,4,0,1,0,0,1,, -1,1,1,1,30,25,3,1,13,13208,2,1,0,3,LOUIS REGE (RUE),43.2814825216,5.3909521518,12,5,2
202100017688,170Â 004,B01,1,1,1,0,2,0,-1,-1, -1,-1,2021,58.0,2,1,0,2,8,3,1,,3,MARECHAL DE LATTRE DE TASSIGNY (AV DU),0,,2,4,2,1,0,0,1,, -1,1,5,1,50,16,9,1,94,94033,2,1,0,3,MARECHAL DE LATTRE DE TASSIGNY (AV DU),48.8555,2.4925,9,2,2
202100018795,168Â 046,B01,1,1,1,1,2,0,-1,0,0,-1,2021,39.0,2,1,0,2,3,18,1,,4,COURS DE VINCENNES,0,,2,4,3,1,(1),(1),1,, -1,2,0,6,50,15,9,1,75,75112,2,2,1,3,COURS DE VINCENNES,48.8475377021,2.406217166,10,2,2
202100028025,151Â 618,A01,1,1,1,0,1,-1,-1,0,0,-1,2021,25.0,0,2,2,0,0,0,1,,3,332,-1,,2,2,0,2,33,0,4,, -1,1,0,8,80,21,7,2,60,60272,1,1,0,7,D332,49.303247,2.884834,6,1,1
202100038979,131Â 967,A01,1,1,1,9,2,6,-1,-1, -1,-1,2021,14.0,3,1,15,0,0,1,1,,4,ERNEST RENAN (R),0,,-1,2,0,1,1,0,2,, -1,1,0,1,50,20,5,5,94,94041,2,1,0,6,Rue Ernest Renan,48.805,2.40013,22,1,1
202100056113,101Â 580,A01,1,1,1,0,1,-1,-1,0,0,-1,2021,57.0,3,2,0,2,3,0,1,,3,1422,-1,D,2,2,0,1,(1),(1),1,, -1,2,0,1,80,6,1,1,67,67164,2,1,1,1,D422,48.434853,7.493851,10,2,2
202100013849,176Â 940,A01,2,2,2,1,1,-1,-1,-1, -1,-1,2021,51.0,1,2,0,9,3,9,1,,3,ARQUERIE,0,,1,1,0,1,1,429,2,, -1,1,0,1,50,11,10,1,50,50147,2,1,0,6,ARQUERIE,49.06001,-1.43141,13,2,1
202100012409,179Â 523,A01,1,1,1,4,2,6,-1,-1, -1,-1,2021,39.0,1,1,0,2,1,1,1,,4,LIVRON (ROUTE DE),0,,2,2,0,2,0,1,1,, -1,1,0,1,50,18,10,5,74,74298,2,3,0,3,LIVRON (ROUTE DE),46.18588,6.25155,23,2,2
202100055700,102Â 297,A01,1,1,1,4,2,0,-1,-1, -1,-1,2021,22.0,1,1,0,2,0,21,1,,3,GENERAL DE GAULLE (AVENUE DU),0,,2,0,0,1,0,0,1,, -1,1,0,1,50,9,1,5,92,92023,2,2,0,7,GENERAL DE GAULLE (AVENUE DU),48.785363,2.251471,19,2,2
202100013049,178Â 420,A01,1,1,2,0,1,-1,-1,-1, -1,-1,2021,27.0,1,2,0,2,3,13,1,,4,CROIX LUIZET  (Pont de),0,,2,2,0,4,(1),(1),2,, -1,1,2,1,50,15,10,1,69,69266,2,1,0,1,CROIX LUIZET (DE) (PT),45.7826288775,4.8920863867,14,2,2
202100029643,148Â 803,A01,1,1,1,0,8,-1,-1,0,0,-1,2021,36.0,2,2,13,0,3,1,1,,3,58,-1,D,2,2,0,1,7,250,3,, -1,2,0,1,80,10,7,3,51,51513,1,1,0,7,D58,48.6068628807,4.6386005608,4,1,1
202100026073,155Â 081,A01,1,1,1,0,1,-1,-1,0,0,-1,2021,23.0,2,2,0,2,3,13,1,,3,6009,0,D,2,2,0,1,0,100,1,, -1,1,0,1,80,1,8,1,11,11144,1,1,0,5,D6009,42.867582,2.985427,18,6,4
202100005312,192Â 294,B01,2,2,1,1,2,0,-1,-1, -1,-1,2021,20.0,2,1,0,2,4,2,1,,4,WAGNER (BOULEVARD RICHARD),0,,1,4,0,2,(1),(1),1,, -1,1,1,1,50,30,11,1,37,37261,2,1,0,2,WAGNER (BOULEVARD RICHARD),47.3742936347,0.7034897804,11,3,2
202100042164,126Â 255,A01,10,3,2,5,0,-1,-1,3,3,1,2021,33.0,1,2,0,1,1,1,1,,4,EMILE ZOLA (AVENUE),0,,2,2,0,1,(1),(1),1,,"6,3",1,0,1,50,28,4,1,79,79329,2,1,0,7,Avenue Emile Zola,46.98894,-0.21001,16,2,1
202100027991,151Â 672,A01,2,2,2,5,1,-1,-1,0,0,-1,2021,19.0,0,2,1,0,1,14,1,,4,,0,,2,1,0,1,(1),(1),2,,3,1,0,3,50,21,7,3,40,40304,2,1,0,6,Avenue des Tulipes,43.673176,-1.435808,2,4,1
202100050619,111Â 211,A01,1,1,1,5,2,-1,-1,0,0,-1,2021,22.0,1,1,0,2,1,1,1,,3,928,0,D,2,2,0,1,5,240,1,, -1,2,0,1,80,22,2,1,82,82085,1,3,1,2,D928 route d'Auch,43.979155,1.289204,14,2,2
202100002284,197Â 700,B01,1,1,1,9,2,0,-1,-1, -1,-1,2021,30.0,3,1,0,2,8,1,1,,4,GEORGES GUYNEMER (AVENUE),0,,2,4,0,1,0,0,1,, -1,1,0,1,50,18,12,4,93,93007,2,2,0,3,GEORGES GUYNEMER (AVENUE),48.94637,2.4423,20,2,2
202100024800,157Â 325,A01,10,3,1,4,-1,-1,-1,6,9,1,2021,58.0,3,4,1,1,3,23,1,,4,,-1,,2,2,0,1,(1),(1),1,,4,1,0,1,80,10,8,1,85,85093,1,1,0,6,Bel Air,46.659205,-1.224031,16,2,1
202100053236,106Â 572,A01,1,1,2,2,1,0,0,0,0,-1,2021,19.0,1,2,8,0,1,1,1,,4,PUGETS MOYENNE CORNICHE DES,0,,2,2,0,2,0,0,1,, -1,1,0,1,50,29,1,1,6,6123,2,1,0,7,PUGETS MOYENNE CORNICHE DES,43.69179,7.17919,9,2,1
202100055399,102Â 823,B01,1,1,1,3,1,-1,-1,0,0,-1,2021,66.0,0,2,0,2,1,1,1,,3,704,-1,,2,2,0,1,107,400,1,, -1,2,0,1,50,12,1,1,24,24520,2,9,1,1,Route de l'AbbÃ© Breuil,44.905773,1.207321,14,2,2
202100020331,165Â 295,A01,1,1,2,9,8,0,-1,0,0,-1,2021,54.0,1,1,0,2,2,19,5,,4,AVENUE DE SAINT MAURICE,0,,1,2,0,1,(1),(1),1,, -1,1,0,5,30,7,9,1,75,75112,2,4,0,3,AVENUE DE SAINT MAURICE,48.8288201013,2.4196848823,11,3,2
202100055825,102Â 085,A01,10,3,1,5,0,-1,-1,4,3,1,2021,73.0,2,2,0,1,3,1,1,,4,BOULEVARD ORNANO,0,,2,4,3,1,(1),(1),1,, -1,1,0,1,50,8,1,1,75,75118,2,2,0,6,BOULEVARD ORNANO,48.893661,2.347954,12,2,1
202100031952,144Â 629,A01,1,1,1,9,2,0,-1,0,0,-1,2021,60.0,2,1,0,2,5,2,5,,4,RUE DES TROIS BORNES,0,,1,1,2,2,(1),(1),1,, -1,1,0,1,50,27,6,1,75,75111,2,3,0,2,RUE DES TROIS BORNES,48.866188,2.371229,21,2,2
202100013741,177Â 148,B01,1,1,1,5,8,-1,-1,0,0,-1,2021,41.0,2,2,0,0,8,15,1,,3,1005,0,,2,2,0,1,11,500,1,, -1,1,0,1,80,13,10,3,74,74263,1,3,0,3,D1005,46.328891,6.364649,3,2,2
202100006055,190Â 976,A01,1,1,1,5,1,0,-1,0,0,-1,2021,43.0,2,2,2,0,2,5,1,,3,64,0,D,2,2,0,1,9,900,3,, -1,1,0,3,-1,28,11,3,34,34329,1,6,0,6,D64,43.253029,3.253128,0,1,1
202100000628,200Â 583,A01,1,1,1,0,1,-1,-1,-1, -1,-1,2021,90.0,0,2,7,0,1,26,0,,4,,-1,,2,3,-1,1,(1),(1),1,,12,1,4,8,50,31,12,1,63,63113,2,1,0,6,TORPILLEUR SIROCCO (RUE DU),45.81175,3.10714,15,1,1
202100049613,113Â 059,B01,1,1,1,0,-1,0,-1,-1, -1,-1,2021,62.0,3,1,0,2,5,19,5,,3,8 MAI 1945 (AVENUE DU),0,,2,4,3,1,12,900,1,, -1,1,5,1,50,1,3,1,77,77445,2,5,0,3,REGALLES (AVENUE DES),48.60346,2.55916,16,2,2
202100021282,163Â 614,B01,1,1,2,5,1,0,-1,0,0,-1,2021,33.0,1,2,0,2,4,2,1,,4,PORTE DE MONTREUIL,0,,1,4,0,1,(1),(1),1,, -1,1,0,1,70,2,9,1,75,75120,2,4,0,2,BD PERIPHERIQUE INTERIEUR,48.8520024696,2.4148816742,18,3,2