Num_Acc,id_vehicule,num_veh,place,catu,sexe,trajet,secu1,secu2,secu3,locp,actp,etatp,year_acc,victim_age,senc,catv,obs,obsm,choc,manv,motor,occutc,catr,voie,v1,v2,circ,nbv,vosp,prof,pr,pr1,plan,lartpc,larrout,surf,infra,situ,vma,jour,mois,lum,dep,com,agg_,int,atm,col,adr,lat,long,hour,nb_victim,nb_vehicules
202100011452,181Â 248,A01,1,1,1,5,8,-1,-1,0,0,-1,2021,40.0,1,2,0,0,1,0,1,,3,2,0,,2,2,0,3,8,300,2,, -1,1,0,3,80,23,10,1,51,51538,1,1,0,7,D2,48.88909,4.396323,18,1,1
202100002403,197Â 484,B01,1,1,1,2,2,6,-1,-1, -1,-1,2021,17.0,1,1,0,2,1,1,1,,4,LE KEM (CHEMIN) - PAIR,0,,2,2,0,1,0,0,1,, -1,1,0,1,50,14,12,2,57,57672,2,1,0,3,LE KEM (CHEMIN) - PAIR,49.36601,6.13856,8,2,2
202100018121,169Â 225,A01,1,1,1,5,2,0,-1,-1, -1,-1,2021,16.0,1,1,0,2,2,17,1,,4,AV DE LA LIBERATION,0,,2,6,0,1,(1),(1),1,, -1,1,0,1,50,18,9,1,202,202033,2,6,0,3,AV DE LA LIBERATION,42.6858020188,9.4453498549,11,2,2
202100026994,153Â 461,B01,1,1,1,5,2,6,9,0,0,-1,2021,58.0,1,1,0,2,1,1,1,,2,83,0,R,2,3,3,1,20,318,1,, -1,1,0,1,80,27,7,1,25,25103,1,3,0,3,intersction RN83 D110,47.160453,5.951929,10,2,2
202100044937,121Â 405,B01,1,1,1,0,2,0,-1,-1, -1,-1,2021,40.0,3,1,0,0,0,1,1,,3,JEROME TRESAGUET,0,,2,2,0,1,0,0,1,, -1,1,0,1,50,6,4,1,58,58194,2,1,0,7,JEROME TRESAGUET,46.9975,3.148,8,1,1
202100032331,143Â 967,A01,10,3,1,1,0,-1,-1,8,3,1,2021,44.0,3,5,0,1,6,1,1,,4,PIERRE SEMARD (AV),0,,2,1,0,1,1,0,1,, -1,1,8,8,30,25,6,1,94,94068,2,9,0,6,Avenue Pierre SÃ©mard,48.80576,2.51077,11,2,1
202100018328,168Â 863,A01,1,1,1,5,2,6,-1,-1, -1,-1,2021,47.0,3,1,0,2,1,1,1,,4,ALSACE (R D'),0,,2,2,0,1,(1),(1),1,, -1,1,0,1,50,15,9,1,62,62510,2,2,0,3,ALSACE (R D'),50.440382,2.785285,8,2,2
202100019377,166Â 996,B01,1,1,1,9,0,0,-1,-1, -1,-1,2021,32.0,2,1,1,2,7,1,5,,3,ANATOLE FRANCE (AV),0,,2,2,0,1,1,0,1,, -1,1,0,1,30,11,9,5,94,94081,2,9,0,6,Avenue Anatole France,48.80217,2.40314,21,3,2
202100030450,147Â 346,A01,1,1,1,5,1,-1,-1,0,0,-1,2021,19.0,1,2,14,0,0,1,1,,3,6,-1,,2,2,0,1,53,(1),1,, -1,8,0,1,80,27,6,1,14,14689,1,1,1,6,D6,48.988103,-0.495715,18,2,1
202100048122,115Â 727,B01,2,1,1,9,8,0,-1,-1, -1,-1,2021,15.0,2,1,0,2,3,9,5,,3,ROUTE DE CHAZEAU,0,,2,2,0,1,(1),(1),3,, -1,1,0,1,50,12,3,1,971,97101,2,9,0,3,ROUTE DE CHAZEAU,16.28934,-61.48075,14,2,2
202100006767,189Â 691,A01,1,1,1,2,2,6,-1,0,0,-1,2021,16.0,3,1,0,9,2,1,1,,4,,-1,,2,1,0,2,(1),(1),1,,4,9,0,1,30,24,11,4,60,60029,2,1,1,6,287 Avenue du MarcÃ©hal Foch,49.371569,1.991686,7,1,1
202100011606,180Â 980,B01,1,1,2,0,1,-1,-1,-1, -1,-1,2021,41.0,3,2,0,2,0,1,1,,4,AVE FRANCOIS MITTERRAND,0,,2,4,0,1,(1),(1),1,, -1,1,0,1,50,22,10,2,33,33281,1,2,0,3,Avenue FranÃ§ois Mitterrand,44.82665,-0.61933,8,2,2
202100002663,197Â 022,A01,10,3,1,4,0,-1,-1,2,3,1,2021,21.0,2,1,0,1,2,21,3,,4,RAYMOND MARCHERON (RUE),0,,2,2,0,1,0,0,1,, -1,1,0,1,50,16,12,1,92,92075,2,1,0,6,RAYMOND MARCHERON (RUE),48.8190413885,2.2873368859,13,2,1
202100019600,166Â 601,B01,1,1,1,1,1,-1,-1,0,0,-1,2021,24.0,1,2,0,2,1,1,1,,1,,-1,,3,2,-1,1,(1),(1),1,, -1,1,3,1,-1,10,9,1,60,60533,1,3,0,1,D935,49.521853,2.71329,8,2,2
202100046324,118Â 969,A01,1,1,2,1,1,-1,-1,-1, -1,-1,2021,39.0,1,2,5,0,2,14,1,,2,ROUTE NATIONALE 230,0,,3,6,0,1,42,807,1,, -1,1,0,2,90,28,3,1,33,33249,1,1,0,6,Rocade Rive Droite A630,44.872073,-0.505757,8,1,1
202100035189,138Â 805,A01,1,1,1,4,1,0,-1,-1, -1,-1,2021,39.0,2,4,0,2,1,2,1,,2,RN 385,0,,3,6,0,1,55,299,1,, -1,1,0,1,90,11,6,1,91,91645,1,1,0,4,RN 385,48.7599171513,2.2634703843,9,3,3
202100056107,101Â 592,A01,1,1,2,5,1,-1,-1,0,0,-1,2021,23.0,2,2,4,2,3,13,1,,1,7,0,A,1,5,0,1,239,0,1,, -1,1,0,3,130,5,1,1,13,13051,1,1,0,3,"A7, pk 239+000 sens sud/nord",43.623526,5.132504,15,2,2
202100044544,122Â 097,B01,1,1,2,1,1,8,-1,-1, -1,-1,2021,34.0,0,2,0,2,1,1,1,,4,BD DES NOYERS POMPONS ,0,,2,3,0,1,(1),(1),1,, -1,1,0,1,50,6,4,1,89,89387,1,1,0,1,BD DES NOYERS POMPONS ,48.20378,3.32019,12,2,2
202100037417,134Â 781,B01,1,1,1,0,2,0,-1,-1, -1,-1,2021,37.0,1,1,0,2,3,1,5,,4,CHEMIN DU CANNEBAS,0,,2,2,0,2,0,0,2,, -1,1,0,1,50,29,5,1,83,83034,2,1,0,1,CHEMIN DU CANNEBAS,43.0909511629,6.060566553,17,2,2
202100043338,124Â 198,B01,5,2,1,0,1,0,-1,-1, -1,-1,2021,37.0,0,2,0,2,1,1,1,,4,MARÃCHAL DE LATTRE (AVENUE),0,,2,2,0,1,0,0,1,, -1,1,0,1,50,20,4,5,13,13209,2,1,0,1,MARÃCHAL DE LATTRE (AVENUE),43.2461395339,5.4175428512,21,6,2
202100030057,148Â 057,A01,1,1,1,1,2,6,-1,0,0,-1,2021,17.0,2,1,0,2,1,1,1,,3,1,0,A,2,2,0,1,2,730,3,,4,1,0,1,80,9,7,1,81,81266,1,1,0,1,D144,43.624504,2.003755,12,2,2
202100043821,123Â 353,B01,1,1,2,5,1,-1,-1,0,0,-1,2021,29.0,0,2,0,2,4,0,1,,3,D660,-1,,2,2,0,1,7,312,2,, -1,1,0,8,30,16,4,1,89,89171,2,1,0,2,D 660,48.2250062067,3.5073208809,15,3,2
202100025534,156Â 031,A01,1,1,1,1,1,-1,-1,0,0,-1,2021,21.0,2,2,13,0,1,1,1,,3,113,-1,D,2,2,0,4,22,700,1,, -1,2,0,1,80,5,8,1,53,53271,1,1,0,7,D113,48.344855,-0.316479,18,1,1
202100013205,178Â 133,A01,10,3,1,5,0,-1,-1,1,9,1,2021,33.0,1,2,0,1,1,20,1,,4,HERMANN (CHEMIN PAUL),0,,1,1,0,1,0,0,1,, -1,1,0,1,30,14,10,5,974,97416,2,1,0,1,HERMANN (CHEMIN PAUL),-21.34245,55.4859,21,2,1
202100024622,157Â 647,A01,1,1,2,0,1,-1,-1,0,0,-1,2021,54.0,2,2,0,2,2,15,1,,3,,0,,2,2,0,1,44,740,1,, -1,1,0,1,50,10,8,1,12,12145,2,3,0,3,DELMAS ETIENNE,44.1055845691,3.084237434,11,2,2
202100031354,145Â 698,A01,1,1,2,5,0,-1,-1,0,0,-1,2021,22.0,1,2,15,0,1,13,1,,3,56,0,,2,2,0,1,11,200,1,, -1,1,0,8,80,3,7,3,71,71353,1,1,0,6,route de Potte,46.5403014514,4.8919011831,1,1,1
202100049282,113Â 669,A01,10,3,1,2,0,-1,-1,2,5,1,2021,14.0,1,5,0,1,2,1,1,,4,RUE MERCOEUR,0,,1,1,0,2,(1),(1),1,, -1,1,0,1,50,4,3,1,75,75111,2,1,0,6,RUE MERCOEUR,48.857468,2.384268,12,2,1
202100053903,105Â 401,B01,1,1,1,5,2,6,-1,0,0,-1,2021,26.0,2,1,0,2,1,1,1,,7,8,-1,N,2,2,0,2,62,150,1,, -1,1,9,1,80,24,1,1,13,13030,1,3,0,2,D8N,43.26787,5.726827,15,2,2
202100022612,161Â 197,B01,2,2,2,5,2,8,-1,-1, -1,-1,2021,36.0,1,1,0,2,8,1,1,,3,NEGUEBOUS (CHEMIN DE),0,,2,2,0,1,0,0,3,, -1,1,5,1,70,22,8,3,66,66136,1,2,0,1,NEGUEBOUS (CHEMIN DE),42.7110101148,2.8750398035,1,3,2
202100045754,119Â 966,B01,1,1,2,0,1,8,-1,-1,0,-1,2021,20.0,2,2,0,2,8,1,1,,4,VOLTAIRE (RUE),0,,2,2,0,1,(1),(1),1,, -1,1,0,1,50,31,3,5,59,59650,2,2,0,3,VOLTAIRE (RUE),50.71099,3.19655,3,3,2
202100010739,182Â 532,A01,10,3,1,5,0,-1,-1,4,3,1,2021,61.0,1,2,0,1,2,16,1,,4,RUE DU JURA,0,,1,1,0,2,(1),(1),1,, -1,1,0,1,30,27,10,1,75,75113,2,2,0,6,RUE DU JURA,48.838046,2.355939,12,2,1
202100038051,133Â 647,B01,1,1,1,0,2,6,-1,-1, -1,-1,2021,39.0,1,1,0,2,1,1,1,,3,JEAN LE GALLEU (R),0,,1,1,0,1,1,0,1,, -1,1,0,1,50,27,5,1,94,94041,2,3,0,3,JEAN LE GALLEU (R),48.81407,2.37671,20,2,2
202100014193,176Â 324,A01,10,3,2,5,0,-1,-1,3,3,1,2021,92.0,1,2,0,1,3,1,1,,3,BRET (BD. M.),0,,2,2,0,2,0,860,1,, -1,1,0,1,30,8,10,1,4,4112,2,1,0,6,RD 5 (bd Martin Bret),43.8369213627,5.7811917365,12,2,1
202100046707,118Â 288,B01,2,2,2,9,1,8,-1,-1, -1,-1,2021,12.0,1,2,0,2,1,2,1,,1,A50-Sens Marseille vers Aubagne,0,,1,4,0,1,2,849,1,, -1,1,0,1,90,24,3,1,13,13210,1,1,0,4,A50-Sens Marseille vers Aubagne,43.28499,5.42826,16,4,3
202100030925,146Â 483,A01,1,1,1,5,0,-1,-1,0,0,-1,2021,26.0,3,1,0,2,1,5,1,,4,,-1,,1,1,0,2,(1),(1),1,,3,1,0,1,50,29,6,1,973,97307,2,9,0,3,Rue Kalandja,4.88564,-52.345165,12,2,2
202100034111,140Â 788,Y01,2,2,2,0,8,0,-1,-1, -1,-1,2021,32.0,1,1,0,2,6,18,3,,3,LAITIERES (R DES),0,,2,2,0,1,1,0,1,, -1,1,0,1,50,16,6,1,94,94080,2,1,0,3,LAITIERES (R DES),48.84645,2.4199,18,4,2
202100027931,151Â 782,B01,1,1,1,5,1,0,-1,-1, -1,-1,2021,48.0,0,2,0,2,3,1,1,,4,AQUEDUC (RUE),0,,1,1,0,1,0,0,1,, -1,1,0,1,50,19,7,1,30,30189,2,3,0,3,AQUEDUC (RUE),43.8306,4.3548,15,2,2
202100035190,138Â 800,C01,1,1,1,9,8,0,-1,0,0,-1,2021,49.0,1,2,0,2,0,2,1,,1,A13W,0,,1,2,0,1,0,100,1,, -1,1,0,1,90,11,6,1,75,75116,1,1,0,4,A13W,48.8499411485,2.2526282326,13,4,3
202100009159,185Â 341,A01,1,1,1,5,2,4,-1,0,0,-1,2021,74.0,2,1,13,0,1,16,1,,3,486,0,D,2,2,0,1,1,500,1,, -1,1,3,3,80,6,11,1,70,70317,1,9,0,6,D486,47.535254,6.417754,13,1,1
202100033059,142Â 650,A01,1,1,2,2,1,-1,-1,0,0,-1,2021,19.0,2,2,0,2,1,2,1,,4,EUROPE (RUE GAL PAULET - RP PEN AR CHLEU,0,,3,4,0,1,(1),(1),1,, -1,1,0,1,50,21,6,1,29,29019,2,1,0,2,Boulevard de lâEurope,48.4152223509,-4.4768368283,9,2,2
202100042843,125Â 084,B01,1,1,2,0,1,8,-1,-1, -1,-1,2021,55.0,2,2,0,2,8,1,1,,4,PIERRE CORNEILLE (AVENUE),0,,2,4,3,1,0,0,3,, -1,1,4,1,50,20,4,1,67,67482,2,8,0,1,PIERRE CORNEILLE (AVENUE),48.591991,7.698361,14,2,2
202100022447,161Â 513,A01,1,1,1,4,1,-1,-1,-1, -1,-1,2021,58.0,3,3,6,0,1,1,1,1.0,4,RUE DU MOULINEAU,0,,2,2,0,1,(1),(1),1,, -1,1,0,1,50,26,8,1,33,33162,2,1,0,6,Rue du Moulineau,44.87381,-0.664635,8,1,1
202100032093,144Â 384,B01,1,1,2,0,1,-1,-1,-1, -1,-1,2021,48.0,3,2,0,2,1,1,1,,3,RD 934,0,,2,2,0,2,17,221,3,, -1,2,0,1,80,22,6,1,77,77132,1,1,0,1,RD 934,48.881,2.7855,16,2,2
202100041868,126Â 785,A01,1,1,1,0,8,0,-1,-1, -1,-1,2021,26.0,1,2,0,2,1,1,1,,4,OASIS (ROCADE DE L'),0,,2,2,0,2,0,0,1,, -1,1,0,1,50,30,4,1,974,97411,2,1,0,4,Rocade de lâOasis,-20.89866,55.46728,13,5,3
202100041465,127Â 490,A01,1,1,1,5,2,-1,-1,0,0,-1,2021,20.0,3,1,0,0,4,23,1,,3,,-1,,2,2,0,1,(1),(1),1,, -1,1,0,1,50,2,5,1,38,38467,2,3,0,2,43 Chemin des Champagnes,45.668885,5.365679,17,2,2
202100033800,141Â 345,A01,10,3,2,5,0,-1,-1,2,3,1,2021,12.0,2,2,0,1,7,1,1,,4,EDELWEISS (RUE DES),0,,2,1,0,1,0,0,1,, -1,1,0,1,30,17,6,1,74,74010,2,1,0,6,EDELWEISS (RUE DES),45.9191,6.12811,19,4,1
202100019702,166Â 428,A01,1,1,1,5,1,0,-1,-1, -1,-1,2021,20.0,3,2,0,0,5,0,1,,7,ESCADRILLE NORMANDIE NIEMEN,0,,2,3,0,1,0,0,1,, -1,1,0,1,50,10,9,5,13,13213,2,1,0,2,ESCADRILLE NORMANDIE NIEMEN,43.33047,5.40963,22,3,2
202100020974,164Â 177,C01,1,1,2,9,1,8,-1,-1, -1,-1,2021,55.0,2,2,0,2,3,2,1,,1,A507 sens Aubagne- Marseille,0,,3,2,0,1,0,899,1,, -1,1,0,1,70,3,9,1,13,13055,1,1,0,4,A507 sens Aubagne- Marseille,43.338,5.378,11,3,3
202100000415,200Â 965,A01,1,1,1,9,2,8,-1,-1, -1,-1,2021,73.0,1,1,0,2,3,17,1,,7,HOUOT (AVENUE CDT),0,,2,2,0,1,4,430,1,, -1,1,0,1,50,8,11,1,83,83062,1,1,0,3,HOUOT (AVENUE CDT),43.10772,5.98517,17,2,2
202100053731,105Â 697,A01,10,3,1,3,0,-1,-1,3,3,1,2021,91.0,2,2,0,1,2,1,1,,3,MATIGNON (AV DES),0,,2,2,0,1,(1),(1),1,, -1,2,0,1,50,25,1,1,50,50218,2,1,1,6,MATIGNON (AV DES),48.838,-1.57806,10,2,1
202100028106,151Â 465,A01,1,1,2,0,1,5,-1,-1, -1,-1,2021,44.0,3,2,0,0,8,16,1,,3,CHATEAUBRIAND (AVENUE),0,,2,2,0,1,45,230,1,, -1,1,5,1,50,19,7,1,78,78403,2,2,0,3,CHATEAUBRIAND (AVENUE),48.998251,1.88302,8,2,2
202100021642,162Â 943,A01,1,1,1,-1,0,0,0,0,0,-1,2021,74.0,1,1,0,2,7,13,1,,3,PAOUTE (ROUTE ET TRAVERSE DE LA),0,,2,2,0,1,2,480,1,, -1,1,0,1,50,31,8,1,6,6069,1,1,0,3,PAOUTE (ROUTE ET TRAVERSE DE LA),43.63613,6.95673,16,2,2
202100000505,200Â 800,A01,1,1,1,0,2,8,-1,-1, -1,-1,2021,37.0,1,1,0,2,1,1,1,,4,SOLEURE (RUE DE),0,,1,1,0,1,0,0,1,, -1,2,0,1,30,31,10,5,67,67482,2,3,1,2,SOLEURE (RUE DE),48.57749,7.75478,22,2,2
202100048063,115Â 832,B01,1,1,1,1,8,-1,-1,0,0,-1,2021,47.0,2,5,0,2,3,1,1,,3,506,0,,2,2,0,2,0,0,2,, -1,1,0,1,80,15,3,1,202,202252,1,1,0,1,D506,42.428755,9.4446,8,2,2
202100033936,141Â 102,B01,1,1,2,5,0,-1,-1,0,0,-1,2021,38.0,1,1,0,2,8,1,5,,3,307,-1,,2,2,0,1,33,944,1,, -1,1,0,1,50,17,6,1,72,72176,2,9,0,3,2 Avenue de la LibÃ©ration,47.6475056811,0.1529760363,11,2,2
202100053585,105Â 938,A01,1,1,1,5,1,8,-1,-1, -1,-1,2021,32.0,1,2,1,0,1,13,1,,4,Rue Pasteur,0,,2,2,0,1,(1),(1),1,, -1,2,0,1,50,24,1,5,59,59654,2,1,1,6,PASTEUR (RUE),50.38698,3.11049,19,1,1
202100042623,125Â 438,A01,1,1,2,5,0,-1,-1,0,0,-1,2021,22.0,3,1,6,0,1,26,1,,4,,0,,2,2,0,1,(1),(1),1,,4,1,0,3,50,23,4,1,45,45219,2,1,0,6,Place de l'Eglise,48.020257,2.591465,14,1,1
202100014167,176Â 370,A01,10,3,1,0,0,-1,-1,2,1,1,2021,25.0,1,2,0,2,8,16,1,,3,DOCTEUR SCHWEITZER (RUE DU),0,,1,2,0,1,1,948,2,, -1,1,0,1,50,9,10,1,45,45004,2,6,0,6,Avenue du Docteur Schweitzer,48.00134,2.77135,9,2,1
202100017133,171Â 011,B01,2,2,2,0,2,0,-1,-1, -1,-1,2021,44.0,1,1,12,0,8,2,1,,3,BARBUSSE (AVENUE HENRI) A30,0,,-1,2,1,1,(1),(1),1,, -1,1,0,1,50,25,9,1,93,93008,2,1,0,2,BARBUSSE (AVENUE HENRI) A30,48.9050160843,2.4203752908,18,3,2
202100044930,121Â 416,B01,1,1,1,0,2,8,-1,-1, -1,-1,2021,24.0,1,1,0,2,1,19,3,,4,FRANCE LIBRE (BOULEVARD DE LA),0,,2,2,0,1,(1),(1),1,, -1,1,0,8,50,4,4,1,66,66136,2,1,0,6,FRANCE LIBRE (BOULEVARD DE LA),42.70542,2.90203,11,2,2
202100025436,156Â 196,B01,10,3,1,1,0,-1,-1,2,3,1,2021,20.0,2,1,0,1,0,26,5,,9,VERDUN (PLACE DE),0,,1,2,0,1,(1),(1),1,, -1,1,0,1,50,5,8,1,65,65440,2,1,0,6,VERDUN (PLACE DE),43.233507473,0.0731760263,12,2,1
202100046011,119Â 513,A01,1,1,1,4,1,-1,-1,0,0,-1,2021,30.0,2,5,3,2,1,0,1,,1,10,0,,3,3,0,3,227,0,2,, -1,1,8,1,90,29,3,3,37,37266,1,1,0,3,Autoroute A10 PK217+000,47.3079137551,0.6913424001,23,2,2
202100035221,138Â 744,A01,10,3,1,1,0,-1,-1,2,1,2,2021,29.0,3,2,0,1,1,1,1,,4,L'EGLISE,0,,1,1,0,4,(1),(1),1,, -1,1,0,1,50,9,6,1,95,95428,2,1,0,6,Rue de lâEglise,48.985341,2.319594,10,2,1
202100035424,138Â 396,A01,1,1,2,5,2,6,-1,-1, -1,-1,2021,24.0,1,1,3,0,9,2,1,,1,AUTOROUTE A1,0,,3,4,0,1,189,199,1,, -1,1,0,1,130,8,6,1,62,62427,1,1,0,6,AUTOROUTE A1,50.454232,2.971673,20,1,1
202100055615,102Â 439,B01,2,2,2,5,1,0,-1,-1,0,-1,2021,28.0,1,2,0,2,1,2,1,,3,170,0,,3,2,0,2,1,450,1,, -1,7,0,1,50,10,1,3,95,95582,1,1,0,4,RD 170,48.96688,2.2738,17,4,3
202100030074,148Â 029,A01,10,3,2,5,0,-1,-1,1,3,1,2021,3.0,1,1,0,1,1,1,1,,3,57,0,,2,2,0,1,17,1076,1,, -1,1,0,1,50,7,7,1,44,44127,2,1,0,6,Rue de Nantes,47.017367,-1.436442,20,2,1
202100031708,145Â 080,A01,1,1,1,4,8,0,-1,-1, -1,-1,2021,21.0,2,5,6,0,1,9,1,,2,118 PK RN137 ROCHEFORT JUSTICE,0,,2,5,0,1,114,660,1,, -1,2,2,1,90,29,6,1,17,17028,1,1,0,6,118 PK RN137 ROCHEFORT JUSTICE,46.14266,-1.10688,9,1,1
202100030200,147Â 787,B01,1,1,1,1,1,-1,-1,0,0,-1,2021,35.0,1,5,0,2,4,2,0,,2,RN814,0,,1,2,0,1,25,399,1,, -1,1,0,1,90,7,7,1,14,14181,1,1,0,4,N814,49.153719,-0.315086,17,4,3
202100050560,111Â 316,A01,10,3,1,5,0,-1,-1,5,1,1,2021,80.0,1,2,6,1,6,14,1,,4,PIERRE TERRASSE                     (AV),0,,2,2,0,1,(1),(1),3,, -1,1,0,4,50,20,2,1,69,69034,2,2,0,6,PIERRE TERRASSE                     (AV),45.79926,4.84727,10,2,1
202100035192,138Â 796,A01,1,1,1,4,8,0,-1,-1, -1,-1,2021,24.0,2,5,0,2,1,1,1,,2,N12Y,0,,3,4,0,1,30,600,1,, -1,1,0,1,90,11,6,1,78,78423,1,1,0,4,N12Y,48.798654,1.999783,8,4,4
202100039785,130Â 470,A01,1,1,1,0,1,0,-1,-1, -1,-1,2021,32.0,1,2,4,0,1,1,1,,2,RN 104,0,,1,3,0,2,36,750,3,, -1,2,0,1,70,16,5,1,91,91340,1,1,1,7,RN 104,48.609,2.434,12,1,1
202100008603,186Â 360,B01,1,1,1,1,2,0,-1,0,0,-1,2021,34.0,2,1,0,2,7,17,1,,4,RUE DU FAUBOURG SAINT MARTIN,0,,1,2,0,1,(1),(1),1,, -1,1,0,1,30,10,11,5,75,75110,2,1,0,3,RUE DU FAUBOURG SAINT MARTIN,48.869443,2.355828,21,2,2
202100014847,175Â 170,B01,1,1,2,5,1,0,-1,-1, -1,-1,2021,44.0,0,2,0,2,4,2,1,,2,HUIT MAI 1945 (AV DU),0,,2,2,0,1,1,0,1,, -1,1,2,1,50,6,10,1,94,94078,2,1,0,4,HUIT MAI 1945 (AV DU),48.72776,2.4453,10,4,3
202100005502,191Â 959,B01,1,1,1,0,8,0,-1,-1, -1,-1,2021,40.0,3,1,0,2,8,9,0,,4,CAMBRAI RUE DE NÂ° IMPAIRS,0,,2,2,1,1,(1),(1),1,, -1,1,0,1,50,29,11,1,59,59350,2,1,0,3,CAMBRAI RUE DE NÂ° IMPAIRS,50.62394,3.07836,13,2,2
202100033092,142Â 594,A01,2,2,1,9,8,0,-1,-1, -1,-1,2021,31.0,2,2,9,0,2,2,1,,3,REPUBLIQUE (AV DE LA),0,,2,2,0,1,0,0,1,, -1,1,0,1,50,20,6,1,94,94076,2,1,0,1,REPUBLIQUE (AV DE LA),48.78698,2.35281,5,2,1
202100010264,183Â 358,B01,1,1,1,9,2,8,-1,-1, -1,-1,2021,31.0,1,1,0,2,7,17,1,,4,GALMOT (AVENUE),0,,2,2,0,1,(1),(1),1,, -1,1,8,1,50,28,10,1,973,97302,2,1,0,3,GALMOT (AVENUE),4.93238,-52.32692,17,2,2
202100021627,162Â 969,B01,1,1,1,0,1,0,-1,-1, -1,-1,2021,42.0,1,2,0,2,4,2,1,,4,PARIS (DE),0,,2,2,0,1,1,0,1,, -1,1,0,1,50,31,8,1,22,22278,2,1,0,2,PARIS (DE),48.504614,-2.742425,12,2,2
202100010130,183Â 591,A01,1,1,1,5,8,-1,-1,-1, -1,-1,2021,27.0,1,2,0,2,3,15,1,,4,MARIUS VIVIER MERLE                 (BD),0,,1,3,0,1,(1),(1),1,, -1,1,0,1,50,30,10,1,69,69383,2,2,0,3,MARIUS VIVIER MERLE (BD),45.75367,4.85941,14,5,2
202100002950,196Â 498,A01,2,2,2,5,1,0,-1,0,0,-1,2021,18.0,1,2,0,2,7,19,1,,3,JUIN (BOULEVARD MARECHAL),0,,-1,3,0,1,1,0,1,, -1,1,5,1,50,12,12,5,14,14118,2,6,0,3,JUIN (BOULEVARD MARECHAL),49.211064,-0.363591,21,3,2
202100022970,160Â 570,B01,2,2,1,9,1,5,-1,0,0,-1,2021,36.0,2,2,7,2,8,1,1,,3,51,-1,,-1,2,0,1,8,440,3,, -1,1,0,1,80,22,8,1,27,27693,1,2,0,3,D51,48.918988,1.10625,15,4,2
202100020872,164Â 339,A01,1,1,1,5,2,6,-1,-1, -1,-1,2021,50.0,2,1,0,2,1,2,1,,4,REPUBLIQUE   BOULEVARD DE LA,0,,2,2,1,1,(1),(1),1,, -1,1,0,1,30,4,9,1,17,17300,2,1,0,2,REPUBLIQUE   BOULEVARD DE LA,46.13831,-1.15273,11,2,2
202100032984,142Â 791,B01,1,1,1,9,1,4,-1,-1, -1,-1,2021,19.0,1,2,0,2,6,1,1,,7,RD383   0.000 A 1.165,0,,-1,3,0,1,0,899,3,, -1,1,0,1,70,22,6,1,69,69266,1,1,0,3,RD383   0.000 A 1.165,45.7873463924,4.8797568082,10,3,2
202100028819,150Â 207,B01,1,1,2,4,1,0,-1,-1, -1,-1,2021,53.0,1,2,0,2,4,1,1,,4,AFRIQUE (CHAUSSEE D') - PAIR,0,,2,2,0,1,0,0,3,, -1,2,0,1,50,13,7,1,57,57672,1,1,1,2,AFRIQUE (CHAUSSEE D') - PAIR,49.35686,6.14353,11,2,2
202100025500,156Â 082,B01,1,1,2,0,8,0,-1,-1, -1,-1,2021,39.0,1,1,0,2,6,2,3,,4,REPUBLIQUE RUE DE LA,0,,2,2,0,1,1,0,1,, -1,1,9,1,30,4,8,1,93,93063,2,9,0,3,REPUBLIQUE RUE DE LA,48.8791,2.4331,17,2,2
202100016078,172Â 907,A01,1,1,1,3,8,0,-1,-1, -1,-1,2021,17.0,1,1,0,2,1,16,5,,4,Rue Hubert FAROUIL,0,,-1,2,0,1,(1),(1),1,, -1,1,0,1,50,27,9,1,971,97101,1,9,0,3,Rue Hubert FAROUIL,16.2741,-61.49963,17,2,2
202100029115,149Â 707,A01,1,1,1,9,1,0,-1,-1, -1,-1,2021,20.0,2,2,0,2,3,14,1,,2,Route Nationale 31,0,,2,2,0,1,(1),(1),1,, -1,2,0,3,80,13,7,1,60,60159,1,1,1,6,Route Nationale 31,49.423516002,2.8582863806,10,1,1
202100041792,126Â 905,B01,1,1,1,5,1,0,-1,-1, -1,-1,2021,28.0,2,2,8,2,8,16,1,,4,WEYGAND (AV. DU GENERAL),0,,2,3,0,1,(1),(1),1,, -1,1,5,1,50,1,5,5,60,60159,2,3,0,3,Avenue du GÃ©nÃ©ral Weygand,49.41323,2.8135,21,2,2
202100045834,119Â 826,A01,1,1,1,1,2,6,-1,0,0,-1,2021,34.0,2,1,0,2,2,17,1,,4,,-1,,2,2,0,2,(1),(1),1,, -1,1,5,1,50,1,4,1,1,1354,2,2,0,3,Rue Blaise Pascal,46.242095,6.021854,9,2,2
202100045550,120Â 320,A01,4,2,2,0,1,0,-1,-1, -1,-1,2021,17.0,1,2,0,2,7,17,1,,2,RAYMOND POMIER (RUE),0,,2,2,0,2,0,100,1,, -1,1,0,1,50,30,3,1,91,91421,2,2,0,3,RAYMOND POMIER (RUE),48.70379,2.44332,13,6,2
202100046426,118Â 791,A01,1,1,1,5,1,-1,-1,0,0,-1,2021,19.0,2,2,2,0,2,1,1,,3,31,-1,,2,2,0,2,0,474,4,, -1,1,0,3,80,28,3,3,82,82042,1,1,0,6,Cazillac,44.250072,1.196394,6,2,1
202100035349,138Â 522,B01,1,1,1,1,2,6,-1,-1, -1,-1,2021,26.0,1,1,0,2,8,17,1,,3,50,0,,2,4,1,3,0,1,1,, -1,1,0,1,50,10,6,1,92,92049,2,1,0,3,BARBES RUE,48.8170374748,2.3316389322,14,2,2
202100036971,135Â 615,B01,2,2,2,5,1,0,-1,-1, -1,-1,2021,65.0,2,2,0,2,3,0,3,,3,CHATEAU (RUE DU),0,,2,2,0,1,46,556,1,, -1,1,0,1,50,31,5,5,77,77070,2,2,0,3,CHATEAU (RUE DU),48.78955,3.12406,23,3,2