Num_Acc,id_vehicule,num_veh,place,catu,sexe,trajet,secu1,secu2,secu3,locp,actp,etatp,year_acc,victim_age,senc,catv,obs,obsm,choc,manv,motor,occutc,catr,voie,v1,v2,circ,nbv,vosp,prof,pr,pr1,plan,lartpc,larrout,surf,infra,situ,vma,jour,mois,lum,dep,com,agg_,int,atm,col,adr,lat,long,hour,nb_victim,nb_vehicules
202100036401,136Â 636,A01,1,1,1,1,2,6,-1,-1, -1,-1,2021,38.0,1,1,0,0,0,1,3,,3,BIARRITZ (AVENUE DE),0,,2,2,0,2,3,620,1,, -1,2,0,1,50,4,6,1,64,64125,2,1,1,7,BIARRITZ (AVENUE DE),43.4462392467,-1.5825502574,17,1,1
202100055338,102Â 917,B01,1,1,1,1,1,0,-1,-1, -1,-1,2021,66.0,2,2,0,2,8,1,1,,4,JEAN BAPTISTE COLBERT (RUE),0,,2,2,0,2,(1),(1),1,, -1,1,0,1,50,11,1,5,10,10081,2,2,0,5,JEAN BAPTISTE COLBERT (RUE),48.3132,4.0237,18,3,3
202100042278,126Â 056,C01,2,2,2,5,1,0,-1,-1, -1,-1,2021,57.0,1,2,0,2,4,2,1,,1,AUTOROUTE A1,0,,3,8,0,1,2,0,1,, -1,1,1,1,90,28,4,1,93,93066,1,1,0,5,AUTOROUTE A1,48.91934,2.35755,15,6,5
202100056042,101Â 713,B01,1,1,1,4,1,8,-1,-1, -1,-1,2021,47.0,2,2,0,2,1,1,1,,4,DJIBAOU (RUE  JEAN-MARIE ),0,,2,2,0,1,(1),(1),1,, -1,7,0,1,50,5,1,1,56,56098,2,1,0,1,DJIBAOU (RUE  JEAN-MARIE ),47.77596,-3.3592,10,2,2
202100048048,115Â 860,A01,1,1,1,4,1,0,-1,-1, -1,-1,2021,29.0,1,2,1,2,1,1,1,,3,JEAN CHARCOT [CD115] (RUE),0,,-1,4,0,1,0,1,1,, -1,2,0,8,50,13,3,5,93,93005,2,1,1,3,JEAN CHARCOT [CD115] (RUE),48.9330762053,2.4893204504,23,2,2
202100000536,200Â 746,A01,10,3,2,5,0,-1,-1,2,3,1,2021,95.0,3,5,0,1,2,16,1,,4,VOLTAIRE,0,,2,2,0,1,0,0,1,, -1,1,0,1,50,10,11,1,76,76351,2,2,0,6,VOLTAIRE,49.4899,0.1041,15,2,1
202100035059,139Â 027,A01,1,1,1,1,2,6,-1,0,0,-1,2021,64.0,1,1,0,1,1,1,1,,4,AVENUE DE VILLIERS,0,,2,2,0,1,(1),(1),1,, -1,1,0,1,50,11,6,1,75,75117,2,1,0,6,AVENUE DE VILLIERS,48.88202,2.313169,19,2,1
202100017565,170Â 227,B01,1,1,2,9,0,-1,-1,0,0,-1,2021,23.0,2,1,0,2,1,1,1,,7,125,-1,,2,2,0,1,34,287,1,, -1,1,5,1,80,21,9,1,35,35131,1,6,0,3,Rpt du Guesneau,48.123201,-1.799742,10,3,2
202100021512,163Â 188,B01,1,1,2,5,1,-1,-1,0,0,-1,2021,16.0,2,2,0,2,3,1,1,,3,756,0,,2,2,0,1,18,432,1,, -1,1,0,1,70,18,8,1,44,44071,1,1,0,5,"RD756, Ã  proximitÃ© de l'impasse des ClÃ©ons",47.175925,-1.384886,20,6,3
202100047333,117Â 159,A01,1,1,1,0,2,0,-1,-1, -1,-1,2021,30.0,1,1,0,2,1,2,1,,4,BOURG BELE (RUE DU)  NÂ° PAIRS 124 ET >,0,,2,2,0,1,0,0,1,, -1,1,0,1,50,17,3,1,72,72181,2,1,0,2,BOURG BELE (RUE DU)  NÂ° PAIRS 124 ET >,47.99595,0.19586,17,2,2
202100029077,149Â 771,B01,1,1,1,0,8,-1,-1,-1, -1,-1,2021,20.0,3,1,0,2,1,1,1,,4,MAURICE THOREZ                      (AV),0,,2,2,0,1,(1),(1),1,, -1,2,9,8,50,13,7,1,69,69259,2,9,1,2,MAURICE THOREZ (AV),45.69995,4.86292,18,2,2
202100003618,195Â 280,A01,1,1,1,5,1,0,-1,-1, -1,-1,2021,23.0,1,2,0,2,3,0,1,,3,LILLE ( RUE DE ),0,,2,2,0,1,25,125,1,, -1,2,0,1,50,9,12,5,62,62119,2,1,1,6,LILLE ( RUE DE ),50.52387,2.65422,23,4,1
202100008912,185Â 803,A01,2,2,2,9,1,0,-1,-1, -1,-1,2021,79.0,1,2,0,2,3,2,1,,1,A12 W,0,,3,2,0,1,5,300,1,, -1,1,1,1,90,8,11,1,78,78242,1,1,0,2,A12 W,48.806844,2.051998,15,3,2
202100038196,133Â 369,A01,10,3,2,0,8,8,-1,2,B,1,2021,31.0,3,2,0,1,2,1,1,,4,MERIMEE,0,,1,1,0,1,(1),(1),1,, -1,1,0,1,50,25,5,1,13,13214,2,6,0,6,MERIMEE,43.3284010266,5.3981119394,18,2,1
202100013174,178Â 198,A01,1,1,1,1,1,-1,-1,0,0,-1,2021,38.0,1,5,0,2,7,1,1,,1,9,0,A,2,3,0,1,131,0,1,, -1,9,0,1,130,12,10,2,34,34157,1,1,0,3,A9,43.451283774,3.5947195103,7,2,2
202100001331,199Â 380,A01,1,1,2,5,0,-1,-1,0,0,-1,2021,23.0,2,1,0,2,1,1,5,,2,91,0,,2,2,2,4,0,200,2,, -1,1,0,5,60,27,12,1,987,98729,2,3,0,3,PK0.20 TEMAE,-17.494944,-149.763275,10,3,2
202100001522,199Â 076,A01,1,1,1,9,1,-1,-1,0,0,-1,2021,36.0,1,2,14,0,9,1,1,,3,926,0,,2,2,0,1,12,1000,2,, -1,1,0,1,90,25,12,1,61,61214,1,6,0,7,Lieu Dit la Croix Lamirault,48.74753,0.595407,16,1,1
202100048970,114Â 215,A01,1,1,2,5,1,0,-1,-1, -1,-1,2021,65.0,-1,2,0,2,5,2,1,,3,BALLANGER (BD ROBERT),0,,1,2,0,1,0,1,2,, -1,1,0,1,50,6,3,2,93,93078,2,6,0,2,BALLANGER (BD ROBERT),48.961,2.55532,18,2,2
202100005902,191Â 239,A01,10,3,1,2,0,-1,-1,1,1,3,2021,14.0,3,1,0,1,7,1,1,,3,CONSTANCE (BOULEVARD DE ),0,,3,4,0,2,21,995,1,, -1,1,1,8,30,26,11,1,77,77186,2,1,0,6,D607,48.402105,2.687202,8,2,1
202100043058,124Â 710,B01,5,2,2,9,8,0,-1,0,0,-1,2021,46.0,1,3,0,2,3,7,2,2.0,4,RUE DE TOLBIAC,0,,2,4,3,1,(1),(1),1,, -1,1,-1,6,50,22,4,1,75,75113,2,2,0,3,RUE DE TOLBIAC,48.82646,2.341797,14,3,2
202100048745,114Â 631,B01,1,1,1,0,2,6,-1,0,0,-1,2021,30.0,2,1,0,2,1,1,1,,3,98,0,,2,2,1,1,3,800,1,, -1,1,0,1,70,9,3,1,78,78674,1,1,0,3,Route dÃ©partementale 98,48.848686,2.016821,14,2,2
202100018024,169Â 410,A01,10,3,1,9,0,-1,-1,2,5,1,2021,23.0,2,5,0,1,3,1,1,,4,QUAI D AUSTERLITZ,0,,2,2,0,1,(1),(1),1,, -1,1,0,1,30,19,9,5,75,75113,2,1,0,6,QUAI D AUSTERLITZ,48.84067,2.369643,0,2,1
202100013141,178Â 257,A01,1,1,1,1,2,6,-1,-1, -1,-1,2021,60.0,-1,1,0,2,1,2,1,,3,JEAN JAURES (AVE) 55 A 129,0,,3,2,0,1,0,1,1,, -1,1,0,1,30,15,10,2,93,93027,2,3,0,1,JEAN JAURES (AVE) 55 A 129,48.91801,2.4077,7,2,2
202100046839,118Â 058,A01,1,1,1,5,2,6,9,0,0,-1,2021,36.0,2,1,0,6,1,1,1,,3,16,0,D,2,2,0,1,18,100,1,, -1,1,0,1,80,19,3,3,40,40150,1,1,0,6,LARAOU,43.820711,-1.256078,2,1,1
202100042932,124Â 930,A01,10,3,1,9,0,-1,-1,3,3,1,2021,72.0,3,5,0,1,1,15,1,,4,FERNAND HERBAUD (RUE),0,,1,0,0,1,0,0,2,, -1,1,0,8,50,23,4,1,93,93005,2,3,0,6,FERNAND HERBAUD (RUE),48.932353355,2.4949648836,9,2,1
202100025834,155Â 515,A01,1,1,1,1,2,-1,-1,0,0,-1,2021,16.0,1,1,1,0,1,1,1,,3,RD62,0,,2,2,0,2,11,86,1,, -1,1,0,1,30,3,8,1,86,86021,2,1,0,2,9 Route OcÃ©ane,46.55881,0.047336,18,2,2
202100009809,184Â 162,A01,1,1,1,1,2,6,-1,0,0,-1,2021,51.0,1,1,0,2,3,3,1,,4,BOULEVARD JOURDAN,0,,1,2,0,1,(1),(1),1,, -1,2,0,1,50,1,11,2,75,75114,2,3,0,3,BOULEVARD JOURDAN,48.81976,2.342869,17,2,2
202100010493,182Â 967,A01,10,3,2,0,0,-1,-1,9,2,1,2021,81.0,1,2,0,1,1,15,1,,4,MONT USSY (RUE DU),0,,1,1,0,1,(1),(1),1,, -1,1,0,1,50,28,10,1,77,77186,2,1,0,6,MONT USSY (RUE DU),48.41481,2.70171,18,2,1
202100041422,127Â 563,A01,10,3,1,3,0,-1,-1,1,5,1,2021,11.0,1,2,0,1,2,1,2,,4,ELYSEE RECLUS (RUE),0,,1,1,0,1,0,0,1,, -1,1,0,1,50,4,5,1,93,93001,2,1,0,6,Rue Elisee Reclus,48.91687,2.40107,18,2,1
202100039224,131Â 509,A01,1,1,1,9,2,6,-1,-1, -1,-1,2021,36.0,2,1,0,2,1,1,1,,1,A7-Sens Marseille vers Lyon,0,,1,3,0,1,276,0,1,, -1,1,0,1,90,20,5,1,13,13215,1,1,0,2,A7-Sens Marseille vers Lyon,43.38492,5.35091,13,2,2
202100019306,167Â 122,B01,1,1,2,0,2,0,-1,-1, -1,-1,2021,38.0,2,1,0,2,8,26,1,,2,13,0,,3,4,0,1,7,500,1,, -1,1,0,1,70,13,9,1,92,92051,1,1,0,3,N13,48.8826932526,2.2667435188,8,2,2
202100031287,145Â 814,A01,1,1,1,0,2,6,-1,-1, -1,-1,2021,56.0,2,1,0,0,9,1,1,,1,86,0,,3,4,0,1,9,199,1,, -1,1,0,1,90,2,7,1,92,92036,1,1,0,6,AUTOROUTE A86,48.93898,2.30265,12,1,1
202100009619,184Â 510,A01,1,1,1,5,2,8,-1,0,0,-1,2021,18.0,1,1,0,2,1,2,1,,4,AVENUE DE NEW YORK,0,,1,1,0,1,(1),(1),1,, -1,2,0,1,30,31,10,5,75,75116,2,3,1,2,AVENUE DE NEW YORK,48.862109,2.293266,4,3,2
202100047823,116Â 273,A01,1,1,1,5,2,6,-1,0,0,-1,2021,19.0,2,1,0,2,1,17,1,,4,VAL FLEURI CHEMIN DU,0,,2,2,0,1,(1),(1),1,, -1,1,0,1,50,16,3,1,6,6027,2,1,0,5,VAL FLEURI CHEMIN DU,43.665892,7.169924,16,3,3
202100027619,152Â 355,B01,1,1,1,1,2,-1,-1,0,0,-1,2021,31.0,1,1,0,9,1,1,1,,3,102,0,,2,2,0,1,15,950,3,, -1,1,0,1,80,19,7,1,49,49266,1,1,0,1,Le Champ Couteau,47.462944,-0.768555,13,2,2
202100041105,128Â 139,A01,1,1,1,0,8,0,-1,-1, -1,-1,2021,25.0,1,1,0,0,8,1,1,,7,75,0,,2,0,0,1,12,405,1,, -1,2,0,1,50,6,5,1,44,44162,1,1,1,7,M 75,47.22734,-1.65166,7,1,1
202100024461,157Â 952,A01,1,1,2,0,1,-1,-1,0,0,-1,2021,48.0,2,2,0,0,3,1,1,,7,12,0,D,2,2,0,1,3,600,1,, -1,1,0,1,50,14,8,1,42,42005,2,1,0,1,42 Avenue de Saint-Etienne,45.52722,4.275618,19,2,2
202100055291,102Â 988,B01,1,1,1,0,2,6,9,-1, -1,-1,2021,18.0,1,1,0,2,1,1,1,,4,,0,,2,3,0,1,(1),(1),1,, -1,2,0,1,50,12,1,5,69,69282,2,2,1,3,REPUBLIQUE (DE LA) (R),45.7695419497,4.9876972169,18,3,2
202100050152,112Â 075,A01,10,3,2,5,0,-1,-1,2,3,1,2021,6.0,1,2,0,1,1,1,1,,4,CROIX PAQUET                        (PL),0,,2,2,0,2,(1),(1),1,, -1,1,0,1,50,24,2,1,69,69381,2,3,0,6,CROIX PAQUET (PL),45.77024,4.83635,17,2,1
202100011319,181Â 507,A01,3,2,1,5,1,-1,-1,0,0,-1,2021,17.0,2,2,2,0,1,1,1,,4,,-1,,2,2,0,1,(1),(1),1,,5,1,0,3,50,24,10,5,2,2163,2,1,0,6,Route de Pavant,48.973407,3.282225,21,4,1
202100040343,129Â 493,B01,1,1,2,5,1,8,-1,-1, -1,-1,2021,55.0,1,2,0,2,6,1,1,,7,D66  VOIE RAPIDE,0,,1,2,0,1,8,183,1,, -1,1,0,1,90,11,5,1,34,34198,1,1,0,2,D66  VOIE RAPIDE,43.565294,3.957701,9,2,2
202100043870,123Â 252,A01,1,1,1,0,2,6,-1,-1, -1,-1,2021,15.0,1,1,0,2,1,1,1,,4,GRENET (AVENUE HENRI),0,,2,3,0,2,0,0,1,, -1,1,0,1,50,14,4,1,64,64102,2,1,0,2,GRENET (AVENUE HENRI),43.5035,-1.47033,16,2,2
202100007235,188Â 822,B01,1,1,1,0,1,-1,-1,-1, -1,-1,2021,29.0,3,5,0,2,9,2,1,,4,KENNEDY (AVENUE DU PRESIDENT),0,,1,1,0,1,(1),(1),3,, -1,1,0,1,50,19,11,1,51,51454,2,1,0,4,Avenue du PrÃ©sident Kennedy,49.2334687259,4.0070258081,16,3,3
202100031083,146Â 183,A01,10,3,1,9,0,-1,-1,3,3,1,2021,19.0,1,2,0,1,1,1,1,,4,HOCHE,0,,1,1,0,1,1,0,1,, -1,1,0,1,30,29,6,1,49,49007,2,1,0,6,HOCHE,47.46775,-0.55878,18,2,1
202100008264,186Â 942,A01,1,1,1,9,2,6,-1,0,0,-1,2021,20.0,1,1,0,2,8,18,1,,4,AVENUE DE MARIGNY,0,,2,3,0,1,(1),(1),1,, -1,1,0,1,50,13,11,5,75,75108,2,3,0,3,AVENUE DE MARIGNY,48.868856,2.314638,2,2,2
202100031913,144Â 707,B01,4,2,2,5,1,0,-1,-1, -1,-1,2021,26.0,2,2,0,2,2,1,1,,3,CLEMENCEAU (AVENUE GEORGES),0,,3,4,0,1,0,1,1,, -1,1,0,1,50,28,6,1,93,93078,2,2,0,1,Avenue Georges ClÃ©menceau / Avenue Charles de Gaulle,48.95816,2.55837,18,4,2
202100025929,155Â 335,B01,1,1,1,0,1,-1,-1,0,0,-1,2021,55.0,2,2,4,9,6,1,1,,1,6,0,,3,4,0,2,73,100,1,, -1,2,0,1,110,3,8,2,77,77333,1,1,1,2,"Autoroute A6, PK 073+100, Direction Province/PARIS",48.267476,2.718945,6,8,2
202100030177,147Â 826,A01,3,2,2,0,1,0,-1,-1, -1,-1,2021,8.0,3,2,0,2,7,15,1,,7,EGALITE (BOULEVARD DE L'),0,,2,4,0,1,(1),(1),1,, -1,1,5,1,50,7,7,1,59,59650,2,2,0,3,EGALITE (BOULEVARD DE L'),50.7104,3.19722,14,3,2
202100012845,178Â 763,B01,1,1,1,5,8,-1,-1,0, -1,-1,2021,23.0,1,0,0,2,1,11,3,,4,JAURES JEAN  RUE,0,,1,2,0,1,(1),(1),1,, -1,1,5,1,30,16,10,1,29,29232,2,3,0,3,Rue Jean Jaures,47.99357,-4.09917,11,2,2
202100033208,142Â 404,B01,1,1,1,9,2,6,-1,0,0,-1,2021,35.0,1,1,0,2,3,18,1,,4,AVENUE DE LA PORTE DE SAINT OUEN,0,,4,2,0,1,(1),(1),1,, -1,1,0,1,50,20,6,1,75,75117,2,2,0,3,AVENUE DE LA PORTE DE SAINT OUEN,48.897747,2.329049,13,2,2
202100047377,117Â 087,B01,1,1,1,1,2,6,-1,-1, -1,-1,2021,50.0,1,1,0,2,2,17,3,,4,SUBILIA (AVENUE ERNEST ),0,,2,2,0,1,0,0,1,, -1,1,0,1,50,16,3,1,13,13028,2,1,0,3,SUBILIA (AVENUE ERNEST ),43.18571,5.6081,17,2,2
202100030127,147Â 926,A01,1,1,2,1,1,0,-1,-1, -1,-1,2021,36.0,2,2,12,0,1,14,1,,1,AUTOROUTE A6,0,,3,6,0,4,17,399,2,, -1,1,0,3,110,8,7,1,91,91589,1,1,0,7,AUTOROUTE A6,48.67614,2.34037,16,1,1
202100034873,139Â 379,A01,2,2,1,5,8,-1,-1,0,0,-1,2021,18.0,1,2,13,0,2,0,1,,1,68,-1,A,1,2,0,1,7,972,1,, -1,1,0,3,130,13,6,3,31,31117,1,1,0,6,Autoroute A 68 - PK 008+000,43.668322,1.556818,4,3,1
202100022572,161Â 271,D01,1,1,1,1,1,0,-1,-1, -1,-1,2021,22.0,1,4,0,2,1,0,1,,1,AUTOROUTE A3,0,,3,6,0,1,8,500,1,, -1,1,0,1,110,26,8,1,93,93010,1,1,0,5,AUTOROUTE A3,48.91039,2.47441,16,5,5
202100041320,127Â 750,A01,10,3,2,9,0,-1,-1,2,3,1,2021,28.0,1,1,0,1,2,1,1,,4,BOULEVARD DE BONNE NOUVELLE,0,,2,4,0,1,(1),(1),1,, -1,1,0,1,50,5,5,1,75,75110,2,3,0,6,BOULEVARD DE BONNE NOUVELLE,48.870384,2.349572,9,2,1
202100020779,164Â 501,A01,1,1,1,0,6,2,-1,0,0,-1,2021,48.0,0,6,0,0,9,1,1,,3,104,-1,,2,2,0,1,78,50,1,, -1,1,0,1,80,2,9,2,7,7028,1,1,0,7,D104,44.390847,4.233899,18,1,1
202100026449,154Â 422,B01,1,1,1,0,2,0,-1,-1, -1,-1,2021,52.0,2,1,0,2,1,1,1,,4,EMPEREUR (ALLEE DE L'),0,,2,2,0,2,0,0,1,, -1,1,0,1,50,28,7,1,64,64024,2,4,0,3,EMPEREUR (ALLEE DE L'),43.51705,-1.50357,18,2,2
202100007328,188Â 652,A01,1,1,1,1,2,6,-1,-1, -1,-1,2021,22.0,2,1,0,2,1,1,1,,4,BLUM (BD LEON),0,,2,2,0,1,0,0,1,, -1,1,5,1,50,6,11,5,2,2691,2,2,0,3,BLUM (BD LEON),49.84125,3.292362,23,2,2
202100027837,151Â 958,B01,1,1,1,5,1,-1,-1,0,0,-1,2021,72.0,2,5,0,2,2,15,1,,2,12,-1,,1,1,0,1,73,260,1,, -1,2,3,1,50,5,7,1,35,35275,1,5,1,1,D21,48.160063,-1.834862,17,2,2
202100016751,171Â 682,B01,1,1,1,5,1,-1,-1,0,0,-1,2021,52.0,3,2,0,2,1,1,1,,4,,-1,,2,2,0,1,(1),(1),1,,4,1,0,1,50,24,9,1,22,22225,1,3,0,1,Rue Jean jaurÃ¨s,48.532016,-3.114492,12,2,2
202100043332,124Â 208,B01,1,1,1,0,8,-1,-1,-1, -1,-1,2021,17.0,1,1,0,4,2,0,5,,4,RUE DES FRERES MOGA,0,,2,2,3,1,(1),(1),1,, -1,1,4,6,50,20,4,1,33,33039,2,2,0,6,Rue des FrÃ¨res Moga,44.80005,-0.55145,17,2,2
202100007557,188Â 234,A01,1,1,2,1,1,8,-1,-1, -1,-1,2021,32.0,2,2,13,0,3,1,1,,2,RN 449,0,,1,1,0,2,0,90,2,, -1,2,0,1,50,12,7,1,91,91521,1,1,1,7,RN 449,48.63459,2.40586,7,1,1
202100028423,150Â 911,A01,1,1,2,0,0,-1,-1,0,0,-1,2021,64.0,3,1,0,2,3,9,5,,3,2,0,D,2,2,0,1,1,158,1,,"3,5",1,0,1,80,19,7,1,22,22306,1,2,0,3,Le Cordon Blanc,48.363716,-1.970437,8,2,2
202100038649,132Â 550,A01,1,1,1,5,2,6,-1,0,0,-1,2021,40.0,0,1,0,2,2,16,1,,4,ALLEE DE LONGCHAMP,0,,3,3,0,1,(1),(1),1,, -1,1,0,1,50,23,5,1,75,75116,2,2,0,3,ALLEE DE LONGCHAMP,48.872525,2.264444,11,2,2
202100000395,200Â 995,A01,1,1,1,9,1,0,-1,-1, -1,-1,2021,39.0,3,2,14,0,2,0,1,,4,VERDUN.(AVENUE DE),0,,2,2,0,1,1,0,1,, -1,2,0,1,50,21,10,5,94,94011,2,9,1,6,Avenue de Verdun,48.7695,2.48266,1,1,1
202100013752,177Â 128,A01,1,1,1,3,0,-1,-1,0,0,-1,2021,74.0,0,1,0,0,1,0,5,,9,canal,-1,,2,2,0,1,15,495,1,, -1,2,9,8,-1,5,10,3,54,54205,1,1,1,7,Canal de la Marne au Rhin Ouest,48.676519,5.802239,17,1,1
202100055585,102Â 500,A01,1,1,2,5,1,-1,-1,0,0,-1,2021,22.0,1,2,2,2,3,17,1,,3,132,-1,,2,2,0,1,10,200,3,, -1,1,0,1,80,12,1,1,47,47301,1,1,0,3,Lagabariere,44.568516,0.279663,15,2,2
202100002651,197Â 044,B01,1,1,2,4,1,8,-1,-1, -1,-1,2021,52.0,2,2,0,2,3,1,1,,4,B DE LA MARNE ,0,,2,1,0,1,1,0,1,, -1,1,0,1,50,15,12,5,94,94068,2,2,0,3,Boulevard de la Marne,48.789,2.509,21,3,2
202100031096,146Â 159,B01,1,1,2,1,1,0,-1,-1, -1,-1,2021,30.0,1,2,0,2,4,23,1,,3,RD 957,0,,3,4,0,1,(1),(1),1,, -1,1,0,1,90,1,7,1,41,41018,1,1,0,2,RD 957,47.611863,1.337103,14,2,2
202100054182,104Â 897,A01,1,1,1,0,8,-1,-1,-1, -1,-1,2021,31.0,2,1,12,0,0,19,5,,4,,0,,2,1,1,1,(1),(1),1,, -1,1,0,5,-1,21,1,1,69,69387,2,9,1,7,TONY GARNIER                        (AV),45.73155,4.82409,10,1,1
202100049683,112Â 931,B01,1,1,1,0,2,0,-1,-1, -1,-1,2021,31.0,2,1,0,2,1,19,1,,4,DOUY DELCUPE (RUE),0,,1,4,2,1,1,0,1,, -1,1,0,1,30,1,3,5,93,93048,2,9,0,3,DOUY DELCUPE (RUE),48.8552790284,2.433023989,6,2,2
202100012758,178Â 915,A01,1,1,1,0,8,-1,-1,0,0,-1,2021,45.0,1,2,0,2,1,5,1,,3,21,-1,,2,2,0,1,14,962,1,, -1,1,0,1,80,18,10,1,77,77142,1,1,0,6,D21,48.861736,2.933822,17,3,3
202100029531,149Â 008,A01,1,1,1,5,1,-1,-1,0,0,-1,2021,24.0,1,2,5,0,1,0,1,,3,11,-1,,2,2,0,1,20,871,1,,6,1,2,3,80,11,7,1,66,66037,1,1,0,6,D11,42.681189,2.994568,6,1,1
202100033645,141Â 628,B01,1,1,1,1,2,6,-1,0,0,-1,2021,21.0,1,1,0,2,0,1,1,,4,BOULEVARD HAUSSMANN,0,,2,4,0,1,(1),(1),1,, -1,1,0,1,50,18,6,1,75,75108,2,1,0,3,BOULEVARD HAUSSMANN,48.874948,2.306851,11,2,2
202100051465,109Â 709,A01,1,1,1,5,0,-1,-1,0,0,-1,2021,8.0,3,1,0,2,3,0,3,,4,,-1,,2,2,0,2,(1),(1),1,, -1,1,0,1,50,14,2,1,57,57767,2,1,0,3,Ronde des Ãcureuils,49.328297,6.231233,17,2,2
202100048350,115Â 330,B01,1,1,2,1,1,-1,-1,-1, -1,-1,2021,21.0,1,2,0,2,4,2,1,,2,ROUTE NATIONALE 230,0,,3,7,0,1,43,500,1,, -1,1,3,1,90,11,3,1,33,33249,1,1,0,4,ROUTE NATIONALE 230,44.87785,-0.509045,7,3,3
202100033264,142Â 313,A01,1,1,1,5,2,6,-1,0,0,-1,2021,50.0,1,1,0,0,1,1,1,,3,4085,-1,,2,2,0,3,85,710,2,, -1,1,0,1,80,20,6,1,4,4204,1,1,0,7,RD 4085,43.884617,6.437763,16,1,1
202100030132,147Â 917,A01,2,2,1,4,8,0,-1,-1, -1,-1,2021,35.0,2,5,0,2,5,26,1,,2,118,0,,3,4,0,1,3,500,1,, -1,1,8,8,90,7,7,1,92,92048,1,1,0,2,N118,48.8000383686,2.2159557149,21,4,2
202100022896,160Â 695,A01,1,1,1,0,2,6,-1,-1, -1,-1,2021,18.0,1,1,1,0,4,1,1,,3,RD 117,0,,2,2,0,1,35,0,3,, -1,1,0,3,50,14,4,1,9,9207,1,1,0,6,RD 117,42.92482,1.63597,13,1,1
202100034064,140Â 872,A01,1,1,1,1,1,-1,-1,-1, -1,-1,2021,35.0,2,2,9,0,1,1,1,,4,ARGONNE (CRS DE L),0,,1,1,3,1,(1),(1),1,, -1,2,4,1,50,16,6,5,33,33063,2,1,1,6,Cours de lâArgonne,44.8238826704,-0.5794544287,23,1,1
202100027677,152Â 241,A01,1,1,2,5,1,0,-1,-1, -1,-1,2021,33.0,1,2,0,2,6,11,1,,1,A86 INT,0,,3,6,0,1,45,500,2,, -1,1,0,1,90,21,7,2,94,94073,1,1,0,2,A86 INT,48.7664,2.3788,5,2,2
202100016936,171Â 350,A01,1,1,1,0,2,-1,-1,-1, -1,-1,2021,46.0,3,1,12,0,1,26,1,,4,MAGUDAS (AVE DE),0,,3,5,0,1,(1),(1),1,, -1,1,0,1,50,24,9,1,33,33162,2,1,0,6,Avenue de Magudas,44.85821,-0.66515,18,1,1
202100015252,174Â 446,B01,2,2,2,5,1,-1,-1,0,0,-1,2021,29.0,1,2,4,0,4,2,1,,3,2060,-1,,3,4,0,1,43,600,1,, -1,1,0,1,90,4,10,1,45,45256,1,1,0,2,RD 2060,47.968462,2.55239,13,4,2
202100028069,151Â 538,A01,1,1,1,0,1,0,-1,-1, -1,-1,2021,35.0,1,2,0,2,4,0,1,,1,A55-Sens Martigues vers Marseille,0,,1,2,0,1,26,0,1,, -1,1,0,1,110,19,7,1,13,13026,1,1,0,2,A55-Sens Martigues vers Marseille,43.3873563669,5.145580473,17,2,2
202100002961,196Â 480,B01,1,1,1,5,2,6,-1,0,0,-1,2021,38.0,2,1,0,2,3,1,1,,4,PORTE DE SEVRES,0,,1,3,0,1,8,900,1,, -1,1,0,1,70,14,12,1,75,75115,2,4,0,3,PORTE DE SEVRES,48.832646,2.279841,12,4,2
202100004347,193Â 986,A01,1,1,2,1,2,6,-1,0,0,-1,2021,64.0,2,1,14,0,1,1,1,,3,231,0,,2,2,0,1,10,911,1,, -1,2,0,1,50,18,11,4,77,77318,2,1,1,6,D216,48.789955,2.918345,21,1,1
202100020849,164Â 379,A01,10,3,1,0,0,-1,-1,1,5,1,2021,15.0,0,3,0,1,1,0,1,1.0,4,RUE DE LA PAPOTIERE,0,,2,2,0,1,(1),0,1,, -1,1,0,1,30,4,9,1,44,44109,2,3,0,6,RUE DE LA PAPOTIERE,47.2424,-1.495,17,2,1
202100040087,129Â 939,A01,1,1,1,5,8,-1,-1,0,0,-1,2021,64.0,1,2,0,2,1,2,1,,1,6,0,,3,4,0,1,257,220,1,, -1,2,0,1,130,13,5,3,21,21244,1,1,1,2,Pk 257+220 - Autoroute A6,47.298223,4.50433,4,2,2
202100038941,132Â 023,A01,10,3,2,0,0,-1,-1,3,3,1,2021,82.0,3,2,0,1,1,9,1,,4,FRANCE (BOULEVARD ANATOLE),0,,2,2,0,1,(1),(1),1,, -1,1,0,1,50,21,5,1,13,13028,2,9,0,6,FRANCE (BOULEVARD ANATOLE),43.17513,5.61038,9,2,1
202100007582,188Â 186,A01,1,1,2,0,1,-1,-1,-1, -1,-1,2021,22.0,1,2,0,2,6,1,1,,7,DARNETAL. ROUTE DE,0,,2,2,0,1,0,300,1,, -1,1,0,1,50,17,11,5,76,76540,2,1,0,2,DARNETAL. ROUTE DE,49.44198,1.11649,22,3,2
202100019996,165Â 891,C01,1,1,1,1,2,6,-1,0,0,-1,2021,25.0,2,1,0,2,9,17,1,,3,306,-1,,3,2,2,1,28,20,1,, -1,1,0,1,80,10,9,1,69,69009,2,1,0,5,VILLEFRANCHE (DE) (RTE),45.953555,4.714948,17,3,3
202100039793,130Â 454,B01,1,1,1,5,1,0,-1,-1, -1,-1,2021,71.0,1,2,0,0,4,6,1,,1,A86 INT,0,,1,2,0,1,46,700,1,, -1,2,9,1,50,16,5,1,94,94073,1,9,1,2,A86 INT,48.7559113677,2.3835111093,17,3,2