Num_Acc,id_vehicule,num_veh,place,catu,sexe,trajet,secu1,secu2,secu3,locp,actp,etatp,year_acc,victim_age,senc,catv,obs,obsm,choc,manv,motor,occutc,catr,voie,v1,v2,circ,nbv,vosp,prof,pr,pr1,plan,lartpc,larrout,surf,infra,situ,vma,jour,mois,lum,dep,com,agg_,int,atm,col,adr,lat,long,hour,nb_victim,nb_vehicules
202100007453,188Â 430,B01,1,1,1,1,1,0,-1,-1, -1,-1,2021,48.0,3,2,0,2,2,1,1,,9,CHAPIT RE ( RUE DU),0,,1,2,0,1,0,0,1,, -1,1,0,1,30,18,11,1,93,93073,2,2,0,3,CHAPIT RE ( RUE DU),49.00243,2.53333,13,3,2
202100011179,181Â 749,A01,2,2,1,5,2,6,-1,-1, -1,-1,2021,28.0,1,1,0,0,0,16,1,,1,Tunnel Prado CarÃ©nage,0,,1,1,0,1,2,960,3,, -1,1,1,1,50,24,10,5,13,13207,1,1,0,7,Tunnel Prado CarÃ©nage,43.29116,5.36629,23,2,1
202100050607,111Â 229,B01,1,1,1,5,2,8,-1,-1, -1,-1,2021,19.0,1,1,0,2,7,1,1,,4,VOLTAIRE (RUE),0,,2,2,0,1,0,0,1,, -1,2,0,1,50,19,2,1,92,92063,2,3,1,3,VOLTAIRE (RUE),48.8736,2.19547,8,3,2
202100051019,110Â 474,B01,1,1,1,1,8,-1,-1,-1, -1,-1,2021,30.0,1,1,0,2,8,1,5,,4,ARTAUD                              (R ),0,,1,1,0,1,(1),(1),1,, -1,1,0,1,20,18,2,1,69,69384,2,2,0,3,ARTAUD (R),45.7809477486,4.8366073966,8,2,2
202100021436,163Â 330,A01,1,1,2,0,8,8,-1,-1, -1,-1,2021,23.0,1,1,0,2,8,19,3,,4,,0,,3,7,1,1,0,0,1,, -1,1,0,1,50,31,8,1,67,67482,2,1,0,3,ENGELBREIT (RUE DE L ),48.58529,7.70686,8,2,2
202100008906,185Â 819,A01,2,2,1,0,0,-1,-1,0,0,-1,2021,19.0,2,2,12,0,0,0,1,,3,924,0,D,2,2,0,1,1,0,3,, -1,1,0,1,80,9,11,1,60,60139,1,1,0,6,D924,49.175467,2.239866,13,2,1
202100011310,181Â 523,B01,1,1,1,1,1,-1,-1,0,0,-1,2021,58.0,1,2,0,2,2,1,1,,3,606,-1,,2,2,0,1,91,545,1,, -1,2,0,1,50,20,10,1,89,89023,2,3,1,3,D606,47.763554,3.611262,16,2,2
202100041173,128Â 003,B01,1,1,2,5,2,-1,-1,0,0,-1,2021,51.0,0,1,0,9,1,1,5,,3,,-1,,2,2,1,1,30,25,1,,4,1,0,5,15,6,5,1,6,6161,2,1,0,1,Boulevard des Italiens,43.640179,7.140244,14,2,2
202100030178,147Â 825,A01,10,3,1,9,0,-1,-1,1,9,1,2021,43.0,1,2,14,0,0,20,1,,4,POMPELLE (RUE),0,,1,1,0,1,(1),(1),1,, -1,1,0,1,50,7,7,5,51,51454,2,1,0,7,Rue de la Pompelle,49.25,4.03333,22,2,1
202100025847,155Â 485,A01,1,1,2,0,8,0,-1,-1, -1,-1,2021,35.0,1,2,0,2,3,0,1,,2,104,0,,1,3,0,1,34,299,1,, -1,2,0,1,90,3,8,1,91,91174,1,1,1,3,RN 104,48.6221,2.4638,12,2,2
202100006063,190Â 965,A01,10,3,1,3,0,-1,-1,1,B,1,2021,88.0,3,2,0,1,4,20,1,,6,,-1,,-1,-1,0,1,(1),(1),1,,5,2,0,6,30,26,11,1,33,33483,2,1,0,6,Place Maucaillou,44.912457,-0.393142,11,2,1
202100023588,159Â 474,A01,1,1,1,5,2,8,-1,-1, -1,-1,2021,65.0,3,0,0,0,7,15,5,,7,SAINTE CROIX ROUTE DE,0,,2,2,0,2,11,850,2,, -1,2,0,1,70,13,8,1,42,42053,1,1,0,7,Route de Sainte Croix,45.49763,4.62995,11,1,1
202100024134,158Â 519,B01,1,1,1,1,2,6,-1,-1, -1,-1,2021,25.0,2,1,0,2,1,1,1,,4,,0,,2,3,0,1,(1),(1),1,, -1,1,9,1,50,13,8,5,25,25056,2,2,0,3,GAULLE BOULEVARD CHARLES,47.232998,6.019323,23,2,2
202100021413,163Â 376,B01,1,1,1,0,8,0,-1,-1, -1,-1,2021,21.0,1,1,0,2,1,9,0,,4,DIGUE RONJON,0,,2,1,0,1,(1),(1),1,, -1,1,0,1,50,1,9,1,973,97302,2,2,0,3,DIGUE RONJON,4.9340308514,-52.3292479813,16,2,2
202100027857,151Â 926,B01,1,1,1,5,2,6,-1,0,0,-1,2021,71.0,1,1,0,2,1,1,1,,3,964,0,D,2,2,0,1,(1),(1),2,, -1,1,0,1,-1,22,7,1,59,59659,2,9,1,1,Rue de Verdun,50.018226,4.024317,10,2,2
202100003481,195Â 532,A01,2,2,2,5,1,-1,-1,0,0,-1,2021,19.0,1,2,2,0,7,1,1,,3,126,0,D,2,2,0,1,16,826,3,, -1,2,0,3,80,11,12,3,17,17140,1,1,0,7,D126,45.891532,-1.250296,19,3,1
202100029993,148Â 182,A01,1,1,1,5,2,6,-1,-1, -1,-1,2021,22.0,1,1,0,2,1,2,1,,4,MENDES FRANCE (AVENUE),0,,2,4,0,1,0,0,1,, -1,1,0,1,50,8,7,1,13,13208,2,1,0,2,MENDES FRANCE (AVENUE),43.25066,5.37561,20,2,2
202100046315,118Â 990,B01,1,1,2,1,2,-1,-1,0,0,-1,2021,41.0,0,1,0,2,1,1,1,,9,,0,,2,2,0,1,(1),(1),1,, -1,2,0,1,50,11,3,3,44,44047,2,1,1,2,177 Boulevard de la LibÃ©ration,47.213888,-1.698825,6,2,2
202100043862,123Â 265,B01,1,1,2,5,8,0,-1,-1, -1,-1,2021,10.0,1,1,6,2,8,19,0,,4,CHENES VERTS (RUE DES),0,,2,2,0,1,0,0,1,, -1,1,0,1,50,15,4,1,84,84087,2,3,0,1,CHENES VERTS (RUE DES),44.12018,4.82701,17,2,2
202100045246,120Â 847,A01,1,1,1,9,2,0,-1,0,0,-1,2021,19.0,2,1,0,2,2,1,1,,4,RUE JEAN PIERRE TIMBAUD,0,,1,1,0,2,(1),(1),1,, -1,1,0,1,50,2,4,5,75,75111,2,2,0,3,RUE JEAN PIERRE TIMBAUD,48.867655,2.377284,21,2,2
202100039053,131Â 826,B01,1,1,1,0,1,0,-1,-1, -1,-1,2021,34.0,3,2,0,2,1,9,1,,3,"""STALINGRAD (AVENUE), NR 88 A 114 BIS""",0,,2,2,1,1,0,1,1,, -1,1,0,1,50,20,5,1,93,93066,2,7,0,3,88/114 Avenue de Stalingrad,48.947258,2.373564,16,2,2
202100018116,169Â 234,A01,1,1,2,0,1,-1,-1,-1, -1,-1,2021,25.0,2,2,0,2,8,2,1,,4,JEAN JAURES                         (AV),0,,2,2,0,1,(1),(1),1,, -1,1,0,1,30,18,9,1,69,69149,2,9,0,6,JEAN JAURES (AV),45.71383,4.81947,15,1,1
202100019247,167Â 225,B01,2,2,2,1,1,-1,-1,0,0,-1,2021,52.0,1,2,0,2,1,1,1,,3,98,-1,,2,2,0,3,31,800,1,, -1,1,0,1,80,13,9,1,83,83019,1,1,0,1,Col du Gratteloup (Col de montagne),43.17141,6.331714,8,4,2
202100013327,177Â 925,A01,1,1,1,5,2,8,-1,-1, -1,-1,2021,30.0,3,1,0,2,0,26,1,,4,ROME (R DE),0,,2,2,0,1,0,0,1,, -1,1,0,1,50,13,10,5,94,94002,2,2,0,7,EUROPE (PL DE L),48.7889,2.4289,20,1,1
202100045684,120Â 082,B01,1,1,1,0,1,-1,-1,0,0,-1,2021,54.0,2,2,0,2,1,1,1,,3,338,0,D,2,2,0,1,82,390,2,, -1,1,0,1,90,2,4,1,72,72284,1,1,0,6,D338,48.29229,0.09921,13,4,4
202100052384,108Â 077,B01,1,1,2,0,1,0,-1,-1, -1,-1,2021,51.0,2,2,0,2,3,1,1,,2,11 - RT,0,,3,2,0,3,(1),(1),1,, -1,1,0,1,90,5,2,1,202,202120,1,1,0,4,11 - RT,42.64824,9.44023,12,3,3
202100054835,103Â 785,A01,1,1,1,5,1,5,-1,-1, -1,-1,2021,48.0,2,2,0,2,1,14,2,,3,RD302   7.480 A 8.200,0,,1,2,0,1,7,500,1,, -1,2,0,1,90,15,1,3,38,38557,1,1,0,2,RD302   7.480 A 8.200,45.76691,5.06917,23,4,2
202100037552,134Â 538,A01,10,3,2,5,0,-1,-1,3,3,1,2021,21.0,2,2,0,1,1,1,1,,4,JEAN MERMOZ,0,,2,2,0,1,(1),(1),1,, -1,1,0,1,50,29,5,1,64,64445,2,1,0,6,JEAN MERMOZ,43.3226,-0.37957,15,2,1
202100050890,110Â 713,A01,10,3,1,2,0,-1,-1,3,5,2,2021,12.0,0,5,0,1,1,1,1,,4,EUROPE (AVENUE DE L'),0,,3,4,3,1,(1),(1),1,, -1,1,0,1,50,19,2,1,51,51454,2,3,0,7,Avenue de lâEurope,49.2505871418,4.0651796384,15,2,1
202100044476,122Â 193,B01,1,1,1,9,2,6,-1,0,0,-1,2021,72.0,3,1,0,2,4,2,1,,4,ALLEE DE LA REINE MARGUERITE,0,,2,4,0,1,(1),(1),1,, -1,1,0,1,50,8,4,1,75,75116,2,2,0,2,ALLEE DE LA REINE MARGUERITE,48.854832,2.242396,16,3,2
202100055708,102Â 286,B01,1,1,1,5,0,-1,-1,0,0,-1,2021,62.0,1,1,0,2,8,15,5,,3,2,-1,,2,2,0,1,24,200,1,, -1,1,0,1,80,9,1,1,29,29174,1,1,0,3,D2 - Coat-Hellen (Restaurant),47.8778176242,-4.2468126814,15,2,2
202100049857,112Â 617,A01,1,1,2,1,1,8,-1,-1, -1,-1,2021,27.0,1,2,1,0,1,0,1,,3,ROUTE DEPARTEMENTALE 3,0,,1,2,0,1,0,750,1,, -1,1,5,1,70,27,2,1,972,97213,1,1,0,4,ROUTE DEPARTEMENTALE 3,14.59924,-60.99773,17,4,3
202100006228,190Â 671,B01,1,1,1,0,2,6,-1,-1, -1,-1,2021,50.0,3,1,0,2,1,17,1,,4,ARVE (QUAI D'),0,,2,2,0,1,0,1,1,, -1,1,0,1,50,24,11,1,74,74012,2,3,0,3,ARVE (QUAI D'),46.18485,6.22783,10,2,2
202100035181,138Â 824,A01,1,1,1,5,1,0,-1,-1, -1,-1,2021,30.0,1,2,11,0,1,13,1,,1,Tunnel Prado CarÃ©nage,0,,1,1,0,2,2,960,3,, -1,1,1,1,50,11,6,5,13,13210,1,1,0,7,Tunnel Prado CarÃ©nage,43.28147,5.394819,1,1,1
202100023429,159Â 742,B01,1,1,2,1,8,-1,-1,-1, -1,-1,2021,35.0,1,1,0,2,1,1,3,,4,MORBIHAN (DU),0,,2,2,0,1,(1),(1),1,, -1,1,5,1,50,18,8,1,35,35238,2,6,0,3,MORBIHAN (DU),48.132715,-1.672822,13,2,2
202100030116,147Â 946,B01,1,1,1,5,1,-1,-1,0,0,-1,2021,36.0,0,2,0,0,4,1,1,,3,44,-1,,2,2,0,1,24,0,1,, -1,1,0,1,80,9,7,1,60,60282,1,1,0,2,,49.208612,2.452483,17,3,2
202100023765,159Â 138,A01,1,1,1,1,1,-1,-1,0,0,-1,2021,19.0,1,2,17,0,1,1,1,,3,20,-1,,2,2,0,2,(1),(1),1,, -1,1,0,3,80,17,8,1,87,87201,1,1,0,6,D20,45.829215,1.165124,10,1,1
202100045186,120Â 969,A01,1,1,1,5,1,-1,-1,0,0,-1,2021,24.0,2,2,3,0,2,14,1,,1,11,0,A,3,2,0,1,296,492,1,, -1,1,0,2,130,4,4,1,49,49321,1,1,0,6,A11 pk 296+492,47.427173,-0.930727,19,1,1
202100010163,183Â 535,A01,1,1,1,5,2,6,-1,-1, -1,-1,2021,60.0,1,1,0,0,1,9,1,,4,PORTE DE BAGNOLET,0,,1,4,0,1,30,200,1,, -1,2,0,1,70,29,10,5,75,75120,2,4,1,7,PORTE DE BAGNOLET,48.861712,2.413697,22,1,1
202100028480,150Â 806,A01,1,1,1,0,1,0,-1,-1, -1,-1,2021,56.0,3,2,0,2,1,1,1,,7,CROIX ROUGE (AVENUE),0,,2,1,0,1,1,0,1,, -1,1,0,1,50,17,7,1,13,13213,2,1,0,1,CROIX ROUGE (AVENUE),43.33174,5.43398,19,2,1
202100041079,128Â 182,A01,3,2,1,5,1,0,-1,-1, -1,-1,2021,22.0,2,2,6,0,0,1,1,,7,CANAL. RUE DU (CD 51),0,,2,2,0,1,17,950,2,, -1,2,0,1,50,6,5,1,76,76157,2,1,1,6,CANAL. RUE DU (CD 51),49.4554,1.0443,13,4,1
202100005692,191Â 625,A01,1,1,2,0,0,-1,-1,0,0,-1,2021,52.0,1,1,0,2,2,15,5,,3,994,0,,2,2,0,1,48,450,1,, -1,1,5,1,90,30,11,1,5,5087,1,3,0,2,D994,44.551778,5.864591,12,2,2
202100021456,163Â 293,A01,2,2,1,4,1,0,-1,-1, -1,-1,2021,48.0,3,2,6,2,7,1,1,,4,BERANGER (BOULEVARD),0,,3,4,3,1,(1),(1),1,, -1,1,5,1,50,31,8,1,37,37261,2,2,0,3,BERANGER (BOULEVARD),47.3900263648,0.6864394908,19,3,2
202100035220,138Â 745,A01,1,1,1,5,1,-1,-1,-1, -1,-1,2021,22.0,1,2,8,0,3,14,1,,4,CHOULANS (DE)                       (CH),0,,3,4,0,2,(1),(1),2,, -1,1,0,4,50,9,6,5,69,69385,2,1,0,7,CHOULANS (DE) (MO),45.7544706211,4.8182195892,23,3,1
202100022135,162Â 067,A01,1,1,1,9,8,-1,-1,0,0,-1,2021,20.0,1,2,2,0,2,13,1,,3,43,-1,,2,2,0,4,9,800,1,, -1,1,0,3,80,28,8,2,57,57071,1,1,0,6,60 Grand Rue,48.80407,7.016903,7,1,1
202100056449,101Â 001,B01,1,1,2,5,2,6,-1,0,0,-1,2021,53.0,1,1,0,2,8,15,1,,2,3,-1,,2,2,0,1,24,800,1,, -1,1,0,1,90,2,1,1,972,97218,1,9,0,3,Nationale 3,14.754009,-61.10777,10,2,2
202100036074,137Â 201,A01,1,1,1,0,2,6,-1,-1, -1,-1,2021,29.0,1,1,0,2,1,18,1,,4,PRADO (AVENUE DU),0,,2,6,3,1,0,0,1,, -1,1,6,1,50,6,6,5,13,13208,2,1,0,2,PRADO (AVENUE DU),43.2710978694,5.3891165408,22,4,3
202100027156,153Â 175,B01,1,1,1,5,2,6,-1,0,0,-1,2021,34.0,1,1,0,2,2,2,1,,3,81,-1,,2,2,0,1,4,712,1,, -1,1,0,1,80,24,7,1,66,66212,1,1,0,2,D81,42.752051,3.02145,11,2,2
202100049084,114Â 022,B01,1,1,1,0,0,0,-1,-1, -1,-1,2021,78.0,3,1,0,2,1,1,5,,7,BEAUREPAIRE (BOULEVARD),0,,2,2,1,1,(1),(1),1,, -1,1,0,5,50,5,3,1,59,59512,2,3,0,3,KELLERMANN (RUE),50.6909355977,3.2004439831,14,2,2
202100031791,144Â 933,B01,1,1,1,0,1,-1,-1,0,0,-1,2021,81.0,1,2,9,0,8,15,1,,2,205,0,,2,2,0,1,1,300,1,, -1,1,0,1,80,30,6,1,202,202148,1,1,0,3,Route territoriale 205 - Hors agglomÃ©ration,42.542279,9.442534,10,2,2
202100005415,192Â 115,A01,1,1,1,1,8,-1,-1,0,0,-1,2021,21.0,1,2,9,0,2,1,1,,3,8,0,D,2,2,0,1,12,500,1,, -1,7,0,3,80,29,11,2,67,67099,1,1,1,7,Route dÃ©partementale 8,48.948294,7.140212,6,1,1
202100046729,118Â 246,B01,1,1,1,1,2,6,-1,-1, -1,-1,2021,45.0,3,1,0,2,1,19,1,,4,FULCHIRON                           (QU),0,,1,2,1,1,(1),(1),1,, -1,1,0,1,50,24,3,1,69,69385,2,2,0,3,FULCHIRON (Q),45.7516662059,4.8216889501,16,2,2
202100021819,162Â 623,A01,1,1,2,5,1,5,-1,-1, -1,-1,2021,46.0,1,2,9,0,9,0,1,,3,LENINE (AVENUE) NR 28 A 62 ET 13 A 41,0,,2,2,0,2,0,100,1,, -1,1,0,1,50,29,8,5,93,93066,2,1,0,6,Avenue LÃ©nine,48.946066,2.358964,5,2,1
202100056364,101Â 152,D01,9,2,2,5,1,-1,-1,0,0,-1,2021,13.0,1,2,3,2,2,1,1,,1,63,0,A,3,3,0,1,115,200,2,, -1,7,0,1,110,3,1,3,40,40075,1,1,1,4,Autoroute A63 PK 115+200 sens BORDEAUX/BAYONNE,43.880924,-1.13113,18,11,5
202100026930,153Â 576,A01,1,1,2,0,1,0,-1,-1, -1,-1,2021,19.0,1,2,4,2,3,1,1,,2,104,0,,3,2,0,2,40,799,2,, -1,2,0,1,50,27,7,1,91,91521,1,1,1,3,RN 104,48.63607,2.4021,17,2,2
202100039816,130Â 408,B01,1,1,1,9,8,8,-1,-1, -1,-1,2021,18.0,2,1,0,2,3,19,0,,4,LORRAINE (BOULEVARD DE),0,,1,2,0,1,1,0,1,, -1,1,0,1,50,23,4,1,57,57606,2,1,0,3,LORRAINE (BOULEVARD DE),49.1074055,6.7099288,14,2,2
202100055228,103Â 101,B01,1,1,1,0,8,0,-1,-1, -1,-1,2021,44.0,2,1,0,2,4,1,1,,3,JULES GUESDE (AVENUE) COTE DU NÂ°2 AU NÂ°1,0,,2,2,0,1,0,1,1,, -1,2,0,1,50,13,1,1,93,93072,2,1,1,2,JULES GUESDE (AVENUE) COTE DU NÂ°2 AU NÂ°1,48.9612141016,2.3816125989,13,2,2
202100005009,192Â 829,A01,10,3,1,0,0,-1,-1,6,3,1,2021,66.0,2,2,0,1,1,1,1,,1,A86 EXT,0,,1,3,0,1,60,599,1,, -1,1,0,1,90,2,12,3,78,78640,1,1,0,6,A86 EXT,48.778586,2.205785,18,3,1
202100016114,172Â 841,A01,1,1,1,5,8,0,-1,-1, -1,-1,2021,56.0,0,1,0,0,0,26,3,,4,TILLEULS (RUE DES),0,,2,2,0,1,(1),(1),1,, -1,1,0,1,50,12,8,5,78,78688,2,1,0,7,TILLEULS (RUE DES),48.76046,2.04368,23,1,1
202100042769,125Â 200,A01,1,1,1,5,2,6,9,0,0,-1,2021,26.0,3,1,0,2,8,13,1,,4,,-1,,2,2,0,2,(1),(1),3,, -1,1,0,1,-1,24,4,1,69,69043,1,1,0,3,Vieille Route,45.717784,4.773656,15,3,2
202100003000,196Â 412,A01,1,1,2,5,1,-1,-1,0,0,-1,2021,79.0,2,2,0,2,2,9,2,,3,253,0,,2,2,0,1,7,95,1,, -1,1,0,1,50,16,12,1,15,15140,2,2,0,5,D52,44.949933,2.405432,9,5,3
202100049568,113Â 155,A01,1,1,1,5,2,-1,-1,0,0,-1,2021,22.0,3,1,0,2,1,2,1,,3,102,0,E,2,2,0,1,3,0,2,, -1,1,0,1,80,27,2,1,49,49035,1,1,0,5,D102e,47.445366,-0.619301,18,3,3
202100052849,107Â 251,C01,1,1,1,0,2,0,-1,-1, -1,-1,2021,48.0,1,1,0,2,1,2,1,,1,A12 Y,0,,1,3,0,1,0,649,3,, -1,2,0,1,90,2,2,2,78,78043,1,1,1,5,A12 Y,48.842068,2.095735,7,3,3
202100044455,122Â 229,B01,1,1,1,1,2,6,-1,-1, -1,-1,2021,30.0,1,1,0,2,7,23,1,,4,BOLLEE (AV) NÂ° PAIRS 154 A 222,0,,2,1,0,2,0,0,1,, -1,2,9,1,30,10,4,5,72,72181,2,1,1,2,BOLLEE (AV) NÂ° PAIRS 154 A 222,47.9977,0.2156,21,2,2
202100013679,177Â 250,B01,1,1,1,0,1,0,-1,0,0,-1,2021,31.0,2,2,0,2,4,1,1,,2,plaine de lachaup,0,,2,2,0,1,35,1,1,, -1,1,0,1,70,11,10,1,5,5061,2,1,0,4,plaine de lachaup,44.509754,6.045914,12,3,3
202100043749,123Â 485,B01,1,1,1,0,2,-1,-1,0,0,-1,2021,21.0,0,1,0,2,1,1,3,,4,JEAN CATELAS (RUE),0,,2,3,0,1,(1),(1),1,, -1,1,0,1,50,15,4,1,80,80021,2,1,0,2,JEAN CATELAS (RUE),49.89615,2.28949,11,2,2
202100017969,169Â 505,A01,1,1,2,1,1,8,-1,-1, -1,-1,2021,24.0,1,2,6,0,7,2,1,,1,A86,0,,3,6,0,1,75,300,3,, -1,1,1,1,50,20,9,1,92,92063,1,1,0,6,A86,48.8854052429,2.1653848886,8,1,1
202100053991,105Â 243,A01,3,2,2,1,8,-1,-1,0,0,-1,2021,17.0,2,2,2,0,7,0,1,,3,49,-1,,2,2,0,1,12,430,2,, -1,2,0,3,80,24,1,3,31,31135,1,1,1,6,D49,43.231126,1.100639,3,5,1
202100036173,137Â 033,A01,1,1,1,0,2,-1,-1,0,0,-1,2021,44.0,0,1,0,2,1,2,1,,3,613,-1,D,2,2,0,4,50,400,1,, -1,1,0,1,90,7,6,1,34,34213,1,1,0,2,Chemin des Moulieres,43.467949,3.672395,18,2,2
202100005149,192Â 569,A01,10,3,1,9,0,-1,-1,1,1,1,2021,54.0,2,2,0,1,2,1,1,,3,415,0,,2,3,0,1,25,900,1,, -1,1,0,1,80,3,12,1,68,68155,1,1,0,6,RD415,48.105124,7.301145,11,2,1
202100023176,160Â 190,B01,1,1,2,5,2,-1,-1,0,0,-1,2021,62.0,2,1,0,2,3,15,5,,3,19,0,,2,1,0,2,30,500,1,,"3,5",1,0,1,50,21,8,1,70,70421,2,3,0,3,17 Rue Gilberte Lavaire,47.689161,6.042443,15,2,2
202100018459,168Â 636,B01,1,1,1,5,0,-1,-1,0,0,-1,2021,14.0,2,1,0,0,4,2,5,,3,347,0,,2,2,0,1,16,635,1,, -1,1,0,1,90,18,9,3,86,86277,1,3,0,2,D347,46.773084,0.190802,1,2,2
202100000338,201Â 117,B01,1,1,1,1,2,6,-1,-1,0,-1,2021,48.0,1,1,0,2,7,1,1,,3,PARIS (RUE DE),0,,3,4,0,2,1,0,1,, -1,1,0,1,50,29,12,5,95,95680,2,1,0,3,PARIS (RUE DE),49.0081617344,2.3832768202,19,2,2
202100031717,145Â 065,A01,1,1,1,4,2,0,-1,-1, -1,-1,2021,19.0,2,1,0,0,7,1,1,,4,VOULDY (CHAUSSEE DU),0,,2,2,0,1,(1),(1),1,, -1,2,9,1,50,28,6,5,10,10387,2,1,1,7,VOULDY (CHAUSSEE DU),48.29197,4.08661,22,1,1
202100033900,141Â 164,A01,1,1,1,5,2,0,-1,-1, -1,-1,2021,26.0,1,1,0,2,1,16,1,,3,VICTOR HUGO (AVE)  NÂ° 122 =>,0,,2,2,0,1,0,1,1,, -1,2,8,1,30,17,6,3,93,93001,2,1,1,1,VICTOR HUGO (AVE)  NÂ° 122 =>,48.9132915123,2.3803335427,21,2,2
202100009062,185Â 506,A01,10,3,1,0,0,-1,-1,1,3,1,2021,14.0,1,1,0,1,7,1,1,,2,RN4 - SECTION RIVIERA,0,,2,3,0,1,(1),(1),1,, -1,1,0,1,50,6,11,2,971,97113,2,1,0,6,RN4 - SECTION RIVIERA,16.2177308443,-61.491959095,18,2,1
202100004583,193Â 582,B01,1,1,2,5,1,-1,-1,0,0,-1,2021,24.0,0,2,0,2,1,0,1,,3,1090,0,D,2,2,0,1,13,830,1,, -1,2,0,1,80,5,12,3,73,73162,1,1,1,1,D1090,45.610255,6.287999,20,3,2
202100011534,181Â 101,A01,10,3,2,0,0,-1,-1,5,B,1,2021,45.0,1,2,0,2,4,25,1,,4,BELLECOUR                           (PL),0,,-1,0,0,1,(1),(1),1,, -1,1,0,4,30,21,10,5,69,69382,2,1,0,6,BELLECOUR (PL),45.7567032583,4.8319811565,20,2,1
202100006933,189Â 374,B01,1,1,1,5,2,-1,-1,0,0,-1,2021,15.0,2,1,0,2,3,1,1,,3,RD 840,0,,2,2,0,1,38,510,1,, -1,1,0,1,90,19,11,5,12,12089,1,1,0,3,RD 840,44.56178,2.25265,17,2,2
202100044236,122Â 594,A01,10,3,2,0,0,-1,-1,2,9,1,2021,37.0,1,2,0,1,2,1,1,,4,m'tsapere-Pont (ruelle du ),0,,2,0,0,1,0,0,1,, -1,1,0,1,50,16,2,2,976,97611,2,1,0,6,m'tsapere-Pont (ruelle du ),-12.78935,45.22061,18,2,1
202100031577,145Â 310,B01,1,1,2,5,1,0,-1,-1, -1,-1,2021,50.0,2,2,0,2,1,0,1,,3,PELISSOUX (ROUTE DES),0,,2,2,0,1,60,950,1,, -1,1,0,1,80,30,6,1,24,24145,1,2,0,3,PELISSOUX (ROUTE DES),44.86522,0.55306,13,2,2
202100025164,156Â 675,A01,1,1,1,5,1,-1,-1,0,0,-1,2021,29.0,2,2,13,0,2,14,1,,3,923,0,,2,2,0,2,50,300,2,, -1,1,0,3,80,8,8,3,18,18117,1,1,0,7,RD 923,47.407528,2.67354,2,1,1
202100028762,150Â 312,B01,1,1,1,5,0,-1,-1,0,0,-1,2021,82.0,1,1,0,0,1,16,0,,3,449,0,D,2,2,0,1,7,485,1,, -1,1,5,8,50,17,7,1,91,91330,2,6,0,1,D449,48.527057,2.293046,12,2,2
202100043558,123Â 807,A01,1,1,1,9,2,6,-1,0,0,-1,2021,25.0,3,1,0,0,0,1,1,,4,RUE DE LA LEGION ETRANGERE,0,,1,2,0,1,(1),(1),1,, -1,1,0,1,50,18,4,5,75,75114,2,2,0,7,RUE DE LA LEGION ETRANGERE,48.820189,2.324031,1,1,1
202100000411,200Â 970,C01,10,3,1,-1,-1,-1,-1,2,3,1,2021,67.0,1,3,0,1,0,1,3,,3,,0,,2,-1,-1,1,8,900,1,, -1,1,4,1,-1,19,7,1,86,86213,2,8,0,6,Rue de la Liberation,46.418686,0.041007,17,2,1
202100038601,132Â 640,A01,2,2,2,5,2,8,-1,-1, -1,-1,2021,36.0,1,1,0,2,1,1,1,,4,ARAGO (FRANCOIS),0,,2,2,0,1,(1),(1),1,, -1,2,9,1,50,22,5,5,973,97302,2,2,1,3,ARAGO (FRANCOIS),4.9387860494,-52.3317374289,19,3,2
202100048250,115Â 504,B01,1,1,1,2,2,8,-1,-1, -1,-1,2021,16.0,1,1,0,2,1,1,1,,4,HENRI FAISANS,0,,2,2,0,1,0,0,1,, -1,2,0,1,30,12,3,1,64,64445,2,2,1,3,HENRI FAISANS,43.299013,-0.363074,13,2,2
202100021507,163Â 195,B01,1,1,1,5,2,-1,-1,0,0,-1,2021,72.0,1,1,0,2,4,1,5,,3,712,-1,,2,2,0,2,(1),(1),1,, -1,1,0,1,80,27,8,1,22,22182,1,1,0,2,La Ville Richard,48.542921,-2.960966,16,2,2
202100038665,132Â 523,A01,1,1,1,5,2,6,-1,-1, -1,-1,2021,25.0,1,1,0,0,7,1,1,,4,,0,,2,2,0,1,0,0,1,, -1,1,0,1,30,23,5,1,92,92060,2,6,0,7,GALILEE (AVENUE),48.7767827005,2.2457613051,12,1,1
202100011227,181Â 663,A01,1,1,2,5,1,0,-1,-1, -1,-1,2021,45.0,0,2,6,0,1,10,1,,4,,0,,2,2,0,1,1,0,1,, -1,1,0,4,50,24,10,1,11,11069,2,3,0,6,Allee de lâOrme,43.1995,2.39442,18,3,1
202100053185,106Â 666,B01,1,1,1,1,1,0,-1,-1, -1,-1,2021,26.0,3,2,0,2,2,1,1,,4,BIGONNET (RUE),0,,2,2,1,1,(1),(1),1,, -1,2,0,1,50,28,1,2,71,71270,2,3,1,3,BIGONNET (RUE),46.30225,4.8259,17,2,2
202100025902,155Â 390,B01,1,1,1,5,2,4,-1,0,0,-1,2021,73.0,1,0,0,2,8,15,5,,3,49,0,,2,2,0,1,14,300,1,, -1,2,0,1,80,3,8,1,71,71422,1,2,1,3,intersection RD 49 / RD18,46.695915,4.761404,9,2,2
202100022681,161Â 072,B01,1,1,1,5,1,-1,-1,-1,0,-1,2021,46.0,2,5,3,2,6,1,1,,1,AUTOROUTE A15,0,,3,6,0,1,11,300,1,, -1,1,0,1,90,25,8,1,95,95252,1,1,0,3,A15,48.97983,2.22672,13,2,2