Num_Acc,id_vehicule,num_veh,place,catu,sexe,trajet,secu1,secu2,secu3,locp,actp,etatp,year_acc,victim_age,senc,catv,obs,obsm,choc,manv,motor,occutc,catr,voie,v1,v2,circ,nbv,vosp,prof,pr,pr1,plan,lartpc,larrout,surf,infra,situ,vma,jour,mois,lum,dep,com,agg_,int,atm,col,adr,lat,long,hour,nb_victim,nb_vehicules
202100037742,134Â 206,A01,1,1,2,0,8,0,-1,-1, -1,-1,2021,32.0,2,1,0,2,1,19,3,,4,CHARLEMAGNE                         (CO),0,,2,2,1,3,(1),(1),1,, -1,1,0,1,50,28,5,1,69,69382,2,3,0,3,CHARLEMAGNE (CR),45.74146,4.81967,13,3,2
202100006023,191Â 030,A01,10,3,2,3,0,-1,-1,3,3,1,2021,77.0,2,2,0,1,2,1,1,,3,938,0,D,2,2,0,1,4,900,1,, -1,1,0,1,50,27,11,5,84,84137,2,1,0,6,Avenue des Choralies,44.241737,5.082679,17,2,1
202100008486,186Â 566,A01,1,1,2,0,1,-1,-1,0, -1,-1,2021,52.0,1,2,0,2,1,1,1,,4,MENDES FRANCE  PIERRE AVENUE,0,,2,2,0,2,(1),(1),1,, -1,1,0,1,50,10,11,1,29,29232,2,1,0,2,Avenue Pierre Mendes-France,47.9773741973,-4.1241261364,16,2,2
202100032411,143Â 838,B01,1,1,1,9,1,-1,-1,0,0,-1,2021,35.0,1,2,0,2,1,1,1,,3,606,0,R,2,2,0,1,92,920,1,, -1,1,0,1,80,25,6,1,89,89077,1,3,0,3,,47.751822,3.605565,17,3,2
202100019351,167Â 041,A01,1,1,1,5,2,0,-1,-1, -1,-1,2021,25.0,2,1,0,2,1,2,1,,4,MENDES FRANCE (AVENUE),0,,1,2,0,1,0,0,1,, -1,1,0,1,50,12,9,1,13,13208,2,1,0,2,MENDES FRANCE (AVENUE),43.25241,5.37593,19,2,2
202100047492,116Â 872,A01,1,1,1,0,2,0,-1,0,0,-1,2021,30.0,2,1,0,2,6,15,1,,7,BERGOUGNAN (AVENUE RAYMOND),0,,2,2,0,2,(1),(1),1,, -1,1,0,1,50,17,3,1,63,63113,2,2,0,3,BERGOUGNAN (AVENUE RAYMOND),45.78544,3.06464,19,2,2
202100041419,127Â 567,A01,1,1,2,1,1,0,-1,-1, -1,-1,2021,37.0,1,2,0,2,2,1,1,,4,COTTAGE RUE DU,0,,2,2,0,2,1,0,1,, -1,2,0,1,50,4,5,1,93,93015,2,2,0,3,COTTAGE RUE DU,48.91,2.56,8,2,2
202100031147,146Â 060,B01,4,2,1,5,1,5,-1,-1, -1,-1,2021,21.0,2,2,0,2,3,1,1,,4,CARNOT (BOULEVARD),0,,2,2,0,1,(1),(1),1,, -1,1,0,1,50,27,6,5,21,21231,2,2,0,3,24 Boulevard Carnot,47.3190387353,5.0479161462,3,6,2
202100034267,140Â 488,A01,2,2,1,5,1,0,-1,-1, -1,-1,2021,19.0,0,2,13,0,9,9,1,,3,RD 956,0,,3,4,0,1,(1),(1),3,, -1,2,0,1,90,4,6,3,41,41212,2,6,0,7,PATTE D'OIE (rond point),47.56168,1.3732,2,2,1
202100017530,170Â 286,A01,2,2,1,4,1,-1,-1,0,0,-1,2021,38.0,2,5,0,2,2,17,1,,1,31,0,,3,4,0,1,49,0,1,, -1,1,0,1,130,23,9,2,21,21016,1,1,0,2,A31,47.3596561204,5.1625979139,7,3,2
202100034628,139Â 817,A01,1,1,1,0,2,8,-1,-1, -1,-1,2021,26.0,0,1,0,2,3,3,1,,3,Route Nationale 3,0,,3,4,0,1,0,0,1,, -1,1,0,1,110,13,6,1,93,93074,1,1,0,5,Route Nationale 3,48.93328,2.59141,12,3,3
202100015072,174Â 765,A01,1,1,1,0,1,-1,-1,-1, -1,-1,2021,21.0,3,2,0,2,1,1,1,,4,CRS BALGUERIE STUTTENBERG,0,,1,1,0,1,(1),(1),1,, -1,1,0,1,50,28,9,1,33,33063,2,2,0,3,CRS BALGUERIE STUTTENBERG,44.86327,-0.55984,9,2,2
202100048127,115Â 718,B01,1,1,1,1,2,6,-1,-1, -1,-1,2021,60.0,2,1,0,2,7,16,1,,3,D 1555(SORTIE VILLAGE VERS DRAGUIGNAN),0,,1,4,0,2,5,400,3,, -1,1,0,1,50,11,3,1,83,83141,2,6,0,3,D 1555(SORTIE VILLAGE VERS DRAGUIGNAN),43.50044,6.48517,7,2,2
202100016839,171Â 521,A01,10,3,1,0,0,-1,-1,3,3,1,2021,74.0,1,2,1,1,1,16,1,,4,BROSSET (AVENUE 1ERE DIVISION),0,,2,2,0,1,0,0,1,, -1,1,0,1,50,24,9,1,83,83069,2,1,0,6,BROSSET (AVENUE 1ERE DIVISION),43.121043143,6.1381201469,9,2,1
202100020508,164Â 977,A01,1,1,2,0,1,0,-1,-1, -1,-1,2021,23.0,1,2,0,2,1,26,1,,3,SOULT (AVENUE MARECHAL),0,,3,4,0,2,8,806,1,, -1,1,0,1,50,6,9,1,64,64102,2,1,0,4,SOULT (AVENUE MARECHAL),43.48368,-1.50025,12,4,3
202100020922,164Â 258,A01,1,1,1,5,2,-1,-1,0,0,-1,2021,61.0,2,1,0,0,0,1,1,,3,216,-1,,2,2,0,1,4,400,1,, -1,1,0,3,80,4,9,3,29,29150,1,1,0,7,Route de Brigneau,47.787931,-3.66967,22,1,1
202100011212,181Â 691,A01,10,3,2,5,0,-1,-1,1,1,2,2021,19.0,1,2,0,1,2,1,1,,3,RN 21,0,,2,2,0,2,2,700,2,, -1,1,0,1,50,23,10,1,47,47215,1,1,0,6,RD 821,44.35901,0.7057,13,2,1
202100038967,131Â 986,A01,1,1,1,4,2,6,-1,0,0,-1,2021,36.0,1,1,0,2,2,20,1,,4,RUE DE CANDIE,0,,1,1,0,1,(1),(1),1,, -1,1,0,1,30,21,5,1,75,75111,2,2,0,3,RUE DE CANDIE,48.851527,2.378783,17,2,2
202100008360,186Â 787,A01,10,3,2,2,0,-1,-1,4,3,1,2021,17.0,1,5,0,1,2,1,1,,4,RUE ARMAND CARREL,0,,2,2,0,2,(1),(1),1,, -1,1,0,1,30,12,11,1,75,75119,2,2,0,6,RUE ARMAND CARREL,48.882608,2.380313,13,2,1
202100054888,103Â 698,A01,10,3,2,0,0,-1,-1,4,3,1,2021,19.0,2,2,0,1,3,15,1,,4,LECLERCQ (RUE DU GENERAL),0,,2,2,0,1,(1),(1),1,, -1,5,0,1,50,14,1,5,59,59599,2,1,1,6,LECLERCQ (RUE DU GENERAL),50.723221,3.160237,17,2,1
202100010073,183Â 692,B01,1,1,1,5,1,-1,-1,0,0,-1,2021,33.0,2,2,0,0,4,15,1,,3,52,0,,2,2,0,1,22,800,1,, -1,1,0,1,80,31,10,1,68,68041,1,9,0,2,ROUTE DÃPARTEMENTALE 52,47.884733,7.553895,11,3,2
202100046627,118Â 422,A01,10,3,1,0,0,-1,-1,4,3,1,2021,11.0,1,2,0,1,2,1,1,,4,CARLONE (BD),0,,2,1,0,2,(1),(1),1,, -1,1,0,1,50,25,3,1,6,6088,2,1,0,7,CARLONE (BD),43.693826,7.238989,17,2,1
202100047934,116Â 056,B01,4,2,2,0,1,0,-1,-1, -1,-1,2021,11.0,2,2,0,2,6,1,1,,3,FLEURET (ROND-POINT DU) N 347,0,,1,2,0,1,25,830,2,, -1,1,5,1,90,14,3,1,49,49328,1,6,0,2,FLEURET (ROND-POINT DU) N 347,47.28607,-0.049024,11,4,2
202100025567,155Â 971,B01,1,1,1,0,1,0,-1,-1, -1,-1,2021,45.0,1,2,0,2,0,0,0,,1,AUTOROUTE A86,0,,3,8,0,1,12,699,1,, -1,1,0,1,90,4,8,1,93,93066,1,1,0,3,AUTOROUTE A86,48.92418,2.34153,18,2,2
202100013788,177Â 059,A01,1,1,1,1,2,6,-1,-1, -1,-1,2021,26.0,2,1,0,2,1,18,1,,7,BUS (RD301)  2.800 A 4.470,0,,3,4,0,1,3,299,1,, -1,1,0,1,90,12,10,2,69,69259,1,1,0,2,URBAIN SUD (BD),45.68565,4.87687,7,2,2
202100031388,145Â 646,B01,1,1,1,1,0,-1,-1,0,0,-1,2021,52.0,1,1,0,2,4,2,5,,7,8,-1,C,2,2,0,1,2,775,1,, -1,1,0,1,50,30,6,1,13,13041,2,1,0,2,D8c,43.449492,5.449825,7,2,2
202100005729,191Â 560,A01,1,1,2,1,1,5,-1,-1, -1,-1,2021,55.0,1,2,4,2,8,1,1,,1,AUTOROUTE A3,0,,3,10,0,1,6,800,1,, -1,1,0,1,90,29,11,1,93,93053,1,1,0,5,AUTOROUTE A3,48.89441,2.47184,13,3,3
202100014740,175Â 361,B01,1,1,2,0,1,0,-1,-1, -1,-1,2021,34.0,2,2,0,2,4,2,1,,1,A86,0,,3,2,0,1,2,599,1,, -1,1,0,1,110,6,10,1,92,92025,1,1,0,2,A86,48.9199371784,2.2244346596,12,2,2
202100016847,171Â 506,A01,1,1,2,1,2,6,-1,-1, -1,-1,2021,26.0,0,1,0,2,1,17,1,,4,MARITIME. BOULEVARD,0,,2,2,0,1,0,0,1,, -1,1,0,1,50,23,9,1,76,76319,2,3,0,6,Boulevard Maritime,49.36589,1.00019,16,2,2
202100030146,147Â 886,A01,1,1,1,5,8,0,-1,-1, -1,-1,2021,8.0,3,1,0,2,1,19,5,,4,POLITZER(AVENUE),0,,-1,1,0,1,0,0,1,, -1,1,0,1,50,7,7,1,974,97407,2,9,0,3,POLITZER(AVENUE),-20.9454,55.2929,10,2,2
202100010161,183Â 537,A01,10,3,2,3,0,-1,-1,3,1,1,2021,62.0,1,2,0,1,1,26,1,,4,GOBY (RUE PAUL),0,,1,1,0,2,(1),(1),1,, -1,2,9,1,30,30,10,1,6,6069,2,9,1,6,GOBY (RUE PAUL),43.66029,6.92387,13,2,1
202100006256,190Â 615,A01,1,1,1,5,2,-1,-1,-1, -1,-1,2021,23.0,3,1,14,0,1,25,1,,4,QUAI DES CHARTRONS,0,,-1,1,0,1,(1),(1),1,, -1,2,6,4,5,25,11,5,33,33063,2,1,1,6,QUAI DES CHARTRONS,44.85366,-0.5654,2,2,1
202100051623,109Â 418,A01,10,3,2,3,0,-1,-1,9,B,1,2021,55.0,3,2,1,1,8,20,1,,6,,-1,,-1,-1,0,1,(1),(1),1,, -1,1,9,8,-1,13,2,1,17,17197,2,9,0,6,Avenue du 57e regiment d'infanterie,45.437163,-0.452569,14,2,1
202100053688,105Â 769,C01,1,1,1,3,1,4,-1,-1, -1,-1,2021,21.0,2,2,0,2,2,1,1,,7,351,0,,3,2,0,1,1,549,1,, -1,1,0,1,90,21,1,3,67,67482,1,1,0,4,M351,48.58831,7.70635,17,3,3
202100030266,147Â 664,A01,1,1,1,5,2,6,-1,0,0,-1,2021,47.0,1,1,0,2,1,1,1,,3,9,-1,,3,2,0,1,5,500,1,, -1,1,5,1,80,7,7,1,30,30141,1,4,0,6,intersection D9 - Rue de boulogne,44.10063,4.64918,17,1,1
202100036480,136Â 495,B01,1,1,2,9,2,0,-1,-1, -1,-1,2021,29.0,1,1,0,2,3,1,1,,3,JEAN JAURES (R),0,,2,7,2,1,0,0,1,, -1,1,0,1,50,2,6,1,94,94017,2,1,0,3,JEAN JAURES (R),48.81379,2.51022,15,2,2
202100017619,170Â 126,A01,10,3,2,0,8,8,-1,5,2,1,2021,66.0,1,2,1,2,2,17,1,,7,PICOT (AVE DU COLONEL),0,,2,2,0,2,2,860,1,, -1,1,0,1,50,7,9,5,83,83137,2,1,0,3,PICOT (AVE DU COLONEL),43.1292696038,5.9681320636,21,3,2
202100024002,158Â 737,B01,1,1,1,0,2,6,-1,-1, -1,-1,2021,50.0,1,1,0,2,8,0,1,,4,BEAUFORT (ANCIENNE ROUTE DE),0,,2,2,0,2,(1),(1),1,, -1,1,0,1,-1,13,8,1,73,73011,1,1,0,3,BEAUFORT (ANCIENNE ROUTE DE),45.6852,6.4044,15,2,2
202100022025,162Â 259,B01,1,1,1,5,2,-1,-1,0,0,-1,2021,59.0,1,1,0,2,4,1,5,,7,09,-1,D,2,2,2,1,(1),(1),3,, -1,1,0,1,50,26,8,1,44,44026,2,6,1,2,Rue du Clouet,47.308292,-1.480519,12,2,2
202100016861,171Â 481,A01,10,3,1,0,0,-1,-1,3,3,1,2021,75.0,2,2,0,1,3,16,1,,4,REPUBLIQUE (DE)                     (R ),0,,2,2,0,1,(1),(1),1,, -1,1,0,8,50,23,9,2,69,69282,2,6,0,6,REPUBLIQUE (DE LA) (R),45.76842,4.99117,19,2,1
202100025170,156Â 664,A01,1,1,1,4,8,-1,-1,0,0,-1,2021,48.0,1,3,15,0,1,14,1,1.0,3,98,-1,,2,2,0,1,33,850,1,, -1,1,0,3,80,8,8,1,83,83019,1,1,0,6,D98,43.182477,6.349175,8,1,1
202100021883,162Â 518,A01,1,1,1,1,2,6,-1,0,0,-1,2021,15.0,2,1,12,0,8,11,1,,3,561,0,,2,2,0,1,7,1,1,, -1,1,5,3,30,31,8,1,83,83104,2,1,0,6,Avenue du RÃ©al des Andrieux,43.607874,5.763853,8,1,1
202100047294,117Â 227,B01,2,2,2,5,1,-1,-1,0,0,-1,2021,26.0,3,2,0,2,8,1,1,,4,,-1,,2,2,0,1,(1),(1),1,, -1,1,5,1,80,21,3,1,85,85073,1,2,0,3,SAINTE GERMAINE,46.487948,-1.177104,11,4,2
202100025278,156Â 470,A01,1,1,1,0,1,0,-1,0,0,-1,2021,35.0,2,2,6,0,1,1,1,,4,HAASBERGEN (RUE),0,,2,2,0,1,(1),(1),1,, -1,1,0,1,30,7,8,5,54,54526,2,1,0,6,HAASBERGEN (RUE),48.6887755626,6.2134747131,1,1,1
202100042201,126Â 188,A01,1,1,1,0,1,5,-1,-1, -1,-1,2021,21.0,2,2,9,0,1,26,1,,3,,0,,1,2,0,1,(1),(1),4,, -1,2,0,3,50,28,4,5,11,11069,2,9,1,6,BARBES BD ET PROMENADE-PAIRS-,43.21043,2.35234,0,1,1
202100052862,107Â 227,A01,10,3,1,2,0,-1,-1,1,B,1,2021,17.0,2,2,0,1,1,1,1,,4,BRIAND (RUE ARISTIDE),0,,2,2,0,1,(1),(1),1,, -1,2,0,1,50,1,2,2,87,87085,2,1,1,6,BRIAND (RUE ARISTIDE),45.8547,1.28814,8,2,1
202100036543,136Â 395,A01,1,1,1,5,2,6,-1,0,0,-1,2021,45.0,1,1,0,2,1,2,1,,3,18,0,,2,2,0,1,5,200,1,, -1,1,2,1,50,4,6,1,71,71420,1,1,0,2,D18 - PK 5+200,46.668258,4.950113,9,2,2
202100054401,104Â 521,A01,10,3,2,3,0,-1,-1,2,3,1,2021,88.0,1,2,0,1,1,1,1,,3,549,-1,,-1,2,0,1,(1),(1),1,, -1,1,0,1,30,21,1,1,59,59466,2,3,0,6,Rue Nationale,50.52077,3.114195,9,2,1
202100007026,189Â 198,B01,1,1,2,5,1,5,-1,0,0,-1,2021,48.0,0,2,0,2,4,1,1,,4,RESISTANCE (RUE DE LA),0,,1,2,0,1,(1),(1),1,, -1,1,0,1,50,20,11,1,27,27229,2,1,0,2,RESISTANCE (RUE DE LA),49.01961,1.15438,15,2,2
202100029508,149Â 051,A01,1,1,1,5,1,-1,-1,0,0,-1,2021,33.0,2,2,1,0,1,1,1,,3,27,-1,,2,2,0,2,(1),(1),4,, -1,1,0,4,50,10,7,5,18,18186,2,1,0,6,7 rue La Fontaine,47.098577,2.173893,22,1,1
202100000013,201Â 739,B01,1,1,1,5,2,-1,-1,0,0,-1,2021,17.0,1,1,0,0,4,2,1,,2,2,0,,3,4,3,1,10,50,1,, -1,1,0,1,110,18,12,3,974,97418,1,1,0,2,RN2 - PK 10,-20.93108,55.537219,1,3,2
202100012170,179Â 967,B01,1,1,1,5,8,0,-1,-1, -1,-1,2021,24.0,2,2,0,2,1,0,1,,3,FrÃ©dÃ©ric JALTON,0,,3,2,0,1,(1),(1),1,, -1,1,0,8,50,2,10,5,971,97101,2,2,0,3,FrÃ©dÃ©ric JALTON,16.2743,-61.5041,0,3,2
202100032584,143Â 530,A01,1,1,1,5,2,6,-1,0,0,-1,2021,25.0,1,1,0,2,0,15,1,,4,,0,,2,2,0,1,(1),(1),1,,5,1,0,1,50,25,6,1,30,30341,2,1,0,3,Chemin d Aubord,43.709393,4.283595,17,2,2
202100027294,152Â 940,A01,1,1,1,5,0,-1,-1,0,0,-1,2021,59.0,2,2,0,2,3,13,1,,3,201,0,D,2,2,0,1,2,0,1,, -1,1,0,1,80,24,7,3,11,11429,1,1,0,1,D201,43.251619,2.389344,23,2,2
202100009047,185Â 533,A01,4,2,1,0,1,4,-1,-1, -1,-1,2021,5.0,1,2,1,2,1,2,1,,1,6,0,,3,3,0,1,19,399,1,, -1,1,0,1,70,7,11,1,91,91434,1,1,0,4,AUTOROUTE A6,48.66565,2.36281,13,5,3
202100032674,143Â 362,A01,1,1,1,4,1,-1,-1,0,0,-1,2021,43.0,2,2,0,2,1,9,1,,3,BENODET ROUTE DE,0,,3,4,0,1,9,50,1,, -1,1,3,1,70,22,6,1,29,29232,2,1,0,3,Route de Benodet,47.9341525524,-4.0692114828,18,2,2
202100017632,170Â 102,B01,1,1,1,3,8,0,-1,0,0,-1,2021,31.0,3,1,0,0,7,19,5,,3,RD 201_ACCES 201 PAR BD S.ALLENDE,0,,1,1,0,2,2,200,3,, -1,1,5,1,50,21,9,1,60,60175,2,6,0,6,RD 201_ACCES 201 PAR BD S.ALLENDE,49.246379,2.470789,19,2,2
202100006117,190Â 870,A01,1,1,1,1,1,0,-1,-1, -1,-1,2021,39.0,2,5,0,0,9,26,1,,3,CHAMPLAIN (CUVETTE DE),0,,3,4,0,4,1,0,1,, -1,1,0,1,70,24,11,3,94,94060,1,1,0,7,Champlain,48.786698,2.562985,5,1,1
202100044412,122Â 297,A01,2,2,2,5,1,-1,-1,0,0,-1,2021,21.0,1,2,13,2,7,13,1,,7,231,0,,2,2,0,2,9,605,2,, -1,1,0,1,80,11,4,1,35,35059,1,1,0,1,Les Quatre Vents,48.169924,-1.749224,17,5,2
202100024388,158Â 089,B01,1,1,2,5,1,-1,-1,0,0,-1,2021,64.0,3,2,0,2,1,1,1,,4,0,0,,2,2,0,2,0,0,2,, -1,2,0,1,80,12,8,1,38,38240,1,1,1,1,Route des Brosses,45.392521,4.996397,18,2,2
202100021583,163Â 053,A01,1,1,1,0,8,0,-1,-1, -1,-1,2021,61.0,1,4,0,0,8,0,1,,3,DIDIER (ROUTE DE),0,,2,2,0,1,0,0,4,, -1,1,0,1,50,31,8,3,972,97209,2,1,0,7,DIDIER (ROUTE DE),14.63291,-61.08054,18,1,1
202100054131,104Â 991,A01,1,1,2,5,1,-1,-1,0,0,-1,2021,71.0,2,2,0,2,1,1,1,,3,22A,-1,A,2,2,0,1,5,820,1,, -1,2,0,1,80,21,1,1,1,1325,1,2,1,3,RD 22A,45.938907,5.180258,9,2,2
202100002934,196Â 526,A01,1,1,2,5,2,0,-1,0,0,-1,2021,21.0,2,1,0,2,1,21,1,,4,BRIAND (AVENUE ARISTIDE),0,,1,1,2,1,(1),(1),1,, -1,1,0,5,30,14,12,5,35,35238,2,1,0,2,BRIAND (AVENUE ARISTIDE),48.1102441874,-1.6673630476,19,2,2
202100037485,134Â 666,A01,1,1,2,5,2,-1,-1,0,0,-1,2021,76.0,2,0,0,0,0,1,3,,3,22,-1,,2,2,0,2,16,0,3,, -1,1,0,1,80,29,5,1,42,42224,1,1,0,7,Route du Chateau du Bois,45.3438834187,4.4435725585,16,1,1
202100029230,149Â 510,A01,2,2,2,5,1,-1,-1,0,0,-1,2021,66.0,2,2,4,0,9,17,1,,1,7,0,A,3,3,0,2,35,1,3,, -1,2,0,8,130,14,7,1,26,26002,1,1,1,6,Autoroute du Soleil,45.230626,4.850271,15,2,1
202100022518,161Â 379,A01,1,1,1,5,2,6,-1,0,0,-1,2021,72.0,2,1,0,2,1,1,1,,3,786,0,,2,2,0,2,70,0,4,, -1,1,0,1,80,26,8,1,22,22226,1,3,0,3,Lan Vrudec,48.685075,-3.561169,18,2,2
202100032063,144Â 436,A01,1,1,1,5,2,0,-1,-1, -1,-1,2021,40.0,1,1,0,2,1,2,1,,1,AUTOROUTE A86,0,,3,6,0,1,21,500,1,, -1,1,1,1,70,27,6,1,93,93008,1,1,0,2,AUTOROUTE A86,48.91037,2.44323,10,2,2
202100024099,158Â 585,A01,10,3,1,5,0,-1,-1,6,A,1,2021,42.0,1,2,0,1,2,14,1,,1,A46S   43.680 A 47.880,0,,3,4,0,1,43,900,1,, -1,1,0,2,90,14,8,1,69,69283,1,1,0,6,A46S 43.680 A 47.880,45.677821,4.9581,15,4,2
202100037508,134Â 623,B01,1,1,1,1,2,6,-1,0,0,-1,2021,49.0,2,1,0,2,2,1,1,,3,19.1,-1,,3,2,0,1,(1),(1),1,, -1,1,0,1,50,31,5,1,68,68375,2,1,0,3,124 Rue de Mulhouse,47.79662,7.240854,8,2,2
202100042062,126Â 442,A01,1,1,1,1,8,0,-1,0,0,-1,2021,40.0,2,0,0,0,0,1,3,,4,RUE DE RICHELIEU,0,,1,2,3,1,(1),(1),1,, -1,1,0,1,50,28,4,1,75,75102,2,2,0,7,RUE DE RICHELIEU,48.87054,2.339371,11,1,1
202100053819,105Â 550,B01,3,2,2,0,1,4,-1,-1, -1,-1,2021,3.0,1,2,4,0,4,2,1,,1,AUTOROUTE A86,0,,3,4,0,2,51,849,1,, -1,2,1,1,70,25,1,1,94,94034,1,1,0,2,AUTOROUTE A86,48.7611033533,2.3175930738,8,3,2
202100044701,121Â 810,A01,6,2,1,0,1,0,-1,-1, -1,-1,2021,38.0,3,5,0,2,3,9,1,,7,D.5,0,,2,2,0,1,48,400,1,, -1,1,0,1,80,8,4,1,13,13047,1,6,0,3,D.5,43.59939,4.93595,15,4,2
202100033055,142Â 657,Z01,10,3,2,5,0,-1,-1,4,3,1,2021,20.0,3,2,0,1,1,1,1,,4,QUAI DU MARECHAL LYAUTEY,0,,3,4,3,1,(1),(1),1,, -1,1,0,1,50,22,6,5,33,33063,2,1,0,6,Quai du MarÃ©chal Lyautey,44.8422143976,-0.5698091714,0,2,1
202100020066,165Â 757,A01,2,2,1,0,8,-1,-1,-1, -1,-1,2021,30.0,2,2,2,0,1,14,1,,4,ROSES (DES)                         (BD),0,,2,2,0,1,(1),(1),1,, -1,1,0,3,50,8,9,5,69,69290,2,1,0,6,ROSES (DES) (BD),45.68633,4.94055,0,2,1
202100006209,190Â 711,B01,1,1,2,1,1,8,-1,-1, -1,-1,2021,48.0,2,2,0,2,3,1,1,,4,SAINT ANTOINE (CHEMIN),0,,2,2,0,1,(1),(1),1,, -1,1,5,1,50,24,11,1,973,97302,2,3,0,3,SAINT ANTOINE (CHEMIN),4.932133359,-52.2971678227,13,2,2
202100025156,156Â 688,A01,1,1,1,0,2,0,-1,-1, -1,-1,2021,27.0,3,1,1,2,1,1,1,,3,39,0,,-1,2,0,1,1,0,2,, -1,1,0,1,50,6,8,3,92,92073,2,3,0,3,JAURES (AVENUE JEAN),48.8646782815,2.2068934143,22,2,2
202100027674,152Â 252,B01,1,1,2,1,1,0,-1,-1, -1,-1,2021,36.0,1,2,6,2,2,1,1,,1,A86 INT,0,,3,5,0,1,32,99,3,, -1,1,1,1,90,22,7,1,94,94052,1,1,0,5,A86 INT,48.83505,2.4936,9,3,3
202100009178,185Â 310,A01,1,1,1,1,2,6,-1,0,0,-1,2021,34.0,1,1,0,6,1,1,1,,3,316,-1,D,2,2,0,1,4,53,1,, -1,1,0,1,80,7,11,3,27,27489,1,1,0,6,D316,49.069536,1.215405,20,1,1
202100012308,179Â 733,A01,1,1,2,5,1,-1,-1,0,0,-1,2021,43.0,2,2,2,0,3,13,1,,3,35,0,,2,2,0,1,25,995,1,, -1,1,0,1,80,11,10,1,31,31033,1,1,0,6,D35,43.361639,1.476181,10,1,1
202100040466,129Â 275,A01,2,2,1,9,2,0,-1,0,0,-1,2021,14.0,0,1,1,0,7,14,1,,4,JEAN JACQUES ROUSSEAU (RUE),0,,-1,2,0,1,(1),(1),1,, -1,1,0,1,50,8,5,1,71,71306,2,1,0,6,JEAN JACQUES ROUSSEAU (RUE),46.66771,4.37828,14,2,1
202100035154,138Â 874,A01,1,1,1,0,0,-1,-1,0,0,-1,2021,66.0,1,1,0,2,1,13,5,,2,5,0,,2,2,0,1,(1),(1),1,, -1,1,0,1,50,11,6,5,971,97116,2,3,0,1,"Route nationale 5, BosrÃ©don",16.310327,-61.487651,20,2,2
202100012392,179Â 559,A01,1,1,1,5,2,-1,-1,-1,0,-1,2021,16.0,3,1,9,0,1,25,1,,4,AV DIVISION LECLERC,0,,1,1,0,1,(1),(1),1,, -1,1,0,4,30,18,10,1,95,95268,2,9,0,7,AV DIVISION LECLERC,48.96707,2.40317,12,1,1
202100012659,179Â 089,B01,3,2,1,0,1,0,-1,0,0,-1,2021,6.0,0,2,0,2,1,1,1,,3,RD313,0,,2,2,0,2,55,0,4,, -1,1,0,1,80,17,10,1,27,27375,1,1,0,1,RD313,49.23394,1.13393,15,6,2
202100012304,179Â 740,A01,1,1,1,5,2,-1,-1,0,0,-1,2021,57.0,2,1,0,2,2,15,1,,3,74,-1,,2,2,0,1,1,1046,1,, -1,1,0,1,80,17,10,1,44,44169,1,3,0,3,route dÃ©partementale 74,47.260286,-1.381145,13,2,2
202100012234,179Â 854,C01,1,1,1,5,1,0,-1,-1, -1,-1,2021,62.0,1,2,0,2,1,1,1,,4,EDOUARD VAILLANT (RUE),0,,2,2,0,2,(1),(1),1,, -1,1,0,1,50,18,10,1,10,10387,2,1,0,6,EDOUARD VAILLANT (RUE),48.2798705417,4.0774512291,17,3,2
202100041648,127Â 161,B01,1,1,1,0,2,0,-1,-1, -1,-1,2021,37.0,2,1,0,2,8,2,1,,3,920,0,,1,2,0,1,0,0,1,, -1,1,0,1,50,28,4,1,92,92014,2,3,0,3,GENERAL LECLERC (AV.) (57 A 135 - 50 A 1,48.7792984726,2.315261364,13,2,2
202100037385,134Â 843,B01,1,1,2,4,1,8,-1,-1, -1,-1,2021,30.0,1,5,0,2,4,1,1,,1,TVPCD-Sens Les Ports vers Saint Victor,0,,3,2,0,2,1,179,2,, -1,1,1,1,50,27,5,1,13,13202,1,1,0,4,TVPCD-Sens Les Ports vers Saint Victor,43.30351,5.36468,16,3,3
202100011459,181Â 237,A01,1,1,1,5,2,6,-1,0,0,-1,2021,31.0,2,1,13,0,1,0,1,,3,654,-1,,2,2,0,1,67,0,3,, -1,1,0,3,80,23,10,3,32,32444,1,1,0,6,D654,43.686293,0.999026,21,1,1
202100011498,181Â 171,A01,1,1,1,5,2,6,-1,0,0,-1,2021,34.0,2,1,0,2,1,2,1,,3,1,0,,2,2,0,1,100,900,1,,"5,5",1,0,1,80,24,10,1,86,86220,1,1,0,2,D1,46.098987,0.268693,14,3,2
202100003552,195Â 396,A01,1,1,1,0,1,-1,-1,-1, -1,-1,2021,41.0,3,2,0,2,3,1,1,,4,MARCEL SEMBAT                       (R ),0,,2,2,0,1,(1),(1),1,, -1,1,2,1,50,9,12,1,69,69199,1,1,0,1,MARCEL SEMBAT (R),45.71165,4.84292,16,2,2
202100000937,200Â 075,A01,1,1,1,5,1,-1,-1,0,0,-1,2021,44.0,1,2,2,0,7,1,1,,3,6139,-1,,3,4,0,1,4,800,1,, -1,1,0,3,90,30,12,3,11,11266,1,1,0,6,"D6139 , PK 4+800",43.0260550741,3.0104684827,21,2,1
202100001869,198Â 456,A01,1,1,1,5,1,0,-1,0,0,-1,2021,25.0,1,2,0,2,9,17,1,,7,AGINCOURT  (ROUTE RD 913),0,,2,3,0,2,(1),(1),1,, -1,1,0,1,80,20,12,3,54,54184,1,1,0,5,AGINCOURT  (ROUTE RD 83,48.7175244792,6.2409510612,17,5,5