Num_Acc,id_vehicule,num_veh,place,catu,sexe,trajet,secu1,secu2,secu3,locp,actp,etatp,year_acc,victim_age,senc,catv,obs,obsm,choc,manv,motor,occutc,catr,voie,v1,v2,circ,nbv,vosp,prof,pr,pr1,plan,lartpc,larrout,surf,infra,situ,vma,jour,mois,lum,dep,com,agg_,int,atm,col,adr,lat,long,hour,nb_victim,nb_vehicules
202100007115,189Â 048,A01,1,1,2,5,1,0,-1,-1, -1,-1,2021,22.0,1,2,3,0,9,1,0,,1,A5b,0,,3,4,0,1,4,350,1,, -1,1,0,1,110,20,11,1,77,77384,1,1,0,7,A5b,48.61557,2.631457,14,1,1
202100019875,166Â 114,A01,1,1,1,5,8,-1,-1,-1, -1,-1,2021,21.0,1,1,0,2,3,1,5,,4,RUE JUDAIQUE,0,,1,1,1,1,(1),(1),1,, -1,2,0,1,50,8,9,1,33,33063,2,3,1,3,Rue Judaique,44.84135,-0.58507,11,2,2
202100034607,139Â 854,A01,1,1,2,5,2,6,-1,0,0,-1,2021,16.0,3,1,0,2,0,1,1,,4,RUE DE PONTHIEU,0,,1,1,0,1,(1),(1),1,, -1,1,9,1,30,13,6,5,75,75108,2,2,0,3,RUE DE PONTHIEU,48.870926,2.30883,0,2,2
202100010571,182Â 833,B01,1,1,1,1,2,6,-1,0,0,-1,2021,30.0,1,1,0,2,7,1,1,,4,QUAI VOLTAIRE,0,,2,4,0,1,(1),(1),1,, -1,1,0,1,30,28,10,1,75,75107,2,3,0,3,QUAI VOLTAIRE,48.858436,2.332785,8,2,2
202100019378,166Â 993,B01,1,1,2,5,2,0,-1,-1, -1,-1,2021,18.0,2,1,0,2,8,16,1,,3,DANIELLE CASANOVA (AV),0,,2,2,0,1,0,0,1,, -1,1,0,1,50,12,9,1,94,94041,2,3,0,3,DANIELLE CASANOVA (AV),48.81425,2.38444,11,2,2
202100032973,142Â 818,B01,1,1,1,5,2,-1,-1,0,0,-1,2021,24.0,3,1,0,2,1,17,1,,4,,-1,,2,2,0,2,(1),(1),1,, -1,2,0,1,30,21,6,1,69,69235,2,3,1,3,THERMES (DES) (R),45.528898,4.867544,19,4,2
202100034085,140Â 836,B01,1,1,2,0,1,-1,-1,0,0,-1,2021,57.0,0,2,0,2,5,9,1,,4,VARSIE  ( RUE DE ),0,,2,2,0,1,0,1,1,, -1,1,0,1,50,15,6,1,5,5061,2,3,0,6,VARSIE  ( RUE DE ),44.57062,6.07942,18,2,2
202100014409,175Â 943,A01,1,1,1,9,2,0,-1,0,0,-1,2021,50.0,2,1,0,2,1,17,1,,4,AVENUE DU MAINE,0,,3,2,0,1,(1),(1),1,, -1,1,0,1,30,7,10,5,75,75114,2,3,0,3,AVENUE DU MAINE,48.840121,2.321801,22,2,2
202100003226,196Â 005,A01,1,1,1,5,1,-1,-1,-1,0,-1,2021,28.0,1,2,3,0,1,13,1,,2,RN 184,0,,3,4,0,1,8,500,1,, -1,1,0,1,110,13,12,3,95,95394,1,1,0,6,RN 184,49.0531608871,2.1747779846,4,1,1
202100054686,104Â 036,B01,1,1,1,4,2,0,-1,0,0,-1,2021,35.0,1,1,0,2,8,1,1,,4,BOULEVARD SAINT MICHEL,0,,2,3,1,1,(1),(1),1,, -1,1,0,1,50,17,1,5,75,75106,2,1,0,3,BOULEVARD SAINT MICHEL,48.845607,2.339892,18,3,2
202100025573,155Â 963,B01,2,2,1,5,1,0,-1,-1, -1,-1,2021,88.0,1,2,8,2,3,1,1,,3,JEAN MOULIN (AVENUE),0,,2,2,0,1,0,394,3,, -1,1,0,1,50,4,4,1,82,82033,2,1,0,1,JEAN MOULIN (AVENUE),44.0396238105,1.1137227229,17,3,2
202100000394,200Â 999,B01,1,1,2,5,1,0,-1,-1, -1,-1,2021,28.0,3,2,0,2,4,1,1,,2,11 - RT,0,,3,4,0,1,1,0,1,, -1,1,0,1,90,5,12,3,202,202037,1,1,0,4,11 - RT,42.614131,9.43789,4,6,5
202100038739,132Â 378,B01,1,1,1,9,1,0,-1,-1, -1,-1,2021,49.0,2,2,0,2,4,1,1,,3,RTE DE FONTAINEBLEAU,0,,3,4,0,1,0,0,1,, -1,2,5,1,50,22,5,1,91,91027,2,1,0,2,RTE DE FONTAINEBLEAU,48.71313,2.37109,14,3,2
202100006089,190Â 919,A01,1,1,1,0,2,6,-1,-1, -1,-1,2021,35.0,1,1,0,0,0,1,1,,4,FranÃ§ois MITTERAND,0,,2,2,0,1,2,0,2,, -1,1,0,1,50,10,1,5,94,94041,2,1,0,7,FranÃ§ois MITTERAND,48.824,2.3875,21,1,1
202100010645,182Â 711,C01,1,1,1,1,2,6,9,0,0,-1,2021,59.0,1,1,0,2,1,1,1,,3,87,0,D,2,1,0,2,17,628,1,,3,1,0,1,80,26,10,1,81,81038,1,2,0,5,rd 87,43.894452,1.89313,14,3,3
202100044561,122Â 065,B01,1,1,2,1,1,0,-1,0,0,-1,2021,21.0,1,2,0,2,1,1,1,,7,BENNETT (RUE GORDON),0,,3,4,0,1,(1),(1),1,, -1,1,5,1,50,9,4,2,63,63113,2,2,0,3,Durant/Lavoisier,45.78605,3.07968,6,3,2
202100056290,101Â 279,B01,1,1,1,2,8,0,-1,-1, -1,-1,2021,18.0,2,1,0,2,1,1,5,,3,JULES AUFFRET (1/49 ET 2/54),0,,2,2,0,2,0,1,1,, -1,1,0,1,50,4,1,2,93,93055,2,3,0,3,JULES AUFFRET (1/49 ET 2/54),48.8874996701,2.4103069848,8,2,2
202100012668,179Â 072,A01,1,1,1,1,2,6,-1,0,0,-1,2021,23.0,2,1,0,2,3,15,1,,4,BOULEVARD SAINT GERMAIN,0,,1,3,0,1,(1),(1),1,, -1,1,0,1,30,16,10,1,75,75105,2,2,0,3,BOULEVARD SAINT GERMAIN,48.849438,2.354409,8,2,2
202100004166,194Â 305,A01,1,1,2,3,1,-1,-1,0,0,-1,2021,80.0,1,2,0,0,9,1,1,,3,151,0,D,2,2,0,1,36,950,1,, -1,2,0,3,80,9,12,1,60,60549,1,1,0,7,D151,49.594829,2.11298,11,1,1
202100014781,175Â 287,A01,3,2,1,0,1,-1,-1,-1, -1,-1,2021,25.0,2,2,0,2,1,15,1,,4,GEORGES DIMITROV                    (AV),0,,2,2,0,1,(1),(1),1,, -1,2,0,1,50,5,10,1,69,69256,2,2,0,3,GEORGES DIMITROV (AV),45.7784,4.9292,18,5,2
202100024249,158Â 322,A01,10,3,1,5,0,-1,-1,2,3,1,2021,35.0,0,2,0,1,1,1,1,,4,HENRI. RUE,0,,2,2,0,1,0,0,1,, -1,1,0,1,50,13,8,1,76,76231,2,1,0,6,Rue Henry,49.29093,1.007301,19,2,1
202100018961,167Â 747,A01,1,1,2,5,1,-1,-1,-1, -1,-1,2021,77.0,3,2,0,2,1,1,1,,4,AVE DE KAOLACK,0,,2,4,0,1,(1),(1),1,, -1,1,0,1,50,14,9,1,33,33281,2,6,0,4,Avenue de Kaolack,44.81795,-0.66579,9,4,3
202100054892,103Â 691,A01,10,3,2,0,0,-1,-1,2,3,1,2021,22.0,1,2,0,1,1,16,1,,7,,0,,2,3,2,1,(1),(1),1,, -1,5,-1,1,30,15,1,1,54,54395,2,2,1,6,FUSILLES (PONT DES),48.6847980707,6.1797074365,16,2,1
202100019226,167Â 263,B01,1,1,1,4,1,8,-1,-1, -1,-1,2021,19.0,2,2,0,2,3,15,1,,4,,0,,2,4,0,3,48,935,1,, -1,1,4,1,50,12,9,5,92,92078,2,2,0,3,ALFRED SISLEY (QUAI),48.9356179622,2.3359430195,22,2,2
202100055863,102Â 029,A01,10,3,1,5,0,-1,-1,6,1,1,2021,67.0,0,2,0,1,2,0,1,,4,,-1,,2,2,0,3,(1),(1),2,, -1,1,0,3,50,9,1,2,74,74010,2,1,0,6,R des Machurettes,45.960779,6.098013,17,3,1
202100029433,149Â 167,A01,1,1,1,9,2,6,-1,-1, -1,-1,2021,26.0,1,1,0,0,1,19,1,,4,GUITON   AVENUE JEAN (167-341),0,,2,2,0,1,(1),(1),1,, -1,1,0,1,50,11,7,5,17,17300,2,1,0,7,GUITON   AVENUE JEAN,46.160349,-1.169802,23,2,1
202100013692,177Â 227,A01,10,3,2,9,0,-1,-1,4,3,1,2021,49.0,2,1,0,1,1,1,5,,4,RUE DU FAUBOURG SAINT MARTIN,0,,2,4,1,2,(1),(1),1,, -1,1,-1,5,30,12,10,1,75,75110,2,1,0,6,RUE DU FAUBOURG SAINT MARTIN,48.876823,2.361007,8,2,1
202100001861,198Â 469,A01,10,3,1,0,8,8,-1,9,0,1,2021,43.0,1,3,0,1,2,26,3,,7,REPUBLIQUE AV DE LA (NÂ°834-920),0,,3,6,1,1,(1),(1),1,, -1,1,4,6,50,11,12,5,59,59378,2,8,0,6,REPUBLIQUE AV DE LA (NÂ°834-920),50.6603106105,3.0941428457,0,2,1
202100026010,155Â 187,A01,1,1,1,9,8,0,-1,0,0,-1,2021,66.0,0,1,15,0,1,1,5,,4,PLACE DU CARROUSEL,0,,-1,0,0,1,(1),(1),1,, -1,1,6,4,1,1,8,1,75,75101,2,1,0,7,PLACE DU CARROUSEL,48.861019,2.334023,17,1,1
202100000832,200Â 242,A01,10,3,1,0,8,8,-1,4,3,1,2021,12.0,3,1,0,1,1,17,1,,4,AV MAZARIN,0,,1,2,0,1,0,0,1,, -1,1,6,8,50,15,12,5,91,91161,2,1,0,6,AV MAZARIN,48.70616,2.31354,17,2,1
202100049833,112Â 670,A01,1,1,1,3,2,-1,-1,0,0,-1,2021,46.0,3,1,0,2,1,1,1,,4,,-1,,2,2,0,1,(1),(1),1,, -1,1,0,1,50,20,2,1,33,33051,2,2,0,3,Rue des Fonderies,44.636922,-0.960306,17,2,2
202100054251,104Â 784,B01,1,1,1,1,2,8,-1,0,0,-1,2021,55.0,1,1,0,1,1,0,1,,4,ANATOLE FRANCE (AV),0,,2,2,0,1,0,0,1,, -1,2,0,1,50,21,1,1,94,94078,2,3,1,6,ANATOLE FRANCE (AV),48.74837,2.45355,16,2,1
202100023415,159Â 767,A01,1,1,1,0,8,0,-1,-1, -1,-1,2021,17.0,2,1,0,2,1,19,5,,3,ESCARGUEL (COURS LAZARE),0,,3,4,0,1,0,0,1,, -1,1,0,1,50,18,8,1,66,66136,2,1,0,3,ESCARGUEL (COURS LAZARE),42.69996,2.88653,18,2,2
202100041143,128Â 064,B01,1,1,1,1,2,6,-1,0,0,-1,2021,48.0,1,1,0,2,4,2,1,,4,PLACE D ITALIE,0,,1,3,0,1,(1),(1),2,, -1,2,0,1,50,6,5,1,75,75113,2,7,1,2,PLACE D ITALIE,48.831887,2.355829,12,2,2
202100040023,130Â 057,A01,10,3,1,2,8,8,-1,1,3,1,2021,8.0,2,2,0,1,0,1,1,,3,vahibe-Departementale 3 ( route ),0,,2,2,0,1,0,0,3,, -1,1,0,1,50,13,5,1,976,97611,1,1,0,6,vahibe-Departementale 3 ( route ),-12.79077,45.18016,8,2,1
202100041802,126Â 888,B01,1,1,1,5,1,0,-1,0,0,-1,2021,44.0,1,2,0,2,4,1,1,,4,CAEN (RUE DE),0,,2,2,0,1,1,0,1,, -1,1,0,1,50,1,5,1,14,14341,2,1,0,6,Rue de Caen,49.158232,-0.346284,12,2,2
202100037688,134Â 295,A01,1,1,1,0,0,-1,-1,0,0,-1,2021,19.0,1,1,15,0,1,26,1,,4,0,0, -,2,2,1,1,(1),(1),1,, -1,1,0,3,50,29,5,5,68,68278,2,1,0,6,15 Avenue Charles Zumstein,47.7650848066,7.390191257,22,1,1
202100044017,122Â 997,B01,1,1,1,1,2,8,-1,-1, -1,-1,2021,21.0,0,1,0,2,1,1,1,,4,BARCELONE QUAI DE,0,,2,2,0,1,(1),(1),1,, -1,1,0,1,50,9,4,2,66,66136,2,1,0,1,BARCELONE QUAI DE,42.69735,2.88998,20,2,2
202100008163,187Â 129,B01,1,1,1,0,1,-1,-1,0,0,-1,2021,25.0,1,2,0,2,1,1,1,,3,555,-1,,2,2,0,2,2,65,3,, -1,2,0,1,80,15,11,1,83,83004,1,1,1,5,Route Departementale 555,43.485559,6.484938,11,3,3
202100026171,154Â 916,B01,1,1,1,5,2,6,9,0,0,-1,2021,27.0,1,1,0,2,9,15,1,,4,,0,,2,2,0,2,(1),(1),3,,4,1,0,1,80,1,8,1,57,57479,1,1,0,1,Rue de la Chapelle,49.409218,6.390948,18,2,2
202100043734,123Â 515,A01,2,2,1,5,2,8,-1,-1, -1,-1,2021,32.0,2,1,11,2,7,17,1,,4,MOUFIA (ROUTE DE),0,,2,2,0,1,0,0,1,, -1,1,0,1,50,15,4,5,974,97411,2,1,0,3,Route de Moufia,-20.89963,55.49189,22,3,2
202100003209,196Â 035,A01,10,3,1,2,0,-1,-1,1,3,1,2021,16.0,1,5,0,1,2,1,1,,3,306,0,D,2,2,0,2,29,0,1,, -1,2,0,1,50,15,12,3,69,69009,2,9,1,6,VILLEFRANCHE (DE) (RTE),45.945307,4.714412,7,2,1
202100020711,164Â 609,A01,1,1,1,4,2,6,-1,0,0,-1,2021,44.0,2,1,0,2,1,2,1,,4,BOULEVARD SAINT MICHEL,0,,2,3,0,1,(1),(1),1,, -1,2,0,1,30,5,9,5,75,75106,2,2,1,2,BOULEVARD SAINT MICHEL,48.843949,2.338969,2,2,2
202100001844,198Â 503,B01,1,1,1,5,1,0,-1,-1, -1,-1,2021,49.0,2,2,0,2,6,24,1,,6,BENEDICTINS (RAMPE DES),0,,-1,-1,0,1,0,0,1,, -1,1,0,6,30,19,12,5,87,87085,2,1,0,6,BENEDICTINS (RAMPE DES),45.8359,1.26726,20,2,2
202100017739,169Â 916,B01,1,1,1,4,2,6,-1,0,0,-1,2021,45.0,1,1,0,2,2,1,1,,7,986,0,D,3,4,1,1,53,900,1,, -1,1,9,1,70,22,9,1,34,34337,1,6,0,2,RD 986,43.540429,3.897271,16,3,2
202100012814,178Â 816,A01,1,1,1,9,8,-1,-1,-1,0,-1,2021,24.0,1,2,2,0,1,14,1,,3,EUROPE (ROUTE DE L'),0,,2,2,1,1,1,250,1,, -1,1,0,3,80,16,10,3,95,95277,1,1,0,6,EUROPE (ROUTE DE L'),48.986851,2.478541,3,1,1
202100041300,127Â 786,B01,1,1,1,5,2,6,-1,0,0,-1,2021,17.0,1,1,0,2,8,15,1,,3,AIGOUAL (AVENUE DE L'),0,,2,2,0,1,2,320,1,, -1,1,5,1,50,5,5,1,12,12145,2,4,0,3,AIGOUAL (AVENUE DE L'),44.10062,3.10445,18,2,2
202100049057,114Â 069,A01,1,1,2,0,2,6,-1,-1, -1,-1,2021,41.0,1,1,0,2,7,2,1,,2,11 - RT,0,,1,2,0,1,(1),(1),1,, -1,1,0,1,70,5,3,1,202,202120,2,1,0,3,11 - RT,42.6559,9.44136,16,2,2
202100029224,149Â 524,A01,10,3,1,5,0,-1,-1,2,1,1,2021,62.0,1,2,0,1,2,2,1,,3,102,-1,,2,2,0,1,(1),(1),2,, -1,1,0,1,-1,5,7,1,971,97128,2,1,0,6,Calvaire,16.263006,-61.380916,9,2,1
202100012876,178Â 710,A01,1,1,1,1,2,6,-1,0,0,-1,2021,28.0,1,1,0,2,2,3,1,,4,ROUTE DE LA PYRAMIDE,0,,2,2,0,1,(1),(1),1,, -1,1,0,1,50,15,10,1,75,75112,2,1,0,3,ROUTE DE LA PYRAMIDE,48.834597,2.444204,9,2,2
202100016867,171Â 471,A01,1,1,2,1,2,8,-1,-1, -1,-1,2021,29.0,1,1,0,1,1,1,1,,4,LOUIS PASTEUR (PONT),0,,3,4,1,3,0,0,1,, -1,1,2,1,50,23,9,1,67,67482,2,1,1,6,LOUIS PASTEUR (PONT),48.57484,7.73598,8,2,1
202100043025,124Â 769,B01,1,1,1,5,8,-1,-1,-1, -1,-1,2021,12.0,3,1,0,2,8,19,5,,4,MARCHANDEAU (AVENUE PAUL),0,,1,1,0,1,(1),(1),1,, -1,1,0,1,50,22,4,1,51,51454,2,6,0,3,Avenue Paul Marchandeau,49.2421371036,4.0244113972,16,2,2
202100021963,162Â 370,A01,1,1,1,1,1,0,-1,-1, -1,-1,2021,47.0,1,2,1,0,3,13,2,,3,986,0,,2,2,0,1,0,0,1,, -1,1,0,1,50,29,8,5,92,92050,2,1,0,6,REPUBLIQUE AVENUE DE LA,48.9126897503,2.2248440981,4,1,1
202100013116,178Â 300,A01,10,3,2,2,0,-1,-1,1,3,1,2021,17.0,2,2,0,1,3,1,1,,4,BERANGER (R),2,,2,1,0,1,0,0,1,, -1,1,0,1,30,15,10,2,94,94068,2,1,0,6,Rue BÃ©ranger,48.79281,2.49436,7,2,1
202100036050,137Â 248,B01,1,1,1,4,2,6,-1,-1, -1,-1,2021,25.0,3,1,0,0,0,0,1,,4,HENRI BARBUSSE (RUE),0,,2,2,0,1,0,0,1,, -1,1,1,1,45,6,6,1,91,91477,2,1,0,2,HENRI BARBUSSE (RUE),48.71869,2.26044,13,2,2
202100013845,176Â 945,A01,10,3,2,5,0,-1,-1,2,3,1,2021,69.0,2,2,0,1,2,1,1,,4,CLOCHE (RUE DE LA),0,,1,1,0,1,(1),(1),1,, -1,1,0,1,50,11,10,1,59,59599,2,1,0,6,CLOCHE (RUE DE LA),50.72281,3.16356,9,2,1
202100011578,181Â 029,A01,10,3,2,0,0,-1,-1,1,3,1,2021,69.0,1,2,0,1,7,1,1,,4,EUROPE (BOULEVARD DE L'),0,,1,1,0,1,(1),(1),1,, -1,1,0,1,30,21,10,1,54,54547,2,9,0,6,EUROPE (BOULEVARD DE L'),48.6622322166,6.1742718583,14,2,1
202100007472,188Â 394,A01,1,1,1,1,1,5,-1,-1, -1,-1,2021,72.0,2,2,1,0,1,13,2,,4,CHATENAY (RUE DE),0,,2,2,0,1,0,0,1,, -1,1,0,4,50,18,11,1,92,92002,2,1,0,6,CHATENAY (RUE DE),48.7579098055,2.2923016548,10,1,1
202100007971,187Â 483,A01,1,1,1,1,2,6,-1,-1, -1,-1,2021,46.0,2,1,0,2,1,0,1,,4,EDOUARD AYNARD                 AV,0,,2,2,0,1,(1),(1),1,, -1,1,0,1,50,15,11,5,69,69081,2,7,0,3,EDOUARD AYNARD (AV),45.77527,4.77882,21,2,2
202100014566,175Â 669,B01,1,1,1,0,2,0,-1,-1, -1,-1,2021,15.0,3,1,0,2,7,17,1,,4,MISTRAL AVENUE FREDERIC,0,,2,2,0,1,0,1,1,, -1,1,0,1,50,28,9,1,84,84031,2,9,0,3,MISTRAL AVENUE FREDERIC,44.05063,5.04104,7,2,2
202100005445,192Â 060,A01,10,3,1,5,0,-1,-1,4,0,1,2021,40.0,1,2,0,1,1,1,1,,3,922,-1,D,2,2,0,1,52,350,1,, -1,1,0,1,50,1,12,5,95,95250,2,1,0,6,230 Avenue Henri Barbusse,49.094442,2.502067,20,2,1
202100004007,194Â 580,B01,1,1,1,4,1,-1,-1,-1, -1,-1,2021,36.0,1,2,0,2,4,1,1,,4,EDMOND ROSTAND                      (R ),0,,2,2,3,2,(1),(1),1,, -1,2,0,1,50,7,12,1,69,69290,2,3,0,4,EDMOND ROSTAND (R),45.69441,4.94226,11,3,3
202100016803,171Â 580,A01,1,1,1,0,8,0,-1,-1, -1,-1,2021,35.0,2,1,0,0,0,26,1,,2,RN5-BOISRIPEAUX,0,,3,4,0,1,(1),(1),1,, -1,1,9,1,50,18,9,3,971,97101,2,1,0,6,N5-BOISRIPEAUX,16.26352,-61.5131,1,1,1
202100021747,162Â 758,B01,1,1,2,0,1,0,-1,-1, -1,-1,2021,20.0,1,2,0,2,4,0,1,,1,86,0,,3,7,0,1,7,800,1,, -1,1,0,1,90,30,8,1,92,92036,1,1,0,2,AUTOROUTE A86,48.9352934024,2.2847740055,13,2,2
202100023902,158Â 910,A01,10,3,2,5,0,-1,-1,3,3,2,2021,70.0,3,2,0,1,4,4,3,,4,CAMILLE CLAUDEL (RUE),0,,2,2,0,1,(1),(1),1,, -1,1,0,1,50,15,8,1,10,10387,2,1,0,6,CAMILLE CLAUDEL (RUE),48.2931,4.081,17,5,1
202100011208,181Â 699,B01,1,1,1,5,2,0,-1,-1, -1,-1,2021,68.0,1,1,0,2,1,13,5,,7,SAINT EXUPERY  (RUE),0,,2,2,0,1,(1),(1),1,, -1,1,0,1,50,23,10,1,59,59317,2,1,0,1,SAINT EXUPERY  (RUE),50.69563,2.92054,13,2,2
202100015891,173Â 265,B01,1,1,2,9,1,0,-1,-1, -1,-1,2021,60.0,1,2,0,2,3,1,1,,4,POUDRETTE     (Rue de la),0,,2,3,1,1,(1),(1),1,, -1,1,0,1,50,29,9,5,69,69266,2,2,0,3,POUDRETTE (DE LA) (R),45.76053,4.92057,23,3,2
202100021476,163Â 253,B01,1,1,1,5,2,6,-1,0,0,-1,2021,55.0,2,1,0,2,8,1,1,,4,AVENUE DE LAUMIERE,0,,2,2,0,2,(1),(1),1,, -1,1,0,1,30,1,9,1,75,75119,2,2,0,3,AVENUE DE LAUMIERE,48.88468,2.379809,15,2,2
202100020389,165Â 194,B01,1,1,1,5,2,6,-1,0,0,-1,2021,77.0,1,1,0,2,1,1,5,,3,06,-1,D,2,2,0,1,(1),(1),1,, -1,1,0,1,30,8,9,1,29,29269,2,1,0,2,12bis Rue de Scaer,47.960456,-3.627105,13,2,2
202100047703,116Â 479,B01,1,1,1,5,2,6,-1,-1, -1,-1,2021,35.0,2,1,0,2,8,0,1,,1,A86.INT,0,,-1,2,0,1,30,299,1,, -1,2,1,1,90,17,3,1,94,94033,1,1,1,3,A86.INT,48.8491582156,2.4907286998,15,3,2
202100016464,172Â 198,A01,1,1,1,5,2,-1,-1,-1, -1,-1,2021,62.0,2,1,0,2,1,17,1,,4,ANDREI SAKHAROV (RUE),0,,2,3,0,1,0,0,1,, -1,1,0,1,50,24,9,5,76,76351,2,2,0,1,Rue AndreÃ¯ Sakharov,49.50482,0.16877,20,2,2
202100022367,161Â 667,A01,1,1,1,4,2,7,-1,0,0,-1,2021,44.0,1,1,4,0,3,1,1,,1,13,-1,,1,2,0,1,180,755,3,, -1,1,3,1,50,28,8,1,14,14514,1,1,0,6,A13,49.292532,0.203151,16,1,1
202100033943,141Â 089,A01,1,1,1,5,2,9,6,0,0,-1,2021,45.0,1,1,10,0,1,14,1,,3,120,-1,,2,2,0,1,42,100,2,, -1,1,0,3,80,17,6,1,7,7276,1,1,0,6,dÃ©partementale 120 - PR 42+100,44.90463,4.482551,18,1,1
202100055137,103Â 257,A01,1,1,2,0,2,6,-1,-1, -1,-1,2021,23.0,1,1,4,0,8,1,1,,1,AUTOROUTE A86,0,,1,2,0,2,51,250,2,, -1,2,0,1,70,14,1,1,94,94034,1,1,0,6,AUTOROUTE A86,48.75752,2.3349,15,1,1
202100034900,139Â 329,C01,1,1,1,5,2,6,-1,0,0,-1,2021,53.0,2,1,0,2,1,1,1,,3,947,-1,,2,2,0,2,10,500,3,, -1,1,2,1,50,12,6,1,64,64430,2,1,1,5,290 Avenue de Magret,43.4796,-0.780024,16,3,3
202100027398,152Â 738,B01,1,1,2,1,0,0,-1,-1, -1,-1,2021,47.0,1,1,0,2,3,19,5,,3,STALINGRAD (AV DE),0,,1,2,0,1,1,0,1,, -1,1,0,1,50,23,7,1,94,94021,2,1,0,3,Avenue de Stalingrad,48.76836,2.36787,17,2,2
202100042999,124Â 812,A01,1,1,1,5,1,0,-1,-1, -1,-1,2021,28.0,1,2,0,2,1,1,1,,2,11 - RT,0,,-1,4,0,1,1,0,1,, -1,2,0,1,70,22,4,1,202,202120,2,1,1,2,11 - RT,42.65186,9.44076,11,3,2
202100048084,115Â 800,A01,2,2,2,5,1,-1,-1,0,0,-1,2021,38.0,2,2,15,0,1,1,1,,2,1,-1,,1,1,0,1,146,0,2,, -1,2,9,3,50,14,3,3,973,97303,2,6,1,7,RN1 - PK 146+000,5.480176,-53.211653,23,2,1
202100023892,158Â 926,B01,1,1,1,5,8,0,-1,0,0,-1,2021,17.0,3,1,0,2,3,19,3,,4,CURIE (Rue Joliot),0,,2,2,0,1,(1),(1),1,, -1,1,0,1,30,16,8,1,26,26198,2,1,0,3,7 Rue Joliot Curie,44.55113,4.74468,15,2,2
202100008286,186Â 906,A01,1,1,1,5,1,-1,-1,0,0,-1,2021,19.0,2,2,12,0,0,1,1,,3,759,0,A,2,2,0,2,0,50,3,, -1,2,0,8,50,14,11,3,67,67153,2,1,1,6,35 Rue Principale (ZÅbersdorf),48.7937940669,7.5254845619,2,1,1
202100006457,190Â 253,A01,10,3,1,5,0,-1,-1,5,1,1,2021,71.0,2,2,6,1,1,20,1,,4,RUE MALAR,0,,2,2,0,1,(1),(1),1,, -1,1,0,4,30,24,11,2,75,75107,2,2,0,6,RUE MALAR,48.861702,2.305464,18,2,1
202100054157,104Â 939,A01,1,1,1,1,1,-1,-1,0,0,-1,2021,53.0,2,2,15,0,2,1,1,,1,7,-1,,1,1,0,1,227,0,1,, -1,1,9,3,50,23,1,2,13,13049,1,1,0,3,Aire de Lamanon (Aire de repos),43.690893,5.096954,7,1,1
202100018465,168Â 623,A01,1,1,1,5,1,-1,-1,0,0,-1,2021,77.0,1,2,15,0,2,1,1,,3,28,-1,,2,1,0,1,13,660,1,,3,1,0,3,80,24,8,1,1,1229,1,3,0,6,1349 Route d Etrez,46.337334,5.147586,11,1,1
202100043246,124Â 361,B01,1,1,1,5,1,-1,-1,0,0,-1,2021,85.0,2,2,0,2,3,1,1,,3,3,0,,2,2,0,1,4,810,1,, -1,1,5,1,80,20,4,1,29,29076,1,3,0,1,Lieu Dit Keroudy,48.438284,-4.545368,16,2,2
202100042884,125Â 010,A01,1,1,2,4,1,0,-1,0,0,-1,2021,32.0,1,2,0,2,2,1,1,,4,MENDES FRANCE (AVENUE PIERRE),0,,2,3,1,2,(1),(1),1,, -1,1,0,1,50,20,4,1,27,27681,2,3,0,3,MENDES FRANCE (AVENUE PIERRE),49.08996,1.4834,10,2,2
202100004192,194Â 263,B01,1,1,1,0,1,0,-1,-1, -1,-1,2021,28.0,1,2,0,2,4,1,1,,1,A507 sens Marseille - Aubagne,0,,1,3,0,2,0,699,1,, -1,2,0,2,70,8,12,1,13,13055,1,1,0,2,A507 sens Marseille - Aubagne,43.33709,5.3789,13,2,2
202100020008,165Â 870,B01,4,2,1,5,1,0,-1,-1, -1,-1,2021,14.0,2,2,0,2,1,1,1,,1,A7-Sens Marseille vers Lyon,0,,-1,3,0,1,265,500,1,, -1,1,1,1,90,8,9,1,13,13071,1,1,0,4,A7-Sens Marseille vers Lyon,43.412478,5.281948,15,12,5
202100046554,118Â 554,A01,1,1,2,4,1,-1,-1,-1, -1,-1,2021,20.0,2,4,3,0,1,13,1,,1,AUTOROUTE A 62,0,,1,2,0,1,0,204,2,, -1,2,3,1,70,26,3,4,33,33550,1,1,1,6,AUTOROUTE A 62,44.778827,-0.557464,21,1,1
202100025898,155Â 396,A01,1,1,1,1,2,6,-1,0,0,-1,2021,36.0,2,1,13,0,7,0,1,,3,921,-1,D,1,2,0,1,10,30,3,, -1,1,0,3,90,1,8,2,19,19043,1,1,0,6,La Chapelle-aux-Brocs,45.1401757253,1.6404386625,5,1,1
202100051502,109Â 640,A01,1,1,1,5,2,0,-1,-1, -1,-1,2021,69.0,2,1,0,2,1,2,3,,4,UNGER (RUE EDOUARD),0,,2,2,3,1,0,0,1,, -1,1,0,1,50,14,2,5,988,98818,2,1,0,6,UNGER (RUE EDOUARD),-22.26302,166.4444,21,2,2
202100048070,115Â 822,A01,1,1,1,5,1,-1,-1,0,0,-1,2021,28.0,2,2,6,0,3,0,1,,3,,-1,,2,2,0,1,29,320,3,, -1,1,0,1,80,13,3,4,83,83046,1,9,0,6,D22,43.501618,6.145375,23,1,1