Num_Acc,id_vehicule,num_veh,place,catu,sexe,trajet,secu1,secu2,secu3,locp,actp,etatp,year_acc,victim_age,senc,catv,obs,obsm,choc,manv,motor,occutc,catr,voie,v1,v2,circ,nbv,vosp,prof,pr,pr1,plan,lartpc,larrout,surf,infra,situ,vma,jour,mois,lum,dep,com,agg_,int,atm,col,adr,lat,long,hour,nb_victim,nb_vehicules
202100035947,137Â 430,B01,1,1,1,9,2,0,-1,0,0,-1,2021,25.0,1,1,0,2,8,17,5,,4,BOULEVARD BEAUMARCHAIS,0,,2,2,3,1,(1),(1),1,, -1,1,0,6,50,7,6,1,75,75111,2,1,0,3,BOULEVARD BEAUMARCHAIS,48.858318,2.367898,13,2,2
202100007705,187Â 981,B01,1,1,1,9,1,-1,-1,0,0,-1,2021,51.0,2,2,0,2,3,1,1,,3,D46,-1,,2,2,0,2,23,800,3,, -1,1,0,1,90,18,11,3,3,3038,1,1,0,1,D46,46.319689,3.232614,18,3,2
202100049002,114Â 164,A01,7,2,1,5,1,-1,-1,0,0,-1,2021,19.0,3,2,8,0,3,13,1,,4,6,-1,,2,2,0,1,(1),(1),3,, -1,1,0,3,80,6,3,3,35,35040,1,1,0,6,Les Grandes Planches,48.114755,-1.921513,5,3,1
202100042066,126Â 434,B01,1,1,1,0,2,6,-1,-1, -1,-1,2021,35.0,2,1,0,2,3,1,1,,4,AV DE LA MARECHALE,0,,2,2,0,1,109,0,1,, -1,2,0,1,30,29,4,1,94,94059,2,1,0,3,Avenue de la MarÃ©chale,48.81299,2.57319,8,2,2
202100048440,115Â 172,B01,1,1,1,9,2,6,-1,0,0,-1,2021,41.0,1,1,0,2,1,1,1,,4,AVENUE DES CHAMPS ELYSEES,0,,2,8,0,1,(1),(1),1,, -1,1,0,1,50,10,3,1,75,75108,2,2,0,5,AVENUE DES CHAMPS ELYSEES,48.867783,2.313905,11,4,3
202100032019,144Â 513,B01,1,1,2,5,1,-1,-1,0,0,-1,2021,31.0,3,2,0,2,4,1,1,,4,,-1,,1,1,2,1,(1),(1),1,,3,1,0,1,30,27,6,1,29,29031,2,1,0,4,Rue des Grands Sables,47.768403,-3.544668,17,5,3
202100049303,113Â 630,A01,1,1,1,0,2,-1,-1,0,0,-1,2021,39.0,1,1,0,2,1,1,1,,3,7,-1,,2,2,0,1,5,560,3,, -1,1,0,1,50,4,3,1,972,97231,1,1,0,1,RD7,14.536257,-61.033961,8,2,2
202100030916,146Â 499,B01,1,1,2,5,1,-1,-1,0,0,-1,2021,23.0,1,2,0,2,3,0,1,,2,88,0,,2,2,0,1,33,0,1,, -1,1,8,1,90,2,7,3,43,43268,1,9,0,5,RN 88,45.144039,4.109863,22,3,3
202100035537,138Â 187,A01,1,1,1,1,2,6,-1,0,0,-1,2021,51.0,1,1,14,0,2,14,1,,4,BOULEVARD BERTHIER,0,,3,2,0,1,0,(1),1,, -1,1,1,1,50,9,6,1,75,75117,2,1,0,6,BOULEVARD BERTHIER,48.892392,2.308684,10,1,1
202100039590,130Â 819,B01,5,2,1,9,1,0,-1,-1, -1,-1,2021,32.0,0,2,0,2,1,1,1,,4,ALBERT EINSTEIN (RUE),0,,2,4,0,1,(1),(1),1,, -1,1,0,6,50,17,5,1,13,13213,2,1,0,3,ALBERT EINSTEIN (RUE),43.34081,5.44266,18,3,2
202100011308,181Â 527,A01,1,1,1,4,1,-1,-1,0,0,-1,2021,36.0,2,2,0,2,1,2,1,,1,7,0,,3,3,0,1,43,360,1,, -1,1,0,1,130,21,10,3,26,26295,1,1,0,5,Autoroute du Soleil,45.164958,4.889045,20,4,3
202100020035,165Â 815,B01,1,1,2,0,1,-1,-1,0,0,-1,2021,19.0,1,2,0,2,1,16,1,,3,519,-1,,2,2,0,1,5,50,1,, -1,1,0,1,70,31,5,1,14,14069,1,3,0,3,D519,49.134694,0.25107,15,2,2
202100029052,149Â 811,B01,1,1,1,5,2,7,-1,0,0,-1,2021,29.0,2,1,0,2,1,1,1,,7,559,-1,A,2,2,0,2,8,500,3,, -1,1,0,1,80,14,7,1,13,13023,1,1,0,1,RD 559A le pas d'ouillier,43.233885,5.591011,15,3,2
202100048830,114Â 477,A01,1,1,1,0,1,0,-1,-1, -1,-1,2021,40.0,2,2,0,2,3,1,1,,1,A51-Sens Aix en Provence vers Marseille,0,,1,3,0,1,15,100,1,, -1,1,0,1,90,4,3,1,13,13001,1,1,0,3,A51-Sens Aix en Provence vers Marseille,43.511035,5.419159,11,2,2
202100022677,161Â 083,B01,1,1,1,0,8,0,-1,-1, -1,-1,2021,31.0,2,1,0,2,8,1,3,,3,911,0,,2,0,0,1,0,0,1,, -1,1,0,1,50,25,8,1,92,92024,2,2,0,3,PIERRE BEREGOVOY (RUE),48.9054575474,2.3017906135,19,2,2
202100025592,155Â 933,B01,2,2,2,0,1,-1,-1,0,0,-1,2021,21.0,0,2,0,2,3,1,1,,4,VICTOR HUGO (AVENUE),0,,2,2,0,1,(1),(1),1,, -1,1,0,1,50,31,7,1,80,80489,2,2,0,3,VICTOR HUGO (AVENUE),49.86771,2.35681,15,3,2
202100051380,109Â 840,A01,1,1,1,4,1,0,-1,-1,0,-1,2021,29.0,1,4,0,2,2,12,1,,2,RN 184,0,,3,4,0,1,6,199,1,, -1,1,0,1,90,15,2,1,95,95572,1,1,0,2,RN 184,49.04997,2.14333,15,2,2
202100008569,186Â 419,B01,1,1,1,5,2,6,-1,0,0,-1,2021,16.0,2,1,0,2,1,1,1,,3,111,0,D,2,2,0,2,11,100,2,, -1,1,0,1,50,10,11,3,85,85302,2,1,0,1,La Roche Molive,46.958765,-0.985336,21,2,2
202100004208,194Â 232,A01,1,1,1,1,1,0,-1,-1, -1,-1,2021,39.0,2,5,0,2,1,2,1,,2,N186,0,,3,2,0,1,48,500,1,, -1,1,0,1,90,8,12,5,94,94065,1,1,0,4,A86 EXT,48.7535043338,2.3613490863,19,3,3
202100026854,153Â 720,A01,1,1,2,9,8,0,-1,0,0,-1,2021,27.0,1,0,0,2,8,1,3,,4,RUE LA FAYETTE,0,,1,3,0,1,(1),(1),1,, -1,1,0,1,30,27,7,5,75,75110,2,5,0,3,RUE LA FAYETTE,48.875892,2.35408,0,2,2
202100039801,130Â 437,B01,1,1,2,5,8,-1,-1,-1, -1,-1,2021,35.0,1,2,0,2,3,1,1,,4,MONTESQUIEU                         (R ),0,,-1,1,0,1,(1),(1),1,, -1,2,0,1,50,15,5,1,69,69387,2,2,1,3,CREUZET (R),45.75052,4.84626,14,3,2
202100046144,119Â 280,B01,1,1,1,5,0,0,-1,-1, -1,-1,2021,7.0,3,1,0,2,8,26,5,,4,HOCHE (R),0,,1,1,3,1,1,0,1,, -1,1,6,1,20,29,3,1,94,94041,2,1,0,3,Rue Hoche,48.81227,2.37401,18,2,2
202100036217,136Â 952,B01,2,2,2,9,2,0,-1,-1, -1,-1,2021,22.0,1,1,0,2,1,1,1,,3,BADUEL (ROUTE DE),0,,2,2,2,1,3,50,1,, -1,1,0,1,50,5,6,2,973,97302,2,1,0,3,BADUEL (ROUTE DE),4.93001,-52.30418,18,3,2
202100050761,110Â 945,A01,1,1,1,5,2,6,-1,0,0,-1,2021,46.0,2,1,0,2,1,3,1,,4,PORTE DE VINCENNES,0,,1,4,0,1,31,600,1,, -1,1,0,1,70,20,2,5,75,75120,2,1,0,4,PORTE DE VINCENNES,48.849145,2.41514,19,3,3
202100030909,146Â 512,A01,2,2,2,5,1,-1,-1,0,0,-1,2021,10.0,1,2,0,2,3,13,1,,3,936,-1,,2,2,0,2,60,600,3,, -1,2,0,1,80,3,7,1,1,1426,1,1,1,1,rd936,46.237932,5.377019,12,6,2
202100052022,108Â 722,A01,1,1,1,5,1,8,-1,-1, -1,-1,2021,81.0,1,2,0,2,1,19,1,,3,AQUITAINE (ALIENOR D') (AVENUE),0,,2,2,0,2,0,516,1,, -1,2,0,1,50,9,2,1,17,17306,2,2,0,3,AQUITAINE (ALIENOR D') (AVENUE),45.61932,-1.0069,11,2,2
202100045354,120Â 672,A01,10,3,2,0,8,8,-1,0,9,1,2021,68.0,1,2,0,1,4,26,1,,3,DE GAULLE (AVENUE CHARLES),0,,-1,2,0,1,0,0,1,, -1,1,0,1,30,1,4,1,91,91223,1,1,0,6,DE GAULLE (AVENUE CHARLES),48.423634,2.153209,16,2,1
202100040022,130Â 058,B01,5,2,2,5,1,-1,-1,-1,0,-1,2021,10.0,1,2,0,2,8,1,3,,1,AUTOROUTE A115,0,,3,4,0,1,8,699,1,, -1,1,0,1,90,12,5,3,95,95060,1,1,0,3,A115,49.03347,2.19817,21,6,2
202100028322,151Â 070,A01,1,1,1,5,2,0,-1,0,0,-1,2021,20.0,2,1,0,2,1,5,5,,4,QUAI SAINT BERNARD,0,,2,4,3,1,(1),(1),1,, -1,1,0,6,50,18,7,5,75,75105,2,3,0,1,QUAI SAINT BERNARD,48.846855,2.360967,1,2,2
202100029356,149Â 297,A01,2,2,1,5,1,-1,-1,0,0,-1,2021,89.0,1,2,12,0,2,1,1,,1,71,0,A,1,1,0,1,127,0,1,, -1,2,9,8,50,13,7,1,41,41046,1,1,1,6,A71,47.667293,1.924136,11,4,1
202100043751,123Â 481,A01,1,1,1,5,2,0,-1,-1, -1,-1,2021,17.0,1,1,12,0,1,16,1,,4,JOFFRE. PLACE,0,,1,1,0,1,11,10,3,, -1,1,-1,1,30,16,4,5,76,76540,2,7,0,7,JOFFRE. PLACE,49.43523,1.0866,23,1,1
202100032942,142Â 872,A01,1,1,1,1,8,0,-1,-1, -1,-1,2021,32.0,2,1,0,2,1,1,3,,3,STALINGRAD (AV DE),0,,-1,4,0,1,0,0,1,, -1,1,0,1,50,22,6,2,92,92025,2,2,0,3,STALINGRAD (AV DE),48.93418,2.263326,5,2,2
202100017538,170Â 273,B01,1,1,1,0,2,6,-1,0,0,-1,2021,60.0,2,1,0,2,1,17,0,,3,101,0,D,2,2,0,1,6,95,1,,7,1,0,1,80,7,8,1,56,56003,1,1,1,3,D101,47.6355,-2.838873,12,2,2
202100017519,170Â 306,B01,1,1,1,4,1,0,-1,-1, -1,-1,2021,37.0,2,0,1,2,0,0,1,,4,130,0,,2,2,0,1,0,0,1,, -1,1,0,1,30,22,9,1,92,92075,2,1,0,6,RAYMOND MARCHERON (RUE),48.81891,2.28698,14,2,2
202100027806,152Â 012,A01,2,2,1,4,1,-1,-1,0,0,-1,2021,33.0,2,5,13,0,2,14,1,,2,24,0,,3,4,0,1,9,175,1,, -1,1,0,3,110,22,7,1,56,56180,1,1,0,6,N24,47.92682,-2.21122,16,2,1
202100051146,110Â 248,B01,1,1,1,5,2,0,-1,-1,0,-1,2021,70.0,2,1,0,2,8,1,1,,1,AUTOROUTE A15,0,,3,6,0,1,19,799,1,, -1,1,0,1,110,17,2,1,95,95488,1,1,0,3, A15,49.0238447885,2.1332005354,11,2,2
202100002967,196Â 470,A01,10,3,1,1,0,-1,-1,2,3,1,2021,61.0,1,1,0,1,1,1,5,,4,AVENUE JEAN MOULIN,0,,1,2,2,1,(1),(1),1,, -1,1,0,1,30,14,12,1,75,75114,2,1,0,6,AVENUE JEAN MOULIN,48.827303,2.325561,9,2,1
202100055109,103Â 307,A01,1,1,2,4,1,-1,-1,0,0,-1,2021,21.0,2,2,0,2,3,15,1,,3,463,-1,D,2,2,0,4,(1),(1),2,, -1,5,0,1,50,15,1,1,25,25040,2,2,1,3,Rue de Dampierre les Bois,47.503475,6.939149,9,2,2
202100050140,112Â 099,A01,1,1,1,1,1,0,-1,-1,0,-1,2021,37.0,1,2,3,0,1,1,1,,2,RN 104,0,,3,4,0,1,2,99,1,, -1,2,0,1,110,26,2,1,95,95151,1,1,1,6,RN 104,49.0639161254,2.265495687,8,1,1
202100015577,173Â 840,A01,2,2,1,5,1,8,-1,-1, -1,-1,2021,19.0,3,2,15,0,2,14,1,,4,MARNE (CARREFOUR DE LA),0,,2,6,0,1,(1),(1),3,, -1,2,9,8,50,2,10,5,37,37261,2,1,0,7,MARNE (CARREFOUR DE LA),47.4237873474,0.6976536959,3,2,1
202100044144,122Â 770,A01,2,2,1,5,1,8,-1,-1, -1,-1,2021,29.0,1,2,13,0,2,15,1,,4,SAINT-EXUPERY (RUE ANTOINE),0,,2,2,0,1,(1),(1),1,, -1,1,0,3,50,12,4,2,56,56121,2,4,0,6,SAINT-EXUPERY (RUE ANTOINE),47.7624224,-3.40299099,20,2,1
202100056417,101Â 056,B01,1,1,2,4,1,8,-1,0,0,-1,2021,57.0,1,2,0,2,4,2,1,,4,PORTE DOREE,0,,1,4,0,1,32,900,1,, -1,1,0,1,70,2,1,5,75,75112,2,1,0,4,PORTE DOREE,48.837877,2.412721,18,3,3
202100038291,133Â 201,A01,1,1,1,5,0,-1,-1,0,0,-1,2021,40.0,2,1,0,2,1,1,5,,3,,-1,,2,2,0,2,(1),(1),1,, -1,1,0,1,50,27,5,1,55,55122,2,2,0,1,Rue de la Trace,48.757085865,5.5879479647,10,2,2
202100019650,166Â 521,A01,1,1,1,5,2,-1,-1,-1, -1,-1,2021,37.0,0,1,0,0,7,1,5,,3,BELLE ETOILE,0,,2,3,1,2,0,1339,1,, -1,2,0,1,500,9,9,1,76,76447,2,1,1,7,BELLE ETOILE,49.5377579448,0.175369028,16,1,1
202100034899,139Â 333,A01,1,1,2,5,1,-1,-1,0,0,-1,2021,19.0,2,2,0,2,1,2,1,,3,728,0,,2,2,0,1,35,683,1,, -1,1,0,1,50,12,6,1,17,17219,2,2,0,2,D728,45.829397,-1.098011,20,3,2
202100029768,148Â 577,A01,1,1,1,5,2,6,-1,-1, -1,-1,2021,17.0,1,1,12,0,0,1,1,,4,HAUTERIVE,0,,1,2,0,1,0,0,1,, -1,1,0,8,50,9,7,4,64,64445,2,1,0,7,AllÃ©e Catherine de Bourbon,43.32418,-0.35778,21,1,1
202100021639,162Â 947,A01,10,3,1,0,0,-1,-1,1,1,1,2021,43.0,2,2,0,1,2,1,1,,3,,0,,2,2,0,1,53,0,1,, -1,1,0,1,80,25,8,3,11,11069,1,1,0,6,ROCADE NORD EST - RD 6113,43.233375,2.369382,23,2,1
202100005506,191Â 952,A01,10,3,2,2,0,-1,-1,2,3,1,2021,12.0,2,2,0,1,3,1,1,,3,LAON (AVENUE) DU NÂ°343 AU 469 ET DU NÂ° 3,0,,2,2,0,1,15,500,1,, -1,1,0,1,50,29,11,5,51,51454,2,1,0,7,Avenue de Laon,49.2771,4.016217,17,2,1
202100055865,102Â 025,A01,1,1,1,5,2,-1,-1,0,0,-1,2021,53.0,3,1,0,2,1,1,1,,4,,0,,2,2,0,1,(1),(1),1,, -1,6,0,1,80,9,1,1,50,50164,1,9,1,1,Les Landes de Jacre,49.004818,-1.025773,15,3,2
202100032156,144Â 273,A01,1,1,1,5,2,6,-1,-1, -1,-1,2021,52.0,1,1,0,0,0,15,1,,3,906,0,,2,2,0,1,0,0,2,, -1,2,5,1,50,26,6,1,92,92020,2,9,0,7,VERDUN AVENUE DE AUTRES NÂ°,48.8006026745,2.2833757276,11,2,2
202100034068,140Â 867,A01,1,1,2,5,1,-1,-1,0, -1,-1,2021,19.0,1,2,13,0,1,13,1,,3,GUTENBERG BOULEVARD,0,,-1,1,0,2,0,200,2,, -1,2,9,3,50,16,6,2,29,29232,2,6,1,6,Rond Point Guttemberg,47.98033,-4.07916,22,1,1
202100027627,152Â 339,A01,1,1,1,5,0,-1,-1,0,0,-1,2021,66.0,2,1,0,0,0,1,5,,3,542,0,,2,2,0,1,4,400,1,, -1,1,0,1,50,22,7,1,2,2191,2,1,0,7,Rue de l Eglise,49.527848,3.584585,10,1,1
202100003351,195Â 775,A01,1,1,1,0,1,9,-1,0,0,-1,2021,71.0,1,2,13,0,9,1,1,,2,2,0,,3,4,0,1,54,0,2,, -1,2,5,8,90,13,12,2,2,2294,1,1,0,7,N2,49.516722,3.582734,17,1,1
202100050582,111Â 272,A01,10,3,2,2,0,-1,-1,3,3,1,2021,17.0,2,2,0,1,1,9,2,,4,RUE DU LOGEY,0,,2,2,0,1,(1),(1),1,, -1,1,0,1,50,5,2,1,33,33281,2,6,0,6,Rue du Logey,44.8384392055,-0.6616754821,17,2,1
202100030935,146Â 463,A01,1,1,2,0,8,-1,-1,0,0,-1,2021,71.0,1,2,8,0,1,1,1,,3,418,-1,,2,2,0,1,34,0,1,, -1,2,0,4,50,4,7,1,68,68145,2,1,1,6,1 Grand Rue,48.0812,7.387359,16,1,1
202100001793,198Â 591,A01,1,1,1,5,0,-1,-1,0,0,-1,2021,20.0,3,2,13,0,2,0,1,,4,5,-1,,2,2,0,1,(1),(1),1,, -1,1,0,3,80,22,12,3,27,27389,1,1,0,7,Rte de Saint Aubin d Ecrosville,49.147384,0.977225,21,1,1
202100025443,156Â 185,A01,1,1,1,5,1,0,-1,-1, -1,-1,2021,65.0,2,2,0,2,1,13,1,,3,REPUBLIQUE (RUE DE LA),0,,2,2,0,1,3,320,3,, -1,1,0,1,50,30,7,2,57,57019,2,1,1,1,REPUBLIQUE (RUE DE LA),49.26261,6.13936,6,2,2
202100004564,193Â 618,B01,1,1,1,4,2,0,-1,-1, -1,-1,2021,20.0,1,1,0,2,1,9,3,,3,910,0,,1,1,0,1,0,0,1,, -1,2,9,8,50,4,12,5,92,92012,2,1,1,2,EDOUARD VAILLANT (AVENUE) DEBUT/56 - COT,48.8360404804,2.2511646152,21,2,2
202100043614,123Â 717,B01,2,2,2,5,1,0,-1,-1, -1,-1,2021,30.0,3,2,0,2,3,9,1,,4,RUE DE LORMOY,0,,4,2,0,1,0,0,1,, -1,1,0,1,30,16,4,1,91,91347,2,1,0,1,RUE DE LORMOY,48.638502,2.290032,18,3,2
202100002936,196Â 524,A01,10,3,2,0,0,-1,-1,3,3,1,2021,89.0,2,2,0,1,1,1,1,,4,MOULIN JEAN (AV),0,,2,2,0,1,(1),(1),1,, -1,1,0,1,50,11,12,1,34,34032,2,1,0,7,MOULIN JEAN (AV),43.34986,3.22676,16,2,1
202100007062,189Â 133,A01,2,2,1,0,1,0,-1,-1, -1,-1,2021,21.0,0,2,4,0,1,14,1,,3,CHARLES DE GAULLE (BD)(72 AU 308),0,,-1,4,0,1,0,0,1,, -1,1,0,3,50,20,11,5,92,92078,2,1,0,6,CHARLES DE GAULLE (BD)(72 AU 308),48.9407029303,2.3230478168,21,2,1
202100050975,110Â 566,A01,2,2,1,1,2,6,-1,0,0,-1,2021,19.0,2,1,13,0,1,1,1,,4,,-1,,2,2,0,1,(1),(1),3,, -1,1,0,3,90,19,2,1,3,3254,1,1,0,6,Route de Montord,46.2965188431,3.2632559538,18,2,1
202100005979,191Â 111,B01,1,1,2,2,1,0,-1,-1, -1,-1,2021,41.0,2,2,0,2,6,0,1,,4,FRIEDLAND (RUE),0,,1,2,0,1,0,0,1,, -1,1,0,1,50,26,11,1,13,13206,2,1,0,2,FRIEDLAND (RUE),43.28643,5.38766,14,2,2
202100025796,155Â 582,A01,1,1,2,9,1,-1,-1,0,0,-1,2021,21.0,2,2,13,0,1,1,1,,3,15,-1,,2,2,0,1,83,350,4,, -1,1,0,3,80,3,8,1,28,28103,1,1,0,6,D15,48.011444,1.213861,16,1,1
202100042798,125Â 160,B01,1,1,1,0,1,0,-1,-1, -1,-1,2021,26.0,2,2,0,2,4,1,1,,1,15,0,,3,8,0,1,5,699,2,, -1,1,2,1,90,24,4,3,92,92036,1,1,0,2,AUTOROUTE A15,48.94714,2.28169,3,2,2
202100011437,181Â 279,A01,1,1,1,0,2,0,-1,-1, -1,-1,2021,25.0,2,1,12,2,2,18,1,,3,WILSON (AVENUE DU PRESIDENT),0,,1,2,0,1,0,1,1,, -1,1,0,1,50,22,10,5,93,93066,1,9,0,3,WILSON (AVENUE DU PRESIDENT),48.9238,2.35669,19,3,2
202100022339,161Â 709,A01,2,2,2,5,2,6,9,0,0,-1,2021,38.0,1,1,2,0,0,1,1,,3,,-1,,2,2,0,1,3,245,3,, -1,1,0,8,80,28,8,1,25,25519,1,1,0,7,D39,47.297874,6.791139,15,2,1
202100052769,107Â 405,A01,4,2,2,2,1,8,-1,-1, -1,-1,2021,8.0,0,2,0,2,5,19,1,,4,GALLOUX (AVENUE GASTON),0,,2,4,0,1,(1),(1),1,, -1,2,5,1,50,2,2,1,45,45286,2,2,1,3,Avenue Gaston Galloux,47.8841238306,1.9243098913,8,3,2
202100054671,104Â 060,A01,10,3,2,0,0,-1,-1,5,8,1,2021,52.0,1,2,1,1,3,5,1,,3,HERRIOT (AVE EDOUARD),0,,2,2,0,1,26,500,1,, -1,1,0,4,50,17,1,2,83,83137,2,1,0,6,HERRIOT (AVE EDOUARD),43.1293,5.89979,17,2,1
202100017112,171Â 044,B01,1,1,1,5,2,0,-1,-1, -1,-1,2021,75.0,2,1,0,2,8,0,5,,4,FAUVETTES (AVENE DES),0,,2,2,0,1,0,0,1,, -1,1,5,1,50,25,9,1,93,93078,2,2,0,3,FAUVETTES (AVENE DES),48.95542,2.55285,10,2,2
202100028402,150Â 946,A01,1,1,1,5,2,-1,-1,0,0,-1,2021,40.0,3,1,0,2,1,19,1,,4,10,0,C,2,2,0,1,0,0,1,,5,1,0,1,50,17,7,1,976,97608,2,1,0,2,Route des Badamiers en face de la quincaillerie KOURATI,-12.777422,45.282104,9,2,2
202100048128,115Â 716,B01,1,1,2,5,1,8,-1,-1, -1,-1,2021,53.0,2,2,0,2,7,1,1,,3,AUCH (ROUTE D'),0,,4,3,0,1,3,330,2,, -1,1,0,1,50,13,3,1,82,82121,2,3,0,3,QUART (CHEMIN DU),43.9892,1.30899,8,3,2
202100010726,182Â 557,A01,1,1,1,4,2,6,-1,-1, -1,-1,2021,17.0,1,1,0,2,1,2,1,,7,LÃON LACHAMP (ROUTE),0,,2,3,3,2,0,0,1,, -1,1,0,1,50,27,10,5,13,13209,2,1,0,2,LÃON LACHAMP (ROUTE),43.2464,5.43345,19,2,2
202100044722,121Â 775,B01,1,1,1,1,2,8,-1,-1, -1,-1,2021,33.0,1,1,0,2,4,1,5,,3,AV DU GENERAL GALLIENI ,0,,2,4,2,1,1,0,1,, -1,1,0,5,30,8,4,1,94,94042,2,1,0,3,Avenue du GÃ©nÃ©ral GalliÃ©ni,48.820085,2.476883,15,3,2
202100049314,113Â 613,A01,3,2,1,5,0,-1,-1,0,0,-1,2021,20.0,2,2,0,0,9,1,1,,3,30,0,,2,2,0,1,5,600,3,, -1,1,0,1,90,3,3,1,14,14745,1,1,0,7,Lieu Dit Ferme l'Ormel,49.362589,-0.899484,15,6,1
202100030326,147Â 556,B01,1,1,1,0,8,-1,-1,-1, -1,-1,2021,42.0,1,1,0,2,7,1,3,,4,SEBASTIEN GRYPHE                    (R ),0,,1,1,2,1,(1),(1),1,, -1,2,0,1,50,6,7,1,69,69387,2,2,1,3,SEBASTIEN GRYPHE (R),45.75082,4.84242,16,2,2
202100025556,155Â 993,B01,1,1,1,5,2,6,-1,0,0,-1,2021,69.0,1,1,0,0,7,17,1,,3,1010,0,D,2,3,0,1,23,915,1,,7,1,0,1,80,24,7,1,33,33143,1,1,0,3,Avenue de paris - Rd1010,44.978172,-0.451663,12,4,2
202100008375,186Â 761,B01,1,1,1,4,2,0,-1,-1, -1,-1,2021,24.0,2,1,0,2,7,18,1,,3,MARX DORMOY BOULEVARD,0,,3,2,0,1,0,1,1,, -1,1,0,1,50,12,11,1,93,93046,2,2,0,3,FIRMIN DIDOT AVENUE,48.90962,2.52652,14,2,2
202100011401,181Â 342,A01,1,1,1,0,1,8,-1,-1, -1,-1,2021,19.0,1,2,3,0,1,1,1,,7,RD9,0,,3,6,0,1,0,0,1,, -1,1,0,1,90,23,10,5,13,13001,2,1,0,7,RD9,43.50545,5.39955,21,1,1
202100007690,188Â 008,A01,1,1,1,0,2,0,-1,-1, -1,-1,2021,26.0,2,1,0,0,7,26,1,,4,CHARLES DE GAULLE (AVENUE) - COTE PAIR,0,,2,2,0,1,0,0,1,, -1,1,0,1,50,16,11,5,92,92012,2,1,0,7,CHARLES DE GAULLE (AVENUE) - COTE PAIR,48.8480489996,2.2371672842,21,1,1
202100024990,156Â 991,A01,10,3,2,5,0,-1,-1,1,3,1,2021,30.0,2,2,1,1,3,1,1,,3,PONTOISE(BOULEVARD DE),0,,2,2,0,1,8,100,1,, -1,2,0,1,50,8,8,5,95,95424,2,1,1,6,RD 392,48.9834125709,2.1818938851,21,2,1
202100013926,176Â 809,A01,1,1,1,1,2,6,9,0,0,-1,2021,60.0,1,1,0,6,1,1,1,,3,674,0,,2,2,0,1,56,500,1,, -1,1,0,1,70,11,10,3,57,57197,1,9,1,6,Rue de Nancy,49.061523,6.984478,4,1,1
202100025217,156Â 588,A01,2,2,2,5,2,-1,-1,0,0,-1,2021,39.0,1,1,15,0,2,1,1,,3,98,-1,A,2,2,1,1,59,500,3,, -1,1,0,1,70,8,8,5,83,83065,2,1,0,7,Route Departementale 98a,43.262644,6.6045,1,2,1
202100051731,109Â 225,A01,10,3,2,1,0,-1,-1,2,3,1,2021,51.0,1,2,0,1,2,1,1,,3,LUCIEN LEFRANC (QUAI),0,,2,3,0,1,0,1,1,, -1,1,0,1,50,12,2,5,93,93001,2,3,0,6,LUCIEN LEFRANC (QUAI),48.91236,2.37311,6,2,1
202100045363,120Â 648,B01,1,1,1,5,2,0,-1,-1, -1,-1,2021,46.0,2,1,0,2,8,1,5,,3,10,0,,2,2,0,1,0,820,1,, -1,1,5,1,50,24,3,1,78,78686,2,2,0,3,GENERAL LECLERC (AVENUE DU),48.80411,2.16964,10,2,2
202100004608,193Â 539,B01,2,2,2,0,1,0,-1,-1, -1,-1,2021,21.0,1,2,0,2,4,23,1,,1,A51-Sens Marseille vers Aix en Provence,0,,1,3,0,1,2,0,1,, -1,1,0,1,90,5,12,3,13,13071,1,1,0,4,A51-Sens Marseille vers Aix en Provence,43.41414,5.36484,18,4,3
202100014267,176Â 195,A01,1,1,1,0,2,-1,-1,0,0,-1,2021,25.0,-1,1,0,0,0,1,1,,3,5,0,D,2,2,0,1,(1),(1),1,, -1,1,0,1,70,10,10,3,24,24147,1,1,0,7,DÃ©partementale 5,45.227294,0.952216,0,1,1
202100019621,166Â 566,A01,1,1,1,0,2,6,-1,-1, -1,-1,2021,20.0,2,1,0,2,1,1,1,,4,BERTONE                             (PL),0,,1,1,2,1,(1),(1),1,, -1,1,0,1,50,10,9,5,69,69384,2,7,0,3,BERTONE (PL),45.77758,4.83483,23,2,2
202100031843,144Â 834,A01,2,2,2,5,1,0,-1,-1, -1,-1,2021,30.0,2,2,1,0,3,0,1,,4,PRESIDENT WILSON,0,,2,2,0,1,(1),(1),1,, -1,2,0,1,50,26,6,5,76,76447,2,1,0,6,PRESIDENT WILSON,49.54075,0.17941,2,3,1
202100008255,186Â 958,Z01,10,3,2,9,0,-1,-1,4,3,2,2021,30.0,1,2,0,1,1,1,0,,4,RUE DE MENILMONTANT,0,,2,2,0,2,(1),(1),1,, -1,2,0,1,30,13,11,5,75,75120,2,3,0,6,RUE DE MENILMONTANT,48.867929,2.386642,2,3,1
202100026722,153Â 952,B01,1,1,1,1,2,6,-1,0,0,-1,2021,56.0,1,1,0,0,4,2,1,,3,936,0,D,2,2,0,1,18,300,1,, -1,1,0,1,-1,25,7,1,1,1389,2,6,0,2,474 Route de Chatillon,46.07586,4.902456,17,2,2
202100012960,178Â 572,B01,1,1,1,5,2,-1,-1,0,0,-1,2021,16.0,2,1,0,2,2,1,1,,3,980,0,,2,2,0,1,15,700,1,, -1,1,0,1,50,16,10,1,21,21584,2,3,0,3,rue CourtÃ©pÃ©e,47.284437,4.226866,18,2,2
202100031095,146Â 162,A01,1,1,1,0,2,0,-1,-1, -1,-1,2021,31.0,1,1,0,0,0,1,1,,7,MALMONT (ROUTE DE),0,,2,1,0,2,55,0,1,, -1,8,0,1,80,3,7,1,42,42044,1,1,0,7,Route de Malmont,45.372528,4.325413,16,1,1