Num_Acc,id_vehicule,num_veh,place,catu,sexe,trajet,secu1,secu2,secu3,locp,actp,etatp,year_acc,victim_age,senc,catv,obs,obsm,choc,manv,motor,occutc,catr,voie,v1,v2,circ,nbv,vosp,prof,pr,pr1,plan,lartpc,larrout,surf,infra,situ,vma,jour,mois,lum,dep,com,agg_,int,atm,col,adr,lat,long,hour,nb_victim,nb_vehicules
202100043856,123Â 277,B01,1,1,1,0,1,4,-1,-1, -1,-1,2021,41.0,3,2,0,2,8,17,1,,4,RN3 (ANCIENNE ROUTE),0,,2,2,3,2,1,0,1,, -1,2,0,1,30,15,4,2,974,97416,1,1,1,3,RN3 (ANCIENNE ROUTE),-21.31644,55.49142,18,2,2
202100055035,103Â 438,B01,1,1,2,1,8,4,-1,-1, -1,-1,2021,36.0,3,1,0,2,1,0,5,,4,CARNOT,0,,2,2,2,1,1,0,1,, -1,2,0,1,50,14,1,1,49,49007,2,3,0,3,CARNOT,47.47543,-0.54837,8,2,2
202100023117,160Â 291,A01,2,2,1,5,2,-1,-1,-1, -1,-1,2021,22.0,1,1,0,2,7,16,1,,4,CRS DE L'YSER,0,,1,1,3,1,(1),(1),1,, -1,1,5,1,50,22,8,5,33,33063,2,2,0,3,Cours de lâYser,44.8269303334,-0.5692647016,2,3,2
202100003565,195Â 376,A01,10,3,1,0,0,-1,-1,1,9,1,2021,4.0,1,2,0,1,2,1,1,,4,PAUL LACAVE,0,,1,1,0,1,(1),(1),1,, -1,1,0,1,50,9,12,4,971,97120,2,1,0,6,PAUL LACAVE,16.24451,-61.5322,18,2,1
202100032641,143Â 421,A01,10,3,2,3,0,-1,-1,4,3,1,2021,96.0,1,1,0,1,3,1,3,,4,BELLECOUR                           (PL),0,,1,1,3,1,(1),(1),1,, -1,1,0,5,50,23,6,1,69,69382,2,7,0,6,BELLECOUR (PL),45.7582,4.8332,10,2,1
202100055765,102Â 183,A01,10,3,2,1,0,-1,-1,3,3,1,2021,38.0,2,2,0,1,1,1,1,,4,MARCEL PAUL,0,,2,1,1,1,(1),(1),1,, -1,1,0,1,50,8,1,1,76,76351,2,3,0,6,Rue Marcel Paul,49.49304,0.143,13,2,1
202100045237,120Â 864,A01,10,3,2,9,0,-1,-1,0,0,-1,2021,70.0,1,1,0,1,1,1,1,,3,PARIS (ROUTE DE),0,,2,2,0,1,2,20,1,, -1,1,0,1,50,3,4,1,1,1451,2,6,0,6,PARIS (ROUTE DE),46.252062,5.211283,10,2,1
202100017713,169Â 962,A01,1,1,2,0,1,-1,-1,0,0,-1,2021,84.0,0,2,6,0,1,0,1,,4,,-1,,2,2,0,2,(1),(1),2,,4,1,0,3,50,22,9,1,83,83036,2,1,0,6,Avenue claude debussy,43.172659,6.516743,10,1,1
202100004733,193Â 320,C01,1,1,1,0,1,0,-1,-1, -1,-1,2021,43.0,2,2,0,2,4,2,1,,3,GAULLE CHARLES (RUE DE),0,,2,2,0,1,12,691,1,, -1,2,0,1,50,3,12,1,64,64260,2,1,1,4,Boulevard de Gaulle,43.35699,-1.77632,15,3,3
202100023107,160Â 310,B01,1,1,1,0,8,0,-1,-1, -1,-1,2021,76.0,1,1,0,2,4,1,5,,4,GAULLE CHARLES DE (AV),0,,-1,3,1,1,0,0,1,, -1,1,0,5,50,20,8,1,72,72003,2,6,0,2,GAULLE CHARLES DE (AV),47.97379,0.15843,15,2,2
202100028840,150Â 167,A01,10,3,1,5,0,-1,-1,1,B,1,2021,73.0,3,2,0,2,2,1,1,,4,GARE DE FOS,0,,2,2,0,1,0,0,1,, -1,1,0,1,50,13,7,1,13,13077,2,1,0,3,GARE DE FOS,43.40676,4.98447,10,2,1
202100028748,150Â 339,A01,10,3,1,5,0,-1,-1,5,9,3,2021,16.0,1,2,0,1,2,16,1,,3,,-1,,2,2,0,1,59,600,1,,4,1,0,4,50,14,7,5,88,88486,2,3,0,6,2 Rue Michel Collinet,48.007819,6.716246,0,5,1
202100043221,124Â 400,B01,1,1,2,0,2,6,-1,-1, -1,-1,2021,56.0,1,1,1,2,1,1,1,,3,VOLTAIRE ( BD 16 A FIN ),0,,2,0,1,1,0,0,1,, -1,1,0,1,50,21,4,1,92,92004,2,1,0,3,VOLTAIRE ( BD 16 A FIN ),48.91632,2.2899,11,2,2
202100036708,136Â 096,A01,1,1,2,0,2,-1,-1,0,0,-1,2021,51.0,1,1,0,0,1,1,1,,3,23,-1,,2,2,0,1,6,200,1,, -1,1,0,3,80,3,6,3,973,97309,1,1,0,7,Route de Degrad des Cannes,4.876366,-52.278657,18,1,1
202100039308,131Â 335,B01,1,1,1,1,2,0,-1,-1, -1,-1,2021,32.0,2,1,0,2,0,0,1,,7,RABATAU (BOULEVARD),0,,2,4,0,2,0,500,1,, -1,2,0,1,50,18,5,1,13,13210,2,9,1,3,RABATAU (BOULEVARD),43.2808,5.399403,19,2,2
202100034076,140Â 852,B01,1,1,2,1,2,8,-1,0,0,-1,2021,24.0,1,1,0,2,1,19,0,,4,DELMAS   AVENUE MAURICE,0,,2,2,1,1,(1),(1),1,, -1,1,5,1,30,15,6,1,17,17300,2,2,1,3,DELMAS   AVENUE MAURICE,46.15879,-1.15949,9,2,2
202100003881,194Â 814,A01,10,3,2,0,0,-1,-1,3,3,1,2021,54.0,2,2,0,1,3,26,1,,3,1015,0,,2,2,0,1,(1),(1),1,, -1,1,6,1,50,8,12,3,80,80373,2,1,0,6,7 Rue Charles de Gaulle,49.983894,1.561189,8,2,1
202100044522,122Â 131,A01,10,3,1,5,0,-1,-1,1,3,2,2021,42.0,1,2,0,1,3,11,1,,3,572,-1,N,2,2,0,1,(1),(1),1,, -1,1,0,1,80,11,4,1,13,13004,1,1,0,1,Rte de St Gilles,43.411125,4.726619,14,2,1
202100020054,165Â 780,B01,1,1,1,5,2,0,-1,0,0,-1,2021,30.0,2,1,0,2,7,1,1,,3,Route de BÃ©mont,0,,2,2,0,1,12,400,1,, -1,1,0,1,80,4,9,1,88,88462,1,3,0,5,Route de BÃ©mont,48.0360805207,6.6791376472,18,4,3
202100024538,157Â 800,A01,1,1,1,5,2,8,-1,-1, -1,-1,2021,47.0,2,1,14,0,1,1,1,,7,BARRIELES CHEMIN DES,0,,2,2,0,2,0,0,3,, -1,1,9,1,50,13,8,5,13,13063,2,1,0,6,BARRIELES CHEMIN DES,43.57781,5.01126,1,1,1
202100024570,157Â 743,B01,1,1,1,4,2,0,-1,-1, -1,-1,2021,33.0,1,1,0,2,1,1,1,,3,GALLIENI (BD) (1 A 79 ET 22 A 102),0,,2,2,1,1,0,0,1,, -1,1,0,1,50,12,8,1,92,92078,2,2,0,3,GALLIENI (BD) (1 A 79 ET 22 A 102),48.9249257542,2.3254832625,14,2,2
202100044045,122Â 946,A01,1,1,1,9,2,0,-1,0,0,-1,2021,31.0,1,1,0,2,1,18,1,,4,RUE ROUVET,0,,1,1,0,1,(1),(1),1,, -1,1,0,1,30,14,4,1,75,75119,2,1,0,3,RUE ROUVET,48.893736,2.384116,8,3,2
202100022423,161Â 559,A01,1,1,1,0,2,0,-1,-1, -1,-1,2021,16.0,1,1,0,2,1,17,1,,4,PRESABURU ALLEE),0,,2,2,0,1,0,0,1,, -1,1,0,1,50,26,8,1,64,64545,2,1,0,3,PRESABURU ALLEE),43.36,-1.7,17,2,2
202100053521,106Â 049,A01,1,1,1,5,2,-1,-1,0,0,-1,2021,69.0,2,1,0,2,0,1,5,,3,110,-1,,2,2,0,2,1,500,1,, -1,1,0,1,80,28,1,1,47,47217,1,1,0,6,1610 Route de la Sauvetat,44.208311,0.799996,15,2,2
202100027385,152Â 766,B01,1,1,1,9,2,6,-1,0,0,-1,2021,42.0,1,1,0,2,1,23,1,,4,AVENUE DE LA GRANDE ARMEE,0,,3,3,0,1,(1),(1),1,, -1,1,0,1,50,23,7,1,75,75117,2,2,0,5,AVENUE DE LA GRANDE ARMEE,48.874599,2.293113,19,5,3
202100026191,154Â 876,A01,1,1,1,5,0,-1,-1,0,0,-1,2021,53.0,1,2,14,0,3,5,1,,3,4,-1,,2,2,0,3,(1),(1),1,, -1,1,0,8,70,1,8,1,11,11049,2,1,0,6,D4,43.268741,2.132485,17,1,1
202100034576,139Â 913,A01,10,3,2,5,0,-1,-1,2,3,2,2021,87.0,2,2,0,1,3,1,1,,3,LAON (AVENUE) DU NÂ° 51 A 217 ET DU NÂ° 62,0,,3,2,0,1,16,900,1,, -1,1,0,1,50,13,6,1,51,51454,2,1,0,7,Avenue de Laon,49.2648490228,4.026657841,18,2,1
202100008058,187Â 328,B01,1,1,1,1,2,0,-1,-1, -1,-1,2021,23.0,2,1,0,2,1,1,1,,4,HUIT MAI 1945 (AV DU),0,,2,2,0,1,1,0,1,, -1,1,0,1,50,14,11,1,94,94058,2,2,0,3,Avenue du 8 Mai 1945,48.851354,2.510779,12,2,2
202100021306,163Â 569,B01,1,1,2,1,1,0,-1,-1, -1,-1,2021,51.0,1,5,0,2,8,2,1,,4,PASTEUR (AV),0,,2,2,0,2,1,0,2,, -1,2,0,2,50,1,9,1,94,94077,2,4,0,3,Avenue Pasteur,48.7378245105,2.4226742142,11,2,2
202100009794,184Â 186,A01,2,2,2,5,2,0,0,0,0,-1,2021,33.0,1,1,0,2,1,21,1,,3,,0,,1,1,0,1,5,415,1,, -1,1,0,1,50,2,11,5,6,6083,2,4,0,3,GREVILLE (RUE HENRI),43.777024,7.502889,23,3,2
202100013217,178Â 113,A01,10,3,2,5,0,-1,-1,2,2,2,2021,2.0,3,2,0,1,2,26,1,,4,PIERRELAYE (RUE DE),0,,2,2,0,1,(1),(1),1,, -1,1,0,6,30,13,10,1,95,95218,2,1,0,6,PIERRELAYE (RUE DE),49.022235,2.105249,16,2,1
202100052510,107Â 861,B01,1,1,1,1,1,-1,-1,-1, -1,-1,2021,28.0,1,2,3,2,4,1,1,,1,43,0,,3,9,0,1,9,600,1,, -1,2,0,1,90,3,2,1,69,69290,1,1,0,5,A43 ,45.7054,4.9604,16,4,4
202100017578,170Â 203,A01,1,1,1,5,2,-1,-1,0,0,-1,2021,60.0,1,1,0,0,1,1,5,,3,243,0,D,2,2,0,2,4,0,2,, -1,1,0,1,50,23,9,1,74,74056,1,1,0,7,Rte du Foue,45.901403,6.829151,15,1,1
202100053029,106Â 934,A01,4,2,2,5,1,0,-1,-1, -1,-1,2021,40.0,2,2,16,0,9,13,1,,1,A7-Sens Marseille vers Lyon,0,,1,2,0,1,273,963,1,, -1,1,0,1,70,31,1,1,13,13215,1,1,0,7,A7-Sens Marseille vers Lyon,43.37574,5.36018,9,3,1
202100042404,125Â 835,B01,1,1,1,5,2,6,-1,0,0,-1,2021,52.0,1,1,0,0,0,1,1,,3,59,0,,2,2,0,1,9,50,2,, -1,1,0,1,70,23,4,1,69,69080,2,1,0,7,D59,45.533311,4.742264,16,2,2
202100006246,190Â 632,B01,1,1,1,5,1,0,-1,-1, -1,-1,2021,55.0,0,2,0,2,3,1,1,,7,GRAVENAND ROUTE DU CENTRE DE,0,,2,2,0,2,10,650,3,, -1,1,0,1,50,21,11,1,42,42186,2,1,0,5,Route du Centre de Gravenand,45.52784,4.59436,17,6,3
202100055269,103Â 026,B01,1,1,1,5,1,0,-1,-1, -1,-1,2021,16.0,3,1,0,2,1,2,1,,4,GIBERT DES MOLIERES (RUE),0,,1,3,0,2,0,0,1,, -1,2,0,1,50,12,1,1,974,97411,1,3,1,3,Rue Gibert des MoliÃ¨res,-20.888066,55.445603,13,4,2
202100046996,117Â 775,B01,1,1,2,4,1,-1,-1,0,0,-1,2021,57.0,1,3,0,0,6,24,1,2.0,3,534,-1,,2,2,0,1,(1),(1),1,, -1,1,0,1,50,23,3,1,58,58225,2,1,0,2,Route de la Gare,46.927627,3.073702,8,5,2
202100002986,196Â 438,A01,1,1,1,0,1,-1,-1,0,0,-1,2021,34.0,0,2,0,2,3,14,1,,3,652,-1,,2,2,0,1,135,200,3,, -1,2,0,1,80,15,12,3,40,40065,1,1,1,1,D652,43.610787,-1.432514,20,2,2
202100002240,197Â 779,B01,3,2,1,0,3,-1,-1,-1, -1,-1,2021,0.0,1,2,0,2,4,13,1,,3,CHALONS (ROUTE DE) RN 44,0,,1,2,0,1,25,0,1,, -1,1,0,1,90,17,12,3,51,51493,1,1,0,2,Route de ChÃ¢lons,49.221867097,4.117821157,17,3,2
202100012363,179Â 617,A01,1,1,1,0,2,6,-1,-1, -1,-1,2021,21.0,2,1,0,2,1,2,1,,1,AUTOROUTE A1,0,,3,6,0,1,2,500,1,, -1,1,0,1,90,19,10,1,93,93066,1,1,0,3,AUTOROUTE A1,48.9252822732,2.357055749,11,2,2
202100046042,119Â 460,B01,1,1,1,5,2,6,9,0,0,-1,2021,30.0,2,1,0,2,1,17,1,,3,137,0,D,2,2,0,2,11,900,1,, -1,1,0,1,80,31,3,1,60,60116,1,3,1,3,D137,49.3158418775,2.3662049934,14,2,2
202100034473,140Â 104,B01,1,1,1,5,2,-1,-1,0,0,-1,2021,48.0,1,1,0,0,0,21,5,,3,765,0,,2,2,0,4,100,180,1,, -1,1,5,1,70,13,6,1,56,56078,1,3,1,7,Route de Keranna,47.795485,-3.465285,8,2,2
202100005420,192Â 108,B01,1,1,1,4,1,-1,-1,0,0,-1,2021,31.0,2,2,0,2,3,1,1,,3,54,0,D,2,1,0,2,13,600,4,, -1,2,0,1,50,2,12,1,29,29227,1,1,1,1,Lieu Dit le Guilly,48.374283,-3.602872,16,4,2
202100040467,129Â 274,A01,1,1,1,1,8,-1,-1,-1, -1,-1,2021,26.0,3,1,0,2,8,19,3,,7,ARISTIDE BRIAND (D 518)             (R ),0,,2,2,0,1,4,350,1,, -1,1,0,1,50,10,5,5,69,69290,2,2,0,3,ARISTIDE BRIAND (R),45.69644,4.92632,2,3,2
202100028462,150Â 840,B01,1,1,1,5,1,-1,-1,-1, -1,-1,2021,27.0,1,2,0,2,4,2,1,,7,LAURENT BONNEVAY            (BD),0,,3,8,0,1,9,199,1,, -1,1,3,2,70,17,7,5,69,69029,1,9,0,2,LAURENT BONNEVAY (BD),45.7437589119,4.9058139324,22,2,2
202100022824,160Â 813,A01,1,1,2,1,2,6,-1,0,0,-1,2021,24.0,1,1,0,2,1,2,1,,4,AVENUE D ITALIE,0,,2,4,0,1,(1),(1),1,, -1,1,0,1,50,22,8,1,75,75113,2,3,0,2,AVENUE D ITALIE,48.828333,2.356605,19,2,2
202100022333,161Â 717,A01,1,1,1,5,0,-1,-1,0,0,-1,2021,22.0,2,2,13,0,3,1,1,,3,15,0,,3,2,0,2,12,650,1,, -1,1,0,3,80,28,8,3,89,89464,1,1,0,6,D15,48.072258,3.266606,4,2,1
202100045335,120Â 704,B01,1,1,1,0,8,0,-1,-1, -1,-1,2021,40.0,1,2,0,2,6,1,1,,2,RN 118,0,,1,2,0,1,3,299,1,, -1,1,0,1,90,2,4,1,91,91064,1,1,0,3,RN 118,48.74887,2.21861,19,2,2
202100042634,125Â 421,A01,1,1,1,9,1,-1,-1,0,0,-1,2021,57.0,2,2,15,0,1,14,1,,2,224,-1,,2,2,0,1,30,5,1,, -1,2,0,3,80,26,4,1,31,31150,1,1,1,6,RN 224,43.658022,1.339892,15,1,1
202100038524,132Â 780,B01,1,1,2,5,1,0,-1,0,0,-1,2021,25.0,2,2,0,2,8,1,1,,4,PORTE D AUBERVILLIERS,0,,1,4,0,1,24,200,1,, -1,1,0,1,70,23,5,4,75,75119,2,1,0,3,PORTE D AUBERVILLIERS,48.900479,2.37528,21,4,2
202100002261,197Â 741,A01,10,3,2,0,0,-1,-1,3,3,1,2021,29.0,2,2,0,1,2,1,1,,4,LANGUEDOC (Rue du),0,,2,1,0,1,(1),(1),1,, -1,1,0,1,50,17,12,1,7,7102,2,1,0,6,LANGUEDOC (Rue du),44.92623,4.86812,8,2,1
202100005719,191Â 580,C01,1,1,1,2,1,-1,-1,-1, -1,-1,2021,24.0,2,2,0,2,4,2,1,,1,AUTOROUTE A 63,0,,3,4,0,1,10,400,1,, -1,2,0,1,130,29,11,1,33,33122,1,1,1,4,AUTOROUTE A 63,44.72863,-0.7281,9,8,6
202100031011,146Â 302,B01,1,1,1,2,0,-1,-1,-1, -1,-1,2021,12.0,1,1,12,2,4,19,5,,4,PAUL MARCELLIN                      (AV),0,,2,4,0,1,(1),(1),3,, -1,1,0,1,30,1,6,1,69,69256,2,4,0,2,PAUL MARCELLIN                      (AV),45.77405,4.93232,12,2,2
202100021708,162Â 836,A01,1,1,2,5,2,-1,-1,0,0,-1,2021,16.0,3,1,0,0,8,16,1,,4,,0,,2,2,0,1,(1),(1),1,,4,1,0,1,50,31,8,1,17,17347,2,7,0,3,Rue d Aguesseau,45.942944,-0.522376,17,3,2
202100025269,156Â 485,B01,1,1,2,5,8,-1,-1,0,0,-1,2021,48.0,3,1,0,2,0,1,5,,4,4 AOUT 1789    (Rue du),0,,1,0,2,2,(1),(1),1,, -1,1,0,1,50,6,8,1,69,69266,2,1,0,3,4 AOUT 1789 (DU) (R),45.76459,4.89129,19,2,2
202100042207,126Â 180,A01,1,1,1,5,2,6,-1,0,0,-1,2021,32.0,1,1,0,2,3,3,1,,4,PORTE DE SAINT OUEN,0,,1,4,0,1,20,300,1,, -1,1,0,1,70,28,4,1,75,75117,2,1,0,3,PORTE DE SAINT OUEN,48.900348,2.322174,18,2,2
202100001058,199Â 870,A01,10,3,1,1,0,-1,-1,4,3,1,2021,76.0,1,1,0,1,1,1,3,,4,BOULEVARD BARBES,0,,3,4,1,2,(1),(1),3,, -1,1,0,1,30,28,12,5,75,75118,2,2,0,6,BOULEVARD BARBES,48.89156,2.349624,21,2,1
202100041862,126Â 799,B01,1,1,2,1,8,0,-1,-1, -1,-1,2021,55.0,1,2,0,2,4,2,1,,2,RN 104,0,,3,2,0,1,48,0,1,, -1,1,0,1,110,30,4,1,91,91103,1,1,0,4,RN 104,48.62483,2.3111,20,3,3
202100036514,136Â 439,A01,1,1,1,5,2,6,-1,0,0,-1,2021,25.0,0,6,0,0,0,1,1,,4,,0,,2,2,0,1,0,0,1,,4,1,0,1,50,5,6,1,38,38313,2,1,0,7,Rue du Mont Aiguille,44.889718,5.796047,13,1,1
202100042859,125Â 057,A01,10,3,2,5,8,8,-1,2,3,1,2021,15.0,1,2,0,1,1,1,1,,4,CLERMONT (DE),0,,2,2,0,1,(1),(1),1,, -1,1,0,1,50,23,4,1,60,60159,2,1,0,6,Rue de Clermont,49.419725488,2.8208234309,18,2,1
202100014521,175Â 752,A01,10,3,2,3,0,-1,-1,3,3,1,2021,82.0,0,1,0,1,1,1,1,,3,795,-1,,2,2,0,1,(1),(1),1,, -1,1,9,8,30,8,10,2,22,22050,2,1,1,6,Rue de Brest,48.452323,-2.059672,18,3,1
202100030802,146Â 706,A01,1,1,1,1,8,0,-1,-1, -1,-1,2021,23.0,0,1,0,0,0,1,3,,4,POMPIDOU (AVENUE GEORGES),0,,3,4,0,2,0,0,1,, -1,1,0,1,50,30,6,1,87,87085,2,1,0,7,POMPIDOU (AVENUE GEORGES),45.8189,1.26593,12,1,1
202100011036,181Â 992,A01,1,1,1,4,1,0,-1,-1, -1,-1,2021,26.0,1,5,0,2,1,26,1,,1,A4.Y,0,,1,3,0,1,16,800,1,, -1,1,0,1,110,26,10,2,77,77169,1,1,0,2,A4.Y,48.83129,2.60279,17,2,2
202100021594,163Â 033,A01,1,1,1,9,1,-1,-1,0,0,-1,2021,24.0,0,2,1,0,1,1,1,,4,BAPAUME (BOULEVARD DE),0,,2,4,3,1,(1),(1),1,, -1,1,0,1,50,28,8,5,80,80021,2,1,0,6,BAPAUME (BOULEVARD DE),49.8806552462,2.3121554196,5,2,1
202100049046,114Â 085,A01,10,3,2,0,0,-1,-1,3,3,1,2021,81.0,1,5,0,1,3,9,1,,2,JAURES (BOULEVARD JEAN),0,,3,4,0,1,0,0,1,, -1,1,0,1,70,3,3,2,974,97411,1,1,0,6,Boulevard Jean JaurÃ¨s,-20.90114,55.49689,6,2,1
202100001821,198Â 545,A01,1,1,2,5,1,-1,-1,-1, -1,-1,2021,31.0,1,2,0,2,2,2,1,,1,AUTOROUTE A 63,0,,3,4,0,1,7,99,1,, -1,1,0,1,110,22,12,2,33,33122,1,1,0,4,AUTOROUTE A 63,44.748625,-0.697759,17,3,3
202100039457,131Â 079,B01,1,1,2,0,8,-1,-1,-1, -1,-1,2021,58.0,1,1,0,2,1,1,5,,4,CRS DE L'YSER,0,,2,2,2,1,(1),(1),1,, -1,1,0,5,50,18,5,1,33,33063,2,1,0,3,Cours de lâYser,44.8275032953,-0.569025542,17,2,2
202100011327,181Â 483,C01,4,2,2,0,1,0,-1,-1, -1,-1,2021,0.0,1,2,0,2,4,1,1,,1,AUTOROUTE A104,0,,3,6,0,1,5,300,1,, -1,1,0,1,110,24,10,1,93,93078,1,1,0,4,AUTOROUTE A104,48.9629669714,2.5486509873,17,5,4
202100052316,108Â 202,A01,1,1,1,9,2,6,-1,0,0,-1,2021,54.0,3,1,0,2,1,1,1,,4,LE GORGEU (NÂ°29 (TOTAL)-UBO(ALBERT 1ER ),0,,2,2,0,1,(1),(1),2,, -1,1,0,1,50,6,2,1,29,29019,2,6,0,3,Avenue Victor le Gorgeu,48.400749555,-4.4997435808,9,2,2
202100006141,190Â 834,B01,1,1,1,5,2,6,-1,0,0,-1,2021,26.0,2,1,0,2,1,1,1,,3,225,-1,,2,2,0,2,28,100,1,, -1,1,0,1,50,24,11,1,63,63132,2,2,0,3,Rue de la Poste/Charmille,45.630898,3.558546,9,2,2
202100027910,151Â 820,A01,1,1,2,9,1,0,-1,0,0,-1,2021,53.0,2,2,9,0,1,19,1,,7,FLAUBERT (BD GUSTAVE),0,,3,4,0,1,(1),(1),1,, -1,1,0,1,50,19,7,1,63,63113,2,1,0,6,13 FLAUBERT (BD GUSTAVE),45.7714948975,3.1220340011,10,1,1
202100036044,137Â 257,A01,1,1,1,3,1,0,-1,-1, -1,-1,2021,41.0,1,2,0,2,1,17,1,,3,EUCALYPTUS (ROUTE DES),0,,2,2,0,2,5,850,2,, -1,2,0,1,50,5,6,2,974,97411,2,1,1,1,EUCALYPTUS (ROUTE DES),-20.886495,55.434686,17,3,2
202100006900,189Â 438,A01,10,3,1,0,0,-1,-1,3,3,1,2021,61.0,2,2,0,1,3,1,1,,3,ROCHEFORT (DE)  (AVENUE),0,,2,2,0,1,39,502,1,, -1,1,0,1,50,19,11,2,17,17306,2,1,0,6,ROCHEFORT (DE)  (AVENUE),45.64312,-1.02479,17,2,1
202100047520,116Â 823,A01,10,3,2,9,0,-1,-1,2,3,1,2021,34.0,1,2,0,1,2,1,1,,4,QUAI DU LOUVRE,0,,1,3,0,1,(1),(1),1,, -1,2,0,1,50,17,3,1,75,75101,2,2,1,6,QUAI DU LOUVRE,48.858506,2.342487,17,4,1
202100002386,197Â 518,B01,1,1,1,5,1,0,-1,-1, -1,-1,2021,40.0,3,2,0,2,6,2,1,,3,D.346,0,,2,2,0,1,2,960,2,, -1,1,0,1,70,18,12,3,77,77326,1,1,0,2,D346,48.576692,2.567724,0,2,2
202100050313,111Â 770,A01,1,1,2,1,1,8,-1,0,0,-1,2021,52.0,1,2,3,0,1,13,1,,2,ROCADE RN88 SUD,0,,1,1,0,2,(1),(1),3,, -1,1,3,1,50,24,2,1,81,81004,2,1,0,7,ROCADE RN88 SUD,43.9113678657,2.1402179174,17,1,1
202100053675,105Â 792,A01,1,1,2,9,1,-1,-1,0,0,-1,2021,75.0,0,2,0,0,2,13,1,,3,2,-1,D,2,2,0,1,26,510,4,, -1,1,0,1,70,26,1,1,84,84118,1,1,0,1,D2,43.930655,5.323445,17,5,2
202100013739,177Â 151,A01,1,1,1,5,2,6,8,0,0,-1,2021,54.0,1,1,3,0,8,1,1,,1,75,0,A,3,2,0,2,133,700,3,, -1,1,0,1,110,13,10,1,48,48009,1,1,0,6,A75 PK 133+700 en direction de millau,44.73355,3.29039,13,1,1
202100008402,186Â 714,A01,2,2,2,5,0,-1,-1,0,0,-1,2021,40.0,1,2,2,0,1,0,1,,3,137,0,,2,2,0,1,9,350,1,, -1,1,0,3,80,12,11,1,17,17324,1,1,0,6,D137,45.413364,-0.564294,16,2,1
202100039893,130Â 283,A01,2,2,1,5,1,-1,-1,0,0,-1,2021,67.0,1,5,10,0,2,1,1,,2,149,0,,2,2,0,2,40,645,1,,"7,3",2,0,3,80,16,5,1,79,79088,1,3,1,6,Route de Poitiers,46.822217,-0.412701,14,2,1
202100026137,154Â 973,B01,1,1,2,5,1,0,-1,-1, -1,-1,2021,69.0,1,2,0,2,7,1,1,,4,ALPHASIS (AVENUE D'),0,,2,2,0,1,(1),(1),1,, -1,2,0,1,30,31,7,1,35,35278,2,2,0,3,ALPHASIS (AVENUE D'),48.15411,-1.69674,19,2,2
202100045671,120Â 103,A01,1,1,1,5,2,-1,-1,0,0,-1,2021,53.0,1,1,0,0,0,13,5,,3,4,-1,,-1,1,0,1,54,80,1,, -1,1,0,6,-1,1,4,1,34,34111,1,1,0,7,D4 PK54+80,43.961407,3.706083,16,1,1
202100056150,101Â 516,B01,1,1,1,0,2,8,-1,-1, -1,-1,2021,31.0,2,1,0,2,1,1,1,,7,660,0,,2,2,0,1,(1),(1),1,, -1,1,0,1,50,5,1,5,59,59650,2,3,0,3,CARNOT (RUE),50.69948,3.21095,16,2,2
202100044730,121Â 761,B01,1,1,2,5,2,0,-1,-1, -1,-1,2021,7.0,3,1,0,2,1,19,5,,4,,0,,2,2,0,1,0,0,1,, -1,1,0,1,30,8,4,1,92,92047,2,1,0,3,MARCHE,48.8359583196,2.1600855142,16,2,2
202100033820,141Â 308,A01,1,1,1,4,2,6,-1,-1, -1,-1,2021,25.0,3,1,0,0,4,23,1,,4,BAUMANN PIERRE RUE,0,,2,3,1,1,(1),(1),1,, -1,1,5,1,50,9,5,1,59,59350,2,2,0,2,BAUMANN PIERRE RUE,50.62465,3.09827,13,2,2
202100051649,109Â 368,A01,1,1,1,5,1,-1,-1,-1, -1,-1,2021,38.0,1,2,1,2,3,13,1,,3,COLLE - RUE DU,0,,2,2,0,2,1,0,2,, -1,1,0,1,50,11,2,1,202,202033,2,3,0,6,COLLE - RUE DU,42.6946,9.45,9,4,2
202100048753,114Â 618,A01,1,1,1,2,2,6,9,0,0,-1,2021,17.0,2,1,17,0,1,1,1,,3,20,-1,,2,2,0,2,65,950,3,, -1,1,0,3,80,9,3,1,86,86163,1,1,0,6,Le Grand Recoin,46.632559,0.490195,9,1,1
202100041222,127Â 918,A01,1,1,1,5,1,0,-1,-1, -1,-1,2021,37.0,1,2,0,2,4,2,1,,1,A50-Sens Marseille vers Aubagne,0,,-1,3,0,1,5,599,1,, -1,1,0,1,90,6,5,1,13,13211,1,1,0,2,A50-Sens Marseille vers Aubagne,43.292147,5.452817,18,3,2
202100005703,191Â 607,B01,1,1,1,1,1,-1,-1,0,0,-1,2021,48.0,2,5,6,0,2,24,1,,3,201,0,D,2,2,0,2,10,0,1,, -1,1,0,3,80,29,11,2,971,97126,1,1,0,2,section boisvins,15.955924,-61.238093,17,2,2
202100036972,135Â 613,B01,1,1,1,0,8,0,-1,-1, -1,-1,2021,37.0,3,1,0,2,1,1,5,,7,3,0,,1,2,3,1,53,500,2,, -1,1,8,1,50,1,6,1,76,76498,2,6,0,3,NERUDA. RUE PABLO,49.425903,1.059011,13,2,2
202100034086,140Â 834,B01,1,1,1,9,2,6,-1,-1, -1,-1,2021,20.0,1,1,0,2,3,0,1,,3,DESMOULINS ( RUE CAMILLE ),0,,2,2,0,1,0,0,1,, -1,1,5,1,50,16,6,1,3,3185,2,2,0,1,THOMAS ( AVENUE ALBERT ),46.35363,2.58966,19,3,2