Num_Acc,id_vehicule,num_veh,place,catu,sexe,trajet,secu1,secu2,secu3,locp,actp,etatp,year_acc,victim_age,senc,catv,obs,obsm,choc,manv,motor,occutc,catr,voie,v1,v2,circ,nbv,vosp,prof,pr,pr1,plan,lartpc,larrout,surf,infra,situ,vma,jour,mois,lum,dep,com,agg_,int,atm,col,adr,lat,long,hour,nb_victim,nb_vehicules
202100021288,163Â 603,B01,1,1,1,4,1,0,-1,0,0,-1,2021,37.0,3,3,0,2,8,16,1,1.0,4,AVENUE VICTOR HUGO,0,,2,6,0,1,(1),(1),1,, -1,1,0,1,30,1,9,5,75,75116,2,7,0,3,AVENUE VICTOR HUGO,48.8734701106,2.2942956998,22,2,2
202100041612,127Â 224,B01,1,1,1,0,2,6,-1,0,0,-1,2021,42.0,1,1,0,2,1,1,1,,3,98,0,A,1,2,0,1,62,30,1,, -1,1,0,1,30,4,5,1,83,83119,2,9,0,2,D98a,43.268222,6.633071,10,2,2
202100024503,157Â 860,A01,1,1,1,5,2,6,-1,-1, -1,-1,2021,60.0,1,1,0,2,1,2,1,,7,GRAND COURS. AVENUE DU,0,,2,6,0,1,0,0,1,, -1,1,5,1,70,12,8,1,76,76540,1,1,0,2,GRAND COURS. AVENUE DU,49.427793735,1.1028329359,17,2,2
202100043829,123Â 340,A01,2,2,1,0,0,-1,-1,0,0,-1,2021,28.0,2,2,0,2,1,13,1,,3,,-1,E,2,2,0,1,0,600,1,, -1,1,0,1,80,16,4,2,2,2748,1,1,0,1,D1e7,49.082693,3.633599,20,4,2
202100027750,152Â 106,A01,2,2,1,0,2,8,-1,-1, -1,-1,2021,18.0,0,1,0,2,1,0,1,,4,CHARLES LIVON (BOULEVARD),0,,3,4,0,1,0,0,1,, -1,1,0,1,50,20,7,5,13,13206,2,1,0,1,CHARLES LIVON (BOULEVARD),43.29202,5.37896,23,3,2
202100044633,121Â 943,A01,10,3,1,5,0,-1,-1,1,3,1,2021,80.0,1,5,0,1,2,1,1,,2,1,-1,,2,2,0,1,16,100,1,, -1,1,0,1,80,9,4,3,973,97305,1,1,0,6,PK16.100 RN1,4.93983,-52.411158,18,2,1
202100028826,150Â 195,A01,1,1,1,1,1,0,-1,-1, -1,-1,2021,23.0,1,2,8,0,1,1,1,,4,Rue TrÃ©mollet,0,,2,2,0,2,(1),(1),1,, -1,2,0,4,50,16,7,5,42,42095,2,1,1,6,Rue TrÃ©mollet,45.38344,4.28171,0,1,1
202100022106,162Â 109,B01,1,1,1,9,2,0,-1,0,0,-1,2021,54.0,0,1,0,2,0,1,5,,4,RUE SOUFFLOT,0,,2,2,1,1,(1),(1),1,, -1,1,0,5,50,27,8,5,75,75105,2,2,0,1,RUE SOUFFLOT,48.8468,2.343347,1,2,2
202100006295,190Â 541,A01,1,1,1,1,2,6,-1,0,0,-1,2021,51.0,1,1,0,1,1,1,3,,4,BOULEVARD DE MAGENTA,0,,2,4,0,1,(1),(1),1,, -1,1,0,1,30,25,11,1,75,75110,2,4,0,6,BOULEVARD DE MAGENTA,48.875552,2.356713,10,2,1
202100037267,135Â 062,A01,1,1,1,5,2,0,-1,-1, -1,-1,2021,21.0,1,1,0,2,1,26,1,,7,HENRI BARNIER (BOULEVARD),0,,2,2,0,2,1,500,1,, -1,1,0,1,50,4,5,1,13,13215,2,1,0,3,HENRI BARNIER (BOULEVARD),43.3678503931,5.3441512585,19,3,2
202100050218,111Â 950,A01,10,3,1,5,0,-1,-1,2,1,1,2021,90.0,3,5,0,1,4,4,1,,4,BOULEVARD DE L HOPITAL,0,,2,1,0,1,(1),(1),2,, -1,1,0,1,30,24,2,1,75,75113,2,1,0,6,BOULEVARD DE L HOPITAL,48.8387593094,2.3609132993,16,2,1
202100023823,159Â 042,A01,1,1,2,0,1,0,-1,-1, -1,-1,2021,27.0,1,2,0,2,4,1,1,,1,A51-Sens Marseille vers Aix en Provence,0,,1,3,0,1,3,0,1,, -1,1,0,1,90,17,8,1,13,13019,1,1,0,2,A51-Sens Marseille vers Aix en Provence,43.4247811516,5.3758704152,18,3,2
202100030902,146Â 525,A01,1,1,1,4,1,-1,-1,0,0,-1,2021,56.0,1,2,13,0,2,1,1,,3,765,0,D,3,2,0,3,61,200,1,, -1,1,0,3,80,4,7,1,29,29173,1,1,0,6,lieu dit LeurÃ©,48.0086064585,-4.1801691055,15,1,1
202100023364,159Â 855,B01,1,1,1,5,0,-1,-1,0,0,-1,2021,10.0,2,1,0,2,8,5,5,,3,104,-1,D,2,2,0,1,7,900,1,, -1,1,5,1,50,16,8,1,30,30059,2,2,0,6,Boulevard Gambetta,43.673102,4.236801,15,2,2
202100007498,188Â 354,B01,1,1,1,5,2,-1,-1,0,0,-1,2021,15.0,0,1,0,2,1,1,1,,3,951,0,D,2,2,0,2,62,10,1,, -1,2,0,1,50,17,11,5,58,58079,2,1,1,1,Route d Armes,47.457595,3.526113,17,2,2
202100014612,175Â 595,A01,1,1,1,0,8,0,-1,0,0,-1,2021,41.0,3,1,0,0,0,26,5,,9,PARIS (AVENUE DE),0,,-1,1,1,1,(1),(1),1,, -1,1,0,5,20,6,10,1,27,27681,2,9,0,7,PARIS (AVENUE DE),49.08585,1.49764,16,1,1
202100043017,124Â 781,A01,1,1,1,9,2,6,-1,-1, -1,-1,2021,38.0,1,1,8,0,1,14,1,,4,JUPITER (CHEMIN DE),0,,2,2,0,1,0,0,1,, -1,1,0,4,50,21,4,1,64,64102,2,1,0,7,JUPITER (CHEMIN DE),43.47907,-1.45522,19,1,1
202100009013,185Â 608,A01,1,1,1,9,9,-1,-1,0,0,-1,2021,63.0,3,4,2,0,1,26,6,,3,44,-1,,2,2,0,2,(1),(1),1,, -1,1,2,8,50,29,10,1,87,87041,2,9,0,1,Rue des Remparts,46.131267,1.277965,17,1,1
202100023853,158Â 990,A01,10,3,1,0,0,-1,-1,3,3,2,2021,3.0,3,2,0,1,1,1,1,,4,BD GEORGES MICHEL,0,,2,2,0,1,0,0,3,, -1,1,0,1,50,14,8,1,91,91174,2,1,0,6,BD GEORGES MICHEL,48.60764,2.47038,19,3,1
202100036565,136Â 352,B01,1,1,1,0,1,0,-1,-1, -1,-1,2021,47.0,2,2,0,2,4,12,1,,1,AUTOROUTE A25,0,,1,4,0,1,27,100,1,, -1,1,0,1,110,6,6,1,59,59043,1,1,0,6,AUTOROUTE A25,50.7162298448,2.7621761545,19,3,2
202100013399,177Â 781,A01,1,1,1,9,2,0,-1,-1, -1,-1,2021,20.0,2,1,0,2,1,9,1,,3,LUGO (AV DE),0,,1,3,0,1,1,0,1,, -1,1,0,1,50,13,10,4,94,94022,2,1,0,2,Avenue de Lugo,48.7695259945,2.4094390868,19,2,2
202100036098,137Â 154,A01,1,1,1,9,8,0,-1,0,0,-1,2021,30.0,2,1,0,2,1,1,5,,4,BOULEVARD DE CHARONNE,0,,3,4,2,1,(1),(1),1,, -1,1,0,1,50,6,6,1,75,75111,2,4,0,3,AVENUE PHILIPPE AUGUSTE,48.858329,2.3897,17,2,2
202100000118,201Â 542,A01,1,1,1,2,2,6,-1,-1, -1,-1,2021,17.0,3,1,0,1,2,17,1,,4,CHASSEURS (RUE DU 16 EME),0,,2,2,0,1,0,0,1,, -1,2,9,1,50,10,11,2,21,21054,2,1,1,6,CHASSEURS (RUE DU 16 EME),47.02926,4.85145,7,2,1
202100056128,101Â 555,A01,1,1,2,1,1,0,-1,-1,0,-1,2021,26.0,2,2,8,0,1,14,1,,1,15,0,,1,1,0,1,14,699,1,, -1,2,0,1,70,4,1,2,95,95424,1,1,1,6, A15,48.99388,2.18445,9,1,1
202100006870,189Â 506,A01,1,1,2,1,8,-1,-1,0,0,-1,2021,22.0,2,2,2,0,8,13,1,,3,209,0,D,2,2,0,1,8,100,3,, -1,1,0,3,80,23,11,3,17,17434,1,1,0,6,D209,46.118049,-0.726943,20,1,1
202100034036,140Â 922,A01,1,1,1,5,2,8,-1,0,0,-1,2021,17.0,3,1,0,2,1,15,1,,4,SCHWEITZER (RUE DU DOCTEUR),0,,2,2,0,1,(1),(1),3,, -1,1,0,1,50,15,6,1,71,71270,2,3,0,1,Rue du Docteur Schweitzer,46.3200757609,4.8380337494,15,4,2
202100002569,197Â 191,A01,1,1,1,1,2,8,-1,-1, -1,-1,2021,48.0,1,1,0,2,1,17,1,,3,Lefaguyes (chemin),0,,2,2,0,1,(1),(1),1,, -1,1,0,1,50,16,12,1,974,97409,2,1,0,3,Lefaguyes (chemin),-20.953859,55.670319,13,2,2
202100051607,109Â 444,B01,1,1,2,0,8,5,-1,-1, -1,-1,2021,27.0,3,2,0,2,4,2,1,,3,GEORGES BRAQUE (BOULEVARD),0,,1,2,0,1,1,0,1,, -1,1,0,1,50,13,2,5,93,93005,2,1,0,4,GEORGES BRAQUE (BOULEVARD),48.9576472313,2.4785289034,20,3,3
202100000439,200Â 920,A01,1,1,2,1,2,6,-1,0,0,-1,2021,57.0,2,1,0,2,1,1,1,,3,51,0,D,2,2,0,1,42,200,1,,4,1,0,1,80,29,9,1,38,38307,1,2,0,3,route dÃ©partementale 51,45.400771,5.068356,12,5,2
202100024884,157Â 177,B01,1,1,1,1,2,-1,-1,-1, -1,-1,2021,26.0,1,1,0,2,1,0,1,,4,ALLEGRE (QUAI CNE),0,,2,2,1,1,(1),(1),1,, -1,1,0,1,50,29,7,3,33,33009,2,2,0,3,Quai du Capitaine Allegre,44.657547,-1.146779,21,3,2
202100024418,158Â 035,A01,1,1,1,5,2,-1,-1,0,0,-1,2021,24.0,2,1,7,0,1,0,1,,3,6,-1,,2,2,0,2,23,385,2,, -1,1,0,3,50,13,8,5,27,27377,2,1,0,6,Boulevard du General de Gaulle,49.401067,1.48147,4,1,1
202100001452,199Â 188,B01,1,1,2,0,1,0,-1,-1, -1,-1,2021,76.0,3,2,0,2,5,1,1,,4,CLOUERE (RUE DE LA),0,,2,2,0,1,(1),(1),1,, -1,1,0,1,50,23,12,1,86,86194,2,1,0,3,Rue de la Clouere,46.591282,0.3584,15,2,2
202100044647,121Â 912,A01,2,2,2,0,1,0,-1,-1, -1,-1,2021,2.0,1,2,0,2,4,0,1,,1,AUTOROUTE A3,0,,3,10,0,1,7,0,1,, -1,1,0,1,70,9,4,1,93,93053,1,1,0,3,AUTOROUTE A3,48.89754,2.46977,14,3,2
202100036087,137Â 178,B01,1,1,1,5,1,-1,-1,-1, -1,-1,2021,54.0,2,2,0,2,6,20,1,,4,MOULIN (AV. J.),0,,2,2,0,1,(1),(1),1,, -1,1,0,1,50,5,6,1,4,4112,2,1,0,2,Av Jean Moulin,43.83025,5.77799,17,2,2
202100025250,156Â 522,A01,2,1,1,9,8,0,-1,-1, -1,-1,2021,30.0,2,1,0,2,1,19,5,,2,VIEUX BOURG,0,,1,1,0,2,(1),(1),1,, -1,1,0,1,50,18,6,1,971,97101,2,6,0,3,VIEUX BOURG,16.25011,-61.52927,17,2,2
202100049606,113Â 075,A01,10,3,1,9,0,-1,-1,4,3,1,2021,59.0,3,2,0,1,7,1,1,,4,GRIGNY (ROUTE DE),0,,2,2,0,1,0,0,1,, -1,1,0,1,50,20,2,2,91,91521,2,1,0,6,GRIGNY (ROUTE DE),48.65093,2.40418,8,2,1
202100029747,148Â 619,B01,1,1,1,1,8,-1,-1,-1,0,-1,2021,43.0,3,1,0,2,3,1,5,,3,GARE (AVENUE DE LA),0,,2,2,0,1,11,660,1,, -1,1,5,1,50,9,7,1,95,95427,2,2,0,3,Rue du Muret,48.9749120725,2.3428559303,7,2,2
202100004683,193Â 405,A01,2,2,2,4,1,8,-1,-1, -1,-1,2021,20.0,1,2,0,2,7,10,1,,4,MARNE (BOULEVARD DE LA),0,,2,2,0,2,0,0,1,, -1,1,0,1,30,4,12,1,972,97209,2,1,0,3,MARNE (BOULEVARD DE LA),14.60475,-61.08371,11,3,2
202100027733,152Â 141,B01,1,1,2,9,2,0,-1,-1, -1,-1,2021,23.0,1,1,0,2,3,1,1,,4,PAUL BERT,0,,-1,2,0,1,1,0,1,, -1,1,0,1,50,10,7,1,49,49007,2,1,0,3,PAUL BERT,47.46548,-0.55062,10,2,2
202100022387,161Â 634,A01,1,1,2,4,1,-1,-1,0,0,-1,2021,22.0,1,2,3,0,7,1,1,,2,31,0,,3,2,0,1,30,600,1,, -1,1,0,1,80,28,8,3,60,60628,1,1,0,6,N31,49.428911049,2.1267946127,4,1,1
202100031770,144Â 974,B01,1,1,1,1,2,6,-1,0,0,-1,2021,34.0,0,1,0,2,8,1,1,,7,35,0,D,2,2,0,1,(1),(1),1,, -1,1,0,1,50,29,6,1,13,13078,2,2,0,3,avenue du port,43.393904,4.797893,19,2,2
202100015065,174Â 779,B01,1,1,1,9,1,0,-1,-1, -1,-1,2021,53.0,2,2,0,2,6,1,1,,2,RN136,0,,3,4,0,1,2,600,1,, -1,1,0,1,90,4,10,3,35,35051,1,1,0,2,RN136,48.106313,-1.599941,6,2,2
202100010167,183Â 528,A01,1,1,1,9,0,0,-1,0,0,-1,2021,41.0,1,1,0,2,1,17,5,,4,AVENUE DE FLANDRE,0,,3,5,1,1,(1),(1),1,, -1,2,0,1,30,29,10,5,75,75119,2,3,1,3,AVENUE DE FLANDRE,48.894771,2.382329,23,2,2
202100047690,116Â 512,A01,1,1,1,5,2,-1,-1,0,0,-1,2021,69.0,1,1,0,2,0,1,5,,3,7B,-1,,1,1,0,1,0,0,1,, -1,1,0,1,50,17,3,1,14,14562,2,1,0,3,Rue du Marechal Foch,49.329686,-0.39271,11,2,2
202100016822,171Â 552,A01,10,3,2,5,0,-1,-1,4,9,2,2021,4.0,1,2,0,1,3,1,1,,4,AV DE LA GARENNE,0,,1,1,0,1,(1),(1),1,, -1,1,0,1,30,18,9,1,91,91228,2,1,0,6,AVENUE  DE LA GARENNE,48.621312,2.403257,11,2,1
202100040744,128Â 782,B01,2,2,2,5,1,-1,-1,-1, -1,-1,2021,54.0,1,2,0,2,1,1,1,,3,NEUFCHATEL (RUE DE) DU NÂ° 123 A FIN (IMP,0,,2,2,0,1,1,430,1,, -1,1,0,1,50,8,5,1,51,51454,2,3,0,3,Rue de Neufchatel,49.27994,4.02711,19,6,2
202100043094,124Â 644,A01,2,2,2,5,8,-1,-1,0,0,-1,2021,71.0,1,2,14,0,1,13,1,,3,789,-1,,1,2,0,1,17,650,1,, -1,1,5,1,80,22,4,1,29,29190,1,6,0,6,Le Lannou,48.3533503922,-4.7182866047,15,2,1
202100009743,184Â 286,A01,10,3,1,0,0,-1,-1,3,3,1,2021,18.0,0,2,0,1,1,1,1,,3,SAINT FUSCIEN (RUE),0,,2,2,0,1,(1),(1),1,, -1,1,0,1,30,29,10,1,80,80021,2,1,0,6,SAINT FUSCIEN (RUE),49.87428,2.30655,14,2,1
202100053942,105Â 330,B01,1,1,2,1,8,0,-1,-1, -1,-1,2021,26.0,3,1,0,2,8,19,5,,4,STENDHAL (AVENUE),0,,3,2,2,1,(1),(1),1,, -1,2,0,1,50,22,1,1,37,37261,2,1,0,6,STENDHAL (AVENUE),47.3682354792,0.7086754092,11,2,2
202100027526,152Â 525,A01,1,1,1,5,2,6,-1,-1, -1,-1,2021,19.0,2,1,0,1,1,26,1,,3,VIEIL ARRAS (RUE DU),0,,1,1,0,2,8,670,1,, -1,1,0,4,50,22,7,1,62,62083,2,1,0,6,VIEIL ARRAS (RUE DU),50.4477,2.606512,14,2,1
202100008130,187Â 189,A01,2,2,2,5,-1,6,-1,-1, -1,-1,2021,50.0,1,1,0,2,8,1,1,,1,A4,0,,3,6,0,2,22,900,1,, -1,2,0,1,110,15,11,3,77,77121,1,1,0,6,A4,48.83114,2.6843,16,3,2
202100008215,187Â 031,B01,2,2,1,5,1,-1,-1,-1, -1,-1,2021,27.0,1,5,0,2,4,1,1,,1,A6   433.690 A 435.100,0,,3,4,0,1,434,200,1,, -1,1,0,1,130,14,11,3,69,69122,1,1,0,2,A6   433.690 A 435.100,45.9161801308,4.7262241277,18,4,2
202100004556,193Â 632,A01,2,2,2,0,1,0,-1,-1, -1,-1,2021,20.0,3,2,0,2,1,1,1,,4,BOBIGNY (AVENUE DE),0,,2,2,1,1,0,0,2,, -1,2,0,1,50,5,12,5,93,93053,2,1,1,1,BOBIGNY (AVENUE DE),48.8941120622,2.4485604465,0,3,2
202100007898,187Â 620,A01,1,1,1,5,1,-1,-1,0,0,-1,2021,26.0,2,2,13,0,1,14,1,,2,10,-1,,3,2,0,2,96,600,1,,7,1,0,3,110,14,11,3,86,86039,1,1,0,7,N10,46.242809,0.165932,1,1,1
202100052910,107Â 142,A01,1,1,1,5,1,0,-1,0,0,-1,2021,31.0,3,2,11,0,1,13,2,,4,ROUTE DE LA PTE DES SABLONS A LA PTE MAI,0,,2,2,0,1,(1),(1),1,, -1,2,0,1,50,30,1,5,75,75116,2,4,1,6,ROUTE DE LA PTE DES SABLONS A LA PTE MAI,48.8772503985,2.2704997845,22,1,1
202100019515,166Â 748,A01,1,1,1,5,2,0,-1,0,0,-1,2021,29.0,3,1,0,1,1,1,5,,4,AVENUE DAUMESNIL,0,,2,2,0,1,(1),(1),1,, -1,1,0,1,50,11,9,1,75,75112,2,1,0,6,AVENUE DAUMESNIL,48.837715,2.425638,9,2,1
202100022030,162Â 252,B01,1,1,1,5,1,-1,-1,0,0,-1,2021,89.0,1,2,0,2,1,2,1,,3,943,0,D,2,2,0,1,54,300,1,, -1,1,0,1,70,24,8,1,62,62014,2,1,0,2,D943,50.652658,2.394483,11,2,2
202100044797,121Â 637,B01,2,2,1,5,2,0,-1,-1, -1,-1,2021,3.0,3,1,0,2,1,26,2,,4,,0,,2,2,0,1,0,0,3,, -1,1,9,1,50,6,4,1,91,91425,2,9,0,3,RUE DE PARIS,48.64189,2.27204,18,3,2
202100034821,139Â 471,A01,5,2,1,5,0,-1,-1,0,0,-1,2021,18.0,3,6,0,0,0,0,1,,4,,-1,,-1,2,0,2,(1),(1),4,,4,1,0,1,80,12,6,3,81,81209,1,1,0,7,Route de Rigaud,43.533266,2.38944,3,3,1
202100020305,165Â 342,B01,1,1,1,0,1,0,-1,0,0,-1,2021,20.0,1,2,0,2,4,1,1,,3,CD NÂ° 515 (ROUTE DE OUISTREHAM),0,,3,4,0,1,1,0,1,, -1,1,0,1,90,7,9,1,14,14327,1,1,0,4,CD NÂ° 515 (ROUTE DE OUISTREHAM),49.1996,-0.32688,8,3,3
202100044624,121Â 958,A01,1,1,2,9,2,4,6,0,0,-1,2021,20.0,1,1,2,0,3,15,1,,3,40,0,,2,2,0,2,24,741,1,, -1,1,0,4,50,8,4,1,44,44148,2,2,0,7,Place de l'Eglise,47.757307,-1.494688,12,1,1
202100044620,121Â 964,A01,10,3,2,5,0,-1,-1,1,5,1,2021,45.0,1,2,0,1,2,1,1,,3,140,-1,,2,2,0,1,(1),(1),1,, -1,2,0,1,80,10,4,1,58,58064,1,1,1,6,Chemin de Compostelle,47.273072,3.246591,8,2,1
202100054712,103Â 994,A01,10,3,2,5,0,-1,-1,5,2,1,2021,85.0,2,5,0,1,6,4,1,,3,929,-1,,-1,2,0,1,8,673,1,, -1,1,0,4,50,18,1,1,76,76752,2,1,0,6,47 Rue Jacques Ferny,49.669523,0.900834,14,2,1
202100047788,116Â 330,A01,1,1,1,5,2,8,-1,-1, -1,-1,2021,21.0,1,1,14,0,1,13,3,,4,SAINTE  ANNE (RUE),0,,2,2,0,2,(1),(1),1,, -1,1,0,1,50,15,3,5,56,56162,2,1,0,6,SAINTE  ANNE (RUE),47.73873,-3.41887,23,1,1
202100040123,129Â 882,A01,1,1,2,5,1,-1,-1,0,0,-1,2021,49.0,2,2,13,0,1,1,1,,3,520,0,A,2,2,0,2,3,100,3,, -1,2,0,3,70,14,5,1,38,38407,1,1,0,7,D520a,45.33815,5.661864,16,1,1
202100035193,138Â 792,A01,1,1,1,9,2,6,-1,-1, -1,-1,2021,37.0,2,1,0,2,1,3,1,,1,86,0,,3,4,0,2,5,699,1,, -1,1,0,1,90,10,6,1,92,92025,1,1,0,3,A86,48.9344033326,2.2568908888,18,2,2
202100012112,180Â 060,A01,1,1,2,5,1,-1,-1,0,0,-1,2021,19.0,2,2,4,0,3,1,1,,1,1,-1,A,3,3,0,1,50,0,1,,"13,5",1,0,1,130,20,10,3,60,60100,1,1,1,6,A1,49.2538158341,2.6825318783,21,4,2
202100054614,104Â 163,B01,1,1,1,0,2,6,-1,-1, -1,-1,2021,27.0,-1,1,0,2,0,1,1,,3,CARNOT RUE SADI,0,,1,2,1,3,0,1,1,, -1,1,0,1,50,18,1,1,93,93006,2,2,0,3,CARNOT RUE SADI,48.8763,2.42592,9,2,2
202100001811,198Â 560,A01,1,1,1,5,0,-1,-1,0,0,-1,2021,25.0,1,2,3,0,1,1,1,,3,40,-1,,2,2,0,1,57,0,2,, -1,2,9,8,80,24,12,3,86,86102,1,1,1,6,D40,46.650068,0.150861,3,2,1
202100018681,168Â 251,A01,1,1,1,5,2,-1,-1,0,0,-1,2021,54.0,1,1,0,2,1,2,6,,3,21,0,D,-1,2,0,1,2,540,1,, -1,1,0,1,80,17,9,1,81,81283,1,1,0,2,D21,43.933523,1.956065,16,2,2
202100039184,131Â 585,A01,1,1,1,9,8,-1,-1,0,0,-1,2021,20.0,2,2,6,0,3,2,1,,3,988,0,D,2,2,0,1,72,800,1,, -1,1,0,3,80,21,5,3,81,81220,1,1,0,6,33 Route d'Albi,43.834383,1.748866,2,1,1
202100018029,169Â 400,Z01,10,3,2,9,0,-1,-1,2,9,1,2021,41.0,1,2,0,1,4,4,1,,4,RUE LA FAYETTE,0,,2,4,0,1,(1),(1),1,, -1,1,8,1,30,19,9,1,75,75110,2,2,0,6,RUE LA FAYETTE,48.879475,2.357726,9,2,1
202100003865,194Â 842,A01,10,3,1,2,0,-1,-1,9,5,1,2021,15.0,1,2,0,1,2,17,1,,3,4Z,0,D,2,2,0,1,18,200,1,, -1,1,0,1,30,9,12,1,95,95487,2,1,0,6,122 Rue Jean Catelas,49.157225,2.28455,13,2,1
202100015396,174Â 187,A01,1,1,1,5,1,-1,-1,0,0,-1,2021,30.0,2,2,0,2,4,26,1,,3,37,0,D,2,2,0,1,29,300,3,, -1,2,0,1,80,3,10,2,58,58244,1,1,1,7,D37,47.042562,3.862832,18,2,2
202100020823,164Â 424,A01,1,1,2,5,1,0,-1,-1, -1,-1,2021,68.0,1,2,0,2,7,1,1,,1,A104,0,,3,6,0,1,8,500,1,, -1,1,3,1,90,4,9,1,77,77294,1,1,0,3,A104,48.97291,2.57649,12,2,2
202100029497,149Â 069,A01,1,1,2,0,0,-1,-1,0,0,-1,2021,22.0,2,1,0,0,0,0,5,,3,,-1,,2,1,0,2,(1),(1),1,,"3,5",1,0,1,50,11,7,1,38,38561,2,1,0,6,Chemin de la Madone,45.311073,5.212138,12,1,1
202100022576,161Â 265,A01,1,1,1,1,2,6,-1,-1, -1,-1,2021,60.0,2,1,3,0,8,1,1,,1,A104,0,,3,1,0,3,11,800,1,, -1,1,0,1,90,26,8,1,77,77294,1,1,0,7,A104,48.96627,2.60781,20,1,1
202100054259,104Â 769,A01,10,3,1,1,0,-1,-1,2,3,1,2021,47.0,1,1,0,1,1,1,1,,4,THOREZ MAURICE RUE,0,,1,2,0,1,0,0,1,, -1,1,0,1,30,20,1,1,92,92050,2,4,0,6,THOREZ MAURICE RUE,48.895179511,2.1961967647,13,2,1
202100011460,181Â 236,A01,1,1,1,5,0,-1,-1,0,0,-1,2021,68.0,2,1,0,2,1,1,5,,3,920,0,A,2,2,0,2,1,500,1,, -1,1,0,1,50,24,10,1,61,61345,2,1,0,7,Rue Marcel Louvel,48.432279,0.775411,12,2,2
202100044441,122Â 249,A01,1,1,1,0,8,0,-1,-1, -1,-1,2021,29.0,0,1,1,0,2,26,1,,4,ITEVA (RUE SOSTHENE),0,,1,1,0,2,0,0,1,, -1,1,0,1,50,10,4,5,974,97416,2,1,0,6,ITEVA (RUE SOSTHENE),-21.3392093518,55.4841589468,21,1,1
202100042157,126Â 269,A01,7,2,2,0,8,0,-1,-1, -1,-1,2021,60.0,0,3,0,2,3,15,1,2.0,4,NEREE,0,,-1,1,0,2,0,0,1,, -1,1,0,1,50,26,4,1,971,97101,2,9,0,3,NEREE,16.26805,-61.5025,12,3,2
202100034606,139Â 855,A01,10,3,1,5,0,-1,-1,2,4,1,2021,76.0,1,1,1,1,1,1,1,,4,BOULEVARD DE REUILLY,0,,2,3,0,1,(1),(1),1,, -1,1,0,1,50,13,6,1,75,75112,2,1,0,6,BOULEVARD DE REUILLY,48.839204,2.391821,15,2,1
202100039936,130Â 202,A01,2,2,1,0,1,-1,-1,-1, -1,-1,2021,86.0,2,2,0,2,1,19,1,,3,JOLIOT CURIE (RUE),0,,2,2,0,1,(1),(1),1,, -1,2,5,1,50,12,5,1,50,50129,2,2,1,3,JOLIOT CURIE (RUE),49.62913,-1.64096,13,3,2
202100002075,198Â 088,B01,1,1,1,0,8,-1,-1,0,0,-1,2021,27.0,2,1,0,2,1,1,1,,3,437,-1,,2,3,0,1,122,720,1,, -1,9,0,1,50,21,12,5,25,25463,2,3,0,1,Rue de MontbÃ©liard,47.394529,6.770368,20,2,2
202100051803,109Â 102,A01,1,1,2,0,1,0,-1,-1, -1,-1,2021,23.0,1,2,4,0,2,26,1,,2,RN 1057 (CH. EPITAPHE-CH. MONTBOUCONS),0,,3,4,0,2,9,200,3,, -1,7,0,3,90,11,2,3,25,25056,1,1,0,6,N57 MONTBOUCONS,47.26282,6.005745,23,1,1
202100006818,189Â 589,A01,1,1,2,1,8,0,-1,0,0,-1,2021,32.0,2,1,0,2,8,1,3,,4,RUE DE PICPUS,0,,2,2,0,1,(1),(1),1,, -1,1,0,1,30,22,11,1,75,75112,2,2,0,3,RUE DE PICPUS,48.842711,2.397462,8,2,2
202100013982,176Â 707,B01,1,1,2,0,2,-1,-1,-1, -1,-1,2021,22.0,1,1,0,2,1,1,5,,4,VILLON (DE)                         (R ),0,,1,1,0,1,(1),(1),1,, -1,1,0,1,50,10,10,1,69,69388,2,1,0,3,VILLON (R),45.7464036658,4.8668628931,13,2,2
202100019751,166Â 339,B01,1,1,1,1,2,6,-1,-1, -1,-1,2021,42.0,1,1,0,2,3,1,1,,4,59,0,,1,1,0,1,0,1,1,, -1,2,0,1,50,10,9,1,92,92049,2,1,0,3,ARNOUX AVENUE MAURICE AUTRES NÂ°,48.820024428,2.3131212302,16,2,2
202100009511,184Â 711,A01,1,1,1,0,1,-1,-1,0,0,-1,2021,45.0,2,2,0,2,1,2,1,,7,1082,-1,,2,2,0,2,60,475,1,, -1,1,0,1,80,3,11,3,42,42097,1,1,0,4,M1082,45.492017,4.323544,17,4,3
202100049751,112Â 812,A01,2,2,2,5,1,0,-1,-1, -1,-1,2021,86.0,2,2,8,0,3,1,1,,3,BASQUE (AVENUE DU GRAND),0,,2,4,1,4,4,587,1,, -1,2,0,1,50,28,2,1,64,64102,2,6,0,7,BASQUE (AVENUE DU GRAND),43.49182,-1.45369,16,2,1
202100016049,172Â 964,A01,1,1,1,5,1,-1,-1,-1,0,-1,2021,58.0,2,2,3,0,8,13,1,,2,RN 184,0,,2,4,0,1,6,400,1,, -1,1,0,1,90,30,9,1,95,95572,1,1,0,6,RN 184,49.050813,2.147383,16,1,1
202100008319,186Â 857,A01,1,1,1,3,1,-1,-1,0,0,-1,2021,23.0,2,2,0,2,3,13,1,,3,177,0,,2,2,0,1,2,200,3,, -1,2,0,1,80,13,11,1,78,78003,1,1,1,1,ROUTE DÃPARTEMENTALE D177,48.505886,1.824138,12,3,2
202100020558,164Â 882,A01,1,1,1,9,2,0,-1,0,0,-1,2021,53.0,1,1,0,2,5,23,1,,4,RUE DE CLIGNANCOURT,0,,1,2,0,1,(1),(1),1,, -1,1,0,1,50,5,9,5,75,75118,2,7,0,2,RUE DE CLIGNANCOURT,48.886363,2.347586,20,2,2