Num_Acc,id_vehicule,num_veh,place,catu,sexe,trajet,secu1,secu2,secu3,locp,actp,etatp,year_acc,victim_age,senc,catv,obs,obsm,choc,manv,motor,occutc,catr,voie,v1,v2,circ,nbv,vosp,prof,pr,pr1,plan,lartpc,larrout,surf,infra,situ,vma,jour,mois,lum,dep,com,agg_,int,atm,col,adr,lat,long,hour,nb_victim,nb_vehicules
202100025041,156Â 895,B01,1,1,1,1,1,-1,-1,0,0,-1,2021,18.0,1,2,8,2,3,9,1,,3,223,0,D,2,2,0,1,3,550,3,, -1,1,0,1,80,9,8,1,47,47117,1,4,0,1,D223,44.349471,0.749753,8,2,2
202100032145,144Â 290,A01,1,1,2,9,2,0,-1,0,0,-1,2021,24.0,2,1,0,0,0,1,3,,4,RUE DE TURENNE,0,,2,2,0,1,(1),(1),1,, -1,2,0,1,30,26,6,5,75,75104,2,1,1,7,RUE DE TURENNE,48.856278,2.36417,1,1,1
202100049935,112Â 484,B01,1,1,1,5,1,9,-1,0,0,-1,2021,18.0,2,2,0,2,8,1,1,,3,1032,0,D,2,2,0,1,0,530,1,, -1,1,5,1,80,27,2,1,2,2461,1,2,0,3,D1032,49.597687,3.131554,17,3,2
202100027264,152Â 988,A01,1,1,1,5,2,6,-1,0,0,-1,2021,21.0,3,1,0,2,3,13,1,,4,2,0,,2,2,0,4,(1),(1),2,, -1,1,0,1,80,24,7,1,12,12198,1,1,0,3,lavernhe,44.285661,2.222583,18,2,2
202100041284,127Â 812,A01,10,3,2,0,0,-1,-1,4,3,1,2021,20.0,3,2,0,1,2,1,1,,4,MARECHAL JUIN (BD),0,,3,4,1,1,(1),(1),1,, -1,2,0,1,50,4,5,1,37,37261,2,1,1,6,MARECHAL JUIN (BD),47.41866,0.70438,19,2,1
202100029581,148Â 915,B01,1,1,1,0,0,0,-1,-1, -1,-1,2021,20.0,0,1,0,2,0,0,3,,4,SAINT PAUL. PLACE,0,,2,2,0,1,(1),(1),1,, -1,1,0,6,30,10,7,1,76,76540,2,7,0,3,SAINT PAUL. PLACE,49.43416,1.105935,16,2,2
202100015934,173Â 181,A01,1,1,1,5,2,6,-1,-1, -1,-1,2021,23.0,3,1,0,2,1,17,1,,3,C.D. 35 BIS,0,,3,3,1,2,0,97,1,, -1,1,0,1,50,30,9,1,6,6004,1,1,0,5,C.D. 35 BIS,43.59519,7.09073,18,3,3
202100029130,149Â 682,B01,1,1,1,5,2,8,-1,-1, -1,-1,2021,64.0,1,1,0,2,7,1,1,,4,FEBVOTTE (RUE),0,,2,2,0,1,(1),(1),1,, -1,1,0,1,50,12,7,1,37,37261,2,3,0,6,FEBVOTTE (RUE),47.3771448201,0.6882311595,14,3,2
202100012553,179Â 278,A01,1,1,1,5,2,6,-1,0,0,-1,2021,21.0,1,1,13,0,7,1,1,,3,308,0,,2,2,0,1,1,100,2,, -1,1,0,3,80,17,10,1,52,52119,1,1,0,6,D308,47.830516,5.500417,18,1,1
202100015491,174Â 012,B01,1,1,2,1,2,-1,-1,-1,0,-1,2021,41.0,3,0,0,2,4,2,3,,4,LECLERC (RUE DU GENERAL),0,,2,2,0,1,(1),(1),1,, -1,1,0,1,30,1,10,1,95,95555,2,1,0,2,LECLERC (RUE DU GENERAL),48.9669203172,2.2906785404,7,2,2
202100026528,154Â 280,D01,1,1,1,4,1,-1,-1,0,0,-1,2021,62.0,1,4,0,2,1,2,1,,3,504,-1,,1,1,0,1,3,400,1,, -1,1,0,1,90,29,7,1,67,67409,1,1,0,4,D504,48.83531,8.089746,15,4,4
202100053933,105Â 344,B01,1,1,1,9,8,0,-1,-1, -1,-1,2021,24.0,1,2,0,2,1,5,1,,7,M6D,0,,3,3,0,1,(1),(1),1,, -1,1,0,1,90,23,1,5,59,59009,1,1,0,1,"D.6, route express",50.64756,3.16405,6,2,2
202100024253,158Â 316,A01,1,1,1,0,8,-1,-1,-1, -1,-1,2021,80.0,3,2,0,2,3,1,1,,4,EGALITE (DE L')                     (R ),0,,2,2,0,1,(1),(1),1,, -1,9,8,1,30,11,8,1,69,69256,2,3,0,2,EGALITE (DE L') (R),45.78603,4.92407,11,2,2
202100048645,114Â 803,B01,1,1,1,0,1,0,-1,-1, -1,-1,2021,36.0,1,1,0,2,1,3,1,,4,SAINTE TRINITE (RUE),0,,2,2,0,1,0,0,1,, -1,1,5,1,50,9,3,1,987,98736,1,9,0,3,SAINTE TRINITE (RUE),-17.5327,-149.545,8,2,2
202100049888,112Â 565,A01,1,1,1,5,2,6,-1,0,0,-1,2021,23.0,1,1,13,0,1,13,1,,3,RD 44,0,,2,0,0,1,26,201,3,, -1,1,0,8,70,27,2,3,29,29039,1,1,0,6,D44 - Lieu-dit Kerambrunou,47.92128,-3.89241,4,2,1
202100037822,134Â 050,B01,1,1,1,0,1,0,-1,0,0,-1,2021,21.0,2,2,0,2,4,1,1,,2,RN 94,0,,2,2,0,1,72,115,1,, -1,1,0,1,50,27,5,1,5,5061,1,1,0,4,RN 94,44.57046,6.10505,8,3,3
202100020721,164Â 591,B01,1,1,1,9,2,0,-1,0,0,-1,2021,34.0,1,1,0,2,1,1,3,,4,RUE D ENGHIEN,0,,2,2,0,1,(1),(1),1,, -1,2,0,1,30,5,9,5,75,75110,2,2,1,3,RUE D ENGHIEN,48.872129,2.350048,1,2,2
202100040288,129Â 590,A01,1,1,2,0,1,8,-1,-1, -1,-1,2021,58.0,2,2,0,2,4,1,1,,1,A7-Sens Marseille vers Lyon,0,,1,3,0,1,277,0,1,, -1,1,0,1,90,12,5,1,13,13215,1,1,0,4,A7-Sens Marseille vers Lyon,43.35325,5.36506,13,3,3
202100020581,164Â 843,A01,1,1,1,0,2,6,-1,-1, -1,-1,2021,32.0,2,1,0,2,1,26,1,,3,KENNEDY (AVENUE DU PRESIDENT),0,,2,2,0,1,0,0,1,, -1,1,0,1,50,6,9,1,93,93064,2,1,0,2,KENNEDY (AVENUE DU PRESIDENT),48.878023977,2.487573266,11,2,2
202100026125,154Â 995,B01,1,1,2,0,1,0,-1,0,0,-1,2021,40.0,2,2,0,2,8,1,1,,7,,0,,3,5,0,1,(1),(1),1,, -1,1,0,1,50,30,7,1,63,63113,2,2,0,3,FLAUBERT/ Schuman,45.76415,3.12595,9,2,2
202100036053,137Â 243,C01,1,1,2,0,8,0,-1,-1, -1,-1,2021,41.0,3,2,0,2,4,2,1,,4,AGREVE  (AVENUE JEAN),0,,2,2,0,1,0,0,1,, -1,1,0,1,30,5,6,1,83,83069,2,1,0,4,AGREVE  (AVENUE JEAN),43.08198,6.15325,17,6,3
202100024117,158Â 552,A01,1,1,1,5,1,0,-1,-1, -1,-1,2021,42.0,2,2,0,0,0,0,1,,4,PAULET (CHEMIN DE),0,,2,-1,0,1,(1),(1),3,, -1,1,0,1,50,14,8,3,82,82121,2,1,0,7,PAULET (CHEMIN DE),44.014141,1.306391,0,1,1
202100030276,147Â 647,A01,1,1,1,1,1,-1,-1,0,0,-1,2021,22.0,1,2,0,2,8,13,1,,3,10,-1,A,2,2,0,1,2,700,3,,"5,5",2,0,1,80,8,7,1,38,38070,1,1,0,1,Route dÃ©partemental 10A,45.281334,5.922318,7,2,2
202100051097,110Â 341,A01,1,1,1,4,2,6,-1,-1, -1,-1,2021,27.0,1,1,0,2,1,1,1,,3,CHARLES GIDE,0,,2,2,0,1,0,1,1,, -1,2,0,1,50,18,2,5,93,93029,2,3,1,3,CHARLES GIDE,48.9146931489,2.4460909667,20,2,2
202100014770,175Â 314,B01,1,1,1,1,2,4,-1,-1, -1,-1,2021,62.0,1,1,0,2,7,1,5,,4,PARMENTIER (RUE),0,,2,0,0,1,0,0,1,, -1,1,0,1,30,6,10,1,91,91477,2,1,0,3,PARMENTIER (RUE),48.706001,2.208818,8,2,2
202100052112,108Â 560,A01,1,1,1,5,2,8,-1,-1, -1,-1,2021,73.0,3,1,0,1,1,1,1,,4,JUIN (AVE ALPHONSE),0,,1,4,3,1,0,0,1,, -1,1,0,1,50,8,2,1,83,83137,2,1,0,6,JUIN (AVE ALPHONSE),43.1205,5.9457,14,2,1
202100041527,127Â 383,A01,1,1,1,5,2,8,-1,-1, -1,-1,2021,22.0,1,1,0,2,2,1,1,,4,JOFFRE ( BD MARECHAL ),0,,3,1,0,1,(1),(1),1,, -1,1,0,1,30,30,4,1,56,56121,2,2,0,3,JOFFRE ( BD MARECHAL ),47.75226,-3.36298,20,2,2
202100013861,176Â 922,A01,1,1,1,0,0,-1,-1,-1, -1,-1,2021,56.0,2,1,0,2,0,19,5,,4,CHEM DE LISSANDRE,0,,2,4,1,1,(1),(1),3,, -1,1,0,1,50,11,10,1,33,33119,2,4,0,6,Chemin de Lissandre,44.86022,-0.53824,17,2,2
202100056416,101Â 058,A01,1,1,1,5,1,0,-1,-1, -1,-1,2021,21.0,2,2,6,0,1,1,1,,4,ZIEM AVENUE,0,,1,1,0,1,0,0,1,, -1,2,9,1,50,1,1,1,6,6027,2,1,1,7,ZIEM AVENUE,43.66407,7.15774,13,2,1
202100042832,125Â 103,A01,1,1,1,5,2,0,-1,-1, -1,-1,2021,22.0,3,1,12,0,1,0,1,,6,PREMIER MAI,0,,-1,-1,0,1,(1),(1),1,, -1,1,0,4,50,22,4,1,76,76305,2,1,0,7,PREMIER MAI,49.50545,0.23557,10,1,1
202100055999,101Â 790,A01,1,1,1,1,1,-1,-1,0,0,-1,2021,23.0,2,2,6,0,1,1,1,,3,28,0,,2,2,0,1,29,300,4,, -1,1,0,1,30,8,1,5,38,38412,2,1,0,6,Route de Villette,45.399542,5.723888,18,1,1
202100031404,145Â 620,B01,1,1,1,5,1,8,-1,-1, -1,-1,2021,33.0,1,2,0,2,1,2,1,,1,A13,0,,3,4,0,2,21,649,1,, -1,1,0,1,110,2,7,1,78,78133,1,1,0,4,A13,48.892787,2.008523,17,6,4
202100047070,117Â 633,A01,1,1,1,1,1,-1,-1,0,0,-1,2021,53.0,0,2,7,0,1,0,1,,3,210,-1,,2,2,0,1,22,600,1,, -1,1,0,1,70,23,3,1,49,49244,1,1,0,6,L'Ile Bigeard (st Laurent-du-mottay),47.372169,-0.965407,13,1,1
202100008463,186Â 611,B01,1,1,1,0,2,0,-1,-1, -1,-1,2021,18.0,1,1,0,2,0,0,1,,7,XX EME CORPS AMERICAIN,0,,2,2,0,1,0,0,1,, -1,1,0,1,50,10,11,5,57,57463,2,2,0,3,XX EME CORPS AMERICAIN,49.10009,6.16233,19,2,2
202100033849,141Â 256,A01,1,1,1,0,1,0,-1,0,0,-1,2021,20.0,3,2,4,0,1,26,1,,4,JAURES (BOULEVARD JAURES),0,,2,2,0,1,(1),(1),1,, -1,2,0,5,50,17,6,1,27,27681,2,1,0,6,JAURES (BOULEVARD JAURES),49.0956254519,1.4620238543,6,1,1
202100044639,121Â 931,A01,1,1,1,5,2,6,-1,0,0,-1,2021,38.0,2,1,2,2,1,0,0,,3,112,0,D,2,2,0,1,84,600,1,, -1,1,0,1,80,10,4,1,81,81140,1,1,0,2,D112,43.691785,1.774571,16,2,2
202100032930,142Â 899,A01,1,1,2,0,2,6,-1,-1, -1,-1,2021,38.0,2,1,0,1,2,17,1,,3,JEAN LOLIVE (AVENUE)(1/55 2/60),0,,2,2,0,1,0,1,1,, -1,2,0,1,50,22,6,1,93,93055,2,3,1,6,JEAN LOLIVE (AVENUE)(1/55 2/60),48.8909642485,2.401419282,10,2,1
202100019320,167Â 091,B01,1,1,1,9,2,-1,-1,-1, -1,-1,2021,37.0,2,1,0,2,1,1,1,,4,CANUTS (DES)                        (BD),0,,2,2,0,1,(1),(1),1,, -1,1,0,1,50,11,9,1,69,69034,2,3,0,3,CANUTS (DES) (BD),45.78417,4.83145,13,2,2
202100053572,105Â 961,A01,1,1,1,5,1,0,-1,-1, -1,-1,2021,43.0,1,2,0,2,8,13,1,,3,CONSTANTY (RUE GEORGES),0,,2,2,0,1,0,0,3,, -1,2,0,1,80,22,1,2,87,87085,1,1,0,1,CONSTANTY (RUE GEORGES),45.9095478,1.3059018,18,2,2
202100014196,176Â 318,A01,1,1,1,1,2,6,-1,0,0,-1,2021,29.0,2,1,0,2,1,11,1,,4,BOULEVARD PERIPHERIQUE,0,,1,4,0,1,24,700,1,, -1,1,0,1,70,8,10,1,75,75119,2,1,0,3,BOULEVARD PERIPHERIQUE,48.900223,2.382005,15,2,2
202100038503,132Â 819,B01,1,1,1,5,8,0,-1,0,0,-1,2021,87.0,1,0,0,2,2,11,3,,4,MONNET (AV. JEAN),0,,3,3,0,1,0,0,1,, -1,1,0,1,50,30,5,1,47,47001,2,1,0,3,MONNET (AV. JEAN),44.19216,0.61267,17,2,2
202100051660,109Â 351,B01,1,1,1,1,2,0,-1,-1, -1,-1,2021,29.0,2,1,0,0,3,21,1,,4,JOFFRE (BD MARECHAL),0,,2,2,0,1,0,0,1,, -1,1,0,1,50,12,2,1,83,83137,2,3,0,3,JOFFRE (BD MARECHAL),43.12365,5.94925,7,2,2
202100023071,160Â 380,A01,1,1,1,0,2,0,-1,-1, -1,-1,2021,31.0,0,0,0,2,0,5,3,,4,SULLY (RUE),0,,2,2,0,1,0,0,1,, -1,1,0,1,50,25,7,1,30,30189,2,3,0,3,SULLY (RUE),43.8435,4.369,14,2,2
202100004360,193Â 965,A01,10,3,1,2,0,-1,-1,4,3,1,2021,14.0,1,2,0,1,3,1,3,,3,,-1,,3,1,3,1,50,494,1,,3,2,0,1,50,29,11,5,44,44122,2,1,0,6,Route de nort sur erdre,47.40055,-1.455613,6,2,1
202100006553,190Â 089,B01,1,1,2,5,1,8,-1,-1, -1,-1,2021,20.0,1,2,0,2,1,0,1,,4,LE COUDRAY,0,,2,2,0,1,0,100,1,, -1,1,0,1,80,27,9,3,77,77269,1,1,0,1,LE COUDRAY,48.5476233891,2.6803052694,1,3,2
202100023657,159Â 339,A01,1,1,1,5,2,6,-1,0,0,-1,2021,15.0,2,1,0,2,1,13,1,,3,62,-1,,2,2,0,1,16,600,4,, -1,1,0,1,80,18,8,1,202,202257,1,1,0,1,RD62,42.5878337575,9.2959946407,17,2,2
202100002568,197Â 192,Z01,10,3,2,2,8,8,-1,3,3,1,2021,23.0,2,1,0,1,0,0,0,,4,JAURES (BOULEVARD JEAN),0,,2,2,0,1,0,0,1,, -1,1,0,1,50,15,12,1,974,97411,1,1,0,3,JAURES (BOULEVARD JEAN),-20.90531,55.50074,11,2,1
202100051306,109Â 964,A01,1,1,1,5,2,8,-1,0,0,-1,2021,50.0,1,1,0,2,1,1,6,,3,MARIGARDE (ROUTE DE LA),0,,2,2,0,4,20,483,2,, -1,1,0,1,50,16,2,1,6,6069,2,1,0,2,MARIGARDE (ROUTE DE LA),43.65414,6.93678,15,2,2
202100035608,138Â 071,B01,1,1,1,0,1,-1,-1,0,0,-1,2021,19.0,1,2,9,2,1,1,1,,1,41,-1,A,3,4,0,1,33,0,1,, -1,1,3,1,130,9,6,5,38,38027,1,3,0,1,D1090,45.426513,5.993983,22,2,2
202100010922,182Â 202,B01,1,1,2,5,2,6,-1,-1, -1,-1,2021,67.0,1,1,0,2,7,16,1,,7,D.5,0,,2,4,0,2,1,0,3,, -1,1,0,1,50,25,10,1,13,13047,1,6,0,7,D.5,43.4794714688,4.9963362897,17,1,1
202100049893,112Â 557,A01,1,1,2,5,2,6,-1,-1, -1,-1,2021,27.0,1,1,0,0,1,17,1,,3,107 REGIMENT D'INFANTERIE,0,,-1,2,0,4,19,0,3,, -1,1,0,1,50,27,2,1,17,17333,2,1,0,5,107 REGIMENT D'INFANTERIE,45.59479,-0.97418,15,3,3
202100003577,195Â 360,A01,1,1,1,5,2,6,-1,-1, -1,-1,2021,28.0,2,1,12,0,8,13,1,,4,DUMAS (AVENUE GEORGES),0,,4,4,0,2,0,0,2,, -1,2,0,1,50,9,12,5,87,87085,2,1,1,6,DUMAS (AVENUE GEORGES),45.8273,1.26026,1,1,1
202100022691,161Â 052,A01,1,1,2,9,1,8,-1,-1, -1,-1,2021,65.0,2,2,0,0,1,1,1,,4,CASE NEGRE (RUE),0,,2,2,0,1,3,400,1,, -1,1,0,1,50,24,8,1,972,97213,2,1,0,6,CASE NEGRE (RUE),14.62189,-60.98957,8,1,1
202100042977,124Â 850,B01,1,1,1,1,2,-1,-1,0,0,-1,2021,30.0,1,1,0,2,1,1,1,,7,568,-1,,2,2,0,2,54,400,1,, -1,1,0,1,80,23,4,1,13,13088,2,1,0,5,Route N 568,43.372391,5.229777,17,5,3
202100052943,107Â 088,A01,1,1,1,5,8,-1,-1,0,0,-1,2021,27.0,0,2,4,0,3,26,1,,1,VE2,-1,,3,4,0,1,0,105,1,, -1,1,0,3,90,31,1,3,988,98805,1,1,0,6,VE2 SENS NORD/SUD,-22.224138,166.468663,21,2,1
202100003391,195Â 699,A01,1,1,1,0,2,8,-1,-1, -1,-1,2021,20.0,1,1,0,2,7,17,1,,4,PREVOT (ERNEST),0,,1,2,0,1,(1),(1),1,, -1,1,0,1,50,11,12,1,973,97302,2,2,0,3,PREVOT (ERNEST),4.93401,-52.33303,10,2,2
202100034100,140Â 811,A01,1,1,2,5,2,0,-1,0,0,-1,2021,46.0,1,1,0,0,0,21,5,,4,QUAI DE VALMY,0,,1,2,1,2,(1),(1),1,, -1,1,0,5,30,16,6,1,75,75110,2,3,0,7,QUAI DE VALMY,48.874223,2.362863,19,1,1
202100022490,161Â 429,A01,1,1,1,9,1,-1,-1,0,0,-1,2021,34.0,1,2,5,2,6,1,1,,3,261,0,D,2,2,0,1,0,530,1,, -1,1,0,1,80,4,8,3,33,33138,1,1,0,2,D261,45.049138,-0.107337,22,3,2
202100028418,150Â 919,A01,2,2,1,4,8,-1,-1,0,0,-1,2021,20.0,1,4,13,0,2,1,1,,3,54,0,D,2,2,0,1,9,200,1,, -1,1,0,3,80,19,7,1,42,42304,1,1,0,6,Route des Monts,45.553359,4.213804,7,2,1
202100055578,102Â 511,A01,1,1,1,3,1,-1,-1,0,0,-1,2021,47.0,1,2,10,0,2,1,1,,3,18,0,D,2,2,0,2,32,610,1,, -1,2,2,1,80,11,1,3,56,56242,1,1,1,6,ManÃ© Derves,48.099513,-3.16819,18,1,1
202100041630,127Â 192,B01,1,1,1,0,1,0,-1,-1, -1,-1,2021,80.0,1,2,0,2,4,2,1,,1,AUTOROUTE A86,0,,3,6,0,1,20,600,1,, -1,1,0,1,90,3,5,1,93,93008,1,1,0,2,AUTOROUTE A86,48.91416,2.43229,10,2,2
202100050424,111Â 566,A01,1,1,1,5,1,0,-1,-1,0,-1,2021,51.0,2,2,4,0,3,11,1,,2,RN 104,0,,3,4,0,1,18,200,1,, -1,1,0,1,110,24,2,3,95,95241,1,1,0,6,RN 104,49.04611,2.4524,20,1,1
202100024376,158Â 111,B01,1,1,1,5,2,6,9,0,0,-1,2021,39.0,1,1,0,2,1,2,1,,3,723,0,D,2,2,0,1,61,471,1,, -1,1,0,1,70,14,8,1,44,44115,1,1,0,3,CD 723 44521,47.352984,-1.269983,10,3,2
202100015508,173Â 982,B01,1,1,1,5,8,0,-1,-1, -1,-1,2021,46.0,1,1,0,2,4,2,5,,4,PACHA (CORNICHE MICHEL),0,,2,2,0,1,0,0,1,, -1,1,0,1,50,30,9,1,83,83126,2,1,0,6,PACHA (CORNICHE MICHEL),43.092862,5.904039,19,2,2
202100055321,102Â 945,A01,1,1,2,1,8,0,-1,-1, -1,-1,2021,26.0,2,2,0,2,5,16,2,,4,SEMBAT (MARCEL),0,,-1,1,1,1,(1),(1),1,, -1,1,0,1,50,12,1,1,35,35238,2,2,0,3,SEMBAT (MARCEL),48.09442,-1.67441,8,2,2
202100054241,104Â 799,A01,1,1,2,5,8,0,-1,0,0,-1,2021,29.0,2,1,0,2,8,16,3,,4,RUE RAYMOND LOSSERAND,0,,1,1,0,1,(1),(1),1,, -1,1,0,1,50,21,1,1,75,75114,2,1,0,2,RUE RAYMOND LOSSERAND,48.832122,2.314701,12,2,2
202100000962,200Â 033,A01,1,1,1,5,2,-1,-1,0,0,-1,2021,58.0,1,1,0,0,0,1,5,,3,,-1,,3,4,-1,1,72,500,1,, -1,1,0,2,-1,21,9,1,29,29232,1,1,0,7,D785 - Route de Pont L'Abbe,47.978387,-4.128973,14,1,1
202100027326,152Â 877,A01,1,1,1,0,2,6,-1,-1, -1,-1,2021,45.0,1,1,0,2,7,17,1,,7,SOLDATS (DES)                       (MO),0,,1,1,0,2,1,500,1,, -1,1,0,1,50,23,7,1,69,69034,2,1,0,3,SOLDATS (DES)                       (MO),45.7960075689,4.8580757444,8,2,2
202100049051,114Â 078,A01,10,3,2,2,0,-1,-1,2,3,1,2021,12.0,2,1,0,1,1,17,1,,3,CLUNY (ROUTE DE),0,,2,2,0,1,1,300,2,, -1,1,0,1,30,5,3,1,972,97209,1,1,0,6,CLUNY (ROUTE DE),14.6156,-61.0831,17,3,2
202100004253,194Â 152,A01,10,3,2,0,0,-1,-1,4,3,1,2021,24.0,1,5,0,1,1,15,1,,4,JACQUART (RUE) DU NÂ° 1 AU NÂ° 75 (IMPAIR),0,,2,2,0,1,(1),(1),1,, -1,1,0,1,50,6,12,1,51,51454,2,2,0,7,Rue Jacquart,49.259,4.044,11,2,1
202100043717,123Â 549,A01,1,1,1,0,8,-1,-1,0,0,-1,2021,23.0,1,2,0,2,7,1,1,,3,915,-1,,2,2,0,1,5,500,1,, -1,1,0,1,50,18,4,1,60,60089,2,1,0,1,D915,49.206222,1.86258,9,4,2
202100044475,122Â 196,B01,1,1,1,1,1,0,-1,0,0,-1,2021,23.0,1,2,0,2,4,2,1,,4,PORTE DE SAINT OUEN,0,,-1,4,0,1,20,300,1,, -1,1,0,1,70,8,4,1,75,75117,2,1,0,4,PORTE DE SAINT OUEN,48.900348,2.322174,13,3,3
202100010508,182Â 940,A01,1,1,1,9,2,6,-1,-1, -1,-1,2021,16.0,2,1,0,2,0,15,1,,4,BIARRITZ (AVENUE DE),0,,2,2,1,1,0,0,1,, -1,1,0,1,30,27,10,1,64,64024,2,1,0,3,BIARRITZ (AVENUE DE),43.4803878444,-1.5163975954,18,2,2
202100035722,137Â 860,A01,1,1,1,2,1,8,-1,-1, -1,-1,2021,23.0,2,2,0,0,2,1,1,,3,D21 F,0,,2,2,0,1,10,198,1,, -1,1,0,3,80,8,6,1,31,31344,1,1,0,6,D21 F,43.097424,0.762078,8,1,1
202100045877,119Â 753,A01,7,2,1,5,0,-1,-1,0,0,-1,2021,20.0,1,2,13,0,1,13,1,,3,85,0,D,2,2,0,2,3,880,3,0,"5,7",1,0,3,80,1,4,1,16,16097,1,1,0,6,Lieu-Dit Mongot,45.753107,-0.338902,11,3,1
202100014190,176Â 329,B01,1,1,1,4,1,0,-1,-1, -1,-1,2021,30.0,1,2,0,2,4,23,2,,4,CANEBIERE     70 A FIN,0,,1,1,1,2,0,0,1,, -1,1,0,1,50,9,10,5,13,13201,2,1,0,2,CANEBIERE     70 A FIN,43.29898,5.38509,1,3,2
202100024835,157Â 261,A01,1,1,1,4,1,0,-1,-1, -1,-1,2021,41.0,2,5,0,0,1,1,1,,2,RN 104,0,,3,2,0,1,50,99,3,, -1,1,0,3,70,10,8,1,91,91521,1,1,0,7,RN 104,48.63242,2.40527,11,1,1
202100028618,150Â 560,B01,1,1,1,3,1,0,-1,-1, -1,-1,2021,20.0,2,2,0,2,3,0,1,,3,AV PAUL DELOUVRIER,0,,3,6,0,1,4,639,1,, -1,1,5,1,70,16,7,1,77,77296,1,3,0,3,AV PAUL DELOUVRIER,48.62091,2.58187,17,2,2
202100040482,129Â 245,C01,1,1,1,1,1,-1,-1,-1, -1,-1,2021,27.0,2,2,0,2,4,2,1,,2,RN136,0,,3,4,0,1,16,764,1,, -1,1,0,1,90,10,5,1,35,35238,1,1,0,4,RN136,48.12879,-1.71193,17,3,3
202100009745,184Â 277,B01,1,1,1,5,1,8,-1,-1, -1,-1,2021,17.0,0,2,0,2,3,1,1,,4,JEAN JAURES (AVENUE),0,,2,3,1,1,0,0,1,, -1,2,2,1,50,30,10,5,76,76351,2,3,0,3,JEAN JAURES (AVENUE),49.49827,0.14814,5,2,2
202100038620,132Â 606,A01,1,1,1,5,8,0,-1,-1, -1,-1,2021,28.0,1,2,8,0,8,1,1,,7,CD 18E (BOULEVARD INDUSTRIEL),0,,3,4,0,1,3,200,1,, -1,2,0,3,90,23,5,1,76,76681,1,1,1,6,CD 18E (BOULEVARD INDUSTRIEL),49.41399,1.1072,18,1,1
202100001299,199Â 443,A01,2,2,2,0,1,0,-1,-1, -1,-1,2021,19.0,3,5,1,0,1,1,1,,3,EDOUARD HERRIOT (AV),0,,3,4,0,1,0,0,1,, -1,2,0,1,50,26,12,5,94,94034,2,1,1,6,EDOUARD HERRIOT (AV),48.75577,2.32802,19,2,1
202100009079,185Â 477,A01,10,3,1,1,0,-1,-1,1,3,2,2021,25.0,2,2,0,1,2,15,1,,4,SATIE. RUE ERIK,0,,2,2,0,1,0,0,1,, -1,1,0,1,30,5,11,5,76,76322,2,1,0,6,SATIE. RUE ERIK,49.40703,1.04593,18,2,1
202100031295,145Â 799,A01,10,3,1,1,0,-1,-1,4,4,1,2021,48.0,1,2,0,1,1,1,1,,4,AVENUE RAYMOND POINCARE,0,,2,2,0,1,(1),(1),1,, -1,1,0,1,50,2,7,1,75,75116,2,7,0,6,AVENUE RAYMOND POINCARE,48.869421,2.285419,10,2,1
202100046879,117Â 982,A01,1,1,2,9,1,8,-1,-1, -1,-1,2021,34.0,3,2,0,2,4,2,1,,4,DRAGUIGNAN (AVENUE DE),0,,2,2,0,1,0,0,3,, -1,1,0,1,50,22,3,1,83,83062,1,1,0,5,DRAGUIGNAN (AVENUE DE),43.13779,6.03366,17,4,4
202100047933,116Â 058,A01,2,2,1,0,1,-1,-1,-1, -1,-1,2021,19.0,1,2,3,0,8,1,1,,2,R N 13,0,,3,4,0,1,51,731,1,, -1,1,0,1,90,12,3,1,50,50203,1,1,0,6,R N 13,49.59391,-1.59553,18,5,1
202100003469,195Â 551,A01,1,1,1,0,2,6,-1,0,0,-1,2021,38.0,2,1,0,2,2,1,1,,3,45,0,D,2,2,1,1,2,10,1,, -1,1,0,1,50,11,12,2,31,31118,2,9,0,1,15e Avenue de Toulouse,43.773842,1.35903,17,2,2
202100041924,126Â 680,A01,2,2,2,9,1,0,-1,-1, -1,-1,2021,62.0,0,2,0,2,2,1,1,,4,AVENUE DE LA PORTE DE SAINT OUEN,0,,1,4,0,1,(1),(1),1,, -1,1,0,1,50,30,4,1,75,75118,2,2,0,3,AVENUE DE LA PORTE DE SAINT OUEN,48.897647,2.329001,12,3,2
202100006657,189Â 889,B01,1,1,2,1,1,0,-1,-1, -1,-1,2021,39.0,2,2,0,2,2,26,1,,3,DESSAUX (RUE ANDRE DESSAUX),0,,2,2,0,1,(1),(1),1,, -1,1,0,1,50,22,11,1,45,45147,2,3,0,3,Rue AndrÃ© Dessaux,47.92661,1.89901,16,2,2
202100004620,193Â 508,D01,1,1,1,5,1,0,-1,-1, -1,-1,2021,38.0,2,2,0,2,4,2,1,,2,RN 104,0,,1,3,0,1,34,299,1,, -1,2,0,1,90,5,12,3,91,91174,1,1,0,4,RN 104,48.62054,2.46083,17,5,5
202100013309,177Â 955,A01,1,1,1,9,8,0,-1,0,0,-1,2021,41.0,2,1,1,0,2,13,5,,4,RUE DE CHARENTON,0,,-1,2,0,1,(1),(1),1,, -1,1,0,1,50,14,10,5,75,75112,2,1,0,6,RUE DE CHARENTON,48.837816,2.390598,3,1,1
202100015913,173Â 223,B01,1,1,1,0,2,-1,-1,-1, -1,-1,2021,30.0,2,1,0,2,1,1,5,,4,CRS DE LA SOMME,0,,2,3,3,1,(1),(1),1,, -1,1,0,6,50,30,9,5,33,33063,2,1,0,1,Cours de la Somme,44.82958,-0.57223,22,2,2