Num_Acc,id_vehicule,num_veh,place,catu,sexe,trajet,secu1,secu2,secu3,locp,actp,etatp,year_acc,victim_age,senc,catv,obs,obsm,choc,manv,motor,occutc,catr,voie,v1,v2,circ,nbv,vosp,prof,pr,pr1,plan,lartpc,larrout,surf,infra,situ,vma,jour,mois,lum,dep,com,agg_,int,atm,col,adr,lat,long,hour,nb_victim,nb_vehicules
202100029370,149Â 278,B01,1,1,1,1,1,-1,-1,0,0,-1,2021,40.0,1,5,7,2,3,1,1,,2,5,0,N,2,2,0,2,46,515,3,, -1,2,0,1,80,12,7,1,39,39434,1,1,1,1,,46.829331,5.717932,18,3,2
202100001725,198Â 704,A01,10,3,1,1,0,-1,-1,3,3,1,2021,45.0,1,2,0,1,1,16,1,,3,SABLONS (RUE DES),0,,-1,2,0,1,48,440,1,, -1,1,9,1,50,21,12,1,27,27701,1,3,0,6,SABLONS (RUE DES),49.25014,1.23583,12,2,1
202100017267,170Â 788,B01,1,1,1,4,1,-1,-1,0,0,-1,2021,48.0,3,2,0,2,8,1,1,,3,,-1,,2,2,0,1,(1),(1),1,,4,1,0,1,50,24,9,1,87,87116,2,3,0,3,4 Avenue du Stade,46.140043,1.040086,11,2,2
202100030737,146Â 818,B01,1,1,1,1,2,-1,-1,-1, -1,-1,2021,41.0,3,1,0,2,1,1,1,,4,GALLIENI                            (PT),0,,1,5,0,2,(1),(1),1,, -1,1,2,1,50,3,7,5,69,69387,2,9,0,2,GALLIENI (PT),45.7482529147,4.8323374987,23,3,2
202100011225,181Â 667,A01,2,2,1,5,1,8,-1,-1, -1,-1,2021,27.0,3,2,0,2,3,1,1,,7,LEDOUX CLAUDE NICOLAS (RUE),0,,2,2,0,1,0,0,4,, -1,1,0,1,70,24,10,3,13,13001,2,1,1,1,LEDOUX CLAUDE NICOLAS (RUE),43.47549,5.39795,6,3,2
202100055586,102Â 499,A01,2,2,2,5,8,-1,-1,0,0,-1,2021,61.0,2,2,13,0,3,1,1,,3,976,0,D,2,2,0,1,53,505,1,, -1,7,0,3,90,10,1,3,41,41181,1,1,0,7,D976,47.328876,1.267269,20,2,1
202100052919,107Â 129,B01,1,1,1,5,2,0,-1,-1, -1,-1,2021,44.0,3,1,0,0,0,21,1,,4,PIERRE GUIGNOIS (R),0,,-1,0,0,1,0,0,1,, -1,2,0,1,50,31,1,1,94,94041,2,3,1,7,SAINT JUST (R),48.8122,2.3917,17,2,2
202100045631,120Â 173,A01,1,1,2,1,8,0,-1,0,0,-1,2021,26.0,2,1,0,2,8,13,5,,4,BOULEVARD SAINT MARCEL,0,,2,4,3,1,(1),(1),1,, -1,1,-1,6,50,31,3,1,75,75113,2,3,0,3,BOULEVARD SAINT MARCEL,48.837117,2.353079,19,2,2
202100050284,111Â 832,B01,1,1,2,9,1,8,-1,-1, -1,-1,2021,24.0,1,2,0,2,4,2,1,,1,A7-Sens Lyon vers Marseille,0,,-1,3,0,1,268,299,1,, -1,1,0,1,90,24,2,1,13,13071,1,1,0,2,A7-Sens Lyon vers Marseille,43.405932,5.322595,18,2,2
202100029188,149Â 578,B01,1,1,2,5,2,-1,-1,0,0,-1,2021,54.0,2,1,0,2,4,17,1,,2,7,-1,,3,4,0,1,36,100,2,, -1,2,0,1,110,14,7,1,42,42294,1,1,1,2,N7,46.011896,4.106376,8,2,2
202100007434,188Â 460,B01,1,1,2,9,8,0,-1,0,0,-1,2021,52.0,2,0,0,2,1,1,3,,4,RUE BELGRAND,0,,2,4,1,2,(1),(1),1,, -1,1,-1,5,30,18,11,5,75,75120,2,4,0,3,RUE BELGRAND,48.864611,2.405987,19,3,2
202100002757,196Â 840,B01,1,1,1,0,8,0,-1,0,0,-1,2021,53.0,2,1,0,2,8,19,5,,3,LACOUR (BD EDOUARD),0,,2,2,0,1,0,700,1,, -1,1,0,1,50,13,12,1,47,47001,2,1,0,3,LACOUR (BD EDOUARD),44.197565,0.626939,14,2,2
202100054178,104Â 902,B01,1,1,1,1,2,8,-1,-1, -1,-1,2021,31.0,3,1,0,2,1,1,5,,4,PONGAMES (CITE),0,,-1,2,0,1,0,0,1,, -1,1,0,1,30,21,1,1,974,97416,2,6,0,3,PONGAMES (CITE),-21.34712,55.4908,6,2,2
202100005710,191Â 598,A01,10,3,1,2,0,-1,-1,2,3,1,2021,12.0,1,2,0,1,2,2,1,,3,7,-1,,2,2,0,2,27,275,1,, -1,1,0,1,50,25,11,1,42,42168,2,1,0,6,Rue de lâAncienne Poste,45.416543,4.67612,16,2,1
202100031847,144Â 828,A01,10,3,2,2,9,-1,-1,5,1,1,2021,9.0,1,2,0,1,7,1,1,,4,LIONEL TERRAY                       (R ),0,,2,2,0,1,(1),(1),3,, -1,2,0,1,50,28,6,1,69,69029,2,1,1,6,LIONEL TERRAY (R),45.7254,4.90765,16,2,1
202100039795,130Â 449,A01,1,1,2,5,1,5,-1,-1, -1,-1,2021,32.0,1,2,0,2,7,17,1,,2,RN104.INT,0,,1,2,0,1,0,750,3,, -1,2,0,2,90,15,5,1,77,77169,1,1,1,6,RN104.INT,48.8231306326,2.6150894957,18,2,2
202100019538,166Â 709,B01,1,1,2,5,1,-1,-1,0,0,-1,2021,27.0,1,2,0,2,4,2,1,,1,83,-1,,3,4,3,1,89,0,1,, -1,1,0,1,130,12,9,1,85,85158,1,1,0,2,A83,46.481493,-0.947683,10,3,2
202100040983,128Â 363,A01,1,1,1,5,2,-1,-1,0,0,-1,2021,32.0,2,1,13,0,1,1,1,,3,145,-1,,2,2,0,1,34,590,4,, -1,1,0,3,80,8,5,1,17,17098,1,1,0,7,D145,45.50988,-0.846359,12,1,1
202100052389,108Â 068,B01,1,1,1,0,1,0,-1,-1, -1,-1,2021,26.0,1,2,0,2,4,2,2,,3,RTE NATIONALE 20,0,,3,0,0,1,0,0,1,, -1,1,0,1,70,5,2,1,91,91339,2,1,0,2,RTE NATIONALE 20,48.61893,2.25818,8,3,2
202100019505,166Â 767,A01,1,1,1,0,2,6,-1,0,0,-1,2021,30.0,0,1,3,0,2,1,1,,4,VOIE RAPIDE,0,,1,3,0,1,(1),(1),2,, -1,1,0,1,30,11,9,5,6,6088,2,1,0,6,VOIE RAPIDE,43.67286,7.218174,4,1,1
202100006682,189Â 838,A01,1,1,2,0,1,5,-1,0,0,-1,2021,37.0,3,2,8,0,1,1,1,,4,EIFFEL (PONT),0,,-1,2,0,2,(1),(1),1,, -1,2,0,1,50,22,11,5,27,27229,2,2,1,6,EIFFEL (PONT),49.01946,1.15452,20,1,1
202100016553,172Â 041,A01,10,3,2,0,0,-1,-1,5,3,1,2021,70.0,1,1,0,1,1,1,5,,3,VERDUN AVENUE DE,0,,2,2,0,1,1,0,1,, -1,2,0,1,30,27,9,1,93,93063,2,1,1,6,Avenue Paul Vaillant - Couturier,48.885,2.434,13,2,1
202100014337,176Â 079,A01,1,1,1,5,2,6,-1,-1, -1,-1,2021,25.0,3,1,6,0,1,26,1,,4,BRUN (AV ROBERT),0,,2,2,0,1,0,0,1,, -1,1,0,3,50,7,10,2,83,83126,2,1,0,6,BRUN (AV ROBERT),43.11617,5.87179,18,1,1
202100053469,106Â 141,A01,10,3,2,5,0,-1,-1,3,0,-1,2021,61.0,1,1,0,1,1,1,3,,4,,0,,1,1,0,2,1,0,1,, -1,1,0,1,50,27,1,1,14,14118,2,1,0,6,Rue Samuel Bochard,49.18453,-0.35625,13,2,1
202100042839,125Â 091,A01,10,3,1,0,0,-1,-1,1,5,1,2021,11.0,1,2,0,1,1,1,1,,4,MULHOUSE (RUE DE),0,,2,2,0,1,(1),(1),1,, -1,1,0,1,30,17,4,1,68,68066,2,1,0,6,MULHOUSE (RUE DE),48.07232,7.34251,16,2,1
202100011174,181Â 755,A01,2,2,1,0,1,-1,-1,0,0,-1,2021,16.0,1,2,0,2,2,2,1,,7,301,-1,D,1,1,0,2,(1),(1),3,, -1,1,3,1,-1,25,10,1,69,69273,1,1,0,2,Sortie Corbas les Taillis,45.671738,4.910417,17,3,2
202100032459,143Â 759,A01,1,1,1,5,2,0,-1,-1, -1,-1,2021,78.0,0,1,0,1,1,2,5,,4,RUE DU LT COLONEL ARNAUD BELTRAME,0,,2,2,1,2,0,0,2,, -1,1,0,3,70,23,6,1,91,91223,1,1,0,6,RUE DU LT COLONEL ARNAUD BELTRAME,48.447,2.13795,18,2,1
202100039869,130Â 319,A01,1,1,1,0,1,-1,-1,0,0,-1,2021,78.0,2,2,2,0,1,1,1,,3,20,0,,2,2,0,1,1,700,1,, -1,2,0,3,80,16,5,1,68,68082,1,1,1,6,D20,47.844991,7.345412,14,1,1
202100040985,128Â 359,B01,1,1,1,5,2,6,9,0,0,-1,2021,34.0,2,1,0,2,8,1,1,,3,96,-1,D,2,2,0,1,31,558,1,, -1,1,0,1,80,8,5,1,76,76146,1,2,0,3,Route de Sommery,49.59476,1.37423,14,2,2
202100044997,121Â 297,A01,1,1,2,0,1,-1,-1,0,0,-1,2021,20.0,1,2,0,0,9,0,1,,3,93,0,D,2,2,0,1,3,0,1,, -1,1,0,1,-1,6,4,1,80,80591,1,1,0,7,D93,49.969741,1.776583,15,1,1
202100031729,145Â 044,A01,2,2,2,9,2,6,-1,0,0,-1,2021,26.0,1,1,8,2,3,17,1,,4,BOULEVARD DE LA CHAPELLE,0,,3,3,0,1,(1),(1),1,, -1,1,0,1,50,29,6,1,75,75118,2,2,0,3,BOULEVARD DE LA CHAPELLE,48.884476,2.3648,14,3,2
202100020944,164Â 226,A01,1,1,1,9,8,-1,-1,0,0,-1,2021,27.0,1,2,12,0,9,26,1,,3,,-1,,2,2,0,1,(1),(1),4,,5,1,0,1,50,5,9,5,8,8448,2,9,0,7,Rue de la Naux,49.872641,4.808096,2,1,1
202100052158,108Â 481,B01,1,1,1,5,0,-1,-1,0,0,-1,2021,14.0,1,1,0,2,1,25,3,,4,,-1,,2,2,0,1,(1),(1),1,, -1,2,0,1,50,9,2,1,68,68112,2,1,1,3,2 Rue du 4e Rgt Spahis Marocain,47.905323,7.216355,17,2,2
202100031086,146Â 178,B01,1,1,2,1,2,0,-1,-1, -1,-1,2021,45.0,1,1,0,2,0,0,5,,4,MONPLAISIR BOULEVARD,0,,3,2,0,1,1,0,1,, -1,1,0,1,50,28,6,1,49,49007,2,1,0,4,MONPLAISIR BOULEVARD,47.49085,-0.52718,9,3,3
202100041482,127Â 457,A01,1,1,1,1,1,0,-1,-1, -1,-1,2021,31.0,2,2,0,2,1,2,1,,1,A4,0,,1,10,0,1,0,200,1,, -1,1,1,1,90,3,5,1,94,94018,1,1,0,4,A4,48.82413,2.3946,13,3,3
202100018428,168Â 687,A01,1,1,2,0,1,0,-1,-1, -1,-1,2021,20.0,3,4,0,2,0,0,0,,4,NOUE (RUE DE LA),0,,2,2,0,1,1,0,3,, -1,1,0,1,50,17,9,1,93,93048,2,3,0,2,Rue de la Noue / Square Jean Zay,48.865787,2.428029,19,2,2
202100031335,145Â 729,B01,2,1,1,1,2,0,-1,-1, -1,-1,2021,31.0,1,1,0,2,8,1,1,,4,,0,,1,2,0,1,(1),(1),1,, -1,1,0,1,50,2,7,1,92,92012,2,5,0,3,VIEUX PONT DE SEVRES (RUE DU) 157/FIN,48.8314968516,2.2421812266,8,2,2
202100016462,172Â 202,B01,1,1,2,0,2,6,-1,-1, -1,-1,2021,27.0,0,1,0,2,1,1,1,,4,BRIAND. RUE ARISTIDE (CD 3),0,,2,2,0,1,0,0,1,, -1,1,0,1,30,27,9,1,76,76497,2,3,0,3,BRIAND. RUE ARISTIDE (CD 3),49.38461,1.02162,18,2,2
202100018307,168Â 899,B01,1,1,2,9,1,0,-1,-1, -1,-1,2021,26.0,2,2,0,1,4,2,1,,3,7,0,,2,4,0,1,0,0,1,, -1,1,6,1,50,17,9,1,91,91201,2,1,0,2,AV DU GENERAL DE GAULLE,48.68682,2.401767,17,2,2
202100039716,130Â 590,A01,1,1,1,5,2,0,-1,0,0,-1,2021,20.0,1,1,0,2,1,1,1,,4,AVENUE DAUMESNIL,0,,2,4,0,1,(1),(1),1,, -1,2,5,1,50,16,5,1,75,75112,2,2,1,3,AVENUE DAUMESNIL,48.835417,2.406486,18,4,2
202100032121,144Â 335,A01,10,3,2,3,8,8,-1,0,3,1,2021,54.0,1,2,0,1,0,1,0,,4,CAMILLE PELLETAN (AVENUE),0,,1,3,3,1,1,0,1,, -1,1,0,1,50,26,6,1,13,13203,2,1,0,3,CAMILLE PELLETAN (AVENUE),43.30579,5.37327,11,2,1
202100049677,112Â 945,B01,1,1,1,1,1,0,-1,-1, -1,-1,2021,43.0,2,2,0,2,6,2,1,,3,CACHIN MARCEL (AVENUE),0,,3,2,0,1,(1),(1),1,, -1,1,5,1,50,1,3,5,93,93066,2,2,0,5,Avenue Marcel Cachin,48.93720741,2.3720722819,0,3,3
202100011632,180Â 930,A01,1,1,1,1,2,6,-1,0,0,-1,2021,20.0,2,1,0,0,8,3,1,,4,PORTE DAUPHINE,0,,1,4,0,1,15,200,1,, -1,2,0,1,70,20,10,1,75,75116,2,1,1,7,PORTE DAUPHINE,48.870597,2.272352,8,1,1
202100016946,171Â 333,Z01,10,3,1,0,0,-1,-1,4,3,2,2021,3.0,0,2,0,1,1,0,0,,4,BD LASCROSSES,0,,2,6,3,1,(1),(1),1,, -1,1,0,1,50,24,9,1,31,31555,2,1,0,6,BD LASCROSSES,43.609228,1.430932,16,2,1
202100025329,156Â 379,A01,1,1,1,1,2,6,-1,0,0,-1,2021,44.0,3,1,0,2,3,17,1,,4,AVENUE SIMON BOLIVAR,0,,2,2,0,1,(1),(1),1,, -1,1,8,1,50,6,8,1,75,75119,2,2,0,3,AVENUE SIMON BOLIVAR,48.873918,2.385325,14,2,2
202100044571,122Â 047,RA01,1,1,1,0,2,0,-1,-1, -1,-1,2021,45.0,2,1,8,0,1,26,1,,4,FOUCAULT JEAN (AV),0,,2,2,1,1,(1),(1),1,, -1,1,0,5,50,6,4,1,34,34032,2,1,0,6,FOUCAULT JEAN (AV),43.3317,3.25638,10,1,1
202100015678,173Â 645,A01,1,1,1,5,2,-1,-1,0,0,-1,2021,76.0,2,1,3,0,7,1,1,,3,996,-1,,2,2,0,1,97,0,2,, -1,1,0,1,80,2,10,1,63,63270,1,1,0,6,pk 67 D996,45.535288,3.293983,12,1,1
202100049700,112Â 901,A01,2,2,2,5,1,-1,-1,0,0,-1,2021,66.0,2,2,0,0,4,15,1,,3,744,-1,,2,2,0,2,3,621,1,,7,1,0,1,80,1,3,1,79,79207,1,1,0,2,,46.891009,-0.742457,16,3,2
202100020507,164Â 980,B01,1,1,1,9,1,0,-1,-1, -1,-1,2021,22.0,1,2,0,2,1,2,1,,3,SOULT (AVENUE MARECHAL),0,,3,4,0,3,8,750,1,, -1,1,0,1,50,6,9,5,64,64102,2,1,0,4,SOULT (AVENUE MARECHAL),43.48393,-1.49968,21,3,3
202100013257,178Â 045,B01,1,1,2,9,1,0,-1,-1, -1,-1,2021,51.0,1,2,0,2,4,1,1,,3,ATLANTIQUE  AVENUE DE L',0,,3,4,0,1,39,600,1,, -1,1,0,1,90,14,10,1,49,49007,1,1,0,2,ATLANTIQUE  AVENUE DE L',47.469466,-0.595122,17,2,2
202100042975,124Â 855,A01,2,2,2,5,1,-1,-1,0,0,-1,2021,19.0,2,2,4,0,3,13,1,,1,51,-1,,3,4,0,1,24,580,2,, -1,1,0,1,130,24,4,1,13,13113,1,1,0,6,A51 PK 024.580,43.5891294325,5.4794344927,14,2,1
202100055467,102Â 698,A01,10,3,1,5,0,-1,-1,1,3,1,2021,67.0,3,2,0,1,1,26,1,,4,MARQUISE (LA),0,,2,2,0,1,(1),(1),1,, -1,1,0,1,50,11,1,1,71,71540,1,1,0,6,MARQUISE (LA),46.76228,4.49487,9,2,1
202100041749,126Â 985,A01,1,1,1,5,1,0,-1,-1,0,-1,2021,21.0,1,2,13,0,1,14,1,,2,RN 104,0,,3,4,0,1,1,900,1,, -1,1,0,1,90,2,5,2,95,95151,1,1,0,6,RN 104,49.0640627917,2.2650718689,20,1,1
202100038224,133Â 323,A01,1,1,1,1,8,0,-1,0,0,-1,2021,56.0,1,2,0,2,6,1,1,,4,BOULEVARD DE MENILMONTANT,0,,1,1,0,1,(1),(1),1,, -1,2,0,1,50,25,5,5,75,75111,2,7,1,3,BOULEVARD DE MENILMONTANT,48.862868,2.387283,23,2,2
202100042143,126Â 296,B01,1,1,2,5,1,-1,-1,-1, -1,-1,2021,39.0,1,2,0,2,0,1,1,,1,ROCADE A 630,0,,3,7,0,1,24,381,3,, -1,2,3,1,90,26,4,1,33,33318,1,1,1,2,ROCADE A 630,44.78783,-0.63476,17,3,2
202100044102,122Â 843,A01,1,1,1,0,8,-1,-1,0,0,-1,2021,34.0,1,2,0,2,1,2,1,,2,2,-1,,2,2,0,1,17,300,1,, -1,1,0,1,70,14,4,1,60,60079,1,1,0,2,Route nationale 2,49.181675,2.890091,16,2,2
202100025502,156Â 080,A01,1,1,1,4,8,0,-1,-1, -1,-1,2021,36.0,2,2,1,0,2,14,0,,3,GALLIENI (BD) (1 A 79 ET 22 A 102),0,,3,2,1,1,0,0,1,, -1,1,0,5,50,5,8,1,92,92078,2,9,0,6,GALLIENI (BD) (1 A 79 ET 22 A 102),48.92683,2.32925,10,1,1
202100055259,103Â 049,B01,1,1,1,1,1,-1,-1,0,0,-1,2021,17.0,1,0,0,0,4,0,1,,3,611,-1,,3,4,0,1,28,135,1,13,14,2,3,1,110,8,1,2,79,79048,1,1,0,2,,46.349964,-0.342829,8,2,2
202100052128,108Â 531,A01,1,1,1,1,2,8,-1,0,0,-1,2021,44.0,2,1,0,2,7,2,1,,4,SANE ( RUE JEAN NOEL),0,,2,2,0,1,(1),(1),1,, -1,1,0,1,50,8,2,1,29,29039,2,3,0,7,Rue Jacques Noel SanÃ©,47.9020004361,-3.9110341187,17,1,1
202100023074,160Â 376,A01,1,1,1,0,2,8,-1,0,0,-1,2021,18.0,3,1,0,2,2,18,1,,4,ALPES RUE DES,0,,1,0,0,1,(1),(1),1,, -1,1,9,5,50,26,7,1,26,26362,2,9,0,6,108 Rue des Alpes,44.92622,4.90126,15,2,2
202100014071,176Â 547,B01,1,1,1,5,2,-1,-1,0,0,-1,2021,65.0,3,1,0,0,8,1,5,,9,10,0,,2,2,0,1,(1),(1),1,, -1,1,0,1,70,10,10,1,45,45346,2,1,0,6,Route des Caduels,47.944446,2.278113,10,3,3
202100051620,109Â 423,B01,1,1,2,5,1,-1,-1,0,0,-1,2021,42.0,1,2,0,2,2,1,1,,3,1,0,,2,2,0,1,44,929,1,, -1,1,5,1,50,13,2,1,10,10209,2,2,0,3,54 Avenue du 28 AoÃ»t 1944,48.2513822485,4.2636085153,16,2,2
202100052421,108Â 010,A01,1,1,2,1,1,8,-1,-1, -1,-1,2021,21.0,2,2,13,0,2,14,1,,2,165,0,,3,4,0,1,96,470,1,, -1,2,0,3,90,4,2,4,56,56098,1,1,1,6,N165 sens Brest/Nantes,47.7778706803,-3.3560818434,6,1,1
202100027957,151Â 728,A01,1,1,2,5,1,0,-1,0,0,-1,2021,26.0,1,2,0,2,2,1,1,,4,RUE DE LA TERRASSE,0,,1,1,0,1,(1),(1),1,, -1,1,0,1,50,20,7,1,75,75117,2,1,0,3,RUE DE LA TERRASSE,48.88163,2.312944,17,2,2
202100025801,155Â 571,A01,1,1,1,5,1,-1,-1,0,0,-1,2021,76.0,1,2,2,0,2,1,1,,3,139,-1,,2,2,0,2,9,500,2,, -1,1,0,3,80,3,8,1,62,62535,1,1,0,6,D139,50.462717,1.755852,12,1,1
202100005753,191Â 515,B01,5,2,2,0,8,0,-1,0,0,-1,2021,9.0,1,1,0,2,1,1,3,,4,ALIX  (RUE THIERRY),0,,1,1,0,1,(1),(1),1,, -1,1,0,1,50,28,11,5,54,54395,2,3,0,3,ALIX  (RUE THIERRY),48.6849351587,6.1753864261,18,3,2
202100049548,113Â 191,B01,1,1,1,0,8,0,-1,-1, -1,-1,2021,65.0,3,0,0,2,8,19,3,,3,ANDRE MORIZET (AVENUE) 1/47 - 2/52,0,,2,2,1,1,0,0,1,, -1,1,0,1,50,2,3,1,92,92012,2,2,0,3,SILLY (RUE DE) 1/87 - 2/88,48.8390169794,2.2320511937,17,2,2
202100004308,194Â 054,A01,2,2,2,5,8,0,-1,-1, -1,-1,2021,30.0,3,2,0,2,8,11,1,,3,RU DE NESLE (BOULEVARD),0,,2,4,0,1,0,1,1,, -1,1,0,1,50,7,12,1,93,93051,2,3,0,3,RU DE NESLE (BOULEVARD),48.8424779582,2.5803874707,13,4,2
202100037538,134Â 565,C01,1,1,1,5,1,0,-1,-1, -1,-1,2021,25.0,1,2,0,2,1,12,1,,1,A7-Sens Lyon vers Marseille,0,,2,3,0,3,277,299,1,, -1,1,0,1,90,29,5,1,13,13215,1,1,0,5,A7-Sens Lyon vers Marseille,43.34789,5.37117,11,3,3
202100050838,110Â 812,A01,1,1,1,5,2,6,9,0,0,-1,2021,50.0,2,1,0,5,1,26,1,,3,86,-1,,2,2,0,1,24,100,1,, -1,1,0,1,80,21,2,1,7,7169,1,1,0,6,RD 86,45.16691,4.807286,13,2,1
202100005439,192Â 073,A01,1,1,1,1,0,-1,-1,0,0,-1,2021,46.0,0,4,12,0,0,1,1,,7,637,-1,,3,2,0,1,1,500,1,, -1,1,0,1,50,30,11,1,35,35189,1,1,0,7,Boulevard d Emeraude,48.156446,-1.708573,13,1,1
202100045219,120Â 899,A01,2,2,2,0,1,8,-1,-1, -1,-1,2021,47.0,1,2,0,2,8,10,1,,4,boulevard d' Occitanie,0,,3,2,0,1,(1),(1),1,, -1,1,0,1,70,3,4,1,82,82121,2,1,0,3,boulevard d' Occitanie,44.04405,1.38481,13,6,2
202100054306,104Â 687,A01,1,1,1,0,2,0,-1,-1, -1,-1,2021,36.0,2,1,0,2,0,0,0,,4,FLAMBOYANTS (RUE DES),0,,2,2,0,1,(1),(1),1,, -1,2,0,1,50,20,1,1,973,97302,2,3,1,3,FLAMBOYANTS (RUE DES),4.92494,-52.31706,17,2,2
202100010456,183Â 031,A01,1,1,2,5,1,0,-1,-1, -1,-1,2021,22.0,1,2,0,2,3,1,1,,1,AUTOROUTE A86,0,,3,4,0,2,51,0,1,, -1,2,1,1,70,29,10,1,94,94034,1,1,1,3,AUTOROUTE A86,48.760209,2.320581,13,2,2
202100023894,158Â 923,B01,1,1,1,0,1,0,-1,-1, -1,-1,2021,29.0,3,2,0,2,8,26,1,,4,CENDRILLES (DES),0,,2,2,0,1,(1),(1),1,, -1,1,0,1,30,16,8,1,17,17306,2,2,0,3,CENDRILLES (DES),45.648174,-1.034186,10,2,2
202100004486,193Â 750,A01,4,2,2,5,1,-1,-1,-1,0,-1,2021,22.0,2,2,1,2,1,1,1,,1,AUTOROUTE A15,0,,3,8,0,1,7,500,1,, -1,2,0,1,110,5,12,3,95,95018,1,1,1,4, A15,48.9614172101,2.2685694695,22,7,3
202100043087,124Â 658,A01,1,1,1,5,0,-1,-1,0,0,-1,2021,68.0,2,1,0,2,2,1,5,,3,43,-1,D,2,2,0,1,0,0,1,, -1,1,0,1,50,22,4,1,74,74208,2,6,0,3,Rond point du faubourg,45.921259,6.71365,15,2,2
202100042437,125Â 766,A01,1,1,1,5,2,0,-1,-1, -1,-1,2021,57.0,1,1,0,2,1,1,1,,4,LABUSSIERE (AVENUE EMILE),0,,2,2,0,1,0,0,1,, -1,1,0,1,50,25,4,1,87,87085,2,3,0,2,LABUSSIERE (AVENUE EMILE),45.84323,1.25414,18,2,2
202100022467,161Â 475,A01,1,1,1,1,2,6,-1,0,0,-1,2021,24.0,2,1,0,2,1,3,1,,4,PORTE D ITALIE,0,,1,4,0,1,(1),(1),1,, -1,1,0,1,70,26,8,1,75,75113,2,4,0,1,PORTE D ITALIE,48.816241,2.359798,15,2,2
202100009753,184Â 268,A01,1,1,1,0,8,0,-1,-1, -1,-1,2021,71.0,1,1,0,2,1,19,5,,4,MOLIERE (AVENUE),0,,2,3,1,1,0,0,1,, -1,1,0,1,50,28,10,5,67,67482,2,3,0,3,MOLIERE (AVENUE),48.5968,7.7041,18,2,2
202100055973,101Â 839,A01,1,1,2,0,1,-1,-1,0,0,-1,2021,68.0,2,2,13,0,8,13,1,,3,17,-1,,2,2,0,1,(1),(1),1,, -1,1,0,3,80,7,1,3,59,59210,1,1,0,6,Rue de Wormhout,50.88594,2.431847,20,1,1
202100001147,199Â 723,B01,1,1,1,4,1,0,-1,-1, -1,-1,2021,46.0,1,2,16,2,7,1,0,,2,RN104,0,,3,4,0,1,7,800,1,, -1,2,0,1,110,28,12,1,77,77373,1,1,0,2,RN104,48.76697,2.61353,9,2,2
202100027754,152Â 098,A01,1,1,1,5,1,0,-1,0,0,-1,2021,71.0,1,2,9,0,1,16,1,,2,ALPHONSE DAUDET,0,,2,2,0,1,39,211,1,, -1,1,0,1,50,20,7,1,5,5061,2,4,0,6,ALPHONSE DAUDET,44.54875,6.06704,13,1,1
202100055200,103Â 147,B01,1,1,2,1,1,0,-1,0,0,-1,2021,52.0,2,2,0,2,1,1,1,,2,RN 85,0,,2,2,0,2,33,960,2,, -1,1,0,1,80,11,1,1,5,5061,1,1,1,1,RN 85,44.58394,6.08227,16,2,2
202100038181,133Â 399,B01,1,1,2,5,2,0,-1,-1, -1,-1,2021,53.0,0,1,1,0,1,1,0,,4,SAINT-MARTIN (CANAL),0,,2,0,0,1,(1),(1),1,, -1,3,0,1,30,26,5,1,35,35238,2,1,0,3,SAINT-MARTIN (CANAL),48.1231,-1.6773,18,2,2
202100013871,176Â 906,A01,10,3,2,5,0,-1,-1,3,3,1,2021,82.0,3,4,0,1,1,1,1,,4,LEPOUZE (RUE),0,,2,2,0,1,(1),(1),1,, -1,1,0,1,50,11,10,1,27,27229,2,1,0,6,LEPOUZE (RUE),49.02571884,1.1557002,10,2,1
202100043986,123Â 059,B01,1,1,1,1,2,-1,-1,0,0,-1,2021,16.0,1,1,0,0,8,1,1,,2,,-1,,2,-1,-1,1,79,109,1,, -1,1,3,1,-1,1,4,1,44,44052,1,4,0,3,rd 773 carrefour st Lucien,47.343934,-2.097015,7,2,2
202100010773,182Â 479,B01,1,1,1,1,1,-1,-1,0,0,-1,2021,24.0,2,5,0,2,1,0,1,,3,743,-1,D,2,3,0,1,19,415,1,,"10,8",1,0,1,80,28,10,1,79,79066,1,1,0,2,,46.478477,-0.360532,17,2,2
202100030800,146Â 708,B01,1,1,1,5,2,6,-1,-1, -1,-1,2021,22.0,2,1,0,2,3,1,1,,4,ALLENDE (QUAI SALVADOR),0,,3,4,0,1,12,0,1,, -1,1,0,1,50,1,7,1,87,87085,2,1,0,6,ALLENDE (QUAI SALVADOR),45.81798,1.25534,12,2,2
202100014987,174Â 917,A01,1,1,1,2,2,6,-1,-1, -1,-1,2021,17.0,2,1,0,0,3,1,1,,7,TOULON RD 554 (ROUTE DE),0,,3,2,0,1,103,515,1,, -1,2,0,1,50,4,10,1,83,83069,2,1,0,6,TOULON RD 554 (ROUTE DE),43.12621,6.10056,8,1,1
202100043383,124Â 116,A01,1,1,1,5,2,6,-1,0,0,-1,2021,19.0,1,1,0,2,1,1,1,,3,31,-1,,2,2,0,1,26,592,1,, -1,1,0,1,50,20,4,1,2,2293,2,2,0,3,Rue EugÃ¨ne Lemaire,49.939614,3.456649,13,2,2
202100037291,135Â 016,A01,10,3,2,5,0,-1,-1,3,3,1,2021,53.0,1,2,0,1,1,15,1,,4,RUE DE LA LANCETTE,0,,1,1,0,1,(1),(1),1,, -1,1,0,1,50,31,5,1,75,75112,2,3,0,6,RUE DE LA LANCETTE,48.837481,2.391595,15,2,1
202100043005,124Â 801,A01,1,1,1,0,1,-1,-1,-1, -1,-1,2021,29.0,1,2,0,2,1,1,1,,4,THOULON (RUE),0,,1,1,0,1,0,0,1,, -1,1,0,1,50,22,4,1,83,83137,2,2,0,3,THOULON (RUE),43.131578,5.935591,19,2,2