Num_Acc,id_vehicule,num_veh,place,catu,sexe,trajet,secu1,secu2,secu3,locp,actp,etatp,year_acc,victim_age,senc,catv,obs,obsm,choc,manv,motor,occutc,catr,voie,v1,v2,circ,nbv,vosp,prof,pr,pr1,plan,lartpc,larrout,surf,infra,situ,vma,jour,mois,lum,dep,com,agg_,int,atm,col,adr,lat,long,hour,nb_victim,nb_vehicules
202100020455,165Â 071,Z01,10,3,2,3,8,8,-1,9,B,3,2021,53.0,2,2,0,1,8,1,1,,4,DE GAULLE PLACE DU GENERAL,0,,1,1,0,1,(1),(1),1,, -1,1,9,1,50,27,5,1,59,59350,2,1,1,6,DE GAULLE PLACE DU GENERAL,50.63705,3.06362,14,4,1
202100017737,169Â 920,A01,3,2,2,5,1,-1,-1,0,0,-1,2021,64.0,1,2,6,2,7,1,1,,3,50,-1,,2,2,0,1,29,0,1,, -1,1,0,1,80,21,9,1,24,24395,1,2,0,3,Pont de Cause Est,44.796059,1.160281,17,4,2
202100047079,117Â 617,B01,1,1,1,4,1,-1,-1,0,0,-1,2021,55.0,1,5,0,2,6,1,1,,1,7,0,,1,3,0,1,101,130,1,, -1,1,0,1,110,22,3,1,26,26337,1,1,0,3,Autoroute du Soleil,44.680677,4.797335,12,5,2
202100021161,163Â 837,A01,1,1,1,5,1,-1,-1,0,0,-1,2021,26.0,1,2,3,2,2,1,1,,1,A432,-1,,2,4,0,1,18,200,1,, -1,1,0,2,130,4,9,3,69,69280,1,1,0,2,A432 pk018+000 sens N/S,45.788699,5.079439,3,2,2
202100045824,119Â 846,B01,1,1,1,5,8,-1,-1,0,0,-1,2021,69.0,2,0,0,2,7,1,3,,3,107E4,0,,2,2,0,1,0,890,1,, -1,1,0,1,80,31,3,1,39,39009,1,3,1,3,,46.843324,5.918505,13,2,2
202100007616,188Â 132,A01,10,3,2,2,8,8,-1,3,3,3,2021,6.0,1,2,0,1,1,21,1,,4,JANIN JULES (BD) JUSQU'AUX NÃ¸ 27-32,0,,2,4,0,1,(1),(1),1,, -1,2,0,8,50,16,11,2,42,42218,2,1,1,6,Boulevard Jules Janin,45.44862,4.39038,16,3,1
202100006151,190Â 818,B01,1,1,2,1,2,6,-1,0,0,-1,2021,16.0,1,1,0,2,1,1,1,,3,D90,-1,,2,2,0,1,17,422,1,, -1,1,0,1,50,26,11,1,85,85096,2,2,0,3,Route de Paulx,46.898997,-1.827565,8,2,2
202100022372,161Â 658,B01,1,1,1,9,2,6,-1,0,0,-1,2021,27.0,1,1,0,2,1,18,1,,3,,0,,2,1,0,1,(1),(1),1,,"3,5",1,0,1,70,26,8,1,971,97128,1,9,0,3,Chateaubrun,16.25404,-61.353954,12,2,2
202100055860,102Â 032,A01,10,3,2,2,0,-1,-1,3,5,2,2021,7.0,2,2,0,1,1,1,1,,3,,0,,2,2,0,2,21,316,1,, -1,1,0,1,50,8,1,2,43,43040,2,1,0,6,7 Avenue Edouard Herriot,45.295347,3.377285,17,2,1
202100034702,139Â 695,B01,1,1,1,1,0,-1,-1,0,0,-1,2021,33.0,2,1,0,0,7,1,5,,4,,0,,-1,2,0,1,(1),(1),1,,"6,5",1,0,1,50,14,6,1,81,81105,2,9,1,3,Avenue Jules Ferry,43.765767,1.979717,11,2,2
202100007757,187Â 892,A01,1,1,2,5,1,-1,-1,-1, -1,-1,2021,84.0,2,2,1,2,3,26,1,,4,ST CYR (DE)                         (R ),0,,2,3,2,2,(1),(1),1,, -1,1,9,6,50,16,11,1,69,69389,2,9,0,6,ST CYR (DE) (R),45.78825,4.80885,10,1,1
202100016756,171Â 674,A01,1,1,2,1,1,0,-1,-1, -1,-1,2021,30.0,2,2,0,2,5,1,1,,1,A51-Sens Marseille vers Aix en Provence,0,,1,3,0,1,2,0,1,, -1,1,0,1,90,24,9,1,13,13106,1,1,0,2,A51-Sens Marseille vers Aix en Provence,43.409462,5.363832,18,2,2
202100008139,187Â 170,A01,10,3,2,5,8,8,-1,1,3,2,2021,5.0,2,2,0,1,1,1,1,,4,RUE DE LA BOUDEUSE,0,,2,2,0,1,1,0,1,, -1,1,0,1,50,14,11,5,988,98818,2,1,0,6,RUE DE LA BOUDEUSE,-22.27909,166.47751,18,2,1
202100024731,157Â 437,A01,2,2,1,5,2,6,-1,-1, -1,-1,2021,46.0,1,1,16,0,7,1,1,,4,JUPITER (CHEMIN DE),0,,-1,2,0,1,0,0,1,, -1,1,0,1,30,10,8,5,64,64102,2,1,0,7,Chemin de Jupiter,43.48023,-1.45248,23,2,1
202100019699,166Â 434,B01,1,1,2,0,1,0,-1,0,0,-1,2021,44.0,2,2,0,2,0,0,1,,3,C.D. 275,0,,2,2,0,1,0,0,1,, -1,1,0,1,80,9,9,1,14,14557,1,1,0,4,D278,49.32578,0.08636,18,4,4
202100030490,147Â 269,A01,1,1,1,5,2,9,-1,0,0,-1,2021,56.0,1,1,0,0,9,15,5,,3,902,0,D,2,2,0,2,92,860,2,, -1,1,0,1,80,5,7,1,73,73290,1,1,0,7,D902 Col de la Madeleine,45.294634,6.926429,15,1,1
202100031376,145Â 664,A01,2,2,2,5,2,-1,-1,0,0,-1,2021,45.0,2,1,0,0,0,1,1,,3,RD 4,0,,2,2,0,2,25,720,2,, -1,1,0,1,80,10,6,1,7,7330,1,1,0,7,RD 4,44.409382,4.419036,19,2,1
202100040250,129Â 656,A01,9,2,2,5,0,-1,-1,0,0,-1,2021,15.0,1,2,13,0,2,1,1,,3,,0,D,2,2,0,2,23,8,2,, -1,9,0,3,80,13,5,3,11,11351,1,4,0,6,Le Palais,43.0979903398,2.7257251737,4,5,1
202100052811,107Â 324,A01,2,1,1,1,8,0,-1,-1, -1,-1,2021,48.0,3,2,0,0,3,9,1,,4,EDOUARD BRANLY (RUE),0,,2,1,1,1,1,0,1,, -1,1,0,1,30,2,2,3,93,93048,2,1,0,3,EDOUARD BRANLY (RUE),48.8692438138,2.4595393538,19,2,2
202100034881,139Â 367,B01,1,1,1,5,0,-1,-1,0,0,-1,2021,25.0,0,1,0,2,0,26,0,,4,,-1,,2,2,0,1,(1),(1),1,,5,1,0,1,50,11,6,5,972,97230,2,1,0,3,Rue Casimir Branglidor,14.738456,-60.962657,22,2,2
202100051291,109Â 994,A01,1,1,1,4,2,8,-1,-1, -1,-1,2021,21.0,3,1,0,0,7,1,1,,4,INNOCENTS ( DES),0,,1,1,3,1,(1),(1),1,, -1,2,6,1,30,16,2,1,35,35238,2,1,1,7,INNOCENTS ( DES),48.11346,-1.6827,12,1,1
202100046603,118Â 468,A01,10,3,1,5,0,-1,-1,1,9,1,2021,19.0,1,2,0,1,3,13,1,,4,BARRAQUES LES  LIEU DIT,0,,-1,2,0,2,(1),(1),2,, -1,1,0,1,50,25,3,1,42,42237,1,1,0,6,Lieu dit les Barraques,45.4458340764,4.4655157984,15,2,1
202100008086,187Â 281,A01,1,1,2,5,1,-1,-1,0,0,-1,2021,83.0,0,2,0,2,7,1,1,,3,24,-1,,2,2,0,1,37,560,1,, -1,1,0,1,80,11,11,1,86,86053,1,2,0,3,D24,46.731455,0.115177,11,2,2
202100013084,178Â 354,A01,1,1,2,1,8,0,-1,-1, -1,-1,2021,61.0,1,1,0,0,0,2,3,,4,CHATEAUGIRON (DE),0,,2,2,1,1,(1),(1),1,, -1,1,0,1,50,15,10,5,35,35238,2,1,0,7,CHATEAUGIRON (DE),48.09874,-1.64487,20,1,1
202100049900,112Â 541,A01,1,1,1,9,8,0,-1,0,0,-1,2021,41.0,1,5,7,0,1,1,1,,4,AVENUE DE CLICHY,0,,2,3,1,1,(1),(1),1,, -1,1,0,1,50,27,2,5,75,75117,2,1,0,6,AVENUE DE CLICHY,48.886062,2.326258,7,1,1
202100053702,105Â 740,A01,1,1,1,4,1,8,-1,-1, -1,-1,2021,42.0,2,2,1,2,8,1,1,,3,ROUTE ROYALE,0,,2,3,0,2,1,0,1,, -1,1,0,1,50,24,1,1,202,202033,2,2,0,3,ROUTE ROYALE,42.67616,9.43848,17,4,2
202100016853,171Â 494,C01,1,1,2,0,1,0,-1,-1, -1,-1,2021,22.0,1,2,0,2,4,2,1,,4,SABLE (RTE DE ),0,,2,2,0,1,0,0,1,, -1,1,0,1,50,24,9,1,72,72181,1,1,0,6,SABLE (RTE DE ),47.986016261,0.1638772312,17,3,3
202100042042,126Â 475,B01,1,1,2,9,2,8,-1,-1, -1,-1,2021,31.0,2,1,0,2,7,0,1,,2,35 PK RN11 ROCADE NANTES,0,,3,4,0,1,35,100,1,, -1,1,3,1,50,29,4,1,17,17291,1,1,0,3,N11,46.17177,-1.12127,15,2,2
202100012524,179Â 325,B01,1,1,1,4,0,-1,-1,0,0,-1,2021,58.0,2,4,0,2,2,1,1,,3,936,-1,,2,2,0,2,6,200,3,, -1,1,0,1,80,19,10,1,80,80738,1,1,0,1,RD 936,49.953332,2.055044,17,2,2
202100020589,164Â 829,B01,1,1,1,1,2,0,-1,-1, -1,-1,2021,61.0,-1,1,0,2,8,1,1,,3,VAILLANT COUTURIER (AVENUE PAUL),0,,1,2,0,1,(1),(1),1,, -1,1,0,1,50,6,9,1,93,93008,2,3,0,3,VAILLANT COUTURIER (AVENUE PAUL),48.905738,2.465152,13,3,2
202100054647,104Â 112,A01,1,1,2,1,1,5,-1,0,0,-1,2021,48.0,1,2,3,2,2,1,1,,3,915,0,,2,2,0,4,46,150,2,, -1,7,0,1,80,18,1,3,95,95370,1,1,0,3,D915,49.132602,1.989191,5,2,2
202100034129,140Â 760,A01,1,1,1,5,2,6,-1,-1, -1,-1,2021,25.0,1,1,0,2,7,17,1,,3,50,0,,2,2,0,1,0,0,1,, -1,1,0,1,30,16,6,1,92,92040,2,3,0,3,GAMBETTA (BOULEVARD),48.82754,2.27622,17,2,2
202100021334,163Â 519,B01,1,1,1,1,2,-1,-1,0,0,-1,2021,28.0,2,1,0,2,1,1,1,,3,909,-1,,2,2,0,1,19,200,1,, -1,1,0,1,70,3,9,1,95,95660,1,1,0,3,RD 909,49.075865,2.348092,8,2,2
202100021070,163Â 996,A01,10,3,1,0,0,-1,-1,3,3,1,2021,75.0,1,2,0,1,0,1,1,,4,SAINT PIERRE (PLACE),0,,-1,2,0,1,1,0,1,, -1,1,0,1,50,3,9,1,14,14118,2,1,0,6,Place Saint-Pierre,49.18399,-0.36145,15,2,1
202100002547,197Â 228,A01,1,1,1,5,8,-1,-1,0,0,-1,2021,42.0,0,2,0,2,1,5,1,,3,34,-1,,2,2,0,1,2,0,1,, -1,2,0,1,80,19,12,2,60,60103,1,1,0,1,D34,49.426552,2.240191,7,2,2
202100050411,111Â 589,A01,1,1,2,4,1,-1,-1,0,0,-1,2021,31.0,2,2,13,0,8,1,1,,2,1,0,,2,2,0,1,304,92,2,, -1,1,0,3,50,20,2,1,988,98831,2,2,0,6,RT 1/VU1 VOH,-20.947813,164.685123,11,1,1
202100011183,181Â 741,A01,1,1,1,0,2,6,-1,-1, -1,-1,2021,22.0,3,1,0,0,1,1,1,,1,AUTOROUTE A86,0,,1,1,0,4,51,0,3,, -1,2,3,1,50,25,10,1,94,94034,1,1,1,7,AUTOROUTE A86,48.75977,2.33849,9,1,1
202100020007,165Â 874,C01,2,2,2,5,1,0,-1,-1, -1,-1,2021,22.0,1,2,0,2,4,2,1,,1,A507 sens Marseille - Aubagne,0,,1,4,0,1,7,559,1,, -1,1,1,1,70,9,9,1,13,13055,1,1,0,4,A507 sens Marseille - Aubagne,43.30307,5.42569,10,5,4
202100017679,170Â 020,B01,1,1,1,5,2,6,-1,0,0,-1,2021,28.0,2,1,0,2,3,1,1,,4,RUE DE COURCELLES,0,,2,3,0,2,(1),(1),1,, -1,1,0,1,30,21,9,1,75,75108,2,2,0,3,RUE DE COURCELLES,48.875023,2.309192,11,2,2
202100040340,129Â 497,A01,1,1,2,9,1,0,-1,-1, -1,-1,2021,30.0,1,2,0,2,5,16,1,,7,DE GAULLE (AVENUE CHARLES),0,,1,2,0,1,3,77,2,, -1,1,0,1,50,10,5,1,45,45235,2,1,0,3,Avenue Charles de Gaulle,47.95224,1.8425,17,2,2
202100001229,199Â 574,A01,2,2,2,5,1,-1,-1,0,0,-1,2021,74.0,1,2,13,2,5,12,1,,3,906,0,,2,3,0,1,10,700,1,, -1,2,0,1,90,27,12,3,71,71194,1,1,1,3,D906,46.836229,4.819618,17,3,2
202100007293,188Â 711,A01,10,3,2,5,0,-1,-1,2,4,1,2021,65.0,3,2,0,1,4,4,1,,4,ROMPSAY   AVENUE DE,0,,2,2,0,1,(1),(1),1,, -1,1,0,1,50,18,11,5,17,17300,2,1,0,6,ROMPSAY   AVENUE DE,46.16128,-1.1302,21,2,1
202100016976,171Â 276,B01,1,1,1,5,2,0,-1,-1, -1,-1,2021,38.0,1,1,2,2,1,11,1,,4,GENERAL DE GAULLE(Avenue),0,,2,2,0,1,0,0,1,, -1,1,0,1,30,21,9,1,13,13056,2,1,0,3,GENERAL DE GAULLE(Avenue),43.39927,5.06569,17,2,2
202100011764,180Â 685,A01,10,3,1,0,8,8,-1,6,2,1,2021,50.0,3,1,0,1,0,26,1,,4,RN1 (ROUTE NATIONALE),0,,2,3,0,1,0,0,1,, -1,1,0,3,50,21,10,3,974,97416,2,1,0,6,RN1 (ROUTE NATIONALE),-21.32881,55.45235,4,2,1
202100007336,188Â 640,B01,1,1,1,9,2,6,-1,0,0,-1,2021,36.0,3,1,0,2,7,15,1,,4,RUE DU SIMPLON,0,,1,1,0,1,(1),(1),1,, -1,1,0,1,30,19,11,1,75,75118,2,3,0,3,RUE DU SIMPLON,48.893243,2.352652,8,2,2
202100002311,197Â 658,A01,1,1,1,4,8,-1,-1,0,0,-1,2021,54.0,1,5,2,0,2,1,1,,3,473,-1,,3,2,0,1,22,300,1,, -1,7,0,3,80,20,12,3,68,68092,1,1,0,6,Willerhof,47.529678,7.389131,5,1,1
202100034451,140Â 151,B01,1,1,1,0,2,0,-1,-1, -1,-1,2021,49.0,2,1,0,2,1,1,5,,3,EUROPE (AVENUE DE L'),0,,1,2,1,1,0,0,1,, -1,1,0,5,50,13,6,1,92,92072,2,1,0,3,EUROPE (AVENUE DE L'),48.8231579333,2.2096332908,11,2,2
202100002071,198Â 095,A01,2,2,2,9,1,-1,-1,0,0,-1,2021,23.0,2,2,13,0,9,17,1,,2,80,0,,1,2,0,2,32,400,1,, -1,2,0,1,110,20,12,3,71,71277,1,1,0,7,N80,46.737677,4.603312,18,2,1
202100029492,149Â 076,A01,1,1,1,0,2,-1,-1,0,0,-1,2021,39.0,1,1,0,0,0,0,1,,3,,0,,2,1,0,1,0,340,1,,3,1,0,1,50,10,7,1,25,25317,1,1,0,7,Grande Rue,47.252608,5.713057,10,1,1
202100015526,173Â 934,A01,1,1,1,5,2,-1,-1,-1, -1,-1,2021,72.0,3,1,0,2,5,9,5,,3,BEAUJOLAIS (avenue du),0,,-1,2,0,1,0,1,3,, -1,1,9,1,50,28,9,1,69,69092,1,9,0,3,BEAUJOLAIS (DU) (AV),45.997145388,4.7067672014,12,3,2
202100024806,157Â 315,A01,1,1,1,5,2,-1,-1,0,0,-1,2021,34.0,3,6,0,0,3,13,1,,9,68,0,D,2,2,0,3,35,0,1,, -1,1,0,3,50,10,8,1,18,18223,1,1,0,7,pk 35 D68,47.194131,2.367055,11,1,1
202100014410,175Â 941,A01,3,2,2,5,1,0,-1,0,0,-1,2021,24.0,1,3,0,2,0,7,2,3.0,4,BOULEVARD SAINT MARCEL,0,,2,5,3,1,(1),(1),1,, -1,1,-1,6,30,8,10,1,75,75113,2,3,0,3,BOULEVARD SAINT MARCEL,48.837148,2.35303,9,4,2
202100008846,185Â 927,A01,1,1,1,5,2,6,-1,0,0,-1,2021,31.0,1,1,0,2,1,17,1,,4,AVENUE DE NOGENT,0,,2,2,0,1,(1),(1),1,, -1,1,0,1,30,8,11,1,75,75112,2,1,0,3,AVENUE DE NOGENT,48.844307,2.441736,11,3,2
202100023724,159Â 210,B01,1,1,1,5,1,-1,-1,0,0,-1,2021,41.0,1,2,0,2,1,1,1,,3,CD 405,0,,2,0,0,4,1,0,1,, -1,1,0,1,50,16,8,2,14,14118,2,1,0,1,D405,49.17023,-0.38447,21,2,2
202100012092,180Â 102,A01,1,1,1,0,2,6,-1,0,0,-1,2021,16.0,2,1,0,9,1,17,1,,3,2,0,D,2,2,0,1,9,(1),4,, -1,2,0,1,70,18,10,3,59,59094,1,3,1,2,D2,50.953531758,2.2629871219,19,2,2
202100037524,134Â 591,A01,1,1,1,5,2,6,-1,0,0,-1,2021,44.0,1,1,0,2,3,13,1,,7,45,0,A,2,2,0,2,5,600,4,, -1,1,0,1,80,22,5,1,13,13007,1,1,0,3,Route de la Sainte Baume,43.340395,5.652401,17,2,2
202100029796,148Â 530,B01,1,1,2,0,2,0,-1,-1, -1,-1,2021,27.0,1,1,0,2,3,1,1,,1,VA007418 PONT JUMEAUX A620 Sortie 30,0,,1,1,0,1,5,197,1,, -1,1,0,1,90,9,7,1,31,31555,1,1,0,3,VA007418 PONT JUMEAUX A620 Sortie 30,43.60922,1.4126,18,2,2
202100005094,192Â 667,A01,1,1,2,1,1,0,-1,0,0,-1,2021,22.0,2,2,0,2,1,2,1,,4,BOULEVARD PERIPHERIQUE,0,,1,3,0,1,7,800,1,, -1,2,0,1,70,1,12,1,75,75115,2,1,0,2,BOULEVARD PERIPHERIQUE,48.827241,2.293135,12,2,2
202100021459,163Â 286,B01,1,1,1,0,2,-1,-1,-1, -1,-1,2021,5.0,0,1,0,2,8,1,6,,4,AVE ROGER CHAUMET,0,,2,2,1,1,(1),(1),1,, -1,1,0,5,50,1,9,1,33,33318,2,9,0,3,Avenue Roger Chaumet,44.80173,-0.63506,11,2,2
202100036797,135Â 934,A01,10,3,1,0,0,-1,-1,0,5,1,2021,14.0,3,2,0,1,2,1,2,,4,BOULEVARD WINSTON CHURCHILL,0,,3,2,3,1,(1),(1),1,, -1,1,0,1,50,2,6,1,44,44162,2,1,0,6,BOULEVARD WINSTON CHURCHILL,47.20688,-1.6132,8,2,1
202100006835,189Â 564,A01,10,3,1,0,0,-1,-1,3,3,1,2021,61.0,1,2,0,1,6,1,1,,3,6,0,,2,2,0,1,0,0,1,, -1,1,0,1,50,22,11,2,92,92026,2,1,0,6,BEZONS (DE 23 A FIN),48.894937,2.250331,8,2,1
202100019668,166Â 493,A01,10,3,1,0,0,-1,-1,1,3,1,2021,11.0,1,2,0,1,1,1,1,,4,MOSELLE (RUE DE LA),0,,2,2,0,1,(1),(1),1,, -1,1,0,1,50,9,9,1,54,54304,2,1,0,6,MOSELLE (RUE DE LA),48.6989985298,6.134729938,17,2,1
202100052889,107Â 181,B01,1,1,1,0,8,-1,-1,-1, -1,-1,2021,43.0,1,2,0,2,1,2,1,,4,D113,0,,2,1,0,1,(1),(1),1,, -1,2,0,1,50,1,2,1,33,33065,1,1,0,4,Voie rapide Bx-Latresne,44.80468,-0.51663,16,3,3
202100028264,151Â 172,B01,1,1,1,5,2,-1,-1,-1, -1,-1,2021,21.0,1,6,0,2,0,13,1,,4,HERON  PHILIPPE   R,0,,1,2,0,1,(1),(1),1,, -1,1,0,1,50,16,7,1,69,69264,2,1,0,7,HERON  PHILIPPE (R),45.9890894887,4.7097934931,16,2,2
202100027550,152Â 477,A01,10,3,2,0,0,-1,-1,3,3,2,2021,7.0,2,2,0,1,3,1,1,,4,CLEMENCEAU (BOULEVARD),0,,2,2,0,2,(1),(1),1,, -1,1,0,1,50,19,7,1,19,19031,2,1,0,6,CLEMENCEAU (BOULEVARD),45.15358,1.53113,12,2,1
202100034767,139Â 567,A01,10,3,2,3,0,-1,-1,3,3,1,2021,32.0,3,2,0,1,3,1,1,,4,BUIS (RUE DU),0,,2,2,0,1,(1),(1),1,, -1,1,0,8,50,11,6,1,15,15014,2,1,0,6,Boulevard du Pavatou,44.93185,2.45027,11,2,1
202100040602,129Â 039,A01,1,1,1,0,8,0,-1,-1, -1,-1,2021,11.0,0,1,0,2,0,1,5,,4,HUGO. RUE VICTOR,0,,2,2,0,2,(1),(1),1,, -1,1,0,1,50,9,5,1,76,76498,2,3,0,3,HUGO. RUE VICTOR,49.42355,1.06405,16,2,2
202100032272,144Â 075,B01,2,2,2,3,1,0,-1,0,0,-1,2021,76.0,1,2,0,2,8,26,1,,4,ALBERTVILLE (RUE D'),0,,2,1,0,1,(1),(1),3,, -1,2,0,8,30,24,6,1,54,54547,2,1,0,3,ALBERTVILLE (RUE D'),48.65522,6.18557,11,3,2
202100014168,176Â 369,B01,1,1,1,5,0,0,-1,-1, -1,-1,2021,19.0,1,1,0,2,8,1,5,,4,BOULEVARD DE L'EGALITE,0,,2,2,2,1,(1),(1),1,, -1,1,0,1,50,9,10,5,44,44109,2,1,0,3,BOULEVARD DE L'EGALITE,47.20872,-1.58709,23,2,2
202100036730,136Â 056,B01,1,1,1,0,1,-1,-1,0,0,-1,2021,86.0,1,2,0,2,1,1,1,,3,242,-1,,2,2,0,1,13,71,1,, -1,1,0,1,50,1,6,1,33,33539,2,1,0,1,,44.903934,-0.325379,15,2,2
202100036372,136Â 688,A01,1,1,2,0,8,-1,-1,-1, -1,-1,2021,34.0,1,2,0,2,2,18,0,,7,25EME REGIMENT DE TIRAILLEURS SENEGA(AV),0,,1,2,3,4,50,200,1,, -1,1,0,1,50,4,6,1,69,69389,1,1,0,3,25EME REGIMENT DE TIRAILLEURS SENEGA(AV),45.7859278469,4.8038258514,18,2,2
202100002065,198Â 105,A01,1,1,2,5,1,-1,-1,0,0,-1,2021,36.0,1,2,13,0,1,14,1,,2,1,-1,,2,2,0,2,(1),(1),2,, -1,1,2,8,110,16,12,3,988,98810,1,1,0,7,Lieu dit TROULALA,-20.6491,164.36226,22,1,1
202100052523,107Â 837,A01,10,3,2,2,8,8,-1,3,3,2,2021,12.0,2,2,0,1,2,1,1,,7,FONTAN (AVE DU DOCTEUR),0,,-1,2,0,1,1,500,1,, -1,1,0,1,30,3,2,1,83,83137,2,1,0,6,FONTAN (AVE DU DOCTEUR),43.13106,5.9196,12,3,1
202100015606,173Â 785,A01,1,1,1,0,1,8,-1,-1, -1,-1,2021,59.0,0,2,0,2,1,5,1,,3,CHURCHILL ( AVENUE WINSTON),0,,2,2,0,4,0,0,2,, -1,1,0,1,50,29,9,1,24,24138,1,1,0,4,CHURCHILL ( AVENUE WINSTON),45.18513,0.69895,16,5,3
202100021403,163Â 391,C01,1,1,1,4,8,0,-1,-1, -1,-1,2021,59.0,1,5,0,2,1,0,1,,2,RN104,0,,-1,2,0,1,3,799,1,, -1,1,0,1,90,2,9,1,77,77373,1,1,0,6,RN104,48.80115,2.62549,15,3,3
202100014512,175Â 770,A01,1,1,1,0,1,-1,-1,0,0,-1,2021,22.0,2,2,2,0,3,13,1,,3,30,-1,,2,2,0,1,11,500,2,, -1,1,0,3,80,9,10,3,13,13066,1,1,0,6,D30,43.846051,4.898234,6,1,1
202100048241,115Â 519,B01,1,1,1,0,2,0,-1,-1, -1,-1,2021,44.0,0,1,0,2,0,0,1,,4,YSER. BOULEVARD DE L',0,,2,4,3,1,8,900,1,, -1,2,-1,1,50,10,3,1,76,76540,2,3,1,5,Boulevard de Verdun,49.446238,1.107046,17,3,3
202100046974,117Â 815,B01,1,1,1,1,8,-1,-1,0,0,-1,2021,29.0,1,1,0,2,0,1,1,,3,11,-1,,2,2,0,2,5,675,1,, -1,1,0,1,50,23,3,1,974,97413,2,3,0,1,Rue Adrien Lagourgue,-21.221831,55.314242,7,2,2
202100026691,154Â 001,A01,1,1,1,1,2,8,-1,-1, -1,-1,2021,33.0,3,1,0,0,3,13,1,,4,11 novembre 1918 (Rue),0,,1,1,0,1,1,0,3,, -1,2,0,8,50,28,7,1,94,94021,2,9,1,7,Rue du 19 mars 1962,48.76502,2.35805,8,1,1
202100030721,146Â 846,B01,1,1,1,1,2,8,-1,-1, -1,-1,2021,25.0,3,1,0,2,8,15,1,,4,ROSTAND (RUE EDMOND),0,,-1,2,0,1,0,0,1,, -1,1,0,1,30,29,6,1,974,97411,2,2,0,3,ROSTAND (RUE EDMOND),-20.88674,55.46781,14,2,2
202100036186,137Â 012,A01,1,1,2,5,2,6,-1,0,0,-1,2021,30.0,1,1,0,0,7,6,1,,3,7,0,D,2,2,0,2,65,753,3,, -1,1,0,1,50,6,6,1,76,76459,1,4,0,7,Route de Saint Saire,49.69985,1.4932,20,1,1
202100032333,143Â 964,A01,1,1,1,0,8,0,-1,-1, -1,-1,2021,27.0,2,1,0,2,5,19,3,,3,MAXIME GORKI (BD),0,,3,0,0,2,(1),(1),3,, -1,1,0,1,50,25,6,1,94,94076,2,3,0,3,MAXIME GORKI (BD),48.7997388044,2.3656521747,17,2,2
202100051204,110Â 149,B01,1,1,1,4,1,8,-1,-1, -1,-1,2021,27.0,1,5,0,2,1,19,1,,3,LOUIS ROCHE (AVENUE) (2/44),0,,2,2,0,1,0,0,1,, -1,1,0,1,50,17,2,1,92,92036,2,1,0,1,LOUIS ROCHE (AVENUE) (2/44),48.9271470882,2.3141241074,14,2,2
202100001019,199Â 944,B01,1,1,1,1,8,0,-1,0,0,-1,2021,22.0,3,1,0,2,4,9,5,,4,POTTIER (EUGENE),0,,2,2,0,1,(1),(1),1,, -1,1,0,1,50,28,12,1,35,35238,2,1,0,3,Rue EugÃ¨ne Pottier,48.10327,-1.7113,12,2,2
202100045901,119Â 709,A01,10,3,1,2,0,-1,-1,2,3,1,2021,13.0,2,1,0,1,1,1,1,,4,AV MAURICE THOREZ,0,,1,2,1,2,1,0,1,, -1,2,0,1,50,25,3,1,94,94041,2,1,1,1,Avenue Maurice Thorez,48.811891,2.381951,8,4,2
202100019622,166Â 565,B01,1,1,1,4,2,6,-1,-1, -1,-1,2021,23.0,2,1,0,2,1,1,1,,4,MARIETTON                           (R ),0,,2,5,0,1,(1),(1),1,, -1,1,0,1,50,10,9,5,69,69389,2,1,0,3,MARIETTON (R),45.77558,4.79502,21,2,2
202100000879,200Â 174,B01,1,1,2,5,1,0,-1,-1, -1,-1,2021,23.0,2,2,0,2,1,1,1,,4,MAROTS (RUE DES),0,,2,2,0,2,(1),(1),1,, -1,2,0,1,50,29,12,5,10,10387,2,3,1,3,MAROTS (RUE DES),48.306381476,4.0447068214,18,2,2
202100008652,186Â 282,A01,1,1,1,5,1,-1,-1,0,0,-1,2021,32.0,1,2,0,0,0,0,1,,1,43,-1,,3,5,0,1,29,950,3,, -1,1,0,1,130,11,11,3,38,38193,1,1,0,7,A 43 pk 029.950,45.611786,5.21872,4,1,1
202100039358,131Â 249,A01,1,1,2,3,1,-1,-1,0,0,-1,2021,25.0,2,2,0,9,1,1,1,,2,85,0,N,2,3,0,1,51,680,1,, -1,1,0,1,70,5,5,1,5,5170,1,1,0,6,RN85,44.446362,6.032095,17,2,2
202100056377,101Â 131,B01,1,1,2,0,1,0,-1,-1, -1,-1,2021,22.0,1,2,0,2,0,0,1,,1,A5502D-Sens Marseille vers A55-Martigues,0,,1,2,0,1,1,500,2,, -1,2,2,1,110,2,1,1,13,13071,1,1,0,3,A5502D-Sens Marseille vers A55-Martigues,43.40466,5.30352,15,2,2
202100052217,108Â 371,B01,2,2,2,5,2,6,-1,0,0,-1,2021,37.0,2,1,0,2,8,1,1,,4,GOURVILY AVENUE DE,0,,2,2,0,1,(1),(1),1,, -1,1,0,1,50,6,2,1,29,29232,2,3,0,3,Avenue de Gourvily,48.01539,-4.08573,14,4,2
202100037885,133Â 944,A01,1,1,1,1,2,6,-1,0,0,-1,2021,34.0,2,1,0,2,8,1,1,,7,98,-1,,2,2,0,2,5,150,2,, -1,1,2,1,70,28,5,3,83,83047,1,1,0,3,3600 Chemin Long,43.131041,6.063069,21,2,2