Num_Acc,id_vehicule,num_veh,place,catu,sexe,trajet,secu1,secu2,secu3,locp,actp,etatp,year_acc,victim_age,senc,catv,obs,obsm,choc,manv,motor,occutc,catr,voie,v1,v2,circ,nbv,vosp,prof,pr,pr1,plan,lartpc,larrout,surf,infra,situ,vma,jour,mois,lum,dep,com,agg_,int,atm,col,adr,lat,long,hour,nb_victim,nb_vehicules
202100030971,146Â 388,A01,1,1,1,5,1,-1,-1,-1,0,-1,2021,21.0,2,5,0,2,1,1,1,,1,AUTOROUTE A1,0,,3,6,0,1,31,600,1,, -1,2,0,1,130,4,7,1,95,95604,1,1,1,2,AUTOROUTE A1,49.11956,2.55617,9,2,2
202100049583,113Â 128,A01,1,1,2,0,1,0,-1,-1, -1,-1,2021,35.0,1,2,0,2,1,2,1,,1,AUTOROUTE A3,0,,3,-1,0,1,15,0,1,, -1,1,0,1,70,1,3,1,93,93005,1,1,0,4,AUTOROUTE A3,48.96744,2.47878,17,3,3
202100025216,156Â 591,A01,2,2,2,5,8,-1,-1,0,0,-1,2021,18.0,2,2,6,0,3,1,1,,3,368,0,D,2,2,0,1,6,92,3,, -1,1,0,4,50,8,8,2,201,201247,2,1,0,6,Palavesa,41.627437,9.251384,6,2,1
202100001453,199Â 185,B01,1,1,1,5,2,0,-1,-1, -1,-1,2021,54.0,1,1,0,2,1,1,6,,3,MALROUX (AV. AUGUSTIN),0,,2,2,0,4,27,422,3,, -1,2,0,1,30,23,12,1,81,81033,2,4,0,1,MALROUX (AV. AUGUSTIN),44.02705,2.12863,15,3,2
202100037547,134Â 547,C01,1,1,2,0,8,0,-1,-1, -1,-1,2021,28.0,1,2,0,2,9,26,1,,1,A13,0,,-1,2,0,1,21,500,1,, -1,1,0,1,90,30,5,1,78,78133,1,1,0,4,A13,48.892012,2.008921,10,4,3
202100002942,196Â 516,A01,2,2,2,5,1,-1,-1,-1, -1,-1,2021,38.0,0,2,0,2,3,1,0,,4,VAUBAN (22 ET 25 A FIN ET PLACE),0,,1,1,0,1,(1),(1),1,, -1,1,0,1,50,15,12,5,29,29019,2,2,0,6,Rue Vauban,48.3848674224,-4.5009854436,2,2,1
202100001992,198Â 238,C01,1,1,2,0,1,-1,-1,-1, -1,-1,2021,34.0,1,2,0,2,4,23,1,,7,CHARLES DE GAULLE                   (AV),0,,2,4,3,1,0,900,1,, -1,1,0,1,50,20,12,2,69,69259,2,3,0,4,CHARLES DE GAULLE (AV),45.71501,4.89537,16,4,4
202100026656,154Â 058,B01,1,1,1,0,8,0,-1,-1, -1,-1,2021,56.0,0,1,0,2,1,1,5,,4,FEUILLETIERE (MONTEE),0,,2,2,0,2,(1),(1),1,, -1,1,0,1,50,17,6,5,42,42330,2,1,0,1,Montee de la Feuilletiere,45.46903,4.36344,6,2,2
202100044759,121Â 710,B01,1,1,1,4,8,-1,-1,0,0,-1,2021,52.0,2,4,0,0,6,1,1,,1,71,0,A,3,4,0,1,313,550,1,, -1,1,0,1,130,26,3,1,3,3256,1,1,0,2,autoroute a71,46.339002,2.882933,7,2,2
202100014077,176Â 535,A01,1,1,2,0,1,-1,-1,0,0,-1,2021,19.0,0,5,0,2,1,1,1,,3,3,0,,2,2,0,1,(1),(1),1,, -1,1,5,1,80,9,10,5,38,38565,1,6,0,2,Chemin Departemental 3,45.27309,5.626652,21,2,2
202100015254,174Â 444,A01,10,3,1,2,0,-1,-1,3,3,1,2021,17.0,1,2,0,1,2,1,0,,2,2,0,,2,2,0,1,(1),(1),1,, -1,1,0,1,50,4,10,1,974,97412,2,1,0,3,1 Rue Victor Hugo,-21.379758,55.635556,7,2,1
202100038001,133Â 737,A01,1,1,1,4,2,6,-1,-1, -1,-1,2021,31.0,0,1,0,2,3,1,1,,7,DAVOUST (RUE EMILE DAVOUST),0,,1,1,0,1,(1),(1),1,, -1,1,0,1,50,27,5,1,45,45234,2,2,0,4,Rue Fernand Rabier,47.90394,1.90973,14,3,3
202100002047,198Â 134,A01,10,3,2,9,0,-1,-1,2,3,1,2021,26.0,2,1,0,1,1,1,1,,4,RUE DE PROVENCE,0,,1,1,0,1,(1),(1),1,, -1,1,0,1,30,20,12,1,75,75109,2,1,0,6,RUE DE PROVENCE,48.874244,2.330473,10,2,1
202100005245,192Â 408,A01,1,1,1,9,2,8,-1,-1, -1,-1,2021,17.0,3,1,0,2,1,2,1,,4,GUILLAUME BOUCHET (RUE),0,,2,2,0,1,(1),(1),1,, -1,2,0,1,50,29,11,1,86,86194,2,1,0,2,Rue Guillaume Bouchet,46.560695,0.313244,12,2,2
202100018907,167Â 849,A01,1,1,1,0,2,-1,-1,-1, -1,-1,2021,28.0,2,0,0,2,3,18,3,,4,THOMAS BLANCHET                     (R ),0,,2,2,0,1,(1),(1),1,, -1,1,0,1,50,14,9,1,69,69388,2,1,0,3,THOMAS BLANCHET (R),45.7371818867,4.8837195856,15,2,2
202100013038,178Â 444,A01,1,1,1,0,1,-1,-1,-1, -1,-1,2021,33.0,2,2,0,2,1,13,1,,7,TOULON RD 554 (AVENUE DE),0,,2,2,0,1,104,205,1,, -1,1,0,1,50,14,10,1,83,83069,2,1,0,1,TOULON RD 554 (AVENUE DE),43.12332,6.11528,16,2,2
202100040196,129Â 750,B01,1,1,1,0,1,0,-1,0,0,-1,2021,59.0,1,2,0,2,4,2,1,,4,MENDES FRANCE (AVENUE PIERRE),0,,2,2,0,1,(1),(1),1,, -1,1,0,1,30,12,5,1,27,27681,2,1,0,2,MENDES FRANCE (AVENUE PIERRE),49.09033,1.48407,12,2,2
202100035471,138Â 307,A01,10,3,1,0,0,-1,-1,3,4,1,2021,60.0,1,1,0,1,3,1,1,,7,BRUMATH (ROUTE DE),0,,2,4,0,1,0,0,1,, -1,1,9,1,50,8,6,1,67,67204,2,1,0,6,BRUMATH (ROUTE DE),48.622284,7.730749,18,2,1
202100047751,116Â 394,C01,1,1,2,1,1,0,0,0,0,-1,2021,36.0,1,2,0,2,4,1,1,,4,SIDI BRAHIM (AVENUE),0,,2,2,0,2,(1),(1),1,, -1,1,0,1,50,8,3,1,6,6069,2,1,0,4,SIDI BRAHIM (AVENUE),43.65032,6.928867,8,3,3
202100021886,162Â 514,A01,1,1,2,9,8,-1,-1,0,0,-1,2021,46.0,2,2,0,2,1,10,2,,3,1203,-1,,3,1,0,1,23,420,1,, -1,1,0,1,80,30,8,3,74,74116,1,9,0,6,Rte dÃ©partementale 1203,46.072553,6.2883,5,3,2
202100045386,120Â 605,B01,1,1,1,5,8,0,-1,-1, -1,-1,2021,24.0,3,1,0,2,0,1,3,,4,SAINT LEONARD,0,,2,2,0,1,1,0,1,, -1,1,1,1,50,30,3,5,49,49007,2,1,0,6,SAINT LEONARD,47.4587543667,-0.5179120985,5,2,2
202100009467,184Â 786,A01,10,3,2,1,0,-1,-1,3,3,1,2021,37.0,1,1,0,2,1,1,1,,4,BOULEVARD HENRI IV,0,,2,4,2,1,(1),(1),1,, -1,2,0,1,30,3,11,5,75,75104,2,3,0,6,BOULEVARD HENRI IV,48.850422,2.360109,18,2,1
202100034081,140Â 843,A01,10,3,1,0,0,-1,-1,2,3,1,2021,68.0,2,1,0,1,8,1,1,,4,FLAMMARION (BOULEVARD)     1 A 65,0,,2,2,0,1,0,0,1,, -1,1,0,1,50,15,6,2,13,13201,2,1,0,3,FLAMMARION (BOULEVARD)     1 A 65,43.30484,5.38822,20,2,1
202100029222,149Â 527,A01,2,2,2,5,1,-1,-1,0,0,-1,2021,76.0,2,2,2,0,1,1,1,,1,26,-1,,3,4,0,1,348,750,1,, -1,2,0,3,130,12,7,1,10,10430,1,1,1,6,autoroute A26,48.6515011332,4.1746330261,12,2,1
202100007589,188Â 174,B01,1,1,1,1,0,-1,-1,-1, -1,-1,2021,21.0,2,1,0,2,1,1,3,,7,LYON (DE)                               ,0,,2,3,1,1,3,800,1,, -1,1,0,5,50,17,11,1,69,69271,2,1,0,1,LYON (DE) (RTE)                             ,45.7401140296,4.9525809288,12,2,2
202100030082,148Â 013,A01,1,1,1,5,1,-1,-1,0,0,-1,2021,67.0,3,2,6,2,8,19,1,,3,609,0,,2,2,0,2,1,701,1,, -1,1,0,1,50,9,7,1,6,6007,1,1,0,3,1681 Route de Saint Jacques,43.620167,6.918206,12,2,2
202100054184,104Â 894,B01,1,1,2,0,8,0,-1,-1, -1,-1,2021,45.0,1,2,0,2,6,23,1,,3,RD 41 (ROCADE),0,,3,5,0,3,1,600,1,, -1,2,3,1,60,20,1,3,972,97209,2,9,0,2,RD 41 (ROCADE),14.6131285055,-61.0648602247,20,2,2
202100037493,134Â 653,A01,1,1,1,2,0,-1,-1,0,0,-1,2021,12.0,3,1,0,2,8,19,5,,3,34,0,D,2,2,0,2,68,850,1,, -1,1,0,1,50,31,5,1,58,58151,2,1,0,3,50 Avenue de la Republique,46.89066,3.466916,15,2,2
202100019822,166Â 212,A01,1,1,1,5,2,0,-1,-1, -1,-1,2021,35.0,2,1,0,2,8,3,1,,1,A4,0,,3,4,0,1,10,500,3,, -1,1,0,1,90,10,9,1,94,94017,1,1,0,2,A4,48.8267111767,2.5225882774,17,2,2
202100039132,131Â 680,Z01,10,3,2,2,8,8,-1,3,5,2,2021,3.0,2,2,0,1,0,26,0,,3,HIPPODROME ( BD DE L' PAIR),0,,2,2,2,1,8,578,1,, -1,2,6,1,30,19,5,1,1,1053,2,6,0,6,STAND ( RUE DU ),46.189943,5.232773,17,2,1
202100039756,130Â 521,A01,1,1,1,1,0,-1,-1,0,0,-1,2021,39.0,2,6,0,0,0,1,1,,3,130,-1,,2,2,0,1,27,370,1,, -1,1,0,1,80,17,5,1,17,17477,1,1,0,7,D130,45.988485,-0.144749,16,1,1
202100029767,148Â 579,A01,2,2,2,5,1,-1,-1,0,0,-1,2021,21.0,2,2,0,2,2,19,1,,3,MARTINET (BOULEVARD DU),0,,2,2,0,3,0,0,1,, -1,1,2,1,50,8,7,1,65,65440,2,2,0,3,MARNE (AVENUE DE LA),43.23216,0.0874,21,3,2
202100033738,141Â 462,A01,1,1,1,5,2,6,9,0,0,-1,2021,41.0,2,1,0,0,2,1,1,,3,116,0,,2,2,0,4,(1),(1),1,, -1,6,0,1,50,19,6,1,91,91540,2,1,1,7,Avenue de Dourdan,48.552705,2.119911,18,1,1
202100031311,145Â 771,A01,1,1,1,0,2,6,-1,-1, -1,-1,2021,46.0,2,1,0,2,1,18,1,,3,PARIS (av. de),0,,2,2,1,1,1,0,1,, -1,1,0,1,50,2,7,1,94,94067,2,3,0,3,PARIS (av. de),48.84587,2.4237,13,2,2
202100043894,123Â 208,A01,10,3,1,0,0,-1,-1,3,3,1,2021,57.0,2,2,0,1,2,19,1,,2,57,0,,2,2,0,1,70,900,1,, -1,1,0,1,50,15,4,1,25,25462,2,5,0,6,ROCADE G.POMPIDOU (DU 7 AU 24),46.9005,6.3565,16,2,1
202100018855,167Â 944,A01,1,1,2,3,1,-1,-1,0,0,-1,2021,80.0,2,2,4,0,8,1,1,,3,920,0,D,2,2,0,1,4,0,1,, -1,2,0,3,80,16,9,1,64,64116,1,1,1,7,D920,43.1189271707,-0.4399037361,14,1,1
202100023719,159Â 219,A01,1,1,1,3,1,8,-1,-1, -1,-1,2021,31.0,1,2,0,2,2,1,1,,4,BAS DE GRANGE (RUE ET PLACE),0,,2,2,0,1,(1),(1),1,, -1,1,0,1,50,16,8,1,18,18279,2,2,0,1,BAS DE GRANGE (RUE ET PLACE),47.2251744978,2.0504133403,20,3,2
202100039776,130Â 489,B01,1,1,1,5,2,6,-1,0,0,-1,2021,16.0,3,1,0,2,1,1,1,,4,17,-1,,2,2,0,1,(1),(1),1,,"4,15",2,0,1,80,15,5,1,35,35031,1,1,1,1,Touche Ronde,48.171066,-1.415691,17,2,2
202100035845,137Â 629,B01,1,1,1,5,2,6,-1,0,0,-1,2021,33.0,2,1,0,2,2,2,1,,3,90,-1,,2,2,0,1,29,400,1,, -1,1,0,1,80,8,6,1,60,60326,1,1,0,3,Rue du Bois d Aiguisy,49.4126077705,2.7505892515,13,2,2
202100044814,121Â 611,B01,1,1,2,1,1,8,-1,-1, -1,-1,2021,30.0,1,2,0,2,1,1,1,,4,COURNET ( RUE  FREDERIC ),0,,2,2,0,1,(1),(1),1,, -1,1,0,1,30,6,4,1,56,56121,2,2,0,3,COURNET ( RUE  FREDERIC ),47.75741,-3.36119,9,2,2
202100016928,171Â 364,B01,1,1,2,5,8,0,-1,-1, -1,-1,2021,18.0,3,1,0,2,7,1,5,,4,CHOISEUL (PLACE),0,,2,3,0,1,(1),(1),1,, -1,1,5,6,50,24,9,5,37,37261,2,7,0,6,CHOISEUL (PLACE),47.4017102003,0.6842836589,1,2,2
202100040098,129Â 921,A01,1,1,1,1,2,6,-1,0,0,-1,2021,57.0,1,1,0,2,7,17,1,,3,813,0,,1,1,0,1,8,102,1,, -1,1,0,1,50,12,5,1,31,31582,2,1,0,3,30 Rue de la RÃ©publique,43.397174,1.718711,13,4,2
202100047850,116Â 227,A01,10,3,2,3,0,-1,-1,3,3,1,2021,78.0,0,2,0,1,1,9,1,,4,,-1,,2,2,0,1,(1),(1),1,, -1,1,0,1,50,15,3,1,84,84088,2,1,0,1,Cours Frizet,44.000853,5.059209,9,2,1
202100026713,153Â 964,A01,1,1,1,5,2,6,-1,0,0,-1,2021,26.0,1,1,13,0,1,21,1,,3,61,0,,2,2,0,2,14,430,2,, -1,1,0,3,80,28,7,1,79,79014,1,1,0,7,,47.012362,-0.260046,17,1,1
202100040572,129Â 096,A01,1,1,1,5,9,-1,-1,0,0,-1,2021,45.0,1,2,2,0,1,1,1,,4,8,0, -,2,2,0,1,10,200,2,, -1,2,0,3,50,11,5,1,74,74249,2,1,1,6,Rte de la Fin Franche,46.358113,6.655733,16,1,1
202100007042,189Â 169,B01,2,2,1,4,1,8,-1,0,0,-1,2021,27.0,3,2,0,2,3,15,1,,4,,0,,2,2,0,1,(1),(1),1,, -1,1,0,1,50,20,11,5,6,6029,2,2,0,3,TONNER (AVENUE FRANCIS),43.54958,6.97596,2,3,2
202100025155,156Â 691,B01,1,1,1,5,2,0,-1,0, -1,-1,2021,20.0,2,1,0,2,1,9,1,,3,MERMOZ (AVENUE JEAN),0,,2,2,0,1,0,1,1,, -1,1,0,1,50,7,8,1,93,93027,2,5,0,3,Avenue Jean Mermoz / Rue Nungesser,48.9327447694,2.412166357,15,2,2
202100024095,158Â 591,B01,1,1,2,5,1,-1,-1,0,0,-1,2021,19.0,3,2,0,2,1,2,1,,4,,-1,,2,2,0,1,(1),(1),3,,4,1,0,4,50,15,8,1,60,60589,2,1,0,1,Rue Louis Saint Just,49.24256,2.470408,19,2,2
202100005033,192Â 793,B01,1,1,1,2,1,-1,-1,-1,0,-1,2021,18.0,2,2,0,2,3,1,1,,3,PARIS (RUE DE),0,,2,3,0,1,3,300,1,, -1,1,0,1,90,2,12,2,95,95585,1,1,0,5,PARIS (RUE DE),48.99798,2.3865,17,3,3
202100034772,139Â 560,A01,1,1,2,0,1,5,-1,-1, -1,-1,2021,65.0,1,2,1,0,3,13,1,,4,CHARMILLES (MAIL DES),0,,1,2,0,1,(1),(1),2,, -1,1,0,1,50,10,6,1,10,10387,2,1,0,6,CHARMILLES (MAIL DES),48.29975,4.08747,16,1,1
202100051241,110Â 091,A01,10,3,2,5,0,-1,-1,9,9,2,2021,75.0,3,5,0,1,4,4,1,,6,,0,,-1,-1,0,1,(1),(1),1,, -1,1,0,8,30,17,2,1,34,34299,2,9,0,6,Parking de la MaÃ¯re,43.268181,3.339951,15,2,1
202100045655,120Â 132,A01,10,3,1,0,0,-1,-1,4,3,2,2021,65.0,3,1,0,1,1,1,1,,3,PARIS RUE DE,0,,2,2,0,1,0,1,1,, -1,1,0,1,50,31,3,1,93,93045,2,1,0,6,PARIS RUE DE,48.87938,2.41499,10,3,1
202100033017,142Â 723,B01,1,1,1,0,1,0,-1,-1, -1,-1,2021,54.0,2,5,0,0,4,2,1,,3,CORBEIL (ROUTE DE),0,,1,2,0,1,0,0,1,, -1,1,0,1,50,21,6,1,91,91286,2,6,0,2,CORBEIL (ROUTE DE),48.65,2.39,17,2,2
202100008805,186Â 007,A01,2,2,2,3,2,-1,-1,0,0,-1,2021,40.0,1,1,0,2,1,2,1,,3,,-1,,2,2,0,2,0,0,2,,5,1,0,1,50,10,11,1,95,95489,2,1,0,1,Route de la TÃªte Richard,49.019546,2.352018,16,4,2
202100047080,117Â 616,B01,1,1,1,5,2,6,-1,0,0,-1,2021,44.0,1,1,0,2,1,1,1,,3,14,0,,2,2,0,1,18,100,1,, -1,1,0,1,80,23,3,1,83,83043,1,1,0,1,Route des Maures,43.235999,6.286775,9,2,2
202100014592,175Â 629,B01,1,1,1,5,8,0,-1,-1, -1,-1,2021,71.0,3,1,0,2,3,13,5,,4,LOIRE (QUAI DE LA),0,,1,1,0,1,(1),(1),2,, -1,1,5,1,40,29,9,1,62,62193,2,6,0,3,LOIRE (QUAI DE LA),50.956462,1.864292,10,2,2
202100043937,123Â 139,A01,10,3,1,0,0,-1,-1,4,3,3,2021,34.0,2,1,0,1,1,7,1,,3,909,0,,3,3,3,1,0,0,1,, -1,1,0,6,50,15,4,1,92,92044,2,2,0,6,VIC. HUGO(RUE)069A075 ET 080A088,48.89554,2.29683,17,2,1
202100054209,104Â 852,B01,1,1,1,4,1,8,-1,-1, -1,-1,2021,19.0,3,5,0,2,7,1,1,,4,AVENUE AUGUSTE FERRIER,0,,2,5,1,1,(1),(1),1,, -1,1,0,1,50,21,1,5,38,38151,2,2,0,3,Avenue Auguste Ferrier,45.14474,5.71053,6,4,2
202100054502,104Â 351,B01,1,1,1,1,2,6,-1,0,0,-1,2021,26.0,2,1,0,2,1,1,1,,7,613,0,,2,2,0,1,34,500,1,, -1,1,0,1,50,20,1,2,34,34270,2,2,0,3,Route de Beziers,43.57139,3.813436,7,2,2
202100034453,140Â 146,A01,10,3,2,1,0,-1,-1,3,3,1,2021,56.0,1,2,0,1,1,1,1,,3,161,0,,2,4,3,1,0,1,1,, -1,1,0,1,50,14,6,1,92,92049,2,1,0,6,DORMOY AVENUE MARX NÂ°2 A 100,48.8100462858,2.3192122579,8,2,1
202100000951,200Â 051,A01,1,1,1,9,1,-1,-1,-1, -1,-1,2021,42.0,1,2,3,0,1,13,1,,1,A630,0,,1,1,0,2,5,125,3,, -1,1,3,1,30,29,12,1,33,33063,1,1,0,6,ROCADE A 630,44.88558,-0.56265,15,1,1
202100036257,136Â 871,A01,2,2,2,5,8,0,-1,-1, -1,-1,2021,38.0,3,2,13,0,9,6,1,,4,,0,,-1,2,0,2,(1),(1),1,, -1,2,0,1,50,5,6,5,7,7102,2,1,1,7,Chemin des Basses FreydiÃ¨res,44.91929,4.86597,1,2,1
202100010627,182Â 739,A01,10,3,2,5,0,-1,-1,6,2,3,2021,47.0,2,2,8,1,2,1,1,,3,D37,-1,,2,2,0,1,8,500,3,, -1,1,0,1,80,28,10,1,27,27075,1,1,0,6,D37,48.900281,0.699992,18,4,1
202100032966,142Â 832,B01,1,1,1,5,1,-1,-1,0,0,-1,2021,78.0,1,2,0,2,1,1,1,,3,102,0,D,2,2,0,1,8,50,1,, -1,2,0,1,80,22,6,1,53,53211,1,1,1,1,D102,48.360198,-0.899785,10,2,2
202100008950,185Â 718,A01,1,1,2,5,8,0,-1,-1, -1,-1,2021,22.0,1,2,2,2,1,1,1,,4,MERMOZ (BD JEAN),0,,2,2,0,1,0,0,1,, -1,2,5,1,50,7,11,5,35,35281,2,2,1,2,MERMOZ (BD JEAN),48.09631,-1.6927,6,2,2
202100004998,192Â 855,A01,1,1,1,0,1,0,-1,-1, -1,-1,2021,33.0,2,4,0,2,6,24,1,,1,A7-Sens Lyon vers Marseille,0,,-1,3,0,1,257,0,1,, -1,1,0,2,110,29,11,1,13,13117,1,1,0,3,A7-Sens Lyon vers Marseille,43.47683,5.23818,12,2,2
202100033069,142Â 631,A01,1,1,1,1,2,6,-1,0,0,-1,2021,36.0,2,1,0,0,7,1,1,,4,PORTE DE SAINT OUEN,0,,1,4,0,1,(1),(1),1,, -1,2,0,1,70,20,6,5,75,75118,2,4,0,7,PORTE DE SAINT OUEN,48.9008329258,2.3338698481,22,1,1
202100055115,103Â 297,A01,1,1,1,4,1,-1,-1,0,0,-1,2021,55.0,2,5,13,0,3,13,1,,2,162,0,,2,2,0,2,53,400,1,, -1,1,0,3,80,14,1,1,53,53146,1,1,0,6,Les Hautes Folies,48.184086,-0.674329,15,1,1
202100053759,105Â 649,B01,1,1,1,0,2,6,-1,-1, -1,-1,2021,32.0,2,1,0,2,1,18,0,,3,GABRIEL-PERI (AV),0,,2,3,2,1,0,1,1,, -1,1,0,1,50,25,1,1,93,93070,2,3,0,3,GABRIEL-PERI (AV),48.90973,2.33309,14,2,2
202100005112,192Â 636,B01,1,1,1,0,2,6,-1,-1, -1,-1,2021,29.0,1,1,0,0,1,1,1,,1,PRESIDENT SALVADOR ALLENDE (AV DU),0,,2,2,0,1,0,0,1,, -1,1,0,1,50,30,11,5,94,94003,2,2,0,6,Avenue Paul Vaillant-Couturier,48.80053,2.34166,17,2,2
202100033588,141Â 728,A01,10,3,2,5,0,-1,-1,5,2,2,2021,59.0,0,2,6,1,1,1,1,,6,VILLA RENEE DE FRANCE (RUE),0,,-1,-1,0,1,(1),(1),1,, -1,1,0,4,50,16,6,1,45,45208,2,1,0,6,Place du PÃ¢tis,48.00077,2.73183,20,2,1
202100017007,171Â 220,B01,1,1,1,1,1,0,-1,0,0,-1,2021,43.0,1,2,0,2,4,2,1,,4,PORTE DE CLIGNANCOURT,0,,1,4,0,1,21,900,1,, -1,1,0,1,70,23,9,1,75,75118,2,1,0,4,BD PERIPHERIQUE INTERIEUR,48.900896,2.344014,15,3,3
202100037413,134Â 789,B01,1,1,1,5,2,0,-1,-1,0,-1,2021,20.0,3,1,0,2,2,17,1,,4,ALL JULES FERRY,0,,2,2,0,1,(1),(1),1,, -1,1,0,1,50,30,5,1,95,95268,2,3,0,3,ALL JULES FERRY,48.973497,2.394253,21,3,2
202100023852,158Â 991,B01,2,2,2,5,1,0,-1,-1, -1,-1,2021,28.0,1,2,0,2,1,1,1,,3,BD JOHN KENNEDY,0,,1,2,0,1,(1),(1),1,, -1,1,0,1,50,14,8,2,91,91174,2,3,0,3,BD JOHN KENNEDY,48.586837,2.476947,21,4,2
202100044241,122Â 587,A01,1,1,2,5,2,6,-1,-1, -1,-1,2021,27.0,1,1,0,2,1,2,1,,2,ROUTE NATIONALE 1,0,,2,3,0,1,5,900,1,, -1,1,0,1,90,11,4,2,972,97213,1,1,0,2,ROUTE NATIONALE 1,14.6227452776,-60.9897422793,18,2,2
202100022187,161Â 985,A01,1,1,1,9,2,6,-1,0,0,-1,2021,70.0,1,1,3,0,3,2,1,,3,905,-1,D,2,2,0,1,91,350,1,, -1,1,0,1,90,24,8,1,21,21261,1,6,0,1,Zone d Activite la Boulouze,47.265252,5.132954,16,1,1
202100011494,181Â 181,A01,1,1,1,5,1,-1,-1,0,0,-1,2021,19.0,2,2,8,0,0,14,1,,7,21,0,D,2,2,0,2,9,670,1,, -1,1,0,3,80,24,10,1,34,34164,1,1,0,6,Avenue de Teyran,43.746329,3.959859,7,1,1
202100055427,102Â 774,A01,1,1,1,1,2,6,-1,-1,0,-1,2021,25.0,2,1,0,2,8,3,1,,1,15,0,,3,8,0,1,12,300,1,, -1,2,0,1,110,12,1,2,95,95252,1,1,1,5,A15,48.9852350074,2.2141367197,8,4,4
202100048126,115Â 721,A01,10,3,2,0,0,-1,-1,2,3,1,2021,76.0,0,2,0,1,1,15,1,,4,SACLAS (RUE DE),0,,1,1,0,1,0,0,1,, -1,1,5,1,50,13,3,1,91,91223,2,3,0,6,SACLAS (RUE DE),48.42912,2.14842,13,2,1
202100053005,106Â 973,B01,1,1,1,0,8,-1,-1,0,0,-1,2021,67.0,1,2,0,2,1,1,1,,3,41,-1,,2,2,0,2,13,450,2,, -1,2,0,1,80,1,2,1,32,32047,1,1,1,3,D41,44.013937,0.532,15,2,2
202100018620,168Â 355,B01,1,1,1,0,1,5,-1,-1, -1,-1,2021,59.0,0,2,0,2,1,9,1,,4,MARECHAL FOCH (R DU),0,,2,1,0,1,0,1,1,, -1,2,0,1,30,15,9,1,94,94077,2,1,1,1,MARECHAL FOCH (R DU),48.728236,2.409868,8,2,2
202100039296,131Â 359,A01,10,3,2,2,0,-1,-1,2,9,2,2021,19.0,3,2,1,0,5,4,1,,6,BECQUEREL HENRI,0,,-1,-1,0,1,(1),(1),2,, -1,1,0,1,50,18,5,1,25,25462,2,1,0,2,BECQUEREL HENRI,46.91356,6.35102,17,4,2
202100006989,189Â 268,A01,1,1,2,5,1,-1,-1,-1,0,-1,2021,25.0,1,2,4,0,3,13,1,,2,RN 184,0,,1,4,0,3,3,200,3,, -1,2,0,1,70,21,11,1,95,95572,1,1,1,6,RN 184,49.034592,2.113404,16,2,1
202100039570,130Â 857,B01,1,1,2,0,2,0,-1,0,0,-1,2021,24.0,2,1,0,2,1,1,1,,7,REPUBLIQUE (AV DE LA),0,,2,2,0,1,(1),(1),1,, -1,1,0,1,50,14,5,1,63,63063,2,4,0,3,REPUBLIQUE (AV DE LA),45.82263,3.10653,13,2,2
202100012915,178Â 645,B01,1,1,1,0,2,6,-1,0,0,-1,2021,31.0,1,1,0,2,1,17,1,,3,1005,0,D,2,3,0,2,12,600,2,, -1,1,0,1,80,15,10,1,74,74263,1,3,0,1,Avenue de Geneve,46.331988,6.377918,18,3,2
202100002858,196Â 669,B01,1,1,1,0,1,-1,-1,0,0,-1,2021,35.0,1,2,3,2,4,14,1,,1,42,0,,-1,4,0,1,20,700,1,, -1,2,0,2,130,15,12,3,1,1032,1,1,1,4,A42,45.860413,5.122955,19,4,4
202100022877,160Â 725,A01,10,3,1,5,0,-1,-1,1,3,2,2021,53.0,1,5,0,1,1,1,1,,3,125,0,D,2,2,0,1,2,950,1,, -1,1,0,1,80,24,8,1,29,29198,1,1,0,6,D125 - Route de Lesneven,48.59975,-4.305943,9,2,1
202100056487,100Â 930,Z01,10,3,2,5,0,-1,-1,6,3,3,2021,23.0,2,0,0,1,0,1,0,,1,A86,0,,-1,2,0,1,4,50,1,, -1,2,0,1,90,1,1,3,92,92025,1,1,1,6,A86,48.92845,2.2392,5,2,1
202100003343,195Â 786,A01,1,1,2,5,8,-1,-1,0,0,-1,2021,53.0,1,2,6,0,3,13,1,,3,937,-1,,2,2,0,1,7,471,1,, -1,2,0,3,50,12,12,5,65,65360,2,1,0,6,17 Route de Lourdes,43.104053,-0.114081,22,2,1
202100024324,158Â 192,A01,1,1,1,0,1,8,-1,-1, -1,-1,2021,38.0,0,2,0,2,5,9,1,,3,DE LATTRE DE TASSIGNY (1 A 51),0,,3,4,0,1,0,1,1,, -1,1,0,1,50,13,8,2,93,93031,2,9,0,3,Avenue de Lattre de Tassigny,48.956687,2.310551,20,2,2
202100009655,184Â 448,A01,1,1,1,5,2,-1,-1,0,0,-1,2021,41.0,1,1,0,0,7,1,1,,2,RN2,-1,,2,2,0,2,(1),(1),1,, -1,1,0,1,50,3,11,3,974,97412,2,2,0,7,Rue RaphaÃ«l Babet,-21.380761,55.614569,20,1,1
202100003467,195Â 555,A01,1,1,2,5,0,-1,-1,0,0,-1,2021,32.0,3,2,8,0,7,13,1,,4,04,-1,,2,2,0,2,(1),(1),2,, -1,2,0,3,80,12,12,3,29,29184,1,1,0,6,Keranguen Bian,48.629392,-4.020709,7,1,1
202100028936,150Â 006,B01,1,1,1,1,2,6,-1,0,0,-1,2021,58.0,1,1,0,2,7,1,1,,3,,0, -,2,2,3,2,8,100,1,, -1,2,0,1,70,13,7,1,69,69094,2,9,1,3,BORDEAUX (DE) (RTE),45.74209,4.695035,17,2,2