Num_Acc,id_vehicule,num_veh,place,catu,sexe,trajet,secu1,secu2,secu3,locp,actp,etatp,year_acc,victim_age,senc,catv,obs,obsm,choc,manv,motor,occutc,catr,voie,v1,v2,circ,nbv,vosp,prof,pr,pr1,plan,lartpc,larrout,surf,infra,situ,vma,jour,mois,lum,dep,com,agg_,int,atm,col,adr,lat,long,hour,nb_victim,nb_vehicules
202100045029,121Â 236,B01,1,1,1,5,2,0,-1,-1, -1,-1,2021,23.0,2,1,0,2,2,1,1,,4,RIVE NEUVE (QUAI),0,,2,3,3,1,(1),(1),1,, -1,1,0,1,50,5,4,1,13,13207,2,1,0,3,RIVE NEUVE (QUAI),43.29265,5.36764,16,2,2
202100033402,142Â 060,A01,1,1,2,9,8,0,-1,-1, -1,-1,2021,24.0,1,2,2,0,1,26,1,,4,QUANTINIERE LIEU DIT,0,,2,2,0,1,1,0,1,, -1,1,0,1,50,19,6,5,49,49353,2,1,0,6,QUANTINIERE LIEU DIT,47.45604,-0.472376,22,2,1
202100008665,186Â 253,A01,1,1,1,0,1,0,-1,-1, -1,-1,2021,26.0,1,2,0,2,1,2,1,,2,ROUTE NATIONALE 227,0,,-1,4,0,1,(1),(1),1,, -1,1,0,1,90,9,11,5,59,59009,1,1,0,2,ROUTE NATIONALE 227,50.639845782,3.1434765458,19,2,2
202100050309,111Â 775,A01,10,3,1,5,0,-1,-1,1,3,1,2021,39.0,2,2,0,1,1,1,1,,3,RUE DE RIS,0,,2,3,0,2,0,100,1,, -1,1,0,1,50,22,2,1,91,91201,2,1,0,7,RUE DE RIS,48.663444,2.418142,16,2,1
202100035942,137Â 440,A01,1,1,1,5,2,0,-1,0,0,-1,2021,22.0,1,0,0,2,1,1,3,,4,BOULEVARD MACDONALD,0,,2,5,1,1,(1),(1),1,, -1,1,5,5,50,7,6,1,75,75119,2,3,0,3,BOULEVARD MACDONALD,48.898778,2.374141,18,3,2
202100006214,190Â 703,B01,1,1,1,0,1,-1,-1,-1, -1,-1,2021,22.0,1,2,0,2,3,1,1,,4,ROSA PARKS                        (AV),0,,2,2,3,2,(1),(1),1,, -1,2,5,1,50,25,11,1,69,69389,2,2,1,3,ROSA PARKS (AV),45.78676,4.79048,13,5,2
202100002373,197Â 541,B01,1,1,1,0,1,8,-1,-1, -1,-1,2021,48.0,3,5,0,2,1,2,1,,2,TOUTES RUES,0,,3,4,0,1,1,0,1,, -1,1,0,1,110,17,12,1,202,202037,1,1,0,5,TOUTES RUES,42.6136,9.4377,15,4,4
202100031024,146Â 284,A01,1,1,2,3,8,-1,-1,-1, -1,-1,2021,69.0,2,1,0,0,7,1,5,,4,REPUBLIQUE (RUE DE LA),0,,-1,0,0,1,(1),(1),1,, -1,1,0,4,50,1,7,1,65,65417,2,1,0,7,REPUBLIQUE (RUE DE LA),43.2284,0.10323,10,1,1
202100045229,120Â 878,B01,1,1,2,1,8,-1,-1,-1, -1,-1,2021,33.0,2,1,0,2,8,1,3,,4,RUE HENRI GUILLEMIN,0,,2,2,0,1,(1),(1),1,, -1,1,0,1,50,3,4,1,33,33063,2,3,0,3,Avenue Emile Counord,44.86369,-0.57553,12,2,2
202100013530,177Â 543,B01,2,2,2,0,2,8,-1,-1, -1,-1,2021,17.0,1,1,0,2,3,1,1,,4,LODEVE (AVENUE DE,0,,2,3,0,1,(1),(1),1,, -1,1,0,1,50,11,10,1,34,34172,2,1,0,3,LODEVE (AVENUE DE,43.61369,3.83921,17,3,2
202100034325,140Â 377,B01,1,1,2,9,8,0,-1,-1, -1,-1,2021,34.0,0,2,0,2,2,1,1,,3,RU DE NESLE (BOULEVARD),0,,2,2,0,1,0,0,1,, -1,1,0,1,50,15,6,1,93,93051,2,1,0,3,RU DE NESLE (BOULEVARD),48.841527,2.58086,9,2,2
202100032307,144Â 010,B01,1,1,1,1,1,0,-1,0,0,-1,2021,44.0,1,2,0,2,4,23,1,,4,BOULEVARD PERIPHERIQUE,0,,1,4,0,1,28,200,1,, -1,1,0,1,70,25,6,1,75,75119,2,1,0,4,BOULEVARD PERIPHERIQUE,48.878879,2.407906,11,3,3
202100018169,169Â 132,A01,1,1,1,1,2,6,-1,0,0,-1,2021,48.0,2,1,0,2,2,2,1,,4,BOULEVARD SAINT GERMAIN,0,,1,3,0,2,(1),(1),1,, -1,1,5,1,30,17,9,5,75,75105,2,5,0,2,BOULEVARD SAINT GERMAIN,48.850817,2.345528,23,2,2
202100044082,122Â 881,A01,1,1,2,5,1,-1,-1,0,0,-1,2021,59.0,1,2,13,0,1,3,1,,3,933,-1,,2,2,0,1,14,0,1,, -1,1,0,3,80,14,4,1,71,71261,1,1,0,7,Route dÃ©partementale 933,46.591927,4.986546,11,1,1
202100016986,171Â 258,B01,1,1,1,0,2,0,-1,-1, -1,-1,2021,33.0,1,1,0,2,1,1,1,,4,TIMONE (AVENUE DE LA),0,,-1,1,0,1,0,0,1,, -1,1,0,1,50,22,9,5,13,13210,2,3,0,3,TIMONE (AVENUE DE LA),43.2853549512,5.3989118146,23,2,2
202100038781,132Â 295,B01,1,1,1,4,2,0,-1,0,0,-1,2021,27.0,2,1,0,2,1,1,1,,4,RUE VIEILLE DU TEMPLE,0,,1,1,0,1,(1),(1),1,, -1,2,0,1,30,22,5,1,75,75103,2,2,0,3,RUE VIEILLE DU TEMPLE,48.859949,2.360773,20,3,2
202100050792,110Â 893,A01,1,1,1,5,0,-1,-1,0,0,-1,2021,36.0,2,2,13,0,1,1,1,,3,2089,-1,,2,2,0,4,123,900,1,, -1,1,0,3,80,21,2,1,63,63048,1,1,0,6,route dÃ©partementale 2089,45.650386,2.572914,10,1,1
202100023193,160Â 161,A01,1,1,1,5,1,-1,-1,0,0,-1,2021,42.0,3,2,2,0,2,1,1,,3,43,-1,,2,2,0,2,(1),(1),1,, -1,1,0,3,80,22,8,1,38,38527,1,1,0,6,Route Departementale 43,45.15072,6.058155,12,1,1
202100031718,145Â 064,A01,10,3,1,2,0,-1,-1,3,5,2,2021,7.0,2,2,0,1,2,1,1,,4,PIERRE BROSSOLETTE (RUE),0,,1,1,0,2,(1),(1),1,, -1,1,9,1,30,28,6,1,10,10362,2,1,0,6,PIERRE BROSSOLETTE (RUE),48.2934,4.0566,13,2,1
202100005192,192Â 496,A01,2,2,2,0,1,0,-1,-1, -1,-1,2021,20.0,2,2,0,2,1,2,1,,1,AUTOROUTE A2,0,,-1,4,0,1,74,0,1,, -1,1,0,1,130,30,11,1,59,59479,1,1,0,2,AUTOROUTE A2,50.411,3.6242,16,3,2
202100004079,194Â 453,B01,1,1,1,2,2,0,-1,-1, -1,-1,2021,16.0,2,1,0,2,7,19,5,,3,VLADIMIR BOULEVARD DE,0,,2,2,1,1,30,889,1,, -1,2,6,8,70,6,12,2,17,17415,1,6,0,3,VLADIMIR BOULEVARD DE,45.75764,-0.64485,17,2,2
202100021449,163Â 305,A01,1,1,1,5,8,-1,-1,0,0,-1,2021,21.0,2,2,0,6,1,1,1,,2,,-1,,3,4,0,3,5,5,1,,3,1,0,1,110,8,8,3,54,54525,1,1,0,6,RTE DE THIL,49.456,5.8691,23,3,1
202100014170,176Â 365,A01,2,2,1,0,1,0,-1,-1, -1,-1,2021,23.0,1,2,0,2,1,26,1,,7,BOULEVARD CHARLES DE GAULLE,0,,3,0,0,1,(1),(1),1,, -1,2,0,1,70,9,10,1,44,44162,2,1,1,3,BOULEVARD CHARLES DE GAULLE,47.22007,-1.65522,10,4,2
202100033561,141Â 775,A01,1,1,1,0,8,0,-1,-1, -1,-1,2021,15.0,0,1,0,2,3,15,5,,4,RUE MUNHOA,0,,2,2,0,1,0,0,1,, -1,1,0,1,30,18,6,1,64,64545,2,3,0,1,RUE MUNHOA,43.34598,-1.69325,15,2,2
202100026434,154Â 448,B01,1,1,2,5,1,8,-1,-1, -1,-1,2021,25.0,2,2,0,2,1,2,1,,3,118,0,,4,4,0,1,0,0,1,, -1,1,5,1,50,28,7,1,91,91432,2,9,0,3,AV CHARLES DE GAULLE,48.70516,2.33955,12,2,2
202100050299,111Â 792,A01,1,1,1,5,2,6,-1,-1, -1,-1,2021,52.0,3,1,0,2,2,17,1,,4,JACINTHES (RUE DES),0,,2,2,0,2,0,0,1,, -1,1,0,1,50,24,2,1,974,97411,2,1,0,3,Rue des Jacinthes,-20.91011,55.48493,16,4,2
202100035219,138Â 746,A01,1,1,1,0,2,6,-1,-1, -1,-1,2021,25.0,2,1,0,2,1,1,1,,4,CAPUCINS (DES)                      (R ),0,,1,1,2,1,(1),(1),1,, -1,1,0,1,50,9,6,1,69,69381,2,2,0,3,CAPUCINS (DES) (R),45.76952,4.83503,19,3,2
202100002716,196Â 916,B01,1,1,2,1,1,0,-1,-1, -1,-1,2021,21.0,1,2,0,2,3,9,1,,7,Route Nationale 83,0,,1,2,0,1,40,900,1,, -1,1,0,1,90,15,12,3,67,67152,1,1,0,3,M83,48.52042,7.69798,18,2,2
202100004112,194Â 389,A01,10,3,1,5,0,-1,-1,3,3,2,2021,9.0,3,1,0,1,1,17,1,,4,AVENUE FOCH,0,,2,4,0,1,(1),(1),1,, -1,1,0,1,30,8,12,1,75,75116,2,7,0,6,AVENUE FOCH,48.871783,2.27638,14,2,1
202100015547,173Â 892,B01,1,1,2,1,2,8,-1,0,0,-1,2021,56.0,3,1,0,2,7,26,3,,7,JAURES JEAN RUE,0,,2,4,3,1,(1),(1),1,, -1,2,0,1,50,1,10,1,59,59507,2,9,1,3,JAURES JEAN RUE,50.60837,3.07604,17,2,2
202100016163,172Â 750,A01,10,3,2,0,0,-1,-1,4,3,1,2021,25.0,0,1,0,1,3,26,1,,4,STALINGRAD ( BD DE ),0,,2,2,2,1,(1),(1),1,, -1,1,0,1,30,28,9,2,44,44109,2,1,0,6,STALINGRAD ( BD DE ),47.21892,-1.53687,19,2,1
202100018977,167Â 712,B01,1,1,2,0,1,0,-1,-1, -1,-1,2021,23.0,0,2,0,0,3,1,1,,3,RTE N570 AVIGNON STES MARIES,0,,3,2,0,1,1,0,1,, -1,1,0,1,50,13,9,1,13,13004,1,1,0,1,RTE N570 AVIGNON STES MARIES,43.670827,4.604564,17,2,2
202100027702,152Â 199,B01,1,1,1,1,1,-1,-1,-1, -1,-1,2021,23.0,1,1,0,2,1,0,1,,3,448,0,,2,2,0,1,0,100,1,, -1,1,0,1,50,21,7,1,91,91657,2,3,0,1,RUE DU CHATEAU,48.70458,2.43643,13,2,2
202100040739,128Â 791,B01,1,1,1,5,2,6,-1,-1, -1,-1,2021,28.0,2,1,0,2,1,17,1,,3,BIARRITZ (AVENUE DE),0,,2,3,0,2,3,385,1,, -1,1,0,1,50,8,5,1,64,64125,2,2,0,3,BIARRITZ (AVENUE DE),43.44809,-1.58097,12,4,2
202100055739,102Â 230,A01,1,1,1,4,2,6,-1,-1, -1,-1,2021,39.0,1,1,0,0,2,1,1,,1,A4,0,,1,3,0,2,4,599,2,, -1,9,0,1,90,9,1,5,94,94069,1,1,0,7,A4,48.8165055136,2.4499449509,2,1,1
202100018388,168Â 755,A01,1,1,1,2,2,6,-1,0,0,-1,2021,17.0,2,1,0,2,7,17,1,,3,LIBERATION (AVENUE DE LA),0,,2,2,0,2,10,465,1,, -1,1,0,1,50,17,9,1,6,6069,2,1,0,3,LIBERATION (AVENUE DE LA),43.647538,6.913257,7,3,2
202100008397,186Â 721,A01,1,1,1,5,1,-1,-1,0,0,-1,2021,48.0,0,2,8,0,1,1,1,,3,92,0,A,2,2,0,2,0,521,1,, -1,1,0,1,50,12,11,1,6,6079,2,1,0,1,Avenue de la Mer,43.535456,6.946165,13,1,1
202100026757,153Â 894,A01,1,1,1,5,1,-1,-1,0,0,-1,2021,78.0,2,2,13,0,2,1,1,,2,158,-1,,3,4,0,1,27,500,1,, -1,1,0,3,110,28,7,1,14,14160,1,1,0,6,N158,49.055469,-0.287222,10,1,1
202100053226,106Â 597,B01,1,1,1,4,2,6,-1,-1, -1,-1,2021,26.0,1,1,0,2,1,2,1,,4,SAINT MARCEL (BOULEVARD DE ),0,,2,2,0,1,0,0,1,, -1,1,0,1,50,29,1,5,13,13211,2,1,0,3,SAINT MARCEL (BOULEVARD DE ),43.28627,5.47166,20,2,2
202100055547,102Â 566,B01,1,1,1,0,2,0,-1,-1, -1,-1,2021,24.0,1,1,0,2,7,2,1,,3,BALLANGER (BD ROBERT),0,,2,2,0,1,0,1,1,, -1,1,0,1,50,11,1,5,93,93078,2,1,0,3,BALLANGER (BD ROBERT),48.95405,2.53396,21,2,2
202100005148,192Â 571,B01,1,1,1,5,2,6,-1,0,0,-1,2021,23.0,3,1,0,2,1,2,1,,4,33,0,C,2,2,0,1,(1),(1),1,, -1,2,0,1,50,1,12,2,41,41232,2,1,0,3,Rue de l OrlÃ¨anais,47.418357,2.05608,16,2,2
202100043202,124Â 437,A01,2,2,2,9,2,6,-1,0,0,-1,2021,37.0,1,1,0,0,0,18,1,,4,BOULEVARD HAUSSMANN,0,,1,3,0,1,(1),(1),1,, -1,1,0,1,50,21,4,1,75,75109,2,3,0,7,BOULEVARD HAUSSMANN,48.873422,2.329689,16,2,1
202100012847,178Â 760,B01,1,1,1,5,2,6,-1,0, -1,-1,2021,30.0,1,1,0,2,4,23,1,,4,POMPIDOU GEORGES (AVENUE),0,,3,2,0,3,(1),(1),1,, -1,1,5,1,50,16,10,1,29,29019,2,6,0,2,Avenue Georges Pompidou,48.41397,-4.47943,12,2,2
202100045505,120Â 400,A01,1,1,1,0,1,-1,-1,0,0,-1,2021,28.0,2,2,2,0,3,13,1,,3,677,-1,,2,2,0,1,75,400,1,, -1,1,0,3,90,2,4,1,10,10216,1,1,0,6,D677,48.659631,4.187741,18,1,1
202100044447,122Â 241,A01,1,1,2,0,1,0,-1,-1, -1,-1,2021,22.0,1,2,0,2,9,16,1,,3,RTE NATIONALE 20 DEVIATION,0,,2,4,0,1,0,0,1,, -1,2,0,1,70,10,4,1,91,91021,1,1,1,3,RTE NATIONALE 20 DEVIATION,48.59611,2.24378,14,4,2
202100042935,124Â 925,B01,1,1,1,0,2,0,-1,-1, -1,-1,2021,25.0,2,1,0,2,3,1,1,,4,ONZE NOVEMBRE RUE DU,0,,2,2,0,1,0,0,1,, -1,1,0,1,50,23,4,1,92,92050,2,3,0,3,ONZE NOVEMBRE RUE DU,48.9073245375,2.2158580273,14,2,2
202100031876,144Â 777,A01,1,1,2,1,2,-1,-1,-1, -1,-1,2021,19.0,1,1,0,0,9,1,1,,3,PYLA (BD DU),0,,2,2,1,2,2,785,1,, -1,2,0,1,50,28,6,1,33,33529,2,1,0,7,PYLA (BD DU),44.63349,-1.16237,11,1,1
202100030808,146Â 695,A01,10,3,2,5,0,-1,-1,8,3,1,2021,81.0,0,2,0,1,3,15,1,,6,CATROUX (RUE DU GENERAL),0,,-1,-1,0,1,0,0,1,, -1,1,0,1,30,27,6,1,87,87085,2,1,0,6,CATROUX (RUE DU GENERAL),45.81266,1.28429,16,2,1
202100023430,159Â 741,A01,1,1,1,4,1,4,-1,-1, -1,-1,2021,21.0,2,2,4,0,0,2,1,,2,RN157,0,,1,2,0,1,41,0,2,, -1,2,3,3,90,19,8,3,35,35051,1,9,1,6,RN157,48.11425,-1.56931,3,1,1
202100049954,112Â 458,A01,1,1,2,5,1,-1,-1,0,0,-1,2021,66.0,1,2,3,0,9,14,1,,1,A26,0,,1,4,0,1,315,730,1,, -1,1,0,1,130,27,2,1,51,51409,1,1,0,7,A26,48.8889806756,4.2890683031,12,1,1
202100043506,123Â 898,B01,1,1,1,5,0,-1,-1,0,0,-1,2021,12.0,3,1,0,2,0,15,5,,3,479,-1,,2,2,0,1,(1),(1),1,, -1,1,0,1,50,20,4,1,50,50256,2,3,0,3,D479- Chalandrey,48.616491,-1.212831,11,2,2
202100051626,109Â 411,A01,2,2,2,0,1,-1,-1,0,0,-1,2021,71.0,2,2,13,0,1,1,1,,3,D940,-1,,1,2,0,2,14,242,2,, -1,1,0,3,90,14,2,1,45,45254,1,6,0,6,D940-PR 14 + 242,47.664882,2.61981,9,2,1
202100014589,175Â 634,B01,1,1,2,9,1,8,-1,-1, -1,-1,2021,52.0,1,2,0,2,1,1,1,,4,LOUP DU,0,,2,2,0,1,0,0,1,, -1,1,0,1,50,7,9,1,64,64445,2,2,0,3,LOUP DU,43.31474,-0.3545,12,2,2
202100009533,184Â 670,B01,1,1,2,1,1,-1,-1,0,0,-1,2021,28.0,2,2,0,0,4,15,1,,3,46,-1,D,2,2,0,1,31,896,1,, -1,2,0,1,90,2,11,2,3,3254,1,3,1,2,intersection d46/d219,46.318372,3.3428,17,2,2
202100007968,187Â 487,A01,1,1,2,0,2,-1,-1,-1, -1,-1,2021,22.0,0,1,0,9,1,0,5,,4,IRENE JOLIOT CURIE                  (BD),0,,1,2,1,1,(1),(1),1,, -1,1,0,5,50,15,11,1,69,69259,2,1,0,6,IRENE JOLIOT CURIE                  (BD),45.72208,4.87316,12,1,1
202100029780,148Â 556,A01,1,1,1,5,8,0,-1,0,0,-1,2021,17.0,1,1,0,2,1,2,1,,4,,0,,1,1,0,2,(1),(1),4,, -1,1,0,1,50,8,7,1,54,54382,2,1,0,3,SAINT FIACRE (RUE),49.54097,5.78187,16,2,2
202100028829,150Â 191,A01,1,1,1,5,8,-1,-1,-1, -1,-1,2021,38.0,2,2,1,0,1,26,1,,4,LOGES (RUE DUPONT DES),0,,1,1,0,1,(1),(1),1,, -1,1,0,1,30,16,7,5,35,35238,2,1,0,6,LOGES (RUE DUPONT DES),48.1090489204,-1.6703312695,1,1,1
202100053939,105Â 335,B01,1,1,1,0,2,0,-1,-1, -1,-1,2021,25.0,1,1,0,2,8,15,1,,7,RD 3,0,,-1,2,0,4,26,100,1,, -1,2,9,3,50,23,1,3,42,42095,1,9,1,3,Route de Roche,45.40609,4.29336,17,2,2
202100009537,184Â 665,B01,1,1,1,0,1,-1,-1,0,0,-1,2021,20.0,2,2,0,2,1,1,1,,3,2,0,D,2,2,0,1,55,700,1,, -1,1,0,1,80,16,10,3,33,33146,1,1,0,1,D2,45.105925,-0.728703,23,2,2
202100027600,152Â 389,A01,1,1,2,5,1,-1,-1,0,0,-1,2021,56.0,2,2,0,2,3,13,1,,3,7,0,D,2,2,0,1,(1),(1),2,, -1,1,0,1,80,21,7,1,22,22045,1,1,0,4,D7,48.466206,-2.948338,11,3,3
202100014601,175Â 616,A01,10,3,1,1,0,-1,-1,3,3,2,2021,43.0,1,4,0,1,6,4,1,,4,POMPIDOU ALLEE ET SQUARE,0,,2,2,0,1,1,0,1,, -1,1,0,1,50,6,10,1,49,49007,2,1,0,6,POMPIDOU ALLEE ET SQUARE,47.4766,-0.5428,8,2,1
202100031328,145Â 742,B01,1,1,1,4,2,8,-1,-1, -1,-1,2021,29.0,1,1,0,2,4,1,3,,3,19,0,,3,4,0,1,0,0,1,, -1,1,0,1,50,1,7,1,92,92036,2,1,0,2,PIERRE DE COUBERTIN (BOULEVARD) (G.SAND,48.926329,2.28472,20,2,2
202100019632,166Â 547,B01,1,1,1,1,2,8,-1,-1, -1,-1,2021,17.0,2,1,0,2,1,1,1,,3,RD 30,0,,2,2,0,1,28,100,1,, -1,1,0,1,80,9,9,3,86,86158,1,1,0,1,RD30,46.62815,0.26485,22,2,2
202100011500,181Â 167,A01,1,1,1,5,2,-1,-1,0,0,-1,2021,22.0,1,1,0,2,8,13,1,,3,211E2,0,D,2,2,0,1,2,640,3,, -1,1,0,1,70,23,10,2,33,33422,1,1,0,6,D211e2,44.820758,-0.755835,19,3,3
202100041727,127Â 024,A01,1,1,1,0,1,-1,-1,0,0,-1,2021,49.0,2,2,0,2,2,2,1,,1,4,0,,1,2,0,1,473,0,1,, -1,2,0,1,90,3,4,3,67,67506,1,1,0,2,autoroute A4 Pk 473 STRASBOURG / PARIS,48.6675171741,7.7368050814,20,2,2
202100012033,180Â 201,A01,1,1,2,1,1,8,-1,-1, -1,-1,2021,41.0,2,2,0,2,1,17,1,,4,CAILLOLS (AVENUE DES),0,,2,2,0,1,0,0,3,, -1,1,0,1,50,20,10,2,13,13212,2,1,0,1,CAILLOLS (AVENUE DES),43.3038524945,5.4357341007,7,2,2
202100047439,116Â 970,B01,8,2,1,0,1,-1,-1,0,0,-1,2021,88.0,2,2,0,2,4,2,1,,1,11,0,A,3,5,0,1,145,40,1,, -1,1,8,1,130,19,3,1,72,72031,1,1,0,4,Autoroute A11 Pk 145,48.087397,0.503869,14,5,3
202100011504,181Â 160,A01,1,1,1,5,1,9,-1,0,0,-1,2021,43.0,2,2,0,0,9,14,1,,3,1043,0,,2,2,0,1,8,423,2,, -1,1,0,8,80,23,10,3,2,2470,1,1,0,7,route departementale 1043,49.875759,4.145097,22,1,1
202100002382,197Â 525,B01,1,1,1,5,2,6,-1,-1, -1,-1,2021,57.0,2,1,0,2,1,1,1,,4,GARIBALDI (AVENUE),0,,4,3,0,2,0,0,1,, -1,1,0,1,50,16,12,5,87,87085,2,3,0,3,GARIBALDI (AVENUE),45.83446,1.26093,21,2,2
202100002542,197Â 238,A01,7,2,2,9,8,-1,-1,0,0,-1,2021,46.0,3,2,0,2,3,9,1,,3,37,-1,,2,2,0,1,15,700,1,, -1,2,9,1,70,2,12,3,24,24361,1,1,1,1,Au Borde,44.844604,0.62253,19,4,2
202100013436,177Â 718,A01,2,2,2,5,1,-1,-1,0,0,-1,2021,55.0,2,2,0,2,3,15,1,,3,955,0,,2,2,0,2,53,400,1,, -1,1,5,1,80,13,10,3,57,57490,1,3,0,3,RD 955,48.773815,6.56984,19,4,2
202100039971,130Â 142,A01,10,3,1,9,0,-1,-1,9,5,1,2021,5.0,3,2,0,1,2,1,1,,9,CHARRONNERIE,0,,-1,0,3,1,0,0,1,, -1,2,6,6,30,14,5,1,93,93066,2,1,0,3,CHARRONNERIE,48.93791,2.35092,16,2,1
202100056044,101Â 709,C01,2,2,1,0,1,0,-1,0,0,-1,2021,49.0,1,2,0,2,4,1,1,,7,93A,0,,1,3,3,1,(1),(1),1,, -1,2,-1,1,50,6,1,5,54,54395,2,1,1,4,CLEMENCEAU (BD GEORGES),48.6754373543,6.1822042387,17,5,4
202100032109,144Â 356,A01,1,1,1,0,2,0,-1,-1, -1,-1,2021,50.0,3,1,0,2,1,1,1,,4,BALLETIERES (RUE DES),0,,2,2,0,2,(1),(1),1,, -1,1,0,1,50,26,6,1,45,45286,2,2,0,3,Rue de la CornaillÃ¨re,47.87066,1.93086,19,2,2
202100055970,101Â 843,B01,1,1,1,3,1,-1,-1,0,0,-1,2021,33.0,0,2,0,2,1,1,1,,3,,-1,,2,-1,-1,1,25,380,1,, -1,1,5,1,50,8,1,1,60,60157,2,2,0,1,Rue Henri Breuil,49.382984,2.402819,8,2,2
202100025818,155Â 542,B01,1,1,1,4,0,-1,-1,0,0,-1,2021,45.0,2,4,0,2,3,1,1,,2,67,-1,,2,1,0,1,35,289,3,, -1,1,0,1,80,4,8,3,52,52212,1,1,1,1,Route Nationale 67,48.402956,5.156814,4,2,2
202100035034,139Â 073,A01,10,3,2,4,0,-1,-1,5,3,1,2021,25.0,2,1,0,1,1,25,1,,4,CATALANS (RUE DES),0,,1,2,0,1,0,0,1,, -1,1,0,4,50,10,6,5,13,13207,2,1,0,3,CATALANS (RUE DES),43.29075,5.35602,22,2,1
202100027598,152Â 392,B01,1,1,2,3,2,-1,-1,0,0,-1,2021,72.0,2,1,0,2,4,15,5,,3,65,-1,,2,2,0,1,58,760,1,, -1,1,0,1,90,23,7,1,52,52365,1,2,0,2,D65,48.063992,4.946852,11,2,2
202100010319,183Â 262,B01,1,1,1,5,8,0,-1,-1, -1,-1,2021,8.0,3,1,0,2,0,19,5,,4,ESCLARMONDE DE FOIX,0,,2,2,0,1,(1),(1),1,, -1,1,0,1,30,28,10,1,34,34032,2,1,0,3,ESCLARMONDE DE FOIX,43.33791,3.18362,15,2,2
202100016550,172Â 047,A01,1,1,1,9,1,0,-1,-1, -1,-1,2021,33.0,2,2,0,2,1,1,1,,3,VERDUN (AV DE),0,,3,4,0,1,1,0,1,, -1,1,0,1,50,26,9,5,94,94041,2,2,0,3,Avenue de Verdun,48.81304,2.37049,23,3,2
202100020730,164Â 573,A01,2,2,1,3,1,0,-1,-1, -1,-1,2021,75.0,2,2,0,2,2,15,1,,3,986,0,,1,1,0,1,0,0,1,, -1,2,0,1,50,5,9,5,92,92078,2,3,0,3,VERDUN (AVENUE) (IMPAIRS 1 A 25),48.935508,2.33388,6,3,2
202100041663,127Â 129,A01,1,1,1,0,2,8,-1,-1, -1,-1,2021,23.0,3,1,8,2,2,17,1,,3,RD 934 dit THIBAULT DE CHAMPAGNE,0,,2,2,0,1,16,46,1,, -1,1,5,1,50,1,5,1,77,77111,2,2,0,3,RD 934 dit THIBAULT DE CHAMPAGNE,48.88041,2.77051,10,2,2
202100052799,107Â 348,A01,1,1,1,0,2,0,-1,0,0,-1,2021,72.0,3,1,0,2,3,19,5,,4,GERBAULT ALAIN PROMENADE,0,,1,1,1,1,(1),(1),1,, -1,1,0,1,50,2,2,1,6,6123,2,9,0,3,GERBAULT ALAIN PROMENADE,43.656599,7.17978,15,2,2
202100014540,175Â 713,A01,1,1,2,1,1,0,-1,0,0,-1,2021,26.0,1,2,0,2,5,26,1,,7,JAURES JEAN RUE,0,,-1,1,0,1,(1),(1),3,, -1,1,0,6,50,6,10,1,59,59343,2,1,0,2,JAURES JEAN RUE,50.5850733575,3.10426265,16,2,2
202100052931,107Â 107,A01,10,3,1,0,0,-1,-1,6,1,1,2021,50.0,1,5,0,1,7,1,1,,3,751,-1,,2,2,0,1,49,834,1,, -1,2,0,3,80,1,2,3,41,41045,1,1,0,6,Rue du MarÃ©chal Leclerc,47.482989,1.195965,7,2,1
202100022706,161Â 012,A01,1,1,1,5,8,0,-1,-1, -1,-1,2021,9.0,3,1,0,2,1,19,5,,4,BUROS DE,0,,2,2,0,1,0,0,1,, -1,1,0,1,30,23,8,1,64,64445,2,1,0,3,BUROS DE,43.32331,-0.3465,17,2,2
202100029386,149Â 250,A01,4,2,1,5,8,-1,-1,0,0,-1,2021,13.0,2,2,13,0,9,14,1,,1,10,-1,,3,3,0,1,125,153,1,,"13,5",2,0,3,-1,13,7,1,45,45317,1,1,0,6,A10-PK125 + 153,47.769438,1.572075,13,4,1
202100000380,201Â 024,A01,1,1,1,5,1,-1,-1,-1, -1,-1,2021,41.0,2,2,13,0,9,1,1,,3,,-1,,2,2,-1,1,(1),(1),1,, -1,1,0,1,80,13,11,1,33,33105,1,1,0,6,D230,44.6687139137,-0.1676166058,15,1,1
202100037651,134Â 357,A01,1,1,1,5,2,-1,-1,0,0,-1,2021,25.0,0,1,5,0,0,1,0,,4,,-1,,2,2,0,2,(1),(1),1,,4,1,0,1,50,29,5,2,76,76709,2,1,0,7,12 Rue Amiral Courbet,49.482099,0.811557,21,1,1
202100001220,199Â 590,A01,1,1,1,5,1,0,-1,-1, -1,-1,2021,22.0,1,2,0,2,1,1,1,,3,9,0,,2,2,0,1,0,0,1,, -1,1,0,1,50,25,12,1,92,92036,2,2,0,2,GRESILLONS (AVENUE DES) (1/45),48.9173391926,2.3074601591,8,3,2
202100034135,140Â 747,B01,1,1,1,9,1,0,-1,-1, -1,-1,2021,23.0,3,2,0,2,1,1,1,,4,,0,,2,2,0,1,1,0,1,, -1,1,0,8,50,15,6,2,92,92007,2,1,0,3,MATHURINS (RUE DES),48.7940995572,2.3064877121,20,2,2
202100050383,111Â 639,A01,1,1,1,4,2,0,-1,-1, -1,-1,2021,35.0,2,1,0,2,1,1,1,,3,ANA. FRANCE(RUE)1A75 ET 2A72,0,,1,2,0,1,60,0,1,, -1,1,0,1,50,24,2,5,92,92044,2,2,0,3,ANA. FRANCE(RUE)1A75 ET 2A72,48.8912875625,2.2857838869,20,2,2