Num_Acc,id_vehicule,num_veh,place,catu,sexe,trajet,secu1,secu2,secu3,locp,actp,etatp,year_acc,victim_age,senc,catv,obs,obsm,choc,manv,motor,occutc,catr,voie,v1,v2,circ,nbv,vosp,prof,pr,pr1,plan,lartpc,larrout,surf,infra,situ,vma,jour,mois,lum,dep,com,agg_,int,atm,col,adr,lat,long,hour,nb_victim,nb_vehicules
202100045624,120Â 184,B01,1,1,1,1,2,0,-1,0,0,-1,2021,30.0,1,1,0,2,2,1,1,,4,RUE OCTAVE FEUILLET,0,,1,0,0,1,(1),(1),1,, -1,1,0,1,50,1,4,1,75,75116,2,1,0,3,RUE OCTAVE FEUILLET,48.861695,2.27185,13,2,2
202100030952,146Â 430,A01,1,1,1,5,1,0,-1,-1, -1,-1,2021,36.0,1,2,4,0,9,2,1,,1,A7-Sens Lyon vers Marseille,0,,1,3,0,1,277,0,1,, -1,1,0,1,90,3,7,3,13,13215,1,1,0,6,A7-Sens Lyon vers Marseille,43.350217,5.368929,6,1,1
202100036390,136Â 658,A01,10,3,2,-1,0,0,0,9,9,1,2021,56.0,3,2,15,0,1,26,1,,4,RUE FABRE D'EGLANTINE,0,,2,2,0,1,0,0,1,, -1,1,0,8,50,3,6,1,77,77296,2,1,0,6,AV PHILIPPE BUR,48.6273979502,2.5913716047,16,2,1
202100042715,125Â 279,C01,1,1,1,0,1,0,-1,-1, -1,-1,2021,61.0,1,2,0,0,0,0,1,,4,ROSNY (AVENUE DE),0,,2,4,0,1,0,0,1,, -1,1,0,1,50,24,4,1,93,93077,2,1,0,4,ROSNY (AVENUE DE),48.88514,2.50462,14,4,4
202100038061,133Â 624,A01,1,1,2,0,1,0,-1,-1, -1,-1,2021,25.0,2,2,0,2,2,1,1,,3,907,0,,3,1,1,1,0,0,1,, -1,1,0,1,50,27,5,2,92,92033,2,1,0,2,GENERAL DE GAULLE,48.8392329714,2.1885131422,7,2,2
202100004032,194Â 533,B01,1,1,1,0,2,0,-1,-1, -1,-1,2021,52.0,2,1,0,2,3,18,1,,4,BLUM ( BD LEON ),0,,2,2,0,1,(1),(1),1,, -1,1,5,1,30,3,12,1,56,56121,2,2,0,3,BLUM ( BD LEON ),47.7514,-3.3716,15,2,2
202100005036,192Â 785,A01,1,1,1,5,1,-1,-1,-1,0,-1,2021,27.0,2,2,0,2,1,21,1,,3,JARDIN RENARD     RUE DU,0,,2,2,0,1,0,350,1,, -1,1,0,1,50,13,11,1,95,95598,2,1,0,5,JARDIN RENARD     RUE DU,48.99048,2.29658,12,3,3
202100027033,153Â 394,B01,1,1,2,0,1,-1,-1,0,0,-1,2021,40.0,2,2,0,2,2,19,1,,3,930,-1,,2,2,0,4,24,895,1,, -1,1,5,1,80,27,7,1,59,59097,1,2,0,3,D930,50.144305,3.052804,12,2,2
202100010387,183Â 146,A01,10,3,1,5,0,-1,-1,1,3,1,2021,53.0,1,1,0,1,3,26,1,,3,906,0,,-1,2,0,1,0,0,1,, -1,2,0,1,50,29,10,1,92,92023,2,1,1,6,GENERAL DE GAULLE (AV DU) NÂ°440 A 544 ET,48.7885588615,2.2593346238,17,2,1
202100045076,121Â 161,A01,1,1,1,4,1,-1,-1,0,0,-1,2021,56.0,1,4,3,0,8,19,1,,2,102,-1,,3,3,0,1,17,600,1,, -1,1,0,3,80,6,4,1,7,7247,1,1,0,7,RN102,44.589502,4.554169,11,1,1
202100050571,111Â 291,B01,1,1,1,5,2,0,-1,-1, -1,-1,2021,67.0,2,1,0,2,1,1,5,,4,NIEPCE (AVENUE NICEPHORE),0,,2,2,0,1,(1),(1),1,, -1,1,5,1,50,21,2,1,71,71076,2,2,0,1,NIEPCE (AVENUE NICEPHORE),46.7790462131,4.8499806043,16,2,2
202100011201,181Â 711,A01,1,1,1,5,8,-1,-1,-1, -1,-1,2021,35.0,2,2,1,0,2,14,1,,4,JEAN JACQUES ROUSSEAU               (R ),0,,2,2,0,1,(1),(1),1,, -1,1,0,1,30,23,10,5,69,69290,2,3,0,6,JEAN JACQUES ROUSSEAU (R),45.7002581024,4.9458672662,20,1,1
202100032067,144Â 431,A01,1,1,1,9,2,6,-1,-1, -1,-1,2021,30.0,2,1,0,2,3,3,1,,2,RN104,0,,-1,2,0,1,9,500,1,, -1,1,0,1,110,27,6,1,77,77249,1,1,0,2,RN104,48.7516922157,2.6144258748,20,2,2
202100049417,113Â 428,A01,10,3,2,5,0,-1,-1,2,2,1,2021,11.0,1,2,0,2,3,1,1,,4,GABRIEL PERI (R),0,,2,2,0,1,0,0,1,, -1,1,0,1,50,1,3,1,94,94081,2,1,0,3,GABRIEL PERI (R),48.79898,2.39924,17,2,1
202100036767,135Â 986,A01,10,3,1,1,0,-1,-1,2,3,1,2021,20.0,1,2,0,2,2,1,1,,3,ESTIENNE D'ORVES (AVENUE D'),0,,2,2,0,1,0,0,1,, -1,1,8,1,30,2,6,1,91,91326,2,1,0,6,ESTIENNE D'ORVES (AVENUE D'),48.69,2.37,10,2,1
202100023311,159Â 948,Z01,1,1,1,9,2,0,-1,0,0,-1,2021,18.0,1,1,0,2,7,1,0,,4,RUE DES PYRENEES,0,,2,2,0,2,(1),(1),1,, -1,1,0,1,50,19,8,5,75,75120,2,5,0,3,RUE DES PYRENEES,48.856210472,2.4049268589,22,3,2
202100055136,103Â 258,C01,1,1,2,1,1,-1,-1,-1, -1,-1,2021,23.0,2,2,0,2,4,2,1,,2,230,0,,3,6,0,1,42,950,1,, -1,2,0,1,90,14,1,1,33,33249,1,1,0,4,ROUTE NATIONALE 230,44.873235,-0.506709,8,4,4
202100034500,140Â 058,A01,2,2,2,5,1,-1,-1,0,0,-1,2021,49.0,2,2,0,2,1,1,1,,3,619,-1,,1,2,0,1,70,10,1,, -1,1,5,1,90,13,6,1,10,10375,1,6,0,3,rd 619,48.287362,4.162214,15,4,2
202100016160,172Â 755,B01,1,1,2,0,8,0,-1,-1, -1,-1,2021,34.0,2,1,0,0,0,0,0,,7,HUGO (AVENUE VICTOR),0,,2,2,2,1,1,0,1,, -1,1,0,1,50,28,9,1,45,45232,2,6,0,3,HUGO (AVENUE VICTOR),47.85685,1.90317,9,3,2
202100049235,113Â 749,A01,10,3,2,0,0,-1,-1,8,9,1,2021,72.0,3,1,0,1,1,21,5,,9,,0,,2,0,0,1,(1),(1),1,, -1,1,-1,5,10,4,3,1,69,69266,2,1,0,6,VOIE VERTE DES BERGES DU RHONE,45.7861,4.8617,14,2,1
202100007173,188Â 936,B01,1,1,2,9,2,-1,-1,0,0,-1,2021,20.0,0,1,0,2,1,16,3,,4,JEAN CATELAS (RUE),0,,2,3,0,1,(1),(1),1,, -1,1,0,1,50,16,11,5,80,80021,2,2,0,1,JEAN CATELAS (RUE),49.89648,2.28886,18,2,2
202100031835,144Â 849,A01,1,1,1,9,1,0,-1,-1, -1,-1,2021,26.0,1,2,17,0,1,1,1,,7,LOUBES (ROUTE DES),0,,2,2,0,1,2,250,1,, -1,1,0,8,70,29,6,3,83,83069,1,1,0,6,LOUBES (ROUTE DES),43.11486,6.09643,0,1,1
202100040807,128Â 679,A01,1,1,1,5,2,6,9,0,0,-1,2021,50.0,2,1,3,0,2,2,1,,2,85,0,N,2,2,0,1,101,300,2,, -1,1,0,1,50,9,5,1,38,38128,1,1,0,6,Route de Grenoble,44.82308,5.95235,13,1,1
202100025008,156Â 949,A01,1,1,1,4,1,0,-1,-1, -1,-1,2021,41.0,1,5,0,2,2,17,1,,2,01 PK RN237 MOULIN JUSTICE RE,0,,3,6,0,1,0,695,1,, -1,1,3,1,90,7,8,1,17,17291,1,1,0,5,01 PK RN237 MOULIN JUSTICE RE,46.17666,-1.12619,10,5,3
202100022707,161Â 011,B01,1,1,1,9,2,6,-1,-1, -1,-1,2021,67.0,3,1,0,2,8,16,1,,4,PIECE NOYEE (ROND POINT DE LA),0,,2,4,0,1,0,0,3,, -1,1,0,1,50,23,8,1,64,64102,2,1,0,3,PIECE NOYEE (ROND POINT DE LA),43.49918,-1.48122,14,2,2
202100020542,164Â 919,B01,1,1,1,0,1,8,-1,-1, -1,-1,2021,81.0,2,2,0,2,1,1,1,,4,KENNEDY (AVENUE),0,,3,4,0,1,0,0,1,, -1,1,0,1,50,1,9,2,30,30189,2,1,0,1,KENNEDY (AVENUE),43.82128,4.32374,6,3,2
202100048458,115Â 143,B01,2,2,2,0,1,0,-1,-1, -1,-1,2021,55.0,1,2,0,2,4,23,1,,3,REPUBLIQUE,0,,-1,2,2,1,57,0,1,, -1,1,0,1,50,11,3,1,92,92064,2,1,0,2,REPUBLIQUE,48.84514,2.21288,17,3,2
202100049938,112Â 480,A01,1,1,1,5,8,-1,-1,0,0,-1,2021,20.0,1,2,13,0,3,13,1,,3,42,-1,,2,2,0,2,1,200,1,, -1,1,0,3,80,28,2,3,70,70247,1,1,0,7,RD 42,47.654288,5.678923,5,1,1
202100040831,128Â 646,A01,1,1,1,1,2,-1,-1,0,0,-1,2021,33.0,1,1,8,0,1,14,1,,2,01,-1,,2,2,0,1,19,100,1,, -1,1,0,8,60,8,5,5,987,98733,2,1,0,1,PK 19.100 RT1 en direction de PAPARA (Face Ã  la Station MOBIL),-17.669417,-149.592413,23,1,1
202100006134,190Â 844,A01,1,1,2,5,1,-1,-1,0,0,-1,2021,60.0,2,2,0,0,0,1,1,,1,88,-1,,3,4,0,1,19,600,1,, -1,2,0,1,130,27,11,1,61,61170,1,1,1,7,autoroute A 88,48.704925,-0.047121,16,1,1
202100054034,105Â 160,B01,2,2,1,2,1,0,-1,-1, -1,-1,2021,11.0,2,2,0,2,1,1,1,,3,D 4,0,,2,2,0,3,21,155,3,, -1,2,2,1,50,21,1,1,86,86133,1,1,1,1,D4,46.534576,0.324367,17,3,2
202100013928,176Â 806,A01,1,1,1,4,1,-1,-1,0,0,-1,2021,27.0,1,5,6,2,7,17,1,,3,440,0,,2,2,0,1,4,360,1,, -1,1,0,1,70,12,10,1,51,51492,1,3,0,3,D440,48.5573857665,3.7802356482,9,2,2
202100016868,171Â 470,A01,2,2,1,5,1,8,-1,-1, -1,-1,2021,25.0,1,2,8,0,2,14,1,,4,EUROPE (PONT DE L ),0,,2,2,1,2,0,0,2,, -1,1,2,3,50,23,9,5,67,67482,2,1,0,6,EUROPE (PONT DE L ),48.5732,7.799744,4,2,1
202100010697,182Â 602,B01,1,1,1,1,8,0,-1,-1, -1,-1,2021,19.0,1,1,0,2,1,19,3,,4,SAUVY (ALFRED),0,,2,3,0,1,(1),(1),1,, -1,1,0,1,50,26,10,1,66,66136,2,3,0,3,SAUVY (ALFRED),42.68004,2.90348,16,2,2
202100055848,102Â 050,A01,1,1,1,0,1,0,-1,-1, -1,-1,2021,40.0,-1,2,0,2,1,1,1,,3,STRATEGIQUE ROUTE,0,,2,2,0,1,1,1,1,, -1,1,0,1,80,8,1,1,93,93015,1,1,0,1,STRATEGIQUE ROUTE,48.9244319777,2.574177598,8,2,2
202100047816,116Â 285,B01,1,1,2,0,1,0,-1,-1, -1,-1,2021,52.0,2,2,0,2,1,1,1,,4,CROZET (AVENUE LOUIS ),0,,2,2,0,2,(1),(1),1,, -1,1,0,1,50,16,3,5,13,13028,2,1,0,1,CROZET (AVENUE LOUIS ),43.17964,5.599495,20,2,2
202100002561,197Â 203,A01,1,1,2,5,1,-1,-1,-1,0,-1,2021,30.0,2,2,3,0,2,1,1,,2,RN 184,0,,3,4,0,1,5,0,2,, -1,1,0,1,90,17,12,3,95,95572,1,1,0,6,RN 184,49.04519,2.12993,7,1,1
202100025515,156Â 061,B01,1,1,1,1,8,-1,-1,0,0,-1,2021,56.0,1,2,0,2,1,13,1,,3,998,0,D,2,2,0,1,52,500,1,, -1,1,0,1,80,6,8,1,55,55118,1,1,0,1,D998,49.372538,5.147953,8,2,2
202100045833,119Â 827,A01,1,1,1,9,1,-1,-1,0,0,-1,2021,81.0,2,2,13,0,9,1,1,,3,75,-1,,2,2,0,2,5,630,2,, -1,1,0,3,80,31,3,1,1,1075,1,1,0,7,D75,46.035936,4.812307,9,1,1
202100048933,114Â 283,B01,1,1,1,5,2,8,-1,-1, -1,-1,2021,49.0,1,1,0,2,1,1,1,,4,ALSACE LORRAINE D',0,,2,2,0,1,0,0,1,, -1,1,0,1,50,6,3,1,64,64445,2,3,0,3,ALSACE LORRAINE D',43.30295,-0.36232,16,2,2
202100013267,178Â 026,B01,1,1,1,5,2,4,-1,-1, -1,-1,2021,39.0,2,1,0,2,2,1,5,,4,BERGSON (RUE HENRI),0,,2,2,2,1,(1),(1),1,, -1,1,0,1,30,13,10,1,37,37214,2,1,0,3,BERGSON (RUE HENRI),47.4121442112,0.6595250219,14,2,2
202100032652,143Â 404,A01,10,3,1,0,0,-1,-1,4,3,1,2021,12.0,0,2,0,1,3,1,1,,4,VERDUN (RUE DE ),0,,3,6,0,1,(1),(1),1,, -1,1,0,1,50,18,6,1,80,80021,2,1,0,6,VERDUN (RUE DE ),49.8944,2.30941,21,2,1
202100029283,149Â 420,C01,4,2,1,0,8,-1,-1,-1, -1,-1,2021,18.0,2,2,1,2,1,0,1,,4,PABLO PICASSO                       (AV),0,,2,2,2,1,(1),(1),1,, -1,1,0,1,50,9,7,1,69,69256,2,2,0,1,PABLO PICASSO (AV),45.7755939015,4.9174005296,19,3,2
202100019070,167Â 554,B01,1,1,1,2,2,-1,-1,0,0,-1,2021,17.0,1,1,0,2,7,17,1,,3,612,0,A,2,2,0,1,7,750,1,, -1,1,0,1,80,14,9,1,66,66213,1,1,0,3,D612a,42.662567149,2.8382335604,7,2,2
202100001656,198Â 845,A01,1,1,1,9,1,-1,-1,0,0,-1,2021,20.0,2,2,2,0,8,1,1,,3,91,-1,,2,2,0,2,(1),(1),2,, -1,6,0,3,80,25,12,3,87,87008,1,1,1,6,Le Monteil,46.246187,1.071897,0,1,1
202100022395,161Â 621,A01,1,1,1,0,2,6,-1,-1, -1,-1,2021,31.0,1,1,0,2,1,3,1,,1,86,0,,3,6,0,1,11,0,1,, -1,1,0,1,90,27,8,1,92,92078,1,1,0,4,AUTOROUTE A86,48.9310456718,2.3232489824,18,3,3
202100028853,150Â 143,B01,1,1,1,1,2,6,-1,0,0,-1,2021,40.0,2,1,0,2,1,1,1,,4,BOULEVARD MACDONALD,0,,2,2,0,1,(1),(1),1,, -1,1,0,1,50,14,7,2,75,75119,2,2,0,3,BOULEVARD MACDONALD,48.898235,2.386203,19,2,2
202100006221,190Â 688,A01,2,2,1,5,8,0,-1,-1, -1,-1,2021,65.0,2,2,11,0,9,13,1,,4,SAINTE CLAIRE (RUE),0,,2,3,0,1,0,0,1,, -1,2,0,1,50,24,11,5,87,87085,2,2,0,6,SAINTE CLAIRE (RUE),45.82356,1.24132,19,2,1
202100008184,187Â 097,A01,1,1,1,5,2,6,-1,0,0,-1,2021,61.0,3,6,0,0,0,1,1,,4,0,0,,2,2,0,1,(1),(1),3,, -1,2,0,1,80,14,11,1,41,41116,1,3,1,7,L Epau,47.856291,1.108578,11,1,1
202100046302,119Â 015,A01,1,1,1,5,2,-1,-1,0,0,-1,2021,70.0,2,1,0,2,2,17,1,,3,114,-1,,2,2,0,1,1,730,1,, -1,1,0,1,50,28,3,1,66,66008,2,4,0,3,18 Route d'Elne,42.551161301,3.0174118947,12,3,2
202100042435,125Â 769,A01,10,3,1,5,0,-1,-1,1,3,1,2021,17.0,1,2,0,1,2,1,1,,3,LATTRE-DE-TASSIGNY (AVENUE DU MARECHAL),0,,2,2,0,1,0,0,2,, -1,1,0,1,50,25,4,1,87,87085,2,1,0,6,LATTRE-DE-TASSIGNY (AVENUE DU MARECHAL),45.824,1.27606,20,2,1
202100049284,113Â 666,A01,1,1,1,2,2,6,-1,0,0,-1,2021,18.0,3,1,0,2,8,18,1,,4,AVENUE DU MARECHAL GALLIENI,0,,2,2,0,1,(1),(1),1,, -1,2,0,1,50,4,3,1,75,75107,2,2,1,3,AVENUE DU MARECHAL GALLIENI,48.859945,2.3131,17,2,2
202100048744,114Â 633,B01,1,1,1,1,1,-1,-1,0,0,-1,2021,50.0,1,5,3,2,4,11,1,,1,rt,0,,3,4,0,1,(1),(1),1,, -1,1,0,1,110,10,3,1,988,98805,1,1,0,2,VE2,-22.182676,166.432185,5,4,2
202100025758,155Â 642,A01,1,1,1,1,2,6,-1,0,0,-1,2021,60.0,2,1,0,2,2,1,1,,3,ST JEAN ( ROUTE DE ),0,,2,2,0,1,7,650,1,, -1,1,0,1,50,2,8,1,5,5061,2,3,0,3,ST JEAN ( ROUTE DE ),44.53708,6.04934,8,2,2
202100042272,126Â 070,A01,1,1,1,0,2,6,-1,0,0,-1,2021,48.0,3,1,0,0,0,0,1,,7,36,0,,1,2,0,1,(1),(1),2,, -1,1,5,1,30,28,4,1,59,59482,1,6,1,3,D36 - D308,50.719742,3.019754,7,2,2
202100052719,107Â 500,B01,1,1,1,1,1,-1,-1,0,0,-1,2021,40.0,2,2,6,2,1,1,1,,3,911,-1,,2,2,0,1,38,0,1,, -1,2,5,1,80,2,2,1,46,46007,1,3,0,3,D911,44.456868,1.507646,17,2,2
202100028147,151Â 390,A01,1,1,1,0,2,0,-1,-1, -1,-1,2021,38.0,3,1,0,1,4,23,1,,9,BERNARD CADENAT (PLACE),0,,1,1,0,1,1,0,2,, -1,1,0,1,50,19,7,1,13,13203,2,9,0,2,BERNARD CADENAT (PLACE),43.3118789308,5.3871213627,14,2,2
202100031478,145Â 486,A01,1,1,1,5,1,-1,-1,0,0,-1,2021,22.0,2,2,0,2,1,0,0,,3,94,-1,,2,2,0,1,75,457,3,, -1,1,0,1,80,2,7,1,26,26227,1,1,0,1,Route de Gap,44.389774,5.384685,16,3,2
202100000288,201Â 209,A01,1,1,2,5,1,5,-1,-1, -1,-1,2021,20.0,1,2,8,0,7,1,1,,7,LAVALDUC CHEMIN DE,0,,2,2,0,1,1,0,1,, -1,1,0,1,50,9,7,1,13,13047,1,1,0,3,LAVALDUC CHEMIN DE,43.48783,4.96581,18,1,1
202100024531,157Â 812,A01,1,1,1,0,2,8,-1,-1, -1,-1,2021,40.0,1,1,7,0,1,1,1,,3,SAINTE-SOLANGE (ROUTE DE),0,,2,1,0,1,0,0,1,, -1,1,0,1,30,12,8,5,18,18213,2,1,0,6,SAINTE-SOLANGE (ROUTE DE),47.10809,2.49081,21,1,1
202100019649,166Â 523,B01,1,1,2,5,1,-1,-1,-1, -1,-1,2021,32.0,2,2,0,2,4,1,1,,7,BOURGTHEROULDE. RUE DE,0,,2,2,0,2,7,30,3,, -1,1,0,1,50,9,9,1,76,76231,2,6,0,2,BOURGTHEROULDE. RUE DE,49.28882,0.98829,19,2,2
202100021373,163Â 446,A01,1,1,1,1,2,-1,-1,0,0,-1,2021,21.0,0,1,0,2,8,9,1,,2,1,0,,2,2,0,1,24,200,1,, -1,1,6,1,50,28,8,5,987,98733,2,1,0,3,Pk 24+200 RT1,-17.716246,-149.581963,19,3,3
202100006720,189Â 771,A01,1,1,1,9,2,6,-1,0,0,-1,2021,47.0,2,1,1,1,8,1,1,,4,BOULEVARD ORNANO,0,,3,4,0,1,(1),(1),1,, -1,1,0,1,30,23,11,1,75,75118,2,1,0,6,BOULEVARD ORNANO,48.894944,2.346876,16,2,1
202100029941,148Â 281,B01,2,2,1,9,1,8,-1,-1, -1,-1,2021,0.0,3,2,1,2,4,24,1,,4,COLOMB (CHRISTOPHE),0,,-1,1,0,1,(1),(1),1,, -1,1,0,1,30,8,7,1,973,97302,2,9,0,2,COLOMB (CHRISTOPHE),4.9384732553,-52.3302003989,10,3,2
202100026970,153Â 503,A01,1,1,1,1,1,0,-1,-1, -1,-1,2021,28.0,1,2,1,0,3,1,1,,4,REDOUTE (RUE DE LA),0,,2,2,2,1,1,0,1,, -1,1,0,1,50,26,7,1,92,92032,2,1,0,6,REDOUTE (RUE DE LA),48.79472,2.27501,14,1,1
202100004381,193Â 928,A01,1,1,1,1,2,6,-1,-1,0,-1,2021,53.0,2,1,0,2,2,21,1,,3,RD 170 ,0,,3,4,0,1,17,899,1,, -1,1,0,1,90,6,12,1,95,95277,1,1,0,3,RD 170 ,48.97711,2.47627,14,2,2
202100005134,192Â 600,A01,1,1,2,3,1,-1,-1,0,0,-1,2021,66.0,1,2,0,2,7,1,1,,4,,0,,2,2,0,1,(1),(1),1,,4,2,0,1,50,1,12,3,68,68146,2,2,1,3,ZAC du Mariafeld,48.127361,7.362674,16,2,2
202100055904,101Â 949,B01,1,1,2,0,1,0,-1,-1, -1,-1,2021,35.0,3,2,0,2,1,0,1,,4,SEINE ( RUE DE LA ),0,,2,2,0,1,(1),(1),1,, -1,1,0,1,50,6,1,1,76,76305,2,1,0,1,Route de la Seine,49.5049,0.22288,12,2,2
202100035150,138Â 880,A01,1,1,1,9,8,-1,-1,0,0,-1,2021,19.0,0,2,2,0,1,0,1,,7,561,-1,,2,2,0,1,24,800,1,, -1,1,0,3,80,12,6,1,13,13080,1,1,1,6,D561,43.658015,5.463402,19,1,1
202100009049,185Â 530,A01,1,1,2,5,1,0,-1,-1, -1,-1,2021,26.0,1,2,13,0,1,2,1,,1,AUTOROUTE A5A,0,,1,6,0,1,7,599,3,, -1,1,3,3,70,7,11,3,77,77495,1,9,0,6,AUTOROUTE A5A,48.5946664119,2.6147641651,2,1,1
202100045261,120Â 818,A01,1,1,1,0,8,0,-1,-1, -1,-1,2021,58.0,1,1,0,2,8,1,5,,3,986,0,,2,2,1,1,0,0,1,, -1,1,0,5,50,3,4,1,92,92078,2,1,0,3,VERDUN (AVENUE) (IMPAIRS 27 AU 73),48.935542235,2.3325117351,18,2,2
202100012590,179Â 213,A01,2,2,2,5,1,-1,-1,0,0,-1,2021,34.0,1,2,0,2,1,12,1,,1,1,-1,,3,3,0,1,127,800,1,,"13,5",2,0,1,130,19,10,1,80,80307,1,1,1,2,"Autoroute A1, PK 127+800, sens PARIS-LILLE",49.936607,2.852111,11,3,2
202100024423,158Â 027,B01,1,1,1,5,2,-1,-1,0,0,-1,2021,56.0,2,1,0,0,4,1,5,,3,981,-1,,2,2,0,2,11,535,3,, -1,1,0,1,80,13,8,1,8,8291,1,1,0,2,RD981,49.682229,5.286065,15,2,2
202100009382,184Â 929,B01,1,1,2,0,1,4,-1,-1, -1,-1,2021,52.0,2,2,1,2,5,2,2,,2,104,0,,1,2,0,1,43,799,1,, -1,1,0,1,110,5,11,1,91,91235,1,1,0,5,RN 104,48.625,2.36234,14,4,4
202100030648,146Â 976,A01,1,1,1,5,0,-1,-1,0,0,-1,2021,33.0,2,1,0,2,2,5,1,,2,7,-1,,2,2,0,2,12,0,4,, -1,1,9,1,70,4,6,3,978,97801,2,1,0,1,"route nationale 7, baie orientale",18.087989,-63.028457,19,3,2
202100050075,112Â 230,E01,1,1,1,0,1,5,-1,-1, -1,-1,2021,32.0,1,2,0,2,1,0,1,,3,DE PRESSENSE FRANCIS,0,,1,4,0,1,0,1,1,, -1,1,0,1,50,26,2,1,93,93066,2,1,0,4,DE PRESSENSE FRANCIS,48.9234789419,2.3710677616,12,7,5
202100026838,153Â 746,A01,2,2,2,5,2,8,-1,-1, -1,-1,2021,26.0,2,1,0,0,4,1,1,,4,LAKANAL RUE,0,,1,0,0,1,0,0,1,, -1,1,0,1,30,26,7,1,9,9225,2,1,0,7,LAKANAL RUE,43.11684,1.61193,18,2,1
202100054973,103Â 550,A01,10,3,2,2,0,-1,-1,9,3,1,2021,8.0,2,2,0,1,0,17,1,,2,111,-1,,2,2,0,1,(1),(1),1,, -1,1,0,1,40,15,1,1,987,98724,1,1,0,1,District de PAREA,-16.7014037157,-151.0211362839,13,2,1
202100015397,174Â 185,B01,1,1,2,5,0,-1,-1,0,0,-1,2021,59.0,0,1,0,2,3,1,5,,4,,-1,,2,2,0,1,(1),(1),3,,4,1,0,1,30,26,9,1,14,14200,2,1,0,3,Rue des druides,49.283083,-0.537947,16,2,2
202100017953,169Â 535,B01,1,1,1,1,2,6,-1,0,0,-1,2021,19.0,1,1,0,2,1,1,1,,3,728,0,D,3,2,0,1,34,20,1,, -1,1,5,1,80,20,9,1,17,17351,1,4,0,3,D728,45.821248,-1.084353,17,2,2
202100000742,200Â 390,B01,1,1,1,9,8,0,-1,-1, -1,-1,2021,12.0,3,1,0,2,1,25,3,,4,EUGENE GOBERT(RUE),0,,2,2,0,1,(1),(1),1,, -1,1,0,1,50,30,12,1,973,97302,2,1,0,6,EUGENE GOBERT(RUE),4.9318403883,-52.3316492736,11,2,2
202100039135,131Â 673,A01,1,1,1,5,2,6,-1,0,0,-1,2021,19.0,1,1,0,2,1,2,1,,4,PORTE DE LA CHAPELLE,0,,-1,4,0,1,23,300,1,, -1,1,0,1,70,19,5,1,75,75118,2,1,0,2,PORTE DE LA CHAPELLE,48.900728,2.362969,19,3,2
202100049480,113Â 311,A01,10,3,2,0,0,-1,-1,4,3,1,2021,58.0,0,5,0,1,1,15,1,,4,GREAT EASTERN (AVENUE),0,,1,1,0,1,(1),(1),1,, -1,1,0,1,50,24,2,1,80,80489,2,3,1,6,GREAT EASTERN (AVENUE),49.8715,2.37534,8,2,1
202100019819,166Â 218,B01,2,2,1,0,2,6,-1,-1, -1,-1,2021,23.0,1,1,0,2,4,0,0,,1,86,0,,3,4,0,1,9,800,1,, -1,1,0,1,90,10,9,1,92,92036,1,1,0,3,AUTOROUTE A86,48.9385313839,2.3099379142,10,3,2
202100032932,142Â 897,A01,1,1,2,5,1,0,-1,-1, -1,-1,2021,20.0,1,2,4,0,2,11,0,,4,GENERAL DE GAULE (PLACE DU),0,,2,2,0,1,0,0,1,, -1,1,0,4,50,22,6,5,93,93048,2,1,0,6,Place du GÃ©nÃ©ral de Gaulle,48.86886,2.43341,1,4,1
202100020940,164Â 231,A01,1,1,2,5,2,6,-1,0,0,-1,2021,55.0,1,1,12,2,2,26,1,,3,4100,0,,1,1,0,1,24,930,2,, -1,1,0,4,70,5,9,1,4,4088,1,6,0,6,RD 4100,43.952201,5.771481,12,3,2
202100044062,122Â 917,A01,10,3,1,0,0,-1,-1,2,3,1,2021,30.0,1,2,0,1,1,15,1,,3,PRESIDENT ROOSEVELT (AVENUE DU),0,,2,2,0,1,0,1,1,, -1,1,0,1,50,14,4,1,93,93001,2,2,0,6,PRESIDENT ROOSEVELT (AVENUE DU),48.91825,2.37888,7,2,1
202100002531,197Â 255,A01,2,2,1,5,1,-1,-1,0,0,-1,2021,23.0,0,2,6,2,2,1,1,,4,,0,,2,2,0,2,(1),(1),2,,"5,5",1,0,1,30,19,12,4,29,29233,2,1,0,6,Rue Thiers,47.873492,-3.547942,5,2,1
202100048859,114Â 426,A01,2,2,1,5,8,0,-1,-1, -1,-1,2021,26.0,1,2,1,0,2,1,1,,4,POMPIDOU (PROMENADE),0,,3,4,0,1,0,0,1,, -1,1,0,1,50,7,3,5,13,13208,2,1,0,6,POMPIDOU (PROMENADE),43.26472,5.37333,23,2,1
202100021549,163Â 121,A01,1,1,2,3,1,-1,-1,0,0,-1,2021,20.0,2,2,13,0,9,14,1,,3,401,0,D,2,2,0,1,2,400,1,, -1,1,0,8,80,1,9,2,40,40123,1,1,0,7,Route Departementale 401,43.790986,-1.119975,19,2,1
202100013676,177Â 257,A01,2,2,2,9,1,8,-1,0,0,-1,2021,79.0,3,2,0,2,1,1,1,,7,BORD DE MER RN 98,0,,3,6,1,1,(1),(1),1,, -1,1,0,1,50,12,10,1,6,6123,2,1,0,4,BORD DE MER RN 98,43.656971,7.180718,16,7,3
202100052194,108Â 416,A01,1,1,1,0,1,-1,-1,0,0,-1,2021,48.0,2,2,2,2,1,2,1,,3,23,-1,,2,2,0,1,14,800,1,, -1,2,0,1,80,8,2,1,57,57160,1,1,1,2,DÃPARTEMENTAL 23,49.217541,6.664538,10,2,2