Num_Acc,id_vehicule,num_veh,place,catu,sexe,trajet,secu1,secu2,secu3,locp,actp,etatp,year_acc,victim_age,senc,catv,obs,obsm,choc,manv,motor,occutc,catr,voie,v1,v2,circ,nbv,vosp,prof,pr,pr1,plan,lartpc,larrout,surf,infra,situ,vma,jour,mois,lum,dep,com,agg_,int,atm,col,adr,lat,long,hour,nb_victim,nb_vehicules
202100023713,159Â 230,A01,2,2,2,5,1,0,-1,-1, -1,-1,2021,21.0,2,2,2,0,6,1,1,,3,ROUTE DE MURVIEL (RD.19 - SECT.3),0,,2,2,0,1,27,579,1,, -1,1,0,3,70,15,8,1,34,34032,1,1,0,6,ROUTE DE MURVIEL (RD.19 - SECT.3),43.35115,3.2027,17,2,1
202100024362,158Â 134,A01,2,2,1,1,1,-1,-1,0,0,-1,2021,21.0,1,2,0,2,1,13,1,,3,939,0,,2,2,0,1,44,800,1,, -1,1,0,1,80,6,8,1,32,32045,1,3,0,1,d 939,43.486618,0.406237,16,3,2
202100055177,103Â 188,A01,1,1,2,1,8,0,-1,-1, -1,-1,2021,23.0,1,1,0,0,0,1,5,,4,ESTIENNE D'ORVES BOULEVARD,0,,-1,2,0,1,1,0,1,, -1,1,0,1,50,12,1,2,49,49007,2,1,0,7,ESTIENNE D'ORVES BOULEVARD,47.4597530994,-0.5204636418,17,1,1
202100003364,195Â 751,A01,4,2,1,5,8,-1,-1,0,0,-1,2021,20.0,1,2,0,2,1,0,1,,1,35,-1,,3,4,0,1,68,719,1,, -1,1,0,1,130,13,12,3,68,68066,1,1,0,2,A 35 PK 68.719,48.055652,7.375796,2,5,2
202100003625,195Â 269,B01,1,1,1,0,8,0,-1,-1, -1,-1,2021,19.0,2,1,0,2,1,1,5,,7,YPRES RUE D,0,,2,3,2,1,(1),(1),1,, -1,1,0,1,50,8,12,5,59,59386,2,2,0,3,PLATANES RUE DES,50.67516,3.04961,17,2,2
202100012654,179Â 095,A01,2,2,1,5,2,-1,-1,-1, -1,-1,2021,31.0,0,1,11,0,1,1,1,,4,AVE DE MAGUDAS,0,,2,4,1,1,(1),(1),1,, -1,1,0,1,50,17,10,5,33,33281,2,1,0,7,AVE DE MAGUDAS,44.85875,-0.67338,7,2,1
202100046671,118Â 347,A01,1,1,2,1,1,-1,-1,0,0,-1,2021,20.0,2,2,3,0,1,9,1,,3,1016,-1,,3,4,0,1,31,50,1,, -1,2,0,1,110,25,3,1,60,60107,1,1,1,6,D1016,49.380145,2.436057,9,1,1
202100038213,133Â 338,A01,1,1,1,9,2,6,-1,0,0,-1,2021,17.0,1,1,1,2,1,13,1,,4,AVENUE JEAN JAURES,0,,2,2,0,1,(1),(1),1,, -1,1,0,1,50,26,5,1,75,75119,2,1,0,1,AVENUE JEAN JAURES,48.884183,2.375567,13,2,2
202100010938,182Â 175,B01,1,1,1,1,2,0,-1,0,0,-1,2021,37.0,1,1,0,2,1,1,5,,4,RUE DES PETITES ECURIES,0,,2,2,1,1,(1),(1),1,, -1,1,-1,5,30,26,10,1,75,75110,2,1,0,1,RUE DES PETITES ECURIES,48.873969,2.348576,9,2,2
202100050408,111Â 594,B01,1,1,1,1,2,6,-1,0,0,-1,2021,46.0,1,1,0,2,1,17,1,,1,660,-1,,3,2,0,1,19,910,1,, -1,1,8,1,70,24,2,1,33,33199,1,1,0,3,,44.614591,-1.0743,11,2,2
202100045992,119Â 547,B01,1,1,1,5,2,6,-1,-1, -1,-1,2021,27.0,3,1,0,2,8,2,1,,4,BABEUF (RUE),0,,2,2,0,1,0,0,1,, -1,1,0,1,50,29,3,5,93,93059,2,3,0,3,BABEUF (RUE),48.96126,2.37158,23,3,2
202100003790,194Â 985,C01,1,1,1,0,1,-1,-1,0,0,-1,2021,24.0,2,2,1,0,3,1,1,,2,4,0,,1,2,0,3,28,970,3,, -1,7,0,3,110,11,12,1,77,77031,1,1,0,6,N4,48.684883,2.936718,8,3,3
202100007406,188Â 518,A01,1,1,2,5,0,-1,-1,0,0,-1,2021,31.0,1,2,2,0,8,17,1,,7,723,0,,3,4,0,1,33,360,1,, -1,1,0,3,110,20,11,1,44,44020,1,1,0,6,D723,47.172145,-1.666049,12,1,1
202100005909,191Â 227,A01,10,3,1,1,0,-1,-1,3,3,1,2021,65.0,2,2,0,1,1,1,1,,4,SCHWEITZER (AVENUE DU DOCTEUR ALBERT),0,,2,2,0,1,(1),(1),1,, -1,1,0,1,30,25,11,3,66,66136,2,1,0,6,SCHWEITZER (AVENUE DU DOCTEUR ALBERT),42.72077,2.8839,7,2,1
202100041817,126Â 862,A01,1,1,1,9,2,0,-1,0,0,-1,2021,27.0,2,1,1,0,8,14,5,,4,RUE DU CHEMIN VERT,0,,1,1,0,2,(1),(1),1,, -1,1,0,1,50,1,5,5,75,75111,2,1,0,6,RUE DU CHEMIN VERT,48.860533,2.379369,1,1,1
202100032511,143Â 655,B01,1,1,1,9,2,0,-1,0,0,-1,2021,48.0,1,1,0,2,6,7,5,,4,BOULEVARD DE L AMIRAL BRUIX,0,,2,4,3,1,(1),(1),3,, -1,1,0,6,50,23,6,1,75,75116,2,2,0,3,BOULEVARD DE L AMIRAL BRUIX,48.875222,2.279517,20,2,2
202100045047,121Â 207,A01,1,1,2,9,2,8,-1,-1, -1,-1,2021,27.0,1,1,0,2,1,2,1,,4,,0,,2,2,0,1,0,0,1,, -1,2,0,1,50,5,4,1,92,92012,2,1,0,2,JEAN JAURES (BOULEVARD) 63/215 - 70/208,48.8347169761,2.2429195046,17,3,2
202100010256,183Â 371,A01,1,1,1,4,1,0,-1,-1, -1,-1,2021,24.0,2,5,3,0,1,21,1,,1,AUTOROUTE A86,0,,3,7,0,1,18,200,1,, -1,2,0,3,90,30,10,3,93,93027,1,1,1,6,AUTOROUTE A86,48.92792,2.41255,5,1,1
202100042737,125Â 244,A01,2,2,2,5,8,-1,-1,0,0,-1,2021,20.0,3,2,0,0,9,1,1,,4,,-1,,2,2,0,1,(1),(1),1,,"5,15",1,0,3,80,24,4,1,79,79209,1,1,0,7,1 Bournizeau,46.877187,-0.283903,14,2,1
202100047969,115Â 996,B01,1,1,2,2,2,8,-1,-1, -1,-1,2021,16.0,1,1,0,2,7,16,1,,3,COLMAR (AVENUE DE),0,,3,5,3,1,0,0,1,, -1,2,5,1,50,12,3,1,92,92063,2,2,1,3,COLMAR (AVENUE DE),48.88664,2.17471,15,2,2
202100030040,148Â 090,A01,2,2,2,0,1,0,-1,-1, -1,-1,2021,45.0,3,2,0,2,4,2,1,,3,RESISTANCE (RUE DE LA),0,,3,4,0,1,0,0,1,, -1,1,0,1,50,8,7,1,93,93073,2,1,0,2,RESISTANCE (RUE DE LA),48.95083,2.56425,14,3,2
202100022929,160Â 638,B01,1,1,1,5,2,8,-1,-1, -1,-1,2021,24.0,1,1,0,2,1,1,0,,3,ROSNY (AVENUE DE),0,,2,4,0,1,0,1,1,, -1,1,0,1,50,21,8,5,93,93077,2,1,0,3,Avenue de Rosny,48.88485,2.50628,22,2,2
202100051307,109Â 963,B01,1,1,1,5,1,0,0,0,0,-1,2021,47.0,3,2,0,2,8,1,2,,3,PLASCASSIER (route de),0,,2,2,0,1,18,413,1,, -1,1,0,1,50,16,2,1,6,6069,1,1,0,3,PLASCASSIER (route de),43.651967,6.959727,8,2,2
202100034905,139Â 320,B01,1,1,2,5,1,0,-1,-1, -1,-1,2021,48.0,2,2,0,2,4,2,1,,1,A50-Sens Aubagne vers Marseille,0,,-1,3,0,1,10,0,1,, -1,1,0,1,90,11,6,1,13,13070,1,1,0,2,A50-Sens Aubagne vers Marseille,43.28573,5.5135,17,4,3
202100013885,176Â 878,B01,1,1,1,5,2,0,-1,0,0,-1,2021,47.0,2,1,0,2,3,1,1,,3,D942 A,0,,2,2,0,2,3,220,1,, -1,1,0,1,80,8,10,1,5,5061,1,3,0,3,D942 A,44.54063,6.09112,12,2,2
202100015299,174Â 365,B01,1,1,1,1,2,0,-1,-1, -1,-1,2021,30.0,2,1,0,2,1,0,1,,1,AUTOROUTE A6,0,,3,3,0,1,15,500,1,, -1,1,0,1,110,4,10,1,91,91345,1,1,0,2,AUTOROUTE A6,48.68931,2.32417,8,2,2
202100022537,161Â 345,A01,1,1,1,5,2,6,-1,0,0,-1,2021,21.0,1,1,13,0,1,1,1,,3,266,-1,,2,2,0,1,2,0,3,, -1,1,0,3,80,26,8,1,17,17483,1,1,1,7,CD266 17340,46.042132,-1.007738,19,1,1
202100003795,194Â 973,A01,2,2,1,5,1,-1,-1,0,0,-1,2021,20.0,3,2,8,0,2,1,1,,4,,-1,,2,2,0,1,(1),(1),1,,4,1,0,3,80,11,12,3,85,85129,1,1,0,6,Les Temples,46.83235,-1.477286,4,2,1
202100030019,148Â 132,B01,1,1,2,1,8,0,-1,0,0,-1,2021,36.0,2,1,0,2,1,1,5,,4,RUE DU CHEMIN VERT,0,,1,-1,0,2,(1),(1),1,, -1,1,0,1,30,8,7,1,75,75111,2,3,0,3,RUE DU CHEMIN VERT,48.85878,2.373785,7,2,2
202100017822,169Â 764,B01,9,2,2,0,8,-1,-1,-1, -1,-1,2021,49.0,3,3,8,2,2,1,3,,4,DES PARCS(allÃ©e),0,,2,2,0,1,(1),(1),1,, -1,2,4,1,50,20,9,1,69,69290,2,8,1,3,PARCS (DES) (ALL),45.70906,4.93861,9,3,2
202100028329,151Â 058,A01,1,1,2,0,1,0,-1,-1, -1,-1,2021,75.0,0,2,14,0,3,26,1,,3,BOILEAU (AV),0,,-1,0,0,1,0,0,1,, -1,1,0,1,50,18,7,1,94,94017,2,1,0,3,BOILEAU (AV),48.8045,2.55337,15,1,1
202100014074,176Â 542,A01,1,1,2,5,1,5,-1,0,0,-1,2021,61.0,1,2,0,2,3,1,1,,3,903,0,,2,2,0,1,38,600,1,, -1,1,0,1,80,10,10,1,74,74090,1,1,0,1,Route de Thonon,46.08333,6.312987,16,2,2
202100031103,146Â 146,A01,1,1,1,1,1,0,-1,-1, -1,-1,2021,33.0,2,5,0,0,0,1,1,,7,GANCE (BOULEVARD ABEL),0,,3,4,0,2,4,600,1,, -1,1,0,3,50,1,7,1,37,37261,2,1,0,7,GANCE (BOULEVARD ABEL),47.4256466589,0.71095233,10,1,1
202100030495,147Â 262,B01,1,1,1,5,0,-1,-1,0,0,-1,2021,15.0,0,1,0,2,3,2,5,,3,,-1,,-1,1,2,1,15,90,2,,"3,5",1,9,5,50,7,7,1,49,49301,2,6,0,3,rue de vendÃ©e - ST MACAIRE EN MAUGES,47.114569,-0.993104,17,2,2
202100038078,133Â 597,A01,1,1,1,0,1,-1,-1,0,0,-1,2021,42.0,1,2,13,0,1,1,1,,3,7,-1,,2,2,0,1,94,570,2,, -1,1,0,3,80,27,5,1,76,76363,1,1,0,6,D7,49.883347,1.711786,20,2,1
202100010819,182Â 392,B01,1,1,1,0,1,-1,-1,0,0,-1,2021,41.0,1,2,16,0,4,15,1,,3,313,0,D,2,2,0,1,56,200,1,, -1,1,0,1,80,24,10,1,27,27412,1,3,0,2,D313,49.23868,1.119018,11,4,2
202100029987,148Â 194,B01,1,1,2,5,0,-1,-1,-1, -1,-1,2021,30.0,1,1,0,2,4,1,5,,4,RUE ELIE GINTRAC,0,,1,1,0,1,(1),(1),1,, -1,1,0,1,30,9,7,5,33,33063,2,2,0,3,Rue Elie Gintrac,44.83088,-0.56978,1,2,2
202100017148,170Â 987,A01,10,3,2,1,0,-1,-1,8,3,1,2021,80.0,3,5,0,1,4,4,1,,9,DESCHANDELLIERS (PASSAGE),0,,2,1,0,1,0,0,1,, -1,1,0,1,30,23,9,1,92,92012,2,1,0,6,DESCHANDELLIERS (PASSAGE),48.82732,2.24643,12,2,1
202100010527,182Â 909,A01,1,1,1,5,2,8,-1,-1, -1,-1,2021,30.0,3,1,0,9,1,1,1,,4,SAINT ETIENNE ROUTE,0,,-1,0,0,2,(1),(1),1,, -1,9,9,8,50,24,10,1,42,42207,1,1,0,7,Panassa,45.4988974936,4.4594469666,11,1,1
202100041001,128Â 330,B01,2,2,1,0,1,-1,-1,0,0,-1,2021,48.0,1,5,0,2,7,1,1,,3,562,0,D,2,2,0,1,6,488,2,, -1,1,0,1,80,7,5,1,83,83032,1,1,0,3,D562,43.463721,6.130393,11,3,2
202100054704,104Â 005,A01,1,1,1,5,2,6,-1,0,0,-1,2021,22.0,1,1,6,0,1,14,1,,4,,-1,,2,2,0,2,(1),(1),1,0,"2,9",1,0,3,50,17,1,1,16,16229,2,3,0,6,Rue du Fer a Cheval,46.074135,0.102825,12,1,1
202100040420,129Â 363,A01,1,1,1,5,2,6,-1,0,0,-1,2021,15.0,3,1,0,2,1,9,1,,3,17,0,,2,2,0,4,(1),(1),1,, -1,1,0,1,80,12,5,1,13,13006,1,1,0,1,D17,43.696998,4.955091,17,2,2
202100028850,150Â 149,A01,1,1,1,5,2,6,-1,0,0,-1,2021,48.0,2,1,0,0,8,1,1,,4,ECHANGEUR BERCY,0,,1,2,0,2,(1),(1),4,, -1,1,0,1,50,15,7,1,75,75112,2,1,0,7,ECHANGEUR BERCY,48.826535,2.391164,13,1,1
202100027223,153Â 057,A01,1,1,1,5,2,0,-1,0,0,-1,2021,22.0,1,1,8,0,3,14,1,,4,AVENUE DES TERROIRS DE FRANCE,0,,3,4,0,1,(1),(1),1,, -1,1,0,1,50,24,7,1,75,75112,2,1,0,6,AVENUE DES TERROIRS DE FRANCE,48.831981,2.388259,15,1,1
202100003675,195Â 189,A01,10,3,1,3,8,8,-1,4,3,1,2021,82.0,1,2,0,1,2,1,1,,7,EUGENE MONTEL (BOULEVARD),0,,3,2,0,1,14,75,1,, -1,2,9,1,50,8,12,5,31,31149,2,1,1,6,EUGENE MONTEL (BOULEVARD),43.609431,1.336395,17,2,1
202100012969,178Â 557,A01,1,1,1,0,8,-1,-1,0,0,-1,2021,35.0,3,1,8,0,1,2,1,,4,,-1,,2,2,0,1,(1),(1),2,,4,1,0,4,50,15,10,5,973,97304,2,1,0,6,Avenue du Bois Chaudat,5.1578150935,-52.6522843838,22,1,1
202100032440,143Â 789,A01,1,1,2,5,8,0,-1,0,0,-1,2021,20.0,2,1,0,2,1,19,3,,4,BOULEVARD HAUSSMANN,0,,1,3,0,1,(1),(1),1,, -1,1,0,1,50,24,6,5,75,75109,2,5,0,3,BOULEVARD HAUSSMANN,48.872951,2.333327,2,3,2
202100031965,144Â 608,B01,1,1,1,0,8,0,-1,-1, -1,-1,2021,48.0,1,1,0,2,3,17,1,,7,TOULON RD 46 ( ROUTE DE ),0,,2,2,0,1,11,400,1,, -1,1,0,1,50,26,6,1,83,83069,2,1,1,3,TOULON RD 46 ( ROUTE DE ),43.12623,6.09701,18,4,2
202100052933,107Â 104,C01,2,2,2,3,1,-1,-1,0,0,-1,2021,52.0,2,2,0,2,1,1,1,,3,35,-1,,2,2,0,1,3,0,1,, -1,2,0,1,80,2,2,3,1,1354,1,1,1,4,Route DÃ©partementale 35,46.2446386768,6.0385542967,18,5,3
202100046602,118Â 469,A01,10,3,1,5,0,-1,-1,2,5,2,2021,7.0,3,1,0,1,1,1,5,,4,COUBERTIN (AVENUE PIERRE DE),0,,2,0,1,1,(1),(1),1,, -1,1,0,5,50,23,3,1,44,44184,2,1,0,6,COUBERTIN (AVENUE PIERRE DE),47.270527,-2.233214,18,2,1
202100022594,161Â 229,A01,1,1,2,0,1,-1,-1,-1, -1,-1,2021,40.0,0,2,0,2,1,0,1,,7,ROUTE DE STRASBOURG D 483           (RO),0,,2,2,0,1,4,100,1,, -1,1,0,1,50,22,8,1,69,69286,2,1,0,2,STRASBOURG (DE) (RTE),45.8130203688,4.8873281479,10,2,2
202100037560,134Â 527,B01,1,1,1,0,1,-1,-1,-1, -1,-1,2021,43.0,0,2,0,2,3,1,1,,4,GUILLOTIERE (DE LA)                 (GR),0,,1,3,1,1,(1),(1),1,, -1,1,5,1,50,29,5,5,69,69387,2,2,0,3,GUILLOTIERE (DE LA)                 (GR),45.74724,4.85883,22,3,2
202100015612,173Â 770,A01,1,1,1,0,8,0,-1,-1, -1,-1,2021,25.0,2,2,12,0,1,1,1,,4,8 MAI 1945 (AVENUE DU),0,,2,1,0,1,0,0,1,, -1,1,0,1,50,1,10,5,13,13106,2,9,0,1,8 MAI 1945 (AVENUE DU),43.3984229881,5.3660132965,23,1,1
202100042436,125Â 768,A01,1,1,1,5,2,0,-1,-1, -1,-1,2021,42.0,1,1,0,0,7,1,1,,4,GUITRY (RUE SACHA),0,,1,1,0,1,0,0,1,, -1,1,0,1,50,23,4,1,87,87085,2,3,0,7,GUITRY (RUE SACHA),45.8382,1.26579,20,1,1
202100055673,102Â 341,A01,4,2,1,5,1,0,-1,0,0,-1,2021,35.0,0,2,0,9,1,26,1,,7,GAIRAUT (AV. DE),0,,2,2,0,2,(1),(1),2,, -1,1,0,4,50,9,1,5,6,6088,2,1,0,7,GAIRAUT (AV. DE),43.739639,7.261444,1,4,1
202100044230,122Â 606,A01,1,1,1,4,1,0,-1,-1, -1,-1,2021,32.0,1,5,0,2,3,12,1,,1,A104,0,,3,8,0,1,7,99,1,, -1,1,0,1,90,13,4,1,77,77294,1,1,0,2,A104,48.97048,2.57141,9,2,2
202100038057,133Â 636,A01,10,3,1,2,0,-1,-1,3,3,1,2021,12.0,2,2,0,1,3,2,1,,4,HENRI BARBUSSE (AVE) NÂ°126-280,0,,2,2,0,1,0,0,1,, -1,1,0,8,50,27,5,1,93,93029,2,1,0,6,Rue de la RÃ©publique,48.92171,2.44474,8,2,1
202100018102,169Â 261,A01,10,3,1,0,0,-1,-1,1,3,1,2021,71.0,1,2,0,1,1,0,1,,7,MARNE. BOULEVARD DE LA,0,,2,4,3,1,22,900,1,, -1,1,-1,1,50,18,9,1,76,76540,2,1,0,6,MARNE. BOULEVARD DE LA,49.44625,1.08917,15,2,1
202100034146,140Â 726,A01,1,1,1,9,1,-1,-1,0,0,-1,2021,49.0,1,2,13,0,1,1,1,,7,21,-1,,3,2,0,2,21,118,1,, -1,1,0,3,70,16,6,3,34,34077,1,1,0,7,RD21,43.651188,3.897561,23,1,1
202100029340,149Â 320,A01,1,1,2,5,1,0,-1,-1, -1,-1,2021,38.0,2,2,0,2,4,23,1,,4,VAILLANT-COUTURIER (AVENUE PAUL),0,,2,2,0,1,0,0,1,, -1,1,0,1,50,12,7,1,93,93078,2,1,1,2,Avenue Paul Vaillant Couturier,48.95589,2.5352,18,2,2
202100053312,106Â 433,B01,1,1,1,0,1,0,-1,-1, -1,-1,2021,26.0,1,2,0,2,5,2,1,,1,AUTOROUTE A86,0,,3,6,0,1,10,0,1,, -1,1,0,1,90,28,1,1,92,92036,1,1,0,2,AUTOROUTE A86,48.93818,2.31339,17,2,2
202100045790,119Â 901,A01,1,1,2,5,2,0,-1,0,0,-1,2021,53.0,3,1,0,0,0,1,5,,4,PLACE DE COLOMBIE,0,,1,1,1,1,(1),(1),1,, -1,1,-1,5,50,31,3,1,75,75116,2,7,0,7,PLACE DE COLOMBIE,48.862968,2.269169,17,1,1
202100008622,186Â 331,A01,1,1,1,1,2,6,-1,-1, -1,-1,2021,40.0,1,1,0,2,2,21,1,,3,FUSILLES DE LA RESISTANCE RUE DES,0,,2,2,0,2,0,0,1,, -1,1,0,1,50,10,11,2,92,92050,2,5,0,5,FUSILLES DE LA RESISTANCE RUE DES,48.8796969052,2.2188547254,17,3,3
202100053439,106Â 197,A01,10,3,1,2,8,8,-1,2,3,1,2021,18.0,3,0,0,1,1,16,0,,4,ETREMBIERES (ROUTE D'),0,,1,1,0,1,31,50,1,, -1,1,0,1,50,26,1,5,74,74012,2,3,0,6,ETREMBIERES (ROUTE D'),46.18722,6.23221,7,2,1
202100027408,152Â 722,B01,1,1,1,1,1,8,-1,-1, -1,-1,2021,43.0,2,1,1,0,1,1,0,,3,ADOLPHE PAJEAUD (RUE),0,,3,1,0,1,0,0,1,, -1,1,0,1,50,22,7,1,92,92002,2,1,0,3,ADOLPHE PAJEAUD (RUE),48.74121,2.28364,8,2,2
202100035373,138Â 481,A01,10,3,2,9,8,-1,-1,3,3,2,2021,31.0,1,2,0,1,2,1,1,,4,,0,A,2,2,0,1,(1),(1),1,,6,1,5,1,50,10,6,1,29,29075,2,2,0,6,Rue de la FraternitÃ©,48.413615,-4.440343,9,3,1
202100010350,183Â 205,A01,1,1,1,1,2,6,-1,0,0,-1,2021,35.0,1,1,0,0,1,16,1,,4,RUE HENRI BARBUSSE,0,,1,1,0,1,(1),(1),1,, -1,1,0,1,30,29,10,2,75,75114,2,4,0,7,RUE HENRI BARBUSSE,48.838689,2.336666,7,1,1
202100033465,141Â 952,B01,1,1,2,5,1,-1,-1,0,0,-1,2021,26.0,2,2,0,0,3,1,1,,3,466,0,D,2,2,0,1,(1),(1),3,, -1,1,0,1,50,19,6,1,68,68073,2,1,0,1,31 Rue du Bm 11,47.806487,6.927664,19,4,2
202100028217,151Â 256,B01,1,1,2,9,8,-1,-1,0,0,-1,2021,76.0,1,4,0,0,6,1,0,,3,30,-1,,2,2,0,1,12,563,1,, -1,1,0,1,80,18,7,1,72,72369,1,1,1,3,D30,47.722802,0.29522,16,2,2
202100002096,198Â 051,B01,1,1,2,5,1,-1,-1,0,0,-1,2021,57.0,2,2,0,2,1,2,1,,1,9,0,,2,3,0,1,87,8347,1,, -1,1,0,1,130,21,12,1,34,34294,1,1,0,5,autoroute A9 pk 77.000 sens 2 vers Nimes,43.701144,4.114246,10,3,3
202100001071,199Â 848,A01,10,3,2,0,0,-1,-1,4,3,1,2021,78.0,3,2,9,1,2,15,1,,4,BARBUSSE (RUE HENRI),0,,2,2,0,1,0,0,1,, -1,2,0,1,50,27,12,1,93,93073,2,3,1,6,BARBUSSE (RUE HENRI),48.9577,2.57306,10,2,1
202100050844,110Â 804,A01,1,1,1,0,2,6,-1,-1, -1,-1,2021,23.0,1,1,0,2,1,2,1,,1,AUTOROUTE A126,0,,3,1,0,1,1,648,1,, -1,1,0,1,70,20,2,1,91,91161,1,1,0,2,AUTOROUTE A126,48.71142,2.29449,12,2,2
202100043900,123Â 198,B01,2,2,1,5,2,8,-1,-1, -1,-1,2021,19.0,2,1,0,2,1,1,1,,4,REDON (BOULEVARD DU),0,,2,2,0,2,(1),(1),3,, -1,1,0,1,50,14,4,5,13,13209,2,1,0,3,REDON (BOULEVARD DU),43.25523,5.42011,21,3,2
202100022353,161Â 691,A01,1,1,1,5,2,6,-1,0,0,-1,2021,50.0,2,1,7,0,1,2,1,,3,60,-1,,2,2,0,1,12,600,1,, -1,1,0,1,50,28,8,5,18,18141,2,1,0,6,Route de Berry - Bouy,47.137556,2.238207,1,1,1
202100014738,175Â 364,B01,1,1,1,1,2,6,-1,-1, -1,-1,2021,25.0,1,1,0,2,8,2,1,,1,13,0,,1,0,0,1,3,0,1,, -1,1,2,1,70,6,10,1,92,92064,1,1,0,6,A13,48.8424553232,2.2221676172,18,2,2
202100008636,186Â 306,A01,10,3,2,0,0,-1,-1,9,1,1,2021,75.0,0,2,0,1,6,4,1,,6,,0,,-1,-1,0,1,(1),(1),1,,4,1,9,8,-1,2,11,1,49,49176,2,1,0,6,Avenue Phileas Fogg,47.622917,-0.717351,10,2,1
202100046691,118Â 316,A01,10,3,2,5,0,-1,-1,1,1,2,2021,74.0,3,2,0,1,4,20,1,,4,,-1,,2,2,0,2,(1),(1),1,, -1,1,0,1,50,26,3,1,48,48155,2,1,0,6,Route du Serre de la can - Face au commerce Petit Chariot,44.219116,3.808844,9,2,1
202100046888,117Â 961,B01,1,1,1,1,2,6,-1,-1, -1,-1,2021,24.0,0,1,0,2,1,1,1,,4,SCHEURER KESTNER. RUE,0,,2,2,0,1,(1),(1),1,, -1,1,0,1,50,19,3,1,76,76165,2,1,0,1,SCHEURER KESTNER. RUE,49.280062,1.015306,16,2,2
202100009270,185Â 127,A01,1,1,1,2,1,-1,-1,0,0,-1,2021,19.0,2,2,8,0,7,13,1,,3,D 963,0,,2,2,0,2,12,580,3,, -1,2,0,3,70,2,11,1,12,12089,2,1,0,6,D 963,44.5732150007,2.2461903096,13,1,1
202100016711,171Â 749,B01,1,1,1,5,2,6,-1,0,0,-1,2021,58.0,2,1,0,2,1,17,0,,3,919,0,F,2,2,0,1,3,663,1,, -1,1,0,1,90,27,9,1,61,61456,1,4,0,3,Les Parcs Tuboeuf,48.793696,0.633381,13,2,2
202100002711,196Â 927,A01,1,1,1,5,2,6,9,0,0,-1,2021,45.0,2,1,0,2,1,15,1,,3,,-1,,2,2,0,1,6,100,1,, -1,1,0,1,80,18,12,1,27,27644,1,2,0,1,RD1,49.147243,1.535259,10,2,2
202100003829,194Â 906,B01,1,1,1,5,8,0,-1,0,0,-1,2021,40.0,1,1,0,2,8,19,3,,4,BOULEVARD MACDONALD,0,,2,4,0,1,(1),(1),1,, -1,1,0,1,30,9,12,1,75,75119,2,2,0,3,BOULEVARD MACDONALD,48.897617,2.385687,14,2,2
202100016134,172Â 800,B01,1,1,1,9,1,0,-1,-1, -1,-1,2021,70.0,1,2,0,2,4,1,2,,4,MERMOZ (AVENUE JEAN),0,,2,2,0,1,(1),(1),1,, -1,1,0,1,50,22,9,1,66,66136,2,1,0,2,MERMOZ (AVENUE JEAN),42.6949,2.91139,18,2,2
202100043356,124Â 167,B01,1,1,1,1,2,0,-1,-1, -1,-1,2021,25.0,2,1,0,2,4,1,5,,3,R RASPAIL ,0,,1,2,3,1,1,0,3,, -1,1,0,1,50,19,4,1,94,94041,2,1,0,3,Rue Raspail,48.809391,2.389594,20,2,2
202100030965,146Â 403,B01,1,1,2,5,1,-1,-1,-1,0,-1,2021,60.0,1,2,0,2,4,1,1,,2,RN 184,0,,3,6,0,2,10,450,1,, -1,1,0,1,90,4,7,1,95,95256,1,1,0,5,RN 184,49.054282,2.200432,15,4,4
202100024578,157Â 725,B01,1,1,1,5,2,6,-1,-1, -1,-1,2021,41.0,2,1,0,2,7,3,1,,1,AUTOROUTE A6,0,,1,4,0,1,28,299,1,, -1,1,0,1,110,12,8,1,91,91340,1,1,0,3,AUTOROUTE A6,48.60382,2.43721,12,2,2
202100030416,147Â 400,A01,1,1,1,9,2,6,-1,0,0,-1,2021,18.0,1,1,0,0,9,16,1,,4,QUAI DE LA RAPEE,0,,3,6,0,2,(1),(1),3,, -1,1,0,1,50,6,7,2,75,75112,2,1,0,7,QUAI DE LA RAPEE,48.84415,2.369801,21,1,1
202100027812,151Â 999,B01,1,1,1,5,0,-1,-1,0,0,-1,2021,65.0,1,1,0,2,9,1,0,,3,976,0,,2,2,0,1,6,345,1,, -1,1,5,1,80,20,7,1,89,89255,1,2,0,1,D976,48.313234,3.220518,18,2,2
202100026607,154Â 146,A01,10,3,1,5,0,-1,-1,3,3,1,2021,77.0,3,2,0,1,2,1,1,,4,RASPAIL (boulevard),0,,2,2,0,1,0,1,1,, -1,1,0,1,50,4,3,2,84,84007,2,1,0,6,RASPAIL (boulevard),43.944431,4.805356,7,2,1
202100031159,146Â 037,Z01,10,3,1,5,0,-1,-1,2,3,2,2021,6.0,0,2,0,1,0,0,0,,4,MAHOUBI TIR ,0,,2,2,0,1,0,0,3,, -1,1,0,1,50,3,7,1,13,13214,2,1,0,6,MAHOUBI TIR ,43.3332055,5.3977304,18,2,1
202100005613,191Â 770,A01,1,1,2,0,1,0,-1,-1, -1,-1,2021,25.0,2,2,0,2,1,1,1,,1,A50-Sens Aubagne vers Marseille,0,,1,3,0,1,13,199,1,, -1,1,0,1,90,29,11,3,13,13005,1,1,0,4,A50-Sens Aubagne vers Marseille,43.28903,5.55021,17,5,5
202100020237,165Â 464,A01,1,1,1,5,1,0,-1,-1, -1,-1,2021,25.0,2,2,15,0,1,16,1,,4,LOUYAT (AVENUE DE),0,,2,3,0,1,0,0,1,, -1,1,0,1,50,4,9,5,87,87085,2,3,0,6,LECLERC (AVENUE DU GENERAL),45.84452,1.2599,3,2,1