Num_Acc,id_vehicule,num_veh,place,catu,sexe,trajet,secu1,secu2,secu3,locp,actp,etatp,year_acc,victim_age,senc,catv,obs,obsm,choc,manv,motor,occutc,catr,voie,v1,v2,circ,nbv,vosp,prof,pr,pr1,plan,lartpc,larrout,surf,infra,situ,vma,jour,mois,lum,dep,com,agg_,int,atm,col,adr,lat,long,hour,nb_victim,nb_vehicules
202100039826,130Â 390,A01,1,1,1,5,1,0,-1,-1, -1,-1,2021,24.0,2,2,0,2,1,1,1,,3,CARNOT (AVENUE) NÂ° IMPAIRS,0,,2,2,0,1,24,600,1,, -1,2,5,1,50,15,5,1,19,19275,2,1,1,5,CARNOT (AVENUE) NÂ° IMPAIRS,45.5506928458,2.3128576071,15,7,3
202100048912,114Â 330,B01,1,1,1,1,1,0,-1,-1, -1,-1,2021,25.0,1,2,0,2,3,19,1,,1,A55-Sens Marseille vers Martigues,0,,1,2,0,1,27,500,1,, -1,1,0,1,110,6,3,1,13,13026,1,1,0,3,A55-Sens Marseille vers Martigues,43.3868,5.1474,12,2,2
202100022962,160Â 581,A01,1,1,1,5,1,-1,-1,0,0,-1,2021,77.0,1,2,0,2,1,2,1,,3,924,-1,,2,2,0,4,(1),(1),1,, -1,1,0,1,80,23,8,1,50,50118,1,1,0,2,village de l'Ã©glise,48.83448,-1.316466,16,3,2
202100025614,155Â 899,B01,1,1,1,5,2,0,-1,-1, -1,-1,2021,15.0,2,1,1,0,7,1,5,,4,GAULLE (AVENUE CHARLES DE),0,,2,2,0,1,(1),(1),1,, -1,1,0,1,50,2,8,1,15,15014,2,1,0,6,GAULLE (AVENUE CHARLES DE),44.91435,2.43348,12,2,2
202100053937,105Â 338,A01,10,3,2,1,0,-1,-1,4,3,1,2021,64.0,1,1,0,1,1,2,1,,3,ALFRED ANATOLE THEVENET (AVENUE),0,,2,2,0,1,43,1250,1,, -1,2,6,8,50,22,1,5,51,51663,2,1,1,7,Avenue Alfred Anatole Thevenet,49.0519790597,3.9650127132,8,2,1
202100015687,173Â 628,B01,1,1,1,5,0,-1,-1,0,0,-1,2021,18.0,2,1,0,2,8,19,5,,3,71,0,D,2,2,0,1,1,700,1,, -1,1,0,1,80,3,10,2,85,85172,1,3,0,1,Chemin de la JalonniÃ¨re,46.837797,-1.989742,19,2,2
202100010035,183Â 760,A01,2,2,1,5,1,5,-1,0,0,-1,2021,19.0,1,2,6,0,1,1,1,,3,,0,,2,2,0,2,7,731,4,, -1,2,0,1,50,31,10,3,6,6069,1,1,1,6,DRAGUIGNAN (ROUTE DE) - D2562-,43.645203,6.894575,23,3,1
202100007423,188Â 488,A01,1,1,1,1,2,6,-1,-1, -1,-1,2021,47.0,2,1,0,2,3,1,1,,3,CARREFOUR RN20 / CD120,0,,2,2,0,1,2,299,1,, -1,1,0,1,50,19,11,5,91,91161,2,9,0,3,CARREFOUR RN20 / CD120,48.71551,2.29854,19,2,2
202100055839,102Â 063,A01,1,1,1,2,2,0,-1,-1, -1,-1,2021,17.0,2,1,0,2,1,1,1,,4,GRANDE RUE PIERRE MENDES-FRANCE - PL JEA,0,,2,2,0,2,0,0,1,, -1,2,0,1,50,7,1,1,94,94053,2,1,0,1,GRANDE RUE PIERRE MENDES-FRANCE - PL JEA,48.76625,2.54046,8,2,2
202100028121,151Â 438,A01,1,1,2,1,1,8,-1,-1, -1,-1,2021,21.0,2,2,6,0,1,1,1,,3,ROUTE DEPARTEMENTALE 29,0,,3,4,0,3,1,613,1,, -1,1,1,1,70,19,7,5,56,56107,2,1,0,6,ROUTE DEPARTEMENTALE 29,47.72627,-3.38359,4,1,1
202100007604,188Â 147,B01,1,1,1,9,2,0,-1,-1, -1,-1,2021,15.0,3,1,0,2,3,0,1,,4,RESISTANCE (SQUARE),0,,2,2,0,1,0,0,1,, -1,1,0,1,30,16,11,1,58,58194,2,3,0,3,RESISTANCE (SQUARE),46.99186,3.16017,8,2,2
202100033656,141Â 608,A01,1,1,1,0,2,0,-1,-1, -1,-1,2021,18.0,1,1,0,2,1,1,1,,3,ALFORTVILLE (AV D),0,,2,2,0,1,0,1,1,, -1,1,0,1,50,18,6,1,94,94022,2,3,0,3,Avenue dâAlfortville,48.768766,2.413842,9,2,2
202100055531,102Â 588,A01,1,1,1,9,2,6,-1,0,0,-1,2021,21.0,1,1,0,2,1,11,1,,4,BOULEVARD HAUSSMANN,0,,1,2,0,1,(1),(1),1,, -1,1,0,1,50,10,1,5,75,75109,2,1,0,2,BOULEVARD HAUSSMANN,48.873464,2.329355,19,2,2
202100049173,113Â 857,A01,1,1,1,0,1,-1,-1,0,0,-1,2021,31.0,1,2,0,2,3,5,1,,3,957,0,,2,2,0,2,28,700,3,, -1,1,0,1,80,5,3,3,89,89267,1,1,0,1,D957,47.55281,4.072731,22,2,2
202100023022,160Â 478,B01,1,1,1,4,2,0,-1,-1, -1,-1,2021,29.0,2,1,0,2,1,18,3,,3,152,0,,1,1,0,1,0,0,1,, -1,2,0,1,50,25,7,1,91,91021,2,1,1,3,BD JEAN JAURES,48.589464,2.24519,13,4,2
202100053592,105Â 922,A01,1,1,2,4,2,8,-1,-1, -1,-1,2021,55.0,1,1,0,0,0,1,5,,4,MAGNOLIAS (SQUARE DES),0,,2,2,0,1,0,0,1,, -1,7,0,1,50,25,1,1,49,49099,2,1,0,7,MAGNOLIAS (SQUARE DES),47.05212,-0.87298,10,1,1
202100040939,128Â 444,A01,1,1,1,0,8,8,-1,-1, -1,-1,2021,19.0,1,1,0,2,1,17,1,,7,CAMOINS (AVENUE DES),0,,2,2,0,1,0,900,1,, -1,1,0,1,50,6,5,1,13,13211,2,1,0,1,CAMOINS (route des),43.298,5.498,16,2,2
202100039012,131Â 907,A01,1,1,1,5,1,-1,-1,0,0,-1,2021,24.0,3,2,2,0,3,0,1,,4,,0,,2,2,0,1,(1),(1),3,, -1,9,0,3,80,21,5,3,89,89376,1,1,0,6,Chemin communal,47.660936,4.077473,20,2,1
202100018579,168Â 423,B01,1,1,1,0,2,6,-1,-1, -1,-1,2021,27.0,3,1,0,2,1,1,1,,4,BD LAZARE CARNOT,0,,1,1,0,1,(1),(1),1,, -1,1,0,1,50,16,9,1,31,31555,2,1,0,2,BD LAZARE CARNOT,43.603737,1.450709,9,3,2
202100055330,102Â 929,B01,1,1,1,1,2,4,-1,-1, -1,-1,2021,55.0,2,1,0,2,3,1,5,,3,CORAY ROUTE DE,0,,2,2,0,1,2,950,1,, -1,2,0,1,70,12,1,3,29,29051,1,1,1,2,D15 - Avenue de Coray,48.0030988069,-4.0401881754,18,2,2
202100017124,171Â 027,A01,1,1,1,0,2,0,-1,-1, -1,-1,2021,19.0,1,1,3,0,2,1,1,,3,Route Nationale 3,0,,3,4,0,1,18,500,1,, -1,1,0,1,70,23,9,1,93,93046,1,1,0,6,D933,48.92835,2.55219,7,1,1
202100040130,129Â 868,D01,1,1,2,0,1,-1,-1,-1, -1,-1,2021,56.0,1,2,0,2,4,1,1,,2,RN346   29.300 A 34.350,0,,3,4,0,1,31,900,1,, -1,1,0,1,90,12,5,1,69,69275,1,1,0,4,RN346 ,45.7771,4.97571,17,7,5
202100032805,143Â 137,A01,1,1,1,0,2,0,-1,-1, -1,-1,2021,23.0,1,1,0,1,1,17,1,,4,RUE FELIX EBOUE,0,,2,2,0,1,0,0,1,, -1,1,0,1,30,22,6,5,44,44109,2,1,0,6,RUE FELIX EBOUE,47.21163,-1.55964,1,2,1
202100007963,187Â 494,A01,1,1,1,5,8,0,-1,-1, -1,-1,2021,20.0,3,1,0,2,1,1,5,,4,GAULLE (DU GENERAL DE),0,,1,1,1,2,0,0,2,, -1,1,0,1,30,15,11,5,974,97411,2,3,0,3,GAULLE (DU GENERAL DE),-20.88562,55.4641,19,2,2
202100021863,162Â 554,A01,1,1,1,5,2,6,-1,0,0,-1,2021,24.0,3,6,0,2,3,1,1,,4,223,-1,,2,2,0,1,(1),(1),3,, -1,9,0,1,-1,31,8,1,50,50481,1,1,0,1,Rue des MeziÃ¨res,49.227379,-1.576007,12,2,2
202100015912,173Â 225,A01,1,1,2,0,8,8,-1,-1, -1,-1,2021,54.0,1,1,0,2,1,19,5,,4,VANEAU,0,,2,5,0,1,0,0,1,, -1,1,0,1,50,30,9,5,35,35238,2,3,0,3,VANEAU,48.11046,-1.69274,20,2,2
202100045403,120Â 576,B01,1,1,2,1,1,-1,-1,-1, -1,-1,2021,48.0,3,2,0,2,7,1,1,,4,DONNART MATHIEU (DE 1 A 59 ET 2 A 40),0,,2,2,0,1,(1),(1),1,, -1,1,0,1,50,1,4,1,29,29019,2,1,0,3,Rue Mathieu Donnart,48.3996,-4.48577,12,2,2
202100048451,115Â 154,Z01,2,2,1,0,8,0,-1,-1, -1,-1,2021,16.0,0,1,0,2,0,26,0,,5,SAINT EXUPERY ANTOINE DE (ALLEE),0,,-1,1,0,1,0,1,1,, -1,1,0,1,50,6,3,3,93,93066,2,1,0,6,SAINT EXUPERY ANTOINE DE (ALLEE),48.9268450337,2.3701110749,19,2,1
202100055146,103Â 241,A01,10,3,2,9,0,-1,-1,4,3,1,2021,81.0,1,2,0,1,7,2,1,,2,JAURES (BLD 2 JEAN),0,,3,4,0,1,(1),(1),1,, -1,2,0,1,50,13,1,1,974,97411,2,9,1,6,Boulevard Jean JaurÃ¨s,-20.892264,55.468394,9,2,1
202100017874,169Â 673,Z01,10,3,2,5,0,-1,-1,4,3,1,2021,23.0,1,1,0,1,1,1,0,,4,BOULEVARD DE BELLEVILLE,0,,1,2,0,1,(1),(1),1,, -1,1,0,1,30,18,9,5,75,75111,2,4,0,6,BOULEVARD DE BELLEVILLE,48.871841,2.376986,1,2,1
202100016575,172Â 003,B01,2,2,2,5,1,-1,-1,0,0,-1,2021,62.0,1,2,0,2,3,13,1,,3,473,-1,,2,2,0,2,(1),(1),3,, -1,1,0,1,50,25,9,1,68,68090,2,1,0,1,2 Rue Zuber,47.496374,7.313443,14,6,2
202100016557,172Â 036,A01,1,1,1,0,8,0,-1,-1, -1,-1,2021,58.0,2,1,0,2,1,1,5,,4,,0,,1,1,1,1,0,0,1,, -1,2,0,1,20,27,9,1,92,92075,2,2,0,3,SADI CARNOT (RUE),48.8224101195,2.2899373474,15,2,2
202100003294,195Â 878,B01,1,1,2,1,1,-1,-1,0,0,-1,2021,49.0,1,2,0,2,1,1,1,,3,554,0,,2,2,0,1,43,359,2,, -1,9,0,1,-1,14,12,3,83,83039,1,1,0,1,D554,43.508674,6.018255,18,2,2
202100049115,113Â 962,B01,1,1,1,0,2,0,-1,-1, -1,-1,2021,38.0,0,1,0,2,1,1,1,,7,D9 (BRETELLE),0,,2,2,0,1,1,0,1,, -1,1,0,1,50,4,3,1,13,13054,1,1,0,3,D9 (BRETELLE),43.39981,5.19999,14,2,2
202100045142,121Â 042,A01,10,3,2,9,0,-1,-1,2,2,2,2021,62.0,2,1,0,1,1,21,5,,4,BOULEVARD LEFEBVRE,0,,2,0,1,1,(1),(1),1,, -1,1,-1,5,25,4,4,1,75,75115,2,1,0,6,BOULEVARD LEFEBVRE,48.828975,2.299729,18,2,1
202100013993,176Â 691,B01,1,1,1,5,2,-1,-1,-1, -1,-1,2021,57.0,3,1,0,2,1,1,1,,3,,-1,,2,-1,-1,1,98,55,1,, -1,1,0,1,-1,9,10,1,76,76217,2,2,0,3,AVENUE JEAN JAURES,49.915051727,1.0747497529,18,2,2
202100052002,108Â 757,A01,1,1,2,5,8,0,-1,-1, -1,-1,2021,56.0,3,2,9,0,3,13,1,,4,NEUF CLES (BOULEVARD DES),0,,2,1,0,4,(1),(1),2,, -1,1,0,4,50,8,2,1,71,71270,2,1,0,6,NEUF CLES (BOULEVARD DES),46.31137,4.8205,14,1,1
202100002816,196Â 738,A01,10,3,1,0,0,-1,-1,4,3,2,2021,31.0,1,2,0,1,1,17,1,,3,"""PAUL VAILLANT COUTURIER (AVENUE """"DU 01",0,,2,2,0,1,0,1,1,, -1,1,0,1,50,15,12,5,93,93007,2,2,0,3,"""PAUL VAILLANT COUTURIER (AVENUE """"DU 01",48.9289527607,2.478166702,22,3,2
202100054847,103Â 765,B01,1,1,1,9,0,-1,-1,-1, -1,-1,2021,46.0,2,1,0,2,8,1,3,,4,,0,,1,1,0,1,(1),(1),1,, -1,2,0,1,50,15,1,5,69,69388,2,2,1,3,ETATS-UNIS (DES) (BD),45.72938,4.86776,17,2,2
202100007527,188Â 296,B01,1,1,1,5,0,-1,-1,0,0,-1,2021,15.0,2,1,0,2,3,16,5,,3,84,-1,,2,2,0,1,(1),(1),1,,4,1,0,1,50,19,11,1,14,14488,2,3,0,3,D84,49.280159,-0.251758,13,2,2
202100017409,170Â 511,A01,1,1,1,0,1,-1,-1,-1, -1,-1,2021,40.0,2,2,0,2,1,1,1,,4,PINEL                               (BD),0,,2,4,3,1,(1),(1),1,, -1,1,0,1,50,22,9,1,69,69388,2,3,0,4,PINEL (BD),45.7287841233,4.8865865171,7,3,3
202100010185,183Â 497,A01,1,1,1,5,2,0,-1,-1, -1,-1,2021,18.0,1,1,0,2,1,15,1,,3,GRANDE RUE,0,,2,2,0,1,0,0,1,, -1,2,0,1,50,30,10,5,92,92072,2,6,1,6,GRANDE RUE,48.8264000924,2.219298631,20,2,2
202100051404,109Â 804,B01,1,1,1,2,1,8,-1,0,0,-1,2021,58.0,1,2,0,2,8,15,1,,3,MONTPLAISIR ( ROUTE DE ),0,,2,2,0,1,24,497,1,, -1,2,0,1,50,11,2,1,81,81257,2,3,0,3,MONTPLAISIR ( ROUTE DE ),43.9308130516,2.2032274998,8,4,2
202100030501,147Â 249,A01,1,1,2,5,1,0,-1,-1, -1,-1,2021,25.0,1,2,0,2,4,2,1,,1,A507 sens Marseille - Aubagne,0,,-1,3,0,1,5,599,1,, -1,1,1,1,70,6,7,1,13,13055,1,1,0,2,A507 sens Marseille - Aubagne,43.2974878396,5.4248757362,9,2,2
202100050307,111Â 778,A01,1,1,1,1,2,6,-1,-1, -1,-1,2021,45.0,1,1,0,0,8,1,1,,3,CHARLES DE GAULLE (AVENUE),0,,2,0,0,1,0,100,1,, -1,1,0,1,50,24,2,1,91,91421,2,2,0,3,CHARLES DE GAULLE (AVENUE),48.69644,2.45676,13,2,2
202100025146,156Â 708,B01,1,1,1,5,2,6,-1,0,0,-1,2021,41.0,1,1,0,2,1,1,1,,4,AVENUE DE LA PORTE D ASNIERES,0,,1,3,3,1,(1),(1),1,, -1,2,5,1,50,7,8,1,75,75117,2,2,1,3,AVENUE DE LA PORTE D ASNIERES,48.890109,2.303825,18,3,2
202100016879,171Â 453,B01,4,2,2,5,1,8,-1,-1, -1,-1,2021,37.0,2,2,0,2,4,23,1,,4,MONNAIE,0,,-1,0,0,1,0,0,1,, -1,1,0,1,30,24,9,1,64,64445,2,1,0,2,MONNAIE,43.294,-0.376,11,4,2
202100047365,117Â 108,B01,1,1,1,0,-1,0,-1,0,0,-1,2021,88.0,3,1,0,2,4,16,5,,4,PINEL (Rue du docteur),0,,2,2,0,1,(1),(1),2,, -1,1,5,1,50,19,3,1,26,26198,2,6,0,2,Rue du Docteur Pinel ,44.557963,4.733788,9,2,2
202100005319,192Â 281,B01,1,1,1,1,2,4,-1,-1, -1,-1,2021,43.0,2,1,0,2,2,15,5,,4,SAINT-LAURENT (DE),0,,1,0,0,1,0,0,1,, -1,2,9,1,50,30,11,5,35,35238,2,6,1,3,SAINT-LAURENT (DE),48.13847,-1.65315,7,2,2
202100036727,136Â 061,A01,1,1,1,5,1,-1,-1,0,0,-1,2021,74.0,1,2,0,2,2,15,1,,2,20,0,,2,2,0,1,56,750,1,, -1,1,0,1,50,2,6,1,9,9221,2,1,0,3,RN 20,42.82119,1.621208,15,3,2
202100001376,199Â 310,B01,1,1,1,0,1,0,-1,-1, -1,-1,2021,21.0,3,2,0,2,1,1,1,,7,VIEILLE ROUTE DE LA GAVOTTE,0,,2,1,0,2,1,0,1,, -1,2,0,1,50,25,12,1,13,13071,2,3,0,3,VIEILLE ROUTE DE LA GAVOTTE,43.39208,5.34131,11,5,2
202100009228,185Â 216,B01,1,1,2,0,1,-1,-1,-1, -1,-1,2021,32.0,2,2,0,2,3,1,1,,7,FRANKLIN ROOSEVELT                  (AV),0,,2,2,2,1,4,500,1,, -1,1,0,1,50,5,11,5,69,69275,2,1,0,4,FRANKLIN ROOSEVELT                  (AV),45.7659050805,4.9369651079,23,6,3
202100053137,106Â 761,A01,1,1,1,0,2,-1,-1,0,0,-1,2021,36.0,1,6,6,0,2,0,1,,3,D 156,-1,D,2,2,0,2,(1),(1),2,, -1,2,0,4,50,31,1,5,59,59012,2,3,1,6,10 Rue du GÃ©nÃ©ral de Gaulle,49.991912,4.100229,19,1,1
202100038488,132Â 846,A01,1,1,1,0,1,0,-1,-1, -1,-1,2021,27.0,2,2,0,0,7,1,1,,1,A7-Sens Marseille vers Lyon,0,,-1,2,0,1,278,0,2,, -1,2,0,1,90,24,5,1,13,13215,1,1,1,7,A7-Sens Marseille vers Lyon,43.34533,5.37434,6,1,1
202100000939,200Â 071,A01,1,1,1,1,1,-1,-1,0,0,-1,2021,64.0,2,2,0,2,3,13,2,,2,94,-1,,2,2,0,1,130,588,1,, -1,1,0,1,80,31,12,1,5,5052,1,1,0,1,N94,44.679838,6.61569,14,4,2
202100012291,179Â 763,A01,1,1,1,5,8,-1,-1,0,0,-1,2021,18.0,1,2,0,4,1,26,3,,3,173,-1,,3,2,0,2,(1),(1),1,, -1,1,4,6,50,19,10,3,74,74019,1,8,0,6,Route du Barioz,45.943085,6.137742,20,1,1
202100047093,117Â 593,B01,1,1,1,1,2,6,-1,0,0,-1,2021,51.0,1,1,0,2,7,1,1,,3,936,0,D,2,2,0,1,11,870,1,, -1,1,0,1,-1,23,3,1,30,30061,1,3,0,3,D936,43.9142765903,4.2653706372,12,2,2
202100022570,161Â 279,B01,1,1,1,1,1,0,-1,-1, -1,-1,2021,46.0,2,2,0,2,1,2,2,,1,AUTOROUTE A86,0,,3,4,0,1,52,99,1,, -1,1,1,1,70,26,8,1,94,94034,1,1,0,4,AUTOROUTE A86,48.760377,2.319886,8,3,3
202100019353,167Â 037,B01,1,1,1,5,8,8,-1,-1, -1,-1,2021,22.0,1,1,0,2,1,1,1,,4,CHARLES LIVON (BOULEVARD),0,,1,2,0,1,0,0,1,, -1,1,0,1,50,12,9,1,13,13207,2,3,0,3,CHARLES LIVON (BOULEVARD),43.29187,5.35711,8,3,2
202100038492,132Â 838,A01,1,1,1,5,2,0,-1,-1, -1,-1,2021,38.0,1,1,0,0,0,15,1,,1,A86,0,,1,1,0,2,7,0,3,, -1,1,0,1,50,24,5,3,92,92036,1,1,0,7,A86,48.9335373784,2.2742431993,22,1,1
202100007126,189Â 034,B01,1,1,1,0,8,8,-1,-1, -1,-1,2021,56.0,1,1,0,2,4,0,5,,3,LAGRANGE  AVENUE LEO,0,,3,2,1,1,11,1200,2,, -1,1,5,1,50,9,11,1,25,25056,2,6,0,2,LAGRANGE  AVENUE LEO,47.24279,6.00763,8,2,2
202100012801,178Â 837,A01,1,1,1,1,2,6,-1,-1, -1,-1,2021,29.0,1,1,0,2,4,1,1,,1,A86 INT,0,,3,4,0,1,39,500,1,, -1,1,0,1,90,17,10,3,94,94028,1,1,0,2,A86 INT,48.78689,2.43995,1,1,1
202100054132,104Â 987,B01,2,2,1,5,0,-1,-1,0,0,-1,2021,18.0,1,2,0,2,9,0,1,,3,RD,-1,,2,2,0,1,15,800,1,, -1,2,0,3,80,22,1,1,9,9124,1,1,1,7,le floucat,43.1841067104,1.4008735345,16,3,2
202100021842,162Â 586,A01,1,1,2,5,1,-1,-1,0,0,-1,2021,20.0,1,2,8,0,6,1,1,,3,10,-1,,2,2,0,1,3,280,1,,4,1,0,1,80,29,8,1,65,65258,1,1,0,6,Route d Escala,43.104588,0.406693,18,1,1
202100055076,103Â 365,A01,10,3,2,5,0,-1,-1,3,3,1,2021,89.0,2,2,0,1,1,16,1,,3,BAC (AV DU),0,,2,2,0,1,1,0,1,, -1,2,0,1,30,12,1,5,94,94068,2,1,1,6,Avenue du Bac,48.79277,2.51661,17,2,1
202100048134,115Â 706,A01,1,1,1,5,1,-1,-1,-1, -1,-1,2021,21.0,2,2,8,0,9,14,1,,3,PERIERS (ROUTE DE),0,,2,2,0,2,2,76,4,, -1,2,9,3,70,12,3,1,50,50002,1,1,1,7,PERIERS (ROUTE DE),49.118197,-1.148884,18,1,1
202100027969,151Â 708,A01,1,1,2,9,2,0,-1,0,0,-1,2021,22.0,1,1,0,0,1,5,5,,4,RUE BLANCHE,0,,1,1,0,2,(1),(1),1,, -1,1,0,1,30,20,7,1,75,75109,2,1,0,7,RUE BLANCHE,48.87937,2.33143,13,1,1
202100043670,123Â 617,A01,1,1,1,5,1,-1,-1,0,0,-1,2021,43.0,3,2,0,2,1,13,1,,4,,-1,,2,2,0,1,(1),(1),1,, -1,1,0,1,80,18,4,1,49,49069,1,1,0,1,Le Moulin des Barilleries (st Laurent-des-autels),47.285183,-1.218313,12,2,2
202100036177,137Â 028,B01,1,1,1,5,0,-1,-1,0,0,-1,2021,50.0,3,1,0,2,1,0,5,,4,,0,,2,1,0,2,(1),(1),3,,3,1,0,1,50,5,6,2,68,68342,2,9,0,3,Rue du Bourg,47.81948,7.177237,21,2,2
202100015248,174Â 452,A01,10,3,2,0,0,-1,-1,1,3,1,2021,55.0,3,1,0,1,7,1,1,,4,,0,,-1,2,0,1,0,0,1,, -1,1,0,1,30,4,10,2,92,92040,2,1,0,6,CAMILLE DESMOULINS,48.83002,2.265045,19,3,1
202100015617,173Â 761,B01,1,1,1,5,8,0,-1,-1, -1,-1,2021,41.0,1,1,0,2,8,1,1,,7,SAKAKINI (BOULEVARD),0,,2,5,0,1,0,0,1,, -1,1,0,1,50,1,10,1,13,13205,2,2,0,3,SAKAKINI (BOULEVARD),43.29247,5.40113,15,2,2
202100041683,127Â 099,B01,1,1,1,9,2,0,-1,0,0,-1,2021,63.0,1,1,0,2,7,1,5,,4,ROUTE DES TRIBUNES,0,,2,2,1,1,(1),(1),1,, -1,1,0,5,30,2,5,1,75,75116,2,1,0,3,ROUTE DES TRIBUNES,48.860401,2.229864,11,2,2
202100002081,198Â 080,A01,1,1,1,1,2,6,9,0,0,-1,2021,46.0,2,1,13,9,1,17,1,,3,817,0,,2,2,0,1,39,540,1,, -1,1,0,1,70,22,12,2,64,64448,1,2,0,3,Route de Bayonne,43.344141,-0.473442,8,2,2
202100025095,156Â 798,A01,1,1,1,5,1,4,-1,-1,0,-1,2021,40.0,2,2,4,0,1,14,1,,1,AUTOROUTE A15,0,,3,10,0,2,7,800,3,, -1,1,0,1,70,8,8,1,95,95018,1,1,0,6,A15,48.96292,2.26532,16,2,1
202100045572,120Â 272,A01,10,3,2,1,8,8,-1,3,3,2,2021,27.0,1,2,0,1,1,1,1,,4,PAUL PRAS (AVENUE),0,,2,2,0,1,0,0,1,, -1,1,9,1,50,31,3,1,64,64102,2,9,0,6,PAUL PRAS (AVENUE),43.48311,-1.47674,13,2,1
202100001185,199Â 655,B01,1,1,1,0,1,0,-1,0,0,-1,2021,51.0,1,5,0,2,2,1,1,,4,RESISTANCE (AV. DE LA -PAIR-),0,,2,4,0,1,(1),(1),1,, -1,2,0,1,50,27,12,1,54,54304,2,1,1,3,RESISTANCE (AV. DE LA -PAIR-),48.6945062069,6.1287982466,16,2,2
202100023709,159Â 236,A01,10,3,2,0,0,-1,-1,1,5,1,2021,66.0,1,2,0,1,1,1,1,,4,BOULEVARD DU MASSACRE,0,,2,2,2,1,0,0,1,, -1,1,0,1,50,16,8,1,44,44162,2,1,0,6,BOULEVARD DU MASSACRE,47.22834,-1.59863,18,2,1
202100016427,172Â 272,A01,1,1,1,0,2,0,-1,-1, -1,-1,2021,35.0,2,1,0,2,7,3,1,,1,A13,0,,3,3,0,1,9,70,1,, -1,1,0,2,110,28,9,1,78,78158,1,1,0,5,A13,48.83143,2.14661,9,3,3
202100003903,194Â 780,A01,10,3,1,9,0,-1,-1,1,A,1,2021,22.0,1,4,1,0,1,1,1,,2,66,-1,,2,2,0,2,16,400,2,, -1,5,0,2,90,10,12,3,88,88408,1,1,1,6,N66 - PK 16400,47.91197,6.654046,7,2,1
202100050449,111Â 524,B01,1,1,1,5,0,-1,-1,-1, -1,-1,2021,37.0,1,1,0,2,1,1,5,,3,BRAUN THEODORE  AV,0,,2,2,3,1,22,800,1,, -1,1,0,4,50,23,2,1,69,69264,2,1,0,3,BRAUN THEODORE (AV),45.980881154,4.7404709233,15,2,2
202100051061,110Â 404,B01,1,1,1,0,2,-1,-1,-1, -1,-1,2021,18.0,2,1,0,2,2,1,1,,3,,-1,,2,-1,-1,1,(1),(1),1,, -1,1,0,1,-1,18,2,1,33,33529,2,6,0,3,Boulevard de lâIndustrie,44.60491,-1.13031,11,2,2
202100055695,102Â 307,A01,10,3,2,5,0,-1,-1,9,3,2,2021,7.0,-1,2,0,1,2,26,0,,3,VARAGNAT (AVENUE HENRI),0,,-1,2,0,1,0,1,1,, -1,1,0,1,50,9,1,5,93,93010,2,1,0,6,VARAGNAT (AVENUE HENRI),48.9151696357,2.4841133133,18,5,1
202100036147,137Â 073,A01,1,1,2,0,1,-1,-1,0,0,-1,2021,61.0,1,2,0,2,3,16,1,,3,301,-1,,2,2,0,4,40,130,1,, -1,1,0,1,90,7,6,1,72,72276,1,3,0,3,le terras,48.282493,0.46914,17,2,2
202100054949,103Â 591,A01,1,1,1,4,2,6,-1,-1, -1,-1,2021,19.0,1,1,0,2,1,19,1,,3,,0,,2,0,0,1,1,0,1,, -1,1,5,1,50,15,1,5,92,92007,2,2,0,3,PETIT (AVENUE ALBERT) NÂ° 39 A FIN,48.7958739012,2.3171391051,22,2,2
202100029600,148Â 879,B01,2,2,1,5,2,-1,-1,-1, -1,-1,2021,19.0,0,1,0,2,1,1,1,,4,VOLCLAIR (BD LOUIS),0,,3,2,2,1,(1),(1),1,, -1,1,0,1,50,10,7,5,35,35238,2,2,0,3,VOLCLAIR (BD LOUIS),48.08832,-1.66912,3,4,2
202100037331,134Â 940,A01,1,1,1,4,1,-1,-1,0,0,-1,2021,26.0,1,2,0,2,1,0,1,,1,11,-1,,3,3,3,1,71,0,1,,"13,5",1,0,1,130,1,6,3,28,28253,1,1,0,2,Autoroute A11 PK  071+000,48.344869,1.412795,1,8,2
202100023772,159Â 126,B01,1,1,1,5,2,-1,-1,0,0,-1,2021,61.0,1,1,0,2,4,2,5,,3,916,0,,2,2,0,1,56,740,3,, -1,1,0,1,70,17,8,1,61,61168,1,1,0,2,D916,48.575095,-0.372639,13,2,2
202100015227,174Â 484,A01,1,1,1,9,8,8,-1,0,0,-1,2021,49.0,1,1,0,0,1,16,5,,4,QUAI D ORSAY,0,,2,4,1,1,(1),(1),1,, -1,1,2,5,30,4,10,1,75,75107,2,3,0,7,QUAI D ORSAY,48.862574,2.319008,16,1,1
202100030951,146Â 431,A01,1,1,1,5,1,5,-1,0,0,-1,2021,33.0,0,2,0,2,3,13,1,,4,,-1,,2,2,0,2,(1),(1),2,,4,2,2,1,50,4,7,2,62,62443,2,1,0,1,Boulevard de la Fosse 10,50.440582,2.653692,19,2,2
202100021285,163Â 607,A01,1,1,1,9,2,0,-1,0,0,-1,2021,24.0,3,1,14,0,8,13,1,,4,BOULEVARD DE BELLEVILLE,0,,3,2,1,1,(1),(1),1,, -1,1,5,5,30,2,9,5,75,75111,2,2,0,6,BOULEVARD DE BELLEVILLE,48.866999,2.382826,4,2,1
202100033123,142Â 550,A01,1,1,1,5,1,-1,-1,0,0,-1,2021,22.0,1,2,0,2,2,0,1,,3,D60,-1,,2,2,0,1,(1),(1),1,, -1,1,0,1,80,21,6,1,84,84057,1,2,0,1,D60,43.914361,5.254533,19,2,2