Num_Acc,id_vehicule,num_veh,place,catu,sexe,trajet,secu1,secu2,secu3,locp,actp,etatp,year_acc,victim_age,senc,catv,obs,obsm,choc,manv,motor,occutc,catr,voie,v1,v2,circ,nbv,vosp,prof,pr,pr1,plan,lartpc,larrout,surf,infra,situ,vma,jour,mois,lum,dep,com,agg_,int,atm,col,adr,lat,long,hour,nb_victim,nb_vehicules
202100034656,139Â 772,A01,1,1,1,5,0,-1,-1,0,0,-1,2021,18.0,3,1,0,2,1,9,5,,3,11,0,,2,2,0,1,13,940,3,,5,1,0,1,80,12,6,1,80,80686,1,3,0,3,pk 14 D11,50.026487,2.390299,18,3,2
202100024987,156Â 996,A01,2,2,2,9,2,0,-1,-1, -1,-1,2021,31.0,0,1,13,0,7,1,1,,4,LIBERTE (AVENUE DE LA),0,,1,1,0,1,(1),(1),1,, -1,1,9,1,50,8,8,1,973,97302,2,1,0,7,LIBERTE (AVENUE DE LA),4.9359547047,-52.3306918144,7,2,1
202100054827,103Â 798,A01,10,3,1,3,0,-1,-1,3,3,1,2021,61.0,3,2,0,1,2,1,1,,4,,-1,,2,2,0,1,(1),(1),1,, -1,1,0,1,50,13,1,1,83,83047,2,1,0,6,Avenue de la 1ere Dfl,43.151384,6.071008,15,2,1
202100012257,179Â 816,B01,1,1,1,0,2,0,-1,-1, -1,-1,2021,21.0,3,1,0,2,7,1,1,,3,CHOISY(ROUTE DE),0,,3,4,0,1,0,0,1,, -1,1,0,1,50,18,10,5,94,94028,2,9,0,3,CHOISY(ROUTE DE),48.78004,2.44449,19,2,2
202100004809,193Â 186,A01,1,1,1,9,2,0,-1,0,0,-1,2021,57.0,2,1,0,2,2,1,1,,4,RUE ORDENER,0,,2,3,0,1,(1),(1),1,, -1,2,0,1,30,4,12,5,75,75118,2,3,1,3,RUE ORDENER,48.892044,2.346948,20,2,2
202100045512,120Â 390,B01,1,1,1,5,0,-1,-1,0,0,-1,2021,71.0,2,2,8,2,8,1,1,,3,249,3,E,2,2,0,1,5,400,1,, -1,1,0,1,80,2,4,1,17,17220,1,2,0,3,D 142 E1 chadenac,45.526179,-0.443085,8,3,2
202100007421,188Â 495,A01,1,1,2,0,1,-1,-1,-1, -1,-1,2021,46.0,2,2,0,2,3,2,1,,1,A43   9.894 A 13.029,0,,3,8,0,2,11,0,1,, -1,1,0,1,130,18,11,1,69,69287,1,1,0,5,A43   9.894 A 13.029,45.6850356087,5.0025558472,9,6,4
202100000926,200Â 094,A01,1,1,1,4,1,-1,-1,0,0,-1,2021,38.0,2,5,0,2,1,13,1,,3,D 950,-1,,2,2,0,1,4,180,2,, -1,1,0,1,80,30,12,1,4,4163,1,1,0,1,RD 950,44.09375,5.53108,12,3,2
202100042093,126Â 391,A01,1,1,2,2,2,6,-1,0,0,-1,2021,17.0,0,1,13,0,0,1,1,,3,288,0,,2,2,0,1,8,300,1,, -1,1,0,1,70,16,4,2,61,61484,1,1,0,7,Le Bouillon,48.257891,0.701505,6,1,1
202100050936,110Â 630,A01,1,1,1,1,2,0,-1,0,0,-1,2021,56.0,3,0,0,0,7,1,3,,4,PORT DE LA RAPEE,0,,-1,1,0,1,(1),(1),1,, -1,2,0,1,30,19,2,1,75,75112,2,1,0,7,PORT DE LA RAPEE,48.8394120962,2.3747398617,8,1,1
202100008653,186Â 281,D01,4,2,1,5,1,-1,-1,0,0,-1,2021,29.0,1,2,0,2,1,1,1,,1,7,-1,,1,4,0,1,236,0,1,, -1,1,0,1,130,7,11,3,13,13051,1,1,0,2,Autoroute A7 PK 236.000 Sens NORD/SUD,43.619627,5.13658,17,14,4
202100029988,148Â 193,B01,1,1,1,1,2,-1,-1,-1, -1,-1,2021,65.0,2,1,1,2,1,1,1,,4,RUE ESPRIT-DES-LOIS,0,,2,2,2,1,(1),(1),1,, -1,1,0,1,50,8,7,1,33,33063,2,1,0,3,Rue Esprit-des-Lois,44.84316,-0.57195,11,2,2
202100053431,106Â 209,B01,1,1,2,1,1,0,-1,-1, -1,-1,2021,50.0,3,1,0,2,4,1,2,,4,PL CHARLES STEBER,0,,1,2,0,1,0,0,1,, -1,2,0,1,50,27,1,2,91,91345,2,1,1,2,PL CHARLES STEBER,48.69816,2.29438,8,2,2
202100008571,186Â 416,A01,1,1,1,1,2,-1,-1,0,0,-1,2021,22.0,1,1,15,0,0,1,1,,3,316,0,D,2,2,0,2,7,600,3,, -1,2,0,8,80,10,11,3,27,27611,1,1,0,7,RD 316,49.081006,1.258578,17,1,1
202100041616,127Â 216,A01,2,2,1,0,1,-1,-1,0,0,-1,2021,67.0,2,2,13,0,2,1,2,,3,60,0,D,2,2,0,2,35,200,2,, -1,1,0,3,80,3,5,1,42,42165,1,1,0,6,D60,45.813726,4.378953,17,2,1
202100007218,188Â 853,C01,1,1,1,0,1,0,-1,-1, -1,-1,2021,34.0,1,2,0,2,4,23,1,,7,REPUBLIQUE AV DE LA (NÂ°834-920),0,,1,1,0,1,(1),(1),1,, -1,1,9,1,50,18,11,2,59,59378,2,1,0,4,REPUBLIQUE AV DE LA (NÂ°834-920),50.66021,3.09408,7,4,4
202100002508,197Â 292,B01,1,1,2,9,1,-1,-1,0,0,-1,2021,27.0,2,2,0,2,1,1,1,,7,498,-1,,2,2,0,1,19,850,1,, -1,9,0,8,80,18,12,2,42,42266,1,1,0,1,Route de Beauvoir,45.421859,4.052238,17,2,2
202100009675,184Â 415,A01,1,1,2,5,1,-1,-1,0,0,-1,2021,94.0,1,2,0,0,0,1,1,,3,254,-1,,2,2,0,1,6,139,3,, -1,1,0,3,80,4,11,1,17,17362,1,1,0,6,Moulin de Bergis,45.369895,-0.609044,9,1,1
202100037613,134Â 426,C01,2,2,1,1,1,8,-1,0,0,-1,2021,36.0,1,2,0,2,3,21,1,,4,BOULEVARD LANNES,0,,2,2,0,1,(1),(1),1,, -1,1,0,1,50,28,5,1,75,75116,2,3,0,4,BOULEVARD LANNES,48.866892,2.271812,12,4,3
202100018789,168Â 056,B01,1,1,1,1,1,0,-1,0,0,-1,2021,39.0,1,2,0,2,1,1,1,,4,PUGETS MOYENNE CORNICHE DES,0,,2,2,0,2,(1),(1),3,, -1,2,0,1,50,15,9,1,6,6123,2,1,1,1,PUGETS MOYENNE CORNICHE DES,43.686931,7.180161,11,2,2
202100029910,148Â 341,A01,1,1,1,5,2,6,9,0,0,-1,2021,24.0,3,1,3,0,7,17,1,,3,3,-1,,2,2,0,2,(1),(1),4,, -1,1,0,3,70,10,7,1,67,67544,1,1,0,6,D3,49.026824,7.891488,17,1,1
202100055426,102Â 778,A01,1,1,2,1,1,0,-1,-1,0,-1,2021,23.0,2,2,4,0,3,13,1,,3,170,0,,3,4,0,1,2,200,2,, -1,2,0,1,90,12,1,3,95,95555,1,1,1,6,RD 170,48.97297,2.27637,18,1,1
202100031558,145Â 346,B01,1,1,1,5,3,0,-1,-1, -1,-1,2021,10.0,3,1,0,2,1,1,5,,4,RUE GÃNÃRAL MANGIN,0,,3,5,1,1,(1),(1),1,, -1,1,0,1,50,28,6,1,38,38185,2,1,0,3,RUE GÃNÃRAL MANGIN,45.17378,5.71675,15,2,2
202100019973,165Â 931,A01,1,1,1,0,1,-1,-1,0,0,-1,2021,43.0,2,2,0,2,1,17,1,,3,8051,0,D,2,2,0,2,30,260,3,, -1,1,0,1,-1,10,9,1,8,8185,1,1,0,1,D8051,49.984189,4.654968,18,3,2
202100015936,173Â 179,B01,1,1,2,0,0,-1,-1,0,0,-1,2021,54.0,2,1,1,0,1,1,5,,3,DE GAULLE (AVENUE DU GENERAL),0,,2,2,0,1,0,68,1,, -1,1,0,1,50,30,9,1,5,5023,2,1,0,6,DE GAULLE (AVENUE DU GENERAL),44.89543,6.63304,13,2,2
202100035645,138Â 000,B01,2,2,1,1,1,0,-1,-1, -1,-1,2021,22.0,2,2,0,2,1,1,1,,1,A50,0,,3,6,0,1,54,84,3,, -1,1,0,1,130,5,6,3,83,83035,1,1,0,5,A50,43.1634205514,5.7670473595,1,9,5
202100016882,171Â 445,B01,1,1,1,1,2,6,-1,-1, -1,-1,2021,22.0,3,1,0,2,2,17,1,,4,SAINT BERNARD (CHEMIN DE),0,,2,2,0,1,0,0,1,, -1,1,0,1,50,25,9,1,64,64102,2,3,0,3,SAINT BERNARD (CHEMIN DE),43.50148,-1.48236,12,3,2
202100045325,120Â 714,A01,2,2,1,5,0,-1,-1,0,0,-1,2021,16.0,1,6,0,0,2,15,1,,3,265,0,,2,2,0,2,(1),(1),1,, -1,1,0,4,50,3,4,1,52,52488,2,3,0,7,Rue Principale,47.991594,5.287194,16,2,1
202100037433,134Â 746,A01,1,1,1,0,2,8,-1,-1, -1,-1,2021,22.0,1,1,0,2,1,2,1,,4,JOFFRE   BOULEVARD (27-77 et 2-1),0,,3,4,0,1,(1),(1),1,, -1,1,5,1,50,30,5,2,17,17300,2,1,0,2,JOFFRE   BOULEVARD (27-77 et 2-1),46.15446,-1.14427,22,2,2
202100036254,136Â 876,B01,1,1,1,5,1,0,-1,0,0,-1,2021,21.0,1,2,0,2,1,1,1,,2,ROUTE NATIONALE 814,0,,1,1,0,3,1,0,1,, -1,1,0,1,50,5,6,1,14,14118,2,2,0,3,D401,49.195848537,-0.39623,11,2,2
202100043060,124Â 706,A01,1,1,1,9,1,0,-1,0,0,-1,2021,27.0,1,2,0,2,6,11,2,,4,QUAI DE LA RAPEE,0,,1,3,3,1,(1),(1),2,, -1,1,0,1,50,22,4,1,75,75112,2,2,0,3,QUAI DE LA RAPEE,48.845849,2.367636,19,2,2
202100055636,102Â 405,A01,1,1,1,0,1,-1,-1,0,0,-1,2021,27.0,2,2,13,0,9,15,1,,2,1,0,,2,2,0,2,169,0,2,, -1,1,0,3,80,11,1,1,973,97303,1,1,0,7,N1,5.528511,-53.395529,12,2,1
202100033757,141Â 431,A01,1,1,1,0,2,6,-1,-1, -1,-1,2021,50.0,1,1,8,0,2,9,1,,1,6,0,,3,8,0,1,20,200,1,, -1,1,0,1,110,18,6,2,91,91687,1,1,0,6,AUTOROUTE A6,48.66125,2.37016,21,1,1
202100037410,134Â 794,A01,1,1,1,0,2,8,-1,-1, -1,-1,2021,59.0,1,1,0,2,8,1,1,,2,GENERAL DE GAULLE (BLD DU),0,,1,4,3,1,0,60,1,, -1,1,0,1,50,30,5,1,972,97209,2,1,0,3,GENERAL DE GAULLE (BLD DU),14.6074288389,-61.0716462135,11,2,2
202100041728,127Â 023,A01,1,1,2,5,1,9,-1,0,0,-1,2021,52.0,2,2,4,0,7,1,1,,1,6,0,,3,5,0,1,68,40,1,, -1,1,0,1,130,2,5,1,77,77216,1,1,0,6,Autoroute A6 PK 068.700 sens province vers PARIS,48.300774,2.666711,16,3,1
202100014187,176Â 336,A01,3,2,2,9,8,0,-1,-1, -1,-1,2021,25.0,1,2,0,2,1,1,1,,4,DANIEL CASANOVA (BOULEVARD),0,,1,2,0,1,0,0,1,, -1,1,0,1,50,9,10,5,13,13214,2,4,0,3,DANIEL CASANOVA (BOULEVARD),43.32986,5.37599,21,6,2
202100016217,172Â 648,A01,10,3,2,0,0,-1,-1,8,9,1,2021,75.0,3,2,1,1,6,4,1,,4,PRADO (AVENUE DU),0,,1,1,0,1,(1),(1),1,, -1,1,0,1,50,28,9,1,13,13208,2,9,0,6,PRADO (AVENUE DU),43.2695315236,5.3863810866,14,2,1
202100049179,113Â 847,B01,1,1,1,0,2,-1,-1,0,0,-1,2021,31.0,2,1,0,2,1,1,0,,3,958,-1,,2,2,0,1,(1),(1),1,, -1,1,0,1,50,6,3,1,54,54200,2,5,0,3,D958,48.8752157441,5.8473980435,16,3,2
202100053554,105Â 992,A01,1,1,1,0,2,8,-1,-1, -1,-1,2021,47.0,1,1,0,2,2,11,5,,3,MONTAGNE (ROUTE DE LA),0,,2,2,0,2,0,425,1,, -1,1,0,1,50,26,1,1,974,97411,2,3,0,3,PETITE ILE (RUE DE LA),-20.880269,55.443993,6,2,2
202100020858,164Â 363,A01,1,1,1,3,1,5,-1,-1, -1,-1,2021,35.0,2,2,0,2,1,1,1,,7,RD 86 DE MONTS Ã  TOURS,0,,2,2,0,1,0,0,1,, -1,1,0,1,50,4,9,1,37,37122,1,1,0,3,RD 86 DE MONTS Ã  TOURS,47.3269432987,0.6628911383,16,2,2
202100043880,123Â 238,B01,3,2,2,5,1,0,-1,0,0,-1,2021,25.0,2,2,9,0,5,15,1,,3,GENERAL DE GAULLE (AVENUE DU),0,,2,2,0,1,35,445,1,, -1,1,5,1,50,15,4,5,47,47323,2,3,0,4,GENERAL DE GAULLE (AVENUE DU),44.40984,0.70893,2,8,3
202100029089,149Â 749,B01,1,1,1,5,2,6,-1,-1, -1,-1,2021,20.0,2,1,0,2,8,1,1,,7,PIERREFEU (ROUTE DE) RD 12,0,,4,2,0,1,38,545,1,, -1,1,0,1,80,12,7,1,83,83069,1,3,0,5,PIERREFEU (ROUTE DE) RD 12,43.1443910517,6.1534953117,18,3,3
202100008971,185Â 681,B01,1,1,1,9,8,0,-1,0,0,-1,2021,40.0,2,1,0,2,1,16,5,,4,BOULEVARD DE SEBASTOPOL,0,,1,3,1,1,(1),(1),1,, -1,1,0,1,30,7,11,5,75,75103,2,2,0,3,BOULEVARD DE SEBASTOPOL,48.865242,2.351978,22,2,2
202100010275,183Â 341,B01,1,1,1,5,1,0,-1,-1, -1,-1,2021,64.0,1,2,0,2,3,1,1,,3,RD941 (OUEST),0,,3,4,0,1,0,0,1,, -1,1,5,1,50,26,10,1,87,87085,2,2,0,3,DUTREIX (RUE ARMAND),45.83454,1.2265,17,2,2
202100051559,109Â 534,B01,1,1,1,0,2,6,-1,-1, -1,-1,2021,34.0,2,1,0,9,0,2,1,,1,AUTOROUTE A 10,0,,3,8,0,1,542,610,1,, -1,1,0,1,110,14,2,5,33,33249,1,1,0,6,Autoroute A10,44.88768,-0.50538,20,2,2
202100045329,120Â 710,A01,1,1,1,9,1,-1,-1,0,0,-1,2021,42.0,2,2,4,0,1,1,1,,1,29,0,A,3,4,0,1,229,600,2,, -1,1,0,1,130,4,4,2,80,80335,1,1,0,6,autoroute A29 PK 229+600 sens st Quentin- Amiens,49.85799,2.776752,7,1,1
202100028791,150Â 254,A01,3,2,2,9,0,0,-1,0,0,-1,2021,1.0,1,2,0,2,1,13,1,,1,ROUTE EXPRESS DU MONT DORE,0,,1,1,0,1,0,0,1,, -1,1,3,1,70,16,7,3,988,98818,1,4,0,1,Bretelle insertion VE3/VE3,-22.22679,166.49106,4,4,2
202100046658,118Â 366,B01,1,1,2,2,1,0,-1,-1, -1,-1,2021,39.0,1,2,0,2,4,0,0,,4,OUEST (BOULEVARD DE L'),0,,2,2,1,1,0,0,1,, -1,1,0,1,30,25,3,1,93,93062,2,1,0,2,OUEST (BOULEVARD DE L'),48.90109,2.51182,17,2,2
202100050673,111Â 111,A01,1,1,2,5,1,-1,-1,0,0,-1,2021,58.0,1,2,13,0,2,1,1,,3,22,-1,,2,2,0,1,12,50,2,, -1,1,0,3,80,21,2,3,51,51393,1,1,0,7,D22,49.1177866674,3.9150517325,22,4,1
202100017600,170Â 161,B01,1,1,2,5,2,0,-1,0,0,-1,2021,61.0,2,1,0,2,0,2,5,,4,LIEGE (AV DE),0,,2,2,1,1,1,0,1,, -1,1,0,1,50,21,9,1,94,94068,2,1,0,3,Avenue de LiÃ¨ge,48.79091,2.49899,8,2,2
202100015115,174Â 690,A01,1,1,1,2,8,0,-1,0,0,-1,2021,16.0,1,1,0,1,7,1,5,,4,AVENUE DE WAGRAM,0,,1,2,1,2,(1),(1),1,, -1,2,0,5,30,5,10,1,75,75108,2,1,1,6,AVENUE DE WAGRAM,48.877206,2.297532,11,2,1
202100048416,115Â 215,B01,1,1,1,1,1,0,-1,0,0,-1,2021,56.0,1,2,0,2,1,1,1,,4,GRINGOIRE (RUE PIERRE),0,,1,1,0,1,1,0,1,, -1,1,0,1,50,11,3,1,14,14118,2,2,0,3,Rue Pierre Gringoire,49.17281,-0.34096,17,2,2
202100048533,115Â 003,A01,1,1,1,4,8,0,-1,-1, -1,-1,2021,26.0,3,1,0,2,1,2,5,,4,MONTAURY (ROND POINT DU PARC),0,,2,2,0,1,0,0,2,, -1,1,0,1,50,8,3,1,64,64024,2,6,0,2,MONTAURY (ROND POINT DU PARC),43.48037,-1.50912,18,2,2
202100030496,147Â 260,B01,1,1,2,5,2,-1,-1,0,0,-1,2021,12.0,1,1,0,2,8,15,3,,3,776,0,,-1,2,0,1,(1),(1),1,, -1,1,0,1,90,29,6,1,22,22364,1,3,0,3,D776,48.4411103666,-2.1019036518,14,2,2
202100032455,143Â 764,B01,1,1,1,0,2,6,-1,-1, -1,-1,2021,31.0,2,1,0,2,1,1,1,,3,LONGPONT (ROUTE DE),0,,2,2,0,1,0,0,1,, -1,1,0,1,50,23,6,1,91,91549,2,1,0,2,LONGPONT (ROUTE DE),48.652296,2.309805,9,2,2
202100033802,141Â 342,A01,1,1,1,5,1,8,-1,-1, -1,-1,2021,83.0,3,2,0,0,1,14,1,,4,ACACIAS (RUE DES) NÂ°2 A 16 ET 1 A 3,0,,2,1,0,1,(1),(1),1,, -1,1,0,1,50,16,6,1,71,71153,2,1,0,7,NÂ°2 A 16 ET 1 A 3 rue des acacias,46.796472,4.429184,11,1,1
202100036321,136Â 767,B01,2,2,2,5,2,6,-1,0,0,-1,2021,18.0,3,1,0,0,8,1,1,,4,,-1,,2,2,0,1,(1),(1),1,,5,1,0,1,80,6,6,1,72,72024,1,1,0,3,route des forges,48.094104,0.185351,16,3,2
202100015917,173Â 216,A01,1,1,2,9,1,-1,-1,-1, -1,-1,2021,52.0,1,2,8,0,1,26,1,,3,VILLENEUVE (ROND POINT DE LA),0,,-1,0,0,1,34,950,3,, -1,1,9,1,70,30,9,1,29,29039,1,6,0,6,Rond Point Villeneuve,47.8946193932,-3.9138740301,11,3,1
202100038315,133Â 153,B01,1,1,1,0,2,6,-1,-1, -1,-1,2021,25.0,2,1,0,2,7,3,1,,2,LITTORAL (ROUTE 1 DU),0,,3,4,0,1,2,200,1,, -1,1,0,1,90,25,5,1,974,97411,1,1,0,3,LITTORAL (ROUTE 1 DU),-20.87544,55.43031,7,2,2
202100031158,146Â 038,A01,1,1,1,5,8,0,-1,-1, -1,-1,2021,21.0,1,2,8,0,1,26,1,,4,BOURRELY (CHEMIN DES),0,,3,2,0,1,1,0,1,, -1,1,0,1,50,3,7,5,13,13215,2,1,0,1,BOURRELY (CHEMIN DES),43.38386,5.36508,3,2,1
202100049337,113Â 571,A01,1,1,1,0,1,-1,-1,-1, -1,-1,2021,53.0,2,2,0,2,1,1,1,,1,ROCADE A 630,0,,3,4,0,1,12,123,1,, -1,1,0,1,70,3,3,1,33,33162,1,1,0,2,,44.870909,-0.642687,17,3,2
202100030385,147Â 453,A01,4,2,2,3,8,0,-1,-1, -1,-1,2021,18.0,3,2,14,0,7,1,1,,4,,0,,3,2,2,1,(1),(1),1,, -1,1,5,1,50,20,6,5,25,25388,2,2,0,6,HOLLANDE (RUE DE LA PETITE),47.500272,6.791716,1,4,1
202100000672,200Â 512,A01,1,1,1,1,2,6,-1,-1, -1,-1,2021,43.0,1,1,0,2,1,3,1,,1,AUTOROUTE A6,0,,1,3,0,1,13,854,1,, -1,1,0,1,110,31,12,2,91,91161,1,1,0,2,AUTOROUTE A6,48.69789,2.31449,16,2,2
202100027948,151Â 745,B01,1,1,2,0,1,0,-1,0,0,-1,2021,32.0,1,2,0,2,5,2,1,,7,ANGLAIS (DU NÂ° 265 AU NÂ° 350),0,,3,4,0,1,(1),(1),1,, -1,1,0,1,70,20,7,2,6,6088,2,1,0,2,ANGLAIS (DU NÂ° 265 AU NÂ° 350),43.66539,7.20325,21,4,2
202100004209,194Â 228,A01,1,1,2,5,1,0,-1,-1, -1,-1,2021,38.0,1,2,0,2,4,2,1,,1,A4,0,,3,3,0,1,27,0,1,, -1,2,9,1,130,8,12,3,77,77058,1,9,0,2,A4,48.82854,2.7409,1,3,2
202100004677,193Â 416,A01,10,3,2,5,0,-1,-1,3,3,1,2021,11.0,1,1,0,1,1,1,1,,3,MONTABO (ROUTE DE) 2,0,,2,2,0,1,0,800,1,, -1,1,0,1,50,2,12,1,973,97302,2,1,0,6,MONTABO (ROUTE DE) 2,4.9445502462,-52.3152916432,12,2,1
202100039642,130Â 733,B01,1,1,1,1,1,-1,-1,0,0,-1,2021,57.0,1,2,0,0,1,1,1,,3,38,0,D,2,2,0,1,7,200,1,, -1,1,0,1,80,18,5,1,63,63211,1,2,0,3,l'Etang du pendu,45.486358,3.76079,7,3,2
202100029187,149Â 579,A01,1,1,1,0,2,-1,-1,0,0,-1,2021,64.0,1,1,0,0,7,1,1,,3,92,0,N,2,2,0,1,6,720,1,, -1,1,0,1,50,13,7,1,26,26323,2,1,0,7,Route DÃ©partementale la Dauphinoise,45.068656,5.127692,16,1,1
202100038439,132Â 937,B01,1,1,1,5,2,-1,-1,0,0,-1,2021,27.0,2,1,0,0,4,1,1,,3,13,-1,,2,2,0,1,17,678,1,, -1,1,0,1,80,23,5,1,44,44087,1,1,0,2,Boulevard de l'Atlantique,46.996134,-1.809633,11,2,2
202100020515,164Â 965,A01,1,1,1,0,2,-1,-1,-1, -1,-1,2021,44.0,3,1,0,2,1,1,1,,4,KRAFFT (RUE HUGUES),0,,2,2,0,1,(1),(1),1,, -1,1,0,1,50,5,9,1,51,51454,2,2,0,3,Rue Hugues Krafft,49.2752395695,4.0203111793,18,2,2
202100016177,172Â 723,B01,2,1,1,2,8,0,-1,-1, -1,-1,2021,6.0,1,1,0,1,2,19,5,,4,8 MAI 1945 (SQUARE DU),0,,2,2,0,1,(1),(1),1,, -1,1,0,8,50,28,9,1,35,35238,2,1,0,6,8 MAI 1945 (SQUARE DU),48.13553,-1.65593,14,3,2
202100032363,143Â 915,A01,1,1,2,5,1,-1,-1,0,0,-1,2021,20.0,2,2,16,0,0,17,1,,3,1314,0,A,-1,2,0,1,30,707,1,, -1,1,0,1,70,24,6,1,76,76280,1,1,0,7,D1314,49.826557,1.41082,17,3,1
202100018661,168Â 283,A01,1,1,1,0,1,-1,-1,0,0,-1,2021,68.0,2,2,0,2,4,23,1,,2,1029,-1,,3,4,0,2,5,200,1,, -1,1,2,1,90,16,9,1,76,76489,1,1,0,2,N1029,49.464443,0.274572,15,3,2
202100025526,156Â 042,A01,1,1,2,5,1,-1,-1,0,0,-1,2021,26.0,1,2,0,2,3,13,1,,3,,-1,,2,2,0,1,(1),(1),1,, -1,1,0,1,90,4,8,1,14,14062,1,1,0,1,D404,49.299942,-0.432887,12,2,2
202100032771,143Â 198,B01,1,1,1,5,2,-1,-1,0,0,-1,2021,17.0,2,1,0,2,4,15,1,,7,10,0,A,2,2,0,1,22,300,1,,6,1,0,1,80,22,6,1,13,13051,1,1,0,2,D10,43.547117,5.160656,17,3,2
202100014350,176Â 057,A01,10,3,2,0,0,-1,-1,3,3,1,2021,73.0,1,2,0,1,1,1,0,,4,IRANDATZ ( RUE D'),0,,2,0,0,1,(1),0,1,, -1,1,0,6,50,8,10,1,64,64260,2,1,1,6,IRANDATZ ( RUE D'),43.353551,-1.773398,8,2,1
202100005711,191Â 597,A01,10,3,2,3,0,-1,-1,4,1,1,2021,50.0,1,2,0,1,1,1,1,,3,117,0,D,2,2,0,1,12,687,1,, -1,2,0,8,30,24,11,5,9,9160,2,1,1,6,Avenue du Docteur Bernadac,42.931769,1.851384,17,2,1
202100004139,194Â 346,A01,10,3,2,5,0,-1,-1,1,9,1,2021,58.0,3,1,0,1,0,14,6,,3,75,0,,1,0,1,1,0,0,1,, -1,1,0,5,50,8,12,1,92,92032,2,1,0,6,LANGEVIN PAUL (AVENUE),48.7834965729,2.289083004,13,2,1
202100023555,159Â 537,A01,1,1,2,5,1,0,-1,-1, -1,-1,2021,30.0,1,2,0,2,1,1,1,,1,A4,0,,3,4,0,1,6,0,1,, -1,1,0,1,90,19,8,1,94,94042,1,1,0,2,A4,48.82519,2.463966,19,2,2
202100025326,156Â 386,B01,1,1,1,5,2,6,-1,0,0,-1,2021,26.0,1,1,0,2,7,1,1,,4,PORTE DE BAGNOLET,0,,1,4,0,1,(1),(1),1,, -1,1,0,1,70,4,8,1,75,75120,2,4,0,3,PORTE DE BAGNOLET,48.863502,2.413408,14,2,2
202100033826,141Â 294,A01,10,3,1,3,8,8,-1,5,4,1,2021,34.0,0,5,0,1,4,26,1,,4,LOUVET (RUE),0,,2,1,0,1,0,0,1,, -1,1,0,4,50,16,6,1,49,49328,2,1,0,6,LOUVET (RUE),47.24729,-0.07345,14,2,1
202100005300,192Â 316,A01,1,1,1,5,2,6,-1,-1, -1,-1,2021,30.0,2,1,0,0,0,15,1,,3,FAUBOURG BANNIER (RUE DU ),0,,2,2,0,1,1,0,2,, -1,2,0,1,50,2,12,5,45,45147,2,6,0,7,FAUBOURG BANNIER (RUE DU ),47.93403,1.89489,1,1,1
202100034235,140Â 553,A01,2,2,1,0,1,0,-1,-1, -1,-1,2021,28.0,3,2,9,0,1,26,1,,3,C.D 39,0,,2,2,0,1,39,825,1,, -1,1,0,8,50,15,6,1,77,77039,2,1,0,6,PARCELLES (IMPASSE DES ),48.5255,2.59275,15,2,1
202100016307,172Â 488,A01,2,2,1,0,1,1,-1,0,0,-1,2021,52.0,2,5,13,0,1,13,1,,3,1,-1,R,2,2,0,1,13,447,2,, -1,1,0,1,70,30,9,1,988,98817,2,1,0,6,ROUTE DE LA COULEE,-22.236368,166.594368,15,2,1
202100012988,178Â 525,A01,1,1,1,5,2,6,-1,0,0,-1,2021,17.0,3,1,0,0,8,1,1,,4,,0,,2,2,0,2,(1),(1),2,,3,9,0,1,50,16,10,1,69,69140,2,3,0,7,BEAULIEU (DE) (MO),45.887458,4.701816,15,1,1
202100056423,101Â 042,B01,1,1,1,1,2,6,-1,0,0,-1,2021,27.0,2,1,0,2,1,1,1,,4,RUE DE TOLBIAC,0,,2,3,0,1,(1),(1),1,, -1,1,0,1,50,1,1,5,75,75113,2,1,0,3,RUE DE TOLBIAC,48.828627,2.373209,19,2,2
202100055663,102Â 358,B01,1,1,1,9,2,0,-1,-1, -1,-1,2021,16.0,2,1,0,2,1,1,1,,4,PARIS ( RUE DE ),0,,2,2,0,1,0,0,1,, -1,1,0,1,50,9,1,1,53,53130,2,9,0,3,PARIS ( RUE DE ),48.07356,-0.75507,10,2,2
202100012212,179Â 886,A01,1,1,1,0,2,6,-1,-1, -1,-1,2021,39.0,3,1,0,2,2,15,1,,4,AVE ANDRE DANGLADE,0,,2,2,0,1,(1),(1),1,, -1,1,0,1,50,19,10,5,33,33318,2,2,0,3,Avenue AndrÃ© Danglade,44.80737,-0.63529,22,2,2
202100021626,162Â 972,A01,1,1,2,-1,0,-1,-1,-1, -1,-1,2021,33.0,0,2,-1,-1,-1,1,-1,,4,,-1,,2,1,-1,3,(1),(1),1,,3,1,0,1,-1,31,8,1,27,27229,2,1,0,2,DUGUAY TROUIN (RUE),49.0264524797,1.1707636164,12,1,1
202100050492,111Â 444,A01,3,2,1,0,1,0,-1,-1, -1,-1,2021,20.0,2,2,0,2,3,15,1,,3,VERDUN (COUR DE),0,,2,2,0,2,(1),(1),1,, -1,1,0,1,50,22,2,5,94,94077,2,2,0,3,VERDUN (COUR DE),48.73223,2.40884,22,4,2
202100046492,118Â 685,A01,1,1,2,1,1,0,-1,-1, -1,-1,2021,32.0,1,2,0,2,1,13,1,,3,133,0,,1,0,0,1,0,0,1,, -1,1,0,1,50,25,3,1,91,91103,2,3,0,1,AV DES MARRONNIERS,48.615,2.304,13,2,2
202100003148,196Â 140,B01,1,1,2,5,1,8,-1,-1, -1,-1,2021,69.0,2,2,0,2,7,1,1,,2,RN 102,0,,2,2,0,1,41,250,2,, -1,1,9,1,70,9,12,1,7,7019,1,2,0,3,RN 102,44.629,4.3806,11,2,2
202100025632,155Â 868,A01,1,1,1,1,2,0,-1,0,0,-1,2021,16.0,1,1,0,2,1,17,1,,4,RUE SAINT DENIS,0,,1,1,0,1,(1),(1),1,, -1,1,6,1,50,4,8,1,75,75102,2,3,0,3,RUE SAINT DENIS,48.868902,2.352186,17,2,2