Num_Acc,id_vehicule,num_veh,place,catu,sexe,trajet,secu1,secu2,secu3,locp,actp,etatp,year_acc,victim_age,senc,catv,obs,obsm,choc,manv,motor,occutc,catr,voie,v1,v2,circ,nbv,vosp,prof,pr,pr1,plan,lartpc,larrout,surf,infra,situ,vma,jour,mois,lum,dep,com,agg_,int,atm,col,adr,lat,long,hour,nb_victim,nb_vehicules
202100021924,162Â 437,B01,1,1,1,5,1,0,-1,-1, -1,-1,2021,40.0,2,2,0,2,3,19,1,,7,MOCQUET GUY RUE,0,,2,2,0,1,(1),(1),1,, -1,2,5,1,50,29,8,5,59,59360,2,2,1,3,MOCQUET GUY RUE,50.60673,3.01706,4,3,2
202100016385,172Â 345,A01,1,1,1,0,2,8,-1,-1, -1,-1,2021,37.0,1,1,0,2,2,17,1,,3,9,0,,2,2,0,1,0,0,1,, -1,1,0,1,50,23,9,1,92,92036,2,3,0,3,ALEXANDRE (RUE),48.9226,2.32051,17,2,2
202100040820,128Â 660,A01,1,1,2,3,1,-1,-1,0,0,-1,2021,75.0,1,2,13,0,7,1,1,,3,30,0,,2,2,0,1,14,900,2,, -1,2,0,8,80,28,4,1,21,21135,1,1,1,6,D30,47.433293,5.393438,13,1,1
202100039977,130Â 134,A01,1,1,1,5,2,8,-1,-1, -1,-1,2021,28.0,1,1,14,0,1,19,1,,3,PIERRE DE COUBERTIN (BOULEVARD) (G.SAND,0,,2,4,0,1,0,0,1,, -1,1,0,1,50,13,5,3,92,92036,2,3,0,6,PIERRE DE COUBERTIN (BOULEVARD) (G.SAND,48.9261273109,2.2847943019,0,1,1
202100020532,164Â 938,A01,1,1,1,4,2,6,-1,-1, -1,-1,2021,25.0,1,1,0,5,1,1,1,,4,VAUX (ROUTE DES),0,,2,1,0,1,(1),(1),1,, -1,1,0,1,50,4,9,3,37,37122,1,1,0,6,VAUX (ROUTE DES),47.3417968407,0.641892437,6,1,1
202100006146,190Â 828,B01,1,1,1,5,2,-1,-1,0,0,-1,2021,69.0,2,1,0,0,6,1,5,,3,74,-1,,2,2,0,2,6,660,1,,4,1,0,1,50,25,11,1,35,35070,2,4,1,3,6 Rue de l Aunaie,48.556944,-1.930139,15,2,2
202100019891,166Â 077,A01,10,3,1,0,0,-1,-1,2,3,1,2021,20.0,1,2,8,1,2,26,0,,4,LODI (RUE DE),0,,2,2,0,1,0,0,1,, -1,1,0,1,50,8,9,1,13,13206,2,1,0,3,LODI (RUE DE),43.2892675128,5.3873364978,18,2,1
202100054726,103Â 969,A01,1,1,1,5,2,-1,-1,0,0,-1,2021,28.0,1,1,0,9,1,3,1,,3,RD1,0,A,2,2,0,1,7,10,1,, -1,1,0,1,-1,18,1,1,973,97309,2,1,0,6,Route de Montjoly,4.916004,-52.275674,7,2,1
202100031528,145Â 408,A01,1,1,1,0,2,0,-1,-1, -1,-1,2021,49.0,2,1,0,2,1,26,1,,1,A55-Sens Martigues vers Marseille,0,,1,3,0,1,2,0,1,, -1,1,2,1,70,30,6,1,13,13202,1,1,0,2,A55-Sens Martigues vers Marseille,43.3238739724,5.3628263331,18,2,2
202100049474,113Â 327,E01,1,1,2,1,1,0,-1,-1, -1,-1,2021,26.0,1,2,3,2,5,1,1,,2,11 - RT,0,,3,2,0,1,(1),(1),1,, -1,1,0,1,70,2,3,1,202,202033,2,1,0,4,11 - RT,42.66692,9.4429,13,5,5
202100026432,154Â 451,A01,2,2,2,5,2,0,-1,-1, -1,-1,2021,20.0,3,1,0,0,7,1,1,,4,AV JEAN MERMOZ,0,,2,1,0,1,0,0,3,, -1,8,9,8,50,29,7,1,91,91103,2,6,0,7,AV JEAN MERMOZ,48.6086,2.31247,17,2,1
202100042851,125Â 071,B01,1,1,1,9,2,8,-1,-1, -1,-1,2021,79.0,1,1,0,2,8,1,5,,4,TOURASSE,0,,2,2,1,1,0,0,1,, -1,1,0,1,50,23,4,1,64,64445,2,3,0,3,TOURASSE,43.30844,-0.34024,16,2,2
202100054806,103Â 830,B01,1,1,1,5,2,9,-1,0,0,-1,2021,24.0,2,1,0,2,1,1,5,,4,,-1,,2,2,0,2,(1),(1),1,, -1,1,0,1,50,15,1,1,51,51662,2,3,0,3, Place Chante Reine,49.2947566128,4.1249895544,15,2,2
202100002300,197Â 678,A01,1,1,1,9,8,-1,-1,0,0,-1,2021,34.0,1,2,6,0,1,1,1,,3,31,-1,,2,2,0,1,9,650,1,, -1,1,0,3,50,18,12,5,36,36068,2,1,0,6,,47.206581,1.751646,0,1,1
202100024137,158Â 515,B01,2,2,1,5,1,0,-1,-1, -1,-1,2021,26.0,1,2,0,2,4,23,1,,4,JOSEPH VIDAL (AVENUE),0,,-1,2,0,1,0,0,1,, -1,1,0,1,50,14,8,5,13,13208,2,1,0,2,JOSEPH VIDAL (AVENUE),43.2515336256,5.3777968727,23,4,2
202100032880,142Â 992,A01,10,3,1,9,0,-1,-1,1,3,1,2021,46.0,2,2,0,1,1,21,1,,7,RD 37,0,,3,4,0,1,10,0,1,, -1,1,9,1,50,22,6,2,37,37122,2,9,0,6,RD 37,47.34881,0.64586,5,4,1
202100033024,142Â 710,B01,1,1,1,0,2,8,-1,-1, -1,-1,2021,61.0,2,1,0,2,8,1,5,,3,TOULON (ANCIEN CHEMIN DE),0,,2,2,0,1,17,60,1,, -1,1,0,1,50,12,6,1,83,83123,2,1,0,3,Quai Charles de Gaulle,43.11772,5.80088,11,2,2
202100021703,162Â 845,A01,1,1,1,1,2,-1,-1,0,0,-1,2021,48.0,2,1,12,0,1,17,1,,3,323,-1,,2,2,0,1,40,0,1,, -1,1,9,3,70,31,8,1,72,72054,1,1,0,6,les fosses,48.016253,0.328785,12,1,1
202100022357,161Â 682,A01,1,1,2,1,1,-1,-1,0,0,-1,2021,18.0,1,2,13,0,1,1,1,,3,33,-1,,2,2,0,3,1,150,2,, -1,1,0,3,80,27,8,1,53,53121,1,1,0,7,D33,48.416612,-0.364995,15,1,1
202100053452,106Â 173,A01,10,3,1,5,0,-1,-1,2,3,1,2021,85.0,2,5,0,1,2,1,1,,3,31,0,,2,2,0,1,(1),(1),1,, -1,2,0,1,50,26,1,2,54,54329,2,1,0,6,RUE SAINT MAUR,48.58488,6.48405,17,2,1
202100020686,164Â 655,A01,1,1,2,5,1,-1,-1,-1, -1,-1,2021,77.0,3,2,0,2,1,2,1,,4,GAMBETTA  BD,0,,2,2,0,1,(1),(1),1,, -1,1,0,1,50,5,9,1,69,69264,2,1,0,4,GAMBETTA (BD),45.9923,4.71505,18,3,3
202100016599,171Â 963,A01,1,1,1,1,2,6,-1,0,0,-1,2021,33.0,2,1,0,2,1,2,1,,3,1089,0,,2,2,3,1,78,349,1,, -1,1,0,1,90,25,9,1,19,19009,1,3,0,2,RD 1089 / D58,45.30569,1.818803,12,2,2
202100050593,111Â 252,A01,1,1,1,5,2,0,-1,-1, -1,-1,2021,17.0,2,1,0,2,0,17,1,,4,DIJON (RUE DE),0,,2,2,0,1,0,0,1,, -1,1,0,1,50,21,2,1,10,10343,2,2,0,3,DIJON (RUE DE),48.27,4.08739,11,2,2
202100046200,119Â 188,B01,1,1,1,1,1,0,-1,-1, -1,-1,2021,27.0,2,2,0,2,1,2,1,,1,A507 sens Aubagne- Marseille,0,,1,3,0,1,6,170,1,, -1,1,1,1,70,29,3,1,13,13055,1,1,0,2,A507 sens Aubagne- Marseille,43.3104,5.42459,18,2,2
202100016947,171Â 331,A01,1,1,1,5,2,8,-1,-1, -1,-1,2021,54.0,1,1,0,2,3,18,1,,4,FITTE (ALL CHARLES DE) DU 2AU 76,0,,1,2,0,1,(1),(1),1,, -1,1,0,1,50,24,9,1,31,31555,2,9,0,3,FITTE (ALL CHARLES DE) DU 2AU 76,43.5962,1.4322,15,2,2
202100047549,116Â 775,A01,1,1,2,0,1,-1,-1,0,0,-1,2021,38.0,2,2,2,0,9,21,1,,1,28,-1,,3,4,0,1,15,500,1,, -1,1,0,3,130,19,3,3,80,80446,1,1,0,6,autoroute A28,50.0267617454,1.7360588984,20,1,1
202100013670,177Â 275,B01,1,1,1,0,2,6,-1,-1, -1,-1,2021,59.0,2,1,0,2,1,1,1,,7,AVENUE DE LATTRE DE TASSIGNY-RD 17-,0,,2,2,0,1,(1),(1),1,, -1,1,0,1,50,12,10,1,13,13103,2,2,0,1,AVENUE DE LATTRE DE TASSIGNY-RD 17-,43.6524203915,5.0893843174,8,2,2
202100002202,197Â 857,A01,10,3,2,5,0,-1,-1,2,5,2,2021,3.0,1,5,0,1,8,1,0,,3,486,-1,D,1,1,0,1,35,800,1,, -1,1,0,1,20,21,12,1,88,88196,2,1,0,6,30 Rue Charles de Gaulle,48.069809,6.875678,12,3,1
202100043953,123Â 112,A01,1,1,1,0,2,6,-1,0,0,-1,2021,19.0,1,1,13,0,1,0,1,,3,5,-1,,2,2,0,1,7,725,3,, -1,1,0,3,70,16,4,1,6,6130,1,1,0,7,Route de Saint-cÃ©zaire,43.689062,6.829988,16,1,1
202100044530,122Â 122,A01,1,1,1,1,1,8,-1,-1, -1,-1,2021,26.0,2,2,4,0,0,0,1,,1,A13,0,,3,4,0,1,17,299,1,, -1,2,0,1,110,10,4,3,78,78571,1,1,1,6,A13,48.862683,2.042874,5,1,1
202100051633,109Â 401,A01,1,1,2,5,2,-1,-1,0,0,-1,2021,32.0,0,1,0,0,0,1,1,,3,2,0,C,2,2,0,4,1,800,1,, -1,1,0,1,80,14,2,1,60,60370,1,1,0,7,Rue de Villeneuve,49.251686,2.097166,15,1,1
202100051285,110Â 005,B01,2,2,2,2,2,6,-1,-1, -1,-1,2021,11.0,1,1,0,2,2,1,1,,4,CURIE (AVENUE PIERRE ET MARIE),0,,2,2,0,1,(1),(1),1,, -1,1,0,1,50,16,2,1,45,45284,1,1,0,3,Avenue Pierre et Marie Curie,47.90839,1.97728,8,3,2
202100046239,119Â 119,B01,2,2,2,0,2,8,-1,-1, -1,-1,2021,62.0,3,1,0,9,4,0,1,,7,ROOSEVELT (AVENUE FRANKLIN ),0,,2,2,0,1,0,0,1,, -1,1,6,1,30,28,3,1,13,13028,2,9,0,5,ROOSEVELT (AVENUE FRANKLIN ),43.1832,5.61622,15,4,3
202100033810,141Â 327,B01,1,1,2,9,2,8,-1,-1, -1,-1,2021,18.0,1,1,0,2,1,1,1,,3,SPORTS (AVE DES),0,,2,2,0,1,54,286,1,, -1,1,0,1,50,17,6,1,65,65047,2,2,0,3,SPORTS (AVE DES),43.234595,0.100276,8,2,2
202100019596,166Â 606,A01,3,2,1,5,1,-1,-1,0,0,-1,2021,21.0,1,2,4,0,9,1,1,,3,940,0,,2,2,0,2,40,705,2,, -1,1,0,8,90,11,9,1,19,19101,1,1,0,6,Route de beaulieu,45.2448468788,1.7708997641,18,4,1
202100044810,121Â 618,A01,10,3,1,5,0,-1,-1,2,3,1,2021,22.0,3,2,0,1,3,1,1,,4,COMMANDANT RENE MOUCHOTTE DU,0,,2,2,0,1,0,0,2,, -1,1,0,1,50,28,2,1,64,64445,2,6,0,6,COMMANDANT RENE MOUCHOTTE DU,43.3055,-0.3296,10,2,1
202100049151,113Â 898,A01,10,3,2,2,0,-1,-1,3,3,2,2021,9.0,1,5,0,1,1,17,0,,3,DIVISION LECLERC (AVENUE),0,,2,2,0,1,0,1,1,, -1,1,0,8,50,5,3,1,93,93007,2,9,0,6,DIVISION LECLERC (AVENUE),48.9451724928,2.4620243733,8,2,1
202100015178,174Â 579,A01,10,3,2,3,0,-1,-1,3,3,2,2021,81.0,0,1,0,1,0,1,1,,4,,-1,,2,4,0,1,(1),(1),1,,12,1,0,1,50,8,9,1,69,69244,2,1,0,6,REPUBLIQUE (DE LA ) (AV),45.763728,4.775915,16,2,1
202100002684,196Â 977,B01,2,2,1,0,8,-1,-1,0,0,-1,2021,52.0,2,2,0,2,3,1,1,,3,29,0,,2,2,0,1,12,500,3,, -1,1,0,1,80,17,12,1,72,72041,1,1,0,1,RD29,48.081335,0.630072,11,3,2
202100052302,108Â 224,A01,10,3,2,2,8,8,-1,3,3,1,2021,8.0,1,2,0,1,1,1,1,,4,BANJAN (RUE) NÂ° IMP,0,,2,2,0,2,0,0,1,, -1,1,0,1,30,5,2,1,72,72181,2,1,0,6,BANJAN (RUE) NÂ° IMP,48.0,0.2,11,2,1
202100021902,162Â 479,B01,1,1,1,4,8,0,-1,-1, -1,-1,2021,23.0,2,1,0,2,4,3,1,,1,A13,0,,-1,5,0,1,11,100,1,, -1,2,0,1,110,30,8,1,78,78126,1,1,0,5,A13,48.83951,2.118396,9,3,3
202100028492,150Â 787,A01,1,1,1,5,2,6,-1,0,0,-1,2021,61.0,2,1,0,2,3,11,1,,4,ECHANGEUR BERCY,0,,1,2,0,1,(1),(1),3,, -1,1,0,1,50,17,7,1,75,75112,2,4,0,3,ECHANGEUR BERCY,48.826787,2.390762,20,3,2
202100001225,199Â 581,A01,1,1,2,0,1,-1,-1,0,0,-1,2021,36.0,1,2,0,0,3,13,1,,3,27,0,,2,2,0,2,17,5,2,, -1,2,0,1,80,28,12,1,42,42294,1,4,0,1,Route de Pradines,46.016098,4.110603,9,2,2
202100013766,177Â 104,A01,2,2,1,0,0,-1,-1,0,0,-1,2021,17.0,2,1,0,2,3,1,0,,4,,-1,,-1,1,0,2,(1),(1),1,, -1,1,0,1,-1,10,10,1,987,98715,1,1,0,3,PK 5.5 SAINT HILAIRE - MONT-MARAU,-17.5794943,-149.582392,15,3,2
202100040562,129Â 112,B01,2,2,1,5,1,-1,-1,0,0,-1,2021,21.0,2,2,0,2,1,0,1,,2,67,0,,2,2,0,1,21,750,1,, -1,1,0,1,80,11,5,1,52,52123,1,1,0,1,N67,48.5023349228,5.1042510769,15,3,2
202100047117,117Â 548,A01,10,3,1,0,0,-1,-1,3,5,1,2021,12.0,1,2,0,1,3,1,1,,4,AQUEDUCS (DES)                      (R ),0,,-1,1,0,1,(1),(1),1,, -1,1,0,1,50,21,3,1,69,69385,2,1,0,6,AQUEDUCS (DES) (R),45.7581378204,4.7951691851,10,2,1
202100040835,128Â 641,A01,1,1,1,5,2,6,-1,0,0,-1,2021,35.0,1,1,1,0,1,26,5,,3,4,0,D,2,2,0,1,3,375,1,, -1,1,0,1,50,9,5,1,95,95039,2,1,0,6,22 Rue de Pontoise,49.0696085427,2.1406134646,9,1,1
202100040701,128Â 867,C01,5,2,2,5,1,0,-1,-1, -1,-1,2021,34.0,1,2,6,2,1,1,1,,1,A51-Sens Marseille vers Aix en Provence,0,,1,3,0,1,1,125,1,, -1,1,0,1,90,8,5,1,13,13106,1,1,0,5,A51-Sens Marseille vers Aix en Provence,43.40325,5.35696,17,10,4
202100021000,164Â 126,A01,1,1,1,1,8,-1,-1,-1, -1,-1,2021,43.0,0,1,9,1,0,1,5,,9,LECLERC                             (AV),0,,2,1,1,1,(1),(1),1,, -1,1,0,5,20,3,9,1,69,69387,2,1,0,6,LECLERC (AV),45.73872,4.82512,12,1,1
202100032748,143Â 236,A01,1,1,1,9,2,6,-1,0,0,-1,2021,18.0,2,1,0,2,1,6,1,,3,2089,-1,,3,2,0,1,19,545,1,, -1,2,0,1,50,23,6,1,63,63430,2,1,1,5,73 Avenue LÃ©o Lagrange,45.8468151929,3.527631551,15,3,3
202100038117,133Â 531,A01,10,3,1,3,0,-1,-1,3,3,1,2021,62.0,1,2,0,2,1,1,1,,3,,-1,,1,1,0,1,62,934,1,, -1,1,6,1,50,26,5,1,31,31395,2,9,0,6,Avenue Jacques Douzans,43.467546,1.327999,13,2,1
202100022425,161Â 553,A01,1,1,2,0,8,0,-1,-1, -1,-1,2021,37.0,2,1,0,2,1,1,5,,4,,0,,-1,1,2,1,0,0,1,, -1,1,9,8,30,26,8,1,64,64102,2,1,0,3,PAULMY (AVENUE DES ALLEES),43.49462,-1.47883,17,2,2
202100013446,177Â 702,A01,10,3,1,2,0,-1,-1,3,3,2,2021,6.0,1,2,0,1,3,1,1,,3,937,0,,2,2,0,1,30,820,1,, -1,1,0,1,50,14,10,1,2,2318,2,1,0,6,22 Rue Bernard LefÃ¨vre,49.544572,3.290496,11,3,1
202100055822,102Â 091,A01,1,1,2,5,1,0,-1,0,0,-1,2021,27.0,2,2,0,2,1,1,1,,4,PORTE BRANCION,0,,1,3,0,1,7,400,1,, -1,1,0,1,70,8,1,1,75,75115,2,1,0,2,PORTE BRANCION,48.826087,2.298306,12,3,2
202100003967,194Â 657,B01,1,1,1,0,8,-1,-1,-1, -1,-1,2021,35.0,3,1,0,2,0,0,3,,4,PART DIEU      (DE LA)             (R ),0,,1,1,1,1,(1),(1),1,, -1,2,5,5,50,7,12,1,69,69383,2,2,0,3,PART DIEU (DE LA) (R),45.75953,4.84679,10,2,2
202100020457,165Â 068,A01,1,1,2,5,1,0,-1,-1, -1,-1,2021,21.0,1,2,0,2,1,1,1,,7,MENIN RUE DE,0,,2,2,2,1,(1),(1),1,, -1,1,0,1,50,25,5,1,59,59378,2,3,0,1,MENIN RUE DE,50.67154,3.07753,20,2,2
202100049862,112Â 608,B01,1,1,1,0,2,0,-1,-1, -1,-1,2021,21.0,2,1,0,2,1,1,1,,3,RTE DE MONTLHERY,0,,2,2,0,1,1,0,1,, -1,1,0,1,50,26,2,5,91,91347,2,3,0,3,RTE DE MONTLHERY,48.635264,2.285636,20,2,2
202100040005,130Â 087,B01,7,2,2,0,0,-1,-1,0,0,-1,2021,25.0,1,2,0,2,3,1,1,,2,1,0,,2,2,0,1,136,800,1,, -1,2,2,1,80,14,5,1,973,97303,1,1,1,1,RN1 - PK 136+800 - pont counamama,5.450565,-53.13741,16,3,2
202100000449,200Â 902,B01,1,1,1,5,2,6,-1,0,0,-1,2021,16.0,1,1,0,0,1,17,1,,4,,-1,,2,2,0,1,(1),(1),1,,4,2,0,1,50,14,7,1,73,73255,2,3,1,3,Rte du Glandon,45.33501696,6.291340382,16,2,2
202100006301,190Â 533,B01,1,1,2,9,8,0,-1,0,0,-1,2021,51.0,1,1,0,2,3,1,5,,4,RUE DE BOURGOGNE,0,,1,1,0,1,(1),(1),1,, -1,2,0,1,30,25,11,2,75,75107,2,2,1,2,RUE DE BOURGOGNE,48.857566,2.317533,17,2,2
202100012828,178Â 791,A01,1,1,1,5,2,6,-1,-1, -1,-1,2021,19.0,1,1,12,0,7,14,1,,4,MAC CROSKEY ( AVENUE DU GENERAL),0,,2,2,0,1,0,0,1,, -1,1,0,1,30,16,10,5,64,64122,2,1,0,7,MAC CROSKEY ( AVENUE DU GENERAL),43.49279,-1.54799,1,1,1
202100016214,172Â 653,A01,1,1,1,5,8,0,-1,0,0,-1,2021,19.0,3,1,0,2,2,19,1,,4,MARIE (RUE ARMAND),0,,2,2,1,1,1,0,1,, -1,1,0,1,50,28,9,1,14,14118,2,3,0,3,MARIE (RUE ARMAND),49.16302,-0.35824,12,2,2
202100029697,148Â 715,B01,2,2,2,5,1,-1,-1,0,0,-1,2021,74.0,2,2,0,2,1,2,1,,1,8,0,,3,3,0,1,56,400,1,, -1,1,0,1,130,10,7,1,83,83116,1,1,0,1,Autoroute A8 PK 056+400 Nord,43.458402,5.869703,9,5,2
202100041140,128Â 070,B01,1,1,1,9,2,6,-1,0,0,-1,2021,60.0,1,1,0,2,3,1,1,,4,RUE DU LIEUVIN,0,,2,2,0,2,(1),(1),1,, -1,2,0,1,50,6,5,1,75,75115,2,2,1,3,RUE DU LIEUVIN,48.83162,2.305965,12,2,2
202100027741,152Â 125,A01,1,1,1,0,8,0,-1,-1, -1,-1,2021,50.0,2,1,8,0,1,1,5,,4,GOELANDS (AVE DES),0,,2,1,1,1,(1),(1),1,, -1,1,0,5,30,21,7,1,33,33009,2,1,0,6,Avenue des GoÃ©lands,44.65765,-1.19385,16,1,1
202100006753,189Â 711,A01,10,3,1,9,0,-1,-1,9,0,1,2021,39.0,2,4,0,1,3,0,1,,3,933,-1,,2,2,0,1,(1),(1),1,, -1,1,4,1,50,23,11,1,59,59454,2,8,0,6,Route de Saint-Omer,50.787323,2.460766,13,2,1
202100054762,103Â 913,A01,1,1,2,5,2,6,-1,-1, -1,-1,2021,16.0,3,1,0,2,1,1,1,,7,770,0,,1,2,1,1,(1),(1),1,, -1,5,0,1,50,16,1,1,59,59599,2,1,1,2,GRAMME (CHAUSSEE),50.73683,3.1688,12,2,2
202100028167,151Â 350,B01,1,1,2,9,2,0,-1,0,0,-1,2021,50.0,1,1,0,2,8,19,5,,4,QUAI DE GRENELLE,0,,2,5,0,1,(1),(1),1,, -1,1,0,1,50,18,7,1,75,75115,2,2,0,3,QUAI DE GRENELLE,48.849375,2.281551,16,2,2
202100032787,143Â 169,A01,1,1,1,5,2,6,-1,0,0,-1,2021,28.0,1,1,10,0,0,0,1,,3,1212,-1,,2,2,0,1,9,300,3,, -1,9,1,1,80,20,6,1,73,73088,1,1,0,6,D1212,45.7784841691,6.4863318802,13,2,2
202100035591,138Â 099,A01,1,1,1,4,1,-1,-1,0,0,-1,2021,21.0,1,4,13,0,7,14,1,,2,12,0,N,3,4,0,1,30,800,1,, -1,1,0,1,110,10,6,3,22,22193,1,1,0,7,RN 12 PR 031+200,48.420828,-2.448149,3,1,1
202100014756,175Â 335,A01,1,1,1,0,2,6,-1,-1, -1,-1,2021,19.0,3,1,15,0,1,17,1,,4,kaweni-Massakini (rue),0,,2,2,0,1,0,0,1,, -1,1,0,1,50,3,9,1,976,97611,2,1,0,7,kaweni-Massakini (rue),-12.76058,45.22648,14,1,1
202100046833,118Â 067,B01,1,1,2,1,1,-1,-1,0,0,-1,2021,35.0,2,2,0,2,2,1,1,,3,752,0,,2,2,0,1,0,754,2,, -1,1,0,1,80,23,3,4,44,44213,1,1,0,1,D752,47.378563,-1.026278,19,4,2
202100004405,193Â 885,A01,10,3,2,9,8,8,-1,4,3,1,2021,25.0,1,5,0,1,1,15,1,,4,BOULEVARD JULES FERRY,0,,3,2,0,1,(1),(1),1,, -1,2,0,1,30,6,12,1,75,75111,2,2,0,6,BOULEVARD JULES FERRY,48.868687,2.367075,11,2,1
202100001387,199Â 289,B01,1,1,1,5,8,0,-1,-1, -1,-1,2021,21.0,3,1,0,2,3,1,3,,4,JEAN MERMOZ (AVENUE),0,,2,2,0,1,0,0,1,, -1,2,0,1,30,25,12,1,93,93033,2,2,1,3,JEAN MERMOZ (AVENUE),48.86078,2.5826,16,3,2
202100032822,143Â 110,A01,10,3,1,5,0,-1,-1,3,3,1,2021,84.0,1,2,0,1,1,12,1,,3,MARGENCY (RUE DE),0,,2,2,0,2,5,300,1,, -1,2,0,1,50,22,6,1,95,95428,2,1,1,6,RD 144,48.992515,2.315301,14,2,1
202100011808,180Â 613,A01,1,1,1,2,8,0,-1,-1, -1,-1,2021,13.0,3,1,0,4,2,14,5,,4,FAUBOURG MADELEINE (RUE DU ),0,,1,1,3,1,(1),(1),1,, -1,2,0,6,20,21,10,1,45,45234,2,1,0,3,Rue du Faubourg Madeleine,47.8996259281,1.8790376186,17,2,2
202100046161,119Â 255,A01,1,1,1,5,0,-1,-1,0,0,-1,2021,27.0,1,1,0,2,8,19,5,,3,18,-1,,2,2,0,1,24,100,1,, -1,1,0,1,80,30,3,1,17,17171,1,2,1,3,D18,45.857449,-0.759476,8,2,2
202100056230,101Â 386,C01,1,1,1,4,2,0,-1,-1, -1,-1,2021,48.0,1,1,0,2,1,2,1,,2,RN315 Y,0,,3,2,0,1,2,299,1,, -1,2,0,1,70,5,1,3,92,92036,1,1,0,4,RN315 Y,48.9237957741,2.3049858212,19,3,3
202100033691,141Â 540,A01,1,1,1,5,2,6,-1,0,0,-1,2021,32.0,2,1,0,2,1,17,1,,3,163,0,D,2,2,0,1,13,199,1,, -1,1,0,1,80,11,6,1,35,35136,1,1,0,3,Lieu Dit Beauregard,47.92509,-1.543979,19,2,2
202100053951,105Â 315,A01,2,2,1,5,1,5,-1,-1, -1,-1,2021,10.0,1,2,0,0,9,1,1,,2,RD 569,0,,2,2,0,1,5,500,1,, -1,1,0,1,80,23,1,1,13,13047,1,1,0,7,RD 569,43.5331256389,4.9591826249,10,2,1
202100043835,123Â 329,E01,1,1,1,5,1,-1,-1,0,0,-1,2021,43.0,1,2,0,2,9,23,1,,2,113,-1,,2,2,0,1,49,480,1,, -1,1,5,1,70,16,4,1,30,30123,1,1,0,6,RN113,43.694656,4.168115,17,7,5
202100025726,155Â 699,B01,4,2,1,5,1,0,-1,-1, -1,-1,2021,15.0,1,2,0,2,4,1,1,,3,R D 900,0,,3,2,0,1,5,430,3,, -1,1,0,1,90,31,7,1,66,66136,1,1,0,4,R D 900,42.677202,2.856855,14,5,3
202100013558,177Â 485,A01,1,1,1,0,2,0,-1,-1, -1,-1,2021,33.0,1,1,3,0,1,17,1,,1,Autoroute A30,0,,3,5,3,2,6,699,1,, -1,1,0,1,110,13,10,2,57,57647,1,1,0,6,Autoroute A30,49.31411,6.09471,19,1,1
202100048989,114Â 184,A01,1,1,2,1,1,5,-1,0,0,-1,2021,43.0,1,2,3,0,1,14,1,,1,10,0,A,3,5,0,2,156,200,1,, -1,1,0,1,130,6,3,1,41,41223,1,1,0,6,autoroute A10 pk:156.200 sens paris-province,47.61924,1.248493,14,1,1
202100032489,143Â 696,A01,1,1,2,0,2,0,-1,0,0,-1,2021,24.0,3,1,0,2,7,19,1,,2,ROUTE NATIONALE 9,0,,2,2,0,1,81,33,1,, -1,1,0,1,80,21,6,1,34,34032,2,3,0,3,ROUTE NATIONALE 9,43.36413,3.26097,17,2,2
202100027809,152Â 007,A01,1,1,1,0,2,-1,-1,0,0,-1,2021,28.0,2,1,7,2,7,1,1,,3,50,-1,,2,2,0,1,23,398,1,, -1,1,0,1,80,21,7,3,76,76293,1,2,0,1,intersection RD 50 et RD 37,49.7592691812,0.7967069767,22,2,2
202100044842,121Â 562,A01,1,1,1,5,2,0,-1,-1, -1,-1,2021,18.0,1,1,0,2,7,9,0,,4,SCHOELCHER(RUE VICTOR),0,,2,0,0,2,1,0,1,, -1,2,0,1,50,6,4,1,94,94028,2,1,1,3,SCHOELCHER(RUE VICTOR),48.7702,2.468,17,2,2
202100048064,115Â 830,A01,10,3,1,3,0,-1,-1,3,3,1,2021,68.0,1,5,0,1,3,15,1,,3,955,-1,,2,2,0,1,8,17,1,, -1,2,0,1,50,15,3,1,89,89384,2,1,1,6,Rue d'Aillant sur Tholon,47.9114099802,3.358843554,9,2,1
202100037823,134Â 047,B01,1,1,1,0,2,6,-1,0,0,-1,2021,26.0,1,1,0,2,3,21,1,,3,ST JEAN ( ROUTE DE ),0,,2,2,0,1,1,250,1,, -1,1,0,1,50,26,5,1,5,5061,1,1,0,3,ST JEAN ( ROUTE DE ),44.532142,6.040896,19,2,2
202100050577,111Â 281,A01,1,1,1,0,1,0,-1,0,0,-1,2021,24.0,2,2,2,0,1,1,1,,3,CD181,0,,2,3,0,2,3,0,3,, -1,2,0,1,70,16,2,3,57,57591,1,1,1,6,RD181,49.2395,6.06728,22,1,1
202100013220,178Â 109,A01,10,3,1,2,0,-1,-1,2,3,1,2021,15.0,3,1,0,1,2,1,1,,4,RUE LEONTINE SOHIER,0,,-1,2,0,1,0,0,1,, -1,1,0,1,30,14,10,1,91,91345,2,1,0,6,RUE LEONTINE SOHIER,48.69233,2.30054,8,2,1
202100000543,200Â 735,A01,1,1,1,5,2,0,-1,-1, -1,-1,2021,19.0,2,1,0,2,1,1,1,,4,JEAN MOULIN (BOULEVARD),0,,2,6,3,1,0,0,1,, -1,1,0,1,50,9,11,5,13,13205,2,1,0,3,JEAN MOULIN (BOULEVARD),43.2903,5.39983,23,2,2