Num_Acc,id_vehicule,num_veh,place,catu,sexe,trajet,secu1,secu2,secu3,locp,actp,etatp,year_acc,victim_age,senc,catv,obs,obsm,choc,manv,motor,occutc,catr,voie,v1,v2,circ,nbv,vosp,prof,pr,pr1,plan,lartpc,larrout,surf,infra,situ,vma,jour,mois,lum,dep,com,agg_,int,atm,col,adr,lat,long,hour,nb_victim,nb_vehicules
202100034716,139Â 666,A01,1,1,2,5,8,-1,-1,-1, -1,-1,2021,30.0,1,2,4,2,2,14,1,,2,RN88,0,,3,4,0,2,41,800,1,, -1,1,0,2,90,12,6,1,42,42099,1,1,0,3,RN88,45.3748394913,4.2709123935,17,2,2
202100025579,155Â 952,A01,10,3,1,0,0,-1,-1,1,5,2,2021,5.0,0,2,0,1,2,1,1,,4,PHILIPPE FABIA                      (R ),0,,2,2,0,1,(1),(1),1,, -1,2,0,1,50,4,8,1,69,69388,1,1,1,6,PHILIPPE FABIA (R),45.72728,4.87092,13,2,1
202100022115,162Â 097,A01,1,1,1,5,1,0,-1,0,0,-1,2021,38.0,1,2,1,0,2,14,1,,4,BOULEVARD DE LA BASTILLE,0,,1,2,1,1,(1),(1),1,, -1,1,0,1,50,27,8,5,75,75112,2,4,0,6,BOULEVARD DE LA BASTILLE,48.850041,2.368571,23,1,1
202100030088,147Â 998,A01,2,2,1,5,1,-1,-1,0,0,-1,2021,51.0,3,2,6,9,1,2,1,,3,112,-1,,2,2,0,1,5,500,1,, -1,2,0,3,50,8,7,3,40,40284,2,1,1,7,Rue de Marron,43.655542,-1.301429,0,2,1
202100030401,147Â 424,A01,10,3,1,0,0,-1,-1,3,3,1,2021,83.0,1,2,0,1,1,15,1,,4,GOUNOD (RUE),0,,1,1,0,1,0,0,1,, -1,1,0,1,50,30,6,1,6,6088,2,2,0,6,GOUNOD (RUE),43.69961,7.26029,7,2,1
202100038292,133Â 200,A01,1,1,1,1,2,6,-1,0,0,-1,2021,33.0,2,1,0,0,9,1,1,,3,1006,-1,D,2,2,0,1,110,570,1,, -1,1,0,1,70,27,5,1,73,73248,1,1,0,7,D1006,45.27398,6.362919,7,1,1
202100019817,166Â 221,A01,1,1,1,1,2,6,-1,-1,0,-1,2021,51.0,1,1,0,2,7,3,1,,1,AUTOROUTE A115,0,,1,2,0,2,10,699,3,, -1,1,0,1,90,10,9,1,95,95394,1,1,0,5,A115,49.04823,2.18353,18,3,3
202100002603,197Â 128,A01,1,1,2,0,2,6,-1,-1, -1,-1,2021,20.0,1,1,0,2,2,1,1,,4,JEAN MERMOZ,0,,2,5,1,1,0,0,1,, -1,1,0,1,50,16,12,5,64,64445,2,1,0,3,Avenue Jean Mermoz,43.322104,-0.379194,18,2,2
202100032672,143Â 364,A01,10,3,1,0,0,-1,-1,1,3,1,2021,72.0,1,5,0,1,4,20,1,,6,RUE CIBOULETTE,0,,-1,-1,0,1,(1),(1),1,, -1,1,0,1,30,23,6,1,33,33318,2,1,0,6,Rue de lâEstragon,44.7987,-0.6442,10,2,1
202100019513,166Â 751,A01,10,3,1,9,0,-1,-1,2,5,1,2021,36.0,2,2,0,1,3,1,1,,4,RUE CROZATIER,0,,2,2,0,1,(1),(1),1,, -1,1,0,1,30,11,9,1,75,75112,2,4,0,6,RUE CROZATIER,48.849660683,2.379435894,18,4,2
202100040695,128Â 883,B01,1,1,1,5,2,-1,-1,0,0,-1,2021,69.0,1,1,0,0,2,1,5,,3,310,0,,2,2,0,2,0,790,1,,4,1,0,1,50,8,5,1,68,68223,2,3,0,3,route du Gascnhey,48.027347,7.079326,9,3,2
202100019390,166Â 968,A01,1,1,1,5,2,6,9,0,0,-1,2021,21.0,2,1,0,2,1,2,1,,3,983,0,,2,2,0,4,11,0,1,, -1,1,0,1,80,12,9,1,63,63264,1,4,0,2,D983,45.64577,2.850775,15,5,2
202100023898,158Â 917,A01,1,1,2,0,8,-1,-1,0,0,-1,2021,38.0,1,2,13,0,2,14,1,,2,RN814,0,,3,4,0,1,1,0,3,, -1,1,0,3,90,15,8,4,14,14341,2,1,0,6,N814,49.14628,-0.32941,6,1,1
202100000021,201Â 723,B01,1,1,1,-1,0,-1,-1,-1, -1,-1,2021,75.0,1,1,0,2,7,0,1,,4,CARNOT (AVENUE),0,,2,2,0,1,(1),(1),1,, -1,1,5,1,50,25,9,1,78,78172,2,2,0,3,CARNOT (AVENUE),49.00508,2.09362,13,2,2
202100044862,121Â 529,A01,1,1,1,1,2,6,9,0,0,-1,2021,56.0,2,1,0,2,8,13,1,,3,1,0,D,2,2,0,2,46,900,3,, -1,1,0,1,80,8,4,1,56,56017,1,1,0,3,D1,47.867113,-2.742527,16,2,2
202100006758,189Â 704,B01,1,1,1,3,2,6,-1,0,0,-1,2021,42.0,2,1,0,2,1,1,1,,3,673,0,,2,2,0,2,76,100,1,, -1,1,0,1,30,23,11,5,46,46127,2,9,0,3,dÃ©partementale 673,44.732802,1.375737,18,2,2
202100037559,134Â 529,B01,1,1,1,0,2,0,-1,-1, -1,-1,2021,62.0,1,1,0,9,1,1,1,,3,CATAYEE (JUSTIN),0,,2,1,0,1,1,0,1,, -1,1,0,1,50,29,5,1,973,97302,2,1,0,1,CATAYEE (JUSTIN),4.93155,-52.3265,10,2,2
202100008710,186Â 165,B01,1,1,1,0,2,0,-1,0,0,-1,2021,23.0,1,1,0,2,1,1,1,,7,ORADOU (RUE DE L'),0,,2,2,0,1,(1),(1),1,, -1,1,0,1,50,5,11,1,63,63113,2,3,0,3,Oradou / GantiÃ¨re,45.76505,3.12307,12,2,2
202100020495,165Â 002,B01,1,1,2,9,1,-1,-1,-1, -1,-1,2021,50.0,2,2,0,2,4,1,1,,3,PARIS (ROUTE DE)     COTE IMPAIR,0,,3,4,0,1,31,943,1,6,15,1,0,1,110,6,9,1,79,79081,1,1,0,2,Route de Paris,46.34108,-0.39114,10,3,2
202100011249,181Â 626,A01,2,1,1,0,2,6,-1,-1, -1,-1,2021,36.0,1,1,12,2,4,11,1,,3,ALBERT-DHALENNE (RUE),0,,1,2,1,1,0,1,1,, -1,1,0,1,30,24,10,1,93,93070,2,1,0,2,ALBERT-DHALENNE (RUE),48.91538,2.33132,16,2,2
202100000103,201Â 568,C01,1,1,2,1,2,-1,-1,0,0,-1,2021,19.0,3,1,0,2,8,9,1,,4,,-1,,2,2,0,1,(1),(1),1,, -1,1,0,1,50,2,4,1,35,35095,2,9,0,3,,48.553824,-1.730886,19,2,2
202100010779,182Â 471,A01,10,3,2,1,0,-1,-1,4,3,1,2021,28.0,0,2,0,1,2,16,1,,3,,-1,,2,2,0,1,0,400,1,,4,1,0,1,30,14,10,1,61,61214,2,6,0,6,Avenue Kennedy,48.764446,0.620508,13,2,1
202100048650,114Â 796,A01,1,1,2,1,2,4,-1,-1, -1,-1,2021,27.0,2,1,0,2,1,17,5,,7,GEORGES CLEMENCEAU                  (QU),0,,2,2,0,1,12,50,1,, -1,1,0,1,50,9,3,1,69,69034,2,3,0,3,GEORGES CLEMENCEAU (Q),45.81383,4.84931,8,2,2
202100042447,125Â 744,A01,1,1,1,5,2,6,-1,-1, -1,-1,2021,39.0,2,1,12,0,2,1,1,,3,RESISTANCE (AVENUE DE LA),0,,2,3,0,1,70,1616,1,, -1,1,0,1,50,24,4,1,76,76341,2,1,0,7,RESISTANCE (AVENUE DE LA),49.504927,0.199169,16,1,1
202100049295,113Â 645,A01,10,3,2,5,0,-1,-1,4,3,1,2021,43.0,3,2,0,1,3,1,0,,4,,0,,1,2,0,1,0,0,1,, -1,1,0,1,50,4,3,1,92,92046,2,2,0,6,PIERRE LAROUSSE (AVENUE),48.8223391845,2.3035975345,13,2,1
202100014457,175Â 860,A01,10,3,2,5,0,-1,-1,3,3,1,2021,61.0,0,1,0,1,1,0,1,,7,35,0,D,2,2,0,1,0,0,1,, -1,2,0,5,50,10,9,2,13,13078,2,1,1,1,Avenue du Port,43.391939,4.799738,8,2,1
202100022271,161Â 828,B01,3,2,2,5,3,1,-1,-1, -1,-1,2021,0.0,1,2,0,0,4,23,1,,3,D783 - Giratoire de Keramperu,0,,1,2,0,1,34,400,2,, -1,1,5,1,70,27,8,1,29,29039,1,6,0,2,Giratoire de Keramperu,47.890004412,-3.9160032532,19,7,2
202100022989,160Â 535,A01,1,1,1,5,2,-1,-1,0,0,-1,2021,49.0,1,1,12,2,7,1,1,,3,D178,0,A,3,2,0,2,23,248,1,, -1,1,5,1,50,7,5,1,35,35360,2,6,0,3,Boulevard Denis Papin,48.106955,-1.207804,15,2,2
202100022172,162Â 013,B01,1,1,1,5,2,6,9,0,0,-1,2021,55.0,2,1,15,2,1,1,1,,3,146,0,D,3,2,0,1,7,800,1,, -1,1,5,1,50,29,8,1,40,40046,2,1,0,3,Avenue de la Plage,44.439855,-1.238977,11,2,2
202100049645,113Â 001,B01,1,1,2,0,1,-1,-1,-1, -1,-1,2021,28.0,1,2,0,2,7,1,1,,4,RUE JACQUES ANQUETIL,0,,2,2,0,1,(1),(1),1,, -1,1,0,1,50,1,3,1,33,33281,2,9,0,3,Rue Jacques Anquetil,44.83086,-0.66114,10,2,2
202100004948,192Â 947,A01,10,3,1,1,0,-1,-1,1,9,1,2021,48.0,3,2,0,1,1,1,1,,6,,-1,,-1,-1,0,2,(1),(1),1,,4,1,0,8,-1,30,11,5,6,6149,2,1,0,6,Route de Laghet,43.742592,7.318289,18,2,1
202100010135,183Â 581,A01,2,2,2,5,1,-1,-1,-1, -1,-1,2021,21.0,2,2,8,0,3,1,1,,4,DEBROUSSE                           (AV),0,,2,4,0,2,(1),(1),1,, -1,1,0,1,30,29,10,5,69,69385,2,1,0,7,DEBROUSSE                           (AV),45.7512,4.8159,20,2,1
202100055140,103Â 251,A01,1,1,2,0,1,8,-1,-1, -1,-1,2021,78.0,2,2,0,2,1,1,1,,2,RN12 EXT,0,,3,6,0,1,37,500,1,, -1,1,0,1,90,14,1,1,78,78321,1,1,0,2,RN12 EXT,48.797113,1.908986,10,3,2
202100003883,194Â 811,B01,1,1,2,5,8,-1,-1,0,0,-1,2021,47.0,2,2,0,2,2,1,1,,3,91,-1,,2,2,0,3,11,100,1,, -1,1,0,1,80,6,12,1,89,89200,1,3,0,3,D91,47.926703,3.640959,13,2,2
202100053448,106Â 180,B01,1,1,1,1,8,0,-1,-1, -1,-1,2021,43.0,1,1,0,2,7,0,3,,7,GAULLE (AVENUE DU GENERAL DE),0,,1,1,0,1,(1),(1),1,, -1,2,0,1,50,27,1,1,59,59090,2,6,0,3,GAULLE (AVENUE DU GENERAL DE),50.71963,3.10966,13,2,2
202100016300,172Â 498,A01,1,1,1,4,2,6,-1,0,0,-1,2021,53.0,2,1,6,0,1,1,1,,3,43,-1,,2,2,0,1,13,290,2,, -1,1,2,8,90,26,8,1,88,88447,1,1,0,6,Lieu-dit l'envers de la poirie 88290,47.945161,6.768769,10,1,1
202100026834,153Â 752,A01,1,1,1,5,8,0,-1,-1, -1,-1,2021,52.0,0,1,0,0,0,0,3,,4,CHE DE LA COLLINE SAINT JOSEPH,0,,2,1,0,2,1,0,2,, -1,1,0,1,50,27,7,1,13,13209,2,1,0,7,CHE DE LA COLLINE SAINT JOSEPH,43.25011,5.41658,10,1,1
202100001775,198Â 620,B01,2,2,2,5,1,-1,-1,0,0,-1,2021,57.0,2,2,0,2,1,1,1,,2,20,0,,2,2,0,2,76,400,1,, -1,1,0,1,80,23,12,2,202,202074,1,1,0,1,RT 20 PK 076.400,42.2635264803,9.1692066185,17,3,2
202100009736,184Â 300,A01,1,1,1,9,1,8,-1,-1, -1,-1,2021,25.0,1,2,0,2,1,1,1,,4,AV DE L ORME A MARTIN,0,,2,2,0,1,0,0,1,, -1,2,0,1,50,1,11,3,91,91228,2,2,1,3,AV DE L ORME A MARTIN,48.63182,2.418872,22,5,2
202100011281,181Â 572,B01,1,1,1,1,2,-1,-1,0,0,-1,2021,36.0,1,1,0,0,4,2,1,,3,953,0,R,2,2,0,1,52,400,1,, -1,2,0,1,90,25,10,3,3,3162,1,1,1,2,RD 53 PK 52+400,46.574129,3.224659,6,2,2
202100020923,164Â 257,B01,1,1,1,5,2,-1,-1,0,0,-1,2021,50.0,0,1,0,2,1,1,5,,4,44,-1,,2,2,0,1,31,300,1,, -1,1,0,1,-1,4,9,1,29,29146,2,1,0,3,Route de la Boissiere,47.906461,-3.838296,19,2,2
202100006153,190Â 814,B01,1,1,1,5,1,-1,-1,0,0,-1,2021,19.0,1,2,0,2,1,1,1,,3,D428,-1,,2,2,0,2,1,100,1,, -1,2,9,1,30,21,11,1,37,37206,2,1,1,1,12 rue de la Poste,47.4974671682,0.6310917141,13,4,2
202100000072,201Â 622,A01,1,1,1,1,1,-1,-1,0,0,-1,2021,54.0,2,5,0,0,-1,1,1,,1,,-1,,1,3,-1,1,1,600,1,, -1,1,0,1,70,24,12,3,59,59350,1,1,0,7,,50.616141,3.066322,6,1,1
202100038844,132Â 194,B01,1,1,1,0,1,5,-1,0,0,-1,2021,48.0,1,2,0,2,1,1,1,,1,,-1,,2,-1,-1,1,24,100,1,, -1,1,3,1,80,23,5,1,13,13033,1,3,0,1,D9,43.372518,5.185115,11,8,2
202100030259,147Â 678,B01,1,1,1,0,0,-1,-1,0,0,-1,2021,47.0,1,1,0,2,1,1,5,,2,3,-1,,2,2,0,2,(1),(1),1,, -1,1,0,1,50,7,7,5,974,97422,2,1,0,1,26 Rue Georges Pompidou,-21.265867,55.524768,19,2,2
202100041032,128Â 275,B01,1,1,1,5,1,0,-1,-1, -1,-1,2021,20.0,1,2,0,2,5,2,1,,1,A7-Sens Lyon vers Marseille,0,,1,3,0,1,281,0,1,, -1,1,0,1,90,6,5,1,13,13203,1,1,0,4,A7-Sens Lyon vers Marseille,43.3058948345,5.3751859182,18,6,4
202100008316,186Â 863,A01,1,1,1,0,1,-1,-1,0,0,-1,2021,29.0,2,2,3,0,2,0,1,,1,11,-1,,3,2,0,1,187,0,1,,10,1,0,1,130,14,11,3,72,72339,1,1,0,6,A11,47.962574,0.029071,6,1,1
202100003109,196Â 208,A01,10,3,1,5,0,-1,-1,2,3,1,2021,73.0,0,2,0,1,1,0,3,,4,TOURCOING (RUE DE),0,,-1,2,0,1,(1),(1),1,, -1,1,0,1,50,13,12,5,59,59426,2,1,0,6,TOURCOING (RUE DE),50.746188,3.157661,17,2,1
202100025961,155Â 276,A01,1,1,1,9,2,0,-1,-1, -1,-1,2021,41.0,1,1,0,2,1,21,1,,2,m'tsapere-Nationale 2 (route),0,,2,2,0,1,0,0,1,, -1,1,0,1,50,31,7,3,976,97611,1,1,0,2,m'tsapere-Nationale 2 (route),-12.79096,45.22262,18,2,2
202100037319,134Â 965,Y01,1,1,2,1,0,-1,-1,0,0,-1,2021,21.0,1,1,0,2,7,19,5,,4,PLACE NELSON MANDELA,0,,1,2,0,1,0,0,1,, -1,1,5,1,50,31,5,1,92,92050,2,6,0,3,PLACE NELSON MANDELA,48.8976711159,2.2182002664,17,2,2
202100055166,103Â 207,A01,4,2,2,2,1,0,-1,-1, -1,-1,2021,11.0,3,2,2,0,1,13,1,,3,MONTMELAS (route de),0,,2,0,0,1,4,345,3,, -1,2,0,1,80,13,1,1,69,69092,1,1,1,7,MONTMELAS (DE) (RTE),46.0003059596,4.6953859345,16,3,1
202100029401,149Â 224,A01,1,1,2,5,1,-1,-1,0,0,-1,2021,60.0,0,2,0,2,1,2,1,,3,,-1,,2,2,-1,1,5,905,1,, -1,2,0,1,-1,12,7,1,62,62329,2,3,1,2,Rue du Hure,50.83024,1.776494,15,2,2
202100024438,157Â 998,A01,8,2,2,0,0,-1,-1,0,0,-1,2021,28.0,1,2,2,0,1,1,1,,3,01,-1,,2,2,0,4,(1),(1),1,, -1,1,0,3,90,7,8,3,988,98826,1,3,0,6,RPN1/VU4,-20.24654,164.068054,4,2,1
202100031494,145Â 462,A01,1,1,1,5,1,-1,-1,0,0,-1,2021,26.0,2,2,4,2,9,17,1,,1,89,0,,3,4,0,1,533,0,2,, -1,2,0,2,110,28,6,1,69,69050,1,1,1,3,A89 PK 533.000,45.8542405311,4.6504456793,13,2,2
202100008167,187Â 122,B01,2,2,1,1,1,-1,-1,0,0,-1,2021,19.0,1,5,0,2,1,1,1,,3,982,-1,,2,2,0,1,59,420,1,, -1,2,0,1,70,15,11,1,30,30067,1,1,1,1,D982,44.035985,4.543619,8,3,2
202100018475,168Â 607,A01,1,1,1,5,2,6,9,0,0,-1,2021,25.0,2,1,0,0,0,1,1,,3,6,0,D,2,2,0,1,5,850,3,, -1,9,0,3,80,18,9,1,28,28357,1,1,0,7,D6,48.536965,1.578013,18,1,1
202100026927,153Â 582,B01,1,1,1,9,2,0,-1,-1, -1,-1,2021,67.0,1,1,0,2,1,2,1,,1,A55-Sens Marseille vers Martigues,0,,3,2,0,4,0,1,1,, -1,1,1,1,50,26,7,1,13,13207,1,1,0,2,A55-Sens Marseille vers Martigues,43.29079,5.36426,16,2,2
202100001440,199Â 209,B01,1,1,2,0,1,0,-1,-1, -1,-1,2021,49.0,3,2,0,2,8,19,3,,4,AUBER (RUE JULES),0,,1,2,0,1,0,0,1,, -1,2,0,1,50,23,12,1,974,97411,2,2,1,3,AUBER (RUE JULES),-20.88262,55.45432,12,3,2
202100038638,132Â 571,A01,10,3,2,5,8,8,-1,1,1,1,2021,90.0,1,2,0,1,4,26,0,,4,MERLEAU PONTY (AVENUE),0,,1,1,0,1,(1),(1),1,, -1,1,0,1,50,23,5,5,13,13213,2,1,0,6,MERLAUD PON (RUE),43.3363155813,5.4263019562,19,2,1
202100050064,112Â 254,B01,1,1,1,9,2,0,-1,0,0,-1,2021,40.0,2,1,0,2,1,1,1,,4,RUE DE LA PAIX,0,,2,2,0,1,(1),(1),1,, -1,1,0,1,50,26,2,1,75,75102,2,1,0,3,RUE DE LA PAIX,48.868943,2.330905,16,2,2
202100003232,195Â 993,B01,1,1,1,0,1,-1,-1,-1, -1,-1,2021,27.0,1,2,1,2,4,1,1,,7,LAURENT BONNEVAY                    (BD),0,,3,8,0,1,12,600,1,, -1,1,3,1,70,12,12,5,69,69259,2,1,0,4,LAURENT BONNEVAY (BD),45.7186,4.87463,4,4,3
202100005476,192Â 000,A01,10,3,1,0,0,-1,-1,3,3,1,2021,51.0,0,2,0,1,3,15,1,,4,VIENNE (DE)                         (RO),0,,2,3,2,1,(1),(1),1,, -1,1,0,1,50,29,11,5,69,69388,2,2,0,6,VIENNE (DE) (RTE),45.7304792009,4.853553772,7,2,1
202100035123,138Â 923,A01,1,1,1,5,2,-1,-1,0,0,-1,2021,56.0,2,1,0,5,1,1,1,,3,150,-1,,2,2,0,1,16,450,1,, -1,1,0,1,80,11,6,1,34,34293,1,1,0,6,"RD 150, PK 16+450",43.628473,2.729625,16,1,1
202100048817,114Â 506,A01,10,3,1,5,0,-1,-1,0,5,3,2021,3.0,3,1,0,1,1,1,1,,9,PLACE,-1,,2,1,0,1,(1),(1),1,, -1,1,0,1,50,8,3,2,84,84009,2,7,0,1,Place de la rÃ©publique,43.784418,5.633106,17,2,1
202100031937,144Â 659,A01,1,1,1,0,1,-1,-1,0,0,-1,2021,31.0,2,2,6,0,2,1,1,,2,205,-1,,3,2,0,1,12,200,2,, -1,2,9,1,90,28,6,1,74,74143,1,1,0,6,RN 205,45.914228,6.770732,19,1,1
202100015925,173Â 200,B01,1,1,1,1,8,0,-1,-1, -1,-1,2021,55.0,3,2,0,2,8,1,1,,7,CARGO RHIN FIDELI (RUE),0,,2,7,0,2,0,0,4,, -1,1,0,1,50,30,9,1,13,13202,2,1,0,3,CARGO RHIN FIDELI (RUE),43.32707,5.35807,17,2,2
202100038521,132Â 785,B01,2,2,1,0,1,0,-1,-1, -1,-1,2021,41.0,3,2,1,2,1,17,0,,4,BD ALPHONSE ALLAIS,0,,-1,2,0,2,(1),(1),4,, -1,1,0,1,50,24,5,1,13,13214,2,1,0,1,BD ALPHONSE ALLAIS,43.340958,5.383489,19,5,2
202100000600,200Â 630,A01,2,1,1,0,2,0,-1,-1, -1,-1,2021,26.0,1,1,0,2,0,0,1,,3,19,0,,-1,2,0,1,0,0,1,, -1,1,0,1,50,2,12,1,92,92036,2,1,0,7,BAS ( RUE DES ),48.9187833189,2.2907620668,18,1,1
202100017666,170Â 045,B01,1,1,1,1,8,0,-1,-1, -1,-1,2021,33.0,1,1,0,2,4,1,5,,3,AUXERRE (ROUTE),0,,3,2,0,1,(1),(1),1,, -1,1,0,1,50,20,9,1,10,10333,2,1,0,2,AUXERRE (ROUTE),48.27272,4.05664,16,2,2
202100003353,195Â 771,B01,1,1,1,5,2,9,-1,0,0,-1,2021,22.0,2,1,0,2,1,1,1,,3,557,0,,2,1,0,2,9,0,1,,3,1,0,1,50,13,12,1,83,83149,2,3,0,1,RD557 PK9,43.578137,6.28257,10,2,2
202100048556,114Â 957,A01,10,3,2,0,0,-1,-1,3,3,1,2021,19.0,1,5,0,1,1,1,3,,4,FRANKLIN ROOSEVELT (COURS)   1 A 37,0,,2,2,0,2,(1),(1),1,, -1,1,0,1,50,10,3,1,13,13201,2,1,0,6,FRANKLIN ROOSEVELT (COURS)   1 A 37,43.29899,5.38708,8,2,1
202100046226,119Â 144,A01,1,1,2,9,1,0,-1,-1, -1,-1,2021,33.0,3,2,0,2,1,26,1,,4,MEIGNANNE,0,,-1,2,0,1,1,0,1,, -1,1,0,1,50,28,3,1,49,49007,2,2,0,3,MEIGNANNE,47.48169,-0.57578,15,4,2
202100004936,192Â 970,B01,1,1,1,0,2,6,-1,-1, -1,-1,2021,33.0,1,1,0,2,3,2,1,,3,GAMBETTA AV.,0,,2,2,0,2,0,1,1,, -1,2,0,1,50,1,12,5,93,93006,2,3,0,1,GAMBETTA AV.,48.8731246584,2.4199479818,19,2,2
202100026559,154Â 224,A01,1,1,2,9,8,-1,-1,0,0,-1,2021,31.0,1,2,0,0,0,21,1,,3,944,0,,2,2,0,1,67,100,3,, -1,2,0,3,70,12,7,1,18,18159,1,1,1,7,D944,47.356562,2.169212,16,1,1
202100015712,173Â 581,A01,1,1,1,5,2,-1,-1,-1, -1,-1,2021,47.0,1,1,3,0,2,14,1,,7,M7   2.278 A 3.690,0,,2,6,0,2,2,299,2,, -1,1,3,8,50,30,9,5,69,69142,1,1,0,6,M7   2.278 A 3.690,45.7307,4.81541,21,1,1
202100028966,149Â 951,A01,10,3,2,5,0,-1,-1,3,3,1,2021,75.0,2,2,0,1,2,15,1,,4,MARECHAL FOCH (RUE DU),0,,-1,1,0,1,0,1,2,, -1,2,5,8,50,13,7,1,67,67180,2,6,1,6,MARECHAL FOCH (RUE DU),48.81244,7.7948,9,2,1
202100042328,125Â 963,A01,1,1,2,9,1,0,-1,-1, -1,-1,2021,60.0,1,2,0,2,4,2,1,,2,114 PK RN137 ROCHEFORT JUSTICE,0,,3,4,0,2,114,263,1,, -1,1,0,1,90,27,4,1,17,17028,1,1,0,4,114 PK RN137 ROCHEFORT JUSTICE,46.14025,-1.10556,9,3,3
202100021491,163Â 223,B01,1,1,2,0,1,0,-1,-1, -1,-1,2021,54.0,2,2,1,0,4,23,1,,4,HIPPOLYTE MARQUES (BD),0,,1,1,0,1,1,0,1,, -1,1,0,1,50,1,9,1,94,94041,2,1,0,4,HIPPOLYTE MARQUES (BD),48.81799,2.36945,17,3,3
202100050952,110Â 603,A01,10,3,1,1,0,-1,-1,4,3,1,2021,33.0,1,1,0,1,1,1,1,,3,VICTOR HUGO (AVE)  => NÂ° 129,0,,2,2,0,1,0,1,1,, -1,2,0,1,50,19,2,2,93,93001,2,1,1,6,VICTOR HUGO (AVE)  => NÂ° 129,48.9092280133,2.3783249296,9,2,1
202100013295,177Â 976,B01,1,1,1,1,2,6,-1,-1, -1,-1,2021,49.0,3,1,13,2,3,1,1,,4,CHEMIN DU LAC,0,,2,2,0,1,(1),(1),2,, -1,1,0,1,50,5,10,1,7,7229,2,1,0,3,CHEMIN DU LAC,44.617177,4.410408,13,2,2
202100027226,153Â 053,B01,1,1,2,5,2,8,-1,0,0,-1,2021,39.0,2,1,0,2,1,1,1,,4,RUE JEAN PIERRE TIMBAUD,0,,3,3,1,1,(1),(1),1,, -1,1,0,1,50,24,7,5,75,75111,2,2,0,3,RUE JEAN PIERRE TIMBAUD,48.865182,2.367727,0,2,2
202100013463,177Â 673,B01,1,1,1,1,2,6,-1,0,0,-1,2021,17.0,3,1,0,0,1,23,1,,4,,-1,,2,2,0,1,(1),(1),1,, -1,1,0,1,80,11,10,1,95,95379,1,1,0,1,Route de la Grand Mare,49.112155,1.785729,15,2,2
202100054987,103Â 527,B01,1,1,1,1,1,0,-1,-1, -1,-1,2021,50.0,2,2,0,2,6,9,1,,7,Autoroute A.4,0,,3,3,0,1,0,250,1,, -1,2,0,1,110,12,1,3,67,67389,1,1,0,3,M35,48.6517010763,7.7353642322,18,2,2
202100040612,129Â 023,A01,2,2,1,5,1,-1,-1,0,0,-1,2021,25.0,2,2,0,0,9,2,1,,2,RN12,0,,3,4,0,2,19,0,1,, -1,1,2,1,110,9,5,3,29,29151,1,1,0,7,N12 - Viaduc,48.5937355883,-3.835188866,2,4,1
202100037079,135Â 423,A01,1,1,1,5,2,0,-1,-1, -1,-1,2021,18.0,1,1,0,2,2,3,1,,3,1,0,,2,4,1,1,0,0,3,, -1,1,0,1,50,31,5,1,92,92024,2,4,0,3,CLICHY (QUAI DE) DE (8 A 60),48.9084686793,2.3000178581,18,3,2
202100024331,158Â 179,A01,1,1,1,5,2,0,-1,-1, -1,-1,2021,17.0,3,1,0,0,0,1,1,,4,JUSTICE (CHEMIN),0,,2,2,0,2,1,0,1,, -1,1,0,1,50,13,8,5,92,92019,2,1,0,7,JUSTICE (CHEMIN),48.7666752144,2.2639567405,23,1,1
202100009268,185Â 131,B01,1,1,1,0,1,0,-1,-1, -1,-1,2021,55.0,1,2,0,2,9,2,1,,4,SAINT JOSEPH (CHEMIN DE),0,,2,4,0,1,0,0,1,, -1,1,0,1,50,5,11,1,13,13215,2,1,0,3,SAINT JOSEPH (CHEMIN DE),43.3593444114,5.3649780714,10,3,2
202100024702,157Â 488,A01,1,1,1,5,2,6,-1,-1, -1,-1,2021,25.0,2,1,0,2,0,17,1,,1,A86 EXT,0,,-1,3,0,1,36,700,1,, -1,1,0,1,90,11,8,1,94,94046,1,1,0,6,A86 EXT,48.8107024269,2.4491754571,12,1,1
202100021938,162Â 412,A01,10,3,1,5,0,-1,-1,2,3,2,2021,5.0,0,2,0,1,4,20,1,,4,FÃLIX PYAT (RUE),0,,2,1,0,2,0,0,1,, -1,1,0,1,30,29,8,1,13,13203,2,1,0,6,FÃLIX PYAT (RUE),43.3163932639,5.3743003365,19,2,1
202100037476,134Â 681,A01,1,1,1,5,1,-1,-1,0,0,-1,2021,21.0,2,2,3,2,1,2,1,,2,165,-1,,3,4,0,1,12,251,1,, -1,1,0,1,110,26,5,3,44,44047,1,1,0,2,RN 165,47.261582,-1.701765,22,2,2
202100051557,109Â 539,A01,1,1,1,5,2,6,-1,0,0,-1,2021,16.0,3,1,0,0,7,1,1,,4,,-1,,2,2,0,1,(1),(1),1,, -1,7,0,1,50,14,2,1,22,22143,1,1,0,7,Rue du Chemin Vert,48.592093,-2.272668,17,1,1
202100014271,176Â 190,A01,2,2,1,5,1,-1,-1,0,0,-1,2021,22.0,2,2,2,0,1,1,1,,3,974,-1,,2,3,0,2,20,600,1,, -1,1,0,3,90,10,10,3,52,52062,1,1,0,6,D974,47.783851,5.314626,5,3,1
202100005236,192Â 422,B01,1,1,1,0,1,0,-1,-1, -1,-1,2021,46.0,1,1,0,9,0,0,1,,2,NATIONALE 6 (REVEIL MATIN),0,,1,2,0,1,0,100,1,, -1,1,0,1,90,1,12,4,91,91421,2,9,0,3,NATIONALE 6 (REVEIL MATIN),48.70961,2.44174,20,2,2