Num_Acc,id_vehicule,num_veh,place,catu,sexe,trajet,secu1,secu2,secu3,locp,actp,etatp,year_acc,victim_age,senc,catv,obs,obsm,choc,manv,motor,occutc,catr,voie,v1,v2,circ,nbv,vosp,prof,pr,pr1,plan,lartpc,larrout,surf,infra,situ,vma,jour,mois,lum,dep,com,agg_,int,atm,col,adr,lat,long,hour,nb_victim,nb_vehicules
202100014704,175Â 428,A01,1,1,1,1,2,-1,-1,0,0,-1,2021,41.0,1,1,0,0,2,1,3,,3,85,0,P,2,2,0,1,1,384,1,, -1,1,0,1,50,7,10,1,77,77382,2,1,0,7,D85P,48.89997,2.853268,8,1,1
202100050213,111Â 959,A01,1,1,1,9,2,6,-1,0,0,-1,2021,36.0,2,1,0,2,8,1,1,,4,RUE ETEX,0,,1,1,0,1,(1),(1),1,, -1,1,0,1,50,24,2,5,75,75118,2,2,0,3,RUE ETEX,48.890068,2.329291,22,2,2
202100053954,105Â 311,A01,1,1,1,4,2,6,-1,0,0,-1,2021,32.0,1,1,0,2,1,3,1,,4,BOULEVARD DE L HOPITAL,0,,2,4,0,1,(1),(1),1,, -1,1,0,1,50,22,1,1,75,75105,2,1,0,5,BOULEVARD DE L HOPITAL,48.842442,2.363619,11,4,3
202100015136,174Â 655,A01,1,1,1,0,8,8,-1,-1, -1,-1,2021,63.0,1,2,1,2,1,26,1,,4,JULES JOUY (AVENUE),0,,2,2,0,1,0,0,1,, -1,2,0,1,50,5,10,1,93,93005,2,2,1,3,Avenue Jules Jouy / Avenue LeliÃ¨vre,48.92648,2.49407,11,2,2
202100028513,150Â 747,A01,1,1,1,0,2,0,-1,-1, -1,-1,2021,24.0,1,1,0,2,7,1,1,,4,,0,,1,1,0,1,0,0,1,, -1,1,0,1,30,17,7,1,92,92012,2,2,0,3,DANJOU (RUE) 17/FIN - 20/FIN,48.83219,2.24879,20,2,2
202100002351,197Â 579,B01,1,1,1,5,2,6,-1,0,0,-1,2021,22.0,1,1,0,2,1,21,1,,1,A4,0,,-1,4,0,1,5,700,2,, -1,1,0,1,90,18,12,1,75,75112,1,1,0,2,A4,48.8209487395,2.4616080523,14,2,2
202100004419,193Â 863,B01,1,1,1,0,2,0,-1,-1, -1,-1,2021,34.0,0,1,0,2,0,0,1,,4,MEDERIC (RUE),0,,2,0,0,1,1,0,1,, -1,2,0,1,50,6,12,5,93,93049,2,2,1,3,MEDERIC (RUE),48.86,2.5,18,2,2
202100042997,124Â 816,A01,1,1,2,0,2,8,-1,-1, -1,-1,2021,39.0,3,1,0,0,8,1,1,,4,CESAIRE (CITE),0,,2,-1,0,1,(1),(1),1,, -1,1,0,1,50,21,4,1,973,97302,2,1,0,7,CESAIRE (CITE),4.9307479981,-52.3229084807,13,1,1
202100024896,157Â 156,A01,1,1,1,9,2,6,-1,0,0,-1,2021,36.0,2,1,0,2,6,1,1,,4,QUAI DE BERCY,0,,1,2,0,1,(1),(1),1,, -1,1,0,1,50,9,8,1,75,75112,2,1,0,4,QUAI DE BERCY,48.834764,2.380937,10,4,4
202100010027,183Â 777,A01,10,3,2,3,0,-1,-1,8,4,1,2021,82.0,3,5,0,1,4,20,1,,4,MARCHE (PETITE ALLEE),0,,1,1,0,1,(1),(1),1,, -1,1,0,8,30,28,10,1,17,17306,2,1,0,6,Rue Font de Cherves,45.62803,-1.03116,15,2,1
202100026673,154Â 029,A01,10,3,2,0,0,-1,-1,5,5,1,2021,19.0,3,3,0,1,2,20,3,1.0,4,DONADEI EUGENE AVENUE,0,,1,1,3,1,(1),(1),1,, -1,1,0,6,50,28,7,5,6,6123,2,1,0,6,DONADEI EUGENE AVENUE,43.65923,7.19532,23,2,1
202100055796,102Â 132,A01,1,1,1,5,2,0,-1,-1, -1,-1,2021,16.0,3,1,0,0,7,1,1,,4,POMMIERS (RUE DES ),0,,2,2,0,1,(1),(1),1,, -1,1,0,1,50,8,1,1,37,37122,2,1,0,7,POMMIERS (RUE DES ),47.3607875609,0.6592927174,16,1,1
202100037710,134Â 261,B01,1,1,1,1,1,-1,-1,0,0,-1,2021,36.0,1,2,0,2,2,1,1,,1,,-1,,1,1,0,2,22,850,1,,3,1,3,1,70,30,5,1,76,76657,1,2,0,3,Route Industrielle,49.484302,0.357487,6,2,2
202100001458,199Â 178,A01,1,1,2,0,1,0,-1,-1, -1,-1,2021,30.0,3,2,0,2,1,1,1,,4,LILAS DES,0,,2,2,0,1,0,0,1,, -1,1,0,1,50,24,12,1,64,64445,2,3,0,3,Avenue des Lilas,43.32125,-0.33996,13,3,2
202100040582,129Â 078,A01,1,1,2,0,1,0,-1,-1, -1,-1,2021,21.0,1,2,0,2,6,12,1,,1,AUTOROUTE A86,0,,3,2,0,1,1,0,3,, -1,2,0,1,70,10,5,1,94,94034,1,1,0,3,AUTOROUTE A86,48.7579,2.3356,6,2,2
202100046889,117Â 959,A01,1,1,1,5,2,6,-1,-1, -1,-1,2021,23.0,2,1,0,0,7,21,1,,2,VOIE RAPIDE SUD 3 (RN 338),0,,1,1,0,2,4,800,1,, -1,1,3,1,50,5,3,1,76,76322,1,4,0,7,VOIE RAPIDE SUD 3 (RN 338),49.4132943316,1.0424894647,17,1,1
202100009293,185Â 090,B01,1,1,1,9,2,0,-1,0,0,-1,2021,29.0,2,1,0,2,1,1,5,,4,AVENUE DE LA REPUBLIQUE,0,,2,4,1,1,(1),(1),1,, -1,1,-1,5,30,5,11,1,75,75111,2,4,0,3,AVENUE DE LA REPUBLIQUE,48.86664,2.367312,10,2,2
202100025454,156Â 167,B01,1,1,2,1,1,0,-1,-1, -1,-1,2021,49.0,1,2,0,9,4,0,1,,3,D921,0,,2,2,0,1,5,200,1,, -1,1,0,1,80,5,8,1,31,31483,1,1,0,2,D921,43.098126,0.708589,17,2,2
202100028355,151Â 019,B01,1,1,2,9,1,-1,-1,0,0,-1,2021,34.0,1,2,0,2,4,2,1,,3,19,0,,2,2,0,1,16,200,1,, -1,1,0,1,50,16,7,1,57,57599,1,2,0,4,D19,49.205377,6.471274,12,3,3
202100051898,108Â 936,A01,10,3,2,0,0,-1,-1,4,3,1,2021,47.0,2,2,0,1,3,15,1,,4,CRISTAL (AVENUE ERNEST),0,,3,5,3,1,(1),(1),1,, -1,1,0,1,50,2,2,1,63,63113,2,2,0,6,CRISTAL /Lavoisier,45.7590551607,3.1443127441,17,2,1
202100054426,104Â 469,A01,1,1,1,1,2,6,-1,-1, -1,-1,2021,23.0,1,1,0,2,2,1,1,,3,OLOF PALME,0,,2,2,0,1,29,280,1,, -1,1,0,1,70,19,1,2,64,64445,2,3,0,3,OLOF PALME,43.33596,-0.36374,7,3,2
202100004843,193Â 131,B01,1,1,2,5,1,-1,-1,0,0,-1,2021,63.0,1,2,0,2,6,2,1,,1,84,-1,,3,4,0,1,261,900,1,, -1,2,0,1,130,3,12,1,14,14738,1,1,1,4,A84,49.164055,-0.438981,17,5,3
202100052845,107Â 261,A01,1,1,2,1,8,-1,-1,0,0,-1,2021,33.0,1,2,2,2,7,17,1,,3,402,-1,,2,2,0,1,(1),(1),1,, -1,1,0,3,75,2,2,1,14,14076,1,1,0,6,Rue de la Mer,49.221378,-0.289877,16,2,2
202100037634,134Â 388,B01,1,1,1,5,2,6,-1,-1, -1,-1,2021,30.0,3,1,0,2,4,23,1,,4,MONT D'EST (BD),0,,1,2,0,1,0,0,1,, -1,1,0,1,50,29,5,1,93,93051,2,9,0,1,MONT D'EST (BD),48.83765,2.54326,8,2,2
202100000342,201Â 109,B01,1,1,2,5,1,8,-1,-1, -1,-1,2021,47.0,2,2,0,2,4,2,1,,1,A72,0,,3,4,0,1,7,750,1,, -1,5,0,1,90,27,11,3,42,42330,1,1,1,2,A72,45.4721477048,4.3633732795,21,3,2
202100037042,135Â 487,B01,1,1,1,1,2,6,-1,0,0,-1,2021,31.0,1,1,0,2,4,17,1,,4,AVENUE DE LA PORTE DE PANTIN,0,,2,2,0,1,(1),(1),1,, -1,1,0,1,30,1,6,1,75,75119,2,2,0,3,AVENUE DE LA PORTE DE PANTIN,48.890425,2.398728,6,2,2
202100021645,162Â 938,A01,10,3,1,5,0,8,-1,2,4,2,2021,4.0,1,2,0,1,1,1,1,,4,RUE D EUPATORIA,0,,1,1,0,2,(1),(1),1,, -1,1,0,1,30,31,8,1,75,75120,2,4,0,6,RUE D EUPATORIA,48.86904,2.388227,16,2,1
202100018615,168Â 363,A01,1,1,1,5,2,0,-1,0,0,-1,2021,25.0,2,1,0,0,1,7,3,,4,BOULEVARD BEAUMARCHAIS,0,,2,5,3,1,(1),(1),1,, -1,1,0,6,30,16,9,1,75,75103,2,2,0,7,BOULEVARD BEAUMARCHAIS,48.855808333,2.3684901669,8,1,1
202100039415,131Â 147,B01,3,2,2,5,3,8,-1,-1, -1,-1,2021,0.0,1,2,0,0,4,2,1,,4,SOLDATS (DES) (MO),0,,1,1,0,2,(1),(1),1,, -1,2,0,1,50,18,5,1,69,69034,2,1,1,2,SOLDATS (DES)                       (MO),45.79767501,4.8520259101,18,3,2
202100002833,196Â 712,B01,1,1,1,0,1,-1,-1,0,0,-1,2021,29.0,3,2,0,0,4,1,1,,3,1061,-1,,2,2,0,1,(1),(1),1,, -1,1,0,1,50,16,12,5,67,67234,2,1,0,2,D1061,48.962261,7.048164,17,2,2
202100031501,145Â 450,A01,1,1,1,5,8,-1,-1,0,0,-1,2021,59.0,2,1,12,0,1,0,1,,4,56,-1,,2,2,0,1,(1),(1),1,, -1,1,0,4,50,12,6,1,45,45028,2,1,0,6,Rue du Faubourg Porte Dieu,47.78503,1.637,18,1,1
202100045459,120Â 478,B01,1,1,1,5,2,6,-1,-1, -1,-1,2021,33.0,1,1,0,2,3,15,1,,4,ABBE DERRY (DE L'),0,,1,1,0,1,0,0,1,, -1,1,0,1,50,2,4,1,92,92040,2,1,0,3,ABBE DERRY (DE L'),48.82245,2.27969,14,2,2
202100044344,122Â 407,B01,1,1,1,1,1,-1,-1,0,0,-1,2021,46.0,1,2,0,2,1,1,1,,7,7,0,,2,2,0,2,7,250,3,, -1,1,0,1,70,13,4,1,69,69127,1,1,0,1,SAIN-BEL (DE) (RTE),45.791209,4.704106,14,2,2
202100039383,131Â 206,B01,1,1,1,4,2,7,-1,0,0,-1,2021,52.0,3,1,15,2,2,17,1,,4,,-1,,2,2,0,1,(1),(1),1,, -1,1,0,1,50,20,5,1,85,85222,2,3,0,3,31 Rue Ambroise ParÃ©,46.694778,-1.916728,11,2,2
202100010301,183Â 292,B01,1,1,1,1,2,4,-1,-1, -1,-1,2021,33.0,1,1,0,0,4,2,5,,3,CROIX JOYEUSE (CARREFOUR),0,,1,1,0,1,0,0,2,, -1,1,0,1,30,28,10,3,58,58194,2,6,0,7,CROIX JOYEUSE (CARREFOUR),46.9952,3.1683,20,2,2
202100019629,166Â 552,B01,1,1,2,1,2,4,-1,-1, -1,-1,2021,55.0,1,1,0,2,8,1,0,,3,AV DU 18 AVRIL,0,,2,2,0,1,0,0,1,, -1,1,5,1,30,10,9,1,91,91027,2,2,0,3,AV DU 18 AVRIL,48.70135,2.38617,7,2,2
202100005441,192Â 070,A01,1,1,1,4,8,-1,-1,0,0,-1,2021,35.0,1,4,1,0,2,1,1,,1,42,-1,,1,1,0,1,32,430,3,, -1,2,9,1,50,1,12,3,1,1099,1,1,1,2,,45.90825,5.241392,21,2,2
202100038523,132Â 782,A01,1,1,1,4,1,-1,-1,0,0,-1,2021,35.0,2,2,0,2,1,13,1,,2,RN88,0,,2,2,0,1,43,890,1,, -1,1,0,1,80,24,5,1,12,12176,1,1,0,1,RN88,44.37344,2.6226,7,2,2
202100029540,148Â 991,A01,10,3,2,5,0,-1,-1,3,3,2,2021,72.0,1,2,0,1,1,1,1,,3,306,0,D,2,2,0,1,24,800,1,, -1,1,0,1,50,23,6,1,72,72154,2,1,0,6,Avenue Rhin et Danube,47.703596,-0.092628,14,3,1
202100026535,154Â 262,B01,1,1,1,0,2,-1,-1,0,0,-1,2021,54.0,2,1,0,2,6,16,5,,3,340,0,,2,2,0,1,4,(1),1,, -1,1,0,1,80,11,7,1,67,67029,1,6,0,3,D340,48.882441,7.149868,19,2,2
202100030447,147Â 351,A01,1,1,1,0,2,8,-1,-1, -1,-1,2021,44.0,2,1,0,2,1,17,1,,4,102,0,,2,2,0,1,0,0,1,, -1,1,0,1,30,6,7,1,92,92012,2,3,0,3,PARIS (RUE DE) 97BIS/FIN - 116/FIN,48.841652,2.235863,15,2,2
202100053695,105Â 754,B01,1,1,1,1,2,6,-1,-1, -1,-1,2021,35.0,2,1,0,2,1,3,1,,2,A86 INT,0,,3,8,0,1,48,900,1,, -1,1,0,1,90,26,1,1,94,94065,1,1,0,4,A86 INT,48.7536,2.35581,11,3,3
202100002687,196Â 972,A01,1,1,1,5,2,-1,-1,0,0,-1,2021,15.0,2,1,0,0,0,26,1,,3,147,0,,2,2,0,1,4,109,1,, -1,1,0,1,30,17,12,1,45,45026,2,1,0,6,6 Rue du Midi,48.133679,2.987512,15,1,1
202100003591,195Â 333,A01,10,3,1,2,0,-1,-1,4,5,2,2021,8.0,3,2,0,1,1,15,1,,3,,0,,2,2,0,1,1,835,1,, -1,2,0,1,70,7,12,2,78,78354,2,2,1,6,AVENUE DE L EUROPE,48.978589,1.693508,16,2,1
202100008943,185Â 729,B01,1,1,1,9,2,6,-1,-1, -1,-1,2021,24.0,3,1,0,2,1,1,1,,4,BOUFFLERS (ALLEES),0,,2,3,0,1,0,0,1,, -1,1,0,1,50,6,11,5,64,64102,2,1,0,3,BOUFFLERS (ALLEES),43.49294,-1.47229,18,2,2
202100025492,156Â 098,A01,10,3,2,5,0,-1,-1,1,5,1,2021,9.0,1,2,0,1,3,1,1,,4,AVENUE LOUIS LUC,0,,1,0,0,1,(1),(1),1,, -1,1,0,1,30,5,8,1,94,94022,2,1,0,6,AVENUE LOUIS LUC,48.7607041107,2.4154768158,19,2,1
202100018556,168Â 464,A01,1,1,2,4,2,6,-1,-1, -1,-1,2021,45.0,1,1,0,2,3,21,1,,4,LELEU ( RUE DU DOCTEUR ),0,,2,2,0,2,(1),(1),1,, -1,1,0,1,50,11,9,1,62,62119,2,1,0,1,LELEU ( RUE DU DOCTEUR ),50.534453,2.643311,14,2,2
202100027431,152Â 686,B01,1,1,1,5,2,-1,-1,0,0,-1,2021,15.0,1,1,0,2,1,1,5,,4,,-1,,2,2,0,1,(1),(1),1,,4,2,0,1,50,24,7,1,29,29003,2,1,0,1,Rue Rene LaÃ«nnec (Audierne),48.023917,-4.55909,12,2,2
202100055452,102Â 734,A01,1,1,1,5,2,0,-1,-1, -1,-1,2021,18.0,1,1,0,2,1,1,1,,4,VIGNY (RUE ALFRED DE),0,,2,2,0,1,0,0,1,, -1,1,0,1,50,10,1,1,87,87085,2,2,0,3,DEGAS (RUE),45.85494,1.2676,13,3,2
202100022586,161Â 247,B01,1,1,2,0,1,0,-1,-1, -1,-1,2021,59.0,1,2,0,2,3,0,0,,3,MONTAGNE (ROUTE DE LA),0,,2,2,0,2,(1),(1),2,, -1,2,0,1,50,25,8,3,974,97411,1,1,1,3,MONTAGNE (ROUTE DE LA),-20.8887,55.4375,18,4,2
202100035716,137Â 870,B01,1,1,2,5,8,-1,-1,-1, -1,-1,2021,26.0,1,1,0,2,0,1,5,,4,Rond point d'Uttenreuth,0,,1,1,1,1,(1),(1),1,, -1,1,0,1,50,8,6,1,35,35278,2,9,0,3,Rond point d'Uttenreuth,48.1584883248,-1.6872335225,17,2,2
202100043682,123Â 598,A01,2,2,1,5,2,-1,-1,0,0,-1,2021,24.0,1,6,0,2,5,1,1,,3,47,-1,,2,2,0,1,5,200,2,, -1,1,0,1,80,16,4,3,25,25296,1,1,0,3,D47,47.000065,6.55082,20,3,2
202100006091,190Â 915,B01,1,1,1,5,1,0,-1,0,0,-1,2021,66.0,1,2,4,2,8,1,1,,4,ECHANGEUR ITALIE,0,,1,3,0,1,2,900,1,, -1,1,0,1,70,26,11,5,75,75113,2,1,0,3,ECHANGEUR ITALIE,48.816783,2.355855,19,2,2
202100051175,110Â 199,B01,1,1,1,1,2,6,-1,-1, -1,-1,2021,47.0,3,1,0,2,1,17,1,,4,EDMOND ROSTAND (RUE ),0,,3,1,0,1,1,233,1,, -1,1,0,1,30,16,2,1,13,13054,2,2,0,3,EDMOND ROSTAND (RUE ),43.41597,5.20688,16,2,2
202100008785,186Â 042,A01,1,1,2,1,2,6,9,0,0,-1,2021,26.0,1,1,0,0,0,21,1,,7,2210,0,M,2,2,1,2,2,700,3,, -1,1,0,1,80,12,10,1,6,6064,1,1,0,7,Route de la Manda,43.773191,7.186279,10,2,2
202100008343,186Â 812,A01,2,2,2,5,1,0,-1,-1, -1,-1,2021,23.0,2,2,3,0,2,14,1,,1,A86 EXT,0,,1,3,0,1,42,799,3,, -1,1,2,2,90,12,11,3,94,94022,1,1,0,6,A86 EXT,48.7753153234,2.4126287309,23,2,1
202100024737,157Â 428,A01,1,1,2,0,1,0,-1,0,0,-1,2021,58.0,1,2,1,0,1,26,1,,4,SAINT DIZIER (RUE 82 ET 113 A FIN),0,,1,2,3,1,(1),(1),1,, -1,1,0,1,30,9,8,1,54,54395,2,1,0,6,SAINT DIZIER (RUE 82 ET 113 A FIN),48.687805782,6.1846809648,19,1,1
202100027368,152Â 796,B01,1,1,1,5,1,0,-1,-1, -1,-1,2021,21.0,1,2,0,0,8,23,1,,4,VALENTIN  CHEMIN DE,0,,2,1,0,4,(1),(1),1,, -1,1,0,1,50,23,7,5,25,25056,2,1,0,3,VALENTIN  CHEMIN DE,47.271477,6.006482,22,5,2
202100022949,160Â 603,A01,1,1,1,5,2,6,-1,0,0,-1,2021,54.0,2,1,0,2,2,1,1,,3,3,0,D,2,2,0,1,23,970,1,, -1,2,0,1,70,22,8,1,59,59110,1,2,1,3,Route de la Colme,50.948845,2.313066,7,2,2
202100054002,105Â 221,B01,2,2,2,5,2,6,-1,0,0,-1,2021,15.0,1,1,0,2,1,1,1,,7,6,0,D,2,2,1,1,28,500,3,, -1,1,0,1,80,24,1,1,13,13072,1,1,0,1,VerdalaÃ¯,43.463268,5.620379,8,3,2
202100020336,165Â 286,A01,10,3,2,1,0,-1,-1,3,3,1,2021,45.0,2,5,0,1,2,1,6,,3,JOFFRE (AV),0,,2,2,0,1,1,0,1,, -1,1,0,1,50,7,9,1,94,94067,2,1,0,6,Avenue Joffre,48.84825,2.41767,8,2,1
202100049745,112Â 825,A01,1,1,1,4,2,0,-1,-1, -1,-1,2021,25.0,2,1,14,0,1,2,1,,4,STRASBOURG (BD DE ),0,,1,3,0,1,0,0,1,, -1,1,0,1,50,28,2,5,83,83137,2,1,0,2,STRASBOURG (BD DE ),43.125018,5.931887,20,2,2
202100031012,146Â 301,A01,4,2,1,5,1,-1,-1,-1, -1,-1,2021,19.0,1,2,1,0,2,1,1,,3,BURDEAU   BD ( HORS GEANT CASINO),0,,2,3,2,1,2,200,1,, -1,1,0,8,50,27,6,5,69,69264,2,1,0,6,BURDEAU (BD),45.99535,4.71933,21,3,1
202100017647,170Â 076,A01,10,3,2,5,0,-1,-1,3,4,1,2021,83.0,3,2,0,1,3,1,1,,4,BRUNAUD (AVENUE YVES),0,,3,4,0,2,(1),(1),1,, -1,1,0,1,50,21,9,1,31,31555,2,1,0,6,BRUNAUD (AVENUE YVES),43.61601,1.46519,12,2,1
202100015116,174Â 688,A01,1,1,1,5,2,6,-1,0,0,-1,2021,21.0,2,1,0,2,1,16,1,,4,AVENUE MONTAIGNE,0,,2,4,3,1,(1),(1),1,, -1,2,0,1,30,3,10,1,75,75108,2,3,1,3,AVENUE MONTAIGNE,48.865858,2.304002,14,2,2
202100020076,165Â 739,A01,1,1,2,1,8,0,-1,-1, -1,-1,2021,17.0,3,1,0,0,0,26,3,,4,DOYEN GOSSE (RUE),0,,2,2,0,2,(1),(1),1,, -1,1,0,1,50,8,9,1,38,38516,2,1,0,7,Rue Doyen Gosse,45.20224,5.752,13,1,1
202100015806,173Â 418,A01,1,1,1,5,2,-1,-1,0,0,-1,2021,45.0,1,1,0,2,7,15,1,,3,7,0,,2,2,0,2,(1),(1),1,, -1,1,0,1,50,30,9,1,63,63125,2,3,0,3,D7 Lafayette/Rue de la CÃ´te Bonjour,45.7565372665,3.5515650173,14,2,2
202100029994,148Â 181,A01,2,1,1,5,2,0,-1,-1, -1,-1,2021,16.0,1,1,0,2,3,17,1,,7,ROSE (AVENUE DE LA),0,,2,2,0,1,0,0,1,, -1,1,0,1,50,8,7,1,13,13213,2,1,0,1,ROSE (AVENUE DE LA),43.32923,5.42768,16,2,2
202100007691,188Â 007,A01,10,3,1,0,0,-1,-1,3,3,2,2021,33.0,1,2,0,1,1,1,1,,4,,0,,2,2,0,1,0,0,1,, -1,1,0,1,50,16,11,5,92,92012,2,2,0,6,GALLIENI (RUE) 142/FIN,48.8361675943,2.236610949,18,3,1
202100001683,198Â 785,B01,1,1,2,5,1,-1,-1,0, -1,-1,2021,40.0,1,2,0,2,4,2,1,,2,RN 165,0,,3,4,0,1,51,0,1,, -1,1,0,1,110,26,6,1,29,29232,1,1,0,2,RN 165,48.00967647,-4.0672372608,15,5,2
202100046225,119Â 145,A01,10,3,1,5,0,-1,-1,1,3,2,2021,72.0,0,2,0,1,4,20,1,,4,BOURDELLE (RUE A.),0,,2,1,0,1,(1),(1),1,, -1,1,0,1,30,26,3,1,62,62193,2,1,0,6,BOURDELLE (RUE A.),50.950402,1.890812,12,3,1
202100055620,102Â 426,A01,6,2,1,9,8,0,-1,-1, -1,-1,2021,17.0,1,2,0,2,3,26,1,,1,RN 2,0,,3,9,0,1,19,610,1,, -1,1,3,1,70,8,1,3,93,93078,1,1,0,2,A104,48.95783,2.53098,23,8,2
202100017305,170Â 719,A01,1,1,1,5,2,6,-1,0,0,-1,2021,33.0,2,1,0,2,0,0,1,,3,d24,0,,2,2,0,1,15,491,3,, -1,1,0,1,70,18,9,1,34,34176,1,2,0,7,D24,43.635423,4.054041,17,3,2
202100047905,116Â 107,B01,1,1,1,0,1,8,-1,-1, -1,-1,2021,57.0,2,1,0,2,7,2,1,,2,RN9,0,,-1,2,0,1,0,1,2,, -1,1,0,1,50,13,3,1,972,97209,1,6,0,3,RN9,14.61166,-61.0422,12,3,2
202100002366,197Â 553,A01,2,2,2,0,8,0,-1,-1, -1,-1,2021,18.0,2,1,6,0,1,1,1,,3,MOUTTE (ROUTE DE),0,,2,2,0,2,0,0,1,, -1,1,0,1,30,16,12,5,972,97209,2,1,0,6,MOUTTE (ROUTE DE),14.61885,-61.05593,21,2,1
202100013879,176Â 891,A01,1,1,1,3,2,6,-1,-1, -1,-1,2021,33.0,1,1,14,2,2,2,1,,7,GOUMS (AVENUE DES),0,,2,1,0,1,(1),(1),3,, -1,9,0,1,520,11,10,1,13,13005,2,1,0,2,GOUMS (AVENUE DES),43.2918341738,5.5614820229,15,3,2
202100018721,168Â 174,A01,1,1,1,9,2,6,-1,-1, -1,-1,2021,49.0,3,1,0,2,9,17,1,,7,D543,0,,2,2,0,2,0,0,3,, -1,1,0,1,50,14,9,1,13,13019,2,1,0,5,D543,43.42269,5.36757,17,3,3
202100034254,140Â 516,B01,1,1,1,0,0,0,-1,-1, -1,-1,2021,17.0,2,1,0,2,1,2,6,,3,GENERAL LECLERC (RUE DU),0,,2,2,0,1,0,170,1,, -1,1,0,1,30,15,6,1,61,61397,2,1,0,2,GENERAL LECLERC (RUE DU),48.42303,0.06411,9,2,2
202100017279,170Â 768,A01,1,1,1,0,1,-1,-1,0,0,-1,2021,24.0,1,2,0,2,2,1,1,,3,116,-1,,2,2,0,1,13,76,1,, -1,1,0,1,80,24,9,1,34,34159,1,1,0,5,pk 13 D116,43.520781,3.826933,11,4,3
202100019925,166Â 016,B01,1,1,1,0,1,8,-1,-1, -1,-1,2021,62.0,2,2,8,2,7,0,2,,3,JOFFRE (AVENUE),0,,3,5,0,1,0,0,1,, -1,1,9,1,50,8,9,1,93,93031,2,1,0,5,Avenue Joffre,48.96209,2.29389,13,3,3
202100025425,156Â 213,A01,1,1,1,9,8,0,-1,-1, -1,-1,2021,34.0,2,1,0,0,1,13,1,,7,MER (AVENUE DE LA) NÂ° PAIRS,0,,2,2,0,1,20,1,1,, -1,1,0,1,50,5,8,5,83,83129,2,1,0,7,MER (AVENUE DE LA) NÂ° PAIRS,43.09814,5.82818,3,1,1
202100014210,176Â 292,A01,1,1,1,5,2,6,-1,0,0,-1,2021,52.0,1,1,0,0,8,1,1,,4,QUAI ANATOLE FRANCE,0,,1,3,1,1,(1),(1),1,, -1,1,0,1,30,9,10,1,75,75107,2,1,0,7,QUAI ANATOLE FRANCE,48.860001,2.327909,15,1,1
202100047754,116Â 387,A01,1,1,2,0,1,0,-1,-1, -1,-1,2021,40.0,1,2,0,2,4,9,1,,2,RN1(BRETELLE ACCES),0,,1,3,0,1,(1),(1),1,, -1,1,3,1,90,16,3,2,974,97416,1,9,0,2,RN1(BRETELLE ACCES),-21.30446,55.42807,18,2,2
202100008998,185Â 634,A01,9,2,1,0,1,-1,-1,0,0,-1,2021,43.0,3,2,2,0,1,1,1,,3,16,-1,,2,2,0,2,(1),(1),3,, -1,2,0,3,80,7,11,3,58,58032,1,9,1,6,D16,47.482583,3.401942,18,3,1
202100050700,111Â 065,A01,1,1,1,5,1,-1,-1,0,0,-1,2021,48.0,1,5,9,0,1,14,1,,3,1,0,,-1,2,0,1,(1),(1),3,, -1,1,5,8,50,14,2,5,988,98817,2,6,0,6,AVENUE DES DEUX BAIES,-22.226839,166.504927,18,3,1
202100013254,178Â 050,B01,2,2,1,4,1,0,-1,0,0,-1,2021,31.0,1,2,0,2,4,1,1,,4,ALBERT 1ER  (BD),0,,2,4,3,1,(1),(1),1,, -1,1,0,1,50,13,10,1,54,54395,2,7,0,2,ALBERT 1ER  (BD),48.693345,6.167855,16,3,2
202100010494,182Â 964,B01,1,1,1,9,2,6,-1,-1, -1,-1,2021,28.0,2,1,0,2,2,1,1,,3,d301 de chantoiseau /grand veneur,0,,2,2,0,1,5,42,1,, -1,1,0,1,80,28,10,1,77,77186,1,1,0,6,D301,48.38229,2.74713,16,2,2
202100005911,191Â 223,A01,1,1,1,1,8,0,-1,-1, -1,-1,2021,25.0,3,1,0,2,7,2,5,,4,BEARN DU,0,,2,2,0,1,0,0,1,, -1,2,9,8,50,26,11,5,64,64269,2,1,1,2,BEARN DU,43.30103,-0.30665,20,2,2
202100029948,148Â 271,A01,3,2,1,5,8,0,-1,-1,0,-1,2021,29.0,3,4,0,0,7,26,1,,5,PAMPRE D'OR (RUE DU),0,,-1,0,0,1,(1),(1),1,, -1,9,9,8,50,3,7,1,95,95127,2,1,0,7,PAMPRE D'OR (RUE DU),49.04626,2.04215,18,3,1
202100036741,136Â 031,A01,1,1,1,5,1,4,-1,-1,0,-1,2021,41.0,2,2,0,2,1,1,1,,1,AUTOROUTE A15,0,,3,6,0,1,13,399,1,, -1,1,0,1,110,2,6,1,95,95176,1,1,0,2, A15,48.9885514803,2.2033414109,15,2,2
202100017476,170Â 383,A01,10,3,2,5,0,-1,-1,3,3,1,2021,75.0,2,2,0,1,1,1,1,,4,PAUL SIRVENT (AVE),0,,2,2,0,2,0,0,1,, -1,1,0,1,30,22,9,2,13,13075,2,1,0,1,PAUL SIRVENT (AVE),43.3449307048,5.4607825484,18,2,1
202100008832,185Â 954,A01,1,1,2,1,1,4,-1,-1,0,-1,2021,25.0,1,2,3,2,1,1,1,,1,AUTOROUTE A15,0,,3,8,0,1,23,100,1,, -1,1,0,1,110,9,11,1,95,95500,1,1,0,4,A15,49.0365498574,2.0940611695,8,3,3
202100018652,168Â 301,A01,1,1,2,3,1,-1,-1,0,0,-1,2021,70.0,2,2,13,0,1,1,1,,3,D118,-1,,2,2,0,1,0,50,1,, -1,1,0,3,50,17,9,1,54,54102,2,1,0,7,rue saint MARTIN,48.7055549362,5.8585774894,15,2,1