Num_Acc,id_vehicule,num_veh,place,catu,sexe,trajet,secu1,secu2,secu3,locp,actp,etatp,year_acc,victim_age,senc,catv,obs,obsm,choc,manv,motor,occutc,catr,voie,v1,v2,circ,nbv,vosp,prof,pr,pr1,plan,lartpc,larrout,surf,infra,situ,vma,jour,mois,lum,dep,com,agg_,int,atm,col,adr,lat,long,hour,nb_victim,nb_vehicules
202100027044,153Â 375,B01,1,1,2,5,2,-1,-1,0,0,-1,2021,73.0,1,1,0,2,8,15,5,,3,83,-1,,-1,1,0,1,(1),(1),1,, -1,1,5,1,80,7,3,1,90,90091,1,6,0,3,RD 83,47.689977,6.959753,11,2,2
202100017773,169Â 846,A01,1,1,1,1,2,8,-1,-1, -1,-1,2021,21.0,2,1,0,2,3,3,1,,2,RN12,0,,3,4,0,1,28,799,1,, -1,1,0,1,110,21,9,1,78,78423,1,1,0,2,RN12,48.796553,2.026988,8,2,2
202100023307,159Â 955,B01,1,1,1,9,1,0,-1,0,0,-1,2021,23.0,1,2,0,2,1,1,1,,7,PLAGE BOULEVARD DE LA,0,,2,4,0,1,(1),(1),1,, -1,1,0,1,50,20,8,5,6,6027,2,1,0,1,PLAGE BOULEVARD DE LA,43.65673,7.16455,2,2,2
202100016036,172Â 993,B01,1,1,2,0,1,0,-1,-1, -1,-1,2021,38.0,1,2,0,2,1,1,1,,1,A7-Sens Lyon vers Marseille,0,,1,3,0,1,277,0,1,, -1,1,0,1,90,30,9,1,13,13215,1,1,0,2,A7-Sens Lyon vers Marseille,43.3500442678,5.3687067031,8,3,3
202100050091,112Â 200,A01,2,2,2,5,2,-1,-1,0,0,-1,2021,43.0,1,1,0,2,1,1,1,,3,301,0,,3,4,0,1,21,450,1,, -1,1,0,1,-1,27,2,1,95,95134,1,1,0,2,RD 301,49.1352968646,2.2552418194,16,3,2
202100031344,145Â 715,A01,1,1,1,5,2,-1,-1,0,0,-1,2021,15.0,3,1,0,2,1,13,1,,4,,-1,,2,2,0,1,(1),(1),2,,4,1,0,1,80,29,6,1,85,85144,1,1,0,1,Le Bois Trieau,46.844067,-1.12163,16,3,2
202100046526,118Â 619,A01,1,1,1,0,2,4,-1,-1, -1,-1,2021,22.0,3,1,0,2,1,1,1,,3,323,0,,1,4,0,1,39,850,1,, -1,1,0,1,70,26,3,1,49,49007,2,4,0,2,bretelle ATLANTIQUE AVENUE DE L',47.46901,-0.59964,11,2,2
202100039945,130Â 187,A01,10,3,1,0,0,-1,-1,1,9,1,2021,13.0,2,2,0,1,2,1,1,,9,TURENNE (RUE ),0,,1,1,2,1,(1),(1),1,, -1,1,0,1,30,14,5,1,33,33063,2,1,0,6,TURENNE (RUE ),44.849,-0.59369,15,2,1
202100013545,177Â 510,A01,10,3,2,5,0,-1,-1,3,3,1,2021,81.0,1,2,0,2,4,2,1,,3,PONT DES BELGES,0,,1,2,0,1,499,0,1,, -1,1,2,1,50,13,10,1,14,14715,2,1,1,6,D513,49.36138,0.08595,16,3,2
202100016292,172Â 512,A01,1,1,1,1,2,6,-1,0,0,-1,2021,20.0,3,1,0,0,9,1,1,,4,,-1,,2,1,0,1,(1),(1),1,,3,1,0,1,80,30,9,1,72,72321,1,1,0,7,Lieu Dit la Relandiere,48.066541,-0.142795,8,1,1
202100054839,103Â 779,B01,1,1,1,9,2,8,-1,-1, -1,-1,2021,26.0,2,1,0,0,0,3,1,,1,A4,0,,3,6,0,1,7,99,1,, -1,1,0,1,90,15,1,1,94,94017,1,1,0,7,A4,48.82911,2.4804,11,2,2
202100041705,127Â 064,B01,1,1,1,5,2,-1,-1,0,0,-1,2021,25.0,3,6,0,2,2,15,1,,7,,0,,3,3,3,1,10,0,1,, -1,1,5,1,80,2,5,2,69,69283,1,4,0,6,YVES FARGE (R),45.652973,4.939792,18,2,2
202100034918,139Â 291,A01,10,3,1,1,0,-1,-1,3,3,1,2021,62.0,2,2,0,1,3,1,1,,3,407,0,,2,2,0,2,0,0,1,, -1,1,2,1,50,11,6,1,92,92072,2,3,1,6,VILLE D'AVRAY (RUE DE ),48.8259436277,2.2002455592,9,2,1
202100025746,155Â 662,B01,1,1,1,4,1,-1,-1,0,0,-1,2021,44.0,1,5,0,2,5,0,1,,2,RN 814,0,,1,2,0,1,7,0,1,, -1,1,8,1,90,3,8,1,14,14118,2,1,0,3,N814,49.19844,-0.37346,16,3,2
202100012066,180Â 145,B01,1,1,2,9,8,0,-1,-1, -1,-1,2021,35.0,-1,2,2,2,1,12,1,,3,DE PRESSENSE FRANCIS,0,,-1,1,0,1,0,9,1,, -1,2,0,1,50,19,10,5,93,93066,2,1,1,4,DE PRESSENSE FRANCIS,48.921251452,2.3656922579,7,3,3
202100019640,166Â 537,A01,10,3,2,0,0,-1,-1,3,3,1,2021,76.0,1,2,0,1,3,15,1,,4,BAILLET REVIRON (RUE),0,,2,2,0,1,(1),(1),1,, -1,1,0,1,30,8,9,1,78,78646,2,2,0,6,BAILLET REVIRON (RUE),48.80838,2.13223,14,2,1
202100053425,106Â 218,B01,1,1,1,1,2,0,-1,-1, -1,-1,2021,53.0,2,1,0,2,6,1,1,,3,RD 41 (ROCADE),0,,3,5,0,4,3,700,1,, -1,1,0,1,60,27,1,1,972,97209,1,1,0,3,RD 41 (ROCADE),14.6166,-61.0717,8,2,2
202100015682,173Â 640,A01,1,1,1,5,1,-1,-1,0,0,-1,2021,33.0,1,2,0,2,3,13,1,,3,2371,0,D,2,2,0,1,5,300,1,, -1,1,0,1,90,3,10,3,3,3217,1,1,0,1,le corret,46.338706,2.663069,6,2,2
202100035325,138Â 566,B01,1,1,2,1,2,0,-1,0,0,-1,2021,25.0,1,1,0,2,5,12,5,,4,COURS ALBERT 1ER,0,,3,3,0,1,(1),(1),1,, -1,1,0,1,50,10,6,1,75,75108,2,1,0,3,COURS ALBERT 1ER,48.864267,2.303035,9,2,2
202100031751,145Â 006,A01,1,1,2,0,1,0,-1,-1, -1,-1,2021,29.0,2,2,0,9,1,1,1,,4,"""PERI GABRIEL, NR 2  A 114 ET 1 A 133""",0,,1,1,0,1,0,0,1,, -1,1,0,1,30,29,6,1,93,93066,2,1,0,1,"""PERI GABRIEL, NR 2  A 114 ET 1 A 133""",48.939232,2.356511,13,1,1
202100017226,170Â 854,B01,1,1,2,4,0,-1,-1,0,0,-1,2021,63.0,1,0,0,2,2,1,3,,4,105,0,D,2,2,0,1,(1),(1),2,, -1,1,5,1,50,23,9,1,29,29260,2,6,0,7,Rue de l'Ãtain,48.435317,-4.618654,18,2,2
202100038509,132Â 808,B01,1,1,2,3,1,0,-1,-1, -1,-1,2021,37.0,1,2,0,2,8,15,1,,4,LAGUNE (Route de la) D107,0,,2,2,0,1,(1),(1),1,, -1,2,0,1,50,24,5,1,202,202120,2,1,1,3,LAGUNE (Route de la) D107,42.65474,9.44483,15,3,2
202100031004,146Â 316,B01,1,1,1,5,2,8,-1,-1, -1,-1,2021,22.0,1,1,0,2,1,2,1,,3,AUTUN (RUE D'),0,,2,2,0,1,61,165,1,, -1,1,0,1,50,1,7,1,71,71309,2,2,0,3,27 Rue dâAutun,46.7929560576,4.3889371816,17,2,2
202100055593,102Â 485,B01,7,2,2,5,1,-1,-1,0,0,-1,2021,81.0,2,2,0,2,1,13,1,,3,149,-1,,2,2,0,1,13,330,2,, -1,1,0,1,80,10,1,2,53,53013,1,1,0,1,la lande,48.321232,-0.232151,17,4,2
202100020531,164Â 939,A01,10,3,2,2,0,-1,-1,2,3,1,2021,18.0,3,2,0,1,1,1,1,,4,HEURTELOUP (BOULEVARD),0,,1,2,0,1,(1),(1),1,, -1,1,0,1,50,6,9,1,37,37261,2,1,0,6,HEURTELOUP (BOULEVARD),47.3920007984,0.6995527634,9,2,1
202100023752,159Â 160,A01,1,1,2,1,8,0,-1,-1, -1,-1,2021,28.0,3,1,0,2,7,1,3,,4,BAYARD ALLEE,0,,1,1,0,1,0,0,1,, -1,1,0,1,50,17,8,5,93,93046,2,2,0,3,AllÃ©e Bayard / AllÃ©e Jeanne dâArc,48.908326,2.520904,21,2,2
202100042985,124Â 837,A01,4,2,1,4,8,-1,-1,0,0,-1,2021,46.0,3,2,0,2,7,19,1,,3,65,0,,2,2,0,1,11,445,1,, -1,1,0,1,80,23,4,1,86,86197,1,2,0,3,Lieu Dit Vouzeray,47.033002,0.282662,20,5,2
202100043846,123Â 299,B01,1,1,2,0,1,8,-1,-1, -1,-1,2021,43.0,2,2,0,2,3,1,1,,1,A507 sens Aubagne- Marseille,0,,-1,4,0,1,8,359,1,, -1,1,1,1,70,16,4,1,13,13055,1,1,1,3,A507 sens Aubagne- Marseille,43.2856482587,5.4260683788,10,2,2
202100015079,174Â 752,A01,2,2,1,0,2,6,-1,-1, -1,-1,2021,27.0,2,1,0,2,1,1,1,,4,EDGAR QUINET (RUE),0,,2,2,0,2,0,0,1,, -1,1,0,1,50,2,10,5,21,21231,2,3,0,3,EDGAR QUINET (RUE),47.32689,5.05974,19,4,2
202100041765,126Â 956,A01,10,3,1,3,0,0,0,3,3,1,2021,71.0,0,2,0,1,2,15,0,,4,ST LAURENT CHEMIN DE,0,,2,4,0,1,(1),(1),2,, -1,1,0,1,50,16,4,1,6,6027,2,9,0,6,ST LAURENT CHEMIN DE,43.66462,7.17179,10,2,1
202100045116,121Â 095,A01,1,1,1,5,2,6,-1,-1, -1,-1,2021,23.0,3,1,0,2,2,17,1,,4,AV DE L ARMEE LECLERC,0,,-1,2,0,1,0,0,1,, -1,1,0,1,50,31,3,1,91,91589,2,1,0,3,AV DE L ARMEE LECLERC,48.692222,2.340964,17,2,2
202100021584,163Â 051,A01,1,1,1,1,2,-1,-1,-1, -1,-1,2021,38.0,1,1,0,2,1,15,1,,4,CREPIEUX (DE)                       (CH),0,,2,2,0,1,(1),(1),1,, -1,1,0,1,50,31,8,1,69,69034,2,9,0,1,CREPIEUX (DE) (CHM),45.80079,4.8523,18,2,2
202100016709,171Â 752,B01,1,1,2,3,2,6,-1,0,0,-1,2021,61.0,2,1,0,2,3,1,1,,3,21,0,,2,2,0,3,1,320,1,,4,1,0,1,50,27,9,2,71,71263,2,3,0,5,86 Rue de Beaufort,46.6239962887,5.2421968376,8,4,3
202100049967,112Â 435,A01,3,2,1,5,1,-1,-1,0,0,-1,2021,30.0,2,2,4,0,1,0,1,,3,160,-1,,2,2,0,1,5,600,1,, -1,1,1,3,70,26,2,3,7,7200,1,1,0,6,Route du Tunnel,44.720406,4.134145,20,4,1
202100049922,112Â 506,A01,1,1,1,5,2,6,-1,0,0,-1,2021,62.0,1,1,0,5,1,1,1,,3,724,-1,,2,2,0,1,8,700,1,, -1,1,0,1,80,28,2,1,56,56032,1,1,0,6,D724,47.962342,-2.249794,13,1,1
202100047348,117Â 136,B01,1,1,1,1,2,4,-1,-1, -1,-1,2021,53.0,3,1,0,2,4,2,5,,4,BEDIER BOULEVARD,0,,2,4,2,1,1,0,1,, -1,2,0,1,50,19,3,5,49,49007,2,1,0,2,BEDIER BOULEVARD,47.450651459,-0.5526323554,6,2,2
202100003405,195Â 669,A01,10,3,1,3,0,-1,-1,3,3,2,2021,66.0,1,2,0,1,1,1,1,,4,MITTERRAND (AVENUE FRANCOIS),0,,2,2,0,1,(1),(1),1,, -1,2,6,1,30,10,12,5,71,71153,2,1,1,6,MITTERRAND (AVENUE FRANCOIS),46.80629,4.42967,18,2,1
202100006536,190Â 115,B01,4,2,2,5,1,-1,-1,-1, -1,-1,2021,6.0,2,2,0,2,4,2,1,,1,AUTOROUTE A 10,0,,3,6,0,1,540,500,1,, -1,2,0,1,110,24,11,1,33,33096,1,1,1,4,AUTOROUTE A 10,44.90452,-0.49286,19,5,3
202100044697,121Â 818,B01,1,1,2,5,1,0,-1,-1, -1,-1,2021,66.0,1,2,0,2,1,1,1,,4,MARIVAL (ROUTE DE),0,,-1,2,0,4,0,0,2,, -1,1,0,1,50,6,4,1,24,24138,2,1,0,1,MARIVAL (ROUTE DE),45.16946,0.68254,12,3,2
202100055181,103Â 182,A01,10,3,2,0,0,-1,-1,3,3,1,2021,75.0,1,2,0,1,1,1,1,,4,BOULEVARD FRANCOIS MITTERRAND,0,,2,2,0,1,(1),(1),1,, -1,2,0,1,50,13,1,1,44,44162,2,1,0,6,BOULEVARD FRANCOIS MITTERRAND,47.21287,-1.64836,15,2,1
202100007499,188Â 352,B01,1,1,1,1,2,6,-1,0,0,-1,2021,46.0,1,1,0,2,8,1,1,,3,6007,-1,D,2,2,0,1,4,163,1,, -1,1,5,1,50,25,10,4,6,6079,2,3,0,3,Avenue de Frejus Paul Ricard,43.53587,6.933398,20,2,2
202100040647,128Â 961,B01,1,1,1,5,2,6,-1,0,0,-1,2021,29.0,3,1,0,2,3,1,1,,4,,-1,,2,2,0,2,(1),(1),1,,5,1,0,1,50,8,5,1,17,17264,2,9,0,1,Rue ClÃ©ment  MAROT,46.202372,-1.174727,12,2,2
202100011899,180Â 457,B01,1,1,1,5,1,-1,-1,0,0,-1,2021,61.0,2,2,0,2,3,0,1,,3,927,-1,D,2,2,0,2,11,761,1,, -1,1,0,1,80,22,10,1,76,76675,1,1,0,1,Route de Dieppe,49.5746764911,1.0496097431,10,3,2
202100012046,180Â 176,A01,1,1,1,1,8,0,-1,0,0,-1,2021,22.0,1,1,0,2,3,1,3,,4,AVENUE DE LA PORTE D AUBERVILLIERS,0,,1,2,0,1,(1),(1),1,, -1,1,0,1,50,20,10,5,75,75118,2,7,0,3,AVENUE DE LA PORTE D AUBERVILLIERS,48.900387,2.370348,6,2,2
202100043401,124Â 086,B01,1,1,2,1,1,8,-1,-1, -1,-1,2021,40.0,2,2,0,2,4,23,1,,7,Autoroute A.35,0,,3,4,0,1,302,600,1,, -1,1,0,1,90,19,4,1,67,67482,1,1,0,4,M35,48.58103,7.72418,18,3,3
202100035136,138Â 900,A01,1,1,1,0,1,-1,-1,0,0,-1,2021,83.0,1,2,0,2,1,2,1,,3,22,0,,2,2,0,2,41,600,1,, -1,1,9,1,50,11,6,1,64,64273,2,1,0,2,DÃ©partementale 22,43.264261,-1.227797,11,2,2
202100009742,184Â 287,A01,10,3,1,3,0,-1,-1,3,3,1,2021,59.0,2,2,0,1,0,1,1,,2,ROCADE RN88 NORD,0,,1,1,0,1,32,67,3,, -1,1,0,1,50,2,11,5,81,81004,2,6,0,6,ROCADE RN88 NORD,43.95206,2.15484,18,3,2
202100016892,171Â 427,A01,10,3,1,2,0,-1,-1,3,3,3,2021,17.0,1,1,0,1,1,1,1,,4,BRIQUERIE (ROUTE DE LA),0,,2,2,0,1,0,0,1,, -1,1,6,1,50,22,9,1,57,57672,2,1,0,6,BRIQUERIE (ROUTE DE LA),49.36361,6.16086,16,3,1
202100000567,200Â 689,A01,10,3,2,1,0,-1,-1,4,3,1,2021,56.0,1,2,0,1,1,15,1,,4,,0,,2,4,0,1,(1),(1),2,, -1,1,0,1,50,9,11,1,37,37261,2,1,0,6,HEURTELOUP (BOULEVARD),47.3915175836,0.6972502655,8,2,1
202100048984,114Â 190,A01,1,1,1,5,2,6,-1,0,0,-1,2021,47.0,1,1,0,0,8,1,1,,3,10,-1,,2,2,0,1,23,500,1,, -1,1,0,1,50,6,3,1,86,86112,2,1,0,7,Avenue Marcel Giraud,46.232322,0.687815,9,1,1
202100018791,168Â 053,B01,1,1,1,1,2,6,-1,0,0,-1,2021,39.0,2,1,0,2,8,3,1,,4,BOULEVARD PERIPHERIQUE,0,,1,4,0,1,17,500,1,, -1,2,0,1,70,15,9,1,75,75117,2,1,1,3,BD PERIPHERIQUE EXTERIEUR,48.887151,2.290074,9,3,2
202100003592,195Â 327,B01,1,1,2,9,1,0,-1,-1, -1,-1,2021,33.0,2,2,0,0,9,14,1,,3,D 210,0,,2,2,0,1,9,699,1,, -1,1,0,8,80,8,12,1,77,77079,1,1,0,7,D210,48.4199,2.81397,17,2,2
202100011711,180Â 797,B01,1,1,2,5,1,-1,-1,0,0,-1,2021,83.0,2,2,0,2,1,1,1,,3,706,0,,2,2,0,2,(1),(1),2,, -1,1,0,1,80,17,10,1,24,24326,1,3,0,1,pk 23+ 900 rd 706,44.987834,1.061879,17,2,2
202100013203,178Â 136,A01,1,1,1,9,2,0,-1,-1, -1,-1,2021,55.0,2,1,0,2,1,1,1,,3,LIMOUX -ROUTE DE-,0,,2,2,0,1,1,0,1,, -1,1,0,1,50,22,6,1,11,11069,2,3,0,3,LIMOUX -ROUTE DE-,43.20573,2.33403,11,2,2
202100024712,157Â 472,A01,1,1,2,1,2,0,-1,-1, -1,-1,2021,18.0,3,1,0,0,3,26,1,,4,FLAMBOYANTS (RUE DES),0,,2,2,0,1,(1),(1),1,, -1,2,0,1,50,10,8,1,973,97302,2,1,1,7,FLAMBOYANTS (RUE DES),4.9219348012,-52.3219794631,8,2,1
202100005291,192Â 328,A01,1,1,2,5,1,8,-1,-1, -1,-1,2021,21.0,2,2,0,2,1,13,1,,3,ROUTE DEPARTEMENTALE 465,0,,2,2,0,1,4,54,1,, -1,1,0,1,70,28,11,5,56,56121,2,1,0,1,PÃ©nÃ©trante de Lorient D465,47.73683,-3.37727,21,4,2
202100052972,107Â 029,B01,1,1,1,5,1,0,-1,-1, -1,-1,2021,21.0,2,5,0,2,1,1,1,,3,DOCTEUR SCHWEITZER (RUE DU),0,,2,2,0,1,2,300,1,, -1,2,0,1,50,31,1,1,45,45004,2,1,1,2,Avenue du Docteur Schweitzer,48.001898,2.775759,12,4,2
202100037343,134Â 917,A01,1,1,2,5,1,-1,-1,0,0,-1,2021,51.0,2,2,6,0,1,1,1,,4,,-1,,2,2,0,1,0,500,1,,4,1,5,1,-1,31,5,1,29,29158,2,3,0,6,Rue Jean JaurÃ¨s - D53,47.816129,-4.37226,18,1,1
202100003810,194Â 942,B01,1,1,1,5,1,0,-1,-1, -1,-1,2021,39.0,2,2,0,0,4,2,1,,1,AUTOROUTE A6,0,,2,6,0,1,16,200,1,, -1,1,0,1,110,10,12,1,91,91216,1,1,0,2,AUTOROUTE A6,48.684306,2.328253,15,2,2
202100003111,196Â 205,A01,1,1,1,0,2,8,-1,-1, -1,-1,2021,39.0,3,1,0,0,1,1,1,,7,NATIONALE RUE,0,,2,0,0,2,(1),(1),1,, -1,2,0,1,40,12,12,5,59,59378,2,6,1,7,NATIONALE RUE,50.6624372233,3.074323833,2,1,1
202100051710,109Â 262,A01,1,1,1,4,2,6,-1,0,0,-1,2021,37.0,1,1,0,2,1,2,1,,4,BOULEVARD DES INVALIDES,0,,-1,4,0,1,(1),(1),1,, -1,1,0,1,50,12,2,5,75,75107,2,3,0,2,BOULEVARD DES INVALIDES,48.8474459323,2.3162430525,19,3,2
202100044151,122Â 757,B01,1,1,1,5,2,6,-1,-1, -1,-1,2021,23.0,1,1,0,2,1,17,1,,4,VAILLANT (AVENUE EDOUARD),0,,2,2,0,4,1,0,1,, -1,1,0,1,50,13,4,1,18,18279,2,1,0,3,VAILLANT (AVENUE EDOUARD),47.23,2.06,18,2,2
202100033562,141Â 773,A01,10,3,1,5,0,-1,-1,1,3,1,2021,59.0,3,2,0,1,4,20,1,,4,HAUTERIVE,0,,2,1,0,1,0,0,1,, -1,1,0,1,30,18,6,1,64,64445,2,1,0,6,HAUTERIVE,43.32433,-0.34887,13,2,1
202100019580,166Â 636,A01,1,1,1,1,2,6,-1,0,0,-1,2021,50.0,1,1,0,0,0,1,1,,7,107,0,,1,1,0,1,17,200,2,, -1,2,5,1,80,11,9,1,21,21171,1,6,1,7,rond point d107 et D122A,47.303185,5.104727,15,1,1
202100046155,119Â 264,A01,1,1,1,9,1,0,-1,-1, -1,-1,2021,77.0,1,2,1,0,2,16,2,,4,JOFFRE,0,,2,2,0,1,0,0,1,, -1,1,0,1,50,29,3,1,92,92076,2,2,0,6,JOFFRE,48.8444652269,2.155046314,19,1,1
202100043666,123Â 621,B01,1,1,1,5,2,0,-1,-1, -1,-1,2021,14.0,1,1,0,2,3,13,1,,3,MARTRE (RUE) DE (111 A 119)   (122 A 144,0,,1,3,1,1,0,0,1,, -1,1,0,1,30,16,4,5,92,92024,2,4,0,3,MARTRE (RUE) DE (111 A 119)   (122 A 144,48.90761,2.30143,23,3,2
202100048243,115Â 516,B01,1,1,2,1,8,0,-1,-1, -1,-1,2021,26.0,0,0,0,2,1,1,5,,4,RONDEAUX. AVENUE JEAN,0,,2,2,1,1,21,600,1,, -1,1,0,5,30,9,3,1,76,76540,2,1,0,2,RONDEAUX. AVENUE JEAN,49.43337,1.0752,8,2,2
202100037129,135Â 332,A01,1,1,1,1,2,6,9,0,0,-1,2021,54.0,1,1,0,0,0,17,1,,3,630,0,D,2,2,0,1,20,300,1,, -1,1,0,1,80,1,6,1,59,59595,1,1,0,7,D630,50.221017,3.308387,7,1,1
202100027504,152Â 563,A01,1,1,1,9,2,6,-1,-1, -1,-1,2021,39.0,2,1,0,2,1,5,1,,3,152,0,,1,1,0,1,0,0,3,, -1,1,0,1,50,21,7,5,91,91103,2,1,0,1,RUE D'ESTIENNE D'ORVES,48.60767,2.3039,23,2,2
202100053874,105Â 446,A01,10,3,2,3,0,-1,-1,3,3,1,2021,80.0,1,2,0,1,1,1,1,,3,790,0,A,1,2,0,1,0,690,1,, -1,2,0,1,50,23,1,1,56,56057,2,1,0,6,13 R DE LA CROIX BLANCHE,48.032615,-3.490361,10,2,1
202100050667,111Â 120,B01,1,1,1,1,0,-1,-1,0,0,-1,2021,64.0,3,1,0,2,4,2,5,,4,984,0,D,2,2,0,1,(1),(1),1,, -1,1,0,1,70,22,2,1,1,1419,1,1,0,2,185 Avenue du Mont Blanc,46.23611,6.009028,10,2,2
202100008514,186Â 516,A01,2,1,1,0,2,6,-1,-1, -1,-1,2021,20.0,1,1,0,2,1,26,1,,3,7,0,,2,2,0,1,0,0,1,, -1,1,0,1,50,11,11,1,92,92062,2,1,0,2,DE DION BOUTON (QUAI) DU 29 AU 65,48.882809,2.247991,16,2,2
202100001308,199Â 427,B01,1,1,1,3,2,6,-1,0,0,-1,2021,23.0,1,1,0,2,1,1,1,,3,933,-1,,2,2,0,1,66,836,1,,4,2,0,1,50,28,12,1,1,1194,2,3,0,3,Rue Edouard Herriot,45.988952,4.756941,8,2,2
202100034134,140Â 749,A01,1,1,1,0,2,6,-1,-1, -1,-1,2021,27.0,2,1,0,2,8,18,1,,4,,0,,1,1,0,1,0,0,1,, -1,1,0,1,50,15,6,1,92,92012,2,1,0,5,COURS DE L'ILE SEGUIN,48.8284395523,2.2357610354,12,3,3
202100050044,112Â 287,B01,2,2,1,5,1,0,-1,-1, -1,-1,2021,1.0,2,2,0,2,7,15,1,,4,ST JEROME (AV),0,,1,1,0,2,0,0,1,, -1,1,0,1,50,25,2,1,13,13001,2,6,0,3,ST JEROME (AV),43.51743,5.46027,16,3,2
202100049756,112Â 805,A01,1,1,1,0,2,0,-1,-1, -1,-1,2021,50.0,1,1,0,2,1,2,1,,7,PONT(NEUF) CD 108,0,,2,2,0,1,1,900,3,, -1,1,0,1,50,28,2,1,42,42270,2,1,0,2,Route des Gorges,45.3965566902,4.2352759127,17,2,2
202100027284,152Â 959,A01,3,2,1,2,1,-1,-1,0,0,-1,2021,18.0,1,2,2,2,1,17,1,,3,31,0,,2,2,0,1,19,54,1,, -1,1,0,3,90,24,7,1,48,48016,1,1,0,4,RD31,44.465319,3.41677,16,8,3
202100040254,129Â 648,A01,2,2,2,5,2,6,-1,0,0,-1,2021,59.0,1,1,16,0,1,1,1,,3,108,0,D,2,2,0,1,3,(1),2,, -1,2,0,1,80,13,5,1,55,55244,1,1,1,7,D108,49.170498,5.599717,12,2,1
202100004962,192Â 919,A01,1,1,2,5,1,-1,-1,0,0,-1,2021,22.0,2,2,0,2,6,15,1,,3,136,0,D,2,2,0,1,0,860,1,, -1,2,0,1,50,4,12,1,47,47195,2,1,0,3,30 Avenue du 8 Mai 1945,44.136874,0.344938,13,4,2
202100043177,124Â 485,A01,1,1,2,0,1,0,-1,-1, -1,-1,2021,53.0,1,2,0,1,5,16,1,,4,ABERYSTWYTH (RD-PT),0,,-1,2,0,1,(1),(1),3,, -1,1,5,1,50,2,4,1,22,22278,2,6,0,2,ABERYSTWYTH (RD-PT),48.4974620866,-2.7518606186,18,2,2
202100019771,166Â 306,B01,1,1,1,5,2,6,-1,0,0,-1,2021,34.0,1,1,0,2,1,1,1,,3,996,0,,2,2,0,1,(1),(1),2,, -1,1,0,1,50,10,9,1,63,63080,2,1,0,1,D996,45.588527,3.132568,19,2,2
202100022831,160Â 801,A01,1,1,1,4,2,6,-1,-1, -1,-1,2021,20.0,2,1,2,0,0,21,3,,3,BOURDON (BOULEVARD),0,,3,4,0,1,0,0,1,, -1,1,0,8,50,22,8,5,92,92051,2,1,0,6,BOURDON (BOULEVARD),48.8959406283,2.271907723,23,1,1
202100005137,192Â 595,A01,10,3,1,2,0,-1,-1,3,3,1,2021,12.0,1,2,0,1,2,2,1,,3,20,0,,2,2,0,3,37,455,1,, -1,2,0,1,50,30,11,5,57,57428,2,1,1,6,Rue du Wenheck,49.097096,6.726036,17,2,1
202100026540,154Â 255,A01,1,1,1,0,2,6,-1,0,0,-1,2021,41.0,1,1,16,2,8,26,1,,3,13,0,,2,2,0,1,9,0,1,, -1,1,5,1,80,30,7,1,55,55391,1,3,0,3,D13,49.5565199256,5.2272163209,18,2,2
202100008699,186Â 189,B01,10,3,1,2,8,8,-1,3,3,1,2021,14.0,3,3,0,1,1,1,3,,9,BELLEVUE (RUE DE),0,,2,2,3,1,0,0,1,, -1,9,4,6,90,8,11,1,77,77226,2,8,1,6,BELLEVUE (RUE DE),48.4461,2.7642,8,2,1
202100006304,190Â 523,A01,10,3,2,2,0,-1,-1,2,3,1,2021,11.0,2,2,1,1,3,1,1,,4,GUIPONS (R DES),0,,1,1,0,1,1,0,1,, -1,2,0,1,50,25,11,2,94,94076,2,1,1,6,Rue des Guipons,48.80479,2.36214,17,2,1
202100001179,199Â 667,A01,1,1,2,0,2,6,-1,-1, -1,-1,2021,15.0,1,1,0,0,7,1,1,,4,JEAN BIRAY,0,,2,2,0,1,0,0,4,, -1,2,0,1,50,14,11,1,64,64445,2,1,1,7,JEAN BIRAY,43.2924194061,-0.371721983,14,1,1
202100053299,106Â 463,A01,10,3,1,5,0,-1,-1,1,3,1,2021,90.0,0,2,0,1,2,1,1,,3,13,-1,,2,2,0,1,45,291,1,, -1,2,0,1,50,30,1,1,50,50601,2,1,1,6,63 Rue Danican,49.037931,-0.972832,14,2,1
202100013812,177Â 008,A01,1,1,1,0,1,-1,-1,-1, -1,-1,2021,25.0,1,0,0,2,1,2,1,,4,DOCTEUR GAILLETON (DU)              (QU),0,,2,4,3,1,(1),(1),1,, -1,1,0,1,50,8,10,5,69,69382,2,1,0,4,DOCTEUR GAILLETON (DU) (Q),45.7504,4.83175,6,4,4
202100050403,111Â 601,A01,1,1,2,9,1,-1,-1,0,0,-1,2021,33.0,3,2,2,0,1,13,1,,3,158,-1,,2,2,0,1,2,100,2,, -1,1,0,3,80,25,2,1,40,40002,1,1,0,6,1800 Route de la Chalosse,43.608671,-0.755648,12,1,1
202100004223,194Â 201,B01,1,1,1,4,2,6,-1,-1, -1,-1,2021,28.0,2,1,0,2,1,1,1,,4,CARNOT (BOULEVARD),0,,4,4,0,1,0,0,1,, -1,2,0,1,50,5,12,1,87,87085,2,3,1,3,CARNOT (BOULEVARD),45.83294,1.25895,19,2,2
202100042370,125Â 892,B01,1,1,2,0,8,0,-1,-1, -1,-1,2021,48.0,3,1,0,2,1,25,5,,3,NOISY ROUTE DE,0,,2,2,0,1,0,0,1,, -1,1,0,4,30,26,4,1,93,93063,2,1,0,3,NOISY ROUTE DE,48.89482,2.42996,8,2,2
202100030899,146Â 530,B01,1,1,1,1,1,-1,-1,0,0,-1,2021,60.0,2,2,0,2,4,2,1,,2,12,-1,,3,4,0,1,88,400,1,, -1,1,0,1,110,27,6,3,35,35184,1,1,1,2,RN 12,48.192844,-2.023333,5,2,2