Num_Acc,id_vehicule,num_veh,place,catu,sexe,trajet,secu1,secu2,secu3,locp,actp,etatp,year_acc,victim_age,senc,catv,obs,obsm,choc,manv,motor,occutc,catr,voie,v1,v2,circ,nbv,vosp,prof,pr,pr1,plan,lartpc,larrout,surf,infra,situ,vma,jour,mois,lum,dep,com,agg_,int,atm,col,adr,lat,long,hour,nb_victim,nb_vehicules
202100014496,175Â 801,A01,1,1,1,5,2,6,-1,0,0,-1,2021,54.0,1,1,0,2,1,2,1,,3,33,-1,,2,2,0,1,(1),(1),1,, -1,1,0,1,50,8,10,1,10,10224,2,1,0,2,7 Rue Roger Salengro,48.405328,3.736927,16,2,2
202100024151,158Â 490,B01,1,1,1,5,2,6,-1,0,0,-1,2021,52.0,1,1,0,2,2,1,1,,4,RUE DU QUATRE SEPTEMBRE,0,,1,3,0,1,(1),(1),1,, -1,1,8,1,50,14,8,1,75,75102,2,2,0,3,RUE DU QUATRE SEPTEMBRE,48.869537,2.336797,12,4,2
202100034262,140Â 498,A01,1,1,2,4,2,6,-1,-1, -1,-1,2021,18.0,1,1,0,2,1,26,1,,3,MENDES FRANCE (CONTRE ALLEE),0,,1,1,0,1,(1),(1),1,, -1,1,0,1,50,14,6,1,50,50129,2,3,0,3,MENDES FRANCE (CONTRE ALLEE),49.6346,-1.62709,20,2,2
202100025658,155Â 816,A01,1,1,1,5,0,-1,-1,0,0,-1,2021,49.0,2,1,0,0,0,1,5,,3,D3,-1,E,2,2,0,2,3,860,2,, -1,2,0,1,90,4,8,1,19,19001,1,1,0,7,D3e3,45.503016,1.712365,10,1,1
202100047685,116Â 519,A01,1,1,2,5,1,-1,-1,0,0,-1,2021,86.0,2,2,13,0,1,1,1,,3,988,-1,,2,2,0,1,27,340,1,, -1,1,0,3,80,16,3,1,78,78522,1,1,0,6,Haras de la Cense,48.596798,1.998565,11,1,1
202100016632,171Â 904,B01,1,1,2,0,2,6,-1,-1, -1,-1,2021,40.0,1,1,0,2,1,26,1,,3,,0,,-1,4,0,1,0,100,1,, -1,1,0,1,50,25,9,1,91,91657,2,9,0,3,AV HENRI BARBUSSE,48.69926,2.41723,15,2,2
202100026950,153Â 538,A01,10,3,2,3,0,-1,-1,2,A,1,2021,70.0,1,5,0,1,2,1,3,,4,RUE BEAUREPAIRE,0,,-1,1,0,1,(1),(1),1,, -1,2,0,1,30,26,7,2,75,75110,2,1,1,6,RUE BEAUREPAIRE,48.870646,2.363979,12,2,1
202100053786,105Â 606,B01,1,1,1,4,8,-1,-1,0,0,-1,2021,44.0,0,4,0,0,4,2,1,,3,909,-1,,2,2,0,1,24,122,1,, -1,1,0,1,90,26,1,2,34,34096,1,1,0,2,D909,43.541712,3.183664,7,3,2
202100003803,194Â 959,A01,1,1,1,0,2,-1,-1,-1, -1,-1,2021,56.0,1,1,0,0,0,2,1,,7,M7   2.278 A 3.690,0,,1,3,0,1,2,299,1,, -1,2,0,1,70,10,12,1,69,69142,1,1,1,7,M7   2.278 A 3.690,45.72914,4.81599,17,1,1
202100043609,123Â 727,A01,1,1,1,0,1,8,-1,-1, -1,-1,2021,42.0,3,2,8,0,1,9,1,,4,ROND POINT DES DANSEUSES,0,,-1,1,0,1,0,0,1,, -1,1,9,1,50,18,4,5,974,97407,2,1,0,1,ROND POINT DES DANSEUSES,-20.9502,55.30117,3,1,1
202100024270,158Â 287,A01,10,3,2,5,0,-1,-1,3,3,1,2021,81.0,0,2,0,1,1,15,1,,4,ENTRECASTEAUX (RUE),0,,1,1,0,1,(1),(1),2,, -1,1,0,1,50,13,8,1,51,51454,2,3,0,7,Rue dâEntrecasteaux,49.2252283536,4.0333663017,10,2,1
202100019077,167Â 544,A01,1,1,1,0,0,-1,-1,0,0,-1,2021,44.0,3,1,0,2,1,1,1,,4,,-1,,2,1,0,2,(1),(1),4,,3,1,0,1,70,13,9,1,971,97134,1,1,0,1,route de grande riviÃ¨re,16.057372,-61.74355,16,2,2
202100045617,120Â 194,A01,1,1,1,1,2,6,-1,0,0,-1,2021,19.0,1,1,0,2,1,1,1,,4,GLYCINES AVENUE DES,0,,-1,1,0,1,(1),(1),1,, -1,1,9,1,50,1,4,1,6,6123,2,9,0,3,GLYCINES AVENUE DES,43.659387,7.181884,18,2,2
202100032827,143Â 100,A01,1,1,1,5,2,0,-1,-1, -1,-1,2021,37.0,1,1,13,0,7,14,1,,4,BOS DE MOULIN (RUE DE),0,,2,2,0,1,0,0,2,, -1,1,0,1,50,19,6,1,87,87048,2,1,0,6,BOS DE MOULIN (RUE DE),45.80537,1.24726,17,2,1
202100007029,189Â 190,A01,1,1,1,3,1,5,-1,-1, -1,-1,2021,46.0,1,2,0,2,1,26,1,,3,RD700,0,,1,2,0,1,1,0,1,, -1,1,0,1,90,19,11,3,22,22360,1,1,0,4,RD700,48.4674582422,-2.7773437479,18,4,4
202100006733,189Â 749,B01,2,1,1,0,2,8,-1,-1, -1,-1,2021,29.0,-1,1,0,2,1,1,1,,3,GRANDE RUE,0,,2,2,0,1,0,1,1,, -1,1,0,1,50,23,11,5,93,93077,2,2,0,3,GRANDE RUE,48.88261,2.51816,17,2,2
202100053835,105Â 521,B01,2,2,1,0,1,0,-1,-1, -1,-1,2021,37.0,2,2,0,2,7,1,1,,4,Boulevard Constantin Descat,0,,2,1,2,1,(1),(1),1,, -1,2,5,1,50,23,1,5,59,59599,2,2,1,3,DESCAT (BOULEVARD CONSTANTIN),50.6998,3.1561,23,3,2
202100030307,147Â 593,A01,2,2,1,0,1,-1,-1,0,0,-1,2021,35.0,2,2,0,2,2,10,1,,1,A1,-1,,2,-1,-1,1,(1),(1),1,, -1,2,3,1,-1,7,7,1,60,60533,1,9,1,2,,49.522074,2.713183,18,10,2
202100009904,183Â 989,A01,1,1,1,5,2,6,-1,-1, -1,-1,2021,22.0,3,1,0,0,7,1,1,,4,GRENET (AVENUE HENRI),0,,2,4,0,1,0,0,1,, -1,1,0,1,50,1,11,1,64,64102,2,1,0,7,GRENET (AVENUE HENRI),43.50135,-1.47896,16,1,1
202100039763,130Â 508,A01,10,3,2,5,0,-1,-1,2,3,2,2021,32.0,1,2,0,1,1,1,1,,2,1,0,N,2,2,0,1,255,800,1,, -1,1,0,1,50,17,5,1,973,97311,2,1,0,6,1571 Avenue Gaston Monnerville,5.493384,-54.015784,7,3,1
202100022337,161Â 712,A01,1,1,1,5,1,-1,-1,0,0,-1,2021,33.0,2,2,0,2,1,2,1,,3,101,0,D,2,2,0,2,80,700,3,,4,1,0,1,80,27,8,1,42,42185,1,1,0,1,Rue de la Loire,45.587795,4.263403,19,3,2
202100024037,158Â 678,B01,1,1,1,5,8,0,-1,-1, -1,-1,2021,36.0,1,1,0,2,7,5,3,,3,HENRI BARBUSSE (RUE) => 95/102,0,,1,1,0,1,0,0,1,, -1,1,0,1,50,15,8,1,93,93001,2,2,0,1,Rue Henri Barbusse / Rue Paul Bert,48.908845,2.390594,11,2,2
202100002834,196Â 710,A01,1,1,1,5,2,-1,-1,0,0,-1,2021,17.0,3,1,0,2,8,5,1,,4,0,0,,2,2,0,4,(1),(1),1,, -1,1,0,1,50,17,12,1,76,76312,2,1,1,3,Rue Henri Dunant,49.481087,1.719763,15,2,2
202100030864,146Â 592,A01,2,2,2,5,2,0,-1,0,0,-1,2021,21.0,3,1,12,0,0,14,3,,4,VOIE GEORGES POMPIDOU,0,,2,2,3,1,(1),(1),2,, -1,2,6,4,20,4,7,1,75,75104,2,4,1,6,VOIE GEORGES POMPIDOU,48.8510924362,2.3611365259,15,2,1
202100017435,170Â 460,Z01,10,3,2,3,0,-1,-1,5,3,1,2021,89.0,3,2,0,1,4,4,0,,4,LOYSON DE CHASTELUS  R,0,,2,2,2,1,(1),(1),1,, -1,1,0,8,50,21,9,1,69,69264,2,1,0,6,LOYSON DE CHASTELUS (R),45.98787,4.72627,18,2,1
202100012955,178Â 580,A01,1,1,1,5,1,7,-1,0,0,-1,2021,79.0,2,2,5,0,1,1,1,,3,11,0,,2,2,0,2,33,163,3,,7,1,0,8,80,14,10,1,64,64368,1,1,0,7,D11,43.394674,-1.098182,12,1,1
202100035689,137Â 919,B01,1,1,2,1,1,0,-1,-1, -1,-1,2021,39.0,2,2,0,2,1,0,1,,7,RN 138,0,,2,2,0,2,6,700,2,, -1,1,0,1,50,8,6,1,76,76319,1,1,0,1,RN 138,49.34472,1.01244,17,2,2
202100041448,127Â 516,A01,1,1,1,5,2,6,-1,0,0,-1,2021,38.0,1,1,8,0,3,14,1,,3,987,-1,,2,2,0,1,16,600,2,, -1,1,0,3,80,5,5,1,71,71559,1,1,0,6,"D.987 - Lieu-dit ""La  Velle""",46.280114,4.364018,15,1,1
202100022426,161Â 551,B01,1,1,2,1,2,6,-1,-1, -1,-1,2021,28.0,1,1,0,2,1,1,1,,4,FONTAINE LABORDE (ALLEE DE),0,,1,1,0,1,0,0,1,, -1,1,0,1,50,26,8,1,64,64024,2,3,1,1,MOULIN BARBOT (RUE DU),43.501,-1.53045,7,2,2
202100001362,199Â 329,A01,1,1,1,5,2,0,-1,-1, -1,-1,2021,33.0,2,1,0,1,1,1,1,,4,ILE DE FRANCE(AVENUE),0,,2,2,0,2,0,0,1,, -1,1,0,1,50,24,12,5,974,97409,2,1,0,-1,ILE DE FRANCE(AVENUE),-20.950104,55.648594,19,2,1
202100049659,112Â 977,B01,1,1,1,9,2,6,-1,0,0,-1,2021,34.0,1,1,0,2,1,18,1,,4,RUE MONGE,0,,2,2,0,2,(1),(1),1,, -1,1,0,1,50,1,3,1,75,75105,2,4,0,2,RUE MONGE,48.839143,2.350975,14,2,2
202100003342,195Â 787,A01,1,1,1,9,2,-1,-1,0,0,-1,2021,46.0,1,1,0,0,8,1,1,,3,19,0,D,2,2,0,1,8,200,1,, -1,1,0,3,80,12,12,3,82,82082,2,1,0,7,D19,44.27336,1.790729,0,1,1
202100052250,108Â 310,C01,2,2,1,0,1,4,-1,-1, -1,-1,2021,6.0,2,2,0,2,4,1,1,,1,15,0,,3,8,0,2,4,199,2,, -1,2,0,1,50,7,2,1,92,92036,1,1,1,5,AUTOROUTE A15,48.93842,2.29422,11,4,3
202100029464,149Â 119,A01,2,2,2,5,1,-1,-1,0,0,-1,2021,67.0,3,2,0,0,3,1,1,,3,168,-1,D,2,2,0,1,(1),(1),1,, -1,1,0,3,80,11,7,1,58,58002,1,1,0,7,Les Jaudoux,47.437464,3.101256,16,2,1
202100025516,156Â 060,A01,10,3,1,5,0,-1,-1,3,3,2,2021,81.0,2,1,0,1,1,17,1,,3,276,0,,2,2,0,1,0,452,1,, -1,2,0,1,50,5,8,1,35,35049,2,1,1,6,11 Quai Duguay-Trouin,48.669801,-1.856942,11,3,1
202100029550,148Â 970,A01,1,1,1,5,1,0,-1,-1, -1,-1,2021,33.0,2,2,6,0,2,1,1,,1,AUTOROUTE A6,0,,3,6,0,2,18,950,1,, -1,2,0,2,110,11,7,3,91,91434,1,1,1,7,AUTOROUTE A6,48.66778,2.35686,4,1,1
202100002633,197Â 073,B01,1,1,1,0,2,6,-1,-1, -1,-1,2021,22.0,0,1,1,2,2,17,1,,4,SALENGRO (AVENUE ROGER),0,,2,2,0,1,1,0,1,, -1,1,0,1,50,15,12,5,13,13005,2,9,0,3,SALENGRO (AVENUE ROGER),43.29808,5.56906,17,2,2
202100014957,174Â 972,B01,2,2,1,3,1,8,-1,-1, -1,-1,2021,19.0,1,2,0,2,3,1,1,,3,ROUTE DEPARTEMENTALE 3,0,,2,2,0,3,10,500,4,, -1,1,0,1,70,5,10,1,972,97213,2,1,0,1,ROUTE DEPARTEMENTALE 3,14.67652,-60.98806,13,5,2
202100035185,138Â 814,B01,1,1,1,0,2,6,9,-1, -1,-1,2021,26.0,2,1,0,2,7,3,1,,2,RN346   38.000 A 38.960,0,,3,4,0,1,38,150,1,, -1,1,0,1,90,10,6,1,69,69271,1,1,0,3,N346   38.000 A 38.960,45.7278326784,4.9762701988,18,2,2
202100039216,131Â 526,B01,1,1,1,5,2,6,9,0,0,-1,2021,22.0,2,1,0,2,8,1,1,,7,92,0,D,2,2,0,2,9,570,2,, -1,1,0,1,80,20,5,1,69,69116,1,1,0,6,MONT VERDUN (DU) (RTE),45.841709,4.776526,17,2,2
202100046523,118Â 625,A01,1,1,1,5,2,-1,-1,-1, -1,-1,2021,17.0,3,1,0,2,1,0,1,,4,BOUCHES DU RHONE (BOULEVARD DES),0,,-1,2,0,1,(1),(1),1,, -1,1,0,1,50,25,3,1,51,51454,2,2,0,3,Boulevard des Bouches du RhÃ´ne,49.2323926503,4.0183573356,18,2,2
202100007630,188Â 105,A01,3,2,1,0,1,0,-1,0,0,-1,2021,1.0,2,2,16,0,4,26,1,,3,GISORS (ROUTE DE),0,,2,3,0,4,16,150,3,, -1,2,0,8,80,14,11,1,27,27681,1,1,0,6,GISORS (ROUTE DE),49.11627,1.49598,12,3,1
202100023803,159Â 072,A01,1,1,1,5,1,-1,-1,0,0,-1,2021,23.0,2,2,4,0,3,0,1,,1,13,0,A,1,5,0,3,109,400,1,, -1,1,0,1,110,17,8,2,76,76682,1,1,0,6,autoroute A13 PK 109+400,49.321346,1.100821,19,5,1
202100041072,128Â 191,A01,10,3,2,5,0,-1,-1,3,3,1,2021,75.0,3,2,0,1,3,15,1,,4,CRONSTADT (QUAI) DU DONJON A RUE BRISSON,0,,2,2,0,1,(1),(1),1,, -1,2,6,1,50,6,5,1,79,79191,2,3,1,7,Quai Cronstadt,46.3261,-0.4647,10,2,1
202100021384,163Â 422,A01,1,1,1,5,2,6,-1,0,0,-1,2021,30.0,1,1,0,2,1,1,1,,3,12,0,D,2,2,0,2,10,122,1,, -1,1,0,1,80,2,9,2,65,65413,1,1,0,1,D12,42.881039,-0.023126,20,2,2
202100027563,152Â 455,A01,10,3,1,5,0,-1,-1,4,3,3,2021,25.0,2,2,0,1,3,1,1,,4,BOULEVARD JOURDAN,0,,1,2,0,4,(1),(1),1,, -1,1,9,1,50,22,7,5,75,75114,2,1,0,6,BOULEVARD JOURDAN,48.819708,2.341406,2,5,1
202100015368,174Â 237,A01,1,1,2,3,1,0,-1,-1, -1,-1,2021,44.0,1,2,0,2,4,23,0,,3,THEOPHILE SUEUR (BOULEVARD),0,,2,2,0,1,0,1,1,, -1,2,0,1,30,3,10,1,93,93048,2,1,1,6,Boulevard ThÃ©ophile Sueur,48.85951,2.466699,12,3,2
202100025305,156Â 427,A01,1,1,1,4,2,6,-1,-1, -1,-1,2021,31.0,2,1,0,2,3,7,1,,4,CHASLES (BOULEVARD),0,,2,2,3,1,0,0,1,, -1,1,0,6,30,15,7,1,28,28085,2,3,0,3,CHASLES (BOULEVARD),48.44198,1.48437,19,3,2
202100005924,191Â 202,B01,1,1,2,3,8,0,-1,-1, -1,-1,2021,25.0,1,0,0,2,3,16,3,,4,BLUM  (AVENUE LEON),0,,2,2,1,1,(1),(1),1,, -1,2,0,1,50,26,11,1,59,59017,2,3,0,3,BLUM  (AVENUE LEON),50.6975950188,2.8876546923,11,2,2
202100041085,128Â 171,A01,1,1,1,0,2,6,-1,-1, -1,-1,2021,22.0,1,1,0,2,1,2,1,,3,,0,,2,2,0,1,0,0,1,, -1,1,0,1,50,6,5,1,64,64140,2,1,0,5,R.N. 10,43.52411,-1.46456,15,4,3
202100041923,126Â 683,B01,1,1,1,3,1,0,-1,0,0,-1,2021,34.0,2,2,0,2,3,23,1,,7,COLLE AVENUE DE LA,0,,4,3,0,2,(1),(1),1,, -1,1,0,1,50,28,4,1,6,6027,2,9,0,1,COLLE AVENUE DE LA,43.66173,7.127568,10,2,2
202100046389,118Â 852,Y01,1,1,1,1,0,-1,-1,-1, -1,-1,2021,55.0,2,1,0,2,1,2,5,,3,AV DE JOINVILLE,0,,1,1,1,1,1,0,1,, -1,1,0,5,50,25,3,1,94,94052,2,9,0,3,Avenue de Joinville,48.83108,2.46876,16,2,2
202100047569,116Â 740,B01,1,1,1,4,1,-1,-1,0,0,-1,2021,41.0,2,2,0,2,2,1,1,,1,A9,0,A,1,4,0,1,123,759,3,, -1,1,3,1,130,12,1,1,34,34213,1,9,0,2,autoroute A9 sens sud - bretelle de sortie 33,43.479954,3.673768,9,2,2
202100054456,104Â 421,B01,1,1,1,5,2,6,-1,-1, -1,-1,2021,57.0,1,1,0,2,3,2,1,,4,GRANDES GUIARDES   AVENUE DES,0,,2,2,0,2,(1),(1),3,, -1,1,0,1,30,18,1,1,17,17300,2,3,0,3,GRANDES GUIARDES   AVENUE DES,46.17035,-1.18606,17,2,2
202100053555,105Â 991,B01,1,1,1,1,2,6,-1,-1, -1,-1,2021,42.0,3,0,0,2,1,17,3,,4,MAYOTTE (RUE DE),0,,-1,2,0,2,0,0,1,, -1,1,0,1,50,26,1,1,974,97411,2,3,0,3,Rue de la Guadeloupe,-20.90462,55.49305,7,2,2
202100017410,170Â 508,A01,1,1,1,0,1,0,-1,-1, -1,-1,2021,31.0,2,5,0,2,3,13,1,,3,BESSON,0,,2,2,0,1,(1),(1),2,, -1,1,0,1,50,22,9,1,971,97101,1,1,0,1,BESSON,16.23558,-61.50363,13,2,2
202100006314,190Â 498,B01,1,1,1,0,8,0,-1,-1, -1,-1,2021,32.0,3,1,0,2,7,19,5,,3,REPUBLIQUE AVENUE DE LA,0,,1,2,1,1,0,0,1,, -1,1,0,8,50,25,11,2,92,92050,2,2,0,3,HOCHE AVENUE,48.8996753306,2.2010502219,8,2,2
202100046351,118Â 919,B01,1,1,1,5,2,6,-1,-1, -1,-1,2021,31.0,3,1,0,2,4,1,1,,4,LUSCANEN(GIRATOIRE DE),0,,1,2,0,1,(1),(1),2,, -1,1,5,1,50,27,3,1,56,56260,2,6,0,2,LUSCANEN (GIRATOIRE DE),47.66121,-2.79458,14,2,2
202100000489,200Â 830,A01,10,3,2,0,0,-1,-1,1,3,1,2021,72.0,1,5,0,1,5,9,1,,3,PAUL NELSON (rond point),0,,2,2,0,1,67,783,1,, -1,1,5,1,50,9,10,1,50,50502,2,6,0,6,PAUL NELSON (rond point),49.103171,-1.11336,15,2,1
202100008000,187Â 433,A01,10,3,1,5,0,-1,-1,2,1,1,2021,44.0,1,5,0,1,4,4,1,,4,LLUCIA (FRANCOIS-XAVIER ANTOINE),0,,1,1,0,1,0,0,1,, -1,1,0,1,50,15,11,1,66,66136,2,3,0,6,LLUCIA (FRANCOIS-XAVIER ANTOINE),42.6971,2.90205,11,2,1
202100029473,149Â 104,B01,2,2,1,5,1,-1,-1,0,0,-1,2021,72.0,2,2,0,2,8,0,1,,3,743,2,D,2,2,0,1,1,665,1,,"6,3",2,0,1,50,12,7,5,79,79202,2,6,1,3,,46.63603,-0.246012,0,4,2
202100023421,159Â 756,B01,1,1,1,5,1,0,-1,-1, -1,-1,2021,41.0,2,2,0,2,1,1,1,,3,PARIS ( AVENUE DE ),0,,2,2,0,1,0,0,1,, -1,1,0,1,50,12,8,1,55,55545,2,1,0,1,PARIS ( AVENUE DE ),49.15576,5.36049,12,2,2
202100054252,104Â 783,B01,1,1,1,0,2,0,-1,-1, -1,-1,2021,30.0,1,1,0,2,2,2,1,,2,R DE PARIS,0,,2,4,0,1,1,0,1,, -1,2,0,1,50,21,1,1,94,94078,2,1,0,3,PARIS (rue de ),48.747,2.446,11,2,2
202100044235,122Â 595,A01,10,3,1,0,0,-1,-1,2,3,3,2021,5.0,1,1,0,1,1,1,1,,4,kaweni-Poste ( rue de la ),0,,2,0,0,1,0,0,1,, -1,1,0,1,50,17,2,1,976,97611,2,1,0,6,kaweni-Poste ( rue de la ),-12.77226,45.2222,12,2,1
202100050366,111Â 668,A01,1,1,1,0,2,6,-1,-1, -1,-1,2021,44.0,1,1,0,2,1,2,1,,3,AV JULIEN DURANTON ,0,,2,2,0,1,1,0,1,, -1,1,0,1,50,24,2,1,94,94074,2,1,0,2,JULIEN DURANTON (avenue),48.756156,2.453156,12,2,2
202100054468,104Â 402,A01,10,3,2,9,0,-1,-1,3,3,1,2021,13.0,2,2,0,1,3,21,1,,4,RUE DES POISSONNIERS,0,,2,2,0,1,(1),(1),1,, -1,2,0,1,50,19,1,1,75,75118,2,3,0,6,RUE DES POISSONNIERS,48.897958,2.352525,12,3,1
202100009987,183Â 849,A01,1,1,2,5,1,0,-1,-1, -1,-1,2021,25.0,2,2,4,0,1,13,1,,2,RN 104,0,,1,3,0,1,40,569,3,, -1,2,0,1,70,1,11,3,91,91521,1,1,0,6,RN 104,48.6322,2.401,0,1,1
202100015998,173Â 071,A01,1,1,1,2,1,-1,-1,0,0,-1,2021,19.0,1,2,0,0,1,1,1,,3,909,-1,,-1,2,0,2,24,385,1,, -1,2,0,1,90,14,9,1,34,34096,1,1,1,1,DÃ©partementale 909,43.544224,3.183975,7,3,2
202100005765,191Â 493,B01,1,1,2,0,1,0,-1,-1, -1,-1,2021,43.0,3,2,0,2,1,0,1,,7,D.10,0,,2,2,0,1,0,0,1,, -1,1,9,1,80,28,11,3,13,13047,1,1,0,1,D.10,43.59484,4.96211,18,5,4
202100007438,188Â 455,B01,1,1,1,9,2,0,-1,0,0,-1,2021,29.0,1,1,0,2,1,1,1,,4,PLACE DE LA PORTE DE PANTIN,0,,-1,2,0,1,(1),(1),1,, -1,1,0,1,30,18,11,1,75,75119,2,7,0,3,PLACE DE LA PORTE DE PANTIN,48.889608,2.395757,15,2,2
202100000432,200Â 934,B01,1,1,1,1,1,-1,-1,0,0,-1,2021,21.0,3,5,0,2,1,0,1,,3,263,0,D,2,2,0,1,(1),(1),1,, -1,1,0,1,90,27,9,1,67,67339,1,1,0,1,RD 263,48.912163,7.874429,8,3,2
202100039842,130Â 364,B01,2,2,2,5,1,0,-1,0,0,-1,2021,63.0,1,2,0,2,4,1,1,,4,QUAI DE BERCY,0,,1,3,0,1,(1),(1),1,, -1,1,0,1,50,15,5,1,75,75112,2,1,0,4,QUAI DE BERCY,48.831415,2.384931,15,6,3
202100049681,112Â 936,A01,1,1,1,0,1,0,-1,-1, -1,-1,2021,33.0,2,2,0,2,3,9,1,,3,GENERAL LECLERC(AVE DU)(43/87 ET 78/120),0,,1,2,1,1,0,1,1,, -1,1,0,1,50,28,2,5,93,93055,2,1,0,3,GENERAL LECLERC(AVE DU)(43/87 ET 78/120),48.89983,2.4097,21,2,2
202100028697,150Â 424,A01,1,1,2,0,1,0,-1,-1, -1,-1,2021,35.0,3,2,0,0,7,14,1,,2,RN 186,0,,1,2,0,1,0,0,1,, -1,1,3,1,70,16,7,1,94,94065,1,1,0,3,RN 186,48.75351,2.35632,10,2,2
202100019373,167Â 002,A01,1,1,2,5,2,0,-1,0,0,-1,2021,62.0,3,0,12,0,1,14,3,,4,PLACE DE LA CONCORDE,0,,1,8,0,1,(1),(1),1,, -1,1,0,1,30,12,9,1,75,75108,2,7,0,6,PLACE DE LA CONCORDE,48.8641736983,2.3202051795,17,1,1
202100002463,197Â 370,B01,1,1,2,1,8,0,-1,0,0,-1,2021,50.0,2,1,0,2,6,11,5,,4,BOULEVARD DE L HOPITAL,0,,2,2,0,1,(1),(1),1,, -1,1,0,1,50,17,12,1,75,75113,2,7,0,2,BOULEVARD DE L HOPITAL,48.831887,2.355849,11,2,2
202100040649,128Â 958,A01,1,1,2,5,6,2,-1,0,0,-1,2021,58.0,3,1,0,0,7,1,1,,4,,-1,,2,1,0,1,(1),(1),1,, -1,1,0,1,50,9,5,1,38,38373,1,1,1,7,Chemin des Croix,45.35126,5.56058,14,1,1
202100041567,127Â 302,B01,1,1,1,4,2,6,-1,-1, -1,-1,2021,24.0,1,1,1,0,2,1,1,,3,WILSON (AVENUE DU PRESIDENT),0,,1,2,3,1,0,0,1,, -1,1,0,1,50,3,5,1,93,93066,2,1,0,3,WILSON (AVENUE DU PRESIDENT),48.9068,2.3588,14,2,2
202100031278,145Â 834,A01,1,1,2,0,2,6,-1,0,0,-1,2021,33.0,3,1,0,0,8,26,1,,3,1016,-1,,4,2,0,1,10,300,3,, -1,1,0,8,70,3,7,1,60,60589,1,6,0,3,Rond point du verbois,49.220793,2.466924,19,2,2
202100003690,195Â 157,A01,10,3,1,0,0,-1,-1,8,5,2,2021,8.0,3,0,0,1,3,25,5,,4,BELLES PORTES (BOULEVARD DES),0,,2,1,0,1,1,0,1,, -1,1,0,6,30,9,12,1,14,14327,2,1,0,6,BELLES PORTES (BOULEVARD DES),49.20071,-0.3308,14,2,1
202100018209,169Â 060,A01,1,1,1,0,8,0,-1,-1, -1,-1,2021,25.0,1,2,4,0,9,14,1,,1,AUTOROUTE A6B,0,,3,-1,0,1,5,99,1,, -1,1,0,1,90,18,9,3,94,94038,1,1,0,6,AUTOROUTE A6B,48.7723585357,2.3452557802,5,1,1
202100050124,112Â 136,B01,1,1,2,0,1,-1,-1,0,0,-1,2021,30.0,3,2,0,2,1,1,1,,4,,-1,,2,2,0,2,(1),(1),1,, -1,1,0,1,50,27,2,1,69,69243,2,1,0,2,RADISSON (R),45.896299,4.438173,17,3,2
202100043264,124Â 330,A01,2,2,1,5,1,-1,-1,0,0,-1,2021,13.0,2,2,0,0,7,0,1,,3,102,-1,,2,2,0,1,(1),(1),1,, -1,1,0,3,80,21,4,3,87,87135,1,1,0,6,Route d'Oradour,45.779646,0.904698,21,2,1
202100017380,170Â 569,A01,1,1,1,0,2,6,-1,-1, -1,-1,2021,35.0,2,1,0,2,1,2,1,,1,AUTOROUTE A1,0,,1,3,0,1,12,399,1,, -1,2,0,1,110,24,9,1,93,93005,1,1,1,2,AUTOROUTE A1,48.962895,2.47053,7,2,2
202100016683,171Â 810,C01,1,1,1,0,1,0,-1,-1, -1,-1,2021,20.0,2,2,0,2,4,1,1,,3,913,0,,2,3,0,2,0,0,1,, -1,1,0,1,50,30,9,5,92,92050,2,1,0,4,CLEMENCEAU GEORGES AVENUE NÂ°IMPAIR,48.8866045667,2.2072327137,21,3,3
202100025896,155Â 400,A01,10,3,2,5,0,-1,-1,5,9,1,2021,80.0,3,2,0,1,4,4,1,,9,,0,,1,1,0,1,(1),(1),1,, -1,1,9,4,50,1,8,1,12,12096,2,7,0,6,Place Saint-Georges,44.520458,2.762032,12,2,1
202100039727,130Â 568,B01,1,1,1,0,8,0,-1,-1, -1,-1,2021,25.0,-1,1,0,2,0,19,5,,3,BALLANGER ROBERT (AVENUE),0,,2,4,0,1,0,1,1,, -1,2,0,1,50,16,5,1,93,93071,2,2,1,3,BALLANGER ROBERT (AVENUE),48.9493624375,2.5196681762,18,2,2
202100017509,170Â 325,A01,10,3,2,0,8,8,-1,3,3,1,2021,59.0,2,2,0,1,1,15,0,,3,COLONEL PIERRE BROSSOLETTE (R DU),0,,2,0,0,1,0,1,1,, -1,1,0,1,50,22,9,1,94,94077,2,3,0,1,COLONEL PIERRE BROSSOLETTE (R DU),48.73058,2.42601,11,2,1
202100053957,105Â 305,A01,10,3,1,9,0,-1,-1,2,3,1,2021,31.0,2,2,0,1,6,4,1,,4,RUE DE L OURCQ,0,,1,2,3,1,(1),(1),1,, -1,2,0,1,50,23,1,1,75,75119,2,1,1,6,RUE DE L OURCQ,48.893103,2.377568,10,2,1
202100029162,149Â 621,A01,1,1,1,1,2,6,-1,0,0,-1,2021,43.0,1,1,0,0,3,1,1,,4,RUE DE LONDRES,0,,1,2,0,2,(1),(1),1,, -1,2,0,1,50,13,7,1,75,75109,2,5,1,7,RUE DE LONDRES,48.87786,2.326986,18,1,1
202100011900,180Â 455,A01,1,1,1,0,2,-1,-1,0,0,-1,2021,26.0,2,1,0,2,1,17,1,,2,22,-1,,2,2,0,1,8,800,1,, -1,2,0,1,50,21,10,1,201,201001,1,1,1,3,"RT 22, zone industrielle de Baleon",41.960049,8.806465,15,2,2