Num_Acc,id_vehicule,num_veh,place,catu,sexe,trajet,secu1,secu2,secu3,locp,actp,etatp,year_acc,victim_age,senc,catv,obs,obsm,choc,manv,motor,occutc,catr,voie,v1,v2,circ,nbv,vosp,prof,pr,pr1,plan,lartpc,larrout,surf,infra,situ,vma,jour,mois,lum,dep,com,agg_,int,atm,col,adr,lat,long,hour,nb_victim,nb_vehicules
202100032344,143Â 945,B01,1,1,1,0,2,0,-1,-1, -1,-1,2021,42.0,1,1,0,2,1,1,1,,3,PERI (BOULEVARD GABRIEL)  0 - 37 / 42,0,,3,4,0,1,1,0,1,, -1,1,0,1,50,25,6,1,93,93064,2,1,0,3,PERI (BOULEVARD GABRIEL)  0 - 37 / 42,48.877318,2.478733,8,2,2
202100042494,125Â 662,B01,1,1,2,9,2,0,-1,0,0,-1,2021,32.0,2,1,0,2,3,1,5,,4,RUE DE JOINVILLE,0,,1,1,0,1,(1),(1),1,, -1,1,0,1,50,26,4,1,75,75119,2,1,0,2,RUE DE JOINVILLE,48.889863,2.380043,19,3,2
202100040753,128Â 764,B01,1,1,1,1,2,8,-1,-1, -1,-1,2021,41.0,1,1,0,2,4,2,1,,7,ESPLANADE FRANCOIS MITTERRAND ,0,,1,2,0,2,13,790,1,, -1,2,9,6,50,7,5,1,31,31149,2,9,0,2,ESPLANADE FRANCOIS MITTERRAND ,43.60691,1.33599,12,2,2
202100029390,149Â 245,A01,1,1,2,0,1,7,-1,0,0,-1,2021,15.0,1,2,13,0,7,19,1,,3,27,-1,,2,2,0,1,12,352,1,, -1,2,0,1,80,12,7,1,77,77364,1,2,1,3,D27,49.008164,2.769649,18,4,2
202100035017,139Â 106,B01,2,2,2,5,2,6,-1,-1, -1,-1,2021,50.0,3,1,0,2,1,2,1,,4,AVE FRANCOIS MITTERRAND,0,,2,2,0,1,(1),(1),3,, -1,1,0,1,80,11,6,1,33,33281,2,1,0,3,Avenue FranÃ§ois Mitterrand,44.81104,-0.70836,19,3,2
202100014996,174Â 898,A01,10,3,1,5,0,-1,-1,5,9,1,2021,50.0,2,2,12,1,1,19,1,,3,RD 6382,0,,3,4,0,1,10,154,1,, -1,2,0,4,50,3,10,3,76,76481,2,6,1,6,RD 6382,49.5315,0.10342,8,2,1
202100021218,163Â 734,B01,1,1,1,0,8,-1,-1,-1, -1,-1,2021,60.0,2,1,0,2,1,1,3,,4,GUILLOTIERE (DE LA)                 (GR),0,,2,2,2,1,(1),(1),1,, -1,1,0,1,50,2,9,1,69,69387,2,1,0,3,GUILLOTIERE (DE LA) (GR),45.75319,4.84486,16,2,2
202100022719,160Â 989,B01,1,1,1,0,8,0,-1,0,0,-1,2021,19.0,3,1,0,2,7,19,0,,4,APOTHICAIRES (AVENUE DES),0,,1,1,0,1,(1),(1),1,, -1,1,0,1,50,23,8,1,34,34172,2,1,0,3,APOTHICAIRES (AVENUE DES),43.64447,3.84154,18,2,2
202100055374,102Â 860,A01,10,3,1,3,0,-1,-1,7,3,1,2021,81.0,1,2,0,1,3,15,1,,4,GENERAL GALLIENI (BOULEVARD DU),0,,1,2,0,1,0,0,1,, -1,2,0,1,50,12,1,1,93,93005,2,9,1,6,GENERAL GALLIENI (BOULEVARD DU),48.931372861,2.4956142958,13,2,1
202100041560,127Â 317,A01,10,3,1,9,0,-1,-1,1,2,1,2021,54.0,1,5,0,1,4,4,1,,4,RUE AMELIE,0,,1,1,0,1,(1),(1),1,, -1,1,0,1,30,3,5,1,75,75107,2,1,0,6,RUE AMELIE,48.858521,2.307632,11,2,1
202100010157,183Â 541,B01,1,1,2,4,1,0,-1,-1, -1,-1,2021,22.0,1,2,0,2,4,26,1,,3,AUVERGNE (AVENUE),0,,2,2,0,2,1,0,1,, -1,1,0,1,50,28,10,1,23,23096,2,1,0,2,AUVERGNE (AVENUE),46.16431,1.88946,11,2,2
202100012056,180Â 161,A01,1,1,1,9,2,8,-1,-1, -1,-1,2021,19.0,2,1,1,0,1,26,1,,3,JEAN JAURES (AV),0,,2,2,0,1,0,0,1,, -1,1,0,1,50,20,10,5,94,94081,2,9,0,3,Avenue Jean JaurÃ¨s,48.79317,2.39596,4,2,2
202100018757,168Â 113,A01,1,1,1,5,2,6,-1,-1, -1,-1,2021,26.0,1,1,0,2,1,1,1,,3,SEES (ROUTE DE),0,,2,2,0,1,0,320,1,, -1,1,0,1,50,11,9,1,61,61006,2,3,0,2,SEES (ROUTE DE),48.724335,-0.013129,18,2,2
202100052713,107Â 510,B01,1,1,1,0,1,-1,-1,0,0,-1,2021,63.0,2,2,3,0,6,11,1,,1,A61,-1,,1,4,0,1,356,300,1,, -1,2,0,5,130,4,2,3,11,11098,1,1,1,2,A61,43.1683776467,2.736676915,6,2,2
202100048971,114Â 213,B01,1,1,1,1,2,6,-1,-1, -1,-1,2021,29.0,2,1,0,9,7,1,1,,3,ELYSEE RECLUS (AVENUE) NÂ° 23 AU 217,0,,1,4,0,1,0,1,1,, -1,1,0,1,50,6,3,5,93,93059,2,1,0,3,ELYSEE RECLUS (AVENUE) NÂ° 23 AU 217,48.94933,2.35771,19,2,2
202100037018,135Â 533,A01,10,3,1,5,0,-1,-1,9,5,3,2021,6.0,1,5,6,1,7,1,1,,6,AZEMIA (BOULEVARD GEORGES),0,,-1,-1,0,1,(1),(1),1,, -1,1,0,1,30,14,5,1,27,27681,2,1,0,6,AZEMIA (BOULEVARD GEORGES),49.07951,1.48752,19,2,1
202100035161,138Â 859,A01,1,1,1,5,2,6,-1,0,0,-1,2021,22.0,2,1,0,2,1,1,1,,4,,0,,2,2,1,1,(1),(1),1,,4,1,5,1,50,12,6,1,66,66171,2,3,0,1,Rue Jouy D Arnaud,42.639334,3.028557,12,2,2
202100033956,141Â 069,B01,1,1,2,1,2,6,-1,0,0,-1,2021,48.0,0,1,0,2,1,1,1,,4,2963,0,,2,2,0,3,(1),(1),2,, -1,1,0,1,30,18,6,2,83,83027,1,1,0,1,2963 Chemin de Marenc et des Costes,43.166207,5.74383,6,2,2
202100030337,147Â 536,B01,1,1,2,0,1,0,-1,-1, -1,-1,2021,26.0,2,2,0,2,8,1,1,,3,118,0,,2,3,0,1,0,0,1,, -1,1,0,1,50,6,7,1,91,91027,2,3,0,3,AV FRANCOIS MITTERRAND,48.70581,2.37144,8,2,2
202100025175,156Â 657,A01,1,1,2,5,2,-1,-1,0,0,-1,2021,11.0,3,0,0,2,8,19,1,,3,D86,-1,,2,2,0,1,4,119,1,, -1,1,0,1,50,7,8,1,65,65019,2,1,0,3,Rue du 8 Mai 1945,43.158478,0.100465,16,2,2
202100037272,135Â 052,A01,1,1,1,0,2,0,-1,-1, -1,-1,2021,43.0,1,1,0,2,7,17,1,,4,BLUM NR IMPAIRS JUSQUAU 1429,0,,2,2,0,1,1,0,1,, -1,1,0,1,50,31,5,1,11,11069,2,1,0,3,BLUM NR IMPAIRS JUSQUAU 1429,43.2239010741,2.3537098628,12,2,2
202100002747,196Â 856,A01,10,3,2,5,0,-1,-1,4,3,1,2021,20.0,0,2,0,1,1,1,1,,4,ARISTIDE BRIAND,0,,2,2,0,1,0,0,1,, -1,1,0,1,50,13,12,5,76,76351,2,2,0,6,ARISTIDE BRIAND,49.5,0.1393,19,2,1
202100009470,184Â 782,A01,10,3,1,1,0,-1,-1,4,3,1,2021,34.0,1,5,0,1,3,15,1,,4,CHOISY (R DE),0,,2,2,0,1,0,0,1,, -1,2,0,1,30,3,11,5,94,94081,2,2,1,6,CHOISY (R DE),48.78346,2.40134,7,2,1
202100003369,195Â 736,A01,1,1,1,5,2,6,-1,0,0,-1,2021,40.0,2,1,3,0,1,1,1,,3,751,0,,2,2,0,4,69,335,1,, -1,1,5,3,90,12,12,3,37,37210,1,2,0,6,la route,47.20031256,0.3199191391,19,1,1
202100036219,136Â 949,A01,10,3,2,5,0,-1,-1,5,9,1,2021,64.0,1,1,0,1,1,25,3,,4,BERTHELOT                           (AV),0,,1,2,3,1,(1),(1),1,, -1,1,0,4,50,5,6,1,69,69387,2,1,0,6,BERTHELOT (AV),45.74779,4.83376,15,2,1
202100015667,173Â 664,B01,1,1,2,5,1,-1,-1,0,0,-1,2021,44.0,2,2,0,0,4,15,1,,3,999,0,D,2,2,0,1,34,995,1,, -1,1,0,1,70,2,10,1,81,81074,1,1,0,2,D999,43.925424,2.205677,11,3,2
202100016942,171Â 338,B01,1,1,1,0,2,-1,-1,-1, -1,-1,2021,18.0,3,1,0,2,1,1,1,,4,ARGONNE (CRS DE L),0,,1,2,0,1,(1),(1),1,, -1,1,0,1,30,22,9,5,33,33063,2,2,0,3,Cours de lâArgonne,44.8274,-0.57574,1,2,2
202100052511,107Â 857,B01,1,1,1,1,2,0,-1,-1,0,-1,2021,52.0,2,1,0,2,2,3,1,,1,AUTOROUTE A15,0,,3,8,0,1,6,599,1,, -1,1,0,1,110,5,2,1,95,95018,1,1,0,2, A15,48.95582,2.27753,8,2,2
202100046147,119Â 275,B01,1,1,1,5,2,8,-1,-1, -1,-1,2021,43.0,1,1,0,2,8,1,1,,3,MARECHAL DE LATTRE DE TASSIGNY (AV DU),0,,1,7,2,1,(1),(1),1,, -1,1,0,1,30,29,3,1,94,94018,2,1,0,3,MARECHAL DE LATTRE DE TASSIGNY (AV DU),48.823178481,2.4198211174,19,2,2
202100021869,162Â 543,B01,7,2,2,5,1,-1,-1,0,0,-1,2021,8.0,2,2,0,2,8,1,1,,3,137,-1,,2,2,0,1,11,350,1,, -1,1,0,1,80,31,8,1,27,27125,1,2,0,3,Intersection RD137 - Rue AbbÃ© Borie,49.176913,0.763614,18,3,2
202100005762,191Â 499,A01,10,3,2,5,0,-1,-1,3,3,1,2021,22.0,3,2,0,1,1,1,1,,4,LOUCHEUR (AV.),0,,2,2,0,2,1,0,1,, -1,2,9,1,50,27,11,5,22,22278,2,1,1,6,LOUCHEUR (AV.),48.5156,-2.73702,19,2,1
202100007348,188Â 619,A01,1,1,1,9,2,6,-1,0,0,-1,2021,16.0,2,1,0,2,1,1,1,,4,BOULEVARD HAUSSMANN,0,,1,2,0,1,(1),(1),1,, -1,1,0,1,50,19,11,5,75,75108,2,2,0,3,BOULEVARD HAUSSMANN,48.874197,2.32393,1,3,2
202100000412,200Â 969,A01,10,3,2,9,0,-1,-1,9,3,1,2021,101.0,0,3,0,1,9,1,-1,,4,,-1,,2,2,0,1,(1),(1),1,, -1,1,4,8,30,13,1,2,33,33490,2,8,1,6,Rue Mirambeau,45.4334281,-1.046693,8,2,1
202100022143,162Â 056,B01,1,1,1,0,2,6,-1,0,0,-1,2021,52.0,2,1,0,0,1,1,1,,3,999,0,D,2,2,0,1,8,215,1,, -1,1,0,1,50,26,8,2,30,30135,2,3,0,3,D 999,43.830367,4.563712,18,2,2
202100030475,147Â 298,A01,1,1,1,5,2,6,-1,0,0,-1,2021,17.0,1,1,8,0,0,1,1,,3,32,0,,2,2,0,1,61,650,1,, -1,1,0,1,30,6,7,1,53,53250,2,1,0,6,Rue de Bretagne,47.965628,-1.046011,18,1,1
202100008702,186Â 182,B01,1,1,1,1,8,-1,-1,-1, -1,-1,2021,39.0,2,1,0,2,1,15,3,,4,FRANKLIN ROOSEVELT                  (AV),0,,2,2,0,1,(1),(1),1,, -1,1,0,1,50,8,11,1,69,69275,2,1,0,1,FRANKLIN ROOSEVELT (AV),45.74607,4.93297,15,2,2
202100048353,115Â 322,B01,1,1,1,1,1,0,-1,-1, -1,-1,2021,26.0,1,2,0,2,1,1,1,,1,AUTOROUTE A126,0,,2,2,0,1,6,118,3,, -1,1,0,1,50,12,3,1,91,91477,1,1,0,1,AUTOROUTE A126,48.7202,2.22696,8,2,2
202100019696,166Â 440,A01,1,1,1,5,2,6,-1,-1, -1,-1,2021,19.0,0,1,0,2,7,13,1,,4,AMPERE,0,,2,2,0,1,(1),(1),1,, -1,2,0,1,50,10,9,1,17,17306,2,1,1,1,AMPERE,45.63143,-1.00105,9,2,2
202100037159,135Â 261,A01,10,3,2,5,0,-1,-1,3,3,1,2021,85.0,3,2,0,1,8,1,1,,4,ESPLANADE SAINT VINCENT,0,,2,2,0,1,(1),(1),1,, -1,1,0,1,30,30,5,1,35,35288,2,1,1,6,ESPLANADE SAINT VINCENT,48.650866,-2.021373,16,2,1
202100010604,182Â 774,A01,2,2,1,5,2,-1,-1,0,0,-1,2021,25.0,1,1,15,0,2,1,1,,3,RD22,0,A,2,2,0,1,2,300,2,, -1,6,0,1,80,12,9,1,51,51204,1,1,0,7,D22A,49.0825372917,3.8591990748,18,2,1
202100035741,137Â 822,A01,1,1,1,0,2,6,-1,-1, -1,-1,2021,17.0,1,1,0,2,2,15,1,,3,DIJON (RUE DE),0,,2,2,0,1,(1),(1),1,, -1,1,0,1,50,7,6,1,10,10343,2,2,0,3,DIJON (RUE DE),48.26898,4.08794,14,2,2
202100012138,180Â 017,A01,1,1,2,0,1,4,-1,-1, -1,-1,2021,34.0,1,2,4,0,1,1,1,,1,BDL,0,,1,2,0,1,0,500,2,, -1,2,2,1,70,20,10,1,93,93027,1,1,0,6,BDL,48.92683,2.40336,11,2,1
202100046984,117Â 799,A01,1,1,1,1,2,6,-1,0,0,-1,2021,32.0,1,1,0,2,1,1,1,,4,13,0,,3,2,0,1,43,500,1,, -1,1,5,1,50,24,3,1,29,29160,2,1,0,2,Rue des 3 Freres le Roy,48.498077,-4.427746,12,2,2
202100052445,107Â 968,B01,1,1,1,9,2,6,-1,-1, -1,-1,2021,73.0,2,1,0,2,1,1,1,,4,SAINTE MARGUERITE (BOULEVARD),0,,2,2,0,2,(1),(1),1,, -1,1,0,1,50,5,2,1,13,13209,2,1,0,3,SAINTE MARGUERITE (BOULEVARD),43.2613970056,5.4148289957,14,2,2
202100004713,193Â 352,A01,1,1,1,0,1,0,-1,-1, -1,-1,2021,56.0,2,2,9,0,1,13,1,,3,GENERAL VALERIE ANDRE (RUE DU),0,,2,2,0,1,1,100,1,, -1,1,0,3,50,2,12,1,78,78640,2,1,0,6,GENERAL VALERIE ANDRE (RUE DU),48.77752,2.19282,15,1,1
202100033056,142Â 655,B01,1,1,1,0,1,-1,-1,-1, -1,-1,2021,28.0,2,2,0,2,3,15,1,,4,CRS DE LA MARNE,0,,2,2,3,1,(1),(1),1,, -1,1,-1,1,50,21,6,1,33,33063,2,3,0,3,Cours de la Marne,44.828274,-0.561246,17,2,2
202100010065,183Â 703,B01,9,2,2,0,3,-1,-1,0,0,-1,2021,8.0,1,2,0,2,3,9,1,,3,D643,-1,,2,2,0,3,(1),(1),1,, -1,1,0,1,80,1,11,3,54,54476,1,3,0,1,D643,49.4566880645,5.4782724382,17,5,2
202100030670,146Â 932,A01,1,1,1,1,1,-1,-1,0,0,-1,2021,43.0,3,2,13,0,1,13,1,,4,,-1,,2,2,0,1,(1),(1),1,,4,1,0,1,80,5,7,1,49,49023,1,1,0,6,Rue du Commerce (andrezÃ©),47.178731,-0.962779,18,1,1
202100035709,137Â 881,B01,1,1,1,3,2,0,-1,-1, -1,-1,2021,48.0,3,1,0,2,1,1,1,,3,779B,2,,2,4,1,1,1,350,1,, -1,1,0,1,50,5,6,1,56,56260,2,2,0,3,Boulevard de la Paix,47.66129,-2.75524,19,3,2
202100026947,153Â 544,A01,1,1,1,9,2,6,-1,0,0,-1,2021,36.0,1,1,0,2,7,17,1,,4,BOULEVARD VOLTAIRE,0,,2,-1,1,1,(1),(1),1,, -1,1,0,1,30,26,7,1,75,75111,2,2,0,3,BOULEVARD VOLTAIRE,48.850394,2.392522,19,2,2
202100002953,196Â 493,A01,1,1,1,4,2,6,-1,-1, -1,-1,2021,35.0,1,1,0,2,1,1,1,,4,Corniche John FitzgÃ©rald Kennedy,0,,-1,3,0,1,0,0,1,, -1,1,0,1,50,14,12,1,13,13207,2,1,1,1,Corniche John FitzgÃ©rald Kennedy,43.2776056736,5.3559519849,9,2,2
202100004361,193Â 964,A01,10,3,1,5,0,-1,-1,2,A,1,2021,69.0,1,2,0,1,8,26,0,,4,,0,,2,2,0,1,(1),(1),3,,4,1,0,8,50,8,12,5,60,60103,2,7,0,6,Rue de la Mare du Four,49.409301,2.251698,17,2,1
202100051178,110Â 191,B01,1,1,1,1,2,6,-1,-1, -1,-1,2021,36.0,1,1,0,2,4,1,1,,4,SAINTE MARGUERITE (BOULEVARD),0,,2,2,0,2,0,0,1,, -1,2,0,1,50,16,2,1,13,13209,2,1,0,2,SAINTE MARGUERITE (BOULEVARD),43.2650389139,5.4091492886,16,3,3
202100043914,123Â 174,B01,1,1,1,4,2,0,-1,0,0,-1,2021,27.0,1,1,0,2,1,1,5,,4,BOULEVARD DE BONNE NOUVELLE,0,,2,3,1,1,(1),(1),1,, -1,1,-1,5,50,15,4,1,75,75110,2,1,0,3,BOULEVARD DE BONNE NOUVELLE,48.870274,2.349895,13,2,2
202100052056,108Â 667,A01,1,1,1,5,2,8,-1,-1, -1,-1,2021,23.0,1,1,12,2,2,17,1,,3,LUCIEN LANTERNIER (AVENUE) (19/65),0,,2,2,0,1,0,0,1,, -1,1,0,1,50,8,2,5,92,92036,2,1,0,3,LUCIEN LANTERNIER (AVENUE) (19/65),48.9326510127,2.2922388396,19,2,2
202100046547,118Â 577,A01,10,3,2,5,0,-1,-1,1,3,2,2021,8.0,3,5,0,1,3,15,1,,9,MANDARINIERS (AV. DES),0,,-1,1,0,4,(1),(1),2,, -1,1,9,1,50,26,3,1,6,6088,2,1,0,6,MANDARINIERS (AV. DES),43.67975,7.22133,17,2,1
202100035506,138Â 245,A01,1,1,2,5,2,8,-1,0,0,-1,2021,25.0,3,1,0,2,8,19,6,,4,JAURES JEAN (AVENUE),0,,3,3,1,1,(1),(1),1,, -1,1,0,1,30,1,6,1,34,34108,2,1,0,3,JAURES JEAN (AVENUE),43.4257718675,3.7311324477,17,3,2
202100030744,146Â 805,A01,10,3,1,5,0,-1,-1,2,3,1,2021,12.0,2,2,0,1,1,1,1,,4,PARMENTIER                          (R ),0,,2,2,2,2,(1),(1),1,, -1,1,0,1,50,30,6,1,69,69199,2,1,0,6,MARCEL ET PAULETTE NICOLLIN (R),45.7057793795,4.8541760445,18,2,1
202100044566,122Â 055,B01,1,1,2,5,2,0,-1,0,0,-1,2021,89.0,1,1,0,2,3,19,5,,4,JAURES ( BOULEVARD JEAN ),0,,-1,0,1,1,1,0,1,, -1,1,5,5,50,9,4,1,53,53130,2,1,0,3,JAURES ( BOULEVARD JEAN ),48.064795,-0.790202,17,2,2
202100054682,104Â 041,A01,10,3,2,5,0,-1,-1,2,2,1,2021,70.0,3,2,0,1,1,1,1,,4,QUATREFAGES   RUE DES,0,,2,2,0,1,(1),(1),2,, -1,1,1,1,30,17,1,1,17,17300,2,1,0,6,QUATREFAGES   RUE DES,46.16191,-1.18243,17,2,1
202100030155,147Â 867,A01,2,2,1,0,8,0,-1,-1, -1,-1,2021,14.0,1,1,0,2,1,1,5,,4,GAMBETTA (AVENUE),0,,2,2,0,1,(1),0,1,, -1,1,5,1,50,5,7,1,83,83069,2,2,0,3,GAMBETTA (AVENUE),43.11759,6.12861,19,3,2
202100016288,172Â 518,B01,1,1,1,5,2,-1,-1,0,0,-1,2021,71.0,1,1,0,2,1,15,5,,3,352,0,,2,2,0,1,(1),(1),1,,5,1,0,1,50,11,9,1,44,44097,2,3,0,3,Rue de Lozepienne,47.407691,-2.480813,11,2,2
202100055533,102Â 585,B01,1,1,1,4,8,0,-1,0,0,-1,2021,36.0,1,1,0,2,8,1,5,,4,AVENUE DE WAGRAM,0,,2,2,0,1,(1),(1),1,, -1,1,0,1,50,11,1,1,75,75117,2,4,0,3,AVENUE DE WAGRAM,48.882039,2.301056,11,2,2
202100012938,178Â 608,B01,1,1,1,5,2,6,-1,0,0,-1,2021,16.0,1,1,0,2,1,1,1,,3,132,0,D,2,2,0,1,7,324,1,, -1,1,0,1,50,15,10,1,44,44015,2,1,0,1,56 Le Guesny,47.441327,-1.710903,18,2,2
202100009067,185Â 500,B01,1,1,1,9,2,8,-1,-1, -1,-1,2021,27.0,1,1,0,9,7,1,6,,2,MARINGOUINS (ROND-POINT),0,,2,2,0,1,3,0,2,, -1,1,0,1,50,5,11,1,973,97302,1,6,0,3,MARINGOUINS (ROND-POINT),4.9078050347,-52.3224298955,9,2,2
202100036989,135Â 581,B01,1,1,1,0,2,6,-1,-1, -1,-1,2021,42.0,3,1,0,2,1,1,1,,3,TREMBLAY (AVENUE DU),0,,2,2,0,1,1,900,1,, -1,1,0,1,50,31,5,1,60,60175,2,1,0,3,Avenue du Tremblay,49.2701311957,2.4945061538,12,2,2
202100051171,110Â 208,A01,1,1,1,4,2,-1,-1,-1, -1,-1,2021,23.0,1,1,0,2,1,1,3,,4,RUE VILLEDIEU,0,,1,1,0,1,(1),(1),1,, -1,1,0,1,50,17,2,5,33,33063,2,2,0,3,Rue Villedieu,44.83107,-0.57518,20,2,2
202100007183,188Â 913,B01,1,1,1,1,1,-1,-1,-1, -1,-1,2021,22.0,1,2,4,2,4,1,1,,2,VOIE RAPIDE SUD 3 (RN 338),0,,3,3,0,1,5,0,1,, -1,1,0,1,90,11,11,5,76,76322,1,1,0,2,VOIE RAPIDE SUD 3 (RN 338),49.41539,1.04529,6,2,2
202100028785,150Â 265,B01,1,1,1,0,2,0,-1,-1, -1,-1,2021,40.0,2,1,0,2,1,1,1,,2,192,0,,1,1,0,1,0,400,3,, -1,1,1,1,70,16,7,5,92,92026,2,1,0,1,RN192,48.8907672742,2.2427309569,3,2,2
202100037601,134Â 449,A01,1,1,1,5,1,0,-1,0,0,-1,2021,85.0,2,2,0,2,1,2,1,,4,PORTE DE PASSY,0,,1,4,0,1,13,400,1,, -1,1,1,1,70,29,5,1,75,75116,2,1,0,4,PORTE DE PASSY,48.857246,2.258489,19,3,3
202100052550,107Â 787,A01,10,3,2,9,0,-1,-1,3,3,1,2021,30.0,2,2,0,1,3,9,1,,4,GRABIEUX (ROUTE DU PONT DE),0,,2,2,0,1,0,0,1,, -1,2,0,1,30,4,2,2,30,30007,2,1,1,6,GRABIEUX (ROUTE DU PONT DE),44.1402339788,4.0886735916,18,2,1
202100018406,168Â 725,A01,1,1,2,5,2,0,-1,0,0,-1,2021,18.0,1,1,0,2,1,2,3,,4,RUE EMILE DURKHEIM,0,,1,0,0,1,(1),(1),1,, -1,1,0,1,30,17,9,1,75,75113,2,3,0,2,RUE EMILE DURKHEIM,48.832693,2.37828,11,2,2
202100005229,192Â 435,B01,2,2,2,0,2,8,-1,-1, -1,-1,2021,27.0,1,1,0,2,8,0,1,,3,SECTEUR DAMPIERRE,0,,3,2,0,1,(1),(1),1,, -1,1,9,8,70,29,11,5,971,97113,1,9,0,3,SECTEUR DAMPIERRE,16.20919,-61.47054,18,3,2
202100002417,197Â 457,B01,2,2,1,4,1,0,-1,-1, -1,-1,2021,55.0,1,5,0,2,4,1,1,,4,MARECHAL JUIN (BD),0,,3,4,0,1,(1),(1),1,, -1,1,0,1,50,16,12,1,37,37261,1,1,0,4,MARECHAL JUIN (BD),47.40941,0.70333,14,4,3
202100055007,103Â 486,A01,1,1,2,0,2,6,-1,-1, -1,-1,2021,24.0,1,1,0,2,1,1,1,,2,kaweni-Mangrove (route de la),0,,2,0,0,1,0,951,1,, -1,1,0,1,50,14,1,1,976,97611,2,1,0,3,kaweni-Mangrove (route de la),-12.77316,45.22295,14,2,2
202100033169,142Â 475,A01,1,1,1,0,2,6,-1,-1, -1,-1,2021,40.0,1,1,0,2,1,2,1,,2,m'tsapere-Nationale 2 (route),0,,2,0,0,1,0,0,1,, -1,1,0,1,50,20,6,1,976,97611,2,6,0,3,passamanty-VahibÃ© ( route ),-12.80269,45.21393,9,2,2
202100040912,128Â 495,B01,1,1,1,5,8,0,-1,0,0,-1,2021,71.0,3,1,0,2,9,18,5,,3,LACAPELETTE,0,,2,2,0,1,0,1,1,, -1,1,0,1,50,7,5,1,47,47031,2,6,0,3,RIOLS (ALLEE DE),44.1800686559,0.6254972745,15,2,2
202100020884,164Â 319,A01,1,1,1,9,2,0,-1,0,0,-1,2021,38.0,1,1,0,0,0,1,5,,4,QUAI DE VALMY,0,,1,2,0,2,(1),(1),1,, -1,9,0,1,30,4,9,1,75,75110,2,1,0,7,QUAI DE VALMY,48.875791,2.363756,13,1,1
202100051615,109Â 431,A01,2,2,1,5,1,-1,-1,0,0,-1,2021,9.0,0,2,9,0,1,1,1,,9,,-1,,2,2,0,1,(1),(1),3,, -1,1,0,3,50,14,2,1,76,76750,2,1,0,6,Rue de la Republique,49.457218,0.827011,17,2,1
202100046823,118Â 082,A01,1,1,2,0,1,-1,-1,0,0,-1,2021,39.0,1,2,14,2,1,6,1,,3,113,0,,2,2,1,1,47,600,1,, -1,2,0,1,80,25,3,3,78,78291,1,1,1,1,190 Route Nationale 113,48.970633,1.740341,5,2,2
202100028519,150Â 737,A01,1,1,2,5,2,6,9,0,0,-1,2021,54.0,2,1,0,0,1,1,1,,3,42,-1,A,2,2,0,2,10,150,3,, -1,1,0,3,-1,18,7,1,83,83019,1,1,0,7,Route de Cabasson,43.12011,6.324606,12,1,1
202100051625,109Â 415,A01,1,1,1,5,2,-1,-1,0,0,-1,2021,24.0,2,1,0,2,1,18,1,,3,135,-1,,2,2,0,1,26,973,1,, -1,1,0,1,80,13,2,1,30,30036,1,1,0,3,cd 135,43.740964,4.293036,9,2,2
202100032585,143Â 527,B01,1,1,1,5,2,-1,-1,0,0,-1,2021,63.0,1,1,0,2,1,1,1,,3,999,0,D,2,2,0,1,73,750,1,, -1,1,0,1,50,24,6,1,30,30263,2,9,0,3,Place de la Couronne,43.960619,3.858207,17,2,2
202100055306,102Â 967,A01,10,3,2,2,0,-1,-1,4,3,2,2021,49.0,1,2,0,1,1,15,1,,4,,0,,1,2,2,1,(1),(1),1,, -1,2,-1,1,50,12,1,5,54,54395,2,2,1,6,FRANCE (AVENUE ANATOLE),48.6873482775,6.1629974842,8,3,1
202100031254,145Â 879,A01,1,1,1,5,8,-1,-1,0,0,-1,2021,28.0,2,1,0,2,4,0,5,,3,904,-1,,2,3,0,2,15,500,1,, -1,1,0,1,90,4,7,3,30,30223,1,1,0,3,Popnt d'avÃ¨ne,44.210559,4.145641,0,2,2
202100035866,137Â 577,B01,1,1,2,0,2,8,-1,-1, -1,-1,2021,48.0,1,1,0,9,1,1,1,,3,BADUEL (ROUTE DE),0,,2,2,0,1,2,750,1,, -1,1,0,1,50,7,6,1,973,97302,2,1,0,6,BADUEL (ROUTE DE),4.9308,-52.3055,15,3,2
202100053072,106Â 858,B01,1,1,1,5,2,6,-1,-1, -1,-1,2021,16.0,3,1,0,2,1,2,1,,3,GROSS-UMSTADT (AVENUE DE),0,,2,1,0,1,999,150,1,, -1,1,0,1,50,29,1,2,7,7102,2,1,0,3,GROSS-UMSTADT (AVENUE DE),44.94009,4.86453,17,2,2
202100031786,144Â 940,E01,1,1,1,1,1,-1,-1,0,0,-1,2021,53.0,1,2,0,0,4,1,1,,1,35,-1,A,1,4,0,1,431,900,1,, -1,1,0,1,130,30,6,1,67,67125,1,1,0,4,A35 pK 431.900,48.337424,7.499671,11,6,5
202100029108,149Â 720,B01,1,1,2,1,2,0,-1,-1, -1,-1,2021,23.0,1,1,0,2,1,1,5,,4,MIGRON (AVENUE DE),0,,-1,0,0,1,0,0,1,, -1,1,0,1,50,13,7,1,64,64122,2,3,0,1,MIGRON (AVENUE DE),43.47348,-1.55032,20,2,2
202100038519,132Â 788,B01,2,2,2,5,1,-1,-1,-1, -1,-1,2021,12.0,2,2,0,2,4,2,1,,4,RUE JEAN MERMOZ,0,,2,2,0,1,(1),(1),1,, -1,1,0,1,50,24,5,1,33,33200,2,1,0,4,Rue Jean Mermoz,44.8637885386,-0.665441633,16,4,3