Num_Acc,id_vehicule,num_veh,place,catu,sexe,trajet,secu1,secu2,secu3,locp,actp,etatp,year_acc,victim_age,senc,catv,obs,obsm,choc,manv,motor,occutc,catr,voie,v1,v2,circ,nbv,vosp,prof,pr,pr1,plan,lartpc,larrout,surf,infra,situ,vma,jour,mois,lum,dep,com,agg_,int,atm,col,adr,lat,long,hour,nb_victim,nb_vehicules
202100023563,159Â 520,B01,2,2,2,5,1,-1,-1,-1, -1,-1,2021,26.0,2,2,0,2,6,15,1,,4,GENERAL LECLERC                     (AV),0,,2,2,2,1,(1),(1),1,, -1,1,0,1,50,18,8,1,69,69286,2,3,0,3,GENERAL LECLERC (AV),45.81365,4.89718,17,4,2
202100011742,180Â 736,B01,1,1,1,1,1,0,-1,-1, -1,-1,2021,53.0,1,5,0,2,4,2,1,,2,RN 104,0,,1,2,0,1,47,901,1,, -1,2,2,1,110,22,10,1,91,91570,1,1,0,2,RN 104,48.62503,2.30812,8,2,2
202100047656,116Â 570,A01,1,1,1,0,8,0,-1,-1, -1,-1,2021,35.0,2,1,0,2,5,2,0,,3,REPUBLIQUE (AV DE LA),0,,1,1,0,1,(1),(1),1,, -1,2,0,1,30,16,3,1,94,94068,2,1,1,2,REPUBLIQUE (AV DE LA),48.8038602745,2.4859133541,12,2,2
202100008268,186Â 934,A01,1,1,1,5,2,0,-1,-1, -1,-1,2021,21.0,1,1,12,0,1,17,1,,3,ALOUETTES (R DES),0,,-1,0,0,1,0,0,1,, -1,1,0,1,50,13,11,5,94,94073,2,1,0,7,ALOUETTES (R DES),48.7507718106,2.3699717414,1,1,1
202100026494,154Â 342,B01,1,1,1,9,1,0,-1,0,0,-1,2021,45.0,2,2,0,2,6,22,1,,4,RUE DES MARAICHERS,0,,2,3,0,1,(1),(1),1,, -1,1,0,1,30,29,7,1,75,75120,2,2,0,3,RUE D AVRON,48.852792,2.406632,14,2,2
202100022953,160Â 595,A01,1,1,2,5,1,-1,-1,0,0,-1,2021,21.0,2,2,2,0,2,1,1,,3,D609,0,,2,2,0,1,56,96,1,, -1,1,0,3,80,23,8,2,34,34194,1,1,0,6,D609,43.52362,3.45064,20,2,1
202100028739,150Â 355,A01,1,1,1,5,2,6,-1,0,0,-1,2021,57.0,3,6,13,0,1,0,1,,4,,-1,,2,2,0,1,(1),(1),1,, -1,1,0,3,50,16,7,1,18,18141,1,1,0,6,lieu dit La Petite VallÃ©e,47.147714,2.246307,19,2,1
202100018873,167Â 913,A01,1,1,2,3,1,-1,-1,0,0,-1,2021,55.0,1,2,0,2,7,1,1,,7,D1,-1,,2,2,0,2,2,900,1,, -1,1,0,1,50,15,9,1,13,13119,2,3,0,1,Avenue de Cassis,43.252146,5.557194,18,4,2
202100025265,156Â 494,B01,1,1,1,0,2,6,-1,-1, -1,-1,2021,20.0,1,1,0,2,9,1,0,,4,FLORISSANT (AVENUE),0,,2,2,0,1,0,1,1,, -1,1,0,1,50,5,8,5,74,74012,2,1,0,2,FLORISSANT (AVENUE),46.1966,6.2413,21,3,2
202100008670,186Â 241,B01,1,1,1,1,2,0,-1,-1, -1,-1,2021,20.0,2,1,0,2,7,3,1,,1,A4,0,,3,10,0,1,9,0,1,, -1,1,0,1,90,10,11,3,94,94017,1,1,0,3,A4,48.82716,2.50842,6,2,2
202100043933,123Â 144,A01,10,3,1,9,8,8,-1,1,9,2,2021,18.0,3,3,0,2,2,17,1,1.0,4,ANATOLE FRANCE,0,,2,2,0,1,0,0,1,, -1,1,0,1,50,15,4,5,93,93029,2,1,0,6,ANATOLE FRANCE,48.92519,2.44823,0,2,1
202100027980,151Â 691,A01,1,1,2,9,1,5,-1,-1, -1,-1,2021,34.0,3,2,0,2,2,14,1,,3,FFI (ALL DES),0,,2,2,0,1,0,0,2,, -1,1,5,1,50,18,7,5,94,94004,2,1,0,1,FFI (ALL DES),48.75658,2.50723,22,1,1
202100000618,200Â 599,A01,1,1,1,5,8,0,-1,-1, -1,-1,2021,56.0,2,1,14,0,1,1,3,,4,ELYSEE RECLUS (RUE),0,,2,2,0,1,0,0,1,, -1,9,0,1,50,31,12,2,77,77294,2,3,0,7,ELYSEE RECLUS (RUE),48.9582,2.5957,16,1,1
202100026453,154Â 416,A01,1,1,1,0,2,8,-1,-1, -1,-1,2021,17.0,3,1,0,2,3,19,1,,7,DOUAI RUE DE       NÂ° PAIR,0,,2,0,0,1,(1),(1),1,, -1,1,9,1,50,29,7,2,59,59343,2,2,0,3,MEUNIERS RUE DES,50.5885822991,3.086643219,21,2,2
202100043832,123Â 336,B01,1,1,1,5,1,-1,-1,0,0,-1,2021,63.0,3,2,0,2,3,1,1,,4,6,-1,,2,1,0,1,(1),(1),1,, -1,1,0,1,80,15,4,1,53,53042,1,1,0,1,Le Bois de Nance,48.413743,-0.783334,16,2,2
202100055530,102Â 590,B01,1,1,2,5,8,0,-1,0,0,-1,2021,36.0,1,1,0,2,3,1,5,,4,RUE LA FAYETTE,0,,2,4,1,2,(1),(1),1,, -1,1,-1,5,50,11,1,1,75,75110,2,2,0,3,RUE DU FAUBOURG SAINT DENIS,48.879328,2.357094,10,2,2
202100050665,111Â 123,A01,1,1,1,0,0,-1,-1,0,0,-1,2021,37.0,2,2,17,0,2,1,1,,3,565,-1,,2,2,0,1,6,800,1,, -1,1,0,3,80,22,2,3,63,63450,1,1,1,6,D565,45.713159,2.53147,5,1,1
202100047198,117Â 401,A01,3,2,1,0,1,0,-1,-1, -1,-1,2021,22.0,2,2,8,0,1,18,1,,4,AUBEPINES(ALLEE DES),0,,2,2,0,2,0,0,1,, -1,1,0,1,50,19,3,1,974,97416,1,1,0,6,AUBEPINES(ALLEE DES),-21.33849,55.48828,17,3,1
202100007150,188Â 988,A01,1,1,1,5,2,8,-1,-1, -1,-1,2021,66.0,1,1,0,2,1,2,1,,4,EMILE ZOLA (RUE),0,,2,2,0,1,0,0,1,, -1,1,0,1,50,18,11,1,972,97209,2,1,0,1,EMILE ZOLA (RUE),14.60957,-61.07144,15,2,2
202100051481,109Â 685,A01,10,3,2,5,0,-1,-1,3,3,1,2021,26.0,1,5,0,1,3,1,1,,3,201,-1,,2,2,0,1,45,100,1,, -1,2,9,1,50,16,2,2,68,68118,2,1,0,6,177 Rue du GÃ©nÃ©ral de Gaulle,47.717107,7.419479,7,2,1
202100023018,160Â 484,A01,1,1,2,0,8,0,-1,-1, -1,-1,2021,56.0,1,2,0,2,1,1,1,,2,T21,0,,2,2,0,1,7,0,1,, -1,1,0,1,90,26,7,1,201,201004,1,1,0,1,T21,41.9390467934,8.8043532373,11,2,2
202100006821,189Â 584,A01,10,3,2,5,0,-1,-1,5,9,2,2021,58.0,2,2,1,1,1,24,3,,3,CAPORAL PEUGEOT (R DU),0,,1,1,0,1,0,0,1,, -1,2,0,4,30,21,11,1,94,94068,2,1,0,5,CAPORAL PEUGEOT (R DU),48.79341,2.5159,10,2,1
202100031716,145Â 066,A01,1,1,2,1,1,0,-1,-1, -1,-1,2021,34.0,2,2,0,2,1,26,1,,3,ROCADE SUD RD 6161,0,,2,2,0,4,(1),(1),1,, -1,1,0,1,80,28,6,1,11,11069,1,1,0,2,ROCADE SUD RD 6161,43.22443,2.328,9,2,2
202100015375,174Â 225,A01,1,1,1,9,2,6,-1,0,0,-1,2021,34.0,0,1,0,0,1,0,1,,3,124,0,D,2,2,0,2,(1),(1),1,, -1,1,0,3,80,29,9,3,80,80043,1,1,0,7,D124,50.131756,2.486379,23,1,1
202100033127,142Â 541,B01,1,1,1,5,1,9,-1,0,0,-1,2021,32.0,2,2,6,0,3,1,2,,3,15,0,,2,2,0,2,7,885,2,, -1,2,0,1,50,21,6,1,64,64477,2,1,0,1,199 borciriette,43.183998,-1.328614,20,4,2
202100001048,199Â 890,A01,1,1,2,0,2,8,-1,-1, -1,-1,2021,28.0,1,1,0,2,7,15,5,,3,GAMBETTA (BOULEVARD),0,,2,2,0,1,0,0,1,, -1,1,9,1,50,29,12,2,2,2738,2,2,0,3,GAMBETTA (BOULEVARD),49.65379,3.29211,7,2,2
202100022346,161Â 701,A01,1,1,1,5,2,6,-1,0,0,-1,2021,66.0,3,1,0,0,0,1,1,,4,,-1,,2,2,0,2,(1),(1),1,,4,1,0,3,80,28,8,1,70,70248,1,1,0,7,Rue d Evette,47.660506,6.775067,11,1,1
202100015600,173Â 799,A01,1,1,2,1,2,-1,-1,0,0,-1,2021,57.0,1,1,0,2,8,1,1,,4,MALEYSSIE COMTESSE DE,0,,2,2,0,1,(1),(1),1,, -1,2,5,1,50,1,10,1,29,29019,2,2,1,3,Rue Comtesse de Maleyssie,48.39527,-4.46063,9,2,2
202100033920,141Â 130,B01,2,2,2,5,1,-1,-1,0,0,-1,2021,21.0,1,2,8,2,0,26,1,,3,939,0,D,1,2,0,1,167,120,3,, -1,2,0,1,50,17,6,2,62,62415,2,9,1,3,D939,50.332258,2.641246,21,3,2
202100018478,168Â 601,B01,1,1,1,9,2,-1,-1,0,0,-1,2021,19.0,3,1,0,2,1,9,1,,4,,-1,,2,2,0,2,(1),(1),1,,4,1,0,1,-1,17,9,1,69,69044,2,1,1,3,RAVET (DU) (CHM),45.7772801262,4.7492909431,17,2,2
202100025712,155Â 724,B01,1,1,1,4,2,6,-1,-1, -1,-1,2021,43.0,3,1,0,2,1,2,1,,4,GUTEMBERG (RUE),0,,-1,2,0,1,0,0,1,, -1,1,2,1,50,3,8,1,91,91477,2,1,0,2,GUTEMBERG (RUE),48.71667,2.25,16,2,2
202100000554,200Â 712,A01,1,1,2,5,8,0,-1,0,0,-1,2021,20.0,2,0,1,0,2,1,3,,4,GRANDE ARMEE AVENUE,0,,2,2,0,2,(1),(1),3,, -1,1,0,4,50,4,9,5,201,201004,2,1,0,7,GRANDE ARMEE AVENUE,41.92769,8.73342,2,2,1
202100033401,142Â 062,B01,2,2,2,0,1,-1,-1,-1, -1,-1,2021,71.0,1,2,0,2,4,9,1,,3,LOUVOIS (ROUTE DE) CORA,0,,1,2,0,1,18,170,2,, -1,1,0,1,50,18,6,1,51,51172,2,6,0,4,Route de Louvois,49.2096611353,4.0509456396,11,4,3
202100035730,137Â 846,A01,1,1,1,0,1,8,-1,0,0,-1,2021,90.0,1,2,0,2,1,1,1,,2,RN7 (GrÃ¨zes-pouloumard),0,,2,2,0,1,89,800,1,, -1,1,0,1,50,8,6,1,26,26198,2,1,0,2,Route Nationale 7,44.558832,4.72959,16,2,2
202100004087,194Â 439,A01,10,3,1,9,0,-1,-1,0,4,2,2021,2.0,0,2,0,1,1,26,1,,9,PLATRIERES (TRAVERSE DES),0,,-1,0,0,1,1,0,1,, -1,1,9,8,50,7,12,1,13,13213,2,1,0,1,PLATRIERES (TRAVERSE DES),43.32,5.45,8,2,1
202100039044,131Â 846,B01,1,1,1,5,2,6,-1,-1, -1,-1,2021,28.0,2,1,0,2,1,21,1,,1,6,0,,3,-1,0,1,9,119,1,, -1,1,0,1,90,21,5,1,91,91689,1,1,0,4,AUTOROUTE A6B,48.73935,2.32009,14,4,3
202100005778,191Â 468,A01,1,1,1,9,8,0,-1,0,0,-1,2021,35.0,1,1,1,0,4,2,3,,4,RUE DE LA CONVENTION,0,,2,3,3,1,(1),(1),1,, -1,2,0,1,30,27,11,5,75,75115,2,2,1,6,RUE DE LA CONVENTION,48.837233,2.296438,20,1,1
202100023061,160Â 398,A01,10,3,2,5,0,-1,-1,3,3,1,2021,84.0,0,2,0,1,3,1,1,,4,CHAMPAGNE (RUE DE),0,,2,2,0,1,(1),(1),1,, -1,1,0,1,50,26,7,1,45,45232,2,3,0,6,Rue de Champagne,47.842811,1.918983,8,2,1
202100005984,191Â 100,A01,10,3,1,0,0,-1,-1,4,3,1,2021,19.0,3,5,0,1,3,15,1,,4,VERNE JULES -AVENUE-,0,,-1,2,0,1,1,0,2,, -1,2,0,1,50,25,11,5,11,11069,2,2,1,6,VERNE JULES -AVENUE-,43.20852,2.33029,19,2,1
202100003839,194Â 890,B01,1,1,1,1,2,6,-1,0,0,-1,2021,31.0,2,1,0,2,8,21,1,,4,BOULEVARD DE LA VILLETTE,0,,1,0,0,1,(1),(1),1,, -1,2,0,1,30,9,12,5,75,75110,2,1,1,6,BOULEVARD DE LA VILLETTE,48.872998,2.375752,22,2,2
202100018949,167Â 773,A01,10,3,2,0,0,-1,-1,4,3,1,2021,13.0,1,2,0,1,2,2,1,,2,POMMERY (BOULEVARD),0,,2,4,0,1,19,510,1,, -1,2,0,1,50,14,9,1,51,51454,2,2,1,7,Boulevard Pommery,49.25605622,4.0554148975,18,2,1
202100022520,161Â 376,B01,1,1,2,5,0,-1,-1,0,0,-1,2021,61.0,1,0,0,2,1,24,3,,3,,0,D,2,2,0,2,0,730,1,, -1,1,0,1,80,25,8,1,25,25527,1,1,0,3,Rue du Moulin du PrÃ© - D203,47.177309,5.797327,18,3,2
202100050167,112Â 044,B01,1,1,2,5,1,0,-1,-1, -1,-1,2021,59.0,1,2,0,2,1,1,1,,4,MONTFERRAT (DE)                     (R ),0,,1,1,0,1,(1),(1),1,, -1,1,5,1,50,25,2,1,69,69029,2,2,0,3,PAGERE (DE LA)  (R),45.74012,4.91462,8,2,2
202100039987,130Â 118,A01,2,2,2,5,1,-1,-1,0,0,-1,2021,43.0,1,2,0,2,1,1,1,,3,75,-1,,2,2,0,2,3,450,1,, -1,1,0,1,80,14,5,1,77,77032,1,2,0,1,Bois Saint Pere,48.72034169,3.25479205,10,4,2
202100038441,132Â 934,A01,1,1,2,1,2,6,9,0,0,-1,2021,52.0,1,1,0,2,1,1,1,,7,61,0,,2,2,0,1,1,213,1,, -1,1,0,1,50,25,5,1,31,31561,2,1,0,3,41 Route de BessiÃ¨res,43.66123,1.47053,20,2,2
202100030251,147Â 692,A01,1,1,1,4,2,6,-1,-1, -1,-1,2021,21.0,1,1,0,2,1,2,1,,4,,0,,1,1,1,1,0,0,1,, -1,9,0,1,30,7,7,1,92,92040,2,1,0,2,FOUCHER LEPELLETIER,48.8302894309,2.2802786529,18,2,2
202100043956,123Â 107,A01,1,1,2,5,1,-1,-1,0,0,-1,2021,35.0,2,2,13,0,2,1,1,,3,939,0,D,2,2,0,2,8,670,2,, -1,1,0,1,80,15,4,1,89,89399,1,1,0,6,,48.262627,3.340745,18,2,1
202100001818,198Â 549,A01,1,1,1,9,1,-1,-1,0,0,-1,2021,66.0,1,2,9,9,1,2,1,,3,644,-1,D,2,2,0,1,8,500,1,, -1,2,9,3,50,23,12,5,59,59389,2,1,1,6,Rue Lain,50.108046,3.207847,17,1,1
202100042155,126Â 272,A01,2,2,1,1,8,-1,-1,-1, -1,-1,2021,52.0,1,2,14,2,1,1,1,,4,COMBATTANTS EN AFN 1952-1962 (DES)  (AV),0,,1,1,0,2,(1),(1),1,, -1,1,9,1,30,27,4,1,69,69286,2,3,0,2,COMBATTANTS EN AFRIQUE DU NORD 1952-1962 (DES) (AV),45.81614,4.89297,18,3,2
202100014020,176Â 640,A01,1,1,1,9,2,6,-1,0,0,-1,2021,67.0,1,1,0,2,2,17,1,,4,BOULEVARD HAUSSMANN,0,,2,5,0,1,(1),(1),1,, -1,1,0,1,30,10,10,1,75,75108,2,3,0,3,BOULEVARD HAUSSMANN,48.87525,2.314786,15,2,2
202100003707,195Â 123,B01,1,1,1,0,2,6,-1,0,0,-1,2021,48.0,1,1,0,2,1,1,0,,4,"SOSPEL (AVENUE DE, NÂ° 1 A 55)",0,,1,1,0,2,(1),(1),1,, -1,1,0,1,50,11,12,5,6,6083,2,1,0,3,"SOSPEL (AVENUE DE, NÂ° 1 A 55)",43.7793,7.4936,22,2,2
202100036078,137Â 193,A01,2,2,1,5,2,0,-1,-1, -1,-1,2021,17.0,3,1,0,2,1,3,0,,4,ROMAIN ROLLAND (BOULEVARD),0,,4,3,0,1,(1),(1),1,, -1,1,0,1,50,5,6,1,13,13210,2,2,0,2,ROMAIN ROLLAND (BOULEVARD),43.276686,5.418667,18,3,2
202100008911,185Â 804,B01,1,1,1,1,2,6,-1,-1, -1,-1,2021,24.0,1,1,0,2,8,1,1,,4,BPNL   34.614 A 36.285,0,,1,3,0,1,(1),(1),1,, -1,1,1,1,70,4,11,1,69,69389,1,1,0,3,BPNL   34.614 A 36.285,45.77889,4.7955214,11,2,2
202100048214,115Â 573,E01,1,1,1,0,1,0,-1,-1, -1,-1,2021,43.0,1,2,0,2,4,2,1,,1,A86,0,,3,4,0,1,6,699,1,, -1,2,1,1,90,13,3,1,92,92036,1,1,1,4,A86,48.9343469166,2.2696675005,14,7,6
202100038273,133Â 235,B01,1,1,1,0,2,-1,-1,0,0,-1,2021,54.0,1,1,0,2,1,1,1,,3,840,-1,,2,2,0,1,45,200,1,, -1,1,0,1,80,27,5,1,27,27428,1,1,0,1,RD 840,49.132767,0.906308,14,2,2
202100004535,193Â 670,A01,2,2,1,9,2,0,-1,0,0,-1,2021,28.0,1,1,0,2,4,2,1,,4,RUE LECOURBE,0,,1,1,0,1,(1),(1),1,, -1,2,0,1,30,4,12,5,75,75115,2,3,1,2,RUE LECOURBE,48.840288,2.295173,20,3,2
202100033761,141Â 425,B01,1,1,1,5,1,8,-1,-1, -1,-1,2021,58.0,1,2,0,2,4,2,1,,1,A13,0,,3,3,0,2,27,0,1,, -1,1,0,1,110,18,6,1,78,78466,1,1,0,2,A13,48.931353,1.979135,15,3,2
202100044292,122Â 493,A01,1,1,2,3,1,0,-1,0,0,-1,2021,59.0,1,2,0,2,4,2,1,,4,AVENUE DES GOBELINS,0,,3,2,0,1,(1),(1),1,, -1,1,5,1,50,11,4,1,75,75105,2,5,0,2,AVENUE DES GOBELINS,48.838462,2.350706,13,2,2
202100032310,144Â 003,A01,1,1,1,1,2,6,-1,0,0,-1,2021,22.0,1,1,0,2,1,2,1,,4,BOULEVARD PERIPHERIQUE,0,,1,5,0,1,(1),(1),1,, -1,2,0,1,70,23,6,5,75,75112,2,4,1,2,BOULEVARD PERIPHERIQUE,48.826973,2.390044,2,2,2
202100006815,189Â 594,B01,1,1,1,3,2,6,-1,0,0,-1,2021,26.0,1,1,0,2,1,1,1,,4,BOULEVARD DU BOIS LE PRETRE,0,,2,4,0,2,(1),(1),1,, -1,1,0,1,30,19,11,5,75,75117,2,3,0,2,BOULEVARD DU BOIS LE PRETRE,48.899765,2.31898,22,2,2
202100006645,189Â 908,A01,10,3,1,1,0,-1,-1,1,3,1,2021,53.0,0,2,0,1,3,16,3,,4,DROUET D'ERLON (PLACE),0,,2,2,0,1,(1),(1),2,, -1,1,6,1,30,23,11,1,51,51454,2,6,0,7,Place Drouet dâErlon,49.2550217198,4.0272966027,14,2,1
202100003559,195Â 385,A01,10,3,1,3,8,-1,-1,1,A,1,2021,44.0,3,2,16,1,4,20,0,,9,ST LUC                              (PL),0,,1,1,0,1,(1),(1),1,, -1,2,9,8,30,4,12,2,69,69202,2,1,1,6,SAINT-LUC (PL),45.7497253213,4.8003950715,17,2,1
202100004437,193Â 832,A01,1,1,1,5,1,-1,-1,0,0,-1,2021,46.0,2,2,0,2,8,0,2,,7,113,0,A,2,2,0,2,0,650,1,, -1,2,0,1,80,4,12,3,57,57552,1,1,1,3,D113A,49.063097,6.179509,18,4,2
202100002988,196Â 436,A01,10,3,2,1,0,-1,-1,3,3,1,2021,49.0,3,2,0,1,1,1,1,,3,,-1,,2,2,0,1,(1),(1),1,,4,9,6,8,50,15,12,5,74,74112,2,9,1,6,Route de la Bouvarde (Pont),45.933875,6.119304,17,2,1
202100016221,172Â 641,B01,1,1,2,5,1,0,-1,-1, -1,-1,2021,72.0,1,2,0,2,2,15,1,,7,D 10,0,,2,2,0,1,0,0,1,, -1,1,0,1,80,5,8,1,13,13063,1,1,0,3,D 10,43.5787929288,5.0047607453,19,3,2
202100033177,142Â 461,A01,1,1,2,5,1,-1,-1,-1, -1,-1,2021,91.0,3,2,10,0,8,15,1,,4,COSTE                               (R ),0,,2,4,3,1,(1),(1),2,, -1,2,0,1,50,20,6,1,69,69034,2,3,1,6,COSTE (R),45.78617,4.83368,16,1,1
202100040864,128Â 583,A01,10,3,1,5,0,-1,-1,4,3,1,2021,58.0,3,2,0,1,3,1,1,,4,PLACE DE LA PORTE DE MONTREUIL,0,,1,4,0,2,(1),(1),2,, -1,1,0,1,50,7,5,1,75,75120,2,7,0,6,PLACE DE LA PORTE DE MONTREUIL,48.854585,2.41346,14,2,1
202100033455,141Â 969,B01,1,1,1,5,2,6,-1,0,0,-1,2021,14.0,2,1,0,2,3,1,1,,3,18,-1,,2,2,0,1,27,119,2,, -1,1,0,1,50,20,6,1,77,77227,2,3,0,3,Rue de la Gare,48.4827172738,3.3465563319,15,2,2
202100001237,199Â 561,A01,10,3,1,3,0,-1,-1,3,3,1,2021,65.0,2,2,0,1,3,1,1,,2,88,-1,,2,2,0,1,2,127,1,, -1,1,0,1,50,29,12,5,48,48080,2,1,0,6,Avenue Jules Conturie,44.724767,3.853332,18,2,1
202100054821,103Â 807,A01,1,1,1,5,8,-1,-1,0,0,-1,2021,42.0,2,5,3,0,1,14,1,,1,432,-1,,3,4,0,1,29,200,2,, -1,2,0,3,130,17,1,3,69,69288,1,1,1,6,A432,45.694235,5.086048,18,1,1
202100042006,126Â 535,B01,1,1,1,0,2,0,-1,-1, -1,-1,2021,24.0,1,1,0,2,8,1,3,,4,PAUL VERLAINE (RUE),0,,2,2,1,1,(1),(1),1,, -1,1,0,1,50,20,4,1,86,86194,2,2,0,3,Rue Paul Verlaine,46.5671,0.3599,12,2,2
202100032783,143Â 178,B01,1,1,2,0,1,-1,-1,0,0,-1,2021,52.0,1,2,0,2,1,13,1,,7,6,-1,,2,2,1,1,31,500,1,, -1,1,0,1,80,22,6,1,13,13110,1,1,0,1,CD 6,43.45742,5.657401,19,2,2
202100031700,145Â 095,B01,2,2,2,5,1,0,-1,-1, -1,-1,2021,22.0,2,2,0,2,5,1,1,,1,A86.EXT,0,,1,2,0,1,29,299,2,, -1,2,0,1,90,28,6,3,94,94033,1,1,1,4,A86.EXT,48.8593412312,2.486201098,22,4,3
202100042746,125Â 232,A01,1,1,1,5,2,6,-1,0,0,-1,2021,28.0,2,1,3,0,3,0,1,,3,437,-1,,2,2,0,1,62,100,3,, -1,1,0,1,80,24,4,1,25,25160,1,1,1,6,La Corchere,47.030523,6.53841,16,1,1
202100055657,102Â 370,B01,1,1,1,5,1,8,-1,0,0,-1,2021,55.0,0,2,0,2,5,24,1,,4,RUDEL (ET IMP DU),0,,2,2,0,1,(1),(1),1,, -1,1,0,1,50,9,1,1,81,81004,2,1,0,3,RUDEL (ET IMP DU),43.92416,2.12246,14,2,2
202100053324,106Â 408,B01,1,1,1,5,2,8,-1,-1,0,-1,2021,23.0,2,1,0,2,1,1,1,,3,48,0,,2,4,0,1,0,600,1,, -1,1,5,1,50,28,1,5,95,95018,2,2,0,3,GALLIENI (BOULEVARD),48.9427880862,2.2431246191,20,2,2
202100008135,187Â 179,B01,1,1,1,1,2,0,-1,-1, -1,-1,2021,44.0,2,1,0,2,1,3,1,,1,A4,0,,3,4,0,1,5,400,3,, -1,1,0,1,90,15,11,1,75,75112,1,1,0,2,A4,48.8217469678,2.4622035027,8,2,2
202100030875,146Â 570,A01,1,1,1,5,0,-1,-1,0,0,-1,2021,17.0,3,1,0,2,0,5,1,,9,,0,,2,2,0,2,(1),(1),2,,5,2,0,1,50,4,7,1,49,49220,2,1,1,1,6 Rue Emile TrouvÃ©,47.73367,-0.416949,10,2,2
202100053194,106Â 651,A01,10,3,2,9,0,-1,-1,4,3,1,2021,50.0,3,5,0,1,1,15,1,,4,Avenue du MarÃ©chal de Lattre de Tassigny,0,,2,2,0,1,(1),(1),1,, -1,1,0,1,50,19,1,2,59,59507,2,1,0,6,DE LATTRE DE TASSIGNY AV. MAL,50.602729,3.089723,8,2,1
202100022057,162Â 203,A01,1,1,2,0,1,8,-1,-1, -1,-1,2021,44.0,1,2,0,2,1,14,1,,1,AUTOROUTE A1,0,,1,3,0,1,4,0,1,, -1,1,0,1,90,27,8,1,972,97213,1,1,0,4,AUTOROUTE A1,14.61548,-61.01395,11,4,3
202100040614,129Â 019,B01,1,1,2,1,1,8,-1,-1, -1,-1,2021,48.0,1,2,0,2,8,1,2,,4,SAINTE CECILE (RUE),0,,1,1,0,1,(1),(1),1,, -1,1,0,1,50,9,5,1,13,13205,2,2,0,3,SAINTE CECILE (RUE),43.288185,5.395217,16,2,2
202100001034,199Â 919,A01,10,3,2,0,0,-1,-1,3,3,1,2021,53.0,2,2,0,1,1,1,1,,3,AUDINCOURT (RUE D'),0,,3,3,0,1,139,200,3,, -1,2,0,1,50,29,11,2,25,25230,2,1,1,6,AUDINCOURT (RUE D'),47.49459,6.83965,7,2,1
202100049775,112Â 768,A01,1,1,1,9,2,6,-1,0,0,-1,2021,56.0,1,1,7,0,1,21,1,,4,QUAI DES CELESTINS,0,,2,4,0,1,(1),(1),1,, -1,1,0,1,50,28,2,5,75,75104,2,3,0,6,QUAI DES CELESTINS,48.852906,2.358984,20,1,1
202100046835,118Â 063,A01,1,1,1,5,2,6,9,0,0,-1,2021,26.0,3,1,0,0,0,14,1,,3,42,-1,,2,2,0,1,(1),(1),2,, -1,1,0,8,80,25,3,1,50,50467,1,1,0,7,D42,49.497817,-1.360288,11,1,1
202100021758,162Â 735,A01,2,2,1,5,1,-1,-1,-1,0,-1,2021,21.0,1,2,0,0,3,13,1,,3,RD317,0,,3,4,3,1,3,800,1,, -1,1,0,1,90,30,8,1,95,95277,1,1,0,6,RD317,48.98607,2.47155,16,4,2
202100002891,196Â 604,B01,1,1,1,1,2,6,-1,-1, -1,-1,2021,34.0,2,1,0,2,3,2,1,,2,RTE DE FONTAINEBLEAU,0,,2,4,0,1,0,0,1,, -1,1,0,1,70,14,12,4,91,91479,1,1,0,2,RTE DE FONTAINEBLEAU,48.73153,2.36706,19,2,2
202100045856,119Â 786,B01,1,1,1,5,6,-1,-1,0,0,-1,2021,45.0,1,1,0,2,4,2,5,,3,12,0,D,1,1,0,1,15,850,2,, -1,1,5,1,30,1,4,1,90,90052,2,6,0,2,ZAC du Mont Jean,47.737386,6.835594,9,2,2
202100018066,169Â 340,B01,1,1,2,0,1,-1,-1,0,0,-1,2021,39.0,1,2,0,2,1,2,1,,2,RN1,0,A,2,2,0,3,42,400,3,, -1,1,0,4,70,20,9,1,974,97415,1,1,0,2,Chemin Bruniquel (gil les Bs),-21.097633,55.247165,13,2,2
202100007914,187Â 595,A01,1,1,1,0,2,6,-1,0,0,-1,2021,54.0,1,1,0,2,1,1,1,,3,47,-1,D,2,2,0,1,1,450,1,, -1,1,0,1,80,16,11,1,83,83008,1,1,0,3,D47,43.535914,6.686586,16,3,2
202100034938,139Â 255,B01,1,1,1,1,2,8,-1,-1, -1,-1,2021,37.0,1,1,0,2,3,1,1,,3,RUE GEORGES COUBARD,0,,2,2,0,2,0,100,1,, -1,1,0,1,50,11,6,1,91,91097,2,1,0,1,RUE GEORGES COUBARD,48.6989,2.53983,17,2,2
202100018632,168Â 331,A01,1,1,1,5,0,-1,-1,0,0,-1,2021,30.0,3,1,0,2,2,13,5,,4,1,0,,2,1,0,2,(1),(1),1,, -1,1,0,1,70,15,8,1,974,97415,1,1,0,1,Chemin Piton Leon,-21.070389,55.286635,17,2,2
202100017469,170Â 400,C01,1,1,1,1,1,0,-1,0,0,-1,2021,60.0,3,2,0,2,8,1,1,,4,DELAMARE (RUE ABBE),0,,2,2,0,1,(1),(1),3,, -1,1,2,1,70,22,9,1,27,27351,1,1,0,5,DELAMARE (RUE ABBE),49.23634,1.18662,18,5,3
202100024652,157Â 591,A01,1,1,1,5,2,-1,-1,0,0,-1,2021,41.0,1,1,1,0,1,25,1,,2,02,0,N,1,1,0,1,(1),(1),1,, -1,1,0,1,50,11,8,1,972,97225,2,1,0,2,Boulevard Saint-LÃ©ger Lalun (Chemin piÃ©ton),14.744814,-61.176513,17,2,2