Num_Acc,id_vehicule,num_veh,place,catu,sexe,trajet,secu1,secu2,secu3,locp,actp,etatp,year_acc,victim_age,senc,catv,obs,obsm,choc,manv,motor,occutc,catr,voie,v1,v2,circ,nbv,vosp,prof,pr,pr1,plan,lartpc,larrout,surf,infra,situ,vma,jour,mois,lum,dep,com,agg_,int,atm,col,adr,lat,long,hour,nb_victim,nb_vehicules
202100017787,169Â 823,A01,1,1,1,5,2,6,9,0,0,-1,2021,23.0,1,1,0,2,1,13,1,,3,174,-1,,2,2,0,2,3,200,3,, -1,1,0,1,80,25,5,1,74,74282,1,1,0,1,D174 - Lieu dit le Praz,45.969445,6.172568,19,2,2
202100000381,201Â 022,B01,1,1,2,1,1,0,-1,-1, -1,-1,2021,41.0,2,2,0,2,3,2,1,,3,VAL DE SAIRE (RUE DU),0,,2,2,0,1,(1),(1),1,, -1,2,0,1,50,9,11,5,50,50129,2,1,1,1,VAL DE SAIRE (RUE DU),49.63882,-1.61586,18,2,2
202100030366,147Â 485,A01,1,1,1,1,8,-1,-1,-1, -1,-1,2021,23.0,2,2,0,2,3,1,1,,3,FABIEN (RUE DU COLONNEL),0,,2,1,0,1,34,2000,1,, -1,1,0,1,50,4,7,5,51,51454,2,3,0,3,Rue du Colonel Fabien,49.249202183,4.0165945888,22,4,2
202100049656,112Â 981,A01,1,1,1,1,2,6,-1,0,0,-1,2021,44.0,1,1,1,0,1,14,1,,4,PARIS (RUE DE ),0,,2,1,0,1,1,0,1,, -1,1,0,3,50,1,3,1,6,6029,2,1,0,7,PARIS (RUE DE ),43.56387,7.01296,16,1,1
202100049693,112Â 918,A01,1,1,2,1,1,-1,-1,0,0,-1,2021,26.0,0,2,2,0,9,0,1,,3,78,-1,,2,2,0,1,4,10,2,, -1,1,0,8,80,1,3,3,67,67370,1,1,0,7,dÃ©partementale 78 PR 4,48.8785,7.272609,21,1,1
202100009127,185Â 396,A01,1,1,1,0,1,8,-1,-1, -1,-1,2021,19.0,3,2,1,0,1,2,1,,3,ARISTIDE BRIAND (AV),0,,-1,2,0,2,0,0,3,, -1,1,0,1,50,6,11,5,94,94038,2,1,0,3,ARISTIDE BRIAND (AV),48.78141,2.33424,5,1,1
202100048158,115Â 666,A01,1,1,1,4,2,0,-1,-1, -1,-1,2021,24.0,2,1,15,0,0,1,3,,4,QU JEAN BAPTISTE CLEMENT ,0,,3,2,0,1,1,0,1,, -1,1,0,1,50,13,3,1,94,94002,2,1,0,6,Quai Jean-Baptiste ClÃ©ment,48.79083,2.42403,13,1,1
202100008925,185Â 764,B01,1,1,1,5,1,0,-1,-1, -1,-1,2021,47.0,2,2,0,2,6,1,1,,4,MORIN(CHEMIN),0,,2,2,0,1,0,0,3,, -1,1,0,1,50,6,11,3,974,97409,2,1,0,1,MORIN(CHEMIN),-20.96966,55.64656,20,2,2
202100046179,119Â 226,A01,1,1,1,0,1,-1,-1,0,0,-1,2021,32.0,1,2,0,2,3,13,6,,3,443,0,,2,2,0,1,58,50,1,, -1,1,0,1,80,30,3,1,10,10376,1,9,1,1,D443,48.203289,4.441803,7,2,2
202100017899,169Â 627,B01,1,1,1,5,2,6,-1,-1, -1,-1,2021,18.0,1,1,0,2,1,0,1,,4,,0,,2,2,0,2,1,0,1,, -1,1,0,1,50,20,9,1,92,92019,2,3,0,3,JUSTICE (CHEMIN),48.767005659,2.2658523917,17,2,2
202100023775,159Â 121,A01,1,1,1,5,0,-1,-1,0,0,-1,2021,47.0,3,1,0,0,8,1,1,,4,,-1,,2,2,0,1,(1),(1),3,,4,1,0,1,50,17,8,1,41,41218,2,2,0,7,Rue de l Epinetterie,47.276539,1.765586,19,1,1
202100036378,136Â 678,A01,1,1,2,4,1,0,-1,-1, -1,-1,2021,51.0,1,0,6,0,1,26,0,,4,CHARLES GOUNOD (RUE),0,,2,2,0,2,0,0,2,, -1,1,0,4,30,4,6,1,91,91326,2,1,1,6,CHARLES GOUNOD (RUE),48.695914,2.375846,15,1,1
202100053652,105Â 830,A01,1,1,2,9,1,-1,-1,0,0,-1,2021,70.0,2,2,0,2,5,15,1,,3,932,0,D,2,2,0,4,20,650,1,, -1,2,0,1,70,27,1,1,59,59607,1,2,1,3,11 bis ChaussÃ©e Brunehaut,50.162989,3.601981,9,3,2
202100011028,182Â 011,A01,1,1,1,5,1,0,-1,-1, -1,-1,2021,19.0,2,2,4,0,3,21,1,,1,AUTOROUTE A104,0,,3,6,0,1,2,700,4,, -1,2,0,1,90,26,10,1,93,93078,1,1,0,6,AUTOROUTE A104,48.96487,2.5192,8,1,1
202100036801,135Â 925,A01,1,1,2,0,8,-1,-1,-1, -1,-1,2021,23.0,1,1,14,0,1,1,3,,4,CHATEAUGIRON (DE),0,,2,2,2,1,(1),(1),1,, -1,1,4,1,50,2,6,1,35,35238,2,8,0,6,CHATEAUGIRON (DE),48.092941,-1.631045,15,1,1
202100030908,146Â 514,B01,1,1,1,5,0,-1,-1,0,0,-1,2021,14.0,2,1,0,0,4,0,5,,3,2,-1,,2,2,0,1,54,900,1,, -1,1,0,1,80,28,6,1,2,2712,1,1,0,2,Ferme de Camp,49.2017614438,3.5834821902,12,2,2
202100036395,136Â 647,C01,1,1,2,3,1,-1,-1,-1, -1,-1,2021,29.0,1,2,0,2,5,21,1,,3,RD457,0,,2,2,0,2,4,79,4,, -1,1,0,1,70,2,6,1,70,70388,1,1,0,5,RD457,47.61452,6.13304,17,6,4
202100015733,173Â 542,A01,2,2,1,5,8,0,-1,-1, -1,-1,2021,23.0,1,5,6,0,9,0,1,,2,RN104,0,,1,2,0,1,0,500,2,, -1,2,0,1,70,2,10,5,77,77169,1,1,1,6,RN104,48.82355,2.61454,4,3,2
202100019218,167Â 277,B01,1,1,1,5,8,0,-1,-1, -1,-1,2021,23.0,3,1,12,2,1,13,3,,3,JOHN F. KENNEDY (AVENUE),0,,2,2,0,1,0,0,1,, -1,1,0,1,50,13,9,1,93,93071,2,1,0,1,Avenue John Fitzgerald Kennedy,48.93799,2.51355,17,2,2
202100031590,145Â 287,A01,1,1,1,9,2,6,-1,0,0,-1,2021,56.0,2,1,0,1,1,1,1,,4,RUE MANIN,0,,1,1,0,1,(1),(1),1,, -1,2,0,1,50,30,6,1,75,75119,2,1,1,6,RUE MANIN,48.882937,2.384934,11,2,1
202100046586,118Â 499,C01,1,1,1,5,8,0,-1,0,0,-1,2021,69.0,1,1,0,2,1,15,5,,3,SAINTE ROSE (RUE),0,,2,3,2,1,0,750,1,, -1,1,-1,1,50,24,3,1,73,73065,2,3,0,3,Rue Dijoud / D201,45.566385,5.937998,13,2,2
202100050713,111Â 044,D01,1,1,2,9,1,0,-1,-1, -1,-1,2021,45.0,2,2,0,2,4,2,1,,1,A507 sens Aubagne- Marseille,0,,1,3,0,1,7,789,1,, -1,1,0,1,70,21,2,1,13,13055,1,1,0,4,A507 sens Aubagne- Marseille,43.329971,5.402894,12,5,5
202100034989,139Â 155,B01,1,1,1,5,1,0,-1,-1, -1,-1,2021,26.0,1,2,0,2,1,1,1,,7,HAUBOURDIN RUE D   NÂ°IMPAIR,0,,2,2,0,1,(1),(1),1,, -1,1,0,1,50,11,6,1,59,59220,2,3,0,3,HAUBOURDIN RUE D   NÂ°IMPAIR,50.598776,3.062927,13,4,2
202100033392,142Â 078,B01,1,1,1,0,8,-1,-1,-1, -1,-1,2021,29.0,2,1,0,2,1,1,3,,4,JEAN JAURES      (Rue),0,,3,4,2,1,(1),(1),1,, -1,1,0,5,50,19,6,1,69,69266,2,3,0,3,JEAN JAURES (R),45.75759,4.88262,13,2,2
202100021338,163Â 511,A01,1,1,1,0,1,5,-1,0,0,-1,2021,70.0,2,2,0,0,8,11,1,,3,1017,-1,D,2,2,0,1,(1),(1),1,,5,1,0,1,50,3,9,1,80,80620,2,3,0,3,Route de Paris,49.916667,2.933918,16,3,2
202100003879,194Â 817,A01,10,3,2,5,0,-1,-1,3,3,1,2021,59.0,1,2,0,1,1,15,1,,3,530,0,D,2,2,0,1,3,0,1,, -1,9,5,1,50,6,12,2,51,51171,2,1,0,7,Rue du PrÃ©sident Kennedy,49.3692249305,3.8926067948,8,2,1
202100024124,158Â 538,B01,1,1,2,0,1,-1,-1,-1, -1,-1,2021,34.0,0,2,0,2,0,0,1,,7,29,0,,2,2,3,1,1,300,1,, -1,1,0,1,50,14,8,5,69,69256,2,1,0,4,GENAS (DE) (RTE),45.7476461252,4.9222705194,21,6,3
202100021072,163Â 993,A01,1,1,1,1,2,-1,-1,0,0,-1,2021,47.0,3,0,0,2,4,16,3,,4,BELLEVUE (RUE DE ),0,,4,1,0,4,1,0,3,, -1,1,9,1,50,3,9,1,14,14137,2,9,1,1,Rue de Bellevue,49.1913,-0.43104,9,2,2
202100038870,132Â 144,A01,1,1,2,5,1,8,-1,-1, -1,-1,2021,22.0,0,2,2,2,3,7,6,,3,VAILLANT (AVENUE EDOUARD),0,,1,2,3,1,0,1,1,, -1,1,0,1,50,9,5,5,93,93008,2,9,0,3,VAILLANT (AVENUE EDOUARD),48.9094047449,2.4675995334,0,5,2
202100021786,162Â 684,B01,1,1,1,0,2,6,-1,-1, -1,-1,2021,36.0,3,1,0,2,1,1,1,,7,RUE ABBÃ GRÃGOIRE,0,,1,1,0,1,0,0,1,, -1,1,0,1,30,30,8,1,38,38185,2,3,0,3,RUE ABBÃ GRÃGOIRE,45.19269,5.73735,17,2,2
202100029671,148Â 759,B01,1,1,1,5,2,6,9,0,0,-1,2021,54.0,1,1,0,2,6,3,1,,2,157,0,,3,4,0,2,29,518,1,, -1,1,0,1,110,9,7,1,35,35068,1,1,0,3,N 157,48.101442,-1.427954,17,3,2
202100011822,180Â 591,A01,10,3,1,1,0,-1,-1,3,3,1,2021,61.0,3,2,0,1,2,15,1,,4,FRESNEL (RUE AUGUSTIN),0,,2,2,0,1,7,0,1,, -1,1,0,1,50,21,10,5,35,35115,2,1,0,6,FRESNEL (RUE AUGUSTIN),48.350035,-1.181337,20,2,1
202100007795,187Â 818,A01,10,3,1,0,0,-1,-1,4,3,1,2021,30.0,2,2,0,1,3,1,1,,7,GRAMME (CHAUSSEE),0,,3,4,0,1,(1),(1),1,, -1,1,0,1,50,16,11,3,59,59599,2,1,0,6,GRAMME (CHAUSSEE),50.73671,3.17,7,2,1
202100035210,138Â 763,B01,2,1,1,0,2,0,-1,-1, -1,-1,2021,17.0,2,1,0,2,7,3,1,,3,HIPPOLYTE  PIOT (RUE),0,,2,2,0,1,(1),(1),1,, -1,2,0,1,50,9,6,1,974,97416,2,1,1,3,HIPPOLYTE  PIOT (RUE),-21.2991,55.45454,10,2,2
202100039759,130Â 516,B01,2,2,2,5,1,-1,-1,0,0,-1,2021,74.0,2,2,0,2,4,23,1,,1,63,-1,A,3,5,0,1,12,332,1,, -1,2,0,1,130,17,5,1,33,33122,1,1,1,4,A63,44.715331,-0.743723,11,5,4
202100035593,138Â 097,A01,9,2,1,1,1,-1,-1,0,0,-1,2021,29.0,2,5,2,0,5,13,0,,3,37,-1,,2,2,0,1,39,200,2,, -1,1,0,8,80,10,6,1,85,85013,1,1,0,6,dÃ©partementale 37,46.914583,-1.134918,18,4,1
202100030207,147Â 773,B01,1,1,1,5,3,6,-1,-1, -1,-1,2021,29.0,1,1,0,2,8,1,1,,4,Corniche John FitzgÃ©rald Kennedy,0,,2,2,0,1,0,0,1,, -1,1,0,1,50,7,7,5,13,13207,2,3,0,3,Corniche John FitzgÃ©rald Kennedy,43.28367,5.35305,0,3,2
202100026349,154Â 597,A01,10,3,1,0,0,-1,-1,5,B,3,2021,19.0,1,1,0,1,2,0,0,,4,MONTAGNE PIERREUSE (RUE DE LA),0,,2,1,0,1,1,0,1,, -1,1,0,1,30,29,7,5,93,93048,2,1,0,6,MONTAGNE PIERREUSE (RUE DE LA),48.87428,2.4647,22,3,1
202100027793,152Â 034,A01,1,1,1,0,8,-1,-1,0,0,-1,2021,41.0,2,2,6,0,0,14,1,,3,8,-1,,2,2,0,1,8,(1),1,, -1,1,2,8,30,22,7,1,988,98812,1,1,0,6,RPN8 paagoumene,-20.494723,164.191532,6,1,1
202100021880,162Â 522,A01,10,3,1,5,0,-1,-1,3,3,1,2021,55.0,2,2,0,1,2,1,1,,3,2460,0,,2,2,0,1,72,270,1,, -1,1,0,1,50,31,8,1,45,45082,2,3,0,6,4 Avenue du Gatinais,47.869334,2.223047,14,2,1
202100011218,181Â 680,B01,1,1,1,3,8,0,-1,-1, -1,-1,2021,33.0,2,1,0,2,0,1,3,,4,LEGRAVEREND,0,,2,2,0,2,(1),(1),1,, -1,1,9,1,30,24,10,5,35,35238,2,1,0,3,LEGRAVEREND,48.1178001083,-1.6852394009,18,2,2
202100036399,136Â 638,B01,1,1,1,5,1,8,-1,-1, -1,-1,2021,29.0,2,2,0,2,1,1,1,,4,JEAN JAURES,0,,2,4,0,1,0,0,1,, -1,2,0,1,50,4,6,1,64,64335,1,1,1,1,JEAN JAURES,43.316786,-0.430162,11,2,2
202100049402,113Â 452,B01,1,1,1,4,2,0,-1,-1, -1,-1,2021,19.0,1,1,0,2,2,0,1,,7,SAINT MENET (MONTEE),0,,2,0,0,1,8,100,2,, -1,1,0,1,50,3,3,1,13,13211,2,1,0,3,SAINT MENET (AVENUE),43.29026,5.49236,12,2,2
202100045511,120Â 392,A01,1,1,1,1,2,6,9,0,0,-1,2021,62.0,1,1,0,6,1,1,1,,3,24,0,,2,2,0,2,0,500,2,, -1,1,0,1,50,30,3,3,31,31291,2,1,0,6,Chemin de Tournefeuille,43.598155,1.271866,20,1,1
202100033032,142Â 699,A01,10,3,1,2,0,-1,-1,3,3,2,2021,8.0,2,2,0,1,1,0,1,,4,RHIN ET DANUBE                      (R ),0,,2,2,0,2,(1),(1),1,, -1,1,0,1,30,21,6,1,69,69290,2,1,0,6,RHIN ET DANUBE (R)                    ,45.69537,4.94887,16,2,1
202100019204,167Â 300,A01,1,1,1,1,2,6,-1,0,0,-1,2021,36.0,2,1,8,0,1,1,1,,4,AVENUE FOCH,0,,3,1,0,2,(1),(1),1,, -1,1,0,1,30,13,9,1,75,75116,2,4,0,6,AVENUE FOCH,48.872278,2.285544,9,1,1
202100030825,146Â 664,A01,2,2,2,0,1,0,-1,-1, -1,-1,2021,37.0,3,2,0,2,1,13,1,,4,RENAN. RUE ERNEST,0,,2,2,0,1,(1),(1),1,, -1,1,0,1,50,4,7,1,76,76575,2,1,0,6,RENAN. RUE ERNEST,49.39862,1.06571,19,2,1
202100011136,181Â 827,A01,1,1,1,0,1,-1,-1,0,0,-1,2021,86.0,2,2,0,2,1,13,1,,3,952,0,,2,2,0,1,60,0,1,, -1,2,0,1,70,26,10,1,37,37123,1,1,1,1,Route de la Cueilleminaut,47.3117068698,0.3683272837,13,3,2
202100053362,106Â 338,A01,1,1,2,9,1,0,-1,-1, -1,-1,2021,36.0,1,2,0,2,1,1,1,,4,AVRON (RUE D'),0,,2,1,0,1,0,0,1,, -1,5,0,1,30,16,1,2,93,93077,2,1,1,1,AVRON (RUE D'),48.8776389547,2.5043262541,16,2,2
202100047182,117Â 425,A01,1,1,1,0,2,6,-1,0,0,-1,2021,67.0,1,1,0,2,1,2,1,,3,37,0,,2,2,0,2,8,578,1,, -1,1,0,1,50,22,3,1,69,69094,2,3,0,5,BORDEAUX (DE) (RTE),45.7392170067,4.6889224648,17,3,3
202100003642,195Â 241,B01,1,1,1,5,1,0,-1,-1, -1,-1,2021,37.0,2,2,0,2,4,2,1,,3,HAGUE (BOULEVARD DE LA),0,,2,2,1,1,(1),(1),1,, -1,2,5,1,50,4,12,5,50,50129,2,2,1,2,HAGUE (BOULEVARD DE LA),49.66741,-1.69686,18,3,2
202100054084,105Â 073,B01,2,2,1,5,1,8,-1,-1, -1,-1,2021,26.0,1,2,0,2,4,1,1,,4,GRASSET   AVENUE EDMOND,0,,1,-1,0,1,(1),(1),1,, -1,1,0,1,30,22,1,1,17,17028,2,1,0,2,GRASSET   AVENUE EDMOND,46.132,-1.10914,15,3,2
202100039373,131Â 222,B01,1,1,1,0,0,-1,-1,0,0,-1,2021,21.0,2,1,0,2,1,1,1,,2,02,-1,,2,2,0,1,(1),(1),1,, -1,1,0,1,-1,18,5,2,971,97129,2,1,0,3,Lieu Dit Bebel,16.326276,-61.690544,18,2,2
202100041310,127Â 766,A01,10,3,2,5,0,-1,-1,4,3,1,2021,15.0,1,2,0,1,7,15,1,,4,BOULEVARD DU MONTPARNASSE,0,,3,4,0,1,(1),(1),1,, -1,1,0,1,50,5,5,1,75,75106,2,2,0,6,BOULEVARD DU MONTPARNASSE,48.845531,2.31919,10,2,1
202100050102,112Â 182,B01,1,1,1,1,2,-1,-1,0,0,-1,2021,27.0,2,1,0,2,1,2,1,,3,986,-1,,3,2,0,1,54,42,1,, -1,1,0,1,90,26,2,1,34,34192,1,1,0,2,D 986,43.538675,3.899809,18,2,2
202100047486,116Â 883,B01,1,1,1,0,1,0,-1,-1, -1,-1,2021,70.0,2,2,0,2,3,1,1,,3,PEYREBLANQUE DE,0,,2,2,0,1,0,800,1,, -1,1,0,1,50,18,3,1,64,64269,2,1,0,1,Avenue Pierre de Belsunce,43.29566,-0.30669,8,3,2
202100008696,186Â 192,A01,2,2,1,5,1,0,-1,-1, -1,-1,2021,31.0,1,2,1,0,3,14,1,,3,MARECHAL JOFFRE (AVENUE DU),0,,-1,2,0,1,41,370,1,, -1,2,0,1,50,7,11,5,78,78401,2,1,1,6,MARECHAL JOFFRE (AVENUE DU),49.00863,1.93198,7,2,1
202100048877,114Â 389,B01,1,1,2,5,1,-1,-1,0,0,-1,2021,62.0,1,2,0,2,1,21,1,,3,3,0,,2,2,0,2,12,50,1,, -1,1,0,1,80,6,3,1,51,51346,1,1,0,1,D3,49.082777,3.735636,18,2,2
202100018897,167Â 867,A01,1,1,2,-1,1,-1,-1,-1, -1,-1,2021,61.0,1,2,2,0,3,13,1,,3,MONTAUBAN D 958 (ROUTE DE),-1,,2,-1,-1,1,78,35,1,, -1,1,0,3,80,26,5,1,82,82033,1,1,0,6,MONTAUBAN D 958 (ROUTE DE),44.03416,1.17847,14,2,1
202100051824,109Â 070,B01,1,1,2,1,1,0,-1,0,0,-1,2021,45.0,1,2,0,2,4,23,1,,4,RUE DE SAINT QUENTIN,0,,1,2,0,2,(1),(1),1,, -1,5,0,1,50,10,2,1,75,75110,2,2,1,2,RUE DE SAINT QUENTIN,48.878975,2.355756,10,2,2
202100009528,184Â 679,A01,1,1,1,1,1,-1,-1,0,0,-1,2021,25.0,2,2,2,0,3,17,1,,2,2,-1,,2,2,0,1,(1),(1),1,, -1,1,0,3,70,3,11,1,971,97134,1,1,0,6,Route du Bouchu,16.065139,-61.761099,14,1,1
202100052726,107Â 489,A01,1,1,1,1,1,-1,-1,0,0,-1,2021,28.0,2,2,0,2,3,9,1,,3,51,-1,,2,2,0,2,6,800,3,, -1,2,9,1,80,4,2,2,27,27464,1,2,1,1,RD 51/ RD 32,48.933989,1.113833,6,2,2
202100033613,141Â 683,A01,2,2,1,0,2,3,-1,-1, -1,-1,2021,4.0,2,1,0,2,8,15,5,,4,ARAGO (RUE),0,,2,2,0,2,(1),(1),1,, -1,1,0,1,50,18,6,1,21,21231,2,4,0,3,3 Rue dâYork,47.3309957674,5.0590911054,16,3,2
202100024590,157Â 703,B01,1,1,2,0,1,0,-1,-1, -1,-1,2021,51.0,3,2,0,2,0,1,1,,3,RTE NATIONALE 20,0,,1,3,0,1,0,0,1,, -1,1,5,1,50,10,8,1,91,91339,2,2,0,3,RUE DE LA DIVISION LECLERC,48.63501,2.26606,18,2,2
202100030572,147Â 105,A01,2,2,2,5,8,0,-1,0,0,-1,2021,8.0,0,1,0,2,1,19,3,,4,SAUVE (RUE),0,,1,2,0,1,0,0,1,, -1,2,0,1,50,28,6,1,30,30189,2,2,0,6,SAUVE (RUE),43.8379,4.3501,14,3,2
202100046976,117Â 812,A01,10,3,2,5,0,-1,-1,1,3,1,2021,79.0,1,2,0,1,3,1,1,,3,9,-1,D,2,3,3,1,7,500,1,,12,1,0,1,80,24,3,1,79,79162,1,2,0,7,Avenue du Marais Poitevin,46.318338,-0.562725,10,2,1
202100056149,101Â 518,A01,10,3,1,2,0,-1,-1,3,3,3,2021,15.0,2,2,0,1,1,17,1,,4,BLANCHE PORTE (RUE DE LA),0,,2,3,0,1,(1),(1),1,, -1,1,1,1,50,5,1,2,59,59599,2,2,0,7,BLANCHE PORTE (RUE DE LA),50.718981,3.145548,16,2,1
202100035998,137Â 342,A01,1,1,1,5,1,9,-1,0,0,-1,2021,90.0,2,2,0,2,3,1,1,,2,2,-1,N,2,2,0,1,88,0,1,, -1,1,0,1,50,8,6,1,2,2742,2,1,0,3,PK088+000,49.758273,3.7856,15,2,2
202100045341,120Â 694,B01,1,1,1,0,1,0,-1,-1, -1,-1,2021,29.0,1,2,0,2,4,0,1,,2,LITTORAL (ROUTE 1 DU),0,,1,2,0,1,0,0,1,, -1,1,0,1,90,2,4,1,974,97411,1,1,0,4,LITTORAL (ROUTE 1 DU),-20.87679,55.41388,7,3,3
202100007241,188Â 812,B01,1,1,2,1,8,0,-1,-1, -1,-1,2021,17.0,1,1,0,2,1,1,1,,4,GEOFFRAY,0,,2,2,0,1,1,0,1,, -1,1,0,1,30,19,11,1,49,49007,2,1,0,2,GEOFFRAY,47.45871,-0.5464,11,2,2
202100028291,151Â 125,B01,1,1,1,5,2,0,-1,-1, -1,-1,2021,58.0,1,1,0,2,4,1,5,,7,ROUTE DEPARTEMENTALE 945,0,,2,2,2,1,(1),(1),1,, -1,1,5,1,70,17,7,1,59,59317,1,6,0,3,ROUTE DEPARTEMENTALE 945,50.6985,2.9284,16,2,2
202100048281,115Â 451,B01,1,1,2,9,1,0,-1,-1, -1,-1,2021,22.0,2,2,0,2,2,15,1,,4,FERRY (AVENUE JULES ),0,,3,11,0,1,0,0,1,, -1,1,5,1,30,10,3,1,13,13028,2,2,0,3,FERRY (AVENUE JULES ),43.1844,5.6049,18,2,2
202100028184,151Â 318,A01,1,1,1,1,1,8,-1,-1, -1,-1,2021,44.0,1,2,9,0,3,1,1,,4,FORT (IMPASSE DU),0,,2,1,0,1,0,0,1,, -1,1,0,1,30,19,7,1,93,93001,2,1,0,1,FORT (IMPASSE DU),48.911898,2.39756,7,1,1
202100035579,138Â 120,A01,10,3,2,5,0,-1,-1,4,3,1,2021,75.0,1,1,0,1,1,15,5,,4,ALSACE (RUE) NÂ°1 A 17 ET 2 A 18,0,,2,2,0,1,0,0,1,, -1,1,6,1,50,9,6,1,92,92044,2,2,0,6,ALSACE (RUE) NÂ°1 A 17 ET 2 A 18,48.8909592371,2.2947800159,13,2,1
202100037536,134Â 571,A01,1,1,1,5,1,0,-1,-1, -1,-1,2021,39.0,2,2,0,2,2,1,1,,1,A507 sens Aubagne- Marseille,0,,3,3,0,1,7,130,1,, -1,1,1,1,70,30,5,1,13,13055,1,1,0,4,A507 sens Aubagne- Marseille,43.30184,5.425276,14,3,3
202100042602,125Â 473,B01,1,1,1,5,2,6,-1,0,0,-1,2021,30.0,1,1,0,2,1,17,1,,4,QUAI BRANLY,0,,2,1,0,1,(1),(1),1,, -1,1,0,1,50,24,4,1,75,75115,2,2,0,3,QUAI BRANLY,48.8545833708,2.2888952494,12,2,2
202100050259,111Â 882,A01,1,1,1,1,1,-1,-1,0,0,-1,2021,31.0,1,2,0,2,1,13,0,,3,64,-1,,2,2,0,2,6,180,3,, -1,1,0,1,50,25,2,1,73,73154,2,1,0,1,D64 Rte de la Foret,45.665582,6.345007,18,2,2
202100022893,160Â 699,A01,10,3,2,5,0,-1,-1,1,5,1,2021,13.0,1,2,0,1,3,1,1,,3,DOGNEVILLE (Q. DE),0,,2,2,0,1,26,200,1,, -1,1,0,1,50,22,4,1,88,88160,2,1,0,6,,48.185963,6.445117,15,2,1
202100026734,153Â 934,A01,1,1,1,5,6,2,-1,0,0,-1,2021,60.0,2,1,0,2,9,1,1,,3,252,-1,,2,2,0,1,14,181,1,, -1,1,0,1,80,28,7,1,17,17317,1,1,0,3,D252,45.423794,-0.62327,19,3,2
202100024909,157Â 134,B01,1,1,1,0,2,6,-1,-1, -1,-1,2021,23.0,1,1,0,2,8,18,1,,3,DE LATTRE DE TASSIGNY (1 A 51),0,,3,4,0,1,0,1,1,, -1,1,0,1,50,9,8,1,93,93031,2,1,0,3,Avenue de Lattre de Tassigny,48.956556,2.310718,13,2,2
202100016211,172Â 660,B01,1,1,1,0,2,6,-1,-1, -1,-1,2021,51.0,2,1,0,2,1,1,1,,4,PASCAL   RUE BLAISE,0,,2,2,1,1,(1),(1),1,, -1,2,0,1,30,27,9,1,17,17274,2,3,0,3,PASCAL   RUE BLAISE,46.15852,-1.1131,9,2,2
202100021019,164Â 092,B01,1,1,1,0,8,0,-1,-1, -1,-1,2021,60.0,3,1,0,2,0,1,5,,4,HUGO VICTOR (RUE) HORS JARDIN PUBLIQUE,0,,2,3,0,1,0,0,1,, -1,1,5,1,50,3,9,5,72,72181,2,1,0,1,HUGO VICTOR (RUE) HORS JARDIN PUBLIQUE,47.99948,0.19975,22,2,2
202100027247,153Â 014,B01,1,1,1,5,1,-1,-1,0,0,-1,2021,81.0,0,2,0,2,1,1,1,,3,2085,-1,,2,2,0,2,19,773,1,, -1,1,5,1,70,24,7,1,6,6161,1,1,0,3,2809 Route de Grasse,43.657327,7.090312,16,2,2
202100036332,136Â 750,A01,1,1,1,5,6,-1,-1,0,0,-1,2021,43.0,1,1,0,6,1,1,1,,3,988,0,D,2,2,0,1,103,10,1,, -1,1,0,1,70,6,6,3,48,48017,1,1,0,6,PRATNAU,44.4383,3.165967,0,1,1
202100041070,128Â 196,A01,1,1,1,4,1,8,-1,-1, -1,-1,2021,40.0,1,2,0,2,3,13,1,,3,,0,,-1,2,0,2,1,852,4,, -1,1,0,1,50,6,5,1,85,85191,2,1,0,1,DURAND RUE HELIODORE,46.65904,-1.39828,14,2,2
202100005228,192Â 436,A01,1,1,2,0,1,0,-1,-1, -1,-1,2021,29.0,2,2,4,0,3,1,1,,2,CHAUVEL,0,,1,4,0,3,(1),(1),1,, -1,2,0,3,90,1,12,2,971,97101,1,1,0,7,CHAUVEL,16.2406615541,-61.5227293968,6,1,1
202100011869,180Â 505,A01,10,3,2,9,0,-1,-1,4,3,1,2021,62.0,2,1,12,2,8,17,1,,3,PARIS (RUE DE),0,,2,2,0,1,1,0,1,, -1,2,6,8,50,21,10,1,93,93048,2,9,1,6,PARIS (RUE DE),48.8574493559,2.4324417114,15,2,1
202100040080,129Â 954,B01,1,1,1,0,2,0,-1,-1, -1,-1,2021,33.0,1,1,0,2,8,1,1,,3,1,0,,2,4,0,1,0,0,1,, -1,1,0,1,50,13,5,1,92,92012,2,3,0,3,ALPHONSE LE GALLO (QUAI) 1/34,48.83465,2.22608,17,2,2
202100030077,148Â 024,B01,1,1,1,4,2,6,5,0,0,-1,2021,36.0,1,1,0,2,7,1,1,,3,784,-1,,1,1,0,1,(1),(1),1,, -1,1,5,1,70,9,7,1,29,29167,1,6,0,3,D784 - Lieu Dit Kerandoare,47.999467,-4.271214,8,2,2
202100015448,174Â 093,A01,1,1,2,5,1,-1,-1,-1,0,-1,2021,24.0,1,2,4,0,4,1,1,,1,AUTOROUTE A15,0,,3,6,0,1,22,799,1,, -1,2,0,1,70,3,10,1,95,95218,1,1,1,6, A15,49.0351184028,2.0985061907,12,1,1
202100034652,139Â 781,A01,1,1,1,5,2,-1,-1,0,0,-1,2021,17.0,3,1,0,0,8,1,1,,4,,-1,,2,2,0,2,(1),(1),1,,4,1,0,3,50,12,6,3,56,56031,2,1,0,7,Rue du ChÃªne,47.831077,-3.001218,23,1,1
202100046189,119Â 209,A01,10,3,2,2,0,-1,-1,3,3,1,2021,9.0,0,2,0,1,3,2,1,,3,,-1,,2,2,0,1,13,845,1,, -1,1,0,1,50,30,3,1,34,34151,2,6,1,6,Avenue Charles Corbieres,43.663087,4.171645,8,2,1