Num_Acc,id_vehicule,num_veh,place,catu,sexe,trajet,secu1,secu2,secu3,locp,actp,etatp,year_acc,victim_age,senc,catv,obs,obsm,choc,manv,motor,occutc,catr,voie,v1,v2,circ,nbv,vosp,prof,pr,pr1,plan,lartpc,larrout,surf,infra,situ,vma,jour,mois,lum,dep,com,agg_,int,atm,col,adr,lat,long,hour,nb_victim,nb_vehicules
202100018998,167Â 675,B01,1,1,2,9,2,0,-1,0,0,-1,2021,30.0,2,1,0,2,1,16,5,,4,QUAI D AUSTERLITZ,0,,2,5,1,1,(1),(1),1,, -1,1,0,5,30,14,9,1,75,75113,2,1,0,3,QUAI D AUSTERLITZ,48.8430738815,2.3663305414,17,2,2
202100041250,127Â 866,B01,1,1,2,0,1,0,-1,-1, -1,-1,2021,59.0,1,2,0,2,4,1,1,,1,AUTOROUTE A1,0,,1,3,0,1,1,200,1,, -1,1,0,1,90,5,5,1,972,97213,1,1,0,4,AUTOROUTE A1,14.6183,-61.0203,12,4,4
202100052188,108Â 426,B01,1,1,1,0,2,-1,-1,0,0,-1,2021,67.0,1,1,0,2,1,1,1,,3,114,-1,,2,2,0,1,(1),(1),1,, -1,1,0,1,80,8,2,1,971,97117,1,1,0,2,D114,16.302722,-61.366324,7,2,2
202100014333,176Â 086,A01,1,1,1,0,1,8,-1,-1, -1,-1,2021,64.0,0,2,0,2,1,5,1,,4,REPUBLIQUE (RUE DE LA),0,,2,2,0,1,0,0,1,, -1,1,0,1,50,7,10,1,91,91223,2,3,0,3,REPUBLIQUE (RUE DE LA),48.4326,2.16864,12,3,2
202100028260,151Â 179,B01,1,1,1,1,2,6,-1,-1, -1,-1,2021,40.0,2,1,0,2,3,1,1,,1,6,0,,1,3,0,1,17,620,1,, -1,1,0,1,110,19,7,1,91,91589,1,1,0,3,AUTOROUTE A6,48.67454,2.34221,7,2,2
202100040550,129Â 129,A01,1,1,1,5,2,6,-1,0,0,-1,2021,20.0,1,1,0,2,1,13,1,,3,D183,-1,,2,2,0,1,2,900,1,, -1,1,0,1,90,7,5,1,19,19113,1,1,0,1,Manzagol,45.39596,2.302499,16,2,2
202100047759,116Â 379,A01,10,3,2,3,0,-1,-1,4,3,1,2021,47.0,2,1,0,1,0,0,5,,4,VITTON                              (CO),0,,1,2,1,1,(1),(1),1,, -1,1,0,1,50,16,3,1,69,69386,2,1,0,6,VITTON (CR),45.769375813,4.8512677517,15,2,1
202100007532,188Â 287,A01,1,1,2,9,1,-1,-1,0,0,-1,2021,54.0,0,2,0,6,1,1,1,,3,932,0,A,2,2,0,1,20,900,1,, -1,2,0,1,80,6,11,3,60,60338,1,1,0,6,D932a,49.3430582359,2.7721295355,21,1,1
202100031834,144Â 850,A01,1,1,2,-1,0,-1,-1,-1, -1,-1,2021,24.0,2,2,0,2,1,1,-1,,4,,-1,,2,-1,-1,1,(1),(1),1,, -1,1,0,1,-1,10,6,2,84,84007,2,1,0,3,C.De GAULLE (Rocade),43.92885,4.81276,21,2,2
202100023229,160Â 096,A01,1,1,1,5,8,0,-1,-1, -1,-1,2021,31.0,3,1,12,0,1,1,1,,4,Tunnel Prado CarÃ©nage,0,,3,2,0,1,0,1,2,, -1,1,0,4,50,21,8,3,13,13207,1,1,0,7,Tunnel Prado CarÃ©nage,43.29112,5.36393,3,1,1
202100048145,115Â 689,A01,10,3,2,5,0,-1,-1,3,3,1,2021,45.0,1,1,0,1,1,1,1,,4,STRASBOURG (BOULEVARD DE),0,,2,2,0,1,(1),(1),1,, -1,1,0,1,50,12,3,1,6,6029,2,1,0,6,STRASBOURG (BOULEVARD DE),43.554188,7.028542,10,2,1
202100020213,165Â 503,A01,10,3,2,2,0,-1,-1,3,3,1,2021,18.0,2,2,0,1,1,1,1,,7,LEBLEU (RUE JULES ),0,,2,2,0,1,(1),(1),1,, -1,1,0,1,50,6,9,1,59,59017,2,1,0,6,LEBLEU (RUE JULES ),50.6868352773,2.8704424202,16,2,1
202100015001,174Â 890,A01,5,2,1,0,1,0,-1,-1, -1,-1,2021,23.0,1,2,2,0,3,13,1,,4,PLESSIS (BOULEVARD DU),0,,2,2,0,1,1,0,1,, -1,2,0,4,50,3,10,5,71,71306,2,1,1,6,PLESSIS (BOULEVARD DU),46.676,4.38371,1,5,1
202100045581,120Â 256,B01,1,1,1,0,2,0,-1,0,0,-1,2021,27.0,1,1,0,2,1,0,1,,4,MOTHE (RUE DE LA),0,,2,3,0,1,(1),(1),1,, -1,1,0,1,50,1,4,1,54,54395,2,2,0,3,MOTHE (RUE DE LA),48.68993,6.20032,18,2,2
202100047670,116Â 544,A01,1,1,1,0,2,6,-1,0,0,-1,2021,22.0,3,1,0,0,0,1,1,,4,,-1,,2,2,0,1,(1),(1),4,, -1,1,0,1,30,16,3,1,17,17010,2,1,0,7,Route de la Douane,46.104561,-1.121995,18,2,1
202100049576,113Â 139,C01,1,1,2,1,1,0,-1,-1, -1,-1,2021,35.0,1,2,0,2,3,1,1,,1,AUTOROUTE A6,0,,3,3,0,2,25,399,1,, -1,1,0,1,110,2,3,1,91,91228,1,1,0,5,AUTOROUTE A6,48.626,2.4162,12,3,3
202100053249,106Â 548,A01,1,1,1,1,2,6,-1,0,0,-1,2021,46.0,2,1,14,0,0,1,1,,4,BOULEVARD DE MAGENTA,0,,3,2,0,1,(1),(1),1,, -1,2,9,1,50,28,1,5,75,75110,2,5,1,6,BOULEVARD DE MAGENTA,48.8785352863,2.3540523732,23,1,1
202100028906,150Â 058,A01,1,1,1,1,2,-1,-1,0,0,-1,2021,20.0,2,1,13,0,8,14,1,,3,704,-1,,-1,2,0,2,8,700,2,, -1,1,0,3,50,28,6,1,46,46127,1,1,0,6,D 704,44.748754,1.378995,12,1,1
202100009129,185Â 392,A01,1,1,1,9,8,0,-1,-1, -1,-1,2021,17.0,1,2,12,0,1,1,1,,3,WALESA (AVENUE LECH),0,,1,3,1,1,1,0,4,, -1,1,0,5,30,6,11,5,93,93064,2,1,0,6,WALESA (AVENUE LECH),48.87704,2.4867,3,4,1
202100042555,125Â 564,A01,1,1,1,5,2,-1,-1,0,0,-1,2021,57.0,1,1,0,0,1,18,5,,3,55,0,D,2,2,0,1,8,700,1,, -1,1,8,1,50,26,4,1,88,88173,1,1,0,7,D55,48.359471,6.243539,12,1,1
202100039938,130Â 199,A01,10,3,2,5,0,-1,-1,4,3,1,2021,58.0,1,2,0,1,1,19,1,,4,JEAN JAURES RUE,0,,-1,2,0,1,1,0,1,, -1,2,0,1,50,14,5,1,49,49353,2,2,0,6,JEAN JAURES RUE,47.44371,-0.49838,9,2,1
202100005253,192Â 394,A01,1,1,1,1,2,6,-1,-1, -1,-1,2021,34.0,2,1,0,2,1,1,1,,3,ROUTE DE VERSAILLES,0,,3,4,0,4,28,310,1,, -1,1,0,1,70,23,11,2,78,78524,2,1,0,2,ROUTE DE VERSAILLES,48.83631,2.11177,19,2,2
202100005131,192Â 606,B01,2,2,2,5,2,6,-1,-1, -1,-1,2021,18.0,3,1,0,2,0,0,1,,4,,0,,4,5,0,1,0,1,1,, -1,1,0,8,30,2,12,5,92,92023,2,9,0,3,CHEMIN VERT (RUE DU),48.8140360905,2.267831862,18,3,2
202100029914,148Â 335,B01,1,1,1,1,2,9,-1,0,0,-1,2021,47.0,2,1,0,2,4,1,5,,7,36,0,D,1,1,0,1,3,150,3,, -1,1,0,1,50,9,7,1,69,69296,1,6,1,2,D36,45.64242,4.82683,7,2,2
202100043990,123Â 050,C01,1,1,2,3,1,0,-1,-1, -1,-1,2021,48.0,1,2,0,2,1,2,1,,1,A507 sens Marseille - Aubagne,0,,4,2,0,2,3,164,1,, -1,1,0,1,70,14,4,1,13,13055,1,1,0,4,A507 sens Marseille - Aubagne,43.33,5.4073,18,4,3
202100030465,147Â 316,A01,1,1,2,5,1,-1,-1,0,0,-1,2021,37.0,3,2,0,2,1,1,1,,4,2,0,,2,2,0,1,(1),(1),1,, -1,1,0,1,80,6,7,1,44,44062,1,1,0,1,lieu dit La GÃ©netrie,47.527721,-1.746676,14,2,2
202100018064,169Â 343,A01,2,2,1,1,1,-1,-1,0,0,-1,2021,28.0,1,5,0,2,2,2,1,,1,4,0,,3,4,0,1,441,700,1,, -1,1,0,1,130,20,9,1,67,67478,1,1,0,2,autoroute A4 - PK441+700,48.777828,7.408433,9,3,2
202100039704,130Â 614,A01,2,2,2,9,1,0,-1,0,0,-1,2021,21.0,1,2,0,2,1,2,2,,4,PORTE DAUPHINE,0,,1,4,0,1,15,300,1,, -1,2,0,1,70,15,5,5,75,75116,2,1,1,2,PORTE DAUPHINE,48.871218,2.27332,4,3,2
202100021079,163Â 979,A01,1,1,1,0,2,0,-1,0,0,-1,2021,17.0,3,1,0,2,1,11,1,,7,PAGNOL MARCEL BOULEVARD,0,,1,2,0,1,0,0,2,, -1,1,0,1,50,3,9,1,6,6123,2,3,0,3,PAGNOL MARCEL BOULEVARD,43.67341,7.18981,18,2,2
202100003499,195Â 497,B01,1,1,1,5,0,-1,-1,0,0,-1,2021,53.0,1,2,0,2,1,1,2,,4,19,-1,,2,2,0,1,(1),(1),1,, -1,2,0,1,50,12,12,1,69,69168,2,1,0,1,HENRI BOUCHARD (R),45.837365,4.839097,10,2,2
202100044539,122Â 108,A01,1,1,1,9,2,8,-1,-1, -1,-1,2021,38.0,2,1,0,2,8,1,1,,2,BALATA (ROUTE DE),0,,2,2,0,2,0,0,1,, -1,1,0,1,30,9,4,1,972,97209,2,3,0,3,BALATA (ROUTE DE),14.6343,-61.07293,17,2,2
202100004772,193Â 254,A01,1,1,1,0,1,0,-1,-1, -1,-1,2021,25.0,2,2,3,0,3,13,1,,1,31 A LES MINIMES  (PERIPH OUEST A620),0,,1,3,0,1,3,50,1,, -1,2,0,1,90,4,12,3,31,31555,1,1,1,5,31 A LES MINIMES  (PERIPH OUEST A620),43.626293,1.419219,6,4,4
202100005273,192Â 361,Z01,10,3,2,3,0,-1,-1,3,3,1,2021,87.0,2,2,0,1,1,1,1,,4,,0,,1,1,0,1,(1),(1),1,, -1,1,0,1,50,27,11,1,66,66136,2,1,0,6,FOCH (MARECHAL),42.6940461256,2.8879898787,11,2,1
202100048888,114Â 372,A01,1,1,1,0,0,-1,-1,0,0,-1,2021,32.0,1,2,0,0,9,0,1,,3,65,-1,,2,2,0,1,(1),(1),1,, -1,1,0,8,50,6,3,3,14,14430,2,1,0,7,D65 ,49.327541,-0.572662,20,1,1
202100016907,171Â 401,B01,1,1,1,1,2,0,-1,-1, -1,-1,2021,44.0,1,1,0,2,1,26,1,,4,BOURG LA CROIX PLACE ET RUE,0,,2,2,0,1,1,0,1,, -1,1,0,1,50,24,9,2,49,49007,2,1,0,1,BOURG LA CROIX PLACE ET RUE,47.45155,-0.524685,6,2,2
202100050471,111Â 479,A01,1,1,2,0,1,7,-1,-1, -1,-1,2021,21.0,1,2,0,2,1,13,1,,4,EPITAPHE CHEMIN DE L',0,,2,2,0,1,(1),(1),1,, -1,1,0,1,50,23,2,1,25,25056,2,1,0,5,EPITAPHE CHEMIN DE L',47.248706,5.996548,16,3,3
202100029050,149Â 813,A01,1,1,1,5,1,-1,-1,0,0,-1,2021,65.0,1,2,13,0,4,1,1,,3,1075,-1,,2,2,0,1,28,970,2,, -1,1,0,3,90,14,7,1,5,5166,1,1,0,6,RD1075 PK29,44.440644,5.713255,19,1,1
202100016395,172Â 327,A01,10,3,1,3,0,-1,-1,3,3,1,2021,52.0,2,1,0,1,3,17,1,,3,6,0,,2,2,0,1,(1),(1),1,, -1,1,9,8,40,23,9,1,67,67437,2,9,0,6,36 rue du marÃ©chal Joffre,48.742628,7.372904,18,2,1
202100004082,194Â 447,A01,3,2,1,9,3,0,-1,-1, -1,-1,2021,6.0,1,2,8,0,7,26,1,,3,VIALENC (BOULEVARD DU),0,,3,12,0,1,0,546,1,, -1,2,5,1,50,7,12,5,15,15014,2,2,0,6,VIALENC (BOULEVARD DU),44.91777,2.42899,5,2,1
202100052828,107Â 295,A01,2,2,1,9,0,-1,-1,0,0,-1,2021,4.0,2,4,17,0,2,14,1,,3,30,0,,2,2,0,1,60,100,1,, -1,2,0,3,80,3,2,1,18,18030,1,1,0,6,Le Pre des Noues,47.549466,2.556401,10,3,1
202100042460,125Â 722,A01,1,1,1,5,2,0,-1,-1, -1,-1,2021,56.0,0,1,6,0,1,0,1,,4,DOLET (R ETIENNE),0,,-1,2,0,1,(1),(1),1,, -1,1,0,1,50,28,2,1,62,62771,2,1,0,7,DOLET (R ETIENNE),50.429385,2.851429,18,1,1
202100008941,185Â 734,B01,1,1,1,5,1,-1,-1,-1, -1,-1,2021,55.0,2,2,0,2,5,2,1,,7,GRENOBLE (DE)  -  RN 6              (RO),0,,2,4,0,1,(1),(1),1,, -1,1,0,1,70,6,11,2,69,69290,2,1,0,2,GRENOBLE (DE) (RTE),45.71421,4.96619,16,3,2
202100024992,156Â 982,B01,1,1,1,1,1,0,-1,-1, -1,-1,2021,23.0,1,2,0,2,3,9,1,,3,LIBERATION (ROUTE DE LA),0,,2,1,0,1,0,1,1,, -1,1,5,1,50,8,8,2,74,74118,2,6,0,3,LIBERATION (ROUTE DE LA),46.18041625,6.22980812,7,2,2
202100042314,125Â 988,A01,10,3,1,5,8,8,-1,3,3,1,2021,68.0,3,2,0,1,2,1,1,,4,BASSINS (ROUTE DES),0,,2,2,0,1,0,0,1,, -1,1,0,1,50,27,4,1,44,44184,2,1,0,6,BASSINS (ROUTE DES),47.28536,-2.24601,10,2,1
202100030456,147Â 335,A01,2,2,2,9,1,-1,-1,0,0,-1,2021,84.0,1,2,0,2,7,15,1,,3,743,0,D,2,3,3,2,8,195,1,,"10,3",1,5,1,70,7,7,1,79,79285,1,2,0,3,La Croix des Vignes,46.569387,-0.2982,10,3,2
202100038762,132Â 327,B01,1,1,2,0,8,0,-1,0,0,-1,2021,70.0,1,1,0,2,1,16,5,,4,PORTE DE L'EAU (PLACE DE LA),0,,1,0,0,1,(1),(1),1,, -1,1,0,1,50,21,5,1,27,27375,2,6,0,1,PORTE DE L'EAU (PLACE DE LA),49.21545,1.17216,12,3,2
202100008881,185Â 865,A01,1,1,1,5,0,-1,-1,0,0,-1,2021,19.0,1,2,2,0,3,1,1,,3,47,0,D,2,2,0,1,13,100,1,, -1,2,0,3,80,2,10,3,29,29240,1,1,1,6,D47 - Lieu Dit les 3 Fontaines,48.26841676,-4.2384266853,21,1,1
202100037539,134Â 564,A01,1,1,2,5,1,0,-1,-1, -1,-1,2021,22.0,2,2,0,2,4,11,1,,1,A507 sens Aubagne- Marseille,0,,1,3,0,1,8,189,1,, -1,1,1,1,70,29,5,1,13,13055,1,1,0,2,A507 sens Aubagne- Marseille,43.293575146,5.4244351387,6,2,2
202100032740,143Â 249,B01,1,1,1,0,1,-1,-1,0,0,-1,2021,30.0,2,2,16,2,4,15,1,,3,764,0,D,2,2,0,1,47,895,1,, -1,1,0,1,80,23,6,1,56,56160,1,2,0,4,D764,47.97938,-2.686479,13,3,3
202100036864,135Â 802,B01,1,1,1,0,1,0,-1,-1, -1,-1,2021,41.0,2,2,0,2,4,1,1,,3,LECLERC (AVENU DE LA DIVISION),0,,1,1,1,2,0,0,1,, -1,1,2,1,50,2,6,1,93,93013,2,1,0,2,LECLERC (AVENU DE LA DIVISION),48.938897,2.429502,20,2,2
202100034635,139Â 807,A01,2,2,2,3,1,-1,-1,0,0,-1,2021,79.0,1,2,2,0,2,0,1,,3,,-1,,2,2,0,2,(1),(1),1,, -1,1,0,4,50,14,6,1,54,54100,2,1,0,6,49 rue de Metz,48.7862,6.35252,12,2,1
202100019541,166Â 702,A01,2,2,2,5,2,6,-1,0,0,-1,2021,25.0,2,1,0,2,1,17,1,,3,3,-1,,2,2,0,1,2,550,1,, -1,1,0,1,90,12,9,1,51,51217,1,2,0,3,D3,49.0630122894,3.6181109441,12,3,2
202100002199,197Â 863,B01,1,1,1,0,8,-1,-1,0,0,-1,2021,46.0,2,1,16,2,8,1,1,,2,1,0,,2,2,0,1,60,0,1,, -1,1,0,1,50,20,12,5,987,98747,2,3,0,3,PK 60 TARAVAO,-17.72713,-149.314713,21,2,2
202100012389,179Â 566,B01,1,1,1,4,1,-1,-1,-1, -1,-1,2021,45.0,2,2,0,2,4,0,0,,4,MARIETTON                           (R ),0,,-1,2,0,1,(1),(1),1,, -1,1,0,1,50,18,10,1,69,69389,2,9,0,2,MARIETTON (R),45.77609,4.79938,11,2,2
202100002133,197Â 980,A01,1,1,1,5,2,6,-1,-1, -1,-1,2021,41.0,1,1,0,2,1,26,1,,3,LENS ( ROUTE DE ),0,,2,2,0,1,8,210,1,, -1,2,5,1,50,19,12,5,62,62401,2,3,0,1,LENS ( ROUTE DE ),50.505293,2.808441,19,2,2
202100024289,158Â 255,B01,1,1,1,1,8,0,-1,-1, -1,-1,2021,22.0,3,1,0,2,3,1,5,,4,SARTRE   AVENUE JEAN-PAUL,0,,2,3,1,1,(1),(1),1,, -1,1,0,5,50,13,8,1,17,17300,2,1,0,3,SARTRE   AVENUE JEAN-PAUL,46.15674,-1.12032,8,2,2
202100050933,110Â 634,B01,1,1,1,9,8,0,-1,0,0,-1,2021,49.0,2,1,0,2,0,1,5,,4,RUE DU CHEVALERET,0,,1,1,0,1,(1),(1),1,, -1,1,0,1,30,19,2,5,75,75113,2,1,0,3,RUE DU CHEVALERET,48.829352,2.375906,19,2,2
202100016334,172Â 443,B01,1,1,1,5,1,8,-1,-1, -1,-1,2021,24.0,2,2,1,0,1,1,1,,1,A55-Sens Martigues vers Marseille,0,,1,2,0,1,21,500,1,, -1,1,0,1,110,24,9,3,13,13088,1,1,0,1,A55-Sens Martigues vers Marseille,43.3799675652,5.2184459842,23,2,2
202100024975,157Â 019,A01,1,1,1,0,1,-1,-1,-1, -1,-1,2021,28.0,2,2,0,2,1,1,1,,1,AUTOROUTE A 62,0,,3,4,0,1,9,0,1,, -1,1,0,1,130,9,8,1,33,33448,1,1,0,4,AUTOROUTE A 62,44.701371,-0.502894,15,5,3
202100008954,185Â 710,A01,1,1,2,0,1,8,-1,-1, -1,-1,2021,22.0,0,2,0,2,1,8,1,,4,VALLON DE TOULOUSE (RUE),0,,1,3,0,1,0,0,1,, -1,1,3,1,50,7,11,1,13,13209,2,2,0,3,VALLON DE TOULOUSE (RUE),43.26,5.415,12,4,2
202100009935,183Â 935,A01,1,1,1,0,1,0,-1,-1, -1,-1,2021,70.0,1,2,0,2,3,9,0,,3,ARISTIDE BRIAND (AVENUE) COTE DES NÂ°1A87,0,,1,2,0,1,0,1,2,, -1,1,0,1,50,1,11,1,93,93072,2,6,0,3,GAMBETTA (AVENUE),48.9629740804,2.3772784951,13,2,2
202100043138,124Â 567,B01,1,1,2,9,1,5,-1,-1, -1,-1,2021,25.0,2,2,9,0,3,19,1,,3,AV HENRI BARBUSSE,0,,2,2,0,1,0,0,1,, -1,1,0,1,50,20,4,5,91,91657,2,2,0,3,AV HENRI BARBUSSE,48.70392,2.43378,22,4,2
202100019516,166Â 747,A01,1,1,1,5,1,0,-1,0,0,-1,2021,28.0,3,2,11,0,2,13,1,,4,BOULEVARD DE MAGENTA,0,,2,4,0,1,(1),(1),1,, -1,1,0,1,30,11,9,5,75,75110,2,1,0,6,BOULEVARD DE MAGENTA,48.88106,2.351791,6,1,1
202100011557,181Â 063,A01,10,3,2,0,0,-1,-1,2,3,1,2021,47.0,2,2,0,1,1,1,1,,3,WILHELM (RUE HENRY),0,,1,1,0,1,(1),(1),1,, -1,1,0,1,50,14,10,1,68,68066,2,2,0,6,WILHELM (RUE HENRY),48.08324,7.35567,17,2,1
202100045149,121Â 030,A01,1,1,1,4,2,0,-1,-1, -1,-1,2021,32.0,1,1,0,2,1,1,1,,4,PAUL VAILLANT COUTURIER (AV),0,,2,2,0,1,0,0,1,, -1,1,5,1,50,4,4,1,94,94076,2,1,0,2,PAUL VAILLANT COUTURIER (AV),48.7946,2.36034,19,2,2
202100017844,169Â 724,B01,1,1,1,4,2,0,-1,-1, -1,-1,2021,24.0,1,1,0,9,6,1,3,,4,WALVEIN (RUE),0,,2,4,0,1,(1),(1),1,, -1,1,9,1,50,19,9,1,37,37261,2,2,0,3,WALVEIN (RUE),47.3902654162,0.670604668,19,2,2
202100014898,175Â 083,A01,1,1,1,0,2,6,-1,0,0,-1,2021,17.0,0,1,6,0,1,15,1,,4,,-1,,2,2,0,2,(1),(1),1,,4,2,0,1,50,7,10,1,8,8222,2,3,1,7,42 rue de l'espÃ©rance,50.003188,4.71064,13,1,1
202100015786,173Â 453,B01,1,1,1,9,1,-1,-1,0,0,-1,2021,47.0,0,2,0,2,3,1,1,,4,,-1,,2,2,0,1,(1),(1),1,,5,2,0,1,50,2,10,5,35,35126,2,1,1,1,90 Rue de Fagues,47.963617,-1.791217,20,2,2
202100028753,150Â 328,B01,1,1,1,1,1,-1,-1,0,0,-1,2021,56.0,1,2,0,2,1,1,1,,1,8,0,A,3,3,0,1,164,0,1,, -1,1,0,1,110,13,7,1,6,6085,1,1,0,5,AUTOROUTE A8,43.583873,6.992283,11,4,4
202100053302,106Â 457,A01,1,1,1,1,8,0,-1,-1, -1,-1,2021,29.0,1,2,4,0,7,1,1,,1,A55-Sens Martigues vers Marseille,0,,3,3,0,2,5,815,2,, -1,2,0,1,90,20,1,3,13,13216,1,1,1,7,A55-Sens Martigues vers Marseille,43.3461,5.3454,22,1,1
202100045294,120Â 759,A01,1,1,2,5,0,-1,-1,0,0,-1,2021,50.0,2,2,2,0,1,1,1,,3,,-1,,2,2,0,3,22,970,1,,4,1,0,3,50,3,4,1,1,1457,2,1,0,6,Route des Communes,46.199167,4.994021,18,1,1
202100012892,178Â 684,B01,1,1,1,0,8,0,-1,-1, -1,-1,2021,28.0,1,2,0,2,4,26,1,,3,JEAN MERMOZ (BOULEVARD) NÂ°59AU185 ET 76A,0,,1,2,0,1,0,1,1,, -1,1,0,1,50,16,10,5,93,93059,2,1,0,1,JEAN MERMOZ (BOULEVARD) NÂ°59AU185 ET 76A,48.96842,2.36507,21,2,2
202100013452,177Â 694,A01,1,1,1,5,0,-1,-1,0,0,-1,2021,48.0,0,1,0,0,4,1,5,,3,3,0,,2,2,0,1,0,100,3,, -1,1,0,1,90,13,10,3,60,60029,1,1,0,2,Route de Villotran,49.357869,1.983637,19,2,2
202100032354,143Â 929,B01,1,1,1,4,2,0,-1,-1, -1,-1,2021,25.0,1,1,0,2,8,1,3,,2,1013,0,,1,2,1,1,0,0,1,, -1,1,0,5,50,25,6,1,92,92062,2,9,0,3,GENERAL DE GAULLE (AV) DU 44 AU 106,48.8884070257,2.2357660532,11,2,2
202100033666,141Â 586,A01,1,1,2,0,8,0,-1,-1, -1,-1,2021,22.0,0,2,0,2,4,20,1,,4,VICTOR BASCH (AVENUE),0,,2,2,0,2,0,0,1,, -1,1,0,1,50,18,6,1,93,93051,2,1,0,4,Avenue Victor Basch,48.8419062079,2.5596669316,14,3,3
202100045099,121Â 121,A01,10,3,1,0,0,-1,-1,0,0,-1,2021,88.0,3,2,0,1,4,26,1,,4,ALEXANDRE III (BOULEVARD ),0,,1,2,0,1,(1),(1),1,, -1,1,0,1,50,4,4,1,6,6029,2,9,0,6,ALEXANDRE III (BOULEVARD ),43.546503,7.036655,17,2,1
202100024815,157Â 300,A01,1,1,1,5,2,6,-1,0,0,-1,2021,40.0,2,1,0,2,1,3,1,,3,98,0,A,2,2,1,1,2,0,1,, -1,1,0,1,70,9,8,1,83,83065,1,1,0,3,D98a,43.2571353449,6.5941250323,19,2,2
202100055251,103Â 062,B01,1,1,1,5,1,-1,-1,0,0,-1,2021,62.0,2,2,6,0,8,15,3,,2,1,-1,,2,2,0,1,23,500,1,, -1,1,0,1,60,13,1,1,987,98733,2,1,0,3,Pk 23500 RT1,-17.707165,-149.584056,17,3,2
202100020893,164Â 302,A01,1,1,1,0,2,0,-1,-1, -1,-1,2021,24.0,1,1,0,2,8,1,1,,3,SAINT LEU (ROUTE),0,,2,2,2,1,0,0,1,, -1,1,0,1,50,4,9,1,93,93079,2,3,0,6,SAINT LEU (ROUTE),48.95531,2.33336,17,2,2
202100037954,133Â 823,A01,1,1,2,1,2,2,-1,0,0,-1,2021,64.0,2,1,0,2,1,1,1,,4,VOIE DE DEGAGEMENT EST,0,,2,2,0,1,0,0,1,, -1,1,0,1,50,26,5,1,988,98818,2,3,0,2,VOIE DE DEGAGEMENT EST/RUE CHARLEROI,-22.28001,166.46515,10,2,2
202100018636,168Â 327,A01,10,3,2,5,0,-1,-1,3,3,2,2021,81.0,2,2,0,1,3,1,1,,3,559,-1,,2,2,0,1,77,250,1,, -1,1,0,1,-1,17,9,1,83,83036,2,1,0,6,Avenue de Saint-RaphaÃ«l,43.185043,6.545105,12,2,1
202100036680,136Â 149,A01,1,1,2,4,2,-1,-1,0,0,-1,2021,55.0,0,1,15,0,2,25,3,,4,,-1,,1,2,0,1,(1),(1),2,,4,2,0,4,50,4,6,1,31,31044,2,1,1,6,8 rue saint Anne,43.594511,1.505159,11,1,1
202100005680,191Â 645,A01,10,3,1,5,0,-1,-1,9,4,1,2021,82.0,0,5,0,1,5,4,1,,4,,-1,,2,1,0,2,(1),(1),1,,3,1,0,1,30,30,11,1,6,6064,2,1,0,6,montÃ©e du chateau,43.761123,7.178641,10,2,1
202100016412,172Â 302,A01,5,2,2,9,0,-1,-1,0,0,-1,2021,32.0,2,2,0,2,2,21,1,,1,51,-1,,3,2,0,1,23,500,1,, -1,1,0,1,130,29,9,1,13,13113,1,1,0,4,A51 pk 23.500,43.5895847008,5.4797994649,8,5,3
202100049813,112Â 710,A01,7,2,2,9,8,-1,-1,0,0,-1,2021,6.0,3,2,13,0,1,1,1,,3,449,-1,D,2,2,0,2,(1),(1),2,, -1,1,0,3,80,28,2,3,40,40083,1,4,0,1,22 Route de Courpignon,43.618462,-0.378605,19,2,1
202100041829,126Â 841,A01,10,3,2,0,8,8,-1,6,9,1,2021,46.0,2,2,0,1,4,26,0,,6,EMILE ZOLA (RUE),0,,-1,0,0,1,0,0,1,, -1,1,9,8,50,30,4,1,93,93007,2,9,0,6,EMILE ZOLA (RUE),48.94692,2.45524,18,2,1
202100045885,119Â 738,A01,1,1,2,5,1,4,-1,-1, -1,-1,2021,21.0,2,2,0,2,1,21,1,,1,A4,0,,-1,3,0,1,22,700,1,, -1,1,0,1,110,31,3,1,77,77121,1,1,0,2,A4,48.8314626854,2.6816071424,18,3,2
202100036729,136Â 058,A01,2,2,1,5,1,-1,-1,0,0,-1,2021,21.0,1,2,13,0,2,15,1,,3,20,-1,,2,2,0,4,55,845,2,, -1,1,0,8,80,3,6,3,86,86222,1,1,0,7,D20,46.681267,0.387987,2,3,1
202100013648,177Â 315,A01,1,1,1,5,1,8,-1,-1, -1,-1,2021,19.0,3,2,1,0,3,1,3,,4,LURCAT (RUE JEAN),0,,1,1,0,2,(1),(1),1,, -1,1,0,1,50,10,10,1,37,37261,2,1,0,6,LURCAT (RUE JEAN),47.4110787511,0.7052285355,11,1,1
202100041139,128Â 072,B01,1,1,1,1,2,6,-1,0,0,-1,2021,47.0,0,1,0,2,7,1,1,,4,BOULEVARD SUCHET,0,,1,2,0,1,(1),(1),1,, -1,1,0,1,50,4,5,1,75,75116,2,1,0,3,BOULEVARD SUCHET,48.857879,2.264977,13,2,2
202100023320,159Â 930,A01,1,1,1,0,2,6,-1,-1, -1,-1,2021,29.0,1,1,0,2,1,1,1,,4,PARIS(AVENUE DE),0,,2,2,0,1,1,0,1,, -1,1,0,1,50,20,8,5,94,94011,2,1,0,3,Avenue de Paris,48.77753,2.47849,1,2,2