Num_Acc,id_vehicule,num_veh,place,catu,sexe,trajet,secu1,secu2,secu3,locp,actp,etatp,year_acc,victim_age,senc,catv,obs,obsm,choc,manv,motor,occutc,catr,voie,v1,v2,circ,nbv,vosp,prof,pr,pr1,plan,lartpc,larrout,surf,infra,situ,vma,jour,mois,lum,dep,com,agg_,int,atm,col,adr,lat,long,hour,nb_victim,nb_vehicules
202100049781,112Â 760,A01,10,3,1,5,0,-1,-1,1,3,1,2021,24.0,1,2,0,1,1,1,0,,4,GRAVIERS (RUE DES),0,,-1,2,0,1,1,0,1,, -1,1,0,1,50,28,2,2,93,93064,2,1,0,6,GRAVIERS (RUE DES),48.8733047758,2.4978351089,16,2,1
202100029601,148Â 874,B01,1,1,1,0,1,-1,-1,-1, -1,-1,2021,57.0,1,2,0,2,1,1,1,,1,,-1,,1,1,-1,1,10,540,2,, -1,1,3,1,50,9,7,1,33,33075,2,4,0,3,Avenue du MÃ©doc,44.87965,-0.6268,10,2,2
202100020566,164Â 869,B01,1,1,1,1,8,0,-1,0,0,-1,2021,68.0,2,1,0,0,1,21,5,,4,RUE DE TOLBIAC,0,,3,4,0,1,(1),(1),1,, -1,1,0,1,30,6,9,1,75,75113,2,1,0,7,RUE DE TOLBIAC,48.825869,2.351548,15,2,2
202100052147,108Â 500,A01,10,3,1,0,0,-1,-1,4,3,1,2021,77.0,1,2,0,1,1,1,1,,3,AV EUGENE THOMAS ,0,,3,4,0,1,1,0,1,, -1,1,5,1,50,8,2,1,94,94043,2,1,0,6,EUGENE THOMAS (AV),48.809784,2.36033,11,2,1
202100022070,162Â 178,A01,1,1,1,4,2,6,-1,-1, -1,-1,2021,20.0,2,1,0,2,2,17,1,,4,CHAMBRE D'AMOUR (AVENUE DE LA),0,,2,2,0,2,0,0,1,, -1,1,0,1,50,28,8,1,64,64024,2,1,0,3,CHAMBRE D'AMOUR (AVENUE DE LA),43.49523,-1.53497,19,2,2
202100014876,175Â 122,A01,1,1,1,3,1,-1,-1,0,0,-1,2021,90.0,1,2,13,0,3,1,1,,3,33,0,,2,2,0,1,15,900,1,, -1,1,0,3,90,6,10,1,23,23245,1,1,0,7,D33,46.219809,1.85495,15,2,1
202100014906,175Â 072,A01,9,2,1,3,1,-1,-1,0,0,-1,2021,10.0,1,2,0,2,2,19,1,,3,,-1,,1,1,0,1,0,0,1,,5,1,2,1,50,6,10,1,95,95489,1,1,0,5,RD 301B4,49.019142,2.351139,17,7,3
202100030804,146Â 702,C01,4,2,2,5,1,0,-1,-1, -1,-1,2021,67.0,2,2,0,2,4,1,1,,1,AUTOROUTE A20,0,,3,4,0,1,183,500,1,, -1,2,0,1,90,29,6,3,87,87114,1,1,1,4,AUTOROUTE A20,45.83121,1.2827,22,7,3
202100055207,103Â 135,A01,1,1,1,9,2,0,-1,0,0,-1,2021,26.0,2,1,0,2,1,1,3,,4,AVENUE GAMBETTA,0,,2,2,2,2,(1),(1),1,, -1,2,0,1,50,13,1,1,75,75120,2,7,1,3,AVENUE GAMBETTA,48.864673,2.394523,10,2,2
202100019835,166Â 180,B01,1,1,2,0,1,-1,-1,-1, -1,-1,2021,28.0,1,2,0,2,1,1,1,,7,312                                     ,0,,2,2,0,1,2,0,3,, -1,1,0,1,50,9,9,1,69,69276,2,1,0,1,D312                                     ,45.6787648882,4.8505751789,15,3,2
202100012934,178Â 617,B01,1,1,2,5,1,-1,-1,0,0,-1,2021,80.0,2,2,0,0,3,1,1,,3,83,-1,,2,4,0,1,2,880,3,, -1,1,0,1,110,14,10,1,68,68011,1,1,0,4,D83,47.749561,7.150544,16,4,3
202100034835,139Â 443,A01,1,1,1,0,2,-1,-1,0,0,-1,2021,51.0,2,1,0,0,0,1,1,,3,928,0,A,2,2,0,2,3,600,1,, -1,1,0,1,90,13,6,1,61,61116,1,1,0,7,D928,48.41798,0.942936,17,1,1
202100022295,161Â 781,A01,10,3,1,5,0,-1,-1,4,3,1,2021,92.0,2,2,0,1,1,1,2,,4,RUE CAULAINCOURT,0,,1,1,0,1,(1),(1),1,, -1,1,0,1,50,27,8,1,75,75118,2,5,0,6,RUE CAULAINCOURT,48.88466,2.329527,16,2,1
202100010736,182Â 538,A01,1,1,1,9,2,6,-1,0,0,-1,2021,32.0,3,1,0,2,8,9,1,,4,PLACE CHARLES DE GAULLE,0,,1,4,0,1,(1),(1),2,, -1,1,0,1,30,27,10,5,75,75116,2,7,0,3,PLACE CHARLES DE GAULLE,48.874011,2.29411,2,2,2
202100045180,120Â 978,B01,1,1,1,5,2,6,9,0,0,-1,2021,34.0,1,1,0,2,7,1,1,,3,88,0,D,2,2,0,1,3,500,1,, -1,1,0,1,50,4,4,1,43,43111,1,3,0,3,Route de Ribains,44.842149,3.823594,13,2,2
202100055121,103Â 284,A01,1,1,1,2,0,-1,-1,0,0,-1,2021,12.0,3,1,0,2,1,19,3,,4,,-1,,2,2,0,1,(1),(1),1,, -1,1,0,1,50,15,1,1,84,84092,2,9,0,3,Avenue Guillaume de Fargis,43.95724,4.858752,13,2,2
202100030809,146Â 694,A01,10,3,1,5,0,-1,-1,9,9,2,2021,1.0,1,1,0,1,1,1,1,,3,COIMBRA (PLACE DE),0,,-1,1,0,1,1,720,1,, -1,1,0,1,50,1,7,5,86,86194,2,1,0,6,Place Coimbra,46.58912,0.360524,22,3,1
202100031218,145Â 939,A01,1,1,1,0,2,0,-1,-1, -1,-1,2021,24.0,0,1,0,0,0,0,1,,3,PDT ROOSEVELT (QUAI DU),0,,2,2,0,2,0,0,1,, -1,1,1,1,50,3,7,2,92,92040,2,1,0,7,PDT ROOSEVELT (QUAI DU),48.8283356727,2.2607347369,6,1,1
202100028543,150Â 700,A01,1,1,2,1,1,-1,-1,0,0,-1,2021,20.0,1,2,0,2,1,13,1,,3,546,0,,2,2,0,1,18,100,2,, -1,1,0,1,80,17,7,1,26,26292,1,1,0,1,166 Montee de Pequin,44.287179,5.416431,13,4,2
202100047956,116Â 017,A01,2,2,1,1,2,0,-1,0,0,-1,2021,42.0,2,1,0,2,3,1,1,,4,QUAI DE LA RAPEE,0,,1,3,1,1,(1),(1),1,, -1,1,-1,5,50,15,3,1,75,75112,2,2,0,3,QUAI DE LA RAPEE,48.845863,2.367679,10,3,2
202100012561,179Â 265,A01,1,1,1,0,1,-1,-1,0,0,-1,2021,71.0,1,2,0,2,3,13,1,,3,35,-1,,2,2,0,1,(1),(1),1,, -1,1,0,1,50,17,10,1,971,97129,2,3,0,1,DÃ©partementale 35 MORNE ROUGE,16.305878,-61.655788,13,2,2
202100018803,168Â 034,A01,1,1,2,1,2,0,-1,0,0,-1,2021,51.0,2,1,0,0,0,7,3,,4,AVENUE DE LA PORTE DE MONTROUGE,0,,2,4,3,1,(1),(1),1,, -1,2,0,6,30,15,9,1,75,75114,2,2,1,7,AVENUE DE LA PORTE DE MONTROUGE,48.822672,2.322699,8,1,1
202100013068,178Â 384,A01,1,1,2,9,2,8,-1,-1, -1,-1,2021,22.0,2,1,0,2,1,13,1,,3,CD 724,0,,3,4,0,1,97,57,1,, -1,1,0,1,50,14,10,1,56,56083,2,1,0,3,Toul Douar,47.7963,-3.30153,17,2,2
202100018322,168Â 874,A01,10,3,1,0,0,-1,-1,1,5,1,2021,19.0,1,2,0,1,2,1,1,,4,GANZAU (RUE DE LA),0,,2,2,0,1,0,0,1,, -1,2,0,1,50,17,9,1,67,67482,2,1,0,6,GANZAU (RUE DE LA),48.53754,7.76055,8,2,1
202100044016,123Â 000,A01,1,1,1,0,1,8,-1,-1, -1,-1,2021,49.0,0,2,0,2,1,2,1,,4,POU-DE-LES-COULOBRES (CHEMIN DU),0,,2,1,0,1,(1),(1),2,, -1,1,0,1,80,14,4,1,66,66136,1,6,0,2,POU-DE-LES-COULOBRES (CHEMIN DU),42.66567,2.91966,7,2,2
202100030310,147Â 584,B01,1,1,1,0,2,6,-1,-1, -1,-1,2021,23.0,2,1,0,2,3,3,1,,1,AUTOROUTE A6B,0,,3,4,0,1,0,920,1,, -1,1,1,1,70,7,7,1,94,94043,1,1,0,3,AUTOROUTE A6B,48.8120300591,2.3522646154,9,2,2
202100042905,124Â 974,A01,10,3,2,5,0,-1,-1,4,3,1,2021,20.0,2,1,0,1,1,1,1,,4,RUE DE CRIMEE,0,,2,2,3,1,(1),(1),1,, -1,1,0,1,50,22,4,1,75,75119,2,2,0,6,RUE DE CRIMEE,48.882995,2.385554,20,2,1
202100009370,184Â 956,A01,10,3,2,5,0,-1,-1,3,3,2,2021,89.0,3,2,0,1,4,4,1,,4,,0,,1,2,0,1,(1),(1),1,,5,1,0,1,50,3,11,1,9,9194,2,1,0,6,Cours du Docteur Chabaud,43.087382,1.875073,10,3,1
202100016289,172Â 517,A01,10,3,1,5,0,-1,-1,1,9,1,2021,53.0,3,2,0,1,4,4,1,,6,,-1,,-1,-1,0,1,(1),(1),1,,4,1,0,8,-1,29,9,1,35,35040,1,9,0,6,Launay Quero,48.136437,-1.938314,16,2,1
202100038969,131Â 983,A01,10,3,1,5,0,-1,-1,2,3,1,2021,40.0,1,1,0,1,1,1,1,,4,RUE LA FAYETTE,0,,1,3,0,2,(1),(1),1,, -1,1,0,1,50,21,5,1,75,75110,2,1,0,6,RUE LA FAYETTE,48.878049,2.352258,15,2,1
202100028683,150Â 451,B01,1,1,1,5,8,0,-1,0,0,-1,2021,25.0,2,1,0,2,4,9,5,,4,RUE CAMBRONNE,0,,2,3,0,1,(1),(1),1,, -1,1,0,1,50,16,7,1,75,75115,2,2,0,5,RUE CAMBRONNE,48.84262,2.302705,19,3,3
202100029494,149Â 073,A01,10,3,2,9,0,-1,-1,1,A,1,2021,3.0,1,0,0,9,2,1,6,,3,773,0,D,2,2,0,1,18,100,1,, -1,1,0,1,80,8,7,1,35,35211,1,1,0,6,D773,47.992584,-2.142694,14,3,1
202100005357,192Â 209,A01,1,1,2,1,0,-1,-1,0,0,-1,2021,31.0,2,0,0,2,1,17,3,,4,CONSTANS LEOPOLD,0,,2,2,0,1,(1),(1),2,, -1,2,0,1,50,10,11,1,12,12145,2,3,1,3,CONSTANS LEOPOLD,44.0995885199,3.0725374818,12,2,2
202100032335,143Â 960,B01,1,1,2,1,1,0,-1,-1, -1,-1,2021,19.0,2,2,0,2,2,1,1,,3,BOISSY (AVENUE DE),0,,2,2,0,1,1,0,1,, -1,1,0,1,50,24,6,1,94,94011,2,2,0,3,Avenue de Boissy,48.77417,2.48189,20,2,2
202100009938,183Â 929,A01,10,3,2,5,0,-1,-1,3,3,1,2021,87.0,2,2,0,1,1,1,2,,3,GRANDE RUE,0,,2,2,0,1,0,0,1,, -1,1,0,1,30,1,11,1,92,92072,2,3,0,6,GRANDE RUE,48.8241772293,2.2105794938,9,2,1
202100036947,135Â 657,B01,2,2,1,4,1,8,-1,-1, -1,-1,2021,50.0,1,5,0,2,8,1,1,,4,AVENUE DU MARECHAL FOCH,0,,2,2,0,3,0,0,1,, -1,2,0,1,50,2,6,5,988,98818,2,2,0,3,AVENUE DU MARECHAL FOCH,-22.28019,166.44326,4,4,2
202100012382,179Â 579,B01,1,1,2,0,8,-1,-1,-1, -1,-1,2021,42.0,2,1,0,2,2,0,5,,4,GARIBALDI                           (R ),0,,1,3,3,1,(1),(1),1,, -1,1,0,6,50,18,10,1,69,69383,2,9,0,3,GARIBALDI (R),45.76065,4.85202,12,2,2
202100014701,175Â 436,A01,1,1,2,9,8,-1,-1,0,0,-1,2021,63.0,1,2,0,2,3,13,1,,3,69,0,D,2,2,0,1,22,160,1,, -1,1,0,1,80,8,10,1,49,49125,1,1,0,1,D69,47.150472,-0.295885,16,2,2
202100043942,123Â 132,B01,1,1,1,0,2,8,-1,-1, -1,-1,2021,27.0,2,1,0,2,1,1,1,,3,986,0,,2,4,0,1,0,0,1,, -1,1,0,1,50,14,4,2,92,92004,2,2,0,3,REDOUTE ( AVENUE DE LA  ),48.9275817721,2.2752822537,21,2,2
202100032211,144Â 185,A01,1,1,1,9,2,6,-1,0,0,-1,2021,52.0,3,1,0,0,0,26,1,,4,,-1,,2,2,0,2,(1),(1),3,,4,1,2,1,45,24,6,1,13,13041,1,1,0,7,Chemin du Moulin du Fort,43.460576,5.456436,17,1,1
202100039270,131Â 407,B01,1,1,1,0,2,6,-1,-1, -1,-1,2021,27.0,1,1,0,2,7,2,1,,3,DUQUESNE (QUAI),0,,2,3,0,1,99,748,1,, -1,1,0,1,30,19,5,1,76,76217,2,1,0,3,DUQUESNE (QUAI),49.9248,1.08072,18,2,2
202100000735,200Â 399,A01,10,3,2,5,0,-1,-1,1,3,2,2021,54.0,3,2,0,1,1,1,1,,4,SURCOUF (Q.),0,,2,2,0,1,1,0,1,, -1,2,0,1,50,24,12,5,22,22278,2,1,1,6,SURCOUF (Q.),48.52412,-2.73943,18,3,1
202100041260,127Â 848,A01,10,3,1,3,0,-1,-1,1,3,1,2021,79.0,3,2,0,1,1,15,3,,4,MASSON (RUE CHARLES),0,,1,2,0,1,(1),(1),1,, -1,1,0,1,30,5,5,1,78,78015,2,3,0,6,MASSON (RUE CHARLES),48.988287,2.064984,11,2,1
202100011735,180Â 753,A01,1,1,1,9,1,-1,-1,-1, -1,-1,2021,21.0,2,2,0,2,4,2,1,,1,ROCADE A 630,0,,3,6,0,2,2,700,1,, -1,1,0,1,70,29,9,2,33,33249,1,1,0,4,ROCADE A 630,44.87929,-0.5337,20,3,3
202100012707,179Â 002,A01,1,1,1,5,2,6,-1,0,0,-1,2021,25.0,1,1,0,2,1,1,1,,3,560,0,,2,2,0,1,8,200,1,, -1,1,0,1,80,16,10,1,83,83087,1,1,0,5,D560,43.390622,5.775526,15,3,3
202100008006,187Â 423,A01,1,1,1,0,2,0,-1,0,0,-1,2021,65.0,1,1,0,2,1,26,5,,4,MICHEL MARIUS (RUE),0,,1,2,0,1,(1),(1),1,, -1,1,0,1,50,12,11,1,63,63164,2,1,0,2,MICHEL MARIUS (RUE),45.82825,3.1433,14,2,2
202100039467,131Â 061,A01,1,1,2,1,1,0,-1,-1, -1,-1,2021,48.0,0,2,0,2,6,20,1,,4,LA FOURRAGERE (AVENUE),0,,2,2,0,1,(1),(1),1,, -1,1,0,1,50,17,5,1,13,13212,2,1,0,2,LA FOURRAGERE (AVENUE),43.300538,5.430795,11,2,2
202100017729,169Â 935,A01,1,1,1,1,2,6,-1,0,0,-1,2021,31.0,1,1,0,2,1,0,1,,3,311,-1,D,2,2,0,2,16,600,3,, -1,1,0,1,90,22,9,1,72,72137,1,1,0,1,D311,48.400688,0.201745,8,2,2
202100035535,138Â 190,A01,1,1,1,1,2,0,-1,0,0,-1,2021,32.0,2,1,0,2,2,14,1,,4,BOULEVARD ORNANO,0,,2,4,3,1,(1),(1),1,, -1,1,0,6,50,9,6,1,75,75118,2,2,0,3,BOULEVARD ORNANO,48.894603,2.347191,19,2,2
202100014398,175Â 972,B01,1,1,2,5,1,0,-1,0,0,-1,2021,85.0,2,2,0,2,4,2,1,,4,ORIENT (BOULEVARD  DE L' ),0,,2,2,0,1,0,1,1,, -1,1,0,1,50,7,10,1,5,5061,2,6,0,4,Boulevard dâOrient,44.56421,6.10034,16,4,3
202100038525,132Â 777,A01,1,1,1,1,1,0,-1,0,0,-1,2021,38.0,2,5,0,2,2,13,1,,4,PORTE DAUPHINE,0,,1,5,0,1,15,600,1,, -1,1,0,1,70,23,5,1,75,75116,2,4,0,2,PORTE DAUPHINE,48.873692,2.275113,6,2,2
202100002922,196Â 546,A01,1,1,2,4,1,8,-1,-1, -1,-1,2021,23.0,1,2,16,0,0,14,1,,4,VILLENEUVE ST-CARADEC (LIEU-DIT),0,,2,2,0,2,(1),(1),2,, -1,2,0,3,70,13,12,1,56,56083,1,1,1,7,VILLENEUVE ST-CARADEC (LIEU-DIT),47.82159,-3.28845,12,1,1
202100003514,195Â 466,A01,1,1,1,0,2,6,-1,-1, -1,-1,2021,56.0,1,1,0,2,2,17,0,,3,ALBERT 1ER BD,0,,2,2,0,1,9,400,1,, -1,1,0,1,50,27,9,1,201,201004,2,1,0,3,ALBERT 1ER BD,41.91265,8.72375,11,2,2
202100025806,155Â 563,A01,1,1,1,5,8,-1,-1,0,0,-1,2021,18.0,2,1,8,0,2,14,1,,3,00,-1,,2,2,0,2,39,500,1,, -1,1,0,3,80,3,8,1,46,46231,1,1,0,6,LA POULINE,44.520347,1.128523,15,1,1
202100043024,124Â 770,A01,1,1,1,0,1,0,-1,0,0,-1,2021,24.0,3,2,6,0,2,16,1,,7,RD 674,0,,3,4,0,1,(1),(1),3,, -1,1,2,3,70,21,4,5,54,54395,2,1,0,6,RD 674,48.67181,6.19418,21,1,1
202100037969,133Â 795,B01,1,1,2,3,2,8,-1,-1, -1,-1,2021,49.0,3,1,0,2,8,0,1,,6,AV JEAN MOULIN,0,,-1,0,0,1,0,100,1,, -1,1,9,8,30,27,5,1,91,91097,2,9,0,2,AV JEAN MOULIN,48.68177,2.53541,11,2,2
202100049178,113Â 848,A01,2,2,2,5,2,-1,-1,0,0,-1,2021,52.0,1,1,0,0,0,1,1,,3,1504,-1,,2,2,0,2,52,800,1,, -1,1,0,1,80,3,3,1,1,1454,1,1,0,7,D 1504,45.73027,5.70817,13,2,1
202100037641,134Â 373,A01,1,1,1,1,2,-1,-1,0,0,-1,2021,17.0,2,1,0,0,1,1,1,,2,40,0,T,2,2,0,1,84,500,4,, -1,1,0,1,80,29,5,1,201,201272,1,1,0,7,RT 40,41.616084,8.954716,14,1,1
202100000210,201Â 363,A01,1,1,1,4,2,8,-1,-1, -1,-1,2021,41.0,1,1,0,1,1,0,1,,4,MIRABEAU (COURS),0,,2,1,0,1,0,0,1,, -1,2,6,6,30,3,1,1,13,13001,2,1,1,1,MIRABEAU (COURS),43.5267566969,5.4489003786,16,2,1
202100033831,141Â 285,B01,1,1,1,0,1,0,-1,-1, -1,-1,2021,37.0,1,2,0,2,4,1,1,,4,BOULEVARD FRANCOIS MITTERRAND,0,,2,2,2,1,(1),(1),1,, -1,1,0,1,50,17,6,1,44,44162,2,1,0,2,BOULEVARD FRANCOIS MITTERRAND,47.21171,-1.6487,15,2,2
202100011096,181Â 893,B01,2,2,2,0,1,0,-1,-1, -1,-1,2021,20.0,3,2,0,2,6,1,1,,4,BAS BUISSONS (RUE DES),0,,-1,1,0,1,1,0,1,, -1,1,0,1,50,20,10,1,28,28134,2,1,0,2,BAS BUISSONS (RUE DES),48.750363,1.347032,18,3,2
202100040355,129Â 471,Z01,10,3,1,0,8,8,-1,3,3,1,2021,78.0,2,1,0,1,1,26,0,,4,FÃLIX PYAT (RUE),0,,2,2,0,1,0,0,1,, -1,1,0,1,50,11,5,1,13,13203,2,1,0,1,FÃLIX PYAT (RUE),43.3169,5.37392,12,2,1
202100039789,130Â 463,A01,1,1,1,0,1,0,-1,-1, -1,-1,2021,55.0,1,2,3,0,2,26,1,,2,RN315 Y,0,,3,2,0,2,3,0,3,, -1,2,0,2,90,16,5,1,92,92036,1,1,1,6,RN315 Y,48.9299797032,2.3022826891,19,1,1
202100033250,142Â 337,A01,1,1,2,5,1,-1,-1,0,0,-1,2021,30.0,3,2,0,2,1,1,1,,4,D8C,-1,,2,2,0,1,(1),(1),3,, -1,2,0,1,50,19,6,1,22,22358,1,1,1,1,Beuzit Bras,48.615835,-3.148828,16,6,2
202100008854,185Â 913,B01,1,1,1,0,1,0,-1,-1, -1,-1,2021,37.0,1,5,0,2,3,1,1,,4,BUISSONS (AV DES),0,,2,0,0,1,1,0,1,, -1,1,0,1,50,8,11,4,94,94048,2,1,0,1,BUISSONS (AV DES),48.75,2.55,18,3,2
202100047774,116Â 355,A01,1,1,2,9,1,8,-1,-1, -1,-1,2021,19.0,2,2,9,0,1,1,1,,3,EPINAC (ROUTE D'),0,,-1,2,0,2,27,750,3,, -1,2,0,3,80,15,3,1,71,71153,1,1,1,7,Route dâEpinac,46.819083,4.452758,12,1,1
202100023105,160Â 312,A01,10,3,1,0,0,-1,-1,5,9,1,2021,35.0,3,2,6,1,1,1,0,,4,PATINIERES (CHEMIN DES),0,,2,2,0,2,0,1,2,, -1,2,0,4,30,21,8,5,74,74298,2,1,1,6,PATINIERES (CHEMIN DES),46.188921,6.253814,23,2,1
202100010483,182Â 986,A01,10,3,1,1,0,-1,-1,4,3,1,2021,47.0,1,2,0,1,1,1,1,,3,REMY (RUE ALBERT),0,,1,2,0,3,0,0,1,, -1,2,0,1,70,21,10,4,91,91521,2,1,1,6,REMY (RUE ALBERT),48.65381,2.41151,6,2,1
202100050024,112Â 327,B01,1,1,1,3,2,6,-1,-1, -1,-1,2021,34.0,2,1,0,2,7,1,1,,7,DURAFOUR RUE ANTOINE,0,,2,2,0,2,6,500,1,, -1,1,0,1,50,24,2,1,42,42123,2,3,0,3,Rue Antoine Durafour,45.5102011266,4.5760288797,8,2,2
202100017863,169Â 690,A01,1,1,1,1,1,0,-1,-1, -1,-1,2021,39.0,3,2,0,2,1,9,1,,2,RN 568,0,,3,2,0,1,0,0,2,, -1,1,9,8,70,19,9,3,13,13039,1,1,0,3,RN 568,43.48641,4.88578,5,2,2
202100020299,165Â 353,B01,1,1,2,1,1,-1,-1,0, -1,-1,2021,49.0,1,2,0,2,1,2,1,,3,MORBIHAN AVENUE DU,0,,3,4,0,1,5,365,1,, -1,1,0,1,110,7,9,1,29,29232,1,1,0,2,D365 - Avenue du Morbihan,47.97951,-4.07847,9,2,2
202100009055,185Â 518,A01,3,2,1,5,1,0,-1,-1, -1,-1,2021,7.0,2,2,0,2,5,1,1,,1,AUTOROUTE A3,0,,1,4,0,1,1,799,1,, -1,1,0,1,90,7,11,1,93,93048,1,1,0,4,AUTOROUTE A3,48.8713,2.4324,14,4,3
202100006705,189Â 795,A01,10,3,2,3,0,-1,-1,1,3,1,2021,66.0,2,2,0,1,1,1,1,,4,Avenue du PrÃ©sident Franklin Roosevelt ,0,,3,4,0,1,1,0,1,, -1,1,0,1,50,22,11,5,11,11069,2,1,0,6,Avenue du PrÃ©sident Franklin Roosevelt ,43.22563,2.3323,18,2,1
202100043570,123Â 788,A01,1,1,1,3,8,0,-1,-1, -1,-1,2021,59.0,2,2,1,0,2,14,2,,4,,0,,2,2,0,1,33,0,1,, -1,1,0,1,50,18,4,1,92,92060,2,1,0,6,LOUP PENDU (RUE DU),48.77705,2.25323,11,1,1
202100040000,130Â 094,A01,1,1,1,4,2,7,9,0,0,-1,2021,32.0,1,1,14,6,1,1,1,,3,113,0,A,2,2,0,2,23,500,1,, -1,1,0,1,80,1,5,2,53,53271,1,1,0,6,RD 113,48.341917,-0.3,20,1,1
202100033331,142Â 183,A01,1,1,1,5,0,-1,-1,0,0,-1,2021,17.0,1,1,17,0,9,1,1,,3,DEPARTEMENTALE 94 (ROUTE),0,,2,2,0,1,2,613,2,, -1,1,0,3,50,13,6,3,65,65226,1,1,0,6,DEPARTEMENTALE 94 (ROUTE),43.2155498953,0.0230669975,23,1,1
202100000435,200Â 928,A01,1,1,2,1,1,-1,-1,-1,0,-1,2021,28.0,2,2,0,2,1,1,1,,1,AUTOROUTE A15,0,,3,6,0,1,24,100,1,, -1,1,0,1,90,30,6,1,95,95127,1,1,0,2, A15,49.0406586712,2.0819080787,9,2,2
202100054153,104Â 950,B01,1,1,1,5,2,-1,-1,0,0,-1,2021,73.0,2,1,0,2,1,1,5,,3,59,0,,2,2,0,1,13,635,1,, -1,1,0,1,80,23,1,1,85,85280,1,1,0,3,Le haut querruy,46.87214,-1.941794,14,2,2
202100011605,180Â 982,A01,1,1,1,5,2,0,-1,-1, -1,-1,2021,25.0,3,1,0,2,7,1,1,,4,DUBOUT (AVENUE ALBERT),0,,1,2,0,1,(1),(1),3,, -1,1,0,1,50,21,10,5,34,34172,2,1,0,3,DUBOUT (AVENUE ALBERT),43.60244,3.89148,0,2,2
202100001160,199Â 700,A01,1,1,2,4,2,-1,-1,-1, -1,-1,2021,19.0,1,1,0,0,8,1,3,,4,JOLIOT CURIE                        (R ),0,,2,2,0,2,(1),(1),1,, -1,2,0,1,50,26,12,5,69,69385,2,1,1,7,JOLIOT CURIE (R),45.7543617389,4.7838056087,20,1,1
202100009857,184Â 081,A01,1,1,1,2,1,-1,-1,0,0,-1,2021,18.0,1,2,2,0,2,17,1,,3,619,-1,,2,2,0,1,27,683,1,, -1,2,0,3,90,2,11,2,77,77317,1,1,0,6,D619,48.600112,2.900219,17,1,1
202100038161,133Â 435,A01,1,1,1,0,8,0,-1,-1, -1,-1,2021,42.0,3,1,0,2,1,2,0,,4,FLORISSANT (AVENUE),0,,2,2,0,1,0,0,1,, -1,1,0,1,50,26,5,1,74,74012,2,1,0,3,FLORISSANT (AVENUE),46.19662,6.24133,13,2,2
202100041700,127Â 073,A01,10,3,1,0,8,8,-1,3,3,1,2021,28.0,2,5,0,1,3,16,1,,4,GENERAL LECLERC (RUE DU) DE (59 ET PLUS),0,,2,2,2,1,0,0,1,, -1,1,0,1,50,2,5,1,92,92024,2,6,0,6,GENERAL LECLERC (RUE DU) DE (59 ET PLUS),48.9029748408,2.3131746054,10,2,1
202100034894,139Â 342,B01,3,2,1,0,1,-1,-1,0,0,-1,2021,16.0,0,2,0,2,3,1,1,,4,,0,,2,2,0,2,(1),(1),1,,4,1,0,1,50,11,6,1,42,42147,2,4,0,1,Rue des CarriÃ¨res,45.59022,4.072548,17,5,2
202100032127,144Â 321,B01,1,1,2,5,1,0,-1,0,0,-1,2021,74.0,2,2,0,2,2,1,3,,4,BOULEVARD DE PORT ROYAL,0,,2,6,0,1,(1),(1),1,, -1,2,0,1,50,26,6,1,75,75105,2,3,1,3,BOULEVARD DE PORT ROYAL,48.839586,2.337266,11,2,2
202100047150,117Â 489,A01,2,2,2,5,1,-1,-1,0,0,-1,2021,69.0,1,5,3,0,1,1,1,,1,61,-1,,1,2,0,1,355,0,1,, -1,9,0,1,130,19,3,1,11,11098,1,1,1,6,A61,43.167635,2.719953,18,3,2
202100049999,112Â 371,A01,1,1,1,5,2,6,-1,-1, -1,-1,2021,17.0,2,1,0,2,2,17,1,,7,GODILLOT  ( AVENUE ALEXIS ),0,,2,2,0,2,106,200,1,, -1,1,0,1,50,26,2,1,83,83069,2,1,0,3,GODILLOT  ( AVENUE ALEXIS ),43.115392,6.123066,12,2,2
202100041179,127Â 991,A01,1,1,1,1,2,6,-1,0,0,-1,2021,31.0,3,1,0,2,7,17,1,,4,,0,A,2,2,0,1,(1),(1),1,, -1,1,0,1,30,6,5,1,56,56143,2,3,0,3,Rue du General de Gaulle,47.552335,-2.480738,13,5,2
202100033349,142Â 156,B01,1,1,2,5,1,-1,-1,-1, -1,-1,2021,24.0,2,2,0,2,5,2,1,,4,CRS DE LA LIBERATION,0,,3,6,1,1,(1),(1),1,, -1,1,5,1,50,14,6,1,33,33522,2,2,0,2,Cours de la LibÃ©ration,44.79268,-0.60512,20,3,2
202100027968,151Â 710,B01,1,1,1,1,2,6,-1,0,0,-1,2021,57.0,1,1,0,2,1,1,1,,4,RUE LA FAYETTE,0,,2,4,0,1,(1),(1),1,, -1,1,8,1,50,20,7,1,75,75110,2,2,0,3,RUE LA FAYETTE,48.879743,2.35872,7,2,2
202100045943,119Â 632,A01,1,1,1,3,1,0,-1,-1, -1,-1,2021,57.0,2,2,15,0,1,14,1,,4,CONDAMINE (LIEU DIT),0,,2,2,0,1,(1),(1),1,, -1,1,0,3,80,21,3,1,42,42218,1,1,0,7,Lieu dit Condamine,45.4539543012,4.2658694727,10,1,1
202100015134,174Â 658,A01,8,2,1,3,8,0,-1,-1, -1,-1,2021,31.0,0,3,0,2,3,1,1,2.0,3,GALLIENI (BOULEVARD),0,,2,2,0,1,1,0,1,, -1,2,0,6,50,5,10,1,93,93006,2,9,1,3,Boulevard GalliÃ©ni,48.85926,2.414907,14,3,2
202100006591,190Â 017,B01,1,1,1,0,2,6,-1,-1, -1,-1,2021,60.0,1,1,0,2,5,1,1,,3,BEAUSSET (ROUTE DU),0,,2,2,0,1,1,40,2,, -1,1,0,1,70,17,11,3,83,83009,1,1,0,5,BEAUSSET (ROUTE DU),43.149689,5.764616,17,4,4