Num_Acc,id_vehicule,num_veh,place,catu,sexe,trajet,secu1,secu2,secu3,locp,actp,etatp,year_acc,victim_age,senc,catv,obs,obsm,choc,manv,motor,occutc,catr,voie,v1,v2,circ,nbv,vosp,prof,pr,pr1,plan,lartpc,larrout,surf,infra,situ,vma,jour,mois,lum,dep,com,agg_,int,atm,col,adr,lat,long,hour,nb_victim,nb_vehicules
202100023515,159Â 603,A01,1,1,1,5,1,-1,-1,0,0,-1,2021,34.0,1,2,13,0,3,1,1,,3,54,-1,,2,2,0,1,14,300,1,, -1,1,0,1,80,19,8,2,27,27156,1,1,0,6,Rue du Lesmeval,48.787174,0.788527,20,1,1
202100022002,162Â 306,B01,1,1,1,1,4,9,-1,0,0,-1,2021,20.0,2,1,0,0,4,1,5,,3,22,0,D,2,2,0,1,20,200,1,, -1,1,0,1,50,25,8,5,85,85012,2,6,0,6,122 Avenue de l Estacade,46.88889,-2.111604,4,2,2
202100049421,113Â 423,A01,1,1,1,5,8,0,-1,-1, -1,-1,2021,15.0,1,1,0,2,8,1,5,,4,MARECHAL LECLERC (R DU),0,,2,2,0,1,0,375,1,, -1,1,0,4,50,3,3,1,94,94069,2,1,0,1,MARECHAL LECLERC (R DU),48.817896,2.443544,16,2,2
202100034877,139Â 372,B01,7,2,1,9,0,-1,-1,0,0,-1,2021,16.0,1,2,0,2,1,2,1,,2,RT2,0,A,2,2,0,3,13,0,2,, -1,1,0,1,50,11,6,3,987,98725,2,1,0,1,RT2 OROFARA pointe tapahi,-17.5068980543,-149.4940464199,18,4,2
202100006093,190Â 911,A01,10,3,2,5,0,-1,-1,2,3,1,2021,25.0,2,0,0,1,1,1,3,,4,RUE BUFFON,0,,1,1,1,1,(1),(1),1,, -1,1,0,5,30,26,11,1,75,75105,2,2,0,6,RUE BUFFON,48.841168,2.355968,9,2,1
202100030663,146Â 946,A01,1,1,1,3,0,-1,-1,0,0,-1,2021,56.0,1,1,0,2,8,2,5,,3,6,-1,,2,2,0,2,1,700,1,, -1,2,2,1,80,6,7,1,71,71283,1,1,1,3,D6,46.710843,4.93155,11,2,2
202100053996,105Â 234,A01,10,3,1,5,0,-1,-1,9,5,2,2021,5.0,1,2,0,1,0,1,0,,3,312,-1,,2,2,0,1,4,550,1,, -1,2,0,1,50,24,1,1,27,27260,2,3,0,6,D312,49.396686,0.427462,15,2,1
202100019726,166Â 381,A01,1,1,2,9,2,0,-1,0,0,-1,2021,49.0,1,0,0,1,1,1,3,,4,BOULEVARD SOULT,0,,3,2,1,1,(1),(1),1,, -1,1,0,5,50,10,9,1,75,75112,2,1,0,6,BOULEVARD SOULT,48.837709,2.40828,16,2,1
202100029163,149Â 619,B01,1,1,2,4,2,6,-1,0,0,-1,2021,31.0,1,1,0,2,2,1,1,,4,PLACE DE L ALMA,0,,1,4,0,1,(1),(1),1,, -1,2,0,1,50,13,7,1,75,75108,2,7,1,3,PLACE DE L ALMA,48.864684,2.301754,14,2,2
202100012834,178Â 782,B01,1,1,1,5,8,0,-1,-1, -1,-1,2021,17.0,2,1,0,2,1,9,0,,4,BRETONNERIE (RUE DE LA),0,,1,1,2,1,(1),(1),1,, -1,1,6,1,30,16,10,1,45,45234,2,3,0,3,Rue de la Republique,47.90507,1.90464,14,2,2
202100020270,165Â 402,B01,1,1,1,0,1,0,-1,0,0,-1,2021,89.0,2,2,0,2,3,16,1,,7,,0,,2,3,3,1,(1),(1),1,, -1,1,0,1,50,3,9,1,63,63019,2,3,0,3,M769 Gagarine /curie M54b,45.79169,3.16524,11,2,2
202100041240,127Â 885,A01,10,3,2,0,8,8,-1,2,3,1,2021,6.0,2,2,0,1,7,1,1,,2,tsoundzou-Mariage (place -tsoundzou 2),0,,2,0,0,1,0,0,1,, -1,1,0,1,50,5,5,1,976,97611,2,1,0,6,tsoundzou-Mariage (place -tsoundzou 2),-12.81654,45.19884,14,2,1
202100034532,140Â 005,A01,1,1,1,5,1,-1,-1,0,0,-1,2021,23.0,2,2,1,0,2,1,1,,4,,0,,2,2,0,1,(1),(1),1,,4,1,0,3,50,13,6,5,60,60103,2,1,0,6,68 Rue RenÃ© Coty,49.406547,2.238464,22,1,1
202100040260,129Â 639,B01,1,1,1,2,2,-1,-1,0,0,-1,2021,19.0,2,1,0,2,1,1,1,,3,95,-1,,2,2,0,1,12,358,1,, -1,1,5,1,50,25,3,1,35,35096,2,6,0,3,Rue Saint-Pierre,48.073937,-1.396783,18,2,2
202100036917,135Â 713,A01,10,3,2,0,0,-1,-1,3,3,1,2021,27.0,2,1,0,1,3,1,1,,3,1,-1,,2,2,2,1,5,500,1,, -1,1,0,1,50,2,6,5,973,97309,2,1,0,6,Route de Montjoly,4.924641,-52.284976,19,2,1
202100017755,169Â 887,A01,1,1,1,5,1,-1,-1,0,0,-1,2021,22.0,2,2,0,2,1,2,1,,2,7,0,,2,2,0,1,32,420,1,, -1,1,0,1,80,20,9,1,26,26179,1,3,0,2,1590 Route du DauphinÃ©,45.0443838,4.866933,13,2,2
202100003406,195Â 668,A01,10,3,2,5,8,-1,-1,4,3,2,2021,28.0,2,2,0,1,2,1,0,,4,PAUL KRUGER      (Avenue),0,,2,2,0,1,(1),(1),2,, -1,1,0,6,50,12,12,4,69,69266,2,1,0,6,KRUGER (AV),45.7558,4.894,0,2,1
202100031735,145Â 032,B01,1,1,2,9,2,6,-1,0,0,-1,2021,30.0,1,1,0,2,7,2,1,,4,RUE SAINT LAZARE,0,,2,4,0,1,(1),(1),1,, -1,2,0,1,50,29,6,1,75,75108,2,1,1,2,RUE SAINT LAZARE,48.875613,2.32709,17,2,2
202100043721,123Â 543,B01,1,1,1,0,1,0,-1,-1, -1,-1,2021,54.0,1,2,0,2,1,2,1,,1,A7-Sens Lyon vers Marseille,0,,1,4,0,1,277,899,1,, -1,1,0,1,70,16,4,1,13,13215,1,1,0,2,A7-Sens Lyon vers Marseille,43.3441,5.3751,14,2,2
202100037933,133Â 862,B01,7,2,2,0,1,-1,-1,0,0,-1,2021,3.0,1,2,0,2,3,2,1,,3,75,-1,,2,2,0,1,28,950,1,, -1,1,0,1,80,29,5,1,38,38067,1,1,0,3,Route de Vienne,45.68015,5.16845,15,4,2
202100018233,169Â 015,A01,1,1,1,5,0,-1,-1,0,0,-1,2021,24.0,1,1,0,0,0,0,1,,3,187,0,A,2,2,0,2,12,580,3,, -1,1,0,1,80,18,9,3,62,62473,2,1,0,7,D187,50.626113,2.442446,21,1,1
202100010632,182Â 732,B01,1,1,2,0,1,-1,-1,0,0,-1,2021,31.0,2,2,2,2,3,1,1,,7,1532,0,,2,2,0,1,49,530,1,, -1,1,0,1,50,28,10,5,38,38474,2,1,0,1,D1532,45.229161,5.649918,22,3,2
202100022388,161Â 633,A01,10,3,2,5,0,-1,-1,2,5,1,2021,3.0,1,2,0,1,2,16,1,,4,,-1,,1,1,0,1,(1),(1),3,,5,1,0,1,50,27,8,2,62,62355,2,1,1,6,rÃ©sidence Ã  l'orÃ©e du bois,50.329169,2.927878,19,2,1
202100010060,183Â 714,A01,2,2,2,5,0,-1,-1,0,0,-1,2021,69.0,2,2,12,0,0,1,1,,2,40,0,T,2,2,0,2,42,700,3,, -1,2,0,1,80,31,10,1,201,201211,1,1,1,6,RT40 PK 42+700,41.800539,8.967049,15,2,1
202100045622,120Â 186,A01,1,1,1,5,1,0,-1,0,0,-1,2021,75.0,1,2,1,0,3,13,1,,4,RUE HENRI RIBIERE,0,,1,1,0,1,(1),(1),1,, -1,1,0,1,50,31,3,1,75,75119,2,5,0,6,RUE HENRI RIBIERE,48.877702,2.395617,12,1,1
202100042669,125Â 361,A01,1,1,1,0,2,8,-1,-1, -1,-1,2021,44.0,1,1,0,2,1,26,1,,2,ROUTE NATIONALE 1,0,,1,2,0,1,6,99,1,, -1,1,0,1,50,24,4,1,972,97213,1,1,0,3,ROUTE NATIONALE 1,14.6250845238,-60.9806871414,8,2,2
202100037455,134Â 711,A01,1,1,2,5,1,0,-1,-1, -1,-1,2021,46.0,1,2,0,2,4,2,1,,3,PL PIERRE SEMARD ,0,,2,2,0,1,1,0,2,, -1,1,0,1,50,30,5,1,94,94078,2,1,0,2,Place Pierre Semard,48.72903,2.44709,18,2,2
202100053423,106Â 221,A01,1,1,1,5,1,5,-1,-1, -1,-1,2021,51.0,1,2,0,2,1,17,1,,3,ROUTE DEPARTEMENTALE 3,0,,2,2,0,1,0,0,3,, -1,1,0,1,70,27,1,1,972,97213,1,1,0,5,ROUTE DEPARTEMENTALE 3,14.65657,-60.98608,15,4,3
202100010714,182Â 575,A01,1,1,1,0,2,6,-1,-1, -1,-1,2021,24.0,1,1,8,0,0,15,1,,4,HUGO (CRS VICTOR),0,,2,2,0,1,(1),(1),2,, -1,1,0,1,30,27,10,5,33,33039,2,3,0,6,Cours Victor Hugo,44.81164,-0.5641,23,1,1
202100033014,142Â 730,B01,1,1,2,0,1,-1,-1,-1, -1,-1,2021,26.0,2,2,0,2,6,23,1,,4,,0,,1,2,0,2,(1),(1),2,, -1,2,0,1,50,20,6,1,69,69385,2,1,1,4,CHOULANS (DE) (MO),45.75232,4.81912,16,3,3
202100017955,169Â 532,A01,1,1,1,4,1,-1,-1,0,0,-1,2021,39.0,3,4,0,0,0,13,1,,4,,0,,2,1,0,1,(1),(1),2,,3,1,0,1,80,21,9,1,50,50099,1,1,0,7,Ld la Gallioterie,49.276219,-1.270616,16,2,1
202100012331,179Â 693,B01,1,1,1,1,2,6,-1,0,0,-1,2021,31.0,2,1,0,2,1,2,1,,3,976,-1,,2,2,0,1,1,100,1,, -1,1,0,1,70,20,10,1,58,58051,2,1,0,3,Route de Bourges,46.956191,3.144971,8,2,2
202100020332,165Â 293,B01,1,1,1,5,2,0,-1,0,0,-1,2021,27.0,1,1,0,2,1,1,1,,4,AVENUE DE LA REPUBLIQUE,0,,2,2,2,1,(1),(1),1,, -1,1,0,1,30,7,9,1,75,75111,2,2,0,3,AVENUE DE LA REPUBLIQUE,48.864609,2.378034,13,2,2
202100005449,192Â 054,A01,1,1,1,5,1,-1,-1,0,0,-1,2021,20.0,0,2,0,2,7,0,1,,3,2E5,-1,,2,2,0,1,4,928,2,, -1,2,0,1,80,1,12,1,34,34213,1,1,1,3,D2e5,43.473384,3.679476,14,2,2
202100024881,157Â 186,B01,2,2,2,0,1,-1,-1,-1, -1,-1,2021,72.0,1,2,0,2,6,0,0,,2,BEAULIEU (PORTE DE),0,,3,4,0,1,4,452,1,, -1,2,0,1,90,9,8,1,35,35055,1,1,0,2,RN 136,48.09588,-1.62021,17,3,2
202100026054,155Â 112,A01,7,2,1,5,3,-1,-1,0,0,-1,2021,4.0,1,2,14,2,1,6,1,,3,775,-1,,2,2,0,2,27,413,1,, -1,1,9,1,30,31,7,1,44,44067,2,1,0,1,Rue de ChÃ¢teaubriant,47.627451,-1.82895,9,5,2
202100019033,167Â 617,A01,10,3,1,5,0,-1,-1,4,3,1,2021,33.0,3,1,0,1,1,1,1,,3,7,0,,2,4,0,1,0,0,1,, -1,2,0,1,70,14,9,1,92,92026,2,1,1,6,MARECHAL JOFFRE (QUAI DU),48.9018865575,2.2801110236,8,2,1
202100014867,175Â 137,B01,2,2,1,0,2,6,-1,-1, -1,-1,2021,61.0,1,1,0,2,4,1,1,,3,SAINT DENIS BD (120 A 174 / 199 A 315),0,,2,2,0,1,0,0,1,, -1,1,0,1,50,6,10,1,92,92026,2,1,0,2,SAINT DENIS BD (120 A 174 / 199 A 315),48.90318,2.27599,19,4,2
202100047160,117Â 469,A01,10,3,1,5,0,0,0,9,9,1,2021,42.0,3,5,0,1,1,23,1,,6,,-1,,-1,-1,0,2,(1),(1),1,, -1,1,9,1,-1,21,3,1,34,34186,1,1,0,6,Relais nautique d'Octon,43.650507,3.325235,13,1,1
202100044902,121Â 460,A01,1,1,1,0,2,6,-1,-1, -1,-1,2021,43.0,1,1,0,0,1,21,1,,1,A4,0,,3,4,0,1,6,300,1,, -1,1,0,1,90,7,4,1,94,94017,1,1,0,7,A4,48.82791,2.50364,8,1,1
202100040029,130Â 048,B01,4,2,1,9,1,8,-1,-1, -1,-1,2021,79.0,1,2,0,2,8,1,1,,3,SAINT ANTOINE (CHEMIN),0,,2,2,0,1,3,600,1,, -1,2,0,1,50,13,5,1,973,97302,2,2,0,3,SAINT ANTOINE (CHEMIN),4.9289173511,-52.2999377753,16,4,2
202100056116,101Â 576,A01,3,2,1,5,0,-1,-1,0,0,-1,2021,35.0,1,2,2,0,1,1,1,,3,1206,0,D,2,2,0,1,36,100,1,, -1,1,5,3,50,7,1,5,74,74094,2,6,0,6,Rte des Chasseurs,46.203081,6.282721,0,3,1
202100027074,153Â 327,A01,1,1,2,5,8,0,-1,0,0,-1,2021,57.0,1,1,0,2,8,1,1,,4,ALLEUX (RUE DES ),0,,2,0,0,1,0,0,2,, -1,1,0,1,50,13,7,1,22,22187,2,1,0,2,ALLEUX (RUE DES ),48.5530432688,-2.7799101945,18,2,2
202100012618,179Â 158,A01,1,1,1,1,2,8,-1,-1, -1,-1,2021,46.0,1,1,1,0,1,1,1,,2,ROUTE NATIONALE 1,0,,1,2,1,1,3,0,1,, -1,1,0,5,90,17,10,5,973,97302,1,1,0,2,ROUTE NATIONALE 1,4.90651,-52.32286,20,2,2
202100040141,129Â 846,B01,1,1,1,0,8,-1,-1,-1, -1,-1,2021,29.0,3,0,0,2,1,0,3,,4,CLAUDE BERNARD                      (QU),0,,1,3,1,1,(1),(1),1,, -1,1,0,5,50,12,5,1,69,69387,2,9,0,3,CLAUDE BERNARD (Q),45.75298,4.83788,17,2,2
202100019058,167Â 575,B01,1,1,2,0,1,-1,-1,0,0,-1,2021,30.0,1,2,0,2,1,2,1,,3,60,0,,2,2,0,1,4,250,1,, -1,1,0,1,50,7,9,1,14,14068,2,3,0,2,Rue d Outreval,49.2301824936,-0.3309750693,16,3,2
202100031659,145Â 165,A01,1,1,1,1,2,6,-1,0,0,-1,2021,22.0,2,1,12,0,0,1,1,,3,21,0,,2,1,0,2,1,670,1,, -1,1,9,4,70,1,7,2,53,53037,1,1,0,7,CD21,47.877955,-0.397696,6,1,1
202100005070,192Â 715,A01,1,1,1,0,1,0,-1,-1, -1,-1,2021,31.0,0,2,0,2,1,15,1,,4,MESLIERS (RUE DES),0,,2,2,0,2,(1),(1),1,, -1,1,0,1,50,2,12,1,35,35051,2,1,0,1,MESLIERS (RUE DES),48.10710403,-1.618005395,14,2,2
202100051939,108Â 866,B01,1,1,1,0,8,0,-1,-1, -1,-1,2021,44.0,2,1,0,2,1,19,0,,3,ANATOLE FRANCE (RUE),0,,3,2,0,1,0,1,1,, -1,2,0,1,50,10,2,1,93,93053,2,2,1,3,ANATOLE FRANCE (RUE),48.8883372155,2.450589627,14,2,2
202100055212,103Â 126,B01,1,1,2,1,8,0,-1,0,0,-1,2021,39.0,2,1,0,2,8,1,5,,4,AVENUE DAUMESNIL,0,,2,2,1,1,(1),(1),1,, -1,2,-1,5,50,13,1,1,75,75112,2,2,1,3,AVENUE DAUMESNIL,48.844287,2.381566,9,2,2
202100053975,105Â 269,B01,1,1,1,0,1,0,-1,-1, -1,-1,2021,53.0,1,1,0,2,9,1,1,,3,ARISTIDE BRIAND AVENUE,0,,4,6,0,4,0,1,1,, -1,2,5,1,50,23,1,1,93,93046,2,2,1,3,ARISTIDE BRIAND AVENUE,48.91122,2.51645,10,2,2
202100043661,123Â 630,B01,1,1,2,5,8,0,-1,-1, -1,-1,2021,37.0,1,1,0,2,1,1,0,,3,RESISTANCE (AVENUE DE LA),0,,1,2,1,1,1,0,1,, -1,1,0,1,50,17,4,1,93,93048,2,1,0,3,RESISTANCE (AVENUE DE LA),48.8661,2.4349,15,2,2
202100053889,105Â 421,B01,1,1,2,0,1,-1,-1,0,0,-1,2021,49.0,1,2,0,2,1,1,1,,3,996,0,,2,2,0,1,30,800,2,, -1,2,0,1,80,25,1,1,21,21250,1,4,1,1,,47.758036,4.794803,16,2,2
202100010413,183Â 106,A01,1,1,1,5,2,-1,-1,0,0,-1,2021,17.0,0,1,3,0,3,13,1,,3,104,0,,2,2,0,1,0,260,1,, -1,2,0,3,80,29,10,3,7,7181,1,1,1,7,D104,44.756036,4.765052,23,1,1
202100039676,130Â 665,A01,4,2,1,5,1,-1,-1,-1,0,-1,2021,20.0,1,2,4,0,3,12,1,,3,RD 170,0,,3,7,0,1,1,399,1,, -1,1,0,1,70,16,5,1,95,95582,1,1,0,6,RD 170,48.96551,2.27173,8,2,1
202100001714,198Â 726,A01,10,3,1,0,0,-1,-1,3,3,2,2021,8.0,1,2,0,1,1,1,1,,4,CARNOT (AVENUE),0,,2,2,0,1,(1),(1),1,, -1,1,0,1,50,22,12,1,54,54482,2,1,0,6,CARNOT (AVENUE),48.701,6.2095,11,3,1
202100026156,154Â 940,A01,10,3,1,5,0,-1,-1,2,9,1,2021,43.0,1,1,0,1,1,1,3,,4,BOULEVARD VINCENT AURIOL,0,,1,2,1,4,(1),(1),1,, -1,1,0,5,30,31,7,5,75,75113,2,3,0,6,BOULEVARD VINCENT AURIOL,48.835466,2.36929,4,2,1
202100000388,201Â 012,A01,10,3,1,0,0,-1,-1,3,3,1,2021,13.0,2,2,0,1,2,1,1,,3,GRANDE RUE,0,,2,2,0,1,0,0,1,, -1,1,0,1,50,10,11,1,25,25031,2,1,0,6,GRANDE RUE,47.48537,6.83528,11,2,1
202100006959,189Â 326,A01,1,1,1,1,0,-1,-1,0,0,-1,2021,52.0,3,1,0,2,6,15,5,,3,109,0,,2,2,0,1,12,612,1,,4,1,0,1,80,22,11,2,1,1069,1,2,1,3,Che des Brovieres,46.116625,5.277563,8,2,2
202100054951,103Â 588,B01,2,2,2,5,2,-1,-1,0,0,-1,2021,19.0,1,1,0,0,1,2,1,,3,5,0,,2,2,0,1,11,600,1,, -1,1,0,1,30,16,1,1,1,1089,2,6,0,2,Rue de la Groua,45.962957,5.321857,15,3,2
202100021367,163Â 459,B01,1,1,1,0,6,-1,-1,0,0,-1,2021,24.0,2,1,0,2,1,1,1,,3,142,-1,,2,1,0,1,0,100,1,,"3,5",1,0,1,80,3,9,2,37,37273,2,2,0,1,D142,47.3836496562,0.7844131581,7,2,2
202100002371,197Â 545,A01,1,1,1,1,2,0,-1,-1, -1,-1,2021,45.0,2,1,0,2,3,19,1,,3,CAPITAINE THEN,0,,2,2,1,1,1,0,1,, -1,1,5,1,50,17,12,5,202,202033,2,2,0,3,ROUTE ROYALE,42.676144,9.438485,20,2,2
202100049475,113Â 321,A01,10,3,2,9,0,-1,-1,3,3,2,2021,42.0,1,2,0,1,2,1,1,,3,ROCADE EST (RD 162),0,,3,4,0,1,2,624,1,, -1,1,0,1,50,2,3,1,86,86194,2,1,0,6,Avenue John Kennedy,46.583273,0.367141,12,3,1
202100022709,161Â 007,B01,1,1,1,5,0,0,-1,-1, -1,-1,2021,17.0,3,1,0,2,7,19,5,,4,PEPIN (R DU MOULIN ),0,,2,2,0,1,(1),(1),1,, -1,1,0,1,50,10,8,1,62,62413,2,2,0,3,PEPIN (R DU MOULIN ),50.442968,2.905055,18,2,2
202100033167,142Â 479,A01,10,3,1,0,0,-1,-1,1,3,1,2021,25.0,2,2,0,1,1,1,1,,3,passamanty-VahibÃ© ( route ),0,,2,0,0,1,0,0,1,, -1,1,0,1,50,20,6,1,976,97611,2,1,0,6,passamanty-VahibÃ© ( route ),-12.80216,45.21262,17,2,1
202100015470,174Â 048,A01,10,3,2,1,0,-1,-1,3,3,1,2021,41.0,3,2,0,1,3,15,1,,4,LECLERC (DU MARECHAL),0,,1,1,0,1,0,0,1,, -1,1,0,1,30,30,9,1,974,97411,2,4,0,3,LECLERC (DU MARECHAL),-20.87964,55.45582,7,2,1
202100038943,132Â 020,A01,1,1,2,0,1,0,-1,-1, -1,-1,2021,39.0,1,2,0,2,1,1,1,,3,ROCADE OUEST (RD 610),0,,3,4,0,1,0,0,1,, -1,1,0,1,50,21,5,1,10,10362,2,1,0,2,ROCADE OUEST (RD 610),48.2907,4.03584,17,4,2
202100009706,184Â 353,B01,1,1,1,0,2,6,-1,-1, -1,-1,2021,35.0,2,1,0,2,0,0,1,,1,AUTOROUTE A1,0,,-1,6,0,1,195,0,1,, -1,1,0,1,130,22,10,1,59,59123,1,1,0,6,AUTOROUTE A1,50.500747,3.00838,7,2,2
202100037711,134Â 258,B01,1,1,1,9,2,6,-1,0,0,-1,2021,17.0,0,1,0,2,8,15,1,,3,935,0,D,3,2,0,1,13,0,1,, -1,1,0,8,80,30,5,1,80,80220,1,3,0,3,pk 13 D935,49.665545,2.562861,14,2,2
202100029252,149Â 469,B01,1,1,1,0,1,0,-1,-1, -1,-1,2021,65.0,2,2,0,2,4,1,1,,1,15,0,,3,6,0,1,4,99,1,, -1,2,2,1,90,13,7,1,92,92036,1,1,1,2,AUTOROUTE A15,48.9384432213,2.2966712184,15,2,2
202100017929,169Â 576,B01,1,1,1,5,8,-1,-1,0,0,-1,2021,53.0,3,2,0,0,8,9,1,,4,,-1,,2,2,0,2,(1),(1),1,,4,1,0,1,50,21,9,1,1,1179,2,2,0,3,Rue du Carron,46.256474,4.860646,17,2,2
202100022141,162Â 061,B01,7,2,2,5,1,-1,-1,0,0,-1,2021,47.0,3,2,0,0,8,23,1,,3,21,0,,3,2,0,1,0,17,3,, -1,1,0,1,50,25,8,1,77,77440,2,3,0,3,D603,48.948347,3.073066,19,5,2
202100018746,168Â 133,A01,1,1,1,0,2,6,-1,-1, -1,-1,2021,58.0,1,1,0,0,7,1,1,,3,RD 974,0,,2,2,0,1,1,0,3,, -1,1,0,1,50,10,9,1,71,71486,2,1,0,7,RD 974,46.64549,4.3358,13,1,1
202100051006,110Â 498,A01,1,1,1,4,1,-1,-1,-1, -1,-1,2021,51.0,2,2,0,2,1,2,1,,1,46,0,,3,4,0,1,47,700,1,, -1,1,0,1,90,19,2,1,69,69283,1,1,0,2,A46S,45.66126,4.92286,14,2,2
202100029673,148Â 757,B01,1,1,1,5,1,-1,-1,0,0,-1,2021,62.0,1,2,0,9,1,1,1,,3,17,-1,,2,2,0,1,5,917,1,, -1,1,0,1,80,10,7,1,31,31510,1,1,0,1,DÃ©partementale 17 - Pk 28+400,43.266675,0.706472,14,3,2
202100004904,193Â 024,A01,1,1,1,5,1,-1,-1,-1,0,-1,2021,20.0,1,2,0,2,1,1,1,,2,RN 184,0,,3,6,0,1,3,0,1,, -1,2,0,1,90,3,12,3,95,95572,1,1,1,2,RN 184,49.0339384659,2.1115958691,22,3,2
202100026460,154Â 404,A01,4,2,1,5,1,0,-1,0,0,-1,2021,21.0,2,2,17,0,9,13,1,,3,PETIT PAREN (lieu-dit),0,,2,2,0,1,33,200,1,, -1,1,0,3,80,29,7,3,47,47027,1,1,0,6,PETIT PAREN (lieu-dit),44.40249,0.66146,22,4,1
202100019017,167Â 645,B01,1,1,2,1,8,8,-1,-1, -1,-1,2021,37.0,1,1,1,0,2,0,0,,3,FONTENAY (BD DE),0,,1,1,0,1,1,0,1,, -1,2,0,1,30,14,9,2,94,94058,1,1,1,6,FONTENAY (BD DE),48.84876,2.49366,8,2,2
202100028797,150Â 244,A01,10,3,2,5,0,-1,-1,1,3,3,2021,7.0,1,2,0,1,1,25,1,,4,RUE ALFRED SISLEY,0,,1,1,0,1,(1),(1),1,, -1,1,0,4,50,14,7,5,95,95268,2,1,0,6,RUE ALFRED SISLEY,48.977896,2.395128,21,2,1
202100041095,128Â 156,B01,5,2,1,0,1,-1,-1,-1, -1,-1,2021,7.0,3,2,0,2,4,2,1,,4,DIEU LUMIERE (BOULEVARD) COTE PAIR,0,,2,3,0,1,(1),(1),1,, -1,2,0,1,50,6,5,1,51,51454,2,1,1,2,Boulevard Dieu LumiÃ¨re,49.2397725429,4.0380162389,17,6,2
202100002430,197Â 430,A01,1,1,1,5,8,0,-1,0,0,-1,2021,49.0,1,1,0,0,0,25,3,,4,DE LATTRE DE TASSIGNY (AVENUE DU MAL),0,,2,2,0,2,11,60,1,, -1,1,0,4,50,17,12,5,27,27681,2,1,0,7,DE LATTRE DE TASSIGNY (AVENUE DU MAL),49.0840441902,1.4632514513,19,1,1
202100025046,156Â 886,B01,1,1,1,5,0,-1,-1,0,0,-1,2021,63.0,2,1,0,2,1,1,5,,3,1093,-1,D,2,2,0,1,7,600,1,, -1,2,5,1,90,9,8,1,3,3044,1,2,1,3,D1093,46.069833,3.380597,12,2,2
202100028173,151Â 339,Y01,1,1,1,5,2,0,-1,-1, -1,-1,2021,30.0,2,1,0,2,1,17,0,,3,REPUBLIQUE (AV DE LA),0,,2,2,0,1,1,0,1,, -1,1,0,1,50,19,7,1,94,94080,2,9,0,2,Avenue de la RÃ©publique,48.84874,2.4327,17,2,2
202100047790,116Â 327,A01,10,3,1,3,0,-1,-1,2,3,1,2021,71.0,0,2,0,1,6,26,1,,4,LUTON (PLACE),0,,2,2,0,1,1,0,1,, -1,2,0,1,50,16,3,1,51,51454,2,9,1,7,Place Luton,49.2709527091,4.0254104626,12,2,1
202100050889,110Â 714,A01,10,3,2,5,0,-1,-1,3,3,1,2021,73.0,1,2,0,1,7,1,1,,4,BOFFRAND (AVENUE),0,,1,1,0,1,(1),(1),1,, -1,1,0,1,30,12,2,1,54,54395,2,3,0,6,BOFFRAND (AVENUE),48.6821124665,6.17439989,16,2,1
202100031773,144Â 968,A01,2,2,2,5,1,5,-1,0,0,-1,2021,70.0,2,2,15,0,2,14,1,,3,902,-1,D,2,2,1,1,(1),(1),2,, -1,1,0,3,70,29,6,1,74,74085,1,1,0,6,2183 Rte de Saint Gervais,45.841048,6.72922,14,4,1
202100048132,115Â 708,A01,2,2,1,5,1,0,-1,-1, -1,-1,2021,18.0,3,2,12,0,9,10,1,,6,chemin de l'estanquet,0,,-1,0,0,1,0,0,1,, -1,1,9,8,10,13,3,1,64,64102,2,1,0,7,32 Chemin de Lestanquet,43.48012,-1.48684,18,2,1
202100019570,166Â 649,B01,1,1,1,5,2,6,-1,0,0,-1,2021,40.0,2,1,0,2,1,1,1,,3,32,-1,,2,2,0,2,14,800,3,, -1,1,0,1,70,11,9,1,45,45307,1,1,0,1,52 Rue de Bretagne,48.066917,2.885317,18,2,2
202100035246,138Â 697,B01,1,1,2,1,2,-1,-1,-1, -1,-1,2021,59.0,2,1,0,2,8,1,5,,4,EMILE ZOLA     (Cours),0,,2,2,2,1,(1),(1),1,, -1,1,6,1,50,10,6,1,69,69266,2,3,1,1,EMILE ZOLA (CR),45.769184414,4.8814272881,18,2,2
202100040072,129Â 968,A01,4,2,2,5,1,0,-1,0,0,-1,2021,26.0,1,2,0,2,4,23,2,,4,RUE LA FAYETTE,0,,2,4,0,1,(1),(1),1,, -1,1,0,1,50,13,5,1,75,75110,2,2,0,2,RUE LA FAYETTE,48.879743,2.358689,18,3,2
202100003713,195Â 112,A01,1,1,2,1,1,-1,-1,0,0,-1,2021,49.0,2,2,0,2,1,15,1,,3,LUYE ( ROUTE DE LA ),0,,2,2,0,2,0,1,1,, -1,5,0,1,50,8,12,1,5,5061,1,3,1,3,LUYE ( ROUTE DE LA ),44.52261,6.05962,9,2,2
202100050237,111Â 916,A01,1,1,1,0,1,8,-1,-1, -1,-1,2021,19.0,1,2,0,0,9,1,1,,3,9,0,,2,10,1,1,0,0,1,, -1,9,0,1,50,25,2,1,92,92078,2,3,0,7,CHARLES DE GAULLE (BD)(72 AU 308),48.940059227,2.3239110976,16,2,1
202100005522,191Â 926,A01,1,1,1,4,2,8,-1,-1, -1,-1,2021,29.0,2,1,0,2,1,1,1,,4,ROME (RUE DE),0,,2,2,3,1,0,0,1,, -1,1,9,1,30,29,11,5,13,13206,2,3,0,3,ROME (RUE DE),43.2899965656,5.3813427381,19,3,2