Num_Acc,id_vehicule,num_veh,place,catu,sexe,trajet,secu1,secu2,secu3,locp,actp,etatp,year_acc,victim_age,senc,catv,obs,obsm,choc,manv,motor,occutc,catr,voie,v1,v2,circ,nbv,vosp,prof,pr,pr1,plan,lartpc,larrout,surf,infra,situ,vma,jour,mois,lum,dep,com,agg_,int,atm,col,adr,lat,long,hour,nb_victim,nb_vehicules
202100031124,146Â 109,B01,1,1,1,0,2,-1,-1,-1, -1,-1,2021,35.0,1,1,0,2,2,1,5,,4,AVE MARCEL DASSAULT,0,,3,2,2,1,(1),(1),1,, -1,1,0,1,50,30,6,2,33,33281,2,6,0,3,Avenue Marcel Dassault,44.8481,-0.67964,5,2,2
202100038329,133Â 126,B01,1,1,1,5,2,0,-1,-1, -1,-1,2021,66.0,1,0,0,0,0,0,3,,4,BUISSON (RUE FERDINAND),0,,2,2,0,2,0,0,2,, -1,1,0,1,50,22,5,1,87,87085,2,3,0,7,BUISSON (RUE FERDINAND),45.82454,1.25497,18,2,2
202100020554,164Â 891,B01,1,1,1,5,2,6,-1,0,0,-1,2021,37.0,1,1,0,2,1,1,1,,4,TONNER (AVENUE FRANCIS),0,,2,2,3,1,(1),(1),1,, -1,1,0,1,50,6,9,1,6,6029,2,1,0,6,TONNER (AVENUE FRANCIS),43.54993,6.968584,8,2,2
202100026418,154Â 475,A01,1,1,2,9,1,0,-1,-1, -1,-1,2021,21.0,1,2,0,2,4,1,1,,2,LITTORAL (ROUTE 1 DU),0,,2,4,0,1,(1),(1),1,, -1,1,9,1,90,29,7,1,974,97411,2,1,0,2,LITTORAL (ROUTE 1 DU),-20.88114,55.39755,11,2,2
202100033625,141Â 661,A01,1,1,1,4,2,6,-1,0,0,-1,2021,27.0,2,1,0,2,7,3,1,,4,PORTE D AUBERVILLIERS,0,,1,4,0,1,23,600,1,, -1,1,0,1,70,18,6,1,75,75118,2,1,0,4,PORTE D AUBERVILLIERS,48.900844,2.367072,18,3,3
202100031067,146Â 211,A01,10,3,1,5,0,-1,-1,8,5,3,2021,10.0,3,2,0,1,1,0,1,,5,EUGENE BASTIEN (RUE),0,,-1,1,3,2,(1),(1),1,, -1,1,0,8,20,17,6,1,54,54280,2,1,0,6,EUGENE BASTIEN (RUE),49.22726,6.00837,17,3,1
202100035080,138Â 990,A01,1,1,2,4,1,8,-1,-1, -1,-1,2021,34.0,1,4,1,2,1,13,1,,3,GAULLE(CARREFOUR CHARLES DE),0,,1,3,0,1,0,0,2,, -1,1,0,1,50,10,6,1,94,94011,2,6,0,3,GAULLE(CARREFOUR CHARLES DE),48.76805,2.48774,16,2,2
202100037039,135Â 492,A01,1,1,1,1,1,0,-1,0,0,-1,2021,22.0,1,2,0,2,1,2,1,,4,PORTE D IVRY,0,,1,4,0,1,0,800,1,, -1,1,0,1,70,31,5,5,75,75113,2,1,0,2,PORTE D IVRY,48.82304,2.381235,2,2,2
202100022432,161Â 542,A01,1,1,1,5,2,-1,-1,-1, -1,-1,2021,16.0,1,1,0,2,6,9,1,,3,FRATERNITE (PLACE),0,,1,2,0,1,17,620,2,, -1,1,9,1,50,25,8,1,51,51172,2,6,0,3,Place de la FraternitÃ©,49.2150768145,4.0507441367,16,2,2
202100035648,137Â 993,B01,1,1,1,1,1,-1,-1,-1, -1,-1,2021,32.0,1,2,0,2,4,1,1,,1,ROCADE A 630,0,,3,6,0,1,16,659,1,, -1,1,0,1,90,8,6,1,33,33281,1,1,0,2,Rocade Ouest A630,44.83799,-0.67606,9,2,2
202100016811,171Â 569,B01,1,1,2,0,1,8,-1,-1, -1,-1,2021,43.0,1,2,0,2,4,1,2,,3,133,0,,1,2,0,1,0,0,2,, -1,1,0,1,50,25,9,1,91,91103,2,1,0,2,PL DU CENTRE ESSONNE,48.61148,2.30604,13,4,2
202100048292,115Â 431,B01,1,1,2,1,8,0,-1,0,0,-1,2021,32.0,2,1,0,2,8,19,5,,4,RUE NEUVE TOLBIAC,0,,2,2,2,2,(1),(1),1,, -1,2,-1,5,50,12,3,5,75,75113,2,2,1,3,RUE NEUVE TOLBIAC,48.830553,2.376755,21,2,2
202100052893,107Â 172,B01,1,1,2,0,2,0,-1,-1, -1,-1,2021,30.0,0,1,0,2,4,1,5,,4,RUE JEAN ANDRIEU,0,,2,2,0,1,(1),(1),1,, -1,2,0,1,50,30,1,5,31,31555,2,1,1,2,Avenue Jean Rieux,43.59788,1.45798,22,2,2
202100031908,144Â 717,A01,1,1,2,9,2,6,-1,0,0,-1,2021,26.0,2,1,0,2,4,1,1,,4,BOULEVARD BOURDON,0,,1,3,0,1,(1),(1),1,, -1,2,9,1,50,27,6,5,75,75104,2,3,1,2,BOULEVARD BOURDON,48.851649,2.367638,2,2,2
202100008363,186Â 782,A01,10,3,2,5,0,-1,-1,4,3,1,2021,74.0,3,1,0,1,1,1,5,,4,RUE DE PRESBOURG,0,,1,1,1,1,(1),(1),1,, -1,1,-1,5,50,12,11,5,75,75116,2,2,0,6,RUE DE PRESBOURG,48.872482,2.293958,17,2,1
202100029997,148Â 175,A01,1,1,1,0,8,0,-1,-1, -1,-1,2021,22.0,1,2,12,0,1,0,1,,7,georges COUTTON (rond point),0,,-1,1,0,1,(1),(1),1,, -1,1,0,4,50,9,7,5,13,13001,1,9,0,6,georges COUTTON (rond point),43.5056041059,5.4121152002,1,1,1
202100051428,109Â 767,A01,1,1,1,0,2,0,-1,0,0,-1,2021,37.0,1,1,0,2,7,1,5,,4,EUROPE (AVENUE DE L'),0,,2,-1,0,1,(1),(1),1,, -1,2,0,1,50,15,2,1,54,54304,2,2,1,3,EUROPE (AVENUE DE L'),48.6803382887,6.1535785389,10,3,2
202100033442,141Â 994,C01,1,1,1,0,8,0,-1,-1, -1,-1,2021,59.0,1,2,0,2,4,1,1,,4,GENNEVILLIERS (PONT DE),0,,2,3,0,2,0,0,1,, -1,1,2,1,50,19,6,1,92,92024,2,1,0,4,GENNEVILLIERS (PONT DE),48.9124993266,2.3113775253,13,4,4
202100004095,194Â 421,A01,1,1,1,0,2,0,-1,0,0,-1,2021,77.0,3,1,0,2,2,1,1,,4,,0,,1,2,2,1,(1),(1),1,, -1,1,0,1,50,22,11,5,6,6088,2,1,0,3,DUBOUCHAGE (BD),43.700878,7.26893,19,2,2
202100037619,134Â 414,A01,1,1,1,9,8,0,-1,0,0,-1,2021,20.0,1,1,0,2,1,1,5,,4,RUE JEAN MERMOZ,0,,1,1,0,1,(1),(1),1,, -1,1,0,1,50,28,5,1,75,75108,2,2,0,3,RUE JEAN MERMOZ,48.870213,2.31105,19,2,2
202100039029,131Â 882,A01,1,1,1,5,2,6,-1,0,0,-1,2021,68.0,2,1,0,0,0,1,1,,1,20,-1,A,3,4,0,1,402,900,1,, -1,1,0,1,130,22,5,1,82,82149,1,1,0,7,A20 - PK 402.900,44.110253,1.465559,14,1,1
202100003820,194Â 924,A01,1,1,2,5,1,-1,-1,-1,0,-1,2021,24.0,1,2,4,0,1,1,1,,1,AUTOROUTE A1,0,,3,6,0,1,16,0,1,, -1,3,0,2,90,10,12,3,95,95527,1,1,1,6,AUTOROUTE A1,48.9866853985,2.5071787834,1,1,1
202100011415,181Â 317,A01,1,1,2,1,8,0,-1,0,0,-1,2021,21.0,2,1,0,0,0,1,5,,4,RUE DES CARMES,0,,1,2,0,1,(1),(1),1,, -1,1,0,1,30,22,10,1,75,75105,2,2,0,7,RUE DES CARMES,48.848899,2.347463,18,1,1
202100031384,145Â 653,A01,10,3,1,3,0,-1,-1,3,3,1,2021,79.0,2,2,0,1,2,1,2,,3,131,-1,D,2,2,0,1,(1),(1),1,, -1,1,0,4,30,2,7,1,91,91111,2,1,0,6,Place de la LibÃ©ration,48.624394,2.125089,11,2,1
202100049227,113Â 761,B01,1,1,1,1,2,8,-1,-1, -1,-1,2021,34.0,1,1,0,0,0,0,0,,3,GENERAL LECLER(RUE),0,,2,2,0,1,0,100,1,, -1,1,0,1,50,4,3,1,91,91691,2,1,0,3,GENERAL LECLER(RUE),48.714111,2.472644,8,2,2
202100053720,105Â 712,A01,1,1,1,0,8,0,-1,-1, -1,-1,2021,31.0,1,1,0,2,5,1,5,,4,LANGUEDOC (RUE DU),0,,2,3,0,1,(1),(1),1,, -1,2,4,1,50,22,1,5,67,67482,2,8,1,3,LANGUEDOC (RUE DU),48.548947,7.741553,17,2,2
202100047561,116Â 752,B01,1,1,1,1,2,-1,-1,0,0,-1,2021,37.0,1,1,0,2,1,1,1,,3,119,-1,,2,2,0,1,7,950,2,, -1,1,0,1,90,19,3,1,14,14563,1,1,1,1,Route de la Lande,49.319528,0.305214,17,2,2
202100025134,156Â 731,B01,2,2,1,0,1,0,-1,-1, -1,-1,2021,53.0,1,2,0,2,4,2,1,,4,MONNET JEAN (AV),0,,2,2,0,1,0,0,1,, -1,1,0,1,50,6,8,1,13,13001,2,1,0,2,MONNET JEAN (AV),43.5320399791,5.4220588634,12,5,2
202100053708,105Â 732,A01,10,3,2,2,0,-1,-1,4,3,1,2021,14.0,2,2,0,1,2,1,1,,4,MARTIN BOULEVARD LEON,0,,2,2,0,2,(1),(1),1,, -1,1,0,1,50,25,1,5,85,85191,2,1,0,6,MARTIN BOULEVARD LEON,46.65481,-1.4101,7,2,1
202100035552,138Â 162,A01,1,1,1,5,2,0,-1,0,0,-1,2021,62.0,1,1,14,0,1,14,5,,4,RUE DE RIVOLI,0,,2,4,1,1,(1),(1),1,, -1,1,0,5,50,9,6,1,75,75104,2,1,1,6,RUE DE RIVOLI,48.855268,2.360885,16,1,1
202100050780,110Â 915,A01,10,3,1,0,0,-1,-1,2,3,1,2021,10.0,1,2,0,1,1,1,1,,4,PARIS (RUE DE),0,,2,2,0,1,0,0,1,, -1,1,0,1,30,20,2,1,93,93031,2,1,0,7,PARIS (RUE DE),48.9542310245,2.3100559569,16,2,1
202100051796,109Â 116,B01,1,1,1,0,1,0,-1,-1, -1,-1,2021,75.0,2,2,0,2,3,0,1,,7,FAYOL (BOULEVARD),0,,2,2,0,2,2,700,1,, -1,1,0,1,50,6,2,1,42,42095,2,1,0,1,Boulevard Fayol,45.38333,4.30133,15,2,2
202100005956,191Â 150,A01,1,1,2,5,0,-1,-1,-1, -1,-1,2021,29.0,2,1,0,2,4,1,3,,4,QUAI DE BACALAN,0,,1,1,0,1,(1),(1),1,, -1,2,0,1,50,27,11,5,33,33063,2,1,1,2,QUAI DE BACALAN,44.85846,-0.55802,2,2,2
202100039647,130Â 722,A01,10,3,2,3,0,-1,-1,3,3,1,2021,85.0,1,2,0,1,2,1,1,,3,924,-1,,2,2,0,1,(1),(1),1,, -1,1,0,8,30,18,5,1,50,50639,2,1,0,6,rue du gÃ©nÃ©ral de gaulle,48.837199,-1.221805,8,2,1
202100036893,135Â 753,A01,1,1,1,1,2,6,9,0,0,-1,2021,21.0,1,1,14,0,9,1,1,,2,30,0,,2,2,0,2,13,200,3,, -1,1,0,1,70,1,6,1,202,202150,1,1,0,7,route territoriale 30,42.603294,8.841076,12,1,1
202100045958,119Â 603,A01,1,1,1,5,2,0,-1,-1, -1,-1,2021,27.0,3,1,0,2,1,1,1,,4,LAETITIA (AVENUE),0,,2,2,0,1,(1),(1),1,, -1,1,0,1,30,31,3,5,13,13209,2,3,0,1,LAETITIA (AVENUE),43.27338,5.41016,0,3,2
202100017987,169Â 474,A01,1,1,2,5,2,6,-1,-1, -1,-1,2021,24.0,1,1,0,2,7,21,1,,3,AV DE L EUROPE,0,,1,3,0,1,0,0,1,, -1,2,0,1,50,18,9,5,91,91377,2,1,1,7,AV DE L EUROPE,48.726737,2.278093,20,1,1
202100011422,181Â 305,B01,1,1,1,4,2,6,-1,0,0,-1,2021,28.0,2,1,0,2,7,1,1,,4,AVENUE DE VERSAILLES,0,,2,6,0,1,(1),(1),1,, -1,1,0,1,30,23,10,1,75,75116,2,2,0,3,AVENUE DE VERSAILLES,48.85128,2.278413,13,2,2
202100010811,182Â 404,B01,2,2,2,5,2,6,-1,0,0,-1,2021,64.0,3,1,0,2,1,1,1,,3,,0,,2,2,0,1,50,400,1,,4,1,0,1,50,26,6,2,7,7324,2,3,0,3,69 Route de Lamastre,45.06811,4.813008,19,3,2
202100032104,144Â 366,B01,1,1,1,0,2,8,-1,0,0,-1,2021,28.0,3,1,0,2,8,0,1,,7,RD 73,0,,-1,2,0,2,(1),(1),4,, -1,1,0,1,70,26,6,1,54,54197,1,1,0,3,RD 73,48.6248336523,6.1938757449,19,2,2
202100014240,176Â 235,A01,1,1,1,5,2,-1,-1,0,0,-1,2021,32.0,3,1,0,0,0,1,1,,4,,-1,,2,2,0,2,(1),(1),2,,4,1,0,3,50,9,10,3,974,97422,2,3,0,7,Chemin de Kerveguen,-21.28715,55.520568,23,1,1
202100046808,118Â 107,B01,7,2,2,0,8,0,-1,-1, -1,-1,2021,57.0,1,3,0,2,3,1,1,2.0,4,MAURICE AUDIN (ALLEE),0,,1,1,0,2,0,0,1,, -1,1,0,1,50,24,3,1,93,93014,2,2,0,3,MAURICE AUDIN (ALLEE),48.9085817364,2.5450769974,16,3,2
202100025061,156Â 859,A01,2,2,1,3,2,-1,-1,0,0,-1,2021,17.0,2,1,0,2,0,13,1,,3,CCD4,-1,,3,2,0,2,(1),(1),1,, -1,1,0,1,70,6,8,3,976,97603,1,1,0,3,CarriÃ¨re de M'Tsamoudou,-12.947725,45.16244,18,3,2
202100011747,180Â 720,A01,1,1,1,9,1,0,-1,-1, -1,-1,2021,47.0,2,2,4,0,0,26,1,,1,A14,0,,-1,2,0,1,11,0,1,, -1,1,0,1,90,21,10,1,78,78396,1,1,0,6,A14,48.917677,2.118493,7,2,2
202100051411,109Â 792,A01,1,1,1,3,1,-1,-1,-1, -1,-1,2021,28.0,2,2,0,2,3,20,1,,4,BRIQUETIERS (DES),0,,1,1,0,1,(1),(1),1,, -1,1,0,1,50,12,2,1,76,76351,2,1,0,3,BRIQUETIERS (DES),49.49328,0.13742,14,2,2
202100028023,151Â 620,B01,1,1,1,5,1,-1,-1,0,0,-1,2021,53.0,1,2,0,2,1,1,1,,3,51,-1,,2,2,0,1,10,600,1,, -1,1,0,1,80,20,7,2,14,14504,1,2,0,3,D510,49.207876,0.339375,21,3,2
202100051243,110Â 088,A01,1,1,1,5,2,6,-1,0,0,-1,2021,86.0,1,1,15,0,1,1,1,,3,D8,-1,,2,1,0,1,24,0,3,, -1,1,2,3,80,17,2,1,68,68287,1,1,0,6,D8,47.967947,7.331797,14,1,1
202100027845,151Â 943,A01,1,1,1,1,2,-1,-1,0,0,-1,2021,37.0,1,1,0,2,8,5,1,,2,211,-1,,2,2,0,2,(1),(1),3,, -1,1,0,1,50,21,7,1,977,97701,2,1,0,1,"rt47, morne tourterelle",17.894155,-62.831519,15,3,2
202100019482,166Â 813,Z01,10,3,1,0,8,8,-1,5,9,1,2021,71.0,1,1,0,1,1,25,5,,4,VIEUX PONT DE PIERRE,0,,2,2,0,3,(1),(1),1,, -1,1,0,1,50,11,9,1,54,54339,2,1,0,6,VIEUX PONT DE PIERRE,48.70618,6.18438,17,2,1
202100016192,172Â 695,B01,2,2,2,0,2,6,-1,-1, -1,-1,2021,41.0,2,1,0,2,1,1,1,,4,BD DE STRASBOURG,0,,2,5,0,1,(1),(1),1,, -1,1,0,1,50,28,9,5,31,31555,2,1,0,3,BD DE STRASBOURG,43.6105238941,1.4436181962,20,3,2
202100014465,175Â 848,A01,3,2,2,3,1,-1,-1,0,0,-1,2021,16.0,2,2,0,2,5,0,1,,3,966,-1,,2,2,0,1,4,900,1,, -1,1,0,1,90,9,10,1,51,51183,1,1,0,3,D966,49.311205,4.023271,14,4,2
202100029119,149Â 700,A01,2,2,1,0,1,-1,-1,-1, -1,-1,2021,34.0,2,5,0,2,1,0,1,,4,GOSSET (RUE) DU NÂ° 1 AU 83 ET DU NÂ° 48 A,0,,1,1,0,1,(1),(1),1,, -1,2,0,1,50,13,7,1,51,51454,2,3,1,3,Rue Gosset,49.2674536798,4.0457562158,16,3,2
202100025938,155Â 319,A01,1,1,1,5,2,6,-1,0,0,-1,2021,50.0,2,1,0,2,2,1,1,,3,2211,-1,,-1,2,0,1,4,700,1,, -1,1,0,1,80,2,8,1,4,4148,1,1,0,2,RD 2211,43.808154,6.671266,16,4,2
202100039437,131Â 110,A01,1,1,1,9,2,6,-1,-1, -1,-1,2021,22.0,1,1,0,2,2,17,1,,3,TARBES DE,0,,2,3,0,1,21,270,1,, -1,2,9,1,50,17,5,1,64,64269,2,1,0,3,TARBES DE,43.29872,-0.30516,16,2,2
202100005139,192Â 593,C01,1,1,1,4,1,-1,-1,0,0,-1,2021,54.0,2,5,0,2,4,1,1,,2,165,-1,,3,4,0,1,75,500,1,, -1,2,0,1,110,3,12,3,29,29026,1,1,1,4,N165 - PK 75+500,48.210032,-4.046745,6,3,3
202100020946,164Â 221,B01,1,1,1,5,1,-1,-1,0,0,-1,2021,42.0,2,2,4,0,7,0,1,,1,42,-1,,3,4,0,1,17,120,1,, -1,1,0,2,130,4,9,3,1,1142,1,1,1,6,A42,45.847332,5.080252,22,2,2
202100054476,104Â 389,B01,1,1,1,4,2,6,-1,-1, -1,-1,2021,31.0,2,1,0,2,1,1,1,,4,BEAUTE (R DE),0,,2,1,0,2,1,0,1,, -1,1,0,1,30,19,1,1,94,94052,2,1,0,3,BEAUTE (R DE),48.834909,2.478701,14,2,2
202100030352,147Â 506,A01,1,1,1,5,2,6,-1,-1, -1,-1,2021,29.0,1,1,10,0,7,9,1,,3,R D 900,0,,3,4,0,1,25,141,1,, -1,1,0,1,90,3,7,5,66,66136,1,6,0,6,SERRAT DEN VAQUER (RD PT),42.67838,2.88063,0,1,1
202100022918,160Â 657,A01,1,1,1,0,8,0,-1,-1, -1,-1,2021,53.0,2,2,1,0,5,26,1,,7,POILUS (AVENUE DES),0,,2,2,0,2,0,0,1,, -1,1,0,1,50,22,8,1,13,13213,2,3,0,3,POILUS (AVENUE DES),43.32074,5.45846,17,2,2
202100048856,114Â 431,B01,1,1,1,4,1,0,-1,-1, -1,-1,2021,51.0,3,3,0,2,3,1,3,,3,,0,,2,4,0,3,(1),(1),1,, -1,1,0,6,50,6,3,5,25,25056,2,2,0,3,Route de Franois,47.22164,5.95221,22,2,2
202100010379,183Â 158,A01,10,3,2,5,0,-1,-1,4,3,1,2021,83.0,1,2,0,1,1,1,1,,3,SALENGRO (AVENUE ROGER),0,,2,4,1,1,0,0,1,, -1,1,0,1,50,28,10,1,92,92022,2,1,1,6,SALENGRO (AVENUE ROGER),48.81763,2.19644,16,2,1
202100047852,116Â 224,A01,9,2,1,5,1,-1,-1,0,0,-1,2021,48.0,2,2,10,0,2,6,1,,3,948,0,,2,2,0,1,3,234,3,, -1,2,0,1,70,17,3,3,79,79150,1,6,1,6,,46.13753,0.175921,0,3,1
202100049223,113Â 768,A01,4,2,1,0,8,0,-1,-1, -1,-1,2021,20.0,2,2,8,0,2,14,1,,3,PERRIN (SECTEUR),0,,2,2,0,1,(1),(1),1,, -1,1,0,3,80,28,2,5,971,97101,1,1,0,6,PERRIN (SECTEUR),16.2946,-61.51138,2,3,1
202100052175,108Â 447,A01,1,1,1,5,1,-1,-1,0,0,-1,2021,70.0,1,2,2,0,1,1,1,,3,137,-1,,2,2,0,2,8,900,2,, -1,1,0,8,80,9,2,1,58,58087,1,1,0,1,"RD 137- PR 8,9 Lieu-dit Les bureaux",46.73453,3.479791,16,1,1
202100021317,163Â 550,A01,1,1,2,0,2,8,-1,-1, -1,-1,2021,51.0,1,1,0,2,7,1,1,,4,,0,,2,3,0,1,1,0,1,, -1,1,0,1,50,2,9,1,92,92073,2,7,1,3,PAIX (PLACE DE LA),48.86464,2.204874,13,2,2
202100017306,170Â 718,A01,1,1,1,1,2,6,-1,0,0,-1,2021,36.0,2,1,2,0,3,1,1,,3,562,-1,,2,2,0,2,77,800,1,, -1,1,0,1,80,17,9,3,83,83081,1,1,0,6,D 562,43.5974551873,6.7992871408,5,1,1
202100014535,175Â 725,A01,1,1,1,0,2,6,-1,-1, -1,-1,2021,31.0,2,1,0,2,1,3,1,,1,AUTOROUTE A3,0,,3,6,0,1,10,100,1,, -1,1,0,1,110,8,10,1,93,93007,1,1,0,2,AUTOROUTE A3,48.926831,2.481107,8,2,2
202100028917,150Â 040,A01,1,1,2,1,1,5,-1,0,0,-1,2021,28.0,1,2,2,0,1,0,1,,3,2202,-1,,2,2,0,1,35,263,2,, -1,2,0,3,80,15,7,1,6,6071,1,1,0,6,D2202 PR35+200,44.069303,6.854718,19,1,1
202100010706,182Â 589,A01,1,1,1,5,2,6,-1,-1, -1,-1,2021,39.0,2,1,0,2,3,13,1,,4,ESSARTS (CHEMIN DES),0,,2,2,0,1,0,0,3,, -1,1,0,1,50,23,10,1,49,49328,2,1,0,1,ESSARTS (CHEMIN DES),47.28936,-0.06502,17,2,2
202100023147,160Â 242,A01,10,3,1,0,0,-1,-1,3,3,1,2021,9.0,3,2,0,2,1,1,1,,4,ALBERT WALTER (RUE),0,,2,2,0,1,0,0,1,, -1,1,0,1,50,21,8,1,93,93001,2,1,0,3,ALBERT WALTER (RUE),48.923502,2.368376,18,2,1
202100040480,129Â 248,A01,10,3,2,9,8,8,-1,5,3,1,2021,16.0,1,2,0,1,2,26,1,,4,ROSENBERG (RUE ETHEL ET JULIUS),0,,2,1,0,1,(1),(1),1,, -1,1,6,1,50,7,5,1,37,37233,2,1,0,6,ROSENBERG (RUE ETHEL ET JULIUS),47.3887417513,0.7192980944,12,2,1
202100014590,175Â 632,A01,10,3,2,5,0,-1,-1,2,3,1,2021,68.0,2,2,1,0,0,1,1,,4,LANOY (R RENE),0,,3,4,0,1,(1),(1),1,, -1,2,0,1,50,29,9,5,62,62498,2,1,1,7,LANOY (R RENE),50.433512,2.834547,7,2,1
202100017419,170Â 492,A01,1,1,1,4,1,-1,-1,0,0,-1,2021,30.0,0,5,0,2,1,1,1,,3,RD 934,0,,3,4,0,2,(1),(1),1,, -1,1,0,1,110,20,9,1,80,80131,1,1,0,2,RD 934,49.84144,2.43073,13,2,2
202100041221,127Â 920,A01,1,1,2,1,1,0,-1,-1, -1,-1,2021,39.0,1,2,0,2,4,1,1,,1,A50-Sens Marseille vers Aubagne,0,,3,3,0,1,4,0,1,, -1,1,0,1,90,6,5,1,13,13211,1,1,0,4,A50-Sens Marseille vers Aubagne,43.287996,5.441713,17,3,3
202100029318,149Â 359,A01,1,1,1,5,2,6,-1,0,0,-1,2021,24.0,2,1,0,2,1,3,1,,4,BOULEVARD PERIPHERIQUE,0,,1,4,0,1,(1),(1),1,, -1,1,0,1,70,10,7,1,75,75116,2,4,0,4,BOULEVARD PERIPHERIQUE,48.850786,2.251995,15,3,3
202100021144,163Â 866,A01,1,1,1,5,1,-1,-1,0,0,-1,2021,22.0,0,2,0,0,0,0,1,,3,518,0,Z,2,2,0,1,0,500,1,, -1,1,0,3,80,4,9,3,38,38189,1,1,0,7,D518z,45.639473,5.045278,0,1,1
202100032921,142Â 914,B01,1,1,1,1,1,0,-1,-1, -1,-1,2021,33.0,3,2,3,2,1,1,1,,3,ROISSY (ROUTE DE),0,,2,2,0,1,0,0,3,, -1,2,5,1,70,22,6,1,93,93073,1,4,1,1,Route de Roissy / Route de la Croix au PlÃ¢tre,48.98398,2.54175,17,2,2
202100024892,157Â 164,A01,10,3,1,5,8,8,-1,4,3,1,2021,24.0,1,5,0,1,2,1,1,,4,RUE DES PYRENEES,0,,2,1,0,1,(1),(1),1,, -1,1,0,1,50,9,8,1,75,75120,2,2,0,6,RUE DES PYRENEES,48.859163,2.402132,15,2,1
202100042740,125Â 240,A01,10,3,2,9,0,-1,-1,5,9,1,2021,41.0,3,5,0,1,2,20,0,,4,,-1,,1,1,0,1,(1),(1),1,, -1,1,0,4,50,24,4,1,81,81288,2,1,0,6,Rue Lacordaire,43.452681,2.066835,16,2,1
202100001678,198Â 798,A01,1,1,1,1,1,-1,-1,-1,0,-1,2021,40.0,1,2,4,0,6,1,1,,2,RN 104,0,,3,4,0,1,4,599,1,, -1,1,0,1,110,23,12,2,95,95042,1,1,0,2,RN 104,49.05705,2.29505,8,2,2
202100008819,185Â 983,B01,1,1,2,5,1,0,-1,-1, -1,-1,2021,32.0,2,2,0,2,4,2,1,,1,A50-Sens Aubagne vers Marseille,0,,1,3,0,1,9,0,1,, -1,1,0,1,90,9,11,1,13,13211,1,1,0,2,A50-Sens Aubagne vers Marseille,43.2881377701,5.4999439715,15,4,3
202100052975,107Â 024,B01,1,1,1,5,8,-1,-1,-1, -1,-1,2021,49.0,2,2,0,2,1,15,1,,4,AVE LENINE,0,,2,2,3,4,(1),(1),1,, -1,2,0,1,50,31,1,5,33,33039,2,2,0,1,Avenue LÃ©nine,44.79694,-0.55592,18,2,2
202100000706,200Â 451,A01,1,1,1,3,9,-1,-1,0,0,-1,2021,68.0,1,1,0,0,4,0,5,,3,119,0,D,2,2,0,1,60,300,1,, -1,1,0,1,80,29,12,1,9,9181,1,1,0,2,Lieu dit Le Bole,43.087018,1.372171,18,2,2
202100041600,127Â 243,C01,2,2,2,5,1,-1,-1,0,0,-1,2021,54.0,2,2,0,2,4,1,1,,2,94,-1,,2,2,0,1,77,230,1,, -1,1,5,1,80,3,5,1,5,5017,1,2,0,4,"ZA les cheminants, PK077.230",44.575948,6.165857,15,6,3
202100005819,191Â 391,A01,1,1,1,1,1,-1,-1,0,0,-1,2021,28.0,1,2,0,2,1,13,1,,7,952,-1,,2,2,0,1,26,160,1,, -1,1,0,1,50,16,11,1,37,37203,2,1,0,1,91 Quai de la Loire,47.4102899751,0.7764869457,12,2,2
202100048597,114Â 892,A01,10,3,1,4,0,-1,-1,6,9,2,2021,38.0,2,4,0,1,3,13,1,,3,6,0,D,2,3,0,2,2,370,1,, -1,1,0,3,80,10,3,1,974,97415,1,1,0,6,D6,-21.019738,55.270715,8,4,1
202100008694,186Â 195,A01,1,1,2,1,1,-1,-1,-1, -1,-1,2021,29.0,2,2,0,2,1,2,1,,3,HIPPODROME (ROND-POINT),0,,2,2,0,1,95,905,1,, -1,1,5,1,70,8,11,2,79,79300,1,6,0,2,,47.01431,-0.2009,7,2,2
202100026183,154Â 893,A01,3,2,1,5,0,-1,-1,0,0,-1,2021,20.0,3,2,1,2,2,1,1,,4,0,0,A,2,2,0,1,(1),(1),1,, -1,1,0,1,50,31,7,1,95,95612,2,1,0,3,Rue de Paris,49.008898,2.47241,16,3,2
202100028999,149Â 895,B01,1,1,1,5,2,0,-1,-1, -1,-1,2021,34.0,2,1,14,2,1,1,1,,3,ARISTIDE BRIAND AVENUE,0,,2,4,0,1,1,0,1,, -1,1,5,1,50,14,7,1,93,93046,2,9,0,3,Avenue Aristide Briand,48.911463,2.518285,20,2,2
202100013101,178Â 325,A01,10,3,2,5,0,-1,-1,3,3,1,2021,18.0,1,2,0,1,1,1,1,,3,REPUBLIQUE (BOULEVARD DE LA),0,,2,2,0,1,0,140,1,, -1,1,0,1,50,16,10,5,6,6029,2,1,0,6,REPUBLIQUE (BOULEVARD DE LA),43.553592,7.02501,1,2,1
202100016502,172Â 133,A01,10,3,1,5,0,-1,-1,3,3,3,2021,6.0,1,1,0,1,1,1,5,,4,LIBERATION (CRS DE LA),0,,3,2,2,1,(1),(1),1,, -1,1,0,1,50,27,9,1,33,33522,2,1,0,6,Cours de la LibÃ©ration,44.81223,-0.59097,17,2,1
202100015349,174Â 275,A01,1,1,1,0,1,8,-1,0,0,-1,2021,19.0,1,2,0,2,0,1,1,,7,GAUDE AVENUE DE LA,0,,2,2,0,2,(1),(1),1,, -1,2,0,1,50,3,10,3,6,6027,2,1,0,6,GAUDE AVENUE DE LA,43.667754,7.152013,20,4,2