Num_Acc,id_vehicule,num_veh,place,catu,sexe,trajet,secu1,secu2,secu3,locp,actp,etatp,year_acc,victim_age,senc,catv,obs,obsm,choc,manv,motor,occutc,catr,voie,v1,v2,circ,nbv,vosp,prof,pr,pr1,plan,lartpc,larrout,surf,infra,situ,vma,jour,mois,lum,dep,com,agg_,int,atm,col,adr,lat,long,hour,nb_victim,nb_vehicules
202100041732,127Â 017,B01,1,1,1,5,0,-1,-1,0,0,-1,2021,41.0,2,1,0,2,8,1,5,,3,983,-1,,2,2,0,1,10,800,1,, -1,1,0,1,50,2,5,1,95,95355,2,6,0,3,RD 983,49.1469234618,1.7879419768,10,2,2
202100051076,110Â 377,A01,1,1,1,0,2,8,-1,0,0,-1,2021,37.0,2,1,0,2,7,17,1,,7,DE GAULLE GENERAL AVENUE,0,,2,2,0,1,(1),(1),1,, -1,1,0,1,50,18,2,1,6,6123,2,2,0,3,DE GAULLE GENERAL AVENUE,43.66591,7.19308,9,2,2
202100003964,194Â 661,B01,1,1,1,1,1,-1,-1,-1, -1,-1,2021,49.0,3,2,0,2,8,15,1,,4,CARNOT                              (R ),0,,2,2,2,1,(1),(1),1,, -1,2,0,1,50,8,12,5,69,69199,2,3,1,3,CARNOT (R),45.70804,4.85983,7,2,2
202100047700,116Â 486,B01,1,1,1,5,1,0,-1,-1,0,-1,2021,49.0,2,2,0,2,7,1,1,,1,AUTOROUTE A3,0,,3,10,0,1,18,0,1,, -1,2,0,1,90,17,3,1,95,95527,1,1,1,3, A3,48.986360496,2.5069879998,15,2,2
202100005718,191Â 585,B01,1,1,2,5,1,0,-1,0,0,-1,2021,51.0,1,2,0,2,4,2,1,,1,Autoroute A 31,0,,3,4,0,1,260,299,1,, -1,2,0,1,110,27,11,3,54,54150,1,1,1,4,Autoroute A 31,48.77442,6.14409,18,4,3
202100047649,116Â 582,B01,1,1,1,9,2,6,-1,0,0,-1,2021,34.0,1,1,0,2,8,1,1,,4,PLACE DE LA REPUBLIQUE,0,,2,7,1,1,(1),(1),1,, -1,2,0,1,50,17,3,1,75,75110,2,7,1,3,PLACE DE LA REPUBLIQUE,48.867951,2.362391,8,2,2
202100008647,186Â 291,B01,1,1,2,0,1,-1,-1,0,0,-1,2021,31.0,2,2,0,2,3,0,1,,3,109,0,D,2,1,0,1,6,740,3,, -1,1,0,1,80,11,11,1,30,30160,1,1,0,1,D109,43.9983,4.1248,13,2,2
202100029996,148Â 177,B01,1,1,1,0,2,8,-1,-1, -1,-1,2021,36.0,1,1,0,2,1,1,1,,7,SAINT PIERRE (CHEMIN DE),0,,2,2,0,1,(1),(1),1,, -1,1,0,1,80,7,7,1,13,13005,1,3,0,3,SAINT PIERRE (CHEMIN DE),43.30697,5.59232,18,2,2
202100055799,102Â 127,A01,1,1,1,1,2,0,-1,-1, -1,-1,2021,23.0,0,1,0,2,4,26,1,,4,,0,,1,2,0,1,(1),(1),1,, -1,1,0,1,50,8,1,5,34,34172,2,1,0,2,DUBOUT (AVENUE ALBERT),43.60334,3.89061,19,2,2
202100010289,183Â 316,B01,2,2,2,5,1,-1,-1,0,0,-1,2021,20.0,2,2,0,2,7,1,1,,4,DEVILLE (RUE),0,,2,1,0,1,(1),(1),1,, -1,2,0,1,50,29,10,1,65,65440,2,2,1,3,DEVILLE (RUE),43.234785,0.079773,15,4,2
202100001715,198Â 725,A01,10,3,2,3,0,-1,-1,3,3,1,2021,49.0,3,2,0,1,2,1,1,,4,ARMAND ( BOULEVARD LOUIS ),0,,2,4,0,1,0,0,1,, -1,1,0,1,50,17,12,1,53,53201,2,1,0,6,ARMAND ( BOULEVARD LOUIS ),48.06605,-0.8085,9,2,1
202100033973,141Â 036,A01,1,1,2,0,1,0,-1,-1, -1,-1,2021,52.0,1,2,0,2,4,26,1,,1,A7-Sens Marseille vers Lyon,0,,1,3,0,1,265,0,1,, -1,1,0,1,90,17,6,1,13,13071,1,1,0,2,A7-Sens Marseille vers Lyon,43.41421,5.28016,18,4,2
202100002966,196Â 472,A01,1,1,1,5,2,8,-1,0,0,-1,2021,33.0,3,1,0,0,0,1,5,,4,ROUTE DE SEVRES A NEUILLY,0,,2,2,1,1,(1),(1),3,, -1,1,-1,5,30,11,12,1,75,75116,2,1,0,7,ROUTE DE SEVRES A NEUILLY,48.857223,2.237362,15,1,1
202100054474,104Â 393,A01,2,2,2,0,1,0,-1,-1, -1,-1,2021,25.0,2,2,0,2,5,1,1,,4,GENERAL GIRAUD (BD DU),0,,1,1,0,1,0,0,1,, -1,2,0,1,50,19,1,1,94,94068,2,2,1,3,GENERAL GIRAUD (BD DU),48.78862,2.48929,9,3,2
202100025042,156Â 893,B01,2,2,2,5,2,6,-1,0,0,-1,2021,18.0,2,1,0,2,1,1,1,,3,34,-1,,2,2,0,2,4,220,3,, -1,1,0,1,80,8,8,1,39,39043,1,1,0,1,,46.573052,5.453081,19,3,2
202100047089,117Â 599,B01,1,1,1,1,1,-1,-1,0,0,-1,2021,51.0,1,2,13,2,8,1,1,,3,27B,-1,B,2,2,0,1,4,380,1,, -1,1,0,1,80,22,3,1,1,1389,1,2,1,3,D27b,46.0432097851,4.9382954836,18,2,2
202100010467,183Â 013,A01,10,3,2,9,0,-1,-1,0,3,1,2021,37.0,3,2,0,2,0,0,1,,4,m'tsapere-Maeventana (rue),0,,2,2,0,1,0,0,3,, -1,1,0,1,50,28,10,5,976,97611,2,9,0,3,m'tsapere-Maeventana (rue),-12.78782,45.21858,18,2,1
202100055535,102Â 583,B01,1,1,1,1,2,0,-1,0,0,-1,2021,52.0,2,1,0,0,0,21,5,,4,QUAI D ORSAY,0,,2,2,1,1,(1),(1),1,, -1,1,-1,5,50,11,1,2,75,75107,2,2,0,7,QUAI D ORSAY,48.862832,2.313455,17,1,1
202100056223,101Â 399,A01,1,1,1,9,2,-1,-1,0,0,-1,2021,39.0,2,1,1,0,1,21,1,,7,39,-1,,2,2,0,1,(1),(1),2,, -1,1,0,4,50,6,1,1,59,59052,2,1,0,6,18Rue Jules Guesde,50.519322,2.891433,15,1,1
202100043571,123Â 787,A01,1,1,1,5,2,-1,-1,0,0,-1,2021,39.0,0,1,0,0,1,14,1,,4,43,-1,C,2,2,0,2,(1),(1),2,, -1,1,0,3,80,18,4,1,9,9038,1,1,0,7,Chemin de la bastide de besplas Ã  fornex,43.167404,1.263465,20,1,1
202100035411,138Â 422,A01,4,2,1,9,8,-1,-1,0,0,-1,2021,21.0,0,2,1,0,9,26,1,,3,,-1,,2,2,0,1,(1),(1),2,,4,1,0,1,50,5,6,3,38,38415,2,1,0,7,Rue des Alexandres,45.645601,5.234484,22,4,1
202100001217,199Â 597,B01,1,1,1,5,2,6,-1,-1, -1,-1,2021,70.0,1,1,0,2,4,1,1,,3,991,0,,1,1,0,1,83,0,1,, -1,2,0,1,50,27,12,1,92,92063,2,1,0,2,COLMAR (AVENUE DE),48.8867062875,2.1713407338,14,2,2
202100049880,112Â 576,A01,1,1,1,0,2,6,-1,-1, -1,-1,2021,16.0,3,1,0,2,2,1,1,,4,DE GAULLE (AV. DU GAL),0,,2,2,0,1,(1),(1),1,, -1,1,0,1,50,27,2,1,37,37208,2,2,0,6,DE GAULLE (AV. DU GAL),47.3585333919,0.7395126522,16,2,2
202100001439,199Â 212,A01,1,1,1,1,2,6,-1,-1, -1,-1,2021,26.0,2,1,0,2,1,1,1,,2,N186,0,,1,2,0,1,48,500,1,, -1,1,0,1,90,24,12,1,94,94065,1,1,0,2,N186,48.7535043338,2.3613490863,15,2,2
202100031909,144Â 715,A01,10,3,1,2,0,-1,-1,3,3,2,2021,5.0,1,2,15,0,1,24,1,,4,VINCENT BUREAU (R),0,,2,1,0,1,1,0,1,, -1,1,0,4,50,28,6,1,94,94074,2,1,0,6,Rue Vincent Bureau,48.7397386579,2.4605727196,12,2,1
202100000565,200Â 692,A01,1,1,1,5,1,0,-1,-1, -1,-1,2021,23.0,1,2,12,0,1,1,1,,4,CHINON (BOULEVARD DE),0,,2,2,0,1,(1),(1),1,, -1,1,5,1,50,11,11,5,37,37122,2,6,0,6,CHINON (BOULEVARD DE),47.3518984904,0.6864476698,4,1,1
202100043492,123Â 918,B01,1,1,1,1,1,-1,-1,0,0,-1,2021,54.0,2,2,7,0,8,1,1,,3,48,0,D,2,2,0,1,4,50,1,, -1,1,5,1,80,20,4,1,80,80148,1,2,0,3,D48 / D190,50.016261,1.576173,13,2,2
202100049006,114Â 159,B01,7,2,1,5,3,1,-1,0,0,-1,2021,4.0,0,2,8,2,3,1,1,,3,563,-1,,-1,2,0,1,0,374,3,, -1,1,0,1,80,7,3,1,50,50144,1,1,0,1,Rue Victoire Babois,48.76626,-1.081542,14,7,2
202100004130,194Â 359,A01,1,1,1,4,1,0,-1,-1, -1,-1,2021,34.0,3,2,0,2,1,1,1,,4,R DE LA LIBERATION ,0,,2,2,0,1,1,0,4,, -1,2,0,1,30,7,12,1,94,94060,2,1,0,2,Rue de la LibÃ©ration,48.782469,2.574934,10,2,2
202100054447,104Â 440,A01,1,1,2,5,1,-1,-1,-1, -1,-1,2021,21.0,2,2,0,2,1,13,1,,4,COURS LAMARQUE DE PLAISANCE,0,,2,2,0,1,(1),(1),1,, -1,1,0,1,50,19,1,5,33,33009,2,1,0,1,Cours Lamarque de Plaisance,44.661747,-1.180594,7,2,2
202100011988,180Â 288,A01,1,1,1,5,1,-1,-1,-1, -1,-1,2021,31.0,1,2,14,0,1,1,1,,4,EUROPE ( PLACE DE ),0,,2,1,0,1,0,0,1,, -1,1,0,8,50,15,10,5,83,83069,2,2,0,6,EUROPE ( PLACE DE ),43.10921,6.1245,22,2,1
202100008602,186Â 361,A01,10,3,1,5,0,-1,-1,4,5,2,2021,11.0,1,2,0,1,3,1,1,,4,AVENUE LEDRU ROLLIN,0,,2,2,0,1,(1),(1),1,, -1,1,0,1,30,10,11,5,75,75111,2,2,0,6,AVENUE LEDRU ROLLIN,48.853277,2.377297,20,2,1
202100042915,124Â 958,A01,1,1,1,9,8,0,-1,0,0,-1,2021,32.0,1,1,0,2,1,2,5,,4,RUE DE SEVRES,0,,2,3,1,1,(1),(1),1,, -1,1,-1,5,50,22,4,5,75,75107,2,3,0,2,RUE DE SEVRES,48.847389,2.318205,22,2,2
202100054172,104Â 914,A01,1,1,2,0,1,0,-1,-1, -1,-1,2021,33.0,1,2,0,2,1,14,1,,2,RN 104,0,,1,2,0,1,42,500,1,, -1,2,0,3,110,22,1,3,91,91086,1,1,1,7,RN 104,48.623904,2.377667,5,1,1
202100030081,148Â 014,A01,1,1,1,5,2,6,-1,0,0,-1,2021,33.0,1,1,0,2,1,13,1,,3,71,0,,2,2,0,2,11,850,3,, -1,1,0,1,80,8,7,1,26,26342,1,1,1,1,Route de Saint Paul,44.339151,4.817607,12,3,2
202100022216,161Â 937,A01,1,1,1,0,1,8,-1,-1, -1,-1,2021,67.0,3,2,0,2,1,13,1,,4,CHAUDRON (BLD 2 DU),0,,2,3,0,1,0,0,1,, -1,1,0,1,30,27,8,1,974,97411,2,1,0,1,CHAUDRON (BLD 2 DU),-20.89237,55.49164,8,2,2
202100029300,149Â 389,B01,2,2,1,5,2,0,-1,-1, -1,-1,2021,18.0,2,1,0,2,1,1,1,,3,SAINT-VINCENT DE PAUL (AVENUE),0,,2,2,1,1,19,600,1,, -1,1,0,1,50,10,7,5,40,40088,2,1,0,1,SAINT-VINCENT DE PAUL (AVENUE),43.7169198731,-1.0534644127,1,3,2
202100049678,112Â 941,B01,1,1,1,4,1,0,-1,-1, -1,-1,2021,56.0,1,2,0,2,4,23,2,,3,CASANOVA DANIELLE NR 52-SUIV ET 21-SUIV,0,,4,4,0,1,0,1,1,, -1,1,0,1,50,28,2,5,93,93066,2,1,0,2,CASANOVA DANIELLE NR 52-SUIV ET 21-SUIV,48.92979,2.36159,22,4,2
202100005147,192Â 574,A01,1,1,2,0,1,-1,-1,0,0,-1,2021,30.0,1,2,0,2,7,15,1,,3,9,-1,,2,3,0,1,45,250,1,, -1,2,0,1,80,3,12,5,51,51413,1,3,1,4,D9,49.01264,4.034708,18,3,3
202100035449,138Â 346,C01,1,1,1,1,8,0,-1,-1, -1,-1,2021,32.0,1,2,12,0,3,1,1,,2,JAURES (BOULEVARD JEAN),0,,1,3,0,1,(1),(1),1,, -1,1,0,1,70,9,6,5,974,97411,2,2,0,5,TOURETTE (RUE),-20.8884,55.4464,23,6,3
202100001697,198Â 754,A01,1,1,2,5,1,0,-1,-1, -1,-1,2021,61.0,2,2,0,2,1,2,1,,4,TOUTES RUES,0,,2,3,0,2,0,0,1,, -1,1,0,1,50,22,12,1,202,202033,2,3,0,4,TOUTES RUES,42.67958,9.44323,13,3,3
202100025616,155Â 896,A01,1,1,2,4,1,0,-1,-1, -1,-1,2021,25.0,3,5,0,2,1,2,1,,2,RN 568,0,,3,4,0,1,0,0,1,, -1,1,0,1,50,4,8,5,13,13077,2,1,0,2,RN 568,43.42169,4.97744,3,2,2
202100004986,192Â 874,B01,1,1,2,1,1,-1,-1,0,0,-1,2021,58.0,2,2,3,2,7,1,1,,3,982,-1,,1,1,0,1,24,400,1,, -1,2,3,1,80,3,12,3,71,71275,1,3,1,3,Ãchangeur de Marcigny,46.277638,4.028635,19,2,2
202100014514,175Â 767,B01,1,1,1,0,2,6,-1,0,0,-1,2021,48.0,3,1,0,0,8,21,1,,3,RD5,-1,D,2,2,0,1,(1),(1),1,, -1,1,0,1,50,8,10,1,67,67028,2,1,0,7,49 Faubourg du Rhin,48.369451,7.601391,16,2,2
202100038294,133Â 196,B01,1,1,1,5,2,-1,-1,0,0,-1,2021,27.0,1,1,0,2,1,1,1,,3,663,-1,,2,2,0,2,1,740,1,, -1,1,0,1,80,22,5,1,69,69110,1,1,0,5,D663,45.581352,4.525702,14,3,3
202100049215,113Â 782,B01,1,1,2,0,2,0,-1,-1, -1,-1,2021,38.0,1,1,0,2,7,1,1,,3,MADELEINE (ROUTE DE LA),0,,1,1,0,1,2,300,3,, -1,2,0,1,50,4,3,5,973,97302,2,9,1,3,MADELEINE (ROUTE DE LA),4.9186120278,-52.3217010556,20,2,2
202100040258,129Â 643,A01,1,1,1,9,2,-1,-1,0,0,-1,2021,57.0,1,1,0,0,0,1,1,,3,64,0, -,2,2,0,1,8,250,2,, -1,2,0,3,80,12,5,1,86,86109,1,1,1,7,D64,46.930001,0.144539,18,1,1
202100033568,141Â 763,A01,1,1,1,0,1,0,-1,-1, -1,-1,2021,32.0,3,2,0,2,1,26,0,,4,MARTEL (RUE DES FRERES),0,,1,1,0,1,(1),(1),1,, -1,1,0,1,50,18,6,1,59,59279,2,2,0,3,PERI (RUE GABRIEL),50.78241,3.134247,21,2,2
202100049040,114Â 097,B01,2,2,2,5,1,8,-1,-1, -1,-1,2021,21.0,1,2,0,2,4,1,1,,2,RN104,0,,3,2,0,1,24,299,1,, -1,1,0,1,90,5,3,1,77,77122,1,1,0,2,RN104,48.6469354973,2.5768222928,16,3,2
202100021091,163Â 955,A01,10,3,2,5,0,-1,-1,0,0,-1,2021,50.0,3,1,0,1,1,16,5,,4,PONT DE L ALMA,0,,2,3,1,2,(1),(1),1,, -1,1,0,5,30,3,9,1,75,75116,2,2,0,6,PONT DE L ALMA,48.864192,2.301555,11,2,1
202100031078,146Â 191,B01,1,1,1,5,8,0,-1,-1, -1,-1,2021,62.0,1,1,0,2,0,2,5,,4,Dainville,0,,2,1,0,1,1,0,1,, -1,1,0,1,30,3,7,1,49,49007,2,1,0,1,VOLNEY,47.46,-0.5373,21,2,2
202100005631,191Â 720,A01,10,3,1,5,0,-1,-1,2,3,1,2021,79.0,1,2,0,1,1,16,1,,4,AVENUE DE LA PORTE DE LA CHAPELLE,0,,3,3,0,1,(1),(1),1,, -1,2,0,1,30,5,9,4,75,75118,2,4,0,6,AVENUE DE LA PORTE DE LA CHAPELLE,48.899511,2.359435,2,3,1
202100052348,108Â 142,B01,2,2,2,9,1,-1,-1,0,0,-1,2021,11.0,2,2,0,2,3,0,1,,3,RD45,-1,,2,2,0,2,1,0,1,, -1,1,0,1,50,5,2,5,43,43012,2,1,0,1,Route de la Faye,45.361388,4.206144,20,3,2
202100024261,158Â 302,A01,1,1,1,5,2,0,-1,-1, -1,-1,2021,68.0,1,1,0,2,1,1,1,,4,ALSACE LORRAINE D',0,,2,3,3,1,0,0,1,, -1,1,0,1,50,13,8,1,64,64445,2,6,0,3,ALSACE LORRAINE D',43.30455,-0.36811,17,2,2
202100007993,187Â 444,A01,2,2,1,5,2,-1,-1,-1, -1,-1,2021,47.0,0,1,0,2,1,2,1,,4,AMIRAL MOUCHEZ (BD),0,,2,2,0,1,0,0,1,, -1,1,0,1,50,8,11,1,76,76351,2,1,0,2,AMIRAL MOUCHEZ (BD),49.4866,0.14189,13,3,2
202100035723,137Â 858,B01,1,1,2,0,1,0,-1,0,0,-1,2021,20.0,1,2,0,2,4,15,1,,3,UZES (ROUTE D'),0,,2,2,0,1,0,0,1,, -1,1,0,1,70,2,6,1,30,30189,1,2,0,6,UZES (ROUTE D'),43.8835,4.3794,8,2,2
202100025873,155Â 439,B01,4,2,1,5,1,8,-1,0,0,-1,2021,32.0,2,2,0,2,5,23,1,,4,ROUTE DE LA MUETTE A NEUILLY,0,,1,2,0,1,(1),(1),2,, -1,1,0,1,50,31,7,5,75,75116,2,3,0,2,ROUTE DE LA MUETTE A NEUILLY,48.864571252,2.2664827108,22,5,2
202100053015,106Â 957,A01,1,1,1,0,0,-1,-1,0,0,-1,2021,22.0,1,2,6,0,3,1,1,,3,61,-1,,2,2,0,2,0,695,1,, -1,1,0,3,30,30,1,1,66,66115,2,3,0,6,Avenue Lucien Galy,42.521194,2.878756,16,1,1
202100027069,153Â 333,B01,1,1,2,0,2,6,-1,0,0,-1,2021,17.0,1,1,0,2,1,23,1,,4,HIPPODROME RUE DE L',0,,2,2,0,1,(1),(1),1,, -1,2,0,1,50,24,7,1,29,29232,2,1,0,2,Rue de lâHippodrome,47.99618,-4.09569,19,2,2
202100008008,187Â 419,A01,1,1,1,0,8,0,-1,0,0,-1,2021,31.0,1,1,0,2,8,13,5,,4,QUATRE EGLISES (RUE,0,,2,3,3,1,(1),(1),1,, -1,1,0,1,30,15,11,5,54,54395,2,1,0,3,QUATRE EGLISES (RUE,48.6873,6.18365,20,2,2
202100049304,113Â 629,A01,2,2,2,0,1,-1,-1,0,0,-1,2021,65.0,1,2,0,2,7,15,1,,3,101,-1,,2,2,0,2,1,1350,2,, -1,1,0,1,80,4,3,1,1,1033,1,3,0,3,D101,46.112093,5.800742,16,5,2
202100050239,111Â 913,B01,1,1,1,4,2,6,-1,-1, -1,-1,2021,28.0,0,1,0,2,1,1,1,,3,129,0,,2,2,0,2,0,0,1,, -1,1,0,1,50,25,2,1,92,92020,2,9,0,3,ESTIENNE D'ORVES RUE D',48.7991729134,2.2867501708,8,2,2
202100044605,121Â 987,A01,10,3,1,0,0,-1,-1,1,3,1,2021,45.0,2,2,0,1,1,1,1,,3,REPUBLIQUE (AV DE LA),0,,-1,2,0,1,1,0,1,, -1,2,0,1,50,9,4,5,94,94017,2,1,1,6,Avenue de la RÃ©publique,48.823255,2.51042,19,3,2
202100052441,107Â 976,A01,1,1,2,0,1,-1,-1,0,0,-1,2021,74.0,2,2,0,0,1,0,1,,4,DOLE RUE DE (inf 82),0,,2,2,2,2,(1),(1),2,, -1,1,5,1,50,5,2,1,25,25056,2,4,0,4,Rue de Dole,47.234617,6.011785,10,3,3
202100028371,150Â 994,A01,1,1,1,9,1,-1,-1,0,0,-1,2021,19.0,3,2,0,2,3,13,1,,4,C1,-1,,2,2,0,1,(1),(1),1,, -1,1,0,1,80,18,7,1,55,55461,1,1,0,1,c1,49.387737,5.512685,17,2,2
202100044295,122Â 486,B01,1,1,1,9,2,0,-1,0,0,-1,2021,18.0,2,1,0,2,5,1,1,,4,AVENUE JEAN JAURES,0,,2,2,0,1,(1),(1),1,, -1,1,2,1,50,12,4,1,75,75119,2,1,0,3,AVENUE JEAN JAURES,48.886847,2.385744,8,2,2
202100044085,122Â 876,A01,10,3,1,9,0,-1,-1,1,2,1,2021,27.0,3,2,0,1,3,1,1,,4,,-1,,2,2,0,1,(1),(1),1,, -1,1,0,1,-1,15,4,1,25,25120,2,1,0,6,17 rue derriÃ¨re la ville,47.043531,6.159484,12,2,1
202100040199,129Â 745,A01,10,3,2,3,0,-1,-1,3,3,1,2021,68.0,3,2,0,1,1,9,1,,4,CHABERT (Rue Charles),0,,2,2,0,1,(1),(1),1,, -1,1,0,1,50,12,5,1,26,26198,2,1,0,6,Rue Charles Chabert,44.55819,4.7453,14,2,1
202100002515,197Â 280,B01,2,2,2,5,1,-1,-1,0,0,-1,2021,54.0,2,2,0,2,1,1,1,,3,31,0,A,2,2,0,1,0,332,1,,5,7,0,1,70,19,12,1,1,1454,2,3,1,1,route de lyon,45.715259,5.706807,11,6,2
202100053333,106Â 388,A01,1,1,1,1,2,0,-1,-1, -1,-1,2021,28.0,2,1,0,2,3,1,1,,4,ROUSSEAU (RUE JEAN JACQUES),0,,-1,2,0,1,(1),(1),1,, -1,1,0,1,50,28,1,5,42,42187,2,2,0,3,Rue Jean-Jacques Rousseau,46.0377721212,4.0566753186,21,2,2
202100017854,169Â 705,A01,2,2,1,5,8,0,-1,0, -1,-1,2021,17.0,3,1,1,0,0,26,0,,4,DAUMIER,0,,2,2,0,1,(1),(1),1,, -1,1,0,8,50,19,9,1,29,29019,2,1,0,6,Rue Daumier,48.41228758,-4.46032047,17,2,1
202100038167,133Â 424,Z01,10,3,1,5,0,-1,-1,4,3,2,2021,13.0,1,2,0,1,0,1,1,,4,AUGUSTIN FRESNEL (RUE),0,,2,2,0,1,0,0,1,, -1,1,0,1,50,25,5,2,67,67482,2,1,1,6,AUGUSTIN FRESNEL (RUE),48.60472,7.71801,20,2,1
202100029391,149Â 243,A01,1,1,1,1,2,6,-1,0,0,-1,2021,29.0,2,1,0,0,0,1,1,,3,305,-1,,2,2,0,1,2,1228,2,, -1,1,0,3,80,11,7,1,77,77175,1,1,0,7,RD 305 PK 003,48.643742,2.625089,19,1,1
202100031442,145Â 544,A01,1,1,1,0,2,6,-1,-1, -1,-1,2021,36.0,1,1,0,0,0,1,1,,4,VILLENEUVE (RUE) DE (55 A 87BIS),0,,2,2,0,1,0,0,1,, -1,1,0,1,30,30,6,1,92,92024,2,1,0,7,VILLENEUVE (RUE) DE (55 A 87BIS),48.9060913101,2.3128339648,10,1,1
202100008023,187Â 392,C01,1,1,1,1,1,8,-1,-1, -1,-1,2021,38.0,3,2,0,2,4,2,1,,4,EIFFEL (AVENUE GUSTAVE),0,,2,4,0,1,(1),(1),1,, -1,2,5,1,50,15,11,1,37,37261,2,1,0,4,EIFFEL (AVENUE GUSTAVE),47.4355671033,0.6984881597,8,3,3
202100034538,139Â 993,B01,1,1,1,3,1,-1,-1,-1, -1,-1,2021,34.0,2,2,0,2,8,1,1,,1,AUTOROUTE A 10,0,,3,6,0,1,541,600,1,, -1,1,0,1,110,14,6,1,33,33397,1,1,0,3,AUTOROUTE A 10,44.894899,-0.497586,16,2,2
202100044844,121Â 559,A01,1,1,1,1,2,0,-1,-1, -1,-1,2021,37.0,2,1,15,0,8,13,1,,3,AV VICTOR HUGO ,0,,2,0,3,1,1,0,4,, -1,1,9,6,50,7,4,1,94,94022,2,1,0,7,Avenue Victor Hugo,48.769127,2.422047,7,1,1
202100002596,197Â 142,B01,1,1,1,1,1,0,-1,-1, -1,-1,2021,25.0,2,2,0,2,4,23,1,,4,CHENE VERT (RUE DU),0,,2,2,0,1,0,0,2,, -1,1,0,1,50,14,12,5,72,72181,2,4,0,6,CHENE VERT (RUE DU),48.008006,0.189558,18,3,3
202100027049,153Â 367,B01,2,2,2,0,8,-1,-1,-1, -1,-1,2021,29.0,2,2,0,2,4,1,1,,4,VERGUIN                             (AV),0,,2,3,0,1,(1),(1),1,, -1,1,0,1,50,25,7,1,69,69386,1,1,0,4,VERGUIN                             (AV),45.7727,4.85684,17,5,3
202100029170,149Â 608,A01,10,3,1,1,0,-1,-1,2,3,1,2021,39.0,2,2,0,1,1,1,1,,4,LISBONNE (RUE DE),0,,2,3,0,1,1,0,1,, -1,2,0,1,50,13,7,1,93,93064,2,1,1,3,LISBONNE (RUE DE),48.880899,2.472084,17,2,1
202100006048,190Â 985,A01,1,1,1,0,1,-1,-1,0,0,-1,2021,70.0,3,2,4,0,0,0,1,,2,,0,,1,1,0,2,(1),(1),3,, -1,1,3,1,50,27,11,1,987,98715,1,9,0,6,RDO,-17.552736,-149.593475,16,1,1
202100007326,188Â 657,A01,1,1,1,3,1,8,-1,-1, -1,-1,2021,58.0,3,2,0,2,1,13,1,,4,FRANCK ( RUE ANNE ),0,,2,2,0,1,0,0,3,, -1,2,0,1,30,17,11,3,3,3098,2,1,0,1,FRANCK ( RUE ANNE ),46.35771,2.621,18,3,2
202100002012,198Â 195,A01,1,1,2,0,1,0,-1,0,0,-1,2021,40.0,2,2,2,0,1,26,1,,4,,0,,3,3,0,1,(1),(1),1,, -1,2,0,1,50,19,12,1,63,63014,2,1,1,6,LAVOISIER (AVENUE),45.75874,3.14432,14,1,1
202100050287,111Â 824,D01,1,1,2,1,1,5,-1,-1, -1,-1,2021,29.0,1,2,0,2,4,1,1,,7,Autoroute A.35,0,,3,2,0,1,313,299,1,, -1,1,0,1,110,24,2,1,67,67152,1,1,0,4,M35,48.52257,7.64119,17,5,5
202100036461,136Â 525,A01,10,3,1,5,0,-1,-1,3,3,1,2021,81.0,1,2,0,1,8,1,1,,4,POMPIDOU (AV.GEORGES),0,,2,2,0,1,(1),(1),1,, -1,1,0,4,30,4,6,1,4,4112,2,1,0,6,Av Georges Pompidou,43.82251,5.78662,9,2,1
202100010868,182Â 300,B01,1,1,1,0,1,-1,-1,-1, -1,-1,2021,35.0,1,2,0,2,2,15,1,,7,GENAS (DE)                          (RO),0,,2,0,3,1,1,0,1,, -1,1,0,1,50,26,10,1,69,69029,2,1,0,3,GENAS (DE) (RTE),45.7479010381,4.9213546515,17,2,2
202100054039,105Â 153,A01,10,3,1,5,0,-1,-1,1,5,1,2021,21.0,1,2,0,1,3,1,1,,3,NORD ( route du ),0,,2,2,0,1,31,366,1,, -1,1,0,1,80,20,1,3,82,82121,1,1,0,6,NORD ( route du ),44.068085,1.418942,6,2,1
202100044652,121Â 899,B01,1,1,2,0,1,8,-1,-1, -1,-1,2021,29.0,3,2,0,2,0,19,1,,4,JEAN MOULIN (RUE) - RIV. DES GALETS,0,,-1,2,0,1,0,0,1,, -1,1,0,1,50,8,4,1,974,97407,1,2,0,7,ROUTE DU SACRE COEUR,-20.95801,55.31727,12,2,2
202100026579,154Â 194,B01,1,1,1,5,2,-1,-1,0,0,-1,2021,17.0,0,1,0,2,3,1,5,,3,53,0,C,2,2,0,1,11,711,3,, -1,1,0,1,50,30,7,1,6,6091,2,1,0,3,3250 D53,43.778251,7.398078,10,2,2
202100026912,153Â 607,A01,1,1,1,5,2,6,-1,0,0,-1,2021,75.0,3,1,0,0,0,20,1,,4,0,0,A,2,2,0,2,(1),(1),1,, -1,1,0,3,30,28,7,1,29,29233,2,1,0,7,14 Rue de Ty-Bordeaux,47.86627,-3.550046,9,1,1
202100016113,172Â 842,B01,1,1,1,5,2,8,-1,-1, -1,-1,2021,29.0,2,1,0,2,1,1,1,,3,Bld  DE LA COMMUNAUTE,0,,2,2,0,1,1,675,1,, -1,1,5,1,50,25,9,1,78,78118,2,3,0,3,Bld  DE LA COMMUNAUTE,48.983238,1.674052,17,2,2
202100029752,148Â 611,B01,1,1,1,5,2,0,-1,-1, -1,-1,2021,55.0,3,1,0,2,1,1,5,,4,SEMARD ( RUE PIERRE ),0,,1,1,0,1,(1),(1),1,, -1,1,0,1,50,9,7,1,83,83069,2,1,0,2,SEMARD ( RUE PIERRE ),43.1096919873,6.122482717,17,2,2