Num_Acc,id_vehicule,num_veh,place,catu,sexe,trajet,secu1,secu2,secu3,locp,actp,etatp,year_acc,victim_age,senc,catv,obs,obsm,choc,manv,motor,occutc,catr,voie,v1,v2,circ,nbv,vosp,prof,pr,pr1,plan,lartpc,larrout,surf,infra,situ,vma,jour,mois,lum,dep,com,agg_,int,atm,col,adr,lat,long,hour,nb_victim,nb_vehicules
202100012562,179Â 262,C01,1,1,1,9,1,-1,-1,0,0,-1,2021,57.0,1,2,0,2,4,2,1,,2,11,0,,3,2,0,1,5,900,1,,7,1,0,1,110,19,10,1,202,202042,1,1,0,4,RT 11,42.559758,9.458284,8,4,4
202100021168,163Â 825,A01,1,1,1,0,2,-1,-1,0,0,-1,2021,23.0,3,1,0,0,0,1,1,,4,,-1,,2,2,0,1,(1),(1),1,,5,1,0,1,50,3,9,5,971,97129,2,1,0,7,Rue de Depot,16.319506,-61.684724,22,1,1
202100025593,155Â 932,A01,1,1,2,9,1,0,-1,-1, -1,-1,2021,25.0,2,2,2,0,1,14,1,,3,MINIERE (ROUTE DE LA),0,,3,4,0,1,2,730,2,, -1,2,0,1,70,27,7,1,78,78646,1,1,1,6,MINIERE (ROUTE DE LA),48.78295,2.10647,18,1,1
202100027031,153Â 398,A01,10,3,2,5,0,-1,-1,9,5,1,2021,6.0,3,2,0,1,0,1,1,,9,,-1,,1,1,0,1,(1),(1),1,, -1,1,0,1,20,26,7,1,80,80039,2,1,0,6,Camping Municipal de la Chapelle,50.106323,1.45741,14,2,1
202100012965,178Â 562,A01,2,2,1,1,1,-1,-1,0,0,-1,2021,53.0,2,5,0,2,1,2,1,,1,A41S,0,,3,4,0,1,16,0,1,, -1,1,0,1,130,15,10,3,38,38214,1,1,0,2,PK016.000 - A41S,45.303282,5.926137,21,3,2
202100023570,159Â 509,A01,2,2,2,0,1,-1,-1,0,0,-1,2021,91.0,2,2,0,2,3,5,1,,2,RN 25,0,,2,4,0,1,0,699,1,, -1,1,0,1,110,16,8,1,80,80489,2,1,0,5,RN 25,49.8690901963,2.3734214308,16,8,6
202100005787,191Â 447,A01,1,1,1,5,8,0,-1,-1, -1,-1,2021,18.0,-1,5,2,0,8,1,1,,3,GEORGES BRAQUE (BOULEVARD),0,,3,3,0,1,0,0,1,, -1,1,0,1,50,28,11,3,93,93005,2,1,0,6,GEORGES BRAQUE (BOULEVARD),48.95661,2.47942,23,2,1
202100036621,136Â 250,A01,10,3,2,5,0,-1,-1,9,5,3,2021,15.0,1,2,0,1,2,1,1,,4,PL DU PDT THOMAS WILSON,0,,1,1,0,1,(1),(1),2,, -1,1,0,1,50,2,6,1,31,31555,2,1,0,6,PL DU PDT THOMAS WILSON,43.6049,1.44674,19,2,1
202100017677,170Â 023,A01,10,3,1,9,0,-1,-1,2,3,1,2021,60.0,2,2,0,1,1,1,1,,4,BOULEVARD DE MAGENTA,0,,2,4,0,1,(1),(1),1,, -1,1,0,1,30,21,9,1,75,75110,2,1,0,6,BOULEVARD DE MAGENTA,48.882857,2.350165,19,2,1
202100036912,135Â 722,A01,1,1,2,5,1,-1,-1,0,0,-1,2021,38.0,3,2,8,0,2,1,1,,4,,-1,,2,2,0,1,(1),(1),1,,4,1,0,4,50,1,6,1,85,85022,2,1,0,6,Rue du Lavoir,46.428954,-1.425176,18,2,1
202100010236,183Â 416,A01,1,1,1,5,1,-1,-1,0,0,-1,2021,34.0,2,2,8,0,0,1,1,,3,126,-1,,2,2,0,2,7,0,1,, -1,2,0,1,80,31,10,1,60,60241,1,1,0,7,Route DÃ©partementale 126,49.126522,2.635946,10,6,1
202100041204,127Â 955,A01,1,1,1,9,2,-1,-1,0,0,-1,2021,63.0,2,1,0,2,1,17,1,,2,1,0,,2,2,0,1,4,500,1,, -1,1,0,1,50,6,5,1,987,98715,2,2,0,3,route de ceinture PK 4.5,-17.584522,-149.568578,7,2,2
202100037853,133Â 999,A01,1,1,1,1,1,0,-1,-1, -1,-1,2021,21.0,3,2,3,0,9,1,1,,4,MARAIS(CHEMIN DES),0,,2,2,0,1,1,0,1,, -1,1,0,4,50,27,5,1,94,94028,2,1,0,6,MARAIS(CHEMIN DES),48.775962,2.435153,8,1,1
202100020201,165Â 525,A01,1,1,1,0,1,8,-1,-1, -1,-1,2021,18.0,1,2,0,2,1,17,1,,3,RD 444,0,,2,2,0,2,0,850,2,, -1,1,0,1,70,7,9,3,91,91377,1,1,0,5,RD 444,48.727033,2.244234,4,4,3
202100046173,119Â 234,A01,1,1,1,5,1,9,-1,0,0,-1,2021,32.0,3,2,6,0,7,1,1,,9,,0,,1,1,0,4,(1),(1),3,, -1,1,0,1,50,29,3,4,55,55215,2,9,0,7,27 Rue du Docteur Herique,48.51134,5.508631,22,1,1
202100037013,135Â 541,A01,10,3,2,1,0,-1,-1,2,2,1,2021,53.0,2,2,0,1,2,26,1,,4,AV JULES JULIEN,0,,1,4,1,1,(1),(1),1,, -1,1,0,5,50,1,6,1,31,31555,2,1,0,6,AV JULES JULIEN,43.57731,1.4506,7,2,1
202100039023,131Â 891,A01,1,1,1,5,1,-1,-1,0,0,-1,2021,85.0,1,2,2,0,1,14,6,,3,156,-1,,2,2,0,2,7,938,3,, -1,1,0,3,80,20,5,1,54,54394,1,1,0,6,D156,49.3514494157,5.8475589747,12,1,1
202100046475,118Â 714,B01,2,2,2,0,1,-1,-1,-1, -1,-1,2021,57.0,2,2,5,2,8,1,1,,1,AUTOROUTE A 10,0,,3,6,0,1,541,700,1,, -1,1,0,1,110,27,3,1,33,33397,1,1,0,3,AUTOROUTE A 10,44.893971,-0.498595,11,3,2
202100023453,159Â 702,A01,4,2,2,5,1,0,-1,0,0,-1,2021,52.0,2,3,0,1,2,1,1,3.0,4,RUE DE MENILMONTANT,0,,2,2,0,2,(1),(1),1,, -1,1,0,1,50,19,8,1,75,75120,2,2,0,6,RUE DE MENILMONTANT,48.86866,2.389649,15,4,1
202100027630,152Â 334,A01,10,3,2,3,0,-1,-1,2,3,1,2021,90.0,3,2,0,1,4,4,1,,6,,-1,,-1,2,0,1,(1),(1),1,,5,1,0,1,30,22,7,1,58,58046,2,1,1,6,Place d Aligre,46.869516,3.645601,10,2,1
202100037482,134Â 671,A01,1,1,1,5,2,6,9,0,0,-1,2021,32.0,1,1,12,0,4,1,1,,3,56,-1,,2,2,0,2,46,493,1,,4,1,0,1,50,30,5,1,71,71267,2,3,0,2,Route de Tournus - lieu-dit Fissy,46.492964,4.826185,15,2,2
202100016417,172Â 293,A01,1,1,1,5,2,-1,-1,0,0,-1,2021,60.0,1,0,0,1,1,1,3,,3,D4,0, -,2,2,0,1,0,0,1,, -1,1,0,1,50,28,9,1,57,57148,2,1,0,6,Rue de Pange,49.098684,6.324531,15,2,1
202100003857,194Â 860,A01,1,1,2,9,8,8,-1,-1, -1,-1,2021,22.0,1,1,0,1,3,1,5,,4,,0,,1,1,0,1,0,0,1,, -1,1,0,1,30,9,12,1,92,92049,2,1,0,6,PELLETAN RUE CAMILLE,48.8167489746,2.3094651103,10,2,1
202100024178,158Â 445,B01,1,1,1,4,0,-1,-1,0,0,-1,2021,48.0,1,6,0,2,2,19,1,,3,113,0,D,2,2,0,1,23,50,1,, -1,1,0,1,80,15,8,1,35,35163,1,9,0,3,La Barboterie,48.304109,-1.161935,11,2,2
202100005654,191Â 684,A01,1,1,2,5,1,0,-1,-1, -1,-1,2021,22.0,2,2,1,0,1,1,1,,4,GENERAL GIRAUD (BD DU),0,,1,1,0,1,0,0,1,, -1,2,0,1,30,28,11,5,94,94068,2,1,1,6,Boulevard du GÃ©nÃ©ral Giraud,48.79154,2.48232,3,1,1
202100017514,170Â 316,A01,2,2,2,0,1,0,-1,-1, -1,-1,2021,50.0,2,2,0,2,1,9,1,,3,GALLIENI (AVENUE),0,,-1,2,0,1,0,0,1,, -1,1,0,1,50,20,9,1,93,93053,2,3,0,3,GALLIENI (AVENUE),48.89633,2.46102,18,3,2
202100023254,160Â 047,B01,1,1,1,1,2,6,-1,-1, -1,-1,2021,52.0,1,1,0,2,1,1,1,,4,LOTI (RUE PIERRE),0,,2,2,0,1,0,0,1,, -1,1,0,1,50,19,8,1,87,87085,2,2,0,3,THUILLAT (RUE VICTOR),45.84963,1.25362,12,2,2
202100006024,191Â 029,A01,1,1,1,5,1,-1,-1,0,0,-1,2021,24.0,2,2,0,2,2,14,1,,1,6,-1,,2,5,0,1,398,200,1,, -1,2,0,1,130,28,11,3,71,71090,1,1,1,4,Autoroute A6 pk 398.200,46.223968,4.790726,7,6,5
202100044193,122Â 681,B01,1,1,1,5,2,-1,-1,0,0,-1,2021,42.0,2,1,0,2,1,1,1,,3,193,-1,,2,2,0,1,0,60,1,, -1,1,0,1,30,14,4,1,80,80010,2,1,0,1,9 Rue Sadi Carnot,49.756281,2.362552,11,3,2
202100046610,118Â 454,B01,1,1,2,5,1,-1,-1,-1, -1,-1,2021,42.0,2,2,0,2,7,1,1,,4,NERUDA (RUE PABLO),0,,2,2,1,1,(1),(1),1,, -1,2,0,1,50,25,3,1,33,33550,2,1,1,2,Rue Pablo Neruda,44.78589,-0.58145,12,2,2
202100021469,163Â 267,B01,1,1,1,0,8,0,-1,-1, -1,-1,2021,17.0,1,1,0,2,1,0,1,,4,PONT DE VIVAUX (BOULEVARD),0,,-1,2,0,1,0,0,1,, -1,1,0,1,50,31,8,1,13,13210,2,1,0,5,PONT DE VIVAUX (BOULEVARD),43.2811310803,5.4224586058,18,2,2
202100036508,136Â 447,A01,1,1,1,9,8,-1,-1,0,0,-1,2021,21.0,2,2,2,0,3,13,1,,3,35,0,,2,2,0,1,16,600,3,, -1,1,2,3,50,5,6,1,32,32462,2,1,0,6,PK 16+600 - Route de Mouchan - RD 35,43.76986,0.302363,8,1,1
202100025864,155Â 454,A01,2,2,1,5,1,-1,-1,0,0,-1,2021,20.0,2,2,13,0,1,1,1,,3,82,-1,F,2,2,0,1,1,1350,3,, -1,2,0,3,80,13,3,2,38,38124,1,1,1,6,Route de la ChÃ¨vre,45.605692,5.564356,18,2,1
202100038342,133Â 096,A01,1,1,1,0,2,0,-1,-1, -1,-1,2021,25.0,2,1,0,2,1,18,1,,3,RD810,0,,2,3,0,1,28,315,1,, -1,1,0,1,50,25,5,1,64,64545,2,1,0,2,RD810,43.37477,-1.6786,17,3,2
202100010885,182Â 272,A01,10,3,2,5,8,8,-1,5,2,1,2021,13.0,3,2,0,1,1,16,1,,4,LAC (AVENUE DU),0,,2,4,0,1,(1),(1),1,, -1,1,0,1,30,25,10,1,62,62617,2,1,0,6,LAC (AVENUE DU),50.476619,2.677968,16,2,1
202100017512,170Â 319,A01,1,1,1,0,2,4,-1,-1, -1,-1,2021,23.0,2,1,0,2,1,17,1,,3,RESISTANCE (AVENUE DE LA),0,,2,2,0,1,0,0,1,, -1,1,0,1,50,21,9,5,93,93062,2,3,0,3,RESISTANCE (AVENUE DE LA),48.89862,2.51687,22,2,2
202100020604,164Â 796,B01,1,1,1,1,2,-1,-1,0,0,-1,2021,31.0,2,1,0,2,1,21,1,,3,907,-1,,2,2,0,1,22,25,1,, -1,1,0,1,-1,6,9,1,58,58086,1,1,0,2,Route de Nevers,47.373971,2.922374,16,2,2
202100021743,162Â 767,A01,1,1,2,0,1,0,-1,-1, -1,-1,2021,33.0,1,2,0,2,1,1,1,,1,AUTOROUTE A1,0,,3,6,0,1,2,99,1,, -1,1,0,1,90,31,8,1,93,93066,1,1,0,2,AUTOROUTE A1,48.9205,2.35728,14,2,2
202100006285,190Â 561,A01,1,1,2,1,2,0,-1,0,0,-1,2021,35.0,1,1,0,2,4,1,5,,4,RUE MANIN,0,,2,2,0,1,(1),(1),1,, -1,2,0,1,30,25,11,5,75,75119,2,3,0,2,RUE MANIN,48.880422,2.379628,17,2,2
202100014759,175Â 332,B01,1,1,1,4,1,0,-1,-1, -1,-1,2021,31.0,1,3,0,2,2,1,1,1.0,4,LECLERC (DU MARECHAL),0,,2,4,3,1,(1),(1),1,, -1,1,0,1,50,6,10,1,974,97411,2,1,0,3,LECLERC (DU MARECHAL),-20.879776,55.450915,14,2,2
202100034370,140Â 304,A01,2,2,1,4,1,-1,-1,0,0,-1,2021,37.0,2,5,0,2,1,13,1,,2,88,0,,2,2,0,1,46,800,3,, -1,1,0,1,80,15,6,1,43,43218,1,1,0,1,RN 88,45.063185,4.01965,19,3,2
202100047680,116Â 527,A01,1,1,1,1,2,-1,-1,0,0,-1,2021,17.0,3,1,0,0,1,1,1,,3,62,-1,,2,2,0,1,(1),(1),1,, -1,1,0,1,70,18,3,1,50,50615,1,1,0,2,Route de la Ferme,49.510867,-1.491759,8,2,2
202100018139,169Â 194,B01,1,1,1,5,2,6,-1,-1, -1,-1,2021,18.0,1,1,0,2,2,3,1,,4,,0,,2,2,0,1,(1),(1),1,, -1,1,0,1,50,18,9,1,45,45234,2,1,0,3,155 Rue du Faubourg Saint Vincent,47.9119124247,1.9153547287,11,2,2
202100026063,155Â 099,A01,1,1,1,5,1,-1,-1,0,0,-1,2021,85.0,2,2,2,0,1,15,1,,4,00,0,C,2,2,0,1,0,0,1,0,"4,3",2,0,3,50,1,8,1,16,16236,2,3,1,6,Chemin de la Croix Ronde,45.566181,0.122263,13,1,1
202100050451,111Â 521,B01,1,1,1,4,1,0,-1,0,0,-1,2021,31.0,2,5,0,2,4,23,1,,3,LOURDES (AVENUE DE),0,,2,3,0,1,0,715,1,, -1,1,0,1,50,23,2,1,65,65331,2,9,0,4,LOURDES (AVENUE DE),43.2162,0.05476,10,3,3
202100012035,180Â 197,B01,1,1,1,0,2,6,-1,-1, -1,-1,2021,61.0,1,1,0,2,7,1,1,,4,ROGER SALENGRO (AVENUE),0,,1,2,0,1,0,0,1,, -1,1,0,1,50,19,10,1,13,13203,2,2,0,3,ROGER SALENGRO (AVENUE),43.31452,5.37054,14,2,2
202100000896,200Â 144,A01,1,1,1,4,2,0,-1,-1, -1,-1,2021,27.0,1,1,0,2,7,19,1,,4,PONT (CHEM. DU),0,,2,3,0,1,1,0,1,, -1,1,0,1,5,30,12,5,93,93010,2,1,0,3,PONT (CHEM. DU),48.9081322535,2.4896606701,19,2,2
202100050553,111Â 326,A01,2,2,1,0,2,8,-1,-1, -1,-1,2021,25.0,2,1,0,6,1,1,1,,2,m'tsapere-Nationale 2 (route),0,,2,2,0,1,0,0,1,, -1,1,0,1,50,21,2,3,976,97611,1,1,0,6,m'tsapere-Nationale 2 (route),-12.79392,45.21882,22,2,1
202100031744,145Â 016,A01,10,3,1,5,0,-1,-1,4,3,2,2021,3.0,1,2,0,1,2,15,1,,3,FOCH (AV),0,,2,2,0,1,1,0,1,, -1,2,5,1,30,29,6,2,94,94067,2,5,1,6,FOCH (AV),48.84483,2.42086,18,2,1
202100049834,112Â 668,A01,1,1,2,0,2,6,-1,0,0,-1,2021,14.0,1,1,0,2,1,1,1,,3,927,-1,,2,2,0,1,4,290,1,, -1,1,0,1,50,1,3,1,60,60395,2,3,0,3,Rue Aristide Briand,49.2253963622,2.1315443418,17,2,2
202100021418,163Â 368,A01,1,1,2,5,1,-1,-1,-1, -1,-1,2021,32.0,3,2,8,0,2,1,1,,4,GALLIENI                            (PT),0,,2,5,1,1,(1),(1),1,, -1,1,0,1,50,1,9,5,69,69387,2,1,0,6,GALLIENI (PT),45.74801,4.83308,2,1,1
202100009386,184Â 923,A01,1,1,2,0,1,0,-1,-1, -1,-1,2021,36.0,2,2,5,0,1,1,1,,1,A86 EXT,0,,-1,2,0,1,63,215,1,, -1,2,3,1,70,5,11,4,78,78322,1,1,0,6,A86 EXT,48.78088,2.17026,3,1,1
202100038962,131Â 993,A01,1,1,1,9,2,6,-1,0,0,-1,2021,28.0,2,1,0,2,9,3,1,,4,AVENUE MARCEAU,0,,2,5,0,1,(1),(1),1,, -1,1,0,1,50,20,5,1,75,75116,2,2,0,5,AVENUE MARCEAU,48.867448,2.299236,12,3,3
202100015931,173Â 188,B01,1,1,1,0,0,0,-1,-1, -1,-1,2021,30.0,0,1,0,2,1,1,5,,7,CONDAMINE (AVENUE DE LA),0,,2,2,0,2,(1),(1),1,, -1,1,0,1,70,30,9,2,6,6159,1,4,0,1,CONDAMINE (AVENUE DE LA),43.716582,7.321658,19,2,2
202100023578,159Â 492,A01,1,1,1,0,1,0,-1,-1, -1,-1,2021,42.0,2,2,0,2,2,2,1,,3,ESPAGNE (AVENUE D'),0,,2,2,0,2,10,838,1,, -1,1,0,1,50,18,8,1,64,64024,2,3,0,2,ESPAGNE (AVENUE D'),43.47479,-1.53061,17,2,2
202100008944,185Â 727,B01,1,1,1,4,1,0,-1,-1, -1,-1,2021,38.0,1,5,0,2,2,1,1,,7,GAMBETTA (BOULEVARD),0,,2,2,1,1,(1),(1),1,, -1,1,0,1,50,7,11,5,59,59599,2,1,0,3,GAMBETTA (BOULEVARD),50.71501,3.15862,20,2,2
202100010641,182Â 717,B01,1,1,1,0,2,-1,-1,0,0,-1,2021,55.0,1,1,0,2,1,1,5,,3,12,0,D,2,2,0,2,23,700,1,, -1,1,0,1,80,29,10,1,74,74079,1,4,0,3,D12,45.857447,6.329311,12,2,2
202100043363,124Â 156,A01,10,3,1,0,0,-1,-1,3,3,1,2021,17.0,-1,5,0,1,6,4,1,,3,PARIS RUE DE,0,,2,2,0,1,238,0,1,, -1,1,0,1,50,19,4,1,93,93045,2,1,0,6,PARIS RUE DE,48.88303,2.4265,20,3,2
202100036795,135Â 937,A01,2,2,1,1,8,0,-1,-1, -1,-1,2021,17.0,3,1,0,0,2,26,1,,4,AMBROISE PARE,0,,-1,2,0,1,1,0,1,, -1,1,0,1,50,1,6,1,49,49007,2,1,0,7,AMBROISE PARE,47.4740455784,-0.5753231049,8,2,1
202100020340,165Â 278,B01,1,1,1,1,0,0,-1,-1, -1,-1,2021,28.0,2,1,0,0,0,1,5,,4,L'EUROPE (AV DE),0,,1,2,0,1,1,0,1,, -1,1,0,1,50,7,9,1,94,94015,2,9,0,3,Avenue de lâEurope,48.834531,2.530206,9,2,2
202100046013,119Â 510,A01,1,1,1,5,1,-1,-1,0,0,-1,2021,82.0,1,2,0,2,1,13,1,,3,11,-1,,2,2,0,1,9,633,1,, -1,1,0,1,80,29,3,1,33,33523,1,1,1,1,,44.747499,-0.264589,17,2,2
202100016968,171Â 291,B01,1,1,1,0,0,-1,-1,0,0,-1,2021,24.0,1,1,0,2,7,25,0,,4,VAUCELLES (PONT DE),0,,2,3,0,1,1,0,1,, -1,1,9,8,50,24,9,1,14,14118,2,1,0,3,VAUCELLES (PONT DE),49.17674,-0.35448,18,2,2
202100014489,175Â 811,A01,1,1,1,5,1,-1,-1,0,0,-1,2021,22.0,1,2,0,2,3,13,1,,3,674,-1,,2,2,0,3,9,60,1,, -1,1,0,1,80,8,10,1,54,54146,1,1,0,1,route dÃ©partementale 674,48.5783107172,5.887298584,11,2,2
202100032372,143Â 899,A01,10,3,1,9,8,-1,-1,1,9,1,2021,65.0,3,4,0,1,8,23,6,,4,,-1,,-1,2,0,2,(1),(1),1,,5,1,0,8,30,10,6,1,57,57117,2,9,1,6,L Oree du Bois,49.335414,6.328458,14,2,1
202100028583,150Â 627,A01,2,2,1,1,1,-1,-1,0,0,-1,2021,20.0,0,2,6,0,1,0,1,,3,909,-1,D,2,2,0,1,0,600,3,, -1,1,0,3,50,18,7,1,60,60346,2,1,0,6,Avenue de Royaumont,49.161544,2.387359,6,3,1
202100051340,109Â 903,A01,1,1,2,1,1,-1,-1,0,0,-1,2021,46.0,1,2,2,0,7,14,1,,3,35,-1,,2,2,0,1,7,300,2,, -1,1,0,3,80,16,2,2,74,74150,1,1,0,6,D35,46.26744,6.323227,17,1,1
202100047982,115Â 974,A01,10,3,1,5,0,-1,-1,0,1,1,2021,67.0,1,2,0,9,2,0,1,,3,604,-1,,2,2,0,1,3,500,1,, -1,2,0,1,90,16,3,1,57,57168,1,1,1,6,D604,48.767071,7.294408,15,2,1
202100035712,137Â 877,A01,1,1,1,1,2,-1,-1,-1, -1,-1,2021,56.0,1,1,0,2,1,2,1,,3,COUTANCES (ROUTE DE),0,,-1,0,0,1,1,622,1,, -1,1,0,1,30,8,6,1,50,50165,2,1,0,2,COUTANCES (ROUTE DE),48.844341,-1.58572,7,2,2
202100013892,176Â 866,A01,1,1,2,2,8,0,-1,0,0,-1,2021,15.0,1,1,12,0,1,1,5,,4,RUE LECOURBE,0,,1,0,1,1,(1),(1),1,, -1,1,0,1,30,11,10,1,75,75115,2,2,0,6,RUE LECOURBE,48.842015,2.300628,14,1,1
202100046223,119Â 148,B01,1,1,1,0,2,0,-1,-1, -1,-1,2021,58.0,1,1,0,2,1,1,1,,3,CORNICHE (ROUTE DE LA),0,,2,2,0,1,4,500,1,, -1,1,0,1,70,28,3,1,64,64545,1,3,0,1,CORNICHE (ROUTE DE LA),43.3864,-1.711225,16,3,2
202100055132,103Â 267,A01,1,1,1,1,1,-1,-1,0,0,-1,2021,29.0,1,2,6,0,2,1,1,,3,3,-1,,2,2,0,4,26,225,2,, -1,2,0,4,50,14,1,5,86,86297,2,1,0,6,2 Route de la Torchaise,46.561821,0.277987,20,1,1
202100020888,164Â 312,B01,1,1,1,5,2,6,-1,-1, -1,-1,2021,54.0,1,1,0,2,8,1,1,,3,FOCH (AV),0,,2,1,0,1,1,0,1,, -1,1,0,1,30,4,9,1,94,94068,2,4,0,3,Carrefour du 8 Mai 1945,48.802033,2.49255,16,2,2
202100011693,180Â 829,A01,1,1,1,5,2,6,-1,0,0,-1,2021,68.0,1,1,0,0,8,1,1,,3,668,0,D,2,2,0,1,1,700,2,, -1,1,0,3,80,22,10,1,201,201139,2,1,0,7,D668,41.655599,9.320719,15,1,1
202100042211,126Â 173,B01,1,1,2,9,2,0,-1,0,0,-1,2021,46.0,1,0,0,2,1,17,3,,4,AVENUE DE VERSAILLES,0,,2,4,0,1,(1),(1),1,, -1,1,0,1,50,28,4,1,75,75116,2,2,0,3,AVENUE DE VERSAILLES,48.845295,2.271591,14,2,2
202100028545,150Â 696,A01,1,1,1,5,2,6,-1,0,0,-1,2021,27.0,1,1,0,2,1,6,1,,3,541,0,,2,2,0,2,4,432,1,, -1,1,0,1,70,7,7,1,26,26073,1,1,0,1,Route de Valaurie,44.407094,4.827906,17,2,2
202100033721,141Â 486,A01,1,1,1,5,2,-1,-1,0,0,-1,2021,70.0,1,1,0,0,9,1,5,,3,990,0,D,2,2,2,1,21,500,1,, -1,1,-1,5,50,19,6,1,73,73124,2,1,1,6,D990 Route de ChambÃ©ry,45.657428,6.350183,11,1,1
202100050623,111Â 203,B01,1,1,1,4,2,-1,-1,0,0,-1,2021,30.0,3,1,0,2,1,1,1,,4,,-1,,2,2,0,1,(1),(1),1,, -1,1,0,1,30,23,2,1,49,49123,2,3,0,3,Rue du PavÃ© de Riou,47.227423,-0.117202,17,2,2
202100023303,159Â 963,A01,1,1,2,5,1,4,-1,-1, -1,-1,2021,22.0,3,2,0,2,3,1,6,,4,DE SAINT LOUIS AU ROVE (chemin),0,,3,2,0,1,0,0,1,, -1,1,0,1,50,18,8,1,13,13215,2,1,0,3,DE SAINT LOUIS AU ROVE (chemin),43.3506411528,5.35428003,18,2,2
202100010769,182Â 485,A01,1,1,1,0,8,-1,-1,0,0,-1,2021,81.0,0,2,0,2,8,9,1,,3,412,-1,,2,2,0,1,0,10,1,, -1,1,0,1,80,27,10,1,51,51508,1,2,1,3,D412,48.6198627435,4.4175586945,16,2,2
202100040536,129Â 151,B01,1,1,1,5,2,0,-1,-1, -1,-1,2021,4.0,3,1,0,2,1,19,0,,3,7,0,,2,2,0,1,0,0,1,, -1,1,5,1,50,30,4,1,92,92004,2,3,0,6,JEAN DUSSOURD,48.90709,2.2915,18,2,2
202100010457,183Â 030,A01,1,1,1,0,2,6,-1,-1, -1,-1,2021,54.0,1,1,0,2,1,2,1,,1,AUTOROUTE A10,0,,3,6,0,1,9,550,1,, -1,2,0,1,90,29,10,1,91,91661,1,1,1,2,AUTOROUTE A10,48.6977,2.2407,13,2,2
202100009292,185Â 091,A01,10,3,2,5,0,-1,-1,2,3,1,2021,67.0,1,1,0,1,1,5,3,,4,RUE DE LA ROQUETTE,0,,1,1,0,1,(1),(1),1,, -1,1,0,1,30,5,11,1,75,75111,2,1,0,6,RUE DE LA ROQUETTE,48.856591,2.377371,15,2,1
202100055728,102Â 252,A01,1,1,1,0,1,-1,-1,0,0,-1,2021,92.0,2,2,6,0,1,1,1,,7,30,0,,2,2,0,2,20,950,1,, -1,1,5,8,50,9,1,2,69,69127,2,2,0,6,MARCEL MERIEUX (AV),45.779276,4.705662,17,1,1
202100008631,186Â 313,A01,1,1,1,5,2,-1,-1,0,0,-1,2021,58.0,2,1,0,0,0,1,6,,3,238,0,D,2,2,0,1,16,268,1,, -1,2,0,1,50,11,11,1,62,62105,2,1,0,7,245 Route de Wierre-Effroy,50.746193,1.758779,11,1,1
202100035660,137Â 969,A01,1,1,1,1,2,0,-1,-1, -1,-1,2021,25.0,2,1,0,2,9,3,1,,1,A4,0,,3,3,0,2,12,699,1,, -1,1,0,1,110,9,6,1,93,93051,1,1,0,3,A4,48.837021,2.547829,7,3,3
202100056299,101Â 264,C01,1,1,1,4,1,-1,-1,0,0,-1,2021,45.0,2,4,0,2,3,1,1,,3,86,0,,2,2,0,1,77,400,1,, -1,2,0,1,50,5,1,1,7,7181,2,1,0,4,RD86,44.739593,4.742022,9,4,4
202100030324,147Â 560,B01,1,1,2,0,1,-1,-1,-1, -1,-1,2021,27.0,1,2,0,2,4,1,1,,4,PIERRE SEMARD                       (AV),0,,2,3,2,2,(1),(1),1,, -1,2,2,1,50,6,7,2,69,69259,2,1,1,4,PIERRE SEMARD (AV),45.7088948859,4.8760816455,20,4,3
202100040229,129Â 690,A01,1,1,1,5,2,6,-1,-1, -1,-1,2021,21.0,2,1,0,2,3,13,1,,3,STALINGRAD (BD DE),0,,1,2,0,1,1,0,1,, -1,1,0,1,50,12,5,1,94,94041,2,1,0,3,STALINGRAD (BD DE),48.80501,2.3767,20,3,2
202100001607,198Â 928,B01,1,1,1,5,8,0,-1,0,0,-1,2021,39.0,3,1,0,2,1,1,5,,4,NOBEL (RUE ALFRED),0,,2,2,0,1,(1),(1),1,, -1,1,0,1,50,23,12,5,27,27229,2,3,0,3,MONOD (RUE JACQUES),49.0217166232,1.1816073151,19,2,2
202100027830,151Â 969,A01,1,1,2,0,8,-1,-1,0,0,-1,2021,34.0,2,2,0,2,1,15,1,,3,921,0,,2,2,0,1,63,430,1,, -1,1,5,1,70,21,7,2,45,45193,1,5,0,1,D921-PR 63 + 430,47.799478,2.07839,20,2,2
202100030130,147Â 921,A01,1,1,1,5,2,6,-1,-1, -1,-1,2021,28.0,2,1,0,2,8,18,1,,1,A12 W,0,,3,7,0,1,1,799,1,, -1,1,0,1,110,8,7,1,78,78043,1,1,0,3,A12 W,48.83083,2.08279,18,2,2
202100029049,149Â 814,A01,1,1,1,5,2,6,-1,0,0,-1,2021,55.0,2,1,10,0,1,2,1,,3,,0,,3,2,0,1,3,270,3,,4,1,9,8,50,14,7,5,83,83112,2,1,0,7,boulevard du MarÃ©chal Juin,43.1814606058,5.7034170628,22,1,1
202100032003,144Â 539,A01,2,2,2,0,1,0,-1,-1, -1,-1,2021,63.0,3,2,0,2,7,26,1,,3,DROITS DE LHOMME (CARREFOUR DES),0,,1,2,0,1,0,1,1,, -1,1,5,1,50,27,6,1,93,93005,2,6,0,3,Rond-Point des Droits de l'Homme,48.930109,2.481736,19,4,2