Num_Acc,id_vehicule,num_veh,place,catu,sexe,trajet,secu1,secu2,secu3,locp,actp,etatp,year_acc,victim_age,senc,catv,obs,obsm,choc,manv,motor,occutc,catr,voie,v1,v2,circ,nbv,vosp,prof,pr,pr1,plan,lartpc,larrout,surf,infra,situ,vma,jour,mois,lum,dep,com,agg_,int,atm,col,adr,lat,long,hour,nb_victim,nb_vehicules
202100034137,140Â 743,B01,1,1,1,0,2,0,-1,-1, -1,-1,2021,24.0,2,1,0,2,1,17,1,,3,19,0,,2,4,0,1,0,0,1,, -1,1,0,1,50,13,6,5,92,92036,2,3,0,3,BAS ( RUE DES ),48.9191165847,2.290260646,23,2,2
202100053024,106Â 943,B01,1,1,1,2,2,-1,-1,0,0,-1,2021,16.0,1,1,0,2,1,1,1,,3,D1,-1,,2,2,0,3,14,0,1,, -1,1,0,1,80,26,1,1,22,22176,1,2,0,3,Rue de Bel Air,48.449995,-2.700083,8,2,2
202100017743,169Â 908,B01,1,1,1,5,2,6,-1,0,0,-1,2021,45.0,2,1,0,2,1,1,1,,3,751,0,,2,2,0,1,15,900,1,, -1,1,0,1,50,22,9,2,37,37138,2,3,1,1,D751,47.3987963279,0.9293611273,19,2,2
202100006066,190Â 959,A01,10,3,2,5,8,-1,-1,2,3,2,2021,27.0,3,2,0,1,1,1,1,,3,D916,-1,A,2,2,0,1,6,800,1,, -1,2,0,1,50,27,11,5,60,60524,2,1,1,6,Avenue Jean Jaures,49.323706,2.442146,19,2,1
202100028866,150Â 122,B01,1,1,1,0,2,8,-1,-1, -1,-1,2021,27.0,1,1,0,2,1,1,1,,3,JEAN JAURES (R),0,,-1,4,0,1,1,0,1,, -1,1,0,1,50,14,7,5,94,94046,2,3,0,3,Rue Jean JaurÃ¨s,48.79042,2.43511,21,2,2
202100013713,177Â 191,B01,1,1,1,2,8,0,-1,-1, -1,-1,2021,11.0,1,1,0,2,3,26,0,,4,MEAUX RUE DE,0,,2,2,0,1,1,0,1,, -1,1,0,1,50,12,10,2,93,93074,2,3,0,1,MEAUX RUE DE,48.9364679764,2.5819439517,7,2,2
202100037550,134Â 541,B01,1,1,2,0,1,0,-1,-1, -1,-1,2021,30.0,1,2,0,2,4,1,1,,1,AUTOROUTE A1,0,,3,7,0,1,12,0,1,, -1,1,0,1,110,29,5,1,93,93005,1,1,0,2,AUTOROUTE A1,48.96098,2.4689,19,3,2
202100015910,173Â 229,B01,1,1,2,1,1,4,-1,-1, -1,-1,2021,29.0,2,2,0,2,4,1,1,,4,Daniel Mayer,0,,2,2,1,1,(1),(1),1,, -1,1,0,1,50,30,9,1,37,37261,2,1,0,2,Daniel Mayer,47.4186450092,0.6942616693,9,2,2
202100048075,115Â 815,B01,1,1,1,5,2,6,-1,0,0,-1,2021,32.0,2,1,0,2,1,1,1,,3,,0,,2,2,0,2,46,763,1,, -1,1,0,1,50,15,3,1,85,85089,2,3,0,5,162 Rue Nationale,46.710041,-1.319663,9,3,3
202100024180,158Â 443,A01,1,1,1,5,2,6,-1,0,0,-1,2021,64.0,2,1,0,6,1,0,1,,3,518,0,,2,2,0,1,70,300,3,, -1,1,0,1,80,14,8,2,38,38463,1,1,0,6,Route de Varacieux,45.191194,5.346984,6,1,1
202100056122,101Â 565,A01,1,1,1,9,8,0,-1,-1, -1,-1,2021,50.0,1,2,0,0,0,21,1,,3,RD 188 CHEVREUSE,0,,-1,3,0,1,8,500,1,, -1,2,0,1,80,5,1,3,91,91471,1,1,0,3,RD 188 CHEVREUSE,48.69344,2.19063,21,2,2
202100038887,132Â 121,A01,1,1,1,5,8,0,-1,-1, -1,-1,2021,22.0,3,2,6,0,3,26,1,,4,RUE COLLENOT,0,,1,1,0,1,0,0,3,, -1,1,0,3,20,22,5,5,91,91103,2,1,0,7,RUE COLLENOT,48.60743,2.31193,0,1,1
202100038463,132Â 894,A01,10,3,2,0,0,-1,-1,3,3,1,2021,82.0,2,2,0,1,1,1,1,,3,207,0,,2,2,0,2,0,0,1,, -1,1,5,1,50,25,5,1,202,202042,2,6,1,-1,Route de la gare,42.562309,9.441362,12,2,1
202100027073,153Â 328,A01,1,1,2,0,8,0,-1,0,0,-1,2021,22.0,1,2,14,0,1,1,1,,3,CROIX GIBAT (RUE DE LA),0,,4,2,0,1,(1),(1),2,, -1,4,5,1,50,7,7,1,22,22360,1,6,1,7,CROIX GIBAT (RUE DE LA),48.4744427068,-2.720807075,16,1,1
202100055226,103Â 105,A01,1,1,1,5,1,0,-1,-1, -1,-1,2021,57.0,2,2,8,0,1,13,1,,3,GENERAL DE GAULLE (AVENUE),0,,1,1,0,1,1,0,3,, -1,2,0,1,50,13,1,1,93,93050,2,3,1,6,GENERAL DE GAULLE (AVENUE),48.85715,2.53086,10,1,1
202100006695,189Â 813,B01,1,1,2,1,1,8,-1,-1, -1,-1,2021,46.0,1,2,0,2,4,2,1,,4,CHARLES KADDOUZ (RUE),0,,2,2,0,1,0,0,1,, -1,1,0,1,50,23,11,5,13,13212,2,1,0,4,CHARLES KADDOUZ (RUE),43.3150113384,5.4335890989,17,2,2
202100053275,106Â 506,A01,1,1,1,5,2,0,-1,-1, -1,-1,2021,69.0,1,1,0,2,4,15,5,,3,GEORGES SUANT (RUE),0,,2,2,0,1,0,0,1,, -1,1,0,1,50,29,1,1,92,92002,2,3,0,3,GEORGES SUANT (RUE),48.7438797859,2.2841907755,10,2,2
202100012868,178Â 724,B01,1,1,1,1,2,6,-1,0,0,-1,2021,55.0,2,1,0,2,1,1,1,,4,ROUTE DE LA PTE DAUPHINE A LA PTE DES SA,0,,3,2,0,1,(1),(1),1,, -1,1,0,1,50,16,10,1,75,75116,2,1,0,3,ROUTE DE LA PTE DAUPHINE A LA PTE DES SA,48.874406,2.271366,17,2,2
202100038372,133Â 048,A01,1,1,1,0,1,-1,-1,-1, -1,-1,2021,25.0,2,2,0,2,2,1,1,,4,AVE DE LABARDE,0,,2,2,0,1,(1),(1),1,, -1,1,0,1,80,25,5,1,33,33063,1,3,0,2,Avenue de Labarde,44.906812137,-0.5557611401,10,2,2
202100032856,143Â 039,B01,1,1,1,5,2,6,-1,-1, -1,-1,2021,62.0,2,1,0,2,1,13,1,,3,ESPAGNE (AVENUE D'),0,,2,1,0,1,19,45,1,, -1,2,0,1,50,22,6,1,64,64125,2,1,1,3,ESPAGNE (AVENUE D'),43.43032,-1.59929,13,2,2
202100042925,124Â 941,A01,1,1,1,1,0,0,-1,-1, -1,-1,2021,25.0,1,1,0,2,7,1,3,,4,VOIE DES ROSES ,0,,2,2,0,1,1,0,1,, -1,1,0,1,50,23,4,1,94,94022,2,1,0,3,VOIE DES ROSES (IMP DE LA),48.772129,2.40677,7,2,2
202100040211,129Â 722,A01,1,1,1,1,1,8,-1,0,0,-1,2021,24.0,3,2,6,0,1,14,1,,3,PLASCASSIER - LE ROURE DE LA GACHE (ROUT,0,,2,2,0,2,18,147,3,, -1,1,0,1,50,12,5,1,6,6069,1,1,0,6,PLASCASSIER - LE ROURE DE LA GACHE (ROUT,43.651093,6.960114,5,1,1
202100005512,191Â 943,B01,1,1,1,0,2,4,-1,-1, -1,-1,2021,62.0,2,1,0,2,1,26,1,,4,POTENCES (CHEMIN DES),0,,2,2,0,1,0,0,1,, -1,1,0,1,50,29,11,1,30,30007,2,1,0,3,POTENCES (CHEMIN DES),44.148384,4.094334,8,2,2
202100037311,134Â 979,A01,1,1,1,0,2,8,-1,-1, -1,-1,2021,31.0,1,1,0,2,7,19,0,,4,ROMAINVILLE (RUE DE),0,,2,2,0,3,1,0,1,, -1,1,0,1,50,31,5,1,93,93048,2,2,0,3,Rue de Romainville / Rue Jean Baptiste Lamarck,48.872706,2.446772,21,2,2
202100043082,124Â 666,A01,10,3,2,5,0,-1,-1,2,3,1,2021,69.0,1,5,0,1,1,1,1,,9,,-1,,1,1,0,1,(1),(1),2,, -1,1,0,1,50,23,4,1,84,84137,2,9,0,1,Cours Taulignan,44.241763,5.077009,10,2,1
202100046036,119Â 470,A01,10,3,1,5,0,-1,-1,1,3,1,2021,79.0,0,5,0,1,3,26,1,,4,,0,,2,2,0,1,(1),(1),1,, -1,1,0,1,50,30,3,1,38,38377,2,1,0,6,Rue RenÃ© Duchamp,45.566975,5.45049,10,2,1
202100013657,177Â 299,B01,1,1,2,1,1,0,-1,-1, -1,-1,2021,54.0,2,2,0,2,4,2,0,,7,D980,0,,3,4,0,1,1,879,1,, -1,1,0,1,90,11,10,1,31,31555,1,1,0,2,D980,43.59796,1.36407,9,2,2
202100031804,144Â 913,B01,4,2,1,0,3,-1,-1,-1, -1,-1,2021,5.0,2,2,0,2,4,2,1,,1,AUTOROUTE A 63,0,,3,4,0,1,8,300,1,, -1,1,0,1,110,25,6,1,33,33122,1,1,0,2,,44.74163,-0.70913,16,5,2
202100034441,140Â 169,B01,1,1,1,0,0,0,-1,-1, -1,-1,2021,58.0,2,1,0,2,1,1,5,,3,JACQUES KABLE (R),0,,2,2,0,2,1,0,1,, -1,1,0,1,50,14,6,1,94,94052,2,2,0,3,Rue Jacques KablÃ©,48.8358,2.4886,19,2,2
202100041740,127Â 002,A01,2,2,2,5,1,0,-1,-1, -1,-1,2021,37.0,1,5,0,2,6,1,1,,1,A7-Sens Lyon vers Marseille,0,,1,3,0,1,267,500,1,, -1,2,0,1,110,1,5,1,13,13071,1,1,1,2,A7-Sens Lyon vers Marseille,43.4040731486,5.3021907806,12,3,2
202100007689,188Â 009,A01,1,1,1,1,2,0,-1,-1, -1,-1,2021,57.0,2,1,14,0,1,1,1,,4,17,0,,2,2,0,1,0,0,1,, -1,2,0,1,50,17,11,3,92,92024,2,1,0,6,HENRI BARBUSSE (RUE) DE (1 A 73)   (2 A,48.90111,2.30857,7,1,1
202100028129,151Â 424,A01,10,3,1,5,0,-1,-1,1,5,2,2021,4.0,2,2,0,1,7,1,1,,4,PALUSTRE (RUE LEOPOLD),0,,2,2,0,1,0,0,1,, -1,1,0,1,50,17,7,1,49,49328,2,1,0,6,PALUSTRE (RUE LEOPOLD),47.27051,-0.10447,19,2,1
202100044352,122Â 393,A01,1,1,1,0,8,0,-1,-1, -1,-1,2021,73.0,3,2,12,0,2,0,1,,4,Z I CALIFORNIE,0,,-1,0,0,1,5,99,1,, -1,1,0,1,50,11,4,1,972,97213,2,1,0,6,Z I CALIFORNIE,14.61106,-61.02718,15,1,1
202100041176,127Â 997,A01,1,1,1,5,2,-1,-1,0,0,-1,2021,63.0,0,1,0,2,1,0,1,,4,11,-1,,-1,2,0,1,(1),(1),4,, -1,1,0,1,80,7,5,1,85,85064,1,1,0,1,LA GARNAUDERIE,46.823762,-1.243966,14,2,2
202100003827,194Â 910,A01,10,3,1,5,0,-1,-1,3,3,1,2021,11.0,2,1,0,1,1,17,1,,4,RUE BELGRAND,0,,2,2,0,1,(1),(1),1,, -1,1,0,1,30,8,12,1,75,75120,2,3,0,6,RUE BELGRAND,48.864624,2.405623,10,2,1
202100015719,173Â 570,B01,1,1,2,0,1,0,-1,-1, -1,-1,2021,56.0,1,2,0,2,4,2,2,,2,RN12 EXT,0,,3,2,0,1,37,200,1,, -1,2,1,1,70,1,10,5,78,78321,1,1,1,2,RN12 EXT,48.797923,1.912266,21,5,2
202100054420,104Â 479,B01,3,2,2,0,1,8,-1,-1, -1,-1,2021,2.0,1,2,0,2,1,1,1,,3,THOMAS (AV ALBERT),0,,2,2,0,1,3,498,1,, -1,1,0,1,50,19,1,1,81,81004,2,1,0,1,THOMAS (AV ALBERT),43.9462,2.15158,7,3,2
202100042895,124Â 992,A01,1,1,2,5,8,0,-1,-1, -1,-1,2021,10.0,3,1,0,2,8,1,5,,4,JEAN MOULIN (RUE),0,,-1,2,0,1,(1),(1),1,, -1,1,0,1,30,23,4,1,10,10081,2,3,0,3,JEAN MOULIN (RUE),48.3083,4.03534,16,2,2
202100020136,165Â 632,A01,10,3,1,5,0,-1,-1,2,3,1,2021,86.0,1,2,0,1,8,15,1,,4,SIMIAND FRANCOIS (PLACE),0,,1,1,0,1,1,0,2,, -1,1,0,1,30,8,9,1,92,92019,2,1,0,6,SIMIAND FRANCOIS (PLACE),48.7634308285,2.259337306,11,2,1
202100005962,191Â 136,A01,1,1,2,1,1,-1,-1,-1, -1,-1,2021,45.0,2,2,0,2,1,1,1,,3,PRESIDENT ALLENDE BOULEVARD,0,,3,4,0,2,54,100,1,, -1,2,2,1,50,26,11,1,29,29232,2,1,1,2,Boulevard President Allende,47.99219,-4.07344,12,2,2
202100034748,139Â 598,B01,1,1,1,5,2,0,-1,0, -1,-1,2021,58.0,2,1,0,2,1,1,0,,3,RD810,0,,2,2,0,4,27,465,1,, -1,1,0,1,30,12,6,1,64,64545,2,3,0,3,11 Rue Paul GÃ©los,43.378464,-1.6708229,9,2,2
202100007148,188Â 992,A01,10,3,2,2,0,-1,-1,5,3,1,2021,15.0,1,1,0,1,1,19,1,,4,PIERRE DELORE                       (R ),0,,2,2,0,1,(1),(1),1,, -1,1,0,1,50,18,11,1,69,69388,2,4,0,6,PIERRE DELORE (R),45.73839,4.85264,7,2,1
202100045491,120Â 422,B01,1,1,1,0,2,-1,-1,0,0,-1,2021,32.0,2,1,0,2,8,17,1,,3,986,0,L,2,2,0,1,1,350,1,, -1,1,0,1,80,3,4,1,30,30317,1,2,0,3,RD 986L,43.92309,4.562888,10,2,2
202100007544,188Â 258,B01,1,1,1,0,8,0,-1,-1, -1,-1,2021,28.0,2,2,0,2,6,1,1,,2,RN12,0,,1,3,0,1,24,399,1,, -1,1,0,1,90,17,11,3,78,78646,1,1,0,2,RN12,48.793511,2.077882,21,2,2
202100055858,102Â 035,A01,1,1,2,5,2,6,-1,-1, -1,-1,2021,54.0,1,1,0,2,1,16,1,,4,VICTOR HUGO (DE 47 A FIN),0,,1,2,0,1,0,0,1,, -1,1,9,1,50,8,1,1,92,92026,2,9,0,2,Rue Victor Hugo,48.894517,2.258386,16,2,2
202100013794,177Â 044,A01,1,1,1,0,1,8,-1,-1, -1,-1,2021,37.0,1,5,0,2,7,14,1,,1,AUTOROUTE A1,0,,1,6,0,1,33,99,1,, -1,1,0,1,110,12,10,3,60,60494,1,1,0,3,AUTOROUTE A1,49.1324469179,2.560923001,20,2,2
202100041849,126Â 817,A01,9,2,2,5,1,-1,-1,0,0,-1,2021,21.0,3,2,13,0,7,1,1,,4,,-1,,2,2,0,1,(1),(1),2,,4,2,0,3,80,1,5,1,27,27065,1,1,0,6,la varenne 27210,49.341133,0.37184,16,4,1
202100025187,156Â 641,B01,1,1,1,5,1,-1,-1,0,0,-1,2021,29.0,1,2,0,2,6,2,1,,3,117,0,,2,2,0,2,4,500,1,, -1,1,0,1,-1,7,8,1,44,44173,1,1,0,2,La FuseliÃ¨re,47.087511,-1.327634,13,2,2
202100035094,138Â 967,A01,10,3,2,0,0,-1,-1,4,3,1,2021,19.0,1,2,0,1,2,16,1,,4,STALINGRAD RUE DE,0,,2,2,0,1,0,0,1,, -1,1,0,1,50,11,6,1,92,92050,2,2,0,6,STALINGRAD RUE DE,48.89415,2.19584,13,2,1
202100002758,196Â 837,B01,1,1,1,9,1,0,-1,-1, -1,-1,2021,46.0,3,2,14,2,4,23,6,,3,SECRETAIN (AVENUE ROGER),0,,2,4,0,1,(1),(1),1,, -1,2,1,1,50,14,12,2,45,45234,2,1,1,2,Avenue Roger Secretain,47.8892406654,1.8950557709,17,3,2
202100037071,135Â 437,A01,10,3,1,2,0,-1,-1,3,3,1,2021,9.0,1,2,0,1,2,15,0,,4,MONTGUICHET  (CHEMIN DE),0,,2,2,0,2,1,0,1,, -1,1,6,8,50,31,5,1,93,93032,2,3,0,6,Chemin de Montguichet / Rue Watteau,48.8843,2.54732,11,2,1
202100033306,142Â 236,A01,1,1,2,1,1,-1,-1,-1, -1,-1,2021,48.0,1,2,8,2,1,19,1,,4,DUQUESNE                            (R ),0,,3,2,3,1,(1),(1),1,, -1,1,0,1,50,14,6,1,69,69386,2,2,0,3,DUQUESNE (R),45.7728,4.846539,9,2,2
202100020086,165Â 719,A01,1,1,1,0,1,0,-1,-1, -1,-1,2021,54.0,1,2,0,2,1,0,1,,7,LITTORAL (CHEMIN DU),0,,1,2,0,1,(1),(1),4,, -1,1,8,1,50,8,9,1,13,13216,1,1,0,3,LITTORAL (CHEMIN DU),43.3471645769,5.3442537598,10,2,2
202100001837,198Â 514,B01,5,2,1,0,1,8,-1,-1, -1,-1,2021,8.0,1,2,0,2,4,1,1,,1,AUTOROUTE A1,0,,3,8,3,1,2,0,1,, -1,1,0,1,70,21,12,5,972,97213,1,1,0,2,AUTOROUTE A1,14.618011,-61.033086,17,5,2
202100045702,120Â 051,A01,10,3,1,5,0,-1,-1,3,3,1,2021,78.0,2,2,0,1,1,15,1,,3,4,0,D,2,2,0,1,(1),(1),1,, -1,1,2,1,50,2,4,1,38,38087,2,3,0,6,Chemin des Roues,45.576415,4.805419,16,2,1
202100010564,182Â 849,A01,1,1,1,1,2,0,-1,0,0,-1,2021,44.0,1,1,0,2,2,1,3,,4,RUE VERCINGETORIX,0,,1,2,0,1,(1),(1),1,, -1,1,0,1,30,27,10,1,75,75114,2,3,0,3,RUE VERCINGETORIX,48.82965,2.306948,14,2,2
202100027977,151Â 696,B01,2,2,1,4,1,0,-1,-1, -1,-1,2021,29.0,2,5,0,0,2,1,1,,3,VERDUN (AV DE),0,,2,4,0,1,1,0,1,, -1,1,0,1,50,19,7,1,94,94041,2,2,0,3,VERDUN (AV DE),48.81306,2.37041,18,4,2
202100046867,118Â 003,B01,1,1,1,0,2,0,-1,-1, -1,-1,2021,83.0,1,1,0,2,4,23,6,,3,ROUTE DEPARTEMENTALE 3,0,,3,1,0,1,3,500,1,, -1,1,0,1,50,22,3,1,972,97213,1,6,0,2,ROUTE DEPARTEMENTALE 3,14.6276642369,-60.9892702103,11,2,2
202100030150,147Â 880,A01,1,1,1,0,2,8,-1,-1, -1,-1,2021,35.0,2,1,0,0,7,21,1,,2,ROBERT ATTULY (BOULEVARD),0,,2,2,0,2,0,800,2,, -1,1,0,1,30,4,7,4,972,97209,2,1,0,6,ROBERT ATTULY (BOULEVARD),14.6031855823,-61.0761090184,22,1,1
202100001555,199Â 029,A01,2,2,2,3,1,-1,-1,0,0,-1,2021,23.0,0,2,8,0,1,1,1,,4,,-1,,2,2,0,1,(1),(1),1,,4,7,0,1,50,23,12,5,27,27165,2,3,0,6,Rue Jacques PrÃ©vert,48.972354,0.946482,19,4,1
202100049860,112Â 611,A01,2,2,1,0,8,-1,-1,-1, -1,-1,2021,24.0,3,1,0,0,0,26,1,,4,JOANNES MASSET                      (AV),0,,2,2,2,1,(1),(1),1,, -1,1,0,1,50,27,2,5,69,69389,2,1,0,7,JOANNES MASSET (AV),45.7699394391,4.8008792213,22,3,1
202100017188,170Â 910,A01,1,1,1,1,1,-1,-1,0,0,-1,2021,27.0,2,2,4,0,2,0,1,,3,616,0,,3,4,0,1,2,300,1,, -1,1,2,1,90,25,9,2,57,57038,1,1,1,6,D616,49.472934,5.949818,5,1,1
202100024766,157Â 382,B01,1,1,1,5,2,6,-1,0,0,-1,2021,23.0,2,1,0,2,2,1,1,,4,PLACE DE L ALMA,0,,2,6,0,1,(1),(1),1,, -1,1,5,1,50,8,8,1,75,75108,2,7,0,3,PLACE DE L ALMA,48.864728,2.301652,11,2,2
202100014839,175Â 183,A01,10,3,2,1,0,-1,-1,3,3,1,2021,64.0,2,4,0,1,2,1,1,,4,AVENUE DU PRESIDENT WILSON,0,,2,6,3,1,(1),(1),1,, -1,2,0,1,30,5,10,1,75,75116,2,2,1,6,AVENUE DU PRESIDENT WILSON,48.864982,2.299838,9,2,1
202100051852,109Â 018,A01,10,3,1,1,0,-1,-1,1,1,1,2021,38.0,2,5,0,1,7,1,0,,2,113,-1,,2,2,0,1,48,200,1,, -1,1,0,1,80,12,2,3,30,30123,1,1,0,6,RN113,43.6998195162,4.1792380661,4,2,1
202100003184,196Â 078,A01,1,1,1,0,2,-1,-1,0,0,-1,2021,17.0,2,1,6,2,7,26,0,,3,981,-1,D,2,2,0,1,26,240,1,, -1,1,0,1,50,14,12,1,30,30174,2,1,0,6,Route d AlÃ¨s,44.028624,4.378697,10,1,1
202100039000,131Â 928,B01,1,1,1,5,2,0,-1,-1, -1,-1,2021,29.0,2,1,0,2,1,1,1,,3,131,0,,2,2,0,1,0,0,1,, -1,2,9,1,50,21,5,1,92,92035,2,7,1,3,National ( boulevard ),48.9068423437,2.2387942672,18,2,2
202100043501,123Â 906,A01,10,3,2,5,0,-1,-1,2,3,1,2021,64.0,1,2,0,1,1,1,1,,3,216,-1,,2,2,0,1,0,590,2,, -1,1,0,1,30,18,4,1,12,12120,2,4,0,6,Place du 11 Novembre 1918,44.381156,2.823679,9,2,1
202100028169,151Â 346,A01,1,1,1,4,2,6,-1,0,0,-1,2021,20.0,2,1,0,2,1,2,1,,4,BOULEVARD DE ROCHECHOUART,0,,1,2,0,1,(1),(1),1,, -1,1,0,1,30,19,7,1,75,75109,2,3,0,2,BOULEVARD DE ROCHECHOUART,48.882166,2.341136,18,2,2
202100020529,164Â 942,A01,1,1,1,0,-1,0,-1,-1, -1,-1,2021,27.0,1,1,0,4,3,26,5,,4,RUE DES PALETTES,0,,-1,2,0,1,0,0,1,, -1,1,4,6,180,6,9,1,38,38179,2,1,0,3,chemin du Marais,45.1877483367,5.807333537,7,2,2
202100051181,110Â 184,A01,10,3,2,5,0,-1,-1,1,3,1,2021,67.0,2,1,0,1,7,1,5,,4,RUE ETIENNE DOLET,0,,1,1,1,1,(1),(1),1,, -1,1,-1,5,50,17,2,2,75,75120,2,1,0,6,RUE ETIENNE DOLET,48.867797,2.384307,17,2,1
202100005422,192Â 104,A01,1,1,2,3,1,-1,-1,0,0,-1,2021,18.0,2,2,6,0,3,1,1,,3,1083,0,,2,1,0,2,70,295,3,,3,2,0,4,50,2,12,1,1,1108,2,3,1,6,Rte de Franche Comte,46.387512,5.347558,9,1,1
202100011149,181Â 801,B01,1,1,1,5,0,-1,-1,0,0,-1,2021,13.0,2,1,0,2,1,0,5,,3,113,-1,D,2,2,0,1,3,500,1,, -1,1,0,1,50,16,10,2,49,49307,2,3,0,3,Rue (grande) (brain-sur-Authion),47.447975,-0.409477,17,2,2
202100055265,103Â 038,B01,1,1,1,1,2,6,-1,-1, -1,-1,2021,31.0,2,1,0,2,1,3,1,,1,6A,0,,1,3,0,1,1,700,1,, -1,2,0,1,70,13,1,1,94,94003,1,1,1,3,AUTOROUTE A6A,48.80211,2.34209,9,2,2
202100004912,193Â 008,A01,10,3,1,5,0,-1,-1,1,5,1,2021,14.0,1,5,0,1,3,1,1,,4,RUE RIQUET,0,,2,2,0,1,(1),(1),1,, -1,2,0,1,30,3,12,1,75,75119,2,1,1,6,RUE RIQUET,48.88886,2.372754,14,2,1
202100046771,118Â 168,A01,10,3,1,9,0,-1,-1,6,9,1,2021,48.0,1,2,0,1,2,14,1,,7,EGUILLES (ROUTE D'),0,,2,2,1,2,1,0,1,, -1,1,8,5,50,24,3,1,13,13001,1,1,0,6,EGUILLES (ROUTE D'),43.5419706408,5.4056230058,16,2,1
202100015048,174Â 811,A01,1,1,1,2,2,6,-1,-1, -1,-1,2021,16.0,2,1,0,2,8,17,1,,4,PAUCOURT (ROUTE DE),0,,2,2,0,1,(1),(1),1,, -1,1,0,1,70,4,10,1,45,45004,1,2,0,3,Route d'Amilly,48.0132,2.77358,7,2,2
202100048986,114Â 187,A01,10,3,1,5,0,-1,-1,2,3,1,2021,11.0,1,2,0,1,7,1,1,,3,21,-1,,2,2,0,1,10,650,1,, -1,1,0,1,50,6,3,1,95,95487,2,1,0,6,Avenue Jacques Vogt,49.154365,2.269755,15,2,1
202100037439,134Â 736,A01,2,2,2,5,1,0,-1,0,0,-1,2021,18.0,0,2,1,0,1,13,1,,6,CARREFOUR LINGOSTIERE (CENTRE CAL),0,,-1,-1,0,1,(1),(1),1,, -1,1,9,1,50,30,5,1,6,6088,1,9,0,1,CARREFOUR LINGOSTIERE (CENTRE CAL),43.72638,7.1886,16,3,2
202100043101,124Â 634,A01,1,1,1,9,1,-1,-1,0,0,-1,2021,54.0,2,5,3,0,1,13,1,,1,51,0,,1,4,0,1,84,440,1,, -1,1,3,2,130,23,4,1,4,4034,1,9,0,6,A 51,43.917669,5.890163,7,1,1
202100038818,132Â 233,A01,10,3,2,5,0,-1,-1,1,5,1,2021,17.0,1,1,0,1,1,1,1,,4,,-1,,1,2,0,1,(1),(1),1,,4,1,0,1,50,22,5,1,29,29215,2,1,0,6,Rue du Stade,47.989626,-4.427028,18,2,1
202100049708,112Â 891,A01,10,3,2,-1,0,-1,-1,2,3,1,2021,69.0,1,2,0,1,3,15,1,,2,122,-1,,2,2,0,1,5,18,1,, -1,1,0,1,50,2,3,1,15,15122,2,3,0,6,Rue Tour de Ville,44.711172,2.19755,10,2,1
202100026390,154Â 523,B01,2,2,2,5,1,-1,-1,0,0,-1,2021,22.0,2,2,0,2,4,1,1,,3,900,-1,,1,2,0,1,13,100,1,, -1,1,0,1,110,30,7,1,66,66164,1,1,0,4,D900,42.773133,2.90156,17,6,4
202100000249,201Â 277,A01,1,1,1,5,8,0,-1,-1, -1,-1,2021,81.0,1,1,0,2,4,11,5,,2,BRETELLE ACCES RD203/RN184,0,,3,4,0,1,23,770,1,, -1,2,0,1,90,14,5,1,78,78172,1,1,1,2,BRETELLE ACCES RD203/RN184 ,49.002071,2.081583,12,2,2
202100002685,196Â 975,B01,2,2,1,5,2,6,-1,0,0,-1,2021,14.0,2,1,0,2,1,1,1,,3,164,-1,,2,1,0,1,(1),(1),1,,3,1,0,1,70,18,12,1,14,14626,1,2,0,3,D164,49.084202,0.282311,17,3,2
202100050191,112Â 001,B01,1,1,1,0,2,-1,-1,-1, -1,-1,2021,20.0,2,1,0,2,1,1,1,,4,CRS D'ALBRET,0,,2,4,0,1,(1),(1),1,, -1,1,0,1,50,25,2,1,33,33063,2,3,0,1,Cours dâAlbret,44.83724,-0.58119,13,2,2
202100025143,156Â 713,A01,1,1,1,5,8,0,-1,0,0,-1,2021,29.0,1,1,0,1,1,1,5,,4,RUE DE VAUGIRARD,0,,2,2,0,1,(1),(1),1,, -1,1,0,1,50,7,8,1,75,75106,2,1,0,6,RUE DE VAUGIRARD,48.847139,2.327236,14,2,1
202100019389,166Â 974,A01,1,1,2,0,1,-1,-1,0,0,-1,2021,19.0,1,2,0,0,1,2,1,,3,218,0,D,2,2,0,1,0,245,1,, -1,1,0,1,50,13,9,1,25,25560,2,1,0,2,Rue de Besancon,47.282752,6.077757,8,2,2
202100051777,109Â 146,B01,3,2,2,0,1,-1,-1,-1, -1,-1,2021,20.0,2,2,0,2,3,1,1,,4,LENINE                              (BD),0,,2,2,0,1,(1),(1),1,, -1,1,0,1,50,11,2,5,69,69259,2,5,0,3,LENINE (BD),45.69083,4.86607,18,5,2
202100054328,104Â 650,A01,1,1,1,1,2,0,-1,0,0,-1,2021,16.0,1,1,0,1,1,26,1,,4,GOUNOD (RUE CHARLES),0,,2,2,0,1,(1),(1),1,, -1,1,0,1,50,20,1,1,54,54273,2,1,0,6,GOUNOD (RUE CHARLES),49.15237,5.88261,13,2,1
202100005493,191Â 974,B01,1,1,1,5,1,8,-1,0,0,-1,2021,38.0,2,2,0,2,4,1,1,,3,GENERAL DE GAULLE (BOULEVARD DU),0,,2,3,0,1,72,280,1,, -1,2,0,1,70,28,11,5,71,71497,2,1,1,5,26 Boulevard du General de Gaulle,46.3333253305,4.8438985814,17,5,3
202100023591,159Â 471,B01,1,1,1,0,2,8,-1,-1, -1,-1,2021,66.0,2,1,0,2,1,1,0,,4,PAPU,0,,1,1,0,2,(1),(1),1,, -1,1,0,1,30,18,8,2,35,35238,2,9,0,3,Rue PAPU,48.11112,-1.69695,7,2,2