Num_Acc,id_vehicule,num_veh,place,catu,sexe,trajet,secu1,secu2,secu3,locp,actp,etatp,year_acc,victim_age,senc,catv,obs,obsm,choc,manv,motor,occutc,catr,voie,v1,v2,circ,nbv,vosp,prof,pr,pr1,plan,lartpc,larrout,surf,infra,situ,vma,jour,mois,lum,dep,com,agg_,int,atm,col,adr,lat,long,hour,nb_victim,nb_vehicules
202100041497,127Â 432,A01,1,1,1,5,8,0,-1,-1, -1,-1,2021,71.0,1,1,12,0,1,16,5,,4,,0,,3,4,3,1,(1),(1),1,, -1,1,0,6,50,3,5,1,69,69386,2,1,0,7,LAFAYETTE (CR),45.7637308357,4.8651060462,8,1,1
202100046172,119Â 235,A01,1,1,1,1,2,6,-1,0,0,-1,2021,18.0,2,1,0,2,1,17,1,,3,912,-1,D,2,2,0,1,34,180,3,, -1,1,5,1,90,30,3,1,61,61048,1,3,0,2,RD 912,48.516892,0.460004,8,2,2
202100020398,165Â 173,B01,1,1,2,5,2,6,-1,0,0,-1,2021,36.0,3,1,0,2,1,1,1,,3,57,-1,,2,2,0,1,(1),(1),1,, -1,1,0,1,80,7,9,1,24,24577,1,1,0,3,194 Route de la Pagaie,44.821254,1.156656,14,3,2
202100008027,187Â 382,A01,1,1,1,5,2,6,-1,-1, -1,-1,2021,26.0,1,1,1,0,1,1,1,,4,VAILLANT (CRS EDOUARD),0,,2,4,1,1,(1),(1),1,, -1,1,0,1,50,12,11,5,33,33063,2,1,0,6,Cours Edouard Vaillant,44.86373,-0.5621,2,2,1
202100041617,127Â 215,A01,1,1,2,5,1,-1,-1,0,0,-1,2021,18.0,3,2,9,0,1,16,1,,4,,0,,2,2,0,1,(1),(1),1,,4,1,0,4,30,4,5,1,38,38344,2,3,0,6,Route de Salaise,45.36106,4.80809,14,1,1
202100054494,104Â 362,A01,10,3,1,1,8,8,-1,3,3,1,2021,44.0,0,2,0,1,1,1,0,,4,DESCARTES (AVENUE),0,,2,4,1,1,0,0,3,, -1,1,9,8,50,19,1,5,92,92060,2,1,0,6,DESCARTES (AVENUE),48.77692,2.24521,18,2,1
202100044025,122Â 984,A01,1,1,1,0,1,8,-1,-1, -1,-1,2021,20.0,1,5,2,0,3,26,1,,7,SAINT-VICTOR (ROUTE DE),0,,2,2,0,2,1,700,3,, -1,1,0,3,70,10,4,2,42,42218,1,1,0,6,Route de Saint Victor,45.433144,4.300554,18,1,1
202100050373,111Â 656,A01,1,1,2,9,8,0,-1,-1, -1,-1,2021,33.0,1,2,0,2,1,1,1,,3,QUEUE EN BRIE (RTE DE LA),0,,3,2,0,1,(1),(1),1,, -1,1,0,1,50,24,2,1,94,94071,2,1,0,2,QUEUE EN BRIE (RTE DE LA),48.7615117618,2.5331864848,13,2,2
202100026455,154Â 413,A01,1,1,2,5,8,8,-1,-1, -1,-1,2021,63.0,1,1,16,0,0,1,5,,6,,0,,-1,-1,0,1,(1),(1),1,, -1,1,0,1,50,28,7,1,56,56162,2,1,0,7,FORCES FRANCAISES LIBRES (PLACE DES),47.73538,-3.42829,15,1,1
202100048667,114Â 763,B01,1,1,2,2,1,0,-1,-1, -1,-1,2021,21.0,3,2,0,2,3,1,1,,6,LEON HEID,0,,-1,0,0,1,0,0,1,, -1,2,9,8,30,8,3,1,64,64132,2,1,1,3,avenue du stade d'eaux vives,43.288,-0.36,16,2,2
202100030253,147Â 688,A01,1,1,1,9,2,6,-1,-1, -1,-1,2021,37.0,1,1,0,2,8,1,1,,4,,0,,1,1,0,1,0,0,1,, -1,1,0,1,30,7,7,2,92,92024,2,2,0,3,PORT (RUE DU),48.906596,2.298893,20,2,2
202100012048,180Â 174,B01,1,1,2,1,8,0,-1,0,0,-1,2021,44.0,1,1,0,2,7,9,5,,4,BOULEVARD DE PICPUS,0,,1,2,1,1,(1),(1),1,, -1,1,0,1,50,20,10,1,75,75112,2,3,0,2,BOULEVARD DE PICPUS,48.84652,2.4002,12,2,2
202100018260,168Â 978,B01,1,1,1,0,1,-1,-1,0,0,-1,2021,66.0,2,2,0,2,1,1,1,,3,137,-1,,2,2,0,1,30,500,1,, -1,1,0,1,90,17,9,1,17,17283,1,2,0,3,d137,45.599251,-0.554488,8,2,2
202100037672,134Â 318,A01,6,2,1,5,8,-1,-1,0,0,-1,2021,21.0,1,2,8,0,9,0,1,,3,41,-1,,2,2,0,1,2,700,1,, -1,1,0,1,80,30,5,3,64,64233,1,1,0,7,dÃ©partementale 41,43.567021,-0.262674,4,2,1
202100046227,119Â 141,B01,2,2,2,4,1,0,-1,-1, -1,-1,2021,45.0,0,2,0,2,4,9,1,,9,PORTE DE MAUREPAS,0,,2,2,0,1,(1),(1),2,, -1,1,5,1,70,27,3,1,35,35278,1,6,0,2,PORTE DE MAUREPAS,48.1425,-1.66327,12,3,2
202100001858,198Â 474,A01,1,1,1,9,1,0,-1,-1, -1,-1,2021,29.0,1,2,0,2,3,5,1,,4,,0,,2,2,0,1,(1),(1),1,, -1,1,0,1,50,19,12,3,66,66136,1,1,0,1,PRADES (AVENUE DE ) ST CHARLES,42.6927303774,2.8463213146,20,2,2
202100021429,163Â 348,B01,1,1,2,9,2,8,-1,-1, -1,-1,2021,60.0,2,1,0,2,1,1,1,,4,TOULON (ANCIEN CHEMIN DE),0,,2,1,0,1,0,0,1,, -1,1,0,1,50,30,8,1,83,83123,2,1,0,3,TOULON (ANCIEN CHEMIN DE),43.132949,5.790936,19,2,2
202100033603,141Â 701,A01,10,3,1,4,0,-1,-1,1,9,1,2021,44.0,3,2,0,1,2,1,1,,4,rue Pierre et Marie CURIE,0,,1,1,0,1,(1),(1),1,, -1,1,0,1,50,18,6,1,33,33529,1,1,0,6,,44.6114792292,-1.1162759562,14,2,1
202100039768,130Â 501,A01,1,1,1,5,2,-1,-1,0,0,-1,2021,68.0,1,1,1,0,1,1,5,,3,81,-1,,2,2,0,1,28,567,1,, -1,1,0,3,50,13,5,1,66,66008,1,1,0,2,Route du Littoral,42.581147,3.032634,16,2,2
202100041610,127Â 228,B01,1,1,2,0,0,-1,-1,0,0,-1,2021,78.0,0,1,0,2,1,0,0,,3,D938,-1,,3,2,1,1,(1),(1),1,, -1,2,0,1,50,1,5,1,84,84054,2,6,1,3,Route de Carpentras,43.926629,5.063174,11,2,2
202100003246,195Â 965,B01,2,2,2,5,1,0,-1,-1, -1,-1,2021,31.0,3,2,0,0,4,23,1,,4,BERANGER (BOULEVARD),0,,1,2,0,1,(1),(1),1,, -1,2,0,1,50,12,12,2,37,37261,2,1,0,2,BERANGER (BOULEVARD),47.3894121592,0.6839002669,17,4,2
202100042684,125Â 335,A01,1,1,1,0,2,0,-1,0,0,-1,2021,48.0,1,1,0,2,7,1,5,,4,FAUBOURG DES TROIS MAISONS (RUE DU),0,,1,2,1,1,(1),(1),1,, -1,1,0,1,30,24,4,5,54,54395,2,4,0,3,FAUBOURG DES TROIS MAISONS (RUE DU),48.7011791434,6.1768108606,22,4,2
202100020112,165Â 674,A01,1,1,1,9,2,6,-1,0,0,-1,2021,46.0,2,1,0,2,1,18,3,,4,AVENUE DE SUFFREN,0,,2,2,0,1,(1),(1),1,, -1,1,0,1,30,7,9,1,75,75107,2,3,0,3,AVENUE DE SUFFREN,48.856928,2.291959,9,2,2
202100021608,163Â 008,A01,1,1,1,0,2,6,-1,-1, -1,-1,2021,41.0,1,1,0,0,0,1,1,,7,KENNEDY (RUE DU PRESIDENT ),0,,2,2,1,1,(1),(1),1,, -1,1,0,2,70,31,8,1,59,59143,1,1,0,7,KENNEDY (RUE DU PRESIDENT ),50.66658,2.90939,20,1,1
202100016298,172Â 501,B01,1,1,1,0,2,6,9,0,0,-1,2021,25.0,0,1,0,2,2,1,1,,3,81,0,D,2,2,0,1,17,500,3,, -1,1,0,1,-1,30,9,1,27,27011,2,1,0,3,D81,49.218799,0.941123,11,2,2
202100009085,185Â 466,C01,1,1,1,5,0,0,-1,-1, -1,-1,2021,58.0,0,1,0,2,1,26,3,,4,BOSSUET (Rue),0,,2,2,0,1,(1),(1),1,, -1,1,0,1,50,1,11,1,62,62193,2,3,0,3,BOSSUET (Rue),50.954041,1.872014,9,2,2
202100020764,164Â 522,A01,1,1,1,5,8,-1,-1,0,0,-1,2021,24.0,3,2,6,0,8,2,1,,3,715,0,D,2,2,0,1,1,871,3,, -1,1,2,3,80,5,9,3,61,61276,1,1,0,6,D715,48.851525,-0.036044,2,1,1
202100001665,198Â 829,A01,1,1,1,1,1,-1,-1,0,0,-1,2021,26.0,1,2,2,0,1,1,1,,3,D9Z,0,D,2,2,0,2,22,650,2,, -1,6,0,3,80,24,12,1,95,95509,1,1,1,6,RD 9+Z,49.070053,2.485533,16,1,1
202100023824,159Â 041,A01,1,1,1,0,1,0,-1,-1, -1,-1,2021,37.0,1,2,4,0,2,1,1,,1,A7-Sens Lyon vers Marseille,0,,1,2,0,1,263,0,1,, -1,1,0,1,90,17,8,2,13,13117,1,1,0,5,A7-Sens Lyon vers Marseille,43.42423,5.26521,6,3,1
202100010750,182Â 514,A01,2,1,2,0,8,0,-1,-1, -1,-1,2021,35.0,1,1,0,2,1,13,3,,4,"""MURGER HENRI, NR IMPAIRS""",0,,2,2,0,1,0,0,1,, -1,1,0,8,50,26,10,1,93,93066,2,1,0,3,"""MURGER HENRI, NR IMPAIRS""",48.918175204,2.3663284206,9,2,2
202100043325,124Â 219,B01,1,1,1,1,2,6,-1,-1, -1,-1,2021,41.0,2,1,0,2,1,1,1,,4,BOUIN (RUE JEAN),0,,2,2,0,1,(1),(1),1,, -1,1,0,1,50,19,4,1,50,50602,2,3,0,3,BOUIN (RUE JEAN),49.63351,-1.5862,7,2,2
202100029916,148Â 332,B01,1,1,1,5,2,6,-1,0,0,-1,2021,49.0,2,1,0,2,3,0,1,,4,,-1,,2,2,0,1,(1),(1),1,,3,1,0,1,70,9,7,1,69,69287,1,1,0,3,COPRIN CHEVELU (DU) (CHM),45.677956,5.00792,17,2,2
202100000189,201Â 404,B01,1,1,2,0,1,0,-1,-1, -1,-1,2021,40.0,3,2,0,2,4,23,1,,7,JEAN MOULIN BOULEVARD,0,,2,2,0,2,1,0,1,, -1,1,0,1,50,9,11,1,13,13098,2,1,0,2,JEAN MOULIN BOULEVARD,43.44897,5.02002,13,3,3
202100025518,156Â 057,A01,2,2,2,5,0,-1,-1,0,0,-1,2021,38.0,1,2,2,0,1,1,1,,3,48,-1,,2,2,0,1,30,247,3,, -1,1,0,8,80,6,8,1,31,31317,1,1,0,6,D48,43.303414,1.13319,17,2,1
202100002520,197Â 272,A01,1,1,1,5,1,-1,-1,0,0,-1,2021,63.0,1,2,0,9,1,0,1,,3,32,0,,2,2,0,2,32,0,2,, -1,1,0,3,70,17,12,1,45,45281,1,1,0,6,lieu dit la clÃ©ry route departementale 32,48.04125,3.031733,11,1,1
202100010791,182Â 448,A01,10,3,1,0,0,-1,-1,1,1,1,2021,43.0,2,2,0,1,2,1,1,,3,210,0,D,1,1,0,2,0,100,3,, -1,1,3,1,70,27,10,3,16,16287,1,9,0,6,RD 210,45.596211,0.069394,21,2,1
202100016137,172Â 796,B01,1,1,1,0,2,0,-1,0,0,-1,2021,49.0,2,1,0,2,1,1,1,,7,LAFAYETTE (BD),0,,3,4,0,1,(1),(1),1,, -1,1,0,1,50,29,9,1,63,63113,2,3,0,3,LAFAYETTE (BD),45.76502,3.10977,7,2,2
202100049318,113Â 608,A01,10,3,2,0,0,-1,-1,3,3,1,2021,85.0,2,1,0,1,1,1,5,,3,707,0,,1,1,0,1,(1),(1),1,, -1,1,0,1,50,2,3,1,24,24479,2,1,0,6,Grand rue de la barre,45.492747,0.746502,17,2,1
202100054018,105Â 191,B01,2,2,2,5,1,0,-1,-1, -1,-1,2021,22.0,1,2,0,2,4,0,1,,1,A86,0,,1,2,0,1,6,900,1,, -1,2,0,1,90,23,1,1,92,92036,1,1,1,6,A86,48.9341712069,2.2714914867,13,3,2
202100023100,160Â 325,A01,2,2,2,5,2,6,-1,-1, -1,-1,2021,70.0,1,1,0,2,1,1,1,,7,MARINE (BOULEVARD DE LA),0,,2,2,0,1,9,460,1,, -1,1,0,1,50,21,8,1,83,83069,1,1,0,2,MARINE (BOULEVARD DE LA),43.0921980958,6.1626648903,18,3,2
202100040672,128Â 924,A01,1,1,1,5,2,6,-1,0,0,-1,2021,50.0,1,1,8,0,1,1,1,,3,58,-1,,2,2,0,1,6,650,2,, -1,1,0,3,80,9,5,1,73,73010,1,1,0,6,D58 Rte de la Nephaz,45.818751,5.903196,15,1,1
202100032659,143Â 389,A01,1,1,1,0,1,8,-1,-1, -1,-1,2021,26.0,1,2,8,4,3,13,1,,4,JEAN JAURES (AVENUE),0,,3,6,1,1,0,0,1,, -1,1,4,6,50,22,6,5,67,67482,2,8,0,3,JEAN JAURES (AVENUE),48.568229,7.768059,22,2,2
202100033291,142Â 258,B01,1,1,1,5,1,-1,-1,-1,0,-1,2021,33.0,1,2,0,2,4,1,1,,1,AUTOROUTE A15,0,,3,6,0,1,16,100,1,, -1,2,0,1,110,19,6,3,95,95306,1,1,1,2, A15,49.0021,2.17127,22,2,2
202100037406,134Â 801,A01,10,3,2,0,8,-1,-1,2,3,1,2021,32.0,-1,1,0,2,1,19,1,,4,GAMBETTA                            (CO),0,,2,4,3,1,(1),(1),1,, -1,1,0,6,50,30,5,1,69,69387,2,1,0,6,GAMBETTA (CR),45.7541646489,4.8461803794,12,2,1
202100037972,133Â 788,A01,1,1,1,5,2,6,-1,-1, -1,-1,2021,17.0,1,1,0,2,1,0,0,,7,AEROPORT (AVENUE DE L'),0,,2,2,0,1,2,770,1,, -1,1,0,1,70,27,5,1,83,83069,2,1,0,3,AEROPORT (AVENUE DE L'),43.093041,6.139775,15,3,2
202100008251,186Â 964,A01,1,1,2,1,2,6,-1,0,0,-1,2021,29.0,2,1,0,2,1,3,1,,4,BOULEVARD PERIPHERIQUE,0,,1,4,0,1,2,200,2,, -1,1,0,1,70,13,11,5,75,75113,2,1,0,4,BOULEVARD PERIPHERIQUE,48.816707,2.365107,18,3,3
202100003636,195Â 250,A01,1,1,1,1,1,-1,-1,-1, -1,-1,2021,53.0,1,2,0,0,4,1,1,,3,CHAMPAGNE (AVENUE),0,,1,2,0,1,24,400,1,, -1,2,0,1,70,10,12,1,51,51454,2,6,0,2,Avenue de Champagne,49.21358,4.01557,13,2,2
202100015850,173Â 343,A01,1,1,1,9,1,8,-1,-1, -1,-1,2021,22.0,1,2,0,2,1,2,1,,1,AUTOROUTE A86,0,,3,8,0,1,15,0,1,, -1,1,0,1,90,28,9,1,93,93001,1,1,0,2,AUTOROUTE A86,48.9209812067,2.3722743988,17,2,2
202100034187,140Â 642,A01,1,1,1,5,2,6,-1,0,0,-1,2021,27.0,3,1,6,0,1,26,1,,4,,-1,,2,2,0,3,(1),(1),3,,4,1,0,8,50,13,6,1,29,29220,2,9,0,6,Rue Pen Enez,47.867964,-4.219603,11,1,1
202100024700,157Â 491,A01,1,1,2,5,1,-1,-1,-1,0,-1,2021,27.0,1,2,0,2,1,1,1,,1,AUTOROUTE A15,0,,3,11,0,1,21,399,1,, -1,1,0,1,90,11,8,3,95,95572,1,1,0,2, A15,49.03178,2.11693,0,2,2
202100007229,188Â 833,B01,1,1,1,0,2,0,-1,0,0,-1,2021,26.0,3,1,0,2,4,23,1,,7,AGINCOURT  (ANCIENNE ROUTE D'),0,,2,2,0,2,(1),(1),1,, -1,1,0,3,80,18,11,3,54,54184,2,1,0,2,AGINCOURT  (ANCIENNE ROUTE D'),48.7153900892,6.2416129756,23,2,2
202100049000,114Â 167,B01,1,1,1,5,2,-1,-1,0,0,-1,2021,70.0,1,1,0,2,1,1,5,,3,952,-1,,2,2,0,1,25,250,1,, -1,1,5,1,50,7,3,1,49,49307,2,3,1,3,Levee Jeanne de Laval (Saint-Mathurin-sur-Loire),47.408643,-0.313346,10,2,2
202100051987,108Â 783,A01,3,2,2,0,8,0,-1,-1, -1,-1,2021,25.0,1,2,0,2,1,9,1,,3,BADUEL (ROUTE DE),0,,2,2,0,1,4,300,1,, -1,1,0,1,50,9,2,1,973,97302,2,3,0,1,BADUEL (ROUTE DE),4.9284,-52.29349,14,5,2
202100016424,172Â 279,C01,1,1,2,1,1,0,-1,-1, -1,-1,2021,44.0,2,2,0,2,4,2,1,,1,A50-Sens Aubagne vers Marseille,0,,1,2,0,1,14,500,1,, -1,1,0,1,90,27,9,1,13,13005,1,1,0,4,A50-Sens Aubagne vers Marseille,43.289511,5.560173,8,4,4
202100001630,198Â 888,B01,1,1,1,4,0,0,-1,-1, -1,-1,2021,19.0,0,1,0,2,3,16,3,,3,LOUIS BLANC (AV),0,,1,1,0,1,1,0,1,, -1,1,0,1,50,23,12,1,94,94068,2,9,0,3,avenue Louis Blanc,48.7922,2.49721,18,2,2
202100009101,185Â 440,B01,1,1,1,9,1,0,-1,-1, -1,-1,2021,48.0,1,2,0,2,4,2,1,,7,AV DES ETATS UNIS,0,,3,2,0,1,18,934,1,, -1,1,0,1,50,6,11,5,31,31555,2,1,0,2,AV DES ETATS UNIS,43.6596032539,1.4183306694,7,2,2
202100050880,110Â 729,A01,10,3,1,0,0,-1,-1,4,3,1,2021,63.0,0,2,0,1,1,9,1,,4,FLANDRES/DUNKERQUE (CARREFOUR),0,,1,1,0,1,(1),(1),1,, -1,1,0,1,50,19,2,1,66,66136,2,1,0,6,FLANDRES/DUNKERQUE (CARREFOUR),42.68656,2.90748,10,2,1
202100044254,122Â 564,B01,1,1,1,0,1,0,-1,0,0,-1,2021,46.0,1,2,0,2,4,23,1,,7,SAINT JEAN (BD),0,,3,4,0,1,(1),(1),1,, -1,1,0,1,50,10,4,1,63,63113,2,1,0,4,SAINT JEAN (BD),45.7858,3.11945,16,3,3
202100054579,104Â 217,A01,2,2,2,9,1,0,-1,0,0,-1,2021,95.0,1,2,6,0,1,26,1,,4,SCHWEITZER RUE DU DOCTEUR,0,,2,2,0,1,(1),(1),1,, -1,2,0,4,30,18,1,1,59,59343,2,9,0,6,SCHWEITZER RUE DU DOCTEUR,50.59028,3.10197,12,2,1
202100041496,127Â 433,A01,10,3,1,9,0,-1,-1,1,3,1,2021,10.0,3,2,1,1,1,1,1,,4,MANGO (ROUTE),0,,1,2,0,1,(1),(1),1,, -1,2,9,1,30,3,5,1,973,97302,2,9,1,6,MANGO (ROUTE),4.9298625765,-52.3154157441,7,2,1
202100001722,198Â 713,B01,3,2,1,5,1,8,-1,0,0,-1,2021,14.0,2,2,0,2,5,2,1,,2,ROCADE 12-13,0,,3,6,0,1,12,600,1,, -1,1,0,1,90,22,12,1,35,35281,1,1,0,4,N136,48.0943599477,-1.710267663,14,4,3
202100007289,188Â 716,B01,1,1,1,0,2,8,-1,-1, -1,-1,2021,28.0,2,1,0,2,8,2,0,,3,,0,,3,2,2,1,11,1000,1,, -1,1,0,5,50,18,11,1,25,25056,2,1,0,3,LAGRANGE  AVENUE LEO,47.24394,6.00533,10,2,2
202100038032,133Â 680,B01,1,1,1,9,1,0,-1,-1, -1,-1,2021,70.0,1,2,0,2,3,1,1,,2,20 (R.N.) COTE NORD DU TUNNEL,0,,2,2,0,1,36,447,2,, -1,1,8,1,90,27,5,1,9,9013,1,1,0,4,20 (R.N.) COTE NORD DU TUNNEL,42.98118,1.62339,9,5,3
202100020837,164Â 396,B01,1,1,1,5,2,6,-1,-1, -1,-1,2021,56.0,2,1,0,2,2,2,1,,3,LANDAU (ROND-POINT DE),0,,1,2,0,1,29,700,1,, -1,1,0,1,50,4,9,1,67,67180,2,6,1,3,LANDAU (ROND-POINT DE),48.82178,7.79148,8,2,2
202100037643,134Â 370,B01,2,2,2,0,2,7,-1,0,0,-1,2021,20.0,1,1,0,2,1,1,1,,3,980,0,,2,2,0,1,21,550,1,, -1,1,0,1,80,28,5,1,71,71521,1,3,0,1,D 980,46.54983,4.565088,19,3,2
202100044456,122Â 227,A01,1,1,2,1,1,0,-1,-1, -1,-1,2021,45.0,2,2,0,2,3,13,1,,2,RN 25,0,,2,2,0,1,26,358,1,, -1,1,0,1,80,9,4,1,62,62263,1,1,0,1,RN 25,50.28901,2.70956,18,2,2
202100003256,195Â 943,A01,1,1,1,0,2,8,-1,-1, -1,-1,2021,59.0,0,1,0,2,8,1,1,,4,ELIE WIESEL (BD),0,,1,2,3,1,1,0,1,, -1,1,0,1,50,12,12,1,13,13210,2,1,0,3,ELIE WIESEL (BD),43.2745252869,5.4243916481,9,2,2
202100036381,136Â 672,B01,1,1,1,4,1,8,-1,-1, -1,-1,2021,22.0,1,4,0,2,8,15,1,,3,D721,0,,2,2,0,1,4,0,2,, -1,2,0,1,80,4,6,1,91,91469,1,1,0,3,D721,48.39002,2.1746,10,2,2
202100029835,148Â 461,A01,1,1,1,9,2,0,-1,0,0,-1,2021,48.0,3,1,14,0,2,14,5,,4,PLACE DE LA CONCORDE,0,,3,4,0,1,(1),(1),1,, -1,1,0,1,50,9,7,1,75,75108,2,7,0,6,PLACE DE LA CONCORDE,48.864103,2.32011,16,1,1
202100047642,116Â 596,A01,1,1,1,1,8,0,-1,-1, -1,-1,2021,17.0,1,1,0,0,0,0,5,,4,BEGAND (RUE),0,,1,1,0,2,0,0,1,, -1,2,0,1,50,17,3,1,10,10387,2,1,1,7,BEGAND (RUE),48.29464,4.06531,14,1,1
202100047043,117Â 684,A01,2,2,1,5,1,0,-1,-1, -1,-1,2021,18.0,1,2,0,2,2,1,1,,4,LOUIS XI (BOULEVARD),0,,3,4,0,1,(1),(1),1,, -1,1,0,1,50,20,3,1,37,37261,2,1,0,6,LOUIS XI (BOULEVARD),47.3740756605,0.6748115769,11,3,2
202100055369,102Â 869,B01,1,1,2,1,1,0,-1,-1, -1,-1,2021,47.0,1,2,0,2,4,1,1,,4,PRESIDENT ROOSEVELT (AV DU),0,,2,2,0,1,0,0,1,, -1,2,0,1,50,12,1,5,94,94073,2,3,1,5,PRESIDENT ROOSEVELT (AV DU),48.76593,2.39849,20,3,3
202100004397,193Â 895,A01,1,1,1,1,2,0,-1,0,0,-1,2021,57.0,1,1,0,2,7,17,5,,4,VOIE GEORGES POMPIDOU,0,,2,3,1,1,(1),(1),1,, -1,3,-1,5,30,6,12,1,75,75116,2,1,0,3,VOIE GEORGES POMPIDOU,48.856771,2.2871,8,2,2
202100012568,179Â 248,B01,1,1,1,1,2,6,-1,0,0,-1,2021,24.0,2,1,0,2,1,17,1,,7,56,-1,C,2,2,1,4,3,250,1,, -1,1,0,1,-1,25,8,1,13,13087,1,1,0,2,D56c,43.504802,5.622129,8,2,2
202100027701,152Â 201,A01,1,1,1,0,2,6,-1,-1, -1,-1,2021,27.0,1,1,0,2,1,9,1,,3,OCEANIE (AVENUE DE L'),0,,1,1,0,1,0,0,2,, -1,1,0,1,30,21,7,1,91,91692,1,6,0,2,OCEANIE (AVENUE DE L'),48.67615,2.19246,20,2,2
202100018357,168Â 813,A01,1,1,1,1,8,8,-1,-1, -1,-1,2021,24.0,2,1,0,2,1,8,5,,4,ALOUETTE (AVENUE),0,,3,4,2,2,(1),(1),2,, -1,1,0,5,50,16,9,1,37,37261,2,1,0,6,ALOUETTE (AVENUE),47.3610013435,0.69703972,14,2,2
202100034046,140Â 903,C01,2,2,2,0,1,0,-1,0,0,-1,2021,7.0,1,2,0,2,4,19,1,,7,PASTEUR (AVENUE),0,,2,2,0,1,(1),(1),1,, -1,1,0,1,50,15,6,1,63,63075,2,1,0,4,PASTEUR (AVENUE),45.77381,3.07291,16,4,3
202100019087,167Â 525,B01,1,1,1,1,1,-1,-1,0,0,-1,2021,52.0,0,2,7,2,2,1,1,,3,109,-1,,2,2,0,1,(1),(1),1,, -1,1,0,1,50,14,9,2,67,67031,2,1,0,3,Rue Principale,48.453414,7.46712,18,2,2
202100008262,186Â 944,A01,10,3,1,9,0,-1,-1,3,3,1,2021,53.0,1,1,0,1,3,1,3,,4,RUE OBERKAMPF,0,,1,1,0,1,(1),(1),1,, -1,1,0,1,30,12,11,5,75,75111,2,2,0,6,RUE OBERKAMPF,48.862656,2.367322,19,2,1
202100031567,145Â 329,B01,1,1,1,5,8,-1,-1,-1, -1,-1,2021,29.0,1,1,0,2,8,15,3,,7,NANTES (RUE DE),0,,2,2,0,1,12,131,1,, -1,1,0,1,50,29,6,1,35,35281,2,3,0,3,NANTES (RUE DE),48.092454,-1.691504,20,2,2
202100034105,140Â 802,D01,1,1,1,9,2,6,-1,0,0,-1,2021,35.0,1,1,0,2,9,1,1,,4,PLACE DE LA CONCORDE,0,,3,5,0,1,(1),(1),1,, -1,1,0,1,50,16,6,1,75,75108,2,7,0,5,PLACE DE LA CONCORDE,48.866757,2.322066,15,5,5
202100018823,167Â 999,A01,10,3,2,0,0,-1,-1,2,3,2,2021,18.0,2,1,0,1,1,17,1,,3,907,0,,2,2,0,1,0,0,1,, -1,2,0,1,50,15,9,1,92,92064,2,1,1,6,GOUNOD,48.842405774,2.2077458756,8,2,1
202100042928,124Â 935,B01,1,1,1,5,8,8,-1,-1, -1,-1,2021,18.0,1,1,0,2,7,26,1,,3,ARISTIDE BRIAND AVENUE,0,,-1,-1,0,1,0,0,1,, -1,1,0,1,50,23,4,1,93,93046,2,9,0,3,ARISTIDE BRIAND AVENUE,48.91486,2.52789,17,5,2
202100016310,172Â 484,B01,1,1,1,0,0,-1,-1,0,0,-1,2021,43.0,2,1,0,2,1,13,1,,3,128,0,D,2,2,0,3,(1),(1),2,, -1,1,0,1,90,28,9,1,971,97122,1,1,0,1,Belin,16.419805,-61.492066,14,2,2
202100042583,125Â 508,B01,1,1,1,5,1,-1,-1,-1, -1,-1,2021,59.0,2,2,0,2,4,1,1,,4,EMILE ZOLA     (Cours),0,,2,2,1,1,(1),(1),1,, -1,1,0,1,50,25,4,1,69,69266,2,1,0,2,EMILE ZOLA (CR),45.7679,4.88825,18,3,2
202100022983,160Â 546,B01,2,2,2,9,1,-1,-1,0,0,-1,2021,89.0,1,2,0,2,1,1,1,,3,34,0,,2,2,0,2,21,900,3,, -1,1,0,3,80,20,8,1,69,69078,1,1,0,1,DUERNE (DE) (RTE),45.6805707577,4.5345881581,10,3,2
202100018792,168Â 051,A01,1,1,1,5,2,6,-1,0,0,-1,2021,31.0,1,1,0,2,1,2,1,,4,PORTE MAILLOT,0,,1,4,0,1,(1),(1),1,, -1,1,0,1,70,13,9,5,75,75117,2,4,0,2,BD PERIPHERIQUE INTERIEUR,48.8820446609,2.2830668092,22,2,2
202100042266,126Â 080,A01,1,1,1,5,1,-1,-1,0,0,-1,2021,21.0,2,2,0,2,2,21,1,,3,8,0,D,2,2,0,1,4,850,1,, -1,2,0,1,80,28,4,1,9,9217,1,1,1,1,d8,42.802108,1.589456,17,2,2
202100019643,166Â 533,A01,1,1,2,5,1,0,-1,-1, -1,-1,2021,19.0,3,2,0,2,3,15,1,,4,CURIE (RUE PIERRE ET MARIE CURIE),0,,2,2,0,1,(1),(1),1,, -1,1,0,1,50,10,9,1,78,78517,2,1,0,3,CURIE (RUE PIERRE ET MARIE CURIE),48.652495,1.826705,17,2,2
202100049339,113Â 568,A01,1,1,1,0,1,0,-1,-1, -1,-1,2021,33.0,2,4,0,2,0,0,1,,2,RN 104,0,,-1,2,0,3,28,582,2,, -1,2,0,1,70,4,3,1,77,77251,1,1,0,1,RN 104,48.63043,2.53605,7,2,2
202100049974,112Â 420,C01,1,1,2,1,1,5,-1,-1, -1,-1,2021,22.0,2,2,0,2,4,2,1,,1,A86 EXT,0,,3,6,0,1,59,700,1,, -1,1,0,1,110,27,2,1,78,78640,1,1,0,4,A86 EXT,48.777905,2.215586,17,9,4
202100028005,151Â 646,A01,1,1,2,1,1,-1,-1,0,0,-1,2021,27.0,3,2,2,0,3,1,1,,4,,0,C,2,2,0,1,(1),(1),1,,4,1,0,4,50,21,7,5,201,201139,2,1,0,6,saint cyprien,41.637962,9.342139,2,1,1