Num_Acc,id_vehicule,num_veh,place,catu,sexe,trajet,secu1,secu2,secu3,locp,actp,etatp,year_acc,victim_age,senc,catv,obs,obsm,choc,manv,motor,occutc,catr,voie,v1,v2,circ,nbv,vosp,prof,pr,pr1,plan,lartpc,larrout,surf,infra,situ,vma,jour,mois,lum,dep,com,agg_,int,atm,col,adr,lat,long,hour,nb_victim,nb_vehicules
202100015825,173Â 386,A01,1,1,2,0,2,6,9,0,0,-1,2021,50.0,2,1,0,0,3,1,1,,1,75,-1,A,3,4,0,1,0,500,1,, -1,1,0,1,-1,2,10,1,63,63113,1,1,0,3,pk 000+500 A75 en direction de Paris,45.767433,3.139043,14,2,2
202100024370,158Â 120,A01,1,1,1,3,1,-1,-1,0,0,-1,2021,66.0,1,2,3,0,7,1,1,,2,1113,0,,2,2,0,1,19,450,1,, -1,1,0,1,80,13,8,1,47,47069,1,1,0,6,N1113,44.216517,0.597872,15,5,1
202100003929,194Â 726,A01,1,1,1,0,2,6,-1,-1, -1,-1,2021,42.0,2,1,0,2,1,1,1,,1,86,0,,1,2,0,1,52,319,1,, -1,1,1,1,70,9,12,5,92,92002,1,1,0,2,AUTOROUTE A86,48.7632567814,2.3103776131,19,2,2
202100034581,139Â 902,B01,1,1,1,4,2,6,-1,-1, -1,-1,2021,21.0,3,1,8,0,6,1,1,,4,VERN (DE),0,,2,2,3,1,(1),(1),1,, -1,1,5,1,50,13,6,1,35,35238,2,2,1,3,VERN (DE),48.09808,-1.65566,21,3,2
202100018104,169Â 257,A01,10,3,1,0,0,-1,-1,2,B,2,2021,27.0,3,2,0,1,1,1,1,,7,GAMBETTA (BOULEVARD)       43-34 A FIN,0,,3,4,1,1,0,0,1,, -1,1,0,1,30,18,9,2,38,38185,2,1,0,1,GAMBETTA (BOULEVARD)       43-34 A FIN,45.18413,5.72595,6,2,1
202100022129,162Â 076,B01,2,2,1,0,1,0,-1,-1, -1,-1,2021,30.0,1,1,0,2,0,1,1,,3,BOULEVARD DE LA DEFENSE,0,,1,2,0,1,0,0,1,, -1,1,0,1,50,28,8,5,92,92050,2,2,0,3,BOULEVARD DE LA DEFENSE,48.8972431612,2.2243183851,21,3,2
202100026052,155Â 116,A01,1,1,1,5,6,2,-1,0,0,-1,2021,16.0,3,1,9,0,1,1,1,,7,58,0,,2,2,0,1,(1),(1),3,, -1,1,5,1,30,1,8,5,44,44166,2,1,0,6,Place de la LibertÃ©,47.1958,-1.723952,23,2,1
202100000149,201Â 478,A01,1,1,1,5,1,-1,-1,-1,0,-1,2021,20.0,1,2,4,9,1,21,1,,1,AUTOROUTE A15,0,,3,6,0,1,10,100,2,, -1,3,0,2,110,28,12,3,95,95582,1,1,1,6,AUTOROUTE A15,48.97578,2.23994,0,2,1
202100016688,171Â 799,A01,1,1,1,9,2,6,9,0,0,-1,2021,53.0,0,1,0,2,1,17,1,,2,1,0,R,2,2,0,1,10,10,1,,7,1,0,1,50,27,9,1,976,97610,1,1,0,3,Pointe Koungou,-12.738642,45.211262,7,4,2
202100044511,122Â 145,A01,1,1,1,1,1,-1,-1,0,0,-1,2021,24.0,2,2,2,0,2,13,1,,3,140,0,,2,2,0,1,5,500,2,, -1,1,0,1,90,10,4,3,37,37273,1,1,0,6,D140,47.381126,0.787888,2,1,1
202100033241,142Â 350,A01,1,1,1,5,1,-1,-1,0,0,-1,2021,23.0,1,2,2,0,1,1,1,,3,33,0,A,2,2,0,1,5,0,1,, -1,1,0,3,80,20,6,2,51,51232,1,1,0,7,D33,49.301698,4.249134,7,1,1
202100016042,172Â 980,B01,1,1,1,9,2,8,-1,-1, -1,-1,2021,38.0,1,1,0,2,1,3,1,,1,AUTOROUTE A6,0,,3,6,0,1,14,199,1,, -1,1,0,1,110,30,9,3,91,91161,1,1,0,3,AUTOROUTE A6,48.6982,2.3137,19,2,2
202100027690,152Â 221,B01,1,1,1,5,8,-1,-1,-1, -1,-1,2021,32.0,1,2,0,2,1,1,1,,4,TONY GARNIER                        (AV),0,,2,6,0,1,(1),(1),1,, -1,1,0,1,50,20,7,1,69,69387,2,2,0,3,TONY GARNIER (AV),45.72653,4.83074,12,4,2
202100023938,158Â 844,B01,2,2,2,5,1,-1,-1,0,0,-1,2021,36.0,1,2,0,2,3,1,1,,3,118,0,D,2,2,0,1,72,850,2,, -1,1,0,1,70,16,8,1,11,11209,1,1,0,5,D118,42.969833,2.25938,19,7,3
202100027774,152Â 067,A01,1,1,1,5,1,8,-1,-1, -1,-1,2021,63.0,1,2,1,0,8,1,1,,4,BAUDIN (R),0,,1,1,0,1,0,0,1,, -1,1,0,1,50,19,7,1,94,94041,2,1,1,6,Rue Baudin,48.815818,2.375142,11,1,1
202100041417,127Â 571,A01,1,1,2,0,1,5,-1,-1, -1,-1,2021,47.0,1,2,9,0,1,26,1,,3,ARISTIDE BRIAND (BOULEVARD),0,,2,2,0,1,1,0,1,, -1,1,8,1,50,4,5,5,93,93048,2,3,0,6,Boulevard Aristide Briand / Rue Jean Baptiste Lamarck,48.87055,2.45109,1,1,1
202100045654,120Â 134,A01,1,1,2,0,2,0,-1,-1, -1,-1,2021,18.0,1,1,0,2,7,19,3,,4,WALWEIN (AVENUE),0,,2,2,0,1,1,0,1,, -1,1,0,1,30,1,4,1,93,93048,2,9,0,3,WALWEIN (AVENUE),48.8620489113,2.4452705764,19,3,2
202100020769,164Â 515,A01,1,1,2,5,1,-1,-1,0,0,-1,2021,25.0,1,2,9,0,1,11,1,,3,529,-1,,2,2,2,1,25,860,1,, -1,1,9,4,50,5,9,5,38,38499,2,1,0,6,1532 Route du Chevalement,44.927223,5.776999,20,3,1
202100034496,140Â 066,B01,1,1,2,1,1,-1,-1,0,0,-1,2021,48.0,1,2,0,0,4,1,1,,3,RD981,0,A,2,2,0,1,18,600,1,, -1,1,0,1,80,15,6,1,60,60029,1,1,0,4,D981,49.374535,1.990329,8,4,3
202100017373,170Â 585,B01,1,1,1,0,1,0,-1,-1, -1,-1,2021,54.0,2,2,0,2,4,26,1,,1,13,0,,3,6,0,2,4,500,1,, -1,1,0,1,90,23,9,5,92,92064,1,1,0,2,A13,48.8394936751,2.2046648274,20,2,2
202100040552,129Â 126,A01,2,2,1,5,2,6,9,0,0,-1,2021,22.0,1,1,3,0,9,1,1,,3,8,-1,,2,2,0,2,11,500,3,, -1,1,0,1,80,9,5,1,63,63214,1,1,1,7,D751A,45.702628,3.198781,16,2,1
202100049996,112Â 377,A01,1,1,1,0,1,8,-1,-1, -1,-1,2021,22.0,2,2,0,2,3,13,1,,3,D606,0,,2,2,0,1,30,250,1,, -1,1,2,1,80,15,2,1,89,89236,1,1,0,5,D606,48.17976,3.30011,13,3,3
202100031107,146Â 137,A01,10,3,2,0,0,-1,-1,4,3,1,2021,24.0,1,2,0,1,1,1,1,,4,AVE PRESIDENT J.F. KENNEDY,0,,3,2,0,1,(1),(1),1,, -1,1,8,1,30,1,7,1,33,33281,2,9,0,6,Avenue PrÃ©sident John Fitzgerald Kennedy,44.83292,-0.65345,11,2,1
202100020976,164Â 173,A01,1,1,2,5,1,-1,-1,-1, -1,-1,2021,67.0,2,2,4,0,3,13,1,,1,ROCADE A 630,0,,3,6,0,1,28,386,1,, -1,2,0,1,90,3,9,5,33,33550,1,1,0,6,ROCADE A 630,44.783264,-0.587612,23,1,1
202100031837,144Â 845,A01,1,1,1,4,2,-1,-1,0,0,-1,2021,20.0,0,1,0,2,1,1,1,,4,JEAN JAURES (RUE),0,,2,2,0,1,(1),(1),2,, -1,2,0,1,50,25,6,1,80,80021,2,1,1,3,JEAN JAURES (RUE),49.89772,2.28662,20,2,2
202100034051,140Â 895,B01,1,1,1,5,2,8,-1,-1, -1,-1,2021,72.0,1,1,0,2,4,19,5,,4,RD 900 VERS RENNES,0,,2,2,0,1,(1),(1),3,, -1,1,0,1,50,10,6,1,53,53201,1,1,0,2,Avenue Pierre de Coubertin,48.079097,-0.820282,13,2,2
202100014562,175Â 676,A01,10,3,1,0,0,-1,-1,3,3,1,2021,70.0,3,2,0,1,1,1,1,,4,PL HENRI BARBUSSE,0,,1,1,0,1,0,0,2,, -1,1,0,1,30,7,10,1,91,91479,2,7,0,6,PL HENRI BARBUSSE,48.71295,2.36242,16,2,1
202100051569,109Â 519,A01,10,3,1,9,0,-1,-1,3,3,1,2021,41.0,2,2,0,1,7,19,1,,3,BOULEVARD DES HEROS,0,,1,2,0,1,(1),(1),1,, -1,1,0,1,50,12,2,3,971,97101,2,9,0,6,BOULEVARD DES HEROS,16.24761,-61.52837,20,2,1
202100019712,166Â 408,A01,1,1,1,9,8,0,-1,-1, -1,-1,2021,36.0,1,2,0,2,7,1,1,,3,MARNE AVENUE,0,,2,0,0,1,0,0,4,, -1,2,9,1,50,10,9,1,8,8105,1,1,1,3,D951,49.73584,4.72121,11,2,2
202100018716,168Â 183,C01,1,1,1,4,1,0,-1,-1, -1,-1,2021,34.0,2,4,0,2,1,0,0,,1,A4,0,,-1,3,0,1,7,500,1,, -1,2,0,1,90,15,9,1,94,94017,1,1,1,4,A4,48.82996,2.4857,8,3,3
202100000322,201Â 143,A01,1,1,1,4,0,-1,-1,-1, -1,-1,2021,30.0,2,1,0,2,7,1,5,,4,,-1,,1,2,2,1,(1),(1),1,, -1,-1,0,1,50,1,4,1,33,33063,2,7,-1,3,Place Paul Doumer,44.85159,-0.57404,18,2,2
202100011122,181Â 854,A01,1,1,1,0,2,6,-1,-1, -1,-1,2021,25.0,2,1,0,2,2,15,1,,3,VERDUN (AV DE),0,,2,4,2,1,0,499,1,, -1,2,0,1,50,25,10,3,94,94046,2,3,0,3,Avenue de Verdun,48.80926,2.45958,20,2,2
202100049611,113Â 064,A01,1,1,2,0,1,-1,-1,0,0,-1,2021,68.0,0,2,0,2,3,1,1,,4,DURY (BOULEVARD DE),0,,2,6,0,1,(1),(1),1,, -1,1,0,1,50,27,2,1,80,80021,2,2,0,3,DURY (BOULEVARD DE),49.8799291652,2.2908961773,17,2,2
202100012593,179Â 208,A01,1,1,1,0,2,0,-1,-1, -1,-1,2021,19.0,1,1,0,2,3,3,1,,1,A7-Sens Lyon vers Marseille,0,,1,2,0,1,257,0,1,, -1,1,0,1,110,14,10,1,13,13081,1,1,0,3,A7-Sens Lyon vers Marseille,43.4753559619,5.2367148399,8,2,2
202100008789,186Â 035,A01,1,1,1,1,2,6,-1,0,0,-1,2021,49.0,3,1,0,1,2,1,1,,4,27,0,,2,2,0,1,(1),(1),1,, -1,1,0,1,50,10,11,4,95,95527,2,1,0,6,27 Rue Jean Moulin,49.003969,2.509563,5,2,1
202100054161,104Â 935,B01,1,1,2,3,1,5,-1,0,0,-1,2021,73.0,2,2,0,2,3,1,1,,3,906,0,D,2,2,0,2,15,0,1,, -1,1,0,1,80,22,1,1,30,30203,1,1,0,1,D'906,44.254146,4.045058,16,2,2
202100012476,179Â 407,A01,10,3,2,5,0,-1,-1,4,3,2,2021,70.0,2,4,0,1,2,16,6,,4,RUE DU FAUBOURG SAINT MARTIN,0,,1,1,0,1,(1),(1),1,, -1,1,0,1,30,16,10,1,75,75110,2,2,0,6,RUE DU FAUBOURG SAINT MARTIN,48.873773,2.358316,9,2,1
202100012281,179Â 776,A01,1,1,1,4,2,6,-1,-1, -1,-1,2021,48.0,2,1,0,2,2,18,1,,3,GENERAL LECLERC (AV.) (1 A 55BIS - 2 A 4,0,,1,1,0,2,0,0,1,, -1,1,0,1,50,19,10,1,92,92014,2,1,0,2,GENERAL LECLERC (AV.) (1 A 55BIS - 2 A 4,48.782800861,2.3167392612,12,2,2
202100019037,167Â 610,A01,1,1,1,5,1,-1,-1,0,0,-1,2021,82.0,1,2,0,0,1,13,1,,2,147,-1,,2,2,0,1,13,200,1,, -1,1,0,1,90,14,9,1,86,86190,1,1,0,6,N147,46.362277,0.773705,14,5,3
202100036022,137Â 299,A01,1,1,1,5,8,-1,-1,0,0,-1,2021,33.0,1,2,0,2,3,13,1,,3,107,0,,2,2,0,1,4,800,2,, -1,1,0,1,80,6,6,1,78,78497,1,1,0,1,D107,48.669404,1.726431,16,2,2
202100047684,116Â 522,A01,1,1,2,0,1,-1,-1,0,0,-1,2021,44.0,1,2,0,2,1,13,1,,3,116,0,D,3,2,0,1,3,400,1,, -1,1,0,1,80,18,3,1,91,91115,1,1,0,5,D116,48.584514,2.183704,8,3,3
202100021689,162Â 867,A01,1,1,1,1,1,-1,-1,0,0,-1,2021,31.0,1,2,0,2,2,1,1,,3,674,0,,2,1,0,3,56,380,1,, -1,1,0,1,70,31,8,1,57,57197,1,3,0,3,RD 674,49.061456,6.983244,13,2,2
202100000910,200Â 117,B01,10,3,1,5,0,-1,-1,5,9,1,2021,41.0,2,5,6,1,6,16,1,,3,81,0,D,2,2,0,2,15,70,1,, -1,1,0,1,50,31,12,1,62,62641,2,1,0,2,31 Rue de l Eglise,50.395997,2.393859,10,3,2
202100029031,149Â 839,A01,1,1,1,5,1,-1,-1,0,0,-1,2021,30.0,1,2,0,0,3,13,1,,3,992,-1,,2,2,0,1,10,400,3,, -1,2,0,3,80,15,7,3,1,1294,1,1,1,7,route du rhÃ´ne,45.670101,5.679918,2,1,1
202100009698,184Â 369,B01,1,1,1,5,1,-1,-1,0,0,-1,2021,62.0,3,2,0,2,1,19,1,,3,15,-1,,2,2,0,1,(1),(1),1,, -1,1,5,1,80,30,10,1,22,22210,1,2,1,3,Route de Loguivy de la Mer,48.803079,-3.065242,16,4,2
202100039985,130Â 121,B01,1,1,1,0,1,-1,-1,0,0,-1,2021,54.0,2,2,0,2,3,15,1,,3,769,0,,2,2,0,2,22,48,1,, -1,1,0,1,80,8,5,1,56,56014,1,2,0,3,D769,47.964356,-3.402253,13,3,2
202100052165,108Â 468,A01,10,3,1,4,4,-1,-1,6,3,1,2021,29.0,1,2,0,1,2,26,1,,3,151,0,E,2,2,0,1,0,50,1,, -1,1,0,1,80,8,2,1,51,51662,1,1,0,7,D151E1,49.282028179,4.1072291136,15,2,1
202100035128,138Â 913,A01,1,1,1,5,2,6,-1,0,0,-1,2021,60.0,1,1,13,2,0,13,1,,3,26,-1,D,2,2,0,2,23,7,2,, -1,1,0,1,80,12,6,1,31,31208,1,1,0,3,D26,43.059262,0.809212,16,2,2
202100045717,120Â 027,A01,1,1,1,1,1,-1,-1,-1,0,-1,2021,30.0,2,2,13,2,1,1,1,,1,AUTOROUTE A115,0,,3,6,0,2,6,0,1,, -1,1,0,1,70,31,3,3,95,95607,1,1,0,7,A115,49.01364,2.21904,23,1,1
202100028908,150Â 056,A01,1,1,1,1,1,-1,-1,0,0,-1,2021,28.0,1,2,2,0,7,1,1,,3,35,0,D,2,2,0,2,4,900,2,, -1,2,0,3,80,16,7,2,25,25071,1,1,1,7,D35,47.428598,6.844036,8,1,1
202100040465,129Â 276,A01,1,1,1,5,1,-1,-1,-1, -1,-1,2021,41.0,0,2,8,0,3,13,1,,4,CHRISTOPHE COLOMB (AVENUE),0,,3,4,0,1,0,0,1,, -1,1,0,8,50,8,5,5,76,76351,2,1,0,6,CHRISTOPHE COLOMB (AVENUE),49.48119,0.15139,0,1,1
202100023163,160Â 213,A01,1,1,1,5,2,6,-1,0,0,-1,2021,15.0,3,1,0,0,0,1,1,,4,,-1,,2,2,0,2,(1),(1),1,,3,1,0,1,50,22,8,1,79,79086,2,1,0,7,Bois Vert,46.407787,-0.370748,17,1,1
202100033418,142Â 036,B01,1,1,1,5,2,6,-1,0,0,-1,2021,48.0,2,1,0,2,6,1,1,,4,PORTE DE CLIGNANCOURT,0,,1,4,0,1,21,600,1,, -1,1,0,1,70,18,6,2,75,75118,2,1,1,3,PORTE DE CLIGNANCOURT,48.900967,2.339902,19,2,2
202100001396,199Â 274,A01,7,2,2,5,1,-1,-1,0,0,-1,2021,17.0,1,2,2,0,1,1,1,,3,7,0,D,-1,2,0,1,38,148,1,, -1,2,9,3,80,26,12,3,62,62712,1,2,1,6,D7,50.224916,2.680374,22,4,1
202100024308,158Â 216,A01,1,1,1,9,2,6,-1,0,0,-1,2021,25.0,3,1,4,0,0,14,1,,4,BOULEVARD PERIPHERIQUE,0,,1,2,0,1,(1),(1),1,, -1,1,2,1,70,12,8,1,75,75120,2,4,0,6,BOULEVARD PERIPHERIQUE,48.867163,2.41323,17,2,1
202100038572,132Â 700,A01,1,1,1,5,2,-1,-1,0,0,-1,2021,52.0,2,1,13,0,7,1,1,,3,202,-1,,2,2,0,1,0,70,4,, -1,1,0,1,80,24,5,1,53,53216,1,1,1,6,D202,48.360273,-0.551805,11,1,1
202100036015,137Â 312,A01,1,1,1,4,1,-1,-1,0,0,-1,2021,32.0,2,5,0,2,1,17,1,,7,723,-1,,2,2,0,1,45,450,1,, -1,1,0,1,80,8,6,1,44,44204,1,1,0,1,Chemin Nantais RD 723,47.289134,-1.432219,15,2,2
202100027714,152Â 175,A01,1,1,1,0,1,0,-1,0,0,-1,2021,19.0,2,2,2,0,1,14,1,,2,RN 70 (ROUTE EXPRESS),0,,1,1,0,4,35,125,2,, -1,1,3,2,70,21,7,1,71,71306,1,1,0,6,RN 70 (ROUTE EXPRESS),46.68687,4.35731,20,1,1
202100036136,137Â 091,A01,1,1,1,5,2,-1,-1,0,0,-1,2021,61.0,-1,1,0,0,0,1,5,,3,D828,-1,,2,2,0,1,1,950,1,, -1,1,0,1,80,5,6,1,61,61075,1,1,0,7,Landisson,48.464004,-0.641686,14,1,1
202100041523,127Â 390,A01,2,2,1,9,2,6,-1,-1, -1,-1,2021,17.0,3,1,1,0,2,21,1,,4,PONTOTS (GIRATOIRE LES),0,,4,2,1,1,0,0,1,, -1,1,0,1,30,3,5,1,64,64102,2,6,0,3,PONTOTS (GIRATOIRE LES),43.4886,-1.49149,16,3,2
202100055532,102Â 587,A01,1,1,1,3,2,0,-1,0,0,-1,2021,83.0,0,1,14,0,0,1,5,,4,PLACE DE LA CONCORDE,0,,1,4,1,1,(1),(1),1,, -1,1,-1,5,50,11,1,1,75,75108,2,7,0,7,PLACE DE LA CONCORDE,48.864361,2.320338,12,1,1
202100012883,178Â 699,A01,1,1,2,9,1,0,-1,0,0,-1,2021,33.0,2,2,14,0,1,13,1,,4,QUAI HENRI IV,0,,1,2,0,2,(1),(1),1,, -1,1,0,1,30,16,10,5,75,75104,2,1,0,6,QUAI HENRI IV,48.847386,2.364797,1,1,1
202100048696,114Â 711,B01,1,1,1,1,8,0,-1,0,0,-1,2021,24.0,2,1,0,2,1,1,3,,4,BOULEVARD MASSENA,0,,2,4,0,2,(1),(1),1,, -1,1,0,1,50,9,3,1,75,75113,2,2,0,3,BOULEVARD MASSENA,48.822287,2.371649,9,2,2
202100027569,152Â 444,A01,1,1,1,9,2,6,-1,0,0,-1,2021,26.0,1,1,0,1,3,1,1,,4,RUE DE LA CROIX NIVERT,0,,2,2,0,1,(1),(1),1,, -1,1,0,1,50,22,7,1,75,75115,2,2,0,6,RUE DE LA CROIX NIVERT,48.837352,2.289451,16,2,1
202100052339,108Â 164,A01,1,1,2,0,1,0,-1,-1, -1,-1,2021,30.0,2,2,0,2,2,1,1,,3,CHARLES DE GAULLE (BD),0,,3,4,0,1,0,0,1,, -1,1,0,1,50,6,2,1,92,92025,2,5,0,3,CHARLES DE GAULLE (BD),48.9133003924,2.2306524235,13,2,2
202100054776,103Â 881,B01,1,1,1,4,1,0,-1,0,0,-1,2021,44.0,2,2,0,2,8,1,1,,4,PORTE DE LA CHAPELLE,0,,3,4,0,1,23,200,1,, -1,1,0,1,70,13,1,2,75,75118,2,4,0,5,PORTE DE LA CHAPELLE,48.900899,2.363898,7,3,3
202100028350,151Â 027,A01,1,1,1,5,1,-1,-1,0,0,-1,2021,23.0,1,2,4,0,3,1,1,,3,1085,-1,,2,2,0,1,(1),(1),1,, -1,1,0,1,80,19,7,3,38,38400,1,1,0,6,Route de Grenoble,45.324641,5.589994,0,1,1
202100027413,152Â 712,A01,3,2,2,5,1,-1,-1,0,0,-1,2021,12.0,2,1,0,0,4,23,1,,1,6,0,,3,4,0,1,253,700,1,, -1,3,0,1,110,24,7,1,21,21298,1,1,1,4,A6 - PK 253+700,47.3263221278,4.4855384533,11,8,3
202100056352,101Â 173,A01,1,1,1,5,1,-1,-1,0,0,-1,2021,67.0,1,2,8,0,3,1,1,,4,10,-1,,2,2,0,1,(1),(1),1,, -1,1,0,3,50,2,1,3,37,37077,1,1,0,6,route de la bruyÃ¨re,47.3590036168,0.4381066561,18,1,1
202100030688,146Â 902,A01,1,1,1,0,2,6,-1,-1, -1,-1,2021,43.0,1,1,0,0,8,1,1,,3,DEVI DU CD 19,0,,1,2,0,1,0,0,2,, -1,5,0,1,30,16,1,1,91,91103,1,1,1,7,DEVI DU CD 19,48.57834,2.29886,13,1,1
202100005090,192Â 675,B01,1,1,1,2,2,6,-1,-1, -1,-1,2021,17.0,1,1,0,2,1,1,1,,4,LOMBARDS (AVENUE),0,,2,2,0,1,0,0,1,, -1,2,0,1,50,1,12,1,10,10387,2,4,1,3,LOMBARDS (AVENUE),48.26889,4.08448,11,2,2
202100045908,119Â 696,B01,1,1,1,5,1,8,-1,-1, -1,-1,2021,26.0,2,5,0,2,1,1,1,,3,FELIX EBOUE(ROCADE),0,,2,2,0,1,2,400,1,, -1,1,0,1,50,29,3,5,973,97302,2,1,0,3,FELIX EBOUE(ROCADE),4.9322942222,-52.3111009722,22,2,2
202100034720,139Â 655,A01,1,1,1,0,2,0,-1,-1, -1,-1,2021,22.0,1,1,0,2,1,3,1,,2,385,0,,2,4,0,1,57,250,1,, -1,1,0,1,90,12,6,1,92,92019,1,1,0,6,RN 385 ExtÃ¨rieure,48.7697864876,2.244013287,19,3,3
202100041562,127Â 314,A01,1,1,1,1,1,0,-1,-1, -1,-1,2021,39.0,0,2,0,2,2,26,1,,4,LEO LAGRANGE (R),0,,2,0,0,1,1,0,1,, -1,1,0,1,30,3,5,1,94,94078,2,1,0,3,Avenue LÃ©o Lagrange,48.73069,2.459298,18,2,2
202100006293,190Â 545,A01,10,3,2,5,0,-1,-1,3,3,1,2021,75.0,1,2,0,1,2,1,1,,4,BOULEVARD DE PICPUS,0,,1,2,1,1,(1),(1),1,, -1,1,0,1,30,25,11,1,75,75112,2,1,0,6,BOULEVARD DE PICPUS,48.843719,2.401594,13,2,1
202100000278,201Â 225,A01,1,1,1,5,1,5,-1,0,0,-1,2021,37.0,2,2,4,0,0,21,1,,1,10,0,A,3,3,0,1,127,1,1,,10,1,0,1,130,30,12,2,41,41114,1,1,1,6,A10,47.758043,1.552435,17,3,1
202100016122,172Â 823,A01,1,1,2,0,8,0,-1,-1, -1,-1,2021,46.0,1,1,0,2,3,9,5,,4,RHIN ET DANUBE (AV) NÂ° IMP 1 A 269,0,,2,2,2,1,0,0,1,, -1,1,0,1,50,28,9,2,72,72181,2,1,0,3,RHIN ET DANUBE (AV) NÂ° IMP 1 A 269,48.02009,0.18397,7,2,2
202100034750,139Â 594,B01,1,1,2,0,1,0,-1,-1, -1,-1,2021,46.0,2,2,0,2,4,2,1,,3,SOULT (AVENUE MARECHAL),0,,3,4,0,1,7,855,1,, -1,1,0,1,50,12,6,1,64,64102,2,1,0,4,SOULT (AVENUE MARECHAL),43.4867,-1.48705,15,4,4
202100029432,149Â 168,A01,10,3,1,5,8,-1,-1,5,A,2,2021,42.0,0,5,0,1,0,1,0,,4,FRANCE ANATOLE (DE 55 A 247 ET 48 A 240),0,,-1,2,0,2,(1),(1),1,, -1,1,0,1,50,11,7,1,29,29019,2,1,0,6,Rue Anatole France,48.38185,-4.52528,16,2,1
202100043733,123Â 516,A01,1,1,2,1,1,8,-1,-1, -1,-1,2021,49.0,1,2,2,2,0,26,1,,2,JAURES (BLD 1 JEAN),0,,3,3,1,3,(1),(1),1,, -1,1,5,3,50,16,4,3,974,97411,2,1,0,6,JAURES (BLD 1 JEAN),-20.89082,55.46606,18,1,1
202100046585,118Â 502,B01,1,1,2,0,1,0,-1,-1, -1,-1,2021,40.0,1,2,0,2,4,1,1,,4,MERMOZ RUE JEAN),0,,2,2,0,1,0,1,1,, -1,1,0,1,50,24,3,1,74,74012,2,1,0,2,MERMOZ RUE JEAN),46.19557,6.25154,9,2,2
202100039145,131Â 654,A01,1,1,1,9,8,0,-1,0,0,-1,2021,25.0,1,1,0,2,1,2,5,,4,RUE DE LA ROQUETTE,0,,2,2,0,2,(1),(1),1,, -1,1,0,1,30,20,5,1,75,75111,2,3,0,2,RUE DE LA ROQUETTE,48.857991,2.38158,18,2,2
202100024774,157Â 368,A01,1,1,2,1,2,8,-1,-1, -1,-1,2021,34.0,1,1,0,2,1,2,3,,3,REPUBLIQUE (AV DE LA),0,,2,2,0,1,1,0,1,, -1,1,0,1,50,9,8,1,94,94046,2,1,0,3,Avenue de la RÃ©publique,48.809825,2.454878,19,2,2
202100031010,146Â 304,A01,10,3,2,0,0,-1,-1,3,3,1,2021,74.0,2,2,0,1,4,20,1,,4,GUY MOQUET                          (PL),0,,1,1,3,1,(1),(1),1,, -1,1,0,1,50,1,7,1,69,69256,2,1,0,6,GUY MOQUET (PL),45.78487,4.9111,8,2,1
202100017763,169Â 870,A01,1,1,2,9,1,0,-1,-1, -1,-1,2021,39.0,2,2,0,2,6,2,1,,1,Sens Aubagne vers Marseille,0,,1,3,0,1,7,599,1,, -1,1,0,1,90,21,9,1,13,13211,1,1,0,2,Sens Aubagne vers Marseille,43.2929243949,5.4764163494,17,4,2
202100003948,194Â 688,A01,1,1,1,5,8,0,-1,-1, -1,-1,2021,36.0,2,2,2,0,1,1,1,,3,MARECHAL DE LATTRE DE TASSIGNY,0,,1,2,0,1,2,200,1,, -1,1,0,3,70,8,12,3,60,60057,1,1,0,6,avenue du marÃ©chal De Lattre de Tassigny ,49.41101,2.10236,20,1,1
202100045416,120Â 552,B01,1,1,1,0,2,8,-1,-1,0,-1,2021,37.0,3,1,0,2,1,1,1,,3,MARIGARDE (ROUTE DE LA),0,,2,2,0,2,20,569,2,, -1,1,0,1,50,2,4,1,6,6069,2,1,0,3,MARIGARDE (ROUTE DE LA),43.653675,6.935996,13,2,2
202100039256,131Â 440,B01,1,1,2,0,8,-1,-1,-1, -1,-1,2021,20.0,3,1,0,2,1,1,3,,4,GARIBALDI  (R ),0,,2,2,1,1,(1),(1),1,, -1,2,0,5,30,19,5,1,69,69387,2,1,1,3,GARIBALDI (R),45.75026,4.85389,16,2,2
202100007953,187Â 515,B01,1,1,1,9,1,4,-1,-1, -1,-1,2021,44.0,1,2,0,2,2,14,1,,1,A104,0,,3,6,0,2,25,899,1,, -1,1,0,1,90,16,11,1,77,77438,1,1,0,6,A104,48.8546107623,2.6634357356,14,2,2
202100046122,119Â 321,B01,1,1,1,5,2,8,-1,-1, -1,-1,2021,22.0,0,1,0,2,1,1,1,,3,RD 99 ROUTE DE SAINT REMY,0,,2,2,0,1,0,0,1,, -1,1,0,1,80,28,3,2,13,13108,1,1,0,3,RD 99 ROUTE DE SAINT REMY,43.80039,4.67311,20,3,2
202100010956,182Â 143,B01,1,1,2,5,2,0,-1,-1, -1,-1,2021,66.0,2,1,0,2,1,1,1,,3,920,0,,3,2,0,2,0,0,1,, -1,1,0,1,50,26,10,1,92,92002,2,1,0,3,DIVISION LECLERC (53 A 217 - 58 A 186),48.73714,2.30177,11,2,2
202100008256,186Â 957,A01,1,1,1,4,2,0,-1,0,0,-1,2021,19.0,1,0,0,1,1,17,3,,4,RUE DE L OURCQ,0,,2,2,0,1,(1),(1),1,, -1,2,0,1,30,13,11,5,75,75119,2,1,0,6,RUE DE L OURCQ,48.887396,2.384651,18,2,1