Num_Acc,id_vehicule,num_veh,place,catu,sexe,trajet,secu1,secu2,secu3,locp,actp,etatp,year_acc,victim_age,senc,catv,obs,obsm,choc,manv,motor,occutc,catr,voie,v1,v2,circ,nbv,vosp,prof,pr,pr1,plan,lartpc,larrout,surf,infra,situ,vma,jour,mois,lum,dep,com,agg_,int,atm,col,adr,lat,long,hour,nb_victim,nb_vehicules
202100013099,178Â 328,A01,1,1,1,0,1,0,-1,-1, -1,-1,2021,36.0,1,2,0,2,1,1,1,,3,ROCADE EST (RD 610),0,,3,4,0,1,22,0,1,, -1,1,0,1,110,15,10,1,10,10081,1,1,0,2,ROCADE EST (RD 610),48.32781,4.06099,18,2,2
202100006248,190Â 628,B01,1,1,1,9,1,5,-1,-1, -1,-1,2021,35.0,1,2,0,6,4,9,1,,3,ROUTE DEPARTEMENTALE 917,0,,-1,2,0,1,27,860,1,, -1,1,0,1,70,25,11,3,41,41269,1,1,0,2,ROUTE DEPARTEMENTALE 917,47.76693,1.09356,19,2,2
202100030893,146Â 539,B01,1,1,1,5,2,-1,-1,0,0,-1,2021,57.0,3,1,0,2,1,1,1,,4,1,0,V,-1,2,0,3,(1),(1),1,, -1,1,0,1,50,13,6,1,34,34194,1,1,0,1,Route d Adissan,43.537758,3.444391,17,2,2
202100022703,161Â 018,A01,10,3,1,0,0,-1,-1,-1, -1,-1,2021,68.0,2,2,0,1,1,15,1,,3,NATIONALE  R,0,,1,1,0,1,1,0,1,, -1,1,0,1,50,23,8,1,69,69264,2,3,0,6,NATIONALE (R),45.99285,4.71871,9,2,1
202100003402,195Â 680,B01,1,1,1,5,8,0,-1,-1, -1,-1,2021,34.0,2,1,0,2,3,5,3,,3,SICARD (BD.DES DOCTEURS),0,,1,2,0,1,0,406,1,, -1,2,0,1,50,11,12,5,81,81065,2,1,0,1,SICARD (BD.DES DOCTEURS),43.60758,2.24229,3,3,2
202100040235,129Â 678,B01,1,1,1,1,2,6,-1,-1, -1,-1,2021,56.0,2,1,0,2,3,3,1,,3,BRIAND ( AV. ARISTIDE) 31 A 91,0,,-1,0,0,1,1,0,1,, -1,1,0,1,50,12,5,1,93,93057,2,1,0,3,BRIAND ( AV. ARISTIDE) 31 A 91,48.909029,2.50149,7,2,2
202100010526,182Â 911,B01,1,1,1,1,8,0,-1,-1, -1,-1,2021,20.0,3,1,0,2,1,0,3,,4,CHATAIGNIERS (RUE DES),0,,2,2,0,1,1,0,1,, -1,1,5,1,50,27,10,1,45,45235,2,3,0,3,CHATAIGNIERS (RUE DES),47.9459,1.84441,16,2,2
202100039767,130Â 503,A01,1,1,1,5,1,-1,-1,0,0,-1,2021,48.0,1,2,0,2,1,13,1,,3,113,0,D,2,2,0,1,66,800,1,, -1,2,0,1,50,18,5,1,78,78528,2,1,1,1,17 b Rue Nationale,49.017013,1.610696,17,2,2
202100039952,130Â 174,B01,1,1,2,1,1,0,-1,-1, -1,-1,2021,38.0,1,2,0,2,4,1,1,,4,ATHENES (BOULEVARD D'),0,,1,1,0,1,(1),(1),1,, -1,1,1,1,50,14,5,5,13,13201,2,1,0,2,ATHENES (BOULEVARD D'),43.300067,5.380813,20,2,2
202100028965,149Â 952,A01,2,2,1,0,1,0,-1,-1, -1,-1,2021,30.0,0,2,2,0,7,1,1,,4,GARSTEDT. RUE DE,0,,-1,2,0,2,(1),(1),3,, -1,1,0,4,50,14,7,1,76,76410,2,1,0,6,GARSTEDT. RUE DE,49.481518,1.033961,6,2,1
202100027725,152Â 157,B01,1,1,1,5,8,0,-1,-1, -1,-1,2021,53.0,1,1,0,2,3,19,5,,4,14 JUILLET (AVENUE),0,,3,4,1,1,0,0,3,, -1,1,6,1,50,19,7,1,57,57672,2,1,0,6,14 JUILLET (AVENUE),49.35811,6.13146,17,2,2
202100027852,151Â 932,A01,10,3,2,3,0,-1,-1,3,3,1,2021,83.0,2,5,0,1,2,1,1,,3,1089,0,,2,2,0,1,13,1200,1,, -1,1,9,1,50,22,7,1,42,42094,2,1,0,6,3 place du Forum,45.743501,4.222537,9,2,1
202100003160,196Â 115,A01,1,1,1,1,2,0,-1,0,0,-1,2021,46.0,2,1,0,1,0,21,5,,4,RUE DE VAUGIRARD,0,,1,2,0,1,(1),(1),1,, -1,1,0,1,30,13,12,1,75,75115,2,1,0,6,RUE DE VAUGIRARD,48.836546,2.295,8,2,1
202100043924,123Â 159,A01,1,1,1,5,2,0,-1,-1, -1,-1,2021,32.0,1,1,0,2,2,17,1,,3,BD DE STALINGRAD ,0,,2,2,0,1,1,0,1,, -1,1,0,1,50,15,4,1,94,94017,2,2,0,3,Boulevard de Stalingrad,48.81722,2.50964,14,2,2
202100015514,173Â 962,B01,1,1,1,5,1,0,-1,-1, -1,-1,2021,54.0,3,2,0,2,4,2,1,,3,LYS(AVENUE DU)NÂ°9 A 413,0,,2,2,0,1,1,722,1,, -1,1,0,1,50,30,9,2,77,77152,2,3,0,2,D372,48.521149,2.633105,7,2,2
202100052354,108Â 136,A01,1,1,1,5,0,-1,-1,0,0,-1,2021,67.0,1,2,7,0,1,1,1,,3,37,-1,,2,2,0,1,35,100,2,, -1,1,0,8,80,5,2,3,83,83029,1,1,0,6,637 Route de Montauroux,43.627044,6.757472,20,1,1
202100016723,171Â 733,B01,1,1,2,1,4,-1,-1,0,0,-1,2021,33.0,2,1,0,0,3,2,5,,3,919,-1,,2,2,0,2,39,593,1,, -1,1,0,1,80,27,9,3,9,9103,1,1,0,3,D919,43.027584,1.575208,7,2,2
202100026149,154Â 952,A01,1,1,1,9,2,6,-1,0,0,-1,2021,47.0,1,1,0,2,1,12,1,,4,PORTE DE LA VILLETTE,0,,1,4,0,1,25,200,1,, -1,1,0,1,70,31,7,5,75,75119,2,1,0,2,PORTE DE LA VILLETTE,48.900426,2.388878,1,2,2
202100023442,159Â 719,A01,1,1,1,0,1,0,-1,-1, -1,-1,2021,45.0,0,2,0,2,0,17,1,,2,FOS (ROUTE DE) - RN 569,0,,2,2,0,1,1212,0,1,, -1,1,0,1,80,19,8,1,13,13047,1,1,0,1,FOS (ROUTE DE) - RN 569,43.542736,4.955859,14,2,2
202100055441,102Â 755,B01,1,1,1,0,8,0,-1,-1, -1,-1,2021,32.0,1,1,0,2,0,26,1,,3,RD 41 (ROCADE),0,,3,4,0,3,0,500,1,, -1,1,9,1,60,10,1,5,972,97209,2,1,0,3,RD 41 (ROCADE),14.6162,-61.05593,22,2,2
202100019814,166Â 228,A01,1,1,1,1,2,6,-1,-1, -1,-1,2021,58.0,2,1,0,5,7,21,1,,2,RN 104,0,,1,2,0,1,28,100,3,, -1,1,0,1,70,10,9,3,77,77251,1,1,0,7,RN 104,48.631,2.533,6,1,1
202100039991,130Â 111,B01,2,2,2,3,1,-1,-1,0,0,-1,2021,35.0,1,2,15,2,1,1,1,,3,102E2,0,,2,2,0,1,4,520,1,, -1,2,0,1,80,15,5,1,33,33208,1,2,1,3,D102e2,45.383456,-0.956127,11,4,2
202100047204,117Â 390,A01,1,1,2,5,0,-1,-1,-1, -1,-1,2021,62.0,2,0,1,0,2,1,3,,4,FONTANIERES (DE)                     (CH,0,,2,2,0,1,(1),(1),1,, -1,1,0,1,30,20,3,1,69,69142,2,9,0,3,FONTANIERES (DE) (CHM),45.7495968222,4.8146282136,9,2,2
202100004956,192Â 931,A01,1,1,1,0,1,-1,-1,0,0,-1,2021,71.0,2,2,0,2,2,1,1,,3,10,-1,,2,2,0,1,17,400,1,,"5,5",1,0,1,90,3,12,1,23,23095,1,2,0,3,La Toueille,46.139415,1.602314,13,3,2
202100041151,128Â 046,B01,1,1,1,5,2,0,-1,-1, -1,-1,2021,28.0,1,1,0,2,1,1,1,,3,STALINGRAD (BD DE),0,,1,2,0,1,0,1,2,, -1,1,0,1,50,5,5,5,94,94022,2,2,0,3,Boulevard de Stalingrad,48.7727560439,2.4002766609,21,6,2
202100049192,113Â 828,A01,10,3,2,0,0,-1,-1,3,3,1,2021,62.0,2,2,0,1,1,1,1,,3,D,0,,2,2,0,1,33,600,2,, -1,1,0,1,30,6,3,1,83,83081,2,1,0,6,Avenue Jean Camille Pauc,43.617895,6.764402,8,2,1
202100004896,193Â 036,B01,1,1,1,0,8,0,-1,-1, -1,-1,2021,42.0,2,2,0,2,6,11,1,,2,RN385,0,,1,3,0,1,58,200,1,, -1,2,0,1,90,4,12,1,92,92060,1,1,1,2,RN385,48.7756032854,2.238094687,13,2,2
202100049445,113Â 379,A01,1,1,1,0,2,-1,-1,0,0,-1,2021,17.0,2,1,0,0,0,1,1,,3,290,-1,,2,1,0,2,2,60,4,, -1,2,0,1,50,2,3,1,38,38350,1,1,0,7,dÃ©partementale 290,45.249906,5.908499,17,1,1
202100013534,177Â 532,A01,1,1,1,9,1,0,-1,-1, -1,-1,2021,33.0,1,2,13,2,0,17,1,,2,ROCADE (RN 124 EST),0,,1,4,0,1,51,0,1,, -1,1,9,3,70,13,10,1,32,32013,1,1,0,3,ROCADE (RN 124 EST),43.66134,0.64494,13,2,2
202100021485,163Â 237,B01,1,1,1,9,2,0,-1,0,0,-1,2021,26.0,1,1,0,2,1,1,1,,4,BOULEVARD RICHARD LENOIR,0,,3,3,0,1,(1),(1),1,, -1,1,0,1,50,31,8,5,75,75111,2,2,0,3,BOULEVARD RICHARD LENOIR,48.863996,2.370702,21,4,2
202100026555,154Â 231,B01,1,1,1,1,2,-1,-1,0,0,-1,2021,20.0,1,1,0,2,1,1,1,,3,7,-1,,2,1,0,1,12,93,1,, -1,1,0,1,50,29,7,1,6,6089,1,1,0,3,2 bis route de grasse,43.665959,6.980379,14,2,2
202100036118,137Â 121,A01,2,2,2,5,2,-1,-1,0,0,-1,2021,39.0,2,1,13,0,1,1,1,,3,204,0,D,2,2,0,1,5,400,2,, -1,1,0,3,80,6,6,1,62,62245,1,1,0,7,189 Rue Principale,50.703457,1.998675,19,2,1
202100032897,142Â 958,B01,1,1,1,1,2,6,-1,0,0,-1,2021,46.0,1,1,0,2,2,3,1,,4,BOULEVARD PERIPHERIQUE,0,,1,4,0,1,18,900,1,, -1,1,2,1,70,21,6,1,75,75117,2,1,0,3,BOULEVARD PERIPHERIQUE,48.894393,2.305535,17,2,2
202100051548,109Â 558,A01,1,1,1,0,8,-1,-1,0,0,-1,2021,34.0,2,5,0,2,1,13,1,,3,,0,,2,2,0,1,27,500,1,, -1,1,0,1,80,12,2,1,85,85128,1,1,0,5,D2949,46.45988,-1.19573,12,4,3
202100041813,126Â 869,A01,1,1,2,9,2,0,-1,0,0,-1,2021,26.0,2,1,0,2,1,1,3,,4,BOULEVARD BERTHIER,0,,3,4,0,1,(1),(1),1,, -1,2,0,1,50,1,5,1,75,75117,2,4,1,3,BOULEVARD BERTHIER,48.893617,2.31173,13,2,2
202100017644,170Â 080,A01,10,3,2,5,8,8,-1,2,3,2,2021,2.0,1,2,0,1,1,1,1,,4,BITERROIS (AVENUE DU),0,,-1,2,0,1,(1),(1),1,, -1,1,0,1,30,20,9,1,34,34172,2,1,0,6,BITERROIS (AVENUE DU),43.63254,3.82075,19,3,1
202100022649,161Â 136,A01,1,1,1,9,8,0,-1,-1, -1,-1,2021,41.0,3,1,0,2,7,19,5,,4,LIBERTE -DE LA -,0,,1,1,1,3,(1),(1),1,, -1,1,0,5,50,24,8,1,11,11069,2,9,0,3,LIBERTE -DE LA -,43.2158,2.34824,19,2,2
202100043165,124Â 512,A01,1,1,1,0,1,0,-1,-1, -1,-1,2021,31.0,2,2,0,2,2,0,1,,4,ACIERIES (DES),0,,2,5,0,3,(1),(1),3,, -1,2,5,1,50,16,4,1,42,42218,2,2,1,5,Rue des AciÃ©ries,45.4589034403,4.3954643555,18,3,3
202100000459,200Â 886,B01,1,1,2,5,1,-1,-1,-1, -1,-1,2021,18.0,2,2,0,2,8,15,1,,4,REDON (BOULEVARD DU),0,,2,4,0,1,0,0,1,, -1,1,5,1,50,13,11,5,13,13209,2,9,0,3,REDON (BOULEVARD DU),43.24952,5.42236,19,3,2
202100004579,193Â 589,A01,1,1,1,0,1,-1,-1,0,0,-1,2021,58.0,3,2,12,0,2,1,1,,3,D434,-1,,2,2,0,1,24,720,3,, -1,2,0,4,50,5,12,1,70,70415,2,1,1,6,D434,47.856093,6.082821,14,1,1
202100032246,144Â 124,A01,1,1,2,0,1,0,-1,-1, -1,-1,2021,23.0,1,2,0,2,1,11,1,,2,GRAND CAMP(SECTION),0,,1,3,0,1,(1),(1),1,, -1,1,0,1,90,25,6,1,971,97101,1,1,0,4,GRAND CAMP(SECTION),16.25386,-61.53831,7,4,3
202100025952,155Â 293,A01,1,1,2,0,1,0,-1,-1, -1,-1,2021,63.0,2,2,0,2,2,0,1,,1,A12 W,0,,-1,4,0,1,2,700,1,, -1,1,0,1,110,2,8,1,78,78043,1,1,0,2,A12 W,48.824534,2.074272,9,2,2
202100049009,114Â 153,A01,1,1,1,5,2,6,-1,0,0,-1,2021,33.0,1,1,14,0,1,1,1,,3,19,0,,2,2,0,1,5,500,2,, -1,1,0,8,80,6,3,1,36,36222,1,1,0,6,Le Petit Bellevue,46.902445,1.951661,15,1,1
202100025428,156Â 209,A01,1,1,1,0,8,-1,-1,-1, -1,-1,2021,33.0,3,2,0,2,3,26,1,,3,MARECHAL LECLERC,0,,2,3,3,2,35,242,1,,11,2,0,1,80,4,8,1,79,79191,1,2,0,3,Rue du MarÃ©chal Leclerc,46.35128,-0.44092,20,2,2
202100013942,176Â 780,B01,1,1,1,0,2,6,-1,0,0,-1,2021,62.0,3,1,0,2,1,1,1,,4,2,0,,2,2,0,1,(1),(1),3,,5,1,0,1,80,9,10,1,18,18271,1,2,0,3,Route de Saint-Ãloy-de-Gy,47.150034,2.372759,14,2,2
202100015250,174Â 450,A01,1,1,1,0,1,-1,-1,0,0,-1,2021,37.0,1,2,6,0,1,0,1,,3,8,0,D,2,2,0,2,(1),(1),3,, -1,1,0,3,70,5,10,5,974,97415,1,1,0,6,Fleurimont,-21.034078,55.27756,0,1,1
202100052800,107Â 345,C01,1,1,1,4,1,0,-1,0,0,-1,2021,46.0,2,2,0,2,4,23,1,,4,PORTE D ASNIERES,0,,1,2,0,2,(1),(1),1,, -1,2,0,1,50,2,2,2,75,75117,2,1,1,5,PORTE D ASNIERES,48.892762,2.301989,7,4,4
202100033292,142Â 257,A01,1,1,2,0,1,0,-1,-1, -1,-1,2021,22.0,1,2,0,0,9,1,1,,1,AUTOROUTE A86,0,,3,6,0,1,18,299,1,, -1,2,0,1,90,19,6,2,93,93027,1,1,1,7,AUTOROUTE A86,48.9284,2.41612,21,2,1
202100049828,112Â 681,B01,4,2,2,9,1,-1,-1,0,0,-1,2021,10.0,2,2,0,2,1,1,1,,3,4100,-1,,2,2,0,1,35,900,3,, -1,1,0,1,80,1,3,1,4,4034,1,1,0,1,RD 4100,43.930408,5.877932,17,3,2
202100055557,102Â 549,A01,1,1,1,5,2,8,-1,-1, -1,-1,2021,77.0,1,1,5,0,1,19,1,,4,BASSIN NÂ°6 (ROUTE DU),0,,2,2,0,1,0,0,1,, -1,1,0,1,50,10,1,1,92,92036,2,1,0,6,BASSIN NÂ°6 (ROUTE DU),48.948245339,2.2822008218,13,1,1
202100003261,195Â 934,A01,1,1,1,5,2,6,-1,0,0,-1,2021,43.0,1,1,0,2,7,21,1,,4,AVENUE D IENA,0,,2,4,0,1,(1),(1),1,, -1,2,0,1,30,12,12,5,75,75116,2,7,1,2,AVENUE D IENA,48.873146,2.295136,19,3,2
202100031369,145Â 675,A01,10,3,2,5,0,-1,-1,6,1,2,2021,65.0,1,2,0,1,7,1,1,,3,514,0,,2,2,0,1,(1),(1),1,, -1,1,0,1,80,29,6,1,14,14401,1,1,0,6,D514,49.336599,-0.647236,16,2,1
202100049208,113Â 796,B01,1,1,1,0,1,0,-1,-1, -1,-1,2021,36.0,1,2,1,0,1,2,1,,1,AUTOROUTE A1,0,,3,10,0,1,12,699,1,, -1,1,0,1,110,5,3,1,93,93005,1,1,0,2,AUTOROUTE A1,48.96502,2.47478,12,2,2
202100053921,105Â 363,A01,1,1,1,5,2,8,-1,-1, -1,-1,2021,27.0,3,1,0,0,0,26,1,,6,AVE CAMILLE DARSIERES,0,,-1,0,0,1,(1),(1),1,, -1,1,9,1,10,23,1,5,972,97209,1,1,0,7,AVE CAMILLE DARSIERES,14.60119,-61.04644,17,1,1
202100034897,139Â 336,A01,1,1,1,0,0,-1,-1,0,0,-1,2021,28.0,3,1,8,0,8,17,1,,4,VC,0,,2,2,0,1,(1),(1),1,, -1,1,0,3,70,11,6,1,69,69175,1,1,0,6,PINSONS (DES) (ALL),45.824045,4.595016,17,1,1
202100018573,168Â 437,B01,2,2,2,5,1,0,-1,-1, -1,-1,2021,24.0,1,2,0,2,7,26,1,,4,MILLOT BOULEVARD JACQUES,0,,2,2,0,1,1,0,1,, -1,1,0,1,50,16,9,5,49,49007,2,1,0,3,MILLOT BOULEVARD JACQUES,47.453225,-0.538132,6,3,2
202100055920,101Â 922,A01,10,3,2,5,0,-1,-1,4,3,1,2021,34.0,3,2,0,1,2,1,1,,4,EIFFEL (AVENUE GUSTAVE),0,,2,3,0,1,(1),(1),1,, -1,1,0,1,50,6,1,1,37,37261,2,1,0,6,EIFFEL (AVENUE GUSTAVE),47.4241894486,0.6973033317,11,2,1
202100042000,126Â 548,B01,1,1,1,0,8,-1,-1,-1, -1,-1,2021,56.0,1,2,0,2,1,1,1,,4,PARMENTIER                          (R ),0,,1,1,0,1,(1),(1),1,, -1,2,0,1,30,29,4,5,69,69149,2,2,1,3,PARMENTIER (R),45.71599,4.81139,21,4,2
202100053575,105Â 954,A01,2,2,1,5,0,-1,-1,-1, -1,-1,2021,9.0,3,1,0,2,8,19,3,,4,CORBEIL (GIRATOIRE DE),0,,-1,0,0,1,0,0,1,, -1,1,5,1,30,24,1,1,77,77285,2,6,0,1,CORBEIL (GIRATOIRE DE),48.548234,2.640538,12,6,2
202100018975,167Â 717,B01,1,1,1,9,2,0,-1,-1, -1,-1,2021,21.0,2,1,0,2,1,1,1,,7,JEAN PAUL SARTRE (AVENUE),0,,2,2,0,1,0,0,1,, -1,1,2,1,50,14,9,4,13,13213,2,1,0,2,JEAN PAUL SARTRE (AVENUE),43.3197,5.4153,21,2,2
202100044575,122Â 041,B01,1,1,2,1,1,0,-1,-1, -1,-1,2021,47.0,1,2,0,2,4,2,1,,2,33 PK RN11 NANTES ROCADE,0,,3,4,0,1,34,883,1,, -1,2,0,1,70,9,4,1,17,17291,1,1,1,2,33 PK RN11 NANTES ROCADE,46.17248,-1.11915,7,2,2
202100047596,116Â 676,B01,1,1,1,1,1,8,-1,-1, -1,-1,2021,38.0,2,2,0,2,6,15,1,,4,AURIOL (R VINCENT),0,,2,1,0,1,(1),(1),1,, -1,2,5,1,50,13,1,5,62,62498,2,3,1,3,AURIOL (R VINCENT),50.44561,2.82853,21,2,2
202100054991,103Â 517,B01,1,1,1,0,1,4,-1,-1, -1,-1,2021,51.0,2,2,12,0,4,1,1,,1,AUTOROUTE A6,0,,3,6,0,1,10,899,1,, -1,1,0,2,110,15,1,1,91,91689,1,1,0,2,AUTOROUTE A6,48.72538,2.313,14,2,2
202100032841,143Â 073,C01,1,1,2,1,1,8,-1,-1, -1,-1,2021,42.0,2,2,0,2,2,0,1,,3,PONTOISE AV DE,0,,2,3,1,2,20,40,3,, -1,2,0,1,70,22,6,1,78,78498,1,1,1,5,PONTOISE AV DE,48.94216,2.05982,12,3,3
202100025713,155Â 722,A01,1,1,1,1,1,0,-1,-1, -1,-1,2021,52.0,2,2,0,2,6,15,1,,3,AV HENRI BARBUSSE,0,,2,2,0,1,0,100,1,, -1,1,5,1,50,3,8,1,91,91657,2,3,0,3,AV HENRI BARBUSSE,48.70048,2.42096,20,5,2
202100030170,147Â 840,A01,1,1,1,3,2,5,-1,-1, -1,-1,2021,38.0,3,1,16,0,8,1,1,,4,GRENET (AVENUE HENRI),0,,2,4,0,1,0,0,1,, -1,2,0,1,50,6,7,1,64,64102,2,1,1,7,GRENET (AVENUE HENRI),43.50147,-1.47893,17,1,1
202100000713,200Â 442,A01,10,3,1,5,0,-1,-1,4,3,1,2021,13.0,3,2,0,1,2,1,1,,3,313,0,D,2,2,0,1,(1),(1),1,, -1,1,0,1,50,23,12,5,38,38553,2,1,0,6,Boulevard de Villefontaine,45.611696,5.153945,17,2,1
202100016229,172Â 627,A01,10,3,1,5,0,-1,-1,2,3,1,2021,88.0,1,2,0,1,3,1,1,,3,PETSCHE (AVENUE MAURICE),0,,2,2,0,1,0,242,1,, -1,1,0,1,50,28,9,1,5,5023,2,1,0,6,PETSCHE (AVENUE MAURICE),44.89577,6.63261,16,2,1
202100018191,169Â 092,B01,1,1,2,5,8,0,-1,-1, -1,-1,2021,33.0,1,1,0,2,1,1,5,,3,ROSNY (AVENUE DE) NÂ° 53 A 243,0,,2,2,0,1,0,0,1,, -1,1,0,1,50,18,9,1,93,93053,2,2,0,3,ROSNY (AVENUE DE) NÂ° 53 A 243,48.899043,2.471011,11,2,2
202100008613,186Â 344,A01,10,3,2,5,0,-1,-1,0,3,-1,2021,13.0,0,2,0,1,3,26,1,,4,JULES GUESDE (BD),0,,2,2,0,1,1,0,1,, -1,1,0,1,50,10,11,4,94,94017,2,1,1,6,Boulevard Jules Guesde,48.82036,2.50785,18,2,1
202100015679,173Â 643,B01,1,1,2,5,1,-1,-1,0,0,-1,2021,32.0,1,2,0,2,1,1,1,,3,997,0,D,2,2,0,1,9,250,1,, -1,1,0,1,80,2,10,1,63,63040,1,2,0,1,D997,45.723703,3.354234,9,3,2
202100050634,111Â 181,A01,1,1,1,3,2,-1,-1,0,0,-1,2021,29.0,0,1,0,0,1,0,1,,3,,-1,,2,2,0,1,44,1800,1,, -1,1,0,1,50,23,2,1,27,27065,2,1,0,1,Av du 46 Royal Marine Commando,49.341657,0.358263,16,2,2
202100041982,126Â 580,B01,1,1,2,5,0,-1,-1,0,0,-1,2021,8.0,1,1,0,2,6,13,5,,3,219,0,D,2,2,0,1,15,40,1,, -1,1,0,1,50,1,5,1,33,33077,2,1,0,2,,44.602256,-0.555549,11,2,2
202100038706,132Â 450,A01,1,1,2,5,2,6,-1,0,0,-1,2021,34.0,2,1,0,0,0,1,1,,3,995,0,D,2,2,0,2,16,800,2,, -1,1,0,3,90,23,5,1,3,3008,1,1,0,7,D995,46.043242,3.595877,20,2,1
202100020981,164Â 165,B01,1,1,1,0,1,0,-1,-1, -1,-1,2021,38.0,1,2,0,2,4,2,1,,1,A12 Y,0,,1,4,0,1,4,0,1,, -1,1,0,1,110,4,9,1,78,78545,1,1,0,4,A12 Y,48.816426,2.062916,13,4,3
202100025220,156Â 582,A01,1,1,2,5,2,-1,-1,0,0,-1,2021,65.0,2,1,12,2,4,1,5,,4,38,0,D,2,2,0,1,(1),(1),1,, -1,1,0,1,50,8,8,1,81,81271,2,1,0,2,Route de Saint Lieux,43.769724,1.704621,15,2,2
202100006562,190Â 071,B01,1,1,1,0,1,-1,-1,-1, -1,-1,2021,47.0,1,5,0,2,1,1,1,,7,LAURENT BONNEVAY                    (BD),0,,3,11,0,1,11,899,1,, -1,1,0,1,70,22,11,5,69,69259,2,1,0,4,LAURENT BONNEVAY (BD),45.71969,4.88027,18,4,3
202100047135,117Â 514,B01,1,1,1,9,2,6,-1,0,0,-1,2021,40.0,1,1,0,2,7,9,1,,7,GRASSE AVENUE DE,0,,1,1,0,1,0,0,2,, -1,1,0,1,50,21,3,1,6,6027,2,6,0,3,GRASSE AVENUE DE,43.65899,7.13698,17,2,2
202100012716,178Â 987,A01,1,1,1,5,0,-1,-1,0,0,-1,2021,55.0,3,6,13,0,2,14,1,,4,,-1,,2,2,0,1,(1),(1),1,,4,1,0,3,50,17,10,1,32,32064,2,1,0,6,Lieu Dit HiguÃ©,43.88672,0.133322,16,1,1
202100030517,147Â 211,A01,1,1,1,1,1,0,-1,-1, -1,-1,2021,22.0,2,2,0,2,0,1,1,,1,A4,0,,3,4,0,1,32,700,1,, -1,1,0,1,130,6,7,1,77,77018,1,1,0,7,A4,48.83856,2.81695,8,2,2
202100038129,133Â 507,D01,2,2,2,5,1,-1,-1,-1,0,-1,2021,21.0,1,2,0,2,4,2,1,,2,RN 184,0,,3,4,0,1,6,119,1,, -1,1,0,1,90,27,5,1,95,95572,1,1,0,4,RN 184,49.050096,2.143364,19,5,4
202100044603,121Â 991,A01,1,1,1,9,2,6,-1,-1, -1,-1,2021,44.0,1,1,0,2,1,1,1,,4,R ARISTIDE BRIAND ,0,,2,2,0,1,1,0,1,, -1,1,0,1,50,9,4,1,94,94019,2,1,0,1,Rue Aristide Briand,48.79804,2.53372,16,2,2
202100045633,120Â 168,A01,1,1,1,9,2,0,-1,0,0,-1,2021,35.0,3,1,0,2,0,11,1,,4,PLACE DE LA NATION,0,,1,0,0,1,(1),(1),2,, -1,1,0,1,50,1,4,1,75,75111,2,7,0,3,PLACE DE LA NATION,48.84896,2.396056,14,2,2
202100033411,142Â 047,A01,10,3,2,5,0,-1,-1,1,3,3,2021,5.0,1,2,0,1,3,1,1,,3,MOULON (RUE DU),0,,2,2,0,1,1,0,1,, -1,1,0,1,50,13,6,1,18,18205,2,1,0,3,MOULON (RUE DU),47.09537,2.38397,17,3,1
202100055933,101Â 900,A01,10,3,2,1,0,-1,-1,9,1,1,2021,66.0,3,2,0,1,6,15,1,,6,MOULIN (RUE JEAN),0,,-1,0,0,1,0,0,1,, -1,1,9,8,50,6,1,1,9,9122,2,9,0,6,MOULIN (RUE JEAN),42.986631,1.616165,10,2,1
202100000573,200Â 679,A01,1,1,1,5,1,8,-1,-1, -1,-1,2021,19.0,1,2,15,0,9,1,1,,7,L'ENJOLRAS (AVE DE),0,,2,2,0,1,0,0,1,, -1,9,8,1,50,9,11,5,13,13075,2,1,0,5,L'ENJOLRAS (AVE DE),43.3395,5.4546,1,1,1
202100000366,201Â 054,B01,1,1,1,0,2,0,-1,-1, -1,-1,2021,49.0,3,1,0,2,1,3,1,,7,OLIVES (AVENUE DES),0,,2,3,0,1,0,0,1,, -1,1,0,1,50,11,11,1,13,13213,2,1,0,3,OLIVES (AVENUE DES),43.32949,5.43022,14,2,2
202100027694,152Â 212,A01,1,1,2,5,2,-1,-1,-1, -1,-1,2021,23.0,1,1,0,2,1,16,1,,4,ANDRE LASSAGNE                      (QU),0,,1,3,2,1,(1),(1),1,, -1,1,0,1,50,18,7,1,69,69381,2,7,0,3,ANDRE LASSAGNE (Q),45.76869,4.83828,18,2,2
202100029803,148Â 514,B01,1,1,1,9,8,0,-1,-1, -1,-1,2021,30.0,3,1,0,2,1,1,1,,7,8 MAI 1945 (AVENUE DU),0,,2,2,0,2,0,0,1,, -1,1,0,1,50,8,7,1,13,13106,2,1,0,3,8 MAI 1945 (AVENUE DU),43.39378,5.36477,15,6,3
202100000067,201Â 631,B01,1,1,1,0,2,0,-1,-1, -1,-1,2021,23.0,1,1,0,2,2,15,1,,3,ALBERT THOMAS(RUE),0,,2,2,0,1,1,750,1,, -1,1,0,1,50,5,6,2,38,38544,2,1,0,3,Chemin des Aqueducs,45.52701,4.879,20,2,2
202100022098,162Â 125,A01,10,3,2,5,0,-1,-1,5,3,2,2021,56.0,3,2,0,1,3,1,1,,4,CARDALINES AVENUE DES,0,,2,0,0,1,45,0,3,, -1,1,0,1,50,28,8,1,13,13047,2,1,0,3,CARDALINES AVENUE DES,43.49423,4.98474,17,2,1
202100006260,190Â 602,B01,4,2,2,5,1,5,-1,0,0,-1,2021,18.0,0,2,0,2,7,1,1,,4,POLITZER (RUE GEORGES),0,,2,2,2,1,(1),(1),1,, -1,2,0,1,50,25,11,1,27,27229,2,3,0,3,POLITZER (RUE GEORGES),49.0067,1.14615,14,4,2
202100010894,182Â 254,B01,1,1,1,0,2,0,-1,0,0,-1,2021,23.0,1,1,0,2,1,1,1,,4,SOIXANTE NEUVIEME R.I. (AVENUE DU),0,,2,2,0,1,(1),(1),1,, -1,1,0,1,50,26,10,1,54,54184,2,1,0,3,SOIXANTE NEUVIEME R.I. (AVENUE DU),48.70944,6.24011,10,2,2