Num_Acc,id_vehicule,num_veh,place,catu,sexe,trajet,secu1,secu2,secu3,locp,actp,etatp,year_acc,victim_age,senc,catv,obs,obsm,choc,manv,motor,occutc,catr,voie,v1,v2,circ,nbv,vosp,prof,pr,pr1,plan,lartpc,larrout,surf,infra,situ,vma,jour,mois,lum,dep,com,agg_,int,atm,col,adr,lat,long,hour,nb_victim,nb_vehicules
202100010523,182Â 917,B01,1,1,1,1,8,0,-1,-1, -1,-1,2021,45.0,1,1,0,2,2,1,5,,4,BLANCHERAIE AVENUE,0,,2,2,0,1,1,0,1,, -1,1,0,1,50,28,10,1,49,49007,2,1,0,3,BLANCHERAIE AVENUE,47.46661,-0.56191,8,2,2
202100012635,179Â 127,B01,1,1,1,5,8,-1,-1,-1, -1,-1,2021,54.0,1,2,0,2,1,0,1,,4,CASTEUIL (RUE ALEXANDRE),0,,1,1,0,1,0,0,1,, -1,1,0,1,50,16,10,1,83,83069,2,1,0,2,CASTEUIL (RUE ALEXANDRE),43.119082,6.127221,13,2,2
202100041824,126Â 850,A01,1,1,2,0,1,0,-1,-1, -1,-1,2021,45.0,1,2,0,2,5,12,1,,3,STALINGRAD (AVENUE) DES NÂ°2 AU NÂ°100,0,,3,4,0,1,0,0,1,, -1,2,0,1,50,1,5,1,93,93072,2,1,1,3,STALINGRAD (AVENUE) DES NÂ°2 AU NÂ°100,48.94858,2.38185,17,2,2
202100014404,175Â 958,B01,1,1,1,4,2,6,-1,0,0,-1,2021,52.0,1,1,0,2,1,2,1,,4,RUE DE LEVIS,0,,2,2,0,1,(1),(1),1,, -1,1,0,1,30,8,10,1,75,75117,2,1,0,2,RUE DE LEVIS,48.884191,2.312853,17,2,2
202100022421,161Â 561,A01,1,1,1,1,1,-1,-1,0,0,-1,2021,55.0,2,5,15,0,1,14,1,,4,VAUSSENAT (RUE),0,,2,2,0,1,(1),(1),1,, -1,1,0,4,50,26,8,1,65,65440,2,4,0,6,VAUSSENAT (RUE),43.2261,0.0748,10,1,1
202100002409,197Â 474,B01,2,2,2,0,2,-1,-1,-1, -1,-1,2021,21.0,2,1,0,2,9,1,1,,4,MEDITERRANEE (RUE DE LA),0,,1,1,0,1,(1),(1),1,, -1,1,0,1,30,17,12,1,51,51454,2,1,0,3,Rue de la MÃ©diterranÃ©e,49.2505088957,4.0626896918,13,3,2
202100034868,139Â 385,A01,1,1,2,5,2,6,9,0,0,-1,2021,55.0,1,1,0,0,1,2,1,,3,907,2,,2,2,0,1,7,700,3,, -1,1,0,1,90,13,6,1,48,48154,1,1,0,7,d907bis,44.294006,3.236809,12,1,1
202100028298,151Â 113,B01,1,1,1,9,1,0,-1,0,0,-1,2021,38.0,2,2,0,2,4,1,1,,2,RN7 (GrÃ¨zes-pouloumard),0,,2,2,0,1,90,100,1,, -1,1,2,1,80,17,7,1,26,26198,2,1,0,5,Route Nationale 7,44.5539,4.7306,15,3,3
202100027959,151Â 724,A01,1,1,1,5,1,0,-1,0,0,-1,2021,16.0,3,2,4,0,1,14,1,,4,BOULEVARD THIERRY DE MARTEL,0,,1,0,0,1,(1),(1),2,, -1,1,8,1,30,19,7,5,75,75116,2,5,0,6,BOULEVARD THIERRY DE MARTEL,48.874925,2.278645,4,2,1
202100054370,104Â 576,B01,1,1,1,0,1,0,-1,-1, -1,-1,2021,45.0,2,2,0,2,3,1,1,,4,COLMET LEPINAY (RUE),0,,1,1,0,1,1,0,1,, -1,1,0,1,30,20,1,1,93,93048,2,2,0,3,COLMET LEPINAY (RUE),48.85496,2.44294,14,3,2
202100025438,156Â 193,A01,1,1,1,0,2,0,-1,-1, -1,-1,2021,46.0,1,1,0,2,7,17,1,,3,CORNICHE (ROUTE DE LA),0,,2,2,0,1,4,500,1,, -1,1,0,1,50,5,8,1,64,64545,2,1,0,4,CORNICHE (ROUTE DE LA),43.3901,-1.70397,13,3,3
202100041999,126Â 551,A01,1,1,2,0,1,5,-1,-1, -1,-1,2021,29.0,2,2,0,2,1,23,1,,2,ROUTE NATIONALE 1,0,,3,4,0,1,5,50,1,, -1,2,9,1,50,28,4,1,972,97213,2,1,1,6,ROUTE NATIONALE 1,14.6204,-60.99327,10,3,3
202100018430,168Â 683,A01,1,1,1,0,1,5,-1,-1, -1,-1,2021,25.0,3,2,9,0,1,1,1,,3,SADI CARNOT,0,,2,4,0,1,0,0,1,, -1,1,0,4,50,17,9,5,93,93029,2,3,0,6,Rue Sadi Carnot / Rue Adrien Froment,48.9266,2.439,7,1,1
202100053105,106Â 808,B01,1,1,2,5,1,-1,-1,0,0,-1,2021,53.0,2,2,0,2,3,1,1,,2,1,0,N,2,2,0,3,15,600,3,, -1,1,9,1,90,30,1,3,972,97222,1,1,0,1,RN1 Lestrade,14.684334,-60.940132,19,2,2
202100002829,196Â 717,B01,1,1,1,3,2,6,-1,0,0,-1,2021,72.0,2,1,0,2,1,1,1,,3,31,0,D,2,3,0,2,7,500,3,, -1,1,5,1,80,17,12,1,64,64396,1,3,0,3,D31,43.436562,-0.631533,15,3,2
202100000242,201Â 291,A01,1,1,1,0,2,6,-1,-1, -1,-1,2021,63.0,1,1,0,2,1,17,1,,4,,-1,,2,2,-1,1,(1),(1),1,, -1,1,0,1,80,19,10,1,36,36202,1,2,0,3,217 Avenue de Tours,46.82283,1.65643,12,2,2
202100042824,125Â 116,A01,1,1,1,0,2,-1,-1,0,0,-1,2021,19.0,0,1,0,2,1,5,1,,4,FAIDHERBE (BOULEVARD),0,,1,1,0,1,(1),(1),1,, -1,1,0,1,30,21,4,1,80,80021,2,1,0,1,FAIDHERBE (BOULEVARD),49.89488,2.28749,17,2,2
202100036641,136Â 214,B01,1,1,1,4,1,0,-1,0,0,-1,2021,39.0,2,5,0,2,4,1,0,,3,EYSSAGNIERES ( ROUTE DES ),0,,2,2,0,1,0,720,2,, -1,1,0,1,50,2,6,1,5,5061,2,1,0,4,EYSSAGNIERES ( ROUTE DES ),44.55089,6.05515,11,3,3
202100021744,162Â 763,A01,2,2,2,5,1,0,-1,-1, -1,-1,2021,51.0,2,2,0,2,2,1,1,,1,AUTOROUTE A86,0,,1,6,0,1,12,0,1,, -1,1,0,1,90,31,8,1,93,93039,1,1,0,5,AUTOROUTE A86,48.92746,2.33354,12,5,3
202100054123,105Â 006,A01,1,1,1,1,2,6,-1,-1, -1,-1,2021,24.0,3,1,0,2,4,2,1,,3,PONT DE BEZONS,0,,3,6,0,1,0,0,1,, -1,2,2,1,50,22,1,2,92,92050,2,1,1,4,PONT DE BEZONS,48.9204816001,2.2204399109,7,3,3
202100021966,162Â 365,A01,1,1,1,5,1,-1,-1,0,0,-1,2021,31.0,2,2,2,0,9,14,1,,3,137,0,D,3,4,0,1,77,750,1,, -1,1,0,3,110,29,8,1,35,35337,1,1,0,6,D137,48.336799,-1.860757,16,1,1
202100024459,157Â 956,A01,1,1,1,5,0,-1,-1,0,0,-1,2021,40.0,0,2,15,0,9,26,1,,9,,-1,,2,2,0,2,(1),(1),4,, -1,1,0,8,-1,13,8,1,74,74286,1,9,0,7,Le Bouaz Dessos (Informations),46.326058,6.736235,12,2,1
202100036400,136Â 637,A01,10,3,1,2,0,-1,-1,2,5,1,2021,10.0,2,2,0,1,3,1,1,,4,TOURASSE,0,,2,2,0,1,0,0,1,, -1,1,0,1,30,3,6,1,64,64445,2,1,0,6,TOURASSE,43.3089910458,-0.3430303931,8,2,1
202100042248,126Â 112,B01,1,1,2,0,1,-1,-1,0,0,-1,2021,70.0,2,2,8,2,3,1,1,,3,2209,0,D,2,4,0,1,4,675,1,, -1,2,5,1,90,28,4,1,3,3080,1,2,1,3,D2209,46.103497,3.260517,13,5,2
202100042670,125Â 359,A01,2,2,2,5,1,8,-1,-1, -1,-1,2021,42.0,3,2,0,2,1,5,1,,4,STADE,0,,1,1,0,2,(1),(1),3,, -1,1,0,1,50,24,4,1,971,97101,1,1,0,1,STADE,16.26772,-61.51128,11,7,2
202100014304,176Â 133,B01,1,1,1,9,8,0,-1,0,0,-1,2021,65.0,3,1,0,2,0,26,5,,3,BOULEVARD DES HEROS,0,,3,2,0,1,(1),(1),1,, -1,1,0,1,50,6,10,3,971,97101,2,6,0,6,JEAN  IGNACE (RUE) ,16.25166,-61.52075,21,2,2
202100025064,156Â 853,A01,2,2,1,5,1,-1,-1,0,0,-1,2021,44.0,1,2,0,2,1,2,1,,1,10,0,A,3,4,0,2,9,500,1,,"17,5",1,0,1,130,9,8,1,91,91111,1,1,0,2,A10,48.623129,2.135276,16,3,2
202100012576,179Â 236,B01,1,1,2,0,1,-1,-1,0,0,-1,2021,51.0,2,2,0,2,2,15,1,,3,313,0,D,3,3,0,1,3,250,1,, -1,1,5,1,70,19,10,5,38,38553,2,9,0,1,D313,45.618409,5.145888,7,2,2
202100054448,104Â 439,B01,1,1,1,0,2,0,-1,-1, -1,-1,2021,26.0,0,1,0,2,1,25,5,,4,FENOUILLET (RUE DE) DU 2AU 105,0,,-1,2,0,1,(1),(1),1,, -1,1,0,1,50,19,1,3,31,31555,2,1,0,1,97 rue de Fenouillet,43.62982,1.42396,6,2,2
202100016521,172Â 097,A01,10,3,1,0,0,-1,-1,2,3,1,2021,13.0,1,2,0,1,1,26,0,,4,,0,,2,2,0,1,0,0,1,, -1,1,6,8,50,24,9,1,91,91161,2,1,0,6,RUE DE GRAVIGNY,48.695297,2.308085,16,2,1
202100024086,158Â 605,A01,1,1,1,5,2,-1,-1,0,0,-1,2021,65.0,1,1,0,0,3,15,1,,3,cd32,-1,,2,2,0,2,(1),(1),2,, -1,1,0,1,-1,14,8,1,74,74041,2,1,0,7,Route de la Solitude,46.296581,6.672515,17,2,1
202100053606,105Â 899,A01,3,2,1,9,1,0,-1,-1, -1,-1,2021,37.0,1,2,0,2,1,2,1,,7,PORTE DE ST MALO,0,,1,2,0,1,0,764,1,, -1,1,0,1,70,26,1,2,35,35278,1,1,0,4,PORTE DE ST MALO,48.13956,-1.6952,8,4,3
202100019197,167Â 311,B01,5,2,1,4,1,0,-1,0,0,-1,2021,25.0,1,5,0,2,4,2,1,,4,BOULEVARD PERIPHERIQUE,0,,1,4,0,1,30,700,1,, -1,1,0,1,70,13,9,1,75,75120,2,1,0,2,BD PERIPHERIQUE INTERIEUR,48.85724,2.414025,10,10,2
202100053128,106Â 773,A01,10,3,2,3,0,-1,-1,5,1,1,2021,70.0,3,5,0,1,4,4,1,,6,953,0,,-1,-1,0,1,0,0,1,, -1,2,0,4,50,27,1,1,57,57433,2,1,1,6,1 route de metz,49.204449,6.16049,16,2,1
202100016073,172Â 921,A01,1,1,2,0,2,-1,-1,-1, -1,-1,2021,52.0,2,1,0,2,1,15,0,,4,GUILLOTIERE (DE LA)                 (GR),0,,1,1,2,1,(1),(1),1,, -1,1,0,1,50,28,9,1,69,69387,2,2,0,1,GUILLOTIERE (DE LA) (GR),45.74749,4.8582,9,2,2
202100041696,127Â 078,A01,1,1,1,0,2,8,-1,0, -1,-1,2021,18.0,1,1,0,2,1,1,1,,3,VICTOR-HUGO (BD),0,,2,1,0,1,0,1,1,, -1,1,0,1,50,2,5,1,93,93070,2,9,0,3,Boulevard Victor Hugo,48.90893,2.32886,17,2,2
202100023486,159Â 647,A01,10,3,1,5,0,-1,-1,1,3,1,2021,87.0,1,5,0,1,1,1,1,,3,132,0,,2,2,0,2,12,450,3,, -1,2,0,1,50,19,8,1,56,56048,2,6,1,6,Rue de la ForÃªt,48.066983,-3.362186,16,2,1
202100010020,183Â 787,A01,10,3,1,0,8,8,-1,1,9,3,2021,19.0,0,2,0,1,1,9,1,,4,TREMAULT (BOULEVARD DE),0,,2,2,0,1,0,0,1,, -1,1,0,1,50,31,10,4,41,41269,2,1,0,6,TREMAULT (BOULEVARD DE),47.80162,1.06823,22,2,1
202100015355,174Â 265,A01,10,3,2,3,8,8,-1,4,3,2,2021,22.0,2,2,0,1,1,1,2,,4,RUE DE LA CHAPELLE,0,,1,2,0,1,(1),(1),1,, -1,2,5,1,30,2,10,1,75,75118,2,2,1,6,RUE DE LA CHAPELLE,48.898537,2.359065,16,2,1
202100028103,151Â 471,B01,1,1,1,5,1,8,-1,-1, -1,-1,2021,80.0,1,2,0,2,4,23,1,,3,RD 160,0,,3,4,0,1,87,484,1,, -1,1,0,1,110,17,7,3,85,85194,1,1,0,2,RD 160,46.52042,-1.74261,22,2,2
202100000485,200Â 837,A01,1,1,2,9,1,0,-1,-1, -1,-1,2021,25.0,1,2,3,0,3,1,1,,1,A7-Sens Lyon vers Marseille,0,,1,2,0,1,264,1,1,, -1,1,0,1,90,19,12,3,13,13071,1,1,0,6,A7-Sens Lyon vers Marseille,43.418027,5.273375,4,2,2
202100026908,153Â 613,A01,1,1,1,1,2,6,-1,0,0,-1,2021,25.0,2,1,0,2,1,13,1,,3,111,0,D,2,2,0,1,10,1293,3,,4,1,0,1,80,27,7,1,34,34320,1,1,0,3,D111,43.651634,3.725696,16,4,2
202100024432,158Â 010,A01,1,1,2,1,1,-1,-1,0,0,-1,2021,43.0,2,2,0,2,1,1,1,,1,62,-1,,3,1,0,1,124,350,1,, -1,1,3,6,90,9,8,1,47,47201,1,1,0,2,A62 PK124.000,44.161965,0.606244,8,2,2
202100000947,200Â 058,A01,10,3,2,5,0,-1,-1,1,1,1,2021,61.0,2,2,0,1,3,13,1,,3,81,0,D,2,2,0,1,(1),(1),1,, -1,2,0,1,80,29,12,3,59,59285,1,1,0,6,D81,50.257872,3.408718,17,2,1
202100036941,135Â 665,B01,1,1,1,1,1,0,-1,-1, -1,-1,2021,33.0,1,2,0,2,1,1,1,,1,AUTOROUTE A3,0,,3,10,0,1,2,0,1,, -1,1,0,1,90,31,5,3,93,93048,1,1,0,2,AUTOROUTE A3,48.87313,2.43592,21,2,2
202100011219,181Â 678,A01,2,2,1,5,1,0,-1,-1, -1,-1,2021,38.0,1,2,8,0,0,0,1,,7,,0,,2,2,0,1,5,800,2,, -1,1,0,3,50,24,10,5,35,35051,2,1,0,6,MORAND (ROUTE DU CHENE),48.099554,-1.608151,2,2,1
202100035670,137Â 953,B01,1,1,1,4,1,-1,-1,-1, -1,-1,2021,22.0,2,3,0,2,8,22,1,1.0,4,PIERRE VALDO                        (R ),0,,2,2,0,1,(1),(1),1,, -1,1,0,1,50,8,6,1,69,69385,2,1,0,3,PIERRE VALDO (R),45.75024,4.79149,9,2,2
202100051733,109Â 223,B01,2,2,2,5,1,-1,-1,0,0,-1,2021,58.0,1,2,0,2,3,1,1,,3,70,0,A,2,2,0,1,2,325,2,, -1,7,0,1,80,13,2,1,1,1381,1,1,0,1,D70A,46.035867,5.150042,10,6,2
202100023363,159Â 856,A01,10,3,1,5,0,-1,-1,1,3,1,2021,12.0,2,2,0,1,2,1,1,,4,,-1,,2,2,0,1,(1),(1),1,,"5,5",1,0,1,50,20,8,1,37,37156,2,1,0,6,65 Rue Georges Courteline,47.3926261438,0.8063003478,14,2,1
202100051962,108Â 826,A01,1,1,1,1,1,-1,-1,0,0,-1,2021,22.0,1,2,0,2,7,17,1,,3,619,-1,D,2,3,0,1,96,600,1,, -1,7,0,3,80,11,2,1,70,70117,1,1,0,3,D619,47.64714,6.772792,17,2,2
202100008642,186Â 298,A01,8,2,1,5,1,-1,-1,0,0,-1,2021,20.0,2,2,13,0,9,1,1,,3,266,-1,,2,2,0,1,2,818,3,, -1,1,0,3,80,11,11,2,72,72046,1,1,0,6,La cormerie,48.00003,0.51277,7,6,1
202100043655,123Â 642,B01,1,1,1,5,2,8,-1,-1, -1,-1,2021,21.0,1,1,0,2,1,19,1,,4,CENTENAIRE (AV DU),0,,2,3,0,1,0,0,1,, -1,1,0,1,30,17,4,5,94,94068,2,2,0,3,CENTENAIRE (AV DU),48.8029298981,2.510279417,4,2,2
202100024231,158Â 358,A01,1,1,2,5,1,8,-1,-1, -1,-1,2021,19.0,1,2,0,2,1,1,1,,2,JAURES (BOULEVARD JEAN),0,,1,2,0,1,(1),(1),1,, -1,1,9,1,50,12,8,1,974,97411,2,9,0,2,JAURES (BOULEVARD JEAN),-20.8907,55.4549,11,2,2
202100030330,147Â 549,A01,1,1,2,0,1,0,-1,-1, -1,-1,2021,32.0,2,2,0,2,4,1,1,,4,PROFESSEUR RAYMOND GARCIN (RUE DU),0,,2,2,0,1,1,500,1,, -1,1,0,1,50,6,7,1,972,97209,2,1,0,2,PROFESSEUR RAYMOND GARCIN (RUE DU),14.61611,-61.07846,8,2,2
202100039806,130Â 427,A01,1,1,1,0,1,8,-1,-1, -1,-1,2021,25.0,1,2,0,2,6,17,1,,2,11 - RT,0,,3,4,0,1,1,0,1,, -1,1,0,1,70,14,5,1,202,202033,2,6,0,3,11 - RT,42.7018438835,9.4526445525,19,3,2
202100015372,174Â 230,A01,1,1,1,5,8,-1,-1,0,0,-1,2021,41.0,1,2,13,0,0,14,1,,2,83,0,N,2,2,0,1,86,710,2,, -1,1,0,3,80,26,9,3,39,39259,1,1,0,7,,46.996181,5.838278,23,1,1
202100055151,103Â 233,A01,1,1,2,5,1,5,-1,-1,0,-1,2021,38.0,1,2,14,0,1,14,1,,3,47,0,E,1,4,0,1,1,0,2,, -1,2,2,1,90,13,1,1,95,95088,1,1,1,6,GONESSE (RUE DE),48.9770880941,2.4344426394,10,2,1
202100031336,145Â 728,A01,1,1,1,5,0,-1,-1,0,0,-1,2021,38.0,1,2,13,0,0,1,1,,3,29,-1,,2,2,0,1,(1),(1),2,, -1,2,0,3,80,2,7,2,87,87178,1,1,0,6,RD29,45.879284,1.372733,21,1,1
202100010651,182Â 698,A01,10,3,2,5,0,-1,-1,6,1,1,2021,27.0,3,2,0,1,2,2,1,,4,,0,,2,2,0,1,(1),(1),1,,4,1,0,1,80,28,10,1,44,44026,1,1,0,6,Chemin de Girouard,47.31155,-1.472292,16,2,1
202100025528,156Â 038,A01,1,1,1,5,0,-1,-1,0,0,-1,2021,76.0,3,0,0,2,2,1,3,,4,,-1,,2,2,0,1,(1),(1),1,,4,1,0,1,50,6,8,1,50,50076,2,2,0,3,Rue Jacques Pimor,48.897467,-1.562676,17,2,2
202100002775,196Â 806,B01,1,1,1,4,1,-1,-1,-1, -1,-1,2021,24.0,3,2,0,2,7,2,1,,4,DESFOSSES ROMAIN (AMIRAL) (DE 42 ET 49 A,0,,2,2,0,1,(1),(1),1,, -1,1,0,1,50,15,12,1,29,29019,2,6,0,3,Rue Amiral Romain-DesfossÃ©s,48.422629707,-4.4759808182,12,2,2
202100038063,133Â 621,A01,10,3,1,2,0,-1,-1,9,B,2,2021,9.0,3,2,0,1,3,15,0,,3,989,0,,2,2,0,1,0,0,1,, -1,1,0,1,50,27,5,1,92,92048,2,1,0,6,VERDUN (AVENUE DE),48.81881,2.24378,12,3,1
202100031325,145Â 747,A01,1,1,1,1,2,6,-1,-1, -1,-1,2021,48.0,1,1,0,2,4,23,1,,4,STRASBOURG (BOULEVARD DE),0,,2,2,0,1,0,0,1,, -1,1,0,1,50,2,7,1,93,93005,2,1,0,2,Boulevard de Strasbourg,48.924999,2.487464,6,2,2
202100002506,197Â 296,B01,1,1,1,9,2,6,-1,0,0,-1,2021,14.0,2,1,0,2,1,1,1,,3,835,-1,,2,2,0,1,6,175,1,, -1,1,0,1,50,18,12,5,65,65121,2,3,0,3,Avenue Claude Chalin,43.362283,0.063609,18,2,2
202100028412,150Â 929,A01,1,1,1,5,2,6,-1,0,0,-1,2021,34.0,1,1,0,2,1,13,1,,3,98,-1,,2,2,0,1,32,937,1,, -1,1,0,1,70,18,7,1,83,83019,1,1,0,1,RD98 ForÃªt du Dom,43.178956,6.338167,20,2,2
202100017490,170Â 361,A01,10,3,1,5,0,-1,-1,2,5,1,2021,10.0,2,1,0,1,1,18,1,,4,AVENUE BRUNETIERE,0,,1,1,0,1,(1),(1),1,, -1,1,0,1,30,22,9,2,75,75117,2,4,0,6,AVENUE BRUNETIERE,48.890772,2.301927,19,2,1
202100013536,177Â 529,A01,10,3,2,3,0,-1,-1,1,3,1,2021,82.0,1,2,0,1,2,1,1,,3,BEAUCAIRE (ROUTE),0,,1,2,0,1,22,130,1,, -1,1,0,1,70,6,10,1,30,30189,2,1,0,6,BEAUCAIRE (ROUTE),43.83647,4.39279,8,2,1
202100045748,119Â 978,A01,1,1,1,2,2,6,-1,-1, -1,-1,2021,15.0,1,1,0,2,8,21,1,,3,SOULT (AVENUE MARECHAL),0,,2,1,0,2,7,970,1,, -1,1,0,1,50,31,3,1,64,64102,2,1,0,3,SOULT (AVENUE MARECHAL),43.48646,-1.48835,7,2,2
202100038988,131Â 949,A01,10,3,2,2,0,-1,-1,1,3,1,2021,18.0,2,2,0,1,2,1,1,,3,THEOPHILE SUEUR (BOULEVARD),0,,2,2,0,1,1,0,1,, -1,1,8,1,30,21,5,1,93,93048,2,1,0,6,Boulevard ThÃ©ophile Sueur,48.86458,2.46797,9,2,1
202100013764,177Â 107,B01,1,1,1,5,2,-1,-1,0,0,-1,2021,83.0,2,0,0,0,4,2,3,,3,32,-1,D,2,2,0,2,14,700,3,, -1,1,0,1,80,12,10,1,42,42042,1,1,0,2,Route de PÃ©rigneux,45.442293,4.204481,16,2,2
202100043930,123Â 150,B01,1,1,1,1,8,0,-1,-1, -1,-1,2021,49.0,2,1,0,2,1,1,0,,3,NEUILLY (ROUTE),0,,2,3,1,2,0,1,2,, -1,1,0,5,50,15,4,1,93,93051,2,1,0,1,NEUILLY (ROUTE),48.84494,2.54121,11,2,2
202100051839,109Â 044,A01,1,1,2,1,1,5,-1,0,0,-1,2021,27.0,1,2,0,2,8,2,1,,1,40,0,A,1,2,0,1,66,500,1,, -1,1,3,1,110,12,2,5,74,74243,1,4,0,3,A40,46.135018,6.106682,7,2,2
202100053162,106Â 711,B01,1,1,2,0,1,0,-1,-1, -1,-1,2021,36.0,2,2,0,2,8,15,1,,4,PROFESSEUR RAYMOND GARCIN (RUE DU),0,,2,2,0,1,1,600,1,, -1,1,0,1,50,29,1,1,972,97209,1,3,0,3,PROFESSEUR RAYMOND GARCIN (RUE DU),14.6207,-61.07809,15,2,2
202100009991,183Â 839,A01,1,1,1,5,1,-1,-1,0,0,-1,2021,24.0,1,2,16,0,9,1,1,,3,D139,0,,2,2,0,3,6,0,4,, -1,1,0,3,80,27,6,2,62,62196,1,1,0,6,Rue des Fours Romains,50.479176,1.705493,6,2,1
202100006709,189Â 788,B01,1,1,1,0,2,6,-1,-1, -1,-1,2021,46.0,3,1,0,2,7,12,1,,3,Route departementale 96 ,0,,1,2,0,1,1,500,2,, -1,1,0,1,50,22,11,5,7,7102,2,6,0,3,Route departementale 96 ,44.9239,4.8596,17,2,2
202100002314,197Â 654,A01,10,3,2,3,0,-1,-1,3,3,1,2021,75.0,1,2,0,1,1,0,1,,3,125,-1,D,2,2,0,1,21,150,2,, -1,2,0,1,50,3,12,5,35,35188,2,1,1,6,Boulevard de la Duchesse Anne,48.14141,-1.963801,18,2,1
202100036493,136Â 472,Z01,10,3,1,0,8,8,-1,5,3,1,2021,13.0,2,1,0,2,1,25,1,,3,LENINE VLADIMIR ILITCH AVENUE,0,,4,2,1,1,0,0,1,, -1,2,5,4,50,4,6,1,92,92050,2,9,0,6,LENINE VLADIMIR ILITCH AVENUE,48.8882662304,2.1931366802,13,2,1
202100029793,148Â 535,B01,1,1,1,9,2,0,-1,-1, -1,-1,2021,27.0,1,1,6,2,7,25,1,,4,ALBERT 1ER (BD),0,,3,2,2,1,(1),(1),1,, -1,1,0,4,50,9,7,1,35,35238,2,1,0,3,ALBERT 1ER (BD),48.089918719,-1.6861774027,19,4,2
202100039226,131Â 506,B01,1,1,1,5,2,0,-1,-1, -1,-1,2021,30.0,1,1,0,2,1,3,1,,1,A50-Sens Aubagne vers Marseille,0,,1,3,0,1,10,399,1,, -1,1,0,1,90,20,5,1,13,13070,1,1,0,2,A50-Sens Aubagne vers Marseille,43.2862084286,5.5101557758,9,2,2
202100005313,192Â 292,B01,1,1,1,5,2,8,-1,-1, -1,-1,2021,17.0,3,1,0,2,1,1,1,,4,DE GAULLE (BD CHARLES),0,,2,3,1,1,(1),(1),1,, -1,1,0,1,50,29,11,5,37,37214,2,1,0,3,DE GAULLE (BD CHARLES),47.4138374494,0.6707024574,18,2,2
202100024759,157Â 392,A01,1,1,2,1,8,8,-1,-1, -1,-1,2021,17.0,3,1,0,2,0,26,5,,4,PASSERONNE CHEMIN DE LA,0,,2,2,0,1,0,0,3,, -1,1,0,1,30,10,8,1,9,9225,2,1,0,3,PASSERONNE CHEMIN DE LA,43.1014,1.62399,10,2,2
202100027562,152Â 456,A01,1,1,1,4,2,6,-1,0,0,-1,2021,30.0,2,1,0,2,2,17,1,,4,PLACE SAINT GERMAIN DES PRES,0,,1,1,0,1,(1),(1),1,, -1,1,0,1,30,22,7,1,75,75106,2,7,0,3,PLACE SAINT GERMAIN DES PRES,48.853792,2.333347,9,2,2
202100029838,148Â 457,A01,1,1,2,5,1,0,-1,-1, -1,-1,2021,60.0,2,2,0,2,2,2,1,,4,ALBERT DE MUN (R),0,,2,2,0,1,1,0,1,, -1,1,0,1,30,9,7,1,94,94068,2,2,0,3,Rue Albert de Mun,48.78723,2.48851,9,2,2
202100025244,156Â 530,B01,3,2,1,0,1,-1,-1,-1, -1,-1,2021,20.0,3,5,0,2,1,1,1,,4,PINEL                               (BD),0,,2,3,2,1,(1),(1),1,, -1,1,0,1,50,6,8,1,69,69388,2,1,0,1,PINEL (BD),45.72606,4.88695,7,5,2
202100033660,141Â 595,A01,1,1,1,1,1,0,-1,-1, -1,-1,2021,33.0,2,5,0,2,3,1,1,,3,LANDY(RUE):NÂ° 1 AU 43,0,,2,3,0,1,0,0,1,, -1,2,0,1,50,17,6,5,93,93070,2,2,1,3,LANDY(RUE):NÂ° 1 AU 43,48.91404,2.3443,20,2,2
202100010502,182Â 951,B01,1,1,1,1,1,-1,-1,-1, -1,-1,2021,45.0,3,2,0,2,3,1,1,,4,PAIX (DE LA) ( R ),0,,2,2,2,1,(1),(1),1,, -1,1,0,1,50,28,10,5,69,69091,1,1,1,1,PAIX (DE LA) (R),45.58275,4.74343,6,3,2
202100045383,120Â 611,B01,1,1,2,5,1,-1,-1,-1, -1,-1,2021,51.0,0,2,0,2,1,1,1,,4,HIPPODROME (rue de l'),0,,1,1,0,2,(1),(1),1,, -1,1,5,1,50,1,4,1,50,50203,2,2,0,3,HIPPODROME (rue de l'),49.60357,-1.60243,18,2,2
202100020330,165Â 296,A01,10,3,2,9,0,-1,-1,5,2,1,2021,49.0,2,1,0,1,1,25,5,,4,BOULEVARD PONIATOWSKI,0,,2,4,0,1,(1),(1),1,, -1,1,0,4,50,7,9,1,75,75112,2,1,0,6,BOULEVARD PONIATOWSKI,48.830075,2.392533,15,2,1
202100011322,181Â 497,B01,2,2,2,0,1,0,-1,-1, -1,-1,2021,75.0,2,2,0,2,4,2,1,,1,AUTOROUTE A10,0,,1,3,0,1,1,49,1,, -1,1,0,2,90,24,10,3,92,92002,1,1,0,4,AUTOROUTE A10,48.7368422947,2.3178362846,19,5,4
202100012156,179Â 995,A01,10,3,2,1,0,-1,-1,3,3,1,2021,54.0,1,2,0,1,1,0,1,,4,PABLO NERUDA (RUE),0,,2,2,0,1,0,0,1,, -1,2,0,1,50,13,10,2,76,76351,2,1,0,6,PABLO NERUDA (RUE),49.50434,0.15432,7,2,1
202100001890,198Â 418,A01,1,1,2,0,1,5,-1,0,0,-1,2021,24.0,1,2,6,2,2,21,1,,4,GRANDE DELLE (BOULEVARD DE LA),0,,2,2,0,1,1,0,1,, -1,1,0,1,50,21,12,1,14,14327,2,1,0,3,Boulevard de la Grande Delle,49.20848,-0.33525,9,2,2