Num_Acc,id_vehicule,num_veh,place,catu,sexe,trajet,secu1,secu2,secu3,locp,actp,etatp,year_acc,victim_age,senc,catv,obs,obsm,choc,manv,motor,occutc,catr,voie,v1,v2,circ,nbv,vosp,prof,pr,pr1,plan,lartpc,larrout,surf,infra,situ,vma,jour,mois,lum,dep,com,agg_,int,atm,col,adr,lat,long,hour,nb_victim,nb_vehicules
202100039996,130Â 102,A01,1,1,1,5,2,-1,-1,0,0,-1,2021,29.0,1,1,0,2,1,2,5,,3,D974,-1,,2,2,0,2,(1),(1),1,, -1,2,0,1,80,15,5,1,84,84017,1,1,1,2,RD 974,44.120435,5.22872,10,2,2
202100021049,164Â 034,B01,1,1,2,0,8,0,-1,0, -1,-1,2021,53.0,1,1,0,2,1,9,5,,3,CHATEAU-RENAULT (ROUTE DE),0,,2,2,0,1,1,188,1,, -1,1,5,1,50,27,8,1,41,41018,1,1,0,3,CHATEAU-RENAULT (ROUTE DE),47.58466,1.31743,17,2,2
202100004135,194Â 351,A01,10,3,2,5,0,-1,-1,4,3,1,2021,69.0,2,2,0,1,1,15,1,,3,"""PAUL VAILLANT COUTURIER (AVENUE """"DU 13",0,,2,4,3,1,0,1,1,, -1,2,0,1,50,7,12,5,93,93007,2,3,1,6,"""PAUL VAILLANT COUTURIER (AVENUE """"DU 13",48.9245319623,2.4635619156,18,2,1
202100043019,124Â 777,A01,2,2,2,0,2,0,-1,-1, -1,-1,2021,17.0,1,1,0,2,1,0,1,,7,GALILEE RUE,0,,2,3,1,1,(1),(1),3,, -1,2,0,1,50,17,3,1,59,59360,2,4,1,1,GALILEE RUE,50.619481,3.00883,15,3,2
202100053635,105Â 856,A01,10,3,1,2,0,-1,-1,5,1,-1,2021,12.0,3,2,0,1,1,2,0,,4,R DU CLOS FLEURI,0,,1,1,0,1,1,0,1,, -1,1,0,1,30,26,1,1,94,94076,2,1,0,6,Rue du Clos Fleuri,48.787749,2.372833,17,2,1
202100011517,181Â 131,A01,1,1,1,0,1,0,-1,-1, -1,-1,2021,32.0,1,2,0,2,1,1,1,,1,A13Y,0,,3,2,0,1,14,399,1,, -1,1,0,1,110,22,10,1,78,78043,1,1,0,4,A13Y,48.84757,2.07683,13,3,3
202100011290,181Â 554,B01,1,1,1,5,1,-1,-1,0,0,-1,2021,51.0,1,2,2,2,2,1,1,,3,26,-1,,2,2,0,1,38,677,1,, -1,2,0,1,80,25,10,1,27,27638,1,2,1,3,intersection D85 et D26,49.243849,0.919043,9,2,2
202100051256,110Â 061,B01,1,1,1,0,2,0,-1,-1, -1,-1,2021,26.0,1,1,0,2,2,1,1,,4,BERTHELOT                           (AV),0,,1,2,0,1,(1),(1),1,, -1,2,0,1,50,16,2,5,69,69387,2,2,1,3,BERTHELOT                           (AV),45.74346,4.84729,21,2,2
202100035619,138Â 052,A01,1,1,1,5,0,-1,-1,0,0,-1,2021,15.0,0,1,0,2,1,15,5,,4,,-1,,2,1,0,2,(1),(1),1,,3,1,0,1,50,10,6,1,53,53062,2,3,0,3,Chemin du Moulinet,47.828218,-0.723327,16,2,2
202100016039,172Â 987,B01,1,1,1,1,1,-1,-1,-1, -1,-1,2021,50.0,1,2,0,2,3,1,1,,1,A57,0,,3,6,0,1,0,500,1,, -1,1,0,1,70,30,9,2,83,83137,1,1,0,3,A57,43.1237750225,5.9609671565,6,2,2
202100054403,104Â 517,B01,1,1,1,4,1,0,-1,-1, -1,-1,2021,41.0,2,2,0,2,4,2,0,,1,6,0,,3,6,0,3,17,719,1,, -1,1,0,1,110,20,1,1,91,91589,1,1,0,2,AUTOROUTE A6,48.67364,2.343,9,2,2
202100051843,109Â 036,B01,1,1,1,5,0,-1,-1,0,0,-1,2021,19.0,3,1,0,2,1,1,5,,4,,-1,,2,2,0,1,(1),(1),1,, -1,1,0,1,50,11,2,1,33,33108,2,2,0,3,36 Rue du Champ de Foire,44.852994,-0.047612,12,2,2
202100019021,167Â 639,A01,1,1,1,5,1,0,-1,-1, -1,-1,2021,82.0,1,2,0,2,3,15,1,,4,GRANDE ALLEE,0,,2,3,0,1,1,0,1,, -1,2,0,1,50,14,9,1,94,94011,2,9,0,3,GRANDE ALLEE,48.768528,2.494205,12,2,2
202100053176,106Â 683,A01,10,3,1,0,0,-1,-1,2,5,1,2021,13.0,3,2,0,1,7,11,1,,4,CHAMP LAGARDE (RUE),0,,2,2,0,1,(1),(1),1,, -1,1,0,1,50,26,1,1,78,78646,2,1,0,6,CHAMP LAGARDE (RUE),48.80147,2.14778,11,2,1
202100030091,147Â 992,A01,1,1,1,5,2,6,9,0,0,-1,2021,27.0,2,1,0,2,2,1,1,,2,202,0,,2,2,0,2,34,300,3,, -1,1,0,1,80,9,7,1,4,4008,1,1,0,1,RN 202 (Hameau de Rouaine),43.933066,6.669817,14,2,2
202100003119,196Â 190,A01,1,1,1,9,2,8,-1,-1, -1,-1,2021,62.0,3,0,0,0,0,26,3,,9,EPINARD CHEMIN,0,,-1,1,0,2,1,0,1,, -1,2,0,6,30,13,12,1,49,49007,2,1,0,7,EPINARD CHEMIN,47.49608,-0.54908,13,1,1
202100012793,178Â 853,B01,2,2,2,0,1,0,-1,-1, -1,-1,2021,11.0,1,2,0,2,4,2,1,,1,AUTOROUTE A104,0,,3,6,0,1,5,0,1,, -1,1,0,1,90,16,10,3,93,93078,1,1,0,4,AUTOROUTE A104,48.96174,2.5456,20,4,3
202100017961,169Â 522,C01,1,1,1,0,1,-1,-1,-1, -1,-1,2021,28.0,2,2,0,2,4,2,1,,7,RD383   3.750 A 7.640,0,,3,8,0,1,6,99,1,, -1,1,1,1,70,7,9,5,69,69266,2,1,0,4,RD383   3.750 A 7.640,45.75627,4.90844,20,3,3
202100037100,135Â 390,A01,1,1,2,5,1,-1,-1,0,0,-1,2021,64.0,2,2,13,0,2,1,1,,4,,-1,,2,2,0,1,(1),(1),3,, -1,1,0,3,80,30,5,1,31,31033,2,1,0,6,26 Chemin de Traverse du Bouet,43.331687,1.484061,18,1,1
202100002223,197Â 816,B01,2,2,2,0,1,0,-1,-1, -1,-1,2021,27.0,1,2,0,2,4,1,1,,4,HUBERT DE LISLE(BOULEVARD),0,,2,1,1,1,0,0,1,, -1,1,0,1,50,18,12,5,974,97416,2,1,0,2,HUBERT DE LISLE(BOULEVARD),-21.34317,55.46697,22,3,2
202100040945,128Â 430,A01,1,1,1,1,2,0,-1,0,0,-1,2021,20.0,3,1,0,2,0,0,0,,7,SAUVAIGO PIERRE AVENUE,0,,2,2,0,3,(1),(1),3,, -1,1,0,1,50,7,5,1,6,6123,2,1,0,1,SAUVAIGO PIERRE AVENUE,43.66151,7.17928,14,2,2
202100026151,154Â 949,A01,2,2,1,5,2,0,-1,0,0,-1,2021,19.0,3,1,0,2,4,16,1,,4,ROUTE DE SURESNES,0,,2,4,0,1,(1),(1),1,, -1,1,5,1,50,31,7,5,75,75116,2,2,0,3,ROUTE DE SURESNES,48.865034,2.234458,3,3,2
202100021242,163Â 687,B01,1,1,1,1,8,0,-1,-1, -1,-1,2021,22.0,2,1,0,2,1,1,5,,7,HUGO VICTOR RUE,0,,2,2,1,1,(1),(1),1,, -1,1,0,5,50,2,9,1,59,59350,2,3,0,3,HUGO VICTOR RUE,50.62116,3.09516,15,2,2
202100003225,196Â 006,A01,1,1,1,0,2,0,-1,-1, -1,-1,2021,23.0,1,1,0,2,7,0,0,,1,AUTOROUTE A86,0,,1,3,0,1,12,500,1,, -1,1,0,1,70,13,12,3,93,93066,1,1,0,3,AUTOROUTE A86,48.92484,2.34064,21,2,2
202100025891,155Â 408,A01,1,1,1,5,2,-1,-1,0,0,-1,2021,18.0,2,1,6,0,2,2,1,,3,154,0,D,2,2,0,1,4,346,1,, -1,1,0,1,70,3,8,3,41,41262,1,1,0,6,Avenue des Ponts dâArian,47.542367,1.511357,3,1,1
202100032078,144Â 411,A01,1,1,1,0,8,0,-1,-1, -1,-1,2021,22.0,0,0,0,0,0,0,0,,4,FELIX FAURE                         (AV),0,,2,3,3,1,(1),(1),1,, -1,1,0,6,50,26,6,1,69,69383,2,1,0,7,FELIX FAURE                         (AV),45.7551,4.87106,17,1,1
202100034828,139Â 456,A01,1,1,1,9,2,-1,-1,0,0,-1,2021,33.0,2,1,0,0,0,1,1,,3,28,-1,,2,2,0,1,16,352,1,,"5,1",1,0,1,50,13,6,1,79,79102,2,1,0,7,Rue de Saint-Varent,46.924575,-0.317198,20,1,1
202100024813,157Â 303,A01,10,3,2,5,0,-1,-1,2,3,2,2021,9.0,1,1,0,2,1,0,1,,2,4,-1,,2,2,0,1,(1),(1),1,, -1,1,0,1,50,11,8,1,976,97608,2,1,0,6,Boulevard des Crabes,-12.787483,45.263845,17,3,1
202100038132,133Â 500,A01,1,1,1,1,2,6,-1,-1, -1,-1,2021,59.0,1,1,0,2,1,1,1,,1,AUTOROUTE A3,0,,3,5,0,1,1,399,1,, -1,1,0,1,70,27,5,1,93,93005,1,1,0,2,AUTOROUTE A3,48.96159,2.46807,9,2,2
202100020037,165Â 812,A01,10,3,2,0,0,-1,-1,3,3,1,2021,49.0,3,1,0,1,1,17,1,,4,PONT (RUE DU),0,,2,2,0,1,0,0,1,, -1,1,0,1,50,7,9,5,974,97411,2,1,0,6,PONT (RUE DU),-20.8781534165,55.4459094999,18,2,1
202100034030,140Â 934,A01,2,2,2,2,1,0,-1,-1, -1,-1,2021,18.0,1,2,8,0,1,15,1,,3,LIBERATION (DE LA),0,,-1,2,0,1,4,1675,3,, -1,1,0,1,50,16,6,1,77,77487,2,1,0,6,LIBERATION (DE LA),48.53259,2.67225,8,3,1
202100008181,187Â 102,A01,1,1,2,5,8,-1,-1,0,0,-1,2021,39.0,0,2,2,0,1,1,1,,3,162,-1,,2,2,0,2,16,570,3,, -1,1,0,3,80,14,11,1,49,49046,1,1,0,6,D162,47.186286,-0.008004,14,1,1
202100017686,170Â 007,A01,1,1,1,0,2,6,-1,-1, -1,-1,2021,60.0,1,1,0,2,1,9,1,,4,LOUIS GEORGEON (AV),0,,2,2,0,1,1,0,1,, -1,1,0,1,50,21,9,1,94,94016,2,1,0,3,Avenue Louis Georgeon,48.792527,2.336956,12,2,2
202100036932,135Â 689,B01,1,1,1,0,2,-1,-1,-1, -1,-1,2021,39.0,1,1,0,2,1,2,1,,1,A7-Sens Lyon vers Marseille,0,,1,2,0,1,265,0,1,, -1,2,0,1,90,2,6,1,13,13071,1,1,1,2,A7-Sens Lyon vers Marseille,43.41411,5.27956,7,3,2
202100010435,183Â 070,A01,1,1,1,1,1,5,-1,0,0,-1,2021,20.0,1,2,0,0,0,1,1,,7,45,-1,A,2,2,0,1,(1),(1),1,, -1,2,0,8,-1,30,10,3,13,13007,1,1,1,6,D45a,43.330095,5.682807,5,1,1
202100034184,140Â 648,B01,1,1,1,0,2,6,-1,0,0,-1,2021,34.0,1,1,8,2,8,0,1,,3,,0,,2,2,0,1,14,300,1,,4,1,0,1,30,16,6,1,7,7293,2,1,0,1,Route du BelvÃ©dÃ¨re,44.976411,4.79859,19,2,2
202100031580,145Â 306,A01,1,1,1,5,2,0,-1,-1, -1,-1,2021,16.0,0,1,0,2,1,13,1,,4,SOCIETE FRANCAISE (RUE DE LA),0,,2,2,0,1,1,0,1,, -1,1,0,1,50,29,6,1,18,18279,2,1,0,1,SOCIETE FRANCAISE (RUE DE LA),47.22,2.05,18,2,2
202100043731,123Â 518,B01,1,1,2,5,1,0,-1,-1, -1,-1,2021,26.0,1,2,0,2,4,1,1,,4,RUE JULES FERRY,0,,1,3,0,1,0,0,1,, -1,2,0,1,50,16,4,1,988,98818,2,1,1,2,RUE JULES FERRY,-22.26809,166.43751,16,2,2
202100016014,173Â 037,B01,1,1,1,3,1,-1,-1,0,0,-1,2021,75.0,1,2,0,2,1,1,1,,3,613,-1,,2,2,0,2,62,50,1,, -1,2,0,1,80,1,10,1,27,27425,1,1,0,1,rd 613,49.148752,0.70069,15,3,2
202100015832,173Â 375,B01,1,1,1,1,1,-1,-1,0,0,-1,2021,16.0,3,2,0,2,1,13,3,,7,57,0,B,2,2,0,1,(1),(1),1,, -1,1,0,1,80,1,9,1,13,13079,1,1,0,1,Chemin DÃ©partemental 57 b,43.508176,5.650406,8,2,2
202100044771,121Â 686,A01,1,1,1,0,1,-1,-1,0,0,-1,2021,49.0,-1,2,0,2,1,13,1,,3,,-1,,2,2,0,1,1,156,2,,3,1,0,1,80,7,4,1,69,69295,1,1,0,1,FONDERIE (DE LA) (R),45.6277439995,4.8725008965,18,2,2
202100040869,128Â 574,A01,2,2,1,9,0,-1,-1,-1, -1,-1,2021,22.0,1,1,0,2,1,5,1,,4,BOILEAU                             (R ),0,,1,1,1,1,(1),(1),1,, -1,1,0,1,50,7,5,5,69,69386,2,2,0,3,BOILEAU (R),45.7672,4.8494,22,3,2
202100014656,175Â 516,A01,10,3,2,5,0,-1,-1,3,3,1,2021,23.0,2,2,0,1,3,2,1,,3,GALLIENI (AV.) DE 177 A 211,0,,1,3,0,1,0,0,1,, -1,1,9,1,50,7,10,1,93,93010,2,1,0,1,GALLIENI (AV.) DE 177 A 211,48.90676,2.48623,13,2,1
202100027576,152Â 432,A01,1,1,2,2,8,0,-1,0,0,-1,2021,19.0,2,1,1,0,1,1,3,,4,RUE DES PETITS PERES,0,,1,1,0,1,(1),(1),1,, -1,1,0,1,50,22,7,1,75,75102,2,4,0,6,RUE DES PETITS PERES,48.866177,2.339997,9,1,1
202100043689,123Â 589,A01,2,2,1,5,2,6,-1,0,0,-1,2021,10.0,3,1,0,0,0,1,1,,4,,-1,,-1,2,0,1,(1),(1),1,, -1,1,0,8,-1,18,4,1,60,60456,1,1,0,7,Rue de Wacquemoulin,49.485764,2.579674,17,2,1
202100012097,180Â 094,A01,1,1,2,1,1,-1,-1,0,0,-1,2021,39.0,1,2,0,2,8,17,1,,3,10,0,,2,2,0,2,37,10,2,,5,2,0,1,80,21,10,1,29,29077,1,3,1,3,D10 -  moulin de Kergoniou,48.6133,-4.429078,12,2,2
202100045528,120Â 361,A01,10,3,2,2,0,-1,-1,3,3,1,2021,13.0,3,2,0,1,1,1,0,,4,COUTURIER PAUL VAILLANT (AVENUE),0,,2,2,0,1,(1),(1),1,, -1,1,0,1,50,15,1,1,95,95019,2,1,0,6,COUTURIER PAUL VAILLANT (AVENUE),48.983195,2.419929,16,2,1
202100011062,181Â 949,B01,1,1,1,0,1,8,-1,-1, -1,-1,2021,44.0,1,2,0,2,4,2,1,,9,MARGATS (RUE DES),0,,2,2,0,1,0,0,1,, -1,1,0,1,50,24,10,1,77,77131,2,3,0,2,MARGATS (RUE DES),48.80875,3.10129,17,3,2
202100007233,188Â 828,Z01,10,3,2,0,8,8,-1,4,3,1,2021,26.0,1,2,0,1,7,1,1,,4,SCARPONE (BD DE),0,,2,2,0,1,(1),(1),1,, -1,1,0,1,50,9,11,1,54,54395,2,1,0,6,SCARPONE (BD DE),48.70241,6.1638,10,2,1
202100050483,111Â 458,A01,1,1,1,5,2,0,-1,0,0,-1,2021,40.0,1,1,0,1,3,1,5,,4,QUAI DE LA RAPEE,0,,-1,2,1,1,(1),(1),1,, -1,1,-1,5,50,23,2,2,75,75112,2,2,0,6,QUAI DE LA RAPEE,48.845851,2.367637,17,2,1
202100042276,126Â 064,A01,1,1,2,1,1,8,-1,-1, -1,-1,2021,44.0,2,2,0,2,3,11,1,,2,RN12 EXT,0,,3,6,0,1,19,0,1,, -1,1,0,1,110,28,4,1,78,78322,1,1,0,2,RN12 EXT,48.78667,2.15092,12,4,2
202100019716,166Â 399,B01,1,1,1,1,2,0,-1,0,0,-1,2021,18.0,1,1,0,2,1,1,1,,3,ST JEAN ( ROUTE DE ),0,,2,2,0,1,7,680,1,, -1,1,0,1,50,9,9,3,5,5061,2,1,0,3,ST JEAN ( ROUTE DE ),44.53708,6.04939,6,2,2
202100044765,121Â 696,B01,1,1,2,3,0,-1,-1,0,0,-1,2021,71.0,1,2,1,0,4,23,1,,4,1,0,,1,1,0,1,(1),(1),1,, -1,1,0,3,50,29,3,1,66,66037,2,1,0,2,1 rue Ile de france,42.6939487063,3.034016937,14,2,2
202100040253,129Â 650,A01,1,1,1,5,0,-1,-1,0,0,-1,2021,70.0,2,1,0,9,4,15,0,,3,20,0,,2,2,0,1,21,580,1,, -1,1,0,1,80,12,5,1,63,63180,1,3,0,2,D20 Route de Joze/ VC,45.8604171087,3.3184200928,8,2,2
202100001565,199Â 012,A01,1,1,2,0,1,5,-1,-1, -1,-1,2021,36.0,2,2,4,0,1,1,1,,2,118,0,,-1,2,0,2,0,800,3,, -1,1,0,1,50,24,12,3,92,92072,1,1,0,6,N118,48.822394315,2.2223572941,0,1,1
202100023587,159Â 475,A01,1,1,2,0,1,0,-1,-1, -1,-1,2021,86.0,1,2,0,2,1,16,1,,3,RD 2007,0,,2,2,0,1,0,585,2,, -1,2,0,1,50,18,8,1,45,45004,2,3,1,3,Rue du Chesnoy,47.971273,2.737971,9,2,2
202100040083,129Â 948,A01,1,1,1,5,2,-1,-1,0,0,-1,2021,14.0,2,1,0,2,1,1,1,,3,74,-1,,2,2,0,1,18,720,1,, -1,1,0,1,50,12,5,1,81,81317,2,3,0,1,Avenue de Mouzieys,43.890741,2.323458,15,2,2
202100036616,136Â 257,A01,1,1,2,1,2,0,-1,-1, -1,-1,2021,55.0,1,1,0,0,8,1,2,,4,NATIONALE (RUE),0,,2,0,3,1,(1),(1),1,, -1,2,0,1,20,2,6,1,37,37261,2,2,1,6,NATIONALE (RUE),47.3929303241,0.6876774878,8,1,1
202100042151,126Â 280,B01,1,1,2,1,0,-1,-1,0,0,-1,2021,31.0,2,1,0,2,1,0,5,,2,JAURES (BOULEVARD JEAN),0,,2,2,1,1,(1),(1),3,, -1,2,9,5,30,27,4,2,974,97411,2,9,1,1,Boulevard Jean JaurÃ¨s,-20.89745,55.47574,7,2,2
202100004429,193Â 846,A01,10,3,1,5,0,-1,-1,1,3,2,2021,67.0,1,2,0,1,4,4,1,,4,,0,,2,2,0,1,0,0,1,, -1,2,6,1,30,6,12,1,92,92007,2,7,0,6,REPUBLIQUE (RUE DE LA),48.7957,2.30154,10,2,1
202100000004,201Â 759,D01,1,1,2,5,0,-1,-1,-1, -1,-1,2021,7.0,-1,1,0,0,7,19,5,,3,GENERAL GALLIENI (BOULEVARD DU),0,,2,4,0,1,0,1,1,, -1,1,0,1,50,27,3,5,93,93005,2,2,1,6,Route de Mitry,48.9493634583,2.5196639908,19,2,2
202100004831,193Â 148,A01,1,1,1,9,1,0,-1,-1, -1,-1,2021,47.0,-1,2,1,2,4,23,1,,3,MITRY [CD115] (ROUTE DE),0,,1,2,0,1,0,0,1,, -1,2,0,1,50,4,12,5,93,93005,2,1,1,6,MITRY [CD115] (ROUTE DE),48.94957,2.52016,22,1,1
202100024919,157Â 118,B01,1,1,1,1,2,6,9,0,0,-1,2021,56.0,2,1,0,2,1,1,1,,3,1084,0,,2,2,0,1,23,100,1,, -1,1,0,1,80,10,8,1,1,1290,1,9,0,3,RD 1084,45.889149,5.174228,7,2,2
202100019657,166Â 507,A01,1,1,2,0,1,8,-1,-1, -1,-1,2021,45.0,1,2,0,2,1,5,1,,3,R D 900,0,,3,4,0,1,20,573,1,, -1,2,0,1,110,9,9,3,66,66136,1,1,1,1,R D 900,42.7137678356,2.8724262491,21,2,2
202100044922,121Â 428,A01,1,1,2,4,1,-1,-1,-1, -1,-1,2021,20.0,2,2,6,0,1,14,1,,3,6015,0,,2,2,0,1,88,255,1,, -1,1,5,1,70,4,4,5,76,76296,1,2,0,6,Rue de la LibÃ©ration,49.51765,0.25065,22,1,1
202100044169,122Â 723,B01,1,1,2,3,8,0,-1,0,0,-1,2021,24.0,0,1,0,2,8,9,5,,4,AVENUE CLAUDE VELLEFAUX,0,,2,0,0,2,(1),(1),1,, -1,1,0,1,50,13,4,1,75,75110,2,2,0,3,AVENUE CLAUDE VELLEFAUX,48.875224,2.370318,9,2,2
202100014381,176Â 005,A01,1,1,1,4,2,6,-1,0, -1,-1,2021,34.0,1,1,0,2,1,1,1,,4,KERMENGUY,0,,2,2,0,1,(1),(1),1,, -1,1,0,1,30,8,10,1,29,29019,2,3,0,3,Rue de Kermenguy,48.403908,-4.500316,19,2,2
202100044929,121Â 417,B01,2,2,1,0,2,8,-1,-1, -1,-1,2021,18.0,1,1,0,2,7,2,1,,4,ANVERS (BOULEVARD D ),0,,3,3,0,1,0,0,1,, -1,1,0,1,50,1,4,1,67,67482,2,1,0,2,ANVERS (BOULEVARD D ),48.5872456426,7.7702455704,11,3,2
202100006660,189Â 881,C01,1,1,1,4,1,0,-1,0,0,-1,2021,37.0,3,2,1,2,5,0,1,,7,FAYOL (BOULEVARD),0,,2,2,0,2,3,500,1,, -1,1,0,4,50,23,11,5,42,42095,1,1,0,5,Boulevard Fayol,45.38907,4.29523,19,4,3
202100011555,181Â 066,A01,10,3,1,9,0,-1,-1,1,3,3,2021,13.0,2,2,0,1,1,1,1,,4,CUGNOT NICOLAS (BD),0,,3,4,0,2,0,0,1,, -1,1,0,1,70,21,10,5,72,72181,2,1,0,6,CUGNOT NICOLAS (BD),47.99363,0.22496,20,2,1
202100001984,198Â 252,B01,1,1,2,4,2,4,-1,0,0,-1,2021,23.0,2,1,0,2,9,1,5,,1,ROUTE PROVINCIALE ROUTE DU SUD,0,,1,1,0,2,(1),(1),3,, -1,1,3,1,50,21,12,1,988,98818,2,3,0,3,VE1 BRETTELLE D'INSERTION/RUE JACQUES IEKAWE,-22.22402,166.48104,11,2,2
202100032817,143Â 117,B01,1,1,1,9,2,0,-1,-1, -1,-1,2021,29.0,1,1,0,2,1,9,1,,1,AUTOROUTE (A1),0,,1,4,0,2,0,699,1,, -1,1,0,8,90,20,6,3,972,97209,1,1,0,3,AUTOROUTE (A1),14.61794,-61.03833,22,2,2
202100054722,103Â 976,A01,1,1,1,1,2,6,-1,0,0,-1,2021,48.0,2,1,0,0,1,26,1,,3,936,0,A,2,2,0,1,6,500,1,, -1,1,0,1,50,18,1,2,64,64386,2,1,0,7,Chemin de Benejacq,43.184097,-0.243743,7,1,1
202100007954,187Â 512,B01,1,1,1,4,2,6,-1,-1, -1,-1,2021,38.0,2,1,0,2,7,3,1,,1,A86 INT,0,,-1,4,0,1,37,700,2,, -1,1,0,1,90,16,11,1,94,94028,1,1,0,2,A86 INT,48.7999276873,2.4460643658,11,2,2
202100021515,163Â 183,A01,1,1,1,5,2,6,-1,0,0,-1,2021,14.0,2,1,0,2,1,9,1,,3,139,-1,,2,2,0,1,21,415,2,, -1,1,5,1,80,1,9,1,56,56004,1,6,0,3,Bellevue,47.517463,-2.371543,18,2,2
202100038118,133Â 530,A01,1,1,2,2,1,-1,-1,0,0,-1,2021,22.0,2,2,2,0,1,0,1,,3,934,-1,D,2,2,0,1,6,600,2,, -1,1,0,8,80,28,5,1,64,64230,1,1,0,7,D934,43.17524,-0.394564,8,1,1
202100021423,163Â 360,A01,1,1,1,0,1,0,-1,-1, -1,-1,2021,72.0,1,2,4,0,1,0,1,,2,NATIONALE 6 (GLACIERE),0,,2,4,0,1,0,100,1,, -1,1,0,1,90,1,9,5,91,91421,1,1,0,6,NATIONALE 6 (GLACIERE),48.7066,2.443,4,1,1
202100026290,154Â 701,A01,10,3,2,1,0,-1,-1,3,3,1,2021,54.0,1,2,0,1,2,1,1,,7,JAURES JEAN RUE DU 130 AU 252,0,,2,2,3,1,(1),(1),1,, -1,1,6,1,50,28,7,1,59,59009,2,1,0,6,JAURES JEAN RUE DU 130 AU 252,50.66516,3.14063,7,2,1
202100049431,113Â 404,A01,1,1,1,1,1,0,-1,-1, -1,-1,2021,23.0,2,1,0,2,2,17,3,,4,,0,,2,2,0,1,0,0,1,, -1,1,0,1,30,3,3,1,92,92024,2,3,0,3,VALITON (RUE),48.9029924578,2.2971892754,9,2,2
202100014204,176Â 302,B01,1,1,1,9,2,8,-1,0,0,-1,2021,32.0,1,1,0,2,1,1,5,,4,AVENUE DE LA PORTE BRANCION,0,,2,1,1,4,(1),(1),1,, -1,1,0,1,50,9,10,5,75,75115,2,2,0,3,AVENUE DE LA PORTE BRANCION,48.828494,2.301386,19,2,2
202100017630,170Â 106,B01,1,1,1,0,8,0,-1,0,0,-1,2021,32.0,1,1,0,2,1,25,3,,7,SAINT JEAN (BD),0,,3,4,0,1,(1),(1),1,, -1,1,0,4,50,20,9,2,63,63113,2,1,0,3,SAINT JEAN (BD),45.78165,3.118,20,2,2
202100024615,157Â 659,A01,1,1,2,5,1,-1,-1,0,0,-1,2021,34.0,1,2,0,2,0,17,1,,3,GENNEVILLE (ROUTE),0,,2,2,0,1,0,0,4,, -1,2,0,1,50,10,8,1,14,14001,2,1,1,7,D140,49.38997,0.27648,13,1,1
202100006568,190Â 061,A01,10,3,1,9,0,-1,-1,9,2,1,2021,16.0,1,5,0,1,5,20,1,,4,GASPARIN                            (R ),0,,1,1,3,1,(1),(1),1,, -1,1,0,1,30,22,11,1,69,69382,2,1,0,6,GASPARIN (R),45.7598,4.83341,9,2,1
202100052969,107Â 035,A01,1,1,1,5,8,-1,-1,-1, -1,-1,2021,27.0,3,1,0,2,1,1,6,,7,GENAS (DE)                          (RO),0,,2,4,0,1,0,100,1,, -1,1,0,1,50,29,1,1,69,69029,2,1,0,3,GENAS (DE) (RTE),45.7505605458,4.9099726557,16,2,2
202100044294,122Â 488,B01,1,1,1,9,8,8,-1,0,0,-1,2021,33.0,1,1,0,2,8,19,5,,4,RUE DE CRIMEE,0,,1,1,0,1,(1),(1),1,, -1,1,0,1,50,12,4,1,75,75119,2,3,0,3,RUE DE CRIMEE,48.888552,2.379224,8,2,2
202100005648,191Â 692,B01,1,1,2,5,2,0,-1,0,0,-1,2021,19.0,3,1,0,2,8,19,5,,4,BOULEVARD DE CLICHY,0,,1,2,3,1,(1),(1),1,, -1,1,0,6,30,29,11,1,75,75109,2,1,0,3,BOULEVARD DE CLICHY,48.884202,2.330423,15,2,2
202100026261,154Â 759,A01,1,1,1,1,2,-1,-1,-1, -1,-1,2021,26.0,3,1,0,2,4,23,1,,4,CHARLES DE GAULLE                   (QU),0,,1,2,2,1,(1),(1),1,, -1,1,0,1,50,30,7,5,69,69386,2,4,0,2,CHARLES DE GAULLE (Q),45.776773077,4.8438561559,23,3,2
202100021556,163Â 105,B01,1,1,1,9,1,-1,-1,-1, -1,-1,2021,21.0,2,5,0,2,4,2,1,,1,AUTOROUTE A 63,0,,3,4,0,1,8,254,1,, -1,1,0,1,130,1,9,1,33,33122,1,1,0,4,AUTOROUTE A 63,44.7419,-0.70873,7,3,3
202100031471,145Â 495,B01,1,1,1,5,0,-1,-1,0,0,-1,2021,14.0,2,1,0,2,1,25,5,,3,820,0,D,2,1,0,2,58,94,1,, -1,1,0,1,50,1,7,1,31,31033,2,1,0,3,47 Route d Espagne,43.348959,1.471701,17,2,2
202100019528,166Â 726,A01,1,1,2,5,8,0,-1,-1, -1,-1,2021,39.0,3,1,0,2,8,19,5,,3,63,0,,2,2,0,1,0,0,1,, -1,1,0,1,50,11,9,1,92,92046,2,1,0,3,RAYMOND DAVID,48.8162882821,2.2952623862,18,2,2
202100027906,151Â 826,A01,1,1,1,5,2,6,-1,-1, -1,-1,2021,53.0,1,1,12,0,3,11,1,,4,LAPORTE (AVENUE JEAN LEON),0,,-1,3,0,1,0,0,1,, -1,1,0,1,50,20,7,1,64,64024,2,1,0,7,LAPORTE (AVENUE JEAN LEON),43.4969,-1.50794,13,1,1