Num_Acc,id_vehicule,num_veh,place,catu,sexe,trajet,secu1,secu2,secu3,locp,actp,etatp,year_acc,victim_age,senc,catv,obs,obsm,choc,manv,motor,occutc,catr,voie,v1,v2,circ,nbv,vosp,prof,pr,pr1,plan,lartpc,larrout,surf,infra,situ,vma,jour,mois,lum,dep,com,agg_,int,atm,col,adr,lat,long,hour,nb_victim,nb_vehicules
202100047020,117Â 727,A01,1,1,2,5,1,8,-1,-1, -1,-1,2021,37.0,1,2,0,2,1,17,1,,1,AUTOROUTE A1,0,,3,0,0,1,4,100,1,, -1,1,0,1,90,21,3,1,972,97213,1,1,0,2,AUTOROUTE A1,14.61352,-61.01082,6,2,2
202100009879,184Â 044,A01,2,2,2,0,1,0,-1,-1, -1,-1,2021,53.0,2,2,0,2,1,11,1,,1,AUTOROUTE A86,0,,-1,6,0,1,11,199,1,, -1,2,1,1,90,2,11,3,92,92078,1,1,1,2,AUTOROUTE A86,48.9302088519,2.3257934269,20,3,2
202100016139,172Â 793,B01,1,1,1,2,2,8,-1,-1, -1,-1,2021,19.0,2,1,0,2,1,2,1,,3,COLBERT (BOULEVARD),0,,2,2,1,1,4,950,1,, -1,1,0,1,50,28,9,1,61,61001,2,3,0,2,COLBERT (BOULEVARD),48.43459,0.07643,8,2,2
202100042653,125Â 391,A01,1,1,1,9,1,-1,-1,0,0,-1,2021,37.0,2,2,2,0,7,0,1,,3,62,-1,,2,2,0,1,5,550,3,, -1,1,0,3,80,24,4,3,1,1390,1,1,0,7,,45.82539,5.247023,19,1,1
202100044056,122Â 929,A01,1,1,1,9,1,0,-1,-1, -1,-1,2021,24.0,1,2,0,2,3,2,1,,4,CHAPIT RE ( RUE DU),0,,1,4,0,1,0,0,1,, -1,1,0,1,70,14,4,1,93,93073,1,1,0,3,Rue du Chapitre,49.003399,2.536825,9,3,2
202100012397,179Â 548,B01,1,1,1,0,1,0,-1,-1, -1,-1,2021,50.0,1,2,0,2,1,2,1,,3,R.D. 20,0,,3,4,0,1,35,0,1,, -1,1,0,1,90,18,10,2,91,91433,1,1,0,4,R.D. 20,48.45622,2.17605,7,3,3
202100044939,121Â 403,A01,1,1,2,4,2,6,-1,-1, -1,-1,2021,19.0,1,1,0,0,1,1,3,,4,SAINT EXUPERY (BOULEVARD),0,,2,2,0,1,0,0,1,, -1,1,0,1,50,27,2,5,58,58194,2,1,0,7,SAINT EXUPERY (BOULEVARD),47.0038,3.164,21,1,1
202100044711,121Â 794,B01,1,1,1,1,2,6,-1,0,0,-1,2021,50.0,2,1,0,2,5,1,1,,4,PLACE DE LA PORTE MAILLOT,0,,1,3,0,1,(1),(1),2,, -1,1,0,1,50,6,4,1,75,75116,2,7,1,3,PLACE DE LA PORTE MAILLOT,48.877373,2.281244,8,2,2
202100001218,199Â 594,B01,1,1,1,5,2,0,-1,-1, -1,-1,2021,17.0,2,1,0,2,1,1,1,,4,LIBERTE AVENUE DE LA,0,,2,2,0,1,0,0,1,, -1,2,0,1,50,27,12,5,92,92050,2,1,0,3,LIBERTE AVENUE DE LA,48.8879238117,2.2081969678,19,2,2
202100039737,130Â 552,A01,1,1,1,0,0,-1,-1,0,0,-1,2021,20.0,1,1,0,2,1,0,1,,9,,-1,,1,1,0,1,(1),(1),1,, -1,1,0,1,30,16,5,1,6,6161,1,4,0,3,14 AllÃ©e de la Tour de la Madone,43.634673,7.113137,10,2,2
202100024809,157Â 309,A01,1,1,1,5,2,6,-1,0,0,-1,2021,27.0,2,1,13,0,7,1,1,,3,901,0,,2,2,0,2,26,340,3,, -1,1,0,1,90,11,8,1,48,48053,1,1,0,6,D901,44.488377,3.796871,11,1,1
202100032928,142Â 902,B01,1,1,1,1,2,6,-1,-1, -1,-1,2021,35.0,3,1,0,2,4,1,1,,3,CROISAT AMBROISE RD 29 BIS,0,,2,2,0,1,0,1,1,, -1,1,0,1,50,21,6,1,93,93066,2,1,0,2,Rue Ambroise Croizat,48.92742,2.35346,8,2,2
202100017715,169Â 959,A01,1,1,2,1,1,5,-1,0,0,-1,2021,36.0,1,2,13,0,9,1,1,,3,917,-1,,2,2,0,2,12,440,4,, -1,2,0,8,80,19,9,2,41,41178,1,9,1,7,D917,47.81559,1.415032,19,1,1
202100017284,170Â 756,A01,1,1,2,5,8,-1,-1,0,0,-1,2021,90.0,2,2,0,2,1,2,1,,1,8,0,A,3,5,0,1,27,100,1,, -1,1,0,1,110,25,9,1,13,13060,1,1,0,2,A8 PK027.100 sens NICE-AIX,43.496721,5.524921,11,8,3
202100052043,108Â 689,A01,1,1,1,0,2,8,-1,-1, -1,-1,2021,52.0,1,1,2,0,1,1,1,,4,R LAVOISIER,0,,2,2,0,2,1,0,1,, -1,2,0,4,50,6,2,5,94,94081,2,1,1,6,Rue Lavoisier,48.79831,2.39126,20,1,1
202100041638,127Â 176,A01,10,3,2,5,0,-1,-1,1,3,1,2021,11.0,1,2,0,1,2,1,1,,4,CHENOVE (DE) (RUE),0,,2,2,0,1,(1),(1),1,, -1,2,0,1,50,16,3,1,21,21231,2,1,1,6,CHENOVE (DE) (RUE),47.30679,5.02267,16,2,1
202100024682,157Â 527,A01,1,1,2,3,1,-1,-1,0,0,-1,2021,22.0,1,2,13,0,0,14,1,,3,612,0,,2,3,0,1,58,877,1,, -1,1,0,3,90,7,8,3,34,34209,1,1,0,7,D 612,43.313906,3.350653,2,4,1
202100053336,106Â 385,B01,1,1,2,0,1,0,-1,-1, -1,-1,2021,25.0,0,2,0,2,4,2,1,,4,PARIS (RUE DE),0,,3,4,0,1,(1),(1),1,, -1,2,0,1,50,27,1,1,35,35051,2,1,1,2,PARIS (RUE DE),48.11428,-1.60619,15,2,2
202100056039,101Â 719,A01,10,3,1,5,0,-1,-1,3,3,2,2021,66.0,3,2,0,1,2,17,0,,4,Rue Gustave Courbet,0,,2,4,0,1,(1),(1),1,, -1,1,0,1,50,6,1,1,59,59350,2,1,0,6,COURBET GUSTAVE  RUE,50.60838,3.0404,11,3,1
202100023195,160Â 159,A01,1,1,1,1,2,6,-1,0,0,-1,2021,47.0,2,1,0,2,1,17,1,,3,66,-1,,2,2,0,1,48,600,1,, -1,1,0,1,50,21,8,1,68,68278,2,3,0,3,42 Rue de Mulhouse,47.751945,7.400832,12,2,2
202100046463,118Â 731,B01,1,1,1,3,1,-1,-1,0,0,-1,2021,61.0,2,2,0,2,3,1,1,,3,562,0,,2,2,0,2,68,500,1,, -1,1,0,1,80,27,3,1,83,83138,1,1,0,5,D562,43.599662,6.698994,14,3,3
202100019764,166Â 319,A01,1,1,1,9,1,-1,-1,0,0,-1,2021,49.0,2,2,13,0,3,1,1,,3,93,-1,,2,2,0,3,3,249,2,, -1,1,0,1,80,10,9,1,76,76243,1,1,0,7,D93,49.5445711238,1.3630642088,19,1,1
202100048039,115Â 873,A01,1,1,2,9,8,0,-1,0,0,-1,2021,45.0,2,1,1,0,7,14,1,,4,RUE DU FAUBOURG SAINT MARTIN,0,,2,2,0,1,(1),(1),1,, -1,2,0,1,50,14,3,1,75,75110,2,3,0,6,RUE DU FAUBOURG SAINT MARTIN,48.879245,2.362901,14,1,1
202100028105,151Â 467,B01,8,2,2,9,8,0,-1,-1, -1,-1,2021,31.0,2,3,0,2,3,2,1,4.0,3,AMPERE (RUE),0,,1,2,0,1,6,100,3,, -1,1,0,1,50,19,7,1,78,78440,2,1,0,3,AMPERE (RUE),48.996836,1.912649,17,6,2
202100052789,107Â 364,A01,1,1,1,1,2,0,-1,-1, -1,-1,2021,33.0,2,1,0,2,1,1,1,,4,SAKAKINI (BOULEVARD),0,,2,9,0,1,0,0,1,, -1,1,0,1,50,2,2,1,13,13205,2,2,0,3,SAKAKINI (BOULEVARD),43.2924421151,5.4012708093,13,2,2
202100026124,154Â 996,A01,2,2,2,3,2,0,-1,0,0,-1,2021,22.0,2,1,0,2,5,26,1,,6,TORPILLEUR SIROCCO (RUE DU),0,,-1,2,0,1,(1),(1),1,, -1,1,0,1,50,30,7,1,63,63113,2,1,0,3,Parking Auchan nord,45.8138380283,3.1072246939,18,3,2
202100021598,163Â 025,B01,1,1,1,0,1,8,-1,-1, -1,-1,2021,38.0,1,2,0,2,4,2,1,,7,,0,,2,4,0,2,(1),(1),1,, -1,2,2,1,70,30,8,1,67,67218,1,1,1,2,ALFRED KASTLER (ROUTE),48.54459,7.73215,17,2,2
202100032198,144Â 211,A01,1,1,1,0,1,-1,-1,0,0,-1,2021,29.0,1,2,0,0,4,24,1,,1,2,0,,2,4,0,1,1,(1),2,, -1,2,0,2,90,26,6,5,988,98805,2,1,1,2,VE2,-22.217712,166.469092,4,2,2
202100020022,165Â 836,A01,1,1,1,0,1,0,-1,-1, -1,-1,2021,31.0,2,2,0,2,4,1,1,,1,AUTOROUTE A3,0,,1,1,0,2,8,0,1,, -1,1,9,1,50,8,9,5,93,93010,1,9,0,2,AUTOROUTE A3,48.91789,2.4793,0,4,2
202100054159,104Â 937,A01,1,1,1,5,1,-1,-1,0,0,-1,2021,37.0,3,2,0,0,0,1,1,,4,22,-1,,2,2,0,2,0,500,2,, -1,9,0,1,50,23,1,3,988,98821,1,1,0,7,Route de Gadji,-22.167604,166.374636,21,2,1
202100033120,142Â 554,A01,1,1,1,5,2,-1,-1,0,0,-1,2021,58.0,2,1,0,6,1,1,1,,3,119,0,D,2,2,0,1,20,275,1,, -1,1,0,1,80,20,6,2,47,47097,1,1,0,6,D119,44.224728,0.358976,22,1,1
202100053612,105Â 888,B01,1,1,2,1,1,0,-1,-1, -1,-1,2021,34.0,1,2,0,9,1,1,1,,3,RD 920,0,,2,2,0,1,26,745,1,, -1,2,0,1,90,25,1,2,15,15012,1,1,0,1,RD 920,44.880332,2.448192,8,4,2
202100051363,109Â 867,A01,1,1,1,1,2,6,9,0,0,-1,2021,39.0,1,1,0,0,0,2,1,,3,3,0,D,-1,2,0,1,2,250,2,, -1,1,9,1,80,17,2,1,38,38565,1,6,0,7,Route de l'IsÃ¨re,45.27963,5.62432,8,1,1
202100024109,158Â 564,B01,1,1,1,0,1,8,-1,-1, -1,-1,2021,35.0,3,2,0,2,5,0,1,,4,MONDON (AVENUE),0,,2,1,0,1,0,0,1,, -1,1,0,1,50,13,8,1,974,97407,1,1,0,2,MONDON (AVENUE),-20.93498,55.29954,15,2,2
202100023120,160Â 287,A01,1,1,2,0,2,6,-1,-1, -1,-1,2021,14.0,2,1,12,0,1,15,1,,4,EUROPE (RUE DE L'),0,,2,2,0,1,(1),(1),2,, -1,1,0,1,50,21,8,1,33,33529,2,3,0,6,EUROPE (RUE DE L'),44.61733,-1.11748,10,1,1
202100016539,172Â 065,A01,10,3,2,5,0,-1,-1,2,3,1,2021,73.0,3,2,0,1,0,20,3,,4,RUE DU RENDEZ VOUS,0,,2,2,0,1,(1),(1),1,, -1,2,0,1,30,27,9,5,75,75112,2,1,0,6,RUE DU RENDEZ VOUS,48.845059,2.404911,20,2,1
202100009916,183Â 965,A01,4,2,2,1,1,0,-1,0,0,-1,2021,25.0,1,2,0,2,5,2,1,,4,PORTE DES LILAS,0,,1,4,0,1,28,500,1,, -1,2,0,1,70,31,10,2,75,75120,2,4,1,2,PORTE DES LILAS,48.876534,2.409645,18,4,2
202100009709,184Â 347,B01,1,1,1,0,2,6,-1,-1, -1,-1,2021,38.0,1,1,0,2,1,3,1,,2,118,0,,1,2,0,2,12,399,1,, -1,2,0,1,90,3,11,1,91,91471,1,1,1,2,RN 118,48.695,2.1925,8,2,2
202100011955,180Â 352,B01,1,1,1,1,2,6,-1,-1, -1,-1,2021,34.0,2,1,0,2,8,3,1,,1,A4,0,,1,3,0,1,13,600,1,, -1,1,0,1,110,20,10,1,93,93051,1,1,0,3,A4,48.83615,2.55554,8,2,2
202100002162,197Â 920,A01,1,1,1,0,1,0,-1,-1, -1,-1,2021,54.0,2,2,1,2,1,26,1,,3,GENERAL LECLERC   (RUE DU),0,,2,2,0,2,1,0,1,, -1,1,0,1,50,19,12,5,93,93032,2,1,0,5,GENERAL LECLERC   (RUE DU),48.88487,2.53501,19,3,3
202100023228,160Â 097,B01,9,2,1,5,1,-1,-1,0,0,-1,2021,6.0,1,2,0,0,4,2,1,,3,621,-1,,2,3,0,1,(1),(1),1,, -1,1,0,1,90,22,8,3,59,59228,1,1,0,2,D621,50.338805,3.084176,0,5,2
202100041624,127Â 204,C01,1,1,2,0,1,0,-1,-1, -1,-1,2021,21.0,1,2,0,2,0,0,1,,1,A7-Sens Lyon vers Marseille,0,,1,3,0,1,265,0,1,, -1,2,0,1,90,1,5,1,13,13071,1,1,1,5,A7-Sens Lyon vers Marseille,43.4092007894,5.2858209677,16,4,4
202100010735,182Â 539,A01,10,3,1,5,0,-1,-1,3,3,1,2021,71.0,2,1,0,1,2,1,3,,4,RUE DE TANGER,0,,1,1,1,1,(1),(1),1,, -1,1,-1,5,30,27,10,1,75,75119,2,3,0,6,RUE DE TANGER,48.887606,2.370296,14,2,1
202100029524,149Â 020,A01,10,3,1,1,0,-1,-1,1,3,1,2021,63.0,1,1,0,1,1,1,1,,2,211,-1,,2,2,0,1,(1),(1),1,, -1,1,0,1,50,30,6,1,977,97701,2,1,0,1,"rt211, grand fond",17.893746,-62.803967,13,2,1
202100018211,169Â 057,A01,1,1,1,5,2,6,-1,-1, -1,-1,2021,34.0,2,1,0,2,3,1,1,,1,A4,0,,1,4,0,1,14,399,1,, -1,1,0,1,110,18,9,1,93,93051,1,1,0,3,A4,48.83553,2.57026,16,2,2
202100005627,191Â 728,A01,1,1,1,1,2,6,-1,-1, -1,-1,2021,23.0,2,1,0,2,1,3,1,,1,A86 EXT,0,,-1,8,0,1,42,900,1,, -1,1,0,1,90,30,11,2,94,94081,1,1,0,2,A86 EXT,48.7748852037,2.4115766055,8,2,2
202100039369,131Â 230,A01,1,1,1,1,2,6,-1,0,0,-1,2021,30.0,1,1,0,0,8,26,1,,1,8,-1,,3,5,0,2,205,200,2,, -1,1,0,1,110,19,5,1,6,6149,1,1,0,7,"A8, PK205+200 chaussÃ©e sud",43.74298,7.343717,12,1,1
202100052428,107Â 999,A01,1,1,1,0,2,6,-1,-1, -1,-1,2021,20.0,2,1,0,2,1,17,1,,3,POMMERY (BOULEVARD),0,,1,1,0,1,19,1000,1,, -1,1,0,1,50,5,2,5,51,51454,2,1,0,3,Boulevard Pommery,49.2510228925,4.0530056229,17,2,2
202100053328,106Â 399,A01,1,1,1,3,1,-1,-1,0,0,-1,2021,87.0,2,2,0,2,1,1,1,,3,CASSIN (RUE RENE),0,,2,2,0,1,12,860,1,, -1,1,0,1,50,28,1,1,65,65100,2,1,0,1, RUE RENE CASSIN,43.2642,0.0623,16,2,2
202100053624,105Â 873,B01,1,1,2,1,1,0,-1,0,0,-1,2021,51.0,1,2,0,2,6,1,1,,4,BOULEVARD PERIPHERIQUE,0,,1,4,0,1,12,0,1,, -1,1,0,1,70,25,1,1,75,75116,2,4,0,3,BOULEVARD PERIPHERIQUE,48.846483,2.254921,13,2,2
202100034087,140Â 832,B01,1,1,1,5,2,8,-1,-1, -1,-1,2021,62.0,3,1,0,2,4,16,5,,4,GAMBETTA ( BOULEVARD ),0,,2,2,1,1,0,0,1,, -1,1,0,1,50,8,6,1,2,2722,2,6,0,2,GAMBETTA ( BOULEVARD ),49.37645,3.3297,14,2,2
202100033446,141Â 987,Y01,1,1,1,0,8,0,-1,-1, -1,-1,2021,49.0,2,1,0,2,8,1,5,,3,920,0,,3,2,2,1,0,0,1,, -1,1,0,1,50,19,6,1,92,92002,2,2,0,3,DIVISION LECLERC (1 A 29 -2 A 34),48.75138,2.3045,14,2,2
202100001647,198Â 859,A01,1,1,1,0,8,-1,-1,0,0,-1,2021,56.0,2,2,0,2,3,0,1,,3,1084,-1,,2,2,0,1,96,110,4,, -1,1,0,5,50,24,12,3,1,1033,2,1,1,1,Route de Lyon,46.118162,5.822953,17,2,2
202100056334,101Â 203,A01,2,2,1,0,1,-1,-1,-1, -1,-1,2021,21.0,3,2,2,2,2,24,1,,4,,0,,2,2,2,1,(1),(1),1,, -1,1,0,3,50,3,1,1,69,69290,2,1,0,1,ARSONVAL (D') (R),45.7008519672,4.9316436052,13,3,2
202100044573,122Â 044,B01,2,2,2,0,1,0,-1,-1, -1,-1,2021,27.0,0,2,0,2,3,1,1,,4,CHE DU SANG DE SERP,0,,2,2,0,1,(1),(1),1,, -1,1,0,1,50,5,4,1,31,31555,2,3,0,3,CHE DU SANG DE SERP,43.619077,1.425814,18,3,2
202100055560,102Â 543,A01,1,1,1,1,1,-1,-1,0,0,-1,2021,27.0,1,2,0,2,7,1,1,,3,6089,-1,,2,1,0,4,118,600,3,, -1,7,0,1,80,12,1,3,24,24442,1,1,0,3,D 6089,45.10385,0.492926,7,2,2
202100054134,104Â 984,A01,2,2,1,5,2,-1,-1,0,0,-1,2021,15.0,0,1,0,2,2,15,1,,3,25,-1,,2,2,0,1,22,80,1,, -1,1,5,1,80,23,1,1,49,49192,1,2,0,3,Intersection RD25/ D65,47.015364,-0.744234,17,3,2
202100052886,107Â 185,A01,2,2,1,5,8,0,-1,-1, -1,-1,2021,20.0,1,2,15,0,1,1,1,,4,FARGES (AVENUE YVES),0,,2,2,0,1,(1),(1),1,, -1,2,0,1,50,31,1,5,37,37233,2,1,1,7,FARGES (AVENUE YVES),47.3861524493,0.7428087518,3,2,1
202100006122,190Â 860,B01,1,1,2,0,8,0,-1,-1, -1,-1,2021,20.0,3,1,0,2,1,1,3,,4,EMILE  COSSONNEAU  (AVENUE),0,,2,2,0,1,1,0,1,, -1,1,0,1,50,25,11,2,93,93032,2,2,0,3,HAUTE CARRIERE   (RUE DE LA),48.874460702,2.5585484505,17,2,2
202100049664,112Â 967,B01,1,1,1,1,2,0,-1,0,0,-1,2021,32.0,1,1,0,2,8,1,3,,4,QUAI D ORSAY,0,,2,4,1,1,(1),(1),1,, -1,1,0,1,50,1,3,1,75,75107,2,2,0,3,QUAI D ORSAY,48.862827,2.313468,9,2,2
202100055033,103Â 442,A01,10,3,2,5,0,-1,-1,3,3,1,2021,61.0,2,2,0,1,3,15,1,,4,PRIEUR DE LA MARNE (RUE),0,,2,2,0,1,(1),(1),1,, -1,1,0,1,30,13,1,1,51,51108,2,3,0,7,Rue Prieur de la Marne,48.9566499942,4.3648638009,9,2,1
202100033822,141Â 304,B01,1,1,1,5,2,6,-1,-1, -1,-1,2021,59.0,1,1,0,2,1,21,1,,3,LORRAINE (AVENUE DE),0,,2,2,0,1,1,350,1,, -1,1,0,1,50,11,6,1,57,57221,2,1,0,3,LORRAINE (AVENUE DE),49.3258897,6.124284,18,2,2
202100027779,152Â 059,B01,1,1,2,0,2,6,-1,-1, -1,-1,2021,20.0,3,1,0,2,1,1,1,,3,FRANCE ANATOLE (BOULEVARD) NR AUTRES,0,,3,4,1,1,0,1,1,, -1,1,9,1,50,18,7,5,93,93066,2,1,0,3,Boulevard Anatole France,48.92499,2.34966,23,3,2
202100028145,151Â 395,B01,1,1,1,0,8,0,-1,-1, -1,-1,2021,33.0,1,0,0,2,1,1,3,,4,PHOCEENS (RUE DES),0,,1,1,0,1,0,0,1,, -1,1,0,1,50,19,7,1,13,13202,2,3,0,2,EVECHE (RUE DE L'),43.30252,5.36739,17,2,2
202100040170,129Â 800,B01,1,1,2,5,2,8,-1,-1, -1,-1,2021,26.0,1,1,0,2,5,1,1,,4,124 rue2EME D.B. (AVENUE DE LA),0,,4,1,0,1,0,0,3,, -1,1,5,1,50,9,5,1,61,61006,2,9,0,2,2EME D.B. (AVENUE DE LA),48.73363,-0.03478,17,2,2
202100050927,110Â 645,A01,1,1,1,1,2,0,-1,0,0,-1,2021,43.0,2,1,0,0,0,1,1,,4,RUE DES PYRENEES,0,,2,2,0,1,(1),(1),1,, -1,2,0,1,30,19,2,1,75,75120,2,2,0,7,RUE DES PYRENEES,48.851485,2.406283,8,1,1
202100041745,126Â 993,A01,1,1,2,0,8,0,-1,-1, -1,-1,2021,20.0,1,2,3,0,0,0,1,,1,A7-Sens Lyon vers Marseille,0,,1,3,0,1,274,700,1,, -1,1,1,2,90,1,5,3,13,13215,1,1,0,1,A7-Sens Lyon vers Marseille,43.3687655194,5.3609561938,2,1,1
202100055179,103Â 186,C01,1,1,2,0,1,-1,-1,-1, -1,-1,2021,33.0,2,2,0,2,3,1,1,,3,RD 2007,0,,2,4,0,2,21,950,1,, -1,2,0,1,70,12,1,3,45,45004,1,1,1,4,D2007 PR 21 + 950,47.9746982596,2.7388418178,18,4,3
202100035100,138Â 959,A01,1,1,2,5,1,-1,-1,0,0,-1,2021,22.0,3,2,13,0,3,13,1,,4,1,0,A,2,2,0,2,(1),(1),1,, -1,9,0,3,80,11,6,1,47,47223,1,1,0,6,Laborie Neuve,44.662194,0.740837,9,1,1
202100012436,179Â 480,A01,10,3,1,0,0,-1,-1,2,1,2,2021,25.0,1,2,0,1,7,2,0,,4,GUESDE JULES NÂ°27 - 175 ET NÂ°160 A NÂ°228,0,,1,1,0,1,(1),(1),1,, -1,1,0,1,50,18,10,1,59,59350,2,3,0,6,GUESDE JULES NÂ°27 - 175 ET NÂ°160 A NÂ°228,50.62321,3.05064,8,3,1
202100025296,156Â 443,B01,1,1,2,5,1,0,-1,-1, -1,-1,2021,68.0,2,2,0,2,4,23,1,,4,JANVIER (AVENUE JEAN),0,,2,2,0,1,(1),(1),1,, -1,1,0,1,50,6,8,1,35,35238,2,1,0,2,JANVIER (AVENUE JEAN),48.10955,-1.6739,14,2,2
202100020874,164Â 336,A01,1,1,1,0,2,6,-1,-1, -1,-1,2021,53.0,1,1,9,0,1,26,1,,7,SAINT LOUP (BOULEVARD DE),0,,2,2,0,1,0,0,1,, -1,1,0,1,50,5,9,4,13,13211,2,1,0,1,SAINT LOUP (BOULEVARD DE),43.284,5.434,2,1,1
202100052054,108Â 672,A01,1,1,1,1,2,6,-1,-1, -1,-1,2021,36.0,2,1,0,2,5,26,1,,3,FOCH (AVENUE),0,,2,2,0,1,0,1,1,, -1,1,5,1,50,9,2,5,93,93033,2,6,0,3,FOCH (AVENUE),48.86367,2.57543,19,2,2
202100027116,153Â 245,A01,1,1,2,5,2,6,9,0,0,-1,2021,55.0,1,1,0,0,7,16,1,,3,D281,0,,2,2,0,1,16,65,1,, -1,2,0,1,80,24,7,1,44,44111,1,5,1,7,Les ArdilliÃ¨res,47.36777,-1.729885,17,1,1
202100007782,187Â 841,A01,1,1,1,0,1,-1,-1,-1, -1,-1,2021,76.0,3,2,0,2,1,2,1,,4,RIOTTIER  ROUTE DE,0,,2,2,0,1,(1),(1),1,, -1,1,0,1,50,16,11,1,69,69264,1,1,0,1,RIOTTIER (DE) (RTE),45.9796050874,4.7337770462,11,2,2
202100009717,184Â 331,B01,1,1,1,0,2,6,-1,0, -1,-1,2021,17.0,2,1,0,2,1,2,1,,7,CANNES AVENUE DE (RN7),0,,2,2,1,2,(1),(1),1,, -1,1,0,1,50,8,6,1,6,6027,2,1,0,3,CANNES AVENUE DE (RN7),43.65431,7.14851,15,2,2
202100052847,107Â 254,A01,1,1,1,4,2,6,-1,-1, -1,-1,2021,48.0,1,1,0,0,8,1,1,,1,AUTOROUTE A6B,0,,1,2,0,2,0,100,2,, -1,8,1,1,50,2,2,1,94,94037,1,1,1,7,AUTOROUTE A6B,48.81,2.35,9,1,1
202100054111,105Â 025,A01,1,1,1,1,2,6,-1,-1, -1,-1,2021,38.0,3,1,0,2,3,13,1,,4,Rue de la Sauussaie du ban,0,,2,2,0,1,1,0,3,, -1,2,0,1,50,22,1,2,94,94028,2,1,0,1,Saussaie du ban (rue de la),48.76676,2.45659,9,2,2
202100034110,140Â 789,A01,1,1,1,5,1,0,-1,-1, -1,-1,2021,32.0,1,2,6,2,1,1,1,,4,ANTOINE MARIE COLIN (R),0,,1,1,0,1,1,0,1,, -1,1,0,1,50,13,6,1,94,94081,2,1,0,6,Rue Antoine Marie Colin,48.787,2.39751,17,1,1
202100012851,178Â 754,A01,2,2,2,5,8,8,-1,-1, -1,-1,2021,18.0,2,2,15,0,1,14,1,,3,BANNOT (RUE DU),0,,2,2,0,2,0,440,3,, -1,1,0,1,50,16,10,1,25,25539,2,4,0,6,BANNOT (RUE DU),47.4592,6.8568,17,2,1
202100032712,143Â 296,A01,10,3,1,5,0,-1,-1,1,3,3,2021,13.0,1,2,0,1,2,26,0,,4,PABLO PICASSO (AV),0,,2,2,0,1,0,0,1,, -1,1,0,1,50,23,6,1,94,94033,2,1,0,6,PABLO PICASSO (AV),48.8562,2.486,20,2,1
202100023014,160Â 489,A01,10,3,2,5,8,-1,-1,4,3,1,2021,24.0,2,2,0,1,2,1,1,,4,JOSEPH GILLET                       (QU),0,,2,2,0,1,(1),(1),1,, -1,1,9,1,50,7,6,1,69,69384,2,1,0,6,JOSEPH GILLET (Q),45.78333,4.81422,16,2,1
202100020460,165Â 064,B01,2,2,2,0,2,0,-1,-1, -1,-1,2021,20.0,3,1,0,2,1,8,1,,7,CARNOT SADI RUE,0,,2,4,3,1,(1),(1),1,, -1,2,0,6,50,19,5,1,59,59286,2,1,0,3,CARNOT SADI RUE,50.61185,2.99921,14,3,2
202100032547,143Â 590,B01,1,1,2,0,1,-1,-1,0,0,-1,2021,49.0,1,2,1,0,2,2,1,,3,610,-1,,2,4,0,1,20,800,3,, -1,2,2,3,110,21,6,2,10,10081,1,1,0,2,D610,48.329728,4.044825,20,2,2
202100043890,123Â 217,B01,1,1,2,0,1,-1,-1,-1,0,-1,2021,36.0,3,2,0,2,8,1,1,,4,CEZANNE,0,,3,1,0,1,(1),(1),1,, -1,1,5,1,30,15,4,1,29,29019,2,2,0,3,Rue Corot,48.414243,-4.471726,17,3,2
202100051979,108Â 794,A01,1,1,1,1,1,0,-1,-1,0,-1,2021,32.0,1,2,4,0,1,1,1,,1,AUTOROUTE A15,0,,3,8,0,1,12,899,1,, -1,2,0,1,110,9,2,3,95,95252,1,1,1,6,A15,48.98732,2.20823,6,1,1
202100025239,156Â 542,A01,2,2,2,5,1,-1,-1,-1,0,-1,2021,46.0,1,5,4,0,2,14,1,,1,AUTOROUTE A15,0,,3,6,0,2,22,0,2,, -1,1,0,1,50,7,8,1,95,95572,1,1,0,6, A15,49.0328519522,2.1079484869,13,3,1
202100000602,200Â 627,A01,2,2,2,5,0,-1,-1,0,0,-1,2021,3.0,3,5,0,0,0,1,1,,4,26,-1,,2,2,0,4,(1),(1),1,, -1,4,0,8,-1,30,12,1,988,98831,1,1,1,7,TiÃ©ta (Tribu),-20.919094,164.773614,17,3,1
202100054906,103Â 666,A01,1,1,1,5,2,-1,-1,0,0,-1,2021,33.0,1,1,0,2,1,1,1,,4,ASTIER (AllÃ©e Juliette),0,,2,2,0,2,(1),(1),4,, -1,1,0,1,30,15,1,5,26,26198,2,1,0,1,18 Allee Juliette Astier,44.55246,4.76918,7,2,2
202100002800,196Â 763,B01,2,2,1,9,2,0,-1,-1, -1,-1,2021,29.0,2,1,0,2,3,7,1,,4,AVENUE DE L OPERA,0,,2,4,0,1,(1),(1),1,, -1,1,-1,6,30,14,12,1,75,75102,2,4,0,3,AVENUE DE L OPERA,48.868695,2.333142,14,3,2
202100022173,162Â 011,A01,1,1,1,5,2,-1,-1,0,0,-1,2021,18.0,3,1,0,2,1,17,1,,3,704,0,D,2,2,0,1,(1),(1),1,, -1,1,0,1,50,28,8,1,24,24520,2,3,0,3,Avenue du GÃ©nÃ©ral de Gaulle,44.90572,1.20182,15,2,2
202100023920,158Â 877,A01,10,3,2,9,0,-1,-1,4,3,1,2021,21.0,1,2,0,1,2,19,1,,3,PASTEUR (BOULEVARD) DE 1 A 39,0,,2,2,0,1,1,0,1,, -1,1,0,1,50,16,8,1,93,93027,2,1,0,6,Boulevard Pasteur,48.92464,2.3844,19,2,1
202100033945,141Â 086,A01,1,1,1,0,1,-1,-1,0,0,-1,2021,15.0,2,2,0,2,1,1,3,,3,91,-1,,2,2,0,2,16,820,2,, -1,2,0,1,80,18,6,1,27,27039,1,1,1,1,D91,49.374233,0.851352,9,2,2