Num_Acc,id_vehicule,num_veh,place,catu,sexe,trajet,secu1,secu2,secu3,locp,actp,etatp,year_acc,victim_age,senc,catv,obs,obsm,choc,manv,motor,occutc,catr,voie,v1,v2,circ,nbv,vosp,prof,pr,pr1,plan,lartpc,larrout,surf,infra,situ,vma,jour,mois,lum,dep,com,agg_,int,atm,col,adr,lat,long,hour,nb_victim,nb_vehicules
202100000368,201Â 051,A01,1,1,2,0,1,0,-1,0,0,-1,2021,88.0,2,2,6,2,1,4,1,,4,,0,,2,2,0,1,(1),(1),1,, -1,1,0,1,50,13,11,2,6,6069,2,6,0,2,POISSONNIERS (CHEMIN DES),43.647177,6.940159,17,2,2
202100018103,169Â 260,A01,5,2,2,9,1,-1,-1,-1, -1,-1,2021,12.0,2,2,0,2,4,2,1,,3,KOUTIALA (AVENUE DE),0,,2,2,1,1,34,460,1,, -1,1,0,1,50,17,9,1,61,61001,2,1,0,4,KOUTIALA (AVENUE DE),48.42544,0.07806,16,10,3
202100021998,162Â 315,B01,1,1,2,5,0,-1,-1,0,0,-1,2021,61.0,0,0,0,2,7,19,3,,3,161,0,D,2,2,0,1,0,200,1,, -1,1,0,1,50,27,8,2,7,7306,2,1,0,3,Route du Rocher,44.429137,4.355435,19,2,2
202100030984,146Â 360,A01,10,3,2,0,0,-1,-1,5,2,2,2021,32.0,0,2,9,0,1,15,1,,4,CEP AVENUE DU,0,,-1,1,0,1,(1),(1),2,, -1,1,9,1,50,1,7,1,78,78498,2,6,0,6,CEP AVENUE DU,48.928829,2.041463,20,3,1
202100031928,144Â 677,B01,1,1,1,5,2,-1,-1,0,0,-1,2021,61.0,1,1,0,2,3,17,1,,3,67,-1,,2,2,0,1,19,500,1,, -1,1,0,1,70,27,6,1,26,26301,1,1,0,3,Route de Valence,45.113928,4.961744,9,2,2
202100047052,117Â 667,A01,1,1,1,5,2,6,-1,0,0,-1,2021,23.0,2,1,1,0,8,26,1,,3,"VERDUN (AVENUE DE, NÂ° 131 ET +)",0,,2,2,0,2,70,954,1,, -1,1,9,1,30,22,3,1,6,6104,2,1,0,6,"VERDUN (AVENUE DE, NÂ° 131 ET +)",43.76039,7.47789,14,2,2
202100014265,176Â 198,B01,1,1,1,5,2,6,-1,0,0,-1,2021,18.0,1,1,0,2,1,1,1,,3,22,0,D,2,2,0,1,13,400,1,, -1,1,5,1,80,10,10,1,16,16101,1,2,0,3,D7,45.53891,0.038592,12,2,2
202100031294,145Â 800,A01,10,3,2,9,0,-1,-1,2,3,1,2021,45.0,1,2,0,1,1,1,1,,4,RUE RIQUET,0,,2,3,0,1,(1),(1),1,, -1,1,0,1,30,2,7,1,75,75119,2,1,0,6,RUE RIQUET,48.888941,2.372461,12,2,1
202100015651,173Â 694,B01,1,1,2,5,0,0,-1,-1, -1,-1,2021,56.0,1,1,0,2,8,2,5,,3,VERDUN.(AVENUE DE),0,,1,2,0,1,1,0,1,, -1,1,0,1,50,2,10,1,94,94028,2,1,0,5,Avenue de Verdun,48.79959,2.46709,12,3,3
202100028588,150Â 617,A01,3,2,2,5,1,0,-1,-1, -1,-1,2021,5.0,2,2,0,2,1,26,1,,2,104,0,,1,3,0,2,33,40,1,, -1,1,0,1,110,17,7,3,91,91553,1,1,0,2,RN 104,48.629221,2.482797,0,5,2
202100043053,124Â 717,A01,10,3,1,9,0,-1,-1,4,5,1,2021,19.0,3,2,12,1,2,1,1,,4,AVENUE DU TREMBLAY,0,,-1,4,0,1,(1),(1),1,, -1,1,0,1,50,21,4,2,75,75112,2,2,0,6,AVENUE DU TREMBLAY,48.842078,2.449071,20,3,1
202100005794,191Â 435,B01,1,1,1,5,2,6,-1,0,0,-1,2021,54.0,1,1,0,2,4,1,1,,3,D922,0,D,2,2,0,1,28,180,1,, -1,1,0,1,50,28,11,5,95,95313,2,1,0,2,Avenue Michel Poniatowski,49.113808,2.227496,19,2,2
202100032824,143Â 106,B01,1,1,2,1,2,8,-1,-1, -1,-1,2021,45.0,1,1,0,2,8,1,3,,2,VAULABELLE (BOULEVARD) NÂ° PAIRS,0,,2,2,0,1,35,190,2,, -1,1,5,1,50,17,6,1,89,89024,2,4,0,3,VAULABELLE (BOULEVARD) NÂ° PAIRS,47.79484,3.57901,20,3,2
202100035377,138Â 475,B01,1,1,1,5,2,-1,-1,0,0,-1,2021,26.0,1,1,0,2,1,1,1,,3,115,-1,,2,2,0,1,13,(1),1,, -1,1,0,1,50,11,6,1,66,66160,2,1,0,3,17 Route d AmÃ©lie,42.487465,2.713393,8,2,2
202100013658,177Â 296,A01,1,1,1,1,2,6,-1,-1, -1,-1,2021,26.0,1,1,0,2,1,21,1,,1,ECHANGEUR PALAYS,0,,3,8,0,1,17,472,3,, -1,1,3,1,90,11,10,1,31,31555,1,1,0,2,ECHANGEUR PALAYS,43.56245,1.48772,8,2,2
202100030079,148Â 020,C01,1,1,1,5,0,-1,-1,0,0,-1,2021,26.0,2,1,0,9,1,1,5,,3,19,0,D,2,2,0,2,0,0,2,, -1,1,0,1,80,8,7,1,84,84017,1,1,0,6,D19,44.135415,5.166631,9,3,3
202100037099,135Â 391,A01,1,1,2,5,0,-1,-1,0,0,-1,2021,60.0,3,0,12,0,0,1,3,,4,,-1,,1,2,0,1,(1),(1),1,,5,1,0,4,30,2,6,1,29,29072,2,1,0,7,Rue de Men Meur,47.793344,-4.288337,9,1,1
202100035371,138Â 483,A01,1,1,1,1,2,6,-1,0,0,-1,2021,25.0,2,1,3,0,2,1,1,,3,6,0,,2,2,0,4,3,400,2,, -1,1,0,3,80,10,6,1,29,29269,1,1,0,6,Pont Croach,47.928349,-3.617688,20,1,1
202100020986,164Â 152,B01,1,1,1,5,2,6,-1,-1,0,-1,2021,62.0,2,1,0,2,3,3,1,,1,AUTOROUTE A15,0,,3,10,0,1,7,800,1,, -1,1,0,1,110,3,9,1,95,95582,1,1,0,3,A15,48.96347,2.26446,8,2,2
202100055337,102Â 919,A01,10,3,1,2,0,-1,-1,3,3,2,2021,8.0,3,1,0,1,0,1,1,,4,ROVARCH (AVENUE PIERRE),0,,2,4,0,1,0,0,1,, -1,2,0,1,50,12,1,1,13,13028,2,1,0,6,ROVARCH (AVENUE PIERRE),43.191935,5.616829,8,2,1
202100025097,156Â 794,B01,1,1,1,0,1,4,-1,-1, -1,-1,2021,48.0,1,2,3,2,4,2,1,,1,AUTOROUTE A104,0,,3,2,0,2,1,100,1,, -1,2,0,1,50,7,8,1,93,93078,1,1,1,2,AUTOROUTE A104,48.97062,2.49977,19,4,2
202100054350,104Â 610,B01,2,2,2,5,1,0,-1,0,0,-1,2021,51.0,2,2,0,2,4,2,1,,4,BOULEVARD PERIPHERIQUE,0,,1,4,0,1,11,600,1,, -1,1,1,1,70,20,1,1,75,75116,2,1,0,4,BOULEVARD PERIPHERIQUE,48.8432330835,2.2543181078,9,4,3
202100028567,150Â 657,A01,7,2,1,0,1,-1,-1,0,0,-1,2021,26.0,1,2,3,2,1,2,1,,1,7,0,,3,5,0,2,47,847,2,, -1,1,0,1,130,18,7,3,26,26072,1,1,0,2,Autoroute du Soleil,45.126556,4.896308,2,7,2
202100028362,151Â 007,A01,1,1,1,9,2,6,-1,0,0,-1,2021,70.0,2,1,0,0,0,1,1,,2,30,-1,,2,2,0,2,10,600,1,, -1,1,0,1,70,19,7,1,202,202150,1,1,0,7,T30,42.590184,8.836441,10,2,2
202100031579,145Â 307,A01,10,3,1,5,8,8,-1,1,5,3,2021,9.0,2,2,0,1,2,1,3,,3,Anne Vialle (Rue),0,,2,2,0,2,41,220,2,, -1,1,0,1,50,28,6,1,19,19272,2,1,0,6,Anne Vialle (Rue),45.26326336,1.7688900232,19,2,1
202100052475,107Â 918,A01,10,3,2,5,0,-1,-1,3,3,1,2021,87.0,2,2,0,1,2,1,1,,3,406,0,,2,2,0,1,0,0,1,, -1,1,0,1,50,5,2,1,92,92077,2,3,0,6,SEVRES (RUE DE),48.82605,2.1956,11,2,1
202100031750,145Â 007,A01,1,1,1,1,1,0,-1,-1, -1,-1,2021,48.0,3,2,6,0,1,14,1,,4,CHAPIT RE ( RUE DU),0,,1,2,0,1,0,0,1,, -1,2,2,1,50,28,6,5,93,93073,2,1,0,1,CHAPIT RE ( RUE DU),49.00872,2.56626,23,1,1
202100046423,118Â 797,B01,1,1,1,5,0,-1,-1,0,0,-1,2021,21.0,2,6,0,2,1,1,1,,4,,-1,,2,2,0,3,(1),(1),1,, -1,1,0,1,50,28,3,1,59,59485,2,1,0,1,Rue de Viesly,50.164151,3.433796,15,3,2
202100013384,177Â 807,B01,1,1,2,9,2,6,-1,0,0,-1,2021,26.0,1,1,0,2,7,1,1,,4,RUE DE ROME,0,,2,2,2,1,(1),(1),1,, -1,1,0,1,30,13,10,1,75,75117,2,2,0,2,RUE DE ROME,48.884034,2.318494,9,2,2
202100027159,153Â 171,A01,1,1,2,9,1,-1,-1,0,0,-1,2021,50.0,2,2,2,0,1,1,1,,3,624,-1,,2,2,0,1,3,530,1,, -1,1,0,3,80,25,7,3,9,9185,1,1,0,6,Avenue de Pamiers,43.241219,1.664697,1,1,1
202100030023,148Â 125,B01,1,1,2,3,1,0,-1,0,0,-1,2021,47.0,3,2,0,2,3,1,1,,4,AVENUE DES CHAMPS ELYSEES,0,,2,6,0,1,(1),(1),1,, -1,1,5,1,50,8,7,1,75,75108,2,7,0,4,AVENUE DES CHAMPS ELYSEES,48.865867,2.319891,15,3,3
202100043311,124Â 246,A01,1,1,1,0,8,-1,-1,0,0,-1,2021,22.0,0,1,0,2,1,17,1,,4,VIGNACOURT (RUE DE),0,,2,2,0,3,(1),(1),1,, -1,1,0,1,50,19,4,1,80,80021,2,1,0,3,VIGNACOURT (RUE DE),49.90568,2.2895,15,2,2
202100035177,138Â 829,A01,1,1,1,5,2,6,-1,0,0,-1,2021,16.0,2,1,0,2,1,2,1,,3,102,0,,2,2,0,2,12,859,1,, -1,1,0,1,80,12,6,1,76,76060,1,1,0,2,Rue de l Abbaye,49.6536,1.497444,16,2,2
202100053646,105Â 839,A01,1,1,2,5,1,-1,-1,0,0,-1,2021,62.0,2,2,13,0,0,9,1,,2,12,-1,,1,4,0,2,38,700,3,, -1,2,3,8,110,27,1,1,29,29105,1,9,1,6,N12 -  pk 38+700,48.518246,-4.051455,11,1,1
202100008432,186Â 666,B01,1,1,2,5,1,0,-1,-1, -1,-1,2021,47.0,2,2,0,2,8,2,1,,1,A4,0,,3,4,0,1,12,399,2,, -1,1,0,1,110,12,11,1,93,93051,1,1,0,3,A4,48.83669,2.54285,10,2,2
202100022301,161Â 771,A01,10,3,2,5,0,-1,-1,3,4,1,2021,10.0,1,5,0,1,8,1,1,,4,RUE DU FAUBOURG SAINT MARTIN,0,,1,2,0,1,(1),(1),1,, -1,1,0,1,50,27,8,1,75,75110,2,3,0,6,RUE DU FAUBOURG SAINT MARTIN,48.87232,2.35769,17,2,1
202100016034,173Â 000,A01,1,1,1,0,1,4,-1,-1, -1,-1,2021,21.0,1,2,0,9,3,26,1,,4,Tunnel Prado CarÃ©nage,0,,1,2,0,2,(1),(1),2,, -1,1,1,1,50,29,9,1,13,13206,1,1,0,7,Tunnel Prado CarÃ©nage,43.28592,5.37963,13,1,1
202100018090,169Â 295,A01,2,2,2,0,8,0,-1,-1, -1,-1,2021,37.0,1,2,0,2,1,2,2,,1,AUTOROUTE A86,0,,3,2,0,1,51,500,1,, -1,1,0,1,70,19,9,1,94,94034,1,1,0,2,AUTOROUTE A86,48.75936,2.32247,15,3,2
202100025172,156Â 662,A01,1,1,1,5,2,6,-1,0,0,-1,2021,59.0,1,1,0,2,8,13,1,,3,954,0,,2,2,0,2,21,400,3,, -1,1,0,1,80,7,8,1,4,4102,1,1,0,3,RD 954,44.447583,6.405566,14,2,2
202100046215,119Â 159,B01,1,1,1,5,2,6,-1,-1, -1,-1,2021,19.0,1,1,0,2,6,1,1,,4,GRANDRUPT (RUE DE LA),0,,2,2,0,1,(1),(1),1,, -1,1,0,1,50,28,3,1,88,88209,2,6,0,3,GERMAIN CREUSE (RUE),48.18981,6.42948,19,2,2
202100001598,198Â 950,A01,10,3,1,0,0,-1,-1,4,0,1,2021,71.0,2,2,0,1,1,1,1,,4,FRATERNITE(RUE DE LA ),0,,2,2,0,1,0,0,1,, -1,1,0,1,50,16,12,1,47,47323,2,1,0,6,FRATERNITE(RUE DE LA ),44.40729,0.70841,14,2,1
202100038232,133Â 305,B01,1,1,2,5,1,0,-1,-1, -1,-1,2021,35.0,2,2,0,2,4,23,1,,4,AV DE NEWBURN,0,,3,2,0,1,0,1,1,, -1,1,0,1,50,26,5,1,94,94022,2,1,0,4,Avenue de Newburn,48.75489,2.41157,13,3,3
202100012178,179Â 952,B01,1,1,1,5,2,6,-1,-1, -1,-1,2021,53.0,1,1,0,2,1,1,1,,4,BASTIAT (RUE FREDERIC),0,,2,2,0,1,0,0,1,, -1,1,0,1,50,15,10,1,87,87085,2,3,0,3,BASTIAT (RUE FREDERIC),45.88788,1.29072,16,2,2
202100020386,165Â 198,A01,1,1,1,4,1,-1,-1,0,0,-1,2021,34.0,3,5,0,2,3,9,1,,3,266,0,D,2,2,0,1,3,805,1,, -1,1,0,1,80,7,9,1,44,44220,1,2,0,3,La Barre de Vue (ChÃ©mÃ©rÃ©),47.17569,-1.899991,12,2,2
202100048220,115Â 562,A01,1,1,1,5,2,2,-1,0,0,-1,2021,16.0,1,1,0,2,1,2,5,,4,PROMENADE ROGER LAROQUE,0,,3,4,0,1,0,0,1,, -1,1,8,1,50,8,3,1,988,98818,2,1,0,2,PROMENADE ROGER LAROQUE,-22.3028,166.44322,11,2,2
202100040520,129Â 177,A01,1,1,1,1,2,6,-1,0,0,-1,2021,28.0,2,1,0,2,3,3,1,,2,7,0,,-1,0,0,1,(1),(1),1,, -1,1,3,8,70,7,5,1,91,91479,2,1,0,2,DE L'AEROPORT ( AVENUE),48.73415,2.365846,18,2,2
202100049558,113Â 173,A01,1,1,2,0,8,-1,-1,0,0,-1,2021,30.0,1,2,0,2,3,13,1,,3,468,-1,,2,2,0,1,10,930,1,, -1,1,0,1,80,3,3,1,39,39412,1,1,0,1,,46.979345,5.374374,15,2,2
202100048873,114Â 397,A01,1,1,1,1,2,0,-1,-1, -1,-1,2021,29.0,1,1,0,2,1,16,1,,3,1,0,,3,4,0,1,0,0,1,, -1,1,5,1,50,7,3,5,92,92012,2,3,0,3,ALPHONSE LE GALLO (QUAI) 1/34,48.8346144118,2.2259701165,21,2,2
202100018906,167Â 850,A01,10,3,2,0,0,-1,-1,4,3,1,2021,36.0,3,2,0,1,2,15,1,,4,MARYSE BASTIE                       (R ),0,,1,1,2,1,(1),(1),1,, -1,1,0,1,50,14,9,1,69,69388,2,2,0,6,MARYSE BASTIE (R),45.73754,4.87397,16,2,1
202100041701,127Â 071,B01,2,2,1,2,1,-1,-1,0,0,-1,2021,18.0,3,2,0,2,2,1,1,,3,126,0,,2,2,0,1,(1),(1),1,, -1,1,5,1,80,3,5,1,28,28196,1,2,0,3,D126,48.302095,1.18927,7,5,2
202100013822,176Â 987,A01,4,2,2,5,1,8,-1,-1, -1,-1,2021,22.0,2,2,1,0,3,1,1,,3,C.De GAULLE (Rocade),0,,1,2,0,1,0,1,1,, -1,1,0,1,50,10,10,5,84,84007,2,9,0,3,C.De GAULLE (Rocade),43.93402,4.83137,3,4,1
202100026488,154Â 350,B01,1,1,2,3,2,8,-1,-1, -1,-1,2021,62.0,2,1,0,2,2,1,1,,4,PRESLES ( BOULEVARD ),0,,2,2,0,1,0,0,1,, -1,1,0,1,50,17,6,1,2,2722,2,1,0,3,PRESLES ( BOULEVARD ),49.37228,3.30515,18,2,2
202100037289,135Â 019,B01,1,1,1,5,2,6,-1,0,0,-1,2021,22.0,3,1,0,2,7,1,1,,4,QUAI DE LA GARE,0,,2,4,0,1,(1),(1),1,, -1,1,0,1,50,31,5,1,75,75113,2,2,0,3,QUAI DE LA GARE,48.837572,2.373653,18,4,2
202100053613,105Â 887,A01,10,3,2,5,0,-1,-1,4,3,2,2021,48.0,1,2,0,1,1,15,1,,3,D613A,0,,2,2,0,1,0,0,1,, -1,2,5,1,30,25,1,1,14,14366,2,2,0,6,Rue des Mathurins,49.14478,0.22463,14,2,1
202100022296,161Â 780,A01,10,3,2,5,0,-1,-1,3,3,1,2021,80.0,2,5,0,1,6,20,1,,4,RUE DE CLIGNANCOURT,0,,1,1,0,1,(1),(1),1,, -1,1,0,1,50,27,8,1,75,75118,2,2,0,6,RUE DE CLIGNANCOURT,48.894859,2.349431,10,2,1
202100038515,132Â 798,B01,3,2,1,0,1,0,-1,-1, -1,-1,2021,1.0,0,2,0,2,1,26,0,,7,CARNOT (PLACE),0,,-1,2,0,1,(1),(1),1,, -1,2,5,1,50,24,5,1,59,59332,2,2,1,3,CARNOT (PLACE),50.667297,3.211128,16,4,2
202100012162,179Â 985,A01,1,1,1,5,2,0,-1,-1, -1,-1,2021,29.0,2,1,9,0,1,11,1,,4,ARDON (RAMPE D'),0,,2,2,0,2,0,0,1,, -1,1,0,4,50,12,6,1,2,2408,2,1,0,6,ARDON (RAMPE D'),49.559839,3.627279,21,1,1
202100053403,106Â 268,A01,1,1,1,0,1,-1,-1,0,0,-1,2021,45.0,0,2,9,0,2,0,1,,4,,-1,,2,2,0,1,(1),(1),2,, -1,1,0,4,50,26,1,1,60,60612,2,1,0,6,Rue Seraphine Louis,49.212177,2.596702,8,1,1
202100038184,133Â 394,B01,1,1,2,2,2,0,-1,-1, -1,-1,2021,39.0,0,1,0,2,0,1,0,,4,GRIMAULT (BD LEON),0,,3,2,2,1,(1),(1),1,, -1,2,5,1,50,26,5,1,35,35238,2,6,1,3,GRIMAULT (BD LEON),48.09131,-1.65066,8,2,2
202100025894,155Â 403,A01,10,3,2,3,0,-1,-1,3,3,1,2021,61.0,0,2,0,1,2,1,1,,9,31,0,D,2,2,0,2,(1),(1),2,, -1,1,0,1,50,2,8,1,974,97405,2,1,0,1,Rue Mahe de la Bourdonnais,-21.355284,55.564966,17,2,1
202100056488,100Â 929,A01,2,2,2,0,2,8,-1,-1, -1,-1,2021,24.0,2,1,0,0,9,3,1,,1,AUTOROUTE A3,0,,3,10,0,1,7,369,1,, -1,1,2,1,90,2,1,3,93,93010,1,1,0,7,AUTOROUTE A3,48.90041,2.46953,19,2,1
202100042052,126Â 458,A01,1,1,1,5,8,0,-1,0,0,-1,2021,14.0,2,1,0,2,1,19,5,,4,QUAI DE LA SEINE,0,,1,2,1,1,(1),(1),1,, -1,1,0,5,30,29,4,1,75,75119,2,3,0,3,QUAI DE LA SEINE,48.885335,2.371821,13,2,2
202100030790,146Â 726,A01,10,3,1,5,0,-1,-1,3,3,1,2021,71.0,1,2,0,1,1,1,1,,4,ETIGNY D',0,,2,2,0,2,(1),(1),1,, -1,1,0,1,50,3,7,1,64,64445,2,1,0,6,Rue dâÃtigny,43.29603,-0.38228,18,2,1
202100048135,115Â 705,A01,1,1,1,0,2,0,-1,-1, -1,-1,2021,17.0,3,1,0,0,0,1,1,,4,BASSE CHAINE PONT,0,,2,4,2,1,1,0,1,, -1,2,0,1,50,13,3,1,49,49007,2,1,0,7,BASSE CHAINE PONT,47.47025,-0.56282,15,1,1
202100050386,111Â 632,A01,1,1,1,5,1,-1,-1,0,0,-1,2021,28.0,2,2,0,2,3,17,1,,3,31,-1,D,2,2,0,1,11,10,1,, -1,1,0,1,80,25,2,1,84,84088,1,1,0,4,D31,43.985358,5.014213,14,4,3
202100012861,178Â 737,A01,1,1,1,5,2,6,-1,0,0,-1,2021,54.0,1,1,0,2,3,21,1,,4,ECHANGEUR BERCY,0,,1,4,0,1,34,800,1,, -1,1,0,1,70,16,10,1,75,75112,2,1,0,2,ECHANGEUR BERCY,48.827765,2.393486,15,2,2
202100040724,128Â 819,A01,1,1,1,0,8,0,-1,-1, -1,-1,2021,60.0,3,2,6,0,1,13,1,,4,COLIBRI (RUE),0,,2,2,0,1,(1),(1),1,, -1,1,0,1,30,8,5,1,972,97209,2,1,0,6,COLIBRI (RUE),14.60805,-61.05928,10,1,1
202100049127,113Â 938,A01,10,3,2,5,0,-1,-1,3,3,1,2021,70.0,2,1,0,1,1,1,1,,4,RUE DE RENNES,0,,-1,2,0,2,(1),(1),1,, -1,2,0,1,30,4,3,1,75,75106,2,1,0,6,RUE DE RENNES,48.846122,2.326056,16,2,1
202100000983,199Â 999,B01,1,1,2,5,8,0,-1,-1, -1,-1,2021,56.0,1,1,0,2,8,19,5,,4,SILENCIEUSE (RUE),0,,2,2,0,1,0,0,1,, -1,1,0,1,30,18,12,1,77,77169,2,3,0,3,SILENCIEUSE (RUE),48.8076,2.62073,14,2,2
202100010280,183Â 332,B01,1,1,1,9,8,0,-1,-1, -1,-1,2021,31.0,0,0,0,2,4,26,3,,4,TIRONNEAU ADRIEN (PL),0,,4,4,0,1,0,0,3,, -1,2,9,1,50,29,10,5,72,72181,2,6,1,3,TIRONNEAU ADRIEN (PL),47.98299,0.21062,22,2,2
202100009812,184Â 158,A01,2,2,2,9,1,0,-1,-1, -1,-1,2021,24.0,1,2,0,2,1,1,1,,2,L'APPEL DU DIX-HUIT JUIN 1940 (AV DE),0,,1,2,0,1,1,0,1,, -1,1,0,1,50,2,11,5,94,94078,2,1,0,2,L'APPEL DU DIX-HUIT JUIN 1940 (AV DE),48.758497,2.443335,18,3,2
202100026155,154Â 941,A01,1,1,1,5,2,0,-1,0,0,-1,2021,20.0,1,1,0,2,8,2,1,,4,AVENUE DU GENERAL LECLERC,0,,2,2,0,1,(1),(1),1,, -1,1,0,1,50,31,7,1,75,75114,2,2,0,2,AVENUE DU GENERAL LECLERC,48.829591,2.328375,10,2,2
202100050173,112Â 035,A01,1,1,1,0,2,6,-1,-1, -1,-1,2021,62.0,0,1,0,2,1,1,1,,3,RD 201_ACCES 201 PAR BD S.ALLENDE,0,,2,2,0,1,0,980,4,, -1,1,0,1,80,24,2,1,60,60175,2,1,0,2,RD 201_ACCES 201 PAR BD S.ALLENDE,49.24916,2.4575,16,3,2
202100010720,182Â 565,A01,1,1,1,4,8,-1,-1,0, -1,-1,2021,39.0,2,2,2,0,1,14,1,,3,LESTONAN AVENUE DE,0,,2,2,0,1,5,10,1,, -1,1,0,3,50,27,10,3,29,29051,1,1,0,6,Avenue de Lestonan,48.0124520578,-4.0141364335,19,1,1
202100011044,181Â 978,A01,10,3,2,9,0,-1,-1,3,3,1,2021,75.0,3,2,0,1,3,1,1,,4,DE LA GARE(RUE),0,,1,1,0,1,0,0,1,, -1,1,0,1,50,25,10,3,974,97409,2,6,0,3,DE LA GARE(RUE),-20.96196,55.65691,5,2,1
202100023347,159Â 881,A01,1,1,1,5,8,-1,-1,0,0,-1,2021,35.0,2,1,0,0,0,1,1,,4,118,0,D,2,2,0,1,(1),(1),1,, -1,1,0,1,50,20,8,5,39,39491,2,1,0,7,15 Rue du Stade,46.398889,5.79583,21,1,1
202100009683,184Â 397,A01,1,1,1,1,2,-1,-1,0,0,-1,2021,32.0,3,1,0,2,3,13,1,,4,,-1,,2,2,0,2,(1),(1),1,,5,2,0,1,30,3,11,1,977,97701,2,1,0,6,RTE DE LURIN,17.891061,-62.841529,8,2,2
202100036086,137Â 181,A01,1,1,1,5,2,6,-1,0,0,-1,2021,45.0,3,1,0,2,3,17,1,,7,CANNES AVENUE DE (RN7),0,,-1,2,0,1,(1),(1),1,, -1,1,0,1,50,6,6,1,6,6027,2,1,0,3,CANNES AVENUE DE (RN7),43.654672,7.149761,15,2,2
202100056046,101Â 703,B01,1,1,2,3,1,0,-1,-1, -1,-1,2021,74.0,1,2,0,2,4,1,1,,4,MENDES FRANCE AVENUE PIERRE,0,,-1,2,0,1,1,0,1,, -1,2,0,1,50,4,1,5,49,49015,2,1,1,2,MENDES FRANCE AVENUE PIERRE,47.505312,-0.587901,17,2,2
202100025290,156Â 454,A01,1,1,1,5,1,8,-1,-1, -1,-1,2021,24.0,1,5,0,2,1,1,1,,3,RD 956,0,,3,4,0,1,(1),(1),1,, -1,2,5,1,90,4,8,1,41,41212,1,1,1,2,RD 956,47.56214,1.37278,14,2,2
202100017441,170Â 450,A01,1,1,1,1,1,0,-1,-1, -1,-1,2021,25.0,1,2,3,0,3,1,1,,3,RD 301 (ROCADE MINIERE),0,,3,4,0,1,7,450,1,, -1,1,0,1,110,22,9,3,62,62083,1,1,0,7,RD 301 (ROCADE MINIERE),50.44609,2.599917,21,1,1
202100023047,160Â 424,B01,1,1,2,9,1,-1,-1,0,0,-1,2021,64.0,1,2,0,2,5,2,1,,3,BORDEAUX (ROUTE DE) CD 935,0,,2,2,0,1,38,360,1,, -1,1,0,1,90,26,7,1,65,65100,1,1,0,2,BORDEAUX (ROUTE DE) CD 935,43.2686110741,0.071003059,17,2,2
202100033249,142Â 339,A01,1,1,1,0,2,6,-1,0,0,-1,2021,68.0,1,1,0,2,2,17,1,,3,933,-1,,2,2,0,1,40,500,1,, -1,1,0,1,80,19,6,1,47,47285,1,1,0,2,D933,44.426923,0.12777,18,2,2
202100045544,120Â 332,A01,1,1,1,1,2,6,-1,-1, -1,-1,2021,47.0,1,1,11,0,1,3,1,,7,STRASBOURG (DE)                     (RO),0,,2,3,0,2,2,200,1,, -1,1,0,1,50,1,4,1,69,69034,2,3,0,6,STRASBOURG (DE) (RTE),45.7997253517,4.8768031597,16,1,1
202100023774,159Â 122,A01,1,1,1,5,1,-1,-1,0,0,-1,2021,60.0,2,5,2,0,8,1,1,,3,96,-1,,2,2,0,2,4,130,2,, -1,1,0,8,80,17,8,1,42,42240,1,1,0,6,D96,45.4880630755,3.9995451271,17,1,1
202100047954,116Â 021,A01,10,3,1,9,0,-1,-1,4,3,1,2021,50.0,1,2,0,1,2,1,1,,4,RUE ORDENER,0,,2,4,0,1,(1),(1),1,, -1,2,0,1,50,15,3,1,75,75118,2,2,1,6,RUE ORDENER,48.891545,2.34964,11,2,1
202100049589,113Â 106,B01,1,1,1,1,1,0,-1,0,0,-1,2021,46.0,2,2,0,2,9,2,1,,1,A4,0,,-1,3,0,1,5,0,1,, -1,1,0,1,90,2,3,1,75,75112,1,1,0,4,A4,48.82078,2.46113,13,3,3
202100048366,115Â 300,A01,1,1,1,0,2,6,-1,-1, -1,-1,2021,44.0,1,1,0,2,7,17,1,,4,BOEUF (CHEMIN) (1),0,,2,2,0,1,0,0,2,, -1,1,0,1,30,11,3,1,974,97416,2,2,0,3,BOEUF (CHEMIN) (1),-21.28955,55.46469,8,2,2
202100032703,143Â 310,A01,1,1,1,1,8,0,-1,0,0,-1,2021,24.0,2,1,0,2,1,1,5,,4,RUE BRILLAT SAVARIN,0,,2,2,0,1,(1),(1),1,, -1,1,0,1,50,22,6,1,75,75113,2,1,0,2,RUE BRILLAT SAVARIN,48.822181,2.348692,10,2,2
202100015081,174Â 749,A01,10,3,1,1,0,-1,-1,2,3,1,2021,52.0,1,2,0,1,1,1,1,,4,ROSE HAREL (RUE),0,,3,1,0,1,0,0,1,, -1,2,0,1,50,5,10,2,14,14366,2,1,1,6,ROSE HAREL (RUE),49.14248,0.22273,7,2,1
202100013406,177Â 769,A01,10,3,1,0,0,-1,-1,1,3,1,2021,17.0,1,5,0,1,2,1,1,,4,MONTAIGNE (AVE),0,,2,2,0,1,0,0,1,, -1,1,0,1,30,13,10,1,93,93051,2,1,0,6,MONTAIGNE (AVE),48.84512,2.53875,10,2,1
202100042129,126Â 324,B01,1,1,1,1,1,-1,-1,0,0,-1,2021,55.0,2,2,0,2,1,0,1,,3,19,-1,,2,2,0,1,6,510,3,, -1,2,0,1,50,30,4,1,1,1403,2,1,1,1,grande rue,45.808383,5.453285,12,3,2
202100024217,158Â 387,A01,1,1,1,3,0,-1,-1,0,0,-1,2021,75.0,2,1,0,2,1,1,5,,3,25,-1,,2,2,0,1,1,954,1,, -1,1,0,1,80,13,8,3,56,56114,1,1,0,3,Kerdalidec D25,47.294949,-3.106363,22,2,2