Num_Acc,id_vehicule,num_veh,place,catu,sexe,trajet,secu1,secu2,secu3,locp,actp,etatp,year_acc,victim_age,senc,catv,obs,obsm,choc,manv,motor,occutc,catr,voie,v1,v2,circ,nbv,vosp,prof,pr,pr1,plan,lartpc,larrout,surf,infra,situ,vma,jour,mois,lum,dep,com,agg_,int,atm,col,adr,lat,long,hour,nb_victim,nb_vehicules
202100024820,157Â 292,A01,1,1,1,5,2,6,4,0,0,-1,2021,24.0,1,1,12,2,9,1,1,,3,1006,0,D,2,2,0,3,121,120,2,, -1,1,0,1,50,8,8,2,73,73258,1,1,0,6,D1006,45.2227696376,6.4517484981,18,2,2
202100008218,187Â 026,A01,1,1,2,1,1,0,-1,-1, -1,-1,2021,22.0,1,2,0,0,2,14,1,,1,AUTOROUTE A86,0,,1,3,0,1,50,150,2,, -1,2,0,1,70,14,11,1,94,94034,1,1,0,7,AUTOROUTE A86,48.75544,2.34152,10,1,1
202100041775,126Â 941,A01,1,1,1,0,2,8,-1,-1, -1,-1,2021,31.0,1,1,14,0,1,1,1,,4,MERE THERESA (rue),0,,2,2,0,1,(1),(1),2,, -1,1,0,1,50,1,5,1,973,97302,2,1,0,7,MERE THERESA (rue),4.920144879,-52.3126366139,14,1,1
202100055850,102Â 047,A01,2,2,1,4,8,0,-1,-1, -1,-1,2021,53.0,3,5,1,0,7,16,1,,4,PASCAL (RUE),0,,2,2,0,1,0,0,1,, -1,1,0,1,10,8,1,1,93,93027,2,1,0,3,PASCAL (RUE),48.927265932,2.4021194347,13,3,2
202100040943,128Â 436,A01,1,1,1,9,2,6,-1,-1, -1,-1,2021,28.0,1,1,4,0,3,13,1,,3,,0,,2,2,0,2,0,0,3,, -1,1,0,3,50,6,5,1,11,11069,2,1,0,4,MAGINOT ANDRE -AVENUE-,43.21956,2.38066,17,3,3
202100042041,126Â 477,A01,1,1,1,1,2,6,-1,-1, -1,-1,2021,34.0,1,1,0,2,1,26,1,,4,DE LATTRE DE TASSIGNY (BD),0,,-1,2,0,1,(1),(1),1,, -1,1,5,1,50,29,4,1,17,17306,2,6,0,3,DE LATTRE DE TASSIGNY (BD),45.62693,-1.01866,7,2,2
202100031419,145Â 583,B01,1,1,1,9,2,6,-1,0,0,-1,2021,58.0,2,1,0,2,4,1,1,,4,BOULEVARD PERIPHERIQUE EXTERIEUR OUEST,0,,3,4,0,1,11,600,1,, -1,1,1,1,70,28,6,5,75,75116,2,1,0,2,BOULEVARD PERIPHERIQUE EXTERIEUR OUEST,48.843213,2.254373,23,2,2
202100022744,160Â 946,Z01,2,2,1,5,1,0,-1,0,0,-1,2021,34.0,2,2,4,0,2,14,1,,4,PORTE DE BAGNOLET,0,,-1,4,0,1,(1),(1),1,, -1,1,0,1,70,23,8,2,75,75120,2,4,0,6,PORTE DE BAGNOLET,48.866962,2.413435,6,4,1
202100019438,166Â 891,A01,10,3,1,0,0,-1,-1,2,5,2,2021,4.0,2,2,0,1,3,1,1,,4,,0,,2,2,0,1,(1),(1),1,,"5,4",1,0,1,50,10,9,1,79,79049,2,1,0,7,42 Boulevard Alexandre 1er,46.839826,-0.49763,11,2,1
202100004103,194Â 406,B01,1,1,1,5,1,0,-1,-1, -1,-1,2021,25.0,1,2,0,2,1,1,1,,4,FERRY ( BOULEVARD JULES),0,,2,2,0,1,(1),(1),1,, -1,2,0,1,50,8,12,5,1,1053,2,2,1,3,FERRY ( BOULEVARD JULES),46.19561,5.22192,22,2,2
202100041099,128Â 148,A01,5,2,1,5,8,-1,-1,-1, -1,-1,2021,5.0,0,2,6,0,1,1,1,,4,BREMERHAVEN (CONTRE VOIE DE),0,,1,1,0,1,0,0,2,, -1,1,0,4,50,5,5,1,50,50129,2,1,0,6,BREMERHAVEN (CONTRE VOIE DE),49.63071,-1.60627,18,5,1
202100050760,110Â 949,B01,1,1,1,5,2,6,-1,-1, -1,-1,2021,17.0,1,1,0,2,3,15,1,,4,SAINT EXUPERY (BOULEVARD),0,,2,1,0,1,(1),(1),1,, -1,1,0,1,50,11,2,1,3,3321,2,2,0,3,56 Boulevard Saint-ExupÃ©ry,46.55637,3.35149,15,2,2
202100040930,128Â 460,A01,10,3,1,0,0,-1,-1,1,B,1,2021,37.0,1,2,0,1,3,1,1,,2,FRANCAIS LIBRES (BD),0,,1,2,0,2,0,0,1,, -1,2,0,1,70,28,4,3,30,30189,1,1,0,6,FRANCAIS LIBRES (BD),43.834,4.321,20,2,1
202100048051,115Â 853,B01,1,1,2,9,1,0,-1,-1, -1,-1,2021,26.0,1,2,0,2,3,15,1,,4,ARMAND NUMEZ,0,,2,2,0,1,0,0,1,, -1,1,0,1,30,13,3,1,92,92004,2,3,0,6,PIERRE BOUDOU,48.91511,2.30601,13,7,2
202100024476,157Â 917,B01,1,1,2,1,1,-1,-1,-1, -1,-1,2021,30.0,2,2,0,2,4,1,1,,1,A57,0,,3,4,0,1,5,800,1,, -1,1,0,1,70,12,8,1,83,83144,1,1,0,2,A57,43.140388,5.999328,12,2,2
202100033982,141Â 011,A01,1,1,1,0,1,0,-1,-1, -1,-1,2021,64.0,1,2,0,2,1,2,0,,1,AUTOROUTE A86,0,,3,4,0,1,0,500,1,, -1,1,0,1,70,17,6,1,93,93027,1,1,0,2,AUTOROUTE A86,48.92805,2.40328,18,2,2
202100001571,199Â 003,A01,1,1,1,0,8,-1,-1,-1, -1,-1,2021,46.0,1,2,0,1,1,15,1,,7,JEAN JAURES                         (AV),0,,2,3,3,1,61,0,1,, -1,1,0,1,50,23,12,1,69,69199,2,2,0,6,MATHIEU DUSSURGEY (R),45.71201,4.85508,15,3,1
202100012920,178Â 638,A01,1,1,1,5,2,-1,-1,0,0,-1,2021,18.0,1,1,0,0,8,1,1,,3,,-1,,2,2,0,2,(1),(1),1,,"6,7",1,8,1,50,15,10,5,79,79079,2,1,0,7,20 Rue du Cardinal de Sourdis,46.919673,-0.743707,19,1,1
202100002324,197Â 639,A01,7,2,1,5,0,-1,-1,0,0,-1,2021,16.0,0,2,2,0,8,1,1,,3,5,0,D,2,2,0,2,(1),(1),3,, -1,1,0,8,70,20,12,1,976,97616,1,1,0,3,Plage de Mtsanga Beach,-12.884003,45.130677,16,3,1
202100026661,154Â 053,A01,1,1,1,1,2,0,-1,-1, -1,-1,2021,17.0,1,1,0,2,1,1,1,,4,FOUGERES (RUE DE),0,,2,2,2,1,(1),(1),1,, -1,1,0,1,50,28,7,1,35,35238,2,3,0,3,FOUGERES (RUE DE),48.125133,-1.656486,7,2,2
202100040558,129Â 117,A01,1,1,2,5,1,-1,-1,0,0,-1,2021,33.0,2,2,0,0,8,1,1,,3,906,-1,,2,2,0,1,39,375,1,, -1,1,0,1,90,9,5,1,21,21009,1,2,0,3,D906,47.1860822679,4.39856117,16,3,2
202100031892,144Â 749,A01,1,1,1,5,2,0,-1,0,0,-1,2021,20.0,2,1,0,2,3,18,1,,7,CANNES AVENUE DE (RN7),0,,2,2,0,2,(1),(1),2,, -1,1,0,1,50,27,6,1,6,6027,2,1,0,2,CANNES AVENUE DE (RN7),43.65327,7.14636,11,2,2
202100054288,104Â 720,B01,1,1,1,5,8,-1,-1,0,0,-1,2021,61.0,3,2,0,2,3,16,1,,4,,-1,,2,2,0,1,(1),(1),1,, -1,1,0,1,90,21,1,1,971,97119,1,1,0,3,Chemin de l'Anse Maurice,16.394754,-61.407162,11,2,2
202100004309,194Â 053,A01,10,3,1,9,0,-1,-1,1,3,1,2021,13.0,1,2,1,1,1,17,1,,3,ARISTIDE BRIAND (BOULEVARD),0,,2,1,1,1,1,0,1,, -1,2,0,1,30,7,12,5,93,93048,2,1,1,6,ARISTIDE BRIAND (BOULEVARD),48.8735006452,2.4539501528,17,2,1
202100033147,142Â 510,A01,1,1,1,5,2,6,-1,0,0,-1,2021,39.0,2,1,7,0,0,1,1,,3,56,0,D,2,2,0,2,9,300,1,, -1,1,0,1,80,21,6,1,83,83029,1,1,0,6,Route de Fayence,43.615398,6.741366,21,1,1
202100041613,127Â 222,B01,1,1,1,5,2,6,-1,0,0,-1,2021,61.0,2,1,0,2,1,1,1,,7,41,2,E,2,2,0,2,4,300,1,, -1,1,0,1,90,3,5,1,13,13022,1,1,0,1,Avenue de Carnoux,43.237903,5.545151,16,2,2
202100011314,181Â 516,A01,2,2,1,5,1,-1,-1,0,0,-1,2021,36.0,2,2,16,0,1,0,1,,3,34,-1,,2,2,0,2,22,50,2,, -1,2,0,3,80,23,10,3,69,69078,1,1,0,7,RD 34,45.6849466033,4.5299935341,5,2,1
202100034682,139Â 732,B01,2,2,2,5,1,-1,-1,0,0,-1,2021,61.0,3,2,0,2,9,0,1,,3,2020,0,,4,4,0,1,4,700,1,, -1,1,0,1,90,21,5,1,28,28121,1,3,0,3,Route dÃ©partement 2020,48.115701,1.894549,7,4,2
202100022535,161Â 351,A01,1,1,1,5,2,-1,-1,0,0,-1,2021,73.0,3,1,0,2,1,19,5,,3,396,-1,,2,2,0,1,(1),(1),1,, -1,1,0,1,80,27,8,1,40,40255,1,2,1,3,Route de Pujo,43.879146,-0.345018,8,3,2
202100006465,190Â 240,A01,1,1,1,4,1,8,-1,0,0,-1,2021,34.0,1,5,0,2,7,1,1,,4,QUAI DE JEMMAPES,0,,1,2,0,1,(1),(1),1,, -1,1,0,1,30,24,11,1,75,75110,2,2,0,3,QUAI DE JEMMAPES,48.8688,2.367631,11,2,2
202100033628,141Â 655,A01,10,3,1,3,0,-1,-1,4,3,1,2021,73.0,1,2,0,1,2,1,1,,4,AVENUE DE LA PORTE DE MENILMONTANT,0,,2,2,0,1,(1),(1),1,, -1,1,0,1,50,18,6,1,75,75120,2,2,1,6,AVENUE DE LA PORTE DE MENILMONTANT,48.870571,2.408827,9,2,1
202100050944,110Â 618,B01,1,1,1,0,2,0,-1,-1, -1,-1,2021,25.0,2,1,0,2,0,1,1,,3,R DE SUCY,0,,2,2,0,1,1,0,3,, -1,2,5,1,50,18,2,5,94,94019,2,2,1,3,SUCY (R DE),48.790181,2.522425,22,3,2
202100045387,120Â 604,A01,1,1,1,0,8,0,-1,-1, -1,-1,2021,13.0,3,1,0,2,0,1,5,,4,JAURES,0,,2,2,0,1,1,0,1,, -1,1,0,1,50,31,3,1,49,49007,2,1,0,6,JAURES,47.45738,-0.52317,11,1,1
202100010340,183Â 221,B01,1,1,2,5,1,4,-1,0,0,-1,2021,30.0,1,2,0,2,4,2,1,,4,PORTE DE CLICHY,0,,1,4,0,1,19,900,1,, -1,1,0,1,70,29,10,5,75,75117,2,1,0,2,PORTE DE CLICHY,48.898986,2.317292,20,2,2
202100037968,133Â 798,B01,1,1,1,4,2,-1,-1,-1,0,-1,2021,37.0,1,1,0,2,1,15,1,,3,DIVISION LECLERC (AVENUE DE LA ),0,,4,3,0,1,2,950,1,, -1,2,5,1,50,25,5,5,95,95539,2,2,1,3,DIVISION LECLERC (AVENUE DE LA ),48.991633,2.360146,23,2,2
202100027175,153Â 139,A01,3,2,2,5,1,-1,-1,-1,0,-1,2021,21.0,1,2,4,2,1,1,2,,1,AUTOROUTE A115,0,,3,4,0,1,1,399,1,, -1,2,0,1,90,25,7,1,95,95252,1,1,1,4,A115,48.9842885593,2.2416543564,17,5,3
202100054280,104Â 734,A01,1,1,1,0,0,-1,-1,0,0,-1,2021,37.0,0,2,3,0,3,1,1,,3,2,0,D,2,2,0,1,63,300,4,, -1,2,0,1,50,21,1,3,7,7066,1,1,1,6,D2 - Pont de la ClÃ¨ve,44.709166,4.682209,19,1,1
202100014846,175Â 173,B01,3,2,1,5,3,0,-1,-1, -1,-1,2021,0.0,1,2,0,0,6,1,1,,3,STALINGRAD (BD DE),0,,2,2,0,1,1,0,1,, -1,1,0,1,50,6,10,1,94,94081,2,2,0,3,Boulevard de Stalingrad,48.7984,2.38169,11,3,2
202100038200,133Â 364,B01,1,1,2,5,1,8,-1,-1, -1,-1,2021,55.0,2,2,0,2,2,1,1,,4,JULES GUESDE (RUE),0,,-1,3,0,1,(1),(1),1,, -1,1,0,1,50,26,5,1,10,10387,2,2,0,3,JULES GUESDE (RUE),48.294,4.0818,13,2,2
202100013527,177Â 548,B01,2,2,1,0,1,0,-1,-1, -1,-1,2021,19.0,1,2,0,2,1,1,0,,4,CLAUDE DESIRE A PARTIR NÃ¸ 41-32,0,,1,1,0,1,(1),(1),1,, -1,1,0,1,50,9,10,5,42,42218,2,2,0,3,Rue DÃ©sirÃ© Claude,45.4263254326,4.3896942528,22,5,2
202100000501,200Â 806,A01,10,3,2,5,0,-1,-1,3,3,2,2021,43.0,2,2,0,1,2,26,1,,3,GENERAL LECLERC (RUE DU),0,,2,1,0,1,11,786,3,, -1,1,9,1,30,16,10,1,78,78124,2,9,0,6,GENERAL LECLERC (RUE DU),48.90719,2.17519,17,3,1
202100038335,133Â 109,A01,1,1,1,0,2,6,-1,-1, -1,-1,2021,27.0,1,1,0,2,1,1,1,,4,EDMOND ROSTAND (RUE),0,,3,2,3,2,0,0,1,, -1,1,0,1,50,23,5,1,67,67482,2,3,0,3,EDMOND ROSTAND (RUE),48.59196,7.69295,11,2,2
202100022024,162Â 262,B01,1,1,2,3,1,-1,-1,0,0,-1,2021,28.0,1,2,6,2,2,15,1,,7,306,0,,3,4,3,2,45,100,1,, -1,1,0,6,-1,26,8,1,69,69116,2,9,0,3,RD 306,45.820596,4.767643,16,2,2
202100041108,128Â 131,B01,1,1,1,0,2,6,-1,-1, -1,-1,2021,50.0,3,1,0,2,1,1,1,,7,RD 86 DE MONTS Ã  TOURS,0,,2,2,1,1,(1),(1),1,, -1,2,0,1,50,4,5,1,37,37122,2,3,1,6,RD 86 DE MONTS Ã  TOURS,47.3289649495,0.6637908071,15,3,2
202100024250,158Â 321,A01,10,3,1,9,0,-1,-1,4,3,1,2021,55.0,2,2,0,1,1,1,0,,3,980,0,,2,2,0,1,48,540,1,, -1,1,0,1,50,12,8,1,71,71040,2,1,0,6,REPUBLIQUE (RUE DE LA),46.700713101,4.3891586083,10,2,1
202100032410,143Â 840,B01,1,1,2,0,2,6,-1,0,0,-1,2021,22.0,1,1,0,2,1,1,1,,3,994,0,E,2,2,0,1,2,378,4,, -1,1,0,1,50,26,6,1,5,5180,2,9,0,1,D994e,44.812695,6.558094,9,2,2
202100047284,117Â 244,A01,1,1,1,5,2,6,-1,0,0,-1,2021,17.0,2,1,0,2,1,1,1,,4,,-1,,2,2,0,1,(1),(1),1,,"5,8",1,0,1,50,20,3,1,79,79061,2,1,0,6,15 Avenue de Niort,46.265935,-0.219705,15,2,2
202100042617,125Â 447,B01,1,1,1,0,2,8,-1,-1, -1,-1,2021,34.0,1,1,0,2,4,1,1,,3,DOCTEUR DERVAUX  ( QUAI DU ),0,,3,2,0,1,0,0,1,, -1,1,0,1,70,25,4,1,92,92004,2,3,0,5,DOCTEUR DERVAUX  ( QUAI DU ),48.9070480385,2.2916217148,16,4,4
202100015921,173Â 210,C01,1,1,2,0,1,0,-1,-1, -1,-1,2021,32.0,1,2,0,0,0,0,0,,2,117 PK RN137 JUSTICE ROCHEFORT,0,,3,4,0,1,114,175,1,, -1,1,0,1,90,29,9,1,17,17028,1,1,0,4,117 PK RN137 JUSTICE ROCHEFORT,46.13877,-1.10427,17,6,3
202100018796,168Â 044,A01,10,3,1,5,0,-1,-1,4,3,1,2021,40.0,0,2,0,1,1,15,1,,4,AVENUE CORENTIN CARIOU,0,,3,2,0,1,(1),(1),1,, -1,2,0,1,30,15,9,1,75,75119,2,3,1,6,AVENUE CORENTIN CARIOU,48.8976156848,2.3856917625,14,2,1
202100022820,160Â 817,A01,2,2,1,9,2,0,-1,0,0,-1,2021,17.0,1,1,0,2,4,1,1,,4,BOULEVARD PERIPHERIQUE,0,,1,4,0,1,24,400,1,, -1,1,0,1,70,22,8,1,75,75119,2,1,0,2,BD PERIPHERIQUE INTERIEUR,48.900171,2.377907,8,3,2
202100041255,127Â 857,B01,1,1,1,5,2,0,-1,-1,0,-1,2021,31.0,2,1,0,2,2,17,1,,3,RN 1 SENS PROVINCE-PARIS,0,,3,4,0,1,2,200,1,, -1,1,0,1,90,4,5,3,95,95539,1,1,0,2,RD 301,48.993239795,2.3606443405,22,2,2
202100040596,129Â 052,A01,1,1,2,5,8,0,-1,-1, -1,-1,2021,38.0,1,1,0,0,0,1,1,,3,ROUTE DEPARTEMENTALE 14,0,,2,1,0,2,0,200,1,, -1,1,0,1,50,9,5,1,972,97224,1,1,0,7,ROUTE DEPARTEMENTALE 14,14.653255,-61.033722,10,1,1
202100028132,151Â 419,B01,1,1,1,4,2,8,-1,-1, -1,-1,2021,25.0,3,1,0,2,1,1,3,,4,DUPUIS (BOULEVARD DANIEL),0,,2,2,0,2,(1),(1),4,, -1,2,0,1,50,19,7,2,41,41018,2,1,1,2,DUPUIS (BOULEVARD DANIEL),47.5818,1.32375,21,2,2
202100018460,168Â 634,A01,1,1,1,5,2,-1,-1,0,0,-1,2021,17.0,2,1,0,2,1,0,1,,3,13,0,D,2,2,0,3,28,7,1,, -1,1,5,1,50,18,9,5,34,34237,2,2,0,2,Avenue de Pezenas,43.503679,3.312523,1,2,2
202100049083,114Â 025,B01,1,1,1,0,1,5,-1,-1, -1,-1,2021,51.0,3,2,0,2,7,10,1,,7,,-1,,2,10,-1,1,(1),(1),1,,30,1,0,1,50,5,3,1,59,59512,2,9,0,5,JAURES (AVENUE JEAN),50.67599,3.15959,16,6,4
202100028363,151Â 005,A01,9,2,1,5,0,-1,-1,0,0,-1,2021,14.0,0,2,13,0,0,0,1,,3,515,-1,,2,2,0,1,(1),(1),2,, -1,1,0,8,80,19,7,3,202,202101,1,1,0,6,lieu dit QUERCETO,42.410475,9.355422,2,4,1
202100000712,200Â 443,A01,7,2,2,5,1,-1,-1,0,0,-1,2021,10.0,2,2,13,0,2,1,1,,1,89,0,A,3,4,0,1,38,480,1,, -1,2,0,3,130,4,12,3,33,33393,1,1,1,7,autorute A89,44.98869,-0.147543,18,4,1
202100051904,108Â 924,A01,1,1,2,9,1,-1,-1,-1, -1,-1,2021,30.0,2,2,0,2,8,1,1,,4,,0,,1,1,0,2,(1),(1),1,, -1,1,0,1,50,10,2,1,33,33063,2,6,0,3,Rue des Pins Francs,44.861729,-0.623489,16,3,2
202100023333,159Â 903,B01,1,1,1,3,0,-1,-1,0,0,-1,2021,19.0,3,1,0,2,8,1,3,,9,,-1,,1,2,0,1,(1),(1),1,,4,1,0,8,-1,15,8,5,68,68300,2,1,0,3,Route DÃ©partementale 201,47.774709,7.390419,21,2,2
202100043156,124Â 529,A01,1,1,1,1,1,8,-1,-1, -1,-1,2021,38.0,1,2,16,0,2,1,1,,4,VILLENEUVE ST-CARADEC (LIEU-DIT),0,,2,2,0,1,(1),(1),3,, -1,1,0,1,80,20,4,1,56,56083,1,1,0,7,VILLENEUVE ST-CARADEC (LIEU-DIT),47.82405,-3.28248,7,1,1
202100023524,159Â 586,B01,1,1,1,1,2,4,-1,0,0,-1,2021,53.0,3,1,0,2,1,13,1,,2,101,0,R,2,2,0,1,(1),(1),1,, -1,1,0,1,60,19,8,3,987,98714,1,1,0,1,RT 101 Faanui proche base dÃ©part du pearl beach,-16.470864,-151.761489,22,2,2
202100008011,187Â 413,A01,1,1,1,0,1,-1,-1,-1, -1,-1,2021,23.0,3,2,0,2,1,19,1,,4,LAPEROUSE (RUE),0,,1,1,0,2,(1),(1),1,, -1,1,0,1,50,11,11,1,51,51454,2,2,1,3,Rue la PÃ©rouse,49.2220574393,4.0353492611,15,3,2
202100005394,192Â 151,A01,10,3,1,2,0,-1,-1,2,3,1,2021,12.0,1,5,0,1,2,1,1,,4,"""HENRI BARBUSSE (AVENUE """"DU 01 AU 80"""")",0,,2,0,0,1,0,0,1,, -1,2,0,1,50,1,12,1,93,93007,2,2,0,6,"""HENRI BARBUSSE (AVENUE """"DU 01 AU 80"""")",48.9401662007,2.4624878168,10,2,1
202100051093,110Â 350,B01,1,1,1,0,1,0,-1,-1, -1,-1,2021,34.0,2,2,0,2,1,1,1,,3,FRANCE ANATOLE ENTREE A1,0,,2,4,0,1,0,1,1,, -1,1,0,1,50,17,2,1,93,93066,2,1,0,4,FRANCE ANATOLE ENTREE A1,48.9287393577,2.3602989647,15,3,3
202100050809,110Â 859,B01,1,1,1,5,2,6,-1,0,0,-1,2021,59.0,1,1,0,2,7,1,5,,3,D29,-1,,2,2,0,1,23,100,1,, -1,1,0,1,50,19,2,1,31,31232,2,6,0,3,Avenue de Guiraudis - D29,43.770327,1.286495,10,2,2
202100031387,145Â 648,A01,1,1,1,5,2,6,-1,0,0,-1,2021,34.0,1,1,0,0,1,1,1,,3,4085,0,,2,2,0,2,103,800,2,, -1,1,0,1,80,2,7,1,4,4039,1,1,0,7,RD 4085,43.836365,6.546693,16,1,1
202100000343,201Â 107,A01,1,1,1,0,1,8,-1,-1, -1,-1,2021,39.0,2,2,6,0,1,1,1,,7,N.4 CONTOURNEMENT-SUD,0,,1,3,0,1,44,799,1,, -1,1,2,3,70,29,10,3,67,67482,1,1,0,6,M352,48.5710819152,7.7329641581,19,1,1
202100044262,122Â 548,B01,1,1,2,0,2,-1,-1,-1, -1,-1,2021,17.0,2,1,0,0,7,26,3,,3,TISONS (RUE DES),0,,2,2,0,1,0,0,2,, -1,1,0,1,50,12,4,1,61,61001,2,6,0,7,TISONS (RUE DES),48.41822,0.097701,9,1,1
202100042318,125Â 981,B01,2,2,1,3,2,0,-1,-1, -1,-1,2021,25.0,2,1,0,2,1,18,1,,7,MINIMES (AV DES) DU 1AU 178,0,,2,3,0,1,0,961,1,, -1,1,0,1,50,27,4,1,31,31555,2,3,0,3,MINIMES (AV DES) DU 1AU 178,43.62055,1.43569,19,3,2
202100049228,113Â 760,A01,10,3,2,2,0,-1,-1,3,3,1,2021,13.0,2,2,0,1,2,1,1,,4,PERRIGNY (RUE DE),0,,2,2,0,1,(1),(1),1,,"5,8",1,0,1,50,4,2,1,89,89024,2,1,0,6,PERRIGNY (RUE DE),47.81419,3.55919,15,2,1
202100003211,196Â 033,A01,1,1,1,5,2,6,-1,0,0,-1,2021,46.0,0,1,0,0,1,1,1,,4,699,0,D,2,2,0,1,(1),(1),1,, -1,1,0,1,50,13,12,5,16,16199,2,1,0,2,111 Route Angouleme,45.661598,0.219725,19,2,2
202100006764,189Â 695,A01,1,1,1,3,1,-1,-1,0,0,-1,2021,52.0,2,2,2,0,1,14,1,,3,156,0,D,2,2,0,1,14,120,1,, -1,1,0,3,80,24,11,1,54,54491,1,1,0,6,D156,49.3641393479,5.9316902896,8,1,1
202100045906,119Â 700,A01,1,1,2,4,1,0,-1,-1, -1,-1,2021,26.0,1,0,0,2,3,2,1,,3,GOYAVIERS (ROUTE DE),0,,2,2,0,1,12,50,2,, -1,1,0,1,50,30,3,1,974,97411,1,1,0,2,GOYAVIERS (ROUTE DE),-20.906702,55.416493,9,2,2
202100034613,139Â 844,A01,1,1,1,9,2,6,-1,0,0,-1,2021,37.0,1,1,0,0,0,21,1,,4,RUE LECOURBE,0,,1,2,0,1,(1),(1),1,, -1,1,0,1,50,11,6,5,75,75115,2,1,0,7,RUE LECOURBE,48.844103,2.307756,23,1,1
202100007146,188Â 996,B01,1,1,2,0,8,-1,-1,-1, -1,-1,2021,53.0,2,2,0,2,3,2,1,,4,JEAN SARRAZIN                       (R ),0,,2,2,0,1,(1),(1),1,, -1,1,0,1,50,18,11,1,69,69388,2,1,0,3,JEAN SARRAZIN (R),45.73147,4.86679,13,2,2
202100018941,167Â 788,A01,2,2,2,0,1,0,-1,0,0,-1,2021,21.0,2,2,0,2,7,1,1,,7,DIDEROT (RUE),0,,2,3,0,1,(1),(1),1,, -1,1,0,1,50,12,9,5,63,63113,2,2,0,3,DIDEROT/Clementel,45.80501,3.10949,6,3,2
202100053327,106Â 401,B01,1,1,1,9,8,0,-1,-1, -1,-1,2021,79.0,3,1,0,2,1,26,0,,3,231,0,,1,2,0,1,50,356,1,, -1,2,0,1,70,27,1,5,77,77307,1,3,1,3,RTE DE PROVINS,48.85436,2.75868,19,2,2
202100044132,122Â 790,B01,2,2,1,2,1,-1,-1,-1, -1,-1,2021,18.0,3,2,0,2,7,15,1,,4,TEMPS MODERNES (DES)            (AV),0,,2,2,0,1,(1),(1),1,, -1,1,0,1,50,25,3,1,69,69290,2,2,0,3,TEMPS MODERNES (DES) (AV),45.70763,4.9189,17,3,2
202100020220,165Â 491,A01,10,3,1,2,0,-1,-1,2,3,1,2021,6.0,3,2,1,1,3,1,1,,4,VIERGE (CHEMIN DE LA),0,,2,2,0,2,0,0,1,, -1,1,0,1,50,7,9,1,974,97411,2,1,0,3,VIERGE (CHEMIN DE LA),-20.89926,55.46966,15,2,1
202100022658,161Â 119,A01,1,1,1,9,8,0,-1,0,0,-1,2021,41.0,3,1,0,2,1,9,3,,4,PLACE DU TROCADERO ET DU 11 NOVEMBRE,0,,1,2,0,1,(1),(1),2,, -1,1,0,1,50,25,8,1,75,75116,2,7,0,3,PLACE DU TROCADERO ET DU 11 NOVEMBRE,48.863319,2.286667,9,2,2
202100024126,158Â 534,A01,1,1,1,3,2,6,-1,-1, -1,-1,2021,38.0,2,1,0,2,1,21,1,,4,MICHELFELDEN ( RUE DE ),0,,1,1,1,1,(1),(1),1,, -1,1,0,5,50,14,8,1,68,68297,2,1,0,3,MICHELFELDEN ( RUE DE ),47.597208,7.559954,17,2,2
202100045668,120Â 107,A01,1,1,1,1,2,-1,-1,0,0,-1,2021,20.0,1,1,8,2,0,17,0,,4,,-1,,2,2,0,1,(1),(1),1,, -1,1,0,1,30,2,4,1,974,97415,2,1,0,3,47 rue St Louis,-21.006698,55.276283,7,3,3
202100054969,103Â 557,A01,1,1,2,5,1,-1,-1,0,0,-1,2021,20.0,2,2,0,2,1,2,1,,1,5,0,,3,2,0,2,89,500,1,, -1,1,0,1,130,16,1,1,10,10444,1,1,0,2,A5 PK 89+500,48.243167,3.612001,11,3,2
202100026297,154Â 687,A01,1,1,1,9,8,0,-1,-1, -1,-1,2021,19.0,1,1,0,0,0,26,3,,4,SAINT LAZARE,0,,2,2,0,1,1,0,1,, -1,1,0,1,50,29,7,1,49,49007,2,1,0,7,SAINT LAZARE,47.48071,-0.56682,19,1,1
202100000853,200Â 212,B01,1,1,1,0,8,-1,-1,-1, -1,-1,2021,62.0,3,1,0,2,1,1,1,,4,DOYEN JEAN LEPINE (DU)              (R ),0,,2,2,0,1,(1),(1),1,, -1,2,0,1,50,30,12,1,69,69029,2,2,0,3,DOYEN JEAN LEPINE (DU) (R),45.74872,4.90225,13,4,2
202100051079,110Â 372,B01,1,1,1,9,2,6,-1,0,0,-1,2021,23.0,2,1,0,2,7,1,1,,4,RUE ORDENER,0,,2,4,1,1,(1),(1),1,, -1,1,0,1,50,17,2,5,75,75118,2,1,0,3,RUE ORDENER,48.890273,2.359029,20,2,2
202100013746,177Â 138,A01,2,2,2,0,1,-1,-1,0,0,-1,2021,71.0,0,2,0,2,3,19,0,,3,D25,-1,,2,2,0,1,(1),(1),1,,4,1,0,1,80,13,10,1,80,80336,1,2,0,3,D25,49.918121,1.731602,15,3,2
202100000440,200Â 919,A01,1,1,2,0,1,-1,-1,0,0,-1,2021,77.0,3,2,0,2,2,19,1,,7,1075,-1,,1,1,0,1,(1),(1),1,, -1,1,5,8,50,29,9,1,38,38382,2,4,0,3,Route de lyon,45.237631,5.660274,10,2,2
202100001430,199Â 223,B01,2,2,1,5,1,-1,-1,-1, -1,-1,2021,35.0,1,2,0,2,6,1,1,,1,ROCADE A 630,0,,3,8,0,1,4,580,1,, -1,1,3,1,70,25,12,5,33,33063,1,1,0,2,Rocade Nord A630 -E4-,44.884087,-0.557897,4,5,2
202100006867,189Â 510,A01,1,1,1,1,1,-1,-1,0,0,-1,2021,54.0,1,2,0,2,1,13,1,,3,918,0,D,2,2,0,1,53,500,1,, -1,1,0,3,80,23,11,2,64,64490,1,1,0,1,D918,43.222777,-1.298007,7,2,2