Num_Acc,id_vehicule,num_veh,place,catu,sexe,trajet,secu1,secu2,secu3,locp,actp,etatp,year_acc,victim_age,senc,catv,obs,obsm,choc,manv,motor,occutc,catr,voie,v1,v2,circ,nbv,vosp,prof,pr,pr1,plan,lartpc,larrout,surf,infra,situ,vma,jour,mois,lum,dep,com,agg_,int,atm,col,adr,lat,long,hour,nb_victim,nb_vehicules
202100000688,200Â 483,B01,1,1,1,9,8,0,-1,-1, -1,-1,2021,29.0,3,2,0,2,2,1,1,,7,RD9,0,,1,2,0,2,0,0,2,, -1,1,0,1,110,15,5,3,13,13001,1,1,0,1,RD9,43.48456,5.35578,23,2,2
202100030016,148Â 138,B01,1,1,1,1,8,0,-1,0,0,-1,2021,47.0,2,1,0,2,2,1,5,,4,AVENUE DE LA PORTE DE VITRY,0,,2,4,0,1,(1),(1),1,, -1,1,0,1,50,8,7,1,75,75113,2,1,0,3,AVENUE DE LA PORTE DE VITRY,48.821777,2.378684,18,2,2
202100036309,136Â 784,A01,1,1,1,5,2,6,-1,0,0,-1,2021,77.0,2,1,13,0,8,1,1,,3,81,-1,B,2,2,0,1,(1),(1),3,, -1,1,0,1,70,6,6,1,202,202050,1,1,0,6,route dÃ©partementale 81B,42.561805,8.734903,18,1,1
202100022167,162Â 022,A01,1,1,1,5,1,-1,-1,0,0,-1,2021,26.0,3,2,15,0,7,1,1,,4,,-1,,2,2,0,1,(1),(1),4,,4,1,0,3,80,29,8,1,73,73298,1,1,0,6,Route de l'industrie,45.647555,6.437366,19,1,1
202100013461,177Â 677,A01,1,1,1,5,2,6,-1,0,0,-1,2021,16.0,1,1,0,2,5,17,1,,3,916,0,,2,2,0,1,6,645,1,, -1,1,0,1,70,13,10,1,66,66195,1,1,0,3,D916,42.68425,2.807312,16,2,2
202100036999,135Â 560,B01,1,1,2,5,8,0,-1,-1, -1,-1,2021,19.0,3,1,0,2,1,26,5,,4,POISSONNERIE,0,,-1,2,0,1,1,0,1,, -1,1,0,1,50,30,5,1,49,49007,2,1,0,1,POISSONNERIE,47.4726096868,-0.5565744638,20,2,2
202100011131,181Â 838,B01,1,1,2,0,1,0,-1,-1, -1,-1,2021,46.0,0,1,0,0,0,0,0,,4,,0,,1,2,3,1,0,0,1,, -1,2,5,1,50,25,10,2,92,92044,2,2,1,7,ARISTIDE BRIAND(RUE)85 +  ET  98+,48.8936,2.29114,8,2,2
202100054719,103Â 982,A01,1,1,2,3,8,-1,-1,0,0,-1,2021,82.0,2,2,0,2,3,13,1,,4,1,3,,2,2,0,1,(1),(1),1,, -1,1,0,1,50,17,1,1,29,29069,2,1,1,1,Rue Calmette,48.425625,-4.5666976704,12,2,2
202100007697,187Â 996,A01,1,1,2,9,1,-1,-1,0,0,-1,2021,21.0,2,2,1,0,2,1,1,,2,13,-1,,3,4,0,1,38,130,2,, -1,1,9,8,110,18,11,1,50,50615,1,1,0,2,rn13,49.499573,-1.483841,10,2,2
202100038584,132Â 677,B01,1,1,1,4,1,-1,-1,0,0,-1,2021,37.0,2,5,0,2,3,15,1,,3,1075,-1,,2,2,0,1,33,950,1,, -1,1,0,1,90,25,5,1,5,5021,1,3,0,3,Les GrÃ¨s,44.400138,5.733951,13,3,2
202100033475,141Â 937,A01,1,1,1,5,2,6,-1,0,0,-1,2021,58.0,2,1,14,0,1,1,1,,3,13,-1,,2,2,0,1,41,700,1,, -1,2,0,1,90,20,6,1,3,3064,1,1,1,6,D13,46.783645,2.979476,8,1,1
202100005082,192Â 693,A01,2,2,1,5,8,0,-1,0,0,-1,2021,19.0,1,1,0,2,1,1,1,,3,PROVENCE AVENUE DE,0,,2,2,0,1,47,550,1,, -1,1,0,1,50,8,11,5,26,26362,2,2,0,2,Avenue de Provence,44.912881,4.878024,20,3,2
202100001731,198Â 693,B01,2,2,1,5,8,0,-1,-1, -1,-1,2021,6.0,2,1,0,2,1,1,3,,4,CAMILLE PELLETAN (AVENUE),0,,2,3,3,2,0,0,1,, -1,1,0,1,50,22,12,1,13,13202,2,1,0,3,CAMILLE PELLETAN (AVENUE),43.30321,5.37388,12,3,2
202100017990,169Â 471,B01,1,1,2,0,8,0,-1,-1, -1,-1,2021,69.0,1,2,0,2,4,1,1,,7,AVENUE RITONDALE LEOPOLD,0,,1,2,0,1,12,50,1,, -1,1,0,1,50,16,9,1,83,83069,2,3,0,2,AVENUE RITONDALE LEOPOLD,43.11562,6.13918,18,2,2
202100028953,149Â 972,A01,1,1,1,5,1,-1,-1,-1,0,-1,2021,21.0,2,2,9,0,1,14,1,,2,RN 184,0,,3,7,0,1,10,380,1,, -1,1,0,1,90,14,7,1,95,95256,1,1,0,6,RN 184,49.0540257214,2.2002321482,19,1,1
202100038946,132Â 017,A01,1,1,1,2,2,6,-1,-1, -1,-1,2021,30.0,1,1,1,0,7,21,1,,4,EDOUARD HERRIOT (RUE),0,,2,2,0,1,(1),(1),1,, -1,1,0,1,50,19,5,1,10,10387,2,2,0,6,EDOUARD HERRIOT (RUE),48.277024,4.076495,11,1,1
202100006149,190Â 821,B01,2,2,1,5,1,-1,-1,0,0,-1,2021,28.0,1,2,2,0,0,1,1,,3,37,-1,,2,2,0,1,2,500,1,, -1,2,0,3,80,27,11,3,43,43078,1,1,1,7,Route de Brives,45.028672,3.932365,2,6,2
202100014288,176Â 160,B01,1,1,1,5,2,6,-1,0,0,-1,2021,41.0,1,1,0,2,1,1,1,,3,840,-1,,2,2,0,2,20,300,2,, -1,1,0,1,50,9,10,1,46,46221,1,1,1,1,route dÃ©partementale 840  pk 20+300,44.636028,2.019367,17,3,2
202100015927,173Â 194,A01,1,1,1,0,2,6,-1,-1, -1,-1,2021,55.0,3,1,0,2,1,2,1,,7,RN 96 (ROUTE NATIONALE ),0,,1,1,0,2,0,100,3,, -1,1,0,1,50,30,9,1,13,13005,2,1,0,2,RN 96 (ROUTE NATIONALE ),43.30519,5.57258,10,3,3
202100036985,135Â 589,A01,1,1,1,5,2,6,-1,-1, -1,-1,2021,59.0,1,1,0,0,0,11,1,,3,BAYONNE (AVENUE DE),0,,2,4,0,1,9,345,1,, -1,1,0,1,30,31,5,1,64,64024,2,1,0,7,BAYONNE (AVENUE DE),43.48125,-1.51118,17,2,1
202100014069,176Â 550,A01,10,3,2,9,0,-1,-1,9,9,2,2021,49.0,1,2,6,1,1,1,1,,4,,-1,,2,2,0,1,(1),(1),4,,4,1,0,8,30,9,10,5,33,33199,2,3,0,6,51 Rue Aime Broustaud,44.632559,-1.083489,1,4,1
202100040111,129Â 901,B01,1,1,1,5,2,6,-1,0,0,-1,2021,16.0,1,1,0,2,1,15,1,,2,67,0,N,2,2,0,1,39,600,1,, -1,2,5,1,80,14,5,1,52,52175,1,3,1,1,N67,48.367968,5.148618,17,3,2
202100029614,148Â 851,A01,10,3,2,0,0,-1,-1,5,3,2,2021,58.0,0,2,8,1,1,14,1,,4,,0,,1,2,0,1,(1),(1),3,, -1,1,0,4,50,10,7,1,6,6088,2,3,0,6,FAURE (AV. FELIX),43.698071,7.272669,15,3,1
202100029761,148Â 590,A01,10,3,1,3,0,-1,-1,3,3,1,2021,84.0,2,2,0,1,2,1,1,,3,CURIE (RUE PIERRE),0,,2,2,1,1,53,1440,1,, -1,1,0,1,50,3,7,1,70,70550,2,1,0,6,CURIE (RUE PIERRE),47.6127984213,6.1527242884,9,2,1
202100028443,150Â 872,A01,2,2,2,5,1,0,-1,-1, -1,-1,2021,76.0,1,2,0,2,1,1,1,,1,A4,0,,3,4,0,1,9,0,1,, -1,1,0,1,90,18,7,1,94,94017,1,1,0,2,A4,48.8283361632,2.5023593274,14,4,2
202100003944,194Â 696,B01,1,1,1,4,1,0,-1,-1, -1,-1,2021,32.0,1,2,0,2,4,2,1,,1,A4,0,,3,4,0,1,7,500,1,, -1,1,0,1,90,9,12,3,94,94017,1,1,0,2,A4,48.8292770022,2.4819539624,19,2,2
202100025994,155Â 216,A01,10,3,1,5,0,-1,-1,3,3,1,2021,89.0,2,1,0,1,1,26,1,,4,SAINT MARC (RUE DE),0,,2,2,0,1,(1),0,1,, -1,1,9,1,50,31,7,1,22,22113,2,1,0,6,SAINT MARC (RUE DE),48.7339402336,-3.4430359716,17,2,1
202100051500,109Â 643,B01,1,1,2,5,1,0,-1,-1, -1,-1,2021,32.0,1,2,1,0,1,2,1,,1,AUTOROUTE A16,0,,3,3,0,1,81,0,1,, -1,1,0,6,110,11,2,1,62,62193,1,1,0,2,AUTOROUTE A16,50.941657,1.822829,10,2,2
202100052646,107Â 622,A01,1,1,1,0,1,-1,-1,-1, -1,-1,2021,25.0,1,2,14,0,1,15,1,,4,SERBIE (DE)                         (QU),0,,2,5,0,1,(1),(1),3,, -1,2,0,1,50,2,2,4,69,69386,2,2,0,7,SERBIE (DE) (Q),45.77233,4.84113,20,1,1
202100050543,111Â 350,A01,1,1,1,5,1,0,-1,-1,0,-1,2021,57.0,1,2,0,5,1,12,1,,2,RN 184,0,,3,3,0,1,13,199,1,, -1,1,0,1,110,23,2,3,95,95678,1,1,0,6,RN 184,49.0729089475,2.2286545153,1,1,1
202100034509,140Â 043,B01,1,1,1,5,2,-1,-1,0,0,-1,2021,22.0,2,1,0,2,1,1,1,,2,1,-1,,2,2,0,1,3,900,1,, -1,1,0,1,50,14,6,5,987,98715,2,1,0,1,"PK 3+900, RT1, face magasin NUUTANIA",-17.584522,-149.568578,18,2,2
202100041178,127Â 993,B01,1,1,2,5,1,-1,-1,0,0,-1,2021,36.0,2,2,0,0,4,15,1,,3,767,0,,2,2,0,1,28,620,1,, -1,1,0,1,70,23,4,1,56,56140,1,1,0,2,Bodavel,47.896435,-2.839429,17,2,2
202100013137,178Â 263,A01,10,3,2,2,0,-1,-1,4,3,1,2021,19.0,2,5,0,1,7,1,1,,4,MUGUETS  (AVENUE DES),0,,2,2,0,1,0,0,1,, -1,1,5,1,30,15,10,2,93,93047,2,2,0,3,MUGUETS  (AVENUE DES),48.894247,2.551038,8,2,1
202100042374,125Â 884,B01,1,1,1,1,2,6,-1,-1, -1,-1,2021,29.0,3,1,0,2,1,17,1,,4,LEOPOLD RECHOSSIERE (RUE)  => 13/50,0,,-1,2,0,1,0,0,1,, -1,1,0,1,50,27,4,1,93,93001,2,1,0,3,LEOPOLD RECHOSSIERE (RUE)  => 13/50,48.9145260131,2.3899260246,13,2,2
202100055975,101Â 837,B01,1,1,1,1,2,6,-1,0,0,-1,2021,17.0,1,1,0,2,7,15,1,,3,79,0,,2,3,0,1,56,558,1,, -1,7,5,1,50,8,1,4,76,76493,2,3,0,1,Route de Saint Valery,49.850707,0.630406,7,2,2
202100050903,110Â 691,B01,3,2,2,2,3,-1,-1,-1, -1,-1,2021,9.0,1,2,0,2,2,1,1,,4,ROUILLEN AVENUE,0,,2,2,0,1,2,0,1,, -1,1,9,1,50,19,2,1,29,29051,2,3,0,3,D15 - Avenue du Rouillen ,47.9996932597,-4.0512889624,17,3,2
202100050331,111Â 737,B01,1,1,1,1,2,4,-1,-1, -1,-1,2021,46.0,0,1,0,2,1,1,5,,4,BLUM (RUE LEON),0,,2,2,0,2,0,0,1,, -1,1,0,1,50,23,2,1,50,50602,2,3,0,3,BLUM (RUE LEON),49.62547,-1.58719,7,2,2
202100033946,141Â 083,A01,1,1,2,2,1,-1,-1,0,0,-1,2021,20.0,2,2,0,2,7,19,1,,3,26,-1,,2,2,0,2,21,300,1,, -1,2,0,1,70,18,6,1,27,27116,1,1,1,6,Le Clos Hagan - D26,49.190848,0.735698,7,2,2
202100025634,155Â 865,B01,1,1,1,0,2,0,-1,-1, -1,-1,2021,29.0,1,1,0,2,0,0,1,,2,PARIS (R DE),0,,3,4,0,1,17,700,1,, -1,1,0,1,50,4,8,1,94,94078,2,3,0,3,PARIS (R DE),48.7355962665,2.4468291782,11,2,2
202100054281,104Â 733,A01,10,3,2,5,0,-1,-1,2,3,1,2021,73.0,2,2,0,1,3,1,1,,3,933,0,S,-1,2,0,2,27,0,1,, -1,2,0,1,50,22,1,1,40,40119,2,1,1,6,Route de Bellevue,43.659035,-0.591175,9,2,1
202100033316,142Â 218,A01,1,1,1,5,1,0,-1,-1, -1,-1,2021,56.0,1,2,11,0,1,1,1,,4,ANDRE MALRAUX (VOIE),0,,3,4,2,3,(1),(1),2,, -1,1,0,1,50,12,6,4,86,86194,2,1,0,6,Voie AndrÃ© Malraux,46.584538,0.354116,1,2,1
202100015903,173Â 246,A01,1,1,1,5,1,0,-1,0,0,-1,2021,26.0,1,2,9,0,1,1,1,,4,EUROPE (BOULEVARD DE L'),0,,1,2,0,1,(1),(1),3,, -1,1,0,1,50,1,10,5,54,54547,2,6,0,6,EUROPE (BOULEVARD DE L'),48.6626317228,6.1727575431,2,2,1
202100023726,159Â 207,Z01,10,3,1,0,0,-1,-1,3,3,2,2021,3.0,3,2,0,1,0,0,1,,4,CHEMIN DU MERLAN A LA ROSE ,0,,2,2,0,1,0,0,1,, -1,1,0,1,50,17,8,1,13,13213,2,1,0,6,CHEMIN DU MERLAN A LA ROSE ,43.3302884426,5.41268041,13,4,1
202100022105,162Â 112,A01,1,1,1,4,2,6,-1,0,0,-1,2021,26.0,1,1,0,2,1,3,1,,4,PORTE DE SAINT OUEN,0,,1,4,0,1,20,500,1,, -1,1,0,1,70,27,8,1,75,75117,2,1,0,3,PORTE DE SAINT OUEN,48.900501,2.324889,14,2,2
202100024043,158Â 669,A01,1,1,1,5,2,-1,-1,0,0,-1,2021,18.0,2,1,0,2,1,5,1,,3,1,0,,1,2,0,1,25,830,2,,"5,5",1,0,1,-1,14,8,5,66,66021,2,6,0,1,Avenue Noel Biosca,42.7344379659,2.9366091639,5,2,2
202100028331,151Â 055,B01,1,1,1,0,1,0,-1,-1, -1,-1,2021,34.0,3,2,0,2,9,2,1,,3,COURNEUVE (ROUTE),0,,1,2,1,1,0,9,1,, -1,1,0,1,50,18,7,1,93,93066,2,1,0,4,COURNEUVE (ROUTE),48.932963,2.37404,16,3,3
202100023901,158Â 911,B01,1,1,1,5,2,-1,-1,0,0,-1,2021,73.0,1,0,0,2,4,19,3,,3,GIRATOIRE SAINT LOUIS ( AVENUE DE VABRES,0,,2,2,0,1,43,150,2,, -1,1,5,1,50,13,8,1,12,12202,2,6,0,2,GIRATOIRE SAINT LOUIS ( AVENUE DE VABRES,44.36503,2.57425,13,2,2
202100044791,121Â 649,A01,1,1,1,4,8,-1,-1,-1, -1,-1,2021,20.0,1,5,0,2,1,2,1,,7,VIENNE (DE)                         (RO),0,,1,1,0,1,14,100,3,, -1,1,3,1,50,7,4,1,69,69259,2,4,0,2,VIENNE (DE) (RTE),45.7175665048,4.8548841476,8,2,2
202100043360,124Â 161,A01,10,3,1,0,0,-1,-1,1,5,3,2021,15.0,0,5,0,1,3,21,1,,3,STAINS (ROUTE DE),0,,1,2,0,1,0,1,1,, -1,1,0,1,50,18,4,1,93,93053,2,1,0,6,STAINS (ROUTE DE),48.9047585877,2.4701290369,17,2,1
202100011180,181Â 746,C01,1,1,1,0,1,0,-1,-1, -1,-1,2021,44.0,1,2,0,2,4,1,1,,1,A7-Sens Lyon vers Marseille,0,,1,1,0,1,264,0,1,, -1,1,0,1,110,25,10,2,13,13117,1,1,0,4,A7-Sens Lyon vers Marseille,43.418806,5.273338,8,5,5
202100002501,197Â 304,A01,1,1,1,5,0,-1,-1,0,0,-1,2021,20.0,1,2,15,0,1,14,6,,3,101,0,,2,2,2,2,3,237,1,, -1,1,0,3,70,18,12,5,56,56003,1,1,0,6,Route de la CÃ´te du Vincin,47.647147,-2.80542,22,1,1
202100054688,104Â 032,B01,1,1,1,1,2,6,-1,0,0,-1,2021,31.0,3,1,0,2,3,1,1,,4,RUE EDMOND ABOUT,0,,1,1,0,1,(1),(1),1,, -1,2,0,1,50,17,1,1,75,75116,2,2,0,3,RUE EDMOND ABOUT,48.862138,2.272569,16,5,2
202100017328,170Â 677,A01,1,1,1,0,2,-1,-1,0,0,-1,2021,30.0,2,1,0,2,1,1,1,,3,d209,0,,2,2,0,1,4,350,3,, -1,1,0,1,70,23,9,3,33,33262,1,1,0,1,56 Avenue de la Coste,44.9985,-0.59502,6,2,2
202100011466,181Â 226,A01,9,2,1,9,8,-1,-1,0,0,-1,2021,0.0,3,2,0,2,6,19,1,,3,857,-1,,2,2,0,1,28,462,1,, -1,2,0,1,50,1,10,5,35,35068,2,3,1,3,Rue de Rennes,48.104942,-1.411641,20,6,2
202100032457,143Â 761,A01,10,3,2,9,0,-1,-1,2,3,1,2021,21.0,3,2,0,1,2,2,1,,3,RUE PDT FRANCOIS MITTERRAND,0,,2,2,0,2,0,0,1,, -1,1,9,1,50,24,6,1,91,91345,2,1,0,6,RUE PDT FRANCOIS MITTERRAND,48.694298,2.293782,7,2,1
202100006323,190Â 485,A01,1,1,1,0,8,-1,-1,0,0,-1,2021,22.0,0,1,0,0,0,0,1,,3,27,-1,,2,2,0,2,(1),(1),3,, -1,2,0,3,50,26,11,3,974,97422,2,1,0,6,Chemin Emile Zola,-21.242567,55.491954,23,1,1
202100043851,123Â 291,B01,2,2,1,0,1,0,-1,-1, -1,-1,2021,47.0,2,2,0,2,4,24,1,,1,AUTOROUTE A86,0,,3,4,0,3,22,899,2,, -1,1,0,1,90,16,4,1,93,93008,1,1,0,4,AUTOROUTE A86,48.90635,2.45975,18,4,3
202100029498,149Â 067,B01,1,1,1,5,2,6,-1,0,0,-1,2021,33.0,2,1,0,2,1,1,1,,3,906,0,E,2,2,0,1,(1),(1),1,, -1,1,0,1,50,11,7,1,3,3264,2,2,0,3,Avenue de Thiers,46.065612,3.465199,19,2,2
202100009824,184Â 136,A01,1,1,2,5,1,-1,-1,0,0,-1,2021,28.0,2,2,13,0,9,1,1,,3,10,-1,,2,2,0,1,2,50,1,,7,2,0,3,90,2,11,1,52,52017,1,1,0,6,RD10,47.956608,5.018016,13,1,1
202100005068,192Â 719,B01,1,1,1,1,1,8,-1,-1, -1,-1,2021,46.0,3,2,0,2,1,16,1,,4,CORMERY (RUE DE),0,,2,2,0,1,(1),(1),3,, -1,2,5,1,50,2,12,2,37,37208,2,2,0,3,CORMERY (RUE DE),47.3435610434,0.7363522053,7,2,2
202100022926,160Â 643,Z01,2,2,1,9,2,0,-1,0,0,-1,2021,33.0,3,1,0,2,1,5,1,,4,RUE DU MOULIN DE LA POINTE,0,,2,2,0,1,(1),(1),1,, -1,1,0,1,30,21,8,5,75,75113,2,2,0,3,RUE DU MOULIN DE LA POINTE,48.822106,2.356505,23,3,2
202100042725,125Â 265,A01,10,3,1,5,8,8,-1,2,3,1,2021,60.0,1,2,0,1,5,4,1,,3,MARECHAL JOFFRE (BD DU) (43 A 97 - 58 A,0,,1,2,0,4,0,0,1,, -1,1,0,1,50,23,4,1,92,92014,2,1,0,6,MARECHAL JOFFRE (BD DU) (43 A 97 - 58 A,48.7813191825,2.3142260313,18,2,1
202100048969,114Â 217,B01,1,1,1,0,2,0,-1,-1, -1,-1,2021,22.0,1,1,8,0,8,17,1,,4,R DEMANIEUX,0,,2,2,0,1,0,1,1,, -1,1,0,1,50,6,3,1,94,94022,2,3,0,3,DEMANIEUX (R),48.77253,2.40225,16,4,2
202100043318,124Â 231,Z01,10,3,2,5,8,8,-1,1,3,3,2021,30.0,3,2,0,1,0,0,1,,4,MITTELHAUSBERGEN (ROUTE DE),0,,2,2,0,1,0,0,1,, -1,1,4,1,50,17,4,5,67,67482,2,8,0,6,MITTELHAUSBERGEN (ROUTE DE),48.59187,7.726097,1,2,1
202100017437,170Â 457,A01,1,1,1,0,2,0,-1,-1, -1,-1,2021,48.0,2,1,0,2,1,9,1,,4,BALEARES ROND POINT ET CITE DES,0,,1,2,0,1,0,0,3,, -1,1,0,1,30,21,9,1,66,66136,2,6,0,2,BALEARES ROND POINT ET CITE DES,42.68846,2.89503,15,2,2
202100024467,157Â 936,A01,1,1,1,1,2,6,-1,0,0,-1,2021,70.0,2,1,0,6,1,1,1,,4,211,0,D,2,2,0,1,(1),(1),1,, -1,1,0,1,80,12,8,3,33,33376,1,1,0,6,Route de Louens,44.934,-0.715485,23,1,1
202100018022,169Â 413,A01,1,1,1,5,2,0,-1,0,0,-1,2021,22.0,2,1,0,2,1,19,3,,4,RUE DE VAUGIRARD,0,,2,4,3,1,(1),(1),1,, -1,1,0,6,30,18,9,1,75,75115,2,3,0,3,RUE DE VAUGIRARD,48.836907,2.295821,12,4,2
202100035343,138Â 533,B01,1,1,1,9,2,6,-1,-1, -1,-1,2021,49.0,3,1,0,2,1,17,1,,3,HENRI BARBUSSE (BOULEVARD),0,,2,2,0,1,1,0,1,, -1,1,0,1,50,10,6,1,93,93048,2,1,0,3,HENRI BARBUSSE (BOULEVARD),48.86483,2.44374,12,2,2
202100021222,163Â 725,B01,1,1,1,1,8,0,-1,-1, -1,-1,2021,44.0,1,1,0,2,1,25,3,,3,AV DE VERDUN,0,,2,2,2,1,0,0,1,, -1,1,0,5,50,2,9,1,91,91479,2,3,0,6,AV DE VERDUN,48.705758,2.365615,17,2,2
202100012103,180Â 081,B01,1,1,1,1,1,-1,-1,0,0,-1,2021,34.0,1,2,0,2,1,0,1,,3,438,0,R,2,2,0,3,43,600,3,, -1,2,0,1,80,20,10,3,27,27052,1,1,0,1,D438,49.207617,0.745096,20,2,2
202100015032,174Â 837,A01,2,2,2,2,8,-1,-1,-1, -1,-1,2021,17.0,2,1,0,2,1,2,1,,3,194,0,,2,2,0,1,8,780,1,, -1,2,0,1,50,4,10,1,56,56098,2,3,0,2,KESLER-DEVILLERS ( AV. ),47.76803,-3.34267,18,3,2
202100007648,188Â 079,A01,1,1,2,4,1,0,-1,0,0,-1,2021,32.0,1,2,0,2,3,11,1,,4,PORTE DE PANTIN,0,,1,4,0,1,26,0,1,, -1,1,0,1,70,17,11,1,75,75119,2,1,0,3,PORTE DE PANTIN,48.895318,2.394566,13,2,2
202100004068,194Â 477,A01,10,3,1,2,0,-1,-1,2,3,1,2021,3.0,2,2,0,1,1,1,1,,4,GUYENNE (ALL DE) DU 2AU 79,0,,2,2,0,1,(1),(1),1,, -1,2,0,1,30,7,12,1,31,31555,2,1,1,6,GUYENNE (ALL DE) DU 2AU 79,43.5759094527,1.4127610624,13,2,1
202100049623,113Â 044,A01,10,3,1,5,0,-1,-1,1,5,2,2021,15.0,1,2,0,1,1,1,1,,4,PROVENCE (RUE DE),0,,1,1,0,1,0,0,1,, -1,1,0,1,20,27,2,1,67,67447,2,3,0,6,PROVENCE (RUE DE),48.60826,7.76442,16,2,1
202100020613,164Â 780,A01,1,1,2,5,1,-1,-1,0,0,-1,2021,52.0,2,2,1,0,1,14,1,,1,89,-1,A,1,5,0,1,157,0,1,, -1,1,7,8,70,5,9,1,24,24020,1,9,0,4,Gare de PÃ©age de THENON A89,45.151311,1.167544,18,5,4
202100041279,127Â 820,B01,1,1,1,0,1,0,-1,0,0,-1,2021,49.0,1,2,0,2,4,2,1,,7,METZ (RUE DE),0,,3,2,3,1,(1),(1),1,, -1,1,-1,1,30,5,5,1,54,54395,2,1,0,2,METZ (RUE DE),48.7027988695,6.1707343161,18,2,2
202100012200,179Â 908,A01,10,3,2,3,0,-1,-1,3,3,1,2021,77.0,3,2,0,1,3,15,1,,4,RUISSEAUX ( RUE DES ),0,,2,2,0,1,0,0,2,, -1,1,0,1,50,19,10,1,53,53130,2,4,0,6,RUISSEAUX ( RUE DES ),48.0706,-0.77606,16,2,1
202100009076,185Â 482,B01,1,1,1,5,2,8,-1,-1, -1,-1,2021,34.0,1,1,0,2,1,1,1,,4,DOCTEUR RAPHAEL BOYER,0,,2,2,0,1,0,0,1,, -1,1,0,1,50,5,11,1,83,83123,2,3,0,1,DOCTEUR RAPHAEL BOYER,43.11629,5.790967,16,3,2
202100037117,135Â 355,B01,1,1,1,1,1,-1,-1,0,0,-1,2021,34.0,0,5,0,2,6,24,1,,3,18,-1,D,2,1,0,1,23,346,1,, -1,1,0,1,70,2,6,2,34,34166,2,1,0,2,d18,43.398422,3.355443,7,2,2
202100023383,159Â 821,A01,1,1,1,5,0,-1,-1,0,0,-1,2021,27.0,1,1,12,0,8,0,1,,3,936,0,D,2,2,0,1,10,640,1,, -1,1,0,1,50,21,8,5,33,33165,2,1,0,7,Avenue de l Entre 2 Mers,44.824978,-0.438797,2,1,1
202100012295,179Â 757,A01,1,1,1,3,2,6,-1,0,0,-1,2021,50.0,1,1,0,2,1,2,1,,3,1,-1,,2,2,0,1,8,144,1,,5,1,0,1,80,19,10,1,44,44086,1,3,0,2,La Grenetterie,47.6967,-1.589402,18,2,2
202100044416,122Â 291,A01,1,1,1,4,2,-1,-1,0,0,-1,2021,20.0,1,1,0,2,4,2,1,,3,301,0,,3,4,0,1,5,400,1,, -1,1,0,1,90,11,4,3,95,95489,1,1,0,2,RD 301,49.02159,2.350827,22,2,2
202100010636,182Â 726,A01,1,1,1,5,1,-1,-1,0,0,-1,2021,37.0,2,2,8,0,3,0,1,,3,04,-1,,2,2,0,1,45,500,1,, -1,1,0,3,-1,25,9,3,28,28349,1,1,1,6,RD 04 PR45+500,48.633447,1.609583,1,1,1
202100011706,180Â 810,B01,1,1,1,0,2,6,-1,0,0,-1,2021,49.0,0,1,0,2,2,17,1,,3,2085,-1,,2,2,0,1,10,56,1,, -1,1,0,1,50,22,10,1,6,6112,2,3,0,3,60 Route de Nice,43.674381,7.008921,15,2,2
202100023849,158Â 997,B01,1,1,1,5,2,0,-1,-1, -1,-1,2021,67.0,1,1,12,2,4,15,1,,4,LAGUNE (Route de la) D107,0,,-1,2,0,1,(1),(1),1,, -1,1,0,1,70,15,8,5,202,202037,1,1,0,2,LAGUNE (Route de la) D107,42.63697,9.46097,22,2,2
202100033449,141Â 981,A01,1,1,1,5,5,6,2,0,0,-1,2021,22.0,1,1,0,0,4,2,1,,1,8,-1,,3,3,0,1,102,100,1,, -1,2,0,1,110,20,6,2,83,83148,1,1,1,2,A8,43.402818,6.399707,21,2,2
202100027236,153Â 034,B01,1,1,2,0,1,8,-1,-1, -1,-1,2021,26.0,1,2,0,2,2,1,1,,3,WINSTON CHURCHILL (AV),0,,3,4,0,1,0,1,1,, -1,1,0,1,50,24,7,1,94,94078,2,3,0,3,Avenue Winston Churchill,48.753663,2.450699,17,2,2
202100026332,154Â 626,A01,10,3,1,5,0,-1,-1,3,3,2,2021,26.0,2,1,0,1,8,17,1,,4,AVENUE DAUMESNIL,0,,2,2,0,1,(1),(1),1,, -1,1,0,1,50,30,7,2,75,75112,2,2,0,6,AVENUE DAUMESNIL,48.835894,2.405678,20,2,1
202100033804,141Â 339,A01,1,1,1,0,2,-1,-1,-1, -1,-1,2021,28.0,3,1,0,2,0,0,0,,4,ROGER SALENGRO     (Avenue),0,,3,3,0,1,(1),(1),1,, -1,1,0,1,50,17,6,1,69,69266,2,2,0,3,ROGER SALENGRO (AV),45.7765858176,4.8740673065,20,2,2
202100047405,117Â 035,B01,2,2,2,0,1,0,-1,-1, -1,-1,2021,29.0,1,2,0,2,1,23,1,,4,PARIS (RUE DE),0,,2,2,0,1,0,0,1,, -1,2,1,1,50,18,3,5,93,93031,2,1,1,6,PARIS (RUE DE),48.9542151688,2.3101088405,21,4,2
202100021022,164Â 087,B01,2,2,1,0,1,8,-1,-1, -1,-1,2021,54.0,2,2,0,2,1,1,1,,4,COPENHAGUE (RUE DE),0,,2,2,0,1,0,0,1,, -1,1,0,1,50,2,9,1,67,67447,2,1,1,3,COPENHAGUE (RUE DE),48.61134,7.717,10,3,2
202100017579,170Â 201,B01,1,1,2,1,0,-1,-1,0,0,-1,2021,29.0,3,1,0,2,7,19,3,,3,d16,-1,A,3,4,2,1,0,475,1,, -1,1,-1,5,70,22,9,1,73,73179,2,6,1,3,D16A avenue jean rostand,45.5936377603,5.886237691,17,2,2