Num_Acc,id_vehicule,num_veh,place,catu,sexe,trajet,secu1,secu2,secu3,locp,actp,etatp,year_acc,victim_age,senc,catv,obs,obsm,choc,manv,motor,occutc,catr,voie,v1,v2,circ,nbv,vosp,prof,pr,pr1,plan,lartpc,larrout,surf,infra,situ,vma,jour,mois,lum,dep,com,agg_,int,atm,col,adr,lat,long,hour,nb_victim,nb_vehicules
202100037691,134Â 291,A01,1,1,2,5,1,-1,-1,0,0,-1,2021,85.0,1,2,0,2,1,1,1,,3,23,0,,2,2,0,1,1,845,1,, -1,1,0,1,50,28,5,1,37,37236,2,1,0,2,Rue du Val de lâAmasse,47.4075170802,1.0454566777,9,2,2
202100056194,101Â 447,B01,1,1,2,4,8,8,-1,-1, -1,-1,2021,20.0,2,1,0,2,1,1,3,,4,QUENTIN JULES AVENUE,0,,2,2,3,1,0,0,1,, -1,2,0,1,50,4,1,5,92,92050,2,3,0,3,QUENTIN JULES AVENUE,48.8962228854,2.1887674366,19,2,2
202100023366,159Â 851,A01,2,2,1,5,1,-1,-1,0,0,-1,2021,91.0,2,2,0,0,4,2,1,,1,8,-1,,3,4,0,2,201,650,1,, -1,1,0,1,110,20,8,1,6,6149,1,1,0,2,A8 PK 201+650 NORD,43.73236,7.308751,16,4,2
202100039878,130Â 309,B01,1,1,1,5,2,-1,-1,0,0,-1,2021,37.0,3,1,0,2,1,19,1,,4,,-1,,2,2,0,1,(1),(1),1,, -1,1,0,1,80,15,5,1,17,17385,2,2,0,3,Rue Gustave Bausmayer,45.940985,-1.329719,19,3,2
202100006037,191Â 006,A01,1,1,1,5,1,-1,-1,0,0,-1,2021,23.0,2,2,0,2,3,13,1,,3,467,0,D,2,2,0,2,13,680,3,, -1,7,0,1,80,27,11,1,39,39436,1,1,1,1,,46.861467,5.89983,16,2,2
202100048495,115Â 076,A01,1,1,1,0,2,0,-1,-1, -1,-1,2021,49.0,2,1,0,2,3,1,1,,1,AUTOROUTE A6,0,,3,6,0,1,20,100,1,, -1,2,0,1,70,11,3,1,91,91687,1,1,0,3,AUTOROUTE A6,48.6607,2.3714,9,2,2
202100019550,166Â 688,A01,1,1,1,5,2,6,9,0,0,-1,2021,52.0,1,1,0,2,1,1,1,,2,30,-1,,2,2,0,1,6,200,1,, -1,1,0,1,70,11,9,1,202,202150,1,1,0,2,Route de calvi,42.563575131,8.8073980801,13,2,2
202100048025,115Â 898,B01,1,1,1,0,8,0,-1,-1, -1,-1,2021,29.0,1,1,0,2,3,1,1,,4,LODI (RUE DE),0,,2,2,0,1,0,0,1,, -1,1,0,1,50,14,3,1,13,13206,2,9,0,1,LODI (RUE DE),43.2904874162,5.386198024,17,2,2
202100014603,175Â 613,B01,1,1,1,0,1,8,-1,-1, -1,-1,2021,61.0,2,2,0,2,8,15,1,,7,VERDUN (AVENUE DE),0,,2,4,0,1,0,0,1,, -1,1,5,1,50,7,10,1,45,45284,2,3,0,3,VERDUN (AVENUE DE),47.92545,1.99412,8,2,2
202100041806,126Â 880,B01,1,1,1,9,2,6,-1,0,0,-1,2021,47.0,1,1,0,2,3,3,1,,4,PORTE DE SAINT CLOUD,0,,1,4,0,1,10,500,3,, -1,1,0,1,70,30,4,1,75,75116,2,1,0,3,PORTE DE SAINT CLOUD,48.83527,2.258863,19,2,2
202100048692,114Â 717,A01,1,1,1,0,8,0,-1,0,0,-1,2021,15.0,0,1,0,0,0,1,1,,4,LABOURS ( CHEMIN DES ),0,,2,2,0,2,0,1,1,, -1,1,0,3,50,7,3,1,5,5061,2,3,0,7,LABOURS ( CHEMIN DES ),44.57784,6.0862,15,1,1
202100026234,154Â 808,A01,1,1,2,5,2,6,9,0,0,-1,2021,28.0,3,1,0,0,9,1,1,,3,207,-1,A,2,2,0,2,0,340,4,, -1,9,8,1,50,30,7,1,73,73021,1,1,0,7,D207 A,45.449504,6.124835,17,1,1
202100015076,174Â 758,A01,1,1,1,5,1,0,-1,-1, -1,-1,2021,36.0,2,2,0,2,1,19,1,,3,,0,,2,2,0,1,0,560,1,, -1,1,0,1,50,5,10,1,30,30243,2,2,0,3,CAMPELLO (AVENUE DE),44.08122,4.0707,15,2,2
202100053114,106Â 793,B01,1,1,2,3,8,-1,-1,0,0,-1,2021,62.0,2,2,0,2,8,15,1,,3,748,-1,,2,2,0,1,19,(1),1,, -1,2,0,1,90,31,1,1,49,49086,1,1,0,3,Canton de la Grouas (MartignÃ©-Briand),47.231911,-0.483549,11,2,2
202100023297,159Â 974,B01,1,1,1,0,2,0,-1,-1, -1,-1,2021,21.0,3,1,0,2,4,13,5,,4,ROMPSAY   AVENUE DE,0,,2,2,0,1,(1),(1),1,, -1,1,0,1,30,20,8,1,17,17300,2,1,0,2,ROMPSAY   AVENUE DE,46.16128,-1.13161,15,2,2
202100032735,143Â 258,A01,1,1,1,5,8,-1,-1,0,0,-1,2021,77.0,1,2,0,2,1,13,1,,1,6,0,,3,4,0,2,283,660,1,, -1,1,8,1,90,24,6,1,21,21087,1,1,0,1,autoroute A6,47.12049,4.703693,15,3,2
202100007384,188Â 558,B01,1,1,2,1,1,-1,-1,0,0,-1,2021,42.0,2,2,0,2,8,1,1,,3,101,-1,,2,2,0,1,11,120,1,,7,1,5,1,80,19,11,1,56,56008,1,2,0,5,D101,47.621836,-2.898309,11,4,3
202100026845,153Â 735,B01,1,1,2,5,8,0,-1,0,0,-1,2021,11.0,3,1,0,2,7,19,5,,4,RUE DE CRIMEE,0,,1,2,0,1,(1),(1),1,, -1,2,0,1,30,27,7,1,75,75119,2,2,1,3,RUE DE CRIMEE,48.892153,2.375095,17,2,2
202100020070,165Â 751,A01,10,3,1,0,0,-1,-1,2,3,1,2021,52.0,2,2,0,1,3,1,1,,4,NATIONALE (RUE),0,,1,1,0,1,(1),(1),1,, -1,1,0,1,30,8,9,1,59,59599,2,1,0,6,NATIONALE (RUE),50.724,3.1582,12,2,1
202100035549,138Â 166,B01,1,1,1,5,2,0,-1,0,0,-1,2021,29.0,1,1,0,2,0,1,5,,4,QUAI BRANLY,0,,2,4,1,1,(1),(1),1,, -1,1,0,5,50,9,6,1,75,75107,2,3,0,3,QUAI BRANLY,48.857435,2.291105,19,2,2
202100033685,141Â 551,A01,4,2,1,0,1,0,-1,-1, -1,-1,2021,11.0,1,2,0,2,1,2,1,,3,PAUL BERT (RUE),0,,2,4,0,1,1,0,1,, -1,1,0,1,50,16,6,1,92,92025,2,1,0,4,PAUL BERT (RUE),48.929472,2.246326,18,4,3
202100042942,124Â 912,A01,1,1,1,5,2,-1,-1,0,0,-1,2021,45.0,1,1,0,2,1,1,5,,7,70,0,D,2,2,0,2,5,350,1,, -1,1,0,1,50,23,4,1,31,31418,2,1,0,1,72 route du fouet,43.622112,1.523623,17,2,2
202100051145,110Â 250,A01,2,2,1,5,3,0,-1,-1,0,-1,2021,1.0,1,2,0,2,1,1,1,,1,AUTOROUTE A15,0,,3,8,0,2,9,0,1,, -1,2,0,1,90,18,2,1,95,95582,1,1,1,4, A15,48.9685783549,2.2515955054,14,4,3
202100000339,201Â 115,B01,3,2,1,5,3,-1,-1,-1, -1,-1,2021,1.0,2,2,0,2,4,2,1,,1,A43   0.550 A 3.353,0,,3,8,0,1,1,700,1,, -1,1,0,1,70,23,10,1,69,69029,1,1,0,2,A43   0.550 A 3.353,45.7283597461,4.9031102657,16,3,2
202100039708,130Â 604,A01,1,1,1,9,2,0,-1,0,0,-1,2021,19.0,1,1,0,2,8,7,1,,4,AVENUE DE FLANDRE,0,,3,2,3,1,(1),(1),1,, -1,1,0,6,50,16,5,1,75,75119,2,3,0,3,AVENUE DE FLANDRE,48.889855,2.375995,18,2,2
202100027678,152Â 239,A01,10,3,2,0,0,-1,-1,3,3,1,2021,79.0,3,2,0,1,1,15,2,,4,FELIX VIALLET (AVENUE),0,,2,3,0,1,(1),(1),1,, -1,1,0,1,50,21,7,1,38,38185,2,3,0,6,Avenue Felix Viallet,45.19083,5.71883,16,2,1
202100049646,112Â 999,B01,1,1,2,3,1,-1,-1,-1, -1,-1,2021,19.0,2,2,0,2,8,1,1,,7,PEN AR CH'LEUZ (ROND POINT),0,,1,3,0,1,73,860,2,, -1,1,5,1,50,1,3,1,29,29019,2,6,0,3,Rond Point Pen Ar Ch'leuz,48.41502,-4.47924,15,2,2
202100018099,169Â 268,A01,1,1,1,9,2,6,-1,-1, -1,-1,2021,22.0,2,1,0,2,1,3,1,,1,A4.W,0,,-1,4,0,1,19,700,1,, -1,1,0,1,110,19,9,1,77,77258,1,1,0,3,A4.W,48.831368,2.641637,19,2,2
202100006999,189Â 248,A01,1,1,1,5,2,8,-1,-1, -1,-1,2021,50.0,1,1,0,2,4,0,1,,2,JAURES (BOULEVARD JEAN),0,,1,2,0,1,(1),(1),1,, -1,1,0,1,70,20,11,1,974,97411,2,1,0,2,JAURES (BOULEVARD JEAN),-20.9010008023,55.491181612,9,3,2
202100050327,111Â 744,B01,1,1,1,1,1,5,-1,-1, -1,-1,2021,51.0,2,2,0,2,3,13,1,,3,LILLE (RUE DE),0,,2,2,0,1,1,0,1,, -1,1,0,1,70,24,2,3,59,59428,1,1,0,1,LILLE (RUE DE),50.1909242625,3.2146167755,7,2,2
202100021254,163Â 667,B01,1,1,1,4,1,8,-1,-1, -1,-1,2021,35.0,2,2,0,2,3,15,1,,4,ROUEN (RUE DE),0,,2,2,0,1,0,0,1,, -1,1,0,1,50,2,9,2,49,49328,2,2,0,3,ROUEN (RUE DE),47.26968,-0.06704,20,2,2
202100006544,190Â 099,B01,1,1,1,-1,8,-1,-1,-1, -1,-1,2021,18.0,2,1,0,2,8,15,1,,3,,-1,,2,-1,-1,1,3,282,1,, -1,1,0,1,80,1,7,2,61,61222,2,3,0,3,,48.75836,-0.64776,21,2,2
202100039803,130Â 434,B01,2,2,2,5,1,0,-1,-1, -1,-1,2021,55.0,1,2,0,2,3,2,1,,4,HENON                               (R ),0,,2,2,0,1,(1),(1),1,, -1,2,0,1,50,15,5,1,69,69384,2,2,1,1,HENON (R),45.7796,4.8208,19,3,2
202100021680,162Â 882,A01,1,1,1,5,8,-1,-1,0,0,-1,2021,24.0,1,2,0,2,1,1,1,,3,71,-1,,2,2,0,1,8,800,1,, -1,1,0,1,80,1,9,2,81,81133,1,1,0,1,"D71, PK. 8.800",43.8773285454,2.1559815109,6,3,2
202100014414,175Â 935,A01,1,1,1,9,2,6,-1,0,0,-1,2021,30.0,2,1,0,2,1,1,1,,4,AVENUE DES CHAMPS ELYSEES,0,,2,8,0,1,(1),(1),1,, -1,1,0,1,30,7,10,5,75,75108,2,7,0,3,AVENUE DES CHAMPS ELYSEES,48.8677998,2.313906,20,2,2
202100019110,167Â 471,A01,1,1,2,1,2,6,-1,-1, -1,-1,2021,21.0,2,1,0,2,1,1,1,,1,AUTOROUTE A 63,0,,3,4,0,1,8,100,1,, -1,1,0,1,130,14,9,1,33,33122,1,1,0,2,,44.743566,-0.705844,8,2,2
202100034839,139Â 437,A01,1,1,1,5,2,6,-1,0,0,-1,2021,45.0,1,1,0,2,1,0,1,,3,763,-1,D,2,2,0,1,13,500,1,, -1,1,0,1,80,12,6,1,49,49069,1,4,0,4,D763,47.359389,-1.175123,17,3,3
202100013266,178Â 028,B01,1,1,2,5,1,0,-1,-1, -1,-1,2021,32.0,2,2,0,2,4,1,1,,4,GRAMMONT (AVENUE DE),0,,2,4,0,1,(1),(1),1,, -1,1,0,1,50,13,10,5,37,37261,2,1,0,2,GRAMMONT (AVENUE DE),47.3710503377,0.6966233253,19,2,2
202100038906,132Â 085,A01,1,1,2,9,8,0,-1,-1, -1,-1,2021,79.0,2,2,8,2,1,13,1,,4,DUVERGIER DE HAURANNE (AVENUE),0,,2,2,0,2,0,0,2,, -1,2,0,1,50,21,5,1,64,64102,2,1,0,1,DUVERGIER DE HAURANNE (AVENUE),43.48231,-1.46563,16,2,2
202100053944,105Â 327,A01,10,3,1,9,0,-1,-1,1,3,1,2021,24.0,3,2,0,1,3,17,1,,4,CORNES   RUE DE L'OUVRAGE A,0,,2,2,1,1,(1),(1),1,, -1,1,0,1,30,23,1,5,17,17300,2,1,0,6,CORNES   RUE DE L'OUVRAGE A,46.15549,-1.14587,18,2,1
202100013437,177Â 715,B01,1,1,1,5,2,6,-1,0,0,-1,2021,67.0,2,1,0,2,1,1,1,,3,152,-1,,2,2,0,2,13,534,1,, -1,1,0,1,70,14,10,1,56,56078,1,1,0,3,Route DÃ©partementale NÂ°152,47.755079,-3.51408,15,2,2
202100038752,132Â 346,A01,1,1,1,5,1,0,-1,0,0,-1,2021,20.0,2,2,0,2,3,15,1,,4,Rue de Charlieu,0,,2,2,0,1,(1),(1),1,, -1,2,0,1,30,22,5,2,42,42187,2,3,0,1,Rue de Charlieu,46.04875,4.08306,21,2,2
202100020907,164Â 279,A01,7,2,2,3,0,-1,-1,0,0,-1,2021,77.0,3,3,0,2,1,2,1,2.0,9,,0,,2,2,0,1,(1),(1),1,,5,1,0,1,50,5,9,1,44,44154,2,1,0,2,Avenue du MarÃ©chal Foch,47.239669,-2.169057,11,3,2
202100023718,159Â 221,B01,1,1,2,1,2,-1,-1,0,0,-1,2021,45.0,3,1,1,0,1,1,5,,4,MONTGOLFIER RUE DES FRERE (402),0,,2,2,0,1,(1),(1),1,, -1,1,0,1,50,17,8,1,26,26362,2,1,0,3,43 Rue des FrÃ¨res Montgolfier,44.91932,4.90126,17,2,2
202100035086,138Â 983,B01,1,1,1,0,2,0,-1,-1, -1,-1,2021,41.0,1,1,0,2,1,7,1,,3,DE PRESSENSE FRANCIS,0,,2,4,0,1,0,1,1,, -1,1,0,1,50,11,6,1,93,93066,2,1,0,3,Rue Francis de PressensÃ©,48.920112,2.362761,13,2,2
202100034295,140Â 438,B01,1,1,1,0,2,8,-1,-1, -1,-1,2021,36.0,0,1,0,2,8,26,0,,4,JEAN MOULIN (BOULEVARD),0,,2,5,0,1,0,0,1,, -1,1,0,1,50,14,6,1,13,13210,2,1,0,3,JEAN MOULIN (BOULEVARD),43.28425,5.39863,17,2,2
202100034248,140Â 527,B01,1,1,1,9,8,0,-1,-1, -1,-1,2021,36.0,1,1,0,2,8,25,3,,3,,-1,,2,2,-1,1,36,715,2,, -1,1,5,1,70,15,6,1,64,64129,2,6,0,6,RUE DES ENTREPRENEURSS,43.30072,-0.40964,9,2,2
202100026941,153Â 556,A01,1,1,1,5,2,-1,-1,0,0,-1,2021,30.0,2,1,0,2,1,1,5,,3,991,0,B,2,2,0,2,2,630,4,, -1,1,0,1,80,6,3,1,73,73085,1,1,0,2,D991 B,45.791826,5.862837,11,2,2
202100016912,171Â 390,A01,1,1,1,4,8,0,-1,-1, -1,-1,2021,27.0,1,1,0,2,8,1,3,,4,,0,,2,2,3,1,(1),(1),1,, -1,1,0,6,30,24,9,1,45,45234,2,2,0,3,Rue Jeanne dâArc,47.90141,1.90539,16,4,2
202100040459,129Â 287,B01,2,2,2,5,1,0,-1,-1, -1,-1,2021,22.0,1,2,1,2,3,15,1,,3,GRAND RUE,0,,2,2,0,2,0,50,1,, -1,1,0,1,50,7,5,1,86,86088,2,1,0,3,Grand Rue,46.538433,0.288622,18,3,2
202100021555,163Â 109,B01,2,2,2,4,1,-1,-1,-1, -1,-1,2021,69.0,2,5,0,2,4,2,1,,1,ROCADE A 630,0,,3,6,0,1,32,725,1,, -1,1,0,1,90,1,9,1,33,33039,1,1,0,2,ROCADE A 630,44.78844,-0.54111,10,3,2
202100018703,168Â 210,A01,1,1,1,1,1,0,-1,-1, -1,-1,2021,25.0,1,5,0,2,1,2,1,,1,A86 INT,0,,3,4,0,1,62,500,1,, -1,1,3,1,110,16,9,1,78,78640,1,1,0,2,A86 INT,48.78077,2.17828,9,4,2
202100027717,152Â 170,B01,1,1,1,0,2,6,-1,-1, -1,-1,2021,18.0,2,1,0,2,1,1,1,,4,FLANDRES (RUE DE),0,,2,2,0,1,0,0,1,, -1,1,0,1,30,20,7,1,67,67482,2,3,0,3,FLANDRES (RUE DE),48.58177,7.77468,13,2,2
202100037795,134Â 104,B01,1,1,2,5,1,-1,-1,-1, -1,-1,2021,49.0,1,2,8,2,7,23,1,,4,TROUIN (QUAI DUGUAY),0,,1,2,2,1,(1),(1),1,, -1,1,0,1,50,28,5,1,35,35238,2,1,0,3,TROUIN (QUAI DUGUAY),48.1097909515,-1.6840506238,14,3,2
202100034841,139Â 432,A01,1,1,1,5,2,6,-1,0,0,-1,2021,27.0,2,1,5,0,1,1,1,,3,25,-1,,2,2,0,2,5,620,2,, -1,1,0,1,80,12,6,1,39,39441,1,1,0,6,,46.480509,6.029327,16,1,1
202100043239,124Â 370,B01,1,1,1,5,2,-1,-1,0,0,-1,2021,15.0,2,1,0,2,1,15,1,,3,64,0,D,2,2,0,2,21,450,2,, -1,1,0,1,80,21,4,1,63,63271,1,3,0,3,Lieu dit GUESLES,45.916938,3.555096,17,2,2
202100023601,159Â 449,A01,10,3,2,5,0,-1,-1,2,3,1,2021,14.0,1,2,0,2,3,1,1,,4,CALMETTE (RUE),0,,2,2,0,1,1,0,1,, -1,1,0,1,50,17,8,1,14,14437,2,1,0,6,Rue Calmette,49.18028,-0.31689,16,2,1
202100034292,140Â 443,A01,1,1,1,4,8,0,-1,-1, -1,-1,2021,32.0,0,4,15,0,1,1,1,,4,GAFFAREL (RUE),0,,3,4,0,2,0,0,1,, -1,1,0,1,50,15,6,1,13,13215,2,1,0,7,GAFFAREL (RUE),43.3493327973,5.3595001001,10,1,1
202100041950,126Â 636,A01,1,1,1,0,8,0,-1,-1, -1,-1,2021,25.0,-1,1,0,2,1,1,1,,3,JEAN JAURES (AVENUE),0,,3,2,1,1,0,1,1,, -1,1,9,5,50,30,4,1,93,93047,2,1,0,3,JEAN JAURES (AVENUE),48.89859,2.55005,18,2,2
202100015940,173Â 172,B01,1,1,1,9,1,0,-1,0,0,-1,2021,54.0,2,2,0,2,4,23,1,,4,BOULEVARD SAINT GERMAIN,0,,1,3,3,1,(1),(1),1,, -1,1,0,1,50,30,9,1,75,75106,2,3,0,2,BOULEVARD SAINT GERMAIN,48.854192,2.331617,11,2,2
202100042673,125Â 355,A01,1,1,2,0,1,0,-1,-1, -1,-1,2021,54.0,2,2,3,0,1,21,1,,2,NATIONALE 6 (CES POMPIDOU),0,,3,4,0,1,5,0,3,, -1,1,0,8,90,24,4,1,91,91421,1,1,0,7,NATIONALE 6 (CES POMPIDOU),48.69252,2.45005,13,1,1
202100041234,127Â 895,C01,1,1,1,5,1,-1,-1,-1,0,-1,2021,21.0,1,2,0,2,9,9,1,,2,RN 104,0,,3,5,0,1,4,400,1,, -1,2,0,1,90,6,5,1,95,95042,1,1,1,5,RN 104,49.05673,2.2929,16,3,3
202100046377,118Â 872,A01,1,1,1,1,2,6,-1,0,0,-1,2021,34.0,2,1,0,2,1,1,1,,4,RUE D ALESIA,0,,1,0,1,1,(1),(1),1,, -1,1,8,1,50,26,3,1,75,75114,2,2,0,6,RUE D ALESIA,48.82783,2.330499,11,2,2
202100036827,135Â 874,A01,1,1,2,5,1,8,-1,0,0,-1,2021,52.0,1,2,0,2,2,2,1,,4,PORTE D AUTEUIL,0,,1,4,0,1,12,300,1,, -1,1,0,1,70,2,6,1,75,75116,2,1,0,3,PORTE D AUTEUIL,48.853942,2.253986,15,2,2
202100015828,173Â 381,A01,1,1,1,0,1,-1,-1,0,0,-1,2021,75.0,2,2,2,0,1,2,0,,3,114,0,,2,2,0,1,(1),(1),1,, -1,1,0,3,50,1,10,1,971,97117,2,1,0,6,D114,16.325676,-61.353756,15,1,1
202100022163,162Â 027,A01,10,3,1,0,0,-1,-1,2,5,1,2021,34.0,3,2,0,1,1,1,1,,3,266,0,,2,2,0,1,(1),(1),1,, -1,1,0,1,30,28,8,1,50,50401,2,1,0,6,21 Route de Saint Marcouf,49.473382,-1.78271,7,2,1
202100042953,124Â 893,B01,1,1,1,9,2,6,9,0,0,-1,2021,37.0,1,1,0,2,1,1,1,,3,57,-1,,2,2,0,1,23,436,1,, -1,1,5,1,80,24,4,1,76,76146,1,3,0,3,Route de Rocquemont,49.587916,1.345954,11,2,2
202100042628,125Â 428,A01,2,2,2,4,1,-1,-1,0,0,-1,2021,57.0,1,4,4,0,1,1,1,,1,75,0,A,3,4,0,1,291,787,1,, -1,1,0,1,130,26,4,1,34,34079,1,1,0,6,A75,43.63472,3.447355,8,2,1
202100040266,129Â 630,A01,1,1,1,5,2,6,9,0,0,-1,2021,64.0,1,1,0,6,1,1,1,,3,12,0,,2,2,0,1,2,995,3,, -1,1,0,1,80,12,5,1,6,6068,1,1,0,7,D12,43.733135,6.958058,17,1,1
202100048767,114Â 597,B01,1,1,1,0,2,6,-1,-1, -1,-1,2021,53.0,2,1,0,2,7,1,1,,1,AUTOROUTE A3,0,,3,6,0,1,6,599,1,, -1,1,0,1,90,9,3,1,93,93053,1,1,0,3,AUTOROUTE A3,48.89519,2.47119,9,2,2
202100027944,151Â 754,A01,1,1,1,0,2,8,-1,-1, -1,-1,2021,20.0,1,1,0,2,1,26,1,,4,LIEUTAUD (COURS),0,,2,3,0,1,0,0,1,, -1,1,0,1,30,19,7,5,13,13206,2,1,0,3,LIEUTAUD (COURS),43.29249,5.38263,22,3,2
202100028610,150Â 575,A01,10,3,2,9,0,-1,-1,2,1,1,2021,43.0,1,1,0,1,1,1,1,,4,STE CATHERINE                       (R ),0,,1,1,2,1,(1),(1),1,, -1,2,0,1,50,15,7,1,69,69381,2,1,1,6,SAINTE-CATHERINE (R),45.76815,4.83281,16,2,1
202100005046,192Â 766,A01,2,2,2,0,8,-1,-1,-1, -1,-1,2021,15.0,0,1,0,2,6,0,0,,4,SEELZE. RUE DE,0,,2,2,0,1,0,0,1,, -1,1,0,1,50,2,12,5,76,76319,2,1,0,3,SEELZE. RUE DE,49.34882,0.99726,17,3,2
202100040346,129Â 488,A01,1,1,1,0,1,-1,-1,-1, -1,-1,2021,32.0,2,2,0,2,1,1,1,,4,RUE LAFITTE,0,,2,2,0,1,(1),(1),1,, -1,2,0,1,50,4,5,5,33,33522,2,2,1,3,Rue Lafitte,44.79693,-0.58564,23,2,2
202100045320,120Â 724,B01,1,1,1,5,2,-1,-1,0,0,-1,2021,52.0,0,1,0,2,7,1,1,,2,113,-1,,3,2,3,1,0,238,1,, -1,1,5,1,80,4,4,1,34,34145,1,3,0,3,Avenue du Vidourle,43.691739,4.162391,17,2,2
202100039158,131Â 631,A01,10,3,2,5,0,-1,-1,1,3,1,2021,3.0,1,5,0,1,2,26,1,,4,FERRAGUS (RUE)  7/8 =>,0,,2,0,3,1,0,0,1,, -1,1,0,1,10,20,5,1,93,93001,2,1,0,6,7 Rue Ferragus,48.914126,2.380417,13,2,1
202100023662,159Â 332,B01,1,1,2,5,0,-1,-1,0,0,-1,2021,70.0,3,1,0,2,1,1,3,,4,11,-1,C,2,2,0,1,(1),(1),1,, -1,2,0,1,50,7,8,1,88,88344,2,1,1,2,Rue du Jus,48.366097,5.604975,17,2,2
202100052200,108Â 404,A01,1,1,1,5,1,0,-1,-1, -1,-1,2021,38.0,1,2,0,2,4,2,1,,1,AUTOROUTE A1,0,,3,3,0,1,186,600,1,, -1,2,0,1,110,2,2,1,62,62274,1,1,0,5,AUTOROUTE A1,50.432204,2.979226,15,3,3
202100001855,198Â 482,B01,1,1,2,0,1,-1,-1,-1, -1,-1,2021,48.0,1,2,0,2,4,2,1,,7,HEYRIEUX (D')                       (RO),0,,2,2,2,1,6,900,1,, -1,1,0,1,50,21,12,1,69,69290,2,1,0,2,HEYRIEUX (D') (RTE),45.68235,4.9546,14,3,2
202100044761,121Â 704,C01,1,1,2,3,1,1,-1,0,0,-1,2021,59.0,1,5,0,2,3,1,1,,2,RT1,-1,,2,2,0,1,69,142,2,, -1,2,2,1,90,9,4,1,988,98802,1,1,1,5,Pont de la Ouenghi RT1,-21.90296,166.115518,15,8,3
202100041588,127Â 266,B01,1,1,1,5,2,6,9,0,0,-1,2021,33.0,1,1,0,2,1,1,1,,3,42,0,D,2,2,0,1,3,231,1,, -1,1,0,1,70,4,5,1,82,82108,1,1,0,3,912 Route de Montech,44.080063,1.233945,17,2,2
202100022376,161Â 652,A01,1,1,1,1,1,-1,-1,0,0,-1,2021,48.0,0,2,0,2,8,2,1,,3,933,-1,,-1,2,0,1,0,819,1,, -1,1,0,1,-1,25,8,1,78,78310,2,2,0,3,Rue du Moulin des Arts,48.799613,1.593774,8,2,2
202100020956,164Â 205,B01,1,1,1,5,2,6,-1,0,0,-1,2021,60.0,1,1,0,0,1,1,1,,3,48,-1,,2,2,0,2,10,0,3,, -1,1,0,1,80,5,9,1,68,68298,1,1,0,1,D48,48.197318,7.125835,16,2,2
202100008114,187Â 226,A01,2,2,1,0,1,0,-1,-1, -1,-1,2021,19.0,2,2,3,0,9,2,1,,1,AUTOROUTE A1,0,,3,2,0,1,207,600,1,, -1,2,0,1,90,14,11,3,59,59507,1,1,1,6,AUTOROUTE A1,50.608297,3.094481,7,2,1
202100005456,192Â 038,B01,2,2,2,5,1,-1,-1,0,0,-1,2021,70.0,1,2,0,2,1,1,1,,3,511,0,,2,1,0,2,38,400,1,, -1,2,0,1,90,1,12,1,14,14737,1,3,1,1,D511,48.92015,-0.185424,16,3,2
202100015780,173Â 463,B01,1,1,1,1,2,6,-1,-1, -1,-1,2021,51.0,2,1,0,2,8,0,1,,3,909,0,,2,2,0,1,0,0,1,, -1,1,0,1,50,1,10,1,92,92025,2,4,0,3,STALINGRAD (AV DE),48.9334,2.264665,13,3,2
202100000613,200Â 609,B01,1,1,2,1,1,-1,-1,0,0,-1,2021,44.0,3,2,0,2,3,1,1,,3,107,-1,,2,2,0,1,(1),(1),4,, -1,1,0,1,70,9,11,1,202,202042,1,1,0,1,Route de la Marana,42.564476,9.522429,8,2,2
202100049707,112Â 893,B01,1,1,1,5,1,-1,-1,0,0,-1,2021,19.0,0,2,0,2,8,15,1,,3,17,0,,2,2,0,1,23,660,1,, -1,1,5,1,80,1,3,3,38,38287,1,3,0,3,D17,45.427032,5.477006,19,2,2
202100013496,177Â 609,A01,2,2,1,4,1,0,-1,-1, -1,-1,2021,40.0,3,2,3,0,2,15,1,,3,VOLTAIRE(QUAI),0,,2,2,0,1,1,558,2,, -1,2,0,4,50,12,10,5,77,77152,2,4,0,6,D376,48.53079,2.63983,21,4,1
202100019920,166Â 026,B01,1,1,1,1,2,8,-1,-1, -1,-1,2021,28.0,1,1,0,2,2,17,1,,3,FORT DE LA BRICHE,0,,2,3,0,1,0,1,1,, -1,1,0,1,50,9,9,1,93,93066,2,1,0,3,Rue du Fort de la Briche,48.94235,2.34171,8,2,2
202100030569,147Â 113,B01,1,1,1,9,8,0,-1,-1, -1,-1,2021,51.0,3,1,0,2,7,2,5,,4,BD DE THIBAUD,0,,2,2,0,1,(1),(1),1,, -1,1,0,1,50,5,7,1,31,31555,2,6,0,3,BD DE THIBAUD,43.55431,1.40494,8,2,2
202100044629,121Â 949,A01,2,2,1,0,1,-1,-1,0,0,-1,2021,22.0,1,2,2,0,1,1,1,,3,23,0, -,2,2,0,4,1,700,1,, -1,1,0,3,80,9,4,1,50,50604,1,1,0,1,La Lague,49.546379,-1.84595,20,2,1
202100054523,104Â 316,A01,10,3,1,2,0,-1,-1,3,4,1,2021,14.0,1,1,0,1,1,1,1,,4,,0,,2,2,0,1,(1),(1),1,, -1,1,0,1,50,20,1,1,42,42005,2,1,1,6,Rue Lamartine,45.527998,4.264557,12,2,1
202100038429,132Â 952,C01,1,1,2,5,1,-1,-1,0,0,-1,2021,29.0,2,2,0,2,5,2,1,,1,A7,-1,,3,5,0,1,92,650,1,, -1,1,0,1,130,25,5,1,26,26166,1,1,0,4,AUTOROUTE DU SOLEIL,44.754795,4.7927,10,4,3