Num_Acc,id_vehicule,num_veh,place,catu,sexe,trajet,secu1,secu2,secu3,locp,actp,etatp,year_acc,victim_age,senc,catv,obs,obsm,choc,manv,motor,occutc,catr,voie,v1,v2,circ,nbv,vosp,prof,pr,pr1,plan,lartpc,larrout,surf,infra,situ,vma,jour,mois,lum,dep,com,agg_,int,atm,col,adr,lat,long,hour,nb_victim,nb_vehicules
202100023353,159Â 871,B01,2,2,2,5,1,-1,-1,0,0,-1,2021,35.0,0,2,0,2,1,1,1,,3,3,-1,,2,2,0,1,14,900,3,, -1,1,0,1,70,21,8,1,6,6089,1,1,0,1,Route de Cannes,43.65474,7.003715,14,3,2
202100024441,157Â 993,A01,1,1,1,5,0,-1,-1,0,0,-1,2021,50.0,2,2,2,0,1,26,1,,3,2152,0,D,2,2,0,1,8,460,1,, -1,1,9,3,50,13,8,1,41,41136,2,1,0,6,"rd2152, rue nationale",47.697516,1.501281,18,1,1
202100039186,131Â 582,A01,10,3,1,0,0,-1,-1,3,3,1,2021,84.0,2,4,0,1,1,9,1,,3,678,0,D,2,2,0,1,33,800,2,, -1,2,9,1,50,21,5,1,71,71263,2,6,1,6,Rond-Point de la 1re ArmÃ©e FranÃ§aise (Pelouse),46.628085,5.221337,16,2,1
202100015641,173Â 714,A01,1,1,1,1,2,6,-1,0,0,-1,2021,44.0,2,1,0,2,6,13,1,,4,AVENUE DU GENERAL LECLERC,0,,2,4,0,1,(1),(1),1,, -1,2,0,1,50,1,10,5,75,75114,2,3,1,3,AVENUE DU GENERAL LECLERC,48.830794,2.329406,21,2,2
202100006921,189Â 397,B01,1,1,2,0,1,0,-1,-1, -1,-1,2021,21.0,1,2,14,0,3,21,1,,7,RD 137,0,,3,4,0,1,56,0,1,, -1,2,0,1,110,21,11,1,35,35278,1,1,1,2,RD 137,48.17606,-1.71777,14,2,2
202100030249,147Â 696,A01,10,3,1,0,0,-1,-1,1,2,1,2021,7.0,1,2,0,1,1,15,1,,4,,0,,1,1,0,1,0,0,2,, -1,1,0,1,30,7,7,1,92,92050,2,1,0,6,ORVES D'ESTIENNE ALLEE D',48.8964625796,2.2110682726,16,2,1
202100001428,199Â 228,C01,2,2,1,0,1,0,-1,-1, -1,-1,2021,31.0,2,2,0,2,4,0,1,,1,A55-Sens Martigues vers Marseille,0,,1,3,0,1,4,0,3,, -1,2,0,1,90,25,12,1,13,13215,1,1,0,5,A55-Sens Martigues vers Marseille,43.33183,5.35447,12,5,4
202100048386,115Â 269,A01,10,3,2,2,0,-1,-1,3,3,1,2021,21.0,3,2,0,1,1,1,1,,4,PREFECTURE (QUAI DE LA),0,,2,2,0,1,(1),(1),1,, -1,2,0,1,50,10,3,1,79,79191,2,1,1,6,Quai de la PrÃ©fecture,46.32529,-0.46571,17,2,1
202100031849,144Â 825,B01,1,1,2,1,2,-1,-1,-1, -1,-1,2021,27.0,1,1,0,2,5,0,5,,4,TOLSTOI    (Cours),0,,1,1,1,1,(1),(1),1,, -1,2,0,5,50,28,6,1,69,69266,2,3,1,3,TOLSTOI (CR),45.7625326961,4.8785197735,8,2,2
202100034523,140Â 021,B01,1,1,1,1,2,-1,-1,0,0,-1,2021,29.0,2,1,0,2,1,1,0,,3,21,0,D,2,2,0,2,2,5,1,, -1,1,0,1,80,15,6,1,74,74127,1,1,0,1,D21,46.35534,6.53635,18,2,2
202100036976,135Â 605,A01,1,1,2,5,1,-1,-1,-1, -1,-1,2021,28.0,2,2,0,2,3,1,1,,4,GRANGE BLAZET,0,,3,1,0,1,(1),(1),1,, -1,1,0,1,50,1,6,1,69,69264,2,1,0,2,GRANGE BLAZET,45.98332,4.71978,17,2,2
202100040759,128Â 755,A01,10,3,2,5,0,-1,-1,5,1,2,2021,33.0,1,2,0,1,2,26,1,,4,CALANQUES (AVENUE DES),0,,2,2,0,1,(1),(1),1,, -1,1,0,4,30,8,5,1,13,13028,2,1,0,6,CALANQUES (AVENUE DES),43.1685501509,5.6050222382,17,4,1
202100035042,139Â 057,A01,1,1,1,5,1,0,-1,-1, -1,-1,2021,75.0,0,2,0,2,3,13,2,,3,MONTGOLFIERS (AVENENUE DES FRERES),0,,2,1,0,1,57,200,1,, -1,1,0,1,50,10,6,1,7,7316,2,1,0,1,MONTGOLFIERS (AVENENUE DES FRERES),44.89802,4.85185,13,3,2
202100055202,103Â 144,A01,1,1,1,5,1,-1,-1,0,0,-1,2021,39.0,2,2,0,2,8,15,1,,4,AVENUE DE SAINT OUEN,0,,2,4,1,1,(1),(1),1,, -1,2,-1,5,50,13,1,1,75,75117,2,5,0,3,AVENUE DE SAINT OUEN,48.893003,2.327425,12,4,2
202100020417,165Â 145,A01,1,1,1,5,1,-1,-1,0,0,-1,2021,51.0,2,2,0,2,1,1,1,,3,13.8,2,,2,2,0,2,0,100,1,, -1,1,4,1,50,31,8,1,68,68217,2,8,0,1,9 Rue de la Gare,47.861143,7.050551,9,2,2
202100052465,107Â 935,B01,1,1,2,0,8,0,-1,0,0,-1,2021,14.0,0,1,0,2,0,19,3,,4,R DE LA GALAISE,0,,2,2,0,1,1,0,1,, -1,1,0,1,50,5,2,1,94,94073,2,1,0,1,GALAISE (R DE LA),48.76407,2.38399,13,2,2
202100030408,147Â 413,A01,1,1,1,9,2,6,-1,0,0,-1,2021,31.0,3,1,0,2,1,9,1,,4,RUE DES ARDENNES,0,,1,1,0,1,(1),(1),1,, -1,1,0,1,50,6,7,1,75,75119,2,3,0,3,RUE DES ARDENNES,48.888797,2.385935,15,2,2
202100002673,196Â 999,A01,9,2,2,5,1,-1,-1,0,0,-1,2021,60.0,1,2,0,2,3,0,1,,2,1,0,N,2,2,0,4,7,300,3,,7,2,0,1,80,17,12,1,971,97109,1,1,1,1,"route nationale 1, dos d'ane",15.995681,-61.679065,8,6,2
202100023017,160Â 486,A01,1,1,1,0,8,0,-1,-1, -1,-1,2021,39.0,1,2,0,0,2,1,1,,3,SECTION TOMBEAU,0,,-1,2,0,1,(1),(1),2,, -1,1,0,8,50,1,8,1,971,97113,1,1,0,7,SECTION TOMBEAU,16.22128,-61.47848,15,1,1
202100003777,195Â 012,A01,10,3,2,5,0,-1,-1,2,3,1,2021,73.0,3,2,0,1,2,15,3,,4,,-1,,2,2,0,1,(1),(1),1,,6,1,0,1,30,10,12,5,29,29241,2,1,0,6,Rue Auguste Richard,47.959759,-3.829253,17,2,1
202100048080,115Â 806,A01,2,2,1,5,8,-1,-1,0,0,-1,2021,45.0,2,2,13,0,0,1,1,,1,660,-1,A,-1,5,0,1,16,297,1,, -1,1,0,3,130,15,3,1,33,33527,1,1,0,6,,44.611918,-1.029711,9,2,1
202100022366,161Â 668,B01,2,2,2,5,2,-1,-1,0,0,-1,2021,56.0,2,1,0,0,8,1,1,,1,63,-1,A,3,5,0,2,181,0,1,, -1,1,0,1,110,28,8,1,64,64038,1,1,0,3,pk 181.000 -- A.63,43.454447,-1.527732,19,3,2
202100021935,162Â 416,B01,1,1,1,0,2,0,-1,-1, -1,-1,2021,73.0,1,1,0,2,1,1,5,,3,PIMONT (BOULEVAR LOUIS),0,,1,1,0,1,0,1,1,, -1,1,0,1,50,29,8,1,24,24037,2,9,0,3,PIMONT (BOULEVAR LOUIS),44.84355,0.4845,16,2,2
202100003249,195Â 953,B01,3,2,1,0,1,0,-1,-1, -1,-1,2021,3.0,2,2,0,2,0,0,1,,2,ROCADE,0,,3,4,0,1,11,300,1,, -1,2,0,1,90,12,12,3,35,35281,1,1,1,2,ROCADE,48.08611,-1.7,18,4,2
202100008252,186Â 962,A01,2,2,1,9,2,0,-1,0,0,-1,2021,18.0,1,1,0,2,1,17,1,,4,RUE SOUFFLOT,0,,2,2,0,2,(1),(1),1,, -1,1,0,1,30,12,11,5,75,75105,2,1,0,3,RUE SOUFFLOT,48.847198,2.34149,22,5,2
202100015576,173Â 841,B01,1,1,1,0,2,8,-1,-1, -1,-1,2021,23.0,2,1,0,2,1,1,0,,7,LESDIGUIERES (RUE)      36 A FIN,0,,2,4,1,1,0,0,1,, -1,1,0,1,50,1,10,5,38,38185,2,2,0,1,LESDIGUIERES (RUE)      36 A FIN,45.18617,5.72465,1,2,2
202100026485,154Â 356,B01,1,1,1,0,1,0,-1,-1, -1,-1,2021,20.0,1,2,0,2,7,1,1,,4,MARECHAL DE LATTRE DE TASSIGNY (RUE DU),0,,2,4,0,1,(1),(1),1,, -1,1,5,1,50,30,7,5,10,10387,2,2,0,3,MARECHAL DE LATTRE DE TASSIGNY (RUE DU),48.30309,4.10004,0,2,2
202100028033,151Â 606,A01,1,1,1,5,2,6,-1,0,0,-1,2021,17.0,3,1,13,0,1,1,1,,4,,0,,2,1,0,1,0,0,2,,3,1,0,3,80,20,7,3,53,53175,1,1,0,7,La Picouillere,48.015266,-0.677794,3,1,1
202100008839,185Â 943,A01,2,2,2,9,1,0,-1,0,0,-1,2021,31.0,1,2,0,2,1,1,1,,4,BOULEVARD SAINT GERMAIN,0,,1,3,0,1,(1),(1),1,, -1,1,0,1,30,7,11,5,75,75106,2,2,0,3,BOULEVARD SAINT GERMAIN,48.854472,2.330462,1,7,2
202100028731,150Â 370,A01,1,1,1,5,2,6,9,0,0,-1,2021,18.0,1,1,0,2,3,13,1,,3,751,0,,2,2,0,2,42,700,3,, -1,1,0,1,80,16,7,1,49,49223,1,1,0,3,D751,47.391232,-0.558565,16,2,2
202100055124,103Â 279,A01,1,1,1,2,1,-1,-1,0,0,-1,2021,53.0,2,2,0,2,1,1,1,,3,67,-1,,2,2,0,1,28,940,1,, -1,2,0,1,50,14,1,1,70,70026,2,1,1,1,Avenue Jean-jaurÃ¨s,47.463328,5.583388,11,5,2
202100029001,149Â 892,A01,10,3,2,5,0,-1,-1,4,3,1,2021,77.0,1,2,0,1,1,1,1,,3,HOUDAN (RUE),0,,2,2,0,1,0,0,1,, -1,2,0,1,30,13,7,1,92,92071,2,2,1,6,HOUDAN (RUE),48.7790804544,2.2801485658,19,3,1
202100012197,179Â 913,A01,5,2,2,5,1,8,-1,-1, -1,-1,2021,6.0,1,2,0,2,1,2,1,,4,BLUM ( BD LEON ),0,,2,2,0,1,(1),(1),1,, -1,1,0,1,30,18,10,2,56,56121,2,1,0,4,BLUM ( BD LEON ),47.74758,-3.37582,19,5,4
202100008798,186Â 023,A01,10,3,2,2,0,-1,-1,3,3,1,2021,16.0,1,1,0,1,1,1,1,,4,,-1,,1,2,0,1,(1),(1),1,,5,1,0,1,50,9,11,1,53,53147,2,1,0,6,place des halles,48.303272,-0.620851,12,2,1
202100042627,125Â 430,B01,1,1,1,5,2,6,9,0,0,-1,2021,64.0,3,1,0,2,0,0,1,,4,,-1,,2,2,0,2,(1),(1),2,, -1,1,5,1,50,24,4,1,974,97414,2,9,0,3,Bel Air,-21.292733,55.408956,16,2,2
202100047285,117Â 242,A01,1,1,1,0,2,9,-1,0,0,-1,2021,71.0,1,1,0,0,9,1,2,,3,174,0,,2,2,0,2,11,600,2,, -1,1,0,1,80,21,3,1,32,32033,1,1,0,7,Antin,43.674949,0.30957,16,1,1
202100045285,120Â 777,A01,10,3,1,5,0,-1,-1,3,3,1,2021,75.0,1,2,0,1,1,1,1,,3,217,0,,3,4,0,1,0,1,1,, -1,1,0,1,50,4,4,1,47,47049,2,1,0,6,45 Allee des Promenades,44.443225,0.621656,18,3,1
202100005105,192Â 649,B01,1,1,1,1,2,6,-1,0,0,-1,2021,19.0,2,1,0,2,1,1,1,,4,BOULEVARD DE COURCELLES,0,,2,6,0,1,(1),(1),1,, -1,2,0,1,30,1,12,5,75,75108,2,2,1,3,BOULEVARD DE COURCELLES,48.879547,2.305004,21,2,2
202100021692,162Â 861,A01,1,1,1,5,2,6,9,0,0,-1,2021,28.0,3,1,16,0,1,1,1,,3,45,-1,,2,2,0,4,8,220,4,, -1,1,0,3,70,31,8,1,76,76419,1,1,0,7,D45,49.396438,0.881251,19,1,1
202100012529,179Â 317,A01,10,3,1,3,0,-1,-1,2,3,2,2021,33.0,2,2,0,1,2,16,1,,7,,0,,2,2,0,1,9,500,1,,3,1,0,1,50,18,10,5,69,69088,2,3,0,6,JEAN BAPTISTE SIMON (Q),45.831049,4.851161,19,2,1
202100024001,158Â 738,A01,10,3,1,3,0,-1,-1,3,3,1,2021,30.0,3,2,0,1,2,19,1,,3,KENNEDY (AVENUE),0,,3,4,0,1,1,841,1,, -1,1,4,1,80,14,8,1,76,76476,1,8,0,6,KENNEDY (AVENUE),49.4823642033,0.5546164513,16,2,1
202100002619,197Â 101,B01,1,1,2,5,8,0,-1,0,0,-1,2021,18.0,2,1,0,2,8,1,3,,4,LAENNEC (BD RENE),0,,2,2,2,1,(1),(1),1,, -1,1,0,5,50,15,12,1,35,35238,2,2,0,3,LAENNEC (BD RENE),48.109854,-1.665677,16,2,2
202100037702,134Â 274,A01,1,1,2,5,1,-1,-1,0,0,-1,2021,34.0,2,2,0,2,1,15,1,,3,468,0,,2,2,0,1,41,550,1,, -1,1,0,1,80,29,5,1,68,68246,1,1,0,1,D468,47.989058,7.535849,10,3,2
202100017649,170Â 073,B01,4,2,1,0,1,0,-1,-1, -1,-1,2021,19.0,0,2,8,2,5,1,1,,4,ARTS (AVENUE),0,,2,2,0,1,0,0,1,, -1,1,5,1,50,20,9,5,30,30189,2,2,0,3,ARTS (AVENUE),43.82304,4.33576,1,5,2
202100004248,194Â 160,A01,1,1,1,0,1,0,-1,0,0,-1,2021,43.0,1,2,8,0,1,16,1,,4,CYFFLE (RUE),0,,2,3,0,1,(1),(1),1,, -1,1,0,1,50,5,12,5,54,54395,2,2,0,6,CYFFLE (RUE),48.68656,6.18069,6,1,1
202100007096,189Â 081,A01,10,3,1,5,0,-1,-1,3,3,1,2021,75.0,1,2,0,1,1,1,1,,3,RD8,0,,2,2,0,1,5,(1),1,, -1,1,0,8,50,20,11,1,57,57474,2,6,0,6,rue des ponts,49.25934,6.158797,8,2,1
202100041715,127Â 045,A01,1,1,1,1,1,-1,-1,0,0,-1,2021,42.0,1,2,6,0,1,1,1,,3,512,-1,,2,2,0,1,18,940,1,, -1,1,1,3,50,3,5,1,14,14726,2,1,0,6,D512,48.841005,-0.802876,13,1,1
202100021430,163Â 346,A01,10,3,1,0,8,8,-1,3,3,1,2021,67.0,1,2,0,1,1,15,1,,4,BRIAND (AVENUE ARISTIDE),0,,1,2,0,1,(1),0,2,, -1,1,0,1,30,1,9,1,83,83069,2,1,0,6,BRIAND (AVENUE ARISTIDE),43.1206473745,6.1311943351,15,2,1
202100042427,125Â 782,A01,1,1,1,0,2,8,-1,-1, -1,-1,2021,17.0,3,1,0,2,4,26,1,,4,PARIS (RUE DE),0,,2,2,0,1,0,0,1,, -1,1,9,1,30,25,4,1,974,97411,2,1,0,2,Rue de Paris,-20.88192,55.44971,12,2,2
202100035473,138Â 303,A01,1,1,2,0,1,8,-1,-1, -1,-1,2021,55.0,1,2,1,2,1,13,1,,4,LYON (RTE DE),0,,2,2,0,1,0,0,1,, -1,1,0,3,50,7,6,1,67,67218,2,3,0,3,LYON (RTE DE),48.53121,7.71406,15,2,2
202100024994,156Â 978,A01,3,2,1,0,1,0,-1,-1, -1,-1,2021,9.0,1,2,0,2,1,19,1,,1,Echangeur Autoroute A25 Pte d'Attas,0,,1,2,0,2,3,0,1,, -1,1,0,1,50,7,8,1,59,59350,2,2,0,3,ARRAS RUE D,50.61663,3.06312,9,7,2
202100023613,159Â 418,B01,1,1,1,4,2,0,-1,0,0,-1,2021,37.0,1,1,0,2,1,1,5,,4,AVENUE DE NEW YORK,0,,2,4,3,1,(1),(1),1,, -1,1,0,6,50,17,8,1,75,75116,2,1,0,3,AVENUE DE NEW YORK,48.858469,2.288644,14,2,2
202100013195,178Â 153,B01,1,1,1,0,1,0,-1,-1, -1,-1,2021,24.0,1,2,0,2,1,1,1,,1,AUTOROUTE A5A,0,,1,3,0,1,6,300,1,, -1,1,0,1,110,14,10,1,77,77384,1,1,0,5,AUTOROUTE A5A,48.60112,2.60208,17,3,3
202100018306,168Â 900,B01,1,1,2,1,2,8,-1,-1, -1,-1,2021,52.0,1,1,0,2,3,19,1,,4,,0,,2,1,0,1,0,0,3,, -1,1,0,1,50,17,9,1,91,91161,2,1,0,3,AV DE CARLET,48.704486,2.310008,13,2,2
202100020622,164Â 766,B01,1,1,1,5,0,-1,-1,0,0,-1,2021,87.0,2,1,0,0,4,13,5,,3,803,0,,2,3,0,1,41,700,1,, -1,1,5,1,50,7,9,1,46,46273,2,1,0,2,Avenue Charles de Gaulle,44.869002,1.875124,9,2,2
202100046576,118Â 516,A01,1,1,1,5,1,0,-1,-1, -1,-1,2021,55.0,3,2,2,0,1,26,6,,4,PALUD (CHEMIN),0,,2,2,0,1,0,0,1,, -1,1,0,1,50,21,3,2,84,84087,1,9,0,1,PALUD (CHEMIN),44.12012,4.84546,19,1,1
202100011514,181Â 139,C01,1,1,1,9,2,6,-1,-1, -1,-1,2021,23.0,2,1,4,2,9,1,0,,2,RN12,0,,1,6,0,1,19,899,1,, -1,1,0,1,110,22,10,3,78,78117,1,1,0,5,RN12,48.78812,2.14036,21,7,3
202100032479,143Â 717,A01,1,1,1,5,2,8,-1,-1, -1,-1,2021,27.0,2,1,0,2,1,2,1,,4,FERRY ( PL. JULES ),0,,2,2,0,1,(1),(1),1,, -1,1,0,1,30,23,6,1,56,56121,2,1,0,2,FERRY ( PL. JULES ),47.74666,-3.36559,19,2,2
202100038753,132Â 344,B01,1,1,2,0,1,0,-1,-1, -1,-1,2021,53.0,1,2,0,2,1,23,1,,3,NATIONALE (ROUTE),0,,2,2,1,3,(1),(1),1,, -1,1,0,1,50,14,4,1,41,41212,2,1,0,4,NATIONALE (ROUTE),47.572,1.35718,9,3,3
202100003399,195Â 684,A01,1,1,1,5,1,0,-1,-1, -1,-1,2021,24.0,1,2,0,2,2,17,1,,2,RTE NATIONALE 6,0,,3,4,0,1,0,0,1,, -1,1,0,1,50,11,12,5,91,91114,2,1,0,4,RTE NATIONALE 6,48.681507,2.492414,3,6,3
202100051109,110Â 318,B01,1,1,1,5,2,-1,-1,0,0,-1,2021,68.0,2,1,0,2,4,2,5,,3,172,-1,,2,2,0,1,7,200,1,, -1,1,0,1,80,18,2,1,10,10115,1,1,0,2,Rd 172,48.318655,4.129052,9,2,2
202100054648,104Â 110,B01,1,1,2,3,1,-1,-1,0,0,-1,2021,47.0,1,2,0,2,1,1,1,,3,81,0,D,2,2,0,1,(1),(1),3,, -1,1,0,1,70,19,1,2,202,202205,1,1,0,1,RD 81,42.694754,9.334323,17,2,2
202100002076,198Â 086,A01,1,1,1,5,0,-1,-1,0,0,-1,2021,28.0,1,2,13,0,0,1,1,,3,42,0,,2,2,0,1,8,720,2,, -1,1,0,3,80,21,12,3,1,1245,1,1,0,7,Route de Neuville,46.147057,5.394893,20,1,1
202100053487,106Â 110,A01,10,3,2,9,0,-1,-1,2,1,1,2021,61.0,1,4,0,1,2,1,1,,4,RUE DE PARADIS,0,,1,1,0,1,(1),(1),1,, -1,2,8,1,50,27,1,1,75,75110,2,1,0,6,RUE DE PARADIS,48.875706,2.348723,12,2,1
202100046966,117Â 829,A01,1,1,1,1,2,6,-1,-1, -1,-1,2021,45.0,1,1,14,0,1,14,1,,4,ARNOUX AVENUE MAURICE NÂ°1 A 77,0,,1,2,1,1,0,1,1,, -1,1,0,1,50,23,3,1,92,92049,2,1,0,6,ARNOUX AVENUE MAURICE NÂ°1 A 77,48.8208329483,2.3137242031,18,1,1
202100004859,193Â 106,A01,1,1,1,1,8,-1,-1,0,0,-1,2021,43.0,1,2,0,0,9,0,1,,3,525,0,D,2,2,0,1,13,920,1,, -1,2,0,8,70,4,12,3,38,38268,1,1,1,7,D525,45.415835,6.089301,6,1,1
202100025076,156Â 832,A01,1,1,1,5,0,-1,-1,0,0,-1,2021,28.0,0,1,0,0,8,15,1,,4,,0,,2,2,0,2,(1),(1),3,,4,1,0,3,50,15,7,5,13,13016,1,1,0,7,Chemin des Gorguettes,43.402206,5.593709,3,1,1
202100006206,190Â 717,B01,1,1,1,0,2,0,-1,-1, -1,-1,2021,38.0,3,1,0,2,7,17,1,,4,passamanty-Sada ( rue de ),0,,2,2,0,1,0,0,1,, -1,1,0,1,50,25,11,1,976,97611,2,1,0,2,passamanty-Sada ( rue de ),-12.79903,45.21568,12,3,2
202100016649,171Â 872,A01,10,3,2,0,0,-1,-1,2,1,2,2021,3.0,1,2,0,1,2,1,1,,4,POTTIER (RUE EUGENE),0,,2,2,0,1,(1),(1),1,, -1,1,0,1,50,26,9,1,35,35281,2,1,0,6,POTTIER (RUE EUGENE),48.06731,-1.71898,12,2,1
202100036215,136Â 955,A01,10,3,2,0,0,-1,-1,3,3,1,2021,31.0,1,2,0,1,3,15,1,,9,LORION (RUE LUC),0,,3,2,0,1,0,0,1,, -1,1,5,1,50,5,6,1,974,97416,2,9,0,3,LORION (RUE LUC),-21.334,55.4712,7,2,1
202100027427,152Â 693,A01,1,1,1,5,2,6,9,0,0,-1,2021,48.0,2,1,0,0,3,9,1,,3,957,0,D,3,2,0,1,48,500,3,, -1,8,0,4,80,23,7,1,41,41078,1,6,0,6,D957,47.898848,0.932593,17,2,1
202100009661,184Â 439,A01,10,3,2,1,0,-1,-1,1,1,1,2021,37.0,0,2,0,1,2,1,1,,3,42,-1,E,2,2,0,1,0,680,1,, -1,1,0,1,50,2,11,1,61,61464,2,1,0,6,Avenue du 8 Mai 1945,48.598948,0.170996,8,2,1
202100015630,173Â 733,A01,10,3,2,5,0,-1,-1,1,3,1,2021,39.0,2,1,0,1,9,13,0,,7,GAUDE AVENUE DE LA,0,,2,2,0,2,(1),(1),4,, -1,1,0,1,50,1,10,1,6,6027,1,1,0,6,GAUDE AVENUE DE LA,43.66694,7.152678,12,2,1
202100015297,174Â 369,C01,1,1,1,5,1,5,-1,-1, -1,-1,2021,24.0,2,2,0,2,6,1,1,,7,Autoroute A.35,0,,3,3,0,1,306,200,1,, -1,2,0,1,90,27,9,3,67,67218,2,1,1,4,M35,48.54971,7.73112,22,3,3
202100006929,189Â 380,A01,1,1,1,0,8,0,-1,-1, -1,-1,2021,45.0,1,2,1,0,0,0,0,,7,PLOMBIERES (BOULEVARD DES),0,,3,4,0,1,0,0,1,, -1,1,0,1,50,21,11,5,13,13214,2,1,0,2,PLOMBIERES (BOULEVARD DES),43.31551,5.38645,4,2,2
202100051621,109Â 422,A01,2,2,1,5,1,-1,-1,0,0,-1,2021,27.0,2,2,8,0,1,1,1,,3,D43,-1,,2,2,0,1,22,832,1,, -1,1,0,3,80,13,2,1,36,36096,1,1,0,6,Champ Rocher,46.742677,1.129859,16,3,1
202100023660,159Â 335,A01,1,1,1,0,0,-1,-1,0,0,-1,2021,69.0,2,1,0,0,0,1,5,,3,,-1,,2,2,0,1,(1),(1),1,,4,1,0,1,50,18,8,1,67,67067,2,1,0,7,41 Rue de la Division Leclerc,48.738453,7.70088,17,1,1
202100019944,165Â 982,A01,1,1,1,0,1,-1,-1,0,0,-1,2021,69.0,1,2,0,2,3,1,1,,3,817,-1,,2,2,0,1,59,700,1,, -1,1,0,1,50,9,9,1,64,64396,2,2,0,1,RD 817,43.444873,-0.673422,9,2,2
202100034522,140Â 023,A01,7,2,2,5,8,-1,-1,0,0,-1,2021,51.0,2,2,0,2,2,1,1,,2,7,-1,,2,2,0,4,56,1000,1,, -1,1,5,1,70,13,6,1,3,3235,1,2,0,3,RN7,46.256807,3.521081,17,4,2
202100026398,154Â 508,B01,2,2,2,5,1,-1,-1,0,0,-1,2021,33.0,2,2,0,2,1,1,1,,3,20,-1,,2,2,0,1,12,863,3,, -1,1,0,1,80,30,7,1,1,1202,1,1,0,1,D20 PK 12+920,45.856752,5.302899,15,3,2
202100025575,155Â 959,B01,1,1,1,0,1,8,-1,-1, -1,-1,2021,66.0,1,2,0,2,3,1,1,,4,RUE DE LA SOMME,0,,3,2,0,1,0,0,1,, -1,1,9,1,50,26,7,1,988,98818,2,3,0,3,RUE DE LA SOMME,-22.27345,166.44189,7,2,2
202100008940,185Â 736,B01,1,1,1,0,1,-1,-1,-1, -1,-1,2021,42.0,1,2,0,2,4,2,1,,4,PROVENCE (DE)                       (R ),0,,2,4,0,1,(1),(1),1,, -1,1,0,1,50,7,11,5,69,69290,2,3,0,2,PROVENCE (DE) (R),45.69413,4.9235,19,2,2
202100052882,107Â 190,A01,1,1,1,4,2,8,-1,-1, -1,-1,2021,19.0,1,1,14,0,1,1,3,,4,RUE DE LA VALLEE ,0,,1,1,0,1,(1),(1),1,, -1,2,0,1,50,30,1,3,41,41295,2,1,1,7,RUE DE LA VALLEE ,47.573,1.37742,18,1,1
202100051622,109Â 421,A01,1,1,1,5,2,6,-1,0,0,-1,2021,35.0,2,1,0,2,2,2,1,,2,141,0,N,2,2,0,1,22,35,1,0,7,1,0,1,70,14,2,1,16,16192,1,2,0,3,Lieu-dit la Grande PiÃ¨ce,45.879134,0.565791,12,5,2
202100011818,180Â 597,A01,1,1,2,2,8,0,-1,-1, -1,-1,2021,19.0,2,1,1,0,1,1,5,,4,CHATEAU (AVENUE FRANCOIS),0,,3,2,3,1,(1),(1),1,, -1,2,0,3,30,21,10,1,35,35238,2,1,0,6,CHATEAU (AVENUE FRANCOIS),48.11109,-1.64914,16,1,1
202100020300,165Â 350,B01,1,1,1,5,1,-1,-1,0,0,-1,2021,23.0,1,2,0,2,1,1,1,,3,RD 70 (route dÃ©partementale),0,,2,2,0,1,1,300,1,, -1,1,0,1,80,7,9,1,29,29039,1,1,0,4,Menez Kernao.,47.9103888181,-3.904043197,15,5,3
202100043869,123Â 254,B01,1,1,1,5,8,0,-1,-1, -1,-1,2021,12.0,2,1,0,2,4,1,5,,4,MAIGNON (ROUTE DE),0,,2,3,1,4,0,0,1,, -1,1,0,5,50,14,4,1,64,64024,2,3,0,3,MAIGNON (ROUTE DE),43.478964,-1.50491,19,2,2
202100051088,110Â 359,B01,1,1,2,1,8,0,-1,-1, -1,-1,2021,26.0,2,2,0,0,4,1,0,,2,PARIS (R DE),0,,3,4,0,1,1,0,1,, -1,2,0,1,50,18,2,5,94,94078,2,1,1,2,PARIS (R DE),48.755,2.444,20,2,2
202100005885,191Â 270,B01,2,1,1,0,2,0,-1,-1, -1,-1,2021,42.0,0,1,0,2,1,1,1,,4,CORBEIL (ROUTE DE),0,,2,2,0,1,0,0,1,, -1,2,0,1,50,26,11,5,91,91286,2,2,1,1,CORBEIL (ROUTE DE),48.654614,2.388667,19,2,2
202100006378,190Â 393,A01,1,1,1,1,1,4,-1,-1, -1,-1,2021,28.0,1,2,5,0,3,1,1,,1,A86 EXT,0,,-1,2,0,1,36,599,3,, -1,1,0,8,70,25,11,3,94,94046,1,1,0,6,A86 EXT,48.81312,2.449,4,1,1
202100032278,144Â 065,A01,10,3,2,0,0,-1,-1,5,9,2,2021,86.0,0,2,0,1,4,26,1,,4,CARNOT SADI (PLACE),0,,-1,0,0,1,(1),(1),1,, -1,2,0,8,50,22,6,1,42,42218,2,1,1,6,Place Sadi Carnot,45.4483941586,4.3853892331,12,2,1
202100014094,176Â 508,A01,1,1,1,5,2,6,-1,-1, -1,-1,2021,20.0,1,1,0,2,1,2,1,,1,AUTOROUTE A86,0,,1,2,0,1,51,680,1,, -1,1,1,1,70,9,10,1,94,94034,1,1,0,2,AUTOROUTE A86,48.7581,2.3267,17,3,2
202100022277,161Â 816,B01,1,1,1,0,2,8,-1,-1, -1,-1,2021,47.0,1,1,0,2,1,16,1,,4,LEROY (BOULEVARD),0,,2,3,0,1,1,0,1,, -1,1,0,1,50,27,8,1,14,14118,2,2,0,1,LEROY ,49.17178,-0.34853,14,2,2
202100041815,126Â 866,A01,1,1,1,5,8,0,-1,0,0,-1,2021,28.0,3,1,0,2,1,5,5,,4,CARREFOUR DE PATTE D OIE,0,,-1,1,0,1,(1),(1),2,, -1,1,6,1,20,1,5,1,75,75112,2,6,0,1,CARREFOUR DE PATTE D OIE,48.82231,2.44224,17,2,2