Num_Acc,id_vehicule,num_veh,place,catu,sexe,trajet,secu1,secu2,secu3,locp,actp,etatp,year_acc,victim_age,senc,catv,obs,obsm,choc,manv,motor,occutc,catr,voie,v1,v2,circ,nbv,vosp,prof,pr,pr1,plan,lartpc,larrout,surf,infra,situ,vma,jour,mois,lum,dep,com,agg_,int,atm,col,adr,lat,long,hour,nb_victim,nb_vehicules
202100044580,122Â 031,A01,1,1,2,0,8,0,-1,-1, -1,-1,2021,54.0,0,2,0,2,1,26,1,,4,REGNY (TRAVERSE),0,,3,2,0,1,1,0,1,, -1,1,0,1,50,9,4,1,13,13209,2,1,0,3,REGNY (TRAVERSE),43.2638025432,5.4189317462,9,2,2
202100029431,149Â 169,A01,1,1,1,5,1,-1,-1,0,0,-1,2021,24.0,3,2,2,0,1,14,1,,4,MENEZ ( CHEMIN DU PARC),0,,2,2,0,2,(1),(1),2,, -1,1,0,3,80,11,7,3,29,29039,1,1,0,6,Chemin de Parc Menez,47.9038549999,-3.9376219017,2,2,1
202100055609,102Â 454,E01,1,1,2,0,1,0,-1,-1, -1,-1,2021,32.0,2,2,0,2,4,1,1,,1,AUTOROUTE A10,0,,2,6,0,1,3,5,1,, -1,1,0,1,110,11,1,3,91,91377,1,1,0,4,AUTOROUTE A10,48.72338,2.29751,7,6,6
202100009618,184Â 511,A01,1,1,1,5,2,6,-1,0,0,-1,2021,30.0,2,1,12,0,1,13,1,,4,AVENUE NIEL,0,,2,2,0,1,(1),(1),1,, -1,2,0,1,30,3,11,5,75,75117,2,5,1,6,AVENUE NIEL,48.881913,2.295897,0,1,1
202100054661,104Â 076,A01,1,1,2,5,1,0,-1,-1,0,-1,2021,47.0,2,2,0,2,3,13,1,,1,15,0,,3,10,0,1,9,699,3,, -1,1,0,1,110,15,1,3,95,95582,1,1,0,2,A15,48.97364,2.2462,20,2,2
202100037625,134Â 405,A01,1,1,1,5,1,0,-1,-1, -1,-1,2021,21.0,2,2,4,2,2,14,1,,2,AV DE BOISSY,0,,3,4,0,1,1,0,1,, -1,1,0,1,90,29,5,1,94,94011,2,1,0,6,Avenue de Boissy,48.761215158,2.4966752529,18,2,1
202100003183,196Â 079,A01,10,3,2,5,0,-1,-1,4,3,1,2021,81.0,2,2,0,1,2,1,3,,3,505,-1,,2,2,0,1,(1),(1),1,, -1,1,0,1,50,14,12,5,68,68315,2,2,0,6,Rue des Archers,47.888841,7.227193,18,2,1
202100014067,176Â 552,A01,2,2,1,5,1,-1,-1,0,0,-1,2021,29.0,1,2,13,0,1,1,1,,2,1,-1,,2,2,0,1,102,910,2,, -1,1,0,3,110,10,10,3,988,98813,1,1,0,6,RT1 - ForÃªt noire,-21.79185,165.85762,0,3,1
202100042515,125Â 626,A01,10,3,1,0,8,8,-1,5,1,2,2021,4.0,-1,3,0,1,7,9,2,1.0,3,REPUBLIQUE (AVE DE LA ) => NO 41/50,0,,2,2,0,1,0,1,1,, -1,1,9,3,50,26,4,1,93,93001,2,1,0,6,REPUBLIQUE (AVE DE LA ) => NO 41/50,48.91433,2.38156,16,3,1
202100000355,201Â 081,A01,1,1,1,5,2,6,-1,-1, -1,-1,2021,24.0,1,1,0,0,8,1,1,,9,JEAN MOULIN (RUE),0,,2,2,0,1,0,0,1,, -1,1,0,1,50,11,11,5,77,77131,2,1,0,7,JEAN MOULIN (RUE),48.8084628681,3.0777722016,19,1,1
202100046213,119Â 162,A01,2,2,1,1,8,0,-1,-1, -1,-1,2021,23.0,1,2,6,0,2,1,1,,4,RUE VICTOR HUGO,0,,2,2,0,3,0,100,1,, -1,1,0,1,50,28,3,5,91,91201,2,3,0,6,RUE VICTOR HUGO,48.6825,2.4177,5,2,1
202100024245,158Â 331,B01,1,1,2,9,2,8,-1,-1, -1,-1,2021,57.0,2,1,0,2,2,12,1,,3,Route DÃ©partementale 910,0,,2,1,0,1,51,99,2,, -1,1,5,1,50,13,8,1,86,86194,2,9,0,3,Route DÃ©partementale 910,46.613639,0.348378,14,2,2
202100043770,123Â 449,B01,2,2,2,0,1,0,-1,0,0,-1,2021,31.0,2,2,0,2,4,23,1,,7,GAMBETTA (RUE),0,,2,0,0,2,16,350,1,, -1,1,0,1,50,16,4,1,42,42183,2,1,0,2,Rue Gambetta,45.40516,4.37579,17,3,2
202100024131,158Â 525,A01,1,1,2,1,1,5,-1,-1, -1,-1,2021,24.0,2,2,14,0,9,21,1,,3,ANDUZE (VIEILLE ROUTE D'),0,,2,2,0,1,1,500,1,, -1,1,0,1,50,14,8,1,30,30007,1,1,0,7,ANDUZE (VIEILLE ROUTE D'),44.09716,4.06857,18,1,1
202100020276,165Â 393,A01,1,1,2,4,1,8,-1,-1, -1,-1,2021,54.0,2,2,0,2,8,9,1,,3,CROIZAT ( AVE AMBROISE ),0,,3,4,0,1,101,100,1,, -1,1,5,1,30,6,9,1,56,56098,2,6,0,3,LANN-SEVELIN (ROND POINT DE),47.77748,-3.34463,11,2,2
202100037072,135Â 435,A01,1,1,2,5,1,5,-1,-1, -1,-1,2021,37.0,3,2,0,2,1,2,1,,3,RAOUL DUFY (AVENUE),0,,1,1,0,1,0,0,1,, -1,1,0,1,30,1,6,1,93,93005,2,1,0,2,RAOUL DUFY (AVENUE),48.95807,2.50498,14,2,2
202100017315,170Â 701,A01,2,2,2,5,2,6,9,0,0,-1,2021,24.0,2,1,2,2,1,17,1,,3,426,0,D,2,2,0,1,34,450,1,, -1,1,0,1,-1,25,9,1,67,67438,1,1,0,6,D426,48.432418,7.613912,11,4,2
202100016428,172Â 271,A01,1,1,1,0,2,0,-1,-1, -1,-1,2021,59.0,2,1,0,2,1,3,1,,1,A12 W,0,,3,3,0,1,0,600,1,, -1,1,0,1,90,28,9,1,78,78043,1,1,0,3,A12 W,48.84021,2.09562,7,2,2
202100038795,132Â 267,A01,1,1,2,0,1,5,-1,-1, -1,-1,2021,24.0,1,5,0,2,1,15,1,,4,AUGUSTE RENOIR (RUE),0,,2,2,0,1,0,0,2,, -1,2,0,1,50,22,5,1,93,93005,2,1,0,1,Rue Auguste Renoir,48.95434,2.4927,19,3,2
202100015525,173Â 935,A01,1,1,1,3,8,-1,-1,0,0,-1,2021,48.0,1,5,0,1,3,7,1,,4,,0,,2,2,3,1,(1),(1),2,, -1,1,0,6,50,1,10,1,69,69266,2,1,0,6,TOLSTOI (CR),45.7605070858,4.8861694336,7,2,1
202100039020,131Â 896,A01,1,1,2,5,2,-1,-1,0,0,-1,2021,46.0,2,6,2,0,1,1,1,,3,568,-1,,2,2,0,1,5,900,1,, -1,2,0,3,90,21,5,1,3,3289,1,1,1,7,dÃ©partementale 568,46.362922,3.524272,18,1,1
202100032883,142Â 987,B01,1,1,1,0,1,-1,-1,-1, -1,-1,2021,39.0,1,2,0,2,3,1,1,,4,AVE DES PYRENEES,0,,2,2,1,1,(1),(1),1,, -1,2,-1,1,50,22,6,1,33,33550,2,9,1,5,Avenue des PyrÃ©nÃ©es,44.763838,-0.560486,10,3,3
202100004707,193Â 366,A01,10,3,2,0,0,-1,-1,9,3,1,2021,8.0,2,2,0,1,8,1,1,,4,RUE MISTRAL,0,,1,1,0,1,0,0,1,, -1,1,8,1,50,3,12,2,91,91589,2,1,0,6,RUE MISTRAL,48.685017,2.355167,8,2,1
202100022364,161Â 671,B01,1,1,2,5,1,-1,-1,0,0,-1,2021,60.0,2,2,0,2,2,1,2,,3,Rd1,-1,,2,2,0,1,5,200,1,, -1,1,0,1,50,28,8,1,973,97309,2,1,0,5,Route de Montjoly,4.92447,-52.284708,12,3,3
202100054784,103Â 871,A01,1,1,1,5,8,0,-1,0,0,-1,2021,18.0,2,1,12,0,1,1,5,,4,QUAI ANDRE CITROEN,0,,1,2,1,1,(1),(1),1,, -1,2,-1,5,50,16,1,5,75,75115,2,1,1,6,QUAI ANDRE CITROEN,48.845293,2.276037,17,1,1
202100035957,137Â 410,A01,1,1,1,0,2,6,-1,-1, -1,-1,2021,31.0,1,1,0,2,8,9,1,,3,STALINGRAD (BD DE),0,,1,2,0,1,0,1,1,, -1,1,0,1,50,7,6,5,94,94022,2,1,0,3,STALINGRAD (BD DE),48.76714,2.40383,22,2,2
202100008352,186Â 798,A01,10,3,1,5,0,-1,-1,3,3,1,2021,89.0,2,2,0,1,2,1,1,,4,MOULIN JEAN (AV),0,,2,2,0,1,(1),(1),1,, -1,2,0,1,50,10,11,1,34,34032,2,1,1,6,MOULIN JEAN (AV),43.35088,3.22939,15,2,1
202100027844,151Â 946,B01,1,1,1,5,0,-1,-1,0,0,-1,2021,23.0,3,1,0,2,1,1,1,,2,7,0,,-1,2,0,1,(1),(1),1,, -1,1,0,1,70,21,7,1,978,97801,2,1,0,2,rn 7 - bellevue,18.05711,-63.08547,17,2,2
202100038123,133Â 520,C01,1,1,2,0,0,-1,-1,0,0,-1,2021,28.0,1,2,0,2,8,22,1,,1,A47,0,,3,4,0,1,6,500,1,, -1,1,0,2,90,26,5,1,69,69091,1,1,0,2,A47,45.5760791387,4.7205244948,18,2,2
202100037516,134Â 607,A01,2,2,2,0,0,-1,-1,0,0,-1,2021,31.0,1,2,0,0,0,1,1,,2,131,0,,2,2,0,1,4,0,1,, -1,1,0,3,60,28,5,3,987,98758,1,1,0,7,PK 4 Apooiti,-16.742983,-151.45779,19,2,1
202100047928,116Â 065,A01,2,2,1,5,1,0,-1,0,0,-1,2021,72.0,1,2,0,2,6,10,1,,7,BOURGOGNE (AVENUE DE),0,,2,4,0,1,(1),(1),1,, -1,1,0,1,70,14,3,1,54,54547,1,1,0,2,BOURGOGNE (AVENUE DE),48.64599,6.13948,14,3,2
202100048207,115Â 586,B01,1,1,1,0,2,6,-1,-1, -1,-1,2021,47.0,1,1,0,2,8,18,1,,1,A55-Sens Marseille vers Martigues,0,,1,2,0,1,2,799,1,, -1,1,2,1,70,9,3,1,13,13202,1,1,0,3,A55-Sens Marseille vers Martigues,43.32334,5.3635,16,2,2
202100016732,171Â 713,A01,1,1,1,4,1,-1,-1,0,0,-1,2021,24.0,1,5,0,2,1,2,1,,1,10,0,A,3,4,0,2,353,200,3,"4,5","14,5",9,0,2,130,27,9,3,79,79276,1,1,0,5,Autoroute A10,46.392959,-0.19054,5,6,6
202100023161,160Â 216,A01,1,1,1,5,0,-1,-1,0,0,-1,2021,33.0,1,1,0,0,1,0,5,,3,33,0,,2,2,0,2,25,744,1,,6,1,0,4,50,22,8,5,79,79195,2,1,0,7,58 Avenue Saint-Hubert,46.944683,-0.593058,2,1,1
202100030704,146Â 875,B01,1,1,1,5,1,1,-1,0,0,-1,2021,51.0,1,2,0,2,6,1,1,,4,IEKAWE (RUE JACQUES),0,,2,2,0,1,0,0,1,, -1,1,0,1,50,3,7,5,988,98818,2,3,0,2,RUE JACQUES IEKAWE/RUE MAX MEYER,-22.22285,166.48128,1,2,2
202100044337,122Â 416,A01,1,1,1,4,1,-1,-1,0,0,-1,2021,31.0,1,5,0,2,2,0,1,,1,A29,0,A,3,4,0,1,44,200,1,, -1,1,0,1,130,12,4,1,76,76439,1,1,0,2,Autoroute A29.,49.590497,0.449798,9,2,2
202100015046,174Â 816,B01,1,1,1,1,1,5,-1,0,0,-1,2021,56.0,2,5,0,2,3,1,1,,3,MICHAUD (RUE VICTOR),0,,2,2,0,1,1,215,1,, -1,1,8,1,50,2,10,5,47,47323,2,2,0,3,MICHAUD (RUE VICTOR),44.41579,0.7295,7,2,2
202100031787,144Â 939,B01,3,2,2,5,1,5,-1,0,0,-1,2021,9.0,0,2,0,2,3,1,1,,3,285,0,N,1,2,0,1,4,755,1,, -1,1,0,1,50,20,6,5,6,6085,2,2,0,3,Route du Cannet,43.582776,7.009566,0,4,2
202100012357,179Â 630,A01,1,1,1,0,2,6,-1,-1, -1,-1,2021,41.0,2,1,0,0,8,1,1,,1,A14,0,,-1,4,0,1,3,450,2,, -1,2,1,1,70,19,10,1,92,92050,1,1,0,7,A14,48.8999607132,2.2100781197,14,1,1
202100038324,133Â 138,E01,10,3,1,0,8,-1,-1,2,3,1,2021,22.0,1,2,0,1,1,1,1,,7,GRANDE RUE                          (GR),0,,2,2,0,2,2,500,1,, -1,1,0,1,50,25,5,1,69,69149,2,1,0,6,GRANDE RUE                          (GR),45.7197861584,4.7998050113,20,2,1
202100028302,151Â 104,A01,1,1,1,5,8,0,-1,-1, -1,-1,2021,30.0,1,2,0,2,1,13,1,,2,RN 141,0,,2,2,0,1,105,530,1,0,7,1,0,1,70,17,7,1,16,16089,1,1,0,1,,45.68195,-0.29872,8,3,2
202100056411,101Â 067,A01,10,3,1,5,8,8,-1,6,1,1,2021,38.0,1,5,0,1,7,26,1,,3,ROUEN (AVENUE DE),0,,2,4,0,1,7,440,1,, -1,2,0,1,80,1,1,3,27,27554,1,1,1,6,ROUEN (AVENUE DE),49.1206849398,1.4413575092,1,2,1
202100049163,113Â 878,A01,1,1,1,9,1,-1,-1,0,0,-1,2021,69.0,2,2,13,0,3,1,1,,3,749,-1,,2,2,0,1,64,0,1,, -1,1,0,8,80,6,3,1,86,86140,1,1,0,7,D749,46.410434,0.703897,10,1,1
202100050159,112Â 063,A01,1,1,2,2,1,-1,-1,-1, -1,-1,2021,40.0,1,2,0,2,3,13,1,,4,COTEAUX (RUE DES HAUTS) POMPOIS,0,,2,2,0,1,(1),(1),2,, -1,1,0,1,50,25,2,2,79,79300,2,4,0,1,Rue des Hauts Coteaux,47.00975,-0.24873,7,3,2
202100043826,123Â 346,B01,1,1,1,1,2,6,-1,0,0,-1,2021,17.0,2,1,0,2,1,1,1,,3,612,-1,D,2,2,0,1,81,723,4,, -1,1,5,1,30,16,4,1,35,35023,2,6,0,3,rue de Rennes,48.179956,-1.9401,20,2,2
202100049467,113Â 338,B01,1,1,2,0,8,8,-1,0,0,-1,2021,43.0,1,1,0,2,4,23,1,,4,BAIE DES DAMES (ROUTE DE LA),0,,1,1,0,2,1,0,1,, -1,1,3,1,50,1,3,1,988,98818,2,9,0,2,BAIE DES DAMES (ROUTE DE LA),-22.2499,166.45071,7,2,2
202100011269,181Â 594,A01,1,1,1,5,2,6,-1,0,0,-1,2021,16.0,3,1,0,2,3,1,1,,9,,0,,2,2,0,2,(1),(1),3,,3,1,0,1,80,23,10,1,56,56057,1,1,0,3,Kermaguer,48.073083,-3.516341,16,2,2
202100037022,135Â 526,A01,1,1,1,5,1,0,-1,-1, -1,-1,2021,25.0,1,2,3,0,9,13,1,,3,RN 89 Moulin de Feix ,0,,1,1,3,2,4,150,1,, -1,1,3,1,50,31,5,5,19,19101,1,1,0,6,bretelle de sortie D1089,45.249684,1.773239,21,1,1
202100030614,147Â 032,A01,10,3,1,5,0,-1,-1,2,3,2,2021,16.0,1,2,0,1,1,1,1,,4,LA FOURRAGERE (AVENUE),0,,2,2,0,2,0,0,1,, -1,1,0,1,50,2,7,1,13,13212,2,1,0,3,LA FOURRAGERE (AVENUE),43.2987,5.43108,18,2,1
202100037282,135Â 031,A01,1,1,1,9,2,6,-1,0,0,-1,2021,65.0,2,1,0,1,1,17,1,,4,RUE DES PYRENEES,0,,2,3,3,2,(1),(1),1,, -1,1,0,1,50,31,5,1,75,75120,2,3,0,6,RUE DES PYRENEES,48.853988,2.405719,11,2,1
202100053088,106Â 833,B01,1,1,2,0,1,0,-1,-1, -1,-1,2021,39.0,3,2,0,2,8,15,1,,4,CHARLES DE GAULLE (GRAND RUE),0,,-1,2,0,1,1,0,1,, -1,2,0,1,50,30,1,1,94,94052,2,2,0,3,CHARLES DE GAULLE (GRAND RUE),48.83632,2.477842,11,2,2
202100043757,123Â 471,A01,1,1,1,5,1,8,-1,-1, -1,-1,2021,18.0,1,2,13,0,0,1,1,,3,SALANQUE (AVENUE DE),0,,1,1,0,1,19,370,1,, -1,1,0,8,50,14,4,1,66,66136,1,1,0,6,SALANQUE (AVENUE DE),42.72741,2.90329,8,1,1
202100005507,191Â 951,A01,1,1,1,5,1,0,-1,-1, -1,-1,2021,26.0,2,2,0,2,2,2,1,,3,VILLEDIEU LES POELES (ROUTE),0,,2,2,0,1,29,318,1,, -1,2,0,1,80,29,11,5,50,50218,1,1,0,2,VILLEDIEU LES POELES (ROUTE),48.8375,-1.53972,20,3,2
202100029609,148Â 859,A01,2,2,1,5,2,0,-1,-1, -1,-1,2021,19.0,2,1,5,0,1,1,1,,4,PORT (QUAI DU),0,,2,4,3,1,0,0,1,, -1,1,5,1,50,10,7,5,13,13202,2,2,0,1,PORT (QUAI DU),43.29538,5.3646,2,2,1
202100043372,124Â 139,B01,1,1,1,9,8,0,-1,-1, -1,-1,2021,38.0,1,1,0,2,0,0,1,,3,986,0,,2,2,0,1,0,0,1,, -1,1,0,1,50,18,4,2,92,92050,2,3,0,1,REPUBLIQUE AVENUE DE LA,48.9118989213,2.222969234,20,2,2
202100037459,134Â 707,A01,10,3,1,0,0,-1,-1,8,9,1,2021,60.0,1,2,0,1,4,20,1,,9,STALINGRAD (RUE DE) A10,0,,1,1,0,1,0,0,1,, -1,1,9,8,30,30,5,1,93,93008,2,1,0,6,STALINGRAD (RUE DE) A10,48.91835,2.41577,11,2,1
202100002411,197Â 469,A01,1,1,2,0,1,-1,-1,-1, -1,-1,2021,75.0,1,2,0,2,1,15,1,,2,POMMERY (BOULEVARD),0,,2,2,0,1,20,50,1,, -1,1,0,1,50,16,12,4,51,51454,2,7,0,4,Place General Gouraud,49.2441174052,4.0496233106,18,3,3
202100034579,139Â 908,C01,1,1,2,0,8,0,-1,-1, -1,-1,2021,49.0,2,1,0,2,4,1,0,,4,SANGNIER (RUE MARC SANGNIER),0,,2,2,2,1,(1),(1),1,, -1,1,0,5,50,12,6,5,45,45147,2,1,0,4,18 Rue Marc Sangnier,47.92139,1.91301,23,3,3
202100050290,111Â 813,A01,1,1,1,1,1,8,-1,-1, -1,-1,2021,50.0,1,5,1,0,1,14,1,,2,RN 118,0,,3,5,0,1,3,219,1,, -1,1,3,1,70,25,2,3,91,91064,1,1,0,2,RN 118,48.74926,2.21203,6,2,2
202100020633,164Â 744,A01,10,3,1,5,0,-1,-1,1,A,1,2021,38.0,3,2,0,1,2,1,2,,3,73,-1,,2,2,0,1,(1),(1),1,, -1,1,0,1,80,7,9,1,50,50568,1,1,0,6,Route de la Brasardiere,49.003452,-1.426919,18,3,1
202100024819,157Â 293,A01,1,1,2,1,1,-1,-1,0,0,-1,2021,27.0,1,2,0,2,2,11,1,,3,D2,2,B,2,2,0,1,52,200,1,, -1,1,0,1,80,11,8,1,54,54258,1,1,0,3,D2,48.677587,6.563902,14,2,2
202100016710,171Â 751,A01,1,1,2,1,1,-1,-1,0,0,-1,2021,29.0,1,2,13,0,3,1,1,,3,61,0,,2,2,0,1,28,0,1,, -1,2,0,3,70,26,9,1,71,71282,1,1,0,6,route de st sernin D61,46.831455,4.374511,10,1,1
202100055118,103Â 289,A01,10,3,2,1,8,-1,-1,3,3,1,2021,40.0,3,2,0,1,3,15,1,,4,,-1,,1,1,3,1,(1),(1),3,, -1,1,0,1,50,11,1,1,95,95199,2,1,0,6,Rue Censier,49.0323200734,2.3380962734,13,2,1
202100055617,102Â 436,A01,2,2,2,0,8,0,-1,-1, -1,-1,2021,19.0,2,2,0,2,2,21,1,,1,AUTOROUTE A3,0,,3,10,0,1,6,599,1,, -1,2,0,1,70,10,1,3,93,93053,1,1,0,5,AUTOROUTE A3,48.89339,2.47232,0,5,4
202100043011,124Â 788,A01,1,1,2,1,1,0,-1,0,0,-1,2021,47.0,2,5,0,0,7,14,1,,2,RN 70 (ROUTE EXPRESS),0,,3,4,0,1,32,650,1,, -1,1,0,3,110,21,4,1,71,71306,1,1,0,7,RN 70 (ROUTE EXPRESS),46.66818,4.34179,15,1,1
202100040070,129Â 973,A01,10,3,2,3,0,-1,-1,3,3,1,2021,93.0,2,0,0,1,3,16,3,,4,BOULEVARD GOUVION SAINT CYR,0,,1,2,0,1,(1),(1),1,, -1,1,0,1,30,13,5,1,75,75117,2,2,0,6,BOULEVARD GOUVION SAINT CYR,48.883112,2.287419,11,2,1
202100046437,118Â 775,A01,2,2,2,5,1,-1,-1,0,0,-1,2021,24.0,3,2,2,0,2,14,1,,4,,-1,,2,2,0,1,(1),(1),3,, -1,1,0,3,80,27,3,3,39,39046,1,1,0,6,,46.3206,5.898038,21,2,1
202100000655,200Â 541,B01,1,1,1,0,2,8,-1,-1, -1,-1,2021,24.0,2,1,0,9,8,15,1,,3,BADUEL (ROUTE DE),0,,-1,2,0,1,2,400,1,, -1,1,0,1,50,16,12,1,973,97302,2,1,0,3,BADUEL (ROUTE DE),4.93371,-52.31033,8,2,2
202100008978,185Â 666,A01,1,2,1,5,1,0,0,-1, -1,-1,2021,19.0,3,2,0,2,1,1,1,,4,,0,,2,2,0,1,0,0,1,, -1,1,0,1,50,7,11,5,92,92019,2,1,0,6,MONNET CLAUDE (RUE),48.77086,2.28507,18,2,1
202100004906,193Â 022,A01,1,1,1,1,1,0,-1,-1, -1,-1,2021,53.0,2,2,0,2,1,2,1,,2,RN406.Y,0,,-1,2,0,1,4,0,1,, -1,1,0,1,90,4,12,3,94,94044,1,1,0,6,RN406.Y,48.76011,2.46917,7,2,2
202100015887,173Â 272,B01,1,1,2,0,1,-1,-1,-1, -1,-1,2021,71.0,3,2,0,2,8,1,1,,7,JUIN. AVENUE DU MARECHAL,0,,2,4,0,1,0,1,1,, -1,1,-1,1,50,30,9,2,76,76095,2,2,0,3,JUIN. AVENUE DU MARECHAL,49.46208,1.12622,19,2,2
202100044824,121Â 594,A01,1,1,1,0,8,-1,-1,-1, -1,-1,2021,61.0,0,1,0,0,1,2,5,,4,SOLFERINO (BD),0,,2,2,0,1,(1),(1),1,, -1,1,0,1,50,7,4,1,35,35238,2,9,0,7,SOLFERINO (BD),48.10494,-1.6671,8,1,1
202100009504,184Â 724,A01,1,1,1,5,9,-1,-1,0,0,-1,2021,21.0,1,1,0,0,4,2,5,,3,845,-1,,2,2,2,1,8,525,1,, -1,2,0,5,50,4,11,5,62,62502,2,1,1,2,Route de BÃ©thune,50.614515,2.688893,21,2,2
202100040576,129Â 092,B01,1,1,1,5,1,-1,-1,0,0,-1,2021,66.0,2,2,0,2,8,1,1,,3,148,-1,,2,2,0,2,23,900,3,, -1,2,0,1,70,11,5,1,86,86255,1,1,1,3,D148,46.157213,0.335598,7,2,2
202100010042,183Â 745,B01,1,1,1,9,8,0,-1,0,0,-1,2021,20.0,1,1,0,2,1,1,5,,4,BOULEVARD SOULT,0,,1,2,1,1,(1),(1),1,, -1,2,0,5,50,31,10,1,75,75112,2,3,1,3,BOULEVARD SOULT,48.8437,2.410097,14,2,2
202100046911,117Â 921,A01,1,1,1,2,8,0,-1,-1, -1,-1,2021,15.0,3,1,0,2,1,1,5,,4,MENHIR (RUE DU),0,,2,2,0,1,(1),(1),1,, -1,1,0,1,50,22,3,1,44,44184,2,2,0,3,MENHIR (RUE DU),47.27967,-2.2058,7,2,2
202100023290,159Â 987,B01,1,1,1,0,1,-1,-1,-1, -1,-1,2021,61.0,1,5,0,2,4,1,1,,3,RD 1250 (OUSTALET - BONNEVAL),0,,2,2,0,1,40,495,1,, -1,1,0,1,80,20,8,1,33,33529,1,1,0,2,N250,44.618102,-1.12173,9,2,2
202100013991,176Â 693,Z01,10,3,2,0,8,8,-1,3,3,1,2021,70.0,3,2,0,1,0,0,0,,4,SCHNAPPER,0,,2,1,0,2,(1),(1),1,, -1,1,0,1,50,10,10,1,78,78551,2,1,0,6,SCHNAPPER,48.89038,2.08811,10,2,1
202100051742,109Â 208,A01,1,1,1,1,1,-1,-1,0,0,-1,2021,46.0,2,2,2,0,3,1,1,,4,,0,,2,2,0,2,0,200,2,, -1,5,0,3,50,12,2,3,74,74208,1,1,1,6,200 Rte de Maffrey,45.932155,6.701252,19,1,1
202100009189,185Â 283,A01,1,1,1,0,2,0,-1,-1, -1,-1,2021,31.0,2,1,4,0,1,1,1,,1,86,0,,1,6,0,1,11,100,1,, -1,1,0,1,90,6,11,4,92,92078,1,1,0,6,AUTOROUTE A86,48.9305838435,2.324632313,0,1,1
202100051002,110Â 506,B01,2,2,1,5,2,-1,-1,0,0,-1,2021,16.0,3,1,0,2,6,5,1,,4,,-1,,2,2,0,1,(1),(1),1,, -1,1,0,1,50,19,2,1,62,62801,2,1,0,6,8 Rue Raoul Briquet,50.391579,2.742957,15,3,2
202100047563,116Â 748,A01,1,1,1,9,1,-1,-1,0,0,-1,2021,63.0,1,2,0,2,1,1,1,,3,6014,0,,2,2,0,2,29,800,3,, -1,2,0,1,30,18,3,1,27,27246,1,1,1,1,D6014,49.356034,1.359483,13,3,2
202100041330,127Â 729,B01,1,1,2,5,1,8,-1,-1, -1,-1,2021,58.0,2,2,0,2,4,23,1,,3,BLANQUI (QU),0,,3,2,0,1,0,0,1,, -1,1,0,1,50,5,5,1,94,94002,2,1,0,4,BLANQUI (QU),48.80128,2.41665,10,3,3
202100055935,101Â 897,B01,1,1,1,4,1,0,-1,0,0,-1,2021,34.0,2,2,0,2,6,23,1,,4,BOULEVARD PERIPHERIQUE,0,,1,4,0,1,29,500,1,, -1,2,0,1,70,7,1,5,75,75120,2,1,1,2,BOULEVARD PERIPHERIQUE,48.867845,2.413241,19,4,2
202100015428,174Â 131,D01,2,2,1,0,8,-1,-1,0,0,-1,2021,25.0,1,2,0,0,1,1,1,,3,1120,0,A,2,2,0,1,50,150,1,, -1,2,2,1,50,1,10,1,19,19101,2,1,1,4,Avenue de Coulaud,45.247413078,1.7715668678,17,5,4
202100027032,153Â 397,B01,2,2,2,5,1,-1,-1,0,0,-1,2021,18.0,1,2,0,2,7,13,1,,3,934,-1,,2,2,0,2,7,700,2,, -1,1,0,1,80,26,7,1,80,80685,1,1,0,1,D934,49.71344,2.790742,20,5,2
202100046070,119Â 401,A01,1,1,1,5,2,6,-1,-1, -1,-1,2021,24.0,0,1,0,2,8,17,1,,3,CD NUMERO 471,0,,2,2,0,1,9,509,1,, -1,1,0,1,80,29,3,1,77,77350,1,1,0,3,CD NUMERO 471,48.76796,2.70733,15,2,2
202100020233,165Â 469,A01,10,3,1,5,0,-1,-1,3,3,1,2021,79.0,2,2,0,1,2,1,1,,3,BD ARISTIDE BRIAND,0,,2,2,0,1,171,0,1,, -1,1,0,1,50,7,9,1,91,91589,2,1,0,6,BD ARISTIDE BRIAND,48.687095,2.353918,9,2,1
202100046311,118Â 997,B01,1,1,1,5,2,-1,-1,0,0,-1,2021,49.0,1,1,0,2,7,3,1,,7,486,-1,,2,2,1,1,6,200,1,, -1,1,0,1,50,27,3,1,69,69204,2,3,0,3,MARECHAL FOCH (AV),45.6878417711,4.7868265856,13,3,2
202100027544,152Â 495,B01,1,1,1,9,8,-1,-1,-1, -1,-1,2021,20.0,3,1,0,2,1,1,1,,4,RUE VERGNIAUD,0,,1,1,0,1,(1),(1),1,, -1,1,0,1,50,22,7,1,33,33063,2,2,0,1,Rue Vergniaud,44.85099,-0.57973,17,2,2
202100053374,106Â 318,A01,1,1,1,5,0,-1,-1,0,0,-1,2021,43.0,2,2,15,0,3,14,1,,3,D993,0,,2,2,0,2,3,800,3,, -1,2,2,8,80,28,1,1,57,57374,1,1,1,6,D993,48.608785,7.032897,16,1,1
202100053559,105Â 983,A01,1,1,1,0,1,4,-1,-1, -1,-1,2021,64.0,2,2,0,0,2,14,1,,2,,0,,1,2,0,1,7,800,1,, -1,1,9,2,90,25,1,1,972,97213,1,1,0,6,AUTOROUTE A1,14.62896,-60.97819,11,1,1
202100052802,107Â 339,B01,1,1,1,9,2,6,-1,0,0,-1,2021,37.0,1,1,0,2,1,1,1,,4,BOULEVARD NEY,0,,-1,4,0,1,(1),(1),1,, -1,1,0,1,50,1,2,5,75,75118,2,2,0,3,BOULEVARD NEY,48.897798,2.33743,19,2,2