Num_Acc,id_vehicule,num_veh,place,catu,sexe,trajet,secu1,secu2,secu3,locp,actp,etatp,year_acc,victim_age,senc,catv,obs,obsm,choc,manv,motor,occutc,catr,voie,v1,v2,circ,nbv,vosp,prof,pr,pr1,plan,lartpc,larrout,surf,infra,situ,vma,jour,mois,lum,dep,com,agg_,int,atm,col,adr,lat,long,hour,nb_victim,nb_vehicules
202100049620,113Â 048,A01,10,3,2,5,0,-1,-1,3,3,1,2021,58.0,1,2,0,1,0,9,1,,4,ROMAINS (ROUTE DES),0,,2,4,1,1,0,0,1,, -1,1,0,1,50,27,2,2,67,67118,2,1,1,6,ROMAINS (ROUTE DES),48.5827302717,7.69141427,17,2,1
202100035228,138Â 733,A01,10,3,1,0,0,-1,-1,3,3,1,2021,30.0,2,2,0,1,2,1,1,,3,AVENUE DU GENERAL DE GAULLE,0,,2,2,0,1,51,180,1,, -1,1,9,8,50,9,6,1,88,88424,2,1,1,6,AVENUE DU GENERAL DE GAULLE,48.2709995596,6.9727912545,17,2,1
202100050874,110Â 741,B01,1,1,1,0,2,0,-1,-1, -1,-1,2021,53.0,0,1,0,2,7,0,1,,4,DOCTEUR GALLOUEN. RUE DU,0,,1,1,0,1,(1),(1),1,, -1,2,0,1,30,17,2,1,76,76575,2,6,0,3,DOCTEUR GALLOUEN. RUE DU,49.39755,1.08085,10,2,2
202100050255,111Â 888,B01,2,2,2,3,1,-1,-1,0,0,-1,2021,78.0,3,2,0,2,1,19,1,,3,79,-1,,2,2,0,1,11,650,2,, -1,1,0,1,90,25,2,1,49,49180,1,2,0,3,Lieu-dit d'Athee - CD 79,47.394406,-0.101291,13,3,2
202100028044,151Â 584,A01,1,1,1,5,1,-1,-1,0,0,-1,2021,25.0,0,2,0,0,3,0,1,,4,,0,,2,2,0,2,(1),(1),1,,5,2,0,1,50,19,7,5,971,97106,1,1,1,6,Rue de l'Allemand,16.179377,-61.779771,2,1,1
202100006052,190Â 979,A01,10,3,1,5,0,-1,-1,9,2,1,2021,31.0,2,2,0,1,2,9,1,,3,201,0,,2,2,0,1,(1),(1),1,, -1,1,0,1,80,27,11,3,971,97108,1,1,0,6,Section Vital,15.91734,-61.216507,19,2,1
202100000693,200Â 475,A01,10,3,2,0,0,-1,-1,1,9,2,2021,28.0,0,4,0,1,2,1,1,,3,ROUTE NATIONALE 113 - CARREFOUR,0,,3,4,0,1,1,233,1,, -1,1,0,1,90,20,4,1,13,13117,1,1,0,1,ROUTE NATIONALE 113 - CARREFOUR,43.4329,5.25719,12,4,1
202100017172,170Â 940,A01,1,1,1,2,2,6,9,0,0,-1,2021,14.0,1,1,0,2,3,1,1,,3,310,0,,2,2,0,1,5,145,1,, -1,1,0,1,80,2,9,1,35,35239,1,1,0,6,D310,47.942604,-1.308686,11,2,2
202100045988,119Â 555,A01,10,3,2,5,0,-1,-1,3,3,1,2021,62.0,1,2,0,1,3,1,1,,3,BD DE STRASBOURG,0,,2,3,0,2,1,0,1,, -1,1,0,1,50,29,3,1,94,94052,2,1,0,6,STRASBOURG (BD DE),48.845107,2.488953,17,2,1
202100032519,143Â 638,B01,1,1,2,9,2,0,-1,0,0,-1,2021,56.0,1,1,0,2,1,1,5,,4,AVENUE DE LA REPUBLIQUE,0,,2,4,1,2,(1),(1),1,, -1,1,0,5,30,23,6,5,75,75111,2,2,0,3,AVENUE DE LA REPUBLIQUE,48.862965,2.387193,23,2,2
202100045685,120Â 079,A01,1,1,1,1,2,6,-1,0,0,-1,2021,25.0,1,1,0,0,2,1,1,,4,,-1,,2,2,0,1,(1),(1),3,, -1,1,0,1,50,30,3,5,6,6079,2,1,0,7,Boulevard des Roses,43.54727,6.92946,21,1,1
202100047897,116Â 120,A01,2,2,1,5,2,0,-1,-1, -1,-1,2021,18.0,1,1,0,2,1,2,1,,3,MADELEINE (ROUTE DE LA),0,,2,1,0,1,1,800,1,, -1,1,0,1,50,15,3,1,973,97302,2,1,0,2,MADELEINE (ROUTE DE LA),4.92714,-52.32468,16,3,2
202100033234,142Â 363,B01,2,2,1,5,1,-1,-1,0,0,-1,2021,51.0,2,2,0,2,2,1,1,,3,123,-1,,2,2,0,1,7,600,1,, -1,1,0,1,80,20,6,1,10,10173,1,2,0,3,D444,48.20719,4.117926,17,8,2
202100012663,179Â 082,A01,1,1,1,0,8,0,-1,-1, -1,-1,2021,24.0,0,1,0,2,8,26,0,,4,BISKRA (RUE DE),0,,1,2,0,1,0,0,1,, -1,1,0,1,50,17,10,1,13,13214,2,3,0,3,BISKRA (RUE DE),43.3276,5.37516,16,2,2
202100010658,182Â 682,A01,1,1,1,5,8,0,-1,-1, -1,-1,2021,72.0,3,2,0,2,1,2,1,,1,A7-Sens Lyon vers Marseille,0,,-1,3,0,2,272,830,1,, -1,1,0,1,50,27,10,1,13,13106,1,1,0,4,A7-Sens Lyon vers Marseille,43.390791,5.351011,10,4,4
202100029160,149Â 623,Z01,10,3,1,9,0,-1,-1,5,8,1,2021,17.0,3,2,9,1,1,13,2,,4,AVENUE DE LA PORTE DE CHARENTON,0,,2,4,0,1,(1),(1),1,, -1,1,0,4,50,12,7,5,75,75112,2,2,0,6,AVENUE DE LA PORTE DE CHARENTON,48.831705,2.39788,1,2,1
202100035008,139Â 121,A01,1,1,1,0,2,8,-1,-1, -1,-1,2021,24.0,3,1,0,0,1,1,1,,4,PAUL COCAT (AVENUE),0,,2,2,0,1,(1),(1),3,, -1,1,0,1,50,10,6,5,38,38185,2,1,0,7,Avenue Paul Cocat,45.17231,5.74538,23,1,1
202100039268,131Â 414,A01,1,1,1,0,2,-1,-1,0,0,-1,2021,15.0,0,1,0,2,0,5,3,,4,COQUELICOTS (RUE DES),0,,1,1,0,1,(1),(1),3,, -1,1,0,1,50,13,5,1,80,80021,2,1,0,3,COQUELICOTS (RUE DES),49.89348,2.25428,15,2,2
202100007479,188Â 385,A01,1,1,1,1,2,6,9,0,0,-1,2021,21.0,2,1,0,0,8,1,1,,3,6086,-1,D,2,2,0,4,25,900,1,, -1,1,0,3,80,18,11,1,30,30127,1,1,0,7,D6086,44.068741,4.578843,7,1,1
202100043499,123Â 908,A01,1,1,1,5,8,-1,-1,0,0,-1,2021,43.0,0,2,2,0,9,1,1,,3,924,0,,2,2,0,2,52,726,1,, -1,1,0,1,90,20,4,3,61,61222,1,1,0,7,La Milcendiere,48.758618,-0.658171,0,1,1
202100001566,199Â 011,A01,2,2,1,0,1,0,-1,-1, -1,-1,2021,24.0,1,2,4,0,3,0,1,,1,AUTOROUTE A1,0,,3,8,0,1,12,0,1,, -1,3,0,1,110,24,12,3,93,93005,1,1,1,6,AUTOROUTE A1,48.96026,2.46701,21,3,1
202100004346,193Â 988,B01,1,1,2,5,1,-1,-1,0,0,-1,2021,43.0,2,2,0,2,1,1,1,,7,6,-1,,2,2,0,3,23,100,1,, -1,2,2,1,70,8,12,1,13,13040,1,1,1,1,Fuveau,43.478639,5.563819,8,2,2
202100056210,101Â 421,A01,1,1,1,5,0,-1,-1,0,0,-1,2021,62.0,1,2,0,2,1,13,1,,3,674,0,,2,2,0,2,7,765,2,0,7,1,0,1,70,6,1,2,16,16418,1,1,0,1,Rue de Montmoreau,45.588125,0.149989,17,3,2
202100021488,163Â 230,B01,1,1,1,3,8,0,-1,-1, -1,-1,2021,47.0,2,1,0,2,3,1,3,,4,BELLECHASSE (BD DE),0,,2,2,0,1,0,0,1,, -1,1,6,1,30,31,8,1,94,94068,2,2,0,3,BELLECHASSE (BD DE),48.79378,2.49229,19,3,2
202100018419,168Â 703,A01,10,3,2,0,0,-1,-1,4,3,1,2021,55.0,2,2,0,1,2,16,1,,3,CONFLANS (R DE),0,,1,1,0,1,1,0,3,, -1,1,0,1,50,17,9,1,94,94018,2,9,0,6,Rue de Conflans,48.82152,2.41299,16,2,1
202100023537,159Â 568,C01,1,1,1,5,2,6,-1,0,0,-1,2021,27.0,2,1,0,2,1,1,1,,3,909,-1,,2,2,1,2,26,900,1,, -1,1,0,1,70,19,8,1,74,74302,1,1,0,5,D909,45.919169,6.38465,16,6,3
202100002537,197Â 246,B01,2,2,2,5,1,-1,-1,0,0,-1,2021,21.0,2,2,0,2,2,1,1,,3,24,0,,2,2,0,2,3,200,2,, -1,1,1,1,70,17,12,3,69,69094,1,2,0,6,COL DE LA LUERE (DU) (RTE),45.748824,4.663954,21,3,2
202100031570,145Â 323,Z01,10,3,1,9,0,-1,-1,1,3,1,2021,79.0,3,2,0,1,0,4,1,,6,MAGELLAN (AVE DE),0,,-1,-1,0,1,(1),(1),1,, -1,1,0,1,30,28,6,1,33,33318,2,9,0,6,Parking HÃ´pital Haut-LÃ©vÃªque,44.7881,-0.65812,8,2,1
202100003325,195Â 818,A01,1,1,1,1,1,0,-1,-1, -1,-1,2021,31.0,1,2,0,2,2,2,1,,1,A86 INT,0,,-1,3,0,1,46,0,1,, -1,2,0,1,90,12,12,5,94,94073,1,1,1,2,A86 INT,48.7629219425,2.3812007904,17,3,2
202100040227,129Â 693,B01,2,2,1,9,1,0,-1,-1, -1,-1,2021,61.0,2,2,0,2,4,1,2,,2,R DE PARIS,0,,3,2,0,1,1,0,1,, -1,1,0,1,50,12,5,1,94,94078,2,1,0,2,Rue de Paris,48.745175,2.446523,17,3,2
202100013790,177Â 055,A01,1,1,2,0,2,6,-1,0,0,-1,2021,34.0,2,1,3,0,9,2,1,,1,AUTOROUTE A22,0,,1,1,0,1,9,0,3,, -1,1,0,1,90,9,10,3,59,59508,1,1,0,6,AUTOROUTE A22,50.7351423553,3.1286251545,1,1,1
202100047067,117Â 639,B01,1,1,1,5,1,8,-1,-1, -1,-1,2021,43.0,1,2,0,2,6,0,1,,3,GENERAL DE GAULLE (AVENUE) (PAIRS),0,,2,2,0,1,0,0,1,, -1,1,0,1,50,20,3,1,92,92036,2,1,0,5,GENERAL DE GAULLE (AVENUE) (PAIRS),48.9332130353,2.3053371906,19,3,3
202100030746,146Â 802,B01,2,2,2,5,1,-1,-1,-1, -1,-1,2021,76.0,2,2,0,2,4,9,1,,7,CHARLES DE GAULLE                   (AV),0,,3,4,3,1,(1),(1),1,, -1,1,0,1,50,30,6,1,69,69259,2,9,0,4,CHARLES DE GAULLE (AV),45.71303,4.89871,15,5,3
202100014628,175Â 566,A01,1,1,1,5,2,6,-1,0,0,-1,2021,48.0,2,1,0,0,0,3,1,,4,PORTE D AUBERVILLIERS,0,,1,4,0,1,24,500,1,, -1,1,0,1,70,6,10,1,75,75119,2,1,0,7,PORTE D AUBERVILLIERS,48.900327,2.379367,13,1,1
202100009754,184Â 266,B01,1,1,1,0,8,0,-1,-1, -1,-1,2021,35.0,2,1,0,2,1,19,5,,7,MOLSHEIM (RUE DE),0,,1,2,3,1,0,0,1,, -1,1,4,1,50,28,10,1,67,67482,2,8,1,2,MOLSHEIM (RUE DE),48.57497,7.73023,8,2,2
202100040652,128Â 954,A01,1,1,1,5,1,-1,-1,0,0,-1,2021,39.0,1,2,8,0,1,14,1,,3,44,-1,,2,2,0,2,2,0,3,, -1,1,0,3,70,8,5,5,19,19123,1,1,0,6,RD 44,45.1818043437,1.5762799285,22,1,1
202100010906,182Â 235,A01,10,3,1,0,0,-1,-1,2,2,1,2021,11.0,1,2,0,1,1,1,1,,4,JANIN JULES (BD) JUSQU'AUX NÃ¸ 27-32,0,,2,2,0,1,(1),(1),1,, -1,1,0,1,50,28,9,5,42,42218,2,1,0,6,Boulevard Jules Janin,45.4485582255,4.3902667246,20,2,1
202100046546,118Â 579,A01,2,2,1,9,1,0,-1,-1, -1,-1,2021,68.0,1,2,0,2,1,1,1,,3,MIREPOIX ROUTE DE,0,,2,2,0,2,28,564,1,, -1,1,2,1,50,26,3,1,9,9225,2,1,0,2,MIREPOIX ROUTE DE,43.10269,1.63083,9,3,2
202100006785,189Â 659,B01,1,1,1,5,2,-1,-1,0,0,-1,2021,69.0,1,1,0,2,7,1,5,,3,770,-1,,1,2,0,1,72,700,1,, -1,1,5,1,70,23,11,1,29,29181,1,6,0,6,D770,48.478260437,-4.2864918708,11,2,2
202100019030,167Â 622,B01,1,1,1,9,2,0,-1,-1, -1,-1,2021,46.0,1,1,0,2,4,1,1,,3,986,0,,1,2,0,1,0,0,1,, -1,2,0,1,50,14,9,4,92,92064,2,1,1,2,REPUBLIQUE,48.8527002435,2.2126239538,20,2,2
202100028984,149Â 916,A01,10,3,1,9,0,-1,-1,4,3,1,2021,23.0,1,1,0,1,1,1,1,,4,BOULEVARD BEAUMARCHAIS,0,,2,4,3,1,(1),(1),1,, -1,2,0,6,50,13,7,2,75,75111,2,3,0,6,BOULEVARD BEAUMARCHAIS,48.860663,2.367332,21,3,2
202100014440,175Â 888,A01,10,3,2,9,8,8,-1,4,3,2,2021,36.0,1,0,0,0,0,0,0,,4,REPUBLIQUE (AVE DE LA ) => NO 41/50,0,,2,4,3,1,0,0,1,, -1,1,0,1,50,8,10,1,93,93001,2,7,0,6,REPUBLIQUE (AVE DE LA ) => NO 41/50,48.91085113,2.3849902972,8,3,1
202100033923,141Â 125,A01,1,1,2,5,1,-1,-1,0,0,-1,2021,84.0,1,2,2,0,9,1,1,,2,165,0,,3,4,0,1,107,120,1,, -1,1,0,3,110,17,6,1,56,56078,1,1,0,6,N165 sens Nantes/Brest,47.815734,-3.463204,14,1,1
202100018278,168Â 951,A01,2,2,2,5,1,-1,-1,0,0,-1,2021,29.0,1,2,2,0,3,1,1,,3,47,-1,D,2,2,0,1,34,786,1,, -1,2,0,1,70,18,9,1,81,81116,1,1,1,6,Al Deves,43.7000363456,1.8664231897,13,2,1
202100016223,172Â 638,A01,1,1,1,5,2,8,-1,0,0,-1,2021,20.0,1,1,0,2,1,1,1,,4,"SOSPEL (AVENUE DE, NÂ° 1 A 55)",0,,3,2,0,2,(1),(1),1,, -1,1,0,1,50,28,9,5,6,6083,2,3,0,3,"SOSPEL (AVENUE DE, NÂ° 1 A 55)",43.77933,7.49359,21,2,2
202100034268,140Â 486,B01,1,1,1,0,2,0,-1,-1, -1,-1,2021,52.0,3,1,0,2,8,1,5,,4,CAVALIER (RUE DU),0,,2,2,0,1,(1),(1),2,, -1,2,0,1,50,10,6,1,41,41018,2,1,1,3,CAVALIER (RUE DU),47.60221,1.33518,17,2,2
202100003711,195Â 116,A01,1,1,1,4,1,8,-1,-1, -1,-1,2021,56.0,1,5,0,2,1,1,1,,7,PUGETS ROUTE DES,0,,2,2,0,1,(1),(1),1,, -1,1,0,1,50,9,12,1,6,6123,2,1,0,2,PUGETS ROUTE DES,43.69129,7.184022,7,2,2
202100001367,199Â 321,B01,1,1,1,5,1,5,-1,-1, -1,-1,2021,36.0,1,2,9,2,2,1,1,,3,RTE DE CORBEIL,0,,2,2,0,2,0,0,1,, -1,2,0,1,50,25,12,1,91,91345,2,2,1,3,RTE DE CORBEIL,48.68258,2.31101,15,2,2
202100023689,159Â 273,A01,10,3,1,5,8,8,-1,3,3,1,2021,76.0,3,5,0,1,1,1,1,,4,PASTEUR (AVENUE),0,,1,1,0,1,0,1,1,, -1,1,0,1,50,17,8,1,74,74012,2,1,0,6,PASTEUR (AVENUE),46.19362,6.2351,11,2,1
202100005833,191Â 368,A01,1,1,1,5,2,6,-1,0,0,-1,2021,35.0,0,0,0,0,0,0,1,,4,,-1,,2,2,0,1,(1),(1),1,,4,1,0,8,80,26,7,1,33,33284,1,1,0,7,Route de Lagnet,44.621867,-0.875264,19,1,1
202100029947,148Â 273,A01,1,1,1,5,8,0,-1,0,0,-1,2021,17.0,2,0,0,2,1,26,6,,4,REPUBLIQUE ( RUE DE LA ),0,,2,2,0,1,(1),(1),1,, -1,1,0,1,50,8,7,1,971,97107,2,9,0,2,REPUBLIQUE ( RUE DE LA ),16.04744,-61.5635,15,2,2
202100019170,167Â 364,A01,5,2,2,5,1,0,-1,-1, -1,-1,2021,19.0,1,2,6,0,1,1,1,,4,DUBOIS(RUE),0,,1,1,0,1,(1),(1),3,, -1,1,0,4,50,14,9,5,59,59512,2,1,0,6,DUBOIS(RUE),50.69076,3.16947,1,3,1
202100009216,185Â 239,A01,3,2,2,9,1,-1,-1,-1,0,-1,2021,35.0,2,2,1,0,2,1,2,,3,AV DE LA SABERNAUDE,0,,2,2,0,2,0,200,1,, -1,1,0,1,50,5,11,3,95,95582,2,1,0,6,AV DE LA SABERNAUDE,48.9789634133,2.2441189468,22,2,1
202100020111,165Â 677,A01,1,1,1,9,0,0,-1,0,0,-1,2021,18.0,1,1,0,2,1,1,3,,4,RUE DU BAC,0,,2,2,0,1,(1),(1),1,, -1,2,0,1,30,8,9,5,75,75107,2,3,1,2,RUE DU BAC,48.856438,2.326559,21,2,2
202100031032,146Â 270,A01,1,1,2,2,2,6,-1,-1, -1,-1,2021,14.0,2,1,0,2,1,1,1,,3,SAINT LEON (ROND POINT),0,,1,2,0,1,0,0,1,, -1,1,5,1,50,2,7,1,64,64102,2,6,0,2,SAINT LEON (ROND POINT),43.48781,-1.48281,16,2,2
202100025279,156Â 469,A01,1,1,1,0,2,0,-1,0,0,-1,2021,41.0,1,1,0,2,1,1,3,,7,STRASBOURG (AVENUE DE),0,,2,4,3,1,(1),(1),1,, -1,1,0,1,50,6,8,1,54,54395,2,3,0,3,STRASBOURG (AVENUE DE),48.68126,6.19346,13,2,2
202100054033,105Â 161,A01,1,1,1,4,8,0,-1,-1, -1,-1,2021,29.0,3,5,0,9,3,1,-1,,4,BUHLER (RUE ETIENNETTE),0,,3,2,0,2,1,0,1,, -1,2,4,8,50,21,1,1,90,90099,2,1,0,3,BUHLER (RUE ETIENNETTE),47.6665,6.83663,12,2,2
202100030676,146Â 922,A01,1,1,1,5,2,6,-1,-1, -1,-1,2021,57.0,1,1,0,2,1,2,1,,1,AUTOROUTE A10,0,,3,6,0,1,542,200,1,, -1,2,0,1,110,4,7,1,33,33096,1,1,1,2,AUTOROUTE A10,44.890888,-0.502431,12,2,2
202100023271,160Â 021,B01,1,1,1,0,2,0,-1,0,0,-1,2021,40.0,1,0,0,2,1,19,3,,4,JAURES (BD JEAN),0,,1,2,0,1,(1),(1),1,, -1,1,0,1,50,19,8,1,63,63113,2,2,0,3,JAURES (BD JEAN),45.76788,3.08411,17,2,2
202100001298,199Â 445,B01,2,2,2,5,8,6,-1,0,0,-1,2021,46.0,2,1,0,2,1,1,1,,4,PLACE DE LA BASTILLE,0,,2,2,0,1,(1),(1),1,, -1,2,0,1,30,26,12,1,75,75104,2,7,0,3,PLACE DE LA BASTILLE,48.853263,2.368602,15,4,2
202100025826,155Â 527,A01,1,1,1,1,1,-1,-1,0,0,-1,2021,28.0,2,2,0,2,1,13,1,,3,26,0,A,2,2,0,2,1,35,1,, -1,1,0,3,80,4,8,1,77,77322,1,1,0,1,"Chemin Departemental 26A, PK 1+500",49.058528,2.588332,13,2,2
202100024855,157Â 229,B01,1,1,2,9,1,0,-1,-1, -1,-1,2021,59.0,3,2,0,2,4,23,1,,3,11 - RT,0,,2,2,0,1,1,0,1,, -1,1,0,1,50,9,8,1,202,202033,2,1,0,4,11 - RT,42.6620799133,9.4422401723,17,3,3
202100034711,139Â 678,B01,2,2,2,5,2,0,-1,-1, -1,-1,2021,52.0,1,1,0,2,1,1,1,,1,S10CM-Sens Marseille vers A.50 Aubagne,0,,3,2,0,1,0,500,1,, -1,1,3,1,50,13,6,1,13,13210,1,1,0,2,S10CM-Sens Marseille vers A.50 Aubagne,43.28325,5.40049,11,3,2
202100002832,196Â 713,A01,2,2,1,5,1,-1,-1,0,0,-1,2021,29.0,2,2,0,2,1,9,1,,3,1075,-1,,1,1,0,1,122,500,2,, -1,2,5,1,80,16,12,3,38,38242,1,6,1,3,Col du Fau (Selle),44.908239,5.626202,16,3,2
202100055826,102Â 084,A01,1,1,1,1,2,6,-1,0,0,-1,2021,37.0,1,1,0,2,1,1,1,,4,BOULEVARD NEY,0,,3,2,0,1,(1),(1),1,, -1,1,0,1,50,7,1,5,75,75118,2,2,0,3,BOULEVARD NEY,48.89794,2.344357,1,5,2
202100050485,111Â 455,B01,1,1,1,1,2,6,-1,0,0,-1,2021,35.0,1,1,1,2,2,1,1,,4,BOULEVARD DE LA BASTILLE,0,,1,2,0,1,(1),(1),1,, -1,1,0,1,50,23,2,1,75,75112,2,4,0,3,BOULEVARD DE LA BASTILLE,48.846435,2.366876,8,2,2
202100037670,134Â 324,A01,9,2,1,5,1,3,-1,0,0,-1,2021,9.0,1,2,0,2,7,1,1,,3,213,0,,2,2,0,1,4,556,1,, -1,1,0,1,80,30,5,1,72,72230,1,2,0,3,Route Cote de la Roche,47.845199,0.129797,17,6,2
202100023106,160Â 311,A01,1,1,2,5,8,0,-1,-1, -1,-1,2021,20.0,3,1,0,0,9,1,3,,4,LEPIC BOULEVARD,0,,2,2,0,1,(1),(1),1,, -1,9,0,1,50,20,8,1,73,73008,2,1,0,7,LEPIC BOULEVARD,45.6822010675,5.9070289135,9,1,1
202100044284,122Â 509,A01,1,1,1,0,1,5,-1,-1, -1,-1,2021,63.0,3,2,0,2,1,2,1,,4,CALAMEAU CHEMIN DE,0,,2,2,0,1,1,0,1,, -1,1,0,1,50,12,4,1,13,13063,2,1,0,2,CALAMEAU CHEMIN DE,43.58394,4.99271,14,2,2
202100028136,151Â 412,B01,1,1,1,5,2,6,-1,0,0,-1,2021,19.0,3,1,0,2,1,1,1,,4,PARGUEL (AVENUE ABBE PAUL,0,,2,2,0,2,(1),(1),1,, -1,1,0,1,50,18,7,1,34,34172,2,2,0,1,PARGUEL (AVENUE ABBE PAUL,43.64072,3.85757,19,2,2
202100015298,174Â 366,B01,1,1,1,0,1,0,-1,-1, -1,-1,2021,65.0,2,2,0,2,4,2,1,,1,AUTOROUTE A25,0,,-1,4,0,1,9,0,1,, -1,2,0,1,90,1,10,1,59,59566,1,1,1,2,AUTOROUTE A25,50.622277526,2.9689436571,18,2,2
202100030612,147Â 036,A01,1,1,1,5,2,-1,-1,0,0,-1,2021,25.0,2,1,0,2,1,13,1,,4,,-1,,2,2,0,1,(1),(1),3,, -1,1,0,1,80,19,3,1,14,14570,1,1,0,1,Route du Val Andrieu,49.093413,0.33632,18,2,2
202100003714,195Â 110,A01,1,1,1,0,2,0,-1,-1, -1,-1,2021,32.0,2,1,0,2,1,21,1,,4,GAULLE (AV. DU GAL. DE),0,,2,1,1,1,0,0,1,, -1,1,0,1,30,9,12,1,3,3190,2,1,0,2,GAULLE (AV. DU GAL. DE),46.57119,3.32381,9,2,2
202100012450,179Â 458,B01,1,1,1,2,2,0,-1,-1, -1,-1,2021,10.0,3,1,0,2,7,19,5,,4,BERNARD (CLAUDE),0,,2,2,0,1,(1),(1),1,, -1,1,0,8,30,18,10,2,35,35238,2,1,0,3,BERNARD (CLAUDE),48.10506,-1.69353,8,2,2
202100012292,179Â 762,A01,10,3,2,1,0,-1,-1,3,3,1,2021,54.0,2,1,0,1,1,5,1,,3,40.1,-1,,2,2,0,4,1,210,1,, -1,1,0,1,50,20,10,1,42,42052,2,1,0,6,36 Route de Saint-Bonnet,46.1625498652,4.1720689642,12,2,1
202100054343,104Â 626,A01,1,1,2,1,2,-1,-1,0,0,-1,2021,20.0,3,1,0,0,0,1,1,,4,RAMADIER PAUL (AVENUE),0,,2,2,0,2,(1),(1),2,, -1,7,0,1,50,19,1,1,12,12089,2,1,0,7,RAMADIER PAUL (AVENUE),44.55434,2.26033,9,1,1
202100028539,150Â 706,A01,1,1,1,5,2,-1,-1,0,0,-1,2021,24.0,2,1,0,2,1,13,5,,3,974,-1,,2,2,0,2,25,300,2,, -1,1,0,1,80,18,7,1,84,84017,1,1,0,1,le jas de perrache,44.120195,5.233366,12,3,2
202100016982,171Â 264,A01,1,1,1,5,8,0,-1,-1, -1,-1,2021,19.0,2,2,0,2,9,17,1,,4,Corniche John FitzgÃ©rald Kennedy,0,,2,3,0,1,0,0,3,, -1,1,0,1,50,23,9,5,13,13207,2,1,0,1,Corniche John FitzgÃ©rald Kennedy,43.271,5.362,23,4,2
202100016391,172Â 334,A01,1,1,1,5,0,-1,-1,0,0,-1,2021,53.0,0,1,0,0,0,1,5,,3,114,0,D,2,2,0,1,0,0,1,, -1,1,0,1,80,7,9,1,80,80766,1,1,0,7,D114,50.0545763118,2.4858283997,17,1,1
202100042282,126Â 048,B01,1,1,2,0,1,8,-1,-1, -1,-1,2021,29.0,3,2,1,0,2,26,1,,4,LORRAINE (RUE DE LA),0,,2,1,0,1,0,0,1,, -1,1,0,1,30,25,4,2,974,97411,2,2,0,5,Rue de Lorraine,-20.88581,55.46228,17,2,2
202100054910,103Â 659,A01,10,3,2,5,0,-1,-1,3,3,1,2021,65.0,1,5,0,1,1,1,1,,3,PONTY AVENUE W.,0,,-1,2,0,1,34,935,1,, -1,2,0,1,50,15,1,3,17,17299,2,1,1,6,PONTY AVENUE W.,45.94372,-0.95985,8,2,1
202100021213,163Â 743,A01,10,3,1,3,0,-1,-1,3,3,1,2021,73.0,3,2,0,1,8,15,1,,4,CURIE (AV PIERRE),0,,1,1,0,1,0,0,1,, -1,1,0,1,50,30,8,1,83,83126,2,1,0,6,CURIE (AV PIERRE),43.10358,5.87344,17,2,1
202100030781,146Â 742,B01,1,1,1,1,2,6,-1,-1,0,-1,2021,31.0,3,1,0,2,1,1,1,,4,EGALITE (RUE DE L'),0,,2,2,0,1,(1),(1),1,, -1,1,0,1,50,30,6,1,95,95598,2,1,0,3,EGALITE (RUE DE L'),48.99299,2.29432,11,2,2
202100005702,191Â 610,B01,1,1,2,5,2,-1,-1,0,0,-1,2021,27.0,1,1,0,2,4,2,1,,2,131,0,R,2,2,0,1,2,0,1,, -1,1,0,1,40,24,11,1,987,98758,1,3,0,3,Route 131,-16.742983,-151.45779,15,3,2
202100013354,177Â 881,B01,1,1,1,3,0,-1,-1,0,0,-1,2021,41.0,3,1,0,2,7,1,5,,4,,-1,,2,2,0,1,(1),(1),1,,4,1,0,1,50,12,10,1,26,26235,2,6,0,3,77 Avenue du General de Gaulle,44.370564,4.695899,17,2,2
202100026346,154Â 602,A01,10,3,2,5,0,-1,-1,5,3,1,2021,81.0,1,5,0,1,4,4,1,,3,BREMENT (RUE DE) 109 A 235 - 110 A ...,0,,1,1,3,1,0,1,1,, -1,1,6,4,50,30,7,1,93,93053,2,1,0,6,Rue de BrÃ©ment,48.88783,2.462941,11,2,1
202100035811,137Â 695,A01,1,1,1,5,0,-1,-1,0,0,-1,2021,70.0,3,1,0,0,4,9,5,,4,,-1,,2,1,0,1,(1),(1),2,,4,1,0,1,50,9,6,1,42,42313,2,4,0,2,Route du Gros Pin,45.7266305789,4.0198681486,8,2,2
202100052738,107Â 465,A01,10,3,1,3,0,-1,-1,5,3,1,2021,71.0,0,5,15,1,4,26,1,,6,,-1,,-1,-1,0,1,(1),(1),1,, -1,2,0,8,30,4,2,1,60,60524,1,1,0,6,2 Route de Neuilly,49.338637,2.428719,11,2,1
202100025731,155Â 689,A01,1,1,1,1,2,6,-1,0, -1,-1,2021,41.0,1,1,3,0,2,14,1,,3,RD601 (DÃÂ©VIÃÂ©E),0,,2,2,0,1,(1),(1),2,, -1,1,0,1,70,3,8,3,59,59273,1,1,0,7,RD601 (DÃÂ©VIÃÂ©E),50.98791,2.1534,22,1,1
202100011963,180Â 337,C01,1,1,1,5,2,-1,-1,0,0,-1,2021,67.0,2,1,0,2,1,1,5,,3,909,-1,,2,2,0,2,38,250,3,, -1,1,0,1,80,29,7,1,74,74080,1,1,0,5,Rte du Col des Aravis,45.875187,6.454178,11,3,3
202100040567,129Â 104,B01,1,1,1,5,2,-1,-1,0,0,-1,2021,19.0,2,1,0,2,1,1,1,,2,,-1,,2,2,0,1,(1),(1),1,,5,1,0,1,50,10,5,1,971,97134,2,2,0,3,Avenue du General de Gaulle,16.0598735216,-61.7667621374,13,5,2