Num_Acc,id_vehicule,num_veh,place,catu,sexe,trajet,secu1,secu2,secu3,locp,actp,etatp,year_acc,victim_age,senc,catv,obs,obsm,choc,manv,motor,occutc,catr,voie,v1,v2,circ,nbv,vosp,prof,pr,pr1,plan,lartpc,larrout,surf,infra,situ,vma,jour,mois,lum,dep,com,agg_,int,atm,col,adr,lat,long,hour,nb_victim,nb_vehicules
202100013441,177Â 708,B01,1,1,1,5,2,6,-1,0,0,-1,2021,58.0,2,1,0,2,1,1,1,,3,928,0,,2,2,0,1,19,26,1,, -1,1,5,1,80,13,10,1,32,32406,1,2,1,3,carrefour D928 et D105,43.689346,0.82597,16,2,2
202100011639,180Â 918,B01,1,1,1,4,1,0,-1,0,0,-1,2021,40.0,2,2,0,2,2,1,1,,4,AVENUE DU PRESIDENT WILSON,0,,1,3,3,2,(1),(1),1,, -1,2,0,1,30,21,10,1,75,75116,2,1,1,3,AVENUE DU PRESIDENT WILSON,48.864787,2.295959,13,2,2
202100019099,167Â 497,B01,2,2,2,0,1,0,-1,-1, -1,-1,2021,11.0,2,2,0,2,2,1,1,,1,A7-Sens Marseille vers Lyon,0,,1,3,0,1,275,0,1,, -1,1,0,1,90,14,9,1,13,13215,1,1,0,2,A7-Sens Marseille vers Lyon,43.3753752257,5.3600387523,15,4,2
202100055991,101Â 804,B01,1,1,2,9,1,-1,-1,0,0,-1,2021,69.0,2,2,0,2,1,1,1,,3,D700,-1,D,2,2,0,1,34,200,1,, -1,1,0,1,70,7,1,3,22,22277,1,3,0,3,RD 700 - Lieu-Dit Lanvia,48.386554,-2.835674,18,3,2
202100008550,186Â 453,A01,1,1,1,5,2,6,9,0,0,-1,2021,20.0,3,6,8,0,1,1,1,,4,,-1,,2,2,0,1,(1),(1),1,,4,1,0,3,80,11,11,3,24,24585,1,1,0,6,Daumier,44.647873,1.094829,19,1,1
202100037345,134Â 913,A01,1,1,2,5,1,-1,-1,0,0,-1,2021,34.0,1,2,0,2,3,13,1,,2,19,0,N,2,3,0,2,52,1,1,, -1,1,0,1,90,1,6,1,70,70111,1,1,0,1,N19,47.641813,6.280532,13,2,2
202100045749,119Â 976,B01,1,1,1,0,2,6,-1,-1, -1,-1,2021,34.0,1,1,0,2,7,1,1,,3,BASQUE (AVENUE DU GRAND),0,,2,4,0,1,4,690,3,, -1,1,0,1,50,30,3,1,64,64102,2,1,0,3,BASQUE (AVENUE DU GRAND),43.4918,-1.45376,14,2,2
202100002793,196Â 775,A01,5,2,2,5,8,0,-1,0,0,-1,2021,35.0,3,1,0,0,0,25,3,,4,QUAI BRANLY,0,,2,5,1,1,(1),(1),1,, -1,1,0,4,30,14,12,2,75,75107,2,1,0,7,QUAI BRANLY,48.858517,2.292757,23,2,1
202100045789,119Â 903,B01,1,1,1,9,2,6,-1,0,0,-1,2021,31.0,1,1,0,2,2,17,1,,4,AVENUE DE LA PORTE DE CLIGNANCOURT,0,,2,6,0,1,(1),(1),1,, -1,1,0,1,50,30,3,5,75,75118,2,2,0,3,AVENUE DE LA PORTE DE CLIGNANCOURT,48.89934,2.344169,21,4,2
202100048688,114Â 725,B01,1,1,1,1,1,8,-1,-1, -1,-1,2021,43.0,1,2,0,2,0,24,3,,4,VERDOUBLE (RUE DU),0,,2,2,0,1,(1),(1),1,, -1,1,0,1,50,6,3,1,11,11262,2,1,0,6,VERDOUBLE (RUE DU),43.18278,2.97776,11,2,2
202100055493,102Â 657,B01,1,1,1,1,8,-1,-1,-1, -1,-1,2021,22.0,1,1,0,2,7,1,5,,4,AVE PIERRE PROUDHON,0,,1,2,0,1,(1),(1),2,, -1,1,0,1,50,11,1,5,33,33550,2,6,0,3,Rue Pierre-Joseph Proudhon,44.78494,-0.5862,7,2,2
202100056374,101Â 134,B01,1,1,2,5,1,-1,-1,0,0,-1,2021,49.0,2,2,0,0,3,23,1,,7,111,0, -,2,2,0,2,7,500,3,, -1,5,0,1,70,1,1,1,38,38529,1,1,1,4,Route de PrÃ©mol,45.10825,5.84232,12,4,2
202100045941,119Â 635,A01,10,3,2,2,0,-1,-1,3,3,1,2021,15.0,2,2,0,1,2,1,1,,4,ZAY (AVENUE JEAN ZAY),0,,1,4,0,1,(1),(1),1,, -1,1,5,1,50,30,3,2,45,45234,2,1,0,6,Avenue Jean Zay,47.90445,1.9168,7,2,1
202100015269,174Â 420,A01,1,1,1,5,2,-1,-1,0,0,-1,2021,23.0,2,1,2,0,2,1,1,,3,76,-1,,2,2,0,1,1,950,2,, -1,1,0,3,80,4,10,1,35,35049,1,1,1,7,Avenue Olivier Biard,48.665514,-1.865187,12,1,1
202100040399,129Â 397,A01,1,1,1,1,1,-1,-1,0,0,-1,2021,29.0,1,2,16,0,2,1,1,,3,413,-1,D,2,2,0,1,2,0,2,, -1,1,0,8,80,12,5,1,71,71580,1,1,0,6,812 Route du Moulin,46.6593753253,5.224391067,18,1,1
202100043517,123Â 877,B01,1,1,1,1,2,6,-1,0,0,-1,2021,60.0,1,1,0,2,8,19,1,,3,,-1,,2,2,0,1,(1),(1),1,, -1,1,0,1,50,20,4,5,84,84092,2,1,0,3,115 Avenue Charles de Gaulle,43.954865,4.838351,1,6,2
202100046158,119Â 260,A01,10,3,1,5,8,8,-1,2,2,1,2021,23.0,2,1,0,0,0,5,6,,4,,0,,2,2,1,1,0,0,1,, -1,1,0,5,50,29,3,1,92,92012,2,2,0,7,SILLY (RUE DE) 1/87 - 2/88,48.83561,2.23238,14,2,1
202100036102,137Â 148,A01,2,2,2,5,2,0,-1,-1, -1,-1,2021,61.0,2,1,12,0,1,13,1,,4,BOULEVARD DE BONNE NOUVELLE,0,,2,3,0,2,(1),(1),1,, -1,1,0,1,50,6,6,5,75,75102,2,3,0,6,BOULEVARD DE BONNE NOUVELLE,48.870341,2.349566,0,2,1
202100038326,133Â 133,C01,1,1,2,9,1,0,-1,-1, -1,-1,2021,51.0,1,2,0,2,4,2,1,,2,TUNNEL,0,,2,2,0,1,1,0,1,, -1,1,1,1,50,25,5,1,202,202033,2,1,0,4,TUNNEL,42.697,9.45272,17,3,3
202100033704,141Â 519,B01,1,1,1,1,8,-1,-1,0,0,-1,2021,51.0,2,5,0,2,1,1,1,,2,11,-1,,2,2,0,1,1,0,2,,7,1,0,1,70,18,6,1,202,202346,1,1,0,1,Arena,42.506876,9.473841,16,3,2
202100042668,125Â 364,A01,1,1,1,0,8,-1,-1,-1, -1,-1,2021,18.0,2,1,0,2,1,5,3,,4,ANATOLE FRANCE                      (R ),0,,1,1,0,1,(1),(1),2,, -1,1,0,1,50,24,4,1,69,69199,2,1,0,1,ANATOLE FRANCE (R),45.7132200236,4.8529411029,17,2,2
202100019963,165Â 950,A01,1,1,1,5,2,6,-1,0,0,-1,2021,61.0,2,1,13,0,1,11,1,,3,,0,,2,2,0,2,(1),(1),2,, -1,1,0,3,90,3,9,3,14,14371,1,1,0,6,D579,49.038065,0.150719,22,1,1
202100000582,200Â 661,A01,1,1,1,4,1,-1,-1,0,0,-1,2021,23.0,2,2,0,2,8,11,1,,1,7,0,,3,5,0,1,139,850,1,, -1,1,0,1,130,8,12,1,26,26324,1,1,0,5,Autoroute du Soleil,44.350859,4.737854,16,3,3
202100056174,101Â 479,B01,1,1,2,1,1,0,-1,0,0,-1,2021,35.0,2,2,0,2,4,2,1,,4,ECHANGEUR CHAPELLE,0,,1,2,0,1,(1),(1),1,, -1,1,0,1,50,5,1,4,75,75118,2,4,0,2,ECHANGEUR CHAPELLE,48.9008899341,2.3639216648,18,2,2
202100042971,124Â 861,B01,9,2,1,9,3,-1,-1,0,0,-1,2021,7.0,1,2,0,2,8,1,1,,3,31,-1,,2,2,0,1,21,100,1,, -1,1,0,1,80,23,4,1,27,27037,1,2,0,6,D31,49.081582,0.829618,18,5,2
202100005248,192Â 403,B01,1,1,2,5,2,8,-1,-1, -1,-1,2021,75.0,1,1,0,2,6,15,5,,4,MACRI (CHEMIN SOLDAT),0,,2,2,0,1,(1),(1),1,, -1,1,0,1,50,30,11,1,83,83069,1,1,0,3,MACRI (CHEMIN SOLDAT),43.11798,6.14961,11,2,2
202100040124,129Â 881,A01,10,3,2,0,0,-1,-1,3,3,1,2021,52.0,3,2,0,1,3,9,1,,3,d386,-1,,2,2,3,1,29,575,1,, -1,1,0,8,50,12,5,1,69,69189,2,2,0,6,D386,45.526647,4.867128,12,2,1
202100033045,142Â 675,A01,1,1,1,4,2,6,-1,-1, -1,-1,2021,20.0,2,1,0,2,7,1,1,,4,JULIEN (RUE STANISLAS JULIEN),0,,1,1,0,2,(1),(1),1,, -1,1,0,1,50,21,6,1,45,45234,2,2,0,3,Rue Stanislas Julien,47.89975,1.89781,12,2,2
202100012253,179Â 822,A01,1,1,1,1,0,0,-1,-1, -1,-1,2021,16.0,3,1,0,0,1,25,5,,4,MELUN (AV DE),0,,3,4,0,1,1,0,1,, -1,1,0,4,50,19,10,1,94,94078,2,9,0,7,Avenue de Melun,48.723271,2.444135,17,1,1
202100011786,180Â 646,A01,1,1,1,1,8,-1,-1,-1, -1,-1,2021,24.0,0,1,0,2,3,5,3,,4,EDITH PIAF (RUE),0,,1,1,0,1,0,0,1,, -1,1,0,1,30,20,10,1,76,76351,2,3,0,3,EDITH PIAF (RUE),49.5232,0.11382,11,2,2
202100000532,200Â 750,A01,1,1,2,0,8,0,-1,-1, -1,-1,2021,18.0,1,1,0,2,1,1,3,,4,BAYARD                              (CO),0,,2,2,1,1,(1),(1),1,, -1,1,0,1,30,12,11,1,69,69382,2,3,0,3,BAYARD (CR),45.74377,4.82163,15,2,2
202100043345,124Â 185,B01,1,1,1,1,1,8,-1,0,0,-1,2021,64.0,1,2,0,2,6,1,1,,4,ECHANGEUR BERCY,0,,1,3,0,1,(1),(1),1,, -1,1,0,1,50,19,4,1,75,75112,2,4,0,3,ECHANGEUR BERCY,48.8283095658,2.3903809786,15,2,2
202100010966,182Â 122,B01,2,2,1,5,1,-1,-1,0,0,-1,2021,12.0,1,5,0,2,1,1,1,,4,VC,-1,,2,2,0,1,(1),(1),1,, -1,6,4,1,70,26,10,1,59,59018,1,8,0,1,Rue d Esquelbecq,50.854611,2.412765,15,4,2
202100024979,157Â 011,Z01,10,3,1,0,8,8,-1,6,3,1,2021,40.0,2,0,0,1,0,19,0,,1,AUTOROUTE A6,0,,3,6,0,1,21,228,1,, -1,1,0,1,110,7,8,3,91,91286,1,1,0,6,AUTOROUTE A6,48.652007,2.382582,22,2,1
202100041866,126Â 789,B01,2,2,2,9,1,0,-1,-1, -1,-1,2021,58.0,2,2,0,2,4,1,1,,1,A4,0,,-1,5,0,1,9,0,1,, -1,1,1,1,90,30,4,1,94,94017,1,1,0,4,A4,48.8288,2.5014,16,6,5
202100009203,185Â 258,A01,10,3,1,0,0,-1,-1,4,3,1,2021,37.0,1,2,0,1,3,2,1,,4,GARIBALDI                           (R ),0,,2,4,2,1,(1),(1),1,, -1,2,0,1,50,4,11,5,69,69387,2,2,1,6,GARIBALDI (R),45.74526,4.84887,18,2,1
202100054761,103Â 914,A01,10,3,1,5,0,-1,-1,2,3,1,2021,45.0,1,2,0,1,1,25,1,,3,LILLE ( RUE DE ),0,,2,1,0,1,25,205,1,, -1,2,9,4,50,14,1,1,62,62119,2,9,1,6,LILLE ( RUE DE ),50.525305,2.650366,11,2,1
202100042335,125Â 951,A01,10,3,2,3,0,-1,-1,4,3,1,2021,84.0,3,2,0,1,3,15,1,,4,QUATORZE JUILLET (RUE DU),0,,1,2,1,1,(1),(1),1,, -1,1,0,1,50,26,4,1,10,10387,2,2,1,6,QUATORZE JUILLET (RUE DU),48.294053,4.078702,9,2,1
202100031165,146Â 028,B01,1,1,1,5,1,8,-1,-1, -1,-1,2021,33.0,0,2,9,2,3,1,1,,7,LOUIS REGIS (RUE),0,,2,4,0,1,0,0,1,, -1,1,0,1,50,2,7,1,13,13211,2,1,0,3,LOUIS REGIS (RUE),43.289,5.497,12,2,2
202100003708,195Â 122,A01,10,3,1,5,0,-1,-1,4,3,1,2021,66.0,1,1,0,1,1,0,1,,7,,0,,2,2,2,1,(1),(1),1,, -1,1,5,1,50,10,12,5,6,6027,2,1,0,6,NICE AVENUE DE (RN7),43.6552,7.1518,19,2,1
202100009733,184Â 305,A01,10,3,1,1,0,-1,-1,3,3,1,2021,50.0,3,2,0,1,2,19,1,,4,SARRAUT ALBERT (AVENUE),0,,2,2,0,1,(1),(1),1,, -1,2,0,1,50,2,11,5,95,95280,2,1,1,6,SARRAUT ALBERT (AVENUE),49.03505,2.45697,6,2,1
202100047554,116Â 766,B01,1,1,1,5,2,-1,-1,0,0,-1,2021,27.0,1,1,0,2,3,1,1,,4,,-1,D,2,2,0,2,(1),(1),1,, -1,1,0,1,50,18,3,1,56,56075,2,1,0,1,ZA de la DabonniÃ¨re,47.911056,-2.127193,17,2,2
202100034963,139Â 206,A01,2,2,2,2,1,-1,-1,-1, -1,-1,2021,16.0,2,2,0,2,2,1,1,,4,EMILE ZOLA                          (R ),0,,2,3,0,1,(1),(1),1,, -1,1,0,1,50,11,6,1,69,69275,2,1,0,3,EMILE ZOLA (R),45.76365,4.94335,10,4,2
202100043450,123Â 993,A01,2,1,1,0,2,0,-1,-1, -1,-1,2021,19.0,3,1,0,2,1,1,1,,3,FENOTS (AVENUE DES),0,,-1,2,0,1,0,0,1,, -1,1,0,1,50,19,4,1,28,28134,2,3,0,3,FENOTS (AVENUE DES),48.74019,1.35001,9,2,2
202100035621,138Â 048,A01,1,1,1,5,2,-1,-1,0,0,-1,2021,61.0,3,1,0,2,1,2,5,,4,,-1,,-1,1,0,2,(1),(1),1,,3,1,0,1,50,8,6,1,27,27693,2,3,0,3,4 Rue du Sacq,48.894758,1.076564,14,2,2
202100037131,135Â 328,A01,1,1,2,3,1,0,-1,-1, -1,-1,2021,28.0,1,2,3,0,1,21,1,,1,A501-Sens Aubagne vers Pont de l'Etoile,0,,3,2,0,1,2,0,2,, -1,1,0,2,90,31,5,1,13,13005,1,1,0,6,A501-Sens Aubagne vers Pont de l'Etoile,43.28997,5.55353,12,1,1
202100034713,139Â 674,A01,1,1,1,5,2,0,-1,-1, -1,-1,2021,63.0,1,1,0,2,4,1,1,,1,A50-Sens Marseille vers Aubagne,0,,1,1,0,2,1,0,2,, -1,1,3,1,50,12,6,1,13,13210,2,1,0,2,A50-Sens Marseille vers Aubagne,43.28322,5.40006,11,2,2
202100055574,102Â 517,A01,1,1,1,0,2,6,9,0,0,-1,2021,60.0,2,1,0,0,0,1,1,,3,D918,0,,3,2,0,1,34,847,1,, -1,1,0,1,80,9,1,1,57,57749,1,3,0,7,D918,49.297619,6.586261,16,1,1
202100037139,135Â 307,A01,1,1,1,0,2,6,-1,-1, -1,-1,2021,37.0,2,1,0,2,4,2,1,,1,AUTOROUTE A23,0,,3,4,0,1,12,500,1,, -1,1,0,1,110,31,5,1,59,59435,1,1,0,2,AUTOROUTE A23,50.49067,3.21271,8,2,2
202100022588,161Â 242,B01,1,1,2,0,1,8,-1,-1, -1,-1,2021,19.0,1,2,0,2,3,9,1,,4,PASTEUR (AVENUE LOUIS),0,,1,2,0,1,(1),(1),1,, -1,1,0,1,50,24,8,1,973,97302,2,1,0,5,PASTEUR (AVENUE LOUIS),4.94392,-52.3219,11,4,4
202100026415,154Â 479,A01,10,3,1,5,0,-1,-1,3,3,1,2021,80.0,0,2,0,1,1,15,1,,4,MARECHAL DE LATTRE DE TASSIGNY (RUE),0,,2,2,0,1,(1),(1),1,, -1,1,0,1,50,27,7,5,89,89387,2,3,0,6,Rue Mal de Lattre de Tassigny,48.19673,3.30525,22,2,1
202100050043,112Â 288,A01,1,1,2,1,1,0,-1,-1, -1,-1,2021,34.0,2,2,8,0,1,14,1,,4,VALLON DES LAURIERS (CH),0,,2,1,0,2,(1),(1),1,, -1,1,0,3,50,26,2,1,13,13001,1,1,0,6,VALLON DES LAURIERS (CH),43.54282,5.47261,12,1,1
202100011596,181Â 000,A01,10,3,2,2,0,-1,-1,3,3,1,2021,14.0,1,2,0,1,3,1,1,,4,MOZART (AVENUE),0,,2,2,0,1,(1),(1),1,, -1,1,0,1,50,22,10,1,37,37261,2,1,0,6,MOZART (AVENUE),47.3671533837,0.7081587315,7,2,1
202100024193,158Â 424,B01,1,1,1,5,2,6,-1,0,0,-1,2021,45.0,0,1,0,2,1,1,1,,4,,-1,,2,2,0,1,(1),(1),1,,4,1,0,1,50,14,8,1,973,97307,2,2,0,3,intersection rue de l'alambic - rue de la rÃ©colte,4.879317,-52.324759,11,2,2
202100054825,103Â 800,B01,1,1,1,5,1,-1,-1,0,0,-1,2021,72.0,2,2,0,2,1,1,1,,3,372,-1,,2,2,0,2,19,50,4,, -1,5,0,1,70,16,1,1,91,91405,1,1,1,4,rd 372,48.426794,2.469043,13,6,3
202100003069,196Â 275,B01,1,1,1,5,2,6,-1,-1, -1,-1,2021,47.0,2,1,1,2,7,2,1,,4,PAOLI DU NR 1 A 20 - BLD,0,,2,1,0,2,(1),(1),2,, -1,1,0,1,50,13,12,5,202,202033,2,1,0,3,PAOLI DU NR 1 A 20 - BLD,42.69738,9.44904,16,2,2
202100026942,153Â 554,B01,1,1,2,0,1,-1,-1,0,0,-1,2021,23.0,1,2,0,2,1,2,1,,3,D12,-1,,2,2,0,1,43,500,1,, -1,1,0,1,50,14,4,1,74,74159,2,1,0,2,route nationale,46.019287,6.621945,10,3,2
202100011588,181Â 012,B01,1,1,1,9,2,0,-1,-1, -1,-1,2021,23.0,1,1,0,2,7,17,1,,4,NOTRE DAME DU LAC AVENUE,0,,2,2,0,1,1,0,1,, -1,1,0,1,30,22,10,2,49,49007,2,1,0,6,NOTRE DAME DU LAC AVENUE,47.48013,-0.59158,7,2,2
202100027738,152Â 133,B01,1,1,1,1,8,-1,-1,-1, -1,-1,2021,47.0,3,0,0,2,5,19,3,,4,BREIL (DU),0,,1,2,0,1,0,0,2,, -1,1,9,1,50,21,7,1,35,35238,2,2,0,3,BREIL (DU),48.09685,-1.63529,12,2,2
202100003088,196Â 240,A01,1,1,1,5,2,6,-1,-1, -1,-1,2021,17.0,1,1,1,0,1,0,1,,4,,0,,2,2,0,1,(1),(1),2,, -1,9,0,1,50,11,12,5,71,71153,2,1,0,6,Rue Edith Cavell,46.7979947614,4.422654785,22,2,1
202100053981,105Â 261,B01,1,1,1,2,8,0,-1,-1, -1,-1,2021,20.0,1,1,0,2,1,16,0,,3,GALLIENI ( RUE ),0,,2,2,0,1,0,0,1,, -1,1,0,1,50,23,1,2,92,92004,2,5,0,3,GALLIENI ( RUE ),48.9090254779,2.2867172956,8,2,2
202100009480,184Â 762,A01,10,3,2,9,0,-1,-1,3,3,1,2021,33.0,2,2,0,1,1,16,2,,4,LOUIS BLANC (R),0,,2,2,0,1,0,0,1,, -1,2,0,1,50,4,11,2,94,94002,2,9,1,6,Rue Louis Blanc,48.80835,2.42297,17,2,1
202100002445,197Â 401,A01,1,1,2,5,8,0,-1,-1, -1,-1,2021,27.0,3,1,0,2,8,1,3,,4,JAURES (BD JEAN),0,,2,2,3,1,0,0,1,, -1,1,0,6,50,17,12,5,6,6088,2,1,0,3,JAURES (BD JEAN),43.69781,7.27452,18,2,2
202100002828,196Â 719,A01,2,2,2,4,1,-1,-1,0,0,-1,2021,34.0,3,2,3,0,1,16,1,,3,3,0,,2,2,0,1,5,854,3,, -1,8,0,3,80,17,12,3,77,77235,1,9,0,6,Voie accÃ¨s de service rejoignant RD 3,48.979453,3.075292,6,2,1
202100006163,190Â 795,A01,1,1,1,5,8,-1,-1,0,0,-1,2021,27.0,3,2,0,1,0,1,1,,9,,-1,,-1,2,0,1,(1),(1),1,, -1,9,9,1,50,26,11,3,973,97360,1,1,0,6,Route des Campoes,5.191475,-54.320054,21,2,1
202100053969,105Â 284,A01,1,1,2,0,1,0,-1,-1, -1,-1,2021,50.0,1,2,0,2,1,9,0,,3,VINGT CINQ AOUT 1944 (AV DU),0,,-1,2,0,1,0,1,1,, -1,2,0,1,50,23,1,1,94,94022,2,6,1,3,GENERAL LECLERC (AV),48.7614,2.40321,15,2,2
202100010662,182Â 673,B01,1,1,1,1,2,6,-1,-1, -1,-1,2021,21.0,1,1,0,2,7,3,1,,1,ROCADE A 630,0,,3,6,0,1,0,398,1,, -1,1,0,1,90,27,10,1,33,33249,1,1,0,4,ROCADE A 630,44.884691,-0.511765,9,3,3
202100048977,114Â 203,B01,1,1,1,0,2,0,-1,-1, -1,-1,2021,38.0,1,1,0,2,1,1,1,,4,ROSNY (RUE DE),0,,2,2,0,1,1,0,1,, -1,1,0,1,30,6,3,2,93,93048,2,2,0,1,ROSNY (RUE DE),48.86482,2.45325,18,2,2
202100056203,101Â 430,A01,1,1,2,3,1,5,-1,0,0,-1,2021,49.0,1,2,17,0,2,13,1,,3,7,-1,,2,2,0,1,8,547,3,, -1,2,2,3,80,5,1,1,41,41092,1,1,0,7,D7,47.452926,1.338766,13,1,1
202100012076,180Â 129,A01,10,3,1,3,0,-1,-1,9,3,1,2021,53.0,2,2,15,1,1,16,1,,3,STALINGRAD (AV DE),0,,1,2,0,1,0,0,1,, -1,2,8,1,50,18,10,3,92,92025,2,1,1,6,STALINGRAD (AV DE),48.9321539904,2.2662252188,20,2,1
202100003375,195Â 726,A01,1,1,1,5,2,-1,-1,0,0,-1,2021,16.0,0,1,0,2,2,1,1,,4,,-1,,2,2,0,2,(1),(1),3,,4,1,0,1,-1,12,12,3,84,84119,2,1,0,3,Route du Puy,43.955282,4.931139,19,2,2
202100027752,152Â 102,B01,1,1,1,5,2,0,-1,-1, -1,-1,2021,15.0,2,1,0,2,1,1,1,,4,PIERRE BROSSOLETTE (RUE),0,,2,2,0,1,(1),(1),1,, -1,1,0,1,50,20,7,1,10,10387,2,2,0,3,PIERRE BROSSOLETTE (RUE),48.29063,4.07582,17,2,2
202100019324,167Â 084,B01,1,1,1,5,8,8,-1,0,0,-1,2021,14.0,1,1,0,1,2,0,0,,3,118,0,,2,2,0,1,0,0,1,, -1,1,0,8,50,12,9,1,91,91161,2,2,0,6,AV PIERRE BROSSOLETTE,48.69958,2.31606,16,3,3
202100048001,115Â 936,A01,2,2,2,5,1,0,-1,-1, -1,-1,2021,22.0,2,2,15,0,1,21,1,,1,A51-Sens Aix en Provence vers Marseille,0,,1,2,0,1,13,0,1,, -1,1,0,2,110,15,3,1,13,13001,1,1,0,6,A51-Sens Aix en Provence vers Marseille,43.49494,5.40664,10,2,1
202100005429,192Â 090,A01,1,1,1,4,1,-1,-1,0,0,-1,2021,18.0,2,5,10,0,1,1,1,,3,4,0,D,2,2,0,1,18,980,2,, -1,2,0,3,70,2,12,3,16,16137,1,3,1,6,carrefour  D4 - D163,45.607771,0.475169,4,1,1
202100009471,184Â 780,B01,1,1,1,5,1,0,-1,-1, -1,-1,2021,31.0,3,2,0,2,4,23,1,,3,GENERAL GALLIENI - PONT DE JOINVILLE (AV,0,,2,4,3,1,1,0,1,, -1,1,2,1,50,3,11,5,94,94042,2,1,0,2,GENERAL GALLIENI - PONT DE JOINVILLE (AV,48.82011,2.47186,23,3,3
202100005191,192Â 498,B01,1,1,2,5,1,-1,-1,-1, -1,-1,2021,67.0,2,2,0,2,1,1,1,,1,ROCADE A 630,0,,3,3,0,1,10,510,1,, -1,1,2,1,50,2,12,1,33,33075,1,1,0,3,ROCADE A 630,44.87964,-0.62673,9,2,2
202100034458,140Â 136,B01,1,1,1,1,0,-1,-1,0,0,-1,2021,53.0,2,1,0,0,8,1,5,,3,635,0,,2,2,0,1,3,100,1,, -1,1,0,1,70,15,6,1,37,37193,1,1,1,3,112 Route de Bourgueil,47.2809403228,0.2008770884,8,2,2
202100001354,199Â 341,B01,1,1,2,0,1,0,-1,-1, -1,-1,2021,45.0,2,2,0,2,4,2,1,,1,15,0,,3,5,0,1,4,0,1,, -1,2,2,1,90,26,12,1,92,92036,1,1,0,2,AUTOROUTE A15,48.9378886633,2.297667219,13,2,2
202100024175,158Â 450,A01,1,1,1,5,2,6,-1,0,0,-1,2021,58.0,1,1,0,0,0,0,1,,3,437,-1,,-1,2,0,1,10,600,1,, -1,1,0,1,30,14,8,1,25,25413,2,1,0,7,38 Rue de la VarÃ©e,46.715571,6.196516,18,1,1
202100011825,180Â 584,A01,1,1,1,0,2,6,-1,-1, -1,-1,2021,15.0,2,1,0,0,0,9,1,,3,TREBEURDEN (ROUTE DE),0,,2,2,0,1,1,0,1,, -1,1,0,1,30,20,10,1,22,22113,2,1,0,7,TREBEURDEN (ROUTE DE),48.7506965216,-3.4922704695,14,1,1
202100047129,117Â 525,B01,2,2,2,0,2,-1,-1,0,0,-1,2021,38.0,1,1,0,0,8,1,0,,4,TRAVERSE,0,,-1,2,0,2,(1),(1),1,, -1,1,5,1,50,21,3,1,29,29019,2,2,0,3,Rue Traverse,48.38485,-4.48908,17,3,2
202100050490,111Â 447,A01,10,3,1,5,0,-1,-1,4,3,1,2021,69.0,1,2,0,1,3,26,1,,3,CHARLES FREROT (R),0,,2,2,0,1,0,0,1,, -1,1,0,8,50,23,2,1,94,94037,2,3,0,6,REPUBLIQUE (AV DE LA),48.81556,2.35111,14,2,1
202100034446,140Â 161,A01,1,1,1,1,2,6,-1,-1, -1,-1,2021,22.0,1,1,0,0,8,1,1,,2,NATIONALE 19,0,,2,2,0,2,1,0,1,, -1,1,0,1,80,14,6,1,94,94070,1,1,0,7,NATIONALE 19,48.72191,2.56269,18,2,2
202100028340,151Â 041,A01,1,1,1,5,2,6,-1,0,0,-1,2021,17.0,0,1,0,2,1,1,1,,4,,-1,,2,2,0,1,(1),(1),3,,4,1,0,1,30,10,7,1,51,51531,2,1,0,1,Rue Maurice Denonvilliers,48.7874443489,4.9140308285,16,2,2
202100035399,138Â 442,A01,1,1,2,0,0,-1,-1,0,0,-1,2021,20.0,0,2,3,0,2,0,1,,7,9,-1,D,3,2,0,1,(1),(1),1,, -1,1,0,1,110,10,6,3,13,13021,1,1,0,1,DÃ©partementale 9,43.340407,5.152239,22,1,1
202100043069,124Â 690,A01,1,1,1,5,1,0,-1,-1, -1,-1,2021,47.0,2,2,0,2,1,9,1,,4,R DU PLESSIS TREVISE ,0,,2,2,0,1,1,0,1,, -1,1,0,1,50,22,4,1,94,94017,2,3,0,3,PLESSIS TREVISE (R DU),48.8112,2.55661,17,5,2
202100039086,131Â 768,A01,1,1,2,5,8,0,-1,-1, -1,-1,2021,45.0,1,1,0,2,7,19,5,,4,MARGUERITE YOURCENAR (RUE),0,,2,2,1,1,0,0,1,, -1,2,0,1,30,19,5,1,67,67482,2,3,0,3,MARGUERITE YOURCENAR (RUE),48.597477,7.70387,19,2,2
202100012440,179Â 475,B01,1,1,1,0,1,0,-1,0,0,-1,2021,26.0,2,2,0,2,1,1,1,,3,D400,0,,2,2,0,2,54,89,3,, -1,1,0,1,80,17,10,1,54,54159,1,4,0,3,BATHELENE (RUE DE),48.61244,6.37374,16,4,2
202100030983,146Â 361,A01,10,3,2,0,0,-1,-1,2,3,1,2021,58.0,0,2,0,1,1,15,1,,4,BRIGITTE GROS (PLACE),0,,2,2,0,1,(1),(1),2,, -1,2,0,1,50,4,7,5,78,78401,2,7,1,6,BRIGITTE GROS (PLACE),49.004766,1.910462,0,2,1
202100018535,168Â 502,B01,1,1,2,5,8,0,-1,-1, -1,-1,2021,15.0,2,2,0,2,3,10,1,,3,DEPARTEMENTALE 559B (ROUTE),0,,2,3,0,3,2,1,1,, -1,1,0,1,70,12,9,3,83,83009,2,1,0,3,DEPARTEMENTALE 559B (ROUTE),43.15103,5.764728,1,2,2
202100020696,164Â 635,A01,1,1,1,0,1,8,-1,0,0,-1,2021,22.0,3,2,12,0,1,26,1,,4,REMSCHEID AVENUE DE,0,,2,2,0,3,(1),(1),2,, -1,1,0,3,50,5,9,5,29,29232,2,1,1,6,Avenue de Remscheid,47.98272,-4.08898,5,2,1