Num_Acc,id_vehicule,num_veh,place,catu,sexe,trajet,secu1,secu2,secu3,locp,actp,etatp,year_acc,victim_age,senc,catv,obs,obsm,choc,manv,motor,occutc,catr,voie,v1,v2,circ,nbv,vosp,prof,pr,pr1,plan,lartpc,larrout,surf,infra,situ,vma,jour,mois,lum,dep,com,agg_,int,atm,col,adr,lat,long,hour,nb_victim,nb_vehicules
202100009426,184Â 850,A01,1,1,2,0,1,8,-1,-1, -1,-1,2021,28.0,1,2,0,2,1,2,1,,3,ROUTE DEPARTEMENTALE 465,0,,2,2,0,1,3,960,1,, -1,1,0,1,70,3,11,1,56,56121,1,1,0,2,PÃ©nÃ©trante de Lorient D465,47.73731,-3.37828,8,2,2
202100031634,145Â 210,A01,1,1,2,5,1,-1,-1,0,0,-1,2021,59.0,1,2,9,2,3,1,3,,3,64,-1,D,1,1,0,1,21,0,1,, -1,1,0,1,50,30,6,5,95,95313,2,1,0,3,Grande Rue,49.112159,2.217237,22,2,2
202100043489,123Â 925,A01,1,1,1,3,2,-1,-1,0,0,-1,2021,59.0,3,1,0,0,0,1,1,,6,,0,,-1,-1,0,1,(1),(1),1,, -1,1,0,1,30,19,4,1,56,56177,2,1,0,7,Rue AbbÃ© le MarÃ©chal,47.773152,-3.00401,18,1,1
202100048452,115Â 153,B01,1,1,1,1,2,0,-1,-1, -1,-1,2021,31.0,-1,1,0,2,7,2,1,,3,VAILLANT COUTURIER PAUL (AV) NR 2 A 110,0,,2,2,0,1,0,1,1,, -1,1,0,1,15,11,3,1,93,93066,2,1,0,3,VAILLANT COUTURIER PAUL (AV) NR 2 A 110,48.9321290403,2.3650419694,10,2,2
202100001326,199Â 389,A01,1,1,2,5,8,-1,-1,0,0,-1,2021,20.0,2,2,0,2,9,14,1,,1,A40,-1,,1,2,0,1,103,504,1,, -1,2,0,1,130,28,12,3,1,1091,1,1,1,3,A40,46.155415,5.784688,6,5,2
202100014393,175Â 984,A01,1,1,1,0,2,0,-1,-1, -1,-1,2021,21.0,3,1,0,2,1,3,1,,4,PEINTRES ROUX (avenue),0,,2,2,0,2,0,0,4,, -1,1,0,1,50,8,10,1,13,13211,2,1,0,5,PEINTRES ROUX (avenue),43.304383005,5.472034276,8,4,4
202100053161,106Â 713,B01,1,1,1,0,8,0,-1,-1, -1,-1,2021,30.0,2,1,0,0,0,21,5,,4,,0,,2,3,2,1,(1),(1),1,, -1,2,0,5,50,28,1,1,69,69388,2,1,1,7,ETATS UNIS (DES)                    (BD),45.73614,4.86243,8,2,2
202100019075,167Â 547,A01,1,1,1,1,1,-1,-1,0,0,-1,2021,28.0,1,5,16,0,9,1,1,,3,RP1,0,R,2,2,0,1,28,700,1,, -1,1,0,1,90,14,9,1,988,98817,1,1,0,7,Route du Sud,-22.290276,166.653754,5,2,1
202100003940,194Â 704,B01,1,1,1,0,1,0,-1,-1, -1,-1,2021,37.0,2,2,0,2,4,2,1,,1,AUTOROUTE A86,0,,1,6,0,1,17,500,1,, -1,1,0,1,90,9,12,1,93,93027,1,1,0,2,AUTOROUTE A86,48.92692,2.40451,10,2,2
202100047195,117Â 406,A01,1,1,1,0,1,0,-1,-1, -1,-1,2021,20.0,1,2,4,0,3,26,1,,1,A13,0,,3,6,0,1,30,0,1,, -1,1,0,1,130,21,3,1,78,78206,1,1,0,6,A13,48.946854,1.947665,9,2,1
202100038580,132Â 683,B01,10,3,2,3,0,-1,-1,0,9,1,2021,49.0,3,2,1,1,3,26,1,,6,33,0,A,-1,1,0,1,1,1,1,, -1,1,9,8,30,20,5,1,77,77388,2,1,0,6,33 Rue du 8 Mai 1945,48.960497,3.146896,16,2,1
202100033599,141Â 708,B01,1,1,1,3,8,0,-1,0,0,-1,2021,22.0,3,1,0,2,2,1,5,,4,NOGUERES HENRI (RD POINT),0,,1,2,0,1,(1),(1),2,, -1,1,0,1,50,14,6,1,34,34032,2,6,0,3,NOGUERES HENRI (RD POINT),43.3533917661,3.2250532508,14,2,2
202100041900,126Â 724,A01,1,1,1,9,1,0,-1,-1, -1,-1,2021,32.0,2,2,0,2,9,26,1,,7,RD 37,0,,3,4,0,1,8,899,1,, -1,1,0,3,90,30,4,3,37,37122,2,1,0,2,RD 37,47.3409376466,0.6515160799,21,2,2
202100013529,177Â 544,B01,1,1,1,0,8,0,-1,-1, -1,-1,2021,20.0,1,1,0,2,1,1,1,,4,PALAVAS (AVENUE DE),0,,2,2,0,2,(1),(1),1,, -1,1,0,1,50,12,10,5,34,34172,2,2,0,3,PALAVAS (AVENUE DE),43.59762,3.8862,21,2,2
202100041025,128Â 287,C01,1,1,1,5,2,-1,-1,0,0,-1,2021,86.0,1,1,0,2,8,0,0,,3,72,-1,,2,2,0,4,28,585,3,, -1,1,0,1,80,26,4,1,57,57550,1,1,0,3,Rue de Saint-avold,49.1505981173,6.6671778701,14,2,2
202100009009,185Â 615,A01,1,1,2,5,1,-1,-1,0,0,-1,2021,60.0,2,2,0,2,2,21,1,,3,86,-1,,2,2,0,1,78,240,1,, -1,1,0,1,70,7,11,1,7,7181,1,1,0,1,route dÃ©partementale 86,44.733427,4.739957,14,2,2
202100000097,201Â 578,B01,1,1,1,5,8,0,-1,-1, -1,-1,2021,17.0,0,1,0,2,1,0,1,,4,PASCAL,0,,2,1,0,1,(1),(1),1,, -1,2,5,1,50,23,11,5,62,62004,2,9,1,3,PASCAL,50.272627,2.767003,20,2,2
202100045441,120Â 511,A01,1,1,1,1,1,0,-1,-1, -1,-1,2021,25.0,0,2,0,2,1,1,1,,4,DEUX COMMUNES (BD DES),0,,2,2,0,2,1,0,1,, -1,1,0,1,50,2,4,1,94,94052,2,2,0,3,Boulevard des 2 Communes,48.840519,2.474235,21,4,2
202100043030,124Â 759,A01,1,1,2,4,1,0,-1,-1, -1,-1,2021,25.0,3,2,0,2,4,1,1,,4,SAINT-SAUVEUR (ROND POINT),0,,2,1,1,1,(1),(1),3,, -1,1,5,1,50,21,4,1,37,37261,2,6,0,2,SAINT-SAUVEUR (ROND POINT),47.373884033,0.6785194874,10,3,2
202100010466,183Â 017,A01,1,1,1,5,1,-1,-1,0,0,-1,2021,31.0,2,2,0,2,7,14,1,,1,750,-1,A,3,2,0,2,20,0,1,, -1,1,0,1,130,27,8,1,34,34016,1,1,0,4,A750 -PK:20,43.6255,3.647868,20,9,4
202100054210,104Â 849,A01,1,1,2,5,2,8,-1,-1, -1,-1,2021,19.0,3,1,0,2,7,26,1,,4,EIFFEL (AVENUE GUSTAVE),0,,1,1,0,1,(1),(1),1,, -1,1,5,1,50,15,1,1,37,37261,2,6,0,6,EIFFEL (AVENUE GUSTAVE),47.4257703872,0.6970031261,16,3,2
202100049610,113Â 065,A01,1,1,1,1,2,6,-1,-1, -1,-1,2021,39.0,1,1,0,2,8,1,1,,4,CLEMENCEAU (BD GEORGES),0,,2,6,3,1,0,0,1,, -1,1,9,6,50,1,3,1,83,83137,2,1,0,3,CLEMENCEAU (BD GEORGES),43.12321,5.93812,8,2,2
202100026527,154Â 282,B01,1,1,1,5,2,-1,-1,0,0,-1,2021,24.0,2,1,0,2,1,17,1,,3,807,-1,,2,2,0,1,2,200,1,, -1,1,0,1,50,25,6,2,26,26325,2,3,0,1,68 Rue de Marseille,45.286505,4.816727,18,2,2
202100017833,169Â 741,A01,10,3,1,0,0,-1,-1,3,3,1,2021,15.0,3,2,0,0,2,9,6,,4,VERTE RUE,0,,3,1,0,1,(1),(1),3,, -1,1,6,8,50,20,9,1,59,59009,2,1,0,6,VERTE RUE,50.62023,3.12639,16,2,1
202100048398,115Â 245,B01,1,1,1,1,8,0,-1,-1, -1,-1,2021,28.0,3,1,0,2,6,1,5,,4,MONTAURY (ROND POINT DU PARC),0,,2,2,0,1,0,0,2,, -1,1,0,1,50,10,3,1,64,64024,2,6,0,3,MONTAURY (ROND POINT DU PARC),43.48031,-1.50915,8,2,2
202100000257,201Â 266,A01,1,1,1,0,1,0,-1,0,0,-1,2021,40.0,2,2,6,0,1,13,1,,3,,0,,2,2,0,2,9,174,3,, -1,1,0,3,50,23,11,5,6,6069,1,1,0,6,DRAGUIGNAN (ROUTE DE) - D2562-,43.64291,6.90871,0,1,1
202100007200,188Â 884,A01,1,1,1,5,2,6,-1,-1, -1,-1,2021,15.0,2,1,0,2,2,17,1,,4,GASTON CAMBOT,0,,2,2,0,1,0,0,1,, -1,1,0,1,50,19,11,5,64,64284,2,3,0,3,GASTON CAMBOT,43.29043,-0.39402,19,2,2
202100042342,125Â 937,A01,1,1,2,9,2,6,-1,0,0,-1,2021,49.0,2,1,14,0,8,1,1,,2,plaine de lachaup,0,,2,2,0,1,44,468,1,, -1,1,0,8,70,25,4,1,5,5061,1,6,0,7,plaine de lachaup,44.5097,6.04576,14,1,1
202100052062,108Â 657,A01,2,2,1,5,1,-1,-1,0,0,-1,2021,15.0,2,2,0,2,2,19,1,,3,951,0,D,2,2,0,2,7,26,2,, -1,2,0,1,90,10,2,2,23,23207,1,1,1,1,pk 7 D951,46.268086,1.556175,17,4,2
202100013608,177Â 395,B01,1,1,2,0,1,-1,-1,-1, -1,-1,2021,36.0,0,2,0,2,3,1,1,,4,RICHELIEU,0,,2,2,0,1,0,0,1,, -1,1,0,1,50,12,10,1,76,76351,2,2,0,3,RICHELIEU,49.48917,0.10865,12,2,2
202100016269,172Â 554,A01,4,2,1,4,8,0,-1,-1, -1,-1,2021,26.0,2,2,4,0,5,1,1,,3,DAILLY,0,,2,2,0,2,0,0,2,, -1,2,0,1,50,29,9,5,92,92064,2,1,1,6,DAILLY,48.84365,2.21738,4,4,1
202100040658,128Â 946,A01,2,2,2,5,2,6,-1,0,0,-1,2021,63.0,1,1,0,0,0,1,1,,3,983,0,A,2,2,0,1,16,870,1,, -1,1,0,1,80,8,5,1,63,63264,1,1,0,7,d983 pk 16+870,45.618015,2.82413,11,2,1
202100041967,126Â 603,A01,1,1,1,5,2,-1,-1,0,0,-1,2021,50.0,3,1,13,0,2,1,1,,4,,-1,,2,2,0,1,(1),(1),1,, -1,1,0,3,80,19,3,1,83,83028,1,1,0,6,Route de l'ancienne voie ferrÃ©e,43.585823,6.523014,18,1,1
202100055101,103Â 323,B01,1,1,1,1,2,6,-1,0,0,-1,2021,18.0,1,1,0,2,7,1,1,,2,21,0,,2,2,0,1,25,300,1,, -1,1,0,1,50,7,1,5,32,32132,2,3,0,3,Avenue Pierre de Coubertin,43.850537,0.665604,18,2,2
202100003333,195Â 802,A01,1,1,1,5,2,6,-1,0,0,-1,2021,51.0,0,1,0,0,0,1,1,,4,VC,0,,2,2,0,1,(1),(1),3,, -1,2,0,1,80,12,12,1,64,64382,1,1,0,7,Route d Aulet,43.49971,-0.649652,10,1,1
202100044554,122Â 077,B01,1,1,1,4,1,0,-1,-1, -1,-1,2021,45.0,1,5,0,2,3,0,1,,4,LEFAUCHEUX PIERRE (BD),0,,3,4,0,1,0,0,1,, -1,1,0,1,70,9,4,3,72,72181,2,2,0,3,LEFAUCHEUX PIERRE (BD),47.95456,0.17971,4,2,2
202100025560,155Â 986,A01,1,1,1,5,1,0,-1,-1, -1,-1,2021,22.0,2,2,4,0,3,14,1,,1,A50 - Sens Aubagne vers Marseille,0,,3,3,0,2,27,202,4,, -1,1,0,1,110,5,8,1,13,13005,1,1,0,7,A50 - Sens Aubagne vers Marseille,43.26752,5.5877,15,1,1
202100055937,101Â 895,A01,1,1,1,5,2,6,-1,0,0,-1,2021,60.0,2,1,0,0,0,1,1,,4,RUE DE BAGNOLET,0,,2,3,0,1,(1),(1),1,, -1,2,0,1,30,7,1,1,75,75120,2,1,0,7,RUE DE BAGNOLET,48.86415,2.408082,15,1,1
202100045796,119Â 892,A01,10,3,2,9,0,-1,-1,2,4,1,2021,46.0,2,2,0,1,2,1,1,,4,AVENUE DU GENERAL MICHEL BIZOT,0,,2,2,0,1,(1),(1),1,, -1,1,0,1,50,31,3,1,75,75112,2,3,0,6,AVENUE DU GENERAL MICHEL BIZOT,48.837688,2.403815,15,2,1
202100031236,145Â 907,A01,2,2,2,5,1,-1,-1,0,0,-1,2021,24.0,1,2,0,2,7,13,1,,3,5,0,,2,2,0,2,10,330,2,, -1,2,0,1,90,3,7,1,12,12289,1,1,1,3,D5,44.502363,2.23583,12,4,2
202100039051,131Â 830,B01,1,1,1,4,8,0,-1,-1, -1,-1,2021,42.0,2,4,0,2,1,2,1,,1,A86 EXT,0,,3,4,0,1,0,200,3,, -1,1,3,1,70,21,5,1,94,94028,1,1,0,2,A86 EXT,48.77617,2.43527,12,2,2
202100028623,150Â 551,B01,1,1,2,5,8,0,-1,-1, -1,-1,2021,60.0,1,0,0,2,1,1,3,,3,IDRON D',0,,-1,1,0,1,2,275,1,, -1,1,0,1,70,16,7,1,64,64132,1,1,0,3,IDRON D',43.29105,-0.33165,16,2,2
202100001800,198Â 583,B01,7,2,2,0,1,-1,-1,0,0,-1,2021,29.0,1,2,0,2,1,2,1,,1,9,0,,1,3,0,1,80,0,1,, -1,1,0,1,130,10,12,3,34,34146,1,1,0,4,Autoroute A9/PK80/Sens NIMES/MTP,43.697859,4.105915,17,6,3
202100016188,172Â 703,B01,1,1,1,0,2,6,-1,-1, -1,-1,2021,41.0,2,1,0,2,5,15,1,,4,EUROPE (RUE DE L'),0,,2,2,0,1,(1),(1),1,, -1,1,0,1,50,28,9,1,33,33529,1,2,0,2,Avenue de lâEurope,44.616648,-1.113405,10,2,2
202100009765,184Â 241,B01,1,1,2,0,1,-1,-1,-1, -1,-1,2021,39.0,3,2,0,2,1,24,1,,4,KOCHMAN (RUE SERGE),0,,3,2,3,2,(1),(1),1,, -1,1,0,4,30,2,11,1,51,51454,1,1,0,2,Rue Serge Kochman,49.2262674058,4.0198571113,10,2,2
202100001045,199Â 896,C01,1,1,2,1,1,0,-1,0,0,-1,2021,22.0,3,2,0,2,4,1,1,,7,,0,,3,6,0,1,(1),(1),1,, -1,1,0,1,50,27,12,2,6,6027,2,1,0,4,PLAGE BOULEVARD DE LA,43.650689,7.151955,7,3,3
202100051957,108Â 835,A01,1,1,1,9,2,6,9,0,0,-1,2021,25.0,1,1,13,0,8,0,1,,3,903,0,D,2,2,0,1,4,275,2,, -1,1,0,1,80,29,1,1,81,81277,1,1,0,3,D903,43.978518,2.217007,16,2,2
202100024764,157Â 385,Z01,10,3,1,5,0,-1,-1,3,3,2,2021,2.0,1,2,0,1,2,1,0,,4,AVENUE THEOPHILE GAUTIER,0,,2,2,0,1,(1),(1),2,, -1,1,0,1,50,10,8,1,75,75116,2,3,0,6,AVENUE THEOPHILE GAUTIER,48.851184,2.275226,11,2,1
202100004901,193Â 030,A01,1,1,1,1,1,0,-1,-1, -1,-1,2021,54.0,1,2,4,0,1,1,1,,1,AUTOROUTE A1,0,,3,8,0,1,12,0,1,, -1,2,0,1,110,4,12,1,93,93005,1,1,1,1,AUTOROUTE A1,48.96083,2.46834,10,1,1
202100034975,139Â 180,A01,1,1,2,1,2,0,-1,-1, -1,-1,2021,27.0,3,1,0,2,1,26,5,,4,BARRE (PROMENADE DE LA),0,,2,2,1,1,0,0,1,, -1,1,9,5,50,11,6,1,64,64024,2,3,0,3,BARRE (PROMENADE DE LA),43.49892,-1.52763,8,2,2
202100010427,183Â 085,A01,1,1,1,5,1,-1,-1,0,0,-1,2021,40.0,2,2,3,2,1,1,2,,1,62,0,A,3,4,0,1,32,345,1,, -1,2,0,1,130,30,10,3,33,33164,1,1,1,1,A62,44.559905,-0.292003,19,3,2
202100054743,103Â 943,B01,1,1,1,1,1,0,-1,-1, -1,-1,2021,53.0,2,2,0,2,4,2,3,,2,RN12 EXT,0,,3,8,0,1,18,299,1,, -1,1,0,1,110,17,1,3,78,78322,1,1,0,2,RN12 EXT,48.781521,2.166201,18,3,2
202100042317,125Â 983,B01,1,1,2,3,1,-1,-1,-1, -1,-1,2021,76.0,2,2,0,2,3,1,1,,4,BIGHAMTON (AVE DE),0,,2,2,0,1,(1),(1),2,, -1,1,0,1,50,27,4,1,33,33529,2,1,0,3,Avenue de Binghamton,44.6155804317,-1.1356420095,11,2,2
202100028749,150Â 336,A01,1,1,2,5,1,-1,-1,0,0,-1,2021,32.0,1,2,4,0,3,0,1,,1,51,-1,,3,4,0,2,28,500,2,, -1,1,0,8,130,16,7,3,13,13113,1,1,0,3,Autoroute A51 - PK 28+500,43.605987,5.497134,23,10,3
202100019162,167Â 376,A01,1,1,1,4,8,0,-1,-1, -1,-1,2021,19.0,3,4,4,0,1,1,1,,3,PINEDE (CHEMIN),0,,2,2,0,1,0,0,1,, -1,1,0,3,50,13,9,1,64,64102,2,1,0,7,PINEDE (CHEMIN),43.48424,-1.44448,12,1,1
202100055326,102Â 935,A01,1,1,1,1,2,6,-1,-1, -1,-1,2021,36.0,2,1,0,2,7,17,1,,4,AVE FRANCOIS MITTERRAND,0,,3,2,1,1,(1),(1),1,, -1,1,-1,1,50,12,1,2,33,33281,2,1,0,3,Avenue FranÃ§ois Mitterrand,44.823887,-0.639259,7,2,2
202100001906,198Â 390,A01,1,1,1,5,2,0,-1,0,0,-1,2021,12.0,1,1,0,0,1,1,3,,4,QUAI D ORSAY,0,,2,4,1,1,(1),(1),1,, -1,1,-1,5,30,21,12,1,75,75107,2,1,0,7,QUAI D ORSAY,48.862846,2.312381,14,1,1
202100024521,157Â 829,A01,1,1,1,5,2,8,-1,-1, -1,-1,2021,18.0,3,1,0,2,1,1,6,,3,FOCH (AV DU MARECHAL),0,,2,2,0,1,0,0,1,, -1,1,0,1,50,7,8,1,40,40192,2,9,0,3,FOCH (AV DU MARECHAL),43.8962,-0.49142,13,2,2
202100031414,145Â 596,A01,1,1,2,1,1,0,-1,0,0,-1,2021,52.0,1,2,0,2,8,1,1,,4,PORTE D ITALIE,0,,1,4,0,1,2,300,1,, -1,1,0,1,70,1,7,1,75,75113,2,1,0,3,PORTE D ITALIE,48.816347,2.363837,13,2,2
202100021652,162Â 928,B01,1,1,1,1,2,0,-1,0,0,-1,2021,59.0,2,1,0,2,3,1,3,,4,AVENUE DE LA PORTE D ITALIE,0,,2,6,1,1,(1),(1),1,, -1,1,0,5,50,31,8,1,75,75113,2,2,0,3,AVENUE DE LA PORTE D ITALIE,48.818993,2.359521,8,2,2
202100046435,118Â 778,A01,1,1,1,5,2,6,9,0,0,-1,2021,26.0,2,1,10,0,7,14,1,,3,32,-1,,2,2,0,2,29,600,2,, -1,1,0,3,80,28,3,1,46,46240,1,1,0,6,D32,44.799652,1.620387,17,1,1
202100046365,118Â 892,A01,1,1,1,9,2,0,-1,0,0,-1,2021,18.0,1,1,0,2,4,2,5,,4,BOULEVARD BEAUMARCHAIS,0,,2,4,1,1,(1),(1),1,, -1,1,-1,5,50,25,3,5,75,75111,2,1,0,2,BOULEVARD BEAUMARCHAIS,48.8579192999,2.3679874976,20,2,2
202100001741,198Â 676,A01,10,3,2,9,8,8,-1,3,3,1,2021,29.0,1,2,0,1,1,15,1,,4,RUE DE CLIGNANCOURT,0,,1,2,0,2,(1),(1),1,, -1,1,0,1,30,22,12,5,75,75118,2,3,0,6,RUE DE CLIGNANCOURT,48.885704,2.347418,18,2,1
202100011674,180Â 857,A01,10,3,1,5,0,-1,-1,5,1,1,2021,53.0,1,2,0,1,2,26,1,,4,GAMBETTA (AVENUE),0,,2,1,0,1,0,0,1,, -1,1,0,1,50,21,10,5,93,93007,2,1,0,6,GAMBETTA (AVENUE),48.9358942391,2.4789458513,22,2,1
202100053536,106Â 023,A01,10,3,1,5,0,-1,-1,1,9,1,2021,33.0,1,2,0,1,2,1,1,,3,562,0,,2,2,0,1,73,600,1,, -1,1,0,1,70,27,1,3,83,83029,1,1,0,6,D562,43.606095,6.752483,18,2,1
202100037257,135Â 083,A01,1,1,2,0,1,-1,-1,0, -1,-1,2021,58.0,0,2,0,0,2,1,0,,4,ROCH GLAS (ROUTE ET CHEMIN),0,,-1,2,0,1,(1),(1),1,, -1,1,0,1,50,31,5,1,29,29019,2,1,0,7,Chemin de RocâH Glas,48.435484,-4.489443,19,1,1
202100024369,158Â 121,A01,1,1,1,9,2,-1,-1,0,0,-1,2021,74.0,3,1,0,0,0,0,5,,3,13,-1,D,2,2,0,2,31,600,1,, -1,1,0,8,80,12,8,1,47,47054,1,1,0,7,D13,44.401097,0.497738,9,1,1
202100032872,143Â 007,A01,2,2,2,0,2,-1,-1,-1, -1,-1,2021,22.0,1,1,0,0,2,16,1,,3,PARIS (AVENUE DE) NÂ°27 A 89 ET NÂ°32 A 12,0,,2,3,3,2,34,1760,3,, -1,2,0,1,50,22,6,1,51,51454,2,3,1,7,Avenue de Paris,49.24848,4.01242,11,2,1
202100010028,183Â 773,B01,2,2,1,5,1,0,-1,0,0,-1,2021,19.0,1,2,3,2,4,2,1,,2,RN814,0,,3,4,3,1,1,0,1,, -1,1,0,1,90,30,10,1,14,14271,1,1,0,6,N814,49.13951,-0.36709,16,6,3
202100052312,108Â 210,A01,10,3,1,0,0,-1,-1,5,3,1,2021,35.0,2,2,0,1,3,20,1,,4,Rue Emile NOIROT,0,,1,1,0,1,(1),(1),1,, -1,1,9,4,30,6,2,1,42,42187,2,1,0,6,Rue Emile Noirot,46.03887,4.06895,15,2,1
202100041997,126Â 555,B01,1,1,1,0,2,0,-1,-1, -1,-1,2021,34.0,2,1,0,2,1,1,0,,3,BADUEL (ROUTE DE),0,,3,2,0,1,2,750,1,, -1,2,9,1,50,28,4,5,973,97302,2,1,1,3,BADUEL (ROUTE DE),4.9301984563,-52.3044900983,20,2,2
202100007166,188Â 948,A01,10,3,1,0,0,-1,-1,2,3,1,2021,25.0,3,2,0,1,3,9,1,,4,DURAND BOULEVARD ALBIN,0,,1,3,1,1,0,1,1,, -1,1,0,1,50,6,11,1,84,84031,2,1,0,6,DURAND BOULEVARD ALBIN,44.05459,5.04471,11,2,1
202100048950,114Â 254,B01,1,1,1,5,2,0,-1,-1, -1,-1,2021,35.0,3,1,0,2,1,1,1,,7,CD 559,0,,2,2,0,1,0,0,1,, -1,1,0,1,50,5,3,1,13,13028,1,3,0,3,CD 559,43.18988,5.64336,16,2,2
202100008310,186Â 870,A01,1,1,1,5,2,-1,-1,0,0,-1,2021,61.0,1,1,13,0,0,1,1,,3,20,0,D,2,2,0,3,9,850,2,, -1,1,0,3,80,11,11,1,53,53085,1,1,0,7,Chon,48.384388,-0.25938,14,1,1
202100004323,194Â 031,A01,1,1,1,5,1,-1,-1,0,0,-1,2021,75.0,2,2,2,0,7,15,1,,3,131,-1,,2,2,0,4,1,578,2,, -1,2,0,3,80,8,12,3,81,81249,1,1,1,6,Le Cayla,44.08216,2.192888,18,2,1
202100038783,132Â 291,A01,1,1,1,5,1,0,-1,-1, -1,-1,2021,82.0,0,2,3,0,1,1,1,,4,ESPAGNE (RPT D),0,,1,1,0,1,1,0,1,, -1,2,5,1,50,22,5,1,94,94073,2,1,1,3,ESPAGNE (RPT D),48.75518,2.37494,16,2,2
202100006558,190Â 078,A01,10,3,2,1,0,-1,-1,2,3,1,2021,15.0,2,1,0,1,1,26,1,,9,LECONTE DE LISLE (AVENUE),0,,2,2,3,1,0,0,1,, -1,1,9,1,50,22,11,1,974,97411,2,1,0,3,LECONTE DE LISLE (AVENUE),-20.89328,55.48463,17,2,1
202100006723,189Â 766,A01,10,3,2,9,0,-1,-1,3,3,1,2021,23.0,2,1,0,1,1,1,5,,4,RUE FROIDEVAUX,0,,2,4,1,2,(1),(1),1,, -1,1,-1,5,30,23,11,5,75,75114,2,1,0,6,RUE FROIDEVAUX,48.83582,2.328125,19,2,1
202100004083,194Â 446,A01,2,2,2,5,2,6,-1,-1, -1,-1,2021,25.0,2,1,0,2,1,17,1,,4,,0,,2,2,0,1,(1),(1),1,, -1,2,0,1,50,6,12,2,15,15014,2,1,0,3,VOLONTAIRE (AVENUE DES),44.91745,2.43913,17,3,2
202100001335,199Â 373,A01,1,1,1,5,1,-1,-1,0,0,-1,2021,23.0,3,2,6,0,1,1,1,,3,83,0,D,2,2,0,1,0,0,1,, -1,1,0,8,80,27,12,3,13,13097,1,3,1,1,D27,43.665699,4.798536,22,1,1
202100031603,145Â 267,A01,1,1,1,1,2,6,-1,-1, -1,-1,2021,34.0,2,1,0,2,2,3,1,,4,COLONEL FABIEN (AV DU),0,,2,2,0,1,1,0,1,, -1,2,9,1,50,30,6,1,94,94081,2,3,1,3,Avenue du Colonel Fabien,48.786659,2.376916,9,2,2
202100017000,171Â 235,B01,1,1,2,9,1,-1,-1,0,0,-1,2021,55.0,1,2,0,2,4,1,1,,2,RN 94,0,,-1,2,0,1,72,790,1,, -1,1,0,1,50,22,9,1,5,5061,2,1,0,2,RN 94,44.5747,6.11082,9,2,2
202100013660,177Â 294,A01,10,3,1,4,0,-1,-1,9,B,1,2021,46.0,3,4,0,1,1,20,1,,6,MONTPELLIER (ROUTE DE),0,,-1,0,0,1,0,0,1,, -1,1,0,1,30,27,9,1,30,30189,1,1,0,6,MONTPELLIER (ROUTE DE),43.807,4.3226,11,2,1
202100040903,128Â 514,B01,1,1,1,0,2,0,-1,0,0,-1,2021,25.0,1,1,0,2,1,1,1,,4,VINGT SIXIEME R.I. (BOULEVARD DU 2 A 44),0,,2,4,0,1,(1),(1),1,, -1,2,0,1,50,7,5,1,54,54395,2,1,0,3,VINGT SIXIEME R.I. (BOULEVARD DU 2 A 44),48.6967977499,6.1891694991,12,2,2
202100008418,186Â 690,A01,10,3,1,9,8,-1,-1,5,A,1,2021,57.0,0,2,15,1,1,0,1,,4,,-1,,2,1,0,2,(1),(1),1,,4,1,0,1,50,12,10,1,7,7282,2,4,0,6,rue du village,44.71051,4.263421,11,2,1
202100023961,158Â 805,A01,1,1,1,4,1,-1,-1,0,0,-1,2021,21.0,1,5,3,0,2,0,1,,1,4,0,A,3,4,0,4,199,800,1,, -1,1,0,3,130,16,8,1,51,51027,1,1,0,7,A4,49.06002,4.70511,13,1,1
202100003610,195Â 292,B01,1,1,1,1,8,-1,-1,0,0,-1,2021,29.0,1,1,0,2,1,1,3,,3,CD 902,0,,2,1,0,1,4,665,1,, -1,2,5,1,50,9,12,5,65,65100,1,6,1,3,CD 902,43.2653,0.06559,18,2,2
202100014922,175Â 040,B01,1,1,1,4,1,0,-1,-1, -1,-1,2021,36.0,2,4,0,0,4,24,1,,1,AUTOROUTE A6A,0,,1,3,0,1,3,500,1,, -1,2,3,3,70,6,10,3,94,94076,1,1,0,2,AUTOROUTE A6A,48.7854,2.34638,4,3,2
202100055914,101Â 930,B01,1,1,1,2,2,-1,-1,-1, -1,-1,2021,15.0,2,1,0,2,1,13,3,,4,RUISSELET (RUE),0,,2,2,0,1,(1),(1),1,, -1,1,0,1,50,7,1,1,51,51454,2,1,0,1,Rue du Ruisselet,49.244354108,4.0365382517,13,2,2
202100051631,109Â 404,A01,1,1,1,5,2,9,-1,0,0,-1,2021,22.0,3,0,0,0,0,1,1,,9,,-1,,2,2,0,2,(1),(1),1,, -1,7,0,8,-1,14,2,1,3,3248,1,1,0,7,Foret domaniale de l'assise,46.0371252074,3.8097399473,15,1,1
202100053806,105Â 574,A01,2,2,1,5,1,-1,-1,0,0,-1,2021,44.0,3,2,2,0,3,13,1,,4,,-1,,2,2,0,2,(1),(1),1,, -1,1,0,1,-1,24,1,3,84,84109,1,1,0,7,Chemin des Cotes,44.11191,5.073112,18,2,1
202100042384,125Â 869,A01,1,1,1,0,2,-1,-1,0,0,-1,2021,22.0,1,1,8,2,1,1,1,,3,14,-1,D,2,2,0,1,(1),(1),1,, -1,1,0,1,50,27,4,1,58,58086,2,2,0,3,Rue des FrÃ¨res Gambon,47.413164,2.936482,18,2,2
202100017728,169Â 937,B01,1,1,1,0,2,6,-1,0,0,-1,2021,30.0,1,1,0,2,3,1,1,,3,88,-1,,2,1,0,2,18,640,1,,3,1,0,1,50,22,9,1,1,1258,2,3,0,3,Route de Francheleins,46.093792,4.779503,8,2,2