Num_Acc,id_vehicule,num_veh,place,catu,sexe,trajet,secu1,secu2,secu3,locp,actp,etatp,year_acc,victim_age,senc,catv,obs,obsm,choc,manv,motor,occutc,catr,voie,v1,v2,circ,nbv,vosp,prof,pr,pr1,plan,lartpc,larrout,surf,infra,situ,vma,jour,mois,lum,dep,com,agg_,int,atm,col,adr,lat,long,hour,nb_victim,nb_vehicules
202100003898,194Â 787,A01,10,3,2,5,0,-1,-1,3,3,1,2021,66.0,1,1,0,1,1,1,3,,3,115,-1,,2,2,0,1,8,740,1,, -1,1,9,1,50,21,10,1,66,66049,2,1,0,6,avenue de la gare,42.493713,2.737699,9,2,1
202100015306,174Â 347,A01,1,1,2,5,1,-1,-1,-1,0,-1,2021,37.0,1,5,0,2,4,2,1,,2,RN 184,0,,3,4,0,1,4,0,1,, -1,1,0,1,90,4,10,1,95,95572,1,1,0,2,RN 184,49.038206,2.124044,10,2,2
202100041164,128Â 021,B01,1,1,1,0,8,0,-1,-1, -1,-1,2021,22.0,1,2,0,2,1,2,1,,4,,0,,1,1,0,1,0,0,1,, -1,2,9,1,50,6,5,5,92,92049,2,9,0,3,GINOUX AVENUE HENRI AUTRES NÂ°,48.81122,2.31843,1,3,2
202100013945,176Â 775,A01,1,1,1,9,0,-1,-1,0,0,-1,2021,21.0,2,2,2,0,1,26,1,,3,79,0,D,2,2,1,1,2,800,1,, -1,1,0,3,80,11,10,3,40,40310,1,9,0,1,D79,43.748824,-1.402366,3,1,1
202100032791,143Â 163,B01,1,1,2,3,0,-1,-1,0,0,-1,2021,76.0,1,1,0,2,8,2,5,,3,9,-1,,2,2,0,1,45,230,2,, -1,1,5,1,50,23,6,1,64,64430,2,6,0,3,rond point du portugal,43.477446,-0.761922,16,2,2
202100005894,191Â 255,B01,1,1,1,1,2,0,-1,-1, -1,-1,2021,38.0,2,1,0,2,1,1,1,,4,QUATRE SEPTEMBRE (BD DU),0,,2,2,0,1,0,0,1,, -1,1,0,1,50,20,11,1,83,83126,2,9,0,3,QUATRE SEPTEMBRE (BD DU),43.1038943195,5.871886611,14,3,2
202100050321,111Â 752,A01,1,1,1,9,1,0,-1,-1, -1,-1,2021,50.0,1,2,0,2,6,9,1,,4,COPENHAGUE (ROND POINT DE),0,,1,1,0,1,(1),(1),2,, -1,1,0,1,50,23,2,1,66,66136,2,1,0,3,COPENHAGUE (ROND POINT DE),42.69111,2.85173,13,2,2
202100054466,104Â 405,B01,1,1,2,0,1,0,-1,0,0,-1,2021,20.0,2,2,0,2,8,1,1,,3,REVELLY (PLACE  DU ),0,,1,2,0,1,69,850,2,, -1,1,0,1,50,18,1,1,5,5061,2,1,0,3,REVELLY (PLACE  DU ),44.561125,6.080247,16,2,2
202100003859,194Â 857,A01,10,3,1,0,0,-1,-1,4,3,1,2021,73.0,1,2,0,1,1,15,1,,3,GALLIENI (BOULEVARD) (1/19),0,,2,2,0,1,0,0,1,, -1,1,0,1,50,16,10,1,92,92036,2,2,1,6,GALLIENI (BOULEVARD) (1/19),48.9234409613,2.3214385775,10,2,1
202100000470,200Â 865,B01,1,1,1,5,8,0,-1,-1, -1,-1,2021,50.0,1,1,0,2,1,1,5,,4,BALEARES ROND POINT ET CITE DES,0,,1,1,0,1,(1),(1),3,, -1,1,0,1,50,9,11,1,66,66136,2,6,0,3,BALEARES ROND POINT ET CITE DES,42.68848,2.89502,11,2,2
202100014443,175Â 882,A01,1,1,1,0,2,0,-1,-1, -1,-1,2021,27.0,1,1,0,2,1,1,3,,3,907,0,,1,2,0,1,0,0,1,, -1,1,0,1,50,8,10,5,92,92047,2,1,0,3,RAYMOND POINCARE,48.8383799864,2.1848376095,20,3,2
202100022342,161Â 706,B01,1,1,1,1,1,-1,-1,0,0,-1,2021,47.0,1,2,0,2,1,0,1,,3,29,0,,2,2,0,1,32,1,2,, -1,1,0,1,80,23,7,1,31,31118,1,1,0,1,Route de Fronton,43.792054,1.361165,16,3,2
202100056468,100Â 967,B01,2,2,2,5,1,-1,-1,0,0,-1,2021,10.0,1,2,0,2,6,1,1,,3,1091,-1,,2,2,0,1,24,814,3,, -1,2,0,1,70,2,1,2,38,38052,1,1,0,3,D1091,45.114435,6.005214,15,5,2
202100036552,136Â 382,B01,1,1,1,1,2,6,-1,0,0,-1,2021,16.0,1,1,0,2,1,3,1,,3,1113,0,D,2,3,0,1,50,325,1,, -1,2,5,1,50,4,6,1,33,33109,2,3,1,3,,44.695901,-0.440413,7,2,2
202100052877,107Â 197,B01,1,1,1,0,8,0,-1,-1, -1,-1,2021,21.0,1,1,0,2,8,1,5,,4,MIRABELLE,0,,1,1,0,1,0,0,1,, -1,2,0,1,50,1,2,5,64,64445,2,2,1,1,MIRABELLE,43.30693,-0.37705,19,2,2
202100032024,144Â 505,A01,1,1,1,1,2,6,-1,0,0,-1,2021,46.0,2,1,0,0,9,21,1,,3,56,-1,,2,2,0,1,6,535,1,, -1,1,0,3,80,28,6,3,1,1380,1,1,0,7,Route de Cormoz,46.449604,5.198904,4,1,1
202100005206,192Â 467,A01,10,3,2,0,0,-1,-1,2,3,1,2021,11.0,2,3,0,1,3,26,2,1.0,4,,0,,2,2,0,1,0,0,1,, -1,1,0,1,50,30,11,1,92,92063,2,2,0,6,BONS RAISINS (RUE DES),48.87248,2.19617,15,2,1
202100043472,123Â 954,B01,1,1,1,9,2,0,-1,-1, -1,-1,2021,33.0,2,1,0,2,1,1,1,,4,R DE CHALAIS,0,,2,2,0,1,1,0,1,, -1,1,0,1,50,19,4,1,94,94038,2,3,0,1,CHALAIS (R DE),48.76863,2.32866,8,2,2
202100051327,109Â 926,B01,1,1,1,0,2,0,-1,-1, -1,-1,2021,16.0,2,1,0,2,7,1,1,,4,RABELAIS (R),0,,2,2,0,1,1,0,1,, -1,1,0,1,50,16,2,1,94,94019,2,1,0,3,Rue Rabelais,48.802967,2.552016,11,3,2
202100044742,121Â 741,A01,1,1,1,4,0,-1,-1,0,0,-1,2021,22.0,2,5,0,0,8,1,1,,3,16.3,-1,,2,2,0,1,(1),(1),1,, -1,1,0,8,80,8,4,1,68,68264,1,3,0,3,D21,47.571251,7.410404,18,2,2
202100008029,187Â 377,A01,1,1,2,1,1,8,-1,-1, -1,-1,2021,39.0,2,0,0,2,1,2,1,,1,29 PURPAN  (PERIPH OUEST A620),0,,1,4,0,1,5,692,1,, -1,2,0,1,90,15,11,4,31,31555,1,1,1,4,29 PURPAN  (PERIPH OUEST A620),43.60728,1.40774,19,4,3
202100014146,176Â 403,A01,10,3,1,0,0,-1,-1,1,9,1,2021,53.0,3,4,0,1,2,2,1,,4,ONZE NOVEMBRE 1918 (RUE DU),0,,2,2,0,1,(1),(1),1,, -1,1,0,1,70,8,10,1,78,78418,1,1,0,6,ONZE NOVEMBRE 1918 (RUE DU),48.91728,2.15033,11,2,1
202100048824,114Â 494,B01,1,1,1,5,2,-1,-1,0,0,-1,2021,21.0,2,1,0,2,1,1,1,,3,2,0,D,2,2,0,1,23,700,1,, -1,1,0,1,80,7,3,1,83,83035,1,1,0,3,Route des garrigues,43.248567,5.727728,14,2,2
202100016344,172Â 418,Z01,10,3,1,2,0,-1,-1,9,A,1,2021,11.0,0,5,0,2,0,0,0,,3,AULNAY (RUE D'),0,,2,2,0,1,0,0,1,, -1,1,0,1,50,28,9,1,93,93071,2,9,0,1,AULNAY (RUE D'),48.939824,2.515129,7,2,1
202100032122,144Â 334,A01,1,1,2,5,1,8,-1,-1, -1,-1,2021,26.0,1,2,1,0,1,14,1,,4,MAZARGUES (AVENUE DE),0,,1,1,0,1,0,0,1,, -1,1,0,1,50,26,6,5,13,13208,2,1,0,1,MAZARGUES (AVENUE DE),43.2593612265,5.3941545983,2,3,2
202100044451,122Â 236,B01,1,1,1,9,2,8,-1,-1, -1,-1,2021,31.0,3,1,0,2,1,1,1,,4,CHARDONCHAMP (ROUTE DE),0,,2,2,0,3,(1),(1),3,, -1,1,0,1,70,9,4,1,86,86158,2,4,0,3,Route de Chardonchamp,46.626766,0.330503,17,2,2
202100047168,117Â 458,A01,2,2,1,2,1,-1,-1,0,0,-1,2021,12.0,1,2,0,2,3,13,1,,3,57,0,,2,2,0,2,2,200,1,, -1,1,0,1,80,19,3,1,24,24520,1,1,1,3,D57,44.86393,1.202273,15,4,2
202100052102,108Â 576,A01,1,1,1,0,0,-1,-1,-1, -1,-1,2021,20.0,1,1,0,2,6,1,5,,4,VICTOR AUGAGNEUR                    (QU),0,,1,3,0,1,(1),(1),1,, -1,1,0,1,50,8,2,1,69,69383,2,2,0,3,VICTOR AUGAGNEUR (Q),45.75624,4.84039,17,2,2
202100055565,102Â 532,A01,1,1,1,4,1,-1,-1,0,0,-1,2021,31.0,1,4,13,0,2,1,1,,1,31,-1,,3,4,0,1,132,0,2,, -1,7,0,3,130,12,1,3,52,52163,1,1,1,6,A31 PK132+000,47.95255574,5.4335600145,4,2,1
202100021831,162Â 604,A01,1,1,2,9,1,-1,-1,0,0,-1,2021,35.0,3,2,13,0,1,1,1,,3,RPN7,0,,2,2,0,3,10,604,2,, -1,1,0,3,90,29,8,1,988,98812,2,1,0,6,"Lieu-dit ""Les 3 creek""",-20.464872,164.331763,10,1,1
202100044293,122Â 491,A01,1,1,1,1,8,0,-1,0,0,-1,2021,58.0,1,1,0,2,3,1,5,,4,RUE DES PYRENEES,0,,2,2,0,2,(1),(1),1,, -1,1,0,1,50,12,4,1,75,75120,2,7,0,3,RUE DES PYRENEES,48.865074363,2.3983442728,18,2,2
202100025792,155Â 588,A01,7,2,2,5,1,-1,-1,0,0,-1,2021,15.0,2,2,10,0,1,1,1,,3,235,-1,,2,2,0,1,2,50,3,, -1,2,2,1,80,4,8,3,67,67441,1,1,1,7,RD 235,48.834925,7.579059,0,3,1
202100026145,154Â 961,A01,1,1,1,0,2,0,-1,-1, -1,-1,2021,56.0,2,1,0,0,7,1,1,,3,SAINT HILAIRE -ROUTE DE-,0,,2,2,0,1,1,0,2,, -1,2,0,1,50,31,7,1,11,11069,2,1,0,7,SAINT HILAIRE -ROUTE DE-,43.2015,2.3598,9,1,1
202100015275,174Â 409,A01,10,3,1,9,0,-1,-1,6,9,2,2021,73.0,3,4,0,0,0,1,0,,9,,0,,2,1,0,1,(1),(1),3,,3,1,0,1,50,29,9,1,6,6023,1,1,0,6,1146 Chemin de BourgÃ©mo,43.944576,7.50598,16,2,1
202100024969,157Â 030,A01,2,2,2,5,2,6,-1,0,0,-1,2021,30.0,1,1,0,2,5,17,1,,3,844,-1,,2,2,0,2,3,130,1,, -1,1,0,1,80,9,8,1,26,26169,1,3,0,3,1920 Route de Donzere,44.470426,4.741749,10,3,2
202100023358,159Â 863,A01,1,1,1,5,0,-1,-1,0,0,-1,2021,23.0,1,1,12,0,1,1,1,,3,5,-1,,2,2,0,1,3,100,1,, -1,1,0,1,50,8,8,3,43,43120,2,1,0,6,Route de FrugÃ¨res,45.385174,3.273566,22,1,1
202100037533,134Â 577,A01,1,1,1,0,1,-1,-1,0,0,-1,2021,55.0,0,2,0,2,3,9,1,,3,648,0,,2,2,0,1,1,920,1,, -1,1,0,1,50,31,5,1,27,27072,2,9,0,3,D648,49.104985,1.526467,9,2,2
202100049446,113Â 378,A01,1,1,2,0,1,-1,-1,0,0,-1,2021,47.0,1,2,2,0,1,2,1,,3,930,0,D,2,2,0,3,54,400,2,, -1,2,0,3,80,4,3,1,60,60111,1,1,1,6,D930,49.6313832511,2.4600255489,12,1,1
202100013829,176Â 974,A01,1,1,1,0,-1,0,-1,-1, -1,-1,2021,27.0,2,1,0,2,7,15,1,,3,LINGENFELD (AVENUE DE),0,,4,3,0,1,0,795,1,, -1,1,5,1,50,7,10,2,77,77468,2,3,0,3,D128,48.84366,2.65469,19,2,2
202100031358,145Â 693,B01,1,1,2,9,1,-1,-1,0,0,-1,2021,63.0,2,2,0,2,8,1,1,,3,18,0,,2,2,0,1,16,830,1,, -1,1,0,1,80,2,7,1,86,86281,1,2,0,3,RD 18,46.732844,0.192372,11,3,2
202100019255,167Â 213,A01,1,1,1,0,8,-1,-1,0,0,-1,2021,29.0,0,2,10,0,0,0,1,,3,956,0,D,2,2,0,1,31,238,2,, -1,1,2,8,90,12,8,3,41,41049,1,1,0,6,D956,47.339265,1.482319,3,1,1
202100007276,188Â 747,A01,1,1,2,5,1,0,-1,-1, -1,-1,2021,31.0,2,2,0,2,1,9,1,,1,VA007418 PONT JUMEAUX A620 Sortie 30,0,,1,3,0,1,5,323,1,, -1,1,0,1,90,18,11,5,31,31555,2,1,0,4,VA007418 PONT JUMEAUX A620 Sortie 30,43.60865,1.41142,19,4,4
202100003271,195Â 915,B01,1,1,1,0,8,0,-1,-1, -1,-1,2021,60.0,2,1,0,2,1,1,5,,3,907,0,,2,2,0,2,0,0,1,, -1,2,0,1,50,12,12,1,92,92076,2,2,0,3,REPUBLIQUE,48.8373498484,2.1526953578,10,2,2
202100043708,123Â 562,A01,1,1,1,5,2,-1,-1,0,0,-1,2021,59.0,1,1,0,2,1,1,5,,3,25,0,H,2,2,0,3,4,400,2,, -1,1,0,1,50,17,4,1,21,21565,2,4,0,3,Rue de Gilly,47.206104,5.011649,14,2,2
202100050865,110Â 760,A01,10,3,1,3,0,-1,-1,2,3,1,2021,81.0,3,5,1,1,4,26,1,,4,AV CHARLES GOUNOD,0,,1,1,0,1,0,100,1,, -1,1,0,1,30,19,2,1,91,91215,2,1,0,6,AV CHARLES GOUNOD,48.6958,2.5226,9,2,1
202100034550,139Â 965,A01,10,3,2,3,0,-1,-1,5,1,1,2021,68.0,1,1,0,1,1,1,3,,3,992,0,,-1,0,0,1,0,0,1,, -1,1,0,4,50,12,6,1,92,92025,2,1,0,6,CHARLES DE GAULLE (BD),48.914778,2.228499,14,2,1
202100005454,192Â 040,A01,1,1,2,1,2,6,-1,0,0,-1,2021,19.0,1,1,0,2,0,0,1,,3,,-1,,2,1,0,2,7,150,3,,4,2,0,1,80,30,11,1,38,38148,1,1,0,1,route de la chapelle,45.615133,5.465119,10,2,2
202100050987,110Â 546,A01,1,1,1,1,8,-1,-1,0,0,-1,2021,33.0,2,2,4,0,5,0,1,,1,A1,0,A,3,5,0,1,158,650,1,, -1,1,0,1,130,19,2,3,62,62259,1,1,0,4,A1,50.200842,2.878678,19,6,5
202100050083,112Â 215,A01,1,1,1,4,2,0,-1,-1, -1,-1,2021,37.0,3,1,12,0,3,21,1,,4,PAVE DE MEUDON (ROUTE DU)  (4),0,,1,2,1,1,0,0,1,, -1,1,9,1,50,26,2,3,92,92022,2,1,0,6,PAVE DE MEUDON (ROUTE DU)  (4),48.80394,2.19913,21,1,1
202100056287,101Â 284,A01,1,1,2,9,0,-1,-1,0,0,-1,2021,39.0,3,1,0,2,0,19,3,,4,DE SERRES (RUE OLIVIER),0,,1,1,1,1,0,0,1,, -1,2,5,1,50,4,1,1,93,93073,2,3,0,3,DE SERRES (RUE OLIVIER),48.94707,2.57274,14,2,2
202100049641,113Â 010,A01,10,3,2,5,0,-1,-1,1,5,2,2021,7.0,3,2,0,1,1,1,1,,4,NIVERNAIS (DU),0,,1,1,0,1,(1),(1),1,, -1,1,0,1,30,1,3,1,35,35238,2,1,0,6,NIVERNAIS (DU),48.12203,-1.70957,15,2,1
202100035921,137Â 478,B01,1,1,2,4,1,5,-1,0,0,-1,2021,24.0,0,2,0,0,4,1,1,,4,NETREVILLE (RUE DE),0,,-1,2,0,1,(1),(1),1,, -1,1,0,1,50,5,6,1,27,27299,2,1,0,2,NETREVILLE (RUE DE),49.03574,1.17435,20,4,2
202100018498,168Â 568,B01,1,1,1,0,2,6,-1,0,0,-1,2021,46.0,3,1,0,2,1,9,1,,2,7,-1,,3,5,0,1,28,160,1,, -1,1,0,1,50,17,9,1,38,38468,2,2,0,3,N7,45.349124,4.802962,15,2,2
202100041193,127Â 968,A01,1,1,1,5,8,-1,-1,0,0,-1,2021,44.0,2,2,8,0,1,1,1,,3,26,-1,,2,2,0,2,31,900,1,, -1,1,0,8,80,7,5,1,58,58097,1,1,0,6,Lieu Dit Romenay,46.914129,3.544089,14,1,1
202100042414,125Â 814,C01,2,2,1,0,1,0,-1,-1,0,-1,2021,51.0,1,2,0,2,4,2,1,,2,ROUTE NATIONALE 356,0,,3,4,0,1,5,99,1,, -1,2,0,1,90,26,4,1,59,59646,1,1,1,4,ROUTE NATIONALE 356,50.665719,3.114137,8,5,4
202100035698,137Â 903,A01,10,3,2,0,0,-1,-1,3,3,1,2021,70.0,3,2,0,1,1,15,1,,4,ITHURRICO ETCHEA (RUE),0,,2,2,0,1,0,0,1,, -1,1,0,1,50,7,6,1,64,64483,2,1,0,6,ITHURRICO ETCHEA (RUE),43.38828,-1.6489,13,2,1
202100029859,148Â 420,A01,1,1,1,0,1,0,-1,-1, -1,-1,2021,50.0,2,1,0,2,4,2,1,,3,911,0,,1,2,1,1,0,0,1,, -1,1,0,1,50,9,7,1,92,92024,2,1,0,3,JEAN JAURES (BD) DE (120 A 138),48.9063408503,2.3011226798,19,2,2
202100027407,152Â 723,A01,1,1,1,5,1,8,-1,-1, -1,-1,2021,20.0,1,5,1,0,3,1,1,,3,MARECHAL JOFFRE (BD DU) (1 A 41 - 2 A 56,0,,1,2,0,2,0,0,1,, -1,1,0,1,50,23,7,5,92,92014,2,1,0,6,MARECHAL JOFFRE (BD DU) (1 A 41 - 2 A 56,48.78541,2.31669,4,1,1
202100006791,189Â 644,A01,1,1,2,0,1,0,-1,-1, -1,-1,2021,59.0,2,2,0,2,9,0,1,,1,A52-Sens Pont de l'Etoile vers Toulon,0,,1,2,0,1,23,100,1,, -1,2,0,1,130,21,11,3,13,13005,1,1,1,5,A52-Sens Pont de l'Etoile vers Toulon,43.30216,5.59089,20,4,4
202100009519,184Â 697,B01,1,1,2,0,8,-1,-1,0,0,-1,2021,27.0,3,2,0,2,3,1,1,,4,,-1,,2,2,0,1,(1),(1),1,,4,1,0,1,-1,5,11,1,1,1069,2,1,0,1,Chemin des Buclanes,46.153943,5.262194,8,2,2
202100001118,199Â 770,B01,2,2,2,5,1,-1,-1,0,0,-1,2021,46.0,1,2,4,0,4,2,1,,1,13,0,A,3,5,0,1,105,0,1,, -1,2,0,1,130,29,12,3,27,27188,1,1,0,2,,49.291091,1.123604,18,7,2
202100034559,139Â 949,A01,1,1,1,0,2,8,-1,-1, -1,-1,2021,18.0,1,1,0,2,1,2,1,,4,STRASBOURG (BD DE ),0,,2,6,0,1,0,0,1,, -1,1,0,1,50,12,6,5,83,83137,2,1,0,2,STRASBOURG (BD DE ),43.1249,5.93233,22,2,2
202100002395,197Â 497,A01,10,3,1,5,0,-1,-1,2,3,1,2021,91.0,2,2,0,1,2,1,1,,4,RICHELIEU,0,,2,2,0,1,0,0,1,, -1,1,0,1,50,16,12,5,64,64445,2,1,0,6,RICHELIEU,43.3022522555,-0.3564843535,7,2,1
202100004768,193Â 261,B01,1,1,1,0,0,-1,-1,-1, -1,-1,2021,73.0,3,1,0,2,1,1,5,,4,RUE DE LACANAU CAUD,0,,2,2,0,1,(1),(1),1,, -1,2,0,1,50,4,12,1,33,33063,2,6,1,3,Rue de Lacanau,44.8483,-0.61686,11,2,2
202100006952,189Â 343,A01,1,1,1,5,1,-1,-1,0,0,-1,2021,28.0,1,2,13,0,2,1,1,,1,16,-1,A,1,2,0,2,29,600,3,, -1,1,0,3,70,21,11,3,95,95313,1,1,0,6,A16,49.105708,2.259793,21,1,1
202100028255,151Â 189,A01,1,1,1,5,1,0,-1,-1, -1,-1,2021,20.0,2,2,0,2,4,1,1,,1,A7-Sens Marseille vers Lyon,0,,1,3,0,1,276,0,1,, -1,1,0,1,90,19,7,1,13,13215,1,1,0,2,A7-Sens Marseille vers Lyon,43.36023,5.36228,16,2,2
202100033496,141Â 904,B01,1,1,1,1,0,-1,-1,0,0,-1,2021,20.0,2,1,0,2,1,16,1,,2,4,-1,,2,2,0,1,(1),(1),2,, -1,1,0,1,80,14,6,1,971,97125,2,3,0,1,rn 4,16.260104,-61.292497,13,2,2
202100025210,156Â 602,A01,1,1,1,5,2,6,9,0,0,-1,2021,31.0,1,1,12,0,0,1,1,,1,28,0,A,2,2,0,1,97,0,1,, -1,1,0,1,80,1,8,1,72,72058,1,1,0,7,"autoroute A28, sortie numÃ©ro 23",48.004941,0.311844,11,1,1
202100004173,194Â 295,B01,1,1,2,0,1,-1,-1,0,0,-1,2021,73.0,2,2,0,2,3,1,1,,7,286,0,D,2,2,0,3,24,550,4,, -1,1,0,1,80,8,12,1,35,35208,1,1,0,1,Les VolardiÃ¨res,47.985599,-1.660631,11,2,2
202100005944,191Â 170,B01,1,1,1,0,1,5,-1,-1, -1,-1,2021,45.0,1,2,0,2,2,0,1,,3,MERMOZ (RUE JEAN),0,,2,2,0,1,0,0,1,, -1,1,0,1,50,26,11,2,45,45338,2,9,0,3,MERMOZ (RUE JEAN),47.9808,2.72313,7,2,2
202100049642,113Â 009,B01,1,1,1,1,2,0,-1,-1, -1,-1,2021,60.0,2,1,0,2,5,1,1,,7,173 RD,0,,1,3,0,1,47,749,2,, -1,1,5,1,50,1,3,2,35,35055,1,6,0,3,RD 173,48.0782,-1.6328,6,2,2
202100035022,139Â 097,B01,1,1,2,5,2,4,-1,0,0,-1,2021,29.0,2,1,0,2,0,1,5,,4,HUIT MAI 1945 (DE 46 A FIN SANS NÂ° IMPAI,0,,1,1,0,1,(1),(1),3,, -1,1,5,1,50,9,6,1,29,29019,2,6,0,3,Rue du Huit Mai 1945,48.4125,-4.4756,14,3,2
202100015886,173Â 273,A01,10,3,1,1,0,-1,-1,4,3,1,2021,51.0,1,2,0,1,1,1,1,,3,GENERAL DE GAULLE (RUE DU),0,,-1,1,0,1,38,470,1,, -1,1,0,1,30,30,9,1,78,78638,2,1,0,6,GENERAL DE GAULLE (RUE DU),49.00366,1.96938,12,2,1
202100020786,164Â 490,B01,1,1,1,5,2,-1,-1,0,0,-1,2021,59.0,2,1,0,2,1,1,5,,4,765,0,D,2,2,0,2,(1),(1),1,, -1,1,0,1,50,29,8,1,29,29233,2,1,0,1,41 Rue de Quimper,47.875168,-3.547104,11,2,2
202100012697,179Â 022,B01,1,1,1,5,2,-1,-1,0,0,-1,2021,19.0,1,6,0,2,3,1,1,,3,221,0,D,2,2,0,4,28,100,1,,4,1,0,1,50,17,10,1,35,35195,1,3,0,1,Lieu Dit Langager,48.30415,-1.685227,12,2,2
202100054393,104Â 538,A01,10,3,1,0,0,-1,-1,1,0,1,2021,28.0,0,2,0,1,2,21,1,,3,103,-1,,1,4,1,1,4,92,1,, -1,1,0,1,90,18,1,3,6,6152,1,1,0,6,Route du Parc,43.613312,7.045176,21,2,1
202100029501,149Â 061,A01,1,1,2,5,2,6,9,0,0,-1,2021,50.0,3,1,0,0,1,16,1,,4,,-1,,2,2,0,2,(1),(1),3,,5,9,0,1,90,12,7,1,15,15084,1,3,1,7,6 Cazillac,44.750898,2.466083,12,1,1
202100051247,110Â 081,B01,1,1,1,5,0,-1,-1,0,0,-1,2021,60.0,1,1,0,2,4,2,3,,4,,0,,2,2,0,1,(1),(1),1,, -1,1,0,1,50,17,2,1,85,85226,2,1,0,2,86 Rue de la Touche,46.71509,-1.965567,17,2,2
202100002092,198Â 060,C01,1,1,1,0,1,-1,-1,0,0,-1,2021,49.0,1,2,0,2,2,1,1,,1,A5,0,,1,3,3,1,18,100,1,, -1,1,0,1,130,21,12,3,77,77100,1,1,0,2,"Autoroute A5, sens PARIS vers Province PK018.100",48.510302,2.828892,19,5,3
202100032622,143Â 452,B01,1,1,1,0,2,0,-1,-1, -1,-1,2021,23.0,1,1,0,2,0,0,1,,1,AUTOROUTE A3,0,,3,7,0,1,8,399,1,, -1,1,0,1,110,24,6,3,93,93010,1,1,0,2,AUTOROUTE A3,48.90874,2.47377,1,3,2
202100039337,131Â 286,A01,10,3,2,5,0,-1,-1,9,4,1,2021,6.0,3,2,0,1,6,20,1,,6,,-1,A,-1,-1,0,1,341,0,1,, -1,1,0,8,50,19,5,1,11,11068,1,1,0,6,A61,43.1784714,2.543039918,15,2,1
202100035827,137Â 666,A01,2,2,2,0,2,-1,-1,0,0,-1,2021,45.0,1,1,0,2,8,9,1,,3,3,0,A,2,2,2,1,7,100,1,, -1,1,0,1,50,7,6,1,973,97309,2,1,0,3,Avenue Gaston Monnerville,4.887644,-52.283742,16,3,2
202100041265,127Â 840,A01,10,3,1,0,8,8,-1,4,5,2,2021,10.0,3,2,0,1,1,2,1,,4,MOZART                              (R ),0,,1,1,0,1,(1),(1),1,, -1,1,0,1,50,5,5,1,69,69290,2,2,0,6,MOZART (R),45.69393,4.93837,18,2,1
202100013287,177Â 989,B01,1,1,1,5,1,-1,-1,0,0,-1,2021,78.0,2,2,0,2,3,1,1,,3,CABOURG (ROUTE DE),0,,2,4,0,2,1,0,4,, -1,1,0,1,70,13,10,5,14,14437,2,9,0,1,D513,49.180699,-0.326762,21,3,2
202100027810,152Â 004,A01,1,1,1,1,2,6,-1,0,0,-1,2021,20.0,2,1,0,2,1,1,1,,3,55,0,D,2,2,0,1,(1),(1),1,, -1,1,0,1,50,22,7,5,201,201130,2,1,0,3,Centre commercial i candilelli,41.89969,8.810413,0,2,2
202100054548,104Â 270,A01,10,3,2,5,0,-1,-1,2,3,2,2021,48.0,1,1,0,1,1,1,1,,4,293,0,,1,1,0,2,0,0,2,, -1,2,5,1,50,8,1,1,988,98818,2,2,0,6,RUE DU DOCTEUR GUEGAN/RUE EUGENE PORCHERON,-22.27557,166.44476,12,2,1
202100012379,179Â 585,B01,1,1,1,9,2,8,-1,-1, -1,-1,2021,20.0,1,1,0,2,1,17,1,,4,CATAYEE (JUSTIN),0,,2,1,0,1,(1),(1),1,, -1,1,0,1,50,18,10,1,973,97302,2,1,0,5,CATAYEE (JUSTIN),4.9394360294,-52.3306197524,15,3,3
202100029746,148Â 621,A01,1,1,1,5,2,8,-1,0,0,-1,2021,32.0,1,1,15,0,1,1,1,,3,ILES SANGUINAIRES ROUTE DES,0,,2,2,0,1,(1),(1),2,, -1,1,0,1,50,10,7,5,201,201004,2,1,0,7,ILES SANGUINAIRES ROUTE DES,41.908,8.685,1,1,1
202100041618,127Â 213,B01,1,1,1,3,2,6,9,0,0,-1,2021,20.0,3,1,0,2,1,1,1,,3,,-1,,2,2,0,1,1,500,1,,4,1,9,1,50,2,5,1,69,69019,2,9,0,3,PRES DE LA CLOCHE (DES) (R),46.1047109732,4.7461846918,10,2,2
202100024281,158Â 268,B01,1,1,2,1,8,-1,-1,-1, -1,-1,2021,21.0,1,0,0,2,1,1,3,,4,CITE DASVIN DE BOISMARIN,0,,1,1,2,1,(1),(1),1,, -1,1,0,1,30,12,8,1,33,33063,2,3,0,3,CitÃ© Dasvin de Boismarin,44.85027,-0.54485,13,2,2
202100002160,197Â 923,A01,1,1,1,5,1,0,-1,-1, -1,-1,2021,27.0,1,2,0,2,1,1,1,,3,ALLENDE (AVENUE SALVADOR),0,,2,2,0,1,0,1,1,, -1,1,5,1,50,19,12,5,93,93031,2,2,0,1,ALLENDE (AVENUE SALVADOR),48.9546747007,2.3080139534,0,2,2
202100054897,103Â 684,B01,1,1,1,5,1,0,-1,-1, -1,-1,2021,55.0,3,2,0,2,1,15,1,,4,FLORENCE (AVENUE DE),0,,2,2,0,1,(1),(1),1,, -1,2,0,1,50,14,1,1,37,37261,2,3,1,3,FLORENCE (AVENUE DE),47.3757332872,0.7340347909,14,2,2
202100027814,151Â 997,A01,1,1,1,1,2,-1,-1,0,0,-1,2021,37.0,1,1,0,6,6,1,0,,3,224,-1,,2,2,0,2,10,411,1,, -1,1,0,1,80,9,7,1,61,61044,1,1,0,6,D224,48.847395,-0.4893479,8,1,1