Num_Acc,id_vehicule,num_veh,place,catu,sexe,trajet,secu1,secu2,secu3,locp,actp,etatp,year_acc,victim_age,senc,catv,obs,obsm,choc,manv,motor,occutc,catr,voie,v1,v2,circ,nbv,vosp,prof,pr,pr1,plan,lartpc,larrout,surf,infra,situ,vma,jour,mois,lum,dep,com,agg_,int,atm,col,adr,lat,long,hour,nb_victim,nb_vehicules
202100055170,103Â 200,B01,1,1,2,5,1,0,-1,-1, -1,-1,2021,27.0,1,2,0,2,2,1,1,,4,BRUN PAIN (RUE DU),0,,2,2,0,1,(1),(1),1,, -1,1,5,1,50,12,1,1,59,59599,2,3,0,3,BRUN PAIN (RUE DU),50.7307479139,3.1334827537,15,3,2
202100036146,137Â 075,B01,1,1,2,5,1,-1,-1,0,0,-1,2021,68.0,1,2,0,2,1,0,1,,3,261,0,D,2,2,0,1,7,600,2,, -1,1,0,1,90,7,6,1,72,72080,1,1,0,1,d261,48.143196,0.644095,12,2,2
202100043744,123Â 494,A01,1,1,1,4,1,0,-1,-1, -1,-1,2021,24.0,1,5,4,0,1,2,1,,3,VICTOR SCHOELCHER (AVENUE),0,,1,2,0,1,0,0,2,, -1,1,0,3,50,16,4,1,91,91687,2,1,0,6,VICTOR SCHOELCHER (AVENUE),48.65468,2.37079,13,1,1
202100029724,148Â 662,A01,1,1,1,5,1,-1,-1,-1, -1,-1,2021,27.0,2,2,0,2,1,2,1,,1,AUTOROUTE A 62,0,,3,4,0,1,4,199,1,, -1,1,0,1,130,10,7,3,33,33080,1,1,0,2,AUTOROUTE A 62,44.73749,-0.53403,2,2,2
202100005468,192Â 012,B01,1,1,2,0,2,0,-1,-1, -1,-1,2021,42.0,2,1,0,2,1,1,0,,4,ROTONDE (RUE DE LA),0,,2,2,0,1,0,1,2,, -1,1,0,1,30,24,9,1,74,74305,2,1,0,1,ROTONDE (RUE DE LA),46.20151,6.23587,8,2,2
202100039405,131Â 161,A01,10,3,1,0,0,-1,-1,3,3,2,2021,5.0,1,1,0,1,0,17,1,,4,,0,,3,4,0,1,(1),(1),1,, -1,1,9,1,30,14,5,1,6,6029,2,1,0,6,CROISETTE (BOULEVARD DE LA),43.55137,7.0175,12,2,1
202100013368,177Â 844,A01,1,1,2,0,1,0,-1,-1, -1,-1,2021,59.0,1,2,4,2,2,1,1,,1,AUTOROUTE A86,0,,1,4,0,1,15,699,1,, -1,1,0,1,90,14,10,1,93,93066,1,1,0,3,AUTOROUTE A86,48.9219293849,2.3630047717,10,2,2
202100045896,119Â 721,A01,1,1,1,1,2,6,-1,-1, -1,-1,2021,25.0,2,1,0,2,0,21,1,,3,ROSNY (AVENUE DE),0,,1,2,0,1,0,1,1,, -1,2,0,1,50,19,1,1,93,93077,2,9,1,7,ROSNY (AVENUE DE),48.88295,2.4987,9,2,2
202100048754,114Â 617,A01,1,1,1,5,1,-1,-1,0,0,-1,2021,86.0,1,2,13,0,3,13,1,,3,626,-1,D,2,2,0,1,98,950,1,, -1,1,0,3,50,24,2,1,40,40019,2,1,0,6,949 Route des Lacs,44.215187,-1.196897,13,1,1
202100052491,107Â 898,B01,1,1,2,5,1,-1,-1,0,0,-1,2021,79.0,1,2,0,2,8,15,1,,3,681,-1,,2,2,0,1,31,200,1,, -1,1,0,1,80,5,2,1,71,71184,1,1,0,3,D681,47.022368,4.327283,10,2,2
202100027311,152Â 909,A01,1,1,2,9,8,8,-1,-1, -1,-1,2021,40.0,2,5,1,0,1,26,1,,1,6,0,,1,4,0,1,13,500,1,, -1,1,0,1,110,24,7,4,91,91161,1,1,0,4,AUTOROUTE A6,48.7018,2.30861,2,3,3
202100035418,138Â 409,A01,1,1,1,1,2,6,-1,0,0,-1,2021,45.0,2,1,15,0,9,1,1,,3,708,-1,,2,2,0,1,4,820,2,, -1,1,0,1,80,10,6,1,33,33369,1,4,0,6,,44.801517,0.225896,19,1,1
202100020825,164Â 420,A01,1,1,2,5,0,-1,-1,0,0,-1,2021,63.0,1,2,0,0,3,26,1,,4,MAHY(RUE F DE),0,,1,1,0,2,0,0,1,, -1,1,0,1,50,4,9,5,974,97416,2,1,0,6,MAHY(RUE F DE),-21.34,55.47551,19,2,1
202100034469,140Â 112,B01,1,1,1,5,8,-1,-1,0,0,-1,2021,57.0,1,1,0,2,7,17,1,,3,CD939,-1,,2,4,0,1,132,400,1,, -1,1,9,1,80,13,6,1,62,62282,1,1,0,3,CD939,50.387494,2.174907,17,2,2
202100043167,124Â 507,A01,1,1,1,5,2,8,-1,-1, -1,-1,2021,17.0,1,1,0,2,1,1,1,,4,BERGONIE (RUE DOCTEUR),0,,2,2,0,1,(1),(1),1,, -1,1,0,1,50,20,4,1,37,37261,2,2,0,3,BERGONIE (RUE DOCTEUR),47.37814,0.70952,17,3,2
202100036007,137Â 324,A01,10,3,1,2,0,-1,-1,3,3,1,2021,16.0,1,2,0,1,3,1,2,,3,304,-1,,2,2,0,2,1,500,3,, -1,1,0,1,50,8,6,1,53,53147,2,1,0,6,6 Boulevard de l  Europe,48.300075,-0.620915,8,2,1
202100012592,179Â 209,B01,1,1,1,5,1,8,-1,-1, -1,-1,2021,22.0,1,5,0,2,1,1,1,,1,A507 sens Marseille - Aubagne,0,,1,3,0,1,1,0,1,, -1,1,0,1,70,18,10,3,13,13055,1,1,0,2,A507 sens Marseille - Aubagne,43.287123,5.424801,20,2,2
202100054557,104Â 254,B01,1,1,2,1,1,0,-1,-1, -1,-1,2021,26.0,2,2,0,2,6,1,1,,4,ALLENDE (QUAI SALVADOR),0,,3,4,0,1,1,500,1,, -1,1,0,1,50,15,1,5,87,87085,2,1,0,3,ALLENDE (QUAI SALVADOR),45.81847,1.25665,18,2,2
202100035200,138Â 777,A01,10,3,2,5,0,-1,-1,2,3,1,2021,17.0,3,2,0,1,3,1,1,,4,PORT DE BOUC ROUTE DE,0,,2,2,0,1,0,0,1,, -1,1,0,1,50,1,6,1,13,13056,2,1,0,6,PORT DE BOUC ROUTE DE,43.41048,5.01906,9,2,1
202100034645,139Â 791,B01,1,1,2,1,1,-1,-1,0,0,-1,2021,30.0,2,2,0,2,4,1,1,,2,12,-1,,3,4,0,2,50,600,1,, -1,1,0,1,110,14,6,1,29,29116,1,1,0,2,N12 PK 50+600,48.494768,-4.204373,8,2,2
202100050323,111Â 749,A01,1,1,1,0,2,6,-1,-1, -1,-1,2021,18.0,1,1,0,0,8,1,1,,3,BAYONNE (AVENUE DE),0,,2,2,0,1,8,995,1,, -1,1,0,1,50,24,2,1,64,64024,2,1,0,7,BAYONNE (AVENUE DE),43.4828037255,-1.504483223,18,2,1
202100028251,151Â 196,B01,1,1,1,5,2,6,9,0,0,-1,2021,53.0,3,1,0,2,4,18,1,,3,122,0,,2,2,0,1,17,300,1,, -1,1,0,1,80,19,7,1,7,7203,1,4,0,3,,44.808465,4.210188,16,2,2
202100012749,178Â 929,A01,1,1,1,5,2,-1,-1,0,0,-1,2021,61.0,0,1,13,0,2,0,1,,2,101,-1,,2,2,0,1,(1),(1),1,, -1,2,0,3,60,9,10,1,987,98714,1,1,1,3,quartier Amanahune - rte 101,-16.495417,-151.738889,11,2,1
202100036279,136Â 830,B01,1,1,1,9,8,0,-1,-1, -1,-1,2021,48.0,2,1,0,2,0,0,1,,3,CROISAT AMBROISE RD 29 BIS,0,,2,2,0,2,0,1,1,, -1,2,1,1,50,4,6,5,93,93066,2,9,1,2,Rue Ambroise Croizat,48.9324169904,2.3489259542,17,2,2
202100051644,109Â 376,B01,1,1,2,0,1,-1,-1,-1, -1,-1,2021,40.0,1,5,0,2,1,1,1,,4,TONY GARNIER                        (AV),0,,3,6,0,1,(1),(1),1,, -1,5,0,1,50,12,2,5,69,69387,2,1,1,3,TONY GARNIER (AV),45.7265842479,4.8324276836,21,3,2
202100053398,106Â 277,A01,1,1,1,1,1,-1,-1,0,0,-1,2021,19.0,2,2,8,0,2,1,1,,3,17,0,,2,2,0,1,5,311,1,, -1,2,0,3,80,29,1,3,17,17097,1,2,0,6,Le dougnot,45.648698,-0.891223,7,2,2
202100054371,104Â 574,A01,1,1,1,5,8,0,-1,-1, -1,-1,2021,44.0,1,0,0,2,8,1,3,,4,PARMENTIER (RUE),0,,1,1,0,1,1,0,1,, -1,2,5,1,50,19,1,1,93,93048,2,2,1,3,PARMENTIER (RUE),48.85931,2.43168,10,2,2
202100037588,134Â 472,B01,1,1,1,0,2,0,-1,0,0,-1,2021,31.0,1,1,0,2,1,1,1,,4,ARC (RUE JEANNE D') NÂ° 177-190 A FIN,0,,1,3,0,1,(1),(1),1,, -1,1,0,1,50,29,5,1,54,54395,2,1,0,3,ARC (RUE JEANNE D') NÂ° 177-190 A FIN,48.6794860433,6.1762046505,12,3,2
202100000789,200Â 304,A01,1,1,1,1,2,0,-1,-1, -1,-1,2021,30.0,2,1,0,2,3,13,1,,4,LAFERRIERE(AVENUE),0,,2,2,0,1,1,0,1,, -1,2,0,1,50,29,12,1,94,94028,2,9,1,1,Avenue LaferriÃ¨re,48.80015,2.45581,10,2,2
202100031362,145Â 688,A01,1,1,1,5,0,-1,-1,0,0,-1,2021,21.0,0,1,0,0,0,1,1,,4,,-1,,2,2,0,1,(1),(1),1,,4,1,0,3,50,17,6,3,44,44079,2,1,0,7,rue de bellevue,47.209148,-1.299928,2,1,1
202100044206,122Â 659,B01,1,1,1,4,1,-1,-1,0,0,-1,2021,39.0,1,5,0,0,4,1,1,,1,43,-1,,3,4,0,2,55,950,2,, -1,1,0,1,130,14,4,2,38,38357,1,1,0,2,A 43 Pk055.900,45.564304,5.519428,6,2,2
202100002086,198Â 070,B01,2,2,2,3,1,-1,-1,0,0,-1,2021,25.0,1,2,0,2,1,1,1,,3,82,0,D,2,2,0,2,5,950,2,, -1,1,0,1,80,21,12,3,4,4094,1,1,0,1,RD 82 Le creve coeur,43.773248,5.876076,18,3,2
202100005847,191Â 337,I01,3,2,1,0,1,0,-1,-1, -1,-1,2021,9.0,2,2,0,2,0,0,1,,1,AUTOROUTE A6,0,,2,6,0,2,18,850,1,, -1,2,0,1,110,27,11,1,91,91434,1,1,1,5,AUTOROUTE A6,48.66834,2.35449,16,11,10
202100001638,198Â 876,C01,1,1,1,0,1,0,-1,-1, -1,-1,2021,59.0,3,2,0,2,3,0,1,,3,MERMOZ (AVENUE JEAN),0,,2,2,0,1,0,1,1,, -1,1,0,1,50,23,12,2,93,93027,2,6,0,5,MERMOZ (AVENUE JEAN),48.93208,2.39966,17,5,3
202100038416,132Â 973,A01,10,3,1,5,0,-1,-1,2,3,1,2021,11.0,1,2,0,1,2,1,1,,4,,0,,2,2,0,1,0,0,1,, -1,1,0,1,50,23,5,1,92,92063,2,1,0,6,GALLIENI (RUE),48.873655221,2.2014840692,17,2,1
202100002491,197Â 322,A01,1,1,1,0,1,-1,-1,0,0,-1,2021,21.0,1,2,4,0,3,0,1,,1,7,0,,2,5,0,1,136,1,1,, -1,1,0,1,130,18,12,3,26,26138,1,1,0,2,Autoroute A7,44.384969,4.731202,21,2,2
202100047646,116Â 587,A01,1,1,1,4,2,6,-1,0,0,-1,2021,33.0,2,1,0,2,1,3,1,,4,PORTE D ISSY,0,,1,4,0,1,10,0,1,, -1,1,0,1,70,17,3,1,75,75115,2,1,0,2,PORTE D ISSY,48.83478,2.266797,13,2,2
202100043863,123Â 263,A01,10,3,1,5,0,-1,-1,2,3,1,2021,68.0,1,2,0,1,1,1,1,,2,SAINT GERMAIN (ROUTE DE),0,,3,4,0,2,24,600,1,, -1,1,0,1,50,15,4,1,78,78350,2,9,0,6,SAINT GERMAIN (ROUTE DE),48.86658,2.1129,16,2,1
202100032522,143Â 633,A01,10,3,1,5,0,-1,-1,2,3,1,2021,12.0,1,2,0,1,3,1,2,,4,RUE DE DOUAI,0,,1,1,0,1,(1),(1),1,, -1,1,0,1,30,24,6,1,75,75109,2,7,0,6,RUE DE DOUAI,48.883452,2.329877,14,2,1
202100008088,187Â 276,B01,1,1,2,1,1,-1,-1,0,0,-1,2021,57.0,2,5,0,2,1,2,1,,3,981,0,D,2,2,0,1,40,500,1,, -1,1,0,1,80,4,11,3,58,58306,1,1,0,1,D981,46.844577,3.593903,18,2,2
202100032803,143Â 141,A01,2,2,2,5,2,0,-1,-1, -1,-1,2021,23.0,1,1,0,2,3,15,1,,1,A4,0,,1,2,0,4,4,0,1,, -1,1,0,1,90,22,6,4,94,94069,1,1,0,3,A4,48.81732,2.43921,2,3,2
202100003318,195Â 834,B01,2,2,2,5,1,-1,-1,-1, -1,-1,2021,18.0,2,2,0,2,4,1,1,,7,RD383   11.750 A 14.250,0,,3,6,0,1,12,600,1,, -1,1,0,1,70,12,12,5,69,69259,1,1,0,2,LAURENT BONNEVAY (BD),45.7186049112,4.8722863197,3,3,2
202100037851,134Â 002,A01,1,1,1,1,1,0,-1,-1, -1,-1,2021,63.0,2,5,8,0,1,9,1,,4,avenue de la cite,0,,1,1,0,1,0,0,3,, -1,1,0,1,50,28,5,2,94,94021,2,1,0,6,avenue de la cite,48.763231,2.358496,5,1,1
202100034986,139Â 160,A01,10,3,2,0,0,-1,-1,2,3,1,2021,8.0,2,2,0,1,2,1,1,,4,RACINE (RUE),0,,2,2,0,1,(1),(1),1,, -1,1,0,1,50,11,6,1,59,59599,2,1,0,6,RACINE (RUE),50.736385245,3.1453578483,19,2,1
202100053610,105Â 892,A01,1,1,1,5,1,5,-1,0,0,-1,2021,20.0,0,2,0,2,1,15,1,,4,MULHOUSE (RUE DE),0,,2,2,0,2,(1),(1),1,, -1,1,0,1,50,26,1,3,27,27229,2,3,0,3,SEMARD (RUE PIERRE),49.01601,1.16572,18,4,2
202100010410,183Â 110,B01,1,1,1,5,2,-1,-1,0,0,-1,2021,35.0,1,1,11,2,0,1,1,,3,562,-1,A,3,2,0,1,38,500,1,, -1,1,0,1,50,30,10,1,14,14623,2,1,0,3,RD 562 A,49.109121,-0.374222,16,2,2
202100028084,151Â 509,A01,1,1,1,0,2,6,-1,-1, -1,-1,2021,29.0,2,1,0,2,1,3,0,,1,AUTOROUTE A1,0,,3,8,0,1,0,200,1,, -1,1,0,1,90,19,7,1,93,93066,1,1,0,2,AUTOROUTE A1,48.90341,2.35857,9,2,2
202100021274,163Â 627,A01,10,3,1,0,0,-1,-1,1,3,1,2021,77.0,2,2,0,1,3,15,1,,3,CABROL JULES (AVENUE),0,,2,2,0,2,15,220,1,, -1,1,0,1,50,1,9,1,12,12013,2,3,0,6,CABROL JULES (AVENUE),44.527032,2.244173,18,2,1
202100042339,125Â 942,B01,8,2,2,0,1,0,-1,0,0,-1,2021,32.0,3,2,1,2,6,1,1,,7,KENNEDY BOULEVARD J.F.,0,,3,2,0,1,(1),(1),1,, -1,2,0,1,50,27,4,1,6,6027,2,1,1,5,KENNEDY BOULEVARD J.F.,43.65353,7.15144,16,8,4
202100010145,183Â 566,B01,1,1,2,1,8,0,-1,-1, -1,-1,2021,51.0,1,0,0,2,8,19,3,,4,PAUL ALBERT (RUE) - PAIR,0,,2,2,0,1,0,0,1,, -1,1,0,1,50,29,10,5,57,57672,2,1,0,6,PAUL ALBERT (RUE) - PAIR,49.3565,6.15446,23,2,2
202100034610,139Â 848,B01,1,1,1,1,2,6,-1,0,0,-1,2021,28.0,1,1,0,2,7,14,1,,4,AVENUE JEAN JAURES,0,,2,2,0,1,(1),(1),1,, -1,1,0,1,30,12,6,2,75,75119,2,1,0,3,AVENUE JEAN JAURES,48.88335,2.372376,21,2,2
202100028955,149Â 970,A01,1,1,1,0,1,4,-1,-1, -1,-1,2021,24.0,2,2,3,0,1,1,1,,1,BDL,0,,3,4,0,2,0,1,3,, -1,2,3,1,70,14,7,1,93,93027,1,1,1,6,BDL,48.93585,2.40396,10,1,1
202100004671,193Â 427,B01,1,1,2,5,1,0,-1,-1, -1,-1,2021,57.0,1,2,0,2,8,0,1,,3,BADUEL (ROUTE DE),0,,2,2,0,1,4,700,1,, -1,2,0,1,50,4,12,2,973,97302,2,1,1,3,BADUEL (ROUTE DE),4.92734,-52.29074,17,4,2
202100008469,186Â 600,B01,1,1,1,0,0,0,-1,-1, -1,-1,2021,62.0,1,1,0,2,8,1,5,,4,ROUTE DE SAINTE LUCE,0,,2,2,2,1,(1),(1),1,, -1,1,0,5,50,11,11,1,44,44109,2,1,0,3,ROUTE DE SAINTE LUCE,47.23631,-1.51821,12,2,2
202100052606,107Â 686,A01,7,2,1,1,1,-1,-1,0,0,-1,2021,23.0,2,2,0,2,1,2,1,,2,12,-1,,3,4,0,1,63,600,1,, -1,1,0,1,110,3,2,1,29,29095,1,1,0,4,RN 12 - PK 63+600,48.4546851636,-4.3720597029,17,9,6
202100023217,160Â 119,C01,9,2,2,5,1,-1,-1,0,0,-1,2021,54.0,2,2,0,2,3,1,1,,3,169,-1,,2,2,0,1,11,350,1,, -1,1,0,1,80,21,8,3,26,26005,1,1,0,5,Route de Grignan,44.477003,4.771135,23,8,3
202100035065,139Â 018,B01,1,1,2,4,2,6,-1,0,0,-1,2021,25.0,2,1,0,2,7,17,1,,4,BOULEVARD JOURDAN,0,,3,2,1,1,(1),(1),1,, -1,1,0,1,50,11,6,1,75,75114,2,1,0,3,BOULEVARD JOURDAN,48.821692,2.332927,15,2,2
202100036024,137Â 296,A01,1,1,2,5,1,-1,-1,0,0,-1,2021,86.0,2,2,4,0,9,1,1,,2,116,0,,2,4,0,3,24,110,2,, -1,1,0,1,110,8,6,1,66,66088,1,1,0,7,N116,42.662936,2.602515,14,1,1
202100043194,124Â 452,A01,1,1,2,3,8,0,-1,0,0,-1,2021,38.0,2,1,1,0,6,13,3,,4,AVENUE DE FLANDRE,0,,2,6,0,1,(1),(1),1,, -1,1,0,1,50,21,4,1,75,75119,2,2,0,6,AVENUE DE FLANDRE,48.888474,2.373871,15,1,1
202100026329,154Â 631,A01,1,1,1,1,8,0,-1,0,0,-1,2021,27.0,1,1,0,0,1,1,3,,4,RUE ERNEST RENAN,0,,1,1,0,1,(1),(1),1,, -1,1,0,1,50,30,7,1,75,75115,2,3,0,7,RUE ERNEST RENAN,48.84231,2.310574,18,1,1
202100049403,113Â 449,B01,2,2,1,5,2,6,-1,-1, -1,-1,2021,20.0,0,1,0,2,1,1,1,,4,COROT (AVENUE),0,,2,2,0,1,(1),(1),1,, -1,1,0,1,50,23,2,1,13,13213,2,1,0,1,COROT (AVENUE),43.324336,5.403427,13,3,2
202100017799,169Â 805,A01,1,1,1,1,2,6,-1,0,0,-1,2021,31.0,2,1,0,2,1,21,1,,2,T40,0,,1,4,0,1,0,20,1,, -1,1,0,1,90,20,9,1,201,201004,1,1,0,2,T40,41.9319632449,8.8033614651,17,2,2
202100012340,179Â 677,A01,1,1,1,2,1,-1,-1,0,0,-1,2021,19.0,3,2,0,2,1,13,1,,4,7,-1,,2,1,0,1,(1),(1),1,, -1,1,0,1,-1,14,10,1,49,49193,1,1,0,1,bec d'oiseau,47.134024,-0.883028,16,2,2
202100036336,136Â 744,A01,1,1,2,5,1,-1,-1,0,0,-1,2021,62.0,2,2,4,0,1,11,1,,1,6,-1,,3,5,0,1,42,88,1,, -1,1,0,1,130,31,5,1,77,77435,1,1,0,6,A6,48.496495,2.513004,10,2,1
202100039690,130Â 636,A01,10,3,2,0,0,-1,-1,3,3,2,2021,49.0,3,2,0,1,1,1,1,,4,AMYOT D'INVILLE (BOULEVARD),0,,2,2,0,1,(1),(1),1,, -1,2,0,1,50,14,5,1,60,60057,2,1,0,6,Boulevard Amyot dâInville,49.4341852915,2.0799458586,12,3,1
202100043814,123Â 366,A01,10,3,2,9,0,-1,-1,2,3,1,2021,60.0,2,2,0,1,4,4,1,,3,912,0,,1,10,0,1,0,0,1,, -1,1,0,1,30,16,4,1,92,92024,2,3,0,6,BELFORT (RUE DE),48.9017688571,2.3174500465,17,2,1
202100005851,191Â 327,A01,1,1,1,5,1,-1,-1,-1,0,-1,2021,21.0,1,2,4,0,1,13,1,,1,AUTOROUTE A1,0,,3,8,0,2,21,0,3,, -1,2,0,1,70,28,11,2,95,95212,1,1,1,6,AUTOROUTE A1,49.0259652857,2.5365184787,10,3,1
202100043179,124Â 479,B01,1,1,1,0,2,0,-1,-1, -1,-1,2021,23.0,1,1,0,2,1,2,1,,3,BARBEZIEUX (AVENUE DE),0,,2,2,0,1,1,0,1,0,"6,2",1,0,1,50,20,4,1,16,16089,2,1,0,1,Lieu-Dit La Pointe Ã  Rullaud,45.668519,-0.326346,14,2,2
202100018040,169Â 380,B01,1,1,1,5,2,6,-1,0,0,-1,2021,16.0,1,1,2,2,3,1,1,,3,10,0,D,2,2,0,1,102,35,1,,7,2,0,1,50,19,9,5,33,33355,2,3,0,1,D10,44.667459,-0.350592,20,2,2
202100001240,199Â 552,A01,2,2,2,5,1,-1,-1,0,0,-1,2021,29.0,1,2,0,2,1,1,1,,3,619,-1,,2,2,0,1,14,456,1,, -1,1,0,1,90,28,12,3,77,77534,1,1,0,1,D619,48.6350909062,2.7452921808,20,3,2
202100052277,108Â 264,B01,1,1,2,5,1,-1,-1,0,0,-1,2021,26.0,1,5,0,0,8,15,1,,3,912,-1,,2,2,0,1,11,130,2,, -1,1,5,1,70,8,2,1,78,78443,1,4,0,3,D912,48.803846,1.865863,10,2,2
202100052725,107Â 490,A01,1,1,1,5,2,6,9,0,0,-1,2021,53.0,1,1,13,0,0,2,1,,2,21,-1,N,3,3,0,2,75,500,3,, -1,2,0,3,80,3,2,1,24,24146,1,1,0,6,N21,45.064079,0.681152,17,1,1
202100052010,108Â 740,B01,1,1,1,1,8,-1,-1,-1, -1,-1,2021,31.0,2,1,0,2,1,2,5,,4,EPERNAY (AVENUE D') COTE IMPAIR,0,,2,2,0,1,(1),(1),1,, -1,1,0,1,50,9,2,2,51,51454,2,2,0,6,Avenue dâEpernay,49.2368645961,4.0138556044,17,3,2
202100005866,191Â 306,A01,1,1,2,0,1,0,-1,-1, -1,-1,2021,54.0,1,2,0,2,2,1,1,,4,DU LYCEE(RUE),0,,4,4,3,1,0,0,1,, -1,1,0,1,50,26,11,1,974,97409,2,2,0,1,DU LYCEE(RUE),-20.9652,55.65203,14,2,2
202100019522,166Â 737,A01,1,1,1,5,2,6,-1,-1, -1,-1,2021,19.0,0,1,0,2,1,17,0,,4,BAC (R DU),0,,2,2,0,1,1,0,1,, -1,1,0,1,50,11,9,1,94,94001,2,1,0,1,Rue du Bac,48.7228396256,2.4184298515,15,3,2
202100011615,180Â 962,A01,1,1,1,5,8,0,-1,-1, -1,-1,2021,29.0,3,1,12,0,1,0,5,,4,DAUPHINE  AVENUE DE LA PORTE,0,,2,4,1,1,(1),(1),1,, -1,1,0,5,30,22,10,1,17,17300,2,1,0,7,DAUPHINE  AVENUE DE LA PORTE,46.16728,-1.15039,17,1,1
202100044094,122Â 858,A01,4,2,2,5,1,-1,-1,0,0,-1,2021,47.0,2,2,4,2,3,11,1,,1,6,-1,,3,5,0,1,306,0,1,, -1,1,0,3,130,9,4,1,21,21054,1,1,0,6,A6,47.005924,4.862866,17,4,2
202100004899,193Â 032,A01,1,1,1,0,1,0,-1,-1, -1,-1,2021,26.0,2,2,4,0,9,15,1,,1,AUTOROUTE A104,0,,-1,3,0,1,2,900,2,, -1,2,0,1,90,4,12,1,93,93078,1,1,1,6,AUTOROUTE A104,48.9633672612,2.521329936,15,3,1
202100034728,139Â 638,B01,1,1,1,0,2,6,-1,-1, -1,-1,2021,29.0,2,1,0,2,4,2,1,,1,AUTOROUTE A1,0,,3,8,0,1,8,0,1,, -1,1,0,1,90,12,6,1,93,93013,1,1,0,2,AUTOROUTE A1,48.94024,2.42278,19,2,2
202100044032,122Â 970,A01,1,1,1,5,2,6,-1,-1, -1,-1,2021,25.0,3,1,0,2,8,18,1,,4,REPUBLIQUE   BOULEVARD DE LA,0,,2,4,2,2,(1),(1),1,, -1,1,0,5,50,14,4,1,17,17300,2,2,0,3,REPUBLIQUE   BOULEVARD DE LA,46.138771,-1.14813,17,2,2
202100019495,166Â 784,B01,1,1,2,0,1,0,-1,0,0,-1,2021,27.0,3,2,0,2,4,23,1,,4,QUATORZE JUILLET (BOULEVARD),0,,3,4,0,1,(1),(1),1,, -1,1,0,1,50,11,9,5,27,27229,2,1,0,2,QUATORZE JUILLET (BOULEVARD),49.01175,1.16843,22,4,2
202100047540,116Â 790,A01,1,1,1,0,1,8,-1,-1, -1,-1,2021,21.0,3,2,0,2,2,15,1,,4,MASSENET (AVENUE),0,,1,1,0,1,0,0,2,, -1,2,0,1,50,18,3,5,93,93007,2,2,1,3,MASSENET (AVENUE),48.9404715785,2.4657011032,20,2,2
202100016787,171Â 607,B01,1,1,1,9,2,0,-1,-1, -1,-1,2021,30.0,1,1,0,2,1,1,1,,4,BONNAND                             (R ),0,,2,4,0,1,(1),(1),1,, -1,1,0,1,50,23,9,4,69,69383,2,2,0,3,BONNAND (R),45.75404,4.88564,20,3,2
202100047968,115Â 999,B01,2,1,2,1,1,0,-1,-1, -1,-1,2021,35.0,1,1,0,2,1,1,1,,4,,0,,2,2,0,1,0,0,1,, -1,2,0,1,50,15,3,1,92,92033,2,1,1,3,DIX NEUF JANVIER,48.849293898,2.1837955713,9,2,2
202100055157,103Â 225,A01,1,1,1,5,1,0,-1,-1, -1,-1,2021,27.0,3,2,0,2,7,13,1,,4,RESISTANCE (RUE DE LA),0,,2,2,0,1,0,0,2,, -1,7,0,1,30,9,1,3,91,91521,2,1,0,1,RESISTANCE (RUE DE LA),48.63553,2.40498,18,3,2
202100017046,171Â 156,B01,1,1,2,9,1,0,-1,0,0,-1,2021,48.0,1,2,0,2,3,23,1,,4,PLACE DE LA PORTE DE VANVES,0,,2,4,0,1,(1),(1),1,, -1,1,0,1,30,24,9,1,75,75114,2,7,0,3,PLACE DE LA PORTE DE VANVES,48.8272021096,2.3046073481,9,2,2
202100035331,138Â 555,A01,1,1,2,5,2,0,-1,0,0,-1,2021,26.0,1,1,0,2,7,1,5,,4,RUE DU PONT LOUIS PHILIPPE,0,,2,2,0,1,(1),(1),1,, -1,1,0,1,30,9,6,1,75,75104,2,2,0,3,RUE DU PONT LOUIS PHILIPPE,48.855817,2.35636,18,2,2
202100015502,173Â 992,A01,10,3,1,2,0,-1,-1,5,9,2,2021,2.0,1,2,0,1,0,21,1,,4,RUCHOUX (AVENUE DES),0,,2,2,0,1,0,0,1,, -1,1,0,4,50,30,9,1,87,87085,2,1,0,6,RUCHOUX (AVENUE DES),45.83807,1.24584,17,2,1
202100002213,197Â 837,B01,1,1,2,5,1,-1,-1,-1, -1,-1,2021,25.0,1,5,0,2,6,1,1,,1,A43   13.029 A 15.971,0,,3,9,0,1,14,699,1,, -1,2,0,1,130,4,12,1,69,69288,1,1,1,2,A43   13.029 A 15.971,45.6719231142,5.0430679321,8,2,2
202100008740,186Â 113,B01,1,1,1,0,8,0,-1,-1, -1,-1,2021,18.0,3,1,0,2,1,5,0,,4,GEORGES POMPIDOU (RUE),0,,3,2,1,1,0,0,1,, -1,2,0,5,50,7,11,1,10,10387,2,3,1,1,GEORGES POMPIDOU (RUE),48.2869,4.07935,11,2,2
202100000298,201Â 190,B01,1,1,1,4,1,-1,-1,-1, -1,-1,2021,42.0,2,5,0,2,1,1,1,,4,EMERAUDES (DES)                     (R ),0,,1,2,3,1,(1),(1),1,, -1,1,0,1,50,8,11,1,69,69386,2,2,0,3,EMERAUDES (DES) (R),45.76902,4.86048,11,3,2
202100004681,193Â 409,B01,1,1,1,1,1,-1,-1,-1, -1,-1,2021,46.0,2,2,0,2,4,23,2,,4,TCHECOSLOVAQUES (DES)         (BD),0,,1,3,3,1,(1),(1),1,, -1,1,0,1,50,3,12,1,69,69387,2,4,0,2,TCHECOSLOVAQUES (DES) (BD),45.7451208069,4.8583388329,12,5,2