Num_Acc,id_vehicule,num_veh,place,catu,sexe,trajet,secu1,secu2,secu3,locp,actp,etatp,year_acc,victim_age,senc,catv,obs,obsm,choc,manv,motor,occutc,catr,voie,v1,v2,circ,nbv,vosp,prof,pr,pr1,plan,lartpc,larrout,surf,infra,situ,vma,jour,mois,lum,dep,com,agg_,int,atm,col,adr,lat,long,hour,nb_victim,nb_vehicules
202100043088,124Â 656,B01,1,1,1,5,2,6,-1,0,0,-1,2021,37.0,1,1,0,2,1,1,1,,3,81,-1,D,2,2,0,1,9,510,1,, -1,1,0,1,70,23,4,1,76,76627,1,3,0,2,Route de Lillebonne,49.5302819933,0.47585529,17,2,2
202100044646,121Â 915,B01,2,2,1,0,2,6,-1,-1, -1,-1,2021,22.0,1,1,0,2,0,3,1,,1,AUTOROUTE A3,0,,3,10,0,1,7,0,1,, -1,1,0,1,70,9,4,1,93,93053,1,1,0,5,AUTOROUTE A3,48.89755,2.4698,14,5,4
202100034181,140Â 653,A01,2,2,2,0,1,-1,-1,0,0,-1,2021,36.0,3,2,0,0,5,15,1,,7,468,0,M,2,3,0,1,46,999,1,, -1,1,0,1,50,13,4,1,67,67131,2,1,0,2,Rue des Fusiliers Marins,48.489545,7.729574,17,3,2
202100046093,119Â 365,A01,1,1,2,9,1,-1,-1,-1, -1,-1,2021,54.0,2,2,8,0,2,1,3,,4,AUBRY (RUE ROGER),0,,2,2,0,1,(1),(1),2,, -1,1,0,3,50,29,3,1,51,51454,2,1,1,7,Rue Roger Aubry,49.2276447418,4.0246619735,13,1,1
202100046794,118Â 129,B01,1,1,1,0,8,8,-1,0,0,-1,2021,30.0,2,1,0,2,3,1,5,,3,PARIS (AV DE),0,,2,4,0,1,1,0,1,, -1,1,0,1,50,3,3,5,94,94080,2,1,0,3,PARIS (AV DE),48.845005,2.434286,20,2,2
202100026304,154Â 674,A01,1,1,1,5,1,8,-1,-1, -1,-1,2021,21.0,2,2,0,0,9,1,1,,3,N152,0,,2,2,0,1,23,500,1,, -1,1,0,1,50,28,7,5,41,41047,2,1,0,7,N152,47.60879,1.35596,23,2,1
202100050993,110Â 525,B01,1,1,1,0,4,-1,-1,0,0,-1,2021,68.0,2,1,0,2,4,12,5,,3,907,-1,,1,2,0,1,(1),(1),1,, -1,1,2,1,80,20,2,2,74,74040,1,1,0,1,avenue du lÃ©man,46.173545,6.309661,17,2,2
202100014231,176Â 250,B01,1,1,1,0,2,6,-1,-1, -1,-1,2021,46.0,2,1,0,2,1,1,0,,3,JEAN JAURES  (AVE)  157 A 213,0,,2,2,3,1,0,1,1,, -1,1,0,1,50,9,10,5,93,93001,2,1,0,3,JEAN JAURES  (AVE)  157 A 213,48.9094417786,2.3982749626,5,2,2
202100026730,153Â 940,A01,9,2,1,5,1,-1,-1,0,0,-1,2021,24.0,3,2,2,0,1,13,1,,4,,-1,,2,2,0,1,(1),(1),1,,4,1,0,3,80,21,7,3,40,40217,1,1,0,6,Route de Lahitte,44.354895,-1.09476,1,3,1
202100052396,108Â 053,B01,1,1,1,5,2,6,-1,-1, -1,-1,2021,51.0,1,1,0,2,1,18,1,,3,BROSSET (BD GENERAL),0,,2,2,0,1,26,700,1,, -1,1,0,1,50,5,2,1,83,83137,2,9,0,3,BROSSET (BD GENERAL),43.1288142881,5.9029799665,16,5,2
202100013747,177Â 135,B01,2,2,2,5,2,-1,-1,0,0,-1,2021,71.0,2,1,0,2,1,1,1,,3,102,-1,D,2,2,0,1,2,20,1,, -1,1,0,1,80,12,10,1,33,33540,1,1,0,3,route vendays,45.375302,-1.132557,15,3,2
202100039755,130Â 522,A01,1,1,2,1,8,-1,-1,0,0,-1,2021,28.0,1,2,8,0,1,13,1,,3,89,0,D,2,2,0,1,14,300,1,, -1,1,0,3,80,11,5,1,27,27134,1,1,0,6,D89,49.346934,0.639997,9,1,1
202100039483,131Â 032,Z01,10,3,2,9,0,-1,-1,2,3,1,2021,79.0,2,2,0,1,4,4,0,,4,LANDY(RUE):NÂ° 1 AU 43,0,,1,1,0,1,0,0,1,, -1,1,0,1,50,17,5,1,93,93070,2,1,0,6,LANDY(RUE):NÂ° 1 AU 43,48.916497,2.334575,14,2,1
202100037527,134Â 587,A01,1,1,1,5,2,6,-1,0,0,-1,2021,27.0,1,1,0,2,1,2,1,,3,906,-1,,3,2,0,1,20,0,3,, -1,1,0,1,90,30,5,1,3,3235,1,1,0,2,RD 906 PK 20,46.247449,3.517513,18,2,2
202100025621,155Â 886,A01,10,3,1,9,0,-1,-1,3,3,1,2021,39.0,3,2,0,1,2,11,0,,7,D.51,0,,1,2,0,1,26,0,1,, -1,2,0,1,50,4,8,1,13,13098,2,1,1,3,D.51,43.43678,5.03638,12,2,1
202100020512,164Â 969,B01,1,1,2,0,8,0,-1,-1, -1,-1,2021,20.0,1,2,0,2,9,1,1,,7,LAINE (ROUTE DE LA),0,,3,12,0,1,(1),(1),1,, -1,1,5,1,50,6,9,2,59,59650,2,5,0,3,ALGER  (RUE D'),50.70797,3.18662,6,2,2
202100031047,146Â 245,A01,10,3,2,5,0,-1,-1,3,3,1,2021,93.0,2,2,0,1,1,9,1,,3,BASINGSTOKE (AVENUE DE),0,,3,2,0,1,3,500,1,, -1,2,5,1,50,3,7,1,61,61001,2,6,0,6,BASINGSTOKE (AVENUE DE),48.44427,0.09917,10,2,1
202100037618,134Â 416,A01,1,1,1,9,1,0,-1,0,0,-1,2021,47.0,1,2,0,2,6,10,1,,4,AVENUE GEORGE V,0,,2,2,0,1,(1),(1),1,, -1,1,0,1,50,29,5,1,75,75108,2,2,0,3,AVENUE GEORGE V,48.868414,2.301166,13,2,2
202100018226,169Â 027,B01,2,2,2,5,2,6,-1,0,0,-1,2021,15.0,1,1,0,2,3,2,1,,3,895,0,D,2,2,0,1,0,544,1,, -1,2,0,1,80,18,9,3,35,35085,1,1,1,2,D895,48.403006,-1.758655,23,3,2
202100018192,169Â 091,A01,1,1,2,5,1,8,-1,-1, -1,-1,2021,47.0,2,2,4,0,1,1,1,,3,Route Nationale 3,0,,1,1,0,1,19,200,1,, -1,1,0,1,70,18,9,1,93,93046,1,1,0,6,D933,48.93254,2.5595,14,1,1
202100041949,126Â 638,A01,10,3,2,0,8,8,-1,2,3,1,2021,43.0,1,1,0,1,1,1,3,,3,REPUBLIQUE AVENUE DE LA,0,,1,2,0,1,1,1,1,, -1,1,0,1,50,29,4,1,93,93006,2,1,0,6,REPUBLIQUE AVENUE DE LA,48.8608698917,2.4186248272,14,2,1
202100007067,189Â 123,B01,1,1,1,1,1,-1,-1,0,0,-1,2021,57.0,1,2,0,2,1,1,1,,3,228,0,A,2,2,0,1,(1),(1),1,, -1,1,0,1,-1,21,11,2,67,67382,2,2,0,3,2 Route de Fessenheim,48.625133,7.570385,6,2,2
202100027081,153Â 313,C01,1,1,2,5,1,0,-1,0,0,-1,2021,28.0,1,2,0,2,3,2,1,,4,PORTE DE CHAMPERRET,0,,1,4,0,1,17,500,1,, -1,1,1,1,70,24,7,1,75,75117,2,1,0,4,PORTE DE CHAMPERRET,48.887035,2.29029,15,4,3
202100006523,190Â 145,A01,1,1,1,1,2,-1,-1,0,0,-1,2021,15.0,1,1,0,2,7,15,1,,2,2002,0,N,2,2,0,1,(1),(1),1,, -1,1,0,1,50,25,11,1,974,97418,2,1,0,3,rue de la convenance,-20.895977,55.559036,13,2,2
202100027849,151Â 936,B01,1,1,2,5,2,6,9,0,0,-1,2021,57.0,2,1,0,2,7,1,1,,3,,-1,,2,2,0,1,(1),(1),1,,4,1,0,1,50,21,7,1,21,21699,1,3,0,3,Rue des Gesserottes,47.203935,5.341453,19,2,2
202100051137,110Â 268,A01,1,1,2,0,1,-1,-1,0,0,-1,2021,29.0,1,2,0,2,1,1,1,,3,145,-1,,2,2,0,1,(1),(1),1,, -1,7,0,1,70,19,2,2,59,59197,1,1,0,1,route de templeuve,50.5424990675,3.1519402564,7,2,2
202100037479,134Â 676,A01,1,1,1,0,0,-1,-1,0,0,-1,2021,72.0,2,2,1,2,2,5,1,,2,10,0,,2,2,0,1,13,100,1,, -1,1,5,1,50,30,5,1,202,202123,2,9,0,1,Avenue du 9 Septembre,42.015811,9.405107,16,3,2
202100023350,159Â 875,A01,2,2,2,5,0,-1,-1,0,0,-1,2021,18.0,1,2,0,0,9,1,1,,3,D41,-1,,2,2,0,2,2,139,3,, -1,1,0,1,80,21,8,3,1,1034,1,1,0,7,Route de Saint Germain,45.757568,5.665019,3,4,1
202100052470,107Â 926,A01,10,3,2,3,0,-1,-1,3,3,1,2021,71.0,1,2,0,1,3,15,2,,3,VAILLANT COUTURIER (RUE),0,,-1,1,0,1,0,1,1,, -1,1,0,1,50,4,2,1,93,93053,2,3,0,6,BERGERIES (RUE DES),48.89064,2.45169,13,2,1
202100016258,172Â 572,A01,10,3,2,0,0,-1,-1,4,3,2,2021,0.0,2,2,0,1,1,16,1,,3,,0,,2,2,1,1,0,0,1,, -1,1,6,1,30,29,9,1,93,93048,2,1,0,6,Boulevard Henri Barbusse,48.86836,2.44151,10,4,1
202100006418,190Â 322,A01,1,1,1,5,2,0,-1,-1, -1,-1,2021,19.0,1,1,0,0,1,1,1,,4,BON PASTEUR BOULEVARD,0,,2,2,0,1,1,0,1,, -1,1,0,1,50,22,11,5,49,49007,2,1,0,7,BON PASTEUR BOULEVARD,47.473398,-0.578238,22,1,1
202100045592,120Â 234,B01,1,1,1,0,2,8,-1,-1, -1,-1,2021,44.0,1,1,0,2,1,1,5,,4,AVENUE LÃON BLUM,0,,2,2,1,1,(1),(1),1,, -1,1,0,5,50,1,4,1,38,38185,2,1,0,6,Avenue LÃ©on Blum,45.16259,5.71639,17,2,2
202100039511,130Â 978,A01,1,1,2,5,1,-1,-1,0,0,-1,2021,27.0,1,2,5,0,1,1,1,,3,955,0,A,2,2,0,2,6,150,3,, -1,1,0,4,50,16,5,3,58,58086,2,1,0,6,RD 955a,47.384404,2.921526,3,2,1
202100033809,141Â 328,A01,1,1,1,5,8,0,-1,-1, -1,-1,2021,31.0,3,1,0,2,7,19,3,,4,MERCADER (BOULEVARD FELIX),0,,2,4,0,1,0,0,1,, -1,1,0,1,50,16,6,1,66,66136,2,1,0,6,MERCADER (BOULEVARD FELIX),42.6925,2.8919,11,2,2
202100029804,148Â 513,A01,1,1,1,0,1,0,-1,-1, -1,-1,2021,20.0,3,2,13,0,1,14,1,,7,RTE DE MIRAMAS-RD 69,0,,3,2,0,1,0,0,2,, -1,1,0,1,80,9,7,1,13,13103,1,1,0,1,RTE DE MIRAMAS-RD 69,43.62990954,5.0611460209,13,1,1
202100027565,152Â 451,A01,1,1,2,9,8,0,-1,0,0,-1,2021,37.0,2,1,0,2,7,17,5,,4,AVENUE JEAN JAURES,0,,1,1,1,1,(1),(1),1,, -1,1,0,5,50,22,7,1,75,75119,2,1,0,3,AVENUE JEAN JAURES,48.883308,2.371998,15,2,2
202100024546,157Â 786,A01,1,1,1,1,2,6,-1,0,0,-1,2021,43.0,2,1,0,2,3,3,1,,4,PORTE DE VERSAILLES,0,,1,3,0,1,7,900,1,, -1,1,0,1,70,12,8,1,75,75115,2,1,0,3,PORTE DE VERSAILLES,48.834973,2.273399,19,2,2
202100008559,186Â 437,B01,1,1,1,0,2,6,9,0,0,-1,2021,18.0,1,1,0,2,1,16,1,,3,D5,-1,,2,2,0,1,(1),(1),3,, -1,2,0,1,50,12,11,1,67,67028,1,3,1,1,dÃ©partementale 5,48.376991,7.584665,10,2,2
202100004235,194Â 180,A01,2,2,2,0,1,8,-1,-1, -1,-1,2021,21.0,1,2,8,0,1,14,1,,3,LOUIS LUMIERE,0,,2,2,0,1,4,825,1,, -1,2,0,3,50,3,12,5,76,76270,2,1,1,6,LOUIS LUMIERE,49.52718,0.12587,22,2,1
202100001625,198Â 895,A01,1,1,1,5,2,0,-1,0,0,-1,2021,22.0,1,1,0,0,8,1,1,,4,RUE HENRY FARMAN,0,,-1,2,0,1,(1),(1),2,, -1,1,0,1,50,23,12,3,75,75115,2,1,0,7,RUE HENRY FARMAN,48.834159,2.272095,19,1,1
202100033495,141Â 907,A01,2,2,2,0,1,-1,-1,0,0,-1,2021,31.0,1,2,0,2,1,1,1,,3,9,-1,,2,2,0,1,10,100,1,, -1,1,0,1,80,18,6,3,973,97311,1,1,0,1,Route de Mana,5.540813,-53.944073,20,4,2
202100014587,175Â 636,A01,10,3,1,5,0,-1,-1,4,3,1,2021,50.0,2,2,0,1,1,1,1,,4,MERCADER (BOULEVARD FELIX),0,,2,4,0,1,(1),(1),1,, -1,1,0,1,50,5,10,1,66,66136,2,1,0,6,MERCADER (BOULEVARD FELIX),42.6937,2.89049,18,2,1
202100001148,199Â 721,A01,4,2,2,5,1,8,-1,-1, -1,-1,2021,19.0,1,2,2,0,1,26,1,,4,LONDRES (AVENUE DE),0,,1,2,0,1,0,0,1,, -1,2,0,4,50,31,7,5,64,64122,2,1,1,6,LONDRES (AVENUE DE),43.47863,-1.56376,5,5,1
202100003895,194Â 791,B01,1,1,2,2,8,-1,-1,0,0,-1,2021,16.0,2,2,0,2,1,1,1,,3,133,0,,2,2,0,1,22,0,1,, -1,1,0,1,90,9,12,1,3,3011,1,2,0,3,rd 133 / rd 29,46.670864,3.351409,9,3,2
202100004697,193Â 378,B01,3,2,1,2,1,-1,-1,-1,0,-1,2021,8.0,3,2,0,2,3,21,1,,4,RUE JEAN MOULIN,0,,2,2,0,1,(1),(1),1,, -1,2,0,1,50,3,12,1,95,95268,2,3,1,3,Rue Jean Moulin,48.961879777,2.4122312665,9,3,2
202100018146,169Â 176,A01,10,3,2,1,0,-1,-1,2,3,1,2021,34.0,1,2,0,1,1,16,1,,4,NICOL (CHE DE) DU 1AU 106,0,,2,2,0,1,(1),(1),1,, -1,2,5,1,50,18,9,1,31,31555,2,1,1,6,NICOL (CHE DE) DU 1AU 106,43.63561,1.46394,17,2,1
202100044856,121Â 538,B01,1,1,1,4,1,0,-1,-1, -1,-1,2021,36.0,1,1,0,2,4,15,1,,3,6,0,,1,2,0,1,0,0,2,, -1,1,0,1,50,7,4,1,92,92026,2,6,0,2,VICTOR HUGO (PLACE,48.8921696681,2.2537511208,10,2,2
202100042842,125Â 087,A01,1,1,1,5,1,8,-1,-1, -1,-1,2021,40.0,1,2,0,2,3,15,1,,4,COLMAR (AVENUE DE),0,,3,8,3,1,0,0,1,, -1,1,4,1,50,20,4,1,67,67482,2,8,0,1,COLMAR (AVENUE DE),48.54897,7.74127,16,2,2
202100010462,183Â 022,A01,1,1,1,0,2,0,-1,-1, -1,-1,2021,25.0,1,1,0,2,7,14,1,,1,86,0,,1,2,0,1,9,0,1,, -1,1,0,1,70,29,10,1,92,92036,1,1,0,3,AUTOROUTE A86,48.9383700387,2.3001401108,11,2,2
202100034501,140Â 055,B01,1,1,1,5,4,-1,-1,0,0,-1,2021,64.0,1,1,0,2,1,1,5,,3,30,0,D,2,2,0,2,20,545,1,0,6,1,0,1,50,14,6,1,16,16106,2,3,1,1,rue de Lesterps,46.014612,0.675549,8,2,2
202100025248,156Â 524,A01,1,1,1,5,2,0,-1,-1, -1,-1,2021,15.0,1,1,4,0,0,0,0,,2,RN9,0,,-1,2,0,2,0,0,3,, -1,1,0,1,70,6,8,1,972,97209,1,1,0,7,RN9,14.60028,-61.04658,15,2,1
202100021329,163Â 528,B01,2,2,2,5,2,6,9,0,0,-1,2021,50.0,2,1,0,2,1,17,1,,3,1005,0,,2,1,0,2,16,678,1,,3,1,0,1,80,2,9,1,1,1173,1,3,0,3,D1005,46.349546,6.050227,16,3,2
202100015805,173Â 420,A01,9,2,2,5,0,-1,-1,0,0,-1,2021,20.0,2,2,16,0,5,1,1,,3,629,0,,2,2,0,2,18,800,2,, -1,1,0,1,80,26,8,1,11,11253,1,1,0,7,D629,43.290701,2.225182,7,3,1
202100017832,169Â 744,B01,1,1,1,5,1,0,-1,-1, -1,-1,2021,33.0,0,2,0,2,4,23,1,,7,SCHUMAN ROBERT BOULEVARD,0,,1,3,0,1,(1),(1),3,, -1,1,0,1,50,10,9,5,59,59350,2,1,0,4,SCHUMAN ROBERT BOULEVARD,50.64851,3.06819,23,5,5
202100006871,189Â 503,C01,1,1,2,1,1,-1,-1,0,0,-1,2021,35.0,1,2,0,2,3,1,1,,3,943,-1,,2,2,0,1,5,400,1,, -1,1,0,1,90,22,11,1,37,37269,1,1,0,5,,47.0703964086,1.0759347481,8,3,3
202100050300,111Â 790,A01,1,1,1,0,1,-1,-1,-1, -1,-1,2021,27.0,2,2,0,2,1,1,1,,4,JEAN SARRAZIN                       (R ),0,,2,2,0,1,(1),(1),1,, -1,1,0,1,50,24,2,5,69,69388,2,2,0,3,JEAN SARRAZIN (R),45.73159,4.86709,22,4,2
202100024784,157Â 347,A01,1,1,2,9,1,-1,-1,0,0,-1,2021,67.0,1,2,0,2,3,1,1,,3,D772,0,D,2,2,0,2,31,475,3,, -1,1,0,1,80,11,8,1,35,35176,1,1,0,1,La Mauvaisinaie,47.857547,-1.877482,12,2,2
202100056146,101Â 522,B01,1,1,2,9,1,0,-1,-1, -1,-1,2021,20.0,1,2,0,2,3,1,1,,4,CANIGOU AVENUE DU,0,,-1,0,0,1,0,0,1,, -1,1,0,1,50,1,1,1,66,66136,2,2,0,3,CANIGOU AVENUE DU,42.68924,2.8801,14,3,2
202100001916,198Â 370,A01,1,1,2,1,1,0,-1,-1, -1,-1,2021,25.0,-1,2,0,2,1,23,0,,3,JOHN F. KENNEDY (AVENUE),0,,-1,2,0,1,0,1,1,, -1,1,0,1,50,21,12,5,93,93071,1,1,0,2,JOHN F. KENNEDY (AVENUE),48.9384806633,2.5132674934,19,2,2
202100054612,104Â 167,A01,10,3,2,3,8,8,-1,5,3,1,2021,89.0,1,2,0,1,1,26,0,,4,MARCHE ROND POINT DE MONTFERMEIL,0,,1,2,0,1,0,0,2,, -1,1,0,1,50,18,1,1,93,93062,2,9,0,6,MARCHE ROND POINT DE MONTFERMEIL,48.8957,2.5269,15,2,1
202100016224,172Â 635,B01,2,2,2,0,2,8,-1,0,0,-1,2021,0.0,3,1,0,2,5,1,1,,3,SAINT MATHIEU (ROUTE ET PLACE),0,,2,2,0,2,14,950,1,, -1,1,0,1,50,29,9,1,6,6069,1,1,0,3,SAINT MATHIEU (ROUTE ET PLACE),43.660015,6.950599,8,3,2
202100045869,119Â 766,A01,10,3,2,2,0,-1,-1,3,3,1,2021,15.0,0,3,0,1,2,1,1,1.0,4,,-1,,2,2,0,3,(1),(1),1,, -1,1,0,1,30,26,3,1,89,89206,2,1,0,6,7 Boulevard de Godalming,47.976243,3.422302,7,2,1
202100010401,183Â 122,A01,1,1,1,1,1,-1,-1,0,0,-1,2021,33.0,2,2,15,0,1,1,1,,2,10,0,,2,2,0,1,(1),(1),2,,7,1,0,3,50,29,10,3,202,202343,2,1,0,6,Cruciata,42.493587,9.472371,23,1,1
202100000176,201Â 431,A01,10,3,2,5,0,-1,-1,3,3,1,2021,64.0,2,2,0,1,1,1,1,,7,SAINT JEAN (AVENUE DE),0,,-1,2,0,1,0,0,1,, -1,1,6,1,30,15,7,1,13,13028,2,1,0,6,SAINT JEAN (AVENUE DE),43.18902,5.62917,15,2,1
202100044396,122Â 324,A01,1,1,1,4,1,-1,-1,0,0,-1,2021,24.0,1,5,0,2,3,5,1,,3,623,0,A,2,2,0,1,9,0,1,, -1,1,0,1,80,12,4,1,11,11418,1,9,0,5,D623,43.227268,2.032964,8,5,4
202100002770,196Â 814,A01,10,3,1,0,0,-1,-1,1,1,1,2021,33.0,1,4,0,1,1,26,1,,2,RN124,0,,3,4,0,1,10,366,1,, -1,1,0,1,90,15,12,3,31,31149,1,1,0,6,RN124,43.60635,1.30937,4,2,1
202100011655,180Â 892,B01,1,1,2,4,1,0,-1,-1, -1,-1,2021,29.0,2,2,0,2,4,0,2,,3,PARIS.(RUE DE),0,,2,4,0,1,0,0,1,, -1,1,0,1,50,22,10,1,94,94028,2,1,0,2,PARIS.(RUE DE),48.79524,2.45908,8,2,2
202100026433,154Â 449,B01,1,1,1,5,8,0,-1,-1, -1,-1,2021,32.0,2,1,0,2,1,26,0,,3,AV DE LA DIVISION LECLERC,0,,3,0,1,1,0,0,1,, -1,1,0,5,70,28,7,1,91,91665,2,1,0,3,AV DE LA DIVISION LECLERC,48.662898,2.276962,19,2,2
202100035868,137Â 572,A01,1,1,1,0,2,6,-1,-1, -1,-1,2021,33.0,1,1,0,2,7,1,1,,4,PROFESSEUR GRIGNARD (DU)            (R ),0,,1,1,0,1,(1),(1),1,, -1,1,0,1,50,7,6,1,69,69387,2,2,0,3,PROFESSEUR GRIGNARD (DU) (R),45.74799,4.8364,9,2,2
202100036241,136Â 904,B01,1,1,1,5,8,0,-1,-1, -1,-1,2021,21.0,1,1,0,2,8,11,0,,7,ROUTE NATIONALE 20,0,,3,4,0,1,(1),(1),1,, -1,1,0,1,50,5,6,1,45,45302,2,1,0,3,Rue Nationale 20,47.94552,1.89229,16,2,2
202100048351,115Â 329,C01,1,1,1,1,1,0,-1,-1, -1,-1,2021,59.0,1,2,0,2,1,2,2,,1,AUTOROUTE A6,0,,3,6,0,1,14,588,1,, -1,1,0,1,130,12,3,1,91,91161,1,1,0,5,AUTOROUTE A6,48.69577,2.31726,10,6,6
202100025200,156Â 619,A01,2,2,1,1,2,6,-1,0,0,-1,2021,15.0,1,1,13,0,1,13,1,,3,69,-1,,2,2,0,1,1,165,3,, -1,1,0,3,80,7,8,3,18,18230,1,1,0,6,RD 69 PK 1 + 850,46.662073,2.291336,22,2,1
202100051707,109Â 267,Z01,10,3,1,5,8,8,-1,4,3,2,2021,16.0,2,2,0,1,6,15,2,,4,RUE DES POISSONNIERS,0,,2,4,3,1,(1),(1),1,, -1,1,0,1,50,12,2,1,75,75118,2,2,0,6,RUE DES POISSONNIERS,48.891185,2.351621,13,2,1
202100006484,190Â 210,B01,1,1,1,5,1,0,-1,-1, -1,-1,2021,24.0,1,2,0,2,8,16,1,,3,JAURES (AVENUE JEAN),0,,1,2,0,1,0,1,1,, -1,1,0,1,50,24,11,4,93,93027,2,3,0,3,JAURES (AVENUE JEAN),48.9244,2.40165,22,5,2
202100041963,126Â 611,A01,2,2,2,0,1,-1,-1,0,0,-1,2021,26.0,0,2,13,0,1,0,1,,7,1,0,M,2,2,0,2,1,728,2,,5,1,0,1,50,1,5,5,6,6033,2,1,0,7,m1,43.770652,7.200079,2,3,1
202100019210,167Â 291,B01,1,1,2,5,1,0,-1,0,0,-1,2021,44.0,2,2,0,2,4,2,1,,4,QUAI DES TUILERIES,0,,1,5,0,1,(1),(1),1,, -1,1,0,1,30,13,9,1,75,75101,2,3,0,2,QUAI AIME CESAIRE,48.860925,2.330066,17,3,2
202100003824,194Â 915,A01,2,2,1,4,1,8,-1,0,0,-1,2021,34.0,1,2,0,2,5,1,1,,4,RUE DE TOLBIAC,0,,2,5,0,1,(1),(1),1,, -1,1,0,1,30,8,12,5,75,75113,2,2,0,3,RUE DE TOLBIAC,48.82618,2.357276,22,5,2
202100027966,151Â 714,A01,1,1,1,1,2,0,-1,0,0,-1,2021,38.0,1,1,0,2,4,2,5,,4,PLACE DU COLONEL FABIEN,0,,1,3,0,1,(1),(1),1,, -1,1,0,1,50,20,7,1,75,75110,2,7,0,4,PLACE DU COLONEL FABIEN,48.877745,2.370135,19,3,3
202100054740,103Â 949,A01,1,1,2,0,1,0,-1,-1, -1,-1,2021,28.0,1,2,3,0,1,1,1,,1,AUTOROUTE A10,0,,1,2,0,2,4,699,2,, -1,2,2,1,70,17,1,1,91,91136,1,1,0,7,AUTOROUTE A10,48.71061,2.28732,15,1,1
202100032444,143Â 783,A01,1,1,1,0,1,8,-1,-1, -1,-1,2021,20.0,1,2,4,0,1,13,1,,3,VIEUX CHEMIN CALIFORNIE (RUE DU),0,,-1,2,0,2,0,9,2,, -1,1,2,1,50,24,6,5,972,97213,1,1,0,6,VIEUX CHEMIN CALIFORNIE (RUE DU),14.6219850766,-61.0216751857,0,3,1
202100020133,165Â 637,A01,2,1,2,0,1,0,-1,-1, -1,-1,2021,52.0,1,2,1,0,7,1,0,,4,,0,,1,1,0,1,0,0,1,, -1,1,0,1,50,7,9,5,92,92051,2,1,0,6,"PERRONET (RUE, NÂ°1 A 91 ET 2 A 108)",48.884667,2.27641,23,2,1
202100000851,200Â 215,A01,10,3,1,0,0,-1,-1,3,3,1,2021,53.0,2,5,0,1,3,1,1,,3,WILSON BOULEVARD,0,,3,2,2,1,30,35,1,, -1,2,0,1,50,29,12,5,73,73008,2,1,1,6,D991 - 78 WILSON BOULEVARD,45.69081,5.90933,18,2,1
202100017932,169Â 571,A01,1,1,2,5,1,-1,-1,0,0,-1,2021,59.0,2,2,0,2,1,1,1,,3,151,0,,2,2,0,1,46,840,1,, -1,1,0,1,80,21,9,1,60,60297,1,2,0,1,,49.6404,2.002344,17,2,2
202100036469,136Â 512,A01,1,1,1,9,2,6,-1,0,0,-1,2021,45.0,2,1,0,2,8,1,1,,4,AVENUE DE LA MOTTE PICQUET,0,,2,2,0,1,(1),(1),1,, -1,2,0,1,50,4,6,1,75,75115,2,3,0,3,AVENUE DE LA MOTTE PICQUET,48.849532,2.29854,14,2,2
202100015241,174Â 461,A01,1,1,1,0,8,0,-1,-1, -1,-1,2021,18.0,3,1,0,2,3,13,1,,4,PLAINE,0,,2,2,0,1,0,0,1,, -1,1,0,1,50,4,10,1,93,93051,2,1,0,3,Rue de la Plaine,48.8497124674,2.5265378955,17,2,2
202100035015,139Â 109,A01,1,1,1,1,2,6,-1,-1, -1,-1,2021,28.0,2,1,0,0,1,1,1,,2,136,0,,1,1,0,2,18,(1),2,, -1,1,3,1,50,11,6,1,35,35278,1,1,0,7,PORTE DE ST MALO,48.14278,-1.69912,7,1,1
202100041686,127Â 095,A01,1,1,1,9,2,0,-1,0,0,-1,2021,43.0,1,1,0,2,2,1,1,,4,BOULEVARD PONIATOWSKI,0,,3,4,0,1,(1),(1),1,, -1,2,0,1,50,2,5,1,75,75112,2,3,1,3,BOULEVARD PONIATOWSKI,48.829241,2.390313,17,3,2
202100016403,172Â 317,A01,1,1,1,5,1,-1,-1,0,0,-1,2021,20.0,0,2,13,0,1,1,1,,3,43,0,D,2,2,0,2,1,950,3,, -1,2,0,8,80,26,9,1,42,42026,1,1,0,6,Route de Melay,46.174452,4.077001,8,2,1
202100024221,158Â 378,A01,1,1,1,0,2,6,-1,-1, -1,-1,2021,53.0,1,1,0,0,0,1,1,,1,AUTOROUTE A86,0,,1,2,0,2,6,800,2,, -1,1,0,1,70,13,8,2,94,94034,1,1,0,7,AUTOROUTE A86,48.75873,2.33609,21,1,1
202100026578,154Â 196,B01,1,1,1,1,2,6,-1,0,0,-1,2021,25.0,2,1,0,2,1,1,1,,3,,-1,,2,2,0,1,4,200,1,,4,1,0,1,50,30,7,1,30,30027,2,4,0,1,Chemin de Peyrigoux,44.0752,4.057646,13,2,2
202100006514,190Â 162,A01,9,2,2,9,1,3,-1,0,0,-1,2021,4.0,1,2,8,0,5,1,2,,3,109,0,,2,2,0,1,36,400,2,, -1,7,0,3,50,24,11,3,21,21624,2,1,0,6,Rue des Charmilles,47.294941,5.276944,18,2,1
202100042906,124Â 973,A01,10,3,1,9,0,-1,-1,2,3,1,2021,50.0,3,2,0,1,1,1,2,,4,AVENUE DU POLYGONE,0,,2,2,0,1,(1),(1),1,, -1,1,0,1,50,22,4,1,75,75112,2,1,0,6,AVENUE DU POLYGONE,48.836629,2.431537,13,3,1
202100046869,117Â 999,B01,1,1,1,1,2,-1,-1,-1, -1,-1,2021,53.0,2,0,0,2,1,21,3,,4,,0,,2,2,0,1,(1),(1),1,, -1,1,0,1,50,22,3,1,69,69384,2,1,0,3,JACQUES LOUIS HENON (R),45.7796,4.8281,14,2,2