Num_Acc,id_vehicule,num_veh,place,catu,sexe,trajet,secu1,secu2,secu3,locp,actp,etatp,year_acc,victim_age,senc,catv,obs,obsm,choc,manv,motor,occutc,catr,voie,v1,v2,circ,nbv,vosp,prof,pr,pr1,plan,lartpc,larrout,surf,infra,situ,vma,jour,mois,lum,dep,com,agg_,int,atm,col,adr,lat,long,hour,nb_victim,nb_vehicules
202100014378,176Â 010,B01,1,1,1,1,8,0,-1,-1, -1,-1,2021,52.0,3,1,0,2,4,1,5,,4,D936,0,,2,5,0,1,(1),(1),1,, -1,1,0,1,50,8,10,1,33,33167,1,6,0,3,Route de Bergerac,44.8431,-0.50392,12,2,2
202100048200,115Â 598,E01,1,1,1,0,1,-1,-1,0,0,-1,2021,44.0,1,2,0,2,1,2,1,,1,709,0,,3,3,0,1,13,600,1,, -1,1,0,1,90,12,3,1,34,34172,1,1,0,4,A709,43.59183,3.901262,17,5,5
202100035257,138Â 680,A01,10,3,2,3,0,-1,-1,1,3,1,2021,81.0,1,4,0,1,4,4,1,,4,BLANCHE DE CASTILLE,0,,2,-1,0,2,(1),(1),1,, -1,1,0,1,30,9,6,1,54,54261,2,1,0,6,21 rue Blanche de Castille,49.517,5.7757,9,2,1
202100048000,115Â 937,A01,1,1,2,1,1,0,-1,-1, -1,-1,2021,22.0,2,2,3,0,1,13,1,,1,A55-Sens Martigues vers Marseille,0,,3,3,0,1,24,799,1,, -1,1,0,1,110,15,3,3,13,13026,1,1,0,7,A55-Sens Martigues vers Marseille,43.3756,5.1753,4,1,1
202100049406,113Â 443,B01,1,1,1,5,2,6,-1,-1, -1,-1,2021,18.0,2,1,0,2,9,1,1,,4,CHARLES BENOÃT ET ABEL BARDIN (AVENUE),0,,2,2,0,2,0,0,3,, -1,1,0,1,50,8,1,1,2,2659,2,1,0,3,CHARLES BENOÃT ET ABEL BARDIN (AVENUE),49.867855,3.325976,14,2,2
202100029071,149Â 783,Z01,10,3,1,2,0,-1,-1,5,3,1,2021,9.0,1,1,0,1,4,25,6,,3,AV HENRI DUNANT,0,,1,0,2,1,0,0,1,, -1,1,6,5,50,10,5,1,91,91027,2,1,0,6,AV HENRI DUNANT,48.71343,2.39595,8,2,1
202100020569,164Â 866,B01,1,1,1,9,2,6,-1,0,0,-1,2021,25.0,3,1,0,2,2,21,1,,4,AVENUE DE NOGENT   VINCENNES,0,,2,2,0,1,(1),(1),1,, -1,1,0,1,50,6,9,1,75,75112,2,4,0,3,AVENUE DE NOGENT   VINCENNES,48.844313,2.442401,18,2,2
202100002431,197Â 428,B01,1,1,1,5,2,6,-1,-1, -1,-1,2021,52.0,3,1,0,2,7,1,1,,4,BERRY (AVENUE DU),0,,1,2,0,2,0,0,1,, -1,1,5,1,50,15,12,1,23,23096,2,6,0,3,BERRY (AVENUE DU),46.1776909245,1.8775463104,14,2,2
202100032802,143Â 142,B01,1,1,1,1,8,0,-1,-1, -1,-1,2021,47.0,2,1,0,2,4,11,1,,1,A4,0,,-1,10,0,1,0,100,1,, -1,1,0,1,90,23,6,1,94,94018,1,1,0,2,A4,48.82546,2.39313,9,2,2
202100025774,155Â 617,A01,10,3,1,5,0,-1,-1,2,3,1,2021,33.0,1,2,0,1,2,1,1,,4,PLACE DE LA REPUBLIQUE,0,,2,5,0,1,(1),(1),1,, -1,2,0,1,50,2,8,1,75,75103,2,3,1,6,PLACE DE LA REPUBLIQUE,48.867342,2.363347,20,2,1
202100047499,116Â 858,B01,1,1,1,9,8,-1,-1,-1, -1,-1,2021,54.0,2,1,1,2,1,1,0,,4,LAENNEC (BD RENE),0,,2,2,2,1,(1),(1),1,, -1,1,0,1,50,17,3,1,35,35238,2,1,0,3,LAENNEC (BD RENE),48.10527,-1.666,12,2,2
202100042973,124Â 857,A01,1,1,1,9,2,4,6,0,0,-1,2021,31.0,2,1,0,0,9,15,1,,3,51,-1,,2,2,0,1,22,0,2,, -1,9,0,1,80,24,4,1,24,24084,1,4,0,7,CD51,44.792092,1.029357,9,1,1
202100041045,128Â 242,A01,1,1,1,0,2,6,-1,-1, -1,-1,2021,31.0,2,1,0,2,1,1,1,,2,kaweni-Geole ( rue de la ),0,,2,0,0,1,0,0,1,, -1,1,0,1,50,6,5,1,976,97611,2,3,0,3,kaweni-Geole ( rue de la ),-12.76689,45.22487,13,2,2
202100000398,200Â 991,B01,1,1,1,5,8,8,-1,-1, -1,-1,2021,49.0,3,2,0,2,4,24,2,,4,RESISTANCE,0,,2,2,0,1,0,0,1,, -1,2,0,1,50,13,9,5,64,64445,2,1,1,2,RESISTANCE,43.30482,-0.37615,22,3,2
202100014809,175Â 232,A01,1,1,2,4,1,8,-1,-1, -1,-1,2021,51.0,1,2,10,0,3,1,1,,4,Dunant (Pont),0,,1,2,0,1,0,1950,2,, -1,2,2,4,50,5,10,1,19,19272,2,1,1,6,Dunant (Pont),45.26109,1.75791,14,1,1
202100027631,152Â 332,A01,1,1,1,1,1,-1,-1,0,0,-1,2021,54.0,2,2,13,0,1,13,1,,3,28,-1,,2,2,0,1,1,480,1,, -1,1,0,8,80,23,7,1,14,14506,1,1,0,6,D28,49.1683207034,-0.8352720737,16,1,1
202100056188,101Â 457,A01,1,1,2,0,8,0,-1,-1, -1,-1,2021,31.0,1,2,0,2,3,13,1,,3,,-1,,3,5,1,1,0,1,1,, -1,2,0,1,50,5,1,1,93,93049,2,2,1,3,VICTOR HUGO (RUE) GALLIENI->EGL ST HENRI,48.85265,2.51238,15,2,2
202100042663,125Â 373,A01,1,1,1,5,8,8,-1,-1, -1,-1,2021,20.0,2,2,8,0,4,0,1,,2,RN104,0,,3,3,0,1,20,63,2,, -1,1,0,1,110,25,4,2,77,77122,1,1,0,6,RN104,48.6588,2.61262,6,1,1
202100000385,201Â 016,B01,1,1,1,0,2,0,-1,-1, -1,-1,2021,74.0,1,0,0,2,2,9,3,,3,LYCEE (BOULEVARD DU)(BROGNY A PARMELAN),0,,2,2,0,1,0,0,1,, -1,1,5,1,30,11,10,1,74,74010,2,2,0,3,LYCEE (BOULEVARD DU)(BROGNY A PARMELAN),45.9058728408,6.129107058,14,2,2
202100004842,193Â 133,A01,1,1,1,5,8,-1,-1,0,0,-1,2021,41.0,1,2,9,2,1,1,1,,2,21,0,N,2,2,0,1,17,200,1,, -1,2,0,1,70,4,12,5,65,65340,2,1,1,2,5 Route de Rabastens,43.264393,0.103755,23,2,2
202100002030,198Â 163,A01,1,1,1,0,1,0,-1,-1, -1,-1,2021,57.0,0,2,0,2,1,3,1,,2,R.N 569,0,,2,2,0,1,1,0,1,, -1,1,0,1,80,20,12,1,13,13047,1,1,0,1,R.N 569,43.53014,4.9603,14,7,2
202100007516,188Â 324,B01,1,1,1,0,8,-1,-1,0,0,-1,2021,46.0,2,2,0,2,1,26,1,,7,97,-1,,2,2,0,1,10,100,1,, -1,1,0,1,90,18,11,1,45,45072,1,1,0,1,D97,47.964066,1.927586,17,2,2
202100011168,181Â 768,B01,1,1,1,5,0,-1,-1,0,0,-1,2021,47.0,3,1,0,2,1,1,6,,2,110,-1,,2,2,0,1,(1),(1),3,, -1,1,0,1,60,26,10,1,987,98724,1,1,0,1,District de Maeva,-16.699237,-150.994871,6,2,2
202100048966,114Â 224,A01,1,1,1,9,1,0,-1,-1, -1,-1,2021,20.0,2,2,0,2,1,1,0,,3,R GABRIEL PERI,0,,1,1,0,1,1,0,1,, -1,1,0,1,50,5,3,5,94,94043,2,3,0,3,GABRIEL PERI (R),48.80612,2.3459,22,2,2
202100010250,183Â 386,A01,1,1,2,0,1,0,-1,-1, -1,-1,2021,21.0,2,2,4,0,1,1,1,,2,RN12,0,,3,2,0,1,25,700,2,, -1,2,0,2,110,30,10,3,78,78297,1,1,1,6,RN12,48.787942,2.063854,6,2,1
202100041807,126Â 879,A01,1,1,1,9,2,6,-1,0,0,-1,2021,23.0,1,1,0,0,0,1,1,,4,ECHANGEUR BAGNOLET,0,,1,2,0,2,(1),(1),2,, -1,1,2,1,70,30,4,4,75,75120,2,4,0,7,ECHANGEUR BAGNOLET,48.863264,2.413411,2,1,1
202100046327,118Â 963,Z01,3,2,1,5,1,0,-1,-1,0,-1,2021,19.0,2,2,0,2,1,1,1,,1,AUTOROUTE A15,0,,3,6,0,1,12,600,1,, -1,1,0,1,110,27,3,3,95,95252,1,1,0,2,A15,48.9864156095,2.210611208,23,6,2
202100005247,192Â 405,B01,1,1,1,0,2,0,-1,-1, -1,-1,2021,23.0,2,1,0,2,1,1,1,,7,AVENUE VALERANE,0,,2,2,0,1,42,350,1,, -1,1,0,1,70,26,11,5,83,83034,2,1,0,3,AVENUE VALERANE,43.08901,6.08994,18,2,2
202100012804,178Â 831,B01,2,2,1,5,8,0,-1,-1, -1,-1,2021,14.0,3,1,0,0,0,0,0,,4,BELLEAU REMI(RUELLE),0,,1,1,0,1,0,0,2,, -1,1,0,1,30,15,10,1,974,97407,2,9,0,6,BELLEAU REMI(RUELLE),-20.94001,55.29731,16,4,2
202100033224,142Â 377,A01,1,1,1,0,8,0,-1,-1, -1,-1,2021,19.0,0,2,1,0,2,1,1,,4,PALMIERS  (AVENUE DES),0,,2,2,0,1,0,0,2,, -1,1,0,1,30,20,6,5,93,93047,2,1,0,6,Avenue des Palmiers,48.89148,2.56022,0,1,1
202100040968,128Â 387,A01,1,1,1,4,8,0,-1,-1, -1,-1,2021,26.0,2,2,9,0,8,9,1,,3,PRESSENCE FRANCIS (AVENUE),0,,3,2,1,2,0,1,1,, -1,2,9,1,50,6,5,2,93,93066,2,6,1,6,Rue Francis de PressensÃ© / Rue de la Cokerie,48.92111,2.36465,20,3,1
202100019020,167Â 642,A01,1,1,1,1,2,6,-1,-1, -1,-1,2021,37.0,1,1,8,0,1,1,1,,3,COUSIN DE MERICOURT (AV),0,,3,1,0,1,1,0,1,, -1,1,0,1,30,13,9,1,94,94016,2,1,0,6,Avenue Cousin de MÃ©ricourt,48.79865,2.33279,14,1,1
202100015788,173Â 450,A01,1,1,1,5,2,-1,-1,0,0,-1,2021,31.0,1,1,2,0,1,0,1,,3,481,-1,,2,2,0,2,0,500,1,, -1,1,0,8,80,2,10,1,68,68296,1,1,0,6,Rte dÃ©partemental 481,48.245682,7.321787,14,1,1
202100005883,191Â 274,A01,2,2,2,9,1,0,-1,-1, -1,-1,2021,28.0,2,2,0,2,2,1,1,,4,RUE JULES VERNE,0,,2,2,0,1,0,1,1,, -1,2,0,1,50,26,11,5,91,91657,2,1,1,3,RUE JULES VERNE,48.699644,2.43803,20,3,2
202100007921,187Â 584,A01,10,3,2,9,0,-1,-1,1,3,1,2021,52.0,1,2,0,1,1,1,1,,3,817,-1,,3,4,0,1,4,817,1,, -1,1,9,1,90,16,11,3,31,31395,1,1,0,6,D817,43.490946,1.342564,18,2,1
202100054256,104Â 774,A01,10,3,2,5,0,-1,-1,2,3,1,2021,76.0,1,4,0,1,3,1,1,,3,REPUBLIQUE (AV DE LA),0,,2,2,0,1,0,0,1,, -1,1,0,1,30,21,1,1,94,94017,2,1,0,6,REPUBLIQUE (AV DE LA),48.82462,2.51005,11,2,1
202100038543,132Â 748,A01,10,3,2,0,8,8,-1,3,3,1,2021,86.0,0,3,0,1,3,16,1,1.0,4,SOUPIRS (CHEMIN DES),0,,2,2,0,1,0,0,1,, -1,1,0,1,50,24,5,1,93,93031,2,3,0,6,Chemin des Soupirs / Rue dâOrmesson,48.96142,2.3089,15,2,1
202100031504,145Â 446,A01,2,2,2,5,2,6,-1,0,0,-1,2021,59.0,0,1,14,0,9,1,1,,3,118,-1,,2,2,0,2,(1),(1),3,, -1,9,0,1,30,1,7,1,202,202248,2,1,0,6,d118,42.423412,9.163992,20,2,1
202100002605,197Â 125,B01,1,1,1,2,8,0,-1,-1, -1,-1,2021,17.0,1,1,0,2,6,0,5,,3,DOCTEUR CHAUVAUX (RUE DU),0,,-1,2,0,1,4,310,1,, -1,2,0,1,50,15,12,5,62,62224,2,1,1,2,DOCTEUR CHAUVAUX (RUE DU),50.53362,2.564646,7,2,2
202100005391,192Â 155,A01,10,3,1,5,0,-1,-1,2,3,2,2021,2.0,2,2,0,1,3,2,1,,4,ALEXEI LEONOV (RUE),0,,2,2,0,1,0,0,1,, -1,2,0,1,50,1,12,1,93,93071,2,1,1,6,ALEXEI LEONOV (RUE),48.9496154258,2.5231720968,15,2,1
202100035269,138Â 658,A01,10,3,2,5,0,-1,-1,1,3,1,2021,78.0,3,1,0,1,1,1,1,,4,RUE PASTEUR CAUD,0,,2,2,2,1,(1),(1),1,, -1,1,-1,1,50,10,6,5,33,33063,2,1,0,6,Rue Pasteur,44.84658,-0.63015,22,2,1
202100046641,118Â 395,A01,1,1,1,1,2,6,-1,0,0,-1,2021,31.0,1,1,0,2,1,18,1,,4,AVENUE DE LA REPUBLIQUE,0,,2,4,1,1,(1),(1),1,, -1,1,-1,5,50,25,3,1,75,75111,2,4,0,3,AVENUE DE LA REPUBLIQUE,48.86648,2.368146,14,2,2
202100001704,198Â 742,A01,10,3,1,0,0,-1,-1,1,3,1,2021,26.0,1,2,0,1,1,1,1,,4,LOHOBIAGUE JOANNES (AVENUE),0,,2,2,0,1,0,0,1,, -1,1,0,1,50,22,12,1,64,64483,2,1,0,6,Avenue Lohobiague,43.39578,-1.65811,15,2,1
202100006884,189Â 468,A01,1,1,1,1,1,-1,-1,0,0,-1,2021,56.0,1,2,0,2,1,2,1,,3,1079,-1,,2,2,0,1,26,180,1,, -1,1,0,1,80,12,11,3,1,1301,1,1,0,2,D1079,46.242878,5.1616,17,4,2
202100027529,152Â 522,A01,1,1,1,0,2,0,-1,-1, -1,-1,2021,20.0,0,1,0,2,1,26,0,,4,ARBRISSEAU RUE DE L,0,,2,2,0,1,(1),(1),1,, -1,1,0,1,30,22,7,1,59,59350,2,9,0,1,ARBRISSEAU RUE DE L,50.60623,3.04863,17,2,2
202100001330,199Â 381,A01,1,1,2,5,0,-1,-1,0,0,-1,2021,27.0,1,1,0,2,3,0,5,,2,91,-1,,2,2,0,1,2,600,1,, -1,1,0,1,40,27,12,1,987,98729,2,1,0,3,PK2.6,-17.478295,-149.779052,11,2,2
202100024862,157Â 216,A01,1,1,2,0,1,0,-1,-1, -1,-1,2021,31.0,2,2,0,2,5,13,1,,3,CD 14,0,,1,4,0,1,0,428,1,, -1,2,0,1,50,9,8,1,78,78238,2,9,1,2,CD 14,48.96353,1.86282,9,2,2
202100045129,121Â 067,B01,1,1,1,0,1,0,-1,0,0,-1,2021,57.0,3,2,0,2,1,0,1,,4,MOULIN (AVENUE J.),0,,2,2,0,1,0,0,1,, -1,1,0,1,80,3,4,1,30,30243,1,2,0,6,VALES (CHEMIN DE),44.07086,4.08018,17,3,2
202100054814,103Â 819,A01,7,2,2,3,1,-1,-1,0,0,-1,2021,18.0,3,2,2,0,1,1,1,,4,,-1,,2,2,0,1,(1),(1),1,, -1,2,0,3,50,16,1,2,38,38229,2,1,0,6,Boulevard des Alpes,45.204587,5.778739,17,4,1
202100004531,193Â 677,A01,10,3,2,5,0,-1,-1,3,3,2,2021,83.0,3,5,0,1,2,1,1,,4,LA PEROUSE QUAI,0,,1,1,0,3,(1),(1),3,, -1,1,0,1,50,5,12,1,6,6123,2,4,0,6,LA PEROUSE QUAI,43.656605,7.180011,15,3,1
202100050181,112Â 021,A01,1,1,1,5,1,0,-1,-1, -1,-1,2021,22.0,3,2,4,0,9,1,1,,4,HAUTE CHAINE PORTE,0,,2,2,0,1,1,0,1,, -1,1,0,1,50,20,2,5,49,49007,2,1,0,6,HAUTE CHAINE PORTE,47.4781330619,-0.5551716685,23,1,1
202100034814,139Â 481,A01,1,1,2,5,2,6,-1,-1, -1,-1,2021,36.0,2,1,0,0,1,13,1,,3,DOCTEUR DERVAUX  ( QUAI DU ),0,,2,5,0,1,0,0,2,, -1,1,5,1,70,11,6,5,92,92004,2,3,0,7,DOCTEUR DERVAUX  ( QUAI DU ),48.9092,2.2935,23,1,1
202100052276,108Â 265,A01,10,3,1,1,0,-1,-1,6,A,1,2021,42.0,3,2,0,1,1,14,1,,4,,-1,,2,2,0,1,(1),(1),1,, -1,2,0,3,90,6,2,1,971,97125,2,1,1,6,Route Touristique,16.246526,-61.291834,14,2,1
202100004565,193Â 617,A01,1,1,1,5,1,-1,-1,0,0,-1,2021,29.0,2,2,13,0,2,1,1,,3,150,-1,,2,2,0,1,5,300,2,, -1,2,0,1,80,5,12,1,60,60288,1,1,1,7,D150,49.560254,1.886687,16,1,1
202100038182,133Â 398,A01,1,1,2,5,2,6,-1,-1, -1,-1,2021,21.0,3,1,0,2,1,1,1,,4,ANTRAIN (D') DE 0 A 43 ET 80,0,,-1,0,0,1,(1),(1),1,, -1,1,0,1,50,26,5,1,35,35238,2,9,0,3,ANTRAIN (D') DE 0 A 43 ET 80,48.11835,-1.67606,17,2,2
202100052390,108Â 065,A01,1,1,2,0,8,0,-1,-1, -1,-1,2021,30.0,3,1,0,2,8,26,3,,4,DOCTEUR MORERE (RUE DU),0,,2,2,0,1,0,0,1,, -1,1,0,1,50,5,2,1,91,91477,2,9,0,3,DOCTEUR MORERE (RUE DU),48.711597,2.244616,10,2,2
202100046703,118Â 296,A01,2,2,1,5,1,-1,-1,0,0,-1,2021,21.0,2,2,13,0,2,1,1,,3,110,0,D,2,2,0,1,3,0,1,, -1,1,0,3,70,25,3,3,27,27474,1,1,0,6,D110,49.30274,1.238172,21,2,1
202100030541,147Â 166,A01,1,1,1,4,1,8,-1,-1, -1,-1,2021,38.0,1,4,0,0,0,1,1,,3,R.D 290,0,,2,2,0,1,5,845,2,, -1,2,0,3,80,5,7,1,71,71540,1,1,1,7,D290,46.7710162908,4.4713549057,6,1,1
202100010351,183Â 203,A01,1,1,1,5,2,6,-1,0,0,-1,2021,27.0,2,1,0,2,1,1,1,,4,BOULEVARD MASSENA,0,,2,2,0,2,(1),(1),1,, -1,2,0,1,30,29,10,5,75,75113,2,1,0,2,BOULEVARD MASSENA,48.823172,2.374297,21,3,2
202100020044,165Â 800,B01,1,1,2,1,8,-1,-1,-1, -1,-1,2021,32.0,3,0,0,2,0,19,5,,4,HERBOUVILLE (D')                    (CO),0,,2,4,3,1,(1),(1),1,, -1,1,0,1,50,8,9,1,69,69384,2,9,1,3,HERBOUVILLE (D') (CR),45.77515,4.83941,9,2,2
202100001694,198Â 762,B01,1,1,1,0,8,-1,-1,-1, -1,-1,2021,47.0,2,1,0,2,1,1,0,,4,GUILLOTIERE (DE LA)                 (GR),0,,1,1,2,1,(1),(1),1,, -1,1,0,5,50,22,12,1,69,69387,2,2,0,3,GUILLOTIERE (DE LA) (GR),45.7518314492,4.8469984531,9,2,2
202100008886,185Â 856,A01,10,3,2,1,0,-1,-1,3,3,2,2021,76.0,2,2,0,1,2,21,1,,9,,-1,,2,1,0,2,10,825,2,,3,1,9,1,50,9,11,2,36,36018,2,1,1,6,2 Rue de Poitiers,46.630607,1.057461,16,3,1
202100025317,156Â 403,B01,3,2,1,0,1,0,-1,-1, -1,-1,2021,1.0,1,2,0,2,3,1,1,,3,ROCADE SUD RD 6161,0,,2,2,0,1,(1),(1),1,, -1,1,0,1,70,9,8,1,11,11069,2,1,0,3,ROCADE SUD RD 6161,43.2035,2.3792,15,3,2
202100040383,129Â 423,A01,10,3,2,4,8,8,-1,3,0,-1,2021,42.0,3,2,0,1,1,26,0,,3,LEON BLUM (AVENUE),0,,2,2,0,1,1,0,1,, -1,1,0,1,50,11,5,1,93,93050,2,1,0,6,LEON BLUM (AVENUE),48.86758,2.53277,9,3,1
202100042173,126Â 238,B01,1,1,1,5,8,0,-1,-1, -1,-1,2021,20.0,3,1,0,2,4,2,0,,4,ST EXUPERY (AVENUE),0,,3,2,0,1,(1),(1),3,, -1,1,0,1,50,28,4,1,62,62193,2,1,0,2,ST EXUPERY (AVENUE),50.9461,1.88134,18,3,2
202100020147,165Â 617,A01,1,1,1,1,2,6,-1,0,0,-1,2021,43.0,3,1,0,0,9,1,1,,3,0,-1,,-1,2,0,3,0,0,1,, -1,9,0,1,50,7,9,1,202,202346,2,4,0,7,Campore,42.499971,9.451182,11,1,1
202100011040,181Â 983,A01,1,1,1,5,8,0,-1,0,0,-1,2021,16.0,1,1,0,2,6,20,5,,7,DE GAULLE GENERAL AVENUE,0,,2,2,0,1,(1),(1),1,, -1,1,6,4,50,25,10,1,6,6123,2,1,0,3,DE GAULLE GENERAL AVENUE,43.667543,7.192388,17,2,2
202100041357,127Â 684,A01,1,1,1,5,2,6,-1,0,0,-1,2021,17.0,0,1,0,2,7,1,1,,3,d133,-1,,2,2,0,1,10,40,1,, -1,1,5,1,50,5,5,1,47,47049,2,6,0,3,Place Saint Joseph,44.446579,0.620101,15,2,2
202100054895,103Â 687,A01,10,3,1,9,0,-1,-1,3,3,1,2021,20.0,3,2,0,1,2,1,1,,4,BEAUSSIER BOULEVARD,0,,3,4,0,1,1,0,1,, -1,2,0,1,50,14,1,5,49,49007,2,2,1,6,BEAUSSIER BOULEVARD,47.4717,-0.5999,18,2,1
202100052955,107Â 063,A01,1,1,2,1,1,-1,-1,0,0,-1,2021,23.0,3,2,6,0,1,1,1,,2,7,0,,2,2,0,1,29,550,1,, -1,1,0,3,50,29,1,2,38,38468,2,1,0,6,Route Nationale 7,45.336255,4.805054,17,1,1
202100055782,102Â 156,B01,3,2,1,5,1,8,-1,-1, -1,-1,2021,8.0,1,2,0,2,8,1,1,,4,LE BARILLEC (RUE  DU COLONEL ),0,,2,2,0,1,(1),(1),1,, -1,1,0,1,50,7,1,1,56,56121,2,2,0,3,LE BARILLEC (RUE  DU COLONEL ),47.7632746863,-3.3982152019,9,3,2
202100027528,152Â 523,A01,1,1,1,0,8,0,-1,-1, -1,-1,2021,36.0,2,1,14,0,1,1,1,,7,FUSILLES RUE DES,0,,2,2,0,1,(1),(1),1,, -1,1,0,1,50,22,7,1,59,59350,2,1,0,6,FUSILLES RUE DES,50.6411717225,2.9719305038,20,2,1
202100047175,117Â 443,A01,1,1,1,4,1,-1,-1,0,0,-1,2021,40.0,1,5,0,2,1,1,1,,1,6,-1,,3,5,0,2,311,600,1,, -1,1,9,1,50,22,3,1,21,21405,1,1,0,2,A6 aire de Tailly,46.968878,4.838657,8,2,2
202100053940,105Â 333,Z01,10,3,2,0,8,8,-1,2,3,1,2021,32.0,1,2,0,1,0,1,1,,4,ROYER (BD JEAN),0,,2,2,1,1,(1),(1),1,, -1,1,0,1,50,23,1,5,37,37261,2,2,0,6,ROYER (BD JEAN),47.3816185196,0.6821469069,18,2,1
202100042074,126Â 419,B01,10,3,1,0,0,-1,-1,2,3,1,2021,51.0,2,3,0,0,0,0,0,1.0,3,DANIELLE CASANOVA (RUE)  59 =>,0,,2,3,3,1,0,1,1,, -1,1,0,1,50,29,4,1,93,93001,2,1,0,1,DANIELLE CASANOVA (RUE)  59 =>,48.91494,2.40283,12,3,2
202100004500,193Â 724,A01,10,3,2,0,0,-1,-1,0,3,1,2021,79.0,1,1,0,1,1,15,5,,4,PRESIDENT EDOUARD HERRIOT (DU)      (R ),0,,1,1,3,1,(1),(1),1,, -1,1,0,1,50,5,12,1,69,69382,2,3,0,6,PRESIDENT EDOUARD HERRIOT (DU) (R),45.76382,4.83422,15,2,1
202100027999,151Â 660,A01,1,1,1,5,0,-1,-1,0,0,-1,2021,16.0,2,1,0,0,0,1,5,,3,900,0,,2,2,0,2,52,900,1,, -1,1,0,3,80,21,7,1,4,4126,1,1,0,7,RD 900,44.412003,6.346986,17,1,1
202100019054,167Â 582,A01,1,1,1,5,1,9,-1,0,0,-1,2021,34.0,1,5,6,0,1,1,1,,4,,-1,,2,2,0,1,(1),(1),1,,4,2,0,4,50,15,9,3,2,2360,2,1,1,6,10 Rue de Proviseux (Guignicourt),49.437076,3.969461,0,1,1
202100028354,151Â 020,A01,1,1,1,5,1,-1,-1,0,0,-1,2021,89.0,1,2,13,0,1,1,1,,4,,-1,,2,2,0,3,(1),(1),1,,4,1,0,8,50,11,7,1,57,57619,2,1,0,7,Rue Bellevue,48.988664,7.348219,17,1,1
202100028523,150Â 732,A01,10,3,1,5,0,0,0,6,9,2,2021,29.0,3,2,1,1,1,13,1,,4,,0,,2,2,0,2,(1),(1),2,,5,1,0,3,80,18,7,1,56,56089,1,1,0,6,Ty NÃ©vÃ© Baymant,47.982762,-3.307196,16,3,1
202100046945,117Â 861,A01,10,3,1,3,0,-1,-1,3,3,1,2021,75.0,1,2,0,1,1,1,1,,4,HUGO DE 1 A 70 (BD VICTOR),0,,2,2,2,1,0,0,1,, -1,1,0,1,50,18,3,1,2,2691,2,1,0,6,HUGO DE 1 A 70 (BD VICTOR),49.8431446,3.279945,13,2,1
202100037658,134Â 347,A01,1,1,2,5,2,6,-1,0,0,-1,2021,48.0,1,1,13,0,3,1,1,,3,258,-1,,2,2,0,1,3,154,3,, -1,1,0,1,80,30,5,1,76,76207,1,1,0,7,Rue de la Hetraie,49.942549,1.373055,18,1,1
202100008338,186Â 823,A01,1,1,1,4,1,0,-1,-1, -1,-1,2021,51.0,2,4,4,0,1,0,1,,2,RN 104,0,,3,3,0,1,41,0,3,, -1,2,0,1,70,13,11,1,91,91521,1,1,1,6,RN 104,48.63096,2.40027,8,2,1
202100000897,200Â 142,B01,10,3,1,9,0,-1,-1,2,3,1,2021,54.0,3,2,0,1,1,15,1,,4,CALMETTE ET GUERIN (RUE),0,,1,1,0,1,0,0,1,, -1,1,0,1,50,30,12,5,93,93005,2,2,0,6,CALMETTE ET GUERIN (RUE),48.9514598607,2.5140518013,21,2,1
202100052885,107Â 186,A01,1,1,1,1,2,0,-1,-1, -1,-1,2021,34.0,3,1,0,0,8,15,1,,4,MOURGAULT (RUE JULES),0,,2,2,0,1,(1),(1),1,, -1,2,0,1,50,1,2,2,37,37261,2,3,0,7,MOURGAULT (RUE JULES),47.3814764052,0.7027547881,7,1,1
202100051042,110Â 434,A01,10,3,2,0,8,8,-1,5,1,1,2021,14.0,0,2,0,1,7,1,1,,4,STOXEY (RUE DU ),0,,2,2,0,1,0,0,1,, -1,1,0,4,30,18,2,1,57,57463,2,1,0,6,STOXEY (RUE DU ),49.11959,6.19635,15,2,1
202100027437,152Â 679,A01,3,2,1,5,0,-1,-1,0,0,-1,2021,17.0,1,2,13,0,2,16,0,,3,,-1,,2,2,0,1,17,744,3,,5,2,0,1,50,24,7,1,72,72195,1,9,0,6,Route des Foutaies,47.835963574,-0.0129932503,16,4,1
202100009867,184Â 066,B01,1,1,1,1,1,0,-1,-1, -1,-1,2021,24.0,1,2,0,2,2,1,1,,1,A51-Sens Marseille vers Aix en Provence,0,,1,6,0,1,3,500,1,, -1,1,0,1,90,2,11,3,13,13019,1,1,0,3,A51-Sens Marseille vers Aix en Provence,43.42221,5.3714,1,2,2
202100055996,101Â 797,A01,1,1,2,5,1,-1,-1,0,0,-1,2021,30.0,1,2,9,0,1,1,1,,3,61,0,,2,2,0,1,23,290,2,, -1,2,0,6,80,7,1,3,78,78096,1,1,0,6,Rue Recoin,48.761165,1.64861,4,1,1
202100003017,196Â 383,A01,10,3,2,5,0,-1,-1,3,3,1,2021,52.0,1,2,0,1,1,1,1,,3,25,0,,2,2,0,4,41,780,1,, -1,2,2,1,50,15,12,5,21,21292,2,1,1,6,Rue Pasteur,47.242284,5.225571,17,2,1
202100003539,195Â 418,A01,1,1,1,5,2,0,-1,-1, -1,-1,2021,58.0,3,1,0,1,1,1,1,,4,GARE (DE LA),0,,2,2,0,1,0,0,3,, -1,1,0,1,50,9,12,1,974,97411,2,1,0,1,GARE (DE LA),-20.89449,55.49237,15,2,1
202100011110,181Â 870,A01,1,1,1,5,2,0,-1,0,0,-1,2021,26.0,1,1,0,2,1,1,5,,4,QUAI DES GRANDS AUGUSTINS,0,,2,4,1,1,17,0,1,, -1,1,-1,5,30,24,10,5,75,75106,2,1,0,1,QUAI DES GRANDS AUGUSTINS,48.854103,2.343585,3,2,2