Num_Acc,id_vehicule,num_veh,place,catu,sexe,trajet,secu1,secu2,secu3,locp,actp,etatp,year_acc,victim_age,senc,catv,obs,obsm,choc,manv,motor,occutc,catr,voie,v1,v2,circ,nbv,vosp,prof,pr,pr1,plan,lartpc,larrout,surf,infra,situ,vma,jour,mois,lum,dep,com,agg_,int,atm,col,adr,lat,long,hour,nb_victim,nb_vehicules
202100022779,160Â 884,A01,1,1,1,9,2,0,-1,-1, -1,-1,2021,36.0,3,1,0,2,8,17,1,,4,doujani-MosquÃ©e de doujani ( rue de la ),0,,2,2,0,1,0,0,1,, -1,1,0,1,30,23,8,1,976,97611,1,9,0,3,doujani-MosquÃ©e de doujani ( rue de la ),-12.79437,45.21138,9,2,2
202100035164,138Â 853,B01,1,1,1,3,1,-1,-1,0,0,-1,2021,51.0,1,2,0,2,3,1,1,,3,941,0,D,2,2,0,1,(1),(1),1,, -1,1,0,1,50,12,6,1,84,84053,2,1,0,1,D941,44.397256,4.932175,10,2,2
202100031646,145Â 189,A01,1,1,1,5,2,-1,-1,0,0,-1,2021,28.0,1,1,0,2,8,1,1,,3,9,-1,,2,2,0,1,27,730,3,, -1,1,0,1,90,29,6,1,61,61309,1,1,0,3,D9,48.329265,0.728788,17,2,2
202100001787,198Â 599,A01,1,1,1,5,0,-1,-1,0,0,-1,2021,26.0,1,2,13,0,9,1,1,,3,8,-1,,2,2,0,2,20,0,1,, -1,2,0,3,80,23,12,3,2,2571,1,1,0,7,Route DÃ©partementale 8,49.881542,3.305683,23,1,1
202100028722,150Â 383,B01,1,1,1,5,2,9,-1,0,0,-1,2021,13.0,3,1,0,2,1,19,0,,3,343,-1,,-1,2,0,3,(1),(1),1,, -1,1,0,1,70,17,7,1,202,202009,1,1,0,3,D343 - Domaine de Mavella,42.084337,9.45925,14,2,2
202100030578,147Â 096,A01,1,1,1,5,1,0,-1,-1, -1,-1,2021,27.0,1,2,9,9,1,9,1,,3,HEDDE (AVENUE DANIEL),0,,3,4,0,4,40,970,1,, -1,1,5,1,50,5,7,5,17,17306,2,1,0,6,HEDDE (AVENUE DANIEL),45.63181,-1.03186,23,1,1
202100056324,101Â 219,A01,1,1,1,1,2,2,-1,0,0,-1,2021,42.0,1,1,0,2,1,1,1,,4,693,0,,2,2,0,2,0,0,1,, -1,1,0,1,50,3,1,1,988,98818,2,3,0,2,RUE ARNOLD DALY/RUE MILLOT,-22.2743,166.47698,11,2,2
202100050263,111Â 876,A01,2,2,1,5,1,-1,-1,0,0,-1,2021,18.0,2,2,13,0,9,1,1,,3,75,0,,2,2,0,2,7,163,1,, -1,1,0,1,80,26,2,1,36,36189,1,1,0,6,Le Coudray,46.550534,1.811559,15,4,1
202100048101,115Â 772,A01,1,1,2,5,1,0,-1,-1, -1,-1,2021,22.0,1,2,4,0,2,14,1,,1,A52-Sens Pont de l'Etoile vers Toulon,0,,3,2,0,1,21,149,1,, -1,1,0,1,110,14,3,1,13,13005,1,1,0,6,A52-Sens Pont de l'Etoile vers Toulon,43.314818,5.590734,9,1,1
202100018986,167Â 695,B01,1,1,1,1,2,0,-1,0,0,-1,2021,56.0,2,1,0,2,1,1,5,,4,AVENUE DE LA PORTE DE CLIGNANCOURT,0,,2,6,1,1,(1),(1),1,, -1,2,0,5,50,14,9,5,75,75118,2,2,1,3,AVENUE DE LA PORTE DE CLIGNANCOURT,48.9007309355,2.3440280557,5,2,2
202100043464,123Â 970,A01,1,1,1,3,8,0,-1,0,0,-1,2021,29.0,1,1,0,2,7,17,3,,4,AVENUE DE SAINT OUEN,0,,2,2,1,1,(1),(1),1,, -1,1,-1,5,50,19,4,1,75,75117,2,2,0,3,AVENUE DE SAINT OUEN,48.893011,2.327427,19,2,2
202100001633,198Â 884,A01,1,1,1,0,1,0,-1,-1, -1,-1,2021,43.0,3,2,15,0,1,9,1,,3,EDOUARD VAILLANT DU 1 A FIN.,0,,-1,2,0,1,0,1,1,, -1,1,0,1,50,22,12,5,93,93055,2,6,0,6,CHEMIN DE FER (DU),48.8991535066,2.3967855612,23,1,1
202100041584,127Â 271,A01,1,1,1,5,2,6,-1,0,0,-1,2021,16.0,1,1,0,0,0,0,1,,3,31,0,D,2,2,0,1,13,600,1,, -1,1,0,1,70,2,5,1,42,42198,1,1,0,7,Route de la Gare,46.009555,3.943034,15,1,1
202100029877,148Â 388,A01,1,1,1,5,2,-1,-1,0,0,-1,2021,17.0,1,1,0,2,1,18,1,,3,11,-1,,2,2,0,1,10,1056,2,, -1,1,0,1,30,9,7,1,44,44127,2,1,0,3,11 Rue de la Paix,47.017142,-1.434419,15,2,2
202100041442,127Â 525,A01,1,1,1,5,2,6,-1,0,0,-1,2021,66.0,0,1,0,2,8,9,1,,2,RN3,-1,,2,2,0,4,(1),(1),4,,4,1,0,1,50,2,5,1,974,97422,2,3,0,3,rn3,-21.275481,55.525471,9,2,2
202100002556,197Â 213,B01,1,1,1,0,2,6,-1,-1, -1,-1,2021,27.0,2,1,0,2,7,1,1,,1,AUTOROUTE A6B,0,,3,6,0,1,5,300,1,, -1,1,0,1,90,17,12,1,94,94021,1,1,0,3,AUTOROUTE A6B,48.7704,2.3457,15,2,2
202100013300,177Â 967,A01,1,1,1,1,2,0,-1,-1, -1,-1,2021,36.0,1,1,0,2,6,13,3,,3,CELESTINS (AVENUE DES),0,,2,2,0,2,0,0,1,, -1,1,0,1,50,13,10,5,3,3310,2,1,0,3,CELESTINS (AVENUE DES),46.12448,3.42966,20,2,2
202100001588,198Â 971,B01,3,2,2,9,1,0,-1,-1, -1,-1,2021,5.0,1,2,0,2,4,0,1,,3,MATACHOT,0,,2,1,0,1,3,924,1,, -1,1,0,1,50,23,12,5,64,64041,2,1,0,2,Rue Matachot,43.28039,-0.33001,20,5,2
202100031825,144Â 868,B01,1,1,1,5,2,8,-1,0,0,-1,2021,48.0,1,1,0,2,8,26,5,,3,IMPERIALE (Route) D464 ,0,,-1,2,0,1,1,0,1,, -1,1,0,1,50,27,6,1,202,202120,2,2,0,3,IMPERIALE (Route) D464 ,42.63806,9.43399,12,2,2
202100034805,139Â 497,B01,1,1,1,3,8,0,-1,-1, -1,-1,2021,23.0,-1,0,0,2,1,3,0,,3,SAINT-DENIS (RUE DE),0,,1,0,0,1,0,0,3,, -1,1,3,1,50,12,6,2,93,93001,2,9,0,3,SAINT-DENIS (RUE DE),48.9211865344,2.3765067011,20,3,2
202100015350,174Â 274,A01,10,3,1,0,0,-1,-1,2,3,1,2021,73.0,3,1,0,1,1,1,1,,7,PLAGE BOULEVARD DE LA,0,,3,5,1,1,(1),(1),1,, -1,1,0,1,50,2,10,1,6,6027,2,1,0,6,PLAGE BOULEVARD DE LA,43.657816,7.170693,11,2,1
202100051131,110Â 282,A01,1,1,1,5,2,6,-1,0,0,-1,2021,20.0,2,1,0,0,9,1,1,,3,18,2,,2,2,0,2,9,345,1,, -1,1,2,1,30,18,2,1,68,68287,2,1,0,7,Route du Rhin,47.960768,7.314062,17,1,1
202100018364,168Â 802,B01,1,1,2,1,1,-1,-1,-1, -1,-1,2021,30.0,1,2,0,2,4,23,1,,1,DASSAULT (AVE MARCEL),0,,2,3,2,3,16,0,1,, -1,1,3,1,50,17,9,1,33,33281,2,3,0,2,Rocade Ouest,44.84371,-0.67288,7,2,2
202100003108,196Â 209,A01,2,2,1,0,1,0,-1,-1, -1,-1,2021,20.0,1,2,2,0,1,13,1,,4,JOHN F. KENNEDY (AV)-AV PIE ET MA CURIE,0,,2,2,0,1,(1),0,1,, -1,1,0,3,50,13,12,3,60,60057,2,1,0,6,Av du Pdt J Fitzgerald Kennedy,49.41274,2.10612,19,2,1
202100043788,123Â 412,A01,1,1,1,5,2,6,-1,0,0,-1,2021,27.0,2,1,0,2,1,2,1,,4,BOULEVARD PERIPHERIQUE,0,,1,4,0,1,24,300,1,, -1,1,0,1,70,15,4,1,75,75119,2,1,0,2,BOULEVARD PERIPHERIQUE,48.900359,2.376642,18,2,2
202100041337,127Â 719,A01,10,3,2,5,0,-1,-1,3,3,1,2021,90.0,2,1,0,1,1,1,5,,4,,0,,2,2,2,1,0,0,1,, -1,1,0,1,50,5,5,1,92,92035,2,1,0,6,Veuve Lacroix ( rue ),48.904481971,2.2360423207,13,2,1
202100011063,181Â 947,A01,10,3,2,1,0,-1,-1,3,3,1,2021,41.0,1,2,0,1,2,1,1,,4,PORET DE BLOSSEVILLE. RUE,0,,2,2,0,1,0,0,1,, -1,2,0,1,30,25,10,1,76,76540,2,3,0,6,PORET DE BLOSSEVILLE. RUE,49.43804,1.08293,13,2,1
202100047313,117Â 197,A01,2,2,1,1,1,8,-1,-1, -1,-1,2021,42.0,2,2,0,9,9,1,1,,1,A55 - Sens Marseille vers Martigues,0,,-1,1,0,2,13,500,3,, -1,1,3,1,50,19,3,1,13,13071,1,1,0,6,A55 - Sens Marseille vers Martigues,43.399446,5.295579,7,2,1
202100003545,195Â 408,A01,2,2,1,5,1,8,-1,-1, -1,-1,2021,30.0,3,2,0,2,1,19,1,,4,20 DECEMBRE 1948(AVENUE DU),0,,2,2,0,1,0,0,1,, -1,1,0,1,50,7,12,5,974,97407,2,2,0,3,FERRY (RUE),-20.93512,55.29881,22,3,2
202100031045,146Â 248,A01,1,1,1,5,2,8,-1,-1, -1,-1,2021,54.0,1,1,2,0,1,16,1,,3,CD 301,0,,1,1,0,1,14,580,3,, -1,2,3,6,70,30,6,1,62,62270,1,9,0,6,CD 301,50.47393,2.51831,11,1,1
202100033530,141Â 836,A01,1,1,1,0,2,0,-1,-1, -1,-1,2021,30.0,1,1,0,2,7,15,1,,4,MERE THERESA (rue),0,,2,2,0,1,(1),(1),1,, -1,1,0,1,50,18,6,1,973,97302,2,3,0,3,MERE THERESA (rue),4.92245,-52.31258,16,2,2
202100037094,135Â 398,A01,1,1,2,5,2,6,-1,0,0,-1,2021,45.0,2,1,4,0,2,15,1,,3,,0,D,2,2,0,2,23,440,2,, -1,1,0,1,80,2,6,1,11,11165,1,1,0,6,D117,42.871569,2.154179,12,1,1
202100044059,122Â 924,A01,1,1,1,9,2,0,-1,-1, -1,-1,2021,20.0,3,1,15,2,1,16,1,,4,ROND POINT (AVENUE DU),0,,2,2,0,1,0,0,3,, -1,1,0,1,50,14,4,1,93,93077,2,9,0,1,ROND POINT (AVENUE DU),48.88496,2.50013,13,2,2
202100017304,170Â 721,A01,1,1,1,5,2,6,9,0,0,-1,2021,75.0,2,1,10,0,1,1,1,,3,151,0,,-1,2,0,2,12,850,3,, -1,9,0,1,80,23,9,1,30,30105,1,1,0,7,D151,44.069684,3.45188,18,1,1
202100026165,154Â 928,B01,1,1,1,5,8,0,-1,-1, -1,-1,2021,40.0,3,2,0,2,9,1,1,,4,JEAN JAURES (AVENUE),0,,2,2,0,1,0,0,1,, -1,1,0,1,50,31,7,1,93,93005,2,2,0,3,Avenue Jean JaurÃ¨s / Avenue des Friches,48.921696,2.504071,18,2,2
202100021691,162Â 863,B01,1,1,1,5,1,-1,-1,0,0,-1,2021,47.0,3,2,0,2,3,13,1,,3,392,-1,,2,2,0,2,6,200,3,, -1,1,0,1,90,31,8,2,67,67165,1,1,0,1,D392,48.490402,7.162292,18,4,2
202100002340,197Â 605,A01,1,1,1,5,2,6,-1,0,0,-1,2021,15.0,2,1,0,0,0,1,1,,4,,0,,2,2,0,1,(1),(1),1,,4,1,0,3,80,20,12,1,60,60002,1,1,0,7,rue du moulin,49.3550574484,2.1487498282,15,1,1
202100046472,118Â 718,A01,1,1,1,5,2,-1,-1,0,0,-1,2021,62.0,2,1,13,0,1,1,5,,3,117,0,D,2,2,0,2,1,285,3,0,"3,6",1,0,3,80,27,3,1,16,16415,1,1,0,6,85 Route de Guissalle,45.728158,0.110314,17,1,1
202100013986,176Â 702,B01,1,1,2,5,2,6,-1,-1, -1,-1,2021,19.0,1,1,0,2,3,1,1,,7,GRANDE RUE                          (GR),0,,2,2,0,2,2,700,1,, -1,1,0,1,30,10,10,1,69,69149,2,3,0,1,GRANDE RUE,45.71237,4.80332,13,3,2
202100034390,140Â 267,B01,1,1,2,1,2,6,-1,0,0,-1,2021,33.0,1,1,0,2,4,9,1,,3,,-1,,1,2,0,1,(1),(1),1,, -1,1,9,8,30,30,5,2,67,67101,2,6,0,2,rond point de la colonne,48.52354,7.498158,6,2,2
202100045648,120Â 141,B01,1,1,2,1,1,8,-1,-1, -1,-1,2021,59.0,2,2,0,2,5,1,1,,4,R DE BOISSY,0,,2,4,0,1,1,0,1,, -1,1,0,1,50,1,4,3,94,94071,2,4,0,3,Rue de Boissy,48.76438,2.52542,6,2,2
202100019090,167Â 521,B01,1,1,1,5,8,-1,-1,0,0,-1,2021,23.0,2,1,0,2,1,1,5,,3,71,0,,2,2,0,2,0,274,1,,4,2,0,1,50,15,9,1,1,1249,2,2,0,3,Rue Joseph Carre,45.826844,4.952951,10,2,2
202100001925,198Â 353,B01,2,1,1,1,2,6,-1,-1, -1,-1,2021,30.0,2,1,0,2,1,1,1,,3,906,0,,2,4,0,1,0,0,1,, -1,1,0,1,50,21,12,1,92,92023,2,3,0,3,GENERAL DE GAULLE (AV DU) NÂ°130 A 340 ET,48.78565,2.25218,11,2,2
202100004773,193Â 249,B01,1,1,1,0,1,0,-1,-1, -1,-1,2021,63.0,1,2,0,2,3,2,1,,4,RUE ARNAUD VIDAL,0,,1,1,0,1,(1),(1),1,, -1,2,0,1,30,3,12,5,31,31555,2,2,1,3,RUE DES SEPT TROUBADOURS,43.60703,1.45289,22,2,2
202100022245,161Â 880,A01,10,3,1,0,0,-1,-1,4,3,1,2021,79.0,3,2,0,1,2,15,1,,7,DUNKERQUE AVENUE DE,0,,2,2,0,1,(1),(1),1,, -1,1,0,1,50,26,8,1,59,59350,2,2,0,6,DUNKERQUE AVENUE DE,50.64018,3.01904,16,2,1
202100010153,183Â 550,B01,4,2,2,5,1,8,-1,0,0,-1,2021,4.0,2,2,0,2,1,1,1,,4,PALAVAS (AVENUE DE),0,,1,2,3,2,(1),(1),1,, -1,2,5,1,30,30,10,1,34,34172,2,3,1,3,PALAVAS (AVENUE DE),43.60185,3.88466,9,3,2
202100009065,185Â 503,A01,2,2,1,5,1,0,-1,-1, -1,-1,2021,27.0,2,2,0,0,9,14,1,,4,RUE DE PAPEETE,0,,2,2,0,1,0,0,1,, -1,1,0,1,50,7,11,1,988,98818,2,1,0,7,RUE DE PAPEETE,-22.24688,166.44613,4,2,1
202100021405,163Â 385,B01,1,1,1,5,2,6,9,0,0,-1,2021,37.0,1,1,0,2,1,26,1,,3,70,-1,,2,2,0,2,26,80,1,, -1,1,0,1,80,28,5,1,62,62299,1,1,0,3,D70,50.458804,2.306593,20,2,2
202100040139,129Â 849,A01,1,1,1,9,2,8,-1,-1, -1,-1,2021,29.0,1,1,0,0,1,1,1,,4,DIGUE RONJON,0,,2,1,0,1,(1),(1),1,, -1,1,0,1,50,9,5,5,973,97302,2,2,0,6,DIGUE RONJON,4.9333304936,-52.3317042142,21,1,1
202100036829,135Â 869,A01,1,1,2,4,2,6,-1,0,0,-1,2021,54.0,1,1,0,2,8,3,1,,4,PORTE D AUBERVILLIERS,0,,3,4,0,1,23,400,1,, -1,1,0,1,70,31,5,1,75,75118,2,1,0,4,PORTE D AUBERVILLIERS,48.900869,2.364336,16,3,3
202100027334,152Â 863,A01,1,1,1,0,1,0,-1,-1, -1,-1,2021,18.0,2,2,8,0,1,21,1,,7,PICOT (AVE DU COLONEL),0,,2,2,0,2,3,530,1,, -1,1,0,4,50,22,7,5,83,83137,2,1,0,6,PICOT (AVE DU COLONEL),43.128847,5.966873,22,2,1
202100034956,139Â 221,A01,1,1,1,5,2,8,-1,-1, -1,-1,2021,37.0,1,1,0,2,1,1,1,,4,BARATTES (AVENUE DES),0,,2,2,0,1,0,0,1,, -1,1,0,1,30,10,6,1,74,74010,2,2,0,3,BARATTES (AVENUE DES),45.90589,6.13736,20,2,2
202100052502,107Â 877,A01,1,1,1,0,1,-1,-1,0,0,-1,2021,42.0,2,2,0,2,3,1,1,,3,15,-1,,2,2,0,2,7,200,3,, -1,1,0,1,50,6,2,3,972,97224,1,1,0,3,dÃ©partementale 15,14.670287,-61.022519,5,2,2
202100020886,164Â 316,A01,10,3,1,5,0,-1,-1,2,4,2,2021,7.0,2,2,0,1,2,1,2,,4,PLACE ADOLPHE MAX,0,,1,4,0,2,(1),(1),1,, -1,1,0,1,30,3,9,5,75,75109,2,7,0,6,PLACE ADOLPHE MAX,48.883122,2.330204,21,2,1
202100000424,200Â 951,A01,1,1,1,5,8,-1,-1,0,0,-1,2021,20.0,3,2,12,0,2,14,1,,4,,-1,,2,2,0,2,(1),(1),3,, -1,1,1,1,50,25,6,5,73,73008,2,1,0,6,Passage Victoria,45.6892858791,5.9090058811,2,1,1
202100035289,138Â 625,B01,1,1,1,0,2,0,-1,-1, -1,-1,2021,78.0,0,1,0,2,5,0,6,,4,PIERRE GUERRE (ROND-POINT),0,,2,-1,0,1,1,0,2,, -1,2,0,1,50,10,6,1,13,13208,2,6,0,3,PIERRE GUERRE (ROND-POINT),43.2505040214,5.3891343981,11,2,2
202100003407,195Â 667,A01,10,3,2,0,0,-1,-1,4,3,1,2021,77.0,2,2,0,1,1,0,1,,4,,0,,2,2,0,1,0,0,1,, -1,1,0,1,30,11,12,5,64,64445,2,1,0,6,Boulevard dâAlsace Lorraine,43.30485,-0.37053,18,2,1
202100039927,130Â 217,B01,1,1,2,9,1,0,-1,-1, -1,-1,2021,27.0,3,2,0,2,3,2,1,,4,CORPS FRANC POMMIES,0,,2,2,0,1,0,0,1,, -1,1,0,1,50,14,5,1,64,64284,2,2,0,3,CORPS FRANC POMMIES,43.293,-0.38676,17,3,2
202100019171,167Â 362,B01,1,1,1,2,2,8,-1,-1, -1,-1,2021,17.0,1,1,0,2,1,17,1,,3,JULES CAMPAGNE (RUE),0,,2,2,0,1,1,0,1,, -1,1,0,1,50,13,9,1,59,59291,2,1,0,3,JULES CAMPAGNE (RUE),50.2470174785,3.907759426,7,2,2
202100004840,193Â 136,A01,1,1,1,5,8,-1,-1,0,0,-1,2021,79.0,2,5,0,9,5,1,1,,3,902,-1,D,2,2,0,2,15,858,2,, -1,2,0,1,80,4,12,3,74,74295,1,1,1,6,Route des Grandes Alpes,46.309203,6.611259,20,2,1
202100024385,158Â 096,B01,1,1,1,5,2,6,-1,0,0,-1,2021,16.0,1,1,0,2,1,1,1,,3,34,0, -,2,2,0,1,18,213,1,, -1,1,0,1,50,12,8,5,31,31390,2,1,0,5,Avenue des Toureilles,43.091817,0.56085,21,3,3
202100055126,103Â 276,A01,10,3,1,2,0,-1,-1,3,3,1,2021,14.0,3,2,0,1,3,16,1,,3,288,-1,,2,2,1,1,(1),(1),1,, -1,2,6,1,50,12,1,1,67,67130,2,6,1,6,1 Rue du Printemps,48.421462,7.658367,13,2,1
202100050894,110Â 707,B01,1,1,1,5,2,0,-1,0,0,-1,2021,16.0,2,1,0,2,1,1,1,,3,BORDEAUX (avenue de),0,,2,2,0,1,31,830,1,, -1,1,6,1,30,18,2,1,47,47027,2,1,0,3,BORDEAUX (avenue de),44.40355,0.68036,15,2,2
202100009718,184Â 329,A01,10,3,1,5,0,-1,-1,2,3,1,2021,59.0,1,2,0,1,2,1,2,,3,ITALIE BOULEVARD D',0,,2,2,0,1,1,886,1,, -1,1,0,1,50,2,11,5,85,85191,2,1,1,6,ITALIE BOULEVARD D',46.671207,-1.418239,18,2,1
202100056453,100Â 992,A01,1,1,1,5,2,6,9,0,0,-1,2021,34.0,2,1,12,0,3,1,1,,3,11,-1,,2,2,0,1,15,860,1,, -1,1,0,1,50,1,1,2,56,56190,2,1,0,3,Rue de la Belle Aurore,47.98394,-2.748717,16,2,2
202100030678,146Â 919,B01,2,2,2,0,1,0,-1,-1, -1,-1,2021,30.0,1,2,0,2,4,2,1,,1,6,0,,3,3,0,3,15,199,1,, -1,2,0,1,110,5,7,1,91,91432,1,1,1,2,AUTOROUTE A6,48.69082,2.32241,8,3,2
202100055833,102Â 075,A01,1,1,1,4,2,0,-1,-1, -1,-1,2021,20.0,1,1,0,2,8,2,1,,3,ARISTIDE BRIAND (AV),0,,2,4,2,1,(1),(1),1,, -1,1,0,1,50,8,1,5,94,94003,2,2,0,3,ARISTIDE BRIAND (AV),48.80576,2.32566,20,2,2
202100035807,137Â 702,B01,1,1,2,3,1,-1,-1,0,0,-1,2021,68.0,2,2,0,2,1,1,1,,2,524,-1,,2,2,0,1,16,743,1,, -1,1,0,1,80,8,5,1,33,33036,1,9,0,3,,44.414628,-0.219378,11,2,2
202100037478,134Â 679,B01,1,1,1,1,2,-1,-1,0,0,-1,2021,17.0,2,1,0,2,8,1,5,,4,0,0,X,2,2,0,1,0,0,1,,4,1,0,5,50,31,5,1,74,74234,1,2,0,1,chemin de la chapelle de cons,45.756969,6.317525,7,2,2
202100027932,151Â 780,A01,1,1,2,1,1,-1,-1,0,0,-1,2021,40.0,2,2,0,2,8,13,1,,4,RUE JEANNE CHAUVIN,0,,2,2,0,1,(1),(1),1,, -1,1,5,1,50,15,7,1,29,29019,2,6,0,1,Rue Jeanne Chauvin,48.4226831076,-4.4757151007,7,2,2
202100029145,149Â 649,A01,1,1,2,5,2,6,-1,-1, -1,-1,2021,35.0,3,1,0,2,0,0,1,,4,CHARLES LIVON (BOULEVARD),0,,2,3,0,1,(1),(1),1,, -1,1,0,1,50,12,7,5,13,13207,2,3,0,3,CHARLES LIVON (BOULEVARD),43.29225,5.36375,22,2,2
202100004884,193Â 057,A01,1,1,1,5,1,-1,-1,0,0,-1,2021,54.0,1,2,0,2,3,13,1,,3,572,0,N,2,2,0,1,0,500,3,, -1,1,0,1,-1,5,12,3,13,13004,1,1,0,5,D572N,43.663432,4.455932,18,5,3
202100048470,115Â 124,A01,1,1,2,5,1,-1,-1,0,0,-1,2021,21.0,2,2,2,0,0,13,1,,3,672,-1,,2,2,0,2,19,870,3,, -1,2,0,3,80,11,3,1,33,33020,1,1,0,6,Les Valains,44.741026,0.062012,15,1,1
202100040631,128Â 986,B01,2,2,1,4,1,0,-1,-1, -1,-1,2021,54.0,2,5,0,2,2,15,1,,3,BD DE STALINGRAD,0,,2,2,0,1,0,0,1,, -1,1,0,1,50,9,5,2,94,94017,2,1,0,3,Boulevard de Stalingrad,48.82224,2.49793,20,3,2
202100023693,159Â 265,A01,1,1,2,1,2,8,-1,-1, -1,-1,2021,46.0,2,0,0,2,3,11,3,,4,,0,,2,3,1,1,(1),(1),1,, -1,1,9,1,50,17,8,4,67,67482,2,1,0,3,ROMAINS (ROUTE DES),48.57969,7.69795,0,2,2
202100011000,182Â 063,B01,1,1,2,5,8,-1,-1,0,0,-1,2021,57.0,1,1,0,0,4,2,5,,3,36,0,D,2,2,0,1,4,0,1,, -1,1,0,1,80,26,10,3,13,13096,1,1,0,2,D38,43.463853,4.396119,20,3,3
202100011037,181Â 990,A01,1,1,1,1,2,0,-1,-1, -1,-1,2021,59.0,2,1,0,2,2,1,1,,1,RN104,0,,1,2,0,1,13,300,1,, -1,2,0,1,90,26,10,1,77,77294,1,1,0,6,RN104,48.9557745296,2.6266009959,9,3,3
202100029878,148Â 387,A01,10,3,2,3,0,-1,-1,2,3,1,2021,82.0,1,2,0,1,4,4,1,,3,,-1,,1,1,0,1,(1),(1),1,,4,1,0,1,50,7,7,1,35,35179,2,3,0,6,Place des 4 Freres de Villele,48.514211,-1.89981,15,2,1
202100026172,154Â 915,B01,1,1,1,0,2,6,-1,0,0,-1,2021,35.0,1,1,0,2,8,19,1,,3,114,-1,,2,2,0,1,98,800,1,, -1,1,0,1,80,31,7,1,17,17183,1,2,0,1,D117,45.604836,-0.810448,7,2,2
202100025224,156Â 573,A01,1,1,1,5,1,0,-1,-1, -1,-1,2021,26.0,1,2,0,2,3,11,1,,1,A55 - Sens Marseille vers Martigues,0,,1,3,0,2,12,0,2,, -1,1,0,1,110,6,8,3,13,13071,1,1,0,6,A55 - Sens Marseille vers Martigues,43.38643,5.30852,20,3,2
202100013179,178Â 189,A01,1,1,1,0,1,-1,-1,0,0,-1,2021,55.0,1,2,0,2,3,15,1,,3,859,0,D,2,2,0,1,(1),(1),1,, -1,1,0,1,50,14,10,3,201,201247,2,1,0,3,Route de Sotta,41.592093,9.213828,21,2,2
202100015676,173Â 647,A01,1,1,1,5,2,-1,-1,0,0,-1,2021,44.0,2,1,13,0,1,26,0,,3,3,0,D,2,2,0,2,0,300,2,, -1,1,0,3,50,2,10,1,65,65360,2,1,0,7,6 Route de Loubajac,43.104857,-0.117888,11,1,1
202100046483,118Â 696,A01,1,1,1,1,2,6,-1,-1, -1,-1,2021,33.0,1,1,0,2,3,14,1,,1,AUTOROUTE A1,0,,3,8,0,1,2,400,1,, -1,1,0,1,90,26,3,1,93,93066,1,1,0,6,AUTOROUTE A1,48.9186405346,2.3576148273,13,1,1
202100055139,103Â 253,B01,1,1,1,1,2,0,-1,-1, -1,-1,2021,54.0,2,1,1,2,3,3,1,,1,AUTOROUTE A106,0,,1,3,0,3,5,500,1,, -1,2,3,1,90,14,1,3,94,94021,1,1,1,3,AUTOROUTE A106,48.765413,2.34357,7,2,2
202100055522,102Â 602,A01,1,1,1,9,1,0,-1,0,0,-1,2021,39.0,1,2,0,2,4,1,1,,4,AVENUE DE FLANDRE,0,,1,2,0,1,(1),(1),1,, -1,1,0,1,50,10,1,5,75,75119,2,1,0,2,AVENUE DE FLANDRE,48.887587,2.373194,19,2,2
202100054190,104Â 886,A01,1,1,1,5,8,0,-1,-1, -1,-1,2021,66.0,1,2,0,0,7,1,1,,7,CRAU (ROUTE DE LA ),0,,2,2,0,1,101,640,1,, -1,1,0,3,80,11,1,1,83,83069,1,1,0,7,CRAU (ROUTE DE LA ),43.128907,6.090506,10,1,1
202100011410,181Â 325,B01,1,1,1,1,2,6,-1,0,0,-1,2021,60.0,2,1,0,2,4,2,1,,4,PORTE DE BAGNOLET,0,,1,5,0,1,29,400,1,, -1,1,0,1,70,22,10,5,75,75120,2,1,0,2,PORTE DE BAGNOLET,48.868765,2.413467,5,2,2
202100024000,158Â 739,B01,1,1,1,3,8,0,-1,-1, -1,-1,2021,59.0,2,1,0,2,1,16,5,,4,CARMET (RUE JEAN),0,,2,2,0,1,0,0,4,, -1,1,0,1,50,15,8,1,82,82121,2,3,0,3,CARMET (RUE JEAN),44.00916,1.37629,9,2,2
202100001504,199Â 103,B01,1,1,1,4,1,0,-1,-1, -1,-1,2021,19.0,3,0,0,2,3,16,1,,3,LOUIS BLANC (AV),0,,2,2,0,1,0,0,1,, -1,1,0,1,30,23,12,5,94,94068,2,2,0,3,LOUIS BLANC (AV),48.79208,2.49715,18,2,2
202100048979,114Â 198,A01,1,1,1,9,2,0,-1,-1, -1,-1,2021,20.0,2,1,1,0,3,1,1,,4,,0,,1,1,0,2,0,0,1,, -1,1,0,1,50,6,3,5,92,92075,2,1,0,6,SADI CARNOT (RUE),48.8227029402,2.2904241085,5,1,1
202100024283,158Â 265,A01,10,3,2,0,0,-1,-1,2,A,2,2021,18.0,0,2,1,0,0,1,1,,4,HUGO (AVE VICTOR),0,,2,2,0,2,(1),(1),1,, -1,1,0,1,50,13,8,1,33,33009,2,1,0,6,Avenue Victor Hugo,44.6569,-1.1675,13,2,1
202100053812,105Â 565,A01,10,3,2,2,0,-1,-1,3,3,1,2021,31.0,3,2,0,1,1,15,1,,6,,-1,,-1,-1,0,1,(1),(1),2,, -1,1,0,1,50,26,1,1,85,85003,2,1,0,6,Parvis FÃ©licien Rabaud,46.737961,-1.616607,8,2,1