Num_Acc,id_vehicule,num_veh,place,catu,sexe,trajet,secu1,secu2,secu3,locp,actp,etatp,year_acc,victim_age,senc,catv,obs,obsm,choc,manv,motor,occutc,catr,voie,v1,v2,circ,nbv,vosp,prof,pr,pr1,plan,lartpc,larrout,surf,infra,situ,vma,jour,mois,lum,dep,com,agg_,int,atm,col,adr,lat,long,hour,nb_victim,nb_vehicules
202100047214,117Â 370,A01,1,1,1,5,2,6,-1,-1, -1,-1,2021,60.0,1,1,0,2,1,1,1,,4,BAB (BOULEVARD DU),0,,2,1,0,1,0,0,1,, -1,1,0,1,50,20,3,1,64,64024,2,1,0,2,BAB (BOULEVARD DU),43.48807,-1.53577,14,2,2
202100049814,112Â 708,A01,1,1,1,5,2,6,-1,0,0,-1,2021,17.0,2,1,0,2,0,16,1,,3,,-1,,2,2,0,1,13,345,1,, -1,1,0,1,80,27,2,2,85,85142,1,2,0,3,La TabariÃ¨re,46.74313,-1.27014,17,2,2
202100001494,199Â 117,B01,1,1,1,9,2,0,-1,0,0,-1,2021,46.0,1,1,0,2,3,1,1,,4,RUE BELGRAND,0,,2,2,1,1,(1),(1),1,, -1,2,0,1,30,24,12,1,75,75120,2,2,1,3,RUE BELGRAND,48.864794,2.401313,12,2,2
202100035797,137Â 721,A01,1,1,1,5,2,9,-1,0,0,-1,2021,26.0,1,1,3,0,2,1,1,,3,17,0,D,2,2,0,2,5,0,2,, -1,1,0,1,80,8,6,1,54,54378,1,1,0,6, RD17,49.4673710477,5.6469726564,15,1,1
202100028820,150Â 205,A01,1,1,1,5,1,8,-1,-1, -1,-1,2021,20.0,1,2,2,0,1,14,2,,4,LECLERC ( BD GENERAL ),0,,2,2,0,1,(1),(1),3,, -1,1,0,1,30,14,7,5,56,56121,2,6,0,6,LECLERC ( BD GENERAL ),47.75006,-3.3663,4,1,1
202100050293,111Â 808,A01,1,1,1,0,2,0,-1,-1, -1,-1,2021,21.0,1,1,0,0,0,26,1,,1,86,0,,3,4,0,1,6,500,1,, -1,1,0,1,90,24,2,1,92,92036,1,1,0,2,A86,48.9348439651,2.2672648297,17,2,2
202100022545,161Â 330,B01,1,1,1,1,1,-1,-1,0,0,-1,2021,25.0,0,2,0,2,3,15,1,,3,82,0,,2,2,0,2,10,400,3,, -1,2,0,1,80,24,8,1,202,202188,1,1,1,6,au niveau du lieu-dit u castellu,42.604273,9.357047,18,2,2
202100004832,193Â 147,A01,10,3,1,5,0,-1,-1,2,3,1,2021,13.0,0,5,0,1,1,1,1,,4,DOCTEUR CLAUDE BERNARD (RUE DU),0,,2,2,0,1,4,0,1,, -1,2,0,1,50,4,12,1,93,93005,2,1,1,6,DOCTEUR CLAUDE BERNARD (RUE DU),48.9519822332,2.5206144518,9,2,1
202100047485,116Â 886,B01,1,1,1,0,1,0,-1,-1, -1,-1,2021,19.0,1,2,0,2,4,2,1,,4,MISTRAL (BOULEVARD FREDERIC),0,,-1,2,0,1,(1),(1),1,, -1,1,0,1,50,16,3,1,66,66136,2,1,0,2,MISTRAL (BOULEVARD FREDERIC),42.698654228,2.905856967,16,2,2
202100034009,140Â 967,A01,1,1,1,5,1,0,-1,-1, -1,-1,2021,72.0,3,2,0,2,1,15,1,,4,MONNERVILLE (BOULEVARD GASTON),0,,2,2,0,2,0,0,1,, -1,1,0,1,50,13,6,1,974,97411,2,3,0,1,MONNERVILLE (BOULEVARD GASTON),-20.89423,55.45128,9,3,2
202100048382,115Â 275,B01,1,1,1,5,0,-1,-1,0,0,-1,2021,56.0,2,1,0,2,1,1,5,,4,GOURD (CHEMIN),0,,2,1,0,2,0,0,4,, -1,1,0,1,30,10,3,2,83,83123,1,1,0,1,GOURD (CHEMIN),43.14512,5.81023,7,2,2
202100022951,160Â 599,B01,2,2,1,3,1,-1,-1,0,0,-1,2021,39.0,2,2,0,2,8,1,1,,2,20,-1,,2,2,0,2,73,(1),3,, -1,1,0,1,80,23,8,1,202,202096,1,1,0,3,Route territoriale 20,42.3078635908,9.1538965715,18,3,2
202100005281,192Â 345,A01,1,1,2,0,1,0,-1,0,0,-1,2021,78.0,1,2,0,2,4,2,1,,3,BERTHELOT (BOULEVARD),0,,2,2,0,1,(1),(1),1,, -1,1,0,1,50,30,11,1,63,63113,2,1,0,2,BERTHELOT (BOULEVARD),45.77809,3.07241,14,2,2
202100034131,140Â 757,A01,10,3,2,3,0,-1,-1,2,9,1,2021,58.0,3,2,0,2,1,1,1,,6,,0,,-1,-1,0,1,0,0,1,, -1,1,0,1,20,16,6,1,92,92036,2,1,0,6,GENEAL DE GAULLE (AVENUE) (1/41),48.934335,2.317671,15,2,1
202100013844,176Â 946,B01,1,1,1,0,1,0,-1,0,0,-1,2021,39.0,1,2,0,2,4,2,1,,7,CLEMENTEL (BD ETIENNE),0,,3,4,0,1,(1),(1),1,, -1,1,0,1,70,3,10,2,63,63063,2,1,0,2,CLEMENTEL (BD ETIENNE),45.81734,3.10938,18,2,2
202100026520,154Â 295,B01,1,1,2,5,1,-1,-1,0,0,-1,2021,24.0,2,2,0,2,0,5,1,,3,901,0,D,2,2,0,1,10,0,1,, -1,1,0,1,80,29,7,1,60,60403,1,1,0,4,D901,49.502973,2.020197,20,4,3
202100042147,126Â 289,B01,1,1,1,1,1,0,-1,-1, -1,-1,2021,39.0,1,2,0,2,4,1,1,,2,RN406.Y,0,,3,2,0,1,5,0,1,, -1,1,0,1,90,29,4,1,94,94011,1,1,0,2,RN406.Y,48.7595271748,2.4851417542,18,2,2
202100003791,194Â 980,B01,1,1,1,0,2,6,-1,0,0,-1,2021,35.0,3,1,0,2,1,1,1,,4,5,-1,,2,2,0,2,(1),(1),1,, -1,1,5,1,50,11,12,1,34,34341,2,3,1,3,Route de Poussan,43.500262,3.612383,15,2,2
202100009831,184Â 123,A01,1,1,1,0,1,-1,-1,0,0,-1,2021,45.0,1,2,0,2,3,17,1,,2,4,-1,,2,2,0,1,5,100,1,, -1,1,0,1,90,3,11,1,51,51237,1,1,0,1,N4,48.7191495781,3.5298621655,16,2,2
202100044546,122Â 094,A01,1,1,1,9,2,8,-1,-1, -1,-1,2021,48.0,1,1,14,0,7,1,1,,4,BORY (CHEMIN ET IMPASSE),0,,2,2,0,2,0,0,1,, -1,1,8,1,50,8,4,1,83,83123,2,1,0,7,BORY (CHEMIN ET IMPASSE),43.11697,5.78765,20,2,1
202100030754,146Â 783,B01,1,1,1,1,2,6,-1,-1, -1,-1,2021,47.0,1,1,0,2,1,1,1,,1,AUTOROUTE A1,0,,2,4,0,1,3,0,1,, -1,1,0,1,90,3,7,1,972,97213,2,1,0,2,AUTOROUTE A1,14.6185788695,-61.0239672661,13,2,2
202100013260,178Â 039,A01,10,3,1,5,0,-1,-1,4,3,1,2021,63.0,1,2,0,1,3,1,1,,7,BERT (PLACE PAUL),0,,3,4,0,1,1,0,1,, -1,1,5,1,50,14,10,1,45,45285,2,1,0,6,BERT (PLACE PAUL),47.89882,1.87358,8,2,1
202100032991,142Â 779,A01,1,1,1,0,2,6,-1,-1, -1,-1,2021,30.0,1,1,0,2,1,3,1,,1,6,0,,3,6,0,2,15,899,1,, -1,2,0,1,110,22,6,1,91,91216,1,1,1,2,AUTOROUTE A6,48.686,2.3267,15,2,2
202100055509,102Â 623,A01,1,1,1,5,2,8,-1,-1, -1,-1,2021,35.0,1,1,0,2,1,13,1,,7,ESTAQUE PLAGE,0,,2,2,0,1,61,400,2,, -1,2,0,1,50,9,1,1,13,13216,2,1,0,1,ESTAQUE PLAGE,43.36051,5.298966,18,2,2
202100038411,132Â 981,A01,10,3,1,0,0,-1,-1,4,3,1,2021,25.0,3,2,0,1,1,9,1,,4,CHAUMETTES,0,,2,1,0,1,0,0,1,, -1,2,0,1,50,25,5,1,93,93066,2,3,1,1,CHAUMETTES,48.93815,2.35229,7,2,1
202100033520,141Â 857,B01,2,2,2,0,1,0,-1,-1, -1,-1,2021,12.0,2,2,0,2,6,1,1,,1,AUTOROUTE A1,0,,3,8,0,1,4,99,1,, -1,1,0,1,90,18,6,1,93,93066,1,1,0,3,AUTOROUTE A1,48.92203,2.37135,16,3,2
202100034412,140Â 221,A01,1,1,1,0,2,0,-1,-1, -1,-1,2021,24.0,2,1,0,2,8,9,1,,2,RN 104,0,,3,7,0,1,33,450,1,, -1,1,0,1,90,14,6,1,91,91553,1,1,0,7,RN 104,48.62504,2.4716,17,1,1
202100031584,145Â 297,B01,1,1,1,0,2,0,-1,0,0,-1,2021,42.0,2,1,0,2,1,1,1,,7,NICE AVENUE DE (RN7),0,,2,2,0,1,(1),(1),1,, -1,1,0,1,50,30,6,1,6,6027,2,2,0,3,NICE AVENUE DE (RN7),43.6596,7.169588,8,3,2
202100012825,178Â 795,A01,1,1,1,0,1,-1,-1,-1, -1,-1,2021,45.0,3,2,0,1,0,9,0,,4,BIENVENUS   (Rue des),0,,1,1,0,1,(1),(1),1,, -1,1,0,1,50,15,10,1,69,69266,2,3,0,6,BIENVENUS (DES) (R),45.77451,4.8846,8,2,1
202100014159,176Â 384,B01,1,1,1,5,2,0,-1,-1, -1,-1,2021,46.0,3,1,0,2,4,15,5,,4,ERFURT PONT,0,,2,2,1,1,(1),(1),2,, -1,1,2,1,50,9,10,1,59,59350,2,2,0,2,ERFURT PONT,50.640047,3.076879,14,2,2
202100008290,186Â 900,A01,10,3,1,3,0,-1,-1,1,3,1,2021,20.0,2,2,0,1,1,2,1,,3,,-1,,2,2,0,1,66,440,1,,"7,6",1,0,1,50,12,11,5,79,79079,2,1,0,7,33 Rue Buissonniere,46.916805,-0.713161,20,2,1
202100053102,106Â 813,A01,10,3,1,0,0,-1,-1,3,3,1,2021,23.0,1,2,0,1,1,1,1,,4,DIX HUIT JUIN 40 ( RUE DU ),0,,2,2,0,1,0,0,1,, -1,2,0,1,50,30,1,5,92,92004,2,3,1,7,DIX HUIT JUIN 40 ( RUE DU ),48.9312330732,2.2783273458,18,2,1
202100010741,182Â 529,A01,1,1,1,9,2,6,-1,0,0,-1,2021,26.0,2,1,0,2,1,2,1,,4,AVENUE GEORGE V,0,,2,4,0,1,0,0,1,, -1,1,0,1,30,26,10,5,75,75108,2,7,0,3,AVENUE GEORGE V,48.870067,2.301004,22,2,2
202100005531,191Â 911,A01,10,3,2,9,0,-1,-1,3,3,1,2021,43.0,2,1,0,1,7,17,5,,4,RUE DU FOUR,0,,2,2,0,1,(1),(1),1,, -1,1,0,1,30,30,11,1,75,75106,2,4,0,6,RUE DU FOUR,48.852705,2.333938,12,2,1
202100049636,113Â 019,A01,10,3,2,5,0,-1,-1,9,9,1,2021,89.0,1,2,0,1,6,4,1,,4,NORMANDIE ( BD ET IMP DE ),0,,2,3,3,3,(1),(1),1,, -1,1,0,1,30,27,2,1,56,56121,2,1,0,6,NORMANDIE ( BD ET IMP DE ),47.75806,-3.37126,15,2,1
202100036307,136Â 789,A01,1,1,1,5,2,-1,-1,0,0,-1,2021,49.0,3,1,0,2,1,5,1,,4,,0,,2,2,0,1,(1),(1),3,,4,1,0,1,80,5,6,2,56,56252,1,1,0,1,22 Rue du Pont Neuf,47.533156,-2.6600346,21,2,2
202100038633,132Â 583,B01,1,1,2,9,1,5,-1,-1, -1,-1,2021,50.0,1,2,0,2,6,0,1,,1,20 LESPINET  (PERIPH OUEST A620),0,,3,2,0,2,15,78,2,, -1,1,8,1,70,23,5,3,31,31555,2,1,0,2,20 LESPINET  (PERIPH OUEST A620),43.573,1.465,1,3,2
202100004892,193Â 044,A01,1,1,2,0,1,-1,-1,0,0,-1,2021,37.0,3,2,0,2,1,2,1,,3,700,-1,,2,2,0,1,(1),(1),1,, -1,2,0,1,80,3,12,3,22,22171,1,1,1,4,D700,48.412917,-2.822735,19,5,3
202100042926,124Â 939,A01,10,3,2,2,0,-1,-1,1,3,1,2021,9.0,1,2,0,1,1,1,1,,3,FRIEDBERG (BD DE),0,,2,2,0,1,1,0,1,, -1,1,0,1,50,23,4,1,94,94079,2,1,0,6,Boulevard de Friedberg,48.832,2.543,16,2,1
202100039923,130Â 225,B01,1,1,2,0,8,0,-1,-1, -1,-1,2021,43.0,1,1,0,2,4,1,5,,4,ROSTOV SUR LE DON (RUE) NÂ° PAIRS,0,,2,2,0,1,0,0,2,, -1,1,5,1,50,14,5,1,72,72181,2,6,0,2,ROSTOV SUR LE DON (RUE) NÂ° PAIRS,48.00777,0.19853,11,2,2
202100033182,142Â 452,A01,1,1,1,4,2,6,-1,-1, -1,-1,2021,21.0,2,1,0,2,1,15,1,,3,52,0,,2,1,0,2,0,100,1,, -1,1,0,1,50,19,6,1,91,91691,2,1,0,1,GABRIEL PERI(RUE) DU NÂ°70 AU NÂ°122,48.70586,2.48807,20,2,2
202100026874,153Â 682,B01,1,1,1,0,1,8,-1,-1, -1,-1,2021,44.0,1,5,0,2,4,2,1,,3,GENNEVILLIERS (PONT DE),0,,2,3,0,1,0,0,1,, -1,1,2,1,50,23,7,1,92,92024,2,1,0,4,GENNEVILLIERS (PONT DE),48.91277,2.31117,16,3,3
202100007332,188Â 646,A01,1,1,2,9,2,0,-1,0,0,-1,2021,56.0,2,0,0,0,0,21,3,,4,BOULEVARD SAINT MICHEL,0,,4,4,0,2,(1),(1),1,, -1,1,-1,6,30,17,11,1,75,75105,2,5,0,7,BOULEVARD SAINT MICHEL,48.850354,2.342624,12,1,1
202100037540,134Â 562,B01,1,1,2,5,1,8,-1,-1, -1,-1,2021,76.0,2,5,4,0,9,26,1,,7,383,0,,3,4,0,1,8,100,1,, -1,1,9,1,70,30,5,1,69,69029,1,9,0,3,RD383,45.7350106074,4.9019972384,18,2,2
202100036035,137Â 275,A01,1,1,1,0,2,6,-1,0,0,-1,2021,34.0,1,1,0,2,2,17,1,,3,1017,0,D,2,2,0,1,11,500,1,, -1,1,0,1,50,8,6,1,60,60612,2,2,1,3,Avenue de CompiÃ¨gne,49.211237,2.593047,17,2,2
202100009566,184Â 609,C01,1,1,1,5,2,8,-1,-1, -1,-1,2021,23.0,2,1,0,2,0,0,1,,3,SOLESMES (ROUTE DE),0,,2,2,0,2,331,0,2,, -1,1,0,1,80,31,5,1,59,59122,1,1,1,5,SOLESMES (ROUTE DE),50.1788652689,3.2606137238,18,6,3
202100009037,185Â 557,B01,2,2,2,0,1,0,-1,-1, -1,-1,2021,27.0,2,2,0,2,8,1,1,,1,A51-Sens Aix en Provence vers Marseille,0,,-1,3,0,1,4,0,1,, -1,1,0,1,90,7,11,1,13,13019,1,1,0,3,A51-Sens Aix en Provence vers Marseille,43.42729,5.3835,13,3,2
202100036114,137Â 126,A01,1,1,1,5,2,6,-1,-1, -1,-1,2021,35.0,1,1,1,2,1,18,1,,4,GENERAL ROGUET (RUE DU) DE (1 A 57)   (2,0,,2,2,0,1,0,0,1,, -1,1,0,1,50,6,6,1,92,92024,2,1,0,5,GENERAL ROGUET (RUE DU) DE (1 A 57)   (2,48.9053232644,2.3129296686,17,3,3
202100014476,175Â 830,A01,1,1,1,5,2,-1,-1,0,0,-1,2021,33.0,2,1,13,0,1,15,1,,3,907,0,D,2,2,0,2,46,200,2,, -1,1,0,3,90,9,10,1,34,34228,1,1,0,6,D907,43.411298,2.746131,15,1,1
202100037239,135Â 119,B01,1,1,1,0,8,0,-1,-1, -1,-1,2021,57.0,1,2,0,2,3,1,1,,4,HAUTES LEVEES (RUE DES HAUTES LEVEES),0,,2,2,0,1,(1),(1),1,, -1,2,0,1,30,4,5,1,45,45298,2,1,1,1,Rue des Hautes LevÃ©es,47.884902,1.848821,20,3,2
202100030973,146Â 384,A01,3,2,2,5,1,-1,-1,-1,0,-1,2021,24.0,2,2,3,0,4,14,1,,1,AUTOROUTE A15,0,,3,8,0,1,8,500,1,, -1,1,0,1,90,4,7,3,95,95582,1,1,0,6, A15,48.9662,2.2573,1,4,1
202100023282,160Â 001,A01,1,1,1,4,2,6,-1,-1, -1,-1,2021,48.0,1,1,12,0,1,17,1,,4,LE GUILLOUX (HENRI),0,,2,2,2,1,(1),(1),1,, -1,1,5,1,50,20,8,1,35,35238,2,1,0,6,LE GUILLOUX (HENRI),48.11623,-1.69716,19,1,1
202100000077,201Â 614,A01,10,3,2,3,8,8,-1,1,B,1,2021,74.0,3,2,0,1,0,26,1,,6,MITTERAND ( ESPLANADE FRANCOIS ),0,,-1,-1,0,1,(1),(1),1,, -1,2,0,1,50,28,12,1,62,62178,2,1,1,6,MITTERAND ( ESPLANADE FRANCOIS ),50.482275,2.546655,15,2,1
202100021735,162Â 785,C01,1,1,1,0,2,8,-1,-1, -1,-1,2021,59.0,2,1,0,2,2,1,1,,1,A50-Sens Toulon vers Aubagne,0,,1,3,0,1,32,0,1,, -1,1,0,1,90,30,8,1,13,13022,1,1,0,4,A50-Sens Toulon vers Aubagne,43.227,5.583,16,3,3
202100052791,107Â 360,A01,1,1,1,0,2,8,-1,-1, -1,-1,2021,48.0,1,1,0,2,1,1,1,,3,MARCORIGNAN (ROUTE DE),0,,2,2,0,1,0,0,1,, -1,1,0,1,50,2,2,1,11,11262,2,1,0,2,MARCORIGNAN (ROUTE DE),43.20180953,2.966881915,11,2,2
202100005687,191Â 632,A01,1,1,1,5,8,-1,-1,0,0,-1,2021,22.0,1,2,13,0,0,1,1,,3,929,-1,,2,2,0,1,18,500,1,, -1,7,0,8,80,29,11,3,65,65437,1,1,0,7,D929 tajan,43.180795,0.444453,6,1,1
202100022565,161Â 292,B01,2,2,1,5,1,4,-1,-1, -1,-1,2021,23.0,2,2,0,2,1,1,1,,1,A50 - Sens Aubagne vers Marseille,0,,3,4,0,2,26,500,1,, -1,1,0,1,90,21,8,3,13,13005,1,1,0,4,A50 - Sens Aubagne vers Marseille,43.27268,5.58897,4,10,5
202100023545,159Â 553,B01,1,1,1,1,2,6,-1,0,0,-1,2021,34.0,3,1,0,2,2,1,1,,4,0,0,A,2,2,0,2,(1),(1),1,, -1,1,0,1,50,18,8,1,22,22162,2,2,0,3,Chemin de Goasmeur,48.768869,-3.063625,16,2,2
202100043866,123Â 258,B01,3,2,1,0,1,-1,-1,-1, -1,-1,2021,16.0,2,2,0,2,2,0,1,,3,RD 982,0,,1,1,0,1,70,1857,2,, -1,2,0,1,50,12,4,1,76,76341,2,6,1,3,RD 982,49.50441,0.19583,18,4,2
202100025798,155Â 578,A01,2,2,2,0,1,-1,-1,0,0,-1,2021,42.0,2,2,0,2,1,1,1,,3,12,-1,C,2,2,0,2,3,800,1,, -1,2,0,1,45,4,8,1,38,38084,2,2,1,1,le grand chemin,45.344417,5.522245,11,10,2
202100043915,123Â 172,A01,10,3,1,9,0,-1,-1,3,3,1,2021,34.0,2,2,0,1,4,4,1,,4,RUE LOUIS BLANC,0,,1,2,0,1,(1),(1),1,, -1,1,0,1,30,15,4,1,75,75110,2,2,0,6,RUE LOUIS BLANC,48.879973,2.367255,11,2,1
202100027749,152Â 107,A01,2,2,2,5,2,6,-1,-1, -1,-1,2021,38.0,1,1,0,2,6,23,1,,4,DAMES (BOULEVARD DES),0,,2,2,1,2,0,0,1,, -1,1,0,1,50,21,7,1,13,13202,2,2,0,2,DAMES (BOULEVARD DES),43.30288,5.36772,11,3,2
202100006437,190Â 289,A01,10,3,1,0,0,-1,-1,4,3,1,2021,69.0,2,5,0,1,1,9,1,,3,SAINTONGE AVENUE DE,0,,2,2,0,1,81,667,1,, -1,1,0,1,50,24,11,1,17,17449,2,1,1,6,SAINTONGE AVENUE DE,45.95033,-0.89643,15,2,1
202100027148,153Â 185,A01,10,3,2,5,0,-1,-1,1,1,2,2021,44.0,3,5,0,1,2,1,1,,9,,-1,,2,2,0,1,(1),(1),1,,5,2,0,1,50,23,7,5,971,97128,2,1,1,6,rue daniel maragnes,16.262462,-61.387411,19,2,1
202100021189,163Â 789,A01,2,2,2,0,2,6,9,0,0,-1,2021,29.0,1,1,0,2,1,2,1,,3,955,-1,D,2,2,0,1,(1),(1),1,, -1,1,0,1,50,4,9,1,59,59004,2,3,0,2,Route Nationale,50.504065,3.334651,12,3,2
202100017636,170Â 096,A01,10,3,1,1,0,-1,-1,3,3,1,2021,58.0,1,2,0,1,2,1,1,,4,COLBERT,0,,2,2,0,1,0,0,1,, -1,1,0,1,50,8,9,1,58,58194,2,1,0,6,COLBERT,46.9962,3.1572,16,2,1
202100033023,142Â 712,C01,1,1,1,5,1,8,-1,-1, -1,-1,2021,45.0,2,2,0,2,4,1,0,,4,GRENIER (QUAI EMILE),0,,-1,2,0,1,0,0,1,, -1,1,0,1,50,19,6,1,83,83137,2,1,0,4,GRENIER (QUAI EMILE),43.134561,5.905957,17,4,3
202100039774,130Â 491,B01,1,1,1,0,0,-1,-1,0,0,-1,2021,74.0,3,1,0,0,0,2,5,,7,1075,0,D,3,1,2,4,(1),(1),1,, -1,1,2,5,50,8,4,1,38,38111,2,1,0,7,Avenue de la LibÃ©ration,45.120261,5.695682,11,2,2
202100028002,151Â 651,A01,1,1,1,1,2,6,-1,0,0,-1,2021,19.0,0,1,0,2,1,1,1,,4,,0,,2,2,0,1,(1),(1),1,,4,1,0,1,50,21,7,1,74,74256,2,3,0,1,Rte de Blancheville,45.968011,6.625365,9,2,2
202100049034,114Â 109,A01,2,2,2,5,8,0,-1,-1, -1,-1,2021,30.0,2,2,0,2,1,2,1,,1,AUTOROUTE A86,0,,3,2,0,1,51,700,1,, -1,1,1,1,70,6,3,1,94,94034,1,1,0,4,AUTOROUTE A86,48.75884,2.32419,14,4,3
202100001624,198Â 897,A01,1,1,1,4,2,6,-1,0,0,-1,2021,25.0,2,1,0,2,2,16,1,,4,PLACE CHARLES DE GAULLE,0,,1,8,0,1,(1),(1),2,, -1,1,0,1,30,21,12,5,75,75116,2,7,0,3,PLACE CHARLES DE GAULLE,48.873742,2.294055,19,2,2
202100034232,140Â 557,A01,1,1,1,5,1,5,-1,-1, -1,-1,2021,29.0,2,2,1,0,1,26,1,,4,TURGOT NÂ° PAIR,0,,1,1,0,1,(1),(1),1,, -1,1,0,1,30,15,6,5,78,78586,2,1,0,6,TURGOT NÂ° PAIR,48.93342,2.16233,22,1,1
202100005428,192Â 092,B01,1,1,2,1,1,5,-1,0,0,-1,2021,58.0,2,2,0,2,1,1,1,,3,97,0,,2,2,0,1,34,300,1,, -1,1,0,1,80,22,11,2,45,45025,1,1,1,5,D97,48.174786,2.053928,7,3,3
202100022080,162Â 158,B01,1,1,1,5,2,6,-1,-1, -1,-1,2021,52.0,1,1,0,2,1,1,1,,4,MOULIN JEAN (RUE),0,,-1,2,0,1,(1),(1),1,, -1,1,0,1,50,27,8,1,34,34301,2,2,0,3,CHAVASSE (RUE),43.41001,3.68831,17,2,2
202100007569,188Â 213,A01,2,2,2,0,2,8,-1,0, -1,-1,2021,26.0,1,1,0,2,1,2,1,,1,AUTOROUTE A1,0,,2,4,0,1,6,0,1,, -1,1,0,1,90,17,11,1,972,97213,2,1,0,2,AUTOROUTE A1,14.60421,-61.00224,14,4,2
202100018367,168Â 797,A01,10,3,1,2,8,8,-1,3,3,3,2021,16.0,3,2,0,1,1,1,1,,4,ALLENDE (RUE SALVADOR)               002,0,,1,1,0,1,0,0,1,, -1,1,9,1,30,17,9,1,28,28134,2,1,1,6,ALLENDE (RUE SALVADOR)               002,48.73679,1.34619,8,3,1
202100018744,168Â 137,B01,1,1,2,1,1,0,-1,-1, -1,-1,2021,31.0,-1,2,0,2,6,1,1,,3,LYON (ROUTE DE),0,,1,2,0,1,35,120,3,, -1,2,0,1,50,15,9,5,73,73087,2,6,1,2,D1006 LYON (ROUTE DE),45.55889,5.89605,21,2,2
202100054941,103Â 605,A01,1,1,1,4,2,6,-1,-1, -1,-1,2021,16.0,3,1,0,2,2,1,1,,4,CARNOT (AVENUE) DU 1-2 AU 43-46,0,,1,1,0,2,1,0,1,, -1,1,0,1,50,15,1,5,93,93049,2,2,0,3,CARNOT (AVENUE) DU 1-2 AU 43-46,48.864,2.5033,21,2,2
202100006289,190Â 553,B01,1,1,1,9,2,0,-1,0,0,-1,2021,34.0,2,1,0,2,8,1,1,,4,PLACE DENFERT ROCHEREAU,0,,-1,4,0,1,(1),(1),1,, -1,1,0,1,50,24,11,1,75,75114,2,7,0,3,PLACE DENFERT ROCHEREAU,48.83369,2.331927,15,2,2
202100001777,198Â 615,A01,1,1,1,5,2,-1,-1,0,0,-1,2021,76.0,1,1,0,2,8,10,5,,3,45,-1,,2,2,0,1,0,20,1,, -1,1,0,1,80,23,12,1,12,12177,1,1,0,3,Le Pont de Palmas cd 45,44.395339,2.83487,15,2,2
202100031799,144Â 921,A01,1,1,2,9,1,-1,-1,-1, -1,-1,2021,38.0,2,2,0,2,4,1,1,,1,A50-Sens Aubagne vers Marseille,0,,1,3,0,1,3,0,1,, -1,1,0,1,90,28,6,2,13,13211,1,1,0,2,A50-Sens Aubagne vers Marseille,43.2878,5.4406,14,1,1
202100047983,115Â 973,A01,1,1,1,5,6,2,-1,0,0,-1,2021,23.0,2,1,0,0,1,13,1,,3,120,0,D,2,2,0,1,1,980,3,, -1,1,0,3,80,15,3,1,80,80807,1,1,0,6,D120,49.966584,2.631032,15,1,1
202100031630,145Â 215,B01,1,1,1,5,1,-1,-1,0,0,-1,2021,69.0,3,2,0,2,7,1,1,,4,,0,,2,2,0,1,(1),(1),1,,3,2,0,1,80,26,6,1,35,35176,1,2,0,3,AllÃ©e des PrimevÃ¨res,47.791056,-1.844164,16,3,2
202100040283,129Â 602,A01,1,1,1,5,2,-1,-1,0,0,-1,2021,26.0,2,1,0,0,0,0,1,,3,2,-1,,2,2,0,1,16,200,1,, -1,1,0,1,-1,13,5,1,972,97230,2,1,0,7,D 2 Boulevard FranÃ§ois Mitterand,14.761173,-60.915445,11,1,1
202100007708,187Â 978,A01,1,1,2,1,1,-1,-1,0,0,-1,2021,51.0,2,2,2,0,1,14,1,,4,,-1,,2,2,0,1,(1),(1),1,,4,1,0,3,80,18,11,1,14,14445,1,1,0,6,Rue Marie Louise Gallais (Vaubadon),49.2115278384,-0.8526125548,13,1,1
202100039754,130Â 523,A01,1,1,1,5,0,-1,-1,0,0,-1,2021,38.0,0,6,0,0,1,26,1,,9,,-1,,-1,2,0,1,(1),(1),1,, -1,1,0,1,80,16,5,1,24,24535,1,4,0,7,la borgne,44.916422,1.349967,17,2,1
202100021891,162Â 504,A01,1,1,1,5,1,0,-1,-1, -1,-1,2021,24.0,2,2,3,2,0,14,1,,1,A7-Sens Marseille vers Lyon,0,,-1,3,0,1,262,0,1,, -1,1,0,1,110,17,8,3,13,13117,1,1,0,3,A7-Sens Marseille vers Lyon,43.432074,5.257873,0,2,2
202100034145,140Â 727,A01,1,1,1,1,2,6,9,0,0,-1,2021,22.0,1,1,0,2,3,13,1,,3,108,-1,,3,2,0,1,12,886,2,, -1,1,0,1,80,16,6,1,41,41199,1,9,0,1,D108,47.702311,0.991108,13,2,2
202100033903,141Â 159,A01,1,1,1,5,2,8,-1,-1, -1,-1,2021,40.0,2,1,2,0,1,18,1,,3,39,0,,2,4,0,2,0,0,2,, -1,1,0,1,50,16,6,1,92,92063,2,1,0,6,HOPITAL STELL (BOULEVARD DE L'),48.8787114297,2.1864777803,19,1,1
202100041195,127Â 965,A01,1,1,2,3,1,-1,-1,0,0,-1,2021,87.0,1,2,0,2,3,15,1,,3,80,-1,,2,2,0,1,(1),(1),2,, -1,1,0,1,50,7,5,1,14,14456,2,3,0,3,Rue Rembrandt Bugatti (Moult),49.116172,-0.179601,13,2,2
202100047463,116Â 925,B01,1,1,2,1,1,0,-1,-1,0,-1,2021,41.0,1,2,0,2,4,2,1,,2,RN 184,0,,3,6,0,1,12,500,1,, -1,1,0,1,90,19,3,1,95,95392,1,1,0,2,RN 184,49.06798,2.21814,18,2,2
202100032697,143Â 323,B01,1,1,1,9,2,0,-1,0,0,-1,2021,32.0,1,1,0,2,1,1,3,,4,RUE HARPIGNIES,0,,2,2,0,1,(1),(1),1,, -1,1,0,1,30,23,6,1,75,75120,2,3,0,3,RUE HARPIGNIES,48.858829,2.411527,14,2,2