Num_Acc,id_vehicule,num_veh,place,catu,sexe,trajet,secu1,secu2,secu3,locp,actp,etatp,year_acc,victim_age,senc,catv,obs,obsm,choc,manv,motor,occutc,catr,voie,v1,v2,circ,nbv,vosp,prof,pr,pr1,plan,lartpc,larrout,surf,infra,situ,vma,jour,mois,lum,dep,com,agg_,int,atm,col,adr,lat,long,hour,nb_victim,nb_vehicules
202100026084,155Â 065,B01,1,1,1,5,2,6,9,0,0,-1,2021,64.0,1,1,0,2,1,2,1,,3,D520a,-1,,2,2,0,2,9,(1),1,, -1,1,0,1,80,2,8,1,38,38565,1,1,0,3,268 Quai des Chartreux,45.300162,5.637993,7,2,2
202100028995,149Â 899,A01,1,1,1,5,1,0,-1,-1, -1,-1,2021,57.0,2,2,0,2,4,16,1,,1,GENERAL DE GAULLE (AV DU),0,,1,2,0,2,1,0,1,, -1,1,0,1,50,14,7,1,94,94017,1,1,0,2,Avenue du GÃ©nÃ©ral de Gaulle,48.8272,2.50732,19,3,2
202100043600,123Â 738,A01,1,1,1,5,2,-1,-1,0,0,-1,2021,66.0,1,1,0,2,1,1,5,,3,37,-1,B,2,2,0,1,(1),(1),1,, -1,1,0,1,50,17,4,1,14,14106,2,1,0,2,Route de l'Arbre Martin,49.240024,-0.225917,11,2,2
202100027919,151Â 804,B01,1,1,1,0,2,0,-1,-1, -1,-1,2021,92.0,0,1,0,0,0,1,5,,4,PLACE VICTOR MANGIN,0,,1,2,1,1,(1),0,1,, -1,1,0,5,30,20,7,1,44,44109,2,6,0,3,PLACE VICTOR MANGIN,47.20102,-1.544376,12,2,2
202100018952,167Â 766,C01,1,1,1,1,2,0,-1,-1, -1,-1,2021,49.0,2,1,0,2,3,1,1,,4,MIRABEAU (PONT),0,,2,4,0,1,(1),(1),1,, -1,2,0,1,50,14,9,2,37,37261,2,2,0,6,MIRABEAU (PONT),47.39755,0.69946,6,6,3
202100018833,167Â 983,B01,9,2,2,5,8,-1,-1,0,0,-1,2021,41.0,1,2,0,0,6,1,1,,1,9,-1,,3,5,0,1,264,600,1,, -1,1,3,8,130,16,9,3,66,66226,1,1,0,2,Autoroute A9 pk 264+600 sens france espagne,42.580452,2.845121,3,5,2
202100013478,177Â 643,B01,1,1,2,1,1,0,-1,-1, -1,-1,2021,23.0,1,2,0,2,1,1,1,,4,MICHELET (BOULEVARD),0,,2,2,0,1,0,0,1,, -1,1,0,1,50,7,5,1,19,19031,2,1,0,1,MICHELET (BOULEVARD),45.16539,1.52133,15,3,2
202100044753,121Â 720,A01,1,1,1,5,0,-1,-1,0,0,-1,2021,8.0,0,1,0,2,8,1,5,,3,259,0,D,2,2,0,2,29,100,1,, -1,1,0,1,50,8,4,1,7,7289,2,3,0,3,Rue du Luol,44.628802,4.412969,15,2,2
202100006844,189Â 549,B01,1,1,1,1,0,-1,-1,0,0,-1,2021,37.0,1,1,0,2,1,1,5,,3,925,-1,,2,2,0,1,7,547,1,, -1,1,0,1,30,22,11,5,76,76238,2,2,0,1,rue aristide briand,49.563284,0.223718,19,2,2
202100020338,165Â 282,B01,1,1,2,3,0,0,-1,-1, -1,-1,2021,54.0,2,1,1,0,1,1,3,,3,MAURICE BERTEAUX (BD),0,,2,2,0,1,1,0,1,, -1,1,0,1,30,6,9,1,94,94068,2,1,0,2,Boulevard Maurice Berteaux,48.81063,2.47002,12,2,2
202100029721,148Â 668,A01,1,1,1,1,2,0,-1,-1, -1,-1,2021,28.0,2,1,0,2,7,3,1,,1,A7-Sens Marseille vers Lyon,0,,3,2,0,1,267,0,1,, -1,1,0,1,90,9,7,1,13,13071,1,1,0,3,A7-Sens Marseille vers Lyon,43.403978,5.303837,6,2,2
202100044165,122Â 729,A01,1,1,1,9,2,6,-1,0,0,-1,2021,19.0,1,1,0,2,5,12,1,,4,AVENUE JEAN MOULIN,0,,1,1,0,1,(1),(1),1,, -1,1,0,1,50,13,4,1,75,75114,2,1,0,3,AVENUE JEAN MOULIN,48.824933,2.320151,14,2,2
202100033437,142Â 006,A01,10,3,1,0,8,8,-1,2,3,1,2021,52.0,1,2,0,2,1,26,0,,3,CAPSULERIE RUE DE LA,0,,-1,2,0,2,0,0,1,, -1,1,0,1,50,18,6,1,93,93006,2,1,0,1,CAPSULERIE RUE DE LA,48.86,2.42,19,2,1
202100014225,176Â 264,B01,1,1,2,9,1,0,-1,-1, -1,-1,2021,50.0,2,2,0,2,1,1,1,,3,AV FRANCOIS MITTERRAND,0,,2,3,0,2,1,0,1,, -1,1,0,1,50,9,10,4,94,94017,2,1,0,4,FranÃ§ois MittÃ©rrand (avenue),48.81575,2.51394,7,4,3
202100044708,121Â 800,A01,1,1,1,4,2,6,-1,0,0,-1,2021,26.0,3,1,0,9,1,1,1,,4,BOULEVARD D ALGERIE,0,,2,2,0,1,(1),(1),3,, -1,1,0,1,50,6,4,1,75,75119,2,1,0,6,BOULEVARD D ALGERIE,48.882208,2.400438,13,2,1
202100026699,153Â 985,B01,1,1,1,0,8,0,-1,-1, -1,-1,2021,21.0,1,1,1,0,8,1,0,,3,9B,0,,2,4,1,1,0,0,1,, -1,1,0,1,50,28,7,1,92,92026,2,1,0,6,GEORGES CLEMENCEAU,48.9029953811,2.2708573937,12,2,2
202100034281,140Â 462,B01,1,1,1,9,8,0,-1,-1, -1,-1,2021,27.0,3,0,0,2,1,1,6,,3,LELONG (RUE GABRIEL),0,,2,2,1,1,0,0,1,, -1,1,0,1,30,9,6,4,28,28085,2,3,0,3,LELONG (RUE GABRIEL),48.44285,1.47982,20,2,2
202100005494,191Â 972,A01,1,1,1,0,8,0,-1,-1, -1,-1,2021,49.0,1,1,0,2,3,5,5,,4,COLMAR (AVENUE DE),0,,1,3,1,1,0,0,1,, -1,1,0,1,50,25,11,1,67,67482,2,3,0,3,COLMAR (AVENUE DE),48.55125,7.7428,15,2,2
202100012252,179Â 824,A01,1,1,2,5,2,0,-1,0,0,-1,2021,80.0,1,1,0,2,8,13,5,,4,BOULEVARD ARAGO,0,,1,3,3,2,(1),(1),3,, -1,1,0,6,30,19,10,1,75,75113,2,3,0,3,BOULEVARD ARAGO,48.836567,2.351175,16,2,2
202100041770,126Â 948,A01,10,3,1,0,0,-1,-1,1,1,1,2021,17.0,2,1,0,1,1,1,1,,2,tsoundzou-SIM ( rue de la ),0,,1,0,0,2,0,0,2,, -1,1,0,1,50,11,4,1,976,97611,2,1,0,6,tsoundzou-SIM ( rue de la ),-12.81469,45.20072,12,2,1
202100008420,186Â 688,A01,1,1,2,5,1,-1,-1,0,0,-1,2021,19.0,2,2,13,0,1,1,1,,3,13,0,D,2,2,0,1,31,200,3,, -1,2,0,3,80,13,11,1,81,81131,1,1,0,7,d13,43.8919804,1.9895341,8,1,1
202100037746,134Â 199,A01,1,1,1,5,2,-1,-1,-1,0,-1,2021,31.0,1,1,8,0,1,26,1,,3,ARSONVAL (RUE D'),0,,3,2,0,1,1,0,1,, -1,1,0,4,50,21,5,5,95,95277,2,1,0,6,RD 970,48.9866752083,2.4597000065,22,1,1
202100051822,109Â 072,A01,10,3,2,9,0,-1,-1,3,3,1,2021,26.0,1,2,1,1,1,1,1,,4,RUE DE JAVEL,0,,-1,1,0,1,(1),(1),1,, -1,1,0,1,50,11,2,1,75,75115,2,3,0,6,RUE DE JAVEL,48.845134,2.283091,9,2,1
202100044409,122Â 302,A01,1,1,1,1,1,-1,-1,0,0,-1,2021,28.0,1,5,0,2,3,0,1,,3,8,-1,D,2,2,0,1,56,600,1,, -1,1,0,1,80,12,4,2,24,24160,1,1,0,1,Lieu dit Les Moles,45.100434,0.727265,7,2,2
202100019527,166Â 727,A01,10,3,2,5,8,8,-1,3,3,1,2021,40.0,1,1,0,1,8,17,0,,3,ANATOLE FRANCE  (BLD) IMPAIR,0,,2,2,0,1,0,0,1,, -1,1,0,1,50,11,9,5,93,93001,2,1,0,3,ANATOLE FRANCE  (BLD) IMPAIR,48.91738,2.38202,20,2,1
202100041277,127Â 822,A01,10,3,1,1,0,-1,-1,5,9,1,2021,59.0,3,2,15,1,4,20,1,,4,PROVENCE RUE DE,0,,2,2,0,1,(1),(1),1,, -1,1,0,4,50,15,4,5,59,59410,2,1,0,6,PROVENCE RUE DE,50.6476253513,3.1181500486,22,2,1
202100049541,113Â 204,A01,1,1,1,4,2,6,-1,-1, -1,-1,2021,37.0,2,1,0,2,1,2,1,,3,"""LANDY RD 20, NR IMPAIRS 1 A 144""",0,,2,2,0,1,0,1,1,, -1,1,0,1,50,1,3,1,93,93066,2,1,0,2,"""LANDY RD 20, NR IMPAIRS 1 A 144""",48.9153425166,2.3538885448,13,2,2
202100037063,135Â 451,B01,1,1,1,2,2,0,-1,-1, -1,-1,2021,16.0,1,1,0,2,3,13,5,,4,ETIENNE DOLET (R),0,,2,2,0,1,0,0,1,, -1,1,0,1,50,31,5,1,94,94002,2,1,0,3,ETIENNE DOLET (R),48.79461,2.42549,17,2,2
202100027164,153Â 163,A01,1,1,1,0,2,6,-1,0,0,-1,2021,29.0,2,1,0,2,1,17,1,,3,943,0,D,2,2,0,1,(1),(1),1,, -1,1,0,1,80,24,7,1,59,59391,1,1,0,2,D943,50.303568,3.285964,20,2,2
202100024489,157Â 891,A01,1,1,1,0,8,-1,-1,-1, -1,-1,2021,20.0,1,1,0,2,1,17,1,,4,ALBERT THOMAS                       (CO),0,,2,2,3,1,(1),(1),1,, -1,1,0,1,50,12,8,1,69,69388,2,2,0,2,ALBERT THOMAS (CR),45.74487,4.87321,16,2,2
202100006754,189Â 709,A01,1,1,1,1,2,6,-1,0,0,-1,2021,64.0,1,1,0,2,1,1,1,,3,919,-1,,2,2,0,1,18,700,3,, -1,1,0,1,-1,24,11,1,80,80173,1,1,0,1,D919,49.946991,2.362118,12,2,2
202100047212,117Â 374,A01,1,1,1,0,2,-1,-1,-1, -1,-1,2021,18.0,1,1,0,2,1,7,1,,4,JACQUES TATI                        (R ),0,,2,2,0,1,(1),(1),1,, -1,1,0,1,50,20,3,1,69,69256,2,3,0,3,JACQUES TATI (R),45.75119,4.93201,15,2,2
202100005025,192Â 805,B01,1,1,2,0,1,0,-1,-1, -1,-1,2021,42.0,3,2,0,2,1,1,1,,4,JASMIN(LOTISSEMENT),0,,2,2,0,1,(1),(1),3,, -1,1,0,1,50,2,12,2,973,97302,2,1,0,1,JASMIN(LOTISSEMENT),4.9152736133,-52.3179104626,17,2,2
202100023648,159Â 354,B01,2,2,1,1,2,6,-1,0,0,-1,2021,22.0,2,1,0,0,1,1,1,,3,943,-1,,2,3,0,1,37,300,1,, -1,1,0,1,80,19,8,2,37,37104,1,3,0,5,,47.2804669712,0.823981843,6,4,3
202100054231,104Â 815,B01,2,2,1,5,2,0,-1,0,0,-1,2021,8.0,1,1,0,2,7,17,1,,4,RUE DE MENILMONTANT,0,,2,2,0,2,(1),(1),1,, -1,2,0,1,30,20,1,2,75,75120,2,1,1,3,RUE DE MENILMONTANT,48.867748,2.385898,17,3,2
202100016090,172Â 884,B01,1,1,1,2,2,0,-1,-1, -1,-1,2021,46.0,1,1,0,2,8,1,1,,4,DOCTEUR CALMETTE (RUE DU),0,,2,1,0,1,0,0,1,, -1,1,0,1,50,28,9,1,91,91687,2,2,0,3,DOCTEUR CALMETTE (RUE DU),48.678052,2.371015,18,2,2
202100001132,199Â 748,B01,1,1,2,5,1,-1,-1,-1, -1,-1,2021,36.0,2,2,0,2,4,23,1,,2,N89,0,,3,4,0,1,49,950,1,, -1,2,3,1,50,28,12,5,33,33013,1,1,1,4,ROUTE NATIONALE 89,44.86872,-0.5026,1,3,3
202100053142,106Â 751,A01,1,1,1,0,1,0,-1,-1, -1,-1,2021,28.0,1,2,2,0,2,1,1,,1,AUTOROUTE A6,0,,3,6,0,1,16,600,2,, -1,2,0,2,100,30,1,3,91,91589,1,1,1,7,AUTOROUTE A6,48.68051,2.33169,5,1,1
202100052596,107Â 710,A01,1,1,1,5,2,8,-1,-1, -1,-1,2021,17.0,2,1,0,2,2,0,1,,3,72,0,,2,2,0,1,0,1,1,, -1,2,0,1,50,3,2,5,92,92020,2,4,1,2,VANVES BOULEVARD NÂ° IMPAIRS,48.8053889851,2.2871169448,17,3,2
202100018810,168Â 021,A01,1,1,1,1,0,0,-1,-1, -1,-1,2021,58.0,2,1,0,2,1,1,5,,3,PARIS (R DE),0,,2,4,0,1,0,375,1,, -1,1,2,1,50,15,9,1,94,94018,2,1,0,2,Rue de Paris,48.82932,2.40152,19,2,2
202100009361,184Â 973,A01,1,1,1,0,8,-1,-1,0,0,-1,2021,26.0,2,1,0,0,0,0,1,,2,4,0,,2,2,0,1,10,500,1,, -1,2,0,3,70,5,11,5,987,98748,1,1,1,6,Vairao PK 10.500,-17.80782,-149.29184,19,1,1
202100019229,167Â 259,A01,1,1,1,1,2,6,-1,-1, -1,-1,2021,50.0,1,1,0,0,7,21,1,,4,,0,,2,2,0,1,0,0,1,, -1,1,0,1,50,13,9,1,92,92064,2,1,0,7,FRANCIS CHAVETON,48.859532,2.20911,16,1,1
202100031261,145Â 865,A01,1,1,1,0,8,-1,-1,0,0,-1,2021,81.0,1,2,0,2,1,1,1,,2,3,0,,2,2,0,2,22,100,3,, -1,1,0,1,50,3,7,1,974,97422,2,1,0,1,74 Rue Jean de Fos du Rau,-21.224007,55.551896,15,2,2
202100013071,178Â 378,B01,1,1,2,0,1,8,-1,-1, -1,-1,2021,27.0,1,2,0,2,7,15,1,,4,SCORFF ( BD DU ),0,,3,4,3,1,(1),(1),1,, -1,1,5,1,30,12,10,1,56,56121,2,6,0,3,SCORFF ( BD DU ),47.76224,-3.36672,18,2,2
202100049434,113Â 398,A01,1,1,1,5,0,-1,-1,0,0,-1,2021,17.0,3,1,0,2,1,15,5,,4,,-1,,1,1,0,1,(1),(1),1,, -1,1,0,1,30,4,3,1,76,76238,2,2,0,3,Rue Henri Ternon,49.565288,0.221888,13,2,2
202100046868,118Â 001,A01,1,1,2,1,1,8,-1,-1, -1,-1,2021,21.0,2,2,1,0,1,1,1,,4,NELSON MANDELA (BOULEVARD),0,,2,2,0,1,(1),(1),1,, -1,1,0,1,30,23,3,2,972,97209,2,1,0,6,NELSON MANDELA (BOULEVARD),14.6068,-61.05214,5,1,1
202100003547,195Â 404,B01,1,1,1,0,8,-1,-1,-1, -1,-1,2021,19.0,1,1,0,2,7,1,3,,4,LAFAYETTE                           (CO),0,,1,1,2,1,(1),(1),1,, -1,2,0,1,50,10,12,5,69,69383,2,3,0,3,LAFAYETTE (CR),45.76364,4.85809,22,2,2
202100041921,126Â 687,A01,1,1,1,0,1,0,-1,0,0,-1,2021,20.0,1,2,0,2,2,1,1,,3,RAYBAUD (AVENUE FELIX)  - D609-,0,,1,1,0,2,4,288,2,, -1,1,0,1,30,30,4,2,6,6069,2,6,0,3,RAYBAUD (AVENUE FELIX)  - D609-,43.640756,6.911627,19,2,2
202100018034,169Â 390,B01,1,1,1,0,1,8,-1,-1, -1,-1,2021,71.0,3,2,0,2,5,1,1,,3,CROISAT AMBROISE RD 29 BIS,0,,2,2,0,2,0,1,1,, -1,1,9,1,30,19,9,3,93,93066,2,1,0,2,Rue Ambroise Croizat,48.9323024554,2.3489661871,2,2,2
202100002896,196Â 594,A01,10,3,2,5,0,-1,-1,4,3,1,2021,75.0,1,3,0,1,2,9,0,1.0,4,FABIEN (AVE COLONEL),0,,1,1,3,1,0,0,1,, -1,1,0,1,50,14,12,1,83,83137,2,1,0,6,FABIEN (AVE COLONEL),43.122629,5.940292,11,2,1
202100054082,105Â 077,A01,10,3,2,0,0,-1,-1,3,3,1,2021,12.0,1,1,0,1,7,1,1,,4,ROOSEVELT (AVENUE DU PRESIDENT),0,,2,2,0,1,(1),(1),1,, -1,2,0,1,50,21,1,1,19,19031,2,1,1,6,ROOSEVELT (AVENUE DU PRESIDENT),45.15849,1.52769,16,2,1
202100037103,135Â 381,A01,1,1,2,5,1,-1,-1,0,0,-1,2021,83.0,0,2,0,2,3,9,1,,3,419,0,,2,2,0,1,13,976,1,, -1,1,9,1,80,1,6,1,90,90012,1,1,0,3,RD419,47.652188,6.95433,15,2,2
202100008578,186Â 403,A01,1,1,2,3,1,0,-1,-1, -1,-1,2021,59.0,2,2,3,0,1,17,1,,2,RN 118,0,,3,4,0,1,6,940,3,, -1,1,0,2,110,11,11,1,91,91534,1,1,0,7,RN 118,48.73375,2.16979,13,1,1
202100026194,154Â 873,A01,1,1,1,5,1,-1,-1,0,0,-1,2021,19.0,3,2,13,0,2,1,1,,4,,-1,,2,2,0,4,(1),(1),2,,5,1,0,3,-1,31,7,2,29,29268,1,1,0,6,Lieu-dit Veuleury,48.462436,-4.300665,7,1,1
202100021198,163Â 768,B01,1,1,1,0,1,0,-1,-1, -1,-1,2021,29.0,2,2,0,2,4,1,1,,1,AUTOROUTE A86,0,,1,3,0,1,51,450,1,, -1,1,1,1,70,3,9,1,94,94034,1,1,0,2,AUTOROUTE A86,48.7595888537,2.3224694783,19,2,2
202100054342,104Â 627,A01,10,3,1,0,8,8,-1,2,3,1,2021,80.0,2,2,0,1,1,3,0,,4,VISTE (AVENUE DE LA),0,,2,2,0,2,(1),(1),1,, -1,1,0,1,50,19,1,1,13,13215,2,1,0,6,VISTE (AVENUE DE LA),43.355,5.3572,11,2,1
202100012967,178Â 559,A01,10,3,1,9,0,-1,-1,1,3,1,2021,2.0,1,2,0,1,2,1,1,,4,,-1,,2,2,0,1,(1),(1),1,,5,1,0,1,50,13,10,1,976,97617,2,1,0,1,"Quartier lotissement, mirÃ©rÃ©ni",-12.785745,45.14235,10,2,1
202100041396,127Â 610,A01,1,1,2,1,1,-1,-1,-1,0,-1,2021,50.0,2,2,4,0,8,1,1,,1,AUTOROUTE A115,0,,3,5,0,1,10,0,1,, -1,1,0,1,90,4,5,1,95,95060,1,1,0,6, A115,49.04306,2.18807,17,1,1
202100022196,161Â 971,A01,2,2,2,3,1,-1,-1,0,0,-1,2021,66.0,0,2,13,0,1,1,1,,6,,-1,,-1,-1,0,1,(1),(1),1,,4,1,0,8,50,28,8,1,29,29091,2,1,0,6,Rue Sainte Anne,48.646163,-4.369217,17,2,1
202100040319,129Â 534,A01,10,3,1,5,0,-1,-1,6,1,1,2021,47.0,0,2,8,1,1,1,1,,4,MANASSES BARBIER (RUE),0,,2,2,0,1,(1),(1),4,, -1,9,0,1,30,8,5,1,80,80131,1,1,1,6,MANASSES BARBIER (RUE),49.8500394642,2.377038002,7,3,1
202100012142,180Â 011,A01,10,3,2,0,8,8,-1,3,3,2,2021,17.0,2,2,0,1,3,16,1,,3,ROND POINT IGNACE,0,,-1,2,0,1,(1),(1),1,, -1,1,0,1,30,19,10,1,971,97101,2,4,0,6,ROND POINT IGNACE,16.24293,-61.53062,16,3,1
202100027668,152Â 263,B01,1,1,1,0,1,8,-1,-1, -1,-1,2021,73.0,1,2,0,2,4,16,1,,2,N12Y,0,,1,1,0,1,31,0,1,, -1,1,0,1,70,21,7,1,78,78073,1,1,0,2,N12Y,48.799268,1.995459,17,2,2
202100016483,172Â 163,A01,2,2,2,5,1,8,-1,-1, -1,-1,2021,19.0,3,2,2,0,1,13,1,,4,ZAY (RUE  JEAN ),0,,2,2,0,2,(1),(1),1,, -1,2,0,3,50,26,9,5,56,56121,2,1,0,6,ZAY (RUE  JEAN ),47.74543,-3.38652,6,2,1
202100008042,187Â 354,A01,1,1,1,1,2,8,-1,0,0,-1,2021,21.0,1,1,0,2,8,3,1,,4,PORTE DE VANVES,0,,1,3,0,1,6,900,1,, -1,1,1,1,70,14,11,5,75,75114,2,1,0,3,PORTE DE VANVES,48.824682,2.30516,22,2,2
202100044390,122Â 331,B01,1,1,1,5,1,-1,-1,0,0,-1,2021,67.0,2,2,0,2,1,1,1,,3,341,0,D,2,2,0,1,2,37,1,, -1,1,0,1,80,11,4,1,62,62075,1,3,0,1,rd 341,50.718844,1.735261,16,6,2
202100023360,159Â 861,A01,1,1,2,0,1,-1,-1,0,0,-1,2021,50.0,3,2,0,2,3,16,1,,3,121,0,D,2,2,0,1,20,800,1,, -1,1,0,1,80,16,8,1,7,7010,1,1,0,1,,45.2372,4.621446,12,2,2
202100023234,160Â 085,B01,4,2,1,5,1,-1,-1,-1, -1,-1,2021,9.0,1,2,0,2,4,1,1,,1,ROCADE A 630,0,,3,7,0,1,29,49,1,, -1,1,3,1,90,21,8,5,33,33550,1,1,0,2,ROCADE A 630,44.7823,-0.58507,2,4,2
202100010406,183Â 116,A01,1,1,2,9,1,-1,-1,0,0,-1,2021,26.0,3,2,1,0,2,1,1,,3,,-1,,2,2,0,1,7,20,2,,5,2,0,1,50,30,10,3,49,49223,2,1,0,6,7 Rampe d ÃrignÃ©,47.405773,-0.526018,0,1,1
202100050558,111Â 319,A01,10,3,2,5,0,-1,-1,1,3,1,2021,93.0,1,2,0,1,3,15,1,,4,,0,,1,4,3,1,(1),(1),1,, -1,1,0,1,50,21,2,1,69,69387,2,2,0,6,GARIBALDI (R),45.7450877695,4.8487409614,10,2,1
202100041082,128Â 178,A01,10,3,2,5,0,-1,-1,2,3,1,2021,15.0,2,2,0,1,7,1,1,,3,ST-LOUIS ( RUE DE ),0,,2,2,0,1,1,200,1,, -1,2,2,1,50,6,5,1,68,68149,2,2,1,6,ST-LOUIS ( RUE DE ),47.59284,7.57752,13,2,1
202100054672,104Â 059,A01,10,3,2,0,0,-1,-1,3,3,1,2021,20.0,2,2,0,1,3,1,1,,3,ETREMBIERES (ROUTE D'),0,,3,2,0,2,30,850,1,, -1,1,9,1,50,16,1,3,74,74012,2,1,0,6,ETREMBIERES (ROUTE D'),46.18439,6.23076,18,3,2
202100000797,200Â 293,B01,1,1,1,4,2,6,-1,-1, -1,-1,2021,46.0,1,1,0,2,1,1,1,,4,,0,,1,1,0,1,0,0,1,, -1,1,0,1,50,31,12,1,92,92044,2,3,0,3,Rue Paul Vaillant-Couturier,48.8937240776,2.277764082,13,2,2
202100050784,110Â 908,B01,1,1,1,4,2,0,-1,-1, -1,-1,2021,26.0,2,1,0,2,7,17,1,,3,EDOUARD VAILLANT (AVENUE) - DEBUT/55 - C,0,,2,5,0,1,0,0,1,, -1,1,0,1,50,20,2,5,92,92012,2,2,0,3,EDOUARD VAILLANT (AVENUE) - DEBUT/55 - C,48.8354542452,2.2495151311,19,2,2
202100035283,138Â 636,B01,1,1,1,5,2,6,-1,-1, -1,-1,2021,24.0,3,1,0,2,1,17,1,,2,ROUTE NATIONALE 569,0,,2,2,0,1,0,0,1,, -1,1,0,1,80,9,6,1,13,13039,1,1,1,1,ROUTE NATIONALE 569,43.48049,4.95995,17,2,2
202100034130,140Â 758,A01,1,1,1,0,2,8,-1,-1, -1,-1,2021,26.0,2,1,0,2,1,1,5,,3,7,0,,1,1,0,1,0,0,1,, -1,1,0,1,50,13,6,1,92,92040,2,2,0,3,PONCEAU (DU),48.8206293711,2.2469602525,13,3,2
202100053493,106Â 100,B01,1,1,2,1,8,0,-1,-1, -1,-1,2021,21.0,1,1,0,2,1,1,5,,3,AV CHARLES GIDE ,0,,2,2,1,1,1,0,1,, -1,2,0,5,50,27,1,5,94,94043,2,1,1,3,CHARLES GIDE (AV),48.80556,2.34791,18,2,2
202100051484,109Â 680,A01,6,2,2,5,0,-1,-1,0,0,-1,2021,27.0,2,2,2,0,9,21,1,,3,619,0,,2,2,0,1,36,212,1,, -1,2,0,3,90,15,2,3,77,77327,1,1,1,6,D619,48.569579,3.00225,21,3,1
202100036997,135Â 565,B01,1,1,2,0,1,-1,-1,-1, -1,-1,2021,40.0,1,2,0,2,6,16,1,,4,ARNOULD (BOULEVARD CHARLES),0,,2,2,0,1,(1),(1),1,, -1,1,0,1,50,1,6,1,51,51454,2,3,0,2,Boulevard Charles Arnould,49.2664859537,4.0148844215,17,2,2
202100014070,176Â 549,A01,1,1,1,5,0,-1,-1,0,0,-1,2021,62.0,2,1,0,0,0,1,6,,3,25,0,,2,2,0,2,0,250,3,, -1,1,0,3,50,10,10,2,45,45191,1,1,0,7,D25-PR0+250,48.284792,2.416563,19,1,1
202100049764,112Â 787,A01,1,1,1,9,8,0,-1,0,0,-1,2021,32.0,1,1,0,2,1,1,3,,4,RUE DE LORRAINE,0,,1,1,0,1,(1),(1),1,, -1,1,0,1,50,28,2,4,75,75119,2,2,0,3,RUE DE LORRAINE,48.885101,2.383777,18,2,2
202100053822,105Â 543,B01,1,1,1,0,2,6,-1,-1, -1,-1,2021,39.0,1,1,0,2,1,1,1,,2,tsoundzou-Bamcolo (rue),0,,2,0,0,1,5,49,1,, -1,1,0,1,50,22,1,1,976,97611,2,1,0,2,tsoundzou-Bamcolo (rue),-12.8075,45.20522,13,2,2
202100005085,192Â 683,B01,1,1,1,4,2,8,-1,-1, -1,-1,2021,34.0,0,1,0,2,1,1,1,,4,ALPES (BOULEVARD DES),0,,2,2,0,2,0,0,1,, -1,1,0,1,50,2,12,1,13,13212,2,1,0,3,ALPES (BOULEVARD DES),43.299,5.415,11,2,2
202100050109,112Â 169,A01,10,3,2,5,0,-1,-1,2,3,1,2021,47.0,2,2,0,1,3,15,1,,3,935,0,,-1,2,0,1,2,700,1,, -1,1,0,1,50,24,2,1,45,45248,2,1,0,6,Place de la Halle,48.047928,1.695486,16,2,1
202100056040,101Â 717,A01,1,1,2,3,1,5,-1,-1, -1,-1,2021,51.0,2,2,7,2,1,2,1,,3,101,0,,2,2,0,2,2,492,1,, -1,2,5,1,50,5,1,5,56,56260,2,6,0,2,VINCIN (GIRATOIRE DU),47.64939,-2.79677,18,4,2
202100052615,107Â 674,A01,1,1,1,5,8,-1,-1,0,0,-1,2021,38.0,2,2,12,0,2,1,0,,3,6204,0,D,4,2,0,1,5,860,1,, -1,1,8,1,50,4,2,3,6,6023,1,9,0,7,Route de Vintimille,43.925825,7.520206,20,1,1
202100007344,188Â 626,B01,1,1,2,9,8,0,-1,0,0,-1,2021,19.0,2,1,0,2,0,1,3,,4,RUE DE GRENELLE,0,,1,1,2,1,(1),(1),1,, -1,1,-1,5,50,19,11,1,75,75107,2,3,0,1,RUE DE GRENELLE,48.853836,2.327371,11,2,2
202100054165,104Â 928,A01,1,1,1,5,2,6,-1,0,0,-1,2021,31.0,0,1,0,0,2,1,1,,3,19,0,,-1,2,0,1,10,915,1,, -1,1,0,8,50,22,1,1,27,27168,2,1,0,7,Route Amfreville sous les Monts,49.25476,1.270133,16,1,1
202100027707,152Â 191,B01,1,1,1,0,2,6,-1,-1, -1,-1,2021,34.0,3,1,0,2,1,0,1,,4,DUNANT (HENRI),0,,2,2,0,3,0,0,1,, -1,1,0,1,50,20,7,1,83,83137,2,2,0,1,DUNANT (HENRI),43.12563,5.94585,16,2,2
202100050528,111Â 379,A01,1,1,1,1,2,6,-1,0,0,-1,2021,56.0,2,1,9,0,1,1,1,,1,71,0,A,3,4,0,2,348,503,2,, -1,1,8,1,110,23,2,3,3,3118,1,1,0,6,A71,46.1103964532,3.13610195,22,1,1
202100052207,108Â 390,A01,1,1,2,5,8,5,-1,-1, -1,-1,2021,27.0,2,2,7,0,1,13,1,,2,GENERAL DE GAULLE (BLD DU),0,,3,4,0,1,0,400,1,, -1,1,0,1,50,6,2,5,972,97209,2,4,0,6,GENERAL DE GAULLE (BLD DU),14.60786,-61.0692,4,1,1
202100015768,173Â 483,A01,10,3,1,0,0,-1,-1,4,3,1,2021,67.0,1,2,0,1,2,1,1,,3,PAUL VAILLANT COUTURIER (BOULEVARD),0,,2,2,0,2,1,0,1,, -1,2,5,1,50,1,10,5,93,93048,2,6,1,6,Bd Paul Vaillant Couturier / Place Francois Mitterrand,48.865294,2.443536,19,2,1