Num_Acc,id_vehicule,num_veh,place,catu,sexe,trajet,secu1,secu2,secu3,locp,actp,etatp,year_acc,victim_age,senc,catv,obs,obsm,choc,manv,motor,occutc,catr,voie,v1,v2,circ,nbv,vosp,prof,pr,pr1,plan,lartpc,larrout,surf,infra,situ,vma,jour,mois,lum,dep,com,agg_,int,atm,col,adr,lat,long,hour,nb_victim,nb_vehicules
202100031812,144Â 895,A01,1,1,1,0,2,0,-1,-1, -1,-1,2021,52.0,2,1,0,2,7,3,1,,1,AUTOROUTE A86,0,,3,8,0,1,12,500,1,, -1,1,0,1,90,28,6,1,93,93066,1,1,0,3,AUTOROUTE A86,48.92641,2.33773,20,2,2
202100021887,162Â 511,A01,1,1,1,1,2,6,9,0,0,-1,2021,31.0,1,1,0,2,7,2,1,,3,728,-1,,3,2,0,1,36,813,1,, -1,1,5,1,80,30,8,1,17,17219,1,2,0,3,Route de Bourcefranc,45.830982,-1.115026,18,3,2
202100047458,116Â 936,B01,1,1,1,0,1,0,-1,-1, -1,-1,2021,40.0,1,2,0,2,6,1,1,,1,A7   15.770 A 20.110,0,,3,6,0,1,18,500,2,, -1,2,0,1,90,17,3,3,69,69297,1,1,1,2,A7,45.6019460469,4.7967413069,18,2,2
202100020088,165Â 716,B01,1,1,1,5,8,0,-1,-1, -1,-1,2021,18.0,3,2,0,0,5,13,1,,7,ROVE (ROUTE DU),0,,2,2,2,2,0,0,2,, -1,1,0,1,50,8,9,2,13,13216,2,1,0,3,ROVE (ROUTE DU),43.35815,5.28857,6,2,2
202100019685,166Â 460,B01,2,2,1,5,1,-1,-1,-1, -1,-1,2021,54.0,1,2,0,2,4,1,1,,3,RD 1250 (CAMICAS-OUSTALET),0,,2,2,0,1,45,290,1,, -1,1,0,1,80,10,9,1,33,33529,1,6,0,2,RD 1250 (CAMICAS-OUSTALET),44.6303,-1.15664,16,3,2
202100027716,152Â 173,B01,2,2,2,0,1,8,-1,-1, -1,-1,2021,64.0,2,2,0,2,3,1,1,,4,RICHSHOFFER (RUE),0,,1,1,0,1,0,0,1,, -1,1,0,1,30,20,7,2,67,67482,2,3,0,3,ALTENHEIM (ROUTE D ),48.54016,7.76787,21,3,2
202100009799,184Â 179,A01,1,1,1,5,1,0,-1,0,0,-1,2021,24.0,1,2,4,2,1,11,1,,4,PORTE DE LA VILLETTE,0,,1,4,0,1,25,200,3,, -1,2,0,1,70,1,11,5,75,75119,2,1,0,2,PORTE DE LA VILLETTE,48.900426,2.388878,1,2,2
202100008434,186Â 663,A01,10,3,2,0,0,-1,-1,3,3,2,2021,8.0,1,2,0,1,2,1,1,,4,LORY LES HAUTS (RUE),0,,2,2,0,1,0,0,1,, -1,1,0,1,30,10,11,5,974,97411,2,1,0,6,LORY LES HAUTS (RUE),-20.89749,55.48063,19,4,1
202100021249,163Â 676,B01,1,1,1,1,2,0,-1,0,0,-1,2021,32.0,3,1,0,2,1,1,5,,4,PASTEUR (RUE LOUIS),0,,2,2,1,1,(1),(1),1,, -1,1,0,1,30,1,9,1,54,54328,2,6,1,3,PASTEUR (RUE LOUIS),48.61846,6.17725,8,2,2
202100029200,149Â 558,A01,2,2,2,5,8,-1,-1,0,0,-1,2021,18.0,1,2,2,0,2,14,1,,3,911,0,,2,2,0,1,74,640,1,, -1,1,0,3,90,11,7,2,12,12059,1,1,0,6,Le suquet,44.316172,2.31745,7,2,1
202100046177,119Â 229,B01,2,2,2,5,1,-1,-1,0,0,-1,2021,53.0,2,5,6,2,8,1,1,,3,D820,-1,W,2,2,0,1,45,600,1,, -1,1,0,1,50,29,3,1,31,31574,2,3,0,3,1560 avenue de TOULOUSE,43.445776,1.421034,17,3,2
202100016961,171Â 306,A01,1,1,1,4,1,5,-1,0,0,-1,2021,41.0,0,4,0,0,2,14,1,,4,NATIONALE 13 (ROUTE),0,,1,-1,0,1,(1),(1),1,, -1,1,0,1,50,23,9,2,27,27684,1,1,0,6,NATIONALE 13 (ROUTE),49.0155,1.18574,8,1,1
202100022805,160Â 842,A01,1,1,1,5,1,0,-1,0,0,-1,2021,20.0,2,2,12,0,0,13,1,,3,DEPARTEMENTALE 136,0,,2,2,0,1,5,650,1,, -1,1,2,1,50,23,8,3,54,54253,2,1,0,6,DEPARTEMENTALE 136,49.192946,5.911225,21,1,1
202100001097,199Â 805,B01,1,1,2,5,1,-1,-1,0,0,-1,2021,78.0,2,2,4,2,3,2,1,,3,767,-1,,3,4,0,1,37,0,2,, -1,2,0,3,110,4,12,3,22,22004,1,1,1,7,RD767 PR37+000,48.6180674405,-3.3061981185,8,4,3
202100046054,119Â 434,B01,1,1,1,0,1,0,-1,-1,0,-1,2021,45.0,2,2,0,2,6,1,1,,1,AUTOROUTE A15,0,,3,7,0,3,18,100,1,, -1,1,0,1,90,30,3,1,95,95488,1,1,0,2,AUTOROUTE A15,49.0129801013,2.1491154178,10,2,2
202100004902,193Â 029,A01,1,1,1,0,1,8,-1,-1, -1,-1,2021,34.0,2,2,4,2,2,2,1,,1,AUTOROUTE A3,0,,3,8,0,2,3,900,1,, -1,2,0,1,90,4,12,4,93,93066,1,1,1,2,AUTOROUTE A3,48.9321804951,2.3704585433,2,2,2
202100012190,179Â 929,A01,1,1,1,1,1,-1,-1,-1, -1,-1,2021,20.0,3,2,0,1,1,1,1,,4,ANTONIN PERRIN     (Rue),0,,2,4,2,1,(1),(1),1,, -1,1,0,1,50,19,10,2,69,69266,2,1,0,6,ANTONIN PERRIN (R),45.75913,4.88499,7,2,1
202100046912,117Â 920,B01,1,1,1,1,8,0,-1,-1, -1,-1,2021,25.0,2,1,0,2,7,2,5,,4,LEBRUN (RUE HENRI),0,,2,2,0,2,(1),(1),1,, -1,1,5,1,50,23,3,1,37,37214,2,6,0,6,LEBRUN (RUE HENRI),47.4005452795,0.6787405015,8,2,2
202100047295,117Â 226,A01,9,2,2,5,1,-1,-1,0,0,-1,2021,18.0,1,2,5,0,2,15,1,,3,90,0,D,2,2,0,4,19,450,2,, -1,1,9,3,80,20,3,3,27,27107,1,1,0,6,route de routot,49.38729,0.638307,20,3,1
202100044506,122Â 150,A01,1,1,1,5,0,-1,-1,0,0,-1,2021,15.0,3,1,0,2,7,2,5,,4,07,0,,2,2,0,1,(1),(1),1,, -1,1,0,1,50,10,4,1,12,12052,2,4,0,3,ZA de la Rotonde,44.580526,2.077226,17,2,2
202100006549,190Â 093,A01,10,3,1,9,8,8,-1,1,3,1,2021,87.0,1,2,0,1,1,26,1,,3,DUGAZON,0,,2,2,0,1,(1),(1),3,, -1,1,0,1,70,21,11,2,971,97101,1,1,1,6,PETIT PEROU,16.25149,-61.51656,16,2,1
202100006450,190Â 269,B01,1,1,1,0,2,0,-1,0,0,-1,2021,45.0,2,1,0,2,1,1,1,,7,CURIE PIERRE ET MARIE AVENUE,0,,2,2,0,1,(1),(1),1,, -1,2,0,1,50,24,11,5,6,6123,2,1,1,5,CURIE PIERRE ET MARIE AVENUE,43.688181,7.186649,18,4,3
202100015323,174Â 314,A01,1,1,1,9,1,-1,-1,-1, -1,-1,2021,84.0,3,2,0,2,3,15,1,,3,D.501,0,,2,2,0,1,0,800,1,, -1,2,0,1,80,1,10,1,61,61497,1,3,1,3,D.501,48.4538,0.10718,16,2,2
202100038829,132Â 220,A01,10,3,1,5,0,-1,-1,1,9,1,2021,24.0,1,5,0,1,2,21,1,,3,939,-1,,2,2,0,1,28,659,1,, -1,2,0,1,80,22,5,3,17,17459,1,1,0,6,D939 LE PETIT CABARET,45.92435,-0.45903,3,2,1
202100004881,193Â 062,A01,10,3,2,2,0,-1,-1,3,3,1,2021,16.0,1,2,0,1,2,1,1,,3,av,-1,,2,2,0,1,(1),(1),1,, -1,2,1,1,30,3,12,5,91,91226,2,1,1,6,Avenue d OrlÃ©ans,48.485874,2.190704,18,2,1
202100022026,162Â 258,A01,2,2,2,5,1,-1,-1,0,0,-1,2021,43.0,2,2,13,0,2,1,1,,3,223,0,,2,2,0,2,3,200,1,, -1,1,0,3,90,27,8,1,14,14530,1,1,0,6,D223,49.226558,-0.269687,13,3,1
202100039047,131Â 839,B01,1,1,1,0,1,0,-1,-1, -1,-1,2021,33.0,1,1,0,2,8,3,1,,1,AUTOROUTE A86,0,,3,8,0,1,20,899,1,, -1,1,1,1,90,21,5,1,93,93008,1,1,0,3,AUTOROUTE A86,48.91288,2.43592,19,2,2
202100036358,136Â 707,B01,1,1,1,5,1,5,-1,-1, -1,-1,2021,30.0,1,2,0,2,1,2,1,,2,A104,0,,3,4,0,2,15,0,1,, -1,1,0,1,90,4,6,3,77,77450,1,1,0,2,A104,48.7086933165,2.5988263093,2,2,2
202100048865,114Â 415,A01,2,2,2,5,2,6,-1,0,0,-1,2021,24.0,1,1,0,2,3,3,1,,4,BOULEVARD PERIPHERIQUE,0,,1,4,0,1,2,0,1,, -1,1,0,1,70,7,3,1,75,75113,2,1,0,4,BOULEVARD PERIPHERIQUE,48.817738,2.367338,17,4,3
202100004436,193Â 835,B01,2,2,2,5,0,-1,-1,0,0,-1,2021,51.0,1,5,0,2,3,1,1,,3,62,-1,,2,2,0,1,0,410,2,, -1,2,3,1,80,4,10,1,66,66189,1,1,1,1,RD62,42.6544137714,2.9287214577,12,3,2
202100051969,108Â 815,A01,1,1,1,0,1,-1,-1,0,0,-1,2021,63.0,2,2,0,2,1,0,1,,3,67,0,D,2,2,0,1,3,980,1,, -1,7,0,1,-1,10,2,1,89,89079,1,1,1,1,D67,47.950156,3.355122,13,3,2
202100033003,142Â 752,A01,1,1,1,0,8,0,-1,-1, -1,-1,2021,23.0,1,2,0,2,1,2,1,,1,A4,0,,1,5,0,1,4,300,1,, -1,2,0,1,90,19,6,3,94,94069,1,1,0,4,A4,48.8169850612,2.4462833637,22,9,5
202100007182,188Â 916,A01,1,1,1,0,1,0,-1,-1, -1,-1,2021,69.0,1,2,0,2,1,1,1,,2,ROCADE Nord-Est,0,,4,4,0,1,4,1,1,, -1,1,3,1,90,12,11,1,76,76322,1,1,0,2,ROCADE Nord-Est,49.40695,1.03687,13,2,2
202100021909,162Â 466,B01,1,1,1,5,2,-1,-1,0,0,-1,2021,61.0,2,1,0,2,0,1,5,,3,8,-1,,2,2,0,2,9,250,1,, -1,1,0,1,70,29,6,1,83,83016,1,1,0,3,Dn8,43.218246,5.810963,10,2,2
202100050464,111Â 492,B01,1,1,1,4,8,-1,-1,-1, -1,-1,2021,27.0,1,1,0,2,0,2,5,,4,BRIAND (CRS ARISTIDE),0,,2,3,3,1,(1),(1),1,, -1,1,0,1,50,23,2,2,33,33063,2,1,0,3,Cours Aristide Briand,44.83207,-0.57812,18,2,2
202100035857,137Â 598,B01,1,1,1,4,1,0,-1,-1, -1,-1,2021,40.0,2,5,0,2,6,1,1,,1,AUTOROUTE A86,0,,2,4,0,1,51,200,1,, -1,1,0,1,70,8,6,1,94,94034,1,1,0,3,AUTOROUTE A86,48.75942,2.32254,12,2,2
202100035564,138Â 145,A01,10,3,2,0,0,-1,-1,2,3,2,2021,3.0,2,2,0,1,2,26,1,,3,"""BARBUSSE HENRI, NR 35 A 137""",0,,2,2,0,1,0,1,1,, -1,1,0,8,50,9,6,1,93,93066,2,1,0,6,Rue Henri Barbusse,48.94635,2.37182,19,3,1
202100033186,142Â 445,A01,1,1,1,5,8,0,-1,-1, -1,-1,2021,8.0,3,1,0,2,1,1,3,,4,JONQUILLE (RUE DE LA),0,,2,2,0,1,(1),(1),1,, -1,1,0,1,50,19,6,1,68,68376,2,1,0,3,JONQUILLE (RUE DE LA),47.79917,7.31115,19,2,2
202100023753,159Â 158,B01,1,1,1,0,1,0,-1,-1, -1,-1,2021,43.0,3,2,0,0,6,2,1,,3,PAUL VAILLANT COUTURIER (RUE),0,,2,2,0,1,1,0,1,, -1,1,0,1,50,16,8,5,93,93032,2,3,0,2,PAUL VAILLANT COUTURIER (RUE),48.87146,2.55435,21,2,2
202100040163,129Â 808,A01,10,3,2,5,8,8,-1,2,9,1,2021,50.0,3,2,0,1,5,20,3,,4,FAGET DE BAURE,0,,1,1,0,1,0,0,1,, -1,1,0,1,30,12,5,1,64,64445,2,1,0,6,FAGET DE BAURE,43.29822,-0.37225,14,2,1
202100037173,135Â 238,B01,1,1,1,0,2,-1,-1,-1, -1,-1,2021,58.0,1,1,0,2,8,1,1,,4,JEAN MOULIN                         (QU),0,,1,3,3,1,(1),(1),1,, -1,1,0,1,50,30,4,1,69,69382,2,3,0,3,JEAN MOULIN (Q),45.76487,4.83841,17,2,2
202100028664,150Â 480,A01,1,1,1,1,2,6,-1,-1, -1,-1,2021,28.0,1,1,9,0,1,1,1,,7,MIREILLE LAUZE (BOULEVARD),0,,2,2,0,1,2,0,1,, -1,1,0,1,50,16,7,5,13,13210,2,1,0,7,MIREILLE LAUZE (BOULEVARD),43.2853501217,5.4251148564,23,1,1
202100038822,132Â 228,A01,1,1,2,5,1,-1,-1,0,0,-1,2021,20.0,2,2,3,0,8,1,1,,2,122,-1,,2,3,0,1,84,700,2,, -1,2,0,1,80,22,5,1,15,15192,1,1,1,6,RN122 - Les chazes,45.069884,2.718998,15,1,1
202100006408,190Â 347,A01,10,3,1,9,0,-1,-1,2,3,1,2021,71.0,2,2,0,1,1,1,1,,7,CLEMENCEAU RUE,0,,2,3,3,1,(1),(1),1,, -1,1,0,1,50,23,11,1,59,59648,2,1,0,7,CLEMENCEAU RUE,50.59886,3.05271,8,2,1
202100021316,163Â 551,A01,1,1,1,5,1,0,-1,-1, -1,-1,2021,24.0,2,2,1,0,1,14,1,,3,FELIX FAURE (BLD) 120 A 172,0,,-1,2,0,1,0,0,1,, -1,1,0,4,50,2,9,5,93,93001,2,1,0,1,FELIX FAURE (BLD) 120 A 172,48.910506,2.376257,1,2,1
202100031132,146Â 094,A01,10,3,1,5,0,-1,-1,1,3,2,2021,6.0,3,2,0,1,2,1,1,,4,THALES (RUE OU PLACE),0,,2,2,0,1,0,0,1,, -1,1,0,1,50,27,6,1,30,30189,2,1,0,6,THALES (RUE OU PLACE),43.82928,4.33296,19,2,1
202100002309,197Â 661,A01,7,2,1,5,8,-1,-1,0,0,-1,2021,17.0,0,2,6,0,1,0,1,,9,,-1,,2,2,0,1,(1),(1),1,,5,1,0,8,50,20,12,3,49,49373,2,1,0,6,Rue du Lys,47.161948,-0.547433,2,4,1
202100024355,158Â 146,A01,1,1,1,5,2,6,-1,0,0,-1,2021,55.0,2,1,0,0,0,14,1,,3,79,0,D,2,2,0,1,27,574,2,, -1,1,0,3,80,13,8,1,76,76291,1,1,0,7,D79,49.710446,0.338806,18,1,1
202100000078,201Â 613,B01,2,2,2,5,2,6,-1,-1, -1,-1,2021,14.0,2,1,0,2,3,15,1,,4,PICARDIE (AVENUE DE),0,,2,2,0,1,1,(1),1,, -1,1,0,1,50,23,12,1,62,62826,2,4,0,3,PICARDIE (AVENUE DE),50.51751,1.60947,15,4,2
202100021809,162Â 637,A01,1,1,2,4,8,8,-1,0,0,-1,2021,24.0,1,2,0,2,8,5,1,,4,RUE DE LA CHAPELLE,0,,2,5,3,1,(1),(1),1,, -1,1,0,1,30,30,8,2,75,75118,2,2,0,3,RUE DE LA CHAPELLE,48.89852,2.35936,19,4,2
202100018988,167Â 692,A01,1,1,2,9,2,0,-1,0,0,-1,2021,18.0,1,1,0,2,2,2,3,,4,RUE JOUFFROY D ABBANS,0,,2,2,0,1,(1),(1),1,, -1,2,0,1,30,14,9,1,75,75117,2,1,1,2,RUE JOUFFROY D ABBANS,48.8823,2.302026,9,2,2
202100027509,152Â 555,B01,1,1,1,0,8,0,-1,-1, -1,-1,2021,21.0,3,0,0,2,9,1,3,,4,C.De GAULLE (Rocade),0,,2,4,0,1,0,9,1,, -1,1,0,1,70,21,7,5,84,84007,2,1,0,2,C.De GAULLE (Rocade),43.9288,4.80259,23,2,2
202100049803,112Â 725,B01,1,1,1,5,0,-1,-1,0,0,-1,2021,56.0,2,1,0,0,8,1,5,,3,417,0,,2,2,0,1,26,0,1,, -1,1,0,1,80,28,2,1,68,68374,1,1,1,3,Departemental 417 lieu dit La Forge,48.061098,7.234899,15,2,2
202100009875,184Â 052,A01,1,1,2,1,1,0,-1,-1, -1,-1,2021,48.0,2,2,0,2,1,1,1,,2,104,0,,1,2,0,2,40,549,3,, -1,2,0,1,70,1,11,3,91,91521,1,1,0,2,RN 104,48.626879,2.39944,21,2,2
202100011793,180Â 634,A01,1,1,2,1,1,0,-1,-1, -1,-1,2021,38.0,2,2,0,2,1,2,1,,3,DÃ©partementale  617,0,,3,2,0,1,2,285,1,, -1,1,0,1,70,21,10,1,66,66136,1,1,0,2,DÃ©partementale  617,42.70947,2.91462,8,2,2
202100034968,139Â 194,A01,1,1,1,5,2,6,-1,-1, -1,-1,2021,36.0,1,1,0,2,1,26,1,,4,RONSARD (RUE),0,,1,2,0,1,0,0,1,, -1,1,0,1,50,10,6,5,67,67447,2,3,0,3,RONSARD (RUE),48.61091,7.73601,23,2,2
202100020184,165Â 558,A01,1,1,1,5,2,6,-1,0,0,-1,2021,23.0,3,1,12,0,2,1,1,,4,,0,,2,2,0,1,(1),(1),1,,4,1,0,1,50,7,9,4,7,7324,2,1,0,6,120 Avenue du 8 Mai 1945,45.054082,4.835686,23,1,1
202100012020,180Â 226,B01,1,1,1,0,2,0,-1,-1, -1,-1,2021,22.0,1,1,0,2,1,1,1,,4,BOULEVARD DE LA PRAIRIE DE MAUVES,0,,2,0,0,1,(1),(1),1,, -1,1,0,1,80,20,10,1,44,44109,1,1,0,3,BOULEVARD DE LA PRAIRIE DE MAUVES,47.22416,-1.49962,18,2,2
202100031754,145Â 001,A01,10,3,2,1,0,-1,-1,6,8,2,2021,30.0,1,4,0,1,0,0,1,,4,JAURES (AVENUE JEAN),0,,1,2,3,1,0,0,1,, -1,1,9,6,50,29,6,1,93,93008,2,1,0,6,Avenue Jean Jaures,48.904915,2.439543,15,2,1
202100028880,150Â 100,A01,10,3,2,5,0,-1,-1,2,3,2,2021,17.0,1,1,0,1,1,19,1,,3,LAURENT CELY (AVENUE) (1/143),0,,3,4,0,1,0,0,1,, -1,1,0,1,50,14,7,2,92,92036,2,1,0,6,LAURENT CELY (AVENUE) (1/143),48.9306539064,2.3017966747,20,2,1
202100020018,165Â 846,A01,1,1,1,0,2,6,-1,-1, -1,-1,2021,54.0,1,1,16,0,0,2,1,,1,AUTOROUTE A103,0,,3,4,0,2,0,100,2,, -1,1,0,1,70,9,9,1,93,93053,1,1,0,7,AUTOROUTE A103,48.88777,2.47254,19,1,1
202100043008,124Â 796,B01,1,1,2,1,8,0,-1,-1, -1,-1,2021,62.0,3,1,0,0,0,0,2,,3,PETIT CLAMART (RUE DU),0,,2,2,0,1,(1),(1),1,, -1,1,0,4,50,21,4,1,78,78640,2,1,0,3,PETIT CLAMART (RUE DU),48.78208,2.22618,13,2,2
202100008762,186Â 075,A01,2,2,2,0,1,0,-1,-1, -1,-1,2021,50.0,2,2,0,2,2,9,1,,3,PRESIDENT SALVADOR ALLENDE (AV DU),0,,1,3,3,1,1,0,1,, -1,1,9,6,50,9,11,1,94,94081,2,9,0,3,Av du President Salvador Allende,48.79593,2.41493,17,3,2
202100008488,186Â 557,A01,1,1,1,0,1,0,-1,-1, -1,-1,2021,34.0,2,2,0,2,9,17,1,,3,ETRACHES LES,0,,2,2,0,2,18,200,1,, -1,1,0,1,80,10,11,3,25,25462,1,1,0,3,ETRACHES LES,46.94014,6.42858,17,2,2
202100038791,132Â 276,B01,1,1,1,0,1,0,-1,-1, -1,-1,2021,45.0,1,2,0,2,4,2,0,,4,ANATOLE FRANCE,0,,2,2,0,1,0,0,1,, -1,2,0,1,50,22,5,1,93,93029,2,1,1,4,Rue Anatole France,48.93164,2.45553,19,3,3
202100005973,191Â 120,A01,10,3,1,0,0,-1,-1,1,3,2,2021,19.0,3,2,0,1,1,20,1,,6,RIGONS ( CHEMIN DES ),0,,2,2,0,1,1,0,1,, -1,1,0,1,50,26,11,5,13,13071,2,1,0,1,RIGONS ( CHEMIN DES ),43.41479,5.36088,21,2,1
202100041552,127Â 332,B01,1,1,1,5,2,6,-1,0,0,-1,2021,32.0,1,1,0,0,2,16,1,,4,PLACE AUGUSTE BARON,0,,2,4,0,1,(1),(1),3,, -1,8,0,1,50,3,5,1,75,75119,2,7,0,6,PLACE AUGUSTE BARON,48.900673,2.387033,14,3,2
202100032401,143Â 857,A01,1,1,1,5,2,6,9,0,0,-1,2021,51.0,1,1,0,0,0,10,1,,3,119,0,,2,2,0,2,0,300,1,, -1,1,0,1,90,26,6,1,48,48130,1,1,0,7,D119,44.168984,3.546642,14,2,1
202100021878,162Â 525,B01,1,1,1,0,0,-1,-1,0,0,-1,2021,32.0,3,1,0,2,1,1,1,,9,,0,,2,2,0,1,(1),(1),3,, -1,1,0,1,30,29,8,3,971,97118,1,1,0,1,Chemin de fontarabie,16.197717,-61.622829,18,3,2
202100049489,113Â 293,A01,1,1,1,0,2,6,-1,-1, -1,-1,2021,21.0,1,1,0,2,3,15,1,,3,,-1,,2,2,-1,1,1,150,1,, -1,1,5,1,-1,2,3,1,64,64102,2,2,0,3,MAUBEC (RUE),43.50359,-1.46787,17,2,2
202100036463,136Â 522,B01,1,1,1,9,2,6,-1,0,0,-1,2021,26.0,2,1,0,2,1,1,1,,4,RUE GEOFFROY SAINT HILAIRE,0,,1,0,0,1,(1),(1),1,, -1,2,0,1,50,4,6,1,75,75105,2,4,1,3,RUE GEOFFROY SAINT HILAIRE,48.8400909278,2.3563541812,14,2,2
202100034189,140Â 640,A01,1,1,1,4,8,-1,-1,0,0,-1,2021,33.0,0,5,0,0,6,24,1,,3,1001,0,,2,0,0,2,19,0,1,,0,1,0,1,50,17,6,1,60,60462,2,1,0,3,60 Rue de Calais,49.33635,2.19725,14,2,2
202100020396,165Â 179,A01,1,1,1,5,1,5,-1,0,0,-1,2021,43.0,2,2,0,2,1,0,1,,3,619,-1,,2,2,0,1,10,800,1,, -1,1,0,1,90,7,9,1,10,10334,1,1,0,5,D619,48.5002162885,3.5505714425,11,5,3
202100037098,135Â 392,B01,2,2,2,0,1,-1,-1,0,0,-1,2021,74.0,2,2,0,2,6,26,1,,3,105,0, -,2,2,0,1,5,219,1,, -1,1,0,1,80,1,6,1,41,41231,1,2,0,3,La Margotiere,47.499529,1.989577,9,3,2
202100001095,199Â 810,A01,1,1,1,5,0,-1,-1,0,0,-1,2021,73.0,2,2,0,2,3,13,1,,3,54,0,,2,2,0,1,1,300,1,, -1,2,0,1,80,29,12,3,37,37030,1,1,1,1,,47.59548512,0.8614397049,19,2,2
202100047461,116Â 929,A01,1,1,1,0,2,4,-1,-1, -1,-1,2021,43.0,2,1,0,2,1,2,1,,1,13,0,,1,1,0,2,6,699,1,, -1,1,0,1,70,19,3,1,92,92047,1,1,0,2,A13,48.8350835791,2.1757683191,10,2,2
202100002097,198Â 048,A01,1,1,2,0,2,-1,-1,0,0,-1,2021,30.0,1,1,0,2,8,5,1,,2,91,0,,2,2,1,1,34,(1),3,, -1,1,0,1,60,21,12,1,987,98729,1,1,0,3,Haapiti,-17.551511,-149.879737,11,2,2
202100038431,132Â 949,A01,1,1,1,1,2,6,-1,0,0,-1,2021,16.0,1,1,0,2,1,13,1,,3,15,0,D,2,2,0,1,13,310,2,, -1,1,0,1,50,26,5,1,76,76062,2,1,0,1,300 Rue de la Mare,49.658405,1.211999,8,2,2
202100049258,113Â 711,B01,1,1,1,0,2,-1,-1,-1, -1,-1,2021,60.0,1,1,0,2,1,15,5,,4,AVE DE LA GARE,0,,-1,2,0,1,(1),(1),3,, -1,1,0,1,50,4,3,1,33,33063,2,4,0,3,Avenue de la Gare,44.84425,-0.62904,8,2,2
202100012143,180Â 010,A01,10,3,1,0,0,-1,-1,2,B,1,2021,38.0,0,0,0,1,0,26,0,,3,PASTEUR S2  (AVENUE),0,,1,2,0,2,0,0,1,, -1,2,0,1,50,18,10,5,93,93048,2,1,1,6,PASTEUR S2  (AVENUE),48.86843,2.43354,22,2,1
202100044010,123Â 010,A01,10,3,1,5,0,-1,-1,3,3,2,2021,14.0,2,2,0,1,3,1,1,,7,MOULIN PREMIER (CHEMIN DU),0,,2,2,0,1,14,1200,1,, -1,1,0,1,70,14,4,1,83,83069,1,1,0,6,MOULIN PREMIER (CHEMIN DU),43.122,6.153,16,2,1
202100014626,175Â 568,A01,1,1,2,4,1,8,-1,-1, -1,-1,2021,25.0,2,2,0,2,2,15,1,,3,1075,0,,2,6,0,1,0,762,1,, -1,1,0,1,50,7,10,1,1,1053,2,2,0,3,KENNEDY BVD J  - IMPAIR DE DIMES A CROIX,46.2036,5.24247,13,2,2
202100014506,175Â 780,A01,2,2,1,5,1,-1,-1,0,0,-1,2021,21.0,0,2,13,0,3,0,1,,3,111,-1,E,2,2,0,1,1,800,1,, -1,1,0,8,90,9,10,3,34,34163,1,1,0,7,1919 Route de Saint-Paul,43.633218,3.693107,6,2,1
202100042294,126Â 025,B01,1,1,2,0,2,6,-1,-1, -1,-1,2021,28.0,2,1,0,2,3,1,1,,4,GRAVILLE (BD DE),0,,2,4,2,2,0,0,3,, -1,1,2,1,50,26,4,1,76,76351,2,1,0,1,GRAVILLE (BD DE),49.49801,0.14684,19,2,2
202100054425,104Â 470,A01,10,3,2,9,0,-1,-1,2,A,1,2021,82.0,1,2,0,1,2,1,1,,4,JEAN MERMOZ,0,,2,2,0,1,0,0,1,, -1,1,0,1,50,19,1,1,64,64445,2,3,0,6,JEAN MERMOZ,43.31658,-0.37817,9,2,1
202100030343,147Â 523,A01,1,1,1,0,2,0,-1,-1, -1,-1,2021,63.0,1,1,15,0,0,0,1,,7,PIERREFEU (ROUTE DE) RD 12,0,,2,2,0,1,35,0,2,, -1,1,0,1,70,6,7,1,83,83069,1,1,0,6,PIERREFEU (ROUTE DE) RD 12,43.1756481036,6.1178638239,12,1,1
202100056185,101Â 461,B01,1,1,2,2,2,0,-1,-1, -1,-1,2021,13.0,2,1,0,2,8,19,5,,3,GENERAL LECLERC (AV DU),0,,1,2,0,1,0,0,1,, -1,2,6,8,50,5,1,2,94,94046,2,1,0,3,GENERAL LECLERC (AV DU),48.809983,2.433749,8,2,2
202100031071,146Â 204,B01,1,1,1,0,8,-1,-1,-1, -1,-1,2021,59.0,2,1,0,2,1,1,5,,4,LIBERATION (RUE DE LA),0,,2,2,0,1,(1),(1),1,, -1,1,0,1,50,2,7,1,51,51474,2,1,0,2,Rue de la Liberation,49.262101,3.985604,8,2,2
202100048444,115Â 165,A01,10,3,2,9,0,-1,-1,2,3,1,2021,39.0,2,2,0,1,4,20,1,,4,RUE DE TURBIGO,0,,1,2,0,1,(1),(1),1,, -1,1,0,1,50,10,3,1,75,75103,2,2,0,6,RUE DE TURBIGO,48.864466,2.351552,15,2,1
202100024602,157Â 680,B01,1,1,1,0,2,6,-1,-1, -1,-1,2021,53.0,1,1,0,2,7,1,5,,7,RD157B,0,,1,4,0,1,0,0,1,, -1,1,0,1,70,11,8,3,57,57487,1,1,0,3,RD157B,49.09824,6.11789,21,5,2
202100046024,119Â 493,B01,1,1,1,0,2,-1,-1,0,0,-1,2021,17.0,1,1,0,2,1,13,1,,3,52,0,D,2,2,0,1,54,870,3,, -1,1,0,1,80,30,3,1,27,27534,1,1,0,1,D52,49.257209,1.050568,18,2,2
202100054621,104Â 151,B01,1,1,1,1,2,6,-1,0,0,-1,2021,24.0,1,1,0,2,3,17,1,,3,,0,D,2,2,0,2,13,675,1,, -1,1,0,1,80,19,1,1,60,60590,1,3,0,3,intersection d901 d72,49.5396240326,1.9955935477,16,4,2
202100001724,198Â 705,B01,1,1,2,2,2,6,-1,-1, -1,-1,2021,15.0,3,1,0,2,4,23,1,,4,FOCH MARECHAL,0,,2,4,0,3,(1),(1),1,, -1,1,0,1,30,22,12,5,29,29019,2,1,0,2,Avenue MarÃ©chal Foch,48.392596,-4.487608,19,2,2