Num_Acc,id_vehicule,num_veh,place,catu,sexe,trajet,secu1,secu2,secu3,locp,actp,etatp,year_acc,victim_age,senc,catv,obs,obsm,choc,manv,motor,occutc,catr,voie,v1,v2,circ,nbv,vosp,prof,pr,pr1,plan,lartpc,larrout,surf,infra,situ,vma,jour,mois,lum,dep,com,agg_,int,atm,col,adr,lat,long,hour,nb_victim,nb_vehicules
202100013776,177Â 084,A01,1,1,1,5,2,6,-1,0,0,-1,2021,45.0,1,1,4,0,3,13,1,,3,204,-1,,2,2,0,2,4,300,3,, -1,1,0,3,70,10,10,1,67,67411,1,1,0,6,D204,48.486566,7.384969,16,1,1
202100031677,145Â 134,A01,1,1,1,1,2,-1,-1,0,0,-1,2021,30.0,1,1,11,9,8,6,1,,3,97,0,,3,4,0,1,1015,50,1,, -1,1,0,1,50,30,6,1,91,91461,2,6,0,6,D97,48.600367,2.235187,16,1,1
202100006353,190Â 441,A01,1,1,1,1,2,6,-1,0,0,-1,2021,60.0,3,1,0,0,8,1,1,,4,,0,D,2,1,0,1,(1),(1),1,,"3,5",1,0,1,50,23,11,1,67,67300,2,3,0,3,Rue de la Commanderie,48.53078,7.49752,7,2,2
202100040776,128Â 726,A01,10,3,1,0,0,-1,-1,9,B,3,2021,33.0,1,1,0,1,1,26,1,,9,JAURES (AVENUE JEAN),0,,3,2,0,1,0,0,1,, -1,1,9,1,50,8,5,1,93,93008,2,1,0,6,JAURES (AVENUE JEAN),48.9111641229,2.4369619042,19,4,1
202100028846,150Â 155,A01,1,1,1,9,1,0,-1,0,0,-1,2021,28.0,1,2,1,0,3,1,1,,4,,0,,2,2,0,1,(1),(1),1,, -1,1,0,1,70,15,7,1,6,6027,1,1,0,6,MAURE CHEMIN DE LA,43.683725,7.159646,14,1,1
202100055211,103Â 127,A01,8,2,2,5,8,0,-1,0,0,-1,2021,59.0,2,3,0,0,0,1,1,2.0,4,RUE PROUDHON,0,,2,4,1,2,(1),(1),1,, -1,2,0,1,50,13,1,1,75,75112,2,5,1,7,RUE PROUDHON,48.837054,2.390015,16,2,1
202100013459,177Â 683,A01,1,1,1,4,1,-1,-1,0,0,-1,2021,47.0,2,5,0,2,1,2,1,,1,87,0,A,3,4,0,1,16,0,1,, -1,1,0,1,130,13,10,1,49,49092,1,1,0,2,Autoroute A87 - PK : 016.00,47.276274,-0.615535,16,2,2
202100001691,198Â 768,B01,2,2,2,0,1,-1,-1,-1, -1,-1,2021,30.0,3,2,0,2,4,2,1,,4,PIERRE SEMARD                       (AV),0,,2,3,2,2,(1),(1),1,, -1,1,2,1,50,22,12,5,69,69259,2,1,0,5,PIERRE SEMARD (AV),45.7102673861,4.8755049706,18,4,3
202100035464,138Â 321,A01,10,3,1,4,0,-1,-1,1,3,1,2021,56.0,1,1,0,1,2,17,1,,4,COMTE (RUE AUGUSTE),0,,2,2,0,1,0,0,1,, -1,2,0,1,50,4,6,1,87,87085,2,1,1,6,COMTE (RUE AUGUSTE),45.87565,1.27233,15,2,1
202100016634,171Â 900,B01,5,2,1,5,8,0,-1,-1, -1,-1,2021,28.0,3,2,0,2,4,0,1,,4,GUILLEMARD (RUE ROBERT),0,,3,1,0,1,0,0,1,, -1,2,0,1,50,26,9,5,83,83137,2,1,0,2,GUILLEMARD (RUE ROBERT),43.125378,5.924207,2,6,2
202100018088,169Â 298,A01,1,1,1,0,2,6,-1,-1, -1,-1,2021,33.0,2,1,6,0,0,2,1,,1,A507 sens Aubagne- Marseille,0,,1,3,0,4,7,900,1,, -1,1,1,1,70,18,9,5,13,13055,1,1,0,7,A507 sens Aubagne- Marseille,43.29588,5.42474,23,1,1
202100036613,136Â 262,B01,1,1,1,0,2,0,-1,-1, -1,-1,2021,41.0,1,1,0,2,2,17,1,,4,JOST ( RUE LEON ),0,,2,2,0,1,(1),(1),1,, -1,2,0,1,30,3,6,1,44,44109,2,1,1,3,JOST ( RUE LEON ),47.23857,-1.56837,6,2,2
202100012556,179Â 274,A01,1,1,1,0,1,-1,-1,0,0,-1,2021,26.0,2,2,4,0,3,2,1,,1,16,0,,3,4,0,1,82,900,1,, -1,1,0,1,130,18,10,1,60,60003,1,1,0,7,Autoroute A16,49.5210942836,2.1865339191,16,1,1
202100004146,194Â 334,A01,1,1,1,5,1,-1,-1,0,0,-1,2021,53.0,2,2,0,0,1,1,1,,1,84,0,A,3,4,0,1,127,860,1,, -1,1,0,1,130,9,12,2,35,35310,1,1,0,2,A84 Pk 127+800,48.3302193238,-1.3030434251,7,2,2
202100050720,111Â 024,A01,2,1,1,0,2,6,-1,-1, -1,-1,2021,35.0,1,1,0,0,0,2,1,,1,AUTOROUTE A6,0,,3,6,0,1,11,237,1,, -1,1,0,1,110,20,2,3,91,91689,1,1,0,7,AUTOROUTE A6,48.722211,2.311744,21,1,1
202100053776,105Â 623,B01,1,1,2,1,1,-1,-1,0,0,-1,2021,40.0,0,2,0,2,1,17,1,,3,151,-1,,2,2,0,2,7,600,1,, -1,1,0,1,80,25,1,3,69,69270,1,1,0,1,D151,45.624543,4.977837,18,3,2
202100030747,146Â 799,A01,1,1,1,5,0,-1,-1,-1, -1,-1,2021,18.0,2,1,9,0,1,25,1,,4,IRENE JOLIOT CURIE                  (BD),0,,1,1,0,1,(1),(1),1,, -1,1,0,4,50,30,6,5,69,69259,2,6,0,6,IRENE JOLIOT CURIE (BD),45.72131,4.87408,0,1,1
202100051450,109Â 730,A01,10,3,1,9,0,-1,-1,1,3,1,2021,57.0,1,1,0,1,1,1,3,,4,BOULEVARD DE CHARONNE,0,,-1,1,0,1,(1),(1),1,, -1,1,0,1,50,15,2,1,75,75120,2,1,0,6,BOULEVARD DE CHARONNE,48.85591,2.394961,17,2,1
202100024328,158Â 184,Y01,1,1,1,1,2,0,-1,-1, -1,-1,2021,53.0,0,1,4,0,1,1,5,,3,182,0,,1,2,0,1,0,0,1,, -1,1,2,4,30,13,8,1,92,92076,2,1,0,6,JARDY,48.83196,2.1528,8,1,1
202100008791,186Â 033,A01,1,1,1,0,1,-1,-1,0,0,-1,2021,37.0,1,2,6,2,2,1,1,,3,487,0,D,2,2,0,1,4,500,4,, -1,1,9,4,50,10,11,5,42,42052,2,1,0,6,35 Rue Dorian,46.154965,4.163588,0,1,1
202100003885,194Â 809,A01,1,1,2,2,1,-1,-1,0,0,-1,2021,33.0,1,2,6,0,1,1,1,,3,966,0,,2,2,0,2,38,0,3,, -1,5,0,8,50,10,12,3,55,55574,2,1,1,6,10 Rue Grande,48.483226,5.609308,7,6,1
202100040369,129Â 446,A01,10,3,1,9,0,-1,-1,5,9,1,2021,14.0,2,2,14,1,1,14,3,,4,BOULEVARD AUGUSTE BLANQUI,0,,3,2,0,2,(1),(1),1,, -1,2,0,4,50,10,5,1,75,75113,2,3,0,6,BOULEVARD AUGUSTE BLANQUI,48.829929,2.34731,8,2,1
202100025121,156Â 750,A01,1,1,1,0,1,-1,-1,-1, -1,-1,2021,24.0,2,2,0,2,1,17,1,,4,,0,,-1,0,0,1,(1),(1),1,, -1,1,0,1,50,7,8,1,33,33063,2,2,0,1,Cours de la Marne,44.83004,-0.56911,3,3,2
202100008802,186Â 011,B01,1,1,1,3,2,6,-1,0,0,-1,2021,27.0,2,1,0,2,1,17,1,,2,4,-1,R,2,2,0,1,(1),(1),1,, -1,1,0,1,50,8,11,5,976,97615,2,1,0,2,route nationale 4,-12.800764,45.278724,20,2,2
202100050160,112Â 057,A01,10,3,1,5,0,-1,-1,9,B,-1,2021,14.0,1,5,0,1,7,0,1,,3,D 403,0,,2,2,0,1,52,457,1,, -1,1,0,1,50,25,2,1,77,77439,1,1,0,6,D 403,48.41717,3.00997,15,2,1
202100034597,139Â 871,A01,10,3,1,5,0,-1,-1,3,3,2,2021,88.0,1,1,0,1,8,1,5,,4,CATALANS (RUE DES),0,,1,2,0,1,0,0,1,, -1,1,0,1,50,12,6,1,13,13207,2,1,0,3,CATALANS (RUE DES),43.29075,5.35602,11,3,1
202100000762,200Â 350,A01,1,1,1,5,1,0,-1,-1, -1,-1,2021,21.0,1,2,11,0,3,13,1,,3,SALINE (BOULEVARD DE LA),0,,3,4,1,1,29,673,1,, -1,1,5,1,70,30,12,5,50,50173,2,2,0,6,SALINE (BOULEVARD DE LA),49.654,-1.64924,23,2,1
202100013464,177Â 670,A01,1,1,1,5,2,6,-1,0,0,-1,2021,21.0,2,1,0,2,1,1,1,,7,65,0,D,2,2,0,1,3,767,1,, -1,1,0,1,70,11,10,1,34,34327,1,3,0,3,D65,43.662714,3.978907,15,2,2
202100043135,124Â 572,A01,10,3,1,5,8,8,-1,9,3,2,2021,9.0,3,2,0,1,7,26,1,,6,AEROPORT POLE CARAIBES,0,,-1,-1,0,1,(1),(1),1,, -1,1,0,8,30,24,3,1,971,97101,1,9,0,6,AEROPORT POLE CARAIBES,16.27486,-61.52445,15,2,1
202100054930,103Â 625,A01,10,3,2,5,0,-1,-1,3,3,1,2021,74.0,1,1,0,1,8,1,0,,3,REPUBLIQUE (AV DE LA),0,,2,2,0,1,1,0,1,, -1,1,0,1,50,15,1,1,94,94046,2,3,0,6,Rue de Grenoble,48.806543,2.443312,13,2,1
202100037649,134Â 360,A01,1,1,1,4,1,-1,-1,0,0,-1,2021,52.0,3,2,0,2,3,19,1,,4,,0,,-1,2,0,1,(1),(1),1,, -1,1,0,1,80,28,5,1,62,62490,1,2,0,3,Lattre-Saint-Quentin,50.311454,2.576981,13,2,2
202100047667,116Â 548,B01,1,1,1,5,8,0,-1,-1, -1,-1,2021,13.0,2,1,0,2,3,11,6,,3,GABRIEL PERI,0,,2,2,0,1,0,0,1,, -1,2,0,1,50,17,3,1,92,92046,2,1,1,3,GABRIEL PERI,48.8192557009,2.2957912087,15,2,2
202100038959,131Â 999,A01,1,1,1,9,2,0,-1,0,0,-1,2021,38.0,1,1,0,2,7,17,1,,4,RUE DU DOCTEUR POTAIN,0,,1,1,0,2,(1),(1),1,, -1,2,0,1,50,20,5,1,75,75119,2,2,0,3,RUE DU DOCTEUR POTAIN,48.878249,2.397925,13,2,2
202100043843,123Â 307,A01,1,1,1,1,2,-1,-1,0,0,-1,2021,60.0,1,1,0,2,0,1,1,,2,122,0,,2,2,0,1,3,0,1,, -1,1,0,1,80,17,4,1,46,46102,1,1,0,1,N122,44.62614,2.065815,18,3,2
202100001253,199Â 522,A01,1,1,2,1,1,8,-1,-1, -1,-1,2021,49.0,2,2,4,0,1,2,1,,1,A13,0,,1,1,0,1,11,0,3,, -1,2,0,1,50,27,12,1,78,78524,1,9,1,6,A13,48.840131,2.111703,10,1,1
202100048759,114Â 610,B01,1,1,2,1,1,-1,-1,-1, -1,-1,2021,56.0,1,2,0,2,4,21,1,,7,RD302   0.400 A 4.620,0,,3,4,0,1,2,99,1,, -1,1,0,1,90,8,3,1,69,69282,1,1,0,4,RD302,45.7527,5.01442,17,3,3
202100007463,188Â 409,A01,2,1,1,0,8,6,-1,-1, -1,-1,2021,48.0,1,1,0,2,1,1,1,,3,913,0,,3,5,1,1,0,0,1,, -1,1,0,1,50,18,11,1,92,92050,2,2,0,2,CLEMENCEAU GEORGES AVENUE NÂ°IMPAIR,48.886705097,2.2052451968,11,2,2
202100033380,142Â 101,B01,1,1,1,5,1,0,-1,-1, -1,-1,2021,30.0,2,2,0,2,1,1,1,,3,FOUR A CHAUX (CHEMIN DU),0,,2,2,0,2,0,4,3,, -1,2,0,1,50,18,6,4,972,97213,2,3,1,1,FOUR A CHAUX (CHEMIN DU),14.61052,-61.00365,23,4,2
202100054372,104Â 571,A01,1,1,2,0,1,0,-1,-1, -1,-1,2021,36.0,1,2,0,0,4,16,1,,3,PASTEUR (BOULEVARD) DE 40 A +,0,,2,2,0,1,48,923,3,, -1,1,5,1,50,20,1,1,93,93027,2,1,0,2,PASTEUR (BOULEVARD) DE 40 A +,48.92313,2.38414,17,2,2
202100023461,159Â 688,A01,1,1,1,9,2,6,-1,0,0,-1,2021,27.0,0,1,14,0,1,1,1,,4,SOUTERRAIN BRANLY,0,,2,2,0,2,(1),(1),1,, -1,1,1,1,30,19,8,5,75,75107,2,1,0,6,SOUTERRAIN BRANLY,48.8594435829,2.2936247092,0,1,1
202100023401,159Â 788,B01,2,2,2,9,2,8,-1,-1, -1,-1,2021,39.0,2,1,0,0,0,0,6,,3,SOURCE DE BADUEL (CHEMIN DE LA),0,,2,2,0,1,0,800,1,, -1,1,9,1,50,18,8,1,973,97302,2,1,0,3,SOURCE DE BADUEL (CHEMIN DE LA),4.9404328655,-52.3198671342,9,3,2
202100050001,112Â 368,A01,10,3,2,0,0,-1,-1,3,3,1,2021,75.0,3,2,0,1,2,0,1,,6,CAMP DOLENT (AVENUE),0,,-1,-1,0,1,0,0,1,, -1,1,0,1,10,25,2,1,76,76305,2,9,0,6,CAMP DOLENT (AVENUE),49.50655,0.22305,15,2,1
202100026371,154Â 556,A01,1,1,1,5,2,6,-1,0,0,-1,2021,16.0,3,1,0,0,2,16,1,,4,,-1,,2,2,0,2,(1),(1),1,,5,1,0,1,50,31,7,3,42,42312,2,3,0,7,Chemin de Guillaumont,45.430771,4.072832,0,1,1
202100021644,162Â 940,A01,1,1,1,1,2,0,-1,0,0,-1,2021,26.0,2,1,0,2,3,2,1,,4,BOULEVARD PERIPHERIQUE,0,,1,4,0,1,0,400,1,, -1,1,0,1,70,31,8,1,75,75113,2,1,0,2,BD PERIPHERIQUE EXTERIEUR,48.8252799735,2.3855808377,9,2,2
202100012466,179Â 424,A01,1,1,1,5,2,0,-1,-1, -1,-1,2021,17.0,1,1,0,2,1,17,1,,4,GENERAL GALLIENI (RUE DU),0,,2,2,0,1,(1),(1),1,, -1,1,0,1,50,17,10,5,10,10362,2,1,0,3,GENERAL GALLIENI (RUE DU),48.2941248238,4.057232067,19,2,2
202100047674,116Â 536,A01,1,1,2,0,1,-1,-1,0,0,-1,2021,37.0,1,2,13,0,0,13,1,,2,2,0,,2,2,1,1,44,600,1,, -1,1,0,3,50,14,3,1,974,97410,2,6,0,7,Route Nationale 2,-21.052042,55.720146,15,3,1
202100045247,120Â 845,A01,2,2,2,5,1,0,-1,0,0,-1,2021,59.0,3,2,0,0,5,15,1,,4,VOIE GEORGES POMPIDOU,0,,2,6,0,1,(1),(1),1,, -1,1,0,1,50,3,4,1,75,75108,2,2,0,2,VOIE GEORGES POMPIDOU,48.864985,2.313695,17,3,2
202100014392,175Â 985,A01,10,3,1,9,0,-1,-1,8,9,1,2021,94.0,0,2,0,1,4,4,1,,7,TRAVERSE DE LA FERIGOULO,0,,1,1,0,1,0,0,1,, -1,1,9,3,50,8,10,1,13,13019,2,1,0,2,TRAVERSE DE LA FERIGOULO,43.46071,5.35399,10,2,1
202100050005,112Â 361,B01,1,1,1,0,2,0,-1,-1, -1,-1,2021,89.0,1,1,0,2,1,1,5,,4,ALSACE (RUE D'),0,,4,7,1,1,(1),(1),3,, -1,1,0,5,30,24,2,1,68,68066,2,6,0,3,ALSACE (RUE D'),48.06521,7.36432,14,2,2
202100005337,192Â 253,A01,1,1,2,5,1,5,-1,0,0,-1,2021,24.0,0,2,8,0,2,16,1,,4,JOLIOT CURIE (RUE FREDERIC ET IRENE),0,,2,1,0,1,(1),(1),3,, -1,2,0,4,50,27,11,5,27,27229,2,1,1,6,JOLIOT CURIE (RUE FREDERIC ET IRENE),49.00959,1.16086,22,1,1
202100020611,164Â 784,B01,1,1,1,5,0,-1,-1,0,0,-1,2021,10.0,1,1,0,2,7,0,5,,3,75,-1,,2,2,0,1,3,24,1,, -1,1,0,1,50,6,9,1,76,76304,2,3,1,3,Route de Goderville,49.651477,0.435821,17,2,2
202100008069,187Â 310,B01,1,1,1,0,8,0,-1,-1, -1,-1,2021,52.0,2,1,0,2,1,0,0,,2,"CHARLES DE GAULLE (AVENUE,NÂ°118 A 192 +",0,,1,1,0,1,0,0,1,, -1,1,0,1,50,5,11,5,92,92051,2,9,0,2,"CHARLES DE GAULLE (AVENUE,NÂ°118 A 192 +",48.88189,2.26872,22,2,2
202100037452,134Â 715,A01,1,1,2,5,2,6,-1,0,0,-1,2021,35.0,0,1,12,0,1,1,1,,4,AVENUE DE TOURVILLE,0,,2,3,0,1,(1),(1),1,, -1,1,0,1,50,30,5,1,75,75107,2,7,0,6,AVENUE DE TOURVILLE,48.853776,2.312734,21,1,1
202100024832,157Â 265,B01,1,1,1,5,2,6,-1,-1, -1,-1,2021,74.0,1,1,0,2,3,1,1,,1,A47,0,,3,4,0,1,17,200,1,, -1,1,0,1,90,8,8,3,42,42186,1,1,0,3,A47,45.527975,4.608577,22,3,2
202100024085,158Â 606,A01,1,1,1,5,6,8,-1,0,0,-1,2021,24.0,1,1,0,0,0,1,1,,3,995,-1,,2,2,0,1,24,800,2,, -1,1,0,3,90,16,8,1,3,3113,1,1,0,7,Lieu-Dit Pierre Encize,46.015703,3.664069,10,1,1
202100001679,198Â 795,B01,1,1,2,5,1,-1,-1,-1,0,-1,2021,29.0,1,2,0,2,1,1,1,,1,AUTOROUTE A115,0,,3,4,0,1,1,200,1,, -1,1,0,1,90,23,12,3,95,95582,1,1,0,4,A115,48.9827894302,2.2412216663,0,4,3
202100052337,108Â 167,A01,1,1,1,0,1,0,-1,-1, -1,-1,2021,24.0,2,5,1,0,2,1,0,,4,EINSTEIN (RUE ALBERT),0,,1,2,0,1,0,0,2,, -1,2,0,1,50,6,2,2,93,93008,2,1,1,6,EINSTEIN (RUE ALBERT),48.90562,2.42874,8,1,1
202100027713,152Â 176,A01,10,3,2,9,0,-1,-1,4,3,1,2021,63.0,2,3,0,1,2,26,1,1.0,4,BOLLEE (AV) NÂ° IMP 1 A 63,0,,2,3,3,1,0,0,1,, -1,1,0,1,50,20,7,1,72,72181,2,1,0,6,BOLLEE (AV) NÂ° IMP 1 A 63,48.00246,0.20599,10,2,1
202100056357,101Â 165,B01,1,1,2,5,1,-1,-1,0,0,-1,2021,54.0,2,2,0,2,3,1,1,,3,766,-1,,2,2,0,1,8,50,1,, -1,2,0,1,90,3,1,3,49,49228,1,3,0,3,CD 766,47.513636,0.10216,18,2,2
202100044815,121Â 610,A01,10,3,1,0,0,-1,-1,3,3,1,2021,65.0,2,2,0,1,2,15,1,,3,GAMBETTA (RUE),0,,2,2,0,1,(1),(1),1,, -1,1,0,1,50,2,4,1,54,54431,2,2,0,6,GAMBETTA (RUE),48.90571,6.05994,11,2,1
202100046822,118Â 083,B01,1,1,2,5,2,6,-1,0,0,-1,2021,67.0,1,0,0,2,8,15,3,,3,982,0,D,2,2,0,2,22,620,1,, -1,1,0,1,90,24,3,1,19,19135,1,3,1,5,D982,45.51014,2.306818,14,3,3
202100020632,164Â 747,A01,1,1,1,5,2,6,-1,0,0,-1,2021,20.0,1,1,0,2,1,13,1,,3,27,-1,,2,2,0,2,5,300,1,, -1,2,0,1,80,6,9,2,14,14731,1,1,0,1,D27,49.313079,0.047019,20,2,2
202100004621,193Â 504,A01,1,1,2,9,8,0,-1,-1, -1,-1,2021,23.0,1,2,0,2,1,21,1,,1,AUTOROUTE A86,0,,3,2,0,1,51,450,1,, -1,2,1,1,70,5,12,3,94,94034,1,1,1,6,AUTOROUTE A86,48.75965,2.32265,16,3,3
202100032711,143Â 297,A01,1,1,1,5,1,0,-1,-1, -1,-1,2021,63.0,3,2,1,0,3,1,1,,4,EMILE ZOLA (R),0,,1,1,0,1,1,0,1,, -1,1,0,1,50,23,6,1,94,94034,2,1,0,6,Rue Emile Zola,48.764001,2.327794,20,1,1
202100051878,108Â 968,A01,1,1,1,3,2,0,-1,-1, -1,-1,2021,37.0,1,1,0,2,1,1,1,,4,GRAND CARAIBE (RUE DU),0,,2,2,0,1,0,0,1,, -1,2,0,1,50,9,2,1,972,97209,2,9,1,1,GRAND CARAIBE (RUE DU),14.60179,-61.07935,8,2,2
202100040373,129Â 442,B01,1,1,1,4,2,0,-1,0,0,-1,2021,34.0,2,1,0,2,1,1,5,,4,AVENUE DES CHAMPS ELYSEES,0,,2,8,1,1,(1),(1),1,, -1,1,5,5,50,11,5,1,75,75108,2,2,0,3,AVENUE DES CHAMPS ELYSEES,48.867793,2.313913,9,2,2
202100031018,146Â 291,B01,1,1,2,0,8,0,-1,-1, -1,-1,2021,24.0,0,1,0,0,0,0,3,,4,FLANDRES/DUNKERQUE (CARREFOUR),0,,1,3,1,1,0,0,2,, -1,1,0,1,30,2,7,1,66,66136,2,6,0,3,FLANDRES/DUNKERQUE (CARREFOUR),42.68666,2.90729,10,2,2
202100043275,124Â 311,B01,1,1,2,3,1,-1,-1,0,0,-1,2021,19.0,0,2,0,2,1,1,1,,6,4,0,R,1,1,0,1,4,3,1,, -1,1,0,8,30,20,4,1,13,13027,2,9,0,3,Avenue de la Chaffine,43.888712,4.831237,11,2,2
202100039698,130Â 622,A01,10,3,2,3,0,-1,-1,3,3,1,2021,89.0,3,2,0,1,3,9,1,,4,MERIOT HENRI,0,,1,3,3,1,(1),(1),2,, -1,2,0,1,30,15,5,1,17,17306,2,9,1,6,Rue Henri MÃ©riot,45.627192,-1.031244,11,2,1
202100048628,114Â 838,B01,1,1,1,5,8,-1,-1,0,0,-1,2021,16.0,0,1,0,2,1,18,1,,3,15,0,D,2,2,0,2,0,820,1,, -1,1,0,1,50,10,3,1,6,6048,2,4,0,3,Route Rd 15 la Roseyre,43.78784,7.332361,14,2,2
202100005333,192Â 257,B01,1,1,1,4,2,6,-1,0,0,-1,2021,24.0,0,1,0,2,2,1,3,,9,MOULIN (RUE JEAN),0,,2,0,1,1,(1),(1),1,, -1,2,0,1,50,1,12,5,27,27229,2,9,1,3,MOULIN (RUE JEAN),49.01378,1.15252,18,2,2
202100001703,198Â 743,A01,1,1,1,0,1,-1,-1,-1, -1,-1,2021,65.0,2,2,0,2,3,17,1,,4,,0,,2,2,0,1,(1),(1),1,, -1,1,0,1,50,22,12,1,69,69256,2,1,0,4,8 MAI 1945 (DU) (AV),45.78867,4.90872,14,3,3
202100041533,127Â 370,C01,1,1,2,1,1,0,-1,-1, -1,-1,2021,32.0,3,2,0,2,4,1,1,,7,ROUZIERS (ROUTE DE),0,,2,2,0,2,(1),(1),1,, -1,1,0,1,50,3,5,1,37,37261,2,3,0,4,ROUZIERS (ROUTE DE),47.4338398117,0.6743996144,9,5,4
202100027816,151Â 992,A01,1,1,2,1,1,-1,-1,0,0,-1,2021,24.0,1,2,0,2,3,1,1,,3,909,-1,D,2,2,0,2,31,700,1,, -1,1,0,1,90,21,7,1,61,61339,1,2,0,5,D909,48.737236,-0.248115,17,4,4
202100039385,131Â 202,A01,10,3,2,5,8,-1,-1,9,2,2,2021,25.0,2,2,0,1,7,13,1,,3,52,0,,2,2,0,1,31,200,1,, -1,1,0,1,80,15,5,1,27,27546,1,1,0,6,DÃ©partementale 52,49.088047,1.138303,15,2,1
202100012393,179Â 558,B01,1,1,1,1,2,8,-1,-1,0,-1,2021,42.0,1,1,0,2,3,1,5,,3,DIVISION LECLERC (AVENUE DE LA),0,,3,2,0,1,2,600,1,, -1,1,0,1,50,18,10,1,95,95607,2,1,0,3,DIVISION LECLERC (AVENUE DE LA),49.013385,2.215878,8,2,2
202100042937,124Â 920,A01,1,1,1,0,2,8,-1,-1, -1,-1,2021,65.0,2,0,0,2,3,1,3,,3,VAUGIRARD (ROUTE DE),0,,2,1,1,1,0,0,1,, -1,1,0,5,25,23,4,1,92,92048,2,1,0,1,VAUGIRARD (ROUTE DE),48.82062,2.23711,15,2,2
202100046430,118Â 787,A01,2,2,1,5,0,-1,-1,0,0,-1,2021,19.0,1,2,0,0,2,1,1,,3,42,-1,,2,2,0,1,7,900,1,, -1,1,0,3,80,28,3,3,89,89264,1,1,0,7,Rd 42,48.16879,2.988732,0,2,1
202100018320,168Â 876,A01,10,3,2,3,0,-1,-1,2,3,1,2021,87.0,2,2,2,1,2,15,1,,4,ROGER SALENGRO     (Avenue),0,,2,2,3,1,(1),(1),1,, -1,1,0,1,50,17,9,1,69,69266,2,1,0,6,ROGER SALENGRO (AV),45.7767254527,4.8754806203,9,2,1
202100010504,182Â 948,A01,1,1,1,5,8,0,-1,0,0,-1,2021,64.0,1,2,8,0,1,1,1,,3,PAU (ROUTE DE),0,,2,2,0,1,9,841,1,, -1,1,0,3,80,27,10,1,65,65226,1,1,0,6,PAU (ROUTE DE),43.2429727482,0.0063729286,16,1,1
202100026429,154Â 456,A01,1,1,2,9,1,-1,-1,-1, -1,-1,2021,26.0,1,2,1,0,1,14,1,,4,FAVORITE (DE LA )                   (R ),0,,2,2,0,1,(1),(1),1,, -1,1,0,4,50,28,7,1,69,69385,2,1,0,6,FAVORITE (DE LA ) (R),45.75711,4.8097,12,1,1
202100026832,153Â 754,A01,2,2,1,0,1,8,-1,-1, -1,-1,2021,23.0,1,2,6,0,8,13,1,,4,GOUDES (CHEMIN DES),0,,1,1,0,1,0,0,1,, -1,1,0,1,50,27,7,1,13,13208,2,1,0,3,GOUDES (CHEMIN DES),43.225733073,5.3484599983,21,2,1
202100009142,185Â 369,B01,1,1,1,5,1,-1,-1,0,0,-1,2021,87.0,1,2,0,2,1,1,2,,2,,-1,,-1,-1,-1,1,49,225,-1,, -1,1,5,1,-1,6,11,1,87,87202,1,2,0,3,D9,45.883905,1.096238,14,3,2
202100014677,175Â 477,A01,1,1,1,1,2,6,-1,0,0,-1,2021,58.0,2,1,0,2,7,17,1,,3,23,-1,,2,2,0,1,57,400,1,, -1,1,0,1,80,7,10,1,85,85109,1,1,0,3,Rue Monseigneur Masse,46.84964,-1.003873,13,2,2
202100056011,101Â 764,B01,1,1,1,4,1,8,-1,-1, -1,-1,2021,34.0,1,2,0,2,5,2,1,,1,AUTOROUTE A6,0,,3,6,0,1,15,0,1,, -1,2,0,1,110,7,1,1,91,91216,1,1,1,2,AUTOROUTE A6,48.68493,2.32757,9,2,2
202100014609,175Â 600,B01,1,1,2,5,8,-1,-1,-1, -1,-1,2021,20.0,1,0,0,2,4,15,3,,4,RACCORDEMENT (CRS DU),0,,2,3,2,1,(1),(1),1,, -1,1,-1,1,50,6,10,2,33,33063,2,3,0,2,Cours du Raccordement,44.86572,-0.56213,18,2,2
202100028707,150Â 404,B01,2,2,2,5,1,5,-1,-1, -1,-1,2021,25.0,3,2,0,2,2,1,1,,6,,0,,-1,-1,0,1,0,0,1,, -1,1,9,8,10,15,7,1,92,92078,2,1,0,3,GALLIENI (BD) (1 A 79 ET 22 A 102),48.9262095571,2.3285490274,18,3,2
202100013869,176Â 911,A01,1,1,1,4,2,6,-1,0,0,-1,2021,21.0,1,1,0,2,1,1,1,,4,LE GORGEU (NÂ°29 (TOTAL)-UBO(ALBERT 1ER ),0,,3,4,0,1,(1),(1),1,, -1,1,0,1,50,11,10,2,29,29019,2,1,0,2,Avenue Victor le Gorgeu,48.40231,-4.50292,20,2,2
202100045618,120Â 193,B01,1,1,1,5,1,0,-1,0,0,-1,2021,24.0,3,2,0,2,4,1,1,,7,DE GAULLE GENERAL AVENUE,0,,-1,2,0,1,0,0,1,, -1,1,0,1,50,1,4,1,6,6123,2,1,0,2,DE GAULLE GENERAL AVENUE,43.669269,7.191553,14,2,2
202100029920,148Â 325,B01,1,1,1,5,2,-1,-1,0,0,-1,2021,66.0,1,1,0,2,2,1,5,,3,98,0,D,2,2,0,1,21,910,1,, -1,1,0,1,50,9,7,1,60,60402,2,2,0,3,Rue du GÃ©nÃ©ral de Gaulle,49.3562909381,2.7583375013,12,2,2
202100022854,160Â 764,A01,6,2,1,5,1,-1,-1,0,0,-1,2021,41.0,1,2,13,0,3,15,1,,3,21,0,R,-1,2,0,2,3330,(1),3,, -1,1,0,1,80,20,8,3,87,87154,1,1,0,3,D21,45.913213,0.893283,21,3,2
202100009863,184Â 071,A01,1,1,2,5,1,-1,-1,0,0,-1,2021,24.0,1,2,0,0,6,19,1,,2,149,0,N,2,2,0,1,39,193,1,,7,2,5,1,80,3,11,1,79,79088,1,2,0,3,,46.814658,-0.396624,17,2,2