Num_Acc,id_vehicule,num_veh,place,catu,sexe,trajet,secu1,secu2,secu3,locp,actp,etatp,year_acc,victim_age,senc,catv,obs,obsm,choc,manv,motor,occutc,catr,voie,v1,v2,circ,nbv,vosp,prof,pr,pr1,plan,lartpc,larrout,surf,infra,situ,vma,jour,mois,lum,dep,com,agg_,int,atm,col,adr,lat,long,hour,nb_victim,nb_vehicules
202100040050,130Â 010,A01,1,1,2,4,2,0,-1,-1, -1,-1,2021,27.0,2,1,0,0,2,26,6,,4,CHANOINEAU (RUE),0,,2,2,3,1,(1),(1),1,, -1,2,0,1,50,13,5,1,37,37261,2,3,0,7,CHANOINEAU (RUE),47.3894984138,0.6827100367,20,1,1
202100016064,172Â 937,B01,4,2,2,9,1,0,-1,-1, -1,-1,2021,8.0,1,2,0,0,6,2,1,,2,RN02,0,,2,2,0,1,126,0,1,, -1,1,0,1,70,28,9,3,974,97416,1,1,0,2,RN02,-21.34905,55.50259,18,4,2
202100033513,141Â 873,A01,1,1,1,0,1,4,-1,-1, -1,-1,2021,28.0,2,2,4,2,0,26,1,,2,104,0,,2,8,0,2,32,299,1,, -1,1,0,1,90,18,6,3,91,91553,1,1,0,6,RN 104,48.62988,2.4838,23,1,1
202100044368,122Â 362,A01,1,1,1,9,2,0,-1,0,0,-1,2021,42.0,3,1,0,0,0,1,1,,4,BOULEVARD DU BOIS LE PRETRE,0,,3,4,0,1,(1),(1),1,, -1,2,0,1,50,11,4,5,75,75117,2,3,1,7,BOULEVARD DU BOIS LE PRETRE,48.8997776274,2.3191505671,1,1,1
202100035198,138Â 781,B01,1,1,1,5,2,6,-1,-1, -1,-1,2021,52.0,2,1,0,2,7,1,1,,1,A4,0,,1,2,0,1,8,0,2,, -1,1,9,1,50,11,6,1,94,94017,1,9,0,3,A4,48.830322896,2.4893496496,9,2,2
202100004763,193Â 268,A01,1,1,1,5,1,0,-1,-1, -1,-1,2021,34.0,2,2,3,0,1,1,1,,2,RN157,0,,3,4,0,1,40,0,1,, -1,2,0,1,110,3,12,3,35,35051,1,1,1,7,RN157,48.113763,-1.553639,3,1,1
202100028530,150Â 721,A01,1,1,1,5,2,6,-1,0,0,-1,2021,16.0,1,1,0,0,8,1,1,,3,252,0,A,2,2,0,3,3,600,2,, -1,1,0,1,-1,17,7,1,63,63319,1,1,0,7,D252a,45.5443363997,3.8869443487,18,2,1
202100031251,145Â 884,B01,1,1,1,5,2,6,-1,0,0,-1,2021,61.0,1,1,0,2,2,1,1,,3,RD952,0,,2,2,0,1,83,500,3,, -1,1,0,1,80,3,7,1,4,4094,1,1,0,1,RD 952,43.751846,5.855037,20,7,2
202100037255,135Â 087,A01,2,2,1,0,1,0,-1,0,0,-1,2021,24.0,0,2,0,2,1,0,1,,4,ARTS (AVENUE),0,,2,2,0,1,0,0,1,, -1,1,0,1,50,28,5,3,30,30189,2,2,0,6,ARTS (AVENUE),43.82346,4.33559,1,3,2
202100023747,159Â 170,A01,1,1,1,1,1,0,-1,-1, -1,-1,2021,40.0,3,2,4,0,1,1,1,,5,PL DE LA LOGISTIQUE,0,,3,4,0,1,1,0,1,, -1,1,7,1,50,17,8,1,94,94065,1,6,0,6,Zone SOGARIS,48.75142,2.36107,17,1,1
202100026093,155Â 050,A01,1,1,1,1,1,0,-1,-1, -1,-1,2021,25.0,1,2,4,0,2,14,1,,1,A7-Sens Lyon vers Marseille,0,,1,3,0,1,276,899,1,, -1,1,0,1,90,31,7,1,13,13215,2,1,0,7,A7-Sens Lyon vers Marseille,43.34994,5.36872,8,1,1
202100044531,122Â 121,A01,1,1,1,0,1,0,-1,-1, -1,-1,2021,37.0,1,2,0,2,3,1,1,,1,86,0,,3,4,0,2,6,99,3,, -1,2,0,1,90,10,4,3,92,92036,1,1,1,3,A86,48.9355920008,2.2623961286,1,3,2
202100018662,168Â 280,C01,1,1,1,4,1,-1,-1,0,0,-1,2021,53.0,1,2,0,2,1,21,1,,1,64,0,,1,2,0,2,152,700,1,, -1,2,0,2,130,16,9,1,65,65272,1,1,1,5,A64- PK 152+800,43.197343,0.1949,15,4,3
202100005738,191Â 542,A01,1,1,1,9,2,8,-1,-1, -1,-1,2021,34.0,0,1,0,2,1,18,1,,4,RABAN (ROUTE DE),0,,2,1,0,1,(1),(1),1,, -1,1,0,1,50,28,11,2,973,97302,2,1,0,3,RABAN (ROUTE DE),4.9333558357,-52.3131699264,18,2,2
202100044496,122Â 162,A01,1,1,2,1,1,-1,-1,0,0,-1,2021,37.0,2,2,8,0,1,1,1,,3,22,0,,2,2,0,1,24,15,2,, -1,1,0,3,-1,10,4,1,86,86183,1,1,0,6,Les Landes,46.938636,0.645152,10,3,1
202100011465,181Â 228,A01,1,1,1,5,2,-1,-1,0,0,-1,2021,18.0,1,1,0,2,1,14,1,,3,723,0,D,2,2,0,1,69,1594,1,, -1,1,0,1,50,19,10,5,44,44163,2,1,0,2,D723,47.371744,-1.16549,21,3,2
202100005118,192Â 628,A01,1,1,1,1,2,6,-1,-1, -1,-1,2021,39.0,2,1,0,2,7,16,1,,4,CHEMIN DE PRESLES (AV DU),0,,2,2,0,1,1,0,3,, -1,2,0,1,15,2,12,1,94,94069,2,9,0,7,CHEMIN DE PRESLES (AV DU),48.81593,2.46231,9,1,1
202100022450,161Â 509,A01,1,1,2,5,8,0,-1,-1, -1,-1,2021,21.0,1,2,3,0,0,16,1,,1,VA007342 LA CEPIERE  A620 Sortie 27,0,,1,1,0,1,8,417,3,, -1,1,0,2,50,23,8,5,31,31555,2,1,0,7,VA007342 LA CEPIERE  A620 Sortie 27,43.58614,1.40244,22,1,1
202100008396,186Â 723,A01,1,1,1,5,2,-1,-1,0,0,-1,2021,15.0,1,1,0,2,1,2,1,,3,1079,-1,,2,1,0,1,7,490,1,,3,1,0,1,80,13,11,1,1,1365,1,2,1,3,D1079,46.2854081924,4.928624779,11,4,2
202100007948,187Â 525,C01,3,2,1,0,1,0,-1,-1, -1,-1,2021,5.0,1,2,0,2,4,2,1,,1,AUTOROUTE A1,0,,3,8,0,1,2,0,1,, -1,1,0,1,90,15,11,1,93,93066,1,1,0,2,AUTOROUTE A1,48.917783,2.357734,12,4,3
202100035139,138Â 896,A01,1,1,2,5,1,-1,-1,0,0,-1,2021,79.0,1,2,6,0,1,1,1,,3,22,-1,E,2,2,0,4,5,400,1,, -1,1,0,3,50,12,6,1,21,21296,2,1,1,6,Grande Rue,47.987225,4.77762,11,1,1
202100048273,115Â 463,B01,1,1,1,5,1,-1,-1,-1, -1,-1,2021,74.0,1,2,0,2,2,26,1,,4,MENDES-FRANCE (RUE PIERRE) (5-15),0,,2,3,2,1,(1),(1),1,, -1,1,0,1,50,12,3,1,33,33249,2,1,0,2,Rue Pierre Mendes-France,44.879994,-0.516048,17,2,2
202100023079,160Â 362,A01,1,1,1,0,8,0,-1,-1, -1,-1,2021,23.0,3,1,0,2,8,19,0,,7,PILOTE LARBONNE (RUE ),0,,2,1,0,1,1,233,1,, -1,1,0,1,30,2,8,1,13,13054,2,9,0,3,LIBERATION (AV DE LA ),43.41854,5.21565,17,2,2
202100048045,115Â 864,V01,10,3,2,5,0,-1,-1,9,1,1,2021,80.0,0,1,0,1,1,1,5,,9,BOEUFS(CHEMIN DES),0,,-1,0,0,1,0,0,1,, -1,1,0,8,30,14,3,1,94,94028,2,1,0,2,BOEUFS(CHEMIN DES),48.769,2.43334,12,2,1
202100022934,160Â 628,A01,10,3,2,5,0,-1,-1,5,9,3,2021,42.0,1,2,0,1,1,25,1,,3,15,0,,2,2,0,2,0,440,1,, -1,1,0,4,30,22,8,1,37,37123,2,1,0,6,38 Rue Rabelais,47.3291221482,0.4107561321,16,2,1
202100046027,119Â 486,B01,1,1,1,5,2,6,-1,0,0,-1,2021,15.0,2,1,0,2,3,1,1,,3,26,-1,,2,2,0,1,31,250,1,, -1,1,0,1,50,29,3,1,52,52093,2,3,1,3,Place de Verdun,47.804584,5.435057,18,2,2
202100021913,162Â 460,B01,2,2,2,3,1,0,-1,-1, -1,-1,2021,24.0,1,2,0,2,9,1,1,,2,RN1,0,,1,2,0,1,40,0,1,, -1,2,0,1,110,29,8,3,974,97416,1,1,1,3,RN1,-21.3328,55.4598,4,3,2
202100047059,117Â 653,B01,1,1,1,5,2,0,-1,0,0,-1,2021,67.0,1,1,0,2,2,1,5,,4,BOULEVARD VOLTAIRE,0,,2,2,1,1,(1),(1),1,, -1,1,-1,5,30,22,3,1,75,75111,2,2,0,3,BOULEVARD VOLTAIRE,48.855324,2.38428,14,2,2
202100020065,165Â 759,B01,1,1,1,0,2,-1,-1,-1, -1,-1,2021,65.0,1,1,0,2,3,1,0,,4,LEON BLUM      (Rue),0,,2,4,3,1,(1),(1),1,, -1,1,0,1,50,8,9,1,69,69266,2,1,0,3,LEON BLUM (R),45.76055,4.90477,11,2,2
202100009983,183Â 857,B01,1,1,1,5,1,-1,-1,0,0,-1,2021,27.0,1,2,0,2,1,1,1,,3,1330,-1,,2,3,0,2,0,200,1,, -1,1,0,1,90,1,11,1,60,60612,1,1,0,2,D1330,49.2116174571,2.6071688775,10,2,2
202100031479,145Â 484,B01,1,1,2,5,1,-1,-1,0,0,-1,2021,28.0,2,2,0,0,1,1,1,,3,310,-1,D,2,2,0,3,46,133,3,, -1,1,0,1,90,1,7,1,72,72255,1,1,0,1,Chene Vert,48.155529,-0.21595,18,2,2
202100033265,142Â 312,A01,1,1,1,5,1,-1,-1,0,0,-1,2021,29.0,3,2,15,0,3,0,1,,4,,-1,,2,2,0,1,(1),(1),3,,4,2,0,3,80,21,6,3,17,17397,1,1,1,7,Chez Praud,45.912877,-0.653526,1,1,1
202100033189,142Â 438,B01,1,1,1,9,1,0,-1,-1, -1,-1,2021,39.0,1,2,0,2,1,16,1,,4,BLANQUI (RUE),0,,2,2,0,1,0,0,1,, -1,1,0,1,50,20,6,1,46,46042,2,2,0,1,GAMBETTA (BOULEVARD LEON) NÂ°IMPAIR,44.44467,1.44169,19,2,2
202100044764,121Â 697,B01,1,1,1,5,2,6,-1,0,0,-1,2021,18.0,3,1,0,2,1,13,1,,4,,-1,,2,2,0,1,(1),(1),3,, -1,1,0,1,50,17,3,1,66,66094,1,1,1,1,Avenue de la Mer,42.605276,3.008033,12,2,2
202100021669,162Â 899,A01,1,1,1,0,8,0,-1,-1, -1,-1,2021,19.0,1,2,1,2,3,13,1,,3,PERI RUE GABRIEL NÂ°37 A 99,0,,2,2,0,1,0,0,1,, -1,1,0,1,50,30,8,5,92,92049,2,1,0,1,PERI RUE GABRIEL NÂ°37 A 99,48.8195097926,2.3138530436,1,2,2
202100007688,188Â 011,B01,1,1,1,1,2,0,-1,-1, -1,-1,2021,35.0,1,1,1,0,1,1,5,,4,MADAME DE SANZILLON (RUE),0,,2,2,0,1,0,0,1,, -1,2,9,1,50,17,11,1,92,92024,2,1,0,3,MADAME DE SANZILLON (RUE),48.9037080761,2.3191991491,9,2,2
202100032680,143Â 353,A01,1,1,1,3,8,0,-1,-1, -1,-1,2021,16.0,0,1,0,0,0,0,1,,4,ROY D'ESPAGNE (CHEMIN),0,,2,0,0,2,0,0,2,, -1,1,9,1,50,23,6,1,13,13209,2,9,0,3,ROY D'ESPAGNE (CHEMIN),43.23538,5.39917,18,3,2
202100049138,113Â 922,A01,1,1,2,9,2,6,-1,0,0,-1,2021,33.0,2,1,0,2,1,1,1,,4,PLACE DE LA REPUBLIQUE DE PANAMA,0,,3,2,0,1,(1),(1),1,, -1,1,0,1,50,5,3,1,75,75115,2,7,0,3,PLACE DE LA REPUBLIQUE DE PANAMA,48.846039,2.308539,18,2,2
202100001200,199Â 626,B01,1,1,1,5,2,6,-1,-1, -1,-1,2021,19.0,2,1,0,2,1,1,1,,4,DE LATTRE DE TASSIGNY (AV),0,,4,3,0,2,(1),(1),1,, -1,2,0,1,50,27,12,5,13,13001,2,9,1,3,DE LATTRE DE TASSIGNY (AV),43.53436,5.43621,17,2,2
202100052587,107Â 728,B01,1,1,1,1,1,0,-1,-1, -1,-1,2021,41.0,2,2,15,0,4,2,1,,3,MARCEL CACHIN (AVENUE) DES NÂ°1 AU 17,0,,2,1,0,1,1,0,1,, -1,1,0,1,50,4,2,1,93,93072,2,1,0,2,MARCEL CACHIN (AVENUE) DES NÂ°1 AU 17,48.95672,2.38301,8,2,2
202100034380,140Â 286,B01,1,1,1,1,2,-1,-1,0,0,-1,2021,53.0,1,1,0,2,1,1,1,,3,1201,0,,3,2,0,2,(1),(1),1,, -1,1,0,1,50,15,6,5,74,74010,2,1,0,2,163 Av d Aix les Bains (Seynod),45.883564,6.098612,23,2,2
202100044099,122Â 849,A01,1,1,2,3,1,-1,-1,0,0,-1,2021,53.0,2,2,0,0,1,1,2,,3,35,-1,,2,2,0,1,5,580,1,, -1,1,0,3,70,15,4,1,1,1313,1,1,0,7,D35,46.252316,6.064641,18,1,1
202100053008,106Â 969,B01,1,1,2,0,1,-1,-1,0,0,-1,2021,55.0,1,2,0,2,1,1,1,,3,9,-1,,2,2,0,1,66,700,3,, -1,2,0,1,80,1,2,1,25,25320,1,1,1,1,D9,46.801822,6.266005,8,2,2
202100008768,186Â 066,A01,1,1,1,5,1,5,-1,-1, -1,-1,2021,62.0,2,2,0,2,1,1,1,,3,MONT D'EST (BD),0,,1,2,0,1,0,1,1,, -1,1,0,1,50,9,11,1,93,93051,2,1,0,2,MONT D'EST (BD),48.84084,2.54164,15,3,2
202100048822,114Â 498,A01,1,1,1,0,0,-1,-1,0,0,-1,2021,35.0,-1,2,0,0,0,1,1,,9,,-1,,2,2,0,2,(1),(1),2,, -1,1,0,1,70,8,3,1,973,97360,1,1,0,7,Route d'APATOU,5.182072,-54.318595,13,1,1
202100019005,167Â 665,A01,1,1,2,1,2,0,-1,0,0,-1,2021,48.0,2,1,0,2,8,13,5,,4,RUE LA FAYETTE,0,,2,4,1,2,(1),(1),1,, -1,2,0,5,30,14,9,1,75,75109,2,1,1,3,RUE LA FAYETTE,48.876958,2.348113,8,2,2
202100053808,105Â 572,A01,10,3,1,2,0,-1,-1,2,3,1,2021,18.0,1,2,0,1,1,1,1,,7,6,0,,2,2,0,1,2,(1),1,, -1,2,0,1,70,25,1,2,57,57701,1,1,0,6,Route d'Ars,49.092891,6.094843,17,2,1
202100017104,171Â 057,A01,10,3,1,3,0,-1,-1,5,3,1,2021,75.0,3,5,0,1,4,26,1,,4,CHAMPLAIN (AV),0,,1,1,0,1,1,0,1,, -1,1,9,1,50,24,9,1,94,94019,2,1,0,6,Avenue Champlain,48.79595,2.56041,14,2,1
202100037451,134Â 717,B01,1,1,1,5,2,8,-1,0,0,-1,2021,47.0,1,1,0,2,1,1,5,,4,AVENUE DE WAGRAM,0,,2,2,1,2,(1),(1),1,, -1,1,0,5,50,30,5,1,75,75108,2,1,0,3,AVENUE DE WAGRAM,48.876196,2.296801,11,2,2
202100016791,171Â 601,A01,10,3,2,3,0,-1,-1,3,3,1,2021,63.0,3,2,0,1,1,1,1,,4,SALVADOR ALLENDE (AVENUE),0,,2,2,0,1,0,0,1,, -1,1,0,1,30,23,9,1,972,97209,1,1,0,6,SALVADOR ALLENDE (AVENUE),14.61041,-61.04764,8,2,1
202100011226,181Â 664,B01,3,2,1,0,1,8,-1,-1, -1,-1,2021,17.0,2,2,0,2,1,1,1,,2,MOURET HENRI (AV),0,,2,5,0,1,(1),(1),1,, -1,1,0,1,50,24,10,5,13,13001,2,2,0,3,EUROPE (AV),43.52365,5.43708,2,4,2
202100001092,199Â 813,A01,10,3,2,0,0,-1,-1,1,3,2,2021,59.0,2,2,0,1,4,26,1,,3,9,0,,-1,1,0,1,0,0,1,, -1,1,0,1,50,28,12,1,92,92004,2,1,0,6,PIERRE BROSSOLETTE,48.9111961108,2.2932484746,12,3,1
202100003812,194Â 939,B01,1,1,1,0,1,4,-1,-1, -1,-1,2021,30.0,2,2,0,2,4,1,1,,2,RN 104,0,,1,2,0,1,42,799,1,, -1,2,0,1,110,10,12,1,91,91086,1,1,0,2,RN 104,48.6239,2.37546,12,2,2
202100029060,149Â 799,A01,1,1,1,0,1,0,-1,-1, -1,-1,2021,32.0,2,2,0,2,4,1,1,,1,AUTOROUTE A6,0,,1,3,0,2,15,0,1,, -1,2,0,1,110,14,7,2,91,91432,1,1,1,6,AUTOROUTE A6,48.69279,2.32108,5,1,1
202100052659,107Â 598,A01,1,1,1,0,8,0,-1,-1, -1,-1,2021,16.0,1,1,0,2,1,1,0,,4,REPUBLIQUE (DE LA)                  (R ),0,,2,0,0,1,(1),(1),1,, -1,1,0,1,50,3,2,1,69,69256,2,2,0,3,REPUBLIQUE (DE LA) (R),45.78673,4.92094,17,2,2
202100027993,151Â 670,A01,1,1,1,9,8,-1,-1,0,0,-1,2021,28.0,1,1,12,0,0,1,1,,3,813,0,A,1,1,3,1,34,871,3,, -1,1,5,1,50,21,7,5,31,31446,2,6,0,6,D813,43.537909,1.481609,0,1,1
202100023623,159Â 400,B01,1,1,1,0,2,0,-1,-1, -1,-1,2021,29.0,1,1,0,2,1,1,1,,4,,0,,2,2,0,1,0,0,1,, -1,1,0,1,30,17,8,5,92,92024,2,1,0,3,FERNAND PELLOUTIER (RUE),48.902257783,2.3007182075,22,2,2
202100027339,152Â 854,A01,2,2,1,0,1,8,-1,-1, -1,-1,2021,18.0,1,2,0,2,2,13,1,,3,AVENUE DE LA CORNICHE D'AZUR,0,,2,2,0,1,114,840,1,, -1,1,0,1,70,23,7,1,83,83061,1,1,0,1,AVENUE DE LA CORNICHE D'AZUR,43.41169,6.7252,7,3,2
202100055806,102Â 115,A01,10,3,1,5,0,-1,-1,3,3,3,2021,13.0,0,5,0,1,1,1,1,,3,6155E,0,,2,2,0,1,0,1,1,, -1,1,6,1,50,8,1,1,27,27375,2,1,0,6,TABARLY (VOIE ERIC),49.2095,1.1805,15,2,1
202100043879,123Â 239,A01,10,3,2,1,0,-1,-1,3,3,1,2021,60.0,1,2,0,1,2,1,1,,3,EST (BOULEVARD DE L'),0,,3,4,1,1,22,12,1,, -1,1,0,1,70,15,4,1,50,50602,2,1,0,6,EST (BOULEVARD DE L'),49.63596,-1.5768,9,2,1
202100002027,198Â 168,A01,1,1,1,1,1,8,-1,-1, -1,-1,2021,43.0,1,2,0,5,1,1,1,,2,D438,0,,3,4,0,2,97,500,1,, -1,1,9,1,110,20,12,3,70,70285,1,1,0,6,D438,47.58696,6.763,2,1,1
202100011980,180Â 305,A01,10,3,2,0,0,-1,-1,3,3,1,2021,32.0,2,2,0,1,1,1,1,,3,ANDRE MALRAUX (AVENUE),0,,3,2,0,1,0,0,1,, -1,1,0,1,50,20,10,3,91,91687,2,6,0,6,ANDRE MALRAUX (AVENUE),48.673518,2.361793,21,2,1
202100032054,144Â 456,B01,1,1,1,5,1,-1,-1,-1, -1,-1,2021,22.0,2,2,4,2,4,2,2,,2,ROUTE NATIONALE 230,0,,3,4,0,2,44,99,4,, -1,2,3,1,50,27,6,2,33,33249,1,1,1,2,Rocade Rive Droite N230,44.882964,-0.511614,21,3,2
202100022468,161Â 473,B01,1,1,1,1,2,6,-1,0,0,-1,2021,50.0,1,1,5,2,6,1,1,,4,ECHANGEUR BERCY,0,,1,2,0,2,(1),(1),3,, -1,1,0,1,50,25,8,5,75,75112,2,4,0,2,ECHANGEUR BERCY,48.827258,2.390884,21,2,2
202100032788,143Â 168,B01,1,1,1,5,2,6,-1,0,0,-1,2021,53.0,1,1,0,2,1,1,5,,7,D269,0,C,2,2,0,2,2,500,1,,4,1,5,1,30,23,6,1,38,38057,2,4,0,3,Rue de la Maritelle,45.142079,5.741134,17,2,2
202100007832,187Â 738,B01,3,2,1,2,3,0,-1,-1, -1,-1,2021,1.0,3,2,12,2,2,1,1,,4,GENERAL LECLERC (AVENUE DU),0,,2,2,0,2,0,0,2,, -1,2,5,1,50,15,11,2,13,13203,2,3,1,3,GENERAL LECLERC (AVENUE DU),43.3040099923,5.3775394753,9,3,2
202100018375,168Â 780,A01,1,1,1,5,2,6,-1,-1, -1,-1,2021,30.0,1,1,0,2,1,2,1,,2,,0,,1,2,0,2,12,500,2,, -1,1,3,1,50,17,9,1,25,25056,2,1,0,2,KENNEDY  BOULEVARD J.F.,47.23271,5.98245,17,2,2
202100005931,191Â 192,A01,3,2,1,0,3,0,-1,0,0,-1,2021,4.0,1,2,0,2,2,1,1,,4,RESISTANCE (AV. DE LA -IMPAIR-),0,,2,4,0,1,(1),(1),1,, -1,2,0,1,50,27,11,5,54,54304,2,9,1,3,RESISTANCE (AV. DE LA -IMPAIR-),48.69396,6.13523,19,6,2
202100001449,199Â 193,A01,10,3,1,5,0,-1,-1,1,3,1,2021,20.0,2,5,0,1,1,26,1,,2,R.N.184,0,,3,4,0,1,0,700,1,, -1,1,5,1,50,20,12,5,95,95218,2,2,0,6,RN 184,49.01849,2.09615,0,3,1
202100045151,121Â 025,A01,1,1,1,1,1,0,-1,-1, -1,-1,2021,54.0,2,2,0,2,1,1,1,,2,AV DU MARECHAL FOCH,0,,2,5,0,1,1,0,1,, -1,1,0,1,50,4,4,1,94,94028,2,9,0,2,FOCH(AVENUE DU MARECHAL),48.781245,2.437381,16,3,2
202100016187,172Â 705,B01,1,1,2,0,0,-1,-1,-1, -1,-1,2021,28.0,1,1,0,2,8,1,0,,4,AVE DE PARIS,0,,3,2,1,2,(1),(1),1,, -1,1,0,1,50,27,9,1,33,33249,2,3,0,3,AVE DE PARIS,44.86906,-0.51233,8,2,2
202100041508,127Â 417,A01,1,1,2,4,1,0,-1,-1, -1,-1,2021,25.0,1,2,0,2,1,2,1,,4,BEL AIR (BOULEVARD DE),0,,4,5,0,2,0,0,1,, -1,1,0,1,50,30,4,1,87,87085,2,1,0,2,BEL AIR (BOULEVARD DE),45.81973,1.24934,17,2,2
202100032258,144Â 104,A01,1,1,1,9,1,-1,-1,-1, -1,-1,2021,43.0,1,2,15,2,1,11,1,,3,BEAUJOLAIS (avenue du),0,,2,2,0,1,1,0,1,, -1,2,0,1,50,24,6,1,69,69092,2,3,0,1,BEAUJOLAIS (DU) (AV),45.9969513699,4.706761837,11,2,2
202100000798,200Â 291,A01,1,1,1,4,2,6,-1,-1, -1,-1,2021,26.0,2,1,0,2,3,1,1,,3,1,0,,2,5,0,1,0,0,1,, -1,1,2,1,50,31,12,1,92,92024,2,2,0,3,CLICHY (QUAI DE) DE (104 A 202),48.90854,2.30014,10,2,2
202100017574,170Â 210,B01,1,1,1,1,2,-1,-1,0,0,-1,2021,18.0,1,1,0,2,1,1,1,,3,D13,0,,2,2,0,1,23,801,1,, -1,1,0,1,70,23,9,1,34,34009,1,3,0,3,RD13,43.484952,3.357536,15,2,2
202100045008,121Â 277,A01,1,1,2,5,1,5,-1,-1, -1,-1,2021,25.0,2,2,3,0,3,1,1,,1,A557-Liaison A7 Marseille-A55 Marseille,0,,1,2,0,2,1,450,2,, -1,1,3,1,50,5,4,3,13,13202,1,1,0,6,A557-Liaison A7 Marseille-A55 Marseille,43.317,5.36402,22,2,1
202100022117,162Â 094,A01,1,1,2,5,2,0,-1,0,0,-1,2021,28.0,1,1,0,0,0,1,3,,4,BOULEVARD DE MAGENTA,0,,2,4,1,1,(1),(1),1,, -1,1,0,5,50,28,8,1,75,75110,2,2,0,7,BOULEVARD DE MAGENTA,48.87483,2.357397,18,1,1
202100003110,196Â 207,B01,2,2,1,1,1,0,-1,-1, -1,-1,2021,17.0,2,2,0,2,1,19,1,,7,DRONCKAERT (RUE DU),0,,2,1,0,1,(1),(1),1,, -1,2,0,1,50,13,12,5,59,59508,2,1,0,3,DRONCKAERT (RUE DU),50.73815,3.12931,8,6,2
202100035559,138Â 152,A01,10,3,1,3,0,-1,-1,3,3,1,2021,68.0,2,2,0,1,3,10,1,,3,GAULLE(AVENUE DU GENERAL DE),0,,3,4,0,1,1,0,1,, -1,1,0,1,50,8,6,1,94,94028,2,1,0,6,GAULLE(AVENUE DU GENERAL DE),48.78787,2.44653,10,2,1
202100024797,157Â 329,B01,1,1,1,5,2,6,-1,0,0,-1,2021,18.0,1,1,0,2,1,1,1,,3,D437,-1,,2,2,0,1,97,900,1,, -1,1,0,1,50,9,8,1,25,25356,2,3,0,3,16 Rue du GÃ©nÃ©ral de Gaulle,47.252568,6.801615,15,2,2
202100030731,146Â 829,A01,1,1,1,0,2,0,-1,-1, -1,-1,2021,21.0,1,1,0,2,1,1,1,,3,MONTABO (ROUTE DE) 2,0,,2,2,0,1,2,50,1,, -1,1,0,1,50,1,7,1,973,97302,2,3,0,3,MONTABO (ROUTE DE) 2,4.94178,-52.3041,9,2,2
202100001177,199Â 671,A01,1,1,1,5,1,0,-1,-1, -1,-1,2021,45.0,1,2,0,2,2,1,1,,4,OBERHAUSBERGEN (ROUTE D ),0,,2,2,0,1,0,0,1,, -1,1,0,1,50,24,12,5,67,67482,2,3,0,3,OBERHAUSBERGEN (ROUTE D ),48.595,7.71012,2,2,2
202100004894,193Â 041,A01,1,1,2,5,1,-1,-1,-1, -1,-1,2021,28.0,2,2,4,0,1,2,1,,2,ROUTE NATIONALE 230,0,,1,2,0,1,43,950,2,, -1,2,3,1,50,4,12,1,33,33249,1,1,0,7,ROUTE NATIONALE 230,44.881725,-0.511404,11,1,1
202100056392,101Â 100,B01,1,1,1,4,2,-1,-1,-1, -1,-1,2021,33.0,3,1,0,2,1,0,1,,4,,0,,1,3,3,1,(1),(1),1,, -1,1,0,1,50,1,1,5,69,69381,2,3,0,3,JEAN MOULIN                         (QU),45.7662013546,4.8380707204,20,2,2
202100035992,137Â 352,A01,2,2,1,5,0,-1,-1,0,0,-1,2021,47.0,3,6,0,0,1,1,1,,4,,0,,2,1,0,2,(1),(1),1,,3,9,0,3,50,8,6,1,71,71088,2,1,0,7,Les champs,46.6255147316,3.9582543225,17,2,1
202100038667,132Â 521,A01,1,1,1,5,2,-1,-1,0,0,-1,2021,22.0,2,0,13,0,7,26,1,,3,46,-1,,2,2,0,1,8,200,1,, -1,1,0,1,50,23,5,1,35,35082,2,1,0,6,Rue des Erables,47.882578,-1.436307,16,1,1
202100042608,125Â 462,B01,1,1,1,5,8,0,-1,-1, -1,-1,2021,58.0,1,1,0,2,8,1,5,,3,MARECHAL LECLERC (R DU),0,,3,3,0,1,0,375,1,, -1,1,0,1,50,25,4,1,94,94069,2,3,0,3,MARECHAL LECLERC (R DU),48.81648,2.45705,19,2,2
202100009937,183Â 930,B01,1,1,1,0,1,0,-1,-1, -1,-1,2021,52.0,1,5,12,2,3,1,1,,4,GENERAL DE GAULLE (RUE DU),0,,2,2,0,1,0,0,1,, -1,2,0,1,50,1,11,1,93,93047,2,3,1,3,GENERAL DE GAULLE (RUE DU),48.8993356434,2.5595596433,17,2,2
202100040282,129Â 603,A01,2,2,1,5,1,-1,-1,0,0,-1,2021,25.0,0,2,4,0,2,2,1,,3,,-1,,3,1,0,3,61,501,2,,4,1,0,2,90,13,5,1,6,6085,1,1,0,6,D6185,43.607608,6.984062,15,2,1
202100027080,153Â 316,A01,1,1,1,0,2,6,-1,-1, -1,-1,2021,35.0,3,1,0,2,1,13,1,,7,CIOTAT (ROUTE DE LA RN559),0,,2,2,1,2,0,0,3,, -1,1,0,1,80,24,7,1,13,13005,1,1,0,1,CIOTAT (ROUTE DE LA RN559),43.27137,5.58925,11,2,2
202100020871,164Â 341,B01,1,1,1,3,2,8,-1,-1, -1,-1,2021,19.0,2,1,0,2,5,1,5,,4,Dr Ramon (Rue),0,,2,1,0,2,(1),(1),1,, -1,1,0,1,50,3,9,1,19,19272,2,1,0,3,Dr Ramon (Rue),45.2543662774,1.7595202102,12,2,2
202100013975,176Â 721,B01,1,1,2,5,1,4,-1,0,0,-1,2021,31.0,2,2,0,2,4,23,1,,1,A4,0,,1,4,0,1,5,200,1,, -1,1,0,1,90,10,10,3,75,75112,1,1,0,6,A4,48.8233480941,2.4628150463,22,3,2