Num_Acc,id_vehicule,num_veh,place,catu,sexe,trajet,secu1,secu2,secu3,locp,actp,etatp,year_acc,victim_age,senc,catv,obs,obsm,choc,manv,motor,occutc,catr,voie,v1,v2,circ,nbv,vosp,prof,pr,pr1,plan,lartpc,larrout,surf,infra,situ,vma,jour,mois,lum,dep,com,agg_,int,atm,col,adr,lat,long,hour,nb_victim,nb_vehicules
202100000771,200Â 334,B01,2,2,2,3,1,0,-1,-1, -1,-1,2021,54.0,2,2,0,2,4,2,2,,3,RN 1057 (BD CHURCHIL-ROUTE DE GRAY),0,,-1,2,0,1,11,225,2,, -1,1,0,1,50,31,12,1,25,25056,2,6,0,4,CHURCHILL BD WINSTON,47.2451,5.99634,13,4,3
202100018349,168Â 827,A01,10,3,2,5,0,-1,-1,9,3,1,2021,78.0,1,1,0,1,2,26,3,,4,FOCH BOULEVARD,0,,3,3,0,1,1,0,1,, -1,1,0,1,50,17,9,1,49,49007,2,1,0,6,FOCH BOULEVARD,47.469672,-0.548587,17,2,1
202100014373,176Â 020,A01,1,1,1,0,2,6,-1,-1, -1,-1,2021,27.0,2,1,0,2,1,26,1,,2,ROCADE 11-12,0,,3,4,0,1,11,500,1,, -1,1,0,1,90,8,10,1,35,35281,1,1,0,2,ROCADE 11-12,48.086801,-1.700668,13,3,2
202100036792,135Â 942,A01,1,1,1,2,2,8,-1,-1, -1,-1,2021,16.0,1,1,0,2,1,17,1,,4,LOTE (RUE  RENE ),0,,2,2,0,1,(1),(1),1,, -1,1,0,1,50,1,6,1,56,56121,2,1,0,3,LOTE (RUE  RENE ),47.77297,-3.40484,8,2,2
202100002764,196Â 828,B01,1,1,2,1,1,0,-1,0,0,-1,2021,28.0,1,2,0,2,6,26,1,,2,ROCADE 13-14,0,,3,4,0,1,18,500,1,, -1,1,0,8,90,15,12,5,35,35278,1,1,0,2,ROCADE 13-14,48.140046,-1.696052,8,2,2
202100035278,138Â 643,B01,5,2,2,0,2,6,-1,-1, -1,-1,2021,52.0,1,1,0,2,3,1,1,,2,ROUTE NATIONALE 123,0,,1,2,0,2,0,0,1,, -1,1,0,1,90,5,6,1,28,28110,1,1,0,3,ROUTE NATIONALE 123,48.42613,1.51412,16,2,1
202100011448,181Â 257,A01,1,1,1,5,2,-1,-1,0,0,-1,2021,19.0,1,1,12,0,0,0,1,,7,70,0,M,2,2,0,2,(1),(1),1,, -1,1,0,1,50,24,10,5,31,31044,2,1,0,6,Avenue Saint-Martin de Boville,43.59765,1.504666,5,1,1
202100006162,190Â 797,B01,1,1,1,5,0,-1,-1,0,0,-1,2021,18.0,0,1,0,2,1,1,5,,4,0,0,A,2,2,0,1,0,0,1,, -1,2,5,1,50,27,11,1,44,44184,2,2,1,1,Rue de Pornichet,47.267837,-2.222017,15,2,2
202100051863,108Â 998,A01,1,1,1,1,1,-1,-1,0,0,-1,2021,20.0,1,2,0,2,1,1,1,,3,426,0,D,2,2,0,1,33,500,2,, -1,5,0,1,80,10,2,1,67,67438,1,1,0,4,Schaeffersheim,48.439351,7.604363,12,3,3
202100054185,104Â 892,A01,7,2,1,5,1,0,-1,-1, -1,-1,2021,20.0,1,2,6,0,9,17,1,,3,PROFESSEUR RAYMOND GARCIN (RUE DU),0,,2,1,0,1,2,100,1,, -1,1,0,4,50,17,1,1,972,97209,2,1,0,6,PROFESSEUR RAYMOND GARCIN (RUE DU),14.6236,-61.0786,16,5,1
202100002251,197Â 761,B01,1,1,1,5,8,0,-1,-1, -1,-1,2021,28.0,2,1,0,2,8,10,5,,7,MINIMES (AV DES) DU 1AU 178,0,,3,2,0,1,0,313,1,, -1,1,0,1,50,18,12,5,31,31555,2,1,0,3,MINIMES (AV DES) DU 1AU 178,43.6186431033,1.4364563674,19,2,2
202100008851,185Â 919,B01,2,2,2,5,1,0,-1,-1, -1,-1,2021,25.0,1,2,0,2,3,9,1,,3,STRASBOURG (BD DE),0,,2,2,0,2,1,0,1,, -1,1,0,1,50,8,11,1,94,94052,2,1,0,3,Boulevard de Strasbourg,48.8406275871,2.481880188,10,3,2
202100050037,112Â 302,A01,1,1,2,0,8,0,-1,-1, -1,-1,2021,40.0,1,0,6,0,1,16,3,,4,GARE   RUE DE LA,0,,1,1,2,2,(1),(1),1,, -1,1,9,1,30,26,2,1,17,17028,2,3,0,7,GARE   RUE DE LA,46.13572,-1.11214,11,1,1
202100031495,145Â 460,A01,1,1,1,0,1,-1,-1,0,0,-1,2021,23.0,1,2,0,2,3,13,1,,3,28,-1,E,2,2,0,2,0,545,3,, -1,1,0,1,-1,11,6,1,69,69097,1,1,0,1,D28E2,45.5108628751,4.722340107,19,2,2
202100004357,193Â 969,A01,1,1,1,4,2,-1,-1,0,0,-1,2021,22.0,1,1,0,2,1,1,1,,3,1084,0,,2,2,0,1,7,294,1,, -1,2,0,1,50,8,12,1,1,1043,2,1,1,3,1103 Route de GenÃ¨ve,45.8354810622,5.0006327033,12,2,2
202100053031,106Â 931,A01,2,2,2,5,1,0,-1,-1, -1,-1,2021,21.0,2,2,4,0,1,18,1,,2,346,0,,3,4,0,2,36,500,1,, -1,1,0,2,90,15,1,3,69,69277,1,1,0,6,RN346,45.7391034788,4.9850356579,18,2,1
202100055210,103Â 129,B01,1,1,1,1,2,0,-1,0,0,-1,2021,31.0,3,1,0,2,2,1,1,,4,BOULEVARD ROMAIN ROLLAND,0,,2,2,0,1,(1),(1),1,, -1,2,0,1,50,13,1,1,75,75114,2,5,1,3,BOULEVARD ROMAIN ROLLAND,48.822375651,2.3141509295,14,2,2
202100044038,122Â 958,A01,10,3,2,5,8,8,-1,3,3,1,2021,15.0,1,2,0,1,1,1,1,,4,BROSSOLETTE (BOULEVARD PIERRE),0,,3,2,0,1,0,0,1,, -1,1,0,1,50,18,3,1,2,2408,2,6,0,6,BROSSOLETTE (BOULEVARD PIERRE),49.56959,3.62391,18,2,1
202100007524,188Â 300,A01,2,2,1,5,1,-1,-1,0,0,-1,2021,19.0,2,2,13,0,1,1,1,,3,84,0,D,2,2,0,1,38,340,2,, -1,1,0,3,80,18,11,3,81,81117,1,1,0,6,D84,43.791373,1.99713,22,2,1
202100036273,136Â 843,B01,2,2,2,5,1,0,-1,-1, -1,-1,2021,26.0,2,2,0,2,2,1,1,,2,186,0,,3,2,0,1,1,0,1,, -1,1,0,1,70,5,6,1,94,94065,1,1,0,6,Route nationale 186,48.75337,2.36109,18,3,2
202100041133,128Â 083,A01,1,1,1,9,2,6,-1,0,0,-1,2021,44.0,1,1,0,2,1,1,1,,4,BOULEVARD PERIPHERIQUE INTERIEUR OUEST,0,,1,4,3,1,14,100,1,, -1,1,0,1,70,4,5,1,75,75116,2,1,0,2,BOULEVARD PERIPHERIQUE INTERIEUR OUEST,48.861934,2.2646,17,3,2
202100031248,145Â 888,A01,1,1,1,0,2,6,-1,0,0,-1,2021,44.0,2,1,0,2,1,2,1,,3,918,0,,2,2,0,1,7,200,1,, -1,1,0,1,50,3,7,1,64,64495,2,4,0,2,D918,43.359104,-1.614175,16,2,2
202100019428,166Â 908,B01,1,1,1,0,8,-1,-1,0,0,-1,2021,33.0,1,0,0,2,4,26,3,,3,31,0,D,2,2,0,1,(1),(1),1,, -1,1,0,1,80,13,9,1,84,84054,1,1,0,3,route dÃ©partementale 31,43.939339,5.029196,16,3,2
202100026168,154Â 923,A01,10,3,1,0,0,-1,-1,4,3,2,2021,18.0,2,1,0,1,1,1,1,,3,National ( boulevard ),0,,1,2,0,1,0,0,1,, -1,1,0,1,50,31,7,1,92,92035,2,1,0,6,National ( boulevard ),48.9085095186,2.2372077405,10,2,1
202100031657,145Â 168,B01,1,1,1,1,2,6,-1,0,0,-1,2021,22.0,1,1,0,2,3,1,1,,3,13,-1,,2,2,0,1,(1),(1),3,, -1,1,0,1,70,1,7,1,14,14364,1,2,0,1,D13,49.17375,-0.665678,18,2,2
202100007329,188Â 651,A01,1,1,1,4,2,6,-1,0,0,-1,2021,63.0,1,1,0,9,0,3,1,,4,PORTE DE PASSY,0,,1,4,0,1,13,900,1,, -1,1,1,1,70,19,11,1,75,75116,2,1,0,6,PORTE DE PASSY,48.860164,2.263554,13,1,1
202100012721,178Â 979,A01,9,2,1,5,1,-1,-1,0,0,-1,2021,22.0,2,2,13,0,1,15,1,,3,154,0,,2,2,0,3,12,471,2,, -1,1,0,3,80,17,10,2,34,34223,1,2,0,6,D154,43.451723,3.188602,7,4,1
202100004679,193Â 413,A01,1,1,1,0,8,-1,-1,-1, -1,-1,2021,27.0,2,1,12,0,1,25,3,,4,PAUL SANTY                          (AV),0,,2,2,3,1,(1),(1),1,, -1,1,0,4,50,3,12,1,69,69388,2,1,0,6,PAUL SANTY (AV),45.72487,4.88238,15,1,1
202100054768,103Â 904,A01,10,3,2,2,0,-1,-1,3,3,1,2021,13.0,1,2,0,1,2,1,1,,4,HOCHE,0,,2,2,0,1,(1),(1),1,, -1,2,0,1,50,16,1,1,35,35238,2,1,1,6,Rue HOCHE,48.11419,-1.67729,12,2,1
202100012050,180Â 171,A01,10,3,1,1,0,-1,-1,4,3,1,2021,37.0,1,1,0,1,1,1,1,,4,AVENUE FRANKLIN D ROOSEVELT,0,,2,3,0,1,(1),(1),1,, -1,1,0,1,30,20,10,5,75,75108,2,2,0,6,AVENUE FRANKLIN D ROOSEVELT,48.864921,2.31028,20,2,1
202100048772,114Â 586,B01,2,2,2,1,2,6,-1,0,0,-1,2021,53.0,1,1,0,2,7,1,1,,4,RUE DE BAGNOLET,0,,2,3,0,1,(1),(1),1,, -1,1,0,1,50,8,3,2,75,75120,2,1,0,3,RUE DE BAGNOLET,48.863921,2.407857,18,3,2
202100019733,166Â 373,B01,1,1,1,5,2,8,-1,-1, -1,-1,2021,48.0,0,1,0,2,1,19,5,,4,COMMUNE DE PARIS (AV DE LA),0,,2,2,0,1,1,0,1,, -1,1,0,1,50,10,9,1,94,94081,2,2,0,3,COMMUNE DE PARIS (AV DE LA),48.78506,2.38846,12,2,2
202100011159,181Â 785,B01,1,1,1,5,2,6,-1,0,0,-1,2021,17.0,2,1,0,2,1,1,1,,4,,-1,,2,2,0,1,(1),(1),1,,4,1,0,1,-1,10,10,1,73,73010,1,1,0,1,Route du Sauvage,45.749468,5.93671,14,2,2
202100014042,176Â 599,B01,1,1,1,5,2,-1,-1,0,0,-1,2021,71.0,0,1,0,0,0,0,5,,3,3,-1,,2,2,1,1,(1),(1),2,, -1,1,0,1,-1,10,10,1,67,67261,1,6,0,3,route du rhin,48.9651786714,8.1847715378,14,2,2
202100023553,159Â 541,B01,1,1,1,5,1,0,-1,-1, -1,-1,2021,27.0,1,2,0,2,4,2,1,,1,AUTOROUTE A1,0,,1,8,0,1,186,600,3,, -1,2,0,1,130,16,8,3,62,62274,1,1,1,2,AUTOROUTE A1,50.432551,2.979017,21,2,2
202100056313,101Â 242,A01,8,2,2,5,8,-1,-1,0,0,-1,2021,11.0,3,2,1,2,3,2,1,,4,,-1,,2,2,0,2,(1),(1),1,, -1,1,0,3,-1,4,1,5,976,97605,2,1,0,1,Quartier Ourini,-12.8332,45.11695,21,5,2
202100002730,196Â 891,B01,1,1,1,0,2,0,-1,-1, -1,-1,2021,22.0,1,1,0,2,4,8,1,,9,LATTRE DE TASSIGNY (AVENUE MARECHAL DE),0,,2,4,3,1,0,0,1,, -1,1,0,6,50,13,12,1,974,97411,2,1,0,3,LATTRE DE TASSIGNY (AVENUE MARECHAL DE),-20.88707,55.47136,14,2,2
202100010689,182Â 614,A01,10,3,2,0,0,-1,-1,3,3,1,2021,77.0,2,2,0,1,1,16,1,,4,VICTOIRE DU 8 MAI 1945 (AVE DE LA),0,,2,2,0,1,0,0,1,, -1,1,0,1,50,27,10,2,83,83137,2,4,0,6,VICTOIRE DU 8 MAI 1945 (AVE DE LA),43.13094,5.93791,7,2,1
202100035789,137Â 732,A01,1,1,1,5,2,6,-1,0,0,-1,2021,26.0,2,1,8,0,0,1,1,,3,D137,0,B,1,1,0,3,105,826,3,, -1,1,3,3,70,8,6,1,17,17094,1,6,0,7,pk 3 D137b9,46.063254,-1.063515,17,1,1
202100003366,195Â 747,A01,2,2,2,5,1,-1,-1,0,0,-1,2021,57.0,1,2,3,0,6,1,1,,1,4,-1,,3,4,0,1,462,150,1,, -1,1,0,1,130,12,12,1,67,67033,1,1,0,4,Autoroute A4,48.749639,7.682818,16,6,3
202100026080,155Â 070,B01,2,2,1,1,8,-1,-1,0,0,-1,2021,19.0,1,2,0,2,1,19,1,,3,30,0,A,2,2,0,1,4,350,1,, -1,1,0,1,80,2,8,1,13,13089,1,2,0,3,rd30A,43.829574,4.931231,14,3,2
202100029332,149Â 332,A01,1,1,1,5,8,0,-1,-1, -1,-1,2021,63.0,1,1,1,0,1,25,3,,4,RUE DE SEVRES,0,,2,3,0,1,(1),(1),1,, -1,2,0,4,50,12,7,1,75,75107,2,3,1,6,RUE DE SEVRES,48.848425,2.320552,11,1,1
202100045575,120Â 268,B01,1,1,1,1,2,0,-1,0,0,-1,2021,44.0,2,1,0,2,1,5,1,,4,CHAMBRETTES (RUE DES),0,,2,2,0,1,(1),(1),1,, -1,1,0,1,50,31,3,1,63,63113,2,2,0,3,CHAMBRETTES /Meuniers,45.7673,3.10465,17,2,2
202100019137,167Â 421,B01,1,1,1,5,2,-1,-1,-1,0,-1,2021,16.0,1,1,0,2,8,1,1,,3,VICTOR BORDIER(BOULEVARD),0,,3,4,0,1,7,800,1,, -1,1,0,1,50,13,9,1,95,95424,2,2,0,3,RD 14,48.99433,2.194701,19,4,2
202100052971,107Â 030,A01,10,3,2,5,0,-1,-1,5,1,2,2021,42.0,2,2,6,1,1,26,1,,3,AIGLON (Rue de l'),0,,2,2,0,1,10,520,1,, -1,2,0,1,50,30,1,2,62,62160,2,4,0,6,AIGLON (Rue de l'),50.739689,1.615845,17,3,2
202100009217,185Â 238,A01,4,2,1,5,1,-1,-1,-1,0,-1,2021,17.0,3,2,1,0,3,14,1,,4,MARAIS (AVENUE DES),0,,2,2,0,1,(1),(1),3,, -1,1,0,1,50,5,11,1,95,95252,2,1,0,3,MARAIS (AVENUE DES),48.9909095986,2.2230792046,15,6,2
202100004217,194Â 212,B01,1,1,1,0,2,6,-1,-1, -1,-1,2021,63.0,3,1,0,2,1,1,1,,4,                        (AV),0,,2,4,2,1,(1),(1),1,, -1,1,0,1,50,6,12,5,69,69388,2,2,0,3,JEAN MERMOZ (AV),45.73203,4.88278,17,2,2
202100044553,122Â 078,A01,2,2,2,0,1,0,-1,-1, -1,-1,2021,19.0,1,2,12,0,1,12,1,,4,LEFAUCHEUX PIERRE (BD),0,,1,4,0,1,0,0,3,, -1,2,3,3,50,9,4,1,72,72181,2,1,1,6,LEFAUCHEUX PIERRE (BD),47.97682,0.1707,18,3,1
202100005651,191Â 688,B01,1,1,2,1,2,6,-1,0,0,-1,2021,43.0,1,1,0,2,3,1,1,,4,RUE SAINT DOMINIQUE,0,,1,1,2,1,(1),(1),1,, -1,1,0,5,30,29,11,1,75,75107,2,2,0,3,RUE SAINT DOMINIQUE,48.859965,2.314838,8,2,2
202100032812,143Â 126,A01,2,2,1,5,8,0,-1,-1, -1,-1,2021,46.0,0,1,0,2,6,17,1,,4,LECONTE DE LISLE (AVENUE),0,,2,2,0,1,0,0,1,, -1,1,0,1,30,21,6,1,974,97411,2,1,0,5,LECONTE DE LISLE (AVENUE),-20.89555,55.48944,16,4,3
202100014332,176Â 087,A01,10,3,1,0,0,-1,-1,3,3,1,2021,65.0,3,2,0,1,0,1,1,,4,AV D ALSACE LORRAINE,0,,2,2,0,1,0,0,1,, -1,1,0,1,50,8,10,1,91,91479,2,1,0,6,AV D ALSACE LORRAINE,48.70869,2.36811,15,2,1
202100034428,140Â 191,A01,10,3,1,3,0,-1,-1,4,3,2,2021,11.0,2,2,0,1,1,16,1,,4,BOULEVARD SERURIER,0,,2,4,0,4,(1),(1),1,, -1,1,0,1,50,13,6,1,75,75119,2,3,0,6,BOULEVARD SERURIER,48.884505,2.394583,11,2,1
202100041746,126Â 992,B01,2,2,1,5,1,0,-1,-1, -1,-1,2021,33.0,1,2,0,2,7,1,1,,1,A50-Sens Marseille vers Aubagne,0,,1,3,0,1,26,500,1,, -1,1,0,1,90,30,4,1,13,13005,1,1,0,4,A50-Sens Marseille vers Aubagne,43.272986,5.588748,7,6,4
202100001684,198Â 784,A01,1,1,2,1,1,-1,-1,0, -1,-1,2021,22.0,2,2,0,2,7,1,1,,4,KEROURVOIS ROUTE DE,0,,2,8,0,1,(1),(1),1,, -1,1,5,3,50,28,5,1,29,29051,1,6,0,3,Route de Kerourvois,48.0045,-4.0586,16,2,2
202100028124,151Â 433,A01,1,1,1,5,1,8,-1,-1, -1,-1,2021,20.0,1,2,0,2,1,2,1,,2,165,0,,3,4,0,1,90,70,1,, -1,1,0,1,110,17,7,1,56,56083,1,1,0,4,N165 sens Nantes/Brest,47.788434,-3.2770948,17,7,3
202100036649,136Â 199,A01,10,3,2,5,0,-1,-1,4,3,1,2021,50.0,1,1,0,1,1,1,3,,4,AVENUE DES CHAMPS ELYSEES,0,,1,8,1,3,(1),(1),1,, -1,1,0,5,50,3,6,1,75,75108,2,3,0,6,AVENUE DES CHAMPS ELYSEES,48.871112,2.303521,14,2,1
202100009245,185Â 185,B01,1,1,1,0,8,0,-1,-1, -1,-1,2021,20.0,0,1,0,2,4,2,5,,4,AVENUE DE LA MORLIERE,0,,2,0,0,1,(1),(1),1,, -1,1,0,1,50,5,11,1,44,44114,2,1,0,2,AVENUE DE LA MORLIERE,47.25298,-1.59744,16,2,2
202100024649,157Â 597,A01,1,1,2,5,2,-1,-1,0,0,-1,2021,17.0,1,1,0,2,1,19,1,,4,,-1,,1,1,0,1,(1),(1),1,,3,1,0,1,30,3,8,2,40,40304,2,2,0,3,Avenue du Touring Club,43.657227,-1.429081,6,3,2
202100006627,189Â 945,B01,1,1,2,0,8,0,-1,-1, -1,-1,2021,20.0,2,1,0,2,1,1,5,,4,FRERES CAMORS DES,0,,-1,2,0,1,0,0,1,, -1,1,0,1,30,23,11,1,64,64445,2,3,0,3,FRERES CAMORS DES,43.31137,-0.36893,13,2,2
202100017487,170Â 365,B01,1,1,1,4,2,6,-1,0,0,-1,2021,20.0,1,1,0,2,1,7,1,,4,AVENUE KLEBER,0,,2,4,3,1,(1),(1),1,, -1,1,0,6,50,21,9,1,75,75116,2,1,0,3,AVENUE KLEBER,48.870416,2.292665,12,2,2
202100034162,140Â 696,B01,1,1,1,1,2,6,-1,0,0,-1,2021,62.0,2,1,0,2,1,1,0,,3,115,0,,2,2,0,1,15,381,1,, -1,1,0,1,80,15,6,1,17,17482,1,2,0,3,D115,46.150033,-0.809587,13,2,2
202100046527,118Â 618,A01,1,1,1,5,8,0,-1,-1, -1,-1,2021,20.0,3,1,0,0,0,1,3,,3,QUAI LIGNY,0,,2,4,0,1,1,0,1,, -1,1,0,1,50,26,3,5,49,49007,2,1,0,7,QUAI LIGNY,47.47058,-0.5615,5,1,1
202100005000,192Â 850,B01,1,1,1,4,1,-1,-1,-1, -1,-1,2021,51.0,1,5,0,2,4,2,1,,1,A7   15.770 A 20.110,0,,3,6,0,1,16,625,1,, -1,1,0,1,110,3,12,3,69,69297,1,1,0,2,A7 ,45.61643,4.81072,4,3,2
202100025255,156Â 514,B01,1,1,1,5,2,6,-1,-1, -1,-1,2021,17.0,2,1,0,2,1,1,1,,4,GARIBALDI (AVENUE),0,,2,2,0,1,0,0,1,, -1,2,0,1,50,6,8,1,87,87085,2,3,1,3,GARIBALDI (AVENUE),45.83519,1.26051,8,2,2
202100015909,173Â 233,A01,1,1,1,1,1,0,-1,-1, -1,-1,2021,26.0,1,2,0,2,3,21,1,,4,LOUBET JEAN LOUIS RUE,0,,2,2,0,2,(1),(1),1,, -1,1,0,1,50,29,9,1,42,42207,2,1,0,1,Rue Jean-Louis Loubet,45.47113,4.50575,12,2,2
202100043637,123Â 676,B01,2,2,1,0,1,0,-1,-1, -1,-1,2021,36.0,0,2,0,0,1,1,-1,,6,TOURAINE,0,,-1,-1,0,1,(1),(1),1,, -1,1,9,1,20,16,4,1,28,28218,2,9,0,3,TOURAINE,48.4353037,1.443360417,16,4,2
202100036193,136Â 997,B01,1,1,1,5,2,6,-1,-1, -1,-1,2021,46.0,1,1,0,2,1,1,1,,1,A50-Sens Marseille vers Aubagne,0,,3,2,0,1,2,500,1,, -1,1,3,1,70,4,6,1,13,13210,1,4,0,2,A50-Sens Marseille vers Aubagne,43.2851,5.42182,19,2,2
202100001228,199Â 575,B01,2,2,2,5,1,-1,-1,0,0,-1,2021,35.0,1,2,0,2,2,17,1,,1,6,-1,,3,5,0,1,347,0,1,, -1,2,0,1,130,28,12,4,71,71249,1,1,1,3,A6,46.657279,4.856343,18,6,2
202100029128,149Â 685,A01,2,2,2,3,1,0,-1,-1, -1,-1,2021,51.0,3,2,0,2,8,19,1,,6,MAGINOT (AV. ANDRE),0,,-1,-1,0,1,(1),(1),1,, -1,2,9,1,50,13,7,1,37,37261,2,1,0,3,MAGINOT (AV. ANDRE),47.425575858,0.6992197037,15,4,2
202100013080,178Â 361,B01,1,1,2,5,8,0,-1,-1, -1,-1,2021,65.0,0,1,0,2,1,1,5,,4,RUE DE LA CALIFORNIE,0,,2,0,0,1,(1),(1),1,, -1,1,0,1,30,15,10,1,44,44143,2,1,0,5,RUE DE LA CALIFORNIE,47.19226,-1.58393,16,3,3
202100053518,106Â 053,A01,1,1,2,3,1,-1,-1,0,0,-1,2021,64.0,2,2,2,0,8,1,1,,3,28,0,D,2,2,0,2,27,500,3,, -1,7,0,1,80,27,1,1,63,63007,1,1,0,6,ZaniÃ¨re,45.37679486,3.13359886,10,1,1
202100036973,135Â 610,A01,1,1,2,0,8,-1,-1,-1, -1,-1,2021,60.0,2,1,0,0,0,1,3,,3,CAVEE VERTE (RUE DE LA),0,,2,5,2,1,4,800,1,, -1,1,0,1,50,1,6,1,76,76351,2,5,0,7,Rue de la CavÃ©e Verte,49.50552,0.1149,9,1,1
202100055445,102Â 749,A01,1,1,1,0,8,0,-1,-1, -1,-1,2021,24.0,1,2,0,2,1,1,1,,3,RTE D ORLEANS,0,,3,6,0,2,0,0,1,, -1,1,0,1,50,11,1,5,91,91425,2,2,0,3,RTE D ORLEANS RN 20,48.64045,2.26845,1,2,2
202100028891,150Â 080,A01,1,1,1,4,1,-1,-1,0,0,-1,2021,37.0,1,5,3,2,2,2,1,,3,137,-1,,3,4,0,1,84,250,1,, -1,1,0,1,110,15,7,2,35,35226,1,1,0,2,RD 137,48.386601,-1.903041,5,2,2
202100045056,121Â 194,A01,1,1,1,0,2,6,9,0,0,-1,2021,47.0,2,1,0,2,1,17,1,,3,1201,0,D,2,2,0,1,2,70,1,, -1,1,0,1,80,6,4,1,74,74233,1,1,0,2,1172 Rte d'Annecy,45.808537,5.98288,17,2,2
202100017956,169Â 531,A01,1,1,1,5,2,6,9,0,0,-1,2021,21.0,1,1,12,0,7,9,1,,3,33,0,,1,1,0,1,0,0,1,, -1,1,3,1,50,20,9,3,14,14630,1,6,0,6,D33,49.253843,-0.649062,22,1,1
202100001468,199Â 162,B01,1,1,1,0,-1,0,-1,0,0,-1,2021,33.0,2,1,0,2,1,1,1,,4,LECLERC (AVENUE DU MARECHAL),0,,2,1,0,1,1,0,1,, -1,2,0,1,50,23,12,5,47,47323,2,1,0,3,LECLERC (AVENUE DU MARECHAL),44.401408,0.705588,5,2,2
202100049161,113Â 881,B01,2,2,1,5,8,-1,-1,0,0,-1,2021,25.0,1,2,2,2,4,0,1,,3,777,0,D,2,2,0,1,74,50,1,, -1,1,0,1,80,6,3,2,35,35328,1,1,0,2,Les Besniauds,47.792521,-2.019668,7,3,2
202100038817,132Â 234,A01,2,2,1,5,1,-1,-1,0,0,-1,2021,18.0,0,2,6,0,2,1,1,,4,,-1,,2,2,0,1,(1),(1),1,, -1,1,0,8,80,22,5,1,47,47252,1,1,0,6,pomarede,44.409796,0.610943,18,2,1
202100047077,117Â 621,A01,1,1,1,0,0,-1,-1,0,0,-1,2021,23.0,2,1,0,2,1,21,1,,3,8,0,A,2,2,0,2,0,100,1,, -1,1,0,1,50,22,3,1,972,97221,2,1,0,6,Rue du Morne Costet,14.523966,-60.974786,17,3,3
202100030589,147Â 076,B01,1,1,2,5,1,5,-1,-1, -1,-1,2021,68.0,1,2,0,2,7,1,1,,2,20 (R.N.) COTE NORD DU TUNNEL,0,,2,2,0,1,36,456,1,, -1,1,8,1,70,1,7,1,9,9013,1,1,0,4,20 (R.N.) COTE NORD DU TUNNEL,42.980849,1.62322,16,5,5
202100039323,131Â 311,A01,1,1,1,5,2,0,-1,-1, -1,-1,2021,17.0,2,1,0,2,1,17,1,,3,AV DU GENERAL DE GAULLE ,0,,2,2,0,1,1,0,1,, -1,2,0,1,50,19,5,1,94,94067,2,3,0,3,Avenue du GÃ©nÃ©ral de Gaulle,48.840156,2.417582,19,2,2
202100042537,125Â 592,A01,1,1,1,5,2,-1,-1,0,0,-1,2021,63.0,1,1,0,0,7,2,5,,3,3,0,D,2,2,0,2,10,5,2,, -1,1,0,1,70,27,4,1,5,5127,1,1,0,7,D3,44.486176,6.273435,11,1,1
202100047278,117Â 253,B01,1,1,1,5,2,-1,-1,0,0,-1,2021,25.0,2,1,0,2,1,2,1,,4,,-1,,2,2,0,1,(1),(1),1,, -1,1,0,1,50,20,3,1,974,97401,2,1,0,2,Chemin Edouard RiviÃ¨re,-21.235012,55.337622,18,2,2
202100046752,118Â 205,A01,10,3,1,0,0,-1,-1,5,3,1,2021,82.0,2,0,0,1,2,19,1,,3,PASTEUR,0,,1,1,0,1,(1),(1),1,, -1,1,0,1,50,19,3,1,59,59155,2,9,0,6,PASTEUR,51.01873,2.37937,17,2,1
202100020701,164Â 626,A01,1,1,1,5,1,8,-1,-1, -1,-1,2021,24.0,2,2,8,0,1,19,1,,4,,0,,2,2,0,2,(1),(1),4,, -1,1,5,4,50,5,9,5,25,25056,2,4,0,6,BELFORT RUE DE BELFORT (sup 144)4,47.254698,6.039436,5,1,1
202100008173,187Â 112,B01,1,1,1,5,2,-1,-1,0,0,-1,2021,60.0,3,1,0,2,8,15,5,,3,139,0,,2,2,0,1,13,100,2,,4,1,0,1,80,15,11,1,76,76595,1,4,0,6,dÃ©partementale 139,49.635672,0.190507,12,2,2
202100055482,102Â 678,A01,1,1,1,4,2,0,-1,-1, -1,-1,2021,26.0,1,1,0,0,0,1,1,,4,FAURE QUAI,0,,-1,2,0,1,1,0,1,, -1,1,0,1,30,11,1,2,49,49007,2,1,0,7,FAURE QUAI,47.48003,-0.55123,8,1,1
202100048301,115Â 418,A01,10,3,2,5,0,-1,-1,1,3,1,2021,68.0,2,2,0,1,0,2,1,,3,ROGER SALENGRO (R),0,,2,2,0,1,1,0,2,, -1,2,0,1,30,12,3,5,94,94044,2,1,1,6,ROGER SALENGRO (R),48.75139,2.48819,20,2,1
202100031316,145Â 762,B01,1,1,1,4,1,0,-1,-1, -1,-1,2021,56.0,2,4,0,2,0,0,1,,3,JEAN COMPAGNON (QU),0,,2,2,0,1,0,0,1,, -1,1,0,1,50,2,7,5,94,94041,2,1,0,3,Quai Jean Compagnon,48.82078,2.39545,6,2,2
202100026815,153Â 791,B01,1,1,1,1,8,0,-1,-1, -1,-1,2021,21.0,2,1,0,2,7,1,5,,4,CESSART (ROND-POINT),0,,1,1,0,1,0,0,2,, -1,1,0,1,50,26,7,1,49,49328,2,6,0,3,CESSART (ROND-POINT),47.26134,-0.07668,7,2,2
202100027151,153Â 182,A01,1,1,1,5,2,6,-1,0,0,-1,2021,18.0,2,1,0,0,1,1,1,,3,115,0,,2,2,0,1,111,(1),1,, -1,1,0,1,80,24,7,1,28,28180,1,1,0,7,D115,48.907777,1.519364,12,1,1