Num_Acc,id_vehicule,num_veh,place,catu,sexe,trajet,secu1,secu2,secu3,locp,actp,etatp,year_acc,victim_age,senc,catv,obs,obsm,choc,manv,motor,occutc,catr,voie,v1,v2,circ,nbv,vosp,prof,pr,pr1,plan,lartpc,larrout,surf,infra,situ,vma,jour,mois,lum,dep,com,agg_,int,atm,col,adr,lat,long,hour,nb_victim,nb_vehicules
202100033929,141Â 113,A01,1,1,2,5,1,-1,-1,0,0,-1,2021,89.0,1,2,0,0,8,19,1,,3,86,-1,,2,2,0,1,13,975,1,, -1,1,5,1,80,18,6,1,49,49228,1,2,0,3,coquelival,47.527721,0.19063,9,2,2
202100026805,153Â 812,A01,1,1,1,0,1,0,-1,0,0,-1,2021,35.0,1,2,0,2,1,2,1,,7,POURLIAT (ROND-POINT DU),0,,3,4,0,1,(1),(1),1,, -1,1,0,1,50,22,7,1,63,63032,2,6,0,2,POURLIAT (ROND-POINT DU),45.74747,3.09479,14,2,2
202100030472,147Â 302,B01,1,1,1,0,2,-1,-1,0,0,-1,2021,23.0,2,1,0,2,1,1,1,,3,930,0,D,2,2,0,1,53,940,1,, -1,1,0,1,80,7,7,1,60,60111,1,2,0,2,,49.631492,2.450584,19,2,2
202100052000,108Â 761,A01,10,3,1,5,0,-1,-1,6,1,2,2021,25.0,0,2,1,0,1,1,1,,3,LOUIS PASTEUR (AVENUE),0,,2,2,0,1,(1),(1),1,, -1,2,0,1,50,7,2,5,80,80256,2,1,1,6,LOUIS PASTEUR (AVENUE),49.915,2.2313,5,3,1
202100035632,138Â 026,A01,1,1,1,9,2,6,9,0,0,-1,2021,45.0,1,1,0,0,0,1,1,,3,31,-1,,2,2,0,1,0,770,1,, -1,1,0,8,70,9,6,1,89,89295,1,1,0,7,DÃ©partementale 31,47.816234,3.554127,13,1,1
202100038650,132Â 549,B01,1,1,1,5,2,6,-1,0,0,-1,2021,31.0,2,1,0,2,1,1,1,,4,RUE DU FAUBOURG SAINT MARTIN,0,,2,3,3,2,(1),(1),1,, -1,1,0,1,50,23,5,1,75,75110,2,3,0,3,RUE DU FAUBOURG SAINT MARTIN,48.874917,2.359005,13,3,2
202100018985,167Â 697,B01,1,1,1,9,2,6,-1,0,0,-1,2021,52.0,2,1,0,2,5,1,1,,4,AVENUE DE LA PORTE D AUBERVILLIERS,0,,3,3,0,1,(1),(1),1,, -1,2,0,1,30,14,9,2,75,75118,2,3,1,3,AVENUE DE LA PORTE D AUBERVILLIERS,48.899847,2.37025,7,2,2
202100045406,120Â 567,A01,1,1,1,5,2,8,-1,-1, -1,-1,2021,15.0,2,1,0,2,5,15,1,,2,RN 151,0,,2,2,0,1,31,780,1,, -1,1,5,1,50,1,4,1,18,18213,1,3,0,3,RN 151,47.09803,2.46838,19,2,2
202100030964,146Â 407,B01,1,1,2,5,1,-1,-1,-1,0,-1,2021,43.0,2,2,0,2,4,1,1,,1,AUTOROUTE A15,0,,3,4,0,1,23,0,1,, -1,2,0,1,90,3,7,1,95,95500,1,1,1,3,A15,49.03604,2.0951,18,3,2
202100028168,151Â 348,A01,1,1,1,9,1,0,-1,0,0,-1,2021,29.0,2,2,0,2,4,2,1,,4,BOULEVARD DU TEMPLE,0,,2,4,0,1,(1),(1),1,, -1,1,0,1,50,19,7,1,75,75111,2,3,0,2,BOULEVARD DU TEMPLE,48.863759,2.366325,18,3,2
202100034060,140Â 880,A01,1,1,1,1,8,-1,-1,-1, -1,-1,2021,43.0,1,1,0,2,1,1,3,,4,DE GAULLE (AVENUE GENERAL),0,,2,2,1,1,(1),(1),1,, -1,2,-1,5,50,16,6,1,35,35278,2,9,1,3,DE GAULLE (AVENUE GENERAL),48.152538,-1.686086,17,2,2
202100012032,180Â 202,A01,1,1,1,0,2,6,-1,-1, -1,-1,2021,41.0,1,1,0,2,8,1,1,,4,VILLENEUVE (RUE),0,,1,2,0,2,0,0,1,, -1,1,0,1,50,20,10,1,13,13201,2,2,0,3,VILLENEUVE (RUE),43.30175,5.3825,14,2,2
202100029324,149Â 347,A01,1,1,1,9,2,6,-1,0,0,-1,2021,36.0,3,1,0,2,5,23,1,,4,PLACE D ALLERAY,0,,1,1,0,1,(1),(1),1,, -1,2,0,1,50,12,7,1,75,75115,2,7,0,2,PLACE D ALLERAY,48.836443,2.306522,20,2,2
202100037938,133Â 854,B01,1,1,1,5,2,6,-1,0,0,-1,2021,73.0,1,1,0,2,2,1,5,,3,28,0,,2,2,0,1,(1),(1),2,,4,1,0,1,80,22,4,1,22,22093,1,3,0,3,D28,48.484962,-2.460503,11,2,2
202100034035,140Â 924,A01,1,1,1,0,8,0,-1,-1, -1,-1,2021,27.0,1,1,0,2,8,2,5,,4,GAMBETTA (RUE) NÂ° IMP 63 A 147,0,,1,0,0,1,0,0,3,, -1,1,0,1,50,15,6,1,72,72181,2,1,0,3,GAMBETTA (RUE) NÂ° IMP 63 A 147,48.00724,0.18922,18,2,2
202100009012,185Â 609,A01,1,1,1,5,0,-1,-1,0,0,-1,2021,20.0,3,2,2,0,1,1,1,,3,117.7,-1,,2,2,0,2,(1),(1),4,, -1,1,0,8,80,7,11,3,28,28046,1,1,0,7,route dÃ©partementale  117.7,48.691258,0.89589,21,1,1
202100041194,127Â 967,A01,1,1,1,1,1,-1,-1,0,0,-1,2021,23.0,1,5,6,0,1,14,1,,2,4,0,,1,4,0,1,8,0,1,, -1,1,2,3,110,7,5,1,54,54162,1,1,0,6,route nationale 4,48.6561600114,5.8418512346,8,3,1
202100036658,136Â 186,B01,1,1,1,0,8,0,-1,-1, -1,-1,2021,17.0,3,0,0,2,1,2,3,,4,CASANOVA DANIELLE NR 52-SUIV ET 21-SUIV,0,,2,2,0,1,0,1,1,, -1,1,5,1,50,3,6,1,93,93066,2,1,0,2,Rue Danielle Casanova,48.92642,2.36634,12,2,2
202100029184,149Â 585,B01,1,1,1,4,2,6,-1,-1, -1,-1,2021,34.0,2,1,0,0,8,17,1,,4,,0,,2,2,0,1,0,0,1,, -1,2,0,1,30,13,7,1,92,92012,2,3,1,7,SEVRES (RUE DE) 1/55 - 2/40,48.83992,2.22852,20,2,2
202100001554,199Â 030,A01,1,1,1,5,8,-1,-1,0,0,-1,2021,60.0,2,5,6,0,0,0,0,,3,219,0,D,2,2,0,1,28,200,1,, -1,2,0,3,80,25,12,1,7,7152,1,1,1,6,D219,45.042491,4.823339,10,1,1
202100020315,165Â 326,A01,1,1,1,0,2,6,-1,0,0,-1,2021,32.0,2,1,0,2,1,1,1,,4,GIOFFREDO (R.),0,,1,1,1,1,(1),(1),1,, -1,1,0,1,50,7,9,1,6,6088,2,2,0,3,GIOFFREDO (R.),43.702151,7.2765,10,3,2
202100040442,129Â 318,A01,3,2,2,0,1,0,-1,-1, -1,-1,2021,36.0,2,2,0,2,4,23,1,,3,MONTAGNE (ROUTE DE LA),0,,2,2,0,2,5,550,1,, -1,1,0,1,70,10,5,1,974,97411,1,1,0,2,Route de la montagne,-20.888816,55.436282,10,5,2
202100031994,144Â 557,A01,1,1,1,1,2,6,-1,0,0,-1,2021,27.0,2,1,0,0,7,1,1,,4,BOULEVARD BEAUMARCHAIS,0,,2,4,3,1,(1),(1),1,, -1,2,0,1,50,27,6,1,75,75103,2,1,1,7,BOULEVARD BEAUMARCHAIS,48.8596,2.36733,12,1,1
202100046184,119Â 218,A01,2,2,2,5,8,-1,-1,0,0,-1,2021,70.0,1,2,1,0,1,12,1,,1,77,-1,,3,4,0,1,41,900,1,, -1,1,0,2,130,30,3,1,45,45242,1,1,0,6,Autoroute 77-Pk 41+900,47.875505,2.691661,14,2,1
202100054805,103Â 832,B01,2,2,2,3,1,-1,-1,0,0,-1,2021,57.0,3,2,0,2,3,1,1,,3,,-1,,2,2,0,1,(1),(1),1,, -1,2,0,1,50,6,1,2,57,57618,2,3,1,3,Rue Freyfeld,48.717353,7.187467,16,5,2
202100034373,140Â 299,A01,1,1,2,3,1,-1,-1,0,0,-1,2021,78.0,1,2,0,2,8,1,1,,3,36,-1,,2,2,0,1,13,300,1,, -1,1,0,1,80,16,6,1,21,21567,1,2,0,3,D36,47.112809,4.487143,13,2,2
202100002718,196Â 912,A01,1,1,1,0,8,0,-1,-1, -1,-1,2021,79.0,2,2,0,2,1,0,1,,1,AUTOROUTE A6B,0,,1,3,0,1,5,199,1,, -1,1,0,1,90,16,12,5,94,94021,1,1,0,2,AUTOROUTE A6B,48.771,2.34585,19,2,2
202100038622,132Â 602,A01,2,2,1,5,1,0,-1,-1, -1,-1,2021,19.0,1,2,3,0,2,14,1,,3,PREM DIV FRANCAISE LIBRE (BD),0,,3,2,0,1,3,500,1,, -1,2,0,1,90,23,5,3,72,72095,1,1,1,6,PREM DIV FRANCAISE LIBRE (BD),48.0296,0.2168,3,2,1
202100052547,107Â 793,B01,4,2,1,0,1,0,-1,-1, -1,-1,2021,22.0,1,2,0,2,4,1,1,,3,RD 612,0,,-1,2,0,1,18,578,1,, -1,1,0,1,80,12,1,2,34,34108,1,1,0,4,RD 612,43.4453,3.7631,16,5,3
202100035874,137Â 560,A01,10,3,2,9,0,-1,-1,2,3,1,2021,51.0,2,2,0,1,1,19,1,,3,GENERAL DE GAULLE (AVENUE),0,,2,2,0,1,(1),(1),1,, -1,1,0,1,50,7,6,1,971,97113,1,1,0,6,GENERAL DE GAULLE (AVENUE),16.20603,-61.49635,8,2,1
202100009811,184Â 159,A01,1,1,1,4,2,6,-1,0,0,-1,2021,32.0,1,1,0,0,1,1,1,,4,QUAI BRANLY,0,,2,-1,1,1,(1),(1),1,, -1,1,0,1,30,2,11,5,75,75107,2,3,0,7,QUAI BRANLY,48.857493,2.291025,19,1,1
202100043047,124Â 729,A01,1,1,1,5,1,0,-1,-1, -1,-1,2021,38.0,1,2,8,0,1,26,1,,4,BERTHAUCOURT (RUE DE),0,,2,0,0,2,0,0,3,, -1,1,0,4,50,22,4,5,8,8105,2,1,0,6,BERTHAUCOURT (RUE DE),49.76082,4.74111,2,2,1
202100000471,200Â 864,A01,10,3,2,5,0,-1,-1,9,3,1,2021,55.0,3,2,0,1,1,9,1,,6,GUTENBERG (RUE),0,,-1,-1,0,1,(1),(1),1,, -1,2,0,1,10,14,11,1,37,37122,2,1,1,6,GUTENBERG (RUE),47.3488856992,0.6479999099,12,3,1
202100010053,183Â 727,A01,10,3,2,5,0,-1,-1,9,B,2,2021,35.0,1,2,0,1,7,21,0,,4,COTE DU NORD (RUE DE LA),0,,2,2,0,1,1,0,1,, -1,2,6,1,50,31,10,5,93,93048,2,1,1,3,COTE DU NORD (RUE DE LA),48.8622888708,2.4732945939,20,4,2
202100037566,134Â 517,B01,1,1,1,0,2,0,-1,-1, -1,-1,2021,25.0,1,1,0,2,1,21,1,,3,SAINTE GENEVIEVE (RUE),0,,2,0,0,3,0,0,1,, -1,1,0,1,50,28,5,1,91,91570,2,5,0,3,ACACIAS (ALLEE DES),48.63816,2.31255,19,2,2
202100024367,158Â 125,A01,10,3,2,5,0,-1,-1,4,3,1,2021,73.0,3,2,0,1,1,1,1,,3,235,-1,D,2,2,0,2,8,580,1,, -1,1,0,6,50,13,8,5,61,61483,2,9,0,6,6 Avenue Robert Cousin,48.557711,-0.418671,21,2,1
202100051207,110Â 144,B01,1,1,1,2,1,-1,-1,0,0,-1,2021,20.0,1,2,3,2,1,14,1,,3,177,-1,,3,4,0,1,78,500,1,, -1,7,0,1,110,11,2,3,35,35013,1,1,1,2,D177,47.693434,-2.047963,19,5,2
202100039258,131Â 436,A01,1,1,1,0,2,0,-1,-1, -1,-1,2021,63.0,1,1,1,0,1,18,1,,1,Bretelle sortie A1,0,,2,7,3,1,0,300,1,, -1,1,0,1,90,19,5,1,972,97209,1,1,0,2,Bretelle sortie A1,14.61473,-61.04664,9,2,2
202100047050,117Â 671,B01,1,1,2,0,8,0,-1,0,0,-1,2021,12.0,1,1,0,2,8,19,3,,4,FALAISE (RUE DE  - 90-142 IMPAIR - 95),0,,2,2,0,1,1,0,1,, -1,1,0,1,50,22,3,1,14,14118,2,1,0,1,Rue de Falaise,49.16331,-0.3494,8,2,2
202100038494,132Â 835,A01,1,1,1,0,2,6,-1,-1, -1,-1,2021,41.0,1,1,0,2,1,1,1,,1,AUTOROUTE A86,0,,3,7,0,1,13,0,1,, -1,1,0,1,90,25,5,1,93,93066,1,1,0,2,AUTOROUTE A86,48.92256,2.34809,10,2,2
202100048198,115Â 604,A01,1,1,2,0,1,-1,-1,0,0,-1,2021,22.0,2,2,3,0,7,1,1,,1,320,0,,3,4,0,1,13,200,1,, -1,7,0,2,110,13,3,1,57,57659,1,1,1,6,autoroute A320,49.201995,6.949217,16,1,1
202100035350,138Â 520,B01,1,1,1,4,1,0,-1,-1, -1,-1,2021,22.0,1,1,0,2,1,15,0,,3,PERI RUE GABRIEL AUTRES NÂ°,0,,2,3,0,1,0,1,1,, -1,1,5,1,50,9,6,1,92,92049,2,3,0,1,REPUBLIQUE AVENUE DE LA NÂ°2 A 90,48.8185068839,2.3196333647,14,2,2
202100022978,160Â 556,B01,1,1,1,5,0,-1,-1,0,0,-1,2021,34.0,1,1,0,2,1,1,1,,3,102,-1,,2,2,0,1,(1),(1),1,, -1,1,0,1,50,20,8,2,971,97128,1,1,0,3,Berard,16.2604035833,-61.3613677025,18,2,2
202100040918,128Â 483,A01,4,2,1,2,1,0,-1,-1, -1,-1,2021,5.0,1,2,0,2,1,2,1,,4,CHURCHILL (BOULEVARD WINSTON),0,,3,4,0,1,(1),(1),1,, -1,1,0,1,50,7,5,1,37,37261,2,1,0,2,CHURCHILL (BOULEVARD WINSTON),47.3736177659,0.6791225287,8,4,2
202100005234,192Â 426,A01,10,3,1,2,0,-1,-1,1,3,1,2021,11.0,3,2,0,1,2,1,1,,4,OISE (BOULEVARD DE L'),0,,2,2,0,1,(1),(1),1,, -1,2,2,1,50,1,12,1,95,95127,2,1,1,6,OISE (BOULEVARD DE L'),49.04642,2.04072,15,2,1
202100023935,158Â 848,B01,1,1,1,5,2,6,-1,0,0,-1,2021,16.0,2,1,8,0,1,1,1,,3,102,0,D,2,2,0,1,3,810,1,, -1,1,0,3,80,16,8,1,79,79010,1,3,0,7,Route du Vanneau,46.296718,-0.67258,14,3,2
202100015941,173Â 170,A01,1,1,1,2,2,6,-1,0,0,-1,2021,52.0,2,1,0,2,1,2,1,,4,BOULEVARD SAINT GERMAIN,0,,1,3,0,1,(1),(1),1,, -1,2,0,1,30,29,9,1,75,75105,2,2,1,2,BOULEVARD SAINT GERMAIN,48.8495034053,2.3528393849,13,3,2
202100055543,102Â 573,A01,1,1,1,4,2,6,-1,-1, -1,-1,2021,21.0,1,1,0,2,1,1,1,,4,MARECHAL DE LATTRE DE TASSIGNY (AV),0,,2,4,0,1,0,1,1,, -1,1,0,1,50,10,1,5,94,94022,2,2,0,3,MARECHAL DE LATTRE DE TASSIGNY (AV),48.75788,2.40423,20,3,2
202100039112,131Â 718,A01,1,1,1,4,2,6,-1,-1, -1,-1,2021,21.0,2,1,0,4,7,19,1,,4,PCE JEAN JAURES,0,,2,3,0,1,(1),(1),1,, -1,1,5,6,50,19,5,1,33,33063,2,7,0,3,Place Jean JaurÃ¨s,44.84329,-0.57037,20,2,2
202100016620,171Â 926,B01,1,1,2,9,8,0,-1,0,0,-1,2021,23.0,3,1,0,2,1,2,5,,4,MORISSON SQUARE,0,,1,0,0,1,(1),(1),2,, -1,1,0,1,50,3,9,1,59,59350,2,9,0,6,MORISSON SQUARE,50.63467,3.06108,14,2,2
202100026792,153Â 831,A01,1,1,2,5,1,0,-1,-1, -1,-1,2021,31.0,1,2,8,0,1,1,1,,3,TOURS (ROUTE DE),0,,2,2,2,1,27,450,2,, -1,1,-1,1,50,27,7,1,73,73011,2,1,0,6,D990 Route de Tours,45.6686293399,6.4048978686,18,3,1
202100031874,144Â 781,B01,1,1,1,1,1,-1,-1,-1, -1,-1,2021,50.0,2,2,0,2,8,1,1,,4,FREVILLE (AVENUE HENRI),0,,3,4,0,1,(1),(1),1,, -1,2,5,1,50,28,6,1,35,35238,2,2,1,3,FREVILLE (AVENUE HENRI),48.0836,-1.67446,12,2,2
202100054391,104Â 540,A01,1,1,1,4,1,-1,-1,0,0,-1,2021,86.0,1,5,7,2,3,17,1,,3,674,-1,,2,2,0,1,58,650,1,, -1,1,0,1,90,20,1,1,52,52306,1,3,0,1,D674,48.262756,5.386219,16,4,2
202100050016,112Â 341,B01,1,1,1,5,2,0,-1,-1, -1,-1,2021,68.0,1,1,0,2,1,1,5,,3,MARECHAL JUIN,0,,2,4,0,1,(1),(1),1,, -1,1,0,1,30,25,2,1,58,58194,2,3,0,3,MARECHAL JUIN,47.00436,3.1538,13,2,2
202100031510,145Â 436,A01,10,3,1,5,0,-1,-1,2,9,1,2021,63.0,1,5,0,1,2,1,1,,3,77,0,,2,2,0,1,(1),(1),3,, -1,1,0,1,50,24,6,1,67,67379,2,1,0,6,1 Rue de l Eglise,48.943855,7.8043,14,2,1
202100001700,198Â 749,A01,10,3,2,0,0,-1,-1,2,3,2,2021,15.0,2,5,0,1,2,17,1,,4,PONTREAU (RUE DU),0,,2,2,0,1,(1),(1),1,, -1,1,0,1,50,21,12,5,86,86194,2,1,0,6,Rue du Pontreau,46.568061,0.355765,17,3,1
202100041545,127Â 344,A01,1,1,1,5,2,8,-1,-1, -1,-1,2021,30.0,2,6,0,2,2,1,1,,3,731,0,,2,2,0,1,11,805,1,0,7,1,0,1,50,2,5,1,16,16089,2,3,0,3,Avenue de Barbezieux,45.680703,-0.328473,17,3,2
202100008646,186Â 292,A01,1,1,2,5,1,-1,-1,0,0,-1,2021,18.0,2,2,2,0,0,0,1,,3,126,0,D,2,2,0,1,3,200,1,, -1,2,0,1,80,10,11,3,30,30012,1,1,1,6,D126,43.888233,4.649146,22,2,1
202100044493,122Â 166,B01,1,1,1,1,2,8,-1,-1, -1,-1,2021,51.0,2,1,14,2,3,1,5,,2,"CHARLES DE GAULLE (AVENUE, NÂ° 18 A 116)",0,,1,1,1,1,0,0,1,, -1,1,0,5,5,9,4,1,92,92051,2,1,0,2,"CHARLES DE GAULLE (AVENUE, NÂ° 18 A 116)",48.8814843116,2.2716245055,10,2,2
202100014636,175Â 552,B01,1,1,1,5,8,0,-1,0,0,-1,2021,13.0,1,0,0,2,8,19,3,,4,RUE DE TOLBIAC,0,,2,3,3,1,(1),(1),1,, -1,1,0,6,30,6,10,5,75,75113,2,3,0,3,RUE DE TOLBIAC,48.827105,2.367132,20,2,2
202100029496,149Â 070,A01,1,1,1,5,1,-1,-1,0,0,-1,2021,34.0,1,2,0,2,1,13,1,,2,15,-1,,2,2,0,1,4,720,2,, -1,1,0,1,80,11,7,3,31,31255,1,1,0,1,N125,43.046691,0.591223,3,2,2
202100000767,200Â 343,B01,1,1,2,5,1,8,-1,-1, -1,-1,2021,37.0,1,2,0,2,4,2,1,,2,AGEN (ROUTE D'),0,,2,2,0,1,47,200,1,, -1,1,0,1,50,31,12,2,32,32013,2,1,0,2,AGEN (ROUTE D'),43.66283,0.59943,8,2,2
202100005063,192Â 727,A01,1,1,1,5,1,0,-1,-1, -1,-1,2021,19.0,1,2,5,0,1,1,1,,1,A87N,0,,3,4,0,1,1,0,1,, -1,1,0,1,90,1,12,1,49,49246,2,1,0,6,A87N,47.42587,-0.50379,10,1,1
202100039073,131Â 795,A01,1,1,1,1,2,6,-1,-1, -1,-1,2021,52.0,2,1,0,2,1,3,1,,2,6,0,,1,2,0,1,0,100,1,, -1,1,0,1,90,20,5,1,91,91421,1,1,0,3,NATIONALE 6 (PARTIE FORET),48.68989,2.46524,17,2,2
202100001608,198Â 926,B01,1,1,1,9,2,6,-1,0,0,-1,2021,16.0,3,1,0,2,1,26,1,,4,CLEMENCEAU AVENUE GEORGES,0,,2,-1,0,1,(1),(1),1,, -1,1,0,1,50,23,12,1,26,26362,2,1,0,3,Avenue Georges ClÃ©menceau,44.936491,4.898527,12,2,2
202100009560,184Â 616,A01,1,1,1,0,1,0,-1,-1, -1,-1,2021,29.0,2,2,0,2,1,2,1,,1,AUTOROUTE A104,0,,1,6,0,1,3,799,1,, -1,2,0,1,90,4,11,3,93,93078,1,1,1,4,AUTOROUTE A104,48.95848,2.53321,7,3,3
202100055060,103Â 392,A01,1,1,2,0,1,7,-1,-1, -1,-1,2021,32.0,1,2,0,2,1,26,1,,2,RD 569,0,,2,2,0,1,5,200,1,, -1,1,9,1,80,14,1,1,13,13047,1,1,0,2,N 569,43.484508,4.963097,13,2,2
202100036290,136Â 813,B01,2,2,2,5,1,-1,-1,0,0,-1,2021,27.0,2,2,0,0,6,1,1,,1,A9,0,A,1,3,0,2,228,700,1,, -1,1,0,1,130,6,6,1,66,66190,1,1,0,2,autoroute A9 PK 228+700 sens Perpignan- Narbonne,42.867283,2.98193,13,4,2
202100031976,144Â 588,A01,1,1,2,5,8,0,-1,-1, -1,-1,2021,59.0,0,1,0,2,1,5,5,,4,COURPOURON (QUAI H.),0,,1,1,0,1,(1),(1),1,, -1,1,0,1,50,27,6,1,34,34003,2,3,0,1,COURPOURON (QUAI H.),43.28611,3.44505,12,2,2
202100051322,109Â 933,B01,1,1,1,4,2,8,-1,-1, -1,-1,2021,31.0,2,1,0,2,8,1,1,,3,JEAN JAURES (AV),0,,2,2,0,1,1,0,1,, -1,2,0,1,50,16,2,5,94,94081,2,2,1,1,JEAN JAURES (AV),48.79444,2.40226,18,2,2
202100001894,198Â 411,A01,10,3,1,4,0,-1,-1,5,9,1,2021,51.0,1,2,15,1,2,15,0,,4,SAINTE MARGUERITE (BOULEVARD),0,,2,7,3,1,0,0,3,, -1,1,0,1,50,21,12,1,13,13209,2,1,0,1,SAINTE MARGUERITE (BOULEVARD),43.2627086277,5.4123867165,10,3,2
202100007518,188Â 321,A01,1,1,1,4,1,-1,-1,0,0,-1,2021,46.0,3,4,1,1,1,26,1,,7,,-1,,-1,2,0,1,(1),(1),1,,5,1,9,1,50,18,11,1,13,13110,2,1,0,5,Parking carrefour market,43.451778,5.679685,10,5,4
202100000948,200Â 057,A01,1,1,2,0,1,0,-1,-1, -1,-1,2021,22.0,1,2,3,0,9,1,1,,1,A7-Sens Marseille vers Lyon,0,,1,2,0,1,262,399,1,, -1,1,0,1,110,30,12,1,13,13117,1,1,0,5,A7-Sens Marseille vers Lyon,43.43002,5.25988,9,1,1
202100051446,109Â 739,B01,2,2,2,5,1,0,-1,0,0,-1,2021,43.0,1,2,0,2,4,2,1,,4,GEORGES POMPIDOU ( BD),0,,2,3,0,1,0,1,1,, -1,1,0,1,50,13,2,1,5,5061,2,1,0,2,GEORGES POMPIDOU ( BD),44.55585,6.078359,13,6,2
202100014445,175Â 879,A01,1,1,1,0,2,0,-1,-1, -1,-1,2021,35.0,2,1,0,2,3,26,1,,4,,0,,-1,2,0,1,0,0,1,, -1,1,0,1,30,8,10,1,92,92064,2,3,0,3,MONT VALERIEN,48.852477,2.216289,12,2,2
202100055726,102Â 255,A01,2,2,2,5,1,-1,-1,0,0,-1,2021,20.0,1,2,2,0,1,1,1,,3,62,0,A,2,2,0,1,5,700,1,, -1,7,0,1,80,9,1,3,1,1202,1,1,0,6,D62a,45.877872,5.30513,18,2,1
202100023260,160Â 039,B01,2,2,1,0,8,0,-1,-1, -1,-1,2021,14.0,3,1,0,2,0,0,0,,4,LANGEVIN. RUE PAUL,0,,2,-1,0,1,0,0,1,, -1,1,0,1,50,20,8,1,76,76575,2,9,0,6,LANGEVIN. RUE PAUL,49.38654,1.090922,19,3,2
202100045165,121Â 001,A01,1,1,1,9,2,-1,-1,0,0,-1,2021,50.0,2,1,0,0,0,1,1,,3,981,-1,,2,2,0,1,33,700,2,, -1,1,0,1,80,2,4,3,30,30286,1,1,0,7,D981,43.985999,4.455578,20,1,1
202100043852,123Â 288,E01,1,1,1,0,1,0,-1,-1, -1,-1,2021,45.0,1,5,0,2,8,0,1,,1,AUTOROUTE A1,0,,3,8,0,1,2,0,1,, -1,1,0,1,110,16,4,1,93,93066,1,1,0,4,AUTOROUTE A1,48.9199,2.35745,14,5,5
202100027890,151Â 858,B01,1,1,1,1,1,0,-1,-1, -1,-1,2021,55.0,2,2,0,2,7,1,1,,3,ORADOUR SUR GLANE (CARREFOUR D'),0,,3,6,0,1,37,0,1,, -1,1,0,1,50,18,7,5,87,87085,2,2,0,3,ORADOUR SUR GLANE (CARREFOUR D'),45.83445,1.22642,6,3,2
202100008092,187Â 270,A01,1,1,1,5,2,6,-1,0,0,-1,2021,17.0,1,1,0,0,0,1,1,,3,16,-1,,2,2,0,1,19,200,1,, -1,1,9,1,50,10,11,1,4,4088,2,1,0,7,RD 16 (Av Claude Delorme),43.961978,5.784978,14,1,1
202100009108,185Â 427,A01,1,1,1,0,1,-1,-1,0,0,-1,2021,55.0,1,5,0,0,1,9,1,,2,RN 814,0,,1,4,0,2,1,0,3,, -1,1,3,3,110,6,11,1,14,14101,1,1,0,7,N814,49.1849,-0.4256,9,1,1
202100027154,153Â 178,A01,1,1,1,0,1,-1,-1,0,0,-1,2021,20.0,1,2,2,0,1,1,1,,3,83,0,,3,4,0,1,11,545,1,, -1,1,0,3,110,26,7,1,66,66176,1,1,0,6,D83,42.777224,2.95726,7,1,1
202100053590,105Â 925,B01,1,1,2,1,1,-1,-1,-1, -1,-1,2021,53.0,0,2,0,2,4,23,1,,3,LEMONNIER (AVENUE AMIRAL),0,,3,6,0,1,24,15,1,, -1,1,0,1,70,25,1,1,50,50129,1,2,0,2,LEMONNIER (AVENUE AMIRAL),49.634341,-1.602341,16,3,2
202100036716,136Â 082,B01,1,1,2,0,1,-1,-1,0,0,-1,2021,39.0,1,2,0,0,4,2,1,,3,2204,-1,,2,2,0,2,12,363,1,, -1,1,0,1,80,3,6,1,6,6048,1,1,0,2,Route Departementale 2204,43.788618,7.347321,16,2,2
202100030153,147Â 874,B01,2,2,1,1,2,6,-1,-1, -1,-1,2021,56.0,1,1,0,2,0,1,1,,2,PORT DU NAVEIX (RUE DU),0,,3,4,0,1,14,0,1,, -1,1,5,1,50,5,7,2,87,87085,2,1,0,3,PORT DU NAVEIX (RUE DU),45.83327,1.27528,6,3,2
202100050022,112Â 330,A01,1,1,2,0,1,-1,-1,-1, -1,-1,2021,24.0,1,2,0,2,3,9,1,,4,CHARPAK (RUE GEORGES),0,,2,2,1,1,(1),(1),1,, -1,1,0,1,50,26,2,1,51,51058,2,1,0,3,Avenue FranÃ§ois Jacob,49.2202842989,4.0059215133,11,3,2
202100055158,103Â 223,A01,10,3,2,0,0,-1,-1,4,3,1,2021,47.0,2,2,0,1,1,1,1,,3,HAUT PAVE (RUE DU),0,,2,2,0,1,0,0,1,, -1,2,5,1,50,12,1,5,91,91223,2,3,1,6,HAUT PAVE (RUE DU),48.429917,2.147951,18,2,1
202100053215,106Â 617,B01,1,1,1,0,2,0,-1,-1, -1,-1,2021,39.0,1,1,0,2,7,1,1,,7,PONT NEUF,0,,2,3,0,1,1,0,1,, -1,2,0,1,50,27,1,1,31,31555,2,1,1,3,PONT NEUF,43.59886,1.43653,13,2,2
202100025306,156Â 424,A01,1,1,2,0,1,7,-1,0,0,-1,2021,20.0,0,2,3,2,1,1,1,,2,RN 154,0,,-1,2,0,1,31,870,1,, -1,1,0,1,110,5,8,1,27,27299,1,1,0,3,RN 154,49.052,1.17878,16,2,2
202100016981,171Â 267,B01,2,2,2,5,1,0,-1,-1, -1,-1,2021,19.0,1,2,0,2,2,15,1,,4,LUMINY (AVENUE DE),0,,1,2,0,1,0,0,2,, -1,1,0,1,50,24,9,1,13,13209,2,2,0,3,LUMINY (AVENUE DE),43.2316,5.43672,17,3,2
202100041897,126Â 729,B01,1,1,1,1,1,0,-1,-1, -1,-1,2021,42.0,1,2,0,2,4,23,1,,4,ZAY (AVENUE JEAN ZAY),0,,3,4,0,1,(1),(1),1,, -1,1,0,1,50,30,4,1,45,45234,2,1,0,2,Avenue Jean Zay,47.90636,1.92193,9,2,2