Num_Acc,id_vehicule,num_veh,place,catu,sexe,trajet,secu1,secu2,secu3,locp,actp,etatp,year_acc,victim_age,senc,catv,obs,obsm,choc,manv,motor,occutc,catr,voie,v1,v2,circ,nbv,vosp,prof,pr,pr1,plan,lartpc,larrout,surf,infra,situ,vma,jour,mois,lum,dep,com,agg_,int,atm,col,adr,lat,long,hour,nb_victim,nb_vehicules
202100049283,113Â 668,A01,10,3,2,1,0,-1,-1,3,3,1,2021,51.0,1,1,0,1,4,1,5,,4,RUE SAINT GEORGES,0,,1,1,0,1,(1),(1),1,, -1,1,0,1,50,3,3,1,75,75109,2,1,0,6,RUE SAINT GEORGES,48.875782,2.337124,13,2,1
202100026307,154Â 668,B01,1,1,1,9,2,6,-1,-1, -1,-1,2021,26.0,3,1,0,2,8,1,1,,4,MALRAUX (QUAI ANDRE),0,,3,4,0,1,(1),(1),1,, -1,1,0,1,50,29,7,5,37,37261,2,2,0,6,MALRAUX (QUAI ANDRE),47.39754,0.69944,23,2,2
202100008722,186Â 143,A01,1,1,1,5,2,6,-1,0,0,-1,2021,47.0,2,1,0,0,0,1,1,,4,CAMI DE PASTOUREL,0,,2,2,0,1,0,0,1,, -1,1,0,1,50,6,11,1,47,47323,2,1,0,7,CAMI DE PASTOUREL,44.41132,0.68881,12,1,1
202100053771,105Â 630,A01,10,3,1,3,0,-1,-1,3,3,1,2021,85.0,2,2,0,1,2,1,1,,3,JEAN MONNET (AVENUE),0,,2,2,0,1,0,0,1,, -1,1,0,1,50,25,1,1,92,92002,2,1,0,6,JEAN MONNET (AVENUE),48.7489433761,2.3024541854,11,2,1
202100003619,195Â 279,A01,10,3,1,0,0,-1,-1,4,3,1,2021,57.0,3,2,0,1,1,16,1,,4,GENERAL DE GAULLE (RUE DU),0,,2,2,0,1,(1),(1),3,, -1,2,0,1,50,8,12,2,60,60684,2,1,0,6,Rue du GÃ©nÃ©ral de Gaulle,49.284484466,2.4880760908,7,3,1
202100021806,162Â 643,A01,1,1,1,1,1,0,-1,0,0,-1,2021,34.0,2,2,1,0,3,14,1,,4,BOULEVARD DES FRERES VOISIN,0,,1,2,0,1,(1),(1),1,, -1,1,0,1,30,30,8,1,75,75115,2,1,0,6,BOULEVARD DES FRERES VOISIN,48.827938,2.271185,8,1,1
202100035989,137Â 356,A01,1,1,1,1,1,-1,-1,0,0,-1,2021,19.0,2,2,16,0,1,1,1,,3,46,-1,D,2,2,0,1,32,400,1,,"5,1",1,0,3,80,7,6,1,79,79008,1,1,0,6,Lieu Dit la Gueriniere,46.737754,-0.350672,7,1,1
202100048022,115Â 907,A01,10,3,1,5,0,-1,-1,8,5,3,2021,7.0,3,1,0,1,1,1,1,,4,GRAND BOIS (DU)                     (CH),0,,-1,0,0,1,(1),(1),1,, -1,1,6,8,10,14,3,1,69,69256,2,1,0,6,GRAND BOIS (DU) (CHM),45.78253,4.91106,17,2,1
202100049438,113Â 391,A01,1,1,1,1,2,-1,-1,0,0,-1,2021,27.0,2,1,0,2,1,1,1,,3,940,-1,,2,2,0,1,2,0,1,, -1,1,9,1,70,3,3,2,19,19007,1,1,0,3,Les Escures,44.9639314884,1.8574714904,18,2,2
202100039125,131Â 693,B01,1,1,1,0,2,0,-1,0, -1,-1,2021,18.0,3,1,0,2,3,1,6,,4,ANGOULEME (COUR D'),0,,2,2,0,1,(1),(1),1,, -1,1,0,1,50,19,5,1,15,15014,2,1,0,3,Cours dâAngouleme,44.9301,2.44991,17,2,2
202100017294,170Â 737,B01,1,1,1,0,2,-1,-1,0,0,-1,2021,53.0,2,1,0,2,3,23,1,,2,9,-1,,2,2,0,1,(1),(1),1,, -1,1,0,1,50,25,9,1,971,97112,2,2,0,6,Allee Poirier,15.888454,-61.316559,8,2,2
202100000293,201Â 199,B01,1,1,2,0,0,-1,-1,-1, -1,-1,2021,25.0,2,1,0,2,8,15,5,,4,GAMBETTA                            (CO),0,,2,2,2,1,(1),(1),1,, -1,1,0,1,30,12,11,5,69,69383,2,2,0,3,GAMBETTA (CR),45.75627,4.84037,20,3,2
202100045774,119Â 930,A01,1,1,1,1,1,8,-1,-1, -1,-1,2021,19.0,0,2,13,0,9,13,1,,3,VALLABREGUES ( RD 81 ROUTE DE),0,,2,2,0,1,1,49,3,, -1,1,0,1,80,29,3,1,13,13108,1,1,0,7,VALLABREGUES ( RD 81 ROUTE DE),43.8246041635,4.6485269103,12,1,1
202100007255,188Â 788,B01,1,1,1,1,2,6,-1,-1, -1,-1,2021,27.0,1,1,0,2,8,1,1,,7,RN 60,0,,3,4,0,1,98,650,1,, -1,1,0,1,70,18,11,2,45,45302,1,1,0,3,D2060-PR90+650,47.94531,1.89732,7,2,2
202100006509,190Â 168,A01,10,3,2,3,0,-1,-1,3,3,1,2021,71.0,0,2,0,1,1,9,1,,3,D617,-1,,2,1,0,1,1,900,1,, -1,1,0,1,50,12,11,1,60,60104,2,1,0,6,Rue d'Amiens,49.639296,2.281481,16,2,1
202100030105,147Â 967,A01,1,1,1,5,2,6,-1,0,0,-1,2021,16.0,3,1,0,0,0,0,1,,4,,-1,,2,2,0,1,(1),(1),3,,4,1,0,1,50,8,7,1,4,4152,1,1,0,7,Ch de Sainte Tulle,43.80597,5.727798,12,1,1
202100046942,117Â 867,B01,1,1,1,5,8,0,-1,0,0,-1,2021,17.0,2,1,0,2,1,14,0,,4,BACON BD DU ET BD GARDIOLE,0,,2,2,0,1,(1),(1),1,, -1,1,0,1,50,23,3,1,6,6004,2,1,0,3,BACON BD DU ET BD GARDIOLE,43.56493,7.13746,14,2,2
202100009833,184Â 119,A01,2,2,1,0,8,-1,-1,0,0,-1,2021,23.0,2,2,8,0,1,1,1,,3,75,-1,,2,2,0,1,2,25,1,, -1,2,0,3,80,31,10,3,82,82126,1,1,0,6,1171 Route du TraversiÃ©,44.1572686189,1.5651070083,4,2,1
202100010679,182Â 629,A01,10,3,1,1,0,-1,-1,5,B,1,2021,50.0,1,1,0,1,1,25,3,,4,PICASSO PABLO AVENUE,0,,-1,0,0,1,0,0,1,, -1,1,0,4,10,16,10,5,92,92050,2,1,0,6,PICASSO PABLO AVENUE,48.890714356,2.2159540033,20,2,1
202100001980,198Â 260,A01,1,1,1,4,1,-1,-1,-1,0,-1,2021,52.0,2,4,16,0,7,26,1,,1,AUTOROUTE A1,0,,3,6,0,1,18,200,1,, -1,1,0,3,110,21,12,3,95,95527,1,1,0,7,AUTOROUTE A1,49.002818,2.524141,20,1,1
202100045616,120Â 196,B01,1,1,2,5,1,0,-1,0,0,-1,2021,54.0,2,2,0,2,8,1,1,,4,CHENES AVENUE DES,0,,2,0,0,3,(1),(1),1,, -1,1,0,1,50,1,4,1,6,6027,2,3,0,3,CHENES AVENUE DES,43.662063,7.168397,18,2,2
202100034589,139Â 888,B01,2,2,1,5,1,0,-1,-1, -1,-1,2021,35.0,1,2,0,2,2,1,1,,3,POSTEL (BOULEVARD DU DOCTEUR),0,,2,2,0,1,5,200,1,, -1,1,0,1,50,12,6,2,27,27375,2,3,0,3,POSTEL (BOULEVARD DU DOCTEUR),49.21049,1.17316,19,4,2
202100055544,102Â 572,A01,10,3,2,3,0,-1,-1,5,9,1,2021,79.0,2,2,0,1,2,20,1,,3,LIBERATION - CAR DE PINCE-VENT (AV DE LA,0,,-1,0,0,1,1,0,1,, -1,1,6,4,50,11,1,1,94,94019,2,1,0,6,LIBERATION - CAR DE PINCE-VENT (AV DE LA,48.79993,2.543609,15,2,1
202100047869,116Â 195,B01,1,1,1,5,2,-1,-1,0,0,-1,2021,72.0,1,1,0,2,1,1,5,,3,21,-1,,2,2,0,1,58,800,1,, -1,1,0,1,80,17,3,1,85,85204,1,1,0,7,Le Petit Fileau,46.78891,-1.77803,10,2,2
202100018065,169Â 342,A01,2,2,1,5,0,-1,-1,0,0,-1,2021,23.0,2,2,13,0,4,13,1,,2,3,-1,,2,2,0,2,8,700,3,, -1,1,0,3,90,20,9,1,988,98803,1,1,0,6,RT3 - BOURAIL,-21.45233,165.48685,10,2,1
202100007880,187Â 657,A01,1,1,1,1,1,-1,-1,0,0,-1,2021,18.0,1,2,0,0,1,13,1,,7,954,0,,2,2,0,1,4,(1),1,, -1,2,0,1,80,17,11,3,57,57510,1,1,0,5,D954,49.130636,6.278408,18,3,3
202100038896,132Â 106,B01,1,1,1,0,2,8,-1,-1, -1,-1,2021,37.0,1,1,0,2,0,1,1,,7,ALMANARRE (ROUTE DE L'),0,,2,2,0,1,47,600,1,, -1,1,0,1,50,21,5,1,83,83069,2,1,0,1,ALMANARRE (ROUTE DE L'),43.09654,6.13158,16,2,2
202100034271,140Â 482,A01,1,1,2,2,8,0,-1,-1, -1,-1,2021,19.0,3,1,0,2,1,1,3,,4,BERGONIE (RUE DOCTEUR),0,,2,2,0,1,(1),(1),1,, -1,1,0,1,50,14,6,1,37,37261,2,3,0,6,BERGONIE (RUE DOCTEUR),47.378137469,0.7095213979,16,2,2
202100008129,187Â 190,A01,1,1,1,4,1,0,-1,-1, -1,-1,2021,47.0,1,4,1,0,2,1,0,,1,A4,0,,3,6,0,2,22,900,1,, -1,2,0,1,110,15,11,3,77,77121,1,1,0,6,A4,48.831141,2.6843,17,3,3
202100040819,128Â 661,A01,1,1,1,5,2,-1,-1,0,0,-1,2021,37.0,2,1,0,2,1,2,1,,3,11,0,D,2,2,0,1,17,800,1,, -1,1,0,1,80,9,5,1,53,53073,1,1,0,2,La GirardiÃ¨re,47.801241,-1.088488,17,3,2
202100022137,162Â 065,A01,1,1,2,5,2,6,9,0,0,-1,2021,37.0,1,1,13,0,2,1,1,,1,84,-1,,3,4,0,1,134,400,1,, -1,1,0,3,130,27,8,3,35,35273,1,1,0,7,A 84,48.387448,-1.305923,21,1,1
202100052905,107Â 151,A01,1,1,1,5,1,0,-1,0,0,-1,2021,40.0,2,2,0,2,1,2,1,,4,PORTE DE CLIGNANCOURT,0,,1,4,0,1,21,800,1,, -1,2,0,1,70,31,1,5,75,75118,2,1,1,2,PORTE DE CLIGNANCOURT,48.90102,2.342629,18,2,2
202100007482,188Â 380,A01,1,1,2,5,1,-1,-1,0,0,-1,2021,36.0,2,2,2,0,1,1,1,,3,977,0,D,2,2,0,1,22,0,1,, -1,2,9,3,80,18,11,3,51,51409,1,1,1,7,D977,48.8882165832,4.2939591408,23,1,1
202100030002,148Â 166,A01,1,1,1,0,2,8,-1,-1, -1,-1,2021,25.0,1,1,3,0,9,17,1,,3,C.D. 533 (VERS LE PUY),0,,-1,2,0,2,53,500,4,, -1,1,0,1,80,7,7,1,7,7281,1,1,0,7,C.D. 533 (VERS LE PUY),44.93016,4.80865,13,1,1
202100021386,163Â 418,B01,1,1,1,5,2,-1,-1,0,0,-1,2021,48.0,2,1,0,0,3,1,5,,3,138E4,0,,2,2,0,1,2,90,1,, -1,1,0,1,80,2,9,1,33,33548,1,3,0,3,D138E4,44.972062,-0.340662,16,2,2
202100005043,192Â 771,A01,1,1,1,0,1,-1,-1,0,0,-1,2021,42.0,0,2,0,0,1,1,1,,3,RD 934,0,,3,4,0,1,(1),(1),1,, -1,1,0,1,90,29,11,4,80,80131,1,1,0,7,RD 934,49.8516,2.4042,21,1,1
202100026762,153Â 885,B01,2,2,1,0,8,0,-1,-1, -1,-1,2021,49.0,1,2,0,2,4,2,1,,1,6,0,,1,3,0,1,15,899,1,, -1,1,0,1,110,28,7,1,91,91216,1,1,0,2,AUTOROUTE A6,48.68617,2.32671,15,5,2
202100003095,196Â 230,A01,1,1,2,0,1,8,-1,-1, -1,-1,2021,24.0,1,2,10,0,1,14,1,,4,GEORGES WODLI (RUE),0,,1,2,0,1,0,0,2,, -1,2,1,1,50,10,12,5,67,67482,2,1,1,6,GEORGES WODLI (RUE),48.58862,7.73635,18,3,1
202100025476,156Â 128,A01,10,3,2,5,0,-1,-1,3,3,1,2021,39.0,2,2,0,1,4,2,1,,4,BOULEVARD SAINT GERMAIN,0,,1,3,0,1,(1),(1),1,, -1,1,6,1,50,5,8,1,75,75105,2,2,0,6,BOULEVARD SAINT GERMAIN,48.849503,2.352854,18,3,2
202100034202,140Â 611,B01,1,1,1,0,1,0,-1,-1, -1,-1,2021,25.0,1,2,0,2,0,0,1,,1,AUTOROUTE A3,0,,3,6,0,1,7,599,1,, -1,1,9,1,90,15,6,2,93,93010,1,1,0,5,AUTOROUTE A3,48.90173,2.4704,21,5,3
202100040386,129Â 416,B01,1,1,1,0,1,0,-1,-1, -1,-1,2021,59.0,3,2,0,2,6,1,1,,3,RASPAIL (RUE),0,,2,2,0,1,30,0,1,, -1,1,8,1,50,11,5,1,93,93027,2,1,0,3,Rue Raspail,48.92331,2.39521,18,2,2
202100006653,189Â 896,B01,1,1,1,1,8,0,-1,-1, -1,-1,2021,40.0,1,1,0,2,7,26,1,,4,PYRAMIDE ROUTE,0,,2,2,0,1,1,0,1,, -1,1,0,1,50,22,11,5,49,49007,2,2,0,3,PYRAMIDE ROUTE,47.4483770878,-0.5115090609,4,2,2
202100019196,167Â 314,B01,1,1,1,5,2,0,-1,-1, -1,-1,2021,60.0,3,1,0,2,8,19,5,,4,RIPPES DE BIOTS (CHEMIN DES),0,,2,4,0,1,(1),(1),1,, -1,1,0,1,50,13,9,1,1,1451,2,2,0,3,RIPPES DE BIOTS (CHEMIN DES),46.26332,5.23462,11,2,2
202100012684,179Â 043,B01,1,1,2,5,2,0,-1,0,0,-1,2021,42.0,2,1,0,2,1,1,5,,4,QUAI D ORSAY,0,,2,2,1,1,(1),(1),1,, -1,1,-1,5,1,17,10,1,75,75107,2,3,0,1,QUAI D ORSAY,48.862876,2.31519,12,2,2
202100030511,147Â 224,A01,1,1,1,0,2,6,-1,-1, -1,-1,2021,44.0,1,1,4,2,1,2,1,,1,AUTOROUTE A86,0,,3,8,0,1,27,399,1,, -1,1,0,1,90,6,7,1,93,93064,1,1,0,2,AUTOROUTE A86,48.87459,2.47911,19,2,2
202100046412,118Â 815,A01,1,1,2,9,1,-1,-1,0,0,-1,2021,53.0,2,2,2,0,0,1,1,,3,32,-1,,2,2,0,1,10,0,1,, -1,1,0,3,90,27,3,1,34,34343,1,1,0,7,D32 pr10,43.727274,3.667095,17,3,1
202100020720,164Â 592,B01,1,1,1,4,2,0,-1,0,0,-1,2021,33.0,1,1,0,2,4,1,1,,4,RUE DE LA MAIN D OR,0,,2,2,0,1,(1),(1),1,, -1,1,0,1,30,5,9,1,75,75111,2,3,0,2,RUE DE LA MAIN D OR,48.851655,2.377946,18,2,2
202100031605,145Â 263,B01,1,1,2,0,1,0,-1,-1, -1,-1,2021,21.0,2,2,0,2,8,15,1,,3,GRANDE RUE PIERRE MENDES-FRANCE (R),0,,2,2,0,1,1,0,1,, -1,2,5,1,50,30,6,5,94,94053,2,2,1,3,Gr Pierre MendÃ¨s-France,48.77626,2.54995,2,2,2
202100014401,175Â 964,A01,1,1,1,9,1,0,-1,0,0,-1,2021,32.0,1,2,11,2,3,1,2,,4,PLACE CLEMENT ADER,0,,2,4,0,1,(1),(1),1,, -1,1,5,1,30,7,10,1,75,75116,2,7,0,5,PLACE CLEMENT ADER,48.851319,2.278479,14,5,5
202100004304,194Â 063,B01,1,1,1,1,2,6,-1,-1, -1,-1,2021,26.0,1,1,12,2,7,15,1,,3,STALINGRAD - PONT DE NOGENT (BD DE),0,,3,2,0,1,1,0,1,, -1,2,5,1,50,7,12,5,94,94017,2,3,1,3,STALINGRAD - PONT DE NOGENT (BD DE),48.825625,2.495338,19,2,2
202100015603,173Â 793,B01,1,1,2,5,1,5,-1,0,0,-1,2021,27.0,0,2,0,2,3,1,1,,4,BOIS DES COMMUNES (RUE DU),0,,2,2,0,1,(1),(1),4,, -1,2,0,1,50,1,10,5,27,27229,2,1,1,1,BOIS DES COMMUNES (RUE DU),49.03091,1.17903,20,3,2
202100002920,196Â 550,B01,1,1,1,5,8,0,-1,-1, -1,-1,2021,36.0,2,1,0,2,3,19,5,,3,FOCH (RUE),0,,2,2,0,1,9,0,1,, -1,1,0,1,50,13,12,5,57,57306,2,1,0,3,FOCH (RUE),49.33228,6.05393,21,2,2
202100006436,190Â 291,A01,1,1,1,0,2,6,-1,-1, -1,-1,2021,19.0,3,1,0,2,1,1,1,,4,JUIN 18  RUE,0,,2,1,0,1,(1),(1),1,, -1,1,9,1,50,12,11,5,17,17291,2,6,0,3,JUIN 18  RUE,46.17686,-1.10829,22,2,2
202100035468,138Â 312,B01,1,1,1,5,2,6,9,-1, -1,-1,2021,54.0,1,1,0,2,8,3,1,,2,ROUTE NATIONALE 201 (VRU),0,,3,8,0,1,2,100,1,, -1,1,0,1,90,6,6,1,73,73065,1,1,0,3,N201 VRU,45.57103,5.937417,17,2,2
202100019721,166Â 390,A01,10,3,2,9,0,-1,-1,3,3,1,2021,53.0,2,2,0,1,2,1,1,,4,RUE POUSSIN,0,,1,1,0,1,(1),(1),1,, -1,1,0,1,30,10,9,1,75,75116,2,3,0,6,RUE POUSSIN,48.848558,2.26211,19,2,1
202100049176,113Â 852,B01,1,1,1,5,1,-1,-1,0,0,-1,2021,78.0,1,2,0,2,3,2,1,,3,41,0,,2,2,0,1,16,900,1,, -1,1,0,1,80,4,3,1,31,31412,1,2,0,3,D 41 B,43.334867,0.684628,12,2,2
202100040590,129Â 064,B01,1,1,2,5,2,0,-1,-1, -1,-1,2021,45.0,3,1,0,2,7,17,0,,4,CAMBUSTON (rue de),0,,2,2,0,1,0,0,1,, -1,9,8,1,50,9,5,1,974,97409,1,1,0,3,CAMBUSTON (rue de),-20.9323221,55.650908947,13,2,2
202100029174,149Â 601,B01,2,2,2,0,1,0,-1,-1, -1,-1,2021,18.0,0,2,0,2,0,0,0,,3,986,0,,2,0,0,1,0,0,1,, -1,1,0,1,50,8,7,1,92,92078,2,1,0,3,VERDUN (AVENUE) (PAIRS 92 ET PLUS),48.935702,2.335842,18,3,2
202100028787,150Â 260,B01,1,1,1,4,1,-1,-1,-1,0,-1,2021,52.0,1,2,0,2,4,23,1,,1,AUTOROUTE A1,0,,3,6,0,1,14,199,1,, -1,1,0,1,110,16,7,1,95,95277,1,1,0,2, A1,48.97451,2.48907,12,2,2
202100028320,151Â 074,A01,10,3,1,5,0,-1,-1,2,3,1,2021,75.0,2,2,0,1,2,1,2,,4,BOULEVARD VOLTAIRE,0,,2,2,0,1,(1),(1),1,, -1,1,0,1,50,18,7,1,75,75111,2,1,0,6,BOULEVARD VOLTAIRE,48.864729,2.3685,16,2,1
202100021238,163Â 695,A01,1,1,1,4,8,0,-1,0,0,-1,2021,45.0,1,3,0,0,0,26,1,,4,PASCAL (RUE),0,,2,2,0,1,(1),(1),1,, -1,1,0,1,50,1,9,1,63,63014,2,1,0,6,PASCAL (RUE),45.7589,3.11381,17,5,1
202100050698,111Â 068,A01,2,2,2,5,2,6,-1,0,0,-1,2021,59.0,1,1,13,0,7,1,1,,3,214,-1,,2,2,0,1,0,900,4,, -1,1,0,3,80,21,2,1,52,52234,1,1,0,6,d214,48.155236,5.581806,12,2,1
202100040497,129Â 220,B01,1,1,1,5,2,6,-1,0,0,-1,2021,67.0,2,1,0,2,1,1,5,,2,,0,,2,3,0,1,38,75,1,, -1,1,0,5,50,7,5,1,5,5061,2,3,0,3,ABBE PASCAL  ( RUE ),44.55593,6.07581,17,3,2
202100042576,125Â 519,A01,1,1,1,5,2,6,-1,-1, -1,-1,2021,51.0,2,1,0,2,3,13,1,,3,CARDO - RT INFERIEURE DE,0,,2,2,0,2,0,0,3,, -1,1,0,1,80,25,4,1,202,202033,1,1,0,3,CARDO - RT INFERIEURE DE,42.69575,9.43011,17,3,2
202100029484,149Â 089,A01,1,1,2,5,1,-1,-1,0,0,-1,2021,18.0,2,2,2,0,1,1,1,,3,D229,0,,2,2,0,1,6,385,3,, -1,9,0,3,80,11,7,1,47,47162,1,1,0,6,Lieu-dit Garry,44.348558,0.861139,18,3,1
202100007675,188Â 031,A01,10,3,1,5,0,-1,-1,2,3,1,2021,78.0,3,4,0,1,0,15,0,,4,PLATEAU (RUE DU),0,,2,2,0,1,0,0,1,, -1,1,5,1,50,17,11,1,93,93077,2,3,0,6,PLATEAU (RUE DU),48.87907,2.49707,10,2,1
202100047226,117Â 347,A01,1,1,1,1,2,6,-1,-1, -1,-1,2021,31.0,1,1,0,2,9,17,1,,3,LECLERC (AVE DU GAL) DU 01 ET +,0,,2,2,0,1,17,128,1,, -1,1,0,1,50,20,3,1,33,33529,2,1,0,5,Avenue du GÃ©nÃ©ral Leclerc,44.6411378275,-1.1508564026,17,4,4
202100020687,164Â 653,B01,1,1,1,5,2,-1,-1,0,0,-1,2021,21.0,3,1,0,2,8,1,5,,4,VILLON (RUE FRANCOIS),0,,2,1,0,1,0,0,1,, -1,1,0,1,50,4,9,1,65,65417,2,3,0,3,VILLON (RUE FRANCOIS),43.2323,0.1054,16,2,2
202100028346,151Â 033,A01,9,2,1,5,1,-1,-1,0,0,-1,2021,7.0,2,2,8,0,7,1,1,,3,977,-1,,-1,2,0,1,(1),(1),1,, -1,1,0,3,80,18,7,3,84,84056,1,1,0,6,Route de ViolÃ¨s,44.143329,4.941809,23,3,1
202100023700,159Â 253,B01,1,1,1,5,2,8,-1,-1, -1,-1,2021,68.0,3,1,0,2,3,9,5,,4,MENEGATTE (RUE DE LA),0,,2,1,0,1,(1),(1),2,, -1,1,4,1,70,15,8,1,59,59431,1,8,0,1,MENEGATTE (RUE DE LA),50.7013,2.81653,11,2,2
202100053809,105Â 571,A01,1,1,2,5,8,-1,-1,0,0,-1,2021,45.0,1,2,0,2,1,5,1,,3,D2371,0,,2,2,0,1,20,777,1,, -1,7,2,1,50,25,1,5,3,3027,2,1,0,1,120 Route Nationale,46.3270925332,2.8510169485,6,2,2
202100012407,179Â 527,A01,10,3,1,5,0,-1,-1,2,3,1,2021,63.0,0,3,0,1,1,1,3,,5,RONDEAUX. AVENUE JEAN,0,,2,4,2,2,0,0,1,, -1,1,4,6,50,18,10,1,76,76540,2,1,0,6,pont jeanne d arc,49.43826,1.08837,10,2,1
202100049972,112Â 425,E01,1,1,1,1,1,0,-1,-1, -1,-1,2021,26.0,1,2,0,2,1,2,1,,1,A50-Sens Marseille vers Aubagne,0,,3,4,0,2,26,621,4,, -1,2,0,1,110,27,2,3,13,13005,1,1,0,5,A50-Sens Marseille vers Aubagne,43.27201,5.58884,19,10,5
202100025922,155Â 350,B01,1,1,1,1,2,6,-1,0,0,-1,2021,23.0,1,1,1,0,1,12,1,,3,820,0,,3,4,0,1,41,49,1,, -1,1,0,1,70,3,8,1,31,31421,1,1,0,2,route departementale 820,43.484174,1.400692,13,2,2
202100051422,109Â 774,B01,1,1,1,9,2,8,-1,-1, -1,-1,2021,33.0,2,0,0,2,7,1,3,,4,COLONEL GLOXIN DU,0,,2,2,0,1,0,0,1,, -1,1,0,1,50,15,2,1,64,64445,2,3,0,3,COLONEL GLOXIN DU,43.2904280458,-0.382976532,13,2,2
202100010771,182Â 482,B01,2,2,2,5,1,-1,-1,0,0,-1,2021,61.0,1,2,0,0,4,2,1,,3,317,-1,,3,4,0,2,6,500,1,, -1,1,0,1,90,28,10,1,95,95612,1,1,0,2,RD 317,49.0041253063,2.4885207895,12,3,2
202100034154,140Â 711,A01,1,1,1,5,2,6,9,0,0,-1,2021,75.0,2,1,0,0,0,16,1,,3,5F,0,,2,2,0,1,5,280,3,, -1,1,0,1,80,16,6,1,31,31108,2,1,0,7,D5f,43.210326,0.702385,12,1,1
202100042315,125Â 986,B01,1,1,1,1,2,4,-1,-1, -1,-1,2021,28.0,1,1,0,2,1,15,5,,4,LANDES (RUE DES),0,,1,2,1,1,(1),(1),2,, -1,1,5,1,50,27,4,1,35,35055,2,6,0,3,LANDES (RUE DES),48.09305,-1.61798,9,2,2
202100004501,193Â 723,A01,10,3,1,5,8,8,-1,2,3,1,2021,33.0,1,2,0,1,1,9,1,,3,ZEPHIR (ROCADE),0,,1,2,2,1,2,900,1,, -1,2,5,1,50,5,12,5,973,97302,2,1,1,6,ZEPHIR (ROCADE),4.9361975238,-52.307489276,0,3,1
202100027250,153Â 009,A01,1,1,2,5,8,-1,-1,0,0,-1,2021,73.0,3,2,0,2,6,19,1,,3,984,-1,C,2,1,0,1,13,0,1,,3,2,0,1,70,25,7,1,1,1436,1,2,1,3,D984c,46.341491,6.088765,8,2,2
202100001951,198Â 315,A01,1,1,2,1,1,-1,-1,0,0,-1,2021,53.0,0,2,0,2,8,16,1,,2,,-1,,2,3,0,3,(1),(1),1,,"10,5",2,0,1,50,23,12,2,28,28051,1,2,0,3,N 10 - PK/PR 054+955,48.186216,1.377937,8,2,2
202100034091,140Â 826,A01,1,1,1,4,2,0,-1,0,0,-1,2021,25.0,1,1,0,1,1,1,5,,4,AVENUE MAC MAHON,0,,2,3,0,2,(1),(1),1,, -1,1,0,1,50,16,6,1,75,75117,2,1,0,6,AVENUE MAC MAHON,48.877527,2.294386,17,2,1
202100016499,172Â 136,A01,10,3,2,0,0,-1,-1,4,3,1,2021,15.0,1,2,0,1,1,1,1,,7,BOULEVARD ROBERT SCHUMAN,0,,2,2,0,1,0,0,1,, -1,1,0,2,50,27,9,1,44,44109,2,1,0,6,BOULEVARD ROBERT SCHUMAN,47.23654,-1.5686,14,2,1
202100013944,176Â 776,A01,2,2,2,0,1,-1,-1,0,0,-1,2021,41.0,0,2,0,0,0,0,1,,3,D24,0,A,2,2,0,1,28,250,1,, -1,1,0,8,90,10,10,3,16,16074,1,1,0,6,D24,45.44073,-0.086635,20,2,1
202100049738,112Â 839,A01,1,1,1,0,8,-1,-1,-1, -1,-1,2021,21.0,1,1,0,2,2,1,1,,4,VOLTAIRE                            (R ),0,,1,1,0,1,(1),(1),1,, -1,1,0,1,50,28,2,1,69,69383,2,2,0,3,VOLTAIRE (R),45.75839,4.84868,14,2,2
202100013781,177Â 075,A01,1,1,1,1,2,6,-1,0,0,-1,2021,31.0,2,1,0,0,7,15,1,,3,728,-1,,1,1,0,2,34,100,1,, -1,1,5,1,80,13,10,2,17,17351,1,4,0,3,RD 728,45.821248,-1.084347,7,2,2
202100017106,171Â 053,B01,1,1,2,5,1,0,-1,-1, -1,-1,2021,23.0,2,2,8,2,1,15,1,,3,STALINGRAD - PONT DE NOGENT (BD DE),0,,4,4,0,1,1,0,1,, -1,1,3,1,50,24,9,5,94,94017,2,1,0,3,Boulevard de Stalingrad,48.82935,2.49329,22,2,2
202100034095,140Â 820,B01,1,1,2,2,2,0,-1,0,0,-1,2021,20.0,2,1,0,2,4,2,5,,4,RUE DES MORILLONS,0,,2,2,0,1,(1),(1),1,, -1,1,0,1,30,16,6,1,75,75115,2,2,0,2,RUE DES MORILLONS,48.832134,2.302995,9,2,2
202100042554,125Â 565,B01,2,2,2,5,2,6,-1,0,0,-1,2021,16.0,0,1,0,2,3,2,1,,3,D8,0,,2,2,0,1,(1),(1),1,, -1,1,0,1,50,26,4,1,58,58121,2,1,0,2,590 Avenue de la RÃ©publique,47.049197,3.094953,17,5,2
202100009267,185Â 132,A01,1,1,1,5,2,8,-1,-1, -1,-1,2021,27.0,1,1,0,2,2,17,1,,4,SAINTE MARGUERITE (BOULEVARD),0,,2,3,0,2,0,0,1,, -1,1,0,1,50,5,11,5,13,13209,2,9,0,3,SAINTE MARGUERITE (BOULEVARD),43.26175,5.41442,18,2,2
202100022984,160Â 544,A01,1,1,2,1,1,-1,-1,0,0,-1,2021,59.0,2,2,0,4,3,1,1,,3,16,-1,,2,2,0,1,16,230,3,, -1,1,4,1,80,23,8,1,31,31381,1,8,0,3,Majouret,43.470198,1.586269,8,2,2
202100008292,186Â 897,B01,2,2,2,5,1,-1,-1,0,0,-1,2021,90.0,2,2,0,2,1,1,1,,2,40,0,T,2,2,0,1,17,410,3,, -1,1,0,1,50,12,11,1,201,201085,2,1,0,1,Route Territoriale 40,41.918381,8.912095,17,4,2