Num_Acc,id_vehicule,num_veh,place,catu,sexe,trajet,secu1,secu2,secu3,locp,actp,etatp,year_acc,victim_age,senc,catv,obs,obsm,choc,manv,motor,occutc,catr,voie,v1,v2,circ,nbv,vosp,prof,pr,pr1,plan,lartpc,larrout,surf,infra,situ,vma,jour,mois,lum,dep,com,agg_,int,atm,col,adr,lat,long,hour,nb_victim,nb_vehicules
202100003074,196Â 267,B01,4,2,2,5,-1,-1,-1,-1, -1,-1,2021,21.0,1,2,1,2,1,1,1,,4,MAUVENDIERE (RUE DE LA),0,,2,2,0,1,0,0,1,, -1,2,0,1,50,11,12,5,87,87085,2,3,0,3,MAUVENDIERE (RUE DE LA),45.83311,1.2485,18,3,2
202100030489,147Â 270,A01,1,1,1,5,2,6,-1,0,0,-1,2021,28.0,3,1,16,0,0,16,1,,4,1,0,A,2,2,0,1,(1),(1),4,, -1,6,2,8,50,5,7,1,67,67080,1,1,1,7,D93,48.547786,7.549106,17,1,1
202100042481,125Â 688,A01,2,2,2,0,1,8,-1,-1, -1,-1,2021,48.0,2,2,0,2,4,23,0,,4,,0,,3,4,0,1,(1),(1),1,, -1,1,0,1,50,26,4,1,25,25056,2,1,0,2,CHURCHILL BD WINSTON,47.25008,6.00458,16,3,2
202100052899,107Â 162,B01,1,1,1,1,2,0,-1,-1, -1,-1,2021,56.0,1,1,0,2,7,1,1,,4,JEAN MOULIN (BOULEVARD),0,,-1,6,0,1,0,0,1,, -1,1,0,8,50,1,2,1,13,13210,2,9,0,3,JEAN MOULIN (BOULEVARD),43.2850043491,5.3986904056,11,2,2
202100000360,201Â 067,A01,10,3,1,0,0,-1,-1,5,2,2,2021,12.0,3,2,0,0,2,15,1,,4,FRANCIS GARNIER (RUE ),0,,3,1,0,1,1,233,2,, -1,1,5,4,30,25,7,1,13,13054,2,9,0,6,FRANCIS GARNIER (RUE ),43.41246,5.20857,16,3,1
202100031250,145Â 885,A01,1,1,1,5,2,6,-1,0,0,-1,2021,36.0,1,1,0,0,0,1,1,,2,202,0,,2,2,0,1,45,500,3,, -1,2,0,8,80,4,7,1,4,4174,1,3,1,7,RD 2202 / RN 202,43.970787,6.759845,14,2,1
202100010160,183Â 538,A01,2,2,1,0,1,0,-1,-1, -1,-1,2021,27.0,3,2,4,0,3,1,1,,7,PLOMBIERES (BOULEVARD DES),0,,1,1,0,4,0,0,3,, -1,2,0,1,50,30,9,5,13,13203,2,1,1,7,PLOMBIERES (BOULEVARD DES),43.3163,5.38377,3,2,1
202100012479,179Â 402,B01,1,1,1,9,8,0,-1,0,0,-1,2021,32.0,1,1,0,2,1,2,5,,4,RUE DE L EVANGILE,0,,1,1,0,1,(1),(1),1,, -1,2,0,1,30,18,10,5,75,75118,2,1,1,2,RUE DE L EVANGILE,48.894942,2.368271,20,2,2
202100052798,107Â 349,A01,1,1,1,5,2,8,-1,0,0,-1,2021,15.0,1,1,0,2,1,19,1,,4,REBUFFEL (RUE),0,,2,2,0,1,(1),(1),1,, -1,1,0,1,50,1,2,1,6,6030,2,1,0,3,REBUFFEL (RUE),43.56772,7.01755,15,2,2
202100050153,112Â 074,A01,1,1,1,5,2,6,-1,-1, -1,-1,2021,50.0,3,1,0,2,1,17,1,,3,ROUTE ROYALE,0,,2,2,0,2,1,0,1,, -1,1,0,1,30,25,2,5,202,202033,2,9,0,3,ROUTE ROYALE,42.67707,9.43472,18,2,2
202100007646,188Â 081,A01,10,3,1,0,0,-1,-1,4,1,1,2021,88.0,1,2,0,1,5,20,1,,4,GARNIER (BD JOSEPH),0,,2,3,0,1,(1),(1),1,, -1,1,0,1,50,17,11,5,6,6088,2,1,0,6,GARNIER (BD JOSEPH),43.710102,7.260094,18,2,1
202100043077,124Â 675,B01,1,1,1,4,2,8,-1,-1, -1,-1,2021,31.0,0,1,0,2,8,1,1,,3,992,0,,3,7,0,1,0,0,1,, -1,1,0,1,50,22,4,1,92,92025,2,1,0,3,CHARLES DE GAULLE (BD),48.9122576671,2.2320875736,17,2,2
202100020401,165Â 170,A01,1,1,1,5,1,-1,-1,0,0,-1,2021,19.0,2,2,5,0,1,15,1,,3,192,0,,2,2,0,4,9,484,2,,4,1,9,1,50,5,9,1,52,52550,2,3,0,6,rue de la digue,48.491724,4.948566,9,1,1
202100040394,129Â 405,A01,1,1,2,2,1,-1,-1,0,0,-1,2021,29.0,2,2,6,2,1,13,1,,3,964,0,D,2,2,0,1,2,100,4,, -1,2,0,1,50,6,5,1,59,59223,2,1,0,1,Route de Landrecies,50.103673,3.719655,16,2,2
202100017674,170Â 028,B01,1,1,1,1,2,6,-1,0,0,-1,2021,49.0,1,1,0,2,4,23,1,,4,PLACE AUGUSTE BARON,0,,1,4,0,1,(1),(1),3,, -1,1,0,1,50,20,9,5,75,75119,2,7,0,2,PLACE AUGUSTE BARON,48.9004613883,2.3870263762,21,2,2
202100009486,184Â 753,A01,1,1,1,1,2,0,-1,-1, -1,-1,2021,32.0,2,1,0,2,1,1,1,,4,,0,,1,2,0,1,0,0,1,, -1,2,0,1,50,4,11,2,92,92044,2,2,1,3,BAUDIN (RUE) 27A83 ET 36 A84,48.898942968,2.2877258062,16,2,2
202100022780,160Â 882,A01,1,1,2,1,1,8,-1,-1, -1,-1,2021,24.0,1,2,0,0,1,14,1,,2,ROUTE NATIONALE NÂ° 1,0,,1,2,0,1,(1),(1),1,, -1,1,0,2,110,23,8,1,974,97407,1,1,0,7,ROUTE NATIONALE NÂ° 1,-20.94162,55.32813,8,1,1
202100027700,152Â 203,B01,1,1,1,5,2,0,-1,-1, -1,-1,2021,27.0,0,1,0,2,1,1,1,,4,,0,,-1,2,0,1,0,0,1,, -1,1,0,1,50,20,7,1,91,91103,2,1,0,6,RUE EDOUARD DANAUX,48.60249,2.28791,8,2,2
202100052295,108Â 234,A01,4,2,2,5,1,8,-1,-1, -1,-1,2021,10.0,1,2,0,2,4,1,1,,3,AV PIERRE BROSSOLETTE,0,,-1,1,0,1,0,0,1,, -1,2,0,1,50,6,2,1,91,91161,2,3,1,2,AV PIERRE BROSSOLETTE,48.699492,2.304664,11,4,2
202100023510,159Â 610,A01,2,2,1,5,1,-1,-1,0,0,-1,2021,13.0,1,2,3,0,1,14,1,,2,10,0,N,3,4,0,1,22,520,2,"6,5",14,1,0,2,110,19,8,2,16,16140,1,1,0,6,Lieu-dit Les Grandes Versennes,45.893899,0.190914,19,2,1
202100025249,156Â 523,A01,10,3,2,5,0,-1,-1,8,3,2,2021,65.0,3,2,0,1,3,26,1,,6,MENIVAL (DE)                        (AV),0,,-1,0,0,1,(1),(1),1,, -1,1,0,8,30,6,8,1,69,69385,2,1,0,6,MENIVAL (DE) (AV),45.7565,4.784,14,2,1
202100014527,175Â 740,A01,1,1,1,1,2,6,-1,-1, -1,-1,2021,28.0,1,1,0,2,1,3,1,,2,RN 104,0,,1,2,0,1,30,285,1,, -1,1,0,1,110,8,10,1,91,91553,1,1,0,2,RN 104,48.631734,2.5038,18,2,2
202100014583,175Â 642,B01,1,1,1,0,8,0,-1,-1, -1,-1,2021,24.0,2,1,0,2,0,1,5,,4,WISSEMBOURG (RUE DE),0,,1,1,0,1,0,0,3,, -1,2,0,1,50,6,10,1,67,67482,2,3,1,3,WISSEMBOURG (RUE DE),48.59119,7.74208,17,2,2
202100008503,186Â 535,A01,1,1,2,5,8,0,-1,0,0,-1,2021,24.0,2,1,0,2,1,1,3,,4,RUE CONDORCET,0,,2,2,2,1,(1),(1),1,, -1,1,-1,5,30,11,11,5,75,75109,2,2,0,1,RUE CONDORCET,48.880179,2.343737,2,2,2
202100016322,172Â 464,A01,10,3,1,1,0,-1,-1,2,3,2,2021,53.0,0,2,0,1,2,1,1,,4,,-1,,2,-1,-1,1,(1),(1),1,, -1,1,0,1,-1,30,9,1,13,13099,1,2,1,3,CEA Cadarache,43.69862,5.743961,8,2,1
202100014735,175Â 371,A01,1,1,1,0,2,0,-1,-1, -1,-1,2021,31.0,2,1,0,2,1,3,1,,1,13,0,,-1,3,0,1,6,0,1,, -1,1,0,1,110,7,10,1,92,92047,1,1,0,2,A13,48.8363263584,2.184758125,10,2,2
202100047065,117Â 642,A01,10,3,1,0,0,-1,-1,3,3,1,2021,62.0,3,2,0,1,4,26,1,,4,,0,,2,2,0,1,1,0,1,, -1,1,0,1,50,22,3,1,92,92073,2,1,0,6,VAILLANT (AVENUE EDOUARD),48.86263,2.20864,13,2,1
202100030444,147Â 355,A01,1,1,1,9,2,6,-1,-1, -1,-1,2021,25.0,0,1,0,2,5,12,1,,2,13,0,,1,3,0,1,0,0,1,, -1,1,0,1,70,6,7,1,92,92051,2,1,0,2,"CHARLES DE GAULLE (AVENUE, NÂ°27 A 129)",48.88249,2.26683,12,2,2
202100015366,174Â 241,A01,1,1,1,4,2,0,-1,-1, -1,-1,2021,18.0,2,1,0,2,1,21,1,,3,CAPITAINE-GLARNER (AV),0,,2,2,0,1,0,0,1,, -1,1,0,1,50,3,10,1,93,93070,2,1,0,2,CAPITAINE-GLARNER (AV),48.90312,2.32983,13,2,2
202100018464,168Â 624,A01,1,1,1,5,0,-1,-1,0,0,-1,2021,36.0,1,1,1,0,1,1,1,,4,,-1,,2,2,0,3,(1),(1),1,,4,1,0,8,80,17,9,3,35,35339,1,3,0,6,la croix du chÃ©ne,48.497171,-1.611632,21,1,1
202100054669,104Â 063,A01,1,1,1,0,1,0,-1,-1, -1,-1,2021,55.0,2,2,0,2,1,26,1,,3,PERRIN,0,,2,2,0,1,(1),(1),1,, -1,2,0,1,70,17,1,2,971,97101,1,1,1,1,PERRIN,16.29232,-61.51168,6,2,2
202100010834,182Â 360,A01,1,1,2,5,1,-1,-1,-1,0,-1,2021,22.0,2,2,0,2,8,11,1,,1,AUTOROUTE A15,0,,1,8,0,1,20,399,1,, -1,1,0,1,110,27,10,1,95,95572,1,1,0,3, A15,49.028201,2.12824,13,2,2
202100019569,166Â 652,B01,1,1,2,5,2,-1,-1,0,0,-1,2021,32.0,3,1,0,0,5,19,5,,3,437,-1,,2,2,1,1,2,500,1,, -1,1,6,1,50,12,9,1,90,90097,2,1,0,3,RD437,47.567072,6.860565,10,2,2
202100032987,142Â 784,B01,1,1,2,5,1,0,-1,-1, -1,-1,2021,22.0,2,2,0,2,3,12,1,,7,M351,0,,3,3,0,1,0,699,1,, -1,1,0,1,90,16,6,1,67,67482,1,1,0,2,M351,48.58636,7.71774,14,2,2
202100041627,127Â 197,B01,1,1,1,0,1,0,-1,-1, -1,-1,2021,26.0,1,2,0,2,4,1,1,,1,10,0,,3,3,0,1,5,380,1,, -1,1,0,1,90,3,5,1,91,91136,1,1,0,2,AUTOROUTE A10,48.71427,2.27394,11,2,2
202100001547,199Â 038,A01,1,1,1,5,8,-1,-1,0,0,-1,2021,25.0,1,2,4,0,0,1,1,,1,13,-1,,1,5,0,1,71,800,1,, -1,2,0,3,130,25,12,3,27,27612,1,1,1,7,Autoroute A13 - PK 071.800,49.071543,1.406298,1,2,1
202100037495,134Â 650,A01,1,1,2,0,2,6,9,0,0,-1,2021,34.0,2,1,0,2,1,1,1,,3,674,-1,,2,2,0,4,14,600,1,, -1,1,0,1,80,30,5,1,54,54242,1,2,1,4,D674,48.623549,5.891405,12,5,4
202100019704,166Â 425,A01,1,1,1,0,1,0,-1,-1, -1,-1,2021,23.0,0,2,0,2,1,10,6,,7,RTE D' ALLAUCH,0,,2,-1,0,1,0,0,1,, -1,1,0,1,50,10,9,1,13,13211,2,3,0,5,RTE D' ALLAUCH,43.30205,5.50114,9,4,3
202100034506,140Â 048,A01,1,1,1,5,2,6,-1,0,0,-1,2021,16.0,3,1,0,0,0,1,1,,4,,-1,,2,2,0,1,(1),(1),1,,4,1,0,1,80,12,6,2,87,87106,1,1,0,7,Route de Sallas,45.680696,1.170076,21,1,1
202100056263,101Â 328,A01,1,1,2,1,1,-1,-1,-1, -1,-1,2021,26.0,2,2,3,2,5,1,1,,7,D 137,0,,3,4,0,1,55,990,1,, -1,2,0,1,110,4,1,3,35,35278,1,1,1,3,RD 137,48.17569,-1.71764,7,4,2
202100041086,128Â 170,A01,1,1,2,0,1,0,-1,-1, -1,-1,2021,78.0,2,2,0,2,1,1,1,,3,HENRI DE NAVARRE (AVENUE),0,,2,2,0,1,3,315,1,, -1,2,0,1,50,5,5,1,64,64102,2,1,1,2,HENRI DE NAVARRE (AVENUE),43.50159,-1.44594,9,2,2
202100041175,127Â 998,A01,1,1,1,0,2,-1,-1,0,0,-1,2021,69.0,1,1,0,2,1,18,1,,2,2,-1,,3,4,0,4,41,300,1,, -1,1,0,1,110,7,5,1,974,97410,1,1,0,2,route nationale 2,-21.02158,55.699536,13,2,2
202100009346,185Â 001,A01,1,1,2,5,1,-1,-1,0,0,-1,2021,21.0,1,2,13,0,2,1,1,,3,44,-1,,2,2,0,2,9,250,2,, -1,2,0,8,80,5,11,1,54,54059,1,1,0,7,DÃ©partementale 44,48.8737444698,6.2081873425,9,1,1
202100056426,101Â 037,A01,1,1,2,5,8,0,-1,0,0,-1,2021,24.0,3,1,0,0,0,26,3,,4,PLACE DE LA CONCORDE,0,,1,3,1,1,(1),(1),1,, -1,1,-1,5,50,2,1,1,75,75108,2,7,0,7,PLACE DE LA CONCORDE,48.864816,2.322129,16,1,1
202100033754,141Â 436,A01,2,2,2,0,1,0,-1,-1, -1,-1,2021,23.0,1,2,4,0,1,2,1,,1,A50-Sens Marseille vers Aubagne,0,,1,2,0,1,2,700,1,, -1,1,0,1,70,17,6,1,13,13210,1,1,0,7,A50-Sens Marseille vers Aubagne,43.28506,5.42333,20,4,2
202100022087,162Â 144,B01,1,1,1,0,8,0,-1,-1, -1,-1,2021,43.0,1,1,1,2,1,1,5,,4,SALINS DE (DU 16 AU 63),0,,2,1,0,1,(1),(1),1,, -1,1,0,1,50,27,8,1,25,25462,2,1,0,1,SALINS DE (DU 16 AU 63),46.90651,6.34777,11,2,2
202100023708,159Â 237,A01,1,1,1,9,1,0,-1,-1, -1,-1,2021,91.0,2,2,0,2,8,26,1,,3,,0,,2,2,0,1,5,310,1,, -1,1,0,1,50,17,8,1,45,45068,2,3,0,3,Avenue du GÃ©nÃ©ral Leclerc,48.015666,2.738701,9,2,2
202100041450,127Â 514,A01,1,1,1,5,8,-1,-1,0,0,-1,2021,80.0,1,2,10,0,1,1,1,,3,44,0,F,2,2,0,1,1,350,1,, -1,1,2,1,50,30,4,1,31,31177,2,1,0,6,Village,42.926978,0.683947,16,1,1
202100037089,135Â 406,A01,2,2,1,5,0,-1,-1,0,0,-1,2021,63.0,3,6,13,0,1,13,1,,5,,0,,2,2,0,3,(1),(1),3,, -1,1,0,1,-1,1,6,1,56,56090,1,1,0,6,Lieu-dit le Bugoz Izel,47.890611,-3.218318,14,2,1
202100025895,155Â 402,A01,1,1,1,5,1,-1,-1,0,0,-1,2021,23.0,1,2,6,2,3,5,1,,3,7,-1,N,2,2,0,2,(1),(1),2,, -1,1,0,1,-1,1,8,2,972,97231,2,1,0,1,L Anse Ã  l Ãne,14.538511,-61.066968,18,2,2
202100013805,177Â 020,A01,1,1,1,4,2,8,-1,-1, -1,-1,2021,22.0,2,1,0,2,1,1,3,,4,HUIT-OCTOBRE (PLACE DU),0,,3,2,0,1,0,0,2,, -1,1,5,1,50,24,3,2,2,2691,2,6,0,3,HUIT-OCTOBRE (PLACE DU),49.8422,3.29491,20,2,2
202100000236,201Â 305,B01,1,1,1,0,2,-1,-1,-1, -1,-1,2021,35.0,1,1,1,2,2,17,1,,4,,-1,,2,2,-1,1,(1),(1),1,, -1,1,0,1,50,30,5,1,73,73065,2,1,0,3,111 Avenue de Turin,45.569173549,5.9315761864,11,2,2
202100045021,121Â 253,A01,1,1,1,9,2,6,-1,0,0,-1,2021,20.0,1,1,0,2,2,1,1,,2,RN 88,0,,1,2,0,1,30,566,1,, -1,1,5,1,30,5,4,1,81,81144,1,6,0,3,RN 88,43.96153,2.16738,19,2,2
202100004664,193Â 440,B01,2,1,1,5,2,8,-1,-1, -1,-1,2021,25.0,1,1,0,2,1,17,1,,2,tsoundzou-Kadjifouni ( rue ),0,,-1,2,0,1,0,0,2,, -1,1,0,3,50,3,12,1,976,97611,2,1,0,3,tsoundzou-Kadjifouni ( rue ),-12.80489,45.21054,15,3,2
202100003201,196Â 047,B01,2,2,2,0,1,-1,-1,0,0,-1,2021,80.0,1,2,0,0,1,17,1,,1,1,0,A,1,3,0,2,74,700,1,,"13,5",1,0,1,130,15,12,3,60,60424,1,1,0,2,A1,49.465063,2.707003,17,3,2
202100015771,173Â 477,A01,1,1,2,0,1,0,-1,-1, -1,-1,2021,51.0,1,2,0,2,1,26,1,,3,REPUBLIQUE (AVE DE LA ) 43/106 =>,0,,2,2,0,1,0,0,1,, -1,1,0,1,50,1,10,1,93,93001,2,1,0,3,REPUBLIQUE (AVE DE LA ) 43/106 =>,48.908414,2.387489,9,2,2
202100039348,131Â 266,A01,1,1,1,1,1,-1,-1,0,0,-1,2021,40.0,0,2,0,2,4,1,1,,7,433,-1,D,2,2,1,1,(1),(1),1,, -1,2,0,1,50,19,5,1,69,69088,2,3,0,2,LAMARTINE (Q),45.833286,4.845626,12,2,2
202100010378,183Â 159,A01,10,3,1,0,0,-1,-1,4,4,1,2021,10.0,1,2,0,1,3,0,6,,3,DANIELLE CASANOVA (RUE)  59 =>,0,,2,3,3,1,0,1,1,, -1,2,0,1,50,29,10,1,93,93001,2,9,1,6,DANIELLE CASANOVA (RUE)  59 =>,48.9237047472,2.3692381382,12,2,1
202100052741,107Â 455,A01,1,1,2,5,1,0,-1,-1,0,-1,2021,21.0,2,2,4,0,1,13,1,,2,RN 184,0,,1,2,0,2,9,154,2,, -1,2,0,1,70,2,2,1,95,95394,1,1,1,6,RN 184,49.0524296334,2.1798419952,13,1,1
202100046195,119Â 198,A01,1,1,1,0,2,6,-1,0,0,-1,2021,19.0,3,1,0,0,4,15,1,,4,,0,,-1,2,0,1,(1),(1),1,, -1,1,0,1,50,29,3,1,22,22162,1,2,0,2,Route de Kergrist,48.779053,-3.072106,15,2,2
202100031217,145Â 940,A01,1,1,1,0,2,0,-1,-1, -1,-1,2021,35.0,1,1,0,2,1,26,1,,3,BAS-ROGERS (RUE DES) NÂ° 38 AU 96,0,,2,2,0,2,0,0,1,, -1,1,0,1,50,3,7,1,92,92062,2,1,0,1,BAS-ROGERS (RUE DES) NÂ° 38 AU 96,48.8801129053,2.2301729769,13,2,2
202100056208,101Â 423,A01,1,1,2,0,1,-1,-1,0,0,-1,2021,36.0,1,2,1,0,1,5,1,,3,619,0,,2,2,0,1,27,800,1,, -1,2,0,6,70,6,1,2,10,10220,1,1,0,6,D619,48.503057,3.769813,8,1,1
202100032477,143Â 720,B01,1,1,2,0,8,0,-1,-1, -1,-1,2021,53.0,1,0,0,2,3,0,3,,3,PETITE-SYNTHE CD 940 - AVENUE,0,,1,1,3,1,1,0,3,, -1,1,9,1,50,24,6,1,59,59271,2,6,0,3,PETITE-SYNTHE CD 940 - AVENUE,51.01597,2.31482,20,3,2
202100022042,162Â 230,B01,10,3,1,0,0,-1,-1,6,3,1,2021,21.0,2,2,0,1,1,1,1,,2,118,0,,1,3,0,1,2,200,1,, -1,1,0,1,70,28,8,3,92,92048,1,1,0,6,N118,48.8113020456,2.2129734665,0,4,1
202100038122,133Â 521,B01,1,1,1,1,2,6,-1,0,0,-1,2021,27.0,2,1,0,2,1,1,1,,3,934,0,D,1,1,0,1,8,200,1,, -1,1,0,1,50,28,5,1,80,80685,2,6,0,3,dÃ©partementale 934,49.708736,2.775818,13,2,2
202100019452,166Â 866,A01,1,1,1,9,2,8,-1,-1, -1,-1,2021,26.0,1,1,0,2,1,19,5,,7,JEAN PAIN (BOULEVARD),0,,3,5,3,1,1,500,1,, -1,1,0,1,50,31,5,1,38,38185,2,2,0,3,Boulevard Jean Pain,45.1865,5.7348,17,2,2
202100052866,107Â 218,B01,3,2,1,0,1,0,-1,-1, -1,-1,2021,8.0,1,2,0,2,1,1,1,,2,MARSEILLE (Route de ),0,,3,4,0,1,56,1,2,, -1,2,5,1,70,1,2,1,84,84007,1,1,1,6,MARSEILLE (Route de ),43.92243,4.85695,8,6,2
202100020852,164Â 374,A01,2,2,1,5,1,-1,-1,-1, -1,-1,2021,32.0,0,2,0,2,1,15,1,,4,LIBERATION (AVENUE DE LA),0,,2,3,0,1,(1),(1),1,, -1,1,0,1,50,4,9,1,42,42071,2,2,0,1,LIBERATION (AVENUE DE LA),46.0177349918,4.0911903977,15,5,2
202100050453,111Â 518,B01,1,1,1,9,1,-1,-1,0,0,-1,2021,50.0,3,2,0,2,3,26,1,,4,OURS (CHEMIN DE L'),0,,1,1,0,1,(1),(1),3,, -1,1,0,1,50,19,2,1,65,65226,1,6,0,3,OURS (CHEMIN DE L'),43.238635,0.009841,17,2,2
202100000504,200Â 802,B01,1,1,2,0,1,0,-1,-1, -1,-1,2021,57.0,3,2,0,0,4,2,1,,3,GRANDE CHARTREUSE (AVENUE DE LA),0,,2,2,0,2,34,20,1,, -1,2,0,1,50,13,11,5,73,73065,2,6,0,4,BELLEVUE (BOULEVARD DE),45.5590414666,5.9222423745,20,3,3
202100031882,144Â 765,A01,1,1,1,1,1,0,-1,-1, -1,-1,2021,46.0,3,2,0,2,1,15,1,,7,RN 545,0,,2,2,0,1,0,0,1,, -1,1,0,1,80,26,6,1,13,13039,1,1,1,3,RN 545,43.4359,4.92519,13,2,2
202100043176,124Â 487,A01,1,1,1,1,2,0,-1,-1, -1,-1,2021,19.0,1,1,0,2,1,25,3,,4,SENATORERIE (IMPASSE DE LA),0,,-1,1,0,3,0,0,1,, -1,1,0,4,10,20,4,1,23,23096,2,3,0,3,SENATORERIE (IMPASSE DE LA),46.1675,1.8701,16,6,2
202100046769,118Â 172,B01,1,1,1,0,2,8,-1,-1, -1,-1,2021,19.0,2,1,1,2,1,1,1,,4,MONTREDON (AVENUE DE),0,,2,2,0,1,0,0,1,, -1,1,0,1,50,24,3,1,13,13208,2,3,0,1,MONTREDON (AVENUE DE),43.24,5.37,7,3,3
202100054748,103Â 938,A01,10,3,2,3,0,-1,-1,5,1,1,2021,57.0,1,2,1,1,2,26,1,,4,PASTEUR (RUE),0,,2,1,0,1,0,0,1,, -1,1,0,4,30,15,1,1,974,97416,2,1,0,1,PASTEUR (RUE),-21.2855,55.4701,12,2,1
202100040710,128Â 847,B01,1,1,1,0,2,6,-1,-1, -1,-1,2021,38.0,2,1,0,2,1,3,1,,1,A86 EXT,0,,3,6,0,1,59,700,1,, -1,1,0,1,110,9,5,1,78,78640,1,1,0,5,A86 EXT,48.77778,2.21617,19,4,3
202100045434,120Â 522,A01,1,1,1,4,8,0,-1,0,0,-1,2021,36.0,3,1,0,0,0,21,5,,4,RUE SAINT ANTOINE,0,,2,2,1,1,(1),(1),1,, -1,1,-1,5,50,31,3,1,75,75104,2,3,0,7,RUE SAINT ANTOINE,48.85338,2.367659,17,1,1
202100009737,184Â 299,A01,1,1,1,5,1,0,-1,-1, -1,-1,2021,72.0,1,2,0,2,4,4,1,,4,SAINTE ANNE (RUE DE),0,,2,2,0,1,(1),(1),1,, -1,1,0,1,50,1,11,2,87,87085,2,1,1,2,SAINTE ANNE (RUE DE),45.81743,1.27469,8,2,2
202100037095,135Â 397,A01,1,1,1,4,0,-1,-1,0,0,-1,2021,44.0,3,1,0,0,0,1,1,,4,,-1,,2,2,0,1,(1),(1),1,, -1,1,0,1,50,1,6,1,89,89208,2,1,0,7,rue de l'Ancien RÃ©servoir,47.619175,3.86777,16,1,1
202100042096,126Â 386,B01,1,1,2,5,1,-1,-1,0,0,-1,2021,33.0,0,2,0,1,3,1,1,,4,,-1,,2,2,0,1,(1),(1),1,, -1,1,0,1,-1,24,4,1,49,49307,2,2,0,3,Rue de la Croix de Bois (Brain-sur-l'Authion),47.447652,-0.419551,19,6,2
202100032107,144Â 359,B01,1,1,1,5,1,0,-1,-1, -1,-1,2021,40.0,1,2,0,2,4,1,1,,4,VOIE DES BERGES,0,,3,4,0,1,1,0,1,, -1,1,0,1,90,27,6,5,49,49007,2,1,0,2,VOIE DES BERGES,47.4843,-0.54849,1,4,2
202100019467,166Â 842,B01,1,1,1,9,2,6,-1,-1, -1,-1,2021,64.0,2,1,0,2,1,3,1,,4,MOULIN (AVENUE JEAN),0,,1,3,0,1,0,0,1,, -1,1,0,1,50,11,9,1,83,83069,2,1,0,3,MOULIN (AVENUE JEAN),43.113087304,6.129719317,19,2,2
202100043419,124Â 050,B01,3,2,1,0,8,0,-1,-1, -1,-1,2021,14.0,2,2,1,2,4,2,1,,3,R.D.20,0,,3,4,0,2,38,0,1,, -1,1,0,1,90,19,4,1,91,91223,2,1,0,4,R.D.20,48.42368,2.14043,19,5,3
202100044677,121Â 851,B01,1,1,1,5,8,0,-1,-1, -1,-1,2021,9.0,3,1,0,2,7,19,5,,4,BRECHE (RUE DE LA),0,,2,1,0,1,(1),(1),1,, -1,1,0,1,30,7,4,1,60,60175,2,1,0,3,BRECHE (RUE DE LA),49.26573,2.48216,11,2,2
202100015636,173Â 722,A01,1,1,1,4,1,0,-1,0,0,-1,2021,23.0,1,5,0,2,4,16,3,,4,AVENUE DE LA PORTE DE LA CHAPELLE,0,,4,2,0,1,(1),(1),3,, -1,1,0,1,30,2,10,1,75,75118,2,2,0,2,AVENUE DE LA PORTE DE LA CHAPELLE,48.898682,2.35933,8,3,2
202100021388,163Â 414,B01,1,1,2,0,1,-1,-1,0,0,-1,2021,34.0,0,2,0,0,5,2,1,,3,836,0,D,2,2,0,1,15,700,2,, -1,1,0,1,50,31,8,1,27,27448,2,9,0,2,D836,49.008921,1.390559,18,2,2
202100031517,145Â 425,A01,10,3,2,9,0,-1,-1,9,9,3,2021,16.0,0,2,2,1,0,1,1,,4,,-1,,2,2,0,1,(1),(1),2,,5,1,0,8,70,2,7,3,69,69176,1,1,0,6,LOUP (DU) (CHM),45.6751720084,4.7128987312,0,10,1
202100027391,152Â 752,A01,1,1,1,0,2,0,-1,-1, -1,-1,2021,31.0,1,1,0,2,1,0,1,,3,WINSTON CHURCHILL (AV),0,,1,2,0,1,1,0,1,, -1,1,0,1,50,23,7,1,94,94078,2,3,0,3,Avenue Winston Churchill,48.7531,2.4522,12,2,2
202100045822,119Â 849,B01,1,1,1,0,2,6,-1,-1, -1,-1,2021,64.0,2,1,0,2,1,1,1,,3,131,0,,3,2,0,1,0,0,1,, -1,1,0,1,50,31,3,1,92,92035,2,1,0,3,Verdun 1916 ( avenue de ),48.9046438637,2.2327888012,17,2,2
202100033934,141Â 106,B01,1,1,2,5,0,-1,-1,0,0,-1,2021,68.0,2,1,0,2,3,2,5,,3,992,0,,2,2,0,1,4,0,2,, -1,1,0,1,80,1,6,1,1,1193,1,3,0,3,D992,45.640568,5.644087,16,2,2
202100036234,136Â 915,B01,1,1,1,5,2,6,-1,-1, -1,-1,2021,18.0,1,1,0,2,3,26,1,,4,NOVELLA,0,,2,2,2,1,0,0,3,, -1,1,0,1,50,5,6,1,64,64335,2,6,0,3,NOVELLA,43.32328,-0.42091,14,2,2
202100030943,146Â 445,A01,10,3,2,3,0,-1,-1,3,3,2,2021,56.0,3,2,0,1,1,1,1,,4,,-1,,2,2,0,1,(1),(1),1,, -1,1,0,1,50,3,7,1,86,86062,1,1,0,6,AllÃ©e du Haut Poitou,46.646985,0.361053,16,3,1
202100045031,121Â 233,B01,2,2,1,0,2,0,-1,-1, -1,-1,2021,0.0,0,1,0,2,0,0,1,,4,PAUL COXE (RUE),0,,2,2,0,1,(1),(1),1,, -1,1,0,1,50,5,4,1,13,13214,2,1,0,4,PAUL COXE (RUE),43.3467330361,5.3782428269,14,4,3
202100013922,176Â 817,B01,1,1,2,1,1,-1,-1,0,0,-1,2021,44.0,1,2,0,0,4,2,1,,2,171,-1,,3,4,0,1,80,369,1,, -1,1,0,1,90,10,10,3,44,44052,1,1,0,2,RN 165 - PK 080+000,47.338008,-2.11195,7,2,2