Num_Acc,id_vehicule,num_veh,place,catu,sexe,trajet,secu1,secu2,secu3,locp,actp,etatp,year_acc,victim_age,senc,catv,obs,obsm,choc,manv,motor,occutc,catr,voie,v1,v2,circ,nbv,vosp,prof,pr,pr1,plan,lartpc,larrout,surf,infra,situ,vma,jour,mois,lum,dep,com,agg_,int,atm,col,adr,lat,long,hour,nb_victim,nb_vehicules
202100045338,120Â 699,B01,10,3,1,2,0,-1,-1,3,3,2,2021,16.0,2,2,0,1,4,1,1,,4,SILOS ( RUE DES ),0,,2,2,0,1,0,1,1,, -1,2,0,1,50,28,1,1,5,5061,2,1,1,2,SILOS ( RUE DES ),44.56601,6.08772,16,4,2
202100051573,109Â 512,B01,1,1,1,1,1,0,-1,-1, -1,-1,2021,37.0,3,2,0,2,1,1,1,,2,N104 DIT FRANCILIENNE (BRETELLE ACCES),0,,1,1,0,2,20,202,1,, -1,1,0,1,30,12,2,2,77,77122,1,3,0,3,RD 48,48.65758,2.61197,8,2,2
202100038346,133Â 088,A01,1,1,2,0,1,0,-1,0,0,-1,2021,81.0,1,2,0,2,3,1,1,,4,,0,,2,2,0,1,(1),(1),1,, -1,1,0,1,50,24,5,1,63,63113,2,2,0,3,Union SoviÃ©tique / Michelin,45.78129,3.10432,16,2,2
202100056391,101Â 102,A01,1,1,1,0,2,8,-1,-1, -1,-1,2021,34.0,2,1,0,2,2,26,1,,3,SOLEIL LEVANT (BOULEVARD DU),0,,2,2,0,1,1,0,1,, -1,1,0,1,50,1,1,1,972,97209,2,1,0,1,SOLEIL LEVANT (BOULEVARD DU),14.61834,-61.04562,14,2,2
202100001363,199Â 328,A01,1,1,1,0,2,6,-1,-1, -1,-1,2021,17.0,3,1,12,0,1,1,1,,4,RUE PIERRE BROSSOLETTE,0,,2,2,0,2,0,0,1,, -1,1,0,1,50,24,12,1,974,97407,1,1,1,7,RUE PIERRE BROSSOLETTE,-20.9534,55.30498,17,2,1
202100017275,170Â 776,A01,1,1,1,9,1,-1,-1,0,0,-1,2021,44.0,1,2,13,0,1,14,1,,1,28,-1,A,1,4,0,1,84,0,1,, -1,1,0,8,130,24,9,3,72,72047,1,1,0,6,"PK  084+000, autoroute A28",47.921634,0.301781,2,1,1
202100012317,179Â 718,A01,1,1,2,5,1,-1,-1,0,0,-1,2021,23.0,2,2,8,0,1,1,1,,3,17,0,D,2,2,0,4,8,320,2,, -1,1,0,3,70,17,10,3,37,37067,1,1,0,6,"carrefour D57, D17",47.251621,0.47282,5,1,1
202100010439,183Â 063,A01,10,3,2,5,0,-1,-1,3,3,1,2021,61.0,2,2,0,1,1,1,1,,3,25,-1,,2,2,0,1,41,100,1,, -1,1,0,1,50,15,10,1,21,21292,2,1,1,6,6 Rue de Franche-ComtÃ©,47.241439,5.223398,16,2,1
202100014376,176Â 013,A01,10,3,2,5,0,-1,-1,1,3,1,2021,68.0,3,2,0,1,1,1,1,,4,RHIN ET DANUBE (AV.),0,,-1,2,0,1,(1),(1),1,, -1,1,0,1,50,7,10,1,34,34032,2,3,0,6,RHIN ET DANUBE (AV.),43.35515,3.23697,14,2,1
202100041092,128Â 160,B01,1,1,1,5,1,8,-1,-1, -1,-1,2021,36.0,2,2,0,2,4,1,1,,4,SVOB ( BOULEVARD EMMANUEL),0,,3,2,0,1,(1),(1),1,, -1,1,0,1,30,4,5,1,56,56121,2,6,0,2,SVOB ( BOULEVARD EMMANUEL),47.75004,-3.36661,17,4,2
202100037569,134Â 512,A01,10,3,2,3,0,-1,-1,3,3,1,2021,83.0,1,2,0,1,1,1,1,,4,BEAUREGARD (AV ANDREE-DAVID DE ),0,,2,2,0,1,0,0,1,, -1,1,0,1,50,29,5,1,83,83069,2,1,0,6,BEAUREGARD (AV ANDREE-DAVID DE ),43.1176671916,6.1242836723,18,2,1
202100054678,104Â 048,A01,2,2,1,5,1,8,-1,-1, -1,-1,2021,20.0,1,2,2,0,1,14,1,,4,COMBES (BD EMILE),0,,2,2,2,1,(1),(1),2,, -1,2,0,4,50,17,1,5,35,35238,2,1,1,6,COMBES (BD EMILE),48.09348,-1.66777,6,2,1
202100034332,140Â 366,A01,10,3,1,1,0,-1,-1,5,9,1,2021,34.0,3,2,0,0,0,0,1,,4,,0,,1,1,0,1,0,0,1,, -1,1,0,8,50,15,6,1,92,92035,2,9,0,6,Jean Bonal ( rue ),48.9065984353,2.2491878271,9,3,1
202100006751,189Â 714,B01,1,1,1,0,1,-1,-1,0,0,-1,2021,33.0,2,2,0,2,1,1,1,,3,660,-1,,2,3,0,1,20,420,2,,"11,5",1,0,1,90,23,11,3,89,89240,1,1,0,1,D660,48.177276,3.362246,20,3,2
202100040137,129Â 853,B01,3,2,2,3,1,0,-1,-1, -1,-1,2021,11.0,1,2,0,2,4,2,1,,2,RN1 (ROUTE NATIONALE),0,,1,2,0,2,79,0,1,, -1,1,0,1,110,12,5,1,974,97416,1,1,0,2,RN1 (ROUTE NATIONALE),-21.32566,55.4738,16,5,2
202100052765,107Â 411,A01,10,3,1,1,0,-1,-1,3,3,1,2021,44.0,1,2,0,1,1,1,1,,4,DARRIGRAND (AVENUE JEAN),0,,2,2,0,2,0,0,1,, -1,2,0,1,50,1,2,1,64,64102,2,1,0,6,DARRIGRAND (AVENUE JEAN),43.4793,-1.49001,8,2,1
202100018868,167Â 921,A01,1,1,2,9,1,-1,-1,0,0,-1,2021,31.0,1,2,0,2,1,2,1,,3,568,0,D,2,2,0,1,1,545,3,, -1,1,0,1,50,16,9,1,201,201247,2,1,0,2,Rue General de Boissoudy,41.608287,9.280282,16,2,2
202100056090,101Â 619,B01,1,1,1,0,2,6,-1,0,0,-1,2021,30.0,0,1,0,2,1,1,1,,3,25,0,,2,2,0,2,1,310,4,, -1,1,0,1,-1,7,1,1,974,97413,2,1,0,3,56 cd25,-21.196758,55.300203,8,2,2
202100054716,103Â 987,A01,1,1,1,1,0,-1,-1,0,0,-1,2021,59.0,3,1,0,0,0,1,2,,4,,-1,,2,2,0,2,(1),(1),1,, -1,2,0,1,80,15,1,3,61,61272,1,1,1,7,Le Haut du Menil,48.747399,0.296797,6,1,1
202100043377,124Â 128,B01,1,1,1,5,2,6,-1,0,0,-1,2021,17.0,1,1,0,2,1,1,1,,4,,-1,,2,2,0,1,(1),(1),1,, -1,1,0,1,50,20,4,1,31,31186,2,3,0,3,62 Chemin de Raudelauzette,43.677673,1.43341,18,2,2
202100006288,190Â 555,B01,1,1,1,2,2,6,-1,0,0,-1,2021,20.0,2,1,0,2,8,1,1,,4,AVENUE KLEBER,0,,2,3,3,1,(1),(1),1,, -1,1,0,1,30,24,11,1,75,75116,2,3,1,3,AVENUE KLEBER,48.86781,2.290713,13,2,2
202100000003,201Â 761,A01,10,3,2,4,0,-1,-1,3,3,1,2021,62.0,1,2,0,1,3,1,1,,4,GENERAL GALLIENI (BOULEVARD DU),0,,2,2,0,1,(1),(1),1,, -1,1,0,1,50,15,7,1,85,85048,2,1,1,6,15 rue FranÃ§ois Nicolas,46.92195,-0.96446,7,2,1
202100033434,142Â 011,B01,1,1,2,5,1,0,-1,-1, -1,-1,2021,56.0,3,2,0,2,8,19,1,,3,SEMARD(RUE PIERRE),0,,1,2,0,1,0,0,2,, -1,2,5,1,50,19,6,5,94,94011,2,9,1,3,SEMARD(RUE PIERRE),48.7627,2.47863,21,2,2
202100029204,149Â 552,A01,2,2,2,5,1,-1,-1,0,0,-1,2021,21.0,1,2,16,0,9,0,1,,3,D498,0,,2,2,0,2,4,10,1,, -1,9,0,3,50,13,7,3,42,42318,1,1,0,7,D498,45.367471,3.92301,22,3,1
202100046512,118Â 646,A01,1,1,2,9,2,0,-1,0,0,-1,2021,19.0,2,1,0,2,7,26,5,,7,LAVOISIERS (BD),0,,1,2,0,1,(1),(1),1,, -1,1,0,1,50,25,3,1,63,63113,2,2,0,3,LAVOISIERS /FontgiÃ¨ve,45.78231,3.07288,16,2,2
202100042413,125Â 815,A01,1,1,1,5,1,0,-1,-1, -1,-1,2021,32.0,2,2,6,2,9,0,1,,1,A51-Sens Aix en Provence vers Marseille,0,,1,3,0,1,2,0,2,, -1,2,0,1,90,26,4,3,13,13071,1,1,1,1,A51-Sens Aix en Provence vers Marseille,43.41274,5.36435,20,2,2
202100055167,103Â 206,B01,4,2,2,5,1,-1,-1,-1, -1,-1,2021,10.0,3,2,0,2,1,1,1,,4,,0,,2,2,0,1,(1),(1),1,, -1,2,0,1,50,12,1,5,69,69264,2,2,1,4,PASQUIER PIERRE (BD),45.98669,4.73091,20,4,3
202100048937,114Â 275,B01,1,1,2,0,2,0,-1,-1, -1,-1,2021,59.0,0,1,0,2,2,1,5,,4,FAUBOURG DE BOURGOGNE (RUE DU),0,,-1,2,2,1,(1),(1),1,, -1,1,0,5,50,6,3,1,45,45284,2,3,0,3,Rue du Faubourg de Bourgogne,47.90425,1.94013,9,2,2
202100028387,150Â 972,B01,2,2,2,5,2,6,-1,0,0,-1,2021,16.0,3,1,0,2,8,1,1,,4,101,-1,,2,2,0,1,(1),(1),1,, -1,1,0,1,80,19,7,1,50,50391,1,1,0,3,Route de la Croix du Hamel,48.610483,-1.061254,20,3,2
202100046950,117Â 855,B01,1,1,1,4,2,0,-1,0,0,-1,2021,30.0,1,1,0,2,3,7,1,,4,RUE DE LA CHAPELLE,0,,1,3,3,1,(1),(1),3,, -1,1,-1,6,50,22,3,1,75,75118,2,1,0,3,RUE DE LA CHAPELLE,48.897918,2.359409,13,2,2
202100040200,129Â 743,B01,1,1,2,5,1,8,-1,-1, -1,-1,2021,28.0,1,2,0,2,4,2,1,,2,05 PK RN237 MOULIN JUSTICE RE,0,,3,4,0,1,5,500,1,, -1,1,0,1,90,12,5,1,17,17300,1,1,0,2,05 PK RN237 MOULIN JUSTICE RE,46.17228,-1.18388,20,2,2
202100005459,192Â 032,A01,2,2,2,5,1,-1,-1,0,0,-1,2021,70.0,2,2,0,2,3,9,1,,3,56,-1,,4,2,0,2,5,800,4,, -1,2,0,1,50,1,12,1,62,62557,2,4,0,3,Rue de la Gare,50.321717,2.70128,15,3,2
202100007570,188Â 211,B01,1,1,2,0,2,-1,-1,-1, -1,-1,2021,26.0,0,1,0,2,8,3,1,,4,VALVERT                                 ,0,,1,2,0,1,(1),(1),3,, -1,1,0,1,50,16,11,5,69,69081,2,9,0,3,VALVERT (DU) (BD),45.7649770139,4.7722694278,18,2,2
202100053791,105Â 598,A01,1,1,2,5,1,-1,-1,0,0,-1,2021,33.0,2,2,2,0,1,14,1,,3,156,0,D,2,2,0,1,6,300,1,, -1,7,0,8,80,23,1,1,54,54394,1,1,0,6,D156,49.3415904696,5.8306850876,12,1,1
202100010944,182Â 163,A01,1,1,2,0,1,0,-1,-1, -1,-1,2021,22.0,1,2,0,2,1,0,1,,4,PASTEUR VALERY RADOT(IMPASSE ET RUE),0,,1,1,0,1,0,0,1,, -1,1,3,1,50,25,10,1,94,94028,2,9,0,2,PASTEUR VALERY RADOT(IMPASSE ET RUE),48.77959,2.44318,11,2,2
202100020699,164Â 630,B01,1,1,1,0,1,0,-1,-1, -1,-1,2021,47.0,2,1,0,2,0,1,1,,3,ECOLES (RUE DES),0,,2,4,0,1,0,0,1,, -1,2,9,1,50,4,9,1,28,28218,2,9,0,7,ECOLES (RUE DES),48.4410949041,1.4631236096,17,2,2
202100013857,176Â 928,B01,1,1,2,1,8,4,-1,-1, -1,-1,2021,51.0,1,1,0,2,1,1,5,,4,MAIL MARCEL CACHIN,0,,2,2,1,1,(1),(1),1,, -1,1,0,8,30,11,10,2,38,38169,2,1,0,3,MAIL MARCEL CACHIN,45.1931,5.68748,7,2,2
202100026313,154Â 656,B01,2,2,1,9,1,8,-1,-1, -1,-1,2021,32.0,1,2,1,2,7,1,1,,4,RUE DARDENNE,0,,2,1,0,2,(1),(1),1,, -1,1,0,1,50,29,7,5,31,31555,2,2,0,3,RUE DARDENNE,43.60391,1.45889,23,3,2
202100006342,190Â 456,A01,1,1,1,0,0,-1,-1,0,0,-1,2021,65.0,1,0,0,0,0,2,3,,2,1,0,A,2,2,0,1,42,0,1,, -1,1,0,1,30,24,11,1,987,98752,1,1,0,7,RT1 PK42.000 SENS PAPEETE TARAVAO,-17.773754,-149.444155,17,1,1
202100018840,167Â 969,A01,1,1,1,5,2,-1,-1,0,0,-1,2021,70.0,1,1,0,5,1,1,5,,3,92,-1,,2,1,0,2,10,600,1,,3,1,0,1,80,11,9,1,71,71340,1,2,0,6,D92,46.558978,4.190292,10,1,1
202100029359,149Â 292,A01,1,1,2,5,1,-1,-1,0,0,-1,2021,20.0,2,2,13,0,9,14,1,,1,75,-1,,3,4,0,1,225,160,1,, -1,2,0,2,130,13,7,3,12,12084,1,1,1,6,Autoroute A75 ,44.0520301098,3.0474181473,2,2,1
202100043476,123Â 947,A01,10,3,1,0,8,8,-1,3,3,1,2021,2.0,-1,2,0,1,3,1,1,,3,HUIT-MAI-1945 (PLACE DU),0,,1,2,0,1,0,1,2,, -1,1,0,1,30,19,4,1,93,93027,2,6,0,6,HUIT-MAI-1945 (PLACE DU),48.9208,2.41095,15,2,1
202100042300,126Â 015,A01,10,3,2,5,0,-1,-1,2,3,1,2021,4.0,2,2,0,1,0,21,1,,4,GENERAL EUGENE BOUET (RUE DU),0,,1,1,0,2,0,0,1,, -1,2,0,1,50,27,4,1,64,64102,2,1,1,6,GENERAL EUGENE BOUET (RUE DU),43.5012032411,-1.4674552816,18,2,1
202100022688,161Â 058,B01,1,1,2,2,1,0,-1,-1, -1,-1,2021,44.0,3,2,0,2,4,15,1,,4,,0,,2,2,0,2,0,0,3,, -1,1,0,1,50,24,8,1,974,97411,2,9,0,2,AMAZONITES (ALLEE DES),-20.894535,55.450934,7,4,2
202100046665,118Â 355,A01,1,1,1,4,2,0,-1,-1, -1,-1,2021,25.0,2,1,0,2,1,3,1,,3,9,0,,2,2,1,1,0,0,1,, -1,1,0,1,50,25,3,1,92,92078,2,1,0,5,GALLIENI (BD) (1 A 79 ET 22 A 102),48.9252447364,2.3260679841,17,4,4
202100055081,103Â 357,B01,1,1,2,0,1,0,-1,-1, -1,-1,2021,34.0,2,1,0,2,2,18,3,,4,HENRI BARBUSSE (RUE),0,,1,1,0,1,0,0,1,, -1,2,0,4,30,14,1,5,93,93053,2,1,1,3,HENRI BARBUSSE (RUE),48.8911927099,2.4581256327,20,2,2
202100016168,172Â 741,A01,1,1,1,1,1,0,-1,-1, -1,-1,2021,56.0,2,4,9,0,1,26,1,,4,COMMERCE (RUE DU),0,,1,2,1,1,(1),(1),1,, -1,1,0,4,30,23,9,5,37,37261,2,1,0,6,COMMERCE (RUE DU),47.3950168601,0.6847243513,4,1,1
202100035243,138Â 701,A01,1,1,1,0,2,6,-1,-1, -1,-1,2021,41.0,-1,1,0,2,1,17,1,,2,201,0,,3,7,0,1,1,975,1,, -1,1,0,1,90,18,5,1,73,73065,1,1,0,2,N201 VRU,45.57016,5.9389,8,2,2
202100039364,131Â 237,A01,1,1,2,1,2,-1,-1,0,0,-1,2021,34.0,1,1,0,2,3,1,1,,3,8,-1,,2,2,0,1,7,850,1,,4,1,0,1,50,18,5,2,37,37186,2,2,0,3,route ST BRICE,47.2552884194,0.5770544542,21,2,2
202100002887,196Â 610,A01,1,1,2,1,1,-1,-1,-1, -1,-1,2021,32.0,1,2,0,2,8,1,1,,4,CHOULANS (DE)                       (CH),0,,2,2,0,2,(1),(1),1,, -1,1,0,1,50,13,12,5,69,69385,2,2,0,3,CHOULANS (DE) (MO),45.75617,4.81542,22,2,2
202100040502,129Â 209,A01,1,1,1,9,1,0,-1,0,0,-1,2021,64.0,1,5,0,2,1,1,1,,4,QUAI SAINT MICHEL,0,,1,5,0,1,(1),(1),1,, -1,2,0,1,50,10,5,1,75,75105,2,7,1,3,QUAI SAINT MICHEL,48.853743,2.344302,5,2,2
202100045250,120Â 839,A01,1,1,1,0,8,0,-1,-1, -1,-1,2021,28.0,2,1,0,2,1,19,3,,3,AV CARNOT,0,,2,1,0,1,1,0,1,, -1,1,0,1,50,2,4,1,94,94078,2,1,0,3,CARNOT (AV),48.73305,2.45081,17,2,2
202100011843,180Â 549,A01,1,1,1,9,2,6,-1,0,0,-1,2021,41.0,1,1,0,2,8,17,1,,4,RUE D AVRON,0,,2,2,0,1,(1),(1),1,, -1,1,0,1,30,21,10,1,75,75120,2,1,0,5,RUE D AVRON,48.852146,2.403015,10,3,3
202100024100,158Â 582,B01,1,1,2,5,1,0,-1,-1, -1,-1,2021,74.0,2,2,0,2,4,12,1,,1,A7   20.110 A 22.950,0,,1,3,0,1,21,1,1,, -1,1,0,1,90,31,7,3,38,38087,1,1,0,2,A7,45.57974,4.80281,23,2,2
202100046012,119Â 511,B01,1,1,2,3,1,-1,-1,0,0,-1,2021,70.0,1,2,0,6,4,1,1,,2,31,-1,,2,2,0,1,67,0,1,, -1,1,0,1,90,30,3,2,60,60152,1,1,0,2,N31,49.396871,2.604929,7,2,2
202100006522,190Â 147,B01,1,1,1,1,1,-1,-1,0,0,-1,2021,37.0,1,2,1,0,2,14,1,,1,43,0,A,3,3,0,1,34,500,3,, -1,1,0,2,130,24,11,3,38,38053,1,1,0,2,A43 PK 34+500 sens Lyon-Chambery,45.593981,5.289059,20,2,2
202100019040,167Â 605,B01,1,1,1,5,2,-1,-1,0,0,-1,2021,87.0,1,1,0,2,4,14,5,,3,49,-1,,2,2,0,2,37,100,1,, -1,1,0,1,80,14,9,1,42,42213,1,1,0,6,Route de Valorges,45.900178,4.313711,15,2,2
202100049012,114Â 149,A01,3,2,1,5,1,-1,-1,0,0,-1,2021,19.0,2,2,2,0,5,1,1,,3,928,-1,,2,2,0,1,25,800,1,, -1,1,0,3,90,6,3,1,21,21519,1,1,0,6,D928,47.786803,4.841285,17,4,1
202100013609,177Â 394,A01,1,1,2,1,1,-1,-1,-1, -1,-1,2021,52.0,0,2,0,2,6,19,1,,4,JULES LECESNE (RUE),0,,2,2,0,1,0,0,1,, -1,1,0,1,50,11,10,1,76,76351,2,2,0,3,JULES LECESNE (RUE),49.493139,0.12017,19,2,2
202100044584,122Â 024,B01,1,1,1,0,1,0,-1,0,0,-1,2021,61.0,1,2,0,2,8,1,1,,4,ROUGET-DE-LISLE (R.),0,,2,4,0,1,(1),(1),1,, -1,1,0,1,50,9,4,1,6,6088,2,2,0,3,ROUGET-DE-LISLE (R.),43.70705,7.266607,19,3,2
202100003438,195Â 609,A01,10,3,2,9,0,-1,-1,4,5,1,2021,24.0,1,2,0,1,1,1,1,,4,PONT DE BIR HAKEIM,0,,1,2,0,1,(1),(1),1,, -1,1,0,1,30,11,12,1,75,75115,2,2,0,6,PONT DE BIR HAKEIM,48.854797,2.288492,11,2,1
202100032022,144Â 508,B01,1,1,1,5,2,6,-1,0,0,-1,2021,17.0,2,1,0,0,5,15,1,,3,13,0,D,1,1,0,1,8,700,1,, -1,1,0,1,50,27,6,1,3,3184,2,6,0,3,D13,46.611805,3.249628,15,2,2
202100002357,197Â 568,A01,1,1,1,5,1,-1,-1,0,0,-1,2021,51.0,1,2,8,0,1,26,1,,3,7,-1,D,2,2,0,1,35,385,1,, -1,2,0,3,50,8,9,1,86,86053,2,1,1,6,3 Rue de Champs DorÃ©,46.703245,0.158215,11,2,1
202100019707,166Â 417,A01,1,1,1,0,2,6,-1,-1, -1,-1,2021,51.0,2,1,0,2,1,2,1,,7,ROQUEFAVOUR (RTE DE),0,,2,2,0,1,(1),(1),1,, -1,1,0,1,70,9,9,1,13,13114,1,1,0,2,ROQUEFAVOUR (RTE DE),43.5269424664,5.2885659725,14,2,2
202100026500,154Â 332,A01,1,1,1,1,2,6,-1,0,0,-1,2021,23.0,2,1,0,2,2,1,1,,4,BOULEVARD DE LA CHAPELLE,0,,3,2,0,1,(1),(1),1,, -1,1,0,1,50,29,7,1,75,75110,2,2,0,3,BOULEVARD DE LA CHAPELLE,48.88428,2.364657,9,2,2
202100024567,157Â 747,A01,10,3,1,9,0,-1,-1,9,3,1,2021,28.0,3,2,0,1,4,26,1,,3,HUIT-MAI-1945 (AVENUE DU),0,,3,4,0,1,0,0,1,, -1,1,9,1,10,12,8,1,93,93030,2,9,0,6,Avenue du 8 Mai 1945,48.947302,2.436212,19,2,1
202100027173,153Â 142,A01,4,2,2,5,8,0,-1,-1, -1,-1,2021,6.0,2,2,6,0,1,2,1,,1,AUTOROUTE A6,0,,1,3,0,2,17,399,2,, -1,2,0,1,110,25,7,1,91,91589,1,1,1,6,AUTOROUTE A6,48.67709,2.33893,11,4,1
202100022199,161Â 966,A01,10,3,2,5,0,-1,-1,1,1,1,2021,5.0,3,2,0,1,8,1,1,,4,,-1,,2,2,0,1,(1),(1),1,,4,1,0,1,50,29,8,1,62,62318,2,1,0,6,Rue Neuve,50.520559,1.640538,14,2,1
202100029860,148Â 418,B01,4,2,1,0,1,0,-1,-1, -1,-1,2021,28.0,1,2,0,2,4,26,2,,3,MARTRE DE (4 A 54),0,,1,4,3,1,0,0,1,, -1,1,0,1,50,8,7,5,92,92024,2,1,0,2,MARTRE DE (4 A 54),48.89984,2.30898,22,3,2
202100049949,112Â 465,A01,1,1,1,0,2,6,-1,0,0,-1,2021,26.0,2,1,15,0,2,1,1,,3,662,0,D,2,2,0,1,2,800,1,, -1,1,0,4,50,28,2,1,67,67388,2,1,0,7,32 Route de Strasbourg,48.916644,7.657996,14,1,1
202100053202,106Â 639,A01,2,2,2,5,1,0,-1,-1, -1,-1,2021,50.0,3,2,5,0,5,1,1,,4,107,0,,2,2,0,1,3,770,1,, -1,1,0,8,50,29,1,1,49,49007,2,1,0,7,RD 107,47.51351,-0.5694,13,2,1
202100009021,185Â 589,A01,7,2,1,9,8,-1,-1,0,0,-1,2021,25.0,2,2,3,0,3,13,1,,2,4,-1,,3,4,0,1,9,200,1,, -1,2,0,1,110,6,11,3,57,57320,1,1,1,6,route nationale 4,48.691113,6.956626,8,3,1
202100008147,187Â 154,A01,1,1,1,5,2,8,-1,0,0,-1,2021,23.0,3,1,0,1,1,1,1,,4,PLACE CHARLES DE GAULLE,0,,1,4,0,1,(1),(1),2,, -1,2,0,1,30,14,11,5,75,75108,2,7,1,6,PLACE CHARLES DE GAULLE,48.873526,2.295833,2,3,1
202100006157,190Â 806,A01,10,3,1,4,4,-1,-1,6,B,1,2021,47.0,1,5,0,1,2,0,1,,1,2,-1,E,3,4,0,1,6,700,1,, -1,1,8,2,110,25,11,3,988,98805,1,1,0,6,"VE2 sens NOUMEA/PAITA, ZAC PANDA",-22.182557,166.431992,18,2,1
202100016965,171Â 299,B01,1,1,2,2,8,0,-1,-1, -1,-1,2021,14.0,1,1,0,2,8,26,5,,4,HUIT MAI 1945,0,,2,2,0,2,(1),(1),1,, -1,1,0,1,50,24,9,1,17,17291,1,1,0,3,HUIT MAI 1945,46.1776,-1.1136,16,2,2
202100054893,103Â 690,B01,1,1,2,1,1,-1,-1,-1, -1,-1,2021,30.0,2,2,0,2,2,1,1,,3,ABBAYE (RUE DE L'),0,,1,3,0,2,28,363,1,, -1,1,1,1,50,12,1,1,50,50129,2,9,0,3,ABBAYE (RUE DE L'),49.6469,-1.64281,13,2,2
202100033836,141Â 277,A01,1,1,1,0,8,0,-1,-1, -1,-1,2021,49.0,3,1,0,4,1,1,3,,4,RUE DES PEUPLIERS,0,,2,2,3,1,0,0,1,, -1,1,4,1,50,17,6,1,38,38185,2,1,0,3,RUE DES PEUPLIERS,45.16477,5.73058,17,2,2
202100033414,142Â 042,A01,1,1,1,0,2,8,-1,-1, -1,-1,2021,23.0,1,1,15,0,1,26,1,,4,FRANÃOISE DUPARC (BOULEVARD),0,,1,4,0,1,0,0,1,, -1,1,2,3,50,19,6,2,13,13204,2,1,0,7,FRANÃOISE DUPARC (BOULEVARD),43.307,5.401,22,2,1
202100019546,166Â 694,B01,1,1,1,0,2,6,9,0,0,-1,2021,28.0,1,1,0,2,1,1,0,,3,942,-1,,2,2,0,4,14,(1),1,, -1,1,0,1,30,12,9,1,59,59547,2,1,0,3,67 Rue Jean JaurÃ¨s,50.191861,3.42657,16,2,2
202100036051,137Â 245,B01,1,1,2,5,2,8,-1,-1, -1,-1,2021,59.0,1,1,0,2,1,1,1,,3,MENDES FRANCE (RUE),0,,-1,2,0,1,(1),(1),1,, -1,1,0,1,50,6,6,1,90,90010,2,2,0,3,MENDES FRANCE (RUE),47.6393,6.8723,16,2,2
202100014661,175Â 508,A01,10,3,2,5,0,-1,-1,1,3,1,2021,85.0,3,2,12,0,1,26,1,,4,,0,,-1,1,0,2,0,0,1,, -1,1,0,1,10,6,10,1,92,92020,2,1,0,6,BERTHELOT AVENUE MARCELIN,48.809268,2.29511,17,2,1
202100014696,175Â 446,B01,1,1,1,1,1,-1,-1,0,0,-1,2021,44.0,0,5,0,2,3,1,1,,3,11,0,,2,2,0,1,20,500,1,,"5,5",1,0,1,50,8,10,1,60,60183,2,1,0,1,Rue d Amiens,49.697846,2.172025,17,2,2
202100051819,109Â 076,A01,1,1,1,1,2,6,-1,0,0,-1,2021,41.0,1,1,0,0,0,21,1,,4,PORTE DES LILAS,0,,1,4,0,1,28,300,1,, -1,1,1,1,70,9,2,1,75,75119,2,1,0,7,PORTE DES LILAS,48.878061,2.408447,15,1,1
202100027875,151Â 888,B01,1,1,2,0,0,-1,-1,-1, -1,-1,2021,22.0,1,1,0,2,3,21,5,,4,GAMBETTA                            (CO),0,,2,4,3,1,(1),(1),1,, -1,1,0,1,50,20,7,1,69,69387,2,2,0,3,GAMBETTA (CR),45.7516237643,4.8535631597,14,2,2
202100006504,190Â 176,A01,1,1,1,4,1,9,-1,0,0,-1,2021,34.0,2,3,6,0,3,0,1,1.0,3,17,0,,2,2,0,1,30,623,3,, -1,1,0,4,50,24,11,5,2,2216,2,1,0,6,4 Rue de la Ramee,49.252277,3.209033,19,1,1
202100000093,201Â 583,A01,10,3,2,5,0,-1,-1,3,3,1,2021,70.0,2,2,0,1,3,19,1,,3,MENDIG (Rue),0,,2,1,0,1,0,0,1,, -1,1,6,1,50,31,12,1,91,91691,2,1,1,6,MENDIG (Rue),48.709581,2.481405,11,2,1
202100033838,141Â 273,A01,1,1,1,5,8,-1,-1,-1, -1,-1,2021,79.0,2,2,13,0,1,13,1,,7,RD 463,0,,2,2,0,1,39,283,1,, -1,1,0,3,80,17,6,1,35,35055,1,1,0,6,RD 463,48.07788,-1.59287,9,1,1
202100036669,136Â 166,A01,1,1,1,9,2,8,-1,-1, -1,-1,2021,49.0,1,1,0,2,8,3,1,,3,7,0,,1,2,0,2,0,0,2,, -1,1,0,1,50,2,6,1,92,92064,2,9,0,3,MARECHAL JUIN,48.8374708365,2.221643345,18,2,2
202100045507,120Â 398,A01,1,1,1,5,2,6,9,0,0,-1,2021,17.0,1,1,0,9,9,2,0,,3,143,0,,2,2,0,2,8,150,2,, -1,1,0,1,80,2,4,1,67,67122,1,1,0,6,D143,48.644076,7.339748,15,2,2
202100006129,190Â 849,B01,1,1,2,0,2,6,-1,-1, -1,-1,2021,47.0,1,1,0,2,8,1,1,,3,ANDRE MORIZET (AVENUE) - 49/FIN - 54/FIN,0,,2,2,0,1,0,0,1,, -1,2,0,1,50,26,11,5,92,92012,2,2,1,3,ANDRE MORIZET (AVENUE) - 49/FIN - 54/FIN,48.83502,2.24127,18,2,2
202100041323,127Â 744,B01,1,1,1,9,2,6,-1,0,0,-1,2021,24.0,1,1,0,2,2,3,1,,4,BOULEVARD DE BONNE NOUVELLE,0,,2,4,0,1,(1),(1),1,, -1,1,0,1,50,4,5,1,75,75102,2,2,0,5,BOULEVARD DE BONNE NOUVELLE,48.869835,2.351804,15,3,3
202100027571,152Â 440,B01,1,1,1,5,8,0,-1,0,0,-1,2021,30.0,1,1,0,2,3,1,5,,4,BOULEVARD DE BELLEVILLE,0,,2,2,1,1,(1),(1),1,, -1,1,0,1,50,21,7,5,75,75111,2,2,0,3,BOULEVARD DE BELLEVILLE,48.868896,2.380431,23,2,2