Num_Acc,id_vehicule,num_veh,place,catu,sexe,trajet,secu1,secu2,secu3,locp,actp,etatp,year_acc,victim_age,senc,catv,obs,obsm,choc,manv,motor,occutc,catr,voie,v1,v2,circ,nbv,vosp,prof,pr,pr1,plan,lartpc,larrout,surf,infra,situ,vma,jour,mois,lum,dep,com,agg_,int,atm,col,adr,lat,long,hour,nb_victim,nb_vehicules
202100005951,191Â 156,A01,10,3,1,5,0,-1,-1,4,3,2,2021,11.0,1,2,0,1,1,2,1,,4,PAVIE (AUGUSTE),0,,2,2,2,1,(1),(1),1,, -1,2,0,1,50,26,11,5,35,35238,2,3,1,6,PAVIE (AUGUSTE),48.10462,-1.649,19,2,1
202100004929,192Â 981,A01,10,3,1,9,0,-1,-1,9,9,2,2021,59.0,0,2,1,1,1,1,1,,4,CAMILLE DESMOULINS (R),0,,-1,1,0,1,0,0,1,, -1,1,0,1,50,1,12,1,94,94076,1,1,0,6,CAMILLE DESMOULINS (R),48.79461,2.3479,14,5,2
202100054867,103Â 731,B01,1,1,1,1,2,6,-1,-1, -1,-1,2021,28.0,2,1,1,2,8,1,1,,4,,0,,2,2,0,1,(1),(1),1,, -1,1,0,1,50,15,1,1,82,82121,2,3,0,3,GAMBETTA (AVENUE),44.01633738,1.3579785494,12,2,2
202100035504,138Â 249,A01,10,3,2,5,0,-1,-1,4,1,1,2021,70.0,3,2,0,1,2,1,1,,4,HALLES (RUE DES),0,,2,2,0,1,(1),(1),1,, -1,1,0,1,50,8,6,1,37,37261,2,1,0,6,HALLES (RUE DES),47.3935308035,0.684883432,15,2,1
202100015409,174Â 160,A01,1,1,1,0,0,-1,-1,0,0,-1,2021,27.0,0,1,0,6,1,0,0,,2,7,-1,,2,2,0,1,13,0,1,, -1,1,0,1,50,10,9,3,978,97801,2,1,0,6,route nationale 7 - quartier d'OrlÃ©ans,18.069473,-63.03512,18,1,1
202100028956,149Â 969,A01,1,1,1,1,2,6,-1,-1, -1,-1,2021,30.0,2,1,0,2,7,1,1,,1,A86 EXT,0,,1,4,0,1,38,0,1,, -1,1,0,1,90,15,7,1,94,94028,1,1,0,3,A86 EXT,48.798,2.445,18,2,2
202100022764,160Â 907,A01,1,1,1,5,1,4,-1,-1, -1,-1,2021,70.0,1,2,0,2,6,2,1,,1,A7-Sens Marseille vers Lyon,0,,1,3,0,2,273,700,1,, -1,1,3,1,90,23,8,3,13,13215,1,1,0,2,A7-Sens Marseille vers Lyon,43.37732,5.35785,21,3,2
202100044013,123Â 004,B01,1,1,1,0,1,0,-1,-1, -1,-1,2021,46.0,1,2,0,2,4,23,1,,4,BOLLEE (AV) NÂ° PAIRS 154 A 222,0,,2,4,1,1,0,0,1,, -1,1,0,1,50,12,4,1,72,72181,2,1,0,2,BOLLEE (AV) NÂ° PAIRS 154 A 222,47.99724,0.21749,13,2,2
202100053317,106Â 420,B01,1,1,1,0,8,0,-1,-1, -1,-1,2021,18.0,1,1,0,2,1,1,1,,3,MONTABO (ROUTE DE) 1,0,,2,2,0,1,2,750,1,, -1,1,0,1,50,28,1,1,973,97302,2,1,0,1,MONTABO (ROUTE DE) 1,4.93802,-52.29897,18,3,2
202100036368,136Â 693,B01,1,1,1,5,0,-1,-1,-1, -1,-1,2021,64.0,1,1,0,4,4,19,5,,4,CHALLEMEL LACOUR                    (R ),0,,2,2,3,1,(1),(1),1,, -1,2,4,6,50,4,6,5,69,69388,2,8,1,3,CHALLEMEL LACOUR (R),45.72938,4.85057,22,2,2
202100024307,158Â 217,A01,1,1,1,4,2,6,-1,0,0,-1,2021,31.0,1,1,0,2,1,18,1,,4,BOULEVARD DE GRENELLE,0,,1,2,0,1,(1),(1),1,, -1,1,0,1,30,13,8,1,75,75115,2,5,0,3,BOULEVARD DE GRENELLE,48.850711,2.292304,17,3,2
202100003909,194Â 768,A01,1,1,2,0,8,-1,-1,0,0,-1,2021,68.0,1,2,1,0,1,0,1,,4,603,0,,2,2,0,1,(1),(1),1,, -1,1,0,1,80,9,12,3,77,77183,1,1,0,6,Route dÃ©partementale 603,48.952146,3.131911,20,1,1
202100036580,136Â 328,A01,1,1,1,5,1,8,-1,-1, -1,-1,2021,22.0,2,2,0,2,9,14,1,,1,AUTOROUTE A1,0,,3,5,3,1,4,0,1,, -1,1,0,6,90,31,5,5,972,97213,1,1,0,6,AUTOROUTE A1,14.61711,-61.0166,19,1,1
202100031320,145Â 756,A01,1,1,1,9,8,0,-1,-1, -1,-1,2021,19.0,3,1,0,2,1,25,1,,4,,0,,2,0,3,1,(1),(1),1,, -1,1,0,4,50,1,7,1,94,94011,2,1,0,6,ROSTAND.(RUE JEAN),48.7672013545,2.4851145253,11,1,1
202100041884,126Â 754,A01,1,1,1,0,1,0,-1,-1, -1,-1,2021,42.0,1,2,0,2,2,1,1,,4,NATIONS UNIES (BD DES),0,,2,2,0,1,0,0,1,, -1,2,0,1,50,30,4,1,72,72181,2,3,1,3,NATIONS UNIES (BD DES),47.99534,0.22742,19,2,2
202100035746,137Â 810,A01,1,1,1,1,8,0,-1,0,0,-1,2021,44.0,1,1,0,2,8,1,5,,4,RUE DES PYRENEES,0,,2,2,0,2,(1),(1),1,, -1,1,0,1,30,8,6,1,75,75120,2,1,0,3,RUE DES PYRENEES,48.871831,2.392047,17,2,2
202100050500,111Â 431,A01,1,1,1,0,2,6,-1,-1, -1,-1,2021,29.0,2,1,0,2,7,5,1,,4,GABRIEL PERI (RUE),0,,1,1,0,1,0,0,3,, -1,1,0,1,30,21,2,1,92,92024,2,1,0,3,GABRIEL PERI (RUE),48.9066172993,2.30208233,14,2,2
202100051375,109Â 849,A01,1,1,1,0,1,0,-1,-1, -1,-1,2021,41.0,1,5,0,2,1,2,1,,1,A12 Y,0,,3,6,0,2,5,0,1,, -1,2,0,1,110,16,2,3,78,78545,1,1,1,4,A12 Y,48.809196,2.054421,18,7,3
202100042167,126Â 250,A01,1,1,2,1,1,0,-1,-1, -1,-1,2021,52.0,2,2,0,0,1,14,1,,3,RD 6015,0,,3,4,0,2,90,432,2,, -1,1,0,1,80,26,4,1,76,76305,1,1,0,6,RD 6015,49.512415697,0.2227413654,13,1,1
202100015142,174Â 645,B01,1,1,2,1,8,0,-1,-1, -1,-1,2021,41.0,1,1,1,0,1,1,5,,4,,0,,2,2,1,2,0,0,1,, -1,1,9,5,50,4,10,1,92,92050,2,1,0,3,PICASSO PABLO AVENUE,48.8892605697,2.229564786,16,2,2
202100025378,156Â 294,A01,1,1,1,5,1,-1,-1,0,0,-1,2021,43.0,2,2,13,0,1,1,1,,3,1205,0,D,2,2,0,1,(1),(1),1,, -1,1,0,3,80,5,8,1,74,74264,1,1,0,7,Cluses,46.058953,6.565919,11,1,1
202100055678,102Â 334,A01,10,3,2,9,0,-1,-1,4,3,2,2021,29.0,3,2,0,1,1,16,1,,4,RUE GASTON TESSIER,0,,1,2,0,1,(1),(1),1,, -1,1,0,1,50,8,1,5,75,75119,2,2,0,6,RUE GASTON TESSIER,48.895306,2.372095,20,3,1
202100009452,184Â 807,A01,1,1,2,0,1,8,-1,-1, -1,-1,2021,30.0,2,2,0,0,1,14,1,,3,ROCADE SUD RD 6161,0,,-1,2,0,2,11,0,1,, -1,2,0,3,80,4,11,3,11,11069,1,1,1,7,ROCADE SUD RD 6161,43.1944141059,2.3431777954,5,1,1
202100034063,140Â 874,A01,1,1,1,0,2,0,-1,-1, -1,-1,2021,16.0,1,1,0,2,1,1,1,,4,JUSTICE DE CASTELNAU (AVENUE DE LA),0,,2,2,0,1,(1),(1),1,, -1,1,0,1,50,16,6,5,34,34172,2,2,0,3,JUSTICE DE CASTELNAU (AVENUE DE LA),43.62681,3.88954,22,3,2
202100051804,109Â 101,B01,1,1,1,0,2,0,-1,-1, -1,-1,2021,48.0,1,0,0,2,4,2,3,,4,DENFERT-ROCHEREAU   AVENUE (59),0,,2,2,0,1,(1),(1),1,, -1,1,0,1,50,11,2,4,17,17300,2,6,0,2,DENFERT-ROCHEREAU   AVENUE (59),46.16557,-1.18835,21,2,2
202100024746,157Â 414,A01,10,3,1,5,0,-1,-1,1,3,1,2021,5.0,3,1,0,1,1,5,5,,4,NAHUQUES (ALLEES DE),0,,1,1,0,2,0,0,1,, -1,1,0,1,50,29,7,1,40,40192,2,1,0,1,NAHUQUES (ALLEES DE),43.89082,-0.47356,16,2,1
202100023514,159Â 605,B01,1,1,1,5,2,-1,-1,0,0,-1,2021,71.0,2,1,0,2,6,2,5,,3,22,-1,D,2,2,0,1,17,200,1,, -1,1,0,1,70,20,8,1,85,85018,1,1,0,2,D22,46.88886,-2.072479,15,2,2
202100024340,158Â 165,A01,1,1,1,1,0,-1,-1,0,0,-1,2021,26.0,2,2,0,0,1,1,1,,3,24,0,,2,2,0,2,7,800,2,, -1,1,0,3,80,13,8,1,51,51199,1,1,0,7,D24,49.1400050965,3.827721755,18,2,1
202100036848,135Â 831,D01,1,1,1,4,2,0,-1,-1, -1,-1,2021,34.0,1,1,0,2,9,0,1,,4,VALENTON (AV DE),0,,3,2,0,1,1,0,1,, -1,1,0,1,50,2,6,1,94,94078,2,1,0,5,Avenue de Valenton,48.733485,2.451827,15,4,4
202100053739,105Â 686,A01,1,1,1,0,1,0,-1,-1, -1,-1,2021,51.0,1,2,0,0,9,26,1,,1,VA008482 A624,0,,3,2,0,1,1,353,1,, -1,1,0,1,90,22,1,5,31,31555,1,1,0,7,VA008482 A624,43.6101,1.38635,21,1,1
202100018393,168Â 746,A01,1,1,1,5,2,6,-1,0,0,-1,2021,33.0,2,1,0,0,8,1,1,,4,BOULEVARD PERIPHERIQUE,0,,1,3,0,1,7,0,1,, -1,2,0,1,70,15,9,1,75,75114,2,1,1,7,BD PERIPHERIQUE EXTERIEUR,48.824936,2.303477,11,1,1
202100021481,163Â 244,A01,1,1,2,1,2,0,-1,0,0,-1,2021,38.0,1,1,0,0,1,1,5,,4,AVENUE DE LA PORTE DE VITRY,0,,2,4,1,1,(1),(1),1,, -1,1,0,5,30,1,9,1,75,75113,2,1,0,7,AVENUE DE LA PORTE DE VITRY,48.823266,2.37763,8,1,1
202100010759,182Â 500,A01,1,1,1,5,2,6,-1,0,0,-1,2021,28.0,1,1,0,0,0,1,1,,3,84,0,D,2,2,0,1,1,500,1,, -1,1,0,1,50,28,10,5,201,201198,2,1,0,7,D84 porto,42.268342,8.693801,1,1,1
202100039997,130Â 100,A01,1,1,1,5,8,-1,-1,0,0,-1,2021,49.0,2,2,13,0,2,1,1,,3,154,-1,,2,2,0,1,10,100,2,, -1,1,0,3,90,13,5,3,3,3216,1,1,0,7,D154,46.20846,2.704557,23,1,1
202100012642,179Â 115,A01,10,3,1,5,0,-1,-1,3,1,1,2021,13.0,1,1,0,1,1,1,1,,4,LEON BLUM      (Rue),0,,2,2,3,1,(1),(1),1,, -1,1,0,6,50,16,10,1,69,69266,2,1,0,6,LEON BLUM (R),45.75983,4.89577,14,2,1
202100004898,193Â 034,A01,1,1,1,4,1,0,-1,-1, -1,-1,2021,55.0,1,4,1,0,1,11,1,,1,A13,0,,1,3,0,3,45,400,2,, -1,2,0,1,90,4,12,3,78,78291,1,1,1,2,A13,48.9654,1.7556,0,3,2
202100030617,147Â 026,A01,1,1,1,5,1,-1,-1,0,0,-1,2021,30.0,2,2,0,2,1,5,1,,2,2,-1,,2,2,0,2,20,500,3,, -1,1,0,1,80,5,7,3,972,97204,1,1,0,1,N2,14.685481,-61.165609,23,3,2
202100040138,129Â 850,B01,1,1,1,9,2,0,-1,-1, -1,-1,2021,65.0,1,1,0,2,8,17,1,,2,RAMBAUD (LEOPOLD),0,,1,4,0,1,(1),(1),1,, -1,1,0,1,70,11,5,1,974,97411,2,1,0,2,RAMBAUD (LEOPOLD),-20.88543,55.47395,10,2,2
202100044248,122Â 576,A01,10,3,2,0,0,-1,-1,4,3,1,2021,70.0,0,2,0,1,1,16,1,,4,SAINT PIERRE (CHAUSSEE),0,,2,3,0,3,(1),(1),1,, -1,1,0,1,50,6,4,1,80,80021,2,1,0,6,SAINT PIERRE (CHAUSSEE),49.90262,2.30282,15,2,1
202100017684,170Â 012,B01,1,1,1,1,2,6,-1,-1, -1,-1,2021,40.0,0,1,0,2,1,26,1,,3,REPUBLIQUE (AV DE LA),0,,2,2,0,1,0,0,1,, -1,1,0,1,50,21,9,1,94,94046,2,1,0,1,REPUBLIQUE (AV DE LA),48.80576,2.44074,8,2,2
202100001006,199Â 966,A01,1,1,2,4,1,0,-1,-1, -1,-1,2021,34.0,2,2,0,2,8,15,1,,3,VAL DE SAIRE (RUE DU),0,,2,2,0,1,0,0,1,, -1,1,5,1,50,28,12,1,50,50129,2,3,0,3,VAL DE SAIRE (RUE DU),49.6389,-1.61777,9,2,2
202100051004,110Â 503,B01,9,2,1,3,1,-1,-1,0,0,-1,2021,28.0,1,2,0,0,4,2,1,,3,961,-1,,2,2,0,1,(1),(1),1,, -1,1,0,5,50,18,2,1,59,59053,2,4,0,2,52 Route d'Avesnes,50.293123,3.801114,15,4,2
202100014009,176Â 663,B01,2,2,2,5,1,0,0,0,0,-1,2021,57.0,1,2,1,2,2,1,1,,4,,0,,1,2,0,1,(1),(1),1,, -1,1,0,1,50,10,10,1,6,6088,2,2,0,3,TRACHEL (RUE),43.706175,7.260823,9,3,2
202100011139,181Â 821,A01,2,2,1,0,0,-1,-1,0,0,-1,2021,21.0,2,1,0,2,1,5,0,,3,,-1,,2,2,0,2,(1),(1),3,, -1,1,0,1,-1,24,10,3,972,97206,1,1,0,6,RD7,14.492484,-60.990171,19,4,3
202100033405,142Â 056,Z01,10,3,1,5,0,-1,-1,5,3,2,2021,4.0,3,1,0,1,1,25,0,,4,RUE DE BONNE,0,,-1,0,0,1,0,0,1,, -1,1,6,8,30,19,6,3,38,38185,2,2,0,3,RUE DE LA POSTE,45.18987,5.72699,21,2,1
202100040900,128Â 519,B01,1,1,1,0,2,8,-1,-1, -1,-1,2021,58.0,1,1,0,2,7,1,1,,3,DRION (BOULEVARD),0,,2,2,0,1,(1),(1),1,, -1,1,0,1,50,30,4,1,59,59008,2,3,0,3,DRION (BOULEVARD),50.32631,3.24885,13,2,2
202100050686,111Â 090,B01,1,1,1,2,2,-1,-1,0,0,-1,2021,15.0,2,1,0,2,7,1,1,,4,,0,,2,2,0,1,(1),(1),1,, -1,1,5,1,50,19,2,1,39,39526,2,6,0,3,,47.042485,5.41464,13,3,2
202100030567,147Â 118,B01,1,1,2,5,8,-1,-1,-1, -1,-1,2021,18.0,2,1,0,2,6,7,5,,4,BD MARECHAL LECLERC,0,,1,2,3,1,(1),(1),1,, -1,1,0,1,50,5,7,1,33,33063,2,1,0,3,Boulevard MarÃ©chal Leclerc,44.830551,-0.597016,14,2,2
202100026058,155Â 106,A01,1,1,1,5,1,-1,-1,0,0,-1,2021,19.0,1,2,17,0,1,13,1,,3,29,-1,,2,2,0,1,7,135,1,, -1,1,0,3,80,2,8,3,31,31413,1,1,0,6,D29,43.733127,1.104105,4,1,1
202100007910,187Â 601,A01,1,1,1,1,1,-1,-1,0,0,-1,2021,52.0,1,2,0,2,4,0,1,,1,42,-1,,1,4,0,2,21,332,1,, -1,1,0,1,130,16,11,1,1,1032,1,1,0,2,,45.862909,5.130014,8,2,2
202100048918,114Â 318,B01,1,1,1,0,2,6,-1,-1, -1,-1,2021,40.0,2,1,0,2,0,12,1,,1,15,0,,3,8,0,1,4,900,1,, -1,1,2,1,90,7,3,1,92,92036,1,1,0,6,AUTOROUTE A15,48.94297,2.28846,15,3,3
202100043285,124Â 291,A01,1,1,1,5,2,6,-1,0,0,-1,2021,45.0,3,1,0,2,1,1,1,,4,,-1,,2,2,0,1,(1),(1),1,, -1,1,0,1,30,22,4,1,27,27458,2,3,0,1,Rue de la Salle,49.324188,1.219987,16,2,2
202100017826,169Â 756,B01,1,1,1,1,2,0,-1,0,0,-1,2021,61.0,2,1,0,2,7,1,5,,7,THERMES (AVENUE DES),0,,1,2,0,1,(1),(1),1,, -1,1,0,1,50,20,9,1,63,63075,2,5,0,3,THERMES (AVENUE DES),45.77591,3.06801,14,2,2
202100051080,110Â 371,A01,1,1,2,1,2,6,-1,0,0,-1,2021,39.0,2,1,0,0,0,21,1,,4,RUE GALVANI,0,,1,1,0,1,(1),(1),1,, -1,2,0,1,50,17,2,1,75,75117,2,2,0,7,RUE GALVANI,48.883984,2.290875,9,1,1
202100043009,124Â 793,B01,3,2,1,0,1,8,-1,-1, -1,-1,2021,6.0,3,2,0,2,4,1,1,,4,CHEVRIES (RUE DES ),0,,2,2,0,1,(1),(1),1,, -1,2,0,1,50,22,4,1,78,78029,2,1,1,2,CHEVRIES (RUE DES ),48.969687,1.856614,9,3,2
202100027177,153Â 134,A01,1,1,2,0,1,4,-1,-1, -1,-1,2021,40.0,1,2,4,2,1,1,1,,1,AUTOROUTE A86,0,,3,7,0,1,16,100,1,, -1,1,1,1,90,25,7,1,93,93027,1,1,0,2,AUTOROUTE A86,48.92362,2.38468,12,3,2
202100026853,153Â 721,A01,10,3,1,9,0,-1,-1,5,9,1,2021,24.0,1,2,0,1,3,9,1,,4,RUE DU FAUBOURG SAINT DENIS,0,,2,3,3,3,(1),(1),1,, -1,1,0,4,50,27,7,1,75,75110,2,1,0,6,RUE DU FAUBOURG SAINT DENIS,48.879086,2.357049,6,2,1
202100034102,140Â 808,B01,1,1,1,5,2,6,-1,0,0,-1,2021,26.0,1,1,0,2,1,1,1,,4,BOULEVARD SAINT MARTIN,0,,2,6,0,1,(1),(1),1,, -1,1,0,1,50,16,6,1,75,75110,2,7,0,3,BOULEVARD SAINT MARTIN,48.867923,2.362358,16,2,2
202100036150,137Â 068,A01,1,1,1,1,1,-1,-1,0,0,-1,2021,54.0,2,4,0,0,0,1,1,,3,435,-1,,2,2,0,1,2,0,3,, -1,1,2,3,80,28,5,1,9,9094,1,1,0,7,rd 435,43.12184,1.061409,14,1,1
202100002150,197Â 943,A01,10,3,1,0,0,-1,-1,3,3,1,2021,42.0,3,2,0,1,1,1,1,,7,,0,,1,2,0,1,(1),(1),3,, -1,1,0,1,50,19,12,1,6,6027,2,1,0,6,Avenue de la Gare,43.66255,7.149463,14,2,1
202100011977,180Â 310,A01,10,3,1,5,0,-1,-1,4,3,1,2021,13.0,1,2,0,1,3,1,1,,3,ERABLES (AVENUE DES),0,,3,4,0,1,3,200,1,, -1,1,0,1,50,19,10,5,95,95680,2,1,0,6,ERABLES (AVENUE DES),49.00035,2.39451,19,3,1
202100020794,164Â 478,A01,1,1,1,5,2,6,-1,0,0,-1,2021,48.0,2,1,0,0,7,1,1,,3,459,-1,,2,2,0,1,3,900,3,, -1,1,0,1,80,5,9,1,68,68298,1,1,0,7,D459,48.244103,7.161836,17,1,1
202100044196,122Â 676,B01,1,1,1,1,6,2,9,0,0,-1,2021,59.0,1,1,0,2,1,1,1,,3,909,0,,2,2,0,1,0,697,1,, -1,1,0,1,90,14,4,2,34,34096,1,1,1,1,D909,43.580935,3.159213,8,2,2
202100022777,160Â 887,A01,10,3,1,5,0,-1,-1,3,3,1,2021,69.0,1,2,0,1,1,1,1,,4,ALAIN (R),0,,2,2,0,1,(1),(1),1,, -1,1,0,1,50,22,7,1,62,62498,2,1,0,7,ALAIN (R),50.431055,2.843675,9,2,1
202100014993,174Â 902,B01,1,1,1,0,2,6,-1,-1, -1,-1,2021,24.0,3,1,0,0,7,1,1,,4,AV HERGE,0,,2,2,0,1,1,0,1,, -1,1,0,1,50,5,10,1,77,77111,2,2,0,7,AV HERGE,48.857191,2.77216,17,2,2
202100014905,175Â 073,A01,1,1,1,0,0,-1,-1,0,0,-1,2021,30.0,0,1,1,0,1,0,0,,4,,-1,,-1,1,0,2,(1),(1),2,,3,1,0,1,30,7,10,5,978,97801,2,1,0,3,R FICHAUT,18.070054,-63.083552,4,1,1
202100052901,107Â 158,A01,1,1,1,1,2,6,-1,-1, -1,-1,2021,37.0,2,1,14,0,3,26,1,,4,FONTANGE (RUE),0,,1,1,0,1,(1),(1),1,, -1,2,0,1,30,1,2,3,13,13206,2,1,1,6,FONTANGE (RUE),43.2928,5.3854,6,1,1
202100019597,166Â 604,A01,1,1,1,5,2,6,-1,0,0,-1,2021,35.0,1,1,0,2,1,1,1,,3,42,-1,,2,2,0,1,41,100,3,, -1,1,0,1,80,11,9,1,85,85300,1,1,0,1,D42,46.684717,-1.576753,15,2,2
202100011645,180Â 910,A01,1,1,1,9,8,0,-1,0,0,-1,2021,25.0,1,1,12,0,7,14,5,,4,BOULEVARD DU MONTPARNASSE,0,,1,1,3,1,(1),(1),1,, -1,1,0,1,30,22,10,1,75,75114,2,2,0,6,BOULEVARD DU MONTPARNASSE,48.841956,2.329593,9,1,1
202100003282,195Â 896,A01,1,1,1,0,1,-1,-1,0,0,-1,2021,54.0,3,2,0,2,1,1,1,,4,,-1,,2,3,0,2,(1),(1),2,,"11,4",1,5,1,50,10,12,1,79,79174,2,3,0,1,Route de Limoges (Melle),46.222781,-0.139271,15,2,2
202100037069,135Â 440,B01,1,1,1,0,1,0,-1,0, -1,-1,2021,23.0,2,2,0,2,8,1,1,,3,CHARLES DE GAULLE AVENUE,0,,1,2,0,1,1,0,1,, -1,1,0,1,50,31,5,1,93,93046,2,2,0,3,Avenue Charles de Gaulle / Av du Consul General Nordling,48.91654,2.53147,12,3,2
202100036419,136Â 605,A01,1,1,2,5,1,-1,-1,-1, -1,-1,2021,21.0,1,2,14,0,3,1,1,,3,LIBERATION (AV DE LA),0,,2,2,0,1,0,0,1,, -1,1,9,1,50,28,5,1,50,50218,2,1,0,6,LIBERATION (AV DE LA),48.84159,-1.59196,21,3,1
202100051317,109Â 941,B01,1,1,1,1,8,0,-1,0,0,-1,2021,36.0,1,1,0,2,7,1,5,,4,BOULEVARD DE LA CHAPELLE,0,,1,2,0,1,(1),(1),1,, -1,2,0,1,30,16,2,5,75,75118,2,2,1,3,BOULEVARD DE LA CHAPELLE,48.884477,2.3648,17,2,2
202100049595,113Â 093,B01,1,1,2,4,1,0,-1,-1, -1,-1,2021,41.0,1,2,0,2,8,23,1,,3,ROUTE DEPARTEMENTALE 3,0,,2,2,0,1,5,400,2,, -1,1,0,1,80,1,3,1,972,97213,1,3,0,3,ROUTE DEPARTEMENTALE 3,14.64067,-60.99208,6,2,2
202100033944,141Â 087,A01,1,1,2,5,1,-1,-1,0,0,-1,2021,73.0,1,2,0,0,4,1,1,,3,971,0,,2,2,0,1,83,0,1,, -1,1,0,1,50,16,6,1,21,21154,2,1,0,2,Rue Mal de Lattre de Tassigny,47.858857,4.572421,8,2,2
202100002401,197Â 490,A01,10,3,2,0,0,-1,-1,2,3,1,2021,80.0,1,2,0,1,8,1,1,,7,LILLE (RUE DE),0,,2,1,0,2,(1),(1),1,, -1,2,0,1,50,17,12,5,59,59279,2,1,1,6,LILLE (RUE DE),50.771809,3.122032,17,2,1
202100019416,166Â 928,B01,2,2,2,5,1,-1,-1,0,0,-1,2021,64.0,1,2,0,2,3,1,1,,3,58,-1,,2,2,0,2,9,0,2,, -1,1,0,3,70,12,9,2,14,14620,1,1,0,1,D58,49.3164363094,0.1762157679,20,3,2
202100006198,190Â 729,A01,1,1,1,5,2,8,-1,-1, -1,-1,2021,34.0,1,1,0,0,0,0,1,,1,A12 Y,0,,1,3,0,1,6,500,3,, -1,2,0,1,70,26,11,3,78,78423,1,1,0,7,A12 Y,48.79797,2.04257,1,1,1
202100042881,125Â 016,D01,10,3,2,5,8,-1,-1,8,A,1,2021,80.0,0,2,1,0,1,24,1,,6,ARBOUSIERS (PLAGE DES),0,,-1,-1,0,1,(1),(1),1,, -1,1,0,1,30,23,4,1,33,33009,2,1,0,6,AllÃ©e des Arbousiers,44.64577,-1.19932,16,2,1
202100041220,127Â 923,B01,1,1,1,9,2,6,-1,0,0,-1,2021,61.0,2,1,0,2,1,9,0,,3,621,0,D,-1,1,1,1,(1),(1),1,, -1,1,0,1,50,7,5,1,59,59263,1,6,0,3,D621,50.326094,3.108873,8,2,2
202100030319,147Â 568,A01,2,2,1,5,2,0,-1,0,0,-1,2021,18.0,1,1,0,2,2,17,1,,4,RUE PETIT,0,,1,0,0,1,(1),(1),2,, -1,1,0,1,50,6,7,1,75,75119,2,2,0,3,RUE PETIT,48.8861,2.389853,19,4,2
202100022547,161Â 328,B01,1,1,1,5,2,-1,-1,0,0,-1,2021,39.0,1,1,0,2,1,13,5,,3,1091,0,D,2,2,0,2,21,150,4,, -1,1,0,1,90,26,8,1,5,5079,1,1,0,5,D1091,45.0427450762,6.4164431651,10,4,4
202100043762,123Â 463,A01,10,3,2,3,0,-1,-1,9,2,1,2021,87.0,3,5,0,1,4,4,1,,4,MARENGO (RUE),0,,1,0,0,1,0,0,1,, -1,9,8,1,30,16,4,1,64,64102,2,2,0,6,MARENGO (RUE),43.49101,-1.47395,9,3,1
202100002589,197Â 156,B01,1,1,1,0,2,0,-1,-1, -1,-1,2021,16.0,1,1,0,2,4,2,1,,4,JULIEN ( RUE LUDOVIC),0,,2,2,0,1,(1),(1),1,, -1,1,0,1,50,15,12,1,81,81065,2,1,0,5,JULIEN ( RUE LUDOVIC),43.59259,2.20502,16,3,3
202100020641,164Â 732,B01,1,1,1,5,2,6,9,0,0,-1,2021,54.0,1,1,0,2,8,0,1,,3,20,0,D,2,2,0,1,43,800,3,, -1,1,0,1,80,7,9,1,28,28232,1,1,0,3,les masures,48.533665,0.934165,14,2,2
202100037108,135Â 372,B01,1,1,1,5,2,6,9,0,0,-1,2021,23.0,2,1,0,2,1,17,1,,3,164,-1,,2,2,0,1,31,600,1,, -1,1,0,1,90,1,6,2,88,88316,1,2,0,3,D164,48.234675,5.803244,21,2,2
202100022513,161Â 388,A01,1,1,1,5,2,-1,-1,0,0,-1,2021,10.0,3,6,12,0,1,1,1,,4,,-1,,2,2,0,4,(1),(1),4,,4,1,0,1,50,26,8,2,61,61081,2,1,0,6,Rue des Ecoles,48.651856,0.196312,20,1,1
202100022883,160Â 717,A01,1,1,1,4,1,8,-1,-1, -1,-1,2021,36.0,2,5,0,2,8,1,1,,1,A55-Sens Martigues vers Marseille,0,,1,2,0,2,6,500,1,, -1,1,0,1,90,23,8,3,13,13216,1,1,0,3,A55-Sens Martigues vers Marseille,43.3607824765,5.3430239838,0,3,2
202100023196,160Â 157,A01,1,1,1,9,1,-1,-1,0,0,-1,2021,28.0,1,2,2,0,1,0,1,,1,6,0,,1,5,0,1,42,0,1,, -1,1,0,8,130,22,8,1,91,91441,1,1,0,6,Autoroute A6 de Paris Ã  Lyon,48.507307,2.510949,7,2,1
202100055755,102Â 202,Z01,10,3,1,2,0,-1,-1,2,3,1,2021,14.0,1,2,0,1,0,26,0,,4,ROMARINS RUE DES,0,,2,2,0,1,(1),(1),1,, -1,1,6,1,50,8,1,2,201,201004,2,1,0,6,ROMARINS RUE DES,41.931247699,8.7330735579,7,2,1
202100016460,172Â 205,B01,1,1,1,9,1,0,-1,-1, -1,-1,2021,58.0,0,2,0,0,4,2,1,,4,AV HERGE,0,,2,2,0,1,1,0,1,, -1,2,0,1,50,27,9,1,77,77111,2,1,1,2,AV HERGE,48.85995,2.77702,14,2,2
202100021380,163Â 428,A01,1,1,1,1,2,6,-1,0,0,-1,2021,33.0,2,1,0,2,8,10,1,,3,59,0,N,2,2,0,1,16,500,1,, -1,1,0,1,80,1,9,1,68,68185,1,1,0,3,N59,48.267626,7.313461,15,2,2
202100023404,159Â 782,A01,1,1,1,9,2,8,-1,-1, -1,-1,2021,43.0,2,1,0,2,1,1,1,,3,BADUEL (ROUTE DE),0,,2,2,0,1,2,100,1,, -1,1,9,1,50,18,8,1,973,97302,2,9,0,2,BADUEL (ROUTE DE),4.9340515171,-52.3107161524,9,2,2
202100041452,127Â 512,A01,1,1,1,1,1,9,-1,0,0,-1,2021,29.0,2,5,11,0,1,1,1,,4,,-1,,2,2,0,2,(1),(1),1,,4,1,9,1,50,4,5,5,2,2095,2,1,0,6,100 Rue Jean JaurÃ¨s,49.986772,3.447218,22,1,1