Num_Acc,id_vehicule,num_veh,place,catu,sexe,trajet,secu1,secu2,secu3,locp,actp,etatp,year_acc,victim_age,senc,catv,obs,obsm,choc,manv,motor,occutc,catr,voie,v1,v2,circ,nbv,vosp,prof,pr,pr1,plan,lartpc,larrout,surf,infra,situ,vma,jour,mois,lum,dep,com,agg_,int,atm,col,adr,lat,long,hour,nb_victim,nb_vehicules
202100047682,116Â 524,A01,2,2,1,2,3,-1,-1,0,0,-1,2021,1.0,2,2,2,0,2,21,1,,3,,-1,,2,2,0,1,35,313,1,, -1,1,0,3,-1,17,3,1,85,85051,1,1,0,6,D31,46.671364,-1.019003,13,2,1
202100052542,107Â 802,B01,1,1,1,5,2,-1,-1,-1, -1,-1,2021,29.0,2,1,0,2,1,1,1,,3,PARIS (AVENUE DE),0,,2,2,1,1,(1),(1),1,, -1,2,0,1,50,31,1,2,50,50129,2,1,1,3,PARIS (AVENUE DE),49.62909,-1.61813,17,2,2
202100044782,121Â 666,B01,1,1,1,0,2,4,-1,-1, -1,-1,2021,41.0,1,1,0,2,1,2,1,,1,86,0,,3,6,0,1,11,899,2,, -1,1,0,8,90,8,4,1,92,92078,1,1,0,3,AUTOROUTE A86,48.9278120726,2.3321565986,12,2,2
202100026070,155Â 086,A01,1,1,2,0,1,-1,-1,0,0,-1,2021,55.0,1,2,0,0,1,0,1,,1,A16,0,,3,4,0,1,93,900,1,, -1,2,0,3,130,2,8,1,60,60299,1,1,1,6,"Autoroute A16, pk 093.900 sens PARIS-BOULOGNE",49.6175219746,2.2092781694,12,1,1
202100042793,125Â 167,A01,1,1,1,0,1,0,-1,-1, -1,-1,2021,35.0,2,2,6,0,1,1,1,,2,RN 449,0,,3,8,0,1,0,144,2,, -1,1,2,2,50,24,4,1,91,91521,1,1,0,6,RN 449,48.63585,2.40103,11,2,1
202100050344,111Â 714,B01,1,1,1,9,2,8,-1,-1, -1,-1,2021,61.0,1,1,0,2,1,2,0,,2,OUEST BOULEVARD,0,,3,4,0,1,13,200,1,, -1,1,0,1,50,22,2,2,25,25056,2,1,0,2,OUEST BOULEVARD,47.2238,5.9789,17,2,2
202100043236,124Â 375,A01,1,1,1,5,2,6,-1,0,0,-1,2021,48.0,1,1,11,0,1,1,1,,2,10,-1,,2,2,0,1,142,210,3,, -1,1,9,3,50,22,4,1,202,202286,2,1,0,6,Querciolo,42.487238,9.479603,18,1,1
202100022878,160Â 724,A01,2,2,1,1,1,-1,-1,0,0,-1,2021,32.0,3,2,0,0,9,1,1,,4,4,-1,,2,2,0,1,(1),(1),1,, -1,1,0,1,70,24,8,3,60,60619,1,1,0,7,,49.122015,2.800527,5,2,1
202100033376,142Â 109,A01,1,1,1,0,8,0,-1,-1, -1,-1,2021,29.0,3,1,0,2,2,19,5,,4,VERLET HANUS                        (R ),0,,1,1,0,1,(1),(1),1,, -1,1,0,1,50,18,6,1,69,69383,2,2,0,3,VERLET HANUS (R),45.75791,4.84943,12,2,2
202100005388,192Â 161,A01,10,3,2,2,8,8,-1,3,3,2,2021,6.0,1,2,0,1,2,1,1,,4,R DU CHEMIN VERT ,0,,2,3,0,2,1,0,1,, -1,2,0,1,30,1,12,2,94,94068,2,1,1,6,Rue du Chemin Vert,48.80081,2.47091,8,4,1
202100023045,160Â 429,B01,1,1,1,4,8,8,-1,-1, -1,-1,2021,23.0,2,1,0,2,1,8,3,,4,METZ (BOULEVARD DE),0,,3,6,3,1,0,0,1,, -1,1,0,1,50,24,7,1,67,67482,2,1,0,3,METZ (BOULEVARD DE),48.5826723438,7.7328555286,19,3,2
202100016482,172Â 165,A01,1,1,2,0,1,0,-1,-1, -1,-1,2021,41.0,1,2,0,2,1,26,3,,7,MARNE AVENUE DE LA,0,,3,0,0,1,(1),(1),1,, -1,2,0,1,70,27,9,1,59,59378,1,1,1,6,MARNE AVENUE DE LA,50.67938,3.11403,13,2,2
202100022605,161Â 207,B01,1,1,1,1,8,0,-1,-1, -1,-1,2021,69.0,0,1,0,2,2,1,0,,4,giratoire Dompeyre,0,,1,2,0,1,0,0,2,, -1,1,0,1,50,24,8,1,82,82121,2,6,0,3,giratoire Dompeyre,44.02716,1.34439,15,2,2
202100008431,186Â 667,A01,1,1,1,5,1,-1,-1,-1,0,-1,2021,34.0,2,2,2,0,1,1,2,,1,AUTOROUTE A115,0,,3,4,0,1,8,0,1,, -1,1,0,3,90,12,11,3,95,95607,1,1,0,6, A115,49.02797,2.20366,3,1,1
202100021989,162Â 328,A01,1,1,2,5,2,6,9,0,0,-1,2021,49.0,1,1,13,0,0,21,1,,3,5d,0,U,2,2,0,1,1,81,1,, -1,1,0,3,80,29,8,1,31,31427,1,1,0,6,Quartier de la Rouere,43.081255,0.766704,18,1,1
202100022107,162Â 108,A01,1,1,1,9,8,0,-1,0,0,-1,2021,21.0,3,1,1,0,1,1,1,,4,LIMITE ADMINISTRATIVE,0,,2,0,0,1,(1),(1),1,, -1,1,6,1,1,27,8,3,75,75119,2,1,0,6,LIMITE ADMINISTRATIVE,48.896248,2.396707,3,1,1
202100056280,101Â 296,A01,1,1,1,4,2,6,-1,0,0,-1,2021,34.0,1,1,0,0,0,16,1,,4,BOULEVARD MASSENA,0,,3,2,0,2,(1),(1),1,, -1,2,0,1,50,4,1,1,75,75113,2,3,1,7,BOULEVARD MASSENA,48.823392,2.375021,11,1,1
202100033122,142Â 552,A01,10,3,2,5,0,-1,-1,3,3,1,2021,94.0,2,2,0,1,3,1,1,,3,633,-1,D,2,2,0,1,0,649,1,, -1,1,0,1,50,21,6,1,31,31080,2,1,0,6,Avenue Charles Suran,43.285892,0.650725,9,2,1
202100045886,119Â 733,C01,1,1,1,0,2,0,-1,-1, -1,-1,2021,32.0,1,1,0,2,7,17,1,,1,4,0,,1,2,0,1,0,0,3,, -1,1,0,1,70,30,3,3,94,94069,1,1,0,6,A4,48.8165584712,2.4494408898,21,3,3
202100042871,125Â 036,A01,1,1,1,9,8,0,-1,-1, -1,-1,2021,40.0,1,1,0,0,1,26,1,,4,GRAND MONTREJEAU,0,,2,2,0,1,1,0,1,, -1,1,0,1,50,23,4,1,49,49007,2,1,0,7,GRAND MONTREJEAU,47.4650745715,-0.5197714779,18,1,1
202100049206,113Â 802,A01,1,1,2,0,1,0,-1,-1, -1,-1,2021,41.0,1,2,0,2,3,11,1,,2,13,0,,3,8,0,1,8,399,1,, -1,1,0,1,70,5,3,1,92,92051,1,1,0,3,N13,48.8863277201,2.255840441,8,3,2
202100040020,130Â 061,A01,2,2,1,5,1,-1,-1,-1,0,-1,2021,25.0,2,2,3,0,2,12,1,,1,AUTOROUTE A15,0,,3,8,0,1,8,500,1,, -1,2,0,1,110,14,5,2,95,95582,1,1,1,6, A15,48.96659,2.25579,14,2,1
202100015479,174Â 034,A01,1,1,2,5,1,-1,-1,-1, -1,-1,2021,27.0,1,2,1,0,2,1,3,,4,OBSERVANCE (DE L')                  (MO),0,,2,2,0,2,(1),(1),1,, -1,2,0,1,50,1,10,5,69,69389,2,1,0,6,OBSERVANCE (DE L') (MO),45.76675,4.81157,22,2,1
202100009850,184Â 092,A01,2,2,2,5,1,-1,-1,0,0,-1,2021,71.0,1,2,13,0,3,1,1,,2,66,0,,3,2,0,1,18,140,2,, -1,2,5,3,70,1,11,1,88,88408,1,6,1,6,rond point de saulx,47.907155,6.696349,14,2,1
202100028460,150Â 843,B01,1,1,1,0,2,6,-1,-1, -1,-1,2021,28.0,2,1,0,2,1,1,1,,7,CORNEILLE. QUAI (HAUT) PIERRE,0,,2,6,3,1,12,500,1,, -1,1,-1,1,50,18,7,5,76,76540,2,1,0,3,CORNEILLE. QUAI (HAUT) PIERRE,49.43771,1.09394,0,2,2
202100050114,112Â 160,B01,2,2,1,3,1,-1,-1,0,0,-1,2021,65.0,2,2,0,0,1,1,1,,3,710,0,D,2,2,0,1,59,937,1,, -1,1,0,1,50,16,2,1,24,24156,2,3,0,6,Les Versannes (Gare),45.090085,0.855584,10,3,2
202100052061,108Â 659,B01,10,3,1,0,0,-1,-1,1,A,1,2021,28.0,1,2,0,1,1,1,1,,2,1,0,,3,4,0,1,50,750,3,, -1,1,0,1,110,10,2,3,974,97413,1,1,0,6,N1,-21.224155,55.30351,2,2,1
202100032088,144Â 391,A01,10,3,2,0,0,-1,-1,2,3,2,2021,59.0,2,2,0,1,1,26,1,,4,RUE DU DOCTEUR LOUIS TURCAN,0,,1,2,0,3,0,0,3,, -1,1,0,1,50,24,6,1,83,83061,2,1,0,6,RUE DU DOCTEUR LOUIS TURCAN,43.433527,6.739289,18,3,1
202100050092,112Â 199,A01,1,1,1,5,2,-1,-1,0,0,-1,2021,70.0,2,0,12,0,4,15,3,,3,224,0,D,2,2,0,1,18,820,1,, -1,1,5,1,80,26,2,1,33,33170,1,3,0,2,,44.560329,-0.026634,17,2,2
202100038208,133Â 349,A01,1,1,1,1,2,6,-1,-1, -1,-1,2021,28.0,2,1,0,9,4,23,0,,3,BAD KREUZNACH  (AVENUE DE - NÂ° PAIRS),0,,3,4,0,1,49,950,1,, -1,1,0,2,50,26,5,1,1,1053,2,6,0,2,BAD KREUZNACH  (AVENUE DE - NÂ° PAIRS),46.22127,5.24946,13,3,2
202100019215,167Â 283,A01,10,3,1,2,0,-1,-1,4,3,1,2021,16.0,2,2,0,1,2,16,1,,4,CHARLES GARCIA (AV),0,,2,2,0,1,(1),(1),1,, -1,1,0,1,50,13,9,1,94,94033,2,3,0,6,CHARLES GARCIA (AV),48.8584195259,2.4812786297,11,2,1
202100040195,129Â 752,B01,1,1,2,1,1,-1,-1,0, -1,-1,2021,47.0,2,2,0,2,1,1,1,,4,PREMIERE DFL (AVENUE),0,,2,2,0,1,3,900,1,, -1,1,0,1,50,26,4,1,29,29019,2,9,0,1,Avenue 1Ã¨re D.f.l.,48.37646,-4.55298,8,2,2
202100048682,114Â 736,A01,1,1,1,0,8,0,-1,-1, -1,-1,2021,48.0,3,2,0,2,1,1,1,,4,FRAIS VALLON (AVENUE),0,,-1,2,0,1,(1),(1),1,, -1,1,0,1,50,9,3,5,13,13213,2,2,0,3,PEYPIN (RUE DE),43.3255973855,5.4224940349,22,2,2
202100000801,200Â 286,A01,1,1,2,2,2,6,-1,0,0,-1,2021,15.0,1,1,0,0,7,1,1,,3,36,-1,,2,2,0,1,6,800,1,, -1,2,0,1,80,29,12,1,29,29281,1,1,1,7,D36 - Ty Gwen,48.0171975631,-3.8249123096,13,1,1
202100038126,133Â 513,A01,1,1,2,5,1,-1,-1,-1, -1,-1,2021,19.0,1,2,0,2,1,2,1,,1,ROCADE A 630,0,,3,6,0,1,30,500,1,, -1,1,0,1,90,25,5,1,33,33550,1,1,0,2,ROCADE A 630,44.777551,-0.559828,17,2,2
202100036731,136Â 055,A01,1,1,1,5,6,2,-1,0,0,-1,2021,44.0,2,1,0,2,7,1,1,,3,669,-1,E,2,2,0,1,2,202,2,, -1,2,0,1,50,3,6,1,33,33100,2,6,1,3,Rond-point LECLERC,45.129561,-0.640914,20,2,2
202100000022,201Â 722,B01,1,1,1,0,1,0,-1,-1, -1,-1,2021,37.0,1,2,9,2,2,15,1,,3,AV FRANCOIS MITTERRAND,0,,-1,2,0,1,(1),(1),1,, -1,1,1,1,50,29,9,5,91,91027,2,3,0,3,AV FRANCOIS MITTERRAND,48.70589,2.37178,1,2,2
202100033309,142Â 229,A01,1,1,2,0,1,0,-1,-1, -1,-1,2021,17.0,3,2,0,2,1,13,1,,4,MAGDELENA - RUE SANTA,0,,2,2,0,2,1,0,3,, -1,1,0,1,50,12,6,1,202,202033,2,1,0,3,MAGDELENA - RUE SANTA,42.67977,9.44191,18,2,2
202100029034,149Â 835,B01,1,1,1,5,8,-1,-1,0,0,-1,2021,46.0,0,2,13,2,0,19,1,,3,938,0,D,2,2,0,1,12,450,1,, -1,1,9,1,80,14,7,1,60,60222,1,2,0,3,D938,49.4690155915,2.2619862555,10,2,2
202100021838,162Â 592,A01,1,1,2,5,1,-1,-1,0,0,-1,2021,37.0,2,2,3,0,4,12,1,,2,166,-1,,3,4,0,1,18,50,2,, -1,1,0,1,110,29,8,1,56,56053,1,1,0,2,N166,47.758959,-2.54149,9,2,2
202100039875,130Â 313,A01,1,1,1,5,2,-1,-1,0,0,-1,2021,43.0,3,1,14,0,0,0,1,,4,,-1,,-1,1,0,1,(1),(1),1,, -1,1,0,1,30,14,5,1,43,43265,1,1,0,7,Croix (Calvaire),45.23519,4.165835,18,1,1
202100001039,199Â 906,A01,1,1,1,0,1,8,-1,-1, -1,-1,2021,40.0,2,2,0,2,1,15,1,,3,FOURQUES ROUTE DE,0,,2,2,0,1,1,0,1,, -1,1,0,1,80,21,12,1,30,30032,1,3,0,1,FOURQUES ROUTE DE,43.7998,4.6313,15,3,2
202100045526,120Â 363,B01,1,1,1,5,2,6,-1,-1,0,-1,2021,30.0,1,1,0,2,5,1,1,,1,AUTOROUTE A3,0,,3,-1,0,1,18,49,1,, -1,1,0,1,70,2,4,1,95,95527,1,1,0,3,A3,48.9869215053,2.5086188698,17,2,2
202100005335,192Â 255,A01,1,1,2,5,2,6,-1,0,0,-1,2021,17.0,0,1,12,0,1,1,5,,4,JOSEPHINE (RUE),0,,2,2,0,1,(1),(1),1,, -1,2,0,4,50,26,11,1,27,27229,2,1,0,7,JOSEPHINE (RUE),49.023064,1.14063,14,1,1
202100047385,117Â 069,A01,4,2,2,4,1,0,-1,0,0,-1,2021,23.0,2,2,0,2,3,1,1,,4,AVENUE DU TRONE,0,,2,4,0,1,(1),(1),1,, -1,1,0,1,50,19,3,1,75,75111,2,7,0,3,AVENUE DU TRONE,48.848176,2.399089,16,4,2
202100045282,120Â 781,A01,2,2,1,5,1,-1,-1,0,0,-1,2021,18.0,2,2,2,0,1,1,1,,3,53,-1,,2,2,0,1,3,31,1,, -1,1,0,1,80,4,4,3,49,49311,1,1,0,6,D53 PR2+529,47.38638,-0.070746,3,2,1
202100013748,177Â 134,A01,2,2,1,4,1,2,-1,0,0,-1,2021,26.0,1,0,13,0,9,13,1,,3,117,0,D,2,2,0,1,30,500,1,, -1,1,0,3,80,13,10,1,11,11263,1,1,0,7,D117,42.90192,2.11019,11,2,1
202100010588,182Â 802,A01,1,1,1,0,2,6,-1,-1, -1,-1,2021,32.0,1,1,12,0,7,1,1,,3,DE LATTRE DE TASSIGNY (1 A 51),0,,2,2,1,1,0,1,1,, -1,1,9,5,50,27,10,5,93,93031,2,1,0,6,DE LATTRE DE TASSIGNY (1 A 51),48.9588,2.30734,23,1,1
202100011400,181Â 343,A01,1,1,1,5,1,0,-1,-1, -1,-1,2021,46.0,1,2,0,0,0,0,1,,7,FRÃDÃRIC MISTRAL (AVENUE),0,,2,4,0,1,(1),(1),1,, -1,1,5,1,50,23,10,5,13,13213,2,6,0,6,FRÃDÃRIC MISTRAL (AVENUE),43.32333,5.449,0,1,1
202100048823,114Â 495,A01,1,1,1,9,1,-1,-1,0,0,-1,2021,61.0,1,2,0,2,3,13,1,,3,751,-1,,3,4,0,1,11,800,1,, -1,1,0,1,30,8,3,1,37,37003,2,1,0,2,Quai du GÃ©nÃ©ral de Gaulle,47.4119085261,0.979303236,16,3,2
202100027070,153Â 332,A01,1,1,2,5,1,-1,-1,0, -1,-1,2021,22.0,2,2,4,0,1,21,1,,3,Boulevard d'Ergue Armel,0,,3,3,0,2,52,500,3,, -1,2,0,1,70,24,7,1,29,29232,1,1,0,6,Boulevard d'Ergue Armel,47.988372,-4.074614,19,1,1
202100031188,145Â 987,B01,1,1,1,1,2,6,-1,-1, -1,-1,2021,28.0,1,1,0,2,8,1,1,,4,PORTE D ASNIERES,0,,1,4,0,1,18,600,1,, -1,1,0,1,70,3,7,1,75,75117,2,1,0,3,PORTE D ASNIERES,48.89261,2.302462,12,2,2
202100013197,178Â 149,A01,1,1,2,0,1,8,-1,-1, -1,-1,2021,23.0,1,2,0,2,1,0,1,,1,A14,0,,-1,3,0,1,3,200,1,, -1,1,1,1,70,14,10,1,92,92050,1,1,0,4,A14,48.8994409346,2.2132295911,19,3,3
202100053780,105Â 617,A01,1,1,1,1,1,-1,-1,0,0,-1,2021,20.0,2,5,6,2,3,13,1,,2,10,-1,,2,2,0,1,132,400,2,, -1,1,0,1,80,26,1,2,202,202242,1,1,0,3,Levole Sottane,42.40813,9.531262,7,2,2
202100001744,198Â 671,B01,1,1,1,1,2,6,-1,0,0,-1,2021,25.0,2,1,0,2,1,1,3,,4,ROUTE DE SURESNES,0,,2,6,0,1,(1),(1),1,, -1,1,0,1,50,20,12,5,75,75116,2,2,0,3,ROUTE DE SURESNES,48.865029,2.234447,18,2,2
202100020661,164Â 699,B01,1,1,1,1,2,6,-1,0,0,-1,2021,23.0,1,1,7,2,2,2,1,,3,D940,-1,,-1,2,0,1,43,768,1,, -1,1,9,1,50,7,9,1,62,62746,2,1,0,2,7 Rue Edmond Madare,50.677303,1.634488,8,2,2
202100030225,147Â 737,A01,1,1,1,9,1,0,-1,0,0,-1,2021,37.0,0,2,0,2,3,1,1,,4,CARREFOUR DES TRIBUNES,0,,3,3,0,1,(1),(1),1,, -1,1,0,1,50,7,7,1,75,75116,2,3,0,3,CARREFOUR DES TRIBUNES,48.862239,2.229331,8,2,2
202100050481,111Â 461,B01,1,1,2,5,8,0,-1,0,0,-1,2021,57.0,2,1,0,2,8,7,5,,4,RUE D ALESIA,0,,2,2,1,1,(1),(1),1,, -1,1,-1,6,50,23,2,1,75,75114,2,4,0,3,RUE D ALESIA,48.831051,2.31751,14,2,2
202100000009,201Â 747,B01,2,2,2,5,1,0,-1,-1, -1,-1,2021,85.0,2,2,0,2,1,1,1,,3,REPUBLIQUE (RUE DE LA) NÂ° 47 A 85,0,,2,3,0,1,0,0,1,, -1,2,0,1,50,29,12,2,92,92048,2,2,1,3,REPUBLIQUE (RUE DE LA) NÂ° 47 A 85,48.80655,2.23588,16,3,2
202100056375,101Â 133,A01,1,1,1,1,1,-1,-1,0,0,-1,2021,28.0,2,2,13,0,3,1,1,,3,4,0,,2,2,0,2,2,170,1,0,6,1,0,3,80,4,1,2,16,16146,1,1,1,6,Route de Marthon,45.616626,0.276493,8,1,1
202100031983,144Â 577,A01,1,1,1,0,2,6,-1,0,0,-1,2021,20.0,1,1,0,2,1,1,1,,4,BAYEUX (RUE DU 143 IMPAIR . 160 PAIR,0,,2,2,0,1,1,0,1,, -1,1,0,1,50,26,6,1,14,14118,2,1,0,6,Rue de Bayeux,49.18311,-0.37812,20,2,2
202100054465,104Â 407,B01,1,1,2,5,2,6,-1,0,0,-1,2021,57.0,3,1,0,2,1,15,1,,4,DONAT AVENUE DOCTEUR MAURICE,0,,2,2,0,1,0,0,1,, -1,1,0,1,50,19,1,5,6,6027,2,3,0,1,DONAT AVENUE DOCTEUR MAURICE,43.66105,7.14422,7,2,2
202100039255,131Â 443,B01,1,1,1,0,8,-1,-1,-1, -1,-1,2021,30.0,1,1,0,2,8,0,0,,4,TUILIERS (DES)                      (R ),0,,1,1,0,1,(1),(1),1,, -1,1,0,1,50,19,5,1,69,69388,2,2,0,3,TUILIERS (DES) (R),45.74732,4.86502,17,2,2
202100033099,142Â 583,A01,10,3,2,0,0,-1,-1,9,B,-1,2021,39.0,-1,2,0,1,7,1,1,,3,LENINE (BOULEVARD),0,,2,2,0,1,0,1,1,, -1,1,0,1,30,21,6,1,93,93008,2,1,0,6,LENINE (BOULEVARD),48.90668,2.44434,11,2,1
202100018037,169Â 385,A01,1,1,1,5,2,6,-1,0,0,-1,2021,15.0,3,1,0,2,3,1,1,,4,,-1,,2,2,0,1,(1),(1),1,,4,1,0,1,80,19,9,1,37,37147,1,1,0,1,La Groie,47.0500027703,0.521974929,15,2,2
202100000416,200Â 963,B01,1,1,1,1,1,0,-1,-1, -1,-1,2021,26.0,0,2,0,2,8,1,1,,4,MAURIAC (RUE FRANCOIS),0,,2,1,0,1,(1),(1),1,, -1,1,0,1,50,12,11,5,59,59599,2,2,0,3,MAURIAC (RUE FRANCOIS),50.7065450847,3.1566093788,2,2,2
202100045809,119Â 873,A01,10,3,1,4,0,-1,-1,1,3,1,2021,22.0,3,2,12,1,1,2,2,,4,CARNOT (BOULEVARD),0,,1,2,3,1,0,0,2,, -1,1,4,1,50,30,3,1,93,93066,2,9,0,6,CARNOT (BOULEVARD),48.9383333742,2.3532866337,10,2,1
202100018081,169Â 311,B01,1,1,1,1,0,-1,-1,0,0,-1,2021,43.0,0,1,0,2,8,19,5,,4,,-1,,2,2,3,1,(1),(1),3,, -1,1,0,6,50,13,9,1,38,38562,2,6,0,3,Vizille,45.082657,5.766149,8,2,2
202100012320,179Â 713,A01,1,1,1,1,8,-1,-1,0,0,-1,2021,42.0,1,2,0,2,1,2,1,,7,751,-1,,2,3,0,1,50,600,1,, -1,1,0,1,90,19,10,2,37,37099,1,1,0,4,Les Quatre Tourelles,47.2892201592,0.5252792927,8,3,3
202100007901,187Â 617,B01,9,2,2,5,1,-1,-1,0,0,-1,2021,20.0,2,2,0,2,3,0,1,,2,57,0,N,2,2,0,1,66,100,2,, -1,1,8,1,50,29,9,3,70,70326,1,1,0,1,RN 57,47.456822,6.083164,0,4,2
202100009112,185Â 421,A01,1,1,1,0,2,0,-1,-1, -1,-1,2021,54.0,1,1,0,0,8,14,1,,7,ROVARCH (AVENUE PIERRE),0,,1,2,0,1,0,0,1,, -1,1,0,1,50,6,11,5,13,13028,2,1,0,6,ROVARCH (AVENUE PIERRE),43.19233,5.60831,5,1,1
202100054470,104Â 400,B01,1,1,1,5,8,0,-1,0,0,-1,2021,39.0,1,1,0,2,2,1,5,,4,PLACE DU CARDINAL LAVIGERIE,0,,2,2,0,1,(1),(1),1,, -1,1,-1,5,50,19,1,4,75,75112,2,2,0,3,PLACE DU CARDINAL LAVIGERIE,48.833354,2.402269,21,2,2
202100035288,138Â 626,Z01,10,3,2,0,0,-1,-1,2,9,2,2021,4.0,1,2,0,1,0,1,0,,7,LÃON D' ASTROS (RUE),0,,1,1,0,1,1,0,1,, -1,1,0,1,30,10,6,1,13,13213,2,1,0,3,LÃON D' ASTROS (RUE),43.33378,5.43636,10,2,1
202100011079,181Â 922,A01,1,1,2,0,1,0,-1,-1, -1,-1,2021,64.0,3,2,0,2,8,9,1,,4,GUILLAUDOT(BOULEVARD DU GENERAL MAURICE),0,,2,2,2,1,(1),(1),1,, -1,1,5,1,50,24,10,1,56,56260,2,3,0,3,GUILLAUDOT(BOULEVARD DU GENERAL MAURICE),47.666972,-2.7457143,12,2,2
202100049229,113Â 759,A01,1,1,1,5,1,0,-1,-1, -1,-1,2021,25.0,2,2,8,0,1,13,1,,4,GRAND-TREUIL (RUE DU),0,,2,2,0,1,0,0,1,, -1,1,0,1,50,3,3,5,87,87085,2,1,0,6,GRAND-TREUIL (RUE DU),45.8475,1.27173,3,2,1
202100011213,181Â 690,A01,1,1,1,0,2,6,-1,-1, -1,-1,2021,21.0,0,1,0,2,1,19,1,,4,POIRIER ROND (RUE DU ),0,,2,2,0,1,0,0,1,, -1,1,0,1,50,24,10,1,45,45234,2,2,0,3,POIRIER ROND (RUE DU ),47.91487,1.9219,16,3,2
202100007283,188Â 733,A01,1,1,1,2,8,-1,-1,0,0,-1,2021,15.0,1,1,0,4,1,19,5,,4,SAINT EXUPERY (DE 17 A 45 ET 22 A 86),0,,-1,0,0,1,(1),(1),1,, -1,1,0,1,30,18,11,1,29,29019,2,1,0,6,Rue Saint-ExupÃ©ry,48.3887,-4.50466,18,2,2
202100032953,142Â 854,B01,1,1,1,5,2,6,-1,0,0,-1,2021,15.0,3,1,0,2,1,1,1,,4,,0,,2,2,0,1,(1),(1),1,,5,1,9,1,50,23,6,1,57,57089,2,2,0,3,Rue Schellenthal,49.055716,7.424896,12,2,2
202100019134,167Â 425,B01,1,1,1,5,8,-1,-1,-1, -1,-1,2021,38.0,1,1,0,2,1,1,3,,4,ANDRE PHILIP                        (R ),0,,1,2,2,1,(1),(1),1,, -1,1,0,1,50,13,9,5,69,69383,2,9,0,1,ANDRE PHILIP (R),45.7588537604,4.8509288229,20,2,2
202100050222,111Â 943,A01,1,1,1,9,2,0,-1,0,0,-1,2021,54.0,1,1,0,2,2,1,5,,4,BOULEVARD DE SEBASTOPOL,0,,1,4,2,1,(1),(1),1,, -1,1,-1,5,50,25,2,1,75,75101,2,2,0,3,BOULEVARD DE SEBASTOPOL,48.863402,2.350951,15,2,2
202100039568,130Â 861,A01,1,1,2,0,1,8,-1,-1, -1,-1,2021,23.0,2,2,0,2,8,17,1,,3,R D 900,0,,3,4,0,1,19,840,1,, -1,1,0,1,90,6,5,1,66,66136,1,1,0,6,R D 900,42.72094,2.87483,8,2,2
202100031742,145Â 019,A01,10,3,2,9,0,-1,-1,2,3,1,2021,48.0,2,1,0,1,1,3,1,,4,BOULEVARD BOURDON,0,,1,2,0,1,(1),(1),1,, -1,1,0,1,50,28,6,1,75,75104,2,1,0,6,BOULEVARD BOURDON,48.85137,2.367502,12,2,1
202100035753,137Â 800,B01,1,1,1,5,2,6,-1,0,0,-1,2021,33.0,2,1,0,2,2,1,1,,4,AVENUE THEOPHILE GAUTIER,0,,2,2,0,1,(1),(1),1,, -1,1,0,1,50,7,6,1,75,75116,2,2,0,3,AVENUE THEOPHILE GAUTIER,48.849935,2.272226,20,2,2
202100053400,106Â 273,B01,1,1,1,1,2,6,-1,0,0,-1,2021,16.0,1,1,0,2,3,1,1,,3,754,0,D,2,2,0,2,15,747,1,, -1,1,0,1,80,29,1,2,85,85071,1,1,0,1,d 754,46.773907,-1.824203,7,2,2
202100033597,141Â 713,A01,1,1,1,0,2,6,-1,-1, -1,-1,2021,19.0,3,1,0,0,0,0,1,,4,BLANQUI (RUE),0,,-1,1,0,1,(1),(1),1,, -1,2,9,1,50,17,6,1,37,37233,2,9,1,7,BLANQUI (RUE),47.39486,0.72066,15,1,1
202100051589,109Â 479,A01,1,1,1,0,2,0,-1,-1, -1,-1,2021,17.0,2,1,0,2,2,1,1,,4,LYON (RUE DE),0,,-1,2,0,1,(1),(1),1,, -1,1,0,1,50,13,2,1,13,13215,2,1,0,3,LYON (RUE DE),43.32244,5.36765,16,3,2
202100025413,156Â 233,A01,1,1,1,9,8,0,-1,-1, -1,-1,2021,21.0,2,1,0,2,3,17,1,,4,VERDUN (BOULEVARD),0,,2,2,0,1,0,0,1,, -1,1,0,1,50,4,8,1,974,97407,2,1,0,1,VERDUN (BOULEVARD),-20.94198,55.29274,14,2,2
202100014533,175Â 729,A01,1,1,1,1,2,6,-1,-1,0,-1,2021,30.0,1,1,0,2,7,1,1,,1,AUTOROUTE A15,0,,3,6,0,1,19,399,1,, -1,1,0,1,110,8,10,1,95,95488,1,1,0,3, A15,49.0213432664,2.1365176404,17,2,2
202100021637,162Â 949,B01,1,1,2,0,8,0,-1,-1, -1,-1,2021,51.0,3,1,0,2,8,19,0,,4,RAYMOND FILIPPI AVENUE,0,,1,2,0,1,1,0,1,, -1,1,0,1,50,31,8,1,13,13047,2,9,0,3,RAYMOND FILIPPI AVENUE,43.4981181311,4.9815748455,12,2,2
202100028757,150Â 320,A01,2,2,1,5,1,-1,-1,0,0,-1,2021,35.0,1,2,0,2,2,12,2,,1,1,0,A,1,3,0,1,147,700,1,,"13,5",1,0,1,130,17,7,1,62,62080,1,1,0,3,A1,50.108786,2.871552,16,4,2
202100027535,152Â 509,B01,1,1,1,9,2,0,-1,-1, -1,-1,2021,28.0,0,1,0,0,0,0,1,,4,BOULEVARD JEAN MONNET,0,,1,1,2,1,(1),(1),1,, -1,1,0,1,30,22,7,1,44,44109,2,3,0,3,BOULEVARD JEAN MONNET,47.208837,-1.550102,17,3,2