Num_Acc,id_vehicule,num_veh,place,catu,sexe,trajet,secu1,secu2,secu3,locp,actp,etatp,year_acc,victim_age,senc,catv,obs,obsm,choc,manv,motor,occutc,catr,voie,v1,v2,circ,nbv,vosp,prof,pr,pr1,plan,lartpc,larrout,surf,infra,situ,vma,jour,mois,lum,dep,com,agg_,int,atm,col,adr,lat,long,hour,nb_victim,nb_vehicules
202100027200,153Â 098,A01,1,1,1,5,1,0,-1,-1, -1,-1,2021,94.0,1,2,1,2,2,21,6,,3,CADOT ( HENRI ),0,,2,2,0,4,3,300,1,, -1,1,0,3,50,22,7,1,62,62178,2,9,0,1,CADOT ( HENRI ),50.481415,2.549022,11,3,2
202100012000,180Â 262,A01,1,1,1,5,2,-1,-1,0,0,-1,2021,17.0,3,1,0,2,1,26,1,,6,ALSACE LORRAINE (AVENUE),0,,-1,-1,0,1,(1),(1),1,, -1,1,9,8,30,20,10,3,65,65440,2,1,0,1,ALSACE LORRAINE (AVENUE),43.25005,0.072204,22,3,2
202100004121,194Â 375,A01,1,1,1,4,2,6,-1,0,0,-1,2021,49.0,2,1,0,2,2,18,1,,4,BOULEVARD DE MAGENTA,0,,2,6,2,2,(1),(1),1,, -1,1,5,5,30,8,12,1,75,75110,2,5,0,3,BOULEVARD DE MAGENTA,48.878531,2.354053,13,2,2
202100018832,167Â 984,B01,1,1,1,0,1,-1,-1,0,0,-1,2021,58.0,1,2,8,2,3,1,2,,4,,0,,2,2,0,1,(1),(1),3,,4,1,0,1,80,16,9,1,37,37093,1,1,0,1,1 Rue du Puits Livet,47.1313509289,0.449932011,13,3,2
202100003969,194Â 653,B01,1,1,1,1,2,8,-1,-1, -1,-1,2021,56.0,1,1,0,2,1,1,1,,5,Z I LA JAMBETTE,0,,2,2,0,4,0,100,1,, -1,1,0,1,50,7,12,1,972,97213,2,1,0,3,Z I LA JAMBETTE,14.617205,-61.031521,13,2,2
202100051003,110Â 505,A01,1,1,2,3,1,-1,-1,0,0,-1,2021,71.0,1,2,0,2,8,11,1,,3,649,0,,3,4,0,1,80,225,1,, -1,1,8,1,110,19,2,1,59,59232,1,9,0,3,D649,50.303004,3.728351,13,2,2
202100011576,181Â 031,A01,1,1,1,4,2,8,-1,-1, -1,-1,2021,22.0,2,1,0,2,2,15,1,,3,JAURES (RUE  JEAN ),0,,2,2,0,1,102,985,1,, -1,1,0,1,50,21,10,5,56,56098,2,3,0,3,JAURES (RUE  JEAN ),47.76533,-3.35852,19,2,2
202100040671,128Â 925,A01,2,2,2,5,2,6,-1,0,0,-1,2021,58.0,2,1,0,0,5,0,0,,3,318,-1,,2,2,0,1,0,550,1,, -1,1,0,1,80,9,5,1,9,9182,1,1,0,7,RD 318,42.886229372,1.3642383839,14,2,1
202100041201,127Â 958,A01,10,3,2,5,0,-1,-1,1,6,1,2021,56.0,1,5,0,1,4,20,1,,3,09,0,R,2,2,0,1,0,820,1,, -1,1,0,3,50,29,4,1,95,95392,2,1,0,6,RD 9,49.075463,2.213569,18,2,1
202100051528,109Â 589,A01,1,1,1,5,0,-1,-1,0,0,-1,2021,42.0,2,2,6,0,1,14,1,,3,123,0,D,2,2,0,1,7,150,1,, -1,1,0,3,80,14,2,3,26,26087,1,1,0,6,615 Route de Parnans,45.09165,5.13281,21,1,1
202100036335,136Â 746,B01,2,2,2,0,1,5,-1,0,0,-1,2021,64.0,2,2,0,2,4,2,1,,1,6,-1,,3,2,0,1,87,693,1,, -1,1,0,1,130,5,6,2,77,77168,1,1,0,2,Autoroute A6 - PK 87+800 de Lyon Ã  Paris,48.177133,2.850094,21,3,2
202100035253,138Â 686,A01,10,3,2,4,0,-1,-1,2,3,1,2021,22.0,2,2,0,1,1,1,0,,4,DELATTRE DE TASSIGNY AV DU MAL,0,,2,2,0,1,(1),(1),2,, -1,1,0,1,50,10,6,1,59,59378,2,1,0,6,DELATTRE DE TASSIGNY AV DU MAL,50.67191,3.09135,17,2,1
202100018729,168Â 161,A01,1,1,1,1,8,0,-1,-1, -1,-1,2021,52.0,0,1,0,2,3,26,5,,4,GUYON (FELIX),0,,2,0,0,1,0,0,1,, -1,1,0,1,30,15,9,1,974,97411,2,2,0,3,GUYON (FELIX),-20.88068,55.4523,12,5,2
202100044005,123Â 018,B01,1,1,1,9,2,6,-1,-1, -1,-1,2021,60.0,1,1,0,2,7,1,1,,4,KITCHENER MARCHAND                  (PT),0,,2,5,0,1,(1),(1),1,, -1,1,0,1,50,13,4,1,69,69385,2,5,0,3,KITCHENER MARCHAND                  (PT),45.7516797637,4.8216339964,14,3,2
202100038430,132Â 951,A01,2,2,2,5,1,-1,-1,0,0,-1,2021,67.0,1,2,0,2,2,1,1,,1,20,0,,3,4,0,1,138,50,1,, -1,1,0,1,130,26,5,1,87,87133,1,1,0,2,GuÃ©ret - MontluÃ§on (Embranchement d'autoroute),46.197211,1.382368,17,3,2
202100051611,109Â 436,A01,1,1,2,5,1,-1,-1,0,0,-1,2021,74.0,1,2,0,9,2,17,1,,3,913,-1,,2,2,0,1,24,850,1,, -1,1,0,1,80,14,2,1,54,54089,1,1,1,2,Route Departementale 913,48.7592442681,6.254181862,15,2,2
202100017591,170Â 179,A01,1,1,2,5,1,8,-1,-1, -1,-1,2021,59.0,1,2,0,2,9,1,1,,1,AUTOROUTE A6,0,,1,8,0,1,29,500,1,, -1,1,3,1,110,21,9,3,91,91659,1,9,0,3,AUTOROUTE A6,48.58748,2.449912,21,2,2
202100032809,143Â 132,A01,1,1,2,3,1,1,-1,0,0,-1,2021,75.0,1,2,0,2,6,15,1,,4,RUE MARCEL KOLLEN,0,,2,2,0,3,0,0,2,, -1,1,0,1,50,22,6,1,988,98818,2,3,0,3,RUE HENRI DUNANT/RUE MARCEL KOLLEN,-22.29458,166.44226,14,2,2
202100014850,175Â 165,A01,10,3,1,0,0,-1,-1,2,3,1,2021,40.0,2,2,0,1,1,19,1,,3,VERSAILLES (AV DE),0,,-1,1,0,3,1,0,1,, -1,1,0,1,50,6,10,5,94,94073,2,1,0,6,Avenue de Versailles,48.75827,2.39291,7,2,1
202100033137,142Â 524,A01,1,1,2,0,8,-1,-1,0,0,-1,2021,20.0,2,2,3,2,1,1,1,,1,71,0,A,3,4,0,1,297,0,1,, -1,1,0,1,130,21,6,1,3,3031,1,1,0,2,A 71 PK 297+000,46.382846,2.726782,16,3,2
202100011234,181Â 652,B01,1,1,1,4,2,6,-1,0,0,-1,2021,34.0,1,1,0,2,8,5,1,,4,AVENUE DE CLICHY,0,,2,3,3,2,(1),(1),1,, -1,1,0,6,30,23,10,5,75,75117,2,2,0,3,AVENUE DE CLICHY,48.889699,2.321721,23,3,2
202100012862,178Â 736,B01,1,1,1,1,2,6,-1,0,0,-1,2021,56.0,1,1,0,2,8,3,1,,4,PORTE D ASNIERES,0,,1,4,0,1,18,200,1,, -1,1,1,1,70,15,10,2,75,75117,2,1,0,3,PORTE D ASNIERES,48.890115,2.29852,19,2,2
202100014920,175Â 044,A01,2,2,1,5,8,0,-1,-1, -1,-1,2021,56.0,2,2,0,0,9,1,1,,1,A72,0,,3,6,0,2,14,225,2,, -1,2,0,2,110,3,10,1,42,42097,1,1,1,7,A72,45.50865,4.30179,15,5,1
202100025099,156Â 791,A01,1,1,2,5,1,0,-1,-1, -1,-1,2021,19.0,1,2,0,2,1,2,1,,2,RN104,0,,-1,3,0,1,4,300,1,, -1,2,0,1,90,7,8,1,77,77373,1,1,1,4,RN104,48.7961741604,2.6215976852,12,3,3
202100022752,160Â 931,B01,1,1,1,9,2,6,-1,0,0,-1,2021,31.0,2,1,0,2,4,15,1,,4,BOULEVARD DE LA MADELEINE,0,,2,4,1,1,(1),(1),1,, -1,1,0,1,50,24,8,1,75,75101,2,3,0,2,BOULEVARD DE LA MADELEINE,48.869576,2.325891,9,2,2
202100003607,195Â 298,B01,1,1,1,4,1,8,-1,-1, -1,-1,2021,43.0,1,2,0,2,6,2,1,,4,ROMAINS (ROUTE DES),0,,2,2,0,1,0,0,1,, -1,1,0,1,50,9,12,1,67,67482,2,3,0,2,ROMAINS (ROUTE DES),48.58287,7.6912,10,2,2
202100036568,136Â 347,A01,1,1,1,0,2,0,-1,-1, -1,-1,2021,28.0,1,1,0,2,1,1,1,,1,AUTOROUTE A104,0,,3,7,0,1,3,799,2,, -1,2,0,1,90,4,6,1,93,93078,1,1,1,2,AUTOROUTE A104,48.95793,2.53086,15,2,2
202100039544,130Â 907,A01,1,1,1,4,8,0,-1,-1, -1,-1,2021,44.0,1,5,3,0,1,12,1,,1,AUTOROUTE A86,0,,3,6,0,3,28,860,2,, -1,2,0,1,70,17,5,1,93,93064,1,1,0,6,AUTOROUTE A86,48.86272,2.48272,13,1,1
202100018903,167Â 855,A01,1,1,2,9,2,0,-1,0,0,-1,2021,32.0,3,1,0,2,7,1,5,,4,PLACE DE LA PORTE DE MONTREUIL,0,,1,5,0,1,(1),(1),2,, -1,1,2,1,50,2,7,1,75,75120,2,7,0,3,PLACE DE LA PORTE DE MONTREUIL,48.854586,2.413438,10,2,2
202100006189,190Â 752,A01,3,2,2,0,1,0,-1,-1, -1,-1,2021,24.0,1,2,4,0,1,14,1,,1,A50-Sens Marseille vers Aubagne,0,,3,3,0,3,27,0,2,, -1,2,0,2,110,25,11,1,13,13005,1,1,1,7,A50-Sens Marseille vers Aubagne,43.268714,5.58806,15,3,1
202100041408,127Â 586,B01,1,1,1,9,2,6,-1,0,0,-1,2021,41.0,2,1,0,2,1,1,3,,4,AVENUE EMILE ZOLA,0,,1,2,0,1,(1),(1),1,, -1,1,0,1,50,4,5,1,75,75115,2,2,0,3,AVENUE EMILE ZOLA,48.846695,2.288871,11,2,2
202100052346,108Â 145,A01,1,1,1,0,0,-1,-1,0,0,-1,2021,38.0,1,2,12,0,9,1,1,,3,900,-1,,2,2,0,1,34,973,1,, -1,1,0,8,80,6,2,3,50,50267,1,6,0,7,Route du Pont de l'Enfer,49.230392,-1.534234,21,1,1
202100027624,152Â 346,A01,1,1,1,5,2,6,9,0,0,-1,2021,48.0,1,1,0,0,7,1,1,,3,,-1,,2,2,0,2,3,0,2,, -1,1,0,1,80,22,7,3,25,25145,1,1,0,7,Chazot,47.33161,6.533808,21,1,1
202100002654,197Â 040,A01,10,3,2,2,0,-1,-1,4,3,1,2021,18.0,3,2,14,2,2,17,1,,3,R JEAN JAURES ,0,,1,2,0,1,1,0,1,, -1,1,2,1,50,16,12,1,94,94022,2,1,0,6,JEAN JAURES (R),48.76605,2.41126,8,3,1
202100050757,110Â 954,A01,1,1,1,5,2,6,-1,0,0,-1,2021,35.0,3,6,8,0,5,14,1,,4,IRENEE QUINTARD,0,,2,2,0,1,(1),(1),2,, -1,1,0,1,50,19,2,1,12,12100,2,1,0,6,Place IrenÃ©e Quintard,44.54071,2.30705,17,1,1
202100050968,110Â 576,B01,1,1,1,4,8,-1,-1,0,0,-1,2021,33.0,3,5,0,2,3,1,1,,4,0,0,A,2,2,0,2,(1),(1),1,, -1,1,0,1,50,19,2,1,69,69063,2,3,0,3,GELIVES (DE) (R),45.816571,4.841543,14,2,2
202100030985,146Â 357,A01,1,1,1,0,2,6,-1,-1, -1,-1,2021,21.0,2,1,0,1,1,17,1,,3,EISENHOWER AV DU GENERAL,0,,3,2,0,2,27,430,1,, -1,1,5,1,50,29,6,1,78,78498,2,1,0,6,EISENHOWER AV DU GENERAL,48.92622,2.05137,16,2,1
202100008825,185Â 966,A01,1,1,1,1,2,6,0,-1, -1,-1,2021,39.0,1,1,0,0,8,1,1,,1,AUTOROUTE A10,0,,3,6,0,2,1,299,3,, -1,1,0,1,90,9,11,3,92,92002,1,1,0,7,AUTOROUTE A10,48.7353005213,2.3150518791,18,2,2
202100039398,131Â 172,A01,1,1,2,0,1,0,-1,-1, -1,-1,2021,20.0,1,2,0,2,1,1,1,,1,AUTOROUTE A86,0,,3,10,0,1,14,500,1,, -1,2,0,1,90,18,5,1,93,93066,1,1,1,2,AUTOROUTE A86,48.9227549984,2.3523496029,19,3,2
202100012467,179Â 423,A01,10,3,2,1,0,-1,-1,5,2,1,2021,45.0,3,1,0,1,0,16,0,,4,PAIX AVENUE DE LA,0,,2,2,0,1,0,0,1,, -1,1,0,4,50,18,10,1,9,9225,2,1,0,6,PAIX AVENUE DE LA,43.11088,1.61886,8,2,1
202100041359,127Â 680,B01,1,1,1,5,1,-1,-1,0,0,-1,2021,61.0,1,2,0,2,1,1,1,,3,17,0,,2,2,0,1,60,771,1,, -1,1,0,1,80,5,5,1,31,31341,1,2,0,3,D17,43.724964,1.247635,14,3,2
202100051562,109Â 529,A01,1,1,1,5,1,0,-1,-1,0,-1,2021,35.0,1,2,0,2,1,1,1,,1,AUTOROUTE A3,0,,3,-1,0,1,15,649,1,, -1,1,0,1,90,13,2,3,95,95277,1,1,0,4,AUTOROUTE A3,48.97153,2.48495,18,4,3
202100019003,167Â 669,B01,1,1,2,9,2,0,-1,0,0,-1,2021,27.0,2,1,0,2,7,1,5,,4,RUE DU FAUBOURG POISSONNIERE,0,,2,2,1,2,(1),(1),3,, -1,2,0,5,30,14,9,2,75,75110,2,4,1,3,RUE DU FAUBOURG POISSONNIERE,48.883183,2.349837,19,2,2
202100013528,177Â 546,A01,2,2,1,0,1,0,-1,-1, -1,-1,2021,43.0,3,2,6,0,2,1,1,,4,COUESNON (AVENUE DU),0,,2,2,0,4,(1),(1),1,, -1,1,1,8,50,13,10,1,35,35278,1,1,0,7,COUESNON (AVENUE DU),48.14152,-1.6718,19,2,1
202100047701,116Â 483,B01,1,1,1,5,1,0,-1,-1,0,-1,2021,46.0,2,2,0,2,5,2,2,,1,AUTOROUTE A3,0,,3,-1,0,1,16,600,1,, -1,1,0,1,90,17,3,1,95,95277,1,1,0,2,AUTOROUTE A3,48.9776905596,2.4943090192,11,2,2
202100036077,137Â 195,B01,1,1,1,5,2,0,-1,-1, -1,-1,2021,20.0,1,1,0,2,1,12,5,,4,Corniche John FitzgÃ©rald Kennedy,0,,2,2,1,1,0,0,1,, -1,1,0,1,50,6,6,1,13,13207,2,1,0,1,Corniche John FitzgÃ©rald Kennedy,43.27396,5.36242,13,2,2
202100007210,188Â 867,A01,10,3,1,0,0,-1,-1,4,3,1,2021,39.0,3,2,0,1,1,1,1,,7,ROYAT (AVENUE DE),0,,2,2,0,4,(1),(1),1,, -1,1,0,1,50,19,11,1,63,63075,2,2,0,6,ROYAT (AVENUE DE),45.77434,3.06328,12,2,1
202100036369,136Â 692,A01,10,3,1,0,0,-1,-1,4,3,2,2021,30.0,3,0,0,1,0,0,0,,4,EMILE ZOLA                          (R ),0,,1,1,0,1,(1),(1),1,, -1,1,0,1,50,4,6,1,69,69199,2,1,0,6,EMILE ZOLA (R),45.7105846164,4.8569172621,20,2,1
202100033521,141Â 854,B01,1,1,2,0,2,6,-1,-1, -1,-1,2021,28.0,1,1,0,2,8,3,1,,1,AUTOROUTE A86,0,,3,8,0,1,22,0,1,, -1,1,1,1,90,18,6,1,93,93008,1,1,0,3,AUTOROUTE A86,48.90864,2.44952,18,2,2
202100050603,111Â 236,B01,1,1,1,0,2,0,-1,-1, -1,-1,2021,36.0,2,1,0,2,1,0,3,,3,NOISY ROUTE DE,0,,2,2,0,1,0,1,1,, -1,1,0,1,50,21,2,1,93,93063,2,1,0,3,NOISY ROUTE DE,48.89313,2.43792,17,2,2
202100025315,156Â 407,B01,1,1,1,5,2,8,-1,-1, -1,-1,2021,36.0,1,1,0,2,1,1,1,,4,VAUDOYER (AVENUE),0,,2,2,0,1,0,0,2,, -1,1,0,1,50,5,8,1,13,13202,2,1,0,3,VAUDOYER (AVENUE),43.29505,5.36434,16,4,2
202100042837,125Â 095,A01,1,1,1,0,0,-1,-1,-1, -1,-1,2021,41.0,2,1,0,2,8,15,5,,4,BOURGCHANIN     (Rue),0,,2,2,0,2,(1),(1),1,, -1,1,0,1,50,23,4,1,69,69266,2,3,0,3,BOURGCHANIN (R),45.7671968944,4.9024813641,18,2,2
202100042750,125Â 226,A01,1,1,1,5,2,-1,-1,0,0,-1,2021,15.0,0,1,0,0,2,0,1,,4,,-1,,2,2,0,1,0,0,1,, -1,1,0,1,50,18,4,1,38,38408,2,1,0,7,Route du Stade,45.581661,4.999589,16,1,1
202100045560,120Â 294,B01,1,1,1,9,2,6,-1,-1, -1,-1,2021,51.0,0,1,0,2,3,1,1,,4,ROOSEVELT. AVENUE FRANKLIN,0,,2,2,0,1,(1),(1),1,, -1,1,0,1,50,1,4,1,76,76322,2,3,0,3,Avenue Franklin Roosevelt,49.4006,1.0532,19,2,2
202100015589,173Â 816,A01,1,1,1,4,2,6,-1,-1, -1,-1,2021,43.0,2,1,0,2,8,7,1,,4,BD ALFRED DANEY,0,,3,4,3,1,(1),(1),1,, -1,1,0,6,50,1,10,5,33,33063,2,1,0,3,Boulevard Alfred Daney,44.86786,-0.57137,19,2,2
202100040064,129Â 983,A01,1,1,1,0,2,6,-1,0,0,-1,2021,32.0,1,1,0,2,3,1,1,,4,PAULINE RUE ET JARDIN,0,,2,2,0,1,(1),(1),1,, -1,1,0,1,50,13,5,1,6,6004,2,3,0,3,PAULINE RUE ET JARDIN,43.572864,7.107338,17,2,2
202100028549,150Â 688,A01,1,1,1,5,0,-1,-1,0,0,-1,2021,27.0,3,1,16,0,8,0,1,,4,,-1,,2,2,0,1,(1),(1),1,,4,1,0,1,50,18,7,5,64,64519,2,1,0,7,Chemin des Lanots,43.373009,-0.360299,1,1,1
202100029223,149Â 525,A01,1,1,1,5,1,-1,-1,0,0,-1,2021,56.0,1,2,0,0,2,1,1,,3,D201,-1,,2,3,0,1,44,475,1,, -1,1,5,1,50,14,7,1,68,68118,2,2,0,3,138 Rue du GÃ©nÃ©ral de Gaulle,47.72282,7.418113,6,2,2
202100019794,166Â 268,A01,1,1,1,5,2,6,0,0,0,-1,2021,29.0,1,1,12,0,0,0,1,,3,204,-1,,2,2,0,1,(1),(1),3,, -1,1,0,3,80,11,9,3,84,84064,1,6,0,7,Rd 204,44.319158,4.708087,0,1,1
202100035326,138Â 564,A01,1,1,1,5,2,0,-1,0,0,-1,2021,31.0,1,1,0,2,1,2,1,,4,BOULEVARD HAUSSMANN,0,,1,3,0,1,(1),(1),1,, -1,1,0,1,50,9,6,5,75,75108,2,1,0,2,BOULEVARD HAUSSMANN,48.874567,2.321214,23,2,2
202100030175,147Â 831,A01,1,1,1,0,8,0,-1,0,0,-1,2021,33.0,0,1,0,2,1,26,3,,6,,0,,-1,0,0,1,(1),(1),1,, -1,1,0,1,50,6,7,1,63,63113,2,1,0,1,SAINT ALYRE (RUE),45.78637,3.08118,15,2,2
202100033506,141Â 890,A01,1,1,1,0,2,6,9,0,0,-1,2021,52.0,2,1,0,2,8,17,1,,3,737,-1,,2,2,0,2,4,972,1,, -1,1,0,1,80,18,6,1,35,35221,1,1,0,3,Rue de Rennes,47.869596,-1.679192,15,2,2
202100044311,122Â 461,A01,10,3,2,5,0,-1,-1,3,3,1,2021,58.0,1,2,0,1,0,11,0,,4,GAMBETTA (RUE),0,,-1,1,1,1,0,0,1,, -1,1,0,1,50,12,4,2,93,93048,2,1,0,6,GAMBETTA (RUE),48.8533465283,2.429968345,18,2,1
202100047807,116Â 300,A01,10,3,2,5,8,8,-1,1,3,1,2021,51.0,2,2,0,1,7,1,1,,4,VICTOR HUGO (AVENUE),0,,2,2,0,1,0,0,1,, -1,2,0,1,30,13,3,1,14,14366,2,1,1,6,Avenue Victor Hugo,49.14535,0.227616,11,2,1
202100002175,197Â 900,A01,10,3,1,2,0,-1,-1,3,3,1,2021,12.0,1,2,0,1,2,1,2,,3,155,0,D,3,1,0,1,7,304,1,, -1,1,0,1,50,17,12,1,76,76452,2,1,0,6,Rue AndrÃ© Martin,49.54421,1.073758,15,3,1
202100032569,143Â 553,A01,1,1,2,9,2,4,6,0,0,-1,2021,48.0,1,1,0,2,1,13,1,,3,400,-1,,2,2,0,1,2,270,3,, -1,1,0,1,70,25,6,1,54,54306,1,1,0,1,D400,48.683155069,5.7772421838,10,2,2
202100026380,154Â 540,A01,1,1,2,5,2,6,9,0,0,-1,2021,48.0,1,1,0,2,1,13,1,,2,116,-1,,2,2,0,1,75,800,3,, -1,1,0,1,80,30,7,1,66,66192,1,1,0,1,RN 116,42.507429,2.130811,15,6,2
202100012776,178Â 886,A01,1,1,2,0,1,-1,-1,0,0,-1,2021,18.0,3,2,0,2,8,1,1,,3,975,0,,2,2,0,1,14,769,1,, -1,1,0,1,80,17,10,2,50,50048,1,2,0,3,D975,48.868748,-1.173359,18,3,2
202100001748,198Â 663,A01,10,3,1,9,0,-1,-1,3,3,1,2021,26.0,2,1,0,1,2,18,1,,4,RUE DROUOT,0,,1,1,0,1,(1),(1),1,, -1,1,0,1,30,22,12,5,75,75109,2,3,0,6,RUE DROUOT,48.873266,2.340554,16,3,2
202100035135,138Â 901,A01,2,2,2,5,8,-1,-1,0,0,-1,2021,61.0,1,2,0,2,1,0,1,,3,22,-1,,2,2,0,1,19,600,1,,4,1,0,1,80,5,6,1,45,45135,1,3,0,1,D22,48.250987,2.041703,20,4,2
202100003104,196Â 216,A01,1,1,1,0,2,0,-1,0,0,-1,2021,60.0,3,1,0,0,1,1,1,,4,CHAMBRETTES (RUE DES),0,,2,2,0,1,0,0,1,, -1,1,0,1,50,13,12,1,63,63113,2,1,0,7,CHAMBRETTES (RUE DES),45.76697,3.0986,8,1,1
202100014320,176Â 105,B01,1,1,1,1,1,0,-1,-1, -1,-1,2021,38.0,1,2,3,2,3,0,1,,3,ROUTE DEPARTEMENTALE 3,0,,2,2,0,1,0,500,1,, -1,1,0,1,50,8,10,3,972,97213,1,1,1,3,ROUTE DEPARTEMENTALE 3,14.60367,-60.99746,18,2,2
202100031715,145Â 068,A01,10,3,2,0,0,-1,-1,1,1,1,2021,34.0,3,2,0,1,1,15,1,,4,PEPINIERE (CHEMIN DE LA),0,,2,2,0,1,0,0,1,, -1,1,0,1,50,23,6,1,13,13028,2,1,0,6,PEPINIERE (CHEMIN DE LA),43.1909105899,5.60059701,10,2,1
202100021026,164Â 078,B01,1,1,2,5,8,0,-1,-1, -1,-1,2021,75.0,1,1,1,0,1,1,5,,4,COMMANDANT RENE MOUCHOTTE DU,0,,2,4,1,1,0,0,1,, -1,1,0,5,50,2,9,1,64,64132,1,1,0,6,COMMANDANT RENE MOUCHOTTE DU,43.303,-0.32294,14,2,2
202100035175,138Â 832,A01,1,1,1,5,2,-1,-1,0,0,-1,2021,16.0,1,1,0,0,1,1,1,,3,67,0,,-1,2,0,4,(1),(1),4,, -1,1,2,1,80,11,6,1,14,14322,1,1,0,7,D67,49.253465,-0.70982,16,1,1
202100011311,181Â 521,A01,10,3,2,5,0,-1,-1,3,3,1,2021,69.0,2,2,0,1,2,1,1,,3,D927,-1,,2,2,3,1,(1),(1),1,, -1,2,0,1,40,21,10,5,67,67550,2,1,1,6,Grand Rue,48.938278,7.743403,19,2,1
202100045469,120Â 462,B01,1,1,1,9,2,-1,-1,0,0,-1,2021,25.0,1,1,3,0,4,2,1,,2,109,0,N,3,4,0,1,10,350,1,, -1,1,0,1,110,2,4,1,34,34259,1,1,0,2,RN109 PK 10+350,43.631614,3.763107,12,2,2
202100002412,197Â 468,B01,1,1,1,1,6,-1,-1,-1, -1,-1,2021,19.0,2,1,0,2,1,1,3,,4,FORUM (PLACE),0,,1,2,1,1,(1),(1),1,, -1,1,0,1,50,16,12,1,51,51454,2,2,0,3,Place du Forum,49.2565972887,4.0330901742,10,2,2
202100005440,192Â 072,B01,1,1,1,2,0,-1,-1,0,0,-1,2021,20.0,2,1,0,2,1,17,3,,3,,-1,,2,2,0,1,4,400,1,, -1,1,5,1,80,1,12,2,973,97309,2,1,0,3,Route Nationale 3,4.890189,-52.287696,7,2,2
202100003520,195Â 452,A01,1,1,1,1,2,6,-1,-1, -1,-1,2021,53.0,1,1,0,2,1,16,1,,2,AVENUE DU DOCTEUR NOEL FRANCHINI,0,,2,2,0,4,(1),(1),3,, -1,1,0,1,50,2,8,1,201,201004,2,6,0,3,ROUTE DU STILETTO,41.9448,8.7588,9,2,2
202100044279,122Â 518,A01,1,1,1,1,2,0,-1,0,0,-1,2021,29.0,3,1,0,0,0,0,1,,3,BLANCHE (CH. DE LA VOIE) NATION A FALAIS,0,,-1,2,0,1,9,0,1,, -1,2,0,1,50,12,4,5,27,27701,2,1,1,1,BLANCHE (CH. DE LA VOIE) NATION A FALAIS,49.26915,1.20814,21,2,2
202100046100,119Â 356,A01,1,1,1,5,1,8,-1,-1, -1,-1,2021,64.0,3,2,2,0,1,26,1,,4,RICHARD (BOULEVARD GUSTAVE),0,,2,2,0,2,0,0,1,, -1,1,0,4,50,26,3,1,49,49099,1,3,0,6,RICHARD (BOULEVARD GUSTAVE),47.06638,-0.88167,14,1,1
202100024750,157Â 407,B01,1,1,1,0,2,-1,-1,-1, -1,-1,2021,24.0,1,1,0,2,9,1,1,,1,,-1,,1,-1,-1,1,16,0,1,, -1,1,3,1,-1,10,8,1,33,33281,2,2,0,3,Avenue Marcel Dassault,44.84351,-0.67296,11,2,2
202100008951,185Â 716,A01,1,1,1,0,2,-1,-1,-1, -1,-1,2021,17.0,1,1,0,2,1,9,1,,4,TIVOLI (AVE DE),0,,2,2,0,1,(1),(1),1,, -1,1,0,1,50,7,11,1,33,33069,2,6,0,3,Avenue de Tivoli,44.86853,-0.59726,15,3,2
202100050209,111Â 966,A01,1,1,1,9,2,6,-1,0,0,-1,2021,34.0,2,1,0,2,2,1,1,,4,RUE OLIVIER METRA,0,,1,1,2,4,(1),(1),1,, -1,1,0,1,30,25,2,1,75,75120,2,1,0,3,RUE OLIVIER METRA,48.872084,2.394943,10,2,2
202100027495,152Â 580,A01,10,3,2,0,0,-1,-1,5,1,1,2021,53.0,3,1,0,1,1,25,3,,4,GUILLOTIERE (DE LA)                 (PT),0,,2,4,2,1,(1),(1),1,, -1,1,2,4,50,22,7,1,69,69387,2,1,0,6,GUILLOTIERE (DE LA) (PT),45.7566673467,4.8385387659,18,2,1
202100013519,177Â 562,A01,1,1,1,5,1,8,-1,-1, -1,-1,2021,79.0,1,2,1,0,1,1,1,,4,ROTONDE,0,,1,1,0,1,0,0,3,, -1,1,0,1,50,2,10,1,58,58194,2,1,0,1,ROTONDE,46.9897,3.1469,17,2,2
202100011585,181Â 018,A01,5,2,1,5,1,0,-1,-1, -1,-1,2021,19.0,3,2,13,0,5,1,1,,4,CHAMPIGNY (ROUTE DE) D 145,0,,2,2,0,1,0,0,4,, -1,2,0,1,80,21,10,3,49,49328,1,1,0,6,CHAMPIGNY (ROUTE DE) D 145,47.23882,-0.04347,22,5,1
202100054725,103Â 971,A01,1,1,1,1,1,-1,-1,0,0,-1,2021,42.0,2,2,9,0,1,1,1,,3,58,0,,2,2,0,1,7,710,1,, -1,1,0,3,80,13,1,3,30,30341,1,1,0,6,Le Pin du Fer,43.576582,4.29338,7,2,2
202100035014,139Â 112,C01,1,1,2,5,1,-1,-1,-1, -1,-1,2021,22.0,3,2,0,2,5,1,1,,4,ALBERT 1ER (BD),0,,2,4,0,1,(1),(1),1,, -1,1,5,1,50,11,6,1,35,35238,2,2,0,5,ALBERT 1ER (BD),48.08895,-1.67478,15,4,4
202100049740,112Â 836,B01,1,1,1,0,8,0,-1,-1, -1,-1,2021,43.0,1,1,0,2,2,1,3,,4,PARMENTIER                          (R ),0,,2,0,1,1,(1),(1),1,, -1,1,0,1,50,27,2,1,69,69199,2,2,0,3,PARMENTIER (R),45.70551,4.85911,12,2,2
202100034321,140Â 385,B01,1,1,1,1,2,0,-1,-1, -1,-1,2021,35.0,1,1,0,2,8,2,5,,3,PARIS (R DE),0,,2,2,2,1,0,375,1,, -1,1,0,1,30,15,6,1,94,94018,2,1,0,3,PARIS (R DE),48.82804,2.40351,9,2,2