Num_Acc,id_vehicule,num_veh,place,catu,sexe,trajet,secu1,secu2,secu3,locp,actp,etatp,year_acc,victim_age,senc,catv,obs,obsm,choc,manv,motor,occutc,catr,voie,v1,v2,circ,nbv,vosp,prof,pr,pr1,plan,lartpc,larrout,surf,infra,situ,vma,jour,mois,lum,dep,com,agg_,int,atm,col,adr,lat,long,hour,nb_victim,nb_vehicules
202100050616,111Â 216,A01,1,1,1,5,2,-1,-1,0,0,-1,2021,67.0,1,1,0,0,0,16,5,,7,6,-1,,2,2,0,2,79,100,3,, -1,8,0,1,90,23,2,1,42,42320,1,1,0,7,Route de Saint Romain,45.551353,4.517848,9,1,1
202100000324,201Â 139,B01,1,1,1,-1,1,-1,-1,-1, -1,-1,2021,49.0,2,2,0,2,1,1,-1,,3,,-1,,2,-1,0,1,31,520,1,, -1,1,0,1,80,11,2,2,33,33080,2,2,0,3,Chemin de Martillac,44.74671,-0.56384,18,2,2
202100043540,123Â 836,A01,4,2,1,0,1,0,-1,0,0,-1,2021,23.0,1,2,0,2,1,13,1,,7,SAINT MAURICE (ROUTE DE),0,,2,1,0,2,17,800,3,, -1,1,0,1,80,18,4,1,42,42031,1,1,0,3,Route de Saint-Maurice,45.40686,4.23717,14,6,2
202100028474,150Â 820,A01,10,3,1,9,0,-1,-1,1,3,1,2021,74.0,1,2,0,1,4,4,1,,4,ANCIEN FOIRAIL (PLACE),0,,1,1,0,2,0,0,1,, -1,1,0,1,50,17,7,1,32,32013,2,1,0,6,ANCIEN FOIRAIL (PLACE),43.64931,0.583,11,2,1
202100028570,150Â 651,A01,1,1,1,5,2,9,6,0,0,-1,2021,30.0,1,1,0,2,1,13,1,,3,909,-1,,2,2,0,1,4,510,1,, -1,1,0,1,80,18,7,1,73,73114,1,1,0,1,D909,45.852959,6.500269,16,3,2
202100036936,135Â 679,B01,1,1,2,0,1,8,-1,-1, -1,-1,2021,26.0,2,2,0,2,6,1,1,,1,AUTOROUTE A6,0,,1,3,0,2,19,149,1,, -1,1,0,1,110,2,6,1,91,91687,1,1,0,4,AUTOROUTE A6,48.66408,2.36572,19,3,3
202100013092,178Â 340,A01,10,3,2,0,0,-1,-1,3,3,1,2021,82.0,0,2,0,1,2,19,1,,3,CLEMENCEAU (BOULEVARD GEORGES),0,,2,1,0,1,49,245,1,, -1,1,0,1,50,15,10,1,27,27375,2,6,0,6,CLEMENCEAU (BOULEVARD GEORGES),49.21015,1.17043,13,2,1
202100025688,155Â 768,A01,1,1,1,1,1,-1,-1,0,0,-1,2021,19.0,1,2,2,0,1,1,1,,3,263,0,D,2,2,0,1,43,700,3,, -1,1,0,8,80,4,8,2,67,67474,1,1,0,6,D264,48.932679,7.879719,6,1,1
202100037161,135Â 259,A01,10,3,1,5,0,-1,-1,2,3,1,2021,3.0,1,2,0,1,1,9,1,,4,CROISETTE (BOULEVARD DE),0,,2,4,0,1,(1),(1),1,, -1,1,0,1,30,31,5,1,6,6029,2,9,0,6,CROISETTE (BOULEVARD DE),43.546233,7.033128,20,2,1
202100017339,170Â 655,B01,1,1,1,1,2,-1,-1,0,0,-1,2021,39.0,1,1,0,2,1,1,1,,3,166,-1,,2,2,0,1,(1),(1),1,, -1,1,0,1,80,23,9,2,59,59581,1,2,0,3,11 rue du fouquereau,50.662425,2.761968,7,2,2
202100013282,177Â 998,B01,1,1,2,1,1,0,-1,-1, -1,-1,2021,29.0,1,2,0,2,7,1,1,,3,RD700,0,,3,4,0,1,1,0,1,, -1,1,0,1,50,14,10,2,22,22360,1,1,0,3,RD700,48.464928,-2.779157,18,2,2
202100030895,146Â 535,A01,7,2,2,5,3,1,-1,0,0,-1,2021,6.0,3,2,0,2,1,1,1,,4,,-1,,2,2,0,1,(1),(1),1,,5,1,0,1,30,4,7,1,22,22055,2,2,0,3,Rue de la RÃ©publique (Ãtables-sur-Mer),48.621619,-2.830975,11,3,2
202100012201,179Â 907,B01,1,1,2,1,1,-1,-1,-1, -1,-1,2021,31.0,1,2,0,2,4,1,1,,1,VOIE JEAN TAITTINGER,0,,1,3,0,1,6,300,1,, -1,2,0,1,90,19,10,1,51,51454,1,1,0,2,Voie Jean Taittinger,49.2416,4.03215,8,2,2
202100002168,197Â 910,A01,1,1,1,5,1,-1,-1,0,0,-1,2021,43.0,1,2,9,0,9,1,1,,3,338,-1,,2,2,0,1,22,900,2,, -1,1,0,3,90,21,12,1,72,72187,1,1,0,6,Les Gabilles,47.803528,0.322852,12,1,1
202100033267,142Â 309,B01,1,1,2,4,0,-1,-1,0,0,-1,2021,48.0,1,2,0,0,6,24,1,,1,35,-1,,3,4,0,1,68,0,1,, -1,1,0,2,130,29,5,1,68,68066,1,1,0,2,A35,48.056154,7.376354,15,2,2
202100023761,159Â 145,A01,1,1,1,5,2,-1,-1,0,0,-1,2021,60.0,1,1,0,2,7,1,5,,7,6,-1,,2,2,0,1,15,500,2,, -1,1,5,1,50,17,8,1,69,69279,2,6,0,3,LYON (DE) (RTE),45.7997676594,5.0597459078,17,2,2
202100004396,193Â 897,A01,10,3,1,9,0,-1,-1,2,3,1,2021,24.0,2,2,0,1,1,16,2,,4,BOULEVARD SERURIER,0,,3,2,0,1,(1),(1),1,, -1,2,0,1,30,6,12,5,75,75119,2,4,0,6,BOULEVARD SERURIER,48.888202,2.395797,17,2,1
202100005953,191Â 154,A01,1,1,1,0,8,0,-1,-1, -1,-1,2021,37.0,1,2,0,0,9,0,1,,7,PALAVAS D986 (ROUTE DE),0,,1,2,0,1,51,785,1,, -1,2,0,1,90,27,11,3,34,34129,1,1,0,7,PALAVAS D986 (ROUTE DE),43.55762,3.89283,5,4,1
202100051608,109Â 441,B01,2,2,2,5,1,0,-1,-1, -1,-1,2021,43.0,2,2,0,2,1,2,1,,3,907,0,,2,2,0,2,0,0,1,, -1,1,0,1,50,13,2,1,92,92064,2,1,0,4,GOUNOD,48.8434306686,2.2167854011,14,4,3
202100052643,107Â 628,A01,1,1,1,5,1,0,-1,-1,0,-1,2021,20.0,2,2,4,0,1,1,1,,1,AUTOROUTE A115,0,,3,4,0,2,10,0,2,, -1,2,0,1,70,4,2,1,95,95060,1,1,1,6, A115,49.0431419212,2.1880276998,12,1,1
202100037003,135Â 556,A01,3,2,1,5,3,0,-1,-1, -1,-1,2021,3.0,2,2,0,0,9,14,1,,2,EST (ROCADE),0,,3,4,0,1,35,100,1,, -1,1,0,3,110,29,5,1,42,42170,1,1,0,7,N7,46.0201,4.10205,18,3,1
202100023491,159Â 640,A01,1,1,2,4,1,-1,-1,0,0,-1,2021,48.0,1,2,16,0,2,13,1,,3,130,-1,,2,2,0,1,3,140,1,, -1,1,0,3,80,19,8,1,33,33290,1,1,0,7,Route de Parsac,44.909569,-0.094854,9,1,1
202100020399,165Â 172,A01,10,3,1,5,0,-1,-1,3,3,1,2021,91.0,3,2,0,1,3,1,1,,9,,0,,2,2,0,3,(1),(1),1,,4,1,0,1,30,7,9,1,28,28280,2,7,0,6,Place du GÃ©nÃ©ral Saint Pol,48.321343,0.821807,9,2,1
202100053251,106Â 546,B01,1,1,1,9,2,6,-1,0,0,-1,2021,40.0,1,1,0,2,1,1,5,,4,PONT DE LA CONCORDE,0,,2,6,1,1,(1),(1),1,, -1,2,-1,5,50,29,1,1,75,75107,2,2,1,3,PONT DE LA CONCORDE,48.8625825338,2.3190491784,14,2,2
202100043960,123Â 101,A01,1,1,1,9,2,6,9,0,0,-1,2021,17.0,3,1,0,2,2,13,1,,4,,-1,,2,2,0,1,(1),(1),2,, -1,1,0,1,80,14,4,1,49,49228,1,1,0,1,la cigogne,47.48064,0.159892,13,2,2
202100055130,103Â 270,A01,10,3,1,1,0,-1,-1,3,3,1,2021,23.0,2,2,0,1,2,1,1,,3,813,0,,2,2,0,1,16,0,1,, -1,2,0,1,50,14,1,5,46,46102,2,9,1,6,Quai Albert Bessieres,44.607186,2.032283,18,2,1
202100052477,107Â 915,B01,1,1,2,4,1,0,-1,-1, -1,-1,2021,39.0,3,2,0,2,4,1,2,,4,986,0,,-1,2,0,1,0,0,1,, -1,1,0,1,50,5,2,1,92,92025,2,1,0,2,GABRIEL PERI (RUE),48.9215686952,2.2459959984,12,2,2
202100003825,194Â 913,A01,1,1,1,4,1,0,-1,0,0,-1,2021,49.0,1,2,8,2,3,1,1,,4,BOULEVARD VINCENT AURIOL,0,,1,3,2,1,(1),(1),1,, -1,2,0,1,30,8,12,5,75,75113,2,3,0,3,BOULEVARD VINCENT AURIOL,48.833529,2.36342,19,3,2
202100033988,141Â 001,B01,1,1,2,1,1,0,-1,-1, -1,-1,2021,40.0,2,2,0,2,6,1,1,,1,A104,0,,1,4,0,1,23,399,1,, -1,1,2,1,90,16,6,1,77,77372,1,1,0,3,A104,48.8759375141,2.6691263873,9,2,2
202100015720,173Â 568,A01,1,1,1,5,1,-1,-1,-1,0,-1,2021,50.0,2,5,4,0,6,1,1,,2,RN 184,0,,3,4,0,1,3,0,2,, -1,2,0,1,90,2,10,1,95,95572,1,1,1,6,RN 184,49.033977,2.11149,18,1,1
202100041847,126Â 819,A01,1,1,1,5,1,-1,-1,0,0,-1,2021,45.0,1,2,0,2,7,13,1,,3,703,0,,2,2,0,2,48,120,1,, -1,1,0,1,50,2,5,2,24,24067,1,1,0,1,Le Pont de Campagne,44.903824,0.958107,20,2,2
202100052609,107Â 682,A01,1,1,2,3,1,-1,-1,0,0,-1,2021,20.0,2,2,2,0,1,14,1,,2,20,-1,,2,1,0,2,76,300,2,, -1,2,0,3,80,5,2,1,202,202074,1,1,0,6,RT 20,42.262796,9.169142,12,1,1
202100029402,149Â 223,A01,1,1,1,0,2,6,-1,-1, -1,-1,2021,21.0,1,1,16,0,7,1,1,,1,A502-Sens Toulon par R.N. vers  Aubagne,0,,3,2,0,2,0,200,1,, -1,1,0,1,70,12,7,1,13,13005,1,1,0,7,A502-Sens Toulon par R.N. vers  Aubagne,43.28408,5.59232,17,1,1
202100023273,160Â 017,A01,1,1,2,0,1,0,-1,0,0,-1,2021,24.0,1,2,0,2,7,15,1,,4,AIGUILLETTES  (BD 5A A 17A),0,,4,5,0,1,(1),(1),1,, -1,1,0,1,50,21,8,5,54,54578,2,2,0,3,AIGUILLETTES  (BD 5A A 17A),48.67025,6.15826,1,2,2
202100040247,129Â 660,A01,1,1,2,5,2,6,9,0,0,-1,2021,22.0,1,1,4,0,8,1,1,,3,3,-1,,3,2,0,2,111,650,3,, -1,1,0,3,70,9,5,1,51,51507,1,1,0,7,D3,49.102308,4.980412,16,1,1
202100052416,108Â 018,B01,1,1,1,1,0,0,-1,-1, -1,-1,2021,39.0,2,1,0,2,2,1,3,,4,BOSQUET,0,,2,2,0,1,0,0,1,, -1,1,0,1,30,5,2,1,64,64445,2,2,0,3,BOSQUET,43.29712,-0.36652,8,2,2
202100016752,171Â 680,A01,2,2,2,5,8,0,-1,-1, -1,-1,2021,30.0,1,2,3,0,3,1,1,,1,A557-Liaison A7 Marseille-A55 Marseille,0,,1,2,0,2,1,100,2,, -1,2,2,1,50,26,9,1,13,13202,1,1,0,5,A557-Liaison A7 Marseille-A55 Marseille,43.3167141725,5.3640602711,12,2,1
202100022705,161Â 015,A01,1,1,1,5,2,6,-1,-1, -1,-1,2021,24.0,1,1,0,2,1,26,3,,4,ALSACE LORRAINE D',0,,2,2,0,1,0,0,1,, -1,1,0,1,50,24,8,4,64,64445,2,3,0,3,ALSACE LORRAINE D',43.30439,-0.36748,20,2,2
202100024013,158Â 719,A01,1,1,2,0,2,6,-1,-1, -1,-1,2021,17.0,0,1,0,2,1,1,1,,4,OCEAN (BD DE L'),0,,2,2,0,1,(1),(1),1,, -1,1,0,1,50,14,8,1,33,33529,2,1,0,2,OCEAN (BD DE L'),44.61907,-1.20164,16,2,2
202100028127,151Â 428,B01,1,1,2,5,1,-1,-1,-1, -1,-1,2021,24.0,2,2,0,2,4,2,1,,3,MENDES FRANCE (BOULEVARD),0,,3,4,0,1,26,237,1,, -1,1,0,1,50,16,7,1,50,50129,2,1,0,2,MENDES FRANCE (BOULEVARD),49.63442,-1.6257,14,2,2
202100042247,126Â 114,A01,1,1,1,5,2,6,-1,0,0,-1,2021,42.0,3,1,13,0,1,1,1,,4,3,-1,,2,2,0,1,(1),(1),3,, -1,1,0,3,70,28,4,1,29,29257,1,1,0,6,Rue Tevenn Ar Reut,48.56462,-4.614365,15,1,1
202100026316,154Â 651,A01,10,3,2,5,0,-1,-1,3,3,1,2021,75.0,3,2,0,1,3,15,1,,4,CARNOT ( QUAI),0,,1,1,1,1,(1),(1),2,, -1,1,0,1,30,30,7,1,29,29039,2,3,0,6,Quai Carnot,47.87594,-3.91429,11,2,1
202100042220,126Â 159,A01,10,3,1,5,0,-1,-1,1,3,1,2021,15.0,3,2,0,1,2,1,1,,4,QU JEAN BAPTISTE CLEMENT ,0,,2,2,0,1,1,0,1,, -1,1,0,1,50,27,4,1,94,94002,2,1,0,6,Quai Jean-Baptiste ClÃ©ment,48.79636,2.42175,19,3,1
202100019618,166Â 571,B01,1,1,1,0,1,-1,-1,-1, -1,-1,2021,53.0,1,2,0,2,1,1,0,,4,CONCORDE (DE LA)                    (R ),0,,1,1,0,1,(1),(1),1,, -1,1,0,1,50,10,9,1,69,69388,2,3,0,3,CONCORDE (DE LA) (R),45.73215,4.86976,17,2,2
202100053701,105Â 743,A01,1,1,1,5,8,0,-1,-1, -1,-1,2021,26.0,1,1,0,2,1,2,1,,3,RD 41 (ROCADE),0,,2,4,0,1,3,700,2,, -1,1,0,1,70,23,1,1,972,97209,2,1,0,2,RD 41 (ROCADE),14.60982,-61.06558,9,2,2
202100025979,155Â 243,A01,4,2,1,5,1,0,-1,-1, -1,-1,2021,15.0,2,2,1,0,6,26,1,,4,ZOLA (EMILE),0,,2,3,2,1,(1),(1),1,, -1,1,0,1,50,1,8,1,45,45234,2,1,0,6,42 Rue Emile Zola,47.9103255329,1.9079571962,20,4,1
202100022449,161Â 510,A01,10,3,2,0,0,-1,-1,4,3,1,2021,77.0,1,1,0,1,1,1,1,,7,AV DU GENERAL EISENHOWER,0,,2,4,0,2,1,900,1,, -1,1,0,1,50,26,8,2,31,31555,2,1,0,6,AV DU GENERAL EISENHOWER,43.55905,1.3983,20,2,1
202100034872,139Â 380,A01,1,1,2,5,1,-1,-1,0,0,-1,2021,65.0,2,2,4,0,8,19,1,,1,28,0,A,3,4,0,1,73,50,1,, -1,1,0,1,130,12,6,1,72,72124,1,1,0,6,"Autoroute A28, PK 73 vers TOURS",47.814952,0.307365,12,1,1
202100043310,124Â 247,A01,10,3,2,0,0,-1,-1,3,3,2,2021,73.0,0,2,0,1,1,15,2,,4,CHAPEAU DE VIOLETTES (RUE DU),0,,1,1,0,3,(1),(1),1,, -1,1,0,1,50,19,4,1,80,80021,2,1,0,6,CHAPEAU DE VIOLETTES (RUE DU),49.89618,2.29642,16,2,1
202100042898,124Â 986,A01,10,3,2,0,8,8,-1,6,3,1,2021,54.0,1,2,0,1,3,26,1,,1,A34,0,,1,1,0,1,30,0,1,, -1,1,3,6,70,22,4,1,8,8480,1,1,0,6,A34,49.73696,4.75034,18,2,1
202100010716,182Â 572,A01,10,3,1,0,8,8,-1,4,3,1,2021,65.0,2,2,0,1,1,15,1,,4,BD DE LA GARE,0,,1,3,3,1,(1),(1),1,, -1,1,5,1,50,27,10,1,31,31555,2,1,0,6,BD DE LA GARE,43.604977904,1.4572106302,14,2,1
202100019785,166Â 282,A01,1,1,1,5,1,-1,-1,0,0,-1,2021,25.0,1,2,0,6,1,21,1,,3,760,0,,2,2,0,1,20,500,1,, -1,9,0,3,80,9,9,3,37,37069,1,1,0,7,D760,47.1427032779,1.1242316244,23,1,1
202100055752,102Â 206,B01,1,1,1,0,2,8,-1,-1, -1,-1,2021,23.0,2,1,0,2,1,1,1,,3,CHAZEAU,0,,-1,2,0,1,(1),(1),3,, -1,1,0,1,70,8,1,1,971,97101,1,3,0,3,Route de Chazeau,16.28871,-61.4731,9,2,2
202100032435,143Â 796,B01,1,1,1,0,2,0,-1,-1, -1,-1,2021,30.0,2,1,0,2,1,1,1,,7,MONNET (AVE JEAN),0,,2,2,0,1,1,55,1,, -1,1,0,1,50,23,6,1,83,83090,1,9,0,3,MONNET (AVE JEAN),43.127615,5.859234,16,2,2
202100019760,166Â 323,B01,1,1,1,5,2,-1,-1,0,0,-1,2021,56.0,1,1,0,0,8,2,6,,7,17,-1,,2,2,0,1,10,912,1,, -1,1,0,1,50,11,9,1,34,34217,2,6,0,3,D17,43.700642,3.862518,9,2,2
202100041289,127Â 804,A01,1,1,1,1,2,0,-1,-1, -1,-1,2021,41.0,1,1,0,2,1,1,0,,7,BAYONNE (ROUTE DE ),0,,2,3,0,1,0,350,1,, -1,1,0,1,50,5,5,1,31,31555,2,1,0,2,BAYONNE (ROUTE DE ),43.6093943493,1.3540488482,14,2,2
202100016797,171Â 592,B01,2,2,2,5,1,-1,-1,-1, -1,-1,2021,70.0,2,2,0,2,4,1,1,,4,HENON                               (R ),0,,2,2,0,1,(1),(1),1,, -1,1,0,1,50,22,9,1,69,69384,2,1,0,2,JACQUES-LOUIS HENON (R),45.7796,4.82053,11,3,2
202100003924,194Â 740,B01,1,1,2,1,1,-1,-1,-1, -1,-1,2021,36.0,1,2,0,2,4,1,1,,1,A50,0,,3,6,0,1,68,0,1,, -1,1,0,1,90,9,12,1,83,83137,1,1,0,4,A50,43.1247873678,5.9013426304,8,3,3
202100036598,136Â 285,A01,10,3,1,2,0,-1,-1,2,3,1,2021,12.0,3,2,0,1,3,1,1,,4,SALVADOR ALLENDE                    (R ),0,,2,2,0,2,(1),(1),1,, -1,1,9,1,50,3,6,1,69,69290,2,1,0,6,SALVADOR ALLENDE (R),45.7033,4.93482,16,2,1
202100018020,169Â 415,A01,10,3,2,9,0,-1,-1,4,3,1,2021,26.0,3,2,0,1,1,1,1,,4,AVENUE DE MALAKOFF,0,,2,3,0,1,(1),(1),1,, -1,2,0,1,30,19,9,3,75,75116,2,2,1,6,AVENUE DE MALAKOFF,48.87317,2.284439,19,2,1
202100054944,103Â 599,A01,10,3,1,1,8,8,-1,1,3,1,2021,34.0,2,1,0,2,0,1,1,,4,EDOUARD VAILLANT,0,,2,2,0,1,0,0,1,, -1,1,0,1,50,15,1,2,93,93079,2,1,0,6,EDOUARD VAILLANT,48.96193,2.34643,18,2,1
202100002022,198Â 178,C01,2,2,2,5,1,0,-1,-1, -1,-1,2021,30.0,2,2,0,2,5,23,1,,3,SALINE (BOULEVARD DE LA),0,,3,4,0,1,29,680,1,, -1,1,0,1,70,19,12,5,50,50173,2,3,0,4,SALINE (BOULEVARD DE LA),49.65405,-1.64936,17,6,3
202100029144,149Â 652,A01,5,2,2,0,2,0,-1,-1, -1,-1,2021,57.0,0,1,0,2,7,1,1,,7,HENRI BARNIER (BOULEVARD),0,,2,4,0,2,1,0,1,, -1,1,0,1,50,14,7,5,13,13215,2,1,0,3,HENRI BARNIER (BOULEVARD),43.3729,5.3512,2,3,2
202100036283,136Â 824,A01,1,1,1,1,1,0,-1,-1, -1,-1,2021,35.0,1,2,9,0,4,23,1,,3,BRIAND ( AV. ARISTIDE) 1 A29,0,,3,4,0,1,1,0,1,, -1,2,0,1,50,4,6,2,93,93057,2,1,1,2,BRIAND ( AV. ARISTIDE) 1 A29,48.9078921557,2.4938317537,5,2,2
202100040035,130Â 036,B01,1,1,1,-1,8,-1,-1,-1,0,-1,2021,23.0,2,1,0,2,4,1,-1,,3,EUROPE (ROUTE DE L'),0,,2,4,1,1,1,350,1,, -1,1,0,5,70,11,5,1,95,95277,2,1,0,2,EUROPE (ROUTE DE L'),48.9880524355,2.4816226959,16,3,2
202100023483,159Â 651,A01,1,1,2,5,1,-1,-1,0,0,-1,2021,80.0,1,2,13,0,2,2,1,,3,767,0,,3,4,0,1,39,900,1,, -1,1,0,3,110,20,8,1,22,22004,1,1,0,7,PR 38+300,48.6398,-3.325167,11,1,1
202100023885,158Â 938,A01,1,1,1,9,2,0,-1,-1, -1,-1,2021,46.0,1,1,0,0,8,26,1,,4,BARANGE BOULEVARD,0,,3,4,0,1,1,0,2,, -1,1,0,1,60,14,8,1,49,49007,2,1,0,7,BARANGE BOULEVARD,47.45757,-0.57271,21,1,1
202100049517,113Â 243,A01,2,2,2,5,1,0,-1,-1, -1,-1,2021,48.0,1,2,0,2,8,1,1,,4,,0,,-1,2,0,1,(1),(1),1,, -1,1,0,1,50,2,3,1,10,10387,2,2,0,3,PASTEUR (RUE),48.30131,4.06423,15,3,2
202100054359,104Â 595,B01,1,1,1,4,2,6,-1,0,0,-1,2021,40.0,1,1,0,2,7,1,1,,4,RUE DE LA LEGION ETRANGERE,0,,2,4,0,1,(1),(1),1,, -1,1,0,1,50,20,1,1,75,75114,2,1,0,3,RUE DE LA LEGION ETRANGERE,48.820942,2.324439,16,2,2
202100022099,162Â 123,B01,1,1,1,0,1,0,-1,-1, -1,-1,2021,46.0,2,2,0,2,4,23,1,,3,RD 660,0,,2,2,0,1,2,300,1,, -1,1,0,1,90,27,8,1,10,10362,2,1,0,4,RD 660,48.30092,4.02122,11,5,3
202100027557,152Â 465,B01,1,1,1,4,2,0,-1,-1, -1,-1,2021,19.0,2,1,0,2,7,17,1,,4,JULES GUESDE (RUE),0,,-1,1,0,1,(1),(1),1,, -1,1,0,1,50,20,7,1,10,10387,2,2,1,3,JULES GUESDE (RUE),48.29325,4.08205,19,2,2
202100017125,171Â 026,B01,1,1,1,0,2,0,-1,-1, -1,-1,2021,48.0,1,1,0,2,1,1,3,,3,AVENUE GASTON ROUSSEL,0,,2,2,0,1,0,0,1,, -1,1,0,1,50,25,9,1,93,93063,2,1,0,3,AVENUE GASTON ROUSSEL,48.89242,2.44194,15,2,2
202100055792,102Â 139,B01,1,1,1,2,2,6,-1,-1, -1,-1,2021,19.0,1,1,0,2,1,1,1,,4,,0,,2,2,0,1,(1),(1),1,, -1,1,0,1,50,7,1,2,44,44184,2,2,0,1,VILLE HALLUARD (RUE DE LA),47.28453,-2.20331,7,2,2
202100015946,173Â 161,A01,1,1,1,1,2,8,-1,0,0,-1,2021,48.0,1,1,0,1,7,1,3,,4,QUAI BRANLY,0,,2,1,1,1,(1),(1),1,, -1,1,0,5,30,30,9,5,75,75115,2,1,0,6,QUAI BRANLY,48.856417,2.290003,19,2,1
202100019444,166Â 882,A01,1,1,1,0,2,6,-1,-1, -1,-1,2021,49.0,1,1,0,0,0,21,1,,1,A86 INT,0,,3,3,0,2,59,400,1,, -1,1,9,1,90,12,9,1,78,78640,1,1,0,6,A86 INT,48.777683,2.220054,19,1,1
202100049150,113Â 900,B01,2,1,1,1,2,0,-1,-1, -1,-1,2021,26.0,1,1,1,0,1,1,1,,4,EDOUARD VAILLANT NÂ° 1-97,0,,1,1,0,1,0,0,1,, -1,1,9,8,50,5,3,1,93,93029,2,3,0,3,EDOUARD VAILLANT NÂ° 1-97,48.9284925581,2.4304511629,16,2,2
202100006357,190Â 435,A01,1,1,1,4,8,-1,-1,0,0,-1,2021,19.0,2,5,2,0,2,1,1,,3,103,0,,2,2,0,2,17,100,4,, -1,2,0,8,80,26,11,1,1,1186,1,1,1,6,D103,45.912138,5.537667,13,1,1
202100050557,111Â 320,A01,2,2,1,0,2,0,-1,-1, -1,-1,2021,37.0,1,1,0,0,0,9,1,,4,PREVOT (ERNEST),0,,1,1,0,1,(1),(1),1,, -1,1,0,1,30,21,2,5,973,97302,2,1,0,7,PREVOT (ERNEST),4.9319300723,-52.3325503115,22,2,1
202100000170,201Â 441,B01,1,1,1,1,1,8,-1,-1, -1,-1,2021,42.0,1,5,0,2,1,21,1,,7,BELVAL CHEMIN DE,0,,2,2,0,3,1,0,4,, -1,1,0,1,80,17,5,1,13,13063,1,1,0,1,BELVAL CHEMIN DE,43.58546,5.04617,16,2,2
202100028072,151Â 532,B01,4,2,2,5,1,0,-1,-1, -1,-1,2021,57.0,1,2,0,2,4,24,1,,1,A46S   40.883 A 43.680,0,,3,4,0,1,42,200,1,, -1,1,0,2,90,20,7,3,69,69290,1,1,0,2,A46S   40.883 A 43.680,45.6925182338,4.9682454534,0,6,2
202100053313,106Â 429,A01,1,1,2,1,1,4,-1,-1,0,-1,2021,33.0,1,2,0,2,1,1,1,,1,15,0,,3,8,0,2,11,100,1,, -1,2,0,1,110,28,1,1,95,95252,1,1,1,4, A15,48.9791829779,2.2291476672,13,4,3
202100051059,110Â 408,A01,1,1,1,4,8,0,-1,-1, -1,-1,2021,30.0,2,1,0,2,8,19,5,,4,RUE DES ETABLES,0,,1,-1,3,1,(1),(1),1,, -1,1,-1,6,30,18,2,1,33,33063,2,3,0,3,Place AndrÃ© Meunier Dit Mureine,44.829499,-0.561296,11,2,2
202100051436,109Â 757,A01,1,1,1,9,1,0,-1,-1, -1,-1,2021,26.0,1,2,0,2,1,9,1,,7,RTE D ALBI,0,,1,1,0,1,3,900,1,, -1,1,0,1,50,13,2,1,31,31555,2,1,0,3,RTE D ALBI,43.64531,1.46905,8,2,2
202100049181,113Â 843,A01,1,1,1,0,0,-1,-1,0,0,-1,2021,30.0,2,2,6,0,2,1,1,,3,18,0,E,2,2,0,2,1,200,3,, -1,1,0,3,50,5,3,5,24,24167,2,1,0,6,D18E,44.664861,0.399231,19,2,1
202100026370,154Â 558,B01,1,1,1,5,2,6,-1,0,0,-1,2021,58.0,1,1,0,2,1,1,1,,3,973,-1,,2,3,0,2,59,160,1,,3,1,5,1,70,31,7,1,71,71530,2,3,0,3,Rue du Lavoir,46.9829831828,4.429259385,12,2,2
202100039527,130Â 944,B01,2,2,2,5,2,-1,-1,0,0,-1,2021,56.0,2,1,0,2,3,15,1,,3,81,-1,,2,2,0,1,207,500,1,, -1,1,0,1,80,19,5,1,202,202314,1,1,0,3,Casa Ã  Casta,42.660028,9.235366,19,3,2
202100008700,186Â 188,B01,1,1,1,0,2,-1,-1,-1, -1,-1,2021,33.0,2,1,0,2,3,0,1,,4,JULES TELLIER,0,,2,2,0,1,0,0,1,, -1,1,0,1,50,6,11,5,76,76351,2,2,0,3,JULES TELLIER,49.49834,0.12347,20,2,2
202100004686,193Â 398,A01,10,3,2,0,0,-1,-1,3,3,2,2021,3.0,1,2,0,1,2,1,1,,4,BELLECOUR                           (PL),0,,1,2,3,1,(1),(1),1,, -1,1,0,1,50,3,12,2,69,69382,2,1,0,6,BELLECOUR (PL),45.7569892259,4.830545783,16,2,1
202100038154,133Â 451,A01,10,3,1,4,0,-1,-1,6,9,1,2021,34.0,1,4,14,1,5,14,1,,2,SECTION MARE-GAILLARD,0,,2,2,0,1,(1),(1),1,, -1,1,0,3,30,25,5,1,971,97113,1,1,0,6,SECTION MARE-GAILLARD,16.21779,-61.43632,8,2,1
202100050728,111Â 010,B01,1,1,1,0,2,0,-1,-1, -1,-1,2021,60.0,3,1,0,2,2,1,1,,4,TONY GARNIER                        (AV),0,,2,7,0,1,(1),(1),1,, -1,1,0,1,50,20,2,5,69,69387,2,2,0,3,TONY GARNIER                        (AV),45.726692316,4.8308575842,18,2,2
202100053929,105Â 350,B01,1,1,1,0,1,-1,-1,-1, -1,-1,2021,49.0,3,2,0,2,2,1,1,,4,,0,,2,6,1,1,(1),(1),1,, -1,2,0,1,50,22,1,5,69,69290,1,2,1,3,TEMPS MODERNES (DES) (AV),45.7112,4.91233,17,6,2
202100031204,145Â 963,B01,1,1,1,0,2,6,-1,-1, -1,-1,2021,54.0,2,1,0,2,2,17,1,,4,HENRI THIRARD (R),0,,2,2,0,1,1,0,1,, -1,1,0,1,50,3,7,1,94,94038,2,1,1,3,Rue Henri Thirard,48.778189,2.34554,18,2,2