Num_Acc,id_vehicule,num_veh,place,catu,sexe,trajet,secu1,secu2,secu3,locp,actp,etatp,year_acc,victim_age,senc,catv,obs,obsm,choc,manv,motor,occutc,catr,voie,v1,v2,circ,nbv,vosp,prof,pr,pr1,plan,lartpc,larrout,surf,infra,situ,vma,jour,mois,lum,dep,com,agg_,int,atm,col,adr,lat,long,hour,nb_victim,nb_vehicules
202100000859,200Â 201,A01,3,2,1,5,8,0,-1,-1, -1,-1,2021,26.0,1,2,9,0,5,22,0,,4,RUE LÃON JOUHAUX,0,,2,2,0,1,(1),(1),1,, -1,2,0,1,50,30,12,5,38,38185,2,3,1,6,RUE LÃON JOUHAUX,45.1735257874,5.745613575,0,6,1
202100004481,193Â 757,A01,1,1,1,0,2,6,-1,-1, -1,-1,2021,54.0,2,1,0,2,0,3,1,,1,A86 EXT,0,,-1,3,0,1,60,799,1,, -1,1,0,1,90,6,12,1,78,78640,1,1,0,3,A86 EXT,48.778848,2.202811,7,2,2
202100011440,181Â 274,B01,1,1,1,0,0,-1,-1,0,0,-1,2021,55.0,0,1,0,2,0,0,5,,3,PUTEAUX (PONT DE),0,,3,6,1,1,0,0,1,, -1,1,2,1,50,23,10,2,92,92062,2,9,0,3,PUTEAUX (PONT DE),48.8781257887,2.2427693009,18,2,2
202100032613,143Â 479,C01,1,1,2,0,1,0,-1,-1, -1,-1,2021,25.0,2,2,0,2,2,2,1,,1,A50-Sens Aubagne vers Marseille,0,,1,3,0,1,10,500,1,, -1,1,0,1,90,23,6,1,13,13070,1,1,0,2,A50-Sens Aubagne vers Marseille,43.2853,5.5152,9,3,3
202100046696,118Â 310,A01,1,1,2,1,2,6,9,0,0,-1,2021,50.0,1,1,0,2,0,18,1,,1,709,-1,A,1,1,0,1,3,700,3,, -1,1,3,1,70,23,3,1,34,34327,1,1,0,3,autoroute A709-PK003+700-SENS NORD,43.654149,3.989936,8,2,2
202100000878,200Â 175,A01,1,1,2,0,1,0,-1,-1, -1,-1,2021,72.0,2,2,0,2,1,16,1,,4,PASTEUR (RUE),0,,2,2,0,1,0,0,1,, -1,2,0,1,50,29,12,5,10,10325,2,2,1,1,PASTEUR (RUE),48.2623984493,4.0728378296,19,2,2
202100030338,147Â 535,B01,1,1,1,5,2,8,-1,-1, -1,-1,2021,58.0,1,1,8,0,0,21,1,,4,Rue des Caves,0,,2,2,0,1,(1),(1),1,, -1,9,0,1,30,2,7,1,89,89354,2,3,0,6,17 Rue des Caves,48.21249,3.26074,11,2,2
202100025999,155Â 206,B01,2,1,1,5,2,0,-1,-1, -1,-1,2021,46.0,1,1,0,2,3,1,1,,4,RHONE (RUE DU),0,,2,1,0,2,0,0,1,, -1,1,0,1,50,1,8,1,13,13208,2,2,0,3,RHONE (RUE DU),43.27899,5.38205,15,2,2
202100039166,131Â 616,A01,10,3,2,5,8,8,-1,3,3,1,2021,96.0,2,2,0,1,4,4,1,,4,DAGOBERT (RUE),0,,1,1,0,1,0,0,1,, -1,1,0,1,30,20,5,1,92,92024,2,2,0,6,DAGOBERT (RUE),48.9044715617,2.3037283049,15,2,1
202100026611,154Â 139,A01,1,1,1,5,1,0,-1,-1, -1,-1,2021,20.0,1,2,4,0,6,17,1,,2,VINH-SAN (BLD 2 DU PRINCE),0,,1,2,0,2,(1),(1),1,, -1,2,0,1,90,28,7,1,974,97411,1,1,1,6,PRINCE VINH-SAN (BD DU),-20.880408,55.438769,9,1,1
202100013488,177Â 626,B01,1,1,1,1,2,6,-1,-1, -1,-1,2021,21.0,2,1,0,2,1,1,1,,4,AV BLAISE PASCAL,0,,2,2,0,1,0,0,1,, -1,1,0,1,50,13,10,1,91,91432,2,1,0,3,AV BLAISE PASCAL,48.69626,2.33369,7,2,2
202100019493,166Â 789,C01,1,1,1,0,1,-1,-1,-1, -1,-1,2021,19.0,1,2,0,2,3,15,1,,4,BD JOLIOT-CURIE,0,,3,6,0,1,(1),(1),1,, -1,1,5,1,50,11,9,5,33,33063,2,3,0,5,Boulevard Joliot-Curie,44.84219,-0.54253,0,3,3
202100001517,199Â 086,A01,1,1,1,0,8,-1,-1,0,0,-1,2021,43.0,3,1,12,0,0,1,1,,2,1,0,C,2,2,0,1,(1),(1),3,,7,1,0,4,50,26,12,3,974,97414,2,1,0,1,Avenue du Dr Raymond Verges,-21.287196,55.408924,0,1,1
202100022102,162Â 117,B01,1,1,1,4,2,6,-1,0,0,-1,2021,29.0,1,1,0,2,1,17,1,,3,,0,,2,4,2,1,1,908,1,, -1,1,0,1,50,28,8,1,6,6030,2,1,0,3,MOULIN (BOULEVARD JEAN),43.56226,6.96641,18,2,2
202100029836,148Â 460,A01,1,1,1,2,2,0,-1,-1, -1,-1,2021,20.0,2,1,13,0,4,2,1,,3,GUY MOQUET (AV),0,,1,2,0,1,1,0,1,, -1,1,0,1,50,9,7,1,94,94074,2,1,0,7,Avenue Guy MÃ´quet,48.73991,2.47338,16,1,1
202100052860,107Â 231,B01,1,1,1,4,2,6,-1,-1,0,-1,2021,53.0,1,1,0,2,8,1,1,,3,392,0,,2,2,0,1,8,350,1,, -1,2,0,1,50,29,1,5,95,95424,2,1,1,3,PONTOISE(BOULEVARD DE),48.98631,2.18188,19,2,2
202100029262,149Â 456,A01,10,3,1,0,0,-1,-1,5,3,2,2021,4.0,3,2,0,1,3,24,1,,4,mamoudzou centre-Haladi Selemani ( rue ),0,,2,2,0,1,1,0,1,, -1,1,0,1,50,12,7,1,976,97611,2,1,0,6,mamoudzou centre-Haladi Selemani ( rue ),-12.78103,45.23057,12,2,1
202100005414,192Â 117,A01,1,1,2,0,1,-1,-1,0,0,-1,2021,39.0,2,2,13,2,3,13,1,,3,775,0,D,2,2,0,2,30,645,1,, -1,2,0,1,80,2,12,1,56,56184,1,1,0,1,Bel-air D775,47.68789,-2.463984,8,3,2
202100047575,116Â 724,A01,1,1,1,5,1,-1,-1,0,0,-1,2021,16.0,3,2,6,0,1,1,1,,4,,-1,,2,2,0,1,(1),(1),1,, -1,1,0,3,80,19,3,3,26,26170,1,9,0,6,41 Rue du Stade,44.897167,4.956851,0,2,1
202100037682,134Â 304,A01,2,2,1,5,2,6,9,0,0,-1,2021,17.0,1,1,0,2,7,1,1,,3,907,-1,,2,2,0,2,42,225,1,, -1,1,0,1,80,29,5,1,30,30094,1,1,0,3,D907,44.072201,3.955615,17,3,2
202100009646,184Â 464,B01,1,1,1,4,1,0,-1,-1, -1,-1,2021,40.0,2,5,0,2,3,16,0,,4,SADI CARNOT (RUE)  (RESTE),0,,1,1,0,1,0,0,1,, -1,2,8,1,50,3,11,5,93,93001,2,1,1,3,SADI CARNOT (RUE)  (RESTE),48.90762,2.38394,1,2,2
202100053385,106Â 297,A01,1,1,1,9,1,-1,-1,0,0,-1,2021,53.0,1,2,8,0,1,1,1,,3,31,-1,,2,2,0,1,21,640,2,, -1,7,0,1,70,25,1,1,27,27037,1,1,0,6,D31,49.08218,0.821904,12,1,1
202100007674,188Â 032,B01,1,1,2,0,1,0,-1,-1, -1,-1,2021,27.0,1,2,0,2,4,2,1,,3,PERI (BOULEVARD GABRIEL)  0 - 37 / 42,0,,3,4,0,1,0,0,1,, -1,2,0,1,50,17,11,1,93,93064,2,1,1,2,PERI (BOULEVARD GABRIEL)  0 - 37 / 42,48.87726,2.47811,13,2,2
202100026176,154Â 907,B01,1,1,1,0,2,6,-1,0,0,-1,2021,53.0,1,1,0,2,3,2,1,,3,607,-1,,2,2,0,1,9,(1),1,, -1,1,0,1,70,1,8,1,11,11360,1,1,0,2,D607,43.2638469071,2.9028046131,15,3,2
202100026334,154Â 623,A01,1,1,2,1,2,0,-1,0,0,-1,2021,54.0,2,1,0,2,0,1,0,,4,RUE RENE BOULANGER,0,,1,1,1,1,(1),(1),1,, -1,1,0,5,30,30,7,1,75,75110,2,4,0,3,RUE RENE BOULANGER,48.86927,2.356798,9,2,2
202100036872,135Â 791,B01,1,1,2,0,1,0,-1,-1, -1,-1,2021,19.0,1,2,0,2,5,15,1,,3,986,0,,1,2,0,1,0,0,1,, -1,1,0,1,50,1,6,5,92,92050,2,2,0,2,MARTIN HENRI AVENUE,48.8927759556,2.1875399351,23,3,2
202100021167,163Â 826,A01,1,1,1,1,6,1,-1,0,0,-1,2021,25.0,1,2,8,0,8,15,1,,3,114,-1,,2,2,0,1,(1),(1),2,, -1,2,0,3,80,3,9,1,971,97128,1,1,0,6,Route du Moule,16.300158,-61.367451,7,1,1
202100019610,166Â 584,A01,10,3,1,0,0,-1,-1,5,B,1,2021,20.0,3,2,15,1,1,1,1,,7,CAINTIN (ROUTE DE),0,,2,2,0,2,0,850,2,, -1,2,0,4,50,10,9,1,42,42183,2,1,1,6,Route de Caintin,45.4103269823,4.3671138537,12,2,1
202100043192,124Â 456,B01,1,1,2,1,2,0,-1,0,0,-1,2021,23.0,1,1,0,2,2,15,1,,4,BOULEVARD DE CHARONNE,0,,2,2,1,1,(1),(1),1,, -1,1,0,1,50,21,4,1,75,75120,2,2,0,3,BOULEVARD DE CHARONNE,48.84886,2.399345,19,2,2
202100026617,154Â 128,A01,10,3,1,3,0,-1,-1,9,9,1,2021,96.0,3,2,0,1,5,20,1,,6,BARTHELEMY BUYER                    (AV),0,,-1,0,0,1,(1),(1),1,, -1,1,9,8,30,26,7,1,69,69385,2,1,0,6,BARTHELEMY BUYER (AV),45.76355366,4.7989171743,10,2,1
202100032539,143Â 606,B01,2,2,1,4,1,0,-1,-1, -1,-1,2021,20.0,1,5,0,2,1,26,1,,3,1,0,,1,2,0,1,0,0,1,, -1,1,0,1,50,24,6,1,92,92024,2,3,0,4,CLICHY (QUAI DE) DE (104 A 202),48.9119421098,2.3103690147,13,4,3
202100005641,191Â 706,A01,1,1,1,4,2,6,-1,0,0,-1,2021,24.0,1,1,0,2,1,1,1,,4,RUE DE LA FAISANDERIE,0,,1,1,0,1,(1),(1),1,, -1,1,0,1,30,28,11,5,75,75116,2,2,0,3,RUE DE LA FAISANDERIE,48.868147,2.275524,21,2,2
202100005871,191Â 296,B01,1,1,2,1,1,-1,-1,-1, -1,-1,2021,45.0,2,2,0,2,1,1,1,,4,FRANCIS DE PRESSENSE                (AV),0,,2,3,2,1,(1),(1),1,, -1,1,0,1,50,27,11,1,69,69259,2,3,0,1,FRANCIS DE PRESSENSE (AV),45.7171452743,4.8704379309,16,2,2
202100056165,101Â 495,A01,2,2,1,5,2,0,-1,-1, -1,-1,2021,21.0,2,1,2,0,1,14,1,,3,19,0,,2,2,0,1,27,493,1,, -1,1,0,3,90,1,1,3,34,34032,1,1,0,6,ROUTE DE MURVIEL (RD.19 - SECT.3),43.3519,3.20223,6,2,1
202100006548,190Â 094,A01,4,2,2,9,8,0,-1,-1, -1,-1,2021,19.0,2,0,6,0,3,16,1,,1,14,0,,1,1,0,1,2,0,3,, -1,1,1,1,70,22,11,5,92,92050,1,1,0,6,A14,48.894937158,2.2282637291,2,2,1
202100029457,149Â 129,A01,10,3,2,5,0,-1,-1,1,2,2,2021,55.0,3,2,13,1,2,1,1,,3,231,-1,,2,2,0,1,(1),(1),2,, -1,1,0,1,80,11,7,1,50,50115,1,1,0,6,la porte,48.779574,-1.40802,10,2,1
202100039644,130Â 726,A01,1,1,1,5,2,-1,-1,0,0,-1,2021,23.0,3,1,0,2,1,1,1,,4,2,-1,,2,-1,0,1,(1),(1),3,, -1,1,0,1,80,17,5,1,31,31550,1,1,0,1,rue campagne,43.062339,0.776559,17,2,2
202100053603,105Â 906,A01,2,2,2,2,1,0,-1,-1, -1,-1,2021,19.0,1,2,0,2,1,9,1,,4,SUEDE (RUE DE),0,,2,2,0,1,(1),(1),2,, -1,7,5,1,50,25,1,1,37,37261,2,2,0,2,SUEDE (RUE DE),47.4327622762,0.6859753659,9,3,2
202100054382,104Â 556,A01,10,3,1,5,0,-1,-1,1,9,1,2021,34.0,2,2,0,1,1,9,1,,2,2,-1,,2,-1,0,1,121,50,1,, -1,1,9,1,90,21,1,3,974,97405,1,1,0,6,Rue Augustin MÃ©zino,-21.363901,55.539805,20,2,1
202100010583,182Â 811,A01,1,1,1,0,2,0,-1,-1, -1,-1,2021,33.0,-1,1,0,2,0,0,1,,3,PRINCES,0,,2,2,0,2,0,1,1,, -1,1,0,1,50,28,10,1,93,93033,2,1,0,1,PRINCES,48.85652,2.58245,13,2,2
202100045740,119Â 994,B01,1,1,2,0,1,0,-1,-1, -1,-1,2021,63.0,2,2,0,2,2,1,1,,4,DOLE (ROUTE),0,,2,2,0,1,(1),(1),1,, -1,1,0,1,50,31,3,1,71,71445,2,2,0,3,DOLE (ROUTE),46.7750037523,4.893579036,15,2,2
202100044612,121Â 976,B01,1,1,1,0,2,6,-1,-1, -1,-1,2021,44.0,2,1,0,2,1,17,1,,4,ETIENNE DOLET (RUE),0,,2,2,0,1,0,0,1,, -1,1,0,1,50,9,4,1,92,92046,2,1,0,3,ETIENNE DOLET (RUE),48.8139672068,2.3001953959,15,2,2
202100008627,186Â 319,A01,1,1,1,0,2,0,-1,-1, -1,-1,2021,22.0,1,1,0,2,3,1,3,,4,VICTOR HUGO (AVENUE,0,,2,2,0,1,0,0,2,, -1,1,0,1,50,10,11,2,92,92002,2,3,0,1,VICTOR HUGO (AVENUE,48.7601609043,2.313336879,8,2,2
202100039421,131Â 137,B01,2,2,1,9,0,-1,-1,0,0,-1,2021,6.0,3,1,0,2,1,9,3,,4,RUE DE VERSAILLES,0,,2,2,0,1,0,0,1,, -1,1,0,1,30,18,5,1,91,91377,2,3,0,1,RUE DE VERSAILLES,48.73274,2.26467,19,3,2
202100038744,132Â 363,B01,1,1,1,0,2,6,-1,-1, -1,-1,2021,65.0,2,1,0,2,3,1,1,,3,LYON (ROUTE DE),0,,2,4,0,1,78,345,1,, -1,1,0,1,70,22,5,1,71,71270,2,1,0,6,LYON (ROUTE DE),46.28814,4.81073,14,2,2
202100019117,167Â 454,A01,1,1,2,0,2,8,-1,-1, -1,-1,2021,23.0,2,1,0,2,7,1,1,,1,AUTOROUTE A1,0,,1,8,0,1,0,500,1,, -1,1,0,1,90,13,9,1,93,93066,1,1,0,3,AUTOROUTE A1,48.907913,2.358314,15,2,2
202100026309,154Â 665,A01,1,1,1,0,1,8,-1,0,0,-1,2021,49.0,1,2,0,2,1,13,1,,7,Ernest HÃ©mingway (avenue),0,,2,2,0,1,3,895,1,, -1,1,0,1,50,30,7,2,34,34172,1,1,0,1,Ernest HÃ©mingway (avenue),43.63639,3.83162,6,2,2
202100044988,121Â 314,B01,1,1,1,0,2,0,-1,-1, -1,-1,2021,16.0,2,1,0,2,3,0,1,,3,GUESDES (RUE JULES),0,,1,1,3,1,1,0,1,, -1,1,0,1,50,6,4,1,93,93010,2,9,0,3,GUESDES (RUE JULES),48.9035663327,2.4775895526,15,3,2
202100044864,121Â 525,A01,1,1,1,4,1,-1,-1,0,0,-1,2021,33.0,0,2,1,0,2,21,1,,4,flaub,-1,,2,2,0,1,(1),(1),1,, -1,1,0,1,30,7,4,1,76,76222,2,1,1,1,137 Rue Gustave Flaubert,49.486618,0.880424,13,3,2
202100044989,121Â 313,A01,1,1,1,5,2,8,-1,-1, -1,-1,2021,21.0,1,1,0,2,1,15,1,,3,DOUMER (AVENUE PAUL) NORD,0,,3,4,0,1,0,0,1,, -1,1,5,1,50,4,4,1,92,92063,2,3,0,3,DOUMER (AVENUE PAUL) NORD,48.883042976,2.1894483268,13,2,2
202100011696,180Â 825,A01,1,1,1,5,1,-1,-1,0,0,-1,2021,43.0,2,2,0,0,9,1,1,,3,18,0,,2,2,0,1,37,580,2,, -1,1,0,3,80,22,10,3,89,89133,1,1,0,7,Hameau d Arblay,47.978311,3.142209,23,1,1
202100055361,102Â 882,A01,10,3,2,3,0,-1,-1,4,3,1,2021,79.0,1,5,0,1,1,9,1,,4,PLACE LEON BLUM,0,,1,2,0,1,(1),(1),2,, -1,2,0,1,30,12,1,3,75,75111,2,7,1,6,PLACE LEON BLUM,48.8579419994,2.3803575066,18,2,1
202100042891,124Â 998,A01,1,1,1,4,2,0,-1,-1, -1,-1,2021,34.0,2,1,0,9,1,1,1,,4,PRADO (AVENUE DU),0,,2,6,0,1,(1),(1),1,, -1,1,0,1,50,23,4,2,13,13208,2,1,0,7,PRADO (AVENUE DU),43.26392,5.37799,20,1,1
202100014010,176Â 660,A01,1,1,2,1,1,8,-1,0,0,-1,2021,19.0,3,2,0,2,1,1,1,,4,BASSES MOULIERES (CHEMIN DES),0,,2,2,0,2,(1),(1),1,, -1,1,0,1,50,9,10,1,6,6069,2,2,0,3,BASSES MOULIERES (CHEMIN DES),43.629378,6.925387,15,2,2
202100046636,118Â 404,A01,1,1,1,4,2,6,-1,0,0,-1,2021,31.0,1,1,0,2,7,7,1,,4,AVENUE JEAN JAURES,0,,4,4,3,1,(1),(1),1,, -1,1,-1,6,50,24,3,5,75,75119,2,2,0,3,AVENUE JEAN JAURES,48.885923,2.382206,21,2,2
202100035609,138Â 069,A01,1,1,1,5,0,-1,-1,0,0,-1,2021,69.0,1,1,0,2,1,1,5,,3,1,0,,2,2,0,1,23,440,1,, -1,1,0,1,80,10,6,1,2,2820,1,2,1,3,intersection D1 / D429,49.624654,3.271308,16,2,2
202100046296,119Â 027,A01,1,1,1,1,1,-1,-1,0,0,-1,2021,73.0,2,2,4,0,1,1,1,,1,9,-1,,3,5,0,1,86,700,1,, -1,1,0,2,130,28,3,3,34,34022,1,1,0,6,A9,43.661073,4.001191,4,1,1
202100012614,179Â 164,B01,1,1,1,5,2,-1,-1,0,0,-1,2021,46.0,0,1,0,2,1,1,5,,4,,0,,2,2,0,2,(1),(1),3,,4,1,0,1,50,3,6,1,69,69003,2,9,0,1,GABRIEL PERI (AV),45.870204,4.832204,11,2,2
202100053414,106Â 245,A01,1,1,2,9,1,0,-1,-1, -1,-1,2021,20.0,2,2,15,0,3,26,1,,1,AUTOROUTE A6,0,,3,6,0,2,14,550,1,, -1,2,0,3,110,28,1,3,91,91161,1,1,1,6,AUTOROUTE A6,48.696449,2.31664,1,1,1
202100024755,157Â 399,B01,1,1,1,5,1,8,-1,-1, -1,-1,2021,19.0,2,2,0,2,1,1,1,,4,CHURCHILL   BOULEVARD WINSTON,0,,1,1,0,1,(1),(1),1,, -1,1,9,1,30,10,8,5,17,17300,2,6,0,1,CHURCHILL   BOULEVARD WINSTON,46.15382,-1.18062,0,3,2
202100055676,102Â 337,A01,1,1,1,9,2,6,-1,0,0,-1,2021,34.0,2,1,0,2,7,17,1,,4,BOULEVARD DU MONTPARNASSE,0,,2,2,3,1,(1),(1),1,, -1,1,0,1,50,9,1,5,75,75106,2,5,0,3,BOULEVARD DU MONTPARNASSE,48.845093,2.320128,5,2,2
202100053130,106Â 770,A01,10,3,1,5,0,-1,-1,0,0,-1,2021,47.0,2,5,1,0,6,1,1,,7,111,0,D,2,2,0,2,15,880,4,, -1,5,0,1,80,30,1,3,38,38529,1,1,1,6,D111,45.09717,5.86839,17,2,1
202100054850,103Â 761,A01,1,1,1,5,2,6,-1,-1, -1,-1,2021,56.0,2,1,0,2,1,1,1,,4,,0,,2,4,3,1,(1),(1),1,, -1,2,0,1,50,15,1,1,69,69386,2,3,1,2,BELGES (DES)                        (BD),45.7754359938,4.8467806577,11,2,2
202100028176,151Â 333,A01,2,2,1,1,1,0,-1,-1, -1,-1,2021,22.0,1,2,0,2,2,2,1,,3,BRIE (R DE),0,,2,2,0,1,0,0,1,, -1,1,0,1,50,19,7,1,94,94047,2,3,0,3,Rue de Brie,48.70198,2.54574,11,10,2
202100041739,127Â 003,A01,1,1,2,0,1,8,-1,-1, -1,-1,2021,21.0,1,2,0,0,1,1,1,,1,A50-Sens Marseille vers Aubagne,0,,1,1,0,1,0,600,2,, -1,2,3,1,50,1,5,1,13,13210,1,1,1,7,A50-Sens Marseille vers Aubagne,43.2852,5.4189,12,1,1
202100017927,169Â 579,A01,10,3,1,9,4,-1,-1,1,9,1,2021,43.0,1,2,0,1,3,9,1,,4,205,0,,4,2,0,1,(1),(1),1,, -1,1,5,1,50,20,9,1,29,29075,2,3,1,6,Rue Louis Lichou,48.411172,-4.4191,10,2,1
202100049536,113Â 213,A01,10,3,1,1,8,8,-1,2,2,1,2021,20.0,2,2,0,1,2,1,1,,3,AV DU GENERAL DE GAULLE,0,,1,2,0,1,1,0,1,, -1,1,0,1,50,2,3,1,94,94028,2,1,0,6,GAULLE(AVENUE DU GENERAL DE),48.783,2.45261,10,2,1
202100049049,114Â 080,B01,2,2,1,0,1,0,-1,-1, -1,-1,2021,20.0,1,2,0,2,3,1,1,,4,PIERRE COT                          (AV),0,,2,2,0,1,(1),(1),1,, -1,1,0,1,50,5,3,1,69,69259,2,1,0,1,PIERRE COT (AV),45.7081171962,4.8989635706,7,3,2
202100027854,151Â 929,A01,2,2,2,5,2,-1,-1,0,0,-1,2021,26.0,2,1,1,0,1,1,1,,4,,-1,,3,2,0,2,(1),(1),1,, -1,1,0,1,50,22,7,5,69,69243,2,1,0,6,CHARLES DE GAULLE (AV),45.8981640392,4.4337551721,0,2,1
202100035392,138Â 452,B01,1,1,1,1,1,-1,-1,0,0,-1,2021,52.0,3,2,0,2,1,1,1,,4,,0,,2,2,0,2,(1),(1),2,,4,1,0,1,50,10,6,1,30,30341,2,1,0,1,Rue des Acacias,43.702164,4.282109,16,3,2
202100007916,187Â 591,A01,2,2,2,5,1,-1,-1,0,0,-1,2021,31.0,2,2,2,0,2,1,1,,3,20,0,C,2,2,0,1,0,268,1,, -1,2,0,3,80,16,11,1,21,21699,1,1,1,6,D20c,47.2085431166,5.3581031318,16,3,1
202100022845,160Â 780,A01,1,1,1,1,2,-1,-1,0,0,-1,2021,17.0,1,1,2,0,1,13,1,,3,182,-1,,2,2,0,1,20,480,3,, -1,1,0,3,80,21,8,2,71,71377,1,1,0,6,Route de Brancion,46.5463913284,4.8068404199,20,1,1
202100007265,188Â 770,A01,10,3,1,3,0,-1,-1,3,3,1,2021,77.0,1,2,0,1,2,2,1,,4,VAILLANT (RUE EDOUARD),0,,2,2,0,1,(1),(1),1,, -1,1,0,1,50,18,11,1,37,37261,2,1,0,6,VAILLANT (RUE EDOUARD),47.3818643938,0.7056665785,8,2,1
202100016743,171Â 694,B01,1,1,1,0,2,-1,-1,0,0,-1,2021,55.0,1,1,0,2,7,1,5,,3,1,0,,2,1,0,1,38,950,1,,3,1,0,1,80,27,9,1,42,42155,1,2,0,1,Route de Saint Germain Laval,45.806457,4.140515,17,2,2
202100055008,103Â 485,A01,1,1,1,0,8,0,-1,-1, -1,-1,2021,45.0,1,1,0,2,1,15,5,,4,PAVE(RUE),0,,2,2,0,4,0,0,1,, -1,1,0,1,50,14,1,1,974,97416,2,1,0,3,PAVE(RUE),-21.34164,55.48216,11,2,2
202100055022,103Â 459,B01,1,1,1,4,2,-1,-1,-1, -1,-1,2021,21.0,2,1,0,2,1,17,1,,4,MONTMELIAN (FAUFOURG),0,,2,2,0,1,(1),(1),1,, -1,2,0,1,30,14,1,5,73,73065,2,2,1,3,Rue Jules Ferry / Fbrg MontmÃ©lian,45.5663369855,5.9296153675,21,2,2
202100036711,136Â 090,B01,1,1,1,1,0,-1,-1,0,0,-1,2021,28.0,0,1,0,2,1,0,5,,4,,-1,,2,2,0,2,(1),(1),1,,5,1,0,1,50,4,6,1,91,91461,2,2,0,3,Avenue d'Ãgly,48.585957,2.221121,15,2,2
202100037580,134Â 487,A01,10,3,2,0,0,-1,-1,3,3,1,2021,22.0,1,1,0,1,0,17,1,,4,EMILE ZOLA                          (R ),0,,2,4,3,1,(1),(1),1,, -1,1,0,1,50,28,5,1,69,69256,2,1,0,6,EMILE ZOLA (R),45.77745,4.91919,17,2,1
202100004703,193Â 371,B01,1,1,1,0,0,-1,-1,0,0,-1,2021,46.0,3,1,0,2,8,0,3,,4,RUE DES   MARES   JULIENNES,0,,2,2,1,1,0,0,1,, -1,2,0,1,50,3,12,1,91,91161,2,3,1,3,RUE DES   MARES   JULIENNES,48.715526,2.309777,14,2,2
202100029458,149Â 128,A01,1,1,1,1,1,-1,-1,0,0,-1,2021,22.0,1,2,16,0,9,1,1,,3,25,0,D,2,2,0,1,36,0,2,, -1,2,0,3,80,12,7,1,8,8032,1,1,0,7,pk 36 D25,49.362085,4.342132,8,1,1
202100018394,168Â 745,A01,1,1,1,4,2,6,-1,0,0,-1,2021,28.0,1,1,0,0,7,1,1,,4,BOULEVARD PERIPHERIQUE INTERIEUR OUEST,0,,-1,4,0,1,11,0,1,, -1,1,1,1,70,17,9,1,75,75116,2,1,0,7,BD PERIPHERIQUE INTERIEUR,48.837915,2.254838,15,2,1
202100044399,122Â 316,A01,1,1,1,3,2,6,-1,0,0,-1,2021,33.0,1,1,0,2,8,1,1,,3,303,0,,2,2,0,2,13,70,3,, -1,1,0,1,80,7,4,1,63,63438,1,1,0,3,D 303 route de miolle,45.721357,3.476164,18,2,2
202100053301,106Â 461,B01,1,1,1,5,2,6,-1,0,0,-1,2021,51.0,1,1,0,2,8,1,1,,3,50,0,A,2,2,0,2,13,200,1,, -1,2,0,1,70,29,1,1,59,59559,1,2,1,3,cd 50a,50.336093,3.636861,11,2,2
202100022812,160Â 831,A01,10,3,2,1,0,-1,-1,2,3,1,2021,23.0,1,2,0,1,1,26,1,,4,RUE JEAN PERRIN,0,,2,2,0,1,(1),(1),1,, -1,1,0,1,50,23,8,1,33,33318,2,1,0,6,Rue Jean Perrin,44.77965,-0.65861,8,2,1
202100045128,121Â 068,B01,1,1,1,4,2,-1,-1,-1, -1,-1,2021,39.0,1,0,0,2,8,1,3,,4,RUE BOURBAKI,0,,1,1,2,1,(1),(1),1,, -1,1,0,1,50,4,4,1,33,33069,2,3,1,3,Rue Bourbaki,44.860699,-0.59266,11,2,2
202100031946,144Â 639,B01,1,1,1,1,8,8,-1,-1, -1,-1,2021,30.0,1,1,0,2,7,3,1,,1,A4,0,,-1,4,0,1,14,100,1,, -1,2,0,1,110,28,6,1,93,93051,1,1,0,6,A4,48.83564,2.5661,19,2,2
202100030938,146Â 454,A01,10,3,2,5,0,-1,-1,1,3,1,2021,18.0,3,2,0,1,2,1,1,,3,18,-1,D,2,2,0,1,24,0,1,, -1,1,0,1,80,5,7,1,38,38451,1,1,0,6,Route de Loyettes,45.770659,5.205642,16,2,1
202100040999,128Â 334,B01,1,1,1,5,2,-1,-1,0,0,-1,2021,51.0,1,1,0,9,3,1,5,,2,94,-1,,2,2,0,1,77,755,1,, -1,1,0,3,80,7,5,1,5,5017,1,1,0,3,RN94 - PK 77-755,44.5739,6.171312,14,2,2
202100045999,119Â 534,A01,10,3,2,0,0,-1,-1,5,1,1,2021,56.0,1,2,0,1,2,1,1,,3,908,0,,3,4,1,1,0,0,1,, -1,1,0,1,50,29,3,1,92,92051,2,1,0,6,"BINEAU (BOULEVARD, NÂ°53 A 131 ET 52 A 13",48.8872476922,2.2806018591,19,3,1
202100031002,146Â 319,A01,4,2,2,5,1,0,-1,0,0,-1,2021,20.0,1,2,6,0,2,15,1,,3,57,0,,2,2,0,1,15,930,1,, -1,2,0,1,50,29,6,3,71,71306,2,2,1,6,Rue de Montcenis,46.692185551,4.3471958197,2,4,1
202100048684,114Â 732,A01,10,3,1,2,0,-1,-1,3,3,2,2021,11.0,0,1,0,1,2,17,1,,4,PEYSSONNEL (RUE),0,,1,1,0,1,(1),(1),1,, -1,1,0,1,50,9,3,1,13,13203,2,1,0,6,PEYSSONNEL (RUE),43.311491,5.370375,16,2,1