Num_Acc,id_vehicule,num_veh,place,catu,sexe,trajet,secu1,secu2,secu3,locp,actp,etatp,year_acc,victim_age,senc,catv,obs,obsm,choc,manv,motor,occutc,catr,voie,v1,v2,circ,nbv,vosp,prof,pr,pr1,plan,lartpc,larrout,surf,infra,situ,vma,jour,mois,lum,dep,com,agg_,int,atm,col,adr,lat,long,hour,nb_victim,nb_vehicules
202100014003,176Â 674,B01,1,1,1,0,8,0,-1,-1, -1,-1,2021,65.0,3,1,0,2,2,9,5,,4,CAUSSES RUE DES,0,,-1,1,1,1,(1),(1),3,, -1,1,0,5,30,10,10,1,25,25056,2,6,0,3,CAUSSES RUE DES,47.21793,5.96477,18,2,2
202100022897,160Â 694,A01,5,2,2,5,1,0,-1,-1, -1,-1,2021,9.0,1,2,2,0,1,1,1,,2,JAURES (BOULEVARD JEAN),0,,1,3,0,2,(1),(1),2,, -1,1,0,1,50,22,8,4,974,97411,2,1,0,6,JAURES (BOULEVARD JEAN),-20.8898,55.46374,21,5,1
202100049990,112Â 387,A01,10,3,2,1,0,-1,-1,3,3,1,2021,50.0,2,2,0,1,1,15,1,,4,CLAUDE JUSSEAUD                     (R ),0,,2,2,0,1,(1),(1),1,, -1,1,0,1,50,25,2,1,69,69202,2,4,0,6,CHAVRIL (DE) (R),45.74738,4.80647,17,2,1
202100019601,166Â 598,A01,1,1,1,1,1,0,-1,-1, -1,-1,2021,33.0,1,2,0,2,1,2,1,,1,AUTOROUTE A86,0,,3,2,0,1,50,450,2,, -1,1,2,1,70,11,9,3,94,94034,1,1,0,3,AUTOROUTE A86,48.75881,2.3366,6,2,2
202100042660,125Â 377,B01,1,1,1,9,2,6,-1,-1, -1,-1,2021,32.0,2,1,0,2,7,2,1,,2,385,0,,3,2,0,1,56,580,1,, -1,1,0,1,90,24,4,1,92,92019,1,1,0,3,RN 385 INT,48.7610236418,2.2517548115,20,2,2
202100021640,162Â 946,A01,1,1,1,5,1,0,-1,-1, -1,-1,2021,36.0,1,2,2,0,2,14,1,,3,COUX (AVENUE DE),0,,2,1,0,2,13,200,2,, -1,1,0,3,50,31,8,1,7,7186,2,1,0,6,COUX (AVENUE DE),44.73464,4.60834,10,2,1
202100055419,102Â 789,A01,1,1,1,0,1,0,-1,-1, -1,-1,2021,35.0,1,2,4,0,3,1,1,,2,RN 118,0,,-1,2,0,4,12,100,2,, -1,2,0,1,90,12,1,3,91,91692,1,1,1,7,RN 118,48.681834,2.190074,20,1,1
202100024674,157Â 541,C01,2,2,2,5,1,-1,-1,0,0,-1,2021,81.0,1,2,0,2,4,2,1,,1,35,0,A,1,4,0,1,435,900,1,, -1,1,8,1,70,12,8,1,67,67115,1,1,0,4,A35,48.309488,7.47654,13,13,7
202100028305,151Â 098,A01,1,1,1,0,1,0,-1,-1, -1,-1,2021,23.0,1,2,0,2,1,1,1,,4,Corniche John FitzgÃ©rald Kennedy,0,,3,2,0,2,0,0,1,, -1,1,0,1,50,18,7,2,13,13207,2,1,0,2,Corniche John FitzgÃ©rald Kennedy,43.2766456055,5.3577798601,6,3,2
202100028050,151Â 572,A01,1,1,1,0,1,-1,-1,0,0,-1,2021,37.0,1,5,2,2,3,1,1,,7,610,-1,,2,2,0,1,2,0,3,, -1,1,0,1,80,20,7,1,34,34058,1,9,0,1,M610,43.672186,3.995376,16,2,2
202100018751,168Â 125,A01,1,1,1,5,8,-1,-1,-1, -1,-1,2021,8.0,3,1,0,2,1,26,0,,4,SUEL (DU) ( R ),0,,2,2,0,2,(1),(1),1,, -1,1,0,1,50,11,9,1,69,69091,2,1,0,1,SUEL (DU) (R),45.5821530627,4.7718746717,13,2,2
202100034155,140Â 710,B01,1,1,1,0,8,-1,-1,0,0,-1,2021,41.0,1,2,0,0,4,2,1,,3,1075,0,,2,2,0,1,30,(1),1,, -1,1,0,8,50,13,6,1,38,38022,2,9,0,2,D1075,45.634642,5.524181,11,3,3
202100010294,183Â 306,A01,1,1,2,9,1,0,-1,-1, -1,-1,2021,48.0,2,2,0,2,1,2,1,,4,BASSUSSARRY (ROUTE DE),0,,2,2,0,3,0,0,1,, -1,1,0,1,30,28,10,1,64,64024,1,1,0,2,BASSUSSARRY (ROUTE DE),43.45338,-1.49764,17,2,2
202100035039,139Â 063,B01,1,1,1,1,2,6,-1,-1, -1,-1,2021,56.0,2,1,0,2,1,1,1,,3,BRILLAT SAVARIN,0,,2,2,0,1,0,0,1,, -1,1,0,1,50,11,6,1,11,11069,2,1,0,1,BRILLAT SAVARIN,43.2146,2.3239,17,2,2
202100025959,155Â 280,B01,1,1,1,5,2,0,-1,-1, -1,-1,2021,16.0,3,1,0,2,0,0,5,,4,BEAU SITE. RUE DU,0,,2,1,3,2,(1),(1),1,, -1,1,0,1,80,1,8,1,76,76282,2,1,0,6,BEAU SITE. RUE DU,49.3032358371,1.049797833,16,2,2
202100043658,123Â 636,B01,1,1,2,4,2,6,-1,-1, -1,-1,2021,34.0,2,1,0,2,3,9,1,,3,R BARBES,0,,1,2,3,1,1,0,1,, -1,1,0,1,50,17,4,1,94,94041,2,9,0,3,Rue BarbÃ¨s,48.816546,2.370132,19,2,2
202100001534,199Â 060,A01,1,1,2,3,1,-1,-1,0,0,-1,2021,26.0,1,2,13,0,0,1,1,,3,710,-1,,2,2,0,1,87,500,3,, -1,1,0,3,80,24,12,2,24,24217,1,1,0,7,rd 710,44.943547,0.901426,17,1,1
202100047336,117Â 153,A01,1,1,2,0,2,0,-1,-1, -1,-1,2021,49.0,1,1,0,2,1,2,1,,4,ALLEES DE MORLAAS DES,0,,1,1,1,1,0,0,1,, -1,1,0,1,30,19,3,1,64,64445,2,1,0,2,ALLEES DE MORLAAS DES,43.30446,-0.34895,14,2,2
202100019222,167Â 270,B01,1,1,1,0,8,0,-1,-1, -1,-1,2021,28.0,1,1,0,2,1,1,5,,3,ARISTIDE BRIAND AVENUE,0,,3,4,0,1,1,0,1,, -1,1,0,1,50,13,9,5,93,93046,2,3,0,3,FIRMIN DIDOT AVENUE,48.91183,2.52093,6,2,2
202100006158,190Â 804,A01,1,1,2,5,1,-1,-1,0,0,-1,2021,26.0,1,2,3,2,6,1,1,,1,40,-1,,1,4,3,2,135,800,2,, -1,2,0,1,110,17,11,1,1,1331,1,1,0,2,A40 PK 135+800 direction MACON,46.101232,5.434896,10,3,2
202100021163,163Â 833,A01,1,1,2,3,1,-1,-1,0,0,-1,2021,52.0,2,2,4,0,5,0,0,,2,1,0,,3,3,0,1,(1),(1),1,,"13,5",1,0,1,90,3,9,1,971,97103,2,1,0,2,echangeur convenance RN1,16.238656,-61.58869,16,3,2
202100021134,163Â 880,A01,1,1,2,9,1,-1,-1,0,0,-1,2021,79.0,3,2,0,2,6,1,1,,4,,0,,2,2,0,2,(1),(1),1,,5,1,0,1,80,3,9,1,56,56219,1,2,0,3,La Croix Neuve,47.783335,-2.523106,17,4,2
202100001879,198Â 434,B01,2,2,2,0,1,-1,-1,-1, -1,-1,2021,109.0,1,2,0,2,4,1,1,,4,VOIE PENETRANTE EST,0,,2,4,3,1,(1),(1),1,, -1,1,0,1,50,21,12,5,33,33167,2,1,0,2,Boulevard de l'Entre-Deux-Mers,44.84361,-0.51876,18,3,2
202100027301,152Â 930,A01,1,1,2,3,1,-1,-1,0,0,-1,2021,79.0,2,2,6,0,2,14,1,,3,15,0,D,2,2,0,1,17,100,1,, -1,2,0,3,80,24,7,1,9,9108,1,1,1,6,D15,43.032604,1.32926,14,1,1
202100026979,153Â 488,A01,7,2,1,5,8,-1,-1,0,0,-1,2021,25.0,1,2,16,0,1,1,1,,3,6,-1,,2,2,0,1,9,0,2,, -1,1,0,3,80,25,7,3,971,97133,1,1,0,7,Rue de Blondeau,15.953257,-61.681731,20,6,1
202100006284,190Â 563,B01,1,1,1,9,1,0,-1,0,0,-1,2021,36.0,1,2,0,2,8,15,1,,4,RUE DE VAUGIRARD,0,,2,2,0,1,(1),(1),1,, -1,1,0,1,30,25,11,1,75,75106,2,2,0,3,RUE DE VAUGIRARD,48.847821,2.329563,11,2,2
202100029066,149Â 790,A01,1,1,1,0,2,6,-1,-1, -1,-1,2021,42.0,2,1,0,2,8,1,1,,1,AUTOROUTE A1,0,,3,4,0,1,1,0,1,, -1,2,1,1,90,13,7,5,93,93066,1,1,1,3,AUTOROUTE A1,48.9103,2.35794,21,2,2
202100010041,183Â 748,A01,2,2,2,9,1,0,-1,0,0,-1,2021,26.0,1,2,0,4,7,15,2,,4,BOULEVARD LEFEBVRE,0,,2,4,0,2,(1),(1),1,, -1,2,0,1,50,31,10,1,75,75115,2,7,1,4,BOULEVARD LEFEBVRE,48.8323993837,2.2889462113,12,4,3
202100013462,177Â 674,A01,2,2,2,5,2,5,6,0,0,-1,2021,66.0,2,1,0,2,1,2,1,,1,8,-1,,1,1,0,2,220,0,1,, -1,1,3,1,50,14,10,1,6,6083,1,1,0,2,A8 PK 220.000 sens MENTON NICE,43.797236,7.482526,17,3,2
202100006097,190Â 904,Z01,10,3,2,9,8,8,-1,4,3,1,2021,42.0,1,1,0,1,0,1,3,,4,RUE DE LA CHAPELLE,0,,2,0,0,1,(1),(1),1,, -1,2,0,1,30,26,11,5,75,75118,2,3,1,6,RUE DE LA CHAPELLE,48.890828,2.359906,17,2,1
202100026095,155Â 048,A01,1,1,2,0,1,0,-1,-1, -1,-1,2021,23.0,1,2,4,0,2,14,1,,1,AUTOROUTE A6,0,,3,8,0,1,17,299,1,, -1,1,0,1,110,1,8,1,91,91589,1,1,0,6,AUTOROUTE A6,48.67657,2.33925,20,3,1
202100043067,124Â 694,B01,1,1,1,4,2,0,-1,-1, -1,-1,2021,24.0,2,1,0,2,3,1,1,,3,R D ARCUEIL ,0,,1,1,0,1,90,0,1,, -1,1,0,1,50,21,4,5,94,94037,2,2,0,3,Rue Emile Bougard,48.81015,2.34075,23,5,2
202100013956,176Â 755,A01,1,1,1,5,0,-1,-1,0,0,-1,2021,24.0,3,2,0,0,9,13,1,,3,425,-1,,2,2,0,2,(1),(1),1,, -1,1,0,1,60,10,10,3,987,98731,1,1,0,7,"RT 425, aprÃ¨s le belvÃ©dÃ¨re Tekeika.",-8.885983,-140.116303,1,3,1
202100002146,197Â 950,B01,1,1,1,0,1,0,-1,-1, -1,-1,2021,25.0,2,2,0,2,5,23,2,,4,PRADO (AVENUE DU),0,,3,3,3,1,0,0,1,, -1,1,0,1,50,19,12,5,13,13206,2,1,0,2,PRADO (AVENUE DU),43.28535,5.38414,6,2,2
202100034940,139Â 252,A01,10,3,2,5,0,-1,-1,1,1,1,2021,55.0,0,2,0,1,2,1,1,,4,HAUT PAVE (RUE DU),0,,2,2,0,1,0,0,1,, -1,1,0,1,50,11,6,1,91,91223,2,1,0,6,HAUT PAVE (RUE DU),48.43049,2.14854,9,2,1
202100031710,145Â 076,A01,1,1,1,1,1,0,-1,-1, -1,-1,2021,34.0,1,2,0,2,1,1,1,,2,RN814,0,,1,2,0,1,1,0,3,, -1,1,0,1,70,28,6,1,14,14341,1,1,0,2,N814,49.14587,-0.33757,15,2,2
202100014368,176Â 029,A01,10,3,1,5,0,-1,-1,1,3,1,2021,15.0,1,2,0,1,1,1,0,,4,HEURTELOUP (BOULEVARD),0,,1,2,0,1,(1),(1),1,, -1,1,0,1,50,8,10,5,37,37261,2,1,0,6,HEURTELOUP (BOULEVARD),47.3912044567,0.6968679537,20,2,1
202100054708,104Â 000,A01,1,1,1,5,0,-1,-1,0,0,-1,2021,64.0,3,6,6,0,3,1,1,,4,,-1,,-1,2,0,2,(1),(1),3,, -1,2,0,3,50,17,1,3,26,26010,2,1,1,6,851 Route des Jacquiers,45.261277,4.874118,21,1,1
202100021118,163Â 907,A01,1,1,1,4,2,6,-1,-1, -1,-1,2021,22.0,2,1,0,2,1,17,1,,3,407,0,,2,2,0,1,0,0,1,, -1,1,0,1,50,3,9,1,92,92077,2,1,0,3,SEVRES (RUE DE),48.8264814396,2.1909597993,11,2,2
202100004602,193Â 550,A01,1,1,2,1,1,-1,-1,0,0,-1,2021,26.0,3,2,6,0,2,1,1,,3,522,0,,2,2,0,1,(1),(1),1,, -1,2,0,3,80,6,12,3,38,38467,1,1,1,6,920 Route du Bugey,45.667474,5.331899,5,1,1
202100041834,126Â 835,A01,1,1,2,5,2,6,-1,0,0,-1,2021,38.0,1,1,16,0,1,1,1,,3,148,0,D,2,2,0,1,10,560,1,0,"4,8",1,0,3,80,2,5,1,16,16150,1,1,0,7,Lieu-dit la Basse Perche,45.638857,-0.263543,16,1,1
202100012667,179Â 074,A01,1,1,1,5,2,6,0,0,0,-1,2021,17.0,2,1,0,2,4,2,1,,4,CHEVREFEUILLES (CHEMIN DES),0,,2,2,0,2,(1),(1),3,, -1,1,0,1,50,17,10,5,6,6069,2,1,0,2,CHEVREFEUILLES (CHEMIN DES),43.640659,6.917758,2,2,2
202100004218,194Â 211,A01,10,3,1,3,8,-1,-1,4,3,1,2021,85.0,1,1,0,1,1,1,3,,4,JEAN MERMOZ                         (AV),0,,2,4,3,1,(1),(1),1,, -1,2,0,1,50,6,12,5,69,69388,2,1,1,6,JEAN MERMOZ (AV),45.73248,4.88133,7,2,1
202100039081,131Â 778,A01,1,1,1,5,0,0,-1,-1, -1,-1,2021,31.0,2,2,2,0,3,13,1,,4,GENERAL FERRIE (AVENUE),0,,2,2,1,2,(1),(1),1,, -1,1,0,4,50,19,5,5,76,76351,2,1,0,6,GENERAL FERRIE (AVENUE),49.5042689999,0.1781417094,23,1,1
202100035673,137Â 949,A01,2,2,1,0,1,8,-1,-1, -1,-1,2021,51.0,2,2,8,0,1,1,1,,4,DE LA BALANCE (CHEMIN),0,,2,2,0,1,(1),(1),2,, -1,1,2,3,90,8,6,1,971,97101,1,1,0,6,DE LA BALANCE (CHEMIN),16.29418,-61.50191,13,2,1
202100008032,187Â 372,A01,10,3,1,5,0,-1,-1,3,3,1,2021,65.0,1,2,0,1,2,1,1,,4,ABRIVADO (RUE),0,,2,1,0,1,(1),(1),1,, -1,1,9,1,30,24,10,1,30,30189,2,1,0,6,ABRIVADO (RUE),43.8373,4.393,11,2,1
202100048431,115Â 189,A01,10,3,2,2,0,-1,-1,4,5,1,2021,12.0,1,2,0,1,2,1,1,,4,RUE SIGMUND FREUD,0,,2,2,0,2,(1),(1),1,, -1,2,0,1,30,11,3,1,75,75119,2,2,0,6,RUE SIGMUND FREUD,48.881992,2.402501,7,2,1
202100034659,139Â 767,B01,2,2,2,5,2,6,-1,0,0,-1,2021,57.0,1,1,0,2,1,1,1,,3,118,-1,,2,2,0,1,81,150,1,, -1,1,5,1,70,13,6,1,11,11063,1,3,0,3,D118,42.922897,2.217774,10,3,2
202100046763,118Â 184,A01,10,3,1,5,0,-1,-1,2,3,1,2021,58.0,1,2,0,1,2,1,1,,4,GAMBETTA (PLACE),0,,1,1,0,1,0,1,1,, -1,1,0,1,50,24,3,1,24,24037,2,1,0,6,GAMBETTA (PLACE),44.84372,0.49286,15,2,1
202100034171,140Â 679,B01,1,1,2,0,1,-1,-1,0,0,-1,2021,58.0,1,2,0,2,4,2,1,,1,8,-1,,3,5,0,2,200,100,1,, -1,1,3,1,50,16,6,1,6,6088,1,1,0,4,"A8, PK 200.100 chaussÃ©e sud",43.734081,7.287143,16,5,4
202100042962,124Â 878,A01,2,2,1,9,1,-1,-1,0,0,-1,2021,22.0,1,2,2,0,2,1,1,,3,12.2,0,D,2,2,0,4,2,980,1,, -1,9,0,8,80,24,4,3,42,42138,1,1,0,6,Route du Premier Pont,45.6466505392,4.3578743096,1,2,1
202100007649,188Â 076,B01,1,1,1,1,2,6,-1,0,0,-1,2021,32.0,2,1,0,2,3,3,1,,4,PORTE DES LILAS,0,,1,4,0,1,28,500,1,, -1,2,1,1,70,17,11,1,75,75120,2,1,0,4,PORTE DES LILAS,48.876534,2.409645,8,3,3
202100052966,107Â 041,A01,1,1,1,9,8,0,-1,-1, -1,-1,2021,52.0,1,1,0,2,8,19,5,,3,EBOUE (ROCADE FELIX),0,,2,2,0,1,1,0,1,, -1,1,0,1,50,31,1,1,973,97302,2,2,0,5,EBOUE (ROCADE FELIX),4.9243272354,-52.3240613937,17,3,3
202100044505,122Â 152,A01,2,2,2,5,1,-1,-1,0,0,-1,2021,46.0,1,2,13,0,1,1,1,,3,1093,-1,,2,2,0,1,14,(1),1,, -1,1,0,3,80,11,4,3,63,63317,1,1,0,6,D1093,45.951469,3.323971,0,2,1
202100049687,112Â 926,A01,10,3,2,2,0,-1,-1,4,3,1,2021,18.0,2,2,0,1,1,1,1,,3,CAMELINAT (BOULEVARD),0,,2,1,0,1,0,0,1,, -1,1,0,1,50,1,3,1,92,92046,2,3,0,6,CAMELINAT (BOULEVARD),48.8147,2.29684,9,2,1
202100052635,107Â 642,B01,1,1,1,4,8,0,-1,-1, -1,-1,2021,47.0,2,2,0,2,4,2,1,,1,A50-Sens Aubagne vers Marseille,0,,1,3,0,1,6,500,1,, -1,1,0,1,90,29,1,1,13,13211,1,1,0,2,A50-Sens Aubagne vers Marseille,43.29345,5.47413,12,2,2
202100031468,145Â 501,A01,10,3,1,0,0,-1,-1,2,3,1,2021,83.0,3,5,0,1,2,0,1,,7,1498,-1,D,2,2,0,1,50,300,1,, -1,1,0,1,30,1,7,1,42,42092,2,1,0,6,Rue du 8 Mai,45.4858605391,4.3797988817,7,2,1
202100032020,144Â 511,A01,2,2,1,5,1,-1,-1,0,0,-1,2021,18.0,1,2,13,0,1,1,1,,4,0,0,O,2,2,0,2,(1),(1),2,, -1,1,0,3,80,27,6,1,29,29025,1,1,0,6,Lieu dit Coscasquen,48.1572628293,-4.1657096585,20,3,1
202100049400,113Â 454,A01,1,1,1,5,2,0,-1,-1, -1,-1,2021,16.0,3,1,0,2,1,13,1,,4,FORT DU SANCTUAIRE (rue),0,,2,0,0,3,0,0,4,, -1,1,0,1,50,3,3,2,13,13206,2,1,0,1,FORT DU SANCTUAIRE (rue),43.28474,5.37283,17,2,2
202100049736,112Â 845,C01,1,1,1,5,1,8,-1,-1, -1,-1,2021,47.0,1,2,0,2,3,1,1,,3,CABASSOU (ROUTE DE),0,,2,2,0,1,1,0,1,, -1,1,0,1,50,27,2,5,973,97302,2,1,0,5,CABASSOU (ROUTE DE),4.91746,-52.31301,22,7,3
202100045210,120Â 921,B01,1,1,1,0,2,6,-1,-1, -1,-1,2021,18.0,1,1,0,2,1,1,1,,7,GRANDE RUE                          (GR),0,,2,2,0,2,2,800,1,, -1,1,0,1,50,3,4,1,69,69149,2,3,0,1,GRANDE RUE                          (GR),45.71206,4.80271,16,2,2
202100012577,179Â 234,B01,1,1,1,5,2,-1,-1,0,0,-1,2021,23.0,0,1,0,0,8,23,1,,3,2,-1,,2,2,0,1,1,(1),1,, -1,1,0,1,50,19,10,1,38,38381,1,3,0,3,Route du Stade,45.56018,5.477538,16,2,2
202100029366,149Â 284,B01,1,1,1,5,0,-1,-1,0,0,-1,2021,74.0,1,1,0,0,4,2,5,,3,48,-1,,2,2,0,1,3,0,3,, -1,1,0,1,80,11,7,1,89,89286,1,1,0,2,la croix rouge,47.756558,3.342462,10,2,2
202100040529,129Â 163,B01,2,2,2,5,8,0,-1,-1, -1,-1,2021,72.0,1,2,0,2,7,1,1,,3,7,0,,3,4,0,1,0,0,1,, -1,1,0,1,50,10,5,1,92,92072,2,7,0,3,MANUFACTURE NATIONALE (PLACE DE LA),48.82919,2.22408,16,3,2
202100019439,166Â 890,A01,2,2,2,5,1,-1,-1,0,0,-1,2021,82.0,2,2,6,0,1,1,1,,3,5,-1,,2,2,0,1,67,440,1,, -1,1,5,4,50,12,9,1,33,33029,2,3,0,6,1 avenue des pyrÃ©nnÃ©es,44.606395,-0.769955,15,2,1
202100051972,108Â 808,A01,1,1,1,1,1,0,-1,-1, -1,-1,2021,24.0,2,2,0,2,4,1,1,,1,A7-Sens Marseille vers Lyon,0,,1,2,0,1,265,299,1,, -1,1,1,1,110,10,2,1,13,13071,1,1,0,2,A7-Sens Marseille vers Lyon,43.41043,5.28448,15,2,2
202100049905,112Â 533,B01,1,1,1,5,2,0,-1,-1, -1,-1,2021,15.0,0,1,0,2,6,1,5,,4,PLICHON.(RUE DU DOCTEUR),0,,-1,2,0,1,1,0,1,, -1,1,0,1,50,27,2,1,94,94028,2,2,0,3,PLICHON.(RUE DU DOCTEUR),48.79435,2.46406,9,2,2
202100049746,112Â 823,Y01,1,1,1,5,0,-1,-1,0,0,-1,2021,11.0,0,1,0,2,0,0,5,,4,CALIFORNIE CHEMIN DE LA,0,,-1,2,0,1,(1),(1),1,, -1,1,0,1,50,20,2,1,78,78624,1,1,0,7,CALIFORNIE CHEMIN DE LA,48.95506,2.0156,16,2,2
202100043292,124Â 279,A01,2,2,2,4,1,4,-1,-1, -1,-1,2021,32.0,2,2,3,2,5,1,1,,1,AUTOROUTE A3,0,,3,8,0,2,0,500,3,, -1,1,3,1,90,21,4,1,93,93006,1,1,0,5,AUTOROUTE A3,48.86573,2.41764,16,4,3
202100029207,149Â 549,A01,2,2,1,3,1,-1,-1,0,0,-1,2021,17.0,1,2,0,0,0,1,1,,2,10,-1,,3,0,0,1,67,900,1,,0,1,0,3,90,11,7,1,86,86145,1,1,0,7,Route Nationale 10,46.481514,0.271396,11,3,1
202100037388,134Â 836,A01,1,1,1,1,2,-1,-1,-1, -1,-1,2021,22.0,1,1,3,0,1,0,1,,7,7,0,,3,7,0,1,5,900,3,, -1,1,0,1,70,28,5,1,69,69152,1,1,0,6,M7   4.270 A 5.756,45.7025963258,4.8350164889,20,1,1
202100040217,129Â 709,A01,10,3,2,5,0,-1,-1,4,3,1,2021,28.0,2,2,0,1,2,1,1,,4,BOULEVARD ORNANO,0,,2,5,0,1,(1),(1),1,, -1,1,0,1,50,11,5,1,75,75118,2,4,0,6,BOULEVARD ORNANO,48.892335,2.349067,18,5,1
202100030257,147Â 682,B01,1,1,2,0,1,0,-1,-1, -1,-1,2021,28.0,0,2,0,2,4,23,1,,3,920,0,,1,4,0,1,0,0,1,, -1,1,5,1,50,7,7,1,92,92002,2,1,0,2,DIVISION LECLERC (53 A 217 - 58 A 186),48.74351,2.30301,17,2,2
202100035863,137Â 581,A01,10,3,2,0,0,-1,-1,9,9,1,2021,73.0,1,1,0,1,1,19,5,,4,VICTOR HUGO,0,,1,1,0,1,(1),(1),1,, -1,1,6,1,30,7,6,1,79,79191,2,1,0,7,59 Rue Victor Hugo,46.32443,-0.46169,19,2,1
202100009407,184Â 885,A01,1,1,1,0,2,0,-1,-1, -1,-1,2021,40.0,1,1,0,2,1,3,1,,3,RD 41 (ROCADE),0,,3,4,3,2,0,9,2,, -1,1,0,1,50,4,11,1,972,97209,2,1,0,3,RD 41 (ROCADE),14.6153,-61.0532,11,2,2
202100050381,111Â 644,B01,1,1,1,0,1,0,-1,-1, -1,-1,2021,71.0,0,1,0,2,8,18,0,,3,BRIAND ( AV. ARISTIDE) 238 A 308,0,,3,4,0,1,0,1,1,, -1,1,5,1,50,24,2,1,93,93057,2,2,0,3,BRIAND ( AV. ARISTIDE) 238 A 308,48.9111120963,2.5164974127,10,2,2
202100018667,168Â 271,B01,1,1,2,5,1,-1,-1,0,0,-1,2021,24.0,3,2,4,0,6,2,1,,2,2,-1,,1,2,0,1,(1),(1),1,, -1,2,0,1,110,12,9,5,974,97418,1,1,1,2,Route Nationale 2,-20.898904,55.521984,21,2,2
202100037848,134Â 008,B01,1,1,1,1,2,0,-1,-1, -1,-1,2021,27.0,2,1,0,2,7,17,1,,3,MARCEL BOYER (QU),0,,2,2,0,1,0,0,1,, -1,1,0,1,50,28,5,1,94,94041,2,2,0,3,MARCEL BOYER (QU),48.82143,2.39416,19,2,2
202100014913,175Â 058,A01,1,1,1,0,2,6,-1,0,0,-1,2021,15.0,3,1,0,2,1,1,1,,3,,-1,,2,1,0,2,3,250,2,,"3,5",1,0,1,80,2,10,1,7,7264,1,1,0,1,Chemin de Fontaynes,44.339266,4.608316,10,2,2
202100025051,156Â 879,A01,1,1,1,0,1,-1,-1,0,0,-1,2021,20.0,3,2,2,0,1,0,1,,4,,-1,,2,2,0,2,(1),(1),2,,4,1,0,3,30,9,8,3,6,6094,1,1,0,6,Route du Garibeuil,44.092317,6.931917,2,2,1
202100031143,146Â 068,B01,1,1,1,0,2,0,-1,-1, -1,-1,2021,45.0,2,1,0,2,0,0,5,,3,BELFORT RUE DE (inf144),0,,2,2,0,2,37,335,1,, -1,1,-1,1,50,3,7,1,25,25056,2,3,0,3,BELFORT RUE DE (inf144),47.25107,6.03449,11,2,2
202100001849,198Â 493,A01,1,1,2,0,1,0,-1,-1, -1,-1,2021,34.0,2,2,0,2,1,2,1,,2,RN 13,0,,1,2,0,2,22,100,1,, -1,1,0,1,90,21,12,1,78,78551,1,1,0,2,RN 13,48.88702,2.09044,10,2,2
202100039880,130Â 304,A01,1,1,1,5,2,6,-1,0,0,-1,2021,61.0,2,1,3,0,1,0,1,,3,260,-1,,2,2,0,2,5,400,2,, -1,2,0,3,80,15,5,1,30,30269,1,1,1,7,COL SAINT PIERRE,44.130139,3.852167,18,1,1
202100038833,132Â 214,B01,1,1,1,5,2,6,-1,0,0,-1,2021,53.0,2,1,0,2,1,1,1,,3,979,-1,,2,2,0,1,17,600,1,, -1,1,5,1,80,23,5,1,30,30164,1,3,0,3,carrefour D969/D167,44.2217,4.3205,10,2,2
202100050072,112Â 236,B01,1,1,1,0,2,0,-1,-1, -1,-1,2021,22.0,0,1,0,2,1,1,1,,4,MOLIERE (SQUARE),0,,2,2,0,2,0,0,1,, -1,1,9,1,50,26,2,5,93,93072,2,1,0,3,MOLIERE (SQUARE),48.94951999,2.3737666908,19,2,2
202100009659,184Â 441,A01,10,3,1,9,0,-1,-1,1,3,1,2021,63.0,2,2,0,1,2,1,1,,3,6118,0,D,2,2,0,1,16,500,3,, -1,1,0,1,80,3,11,3,11,11106,1,1,0,6,D1118,43.240692,3.043392,17,2,1
202100038932,132Â 038,B01,1,1,1,5,2,6,-1,-1, -1,-1,2021,18.0,3,1,1,2,4,24,1,,4,REPUBLIQUE (DE LA) (BD),0,,1,1,0,1,(1),(1),1,, -1,1,0,8,30,20,5,1,17,17306,2,1,0,2,REPUBLIQUE (DE LA) (BD),45.62485,-1.02703,10,2,2
202100037121,135Â 350,A01,1,1,1,0,2,6,-1,0,0,-1,2021,41.0,0,1,0,2,8,1,1,,3,337,-1,,2,2,0,2,(1),(1),1,, -1,1,0,1,50,23,5,1,67,67046,2,3,0,3,Rue de la Couronne,48.766055,7.861292,11,2,2
202100000819,200Â 256,A01,10,3,1,5,0,-1,-1,4,3,1,2021,68.0,1,1,0,1,1,1,3,,4,AVENUE EMILE ZOLA,0,,2,2,0,1,(1),(1),1,, -1,1,0,1,30,20,12,5,75,75115,2,2,0,6,AVENUE EMILE ZOLA,48.846839,2.292375,4,3,1
202100035938,137Â 448,A01,1,1,1,4,2,6,-1,0,0,-1,2021,37.0,1,1,0,2,7,3,1,,4,BOULEVARD PERIPHERIQUE,0,,1,4,0,1,24,400,1,, -1,1,0,1,70,7,6,1,75,75119,2,1,0,3,BOULEVARD PERIPHERIQUE,48.900171,2.377907,15,2,2
202100053703,105Â 739,A01,10,3,1,9,0,-1,-1,1,3,1,2021,87.0,3,2,0,1,1,19,1,,4,TERRAIN SONIS,0,,2,2,0,1,(1),(1),1,, -1,1,0,1,30,25,1,1,971,97101,1,1,0,6,TERRAIN SONIS,16.24229,-61.52947,7,2,1
202100031194,145Â 978,A01,1,1,1,5,2,0,-1,0,0,-1,2021,25.0,1,1,0,2,0,16,3,,4,AVENUE DE VERSAILLES,0,,2,2,0,1,(1),(1),1,, -1,1,0,1,50,3,7,5,75,75116,2,2,0,3,AVENUE DE VERSAILLES,48.848723,2.275051,2,2,2
202100040827,128Â 652,A01,1,1,2,5,1,-1,-1,0,0,-1,2021,70.0,1,2,13,0,1,1,1,,1,35,-1,,3,4,0,1,437,900,1,, -1,1,0,1,110,9,5,1,67,67445,1,1,0,6,A 35 PK 437.900,48.291445,7.462978,14,1,1