Num_Acc,id_vehicule,num_veh,place,catu,sexe,trajet,secu1,secu2,secu3,locp,actp,etatp,year_acc,victim_age,senc,catv,obs,obsm,choc,manv,motor,occutc,catr,voie,v1,v2,circ,nbv,vosp,prof,pr,pr1,plan,lartpc,larrout,surf,infra,situ,vma,jour,mois,lum,dep,com,agg_,int,atm,col,adr,lat,long,hour,nb_victim,nb_vehicules
202100049766,112Â 783,B01,1,1,1,9,2,0,-1,0,0,-1,2021,29.0,3,1,0,2,8,1,1,,4,AVENUE DE VERSAILLES,0,,-1,0,0,1,(1),(1),1,, -1,1,0,1,50,28,2,1,75,75116,2,2,0,3,AVENUE DE VERSAILLES,48.840702,2.265016,15,2,2
202100041606,127Â 234,C01,1,1,1,4,2,5,6,0,0,-1,2021,50.0,2,1,0,2,1,1,1,,1,A64,0,A,3,4,0,1,253,71,1,, -1,1,0,2,130,4,5,1,31,31107,1,1,0,4,A64,43.315578,1.209957,10,3,3
202100031030,146Â 273,A01,1,1,2,0,2,6,-1,-1, -1,-1,2021,55.0,1,1,0,2,2,2,1,,4,BEAURIVAGE (AVENUE- PLACE),0,,1,5,0,1,0,0,3,, -1,1,9,1,50,28,6,1,64,64122,2,1,0,2,BEAURIVAGE (AVENUE- PLACE),43.47308,-1.56659,10,2,2
202100035162,138Â 857,B01,1,1,1,9,2,6,-1,0,0,-1,2021,15.0,2,1,0,2,6,1,1,,3,112,0,D,2,2,0,1,23,165,1,, -1,1,0,1,70,11,6,3,34,34154,1,2,0,3,D112,43.631122,3.997562,22,3,2
202100044118,122Â 814,B01,1,1,2,5,8,-1,-1,-1, -1,-1,2021,29.0,3,1,0,2,8,1,5,,4,JULES COURMONT                      (QU),0,,3,8,1,1,(1),(1),1,, -1,1,0,1,50,13,4,1,69,69382,2,2,0,3,JULES COURMONT (Q),45.76016,4.83794,15,2,2
202100015439,174Â 112,B01,1,1,1,5,2,-1,-1,-1, -1,-1,2021,20.0,2,1,0,2,7,1,1,,7,M6   451.640 A 451.790,0,,1,4,0,1,452,0,2,, -1,1,3,1,70,27,9,1,69,69081,1,1,0,3,M6   451.640 A 451.790,45.77264,4.78688,11,2,2
202100019260,167Â 205,A01,10,3,1,9,0,-1,-1,9,B,1,2021,2.0,3,2,0,1,3,26,1,,6,,-1,,-1,-1,0,1,(1),(1),1,,"3,5",1,9,8,-1,13,9,1,31,31206,2,9,0,6,parking clinique verdaich,43.276104,1.489098,18,2,1
202100024408,158Â 055,A01,1,1,1,4,8,-1,-1,0,0,-1,2021,49.0,2,4,3,0,2,1,1,,3,943,0,A,3,4,0,1,57,978,1,, -1,1,0,1,110,13,8,3,36,36142,1,1,0,6,Parcay,46.83596,1.592846,0,1,1
202100034423,140Â 200,B01,1,1,1,1,8,0,-1,-1, -1,-1,2021,46.0,2,5,0,2,4,0,0,,1,A86 EXT,0,,-1,3,0,1,42,400,1,, -1,1,0,1,90,15,6,1,94,94022,1,1,0,4,A86 EXT,48.7765946914,2.416910461,6,4,4
202100038708,132Â 446,A01,1,1,2,5,1,-1,-1,0,0,-1,2021,47.0,3,2,0,2,2,1,1,,3,59,-1,A,2,1,0,1,(1),(1),1,,3,1,0,1,50,19,5,1,38,38481,2,2,0,1,D59a,45.5555,5.350492,17,3,2
202100019820,166Â 217,A01,1,1,1,0,2,6,-1,-1, -1,-1,2021,41.0,1,1,3,0,0,1,1,,2,RN104,0,,-1,3,0,1,0,0,3,, -1,2,0,1,70,10,9,3,77,77337,1,1,1,6,RN104,48.8298826076,2.6190598404,21,1,1
202100053911,105Â 383,A01,1,1,1,5,8,0,-1,-1, -1,-1,2021,37.0,1,1,0,0,0,26,1,,2,449,0,,1,1,0,4,0,90,2,, -1,2,0,1,50,24,1,3,91,91521,1,9,0,7,RN 449,48.6336191064,2.4059287459,19,1,1
202100018784,168Â 065,B01,2,2,2,0,1,0,-1,-1, -1,-1,2021,61.0,1,2,0,2,7,1,1,,4,HOCHE (RUE),0,,1,1,0,1,(1),(1),1,, -1,1,0,1,50,15,9,1,13,13203,2,1,0,3,HOCHE (RUE),43.3107186099,5.376550792,17,4,2
202100045376,120Â 623,A01,10,3,1,5,0,-1,-1,1,3,2,2021,16.0,3,2,0,1,3,1,1,,4,KENNEDY (BD JOHN FITZGERALD),0,,2,1,0,1,(1),(1),1,, -1,1,0,1,30,12,3,1,62,62427,2,1,0,6,KENNEDY (BD JOHN FITZGERALD),50.424626,2.957493,16,2,1
202100042486,125Â 678,B01,1,1,1,0,2,0,-1,-1, -1,-1,2021,28.0,1,1,0,2,1,2,1,,4,FLAMMARION (BOULEVARD)     1 A 65,0,,2,2,0,1,(1),(1),1,, -1,2,0,1,50,26,4,1,13,13201,2,1,1,3,FLAMMARION (BOULEVARD)     1 A 65,43.30438,5.3892,17,2,2
202100052978,107Â 019,A01,1,1,2,5,1,-1,-1,0,0,-1,2021,22.0,1,2,0,2,2,17,1,,4,RESISTANCE,0,,2,2,0,1,(1),(1),1,, -1,1,5,1,50,31,1,1,29,29019,2,3,0,3,Rue de la RÃ©sistance,48.3791759299,-4.5305454371,16,3,2
202100014581,175Â 645,A01,1,1,1,0,8,0,-1,-1, -1,-1,2021,81.0,3,1,8,0,1,26,5,,4,PONT PARON (PLACE DU),0,,-1,1,1,1,(1),(1),1,, -1,1,-1,1,50,7,10,1,71,71475,2,1,0,6,PONT PARON (PLACE DU),46.7735989244,4.8331950701,15,1,1
202100011812,180Â 607,A01,1,1,1,0,2,0,-1,-1, -1,-1,2021,22.0,1,1,0,1,1,1,1,,4,BOULEVARD ROBERT SCHUMAN,0,,2,2,3,1,0,0,1,, -1,2,0,1,50,21,10,5,44,44109,2,1,1,6,BOULEVARD ROBERT SCHUMAN,47.24506,-1.57598,20,3,1
202100000580,200Â 664,A01,1,1,2,0,1,8,-1,-1, -1,-1,2021,40.0,3,2,0,2,1,1,1,,4,MOSAIQUE ((RUE DE LA),0,,2,2,0,1,(1),(1),1,, -1,1,9,1,50,14,12,1,11,11262,2,3,0,3,MOSAIQUE ((RUE DE LA),43.1832645566,3.0092561245,8,2,2
202100045579,120Â 261,B01,1,1,1,2,2,0,-1,-1, -1,-1,2021,14.0,1,1,0,2,1,19,5,,4,VINGTIEME CORPS (BOULEVARD DU),0,,2,3,0,1,0,0,1,, -1,1,0,1,50,30,3,1,57,57672,2,3,0,3,VINGTIEME CORPS (BOULEVARD DU),49.35972,6.15957,17,2,2
202100007588,188Â 175,A01,1,1,1,0,8,-1,-1,-1, -1,-1,2021,47.0,0,1,0,0,2,15,1,,7,DROITS DE L'HOMME (DES)             (BD),0,,1,3,0,1,1,200,1,, -1,1,5,1,70,17,11,1,69,69029,2,2,0,3,35EME REGIMENT D'AVIATION (DU) (R),45.73354,4.93173,13,2,2
202100039290,131Â 371,A01,10,3,2,1,0,-1,-1,3,3,1,2021,38.0,1,2,0,1,1,9,1,,4,VILLON PIERRE (RUE),0,,2,3,0,1,(1),(1),1,, -1,1,0,1,50,11,5,1,34,34032,2,1,0,6,VILLON PIERRE (RUE),43.34247,3.2394,16,2,1
202100038189,133Â 383,A01,1,1,1,0,2,6,-1,-1, -1,-1,2021,52.0,1,1,0,2,1,0,1,,1,30 PONTS JUMEAUX  (PERIPH OUEST A620),0,,1,6,0,1,4,256,1,, -1,1,0,1,90,26,5,1,31,31555,2,1,0,2,30 PONTS JUMEAUX  (PERIPH OUEST A620),43.61578,1.41829,8,2,2
202100004284,194Â 102,C01,3,2,1,4,1,0,-1,0,0,-1,2021,56.0,1,5,0,2,4,1,4,,4,AVENUE DES CHAMPS ELYSEES,0,,-1,6,0,1,(1),(1),1,, -1,2,0,1,50,5,12,5,75,75108,2,2,0,4,AVENUE DES CHAMPS ELYSEES,48.870108,2.306601,23,10,3
202100037873,133Â 964,B01,1,1,1,0,2,6,-1,-1, -1,-1,2021,33.0,3,1,0,2,4,1,1,,4,,0,,1,1,0,1,1,0,1,, -1,1,0,1,50,27,5,1,92,92025,2,3,0,2,PIERRE BROSSOLETTE (RUE),48.9091982417,2.2375886142,19,2,2
202100016083,172Â 895,A01,10,3,2,1,0,-1,-1,3,3,1,2021,56.0,3,2,0,1,0,16,1,,4,FAURE (RUE GABRIEL),0,,-1,0,0,2,0,0,1,, -1,1,6,1,30,27,9,5,91,91570,2,1,0,6,FAURE (RUE GABRIEL),48.632926,2.315515,20,2,1
202100037147,135Â 288,A01,1,1,1,1,2,6,-1,-1, -1,-1,2021,55.0,1,1,14,0,1,21,1,,2,RN13,0,,3,4,0,1,1,0,1,, -1,1,1,1,70,1,6,1,92,92051,1,1,0,6,RN13,48.8858720126,2.2572237253,14,1,1
202100022312,161Â 753,B01,1,1,1,0,2,6,-1,-1, -1,-1,2021,27.0,2,1,0,2,1,1,1,,3,PARIS (RUE DE),0,,2,2,0,1,1,0,1,, -1,1,0,1,50,27,8,1,93,93048,2,2,0,1,Rue de Paris / Rue dâAlembert,48.85471,2.41753,17,2,2
202100031150,146Â 053,B01,1,1,1,5,-1,0,-1,-1, -1,-1,2021,19.0,1,1,0,2,4,23,1,,4,MONNET   AVENUE JEAN,0,,2,4,1,1,(1),(1),1,, -1,1,0,1,50,3,7,1,17,17300,2,1,0,4,MONNET   AVENUE JEAN,46.14344,-1.1534,14,4,3
202100024553,157Â 772,B01,1,1,1,1,8,0,-1,0,0,-1,2021,63.0,1,1,0,2,1,1,5,,4,RUE TRAVERSIERE,0,,2,2,1,1,(1),(1),1,, -1,1,0,5,30,11,8,1,75,75112,2,3,0,1,RUE TRAVERSIERE,48.844675,2.369144,19,2,2
202100030476,147Â 296,A01,1,1,2,2,1,-1,-1,0,0,-1,2021,72.0,0,2,8,2,2,1,2,,3,35,-1,,2,2,0,1,1,200,1,, -1,1,0,1,80,6,7,1,27,27414,1,2,0,3,le grand mesnil,48.921949,0.444624,16,2,2
202100007427,188Â 480,A01,1,1,1,1,2,6,-1,-1,0,-1,2021,58.0,1,1,0,2,1,3,1,,1,AUTOROUTE A15,0,,3,7,0,1,23,899,1,, -1,1,0,1,110,19,11,3,95,95127,1,1,0,3,A15,49.039425,2.084596,17,2,2
202100051102,110Â 332,A01,10,3,1,5,0,-1,-1,1,9,1,2021,56.0,1,2,0,1,0,24,1,,3,VIC. HUGO(RUE)077A089 ET 090A110,0,,2,3,3,1,0,0,1,, -1,2,0,3,50,18,2,1,92,92044,2,1,1,6,VIC. HUGO(RUE)077A089 ET 090A110,48.8936188884,2.2994014621,11,2,1
202100025199,156Â 620,A01,1,1,1,5,8,-1,-1,0,0,-1,2021,37.0,2,2,13,0,1,14,1,,3,45,0,,2,2,0,1,37,700,2,, -1,1,0,8,80,8,8,3,18,18164,1,1,0,6,Les Cotteries,46.880657,3.04888,0,1,1
202100002358,197Â 567,A01,1,1,1,0,2,8,-1,-1, -1,-1,2021,35.0,3,1,0,0,0,0,1,,4,PAUL BERNIERE (RUE),0,,2,2,0,1,0,0,1,, -1,1,9,1,30,16,12,5,987,98736,1,1,0,7,PAUL BERNIERE (RUE),-17.5419,-149.55287,20,1,1
202100017202,170Â 888,A01,1,1,2,5,1,-1,-1,0,0,-1,2021,74.0,1,2,13,0,1,14,1,,2,124,-1,,3,4,0,2,4,300,1,, -1,1,0,3,110,26,9,1,32,32334,1,1,0,6,RN 124 - PK 4-300,43.585431,1.151655,14,1,1
202100016274,172Â 545,A01,2,2,2,0,1,-1,-1,0,0,-1,2021,73.0,1,2,0,2,1,1,1,,3,17,-1,,2,2,0,1,(1),(1),1,, -1,1,0,1,80,29,9,1,84,84037,1,9,0,1,D17,44.042694,4.849509,16,4,2
202100000030,201Â 707,A01,10,3,2,9,0,-1,-1,3,3,2,2021,35.0,2,2,0,1,1,1,1,,3,SAINTE CROIX (RUE DU FAUBOURG),0,,2,3,0,2,0,0,1,, -1,1,0,1,50,1,6,1,57,57227,2,1,0,6,SAINTE CROIX (RUE DU FAUBOURG),49.18405,6.91358,20,2,1
202100045385,120Â 607,A01,10,3,1,2,0,-1,-1,2,5,1,2021,15.0,3,2,0,1,1,1,1,,4,PORTET BOULEVARD,0,,2,2,0,1,1,0,1,, -1,1,0,1,50,2,4,1,49,49007,2,1,0,6,PORTET BOULEVARD,47.45122,-0.5617,18,2,1
202100003620,195Â 276,C01,1,1,2,0,1,0,-1,-1, -1,-1,2021,50.0,2,2,0,2,3,1,1,,7,QUESNOY RUE DE,0,,2,2,0,1,(1),(1),1,, -1,1,0,1,50,10,12,5,59,59636,1,1,0,5,QUESNOY RUE DE,50.69485,3.04157,20,3,3
202100026723,153Â 950,B01,1,1,1,5,2,9,-1,0,0,-1,2021,15.0,2,1,0,2,8,19,5,,3,985,0,D,2,2,0,1,45,250,1,, -1,1,0,1,80,29,7,1,58,58202,1,2,0,6,D985,47.074612,3.70898,16,5,2
202100020498,164Â 996,A01,4,2,2,0,1,-1,-1,-1, -1,-1,2021,22.0,2,2,9,0,1,0,1,,4,HENRI CHANDELIER (PLACE),0,,1,1,0,1,0,0,4,, -1,1,0,4,50,5,9,5,76,76351,2,1,0,6,HENRI CHANDELIER (PLACE),49.5064,0.09998,5,4,1
202100000058,201Â 644,B01,1,1,1,4,1,0,-1,-1, -1,-1,2021,57.0,1,5,0,2,3,1,1,,4,NOTRE DAME DU THIL (RUE),0,,2,2,0,1,(1),(1),1,, -1,2,0,1,50,27,11,5,60,60057,2,2,1,3,Rue de Notre-Dame-du-Thil,49.44178,2.08017,1,8,2
202100035492,138Â 269,A01,1,1,1,1,2,-1,-1,-1, -1,-1,2021,22.0,3,1,0,2,1,9,5,,4,LECLERC (BOULEVARD DU GENERAL),0,,2,2,0,1,(1),(1),1,, -1,1,0,1,10,9,6,1,51,51454,2,2,0,1,Boulevard General Leclerc,49.25722,4.02563,15,2,2
202100021415,163Â 372,A01,10,3,1,5,8,-1,-1,3,3,1,2021,77.0,1,2,0,1,4,20,2,,4,VAUBAN                              (R ),0,,1,1,2,1,(1),(1),1,, -1,1,0,1,50,25,8,1,69,69386,2,2,0,6,VAUBAN (R),45.7648723191,4.8435591722,18,2,1
202100019043,167Â 599,B01,1,1,1,5,1,-1,-1,0,0,-1,2021,79.0,3,2,0,2,6,9,1,,3,111,-1,,2,2,0,1,1,108,1,,4,1,0,1,50,25,8,1,56,56193,1,3,0,3,Lieu-Dit Villemarion,47.72267,-3.32098,13,2,2
202100013827,176Â 979,A01,10,3,2,0,0,-1,-1,9,9,1,2021,79.0,0,2,0,1,1,20,1,,6,JEAN CALVIN (RUE),0,,-1,-1,0,1,(1),(1),1,, -1,1,0,1,30,9,10,1,80,80021,2,1,0,6,JEAN CALVIN (RUE),49.89566,2.29104,12,2,1
202100037589,134Â 471,B01,1,1,1,5,2,-1,-1,-1, -1,-1,2021,32.0,1,1,0,2,1,0,1,,3,BETHENY (RUE DE),0,,2,2,0,2,0,900,1,, -1,1,0,1,50,28,5,1,51,51454,2,3,0,1,Rue de Betheny,49.265362539,4.0447905681,21,3,2
202100050335,111Â 729,A01,1,1,1,9,2,4,-1,-1, -1,-1,2021,24.0,1,1,12,0,1,1,1,,4,CHURCHILL (ROND POINT WINSTON),0,,1,2,0,1,(1),(1),2,, -1,1,9,1,50,23,2,1,34,34032,2,6,0,7,CHURCHILL (ROND POINT WINSTON),43.33355,3.23154,10,1,1
202100040817,128Â 664,A01,1,1,1,5,2,-1,-1,0,0,-1,2021,69.0,2,1,0,0,0,1,5,,3,RD184,-1,,2,2,0,2,3,200,1,, -1,1,0,1,80,8,5,1,43,43163,1,1,0,7,D184,45.2335278597,4.432682991,17,1,1
202100053972,105Â 278,B01,1,1,1,0,1,0,-1,-1, -1,-1,2021,65.0,1,2,0,2,4,1,1,,4,"""STRASBOURG, NR 1 A 71 ET 2 A 34""",0,,2,2,0,1,0,0,3,, -1,2,0,1,50,23,1,1,93,93066,2,7,1,2,"""STRASBOURG, NR 1 A 71 ET 2 A 34""",48.93576,2.3679,11,2,2
202100006793,189Â 640,B01,1,1,1,5,1,-1,-1,-1, -1,-1,2021,65.0,1,2,0,2,6,1,1,,1,A43   13.029 A 15.971,0,,3,8,0,1,13,100,1,, -1,1,0,1,130,22,11,3,69,69288,1,1,0,2,A43,45.67788,5.02801,18,2,2
202100045159,121Â 011,A01,1,1,1,9,1,5,-1,-1, -1,-1,2021,42.0,1,2,0,2,3,1,1,,3,DANIELLE CASANOVA (RUE)  => 54/57,0,,2,2,0,1,0,1,1,, -1,1,0,1,50,4,4,1,93,93001,2,2,0,3,DANIELLE CASANOVA (RUE)  => 54/57,48.9154916957,2.3999409063,10,2,2
202100021309,163Â 562,B01,1,1,2,0,8,0,-1,-1, -1,-1,2021,25.0,1,2,0,2,4,1,1,,4,CHAPIT RE ( RUE DU),0,,1,1,0,3,2,500,1,, -1,1,2,1,50,2,9,1,77,77291,2,1,1,2,CHAPIT RE ( RUE DU),49.00457,2.581,17,2,2
202100031015,146Â 296,A01,1,1,1,4,1,8,-1,-1, -1,-1,2021,28.0,1,5,2,0,3,1,1,,3,19Ã¨me Dragon (rue),0,,2,2,0,1,3,200,1,, -1,2,0,1,70,28,6,1,68,68056,1,1,1,6,19Ã¨me Dragon (rue),47.71509,7.32814,16,1,1
202100034815,139Â 480,A01,10,3,2,0,0,-1,-1,3,3,1,2021,75.0,1,1,0,1,1,1,5,,4,AUGUSTE MOUNIE (RUE),0,,1,1,1,1,0,0,1,, -1,1,6,1,30,12,6,1,92,92002,2,1,0,6,AUGUSTE MOUNIE (RUE),48.7539709158,2.3023518843,19,2,1
202100033881,141Â 200,B01,1,1,2,1,8,0,-1,0,0,-1,2021,41.0,1,1,0,2,1,1,5,,4,AVENUE DES CHAMPS ELYSEES,0,,2,8,1,1,(1),(1),3,, -1,1,0,1,50,17,6,1,75,75108,2,3,0,3,AVENUE DES CHAMPS ELYSEES,48.869286,2.309176,8,2,2
202100047484,116Â 887,A01,1,1,1,0,8,0,-1,-1, -1,-1,2021,16.0,1,1,0,2,1,19,5,,4,23 NOVEMBRE (AVENUE DU),0,,3,3,2,1,(1),(1),1,, -1,2,0,1,50,17,3,1,67,67447,2,3,1,3,23 NOVEMBRE (AVENUE DU),48.60688,7.7305,7,2,2
202100037371,134Â 870,B01,1,1,1,5,2,6,-1,0,0,-1,2021,25.0,1,1,0,2,1,2,1,,3,74,-1,,2,2,0,1,19,700,1,, -1,1,0,1,50,31,5,1,83,83115,2,1,0,2,195 Route du Plan de la Tour,43.327088,6.603473,18,2,2
202100032516,143Â 644,A01,1,1,2,1,8,0,-1,0,0,-1,2021,27.0,2,1,0,2,2,19,3,,4,AVENUE D ITALIE,0,,2,4,0,4,(1),(1),1,, -1,1,0,1,50,24,6,1,75,75113,2,1,0,3,AVENUE D ITALIE,48.818875,2.359549,17,2,2
202100032362,143Â 916,B01,1,1,1,5,2,6,-1,0,0,-1,2021,51.0,2,1,0,2,1,2,1,,3,241,0,D,2,2,0,1,0,843,1,, -1,1,0,1,50,26,6,1,6,6161,1,1,0,3,D241,43.635485,7.128856,11,2,2
202100002005,198Â 207,A01,1,1,1,5,1,8,-1,-1, -1,-1,2021,25.0,1,2,1,0,8,14,1,,4,FREDERIC RIFF (RUE),0,,2,2,0,1,0,0,1,, -1,9,0,4,30,18,12,5,67,67482,2,1,0,6,FREDERIC RIFF (RUE),48.60797,7.78253,0,4,1
202100043407,124Â 074,A01,1,1,1,5,2,6,-1,-1, -1,-1,2021,24.0,1,1,4,0,7,1,1,,2,LITTORAL (ROUTE 1 DU),0,,1,1,0,1,(1),(1),3,, -1,1,8,1,50,19,4,1,974,97411,2,1,0,7,LITTORAL (ROUTE 1 DU),-20.87691,55.43792,12,1,1
202100015494,174Â 007,A01,1,1,1,5,8,0,-1,-1, -1,-1,2021,21.0,2,2,1,0,2,1,1,,4,LIERS (RUE DE),0,,2,0,0,1,29,0,1,, -1,1,0,1,50,2,10,1,91,91549,2,1,0,6,LIERS (RUE DE),48.62936,2.33522,9,1,1
202100018085,169Â 305,A01,1,1,1,4,2,0,-1,-1, -1,-1,2021,37.0,2,1,4,0,8,1,1,,1,A55-Sens Martigues vers Marseille,0,,-1,2,0,1,7,800,1,, -1,1,2,1,90,19,9,1,13,13216,1,1,0,6,A55-Sens Martigues vers Marseille,43.3629,5.3413,16,1,1
202100037769,134Â 150,A01,10,3,1,5,0,0,0,0,0,1,2021,73.0,3,0,0,1,0,2,0,,4,SAINT LAZARE (RUE),0,,1,1,0,1,0,0,1,, -1,1,0,1,50,28,5,1,61,61001,2,1,0,6,SAINT LAZARE (RUE),48.42229,0.09011,15,2,1
202100015040,174Â 826,A01,10,3,2,0,0,-1,-1,4,3,1,2021,47.0,1,2,0,1,3,15,1,,4,LEDRU ROLLIN (RUE) DU NÂ°1 A 171 ET 2 A 1,0,,2,2,0,1,(1),(1),1,, -1,2,0,1,50,5,10,1,51,51454,2,3,1,7,Rue Ledru Rollin,49.24035,4.03292,15,2,1
202100047356,117Â 124,B01,1,1,1,2,2,8,-1,-1, -1,-1,2021,17.0,1,1,0,2,8,17,1,,4,AVE DU MAL DE LATTRE DE TASSIGNY CAUD.,0,,2,3,2,1,(1),(1),1,, -1,1,5,1,50,19,3,1,33,33063,2,3,0,3,Avenue du MarÃ©chal de Lattre de Tassigny,44.85885,-0.62802,18,2,2
202100033473,141Â 940,A01,1,1,1,0,8,-1,-1,0,0,-1,2021,35.0,1,1,0,2,1,17,1,,3,1532,-1,,2,2,0,1,8,900,3,, -1,1,0,1,80,19,6,1,38,38036,1,1,0,1,Route de Grenoble,45.12471,5.33668,17,3,2
202100007853,187Â 699,A01,10,3,2,5,0,-1,-1,4,3,2,2021,20.0,2,1,0,1,1,1,1,,4,BOULEVARD VOLTAIRE,0,,2,4,0,1,(1),(1),1,, -1,1,0,1,30,16,11,5,75,75111,2,3,0,6,BOULEVARD VOLTAIRE,48.860986,2.374793,21,2,1
202100010719,182Â 567,B01,4,2,1,4,1,0,-1,-1, -1,-1,2021,27.0,2,2,0,2,7,17,1,,3,FRANCOIS MITTERAND ( AVENUE),0,,2,2,2,1,75,671,1,, -1,1,0,3,50,26,10,1,31,31483,2,1,0,4,FRANCOIS MITTERAND ( AVENUE),43.11263,0.75362,15,7,3
202100039617,130Â 775,B01,1,1,1,9,1,0,-1,-1, -1,-1,2021,70.0,3,2,1,0,1,2,1,,6,,0,,-1,0,0,1,0,0,1,, -1,2,9,8,15,16,5,1,77,77294,1,9,1,3,CHAPIT RE ( RUE DU),49.006,2.614,17,2,2
202100033322,142Â 201,A01,1,1,1,0,2,0,-1,-1, -1,-1,2021,33.0,0,1,4,0,0,13,5,,4,JENNER (TUNNEL),0,,1,-1,0,2,(1),(1),1,, -1,1,1,1,50,12,6,1,76,76351,2,1,0,6,JENNER (TUNNEL),49.50549,0.13419,6,1,1
202100039391,131Â 186,A01,1,1,1,0,2,6,-1,-1, -1,-1,2021,20.0,2,1,4,0,8,13,1,,2,RN 104,0,,1,3,0,4,33,200,1,, -1,1,0,1,110,19,5,1,91,91553,1,1,0,6,RN 104,48.6258,2.4734,8,1,1
202100002766,196Â 823,A01,1,1,2,5,0,-1,-1,-1, -1,-1,2021,18.0,2,1,0,2,1,1,3,,4,BRIAND (CRS ARISTIDE),0,,2,4,1,1,(1),(1),1,, -1,1,0,1,50,16,12,4,33,33063,2,2,0,3,Cours Aristide Briand,44.83185,-0.57726,1,3,2
202100018484,168Â 592,A01,2,2,1,5,0,-1,-1,0,0,-1,2021,20.0,1,2,13,0,2,17,1,,3,4,0,R,2,2,0,1,37,571,3,, -1,1,0,3,-1,17,9,1,988,98829,1,1,0,6,Lieu dit NÃ©ri,-21.6448,166.1916,18,5,1
202100027376,152Â 782,A01,10,3,1,5,0,-1,-1,4,3,1,2021,14.0,1,2,0,1,2,26,1,,4,,0,,2,2,0,2,(1),(1),1,, -1,1,0,1,50,23,7,1,6,6088,2,9,0,6,CESSOLE (BD DE) (A PARTIR DU 101-114),43.722061,7.250809,16,3,1
202100045609,120Â 207,A01,10,3,1,1,0,-1,-1,4,3,1,2021,67.0,0,2,0,1,3,16,1,,4,HORTICULTUR (RUE DE L'),0,,2,2,0,1,(1),(1),3,, -1,1,0,1,50,1,4,1,13,13209,2,1,0,6,HORTICULTUR (RUE DE L'),43.256836,5.410208,9,2,1
202100037316,134Â 971,B01,1,1,1,5,2,6,-1,-1, -1,-1,2021,48.0,1,1,0,2,1,17,1,,3,910,0,,3,2,1,1,0,0,1,, -1,1,0,1,50,31,5,1,92,92022,2,3,0,3,SALENGRO (AVENUE ROGER),48.8166659764,2.1950648725,18,2,2
202100008946,185Â 725,A01,1,1,2,1,8,0,-1,-1, -1,-1,2021,30.0,2,1,0,2,8,26,3,,4,CHEVALIER FRANCAIS RUE DU,0,,1,0,0,1,(1),(1),1,, -1,1,0,1,50,25,10,2,59,59350,2,1,0,3,CHEVALIER FRANCAIS RUE DU,50.64406,3.0872,8,2,2
202100052071,108Â 642,B01,1,1,1,5,2,6,9,0,0,-1,2021,67.0,1,1,0,0,4,2,5,,3,6204,0,,2,2,0,1,9,472,1,, -1,1,0,1,50,10,2,1,6,6023,1,1,0,2,Route de l'Aigara,43.947443,7.518768,10,2,2
202100025266,156Â 492,A01,1,1,1,5,2,0,-1,-1, -1,-1,2021,20.0,1,1,12,0,1,1,1,,4,BROSSOLETTE PIERRE (BD) NÂ° IMP,0,,3,4,0,2,0,0,1,, -1,1,0,1,70,7,8,5,72,72181,2,1,0,7,BROSSOLETTE PIERRE (BD) NÂ° IMP,47.97897,0.20506,0,1,1
202100021824,162Â 615,A01,1,1,1,5,2,8,-1,-1, -1,-1,2021,19.0,1,1,0,2,1,1,1,,1,PIERRE DE COUBERTIN PROLONGE,0,,2,5,0,1,8,0,1,, -1,1,3,1,50,29,8,5,92,92036,2,2,0,3,PIERRE DE COUBERTIN PROLONGE,48.9343125398,2.2811490297,0,2,2
202100022996,160Â 525,B01,1,1,2,0,1,4,-1,-1, -1,-1,2021,63.0,2,2,0,2,3,1,1,,1,AUTOROUTE A3,0,,3,6,0,1,8,699,1,, -1,1,0,1,110,22,8,1,93,93010,1,1,0,3,AUTOROUTE A3,48.91198,2.47606,16,2,2
202100000957,200Â 040,A01,10,3,1,0,0,-1,-1,3,3,1,2021,50.0,3,2,0,1,1,1,1,,4,NUGUE (AVENUE PIERRE),0,,3,2,0,1,(1),(1),1,, -1,1,0,1,50,12,12,1,71,71076,2,1,0,6,Avenue Pierre Nugues,46.788137,4.866805,13,2,1
202100026885,153Â 659,A01,1,1,1,1,1,-1,-1,0,0,-1,2021,53.0,1,5,0,2,1,1,1,,2,10,0,,2,2,0,1,136,(1),1,,7,1,0,1,50,28,7,1,202,202207,2,1,0,1,RT 10 FOLELLI,42.441741,9.508742,8,2,2
202100051645,109Â 375,B01,1,1,1,0,2,-1,-1,-1, -1,-1,2021,23.0,1,1,0,2,7,1,1,,4,VICTOR AUGAGNEUR                    (QU),0,,1,3,0,1,(1),(1),1,, -1,1,0,1,50,12,2,1,69,69383,2,1,0,3,VICTOR AUGAGNEUR (Q),45.76343,4.84143,13,2,2
202100041828,126Â 843,B01,1,1,2,0,8,0,-1,-1, -1,-1,2021,22.0,1,2,0,2,4,2,1,,3,VAILLANT COUTURIER (AVENUE PAUL),0,,2,4,0,1,0,1,1,, -1,1,0,1,50,1,5,1,93,93008,2,1,0,2,VAILLANT COUTURIER (AVENUE PAUL),48.90556,2.46533,20,2,2
202100027877,151Â 884,A01,1,1,1,0,1,-1,-1,-1, -1,-1,2021,95.0,3,2,14,0,1,1,0,,4,INDUSTRIE (DE L')                   (R ),0,,2,2,0,1,(1),(1),1,, -1,1,0,1,50,20,7,1,69,69259,2,1,0,6,INDUSTRIE (DE L') (R),45.7090175671,4.882478714,9,1,1