Num_Acc,id_vehicule,num_veh,place,catu,sexe,trajet,secu1,secu2,secu3,locp,actp,etatp,year_acc,victim_age,senc,catv,obs,obsm,choc,manv,motor,occutc,catr,voie,v1,v2,circ,nbv,vosp,prof,pr,pr1,plan,lartpc,larrout,surf,infra,situ,vma,jour,mois,lum,dep,com,agg_,int,atm,col,adr,lat,long,hour,nb_victim,nb_vehicules
202100004829,193Â 151,A01,10,3,1,5,0,-1,-1,9,B,1,2021,35.0,1,2,0,1,4,20,0,,4,CIMETIERE PARISIEN (AVENUE DU),0,,1,1,0,1,0,0,1,, -1,1,0,1,50,4,12,1,93,93055,2,1,0,6,CIMETIERE PARISIEN (AVENUE DU),48.9085276931,2.3994280277,14,2,1
202100001405,199Â 264,A01,1,1,1,5,1,-1,-1,0,0,-1,2021,63.0,1,2,3,0,8,1,1,,1,87,0,,3,4,0,1,41,211,1,, -1,2,0,1,130,26,12,2,85,85064,1,1,0,6,A87,46.828585,-1.223388,8,1,1
202100003276,195Â 907,B01,1,1,1,0,2,6,-1,0,0,-1,2021,49.0,1,1,0,2,5,1,1,,3,7,-1,,2,2,0,1,72,20,1,, -1,1,0,1,70,13,12,2,83,83004,1,1,0,3,Dn7,43.445811,6.470298,17,2,2
202100000806,200Â 279,A01,1,1,1,5,8,-1,-1,0,0,-1,2021,45.0,3,2,6,0,1,15,2,,4,0,0,A,2,2,0,1,(1),(1),3,, -1,1,0,1,-1,31,12,1,95,95241,2,1,0,6,Rue Maitre Renault,49.047728,2.452247,14,2,1
202100046910,117Â 923,A01,1,1,2,0,8,0,-1,-1, -1,-1,2021,77.0,3,1,8,0,1,1,5,,4,PERREYEUX,0,,2,2,1,1,1,0,1,, -1,1,0,5,30,22,3,1,49,49353,2,1,0,1,PERREYEUX,47.4571852773,-0.5118915439,17,1,1
202100030760,146Â 776,A01,10,3,1,0,0,-1,-1,5,1,2,2021,2.0,2,2,0,1,2,16,1,,4,CHAMPVERT (DE)                      (R ),0,,2,2,0,1,(1),(1),1,, -1,2,0,4,50,3,7,1,69,69385,2,3,0,6,CHAMPVERT (DE) (R),45.75828,4.79505,16,2,1
202100007246,188Â 803,B01,1,1,2,9,8,0,-1,-1, -1,-1,2021,25.0,1,1,0,2,1,26,5,,4,RICHARD,0,,2,2,0,1,1,0,1,, -1,1,0,1,30,17,11,2,49,49007,2,6,0,3,RICHARD,47.46637,-0.55728,7,2,2
202100043289,124Â 283,B01,1,1,1,5,0,-1,-1,0,0,-1,2021,16.0,3,1,0,2,1,1,5,,3,962,-1,,2,2,0,4,(1),(1),1,, -1,1,0,1,70,22,4,1,59,59534,1,2,0,3,D962,50.122791,3.893524,19,2,2
202100035542,138Â 179,B01,1,1,1,4,2,6,-1,0,0,-1,2021,58.0,2,1,0,2,1,2,1,,4,RUE DES JARDINIERS,0,,1,1,0,2,(1),(1),1,, -1,1,0,1,50,9,6,1,75,75112,2,1,0,2,RUE DES JARDINIERS,48.834333,2.396228,11,2,2
202100049915,112Â 516,A01,3,2,1,5,1,-1,-1,0,0,-1,2021,18.0,2,2,4,0,3,1,1,,2,165,-1,,3,4,0,1,101,600,1,, -1,1,0,1,110,28,2,1,29,29043,1,1,0,6,N165 - Echangeur de Daoulas,48.366671,-4.257202,14,3,1
202100052350,108Â 140,A01,1,1,1,5,2,-1,-1,0,0,-1,2021,15.0,2,1,13,0,8,2,1,,3,D21,-1,,2,2,0,1,3,967,1,, -1,2,0,3,80,6,2,2,85,85022,1,1,0,7,Le  Breuil,46.43255,-1.44996,18,1,1
202100020629,164Â 752,A01,1,1,1,0,2,6,9,0,0,-1,2021,70.0,2,1,0,2,1,13,1,,3,16,-1,,2,2,0,2,11,400,2,, -1,1,0,1,80,7,9,1,70,70205,1,1,0,1,D.16,47.655787,6.729571,15,3,2
202100055548,102Â 565,A01,10,3,1,0,0,-1,-1,1,3,1,2021,75.0,0,2,0,1,1,26,1,,4,HENRI DUNANT (AVENUE),0,,2,0,0,1,0,0,1,, -1,1,0,1,50,11,1,5,93,93071,2,1,0,6,HENRI DUNANT (AVENUE),48.9379252906,2.5225627665,18,2,1
202100007082,189Â 101,A01,2,2,2,5,2,6,-1,0,0,-1,2021,33.0,3,6,0,0,2,16,1,,4,,-1,,2,1,0,1,(1),(1),3,,3,6,0,8,-1,21,11,1,14,14241,1,1,1,7,Lieu Dit les Gouix,49.072507,-0.621269,14,2,1
202100042341,125Â 939,A01,1,1,1,9,1,0,-1,0,0,-1,2021,30.0,1,2,0,2,3,9,1,,4,,0,,2,2,0,2,0,1,1,, -1,1,0,1,30,25,4,1,5,5061,2,3,0,3,ESPERANTO ( RUE DE L' ),44.54975,6.06512,19,2,2
202100051201,110Â 152,A01,1,1,1,4,2,6,-1,-1, -1,-1,2021,32.0,1,1,1,2,2,17,1,,4,MITRY [CD115] (ROUTE DE),0,,-1,4,0,1,0,1,1,, -1,1,0,1,50,17,2,1,93,93005,2,3,0,5,MITRY [CD115] (ROUTE DE),48.94262,2.50557,14,3,3
202100008973,185Â 676,A01,1,1,1,9,0,0,-1,-1, -1,-1,2021,19.0,1,1,0,2,2,19,5,,3,LOUISON BOBET (AV),0,,3,4,2,1,1,0,1,, -1,2,0,1,50,7,11,1,94,94033,2,1,1,3,Avenue Louison Bobet,48.85238,2.48632,10,2,2
202100021748,162Â 756,A01,1,1,1,1,2,6,-1,-1, -1,-1,2021,24.0,1,1,0,2,1,3,1,,1,A4,0,,1,4,0,1,3,700,1,, -1,1,0,1,90,31,8,1,94,94069,1,1,0,2,A4,48.8174016454,2.437524584,16,2,2
202100038058,133Â 634,B01,1,1,2,0,1,0,-1,-1, -1,-1,2021,35.0,0,2,0,2,2,9,1,,4,WILSON (AV. DU PRESIDENT) 62 A 129,0,,2,2,0,1,1,0,1,, -1,1,0,1,50,27,5,1,93,93057,2,3,0,3,WILSON (AV. DU PRESIDENT) 62 A 129,48.9075181761,2.5129857659,19,2,2
202100011675,180Â 855,B01,2,1,1,0,1,0,-1,-1, -1,-1,2021,53.0,2,1,0,2,1,1,1,,3,JEAN JAURES  (AVE)  157 A 213,0,,2,2,0,1,0,0,1,, -1,2,5,1,50,21,10,5,93,93001,2,9,0,1,JEAN JAURES  (AVE)  157 A 213,48.91134,2.40032,21,2,2
202100027401,152Â 734,B01,1,1,1,0,1,0,-1,-1, -1,-1,2021,52.0,0,2,0,2,3,1,1,,9,CHAPIT RE ( RUE DU),0,,2,2,0,1,0,0,1,, -1,1,0,1,50,23,7,1,93,93073,1,1,0,1,Rue du Chapitre,49.0030683826,2.5368440594,18,2,2
202100031814,144Â 891,A01,1,1,2,5,1,-1,-1,-1,0,-1,2021,26.0,2,2,0,2,2,1,1,,1,AUTOROUTE A3,0,,3,12,0,1,17,600,1,, -1,1,0,1,90,27,6,2,95,95277,1,1,0,1,AUTOROUTE A3,48.9834,2.50142,21,2,2
202100050230,111Â 927,B01,1,1,1,0,2,8,-1,-1, -1,-1,2021,24.0,-1,1,0,2,1,16,0,,3,PAUL VAILLANT COUTURIER (BOULEVARD),0,,2,3,1,2,1,1,1,, -1,1,0,1,50,25,2,5,93,93048,2,2,0,3,VICTOR BEAUSSE (RUE),48.8667164873,2.4451259719,18,2,2
202100031207,145Â 957,B01,1,1,1,0,8,0,-1,-1, -1,-1,2021,35.0,2,1,14,0,1,1,1,,3,VICTOR-HUGO (BD),0,,2,3,0,1,0,0,1,, -1,1,0,1,50,3,7,1,93,93070,2,2,0,1,VICTOR-HUGO (BD),48.9073,2.32632,15,2,2
202100037308,134Â 984,A01,10,3,2,5,0,-1,-1,3,3,1,2021,69.0,1,0,0,1,3,9,0,,4,REPUBLIQUE,0,,2,2,0,1,0,0,1,, -1,1,0,1,50,31,5,1,93,93051,2,3,0,6,Rue de la RÃ©publique / Avenue Aristide Briand,48.846286679,2.5531690121,11,2,1
202100039592,130Â 815,B01,1,1,1,1,2,0,-1,-1, -1,-1,2021,34.0,1,1,0,2,8,1,1,,4,PRADO (AVENUE DU),0,,2,6,0,1,(1),(1),1,, -1,1,0,1,50,13,5,1,13,13208,2,1,0,3,PRADO (AVENUE DU),43.269431,5.386562,17,2,2
202100037083,135Â 416,A01,1,1,1,5,2,6,-1,0,0,-1,2021,18.0,0,1,0,0,0,1,1,,4,,-1,,2,1,0,2,0,0,4,,3,1,0,1,50,2,6,5,974,97422,2,1,0,7,Chemin Farjeau,-21.252802,55.511025,20,1,1
202100054925,103Â 633,A01,10,3,2,9,0,-1,-1,4,3,1,2021,62.0,2,1,0,1,1,1,5,,4,PLACE GABRIEL PERI,0,,2,4,3,1,(1),(1),1,, -1,2,0,1,50,14,1,5,75,75108,2,7,1,6,PLACE GABRIEL PERI,48.875252,2.324273,19,2,1
202100032554,143Â 579,A01,1,1,1,1,2,6,9,0,0,-1,2021,23.0,1,1,7,0,1,1,1,,2,580,0,,2,2,0,1,5,600,1,, -1,1,0,1,80,24,6,3,30,30191,1,6,0,6,Route Nationale 580,44.133127,4.673052,6,1,1
202100027735,152Â 138,A01,1,1,1,3,8,0,-1,-1, -1,-1,2021,17.0,0,1,0,2,4,16,5,,4,VALLEE (ROND POINT DE LA),0,,2,2,0,1,(1),(1),1,, -1,1,0,1,50,21,7,1,45,45302,2,3,0,3,Rue Passe Debout,47.93777,1.89344,12,2,2
202100013110,178Â 310,A01,10,3,2,5,0,-1,-1,4,3,1,2021,57.0,2,1,0,1,1,1,1,,4,RUE DE VAUGIRARD,0,,1,3,1,1,(1),(1),1,, -1,1,0,1,30,15,10,1,75,75115,2,3,0,6,RUE DE VAUGIRARD,48.836095,2.293983,17,2,1
202100028864,150Â 125,A01,1,1,2,5,2,0,-1,0,0,-1,2021,22.0,1,1,0,0,1,1,3,,4,BOULEVARD DE SEBASTOPOL,0,,1,4,1,1,(1),(1),1,, -1,1,9,5,50,15,7,5,75,75102,2,2,0,7,BOULEVARD DE SEBASTOPOL,48.864427,2.351518,1,2,1
202100040579,129Â 087,B01,1,1,1,0,1,0,-1,-1, -1,-1,2021,25.0,1,5,0,2,1,1,1,,1,A7-Sens Lyon vers Marseille,0,,-1,3,0,1,270,0,1,, -1,2,0,1,90,10,5,1,13,13071,1,1,1,4,A7-Sens Lyon vers Marseille,43.4036,5.3431,16,4,3
202100034327,140Â 374,A01,10,3,1,3,0,-1,-1,3,3,1,2021,74.0,1,5,0,1,4,4,1,,4,DOMBASLE (RUE),0,,1,1,0,1,1,0,1,, -1,1,0,1,50,15,6,1,93,93048,2,1,0,6,Rue Dombasle,48.864637,2.450692,11,3,1
202100034632,139Â 810,A01,10,3,1,5,0,-1,-1,1,1,2,2021,4.0,3,1,0,1,3,1,1,,6,,0,,-1,-1,0,1,0,0,1,, -1,1,9,1,50,13,6,1,92,92025,2,1,0,6,PARC DEPARTEMENTAL,48.928198,2.237016,18,3,1
202100028101,151Â 473,A01,1,1,1,0,2,6,-1,-1, -1,-1,2021,60.0,2,1,0,0,9,0,1,,3,CORBEIL (ROUTE DE),0,,3,2,0,1,0,0,1,, -1,1,0,1,50,19,7,5,91,91549,2,1,0,7,CORBEIL (ROUTE DE),48.63497,2.33366,4,1,1
202100009697,184Â 371,B01,1,1,1,0,2,-1,-1,0,0,-1,2021,67.0,3,1,0,2,7,1,5,,2,176,-1,,3,4,0,1,(1),(1),1,, -1,1,3,1,-1,3,11,1,22,22388,1,4,1,3,D776,48.436518,-2.144641,11,2,2
202100049547,113Â 192,A01,10,3,2,5,0,-1,-1,3,3,2,2021,3.0,3,1,0,1,1,18,1,,4,986,0,,1,0,0,1,0,0,1,, -1,1,0,1,50,1,3,1,92,92025,2,9,0,6,GABRIEL PERI (RUE),48.9221540524,2.2471252909,18,3,1
202100022371,161Â 662,B01,1,1,1,1,0,-1,-1,0,0,-1,2021,46.0,2,1,0,0,4,2,5,,3,CD5,-1,,2,2,0,1,35,500,1,, -1,1,0,1,80,27,8,3,973,97305,1,1,0,5,CD5,4.982307,-52.469105,19,3,3
202100032032,144Â 491,A01,10,3,2,5,0,-1,-1,3,3,1,2021,67.0,1,2,0,1,8,1,0,,4,,0,,1,1,0,1,(1),(1),1,,"3,5",1,0,1,50,15,6,1,36,36088,2,1,0,6,Rue de lâHorloge,46.94848,1.99064,14,2,1
202100007841,187Â 721,A01,1,1,1,4,2,0,-1,0,0,-1,2021,61.0,2,1,0,2,2,16,1,,3,LIBERATION ( BD DE LA ),0,,1,2,0,1,69,830,2,, -1,1,0,1,50,15,11,1,5,5061,2,3,0,3,LIBERATION ( BD DE LA ),44.5612,6.07969,11,2,2
202100008055,187Â 333,B01,1,1,1,5,8,0,-1,0,0,-1,2021,55.0,1,1,0,2,8,13,5,,4,BOULEVARD RASPAIL,0,,1,0,3,1,(1),(1),1,, -1,1,-1,6,30,15,11,1,75,75107,2,4,0,3,BOULEVARD RASPAIL,48.854747,2.325931,14,2,2
202100042238,126Â 127,A01,1,1,1,5,2,6,-1,0,0,-1,2021,24.0,1,1,0,0,8,1,1,,3,943,0,,2,2,0,1,94,(1),2,, -1,1,0,1,50,24,4,1,62,62043,2,9,0,7,3929 Route Nationale,50.895806,1.96843,16,1,1
202100038253,133Â 269,B01,1,1,1,0,2,-1,-1,0,0,-1,2021,47.0,2,1,0,2,1,2,1,,7,613,0,,2,2,0,2,30,744,1,, -1,1,0,1,80,26,5,1,34,34270,1,3,0,2,Route de Montpellier,43.583469,3.846331,13,2,2
202100021106,163Â 930,A01,10,3,2,3,0,-1,-1,1,3,1,2021,63.0,2,2,0,1,2,9,1,,3,MARECHAL DE LATTRE DE TASSIGNY (AV DU),0,,2,2,0,1,1,0,1,, -1,1,0,1,50,3,9,1,94,94073,2,1,0,6,Av du Mal de Lattre de Tassigny,48.754,2.40519,18,2,1
202100007714,187Â 970,A01,1,1,1,5,2,-1,-1,0,0,-1,2021,71.0,2,1,0,0,0,1,5,,3,165,0,D,3,4,0,4,9,100,1,, -1,1,0,3,-1,11,10,1,88,88516,1,1,0,7,D165,48.192573,5.92685,14,1,1
202100051830,109Â 060,A01,10,3,1,4,0,-1,-1,5,1,3,2021,40.0,3,2,0,1,2,1,1,,3,BREVANNES (R DE),0,,2,2,0,2,0,0,1,, -1,7,0,1,50,10,2,1,94,94004,2,1,0,1,BREVANNES (R DE),48.75015,2.50281,16,4,1
202100006811,189Â 602,A01,1,1,1,5,2,6,-1,0,0,-1,2021,40.0,1,1,4,2,2,3,1,,4,PORTE DE VINCENNES,0,,1,4,0,1,31,800,1,, -1,1,0,1,70,22,11,2,75,75120,2,4,0,3,PORTE DE VINCENNES,48.848014,2.414664,18,2,2
202100019315,167Â 101,A01,1,1,1,5,2,6,-1,-1, -1,-1,2021,27.0,1,1,6,0,1,16,1,,4,L'ENTRE DEUX(ROUTE DE),0,,2,2,0,1,0,26,3,, -1,1,0,3,70,12,9,1,974,97416,1,1,0,7,L'ENTRE DEUX(ROUTE DE),-21.2942126716,55.4469823835,10,1,1
202100049398,113Â 461,A01,1,1,1,1,1,0,-1,-1, -1,-1,2021,61.0,2,2,0,2,1,2,1,,2,05 PK RN237 RE MOULIN JUSTICE,0,,3,5,0,1,3,404,3,, -1,1,3,1,70,2,3,1,17,17200,1,9,0,4,05 PK RN237 RE MOULIN JUSTICE,46.17809,-1.1588,12,3,3
202100050132,112Â 120,B01,1,1,1,1,2,6,-1,-1, -1,-1,2021,21.0,1,1,0,2,1,21,1,,7,M6   447.520 A 448.490,0,,3,3,3,2,448,40,1,, -1,1,0,1,70,25,2,1,69,69040,1,1,0,4,M6 ,45.7993635023,4.7752428817,17,3,3
202100037856,133Â 994,Z01,10,3,1,5,0,8,-1,1,5,2,2021,4.0,3,1,9,1,0,26,1,,5,TILLEULS (PL DES),0,,-1,0,0,1,1,0,1,, -1,1,0,8,10,28,5,2,94,94004,2,1,0,6,Place des Tilleuls,48.75609,2.498415,20,2,1
202100027943,151Â 756,C01,1,1,2,1,2,0,-1,-1, -1,-1,2021,56.0,0,1,0,2,1,1,1,,4,MENDES FRANCE (AVENUE),0,,1,3,0,1,1,0,1,, -1,1,0,1,50,20,7,1,13,13208,2,1,0,3,MENDES FRANCE (AVENUE),43.2601,5.37534,7,3,3
202100044773,121Â 683,A01,1,1,1,4,1,-1,-1,0,0,-1,2021,28.0,2,6,0,2,7,19,1,,3,35,-1,D,2,2,0,2,5,500,1,, -1,1,0,1,80,8,4,1,29,29294,1,9,0,3,Lieu-Dit Keropartz,48.401147,-4.13094,13,2,2
202100013978,176Â 716,A01,1,1,1,-1,0,-1,-1,-1, -1,-1,2021,28.0,3,2,0,2,1,1,-1,,4,,-1,,2,2,-1,1,(1),(1),1,,4,1,0,1,-1,28,5,1,32,32013,2,1,0,1,AIME CESAIRE(RUE),43.66553,0.61622,14,2,2
202100013056,178Â 408,A01,1,1,2,5,1,8,-1,0,0,-1,2021,50.0,2,2,0,2,1,1,3,,3,RD2029,0,,3,2,0,1,2,486,1,, -1,1,0,1,50,15,10,1,63,63300,2,4,0,3,RD2029,45.8913065486,3.1102305651,13,2,2
202100041978,126Â 587,A01,1,1,1,5,0,-1,-1,0,0,-1,2021,43.0,2,6,0,0,0,10,0,,3,108,0, -,2,2,0,2,10,540,1,, -1,1,0,1,50,1,5,1,54,54258,2,1,0,7,11 Rue du Faubourg,48.6715652662,6.5578454742,9,1,1
202100044725,121Â 770,B01,1,1,1,4,2,0,-1,-1, -1,-1,2021,30.0,1,1,0,2,8,1,1,,3,R JEAN JAURES ,0,,1,2,0,1,1,0,1,, -1,1,0,1,30,7,4,2,94,94022,2,1,0,3,Rue Jean Jaures,48.765204,2.408051,20,2,2
202100022977,160Â 558,A01,1,1,2,9,1,-1,-1,0,0,-1,2021,24.0,2,2,4,0,1,2,1,,1,8,-1,,1,1,0,2,186,0,3,, -1,1,3,1,50,22,8,1,6,6088,1,1,0,6,"bretelle entrÃ©e nÂ°51 autoroute A8, CADAM, direction CANNES",43.674639,7.19597,6,2,1
202100040119,129Â 888,A01,1,1,1,5,2,6,-1,0,0,-1,2021,35.0,2,1,13,0,1,1,1,,3,24,-1,,2,2,0,1,(1),(1),1,, -1,1,5,3,50,13,5,2,13,13089,2,6,0,1,D7N,43.838698,4.940752,18,1,1
202100024849,157Â 240,B01,1,1,1,0,8,0,-1,-1, -1,-1,2021,16.0,3,1,0,2,8,0,0,,4,RENAUDIERE DE VAUX(RUE),0,,1,1,0,1,0,0,1,, -1,1,0,1,30,7,8,1,974,97407,2,1,0,3,RENAUDIERE DE VAUX(RUE),-20.93583,55.29097,17,2,2
202100005591,191Â 811,A01,10,3,2,0,0,-1,-1,2,3,1,2021,79.0,1,2,0,1,1,9,1,,3,2009,0,,2,2,0,1,29,900,1,, -1,2,0,1,50,1,12,1,3,3254,2,9,1,6,83 Boulevard Ledru Rollin,46.309614,3.288841,10,2,1
202100034032,140Â 932,A01,10,3,1,3,0,-1,-1,2,3,1,2021,63.0,3,5,0,1,8,15,1,,4,CARREL. RUE ARMAND,0,,2,1,0,1,(1),(1),1,, -1,1,9,1,30,16,6,1,76,76540,2,1,0,6,CARREL. RUE ARMAND,49.4398389954,1.1018534577,12,2,1
202100006140,190Â 836,A01,1,1,1,5,1,-1,-1,0,0,-1,2021,19.0,2,2,2,0,2,1,1,,3,1093,0,D,2,2,0,1,24,600,3,, -1,1,0,8,80,26,11,2,63,63180,1,1,0,6,Lieu dit tissoniere,45.870151,3.303169,16,1,1
202100042844,125Â 083,A01,10,3,2,5,0,-1,-1,3,3,1,2021,67.0,1,5,0,1,7,1,1,,4,KENNEDY (BD JOHN-FITZGERALD),0,,3,4,0,1,0,0,1,, -1,1,0,1,50,23,4,1,66,66136,2,1,0,6,KENNEDY (BD JOHN-FITZGERALD),42.68677,2.9065,12,2,1
202100053513,106Â 060,A01,1,1,1,4,1,-1,-1,0,0,-1,2021,28.0,1,2,2,0,3,0,1,,4,6,-1,,2,2,0,1,(1),(1),1,, -1,2,0,3,-1,27,1,2,89,89195,1,1,1,7,Lieu Dit Bel Air,48.140619,3.247726,7,5,1
202100032999,142Â 760,A01,1,1,1,5,1,-1,-1,-1,0,-1,2021,22.0,1,2,3,0,1,1,1,,1,AUTOROUTE A115,0,,1,2,0,2,0,100,3,, -1,2,0,1,70,22,6,1,95,95582,1,1,1,6, A115,48.97391,2.24589,16,1,1
202100027418,152Â 704,A01,8,2,1,5,1,-1,-1,0,0,-1,2021,17.0,2,2,2,0,1,1,1,,4,4228,-1,,2,2,0,2,(1),(1),3,, -1,1,0,3,80,24,7,3,82,82087,1,1,0,6,4228 Route de Saint-Jean,44.123674,1.274173,0,5,1
202100039126,131Â 691,B01,1,1,1,5,8,0,-1,-1, -1,-1,2021,18.0,1,1,0,2,8,16,3,,4,ROUET (RUE DU),0,,1,1,0,1,0,0,1,, -1,1,5,1,50,20,5,1,13,13208,2,2,0,1,ROUET (RUE DU),43.27903,5.39176,20,2,2
202100040764,128Â 746,A01,10,3,1,5,0,-1,-1,1,3,1,2021,17.0,2,2,0,1,2,1,1,,4,AVENUE MATHURIN MOREAU,0,,2,1,0,2,(1),(1),1,, -1,1,0,1,50,8,5,1,75,75119,2,1,0,6,AVENUE MATHURIN MOREAU,48.87817,2.372051,19,2,1
202100042994,124Â 821,A01,1,1,2,0,1,0,-1,-1, -1,-1,2021,46.0,2,2,0,0,9,26,1,,1,A64 - BORDELONGUE,0,,3,4,0,1,286,62,1,, -1,1,0,1,90,21,2,1,31,31555,1,1,1,7,A64 - BORDELONGUE,43.55795,1.41304,11,1,1
202100038341,133Â 097,A01,10,3,2,3,0,0,0,3,3,1,2021,83.0,1,2,0,1,1,1,1,,2,PAUL (BOULEVARD JEAN RAOUL),0,,3,4,0,1,21,160,1,, -1,1,0,1,50,25,5,1,65,65440,2,6,0,6,PAUL (BOULEVARD JEAN RAOUL),43.22835,0.088776,9,2,1
202100053924,105Â 357,A01,4,2,1,0,1,0,-1,-1, -1,-1,2021,21.0,1,2,9,0,3,13,1,,4,L'ASSAINISSEMENT (RUE DE),0,,1,1,0,1,(1),(1),1,, -1,1,0,1,30,23,1,2,971,97120,2,1,0,6,L'ASSAINISSEMENT (RUE DE),16.2458158828,-61.5313791932,6,4,1
202100051028,110Â 461,B01,1,1,1,1,2,4,-1,-1, -1,-1,2021,51.0,3,1,0,2,1,13,6,,4,MOULIN (RUE JEAN),0,,2,2,0,1,0,0,1,, -1,1,0,1,50,15,2,1,84,84087,2,1,1,6,Avenue Jean Moulin,44.151315,4.806474,7,2,2
202100003739,195Â 068,A01,2,2,2,0,8,0,-1,-1, -1,-1,2021,80.0,0,3,0,0,0,1,1,3.0,4,BONNEUIL (AV DE),0,,2,2,0,2,1,0,1,, -1,1,0,8,50,10,12,1,94,94071,2,1,0,7,BONNEUIL (AV DE),48.76949,2.51066,15,3,1
202100022781,160Â 880,A01,1,1,1,1,2,-1,-1,-1, -1,-1,2021,56.0,2,1,0,2,2,17,1,,3,MONTABO (ROUTE DE) 1,0,,2,4,2,1,2,0,1,, -1,1,9,1,50,23,8,2,973,97302,2,9,0,3,MONTABO (ROUTE DE) 1,4.9423811074,-52.3052473069,18,2,2
202100034466,140Â 122,B01,7,2,2,5,1,-1,-1,0,0,-1,2021,83.0,2,2,0,0,3,1,1,,1,7,-1,,3,5,0,1,97,0,1,, -1,1,0,1,130,14,6,1,26,26337,1,9,0,3,autoroute A7 - PK 097+000 - S/N,44.71665,4.785426,11,6,2
202100026993,153Â 463,A01,2,2,2,5,1,-1,-1,0,0,-1,2021,37.0,2,2,0,2,1,13,1,,2,5,-1,,2,2,0,2,46,950,3,, -1,1,0,1,50,27,7,1,39,39548,2,1,0,1,6 Route de Champagnole,46.826628,5.721988,18,5,2
202100010054,183Â 725,B01,1,1,1,1,1,0,-1,-1, -1,-1,2021,31.0,1,2,0,2,6,24,1,,4,GUTEMBERG BOULEVARD,0,,2,2,0,1,1,0,1,, -1,2,0,1,50,31,10,5,93,93046,2,1,0,2,GUTEMBERG BOULEVARD,48.91359,2.51778,6,2,2
202100052963,107Â 048,B01,1,1,2,0,8,0,-1,-1, -1,-1,2021,26.0,2,2,0,2,4,1,1,,1,A13,0,,3,5,0,1,24,200,1,, -1,1,0,1,110,1,2,1,78,78498,1,1,0,3,A13,48.916101,2.005632,11,3,2
202100002192,197Â 875,B01,1,1,1,5,2,6,4,0,0,-1,2021,55.0,2,1,0,2,1,1,5,,3,918,0,D,2,1,0,2,24,150,1,, -1,1,0,1,50,21,12,2,64,64213,2,2,0,1,D918,43.340778,-1.443361,7,2,2
202100008148,187Â 153,A01,1,1,2,5,8,0,-1,0,0,-1,2021,34.0,2,1,0,0,0,1,3,,4,RUE DE BELLECHASSE,0,,1,1,0,1,(1),(1),1,, -1,1,0,1,30,14,11,1,75,75107,2,1,0,7,RUE DE BELLECHASSE,48.859787,2.32434,15,1,1
202100005361,192Â 203,B01,3,2,2,5,1,0,-1,-1, -1,-1,2021,85.0,3,5,0,2,7,15,0,,4,MAQUISARDS PROMENADE DES,0,,2,2,0,1,0,0,1,, -1,1,0,1,50,30,11,1,9,9225,2,2,0,3,MAQUISARDS PROMENADE DES,43.118273,1.60904,11,3,2
202100020372,165Â 224,B01,1,1,1,5,1,-1,-1,0,0,-1,2021,41.0,2,2,14,2,4,23,1,,1,77,0,A,1,1,3,1,97,400,1,, -1,1,7,6,-1,8,9,1,58,58187,1,1,0,2,A77 -Pk 097.400 sens NEVERS-PARIS,47.452266,2.948198,9,2,2
202100032915,142Â 926,B01,1,1,1,4,8,0,-1,-1, -1,-1,2021,23.0,1,1,0,2,1,1,5,,3,MARECHAL LECLERC (BD DU),0,,2,4,1,4,1,0,1,, -1,2,5,5,50,22,6,1,94,94042,2,2,1,3,MARECHAL LECLERC (BD DU),48.81205,2.46863,14,2,2
202100046593,118Â 484,A01,3,2,1,0,1,0,-1,-1, -1,-1,2021,4.0,1,2,0,2,1,2,1,,4,SAINT BERNARD (CHEMIN DE),0,,2,2,0,1,0,0,1,, -1,1,0,1,50,25,3,1,64,64102,2,1,0,2,SAINT BERNARD (CHEMIN DE),43.50264,-1.48395,8,3,2
202100004285,194Â 098,B01,1,1,1,9,2,0,-1,0,0,-1,2021,52.0,2,1,0,2,4,23,1,,4,AVENUE DE LA PORTE DE BAGNOLET,0,,2,6,0,1,(1),(1),1,, -1,1,0,1,30,7,12,5,75,75120,2,3,0,2,AVENUE DE LA PORTE DE BAGNOLET,48.864776,2.410164,7,2,2
202100026051,155Â 118,A01,1,1,1,1,1,-1,-1,0,0,-1,2021,18.0,1,2,0,2,1,1,1,,3,34,0,D,2,2,0,2,17,0,3,, -1,1,0,1,70,1,8,2,25,25004,1,1,0,1,D34,47.426164,6.933553,20,2,2
202100016970,171Â 288,B01,1,1,2,5,1,0,-1,0,0,-1,2021,60.0,1,2,0,2,3,11,1,,3,GUILLOU (BOULEVARD YVES),0,,3,4,0,2,1,0,1,, -1,1,9,1,50,21,9,1,14,14118,2,1,0,3,GUILLOU (BOULEVARD YVES),49.1722,-0.38419,13,2,2
202100044180,122Â 702,A01,1,1,1,9,2,8,-1,-1, -1,-1,2021,22.0,2,1,0,2,1,21,1,,4,HUIT MAI 1945 RUE DU,0,,1,1,0,2,0,0,1,, -1,2,9,1,30,12,4,5,92,92050,2,3,0,3,HUIT MAI 1945 RUE DU,48.890659435,2.2017797828,22,4,2
202100036112,137Â 132,B01,1,1,2,0,1,0,-1,-1, -1,-1,2021,39.0,1,2,0,2,4,26,1,,3,992,0,,1,2,0,1,0,0,1,, -1,1,0,1,50,6,6,1,92,92026,2,1,0,2,Boulevard de la Mission Marchand,48.8984921898,2.2401353717,15,2,2
202100017351,170Â 630,A01,1,1,1,5,2,-1,-1,-1, -1,-1,2021,23.0,2,1,4,0,0,13,1,,1,AUTOROUTE A 10,0,,3,6,0,1,528,599,1,, -1,1,0,1,130,25,9,3,33,33366,1,1,0,6,AUTOROUTE A 10,44.99544,-0.4268,2,4,2