Num_Acc,id_vehicule,num_veh,place,catu,sexe,trajet,secu1,secu2,secu3,locp,actp,etatp,year_acc,victim_age,senc,catv,obs,obsm,choc,manv,motor,occutc,catr,voie,v1,v2,circ,nbv,vosp,prof,pr,pr1,plan,lartpc,larrout,surf,infra,situ,vma,jour,mois,lum,dep,com,agg_,int,atm,col,adr,lat,long,hour,nb_victim,nb_vehicules
202100040663,128Â 938,A01,1,1,1,5,2,-1,-1,0,0,-1,2021,62.0,2,1,0,0,8,1,5,,3,239,-1,,2,2,0,2,6,435,3,, -1,1,0,1,-1,9,5,1,25,25104,1,1,0,7,Rue de Bartherans,47.007387,5.903628,12,1,1
202100054433,104Â 457,A01,1,1,2,0,1,-1,-1,-1, -1,-1,2021,19.0,0,2,0,2,2,1,1,,4,CAPLAIN (RUE DU),0,,2,4,0,1,(1),(1),1,, -1,2,0,1,50,18,1,5,50,50602,2,2,1,3,NORTHEIM (AVENUE DE),49.64409,-1.58119,18,2,2
202100048266,115Â 476,A01,10,3,1,0,0,-1,-1,3,3,1,2021,64.0,1,2,0,1,1,1,1,,4,GAMBETTA RUE,0,,2,2,0,1,(1),(1),1,, -1,1,0,1,50,12,3,2,42,42207,2,4,0,6,Rue Gambetta,45.47295,4.5098,17,2,1
202100015640,173Â 716,A01,1,1,1,5,2,0,-1,0,0,-1,2021,36.0,1,1,0,2,7,1,3,,4,RUE DE JAVEL,0,,1,2,0,1,(1),(1),1,, -1,1,0,1,30,1,10,5,75,75115,2,2,0,3,RUE DE JAVEL,48.842089,2.290388,6,3,2
202100042026,126Â 504,A01,1,1,1,9,2,8,-1,-1, -1,-1,2021,46.0,1,1,0,2,1,1,1,,3,TESSOUALLE (AVENUE DE LA),0,,2,2,0,1,2,50,1,, -1,1,0,1,50,29,4,1,49,49099,2,2,0,2,TESSOUALLE (AVENUE DE LA),47.04147,-0.87267,12,2,2
202100017024,171Â 188,A01,1,1,2,1,1,0,-1,0,0,-1,2021,60.0,1,2,1,0,2,14,1,,4,BOULEVARD DE LA VILLETTE,0,,3,2,0,1,(1),(1),1,, -1,1,0,1,30,24,9,1,75,75119,2,1,0,6,BOULEVARD DE LA VILLETTE,48.88114,2.370436,18,1,1
202100029254,149Â 465,A01,1,1,2,3,1,-1,-1,-1,0,-1,2021,29.0,2,2,0,2,3,9,1,,1,AUTOROUTE A15,0,,3,8,0,1,7,900,1,, -1,2,0,1,110,13,7,1,95,95582,1,1,1,5,A15,48.96344,2.26432,13,3,3
202100008199,187Â 066,B01,1,1,2,1,1,5,-1,0,0,-1,2021,33.0,1,2,0,2,4,15,1,,3,806,0,D,2,2,0,4,124,200,3,,4,1,0,8,90,15,11,1,48,48128,1,3,0,2,D806,44.78145,3.296467,8,2,2
202100029742,148Â 627,A01,1,1,1,0,1,5,-1,-1, -1,-1,2021,21.0,2,2,4,2,9,1,1,,1,AUTOROUTE (A1),0,,1,4,0,4,0,100,2,, -1,1,3,1,50,8,7,3,972,97209,1,1,0,3,AUTOROUTE (A1),14.61142,-61.0509,22,5,2
202100011097,181Â 892,A01,3,2,2,5,1,0,-1,-1, -1,-1,2021,40.0,1,2,2,0,1,16,1,,2,RN12,0,,1,1,0,2,(1),(1),3,, -1,1,3,1,50,24,10,1,22,22187,1,6,0,6,RN12,48.54505,-2.78747,17,3,1
202100005808,191Â 410,A01,10,3,1,5,0,-1,-1,5,2,1,2021,72.0,2,2,12,1,5,1,1,,3,1774,0,,2,2,0,1,0,1354,1,, -1,2,9,4,50,29,11,1,44,44069,2,6,0,6,Boulevard du 19 Mars 1962,47.335668,-2.428598,9,2,1
202100014955,174Â 974,B01,4,2,2,0,8,-1,-1,-1, -1,-1,2021,29.0,2,2,0,0,6,1,1,,4,BATAILLE                            (R ),0,,1,1,0,1,(1),(1),1,, -1,2,0,1,50,4,10,1,69,69388,2,1,1,2,BATAILLE (R),45.73717,4.87588,18,3,2
202100011050,181Â 970,B01,1,1,1,0,2,6,-1,-1, -1,-1,2021,24.0,3,1,0,2,7,1,1,,7,EUROPE (DE L')                      (BD),0,,3,3,1,1,0,1,1,, -1,1,0,1,50,25,10,1,69,69152,2,9,0,3,EUROPE (DE L')                      (BD),45.70709,4.82124,8,2,2
202100038976,131Â 972,A01,10,3,2,2,0,-1,-1,4,3,1,2021,12.0,3,2,0,1,7,1,1,,4,LAFERRIERE(AVENUE),0,,2,2,0,1,1,0,1,, -1,1,0,1,50,21,5,1,94,94028,2,1,0,6,LAFERRIERE(AVENUE),48.8,2.45,17,3,1
202100042246,126Â 116,A01,1,1,1,5,0,-1,-1,0,0,-1,2021,19.0,0,1,0,2,1,5,1,,4,,0,,2,2,0,1,(1),(1),1,,4,1,9,1,30,27,4,1,44,44101,2,6,0,3,Rue Salvador Allende,47.184875,-1.687517,16,3,2
202100014515,175Â 764,A01,1,1,1,5,1,-1,-1,0,0,-1,2021,20.0,2,2,0,2,3,17,1,,3,65,-1,B,2,1,0,1,3,200,1,, -1,1,0,1,80,9,10,1,38,38535,1,1,0,1,Route DÃ©partementale 65B,45.774423,5.259855,9,2,2
202100032430,143Â 804,A01,2,2,2,0,1,0,-1,-1, -1,-1,2021,80.0,2,2,0,2,4,1,1,,2,104,0,,1,3,0,1,38,299,1,, -1,1,0,1,90,25,6,1,91,91228,1,1,0,2,RN 104,48.614548,2.430568,12,3,2
202100000918,200Â 105,A01,10,3,1,9,0,-1,-1,1,9,2,2021,61.0,2,2,0,1,3,5,1,,3,693,-1,,2,2,0,1,5,170,1,, -1,2,0,1,50,25,12,5,2,2422,2,1,0,6,1 Rue du 8 Mai 1945,49.921019,3.627028,20,3,1
202100036773,135Â 974,A01,2,2,1,5,8,0,-1,-1, -1,-1,2021,12.0,0,2,0,2,1,1,1,,4,ERNEMONT. RUE D',0,,1,1,0,2,0,0,1,, -1,1,0,1,50,2,6,1,76,76540,2,1,0,6,ERNEMONT. RUE D',49.44955,1.10146,16,2,1
202100014448,175Â 874,A01,10,3,1,1,0,-1,-1,3,3,1,2021,47.0,0,5,0,1,2,15,1,,4,MARIUS AUFAN(RUE) 1A67 ET 2A78,0,,1,2,1,1,0,0,1,, -1,1,0,1,50,8,10,1,92,92044,2,3,0,6,MARIUS AUFAN(RUE) 1A67 ET 2A78,48.888368248,2.2868353128,13,2,1
202100001346,199Â 353,A01,1,1,1,5,1,0,-1,-1, -1,-1,2021,58.0,1,2,0,0,9,1,1,,2,RN 118,0,,1,2,0,2,3,900,2,, -1,2,0,1,90,26,12,1,91,91064,1,1,0,7,RN 118,48.750109,2.203517,15,1,1
202100006975,189Â 298,A01,1,1,1,5,1,-1,-1,0,0,-1,2021,19.0,2,2,8,0,8,1,1,,4,,-1,,2,2,0,1,(1),(1),3,,4,2,0,3,50,21,11,1,37,37163,2,1,1,6,44 vallÃ©e de vaugadeland,47.436691177,0.9400056303,10,2,1
202100042963,124Â 876,A01,1,1,1,5,2,6,-1,0,0,-1,2021,20.0,1,1,0,0,4,0,1,,3,64,-1,,2,2,0,2,5,536,1,, -1,1,0,1,80,24,4,3,44,44133,1,1,0,2,Les Planchettes,47.151278,-1.729011,1,2,2
202100049287,113Â 661,A01,1,1,1,9,8,0,-1,0,0,-1,2021,31.0,1,1,0,2,1,5,5,,4,PLACE SAINT GERVAIS,0,,1,1,0,1,(1),(1),2,, -1,1,0,1,50,3,3,5,75,75104,2,7,0,1,PLACE SAINT GERVAIS,48.855828,2.354146,19,2,2
202100025420,156Â 220,A01,1,1,1,0,2,6,-1,-1, -1,-1,2021,19.0,3,1,0,2,3,26,1,,4,BIRMINGHAM (DE)                     (AV),0,,2,4,1,1,(1),(1),1,, -1,2,0,5,50,4,8,2,69,69384,2,1,1,3,BIRMINGHAM (DE) (AV),45.77465,4.8125,20,2,2
202100003533,195Â 429,A01,1,1,1,5,8,0,-1,-1, -1,-1,2021,30.0,1,1,0,2,2,7,5,,4,RUE SAINTE CECILE,0,,2,2,0,1,0,0,1,, -1,1,0,1,50,9,12,5,988,98818,2,1,0,3,RUE SAINTE CECILE,-22.25977,166.44644,22,2,2
202100022650,161Â 134,A01,1,1,2,3,1,0,-1,-1, -1,-1,2021,87.0,1,2,3,0,1,1,1,,3,CD60,0,,2,2,0,1,20,0,2,, -1,1,0,1,50,24,8,1,10,10081,2,1,0,7,CD60,48.309558,4.01329,11,1,1
202100023251,160Â 053,B01,1,1,1,0,8,0,-1,-1, -1,-1,2021,65.0,1,1,0,2,8,19,5,,2,20,0,,3,2,1,1,0,0,1,, -1,1,6,5,50,20,8,1,91,91161,2,2,0,3,CAR DES CHAMPARTS,48.71549,2.29845,13,2,2
202100042225,126Â 150,A01,10,3,1,9,0,-1,-1,1,5,2,2021,5.0,1,2,0,1,2,1,1,,3,MEDERIC (AVENUE),0,,2,2,0,1,0,0,1,, -1,1,0,1,30,28,4,1,93,93051,2,1,0,6,MEDERIC (AVENUE),48.8300473874,2.5614021494,11,2,1
202100008870,185Â 884,B01,1,1,2,5,1,-1,-1,0,0,-1,2021,71.0,2,2,3,0,1,1,1,,1,20,-1,,3,4,0,1,210,760,1,, -1,1,0,1,130,8,11,3,87,87203,1,1,0,4,A20,45.663547,1.392603,20,5,4
202100025532,156Â 033,A01,1,1,1,5,2,4,-1,0,0,-1,2021,74.0,2,1,0,0,0,1,5,,4,,-1,,1,1,0,1,(1),(1),1,,"5,5",1,0,1,50,6,8,1,45,45272,2,6,0,7,391 Rue du 11 Novembre,47.829981965,1.9700758159,8,1,1
202100008182,187Â 100,A01,1,1,2,1,1,-1,-1,0,0,-1,2021,34.0,2,2,0,2,3,1,1,,3,10,0,,2,2,0,1,22,975,1,,"5,5",2,0,1,50,14,11,5,42,42013,2,1,0,1,Route de Saint Galmier,45.636502,4.300933,20,2,2
202100002078,198Â 084,A01,10,3,1,0,0,-1,-1,3,3,1,2021,44.0,3,5,0,1,1,15,1,,4,,-1,,2,2,0,1,(1),(1),1,,5,1,0,1,50,21,12,5,14,14181,2,1,0,6,Rue des FrÃ¨res LumiÃ¨re,49.153801,-0.312515,6,2,1
202100017771,169Â 851,A01,1,1,2,1,1,0,-1,-1, -1,-1,2021,24.0,2,2,3,2,8,0,1,,2,104,0,,1,10,0,4,40,169,2,, -1,2,0,2,90,20,9,1,91,91521,1,1,1,6,RN 104,48.63198,2.40604,8,1,1
202100045425,120Â 533,A01,1,1,1,9,2,6,-1,0,0,-1,2021,52.0,1,1,0,2,2,1,1,,4,AVENUE VICTOR HUGO,0,,2,2,0,1,(1),(1),1,, -1,1,0,1,30,2,4,1,75,75116,2,3,0,3,AVENUE VICTOR HUGO,48.868818,2.283328,10,2,2
202100009906,183Â 986,A01,2,2,1,5,8,0,-1,-1, -1,-1,2021,20.0,1,2,13,0,9,1,1,,4,ROHIC (RUE DU),0,,2,2,0,1,(1),(1),2,, -1,2,0,1,50,1,11,1,56,56260,1,1,1,7,ROHIC(RUE DU),47.66015,-2.70656,8,2,1
202100012808,178Â 826,B01,1,1,1,5,2,0,-1,-1, -1,-1,2021,31.0,1,1,1,0,2,1,1,,4,MENTEL,0,,1,1,0,2,(1),(1),1,, -1,1,0,1,50,16,10,1,973,97302,2,1,0,3,MENTEL,4.93602,-52.3357,10,2,2
202100027560,152Â 460,B01,1,1,2,9,1,0,-1,0,0,-1,2021,44.0,2,2,4,2,6,1,1,,4,BOULEVARD PERIPHERIQUE INTERIEUR OUEST,0,,1,4,0,1,12,0,1,, -1,1,0,1,70,21,7,1,75,75116,2,1,0,5,BOULEVARD PERIPHERIQUE INTERIEUR OUEST,48.848151,2.253569,18,4,3
202100035879,137Â 553,A01,1,1,1,1,2,6,-1,-1,0,-1,2021,29.0,2,1,0,2,1,3,1,,3,RUE LUCIEN SAMPAIX,0,,2,2,0,3,2,400,1,, -1,1,0,1,50,7,6,1,95,95063,2,2,0,3,RUE LUCIEN SAMPAIX,48.93755,2.20714,9,2,2
202100046513,118Â 643,B01,1,1,1,0,8,0,-1,0,0,-1,2021,24.0,1,1,0,2,7,1,5,,4,NADAUD (RUE CHARLES),0,,1,2,1,1,(1),(1),1,, -1,1,0,1,50,25,3,1,63,63113,2,3,0,3,Nadaud/Briand,45.77012,3.07619,16,2,2
202100036603,136Â 277,A01,10,3,2,5,0,-1,-1,1,1,1,2021,89.0,1,5,0,1,4,26,1,,4,RABELAIS (DU),0,,2,2,0,1,(1),(1),1,, -1,1,0,1,50,2,6,1,63,63019,2,1,0,6,RABELAIS (DU),45.79525,3.16364,10,2,1
202100035982,137Â 366,B01,1,1,1,5,2,-1,-1,0,0,-1,2021,34.0,2,1,0,2,1,1,1,,3,813,-1,,2,2,0,2,81,900,4,, -1,1,0,1,50,8,6,1,47,47233,1,4,0,3,Lieu-dit Salet,44.536271,0.089478,18,3,2
202100040613,129Â 022,A01,2,2,1,5,1,-1,-1,-1, -1,-1,2021,27.0,2,2,13,0,7,14,1,,2,165,0,,3,4,0,1,35,701,1,, -1,1,0,3,110,8,5,1,29,29039,1,1,0,6,N165 - ,47.93734,-3.91353,17,2,1
202100007801,187Â 803,A01,1,1,1,0,8,8,-1,0,0,-1,2021,42.0,3,1,0,0,0,0,5,,4,KRUG (RUE ALFRED),0,,2,1,1,1,(1),(1),1,, -1,1,0,5,-1,11,11,3,54,54395,2,1,0,7,KRUG (RUE ALFRED),48.67989,6.2008,1,1,1
202100022457,161Â 495,B01,2,2,1,0,2,0,-1,-1, -1,-1,2021,36.0,2,1,0,2,2,2,1,,4,PRADO (AVENUE DU),0,,3,4,0,1,0,0,1,, -1,1,0,1,50,26,8,3,13,13208,2,1,0,3,PRADO (AVENUE DU),43.2647771435,5.3791036605,21,3,2
202100013469,177Â 661,A01,1,1,1,0,2,6,-1,0,0,-1,2021,49.0,1,1,3,0,1,1,1,,3,1075,-1,,2,2,0,1,37,175,1,, -1,1,0,3,80,9,10,1,1,1202,1,1,0,6,Route dÃ©partementale 1075,45.8969,5.337929,18,1,1
202100028073,151Â 531,A01,1,1,1,5,1,-1,-1,-1, -1,-1,2021,79.0,1,2,3,0,1,13,1,,1,AUTOROUTE A 62,0,,3,4,0,1,0,1872,2,, -1,1,0,1,130,20,7,1,33,33550,1,1,0,6,AUTOROUTE A 62,44.76643,-0.55132,15,1,1
202100042724,125Â 266,B01,2,2,2,0,1,8,-1,-1, -1,-1,2021,46.0,1,2,0,2,4,1,1,,3,7,0,,2,0,0,1,0,0,1,, -1,1,0,1,70,24,4,1,92,92004,2,3,0,2,AULAGNIER ( QUAI ),48.9138573932,2.3101891525,17,3,2
202100024303,158Â 228,B01,1,1,1,0,2,6,-1,0,0,-1,2021,25.0,1,1,0,2,1,1,1,,3,MOULIN (RUE JEAN),0,,2,2,0,1,1,40,1,, -1,1,0,1,50,11,8,1,5,5023,2,3,0,3,MOULIN (RUE JEAN),44.88658,6.62589,8,4,2
202100016638,171Â 891,A01,1,1,1,0,8,0,-1,-1, -1,-1,2021,30.0,3,2,0,2,4,9,1,,3,D607,0,,2,2,0,1,0,868,1,, -1,1,5,1,90,26,9,3,77,77407,1,3,0,2,D607,48.54487,2.513035,0,4,2
202100024205,158Â 408,A01,7,2,1,5,0,-1,-1,0,0,-1,2021,19.0,2,2,2,0,1,1,1,,3,61,-1,,2,2,0,1,7,1090,1,, -1,1,0,3,80,15,8,3,34,34151,1,1,0,7,RD 61,43.621853,4.120787,2,6,1
202100010965,182Â 125,A01,1,1,1,0,1,-1,-1,0,0,-1,2021,48.0,2,2,0,2,3,13,1,,3,1120,0,D,2,2,0,1,27,80,1,, -1,1,0,1,90,14,10,1,19,19192,1,1,0,5,Echaunie,45.111308,1.913815,17,4,3
202100024266,158Â 293,A01,10,3,2,5,0,-1,-1,4,3,2,2021,6.0,1,2,0,1,1,15,1,,7,UNION (RUE DE L'),0,,2,2,0,1,(1),(1),1,, -1,1,0,1,50,13,8,1,59,59650,2,2,0,6,UNION (RUE DE L'),50.71508,3.17972,19,2,1
202100027072,153Â 329,A01,1,1,1,1,2,0,-1,-1, -1,-1,2021,22.0,1,1,0,2,1,17,1,,3,RENNES (RUE DE),0,,2,2,0,1,0,0,1,, -1,1,0,1,50,2,7,1,22,22106,2,3,0,3,RENNES (RUE DE),48.4944269511,-2.7142010092,7,2,2
202100002234,197Â 796,B01,1,1,1,9,2,0,-1,0,0,-1,2021,16.0,1,1,0,2,1,10,1,,3,NAVES RD 85 (RTE),0,,2,2,0,2,1,694,1,, -1,1,0,1,70,18,12,3,81,81065,1,1,0,3,NAVES RD 85 (RTE),43.58781,2.23326,19,3,2
202100042017,126Â 516,B01,1,1,2,0,1,8,-1,-1, -1,-1,2021,47.0,1,2,0,2,4,15,1,,3,"BROGLIE, Av de",0,,1,2,0,1,0,0,2,, -1,1,0,1,30,28,4,1,66,66136,1,9,0,2,"BROGLIE, Av de",42.70948,2.90781,10,5,2
202100005981,191Â 106,B01,1,1,1,1,8,0,-1,-1, -1,-1,2021,34.0,2,1,0,2,1,1,1,,4,CORSE (AVENUE DE LA),0,,2,4,3,2,(1),(1),1,, -1,1,0,1,50,26,11,1,13,13207,2,2,0,3,CORSE (AVENUE DE LA),43.288680268,5.3595370852,8,2,2
202100004260,194Â 139,B01,1,1,1,5,8,0,-1,-1, -1,-1,2021,20.0,2,0,0,2,1,9,3,,7,RUE D'ALEMBERT,0,,1,1,0,1,0,0,1,, -1,1,0,1,50,11,11,5,38,38185,2,3,0,3,RUE D'ALEMBERT,45.18,5.71,3,4,2
202100015504,173Â 989,A01,1,1,2,1,1,0,-1,-1, -1,-1,2021,30.0,1,2,0,2,1,2,1,,3,AURENCE (RUE DE L'),0,,2,2,0,1,0,0,1,, -1,1,0,1,50,29,9,1,87,87075,2,1,0,2,AURENCE (RUE DE L'),45.81595,1.1742,12,2,2
202100035972,137Â 383,A01,1,1,1,0,2,6,-1,-1, -1,-1,2021,19.0,3,1,0,2,1,12,1,,3,CHARLES DE GAULLE (BD),0,,1,4,0,1,0,0,1,, -1,1,0,1,50,7,6,1,92,92025,2,1,1,2,CHARLES DE GAULLE (BD),48.9179,2.22448,10,2,2
202100016321,172Â 465,A01,1,1,1,5,2,6,-1,0,0,-1,2021,25.0,1,1,13,0,1,1,1,,7,2,0,D,2,2,0,2,28,100,3,, -1,1,0,3,80,25,9,1,13,13042,1,1,0,1,Route de Saint Pons,43.297266,5.632417,11,1,1
202100018009,169Â 441,A01,3,2,2,0,1,0,-1,-1, -1,-1,2021,26.0,1,2,2,0,8,1,1,,3,ESCOSSE CHEMIN D',0,,2,2,0,1,30,778,3,, -1,2,0,1,80,18,9,1,9,9225,1,1,1,6,ESCOSSE CHEMIN D',43.1276,1.60477,17,3,1
202100052139,108Â 513,A01,1,1,1,1,2,8,-1,0,0,-1,2021,54.0,1,1,0,2,1,1,5,,4,QUAI DE LA SEINE,0,,2,2,1,1,(1),(1),1,, -1,1,-1,5,30,8,2,1,75,75119,2,3,0,3,QUAI DE LA SEINE,48.885326,2.37183,10,2,2
202100052678,107Â 569,A01,10,3,1,5,0,-1,-1,2,3,3,2021,12.0,2,2,0,1,2,1,1,,4,ALLEE DES TULIPES,0,,2,2,0,1,(1),(1),1,, -1,2,0,1,50,3,2,1,33,33318,2,3,1,6,AllÃ©e des Tulipes,44.79014,-0.63191,15,2,1
202100039458,131Â 078,A01,1,1,1,2,8,-1,-1,-1, -1,-1,2021,14.0,1,1,0,2,8,5,5,,4,ALL DE BOUTAUT,0,,3,4,1,1,(1),(1),1,, -1,1,0,1,50,18,5,1,33,33069,2,3,0,3,AllÃ©e de Boutaut,44.8680040185,-0.5761106882,15,2,2
202100050306,111Â 779,A01,1,1,1,0,1,-1,-1,-1, -1,-1,2021,20.0,2,2,4,0,3,1,1,,4,CHOULANS (DE)                       (CH),0,,1,2,0,2,(1),(1),2,, -1,2,0,1,50,23,2,1,69,69385,2,1,0,7,CHOULANS (DE) (MO),45.7523441541,4.8162854219,7,1,1
202100022549,161Â 322,A01,2,2,2,4,1,-1,-1,0,0,-1,2021,30.0,0,2,0,9,2,21,6,,7,96,-1,,2,2,0,1,(1),(1),1,, -1,1,0,1,70,27,8,1,13,13074,1,2,0,3,RD96,43.644267,5.554833,11,4,2
202100035396,138Â 446,B01,1,1,1,5,1,-1,-1,0,0,-1,2021,64.0,1,2,0,2,2,1,1,,3,75,-1,D,2,2,0,1,1,400,1,, -1,1,0,1,80,11,6,1,91,91135,1,1,1,3,D75,48.519056,2.464854,12,2,2
202100053716,105Â 718,A01,1,1,1,2,1,0,-1,-1, -1,-1,2021,19.0,1,2,5,2,4,13,1,,3,CHAPTAL (RUE),0,,2,2,0,1,32,660,2,, -1,7,0,1,50,25,1,1,71,71153,2,1,0,2,CHAPTAL (RUE),46.81063,4.42166,7,2,2
202100048675,114Â 749,Z01,10,3,1,2,0,-1,-1,0,1,1,2021,18.0,3,0,0,1,0,17,6,,4,RUE LÃON JOUHAUX,0,,2,2,1,1,(1),(1),1,, -1,1,6,1,50,9,3,1,38,38185,2,1,0,6,Rue LÃ©on Jouhaux,45.17599,5.74513,13,2,1
202100039709,130Â 603,Z01,10,3,1,9,0,-1,-1,3,3,1,2021,41.0,1,2,0,1,2,1,1,,4,RUE DE JOINVILLE,0,,2,2,0,1,(1),(1),1,, -1,1,0,1,30,16,5,1,75,75119,2,3,0,6,RUE DE JOINVILLE,48.889876,2.380065,15,2,1
202100027903,151Â 831,A01,4,2,2,0,1,0,-1,-1, -1,-1,2021,10.0,3,2,0,2,2,15,1,,7,ROGER SALENGRO                      (R ),0,,2,2,0,1,1,600,1,, -1,1,0,1,50,20,7,1,69,69256,2,3,0,7,ROGER SALENGRO (AV),45.74605,4.92698,16,3,1
202100029653,148Â 786,A01,1,1,1,0,2,6,-1,0,0,-1,2021,74.0,1,1,12,0,2,1,1,,3,4,0,,1,1,0,1,(1),(1),1,, -1,1,9,1,30,10,7,5,46,46201,2,1,0,7,47 Boulevard Jacques Chapou,44.337378,1.207836,21,1,1
202100010013,183Â 802,B01,1,1,1,0,8,-1,-1,-1, -1,-1,2021,32.0,1,0,0,2,1,19,3,,4,GENAS    (Route de),0,,2,5,1,1,(1),(1),1,, -1,1,0,1,50,26,10,1,69,69266,2,5,0,3,GENAS (DE) (RTE),45.75207,4.90256,13,2,2
202100047111,117Â 561,A01,1,1,1,5,1,-1,-1,-1,0,-1,2021,38.0,1,2,0,2,1,1,1,,1,AUTOROUTE A15,0,,3,11,0,1,7,199,1,, -1,1,0,1,90,22,3,1,95,95018,1,1,0,2, A15,48.95977,2.27221,14,2,2
202100047146,117Â 495,B01,1,1,1,4,2,8,-1,-1, -1,-1,2021,30.0,1,1,0,2,4,1,1,,3,DORMOY AVENUE MARX NÂ°2 A 100,0,,2,4,0,1,0,1,1,, -1,1,0,1,50,21,3,5,92,92049,2,1,0,2,DORMOY AVENUE MARX NÂ°2 A 100,48.8099853454,2.3199874163,20,2,2
202100030290,147Â 625,A01,3,2,1,5,1,-1,-1,0,0,-1,2021,20.0,2,2,0,0,7,1,1,,3,99,0,,2,2,0,1,8,150,2,, -1,1,0,3,50,4,7,3,37,37094,1,1,0,7,TrÃ©mont,47.0347770645,0.7530377701,3,3,1
202100011913,180Â 431,A01,1,1,2,3,1,-1,-1,0,0,-1,2021,72.0,1,2,13,0,2,13,1,,3,24,0,D,2,2,0,1,19,867,2,, -1,2,0,8,80,20,10,1,41,41073,1,1,1,6,D24,47.901028,1.038896,12,1,1
202100042008,126Â 532,A01,1,1,1,4,2,-1,-1,0,0,-1,2021,29.0,0,1,0,2,1,1,1,,4,QUEBEC (RUE DE),0,,2,3,0,1,(1),(1),1,, -1,1,0,1,50,28,4,1,80,80021,2,1,0,2,QUEBEC (RUE DE),49.87066,2.33292,20,2,2
202100015145,174Â 639,B01,2,2,2,9,1,0,-1,-1, -1,-1,2021,49.0,3,2,0,2,3,19,1,,4,COLBERT  115 A 131   104 A 124 (RUE),0,,1,1,0,1,0,0,1,, -1,1,0,1,50,4,10,1,92,92025,2,9,0,3,COLBERT  115 A 131   104 A 124 (RUE),48.914738377,2.2337367609,10,3,2
202100021530,163Â 159,A01,10,3,1,4,8,-1,-1,6,1,1,2021,72.0,1,2,0,1,1,23,1,,3,108,0,,2,2,0,1,0,600,1,, -1,1,0,3,50,31,8,3,21,21422,2,1,1,6,25 Rue Grillot,47.342687,4.203291,3,1,1
202100024614,157Â 660,A01,10,3,1,5,0,-1,-1,1,3,1,2021,35.0,2,2,0,1,3,1,1,,2,RN7 (secteur Nord),0,,2,2,0,1,87,650,1,, -1,1,0,1,70,11,8,1,26,26198,1,1,0,6,7 Rue Roger Morin,44.57921,4.74492,17,2,1
202100005180,192Â 523,A01,10,3,1,5,0,-1,-1,3,3,2,2021,35.0,1,2,0,1,2,1,1,,3,125,-1,,2,2,0,1,17,200,1,, -1,2,2,1,30,3,12,5,60,60313,2,1,1,6,Rue du 11 Novembre,49.3538218773,2.2426400183,19,2,1
202100013365,177Â 855,B01,1,1,2,1,1,4,-1,-1, -1,-1,2021,27.0,1,2,0,2,4,2,1,,1,AUTOROUTE A10,0,,1,3,0,1,2,911,1,, -1,1,0,1,110,13,10,3,91,91377,1,1,0,4,AUTOROUTE A10,48.7243,2.29917,20,4,4
202100043502,123Â 905,A01,1,1,1,5,2,-1,-1,0,0,-1,2021,18.0,1,1,13,0,3,1,1,,3,44.3,0,D,2,2,0,2,0,800,1,, -1,1,0,3,80,19,4,1,42,42006,1,1,0,6,Route de Saint-Pal,45.370856,3.987737,16,1,1
202100055382,102Â 850,A01,1,1,1,0,2,0,-1,-1, -1,-1,2021,35.0,2,1,0,2,4,18,1,,3,POINT DU JOUR (QUAI DU),0,,2,3,1,1,0,0,1,, -1,2,0,1,50,12,1,1,92,92012,2,3,1,2,POINT DU JOUR (QUAI DU),48.8281490726,2.2536542312,14,2,2
202100027666,152Â 267,B01,1,1,1,0,1,0,-1,-1, -1,-1,2021,71.0,2,2,0,2,3,2,1,,1,6,0,,3,7,0,1,27,600,1,, -1,1,0,1,110,22,7,3,91,91340,1,1,0,2,AUTOROUTE A6,48.602347,2.438146,1,2,2
202100035580,138Â 119,A01,10,3,1,0,0,-1,-1,4,5,2,2021,23.0,1,2,0,1,1,15,1,,3,GENERAL DE GAULLE (AVENUE) (PAIRS),0,,2,4,0,1,0,0,1,, -1,1,0,1,50,9,6,1,92,92036,2,3,0,6,CHEMIN DES RENIERS (AVENUE DU),48.9344816922,2.3208859563,12,2,1
202100018053,169Â 362,A01,1,1,1,1,2,6,-1,0,0,-1,2021,23.0,2,1,0,2,1,17,1,,3,48,-1,,2,2,0,1,4,375,1,, -1,2,0,1,80,20,9,2,71,71430,1,3,1,3,D48,46.802191,4.704721,7,3,2
202100045793,119Â 898,B01,1,1,1,9,8,8,-1,0,0,-1,2021,22.0,1,1,0,2,1,1,1,,4,AVENUE VICTOR HUGO,0,,2,2,0,1,(1),(1),1,, -1,1,0,1,50,29,3,1,75,75116,2,1,0,3,AVENUE VICTOR HUGO,48.871559,2.289835,12,2,2
202100037155,135Â 268,A01,1,1,1,1,1,0,-1,-1, -1,-1,2021,25.0,1,2,0,2,8,1,1,,2,RN104,0,,3,2,0,1,7,0,1,, -1,1,3,1,90,1,6,1,77,77373,1,1,0,2,RN104,48.7739887309,2.6118633742,8,2,2
202100032557,143Â 576,A01,1,1,1,0,1,-1,-1,0,0,-1,2021,42.0,1,2,0,2,3,15,1,,3,44,0,,2,2,0,2,2,290,2,, -1,1,0,1,70,16,4,1,19,19123,1,9,0,3,D44,45.183207,1.579888,19,2,2
202100045784,119Â 912,B01,1,1,1,4,2,6,-1,0,0,-1,2021,38.0,2,1,0,2,8,1,1,,4,ECHANGEUR BERCY,0,,1,2,0,1,(1),(1),2,, -1,1,0,1,50,31,3,1,75,75112,2,4,0,3,ECHANGEUR BERCY,48.828138,2.3921,18,2,2