Num_Acc,id_vehicule,num_veh,place,catu,sexe,trajet,secu1,secu2,secu3,locp,actp,etatp,year_acc,victim_age,senc,catv,obs,obsm,choc,manv,motor,occutc,catr,voie,v1,v2,circ,nbv,vosp,prof,pr,pr1,plan,lartpc,larrout,surf,infra,situ,vma,jour,mois,lum,dep,com,agg_,int,atm,col,adr,lat,long,hour,nb_victim,nb_vehicules
202100007455,188Â 426,B01,1,1,1,0,2,6,-1,-1, -1,-1,2021,36.0,1,1,0,2,3,1,1,,3,LECLERC (AVENU DE LA DIVISION),0,,1,2,0,1,0,1,1,, -1,1,0,1,50,18,11,1,93,93013,2,2,0,3,LECLERC (AVENU DE LA DIVISION),48.93295,2.42367,16,2,2
202100004171,194Â 298,A01,1,1,2,2,1,-1,-1,0,0,-1,2021,19.0,2,2,2,0,3,1,1,,3,938,-1,,2,2,0,1,19,750,1,, -1,7,0,3,80,9,12,3,37,37167,1,1,0,6,,47.5530844886,0.5490079522,7,1,1
202100020004,165Â 878,A01,1,1,2,0,1,-1,-1,0,0,-1,2021,74.0,0,2,0,2,4,1,1,,3,830,-1,,2,2,0,1,21,50,1,, -1,2,0,1,80,10,9,1,27,27568,1,1,1,3,Le Fidelaire RD 830,48.948323,0.887232,14,2,2
202100013809,177Â 012,B01,1,1,1,0,0,-1,-1,-1, -1,-1,2021,21.0,1,1,0,2,8,1,5,,3,ZEPHIR (ROCADE),0,,2,2,0,1,2,500,1,, -1,1,0,1,50,11,10,1,973,97302,2,1,0,3,ZEPHIR (ROCADE),4.9352775531,-52.3081662655,15,2,2
202100036842,135Â 844,B01,1,1,1,9,2,8,-1,0,0,-1,2021,62.0,1,0,0,2,2,1,3,,4,RUE DE REUILLY,0,,2,2,0,1,(1),(1),1,, -1,1,0,1,50,1,6,1,75,75112,2,1,0,3,RUE DE REUILLY,48.84156,2.393512,17,2,2
202100004868,193Â 090,A01,1,1,2,5,8,-1,-1,0,0,-1,2021,77.0,1,2,5,0,1,1,1,,3,163,0,D,2,2,1,1,1,800,1,, -1,2,0,8,80,5,12,1,53,53247,1,1,1,7,La ValiÃ¨re (Tunnel),48.112238,-1.044549,9,2,1
202100035252,138Â 687,A01,1,1,1,5,1,0,-1,-1, -1,-1,2021,29.0,2,2,2,0,3,13,1,,3,CHARLES DE GAULLE (BOULEVARD),0,,1,4,0,2,1,0,3,, -1,1,0,1,70,10,6,5,59,59392,2,1,0,6,CHARLES DE GAULLE (BOULEVARD),50.28239,3.97926,0,3,1
202100046734,118Â 235,B01,1,1,1,0,2,8,-1,-1, -1,-1,2021,61.0,0,1,0,0,0,0,1,,4,CAMILLE GUERIN,0,,1,1,0,4,0,100,1,, -1,1,0,1,50,24,3,1,91,91691,2,3,0,3,CAMILLE GUERIN,48.7149,2.4929,8,2,2
202100007272,188Â 756,A01,1,1,1,5,2,6,-1,-1, -1,-1,2021,32.0,2,1,0,2,7,1,1,,4,BD DU PRESIDENT WILSON,0,,2,4,0,1,(1),(1),1,, -1,1,0,1,50,18,11,5,33,33063,2,7,0,3,BD DU PRESIDENT WILSON,44.84146,-0.59949,5,2,2
202100054071,105Â 095,A01,3,2,1,0,1,0,-1,-1, -1,-1,2021,5.0,2,2,0,2,1,1,1,,4,BULGARIE (BD DE),0,,3,4,0,1,(1),(1),1,, -1,1,0,1,50,22,1,1,35,35238,2,3,0,3,BULGARIE (BD DE),48.08472,-1.65689,11,3,2
202100030722,146Â 844,B01,1,1,1,9,2,0,-1,-1, -1,-1,2021,27.0,1,1,0,2,8,1,1,,4,AUBER (RUE JULES),0,,1,1,0,1,0,0,1,, -1,1,0,8,30,28,6,1,974,97411,2,2,0,3,AUBER (RUE JULES),-20.88372,55.45468,13,2,2
202100026806,153Â 809,B01,1,1,1,0,2,0,-1,0,0,-1,2021,28.0,1,1,0,2,1,1,1,,4,LIBERATION (AVENUE DE LA),0,,2,2,0,1,(1),(1),1,, -1,1,0,1,50,26,7,1,63,63113,2,3,0,3,LIBERATION (AVENUE DE LA),45.75852,3.08111,17,2,2
202100012067,180Â 142,A01,1,1,1,1,1,8,-1,-1, -1,-1,2021,27.0,0,2,1,2,3,1,1,,4,RAYMOND BROSSE,0,,2,2,0,1,0,0,1,, -1,1,0,1,50,20,10,2,93,93079,2,1,0,1,RAYMOND BROSSE,48.9573713266,2.3487782478,7,3,2
202100045676,120Â 094,A01,1,1,1,5,1,-1,-1,0,0,-1,2021,56.0,1,2,0,2,1,17,1,,3,1508,-1,,2,2,0,1,70,970,1,, -1,1,0,1,80,2,4,1,74,74167,1,2,0,2,D1508,45.7645192789,6.3489483014,13,2,2
202100000011,201Â 743,B01,1,1,1,0,8,0,-1,-1, -1,-1,2021,32.0,3,0,0,2,1,26,3,,3,VAILLANT COUTURIER (AVENUE PAUL),0,,2,4,0,1,0,0,3,, -1,1,9,1,50,13,10,1,93,93008,2,2,0,3,CHOUMERY (RUE),48.9074,2.45684,16,2,2
202100044331,122Â 427,B01,7,2,2,5,1,3,-1,0,0,-1,2021,6.0,1,2,0,2,8,26,1,,3,619,-1,,-1,2,0,1,80,0,1,, -1,1,0,1,-1,12,4,1,10,10209,1,2,0,6,route dÃ©partementale 619,48.244068,4.281567,8,3,2
202100032386,143Â 880,A01,2,2,2,5,2,6,9,0,0,-1,2021,49.0,1,1,0,6,1,1,1,,3,1089,0,D,2,2,0,2,60,500,2,, -1,1,0,8,80,26,6,1,42,42159,1,1,0,6,La Jaboulasse,45.832892,3.749127,15,2,1
202100029851,148Â 435,A01,10,3,2,0,0,-1,-1,9,2,1,2021,55.0,0,5,0,1,4,20,1,,6,CAMILLE PELLETAN (RUE),0,,-1,-1,0,1,0,0,1,, -1,1,0,1,50,9,7,1,93,93005,2,1,0,6,Rue Camille Pelletan,48.94304,2.49564,15,2,1
202100003594,195Â 322,A01,1,1,1,1,2,6,-1,-1, -1,-1,2021,60.0,2,1,0,9,2,1,1,,3,RD152 de l'obÃ©lisque Ã  panneau ONF,0,,2,2,0,2,38,752,1,, -1,2,0,1,70,9,12,3,77,77186,1,1,0,6,D152,48.38113,2.65585,6,2,1
202100017851,169Â 711,A01,1,1,1,1,2,6,-1,-1, -1,-1,2021,35.0,1,1,0,2,1,1,1,,3,CAZAUX (BD DE),0,,3,4,1,1,8,670,1,, -1,2,-1,1,90,20,9,1,33,33529,1,1,1,2,,44.56179,-1.15051,8,2,2
202100053760,105Â 646,A01,2,2,2,0,1,0,-1,-1, -1,-1,2021,19.0,2,2,0,2,1,17,0,,4,ROSNY (AVENUE DE),0,,1,2,0,1,0,1,1,, -1,1,5,1,50,25,1,5,93,93077,2,1,0,1,ROSNY (AVENUE DE),48.8852,2.50426,5,3,2
202100019175,167Â 357,A01,1,1,1,0,1,0,-1,-1, -1,-1,2021,34.0,3,2,1,0,2,1,1,,4,RENNES (RUE DE),0,,2,4,1,1,0,0,1,, -1,1,0,1,50,13,9,1,35,35051,2,1,0,6,RENNES (RUE DE),48.11442,-1.60471,11,1,1
202100041190,127Â 973,A01,10,3,1,9,0,-1,-1,2,3,2,2021,8.0,3,2,0,1,2,1,1,,7,,-1,,2,2,0,1,(1),(1),1,, -1,1,0,1,50,7,5,1,38,38229,2,1,0,3,Allee des Centaurees,45.204046,5.764727,18,4,1
202100044346,122Â 405,A01,1,1,1,4,8,-1,-1,0,0,-1,2021,34.0,2,4,3,0,7,14,1,,2,31,-1,,2,4,3,1,28,350,1,, -1,1,0,2,-1,13,4,1,60,60009,1,1,0,6,N31,49.395376,2.118516,15,1,1
202100005523,191Â 923,A01,1,1,1,1,1,0,-1,-1, -1,-1,2021,36.0,1,2,0,2,7,9,1,,7,SAINT MARCEL (BOULEVARD DE ),0,,2,2,0,1,0,0,1,, -1,1,0,1,50,29,11,2,13,13211,2,1,0,3,SAINT MARCEL (BOULEVARD DE ),43.28864,5.45691,18,2,2
202100025295,156Â 445,A01,1,1,2,0,2,6,-1,-1, -1,-1,2021,21.0,2,1,0,0,0,13,1,,2,PORTE ALMA,0,,1,1,0,2,43,189,3,, -1,1,3,1,50,6,8,1,35,35238,1,1,0,7,PORTE ALMA,48.07949,-1.67625,15,1,1
202100027212,153Â 074,B01,1,1,1,9,8,0,-1,-1, -1,-1,2021,22.0,3,1,0,9,1,1,5,,4,RUE DE GAILLAC,0,,2,2,3,1,0,0,1,, -1,1,0,1,50,23,7,1,31,31555,2,1,0,3,RUE DE GAILLAC,43.623922,1.474807,8,2,2
202100012012,180Â 239,A01,10,3,1,5,0,-1,-1,4,3,1,2021,84.0,1,2,0,1,1,9,1,,7,METZ (BOULEVARD DE),0,,2,2,0,1,(1),(1),1,, -1,2,0,1,50,20,10,1,59,59512,2,1,1,6,METZ (BOULEVARD DE),50.702744,3.182172,10,2,1
202100040363,129Â 455,B01,1,1,1,0,2,8,-1,-1, -1,-1,2021,50.0,2,1,0,2,2,2,1,,3,CONSTANS ( RUE PAUL ),0,,2,2,0,1,0,0,1,, -1,1,0,1,50,11,5,1,3,3185,2,3,0,3,CONSTANS ( RUE PAUL ),46.34245,2.59013,8,3,2
202100028948,149Â 982,A01,1,1,1,0,2,6,-1,-1, -1,-1,2021,25.0,2,1,0,2,1,2,1,,1,A13,0,,3,6,0,1,48,1600,1,, -1,1,8,1,110,14,7,5,78,78362,1,1,0,2,A13,48.97933,1.70297,22,5,2
202100018931,167Â 804,B01,1,1,1,0,2,8,-1,-1, -1,-1,2021,50.0,2,1,0,2,1,15,1,,4,PRESIDENT WILSON (BOULEVARD),0,,3,8,3,1,0,0,1,, -1,1,4,1,50,10,9,1,67,67482,2,8,0,1,PRESIDENT WILSON (BOULEVARD),48.58769,7.73883,15,2,2
202100009513,184Â 708,B01,1,1,1,5,0,-1,-1,0,0,-1,2021,17.0,1,1,0,2,1,1,1,,3,,-1,,2,2,0,1,(1),(1),1,,4,2,0,8,50,3,11,5,68,68248,2,3,1,3,rue principale,47.492595,7.391331,19,2,2
202100010608,182Â 769,A01,1,1,1,5,8,-1,-1,0,0,-1,2021,33.0,0,2,2,0,2,11,1,,3,79,0,D,2,2,0,1,(1),(1),1,, -1,1,0,1,80,29,10,3,80,80481,1,1,0,6,Rue de Framerville,49.826976,2.763083,6,1,1
202100004175,194Â 291,B01,1,1,1,1,1,-1,-1,0,0,-1,2021,45.0,2,2,0,2,1,1,1,,3,145,-1,,2,2,0,1,98,150,1,, -1,7,0,1,80,9,12,3,17,17038,1,1,0,1,RD145,45.197091,-0.3293,5,2,2
202100010798,182Â 428,E01,1,1,1,1,1,-1,-1,0,0,-1,2021,24.0,1,2,0,2,1,2,1,,1,35,-1,,3,4,0,1,124,300,1,, -1,1,0,1,90,28,10,2,68,68135,1,1,0,4,A35,47.589413,7.546368,7,6,6
202100044184,122Â 695,B01,2,1,1,0,8,0,-1,-1, -1,-1,2021,38.0,3,1,0,2,3,5,0,,3,106,0,,2,2,1,1,0,0,1,, -1,1,0,1,50,13,4,1,92,92026,2,3,0,3,CIRCULAIRE (BOULEVARD),48.8896486035,2.2501990199,14,2,2
202100011669,180Â 865,B01,1,1,2,0,8,0,-1,-1, -1,-1,2021,44.0,0,1,0,2,1,1,3,,4,SULLY AVENUE,0,,1,1,1,1,1,0,1,, -1,1,0,1,50,22,10,1,93,93046,2,3,0,3,SULLY AVENUE,48.9179,2.52709,8,2,2
202100034308,140Â 410,A01,1,1,1,9,2,6,-1,0,0,-1,2021,31.0,2,1,0,2,7,17,1,,4,RUE MANIN,0,,2,2,0,1,(1),(1),1,, -1,1,0,1,30,14,6,1,75,75119,2,2,0,3,RUE MANIN,48.883008,2.385563,9,2,2
202100041938,126Â 656,A01,1,1,1,2,8,0,-1,-1, -1,-1,2021,46.0,1,1,1,0,1,25,5,,3,R DES ANCIENS COMBATTANTS ,0,,1,1,0,1,1,0,1,, -1,1,0,4,50,30,4,1,94,94016,2,1,0,3,Rue des Anciens Combattants,48.79635,2.33539,8,2,2
202100027262,152Â 991,A01,1,1,1,9,1,-1,-1,0,0,-1,2021,46.0,3,2,16,0,2,0,1,,3,323,0,D,2,2,0,1,7,845,1,, -1,1,0,1,80,25,7,1,89,89255,1,1,0,7,D323,48.303769,3.23768,18,1,1
202100044212,122Â 642,B01,1,1,1,5,2,6,-1,0,0,-1,2021,41.0,1,1,0,2,1,1,1,,3,3,-1,,2,2,0,2,14,600,1,, -1,1,0,1,50,27,3,1,67,67263,2,3,0,6,Route de Bitche,49.004367,7.790133,16,3,2
202100019798,166Â 262,A01,1,1,1,5,1,-1,-1,0,0,-1,2021,20.0,1,2,2,0,1,1,1,,3,25,-1,,2,2,0,1,19,975,1,, -1,1,0,3,70,11,9,2,17,17225,1,1,0,6,D25,45.697997,-1.213131,8,1,1
202100035097,138Â 963,A01,10,3,1,0,0,-1,-1,3,3,1,2021,63.0,2,1,0,1,1,1,1,,4,GENERAL LECLERC (BD DU) DE (61 A 9),0,,2,2,0,1,0,0,1,, -1,1,0,1,50,10,6,1,92,92024,2,2,0,6,GENERAL LECLERC (BD DU) DE (61 A 9),48.9024,2.3139,7,2,1
202100049067,114Â 052,B01,1,1,2,0,1,-1,-1,0,0,-1,2021,74.0,0,2,0,2,1,1,1,,4,EDOUARD BRANLY (RUE),0,,2,2,0,1,(1),(1),1,, -1,1,0,1,50,27,2,1,80,80164,2,1,0,3,EDOUARD BRANLY (RUE),49.89814,2.35457,17,2,2
202100039048,131Â 837,A01,1,1,1,1,2,6,-1,-1, -1,-1,2021,23.0,2,1,0,2,1,1,1,,1,AUTOROUTE A103,0,,1,3,0,1,0,1,1,, -1,1,0,1,90,21,5,1,93,93053,1,1,0,2,AUTOROUTE A103,48.8908853098,2.4730238728,8,2,2
202100021103,163Â 934,B01,1,1,1,5,2,0,-1,-1, -1,-1,2021,22.0,2,1,0,2,1,1,3,,4,JEAN MERMOZ (R),0,,1,1,1,2,1,0,1,, -1,1,0,1,30,3,9,1,94,94042,2,1,0,3,Rue Jean Mermoz,48.82021,2.46575,11,2,2
202100035630,138Â 030,B01,1,1,2,1,2,6,-1,0,0,-1,2021,50.0,1,1,0,2,2,16,1,,7,26,-1,,2,2,0,1,6,136,2,, -1,1,0,1,70,9,6,1,34,34022,1,6,0,3,D26,43.6651708,4.00190949,18,2,2
202100003993,194Â 611,A01,10,3,2,-1,0,-1,-1,3,3,1,2021,68.0,-1,2,0,1,0,1,-1,,4,,-1,,2,-1,-1,1,(1),(1),1,, -1,1,9,1,30,5,12,3,82,82121,2,1,0,6,GAMBETTA (AVENUE),44.01787,1.358994,18,2,1
202100003050,196Â 320,A01,1,1,2,1,1,-1,-1,-1,0,-1,2021,42.0,1,2,0,2,1,12,1,,1,AUTOROUTE A15,0,,3,10,0,2,7,800,1,, -1,1,0,1,110,14,12,2,95,95582,1,1,0,4, A15,48.9631852731,2.264868021,16,3,3
202100036906,135Â 731,A01,1,1,1,3,2,-1,-1,0,0,-1,2021,48.0,3,1,0,0,8,15,1,,6,,-1,,-1,-1,0,1,(1),(1),1,, -1,1,0,8,-1,2,6,1,50,50082,2,1,0,7,39 Route de Valognes,49.476462,-1.621299,18,1,1
202100031851,144Â 821,B01,1,1,1,0,8,0,-1,-1, -1,-1,2021,40.0,2,1,0,2,0,13,3,,4,JACOB MAYER (RUE),0,,2,2,0,1,0,0,3,, -1,1,0,1,30,26,6,1,67,67482,2,1,0,1,JACOB MAYER (RUE),48.5906,7.71973,7,2,2
202100003605,195Â 303,C01,1,1,1,4,1,-1,-1,-1, -1,-1,2021,55.0,1,5,3,2,3,1,1,,3,RD457,0,,2,3,0,2,4,900,2,, -1,2,0,1,70,8,12,2,70,70388,1,1,0,5,RD457,47.60741,6.12929,18,4,4
202100055225,103Â 106,Z01,10,3,2,0,8,8,-1,4,3,1,2021,40.0,1,2,0,1,1,1,0,,4,"""PERI GABRIEL, NR 2  A 114 ET 1 A 133""",0,,2,2,0,1,0,0,1,, -1,2,0,1,50,13,1,5,93,93066,2,1,0,6,"""PERI GABRIEL, NR 2  A 114 ET 1 A 133""",48.9369670513,2.3561277736,6,2,1
202100053133,106Â 767,A01,1,1,1,5,2,-1,-1,0,0,-1,2021,17.0,1,1,0,0,0,0,1,,3,31,0,D,2,2,0,1,2,360,1,, -1,2,0,1,90,31,1,1,61,61467,1,1,0,7,RD 31 PK 2+000,48.471527,0.135397,9,1,1
202100001145,199Â 726,B01,1,1,1,1,2,6,-1,-1, -1,-1,2021,24.0,2,1,0,2,2,3,1,,1,A4,0,,3,4,0,1,9,300,1,, -1,2,1,1,90,29,12,1,94,94017,1,1,1,2,A4,48.8276543997,2.5065243244,10,2,2
202100044259,122Â 553,B01,1,1,1,0,8,0,-1,0,0,-1,2021,29.0,-1,1,0,2,1,19,5,,4,LAFAYETTE (BD),0,,2,4,0,1,(1),(1),1,, -1,1,0,1,50,19,2,1,63,63113,2,1,0,3,LAFAYETTE (BD),45.76727,3.10632,15,2,2
202100015792,173Â 443,A01,1,1,1,1,1,-1,-1,0,0,-1,2021,19.0,2,2,0,2,5,12,1,,1,75,0,A,3,4,0,1,313,125,1,, -1,1,0,2,130,2,8,1,34,34199,1,1,0,3,a75,43.454866,3.43106,13,2,2
202100029570,148Â 935,A01,1,1,1,0,2,-1,-1,-1, -1,-1,2021,31.0,1,1,0,2,1,1,1,,4,SERGENT MICHEL BERTHET (DU)         (R ),0,,2,2,3,2,(1),(1),1,, -1,1,0,1,50,10,7,1,69,69389,2,3,0,3,SERGENT MICHEL BERTHET (DU) (R),45.7669961275,4.8053539151,14,2,2
202100007117,189Â 045,A01,10,3,2,2,0,-1,-1,3,3,1,2021,20.0,1,2,0,1,2,1,1,,4,DROGOU COMMANDANT (DE 1 A 69 ET 2 A 76),0,,2,2,0,3,0,0,1,, -1,1,0,1,50,19,11,2,29,29019,2,1,0,6,Rue du Commandant Drogou,48.404533,-4.496317,7,2,1
202100037575,134Â 498,A01,1,1,1,5,2,0,-1,-1, -1,-1,2021,31.0,1,1,8,0,1,14,1,,4,PIED SEC (RUE DE),0,,2,2,0,2,0,0,1,, -1,1,0,1,50,29,5,5,72,72181,2,1,0,6,PIED SEC (RUE DE),47.98385,0.20336,23,1,1
202100018415,168Â 709,B01,2,2,2,9,1,0,-1,-1, -1,-1,2021,27.0,1,2,0,2,4,23,1,,4,CHARMES (AV DES),0,,1,1,2,1,0,0,1,, -1,1,0,1,50,16,9,1,94,94033,2,3,0,2,CHARMES (AV DES),48.845,2.4572,17,3,2
202100000101,201Â 570,A01,1,1,1,5,2,-1,-1,0,0,-1,2021,83.0,3,1,14,0,1,1,0,,4,,-1,,-1,1,1,1,(1),(1),1,, -1,9,6,5,-1,21,10,1,90,90071,1,1,1,6,voie verte,47.60102,7.006327,16,2,2
202100024400,158Â 070,A01,7,2,2,5,1,-1,-1,0,0,-1,2021,24.0,1,2,0,2,1,11,1,,3,675,0,,2,2,0,1,0,900,1,, -1,1,0,1,90,14,8,1,14,14528,1,1,0,1,D675,49.329557,0.306324,12,7,2
202100025488,156Â 105,B01,1,1,1,1,1,0,-1,-1, -1,-1,2021,36.0,2,2,0,2,1,1,1,,3,GEORGES MELIES (BD),0,,2,2,0,1,(1),(1),1,, -1,1,0,1,50,3,8,1,94,94015,2,6,0,3,GEORGES MELIES (BD),48.8326317603,2.5313727486,9,2,2
202100004687,193Â 397,A01,1,1,2,5,1,-1,-1,-1, -1,-1,2021,81.0,2,2,9,0,1,17,1,,4,GEORGES CLEMENCEAU                  (QU),0,,2,2,0,1,(1),(1),1,, -1,2,0,1,50,2,12,1,69,69034,2,9,1,6,CLEMENCEAU (Q),45.80285,4.84244,10,1,1
202100030850,146Â 618,B01,1,1,1,5,2,6,-1,-1, -1,-1,2021,18.0,2,1,0,2,0,0,0,,4,PAIX AVENUE DE LA,0,,2,1,0,1,0,0,1,, -1,2,0,1,30,4,7,1,9,9225,2,2,1,3,PAIX AVENUE DE LA,43.11088,1.61879,12,2,2
202100013466,177Â 666,B01,1,1,1,5,2,6,-1,0,0,-1,2021,16.0,2,1,0,2,1,1,1,,3,131,0,D,-1,2,0,2,8,140,3,, -1,1,0,1,80,13,10,3,58,58160,1,1,0,3,Route de Corcelles,47.00018,3.0774,20,2,2
202100035737,137Â 834,B01,1,1,1,0,8,0,-1,-1, -1,-1,2021,21.0,3,1,0,2,1,19,5,,4,ROVARCH (AVENUE PIERRE),0,,2,4,0,1,0,0,1,, -1,1,6,6,50,7,6,1,13,13028,2,1,0,3,ROVARCH (AVENUE PIERRE),43.17146,5.60585,16,2,2
202100047794,116Â 322,A01,10,3,1,4,0,-1,-1,9,3,1,2021,46.0,3,4,0,1,4,20,1,,5,ONZE ARPENTS (RUE DES),0,,-1,0,0,1,(1),(1),1,, -1,2,9,8,10,11,3,5,41,41018,1,1,1,7,ONZE ARPENTS (RUE DES),47.61326,1.33763,7,2,1
202100031525,145Â 412,A01,1,1,1,0,2,0,-1,-1, -1,-1,2021,22.0,0,1,0,0,0,2,1,,9,Tunnel Joliette Marseille vers Aubagne,0,,-1,2,0,1,1,0,1,, -1,1,1,1,50,1,7,1,13,13202,1,9,0,7,Tunnel Joliette Marseille vers Aubagne,43.30816,5.36631,19,1,1
202100011775,180Â 663,A01,1,1,1,1,2,5,-1,-1, -1,-1,2021,17.0,2,1,0,2,1,13,1,,3,RD 80,0,,-1,2,0,1,52,500,4,, -1,1,0,1,50,19,7,1,85,85194,1,1,1,1,RD 80,46.5282,-1.75255,7,2,2
202100052280,108Â 259,A01,10,3,1,5,0,-1,-1,3,3,2,2021,76.0,1,2,0,1,2,1,1,,3,24e8,0,D,2,3,0,1,0,700,1,, -1,1,5,1,70,7,2,1,34,34154,1,1,0,6,D24e8,43.624093,4.012097,12,2,1
202100046338,118Â 944,A01,1,1,1,5,2,6,-1,-1, -1,-1,2021,18.0,2,1,9,0,1,1,1,,3,,0,,2,2,0,1,48,844,1,, -1,1,5,1,50,27,3,5,85,85191,2,1,0,6,GUTEMBERG RUE (SECTEUR 311),46.68387,-1.4299,3,1,1
202100024470,157Â 933,A01,1,1,1,4,8,-1,-1,0,0,-1,2021,28.0,0,5,0,0,3,13,0,,3,D140,-1,,2,2,0,1,22,650,1,, -1,1,0,8,80,11,8,1,27,27618,1,1,0,7,D140,48.970537,0.81508,16,1,1
202100015841,173Â 360,A01,1,1,1,0,2,0,-1,-1, -1,-1,2021,65.0,2,1,0,0,3,0,1,,1,A51-Sens Marseille vers Aix en Provence,0,,1,1,0,1,10,342,1,, -1,1,0,1,70,1,10,1,13,13015,1,1,0,7,A51-Sens Marseille vers Aix en Provence,43.467468,5.407419,14,1,1
202100026872,153Â 687,A01,1,1,1,0,1,0,-1,-1, -1,-1,2021,24.0,0,2,0,2,7,1,1,,3,VAILLANT (AVENUE EDOUARD),0,,-1,2,0,1,0,1,1,, -1,1,0,1,50,27,7,1,93,93008,2,3,0,3,VAILLANT (AVENUE EDOUARD),48.91165,2.46491,8,2,2
202100034225,140Â 569,A01,1,1,1,5,8,0,-1,-1, -1,-1,2021,53.0,0,1,13,0,0,1,5,,3,PUY MOULINIER - LIEU DIT,0,,2,2,0,2,0,0,2,, -1,1,0,1,80,13,6,1,87,87114,1,1,0,7,PUY MOULINIER - LIEU DIT,45.85769,1.3251,15,1,1
202100029876,148Â 390,B01,1,1,1,5,1,-1,-1,0,0,-1,2021,59.0,2,2,0,2,3,13,1,,3,107,-1,,2,2,0,2,1,750,3,, -1,1,0,1,80,10,7,3,25,25002,1,1,0,1,D107,47.127359,5.884885,1,4,2
202100045710,120Â 039,A01,1,1,1,3,8,-1,-1,0,0,-1,2021,65.0,1,1,0,0,7,1,1,,7,141,-1,,2,2,0,1,(1),(1),1,, -1,1,0,1,50,1,4,1,59,59250,2,1,0,7,2150 Rue Faidherbe,50.583953,2.901611,16,1,1
202100039910,130Â 250,B01,1,1,1,0,2,6,-1,-1, -1,-1,2021,55.0,1,1,0,2,2,0,1,,7,SIDOINE APPOLINAIRE                 (AV),0,,2,3,0,2,353,300,1,, -1,1,0,1,50,11,5,1,69,69389,2,1,0,3,M6,45.76245,4.80452,17,2,2
202100048376,115Â 284,A01,1,1,1,0,2,8,-1,-1, -1,-1,2021,19.0,3,1,0,2,2,26,1,,3,IMPERIALE - ROUTE,0,,-1,2,0,1,1,0,1,, -1,1,0,1,50,11,3,1,202,202033,2,6,0,3,IMPERIALE - ROUTE,42.6710789074,9.4424310304,10,2,2
202100040781,128Â 717,B01,1,1,1,5,0,-1,-1,0,0,-1,2021,31.0,3,6,0,2,8,26,1,,3,51,-1,D,2,2,0,1,(1),(1),1,, -1,1,0,1,50,9,5,1,8,8262,2,3,0,3,88 Avenue Pasteur,49.53408,4.478212,13,2,2
202100051797,109Â 113,B01,1,1,1,5,1,0,-1,-1, -1,-1,2021,73.0,3,2,0,2,8,15,1,,4,POMPIDOU (AVENUE GEORGES),0,,2,3,0,1,(1),(1),1,, -1,2,0,1,50,10,2,1,37,37261,2,3,0,3,POMPIDOU (AVENUE GEORGES),47.3849855656,0.7102822065,11,2,2
202100019094,167Â 510,A01,1,1,1,1,1,-1,-1,0,0,-1,2021,32.0,2,2,3,2,1,1,1,,3,200,0,D,2,4,0,1,46,600,1,, -1,2,8,1,80,15,9,1,60,60338,1,1,1,5,D200,49.373921,2.780442,9,3,3
202100008291,186Â 899,A01,10,3,1,3,0,-1,-1,1,3,1,2021,20.0,0,1,0,1,1,1,1,,4,,-1,,2,2,0,1,(1),(1),1,,6,1,0,1,50,12,11,4,79,79079,2,1,0,7,53 Rue Sainte Anne,46.926405,-0.750595,18,2,1
202100047537,116Â 793,B01,1,1,1,5,2,0,-1,-1, -1,-1,2021,31.0,1,1,0,2,4,17,1,,4,R HENRI MATISSE,0,,2,2,0,1,1,0,1,, -1,1,0,1,50,18,3,1,94,94028,2,3,0,2,Rue Henri Matisse,48.783033,2.464048,12,2,2
202100031108,146Â 135,B01,1,1,1,0,8,0,-1,-1, -1,-1,2021,29.0,2,1,0,2,0,1,3,,4,VILLEBOIS MAREUIL (BD),0,,1,1,2,1,(1),(1),1,, -1,1,5,1,50,3,7,2,35,35238,2,6,0,3,VILLEBOIS MAREUIL (BD),48.10398,-1.64988,19,2,2
202100000188,201Â 406,A01,1,1,2,5,1,-1,-1,0,0,-1,2021,93.0,1,2,13,0,2,1,1,,3,918,0,D,2,2,0,1,6,167,2,, -1,1,0,3,90,12,11,1,61,61116,1,1,0,7,Lieu Dit le Rivray,48.396581,0.867453,10,1,1
202100052871,107Â 205,B01,1,1,1,0,1,0,-1,-1, -1,-1,2021,28.0,1,2,0,2,1,1,1,,7,132,0,,2,2,0,1,7,500,1,, -1,2,0,1,80,31,1,1,76,76486,1,1,0,1,CÃ´te de la Maison BrÃ»lÃ©e (D132),49.31594,0.98658,12,3,2
202100026101,155Â 038,A01,1,1,2,0,2,6,-1,-1, -1,-1,2021,28.0,2,1,4,0,8,21,1,,1,AUTOROUTE A103,0,,3,8,0,4,0,300,2,, -1,1,0,1,70,1,8,1,93,93053,1,1,0,7,AUTOROUTE A103,48.8876568563,2.4726906697,17,1,1
202100043665,123Â 623,B01,10,3,2,0,0,-1,-1,9,B,1,2021,28.0,1,5,0,1,0,9,0,,3,9,0,,1,2,0,3,0,0,1,, -1,1,0,1,30,17,4,1,92,92026,2,1,0,6,SAINT-DENIS BD DE (01 A 197 / 02 A 118),48.8980437439,2.2638380527,12,3,2
202100034000,140Â 984,A01,10,3,2,5,0,-1,-1,4,3,1,2021,69.0,3,1,0,1,1,1,3,,4,AVENUE JEAN JAURES,0,,2,3,1,1,(1),(1),1,, -1,1,0,5,50,15,6,1,75,75119,2,4,0,6,AVENUE JEAN JAURES,48.88293,2.370733,12,2,1