Num_Acc,id_vehicule,num_veh,place,catu,sexe,trajet,secu1,secu2,secu3,locp,actp,etatp,year_acc,victim_age,senc,catv,obs,obsm,choc,manv,motor,occutc,catr,voie,v1,v2,circ,nbv,vosp,prof,pr,pr1,plan,lartpc,larrout,surf,infra,situ,vma,jour,mois,lum,dep,com,agg_,int,atm,col,adr,lat,long,hour,nb_victim,nb_vehicules
202100042730,125Â 258,A01,1,1,1,5,2,-1,-1,0,0,-1,2021,46.0,1,1,6,0,1,1,6,,3,67,-1,,2,2,0,2,0,490,1,, -1,1,2,3,80,24,4,1,67,67162,1,1,0,6,D67,48.769881,7.482569,17,1,1
202100039207,131Â 540,B01,1,1,2,5,2,6,9,0,0,-1,2021,22.0,2,1,0,2,7,17,1,,3,554,-1,,2,2,0,1,9,500,3,, -1,1,0,1,80,20,5,1,83,83066,1,1,0,3,D554,43.680319,5.843203,12,3,2
202100035852,137Â 611,B01,1,1,1,1,2,6,-1,-1, -1,-1,2021,34.0,2,1,0,2,1,3,1,,1,A50,0,,1,2,0,3,63,770,1,, -1,1,3,1,70,8,6,1,83,83126,1,1,0,3,A50,43.1200738192,5.8516561809,8,2,2
202100038086,133Â 584,A01,1,1,1,5,2,6,-1,0,0,-1,2021,15.0,3,1,2,0,1,1,1,,5,,-1,,-1,1,0,1,(1),(1),1,, -1,2,0,3,80,24,5,1,68,68340,1,1,0,6,chemin oberwald,47.539093,7.140287,16,2,1
202100017277,170Â 771,B01,1,1,1,5,1,-1,-1,0,0,-1,2021,35.0,1,2,0,2,6,1,1,,1,131,-1,A,1,4,0,1,30,500,1,, -1,1,0,1,130,24,9,3,76,76533,1,1,0,3,A131,49.494649,0.266535,20,2,2
202100016766,171Â 648,A01,1,1,1,5,1,-1,-1,-1,0,-1,2021,26.0,1,2,0,2,1,1,1,,3,RD 170 ,0,,3,4,0,1,18,0,1,, -1,1,0,1,90,26,9,3,95,95277,1,1,0,2,RD 170 ,48.97591,2.48224,2,2,2
202100046745,118Â 215,A01,10,3,2,5,0,-1,-1,3,3,1,2021,63.0,2,2,0,1,1,15,1,,4,SAINT GEORGES (RUE),0,,1,1,0,2,(1),(1),1,, -1,1,0,1,50,16,3,1,70,70550,2,1,0,6,SAINT GEORGES (RUE),47.62394,6.1595,8,2,1
202100038402,132Â 996,B01,1,1,1,1,2,6,-1,0,0,-1,2021,57.0,2,1,0,2,3,1,1,,4,BOULEVARD DE CLICHY,0,,1,2,3,1,(1),(1),1,, -1,1,0,1,50,25,5,1,75,75109,2,3,0,3,BOULEVARD DE CLICHY,48.8841,2.330824,13,2,2
202100030216,147Â 756,A01,1,1,1,5,2,6,-1,0,0,-1,2021,48.0,1,1,0,2,7,1,3,,4,PORTE DE SEVRES,0,,1,3,0,1,9,400,1,, -1,1,0,1,70,6,7,1,75,75115,2,1,0,3,PORTE DE SEVRES,48.834768,2.274802,16,2,2
202100025717,155Â 716,A01,5,2,1,5,1,0,-1,-1, -1,-1,2021,21.0,1,2,0,0,1,1,1,,7,NICE (ROUTE DE),0,,2,2,2,1,14,900,2,, -1,1,9,8,70,2,8,3,83,83069,1,1,0,7,NICE (ROUTE DE),43.132,6.171,4,5,1
202100053454,106Â 171,A01,10,3,1,4,0,-1,-1,1,9,3,2021,36.0,0,2,0,1,1,1,1,,4,AMIOT (BOULEVARD FELIX),0,,2,2,0,1,0,0,1,, -1,2,0,1,50,26,1,1,50,50129,2,1,1,6,AMIOT (BOULEVARD FELIX),49.64255,-1.6096,14,3,1
202100037191,135Â 205,B01,1,1,2,1,2,0,-1,-1, -1,-1,2021,28.0,2,0,0,2,1,1,6,,4,LYCEE DE LA COUDOULIERE (AVENUE DU),0,,1,2,1,1,0,0,2,, -1,1,5,1,50,27,5,1,83,83129,2,6,1,6,LYCEE DE LA COUDOULIERE (AVENUE DU),43.0942651398,5.8234977722,10,2,2
202100046286,119Â 043,D01,2,2,2,5,2,-1,-1,0,0,-1,2021,53.0,1,1,0,2,1,1,1,,3,4,0,,2,2,0,2,18,700,1,, -1,1,0,1,80,28,3,1,7,7291,1,1,0,4,CD 4 - Lieu-dit Le Laval,44.400876,4.476217,14,9,5
202100019730,166Â 377,A01,10,3,1,5,0,-1,-1,4,3,1,2021,74.0,2,1,0,1,1,1,1,,4,BOULEVARD DE CLICHY,0,,3,2,0,1,(1),(1),1,, -1,2,0,1,30,10,9,1,75,75109,2,7,1,6,BOULEVARD DE CLICHY,48.882224,2.337695,18,2,1
202100003799,194Â 967,B01,1,1,2,5,1,-1,-1,0,0,-1,2021,30.0,2,2,0,0,1,1,1,,3,65,-1,,2,1,0,1,(1),(1),1,, -1,1,0,1,80,11,12,1,59,59228,1,1,0,2,D65,50.337408,3.094561,12,2,2
202100043056,124Â 713,A01,1,1,1,4,2,6,-1,0,0,-1,2021,41.0,2,1,0,2,4,2,1,,4,RUE MANIN,0,,2,4,0,1,(1),(1),1,, -1,1,0,1,50,20,4,2,75,75119,2,2,0,3,RUE MANIN,48.882245,2.381958,20,3,2
202100022154,162Â 041,A01,1,1,2,0,0,-1,-1,0,0,-1,2021,21.0,3,1,0,0,8,1,1,,4,,-1,,2,2,0,1,(1),(1),1,,4,1,0,1,50,29,8,3,44,44010,2,1,0,7,Rue de la Violette,47.280596,-2.477968,6,1,1
202100042631,125Â 424,A01,1,1,1,9,2,6,9,0,0,-1,2021,19.0,1,1,7,0,1,1,1,,3,7,0,D,1,1,0,1,44,0,1,, -1,1,0,3,80,26,4,1,83,83057,1,1,0,6,Dn7,43.381511,6.185668,15,1,1
202100025074,156Â 836,A01,1,1,1,5,2,6,9,0,0,-1,2021,69.0,2,1,0,2,1,17,1,,3,902,0,D,2,2,0,2,19,431,3,, -1,1,0,1,80,9,8,1,5,5079,1,1,0,1,Col du Lautaret,45.038066,6.402825,16,2,2
202100017623,170Â 119,Z01,10,3,2,2,8,8,-1,3,3,1,2021,15.0,3,2,0,1,0,0,0,,4,BOLLEE (AV) NÂ° PAIRS 64 A 146,0,,2,2,2,1,0,0,1,, -1,1,0,1,50,21,9,1,72,72181,2,1,0,6,BOLLEE (AV) NÂ° PAIRS 64 A 146,48.00064,0.21172,8,2,1
202100017416,170Â 497,A01,1,1,1,9,8,0,-1,-1, -1,-1,2021,15.0,3,1,0,2,1,1,1,,4,,0,,2,2,0,1,0,0,1,, -1,1,0,1,50,22,9,1,91,91286,2,3,0,3,PASTEUR (RUE),48.654208,2.394158,14,2,2
202100037154,135Â 271,A01,1,1,2,1,1,0,-1,-1, -1,-1,2021,39.0,2,2,0,2,1,2,1,,2,A104,0,,3,4,0,4,9,600,1,, -1,1,0,1,90,1,6,1,77,77249,1,1,0,6,A104,48.7506648952,2.614191341,10,4,4
202100026710,153Â 969,B01,1,1,1,1,2,-1,-1,0,0,-1,2021,17.0,1,1,0,2,1,1,1,,3,11,-1,D,2,2,0,2,10,200,1,,"5,5",1,0,1,50,28,7,1,56,56189,2,3,0,3,La Bottine,47.940574,-2.71789,14,2,2
202100014548,175Â 699,A01,10,3,2,0,0,-1,-1,3,3,1,2021,18.0,1,2,0,1,1,15,1,,4,PAUL CAZENEUVE                      (R ),0,,2,2,2,1,(1),(1),1,, -1,1,0,1,50,7,10,1,69,69388,2,3,0,6,PAUL CAZENEUVE (R),45.7340052465,4.8627722729,16,2,1
202100017828,169Â 753,A01,1,1,1,0,2,0,-1,0,0,-1,2021,35.0,1,1,0,2,1,15,1,,7,BERGOUGNAN (AVENUE RAYMOND),0,,2,2,0,1,(1),(1),1,, -1,1,0,1,50,18,9,1,63,63113,2,2,0,3,FONTGIEVE (RUE),45.78221,3.0728,13,2,2
202100053174,106Â 687,A01,10,3,1,9,0,-1,-1,4,3,1,2021,67.0,1,2,0,1,2,16,1,,4,GAMBETTA (AVENUE),0,,2,2,0,1,0,0,1,, -1,1,5,1,50,29,1,1,83,83069,2,2,0,6,GAMBETTA (AVENUE),43.11758,6.12857,10,2,1
202100025708,155Â 732,B01,1,1,1,5,2,-1,-1,-1, -1,-1,2021,27.0,3,1,0,2,8,1,1,,4,JAYR                                (QU),0,,2,3,1,1,(1),(1),1,, -1,3,5,1,50,3,8,1,69,69389,2,2,1,3,HIPPOLYTE JAYR (Q),45.78048,4.80898,17,2,2
202100004903,193Â 026,A01,1,1,1,0,1,0,-1,-1, -1,-1,2021,39.0,1,2,0,2,1,1,1,,1,15,0,,3,8,0,1,5,800,1,, -1,2,0,1,110,4,12,3,92,92036,1,1,1,2,AUTOROUTE A15,48.9492053212,2.2806984183,2,2,2
202100026923,153Â 590,B01,1,1,2,3,1,-1,-1,0,0,-1,2021,41.0,3,2,0,2,8,1,1,,3,9,0,,2,2,0,2,(1),(1),1,,4,1,0,1,80,21,7,1,22,22272,1,2,0,3,D9,48.565703,-3.108294,10,3,2
202100037001,135Â 558,A01,10,3,2,0,0,-1,-1,3,3,1,2021,72.0,2,2,0,1,0,15,1,,4,SIMON (RUE JULES MARIE),0,,1,2,0,1,(1),(1),1,, -1,1,5,4,30,31,5,1,45,45232,2,3,0,6,Rue Jules Marie Simon,47.86493,1.90221,11,2,1
202100047538,116Â 792,Z01,10,3,1,0,8,8,-1,4,3,1,2021,15.0,1,5,0,1,2,10,0,,3,REPUBLIQUE (AVENUE),0,,3,4,0,1,0,1,1,, -1,2,0,1,50,18,3,1,93,93031,2,1,1,6,REPUBLIQUE (AVENUE),48.95272,2.31597,16,2,1
202100005805,191Â 417,A01,1,1,2,5,1,-1,-1,0,0,-1,2021,38.0,2,2,0,2,7,1,1,,3,103,-1,,2,2,0,1,13,397,1,, -1,2,5,1,50,24,11,5,89,89264,2,2,1,3,Grande Rue,48.172804,3.028632,17,5,2
202100019919,166Â 028,A01,1,1,1,0,2,6,-1,-1, -1,-1,2021,34.0,2,1,0,0,3,26,1,,4,ARDOIN(RUE),0,,2,2,0,1,0,0,1,, -1,2,0,1,50,5,9,5,93,93070,2,1,1,7,ARDOIN(RUE),48.91192,2.32492,3,1,1
202100040422,129Â 360,B01,1,1,1,5,2,-1,-1,0,0,-1,2021,58.0,3,1,0,2,1,17,5,,3,123,0,D,2,2,0,2,(1),(1),1,, -1,1,0,1,70,12,5,1,38,38558,1,1,0,1,D123,45.603248,4.919724,12,2,2
202100010312,183Â 274,A01,1,1,2,5,8,0,-1,-1, -1,-1,2021,24.0,1,2,2,0,1,26,1,,4,GAMBETTA,0,,2,2,0,1,1,0,1,, -1,1,0,1,50,29,10,5,49,49007,2,1,0,6,GAMBETTA,47.47655,-0.55399,1,1,1
202100019579,166Â 638,B01,1,1,1,0,8,-1,-1,0,0,-1,2021,38.0,0,1,0,2,1,1,3,,4,,-1,,2,2,0,1,(1),(1),1,,4,1,0,1,-1,11,9,2,973,97304,2,1,0,1,Rue Thomas Guidiglo,5.157347,-52.643539,19,2,2
202100043014,124Â 784,A01,1,1,1,1,2,0,-1,-1, -1,-1,2021,37.0,2,1,14,2,9,1,1,,3,LUIS MARIANO ( RUE-ROND POINT)),0,,2,2,0,1,0,750,1,, -1,1,9,1,50,21,4,1,64,64122,2,1,0,7,LUIS MARIANO ( RUE-ROND POINT)),43.4594239142,-1.5424235716,7,1,1
202100014316,176Â 113,A01,1,1,2,5,1,-1,-1,-1, -1,-1,2021,23.0,2,2,0,2,2,16,0,,4,BANNIERE (DE LA)                    (R ),0,,1,1,0,1,(1),(1),1,, -1,1,0,1,50,8,10,5,69,69383,2,3,0,3,BANNIERE (DE LA) (R),45.75655,4.85571,3,2,2
202100042735,125Â 249,B01,1,1,1,5,2,6,-1,0,0,-1,2021,55.0,2,1,0,2,3,1,1,,3,910,-1,,2,2,0,1,8,725,3,, -1,1,0,1,80,25,4,1,74,74225,1,1,0,3,Route dÃ©partementale 910,45.881636,5.935256,16,2,2
202100051659,109Â 353,B01,1,1,1,5,2,0,-1,-1, -1,-1,2021,16.0,3,1,0,2,1,1,1,,4,DE LATTRE DE TASSIGNY (BOULEVARD),0,,2,2,0,1,0,0,1,, -1,1,0,1,50,5,2,1,30,30351,1,1,0,3,DE LATTRE DE TASSIGNY (BOULEVARD),43.968422,4.780694,15,3,2
202100034891,139Â 350,B01,1,1,1,5,2,6,-1,0,0,-1,2021,34.0,1,1,0,0,1,1,1,,3,48,-1,,2,2,0,2,7,45,3,, -1,1,0,1,80,13,6,1,68,68298,1,1,0,3,D48,48.200595,7.121775,17,2,2
202100017816,169Â 773,A01,1,1,2,5,1,-1,-1,-1, -1,-1,2021,56.0,2,2,1,0,1,1,1,,4,VALLEE (RUE DE LA),0,,2,2,0,1,0,0,1,, -1,1,0,1,50,20,9,5,76,76351,2,1,0,6,VALLEE (RUE DE LA),49.49451,0.15393,1,1,1
202100052166,108Â 467,A01,1,1,1,4,2,6,-1,0,0,-1,2021,27.0,1,1,0,2,1,1,1,,2,22,-1,,2,2,0,1,4,880,1,, -1,1,0,1,70,8,2,2,201,201271,2,1,0,3,Baleone,41.9559969186,8.7978282273,16,2,2
202100035710,137Â 880,B01,1,1,1,3,2,0,-1,0,0,-1,2021,50.0,3,1,0,9,8,1,1,,4,,0,,2,2,1,1,(1),(1),3,, -1,1,0,5,50,4,6,1,54,54265,1,1,0,3,,48.64152,6.18231,18,2,2
202100008783,186Â 047,B01,1,1,1,5,2,-1,-1,0,0,-1,2021,37.0,2,1,0,2,2,17,1,,4,,0,,2,2,0,1,(1),(1),1,,4,1,0,1,50,10,11,2,35,35176,2,3,0,3,Rue du Clos Saint-Augustin,47.817034,-1.814675,17,2,2
202100003505,195Â 481,B01,1,1,2,0,1,5,-1,-1, -1,-1,2021,60.0,1,2,0,2,4,1,1,,1,BDL,0,,1,2,0,1,1,0,3,, -1,1,0,1,70,10,12,3,93,93027,1,1,0,4,BDL,48.92881,2.40306,21,3,3
202100027186,153Â 124,B01,1,1,1,0,2,0,-1,-1, -1,-1,2021,30.0,1,1,0,2,1,1,1,,4,CLAIN (CHEMIN),0,,2,1,0,2,0,0,3,, -1,1,0,1,50,24,7,1,974,97416,2,1,0,7,CLAIN (CHEMIN),-21.293493,55.46405,16,2,2
202100027617,152Â 359,A01,1,1,1,5,2,6,-1,0,0,-1,2021,51.0,1,1,0,2,1,1,1,,3,33,0,D,2,2,0,1,0,900,1,, -1,1,0,1,80,22,7,2,55,55085,1,1,0,1,D 33,48.830222,5.707687,18,2,2
202100054578,104Â 218,A01,10,3,1,2,0,-1,-1,3,3,1,2021,17.0,3,2,0,1,1,1,1,,4,FRANCOIS MAURIAC ,0,,2,2,0,1,(1),(1),1,, -1,1,0,1,50,18,1,5,62,62193,2,1,0,6,FRANCOIS MAURIAC ,50.95709,1.89805,17,2,1
202100006551,190Â 091,A01,10,3,1,0,0,-1,-1,3,3,1,2021,23.0,2,2,0,1,2,1,1,,2,JEAN JAURES ( AVENUE ),0,,2,2,0,1,38,324,1,, -1,1,0,1,50,19,11,1,5,5061,2,1,0,6,JEAN JAURES ( AVENUE ),44.55456,6.07432,16,2,1
202100030090,147Â 994,B01,1,1,1,5,2,-1,-1,0,0,-1,2021,64.0,2,1,0,0,8,1,5,,3,126,0,,2,2,0,1,0,300,2,, -1,1,0,1,50,8,7,1,4,4006,2,1,0,3,RD 126,44.291122,6.569387,9,2,2
202100025031,156Â 912,B01,1,1,2,0,1,-1,-1,0,0,-1,2021,25.0,2,2,0,2,2,1,1,,3,128,-1,D,2,2,0,1,0,950,1,, -1,1,2,1,50,9,8,1,38,38239,2,1,0,3,Route de Saint Jean,45.332297,5.566764,15,3,2
202100007204,188Â 877,A01,1,1,1,9,2,8,-1,-1, -1,-1,2021,55.0,1,1,0,2,2,1,1,,4,TRESPOEY DE,0,,2,0,0,1,0,0,1,, -1,1,0,1,50,17,11,1,64,64445,2,2,0,3,EDOUARD 7,43.29828,-0.35833,10,2,2
202100030643,146Â 985,B01,1,1,2,1,1,-1,-1,0,0,-1,2021,25.0,2,2,0,2,4,23,1,,3,579,0,,2,2,0,1,14,400,1,, -1,1,0,1,30,5,7,1,14,14514,2,1,0,4,D579,49.297272,0.187736,9,3,3
202100037220,135Â 150,B01,1,1,2,3,1,0,-1,0,0,-1,2021,74.0,2,2,0,2,1,15,1,,7,MALINTRAT (RTE DE ),0,,2,2,0,1,(1),(1),1,, -1,1,0,1,50,29,5,1,63,63164,2,2,0,2,D2 MALINTRAT (RTE DE )/VC,45.81382,3.16094,11,2,2
202100034508,140Â 044,B01,1,1,1,4,1,-1,-1,0,0,-1,2021,33.0,1,5,0,2,3,1,1,,3,806,0,,2,2,0,1,84,160,3,, -1,1,0,1,70,15,6,1,48,48042,1,1,0,1,RD806 - Croux de Bayle,44.544125,3.504263,8,2,2
202100050227,111Â 932,A01,1,1,2,5,8,0,-1,-1, -1,-1,2021,56.0,3,1,0,0,0,0,6,,4,GAMBETTA (AV),0,,2,2,0,1,1,0,1,, -1,1,0,1,30,25,2,1,94,94077,2,1,0,7,GAMBETTA (AV),48.72888,2.42835,14,1,1
202100007583,188Â 184,B01,2,2,2,5,1,-1,-1,-1, -1,-1,2021,32.0,0,2,0,2,4,1,1,,7,ROCHES. ROUTE DES (CD 18),0,,2,2,0,1,17,100,1,, -1,2,0,1,50,14,11,5,76,76486,2,1,0,2,ROCHES. ROUTE DES (CD 18),49.322,1.014,20,3,2
202100007358,188Â 600,A01,10,3,2,2,0,-1,-1,3,3,1,2021,5.0,1,2,0,1,2,1,1,,3,GENERAL DE GAULLE (AV DU),0,,2,3,0,1,0,0,1,, -1,1,0,1,50,19,11,1,94,94017,2,1,0,6,GENERAL DE GAULLE (AV DU),48.82368,2.4968,16,2,1
202100056433,101Â 026,Z01,10,3,2,0,8,8,-1,4,3,1,2021,64.0,1,2,0,1,2,26,0,,3,WILSON (AVENUE DU PRESIDENT),0,,1,2,3,1,0,1,1,, -1,1,9,1,50,2,1,1,93,93066,2,1,0,6,WILSON (AVENUE DU PRESIDENT),48.912,2.358,16,2,1
202100005798,191Â 428,A01,1,1,1,1,8,-1,-1,0,0,-1,2021,33.0,2,2,0,0,0,0,1,,3,25,0,D,2,2,0,1,10,500,1,, -1,1,0,8,50,29,11,3,60,60176,2,1,0,7,D25,49.224971,2.90523,3,1,1
202100005244,192Â 409,A01,10,3,2,9,0,-1,-1,3,3,1,2021,16.0,3,2,0,1,1,1,1,,4,LAFAYETTE (AVENUE DE),0,,2,2,2,2,(1),(1),3,, -1,1,0,1,50,29,11,2,86,86194,2,1,0,6,Avenue de Lafayette,46.57613,0.372427,17,2,1
202100049207,113Â 799,A01,1,1,2,4,1,-1,-1,-1,0,-1,2021,59.0,1,5,0,2,1,1,1,,1,AUTOROUTE A15,0,,3,9,0,1,22,600,1,, -1,1,0,1,110,5,3,1,95,95572,1,1,0,5, A15,49.0351878619,2.099002833,15,3,3
202100024110,158Â 563,A01,10,3,2,0,0,-1,-1,2,3,1,2021,5.0,2,2,0,0,3,1,1,,7,CHARLES PLASSE                      (R ),0,,2,3,0,1,61,400,1,, -1,1,0,1,50,14,8,2,69,69199,2,1,0,6,CHARLES PLASSE (R),45.70863,4.85463,22,2,1
202100026196,154Â 870,B01,1,1,1,5,0,-1,-1,0,0,-1,2021,9.0,3,1,0,2,2,19,5,,4,32,-1,A,2,2,0,1,(1),(1),1,, -1,2,0,1,80,31,7,2,38,38195,1,1,1,1,Route des Deveys,45.1522,5.369786,20,2,2
202100038900,132Â 098,A01,1,1,1,5,2,0,-1,-1, -1,-1,2021,35.0,3,1,0,0,1,2,1,,4,JENNER (PLACE),0,,1,2,0,2,(1),(1),2,, -1,1,1,1,50,21,5,5,76,76351,2,1,0,6,JENNER (PLACE),49.508324,0.136171,3,1,1
202100009316,185Â 052,A01,1,1,1,1,2,6,-1,-1, -1,-1,2021,62.0,0,1,0,2,1,18,1,,4,ANDRE KARMAN (RUE)  => 136/143,0,,1,1,0,1,0,0,1,, -1,1,0,1,50,5,11,1,93,93001,2,1,0,2,ANDRE KARMAN (RUE)  => 136/143,48.90473,2.3839,11,2,2
202100001602,198Â 942,C01,1,1,2,0,1,-1,-1,-1, -1,-1,2021,61.0,1,2,0,2,1,1,1,,4,SOUYS (QUAI DE LA),0,,2,3,3,1,(1),(1),3,, -1,1,0,1,50,22,12,1,33,33167,2,1,0,5,Quai de la Souys,44.82278,-0.53284,16,5,3
202100045066,121Â 176,A01,1,1,1,5,1,-1,-1,0,0,-1,2021,42.0,2,2,10,0,1,13,1,,3,12,-1,,2,2,0,1,38,650,1,, -1,1,0,3,80,2,4,1,31,31442,1,1,0,6,18 Route de Caujac,43.331057,1.437537,7,1,1
202100048532,115Â 004,A01,1,1,1,5,2,6,-1,-1, -1,-1,2021,17.0,1,1,0,2,7,15,1,,4,LAC MARION (AVENUE DU),0,,2,2,0,1,0,0,1,, -1,1,0,1,30,10,3,1,64,64122,2,1,0,3,LAC MARION (AVENUE DU),43.47024,-1.55454,15,2,2
202100037545,134Â 551,B01,1,1,1,5,1,0,-1,-1, -1,-1,2021,66.0,2,2,0,2,4,1,1,,1,6,0,,3,10,0,1,26,200,1,, -1,1,0,1,110,30,5,1,91,91228,1,1,0,2,AUTOROUTE A6,48.62135,2.42416,7,2,2
202100028883,150Â 094,B01,1,1,1,9,1,8,-1,-1, -1,-1,2021,50.0,2,2,0,2,4,2,1,,3,910,0,,3,4,0,1,0,0,1,, -1,1,0,1,50,15,7,1,92,92012,2,1,0,4,GENERAL LECLERC (AVENUE DU) 1/33 - 2/58,48.8331071578,2.2419183385,8,3,3
202100023058,160Â 404,A01,1,1,2,5,8,8,-1,-1, -1,-1,2021,80.0,1,1,0,2,1,13,5,,4,MEZ (RORH),0,,2,2,0,1,(1),(1),2,, -1,2,0,1,50,24,7,1,56,56162,1,1,0,3,MEZ (RORH),47.70648,-3.41443,17,2,2
202100051762,109Â 179,A01,1,1,1,1,2,-1,-1,0,0,-1,2021,46.0,1,1,14,0,1,6,1,,7,1532,-1,D,2,2,0,1,49,500,1,, -1,2,9,1,50,10,2,3,38,38474,2,1,0,6,Avenue de Valence,45.22799,5.651663,7,1,1
202100030736,146Â 820,B01,2,2,1,5,1,-1,-1,-1, -1,-1,2021,46.0,1,2,0,2,2,1,1,,4,ABONDANCE (DE L')                   (R ),0,,1,1,0,1,(1),(1),1,, -1,1,0,1,50,3,7,5,69,69383,2,2,0,3,ABONDANCE (DE L') (R),45.7534,4.85027,23,4,2
202100002014,198Â 192,A01,1,1,1,0,2,6,-1,0,0,-1,2021,24.0,3,1,0,2,1,1,1,,7,FLAUBERT (BD GUSTAVE),0,,3,4,0,1,(1),(1),1,, -1,1,0,1,50,17,12,5,63,63113,2,5,0,3,FLAUBERT (BD GUSTAVE),45.77296,3.12096,17,2,2
202100042094,126Â 390,A01,1,1,1,1,2,6,-1,0,0,-1,2021,44.0,1,1,0,2,3,9,1,,2,12,0,N,3,4,0,1,28,0,1,, -1,1,0,1,110,29,4,1,61,61404,1,9,0,3,RN 12 - PK 28,48.533203,0.511465,13,2,2
202100055175,103Â 191,B01,2,2,1,1,1,-1,-1,-1, -1,-1,2021,37.0,1,2,0,2,3,2,1,,3,LAON (AVENUE) DU NÂ° 2 A 60 (PAIR),0,,2,2,3,1,16,850,1,, -1,2,5,1,50,13,1,3,51,51454,2,5,1,3,Avenue de Laon,49.2652400849,4.0263016345,17,3,2
202100024284,158Â 264,B01,3,2,1,5,1,0,-1,-1, -1,-1,2021,35.0,1,2,7,2,2,1,1,,4,AV DE LATTRE DE TASSIGNY,0,,1,4,0,1,(1),(1),1,, -1,1,0,1,50,13,8,5,31,31555,2,1,0,3,AV DE LATTRE DE TASSIGNY,43.5774,1.43647,2,4,2
202100034558,139Â 950,A01,10,3,2,1,0,-1,-1,2,2,1,2021,29.0,3,2,0,1,4,4,1,,6,AV ANATOLE FRANCE,0,,-1,-1,0,1,(1),(1),1,, -1,1,0,1,50,10,6,1,95,95268,2,1,0,6,AV ANATOLE FRANCE,48.975534,2.389378,18,2,1
202100023690,159Â 272,A01,1,1,1,0,8,0,-1,-1, -1,-1,2021,19.0,3,1,0,2,8,9,5,,4,RESISTANCE (RUE DE LA),0,,2,2,0,2,0,1,1,, -1,1,0,1,50,16,8,1,74,74012,2,1,0,6,RESISTANCE (RUE DE LA),46.19714,6.25314,18,3,3
202100047501,116Â 854,A01,1,1,1,0,2,6,-1,-1, -1,-1,2021,26.0,2,1,0,2,1,1,1,,4,BD GODARD,0,,3,6,0,1,(1),(1),1,, -1,1,0,1,50,18,3,1,33,33069,2,2,0,3,Boulevard Godard,44.85938,-0.58947,17,2,2
202100047720,116Â 447,A01,10,3,2,3,0,-1,-1,2,9,1,2021,65.0,3,2,0,1,2,2,1,,6,AMIRAL LEMONNIER (AVENUE DE L'),0,,-1,-1,0,1,(1),(1),1,, -1,1,6,1,10,8,3,1,78,78372,2,1,0,6,AMIRAL LEMONNIER (AVENUE DE L'),48.87919,2.09981,11,2,1
202100026759,153Â 890,B01,1,1,1,4,0,-1,-1,0,0,-1,2021,54.0,2,4,0,2,1,26,1,,1,A57,0,,1,1,0,1,2,599,1,, -1,1,3,1,50,28,7,2,83,83144,1,1,0,6,A57,43.13349,5.98476,6,2,2
202100051311,109Â 954,B01,1,1,1,4,1,0,-1,0,0,-1,2021,52.0,2,2,0,2,4,23,1,,4,PORTE D AUBERVILLIERS,0,,1,4,0,1,24,0,1,, -1,1,0,1,70,15,2,1,75,75119,2,1,0,2,PORTE D AUBERVILLIERS,48.90073,2.372563,7,2,2
202100000601,200Â 628,A01,1,1,1,0,8,-1,-1,0,0,-1,2021,27.0,2,1,0,2,1,1,0,,3,0,0,A,1,1,0,1,0,0,1,, -1,1,0,1,50,31,12,5,974,97414,2,1,0,2,Rue Saint Louis,-21.288273,55.412193,18,2,2
202100048724,114Â 666,A01,1,1,1,5,2,6,-1,0,0,-1,2021,16.0,3,1,13,0,1,1,1,,3,125,0,D,2,2,0,1,25,600,3,, -1,1,0,3,80,5,3,3,49,49082,1,1,0,7,Saint Charles,47.3284834785,-0.7266735576,1,1,1
202100020135,165Â 634,B01,1,1,2,1,2,6,-1,-1, -1,-1,2021,49.0,1,1,0,2,4,0,1,,3,989,0,,1,2,0,1,63,0,1,, -1,1,0,1,30,8,9,1,92,92040,2,1,0,2,VICTOR CRESSON (AVENUE) DU 29 AU 77,48.8215454028,2.2628325723,17,2,2
202100014006,176Â 668,B01,1,1,1,4,2,0,-1,-1, -1,-1,2021,31.0,1,1,0,2,4,15,1,,4,DE ROUX (BD ET IMPASSE),0,,2,2,0,2,0,0,1,, -1,1,0,1,50,9,10,5,13,13204,2,1,0,2,DE ROUX (BD ET IMPASSE),43.306,5.406,23,2,2
202100046579,118Â 513,B01,1,1,1,9,2,-1,-1,0,0,-1,2021,23.0,1,1,0,2,1,21,1,,4,SAINT LEU (RUE),0,,1,1,0,1,(1),(1),1,, -1,1,0,1,50,23,3,1,80,80021,1,1,0,2,SAINT LEU (RUE),49.8971823554,2.3006916046,11,2,2
202100007450,188Â 437,A01,1,1,1,5,1,0,-1,-1, -1,-1,2021,65.0,2,2,4,0,1,1,1,,3,LOUIS BLANC (AV),0,,2,2,0,1,16,0,1,, -1,1,8,1,30,17,11,5,94,94068,2,1,0,6,Avenue Louis Blanc,48.79659,2.50078,18,1,1
202100006195,190Â 737,A01,1,1,1,5,1,0,-1,-1, -1,-1,2021,22.0,1,2,4,0,8,1,1,,1,AUTOROUTE A6,0,,1,3,0,1,33,319,1,, -1,1,0,3,110,26,11,3,91,91179,1,1,0,7,AUTOROUTE A6,48.56675,2.47324,0,1,1
202100028800,150Â 240,A01,1,1,1,0,2,8,-1,-1, -1,-1,2021,17.0,1,1,0,0,0,0,1,,3,49,0,,2,2,0,1,0,0,2,, -1,3,0,1,50,14,7,4,91,91223,2,1,0,7,MARC SANGNIER (RUE),48.4176,2.14828,5,1,1
202100033654,141Â 612,B01,1,1,1,0,8,0,-1,-1, -1,-1,2021,73.0,2,1,0,2,1,15,5,,4,MICHELET (R),0,,2,-1,0,1,0,0,1,, -1,1,0,1,50,14,6,1,94,94041,2,1,0,2,MICHELET (R),48.80779,2.37733,13,2,2