Num_Acc,id_vehicule,num_veh,place,catu,sexe,trajet,secu1,secu2,secu3,locp,actp,etatp,year_acc,victim_age,senc,catv,obs,obsm,choc,manv,motor,occutc,catr,voie,v1,v2,circ,nbv,vosp,prof,pr,pr1,plan,lartpc,larrout,surf,infra,situ,vma,jour,mois,lum,dep,com,agg_,int,atm,col,adr,lat,long,hour,nb_victim,nb_vehicules
202100036931,135Â 692,B01,1,1,2,5,1,0,-1,-1, -1,-1,2021,31.0,2,2,0,2,1,2,1,,1,A515CD-Gardanne vers A51-Marseille,0,,1,3,0,1,0,800,1,, -1,1,0,1,110,2,6,1,13,13015,1,1,0,2,A515CD-Gardanne vers A51-Marseille,43.42877,5.40066,16,2,2
202100035208,138Â 766,A01,1,1,1,1,2,2,-1,0,0,-1,2021,50.0,2,1,0,2,1,1,1,,1,VOIE DE DEGAGEMENT OUEST,0,,3,4,0,1,0,0,1,, -1,1,0,1,70,10,6,1,988,98818,2,1,0,2,VE1 SENS NORD/SUD,-22.25657,166.4487,7,2,2
202100052136,108Â 519,A01,2,2,2,5,1,0,-1,0,0,-1,2021,33.0,2,2,4,0,1,13,1,,4,ECHANGEUR BAGNOLET,0,,1,4,0,1,(1),(1),1,, -1,2,0,1,70,7,2,1,75,75120,2,1,1,6,ECHANGEUR BAGNOLET,48.8631949487,2.4140685797,13,2,1
202100033703,141Â 521,B01,1,1,1,5,1,-1,-1,0,0,-1,2021,61.0,2,2,0,2,1,1,1,,3,150,-1,,2,2,0,1,7,954,4,, -1,2,0,1,80,18,6,1,76,76183,1,1,1,1,D150,49.744617,0.472562,16,2,2
202100022774,160Â 890,A01,1,1,2,1,1,0,-1,-1, -1,-1,2021,19.0,2,2,0,2,3,2,1,,1,A104,0,,3,-1,0,1,15,300,1,, -1,1,0,1,90,24,8,1,77,77514,1,1,0,2,A104,48.9375437675,2.6282110205,10,2,2
202100028990,149Â 907,B01,1,1,1,9,8,0,-1,0,0,-1,2021,56.0,2,1,0,2,1,1,5,,4,RUE LA FAYETTE,0,,2,1,1,1,(1),(1),1,, -1,1,0,5,50,14,7,1,75,75109,2,2,0,1,RUE LA FAYETTE,48.875817,2.343716,18,2,2
202100012675,179Â 059,A01,1,1,1,5,1,0,-1,0,0,-1,2021,45.0,1,2,1,0,7,15,1,,4,RUE CHANEZ,0,,1,1,0,1,(1),(1),1,, -1,1,0,1,50,17,10,5,75,75116,2,3,0,6,RUE CHANEZ,48.84533,2.25886,0,1,1
202100006012,191Â 049,B01,1,1,1,0,2,0,-1,-1, -1,-1,2021,25.0,-1,1,0,2,7,0,1,,3,STALINGRAD AV.,0,,-1,2,0,1,0,1,1,, -1,2,0,1,15,27,11,5,93,93006,2,2,0,3,STALINGRAD AV.,48.8742,2.428,17,2,2
202100029518,149Â 030,A01,2,2,2,5,8,-1,-1,0,0,-1,2021,49.0,2,2,3,2,1,1,1,,1,10,-1,,3,4,0,1,446,251,1,,10,2,0,1,130,12,7,3,17,17444,1,1,1,2,Autoroute A10 PK 446.500,45.691848,-0.647657,0,6,2
202100038790,132Â 278,B01,1,1,1,9,2,0,-1,-1, -1,-1,2021,24.0,1,1,0,2,3,1,0,,3,REPUBLIQUE (AVENUE),0,,3,4,0,1,0,0,1,, -1,1,0,1,50,22,5,1,93,93031,2,3,0,3,REPUBLIQUE (AVENUE),48.9515,2.32077,19,2,2
202100029265,149Â 451,A01,2,2,2,5,1,8,-1,-1, -1,-1,2021,40.0,0,2,0,2,1,1,1,,4,TROUBIRAN (CHEMIN DE),0,,2,1,0,1,(1),(1),1,, -1,2,0,1,50,11,7,1,973,97302,2,1,1,3,TROUBIRAN (CHEMIN DE),4.91669566,-52.30904195,7,3,2
202100047432,116Â 983,A01,1,1,1,5,2,6,9,0,0,-1,2021,21.0,2,1,0,2,1,1,1,,3,121,0,,2,2,0,1,111,50,2,, -1,1,0,1,80,20,3,2,50,50082,1,1,0,1,Le Hameau des Fontaines St (Saint-Martin-le-HÃ©bert),49.507499,-1.620322,18,3,2
202100047522,116Â 820,A01,10,3,2,9,0,-1,-1,5,9,2,2021,37.0,3,2,0,1,5,1,1,,4,AVENUE DE LA PORTE DU PRE SAINT GERVAIS,0,,2,2,0,2,(1),(1),2,, -1,2,0,4,30,18,3,1,75,75119,2,1,1,6,AVENUE DE LA PORTE DU PRE SAINT GERVAIS,48.8795255996,2.4015881769,16,2,1
202100012248,179Â 829,A01,1,1,2,1,2,0,-1,0,0,-1,2021,48.0,1,1,0,1,1,1,5,,4,BOULEVARD EXELMANS,0,,3,2,1,1,(1),(1),1,, -1,1,0,5,30,19,10,1,75,75116,2,1,0,6,BOULEVARD EXELMANS,48.841433,2.263454,17,2,1
202100049378,113Â 498,B01,1,1,2,0,2,-1,-1,-1, -1,-1,2021,59.0,3,1,0,2,1,1,0,,3,TARARE (route de),0,,2,2,0,1,2,700,1,, -1,1,0,1,70,1,3,1,69,69092,1,3,0,2,TARARE (DE) (RTE),45.97957,4.68124,17,2,2
202100054146,104Â 965,B01,2,2,2,5,2,6,-1,0,0,-1,2021,25.0,1,1,0,2,1,1,1,,3,28,0,D,2,2,0,1,12,700,1,, -1,1,0,1,80,23,1,1,29,29117,1,1,0,1,D28 - Kerazan,48.5687320361,-4.4991374017,16,4,2
202100041693,127Â 083,Z01,10,3,1,9,0,-1,-1,5,1,1,2021,30.0,0,1,0,1,1,25,3,,4,BOULEVARD BOURDON,0,,1,1,0,1,(1),(1),1,, -1,1,0,4,50,2,5,1,75,75104,2,3,0,6,RUE MORNAY,48.849333,2.366571,10,2,1
202100027312,152Â 905,B01,1,1,1,5,1,-1,-1,-1,0,-1,2021,19.0,1,2,0,2,4,2,1,,1,AUTOROUTE A15,0,,3,8,0,1,20,399,2,, -1,1,0,1,90,24,7,1,95,95572,1,1,0,2,A15,49.02817,2.12829,10,2,2
202100011177,181Â 751,A01,1,1,1,0,0,-1,-1,0,0,-1,2021,22.0,1,2,6,0,1,1,1,,3,133,0,,2,1,0,1,23,10,2,, -1,1,0,8,50,19,10,1,33,33339,2,1,0,6,La Croix Blanche,45.039313,-0.495313,11,1,1
202100013199,178Â 144,A01,1,1,1,0,1,4,-1,-1, -1,-1,2021,82.0,1,2,0,2,1,2,1,,1,13,0,,3,3,0,1,7,599,1,, -1,1,0,1,110,14,10,5,92,92047,1,1,0,2,A13,48.8337781136,2.1637831213,6,2,2
202100011403,181Â 339,A01,1,1,1,5,1,0,-1,-1, -1,-1,2021,87.0,3,2,0,2,1,1,1,,3,RD33,0,,2,2,0,1,1,0,1,, -1,1,0,1,80,23,10,1,11,11069,1,1,0,2,RD33,43.2337,2.2659,9,3,2
202100038265,133Â 250,A01,1,1,1,1,2,6,-1,0,0,-1,2021,55.0,1,1,3,2,1,2,1,,7,820,0,,3,4,0,1,11,520,1,, -1,1,0,1,90,27,5,1,31,31293,1,1,0,2,D820,43.71702,1.386606,7,2,2
202100040518,129Â 182,B01,2,2,2,0,1,0,-1,-1, -1,-1,2021,28.0,1,2,0,2,3,1,1,,3,BD JEAN MERMOZ,0,,1,1,0,1,0,0,1,, -1,1,0,1,30,9,5,1,94,94021,2,1,0,6,JEAN MERMOZ (BD),48.7686972359,2.3370194435,10,4,2
202100018479,168Â 599,A01,1,1,1,0,1,-1,-1,0,0,-1,2021,25.0,2,2,0,2,1,2,1,,1,42,-1,,1,5,3,1,10,300,1,, -1,1,0,1,110,18,9,1,1,1043,1,1,0,2,A42,45.823128,5.00004,6,2,2
202100044316,122Â 454,A01,1,1,1,4,2,6,-1,-1, -1,-1,2021,21.0,1,1,0,2,1,1,1,,2,13,0,,1,7,0,1,0,0,1,, -1,2,5,1,50,11,4,5,92,92051,2,1,0,3,"CHARLES DE GAULLE (AVENUE,NÂ°118 A 192 +",48.88189,2.26872,23,2,2
202100045239,120Â 861,B01,1,1,1,5,8,0,-1,0,0,-1,2021,18.0,2,1,0,2,1,9,5,,4,AVENUE DE LA PORTE DU PRE SAINT GERVAIS,0,,3,3,0,2,(1),(1),1,, -1,1,0,1,50,2,4,5,75,75119,2,2,0,3,AVENUE DE LA PORTE DU PRE SAINT GERVAIS,48.878883,2.401875,20,3,2
202100039090,131Â 760,A01,1,1,1,4,2,8,-1,-1, -1,-1,2021,25.0,2,1,0,2,6,19,5,,4,TOURASSE,0,,1,4,2,1,0,0,1,, -1,1,0,1,50,20,5,1,64,64445,2,1,0,3,TOURASSE,43.311,-0.3621,19,2,2
202100024157,158Â 480,A01,1,1,1,5,1,-1,-1,0,0,-1,2021,28.0,1,2,0,0,1,14,1,,3,118,0,D,2,2,0,2,5,800,3,, -1,1,0,8,80,14,8,1,11,11079,1,1,0,7,D 118,43.403285872,2.2982668877,17,1,1
202100002587,197Â 160,A01,1,1,1,1,2,6,-1,-1, -1,-1,2021,56.0,2,1,0,0,0,1,1,,4,SAINT GENCE (RUE DE) (RD218),0,,2,2,0,1,0,0,1,, -1,7,0,1,50,15,12,5,87,87085,2,1,0,7,SAINT GENCE (RUE DE) (RD218),45.85045,1.22273,7,1,1
202100026362,154Â 572,B01,1,1,2,4,1,-1,-1,0,0,-1,2021,27.0,2,5,0,0,1,1,1,,3,612,0,D,2,2,0,1,77,893,3,, -1,1,0,1,90,31,7,1,81,81218,1,1,0,1,RD 612,43.883867,2.168341,8,2,2
202100027416,152Â 706,B01,1,1,1,0,0,-1,-1,0,0,-1,2021,33.0,2,1,0,2,1,1,5,,3,150,0,,2,2,0,2,22,70,3,, -1,2,0,1,80,24,7,1,56,56204,1,1,1,1,Keriolas,47.893156,-2.752856,12,2,2
202100009240,185Â 196,A01,2,2,2,5,1,4,-1,-1, -1,-1,2021,36.0,3,2,0,2,2,1,1,,7,BREUCQ BOULEVARD DU,0,,1,2,0,1,(1),(1),1,, -1,1,0,1,50,17,10,3,59,59009,1,2,0,3,MARQUE AVENUE DE LA,50.64262,3.1449,23,4,2
202100008512,186Â 520,A01,3,2,1,9,8,0,-1,-1, -1,-1,2021,25.0,1,2,1,2,1,2,1,,3,NOISY ROUTE DE,0,,2,2,0,1,0,0,1,, -1,1,0,1,50,11,11,1,93,93063,2,1,1,2,NOISY ROUTE DE,48.895083994,2.4282840639,7,6,2
202100045602,120Â 218,A01,1,1,1,0,8,0,-1,0,0,-1,2021,41.0,3,0,0,0,0,26,3,,4,PARC (CH. DU) RTE DE SEINE A FALAISES,0,,-1,2,1,1,(1),(1),1,, -1,1,0,1,50,1,4,5,27,27375,2,1,0,6,PARC (CH. DU) RTE DE SEINE A FALAISES,49.22132,1.17303,21,1,1
202100029616,148Â 848,A01,1,1,1,9,2,6,-1,0,0,-1,2021,32.0,2,1,0,2,3,13,1,,4,RUE DE RENNES,0,,2,4,0,1,(1),(1),1,, -1,2,0,1,50,10,7,1,75,75106,2,1,1,3,RUE DE RENNES,48.845196,2.325166,17,2,2
202100039970,130Â 144,B01,1,1,1,1,1,0,-1,-1, -1,-1,2021,67.0,1,2,0,0,0,0,1,,3,GAMBETTA AV.,0,,2,2,0,1,1,0,1,, -1,2,0,1,50,14,5,1,93,93006,2,1,1,3,Avenue Gambetta,48.871958,2.418652,12,2,2
202100032668,143Â 370,A01,1,1,1,1,2,0,-1,-1, -1,-1,2021,41.0,3,1,0,0,8,26,1,,4,PORTET BOULEVARD,0,,1,2,0,1,1,0,2,, -1,1,0,1,50,23,6,1,49,49007,2,1,0,7,PORTET BOULEVARD,47.44984,-0.55826,8,1,1
202100003382,195Â 713,A01,10,3,1,5,0,-1,-1,3,3,2,2021,3.0,3,2,0,1,8,15,1,,3,525,-1,A,2,2,0,1,(1),(1),2,, -1,1,0,1,50,20,8,1,38,38006,2,9,0,6,place de verdun,45.393975,6.074519,15,2,1
202100037053,135Â 468,A01,1,1,1,9,2,8,-1,0,0,-1,2021,41.0,1,1,0,2,1,18,1,,4,BOULEVARD DE LA TOUR MAUBOURG,0,,1,2,0,1,(1),(1),1,, -1,1,0,1,50,1,6,1,75,75107,2,4,0,2,BOULEVARD DE LA TOUR MAUBOURG,48.856335126,2.3098165714,20,2,2
202100049452,113Â 369,B01,2,2,2,5,1,-1,-1,0,0,-1,2021,76.0,1,2,7,0,5,15,1,,3,99,0,,2,2,0,1,20,684,1,, -1,1,5,1,80,1,3,1,13,13100,1,3,0,2,RD99,43.796391,4.793365,15,3,2
202100002201,197Â 860,A01,1,1,1,0,0,-1,-1,0,0,-1,2021,69.0,1,2,0,2,7,11,1,,3,965,0,,2,2,0,1,60,657,1,,"7,2",1,0,1,80,20,12,2,89,89453,1,1,0,5,Avenue de la Puisaye,47.779943,3.491131,19,3,3
202100011239,181Â 642,A01,1,1,1,9,2,6,-1,0,0,-1,2021,40.0,1,1,0,2,7,18,1,,4,RUE DE LA CONVENTION,0,,2,3,3,2,(1),(1),1,, -1,1,-1,6,30,24,10,5,75,75115,2,3,0,3,RUE DE LA CONVENTION,48.835951,2.300857,3,2,2
202100042421,125Â 797,A01,2,2,1,0,1,0,-1,-1, -1,-1,2021,20.0,2,2,3,2,2,1,1,,1,A4,0,,1,3,0,1,6,400,1,, -1,1,0,8,90,27,4,1,94,94042,1,1,0,6,A4,48.82734,2.46857,19,2,1
202100013712,177Â 194,B01,1,1,1,2,8,0,-1,-1, -1,-1,2021,23.0,3,1,0,2,1,2,5,,4,CHAMPY RICHARDETS (BOULEVARD),0,,1,1,1,1,0,0,2,, -1,1,5,1,50,12,10,1,93,93051,2,6,0,3,CHAMPY RICHARDETS (BOULEVARD),48.83721,2.57745,8,2,2
202100013613,177Â 386,A01,1,1,2,0,1,0,-1,-1, -1,-1,2021,20.0,1,2,0,2,1,2,1,,3,PATTON GENERAL RTE ST-AUBIN A RUE KLOTZ,0,,3,4,0,1,50,858,1,, -1,1,0,1,90,11,10,1,72,72065,1,1,0,2,PATTON GENERAL RTE ST-AUBIN A RUE KLOTZ,48.0267032877,0.1694476602,19,2,2
202100000127,201Â 529,A01,10,3,2,5,0,-1,-1,4,3,1,2021,81.0,3,3,0,1,2,19,3,,4,BOURGET (AVENUE PAUL),0,,4,0,3,1,0,0,1,, -1,1,4,6,40,15,2,1,83,83069,2,8,0,6,BOURGET (AVENUE PAUL),43.10966,6.12207,16,2,1
202100046382,118Â 863,A01,10,3,2,9,0,-1,-1,2,3,2,2021,19.0,1,1,0,1,1,1,1,,4,BOULEVARD DIDEROT,0,,2,2,0,2,(1),(1),1,, -1,1,0,1,50,26,3,1,75,75112,2,1,0,6,BOULEVARD DIDEROT,48.847947,2.392022,16,3,1
202100001184,199Â 657,A01,10,3,1,5,0,-1,-1,5,8,2,2021,18.0,2,2,0,2,1,7,1,,4,FAOUEDIC ( AVE DU ),0,,3,2,3,1,(1),(1),1,, -1,1,5,1,30,25,12,5,56,56121,2,6,0,3,FAOUEDIC ( AVE DU ),47.746938,-3.366043,22,3,2
202100043606,123Â 730,A01,1,1,1,0,1,0,-1,-1, -1,-1,2021,26.0,2,2,0,0,1,13,1,,2,RN 104,0,,3,2,0,1,42,99,1,, -1,1,0,3,110,18,4,1,91,91086,1,1,0,6,RN 104,48.62363,2.38209,7,1,1
202100000304,201Â 178,A01,10,3,1,0,0,-1,-1,9,1,1,2021,59.0,1,2,0,1,1,1,1,,4,ROCHAID (PLACE),0,,-1,1,3,1,0,0,1,, -1,1,6,8,10,18,8,1,35,35093,2,1,0,6,ROCHAID (PLACE),48.63223,-2.05827,14,2,1
202100039680,130Â 652,A01,1,1,1,0,1,8,-1,-1, -1,-1,2021,45.0,1,2,12,2,1,1,1,,2,tsoundzou-Mariage (place -tsoundzou 2),0,,2,0,0,1,0,0,1,, -1,1,0,1,50,15,5,1,976,97611,2,1,0,5,tsoundzou-Mariage (place -tsoundzou 2),-12.8135,45.20218,12,7,3
202100053990,105Â 245,B01,1,1,1,5,4,2,6,0,0,-1,2021,54.0,2,1,0,2,4,2,5,,3,D769,-1,,2,2,0,1,24,800,1,, -1,2,0,1,80,24,1,1,29,29129,1,1,1,2,D769 - Pont Mikael,48.360113,-3.698487,10,2,2
202100032236,144Â 142,A01,10,3,1,3,0,-1,-1,3,3,1,2021,73.0,1,3,0,1,2,15,1,1.0,4,Alsace Lorraine (Avenue),0,,1,2,0,1,(1),(1),2,, -1,1,0,1,50,25,6,1,19,19272,2,1,0,6,Alsace Lorraine (Avenue),45.26102,1.75715,9,2,1
202100029830,148Â 468,A01,1,1,1,9,2,0,-1,0,0,-1,2021,29.0,3,1,0,2,3,19,3,,4,RUE DU FAUBOURG SAINT MARTIN,0,,2,3,0,1,(1),(1),1,, -1,1,0,1,30,9,7,1,75,75110,2,3,0,3,RUE DU FAUBOURG SAINT MARTIN,48.875863,2.360268,14,2,2
202100046705,118Â 293,A01,1,1,2,0,2,-1,-1,0,0,-1,2021,32.0,1,1,0,0,0,1,1,,3,649,-1,,3,2,0,1,(1),(1),1,, -1,1,0,1,110,26,3,1,59,59357,1,9,0,7,D649,50.296303,3.843327,7,1,1
202100020177,165Â 570,A01,1,1,1,1,2,6,-1,0,0,-1,2021,49.0,3,1,0,2,1,2,1,,4,,0,,2,2,0,1,(1),(1),2,,4,1,0,8,50,8,9,1,45,45315,1,1,0,2,chemin des chataigniers,47.754102,2.360607,7,2,2
202100037381,134Â 851,A01,1,1,1,1,1,-1,-1,0,0,-1,2021,19.0,1,2,0,2,3,19,1,,3,503,0,,2,2,0,1,4,1030,1,, -1,1,5,1,80,31,5,1,35,35228,1,2,0,3,La Ville Boterel,48.586842,-2.100202,18,3,2
202100021788,162Â 680,A01,1,1,2,2,0,-1,-1,-1, -1,-1,2021,38.0,2,2,0,2,8,22,1,,4,RUE ANDRE BLANC,0,,-1,2,1,1,(1),(1),1,, -1,1,0,1,50,30,8,1,33,33162,2,1,0,3,Rue AndrÃ© Blanc,44.88028,-0.6408,8,2,2
202100005368,192Â 190,B01,1,1,1,1,1,-1,-1,-1, -1,-1,2021,39.0,2,2,0,2,6,23,1,,3,DEPARTEMENTALE 4096,0,,2,2,0,3,7,630,1,, -1,1,0,1,80,1,12,1,4,4112,1,3,0,5,RD 4096,43.80559,5.77982,8,4,4
202100019483,166Â 811,A01,1,1,1,0,2,0,-1,0,0,-1,2021,27.0,1,1,0,2,1,1,1,,4,FRANCE (AVENUE ANATOLE),0,,1,2,2,1,(1),(1),1,, -1,1,0,1,50,11,9,1,54,54395,2,1,0,2,FRANCE (AVENUE ANATOLE),48.68646,6.16015,12,2,2
202100051312,109Â 952,B01,1,1,1,9,2,6,-1,0,0,-1,2021,29.0,2,1,0,2,5,1,1,,4,RUE D ASSAS,0,,2,2,0,1,(1),(1),1,, -1,1,0,1,30,16,2,1,75,75106,2,2,0,3,RUE D ASSAS,48.847828,2.329577,10,2,2
202100031884,144Â 762,A01,2,2,1,5,2,6,-1,-1, -1,-1,2021,14.0,1,1,10,0,0,1,1,,4,ROSTAND ( IMPASSE),0,,2,1,0,1,0,0,1,, -1,1,0,1,50,28,6,5,13,13210,2,1,0,7,ROSTAND ( IMPASSE),43.27745,5.41514,22,2,1
202100016637,171Â 893,B01,1,1,1,5,2,6,-1,-1, -1,-1,2021,30.0,3,1,0,2,7,1,1,,4,ALBERT SCHWEITZER (RUE),0,,2,2,0,2,0,0,1,, -1,2,1,1,50,26,9,1,77,77083,2,3,1,3,EDOUARD BRANLY (ALLEE),48.850391,2.582891,14,3,2
202100050129,112Â 127,A01,1,1,2,1,1,0,-1,-1, -1,-1,2021,49.0,1,2,6,2,8,1,1,,1,A507 sens Aubagne- Marseille,0,,1,3,0,1,8,390,1,, -1,1,1,1,70,25,2,1,13,13055,1,1,0,3,A507 sens Aubagne- Marseille,43.2875452962,5.4247310448,16,2,2
202100034751,139Â 592,A01,10,3,2,0,0,-1,-1,4,3,1,2021,36.0,1,2,0,1,1,2,1,,7,ARC (RUE JEANNE D' N,0,,1,3,3,1,(1),(1),1,, -1,1,0,1,50,12,6,5,54,54395,2,2,0,6,FOCH (AVENUE 18 ET 9 A FIN),48.687598832,6.1707470566,23,2,1
202100031193,145Â 980,A01,1,1,2,9,2,0,-1,0,0,-1,2021,58.0,1,1,1,0,0,21,5,,4,BOULEVARD BARBES,0,,2,6,1,2,(1),(1),1,, -1,1,0,5,50,2,7,1,75,75118,2,1,0,6,BOULEVARD BARBES,48.885997,2.349544,14,1,1
202100043527,123Â 859,A01,1,1,2,1,1,-1,-1,0,0,-1,2021,21.0,1,2,2,0,9,1,1,,3,,-1,,2,2,0,1,15,575,1,, -1,1,0,3,80,20,4,1,85,85129,1,1,0,6,Les Brosses,46.866206,-1.451762,12,1,1
202100054337,104Â 636,A01,1,1,1,1,2,6,-1,-1, -1,-1,2021,20.0,2,1,0,2,1,1,1,,4,,0,,2,6,0,1,(1),(1),1,, -1,1,5,1,50,20,1,5,33,33063,2,2,0,3,Boulevard Antoine Gautier,44.8332847344,-0.5985311683,22,2,2
202100038891,132Â 115,A01,2,2,2,5,1,0,-1,-1, -1,-1,2021,85.0,1,2,0,2,1,1,1,,3,POISSOMPRE (FG DE),0,,2,2,0,1,0,920,1,, -1,1,0,1,50,20,5,1,88,88160,2,2,0,1,POISSOMPRE (FG DE),48.18261,6.47218,16,3,2
202100033485,141Â 921,A01,1,1,2,1,1,-1,-1,0,0,-1,2021,25.0,3,2,0,2,2,15,1,,4,,-1,,1,1,0,1,(1),(1),1,,3,1,0,1,50,17,6,2,8,8363,2,2,0,3,34 Rue Paule Minck,49.940881,4.635721,21,2,2
202100045970,119Â 583,A01,1,1,1,9,2,6,-1,0,0,-1,2021,53.0,1,1,0,2,1,7,1,,4,RUE DE RIVOLI,0,,3,3,3,1,(1),(1),1,, -1,1,-1,6,50,29,3,1,75,75101,2,3,0,3,RUE DE RIVOLI,48.866293,2.324181,17,2,2
202100036560,136Â 362,C01,1,1,2,5,1,8,-1,-1, -1,-1,2021,24.0,1,5,0,2,4,1,1,,1,A7-Sens Lyon vers Marseille,0,,1,3,0,1,276,0,1,, -1,2,1,1,90,1,6,1,13,13215,1,1,1,2,A7-Sens Lyon vers Marseille,43.36512,5.36054,18,5,5
202100022617,161Â 188,B01,1,1,1,3,2,0,-1,-1, -1,-1,2021,63.0,2,1,0,2,4,1,1,,7,GAULLE (AVENUE DU GENERAL DE),0,,1,2,1,1,(1),(1),1,, -1,1,0,1,50,25,8,1,59,59090,2,1,0,2,GAULLE (AVENUE DU GENERAL DE),50.70263,3.09692,18,2,2
202100009144,185Â 366,B01,1,1,1,9,1,-1,-1,0,0,-1,2021,47.0,1,2,0,2,3,0,1,,3,45,0,D,2,2,0,1,6,496,1,, -1,1,0,1,50,7,10,5,59,59528,2,4,0,3,Rue Francois Mitterrand,50.2089460856,3.4160572959,21,2,2
202100047312,117Â 199,A01,1,1,2,4,1,8,-1,-1, -1,-1,2021,42.0,2,2,0,2,4,1,1,,1,A7-Sens Marseille vers Lyon,0,,-1,3,0,1,266,0,1,, -1,2,0,1,90,19,3,1,13,13071,1,1,1,2,A7-Sens Marseille vers Lyon,43.413515,5.280638,11,2,2
202100035881,137Â 551,A01,1,1,1,0,2,8,-1,-1, -1,-1,2021,22.0,1,1,0,2,0,1,1,,3,RUE DES DEUX MARES,0,,2,2,0,1,0,0,2,, -1,9,0,1,50,5,6,1,91,91223,1,1,0,7,RUE DES DEUX MARES,48.45858,2.11179,18,1,1
202100035282,138Â 637,A01,10,3,2,5,0,-1,-1,3,3,1,2021,41.0,1,2,0,9,1,1,1,,4,LECLERC   AVENUE DU GENERAL,0,,2,2,0,1,(1),(1),1,, -1,1,6,1,30,10,6,1,17,17300,2,1,0,6,LECLERC   AVENUE DU GENERAL,46.162924,-1.163298,20,2,1
202100009981,183Â 862,B01,1,1,2,5,1,-1,-1,0,0,-1,2021,56.0,1,2,0,2,4,2,1,,3,10,0,D,2,2,0,1,116,630,1,,7,1,0,1,70,19,10,1,33,33438,1,1,0,4,,44.570904,-0.24686,15,4,4
202100049702,112Â 899,A01,10,3,2,0,0,-1,-1,3,3,1,2021,61.0,2,2,0,1,3,15,1,,7,,-1,,2,2,0,2,0,200,1,, -1,1,0,1,50,2,3,1,69,69088,2,1,0,6,SIMON ROUSSEAU (AV),45.8354968349,4.8472755029,10,2,1
202100029286,149Â 414,A01,1,1,2,5,1,-1,-1,0,0,-1,2021,18.0,1,2,1,0,7,14,1,,4,AZEREIX (AVENUE D'),0,,2,2,0,1,(1),(1),1,, -1,1,0,1,50,12,7,1,65,65440,2,1,0,6,AZEREIX (AVENUE D'),43.22988,0.05947,11,1,1
202100022848,160Â 777,A01,1,1,1,3,1,-1,-1,0,0,-1,2021,20.0,2,2,2,0,3,17,1,,3,38,0,D,2,2,0,4,0,500,2,, -1,1,0,1,80,24,8,1,35,35211,1,1,0,6,D 38,48.020358,-2.164135,12,3,1
202100024353,158Â 149,A01,1,1,1,0,1,-1,-1,0,0,-1,2021,74.0,1,2,2,0,3,1,1,,3,26,-1,,2,2,0,2,29,70,3,, -1,1,0,3,90,12,8,1,19,19137,1,1,0,6,L Etang,45.398002,1.860793,14,1,1
202100013113,178Â 305,A01,1,1,1,5,8,0,-1,0,0,-1,2021,24.0,3,1,0,0,1,21,3,,4,PLACE LACHAMBEAUDIE,0,,1,2,3,1,(1),(1),2,, -1,1,0,1,30,15,10,5,75,75112,2,7,0,7,PLACE LACHAMBEAUDIE,48.835901,2.386498,6,1,1
202100052774,107Â 396,A01,2,2,1,5,8,0,-1,-1, -1,-1,2021,83.0,2,2,0,2,3,13,1,,3,PATINIERE (AVENUE DE LA),0,,2,2,0,2,2,750,1,, -1,2,0,1,50,2,2,1,38,38563,2,1,0,5,Avenue de la PatiniÃ¨re,45.34781,5.57886,14,6,4
202100021855,162Â 566,A01,1,1,1,3,1,-1,-1,0,0,-1,2021,20.0,1,2,13,0,1,1,1,,3,252,0,,2,2,0,1,6,965,4,, -1,1,0,3,70,29,8,1,44,44069,1,1,0,6,route de Mesquer,47.34114,-2.438094,11,2,1
202100001642,198Â 868,A01,2,2,1,5,1,-1,-1,0,0,-1,2021,10.0,3,2,0,0,7,19,1,,2,88,-1,N,3,4,0,1,27,600,1,, -1,1,5,1,110,24,12,2,81,81101,1,3,0,6,N88,43.979908,2.173834,17,3,2
202100029667,148Â 764,A01,1,1,1,5,2,6,-1,0,0,-1,2021,60.0,2,1,0,2,1,1,1,,7,10,0,D,2,2,0,1,30,40,3,,4,1,0,1,80,18,6,1,42,42043,1,3,0,1,915 Route de Saint Bonnet les Oules,45.5689069357,4.3160905139,16,3,2
202100030044,148Â 083,B01,2,2,2,0,1,0,-1,-1, -1,-1,2021,15.0,1,2,0,2,4,0,1,,3,COUBRON (ALLEE DE),0,,2,2,0,1,0,1,1,, -1,1,0,1,50,8,7,1,93,93014,2,3,0,4,AllÃ©e de Coubron / AllÃ©e Veuve Lindet Girard,48.91258,2.5517,17,4,3
202100041111,128Â 128,A01,1,1,1,0,2,-1,-1,-1, -1,-1,2021,53.0,2,1,0,2,1,1,1,,4,DESBIEY (CRS) DU 140 ET +,0,,2,2,0,1,(1),(1),1,, -1,1,4,1,50,6,5,1,33,33009,2,8,0,3,Cours Desbiey,44.656602,-1.160279,14,2,2
202100040853,128Â 610,A01,1,1,2,1,1,4,-1,-1, -1,-1,2021,27.0,2,2,0,2,4,1,1,,1,A50-Sens Aubagne vers Marseille,0,,1,3,0,1,10,300,1,, -1,1,0,1,90,7,5,1,13,13070,1,1,0,4,A50-Sens Aubagne vers Marseille,43.28537,5.515,17,5,3
202100005806,191Â 414,A01,1,1,2,0,1,-1,-1,0,0,-1,2021,49.0,1,2,0,2,1,1,1,,3,16,-1,,2,2,0,1,1,120,1,, -1,1,0,1,50,28,10,1,89,89086,2,3,0,1,D16,47.859879,3.041024,11,2,2