Num_Acc,id_vehicule,num_veh,place,catu,sexe,trajet,secu1,secu2,secu3,locp,actp,etatp,year_acc,victim_age,senc,catv,obs,obsm,choc,manv,motor,occutc,catr,voie,v1,v2,circ,nbv,vosp,prof,pr,pr1,plan,lartpc,larrout,surf,infra,situ,vma,jour,mois,lum,dep,com,agg_,int,atm,col,adr,lat,long,hour,nb_victim,nb_vehicules
202100008217,187Â 027,A01,2,2,1,9,1,0,-1,-1, -1,-1,2021,27.0,2,2,4,0,1,13,1,,2,RN88,0,,3,6,0,1,32,725,2,, -1,2,0,1,110,14,11,1,42,42237,1,9,0,6,N88,45.44305,4.46423,10,2,1
202100010902,182Â 241,B01,1,1,1,0,8,0,-1,-1, -1,-1,2021,24.0,1,1,0,2,4,1,5,,4,BOULEVARD SALVADOR ALLENDE,0,,3,0,0,1,(1),(1),3,, -1,1,0,1,50,26,10,1,44,44162,2,1,0,3,BOULEVARD SALVADOR ALLENDE,47.21912,-1.62166,17,2,2
202100049418,113Â 427,A01,1,1,1,9,2,6,-1,-1, -1,-1,2021,28.0,1,1,0,9,2,1,1,,4,GRADE (AV),0,,2,1,0,2,1,0,1,, -1,1,0,1,30,2,3,1,94,94068,2,1,0,3,GRADE (AV),48.80697,2.47901,15,2,2
202100044619,121Â 965,A01,9,2,2,3,1,9,-1,0,0,-1,2021,53.0,2,2,15,0,2,14,1,,1,28,0,,3,4,3,1,68,500,1,, -1,4,0,3,110,10,4,1,76,76126,1,1,1,6,A28 - PK68+500 vers ABBEVILLE,49.678463,1.341496,13,3,1
202100002649,197Â 048,B01,1,1,2,5,8,0,-1,0,0,-1,2021,27.0,2,1,0,2,8,1,5,,4,BOULEVARD VOLTAIRE,0,,2,4,1,1,(1),(1),1,, -1,1,-1,5,30,16,12,5,75,75111,2,1,0,3,BOULEVARD VOLTAIRE,48.85131,2.391015,0,2,2
202100014359,176Â 044,B01,1,1,1,1,2,8,-1,-1, -1,-1,2021,27.0,3,1,0,2,8,15,5,,4,BONDUES RUE DE,0,,2,2,0,1,(1),(1),2,, -1,1,0,1,50,8,10,1,59,59636,2,3,0,3,BONDUES RUE DE,50.6874786876,3.0612813571,9,2,2
202100048120,115Â 732,A01,1,1,1,0,8,-1,-1,-1, -1,-1,2021,36.0,1,1,0,2,1,19,5,,4,PIERRE SEMARD                       (QU),0,,2,2,0,1,(1),(1),1,, -1,1,5,1,50,13,3,1,69,69142,2,3,0,3,PIERRE SEMARD (Q),45.72537,4.81672,13,2,2
202100028766,150Â 307,A01,1,1,1,9,2,9,-1,0,0,-1,2021,19.0,2,1,0,0,7,1,1,,7,7,-1,N,3,2,0,1,67,950,1,, -1,1,0,1,50,17,7,2,13,13109,2,1,0,6,Avenue Paul Jullien,43.508554,5.499891,5,1,1
202100025918,155Â 356,A01,1,1,1,0,2,-1,-1,0,0,-1,2021,24.0,1,1,0,0,0,1,1,,3,6086,0,D,2,1,0,2,36,800,1,, -1,1,0,1,80,31,7,1,30,30073,1,3,0,7,D6086,43.978661,4.575071,17,1,1
202100040162,129Â 810,B01,1,1,2,0,2,8,-1,-1, -1,-1,2021,28.0,2,1,0,2,3,1,5,,4,CARNOT,0,,1,2,3,1,0,0,1,, -1,2,0,1,50,12,5,1,64,64445,2,3,1,3,CARNOT,43.29916,-0.37026,17,2,2
202100029242,149Â 490,A01,1,1,1,4,1,0,-1,-1, -1,-1,2021,33.0,1,4,0,2,6,1,1,,1,A55-Sens Marseille vers Martigues,0,,1,2,0,1,33,0,1,, -1,1,0,1,110,13,7,2,13,13056,1,1,0,2,A55-Sens Marseille vers Martigues,43.399424,5.087552,5,3,2
202100009763,184Â 247,B01,1,1,1,0,2,0,-1,0,0,-1,2021,61.0,3,1,0,2,7,1,1,,7,RD 674,0,,1,2,0,2,(1),(1),1,, -1,2,0,1,50,2,11,1,54,54547,1,1,1,3,RM 674,48.67021,6.19258,14,2,2
202100050226,111Â 934,A01,10,3,2,1,0,-1,-1,1,3,1,2021,33.0,2,2,0,1,2,1,1,,3,ALLIES (BD DES),0,,1,2,0,1,1,0,1,, -1,1,0,1,50,25,2,5,94,94022,2,1,0,2,ALLIES (BD DES),48.764992,2.4049,18,3,2
202100021765,162Â 722,B01,1,1,2,0,1,0,-1,-1, -1,-1,2021,33.0,2,2,0,2,3,26,1,,3,CHAMPY-NESLE (BOULEVARD DU),0,,4,3,0,1,0,207,1,, -1,1,5,1,50,29,8,1,77,77083,2,2,0,3,CHAMPY-NESLE (BOULEVARD DU),48.84839,2.57844,19,2,2
202100041076,128Â 186,A01,1,1,1,5,1,5,-1,-1, -1,-1,2021,37.0,2,2,13,0,2,17,1,,3,MAISON MEUNIER,0,,2,2,0,1,9,962,1,, -1,1,0,1,50,2,5,1,77,77433,1,2,0,7,MAISON MEUNIER,48.7491289929,3.0664262596,17,1,1
202100032797,143Â 154,A01,1,1,1,4,1,-1,-1,-1, -1,-1,2021,68.0,2,2,4,0,7,14,1,,1,ROCADE A 630,0,,3,6,0,1,19,660,1,, -1,1,0,1,90,23,6,1,33,33318,1,1,0,6,ROCADE A 630,44.811722,-0.671599,7,3,1
202100022674,161Â 090,B01,1,1,1,4,1,0,-1,-1, -1,-1,2021,61.0,0,2,0,2,6,24,1,,3,909,0,,1,2,1,1,0,0,1,, -1,1,0,3,50,25,8,1,92,92044,2,1,0,3,VIC. HUGO(RUE)115A149 ET 148A178,48.8993823454,2.2933655287,9,2,2
202100035383,138Â 466,A01,1,1,2,5,1,-1,-1,0,0,-1,2021,79.0,0,2,0,0,0,1,0,,4,INC,0,,-1,2,0,2,0,0,3,, -1,1,0,3,80,9,6,2,64,64092,1,1,0,7,lepobelcha,43.120987,-1.415809,21,1,1
202100006413,190Â 331,B01,1,1,1,0,8,-1,-1,-1, -1,-1,2021,32.0,1,1,0,2,2,1,5,,4,SCHUMAN (AVENUE ROBERT),0,,2,2,0,1,(1),(1),1,, -1,1,0,1,50,24,11,1,51,51454,2,3,0,3,Avenue Robert Schuman,49.23165,4.01122,14,2,2
202100004828,193Â 153,A01,10,3,2,5,0,-1,-1,4,6,1,2021,56.0,2,2,0,1,3,15,1,,3,AV FLOUQUET ,0,,2,2,0,1,1,0,1,, -1,2,0,1,50,4,12,5,94,94038,2,2,1,6,Avenue Flouquet,48.77542,2.32627,18,2,1
202100016476,172Â 176,B01,1,1,1,1,2,0,-1,0,0,-1,2021,47.0,3,1,0,2,1,1,1,,4,FERNAND ALBOS (RUE),0,,2,2,0,1,(1),(1),1,, -1,1,0,1,50,23,9,2,63,63019,2,5,0,3,FERNAND ALBOS (RUE),45.7945785207,3.1628099084,7,2,2
202100028848,150Â 153,B01,1,1,1,1,1,8,-1,-1, -1,-1,2021,53.0,2,2,0,2,1,1,1,,3,996,0,,2,2,0,1,20,240,2,, -1,2,0,1,80,15,7,1,1,1451,1,1,1,1,MARBOZ RD 996 ( ROUTE DE ) PAIR,46.28605,5.23166,13,2,2
202100013480,177Â 640,B01,1,1,2,0,8,-1,-1,-1, -1,-1,2021,53.0,3,2,0,2,4,16,1,,4,AMBROISE PARE                       (BD),0,,2,2,2,2,(1),(1),2,, -1,1,0,1,50,13,10,1,69,69388,2,3,0,2,AMBROISE PARE (BD),45.73975,4.88506,17,2,2
202100015276,174Â 407,A01,1,1,1,3,1,-1,-1,0,0,-1,2021,88.0,1,2,0,2,1,1,1,,3,91,0,A,2,2,0,1,(1),(1),1,, -1,2,0,1,50,4,10,1,14,14678,2,2,1,3,D91a,48.978136,-0.23362,15,2,2
202100027656,152Â 286,A01,1,1,1,5,0,-1,-1,0,0,-1,2021,16.0,3,1,15,0,1,1,1,,4,,-1,,2,1,0,1,(1),(1),2,,3,1,0,3,50,23,7,1,76,76160,2,1,0,7,Rue de l Eglise,49.552754,0.82349,17,1,1
202100052598,107Â 706,A01,1,1,1,1,2,6,-1,-1, -1,-1,2021,27.0,3,1,0,2,1,1,1,,3,106,0,,2,4,0,1,1,0,1,, -1,2,0,1,50,29,1,1,92,92025,2,2,0,3,PAUL BERT (RUE),48.927363317,2.2470098734,9,2,2
202100050584,111Â 268,A01,1,1,1,5,1,0,-1,0,0,-1,2021,86.0,2,2,3,2,1,5,1,,2,LACRA RN532,0,,3,4,3,1,6,203,1,, -1,2,0,1,110,22,2,3,26,26313,1,1,1,1,LACRA ,44.961412,4.946938,7,2,2
202100023367,159Â 849,A01,1,1,1,5,2,-1,-1,0,0,-1,2021,64.0,3,1,0,0,8,1,1,,3,,-1,,3,4,0,1,(1),(1),1,, -1,1,0,1,50,20,8,1,11,11262,2,1,0,7,Avenue des Cigales,43.165389,3.173515,19,2,2
202100033441,141Â 997,A01,1,1,1,5,1,0,-1,-1, -1,-1,2021,22.0,1,2,0,2,7,1,1,,4,,0,,1,1,0,1,0,0,1,, -1,1,0,1,50,18,6,1,92,92025,2,2,0,3,COLBERT  115 A 131   104 A 124 (RUE),48.915125,2.233231,18,2,2
202100020708,164Â 615,A01,10,3,2,5,8,8,-1,3,3,1,2021,70.0,3,0,0,1,2,26,1,,4,AV DE JEREZ,0,,2,0,0,1,0,0,1,, -1,1,0,1,50,3,9,1,13,13004,2,1,0,1,AV DE JEREZ,43.6658150622,4.6345687635,9,2,1
202100011739,180Â 742,B01,1,1,1,0,2,6,-1,-1, -1,-1,2021,56.0,2,1,0,2,1,21,1,,1,AUTOROUTE A6,0,,3,6,0,2,18,750,1,, -1,1,0,1,110,22,10,1,91,91434,1,1,0,2,AUTOROUTE A6,48.6690193032,2.3516964912,13,2,2
202100035956,137Â 413,B01,1,1,1,1,0,-1,-1,0,0,-1,2021,57.0,1,1,0,2,1,1,3,,3,POMPADOUR(CARREFOUR),0,,3,2,0,1,1,0,1,, -1,1,0,1,50,7,6,1,94,94028,2,9,0,1,Carrefour Pompadour,48.774345,2.439805,7,2,2
202100020200,165Â 529,B01,1,1,1,1,2,0,-1,-1, -1,-1,2021,43.0,2,1,0,2,7,3,1,,1,10,0,,1,2,0,1,4,199,1,, -1,1,0,1,70,8,9,1,91,91377,1,1,0,3,AUTOROUTE A10,48.71562,2.29069,8,2,2
202100041373,127Â 652,B01,1,1,2,5,1,-1,-1,0,0,-1,2021,31.0,2,2,0,2,1,1,1,,3,159,0,D,2,2,0,1,4,700,3,, -1,1,0,1,50,6,5,1,201,201247,2,1,0,1,"Route de Muratello, RD159",41.594127,9.217524,19,3,2
202100043844,123Â 305,A01,1,1,1,0,2,6,-1,0,0,-1,2021,17.0,2,1,0,2,8,1,1,,3,272,0,,2,2,0,4,13,800,3,, -1,1,0,1,80,16,4,1,32,32348,1,3,0,3,Au Matalot,43.7173544416,0.6042695045,19,2,2
202100043385,124Â 112,A01,1,1,1,5,2,-1,-1,0,0,-1,2021,16.0,2,1,15,0,1,21,1,,3,175,0,D,2,2,0,4,0,395,3,0,"3,9",1,0,3,50,20,4,1,16,16003,2,1,0,6, Lieu-dit les Camus,45.789223,0.342231,14,1,1
202100054656,104Â 096,C01,1,1,1,0,2,6,-1,-1, -1,-1,2021,45.0,2,1,0,2,1,2,1,,1,AUTOROUTE A25,0,,3,4,0,1,11,100,1,, -1,1,0,1,110,15,1,3,59,59196,1,1,0,4,AUTOROUTE A25,50.631549,2.954205,18,4,4
202100045959,119Â 601,B01,2,2,1,0,1,0,-1,-1, -1,-1,2021,29.0,2,2,0,2,8,1,1,,4,CHUTES LAVIE (AVENUE),0,,2,2,0,1,(1),(1),3,, -1,1,0,1,50,28,3,5,13,13213,2,1,0,3,CHUTES LAVIE (AVENUE),43.31571,5.39882,23,7,2
202100033612,141Â 684,B01,4,2,2,0,0,-1,-1,-1, -1,-1,2021,88.0,2,3,0,2,1,1,-1,,4,,-1,,3,2,3,1,(1),(1),1,,3,1,5,1,50,17,6,1,25,25056,2,2,0,3,LUXEMBOURG RUE DU,47.223024,5.9662781,12,4,2
202100031008,146Â 309,D01,1,1,2,-1,8,-1,-1,-1, -1,-1,2021,25.0,2,2,0,2,8,0,1,,4,GENAS    (Route de),0,,2,5,0,1,(1),(1),1,, -1,1,0,1,50,3,7,1,69,69266,2,2,0,3,GENAS (DE) (RTE) ,45.75156,4.90646,17,3,2
202100020365,165Â 236,A01,1,1,1,0,6,-1,-1,0,0,-1,2021,32.0,3,1,0,2,1,17,1,,4,,-1,,2,2,0,1,(1),(1),1,,4,1,0,1,50,7,9,1,51,51352,2,3,0,3,Rue Bois Guillaume,48.721559,4.613625,16,2,2
202100042271,126Â 071,B01,1,1,1,5,1,-1,-1,0,0,-1,2021,27.0,1,2,0,0,7,26,1,,4,,0,,2,2,0,1,(1),(1),1,,4,1,0,1,50,29,4,1,60,60462,2,1,0,3,36 Rue de Boncourt,49.325629,2.197909,12,2,2
202100006964,189Â 316,B01,1,1,1,5,2,6,-1,0,0,-1,2021,14.0,3,1,0,2,1,1,1,,3,,-1,,1,1,0,1,(1),(1),1,,5,2,0,1,50,21,11,5,18,18087,2,2,1,3,Rue Michelet,46.88511,2.575033,17,2,2
202100037976,133Â 778,B01,1,1,2,5,1,0,-1,-1, -1,-1,2021,22.0,1,2,1,2,7,1,1,,4,CAPUCINES RUE DES,0,,1,1,0,2,(1),(1),1,, -1,1,9,1,30,23,5,1,78,78498,2,2,0,3,CAPUCINES RUE DES,48.9255,2.04163,12,3,2
202100052583,107Â 735,B01,1,1,1,0,1,0,-1,-1, -1,-1,2021,72.0,1,2,1,2,2,1,1,,3,BD DES ALLIES,0,,1,2,0,1,0,1,1,, -1,1,0,1,50,4,2,1,94,94022,2,1,0,6,Boulevard des AlliÃ©s,48.76483,2.40497,14,2,1
202100054021,105Â 182,A01,1,1,2,0,1,0,-1,-1, -1,-1,2021,41.0,1,2,0,2,1,2,1,,1,AUTOROUTE A104,0,,3,6,0,1,5,199,1,, -1,2,0,1,110,23,1,1,93,93078,1,1,1,2,AUTOROUTE A104,48.96238,2.54708,14,2,2
202100022068,162Â 182,B01,1,1,2,5,1,5,-1,-1, -1,-1,2021,51.0,3,2,0,2,3,1,1,,4,LIBERATION (RUE DE LA),0,,2,2,0,1,0,0,1,, -1,1,0,1,50,28,8,1,74,74133,2,1,0,1,LIBERATION (RUE DE LA),46.1874,6.2087,16,2,2
202100024717,157Â 464,A01,2,2,2,0,1,8,-1,-1, -1,-1,2021,47.0,3,2,0,2,6,11,1,,2,11 - RT,0,,3,4,0,1,1,0,1,, -1,1,0,1,90,10,8,1,202,202120,1,1,0,2,11 - RT,42.636162,9.438596,16,4,2
202100033494,141Â 908,A01,1,1,1,5,2,-1,-1,0,0,-1,2021,28.0,2,1,13,0,1,0,1,,3,9,0,C,2,2,0,1,10,70,1,, -1,1,0,1,70,19,6,3,973,97311,1,1,0,7,Route de Mana,5.553456,-53.933816,20,1,1
202100054407,104Â 504,A01,1,1,1,0,2,0,-1,-1, -1,-1,2021,63.0,2,1,0,2,1,1,1,,1,AUTOROUTE A3,0,,3,8,0,1,1,0,1,, -1,1,0,1,70,20,1,1,93,93006,1,1,0,2,AUTOROUTE A3,48.8669,2.4253,16,2,2
202100031092,146Â 167,A01,1,1,1,9,2,8,-1,-1, -1,-1,2021,33.0,0,1,0,2,3,17,1,,4,MAUVES ( BD DE LA PRAIRIE),0,,3,2,3,1,(1),(1),1,, -1,1,0,1,70,2,7,1,44,44109,1,1,0,3,MAUVES ( BD DE LA PRAIRIE),47.22507,-1.49729,16,2,2
202100039240,131Â 471,A01,1,1,1,4,1,-1,-1,-1,0,-1,2021,43.0,2,2,4,0,1,14,1,,1,AUTOROUTE A115,0,,1,2,0,2,10,899,2,, -1,2,0,1,70,19,5,1,95,95394,1,1,1,6,AUTOROUTE A115,49.05156,2.18228,15,1,1
202100020908,164Â 278,A01,1,1,1,0,2,6,-1,0,0,-1,2021,58.0,1,1,0,0,9,14,1,,3,64,-1,,2,2,0,1,12,138,1,, -1,1,0,3,80,4,9,1,77,77425,1,1,0,7,D64,48.436997,2.591851,17,1,1
202100020674,164Â 679,A01,2,2,1,5,8,0,-1,-1, -1,-1,2021,40.0,2,1,0,2,1,2,1,,1,AUTOROUTE A1,0,,3,10,0,1,5,0,1,, -1,1,0,1,90,4,9,5,972,97213,2,1,0,2,AUTOROUTE A1,14.611474,-61.007538,22,3,2
202100035398,138Â 443,A01,1,1,1,0,8,-1,-1,0,0,-1,2021,30.0,1,2,17,0,1,1,1,,3,502,0,A,2,2,0,1,19,900,1,, -1,1,0,3,80,29,5,1,69,69235,1,1,0,7,RD 502,45.531188,4.847867,17,1,1
202100011407,181Â 332,B01,3,2,2,5,1,0,-1,-1, -1,-1,2021,18.0,1,2,0,0,4,23,1,,3,SAINT NICOLAS ( BD ) IMPAIR,0,,2,2,0,4,48,265,2,, -1,1,0,1,50,23,10,2,1,1053,2,3,0,2,,46.2039383858,5.2343059827,6,3,2
202100036471,136Â 509,A01,10,3,2,1,0,-1,-1,3,3,3,2021,24.0,2,1,0,2,1,17,1,,4,AVENUE DU MAINE,0,,2,3,3,1,(1),(1),1,, -1,1,0,1,50,3,6,1,75,75114,2,1,0,6,AVENUE DU MAINE,48.833802,2.324458,18,3,1
202100055610,102Â 451,A01,1,1,2,9,1,0,-1,-1, -1,-1,2021,29.0,1,2,0,2,1,1,1,,1,A13,0,,3,6,0,2,48,376,3,, -1,1,0,1,110,11,1,1,78,78362,1,1,0,3,A13,48.976578,1.719264,12,2,2
202100056197,101Â 442,B01,1,1,1,5,2,0,-1,-1, -1,-1,2021,28.0,1,1,0,2,1,1,1,,3,DIVISION LECLERC (53 A 217 - 58 A 186),0,,3,1,0,2,0,0,1,, -1,1,0,1,50,4,1,5,92,92002,2,2,0,3,DIVISION LECLERC (53 A 217 - 58 A 186),48.746116,2.303527,20,2,2
202100011233,181Â 653,A01,1,1,1,5,2,6,-1,0,0,-1,2021,25.0,1,1,0,2,2,1,1,,4,BOULEVARD BARBES,0,,2,4,1,1,(1),(1),1,, -1,1,-1,5,30,24,10,5,75,75118,2,3,0,3,BOULEVARD BARBES,48.888351,2.349604,0,3,2
202100046668,118Â 350,A01,1,1,2,5,1,0,-1,-1, -1,-1,2021,22.0,2,2,1,0,2,1,1,,3,FOCH (AVENUE DU MARECHAL) AUTRES NUMEROS,0,,2,2,0,2,1,0,1,, -1,1,0,8,50,25,3,2,92,92007,2,1,0,6,FOCH (AVENUE DU MARECHAL) AUTRES NUMEROS,48.7906740904,2.299874872,18,1,1
202100012572,179Â 242,A01,10,3,1,5,0,-1,-1,1,3,1,2021,79.0,2,2,0,1,2,1,1,,3,D1.9,-1,,2,2,0,2,1,0,1,,4,2,0,1,50,19,10,2,68,68111,2,3,0,6,7 Rue de Rouffach,48.002912,7.282291,7,2,1
202100009828,184Â 129,B01,1,1,1,1,2,-1,-1,0,0,-1,2021,15.0,2,1,0,2,1,1,1,,3,921,0,,2,2,0,1,12,400,1,, -1,1,0,1,90,2,11,2,28,28021,1,1,0,1,D921,48.377818,1.348588,18,2,2
202100046136,119Â 294,B01,1,1,2,5,8,0,-1,0,0,-1,2021,34.0,3,1,0,2,7,9,5,,4,RUE BUFFON,0,,-1,2,1,1,(1),(1),1,, -1,1,-1,5,30,29,3,1,75,75105,2,1,0,3,RUE BUFFON,48.842732,2.36195,17,2,2
202100003038,196Â 349,A01,2,2,2,5,1,-1,-1,-1, -1,-1,2021,36.0,2,2,0,2,2,13,1,,1,AUTOROUTE A 63,0,,3,4,0,1,7,937,1,, -1,1,0,1,110,14,12,1,33,33122,1,1,0,2,,44.743667,-0.705607,15,3,2
202100002107,198Â 034,A01,10,3,1,5,0,-1,-1,2,3,2,2021,65.0,1,2,0,1,5,1,1,,3,572,-1,,2,2,1,2,(1),(1),1,, -1,1,0,1,50,22,12,1,14,14047,2,1,0,6,D572,49.270839,-0.699005,13,2,1
202100050852,110Â 785,B01,1,1,1,1,1,8,-1,-1, -1,-1,2021,33.0,0,2,0,2,4,2,1,,1,A104,0,,1,2,0,1,8,699,1,, -1,1,0,1,90,19,2,1,77,77294,1,1,0,4,A104,48.9730601379,2.5772762557,18,3,3
202100010197,183Â 478,A01,2,2,2,5,1,-1,-1,0,0,-1,2021,58.0,2,2,0,2,2,19,1,,3,613,0,,2,2,0,1,2,900,1,, -1,2,0,1,80,30,10,3,50,50099,1,2,0,3,Route de Carentan,49.30806,-1.18007,20,4,2
202100003131,196Â 170,B01,1,1,1,1,1,0,-1,-1, -1,-1,2021,33.0,1,2,0,2,2,15,1,,4,VILLENEUVE (RUE),0,,-1,2,0,1,0,0,1,, -1,1,0,1,50,6,12,1,29,29019,2,6,0,3,Rue de la Villeneuve,48.4097807812,-4.4632011652,8,2,2
202100049191,113Â 829,B01,1,1,1,5,1,-1,-1,0,0,-1,2021,20.0,2,2,0,2,3,1,1,,3,568,0,D,2,2,0,1,1,170,1,, -1,1,0,1,50,6,3,1,201,201247,2,3,0,1,rue henri frenay,41.6056039101,9.2796060626,17,4,2
202100025591,155Â 937,B01,2,2,2,5,1,8,-1,-1, -1,-1,2021,36.0,1,2,0,2,1,1,1,,4,,0,,2,2,0,1,(1),(1),1,, -1,1,0,1,50,29,7,1,82,82121,2,3,0,5,AVEYRON (ROUTE DE L'),44.0403562516,1.3475552201,17,4,3
202100005298,192Â 318,A01,10,3,2,1,0,-1,-1,4,3,1,2021,25.0,1,2,0,1,1,1,1,,4,SAINT MICHEL BOULEVARD,0,,2,2,0,1,1,0,1,, -1,9,0,1,50,30,11,1,49,49007,2,1,0,6,SAINT MICHEL BOULEVARD,47.47336,-0.54325,9,2,1
202100029389,149Â 246,A01,10,3,2,1,0,-1,-1,4,3,1,2021,27.0,3,5,0,1,2,1,1,,3,1,-1,,3,4,0,1,0,0,1,, -1,1,0,1,50,28,6,1,988,98817,2,1,0,6,RPS1/BOULARI,-22.230723,166.525547,6,2,1
202100037181,135Â 226,B01,1,1,1,0,1,0,-1,-1, -1,-1,2021,36.0,1,2,0,2,1,1,1,,3,RTE DE FONTAINEBLEAU,0,,3,4,0,1,0,0,1,, -1,1,5,1,50,31,5,1,91,91479,1,5,0,3,RTE DE FONTAINEBLEAU,48.720324,2.370622,10,3,2
202100026524,154Â 286,A01,10,3,2,3,0,-1,-1,2,3,1,2021,77.0,0,2,0,1,1,16,1,,4,,-1,,2,2,0,1,(1),(1),1,,4,1,0,1,50,24,7,1,28,28088,2,1,0,6,Place de la LibertÃ©,48.075262,1.343653,12,2,1
202100036698,136Â 115,A01,1,1,1,4,1,-1,-1,0,0,-1,2021,33.0,2,4,3,0,2,1,1,,1,87,0,A,3,2,0,1,78,150,1,, -1,1,0,1,90,1,6,1,85,85017,1,1,0,6,A87,46.891231,-1.095738,17,1,1
202100016686,171Â 803,B01,1,1,1,5,1,0,-1,-1, -1,-1,2021,24.0,2,2,0,2,4,2,1,,3,75,0,,3,3,1,1,0,0,1,, -1,2,0,1,50,26,9,1,92,92060,2,1,1,4,CHARLES DE GAULLE (AVENUE) RD75 NÂ°1 A 35,48.7781925536,2.259521526,15,4,3
202100026224,154Â 825,A01,7,2,2,5,1,-1,-1,0,0,-1,2021,18.0,2,2,6,0,1,1,1,,3,D948,0,,2,2,0,1,49,720,1,, -1,1,5,4,50,1,8,2,45,45063,2,1,0,6,48 Route d Argent,47.633485,2.365301,4,5,1
202100048749,114Â 625,B01,1,1,1,1,2,6,-1,0,0,-1,2021,30.0,1,1,0,2,1,0,1,,7,8,0,N,2,2,0,2,57,0,3,, -1,1,0,1,80,9,3,3,13,13030,1,1,0,1,D8n,43.265894,5.673409,21,2,2
202100048652,114Â 793,C01,2,2,2,0,1,8,-1,-1, -1,-1,2021,28.0,1,2,0,2,4,21,1,,3,ROUTE DE BOISVINS,0,,2,2,0,1,102,0,1,, -1,1,0,1,50,8,3,1,971,97101,1,1,0,4,ROUTE DE BOISVINS,16.2612618876,-61.4796209335,16,5,3
202100025176,156Â 656,A01,1,1,1,5,2,6,9,0,0,-1,2021,19.0,1,1,13,0,1,1,1,,3,2,-1,,2,2,0,2,3,610,2,, -1,1,0,3,80,8,8,1,81,81220,1,1,0,6,D2,43.846271,1.708921,16,1,1
202100047413,117Â 021,A01,10,3,2,5,0,-1,-1,3,3,1,2021,69.0,2,2,0,1,1,20,1,,4,ANCIENNNE MAIRIE (RUE DE L'),0,,1,1,0,1,0,0,1,, -1,1,0,1,30,15,3,1,92,92024,2,3,0,6,ANCIENNNE MAIRIE (RUE DE L'),48.9031476256,2.3026952147,11,2,1
202100004237,194Â 176,B01,1,1,1,1,2,6,-1,-1, -1,-1,2021,17.0,2,1,0,0,4,1,1,,3,,0,,2,2,0,1,50,970,1,, -1,1,0,1,80,5,12,3,71,71040,1,1,0,2,MONTCENIS (ROUTE DE),46.721063,4.377512,0,2,2
202100030315,147Â 575,B01,1,1,1,1,2,6,-1,-1, -1,-1,2021,41.0,1,1,0,2,2,3,1,,1,A4,0,,3,8,0,1,12,0,1,, -1,1,0,1,110,7,7,1,94,94079,1,1,0,6,A4,48.8352511054,2.5387158104,17,3,3
202100012551,179Â 280,B01,1,1,1,1,2,-1,-1,0,0,-1,2021,55.0,1,1,0,2,1,1,1,,3,86,0,D,2,2,0,1,63,962,1,, -1,1,0,1,80,19,10,1,7,7240,2,3,0,3,D86,44.845479,4.818867,14,2,2
202100039357,131Â 251,B01,1,1,1,1,1,-1,-1,0,0,-1,2021,58.0,3,2,0,2,8,1,1,,3,2085,0,D,2,2,0,1,13,887,1,, -1,1,0,1,50,20,5,1,6,6105,2,1,0,3,D'2085,43.667817,7.044736,9,2,2
202100020653,164Â 711,A01,1,1,1,5,2,6,-1,0,0,-1,2021,23.0,1,1,13,0,9,1,1,,3,31,-1,,2,2,0,2,34,100,3,, -1,1,0,1,80,4,9,1,69,69157,1,1,0,7,D31,45.8838830417,4.4808313251,18,1,1
202100051696,109Â 287,B01,1,1,1,5,8,0,-1,-1, -1,-1,2021,15.0,2,1,0,2,8,15,5,,4,BONNEFOY (RUE),0,,2,2,0,1,0,0,1,, -1,2,0,1,50,12,2,5,13,13210,2,1,1,3,BONNEFOY (RUE),43.28029,5.40012,22,2,2
202100002246,197Â 768,A01,10,3,2,0,0,-1,-1,4,3,2,2021,15.0,1,5,0,1,2,2,3,,4,PASCAL (RUE BLAISE),0,,2,1,2,1,(1),(1),1,, -1,1,5,1,50,18,12,1,37,37261,2,2,0,6,PASCAL (RUE BLAISE),47.3835805674,0.6960976124,13,2,1
202100009368,184Â 960,B01,1,1,2,1,0,-1,-1,0,0,-1,2021,58.0,1,1,0,0,7,1,5,,4,,-1,,2,2,0,1,(1),(1),1,,6,2,0,1,50,5,11,2,68,68287,2,3,1,3,4 Rue du Nord,47.960373,7.305756,7,2,2
202100019048,167Â 592,A01,1,1,1,0,2,-1,-1,0,0,-1,2021,57.0,0,1,0,2,8,19,1,,3,,-1,,3,2,0,1,3,240,4,,4,1,5,1,50,12,9,1,47,47100,2,9,0,3,CÃ´te de Gaillard,44.229954,0.637432,14,2,2
202100003581,195Â 352,B01,1,1,1,5,1,0,-1,-1, -1,-1,2021,61.0,1,2,0,2,1,0,1,,1,AUTOROUTE A20,0,,3,4,0,1,186,100,1,, -1,2,0,1,110,7,12,3,87,87085,1,1,1,3,AUTOROUTE A20,45.80732,1.29782,19,2,2
202100012185,179Â 937,A01,1,1,1,1,2,-1,-1,-1, -1,-1,2021,52.0,1,1,0,2,2,17,1,,4,GUSTAVE BRINDEAU (RUE),0,,2,2,0,1,0,0,1,, -1,1,0,1,50,18,10,1,76,76351,2,2,0,2,GUSTAVE BRINDEAU (RUE),49.48794,0.14464,8,2,2
202100015122,174Â 679,B01,1,1,1,5,8,0,-1,-1, -1,-1,2021,24.0,1,1,0,2,2,14,3,,3,JEAN JAURES (R),0,,2,4,0,1,0,0,1,, -1,1,0,1,50,4,10,5,94,94046,2,1,0,3,JEAN JAURES (R),48.79246,2.43455,23,2,2