Num_Acc,id_vehicule,num_veh,place,catu,sexe,trajet,secu1,secu2,secu3,locp,actp,etatp,year_acc,victim_age,senc,catv,obs,obsm,choc,manv,motor,occutc,catr,voie,v1,v2,circ,nbv,vosp,prof,pr,pr1,plan,lartpc,larrout,surf,infra,situ,vma,jour,mois,lum,dep,com,agg_,int,atm,col,adr,lat,long,hour,nb_victim,nb_vehicules
202100014349,176Â 059,B01,1,1,1,5,2,-1,-1,0,0,-1,2021,25.0,2,1,0,2,1,1,1,,3,ALSACE LORRAINE (AVENUE),0,,2,2,0,1,40,574,1,, -1,1,0,1,50,7,10,1,65,65440,2,1,0,2,ALSACE LORRAINE (AVENUE),43.257493,0.072078,17,2,2
202100003521,195Â 451,A01,1,1,1,0,2,6,-1,-1, -1,-1,2021,21.0,2,1,0,2,1,26,1,,3,BONAPARTE LUCIEN  COURS,0,,2,2,0,1,9,400,1,, -1,1,9,1,50,28,7,1,201,201004,2,1,0,3,BONAPARTE LUCIEN  COURS,41.91266,8.72364,18,2,2
202100022725,160Â 979,A01,1,1,1,0,2,6,-1,0,0,-1,2021,30.0,1,1,0,2,2,17,1,,3,CHATILLON ST JEAN (ROUTE DE),0,,2,1,0,1,2,480,1,, -1,1,0,1,80,13,8,1,26,26281,1,3,1,3,1856 Route de Chatillon Saint Jean,45.063644,5.088755,18,2,2
202100001498,199Â 112,A01,10,3,2,5,0,-1,-1,4,3,1,2021,84.0,2,2,0,1,7,1,1,,4,BOULEVARD VOLTAIRE,0,,2,2,0,1,(1),(1),1,, -1,2,0,1,30,24,12,1,75,75111,2,3,0,6,BOULEVARD VOLTAIRE,48.850604,2.392201,14,3,1
202100047884,116Â 147,A01,2,2,1,1,1,0,-1,-1, -1,-1,2021,41.0,2,5,0,2,4,1,1,,1,A7-Sens Marseille vers Lyon,0,,1,2,0,1,275,0,1,, -1,1,0,1,90,16,3,1,13,13215,1,1,0,2,A7-Sens Marseille vers Lyon,43.36303,5.36096,10,3,2
202100016401,172Â 320,B01,1,1,1,5,2,6,-1,0,0,-1,2021,68.0,2,1,0,2,6,1,1,,3,29,-1,D,2,2,0,1,23,204,1,, -1,1,0,1,90,29,9,1,61,61199,1,2,0,2,D29-D239,48.786014,-0.161576,13,2,2
202100004484,193Â 752,A01,2,2,2,5,1,-1,-1,-1,0,-1,2021,13.0,1,2,4,0,1,1,1,,2,RN 184,0,,3,4,0,1,3,100,1,, -1,2,0,1,90,5,12,3,95,95572,1,1,1,6,RN 184,49.03428,2.11282,22,3,1
202100008063,187Â 317,C01,1,1,2,0,1,0,-1,-1, -1,-1,2021,27.0,2,0,0,2,1,2,0,,3,ALBERT-DHALENNE (RUE),0,,1,2,0,1,0,1,1,, -1,1,0,1,30,15,11,1,93,93070,2,1,0,4,ALBERT-DHALENNE (RUE),48.91464,2.33204,9,3,3
202100052391,108Â 063,B01,1,1,2,0,1,0,-1,-1, -1,-1,2021,30.0,3,2,0,2,1,2,1,,4,CONDORCET (RUE),0,,2,2,0,1,0,0,1,, -1,1,0,1,50,5,2,1,91,91286,2,9,0,1,CONDORCET (RUE),48.647877,2.375343,8,2,2
202100004641,193Â 472,A01,1,1,2,4,1,-1,-1,-1,0,-1,2021,20.0,1,4,15,0,1,1,1,,3,RD 170,0,,2,2,0,1,2,700,3,, -1,2,0,1,90,4,12,4,95,95203,1,1,1,6,RD 109,48.9780810044,2.2915560007,1,1,1
202100033143,142Â 515,A01,1,1,1,5,1,-1,-1,0,0,-1,2021,24.0,1,2,4,0,7,21,1,,3,14,0,D,1,1,0,1,27,500,3,, -1,2,3,1,70,22,6,3,95,95002,1,1,1,6,Route Departementale 14,49.0709092399,1.9677221775,0,1,1
202100004963,192Â 917,B01,1,1,1,5,2,-1,-1,0,0,-1,2021,54.0,1,1,0,2,3,1,5,,3,D2,0,D,2,2,0,1,11,917,1,, -1,1,0,1,80,4,12,1,34,34204,2,3,0,3,Chemin des Capoulieres,43.5549030057,3.5287190605,12,2,2
202100022771,160Â 897,B01,1,1,1,0,2,6,-1,-1, -1,-1,2021,60.0,1,1,0,2,6,11,1,,1,86,0,,1,5,0,1,0,500,1,, -1,1,1,1,70,24,8,1,92,92050,1,1,0,3,A86,48.9044290792,2.2078710794,18,3,2
202100047705,116Â 475,A01,10,3,2,2,0,-1,-1,2,1,-1,2021,13.0,1,2,0,1,1,1,1,,4,TROUBIRAN (CHEMIN DE),0,,2,1,0,2,(1),(1),1,, -1,1,0,1,50,8,3,1,973,97302,2,1,0,6,TROUBIRAN (CHEMIN DE),4.91646,-52.30945,17,2,1
202100037597,134Â 457,A01,1,1,1,1,2,8,-1,-1, -1,-1,2021,31.0,0,1,0,0,1,1,1,,4,BOUYALA D'ARNAUD (BOULEVARD),0,,2,2,0,1,0,0,1,, -1,1,0,1,30,29,5,1,13,13212,2,1,0,7,BOUYALA D'ARNAUD (BOULEVARD),43.2968476834,5.4428048462,17,1,1
202100004098,194Â 415,A01,10,3,2,9,0,-1,-1,9,5,1,2021,11.0,3,2,0,1,3,1,1,,4,ANCIEN QUAI MILITAIRE,0,,2,2,0,1,0,1,3,, -1,1,0,1,50,4,10,1,5,5023,2,1,0,6,ANCIEN QUAI MILITAIRE,44.88694,6.63048,16,2,1
202100018466,168Â 622,A01,1,1,1,5,8,-1,-1,0,0,-1,2021,19.0,0,2,8,0,9,1,1,,3,999,-1,,2,2,0,3,(1),(1),2,, -1,1,0,1,80,18,9,3,50,50074,1,1,0,7,la berterie,48.740275,-1.169845,2,1,1
202100034176,140Â 662,B01,1,1,1,5,1,-1,-1,0,0,-1,2021,78.0,1,2,0,2,1,1,1,,1,13,0,,1,1,0,1,63,0,1,, -1,1,3,1,50,13,6,1,78,78668,1,3,0,1,N13,49.021706,1.499655,17,5,2
202100054791,103Â 859,B01,2,2,2,5,1,0,-1,-1, -1,-1,2021,27.0,2,2,12,2,3,21,1,,3,GENERAL DE GAULLE (AV DU),0,,2,2,0,1,1,0,1,, -1,2,0,1,50,16,1,1,94,94021,2,1,1,1,GENERAL DE GAULLE (AV DU),48.77191,2.34504,11,3,2
202100005403,192Â 136,A01,1,1,1,9,2,8,-1,-1, -1,-1,2021,27.0,1,1,0,0,0,1,1,,3,909,0,,2,0,0,1,0,0,1,, -1,2,0,1,50,1,12,5,92,92004,2,1,1,7,ARGENTEUIL AV D',48.9102958951,2.2859582305,20,1,1
202100017299,170Â 730,B01,1,1,1,5,1,-1,-1,0,0,-1,2021,47.0,3,2,0,2,3,1,1,,3,54,-1,,2,2,0,2,8,1098,1,, -1,1,0,1,70,24,9,1,77,77196,1,1,0,1,D54,48.949365,2.746882,11,2,2
202100023525,159Â 585,A01,5,2,1,5,0,-1,-1,0,0,-1,2021,39.0,3,5,16,0,9,14,1,,4,,-1,,2,2,0,1,(1),(1),4,, -1,1,0,3,-1,18,8,1,988,98807,1,1,0,7,Tribu de Ouayaguette,-20.65922,164.683521,8,7,1
202100020056,165Â 777,A01,1,1,2,1,1,0,-1,-1, -1,-1,2021,22.0,2,2,0,2,1,1,1,,3,RD 347,0,,2,2,0,1,0,15,1,, -1,1,0,1,70,8,9,1,86,86158,1,1,0,2,RD 347,46.644121,0.292177,8,2,2
202100025667,155Â 800,B01,2,2,2,5,1,-1,-1,0,0,-1,2021,28.0,2,2,0,2,2,1,1,,3,13,0,D,2,2,0,1,10,900,1,,5,2,0,1,90,4,8,1,15,15229,1,2,0,3,Leyrinoux Ouest,45.078551,3.241653,11,3,2
202100044217,122Â 636,A01,1,1,2,5,1,-1,-1,0,0,-1,2021,65.0,1,2,13,0,9,1,1,,1,29,-1,,3,4,0,1,228,300,1,, -1,1,0,3,130,14,4,1,80,80432,1,1,0,7,A29,49.855915,2.760572,12,2,1
202100040503,129Â 207,B01,1,1,1,9,2,0,-1,0,0,-1,2021,49.0,1,1,0,2,8,1,5,,4,AVENUE DU PROFESSEUR ANDRE LEMIERE,0,,2,2,0,1,(1),(1),1,, -1,1,0,1,50,10,5,1,75,75120,2,1,0,3,AVENUE DU PROFESSEUR ANDRE LEMIERE,48.855168,2.415226,11,2,2
202100010222,183Â 438,A01,1,1,1,5,1,-1,-1,0,0,-1,2021,25.0,0,2,2,0,1,1,1,,3,972,-1,,2,2,0,1,(1),(1),1,, -1,2,0,3,80,31,10,3,50,50446,1,1,0,6,le calvaire,49.128621,-1.0,2,1,1
202100053649,105Â 835,A01,1,1,2,1,8,-1,-1,0,0,-1,2021,25.0,2,2,0,0,8,1,1,,3,335,0,D,2,2,0,1,3,995,2,, -1,7,0,8,70,26,1,3,60,60231,1,1,1,7,Route de Pierrefonds,49.264892,2.915497,6,1,1
202100014744,175Â 353,A01,1,1,2,0,1,0,-1,-1, -1,-1,2021,51.0,2,5,0,2,4,11,1,,1,15,0,,3,4,0,1,4,699,1,, -1,1,0,1,110,6,10,3,92,92036,1,1,0,2,AUTOROUTE A15,48.9417367365,2.290604533,7,4,2
202100018717,168Â 182,B01,1,1,1,1,2,6,-1,-1, -1,-1,2021,31.0,2,1,0,2,1,3,1,,2,RN104,0,,-1,0,0,1,8,250,2,, -1,2,0,1,110,15,9,1,77,77373,1,1,0,2,RN104,48.7627007223,2.616012618,8,2,2
202100044289,122Â 499,A01,1,1,1,0,2,0,-1,0,0,-1,2021,16.0,2,1,0,2,1,1,1,,3,FAURE DU  SERRE ( RUE ),0,,1,2,0,1,69,950,1,, -1,1,0,1,50,9,4,1,5,5061,2,1,0,2,FAURE DU  SERRE ( RUE ),44.5614,6.08158,18,2,2
202100009897,184Â 004,B01,4,2,1,0,1,8,-1,-1, -1,-1,2021,8.0,1,2,14,0,4,23,1,,4,AV ARISTIDE BRIAND,0,,-1,2,0,1,0,0,1,, -1,1,0,1,50,28,10,1,91,91479,2,1,0,4,AV ARISTIDE BRIAND,48.71054,2.35814,11,4,3
202100030786,146Â 733,A01,1,1,2,3,1,0,-1,-1, -1,-1,2021,34.0,1,2,0,0,9,1,1,,3,117,0,,1,2,0,1,0,0,2,, -1,2,0,1,30,29,6,1,91,91549,2,1,1,6,ROND POINT CD 117,48.62562,2.3413,11,1,1
202100042666,125Â 367,A01,1,1,1,1,2,6,-1,-1, -1,-1,2021,35.0,1,1,0,2,1,2,1,,2,RN03,0,,1,2,0,2,59,0,1,, -1,2,0,1,110,24,4,3,974,97416,1,1,1,2,RN03,-21.31879,55.48977,18,2,2
202100015929,173Â 191,A01,1,1,1,1,8,0,-1,-1, -1,-1,2021,48.0,3,1,0,2,7,9,0,,4,VERNIER (RUE),0,,-1,0,0,1,0,0,1,, -1,1,0,8,5,29,9,5,10,10387,2,9,0,3,VERNIER (RUE),48.29784,4.07595,21,2,2
202100039585,130Â 827,A01,10,3,1,5,0,-1,-1,5,5,2,2021,5.0,0,1,0,1,1,25,3,,4,FEUCHERES (AVENUE),0,,-1,1,3,1,0,0,1,, -1,1,0,4,30,15,5,1,30,30189,2,1,0,6,FEUCHERES (AVENUE),43.8344,4.363,19,2,1
202100035114,138Â 938,A01,1,1,1,5,1,-1,-1,0,0,-1,2021,21.0,3,2,8,0,1,1,1,,4,,-1,,2,2,0,1,(1),(1),3,,0,1,0,3,80,12,6,3,79,79321,1,1,0,6,Route des Bois Bilazais,46.942908,-0.119724,1,1,1
202100040801,128Â 686,A01,1,1,1,5,2,6,-1,0,0,-1,2021,45.0,2,1,0,0,1,2,1,,3,D6,0,,2,2,0,1,(1),(1),1,, -1,1,0,8,80,8,5,1,46,46316,1,1,0,6,D6,44.606919,1.327342,11,1,1
202100012555,179Â 275,A01,1,1,1,0,2,6,9,0,0,-1,2021,32.0,2,1,0,2,1,17,1,,3,144,0,D,2,2,0,1,11,500,1,, -1,1,0,1,80,19,10,1,49,49021,1,3,0,3,Route des Bois d Anjou,47.454646,-0.198524,15,2,2
202100026768,153Â 874,A01,10,3,1,9,0,-1,-1,1,4,1,2021,3.0,2,5,0,1,1,1,1,,4,RUE BILLAUDEL,0,,2,1,0,1,(1),(1),1,, -1,1,0,1,50,27,7,1,33,33063,2,1,0,6,Rue Billaudel,44.825837,-0.564954,18,2,1
202100016164,172Â 748,B01,1,1,1,0,2,0,-1,-1, -1,-1,2021,13.0,0,1,0,0,0,1,5,,4,ERDRE ( RTE CHAPELLE SUR),0,,2,2,2,1,0,0,1,, -1,1,0,1,50,28,9,1,44,44109,2,1,0,3,ERDRE ( RTE CHAPELLE SUR),47.25948,-1.57501,13,2,2
202100050210,111Â 965,A01,1,1,1,9,2,6,-1,0,0,-1,2021,26.0,0,1,0,0,0,1,1,,4,PLACE AUGUSTE BARON,0,,1,4,0,1,(1),(1),2,, -1,1,0,1,50,24,2,5,75,75119,2,7,0,7,PLACE AUGUSTE BARON,48.9009566236,2.3872920871,19,1,1
202100023966,158Â 796,A01,10,3,2,3,0,-1,-1,1,3,1,2021,65.0,3,2,0,1,3,15,1,,6,,0,,-1,-1,0,1,(1),(1),2,,5,1,0,1,30,10,8,1,66,66210,2,1,0,6,9 Avenue de la Padrouze,42.6414943543,2.7568607709,17,2,1
202100033336,142Â 177,A01,1,1,1,5,1,8,-1,-1,0,-1,2021,52.0,1,2,2,0,1,14,1,,3,CD 35,0,,2,2,0,1,7,14,1,, -1,1,0,1,80,13,6,1,59,59239,1,1,0,6,CD 35,50.4015760502,3.1750498875,17,1,1
202100030522,147Â 204,A01,10,3,2,0,8,8,-1,1,3,1,2021,12.0,0,0,0,1,0,0,0,,4,ARTS (AVENUE),0,,2,2,3,2,0,0,1,, -1,1,0,1,50,5,5,1,30,30189,2,1,0,6,ARTS (AVENUE),43.8446,4.3475,18,2,1
202100036720,136Â 073,B01,1,1,1,0,0,-1,-1,0,0,-1,2021,38.0,0,1,0,2,4,1,3,,3,125,0,D,1,1,0,1,0,0,2,, -1,2,0,1,50,15,5,1,38,38537,2,6,0,2,Place Docteur Ogier,45.632668,5.147722,10,2,2
202100008823,185Â 971,B01,1,1,1,1,1,-1,-1,-1, -1,-1,2021,50.0,1,2,0,2,4,1,1,,2,ROUTE NATIONALE 230,0,,3,6,0,1,43,595,1,, -1,1,0,1,90,8,11,5,33,33249,1,1,0,4,Rocade Rive Droite N230 -E27-,44.87865,-0.50949,6,6,5
202100039360,131Â 246,B01,1,1,2,1,1,-1,-1,0,0,-1,2021,60.0,2,2,0,2,3,14,1,,3,107,0,D,3,2,0,3,(1),(1),1,, -1,1,0,1,80,19,5,1,40,40104,1,1,0,1,Route de la Chalosse,43.723963,-0.856773,19,2,2
202100054154,104Â 949,A01,2,2,2,4,1,-1,-1,0,0,-1,2021,56.0,1,5,4,0,3,1,1,,1,20,0,,3,4,3,2,10,700,1,, -1,2,0,1,130,22,1,1,18,18140,1,1,1,6,A20 PK 10+700,47.170519,2.000145,13,2,1
202100037788,134Â 115,A01,1,1,1,9,2,6,-1,-1, -1,-1,2021,47.0,3,1,0,2,1,19,1,,4,MARBELLIERE (RUE DE LA),0,,-1,2,0,1,(1),(1),1,, -1,1,5,1,50,28,5,1,37,37122,2,2,0,6,MARBELLIERE (RUE DE LA),47.355933618,0.6595885113,13,2,2
202100055236,103Â 088,B01,1,1,2,1,1,-1,-1,0,0,-1,2021,32.0,2,2,0,2,1,1,1,,7,35,0,,2,2,0,1,2,200,2,, -1,1,5,1,50,13,1,1,13,13078,2,3,0,1,Carrefour des Enfores RD35/RD268,43.403232648,4.7880976444,11,2,2
202100029408,149Â 212,D01,1,1,1,0,1,0,-1,-1, -1,-1,2021,47.0,1,5,0,2,1,2,1,,1,AUTOROUTE A1,0,,3,8,0,1,8,399,1,, -1,1,0,1,110,12,7,1,93,93013,1,1,0,4,AUTOROUTE A1,48.94144,2.42871,16,5,4
202100022038,162Â 237,B01,1,1,1,5,1,-1,-1,-1, -1,-1,2021,21.0,2,2,3,2,6,11,1,,1,A6   428.880 A 431.800,0,,3,7,0,1,430,850,1,, -1,1,3,1,110,28,8,3,69,69009,1,1,0,2,A6,45.94407,4.71868,21,3,2
202100024940,157Â 082,A01,1,1,1,5,2,6,-1,0,0,-1,2021,65.0,1,1,0,0,0,1,5,,3,48,-1,P,2,2,0,2,28,11,3,, -1,1,0,3,50,8,8,1,31,31317,2,1,0,7,Les ArrougÃ¨s,43.30688,1.108407,11,1,1
202100045475,120Â 450,B01,1,1,1,5,2,6,9,0,0,-1,2021,50.0,1,1,0,0,7,1,1,,3,8.3,2,,2,2,0,1,5,240,1,,4,1,0,1,50,3,4,1,68,68141,2,3,0,3,2 Route de Didenheim,47.701513,7.281768,12,3,2
202100006885,189Â 466,A01,10,3,1,3,0,-1,-1,3,3,1,2021,80.0,1,2,0,1,1,1,1,,3,389,-1,D,2,2,0,1,1640,(1),1,, -1,1,0,1,-1,22,11,1,69,69010,2,1,0,6,GABRIEL PERI (R),45.831834,4.612477,9,2,1
202100003214,196Â 029,B01,1,1,1,4,1,8,-1,-1, -1,-1,2021,48.0,1,4,0,2,3,2,1,,1,A7-Sens Lyon vers Marseille,0,,1,2,0,1,261,500,1,, -1,1,0,1,90,3,12,1,13,13117,1,1,0,2,A7-Sens Lyon vers Marseille,43.43876,5.25075,11,2,2
202100007695,187Â 999,A01,2,2,2,5,1,-1,-1,0,0,-1,2021,66.0,1,5,0,0,9,14,1,,1,31,0,,3,4,0,1,115,60,3,, -1,1,3,3,90,17,11,1,52,52042,1,1,0,6,Ãchangeur entre A5 et A31 (Embranchement d'autoroute),47.918276,5.228269,16,2,1
202100037321,134Â 961,B01,1,1,1,0,1,0,-1,-1, -1,-1,2021,27.0,0,1,0,0,0,0,0,,3,72,0,,4,2,0,2,0,0,1,, -1,1,0,1,30,31,5,1,92,92040,2,2,0,1,PAIX (AVENUE DE LA),48.8173615735,2.2737246596,19,2,2
202100033304,142Â 239,B01,1,1,2,1,2,4,-1,-1, -1,-1,2021,34.0,1,1,0,2,1,1,5,,4,MAZENOD                             (R ),0,,1,1,2,1,(1),(1),1,, -1,1,0,5,30,14,6,1,69,69383,2,2,0,3,MAZENOD (R),45.758673,4.844823,14,2,2
202100008201,187Â 061,B01,1,1,2,1,1,-1,-1,0,0,-1,2021,63.0,1,2,3,0,4,2,1,,1,72,0,,3,4,0,1,108,900,1,, -1,1,0,1,130,15,11,3,42,42020,1,1,0,2,A72,45.628745,4.19858,5,2,2
202100028377,150Â 985,A01,10,3,2,0,0,-1,-1,2,3,1,2021,57.0,3,2,0,1,2,1,1,,4,2,0,D,1,1,0,1,0,0,1,, -1,1,0,1,50,19,7,2,68,68004,2,4,0,6,1 Rue Charles de Gaulle,47.622266,7.235506,7,2,1
202100028601,150Â 593,B01,1,1,1,5,2,8,-1,-1, -1,-1,2021,72.0,3,1,0,2,7,1,1,,4,BOIS DE NEFLES (ROUTE DE),0,,-1,2,0,1,0,0,1,, -1,2,0,1,50,16,7,1,974,97411,2,2,1,3,BOIS DE NEFLES (ROUTE DE),-20.8939,55.47841,10,2,2
202100036607,136Â 270,B01,1,1,1,5,2,8,-1,-1, -1,-1,2021,60.0,2,1,0,2,2,1,1,,4,EAU-COURANTE  ( BD DE L' ),0,,2,2,0,1,(1),(1),1,, -1,1,0,1,30,2,6,1,56,56121,2,1,0,3,EAU-COURANTE  ( BD DE L' ),47.75348,-3.36652,13,2,2
202100039722,130Â 579,A01,1,1,1,1,2,0,-1,0,0,-1,2021,46.0,0,1,0,0,0,1,3,,4,RUE BEAUBOURG,0,,1,2,0,1,(1),(1),1,, -1,2,0,1,50,16,5,1,75,75103,2,2,1,7,RUE BEAUBOURG,48.86428,2.355169,13,1,1
202100031135,146Â 087,A01,10,3,1,5,0,-1,-1,3,3,2,2021,79.0,2,2,0,1,2,26,1,,3,MARECHAL DE LATTRE DE TASSIGNY (AVENUE),0,,2,-1,0,1,46,410,1,, -1,1,0,1,50,26,6,1,30,30028,2,1,0,6,MARECHAL DE LATTRE DE TASSIGNY (AVENUE),44.16885,4.61685,8,2,1
202100041986,126Â 574,A01,1,1,2,9,1,0,-1,-1, -1,-1,2021,35.0,3,2,0,0,9,0,1,,1,A507 sens Marseille - Aubagne,0,,1,1,0,2,0,500,2,, -1,1,9,1,70,20,4,1,13,13055,1,1,0,7,A507 sens Marseille - Aubagne,43.3112217493,5.4245876036,15,1,1
202100018813,168Â 016,A01,1,1,2,5,1,0,-1,-1, -1,-1,2021,32.0,1,2,8,0,1,1,1,,3,BLANQUI (QU),0,,2,2,1,1,1,0,1,, -1,2,0,4,50,15,9,5,94,94002,2,4,1,6,Quai Blanqui,48.81448,2.41141,2,2,1
202100050905,110Â 688,B01,1,1,1,1,2,0,-1,0, -1,-1,2021,31.0,1,1,0,2,1,1,1,,4,SAINT MARC (DE 64 A 112 ET 91 A 125),0,,2,2,0,1,(1),(1),1,, -1,1,5,1,50,19,2,5,29,29019,2,3,0,1,Rue Saint-Marc,48.3976010692,-4.4671306014,21,2,2
202100011911,180Â 434,A01,1,1,1,5,1,-1,-1,0,0,-1,2021,23.0,2,2,8,0,2,14,1,,3,993,0,,2,2,0,2,52,275,2,, -1,1,0,3,90,22,10,3,12,12208,1,1,0,6,D993,43.97636,2.913437,0,2,2
202100024196,158Â 421,A01,1,1,1,5,2,6,-1,0,0,-1,2021,26.0,2,1,0,5,1,1,1,,3,340,0,A,3,4,0,2,1,350,3,, -1,1,0,1,110,15,8,1,67,67033,1,1,0,6,PK 001.350 autoroute A340,48.751927,7.692157,15,1,1
202100051232,110Â 105,A01,1,1,1,0,2,6,9,0,0,-1,2021,63.0,0,1,12,0,1,9,0,,3,820,0,D,3,4,0,1,8,200,1,, -1,1,0,4,110,18,2,1,7,7078,2,1,1,6,D820,45.2626179,4.707665,14,1,1
202100012210,179Â 891,A01,10,3,2,1,0,-1,-1,3,3,2,2021,47.0,3,2,0,1,1,1,1,,4,SAINT-HELIER,0,,1,2,1,4,0,0,1,, -1,1,0,1,50,19,10,1,35,35238,2,1,0,6,SAINT-HELIER,48.102672,-1.661295,11,3,1
202100012765,178Â 903,A01,1,1,1,5,2,-1,-1,0,0,-1,2021,54.0,3,1,0,2,8,9,5,,3,54,0,,2,2,0,1,8,250,2,,4,1,0,1,80,17,10,1,63,63204,1,4,0,3,RD 54,45.826792,3.199017,15,2,2
202100012670,179Â 069,A01,1,1,1,9,2,6,-1,0,0,-1,2021,17.0,2,1,0,2,3,3,1,,4,PLACE DE LA PORTE DE PANTIN,0,,1,3,0,1,(1),(1),1,, -1,1,0,1,30,16,10,5,75,75119,2,7,0,3,PLACE DE LA PORTE DE PANTIN,48.889507,2.395756,23,2,2
202100003509,195Â 473,A01,10,3,2,2,0,-1,-1,3,3,1,2021,18.0,2,2,0,1,2,1,1,,4,CRONSTADT (DE),0,,3,4,0,1,0,0,1,, -1,1,0,1,50,10,12,1,76,76351,2,1,0,6,CRONSTADT (DE),49.50292,0.11791,8,2,1
202100032212,144Â 184,A01,1,1,1,5,2,-1,-1,0,0,-1,2021,20.0,1,1,0,2,4,9,1,,3,D34,-1,,2,2,0,1,2,500,1,, -1,1,0,1,70,26,6,1,68,68012,1,1,0,2,D34,47.786417,7.150233,12,2,2
202100046774,118Â 163,A01,10,3,1,0,0,-1,-1,3,3,2,2021,7.0,0,1,0,1,1,17,1,,4,ROOSEVELT (AVENUE FRANKLIN)CANNET,0,,-1,2,0,1,(1),(1),1,, -1,1,0,1,50,23,3,2,6,6030,2,9,0,6,ROOSEVELT (AVENUE FRANKLIN)CANNET,43.57752,6.99818,18,2,1
202100024072,158Â 626,A01,2,2,1,5,8,-1,-1,0,0,-1,2021,16.0,2,2,0,0,9,0,1,,3,130,0,D,2,2,0,1,10,400,1,, -1,1,0,3,80,15,8,1,17,17367,1,1,0,7,D130,45.949947,-0.335528,7,2,1
202100022919,160Â 656,B01,2,2,2,0,2,0,-1,-1, -1,-1,2021,40.0,1,1,0,2,8,1,1,,4,RIVE NEUVE (QUAI DE),0,,2,3,3,1,0,0,1,, -1,1,0,1,50,21,8,2,13,13201,2,1,0,1,RIVE NEUVE (QUAI DE),43.293072602,5.3698849713,19,3,2
202100033149,142Â 508,A01,1,1,1,0,2,6,-1,0,0,-1,2021,43.0,1,1,4,0,7,1,1,,2,90,-1,,2,2,0,1,60,570,2,, -1,1,0,1,70,19,6,1,73,73006,1,1,0,6,N90 - Roches de Villette,45.542412,6.613791,17,1,1
202100039111,131Â 720,A01,10,3,1,0,0,-1,-1,3,3,1,2021,83.0,1,4,0,1,2,15,1,,4,MOULIN JEAN (AV),0,,2,3,0,1,(1),(1),1,, -1,1,0,1,50,5,5,1,34,34032,2,2,1,6,MOULIN JEAN (AV),43.346497,3.219029,11,2,1
202100038211,133Â 342,A01,10,3,2,1,0,-1,-1,4,3,1,2021,30.0,1,4,0,1,2,16,1,,4,RUE LA BOETIE,0,,1,3,0,1,(1),(1),1,, -1,1,0,1,50,25,5,1,75,75108,2,2,0,6,RUE LA BOETIE,48.873681,2.314523,7,2,1
202100042080,126Â 409,B01,1,1,1,0,2,0,-1,-1, -1,-1,2021,32.0,2,1,0,2,2,16,5,,4,REPUBLIQUE (PLACE DE LA),0,,1,1,0,1,0,0,2,, -1,1,0,1,50,27,4,1,92,92024,2,6,0,3,REPUBLIQUE (PLACE DE LA),48.9031299945,2.3132818937,9,2,2
202100004342,193Â 994,B01,1,1,2,4,8,-1,-1,0,0,-1,2021,24.0,1,2,0,0,4,2,1,,1,40,-1,,1,2,0,1,113,582,1,, -1,7,2,1,110,2,12,3,1,1087,1,1,0,2,A40,46.165328,5.671434,19,2,2
202100031117,146Â 121,A01,1,1,1,0,8,-1,-1,-1, -1,-1,2021,20.0,1,2,2,0,1,1,1,,4,QUAI CHAIGNEAU BICHON,0,,2,2,0,1,(1),(1),3,, -1,1,0,3,30,2,7,5,33,33249,2,1,0,6,Quai Chaigneau Bichon,44.87937,-0.53306,3,1,1
202100018987,167Â 693,A01,10,3,2,5,0,-1,-1,4,3,1,2021,34.0,2,2,0,1,2,1,1,,4,BOULEVARD MALESHERBES,0,,2,4,0,1,(1),(1),1,, -1,1,0,1,50,14,9,1,75,75117,2,2,0,6,BOULEVARD MALESHERBES,48.8899492903,2.3039665358,15,2,1
202100015590,173Â 814,B01,1,1,1,9,2,6,-1,-1, -1,-1,2021,22.0,1,1,0,2,8,1,2,,4,RUE CONDORCET,0,,1,1,0,1,(1),(1),1,, -1,1,0,1,50,1,10,1,33,33063,2,2,0,5,Rue Condorcet,44.8564,-0.5774,15,3,3
202100000884,200Â 166,A01,10,3,2,1,0,-1,-1,5,9,1,2021,32.0,3,2,0,1,2,25,1,,4,DAUDET (ALL. A.),0,,2,-1,0,2,(1),(1),1,, -1,1,6,4,30,4,11,1,4,4112,2,1,0,6,Av Georges Pompidou,43.826664,5.78192,10,2,1
202100034256,140Â 512,A01,1,1,1,5,1,0,-1,-1, -1,-1,2021,40.0,3,2,9,0,1,1,1,,7,CORDONNIER RUE DENIS,0,,3,0,0,1,(1),(1),1,, -1,1,5,1,50,9,6,5,59,59350,2,1,0,6,CORDONNIER RUE DENIS,50.6239,3.0806,3,1,1
202100048643,114Â 806,A01,1,1,1,1,2,6,-1,-1, -1,-1,2021,29.0,2,1,0,2,1,0,1,,1,4,0,,1,5,0,1,1,500,1,, -1,1,0,8,90,10,3,1,94,94018,1,1,0,2,A4,48.81831,2.40985,9,2,2
202100038259,133Â 261,A01,2,2,2,5,1,-1,-1,0,0,-1,2021,17.0,1,2,6,0,1,14,1,,3,237,0,A,2,2,0,1,(1),(1),1,, -1,1,0,1,80,27,5,1,202,202346,1,1,0,6,Torra,42.517161,9.466036,13,3,1
202100008309,186Â 871,A01,1,1,1,5,1,-1,-1,0,0,-1,2021,73.0,1,2,13,0,2,14,1,,3,D37,-1,,2,2,0,1,3,200,2,, -1,2,0,3,80,12,11,3,43,43078,1,1,0,7,D37,45.021961,3.929372,18,1,1
202100049701,112Â 900,A01,1,1,1,0,2,-1,-1,0,0,-1,2021,17.0,1,1,9,0,1,1,1,,4,,-1,,2,2,0,1,(1),(1),1,,"5,2",1,0,4,30,2,3,1,79,79101,2,1,0,6,19 Rue du Calvaire,46.478884,-0.599302,13,1,1