Num_Acc,id_vehicule,num_veh,place,catu,sexe,trajet,secu1,secu2,secu3,locp,actp,etatp,year_acc,victim_age,senc,catv,obs,obsm,choc,manv,motor,occutc,catr,voie,v1,v2,circ,nbv,vosp,prof,pr,pr1,plan,lartpc,larrout,surf,infra,situ,vma,jour,mois,lum,dep,com,agg_,int,atm,col,adr,lat,long,hour,nb_victim,nb_vehicules
202100007671,188Â 036,B01,1,1,1,4,2,0,-1,-1, -1,-1,2021,52.0,0,1,0,2,2,3,1,,2,Route nationale 186,0,,-1,3,0,1,0,0,1,, -1,1,0,1,70,17,11,3,94,94065,1,1,0,3,Route nationale 186,48.7539,2.3578,19,2,2
202100036751,136Â 013,A01,1,1,2,0,1,0,-1,-1, -1,-1,2021,22.0,1,2,8,2,1,1,1,,4,EMERAUDES (DES)                     (R ),0,,2,3,3,1,(1),(1),1,, -1,1,0,1,50,3,6,5,69,69386,2,2,0,3,EMERAUDES (DES) (R),45.76897,4.86044,1,3,2
202100000803,200Â 283,A01,1,1,1,5,1,-1,-1,0,0,-1,2021,20.0,2,2,0,2,1,1,1,,1,1,0,A,3,4,0,1,56,700,1,, -1,1,0,1,130,21,12,3,60,60508,1,1,0,2,A1 - PK 56+700 - SENS LILLE /PARIS,49.3112446751,2.6845178602,7,2,2
202100045591,120Â 236,A01,1,1,1,5,2,0,-1,-1, -1,-1,2021,58.0,1,1,12,0,1,14,1,,2,88 (ROUTE NATIONALE),0,,2,2,0,1,64,0,2,, -1,1,5,1,50,31,3,1,43,43157,1,1,0,7,Route Nationale 88,45.0000292431,3.8741876666,17,1,1
202100000881,200Â 170,B01,1,1,2,5,1,0,-1,-1, -1,-1,2021,51.0,3,2,0,2,5,26,1,,6,GROSS-UMSTADT (AVENUE DE),0,,-1,0,0,1,(1),(1),1,, -1,1,9,8,30,30,12,5,7,7281,2,1,0,2,GROSS-UMSTADT (AVENUE DE),44.94386,4.85669,19,2,2
202100052233,108Â 340,B01,1,1,1,5,2,0,-1,-1, -1,-1,2021,24.0,2,1,0,2,1,1,1,,3,GABRIEL-PERI (AV),0,,2,2,0,2,0,1,1,, -1,2,0,1,50,6,2,5,93,93070,2,3,1,3,GABRIEL-PERI (AV),48.9024149906,2.3306250572,22,2,2
202100022840,160Â 786,A01,1,1,1,5,2,9,-1,0,0,-1,2021,41.0,2,1,5,0,8,1,1,,1,89,-1,,1,2,0,2,155,0,3,, -1,1,0,8,130,19,8,1,24,24491,1,1,0,7,AUTOROUTE A89 PK 155.000,45.156491,1.144222,19,1,1
202100040105,129Â 909,B01,1,1,1,5,2,-1,-1,0,0,-1,2021,16.0,2,1,0,2,1,1,1,,3,D54,-1,,2,2,0,2,2,350,1,, -1,1,0,1,70,14,5,1,73,73010,1,1,0,1,D54 Rte de Cessens,45.7936760351,5.9254704289,18,2,2
202100049142,113Â 915,A01,10,3,2,0,0,-1,-1,2,3,1,2021,38.0,3,2,0,1,1,15,1,,4,JULES LAGAISSE (R),0,,2,2,0,1,0,0,1,, -1,1,0,6,30,5,3,1,94,94081,2,1,0,3,JULES LAGAISSE (R),48.79752,2.37995,16,2,1
202100028338,151Â 044,A01,1,1,1,5,2,6,-1,0,0,-1,2021,43.0,2,1,0,0,9,2,1,,3,126,-1,D,2,2,0,4,7,250,3,, -1,1,0,1,80,18,7,1,54,54311,1,1,0,7,D126,48.6699037949,6.3233023891,15,1,1
202100020242,165Â 456,A01,10,3,2,0,0,-1,-1,3,3,1,2021,58.0,0,2,0,1,0,1,0,,4,ROBERT SCHUMAN (RUE),0,,2,3,0,1,(1),(1),1,, -1,1,0,1,50,6,9,2,80,80021,2,1,0,6,ROBERT SCHUMAN (RUE),49.90751,2.30241,20,2,1
202100025043,156Â 891,A01,1,1,2,5,2,6,-1,0,0,-1,2021,30.0,1,1,0,0,1,1,1,,3,129,-1,,2,2,0,1,4,900,3,, -1,1,0,8,80,8,8,1,25,25525,1,1,0,7,Saint-Point-Lac RD 129 PK 4+900,46.818124,6.310412,16,1,1
202100041703,127Â 067,B01,1,1,2,1,1,-1,-1,0,0,-1,2021,48.0,0,2,0,2,8,19,1,,4,,0,,2,1,0,1,(1),(1),1,, -1,1,0,1,80,29,4,1,27,27421,1,2,0,3,Rue du Chateau d'Eau,48.905829,1.333508,16,2,2
202100055901,101Â 954,A01,1,1,1,0,2,6,-1,-1, -1,-1,2021,18.0,2,1,0,2,3,1,1,,4,JEAN CLAUDE BEZANIER (RUE),0,,2,2,0,1,(1),(1),1,, -1,2,0,1,50,7,1,1,78,78418,2,1,0,1,JEAN CLAUDE BEZANIER (RUE),48.91142,2.14905,9,2,2
202100004026,194Â 545,A01,1,1,1,1,2,0,-1,-1, -1,-1,2021,32.0,1,1,0,2,1,9,1,,3,Nations (Avenue),0,,2,2,0,1,1,26,1,, -1,1,6,1,50,7,11,1,57,57757,2,1,0,6,Nations (Avenue),49.35745,6.18742,11,2,2
202100049688,112Â 925,B01,1,1,1,9,8,0,-1,-1, -1,-1,2021,19.0,1,1,0,2,1,1,3,,3,PDT WILSON (Avenue),0,,1,2,1,1,0,0,1,, -1,1,0,5,50,1,3,1,92,92062,2,1,0,3,PDT WILSON (Avenue),48.8852318236,2.2255924344,17,2,2
202100024054,158Â 651,A01,1,1,1,5,2,-1,-1,0,0,-1,2021,40.0,2,1,0,5,2,1,5,,3,,-1,,2,2,0,4,50,10,3,,3,1,0,1,80,21,6,1,29,29018,1,1,0,6,Lieu Dit Kerflaconnier,48.3513701228,-3.8490495667,19,1,1
202100007563,188Â 223,A01,2,1,1,0,2,6,-1,-1, -1,-1,2021,26.0,3,1,0,2,8,15,1,,4,MONDON (RUE MONSEIGNEUR),0,,2,2,0,2,0,0,1,, -1,1,0,1,50,16,11,1,974,97411,2,3,0,3,MONDON (RUE MONSEIGNEUR),-20.89392,55.46037,10,2,2
202100023907,158Â 901,B01,3,2,1,5,3,0,-1,0,0,-1,2021,0.0,1,2,0,2,4,2,1,,4,PORTE DE SEVRES,0,,1,3,0,1,8,500,1,, -1,1,0,1,70,16,8,1,75,75115,2,1,0,2,BD PERIPHERIQUE INTERIEUR,48.83058,2.28285,10,3,2
202100020449,165Â 081,A01,1,1,1,5,2,8,-1,-1, -1,-1,2021,22.0,3,1,15,0,1,15,1,,4,SABLIERES PROLONGEE ( RUE DES ),0,,2,2,0,1,(1),(1),2,, -1,2,0,1,50,6,5,5,62,62119,2,9,0,6,SABLIERES PROLONGEE ( RUE DES ),50.52549,2.654593,3,1,1
202100043966,123Â 093,A01,1,1,1,5,1,-1,-1,0,0,-1,2021,91.0,1,2,0,2,3,19,1,,3,31,0,,2,2,0,1,27,738,1,, -1,1,0,1,80,16,4,1,2,2293,1,2,0,3,D13,49.934552,3.469437,15,2,2
202100047446,116Â 958,A01,2,2,2,5,1,-1,-1,0,0,-1,2021,64.0,1,2,0,2,7,13,1,,3,D40,-1,,2,2,0,1,5,800,2,, -1,1,0,1,80,20,3,1,91,91411,1,9,0,3,route de gometz D40,48.672302,2.086201,17,3,2
202100004063,194Â 486,A01,10,3,1,0,0,-1,-1,2,1,1,2021,48.0,3,2,0,1,1,2,1,,4,ALL DE BOUTAUT,0,,3,4,3,1,(1),(1),1,, -1,1,0,1,50,7,12,1,33,33075,2,1,0,6,AllÃ©e de Boutaut,44.87048,-0.5762,10,2,1
202100035295,138Â 614,A01,1,1,2,0,1,0,-1,0,0,-1,2021,19.0,2,2,0,2,2,21,1,,3,ZOLA (BOULEVARD EMILE),0,,2,1,0,1,0,401,1,, -1,1,0,1,30,10,6,1,6,6069,2,1,0,3,ZOLA (BOULEVARD EMILE),43.653124,6.918171,18,2,2
202100029698,148Â 714,A01,1,1,1,5,0,-1,-1,0,0,-1,2021,41.0,2,2,13,0,1,1,1,,3,RP2,0,,2,2,0,2,4,(1),2,, -1,2,0,8,50,11,7,2,988,98817,1,9,1,7,ROUTE DU VALLON DORE,-22.250144,166.566516,17,1,1
202100002670,197Â 005,A01,10,3,2,3,0,-1,-1,3,3,1,2021,91.0,2,2,0,1,2,1,1,,3,920,0,,2,1,0,1,10,720,1,,"3,5",1,0,1,50,18,12,1,12,12096,2,3,0,6,Boulevard Joseph Poulenc,44.522443,2.762825,10,2,1
202100025912,155Â 371,B01,1,1,2,4,1,-1,-1,0,0,-1,2021,54.0,1,2,0,2,8,15,1,,3,36,0,,2,2,0,1,0,570,1,, -1,1,0,1,50,2,8,1,1,1199,2,1,0,3,"Rue Samuel Pery, la route",46.053403,5.388207,18,2,2
202100011629,180Â 935,A01,10,3,2,0,0,-1,-1,3,3,1,2021,95.0,1,2,0,1,2,2,1,,7,ALPES AVENUE DES,0,,3,4,1,1,(1),(1),3,, -1,1,6,1,50,22,10,1,6,6027,2,6,0,6,ALPES AVENUE DES,43.660445,7.143681,10,2,1
202100040203,129Â 737,A01,1,1,1,5,1,0,-1,-1, -1,-1,2021,28.0,2,2,0,2,1,17,1,,4,MERLAN (AVENUE),0,,2,2,0,1,(1),(1),1,, -1,1,0,1,50,12,5,2,13,13214,2,1,0,4,MERLAN (AVENUE),43.33536,5.40736,20,4,3
202100054527,104Â 310,A01,10,3,1,3,0,-1,-1,3,3,1,2021,87.0,2,2,0,1,2,1,1,,3,19,0,,2,2,0,1,21,800,1,, -1,1,0,8,50,18,1,1,31,31395,2,1,1,6,30 Avenue Roger TissandiÃ©,43.458371,1.334442,15,2,1
202100004373,193Â 943,B01,1,1,1,0,2,0,-1,-1, -1,-1,2021,24.0,1,1,0,2,0,1,1,,2,N118,0,,1,2,0,1,4,349,1,, -1,1,0,1,90,7,12,1,92,92048,1,1,0,3,N118,48.7925437743,2.2193625701,9,2,2
202100051630,109Â 405,A01,2,2,1,5,8,-1,-1,0,0,-1,2021,45.0,1,2,2,0,1,1,1,,3,976,-1,,2,2,0,1,5,300,1,, -1,1,0,1,80,14,2,3,58,58126,1,1,0,6,10 Route de Bourges,46.945979,3.093327,3,2,1
202100043212,124Â 418,A01,10,3,2,0,0,-1,-1,5,5,2,2021,12.0,1,2,0,1,1,1,1,,3,GALLIENI (BD) (1 A 79 ET 22 A 102),0,,2,0,0,1,0,0,1,, -1,1,0,1,50,16,4,1,92,92078,2,1,0,6,GALLIENI (BD) (1 A 79 ET 22 A 102),48.9267430004,2.3290908337,16,2,1
202100034847,139Â 421,A01,2,2,1,5,1,-1,-1,0,0,-1,2021,22.0,2,2,13,0,1,1,1,,3,952,0,A,2,2,0,4,(1),(1),2,, -1,1,0,3,80,12,6,2,54,54316,1,1,0,6,D958,48.8892136139,5.9326171875,21,2,1
202100007374,188Â 574,A01,1,1,1,5,1,-1,-1,0,0,-1,2021,23.0,0,2,8,0,2,0,1,,3,D101,0,,2,1,0,1,9,0,1,, -1,2,0,3,80,20,11,2,60,60137,1,2,1,7,D101,49.435566,2.527671,7,1,1
202100008546,186Â 461,B01,1,1,1,0,1,-1,-1,0,0,-1,2021,50.0,1,2,0,2,2,5,1,,7,29,0,,2,2,0,1,2,900,1,, -1,1,0,1,70,10,11,1,37,37172,2,1,0,1,Avenue Gustave Eiffel,47.4395485559,0.6994067878,17,2,2
202100051769,109Â 164,B01,1,1,1,0,1,0,-1,-1, -1,-1,2021,23.0,2,2,0,2,8,18,1,,1,86,0,,3,7,0,1,9,899,2,, -1,1,0,1,90,10,2,3,92,92036,1,1,0,3,AUTOROUTE A86,48.9386090333,2.3110311142,21,2,2
202100002219,197Â 824,B01,1,1,1,0,2,0,-1,-1, -1,-1,2021,22.0,1,1,0,2,3,3,1,,1,AUTOROUTE A86,0,,3,5,0,1,13,600,1,, -1,1,0,1,90,17,12,3,93,93066,1,1,0,3,AUTOROUTE A86,48.922545,2.353057,18,3,3
202100006822,189Â 583,A01,1,1,2,5,1,0,-1,-1, -1,-1,2021,33.0,2,2,0,2,8,1,1,,3,JEAN COMPAGNON (QU),0,,2,2,0,1,1,0,1,, -1,1,9,1,50,22,11,5,94,94041,2,2,0,3,Quai Jean Compagnon,48.81913,2.39941,21,2,2
202100048464,115Â 132,B01,2,2,2,5,1,-1,-1,0,0,-1,2021,41.0,1,2,0,2,4,2,1,,1,750,0,A,3,4,0,1,14,500,1,, -1,1,0,8,130,13,2,3,34,34163,1,1,0,6,PK  14+500 autoroute A750,43.629312,3.712445,19,3,2
202100006675,189Â 850,A01,1,1,2,3,2,6,-1,-1, -1,-1,2021,55.0,1,1,0,0,3,21,1,,3,FRANCOIS MITTERAND ( AVENUE),0,,2,5,0,1,75,958,1,, -1,1,9,1,50,23,11,1,31,31483,2,1,0,7,FRANCOIS MITTERAND ( AVENUE),43.11262,0.7503,15,1,1
202100011053,181Â 965,B01,1,1,2,5,1,0,-1,-1, -1,-1,2021,34.0,1,2,0,2,1,1,1,,2,PALAIS ROYAL,0,,2,2,0,1,(1),(1),1,, -1,1,5,1,70,24,10,1,971,97101,2,3,0,3,PALAIS ROYAL,16.2936412447,-61.4948773384,16,4,2
202100034376,140Â 295,A01,2,2,2,5,2,5,9,0,0,-1,2021,25.0,2,1,16,0,0,1,1,,3,122,-1,,2,2,0,1,(1),(1),3,, -1,1,0,3,80,15,6,1,28,28137,1,1,0,7,RD122,48.567556,1.69794,20,2,1
202100033617,141Â 673,C01,1,1,1,0,1,0,-1,-1, -1,-1,2021,35.0,1,3,0,2,3,2,1,2.0,4,VISTE (AVENUE DE LA),0,,2,2,0,1,0,0,1,, -1,1,0,1,50,18,6,1,13,13215,2,1,0,5,VISTE (AVENUE DE LA),43.3602,5.35751,18,7,5
202100010205,183Â 464,A01,1,1,1,5,2,6,-1,0,0,-1,2021,17.0,3,1,0,2,1,2,1,,4,VC,0,B,2,2,0,1,46,4,3,, -1,1,0,1,50,31,10,1,71,71388,2,1,0,3,le bourg,46.4970998468,4.2107949434,16,3,2
202100004416,193Â 867,A01,1,1,1,5,2,6,-1,-1, -1,-1,2021,53.0,2,1,0,0,1,15,1,,3,QU BLANQUI,0,,2,2,0,1,1,0,2,, -1,2,0,1,50,4,12,1,94,94002,2,1,0,6,Quai Blanqui,48.80474,2.41137,13,1,1
202100028432,150Â 895,A01,1,1,1,5,1,0,-1,-1, -1,-1,2021,27.0,2,2,0,2,3,0,1,,1,A42  4.020 A 4.353   GEN/LYON,0,,1,3,0,1,4,100,1,, -1,2,0,1,90,17,7,3,1,1275,1,1,0,2,A42  4.020 A 4.353   GEN/LYON,45.80768,4.927889,2,2,2
202100014384,176Â 000,A01,10,3,2,3,0,-1,-1,1,1,1,2021,89.0,1,5,0,1,4,4,3,,4,,0,,2,1,0,1,(1),(1),1,, -1,1,6,6,30,8,10,1,26,26362,2,3,0,6,49 Rue Madier de Montjau,44.932674,4.893894,9,2,1
202100020784,164Â 495,A01,1,1,1,5,2,6,-1,0,0,-1,2021,26.0,2,1,0,2,3,9,1,,1,1,0,A,1,3,0,1,57,300,1,,"13,5",1,0,1,130,6,9,1,60,60369,1,9,0,3,Autoroute A1 PK 57+300 sens LILLE/PARIS,49.3166052201,2.6859406187,19,3,2
202100005125,192Â 619,Y01,1,1,1,2,0,-1,-1,0,0,-1,2021,10.0,3,1,0,2,8,19,5,,4,PRESSENCE (RUE FRANCIS DE),0,,2,2,0,1,0,0,1,, -1,1,0,1,30,2,12,1,92,92062,2,1,0,3,Rue Francis de PressensÃ©,48.8762447454,2.2358813882,8,2,2
202100001854,198Â 484,A01,1,1,1,5,2,6,-1,-1, -1,-1,2021,22.0,1,1,0,2,1,17,1,,4,VERDUN (RUE),0,,2,2,0,1,(1),(1),1,, -1,1,5,1,50,15,12,2,70,70550,2,3,0,3,VERDUN (RUE),47.61883,6.15785,16,2,2
202100015883,173Â 285,B01,1,1,1,5,1,0,-1,-1, -1,-1,2021,49.0,1,2,0,2,2,13,1,,4,,0,,-1,2,0,1,(1),(1),1,, -1,2,0,1,50,10,7,1,85,85194,2,1,1,3,Rue du Taillis,46.52499,-1.79167,13,2,2
202100009136,185Â 380,B01,1,1,1,0,2,6,-1,-1, -1,-1,2021,44.0,1,1,0,2,4,23,1,,4,JEAN JAURES (BOULEVARD) 217/FIN - 210/FI,0,,2,2,0,1,0,0,1,, -1,1,0,1,50,6,11,5,92,92012,2,1,0,2,JEAN JAURES (BOULEVARD) 217/FIN - 210/FI,48.839365287,2.2402323927,20,2,2
202100002080,198Â 081,A01,10,3,1,5,0,-1,-1,3,3,1,2021,62.0,2,5,0,1,1,0,1,,3,817,-1,,2,2,0,1,39,300,1,, -1,1,9,6,70,22,12,2,64,64448,2,1,0,6,RD 817,43.343185,-0.471656,8,2,1
202100025984,155Â 234,B01,1,1,1,0,1,-1,-1,-1, -1,-1,2021,31.0,3,2,0,2,4,2,1,,4,BD JOLIOT-CURIE,0,,3,6,2,3,(1),(1),1,, -1,1,2,1,50,1,8,1,33,33063,2,1,0,4,Boulevard Joliot-Curie,44.83456,-0.55195,17,8,4
202100016165,172Â 747,B01,1,1,1,0,2,0,-1,-1, -1,-1,2021,37.0,1,1,0,2,1,1,1,,4,BOULEVARD DE LA PRAIRIE DE MAUVES,0,,3,2,0,1,(1),0,1,, -1,1,0,1,80,24,9,1,44,44109,1,1,0,1,BOULEVARD DE LA PRAIRIE DE MAUVES,47.225649,-1.495856,17,2,2
202100023144,160Â 245,B01,2,2,1,0,1,0,-1,-1, -1,-1,2021,55.0,2,2,0,2,2,0,1,,4,BENFLEET RUE DE,0,,1,1,0,1,1,0,1,, -1,1,0,1,50,21,8,1,93,93063,2,3,0,3,Rue de Benfleet / Rue Oradour sur Glane,48.877974,2.440408,15,3,2
202100033879,141Â 203,A01,10,3,2,1,0,-1,-1,5,8,1,2021,47.0,1,3,0,1,2,20,1,1.0,4,RUE LA FAYETTE,0,,1,3,3,1,(1),(1),1,, -1,1,0,4,50,17,6,1,75,75109,2,1,0,6,RUE LA FAYETTE,48.876999,2.348275,10,2,1
202100033539,141Â 822,A01,10,3,1,5,0,-1,-1,3,3,1,2021,24.0,0,5,0,1,1,0,0,,4,MARINIERS (DES)                       (R,0,,1,1,0,1,(1),(1),1,, -1,1,0,1,50,18,6,1,69,69389,2,3,0,6,MARINIERS (DES)  (R),45.78358,4.80912,15,2,1
202100014774,175Â 306,B01,1,1,1,0,2,6,-1,-1, -1,-1,2021,16.0,2,1,0,2,1,1,1,,4,EUGENIE (RUE),0,,2,2,0,1,(1),0,1,, -1,1,0,1,50,6,10,1,83,83069,2,1,0,2,EUGENIE (RUE),43.121656,6.115,12,2,2
202100026956,153Â 527,A01,1,1,1,9,1,0,-1,-1, -1,-1,2021,38.0,2,5,1,0,1,14,1,,3,GENERAL LECLERC (AV DU),0,,3,2,3,1,1,0,1,, -1,2,9,6,50,26,7,1,94,94046,2,1,1,2,Avenue du GÃ©nÃ©ral Leclerc,48.81485,2.42278,17,3,2
202100017266,170Â 790,A01,10,3,1,5,0,-1,-1,1,B,3,2021,26.0,2,2,0,1,1,0,1,,3,134,0,,2,2,0,1,47,180,1,, -1,2,0,1,50,26,9,3,17,17250,2,1,0,6,Rue de la Forge,45.505715,-0.525807,6,4,1
202100002765,196Â 827,B01,1,1,1,5,2,6,-1,-1, -1,-1,2021,39.0,3,1,0,2,7,1,1,,4,DUBOUT (AVENUE ALBERT),0,,2,0,0,1,(1),(1),1,, -1,1,0,1,50,13,11,1,34,34172,2,1,0,3,DUBOUT (AVENUE ALBERT),43.6034872117,3.8904409111,12,2,2
202100024224,158Â 371,B01,1,1,1,0,2,0,-1,-1, -1,-1,2021,27.0,2,1,0,2,7,1,1,,1,AUTOROUTE A1,0,,3,8,0,1,0,500,1,, -1,1,1,1,90,13,8,1,93,93066,1,1,0,3,AUTOROUTE A1,48.90615,2.35833,13,2,2
202100032725,143Â 275,A01,1,1,1,0,1,0,-1,-1, -1,-1,2021,54.0,1,2,9,0,1,0,1,,3,7,0,,-1,2,0,1,0,0,1,, -1,1,0,4,50,16,6,1,92,92040,2,1,0,6,STALINGRAD (QUAI DE),48.82505,2.25768,10,1,1
202100038352,133Â 080,A01,1,1,1,5,1,8,-1,-1, -1,-1,2021,22.0,1,2,2,0,2,13,1,,3,HO CHI MINH ( AV. ),0,,2,2,0,1,2,900,1,, -1,2,0,4,50,22,5,1,56,56098,2,1,1,6,HO CHI MINH ( AV. ),47.77308,-3.33478,8,2,1
202100037231,135Â 133,A01,4,2,2,5,0,0,-1,0,0,-1,2021,15.0,1,2,13,0,9,21,1,,3,RD904,0,,2,2,0,1,(1),(1),1,, -1,1,0,1,30,26,5,4,54,54528,2,1,0,7,RD904,48.696558,5.895071,1,5,1
202100001264,199Â 502,A01,1,1,1,1,1,0,-1,-1, -1,-1,2021,43.0,1,5,0,2,8,21,1,,1,A86 INT,0,,3,6,0,1,42,99,1,, -1,2,0,1,90,27,12,1,94,94022,1,1,1,3,A86 INT,48.776755299,2.4185973987,8,2,2
202100053691,105Â 761,A01,1,1,2,1,2,6,-1,-1, -1,-1,2021,42.0,2,1,0,2,1,3,1,,1,AUTOROUTE A3,0,,3,6,0,1,5,500,1,, -1,1,0,1,90,26,1,1,93,93053,1,1,0,2,AUTOROUTE A3,48.8849,2.47142,10,2,2
202100002697,196Â 951,C01,1,1,1,1,2,6,-1,0,0,-1,2021,48.0,2,1,0,2,4,23,1,,3,700,0,,2,2,0,2,38,500,1,, -1,1,0,1,80,17,12,3,22,22171,1,1,0,5,D 700 PR 38.500,48.420322,-2.822789,17,5,5
202100038153,133Â 453,A01,1,1,2,0,1,0,-1,-1, -1,-1,2021,89.0,1,2,0,2,2,1,1,,3,ROUTE DE BOISVINS,0,,2,2,0,2,0,0,2,, -1,1,0,1,70,25,5,1,971,97101,1,1,0,3,ROUTE DE BOISVINS,16.26451,-61.47707,9,2,2
202100037838,134Â 023,A01,1,1,1,9,2,6,-1,0,0,-1,2021,47.0,2,1,1,0,2,14,1,,4,BOULEVARD ROMAIN ROLLAND,0,,1,1,0,1,(1),(1),1,, -1,1,0,1,50,27,5,5,75,75114,2,1,0,6,BOULEVARD ROMAIN ROLLAND,48.822015,2.315629,23,1,1
202100013842,176Â 951,A01,1,1,1,0,2,0,-1,0,0,-1,2021,19.0,3,1,0,2,1,0,5,,4,CARMES DECHAUX (PLACE),0,,1,1,0,1,(1),(1),1,, -1,1,0,1,50,5,10,2,63,63113,2,2,0,3,CARMES DECHAUX (PLACE),45.78346,3.09441,18,2,2
202100032885,142Â 983,A01,1,1,1,1,8,0,-1,0,0,-1,2021,56.0,1,1,0,1,7,21,1,,7,ESPAGNE (RTE D) DU 2AU 403,0,,3,3,3,1,2,357,1,, -1,1,6,6,50,22,6,1,31,31555,2,1,0,6,ESPAGNE (RTE D) DU 2AU 403,43.54716,1.41939,9,2,1
202100009310,185Â 062,B01,1,1,1,0,2,6,-1,-1, -1,-1,2021,57.0,1,1,6,2,2,1,1,,4,THOMAS RUE DU LIEUTENANT,0,,1,2,0,1,1,0,1,, -1,2,0,1,30,4,11,1,93,93006,2,1,1,3,THOMAS RUE DU LIEUTENANT,48.8598,2.4198,16,2,2
202100050684,111Â 094,A01,1,1,1,5,2,6,-1,0,0,-1,2021,16.0,2,1,0,2,0,21,1,,3,,0,D,2,2,0,1,(1),(1),1,, -1,2,0,1,80,21,2,1,22,22078,1,1,0,6,Kergoff (Hengoat),48.7668030607,-3.1914058192,17,2,2
202100018048,169Â 369,A01,1,1,2,4,1,-1,-1,0,0,-1,2021,21.0,1,2,15,0,1,1,1,,3,341,-1,,2,2,0,1,86,700,1,, -1,1,0,4,50,20,9,1,62,62268,2,1,0,6,Route de Boulogne,50.6698,1.820565,14,1,1
202100036826,135Â 875,B01,1,1,1,9,2,6,-1,0,0,-1,2021,50.0,3,1,0,2,8,0,1,,4,ST LAURENT CHEMIN DE,0,,2,2,0,2,(1),(1),1,, -1,1,0,1,50,2,6,1,6,6027,2,1,0,3,ST LAURENT CHEMIN DE,43.664748,7.172049,19,2,2
202100008034,187Â 368,B01,1,1,1,0,8,0,-1,-1, -1,-1,2021,72.0,3,1,0,2,3,1,5,,3,LIBERTE (AVENUE DE LA),0,,2,1,0,1,0,100,3,, -1,1,0,1,80,12,11,1,28,28404,2,1,0,1,LIBERTE (AVENUE DE LA),48.7300301919,1.3266241548,15,2,2
202100021503,163Â 200,A01,1,1,1,3,8,0,-1,-1, -1,-1,2021,74.0,1,0,0,1,0,1,3,,3,60,0,,2,2,0,1,1,0,1,, -1,1,0,1,50,1,9,1,92,92071,2,1,0,6,HOUDAN (RUE),48.77906,2.29038,11,2,1
202100000702,200Â 458,B01,1,1,2,0,1,0,-1,0,0,-1,2021,22.0,1,2,0,2,4,2,1,,4,,0,,3,4,1,1,(1),(1),1,, -1,1,0,1,50,31,12,5,6,6088,2,3,0,4,ARIANE (BD DE L'),43.734105,7.292184,18,4,3
202100013731,177Â 162,A01,1,1,1,5,2,6,-1,0,0,-1,2021,15.0,3,1,1,0,1,1,1,,4,,-1,,2,2,0,1,(1),(1),1,,4,1,0,3,50,13,10,1,1,1004,2,1,0,6,125 Rue de la RÃ©publique,45.9627235062,5.3528111129,16,1,1
202100052685,107Â 558,B01,1,1,1,1,2,6,-1,0,0,-1,2021,57.0,1,1,0,2,3,1,1,,4,BOULEVARD PERIPHERIQUE,0,,1,4,0,1,27,100,1,, -1,1,0,1,70,3,2,2,75,75119,2,1,0,3,BOULEVARD PERIPHERIQUE,48.88566,2.397454,17,2,2
202100052795,107Â 354,B01,1,1,1,5,2,8,-1,-1, -1,-1,2021,17.0,2,1,0,2,1,1,1,,3,FERRIERE (AVENUE DE),0,,2,2,0,1,1,367,1,, -1,2,0,1,50,1,2,1,9,9122,2,3,1,3,FERRIERE (AVENUE DE),42.9536699484,1.6148179024,13,3,2
202100025828,155Â 524,A01,1,1,1,5,1,-1,-1,0,0,-1,2021,70.0,3,2,2,0,1,1,1,,4,,-1,,2,1,0,4,(1),(1),3,,3,1,2,8,50,3,8,1,11,11181,2,1,0,6,Chemin des Brunels,43.392255,2.007735,13,1,1
202100052917,107Â 132,A01,10,3,1,9,0,-1,-1,2,3,1,2021,33.0,1,1,0,1,1,1,3,,4,BOULEVARD SAINT DENIS,0,,4,1,0,1,(1),(1),1,, -1,1,0,1,30,1,2,1,75,75110,2,3,0,6,BOULEVARD SAINT DENIS,48.8690588725,2.3554322912,15,2,1
202100014234,176Â 245,A01,1,1,1,5,2,0,-1,-1, -1,-1,2021,23.0,1,1,12,0,2,26,3,,4,,0,,2,0,0,1,0,0,1,, -1,1,0,1,50,9,10,4,92,92012,2,1,0,7,SEVRES (RUE DE) 1/55 - 2/40,48.8315559782,2.230052948,1,1,1
202100027711,152Â 178,A01,2,2,1,5,8,0,-1,-1, -1,-1,2021,21.0,1,2,8,0,2,14,1,,4,RUE DU COUDRAY,0,,2,1,0,1,0,0,2,, -1,1,0,1,30,18,7,1,77,77458,2,1,0,6,RUE DU COUDRAY,48.19036,2.73586,20,2,1
202100033170,142Â 473,A01,1,1,1,0,1,0,-1,-1, -1,-1,2021,19.0,1,2,0,2,3,17,1,,2,RN3 (3),0,,1,3,0,2,(1),(1),1,, -1,1,0,1,110,19,6,3,974,97416,1,1,0,5,RN3 (3),-21.31913,55.48952,19,3,3
202100019001,167Â 671,Z01,10,3,2,9,0,8,-1,3,3,2,2021,27.0,2,1,0,1,1,1,0,,4,BOULEVARD DIDEROT,0,,2,4,0,1,(1),(1),1,, -1,2,0,1,30,14,9,1,75,75112,2,3,0,6,BOULEVARD DIDEROT,48.847147,2.385029,9,3,1
202100024751,157Â 406,B01,10,3,1,5,0,-1,-1,2,3,1,2021,39.0,0,2,0,2,4,23,0,,4,LAC (RTE DU),0,,2,2,0,1,(1),(1),1,, -1,1,0,1,30,10,8,1,33,33529,2,1,0,2,Route du Lac,44.52731,-1.17088,19,3,2