Num_Acc,id_vehicule,num_veh,place,catu,sexe,trajet,secu1,secu2,secu3,locp,actp,etatp,year_acc,victim_age,senc,catv,obs,obsm,choc,manv,motor,occutc,catr,voie,v1,v2,circ,nbv,vosp,prof,pr,pr1,plan,lartpc,larrout,surf,infra,situ,vma,jour,mois,lum,dep,com,agg_,int,atm,col,adr,lat,long,hour,nb_victim,nb_vehicules
202100025996,155Â 213,A01,10,3,2,0,0,-1,-1,5,9,2,2021,27.0,0,2,15,0,1,25,0,,9,ESTAQUE PLAGE,0,,-1,2,0,1,0,0,1,, -1,1,9,4,50,2,8,5,13,13216,2,1,0,1,ESTAQUE PLAGE,43.3578,5.31947,1,3,1
202100044919,121Â 433,A01,10,3,2,0,0,-1,-1,3,3,-1,2021,24.0,1,2,0,1,1,1,1,,3,MAIN (BOULEVARD) 48 A 72 et CHAMOISERIE,0,,2,5,1,1,75,363,1,,10,1,2,1,50,6,4,1,79,79191,2,1,0,7,,46.32473,-0.46797,12,2,1
202100025980,155Â 242,B01,1,1,1,0,8,0,-1,-1, -1,-1,2021,48.0,1,2,0,2,1,15,1,,4,LAVEDAN (RUE HENRI LAVEDAN),0,,2,2,0,1,(1),(1),1,, -1,1,0,1,50,1,8,5,45,45234,2,2,0,1,39 Rue du Faubourg de Bourgogne,47.901804,1.923945,1,2,2
202100023125,160Â 278,A01,1,1,2,1,2,6,-1,0,0,-1,2021,46.0,1,1,0,2,1,24,1,,2,RN814,0,,1,2,0,1,1,0,1,, -1,2,0,1,110,21,8,1,14,14383,1,1,1,2,N814,49.14437,-0.40575,12,2,2
202100035726,137Â 854,A01,10,3,1,2,0,-1,-1,2,5,1,2021,9.0,2,2,0,1,7,1,1,,4,DUKAS PAUL,0,,2,2,0,1,(1),(1),1,, -1,1,5,1,30,8,6,1,29,29019,2,1,0,6,Rue Paul Dukas,48.4086739249,-4.4981825352,21,2,1
202100009701,184Â 365,A01,4,2,2,5,1,-1,-1,-1, -1,-1,2021,5.0,1,2,0,2,1,2,1,,2,RN346   29.300 A 34.350,0,,3,6,0,1,32,700,3,, -1,2,0,1,90,3,11,1,69,69275,1,1,0,2,RN346   29.300 A 34.350,45.7734,4.98439,9,7,2
202100018206,169Â 065,B01,1,1,1,9,1,-1,-1,-1, -1,-1,2021,35.0,1,5,0,2,4,1,1,,4,ROCADE A 630,0,,3,2,0,1,(1),(1),1,, -1,2,0,1,80,18,9,1,33,33162,1,1,1,2,ROCADE A 630,44.87239,-0.65834,17,4,2
202100055818,102Â 097,B01,2,2,2,3,2,0,-1,-1, -1,-1,2021,18.0,3,1,0,2,8,1,1,,4,VICTOR HUGO (RUE),0,,2,2,0,1,(1),(1),1,, -1,1,9,1,30,8,1,5,10,10325,2,9,0,1,VICTOR HUGO (RUE),48.2666,4.062,18,3,2
202100012220,179Â 876,A01,1,1,2,1,2,4,-1,0,0,-1,2021,58.0,0,1,0,0,0,1,5,,4,CORBEAU (RUE CHARLES),0,,1,1,0,1,(1),(1),1,, -1,2,0,4,50,19,10,2,27,27229,2,1,1,7,CORBEAU (RUE CHARLES),49.02427,1.14979,7,1,1
202100012846,178Â 762,A01,1,1,1,5,2,6,-1,0,0,-1,2021,20.0,1,1,0,2,1,2,1,,4,QUIMPER ( RUE DE),0,,3,2,0,1,(1),(1),1,, -1,1,0,1,50,16,10,1,29,29039,2,1,0,2,Rue de Quimper,47.889182,-3.917816,16,2,2
202100025862,155Â 456,A01,1,1,1,5,2,-1,-1,0,0,-1,2021,15.0,2,1,0,2,7,5,1,,3,RD73,0,C,2,2,0,2,0,800,2,, -1,1,0,1,80,14,3,1,38,38032,1,1,0,3,route neuve,45.329695,5.122204,17,2,2
202100045791,119Â 900,A01,10,3,1,5,0,-1,-1,3,3,1,2021,70.0,2,2,0,1,2,15,1,,4,RUE LEGENDRE,0,,1,1,0,1,(1),(1),1,, -1,1,0,1,50,31,3,1,75,75117,2,2,0,6,RUE LEGENDRE,48.88913,2.322751,10,2,1
202100033339,142Â 174,A01,1,1,1,5,2,8,-1,-1, -1,-1,2021,17.0,1,1,2,0,1,14,5,,4,ETANG (RUE  DE L' ),0,,2,2,0,1,(1),(1),3,, -1,1,0,4,30,11,6,1,56,56098,2,1,0,6,ETANG (RUE  DE L' ),47.76638,-3.32031,12,1,1
202100046704,118Â 295,A01,1,1,1,5,2,6,-1,0,0,-1,2021,46.0,3,1,9,0,0,0,1,,4,65,0,D,2,2,0,1,(1),(1),1,, -1,1,0,1,50,22,3,1,27,27022,2,1,0,7,Rue de la Chartreuse,49.170141,1.347376,11,1,1
202100046180,119Â 224,B01,1,1,1,5,2,-1,-1,0,0,-1,2021,53.0,3,1,0,2,0,2,5,,4,,-1,,2,2,0,1,(1),(1),1,, -1,1,0,1,80,29,3,1,53,53243,1,2,0,3,la jaslerie,48.155141,-0.877608,15,2,2
202100009413,184Â 876,A01,1,1,2,0,1,0,-1,-1, -1,-1,2021,50.0,2,2,0,2,1,1,1,,4,GENCAY (ROUTE DE),0,,2,4,0,1,(1),(1),1,, -1,2,0,1,50,3,11,1,86,86194,2,2,1,3,Route de Gencay,46.567486,0.357563,15,3,2
202100014184,176Â 340,B01,1,1,1,0,2,6,-1,0,0,-1,2021,40.0,1,1,0,2,1,1,1,,3,BIJUDE (CHEMIN DE LA ),0,,2,2,0,1,1,0,1,, -1,1,0,1,50,9,10,1,14,14125,1,1,0,3,D79B,49.23074,-0.37625,11,2,2
202100046651,118Â 379,B01,1,1,2,4,1,0,-1,-1, -1,-1,2021,27.0,1,2,0,2,5,2,1,,3,R MARCEL HARTMANN,0,,1,1,0,1,1,0,1,, -1,1,0,1,50,25,3,1,94,94041,2,6,0,2,MARCEL HARTMANN (R),48.80522,2.38905,14,2,2
202100038387,133Â 021,B01,1,1,1,5,2,6,-1,0,0,-1,2021,62.0,1,1,0,2,1,9,1,,4,GABRES (PONT DES),0,,3,4,0,1,(1),(1),1,, -1,1,9,1,50,25,5,1,6,6029,2,1,0,3,GABRES (PONT DES),43.552312,7.029093,17,2,2
202100019064,167Â 564,A01,10,3,1,5,0,-1,-1,1,2,1,2021,92.0,1,1,0,1,1,1,5,,3,117,-1,,2,2,0,2,(1),(1),1,, -1,1,0,1,-1,14,9,1,85,85282,2,1,0,6,Rue de Chavagnes,46.703737,-0.978988,9,2,1
202100015772,173Â 476,A01,10,3,2,5,0,-1,-1,2,3,1,2021,32.0,2,1,0,1,1,1,0,,3,50,0,,2,2,0,1,0,0,1,, -1,2,0,1,50,1,10,1,92,92046,2,1,1,6,GABRIEL PERI,48.8192951042,2.3042334954,11,2,1
202100052321,108Â 193,B01,1,1,1,5,2,0,-1,0,0,-1,2021,13.0,2,1,0,2,1,1,1,,4,AVENUE VICTOR HUGO,0,,2,2,0,1,(1),(1),1,, -1,2,0,1,50,6,2,5,75,75116,2,3,1,3,AVENUE VICTOR HUGO,48.868814,2.283326,21,2,2
202100020487,165Â 016,B01,1,1,1,0,1,0,-1,-1, -1,-1,2021,26.0,3,2,0,2,4,26,1,,2,11 - RT,0,,1,4,0,1,1,0,1,, -1,1,0,1,70,6,9,1,202,202120,2,1,0,2,11 - RT,42.65,9.44,12,3,2
202100043403,124Â 081,A01,1,1,1,1,1,8,-1,-1, -1,-1,2021,24.0,1,2,0,2,2,21,1,,1,A13W,0,,3,4,0,2,22,0,1,, -1,1,0,1,110,20,4,1,78,78007,1,1,0,4,A13W,48.897143,2.006424,17,4,3
202100023294,159Â 977,A01,1,1,2,0,2,8,-1,-1, -1,-1,2021,17.0,3,1,0,0,2,15,1,,4,RIBOT (THEODULE),0,,2,2,0,1,1,0,1,, -1,1,0,1,50,18,8,1,22,22278,2,1,0,7,RIBOT (THEODULE),48.5174274131,-2.7786742006,17,2,1
202100027970,151Â 707,A01,10,3,2,1,0,-1,-1,4,3,1,2021,27.0,3,1,0,1,2,1,1,,4,PLACE SAINT AUGUSTIN,0,,2,4,0,1,(1),(1),1,, -1,1,0,1,50,20,7,1,75,75108,2,7,0,6,PLACE SAINT AUGUSTIN,48.87503,2.319875,18,2,1
202100008369,186Â 773,A01,1,1,2,5,8,0,-1,0,0,-1,2021,21.0,1,1,0,2,4,13,5,,4,RUE LA FAYETTE,0,,1,3,3,1,(1),(1),1,, -1,1,0,1,30,12,11,5,75,75109,2,3,0,2,RUE LA FAYETTE,48.876009,2.344522,19,2,2
202100040603,129Â 037,A01,1,1,1,5,2,8,-1,-1, -1,-1,2021,25.0,2,1,0,2,5,26,1,,3,MARQUISATS (AVENUE DES),0,,2,2,0,1,1,0,1,, -1,1,0,1,50,8,5,1,74,74010,2,1,0,2,MARQUISATS (AVENUE DES),45.8836764518,6.1420655251,16,2,2
202100014263,176Â 200,A01,1,1,2,0,1,-1,-1,0,0,-1,2021,56.0,2,2,8,0,1,13,1,,3,D943,-1,,2,2,0,1,80,233,1,, -1,1,0,3,90,10,10,1,36,36194,1,1,0,6,Brisepaille,46.912286,1.330622,12,1,1
202100017770,169Â 852,A01,1,1,1,5,2,6,-1,-1, -1,-1,2021,51.0,1,1,4,0,1,2,1,,1,AUTOROUTE A1,0,,-1,6,0,1,190,500,1,, -1,1,0,1,130,21,9,1,62,62637,1,1,0,6,AUTOROUTE A1,50.465252,2.975487,8,1,1
202100053298,106Â 464,A01,1,1,1,5,0,-1,-1,0,0,-1,2021,30.0,1,0,0,0,7,1,3,,3,,-1,,2,2,0,1,(1),(1),1,, -1,1,5,1,50,29,1,1,72,72154,2,6,0,3,Boulevard du QuÃ©bec,47.708029,-0.068391,13,2,2
202100003815,194Â 934,A01,1,1,1,9,2,6,-1,0,0,-1,2021,54.0,2,1,0,2,7,1,1,,1,A13Y,0,,3,2,0,1,1,0,1,, -1,1,0,1,110,10,12,3,75,75116,1,1,0,2,A13Y,48.8482649185,2.2422891855,17,2,2
202100009350,184Â 994,A01,1,1,1,1,2,6,9,0,0,-1,2021,26.0,2,1,0,2,1,17,1,,3,255,0,,2,2,0,2,11,950,3,, -1,1,0,1,80,6,11,2,64,64495,1,1,0,1,D255,43.373939,-1.545897,17,2,2
202100008913,185Â 797,A01,1,1,1,5,2,6,-1,-1, -1,-1,2021,24.0,2,1,0,2,1,3,1,,1,13,0,,3,3,0,1,6,800,1,, -1,1,0,1,110,6,11,1,92,92047,1,1,0,5,A13,48.8349273762,2.1744658284,14,12,5
202100035264,138Â 667,A01,1,1,1,0,2,0,-1,-1, -1,-1,2021,29.0,2,1,0,2,1,1,1,,4,JAURES (RUE JEAN),0,,2,2,0,1,(1),(1),1,, -1,1,0,1,50,9,6,1,37,37233,2,2,0,6,JAURES (RUE JEAN),47.3899750814,0.7259827852,13,2,2
202100037097,135Â 395,A01,1,1,1,0,1,-1,-1,0,0,-1,2021,54.0,1,2,0,2,3,13,1,,3,840,0,,2,3,0,2,29,350,1,, -1,1,0,1,90,2,6,1,12,12016,1,1,0,1,D840,44.518289,2.343661,15,2,2
202100005599,191Â 799,B01,1,1,1,2,0,-1,-1,0,0,-1,2021,13.0,2,1,0,2,3,19,5,,4,,-1,,2,2,0,2,(1),(1),1,,4,2,0,8,50,1,12,1,52,52250,2,2,1,3,CARREFOUR RUE DE LA GENEVROYE ET SAINT-EXUPÃRY,48.441835,5.151869,11,2,2
202100015414,174Â 154,B01,1,1,1,5,0,-1,-1,0,0,-1,2021,19.0,1,1,0,0,7,1,3,,3,56.2,-1,,2,2,0,1,2,220,3,,4,1,0,1,30,27,9,1,68,68118,2,6,0,3,D56.2,47.728402,7.420809,19,2,2
202100052307,108Â 218,A01,1,1,2,5,1,0,-1,0,0,-1,2021,20.0,1,2,1,2,0,1,1,,4,VINGT SIXIEME R.I. (BOULEVARD DU 46 A FI,0,,3,4,0,1,(1),(1),1,, -1,2,0,1,50,7,2,5,54,54395,2,1,1,6,VINGT SIXIEME R.I. (BOULEVARD DU 46 A FI,48.6967095796,6.189241223,1,1,1
202100051209,110Â 142,A01,1,1,1,0,1,-1,-1,0,0,-1,2021,48.0,1,2,2,0,1,1,1,,3,4,-1,,2,2,0,1,16,950,1,, -1,1,0,3,80,14,2,2,1,1333,1,1,0,6,Route de Meximieux,45.924558,4.986956,18,1,1
202100048812,114Â 517,A01,1,1,1,5,0,-1,-1,0,0,-1,2021,42.0,1,1,3,9,1,16,5,,3,43,-1,,2,2,0,2,17,80,3,, -1,1,0,3,80,8,3,1,46,46144,1,1,0,6,lieu dit pech des boules,44.84018,1.551257,17,1,1
202100012274,179Â 787,A01,10,3,2,0,0,-1,-1,4,3,1,2021,30.0,1,1,0,1,1,1,1,,3,913,0,,2,2,0,1,0,0,1,, -1,1,0,1,50,19,10,2,92,92050,2,2,0,6,JOFFRE MARECHAL AVENUE DU,48.8854114202,2.1960194651,19,2,1
202100005342,192Â 239,B01,1,1,1,0,2,0,-1,-1, -1,-1,2021,35.0,3,1,0,2,1,17,1,,4,AMPERE,0,,2,2,0,1,(1),(1),1,, -1,2,0,1,30,1,12,2,17,17306,2,1,1,3,AMPERE,45.631162,-0.997081,17,2,2
202100010227,183Â 429,B01,1,1,1,0,2,6,-1,0,0,-1,2021,46.0,2,1,0,2,1,1,1,,3,402,0,,2,2,0,1,67,76,1,, -1,1,0,1,50,29,10,5,77,77183,2,3,0,1,D402,48.947521,3.133213,7,2,2
202100056015,101Â 757,A01,1,1,1,1,1,0,-1,-1,0,-1,2021,43.0,1,2,0,2,1,1,1,,1,15,0,,3,8,0,1,23,0,1,, -1,1,0,1,90,6,1,1,95,95500,1,1,0,2, A15,49.0362595262,2.0951139775,12,2,2
202100052957,107Â 060,B01,1,1,2,0,1,-1,-1,0,0,-1,2021,22.0,1,2,0,2,9,1,1,,3,73,0,,2,2,0,4,1,0,1,, -1,2,2,1,80,2,2,1,38,38001,1,1,1,1,D73,45.530132,5.556529,10,2,2
202100014524,175Â 746,B01,1,1,1,1,2,6,-1,-1, -1,-1,2021,27.0,1,1,0,2,2,3,1,,1,A50-Sens Marseille vers Aubagne,0,,1,3,0,1,0,600,1,, -1,1,0,1,90,5,10,2,13,13210,1,1,0,3,A50-Sens Marseille vers Aubagne,43.28398,5.40339,18,2,2
202100026651,154Â 067,B01,1,1,2,1,1,8,-1,-1, -1,-1,2021,45.0,1,2,0,2,4,2,1,,4,NEY PLACE,0,,2,2,0,1,1,0,1,, -1,1,0,1,50,2,7,1,49,49007,2,1,0,2,NEY PLACE,47.4787210195,-0.5440552533,8,2,2
202100044134,122Â 786,B01,1,1,2,4,1,0,-1,-1, -1,-1,2021,44.0,1,2,0,2,4,15,1,,4,CONSEIL DES QUINZE (RUE DU),0,,2,4,1,1,0,0,1,, -1,1,0,1,50,9,4,2,67,67482,2,3,0,2,CONSEIL DES QUINZE (RUE DU),48.590625,7.782041,7,2,2
202100048130,115Â 710,A01,1,1,1,4,2,0,-1,-1, -1,-1,2021,18.0,2,1,0,0,8,1,1,,4,BERNARD PALISSY (RUE),0,,2,2,0,1,0,0,3,, -1,2,0,1,50,12,3,5,77,77014,2,1,0,7,BERNARD PALISSY (RUE),48.41329,2.72183,19,1,1
202100052832,107Â 287,B01,1,1,2,4,1,-1,-1,0,0,-1,2021,32.0,2,3,0,2,3,23,1,3.0,3,436,0,,2,2,0,1,14,600,1,, -1,1,0,1,50,1,2,2,77,77192,2,1,0,1,6 Avenue Pasteur,48.70609,2.870189,17,4,2
202100040301,129Â 565,B01,1,1,1,1,2,8,-1,-1, -1,-1,2021,34.0,3,1,0,2,1,1,1,,4,BASSIN PLAT(CHEMIN),0,,2,2,0,1,0,0,1,, -1,1,0,1,50,11,5,1,974,97416,1,1,0,1,BASSIN PLAT(CHEMIN),-21.332291,55.498153,8,5,2
202100036945,135Â 660,A01,10,3,2,0,0,-1,-1,3,3,1,2021,15.0,1,1,0,1,1,1,1,,7,NEUBOURG. RUE DU (RN 840),0,,2,2,0,2,2,200,1,, -1,1,0,1,50,1,6,1,76,76231,2,1,0,6,NEUBOURG. RUE DU (RN 840),49.28002,1.00747,8,2,1
202100044983,121Â 324,Y01,1,1,1,1,0,-1,-1,0,0,-1,2021,23.0,2,1,0,2,7,19,5,,4,GARENNE,0,,2,2,0,1,0,1,1,, -1,1,5,1,50,6,4,1,93,93066,2,2,0,1,GARENNE,48.9426917239,2.3847031247,9,2,2
202100044893,121Â 474,A01,10,3,1,5,0,-1,-1,2,3,1,2021,42.0,2,2,0,1,3,11,1,,3,94,0,D,2,2,0,3,18,60,1,, -1,1,0,1,50,7,4,1,31,31284,2,1,1,6,D 94,43.554714,1.566764,18,2,1
202100041022,128Â 291,A01,2,2,2,5,2,6,-1,0,0,-1,2021,27.0,1,1,13,0,1,1,1,,3,994,-1,,2,2,0,3,2,765,3,, -1,1,0,3,90,8,5,1,5,5126,1,1,0,7,RD 994 - Le Collet,44.388992,5.458703,14,2,1
202100028225,151Â 242,B01,1,1,2,5,2,-1,-1,0,0,-1,2021,57.0,3,1,0,2,1,1,6,,3,56,-1,D,2,2,0,1,(1),(1),1,,3,1,0,1,50,20,7,1,24,24392,2,3,0,3,Peneyral,44.956842,1.273298,10,6,2
202100034533,140Â 003,A01,1,1,1,1,1,-1,-1,0,0,-1,2021,37.0,1,2,1,0,1,1,1,,3,946,-1,,2,2,0,1,1,760,1,, -1,1,0,3,80,15,6,2,59,59212,1,1,0,6,Rue de Merville,50.643011,2.697514,5,1,1
202100010611,182Â 766,A01,1,1,1,5,0,-1,-1,0,0,-1,2021,38.0,1,2,13,0,5,1,1,,3,906,-1,,2,2,0,1,(1),(1),1,, -1,1,0,3,-1,28,10,3,63,63291,1,9,0,6,D906,45.950462,3.480473,21,1,1
202100008966,185Â 691,A01,1,1,1,5,2,4,-1,0,0,-1,2021,34.0,2,1,0,2,1,1,5,,4,AVENUE DE VERSAILLES,0,,3,3,3,1,(1),(1),1,, -1,1,0,1,50,7,11,1,75,75116,2,3,0,3,AVENUE DE VERSAILLES,48.841689,2.266865,11,2,2
202100049135,113Â 926,A01,1,1,1,1,8,0,-1,0,0,-1,2021,25.0,2,1,1,0,1,14,5,,4,BOULEVARD JULES FERRY,0,,1,1,0,1,(1),(1),1,, -1,2,0,1,50,5,3,5,75,75111,2,1,0,6,BOULEVARD JULES FERRY,48.867151,2.368229,1,1,1
202100035727,137Â 852,B01,1,1,1,5,2,6,-1,-1, -1,-1,2021,33.0,1,1,0,2,2,1,1,,4,MONTAIGNE (DE 98 ET 113 A FIN),0,,3,2,0,1,(1),(1),1,, -1,1,5,1,50,30,5,1,29,29019,2,2,0,3,Boulevard Montaigne,48.401236,-4.484051,18,2,2
202100048534,115Â 001,B01,1,1,1,2,2,6,-1,-1, -1,-1,2021,16.0,2,1,0,2,3,1,1,,3,AQUITAINE (AVENUE DE L'),0,,2,6,1,1,6,487,2,, -1,1,0,1,50,8,3,1,64,64102,2,9,0,3,AQUITAINE (AVENUE DE L'),43.48581,-1.47179,17,2,2
202100000828,200Â 246,A01,10,3,2,0,0,-1,-1,9,B,1,2021,56.0,0,2,0,1,0,0,1,,4,LECLERC. RUE DU GENERAL,0,,-1,1,0,1,0,0,1,, -1,1,6,8,10,17,12,5,76,76540,2,1,0,6,LECLERC. RUE DU GENERAL,49.4397,1.09129,16,2,1
202100042606,125Â 466,B01,1,1,1,4,2,0,-1,-1, -1,-1,2021,20.0,2,1,0,2,1,1,5,,4,QUATRE RUELLES (R DES),0,,2,2,0,1,1,0,1,, -1,1,5,8,50,25,4,1,94,94033,2,9,0,1,Rue des 4 Ruelles,48.8552,2.45318,19,2,2
202100006809,189Â 605,A01,1,1,2,0,1,0,-1,-1, -1,-1,2021,36.0,1,2,0,2,1,1,1,,1,A86 INT,0,,1,4,0,1,39,700,1,, -1,1,0,1,90,23,11,1,94,94028,1,1,0,2,A86 INT,48.7902,2.4405,13,3,2
202100032172,144Â 246,B01,1,1,1,5,2,-1,-1,0,0,-1,2021,15.0,2,1,0,2,1,1,1,,3,971,0,,2,2,0,1,14,0,1,, -1,1,0,1,50,26,6,1,71,71528,2,2,0,1,Rue de la Mare au PrÃªtre,46.6261697648,5.1751457083,16,2,2
202100000496,200Â 817,A01,10,3,1,5,0,-1,-1,1,3,1,2021,43.0,1,3,0,1,2,1,3,,9,THOLOZE (RUE),0,,-1,0,0,1,(1),(1),1,, -1,1,4,6,1,7,6,1,59,59606,2,8,0,6,THOLOZE (RUE),50.3610386221,3.520206213,16,2,1
202100014061,176Â 562,A01,1,1,1,4,1,-1,-1,0,0,-1,2021,38.0,2,4,16,0,7,1,1,,1,39,-1,,1,2,0,1,133,500,2,, -1,1,0,3,90,11,10,1,1,1038,1,1,0,7,A39 - PK 133.500,46.345621,5.286338,14,1,1
202100035643,138Â 006,A01,1,1,1,5,2,6,-1,-1, -1,-1,2021,22.0,2,1,0,2,3,3,1,,1,A51-Sens Marseille vers Aix en Provence,0,,1,2,0,1,12,500,1,, -1,1,0,1,90,9,6,1,13,13001,1,1,0,3,A51-Sens Marseille vers Aix en Provence,43.49222,5.40693,18,2,2
202100045464,120Â 470,A01,1,1,1,1,2,6,-1,0,0,-1,2021,16.0,2,1,0,2,3,13,1,,3,221,-1,,2,2,0,1,1,855,3,, -1,1,0,1,80,2,4,1,35,35135,1,1,0,1,Les Naudieres,48.23428,-1.968356,18,2,2
202100005017,192Â 816,A01,10,3,1,5,8,8,-1,2,3,1,2021,31.0,1,2,0,1,1,1,1,,4,BAUDIN (BOULEVARD PAUL),0,,2,2,0,1,(1),(1),1,, -1,1,0,1,50,2,12,5,45,45208,2,1,0,6,Boulevard Paul Baudin,48.0007870339,2.7341237739,21,2,1
202100048269,115Â 471,A01,1,1,2,5,8,0,-1,-1, -1,-1,2021,20.0,1,2,0,2,1,1,1,,7,AVENUE GÃNÃRAL LECLERC,0,,3,2,1,1,83,500,1,, -1,1,5,1,50,12,3,5,38,38423,2,2,0,3,Route de Grenoble,45.2201,5.69152,23,3,2
202100043330,124Â 211,A01,1,1,1,4,2,8,-1,0,0,-1,2021,29.0,1,1,0,2,1,19,1,,4,RABELAIS (RUE FRANCOIS ),0,,2,2,0,1,(1),(1),1,, -1,1,0,1,50,20,4,1,42,42187,2,3,0,3,Rue Rabelais,46.04076,4.05637,20,2,2
202100043481,123Â 939,A01,1,1,1,5,2,0,-1,-1, -1,-1,2021,52.0,1,1,8,0,1,1,3,,3,911,0,,1,2,0,1,0,0,1,, -1,1,0,4,50,19,4,1,92,92036,2,1,0,6,CAMELINAT (BOULEVARD) (68   +),48.9282796798,2.2988408804,14,1,1
202100005197,192Â 484,B01,1,1,1,1,1,0,-1,-1, -1,-1,2021,41.0,1,2,0,2,4,2,1,,1,AUTOROUTE A1,0,,3,8,0,1,2,0,1,, -1,1,0,1,90,2,12,3,93,93066,1,1,0,4,AUTOROUTE A1,48.92141,2.35741,18,3,3
202100018723,168Â 171,A01,10,3,1,0,0,-1,-1,4,3,1,2021,38.0,3,2,0,1,1,1,1,,3,VERSAILLES (AV DE),0,,1,2,0,1,0,0,1,, -1,2,0,1,50,14,9,5,94,94073,2,2,1,1,VERSAILLES (AV DE),48.76126,2.40307,23,2,1
202100047267,117Â 273,B01,1,1,2,0,2,0,-1,-1, -1,-1,2021,41.0,1,1,0,2,1,17,1,,4,JEAN BAPTISTE CLEMENT (AVENUE) 49/FIN -,0,,2,3,0,1,0,0,1,, -1,1,0,1,50,20,3,2,92,92012,2,2,0,3,JEAN BAPTISTE CLEMENT (AVENUE) 49/FIN -,48.8447411673,2.2344477475,18,2,2
202100005442,192Â 068,B01,9,2,2,2,8,-1,-1,0,0,-1,2021,16.0,1,3,0,2,1,21,1,11.0,3,943,0,,2,2,0,2,2,700,1,, -1,1,0,1,90,2,12,3,37,37039,1,1,0,1,D943,47.051821,1.090543,7,12,2
202100019154,167Â 392,B01,3,2,2,5,1,0,-1,-1, -1,-1,2021,86.0,2,2,0,2,7,1,1,,4,BOIS DE GRACE (BOULEVARD DU),0,,2,0,0,1,(1),(1),1,, -1,1,0,1,50,13,9,1,77,77083,2,6,0,3,PYRAMIDES (AVENUE DES),48.85021,2.58519,18,4,2
202100026110,155Â 024,A01,1,1,2,4,2,0,-1,-1, -1,-1,2021,32.0,2,1,4,0,8,1,1,,3,RD 41 (ROCADE),0,,3,4,0,2,0,500,1,, -1,2,0,1,60,30,7,5,972,97209,2,1,1,6,RD 41 (ROCADE),14.616166,-61.054085,21,1,1
202100007850,187Â 704,B01,1,1,1,4,2,0,-1,0,0,-1,2021,35.0,1,1,0,2,8,1,1,,4,AVENUE DE SAINT OUEN,0,,2,4,0,1,(1),(1),1,, -1,2,0,1,30,16,11,5,75,75118,2,3,1,3,AVENUE DE SAINT OUEN,48.889552,2.326312,20,2,2
202100028769,150Â 303,A01,1,1,1,5,0,-1,-1,0,0,-1,2021,27.0,-1,5,0,0,0,1,1,,3,,-1,,2,2,0,1,21,500,1,,5,2,0,3,70,17,7,3,69,69178,1,1,1,7,MONTBRISON (DE) (RTE),45.702043,4.460256,4,1,1
202100033148,142Â 509,A01,3,2,2,0,3,-1,-1,0,0,-1,2021,7.0,2,2,13,0,1,1,1,,3,486,-1,,2,2,0,1,35,400,2,, -1,2,0,3,80,21,6,1,25,25384,1,1,1,7,D486,47.459724,6.314521,18,2,1
202100030755,146Â 782,A01,2,2,2,0,1,0,-1,-1, -1,-1,2021,32.0,1,2,4,0,1,1,1,,2,ROUTE NATIONALE 5,0,,2,7,0,1,0,100,1,, -1,1,0,1,70,2,7,5,972,97213,1,1,0,6,ROUTE NATIONALE 5,14.59667,-60.99641,22,2,1
202100013791,177Â 054,A01,2,2,2,0,1,0,-1,-1, -1,-1,2021,49.0,2,2,0,2,1,2,1,,1,AUTOROUTE A2,0,,3,4,0,1,52,514,1,, -1,1,0,1,110,8,10,1,59,59288,1,1,0,5,AUTOROUTE A2,50.320201,3.422417,15,7,6
202100025182,156Â 647,A01,10,3,1,4,4,9,-1,1,3,1,2021,39.0,1,2,0,1,2,21,1,,3,999,-1,,2,2,0,1,57,30,1,, -1,1,8,1,90,2,8,1,12,12208,1,1,1,6,D999,43.954363,2.931569,14,2,1
202100045806,119Â 878,B01,1,1,1,5,2,0,-1,-1, -1,-1,2021,78.0,1,1,0,2,0,0,0,,3,GAMBETTA (AV),0,,3,12,0,1,(1),(1),1,, -1,1,0,1,30,31,3,1,94,94022,2,2,0,3,Rue Rouget de Lisle,48.7629303844,2.403707656,9,2,2
202100039206,131Â 543,A01,8,2,1,5,1,-1,-1,0,0,-1,2021,20.0,2,2,0,2,5,19,1,,3,,-1,,2,2,0,1,(1),(1),1,,4,1,0,1,50,20,5,4,30,30258,2,2,0,3,Boulevard Chanzy,43.672975,4.434884,22,3,2
202100008761,186Â 077,A01,1,1,1,1,8,0,-1,0,0,-1,2021,23.0,1,1,0,2,7,5,5,,4,BOULEVARD DE LA TOUR MAUBOURG,0,,2,2,3,1,(1),(1),1,, -1,1,-1,6,30,9,11,1,75,75107,2,2,0,3,BOULEVARD DE LA TOUR MAUBOURG,48.858068,2.310007,9,2,2
202100056074,101Â 651,A01,1,1,2,4,8,0,-1,-1, -1,-1,2021,42.0,1,1,0,2,1,1,5,,4,JEAN JAURES (BD),0,,2,2,0,2,0,0,2,, -1,1,0,1,50,6,1,1,94,94034,2,3,0,1,JEAN JAURES (BD),48.75503,2.31864,12,2,2
202100002070,198Â 097,B01,1,1,1,5,0,-1,-1,0,0,-1,2021,81.0,1,1,0,9,1,2,5,,3,930,0,,2,2,0,1,36,800,1,, -1,1,0,1,50,21,12,1,32,32107,2,1,0,6,Avenue d Aquitaine,43.959405,0.367768,16,2,2
202100031692,145Â 110,A01,1,1,2,5,1,-1,-1,0,0,-1,2021,25.0,0,2,0,2,1,2,1,,3,840,-1,,2,2,0,1,21,125,1,, -1,2,0,1,80,29,6,1,27,27424,1,1,1,2,D840,48.920723,0.939438,11,2,2