Num_Acc,id_vehicule,num_veh,place,catu,sexe,trajet,secu1,secu2,secu3,locp,actp,etatp,year_acc,victim_age,senc,catv,obs,obsm,choc,manv,motor,occutc,catr,voie,v1,v2,circ,nbv,vosp,prof,pr,pr1,plan,lartpc,larrout,surf,infra,situ,vma,jour,mois,lum,dep,com,agg_,int,atm,col,adr,lat,long,hour,nb_victim,nb_vehicules
202100020650,164Â 716,B01,1,1,1,5,2,9,-1,0,0,-1,2021,47.0,1,1,0,0,9,1,5,,3,662,-1,,3,2,0,1,27,500,2,, -1,1,5,1,80,5,9,1,57,57535,1,1,0,7,Rue Nationale,49.053856,7.33883,10,2,2
202100002802,196Â 760,A01,10,3,2,1,0,-1,-1,3,3,1,2021,33.0,2,1,0,1,0,13,1,,4,R GABRIEL PERI ,0,,2,2,0,1,1,0,1,, -1,1,0,1,30,14,12,5,94,94081,2,1,0,7,GABRIEL PERI (R),48.79568,2.40002,20,2,1
202100005578,191Â 832,B01,1,1,1,1,0,-1,-1,0,0,-1,2021,34.0,2,1,0,2,7,1,5,,3,421,-1,,2,2,0,1,3,0,1,, -1,2,0,1,80,1,12,3,67,67302,1,1,0,1,D421,48.743017,7.40515,4,3,2
202100020142,165Â 624,B01,1,1,1,0,1,-1,-1,0,0,-1,2021,40.0,1,2,0,2,1,1,1,,3,14,-1,,2,2,0,1,(1),(1),3,, -1,1,0,1,80,8,9,1,58,58002,1,1,0,1,D14,47.448785,3.050183,18,3,2
202100019869,166Â 127,B01,1,1,1,5,2,6,-1,-1, -1,-1,2021,29.0,3,1,0,2,7,16,1,,4,RD 956,0,,3,4,0,1,(1),(1),1,, -1,1,0,1,50,7,9,1,41,41212,1,6,0,3,PATTE D'OIE (rond point),47.56178,1.37253,9,2,2
202100025477,156Â 127,A01,1,1,1,4,2,6,-1,0,0,-1,2021,36.0,1,1,0,2,8,3,1,,4,AVENUE DE LA PORTE DE BAGNOLET,0,,2,7,0,1,(1),(1),1,, -1,1,0,1,50,5,8,1,75,75120,2,3,0,3,AVENUE DE LA PORTE DE BAGNOLET,48.864776,2.410148,14,2,2
202100054574,104Â 226,A01,1,1,2,1,1,0,-1,-1, -1,-1,2021,35.0,3,2,0,0,1,10,1,,4,BAB (Boulevard),0,,3,4,0,1,0,0,1,, -1,2,0,1,50,16,1,1,64,64024,2,1,1,1,BAB (Boulevard),43.49754,-1.50435,9,2,2
202100013250,178Â 057,B01,1,1,2,5,8,0,-1,0,0,-1,2021,11.0,1,1,0,2,1,19,5,,3,PETITE-SUISSE (AVENUE DE LA),0,,2,2,2,1,(1),(1),1,, -1,1,-1,1,50,14,10,1,54,54079,2,1,0,6,PETITE-SUISSE (AVENUE DE LA),48.88343,6.04519,18,2,2
202100046076,119Â 392,B01,1,1,1,9,1,0,0,-1, -1,-1,2021,35.0,2,2,0,2,1,1,1,,4,ALBERT MARCELLIN,0,,2,2,0,1,(1),(1),1,, -1,1,0,1,50,29,3,1,66,66136,2,1,0,3,ALBERT MARCELLIN,42.6892,2.89325,13,2,2
202100025529,156Â 036,A01,1,1,1,5,2,6,-1,0,0,-1,2021,63.0,1,1,0,0,7,16,1,,3,317,0,,2,2,0,3,73,0,3,, -1,9,0,1,80,6,8,1,50,50580,1,3,0,7,D317,49.529286,-1.754685,14,1,1
202100017924,169Â 582,A01,1,1,2,5,1,-1,-1,0,0,-1,2021,35.0,1,2,0,0,3,1,1,,3,88,0,,2,2,0,1,(1),(1),1,, -1,1,0,3,80,19,9,1,22,22131,1,1,0,7,Kernavenan,48.5326423172,-3.4714635345,15,1,1
202100041844,126Â 824,A01,1,1,1,5,2,6,-1,0,0,-1,2021,38.0,2,1,13,0,1,1,1,,3,909,-1,,2,2,0,1,21,50,2,, -1,1,0,3,90,2,5,1,61,61344,1,1,0,6,CD 909,48.655607,-0.225434,19,1,1
202100019585,166Â 623,A01,1,1,1,5,2,6,-1,0,0,-1,2021,21.0,1,1,0,2,1,1,1,,3,26,-1,,2,2,0,2,8,800,3,, -1,1,0,1,80,12,9,1,83,83035,1,1,0,1,412 MontÃ©e du Vieux Camp,43.23355,5.765851,15,2,2
202100010682,182Â 625,A01,10,3,2,5,0,-1,-1,1,3,3,2021,14.0,1,2,0,1,1,11,1,,3,CATAYEE (JUSTIN),0,,2,3,3,1,1,10,1,, -1,1,0,1,50,27,10,1,973,97302,2,1,0,6,CATAYEE (JUSTIN),4.93011,-52.32595,13,4,1
202100052968,107Â 038,A01,1,1,2,5,1,-1,-1,-1, -1,-1,2021,41.0,1,2,0,2,6,2,1,,4,TONY GARNIER                        (AV),0,,3,5,0,1,(1),(1),1,, -1,2,0,1,50,30,1,1,69,69387,2,3,1,2,TONY GARNIER (AV),45.7300447432,4.8238770318,9,2,2
202100014522,175Â 751,A01,1,1,1,5,2,6,9,0,0,-1,2021,52.0,1,1,0,2,2,17,1,,3,6015,-1,,2,2,0,1,49,1001,1,, -1,1,0,1,70,9,10,1,76,76718,1,1,0,3,Route Departementale 6015,49.61803,0.741191,11,2,2
202100032241,144Â 134,A01,1,1,2,5,1,0,-1,-1, -1,-1,2021,20.0,2,2,0,2,1,7,1,,4,,0,,2,2,3,1,(1),(1),1,, -1,1,0,1,50,25,6,1,69,69383,2,2,0,1,LACASSAGNE (AV),45.74585,4.88761,18,2,2
202100021562,163Â 096,B01,1,1,1,0,2,6,-1,-1, -1,-1,2021,46.0,1,1,1,0,1,2,1,,1,6,0,,1,12,0,2,8,220,1,, -1,1,0,2,110,1,9,3,91,91689,1,1,0,2,AUTOROUTE A6B,48.738083,2.319166,0,2,2
202100014608,175Â 603,A01,1,1,2,0,8,-1,-1,-1, -1,-1,2021,50.0,3,1,0,2,8,1,5,,4,CRS DE LA MARNE,0,,2,2,3,1,(1),(1),1,, -1,1,-1,1,50,7,10,1,33,33063,2,7,1,3,Cours de la Marne,44.82866,-0.56293,10,2,2
202100033848,141Â 257,A01,5,2,1,5,8,-1,-1,0,0,-1,2021,20.0,1,2,13,0,9,1,1,,3,LE GUENNEC LOUIS BOULEVARD,0,,3,4,0,1,0,100,2,, -1,1,3,1,50,16,6,1,29,29232,2,1,0,6,D34B - Boulevard Louis le Guennec,47.98505,-4.11141,7,5,1
202100033085,142Â 605,A01,10,3,2,1,0,-1,-1,4,3,1,2021,58.0,2,1,0,1,1,7,3,,4,RUE BEAUBOURG,0,,1,3,3,1,(1),(1),1,, -1,1,0,6,50,21,6,1,75,75103,2,2,0,6,RUE BEAUBOURG,48.862714,2.354291,18,2,1
202100041174,128Â 001,A01,1,1,1,5,2,-1,-1,0,0,-1,2021,17.0,1,1,0,2,1,11,1,,3,955,-1,,2,2,0,1,0,0,1,, -1,2,0,1,50,6,5,1,28,28061,2,1,1,3,Avenue du GÃ©nÃ©ral de Gaulle,48.21266,1.162593,18,2,2
202100035572,138Â 132,A01,10,3,1,5,0,-1,-1,3,3,2,2021,3.0,2,2,0,1,7,1,1,,4,,0,,1,2,0,1,0,0,1,, -1,1,0,1,50,8,6,1,92,92063,2,1,0,6,FOUILLEUSE (AVENUE DE),48.8626267419,2.1937358379,21,3,1
202100028593,150Â 609,B01,1,1,1,1,1,-1,-1,-1,0,-1,2021,28.0,2,2,0,2,7,1,1,,1,AUTOROUTE A15,0,,3,6,0,1,18,200,1,, -1,1,0,1,110,16,7,1,95,95488,1,1,0,3,A15,49.01343,2.14822,18,2,2
202100004028,194Â 540,B01,1,1,2,1,2,8,-1,-1, -1,-1,2021,46.0,2,1,0,2,7,1,1,,3,724,0,,1,3,0,1,101,1,2,, -1,2,5,1,50,8,12,4,56,56098,2,6,1,3,LANN-SEVELIN (ROND POINT DE),47.77811,-3.34386,7,2,2
202100048996,114Â 174,B01,1,1,1,5,1,-1,-1,0,0,-1,2021,49.0,2,2,2,2,1,1,1,,3,928,0,D,2,2,0,4,9,900,1,, -1,1,5,1,50,6,3,1,82,82125,2,2,0,3,Avenue de Montauban,43.959828,1.237802,16,3,2
202100001238,199Â 559,A01,1,1,1,4,1,-1,-1,0,0,-1,2021,39.0,1,4,0,0,6,2,1,,1,A62,0,,1,3,0,1,217,713,1,, -1,1,0,1,130,4,11,3,31,31091,1,9,0,2,A62 pk 217.800,43.716302,1.401975,1,2,2
202100054187,104Â 890,A01,10,3,1,5,0,-1,-1,1,3,1,2021,19.0,1,5,0,1,2,21,1,,4,RUE DANTON,0,,2,2,0,1,0,100,1,, -1,2,0,1,50,22,1,3,91,91201,2,1,1,6,RUE DANTON,48.68138,2.40516,1,2,1
202100047896,116Â 122,A01,10,3,2,9,0,-1,-1,5,2,1,2021,36.0,3,2,0,2,5,1,1,,4,OLIVIER (RUE JULES),0,,1,1,0,1,0,0,1,, -1,1,0,1,30,15,3,1,974,97411,2,2,0,3,Rue Jules Olivier,-20.87974,55.45448,15,4,2
202100041539,127Â 356,B01,1,1,1,0,8,0,-1,-1, -1,-1,2021,51.0,3,1,0,0,4,2,5,,4,MERMOZ (RUE JEAN),0,,2,3,0,2,(1),(1),1,, -1,1,0,1,70,3,5,2,28,28085,2,1,1,2,MERMOZ (RUE JEAN),48.45027,1.50938,7,2,2
202100026606,154Â 148,A01,1,1,1,4,1,4,-1,-1, -1,-1,2021,21.0,2,5,0,2,1,1,1,,1,A4,0,,1,4,0,1,9,0,1,, -1,1,1,2,90,28,7,1,94,94017,1,1,0,2,A4,48.8273238388,2.5090636814,14,2,2
202100020875,164Â 335,A01,10,3,2,9,0,-1,-1,3,3,1,2021,28.0,3,2,0,1,1,0,1,,7,PAGNOL (AVENUE MARCEL),0,,2,3,0,2,0,0,3,, -1,1,0,1,50,3,8,1,13,13005,2,6,0,6,PAGNOL (AVENUE MARCEL),43.29545,5.57288,13,2,1
202100053372,106Â 321,A01,10,3,1,1,0,-1,-1,2,3,1,2021,55.0,1,2,0,1,2,1,1,,3,94,-1,,2,2,0,1,17,132,1,, -1,2,0,1,50,29,1,5,62,62036,2,1,1,6,Rue d'Hesdin,50.446745,2.252149,7,2,1
202100008346,186Â 806,A01,10,3,2,3,0,-1,-1,8,0,-1,2021,74.0,3,2,0,1,1,15,1,,4,,0,,2,2,0,1,0,0,1,, -1,1,9,8,30,10,11,1,91,91216,2,9,1,6,TOURELLES (CHEMIN),48.669149,2.335631,16,2,1
202100023085,160Â 350,A01,1,1,2,0,1,0,-1,-1, -1,-1,2021,70.0,1,2,0,2,8,0,1,,7,WRESINKI (rond point),0,,-1,3,0,1,1,0,1,, -1,1,0,1,50,26,7,1,13,13213,2,2,0,3,WRESINKI (rond point),43.32987,5.4102,11,3,2
202100001955,198Â 307,B01,1,1,2,9,1,-1,-1,0,0,-1,2021,66.0,2,2,0,2,2,1,1,,3,936,0,R,2,2,0,1,35,684,1,, -1,1,0,1,70,22,12,2,30,30259,1,3,0,3,Route de NÃ®mes,44.073697,4.117427,17,2,2
202100003923,194Â 744,A01,1,1,1,5,2,-1,-1,0,0,-1,2021,20.0,3,1,0,2,3,9,1,,3,512,-1,,2,2,0,1,2,800,3,, -1,1,0,1,50,10,12,5,60,60307,2,1,0,3,366 rue de la croix du chene,49.3356390386,2.2594617605,20,2,2
202100032040,144Â 478,B01,1,1,1,0,1,-1,-1,0,0,-1,2021,38.0,1,2,0,2,3,2,1,,1,35,0,A,3,4,0,1,432,0,1,, -1,1,0,1,130,28,6,1,67,67125,1,1,0,2,A35,48.356591,7.499456,8,2,2
202100017989,169Â 472,A01,10,3,2,0,0,-1,-1,4,3,1,2021,16.0,1,1,0,1,1,2,1,,4,CARNOT (AVE LAZARE),0,,2,2,0,1,0,0,1,, -1,1,0,1,50,19,9,1,83,83137,2,1,0,6,CARNOT (AVE LAZARE),43.12921,5.92411,14,2,1
202100025849,155Â 481,B01,1,1,1,0,2,6,-1,-1, -1,-1,2021,36.0,2,1,0,2,1,0,1,,1,AUTOROUTE A1,0,,3,10,0,1,4,699,1,, -1,1,0,1,90,3,8,1,93,93066,1,1,0,3,AUTOROUTE A1,48.93367,2.38067,15,2,2
202100012370,179Â 605,B01,1,1,2,0,1,0,-1,-1, -1,-1,2021,21.0,2,2,0,2,9,2,1,,1,15,0,,3,8,0,1,5,0,1,, -1,1,2,1,110,18,10,1,92,92036,1,1,0,4,AUTOROUTE A15,48.9435578314,2.2873807879,12,3,3
202100013184,178Â 180,A01,1,1,2,5,1,-1,-1,0,0,-1,2021,27.0,2,2,2,0,1,1,1,,3,725,0,D,2,2,0,1,30,423,1,,7,1,0,3,80,12,10,3,79,79116,1,1,0,6,La Catin,46.833253,-0.377462,3,2,1
202100031216,145Â 942,B01,1,1,1,0,8,0,-1,-1, -1,-1,2021,21.0,3,1,0,2,1,5,3,,4,,0,,1,1,2,2,0,0,1,, -1,1,0,1,30,3,7,1,92,92072,2,1,0,1,CRISTALLERIE (AVENUE DE LA),48.8263917048,2.221441716,13,2,2
202100048747,114Â 628,A01,1,1,1,5,0,-1,-1,0,0,-1,2021,21.0,2,1,0,2,3,2,0,,3,108,-1,,2,2,0,4,(1),(1),3,, -1,9,0,1,50,9,3,3,971,97116,2,1,0,3,D108 - route de Brion,16.323867,-61.458115,21,2,2
202100047452,116Â 945,A01,1,1,1,2,2,-1,-1,0,0,-1,2021,17.0,1,1,0,0,8,1,1,,3,164,0,D,-1,2,0,2,5,645,1,, -1,1,0,1,80,19,3,1,79,79049,1,1,0,7,Habitation la Roche dâOr Beaulieu (Beaulieu-sous-Bressuire),46.888377,-0.494438,16,1,1
202100056021,101Â 747,B01,1,1,2,0,1,-1,-1,-1, -1,-1,2021,26.0,1,2,0,2,4,23,1,,7,51,0,,2,2,2,1,(1),(1),1,, -1,1,0,1,50,6,1,5,69,69389,2,1,0,4,RAOUL CARRIE                        (QU),45.79887,4.83264,17,3,3
202100018443,168Â 661,B01,2,1,1,1,2,6,-1,-1, -1,-1,2021,35.0,2,1,0,2,1,16,1,,3,,0,,2,6,0,1,0,0,1,, -1,1,0,1,50,17,9,5,92,92023,2,5,0,3,GENERAL DE GAULLE (AV DU) NÂ°130 A 340 ET,48.786318,2.253342,0,2,2
202100052930,107Â 109,A01,1,1,2,0,8,-1,-1,0,0,-1,2021,31.0,1,2,0,0,0,1,1,,3,4,-1,,2,2,0,1,22,700,1,, -1,2,0,8,80,1,2,3,1,1105,1,1,1,7,D4,45.934319,4.917326,17,1,1
202100021917,162Â 454,A01,10,3,2,5,0,-1,-1,3,3,2,2021,5.0,2,2,0,1,1,26,1,,4,AVENUE MARÃCHAL DE LATTRE DE TASSIGNY,0,,2,1,0,1,0,0,1,, -1,1,0,1,50,29,8,2,83,83061,2,1,1,6,AVENUE MARÃCHAL DE LATTRE DE TASSIGNY,43.42914,6.76195,19,5,1
202100030348,147Â 511,A01,2,2,2,0,1,0,-1,-1, -1,-1,2021,52.0,2,2,4,0,1,1,1,,3,RD 6382,0,,3,4,0,2,6,661,1,, -1,1,2,1,90,5,7,1,76,76270,1,1,0,6,RD 6382,49.526072,0.153818,15,2,1
202100010540,182Â 886,A01,1,1,2,3,1,0,-1,-1, -1,-1,2021,21.0,1,2,0,2,3,15,1,,3,CHOPARD RUE ALEXIS,0,,1,2,0,1,37,0,1,, -1,1,0,1,50,29,10,5,25,25056,2,2,0,3,CHOPARD RUE ALEXIS,47.249066,6.03126,23,2,2
202100048181,115Â 625,A01,1,1,1,5,2,6,-1,0,0,-1,2021,46.0,1,1,0,0,1,0,1,,3,929,0,D,2,2,0,1,34,495,1,, -1,1,0,1,50,13,3,1,65,65231,2,1,0,7,D929 Route d'Espagne,43.052207,0.370864,13,1,1
202100031748,145Â 009,A01,10,3,1,0,0,-1,-1,5,1,1,2021,86.0,3,2,0,1,5,26,1,,4,GUILLAUME DU VAIR (R),0,,2,2,0,4,(1),(1),1,, -1,1,0,4,50,28,6,1,94,94077,2,1,0,6,GUILLAUME DU VAIR (R),48.737422229,2.4059281695,16,2,1
202100039476,131Â 044,B01,1,1,2,5,2,0,-1,0,0,-1,2021,62.0,1,1,0,2,3,1,5,,4,RUE DE COURCELLES,0,,2,6,1,1,(1),(1),1,, -1,1,0,5,50,18,5,1,75,75117,2,5,0,3,RUE DE COURCELLES,48.887525,2.294735,6,2,2
202100005078,192Â 700,A01,1,1,1,0,8,0,-1,-1, -1,-1,2021,29.0,2,2,6,0,1,13,1,,3,ROUTE DE SAINT GERVAIS,0,,2,2,0,1,19,0,3,, -1,1,0,3,80,1,12,3,30,30028,1,9,0,6,route de barjac,44.18233,4.5938,6,1,1
202100001948,198Â 320,B01,1,1,2,4,8,-1,-1,0,0,-1,2021,20.0,2,5,3,2,2,17,1,,1,87,0,,1,4,0,2,64,450,1,, -1,1,0,1,130,21,12,1,85,85302,1,1,0,3,A 87 pk 064+450,46.960661,-0.928388,14,2,2
202100018811,168Â 019,A01,1,1,1,1,2,6,-1,-1, -1,-1,2021,44.0,2,1,0,0,7,2,1,,3,GRANGE (RTE DE LA),0,,3,2,0,1,1,0,1,, -1,2,0,1,50,14,9,1,94,94075,2,1,1,7,Route de la Grange,48.73417,2.51999,9,1,1
202100029743,148Â 625,A01,1,1,2,0,1,8,-1,-1, -1,-1,2021,23.0,1,2,0,2,8,13,1,,3,RD 41,0,,1,4,0,1,2,500,1,, -1,1,0,1,60,8,7,1,972,97209,2,1,0,3,RD 41,14.6155,-61.0613,17,2,2
202100027188,153Â 120,B01,1,1,1,5,8,0,-1,-1, -1,-1,2021,22.0,1,1,0,2,1,2,1,,4,VERGES(AVENUE),0,,1,1,1,1,0,0,1,, -1,1,0,1,50,24,7,5,974,97407,2,1,0,2,VERGES(AVENUE),-20.93959,55.30207,18,2,2
202100042383,125Â 871,B01,1,1,1,5,2,6,-1,0,0,-1,2021,41.0,3,1,0,2,1,1,1,,4,1,-1,,2,2,0,1,(1),(1),1,, -1,1,0,1,90,27,4,1,23,23245,1,2,0,3,voie communale 1 et voie communale 45,46.21006,1.837023,17,2,2
202100008249,186Â 970,B01,1,1,1,5,2,0,-1,-1, -1,-1,2021,23.0,1,1,0,2,6,1,1,,4,LAGARAUD (CHEMIN DE),0,,2,2,0,1,(1),(1),1,, -1,1,0,1,50,26,8,1,30,30028,2,3,0,3,LAGARAUD (CHEMIN DE),44.15352,4.608,20,2,2
202100019242,167Â 233,A01,1,1,1,5,2,-1,-1,0,0,-1,2021,47.0,2,1,0,2,1,5,5,,3,35,-1,,2,2,0,2,5,200,4,, -1,9,8,4,50,13,9,1,67,67073,2,3,0,1,Route de Scherwiller,48.279395,7.402055,14,2,2
202100055638,102Â 402,A01,2,2,1,5,8,-1,-1,0,0,-1,2021,20.0,1,2,8,0,1,1,1,,3,81,-1,A,2,2,0,1,8,700,2,, -1,1,0,4,50,1,1,5,66,66037,2,1,0,6,Avenue de l'Esparrou,42.695353,3.025274,5,2,1
202100045259,120Â 822,A01,2,2,2,0,1,5,-1,-1, -1,-1,2021,33.0,2,2,1,0,1,14,1,,4,JOSEPH DARRIET (RUE),0,,1,1,0,1,0,0,1,, -1,1,0,1,50,3,4,5,93,93007,2,1,0,6,JOSEPH DARRIET (RUE),48.94622,2.45584,2,2,1
202100053472,106Â 136,C01,1,1,2,1,8,8,-1,-1, -1,-1,2021,49.0,1,2,0,2,6,1,1,,7,HENRI BARNIER (BOULEVARD),0,,3,3,2,2,1,300,1,, -1,1,0,1,50,26,1,1,13,13216,2,9,0,5,HENRI BARNIER (BOULEVARD),43.36533,5.34289,8,3,3
202100047244,117Â 312,A01,10,3,1,9,0,-1,-1,2,1,1,2021,17.0,2,5,0,1,2,1,1,,4,RUE DE LA CHARBONNIERE,0,,1,0,3,1,(1),(1),1,, -1,1,0,1,50,20,3,1,75,75118,2,2,0,6,RUE DE LA CHARBONNIERE,48.884223,2.352407,17,3,1
202100041666,127Â 126,B01,10,3,1,5,0,-1,-1,3,3,1,2021,36.0,2,2,0,1,4,23,1,,7,SAINT LAURENT (QUAI ),0,,2,4,0,1,(1),(1),1,, -1,1,0,1,50,2,5,1,45,45234,2,1,0,6,Quai Saint Laurent,47.89793,1.89365,17,3,2
202100026400,154Â 504,A01,1,1,1,5,1,-1,-1,0,0,-1,2021,55.0,2,2,0,2,1,17,1,,3,1,0,D,2,2,0,1,7,750,1,,"5,5",1,0,1,50,30,7,2,33,33322,2,1,0,3,1160 Route de Soulac,44.954428,-0.703442,21,3,2
202100049086,114Â 015,A01,1,1,1,0,0,-1,-1,0,0,-1,2021,22.0,2,1,0,2,7,1,5,,1,CHAMPAGNE   (  AVENUE DE),0,,2,4,0,1,7,560,1,, -1,1,0,1,50,5,3,1,51,51454,2,3,0,3,Avenue de Champagne,49.235088,4.041933,12,2,2
202100034687,139Â 723,A01,1,1,1,4,8,-1,-1,0,0,-1,2021,51.0,1,4,13,0,3,1,1,,1,31,-1,,3,4,0,1,155,263,1,, -1,1,0,3,90,14,6,2,88,88123,1,1,0,7,A31,48.094872,5.640805,4,1,1
202100055057,103Â 398,A01,10,3,1,2,0,-1,-1,2,3,1,2021,13.0,2,2,0,1,3,26,1,,4,JULES CANTINI (AVENUE),0,,2,2,0,1,(1),(1),1,, -1,1,0,1,50,13,1,1,13,13206,2,1,0,6,JULES CANTINI (AVENUE),43.28431,5.3869,8,2,1
202100010886,182Â 270,A01,1,1,1,1,2,6,-1,-1, -1,-1,2021,17.0,2,1,0,2,1,1,1,,4,BOUCHER DE PERTHES (RUE),0,,2,2,0,1,0,0,1,, -1,2,0,1,30,26,10,2,61,61001,2,3,0,2,BOUCHER DE PERTHES (RUE),48.42977,0.10441,8,2,2
202100009180,185Â 301,B01,1,1,1,4,1,0,-1,-1, -1,-1,2021,34.0,2,2,0,2,4,2,1,,1,A7-Sens Marseille vers Lyon,0,,-1,3,0,1,265,0,1,, -1,1,0,1,110,5,11,1,13,13071,1,1,0,4,A7-Sens Marseille vers Lyon,43.41044,5.28419,16,3,3
202100009219,185Â 233,A01,10,3,2,0,0,-1,-1,4,3,2,2021,3.0,1,2,0,1,1,9,1,,3,GABRIEL PERI(RUE) DU NÂ°4 AU NÂ°69,0,,2,2,0,1,0,100,1,, -1,2,0,1,30,4,11,5,91,91691,2,9,1,6,GABRIEL PERI(RUE) DU NÂ°4 AU NÂ°69,48.70647,2.48808,18,3,1
202100041930,126Â 670,B01,1,1,1,9,2,6,-1,0,0,-1,2021,37.0,1,1,0,2,7,16,5,,4,PLACE DU COLONEL FABIEN,0,,1,1,0,1,(1),(1),2,, -1,1,0,1,30,30,4,1,75,75110,2,7,0,3,PLACE DU COLONEL FABIEN,48.877632,2.370391,9,2,2
202100010949,182Â 155,A01,1,1,1,4,2,8,-1,-1, -1,-1,2021,31.0,1,1,0,2,1,2,0,,3,JEAN CHARCOT [CD115] (RUE),0,,2,4,0,1,0,1,1,, -1,1,0,1,50,22,10,5,93,93005,2,3,0,1,JEAN CHARCOT [CD115] (RUE),48.9331874767,2.4896155108,22,2,2
202100026499,154Â 333,A01,1,1,1,1,2,6,-1,0,0,-1,2021,29.0,1,1,0,2,1,2,1,,4,BOULEVARD VOLTAIRE,0,,2,2,0,1,(1),(1),1,, -1,1,0,1,50,29,7,5,75,75111,2,1,0,2,BOULEVARD VOLTAIRE,48.854417,2.385796,0,2,2
202100023492,159Â 639,A01,1,1,1,5,2,6,-1,0,0,-1,2021,51.0,1,6,0,2,2,17,1,,3,906,-1,,2,3,0,1,57,200,1,, -1,1,0,1,90,20,8,3,71,71305,1,1,0,3,D906,46.4561592211,4.889508322,2,2,2
202100007877,187Â 661,A01,1,1,1,1,1,0,-1,-1, -1,-1,2021,53.0,1,2,0,2,4,1,1,,3,913,0,,1,5,3,1,0,0,1,, -1,2,9,6,50,16,11,5,92,92062,2,1,1,2,GENERAL DE GAULLE (AVENUE DU),48.8874599492,2.2328397632,17,2,2
202100053207,106Â 630,B01,1,1,2,1,1,0,-1,-1, -1,-1,2021,56.0,3,2,0,2,3,1,1,,4,PONT VOLANT (RUE DU),0,,2,2,0,2,(1),(1),1,, -1,1,0,1,50,29,1,1,37,37122,2,3,0,3,Rue des Martyrs,47.3551577518,0.6669511199,13,2,2
202100040298,129Â 569,A01,10,3,2,5,0,-1,-1,3,3,2,2021,40.0,0,5,0,1,1,1,1,,4,SOURCE DE L'HOPITAL (RUE DE LA),0,,2,2,0,2,(1),(1),3,, -1,1,0,1,50,28,2,1,3,3310,2,1,0,6,SOURCE DE L'HOPITAL (RUE DE LA),46.12194,3.42145,14,3,1
202100036312,136Â 781,B01,1,1,1,1,1,-1,-1,0,0,-1,2021,26.0,2,2,0,2,1,1,1,,3,64,-1,,2,2,0,3,17,80,1,, -1,1,0,1,80,6,6,1,89,89086,1,1,0,1,"DÃ©partementale 64, lieu-dit ""REUILLEBEAU"" - MARCHAIS BETON",47.829666,3.035831,17,3,2
202100009599,184Â 550,B01,1,1,2,1,1,-1,-1,-1, -1,-1,2021,20.0,2,2,0,2,2,1,1,,4,MAGUDAS (AVE DE),0,,2,3,1,1,(1),(1),1,, -1,2,5,1,50,3,11,5,33,33281,2,2,1,3,Avenue de Magudas,44.85657,-0.65331,6,2,2
202100045305,120Â 745,A01,10,3,2,3,0,-1,-1,2,3,1,2021,36.0,2,2,0,1,1,1,1,,3,910,0,,2,2,0,2,19,850,1,0,6,1,0,1,50,3,4,1,16,16383,2,1,0,6,Lieu-Dit Puy Martin,45.794398,0.191301,12,2,1
202100010854,182Â 326,A01,10,3,2,3,0,-1,-1,3,3,1,2021,61.0,2,2,0,1,1,16,1,,3,BONTE (RUE),0,,-1,2,0,1,0,0,1,, -1,1,0,1,50,22,10,1,91,91521,2,1,0,6,BONTE (RUE),48.65847,2.41235,15,2,1
202100020562,164Â 875,A01,1,1,2,1,2,0,-1,0,0,-1,2021,33.0,2,1,14,0,1,1,5,,4,AVENUE DE SUFFREN,0,,2,2,0,1,(1),(1),1,, -1,1,0,1,30,6,9,1,75,75107,2,1,0,6,AVENUE DE SUFFREN,48.85189,2.299761,8,1,1
202100017563,170Â 235,A01,1,1,1,0,1,-1,-1,0,0,-1,2021,69.0,1,2,1,2,7,19,1,,2,145,-1,,2,2,0,1,19,565,1,, -1,1,0,1,80,21,9,1,87,87180,1,2,0,5,Lieu Dit la Croix Blanche,46.191915,1.256475,17,3,3
202100007673,188Â 034,A01,10,3,1,0,0,-1,-1,4,3,1,2021,59.0,1,1,0,1,2,19,1,,3,JEAN-JAURES (BD),0,,1,2,3,1,0,0,1,, -1,1,0,1,50,17,11,5,93,93070,2,2,0,3,JEAN-JAURES (BD),48.91299,2.3349,18,2,1
202100018072,169Â 332,A01,2,2,1,5,1,-1,-1,0,0,-1,2021,30.0,3,6,0,0,0,0,1,,4,,0,,2,2,0,2,(1),(1),1,, -1,9,0,3,30,20,9,1,202,202314,1,1,0,6,piste de saleccia,42.7159303757,9.2086887359,18,2,1
202100032125,144Â 326,B01,1,1,1,1,2,6,-1,0,0,-1,2021,25.0,1,1,0,2,6,1,1,,4,ECHANGEUR BERCY,0,,1,4,0,2,34,900,1,, -1,2,0,1,70,26,6,1,75,75112,2,1,1,3,ECHANGEUR BERCY,48.827581,2.392145,9,2,2
202100046511,118Â 648,B01,1,1,1,0,2,0,-1,0,0,-1,2021,46.0,1,1,0,2,7,1,1,,4,LIBERATION (AVENUE DE LA),0,,2,2,0,1,(1),(1),1,, -1,1,0,1,50,26,3,1,63,63113,2,3,0,3,LIBERATION (AVENUE DE LA),45.75882,3.08126,10,2,2
202100029251,149Â 471,A01,1,1,1,0,1,0,-1,-1, -1,-1,2021,41.0,1,2,0,2,2,1,1,,1,86,0,,3,10,0,1,9,0,1,, -1,2,0,1,110,13,7,1,92,92036,1,1,0,2,AUTOROUTE A86,48.9383700387,2.3001401108,18,2,2