Num_Acc,id_vehicule,num_veh,place,catu,sexe,trajet,secu1,secu2,secu3,locp,actp,etatp,year_acc,victim_age,senc,catv,obs,obsm,choc,manv,motor,occutc,catr,voie,v1,v2,circ,nbv,vosp,prof,pr,pr1,plan,lartpc,larrout,surf,infra,situ,vma,jour,mois,lum,dep,com,agg_,int,atm,col,adr,lat,long,hour,nb_victim,nb_vehicules
202100034797,139Â 514,B01,1,1,1,5,8,0,-1,-1, -1,-1,2021,25.0,1,1,0,2,1,1,3,,3,VICTOR-HUGO (BD),0,,2,2,0,1,0,0,1,, -1,1,0,1,50,11,6,5,93,93070,2,7,0,3,VICTOR-HUGO (BD),48.907289,2.326273,23,2,2
202100055332,102Â 926,A01,10,3,1,2,0,-1,-1,3,1,1,2021,13.0,1,2,0,2,4,23,1,,4,JOFFRE (BOULEVARD DU ML),0,,2,2,0,1,(1),(1),1,, -1,2,0,1,50,12,1,1,27,27375,2,1,1,2,JOFFRE (BOULEVARD DU ML),49.2145,1.1655,11,3,2
202100019142,167Â 412,A01,1,1,1,0,2,8,-1,-1, -1,-1,2021,20.0,1,1,0,2,3,17,1,,3,REPUBLIQUE (AVENUE DE LA),0,,2,2,0,1,0,0,1,, -1,1,0,1,30,12,9,1,91,91421,2,1,0,1,REPUBLIQUE (AVENUE DE LA),48.70085,2.466262,12,2,2
202100050980,110Â 559,A01,1,1,1,0,2,6,9,0,0,-1,2021,48.0,2,1,0,2,1,17,1,,3,6089,-1,,2,2,0,1,14,800,1,, -1,1,0,1,50,20,2,1,24,24547,2,1,0,2,Avenue Victor Hugo,45.130582,1.292492,14,2,2
202100054885,103Â 702,A01,1,1,2,0,1,0,-1,-1, -1,-1,2021,76.0,3,2,6,0,1,20,1,,4,ARNAUD DETROYAT (Rue),0,,2,2,0,1,0,0,1,, -1,2,0,1,50,14,1,1,64,64102,2,1,1,7,ARNAUD DETROYAT (Rue),43.49169,-1.49317,12,1,1
202100045659,120Â 125,A01,10,3,2,0,0,-1,-1,5,3,1,2021,58.0,3,2,0,1,1,25,1,,4,GENERAL GALLIENI (BOULEVARD DU),0,,2,2,0,1,0,0,1,, -1,1,0,4,50,1,4,1,93,93005,2,1,0,6,GENERAL GALLIENI (BOULEVARD DU),48.931368452,2.4956012338,12,2,1
202100054747,103Â 939,A01,2,2,2,5,1,0,-1,-1, -1,-1,2021,19.0,1,2,4,0,2,21,1,,1,A86 EXT,0,,1,1,0,1,63,0,3,, -1,5,3,2,50,16,1,1,78,78322,1,1,1,6,A86 EXT,48.78052,2.17402,10,2,1
202100036661,136Â 182,A01,1,1,2,0,1,0,-1,-1, -1,-1,2021,26.0,3,2,14,2,1,26,1,,3,BREMENT (RUE DE) 109 A 235 - 110 A ...,0,,3,2,0,1,0,1,1,, -1,1,0,1,50,27,5,5,93,93053,2,3,0,3,Rue de BrÃ©ment / Rue de Montreuil Ã  Claye,48.88676,2.47034,23,2,2
202100026043,155Â 130,A01,1,1,1,0,8,-1,-1,0,0,-1,2021,33.0,1,2,0,0,1,1,1,,3,37,0, -,2,2,0,4,12,0,3,, -1,1,0,3,80,29,7,3,63,63162,1,1,0,7,RD37,45.537242,3.60755,23,1,1
202100050566,111Â 307,A01,2,2,1,5,1,0,-1,-1, -1,-1,2021,21.0,2,2,13,0,2,15,1,,3,CHEMIN DE VILLENEUVE,0,,2,2,0,2,0,0,2,, -1,1,0,1,80,21,2,3,83,83050,1,1,0,6,CHEMIN DE VILLENEUVE,43.51425,6.42023,3,2,1
202100034065,140Â 871,B01,2,2,2,9,1,-1,-1,-1, -1,-1,2021,69.0,3,2,0,2,1,0,2,,4,RUE PIERRE CHAREAU,0,,2,2,1,1,(1),(1),1,, -1,1,-1,1,50,16,6,1,33,33063,2,1,0,1,Rue Pierre Chareau,44.86107,-0.57396,14,3,2
202100040134,129Â 859,A01,1,1,1,5,2,6,-1,-1,0,-1,2021,25.0,2,1,0,0,9,1,1,,2,RN 184,0,,3,4,0,2,5,500,3,, -1,2,0,1,50,13,5,1,95,95572,1,1,1,7,RN 184,49.0489,2.13514,18,1,1
202100023928,158Â 861,B01,3,2,2,5,1,-1,-1,0,0,-1,2021,56.0,1,2,0,2,3,0,1,,3,09,-1,,2,2,0,2,5,(1),1,, -1,1,8,1,80,16,8,1,22,22065,1,1,0,1,RD09,48.6213712855,-2.9992746061,11,4,2
202100039830,130Â 383,B01,1,1,2,1,1,0,-1,-1, -1,-1,2021,50.0,3,2,0,2,5,1,1,,4,PIERRE CHEVALIER (avenue),0,,2,0,0,1,1,0,1,, -1,1,0,1,50,15,5,2,13,13212,2,2,0,3,PIERRE CHEVALIER (avenue),43.2953,5.4254,6,2,2
202100035191,138Â 798,A01,1,1,2,0,8,0,-1,-1, -1,-1,2021,47.0,2,1,0,2,1,26,1,,2,RN12,0,,3,4,0,1,26,399,1,, -1,1,0,1,110,11,6,1,78,78297,1,1,0,5,RN12,48.791367,2.056087,13,6,3
202100004477,193Â 765,A01,1,1,1,5,1,-1,-1,-1, -1,-1,2021,18.0,2,2,16,0,7,2,1,,1,ROCADE A 630,0,,3,6,0,1,23,600,1,, -1,2,0,2,90,6,12,4,33,33318,1,1,0,7,ROCADE A 630,44.788105,-0.641417,0,2,1
202100056091,101Â 618,A01,10,3,2,2,0,-1,-1,3,3,2,2021,36.0,1,5,0,1,2,1,1,,3,RD951,0,A,2,2,0,2,44,259,1,, -1,2,0,1,50,7,1,1,59,59261,2,1,1,6,26 Rue Roland Rouleau,50.057128,4.078078,13,3,1
202100053120,106Â 784,B01,1,1,1,0,2,-1,-1,0,0,-1,2021,19.0,1,1,0,2,1,5,1,,2,1,-1,,1,4,0,1,4,50,1,, -1,1,0,1,70,31,1,1,973,97302,1,1,0,1,RN1 crique fouillÃ©e,4.8965391177,-52.328721998,15,3,2
202100044805,121Â 625,A01,1,1,1,3,2,6,-1,-1, -1,-1,2021,53.0,2,1,0,2,1,2,1,,3,THIZY  RUE DE,0,,2,2,0,1,55,650,1,, -1,1,0,1,50,7,4,1,69,69264,1,3,0,2,THIZY (DE) (R),45.991081324,4.704682604,12,2,2
202100052979,107Â 018,A01,2,2,1,0,2,8,-1,-1, -1,-1,2021,19.0,1,1,0,1,1,14,1,,4,CORSE (AVENUE DE LA),0,,2,4,0,2,(1),(1),1,, -1,1,0,1,60,31,1,2,13,13207,2,2,0,6,CORSE (AVENUE DE LA),43.28928,5.3631,16,3,1
202100016844,171Â 510,A01,10,3,1,-1,-1,-1,-1,9,B,-1,2021,70.0,0,2,0,0,0,0,1,,4,REPUBLIQUE (RUE DE  LA),0,,1,1,0,2,1,0,1,, -1,1,0,1,30,25,9,1,77,77155,2,1,0,6,REPUBLIQUE (RUE DE  LA),48.88748,2.734567,17,2,1
202100053203,106Â 637,B01,1,1,1,5,2,6,-1,0,0,-1,2021,16.0,1,1,15,0,1,1,1,,4,REPUBLIQUE (avenue de la ),0,,2,2,0,1,0,0,1,, -1,2,0,1,50,24,1,1,47,47215,2,3,0,1,REPUBLIQUE (avenue de la ),44.39165,0.686943,16,4,2
202100027126,153Â 218,L01,1,1,2,3,1,-1,-1,0,0,-1,2021,67.0,0,2,0,0,0,23,1,,3,1009,0,D,3,2,0,1,0,83,1,, -1,1,0,1,80,16,6,1,6,6079,1,1,0,4,Avenue Jean Mermoz,43.561774,6.950457,9,13,12
202100008679,186Â 225,B01,10,3,1,9,0,-1,-1,3,3,2,2021,3.0,0,1,0,1,1,26,-1,,4,FRANCIS DE PRESSENSE                (AV),0,,2,2,2,1,(1),(1),1,, -1,1,6,1,50,8,11,1,69,69259,2,9,0,6,FRANCIS DE PRESSENSE (AV),45.72032,4.86778,16,3,1
202100040448,129Â 307,A01,1,1,2,0,1,-1,-1,-1, -1,-1,2021,40.0,0,2,9,0,9,14,1,,4,FRANCIS DE PRESSENSE                (AV),0,,2,3,0,2,(1),(1),1,, -1,2,2,1,50,10,5,1,69,69259,2,1,1,6,FRANCIS DE PRESSENSE                (AV),45.7136611503,4.8733592033,17,1,1
202100000465,200Â 874,A01,1,1,1,4,2,8,-1,-1, -1,-1,2021,21.0,1,1,0,2,8,15,5,,4,MALECROIX (RUE DE),0,,2,2,0,1,0,0,1,, -1,1,0,1,50,28,7,1,19,19031,2,1,0,2,MALECROIX (RUE DE),45.15121,1.54917,13,2,2
202100027037,153Â 388,A01,1,1,1,4,2,0,-1,-1, -1,-1,2021,25.0,2,1,0,2,1,21,1,,1,86,0,,3,1,0,1,8,800,1,, -1,2,0,1,70,26,7,1,92,92036,1,1,1,5,A86,48.9378606491,2.2967300369,10,4,3
202100022390,161Â 630,A01,9,2,1,0,1,0,-1,-1, -1,-1,2021,11.0,3,2,14,0,9,26,1,,7,DÃPARTEMENTALE 9,0,,3,2,0,1,0,1,1,, -1,1,0,8,70,25,8,1,13,13033,1,1,0,7,DÃPARTEMENTALE 9,43.37917,5.18936,18,7,1
202100040627,128Â 993,A01,10,3,2,5,0,-1,-1,3,3,2,2021,5.0,2,2,0,1,2,1,1,,4,AVENUE ALBERT BARTHOLOME,0,,2,2,0,1,(1),(1),1,, -1,1,0,1,50,9,5,1,75,75115,2,3,0,6,AVENUE ALBERT BARTHOLOME,48.829085,2.293269,16,3,1
202100024494,157Â 882,A01,1,1,2,5,2,0,-1,-1, -1,-1,2021,35.0,3,1,0,2,7,1,3,,4,CHATONNERIE (RUE DE LA),0,,2,2,0,1,(1),(1),1,, -1,1,0,1,2,12,8,1,86,86194,2,1,0,3,Rue de la Chatonnerie,46.570562,0.35444,18,2,2
202100041918,126Â 691,B01,1,1,2,1,1,0,-1,-1, -1,-1,2021,26.0,1,2,0,2,8,0,1,,7,PONT DE VIVAUX (BOULEVARD),0,,2,0,0,1,1,0,1,, -1,1,0,1,50,30,4,1,13,13210,2,3,0,3,PONT DE VIVAUX (BOULEVARD),43.2815949915,5.4268330336,13,2,2
202100030560,147Â 130,A01,10,3,2,5,0,-1,-1,3,3,2,2021,20.0,0,2,0,1,1,16,1,,4,REIBELL (AVENUE),0,,2,2,0,1,(1),(1),1,, -1,2,5,1,50,4,7,5,50,50129,2,3,1,6,REIBELL (AVENUE),49.63885,-1.61779,4,3,1
202100006651,189Â 899,B01,1,1,2,9,8,0,-1,-1, -1,-1,2021,24.0,1,2,0,2,4,1,1,,4,HAUTE CHAINE PORTE,0,,2,3,0,1,1,0,1,, -1,1,0,1,50,18,11,3,49,49007,2,1,0,2,HAUTE CHAINE PORTE,47.47806,-0.55505,21,2,2
202100006744,189Â 728,A01,1,1,1,9,2,6,-1,-1, -1,-1,2021,40.0,2,1,0,2,1,1,1,,4,101,0,,2,3,3,1,0,0,1,, -1,1,0,6,50,23,11,5,92,92012,2,1,0,3,PIERRE GRENIER (AVENUE),48.8260013041,2.2488431633,0,2,2
202100017801,169Â 800,A01,10,3,2,0,0,-1,-1,3,3,1,2021,36.0,3,2,0,1,2,9,2,,4,RPT DU DONJON,0,,2,2,0,2,0,100,1,, -1,1,0,1,30,20,9,1,91,91114,2,6,0,6,RPT DU DONJON,48.70133,2.50562,11,2,1
202100003330,195Â 806,A01,1,1,2,1,1,-1,-1,0,0,-1,2021,41.0,1,2,0,2,1,5,1,,3,37,0,D,2,2,0,2,32,216,3,, -1,1,0,1,50,13,12,1,38,38448,2,1,0,1,D37,45.439191,4.79748,8,2,2
202100014964,174Â 956,A01,1,1,1,2,2,-1,-1,-1, -1,-1,2021,16.0,2,1,0,2,1,18,1,,4,POINT DU JOUR (DU)                  (AV),0,,2,3,2,1,(1),(1),1,, -1,2,0,1,50,5,10,1,69,69385,2,3,0,1,POINT DU JOUR (DU) (AV),45.75626,4.80291,8,2,2
202100013902,176Â 853,A01,1,1,1,0,1,0,-1,-1, -1,-1,2021,16.0,3,1,0,2,2,19,1,,4,SAVIGNY (CHEMIN DE),0,,2,8,0,1,0,0,1,, -1,1,0,1,50,11,10,1,93,93071,2,2,0,3,SAVIGNY (CHEMIN DE),48.93897,2.53871,17,2,2
202100003691,195Â 155,B01,2,2,1,4,1,-1,-1,0,0,-1,2021,50.0,1,5,0,2,8,1,1,,3,JUIN (BOULEVARD MARECHAL),0,,2,2,0,1,1,0,1,, -1,1,0,1,50,9,12,1,14,14118,2,3,0,3,JUIN (BOULEVARD MARECHAL),49.20975,-0.37103,12,3,2
202100052262,108Â 290,A01,10,3,1,3,0,-1,-1,1,3,1,2021,42.0,1,2,0,1,3,1,1,,4,,-1,,2,2,0,1,0,0,1,, -1,1,0,1,50,9,1,5,46,46309,2,1,0,6,Avenue Martin Malvy,44.89702,1.470777,18,3,1
202100018304,168Â 905,B01,1,1,2,1,1,0,-1,-1, -1,-1,2021,59.0,2,2,0,2,3,1,1,,3,AV CHARLES DE GAULLE,0,,2,1,0,1,0,0,3,, -1,1,0,1,30,17,9,1,91,91103,2,1,0,1,AV CHARLES DE GAULLE,48.609,2.318,13,2,2
202100047288,117Â 237,B01,9,2,2,1,1,-1,-1,0,0,-1,2021,32.0,3,2,0,2,1,0,1,,3,792,0,,2,2,0,1,(1),(1),1,, -1,1,0,1,50,19,3,3,22,22046,2,1,0,1,Route de Collinee (Saint-Gilles-du-MenÃ©),48.24888,-2.548469,22,5,2
202100054463,104Â 410,A01,1,1,1,4,2,6,-1,-1, -1,-1,2021,19.0,3,1,0,2,7,1,1,,4,ESPAGNE (AVENUE D'),0,,1,1,0,1,0,0,1,, -1,1,0,1,70,15,1,5,11,11262,2,1,1,7,ESPAGNE (AVENUE D'),43.1668207315,2.9872405529,18,1,1
202100019661,166Â 502,A01,10,3,1,5,0,-1,-1,3,3,1,2021,21.0,2,2,0,1,1,1,1,,4,PORT-A-BATEAUX (DU),0,,2,3,0,1,(1),(1),1,, -1,1,2,1,30,10,9,2,60,60159,2,1,0,6,Rue du Port Ã  Bateaux,49.4168646533,2.8179720483,19,2,1
202100051681,109Â 316,B01,2,2,2,5,1,-1,-1,-1, -1,-1,2021,42.0,1,2,0,2,1,1,1,,4,CASSAGNE (AVE RENE),0,,3,2,0,2,(1),(1),1,, -1,1,9,1,50,10,2,5,33,33119,2,2,0,3,Avenue RenÃ© Cassagne,44.8484,-0.51855,20,3,2
202100041882,126Â 760,B01,1,1,1,5,8,0,-1,-1, -1,-1,2021,19.0,3,1,0,2,1,1,1,,4,ALBERT 1Â° (AV),0,,2,2,0,1,(1),0,1,, -1,1,0,1,50,30,4,1,81,81065,2,1,0,3,ALBERT 1Â° (AV),43.597902,2.22957,18,2,2
202100007441,188Â 450,B01,1,1,1,1,8,0,-1,0,0,-1,2021,50.0,3,1,0,2,7,19,3,,4,QUAI DE LA RAPEE,0,,1,2,0,1,(1),(1),1,, -1,1,-1,5,50,18,11,5,75,75112,2,2,0,3,QUAI DE LA RAPEE,48.84321,2.370303,18,2,2
202100036650,136Â 198,A01,10,3,1,5,0,-1,-1,4,5,1,2021,12.0,1,2,0,1,1,16,1,,4,RUE DE BABYLONE,0,,1,1,0,1,(1),(1),1,, -1,1,0,1,50,3,6,1,75,75107,2,2,0,6,RUE DE BABYLONE,48.851697,2.31905,19,2,1
202100007456,188Â 424,B01,1,1,1,1,8,0,-1,-1, -1,-1,2021,34.0,1,1,0,2,1,2,0,,4,SAINT-DENIS(RUE),0,,2,1,0,1,0,0,1,, -1,1,0,1,50,18,11,1,93,93070,2,1,0,3,SAINT-DENIS(RUE),48.919049604,2.3338184133,13,2,2
202100040743,128Â 785,A01,1,1,1,5,2,0,-1,-1, -1,-1,2021,20.0,1,1,0,2,1,1,1,,4,THOREZ (RUE  MAURICE ),0,,2,2,0,1,(1),(1),1,, -1,1,0,1,30,8,5,1,56,56121,2,3,0,3,THOREZ (RUE  MAURICE ),47.742084,-3.3936337,20,2,2
202100052653,107Â 608,B01,1,1,1,2,2,8,-1,-1, -1,-1,2021,14.0,3,1,0,2,4,1,5,,4,Rue Maxime Dumoulin,0,,2,2,0,1,(1),(1),2,, -1,2,0,1,2,2,2,1,86,86194,2,6,1,3,Rue Maxime Dumoulin,46.57079,0.34975,17,2,2
202100009111,185Â 422,A01,1,1,2,0,1,0,-1,-1, -1,-1,2021,30.0,1,2,0,2,1,1,1,,4,ROGER SALENGRO (AVENUE),0,,2,2,0,2,0,0,1,, -1,1,0,1,50,6,11,3,13,13203,2,1,0,3,ROGER SALENGRO (AVENUE),43.3155548643,5.3698672884,6,2,2
202100019046,167Â 594,A01,1,1,2,1,2,-1,-1,0,0,-1,2021,55.0,2,1,6,0,2,1,1,,3,220,0,D,2,2,0,1,18,130,1,, -1,1,0,4,50,14,9,1,61,61214,2,1,0,6,20 Rue Charles MÃ©rouvel,48.765098,0.613816,17,1,1
202100049194,113Â 824,A01,10,3,1,3,0,-1,-1,5,1,1,2021,41.0,1,2,0,1,1,1,1,,4,,0,,1,1,0,1,6,157,1,, -1,1,0,4,30,6,3,1,68,68298,2,1,0,6,79 Rue Wilson,48.247712,7.186963,9,2,1
202100032271,144Â 076,B01,2,2,2,0,1,0,-1,0,0,-1,2021,67.0,1,2,0,2,4,2,1,,4,MEZIERES (RUE ALFRED),0,,2,3,0,2,(1),(1),1,, -1,1,2,1,50,24,6,1,54,54395,2,1,0,2,MEZIERES (RUE ALFRED),48.70081,6.16924,15,3,2
202100039657,130Â 708,A01,10,3,1,9,0,-1,-1,1,3,2,2021,16.0,3,5,0,1,2,14,1,,4,,-1,,2,2,0,1,(1),(1),1,, -1,1,0,1,50,17,5,1,45,45252,2,1,0,6,Rue Louise Michel,48.185553,2.250411,12,2,1
202100007031,189Â 187,A01,1,1,1,0,1,0,-1,-1, -1,-1,2021,71.0,3,2,0,2,3,15,1,,4,PRE PASCAL (AVENUE),0,,2,3,0,4,1,0,1,, -1,1,0,1,50,18,11,1,19,19275,2,4,0,3,PRE PASCAL (AVENUE),45.5465676175,2.3174999704,9,2,2
202100042217,126Â 162,A01,10,3,1,3,0,-1,-1,5,1,2,2021,2.0,1,2,0,1,5,2,1,,4,R HENRI BARBUSSE,0,,1,1,0,1,1,0,1,, -1,1,0,1,50,28,4,1,94,94044,2,1,0,6,Rue Henri Barbusse,48.750418,2.488485,12,2,1
202100035170,138Â 843,A01,1,1,1,0,8,-1,-1,0,0,-1,2021,52.0,3,2,0,2,3,13,1,,4,10,0,S,2,1,0,2,(1),(1),3,, -1,1,0,1,80,12,6,1,42,42272,1,1,1,1,Route de ChÃ©zenas,45.3751722659,4.7440978512,19,2,2
202100010831,182Â 365,A01,3,2,2,5,1,0,-1,-1, -1,-1,2021,20.0,2,2,0,5,1,21,1,,2,RN 104,0,,3,2,0,1,45,0,2,, -1,1,0,8,50,26,10,3,91,91235,1,1,0,7,RN 104,48.62571,2.35303,22,2,1
202100042620,125Â 441,A01,2,2,2,5,2,6,-1,0,0,-1,2021,48.0,3,1,0,2,1,17,1,,3,2,-1,,2,2,0,2,11,(1),1,,3,1,0,1,80,25,4,1,22,22209,1,2,0,3,Le Pont Cretin (Ploubalay),48.550352,-2.107884,15,6,2
202100050301,111Â 787,A01,1,1,2,1,1,-1,-1,-1, -1,-1,2021,27.0,3,2,0,2,1,15,1,,7,URBAIN SUD                              ,0,,1,1,0,2,0,1,1,, -1,1,0,1,50,24,2,1,69,69199,1,3,0,3,FRERES PERRET (AV),45.681323962,4.8482644558,18,2,2
202100039884,130Â 296,A01,1,1,1,5,2,-1,-1,0,0,-1,2021,18.0,1,1,8,0,7,1,1,,3,128,-1,,2,2,0,1,(1),(1),2,, -1,1,0,1,80,15,5,1,971,97122,1,1,0,7,Brument,16.415977,-61.505263,16,2,1
202100017723,169Â 947,A01,2,2,2,5,2,6,9,0,0,-1,2021,25.0,1,1,0,0,2,1,1,,3,974,-1,,2,2,0,1,59,600,2,, -1,1,0,3,80,21,9,1,71,71321,1,1,0,7,Route dÃ©partementale 974,46.786959,4.557899,13,2,1
202100040009,130Â 077,A01,1,1,2,5,0,-1,-1,0,0,-1,2021,36.0,1,2,2,0,1,13,1,,3,1516,-1,,2,2,0,1,5,550,3,, -1,1,0,3,80,14,5,2,38,38377,1,1,0,6,Avenue du Stade,45.5746,5.49473,21,1,1
202100033556,141Â 784,B01,1,1,1,4,1,-1,-1,-1, -1,-1,2021,29.0,3,2,0,2,3,0,1,,4,BRUXELLES   (Rue de),0,,2,2,0,1,(1),(1),1,, -1,1,0,1,50,18,6,1,69,69266,2,2,0,3,BRUXELLES (DE) (RUE),45.7772073946,4.8721059859,19,2,2
202100031082,146Â 184,A01,1,1,1,1,2,0,-1,-1, -1,-1,2021,39.0,1,1,0,2,1,26,1,,4,GASNIER AVENUE,0,,2,2,0,1,1,0,1,, -1,1,0,1,50,30,6,1,49,49007,2,1,0,2,GASNIER AVENUE,47.483438,-0.569914,18,2,2
202100011458,181Â 239,B01,1,1,1,0,1,-1,-1,0,0,-1,2021,48.0,1,2,0,2,1,1,1,,3,132,-1,,2,2,0,2,0,530,4,, -1,1,0,1,80,23,10,1,32,32231,1,1,0,1,D 132 / PK 000.530,43.770335,0.318679,17,2,2
202100001005,199Â 967,B01,1,1,1,0,8,0,-1,-1, -1,-1,2021,33.0,3,1,0,2,1,1,5,,4,HEULOT ( RUE DU COLONEL ),0,,2,2,0,2,1,0,1,, -1,1,0,1,50,28,12,5,53,53130,2,2,0,3,HEULOT ( RUE DU COLONEL ),48.06531,-0.75494,19,2,2
202100018153,169Â 165,A01,1,1,2,9,1,0,-1,0,0,-1,2021,55.0,3,2,0,2,3,26,1,,4,,0,,2,2,0,1,(1),(1),1,, -1,1,0,1,50,18,9,1,25,25547,2,9,0,3,rue d'Epinal,47.516599,6.828026,10,3,2
202100056506,100Â 900,A01,1,1,1,5,1,-1,-1,0,0,-1,2021,23.0,2,2,5,0,3,13,1,,3,936,0,D,2,2,0,1,0,550,3,, -1,2,0,3,80,1,1,3,39,39530,1,1,1,6,La Source,46.265379,5.517744,2,1,1
202100025872,155Â 440,B01,2,2,2,9,2,6,-1,0,0,-1,2021,25.0,2,1,0,2,4,23,1,,4,ROUTE DE SEVRES A NEUILLY,0,,3,4,0,1,(1),(1),1,, -1,1,0,1,50,1,8,5,75,75116,2,3,0,2,ROUTE DE SEVRES A NEUILLY,48.87536,2.249577,22,3,2
202100044023,122Â 988,A01,1,1,2,1,2,0,-1,-1, -1,-1,2021,54.0,1,1,16,0,0,21,5,,4,CREBILLON (RUE  PROSPER ),0,,2,2,0,1,(1),(1),1,, -1,1,0,1,30,13,4,1,56,56098,2,1,0,7,CREBILLON (RUE  PROSPER ),47.76692,-3.34875,13,1,1
202100036405,136Â 628,A01,10,3,1,1,0,-1,-1,3,3,1,2021,29.0,1,5,0,1,1,1,-1,,4,,-1,,1,1,-1,1,(1),(1),1,,4,1,0,1,-1,4,6,1,59,59295,2,1,0,6,DE LA ROCHELAISE,50.72758,2.53855,7,2,1
202100017719,169Â 954,A01,1,1,1,5,2,-1,-1,0,0,-1,2021,17.0,3,1,0,2,1,17,1,,4,,0,,2,2,0,1,(1),(1),1,,4,1,0,1,50,21,9,1,76,76059,2,1,0,1,Rue de Saulx,49.948875,1.547916,17,2,2
202100017161,170Â 967,B01,1,1,1,0,1,-1,-1,0,0,-1,2021,53.0,1,2,0,2,3,1,1,,3,62,-1,D,2,2,0,1,(1),(1),1,, -1,1,5,1,80,24,9,1,22,22302,1,3,0,3,Route du Guildo,48.580373,-2.196718,10,2,2
202100014438,175Â 890,A01,10,3,1,3,0,-1,-1,3,3,2,2021,63.0,1,2,0,1,1,1,1,,4,GENERAL LECLERC (PLACE DU),0,,1,1,0,1,1,0,2,, -1,1,0,1,50,8,10,1,93,93005,2,6,0,6,GENERAL LECLERC (PLACE DU),48.9276074428,2.4904458984,12,2,1
202100053638,105Â 853,B01,1,1,1,0,2,0,-1,-1, -1,-1,2021,24.0,0,1,0,2,0,1,0,,4,LIVRY (AVENUE DE),0,,2,2,0,1,0,0,1,, -1,1,0,1,50,26,1,1,93,93071,2,9,0,7,LIVRY (AVENUE DE),48.9347207658,2.5347919464,11,2,2
202100011190,181Â 729,A01,2,2,1,5,1,-1,-1,-1, -1,-1,2021,27.0,2,2,0,2,1,13,1,,7,307                      ,0,,2,2,0,2,63,900,1,, -1,1,0,1,50,24,10,5,69,69276,1,1,0,1,LYON (DE) (RTE)    ,45.6877,4.86149,6,4,2
202100047698,116Â 491,B01,1,1,1,1,8,0,-1,-1, -1,-1,2021,29.0,1,2,0,2,4,0,1,,1,A13,0,,3,3,0,1,48,99,1,, -1,1,0,1,110,16,3,1,78,78362,1,1,1,2,A13,48.975974,1.722669,7,3,2
202100044177,122Â 707,A01,1,1,1,9,2,0,-1,-1, -1,-1,2021,27.0,3,1,0,2,1,1,1,,4,ROGER SALENGRO,0,,2,2,0,1,0,0,1,, -1,1,0,1,50,10,4,1,93,93079,2,3,0,3,ROGER SALENGRO,48.9617065777,2.345174394,13,2,2
202100034957,139Â 219,B01,1,1,2,0,2,0,-1,-1, -1,-1,2021,36.0,2,1,0,2,1,1,1,,4,MAC JEAN (AV) NÂ° IMP 107 ET plus,0,,2,2,0,1,0,0,1,, -1,1,0,1,30,10,6,1,72,72181,2,1,0,3,MAC JEAN (AV) NÂ° IMP 107 ET plus,47.98,0.222,14,2,2
202100028856,150Â 139,B01,1,1,2,1,2,0,-1,0,0,-1,2021,53.0,1,1,0,2,8,1,5,,4,BOULEVARD VICTOR,0,,3,3,1,2,(1),(1),1,, -1,1,0,5,50,15,7,1,75,75115,2,3,0,3,BOULEVARD VICTOR,48.833944,2.285361,16,2,2
202100029157,149Â 629,A01,1,1,1,9,2,6,-1,0,0,-1,2021,35.0,2,1,0,2,1,7,1,,4,BOULEVARD RASPAIL,0,,2,4,3,1,(1),(1),1,, -1,2,0,6,50,13,7,1,75,75114,2,4,1,3,BOULEVARD RASPAIL,48.840593,2.330122,12,2,2
202100000174,201Â 433,A01,1,1,2,5,1,-1,-1,0,0,-1,2021,19.0,2,2,0,0,9,13,1,,1,61,0,A,1,1,0,1,264,0,3,, -1,1,3,8,70,31,12,1,31,31210,1,1,0,7,A 61 - PK 264.000,43.396021,1.694512,16,1,1
202100025144,156Â 712,A01,10,3,1,5,0,-1,-1,2,5,1,2021,39.0,2,5,0,1,1,1,1,,4,BOULEVARD SAINT MARCEL,0,,2,4,0,1,(1),(1),1,, -1,2,0,1,30,7,8,1,75,75105,2,2,1,6,BOULEVARD SAINT MARCEL,48.83851,2.357049,12,2,1
202100055572,102Â 519,A01,1,1,1,5,2,-1,-1,0,0,-1,2021,17.0,3,1,0,2,1,1,1,,4,,-1,,2,2,0,1,(1),(1),1,, -1,1,0,1,50,12,1,5,31,31588,2,1,0,1,Vieux Chemin de Muret,43.518674,1.34362,18,2,2
202100022126,162Â 081,A01,10,3,2,0,0,-1,-1,0,3,1,2021,23.0,1,2,0,1,5,20,0,,3,GALLIENI  AV.,0,,2,2,0,1,1,0,1,, -1,1,0,1,50,28,8,1,93,93006,2,1,0,6,Avenue GalliÃ©ni,48.8604986964,2.4153828621,15,2,1
202100047450,116Â 951,B01,1,1,2,4,1,-1,-1,0,0,-1,2021,42.0,0,2,0,2,3,1,1,,7,59,0,B,2,2,0,2,(1),(1),4,, -1,2,0,1,50,19,3,1,13,13015,2,1,1,1,Boulevard pierre de brossolette,43.45714,5.412912,10,2,2
202100023554,159Â 538,A01,1,1,1,0,1,0,-1,-1, -1,-1,2021,63.0,1,2,0,2,4,12,1,,1,AUTOROUTE A104,0,,3,6,0,1,5,99,1,, -1,2,0,1,110,18,8,1,93,93078,1,1,0,2,AUTOROUTE A104,48.96217,2.54627,10,2,2
202100054978,103Â 543,A01,1,1,1,9,2,-1,-1,0,0,-1,2021,29.0,1,1,0,2,8,15,3,,3,,-1,,2,2,0,1,(1),(1),1,, -1,1,0,1,50,15,1,1,86,86137,2,3,0,3,Avenue de Ouagadougou,47.019457,0.083511,15,2,2