Num_Acc,id_vehicule,num_veh,place,catu,sexe,trajet,secu1,secu2,secu3,locp,actp,etatp,year_acc,victim_age,senc,catv,obs,obsm,choc,manv,motor,occutc,catr,voie,v1,v2,circ,nbv,vosp,prof,pr,pr1,plan,lartpc,larrout,surf,infra,situ,vma,jour,mois,lum,dep,com,agg_,int,atm,col,adr,lat,long,hour,nb_victim,nb_vehicules
202100045927,119Â 661,B01,1,1,2,1,8,0,-1,-1, -1,-1,2021,54.0,2,1,0,2,1,1,5,,4,WILBUR WRIGHT (RUE),0,,2,4,0,3,0,0,1,, -1,1,5,1,50,29,3,1,72,72181,2,6,0,3,WILBUR WRIGHT (RUE),48.0078,0.1985,12,2,2
202100043201,124Â 438,B01,1,1,1,5,2,0,-1,0,0,-1,2021,49.0,2,1,0,2,3,1,5,,4,BOULEVARD VOLTAIRE,0,,2,4,1,1,(1),(1),1,, -1,1,-1,5,50,21,4,1,75,75111,2,4,0,3,BOULEVARD VOLTAIRE,48.855901,2.383306,14,2,2
202100007414,188Â 505,B01,1,1,1,0,2,-1,-1,0,0,-1,2021,42.0,2,1,13,0,0,1,1,,3,29,0,D,2,2,0,1,17,0,1,, -1,1,0,8,80,18,11,1,69,69299,1,1,0,7,D29,45.698597,5.09491,11,2,2
202100017766,169Â 863,C01,1,1,2,1,1,0,-1,-1, -1,-1,2021,34.0,2,2,0,2,1,1,1,,1,A7-Sens Lyon vers Marseille,0,,1,3,0,1,266,0,1,, -1,1,0,1,110,17,9,1,13,13071,1,1,0,2,A7-Sens Lyon vers Marseille,43.406311,5.291863,18,3,3
202100033808,141Â 330,B01,1,1,1,1,2,6,-1,-1, -1,-1,2021,36.0,0,1,0,2,7,17,1,,4,ELNE (ROUTE D'),0,,2,2,0,1,0,0,1,, -1,1,0,1,70,16,6,1,66,66136,1,1,0,3,ELNE (ROUTE D'),42.66936,2.91711,18,2,2
202100027189,153Â 118,A01,2,2,2,5,1,0,-1,-1, -1,-1,2021,20.0,1,2,0,2,1,2,1,,2,ROUTE NATIONALE NÂ° 1,0,,1,2,0,1,(1),(1),1,, -1,1,0,1,110,24,7,1,974,97407,1,1,0,2,ROUTE NATIONALE NÂ° 1,-20.9538,55.31465,12,7,2
202100044809,121Â 619,B01,1,1,2,0,2,0,-1,-1, -1,-1,2021,60.0,1,1,0,2,2,1,5,,4,CARNOT,0,,1,1,1,1,0,0,1,, -1,1,0,5,30,7,4,1,64,64445,2,1,0,3,CARNOT,43.30101,-0.36945,10,2,2
202100041350,127Â 697,B01,1,1,2,5,1,-1,-1,0,0,-1,2021,30.0,2,2,0,2,1,1,1,,3,931,-1,,2,2,0,1,50,0,1,, -1,2,5,1,80,6,5,1,51,51019,1,2,1,3,Ferme de l'EspÃ©rance,49.187655,4.413245,10,2,2
202100039196,131Â 562,A01,10,3,2,5,0,-1,-1,3,3,1,2021,71.0,1,2,0,1,7,1,1,,2,12,-1,,2,2,0,1,4,420,1,, -1,1,9,1,50,20,5,1,53,53185,2,1,0,6,168 Rue Aristide Briand,48.459232,-0.202818,17,2,1
202100003823,194Â 916,A01,1,1,1,4,1,-1,-1,0,0,-1,2021,31.0,3,5,0,2,3,1,1,,4,,-1,,2,2,0,2,(1),(1),4,,4,1,0,1,50,2,8,1,60,60613,2,1,0,1,Rue de la Graverie,49.256311,2.018555,17,2,2
202100024580,157Â 722,A01,2,2,1,0,2,6,-1,-1, -1,-1,2021,36.0,1,1,0,2,1,2,1,,1,AUTOROUTE A86,0,,3,6,0,1,12,500,1,, -1,1,0,1,90,12,8,1,93,93066,1,1,0,2,AUTOROUTE A86,48.925331,2.33943,8,3,2
202100052679,107Â 568,B01,1,1,1,9,2,0,-1,-1, -1,-1,2021,50.0,2,1,0,2,1,1,1,,7,AV DE LOMBEZ,0,,2,2,0,1,1,200,1,, -1,1,0,1,50,2,2,1,31,31555,2,1,0,1,26 AV DE LOMBEZ,43.59617,1.42136,14,2,2
202100010673,182Â 644,A01,1,1,1,0,2,0,-1,-1, -1,-1,2021,29.0,2,1,0,2,3,1,1,,1,AUTOROUTE A3,0,,3,3,0,2,3,400,1,, -1,1,0,1,90,28,10,3,93,93053,1,1,0,2,AUTOROUTE A3,48.881579,2.452949,18,2,2
202100018283,168Â 941,B01,1,1,1,9,2,6,-1,-1, -1,-1,2021,34.0,3,1,0,2,3,2,1,,4,FRANCIS DE PRESSENSE                (AV),0,,2,2,2,1,(1),(1),1,, -1,1,0,1,50,17,9,1,69,69259,2,3,0,3,FRANCIS DE PRESSENSE (AV),45.71732,4.87027,12,2,2
202100045471,120Â 458,A01,1,1,1,5,1,5,-1,0,0,-1,2021,21.0,1,2,16,0,1,0,1,,3,75,0,,2,2,0,1,15,190,1,, -1,1,0,3,80,3,4,1,77,77109,2,1,0,7,D75,48.612995,3.189662,16,2,1
202100039762,130Â 510,B01,1,1,1,5,0,-1,-1,0,0,-1,2021,47.0,2,1,0,2,9,5,5,,2,1,-1,,2,2,0,1,49,395,1,, -1,1,0,1,90,13,5,3,988,98821,1,1,0,1,RT1 - la tontouta,-22.02183,166.229244,21,2,2
202100012157,179Â 994,B01,1,1,1,0,2,6,-1,-1, -1,-1,2021,40.0,2,1,0,2,6,1,1,,3,DOCTEUR DERVAUX  ( QUAI DU ),0,,3,0,0,1,0,0,1,, -1,1,0,1,70,13,10,2,92,92004,2,1,0,3,DOCTEUR DERVAUX  ( QUAI DU ),48.9060219469,2.2897798011,18,2,2
202100010361,183Â 188,A01,1,1,1,0,8,0,-1,-1, -1,-1,2021,23.0,2,2,0,2,3,5,1,,3,GEORGES HALGOULT (R),0,,2,2,3,1,(1),(1),2,, -1,2,5,6,50,29,10,5,94,94073,2,2,0,3,GEORGES HALGOULT (R),48.7604412986,2.3994555645,19,2,2
202100000752,200Â 369,B01,1,1,2,1,8,0,-1,-1, -1,-1,2021,26.0,0,3,0,2,1,1,3,,2,MARSEILLE (Route de ),0,,4,7,1,1,54,0,1,, -1,1,5,1,50,25,12,5,84,84007,2,1,0,1,Avenue Pierre SÃ©mard,43.930134,4.838178,20,2,2
202100006532,190Â 124,A01,1,1,2,0,1,0,-1,-1, -1,-1,2021,19.0,2,2,0,9,8,1,1,,1,A50-Sens Aubagne vers Marseille,0,,1,3,0,2,13,0,3,, -1,2,0,1,90,24,11,1,13,13005,1,1,1,3,A50-Sens Aubagne vers Marseille,43.28831,5.548412,16,2,2
202100029481,149Â 093,A01,1,1,1,5,2,6,-1,0,0,-1,2021,45.0,2,1,0,0,7,0,1,,3,90,-1,,2,2,0,1,4,630,1,, -1,1,0,1,80,9,7,1,49,49050,1,2,0,3,pk 5 D90,47.325807,-0.39422,14,2,2
202100021967,162Â 363,A01,1,1,1,5,2,6,-1,0,0,-1,2021,29.0,1,1,0,2,8,1,1,,3,766,-1,,3,4,0,1,10,(1),1,, -1,1,0,1,90,30,8,1,22,22239,1,1,0,2,La Croix Guessant,48.339535,-2.106199,8,2,2
202100054596,104Â 192,B01,1,1,2,3,2,0,-1,-1, -1,-1,2021,9.0,1,1,0,2,8,13,0,,3,,-1,,2,2,-1,1,(1),(1),1,, -1,1,8,1,-1,17,1,1,22,22215,2,3,0,3,rue de bel air,48.497377649,-2.7901047507,10,2,2
202100000855,200Â 209,B01,1,1,1,0,1,-1,-1,-1, -1,-1,2021,47.0,2,2,7,2,4,23,1,,3,BARBUSSE HENRI  (boulvard),0,,2,2,2,1,(1),(1),1,, -1,2,5,1,50,29,12,1,69,69264,2,1,1,2,BARBUSSE HENRI  (boulvard),45.98112,4.71532,11,3,2
202100040361,129Â 459,B01,1,1,1,1,2,0,-1,0,0,-1,2021,46.0,0,1,0,2,2,1,1,,4,GRILLONS (RUE DES),0,,2,2,0,1,(1),(1),1,, -1,2,0,1,30,11,5,1,6,6069,2,9,1,2,GRILLONS (RUE DES),43.64852,6.9111,15,2,2
202100006453,190Â 263,A01,1,1,2,4,1,4,-1,0,0,-1,2021,35.0,1,2,0,2,1,1,1,,4,PORTE DES LILAS,0,,1,4,0,1,27,800,1,, -1,1,1,1,70,24,11,5,75,75119,2,1,0,4,PORTE DES LILAS,48.881,2.403653,18,3,3
202100043645,123Â 661,B01,2,2,2,9,2,6,-1,0,0,-1,2021,25.0,1,1,0,2,1,1,1,,4,BOULEVARD BESSIERES,0,,2,6,0,1,(1),(1),1,, -1,1,0,1,50,16,4,5,75,75117,2,5,0,3,BOULEVARD BESSIERES,48.8974372983,2.3242573253,22,3,2
202100007575,188Â 202,A01,10,3,2,0,0,-1,-1,4,3,1,2021,51.0,3,2,0,1,1,15,1,,3,BD DE L EUROPE,0,,3,4,0,1,0,0,1,, -1,2,0,1,50,15,11,5,91,91228,2,3,0,6,BD DE L EUROPE,48.63372,2.41802,18,2,1
202100049984,112Â 395,B01,1,1,1,1,1,8,-1,-1, -1,-1,2021,29.0,3,2,0,2,1,1,1,,4,RUE THEODORE DROUET,0,,2,2,0,1,0,0,1,, -1,1,0,1,50,25,2,1,974,97407,1,1,0,5,RUE THEODORE DROUET,-20.94909,55.31728,7,3,3
202100039937,130Â 200,A01,1,1,2,5,1,-1,-1,-1, -1,-1,2021,43.0,0,2,6,0,1,16,1,,4,DUBOST (RUE),0,,2,1,0,1,(1),(1),1,, -1,1,0,1,50,13,5,1,50,50173,2,1,0,6,DUBOST (RUE),49.64108,-1.67019,13,1,1
202100039631,130Â 752,A01,1,1,1,1,1,-1,-1,0,0,-1,2021,48.0,1,2,13,0,0,1,1,,2,165,0,,3,4,0,1,107,800,1,, -1,2,0,3,90,17,5,2,29,29189,1,1,0,6,N165 PR107+800,48.382985395,-4.332240068,7,1,1
202100043556,123Â 810,B01,1,1,1,9,2,8,-1,0,0,-1,2021,35.0,2,1,0,2,1,1,5,,4,RUE BOTZARIS,0,,2,2,0,1,(1),(1),2,, -1,1,0,1,50,18,4,1,75,75119,2,3,0,3,RUE BOTZARIS,48.877699,2.381287,14,3,2
202100036056,137Â 233,A01,2,2,1,5,1,0,-1,-1, -1,-1,2021,18.0,3,2,2,0,2,1,1,,4,FORET D'ELBEUF,0,,2,2,0,2,(1),(1),3,, -1,1,9,3,50,6,6,1,76,76231,1,1,0,7,FORET D'ELBEUF,49.25895,1.01025,14,2,1
202100006244,190Â 641,A01,1,1,1,1,8,0,-1,-1, -1,-1,2021,35.0,1,1,0,1,1,25,5,,4,BRIOLLAY ROUTE,0,,2,2,0,1,1,0,1,, -1,1,0,4,30,24,11,5,49,49007,2,1,0,6,BRIOLLAY ROUTE,47.49223,-0.528984,7,2,1
202100032327,143Â 975,A01,1,1,1,9,2,6,-1,0,0,-1,2021,58.0,1,1,0,2,9,1,1,,4,PLACE DE LA CONCORDE,0,,1,8,0,1,(1),(1),1,, -1,2,0,1,50,25,6,1,75,75108,2,7,1,5,PLACE DE LA CONCORDE,48.866774,2.322044,15,3,3
202100007551,188Â 243,B01,1,1,1,0,1,0,-1,-1, -1,-1,2021,33.0,2,2,0,2,8,1,0,,1,AUTOROUTE A104,0,,3,3,0,1,6,699,1,, -1,1,0,1,90,18,11,1,93,93073,1,1,0,3,AUTOROUTE A104,48.96812,2.56484,10,2,2
202100038017,133Â 706,A01,1,1,1,9,8,0,-1,-1, -1,-1,2021,49.0,1,1,0,2,3,19,5,,4,AV DE L HERS,0,,2,1,0,2,(1),(1),1,, -1,1,0,1,50,26,5,1,31,31555,2,1,0,3,AV DE L HERS,43.6139,1.47995,17,2,2
202100000123,201Â 535,A01,1,1,1,5,1,1,-1,-1, -1,-1,2021,22.0,1,2,3,0,2,1,1,,2,RN165 (VE),0,,3,2,0,1,35,800,1,, -1,1,0,1,110,18,12,1,29,29039,1,1,0,6,N165 - Concarneau,47.936681,-3.91198,10,1,1
202100018125,169Â 216,A01,10,3,1,5,0,-1,-1,8,5,1,2021,2.0,3,2,0,1,2,14,1,,4,AV DE TYRESO,0,,2,2,0,1,(1),(1),1,, -1,1,0,1,50,18,9,1,77,77445,2,1,0,6,AV DE TYRESO,48.58371,2.58318,19,2,1
202100045715,120Â 032,A01,1,1,1,0,1,0,0,0,0,-1,2021,37.0,2,2,3,0,0,2,1,,1,AUTOROUTE A21,0,,-1,4,0,1,50,900,1,, -1,1,0,1,110,31,3,2,59,59569,1,1,0,6,AUTOROUTE A21,50.380736,3.140471,19,1,1
202100038197,133Â 367,B01,1,1,2,9,1,0,-1,-1, -1,-1,2021,32.0,2,2,0,2,8,15,1,,3,,0,,1,2,0,2,(1),(1),1,, -1,1,0,1,50,26,5,1,11,11069,2,9,0,3,BARBES BD PAIRS,43.2103370949,2.3485510443,20,2,2
202100043180,124Â 477,Z01,10,3,2,0,0,-1,-1,2,3,2,2021,55.0,0,0,0,1,0,26,0,,4,FRAIS VALLON (AVENUE),0,,-1,2,0,1,0,0,1,, -1,1,0,1,50,21,4,5,13,13213,2,1,0,2,FRAIS VALLON (AVENUE),43.32518,5.42835,23,2,1
202100007279,188Â 739,A01,1,1,2,1,1,0,-1,-1, -1,-1,2021,33.0,1,2,4,0,3,26,1,,1,VA007622 RANGUEIL A620 Sortie 23,0,,3,3,0,1,14,785,1,, -1,1,0,1,90,9,11,1,31,31555,1,1,0,6,VA007622 RANGUEIL A620 Sortie 23,43.57205,1.46049,8,1,1
202100021921,162Â 442,B01,1,1,1,0,8,-1,-1,-1, -1,-1,2021,33.0,1,1,0,2,4,1,5,,4,GENAS    (Route de),0,,2,4,0,1,(1),(1),1,, -1,1,0,1,50,29,8,1,69,69266,2,1,0,2,GENAS (DE) (RTE),45.75162,4.90483,13,2,2
202100033075,142Â 622,A01,1,1,1,5,2,0,-1,0,0,-1,2021,57.0,2,1,0,2,8,1,5,,4,AVENUE GAMBETTA,0,,2,2,0,2,(1),(1),1,, -1,1,0,1,30,21,6,1,75,75120,2,5,0,3,AVENUE GAMBETTA,48.871684,2.404377,17,2,2
202100026034,155Â 145,A01,1,1,1,5,2,-1,-1,0,0,-1,2021,24.0,2,1,0,2,3,13,1,,3,1089,-1,,2,2,0,2,18,380,3,, -1,1,0,1,90,2,8,1,19,19002,1,1,0,3,RD 1089,45.5837067421,2.3690424748,13,2,2
202100033938,141Â 097,B01,1,1,1,1,1,-1,-1,0,0,-1,2021,39.0,1,5,0,2,1,0,1,,3,,-1,,2,2,0,1,3,170,1,, -1,2,0,1,50,18,6,3,60,60054,2,1,1,1,15 Grande Rue - Villotran,49.3445700444,2.0182226314,4,2,2
202100044865,121Â 522,B01,1,1,1,4,2,6,-1,0,0,-1,2021,24.0,0,1,0,2,1,21,1,,4,0,0,V,2,2,0,1,(1),(1),1,, -1,1,0,1,50,7,4,1,201,201271,2,1,0,1,ZI Caldaniccia,41.9531984894,8.8010296893,15,2,2
202100051513,109Â 619,B01,1,1,1,0,2,6,-1,-1, -1,-1,2021,34.0,0,1,0,2,1,1,1,,4,FÃLIX PYAT (RUE),0,,2,2,0,1,1,0,1,, -1,1,0,1,50,13,2,1,13,13203,2,4,0,3,FÃLIX PYAT (RUE),43.3201609843,5.3743201435,16,2,2
202100024959,157Â 049,B01,1,1,1,1,1,-1,-1,0,0,-1,2021,20.0,3,2,0,2,3,1,1,,4,6,0,,2,2,0,1,(1),(1),3,, -1,1,0,1,50,9,8,1,48,48094,2,1,0,1,Lieu dit Soulages 48500,44.333442,3.221183,18,3,2
202100025377,156Â 295,A01,1,1,1,0,1,-1,-1,0,0,-1,2021,48.0,2,2,6,0,1,0,1,,1,660,-1,,3,4,0,1,8,389,1,, -1,1,2,3,130,2,8,3,33,33284,1,1,0,6,"Autoroute A660, PK 007+664 sens Arcachon/Bordeaux",44.630917,-0.934653,21,1,1
202100019257,167Â 209,B01,2,2,1,3,1,-1,-1,0,0,-1,2021,78.0,1,2,0,2,1,1,1,,3,101,0,D,2,2,0,1,1,740,1,,5,1,0,1,80,13,9,1,39,39486,1,3,1,3,,46.814039,5.588847,18,3,2
202100033052,142Â 662,B01,1,1,1,4,8,0,-1,-1, -1,-1,2021,32.0,2,0,0,2,7,1,3,,4,VOLCLAIR (BD LOUIS),0,,3,2,2,1,(1),(1),1,, -1,2,5,1,50,20,6,2,35,35238,2,2,1,3,VOLCLAIR (BD LOUIS),48.088459,-1.667633,20,2,2
202100013022,178Â 471,A01,1,1,1,0,1,0,-1,-1, -1,-1,2021,49.0,2,2,6,2,1,2,1,,3,LIGNE PARADIS(ROUTE DE LA),0,,2,2,0,1,(1),(1),1,, -1,1,0,1,50,15,10,1,974,97416,1,1,0,2,LIGNE PARADIS(ROUTE DE LA),-21.31623,55.47856,6,2,2
202100021648,162Â 933,A01,1,1,1,1,1,0,-1,0,0,-1,2021,37.0,2,2,0,2,4,23,1,,4,AVENUE DE LA PORTE DE CLICHY,0,,1,3,3,1,(1),(1),1,, -1,1,0,1,50,29,8,1,75,75117,2,1,0,2,AVENUE DE LA PORTE DE CLICHY,48.895753,2.311284,12,2,2
202100048407,115Â 233,A01,10,3,1,2,0,-1,-1,4,3,1,2021,14.0,1,5,0,1,1,16,1,,4,BOULEVARD DE DOULON,0,,2,2,2,1,(1),(1),1,, -1,2,0,1,50,11,3,1,44,44109,2,1,1,6,BOULEVARD DE DOULON,47.22502,-1.5215,7,2,1
202100033992,140Â 996,B01,1,1,1,0,2,6,-1,-1, -1,-1,2021,45.0,2,1,0,2,3,17,1,,2,R.N 569,0,,2,2,0,1,0,0,1,, -1,1,0,1,80,9,6,1,13,13047,1,1,0,1,R.N 569,43.49211,4.96503,16,5,2
202100013498,177Â 604,B01,1,1,1,9,1,8,-1,-1, -1,-1,2021,48.0,1,2,0,2,1,1,1,,4,PARIS (AVENUE DE),0,,3,2,0,1,(1),(1),1,, -1,1,0,1,50,12,10,1,71,71076,2,2,0,3,Avenue de Paris,46.7943840183,4.8487190008,11,2,2
202100003385,195Â 709,A01,10,3,1,0,0,-1,-1,1,1,1,2021,67.0,3,2,0,1,2,1,1,,4,OWENS JAMES,0,,2,1,0,1,0,0,1,, -1,1,0,1,70,11,12,3,974,97407,2,1,0,6,OWENS JAMES,-20.93583,55.3268,22,2,1
202100030108,147Â 963,B01,1,1,2,5,1,-1,-1,0,0,-1,2021,38.0,1,2,0,2,4,1,1,,3,91,0,,2,2,0,1,2,790,3,, -1,1,0,1,50,8,7,1,89,89099,2,4,0,2,Rue de la RÃ©publique,47.947217,3.539604,17,5,2
202100053401,106Â 271,A01,1,1,1,5,2,6,-1,0,0,-1,2021,35.0,0,1,1,0,1,0,1,,4,,-1,,2,2,0,1,(1),(1),3,, -1,2,0,1,30,28,1,5,29,29046,2,1,1,6,Passage de Kerguelen,48.0904162125,-4.3449102687,20,1,1
202100024620,157Â 651,A01,1,1,1,1,2,8,-1,-1, -1,-1,2021,33.0,2,1,0,2,2,1,1,,7,L'ENJOLRAS (AVE DE),0,,2,2,0,1,1,0,1,, -1,1,0,1,50,11,8,1,13,13075,2,3,0,3,L'ENJOLRAS (AVE DE),43.33766,5.45282,7,2,2
202100002183,197Â 889,B01,1,1,2,1,1,-1,-1,0,0,-1,2021,62.0,2,2,0,2,1,1,1,,3,609,-1,,2,2,0,1,23,500,2,, -1,1,0,1,50,17,12,3,34,34142,2,1,0,1,ROUTE DE MILLAU,43.738449,3.328321,19,2,2
202100003749,195Â 054,A01,10,3,1,0,0,-1,-1,9,3,1,2021,31.0,3,1,0,1,2,1,1,,3,907,0,,2,2,0,2,0,0,1,, -1,1,0,1,50,10,12,5,92,92064,2,1,0,6,DAILLY,48.844333,2.220411,18,2,1
202100009734,184Â 304,A01,10,3,2,1,0,-1,-1,4,3,1,2021,61.0,1,5,0,1,3,26,1,,3,PARIS   AVENUE DE,0,,3,4,0,1,4,500,1,, -1,2,0,1,50,2,11,2,95,95598,2,1,1,6,Avenue de Paris,48.987882,2.294228,7,2,1
202100022464,161Â 480,B01,1,1,2,5,1,0,-1,0,0,-1,2021,60.0,1,2,0,2,4,2,1,,3,PEGOMAS (ROUTE DE),0,,2,2,0,1,13,798,3,, -1,1,0,1,50,26,8,1,6,6069,2,1,0,2,PEGOMAS (ROUTE DE),43.64153,6.93675,13,3,2
202100043802,123Â 388,B01,1,1,1,9,2,0,-1,-1, -1,-1,2021,36.0,1,1,0,2,1,3,1,,3,R DALAYRAC ,0,,-1,2,0,1,1,0,1,, -1,1,0,1,50,15,4,1,94,94033,2,1,0,7,Rue Dalayrac,48.848961,2.463201,18,2,2
202100038293,133Â 199,B01,1,1,2,5,1,-1,-1,0,0,-1,2021,20.0,2,2,0,2,1,2,1,,3,1084,-1,,2,2,0,1,13,317,1,, -1,1,0,1,50,26,5,1,1,1142,2,1,0,2,873 Rue de GenÃ¨ve,45.850699,5.073392,9,2,2
202100006001,191Â 071,B01,1,1,1,5,2,6,-1,0,0,-1,2021,25.0,2,1,0,2,7,17,1,,4,RUE DE LA CITE,0,,1,2,1,1,(1),(1),1,, -1,2,0,1,30,27,11,5,75,75104,2,7,1,3,RUE DE LA CITE,48.854029,2.347374,23,3,2
202100019922,166Â 021,A01,2,2,2,0,8,0,-1,-1, -1,-1,2021,21.0,3,2,0,2,7,1,1,,4,DANIELLE CASANOVA (RUE),0,,1,1,0,1,1,0,1,, -1,1,0,1,50,8,9,5,93,93049,2,2,0,3,Avenue Danielle Casanova / Rue Pasteur,48.85831,2.50204,22,3,2
202100040584,129Â 073,A01,1,1,1,1,2,6,-1,-1, -1,-1,2021,61.0,2,1,0,2,7,3,1,,1,A4,0,,1,4,0,1,11,500,1,, -1,2,0,1,110,10,5,1,94,94015,1,1,0,4,A4,48.8329741531,2.5336492518,7,3,3
202100027771,152Â 071,A01,1,1,2,9,2,0,-1,0,0,-1,2021,27.0,2,1,0,0,0,1,5,,4,RUE ETIENNE MARCEL,0,,2,3,0,1,(1),(1),1,, -1,1,0,1,50,20,7,2,75,75101,2,2,0,7,RUE ETIENNE MARCEL,48.864178,2.347633,20,1,1
202100033842,141Â 266,B01,1,1,1,0,8,-1,-1,-1, -1,-1,2021,22.0,2,1,0,2,1,1,1,,4,TIVOLI (AVE DE),0,,2,2,0,1,(1),(1),1,, -1,2,0,1,50,17,6,4,33,33069,2,2,1,3,Avenue de Tivoli,44.8705755458,-0.5982824929,21,2,2
202100021356,163Â 480,B01,1,1,2,5,9,-1,-1,0,0,-1,2021,32.0,1,0,0,0,4,2,6,,3,,0,,1,1,0,1,(1),(1),1,,3,1,0,1,30,2,9,1,58,58145,2,1,0,2,2 Rue des Theureaux,47.286781,3.819952,11,2,2
202100046644,118Â 391,A01,10,3,2,5,0,-1,-1,2,3,1,2021,58.0,1,1,0,1,2,1,5,,4,RUE EUGENE VARLIN,0,,2,2,1,1,(1),(1),1,, -1,1,-1,5,30,25,3,1,75,75110,2,1,0,6,RUE EUGENE VARLIN,48.87881,2.363798,18,2,1
202100035231,138Â 728,A01,1,1,2,5,1,0,-1,-1, -1,-1,2021,39.0,1,2,0,2,1,2,1,,1,GROSSEREIX (ROND POINT DE),0,,1,2,0,1,182,0,1,, -1,1,5,1,70,8,6,1,87,87085,1,2,0,2,GROSSEREIX (ROND POINT DE),45.89366,1.29358,17,2,2
202100019868,166Â 128,A01,1,1,1,0,2,0,-1,-1, -1,-1,2021,18.0,0,1,6,0,0,26,1,,3,CHAMBORD (ROUTE DE),0,,2,2,0,1,3,627,1,, -1,1,0,3,70,5,9,1,41,41295,1,1,0,6,CHAMBORD (ROUTE DE),47.57622,1.399231,18,1,1
202100040114,129Â 895,A01,1,1,1,5,1,-1,-1,0,0,-1,2021,25.0,2,2,3,2,1,2,1,,1,9,-1,,3,5,0,1,60,500,1,, -1,1,0,1,130,14,5,1,30,30169,1,1,0,2,A9 pk 060+500,43.796186,4.306775,6,2,2
202100023281,160Â 002,B01,1,1,2,1,2,6,-1,-1, -1,-1,2021,26.0,1,1,0,2,4,13,1,,3,CHEVREL ( BOULEVARD DU DOCTEUR ),0,,2,2,0,2,15,149,1,, -1,1,2,1,50,18,8,1,44,44055,2,1,0,2,CHEVREL ( BOULEVARD DU DOCTEUR ),47.289065,-2.3941778115,16,2,2
202100032268,144Â 082,A01,10,3,1,5,0,-1,-1,5,2,1,2021,31.0,2,5,0,1,3,20,1,,4,MARNE ( AV DE LA ),0,,-1,-1,0,1,(1),(1),1,, -1,1,0,4,30,24,6,4,56,56121,2,1,0,6,MARNE ( AV DE LA ),47.7423,-3.3684,23,2,1
202100016305,172Â 491,A01,7,2,1,5,1,-1,-1,0,0,-1,2021,17.0,2,2,2,0,3,14,1,,1,26,-1,A,3,4,0,1,316,500,1,, -1,1,0,3,130,29,9,1,51,51409,1,1,0,6,A26,48.891838,4.288273,11,4,1
202100004457,193Â 799,B01,1,1,2,5,1,-1,-1,0,0,-1,2021,56.0,2,2,0,2,3,1,1,,1,,-1,,1,2,0,1,324,400,1,, -1,1,0,1,130,5,12,2,51,51099,1,1,0,3,A26,48.821074,4.28954,17,3,2
202100005293,192Â 325,B01,1,1,1,0,1,0,-1,-1, -1,-1,2021,61.0,1,2,0,2,3,1,1,,4,BOURGOGNE (RUE DE),0,,2,1,0,1,0,0,1,, -1,1,0,1,50,26,11,2,52,52121,2,1,1,3,BOURGOGNE (RUE DE),48.09781,5.141,18,2,2
202100011765,180Â 684,C01,1,1,2,1,1,0,-1,-1, -1,-1,2021,38.0,1,2,0,2,1,26,1,,2,JAURES (BOULEVARD JEAN),0,,3,2,2,1,(1),(1),1,, -1,1,0,1,50,20,10,1,974,97411,1,1,0,4,JAURES (BOULEVARD JEAN),-20.89592,55.47367,15,4,3
202100049728,112Â 860,A01,10,3,2,2,0,-1,-1,3,3,1,2021,21.0,3,2,0,1,3,15,1,,3,,-1,,2,-1,-1,1,(1),(1),1,, -1,1,0,1,-1,26,2,2,59,59400,2,3,0,6,Place de la Liberation,50.642324,2.638956,7,2,1
202100000750,200Â 372,A01,10,3,1,0,0,-1,-1,2,3,1,2021,61.0,0,0,0,1,0,0,0,,4,FOLIE (Avenue de la),0,,-1,2,0,1,0,100,1,, -1,1,0,1,50,27,12,1,84,84007,2,1,0,6,FOLIE (Avenue de la),43.94852,4.8199,17,2,1
202100017903,169Â 619,A01,10,3,1,5,0,-1,-1,3,3,1,2021,23.0,1,1,0,1,1,1,1,,3,EUROPE (AVENUE),0,,4,2,0,1,0,0,1,, -1,1,0,1,50,20,9,1,92,92009,2,9,0,6,EUROPE (AVENUE),48.90651,2.25955,13,2,1
202100014029,176Â 626,A01,10,3,1,5,0,-1,-1,3,3,1,2021,74.0,-1,2,0,1,1,1,1,,4,"""BARBUSSE HENRI, NR 35 A 137""",0,,-1,2,0,1,0,1,1,, -1,1,0,1,50,10,10,1,93,93066,2,1,0,6,"""BARBUSSE HENRI, NR 35 A 137""",48.9407920448,2.3718623187,16,2,1
202100018671,168Â 266,A01,1,1,1,9,1,-1,-1,0,0,-1,2021,19.0,2,2,8,0,1,0,1,,3,27,0,,2,2,0,1,33,800,2,, -1,1,0,4,50,25,8,5,18,18133,2,1,0,6,Rue Yves Lacelle,46.95596,2.253249,3,1,1
202100022623,161Â 176,B01,1,1,1,0,2,6,-1,-1, -1,-1,2021,23.0,1,1,0,2,4,2,1,,3,TORIGNI,0,,2,2,0,2,19,1200,1,, -1,1,0,1,50,25,8,1,50,50502,2,1,0,2,TORIGNI,49.106615,-1.069526,17,2,2
202100014950,174Â 982,A01,1,1,1,0,2,0,-1,-1, -1,-1,2021,36.0,0,1,0,2,9,19,1,,4,MIRZA (CITE),0,,2,1,0,1,(1),(1),1,, -1,1,0,1,50,4,10,5,973,97302,2,2,0,3,MIRZA (CITE),4.93254,-52.3254,18,2,2
202100052444,107Â 970,A01,10,3,2,5,0,-1,-1,3,3,1,2021,47.0,2,2,0,1,2,1,1,,4,VOLTAIRE    PAIRS (BOULEVARD),0,,2,2,0,1,(1),(1),1,, -1,1,0,1,50,5,2,1,13,13201,2,1,0,6,VOLTAIRE    PAIRS (BOULEVARD),43.30209,5.38286,16,2,1