Num_Acc,id_vehicule,num_veh,place,catu,sexe,trajet,secu1,secu2,secu3,locp,actp,etatp,year_acc,victim_age,senc,catv,obs,obsm,choc,manv,motor,occutc,catr,voie,v1,v2,circ,nbv,vosp,prof,pr,pr1,plan,lartpc,larrout,surf,infra,situ,vma,jour,mois,lum,dep,com,agg_,int,atm,col,adr,lat,long,hour,nb_victim,nb_vehicules
202100003873,194Â 829,A01,1,1,1,4,1,-1,-1,0,0,-1,2021,42.0,2,4,4,0,2,1,1,,1,28,0,,2,4,0,2,54,600,1,, -1,1,0,1,-1,10,12,1,76,76584,1,1,0,7,A28,49.749164,1.479292,12,1,1
202100051653,109Â 362,A01,10,3,2,0,8,8,-1,1,1,1,2021,38.0,1,3,0,1,1,1,1,1.0,4,GABRIEL PERI (AVENUE),0,,2,2,0,1,0,0,1,, -1,1,0,1,30,11,2,1,91,91549,2,1,0,6,GABRIEL PERI (AVENUE),48.64728,2.327275,13,2,1
202100055028,103Â 450,A01,10,3,2,0,0,-1,-1,3,3,2,2021,47.0,1,2,0,1,3,15,1,,4,FESSENHEIM (RUE DE),0,,2,2,0,1,(1),(1),1,, -1,1,0,1,30,13,1,1,67,67482,2,3,1,6,Rue de Fessenheim,48.598651297,7.7107244636,14,2,1
202100047194,117Â 408,B01,1,1,1,1,1,0,-1,-1, -1,-1,2021,60.0,2,2,0,2,4,2,1,,1,A6A,0,,3,3,0,2,2,799,1,, -1,1,0,1,70,21,3,3,94,94076,1,1,0,2,AUTOROUTE A6A,48.7925354511,2.3446935815,5,2,2
202100032355,143Â 928,A01,10,3,1,9,0,-1,-1,1,3,1,2021,58.0,2,2,0,1,3,19,1,,4,LONGCHAMP (RUE DE),0,,1,1,0,1,0,0,1,, -1,1,0,1,30,25,6,1,92,92051,2,3,0,6,LONGCHAMP (RUE DE),48.882167,2.255318,6,2,1
202100044552,122Â 079,A01,10,3,2,5,0,-1,-1,4,5,2,2021,3.0,3,2,0,1,1,1,1,,3,JAURES(AVENUE JEAN),0,,2,2,0,1,0,515,1,, -1,1,9,1,30,8,4,1,77,77152,2,3,0,6,JAURES(AVENUE JEAN),48.52667,2.6472,12,2,1
202100022521,161Â 374,A01,1,1,1,5,1,-1,-1,0,0,-1,2021,27.0,3,2,6,0,1,0,1,,4,,-1,,2,2,0,1,(1),(1),3,,4,1,0,3,80,26,8,3,44,44006,1,1,0,6,Route de la Cle des Champs,47.438422,-2.377456,22,1,1
202100035711,137Â 878,A01,10,3,2,0,0,-1,-1,3,3,1,2021,29.0,1,2,0,1,1,1,1,,4,SAULXURES (AVENUE DE),0,,2,-1,0,1,(1),(1),1,, -1,1,0,1,50,7,6,1,54,54184,2,1,0,6,SAULXURES (AVENUE DE),48.70405,6.246003,12,2,1
202100005681,191Â 643,B01,10,3,2,5,0,-1,-1,3,3,3,2021,9.0,1,2,0,1,2,1,1,,3,43,-1,,2,2,0,1,21,600,3,, -1,1,5,1,70,27,11,3,83,83049,1,6,0,6,rond point de la foux - RD 43,43.253283,6.064217,18,4,2
202100048681,114Â 738,B01,1,1,1,5,1,0,-1,-1, -1,-1,2021,72.0,1,2,0,2,3,15,1,,3,MONTUPET (CHEMIN DE),0,,2,2,0,2,2,70,1,, -1,1,0,1,70,4,2,1,19,19275,1,2,0,3,MONTUPET (CHEMIN DE),45.57029,2.30304,17,2,2
202100056479,100Â 947,A01,3,2,2,5,1,-1,-1,0,0,-1,2021,23.0,1,2,16,0,8,1,1,,3,1001,0,,1,2,0,1,24,800,2,, -1,1,5,3,50,1,1,5,60,60002,2,6,0,7,rond point du gros poirier,49.3650561872,2.1624966859,23,4,1
202100053484,106Â 113,A01,10,3,2,4,0,-1,-1,2,3,1,2021,48.0,1,5,0,1,4,4,1,,4,RUE CORIOLIS,0,,1,2,1,2,(1),(1),1,, -1,2,0,1,50,27,1,1,75,75112,2,1,1,6,RUE CORIOLIS,48.837322,2.389775,10,2,1
202100033162,142Â 486,B01,1,1,1,1,2,0,-1,-1, -1,-1,2021,29.0,2,1,0,2,8,3,1,,1,AUTOROUTE A6B,0,,3,11,0,1,3,250,1,, -1,1,0,1,110,21,6,1,94,94038,1,1,0,3,AUTOROUTE A6B,48.78323,2.347,9,2,2
202100034272,140Â 480,B01,1,1,1,0,0,-1,-1,0,0,-1,2021,53.0,2,1,0,2,1,1,5,,4,STRASBOURG (BOULEVARD DE),0,,2,2,2,2,(1),(1),1,, -1,1,0,1,50,15,6,1,35,35238,2,3,0,3,STRASBOURG (BOULEVARD DE),48.11167,-1.65612,18,2,2
202100037754,134Â 182,A01,1,1,2,1,1,0,-1,-1, -1,-1,2021,27.0,1,2,0,2,1,1,1,,4,IASSY (AVENUE DE),0,,2,2,0,1,(1),(1),1,, -1,1,0,1,50,27,5,1,86,86194,2,1,0,4,Avenue de Iassy,46.574009,0.39114,17,3,3
202100048900,114Â 351,B01,1,1,2,1,1,-1,-1,0,0,-1,2021,60.0,2,2,0,2,3,15,1,,1,,-1,,1,-1,-1,1,(1),(1),2,, -1,1,5,1,-1,8,3,2,27,27340,1,3,0,3,D313,49.367181,0.814297,6,2,2
202100048309,115Â 406,B01,1,1,1,1,2,0,-1,-1, -1,-1,2021,44.0,1,1,0,2,7,1,1,,4,ERNEST RENAN (AVENUE),0,,2,1,0,1,0,0,1,, -1,1,0,1,30,12,3,1,93,93048,2,3,0,3,ERNEST RENAN (AVENUE),48.8684,2.4427,9,2,2
202100008068,187Â 311,A01,10,3,1,0,0,-1,-1,4,3,1,2021,64.0,1,2,0,1,1,16,2,,3,STALINGRAD (RUE DE),0,,2,1,0,2,1,0,1,, -1,2,0,1,30,15,11,5,93,93048,2,1,1,6,STALINGRAD (RUE DE),48.8567987583,2.444935441,19,2,1
202100023439,159Â 724,B01,1,1,1,9,2,8,-1,-1, -1,-1,2021,82.0,2,1,0,2,7,15,5,,3,GALLOIS (CARREFOUR DES),0,,1,1,0,1,1,0,2,, -1,1,0,1,50,17,8,1,22,22278,2,6,0,2,GALLOIS (CARREFOUR DES),48.4973168164,-2.7471711501,13,2,2
202100006572,190Â 051,A01,1,1,1,3,2,-1,-1,-1,0,-1,2021,26.0,1,1,0,2,4,23,1,,3,POMPIDOU GEORGES (AVENUE),0,,2,2,0,1,8,650,1,, -1,1,0,1,50,22,11,1,95,95277,2,1,0,2,RD 370,48.991083252,2.4316048622,13,2,2
202100053090,106Â 831,A01,1,1,1,5,8,0,-1,-1, -1,-1,2021,48.0,2,1,12,0,1,1,5,,4,LEON BLUM (AV),0,,2,2,0,2,1,0,2,, -1,2,0,1,30,30,1,1,94,94016,2,1,0,7,LEON BLUM (AV),48.79192,2.33693,13,1,1
202100018077,169Â 322,A01,1,1,1,5,1,-1,-1,0,0,-1,2021,65.0,1,5,0,0,0,0,1,,7,6,-1,,2,2,0,1,36,600,1,, -1,1,0,3,80,19,9,1,13,13110,1,1,0,5,1691 Route de Saint-Maximin,43.457019,5.706673,15,1,1
202100039406,131Â 160,A01,10,3,2,5,0,-1,-1,3,3,1,2021,32.0,1,2,0,1,2,1,1,,4,MONTJOLI (AVENUE DU),0,,2,2,0,1,0,0,1,, -1,1,0,1,50,17,5,1,6,6030,2,1,0,6,MONTJOLI (AVENUE DU),43.57825,7.0093,16,2,1
202100039162,131Â 623,A01,1,1,1,5,2,8,-1,-1, -1,-1,2021,21.0,2,1,0,2,1,2,1,,3,DOUMER (AVENUE PAUL) EST,0,,3,4,0,1,0,0,1,, -1,1,0,1,50,18,5,1,92,92063,2,1,0,2,DOUMER (AVENUE PAUL) EST,48.8774,2.17348,13,2,2
202100018371,168Â 789,A01,1,1,2,0,1,0,-1,-1, -1,-1,2021,20.0,1,2,0,2,3,19,1,,4,BESANCON (RUE DE),0,,2,1,0,1,(1),(1),2,, -1,1,9,1,50,17,9,5,25,25462,2,6,0,3,BESANCON (RUE DE),46.91172,6.347639,22,2,2
202100051378,109Â 843,A01,1,1,1,0,1,0,-1,-1, -1,-1,2021,23.0,1,5,0,2,2,2,1,,1,AUTOROUTE A3,0,,3,6,0,1,10,0,1,, -1,2,0,1,90,15,2,3,93,93007,1,1,0,3,AUTOROUTE A3,48.92343,2.48075,21,2,2
202100022739,160Â 953,A01,2,2,1,0,1,0,-1,-1, -1,-1,2021,89.0,1,2,0,2,1,26,1,,4,GAMBETTA BOULEVARD,0,,2,0,0,1,0,0,1,, -1,1,0,1,50,23,8,1,8,8105,2,3,0,3,GAMBETTA BOULEVARD,49.772541,4.710538,16,3,2
202100055971,101Â 841,A01,10,3,1,9,0,-1,-1,5,9,3,2021,12.0,2,2,0,1,1,1,1,,3,956,0,,2,2,0,2,8,0,2,, -1,7,0,4,50,8,1,2,57,57365,2,1,0,6,D956,49.397349,6.433702,8,5,1
202100027888,151Â 861,A01,10,3,1,5,0,-1,-1,5,2,1,2021,66.0,0,1,0,1,1,25,5,,4,BENEDICTINS (RAMPE DES),0,,2,2,0,2,0,0,1,, -1,1,0,1,50,18,7,1,87,87085,2,1,0,6,BENEDICTINS (RAMPE DES),45.83532,1.26846,14,2,1
202100034207,140Â 604,A01,1,1,1,4,2,0,-1,-1, -1,-1,2021,20.0,1,1,1,0,3,13,6,,4,RÃ©publique (Quai),0,,1,1,0,1,(1),(1),1,, -1,2,0,4,30,12,3,2,19,19272,2,1,0,6,RÃ©publique (Quai),45.2671255977,1.7714520377,19,1,1
202100012887,178Â 694,B01,1,1,2,0,1,5,-1,-1, -1,-1,2021,22.0,3,2,0,2,8,1,1,,4,JULES VALLES (R),0,,-1,2,0,1,0,1,1,, -1,1,0,1,50,16,10,1,94,94022,2,2,0,3,Rue Jules VallÃ¨s,48.7546021901,2.4102653051,8,2,2
202100034416,140Â 216,A01,1,1,1,0,2,0,-1,-1, -1,-1,2021,40.0,2,1,0,2,2,3,1,,1,AUTOROUTE A3,0,,3,6,0,1,7,900,1,, -1,1,0,1,90,15,6,1,93,93010,1,1,0,3,AUTOROUTE A3,48.90539,2.47182,9,2,2
202100054594,104Â 194,B01,1,1,1,1,2,8,-1,-1, -1,-1,2021,45.0,2,1,0,2,3,1,1,,4,AVE DE L'YSER,0,,2,2,0,1,(1),(1),1,, -1,1,0,1,50,18,1,2,33,33281,2,4,0,1,Avenue de lâYser,44.84142,-0.64986,7,2,2
202100024420,158Â 033,A01,1,1,1,0,2,6,-1,0,0,-1,2021,58.0,1,1,6,0,2,1,1,,3,923,-1,,2,2,0,1,37,70,1,, -1,1,0,4,50,13,8,1,28,28265,2,1,0,6,25 rue de Beauce,48.39318,1.025162,14,1,1
202100040958,128Â 407,A01,1,1,1,5,2,0,-1,-1, -1,-1,2021,17.0,2,1,8,0,1,16,1,,4,R DU GENIE,0,,1,0,0,1,1,0,1,, -1,1,0,1,50,7,5,1,94,94081,2,3,0,3,Rue du GÃ©nie,48.7954,2.3731,15,3,2
202100024854,157Â 232,B01,1,1,1,4,1,-1,-1,-1, -1,-1,2021,46.0,1,5,0,2,7,1,1,,4,PERRACHE                            (QU),0,,1,4,0,1,(1),(1),1,, -1,1,5,1,50,8,8,1,69,69382,2,2,0,3,PERRACHE (Q),45.7343,4.8181,10,2,2
202100013210,178Â 124,B01,1,1,1,0,2,-1,-1,-1, -1,-1,2021,40.0,2,1,0,2,1,19,5,,4,FRERES LAFRANCHI (DES)                  ,0,,1,2,0,1,(1),(1),1,, -1,1,0,1,50,14,10,1,69,69259,2,4,1,1,MARCEL SEMBAT (BD),45.71309,4.87682,17,2,2
202100007884,187Â 648,A01,1,1,2,0,1,-1,-1,0,0,-1,2021,76.0,1,2,0,2,2,13,1,,3,977,0,,2,2,0,1,(1),(1),1,, -1,1,0,1,80,17,11,1,84,84126,1,1,0,1,D977,44.226366,5.013156,12,3,2
202100026934,153Â 567,A01,1,1,1,1,2,6,-1,-1, -1,-1,2021,22.0,2,1,0,0,8,0,1,,1,A86,0,,1,2,0,1,7,500,1,, -1,2,0,1,90,26,7,1,92,92036,1,1,1,6,A86,48.9345665738,2.280304127,17,1,1
202100027782,152Â 054,B01,1,1,2,1,1,0,-1,-1, -1,-1,2021,27.0,3,2,0,2,6,1,1,,4,PICASSO  (AVENUE),0,,2,2,0,1,0,0,2,, -1,1,5,1,50,21,7,1,93,93047,2,2,1,3,PICASSO  (AVENUE),48.902337,2.56081,9,2,2
202100006061,190Â 967,A01,2,2,2,5,8,-1,-1,0,0,-1,2021,26.0,1,2,2,2,1,2,1,,3,733,-1,,3,4,0,1,12,602,3,, -1,1,0,1,110,27,11,1,17,17308,1,1,0,2,CD 733,45.871515,-0.968921,10,3,2
202100026732,153Â 937,A01,9,2,2,3,1,3,-1,0,0,-1,2021,5.0,2,2,7,0,1,1,1,,3,160,0,D,2,2,0,1,42,100,1,, -1,1,0,3,80,28,7,1,85,85142,1,2,0,6,Les Baraques,46.738232,-1.277171,19,2,1
202100048686,114Â 728,A01,1,1,2,0,1,8,-1,-1, -1,-1,2021,26.0,1,2,0,2,3,1,0,,4,DÃSIRÃ BIANCO (AVENUE),0,,1,1,0,1,(1),(1),1,, -1,1,0,1,50,8,3,1,13,13211,2,3,0,3,DÃSIRÃ BIANCO (AVENUE),43.288632,5.425484,17,2,2
202100028695,150Â 428,A01,1,1,2,5,1,0,-1,-1, -1,-1,2021,62.0,2,2,14,0,2,2,1,,3,RAYMOND POINCARE (BD),0,,1,4,1,1,1,0,1,, -1,1,9,1,50,16,7,2,94,94058,2,1,0,2,RAYMOND POINCARE (BD),48.8497,2.49501,6,2,2
202100009910,183Â 979,B01,4,2,1,0,1,0,-1,-1, -1,-1,2021,9.0,0,2,0,2,3,1,1,,4,RUE ARISTIDE MAILLOL,0,,2,2,0,1,(1),(1),3,, -1,2,0,1,50,1,11,5,31,31555,2,1,1,1,RUE ARISTIDE MAILLOL,43.57973,1.39651,5,5,2
202100005910,191Â 226,B01,1,1,2,9,1,0,-1,-1, -1,-1,2021,32.0,1,2,0,2,1,1,1,,4,LANGUEDOC (AVENUE DU CD 88),0,,2,2,0,1,(1),(1),1,, -1,2,0,1,50,24,11,1,66,66136,2,1,1,1,LANGUEDOC (AVENUE DU CD 88),42.72485,2.88724,15,2,2
202100035692,137Â 914,B01,1,1,1,1,2,4,-1,-1, -1,-1,2021,56.0,1,1,0,2,1,0,5,,4,ANATOLE FRANCE                      (R ),0,,1,1,2,1,(1),(1),1,, -1,1,0,1,50,8,6,1,69,69290,2,9,0,3,ANATOLE FRANCE (R),45.6924416137,4.9337893724,11,2,2
202100008932,185Â 751,A01,1,1,1,0,2,0,-1,-1, -1,-1,2021,37.0,1,1,12,0,8,26,1,,4,RUE DE GAMBETTA,0,,2,2,0,2,(1),(1),1,, -1,1,0,1,30,6,11,4,971,97107,2,1,0,3,RUE DE GAMBETTA,16.0446466057,-61.5660148859,18,2,2
202100030870,146Â 580,A01,1,1,1,0,1,0,-1,-1, -1,-1,2021,18.0,1,2,1,0,1,1,1,,4,,0,,1,1,0,1,0,0,2,, -1,1,0,1,30,4,7,5,92,92035,2,1,0,6,8 Mai 1945 ( rue du ),48.9116180406,2.2568307817,22,1,1
202100021190,163Â 787,A01,1,1,1,5,2,6,9,0,0,-1,2021,60.0,1,1,0,2,1,2,1,,3,D917,0,,2,2,1,1,(1),(1),1,, -1,1,0,1,70,4,9,1,59,59411,1,1,0,2,Rue du PavÃ©,50.4900311377,3.1329488754,12,2,2
202100024361,158Â 135,A01,1,1,1,1,2,6,9,0,0,-1,2021,21.0,1,1,7,0,7,14,1,,2,21,0,,2,2,0,2,64,400,2,, -1,9,0,3,80,13,8,1,32,32172,1,1,0,6,N21,43.549528,0.485947,17,1,1
202100051840,109Â 041,A01,1,1,1,1,2,6,-1,0,0,-1,2021,27.0,3,1,0,2,1,13,1,,3,65,0,,3,2,0,4,4,500,4,, -1,7,0,1,90,12,2,1,49,49092,1,1,0,1,Route dÃ©partementale 65,47.156386,-0.70246,8,2,2
202100029853,148Â 432,A01,10,3,2,9,0,-1,-1,1,3,1,2021,51.0,1,5,0,1,4,20,1,,4,SAVIER (RUE),0,,1,1,0,1,0,0,1,, -1,1,0,1,30,9,7,1,92,92046,2,1,0,6,SAVIER (RUE),48.8211505132,2.3074573181,9,2,1
202100025557,155Â 992,A01,2,2,2,0,2,-1,-1,0,0,-1,2021,36.0,0,1,0,0,0,0,1,,3,613,-1,,2,2,0,1,38,875,1,, -1,1,0,3,-1,30,7,1,27,27650,1,1,0,7,D613,49.083421,0.98879,13,2,1
202100015522,173Â 942,B01,3,2,1,5,1,-1,-1,-1, -1,-1,2021,22.0,3,2,0,2,4,2,1,,4,UNIVERSITE  (DE L')              (BD),0,,4,3,0,1,(1),(1),1,, -1,1,0,1,50,2,10,5,69,69029,2,1,0,4,UNIVERSITE  (DE L') (BD),45.72679,4.92767,0,6,4
202100042128,126Â 326,B01,1,1,2,1,1,-1,-1,0,0,-1,2021,49.0,1,2,6,2,3,1,1,,3,1006,0,D,2,2,0,1,135,510,3,, -1,2,0,1,80,29,4,1,73,73119,1,1,0,1,D1006,45.196161,6.618201,18,2,2
202100020480,165Â 028,A01,1,1,2,1,0,-1,-1,-1, -1,-1,2021,32.0,1,1,12,0,0,17,5,,4,IRENE JOLIOT CURIE                  (BD),0,,3,4,2,1,(1),(1),1,, -1,1,0,5,50,6,9,1,69,69259,2,1,0,6,IRENE JOLIOT CURIE (BD),45.71057,4.883334,18,1,1
202100051444,109Â 741,B01,1,1,1,9,8,0,-1,-1, -1,-1,2021,29.0,3,2,0,2,8,1,1,,4,GARE (BOULEVARD DE LA),0,,3,2,0,1,0,0,1,, -1,1,3,1,50,15,2,1,13,13070,2,9,0,6,GARE (BOULEVARD DE LA),43.28512,5.51411,9,2,2
202100026268,154Â 747,A01,10,3,1,4,0,-1,-1,9,9,1,2021,49.0,1,2,1,0,4,1,1,,4,GAMBETTA (AV),0,,1,2,0,1,0,0,1,, -1,1,0,1,50,31,7,5,83,83126,2,1,0,6,GAMBETTA (AV),43.1048,5.87866,0,2,1
202100028332,151Â 053,B01,1,1,1,4,2,6,-1,-1, -1,-1,2021,28.0,1,1,0,2,2,1,1,,3,JEAN LOLIVE (AVENUE)(137/FIN ET 134/FIN),0,,1,2,0,1,0,1,1,, -1,1,0,1,50,17,7,3,93,93055,2,1,0,3,JEAN LOLIVE (AVENUE)(137/FIN ET 134/FIN),48.8930313052,2.4128029346,22,2,2
202100047689,116Â 513,A01,1,1,1,5,1,-1,-1,0,0,-1,2021,21.0,2,2,6,0,2,0,0,,3,,0,,2,2,0,1,9,965,1,, -1,1,0,3,80,17,3,3,85,85087,1,1,0,6,D3,46.539307,-0.622294,2,1,1
202100024179,158Â 444,A01,1,1,1,5,0,-1,-1,0,0,-1,2021,42.0,1,1,5,0,7,1,1,,3,2,0,D,2,2,0,1,8,612,1,, -1,1,0,1,80,15,8,3,31,31341,1,1,0,6,D2 route de toulouse,43.723025,1.327436,0,1,1
202100038422,132Â 964,A01,1,1,1,3,2,6,-1,-1, -1,-1,2021,51.0,1,1,0,2,3,1,1,,3,19,0,,1,2,1,1,0,0,1,, -1,1,0,5,50,25,5,1,92,92024,2,3,0,3,MARTRE (RUE) DE (1 A 41),48.89914,2.30969,17,2,2
202100020737,164Â 564,A01,10,3,1,3,0,-1,-1,2,4,1,2021,86.0,3,5,0,1,4,4,1,,4,,-1,,1,1,2,1,(1),(1),1,, -1,1,0,1,50,29,8,1,95,95313,2,1,0,6,Rue Dambry,49.1132067006,2.2187706332,7,2,1
202100017967,169Â 510,A01,1,1,1,9,1,4,-1,-1, -1,-1,2021,75.0,2,2,5,0,1,3,1,,1,10,0,,1,3,0,1,1,200,1,, -1,1,0,8,110,20,9,1,92,92002,1,1,0,6,AUTOROUTE A10,48.7351,2.3159,12,1,1
202100023854,158Â 989,A01,2,2,1,5,2,6,-1,-1, -1,-1,2021,15.0,3,1,8,0,7,21,1,,4,AUNETTE (AVENUE DE L'),0,,-1,1,0,1,0,0,1,, -1,1,0,5,20,10,8,1,91,91521,2,1,0,6,AUNETTE (AVENUE DE L'),48.63863,2.41504,17,2,1
202100020975,164Â 176,C01,1,1,2,0,1,0,-1,-1, -1,-1,2021,28.0,1,2,0,2,1,2,1,,1,A51-Sens Marseille vers Aix en Provence,0,,1,2,0,1,17,299,1,, -1,2,0,1,90,3,9,1,13,13001,1,1,1,2,A51-Sens Marseille vers Aix en Provence,43.53003,5.42843,18,3,3
202100048897,114Â 357,A01,1,1,2,1,1,-1,-1,0,0,-1,2021,29.0,2,2,0,2,1,11,1,,3,820,0,D,4,3,0,1,1,850,3,, -1,1,0,1,90,8,3,1,31,31118,1,1,0,1,"D 820, PK 001.850",43.795261,1.335697,7,2,2
202100041936,126Â 660,A01,1,1,1,1,2,8,-1,-1, -1,-1,2021,19.0,1,1,15,2,3,1,1,,3,CHAMPIGNY (BD DE),0,,2,2,0,1,0,0,1,, -1,1,0,1,30,28,4,1,94,94068,2,1,0,3,Boulevard de Champigny,48.808814,2.509424,19,2,2
202100043887,123Â 223,B01,1,1,2,0,2,6,-1,-1, -1,-1,2021,18.0,2,1,0,2,3,1,1,,3,FOCH (AVENUE DU MARECHAL),0,,2,2,0,1,11,930,1,, -1,1,0,1,50,15,4,1,31,31483,2,1,0,3,FOCH (AVENUE DU MARECHAL),43.105,0.7149,9,2,2
202100028380,150Â 979,A01,1,1,1,5,2,6,-1,0,0,-1,2021,28.0,2,1,13,0,1,1,1,,3,24,-1,,2,2,0,1,1,116,3,, -1,1,0,3,80,19,7,1,31,31098,1,1,0,6,Route de Garac,43.722071,1.045584,13,1,1
202100001135,199Â 739,A01,1,1,2,1,8,8,-1,-1, -1,-1,2021,34.0,2,4,3,2,3,13,1,,1,AUTOROUTE A6B,0,,3,4,0,1,6,599,1,, -1,2,0,1,110,29,12,1,94,94034,1,9,1,3,AUTOROUTE A6B,48.75943,2.33795,10,3,2
202100030674,146Â 927,B01,3,2,1,5,3,0,-1,-1, -1,-1,2021,6.0,2,2,0,2,4,2,1,,1,A72,0,,3,4,0,1,1,900,1,, -1,1,0,1,90,30,6,1,42,42218,1,1,0,2,A72,45.44896,4.42224,15,3,2
202100049524,113Â 233,A01,1,1,1,1,2,0,-1,0,0,-1,2021,29.0,1,1,14,0,1,1,1,,4,BOULEVARD DE DOUAUMONT,0,,1,1,0,1,(1),(1),1,, -1,1,8,1,30,1,3,5,75,75117,2,1,0,7,BOULEVARD DE DOUAUMONT,48.894675,2.306238,21,1,1
202100009624,184Â 502,A01,1,1,1,9,2,0,-1,0,0,-1,2021,17.0,2,1,0,0,1,21,5,,4,RUE CIVIALE,0,,2,2,1,1,(1),(1),1,, -1,1,-1,5,30,3,11,1,75,75110,2,4,0,7,RUE CIVIALE,48.872564,2.376232,11,1,1
202100026595,154Â 165,A01,1,1,1,0,8,0,-1,-1, -1,-1,2021,22.0,1,2,2,0,1,0,1,,3,RD 188 CHEVREUSE,0,,2,2,0,1,6,199,1,, -1,1,0,8,70,29,7,1,91,91661,1,1,0,6,RD 188 CHEVREUSE,48.69689,2.22957,15,1,1
202100030457,147Â 333,B01,2,2,2,5,1,-1,-1,0,0,-1,2021,76.0,1,2,0,2,1,1,1,,3,33,-1,,2,2,0,2,7,300,1,, -1,1,0,1,80,6,7,1,79,79062,1,2,0,5,D33,46.805898,-0.680653,18,4,3
202100000930,200Â 086,B01,1,1,2,5,1,-1,-1,0,0,-1,2021,62.0,1,2,0,2,2,19,1,,3,417,-1,,2,2,0,1,37,0,1,, -1,2,0,1,90,30,12,1,52,52162,1,2,1,3,CD 417,47.969827,5.612769,11,2,2
202100032639,143Â 423,A01,1,1,2,5,1,8,-1,-1, -1,-1,2021,74.0,1,2,14,0,1,26,1,,3,ROUTE DEPARTEMENTALE 14,0,,1,1,0,1,0,9,1,, -1,1,0,8,50,22,6,3,972,97213,1,1,0,6,ROUTE DEPARTEMENTALE 14,14.6194820589,-61.0219448805,19,2,1
202100017934,169Â 567,B01,1,1,1,5,1,-1,-1,0,0,-1,2021,82.0,2,2,0,2,2,1,1,,3,45,0,,2,2,0,2,8,150,4,, -1,2,0,1,80,20,9,1,36,36070,1,1,1,3,Le Pont des Piles,46.459013,1.599627,10,2,2
202100036770,135Â 981,B01,1,1,1,1,8,0,-1,0,0,-1,2021,51.0,2,1,0,2,0,19,5,,7,ANCIENS COMBATANTS D'INDOCHINE (AV DES),0,,3,4,1,1,24,800,1,, -1,2,0,5,50,1,6,1,83,83126,2,9,1,6,ANCIENS COMBATANTS D'INDOCHINE (AV DES),43.10542,5.856504,18,2,2
202100036299,136Â 803,B01,1,1,2,5,1,-1,-1,0,0,-1,2021,47.0,1,2,6,2,1,1,1,,3,6085,0,A,2,2,0,1,34,932,1,, -1,1,0,1,50,6,6,1,6,6130,2,1,0,1,30 Avenue Gaston de Fontmichel,43.695942,6.853195,9,2,2
202100045115,121Â 097,A01,1,1,2,5,0,-1,-1,0,0,-1,2021,58.0,2,1,0,1,1,17,3,,3,AV CHARLES DE GAULLE,0,,2,2,0,1,0,0,1,, -1,1,0,1,50,3,4,1,91,91589,2,1,0,6,AV CHARLES DE GAULLE,48.6794,2.34584,16,1,1
202100001842,198Â 507,A01,1,1,1,0,1,0,-1,-1, -1,-1,2021,19.0,1,2,15,0,1,0,1,,3,BD ARISTIDE BRIAND,0,,-1,1,0,1,0,0,2,, -1,1,0,1,50,21,12,5,91,91589,2,1,0,7,BD ARISTIDE BRIAND,48.68538,2.34599,23,3,1
202100021847,162Â 578,A01,1,1,1,1,6,2,-1,0,0,-1,2021,40.0,3,1,0,0,2,1,1,,4,,-1,,2,2,0,2,(1),(1),1,,4,1,0,1,30,31,8,1,49,49214,2,2,0,7,rue claude monet,47.539332,-0.618153,7,1,1
202100012605,179Â 182,B01,1,1,1,4,2,6,-1,-1, -1,-1,2021,39.0,1,1,0,2,7,3,1,,1,A104,0,,1,2,0,1,11,650,1,, -1,1,0,1,90,18,10,1,77,77294,1,1,0,6,A104,48.9654214003,2.6081129225,8,3,3
202100000207,201Â 367,A01,2,1,2,5,2,8,-1,-1, -1,-1,2021,10.0,3,1,0,2,2,1,1,,7,RENE CAILLOUX (BD ),0,,1,1,0,2,0,0,1,, -1,1,0,1,50,30,6,1,13,13102,2,5,0,3,RENE CAILLOUX (BD ),43.42325,5.24107,11,4,2
202100047237,117Â 325,C01,1,1,1,0,1,0,-1,-1, -1,-1,2021,40.0,1,2,0,2,1,23,1,,7,PLOMBIERES (BOULEVARD DES),0,,2,2,0,1,1,500,1,, -1,1,9,1,50,19,3,5,13,13214,2,1,0,4,PLOMBIERES (BOULEVARD DES),43.3163,5.38377,22,8,3
202100012141,180Â 012,A01,1,1,1,4,1,4,-1,-1, -1,-1,2021,50.0,2,4,3,0,1,1,1,,1,A4,0,,3,1,0,1,6,400,1,, -1,1,0,1,90,20,10,2,94,94042,1,1,0,6,A4,48.82692,2.46755,5,1,1
202100011817,180Â 599,B01,1,1,1,1,2,8,-1,-1, -1,-1,2021,18.0,1,1,0,2,3,0,1,,7,VOISIN (BOULEVARD ANDRE-GEORGES),0,,3,4,0,1,(1),(1),1,, -1,2,0,1,50,20,10,1,37,37214,2,1,0,6,VOISIN (BOULEVARD ANDRE-GEORGES),47.4291034026,0.6630527973,9,2,2
202100023526,159Â 584,A01,10,3,2,3,0,-1,-1,2,3,1,2021,14.0,3,5,0,1,2,0,1,,2,2001,-1,,2,2,0,1,(1),(1),3,, -1,1,0,1,50,17,8,1,974,97415,2,1,0,6,Rue du GÃ©nÃ©ral de Gaulle,-21.050621,55.22325,15,2,1
202100014835,175Â 190,B01,1,1,1,4,2,0,-1,0,0,-1,2021,21.0,1,1,0,2,3,15,3,,4,BOULEVARD BARBES,0,,3,6,0,1,(1),(1),2,, -1,1,0,1,30,6,10,1,75,75118,2,2,0,3,BOULEVARD BARBES,48.883851,2.349476,17,4,2