Num_Acc,id_vehicule,num_veh,place,catu,sexe,trajet,secu1,secu2,secu3,locp,actp,etatp,year_acc,victim_age,senc,catv,obs,obsm,choc,manv,motor,occutc,catr,voie,v1,v2,circ,nbv,vosp,prof,pr,pr1,plan,lartpc,larrout,surf,infra,situ,vma,jour,mois,lum,dep,com,agg_,int,atm,col,adr,lat,long,hour,nb_victim,nb_vehicules
202100041428,127Â 552,A01,1,1,1,5,2,0,-1,-1, -1,-1,2021,19.0,2,1,0,2,2,17,1,,4,GABRIEL PERI (RUE),0,,2,2,0,1,0,0,1,, -1,1,0,1,50,3,5,1,92,92025,2,2,0,3,GABRIEL PERI (RUE),48.9157416731,2.2324374318,20,2,2
202100037065,135Â 448,A01,1,1,2,9,1,0,-1,-1, -1,-1,2021,30.0,3,2,0,2,1,26,1,,4,CHAPIT RE ( RUE DU),0,,1,1,0,1,0,0,3,, -1,1,0,8,70,1,6,1,93,93073,1,6,0,3,Chemin de Roissy a Villepinte / Rue de la Belle Borne,48.989194,2.520079,8,3,2
202100005938,191Â 179,B01,1,1,2,2,1,-1,-1,-1, -1,-1,2021,20.0,1,2,0,2,3,1,1,,2,N244,0,,1,3,0,1,0,10,1,, -1,2,0,1,90,26,11,5,51,51454,1,1,1,2,N244,49.2241234099,4.0652954578,17,2,2
202100000333,201Â 127,A01,2,2,1,5,1,0,-1,-1, -1,-1,2021,69.0,2,2,0,2,4,23,1,,2,RN 174  (2x2 ) Atlantique-route de Tessy,0,,1,1,0,2,17,454,2,, -1,2,3,1,80,22,11,3,50,50502,1,1,0,2,RN 174  (2x2 ) Atlantique-route de Tessy,49.0976,-1.0605,22,4,2
202100004827,193Â 155,A01,1,1,1,0,0,0,-1,-1, -1,-1,2021,55.0,1,1,0,2,1,23,0,,3,CARNOT (AV),0,,3,2,0,1,(1),(1),1,, -1,2,0,1,50,4,12,1,94,94016,2,2,1,3,Avenue Carnot,48.7944365744,2.3312120976,11,2,2
202100007837,187Â 730,A01,10,3,1,5,0,-1,-1,1,6,1,2021,33.0,2,2,0,1,4,2,1,,4,BARBES BD IMPAIR,0,,1,2,0,1,0,0,1,, -1,2,0,1,50,3,11,5,11,11069,2,1,1,2,BARBES BD IMPAIR,43.21034,2.3502,19,4,2
202100041055,128Â 225,B01,1,1,2,2,8,-1,-1,-1, -1,-1,2021,18.0,2,1,0,2,7,19,5,,4,VENDOME                             (R ),0,,2,3,1,1,(1),(1),1,, -1,1,9,1,50,3,5,1,69,69386,2,2,0,3,VENDOME (R),45.76582,4.84559,16,2,2
202100053006,106Â 972,A01,1,1,1,5,2,6,-1,0,0,-1,2021,33.0,1,1,15,0,7,1,1,,4,,-1,,2,2,0,2,(1),(1),3,, -1,2,0,4,50,31,1,1,61,61181,2,1,0,6,18 Rue des Lilas,48.785131,0.302075,11,1,1
202100022305,161Â 764,B01,2,2,2,5,2,6,-1,-1, -1,-1,2021,27.0,2,1,0,2,3,1,1,,3,GENERAL LECLERC (AV DU),0,,3,1,0,1,1,0,1,, -1,1,0,1,50,26,8,2,94,94046,2,1,0,3,Avenue du GÃ©nÃ©ral Leclerc,48.81012,2.43287,18,3,2
202100032798,143Â 152,B01,1,1,2,0,1,0,-1,-1, -1,-1,2021,54.0,1,2,0,2,4,2,1,,1,6,0,,3,3,0,1,22,879,1,, -1,2,0,1,110,19,6,1,91,91521,1,1,1,5,AUTOROUTE A6,48.64279,2.39146,20,7,5
202100001944,198Â 326,A01,1,1,2,1,1,-1,-1,0,0,-1,2021,51.0,2,2,16,0,0,1,1,,3,154,0,E,2,2,0,1,2,600,2,, -1,2,0,3,80,21,12,3,34,34310,1,1,0,6,D154e1,43.410293,3.170695,4,1,1
202100055631,102Â 412,A01,1,1,1,5,1,-1,-1,0,0,-1,2021,49.0,1,2,2,0,1,1,1,,3,98,0,D,2,2,0,1,6,900,2,, -1,1,0,3,80,9,1,1,78,78224,1,1,0,6,Route dÃ©partementale 98,48.869429,2.038522,13,1,1
202100039824,130Â 394,A01,2,2,2,5,1,5,-1,0,0,-1,2021,20.0,0,2,0,2,3,15,1,,3,EVREUX (ROUTE D'),0,,2,3,0,1,6,450,3,, -1,1,0,1,90,14,5,1,27,27203,1,1,0,3,EVREUX (ROUTE D'),49.065471,1.423666,15,3,2
202100024195,158Â 422,A01,1,1,1,5,1,-1,-1,0,0,-1,2021,21.0,1,2,4,0,8,2,1,,1,40,-1,,3,5,0,1,167,100,1,, -1,1,0,1,130,15,8,2,1,1451,1,1,0,6,A40,46.23637,5.277943,7,1,1
202100027609,152Â 374,A01,1,1,1,1,2,6,-1,0,0,-1,2021,16.0,1,1,6,0,2,0,1,,3,54,-1,,2,2,0,2,(1),(1),1,, -1,1,0,1,-1,23,7,1,202,202043,1,1,0,6,dÃ©partementale 54,42.774865,9.470934,14,1,1
202100050475,111Â 471,B01,1,1,2,0,1,0,-1,-1, -1,-1,2021,21.0,2,2,0,2,2,1,1,,3,LECLERC (AVENUE DU GENERAL),0,,2,2,0,1,47,154,1,, -1,1,9,1,70,23,2,1,9,9122,1,9,0,3,LECLERC (AVENUE DU GENERAL),42.9875103882,1.6157118996,13,2,2
202100009126,185Â 398,A01,1,1,1,1,2,6,-1,-1, -1,-1,2021,33.0,2,1,0,2,1,0,1,,3,FONTAINEBLEAU (AV DE),0,,2,2,0,1,0,0,1,, -1,1,0,1,50,5,11,5,94,94076,2,2,0,3,Avenue de Fontainebleau,48.80715,2.36314,21,2,2
202100017552,170Â 251,A01,1,1,2,3,1,-1,-1,0,0,-1,2021,81.0,2,2,13,0,3,0,1,,3,926,0,D,2,2,0,2,1,680,1,, -1,1,0,3,90,22,9,1,15,15025,1,1,0,6,D926,45.099654,2.884362,12,1,1
202100036357,136Â 708,A01,1,1,1,5,2,6,-1,-1, -1,-1,2021,32.0,1,1,0,2,1,2,1,,2,RN104,0,,3,4,0,1,4,300,1,, -1,1,0,1,90,5,6,1,77,77373,1,1,0,2,RN104,48.7953,2.6211,10,2,2
202100048524,115Â 021,B01,1,1,1,5,8,0,-1,-1, -1,-1,2021,13.0,1,1,0,2,7,19,5,,3,MULHOUSE (FAUBOURG DE),0,,2,4,2,1,0,0,1,, -1,1,0,1,50,10,3,1,68,68166,2,1,0,3,MULHOUSE (FAUBOURG DE),47.78044,7.3293,14,3,2
202100022349,161Â 697,B01,1,1,2,5,2,6,-1,0,0,-1,2021,38.0,2,1,0,0,7,1,1,,2,85,-1,,2,2,0,2,7,770,2,, -1,1,5,1,80,25,8,1,5,5142,1,3,0,3,N85,44.774676,6.017804,9,2,2
202100018911,167Â 841,A01,1,1,1,5,2,6,-1,-1, -1,-1,2021,55.0,1,1,0,0,0,1,1,,4,PASTEUR                             (R ),0,,2,2,2,1,(1),(1),1,, -1,1,0,1,50,13,9,1,69,69034,2,1,0,7,PASTEUR (R),45.79098,4.84267,11,2,1
202100013555,177Â 491,B01,1,1,1,5,2,6,-1,0,0,-1,2021,67.0,2,1,0,0,1,16,1,,3,CD 900B,0,,2,2,0,1,3,470,1,, -1,9,8,1,80,12,10,1,5,5061,1,3,0,7,Route de la Luye,44.5177,6.06432,10,2,1
202100020682,164Â 666,A01,1,1,2,1,1,-1,-1,-1, -1,-1,2021,41.0,1,2,1,0,9,14,1,,4,RABASSON (CHEMIN DE),0,,2,2,0,1,0,0,3,, -1,1,0,1,30,5,9,1,83,83062,2,1,0,6,RABASSON (CHEMIN DE),43.129453,6.025633,7,1,1
202100048789,114Â 560,B01,1,1,1,1,2,6,-1,-1, -1,-1,2021,38.0,2,1,0,2,7,1,1,,3,PARIS (R DE),0,,2,2,1,1,0,375,1,, -1,1,0,1,30,8,3,1,94,94018,2,3,0,3,PARIS (R DE),48.827444,2.404502,12,2,2
202100020385,165Â 200,A01,1,1,2,5,8,-1,-1,0,0,-1,2021,73.0,1,1,0,2,4,2,5,,3,,0,,2,2,0,1,38,500,1,, -1,1,0,3,80,8,9,1,25,25222,1,1,0,2,D492,47.148312,6.241264,9,2,2
202100016836,171Â 525,B01,1,1,1,0,2,6,-1,-1, -1,-1,2021,30.0,1,1,0,2,7,17,1,,7,BLANC (BD DR EUGENE),0,,2,3,0,1,1,850,1,, -1,1,2,1,50,22,9,1,83,83144,1,1,0,3,BLANC (BD DR EUGENE),43.13766,5.99417,17,2,2
202100024886,157Â 174,A01,1,1,2,1,1,0,-1,-1, -1,-1,2021,30.0,1,2,0,0,9,26,1,,3,EXPRESS (voie),0,,2,2,0,1,39,945,1,, -1,1,0,3,80,9,8,1,17,17333,2,1,0,6,EXPRESS (voie),45.61083,-0.97871,13,1,1
202100050989,110Â 538,B01,1,1,1,9,0,-1,-1,0,0,-1,2021,39.0,0,2,0,2,1,13,1,,4,7,0,V,2,2,0,2,(1),(1),1,, -1,2,0,1,70,20,2,1,988,98820,1,3,0,1,Tribu d'Ouloup - RM5/Voie privÃ©e,-20.64832,166.56862,7,2,2
202100029717,148Â 676,A01,2,2,2,5,2,6,-1,-1, -1,-1,2021,22.0,3,1,0,0,0,1,1,,1,A55-Sens Marseille vers Martigues,0,,1,2,0,2,0,100,2,, -1,1,0,1,50,9,7,1,13,13202,1,1,0,7,A55-Sens Marseille vers Martigues,43.32927,5.35632,9,2,1
202100042283,126Â 046,A01,1,1,2,9,2,8,-1,-1, -1,-1,2021,29.0,1,1,0,0,8,1,1,,3,BADUEL (ROND POINT DE),0,,1,2,0,1,2,300,2,, -1,8,9,1,50,27,4,1,973,97302,2,9,1,7,BADUEL (ROND POINT DE),4.9331529211,-52.3095109464,11,1,1
202100025672,155Â 791,A01,1,1,1,1,0,-1,-1,0,0,-1,2021,59.0,1,5,2,0,3,16,1,,3,79,-1,,2,2,0,2,6,490,3,, -1,1,5,3,80,4,8,2,10,10287,1,4,0,6,5000f Grand Orient,48.288462,4.393244,6,1,1
202100037837,134Â 024,A01,10,3,2,1,0,-1,-1,4,3,1,2021,52.0,1,1,0,1,1,1,1,,4,AVENUE DU MAINE,0,,1,1,0,1,(1),(1),1,, -1,1,0,1,50,28,5,1,75,75114,2,1,0,6,AVENUE DU MAINE,48.839497,2.321907,9,2,1
202100034960,139Â 212,A01,1,1,1,9,2,8,-1,0,0,-1,2021,21.0,1,1,0,2,1,9,1,,4,,0,,2,4,0,1,(1),(1),1,, -1,1,0,1,50,11,6,2,71,71076,2,1,0,1,Avenue de Paris,46.80596,4.84446,20,2,2
202100001434,199Â 218,B01,4,2,2,3,1,-1,-1,-1,0,-1,2021,13.0,1,2,0,2,6,2,1,,3,RD 170 ,0,,3,4,0,1,16,799,1,, -1,2,0,1,70,25,12,1,95,95277,1,1,1,2,RD 170 ,48.9775317373,2.4661302567,15,3,2
202100019739,166Â 363,B01,1,1,1,1,0,0,-1,-1, -1,-1,2021,35.0,2,1,0,2,8,1,5,,3,LOUISON BOBET (AV),0,,1,3,2,1,1,0,1,, -1,1,0,5,50,8,9,1,94,94033,2,9,0,3,Rue Pierre Grange,48.85105,2.49332,9,2,2
202100020775,164Â 505,A01,1,1,2,4,1,-1,-1,0,0,-1,2021,24.0,1,5,2,0,2,1,1,,3,973,-1,,2,2,0,4,4,0,3,, -1,1,0,1,80,6,9,1,58,58287,1,1,0,6,D973,46.771196,3.954188,13,1,1
202100039363,131Â 239,A01,1,1,1,2,2,6,-1,0,0,-1,2021,15.0,2,1,0,2,1,13,1,,3,63,0,,2,2,0,1,(1),(1),2,, -1,1,0,1,80,19,5,1,37,37061,1,1,0,1,La Grande Roue,46.916368,1.023295,12,2,2
202100021353,163Â 485,A01,1,1,2,9,1,-1,-1,0,0,-1,2021,50.0,1,2,2,0,1,14,1,,3,992,-1,,-1,2,0,2,23,603,1,, -1,1,0,3,80,3,9,1,1,1034,1,1,0,6,D992,45.75972,5.713373,16,1,1
202100021997,162Â 316,A01,1,1,1,5,2,-1,-1,0,0,-1,2021,69.0,1,1,0,0,0,0,5,,3,1,-1,,2,2,0,3,13,300,3,,4,1,0,3,80,29,8,1,10,10251,1,1,0,7,Montigny-les-Monts,48.108205,3.951538,10,1,1
202100019890,166Â 078,A01,10,3,1,5,0,-1,-1,1,3,1,2021,14.0,1,2,0,1,1,1,1,,4,DEVILLIERS (RUE),0,,2,2,0,2,0,0,1,, -1,1,8,1,50,8,9,5,13,13205,2,1,0,6,DEVILLIERS (RUE),43.29879,5.39058,20,3,1
202100038281,133Â 220,A01,1,1,1,5,0,-1,-1,0,0,-1,2021,45.0,3,1,0,2,1,1,5,,2,101,-1,,2,2,0,1,(1),(1),1,, -1,1,0,1,60,25,5,1,987,98714,1,3,0,3,Anau -  la traversiÃ¨re,-16.521981,-151.725376,14,2,2
202100040078,129Â 957,B01,2,2,2,5,2,0,-1,-1, -1,-1,2021,17.0,2,1,0,2,8,1,1,,3,985,0,,2,2,1,2,0,0,2,, -1,1,0,1,50,12,5,1,92,92064,2,9,0,3,GENERAL LECLERC,48.8414036394,2.2071127346,18,3,2
202100018225,169Â 028,A01,10,3,2,9,0,-1,-1,3,3,1,2021,68.0,3,2,0,1,3,15,1,,4,122,0,D,1,1,0,1,(1),(1),1,, -1,1,0,5,50,16,9,1,27,27507,2,3,1,6,Rue d Ivry,48.907964,1.275417,10,2,1
202100056396,101Â 094,B01,4,2,2,0,1,0,-1,-1, -1,-1,2021,4.0,2,2,0,2,3,21,1,,4,PONT DE LA MENOGE,0,,2,2,0,1,0,1,3,, -1,2,2,1,50,1,1,1,74,74298,1,1,1,1,PONT DE LA MENOGE,46.17,6.26618,16,5,2
202100046733,118Â 236,A01,1,1,1,0,1,0,-1,-1, -1,-1,2021,29.0,2,2,0,2,3,13,1,,2,NATIONALE 6 (GLACIERE),0,,3,4,0,1,1,600,1,, -1,1,0,1,90,24,3,1,91,91421,1,1,0,5,NATIONALE 6 (GLACIERE),48.70669,2.44312,14,5,3
202100001353,199Â 342,A01,1,1,1,5,1,4,-1,-1,0,-1,2021,21.0,1,2,4,0,1,1,1,,1,AUTOROUTE A15,0,,3,-1,0,1,20,500,1,, -1,2,0,1,110,26,12,1,95,95572,1,1,1,6,A15,49.02856,2.1279,13,1,1
202100000963,200Â 032,A01,10,3,2,3,0,-1,-1,3,3,1,2021,83.0,3,2,0,1,3,1,1,,4,BEZIN (BOULEVARD PAUL),0,,2,2,0,1,(1),(1),1,, -1,2,9,8,50,5,1,4,59,59122,2,1,1,6,BEZIN (BOULEVARD PAUL),50.1726871,3.240283,8,2,1
202100004261,194Â 137,A01,10,3,1,2,0,-1,-1,4,3,1,2021,19.0,3,2,0,1,2,15,1,,4,BORDEAUX (AVENUE DE),0,,2,4,0,1,(1),(1),1,, -1,2,0,1,50,6,12,5,37,37122,2,2,1,6,BORDEAUX (AVENUE DE),47.3555676807,0.6987369061,18,2,1
202100000687,200Â 484,A01,10,3,2,0,0,-1,-1,4,0,1,2021,41.0,3,2,0,1,3,26,1,,9,CAIRE JOSEPHINE (AV),0,,1,4,3,1,0,0,3,, -1,1,0,1,50,18,5,1,13,13001,2,9,0,1,CAIRE JOSEPHINE (AV),43.52137,5.43044,8,2,1
202100022222,161Â 923,A01,1,1,1,5,8,0,-1,-1, -1,-1,2021,31.0,2,6,6,0,1,26,1,,3,,0,,2,2,0,1,3,700,1,, -1,1,0,4,50,11,7,1,89,89236,2,1,0,6,26 Grande Rue,48.17558,3.3119,10,1,1
202100011521,181Â 124,B01,1,1,1,5,2,6,-1,-1, -1,-1,2021,47.0,2,1,0,2,2,3,1,,1,A4,0,,3,8,0,1,14,800,1,, -1,1,3,1,110,22,10,1,93,93051,1,1,0,6,A4,48.835,2.57587,15,2,2
202100004214,194Â 221,A01,10,3,1,0,0,-1,-1,1,3,1,2021,11.0,1,2,0,1,3,1,1,,4,PRESIDENT KENNEDY (AVENUE DU),0,,2,2,0,1,0,0,1,, -1,2,0,1,50,6,12,2,91,91687,2,1,1,6,PRESIDENT KENNEDY (AVENUE DU),48.66584,2.368442,17,2,1
202100029462,149Â 122,B01,2,2,1,5,1,-1,-1,0,0,-1,2021,38.0,2,2,3,2,8,1,1,,1,11,-1,,3,3,0,3,40,100,1,,"13,5",1,0,1,130,11,7,1,28,28015,1,1,0,3,Autoroute Oceane - A11,48.512177,1.767249,20,6,2
202100042021,126Â 510,B01,2,2,2,5,1,0,-1,0,0,-1,2021,66.0,1,2,0,2,1,1,1,,7,,-1,,2,-1,-1,1,(1),(1),1,, -1,1,0,1,50,28,4,1,54,54526,2,3,0,4,rue CÃ©cile Brunschvicg,48.68005,6.22416,12,4,3
202100043867,123Â 257,A01,10,3,2,1,0,-1,-1,3,3,1,2021,37.0,1,2,0,1,1,1,0,,4,PAIX (RUE DE LA),0,,2,2,0,1,0,0,1,, -1,1,0,1,50,15,4,2,74,74133,2,1,0,6,PAIX (RUE DE LA),46.18277,6.20572,6,2,1
202100031131,146Â 096,B01,1,1,2,5,1,8,-1,-1, -1,-1,2021,79.0,1,2,0,2,8,1,1,,3,D 9  ROUTE DE LA SERRE DE NEROUS,0,,2,2,0,2,19,650,2,, -1,2,0,1,80,11,5,1,31,31483,1,1,1,1,D 9  ROUTE DE LA SERRE DE NEROUS,43.12964,0.70761,11,2,2
202100019370,167Â 007,A01,10,3,1,5,0,-1,-1,3,3,1,2021,20.0,2,2,0,1,2,1,1,,4,BOULEVARD DIDEROT,0,,2,4,0,1,(1),(1),1,, -1,1,0,1,50,12,9,1,75,75112,2,3,0,6,BOULEVARD DIDEROT,48.847146,2.385028,14,3,1
202100016231,172Â 624,A01,1,1,1,0,2,0,-1,-1, -1,-1,2021,37.0,1,1,0,0,0,0,1,,3,INDUSTRIE (RUE DE L'),0,,2,2,0,2,0,0,1,, -1,1,0,3,50,28,9,2,3,3094,1,1,0,6,INDUSTRIE (RUE DE L'),46.15436,3.41082,19,1,1
202100008478,186Â 582,A01,2,2,1,3,1,0,-1,-1, -1,-1,2021,75.0,2,2,0,2,4,20,1,,4,FOUGERES (RUE DE),0,,2,4,1,1,(1),(1),1,, -1,1,0,5,30,10,11,1,35,35238,2,1,1,2,FOUGERES (RUE DE),48.1263626549,-1.6540775998,10,3,2
202100016535,172Â 071,A01,10,3,1,5,0,-1,-1,3,3,2,2021,5.0,1,1,0,1,1,17,1,,4,RUE DUTOT,0,,2,2,0,1,(1),(1),1,, -1,2,0,1,30,27,9,1,75,75115,2,2,0,6,RUE DUTOT,48.8382240598,2.3083367293,17,2,1
202100023887,158Â 936,A01,1,1,1,0,2,8,-1,-1, -1,-1,2021,45.0,1,1,0,2,1,2,5,,4,DENTELLE (AV. DE LA),0,,1,2,0,1,(1),(1),1,, -1,1,0,1,50,11,8,1,43,43157,2,1,0,2,6 Avenue de la Dentelle,45.04188,3.8886,19,2,2
202100024477,157Â 915,B01,1,1,1,5,1,-1,-1,-1, -1,-1,2021,43.0,2,2,0,2,4,0,1,,2,RN346   29.300 A 34.350,0,,2,5,0,1,30,100,1,, -1,2,0,1,90,1,8,3,69,69275,1,1,0,2,RN346   29.300 A 34.350,45.78378,4.95647,4,2,2
202100006795,189Â 637,A01,1,1,2,9,1,0,-1,-1, -1,-1,2021,22.0,2,2,0,2,4,2,1,,1,AUTOROUTE A10,0,,3,10,0,1,1,0,1,, -1,1,0,1,110,23,11,3,91,91560,1,1,0,7,AUTOROUTE A10,48.66614,2.19088,18,1,1
202100033459,141Â 962,A01,1,1,1,5,2,-1,-1,0,0,-1,2021,44.0,2,1,7,0,7,1,1,,3,117,0,,2,2,1,1,8,24,2,, -1,1,0,1,80,19,6,1,71,71287,1,4,1,6,l'orÃ©e du bois,46.492845,4.682107,16,1,1
202100033188,142Â 440,B01,1,1,1,9,8,0,-1,-1, -1,-1,2021,19.0,1,1,0,2,8,19,5,,4,GEMMETRIE,0,,2,2,0,1,1,0,1,, -1,1,0,1,50,20,6,1,49,49267,2,1,0,1,GEMMETRIE,47.46486,-0.49959,15,2,2
202100030770,146Â 761,A01,10,3,1,5,0,-1,-1,5,9,3,2021,15.0,0,1,0,1,3,26,1,,4,ALLEE DU 173Â° R.I.A.,0,,-1,1,0,1,0,0,1,, -1,1,0,4,30,2,7,5,202,202033,2,1,0,6,ALLEE DU 173Â° R.I.A.,42.69928,9.45125,22,2,1
202100012695,179Â 025,B01,1,1,2,0,1,-1,-1,0,0,-1,2021,77.0,2,2,0,0,2,1,1,,3,242,0,,2,2,0,1,5,800,3,,4,1,0,1,80,17,10,1,47,47146,1,3,0,1,Avenue de Casseneuil,44.43029,0.686147,11,2,2
202100041876,126Â 771,A01,10,3,2,3,0,-1,-1,4,3,1,2021,14.0,2,2,0,1,0,0,0,,3,ENGHIEN (ROUTE D' ),0,,3,3,0,1,7,750,1,, -1,1,0,1,50,30,4,1,95,95018,2,3,0,6,RD 311,48.95736,2.28729,16,2,1
202100038047,133Â 653,A01,1,1,1,5,0,0,-1,0,0,-1,2021,12.0,1,1,0,2,5,19,5,,3,FOCH (AV),0,,2,1,0,1,1,0,1,, -1,2,0,1,30,26,5,1,94,94068,2,1,1,3,Avenue Foch,48.80188,2.49336,15,2,2
202100002359,197Â 566,B01,1,1,1,2,8,0,-1,-1, -1,-1,2021,13.0,1,1,0,2,1,1,3,,4,AUBER (RUE JULES),0,,1,1,0,2,0,0,1,, -1,1,0,4,30,15,12,1,974,97411,2,1,0,3,AUBER (RUE JULES),-20.879784041,55.4531335829,13,2,2
202100016306,172Â 490,A01,1,1,1,1,0,-1,-1,0,0,-1,2021,27.0,2,2,0,2,3,13,1,,3,1,0,,2,2,0,3,31,150,1,, -1,1,0,1,110,29,9,1,988,98826,1,1,0,1,RPN1,-20.250063,164.075,18,2,2
202100044446,122Â 242,A01,10,3,2,5,0,-1,-1,2,3,1,2021,20.0,1,2,0,1,2,1,0,,3,AV DU GENERAL DE GAULLE,0,,1,2,0,1,7,450,1,, -1,2,0,1,50,10,4,1,95,95268,2,2,1,6,AV DU GENERAL DE GAULLE,48.9766646388,2.392040255,11,2,1
202100020509,164Â 974,A01,1,1,1,5,8,0,-1,-1, -1,-1,2021,70.0,1,1,0,2,8,2,5,,4,ADOUR (AVENUE DE L'),0,,2,2,1,1,0,0,1,, -1,1,0,5,50,5,9,1,64,64024,2,3,0,3,115 Avenue de lâAdour,43.5142,-1.50067,10,2,2
202100017954,169Â 534,A01,1,1,1,1,2,6,-1,0,0,-1,2021,28.0,0,1,0,2,1,3,1,,4,,-1,,2,2,0,1,(1),(1),1,,7,1,0,1,50,10,9,1,33,33449,2,3,0,3,Avenue Voltaire,44.893549,-0.760235,17,2,2
202100032607,143Â 492,B01,1,1,1,5,2,6,-1,0,0,-1,2021,26.0,3,1,0,2,2,17,1,,7,,-1,,2,2,0,1,6,400,1,,4,1,0,1,50,24,6,1,69,69069,2,3,0,1,PIERRE DUMOND (AV),45.747312,4.713607,19,2,2
202100030708,146Â 866,A01,1,1,1,9,2,8,-1,-1, -1,-1,2021,30.0,1,1,8,0,1,13,1,,4,PRINCE HINOI (AVENUE),0,,3,4,0,1,0,0,1,, -1,1,0,8,50,1,7,5,987,98735,2,1,0,6,PRINCE HINOI (AVENUE),-17.53435,-149.56198,22,1,1
202100007602,188Â 151,B01,1,1,1,9,0,-1,-1,0,0,-1,2021,25.0,3,1,0,2,0,0,3,,4,DUEZ PAUL RUE,0,,1,1,0,1,(1),(1),1,, -1,2,0,1,30,17,11,5,59,59350,2,1,0,3,DUEZ PAUL RUE,50.63323,3.07486,7,2,2
202100013711,177Â 195,B01,1,1,1,5,2,6,-1,-1, -1,-1,2021,24.0,2,1,0,2,1,18,1,,3,JEAN LOLIVE (AVENUE)(107/135 ET 108/132),0,,3,1,2,1,0,1,1,, -1,1,0,1,50,12,10,1,93,93055,2,1,0,2,JEAN LOLIVE (AVENUE)(107/135 ET 108/132),48.8926547563,2.4103676015,18,3,2
202100010538,182Â 891,A01,1,1,2,1,2,6,-1,-1, -1,-1,2021,21.0,2,1,0,2,2,21,1,,4,PENEROFF ( QUAI),0,,1,1,0,1,(1),(1),1,, -1,1,0,1,50,28,10,1,29,29039,2,1,0,2,Quai Peneroff,47.871926,-3.917335,16,2,2
202100030355,147Â 502,B01,1,1,2,5,2,0,-1,-1, -1,-1,2021,16.0,2,1,0,2,1,2,1,,4,ADOUR (AVENUE DE L'),0,,2,2,0,1,0,0,1,, -1,1,0,1,50,5,7,1,64,64024,2,3,0,3,ADOUR (AVENUE DE L'),43.52005,-1.50219,19,2,2
202100026192,154Â 875,A01,3,2,2,5,1,-1,-1,0,0,-1,2021,24.0,2,2,0,0,9,1,1,,3,93,-1,,2,2,0,1,6,400,4,, -1,2,0,3,80,31,7,3,12,12232,1,1,0,7,RD 93,43.934711,3.014063,22,4,1
202100022767,160Â 903,A01,1,1,1,4,1,-1,-1,-1, -1,-1,2021,50.0,1,5,1,0,2,14,1,,1,ROCADE A 630,0,,3,6,0,1,27,315,1,, -1,1,0,2,90,24,8,5,33,33192,1,1,0,6,ROCADE A 630,44.7869801951,-0.5971455574,5,1,1
202100001639,198Â 873,A01,4,2,2,0,8,0,-1,-1, -1,-1,2021,43.0,-1,3,8,2,2,26,1,2.0,3,SALENGRO (AVENUE ROGER),0,,1,3,0,1,0,1,1,, -1,1,0,1,50,23,12,1,93,93027,2,1,0,3,SALENGRO (AVENUE ROGER),48.93058,2.38557,16,3,2
202100038006,133Â 725,Z01,10,3,1,2,8,8,-1,3,3,1,2021,16.0,3,2,0,1,2,1,0,,4,RAVIER (RUE A.),0,,2,2,0,1,(1),(1),1,, -1,1,0,6,50,27,5,1,38,38185,2,1,0,6,Rue Auguste Ravier,45.1822,5.7387,8,2,1
202100024454,157Â 965,A01,1,1,2,5,2,-1,-1,0,0,-1,2021,64.0,1,1,0,0,0,1,5,,3,431,0,D,2,2,0,2,8,300,1,, -1,1,0,3,80,12,8,1,68,68106,1,1,0,7,D431 PK 8.300,47.891485,7.107639,15,1,1
202100001781,198Â 608,A01,1,1,2,1,1,-1,-1,0,0,-1,2021,35.0,2,2,0,2,1,1,1,,3,1,-1,,2,1,0,1,3,260,1,,3,1,5,1,80,7,12,1,25,25265,1,2,0,3,RD 1 - RD 14,47.318112,5.959077,9,2,2
202100040190,129Â 762,A01,10,3,1,1,8,-1,-1,2,3,1,2021,40.0,0,2,0,1,1,16,1,,4,MERMOZ (BD JEAN),0,,2,2,0,2,(1),(1),1,, -1,1,0,1,50,11,5,1,35,35281,2,2,0,6,MERMOZ (BD JEAN),48.0964,-1.69264,19,2,1
202100013111,178Â 308,B01,1,1,1,2,8,0,-1,0,0,-1,2021,26.0,2,1,0,2,1,1,5,,4,RUE DE LA TOMBE ISSOIRE,0,,2,2,1,2,(1),(1),1,, -1,1,-1,5,50,15,10,1,75,75114,2,2,0,3,RUE DE LA TOMBE ISSOIRE,48.825948,2.331703,8,2,2
202100055664,102Â 356,A01,1,1,2,3,1,-1,-1,-1, -1,-1,2021,36.0,3,2,0,2,1,2,1,,3,VILLEDIEU (ROUTE DE),0,,2,2,0,1,29,129,1,, -1,1,0,1,70,9,1,1,50,50647,1,1,0,2,VILLEDIEU (ROUTE DE),48.83764,-1.53712,10,3,2
202100044124,122Â 803,A01,1,1,2,0,2,8,-1,-1, -1,-1,2021,49.0,1,1,0,2,1,17,1,,3,RTE DE LONGJUMEAU,0,,2,2,0,1,0,0,1,, -1,1,0,1,50,13,4,1,91,91161,2,9,0,3,RTE DE LONGJUMEAU,48.71224,2.29774,9,2,2
202100001717,198Â 722,A01,1,1,1,0,1,-1,-1,-1, -1,-1,2021,68.0,1,2,1,0,3,13,1,,4,LAHAYE (RUE MAURICE),0,,1,1,0,1,(1),(1),1,, -1,1,0,1,50,21,12,1,51,51573,2,1,0,7,Rue Maurice Lahaye,49.244081,3.998451,10,1,1
202100029814,148Â 497,A01,1,1,2,5,1,-1,-1,-1, -1,-1,2021,30.0,3,2,0,0,1,14,1,,4,LIENNE(CHEMIN DE LA),0,,2,2,1,1,(1),(1),3,, -1,1,0,8,30,9,7,1,4,4112,1,1,0,7,Ch de la Lienne,43.8254,5.8055,16,1,1