Num_Acc,id_vehicule,num_veh,place,catu,sexe,trajet,secu1,secu2,secu3,locp,actp,etatp,year_acc,victim_age,senc,catv,obs,obsm,choc,manv,motor,occutc,catr,voie,v1,v2,circ,nbv,vosp,prof,pr,pr1,plan,lartpc,larrout,surf,infra,situ,vma,jour,mois,lum,dep,com,agg_,int,atm,col,adr,lat,long,hour,nb_victim,nb_vehicules
202100035218,138Â 749,B01,1,1,1,0,2,-1,-1,-1, -1,-1,2021,60.0,1,0,0,2,1,1,3,,4,BELLECOUR                           (PL),0,,2,2,2,1,(1),(1),1,, -1,1,0,1,50,10,6,1,69,69382,2,7,0,1,BELLECOUR (PL),45.75878,4.83091,20,2,2
202100048055,115Â 846,A01,1,1,1,5,8,-1,-1,0,0,-1,2021,71.0,2,2,4,0,8,2,2,,1,11,0,,3,5,0,1,80,400,1,, -1,1,0,1,130,14,3,1,28,28041,1,1,0,6,A11,48.301767,1.293554,16,2,1
202100020860,164Â 360,A01,1,1,1,5,1,8,-1,-1, -1,-1,2021,27.0,3,2,0,2,9,15,1,,4,FOURNIER (RUE DU DOCTEUR),0,,2,2,0,1,(1),(1),1,, -1,1,0,1,50,4,9,1,37,37261,2,2,0,3,FOURNIER (RUE DU DOCTEUR),47.3865304914,0.7071009181,11,3,2
202100021523,163Â 169,A01,1,1,2,9,1,-1,-1,0,0,-1,2021,47.0,1,2,2,0,1,1,3,,3,785,-1,,1,1,0,1,2,300,1,, -1,1,5,8,70,28,8,3,29,29163,1,6,0,6,Lieu Dit Kervenarc Hant,48.5344664698,-3.8734060897,22,1,1
202100014055,176Â 571,A01,1,1,1,5,1,-1,-1,0,0,-1,2021,29.0,0,2,7,0,1,1,1,,3,2,-1,,2,2,0,1,64,410,4,, -1,1,5,4,80,11,10,5,7,7260,1,6,0,7,intersection RD 2 RD 22,44.709376,4.696516,6,1,1
202100035514,138Â 231,A01,1,1,1,4,1,0,-1,-1, -1,-1,2021,38.0,3,4,0,9,7,26,1,,2,ROUTE NATIONALE 568,0,,2,2,0,2,0,0,2,, -1,1,0,1,70,7,6,1,13,13039,1,1,0,6,ROUTE NATIONALE 568,43.4420503794,4.9398994446,14,1,1
202100021398,163Â 398,A01,1,1,1,1,2,6,-1,-1,0,-1,2021,48.0,1,1,0,2,1,3,1,,2,RN 104,0,,3,4,0,1,21,600,1,, -1,1,0,1,110,2,9,1,95,95351,1,1,0,2,RN 104,49.03402,2.48874,13,2,2
202100039984,130Â 123,A01,1,1,1,5,2,-1,-1,0,0,-1,2021,44.0,1,1,12,0,1,1,1,,7,560,0,D,2,2,0,1,0,900,1,, -1,1,0,1,50,14,5,5,83,83120,2,1,0,6,Avenue Gaston de Saporta,43.379671,5.699131,0,1,1
202100035130,138Â 910,A01,1,1,1,0,0,-1,-1,0,0,-1,2021,23.0,1,1,12,0,1,1,1,,4,,-1,,2,2,0,2,(1),(1),3,,4,1,0,3,50,12,6,3,38,38126,2,1,0,6,Chemin Charles Pajon,45.212954,5.75218,0,2,1
202100024335,158Â 172,A01,1,1,1,0,1,-1,-1,0,0,-1,2021,25.0,1,2,0,2,1,0,1,,3,D10,0,A,2,2,0,1,7,0,1,, -1,1,0,1,-1,14,8,2,95,95094,1,1,0,1,D10,49.022998,2.418833,6,2,2
202100011973,180Â 318,A01,1,1,2,0,8,-1,-1,-1, -1,-1,2021,27.0,2,2,0,2,0,0,1,,4,VERLET HANUS                        (R ),0,,1,1,0,1,(1),(1),1,, -1,1,0,1,50,20,10,1,69,69383,2,2,0,3,VERLET HANUS (R),45.75796,4.85004,10,3,2
202100007986,187Â 460,A01,1,1,2,2,1,0,-1,-1, -1,-1,2021,33.0,2,2,0,2,3,9,1,,4,BROGLIE (AVENUE LOUIS DE),0,,2,2,0,1,0,0,1,, -1,1,0,1,50,15,11,2,87,87085,2,2,0,3,BROGLIE (AVENUE LOUIS DE),45.88439,1.2821,8,2,2
202100003872,194Â 831,A01,1,1,2,0,1,-1,-1,0,0,-1,2021,41.0,1,2,0,2,6,19,1,,3,18,0,,2,2,0,1,12,100,1,, -1,2,0,1,80,10,12,1,54,54067,1,2,0,3,Intersection D18 - D643,49.4296040687,5.6861020607,13,2,2
202100040045,130Â 018,A01,1,1,1,0,2,0,-1,-1, -1,-1,2021,17.0,2,1,0,2,1,1,1,,3,,0,,2,2,0,1,1,0,1,, -1,2,0,1,50,13,5,1,64,64237,2,3,0,3,PASTEUR,43.28122,-0.37946,19,2,2
202100029786,148Â 546,A01,10,3,2,3,0,-1,-1,5,9,2,2021,86.0,3,2,0,1,1,5,1,,4,ARCHERS (RUE DES),0,,1,1,0,1,(1),(1),1,, -1,1,6,1,30,6,7,1,40,40088,2,3,0,6,ARCHERS (RUE DES),43.70899,-1.05481,12,4,1
202100045863,119Â 774,B01,1,1,1,0,1,-1,-1,0,0,-1,2021,49.0,2,2,0,2,3,1,1,,3,,0,,2,2,0,2,22,900,2,, -1,1,0,1,80,1,4,1,88,88294,1,9,0,1,DÃ©partementale 6,48.250669,6.352179,8,2,2
202100014177,176Â 351,A01,2,2,1,5,1,-1,-1,-1, -1,-1,2021,20.0,1,2,11,2,1,6,1,,4,CHEMIN DE COURREJEAN,0,,3,2,0,1,(1),(1),1,, -1,1,0,1,50,9,10,2,33,33039,2,1,0,3,Route de Courrejean,44.79182,-0.53785,7,3,2
202100055699,102Â 300,B01,2,2,1,0,2,0,-1,-1, -1,-1,2021,27.0,2,1,0,2,8,16,0,,3,BINEAU (BOULEVARD),0,,1,2,0,1,0,0,3,, -1,1,0,1,50,9,1,1,92,92044,2,6,0,3,BINEAU (BOULEVARD),48.8867632986,2.2835120559,14,3,2
202100013489,177Â 624,B01,1,1,1,0,2,0,-1,0,0,-1,2021,18.0,1,1,0,2,1,1,1,,4,Boulevard Thiers,0,,2,2,0,1,(1),(1),1,, -1,1,0,1,30,9,10,5,88,88383,2,3,0,3,Boulevard Thiers,48.01738,6.59332,20,3,2
202100015453,174Â 084,B01,1,1,1,4,1,0,-1,-1, -1,-1,2021,37.0,1,5,0,2,4,1,0,,1,AUTOROUTE A86,0,,1,3,0,1,20,799,1,, -1,1,1,1,90,28,9,1,93,93008,1,1,0,2,AUTOROUTE A86,48.91149,2.44041,11,2,2
202100044421,122Â 283,A01,1,1,2,0,2,6,-1,0,0,-1,2021,18.0,1,1,1,0,3,1,1,,4,,-1,,2,2,0,1,(1),(1),1,, -1,1,0,1,50,12,4,1,55,55122,2,2,0,6,1 Rue Alphonse Verneau,48.760413,5.592966,15,2,1
202100052875,107Â 199,A01,1,1,2,5,1,8,-1,-1, -1,-1,2021,41.0,1,2,0,0,0,14,1,,3,R.N.80,0,,2,2,0,1,48,50,1,, -1,1,0,3,80,31,1,1,71,71309,1,1,0,7,R.N.80,46.78493,4.40672,14,1,1
202100024993,156Â 981,B01,1,1,1,0,2,6,-1,-1, -1,-1,2021,50.0,1,1,0,2,0,1,1,,7,112,0,,3,4,3,1,2,200,1,, -1,1,5,1,50,8,8,1,69,69271,2,2,0,3,CHARLES DE GAULLE (BD),45.7432641061,4.9372616403,16,2,2
202100009278,185Â 115,A01,1,1,1,5,2,6,-1,0,0,-1,2021,48.0,2,1,8,0,1,1,1,,7,PLAGE BOULEVARD DE LA,0,,2,4,0,1,(1),(1),1,, -1,1,5,1,50,5,11,5,6,6027,2,3,0,6,PLAGE BOULEVARD DE LA,43.65646,7.16346,22,1,1
202100021516,163Â 181,A01,1,1,2,5,1,-1,-1,0,0,-1,2021,34.0,3,2,0,2,7,1,1,,4,3,-1,,2,2,0,1,(1),(1),1,, -1,1,0,1,80,1,9,1,80,80782,1,2,0,3,"voie communale 3, vaux en amienois",49.977087,2.256145,13,3,2
202100037182,135Â 223,B01,1,1,1,4,2,8,-1,-1, -1,-1,2021,23.0,1,1,0,0,0,0,1,,4,,0,,2,1,0,1,0,0,1,, -1,1,0,1,50,3,5,2,91,91687,2,2,0,1,PRESIDENT KENNEDY (AVENUE DU),48.66653,2.36424,20,2,2
202100001511,199Â 094,A01,10,3,1,0,0,-1,-1,3,3,2,2021,42.0,2,2,0,1,1,19,1,,4,ANATOLE FRANCE,0,,2,2,0,1,0,0,1,, -1,1,0,1,50,23,12,1,93,93029,2,1,0,6,ANATOLE FRANCE,48.9342208295,2.4559570156,15,2,1
202100042051,126Â 460,B01,1,1,1,1,2,6,-1,0,0,-1,2021,24.0,1,1,1,2,9,17,1,,4,RUE MONGE,0,,2,2,0,1,(1),(1),1,, -1,1,0,1,30,29,4,1,75,75105,2,1,0,3,RUE MONGE,48.845435,2.352066,8,2,2
202100028495,150Â 782,B01,1,1,1,5,2,0,-1,0,0,-1,2021,5.0,0,1,0,2,7,19,5,,4,RUE MARX DORMOY,0,,2,4,3,1,(1),(1),1,, -1,1,0,6,50,17,7,1,75,75118,2,3,0,3,RUE MARX DORMOY,48.88906,2.359919,12,2,2
202100048103,115Â 767,A01,1,1,2,5,1,0,-1,-1, -1,-1,2021,36.0,1,2,0,2,4,9,1,,1,A7-Sens Lyon vers Marseille,0,,-1,1,0,2,274,500,3,, -1,1,9,1,90,12,3,3,13,13215,2,1,0,4,A7-Sens Lyon vers Marseille,43.3784,5.3556,19,4,3
202100026033,155Â 148,A01,1,1,1,5,1,-1,-1,0,0,-1,2021,36.0,2,2,0,2,3,13,1,,3,900,0,,2,2,0,1,40,500,4,, -1,1,0,1,80,2,8,1,4,4205,1,1,0,1,RD 900,44.345044,6.372789,12,4,2
202100042503,125Â 647,B01,1,1,1,9,2,6,-1,0,0,-1,2021,40.0,2,1,0,2,8,1,1,,4,BOULEVARD ROMAIN ROLLAND,0,,1,2,0,1,(1),(1),1,, -1,1,0,1,50,26,4,1,75,75114,2,2,0,3,BOULEVARD ROMAIN ROLLAND,48.822325,2.314232,13,2,2
202100052469,107Â 927,A01,10,3,1,9,0,-1,-1,5,1,2,2021,12.0,1,3,0,1,7,26,0,1.0,3,JEAN LOLIVE (AVENUE)(1/55 2/60),0,,2,2,3,1,0,1,1,, -1,1,0,1,50,5,2,1,93,93055,2,9,0,6,JEAN LOLIVE (AVENUE)(1/55 2/60),48.8914,2.40246,9,2,1
202100037568,134Â 513,A01,1,1,1,0,2,8,-1,-1, -1,-1,2021,24.0,2,1,0,0,7,1,1,,4,RUE DU LT COLONEL ARNAUD BELTRAME,0,,2,2,0,2,0,0,3,, -1,1,0,1,70,28,5,1,91,91223,1,1,0,7,RUE DU LT COLONEL ARNAUD BELTRAME,48.44576,2.13798,18,1,1
202100056120,101Â 570,A01,1,1,1,0,8,4,-1,-1, -1,-1,2021,49.0,2,2,4,0,0,17,1,,1,A51-Sens Aix en Provence vers Marseille,0,,1,2,0,1,4,500,1,, -1,2,0,1,90,2,1,1,13,13019,1,1,0,6,A51-Sens Aix en Provence vers Marseille,43.42649,5.38069,9,1,1
202100037860,133Â 988,A01,1,1,1,1,1,0,-1,-1, -1,-1,2021,40.0,1,2,0,2,5,2,1,,1,BRANLY BD EDOUARD,0,,1,2,0,1,1,0,1,, -1,1,0,1,50,27,5,1,93,93063,2,6,0,2,BRANLY BD EDOUARD,48.87649,2.44116,16,2,2
202100051766,109Â 169,B01,1,1,2,0,1,0,-1,-1, -1,-1,2021,25.0,1,2,0,2,0,0,1,,1,BRETELLE A10/RN20,0,,-1,1,0,2,1,80,3,, -1,1,0,1,70,12,2,2,91,91136,1,1,0,2,BRETELLE A10/RN20,48.70986,2.2872,17,2,2
202100029866,148Â 405,A01,1,1,1,9,1,5,-1,0,0,-1,2021,32.0,1,2,2,0,1,1,1,,3,341,0,D,2,2,0,2,80,300,1,, -1,1,0,3,80,10,7,3,62,62759,1,1,0,6,D341,50.649713,1.90105,3,1,1
202100003041,196Â 341,B01,1,1,2,1,1,0,-1,-1, -1,-1,2021,19.0,2,2,0,2,4,2,1,,1,AUTOROUTE A6B,0,,3,6,0,2,8,0,1,, -1,1,0,1,110,14,12,1,91,91689,1,1,0,4,AUTOROUTE A6B,48.74916,2.32856,14,4,3
202100017478,170Â 381,B01,2,2,1,0,1,0,-1,-1, -1,-1,2021,54.0,1,2,1,2,2,1,1,,4,SAINT JEAN (BOULEVARD),0,,2,2,0,1,0,0,1,, -1,1,0,1,50,22,9,4,13,13210,2,2,0,3,SAINT JEAN (BOULEVARD),43.2796,5.40796,0,6,2
202100011580,181Â 026,A01,1,1,1,5,8,0,-1,0,0,-1,2021,24.0,3,1,14,0,1,1,5,,5,JACQUES PREVERT (RUE),0,,-1,1,1,1,(1),(1),1,, -1,1,2,5,30,19,10,2,54,54321,1,1,0,6,voie verte,49.54008,5.8086,18,1,1
202100025050,156Â 880,A01,1,1,1,5,2,6,9,0,0,-1,2021,25.0,1,1,3,0,0,1,1,,9,M30,0,,2,2,0,2,11,0,1,, -1,1,0,3,80,8,8,1,6,6110,1,1,0,7,M30,44.084317,7.056978,15,1,1
202100038480,132Â 865,D01,1,1,1,1,1,-1,-1,0,0,-1,2021,59.0,2,2,0,0,4,1,1,,2,31,-1,,3,4,0,1,31,100,1,, -1,1,0,1,110,26,5,1,60,60628,1,1,0,5,N31,49.425058,2.140832,16,7,4
202100055409,102Â 805,A01,1,1,2,1,1,-1,-1,0,0,-1,2021,34.0,2,2,9,0,1,1,1,,3,13,2,,2,2,0,1,4,650,2,, -1,7,0,3,50,13,1,5,68,68171,2,1,1,6,16 Grand Rue,47.924845,6.968606,0,1,1
202100020626,164Â 756,A01,1,1,1,1,2,6,-1,0,0,-1,2021,36.0,1,1,13,0,9,6,1,,3,712,-1,,2,2,0,2,31,700,4,, -1,1,0,8,80,4,9,1,29,29266,1,1,0,6,D712 - Koad Ar C Hastell,48.5186209129,-3.928449298,13,1,1
202100041459,127Â 499,B01,1,1,2,5,2,-1,-1,0,0,-1,2021,31.0,3,1,0,2,7,19,5,,3,RD 44,-1,,2,2,0,1,(1),(1),1,,4,2,0,1,70,4,5,1,52,52058,1,2,1,3,D44,48.204273,5.148817,12,2,2
202100011631,180Â 931,B01,1,1,1,4,1,8,-1,0,0,-1,2021,37.0,2,2,0,2,4,2,1,,4,PORTE DE VANVES,0,,1,3,0,1,7,0,1,, -1,1,1,1,70,20,10,1,75,75114,2,1,0,2,PORTE DE VANVES,48.824936,2.303477,13,2,2
202100000629,200Â 582,A01,10,3,2,0,0,-1,-1,4,3,1,2021,15.0,3,2,0,1,2,2,1,,4,BOUTILLERIE AVENUE DE LA,0,,3,2,0,1,(1),(1),1,, -1,2,0,1,30,30,12,5,59,59566,2,1,1,6,BOUTILLERIE AVENUE DE LA,50.62852,2.96928,18,3,1
202100006516,190Â 159,A01,1,1,1,5,8,-1,-1,0,0,-1,2021,32.0,3,2,13,0,3,0,1,,4,,-1,,2,2,0,1,(1),(1),1,,5,1,0,3,-1,24,11,3,85,85024,1,1,0,7,LA MICHELLERIE,46.9259651732,-1.8374499679,20,1,1
202100008651,186Â 284,B01,1,1,1,1,8,-1,-1,0,0,-1,2021,24.0,2,2,3,2,1,21,1,,1,71,-1,,3,4,3,1,264,100,1,, -1,1,0,1,130,11,11,1,18,18245,1,1,0,3,A 71 PK 264+100,46.613203,2.507565,10,4,2
202100003733,195Â 078,A01,10,3,2,5,0,-1,-1,4,3,1,2021,73.0,1,2,0,1,1,15,0,,4,AVENUE JOSEPH BOUVARD,0,,2,2,1,1,(1),(1),2,, -1,2,0,1,30,10,12,1,75,75107,2,2,0,6,AVENUE JOSEPH BOUVARD,48.854868,2.296385,14,3,1
202100050696,111Â 072,A01,1,1,1,1,8,-1,-1,0,0,-1,2021,35.0,2,2,0,2,1,1,1,,3,73,-1,D,2,2,0,1,23,100,1,, -1,1,0,1,80,21,2,2,24,24308,1,1,0,1,Lieu Dit les Couriveaux,45.346434,0.882592,7,2,2
202100019548,166Â 691,A01,1,1,1,5,1,-1,-1,0,0,-1,2021,20.0,1,2,0,0,0,1,1,,3,195,-1,,2,2,0,1,2,950,1,, -1,1,0,3,80,11,9,3,56,56248,1,1,0,7,Bilair,47.594762,-2.649658,23,1,1
202100031823,144Â 871,A01,2,2,1,0,1,-1,-1,-1, -1,-1,2021,32.0,3,2,0,2,1,1,1,,4,BIRMINGHAM (DE)                     (AV),0,,3,4,3,1,(1),(1),1,, -1,1,0,1,50,28,6,1,69,69384,2,1,0,2,BIRMINGHAM (DE) (AV),45.77447,4.81354,16,4,2
202100026115,155Â 015,B01,1,1,1,5,2,6,-1,-1,0,-1,2021,32.0,2,1,0,2,8,1,1,,3,PONTOISE(BOULEVARD DE),0,,2,2,0,1,8,400,1,, -1,1,0,1,50,31,7,3,95,95424,2,9,0,3,RD 392,48.98656,2.18183,0,2,2
202100053630,105Â 863,A01,1,1,2,1,8,0,-1,0,0,-1,2021,63.0,2,1,12,0,8,12,5,,4,RUE DE RIVOLI,0,,1,3,1,1,(1),(1),1,, -1,1,-1,5,30,26,1,1,75,75104,2,3,0,6,RUE DE RIVOLI,48.855229,2.361107,15,1,1
202100053709,105Â 731,A01,10,3,2,2,0,-1,-1,3,3,2,2021,5.0,2,2,0,1,7,26,1,,4,SAINTE ANNE (BD / RUE / IMP),0,,-1,1,0,2,0,0,1,, -1,1,0,1,50,25,1,1,83,83137,2,1,0,6,SAINTE ANNE (BD / RUE / IMP),43.13337,5.93227,11,2,1
202100023736,159Â 191,A01,2,2,1,9,1,0,-1,0,0,-1,2021,32.0,1,2,4,0,2,14,1,,4,PORTE DE CHATILLON,0,,1,3,0,1,5,800,1,, -1,1,0,1,70,17,8,1,75,75114,2,1,0,6,BD PERIPHERIQUE INTERIEUR,48.82146,2.319226,7,2,1
202100026181,154Â 897,A01,1,1,1,5,1,-1,-1,0,0,-1,2021,41.0,1,2,0,2,1,13,1,,3,1060,0,,2,2,0,1,1,500,1,, -1,1,2,1,80,31,7,1,89,89195,1,1,0,1,DÃ©partementale 1060,48.170288,3.275996,14,2,2
202100045738,119Â 998,B01,1,1,1,1,1,8,-1,-1, -1,-1,2021,40.0,1,2,0,2,7,1,1,,3,PONT MARQUANT (RUE DU),0,,2,2,0,1,14,645,1,, -1,1,5,1,50,31,3,1,78,78486,2,2,0,3,D61 / Petite Rue Verte,48.69304,1.84827,8,2,2
202100033687,141Â 548,A01,1,1,1,4,2,0,-1,-1, -1,-1,2021,49.0,2,1,0,1,8,2,3,,4,ERNEST COGNACQ(RUE),0,,2,2,0,1,0,0,1,, -1,1,0,1,30,18,6,1,92,92044,2,9,0,6,ERNEST COGNACQ(RUE),48.8954391125,2.2776914801,13,2,1
202100010453,183Â 036,B01,2,2,1,5,-1,-1,-1,-1, -1,-1,2021,27.0,2,1,0,2,8,1,1,,1,A47,0,,3,4,0,1,17,750,1,, -1,1,0,1,90,28,10,1,42,42186,1,1,0,3,A47,45.5256059548,4.6026885509,11,3,2
202100002871,196Â 644,A01,1,1,1,2,2,6,-1,-1, -1,-1,2021,23.0,1,1,0,2,0,0,1,,1,AUTOROUTE A86,0,,2,4,0,1,51,299,1,, -1,1,0,1,90,15,12,1,94,94034,1,1,0,2,AUTOROUTE A86,48.7617385147,2.3149952887,8,2,2
202100039241,131Â 470,A01,1,1,1,0,1,0,-1,-1, -1,-1,2021,36.0,2,2,0,2,1,2,1,,1,AUTOROUTE A3,0,,3,8,0,1,11,199,1,, -1,1,0,1,110,19,5,1,93,93007,1,1,0,2,AUTOROUTE A3,48.93311,2.48073,14,2,2
202100006051,190Â 980,A01,2,2,1,5,8,-1,-1,0,0,-1,2021,17.0,1,5,16,0,9,14,1,,4,,-1,,2,2,0,1,(1),(1),3,, -1,2,2,8,50,28,11,3,988,98807,1,1,1,7,Route de WERAP,-20.706585,164.943624,1,2,1
202100002904,196Â 580,A01,1,1,1,5,1,0,-1,-1, -1,-1,2021,89.0,1,2,0,1,1,1,1,,4,COSTA DE BEAUREGARD (RUE),0,,2,2,2,1,(1),(1),1,, -1,1,0,1,30,13,12,5,73,73065,2,1,0,6,COSTA DE BEAUREGARD (RUE),45.5634,5.93071,17,2,1
202100044174,122Â 713,A01,1,1,1,4,2,0,-1,-1, -1,-1,2021,28.0,2,1,0,2,1,2,1,,4,ENTREPOT (R DE L),0,,1,1,0,1,1,0,1,, -1,1,0,1,30,13,4,1,94,94018,2,1,0,2,Rue de lâEntrepot,48.8243464181,2.3995041847,12,2,2
202100011200,181Â 712,A01,10,3,1,3,0,-1,-1,4,3,1,2021,87.0,2,2,0,1,2,15,1,,7,,0,,2,2,3,1,0,300,1,, -1,1,0,1,50,24,10,1,69,69029,2,3,0,6,CHRISTIAN LACOUTURE (R),45.75008,4.91145,9,2,1
202100023581,159Â 486,B01,1,1,2,5,2,0,-1,-1, -1,-1,2021,44.0,3,1,0,2,8,1,1,,3,FONTAINE D'ARGENT (PLACE),0,,1,2,0,1,0,0,2,, -1,1,0,1,30,11,8,1,58,58194,2,6,0,3,FONTAINE D'ARGENT (PLACE),46.99248,3.14898,18,2,2
202100020286,165Â 374,B01,1,1,2,5,1,8,-1,-1, -1,-1,2021,57.0,3,2,0,2,2,1,1,,4,CUGNOT (RUE JOSEPH),0,,2,2,0,1,(1),(1),1,, -1,1,0,1,50,6,9,1,37,37122,2,1,0,3,CUGNOT (RUE JOSEPH),47.3416054493,0.6297449277,14,2,2
202100054423,104Â 473,A01,10,3,1,5,0,-1,-1,3,3,2,2021,94.0,2,2,0,1,1,1,1,,4,,0,,3,2,0,1,(1),(1),1,, -1,9,9,8,50,19,1,2,69,69266,2,1,1,6,ROGER SALENGRO (AV),45.7793118836,4.8812647983,16,3,1
202100001954,198Â 309,A01,1,1,1,0,2,6,9,0,0,-1,2021,66.0,1,1,12,0,7,1,1,,3,999,0,D,3,2,0,4,49,927,1,, -1,1,0,4,80,22,12,1,30,30349,1,1,0,7,D999,43.87205,4.081678,15,1,1
202100018126,169Â 215,A01,1,1,1,0,8,-1,-1,-1, -1,-1,2021,40.0,3,2,1,0,1,2,1,,4,MAIL. RUE DU,0,,1,1,2,1,0,0,1,, -1,1,-1,5,30,18,9,5,76,76540,2,1,0,6,MAIL. RUE DU,49.42997,1.09099,2,1,1
202100049732,112Â 852,B01,2,2,2,5,1,4,-1,-1, -1,-1,2021,76.0,2,2,0,2,6,1,0,,1,AUTOROUTE A6,0,,2,3,0,1,10,399,1,, -1,1,0,1,110,1,3,1,91,91689,1,1,0,2,AUTOROUTE A6,48.72994,2.31458,16,3,2
202100042395,125Â 851,B01,1,1,1,5,1,-1,-1,0,0,-1,2021,78.0,2,2,0,2,8,9,1,,3,994,0,,2,2,0,1,58,450,1,, -1,2,0,1,90,28,4,1,5,5123,1,3,1,3,les marcellons,44.549018,5.979266,15,2,2
202100018257,168Â 984,B01,7,2,2,0,8,-1,-1,0,0,-1,2021,57.0,1,2,0,2,3,1,1,,1,77,0,,2,2,0,2,9,550,1,, -1,1,0,1,90,18,9,3,77,77099,1,1,0,1,A77 PK009+550,48.143411,2.743406,20,5,2
202100038707,132Â 449,A01,1,1,1,5,2,6,9,0,0,-1,2021,55.0,1,1,2,0,9,1,1,,3,,0,,2,2,0,2,21,800,3,, -1,1,0,1,80,23,5,1,73,73098,1,1,0,1,D913 Route du Revard,45.667802,5.977716,18,2,2
202100010030,183Â 769,Z01,2,1,1,0,2,0,-1,-1, -1,-1,2021,32.0,3,1,0,2,0,0,0,,4,LYON (RUE DE),0,,2,3,0,1,0,0,1,, -1,1,0,1,50,31,10,5,13,13215,2,3,0,3,LYON (RUE DE),43.3423708654,5.3597691433,17,2,2
202100021646,162Â 937,Z01,2,2,1,9,2,0,-1,0,0,-1,2021,21.0,2,1,0,2,1,1,1,,4,RUE DE CLIGNANCOURT,0,,1,1,0,3,(1),(1),1,, -1,1,0,1,50,31,8,5,75,75118,2,2,0,3,RUE DE CLIGNANCOURT,48.889037,2.34815,5,3,2
202100041970,126Â 598,B01,1,1,1,5,2,6,-1,0,0,-1,2021,56.0,1,1,0,0,7,1,1,,3,619,0,,2,2,0,1,20,900,1,, -1,1,0,1,90,1,5,1,10,10341,1,3,0,1,D619 / D19,48.512635,3.681176,15,2,2
202100021930,162Â 424,A01,1,1,1,5,2,0,-1,-1, -1,-1,2021,22.0,2,1,0,0,8,1,1,,4,GRAMMONT (AVENUE DE),0,,2,4,0,1,(1),(1),1,, -1,1,0,1,50,29,8,1,37,37261,2,1,0,7,GRAMMONT (AVENUE DE),47.382358656,0.6920980562,17,1,1
202100009499,184Â 731,A01,10,3,1,9,0,-1,-1,6,2,1,2021,60.0,2,2,0,1,2,1,1,,3,,0,,2,2,0,2,(1),(1),3,, -1,1,0,3,50,5,11,1,972,97232,1,1,0,6,Beaujolais,14.522335,-60.859473,10,2,1
202100003959,194Â 673,B01,1,1,1,9,1,8,-1,-1, -1,-1,2021,56.0,2,2,0,2,7,1,1,,4,DIGUE RONJON,0,,2,2,0,1,(1),(1),1,, -1,1,0,1,50,8,12,1,973,97302,2,2,0,3,DIGUE RONJON,4.93334,-52.33169,15,2,2
202100001507,199Â 099,A01,10,3,2,1,0,0,-1,4,3,1,2021,45.0,2,2,0,1,1,1,1,,4,CHARLES DE GAULLE (AV),0,,1,2,0,1,1,0,1,, -1,1,0,1,50,23,12,5,94,94044,2,1,0,6,Avenue Charles de Gaulle,48.7513693649,2.5005269051,18,2,1
202100032318,143Â 990,B01,1,1,1,9,2,0,-1,0,0,-1,2021,17.0,1,1,0,2,2,17,1,,4,AVENUE VICTOR HUGO,0,,2,2,0,1,(1),(1),1,, -1,1,0,1,50,25,6,1,75,75116,2,3,0,3,AVENUE VICTOR HUGO,48.870665,2.287706,17,2,2
202100033682,141Â 557,A01,1,1,1,5,2,8,-1,-1, -1,-1,2021,48.0,0,0,8,0,1,0,3,,4,FORT RUE DU,0,,-1,1,1,1,0,1,1,, -1,1,6,1,50,18,6,1,92,92020,2,1,0,6,FORT RUE DU,48.794512177,2.2718317062,12,1,1
202100001480,199Â 142,B01,1,1,1,5,2,6,-1,-1, -1,-1,2021,36.0,2,1,0,2,1,2,1,,4,BD DE LA GARE,0,,1,3,3,1,(1),(1),1,, -1,1,0,1,50,24,12,1,31,31555,2,1,0,2,BD DE LA GARE,43.60794,1.45583,10,2,2
202100020947,164Â 219,B01,2,2,2,5,1,-1,-1,0,0,-1,2021,28.0,1,2,0,2,1,2,1,,1,9,-1,A,3,4,0,1,174,488,1,, -1,1,0,1,130,7,8,3,34,34135,1,1,0,2,Autoroute A9 pk 174+488,43.25333,3.159771,4,4,2
202100046241,119Â 116,B01,1,1,2,9,1,0,-1,0,0,-1,2021,29.0,3,2,0,2,4,2,1,,4,BOULEVARD PERIPHERIQUE,0,,1,4,0,1,(1),(1),1,, -1,1,0,1,70,28,3,5,75,75119,2,4,0,2,BOULEVARD PERIPHERIQUE,48.9002134895,2.3766555306,21,2,2
202100014354,176Â 052,A01,10,3,1,5,0,-1,-1,1,3,1,2021,73.0,1,1,0,1,1,1,1,,3,LILLE ( ROUTE DE ) OU PETIT SAILLY,0,,2,3,0,1,149,179,1,, -1,1,0,1,70,8,10,1,62,62735,2,1,0,6,LILLE ( ROUTE DE ) OU PETIT SAILLY,50.51183,2.70619,17,3,1
202100019844,166Â 166,A01,10,3,2,2,0,-1,-1,1,3,1,2021,17.0,1,2,0,1,1,1,1,,4,PERRIN (RUE FRANCOIS),0,,2,2,0,1,0,0,1,, -1,1,0,1,50,8,9,1,87,87085,2,1,0,6,PERRIN (RUE FRANCOIS),45.82971,1.24786,12,2,1
202100003166,196Â 106,A01,1,1,1,1,1,0,-1,-1, -1,-1,2021,42.0,2,2,0,2,3,12,1,,2,N186,0,,3,10,0,1,1,0,1,, -1,1,9,1,70,13,12,1,94,94065,2,1,0,2,Route nationale 186,48.7538,2.36445,9,2,2