Num_Acc,id_vehicule,num_veh,place,catu,sexe,trajet,secu1,secu2,secu3,locp,actp,etatp,year_acc,victim_age,senc,catv,obs,obsm,choc,manv,motor,occutc,catr,voie,v1,v2,circ,nbv,vosp,prof,pr,pr1,plan,lartpc,larrout,surf,infra,situ,vma,jour,mois,lum,dep,com,agg_,int,atm,col,adr,lat,long,hour,nb_victim,nb_vehicules
202100021656,162Â 921,A01,10,3,2,5,0,-1,-1,2,3,1,2021,68.0,2,2,0,1,3,15,1,,4,BOULEVARD VOLTAIRE,0,,2,3,0,1,(1),(1),1,, -1,1,0,1,30,31,8,1,75,75111,2,3,0,6,BOULEVARD VOLTAIRE,48.855891,2.383309,17,2,1
202100044709,121Â 798,A01,1,1,1,3,2,6,-1,0,0,-1,2021,50.0,2,1,9,2,8,1,1,,4,RUE DES PYRENEES,0,,2,2,0,1,(1),(1),1,, -1,1,0,1,50,8,4,1,75,75120,2,2,0,3,RUE DES PYRENEES,48.848953,2.406597,15,3,2
202100056505,100Â 901,A01,1,1,1,5,6,2,-1,0,0,-1,2021,48.0,0,1,6,0,1,0,1,,3,18,0,,2,2,0,1,38,200,1,, -1,1,0,1,30,1,1,5,34,34147,2,3,0,6,2 avenue de BÃ©ziers,43.471449,3.222046,5,1,1
202100053167,106Â 700,B01,1,1,1,0,2,8,-1,-1, -1,-1,2021,35.0,2,1,0,2,8,26,1,,4,REPUBLIQUE (AVENUE DE LA),0,,3,4,1,1,0,100,1,, -1,2,0,1,50,29,1,1,91,91421,2,1,1,3,REPUBLIQUE (AVENUE DE LA),48.698941,2.46966,16,1,2
202100039034,131Â 875,B01,1,1,1,3,2,6,-1,0,0,-1,2021,55.0,1,1,0,2,1,18,1,,3,1075,-1,,2,2,0,1,32,600,1,, -1,1,0,3,90,22,5,1,5,5166,1,1,0,3,RD 1075,44.412724,5.724692,9,2,2
202100020381,165Â 208,A01,1,1,1,0,1,-1,-1,0,0,-1,2021,33.0,1,2,1,2,1,5,1,,3,152,0,D,2,2,0,1,6,377,2,, -1,1,0,1,80,7,9,1,47,47049,1,1,0,1,D152,44.465993,0.588648,16,2,2
202100030073,148Â 030,B01,1,1,1,5,1,-1,-1,0,0,-1,2021,21.0,2,2,0,2,1,1,1,,3,16,0,D,2,2,0,1,8,900,1,, -1,1,0,1,80,9,7,2,68,68062,1,1,0,1,D16,47.626283,7.217975,19,2,2
202100002117,198Â 011,A01,2,1,1,1,1,5,-1,-1, -1,-1,2021,67.0,3,5,0,2,7,1,1,,4,BOIS DE NEFLES (ROUTE DE),0,,2,2,0,1,0,0,1,, -1,1,9,1,30,19,12,3,974,97411,2,2,0,3,BOIS DE NEFLES (ROUTE DE),-20.89396,55.47847,19,2,2
202100002337,197Â 611,B01,1,1,1,5,1,-1,-1,0,0,-1,2021,22.0,2,2,0,2,1,17,1,,3,,-1,D,2,2,0,2,0,300,1,, -1,1,0,1,80,17,12,3,33,33535,1,9,0,1,Avenue de Senailhac,44.859696,-0.470513,19,2,2
202100043157,124Â 528,B01,1,1,1,5,8,0,-1,-1, -1,-1,2021,10.0,1,1,0,2,8,19,5,,4,PERGAUD (IMP LOUIS),0,,2,2,0,1,(1),(1),1,, -1,1,0,1,30,20,4,1,56,56098,2,1,0,3,PERGAUD (IMP LOUIS),47.76757,-3.34295,18,2,2
202100044934,121Â 408,B01,1,1,2,5,2,6,-1,-1, -1,-1,2021,19.0,2,1,0,2,8,1,1,,4,PAULMY (AVENUE DES ALLEES),0,,2,4,0,1,0,0,2,, -1,1,5,1,50,5,4,1,64,64102,2,3,0,3,PAULMY (AVENUE DES ALLEES),43.49504,-1.47847,18,2,2
202100008219,187Â 025,A01,2,2,2,5,1,0,-1,-1, -1,-1,2021,26.0,1,2,4,0,8,2,1,,1,AUTOROUTE A86,0,,1,2,0,2,51,299,2,, -1,2,0,1,70,14,11,3,94,94034,1,1,1,6,AUTOROUTE A86,48.7587067382,2.3243379593,7,3,1
202100037157,135Â 263,A01,10,3,2,5,0,-1,-1,1,3,1,2021,3.0,1,2,0,1,2,1,1,,4,RUE DE L'ALMA ANDRE BALLANDE,0,,1,2,0,1,0,0,1,, -1,1,0,1,30,31,5,1,988,98818,2,1,0,6,RUE DE L'ALMA ANDRE BALLANDE,-22.26981,166.44026,14,2,1
202100011444,181Â 265,A01,1,1,2,5,1,-1,-1,0,0,-1,2021,57.0,2,2,0,2,2,15,1,,3,922,0,,2,2,0,1,43,330,1,,4,1,5,1,90,23,10,1,12,12301,1,2,0,5,RD 922,44.442237,2.02996,9,6,4
202100056253,101Â 344,A01,10,3,1,0,0,-1,-1,3,3,2,2021,47.0,1,0,0,1,1,19,0,,7,933,0,,2,2,1,1,(1),(1),1,, -1,2,0,1,30,4,1,2,59,59350,2,1,1,6,DUNKERQUE AVENUE,50.64565,2.98579,8,2,1
202100030527,147Â 195,A01,1,1,1,0,2,0,-1,-1, -1,-1,2021,26.0,1,1,0,-1,1,26,1,,1,AUTOROUTE A1,0,,-1,6,0,1,2,200,1,, -1,2,0,1,90,5,7,3,972,97213,1,1,0,2,AUTOROUTE A1,14.6181013193,-61.034052372,0,2,2
202100040979,128Â 370,B01,1,1,1,2,2,6,-1,-1, -1,-1,2021,19.0,1,1,0,2,2,21,1,,3,908,0,,2,2,0,1,0,0,1,, -1,1,0,1,50,7,5,1,92,92035,2,1,0,3,RÃ©publique ( boulevard de la ),48.9066924905,2.2459262609,17,3,2
202100008203,187Â 056,A01,1,1,2,1,1,-1,-1,0,0,-1,2021,26.0,1,2,0,2,3,13,1,,3,961,-1,D,2,2,0,2,34,250,2,, -1,2,0,1,80,15,11,2,49,49283,1,1,1,5,DÃ©partementale 961,47.39283,-0.756426,8,3,3
202100045264,120Â 813,B01,1,1,1,4,8,0,-1,-1, -1,-1,2021,30.0,3,1,0,2,8,10,5,,3,12,0,,2,2,0,1,0,0,1,, -1,1,0,1,50,3,4,2,92,92026,2,1,0,3,RÃPUBLIQUE ( DE 01 A 31 ET DE 02 A 52 ),48.899968,2.246622,20,2,2
202100012951,178Â 587,A01,2,2,2,3,1,-1,-1,0,0,-1,2021,22.0,1,2,0,2,1,1,1,,3,D900,0,,2,2,0,1,37,900,1,, -1,1,0,1,80,16,10,1,66,66015,1,1,0,1,"Route dÃ©partementale 900, LÃ´ plan",42.571287,2.850995,14,3,2
202100048396,115Â 250,B01,1,1,1,0,1,8,-1,-1, -1,-1,2021,23.0,3,2,0,2,1,1,1,,4,PLANTOUN (AVENUE),0,,2,2,0,2,0,0,2,, -1,2,0,1,30,11,3,1,64,64102,2,3,1,3,PLANTOUN (AVENUE),43.496639,-1.456187,18,2,2
202100056295,101Â 271,A01,10,3,1,0,0,-1,-1,2,3,1,2021,34.0,1,2,0,1,4,26,1,,3,VICTOR HUGO (AVE)  => 120,0,,2,4,0,1,0,1,1,, -1,1,0,1,50,4,1,1,93,93001,2,1,0,6,VICTOR HUGO (AVE)  => 120,48.9110263553,2.3792587058,10,2,1
202100033035,142Â 694,A01,10,3,1,5,8,8,-1,2,3,1,2021,8.0,1,2,0,1,3,9,1,,4,PAIX RUE DE LA,0,,1,1,0,1,(1),(1),1,, -1,1,0,1,30,19,6,1,59,59378,2,3,0,6,PAIX RUE DE LA,50.6629,3.08019,12,2,1
202100044199,122Â 671,A01,1,1,1,4,1,-1,-1,0,0,-1,2021,45.0,1,5,0,2,2,13,1,,3,92,0,,2,2,0,1,9,550,3,, -1,1,0,1,90,13,4,1,60,60686,1,1,1,1,D92,49.206991,2.397215,8,2,2
202100026755,153Â 899,A01,1,1,1,5,1,-1,-1,0,0,-1,2021,56.0,2,2,0,2,1,13,1,,2,149,-1,,2,2,0,1,39,620,1,,7,1,0,1,80,29,7,1,79,79088,1,1,0,5,,46.816846,-0.401323,9,3,3
202100007325,188Â 658,A01,10,3,2,0,0,-1,-1,2,3,1,2021,64.0,2,1,0,1,2,1,1,,4,JUIN BOULEVARD MARECHAL,0,,2,3,0,1,(1),(1),1,, -1,1,0,1,50,14,11,5,6,6027,2,1,0,6,JUIN BOULEVARD MARECHAL,43.658177,7.150913,17,2,1
202100012396,179Â 550,A01,1,1,2,0,1,0,-1,-1, -1,-1,2021,24.0,1,2,0,2,1,13,1,,3,RTE DE MASSY,0,,-1,2,0,1,0,0,1,, -1,2,2,8,50,18,10,4,91,91161,1,1,1,1,RTE DE MASSY,48.71205,2.30828,20,2,2
202100006422,190Â 314,A01,10,3,2,1,8,8,-1,3,3,1,2021,22.0,1,2,0,1,2,9,1,,7,VOISIN (BOULEVARD ANDRE-GEORGES),0,,-1,1,0,1,(1),(1),3,, -1,1,6,1,50,24,11,1,37,37214,2,4,0,6,VOISIN (BOULEVARD ANDRE-GEORGES),47.4272702139,0.6579430096,15,2,1
202100011766,180Â 681,A01,1,1,1,9,8,-1,-1,-1, -1,-1,2021,26.0,0,1,0,0,0,25,3,,4,LECLERC                             (AV),0,,2,2,2,1,(1),(1),1,, -1,1,0,4,50,22,10,5,69,69387,2,1,0,7,LECLERC (AV),45.73915,4.82595,0,1,1
202100046528,118Â 617,A01,1,1,1,4,1,0,-1,-1, -1,-1,2021,43.0,1,2,6,2,2,1,1,,4,GIRAUDEAU (RUE),0,,2,3,0,1,(1),(1),1,, -1,1,0,1,50,26,3,1,37,37261,2,2,0,3,GIRAUDEAU (RUE),47.386097529,0.6766601752,18,4,2
202100027597,152Â 394,C01,1,1,1,5,2,6,9,0,0,-1,2021,22.0,1,1,0,2,1,17,1,,3,985,-1,,2,2,0,1,25,490,1,, -1,1,0,1,80,23,7,1,8,8427,1,1,0,5,D985,49.542866,4.382086,12,3,3
202100005845,191Â 344,A01,2,2,2,0,1,0,-1,-1, -1,-1,2021,25.0,2,2,4,0,1,1,1,,1,AUTOROUTE A6A,0,,3,2,0,1,0,200,2,, -1,2,1,1,70,28,11,1,94,94037,1,1,0,1,AUTOROUTE A6A,48.8165,2.33676,9,2,1
202100033549,141Â 800,E01,1,1,1,4,1,0,-1,-1, -1,-1,2021,39.0,3,2,0,2,9,2,1,,3,RD 471,0,,2,2,0,1,14,281,1,, -1,1,0,1,80,16,6,1,77,77114,1,1,0,5,RD 471,48.72584,2.69914,14,6,6
202100048837,114Â 466,A01,1,1,1,0,2,0,-1,-1, -1,-1,2021,38.0,2,1,0,2,3,18,1,,2,118,0,,3,4,0,1,2,750,1,, -1,1,0,1,90,8,3,1,92,92048,1,1,0,3,N118,48.8061797851,2.2128602858,7,2,2
202100020876,164Â 334,A01,1,1,1,4,2,0,-1,-1, -1,-1,2021,21.0,1,1,0,0,1,1,1,,4,CHARLES BALTET (RUE),0,,2,2,0,1,(1),(1),1,, -1,1,0,1,50,1,9,1,10,10333,2,1,0,7,CHARLES BALTET (RUE),48.2865,4.05591,14,1,1
202100041144,128Â 061,B01,1,1,1,4,1,0,-1,0,0,-1,2021,44.0,1,2,0,2,8,15,1,,4,AVENUE DE SAINT MANDE,0,,2,2,0,1,(1),(1),1,, -1,2,0,1,50,6,5,1,75,75112,2,3,1,3,AVENUE DE SAINT MANDE,48.845308,2.39825,12,2,2
202100037186,135Â 216,A01,1,1,1,5,8,0,-1,-1, -1,-1,2021,40.0,2,1,0,0,1,1,3,,4,BLANC LOUIS (BOULEVARD),0,,-1,4,0,1,0,0,1,, -1,1,0,1,50,30,5,2,87,87085,2,1,0,7,BLANC LOUIS (BOULEVARD),45.82763,1.26086,7,1,1
202100047277,117Â 255,B01,2,2,2,5,2,6,-1,0,0,-1,2021,26.0,1,1,0,2,1,17,1,,2,2,-1,,2,2,0,2,109,156,4,, -1,1,0,1,50,20,3,1,974,97412,2,3,0,1,Rue RaphaÃ«l Babet,-21.379567,55.631273,16,4,2
202100047343,117Â 143,B01,1,1,2,0,2,0,-1,0,0,-1,2021,21.0,1,1,0,2,8,19,5,,4,BAZIN (RUE HENRI) + (SENTIER),0,,1,2,2,1,(1),(1),1,, -1,1,-1,1,30,18,3,1,54,54395,2,1,0,3,BAZIN (RUE HENRI) + (SENTIER),48.6967728706,6.1939193308,8,2,2
202100029471,149Â 107,A01,10,3,2,5,0,-1,-1,5,1,3,2021,16.0,3,5,1,1,1,2,1,,4,,-1,,2,2,0,1,(1),(1),2,,4,1,5,4,30,9,7,1,56,56164,2,6,0,6,Rue de Ker Anna,47.655383,-2.868754,20,4,1
202100002517,197Â 277,B01,1,1,1,5,2,4,-1,0,0,-1,2021,61.0,2,1,0,2,4,2,5,,3,145,-1,,2,2,0,1,8,521,1,, -1,1,0,1,80,18,12,1,72,72054,1,1,0,2,Les Bruyeres,48.002583,0.331564,16,2,2
202100018166,169Â 140,A01,1,1,1,5,8,0,-1,0,0,-1,2021,21.0,0,1,8,0,1,1,1,,7,CORNE D OR (BOULEVARD DE LA),0,,2,2,0,2,(1),(1),4,, -1,1,0,1,50,18,9,5,6,6159,2,1,0,6,CORNE D OR (BOULEVARD DE LA),43.709479,7.310329,6,1,1
202100015802,173Â 423,A01,1,1,1,5,2,6,-1,0,0,-1,2021,60.0,3,1,0,9,1,1,1,,3,343,0,,2,2,0,2,0,0,2,, -1,1,0,1,80,2,10,1,202,202171,1,1,0,6,D343,42.186048,9.191415,17,1,1
202100033786,141Â 379,A01,1,1,2,0,1,8,-1,-1, -1,-1,2021,43.0,1,2,0,2,2,1,1,,4,FRANCOIS ARAGO,0,,1,1,0,1,(1),(1),1,, -1,1,0,1,30,16,6,2,971,97120,2,1,0,6,FRANCOIS ARAGO,16.2395413483,-61.5340872109,6,1,1
202100006022,191Â 031,A01,1,1,1,9,8,-1,-1,0,0,-1,2021,48.0,2,2,13,0,2,26,1,,3,13,-1,,2,2,0,2,(1),(1),2,, -1,1,0,3,80,26,11,3,84,84044,1,1,0,7,route de mollans sur ouveze,44.225766,5.147095,18,1,1
202100000814,200Â 265,A01,1,1,1,0,2,0,-1,-1, -1,-1,2021,34.0,2,1,0,2,2,3,1,,1,AUTOROUTE A86,0,,3,6,0,1,28,500,1,, -1,1,0,1,90,31,12,3,93,93048,1,1,0,3,AUTOROUTE A86,48.86585,2.48162,1,2,2
202100034126,140Â 764,A01,10,3,1,0,0,-1,-1,9,3,1,2021,22.0,1,2,0,1,1,1,1,,3,JEAN JAURES (AVE) 55 A 129,0,,3,4,0,1,0,1,1,, -1,1,0,1,50,16,6,1,93,93001,2,1,0,6,JEAN JAURES (AVE) 55 A 129,48.9051,2.39349,10,2,1
202100009730,184Â 311,B01,1,1,1,0,8,-1,-1,-1, -1,-1,2021,40.0,2,0,0,2,8,15,0,,4,CARNOT                              (R ),0,,1,1,2,1,(1),(1),1,, -1,1,0,1,50,2,11,2,69,69199,2,9,0,3,CARNOT (R),45.70803,4.86045,7,3,2
202100030426,147Â 385,A01,1,1,1,0,2,0,-1,-1, -1,-1,2021,18.0,0,1,0,9,7,19,1,,4,DARTOIS BIDOT (PAS),0,,2,1,0,1,1,0,1,, -1,2,0,1,30,5,7,1,94,94068,2,1,1,6,DARTOIS BIDOT (PAS),48.806618,2.474499,17,1,1
202100021508,163Â 194,A01,1,1,1,5,2,-1,-1,0,0,-1,2021,17.0,1,1,9,0,1,26,1,,3,4,0,D,2,2,0,1,(1),(1),1,, -1,1,0,1,50,2,9,5,95,95487,2,1,0,6,Rue Corentin Quideau,49.145816,2.258223,6,1,1
202100010644,182Â 712,A01,1,1,1,5,1,-1,-1,0,0,-1,2021,19.0,2,2,8,0,7,1,1,,3,24,-1,E,2,2,0,2,0,700,4,, -1,1,0,3,80,28,10,3,69,69171,1,1,0,7,SAIN-BEL (DE) (RTE),45.8044,4.604559,19,1,1
202100012338,179Â 681,A01,1,1,1,1,2,-1,-1,0,0,-1,2021,45.0,1,1,0,2,7,1,1,,3,,-1,,-1,2,0,1,76,106,1,,4,1,0,1,80,20,10,3,33,33256,1,3,0,3,,44.967933,-0.625963,7,2,2
202100009015,185Â 605,A01,2,2,2,1,2,6,-1,0,0,-1,2021,37.0,1,1,0,2,1,3,1,,3,922,-1,,2,2,0,1,24,0,1,, -1,1,0,1,50,8,11,2,95,95392,2,1,0,3,38 Grande Rue,49.080026,2.205725,7,3,2
202100032286,144Â 049,A01,1,1,2,9,1,-1,-1,-1, -1,-1,2021,90.0,0,2,1,0,1,1,1,,6,LAGRUA (RUE),0,,-1,-1,1,1,(1),(1),1,, -1,1,0,1,30,25,6,1,33,33529,1,1,0,6,Rue Lagrua,44.639924,-1.155005,11,1,1
202100014013,176Â 653,B01,1,1,1,9,2,0,-1,0,0,-1,2021,31.0,2,1,0,2,1,1,5,,4,BOULEVARD DAVOUT,0,,3,2,0,1,(1),(1),1,, -1,1,0,1,30,10,10,1,75,75120,2,4,0,3,BOULEVARD DAVOUT,48.856284,2.409986,13,2,2
202100025762,155Â 636,A01,10,3,1,9,0,-1,-1,3,3,1,2021,47.0,0,2,0,1,1,15,1,,4,RUE LEVERT,0,,2,2,0,2,(1),(1),1,, -1,2,0,1,30,3,8,1,75,75120,2,2,0,6,RUE LEVERT,48.873352,2.39006,8,2,1
202100042308,125Â 999,B01,1,1,2,5,1,-1,-1,-1, -1,-1,2021,64.0,3,2,0,2,2,15,1,,3,BRUYERE (ROUTE),0,,2,2,0,1,2,2,1,, -1,1,0,1,50,26,4,1,50,50532,1,6,0,3,BRUYERE (ROUTE),48.804,-1.54844,16,3,2
202100030713,146Â 858,A01,2,2,1,0,2,8,-1,-1, -1,-1,2021,16.0,2,1,0,0,2,21,1,,4,TERRE DES CHENES (CHEMIN),0,,-1,2,0,2,0,0,2,, -1,1,0,1,50,3,7,1,974,97416,1,1,0,7,TERRE DES CHENES (CHEMIN),-21.31878,55.55051,16,2,1
202100025327,156Â 383,A01,1,1,1,9,8,6,-1,-1, -1,-1,2021,61.0,1,0,0,2,0,1,3,,4,RUE DE BELLEVILLE,0,,2,2,0,1,(1),(1),1,, -1,1,0,1,50,6,8,1,75,75120,2,1,0,3,RUE DE BELLEVILLE,48.876122,2.403042,16,3,2
202100017665,170Â 048,A01,1,1,1,4,8,0,-1,-1, -1,-1,2021,37.0,2,5,0,2,3,1,1,,4,ABEILLES (RUE DES),0,,1,1,0,2,0,0,1,, -1,1,0,1,50,20,9,1,13,13201,2,2,0,3,ABEILLES (RUE DES),43.3013,5.3857,10,2,2
202100037328,134Â 948,B01,1,1,1,0,8,-1,-1,0,0,-1,2021,48.0,1,2,0,2,3,1,1,,3,47,0,,2,2,0,4,2,400,2,, -1,1,0,1,80,1,6,1,80,80420,1,1,0,1,RD47,50.028568,2.501812,18,2,2
202100031883,144Â 763,B01,1,1,2,5,1,8,-1,-1, -1,-1,2021,23.0,0,2,0,2,5,1,1,,2,ROUTE NATIONALE 568,0,,3,4,0,1,0,0,1,, -1,1,0,1,70,27,6,1,13,13039,1,1,0,2,ROUTE NATIONALE 568,43.46089,4.92137,14,3,2
202100037440,134Â 735,A01,1,1,1,0,2,0,-1,0,0,-1,2021,26.0,1,1,6,0,1,1,1,,4,BASTIDES (CHEMIN DES),0,,-1,2,0,2,(1),(1),1,, -1,1,0,8,50,29,5,3,6,6069,2,1,0,6,BASTIDES (CHEMIN DES),43.64048,6.92759,23,1,1
202100053504,106Â 076,B01,1,1,2,9,1,0,-1,-1, -1,-1,2021,31.0,1,2,0,2,3,1,1,,3,BOUVETS BOULEVARD DES,0,,1,2,0,2,0,0,1,, -1,2,9,1,50,27,1,5,92,92050,2,9,1,3,BOUVETS BOULEVARD DES,48.8969531663,2.2238047381,18,2,2
202100026728,153Â 942,A01,9,2,2,5,1,-1,-1,0,0,-1,2021,17.0,2,2,6,0,2,21,1,,3,13,-1,,2,2,0,1,9,400,2,, -1,2,0,1,-1,28,7,3,43,43030,2,1,1,6,D13,45.106114,3.842152,0,3,1
202100011729,180Â 765,A01,10,3,2,9,0,-1,-1,3,3,1,2021,70.0,1,2,0,1,1,11,0,,2,7,-1,,1,2,0,1,11,500,1,, -1,1,0,1,50,22,10,1,69,69243,2,1,0,6,VOLTAIRE (BD),45.893906,4.435832,10,2,1
202100029527,149Â 016,A01,2,2,2,5,8,-1,-1,0,0,-1,2021,19.0,0,6,0,0,0,26,0,,4,,0,,-1,2,0,3,(1),(1),1,,4,1,0,8,50,11,7,1,77,77315,2,1,0,7,Rue Emile Zola,48.887684,2.832704,16,2,1
202100054721,103Â 978,B01,1,1,1,4,1,-1,-1,0,0,-1,2021,37.0,1,5,0,2,1,1,1,,3,990,-1,,2,2,0,2,59,528,1,, -1,7,0,1,90,18,1,2,15,15152,1,3,0,1,intersection RD990 et Rue de l'Aubrac,44.9268,2.843871,7,2,2
202100024427,158Â 019,B01,1,1,1,0,2,-1,-1,0,0,-1,2021,42.0,1,1,0,2,4,23,1,,3,2,0,,-1,2,0,1,6,900,1,, -1,1,8,1,50,13,8,1,973,97309,1,1,0,2,257 Route d Attila Cabassou,4.88912,-52.289965,11,2,2
202100032252,144Â 112,A01,10,3,2,1,8,8,-1,3,3,1,2021,58.0,0,1,0,1,7,0,5,,4,JEANNE D'ARC. RUE,0,,-1,2,0,1,(1),(1),1,, -1,1,-1,1,30,25,6,1,76,76540,2,1,0,6,JEANNE D'ARC. RUE,49.44236,1.0907,13,2,1
202100022901,160Â 689,A01,1,1,1,5,2,-1,-1,-1,0,-1,2021,38.0,1,1,0,2,1,1,1,,3,PARIS (ROUTE DE),0,,2,2,0,1,10,200,1,, -1,1,0,1,50,22,8,5,95,95426,2,1,0,2,RD 909,49.01742,2.28936,21,3,2
202100013341,177Â 902,A01,10,3,1,2,0,-1,-1,3,3,2,2021,8.0,2,2,0,1,3,1,1,,3,171,0,D,2,2,0,1,1,900,1,, -1,1,9,1,50,15,10,1,54,54314,2,1,0,6,19 Rue de Longwy,49.5030953953,5.7335811861,13,3,1
202100049898,112Â 544,B01,1,1,1,1,2,6,-1,0,0,-1,2021,49.0,2,1,0,2,3,3,1,,4,PORTE DAUPHINE,0,,-1,4,0,1,15,300,1,, -1,1,0,1,70,26,2,1,75,75116,2,1,0,3,PORTE DAUPHINE,48.871338,2.273122,17,2,2
202100053824,105Â 540,B01,1,1,2,0,1,8,-1,-1, -1,-1,2021,22.0,2,2,0,2,2,2,1,,2,LITTORAL (ROUTE 1 DU),0,,1,2,0,1,3,700,1,, -1,1,9,1,90,23,1,1,974,97411,1,1,0,2,Route du Littoral,-20.87737,55.41275,10,4,2
202100005541,191Â 897,B01,10,3,1,9,0,-1,-1,4,3,1,2021,39.0,0,2,0,2,2,15,2,,4,PLACE VENDOME,0,,1,2,0,1,(1),(1),1,, -1,1,6,1,30,30,11,1,75,75101,2,7,0,6,PLACE VENDOME,48.86661,2.32857,16,3,2
202100056028,101Â 735,A01,10,3,1,3,0,-1,-1,4,3,1,2021,53.0,1,5,0,1,2,16,1,,3,AV LEON BLUM,0,,2,1,0,1,(1),(1),1,, -1,1,0,3,50,6,1,5,91,91027,2,2,0,6,AV LEON BLUM,48.70997,2.38554,6,2,1
202100053871,105Â 452,A01,2,2,2,0,1,-1,-1,0,0,-1,2021,51.0,1,5,0,2,8,13,1,,7,342,-1,,2,2,0,2,7,800,1,, -1,7,0,1,70,25,1,3,69,69204,1,1,0,4,RD342,45.713915,4.774305,6,4,3
202100055910,101Â 937,A01,10,3,1,2,0,-1,-1,2,3,1,2021,18.0,1,2,0,1,1,1,1,,3,225,0,,2,2,0,1,(1),(1),1,, -1,2,0,1,50,4,1,3,59,59456,2,1,1,6,PERI GABRIEL(RUE),50.37248,3.23116,17,2,1
202100051014,110Â 483,A01,1,1,1,5,1,-1,-1,-1,0,-1,2021,28.0,1,2,4,0,1,12,1,,1,AUTOROUTE A15,0,,3,6,0,2,7,639,3,, -1,1,0,1,70,19,2,3,95,95018,1,1,0,6, A15,48.9619688867,2.2678476835,1,1,1
202100004512,193Â 708,A01,1,1,2,9,1,-1,-1,-1, -1,-1,2021,25.0,2,2,6,0,1,16,1,,7,GENERAL DE GAULLE                   (AV),0,,2,2,3,1,1,500,1,, -1,2,5,8,50,4,12,5,69,69034,2,2,1,6,GENERAL DE GAULLE (AV),45.80988,4.85731,7,1,1
202100037352,134Â 902,B01,1,1,1,5,1,-1,-1,0,0,-1,2021,71.0,1,2,0,2,3,1,1,,3,624,0,D,2,2,0,1,26,700,1,, -1,1,0,1,50,31,5,1,9,9264,2,1,0,1,25 Avenue des Ecoliers,43.018337,1.610764,9,2,2
202100023158,160Â 224,B01,1,1,2,5,2,6,-1,0,0,-1,2021,17.0,1,1,0,2,1,1,1,,3,136,-1,,2,2,0,1,2,600,1,, -1,1,0,1,80,21,8,1,65,65113,1,9,0,3,D136,43.1950356636,0.3123414983,10,2,2
202100056234,101Â 376,A01,10,3,2,2,0,-1,-1,2,3,1,2021,7.0,1,2,0,1,1,1,1,,4,,0,,2,2,0,1,(1),(1),1,, -1,1,0,1,50,4,1,1,69,69259,2,1,0,6,LEO LAGRANGE (R),45.69851,4.87507,13,2,1
202100034528,140Â 012,A01,1,1,1,1,1,-1,-1,0,0,-1,2021,19.0,3,2,0,2,3,15,1,,4,,-1,,2,1,0,2,(1),(1),2,,3,1,0,1,80,13,6,1,61,61213,1,1,0,1,La ChÃªnelaire,48.458423,-0.104885,13,2,2
202100047208,117Â 383,B01,1,1,1,5,1,0,-1,-1,0,-1,2021,35.0,1,2,0,2,3,1,1,,3,FLANDRES (RUE DE),0,,1,1,0,1,0,300,1,, -1,1,0,1,50,20,3,1,95,95088,2,1,0,3,Route de Flandres,48.9599435432,2.4483618364,15,2,2
202100029212,149Â 541,A01,1,1,1,0,2,6,-1,0,0,-1,2021,18.0,2,1,0,2,1,1,1,,3,73,-1,,2,2,0,1,6,900,1,, -1,1,0,1,50,13,7,1,70,70459,2,2,0,3,D73,47.751018,6.583045,19,2,2
202100019145,167Â 407,B01,1,1,2,0,1,0,-1,-1, -1,-1,2021,56.0,0,2,0,2,1,1,1,,3,SARRIANS ROUTE DE,0,,2,2,0,1,0,1,1,, -1,1,0,1,80,10,9,1,84,84080,1,9,0,1,SARRIANS ROUTE DE,44.04522,4.98486,16,3,3
202100034287,140Â 451,A01,10,3,1,5,0,-1,-1,1,9,1,2021,30.0,1,2,0,1,1,1,1,,3,FALAISE (route de),0,,-1,2,0,1,0,0,1,, -1,1,0,1,50,13,6,3,14,14574,2,1,0,6,D511,49.13442,0.20555,4,2,1
202100019104,167Â 483,C01,1,1,1,1,2,8,-1,-1, -1,-1,2021,34.0,2,1,0,2,4,1,1,,1,A57,0,,3,5,0,1,1,700,1,, -1,1,8,1,50,13,9,2,83,83137,1,1,0,4,A57,43.127275378,5.9747629768,6,5,5
202100001771,198Â 625,A01,1,1,1,5,1,-1,-1,0,0,-1,2021,23.0,1,2,6,0,3,0,1,,3,453,-1,,2,2,0,2,0,900,1,, -1,1,0,1,-1,23,12,5,51,51535,2,1,0,7,Rue de Vindey,48.715865,3.724058,22,1,1
202100034764,139Â 571,B01,1,1,1,0,1,-1,-1,0,0,-1,2021,53.0,1,2,0,2,8,0,1,,3,CREST ROUTE DE,0,,2,2,0,1,13,500,1,, -1,1,2,1,50,12,6,1,26,26362,2,9,0,3,Route de Crest ,44.90395,4.924482,19,3,2
202100030518,147Â 208,A01,10,3,1,-1,0,-1,-1,5,3,1,2021,55.0,2,1,0,1,1,1,1,,3,BLOSSAC (BOULEVARD DE),0,,1,2,1,1,22,600,1,, -1,1,0,1,30,29,6,1,86,86066,2,1,0,6,Boulevard de Blossac,46.81627,0.54494,15,2,1
202100000114,201Â 548,A01,10,3,1,5,0,-1,-1,1,5,1,2021,9.0,2,2,0,1,1,1,1,,4,FLOQUET CHARLES (AVENUE),0,,1,1,0,2,0,0,1,, -1,1,0,1,30,24,9,1,64,64122,2,1,0,6,Avenue Charles Floquet,43.47951,-1.55571,17,2,1
202100029296,149Â 397,A01,1,1,2,5,1,-1,-1,-1, -1,-1,2021,64.0,2,2,6,0,1,14,1,,2,LUCET (RUE),0,,3,4,0,2,(1),(1),4,, -1,2,0,3,40,10,7,1,50,50203,2,1,0,6,LUCET (RUE),49.62213,-1.61342,16,1,1