Num_Acc,id_vehicule,num_veh,place,catu,sexe,trajet,secu1,secu2,secu3,locp,actp,etatp,year_acc,victim_age,senc,catv,obs,obsm,choc,manv,motor,occutc,catr,voie,v1,v2,circ,nbv,vosp,prof,pr,pr1,plan,lartpc,larrout,surf,infra,situ,vma,jour,mois,lum,dep,com,agg_,int,atm,col,adr,lat,long,hour,nb_victim,nb_vehicules
202100043920,123Â 166,A01,10,3,1,5,8,8,-1,2,3,2,2021,11.0,1,2,0,1,0,0,6,,4,ANTOINE MARIE COLIN (R),0,,1,1,0,1,0,0,1,, -1,1,0,1,50,14,4,1,94,94081,2,1,0,3,ANTOINE MARIE COLIN (R),48.8,2.39,15,2,1
202100009086,185Â 465,A01,10,3,2,9,0,-1,-1,3,3,1,2021,70.0,1,2,0,1,2,1,0,,4,JEAN MOULIN (AVENUE),0,,2,-1,0,1,(1),(1),1,, -1,1,0,1,50,6,11,5,60,60057,2,2,0,7,Avenue Jean Moulin,49.43451,2.1057,20,2,1
202100041988,126Â 571,A01,1,1,2,9,1,8,-1,-1, -1,-1,2021,20.0,1,2,3,2,4,23,1,,1,A55-Sens Marseille vers Martigues,0,,1,3,0,1,37,500,1,, -1,2,2,1,90,29,4,1,13,13056,1,1,1,2,A55-Sens Marseille vers Martigues,43.40223,5.04291,11,2,2
202100044406,122Â 305,A01,10,3,2,5,0,-1,-1,1,1,3,2021,50.0,2,2,0,1,1,2,1,,3,D23,-1,,2,2,0,4,17,600,1,, -1,2,0,1,80,11,4,1,10,10145,1,1,1,6,D23,48.321578,3.74873,10,3,1
202100045454,120Â 488,B01,1,1,1,1,2,8,-1,-1, -1,-1,2021,42.0,1,1,0,2,8,1,1,,4,ROSIERS (RUE DES),0,,2,2,0,1,0,0,1,, -1,1,0,1,50,1,4,1,92,92063,2,2,0,3,ROSIERS (RUE DES),48.87047,2.20708,8,2,2
202100032893,142Â 963,A01,1,1,1,5,1,0,-1,-1, -1,-1,2021,81.0,1,5,0,2,1,1,1,,3,ROCADE SUD RD 6161,0,,2,2,0,3,10,864,1,, -1,1,0,1,80,22,6,1,11,11069,1,1,0,2,ROCADE SUD RD 6161,43.20379,2.38094,15,2,2
202100035680,137Â 935,B01,1,1,2,9,1,8,-1,-1, -1,-1,2021,34.0,0,2,0,2,4,2,1,,4,MEUNIERS (AVENUE DES),0,,1,1,0,1,0,0,1,, -1,1,0,1,50,7,6,1,91,91223,2,1,0,2,MEUNIERS (AVENUE DES),48.4404,2.15,16,2,2
202100045514,120Â 387,B01,1,1,1,5,2,6,-1,0,0,-1,2021,29.0,3,1,0,2,1,0,1,,3,12,0,D,2,2,0,4,(1),(1),3,, -1,1,0,1,80,3,4,1,22,22213,1,1,0,1,Le Bouillon,48.502005,-1.998246,16,2,2
202100031694,145Â 107,B01,1,1,1,9,2,6,-1,0,0,-1,2021,22.0,2,1,6,2,1,17,1,,3,D947,-1,,2,2,0,1,(1),(1),1,, -1,1,0,1,70,1,7,1,59,59423,1,1,0,3,Rue de Cassel,50.667193,2.661281,12,3,2
202100012431,179Â 486,B01,2,2,2,4,1,0,-1,-1, -1,-1,2021,35.0,1,2,0,2,8,1,1,,4,MIRAMBEAU (ROUTE DE),0,,2,2,0,2,0,0,2,, -1,1,0,1,30,18,10,1,64,64024,2,1,0,3,Rue de Mirambeau,43.4799038779,-1.509976387,12,5,2
202100048580,114Â 918,A01,1,1,1,5,1,0,-1,-1, -1,-1,2021,21.0,1,2,0,2,1,1,1,,4,SEBASTOPOL (AV DE),0,,2,2,0,1,0,0,1,, -1,1,0,1,30,9,3,1,94,94068,2,2,0,3,SEBASTOPOL (AV DE),48.7940440913,2.5073933601,15,2,2
202100005001,192Â 849,A01,1,1,2,1,1,-1,-1,-1, -1,-1,2021,21.0,2,2,0,2,2,1,0,,1,A6   442.500 A 445.030,0,,3,6,0,1,444,299,1,, -1,1,0,1,130,2,12,5,69,69116,1,1,0,4,A6   442.500 A 445.030,45.83406,4.75899,17,3,3
202100054020,105Â 183,B01,1,1,1,0,1,0,-1,-1, -1,-1,2021,45.0,1,2,0,2,4,2,1,,1,AUTOROUTE A3,0,,3,11,0,1,2,0,1,, -1,2,0,1,90,23,1,1,93,93048,1,1,1,2,AUTOROUTE A3,48.87313,2.4359,11,2,2
202100009263,185Â 147,B01,1,1,1,0,2,8,-1,-1, -1,-1,2021,40.0,0,1,0,2,1,17,1,,4,PETIT CHANGE (BOULEVARD DU),0,,2,2,0,1,(1),(1),1,, -1,1,0,1,50,4,11,1,24,24322,1,3,0,3,PETIT CHANGE (BOULEVARD DU),45.18234,0.74433,12,2,2
202100036246,136Â 891,B01,1,1,1,4,2,8,-1,-1, -1,-1,2021,28.0,3,1,0,2,1,1,1,,4,MERMOZ (AVENUE JEAN),0,,2,4,0,1,(1),(1),1,, -1,1,0,1,50,5,6,1,34,34172,2,2,0,3,MERMOZ (AVENUE JEAN),43.61219,3.88952,12,2,2
202100047991,115Â 956,A01,1,1,1,3,0,-1,-1,0,0,-1,2021,62.0,1,2,17,0,2,14,1,,3,23,-1,,2,2,0,1,2,810,2,, -1,1,0,3,80,15,3,1,18,18124,1,1,0,6,PR 2+810 - RD 23,47.076216,2.09547,16,1,1
202100001723,198Â 711,A01,1,1,1,5,1,-1,-1,0,0,-1,2021,23.0,3,2,0,2,1,1,1,,4,LANGEVIN PAUL (RUE),0,,2,2,0,1,(1),(1),1,, -1,1,0,1,50,19,12,5,34,34032,2,1,0,5,LANGEVIN PAUL (RUE),43.32757,3.26023,0,4,3
202100004165,194Â 306,A01,1,1,1,1,1,-1,-1,0,0,-1,2021,44.0,0,2,0,6,1,19,1,,3,1017,0,,2,2,0,1,15,300,3,, -1,2,0,5,80,6,12,3,60,60238,1,1,1,6,D1017,49.2468358885,2.5863661765,19,1,1
202100055931,101Â 903,A01,10,3,1,5,0,-1,-1,4,3,-1,2021,76.0,1,2,0,1,1,1,1,,4,FONDERE (RUE),0,,1,2,1,1,0,0,1,, -1,1,0,1,50,7,1,1,13,13204,2,1,0,3,FONDERE (RUE),43.3019,5.40045,10,2,1
202100006494,190Â 196,B01,1,1,1,4,1,-1,-1,0,0,-1,2021,43.0,1,2,0,2,3,1,1,,3,904,-1,,2,2,0,1,12,81,1,, -1,1,0,1,50,20,11,1,1,1005,2,1,0,1,165 Rue du 3 Septembre 1944,45.998583,4.900195,13,2,2
202100009307,185Â 066,A01,2,2,1,9,1,0,-1,-1, -1,-1,2021,24.0,3,2,0,2,1,15,1,,4,CHAPIT RE ( RUE DU),0,,1,3,0,1,0,0,1,, -1,1,9,1,70,4,11,5,95,95527,1,9,0,3,circuit 1,48.9983,2.5239,1,3,2
202100024666,157Â 561,B01,1,1,1,0,0,-1,-1,0,0,-1,2021,18.0,2,1,0,2,1,0,5,,7,326,0,,2,2,0,2,2,335,1,, -1,1,8,1,50,9,8,1,45,45234,2,3,0,1,Route de Concyr,47.8196713444,1.9467618513,13,2,2
202100021013,164Â 102,A01,10,3,1,5,0,-1,-1,1,1,1,2021,12.0,1,2,0,1,3,1,1,,3,PARC (AVENUE DU),0,,2,2,0,1,1,906,2,, -1,1,0,1,70,2,9,1,77,77368,1,1,0,6,D1E,48.54318,3.28679,20,2,1
202100045764,119Â 949,B01,1,1,1,0,1,-1,-1,-1, -1,-1,2021,29.0,3,2,0,2,4,9,1,,4,ALLIES (BOULEVARD DES),0,,3,4,0,1,(1),(1),1,, -1,1,0,1,50,31,3,1,35,35051,1,6,0,2,ALLIES (BOULEVARD DES),48.10237,-1.61023,13,3,2
202100036128,137Â 105,B01,1,1,2,0,1,-1,-1,0,0,-1,2021,34.0,1,2,0,0,7,15,1,,3,946,-1,,2,2,0,1,59,500,1,, -1,1,5,1,80,7,6,1,8,8490,1,3,0,3,D946/D977,49.398833,4.715828,17,2,2
202100036353,136Â 716,B01,1,1,1,0,1,-1,-1,-1, -1,-1,2021,52.0,1,2,14,0,1,2,1,,1,A43   13.029 A 15.971,0,,3,4,0,1,14,0,1,, -1,2,0,1,110,4,6,3,69,69288,1,1,1,4,A43   13.029 A 15.971,45.67442,5.03685,21,3,3
202100047800,116Â 313,B01,1,1,2,9,1,0,-1,-1, -1,-1,2021,50.0,1,2,1,0,2,1,1,,4,ONZE NOVEMBRE,0,,2,2,0,1,0,0,1,, -1,1,0,1,50,16,3,1,32,32013,2,1,0,6,ONZE NOVEMBRE,43.64168,0.59369,8,2,2
202100052294,108Â 236,B01,4,2,2,0,1,0,-1,-1, -1,-1,2021,9.0,1,2,0,9,6,9,1,,2,PAUL LACAVE ( AVENUE ),0,,1,1,0,1,(1),(1),1,, -1,2,0,1,50,6,2,4,971,97107,2,1,1,3,PAUL LACAVE ( AVENUE ),16.0454,-61.5629,18,6,2
202100038664,132Â 524,A01,1,1,1,9,8,0,-1,-1, -1,-1,2021,14.0,2,1,1,0,6,1,5,,4,,0,,1,1,0,2,0,0,3,, -1,1,0,4,50,23,5,1,92,92040,2,1,0,6,DEFENSE (DE LA),48.8194699722,2.2615251424,12,1,1
202100050137,112Â 107,B01,1,1,1,1,1,0,-1,-1, -1,-1,2021,39.0,2,2,0,2,4,1,1,,1,86,0,,3,4,0,1,2,700,1,, -1,1,0,1,90,26,2,1,92,92025,1,1,0,2,A86,48.92046,2.2249,11,2,2
202100045501,120Â 407,A01,2,2,2,5,1,-1,-1,0,0,-1,2021,39.0,1,2,2,0,9,17,1,,3,5,-1,D,2,2,0,1,5,494,1,, -1,1,0,8,80,3,4,1,83,83108,1,1,0,6,D5,43.3474332397,5.9720134743,15,2,1
202100046491,118Â 686,A01,1,1,1,2,8,-1,-1,-1,0,-1,2021,16.0,3,1,0,2,1,19,3,,4,PIERREFITTE (RUE DE),0,,2,2,0,2,(1),(1),2,, -1,1,0,1,50,19,3,1,95,95427,2,2,0,3,GENERAL DE GAULLE (AVENUE DU),48.97380642,2.3491537571,7,3,2
202100014569,175Â 666,A01,10,3,1,3,0,-1,-1,2,3,1,2021,86.0,2,2,0,1,2,1,1,,4,MENDES FRANCE (AV PIERRE),0,,2,2,0,1,0,0,1,, -1,1,0,1,50,7,10,1,83,83126,2,1,1,6,MENDES FRANCE (AV PIERRE),43.110255,5.87447,8,2,1
202100017110,171Â 047,A01,10,3,2,0,0,-1,-1,4,3,1,2021,34.0,1,2,0,1,2,1,1,,3,LOUIS TALAMONI (R),0,,3,4,0,1,5,199,1,, -1,1,0,1,50,23,9,1,94,94017,2,1,0,6,LOUIS TALAMONI (R),48.8130997052,2.5127577782,8,3,1
202100047123,117Â 537,B01,1,1,1,0,1,0,-1,-1, -1,-1,2021,38.0,1,2,0,2,8,15,1,,4,BOULEVARD GENERAL DE GAULLE,0,,3,2,3,1,(1),(1),1,, -1,1,0,1,30,21,3,1,44,44109,2,1,0,3,BOULEVARD GENERAL DE GAULLE,47.2051,-1.5379,18,6,2
202100033318,142Â 214,A01,1,1,2,0,1,0,-1,-1, -1,-1,2021,35.0,2,2,0,2,3,20,1,,7,PICOT (AVE DU COLONEL),0,,2,2,0,1,3,700,1,, -1,1,0,1,50,14,6,1,83,83137,2,1,0,3,PICOT (AVE DU COLONEL),43.12698,5.96139,19,4,2
202100043855,123Â 279,B01,1,1,1,1,1,0,-1,-1, -1,-1,2021,39.0,1,2,0,2,5,1,1,,2,N186,0,,3,3,0,1,49,0,1,, -1,1,0,1,90,16,4,5,94,94065,1,1,0,6,A86 INT,48.7538424491,2.3542632476,6,2,2
202100022792,160Â 863,B01,2,2,2,0,8,0,-1,-1, -1,-1,2021,24.0,1,1,0,2,1,1,1,,3,GARE (ROUTE),0,,2,2,0,1,5,60,1,, -1,1,0,1,50,21,8,5,83,83123,2,1,0,3,GARE (ROUTE),43.11922,5.81204,21,6,2
202100001159,199Â 701,A01,1,1,1,9,1,8,-1,-1, -1,-1,2021,24.0,3,2,8,0,0,14,1,,4,BISHOP (Avenue Maurice),0,,2,2,3,1,0,0,1,, -1,1,0,1,30,27,12,4,972,97209,2,1,0,6,BISHOP (Avenue Maurice),14.61108,-61.05421,21,1,1
202100053009,106Â 967,A01,1,1,1,1,1,-1,-1,0,0,-1,2021,36.0,1,2,6,0,0,1,0,,3,900,-1,,2,2,0,1,(1),(1),1,, -1,1,0,1,80,31,1,3,84,84020,1,1,0,7,d900,43.864307,5.300678,22,1,1
202100017292,170Â 742,A01,1,1,1,0,8,-1,-1,0,0,-1,2021,26.0,0,1,0,2,1,13,1,,3,70,-1,,2,2,0,1,(1),(1),3,, -1,1,0,1,80,26,9,1,974,97422,1,1,0,1,Rue Raphael DouyÃ¨re,-21.206216,55.54477,15,6,2
202100031595,145Â 279,A01,1,1,2,5,1,0,-1,0,0,-1,2021,74.0,3,2,1,0,1,13,1,,4,AVENUE DU BEL AIR,0,,2,2,0,1,(1),(1),1,, -1,1,0,1,50,29,6,1,75,75112,2,1,0,6,AVENUE DU BEL AIR,48.845606,2.398112,16,1,1
202100002481,197Â 337,C01,2,2,2,9,8,0,-1,-1, -1,-1,2021,30.0,3,3,0,2,1,1,1,3.0,4,986,0,,2,2,0,1,0,0,1,, -1,1,0,1,30,16,12,1,92,92025,2,1,0,4,GABRIEL PERI (RUE),48.918207,2.238924,9,5,3
202100042691,125Â 323,B01,1,1,1,5,2,8,-1,-1, -1,-1,2021,26.0,2,1,0,2,1,1,1,,4,RABATAU (BOULEVARD),0,,2,3,0,1,0,0,1,, -1,1,0,1,50,24,4,1,13,13208,2,1,0,3,RABATAU (BOULEVARD),43.2754475967,5.3959525356,15,2,2
202100053580,105Â 947,B01,1,1,1,4,8,-1,-1,-1, -1,-1,2021,57.0,2,2,0,2,2,1,1,,1,AUTOROUTE A46 ROCADE EST - RN 346   (XX),0,,1,1,0,2,42,200,1,, -1,1,3,1,50,26,1,1,69,69290,2,3,0,3,SAINT BONNET DE MURE (DE) (CHM),45.69164,4.96799,9,2,2
202100016616,171Â 934,A01,1,1,1,4,1,0,-1,-1, -1,-1,2021,36.0,2,5,0,2,1,2,1,,1,A104,0,,1,2,0,1,20,700,1,, -1,2,0,1,90,27,9,1,77,77517,1,1,1,2,A104,48.898055,2.658831,13,2,2
202100030636,146Â 998,B01,1,1,1,5,1,-1,-1,0,0,-1,2021,20.0,1,2,0,2,1,1,1,,3,125,0,D,2,2,0,1,3,972,1,, -1,2,2,1,80,5,7,1,35,35302,1,1,1,1,D125,48.188253,-2.169585,19,2,2
202100025324,156Â 390,B01,2,2,2,5,1,0,-1,0,0,-1,2021,57.0,2,2,0,2,4,2,1,,4,QUAI D IVRY,0,,1,4,0,1,0,100,1,, -1,1,0,1,70,6,8,1,75,75113,2,1,0,2,QUAI D IVRY,48.826491,2.389146,18,3,2
202100001282,199Â 469,A01,1,1,1,5,2,8,-1,-1, -1,-1,2021,17.0,1,1,6,0,1,1,1,,4,KOENIG (BD DU GENERAL) COTE IMPAIR,0,,2,2,0,1,0,0,1,, -1,2,0,1,50,25,12,2,61,61006,2,3,1,6,ANCIENS LAVOIRS (RUE DES),48.74683,-0.02596,17,1,1
202100034584,139Â 898,B01,1,1,1,0,2,6,-1,-1, -1,-1,2021,57.0,0,1,0,2,1,15,1,,4,RUE DE COMPOSTELLE,0,,2,3,0,1,(1),(1),1,, -1,1,5,1,50,13,6,1,33,33192,2,3,0,3,Rue de Compostelle,44.7929,-0.60537,7,3,2
202100015162,174Â 610,A01,2,2,2,9,0,-1,-1,0,0,-1,2021,86.0,2,2,1,9,5,19,1,,3,165,-1,,2,2,0,2,8,700,1,, -1,2,0,1,80,6,10,1,38,38120,1,4,0,2,route de Lancey,45.2365115541,5.8946250379,14,3,2
202100039603,130Â 798,A01,1,1,1,5,2,0,-1,0,0,-1,2021,27.0,2,1,0,2,1,2,1,,4,AVENUE JEAN JAURES,0,,2,2,0,1,(1),(1),1,, -1,2,0,1,50,16,5,2,75,75119,2,1,1,2,AVENUE JEAN JAURES,48.883855,2.374335,21,2,2
202100002112,198Â 023,A01,1,1,1,0,1,0,-1,-1, -1,-1,2021,31.0,1,5,0,2,7,1,1,,1,A55-Sens Marseille vers Martigues,0,,1,3,0,1,37,200,1,, -1,7,2,2,70,20,12,2,13,13056,1,1,1,3,A55-Sens Marseille vers Martigues,43.40347,5.04153,7,3,2
202100030437,147Â 367,A01,1,1,2,0,1,0,-1,-1, -1,-1,2021,40.0,2,2,0,2,4,2,1,,3,JEAN LOLIVE (AVENUE)(137/FIN ET 134/FIN),0,,-1,3,0,1,0,1,1,, -1,1,0,1,50,6,7,1,93,93055,2,1,0,2,JEAN LOLIVE (AVENUE)(137/FIN ET 134/FIN),48.893017,2.412419,18,2,2
202100030672,146Â 930,A01,1,1,2,1,2,6,-1,-1, -1,-1,2021,43.0,2,1,0,0,0,1,1,,1,A7-Sens Marseille vers Lyon,0,,1,2,0,1,274,0,1,, -1,1,0,1,50,5,7,1,13,13215,1,1,0,7,A7-Sens Marseille vers Lyon,43.37528,5.36054,17,1,1
202100033168,142Â 476,A01,10,3,2,9,0,-1,-1,2,3,1,2021,49.0,1,2,0,1,1,1,1,,4,RTE DE TOULOUSE,0,,2,2,2,1,(1),(1),1,, -1,1,0,1,50,20,6,1,33,33522,2,3,0,6,Route de Toulouse,44.8119,-0.573767,12,2,1
202100047252,117Â 299,A01,1,1,1,9,2,6,-1,0,0,-1,2021,37.0,2,1,0,2,2,1,1,,4,RUE DE SEVRES,0,,2,2,0,1,(1),(1),1,, -1,1,0,1,50,20,3,1,75,75107,2,3,0,2,RUE DE SEVRES,48.847388,2.318207,12,2,2
202100010568,182Â 841,B01,1,1,1,5,2,0,-1,0,0,-1,2021,27.0,1,1,0,2,1,1,1,,4,AVENUE PARMENTIER,0,,2,3,0,1,(1),(1),1,, -1,1,0,1,30,28,10,5,75,75111,2,3,0,3,AVENUE PARMENTIER,48.868643,2.372068,0,2,2
202100010694,182Â 607,B01,1,1,2,1,8,-1,-1,-1, -1,-1,2021,26.0,3,1,0,2,1,19,5,,7,GAMBETTA. BOULEVARD,0,,2,2,0,1,0,1,1,, -1,1,-1,1,50,27,10,1,76,76540,2,2,0,3,GAMBETTA. BOULEVARD,49.43867936,1.1079317167,9,2,2
202100050310,111Â 774,A01,10,3,1,5,0,-1,-1,-1, -1,-1,2021,8.0,3,2,0,1,3,26,1,,4,DU MERIDIEN (QUARTIER),0,,2,2,0,1,0,0,1,, -1,1,0,1,30,24,2,1,91,91687,2,1,1,6,DU MERIDIEN (QUARTIER),48.65665,2.37323,15,2,1
202100003709,195Â 121,A01,10,3,1,0,0,-1,-1,6,1,2,2021,20.0,3,2,1,1,1,9,1,,7,,0,,2,2,0,1,(1),(1),3,, -1,1,0,1,50,9,12,5,6,6027,2,1,0,2,CANNES AVENUE DE (RN7),43.649713,7.140623,23,4,2
202100023393,159Â 802,B01,2,2,1,0,2,6,-1,-1, -1,-1,2021,31.0,1,1,0,2,4,1,1,,1,AUTOROUTE A86,0,,3,6,0,1,27,799,1,, -1,1,1,1,70,20,8,1,93,93064,1,1,0,2,AUTOROUTE A86,48.87268,2.4804,10,3,2
202100011659,180Â 885,B01,1,1,1,0,1,0,-1,-1, -1,-1,2021,50.0,1,2,0,2,4,1,1,,3,GENERAL DE GAULLE (R DU),0,,3,2,0,1,1,0,1,, -1,1,8,1,30,20,10,3,94,94060,2,1,0,2,Rue du GÃ©nÃ©ral de Gaulle,48.780936,2.573074,21,2,2
202100027775,152Â 066,B01,1,1,1,5,2,0,-1,-1, -1,-1,2021,29.0,2,1,0,2,1,1,1,,3,JEAN JAURES (R),0,,2,2,0,1,1,0,1,, -1,1,0,8,50,21,7,1,94,94017,2,1,0,3,Rue Jean JaurÃ¨s,48.8148,2.50649,10,3,2
202100042443,125Â 753,A01,1,1,2,0,1,-1,-1,-1, -1,-1,2021,62.0,0,2,0,2,1,1,1,,4,DUMAS. RUE ALEXANDRE,0,,2,2,0,1,0,0,1,, -1,1,0,1,50,26,4,1,76,76157,2,1,0,1,DUMAS. RUE ALEXANDRE,49.44439,1.03241,18,2,2
202100000869,200Â 187,B01,1,1,1,4,1,0,-1,-1, -1,-1,2021,23.0,3,2,0,2,4,23,1,,4,,0,,3,4,0,1,(1),(1),1,, -1,2,5,1,50,29,12,5,25,25056,2,4,1,2,KENNEDY  BOULEVARD J.F.,47.24185,5.99334,7,2,2
202100024487,157Â 895,B01,1,1,1,5,8,0,-1,-1, -1,-1,2021,19.0,3,0,0,2,1,1,0,,4,CHAMP DE MARS (AVENUE DU),0,,1,1,0,1,(1),(1),1,, -1,1,0,1,-1,23,5,1,73,73011,2,1,0,3,Avenue du Champ de Mars,45.66402,6.38568,12,2,2
202100018163,169Â 144,A01,1,1,1,0,1,0,-1,-1, -1,-1,2021,33.0,0,2,0,2,5,15,1,,7,GARLABAN (AVENUE DU),0,,2,2,0,1,0,100,1,, -1,1,0,1,50,17,9,1,13,13005,2,3,0,3,GARLABAN (AVENUE DU),43.2975,5.57387,11,4,2
202100004584,193Â 580,A01,1,1,1,5,0,-1,-1,0,0,-1,2021,23.0,1,2,2,0,8,14,1,,3,443,-1,,2,2,0,1,68,900,1,, -1,2,0,3,80,5,12,4,10,10005,1,1,1,6,,48.289532,4.514694,23,1,1
202100026849,153Â 727,A01,1,1,2,5,8,0,-1,0,0,-1,2021,21.0,1,1,0,0,0,21,3,,4,BOULEVARD DE L HOPITAL,0,,2,4,3,2,(1),(1),1,, -1,2,0,4,50,27,7,1,75,75113,2,1,1,7,BOULEVARD DE L HOPITAL,48.835764,2.358905,11,1,1
202100003107,196Â 210,A01,10,3,1,5,0,-1,-1,3,3,1,2021,77.0,1,2,0,1,2,1,1,,3,PAPIN (R DENIS),0,,2,2,0,1,0,(1),1,, -1,1,6,8,30,11,12,1,62,62427,2,1,0,7,PAPIN (R DENIS),50.420529,2.946847,12,2,1
202100010908,182Â 232,A01,10,3,2,5,8,8,-1,3,B,1,2021,33.0,2,2,0,1,0,1,0,,4,ILLE ET RANCE (QUAI D'),0,,1,3,3,1,0,0,1,, -1,1,0,1,50,26,10,5,35,35238,2,3,0,6,GRIGNION (DU PERE),48.11123,-1.6868,21,2,1
202100018114,169Â 238,A01,1,1,1,3,8,0,-1,-1, -1,-1,2021,39.0,1,1,0,2,1,16,1,,4,LEOPOLD BISSOL (BOULEVARD),0,,2,2,0,1,0,0,1,, -1,1,0,1,50,18,9,1,972,97209,2,4,0,3,LEOPOLD BISSOL (BOULEVARD),14.6101,-61.0737,8,3,2
202100022263,161Â 845,A01,1,1,1,4,8,0,-1,-1, -1,-1,2021,23.0,2,1,0,2,2,1,0,,4,CHANZY (RUE DU GENERAL),0,,1,1,0,1,(1),(1),1,, -1,1,0,1,50,27,8,1,37,37261,2,2,0,6,CHANZY (RUE DU GENERAL),47.3890866333,0.6730881986,18,2,2
202100009479,184Â 765,C01,1,1,2,5,1,0,-1,-1, -1,-1,2021,31.0,1,2,0,2,4,2,1,,3,SUCY (R DE),0,,2,2,0,1,1,0,1,, -1,2,0,1,50,4,11,2,94,94019,2,1,1,4,Rue de Sucy,48.78657,2.51941,17,3,3
202100026852,153Â 722,A01,1,1,1,1,1,0,-1,0,0,-1,2021,31.0,2,2,7,0,3,13,1,,4,BOULEVARD DE MAGENTA,0,,2,4,0,1,(1),(1),1,, -1,1,0,1,50,27,7,1,75,75110,2,4,0,6,BOULEVARD DE MAGENTA,48.8690033976,2.3625808954,8,1,1
202100013143,178Â 254,A01,1,1,1,0,2,8,-1,-1, -1,-1,2021,26.0,1,1,0,2,8,15,1,,3,913,0,,2,2,0,1,0,0,1,, -1,1,5,1,50,8,10,1,92,92063,2,2,0,3,DOUMER (AVENUE PAUL) EST,48.8830315111,2.1894858778,14,2,2
202100056184,101Â 462,A01,1,1,1,9,2,0,-1,0,0,-1,2021,58.0,1,1,0,0,1,21,5,,4,RUE MICHEL LE COMTE,0,,1,1,0,1,(1),(1),1,, -1,9,0,1,50,4,1,5,75,75103,2,1,0,7,RUE MICHEL LE COMTE,48.862396,2.355522,17,1,1
202100020282,165Â 382,B01,1,1,2,9,1,0,-1,-1, -1,-1,2021,32.0,1,2,0,2,1,1,1,,4,SAINT JACQUES,0,,2,2,0,1,1,0,1,, -1,1,0,1,50,7,9,1,49,49007,2,2,0,1,SAINT JACQUES,47.47383,-0.5755,19,2,2
202100025230,156Â 563,A01,1,1,1,5,1,0,-1,0,0,-1,2021,24.0,1,2,4,0,9,13,1,,1,A72,0,,3,4,0,2,5,900,3,, -1,2,0,1,70,3,8,1,42,42218,1,1,1,6,A72,45.4640171772,4.3832944035,19,1,1
202100043785,123Â 419,B01,1,1,2,5,2,0,-1,-1, -1,-1,2021,4.0,2,1,0,2,2,1,5,,4,GEORGES CLEMENCEAU (RUE),0,,1,1,0,1,(1),(1),1,, -1,1,0,1,50,15,4,1,10,10387,2,1,0,3,GEORGES CLEMENCEAU (RUE),48.29751,4.07485,15,2,2
202100017307,170Â 717,B01,2,2,2,5,1,-1,-1,0,0,-1,2021,65.0,2,2,0,2,2,1,1,,3,4085,-1,,2,2,0,1,101,350,1,, -1,1,0,1,80,24,9,3,4,4039,1,1,0,1,RD 4085,43.843372,6.532504,20,4,2
202100055086,103Â 349,A01,2,2,2,5,8,0,-1,-1, -1,-1,2021,20.0,-1,2,12,0,1,9,1,,1,VAILLANT-COUTURIER (AVENUE PAUL),0,,1,2,0,2,15,500,3,, -1,2,0,4,50,14,1,3,93,93027,1,6,1,6,VAILLANT-COUTURIER (AVENUE PAUL),48.92116,2.37587,2,2,1
202100034420,140Â 208,B01,1,1,1,1,2,6,-1,-1, -1,-1,2021,25.0,2,1,0,2,1,3,1,,1,A4,0,,3,4,0,1,11,500,2,, -1,1,0,1,110,15,6,1,94,94015,1,1,0,6,A4,48.83129,2.53107,8,3,3
202100048479,115Â 108,A01,1,1,1,5,1,-1,-1,0,0,-1,2021,73.0,2,2,1,0,2,1,1,,4,1,0,A,2,2,0,1,0,0,1,"3,7",0,1,0,1,50,9,3,1,16,16073,2,1,1,2,Rue de la Montagne Verte,45.2757661,0.051798,17,1,1
202100046981,117Â 804,C01,1,1,1,5,2,6,-1,0,0,-1,2021,28.0,2,1,0,2,1,1,1,,3,62,-1,,2,2,0,1,6,91,1,, -1,1,0,1,70,23,3,1,41,41180,1,2,0,5,La Chenilliere,47.39507,1.188283,17,3,3
202100015847,173Â 348,A01,1,1,1,5,2,0,-1,-1, -1,-1,2021,36.0,2,1,0,2,4,2,1,,1,AUTOROUTE A1,0,,3,6,0,1,182,586,1,, -1,1,0,1,130,30,9,1,62,62427,1,1,0,2,AUTOROUTE A1,50.397456,2.982774,8,2,2
202100019424,166Â 914,A01,1,1,1,5,1,-1,-1,0,0,-1,2021,48.0,2,2,0,2,3,9,1,,1,63,0,A,3,4,0,1,173,300,1,, -1,1,3,1,110,12,9,1,64,64102,1,9,0,3,PK 173.300 sens Espagne-France,43.481831,-1.44703,11,2,2
202100029341,149Â 319,A01,1,1,1,9,1,0,-1,-1, -1,-1,2021,45.0,1,3,9,1,2,26,2,1.0,3,REPUBLIQUE (AVENUE DE LA),0,,2,2,0,1,1,0,2,, -1,2,0,4,30,12,7,1,93,93064,2,7,1,1,REPUBLIQUE (AVENUE DE LA),48.868301,2.48505,13,4,1
202100046574,118Â 520,B01,1,1,2,5,1,0,-1,-1, -1,-1,2021,66.0,2,2,0,2,1,1,1,,4,SAINTE ANNE (RUE DE),0,,2,2,0,1,0,0,1,, -1,2,0,1,50,25,3,1,87,87085,2,3,1,3,SAINTE ANNE (RUE DE),45.81758,1.27428,10,2,2
202100021126,163Â 895,B01,1,1,1,5,2,-1,-1,0,0,-1,2021,22.0,2,1,0,2,8,15,1,,3,939,-1,,2,2,0,1,86,583,1,, -1,1,0,1,50,3,9,1,17,17193,2,2,0,3,Rue Nationale,46.128977,-1.068474,20,2,2