Num_Acc,id_vehicule,num_veh,place,catu,sexe,trajet,secu1,secu2,secu3,locp,actp,etatp,year_acc,victim_age,senc,catv,obs,obsm,choc,manv,motor,occutc,catr,voie,v1,v2,circ,nbv,vosp,prof,pr,pr1,plan,lartpc,larrout,surf,infra,situ,vma,jour,mois,lum,dep,com,agg_,int,atm,col,adr,lat,long,hour,nb_victim,nb_vehicules
202100014928,175Â 029,B01,1,1,1,4,1,0,-1,-1, -1,-1,2021,55.0,2,5,0,2,4,2,1,,1,A4,0,,3,4,0,1,10,699,1,, -1,1,0,1,90,6,10,1,94,94015,1,1,0,4,A4,48.8274267837,2.5250410209,18,3,3
202100049172,113Â 860,A01,1,1,1,9,1,-1,-1,0,0,-1,2021,61.0,2,2,0,2,2,0,1,,3,106,-1,,2,2,0,1,20,480,1,, -1,1,0,1,80,5,3,1,79,79126,1,2,0,3,,46.17801,-0.366449,13,2,2
202100052186,108Â 430,B01,1,1,2,5,1,-1,-1,0,0,-1,2021,60.0,2,2,0,2,3,26,1,,2,2,0,N,2,3,0,2,84,200,1,, -1,1,0,1,80,7,2,3,971,97103,1,1,0,1,Route Nationale 02,16.257856,-61.604075,19,2,2
202100032163,144Â 264,B01,1,1,2,1,1,-1,-1,0,0,-1,2021,49.0,1,2,0,2,8,1,1,,2,888,-1,F,2,2,0,2,76,850,1,, -1,1,0,1,80,26,6,1,12,12194,1,2,0,3,Rancillac DÃ©mies,44.208538,2.411419,18,2,2
202100045266,120Â 807,C01,1,1,1,5,2,-1,-1,0,0,-1,2021,56.0,2,1,0,2,1,5,5,,3,41,-1,,2,2,0,2,5,500,2,, -1,1,0,1,80,4,4,1,83,83043,1,1,0,5,route dÃ©partementale 41,43.206318,6.295016,10,3,3
202100027305,152Â 920,A01,1,1,2,0,1,8,-1,-1, -1,-1,2021,38.0,2,2,0,2,4,2,1,,1,A50-Sens Aubagne vers Marseille,0,,1,4,0,1,3,200,1,, -1,1,0,1,70,23,7,1,13,13211,1,1,0,2,A50-Sens Aubagne vers Marseille,43.28688,5.43518,17,6,4
202100035631,138Â 027,B01,2,2,1,0,1,-1,-1,0,0,-1,2021,33.0,3,2,2,0,6,9,1,,3,5,0,D,2,2,0,1,76,0,1,, -1,1,0,1,70,9,6,1,13,13100,1,2,0,3,D5,43.809714,4.816223,15,3,2
202100056361,101Â 159,A01,2,2,2,3,1,-1,-1,0,0,-1,2021,65.0,1,2,2,0,3,0,1,,3,47,-1,,2,2,0,2,44,500,2,, -1,2,0,3,80,4,1,2,14,14621,1,1,1,6,Route de Fervaques,49.044141,0.352764,17,2,1
202100015681,173Â 641,A01,2,2,1,5,1,-1,-1,0,0,-1,2021,45.0,3,2,0,0,2,1,0,,3,911,-1,,2,2,0,1,54,360,2,, -1,1,0,3,-1,23,9,1,47,47065,1,1,0,7,la bique,44.370772,0.406537,14,2,1
202100033815,141Â 316,A01,1,1,1,5,2,6,-1,-1, -1,-1,2021,18.0,3,1,0,2,1,13,1,,4,CACHIN MARCEL,0,,2,2,0,1,(1),(1),1,, -1,1,0,1,30,29,4,1,62,62065,2,3,0,3,CACHIN MARCEL,50.401418,2.831105,18,2,2
202100014890,175Â 096,A01,1,1,2,1,2,6,-1,0,0,-1,2021,60.0,1,1,0,2,1,13,1,,4,,-1,,2,2,0,1,(1),(1),3,,4,1,0,1,50,25,8,1,36,36088,2,1,0,3,Avenue du 11 Novembre,46.9390177196,2.0052328706,10,2,2
202100010342,183Â 218,A01,1,1,1,5,2,0,-1,0,0,-1,2021,52.0,1,1,12,0,1,14,3,,4,RUE DE LA GLACIERE,0,,2,2,0,1,(1),(1),1,, -1,1,0,1,30,28,10,5,75,75113,2,1,0,6,RUE DE LA GLACIERE,48.832827,2.34459,1,1,1
202100052776,107Â 392,A01,10,3,2,9,0,-1,-1,3,3,1,2021,90.0,2,2,0,1,3,1,1,,4,GROSLAY (BD DE JUSQU'AU NÂ°23),0,,2,2,0,2,(1),(1),1,, -1,1,0,1,30,1,2,1,35,35115,2,9,0,6,Boulevard de Groslay,48.365407,-1.184708,10,2,1
202100055094,103Â 334,D01,1,1,2,1,1,-1,-1,0,0,-1,2021,24.0,1,2,4,9,9,2,1,,1,16,-1,A,1,2,0,1,155,400,1,, -1,1,0,1,130,15,1,3,80,80804,1,1,0,4,Autoroute A.16 - pk155+400,50.055486,2.005091,19,3,3
202100044678,121Â 850,A01,10,3,1,5,0,-1,-1,2,5,3,2021,15.0,3,1,0,1,1,1,1,,6,CROIZAT ( AVE AMBROISE ),0,,-1,-1,0,1,(1),(1),1,, -1,1,0,1,30,7,4,1,56,56098,2,1,0,6,Parking du GÃ©ant Casino,47.77532,-3.34213,18,2,1
202100044077,122Â 889,B01,1,1,2,9,1,-1,-1,0,0,-1,2021,53.0,0,2,0,2,3,1,1,,4,0,0, -,3,2,0,2,0,0,3,, -1,1,0,1,50,15,4,1,91,91553,2,1,0,4,Route de Saint Germain,48.626613,2.496118,8,3,3
202100002350,197Â 582,A01,1,1,1,5,1,8,-1,-1,0,-1,2021,24.0,1,5,0,2,1,1,1,,2,RN 104,0,,3,4,0,1,10,600,1,, -1,1,0,1,110,18,12,3,95,95028,1,1,0,2,RN 104,49.06219,2.36198,1,2,2
202100054489,104Â 369,A01,10,3,2,0,0,-1,-1,4,3,1,2021,59.0,3,5,0,1,1,1,0,,4,REPUBLIQUE (RUE DE LA) DU 102 AU 200,0,,2,2,1,2,0,0,1,, -1,1,0,1,50,19,1,2,92,92062,2,1,0,6,REPUBLIQUE (RUE DE LA) DU 102 AU 200,48.8844305873,2.237776874,17,2,1
202100029035,149Â 834,A01,2,2,1,5,1,-1,-1,0,0,-1,2021,23.0,0,2,8,0,2,0,1,,4,,-1,,2,2,0,1,(1),(1),1,,4,2,0,1,50,14,7,5,64,64043,2,1,1,7,Chemin du Haut,43.443097,-0.349873,2,3,1
202100024336,158Â 170,A01,1,1,1,5,2,-1,-1,0,0,-1,2021,39.0,2,1,0,0,7,1,1,,3,107,-1,,2,2,0,1,49,50,1,, -1,1,0,1,80,12,8,2,52,52461,1,1,0,7,D107 - Commune de ODIVAL,48.013856,5.399866,20,1,1
202100012339,179Â 679,B01,1,1,1,9,0,-1,-1,0,0,-1,2021,25.0,1,1,0,0,8,1,3,,4,246,-1,,-1,2,0,1,(1),(1),1,, -1,1,0,1,50,17,10,5,33,33056,2,1,0,3,Avenue du GÃ©nÃ©ral de Gaulle,44.931842,-0.634627,22,2,2
202100003716,195Â 106,A01,1,1,1,4,2,6,-1,0,0,-1,2021,21.0,2,1,0,0,8,1,1,,4,PORTE D ASNIERES,0,,1,4,0,1,18,600,1,, -1,2,0,1,70,9,12,5,75,75117,2,1,1,7,PORTE D ASNIERES,48.892762,2.302367,23,1,1
202100008368,186Â 775,A01,1,1,1,4,2,0,-1,0,0,-1,2021,28.0,2,1,0,2,8,5,1,,4,AVENUE CLAUDE VELLEFAUX,0,,2,2,0,2,(1),(1),1,, -1,1,0,1,30,12,11,2,75,75110,2,2,0,1,AVENUE CLAUDE VELLEFAUX,48.875214,2.370333,16,2,2
202100002355,197Â 572,A01,1,1,1,0,1,0,-1,-1, -1,-1,2021,19.0,2,2,0,2,2,12,1,,1,A104,0,,1,-1,0,1,28,100,3,, -1,1,0,1,90,18,12,3,77,77121,1,1,0,6,A104,48.8356202476,2.6652586257,1,2,2
202100004816,193Â 175,A01,2,2,2,5,1,0,-1,0,0,-1,2021,74.0,1,2,11,0,2,14,1,,4,AVENUE DE NOGENT,0,,2,3,1,1,(1),(1),1,, -1,2,0,1,50,4,12,1,75,75112,2,4,0,6,AVENUE DE NOGENT,48.841997,2.449119,15,2,1
202100016144,172Â 784,B01,1,1,2,3,1,0,-1,-1, -1,-1,2021,71.0,3,2,1,2,3,15,1,,4,MASSENET (RUE JULES),0,,2,2,0,1,(1),(1),1,, -1,1,0,1,50,27,9,1,59,59122,2,3,0,3,Rue Jules Massenet,50.1656,3.25923,17,2,2
202100052218,108Â 368,A01,1,1,1,5,1,0,-1,-1, -1,-1,2021,23.0,1,2,6,0,1,14,1,,4,DELZONS (RUE DU PRESIDENT),0,,2,2,0,2,(1),(1),2,, -1,2,0,4,30,7,2,5,15,15014,2,1,1,6,Rue du PrÃ©sident Delzons,44.92927,2.44336,5,1,1
202100047053,117Â 666,A01,1,1,1,0,2,6,-1,0,0,-1,2021,45.0,1,1,0,0,7,15,1,,4,MORILLOT (RUE PAUL),0,,1,1,0,1,(1),(1),2,, -1,1,0,1,50,22,3,1,6,6083,2,1,0,7,MORILLOT (RUE PAUL),43.767679,7.487332,10,1,1
202100017792,169Â 813,B01,1,1,2,1,8,0,-1,-1, -1,-1,2021,31.0,1,1,0,2,8,1,3,,4,MARECHAL DE SAXE                    (R ),0,,2,4,2,1,(1),(1),1,, -1,2,0,1,50,20,9,1,69,69386,2,2,1,6,MARECHAL DE SAXE (R),45.7679420718,4.8440587521,12,3,2
202100054122,105Â 007,A01,10,3,2,0,0,-1,-1,2,3,1,2021,14.0,1,5,0,1,2,1,1,,3,REPUBLIQUE AVENUE DE LA,0,,2,2,0,1,0,0,1,, -1,1,0,1,50,22,1,2,92,92050,2,1,0,6,REPUBLIQUE AVENUE DE LA,48.910534497,2.2197130322,17,2,1
202100022591,161Â 235,A01,1,1,1,0,1,-1,-1,-1, -1,-1,2021,50.0,0,2,0,2,1,1,1,,4,ROCKEFELLER                         (AV),0,,2,2,3,1,(1),(1),1,, -1,1,0,1,50,25,8,1,69,69388,2,3,0,3,ROCKEFELLER (AV),45.7401866847,4.88848418,9,2,2
202100027410,152Â 719,A01,1,1,1,5,8,-1,-1,0,0,-1,2021,76.0,3,4,6,0,9,2,1,,4,,-1,,2,1,0,2,(1),(1),3,,"3,5",1,0,1,50,23,7,1,60,60106,2,1,0,6,182 Rue de la BruyÃ¨re,49.370099,2.456571,19,1,1
202100031670,145Â 145,A01,1,1,2,1,1,-1,-1,0,0,-1,2021,60.0,2,2,0,0,2,1,1,,1,A4,-1,,3,4,0,2,89,800,2,, -1,1,0,2,130,30,6,2,2,2280,1,1,0,7,autoroute A4   PK 89+800,49.10044,3.449251,20,1,1
202100007794,187Â 819,A01,10,3,1,5,0,-1,-1,3,3,1,2021,85.0,2,1,0,1,1,1,3,,4,BOUTLEUX ( RUE ),0,,2,2,0,2,(1),(1),1,, -1,1,9,1,50,10,11,1,62,62119,2,1,0,6,BOUTLEUX ( RUE ),50.53001,2.63538,15,2,1
202100041799,126Â 892,A01,1,1,1,4,1,-1,-1,-1, -1,-1,2021,41.0,2,2,0,2,4,23,1,,4,RUE GENERAL DE LARMINAT,0,,3,4,3,1,(1),(1),1,, -1,1,9,1,50,1,5,1,33,33063,2,1,0,4,Rue GÃ©nÃ©ral de Larminat,44.83331,-0.593,8,4,3
202100041990,126Â 567,A01,1,1,2,5,1,0,-1,-1, -1,-1,2021,32.0,1,2,0,0,9,2,1,,1,AUTOROUTE A21,0,,3,4,0,1,4,199,1,, -1,1,0,1,110,28,4,1,62,62510,1,1,0,6,AUTOROUTE A21,50.437951,2.759886,15,1,1
202100033610,141Â 688,B01,1,1,2,9,1,8,-1,0,0,-1,2021,20.0,2,2,0,2,4,1,1,,2,TEIL (Route du),0,,3,3,0,1,0,400,1,, -1,1,0,1,50,18,6,1,26,26198,2,1,0,4,101 Route du Teil,44.55709,4.72812,20,3,3
202100050489,111Â 448,A01,10,3,1,5,0,-1,-1,2,3,1,2021,75.0,2,2,0,1,1,19,1,,4,HECTOR BERLIOZ (PL),0,,2,2,0,1,1,0,3,, -1,1,0,1,50,23,2,1,94,94078,2,9,0,6,HECTOR BERLIOZ (PL),48.7461389333,2.4468871272,11,2,1
202100020596,164Â 815,A01,10,3,1,5,0,-1,-1,4,3,1,2021,45.0,1,2,0,1,1,1,1,,4,,0,,2,4,0,1,(1),(1),1,, -1,1,0,1,50,4,9,5,75,75117,2,2,0,6,BOULEVARD DE DOUAUMONT,48.8966583837,2.3095630109,0,2,1
202100016198,172Â 687,A01,10,3,1,5,0,-1,-1,2,3,1,2021,61.0,3,2,0,1,2,1,1,,4,STANG BIHAN RUE DE,0,,2,2,0,1,(1),(1),1,, -1,1,0,1,50,27,9,1,29,29232,2,1,0,6,Rue de Stang Bihan,48.01076,-4.09791,10,2,1
202100003204,196Â 043,A01,1,1,1,0,2,6,-1,0,0,-1,2021,19.0,2,1,0,0,4,2,1,,3,8,-1,,2,2,1,2,18,900,3,, -1,2,0,1,70,15,12,1,83,83053,1,1,0,7,DN8 PK 18+900,43.1578393084,5.8444154263,15,1,1
202100043825,123Â 347,A01,9,2,1,4,8,-1,-1,0,0,-1,2021,52.0,1,2,2,0,8,1,3,,3,58,0,D,2,2,0,1,3,20,2,, -1,1,0,3,80,16,4,1,44,44165,1,1,0,6,D58,47.068054,-1.320548,16,5,1
202100010522,182Â 918,A01,1,1,1,5,8,0,-1,-1, -1,-1,2021,62.0,1,5,0,0,3,20,1,,4,FREMUR,0,,2,2,0,2,1,0,1,, -1,1,0,1,50,28,10,1,49,49007,2,1,0,6,FREMUR,47.46207,-0.55883,8,1,1
202100025845,155Â 489,B01,1,1,2,5,1,-1,-1,-1, -1,-1,2021,31.0,2,2,0,2,5,2,1,,7,RD383   7.640 A 11.044,0,,3,8,0,1,9,0,2,, -1,2,0,1,70,31,7,5,69,69029,1,1,1,2,RD383   7.640 A 11.044,45.7386423155,4.90447488,23,3,2
202100022458,161Â 493,A01,1,1,1,1,2,0,-1,-1, -1,-1,2021,21.0,1,1,0,1,1,21,1,,4,Corniche John FitzgÃ©rald Kennedy,0,,2,2,0,1,263,0,1,, -1,1,0,1,50,26,8,1,13,13207,2,1,0,-1,Corniche John FitzgÃ©rald Kennedy,43.2755843906,5.3592141863,17,3,2
202100025003,156Â 961,Z01,1,1,1,5,1,0,-1,-1, -1,-1,2021,28.0,3,0,1,0,1,0,1,,4,ALL DES FOULQUES,0,,2,2,0,1,(1),(1),1,, -1,1,0,1,50,8,8,1,31,31555,2,1,0,-1,ALL DES FOULQUES,43.65397,1.42009,18,1,1
202100018173,169Â 127,A01,2,2,1,5,2,0,-1,0,0,-1,2021,25.0,2,1,0,2,2,7,1,,4,AVENUE DE FLANDRE,0,,3,2,3,1,(1),(1),1,, -1,1,0,6,30,18,9,1,75,75119,2,1,0,3,AVENUE DE FLANDRE,48.889486,2.375143,9,3,2
202100043198,124Â 445,B01,1,1,1,5,1,0,-1,0,0,-1,2021,30.0,1,2,0,2,5,23,0,,4,BOULEVARD PERIPHERIQUE EXTERIEUR SUD,0,,1,4,0,1,(1),(1),1,, -1,2,0,1,70,21,4,1,75,75115,2,4,1,2,BOULEVARD PERIPHERIQUE EXTERIEUR SUD,48.834741,2.266291,13,2,2
202100017722,169Â 948,B01,1,1,1,5,0,-1,-1,0,0,-1,2021,12.0,1,1,0,2,8,13,5,,3,23,-1,,2,2,0,1,27,600,3,, -1,1,0,1,80,22,9,1,71,71029,1,1,0,2,11bis Route de Dole,46.855807,5.363399,17,3,2
202100005066,192Â 722,B01,1,1,2,5,1,8,-1,-1, -1,-1,2021,36.0,2,2,0,2,7,1,1,,4,,0,,2,2,0,1,(1),(1),3,, -1,1,0,1,50,2,12,1,37,37208,2,3,0,3,BALZAC (RUE HONORE DE),47.34984,0.71661,15,2,2
202100045529,120Â 360,A01,10,3,2,2,8,8,-1,4,3,1,2021,12.0,1,3,0,1,2,1,1,1.0,4,REPUBLIQUE (COURS DE LA),0,,2,5,1,1,0,0,1,, -1,2,0,1,50,29,1,2,76,76351,2,2,1,6,REPUBLIQUE (COURS DE LA),49.496,0.12689,7,2,1
202100013580,177Â 443,B01,1,1,1,0,1,0,-1,-1, -1,-1,2021,27.0,1,2,0,2,1,2,1,,3,NONGE (AVENUE EUDOXIE),0,,2,2,0,1,(1),(1),1,, -1,2,0,1,30,12,10,1,974,97411,2,1,1,4,NONGE (AVENUE EUDOXIE),-20.89738,55.49283,11,3,3
202100031929,144Â 674,A01,1,1,1,5,2,6,9,0,0,-1,2021,19.0,1,1,0,2,5,17,1,,3,118,-1,,2,2,0,1,6,640,1,, -1,1,0,1,50,28,6,1,33,33205,2,1,0,3,Lieu Dit Callac,44.590678,-0.375315,18,2,2
202100049167,113Â 870,B01,1,1,1,5,2,6,-1,0,0,-1,2021,76.0,3,1,0,2,7,19,5,,3,60,0,,2,2,0,1,2,200,1,, -1,1,0,1,80,6,3,1,74,74171,1,2,0,3,RD60,46.325916,6.2925,14,2,2
202100032425,143Â 815,A01,1,1,1,1,2,6,-1,-1, -1,-1,2021,37.0,1,1,14,0,1,21,1,,1,A57,0,,3,6,0,1,4,400,1,, -1,1,3,1,70,24,6,2,83,83144,1,1,0,6,A57,43.1409371926,6.001625061,6,1,1
202100048790,114Â 559,B01,1,1,2,0,1,0,-1,-1, -1,-1,2021,57.0,3,2,0,2,1,0,1,,4,GUY MOCQUET (R),0,,2,1,0,1,1,0,1,, -1,1,0,1,50,8,3,1,94,94017,2,3,0,4,GUY MOCQUET (R),48.8192,2.51463,14,2,2
202100013431,177Â 725,A01,1,1,2,0,1,-1,-1,0,0,-1,2021,62.0,3,2,0,0,0,1,2,,7,106,0,D,2,2,0,1,11,700,4,, -1,1,0,3,80,13,10,1,42,42032,1,1,0,7,Route du Val Fleury,45.529708,4.51456,13,1,1
202100019213,167Â 286,A01,1,1,1,1,2,6,-1,-1, -1,-1,2021,24.0,1,1,0,2,2,17,1,,3,EDMONT MICHELET (R),0,,2,2,0,1,1,0,1,, -1,1,0,1,50,13,9,1,94,94043,2,1,0,3,EDMONT MICHELET (R),48.81118,2.36422,18,2,2
202100006443,190Â 280,A01,10,3,1,0,0,-1,-1,3,3,1,2021,95.0,3,2,0,1,1,15,1,,4,GOUDARD (RUE),0,,1,1,0,1,0,0,1,, -1,2,0,1,50,24,11,5,13,13205,2,1,1,6,GOUDARD (RUE),43.29413,5.39425,18,2,1
202100050688,111Â 088,B01,1,1,1,5,2,6,-1,0,0,-1,2021,34.0,1,1,0,2,1,1,1,,2,7,-1,,2,2,0,1,62,55,1,, -1,1,0,1,90,21,2,1,26,26165,1,3,0,3,1150 Route Nationale 7,44.788171,4.849906,16,2,2
202100045606,120Â 212,A01,10,3,1,2,0,-1,-1,2,3,2,2021,5.0,0,1,0,1,1,1,1,,4,BERNABO (Bd),0,,2,2,0,2,(1),(1),1,, -1,1,9,1,50,1,4,1,13,13215,2,1,0,6,BERNABO (Bd),43.337233,5.355687,18,2,1
202100043295,124Â 273,B01,1,1,1,1,2,2,-1,0,0,-1,2021,30.0,2,1,0,2,1,1,1,,4,OLRY (RUE),0,,2,2,0,2,0,0,1,, -1,1,0,1,50,20,4,5,988,98818,2,3,0,3,RUE MARX LANG/RUE OLRY,-22.2721,166.44793,17,2,2
202100022936,160Â 624,B01,1,1,1,3,0,-1,-1,0,0,-1,2021,25.0,2,1,0,0,4,0,5,,3,741,-1,,2,2,0,3,40,500,1,, -1,1,0,1,90,23,8,1,86,86276,1,1,0,2,D741 PK40.500,46.253897,0.523531,14,2,2
202100027660,152Â 279,A01,1,1,2,0,1,0,-1,-1, -1,-1,2021,32.0,1,2,0,2,4,2,1,,1,A507 sens Marseille - Aubagne,0,,1,3,0,2,4,179,1,, -1,1,1,1,70,18,7,1,13,13055,1,1,0,2,A507 sens Marseille - Aubagne,43.32708,5.41927,12,2,2
202100022496,161Â 420,B01,1,1,1,1,2,6,-1,0,0,-1,2021,38.0,2,1,0,2,2,17,1,,3,2562,0,D,2,2,0,1,4,828,1,, -1,1,0,1,50,5,8,1,6,6095,2,4,0,3,103 Route de Draguignan,43.636995,6.864785,19,2,2
202100045156,121Â 016,B01,1,1,2,5,2,4,-1,-1, -1,-1,2021,51.0,3,1,0,2,1,1,0,,4,REPUBLIQUE (RUE DE LA),0,,2,4,1,1,1,0,1,, -1,1,0,1,50,4,4,1,93,93048,2,2,0,3,REPUBLIQUE (RUE DE LA),48.8526186322,2.417927761,8,2,2
202100055239,103Â 084,A01,1,1,1,2,2,-1,-1,0,0,-1,2021,11.0,1,1,0,2,1,19,5,,3,181,-1,,2,2,0,1,23,180,1,, -1,2,0,1,50,14,1,2,56,56120,2,1,1,3,Rue DÃ©sirÃ© Caudal,47.76025,-2.7676,8,2,2
202100002709,196Â 931,A01,10,3,2,3,0,-1,-1,3,3,1,2021,91.0,1,2,0,1,1,1,1,,3,,0,,2,2,0,1,6,640,1,,7,1,0,1,50,18,12,1,35,35228,2,1,1,6,Rue de Dinan,48.579393,-2.058831,11,2,1
202100017218,170Â 869,A01,1,1,1,5,2,6,9,0,0,-1,2021,25.0,1,1,0,0,9,2,1,,3,41,0,D,2,2,0,2,(1),(1),2,, -1,1,0,3,80,25,9,1,68,68025,1,9,0,7,RD41,47.483946,7.299514,15,1,1
202100052912,107Â 139,A01,1,1,1,5,1,0,-1,0,0,-1,2021,27.0,1,2,1,0,1,15,1,,4,RUE ALPHONSE BERTILLON,0,,2,2,0,1,(1),(1),1,, -1,2,0,1,50,1,2,5,75,75115,2,2,1,6,RUE ALPHONSE BERTILLON,48.835397,2.311796,2,1,1
202100021447,163Â 309,B01,1,1,1,5,-1,0,-1,-1, -1,-1,2021,16.0,1,1,0,2,4,15,5,,4,THIONVILLE (ROUTE DE),0,,2,2,0,1,0,0,1,, -1,1,0,1,50,31,8,1,57,57757,2,1,0,2,THIONVILLE (ROUTE DE),49.35186,6.17947,16,2,2
202100038062,133Â 622,B01,1,1,2,5,2,8,-1,-1, -1,-1,2021,53.0,1,1,0,2,8,15,5,,3,HOPITAL STELL (BOULEVARD DE L'),0,,3,4,0,2,0,0,2,, -1,1,5,4,50,26,5,1,92,92063,2,2,0,3,HABY SOMMER (RUE),48.8762818126,2.1857978404,12,2,2
202100032963,142Â 837,A01,1,1,1,9,8,-1,-1,0,0,-1,2021,30.0,1,2,13,0,9,1,1,,3,951,0,,2,2,0,1,9,100,3,, -1,1,0,8,80,10,4,3,45,45087,1,1,0,6,D951-PR 9 + 100,47.573298,2.766066,0,1,1
202100034655,139Â 775,A01,2,2,1,5,1,-1,-1,0,0,-1,2021,20.0,1,2,13,0,1,1,1,,3,155,-1,D,2,2,0,1,(1),(1),1,, -1,1,0,3,70,13,6,1,201,201098,1,1,0,6,Verghia,41.808781,8.764451,6,2,1
202100010290,183Â 315,B01,1,1,1,3,8,0,-1,0,0,-1,2021,71.0,2,5,0,2,2,15,1,,3,MARQUI (AVENUE ALEXANDRE),0,,3,2,0,1,0,970,1,, -1,1,0,1,50,27,10,1,65,65286,2,3,0,3,MARQUI (AVENUE ALEXANDRE),43.10499,-0.04147,19,6,2
202100038591,132Â 655,B01,1,1,2,5,1,-1,-1,-1, -1,-1,2021,20.0,1,2,4,2,4,1,1,,7,M6   455.000 A 455.614,0,,3,4,0,1,455,0,1,, -1,1,0,1,70,23,5,3,69,69382,1,1,0,2,M6   455.000 A 455.614,45.7508884023,4.8225973251,21,2,2
202100023431,159Â 740,B01,1,1,1,5,2,6,-1,0,0,-1,2021,63.0,1,1,0,2,1,1,1,,4,VIEUSSENS (BOULEVARD),0,,2,2,0,1,(1),(1),1,, -1,1,5,1,50,19,8,1,34,34172,2,2,0,3,VIEUSSENS (BOULEVARD),43.59972,3.87548,15,2,2
202100001802,198Â 578,A01,1,1,1,5,0,-1,-1,0,0,-1,2021,46.0,3,2,2,0,7,0,1,,2,RT1,0,A,2,2,0,1,0,0,1,, -1,1,0,3,90,24,12,1,986,98611,1,1,0,6,Ava,-14.298612,-178.085795,14,1,1
202100029082,149Â 764,B01,1,1,2,5,1,0,-1,-1, -1,-1,2021,75.0,2,2,0,2,2,1,1,,2,RN520,0,,2,2,0,1,5,530,1,, -1,1,0,1,80,10,7,1,87,87038,1,1,0,3,RN520,45.90135,1.22692,17,3,2
202100013440,177Â 711,A01,1,1,2,0,0,-1,-1,0,0,-1,2021,64.0,3,2,0,2,5,19,1,,3,1015,0,D,2,2,0,1,196,0,1,, -1,1,0,1,80,14,10,1,80,80062,1,2,0,3,D1015,49.837097,1.765473,15,2,2
202100051157,110Â 234,A01,1,1,1,4,1,8,-1,-1, -1,-1,2021,30.0,0,4,0,0,0,26,1,,7,CÃ´te de la Maison BrÃ»lÃ©e (D132),0,,-1,2,0,1,0,1,2,, -1,2,0,1,50,1,2,5,76,76457,1,6,0,7,CÃ´te de la Maison BrÃ»lÃ©e (D132),49.3449272341,0.9325066306,6,1,1
202100022485,161Â 440,B01,1,1,1,5,8,0,-1,-1, -1,-1,2021,33.0,1,1,0,2,1,1,1,,3,,0,,2,2,0,1,0,1,1,, -1,1,0,1,50,26,8,1,92,92049,2,2,0,1,PERI RUE GABRIEL AUTRES NÂ°,48.8185129648,2.3196036964,8,5,2
202100045287,120Â 773,A01,1,1,1,5,2,-1,-1,0,0,-1,2021,54.0,1,1,0,2,1,17,1,,4,,-1,,2,2,0,1,(1),(1),1,, -1,1,0,1,50,3,4,1,44,44151,1,1,0,3,Rue de la Gare,47.303156,-2.306131,11,2,2
202100048507,115Â 055,A01,1,1,1,1,1,-1,-1,-1, -1,-1,2021,33.0,1,2,0,2,2,2,1,,4,BELLEVUE (TUNNEL) - (QU BELLEVUE COU(XX),0,,2,2,0,1,(1),(1),1,, -1,1,0,1,50,9,3,3,69,69034,2,1,0,2,BELLEVUE (TUNNEL) - (QU BELLEVUE COU(XX),45.7877264497,4.8529314995,20,2,2
202100054239,104Â 802,A01,10,3,2,5,0,-1,-1,4,3,1,2021,71.0,2,1,0,1,1,1,3,,4,RUE DE LOURMEL,0,,2,2,1,1,(1),(1),1,, -1,1,-1,5,30,20,1,1,75,75115,2,2,0,6,RUE DE LOURMEL,48.842163,2.285575,12,2,1
202100035178,138Â 828,A01,1,1,1,1,2,6,9,0,0,-1,2021,32.0,2,1,0,2,1,17,1,,3,62,0,,2,2,0,1,19,79,1,, -1,1,0,1,80,11,6,1,57,57574,1,1,0,1,D62,49.481304,6.204835,18,2,2
202100004012,194Â 569,B01,1,1,1,0,1,0,-1,-1, -1,-1,2021,43.0,1,2,0,2,4,2,1,,4,CHARLES DE GAULLE,0,,2,2,1,1,(1),(1),1,, -1,2,0,1,50,8,12,5,64,64348,1,1,1,4,CHARLES DE GAULLE,43.31075,-0.41191,18,3,3
202100047583,116Â 709,B01,1,1,1,3,-1,0,-1,-1, -1,-1,2021,42.0,1,2,0,2,4,1,1,,1,A507 sens Marseille - Aubagne,0,,1,4,0,1,8,239,1,, -1,1,1,1,70,18,3,1,13,13055,1,1,0,2,A507 sens Marseille - Aubagne,43.292485,5.424302,9,2,2
202100015078,174Â 754,A01,10,3,1,1,0,-1,-1,9,3,1,2021,33.0,0,2,0,1,1,26,0,,4,LAFFEMAS RUE BARTHELEMY DE (101),0,,2,2,0,1,(1),(1),1,, -1,1,0,1,20,5,10,1,26,26362,2,9,0,6,14 Rue BarthÃ©lÃ©my de Laffemas,44.91907,4.91713,12,2,1
202100001815,198Â 554,B01,1,1,1,5,2,-1,-1,0,0,-1,2021,19.0,2,1,0,2,1,1,1,,3,102,0,D,2,2,0,2,23,100,1,, -1,1,0,1,50,23,12,3,35,35304,1,1,0,1,D102,48.312314,-1.430658,19,2,2
202100014178,176Â 350,B01,2,2,1,0,2,6,-1,-1, -1,-1,2021,9.0,1,1,0,2,7,1,1,,4,PORT (RUE DU),0,,2,2,0,1,(1),(1),1,, -1,1,0,1,50,9,10,1,33,33529,2,3,0,2,PORT (RUE DU),44.63693,-1.14456,9,3,2
202100004445,193Â 818,A01,1,1,1,1,2,6,-1,0,0,-1,2021,17.0,1,1,0,2,1,17,1,,3,,-1,,2,2,0,1,(1),(1),1,,5,2,0,1,50,6,12,2,3,3254,2,1,1,3,Rue du Champ Feuillet,46.306728,3.286479,17,2,2