Num_Acc,id_vehicule,num_veh,place,catu,sexe,trajet,secu1,secu2,secu3,locp,actp,etatp,year_acc,victim_age,senc,catv,obs,obsm,choc,manv,motor,occutc,catr,voie,v1,v2,circ,nbv,vosp,prof,pr,pr1,plan,lartpc,larrout,surf,infra,situ,vma,jour,mois,lum,dep,com,agg_,int,atm,col,adr,lat,long,hour,nb_victim,nb_vehicules
202100039753,130Â 525,B01,1,1,1,0,1,-1,-1,0,0,-1,2021,56.0,2,2,0,2,8,1,1,,3,951,0,,2,3,0,2,36,640,1,, -1,2,0,1,90,11,5,1,36,36172,1,1,1,3,CD 951,46.639301,1.379471,10,2,2
202100021015,164Â 097,B01,1,1,2,5,2,6,-1,-1, -1,-1,2021,23.0,-1,1,0,0,0,2,1,,3,RD 409 panneau ONF Ã  LIBERATION,0,,2,2,0,1,9,0,1,, -1,1,0,1,70,29,8,1,77,77186,1,1,0,6,RD 409 panneau ONF Ã  LIBERATION,48.413543,2.644731,16,2,2
202100018859,167Â 938,B01,1,1,2,0,1,-1,-1,0,0,-1,2021,28.0,1,2,0,2,1,1,1,,3,939,0,,2,2,0,1,6,450,1,, -1,1,0,1,80,16,9,1,28,28183,1,2,0,3,D939,48.324899,1.930482,19,2,2
202100037260,135Â 078,B01,1,1,1,0,2,8,-1,-1, -1,-1,2021,18.0,1,1,0,2,1,1,6,,3,VERDUN (AVENUE DE),0,,2,2,0,2,0,0,1,, -1,1,5,1,50,3,5,1,28,28085,2,2,0,3,VERDUN (AVENUE DE),48.45464,1.47397,13,3,2
202100037510,134Â 618,A01,1,1,1,5,2,6,-1,0,0,-1,2021,63.0,2,1,0,2,1,13,1,,3,114,-1,,2,2,0,2,23,900,3,, -1,1,0,1,80,31,5,1,34,34333,1,9,0,1,cd114 lieu dit le mas neuf,43.503274,3.781947,14,2,2
202100019981,165Â 915,A01,1,1,1,4,1,-1,-1,0,0,-1,2021,61.0,1,4,3,0,7,14,1,,1,26,-1,,3,4,0,1,338,100,1,, -1,2,0,1,130,9,9,1,51,51545,1,1,1,7,A26,48.7130359539,4.2132470835,14,1,1
202100052700,107Â 530,A01,1,1,1,1,1,5,-1,-1, -1,-1,2021,43.0,2,2,0,2,2,1,1,,4,VERDUN (RUE DE),0,,2,2,0,1,0,0,1,, -1,1,0,1,50,28,1,1,93,93027,2,1,0,3,VERDUN (RUE DE),48.93118,2.41469,14,2,2
202100052896,107Â 168,B01,1,1,1,2,2,6,-1,-1, -1,-1,2021,16.0,1,1,0,2,4,1,1,,4,DE JOUVENEL (BOULEVARD HENRI),0,,2,2,0,1,(1),(1),1,, -1,1,0,1,50,29,1,1,19,19031,2,1,0,2,DE JOUVENEL (BOULEVARD HENRI),45.15978,1.52333,17,2,2
202100001066,199Â 859,B01,1,1,1,1,2,6,-1,-1, -1,-1,2021,29.0,2,1,0,2,1,1,1,,3,JEAN JAURES (R),0,,2,4,0,1,1,0,1,, -1,1,0,1,50,28,12,5,94,94046,2,3,0,3,Rue Jean JaurÃ¨s,48.79562,2.43383,19,3,2
202100007900,187Â 618,A01,1,1,1,1,1,-1,-1,0,0,-1,2021,21.0,3,2,8,0,8,1,1,,4,,0,,2,2,0,1,(1),(1),3,,5,2,0,1,80,17,11,2,44,44188,1,1,0,6,L Ouvrardiere,47.025319,-1.5971,7,1,1
202100033178,142Â 459,A01,1,1,2,5,0,-1,-1,-1, -1,-1,2021,18.0,2,1,0,2,1,19,3,,4,MARECHAL JOFFRE (DU)                (QU),0,,1,2,3,1,(1),(1),1,, -1,1,0,1,50,15,6,2,69,69382,2,3,0,3,MARECHAL JOFFRE (Q),45.75265,4.82461,20,4,2
202100049578,113Â 135,A01,2,2,1,0,1,0,-1,-1, -1,-1,2021,4.0,1,2,0,2,1,2,1,,1,AUTOROUTE A1,0,,3,8,0,1,1,200,1,, -1,1,1,1,90,2,3,1,93,93066,1,1,0,2,AUTOROUTE A1,48.91215,2.35812,17,3,2
202100034195,140Â 628,A01,1,1,2,1,1,-1,-1,-1, -1,-1,2021,25.0,1,2,3,0,2,21,1,,1,AUTOROUTE A 10,0,,3,6,0,1,532,99,1,, -1,1,0,1,130,15,6,1,33,33143,1,1,0,6,,44.965799,-0.439371,20,4,3
202100028311,151Â 088,B01,2,2,1,9,1,0,-1,0,0,-1,2021,24.0,3,2,1,2,8,1,1,,4,,0,,2,1,0,3,(1),(1),1,, -1,1,0,1,50,18,7,1,6,6123,2,9,0,3,OSSOLA JEAN BOULEVARD,43.666077,7.19021,13,3,2
202100054346,104Â 620,A01,1,1,1,3,2,0,-1,0,0,-1,2021,47.0,1,1,0,2,2,1,1,,7,SAUVAIGO PIERRE AVENUE,0,,2,2,0,1,0,0,1,, -1,1,5,1,50,19,1,5,6,6123,2,3,0,3,SAUVAIGO PIERRE AVENUE,43.665564,7.18669,19,2,2
202100031070,146Â 206,B01,2,2,2,4,1,-1,-1,-1, -1,-1,2021,48.0,1,2,0,2,7,2,1,,4,LA NEUVILLETTE (RUE),0,,2,2,0,1,(1),(1),1,, -1,1,0,1,50,2,7,1,51,51474,2,3,0,3,Rue de la Neuvillette,49.26589,3.99349,17,3,2
202100005772,191Â 476,A01,1,1,1,5,1,0,-1,0,0,-1,2021,41.0,1,2,0,2,4,2,1,,4,PORTE D IVRY,0,,1,4,0,1,1,800,1,, -1,2,0,1,70,27,11,1,75,75113,2,1,1,2,PORTE D IVRY,48.818397,2.369347,12,2,2
202100016594,171Â 974,A01,10,3,1,5,0,-1,-1,1,3,1,2021,85.0,1,5,0,1,1,1,1,,7,543,0,D,2,2,0,2,20,0,1,, -1,1,0,1,30,27,9,1,13,13032,2,1,0,1,Rue du Grand Logis,43.56846,5.354993,9,2,1
202100011121,181Â 855,A01,2,2,1,4,1,0,-1,-1, -1,-1,2021,27.0,2,2,0,0,0,0,1,,2,PARIS (R DE),0,,3,4,0,1,1,0,1,, -1,2,5,1,50,25,10,1,94,94078,2,9,1,3,Rue de Paris,48.75503,2.44439,9,3,2
202100022077,162Â 163,B01,1,1,2,0,2,-1,-1,-1, -1,-1,2021,33.0,1,1,0,2,7,1,0,,4,PASSE DEBOUT (RUE),0,,1,2,0,1,(1),(1),2,, -1,1,0,1,50,28,8,1,45,45302,2,6,0,3,Rue Passe Debout,47.9369299793,1.8869871497,15,3,2
202100044253,122Â 567,A01,1,1,1,1,1,0,-1,0,0,-1,2021,24.0,1,2,0,2,1,19,1,,7,CLOS NOTRE DAME (RUE DU),0,,1,2,0,1,(1),(1),1,, -1,1,0,1,50,12,4,2,63,63113,2,2,0,3,FONTGIEVE (RUE),45.78219,3.07299,6,2,2
202100013659,177Â 295,A01,10,3,1,5,0,-1,-1,1,3,1,2021,51.0,2,2,0,1,2,26,1,,1,VA007440 LES MINIMES A620 Sortie 31,0,,3,0,0,1,3,647,1,, -1,1,0,1,90,11,10,4,31,31555,1,1,0,6,VA007440 LES MINIMES A620 Sortie 31,43.62049,1.41836,0,2,1
202100008332,186Â 835,A01,1,1,1,0,2,-1,-1,0,0,-1,2021,79.0,1,1,0,2,1,1,1,,3,765,0,,2,2,0,1,64,107,1,,4,1,0,1,50,8,11,2,56,56007,2,1,0,3,Rue AbbÃ© Philippe le Gall,47.672986,-2.99836,17,2,2
202100050351,111Â 700,A01,1,1,1,0,2,6,-1,-1, -1,-1,2021,19.0,1,1,1,2,1,1,1,,4,ALEXANDRE DUMAS (RUE),0,,2,2,0,1,(1),(1),1,, -1,1,0,1,50,23,2,1,13,13208,2,3,0,3,ALEXANDRE DUMAS (RUE),43.2636522655,5.3894698158,17,2,2
202100044195,122Â 677,A01,1,1,2,9,0,-1,-1,0,0,-1,2021,54.0,1,2,3,0,2,2,0,,3,111,-1,,2,2,0,1,19,490,1,, -1,1,2,3,50,14,4,1,41,41209,2,9,0,6,Rd 111,47.843997,1.111548,18,1,1
202100046306,119Â 006,B01,2,2,2,5,2,6,9,0,0,-1,2021,31.0,2,1,0,2,7,1,1,,1,,-1,,1,-1,-1,1,33,500,3,, -1,1,3,1,-1,13,3,1,13,13022,1,3,0,3,route dÃ©partementale 559A,43.224161,5.58305,15,3,2
202100033277,142Â 290,B01,1,1,1,5,2,-1,-1,0,0,-1,2021,69.0,3,1,0,2,3,19,5,,7,1532,0,D,4,3,0,1,44,96,1,, -1,1,5,1,50,16,6,1,38,38540,2,1,0,3,D1532,45.268218,5.620357,10,2,2
202100046881,117Â 974,A01,1,1,1,4,2,-1,-1,0,0,-1,2021,33.0,0,1,0,2,2,11,1,,4,QUATORZE JUILLET 1789 (AVENUE DU),0,,3,4,0,1,(1),(1),1,, -1,1,0,1,50,19,3,1,80,80021,2,1,0,2,QUATORZE JUILLET 1789 (AVENUE DU),49.87137,2.28042,11,2,2
202100025430,156Â 205,A01,10,3,1,0,0,-1,-1,5,3,1,2021,21.0,3,2,0,1,1,19,1,,4,LYONS LA FORET. RUE DE,0,,-1,2,0,1,0,0,1,, -1,1,0,1,30,5,8,1,76,76540,2,1,0,6,LYONS LA FORET. RUE DE,49.43791,1.11857,7,2,1
202100012368,179Â 609,B01,1,1,1,0,2,0,-1,-1, -1,-1,2021,54.0,1,1,0,2,0,17,1,,1,AUTOROUTE A86,0,,1,2,0,2,13,0,1,, -1,1,3,1,70,18,10,1,93,93066,1,1,0,2,AUTOROUTE A86,48.9229344984,2.3450405446,17,2,2
202100013345,177Â 895,B01,1,1,1,1,2,6,9,0,0,-1,2021,17.0,2,1,0,2,4,26,1,,3,,-1,D,2,1,0,1,1,777,3,,4,1,5,1,50,15,10,5,72,72080,2,6,0,3,Les carriÃ¨res,48.169735,0.669222,7,2,2
202100029959,148Â 245,A01,1,1,2,3,1,0,-1,-1, -1,-1,2021,49.0,1,2,0,2,1,1,1,,4,EUROPE (AVENUE DE L'),0,,2,2,0,2,0,1,1,, -1,2,0,1,50,8,7,1,74,74012,2,1,1,4,EUROPE (AVENUE DE L'),46.17731,6.23877,17,3,3
202100052284,108Â 252,A01,1,1,1,5,1,-1,-1,0,0,-1,2021,18.0,2,2,8,0,1,1,1,,3,22,-1,,2,2,0,1,13,(1),2,, -1,2,0,3,80,7,2,3,74,74287,1,1,0,6,Rte du Val d'Hermone,46.298258,6.53061,20,1,1
202100042262,126Â 087,B01,2,2,1,0,1,-1,-1,0,0,-1,2021,28.0,1,2,0,2,2,1,1,,3,909,-1,,2,2,2,1,28,650,1,, -1,1,0,1,50,26,3,1,74,74239,2,1,0,1,Rte de Thones,45.921752,6.405914,10,3,2
202100026774,153Â 863,A01,1,1,2,1,1,-1,-1,-1, -1,-1,2021,28.0,2,2,5,0,3,1,1,,7,312                                     ,0,,2,2,0,1,2,900,1,, -1,1,0,3,70,27,7,1,69,69276,1,1,0,7,312                                     ,45.66963,4.84685,10,3,1
202100037016,135Â 537,B01,4,2,1,5,1,8,-1,0,0,-1,2021,20.0,0,2,0,2,1,1,1,,4,SAINTE PERPETUE (RUE),0,,1,1,0,1,0,0,1,, -1,1,0,1,50,29,5,5,30,30189,2,2,0,6,SAINTE PERPETUE (RUE),43.8369,4.3768,1,3,2
202100042507,125Â 639,A01,1,1,1,1,8,0,-1,0,0,-1,2021,47.0,1,1,0,0,0,1,5,,4,RUE D ABOUKIR,0,,1,1,1,1,(1),(1),1,, -1,1,0,1,30,26,4,1,75,75102,2,2,0,7,RUE D ABOUKIR,48.868587,2.34973,8,1,1
202100045181,120Â 976,A01,1,1,1,5,0,-1,-1,0,0,-1,2021,45.0,3,1,0,0,1,1,1,,4,,-1,,2,2,0,1,(1),(1),1,, -1,1,0,1,50,4,4,2,27,27002,2,1,0,7,14 bis Rue du Pressoir,48.759029,1.108635,19,1,1
202100003868,194Â 838,A01,1,1,2,1,1,-1,-1,0,0,-1,2021,24.0,2,2,0,2,5,17,1,,1,6,-1,,3,5,0,1,402,700,1,, -1,5,0,1,130,10,12,2,71,71481,1,1,1,5,A6 PK 402.700 SENS LYON-PARIS,46.186308,4.772605,8,3,3
202100006382,190Â 387,B01,1,1,1,5,1,8,-1,-1, -1,-1,2021,28.0,2,2,0,2,4,2,1,,4,DALADIER (Pont),0,,2,2,0,1,1,0,1,, -1,1,2,1,50,4,9,2,84,84007,2,9,0,4,DALADIER (Pont),43.951566,4.799736,5,6,4
202100045461,120Â 475,B01,1,1,1,5,2,8,-1,-1, -1,-1,2021,33.0,2,1,0,2,1,1,5,,3,CIRCULAIRE (BOULEVARD),0,,4,3,1,3,0,0,3,, -1,1,0,5,50,2,4,1,92,92026,2,3,0,1,Boulevard Circulaire,48.8909017899,2.2476804256,15,2,2
202100048349,115Â 334,A01,1,1,1,0,1,-1,-1,-1, -1,-1,2021,57.0,2,2,0,2,1,13,1,,1,ROCADE A 630,0,,3,10,0,1,33,992,1,, -1,2,3,1,90,11,3,1,33,33039,1,1,0,3,ROCADE A 630,44.80169,-0.53414,17,2,2
202100054358,104Â 597,A01,1,1,2,5,1,0,-1,0,0,-1,2021,23.0,2,2,1,2,3,1,1,,4,RUE SAINT CHARLES,0,,1,1,0,1,(1),(1),1,, -1,1,0,1,50,18,1,5,75,75115,2,2,0,3,RUE DE JAVEL,48.844758,2.283908,21,2,2
202100034133,140Â 752,A01,2,1,2,0,2,0,-1,-1, -1,-1,2021,69.0,1,1,2,2,1,1,1,,4,,0,,1,3,3,1,0,0,1,, -1,1,9,8,50,16,6,1,92,92012,2,1,0,2,ANDRE MORIZET (AVENUE) - 49/FIN - 54/FIN,48.8403285866,2.2293823957,18,2,2
202100022446,161Â 515,A01,1,1,1,4,2,6,-1,-1, -1,-1,2021,24.0,1,1,0,2,1,1,1,,4,RUE DE LA MISSION DU HAUT BRION,0,,2,2,0,1,(1),(1),2,, -1,1,0,1,50,26,8,1,33,33522,2,1,0,1,Avenue de la Mission Haut-Brion,44.812609,-0.605825,8,2,2
202100025115,156Â 761,B01,1,1,1,5,1,8,-1,-1, -1,-1,2021,72.0,2,2,0,2,3,1,1,,7,GRIMONPONT (QUAI DU),0,,2,2,0,1,(1),(1),3,, -1,2,0,1,80,7,8,3,59,59512,2,1,1,1,GRIMONPONT (QUAI DU),50.68904,3.21144,21,2,2
202100033785,141Â 380,A01,10,3,2,2,0,-1,-1,1,3,1,2021,16.0,3,2,0,1,3,2,1,,4,BELLE-PLAINE (ROUTE DE),0,,2,2,0,1,(1),(1),1,, -1,2,0,1,50,17,6,1,971,97113,1,1,1,6,BELLE-PLAINE (ROUTE DE),16.21443,-61.49482,7,2,1
202100000991,199Â 985,A01,1,1,1,1,2,6,-1,-1, -1,-1,2021,21.0,3,1,0,0,7,1,1,,4,MANUTENTION (RUE DE LA ),0,,2,0,0,1,(1),(1),1,, -1,2,0,1,50,28,12,1,71,71076,2,1,1,7,MANUTENTION (RUE DE LA ),46.78206,4.84138,12,1,1
202100037290,135Â 018,A01,1,1,1,5,8,0,-1,0,0,-1,2021,28.0,1,1,0,2,1,2,5,,4,RUE FABRE D EGLANTINE,0,,2,2,0,1,(1),(1),1,, -1,1,0,1,50,31,5,1,75,75112,2,1,0,2,RUE FABRE D EGLANTINE,48.847178,2.395696,18,2,2
202100054665,104Â 069,A01,1,1,2,0,1,0,-1,-1, -1,-1,2021,61.0,2,2,12,0,2,14,1,,4,MOUTTE (ROUTE DE),0,,2,2,0,2,0,0,1,, -1,1,0,3,50,17,1,1,972,97209,1,1,0,6,MOUTTE (ROUTE DE),14.62404,-61.0511,12,1,1
202100013900,176Â 856,A01,10,3,1,1,0,-1,-1,5,9,1,2021,38.0,1,2,1,2,2,20,1,,4,GARE (AVENUE DE LA),0,,1,1,0,1,0,0,1,, -1,1,0,1,50,11,10,1,93,93078,2,1,0,5,GARE (AVENUE DE LA),48.9457,2.56463,16,3,2
202100045807,119Â 876,A01,10,3,2,5,0,-1,-1,3,3,2,2021,3.0,0,2,0,1,3,9,1,,4,GARE (AVENUE DE LA),0,,-1,1,0,1,0,0,1,, -1,1,0,1,50,31,3,1,93,93078,2,1,0,6,GARE (AVENUE DE LA),48.94542,2.56499,17,3,1
202100051799,109Â 110,A01,1,1,2,9,1,0,-1,-1, -1,-1,2021,20.0,2,2,0,2,1,26,1,,4,CUCILLE (AVENUE DE),0,,2,2,0,1,(1),(1),1,, -1,5,0,1,50,10,2,1,35,35238,2,1,1,1,CUCILLE (AVENUE DE),48.12885,-1.69534,16,2,2
202100024192,158Â 426,A01,2,2,1,3,2,6,-1,0,0,-1,2021,22.0,2,1,0,6,1,1,1,,3,877,-1,,2,2,0,1,23,800,1,, -1,1,0,1,80,15,8,1,8,8436,1,1,0,6,D877,49.91229,4.469043,11,2,1
202100028935,150Â 010,A01,1,1,2,5,1,-1,-1,0,0,-1,2021,73.0,2,2,0,2,1,1,1,,3,306,0,D,2,2,0,1,13,800,1,, -1,2,0,1,50,15,7,1,69,69206,2,1,1,4,LEON FOILLARD (AV),46.052446,4.722147,17,6,4
202100047072,117Â 630,A01,1,1,1,5,2,-1,-1,0,0,-1,2021,38.0,2,1,0,0,1,0,5,,4,,-1,,2,2,0,2,(1),(1),4,, -1,1,0,1,50,22,3,1,6,6149,1,1,0,6,Route de Villefranche,43.729933,7.309577,13,1,1
202100048253,115Â 498,A01,2,2,2,0,1,8,-1,-1, -1,-1,2021,30.0,1,2,0,2,1,1,1,,3,AQUITAINE (AVENUE DE L'),0,,2,3,0,1,5,735,1,, -1,2,0,1,50,12,3,1,64,64102,2,1,0,2,AQUITAINE (AVENUE DE L'),43.4867,-1.46371,13,3,2
202100045162,121Â 004,A01,1,1,2,0,2,0,-1,-1, -1,-1,2021,32.0,1,1,0,2,1,1,1,,3,912,0,,3,2,0,1,0,0,1,, -1,1,0,1,50,4,4,1,92,92024,2,2,0,3,VICTOR HUGO (BD),48.90084,2.31595,12,2,2
202100020812,164Â 443,A01,1,1,1,5,1,0,-1,-1, -1,-1,2021,19.0,2,2,4,0,1,9,1,,2,RN12 EXT,0,,-1,2,0,1,33,0,1,, -1,2,0,1,110,5,9,3,78,78490,1,1,1,6,RN12 EXT,48.8,1.96823,1,1,1
202100035440,138Â 364,C01,1,1,1,1,1,0,-1,-1, -1,-1,2021,28.0,1,1,0,2,1,3,1,,1,A4,0,,3,8,0,1,15,0,1,, -1,1,0,1,110,10,6,1,93,93051,1,1,0,5,A4,48.8350147902,2.5786737505,18,3,3
202100034290,140Â 447,B01,1,1,1,5,1,-1,-1,0,0,-1,2021,78.0,1,2,0,2,4,1,1,,2,ECHANGEUR NÂ° 10 ( ETERVILLE ),0,,3,4,0,1,16,500,1,, -1,1,0,1,110,15,6,1,14,14254,1,1,0,2,N814,49.14741,-0.41093,9,3,2
202100049571,113Â 150,A01,1,1,1,1,1,0,-1,-1, -1,-1,2021,37.0,1,2,0,9,3,1,1,,1,A7-Sens Lyon vers Marseille,0,,2,3,0,2,278,0,1,, -1,1,0,1,70,2,3,1,13,13214,1,1,0,6,A7-Sens Lyon vers Marseille,43.3379,5.3768,17,1,1
202100023386,159Â 816,A01,1,1,1,5,2,-1,-1,0,0,-1,2021,17.0,2,1,0,2,1,5,5,,3,964,0,D,2,2,0,4,(1),(1),3,, -1,1,0,1,50,20,8,1,59,59659,2,9,0,1,Rue de Verdun,50.018129,4.023904,18,2,2
202100047435,116Â 977,A01,1,1,1,0,8,-1,-1,0,0,-1,2021,26.0,2,2,3,0,3,6,1,,3,675,0,,2,2,0,1,54,800,1,, -1,7,2,1,80,20,3,2,87,87154,1,1,0,6,Le Pont Ã  la Planche,45.922143,0.93799,6,1,1
202100050202,111Â 977,B01,1,1,1,5,1,0,-1,-1, -1,-1,2021,17.0,2,1,0,2,4,2,5,,4,GIONO JEAN (AV),0,,2,2,0,1,1,0,1,, -1,1,0,1,50,25,2,5,13,13001,2,1,0,2,GIONO JEAN (AV),43.5143430961,5.4388183355,18,2,2
202100022209,161Â 947,A01,10,3,2,0,0,-1,-1,4,3,1,2021,75.0,2,2,0,1,1,26,2,,4,FONDERIE (RUE DE LA),0,,2,2,0,1,0,0,2,, -1,1,0,1,50,26,8,1,72,72181,2,1,0,6,FONDERIE (RUE DE LA),48.00658,0.18915,13,2,1
202100031400,145Â 629,A01,1,1,1,4,1,-1,-1,-1, -1,-1,2021,32.0,2,2,3,0,1,14,1,,1,A43   9.894 A 13.029,0,,1,4,0,1,11,0,1,, -1,1,0,3,130,2,7,1,69,69287,1,1,0,7,A43   9.894 A 13.029,45.68661,4.9983,14,1,1
202100040565,129Â 106,B01,1,1,1,5,2,-1,-1,0,0,-1,2021,73.0,2,1,0,2,7,19,5,,4,,-1,,2,2,1,1,(1),(1),1,,4,1,9,1,30,10,5,1,33,33005,2,9,0,3,Avenue de Gascogne,44.732006,-1.077642,13,2,2
202100018545,168Â 485,A01,1,1,1,0,8,0,-1,-1, -1,-1,2021,50.0,0,1,7,0,0,26,5,,4,PARADIS (RUE DU),0,,-1,2,0,1,(1),(1),1,, -1,1,0,4,50,15,9,1,71,71076,2,1,0,6,PARADIS (RUE DU),46.7941963129,4.8493047363,13,1,1
202100018482,168Â 595,B01,1,1,2,5,1,-1,-1,0,0,-1,2021,49.0,1,2,0,0,4,2,1,,1,A13,-1,,3,5,0,1,167,447,1,, -1,1,7,1,70,15,9,1,27,27065,1,9,0,2,Autoroute A13 - Gare de PÃ©age,49.337933,0.36456,13,3,2
202100042020,126Â 512,A01,10,3,1,5,0,-1,-1,3,3,1,2021,82.0,1,2,0,1,1,15,1,,4,NAPOLEON  I,0,,1,1,0,1,0,0,2,, -1,1,5,1,50,28,4,1,57,57630,2,4,0,6,NAPOLEON  I,48.73539,7.0527,14,6,1
202100007765,187Â 880,B01,1,1,1,1,2,6,-1,-1, -1,-1,2021,16.0,1,1,0,2,1,1,1,,4,LEBON (RUE PHILIPPE),0,,2,3,0,1,0,0,1,, -1,1,5,1,50,16,11,5,87,87085,2,3,0,3,LEBON (RUE PHILIPPE),45.87843,1.27594,7,2,2
202100010935,182Â 182,A01,1,1,1,1,2,0,-1,0,0,-1,2021,27.0,3,1,0,2,7,17,1,,4,PLACE DES CINQ MARTYRS DU LYCEE BUFFON,0,,2,2,0,1,(1),(1),1,, -1,1,8,1,50,25,10,5,75,75114,2,1,0,3,PLACE DES CINQ MARTYRS DU LYCEE BUFFON,48.838183,2.317432,20,3,2
202100008573,186Â 414,A01,2,2,2,0,1,-1,-1,0,0,-1,2021,25.0,0,2,12,0,1,0,1,,3,1001,0,D,-1,2,0,1,9,280,3,,7,2,5,4,80,11,11,3,60,60088,1,6,0,6,D1001,49.230171,2.224249,19,2,1
202100022858,160Â 759,B01,1,1,1,4,1,-1,-1,0,0,-1,2021,48.0,2,4,0,2,3,13,1,,3,6,-1,,2,2,0,1,11,87,1,, -1,1,0,1,80,23,8,1,88,88313,1,1,0,1,D6,48.341613,6.424873,9,2,2
202100055168,103Â 203,A01,10,3,1,0,0,-1,-1,4,3,1,2021,27.0,1,2,0,1,2,15,1,,4,EUROPE (AVENUE DE L ),0,,2,2,1,1,0,0,1,, -1,2,0,1,50,12,1,5,67,67447,2,3,1,6,EUROPE (AVENUE DE L ),48.613251,7.71639,18,2,1
202100043608,123Â 728,A01,1,1,1,5,1,-1,-1,-1,0,-1,2021,20.0,2,2,4,0,1,14,1,,1,AUTOROUTE A15,0,,1,2,0,1,13,600,3,, -1,1,3,1,70,18,4,1,95,95424,1,1,0,6,A15,48.9889,2.19824,11,1,1
202100029506,149Â 054,A01,1,1,1,5,2,-1,-1,0,0,-1,2021,36.0,0,6,0,0,7,1,1,,4,,-1,,-1,2,0,1,(1),(1),2,, -1,1,0,1,-1,6,6,1,64,64504,1,1,0,7,Saint-PÃ©e-sur-Nivelle,43.333729,-1.578225,10,1,1
202100050907,110Â 684,A01,1,1,1,1,2,6,-1,0,0,-1,2021,36.0,1,1,15,0,1,1,1,,3,RD2007,0,,3,2,0,1,44,790,3,, -1,1,0,3,70,19,2,2,26,26058,1,1,0,6,Boulevard du Passeur,44.942555,4.889208,18,2,2
202100003874,194Â 828,A01,10,3,2,3,0,-1,-1,2,3,1,2021,77.0,0,5,0,1,1,1,1,,6,,-1,,-1,-1,0,1,(1),(1),1,,4,2,0,1,20,9,12,1,17,17264,2,7,1,6,1 Avenue de la Rochelle,46.203259,-1.159964,10,2,1
202100021841,162Â 587,B01,1,1,1,5,1,-1,-1,0,0,-1,2021,80.0,0,2,0,2,2,19,1,,3,1,-1,D,2,2,0,1,31,500,2,,5,1,0,1,80,31,8,1,80,80295,1,2,0,3,D1,49.941458,2.68899,16,2,2
202100052927,107Â 115,A01,2,2,1,5,1,-1,-1,0,0,-1,2021,19.0,1,2,0,2,1,1,1,,3,35,-1,,2,2,0,2,25,80,1,, -1,1,0,1,80,2,2,1,50,50281,1,1,0,1,Village Breton,48.775406,-1.429542,16,3,2
202100031641,145Â 196,A01,1,1,2,5,1,-1,-1,0,0,-1,2021,21.0,1,2,3,0,1,1,0,,3,85,-1,,2,2,0,1,8,105,2,, -1,1,0,1,70,30,7,1,95,95056,1,1,0,6,D85,49.101409,2.361285,9,1,1
202100013795,177Â 042,B01,1,1,1,9,1,8,-1,-1, -1,-1,2021,42.0,1,2,0,2,1,0,1,,1,AUTOROUTE A3,0,,3,6,0,1,14,100,1,, -1,1,0,1,90,12,10,1,93,93005,1,1,0,4,AUTOROUTE A3,48.9612028252,2.4736985999,11,3,3
202100007508,188Â 338,B01,1,1,1,4,1,-1,-1,0,0,-1,2021,53.0,2,2,0,9,2,17,1,,1,11,-1,,-1,4,3,3,333,221,1,,"10,5",1,0,1,130,16,11,3,44,44094,1,1,0,3,A11 - pk 335,47.327014,-1.403568,19,2,2
202100039401,131Â 167,B01,1,1,2,1,1,0,-1,-1, -1,-1,2021,52.0,2,2,0,2,3,11,1,,1,AUTOROUTE A3,0,,3,10,0,2,6,900,1,, -1,1,0,1,70,18,5,1,93,93053,1,1,0,3,AUTOROUTE A3,48.89621,2.47022,6,2,2
202100020543,164Â 918,A01,1,1,1,5,1,0,-1,-1, -1,-1,2021,19.0,2,2,0,2,1,5,1,,2,AVIGNON (ROUTE D'),0,,2,2,0,1,1,0,1,, -1,1,0,1,80,6,9,1,30,30028,1,1,0,5,AVIGNON (ROUTE D'),44.14707,4.65652,17,10,3
202100033989,141Â 000,A01,1,1,1,0,2,-1,-1,-1, -1,-1,2021,29.0,3,1,6,0,3,13,1,,4,THIZY  RUE DE,0,,1,1,0,1,(1),(1),1,, -1,1,0,1,50,5,6,1,69,69264,2,1,0,6,THIZY (DE) (R),45.9863359404,4.7163802385,20,1,1
202100040286,129Â 597,D01,1,1,1,3,8,-1,-1,0,0,-1,2021,48.0,1,2,0,2,1,13,1,,3,4,-1,,2,2,0,1,9,300,1,, -1,1,0,1,-1,13,5,1,68,68143,1,1,0,4,Route dÃ©partementale 4,48.111013,7.404356,7,4,4
202100015251,174Â 448,A01,1,1,1,2,2,6,-1,0,0,-1,2021,15.0,1,1,0,2,1,2,1,,4,,-1,,2,2,0,2,(1),(1),1,,"5,5",1,0,1,50,4,10,1,12,12300,2,1,0,2,Avenue Etienne Soulie,44.35613,2.038884,16,2,2
202100000841,200Â 227,A01,10,3,2,5,0,-1,-1,3,3,2,2021,19.0,2,2,0,1,2,1,1,,4,DOCTEUR COBLOD (DU)                 (BD),0,,2,2,2,1,(1),(1),1,, -1,1,0,1,50,30,12,3,69,69259,2,3,0,6,DOCTEUR COBLOD (DU) (BD),45.70235,4.88949,17,2,1
202100006805,189Â 612,A01,1,1,1,1,2,0,-1,-1, -1,-1,2021,30.0,2,1,0,2,8,3,1,,1,AUTOROUTE A86,0,,-1,4,0,1,20,899,2,, -1,1,1,1,90,23,11,4,93,93008,1,1,0,5,AUTOROUTE A86,48.91232,2.44071,7,4,4
202100027900,151Â 839,B01,1,1,1,0,1,0,-1,-1, -1,-1,2021,37.0,1,2,0,2,4,2,1,,4,TIRONNEAU ADRIEN (PL),0,,3,1,0,1,0,0,1,, -1,1,0,1,30,19,7,1,72,72181,2,1,0,2,TIRONNEAU ADRIEN (PL),47.98299,0.21046,18,2,2