Num_Acc,id_vehicule,num_veh,place,catu,sexe,trajet,secu1,secu2,secu3,locp,actp,etatp,year_acc,victim_age,senc,catv,obs,obsm,choc,manv,motor,occutc,catr,voie,v1,v2,circ,nbv,vosp,prof,pr,pr1,plan,lartpc,larrout,surf,infra,situ,vma,jour,mois,lum,dep,com,agg_,int,atm,col,adr,lat,long,hour,nb_victim,nb_vehicules
202100035049,139Â 046,B01,1,1,1,5,2,6,-1,0,0,-1,2021,27.0,1,1,0,2,3,3,1,,4,PORTE DE GENTILLY,0,,1,2,0,1,4,400,1,, -1,1,0,1,70,11,6,1,75,75114,2,1,0,3,PORTE DE GENTILLY,48.816851,2.33621,9,2,2
202100008888,185Â 853,B01,1,1,1,1,2,-1,-1,0,0,-1,2021,18.0,2,1,0,2,1,1,1,,3,103,0,,2,2,0,1,13,63,1,, -1,1,0,1,80,29,6,1,7,7058,1,4,0,1,Route de Largentiere,44.551332,4.31935,9,2,2
202100045816,119Â 861,A01,1,1,2,5,1,0,-1,-1, -1,-1,2021,54.0,2,4,0,0,1,9,1,,3,VAILLANT COUTURIER (AVENUE PAUL),0,,1,2,0,1,0,0,1,, -1,1,0,1,50,31,3,1,93,93008,2,9,0,2,VAILLANT COUTURIER (AVENUE PAUL),48.910532,2.442128,13,2,2
202100020973,164Â 181,B01,1,1,2,1,1,0,-1,-1, -1,-1,2021,58.0,0,2,0,2,4,2,1,,1,A7-Sens Lyon vers Marseille,0,,1,3,0,1,275,0,1,, -1,1,0,1,90,4,9,2,13,13215,1,1,1,2,A7-Sens Lyon vers Marseille,43.3648,5.3603,6,2,2
202100029466,149Â 116,A01,2,2,2,5,1,-1,-1,0,0,-1,2021,15.0,2,2,2,0,1,14,1,,3,916,0,,2,2,0,1,20,190,1,, -1,1,0,3,50,11,7,1,62,62835,2,1,0,6,Rue de Saint-Pol,50.431561,2.375509,9,2,1
202100033033,142Â 697,A01,1,1,2,0,1,8,-1,-1, -1,-1,2021,44.0,1,2,8,2,3,18,1,,7,SCHIRMECK (ROUTE DE),0,,2,3,3,1,55,0,1,, -1,1,0,1,50,18,6,1,67,67482,2,3,0,3,SCHIRMECK (ROUTE DE),48.573058,7.717147,15,3,2
202100050803,110Â 869,B01,1,1,1,1,2,6,-1,0,0,-1,2021,53.0,2,1,0,2,1,1,1,,3,748,0,D,2,2,0,1,32,0,1,, -1,1,0,1,90,21,2,5,49,49211,1,1,0,1,D748,47.1821681462,-0.5235671997,6,2,2
202100001509,199Â 096,A01,10,3,2,3,0,-1,-1,4,3,1,2021,59.0,1,5,0,1,1,9,1,,3,LEON BLUM CITE,0,,1,1,0,1,1,0,1,, -1,1,0,1,50,24,12,1,93,93046,2,1,0,1,LEON BLUM CITE,48.909886,2.528898,15,2,1
202100056207,101Â 424,A01,1,1,2,5,1,-1,-1,0,0,-1,2021,79.0,3,2,2,0,1,1,1,,4,,-1,,2,2,0,1,(1),(1),1,, -1,1,0,1,-1,6,1,1,64,64443,1,1,0,7,chemin du bois,43.359525,-0.596824,14,2,1
202100045641,120Â 154,B01,1,1,1,0,2,6,-1,-1, -1,-1,2021,38.0,3,1,0,2,8,1,1,,4,LEON GEFFROY (R),0,,3,2,0,1,1,0,2,, -1,1,0,1,50,1,4,1,94,94081,2,6,0,3,Rue LÃ©on Geffroy,48.78196,2.40779,17,2,2
202100048381,115Â 277,A01,1,1,1,5,8,0,-1,-1, -1,-1,2021,58.0,2,5,12,0,9,1,1,,3,LIBERATION (AVENUE DE LA),0,,2,2,0,1,4,699,1,, -1,2,0,1,50,7,3,1,87,87065,2,1,0,6,LIBERATION (AVENUE DE LA),45.8129,1.33132,9,1,1
202100021903,162Â 476,A01,1,1,1,0,-1,-1,-1,-1, -1,-1,2021,27.0,2,1,0,2,1,3,1,,1,AUTOROUTE A3,0,,3,6,0,1,9,800,1,, -1,1,0,1,110,30,8,1,93,93007,1,1,0,2,AUTOROUTE A3,48.92051,2.47969,18,2,2
202100008681,186Â 221,B01,1,1,1,0,1,-1,-1,-1, -1,-1,2021,21.0,2,2,0,2,1,1,1,,4,CHARLES RICHARD                     (R ),0,,1,1,2,1,(1),(1),1,, -1,1,0,1,50,8,11,1,69,69383,2,2,0,3,CHARLES RICHARD (R),45.75057,4.88764,12,2,2
202100021054,164Â 025,A01,1,1,1,1,2,0,-1,-1, -1,-1,2021,21.0,2,1,0,2,1,1,1,,4,FLAHAULT (AVENUE CHARLES,0,,2,4,1,1,(1),(1),1,, -1,1,0,1,30,3,9,1,34,34172,2,1,0,1,FLAHAULT (AVENUE CHARLES,43.62543,3.86082,8,2,2
202100001255,199Â 520,A01,1,1,2,0,8,0,-1,-1, -1,-1,2021,25.0,2,2,0,0,1,1,1,,1,86,0,,1,2,0,1,6,900,2,, -1,2,0,1,90,26,12,3,92,92036,1,1,1,6,A86,48.9341712069,2.2714914867,23,3,1
202100013918,176Â 825,A01,10,3,2,1,0,-1,-1,1,3,1,2021,13.0,1,2,0,1,2,1,1,,7,112,0,D,2,2,0,1,18,985,1,, -1,1,0,1,50,11,10,1,31,31389,2,1,0,6,Route de Lavaur,43.643863,1.518259,8,2,1
202100017020,171Â 195,A01,1,1,1,5,2,0,-1,0,0,-1,2021,42.0,2,1,0,0,1,1,5,,4,BOULEVARD MASSENA,0,,3,2,1,2,(1),(1),1,, -1,1,0,5,30,23,9,1,75,75113,2,3,0,7,BOULEVARD MASSENA,48.823401,2.375032,10,1,1
202100040086,129Â 941,A01,2,2,1,9,1,5,-1,0,0,-1,2021,38.0,1,2,2,0,2,0,2,,1,4,-1,,1,2,0,1,277,300,1,, -1,1,0,3,130,14,5,1,55,55400,1,1,0,7,"AUTOROUTE A4 - PK 277,300",49.142734,5.705225,9,4,1
202100001385,199Â 295,A01,1,1,1,5,1,0,-1,-1, -1,-1,2021,17.0,-1,2,0,2,4,23,1,,4,"PERI GABRIEL, NR 2  A 114 ET 1 A 133""",0,,1,1,0,1,0,1,1,, -1,2,0,1,50,25,12,5,93,93066,2,1,1,4,"""PERI GABRIEL, NR 2  A 114 ET 1 A 133""",48.9398326331,2.3565347311,22,9,3
202100032892,142Â 965,A01,1,1,2,5,1,4,-1,-1, -1,-1,2021,26.0,1,2,1,0,7,14,1,,4,MENDES FRANCE (AVENUE),0,,-1,2,0,1,0,0,1,, -1,1,0,1,50,18,6,5,13,13208,2,1,0,2,MENDES FRANCE (AVENUE),43.2551601348,5.3763052694,2,4,3
202100006521,190Â 149,A01,1,1,1,3,1,-1,-1,0,0,-1,2021,84.0,3,2,0,2,8,19,1,,3,1090,0,D,2,2,0,1,30,100,1,,4,9,0,1,50,24,11,1,38,38417,2,2,0,3,D1090 - Place de la mairie,45.380175,5.967325,10,4,2
202100023474,159Â 666,A01,1,1,1,9,2,6,-1,0,0,-1,2021,23.0,1,1,0,0,3,1,1,,3,131,0,,2,2,0,1,22,885,2,, -1,8,0,1,80,18,8,1,38,38051,1,1,0,7,D131,45.318901,4.91709,16,1,1
202100042115,126Â 348,A01,1,1,1,1,2,-1,-1,0,0,-1,2021,32.0,1,1,0,2,1,2,0,,2,2,0,N,2,2,0,1,(1),(1),1,, -1,1,9,1,50,29,4,1,971,97129,2,9,0,3,Avenue Sainte Rose de Lima,16.331677,-61.695473,15,2,2
202100052494,107Â 892,B01,1,1,1,5,2,-1,-1,0,0,-1,2021,17.0,1,1,0,0,4,2,5,,7,3,0,,2,2,0,1,46,100,1,, -1,1,0,1,80,5,2,1,42,42208,1,1,0,2,Lieu Dit le Pilon,45.5340429132,4.4399573877,15,2,2
202100036638,136Â 220,B01,1,1,1,0,2,6,-1,-1, -1,-1,2021,43.0,1,1,0,2,4,2,1,,3,ROCADE OUEST (RD 610),0,,2,2,0,1,6,100,1,, -1,1,0,1,90,1,6,1,10,10060,1,1,0,2,ROCADE OUEST (RD 610),48.25163,4.11049,20,2,2
202100021261,163Â 655,B01,1,1,1,0,8,-1,-1,-1, -1,-1,2021,58.0,1,1,0,2,2,9,5,,4,GROSLAY (BD DE DU NÂ°25 AU 43),0,,2,2,0,4,(1),(1),1,, -1,1,5,1,50,1,9,1,35,35115,2,6,0,3,GROSLAY (BD DE DU NÂ°25 AU 43),48.35261,-1.18617,10,2,2
202100016125,172Â 819,A01,1,1,1,0,2,8,-1,-1, -1,-1,2021,15.0,1,1,0,2,1,26,1,,4,NOUE (RUE DE LA),0,,-1,0,0,1,(1),(1),1,, -1,1,0,1,50,27,9,1,71,71445,2,6,0,3,Rue de la Noue,46.7789605461,4.8956683178,17,2,2
202100040384,129Â 419,B01,1,1,2,1,1,0,-1,-1, -1,-1,2021,21.0,3,2,0,2,4,23,1,,4,METZ AVENUE DE,0,,1,3,3,1,1,0,1,, -1,1,9,1,50,10,5,1,93,93063,2,3,0,2,METZ AVENUE DE,48.8833,2.4333,19,3,3
202100018159,169Â 152,B01,1,1,1,0,2,0,-1,-1, -1,-1,2021,27.0,3,1,0,2,1,19,1,,4,RIVE NEUVE (QUAI DE),0,,2,0,0,1,0,0,1,, -1,1,0,1,50,18,9,3,13,13201,2,1,0,3,RIVE NEUVE (QUAI DE),43.2929713335,5.3693310904,3,2,2
202100031164,146Â 030,B01,1,1,1,1,2,8,-1,-1, -1,-1,2021,59.0,0,1,0,2,7,0,1,,7,PEINTRES ROUX (AVENUE DES),0,,2,4,0,1,0,0,1,, -1,1,0,1,50,2,7,1,13,13212,2,1,0,3,PEINTRES ROUX (AVENUE DES),43.303,5.473,14,2,2
202100021263,163Â 650,A01,2,2,2,0,2,-1,-1,-1, -1,-1,2021,35.0,0,1,0,2,4,23,1,,4,RUE DU BOCAGE CAUD,0,,2,2,0,1,(1),(1),1,, -1,1,0,1,50,24,8,5,33,33063,2,3,0,2,Rue du Bocage,44.8496,-0.60136,23,3,2
202100021412,163Â 377,B01,1,1,2,1,1,0,-1,-1, -1,-1,2021,26.0,1,2,0,2,8,0,1,,2,QUATRE VOIES GILLOT (ROUTE A),0,,1,2,0,1,(1),(1),2,, -1,2,0,1,90,28,8,5,974,97411,1,1,1,3,QUATRE VOIES GILLOT (ROUTE A),-20.88561,55.49618,19,4,2
202100022757,160Â 923,A01,10,3,1,1,0,-1,-1,4,3,1,2021,26.0,1,2,0,1,1,19,1,,3,MEAUX RUE DE,0,,2,0,0,1,1,0,1,, -1,1,0,1,50,24,8,1,93,93074,2,2,1,6,ILE DE FRANCE RUE DE L',48.93,2.574,13,2,1
202100023866,158Â 965,A01,1,1,1,0,2,0,-1,-1, -1,-1,2021,24.0,1,1,0,0,0,1,3,,4,BOLLEE (AV) NÂ° PAIRS 154 A 222,0,,2,2,0,1,0,0,1,, -1,1,0,1,50,16,8,1,72,72181,2,1,0,7,BOLLEE (AV) NÂ° PAIRS 154 A 222,47.99765,0.21505,19,1,1
202100056388,101Â 110,A01,1,1,2,5,1,-1,-1,-1, -1,-1,2021,30.0,1,2,0,2,5,1,1,,4,,0,,1,2,0,1,(1),(1),1,, -1,1,0,1,50,1,1,5,69,69387,2,2,0,3,Avenue Berthelot,45.7463,4.8384,22,3,2
202100011119,181Â 859,A01,1,1,1,0,2,6,-1,-1, -1,-1,2021,25.0,1,1,0,0,0,1,1,,4,CHARMES (AV DES),0,,1,1,0,1,1,0,1,, -1,1,0,1,50,23,10,5,94,94033,2,1,0,6,Avenue des Charmes,48.8453348634,2.4552083015,1,1,1
202100047183,117Â 424,A01,10,3,1,2,0,-1,-1,2,4,1,2021,12.0,1,2,0,1,1,1,1,,3,,0,,2,2,0,1,38,691,1,, -1,1,0,1,-1,22,3,1,69,69154,1,1,0,6,VAUGNERAY (DE) (RTE),45.754409793,4.6592754781,16,2,1
202100014039,176Â 605,A01,1,1,1,0,1,-1,-1,0,0,-1,2021,25.0,3,2,0,2,0,1,1,,3,3,0,D,2,2,0,2,103,0,3,, -1,1,0,1,50,6,10,1,974,97413,2,1,0,3,148 Rue Alexandre BÃ¨gue,-21.145537,55.317294,16,2,2
202100028586,150Â 623,B01,1,1,1,5,1,0,-1,-1, -1,-1,2021,33.0,1,2,0,2,1,1,1,,1,A50-Sens Marseille vers Aubagne,0,,1,4,0,2,26,318,1,, -1,1,0,1,110,16,7,3,13,13005,1,1,0,3,A50-Sens Marseille vers Aubagne,43.274421,5.588676,2,2,2
202100002266,197Â 732,Z01,10,3,1,9,8,8,-1,4,3,1,2021,17.0,2,2,0,1,1,1,0,,4,BOULEVARD DE CLICHY,0,,3,4,3,1,(1),(1),1,, -1,1,0,1,30,18,12,5,75,75109,2,7,0,6,BOULEVARD DE CLICHY,48.882338,2.336961,6,2,1
202100026647,154Â 077,B01,2,2,2,0,1,0,-1,-1, -1,-1,2021,17.0,2,2,0,2,0,0,1,,3,R.D. 417,0,,2,2,0,1,34,0,1,, -1,1,0,1,90,28,7,1,52,52125,1,1,0,3,R.D. 417,48.10903,5.19367,11,3,2
202100004461,193Â 792,B01,1,1,1,0,1,-1,-1,0,0,-1,2021,61.0,1,2,0,2,3,1,1,,3,618,0,D,2,2,0,1,88,250,1,, -1,1,0,1,-1,6,12,2,66,66093,1,1,0,1,D 618,42.523205,2.930227,16,2,2
202100036090,137Â 171,A01,1,1,1,5,2,6,-1,0,0,-1,2021,24.0,1,1,0,2,3,3,1,,4,PORTE DE BAGNOLET,0,,1,4,0,1,30,400,1,, -1,1,0,1,70,6,6,1,75,75120,2,1,0,3,PORTE DE BAGNOLET,48.85993,2.413982,20,2,2
202100026045,155Â 127,A01,1,1,1,5,2,4,6,0,0,-1,2021,28.0,1,1,0,0,7,1,1,,3,12.2,0,A,2,2,0,2,2,300,3,, -1,2,0,1,80,28,7,1,42,42059,1,1,1,7,Route du Premier Pont,45.646733,4.366057,12,1,1
202100032719,143Â 283,A01,1,1,2,9,8,0,-1,-1, -1,-1,2021,56.0,0,2,0,0,2,1,1,,4,COURCELLES (AVENUE DE),0,,2,0,0,1,0,0,1,, -1,1,0,1,50,23,6,1,93,93005,2,2,0,3,POMEREU (AVENUE DE),48.92544,2.49331,9,2,2
202100014022,176Â 636,A01,2,2,1,5,2,6,-1,0,0,-1,2021,24.0,2,1,0,0,0,1,1,,4,AVENUE DE L OPERA,0,,2,4,0,1,(1),(1),1,, -1,1,0,1,30,10,10,1,75,75102,2,3,0,7,AVENUE DE L OPERA,48.869343,2.332899,15,2,1
202100004727,193Â 329,A01,2,2,2,0,2,6,-1,0,0,-1,2021,18.0,2,1,0,2,1,9,1,,4,DE LATTRE DE TASSIGNY (BLD DU MARECHAL),0,,2,2,0,1,(1),(1),1,, -1,1,0,1,50,3,12,1,71,71306,2,1,0,2,DE LATTRE DE TASSIGNY (BLD DU MARECHAL),46.67684,4.36986,16,3,2
202100015201,174Â 535,B01,1,1,1,1,2,6,-1,-1, -1,-1,2021,47.0,1,1,0,2,7,3,1,,1,86,0,,-1,2,0,2,4,0,1,, -1,2,2,1,90,5,10,1,92,92025,1,1,0,3,A86,48.9274239062,2.2374158506,18,2,2
202100040793,128Â 697,B01,1,1,1,5,2,-1,-1,0,0,-1,2021,47.0,2,1,0,2,1,5,5,,3,D902,-1,,2,2,0,2,86,100,4,, -1,1,0,1,80,9,5,1,74,74236,1,1,0,1,1180 Av du Mont Paccard,45.902439,6.711608,16,2,2
202100029704,148Â 703,B01,1,1,1,5,2,-1,-1,0,0,-1,2021,58.0,1,1,0,2,3,2,1,,3,98,0,A,2,2,0,1,2,400,1,, -1,1,0,1,70,10,7,3,83,83065,2,1,0,3,D98a,43.262429,6.60068,20,3,2
202100050830,110Â 824,A01,1,1,1,5,1,-1,-1,0,0,-1,2021,43.0,2,2,3,2,1,2,1,,1,39,-1,,3,2,0,1,127,700,1,, -1,1,0,1,130,20,2,1,1,1296,1,1,0,2,A39,46.393671,5.273623,16,2,2
202100037084,135Â 415,A01,1,1,1,4,1,-1,-1,0,0,-1,2021,57.0,2,4,2,0,1,1,1,,3,11,0,,2,2,0,2,30,950,2,, -1,1,0,3,80,2,6,1,86,86191,1,1,0,6,D 11,46.505031,0.821797,13,1,1
202100011640,180Â 917,A01,2,2,1,5,0,0,-1,0,0,-1,2021,14.0,1,1,0,0,0,1,3,,4,RUE DES VOLONTAIRES,0,,1,1,0,1,(1),(1),1,, -1,1,0,1,30,22,10,1,75,75115,2,2,0,7,RUE DES VOLONTAIRES,48.843063,2.306853,16,2,1
202100011194,181Â 722,C01,1,1,1,0,1,-1,-1,-1, -1,-1,2021,30.0,2,2,0,2,1,1,2,,7,TOULON RD 46 ( ROUTE DE ),0,,2,2,1,1,7,183,1,, -1,1,0,1,70,22,10,2,83,83047,1,1,0,5,TOULON RD 46 ( ROUTE DE ),43.1266382371,6.084584713,19,4,3
202100032738,143Â 253,A01,2,2,2,5,0,-1,-1,0,0,-1,2021,14.0,2,2,0,0,0,1,1,,3,59,0,,2,2,0,1,3,800,1,, -1,1,0,1,80,24,6,3,57,57096,1,1,0,7,RD59,49.385419,5.946833,1,2,1
202100011274,181Â 582,A01,1,1,2,5,1,-1,-1,0,0,-1,2021,68.0,2,2,14,0,2,2,1,,3,22,0,,2,2,0,1,14,760,2,, -1,1,0,3,80,29,9,1,33,33382,1,1,0,6,L OmbriÃ¨re,45.135237,-0.485179,13,1,1
202100009804,184Â 171,A01,1,1,1,9,2,6,-1,0,0,-1,2021,37.0,1,1,0,0,0,21,1,,4,AVENUE SIMON BOLIVAR,0,,2,2,0,1,(1),(1),1,, -1,1,0,1,30,2,11,5,75,75119,2,2,0,7,AVENUE SIMON BOLIVAR,48.875582,2.381871,17,1,1
202100046448,118Â 756,C01,1,1,1,5,2,-1,-1,0,0,-1,2021,51.0,2,1,0,2,7,1,5,,4,,-1,,2,2,0,1,(1),(1),1,, -1,1,0,1,50,27,3,1,45,45272,2,1,0,4,951 Rue de Gautray,47.811847,1.952643,12,3,3
202100009779,184Â 215,A01,10,3,1,5,0,-1,-1,5,1,1,2021,69.0,1,4,0,1,2,1,1,,3,PLAGE (BD DE LA) DU 02 AU 194,0,,1,1,0,1,(1),(1),1,, -1,2,0,4,50,2,11,1,33,33009,2,1,1,6,PLAGE (BD DE LA) DU 02 AU 194,44.65997,-1.15368,11,2,1
202100047995,115Â 951,B01,1,1,2,5,1,-1,-1,0,0,-1,2021,66.0,2,2,0,2,3,1,1,,2,7,-1,,2,2,0,1,6,500,1,, -1,2,8,1,50,15,3,1,3,3316,1,1,1,1,RN 7,46.651725,3.265859,15,2,2
202100028410,150Â 932,B01,1,1,1,5,1,-1,-1,0,0,-1,2021,49.0,1,2,0,2,3,1,1,,2,30,-1,,2,2,0,2,22,100,3,, -1,1,0,1,30,18,7,1,202,202134,2,1,1,1,T30,42.627072,8.927298,17,4,2
202100044423,122Â 279,B01,1,1,1,4,1,-1,-1,0,0,-1,2021,26.0,2,2,0,2,3,1,1,,3,125,-1,D,2,2,0,1,27,80,1,, -1,1,0,1,50,12,4,1,60,60012,2,1,0,3,Rue de Noailles,49.265193,2.16068,17,6,2
202100050178,112Â 025,B01,1,1,1,4,2,8,-1,-1, -1,-1,2021,36.0,1,1,0,2,7,15,1,,4,MERVILLE (RUE  JEAN DE ),0,,2,2,0,1,(1),(1),1,, -1,1,0,1,50,24,2,5,56,56121,2,2,0,2,MERVILLE (RUE  JEAN DE ),47.7451,-3.37468,21,2,2
202100001524,199Â 073,A01,1,1,1,5,1,-1,-1,0,0,-1,2021,31.0,2,2,0,2,2,19,1,,3,13,-1,,2,2,0,1,47,438,1,, -1,2,0,1,50,26,12,1,61,61494,2,4,1,3,route de falaise,48.844748,0.028936,14,4,2
202100013081,178Â 359,A01,10,3,1,5,0,-1,-1,1,3,1,2021,48.0,1,2,0,1,1,1,1,,4,QUAI DE LA FOSSE,0,,3,7,3,1,0,0,1,, -1,1,0,1,30,9,10,5,44,44109,2,1,0,6,QUAI DE LA FOSSE,47.208824,-1.568112,5,2,1
202100042158,126Â 267,B01,1,1,1,0,1,0,-1,0, -1,-1,2021,26.0,2,2,0,2,8,1,1,,3,117,0,,2,2,0,1,0,0,1,, -1,1,0,1,50,28,4,1,91,91434,2,1,0,3,CORBEIL (ROUTE DE),48.653267,2.337815,18,2,2
202100037444,134Â 728,A01,1,1,1,5,2,6,-1,0,0,-1,2021,30.0,2,1,0,2,1,3,1,,4,ECHANGEUR MUETTE,0,,1,4,0,1,(1),(1),1,, -1,1,0,1,70,30,5,1,75,75116,2,4,0,2,ECHANGEUR MUETTE,48.865767,2.268076,14,2,2
202100038262,133Â 256,B01,1,1,1,1,2,-1,-1,0,0,-1,2021,18.0,3,1,0,2,8,0,1,,4,nÂ°7,-1,,2,2,0,1,(1),(1),3,, -1,1,0,1,80,25,5,1,22,22164,1,3,0,1,Lieu dit Les fontaines,48.590041,-3.292157,13,2,2
202100056513,100Â 890,B01,1,1,2,5,1,-1,-1,0,0,-1,2021,50.0,2,2,0,2,4,2,1,,1,89,-1,,3,4,3,1,538,800,1,, -1,2,0,3,110,1,1,1,69,69112,1,1,0,2,A89 (PK 538.800),45.8199351156,4.6939644814,11,2,2
202100032773,143Â 195,A01,2,2,2,3,2,-1,-1,0,0,-1,2021,48.0,2,1,0,0,2,1,1,,3,RD2,0,D,2,2,3,1,10,0,1,, -1,2,0,1,50,23,6,1,973,97309,2,1,1,1,Route de Remire (rd2),4.8995670702,-52.2737738212,10,3,2
202100046649,118Â 381,B01,1,1,1,5,0,0,-1,-1, -1,-1,2021,85.0,3,1,0,2,8,1,5,,4,R HENRI REGNAULT,0,,2,2,0,1,1,0,1,, -1,1,0,1,30,24,3,1,94,94068,2,1,0,3,HENRI REGNAULT (R),48.7981,2.50911,17,2,2
202100053674,105Â 794,B01,1,1,1,5,2,6,-1,0,0,-1,2021,69.0,2,1,0,2,3,13,1,,3,614,0,D,2,2,0,2,4,30,1,, -1,1,0,1,80,26,1,1,66,66164,1,1,0,5,D614,42.756757,2.866541,16,4,3
202100000055,201Â 648,A01,1,1,1,0,2,0,-1,-1, -1,-1,2021,41.0,1,1,1,2,3,18,1,,4,HUBERT DE LISLE(BOULEVARD),0,,1,1,2,1,0,0,1,, -1,1,0,5,50,26,12,5,974,97416,2,1,0,3,HUBERT DE LISLE(BOULEVARD),-21.33962,55.45966,21,2,2
202100011848,180Â 542,A01,1,1,1,9,2,6,-1,0,0,-1,2021,36.0,2,1,14,2,3,21,1,,4,AVENUE DES TERNES,0,,1,4,0,1,(1),(1),1,, -1,1,0,1,50,21,10,5,75,75117,2,7,0,6,AVENUE DES TERNES,48.879298,2.291451,7,1,1
202100017752,169Â 892,A01,1,1,2,1,1,-1,-1,0,0,-1,2021,24.0,2,2,0,0,3,1,1,,4,,-1,,2,2,0,1,(1),(1),3,,4,1,0,1,50,21,9,1,88,88142,2,1,0,1,300 Rue de l AviÃ¨re,48.214844,6.37773,14,2,2
202100044781,121Â 667,B01,2,2,2,3,1,0,-1,-1, -1,-1,2021,38.0,1,2,0,2,4,1,1,,1,AUTOROUTE A1,0,,3,6,0,1,2,400,1,, -1,1,0,1,90,8,4,1,93,93066,1,1,0,2,AUTOROUTE A1,48.92295,2.35723,16,4,2
202100035522,138Â 216,B01,1,1,1,5,1,0,-1,-1, -1,-1,2021,80.0,1,2,9,2,1,1,1,,4,RENAN ERNEST,0,,2,2,0,1,1,0,1,, -1,1,0,1,30,8,6,1,11,11069,2,2,0,3,PASTEUR,43.21345,2.33831,14,3,2
202100017029,171Â 179,A01,10,3,2,5,0,-1,-1,3,3,1,2021,50.0,2,5,0,1,3,15,1,,4,AVENUE DE CLICHY,0,,2,2,0,2,(1),(1),1,, -1,1,0,1,30,23,9,1,75,75117,2,3,0,6,AVENUE DE CLICHY,48.889364,2.322315,12,2,1
202100020962,164Â 198,B01,1,1,1,5,2,6,9,0,0,-1,2021,25.0,1,1,0,2,1,1,1,,3,35,-1,,2,2,0,1,(1),(1),1,,7,1,5,1,80,5,9,1,1,1160,1,2,0,1,Route de Meyrin,46.246159,6.096004,10,2,2
202100011160,181Â 782,B01,1,1,2,5,2,-1,-1,0,0,-1,2021,72.0,2,1,0,2,1,1,5,,3,13,-1,,2,2,0,1,13,700,1,, -1,1,0,1,50,24,10,1,43,43216,2,3,0,1,Avenue de la Rochelambert,45.134132,3.812116,13,2,2
202100024287,158Â 258,A01,2,2,2,5,2,0,-1,-1, -1,-1,2021,36.0,2,1,0,2,3,2,1,,2,35 PK RN11 NANTES ROCADE,0,,3,4,0,1,34,501,1,, -1,1,0,1,90,13,8,1,17,17291,1,1,0,2,N11,46.173697,-1.114553,19,3,2
202100042869,125Â 039,A01,10,3,2,0,0,-1,-1,3,3,1,2021,73.0,3,2,0,1,1,16,1,,4,CHAILLOT (RUE),0,,1,1,0,1,(1),(1),1,, -1,1,0,1,50,23,4,1,51,51454,2,6,0,7,Rue AndrÃ© Chaillot,49.2878680619,4.0241630699,12,2,1
202100010258,183Â 369,A01,3,2,1,5,1,0,-1,-1,0,-1,2021,17.0,2,2,4,2,2,1,1,,1,AUTOROUTE A3,0,,1,0,0,2,16,0,3,, -1,2,0,3,50,30,10,5,95,95277,1,1,1,6,A3,48.97333,2.48633,1,5,1
202100033670,141Â 578,A01,10,3,1,0,0,-1,-1,4,3,1,2021,28.0,1,2,0,9,3,15,1,,3,GALLIENI (AV.) DE 2 A 96,0,,1,0,0,1,1,0,1,, -1,1,0,1,50,18,6,1,93,93010,2,1,0,1,GALLIENI (AV.) DE 2 A 96,48.9049255102,2.4758341312,18,2,1
202100042622,125Â 439,A01,1,1,1,4,1,-1,-1,0,0,-1,2021,51.0,2,2,3,6,1,21,1,,1,61,0,A,1,4,0,1,287,500,1,, -1,1,0,1,130,26,4,2,11,11430,1,1,0,6,A 61 au PK 287+500,43.289577,1.941876,6,3,1
202100040376,129Â 436,B01,1,1,1,3,1,5,-1,-1, -1,-1,2021,84.0,1,2,1,2,8,1,1,,3,DIDEROT (AV),0,,1,1,0,1,0,0,1,, -1,1,0,1,30,10,5,1,94,94068,2,2,0,3,DIDEROT (AV),48.802,2.487,12,2,2
202100055303,102Â 972,A01,10,3,1,2,0,-1,-1,3,3,2,2021,16.0,2,2,0,1,1,1,1,,4,,0,,2,2,0,1,(1),(1),1,, -1,1,0,1,50,11,1,1,54,54431,2,1,0,6,SAINT-MARTIN (RUE),48.90626,6.05753,12,2,1
202100024468,157Â 935,A01,5,2,2,5,8,-1,-1,0,0,-1,2021,21.0,0,2,0,0,2,1,1,,4,,-1,,2,2,0,1,(1),(1),3,,4,1,0,3,-1,10,8,2,49,49163,1,1,0,7,Route du Gennetay,47.522186,-0.240079,21,5,1
202100012944,178Â 600,A01,1,1,2,3,1,-1,-1,0,0,-1,2021,77.0,2,2,0,2,1,26,1,,3,2,-1,,2,1,0,1,4,450,2,, -1,1,0,1,-1,16,10,2,31,31232,2,6,0,2,Route de Toulouse,43.758518,1.301239,18,2,2
202100041676,127Â 111,A01,1,1,1,0,2,0,-1,-1, -1,-1,2021,37.0,1,1,0,2,1,1,1,,4,LYON (RUE DE),0,,2,3,0,1,(1),(1),1,, -1,1,0,1,50,2,4,1,13,13215,2,1,0,2,LYON (RUE DE),43.332988,5.364249,17,2,2
202100028755,150Â 323,A01,1,1,1,0,2,-1,-1,0,0,-1,2021,36.0,1,6,3,0,9,12,1,,2,12,-1,,3,4,0,1,50,300,1,, -1,1,9,1,110,16,7,1,22,22389,1,1,0,7,RN 12,48.480617,-2.676737,20,1,1
202100038203,133Â 358,B01,3,2,2,0,1,0,-1,0,0,-1,2021,30.0,1,2,0,2,5,15,1,,7,,0,,-1,2,0,2,(1),(1),1,, -1,1,0,1,50,26,5,1,6,6027,2,1,0,2,CANNES AVENUE DE (RN7),43.65469,7.149825,14,3,2
202100012595,179Â 203,B01,1,1,1,4,1,-1,-1,-1, -1,-1,2021,44.0,1,2,0,2,4,2,2,,9,BPNL   36.318 A 37.781,0,,1,2,0,1,36,500,1,, -1,1,1,1,70,13,10,5,69,69194,1,9,0,4,BPNL   36.318 A 37.781,45.7891228855,4.8077470064,21,4,3