Num_Acc,id_vehicule,num_veh,place,catu,sexe,trajet,secu1,secu2,secu3,locp,actp,etatp,year_acc,victim_age,senc,catv,obs,obsm,choc,manv,motor,occutc,catr,voie,v1,v2,circ,nbv,vosp,prof,pr,pr1,plan,lartpc,larrout,surf,infra,situ,vma,jour,mois,lum,dep,com,agg_,int,atm,col,adr,lat,long,hour,nb_victim,nb_vehicules
202100002921,196Â 548,A01,2,2,2,4,1,0,-1,-1, -1,-1,2021,21.0,1,2,0,2,1,17,1,,4,CLEMENCEAU (RUE),0,,2,2,0,1,0,0,4,, -1,9,0,1,30,10,12,1,57,57143,2,1,1,1,CLEMENCEAU (RUE),49.2603,6.0942,10,3,2
202100001930,198Â 345,A01,1,1,1,1,1,-1,-1,0,0,-1,2021,21.0,2,2,0,2,1,13,1,,3,53,0,D,2,2,0,1,9,200,1,, -1,1,0,1,80,22,12,1,42,42120,1,4,0,1,Route de Villemontais,45.986876,3.970592,13,2,2
202100000377,201Â 031,B01,1,1,1,5,2,-1,-1,-1, -1,-1,2021,69.0,1,0,0,2,8,1,-1,,3,,-1,,2,2,0,1,(1),(1),3,, -1,1,0,1,80,8,5,1,33,33044,1,1,0,6,RD140,44.768685,-0.172133,16,3,3
202100001457,199Â 179,A01,1,1,1,5,1,0,-1,-1, -1,-1,2021,38.0,2,2,0,2,1,5,1,,4,,0,,1,1,0,1,(1),(1),1,, -1,1,0,1,50,23,12,1,66,66136,2,1,0,1,SAINT CHARLES (ROCADE),42.68108,2.852,19,2,2
202100046235,119Â 128,B01,1,1,2,0,1,0,-1,-1, -1,-1,2021,33.0,0,2,0,2,4,2,1,,4,ANDRE BARDON (rue),0,,1,2,0,1,(1),(1),1,, -1,1,0,1,50,27,3,1,13,13210,2,1,0,2,ANDRE BARDON (rue),43.283595,5.426401,18,3,2
202100048947,114Â 258,Z01,1,1,1,5,8,0,-1,-1, -1,-1,2021,22.0,3,1,0,2,9,2,0,,4,NORMANDIN   RUE EMILE,0,,-1,2,2,1,(1),(1),1,, -1,1,0,5,50,6,3,1,17,17300,2,1,0,3,NORMANDIN   RUE EMILE,46.1433,-1.14144,13,2,2
202100041325,127Â 739,B01,1,1,1,4,2,8,-1,-1, -1,-1,2021,19.0,1,1,0,2,2,2,1,,3,JEAN JAURES (AV),0,,2,1,0,1,(1),(1),1,, -1,1,0,1,50,4,5,5,94,94081,2,2,0,1,JEAN JAURES (AV),48.7942546995,2.4005871272,23,2,2
202100007135,189Â 017,B01,1,1,1,2,1,0,-1,-1, -1,-1,2021,40.0,2,2,0,2,3,1,1,,4,VIGIE (CHEMIN DE LA),0,,2,2,0,1,0,0,2,, -1,1,0,1,30,12,11,1,974,97411,1,9,0,3,VIGIE (CHEMIN DE LA),-20.8830659089,55.4297985949,15,3,2
202100029756,148Â 600,B01,1,1,2,3,1,0,-1,-1, -1,-1,2021,24.0,1,2,0,2,3,20,1,,7,BOULET. QUAI GASTON,0,,1,1,0,1,14,800,1,, -1,1,0,1,30,9,7,5,76,76540,2,1,0,2,BOULET. QUAI GASTON,49.44291,1.0781,3,3,2
202100003958,194Â 674,A01,10,3,2,2,0,-1,-1,3,3,1,2021,18.0,1,2,0,1,7,21,1,,4,VERGES(AVENUE),0,,1,1,0,1,0,0,1,, -1,1,9,8,50,6,12,1,974,97407,2,1,0,3,VERGES(AVENUE),-20.93967,55.30325,7,2,1
202100000336,201Â 121,B01,1,1,2,0,1,-1,-1,0,0,-1,2021,48.0,2,2,0,2,3,13,1,,3,240,0,D,2,2,0,1,1,865,1,, -1,1,0,1,80,8,10,1,74,74225,1,1,0,1,D240,45.826108,5.964891,14,2,2
202100039700,130Â 620,A01,10,3,1,0,0,-1,-1,4,3,2,2021,55.0,1,2,0,1,3,15,1,,4,ENDOUME (RUE D'),0,,2,3,0,1,(1),(1),1,, -1,2,0,8,50,16,5,1,13,13207,2,2,1,6,ENDOUME (RUE D'),43.2897,5.36633,17,3,1
202100033058,142Â 652,Z01,10,3,2,9,8,8,-1,3,3,2,2021,6.0,2,2,0,1,0,0,1,,4,RUE DU LOT,0,,2,2,0,1,(1),(1),1,, -1,1,0,1,50,21,6,1,31,31555,2,1,0,6,RUE DU LOT,43.58014,1.4116,13,2,1
202100042234,126Â 133,A01,10,3,1,0,0,-1,-1,3,3,1,2021,70.0,2,2,0,1,1,1,2,,3,909,0,,-1,0,0,1,0,0,1,, -1,1,0,1,50,28,4,1,92,92025,2,3,1,6,STALINGRAD (AV DE),48.92732,2.2729,11,2,1
202100025047,156Â 884,A01,1,1,1,1,2,-1,-1,0,0,-1,2021,24.0,2,1,0,2,1,13,1,,3,57,-1,D,2,2,0,2,11,104,2,, -1,1,0,1,90,9,8,1,15,15017,1,1,0,1,d57,44.934051,2.646254,7,2,2
202100016705,171Â 762,A01,1,1,1,5,1,-1,-1,0,0,-1,2021,59.0,3,2,0,2,1,1,1,,4,7,0,C,2,2,0,1,(1),(1),1,,"4,3",1,0,1,80,27,9,1,79,79351,1,2,0,3,Route de Faye,46.416193,-0.534956,9,2,2
202100009265,185Â 139,E01,1,1,2,0,1,0,-1,-1, -1,-1,2021,21.0,1,2,0,2,4,1,0,,2,RN814,0,,3,2,0,1,10,199,1,, -1,1,0,1,90,5,11,3,14,14101,1,9,0,5,RN814,49.1799,-0.4264,19,7,7
202100044640,121Â 930,B01,1,1,1,5,2,-1,-1,0,0,-1,2021,73.0,1,1,0,2,3,1,5,,3,217,0,,2,2,0,1,2,5,2,, -1,1,2,1,70,10,4,1,64,64478,1,3,0,3,D217,43.28831,-0.438171,14,2,2
202100033235,142Â 361,A01,5,2,2,5,1,-1,-1,0,0,-1,2021,16.0,1,2,2,0,1,1,1,,3,41,-1,,2,2,0,1,(1),(1),2,, -1,2,0,3,50,21,6,5,59,59462,1,1,1,6,D41,50.494938,3.013397,1,5,1
202100033334,142Â 180,A01,10,3,1,5,0,-1,-1,3,3,1,2021,34.0,3,2,0,1,2,16,1,,4,BARBUSSE (RUE HENRI),0,,2,2,0,1,(1),(1),1,, -1,1,5,1,50,14,6,1,59,59508,2,1,0,6,BARBUSSE (RUE HENRI),50.743552,3.129517,19,2,1
202100008616,186Â 339,A01,1,1,1,0,1,0,-1,-1, -1,-1,2021,51.0,2,2,0,2,3,19,1,,4,EST (BOULEVARD DE L'),0,,2,2,0,2,0,0,2,, -1,1,0,1,50,9,11,5,93,93062,2,2,0,3,EST (BOULEVARD DE L'),48.90218,2.52525,22,3,2
202100018006,169Â 445,A01,1,1,1,5,2,6,-1,-1, -1,-1,2021,17.0,3,1,0,2,2,2,1,,4,MONTPELLIER (ROUTE DE),0,,2,2,2,1,(1),(1),1,, -1,1,0,1,30,19,9,1,34,34108,2,1,0,3,MONTPELLIER (ROUTE DE),43.4594481328,3.7641740353,19,2,2
202100052938,107Â 095,A01,1,1,1,5,2,6,9,0,0,-1,2021,50.0,1,1,3,0,2,1,1,,3,611,-1,,2,2,0,1,52,(1),2,, -1,1,0,1,80,2,2,1,11,11431,1,1,0,6,Route de Durban,42.9597831348,2.7651100002,12,1,1
202100007923,187Â 581,A01,10,3,2,5,0,-1,-1,1,1,2,2021,72.0,0,2,0,1,2,1,1,,4,938,0,,2,1,0,1,(1),(1),1,, -1,1,0,1,50,17,11,2,64,64067,1,1,0,6,dÃ©partementale,43.2598231842,-0.2898797393,18,3,1
202100018673,168Â 263,A01,10,3,1,2,0,-1,-1,1,3,1,2021,11.0,1,1,0,1,1,17,1,,3,39,0,D,1,1,0,1,36,10,1,, -1,1,0,1,30,17,9,1,34,34199,2,1,0,6,Avenue Paul Vidal de la Blache,43.458032,3.414313,16,3,1
202100053041,106Â 912,B01,1,1,1,5,0,0,-1,0,0,-1,2021,54.0,1,1,0,2,4,1,5,,4,RUE DU 18 JUIN,0,,2,2,0,2,0,0,1,, -1,1,5,1,50,29,1,5,988,98818,2,3,0,2,RUE DU 18 JUIN/RUE DES TOURS,-22.27044,166.46392,21,3,2
202100049481,113Â 310,C01,1,1,1,1,1,8,-1,-1, -1,-1,2021,65.0,1,4,0,2,1,9,1,,3,R.N 105,0,,2,3,0,1,19,1112,1,, -1,1,0,1,90,1,3,2,77,77487,1,1,0,6,D605,48.53787,2.69368,7,3,3
202100051864,108Â 995,A01,1,1,1,0,1,-1,-1,0,0,-1,2021,71.0,1,2,0,2,3,13,1,,2,85,0,,2,2,0,1,49,625,1,, -1,2,0,1,80,10,2,1,38,38317,1,1,1,1,Route NapolÃ©on,45.12484,5.69263,16,3,2
202100044324,122Â 441,B01,1,1,2,5,2,6,-1,0,0,-1,2021,15.0,3,1,0,2,1,18,1,,4,,-1,,2,2,0,1,(1),(1),1,, -1,1,0,1,80,12,4,1,22,22366,1,1,1,3,Lan drÃ©vrez,48.609214,-3.622645,17,3,2
202100039973,130Â 139,A01,2,2,1,9,1,0,-1,-1, -1,-1,2021,22.0,1,2,1,0,3,5,0,,3,MARTIN HENRI AVENUE,0,,1,1,0,1,25,0,1,, -1,1,9,4,50,14,5,5,92,92050,2,1,0,6,MARTIN HENRI AVENUE,48.8952012006,2.1939986944,1,3,1
202100019449,166Â 872,B01,1,1,1,4,2,6,-1,-1, -1,-1,2021,27.0,2,1,0,2,4,2,1,,1,A4,0,,1,5,0,1,8,699,1,, -1,2,0,1,90,10,9,3,94,94017,1,1,0,2,A4,48.82968,2.49823,21,2,2
202100029169,149Â 610,B01,1,1,2,1,1,0,-1,-1, -1,-1,2021,20.0,1,2,0,2,3,16,1,,3,RHIN ET DANUBE(RUE DU),0,,3,5,3,1,1,0,1,, -1,2,0,6,50,12,7,1,94,94011,2,3,1,3,Avenue Rhin et Danube,48.77089,2.49019,9,2,2
202100031529,145Â 406,B01,2,2,1,5,1,0,-1,-1, -1,-1,2021,28.0,2,2,0,2,1,2,1,,1,A50-Sens Aubagne vers Marseille,0,,3,2,0,1,14,500,1,, -1,1,0,1,90,30,6,1,13,13005,1,1,0,2,A50-Sens Aubagne vers Marseille,43.28634,5.56819,15,3,2
202100044042,122Â 953,B01,1,1,1,4,2,6,-1,0,0,-1,2021,29.0,1,1,0,2,2,1,1,,4,BOULEVARD DE PORT ROYAL,0,,2,4,0,1,(1),(1),1,, -1,1,9,1,50,14,4,1,75,75105,2,3,0,3,BOULEVARD DE PORT ROYAL,48.838305,2.342062,13,2,2
202100025439,156Â 190,A01,10,3,2,0,0,-1,-1,3,3,1,2021,63.0,1,2,0,1,1,26,1,,7,CLEMENTEL (BD ETIENNE),0,,-1,4,0,1,(1),(1),1,, -1,1,0,1,50,4,8,1,63,63113,2,1,0,6,CLEMENTEL (BD ETIENNE),45.81661,3.10936,16,2,1
202100021811,162Â 634,Z01,10,3,2,5,8,8,-1,1,1,1,2021,65.0,1,3,0,1,7,1,0,1.0,4,AVENUE DE WAGRAM,0,,-1,2,3,1,(1),(1),1,, -1,1,9,1,30,30,8,1,75,75108,2,2,0,6,AVENUE DE WAGRAM,48.87511,2.296042,13,2,1
202100019338,167Â 060,A01,1,1,1,5,8,0,-1,-1, -1,-1,2021,21.0,1,1,0,0,0,26,5,,4,FAURE QUAI,0,,2,2,0,1,0,0,1,, -1,1,0,1,50,8,9,5,49,49007,2,1,0,7,FAURE QUAI,47.481604,-0.550139,23,1,1
202100016731,171Â 719,B01,1,1,2,5,1,-1,-1,0,0,-1,2021,60.0,2,2,0,2,8,1,1,,3,103,-1,,1,2,0,1,5,99,1,, -1,2,5,1,70,26,9,1,6,6152,1,2,0,3,D103,43.608096,7.054896,15,3,2
202100007231,188Â 831,A01,10,3,1,0,8,8,-1,3,3,1,2021,20.0,1,2,0,1,1,1,1,,4,LIBERATION (AVENUE DE LA),0,,2,2,0,1,(1),(1),3,, -1,1,0,1,50,18,11,1,54,54304,2,1,0,6,LIBERATION (AVENUE DE LA),48.67849,6.16043,15,2,1
202100016727,171Â 726,A01,1,1,2,5,2,6,-1,0,0,-1,2021,22.0,2,1,0,2,1,1,1,,3,157,-1,,2,2,0,1,19,100,3,, -1,1,0,1,50,26,9,1,88,88247,2,2,0,2,Rue de Lorraine,48.274743,6.395604,17,2,2
202100043210,124Â 421,B01,1,1,1,5,8,0,-1,-1, -1,-1,2021,49.0,1,0,0,2,1,2,0,,3,ARISTIDE BRIAND (RUE),0,,2,2,0,1,0,1,1,, -1,1,0,1,50,20,4,1,93,93032,2,1,0,1,ARISTIDE BRIAND (RUE),48.87981,2.53407,14,2,2
202100018041,169Â 378,A01,2,2,2,5,1,-1,-1,0,0,-1,2021,75.0,2,2,16,0,1,1,1,,3,956,0,D,2,2,0,1,3,650,1,, -1,2,0,8,90,19,9,1,36,36233,1,1,1,7,,47.25229,1.544232,16,2,1
202100019680,166Â 470,A01,1,1,1,9,2,6,-1,-1, -1,-1,2021,69.0,3,1,0,2,3,15,1,,4,MOULIN JEAN (AV),0,,3,3,0,1,(1),(1),1,, -1,1,0,1,50,8,9,1,34,34032,2,1,0,3,MOULIN JEAN (AV),43.3528066661,3.2329067588,11,2,2
202100030512,147Â 222,A01,2,2,2,0,1,0,-1,-1, -1,-1,2021,56.0,2,2,0,2,1,2,1,,1,AUTOROUTE A3,0,,3,6,0,1,11,0,1,, -1,1,0,1,90,6,7,1,93,93005,1,1,0,2,AUTOROUTE A3,48.9306216899,2.4812834163,13,3,2
202100003120,196Â 189,A01,1,1,2,4,8,0,-1,-1, -1,-1,2021,62.0,1,2,0,2,8,26,1,,4,MONPLAISIR BOULEVARD,0,,2,2,0,1,1,0,1,, -1,1,0,1,50,13,12,1,49,49007,2,1,0,3,MONPLAISIR BOULEVARD,47.49114,-0.52906,11,2,2
202100049945,112Â 471,A01,2,2,2,5,1,-1,-1,0,0,-1,2021,23.0,3,2,0,0,3,15,1,,3,47,-1,,2,2,0,1,11,800,2,, -1,1,5,1,80,27,2,1,27,27587,1,9,0,1,D47,49.277549,0.62459,16,5,2
202100010425,183Â 089,A01,1,1,1,5,8,-1,-1,0,0,-1,2021,23.0,1,1,0,2,2,1,0,,2,1,-1,,2,2,0,1,9,500,1,, -1,2,0,1,40,27,10,1,987,98745,2,3,1,3,TAPUAMU,-16.630833,-151.504028,11,3,2
202100003163,196Â 111,A01,1,1,1,9,2,6,-1,0,0,-1,2021,36.0,2,1,0,2,2,1,1,,4,RUE DE TURENNE,0,,2,2,0,1,(1),(1),3,, -1,2,0,1,30,12,12,5,75,75103,2,2,0,3,RUE DE TURENNE,48.856484,2.364352,22,2,2
202100010686,182Â 619,A01,4,2,2,5,8,0,-1,-1, -1,-1,2021,19.0,3,2,4,0,2,14,1,,2,TUNNEL,0,,2,2,0,1,1,0,1,, -1,1,1,6,50,27,10,5,202,202033,2,1,0,6,TUNNEL,42.6948144393,9.4522243738,3,4,1
202100036153,137Â 064,A01,1,1,1,5,8,-1,-1,0,0,-1,2021,28.0,2,2,8,0,2,21,1,,3,921,0,,2,2,0,1,72,650,1,, -1,1,0,3,80,7,6,3,45,45193,1,1,0,6,"route dÃ©partementale 921, PK 72+650",47.746971,1.989156,0,2,1
202100051078,110Â 375,B01,1,1,1,9,2,0,-1,0,0,-1,2021,48.0,3,1,0,2,0,1,1,,4,PLACE AUGUSTE BARON,0,,-1,2,0,1,(1),(1),2,, -1,1,0,1,50,18,2,5,75,75119,2,7,0,3,PLACE AUGUSTE BARON,48.900932,2.388209,20,2,2
202100051299,109Â 979,B01,1,1,1,0,2,0,-1,-1, -1,-1,2021,24.0,3,1,0,2,1,2,1,,4,SAINT ANTOINE (AVENUE DE),0,,2,2,0,1,(1),(1),1,, -1,2,0,1,50,16,2,1,13,13215,2,9,1,1,SAINT ANTOINE (AVENUE DE),43.3772609817,5.3564921021,13,2,2
202100006592,190Â 015,A01,1,1,1,5,2,8,-1,-1, -1,-1,2021,41.0,1,1,0,2,1,21,1,,3,10EME DRAGONS (AVENUE DU),0,,2,2,0,1,0,620,1,, -1,1,0,1,50,19,11,1,82,82121,2,1,0,5,10EME DRAGONS (AVENUE DU),44.02322,1.34438,14,3,3
202100031535,145Â 392,A01,1,1,1,4,1,-1,-1,-1, -1,-1,2021,54.0,1,2,0,2,1,1,1,,2,ROUTE NATIONALE 230,0,,3,6,0,1,42,99,1,, -1,1,0,1,90,30,6,1,33,33013,1,1,0,2,Rocade Rive Droite N230 -E26-,44.865917,-0.503898,9,2,2
202100004529,193Â 679,A01,2,2,1,0,1,0,-1,-1, -1,-1,2021,25.0,2,2,13,0,1,14,1,,3,104 ( ROUTE DEPÃRTEMENTALE ),0,,2,3,0,1,47,700,1,, -1,9,0,1,80,4,12,3,7,7231,1,1,0,6,104 ( ROUTE DEPÃRTEMENTALE ),44.58579,4.38543,7,2,1
202100013417,177Â 750,B01,1,1,2,2,1,0,-1,-1, -1,-1,2021,12.0,1,0,0,2,1,19,0,,3,PASTEUR,0,,3,3,0,1,0,0,1,, -1,1,0,1,50,13,10,1,92,92064,2,1,0,3,PASTEUR,48.84232,2.20668,10,2,2
202100028193,151Â 300,A01,2,2,2,5,2,6,-1,0,0,-1,2021,57.0,2,1,3,2,4,1,1,,3,947,-1,,2,2,0,1,(1),(1),1,, -1,1,0,1,80,20,7,1,59,59260,1,1,0,2,Rue Nationale (Les MoÃ«res),51.022409,2.548323,18,3,2
202100048596,114Â 894,B01,1,1,1,0,2,6,-1,-1, -1,-1,2021,29.0,1,1,0,2,1,1,1,,3,DIVISION LECLERC (53 A 217 - 58 A 186),0,,3,4,0,2,0,0,1,, -1,1,5,1,50,10,3,5,92,92002,2,2,0,3,DIVISION LECLERC (53 A 217 - 58 A 186),48.7487932487,2.3040363193,1,2,2
202100051654,109Â 361,A01,10,3,1,9,0,-1,-1,4,3,1,2021,26.0,3,2,0,1,1,26,1,,4,FOCH (BOULEVARD DU MARECHAL),0,,2,2,0,1,0,0,1,, -1,1,0,1,50,12,2,1,91,91645,2,1,0,6,FOCH (BOULEVARD DU MARECHAL),48.74462,2.26735,15,2,1
202100008342,186Â 813,A01,1,1,1,5,1,-1,-1,-1,0,-1,2021,23.0,2,2,0,2,1,1,1,,1,AUTOROUTE A115,0,,3,4,0,1,9,199,1,, -1,1,0,1,90,13,11,3,95,95060,1,1,0,2,A115,49.03491,2.19642,1,2,2
202100024315,158Â 205,A01,1,1,1,5,2,0,-1,0,0,-1,2021,84.0,2,1,0,0,7,1,1,,4,RUE CAMBRONNE,0,,2,2,0,2,(1),(1),1,, -1,1,0,1,50,13,8,1,75,75115,2,7,0,7,RUE CAMBRONNE,48.842096,2.303077,14,1,1
202100001155,199Â 707,A01,2,2,1,0,2,0,-1,-1, -1,-1,2021,17.0,1,1,0,2,4,2,1,,3,CATAYEE (JUSTIN),0,,2,2,0,1,1,700,3,, -1,2,8,1,50,26,12,5,973,97302,2,1,1,2,CATAYEE (JUSTIN),4.92602,-52.32431,2,3,2
202100047309,117Â 204,B01,1,1,1,5,2,6,9,0,0,-1,2021,32.0,1,1,13,2,9,17,1,,3,903,0,,2,2,0,1,6,832,1,, -1,1,0,1,80,21,3,1,50,50023,1,3,1,3,Route de Baupte,49.298969,-1.334125,16,2,2
202100011373,181Â 394,B01,1,1,1,4,2,0,-1,-1, -1,-1,2021,20.0,1,1,0,2,8,1,1,,4,GAMBETTA (BOULEVARD),0,,2,2,0,1,(1),(1),1,, -1,1,0,1,50,18,10,2,62,62193,2,1,0,3,GAMBETTA (BOULEVARD),50.94712,1.84826,19,2,2
202100009802,184Â 173,A01,10,3,1,5,0,-1,-1,5,9,3,2021,21.0,1,2,6,1,2,14,1,,4,RUE JEAN HENRI FABRE,0,,1,1,0,1,(1),(1),1,, -1,1,0,4,30,31,10,2,75,75118,2,1,0,6,RUE JEAN HENRI FABRE,48.901242,2.341975,6,5,1
202100004654,193Â 452,B01,1,1,1,0,2,0,-1,-1, -1,-1,2021,50.0,1,1,0,2,1,1,1,,4,DEBUSSY (RUE CLAUDE),0,,2,2,0,1,(1),(1),3,, -1,1,0,1,50,29,9,5,74,74305,2,9,0,3,DEBUSSY (RUE CLAUDE),46.20295,6.25891,23,3,2
202100022008,162Â 295,A01,1,1,1,4,8,-1,-1,0,0,-1,2021,37.0,2,4,7,0,7,14,1,,1,29,-1,A,-1,2,0,1,205,100,1,, -1,1,0,2,90,30,8,1,80,80107,1,1,0,7,Autoroute A29 - Point KilomÃ©trique 205.100 dans le sens SAINT-QUENTIN vers AMIENS,49.857077,2.419932,8,1,1
202100041379,127Â 643,A01,10,3,2,0,8,-1,-1,6,3,1,2021,84.0,3,2,0,1,4,4,1,,3,80,-1,,2,2,0,2,17,(1),3,, -1,2,0,3,50,6,5,1,73,73013,2,3,1,6,Chemin Pierre Vignet,45.2159760012,6.3421046903,14,4,1
202100016651,171Â 866,B01,3,2,2,5,1,0,-1,-1, -1,-1,2021,78.0,3,2,0,2,4,23,1,,4,PONT GABRIEL PERI,0,,2,2,0,3,(1),(1),1,, -1,1,2,1,50,26,9,1,31,31555,2,1,0,5,Pont de Constantine,43.60652,1.45615,11,10,4
202100011964,180Â 334,B01,1,1,1,5,8,0,-1,-1, -1,-1,2021,17.0,1,0,0,2,1,2,3,,4,LIGNE PARADIS(ROUTE DE LA),0,,2,2,0,1,0,0,1,, -1,1,0,1,50,20,10,1,974,97416,2,1,0,2,LIGNE PARADIS(ROUTE DE LA),-21.32372,55.48588,14,2,2
202100004854,193Â 114,A01,2,2,1,5,0,-1,-1,0,0,-1,2021,33.0,1,5,2,0,1,1,1,,3,31,0,D,2,2,0,2,26,60,2,, -1,2,0,3,90,4,12,3,61,61166,1,1,1,6,Rue de la Montchevalerie,48.64674,0.375375,5,2,1
202100015888,173Â 270,A01,1,1,1,0,2,0,-1,-1, -1,-1,2021,27.0,3,1,0,2,1,1,1,,4,EINSTEIN ALBERT (RUE),0,,2,2,0,2,0,0,1,, -1,1,0,1,50,29,9,1,72,72181,2,1,0,6,EINSTEIN ALBERT (RUE),48.032,0.174,18,2,2
202100029120,149Â 699,A01,10,3,2,5,0,-1,-1,2,3,1,2021,41.0,2,2,0,1,1,15,1,,3,LUNDY (BOULEVARD),0,,2,4,0,1,18,150,1,, -1,2,0,1,50,13,7,1,51,51454,2,2,1,7,Boulevard Lundy,49.2581282736,4.0383762417,14,2,1
202100033858,141Â 242,B01,1,1,1,0,1,0,-1,-1, -1,-1,2021,18.0,0,2,0,2,1,24,1,,4,MORETTI (BOULEVARD),0,,2,2,0,2,0,0,1,, -1,1,0,1,50,17,6,1,13,13214,2,1,0,1,MORETTI (BOULEVARD),43.3262,5.37578,14,5,2
202100015688,173Â 626,A01,1,1,1,4,1,-1,-1,0,0,-1,2021,58.0,0,4,13,0,9,1,1,,3,955,0,,2,2,0,1,(1),(1),1,, -1,1,0,8,80,30,9,1,28,28252,1,1,0,6,D955,48.252659,0.997117,11,1,1
202100037673,134Â 317,B01,1,1,1,5,2,6,-1,0,0,-1,2021,69.0,1,1,0,2,5,1,1,,3,990,-1,D,2,2,0,1,31,60,2,, -1,1,5,1,50,30,5,1,73,73298,2,6,0,3,D990/ D122 Rte Porte de Tarentaise,45.652748,6.437505,13,2,2
202100038889,132Â 118,A01,1,1,1,9,2,8,-1,-1, -1,-1,2021,25.0,1,1,0,2,1,1,1,,3,PIERRE BROSSOLETTE(RUE),0,,2,2,0,1,0,100,1,, -1,1,9,1,50,21,5,1,91,91691,2,9,0,3,PIERRE BROSSOLETTE(RUE),48.7004,2.48014,19,2,2
202100011921,180Â 418,B01,2,2,1,3,1,-1,-1,0,0,-1,2021,56.0,2,2,0,2,2,1,1,,3,144,-1,,2,2,0,1,3,700,1,, -1,1,0,1,70,20,10,1,27,27316,1,1,0,6,Route de Bourg-Achard,49.373889,0.746496,15,3,2
202100045095,121Â 126,B01,1,1,2,0,1,0,-1,-1, -1,-1,2021,34.0,2,2,0,2,8,2,1,,1,AUTOROUTE A3,0,,3,7,0,1,3,500,1,, -1,1,0,1,70,5,4,1,93,93053,1,1,0,3,AUTOROUTE A3,48.88085,2.45226,19,2,2
202100045366,120Â 640,B01,1,1,1,9,2,6,-1,-1, -1,-1,2021,55.0,3,1,0,2,4,26,1,,4,DUSSONCHET (RUE JEAN-PHILIPPE),0,,1,1,0,1,0,1,2,, -1,1,5,1,50,1,4,1,74,74012,2,9,0,2,DUSSONCHET (RUE JEAN-PHILIPPE),46.18837,6.24346,7,2,2
202100028162,151Â 360,Z01,10,3,2,5,8,8,-1,4,3,1,2021,19.0,2,1,0,1,2,1,0,,4,AVENUE JEAN JAURES,0,,2,0,0,1,(1),(1),1,, -1,1,0,1,50,19,7,2,75,75119,2,3,0,6,AVENUE JEAN JAURES,48.886998,2.387159,21,2,1
202100006834,189Â 565,A01,2,2,2,9,1,0,-1,-1, -1,-1,2021,17.0,1,2,0,2,3,2,1,,3,MANUFACTURE NATIONALE (PLACE DE LA),0,,3,7,0,1,0,0,1,, -1,2,0,1,50,21,11,1,92,92072,2,7,1,2,MANUFACTURE NATIONALE (PLACE DE LA),48.8287444188,2.2246214747,11,3,2
202100033834,141Â 280,A01,1,1,1,1,2,6,-1,0,0,-1,2021,27.0,0,1,0,2,8,16,1,,4,CHOLAT CHARLES,0,,2,4,0,2,(1),(1),1,, -1,1,2,1,50,16,6,1,42,42218,2,1,0,3,Rue Charles Cholat,45.46392,4.39818,21,2,2
202100009347,184Â 999,B01,7,2,1,5,1,3,-1,0,0,-1,2021,1.0,2,2,0,2,9,0,1,,3,76,0,,2,2,0,1,13,530,1,, -1,1,0,1,80,5,11,3,72,72013,1,1,0,3,68 Route du Lude,47.6824,0.24811,20,5,2
202100005602,191Â 793,B01,1,1,1,4,1,-1,-1,0,0,-1,2021,42.0,2,5,0,2,1,1,1,,1,63,-1,A,3,4,0,1,23,660,1,, -1,1,0,1,130,29,11,1,33,33284,1,1,0,2,"A63, PK 24",44.642338,-0.840712,12,2,2
202100020193,165Â 545,B01,1,1,1,1,2,-1,-1,-1, -1,-1,2021,41.0,2,1,0,2,8,3,1,,1,ROCADE A 630,0,,3,6,0,1,29,736,1,, -1,2,0,1,90,8,9,1,33,33550,1,1,1,3,ROCADE A 630,44.78023,-0.57675,8,2,2
202100018893,167Â 874,A01,1,1,2,0,1,0,-1,-1, -1,-1,2021,24.0,1,2,0,2,0,0,1,,1,AUTOROUTE A86,0,,-1,6,0,1,16,0,1,, -1,2,1,1,90,15,9,1,93,93027,1,1,1,4,AUTOROUTE A86,48.92352322,2.3832157851,9,3,3
202100045523,120Â 369,C01,3,2,2,9,1,0,-1,-1, -1,-1,2021,15.0,2,2,0,2,4,2,0,,1,6A,0,,3,6,0,1,3,349,1,, -1,1,0,1,90,1,4,1,94,94038,1,1,0,4,AUTOROUTE A6A,48.7876582956,2.3449126072,15,10,4
202100029075,149Â 776,B01,2,2,2,0,2,8,-1,-1, -1,-1,2021,45.0,1,1,0,2,4,2,1,,2,MADELEINE (ROUTE DE LA),0,,2,2,0,1,3,0,1,, -1,1,0,1,50,13,7,1,973,97302,1,6,0,2,MADELEINE (ROUTE DE LA),4.90778,-52.3221,14,3,2
202100004915,193Â 003,B01,1,1,1,1,1,0,-1,0,0,-1,2021,34.0,1,2,0,2,6,2,1,,4,AVENUE FOCH,0,,2,4,1,1,(1),(1),1,, -1,2,0,1,30,3,12,5,75,75116,2,2,1,2,AVENUE FOCH,48.873589,2.292805,18,2,2
202100029635,148Â 815,B01,1,1,1,0,8,0,-1,-1, -1,-1,2021,14.0,0,1,0,2,8,0,0,,4,PAUL VERLAINE (RUE),0,,2,2,0,1,0,0,1,, -1,1,0,1,50,10,7,1,93,93072,2,1,0,3,PAUL VERLAINE (RUE),48.9532,2.37725,15,2,2