Num_Acc,id_vehicule,num_veh,place,catu,sexe,trajet,secu1,secu2,secu3,locp,actp,etatp,year_acc,victim_age,senc,catv,obs,obsm,choc,manv,motor,occutc,catr,voie,v1,v2,circ,nbv,vosp,prof,pr,pr1,plan,lartpc,larrout,surf,infra,situ,vma,jour,mois,lum,dep,com,agg_,int,atm,col,adr,lat,long,hour,nb_victim,nb_vehicules
202100003176,196Â 088,B01,1,1,2,1,2,8,-1,-1, -1,-1,2021,32.0,2,1,0,2,4,1,1,,4,YVES KERMEN (RUE) 51/FIN - 40/FIN,0,,-1,2,1,1,0,0,1,, -1,1,0,1,50,21,11,1,92,92012,2,1,0,2,YVES KERMEN (RUE) 51/FIN - 40/FIN,48.827961,2.239989,10,2,2
202100023688,159Â 275,A01,1,1,1,0,2,0,-1,-1, -1,-1,2021,48.0,3,1,0,2,8,19,0,,4,INDUSTRIE (RUE DE L'),0,,3,3,0,1,0,1,1,, -1,1,0,1,50,17,8,1,74,74133,2,1,0,6,INDUSTRIE (RUE DE L'),46.18626,6.22167,11,2,2
202100005872,191Â 294,A01,1,1,1,0,8,-1,-1,-1, -1,-1,2021,39.0,-1,2,3,0,7,0,1,,7,URBAIN SUD                              ,0,,1,2,0,2,(1),(1),3,, -1,2,3,3,80,27,11,5,69,69276,1,1,0,6,URBAIN SUD (BD)                          ,45.67981,4.85019,1,1,1
202100048013,115Â 920,B01,1,1,1,5,2,-1,-1,-1, -1,-1,2021,40.0,1,1,0,2,2,1,1,,4,BERTHELOT                           (AV),0,,1,2,3,1,(1),(1),1,, -1,1,0,1,50,14,3,5,69,69387,2,1,0,3,BERTHELOT (AV),45.7426900661,4.8497020253,21,2,2
202100009440,184Â 824,A01,10,3,1,0,0,-1,-1,2,B,1,2021,88.0,3,2,0,1,0,15,1,,4,RUE JULES AMILHAU,0,,2,2,0,1,0,0,2,, -1,1,0,1,50,4,11,1,31,31555,2,1,1,6,RUE JULES AMILHAU,43.58281,1.41672,16,2,1
202100029489,149Â 081,A01,1,1,1,5,2,6,9,0,0,-1,2021,20.0,1,1,0,2,1,1,1,,3,93,0,D,2,2,0,1,0,0,1,, -1,1,0,1,80,10,7,1,22,22245,1,3,0,3,D93,48.644568,-3.333817,16,2,2
202100047696,116Â 498,B01,1,1,2,0,8,0,-1,-1, -1,-1,2021,29.0,1,2,0,2,4,1,1,,1,A13,0,,3,6,0,1,36,400,1,, -1,2,0,1,130,17,3,1,78,78238,1,1,1,4,A13,48.970584,1.875252,16,3,3
202100054582,104Â 213,A01,1,1,1,5,2,8,-1,-1, -1,-1,2021,49.0,2,1,12,0,1,13,1,,3,162E,0,,2,2,0,1,2,560,1,, -1,2,0,1,30,17,1,4,56,56162,1,1,1,6,KERGOAT,47.73283,-3.48495,5,1,1
202100019831,166Â 187,A01,1,1,1,2,8,0,-1,-1, -1,-1,2021,10.0,1,1,1,2,7,26,5,,4,JACQUES DUCLOS (RUE) - RIVIERE DES GAL  ,0,,2,2,0,1,0,0,1,, -1,1,9,6,50,8,9,1,974,97407,2,1,0,3,JACQUES DUCLOS (RUE) - RIVIERE DES GAL  ,-20.95741,55.3141,9,2,2
202100047215,117Â 369,B01,1,1,1,4,2,0,-1,0,0,-1,2021,21.0,2,1,0,2,1,1,3,,4,SAINTE MARIE (RUE),0,,2,2,0,1,(1),(1),1,, -1,1,0,1,50,19,3,5,63,63113,2,2,0,3,SAINTE MARIE (RUE),45.79271,3.11385,22,2,2
202100021448,163Â 307,B01,1,1,1,4,1,8,-1,-1, -1,-1,2021,36.0,2,2,0,2,4,2,1,,3,29,0,,2,2,0,1,0,25,1,, -1,1,0,1,30,27,8,1,56,56121,2,6,0,4,TOULLEC (RUE  FRANCOIS ),47.73523,-3.37477,16,3,3
202100049948,112Â 466,B01,2,2,2,5,8,-1,-1,0,0,-1,2021,58.0,2,2,0,2,1,1,1,,3,989,0,D,2,2,0,1,24,300,4,, -1,1,0,1,80,27,2,1,8,8302,1,4,0,1,D989,49.921167,4.773345,11,3,2
202100043484,123Â 933,B01,1,1,1,5,2,6,9,0,0,-1,2021,42.0,1,1,0,2,8,21,1,,3,902,-1,,2,2,0,2,13,590,1,, -1,1,0,1,80,19,4,1,12,12057,1,1,0,3,Lieu-dit MERGALS,44.194267,2.525353,17,2,2
202100007511,188Â 333,C01,1,1,1,1,2,6,-1,0,0,-1,2021,23.0,2,1,0,2,1,23,1,,1,411,0,A,3,4,0,1,0,600,1,, -1,1,0,1,90,19,11,3,74,74133,1,1,0,5,A411,46.183292,6.22088,19,3,3
202100012434,179Â 482,A01,10,3,2,0,0,-1,-1,4,3,2,2021,39.0,3,2,0,1,1,1,1,,4,REPUBLIQUE (AVENUE DE LA),0,,2,2,0,1,(1),(1),1,, -1,1,0,1,30,14,10,2,63,63113,2,2,0,6,REPUBLIQUE (AVENUE DE LA),45.78743,3.10596,18,3,1
202100053499,106Â 084,B01,1,1,1,0,1,0,-1,-1, -1,-1,2021,17.0,3,1,0,2,1,1,1,,4,CHAPELLE (ALLEE DE LA),0,,2,2,0,1,0,0,1,, -1,2,0,1,50,27,1,1,93,93014,2,2,1,3,CHAPELLE (ALLEE DE LA),48.8994984253,2.5370356082,14,3,2
202100041748,126Â 986,A01,1,1,1,0,2,6,-1,-1, -1,-1,2021,49.0,2,1,3,0,3,1,1,,1,AUTOROUTE A10,0,,3,2,0,2,0,949,2,, -1,2,0,3,90,2,5,1,91,91689,1,1,0,6,AUTOROUTE A10,48.73599,2.31764,13,1,1
202100029354,149Â 299,A01,2,2,2,5,1,-1,-1,0,0,-1,2021,17.0,1,2,6,0,2,1,1,,7,94,0,,2,2,0,2,22,631,1,, -1,1,0,3,80,7,7,1,31,31163,1,1,0,6,D94,43.579108,1.601509,15,2,1
202100003846,194Â 879,A01,10,3,1,2,0,-1,-1,2,5,1,2021,10.0,2,2,0,1,3,1,1,,4,R DES EPINETTES,0,,1,1,0,2,0,1,1,, -1,1,0,1,30,9,12,1,94,94069,2,1,0,6,Rue des Epinettes,48.82033,2.41992,12,2,1
202100011333,181Â 470,B01,1,1,1,5,2,6,-1,-1, -1,-1,2021,37.0,1,1,0,2,3,3,1,,1,A86 INT,0,,-1,6,0,1,44,799,1,, -1,1,0,1,70,24,10,1,94,94073,1,1,0,6,A86 INT,48.7706496736,2.3853272779,15,3,3
202100038363,133Â 064,A01,1,1,1,0,1,0,-1,-1, -1,-1,2021,49.0,2,2,0,2,3,13,1,,3,CASTETS (ROUTE DE),0,,2,2,0,1,13,700,1,, -1,1,0,1,80,19,5,1,40,40279,1,1,0,6,CASTETS (ROUTE DE),43.77466,-1.06825,15,2,2
202100028510,150Â 753,B01,1,1,2,1,2,6,-1,-1, -1,-1,2021,58.0,1,1,0,2,3,0,1,,3,906,0,,1,0,1,1,0,0,1,, -1,1,0,1,50,17,7,1,92,92046,2,2,0,3,PIERRE BROSSOLETTE (AVENUE),48.8129365005,2.3016504943,12,2,2
202100004222,194Â 204,A01,1,1,1,5,2,6,-1,-1, -1,-1,2021,19.0,1,1,0,2,1,17,1,,3,IMP JEAN LE STRADIC,0,,2,3,0,1,0,0,1,, -1,2,5,1,50,6,12,1,91,91027,2,9,1,2,IMP JEAN LE STRADIC,48.71522,2.38376,15,2,2
202100025668,155Â 798,A01,1,1,2,1,1,-1,-1,0,0,-1,2021,20.0,1,2,2,0,2,1,1,,3,53,0,,2,2,0,2,32,820,1,, -1,2,0,3,80,4,8,1,26,26330,2,1,1,6,Route de Chateauneuf,45.275747,4.959919,12,1,1
202100003319,195Â 832,B01,1,1,1,1,8,0,-1,-1, -1,-1,2021,42.0,1,5,0,0,1,5,1,,1,A7   25.770 A 27.460,0,,3,4,0,1,26,200,1,, -1,1,0,1,110,11,12,3,38,38544,1,1,0,6,A7,45.544,4.84204,2,3,3
202100005200,192Â 477,B01,1,1,1,0,1,-1,-1,-1, -1,-1,2021,38.0,2,2,4,2,7,3,1,,1,AUTOROUTE A86,0,,3,8,0,2,17,899,1,, -1,2,0,1,90,2,12,1,93,93027,1,1,0,3,AUTOROUTE A86,48.9279,2.40987,8,2,2
202100029041,149Â 826,A01,10,3,2,5,0,-1,-1,5,3,1,2021,88.0,1,4,0,1,0,1,1,,3,117,-1,,2,1,0,2,5,863,1,,3,1,0,1,50,15,7,1,31,31315,2,1,0,6,face au numÃ©ro 21 de la D117,43.081239,0.95257,11,2,1
202100030686,146Â 905,B01,1,1,1,5,2,6,-1,-1, -1,-1,2021,23.0,3,1,0,2,1,17,1,,4,GALLIENI (RUE DU MARECHAL),0,,2,1,0,1,(1),(1),1,, -1,1,0,1,50,19,4,1,62,62457,2,1,0,2,GALLIENI (RUE DU MARECHAL),50.460772,2.55254,16,2,2
202100018016,169Â 422,B01,1,1,2,5,1,0,-1,0,0,-1,2021,23.0,1,2,0,2,4,2,1,,4,PORTE DE CHAMPERRET,0,,1,4,0,1,17,200,1,, -1,1,1,1,70,17,9,2,75,75117,2,1,0,4,BD PERIPHERIQUE INTERIEUR,48.885193,2.287302,20,4,4
202100001323,199Â 397,A01,1,1,1,5,1,-1,-1,0,0,-1,2021,34.0,2,2,13,0,1,1,1,,3,927,0,E,2,2,0,2,0,0,1,, -1,2,5,3,80,27,12,3,36,36154,1,4,1,6,la foret chauve,46.59332,1.554029,23,1,1
202100040472,129Â 263,A01,1,1,1,0,2,0,-1,0,0,-1,2021,27.0,1,1,0,2,1,18,1,,4,REPUBLIQUE (AVENUE DE LA),0,,3,2,2,1,(1),(1),1,, -1,1,0,1,50,7,5,1,63,63113,2,3,0,3,REPUBLIQUE (AVENUE DE LA),45.7898014713,3.110630315,14,2,2
202100039475,131Â 046,B01,1,1,1,9,2,0,-1,0,0,-1,2021,22.0,2,1,0,2,1,17,1,,4,AVENUE DE SAINT OUEN,0,,2,5,1,1,(1),(1),1,, -1,2,0,5,50,18,5,1,75,75117,2,4,1,3,AVENUE DE SAINT OUEN,48.896588,2.328676,16,2,2
202100047176,117Â 440,B01,1,1,1,1,1,-1,-1,0,0,-1,2021,35.0,2,5,0,2,1,1,1,,2,1,0, -,2,2,0,1,250,535,1,, -1,1,0,1,110,22,3,3,988,98825,1,1,0,1,Franco - RT1,-21.208559,164.89161,4,2,2
202100013563,177Â 476,B01,1,1,1,0,2,6,-1,-1, -1,-1,2021,57.0,2,1,0,2,8,3,1,,1,AUTOROUTE A6B,0,,1,2,0,1,3,900,1,, -1,1,0,1,70,13,10,1,94,94038,1,1,0,3,AUTOROUTE A6B,48.78321,2.34721,13,2,2
202100047233,117Â 334,A01,10,3,1,5,0,-1,-1,2,3,1,2021,7.0,1,2,0,1,0,1,1,,4,CLOT BEY (AVENUE),0,,2,2,0,1,(1),(1),1,, -1,1,0,1,50,20,3,1,13,13208,2,3,0,6,CLOT BEY (AVENUE),43.262995,5.388442,16,2,1
202100022121,162Â 088,A01,1,1,1,5,1,8,-1,-1, -1,-1,2021,24.0,2,2,1,0,3,1,1,,3,REPUBLIQUE (AV DE LA),0,,2,2,0,1,1,0,1,, -1,1,0,1,50,28,8,2,94,94017,2,1,0,6,Avenue de la RÃ©publique,48.81888,2.51176,6,1,1
202100033037,142Â 690,A01,10,3,2,3,0,-1,-1,3,3,2,2021,3.0,1,2,0,1,1,1,2,,7,ALEXANDRE 1ER (RUE),0,,2,2,0,1,(1),(1),1,, -1,2,0,1,30,20,6,1,54,54482,2,1,1,6,ALEXANDRE 1ER (RUE),48.7001931207,6.2035645545,19,3,1
202100039431,131Â 119,A01,10,3,1,5,0,-1,-1,3,3,1,2021,83.0,2,2,0,1,4,26,1,,4,DEDIEU     (Rue),0,,1,1,1,1,(1),(1),1,, -1,1,0,1,50,18,5,1,69,69266,2,3,0,6,DEDIEU (R),45.7697,4.8719,12,2,1
202100052270,108Â 276,A01,1,1,1,0,1,-1,-1,0,0,-1,2021,60.0,1,2,2,0,1,1,1,,3,907,0,,2,2,0,2,29,600,1,, -1,1,0,1,50,8,2,1,30,30147,2,1,0,6,RD 907,44.014562,4.041703,8,1,1
202100011853,180Â 536,A01,10,3,2,9,0,-1,-1,2,3,1,2021,62.0,1,1,0,1,1,17,1,,4,BOULEVARD DE PICPUS,0,,-1,2,0,1,(1),(1),1,, -1,1,0,1,30,21,10,1,75,75112,2,2,0,6,BOULEVARD DE PICPUS,48.848056,2.399116,9,2,1
202100048044,115Â 866,A01,2,2,1,5,1,5,-1,-1, -1,-1,2021,47.0,1,2,11,0,4,26,1,,3,LOUISON BOBET (AV),0,,1,2,0,1,0,0,2,, -1,1,9,1,50,14,3,1,94,94033,2,6,0,2,CARNOT (R),48.85267,2.49044,17,5,2
202100029872,148Â 396,B01,2,2,1,5,8,-1,-1,0,0,-1,2021,23.0,2,2,0,2,6,24,1,,2,10,-1,,2,1,0,1,136,900,1,,"3,3",1,0,1,50,10,7,1,202,202207,2,1,0,2,RT 10,42.44528,9.507734,9,5,2
202100037244,135Â 107,B01,1,1,1,9,1,0,-1,-1, -1,-1,2021,72.0,3,2,8,2,1,26,1,,7,RUE VOLTAIRE,0,,2,2,0,1,1,875,1,, -1,1,0,1,50,30,5,2,38,38421,2,2,0,3,Avenue PotiÃ©,45.1735,5.7554,21,4,2
202100002969,196Â 467,A01,1,1,2,1,2,0,-1,0,0,-1,2021,36.0,2,1,0,2,1,1,1,,4,BOULEVARD DE LA CHAPELLE,0,,1,3,1,1,(1),(1),1,, -1,1,0,1,30,14,12,5,75,75110,2,2,0,2,BOULEVARD DE LA CHAPELLE,48.88428,2.364641,21,2,2
202100036974,135Â 608,A01,1,1,1,0,2,0,-1,0,0,-1,2021,18.0,0,1,0,0,7,0,1,,4,LILLE (RUE DE),0,,-1,2,0,1,1,0,1,, -1,1,0,1,50,31,5,1,71,71306,2,1,0,7,LILLE (RUE DE),46.67415,4.37202,18,1,1
202100032048,144Â 468,A01,1,1,1,5,2,6,-1,0,0,-1,2021,18.0,3,1,0,0,9,1,1,,9,,-1,,2,1,0,2,(1),(1),1,,3,1,0,1,-1,27,6,2,68,68294,2,1,0,7,Chemin du kiosque,48.262941,7.222459,4,1,1
202100041336,127Â 720,B01,1,1,2,1,2,0,-1,-1, -1,-1,2021,25.0,2,1,0,2,3,1,1,,3,BROSSOLETTE AVENUE PIERRE,0,,2,4,1,1,0,0,1,, -1,1,0,1,50,5,5,1,92,92049,2,1,0,3,BROSSOLETTE AVENUE PIERRE,48.8154679235,2.3047564924,9,2,2
202100022950,160Â 601,B01,1,1,1,0,2,6,-1,0,0,-1,2021,45.0,2,1,0,2,8,11,1,,3,910,0,,2,2,0,1,0,0,1,, -1,1,5,1,50,22,8,1,74,74225,2,4,0,1,13 R Rene Cassin,45.855919,5.950481,16,2,2
202100017001,171Â 232,A01,1,1,1,5,2,6,-1,0,0,-1,2021,41.0,1,1,0,2,3,13,1,,4,PORTE DE LA VILLETTE,0,,1,4,0,1,24,500,1,, -1,1,0,1,70,25,9,1,75,75119,2,1,0,2,BD PERIPHERIQUE INTERIEUR,48.900188,2.379269,18,2,2
202100051464,109Â 710,A01,1,1,1,3,1,-1,-1,0,0,-1,2021,83.0,1,2,6,0,3,13,1,,3,116,-1,,2,2,0,1,18,473,3,, -1,1,0,3,70,15,2,5,33,33225,2,1,0,6,Arrougeys,44.561242,-0.38924,20,1,1
202100014648,175Â 530,A01,10,3,2,0,0,-1,-1,2,3,-1,2021,19.0,2,2,0,1,1,1,1,,3,GARE (PLACE DE LA),0,,1,2,0,1,0,0,2,, -1,1,0,1,50,7,10,1,93,93078,2,1,0,6,Place de la Gare,48.945052315,2.5664641856,12,2,1
202100035406,138Â 433,A01,1,1,1,1,1,-1,-1,0,0,-1,2021,53.0,1,2,3,0,1,1,1,,7,65,-1,,1,1,0,1,4,409,2,, -1,1,2,3,70,10,6,1,34,34090,1,1,0,7,D65,43.660514,3.929104,12,1,1
202100052768,107Â 406,A01,2,2,1,0,1,-1,-1,-1, -1,-1,2021,20.0,2,2,1,0,1,14,1,,4,RIBOT (RUE ALEXANDRE),0,,1,1,0,2,(1),(1),1,, -1,1,0,1,50,3,2,5,51,51454,2,1,0,6,Rue Alexandre Ribot,49.2448967685,4.0153028858,1,2,1
202100026949,153Â 540,A01,1,1,1,4,2,6,-1,0,0,-1,2021,29.0,2,1,0,2,1,1,1,,4,BOULEVARD DE LA CHAPELLE,0,,1,2,1,1,(1),(1),1,, -1,2,0,1,30,26,7,1,75,75110,2,2,0,3,BOULEVARD DE LA CHAPELLE,48.8842447229,2.3646086454,14,2,2
202100012789,178Â 860,B01,1,1,1,0,8,0,-1,-1, -1,-1,2021,24.0,1,2,0,2,2,1,1,,1,AUTOROUTE A6A,0,,1,5,0,1,9,0,1,, -1,1,0,1,90,17,10,1,91,91689,1,1,0,1,AUTOROUTE A6A,48.74157,2.32078,15,2,2
202100016167,172Â 742,B01,1,1,1,5,8,0,-1,-1, -1,-1,2021,11.0,1,1,0,0,8,1,5,,7,1532,0,,2,2,0,1,52,375,1,, -1,1,0,1,10,29,9,1,38,38169,2,1,0,3,Boulevard Paul Langevin,45.19799,5.67154,13,2,2
202100025993,155Â 217,A01,2,2,1,5,8,0,-1,-1, -1,-1,2021,23.0,1,2,8,0,3,15,1,,4,DOLE RUE DE (inf 82),0,,3,2,2,1,(1),(1),1,, -1,2,0,4,50,1,8,5,25,25056,2,1,0,6,DOLE RUE DE (inf 82),47.23132,5.99733,5,2,1
202100055079,103Â 360,B01,1,1,1,4,8,0,-1,-1, -1,-1,2021,36.0,3,2,0,2,2,26,2,,4,TROIS MARCHES (Av des),0,,3,3,0,1,0,0,1,, -1,2,0,1,50,14,1,1,94,94021,2,6,1,3,Avenue des Trois Marches Min,48.76168,2.35677,15,2,2
202100041445,127Â 521,A01,2,2,2,5,2,6,9,0,0,-1,2021,38.0,1,1,14,0,9,1,1,,3,81,-1,,2,2,0,2,(1),(1),2,, -1,1,0,1,80,5,5,1,202,202049,1,1,0,7,route dÃ©partementale 81,42.479694,8.7746,14,2,1
202100023037,160Â 449,B01,1,1,2,0,0,-1,-1,0,0,-1,2021,20.0,0,1,0,2,1,19,3,,3,PASTEUR MARTIN LUTHER KING (SQUARE DU),0,,3,4,3,1,10,297,1,, -1,1,5,1,50,27,6,1,78,78621,2,9,0,3,PASTEUR MARTIN LUTHER KING (SQUARE DU),48.7732,1.98884,10,2,2
202100051567,109Â 521,B01,1,1,1,4,2,6,-1,-1, -1,-1,2021,21.0,1,1,0,2,1,1,3,,4,DOMER                               (R ),0,,1,1,0,1,(1),(1),1,, -1,1,0,1,50,13,2,5,69,69387,2,2,0,3,DOMER (R),45.7473111765,4.8480198188,19,2,2
202100025823,155Â 531,B01,1,1,1,0,0,-1,-1,0,0,-1,2021,17.0,2,1,0,2,1,0,3,,3,304,0,D,4,1,0,1,(1),(1),3,, -1,2,0,1,50,3,8,1,74,74081,2,6,1,3,Avenue de la sardagne,46.070075,6.563129,18,3,2
202100023063,160Â 394,C01,1,1,1,0,1,8,-1,-1, -1,-1,2021,24.0,1,2,0,2,8,0,1,,4,MIMARD ETIENNE A PARTIR NÃ¸ 29-36,0,,2,2,0,2,(1),(1),1,, -1,1,0,1,50,28,7,5,42,42218,2,2,0,5,Rue Etienne Mimard,45.43887,4.39705,21,5,3
202100038691,132Â 474,A01,1,1,2,0,1,-1,-1,0,0,-1,2021,77.0,1,2,0,2,1,2,1,,3,900,0,,2,2,0,1,(1),(1),1,, -1,1,0,1,50,23,5,1,50,50267,2,9,0,2,Route des Marais,49.222993,-1.532882,13,3,2
202100036776,135Â 971,A01,10,3,2,5,0,-1,-1,7,8,1,2021,68.0,1,3,0,1,3,1,3,,4,RACINE (AVENUE),0,,2,2,3,1,0,0,1,, -1,1,4,6,50,31,5,1,67,67482,2,8,0,6,RACINE (AVENUE),48.59625,7.69843,13,2,1
202100046207,119Â 174,A01,1,1,1,1,1,8,-1,-1, -1,-1,2021,62.0,2,2,0,2,1,26,1,,1,A86 EXT,0,,1,3,0,1,44,500,1,, -1,1,0,8,90,29,3,1,94,94073,1,1,0,6,A86 EXT,48.7706,2.38576,7,1,1
202100001283,199Â 468,A01,10,3,1,5,0,-1,-1,2,5,2,2021,6.0,2,2,0,1,1,1,1,,4,ROUGE (RUE DE LA CROIX),0,,2,2,0,1,(1),(1),1,, -1,2,0,1,50,26,12,5,59,59599,2,1,0,6,ROUGE (RUE DE LA CROIX),50.72772,3.17483,21,2,1
202100039780,130Â 484,C01,1,1,1,5,1,0,-1,-1, -1,-1,2021,55.0,2,2,0,2,1,2,1,,1,A507 sens Aubagne- Marseille,0,,1,3,0,1,1,840,1,, -1,1,1,1,70,16,5,1,13,13055,1,1,0,2,A507 sens Aubagne- Marseille,43.33007,5.39412,11,4,3
202100048029,115Â 892,C01,1,1,2,5,8,0,-1,-1, -1,-1,2021,53.0,1,1,0,2,1,1,5,,4,PROVENCE (AVENUE DE),0,,2,1,0,1,0,0,1,, -1,1,0,1,50,13,3,1,7,7102,2,2,0,4,PROVENCE (AVENUE DE),44.92499,4.87028,11,3,3
202100027396,152Â 742,A01,1,1,2,5,1,0,-1,-1, -1,-1,2021,23.0,1,2,0,2,1,19,1,,4,GENERAL GALLIENI (BD DU),0,,2,2,0,1,1,0,1,, -1,1,0,1,50,23,7,5,94,94015,2,2,0,3,Boulevard du General Gallieni,48.84513,2.52768,2,3,2
202100055949,101Â 878,A01,2,2,1,9,8,0,-1,-1, -1,-1,2021,34.0,3,2,2,0,1,1,1,,4,Avenue de CondÃ©,0,,1,1,0,3,1,0,1,, -1,2,8,4,50,7,1,5,94,94068,2,1,1,6,Avenue de CondÃ©,48.81103,2.47839,19,2,1
202100006616,189Â 964,B01,1,1,1,0,2,0,-1,0,0,-1,2021,49.0,1,1,0,2,1,2,3,,3,BIOUX (ROUTE DE),0,,2,2,2,1,0,530,2,, -1,1,0,1,50,23,11,1,71,71270,2,6,0,2,Rue Charles Pillet,46.29784,4.81955,7,2,2
202100020762,164Â 524,A01,1,1,1,5,8,-1,-1,0,0,-1,2021,23.0,1,2,2,0,9,0,1,,3,10,0,D,2,2,0,1,13,790,2,,"5,5",1,0,3,90,5,9,1,61,61345,1,1,0,6,D10,48.429072,0.761104,14,1,1
202100013810,177Â 010,B01,1,1,1,1,8,-1,-1,-1, -1,-1,2021,36.0,2,1,0,2,8,19,5,,4,GENERAL SARRAIL (DU)                (QU),0,,1,2,1,1,(1),(1),1,, -1,1,5,1,50,11,10,1,69,69386,2,3,0,3,GENERAL SARRAIL (DU)                (QU),45.76768,4.8413,8,2,2
202100038138,133Â 482,B01,1,1,1,1,1,-1,-1,-1,0,-1,2021,38.0,2,2,0,2,4,1,1,,1,AUTOROUTE A15,0,,3,10,0,1,7,900,1,, -1,2,0,1,110,26,5,2,95,95582,1,1,1,2, A15,48.96343,2.26428,6,2,2
202100023006,160Â 504,B01,1,1,1,5,2,2,-1,0,0,-1,2021,59.0,1,1,0,2,1,21,5,,4,PROMENADE ROGER LAROQUE,0,,3,4,0,1,0,0,1,, -1,1,0,1,50,2,8,1,988,98818,2,1,0,2,PROMENADE ROGER LAROQUE,-22.30362,166.44642,16,2,2
202100024547,157Â 784,B01,1,1,2,5,1,0,-1,0,0,-1,2021,57.0,2,2,0,2,8,1,1,,4,PORTE DE CLIGNANCOURT,0,,1,4,0,1,(1),(1),1,, -1,1,0,1,70,12,8,1,75,75118,2,4,0,3,PORTE DE CLIGNANCOURT,48.900994,2.34146,18,4,2
202100016153,172Â 766,B01,1,1,1,5,2,6,-1,-1, -1,-1,2021,16.0,0,1,0,2,3,15,1,,3,LAUBEUF (RUE MAXIME),0,,2,2,0,1,0,0,3,, -1,1,0,1,50,26,9,2,50,50602,2,2,0,3,LAUBEUF (RUE MAXIME),49.65285,-1.55261,20,2,2
202100055815,102Â 102,A01,10,3,1,4,8,8,-1,1,9,1,2021,50.0,1,5,1,1,2,1,1,,4,MARÃCHAL FOCH (AVENUE),0,,1,2,0,1,(1),(1),1,, -1,1,0,1,50,7,1,1,13,13204,2,1,0,6,MARÃCHAL FOCH (AVENUE),43.30214,5.39746,9,2,1
202100055100,103Â 324,B01,2,2,2,5,1,5,-1,0,0,-1,2021,84.0,2,2,0,2,3,19,1,,2,25,-1,,4,2,0,1,9,459,1,, -1,7,0,1,80,15,1,1,62,62784,1,2,0,3,RN 25,50.203948,2.535117,8,3,2
202100050233,111Â 923,A01,10,3,2,0,8,8,-1,1,1,1,2021,15.0,1,0,0,1,8,21,0,,4,JULES GUESDE,0,,1,1,0,1,0,0,1,, -1,1,0,1,50,25,2,2,93,93029,2,9,0,6,JULES GUESDE,48.9185125016,2.4618333578,19,2,1
202100030947,146Â 438,A01,1,1,1,0,1,-1,-1,0,0,-1,2021,35.0,2,2,2,0,3,16,1,,3,915,0,,2,2,0,3,35,170,3,, -1,2,0,3,70,5,7,2,76,76678,1,1,0,6,Route de la CavÃ©e,49.632336,1.480166,5,1,1
202100045124,121Â 075,A01,1,1,1,5,1,-1,-1,-1, -1,-1,2021,25.0,2,2,0,2,1,13,1,,4,NORMANDIE (RUE DE),0,,2,2,0,2,(1),(1),2,, -1,1,0,1,30,4,4,1,50,50647,2,1,0,1,NORMANDIE (RUE DE),48.84637,-1.55789,16,2,2
202100047810,116Â 295,A01,10,3,1,9,0,-1,-1,2,3,2,2021,9.0,2,2,0,1,4,4,1,,4,ICARD (BOULEVARD),0,,1,1,0,1,1,0,1,, -1,1,0,1,50,12,3,1,13,13210,2,1,0,6,ICARD (BOULEVARD),43.2775819655,5.418111734,16,3,1
202100020369,165Â 229,A01,2,2,1,5,2,-1,-1,0,0,-1,2021,32.0,2,1,0,2,3,1,1,,3,559,0,,2,2,0,1,73,314,3,, -1,1,0,1,70,8,9,1,83,83036,1,1,0,3,Route de Toulon,43.165052,6.50286,12,3,2
202100008399,186Â 718,A01,1,1,1,0,8,-1,-1,0,0,-1,2021,56.0,2,2,16,0,3,1,1,,3,443,-1,,2,2,0,2,76,922,1,, -1,1,0,8,80,12,11,1,10,10063,1,1,0,6,RD 443,48.360256,4.532955,12,1,1
202100050526,111Â 383,A01,1,1,1,5,2,6,9,0,0,-1,2021,51.0,3,1,6,0,2,1,1,,4,D274,-1,,2,2,0,1,(1),(1),1,, -1,1,0,3,50,20,2,1,17,17140,2,1,0,7,2 Chemin Saint James,45.891968,-1.273572,13,2,1
202100016461,172Â 203,B01,1,1,1,0,1,-1,-1,-1, -1,-1,2021,20.0,2,2,0,2,1,13,1,,2,RONDEAUX. AVENUE JEAN,0,,2,4,0,1,8,100,1,, -1,1,0,1,50,28,9,5,76,76540,2,2,0,3,RONDEAUX. AVENUE JEAN,49.43388,1.07611,0,4,2
202100040856,128Â 603,A01,1,1,2,5,1,8,-1,-1, -1,-1,2021,23.0,1,2,0,2,4,11,1,,2,RN346   29.300 A 34.350,0,,3,6,0,2,33,599,1,, -1,1,0,1,90,8,5,2,69,69275,1,1,0,2,RN346   29.300 A 34.350,45.7652828858,4.9849628529,5,2,2
202100051704,109Â 272,A01,10,3,2,9,0,-1,-1,2,3,1,2021,52.0,1,1,0,1,1,26,1,,7,NICE AVENUE DE (RN7),0,,2,2,0,1,(1),(1),1,, -1,1,0,1,50,11,2,1,6,6027,2,1,0,6,NICE AVENUE DE (RN7),43.659205,7.164091,9,2,1
202100050608,111Â 228,Z01,10,3,1,3,0,-1,-1,3,3,2,2021,6.0,2,1,0,1,7,1,1,,3,LENINE VLADIMIR ILITCH AVENUE,0,,1,2,1,1,0,0,1,, -1,1,9,1,50,22,2,1,92,92050,2,7,0,6,LENINE VLADIMIR ILITCH AVENUE,48.8871498993,2.1998615679,14,3,1
202100020798,164Â 472,A01,1,1,1,5,2,6,-1,0,0,-1,2021,53.0,3,1,0,0,7,1,1,,4,,0,,2,2,0,1,(1),(1),1,,4,1,0,1,90,27,8,1,14,14488,1,1,0,7,Chemin de la Pointe du Siege,49.263954,-0.252471,16,2,1