Num_Acc,id_vehicule,num_veh,place,catu,sexe,trajet,secu1,secu2,secu3,locp,actp,etatp,year_acc,victim_age,senc,catv,obs,obsm,choc,manv,motor,occutc,catr,voie,v1,v2,circ,nbv,vosp,prof,pr,pr1,plan,lartpc,larrout,surf,infra,situ,vma,jour,mois,lum,dep,com,agg_,int,atm,col,adr,lat,long,hour,nb_victim,nb_vehicules
202100026128,154Â 988,A01,2,2,1,9,2,6,-1,-1, -1,-1,2021,45.0,3,1,0,2,7,19,4,,4,NOTRE DAME DU THIL (RUE),0,,2,2,0,2,(1),(1),1,, -1,1,5,1,50,31,7,1,60,60057,2,9,0,3,Rue de Notre-Dame-du-Thil,49.45298,2.07468,17,3,2
202100049584,113Â 124,B01,1,1,2,4,1,0,-1,-1,0,-1,2021,25.0,2,2,0,2,2,1,1,,1,AUTOROUTE A3,0,,3,-1,0,1,15,100,1,, -1,1,0,1,90,1,3,1,95,95277,1,1,0,5, A3,48.96856,2.47901,12,5,5
202100017398,170Â 533,B01,1,1,1,1,2,6,-1,-1, -1,-1,2021,38.0,2,1,0,2,7,1,1,,1,A4,0,,1,3,0,1,13,199,1,, -1,1,0,1,110,22,9,1,93,93051,1,1,0,3,A4,48.836372,2.554609,19,2,2
202100018324,168Â 871,A01,1,1,1,5,1,8,-1,-1, -1,-1,2021,20.0,1,2,8,0,1,13,1,,4,EUROPE (AVENUE DE L ),0,,2,2,0,1,0,0,3,, -1,1,0,1,50,16,9,4,67,67447,2,1,0,6,EUROPE (AVENUE DE L ),48.61238,7.70821,23,3,1
202100034993,139Â 146,B01,1,1,2,0,1,0,-1,0,0,-1,2021,32.0,1,2,0,2,4,2,1,,4,ADAM  (RUE SIGISBERT),0,,1,1,0,1,(1),(1),1,, -1,1,0,1,30,10,6,1,54,54395,2,1,0,2,ADAM  (RUE SIGISBERT),48.6994551388,6.1811811606,15,3,2
202100027663,152Â 273,A01,1,1,1,0,1,-1,-1,-1, -1,-1,2021,39.0,1,2,4,0,0,12,1,,1,AUTOROUTE A 62,0,,3,4,0,1,11,900,1,, -1,1,0,1,130,22,7,1,33,33474,1,1,0,6,,44.678605,-0.48571,7,1,1
202100032074,144Â 417,A01,1,1,1,0,2,0,-1,-1, -1,-1,2021,28.0,3,1,0,2,0,17,0,,4,FOUCQUE (AVENUE HIPPOLYTE),0,,2,2,0,2,0,0,1,, -1,1,0,1,50,26,6,5,974,97411,2,1,0,3,FOUCQUE (AVENUE HIPPOLYTE),-20.89495,55.48746,21,2,2
202100010953,182Â 148,A01,10,3,1,5,0,-1,-1,1,5,1,2021,10.0,3,2,0,1,1,1,1,,4,,0,,1,1,0,1,1,0,1,, -1,1,0,1,30,26,10,1,92,92019,2,1,0,6,DE VINCI LEONARD (AVENUE),48.7657009284,2.2509258986,16,2,1
202100025971,155Â 257,A01,1,1,1,0,2,0,-1,-1, -1,-1,2021,52.0,0,1,0,0,0,0,5,,4,LYS (RUE DES),0,,2,2,0,2,0,0,1,, -1,1,0,1,50,1,8,1,91,91223,2,1,0,7,LYS (RUE DES),48.43129,2.13649,14,1,1
202100047760,116Â 378,A01,1,1,2,0,1,-1,-1,-1, -1,-1,2021,40.0,2,2,0,2,7,1,1,,4,VENDOME                             (R ),0,,1,1,2,1,(1),(1),1,, -1,1,0,1,50,16,3,1,69,69386,2,2,0,3,VENDOME (R),45.7718235977,4.8444396257,16,2,2
202100049440,113Â 388,A01,1,1,1,5,1,-1,-1,0,0,-1,2021,66.0,2,2,0,0,0,1,1,,3,1001,-1,,2,2,0,1,2,700,1,, -1,1,0,8,80,28,2,2,80,80315,1,1,0,7,D1001,49.7341839182,2.2547642217,18,1,1
202100046048,119Â 445,B01,1,1,1,9,2,8,-1,-1, -1,-1,2021,37.0,1,1,0,2,3,1,1,,1,A50-Sens Marseille vers Aubagne,0,,1,3,0,1,8,0,1,, -1,1,0,1,90,30,3,1,13,13211,1,1,0,3,A50-Sens Marseille vers Aubagne,43.28792,5.50098,8,2,2
202100054072,105Â 093,B01,1,1,1,5,2,-1,-1,-1, -1,-1,2021,19.0,2,1,0,2,1,1,1,,4,COURS GAMBETTA,0,,2,2,0,1,(1),(1),1,, -1,2,0,1,50,22,1,5,33,33119,2,9,1,3,Cours Gambetta,44.84226,-0.54001,20,2,2
202100002892,196Â 602,A01,10,3,1,9,0,-1,-1,5,B,1,2021,11.0,0,2,0,1,3,1,1,,4,DOUMER (RUE PAUL),0,,1,1,0,1,0,0,1,, -1,1,0,1,50,13,12,1,91,91223,2,1,0,6,DOUMER (RUE PAUL),48.4332,2.15762,13,2,1
202100017640,170Â 088,B01,4,2,1,0,1,0,-1,0,0,-1,2021,26.0,2,2,0,2,2,1,1,,3,AV ALBERT LEBRUN,0,,2,2,0,1,(1),(1),1,, -1,1,0,1,50,19,9,5,54,54580,2,2,0,3,AV ALBERT LEBRUN,49.47008,5.92831,4,5,2
202100000590,200Â 645,A01,10,3,2,3,0,-1,-1,3,3,1,2021,39.0,1,2,0,1,8,1,1,,3,373,-1,,2,2,0,1,22,0,1,, -1,1,0,1,50,24,12,1,51,51535,2,1,0,7,Rue Notre Dame,48.721564,3.723169,14,2,1
202100041710,127Â 054,A01,1,1,2,1,1,-1,-1,0,0,-1,2021,22.0,1,2,2,0,2,21,1,,3,220,0,,2,2,0,1,8,240,1,, -1,1,0,3,80,3,5,1,39,39189,1,1,0,6,,47.077291,5.393028,12,1,1
202100008122,187Â 210,A01,1,1,1,0,1,0,-1,-1, -1,-1,2021,59.0,1,2,0,2,3,11,1,,1,AUTOROUTE A3,0,,3,6,0,1,14,0,1,, -1,1,0,1,90,15,11,1,93,93005,1,1,0,3,AUTOROUTE A3,48.9602419884,2.4733228737,12,2,2
202100000673,200Â 511,B01,1,1,2,9,8,0,-1,-1, -1,-1,2021,49.0,3,2,0,2,4,2,1,,4,NELSON MANDELA ROND POINT,0,,1,0,0,1,0,0,1,, -1,1,0,1,50,24,6,1,13,13047,2,9,0,2,NELSON MANDELA ROND POINT,43.50092,4.99382,19,2,2
202100013386,177Â 802,B01,1,1,1,9,8,0,-1,0,0,-1,2021,29.0,2,1,0,2,3,18,5,,4,BOULEVARD DIDEROT,0,,2,2,0,1,(1),(1),1,, -1,1,0,1,30,12,10,1,75,75112,2,2,0,3,BOULEVARD DIDEROT,48.848031,2.392891,9,3,2
202100020966,164Â 191,B01,1,1,1,5,2,-1,-1,0,0,-1,2021,68.0,2,1,0,2,3,15,3,,3,42,0,,2,2,0,1,33,700,1,, -1,1,0,1,80,4,9,1,24,24362,1,2,0,3,Chemin de Puychambaud,44.9875565698,0.8294034004,15,3,2
202100029519,149Â 028,A01,2,2,2,5,1,-1,-1,0,0,-1,2021,31.0,2,2,0,2,0,0,1,,1,13,-1,,3,4,0,1,131,800,1,, -1,1,0,1,130,11,7,1,27,27340,1,1,0,6,A13,49.365307,0.80875,16,5,2
202100024339,158Â 167,A01,1,1,1,5,2,-1,-1,0,0,-1,2021,29.0,2,1,0,2,1,1,1,,3,40,0,D,2,2,0,1,(1),(1),3,, -1,1,0,1,80,14,8,1,84,84110,1,1,0,1,D 40,44.206985,5.282857,16,2,2
202100053018,106Â 951,A01,1,1,1,5,2,-1,-1,0,0,-1,2021,18.0,2,1,0,2,3,2,1,,2,RN7,0,A,1,1,0,1,11,580,1,, -1,1,5,1,30,31,1,1,69,69243,2,3,0,3,ETIENNE DOLET (R) (20),45.894907,4.437726,15,2,2
202100018685,168Â 243,B01,1,1,1,0,2,-1,-1,0,0,-1,2021,50.0,1,1,0,2,8,19,5,,4,,0,,2,2,1,1,(1),(1),1,,"3,5",1,0,1,50,14,9,5,33,33056,2,9,0,3,Avenue du GÃ©nÃ©ral de Gaulle,44.927101,-0.634962,6,2,2
202100029277,149Â 431,A01,10,3,2,0,0,-1,-1,3,3,1,2021,70.0,3,2,0,1,2,1,1,,4,PONT DES FONTAINES AVENUE,0,,2,2,0,1,0,0,1,, -1,1,9,1,30,10,7,1,84,84031,1,1,1,6,PONT DES FONTAINES AVENUE,44.060988,5.053801,9,2,1
202100047207,117Â 384,A01,10,3,1,3,0,-1,-1,2,3,1,2021,71.0,3,2,0,1,1,15,1,,4,PAUL LACAVE,0,,1,1,0,1,(1),(1),1,, -1,1,0,1,50,13,2,1,971,97120,2,3,0,6,PAUL LACAVE,16.24248,-61.53317,8,2,1
202100045563,120Â 290,B01,1,1,2,0,8,0,-1,-1, -1,-1,2021,37.0,1,1,0,2,7,1,5,,4,BOLLEE (AV) NÂ° IMP 1 A 63,0,,1,2,2,1,0,0,1,, -1,1,0,1,50,1,4,1,72,72181,2,6,0,3,BOLLEE (AV) NÂ° IMP 1 A 63,48.00396,0.20264,10,2,2
202100033665,141Â 588,B01,2,2,2,2,1,5,-1,-1, -1,-1,2021,34.0,1,2,0,2,4,16,1,,3,MONT D'EST (BD),0,,3,4,0,1,0,0,1,, -1,1,5,1,50,18,6,1,93,93051,2,2,0,2,MONT D'EST (BD),48.84214,2.54316,17,3,2
202100008747,186Â 100,A01,1,1,1,9,2,0,-1,0,0,-1,2021,26.0,1,1,0,2,8,7,1,,4,AVENUE DE FLANDRE,0,,3,4,0,1,(1),(1),1,, -1,1,-1,6,30,9,11,5,75,75119,2,3,0,3,AVENUE DE FLANDRE,48.885788,2.370981,18,3,2
202100006496,190Â 192,B01,1,1,1,1,2,6,-1,0,0,-1,2021,56.0,3,1,0,2,5,1,1,,4,,-1,,2,2,-1,1,(1),(1),1,, -1,2,0,1,-1,25,11,2,6,6161,2,3,1,3,51 Avenue des Maurettes,43.629401,7.132911,7,2,2
202100032628,143Â 440,A01,1,1,1,0,2,4,-1,-1, -1,-1,2021,30.0,2,1,0,0,8,26,1,,1,A86 EXT,0,,1,3,0,1,44,700,3,, -1,1,1,1,70,23,6,5,94,94073,1,1,0,7,A86 EXT,48.7708355223,2.3878942557,23,1,1
202100047073,117Â 628,A01,1,1,1,2,1,-1,-1,0,0,-1,2021,20.0,1,2,0,0,3,0,1,,3,03,0,D,2,2,0,1,55,47,1,, -1,1,0,1,80,23,3,1,31,31253,1,3,0,3,Route de Saint-clar,43.468101,1.234524,7,2,2
202100040971,128Â 382,A01,10,3,2,0,0,-1,-1,4,3,1,2021,15.0,0,2,0,1,2,2,1,,3,GALLIENI (AVENUE),0,,2,1,0,1,0,1,1,, -1,1,0,1,50,7,5,1,93,93031,2,1,0,6,GALLIENI (AVENUE),48.96239,2.29621,18,2,1
202100046864,118Â 009,B01,1,1,1,4,2,0,-1,-1, -1,-1,2021,27.0,1,1,0,2,8,15,1,,4,DAUPHINE (DU)                       (R ),0,,2,2,0,1,(1),(1),1,, -1,1,0,1,50,20,3,1,69,69383,2,3,0,3,DAUPHINE (DU) (R),45.75379,4.87196,11,2,2
202100013735,177Â 156,A01,1,1,1,5,2,-1,-1,0,0,-1,2021,55.0,2,1,5,0,3,1,1,,3,19,-1,,2,2,0,2,(1),(1),3,, -1,1,9,8,80,6,10,1,63,63116,1,1,0,6,D19,45.990343,3.076022,14,1,1
202100052366,108Â 109,A01,2,2,1,5,1,0,-1,-1, -1,-1,2021,26.0,2,2,0,2,1,2,1,,1,AUTOROUTE A6,0,,1,3,0,2,18,899,1,, -1,4,0,1,110,6,2,3,91,91434,1,1,1,2,AUTOROUTE A6,48.6684,2.3542,18,3,2
202100010812,182Â 402,B01,1,1,1,5,8,-1,-1,0,0,-1,2021,14.0,3,1,0,2,7,19,1,,4,,0,,2,2,0,1,(1),(1),1,,4,1,0,1,30,27,10,1,69,69242,2,3,0,3,PERRIERS (DES) (RTE),46.130267,4.762643,17,2,2
202100027770,152Â 072,A01,1,1,2,5,2,6,-1,0,0,-1,2021,28.0,3,1,14,0,7,16,3,,4,QUAI FRANCOIS MITTERRAND,0,,1,5,0,1,(1),(1),1,, -1,1,0,1,50,20,7,5,75,75101,2,2,0,6,QUAI FRANCOIS MITTERRAND,48.860132,2.333357,23,1,1
202100007321,188Â 665,B01,1,1,1,0,2,0,-1,0,0,-1,2021,33.0,1,1,0,2,1,2,3,,4,,0,,2,2,0,1,(1),(1),1,, -1,1,0,1,50,13,11,5,6,6088,2,2,0,3,ROASSAL (R. CLEMENT),43.708077,7.25697,5,2,2
202100007290,188Â 715,A01,2,2,1,5,1,0,-1,-1, -1,-1,2021,21.0,1,2,7,0,1,1,1,,4,RIBOT (AVENUE),0,,2,3,0,1,0,0,1,, -1,1,5,1,50,14,11,5,19,19031,2,3,0,6,RIBOT (AVENUE),45.1646314544,1.5025895834,5,2,1
202100039374,131Â 221,A01,1,1,1,5,8,-1,-1,0,0,-1,2021,16.0,2,1,0,0,0,1,1,,4,,-1,,2,2,0,1,(1),(1),2,, -1,1,0,1,50,3,5,1,33,33118,2,1,0,7,Avenue des Chenes,44.780944,-0.462424,13,1,1
202100042408,125Â 828,A01,1,1,1,1,2,-1,-1,0,0,-1,2021,58.0,0,1,0,2,1,17,3,,4,,-1,,2,2,0,1,(1),(1),1,, -1,1,0,1,50,26,4,1,91,91044,2,1,0,3,Route de la Grange aux Cercles,48.665781,2.280146,15,2,2
202100022054,162Â 208,B01,1,1,2,0,2,0,-1,-1, -1,-1,2021,19.0,3,1,0,2,1,1,1,,4,TROUBIRAN (CHEMIN DE),0,,2,2,0,1,(1),(1),1,, -1,1,0,1,50,28,8,3,973,97309,2,1,0,1,TROUBIRAN (CHEMIN DE),4.920060078,-52.3044061662,23,2,2
202100036786,135Â 954,A01,1,1,1,0,2,6,-1,0,0,-1,2021,64.0,1,1,0,2,2,17,1,,7,ROYAT (AVENUE DE),0,,2,2,0,2,(1),(1),1,, -1,1,0,1,50,1,6,1,63,63075,2,1,0,3,ROYAT (AVENUE DE),45.77177,3.0596,18,2,2
202100038333,133Â 112,B01,1,1,1,0,8,8,-1,-1, -1,-1,2021,33.0,2,1,0,2,4,2,0,,3,LECLERC (AVENUE DU MARECHAL),0,,1,1,0,1,0,1,1,, -1,1,0,1,50,21,5,1,74,74012,2,6,0,1,LECLERC (AVENUE DU MARECHAL),46.18963,6.24929,6,2,2
202100025585,155Â 945,B01,1,1,1,9,2,8,-1,-1, -1,-1,2021,34.0,1,1,0,2,1,3,1,,2,PETIT HAVRE (SECTEUR),0,,2,2,0,1,(1),(1),1,, -1,1,0,1,70,3,8,1,971,97113,1,1,0,3,PETIT HAVRE (SECTEUR),16.2134452047,-61.4279776812,13,3,2
202100033911,141Â 147,B01,1,1,1,5,1,5,-1,0,0,-1,2021,74.0,2,2,0,2,3,1,1,,3,19,0,D,2,2,0,2,53,180,1,0,"5,6",1,0,1,80,17,6,1,16,16413,1,1,0,1,,46.049133,0.11068,18,3,2
202100033841,141Â 268,B01,1,1,1,1,2,6,-1,0,0,-1,2021,30.0,0,1,0,2,7,17,1,,4,JETEE (L16 A M15,0,,1,0,0,1,(1),(1),3,, -1,1,0,1,50,17,6,1,34,34003,1,1,0,3,Avenue de la JetÃ©e (L16 A M15,43.27813,3.51385,12,2,2
202100004197,194Â 252,A01,1,1,1,4,1,-1,-1,-1, -1,-1,2021,36.0,1,4,13,0,7,14,1,,1,AUTOROUTE A 63,0,,3,4,0,1,8,550,1,, -1,2,0,1,110,8,12,1,33,33122,1,1,1,6,AUTOROUTE A 63,44.740778,-0.711098,8,1,1
202100010597,182Â 787,B01,1,1,1,5,0,-1,-1,0,0,-1,2021,14.0,3,1,0,2,7,19,5,,3,999,-1,,2,1,0,1,63,890,1,,"3,5",1,0,1,70,28,10,1,12,12208,1,2,0,3,D999,43.955866,2.859723,14,2,2
202100001481,199Â 140,A01,3,2,1,1,1,-1,-1,-1, -1,-1,2021,19.0,2,2,6,0,1,13,1,,3,PLOGONNEC ROUTE DE,0,,2,2,0,2,2,600,2,, -1,2,2,8,80,23,12,1,29,29232,1,1,0,6,Route de Plogonnec,48.03969,-4.12231,13,3,1
202100012888,178Â 692,A01,10,3,1,5,0,-1,-1,9,3,1,2021,66.0,0,2,0,1,6,20,1,,6,RABELAIS (R),0,,-1,0,0,1,0,0,1,, -1,1,0,1,10,16,10,1,94,94019,2,1,0,6,Rue Rabelais,48.80298,2.55308,14,2,1
202100010685,182Â 620,A01,10,3,1,0,0,-1,-1,3,3,1,2021,32.0,1,1,0,1,0,1,1,,3,CHATEAUBOEUF (ROUTE DE),0,,2,2,0,1,(1),(1),1,, -1,1,9,1,50,27,10,1,972,97209,1,1,0,6,CHATEAUBOEUF (ROUTE DE),14.61659,-61.04878,7,2,1
202100034022,140Â 946,A01,10,3,2,0,0,-1,-1,2,3,2,2021,6.0,3,2,0,1,1,1,1,,4,PASTEUR (RUE),0,,2,2,0,1,0,0,1,, -1,1,0,1,50,16,6,1,91,91326,2,2,0,6,PASTEUR (RUE),48.68694,2.37806,10,2,1
202100034945,139Â 243,B01,1,1,1,9,2,-1,-1,-1, -1,-1,2021,24.0,2,1,0,2,7,1,1,,3,AERODROME (RUE DE L'),0,,2,2,0,1,55,400,2,, -1,1,0,1,50,11,6,1,86,86194,1,6,0,3,Rue de lâAÃ©rodrome,46.584239,0.314905,18,3,2
202100054414,104Â 491,B01,1,1,1,1,1,-1,-1,-1, -1,-1,2021,50.0,1,2,0,2,3,1,1,,4,,0,,1,2,3,1,(1),(1),1,, -1,2,0,1,50,19,1,5,69,69388,2,2,0,3,ALBERT THOMAS (CR),45.7469440112,4.867117703,4,2,2
202100039946,130Â 185,B01,1,1,2,5,1,0,-1,-1, -1,-1,2021,85.0,1,2,0,2,5,2,1,,2,YSER (AVENUE DE L'),0,,2,2,0,1,48,900,1,, -1,2,0,1,50,14,5,1,32,32013,2,1,0,5,YSER (AVENUE DE L'),43.6525551099,0.5950641632,14,3,3
202100021438,163Â 323,B01,1,1,1,5,8,0,-1,-1, -1,-1,2021,60.0,1,0,0,2,8,1,3,,4,PAIX,0,,2,4,1,1,0,0,1,, -1,1,0,1,50,1,9,1,64,64445,2,1,0,3,PAIX,43.32284,-0.37073,16,2,2
202100035453,138Â 339,A01,1,1,2,0,0,-1,-1,-1, -1,-1,2021,26.0,2,1,0,2,1,1,5,,4,GAMBETTA                            (CO),0,,1,4,1,1,(1),(1),1,, -1,1,2,1,50,9,6,1,69,69383,2,2,0,3,GAMBETTA (CR),45.7562644102,4.8403546214,15,2,2
202100032603,143Â 496,A01,1,1,2,1,1,-1,-1,0,0,-1,2021,19.0,1,2,13,9,9,1,1,,3,263,0,D,2,2,0,2,2,400,3,, -1,9,0,3,50,24,6,2,30,30139,1,1,0,7,RD 263,44.131933,3.401449,21,1,1
202100002930,196Â 533,A01,10,3,1,3,0,-1,-1,3,3,1,2021,42.0,0,2,0,1,3,15,1,,4,DION (RUE ROGER),0,,4,4,0,1,(1),(1),1,, -1,1,5,1,50,14,12,5,41,41018,2,3,0,6,DION (RUE ROGER),47.60385,1.32829,17,2,1
202100003448,195Â 593,A01,1,1,1,9,2,0,-1,-1, -1,-1,2021,25.0,2,1,0,0,0,1,1,,4,R GASTON CORNAVIN ,0,,1,1,0,2,1,0,1,, -1,1,0,1,50,11,12,5,94,94041,2,1,0,7,Rue Gaston Cornavin,48.8102851744,2.3821191786,1,1,1
202100051490,109Â 667,A01,1,1,1,9,2,6,-1,0,0,-1,2021,17.0,2,1,0,0,9,26,1,,4,,0,,2,2,0,1,(1),(1),1,, -1,5,0,6,50,15,2,1,68,68247,2,1,0,7,18 Rue Saint-nicolas,47.9120490581,6.9732961804,15,1,1
202100024698,157Â 496,A01,2,2,2,0,1,0,-1,-1, -1,-1,2021,33.0,2,2,0,2,1,2,1,,1,AUTOROUTE A6B,0,,2,4,0,1,1,0,1,, -1,1,1,1,70,11,8,1,94,94043,1,1,0,4,AUTOROUTE A6B,48.8083944082,2.3479803478,17,5,4
202100014104,176Â 483,A01,1,1,2,0,1,0,-1,-1, -1,-1,2021,38.0,1,2,0,2,4,2,1,,1,AUTOROUTE A3,0,,3,6,0,1,9,399,1,, -1,1,0,1,110,10,10,1,93,93010,1,1,0,2,AUTOROUTE A3,48.9185788468,2.4785404654,14,2,2
202100026112,155Â 022,A01,1,1,1,0,2,8,-1,-1, -1,-1,2021,27.0,1,1,0,2,1,1,1,,2,CHAUVEL,0,,1,2,0,2,(1),(1),1,, -1,1,0,1,90,30,7,1,971,97101,1,1,0,4,CHAUVEL,16.238,-61.52284,13,3,3
202100002036,198Â 156,B01,1,1,1,0,8,0,-1,0,0,-1,2021,50.0,2,0,0,2,4,1,3,,3,Bernard GIVAUDAN (Avenue) D900B,0,,2,2,0,1,0,339,2,, -1,1,9,1,50,18,12,1,5,5061,2,6,0,2,Bernard GIVAUDAN (Avenue) D900B,44.54342,6.064917,15,2,2
202100017922,169Â 584,A01,10,3,2,3,0,-1,-1,5,9,2,2021,53.0,2,2,15,1,3,1,1,,3,16,-1,,1,1,0,1,6,540,1,, -1,1,6,3,30,21,9,1,89,89086,2,1,0,6,RD16 Rue des Ponts,47.886258,3.094985,10,2,1
202100039675,130Â 667,B01,2,2,2,5,1,-1,-1,-1,0,-1,2021,24.0,2,2,0,2,8,1,1,,2,RN 184,0,,3,4,0,1,10,0,2,, -1,2,0,1,90,16,5,1,95,95394,1,1,1,3,RN 184,49.051849567,2.1955081604,20,3,2
202100028150,151Â 386,B01,1,1,1,1,2,0,-1,-1, -1,-1,2021,35.0,2,1,0,2,1,1,1,,4,BILLOUX (AVENUE FRANCOIS ),0,,3,4,0,2,0,0,1,, -1,1,0,1,50,19,7,1,13,13028,2,2,0,1,BILLOUX (AVENUE FRANCOIS ),43.1787,5.59752,6,4,2
202100038436,132Â 941,A01,10,3,1,5,0,-1,-1,2,3,1,2021,70.0,3,5,0,1,1,1,1,,4,,-1,,1,1,0,1,(1),(1),1,, -1,1,0,1,-1,26,5,5,47,47195,2,1,0,6,Place du GÃ©nÃ©ral Leclerc,44.135452,0.336832,5,2,1
202100034199,140Â 619,A01,1,1,2,0,8,0,-1,-1, -1,-1,2021,25.0,1,2,0,2,1,0,1,,2,RN12 INT,0,,3,3,0,1,18,0,1,, -1,1,0,1,110,16,6,1,78,78640,1,1,0,4,RN12 INT,48.781257,2.170364,15,5,4
202100011214,181Â 686,A01,1,1,2,5,1,0,-1,-1, -1,-1,2021,20.0,1,2,0,2,9,18,1,,7,RN 60,0,,1,2,0,1,1,0,1,, -1,1,0,1,70,24,10,1,45,45147,1,1,0,5,RN 60,47.9394,1.9131,13,3,3
202100016133,172Â 803,A01,1,1,1,1,0,-1,-1,-1, -1,-1,2021,32.0,2,1,0,2,1,17,3,,4,NOBEL (QUAI ALFRED),0,,1,2,1,1,0,0,1,, -1,1,0,1,50,24,9,1,66,66136,2,1,0,3,NOBEL (QUAI ALFRED),42.69698,2.88727,18,2,2
202100023656,159Â 340,A01,1,1,1,0,0,-1,-1,0,0,-1,2021,34.0,2,2,14,0,1,1,1,,2,30,-1,,1,1,0,1,23,370,1,, -1,1,5,1,-1,19,8,5,202,202134,2,2,0,1,Boulevard Fred Scamaroni,42.632834,8.938472,1,1,1
202100032154,144Â 276,A01,1,1,1,5,1,0,-1,-1, -1,-1,2021,85.0,0,2,0,2,2,26,1,,3,182,0,,-1,2,0,1,0,0,1,, -1,2,0,1,50,26,6,1,92,92047,2,1,1,2,JARDY,48.83264,2.15326,14,3,2
202100005469,192Â 010,A01,1,1,1,5,2,6,-1,0,0,-1,2021,14.0,1,1,0,2,7,0,1,,3,15,-1,,2,2,1,1,(1),(1),3,, -1,1,5,1,-1,12,9,1,74,74229,2,3,0,3,R des Allobroges,46.226364,6.314733,10,2,2
202100023760,159Â 148,C01,1,1,1,5,8,-1,-1,0,0,-1,2021,72.0,2,1,0,2,1,1,5,,3,904,-1,,2,2,0,1,44,770,1,, -1,1,0,1,80,17,8,1,1,1092,1,1,0,5,D904,45.963982,5.258272,10,3,3
202100009433,184Â 836,B01,1,1,1,1,1,0,-1,-1, -1,-1,2021,21.0,3,2,0,2,3,16,1,,4,,0,,2,2,0,1,(1),(1),1,, -1,2,0,1,50,4,11,1,45,45169,2,3,1,3,Rue de la MouchetiÃ¨re,47.91031,1.85751,14,2,2
202100036582,136Â 325,B01,1,1,1,0,1,-1,-1,-1, -1,-1,2021,41.0,0,2,0,0,0,0,0,,4,VC,0,,2,4,0,2,(1),(1),1,, -1,1,0,1,50,3,6,1,69,69081,1,9,0,3,FRANKLIN ROOSEVELT (AV),45.7672,4.76938,17,2,2
202100003153,196Â 130,B01,5,2,2,5,2,6,-1,-1, -1,-1,2021,18.0,1,1,0,2,1,1,1,,3,VOLTAIRE (BD) PAIR,0,,2,2,0,2,47,190,1,, -1,1,9,1,50,13,12,1,1,1053,2,2,0,3,VOLTAIRE (BD) PAIR,46.2006,5.222326,15,3,2
202100031800,144Â 919,B01,2,2,1,5,1,0,-1,-1, -1,-1,2021,23.0,2,2,0,2,1,2,1,,1,A55-Sens Martigues vers Marseille,0,,1,3,0,2,15,500,2,, -1,1,3,1,90,29,6,3,13,13071,1,1,0,2,A55-Sens Martigues vers Marseille,43.40063,5.29803,2,8,2
202100000544,200Â 733,A01,10,3,2,9,0,-1,-1,3,3,1,2021,35.0,1,2,0,1,1,1,1,,4,MAJOR (PLACE DE LA),0,,1,2,0,1,0,0,1,, -1,1,0,1,30,9,11,1,13,13202,2,1,0,3,MAJOR (PLACE DE LA),43.2988976874,5.3650574559,8,2,1
202100048559,114Â 952,A01,10,3,1,1,0,-1,-1,1,3,1,2021,13.0,0,3,0,1,5,14,1,1.0,4,VICTOIRE DU HUIT MAI 1945 (AVENUE DE LA),0,,2,2,0,2,(1),(1),3,, -1,1,0,1,30,10,3,1,6,6069,2,1,0,6,VICTOIRE DU HUIT MAI 1945 (AVENUE DE LA),43.637112,6.910779,7,2,1
202100037519,134Â 602,A01,9,2,1,0,1,-1,-1,0,0,-1,2021,30.0,2,2,7,0,8,1,1,,3,144,0,A,2,2,0,1,0,0,1,, -1,1,0,1,-1,30,5,1,77,77192,1,2,0,3,d144,48.679018,2.835138,18,5,2
202100048153,115Â 675,A01,10,3,1,3,0,-1,-1,2,3,1,2021,76.0,1,5,0,1,4,20,1,,4,RUE DU MOULIN DE LA POINTE,0,,1,1,1,1,(1),(1),1,, -1,2,0,1,50,13,3,1,75,75113,2,4,1,6,RUE DU MOULIN DE LA POINTE,48.825077,2.357265,12,2,1
202100008197,187Â 070,A01,9,2,2,9,8,-1,-1,0,0,-1,2021,8.0,1,2,0,2,1,1,1,,3,911,2,D,2,2,0,1,3,187,2,, -1,1,0,1,80,15,11,1,17,17434,1,1,0,1,D911 bis,46.094603,-0.740912,16,4,2
202100007354,188Â 608,B01,1,1,1,5,2,0,-1,-1, -1,-1,2021,17.0,1,1,0,2,2,21,1,,3,PARIS(AVENUE DE),0,,3,1,0,1,1,0,1,, -1,1,0,1,50,19,11,1,94,94011,2,1,0,3,Avenue de Paris,48.77505,2.48101,11,2,2
202100018080,169Â 312,B01,1,1,1,1,2,-1,-1,0,0,-1,2021,26.0,2,1,0,2,5,17,1,,2,85,-1,N,2,2,0,1,56,0,1,, -1,2,0,1,80,15,9,2,38,38562,1,1,1,3,"D85,",45.08332,5.762973,7,2,2
202100040755,128Â 761,A01,1,1,1,5,1,0,-1,-1, -1,-1,2021,83.0,1,2,1,0,1,1,1,,4,CASSADOU (RUE 3 FRERES)),0,,2,2,0,1,0,0,1,, -1,1,0,1,50,8,5,1,24,24037,2,1,0,6,CASSADOU (RUE 3 FRERES)),44.85459,0.47619,14,2,1
202100017252,170Â 816,B01,1,1,1,0,1,-1,-1,0,0,-1,2021,21.0,3,2,0,2,8,9,1,,3,919,-1,,2,2,0,1,7,200,3,, -1,1,0,1,80,24,9,1,64,64225,1,3,0,3,RD 919,43.163413,-0.680353,18,2,2
202100051039,110Â 438,B01,2,2,2,5,1,0,-1,-1, -1,-1,2021,59.0,2,2,0,2,1,0,1,,4,GENAS    (Route de),0,,2,4,3,1,0,600,1,, -1,1,0,1,50,18,2,1,69,69266,2,2,0,3,GENAS (DE) (RTE),45.74931,4.91425,12,3,2