Num_Acc,id_vehicule,num_veh,place,catu,sexe,trajet,secu1,secu2,secu3,locp,actp,etatp,year_acc,victim_age,senc,catv,obs,obsm,choc,manv,motor,occutc,catr,voie,v1,v2,circ,nbv,vosp,prof,pr,pr1,plan,lartpc,larrout,surf,infra,situ,vma,jour,mois,lum,dep,com,agg_,int,atm,col,adr,lat,long,hour,nb_victim,nb_vehicules
202100001635,198Â 881,A01,10,3,1,1,0,-1,-1,4,3,1,2021,53.0,1,2,0,1,2,1,1,,3,LAGNY (RUE DE),0,,2,2,0,1,1,0,1,, -1,1,0,1,50,23,12,1,93,93048,2,1,0,6,LAGNY (RUE DE),48.8490865818,2.4242224228,14,3,1
202100048008,115Â 927,A01,2,2,2,0,1,0,-1,-1, -1,-1,2021,16.0,2,2,3,0,1,1,1,,1,AUTOROUTE A1,0,,3,6,0,1,38,0,1,, -1,2,0,1,130,13,3,1,60,60505,1,1,0,6,AUTOROUTE A1,49.16789,2.59927,15,4,1
202100000040,201Â 689,B01,1,1,1,1,2,0,-1,-1, -1,-1,2021,25.0,1,1,0,2,1,19,1,,4,CHARLES DE GAULLE (AV),0,,-1,4,0,1,0,0,1,, -1,1,0,1,50,12,11,5,987,98736,2,9,0,3,CHARLES DE GAULLE (AV),-17.527996,-149.548258,21,2,2
202100055864,102Â 027,B01,1,1,1,0,2,6,-1,0,0,-1,2021,48.0,1,1,0,2,1,3,1,,3,20,-1,,3,4,0,1,8,235,1,, -1,1,0,1,70,9,1,1,91,91665,2,1,0,2,Avenue de la Division Leclerc,48.664772,2.277723,12,2,2
202100002885,196Â 613,B01,1,1,2,0,1,-1,-1,-1, -1,-1,2021,53.0,2,2,0,2,4,23,1,,4,EUROPE (DE L')                      (AV),0,,3,2,0,1,(1),(1),1,, -1,1,0,1,50,14,12,5,69,69286,2,1,1,2,EUROPE (DE L') (AV),45.81846,4.90427,17,2,2
202100047589,116Â 695,B01,1,1,1,0,1,0,-1,-1, -1,-1,2021,66.0,1,2,0,2,4,2,1,,1,AUTOROUTE A86,0,,3,4,0,1,51,450,1,, -1,2,1,1,70,18,3,1,94,94034,1,1,0,4,AUTOROUTE A86,48.75972,2.32284,14,4,4
202100026800,153Â 820,B01,1,1,1,5,8,0,-1,-1, -1,-1,2021,18.0,2,1,0,2,1,5,3,,4,PRESIDENT WILSON (BOULEVARD),0,,3,6,3,1,0,0,2,, -1,2,4,1,50,24,7,5,67,67482,2,8,1,1,PRESIDENT WILSON (BOULEVARD),48.5874771501,7.7386263013,23,4,2
202100012543,179Â 294,A01,1,1,2,5,1,-1,-1,0,0,-1,2021,58.0,1,2,11,0,1,16,1,,3,323,-1,,2,2,0,1,57,290,1,, -1,2,3,3,-1,18,10,3,72,72344,1,1,1,6,D323,47.932367,0.160686,22,1,1
202100043168,124Â 506,M01,1,1,1,5,2,8,-1,-1, -1,-1,2021,22.0,3,1,0,2,1,1,1,,4,SUISSE (DE),0,,2,2,0,1,(1),(1),1,, -1,1,0,1,50,21,4,2,35,35238,2,1,0,3,SUISSE (DE),48.08652,-1.66376,20,2,2
202100009690,184Â 383,B01,1,1,2,0,1,-1,-1,0,0,-1,2021,26.0,2,2,0,2,1,0,1,,3,20,-1,,2,2,0,1,10,800,2,, -1,2,0,1,80,3,11,1,74,74128,1,1,1,5,Route des VallÃ©es,46.154806,6.345272,12,5,5
202100014852,175Â 163,A01,1,1,2,0,8,0,-1,-1, -1,-1,2021,36.0,2,1,14,0,1,26,5,,3,REPUBLIQUE (AV DE LA),0,,2,2,0,2,154,0,1,, -1,1,0,1,50,6,10,1,94,94077,2,1,0,6,Avenue de la RÃ©publique,48.732031,2.41078,15,1,1
202100005539,191Â 899,A01,10,3,1,1,0,-1,-1,4,3,1,2021,64.0,2,2,0,1,2,16,1,,4,RUE DU FAUBOURG SAINT MARTIN,0,,1,1,0,1,(1),(1),1,, -1,1,0,1,30,30,11,5,75,75110,2,2,0,6,RUE DU FAUBOURG SAINT MARTIN,48.873773,2.358311,18,2,1
202100048601,114Â 887,A01,1,1,1,5,0,-1,-1,0,0,-1,2021,20.0,1,1,0,2,1,1,1,,2,2,-1,,2,2,0,1,26,500,3,, -1,1,0,1,50,7,3,5,972,97204,2,1,0,3,N2 -,14.712551,-61.184154,20,2,2
202100026526,154Â 284,B01,2,2,2,5,1,-1,-1,0,0,-1,2021,26.0,1,2,4,0,4,1,1,,1,6,0,,3,4,0,1,235,500,1,, -1,1,0,1,130,24,7,1,21,21272,1,1,0,2,Autoroute A6,47.435044,4.307212,9,8,2
202100028328,151Â 059,B01,2,2,1,9,1,0,-1,-1, -1,-1,2021,40.0,1,2,0,2,5,23,1,,4,R PIERRE SEMARD,0,,1,2,0,1,1,0,2,, -1,1,0,1,50,18,7,1,94,94011,2,1,0,2,SEMARD(RUE PIERRE),48.76285,2.47846,15,3,2
202100004792,193Â 212,A01,1,1,1,1,2,6,-1,-1, -1,-1,2021,46.0,0,1,0,2,2,1,1,,4,RABATAU (BOULEVARD),0,,2,2,0,1,0,0,2,, -1,1,2,1,50,3,12,5,13,13210,2,1,0,3,RABATAU (BOULEVARD),43.276567766,5.3976833013,5,2,2
202100040019,130Â 062,A01,1,1,1,0,1,0,-1,-1, -1,-1,2021,24.0,1,2,4,0,3,13,1,,1,AUTOROUTE A6,0,,1,3,0,1,9,750,1,, -1,1,2,1,110,13,5,3,92,92002,1,1,0,6,AUTOROUTE A6,48.7352119004,2.3166453838,23,1,1
202100027548,152Â 486,B01,1,1,1,1,1,-1,-1,0,0,-1,2021,45.0,2,2,0,2,4,1,0,,4,Rue Monjaret de Kerjegu,0,,-1,2,0,1,(1),(1),1,, -1,1,5,1,50,22,7,1,29,29019,2,4,0,2,Rue Monjaret de Kerjegu,48.38904,-4.45688,8,2,2
202100021440,163Â 320,B01,1,1,1,0,2,6,-1,-1, -1,-1,2021,55.0,3,1,0,2,8,1,5,,4,ADOUR (AVENUE DE L'),0,,-1,2,1,1,0,0,2,, -1,1,9,1,50,31,8,5,64,64024,2,1,0,3,ADOUR (AVENUE DE L'),43.50233,-1.49363,6,2,2
202100013357,177Â 873,B01,1,1,1,5,1,8,-1,-1, -1,-1,2021,21.0,2,2,0,2,4,11,1,,1,A7-Sens Lyon vers Marseille,0,,1,2,0,1,252,0,1,, -1,1,0,1,110,12,10,3,13,13112,1,1,0,2,A7-Sens Lyon vers Marseille,43.515034,5.231394,22,2,2
202100012188,179Â 933,B01,1,1,1,1,8,0,-1,-1, -1,-1,2021,62.0,3,1,0,2,7,19,5,,4,PIAF EDITH (RUE),0,,2,2,1,1,0,0,1,, -1,2,0,1,30,18,10,1,72,72181,2,2,1,3,PIAF EDITH (RUE),48.0209029467,0.1556539533,17,2,2
202100002352,197Â 578,A01,1,1,1,1,2,0,-1,-1, -1,-1,2021,40.0,2,1,0,2,1,3,1,,1,A86 EXT,0,,1,4,0,1,37,500,1,, -1,1,0,1,90,18,12,1,94,94028,1,1,0,2,A86 EXT,48.8029982078,2.4483847618,12,2,2
202100018395,168Â 744,A01,10,3,2,5,0,-1,-1,4,3,1,2021,92.0,1,2,0,1,4,4,1,,4,RUE JACQUES LOUVEL TESSIER,0,,2,2,0,1,(1),(1),1,, -1,1,0,1,30,16,9,1,75,75110,2,2,0,6,RUE JACQUES LOUVEL TESSIER,48.871244,2.370138,16,2,1
202100026721,153Â 953,A01,1,1,2,1,1,-1,-1,0,0,-1,2021,25.0,1,2,0,2,1,13,1,,3,49,0,,2,2,0,4,0,540,1,, -1,1,0,1,90,28,7,1,15,15049,1,1,0,1,DÃ©partementale 49,45.211772,2.712078,21,2,2
202100017418,170Â 494,B01,2,2,1,0,2,6,-1,-1, -1,-1,2021,12.0,2,1,0,2,5,1,1,,4,VICTORIA (AVENUE),0,,2,2,0,1,(1),0,1,, -1,1,0,1,30,22,9,1,83,83069,2,1,0,3,VICTORIA (AVENUE),43.1139214188,6.1244112253,13,3,2
202100051858,109Â 009,B01,1,1,1,4,2,6,9,0,0,-1,2021,39.0,1,1,0,2,8,17,1,,2,10,0,T,2,2,0,2,28,800,3,, -1,1,0,1,80,12,2,1,201,201247,1,1,0,3,RT 10 - TRINITÃ DE PORTO VECCHIO,41.6230284682,9.285278829,11,2,2
202100019502,166Â 772,B01,1,1,2,5,1,0,-1,-1, -1,-1,2021,24.0,3,2,0,2,4,2,1,,4,FELIX GOUIN AVENUE,0,,1,2,0,1,0,0,3,, -1,1,0,1,50,11,9,1,13,13047,2,6,0,2,FELIX GOUIN AVENUE,43.4987038877,4.9859019272,19,4,2
202100003155,196Â 124,A01,1,1,1,5,1,8,-1,0,0,-1,2021,27.0,1,2,1,0,9,13,1,,4,RUE MARIE ET LOUISE,0,,1,2,0,1,(1),(1),1,, -1,1,0,1,30,11,12,5,75,75110,2,5,0,6,RUE MARIE ET LOUISE,48.871741,2.367808,3,1,1
202100040484,129Â 240,B01,1,1,1,1,2,-1,-1,-1, -1,-1,2021,41.0,2,1,0,2,1,1,5,,4,,0,,2,2,2,1,(1),(1),1,, -1,1,0,1,50,10,5,1,33,33281,2,3,0,3,Avenue de Magudas,44.85713,-0.6577,8,2,2
202100007917,187Â 590,A01,1,1,2,5,2,6,9,0,0,-1,2021,39.0,3,1,9,0,0,17,1,,3,,-1,,-1,2,0,1,(1),(1),1,,4,1,0,1,80,16,11,1,67,67192,1,1,0,7,D5,48.3441753523,7.6421713829,12,1,1
202100016518,172Â 101,A01,1,1,2,5,1,0,-1,0,0,-1,2021,32.0,1,2,1,0,2,1,1,,7,,0,,2,4,0,1,(1),(1),1,, -1,1,0,1,50,25,9,1,6,6027,2,1,0,6,JAURES AVENUE JEAN,43.65866,7.16953,12,2,1
202100042550,125Â 572,B01,1,1,1,4,2,6,-1,0,0,-1,2021,65.0,3,1,0,0,2,17,1,,4,,-1,,2,2,0,1,(1),(1),1,, -1,1,0,1,30,26,4,1,34,34327,2,1,0,3,Avenue du 8 Mai 1945,43.654687,3.975409,8,2,2
202100050446,111Â 529,B01,1,1,1,5,2,0,-1,-1, -1,-1,2021,29.0,3,1,0,2,9,0,1,,3,D606,0,,2,2,0,1,17,1005,1,, -1,1,0,1,90,21,2,1,77,77389,1,1,0,6,D606,48.507016,2.658477,17,5,3
202100043798,123Â 394,B01,1,1,1,5,2,0,-1,0,0,-1,2021,53.0,1,1,0,2,8,1,3,,4,RUE DU FAUBOURG SAINT DENIS,0,,2,3,0,1,(1),(1),1,, -1,1,0,1,50,15,4,5,75,75110,2,2,0,3,RUE DU FAUBOURG SAINT DENIS,48.879546,2.357214,22,2,2
202100046614,118Â 446,A01,10,3,1,5,0,-1,-1,4,3,1,2021,68.0,1,2,0,1,1,16,1,,4,LOTI PIERRE,0,,-1,2,0,1,(1),(1),1,, -1,1,5,1,30,23,3,1,29,29019,2,3,0,6,Rue Pierre Loti,48.38245,-4.5043,17,2,1
202100026008,155Â 190,A01,1,1,2,5,2,6,-1,0,0,-1,2021,61.0,3,1,0,2,1,15,1,,4,QUAI ANDRE CITROEN,0,,2,3,0,1,(1),(1),1,, -1,1,5,1,50,1,8,1,75,75115,2,2,0,3,QUAI ANDRE CITROEN,48.838738,2.269711,6,2,2
202100048846,114Â 450,A01,1,1,1,5,2,6,-1,-1, -1,-1,2021,19.0,1,1,0,2,1,2,1,,3,ROOSEVELT FRANKLIN AVENUE,0,,3,3,0,1,18,390,3,, -1,1,5,1,50,6,3,1,73,73008,2,6,0,2,D1201 Av Franklin Roosevelt,45.6970042594,5.9076428516,14,3,2
202100034661,139Â 764,A01,1,1,1,9,2,6,-1,0,0,-1,2021,41.0,1,1,8,0,1,1,1,,4,,-1,,2,2,0,1,(1),(1),1,,4,1,0,1,50,11,6,1,61,61063,2,1,0,7,za des cinq chemins,48.703211,-0.363675,18,1,1
202100024942,157Â 079,B01,1,1,1,5,2,-1,-1,0,0,-1,2021,13.0,3,1,0,2,1,15,5,,3,10,0,,2,2,0,1,(1),(1),2,,4,1,5,1,50,9,8,1,38,38547,2,6,0,3,Avenue Robert Huant,45.264227,5.900452,18,2,2
202100055014,103Â 473,A01,1,1,2,5,2,-1,-1,-1, -1,-1,2021,32.0,1,1,0,0,9,1,1,,4,,0,,2,2,0,2,(1),(1),1,, -1,2,0,1,50,13,1,5,69,69381,2,1,1,7,CROIX PAQUET (PL),45.77035,4.8365,19,1,1
202100007657,188Â 063,A01,1,1,1,5,2,0,-1,0,0,-1,2021,73.0,2,1,0,2,7,21,5,,4,BOULEVARD VICTOR,0,,3,3,1,1,(1),(1),1,, -1,1,-1,5,30,16,11,1,75,75115,2,1,0,7,BOULEVARD VICTOR,48.833083,2.287427,10,1,1
202100013940,176Â 783,A01,1,1,1,1,8,-1,-1,0,0,-1,2021,43.0,1,2,0,2,3,0,1,,3,1620,0,,2,2,0,1,1,136,2,, -1,1,0,1,70,9,10,1,45,45008,1,1,0,1,D620,48.084042,1.86729,14,2,2
202100016894,171Â 425,A01,2,2,2,0,1,0,-1,0,0,-1,2021,19.0,1,2,1,0,1,26,1,,7,FOCH (AVENUE),0,,2,2,0,1,(1),(1),1,, -1,1,0,1,50,23,9,1,54,54184,2,1,0,6,FOCH (AVENUE),48.70497,6.22831,18,2,1
202100012545,179Â 291,A01,1,1,2,4,1,-1,-1,0,0,-1,2021,31.0,1,2,0,2,1,2,1,,3,675,-1,,2,2,0,1,(1),(1),1,, -1,2,0,1,90,19,10,1,14,14055,1,3,1,2,D675,49.259224,0.09539,10,2,2
202100014224,176Â 268,B01,1,1,1,5,2,0,-1,-1, -1,-1,2021,29.0,2,1,0,2,3,2,1,,3,STALINGRAD - PONT DE NOGENT (BD DE),0,,1,3,0,1,0,0,1,, -1,1,0,1,50,9,10,1,94,94017,2,9,0,3,STALINGRAD - PONT DE NOGENT (BD DE),48.82956,2.49316,16,2,2
202100007193,188Â 897,A01,1,1,1,5,1,0,-1,0,0,-1,2021,46.0,1,2,9,0,3,1,1,,3,BRETELLE ACCES RD672 N/S,0,,1,1,0,1,0,0,2,, -1,1,5,3,50,19,11,5,71,71270,1,1,0,6,BRETELLE ACCES RD672 N/S,46.3636,4.84121,0,1,1
202100033222,142Â 380,A01,1,1,1,5,1,0,-1,-1, -1,-1,2021,36.0,1,2,1,2,8,13,1,,4,HALAGE (QU DE),0,,1,1,0,1,1,0,1,, -1,1,0,4,30,20,6,1,94,94077,2,1,0,6,Quai du Halage,48.72508,2.435248,15,2,1
202100012535,179Â 307,A01,10,3,1,3,0,-1,-1,2,3,1,2021,41.0,1,2,0,1,6,1,1,,3,472,-1,D,2,2,0,1,25,85,1,, -1,1,0,1,50,15,10,1,39,39500,2,1,0,6,16 Rue de la RÃ©publique,46.936393,5.877348,17,2,1
202100022568,161Â 284,B01,1,1,1,0,1,0,-1,-1, -1,-1,2021,39.0,2,5,0,2,5,1,1,,3,20,0,,2,4,0,1,2,49,1,, -1,1,0,1,50,26,8,1,91,91377,1,2,0,3,RN20,48.7301,2.3005,12,2,2
202100037650,134Â 359,B01,1,1,1,1,2,-1,-1,0,0,-1,2021,48.0,1,1,0,2,1,1,1,,3,768,-1,D,2,2,0,1,13,80,1,, -1,1,0,1,50,28,5,1,56,56168,1,1,0,1,Le BÃ©go D768,47.598878,-3.127252,9,2,2
202100029352,149Â 302,A01,10,3,2,3,0,-1,-1,2,3,2,2021,9.0,3,2,0,1,0,1,1,,6,0,0,A,-1,0,0,1,(1),(1),3,,0,1,0,1,30,13,7,2,6,6161,2,1,0,6,Route du Bord de Mer,43.640264,7.13893,20,2,1
202100055750,102Â 211,A01,1,1,1,0,2,0,-1,-1, -1,-1,2021,36.0,3,1,0,2,3,9,1,,4,GIACCOBBI - AV PAUL,0,,1,2,0,2,1,0,1,, -1,1,0,1,50,8,1,1,202,202033,2,1,0,3,GIACCOBBI - AV PAUL,42.67223,9.43834,16,2,2
202100036892,135Â 754,B01,2,2,2,0,1,-1,-1,0,0,-1,2021,21.0,1,2,0,0,3,1,1,,3,168,-1,,2,2,0,1,60,480,1,,"7,7",1,0,1,80,1,6,1,79,79351,1,2,0,3,,46.439365,-0.560925,18,3,2
202100051505,109Â 633,B01,1,1,1,4,1,0,-1,-1,0,-1,2021,47.0,1,5,0,2,3,23,2,,3,AV DE STALINGRAD,0,,3,4,0,1,1,600,1,, -1,1,0,1,50,14,2,5,95,95268,2,1,0,3,AV DE STALINGRAD,48.970275,2.413607,20,2,2
202100056320,101Â 228,A01,1,1,2,0,1,0,-1,-1, -1,-1,2021,20.0,2,2,4,0,3,11,1,,1,AUTOROUTE A6A,0,,2,6,0,2,2,394,2,, -1,1,0,1,90,4,1,3,94,94076,1,1,0,6,AUTOROUTE A6B,48.7969892466,2.3446454398,19,1,1
202100052379,108Â 087,B01,1,1,2,1,1,0,-1,-1, -1,-1,2021,44.0,1,2,8,2,1,1,1,,4,MARTYRS DE LA RESISTANCE (DES)      (AV),0,,2,2,0,1,(1),(1),1,, -1,1,0,1,50,5,2,2,69,69259,2,2,0,3,MARTYRS DE LA RESISTANCE (DES) (R),45.69237,4.87293,7,2,2
202100032432,143Â 801,B01,1,1,1,0,2,6,-1,-1, -1,-1,2021,23.0,1,1,0,2,2,12,1,,1,AUTOROUTE A3,0,,3,8,0,1,1,299,1,, -1,1,0,1,90,25,6,4,93,93006,1,1,0,2,AUTOROUTE A3,48.8684,2.42856,2,2,2
202100006894,189Â 447,B01,1,1,1,0,1,0,-1,-1, -1,-1,2021,47.0,2,2,0,2,5,1,1,,1,AUTOROUTE A6,0,,1,3,0,1,10,300,1,, -1,1,0,1,110,22,11,1,91,91689,1,1,0,2,AUTOROUTE A6,48.73095,2.31505,8,2,2
202100013486,177Â 629,B01,1,1,1,1,2,6,-1,-1,0,-1,2021,43.0,1,1,0,2,7,17,1,,3,CROIX BLANCHE   ROUTE DE LA,0,,2,1,0,2,3,100,1,, -1,1,0,1,50,13,10,2,95,95014,2,1,0,3,CROIX BLANCHE   ROUTE DE LA,49.00783,2.29839,8,2,2
202100052403,108Â 042,A01,1,1,1,4,2,6,-1,-1, -1,-1,2021,23.0,1,1,0,2,1,2,1,,7,BRETAGNE. AVENUE DE,0,,1,1,0,2,10,800,3,, -1,1,-1,1,30,15,1,5,76,76540,2,1,0,2,Avenue de Bretagne,49.43474,1.0863,19,2,2
202100017634,170Â 098,B01,2,2,2,5,1,8,-1,-1, -1,-1,2021,23.0,0,2,0,0,0,0,1,,4,EGALITE (RUE DE L'),0,,2,2,0,1,(1),(1),2,, -1,1,0,1,50,21,9,1,59,59152,2,7,0,3,EGALITE (RUE DE L'),50.76636,3.01192,14,3,2
202100015314,174Â 334,A01,1,1,1,0,1,0,-1,-1, -1,-1,2021,31.0,2,2,1,2,9,0,1,,3,GENERAL LECLER(RUE),0,,2,2,0,1,0,0,1,, -1,2,0,1,50,2,10,5,91,91691,2,1,1,1,GENERAL LECLER(RUE),48.715381,2.476237,20,4,2
202100034600,139Â 866,A01,10,3,1,5,0,-1,-1,3,3,1,2021,13.0,2,2,0,1,1,1,1,,3,VILLOTE (ALLEES DE),0,,1,2,0,1,0,0,1,, -1,1,0,1,30,12,6,1,9,9122,2,1,0,7,VILLOTE (ALLEES DE),42.963544,1.60717,10,2,1
202100006530,190Â 130,B01,1,1,1,1,1,-1,-1,0,0,-1,2021,21.0,2,2,0,2,1,1,1,,3,490,-1,,2,2,0,1,4,800,1,, -1,1,0,1,80,24,11,3,76,76473,1,1,0,1,D490,49.494127,0.750287,18,3,2
202100033229,142Â 369,B01,1,1,1,5,2,-1,-1,0,0,-1,2021,15.0,2,1,0,2,1,1,1,,4,,0,,2,2,0,1,(1),(1),1,,6,1,0,1,50,19,6,1,39,39097,2,1,0,3,105 Rue de Chevru,46.748732,5.915809,17,2,2
202100021947,162Â 394,A01,1,1,1,9,2,0,-1,0,0,-1,2021,36.0,1,1,11,0,6,13,1,,4,AVENUE SIMON BOLIVAR,0,,2,4,0,2,(1),(1),1,, -1,1,0,1,50,28,8,5,75,75119,2,1,0,6,AVENUE SIMON BOLIVAR,48.875101,2.382478,4,1,1
202100004120,194Â 378,A01,1,1,1,5,2,6,-1,0,0,-1,2021,27.0,3,1,0,2,8,9,1,,4,BOULEVARD DE BELLEVILLE,0,,2,2,0,1,(1),(1),1,, -1,1,0,1,30,8,12,5,75,75111,2,2,0,3,BOULEVARD DE BELLEVILLE,48.866999,2.382838,19,2,2
202100051509,109Â 625,B01,1,1,2,5,1,0,-1,-1, -1,-1,2021,21.0,0,2,0,2,4,2,1,,4,RUE DE SAINT NAZAIRE,0,,-1,2,1,1,(1),0,1,, -1,1,0,1,50,14,2,1,44,44162,2,9,0,2,RUE DE SAINT NAZAIRE,47.211524,-1.614505,13,2,2
202100039279,131Â 390,A01,10,3,1,5,0,-1,-1,1,3,3,2021,25.0,1,2,0,1,2,1,1,,2,A216,0,,1,6,0,1,1,800,1,, -1,1,9,1,50,19,5,1,62,62193,1,1,0,6,A216,50.97037,1.8794,13,3,1
202100013364,177Â 857,B01,1,1,1,1,2,6,-1,-1, -1,-1,2021,45.0,2,1,0,2,4,3,1,,1,AUTOROUTE A6A,0,,1,2,0,1,4,782,1,, -1,1,0,1,90,14,10,1,94,94038,1,1,0,2,AUTOROUTE A6A,48.77467,2.34591,14,2,2
202100006021,191Â 032,B01,1,1,1,0,2,0,-1,-1, -1,-1,2021,28.0,2,1,0,2,0,1,1,,3,907,0,,2,2,0,1,0,0,1,, -1,2,2,1,50,27,11,5,92,92012,2,2,1,3,PONT DE SAINT CLOUD (METRO),48.8411194887,2.2251471877,2,2,2
202100006394,190Â 367,B01,1,1,1,4,2,0,-1,-1, -1,-1,2021,20.0,1,1,0,2,6,17,1,,3,REPUBLIQUE (AVENUE DE LA),0,,2,2,0,1,0,100,1,, -1,1,0,1,30,23,11,5,91,91421,2,3,0,3,REPUBLIQUE (AVENUE DE LA),48.7062,2.45695,20,2,2
202100028079,151Â 519,B01,1,1,1,0,1,0,-1,-1, -1,-1,2021,26.0,1,2,0,2,4,2,1,,1,A13Y,0,,3,3,0,1,38,700,1,, -1,1,0,1,130,20,7,1,78,78029,1,1,0,2,A13Y,48.964626,1.845941,14,2,2
202100028424,150Â 909,A01,1,1,1,5,2,-1,-1,0,0,-1,2021,20.0,0,1,12,0,7,1,1,,4,0,-1,,2,2,0,1,(1),(1),3,, -1,1,0,1,50,18,7,1,27,27016,2,1,0,7,4 Rue de l Ecole,49.222524,1.417502,17,1,1
202100042862,125Â 052,A01,2,2,1,0,8,0,-1,-1, -1,-1,2021,22.0,3,1,0,0,0,15,0,,4,LAMBRET OSCAR AVENUE,0,,2,4,2,1,(1),(1),2,, -1,1,6,4,50,18,4,1,59,59350,2,9,0,7,LAMBRET OSCAR AVENUE,50.6154070711,3.0349968902,17,2,1
202100051165,110Â 219,B01,1,1,1,0,2,0,-1,0,0,-1,2021,66.0,1,1,0,2,4,1,5,,7,AGRICULTURE (AVENUE DE L'),0,,3,6,0,1,(1),(1),1,, -1,1,0,1,50,16,2,1,63,63113,2,1,0,3,AGRICULTURE (AVENUE DE L'),45.77939,3.12244,10,2,2
202100008115,187Â 225,A01,1,1,1,0,1,0,-1,-1, -1,-1,2021,22.0,2,2,13,0,1,1,1,,2,RN 118,0,,1,4,0,1,9,199,3,, -1,2,0,1,70,15,11,3,91,91534,1,1,1,7,RN 118,48.7169,2.1717,18,1,1
202100008381,186Â 750,B01,1,1,1,9,8,0,-1,-1, -1,-1,2021,45.0,1,1,0,2,1,1,1,,4,,0,,1,1,0,1,0,0,1,, -1,1,0,1,50,12,11,1,92,92050,2,2,0,3,VIEUX PONT RUE DU,48.8897597091,2.1868103743,17,2,2
202100008705,186Â 177,A01,1,1,1,5,2,8,-1,-1, -1,-1,2021,34.0,1,1,0,2,0,17,1,,4,ROMAINS (ROUTE DES),0,,2,4,1,1,0,0,1,, -1,1,0,1,50,6,11,1,67,67482,2,1,0,3,ROMAINS (ROUTE DES),48.5780433158,7.7057370543,14,2,2
202100038444,132Â 928,A01,1,1,2,1,1,9,-1,0,0,-1,2021,35.0,1,2,0,0,3,9,1,,4,,0,,2,2,0,2,(1),(1),3,, -1,2,0,1,50,25,5,1,2,2814,2,1,1,3,105 Rue Henri Richet,49.91947,3.677131,8,2,2
202100024658,157Â 579,B01,1,1,1,5,2,-1,-1,0,0,-1,2021,70.0,1,1,1,0,1,1,5,,7,17,0,,2,2,2,1,7,277,1,, -1,1,0,5,70,12,8,1,34,34169,1,1,0,2,D.17,43.668524,3.868282,11,2,2
202100033026,142Â 707,A01,10,3,2,0,0,-1,-1,2,3,1,2021,40.0,0,2,0,1,5,1,1,,4,,0,,1,1,0,1,(1),(1),1,, -1,1,0,1,50,15,6,1,80,80021,2,1,0,6,RUE LOUIS THUILLIER,49.88182,2.30247,15,2,1
202100052495,107Â 889,A01,1,1,1,5,0,-1,-1,0,0,-1,2021,71.0,2,2,0,2,1,5,1,,3,158,0,,2,2,0,1,0,900,3,, -1,2,0,1,80,6,2,1,46,46307,1,1,0,1,Les traverses,44.521693,1.003146,12,2,2
202100046346,118Â 929,B01,4,2,1,5,3,-1,-1,0,0,-1,2021,8.0,1,2,0,2,8,1,1,,3,NOVEMBRE (RUE DU XI),0,,2,2,0,1,27,877,1,, -1,1,0,1,50,26,3,1,65,65047,2,2,0,3,NOVEMBRE (RUE DU XI),43.25017,0.08957,18,5,2
202100003541,195Â 415,B01,1,1,1,1,2,0,-1,-1, -1,-1,2021,39.0,3,1,0,2,2,1,1,,4,JACINTHES (RUE DES),0,,2,2,0,2,0,0,1,, -1,1,0,1,50,7,12,1,974,97411,2,1,0,1,JACINTHES (RUE DES),-20.91014,55.48479,7,2,2
202100015387,174Â 202,B01,1,1,2,5,1,-1,-1,0,0,-1,2021,40.0,2,2,0,2,6,23,1,,2,10,-1,,2,2,0,1,137,570,1,,7,2,0,1,50,4,10,5,202,202207,2,1,0,2,hameau de FOLELLI,42.449705,9.506521,20,3,3
202100048851,114Â 442,A01,1,1,2,1,2,6,-1,-1, -1,-1,2021,26.0,2,1,0,2,2,17,1,,3,,0,,2,4,2,1,0,0,1,, -1,1,0,1,50,1,3,5,38,38544,2,1,0,3,Avenue GÃ©nÃ©ral Leclerc,45.51306,4.86572,19,2,2
202100010765,182Â 491,A01,1,1,1,0,1,-1,-1,0,0,-1,2021,22.0,1,2,0,2,1,1,1,,3,106,0,,2,2,0,1,1,500,1,, -1,1,0,1,80,27,10,1,68,68269,1,1,0,1,D106 PK 001+500,48.190367,7.346839,15,4,2
202100012114,180Â 058,A01,1,1,2,5,1,-1,-1,0,0,-1,2021,38.0,1,2,0,2,1,5,1,,3,82,0,,2,2,0,2,4,200,1,, -1,1,0,1,-1,21,10,1,202,202265,1,1,0,1,D82,42.5979413679,9.407168357,12,5,2
202100047133,117Â 518,A01,10,3,1,0,0,-1,-1,6,3,1,2021,83.0,2,2,0,1,1,1,1,,3,BUNAU VARILLA -AV-,0,,2,2,0,1,(1),(1),1,, -1,1,0,1,50,21,3,1,11,11069,2,1,0,6,BUNAU VARILLA -AV-,43.21074,2.34105,10,2,1
202100049269,113Â 691,A01,1,1,1,4,2,6,-1,0,0,-1,2021,58.0,2,1,0,2,6,11,1,,4,PORTE DE CLIGNANCOURT,0,,1,4,0,1,22,0,1,, -1,1,0,1,70,3,3,1,75,75118,2,1,0,2,PORTE DE CLIGNANCOURT,48.901076,2.345273,8,2,2
202100024111,158Â 562,B01,4,2,1,0,1,0,-1,-1, -1,-1,2021,1.0,0,2,0,0,4,23,0,,7,95,0,,-1,2,0,1,2,100,1,, -1,1,0,1,50,14,8,1,69,69259,2,9,0,2,AMBROISE CROIZAT                    (BD),45.70303,4.88741,16,5,2