Num_Acc,id_vehicule,num_veh,place,catu,sexe,trajet,secu1,secu2,secu3,locp,actp,etatp,year_acc,victim_age,senc,catv,obs,obsm,choc,manv,motor,occutc,catr,voie,v1,v2,circ,nbv,vosp,prof,pr,pr1,plan,lartpc,larrout,surf,infra,situ,vma,jour,mois,lum,dep,com,agg_,int,atm,col,adr,lat,long,hour,nb_victim,nb_vehicules
202100037841,134Â 017,B01,1,1,1,9,8,0,-1,0,0,-1,2021,29.0,2,1,0,2,1,1,5,,4,RUE MAYRAN,0,,-1,2,0,1,(1),(1),1,, -1,1,0,1,50,28,5,1,75,75109,2,1,0,3,RUE MAYRAN,48.877233,2.34519,12,2,2
202100005876,191Â 288,A01,1,1,1,1,2,0,-1,-1, -1,-1,2021,32.0,2,1,3,0,3,14,1,,3,SOLEIL LEVANT (BOULEVARD DU),0,,2,2,0,2,0,899,1,, -1,2,0,1,50,25,11,2,972,97209,1,1,1,6,SOLEIL LEVANT (BOULEVARD DU),14.62597,-61.03917,5,1,1
202100040051,130Â 008,C01,2,2,1,5,1,-1,-1,-1, -1,-1,2021,27.0,1,2,0,2,4,1,1,,2,R.N. 136,0,,3,4,0,1,21,544,1,, -1,1,0,1,90,13,5,1,35,35238,1,1,0,4,R.N. 136,48.14222,-1.65548,12,5,4
202100029603,148Â 871,A01,2,2,1,0,1,0,-1,0,0,-1,2021,31.0,1,2,2,2,1,5,1,,4,LAGRANGE (RUE LEO),0,,2,2,0,1,(1),(1),2,, -1,2,0,1,50,10,7,1,27,27562,2,1,1,1,LAGRANGE (RUE LEO),49.1029,1.45049,19,3,2
202100007611,188Â 138,A01,10,3,2,9,0,-1,-1,4,3,1,2021,82.0,0,3,0,1,7,16,1,1.0,3,SECRETAIN (AVENUE ROGER),0,,3,4,0,1,1,0,1,, -1,2,0,8,50,17,11,5,45,45234,2,2,1,6,SECRETAIN (AVENUE ROGER),47.89266,1.89587,7,2,1
202100011624,180Â 943,A01,1,1,1,1,2,6,-1,-1, -1,-1,2021,36.0,1,1,0,2,0,0,1,,4,DENIS PAPIN (RUE),0,,2,2,0,1,(1),(1),1,, -1,1,0,1,50,22,10,1,10,10325,2,1,0,3,DENIS PAPIN (RUE),48.2611,4.0481,13,2,2
202100009508,184Â 718,A01,1,1,2,1,8,-1,-1,0,0,-1,2021,47.0,2,2,0,2,1,2,1,,3,654,-1,,2,2,0,1,76,350,1,, -1,1,0,1,70,4,11,1,32,32160,1,1,0,2,D654,43.62232,1.071894,12,2,2
202100033914,141Â 142,A01,1,1,1,5,1,-1,-1,0,0,-1,2021,22.0,1,2,2,0,1,1,1,,3,110,0,,-1,2,0,1,16,300,2,,4,1,0,8,80,17,6,1,63,63388,1,1,0,7,D110,46.017592,2.761495,15,1,1
202100053418,106Â 236,A01,1,1,2,0,1,0,-1,-1, -1,-1,2021,23.0,2,2,0,2,1,2,1,,1,86,0,,3,4,0,1,6,800,1,, -1,2,0,1,110,28,1,1,92,92036,1,1,0,4,A86,48.9344075794,2.2702811315,9,3,3
202100023436,159Â 731,A01,10,3,2,1,0,-1,-1,3,3,1,2021,39.0,0,2,0,1,1,9,1,,4,SALENGRO ROGER RUE,0,,-1,1,0,1,(1),(1),1,, -1,1,0,1,30,19,8,1,29,29232,2,1,0,6,Rue Roger Salengro,47.9881606455,-4.0865948796,18,2,1
202100030078,148Â 021,B01,1,1,1,5,2,-1,-1,0,0,-1,2021,43.0,2,1,0,2,4,1,5,,3,30,0,,2,2,0,1,34,907,1,, -1,1,0,1,80,8,7,1,31,31358,1,1,0,2,1785 Route de Lavaur,43.716979,1.609303,19,2,2
202100044140,122Â 776,B01,2,2,1,4,1,0,-1,-1, -1,-1,2021,25.0,2,0,0,2,7,1,0,,7,VICTOIRE (PLACE DE LA),0,,3,3,1,1,(1),(1),1,, -1,1,0,1,50,11,4,5,59,59599,2,2,0,5,VICTOIRE (PLACE DE LA),50.71777,3.15923,21,4,3
202100054129,104Â 995,B01,2,2,2,3,1,-1,-1,0,0,-1,2021,42.0,1,2,0,2,2,2,1,,3,137,-1,,3,4,0,1,66,545,1,, -1,1,0,1,110,9,1,3,35,35356,1,1,0,2,RD 137,48.258003,-1.775583,19,5,2
202100012773,178Â 889,B01,1,1,1,0,0,-1,-1,0,0,-1,2021,60.0,3,1,0,2,1,0,5,,4,,0,,-1,2,0,1,(1),(1),1,,4,1,0,1,50,17,10,1,17,17051,2,2,0,3,Rue de Bel-Air,46.19105,-1.369807,11,2,2
202100019626,166Â 559,A01,1,1,1,5,1,-1,-1,-1,0,-1,2021,70.0,1,5,3,2,4,2,1,,3,RN 1 SENS PARIS- PROVINCE,0,,3,4,0,1,2,200,1,, -1,1,0,1,90,10,9,3,95,95539,1,1,0,2,RD 301,48.99343,2.36095,5,3,2
202100017551,170Â 253,B01,8,2,1,9,1,-1,-1,0,0,-1,2021,17.0,2,2,0,2,1,1,1,,3,934,-1,,2,2,0,1,6,300,2,, -1,1,0,1,80,23,9,1,2,2671,1,1,0,3,Route dÃ©partementale 934,49.512183,3.20466,10,6,2
202100032390,143Â 875,A01,1,1,1,5,2,6,9,0,0,-1,2021,24.0,2,1,0,2,1,13,1,,3,943,-1,D,2,2,0,2,47,(1),4,, -1,1,0,1,80,6,6,1,84,84020,1,1,0,1,D943,43.818056,5.345922,18,2,2
202100003052,196Â 315,B01,2,2,1,0,1,4,-1,-1, -1,-1,2021,43.0,2,5,0,2,4,9,1,,1,AUTOROUTE A3,0,,3,5,0,1,5,500,3,, -1,1,0,1,90,14,12,3,93,93064,1,1,0,2,AUTOROUTE A3,48.88549,2.47207,6,3,2
202100042711,125Â 287,A01,4,2,1,5,8,0,-1,-1, -1,-1,2021,5.0,3,2,4,0,2,0,1,,3,AV DE LA VICTOIRE,0,,2,2,0,1,1,0,1,, -1,1,0,1,50,24,4,1,94,94054,2,1,0,6,Avenue de la Victoire,48.74476,2.39837,18,3,1
202100047373,117Â 095,B01,1,1,1,4,2,6,-1,-1, -1,-1,2021,49.0,3,1,1,2,6,1,1,,4,REDON (BOULEVARD DU),0,,2,4,2,2,0,0,1,, -1,2,0,5,50,19,3,1,13,13209,2,1,1,3,REDON (BOULEVARD DU),43.2489924495,5.4229801562,8,2,2
202100055131,103Â 269,A01,1,1,1,5,1,-1,-1,0,0,-1,2021,84.0,3,2,0,2,8,19,1,,3,979,-1,,2,2,0,1,9,120,1,, -1,2,0,1,70,13,1,1,87,87005,1,2,1,6,Route de Laubaudie,45.800544,1.384041,12,2,2
202100031532,145Â 400,B01,1,1,2,9,1,8,-1,-1, -1,-1,2021,24.0,2,2,0,2,8,9,1,,1,A7-Sens Marseille vers Lyon,0,,1,4,0,1,277,0,1,, -1,1,0,1,90,30,6,1,13,13215,1,1,0,3,A7-Sens Marseille vers Lyon,43.3447034921,5.3747048378,7,2,2
202100026026,155Â 159,A01,1,1,1,5,1,-1,-1,0,0,-1,2021,21.0,2,2,7,0,9,1,1,,3,2144,-1,,2,2,0,2,19,154,1,, -1,1,0,3,80,1,8,1,63,63358,1,1,0,7,route dÃ©partementale 2144,46.048574,3.049328,19,1,1
202100040777,128Â 725,A01,10,3,2,0,0,-1,-1,4,3,1,2021,79.0,1,2,0,1,6,20,1,,3,HENRI BARBUSSE (RUE) =>58/69,0,,1,1,0,1,0,1,1,, -1,1,0,1,50,8,5,1,93,93001,2,2,0,6,Rue Henri Barbusse / Avenue de la RÃ©publique,48.906136,2.389631,17,3,1
202100048155,115Â 671,B01,1,1,2,5,8,0,-1,0,0,-1,2021,42.0,1,1,0,2,8,10,5,,4,BOULEVARD DE MAGENTA,0,,1,2,1,1,(1),(1),1,, -1,2,-1,5,50,13,3,1,75,75110,2,7,1,3,BOULEVARD DE MAGENTA,48.868519,2.363015,14,2,2
202100021835,162Â 597,B01,1,1,2,5,2,6,-1,0,0,-1,2021,16.0,2,1,0,2,1,1,1,,3,44,-1,,2,2,0,1,(1),(1),1,,4,1,0,1,50,30,8,1,68,68032,2,2,0,1,Rue Principale,47.847907,7.216907,18,2,2
202100022093,162Â 133,B01,1,1,1,9,8,0,-1,-1, -1,-1,2021,6.0,0,1,0,0,0,0,0,,4,NORMANDIN   RUE EMILE,0,,2,2,0,2,(1),(1),1,, -1,1,0,5,30,28,8,5,17,17300,2,3,0,3,NORMANDIN   RUE EMILE,46.1495,-1.14465,22,2,2
202100047861,116Â 210,A01,1,1,1,9,0,-1,-1,0,0,-1,2021,37.0,2,2,0,0,9,1,1,,3,432,-1,,2,2,0,1,20,400,2,, -1,2,0,3,70,17,3,3,68,68139,1,1,1,7,D432,47.601338,7.232308,3,1,1
202100046390,118Â 850,B01,1,1,1,4,2,6,-1,-1, -1,-1,2021,50.0,1,1,0,2,0,0,1,,3,AV CHARLES GIDE,0,,3,6,0,2,1,0,1,, -1,1,0,1,50,27,3,1,94,94043,2,9,0,3,CHARLES GIDE (AV),48.80815,2.35709,14,3,2
202100041994,126Â 561,A01,2,1,1,5,2,6,-1,-1, -1,-1,2021,31.0,1,1,0,2,1,11,1,,1,A4,0,,3,4,0,1,15,0,1,, -1,1,0,1,110,30,4,1,93,93051,1,1,0,2,A4,48.8348190517,2.5785747566,17,3,2
202100014654,175Â 519,A01,1,1,2,3,1,0,-1,-1, -1,-1,2021,22.0,1,2,0,2,3,1,1,,3,GABRIEL PERI (AVENUE),0,,2,2,1,1,0,1,1,, -1,1,0,1,50,7,10,1,93,93048,2,2,0,3,Avenue Gabriel PÃ©ri / Rue Condorcet,48.8568,2.4431,9,2,2
202100035748,137Â 808,A01,10,3,2,9,0,-1,-1,2,5,1,2021,12.0,1,3,0,1,3,1,3,,4,BOULEVARD MORTIER,0,,2,0,3,3,(1),(1),1,, -1,1,-1,6,60,8,6,1,75,75120,2,1,0,6,BOULEVARD MORTIER,48.871056,2.408882,17,2,1
202100004988,192Â 871,B01,1,1,2,1,1,-1,-1,0,0,-1,2021,28.0,1,2,0,2,3,2,1,,3,1083,0,D,1,3,0,1,80,600,3,, -1,7,0,1,90,3,12,3,67,67464,1,1,0,6,D83,48.347486,7.549404,4,2,2
202100031262,145Â 864,B01,1,1,1,9,2,-1,-1,0,0,-1,2021,47.0,3,1,0,2,1,26,1,,4,,0,,2,2,0,1,(1),(1),1,,5,1,0,1,80,2,7,1,971,97125,1,1,1,2,Chemin de l Esperance,16.286003,-61.270677,13,2,2
202100001577,198Â 992,A01,1,1,1,5,8,6,-1,-1, -1,-1,2021,17.0,1,1,0,2,3,13,1,,2,TUNNEL,0,,2,2,0,1,1,0,1,, -1,1,1,1,50,22,12,5,202,202033,2,1,0,6,TUNNEL,42.69478,9.45221,19,6,3
202100043291,124Â 280,A01,1,1,1,9,8,8,-1,-1, -1,-1,2021,31.0,1,2,0,5,1,19,1,,2,RN 104,0,,3,2,0,1,42,745,1,, -1,1,0,1,110,21,4,3,91,91086,1,1,0,6,RN 104,48.62436,2.37722,2,1,1
202100000650,200Â 550,A01,10,3,2,5,0,-1,-1,3,3,1,2021,26.0,0,2,0,1,1,16,1,,4,SAINT SAUVEUR,0,,1,1,0,1,0,0,1,, -1,1,6,1,30,2,5,1,55,55545,2,1,0,7,SAINT SAUVEUR,49.156155,5.388537,11,2,1
202100030961,146Â 412,A01,1,1,1,0,8,0,-1,-1, -1,-1,2021,27.0,2,2,4,0,9,0,1,,2,RN315 Y,0,,3,4,0,1,3,0,1,, -1,1,0,1,110,4,7,2,92,92036,1,1,0,6,RN315 Y,48.9299019086,2.3021194538,7,1,1
202100053784,105Â 610,A01,1,1,1,0,8,-1,-1,0,0,-1,2021,84.0,2,2,0,2,3,1,1,,3,259,-1,,2,2,0,2,7,600,1,, -1,1,0,1,80,26,1,1,32,32396,1,1,0,1,D259,44.020522,0.578746,10,3,2
202100031498,145Â 454,B01,1,1,1,5,0,-1,-1,0,0,-1,2021,59.0,3,1,0,2,7,1,5,,7,107,-1,,1,2,0,1,(1),(1),2,, -1,1,5,1,50,2,7,1,21,21171,2,6,0,3,M107,47.303587,5.119173,14,2,2
202100014684,175Â 464,B01,1,1,2,3,1,-1,-1,0,0,-1,2021,64.0,2,2,6,0,4,16,1,,3,935,0,,2,2,0,1,47,139,1,, -1,2,0,1,80,5,10,1,65,65223,2,1,0,2,7 rue du pic du midi,43.1958,0.08059,11,2,2
202100054921,103Â 639,A01,1,1,1,9,2,6,-1,0,0,-1,2021,33.0,3,1,0,2,8,15,1,,4,ALLEE DE LONGCHAMP,0,,2,2,0,1,(1),(1),1,, -1,1,0,1,50,15,1,5,75,75116,2,2,0,3,ALLEE DE LONGCHAMP,48.874928,2.271109,17,2,2
202100041895,126Â 732,B01,1,1,1,5,8,0,-1,-1, -1,-1,2021,83.0,1,1,0,2,4,1,5,,4,VAL BARIZIEN (RUE DU),0,,-1,2,0,1,(1),(1),1,, -1,1,0,1,50,29,4,1,52,52121,2,1,0,3,VAL BARIZIEN (RUE DU),48.10717,5.13281,17,2,2
202100055749,102Â 212,A01,1,1,2,3,1,-1,-1,-1, -1,-1,2021,40.0,3,2,0,2,8,13,1,,4,,0,,2,6,0,1,(1),(1),1,, -1,1,2,1,50,8,1,1,69,69384,2,1,0,3,WINSTON CHURCHILL                   (PT),45.7790468008,4.8415457835,12,2,2
202100054297,104Â 705,B01,1,1,1,5,2,-1,-1,0,0,-1,2021,55.0,1,1,0,0,4,2,5,,3,145,0,D,2,2,0,1,(1),(1),3,, -1,1,0,1,70,22,1,1,59,59258,1,1,0,2,d145,50.526919,3.239679,16,2,2
202100020013,165Â 855,B01,1,1,1,1,2,6,-1,-1, -1,-1,2021,29.0,2,1,0,2,2,3,1,,1,AUTOROUTE A6B,0,,1,3,0,1,4,300,1,, -1,1,0,1,90,8,9,1,94,94038,1,1,0,3,AUTOROUTE A6B,48.7789,2.34672,17,2,2
202100053650,105Â 834,B01,1,1,2,1,0,-1,-1,0,0,-1,2021,18.0,3,1,0,2,2,19,3,,4,,-1,,2,2,0,1,(1),(1),3,, -1,1,0,1,50,26,1,5,66,66021,2,2,0,3,Avenue du Canigou,42.727639,2.930674,7,2,2
202100026978,153Â 489,A01,1,1,1,5,2,-1,-1,0,0,-1,2021,25.0,1,1,0,2,3,10,1,,2,2,-1,,4,3,0,1,51,200,1,, -1,1,0,1,80,26,7,3,974,97410,1,1,0,3,RN 2,-21.108574,55.749264,23,5,2
202100011066,181Â 943,A01,1,1,1,5,1,0,-1,-1, -1,-1,2021,32.0,3,2,0,2,8,11,1,,4,ARAVIS (RUE DES),0,,1,2,0,1,0,1,1,, -1,1,0,1,50,23,10,1,74,74012,2,1,0,3,ARAVIS (RUE DES),46.18797,6.23403,14,6,2
202100020463,165Â 057,B01,2,2,2,2,1,0,-1,-1, -1,-1,2021,9.0,3,2,0,2,1,1,1,,7,MARAIS RUE DU,0,,2,2,0,1,(1),(1),1,, -1,1,0,1,30,18,5,1,59,59566,2,2,0,3,MARAIS RUE DU,50.62322,2.9872,11,7,2
202100011969,180Â 325,A01,2,2,2,0,2,-1,-1,-1, -1,-1,2021,20.0,2,1,12,0,1,1,1,,4,JEAN XXIII                          (BD),0,,2,3,3,1,(1),(1),1,, -1,1,0,1,50,21,10,5,69,69388,2,1,1,6,JEAN XXIII (BD),45.73996,4.87425,0,2,1
202100007710,187Â 975,B01,1,1,1,5,1,-1,-1,0,0,-1,2021,62.0,1,2,0,2,3,1,1,,3,137,0,D,2,2,0,1,46,975,3,, -1,1,0,1,80,17,11,3,85,85051,1,1,0,1,Route dÃ©partementale 137,46.700462,-1.060014,18,3,2
202100003440,195Â 605,A01,2,2,2,2,1,0,-1,0,0,-1,2021,12.0,3,2,0,2,2,15,1,,4,PONT DU GARIGLIANO,0,,2,0,0,1,(1),(1),1,, -1,1,0,1,30,10,12,5,75,75115,2,2,0,3,PONT DU GARIGLIANO,48.838717,2.269763,20,3,2
202100012604,179Â 185,B01,1,1,1,0,1,8,-1,-1, -1,-1,2021,60.0,1,2,1,0,4,23,1,,1,AUTOROUTE A1,0,,3,8,0,1,2,299,1,, -1,1,0,8,90,17,10,5,93,93066,1,1,0,6,AUTOROUTE A1,48.92306,2.35745,22,3,3
202100013402,177Â 776,B01,1,1,1,0,1,0,-1,-1, -1,-1,2021,30.0,2,2,0,2,1,19,1,,4,SALENGRO (AVENUE ROGER),0,,2,2,0,1,0,0,1,, -1,1,5,1,50,12,10,4,93,93073,2,2,0,3,SALENGRO (AVENUE ROGER),48.94255,2.57585,21,3,2
202100007139,189Â 009,A01,10,3,1,2,0,-1,-1,1,3,1,2021,7.0,1,1,0,1,1,17,1,,4,BOUDINOT (AUGUSTE) CITE THEMIRE,0,,2,1,0,1,(1),(1),1,, -1,1,0,1,50,18,11,1,973,97302,2,1,0,6,BOUDINOT (AUGUSTE) CITE THEMIRE,4.9316903843,-52.3201881945,8,2,1
202100010194,183Â 482,A01,1,1,1,0,1,-1,-1,0,0,-1,2021,26.0,3,2,6,0,1,14,1,,7,222,0,M,2,2,0,1,(1),(1),3,, -1,2,0,3,70,31,10,5,59,59088,1,1,0,6,521 Rue de la Chapelle,50.651791,2.880492,1,1,1
202100011978,180Â 308,B01,1,1,1,5,0,-1,-1,-1,0,-1,2021,15.0,3,1,0,2,1,1,3,,3,DURES TERRES    SENTE DES,0,,2,2,0,1,0,350,1,, -1,1,0,1,50,14,10,1,95,95598,2,6,0,3,CLOS RENAUD    RUE DU,48.9902196699,2.296475172,17,2,2
202100025123,156Â 747,B01,1,1,1,3,2,6,-1,0,0,-1,2021,70.0,1,1,0,2,2,1,1,,3,KERVINIOU ( ROND POINT DE ),0,,1,2,0,1,30,200,2,, -1,1,5,1,70,7,8,1,29,29039,1,6,0,3,Giratoire de Kerviniou,47.862481,-3.888854,15,2,2
202100012172,179Â 963,B01,1,1,1,0,2,6,-1,0,0,-1,2021,21.0,1,1,0,2,1,1,1,,4,BIANCAMARIA COLONEL ET CAPITAINE AVE,0,,2,2,0,2,(1),(1),1,, -1,1,0,1,50,19,10,5,201,201004,2,3,0,3,BIANCAMARIA COLONEL ET CAPITAINE AVE,41.93297,8.73741,7,2,2
202100042269,126Â 076,A01,1,1,1,5,2,-1,-1,0,0,-1,2021,49.0,3,1,0,0,0,1,1,,4,,-1,,2,2,0,2,(1),(1),1,, -1,1,0,1,50,28,4,1,85,85178,2,1,0,7,Rue du Puy Chabot,46.770475,-1.51179,16,1,1
202100043091,124Â 651,A01,1,1,1,5,2,-1,-1,0,0,-1,2021,39.0,1,1,14,0,1,1,5,,3,656,-1,,3,2,0,2,73,1190,1,, -1,1,0,1,50,22,4,1,47,47195,2,1,0,2,Avenue De lattre de tassigny,44.1347518763,0.3400436145,17,3,2
202100051134,110Â 275,B01,1,1,1,5,1,-1,-1,0,0,-1,2021,21.0,1,2,0,0,1,1,1,,3,622,0,D,2,2,0,1,6,50,1,, -1,2,0,1,80,24,1,1,81,81143,2,1,1,1,D622,43.535716,2.104037,15,2,2
202100008640,186Â 301,A01,1,1,1,5,2,6,-1,0,0,-1,2021,57.0,3,1,0,0,1,1,1,,4,,-1,,2,2,0,1,(1),(1),3,,5,1,0,1,50,11,11,1,29,29249,1,1,0,7,Toul Ar CâHaz,48.153275,-3.780107,12,1,1
202100016552,172Â 042,B01,1,1,1,1,2,6,-1,-1, -1,-1,2021,53.0,2,1,0,2,0,0,1,,3,JEAN LOLIVE (AVENUE)(55/73.62/86),0,,3,2,1,1,0,1,1,, -1,2,0,1,50,27,9,1,93,93055,2,1,1,3,Avenue Jean Lolive,48.89183,2.4066,12,2,2
202100049272,113Â 685,B01,1,1,2,9,2,6,-1,0,0,-1,2021,41.0,2,1,0,2,1,23,1,,4,RUE DES ORTEAUX,0,,2,2,0,2,(1),(1),1,, -1,1,0,1,30,4,3,1,75,75120,2,2,0,2,RUE DES ORTEAUX,48.85575,2.408247,8,2,2
202100011776,180Â 662,B01,1,1,1,1,2,6,-1,-1, -1,-1,2021,33.0,1,1,2,2,1,1,1,,3,ROUTE DE ROQUEMAURE,0,,2,2,0,1,0,0,1,, -1,2,0,1,80,21,10,3,84,84087,1,1,1,3,ROUTE DE ROQUEMAURE,44.10981,4.79237,7,2,2
202100013334,177Â 912,A01,10,3,2,0,0,-1,-1,1,3,2,2021,3.0,1,2,0,1,1,1,1,,3,FRANCE (AV. ANATOLE) DE 32 A 56,0,,1,1,0,1,1,0,1,, -1,1,0,1,30,14,10,1,93,93010,2,1,0,6,FRANCE (AV. ANATOLE) DE 32 A 56,48.89453,2.4992,17,2,1
202100019109,167Â 473,A01,1,1,1,5,1,-1,-1,-1, -1,-1,2021,23.0,1,2,16,0,9,26,1,,1,AUTOROUTE A 10,0,,3,6,0,1,529,400,1,, -1,1,0,1,130,14,9,1,33,33366,1,1,0,6,,44.987164,-0.427497,8,1,1
202100029309,149Â 373,B01,1,1,2,3,8,0,-1,-1, -1,-1,2021,50.0,3,1,0,2,0,0,5,,4,AUNIS AVENUE D',0,,-1,2,0,1,(1),(1),1,, -1,1,0,1,50,12,7,1,17,17449,2,1,0,3,AUNIS AVENUE D',45.9502752374,-0.9264591646,19,2,2
202100040922,128Â 473,B01,1,1,2,1,8,0,-1,-1, -1,-1,2021,21.0,3,1,0,2,1,1,3,,4,FARGES (AVENUE YVES),0,,1,2,0,1,(1),(1),2,, -1,2,0,1,50,6,5,1,37,37233,2,6,0,6,FARGES (AVENUE YVES),47.3868451586,0.7449079788,13,2,2
202100056419,101Â 051,B01,1,1,1,9,1,0,-1,0,0,-1,2021,52.0,2,2,0,2,4,23,1,,4,ECHANGEUR CHAPELLE,0,,1,2,0,1,(1),(1),1,, -1,1,0,1,50,1,1,1,75,75118,2,1,0,5,ECHANGEUR CHAPELLE,48.900606,2.358782,11,5,5
202100050261,111Â 878,A01,2,2,1,5,1,-1,-1,0,0,-1,2021,21.0,1,2,6,2,1,1,1,,3,619,-1,,1,1,0,1,1,0,3,, -1,2,0,1,50,26,2,1,10,10033,2,1,1,3,Boulevard de la RÃ©publique,48.230444,4.708307,12,4,2
202100054156,104Â 941,B01,1,1,1,1,2,6,-1,0,0,-1,2021,43.0,3,1,0,2,2,2,1,,4,,-1,,2,2,0,1,(1),(1),1,, -1,1,0,1,50,18,1,1,971,97103,2,1,0,3,Rue Henri Becquerel-jarry,16.243781,-61.559937,16,2,2
202100018735,168Â 150,A01,1,1,2,5,1,5,-1,-1, -1,-1,2021,27.0,1,2,1,0,2,13,1,,3,VICTOR BASCH (RUE),0,,2,1,0,1,0,0,2,, -1,2,0,1,50,15,9,1,91,91687,2,1,1,7,VICTOR BASCH (RUE),48.682711,2.380394,12,1,1
202100020895,164Â 299,A01,4,2,1,5,8,0,-1,-1, -1,-1,2021,16.0,1,2,1,0,2,14,2,,3,,0,,1,2,0,3,1,0,4,, -1,1,0,4,50,4,9,5,92,92073,2,1,0,6,SELLIER (BOULEVARD HENRI),48.8679212163,2.2256541252,2,2,1
202100041580,127Â 277,A01,1,1,1,3,1,0,-1,-1, -1,-1,2021,53.0,3,2,9,0,2,14,1,,4,ROBERT SCHUMAN (AVENUE),0,,2,2,0,1,0,0,2,, -1,1,0,1,50,3,5,1,92,92048,2,1,0,6,ROBERT SCHUMAN (AVENUE),48.7890092262,2.2339252176,14,1,1
202100055938,101Â 894,A01,10,3,1,5,0,-1,-1,4,3,1,2021,44.0,2,2,0,1,6,15,3,,4,RUE DU DOCTEUR POTAIN,0,,1,1,0,1,(1),(1),1,, -1,1,0,1,30,7,1,5,75,75119,2,2,0,6,RUE DU DOCTEUR POTAIN,48.878257,2.397924,19,2,1
202100042892,124Â 997,B01,1,1,1,5,2,0,-1,-1, -1,-1,2021,65.0,0,1,0,2,3,1,1,,4,GAVOTY (BOULEVARD),0,,-1,1,0,1,(1),(1),1,, -1,1,0,1,50,23,4,1,13,13212,2,1,0,3,GAVOTY (BOULEVARD),43.31094,5.41415,12,2,2
202100019843,166Â 167,A01,1,1,1,0,2,0,-1,-1, -1,-1,2021,46.0,2,1,8,0,1,1,1,,3,LIMOGES (AVENUE DE),0,,2,3,0,1,0,0,1,, -1,1,0,1,50,9,9,1,87,87050,2,1,0,6,LIMOGES (AVENUE DE),45.86758,1.23853,8,1,1
202100021292,163Â 596,B01,1,1,2,1,2,0,-1,0,0,-1,2021,33.0,2,0,0,2,1,7,3,,4,AVENUE DE LA PORTE D ITALIE,0,,2,6,3,1,(1),(1),1,, -1,1,0,6,30,2,9,1,75,75113,2,4,0,3,AVENUE DE LA PORTE D ITALIE,48.8173069715,2.3600360199,8,2,2
202100035494,138Â 266,A01,1,1,1,5,2,6,-1,-1, -1,-1,2021,17.0,0,1,0,2,1,1,1,,4,MOULIN (RUE JEAN),0,,2,2,0,1,0,0,1,, -1,1,0,1,50,5,6,1,50,50602,2,1,0,2,MOULIN (RUE JEAN),49.6334,-1.59968,16,2,2
202100013222,178Â 107,A01,1,1,1,1,2,6,-1,-1, -1,-1,2021,19.0,1,1,0,0,7,0,1,,3,NEXON (RUE DE),0,,2,2,0,1,0,0,1,, -1,1,0,1,50,14,10,5,87,87085,2,1,0,7,NEXON (RUE DE),45.8188,1.26433,4,1,1
202100045879,119Â 750,A01,1,1,1,5,0,-1,-1,0,0,-1,2021,58.0,0,1,0,0,0,1,5,,4,,0,,-1,2,0,1,(1),(1),1,, -1,1,0,1,50,29,3,1,35,35363,2,1,0,7,rue de la rivaudiÃ¨re,48.01335,-1.70794,18,1,1
202100050677,111Â 103,A01,1,1,1,1,1,-1,-1,0,0,-1,2021,45.0,2,2,0,2,3,13,1,,3,744,0,,2,2,0,2,16,638,1,,6,2,0,1,-1,22,2,3,79,79123,1,1,1,5,La Roche au Cou Montigny,46.7958,-0.655982,7,3,3
202100016914,171Â 386,B01,1,1,1,2,2,0,-1,-1, -1,-1,2021,14.0,2,1,0,2,1,1,5,,4,,0,,2,4,0,1,(1),(1),1,, -1,1,0,1,50,23,9,1,45,45234,2,3,0,1,Rue Vieille LevÃ©e,47.8925,1.89577,16,4,2
202100045787,119Â 907,B01,1,1,1,9,8,0,-1,0,0,-1,2021,50.0,1,1,0,2,1,7,5,,4,AVENUE DE FLANDRE,0,,1,3,3,1,(1),(1),1,, -1,1,-1,6,50,31,3,1,75,75119,2,1,0,3,AVENUE DE FLANDRE,48.885079,2.370078,18,2,2
202100055747,102Â 216,A01,1,1,1,1,2,8,-1,-1, -1,-1,2021,49.0,2,1,0,2,8,1,1,,2,ROUTE NATIONALE 1,0,,-1,2,0,1,7,0,2,, -1,1,0,1,90,8,1,1,972,97213,2,1,0,7,ROUTE NATIONALE 1,14.64916,-60.97511,7,1,1
202100024018,158Â 714,A01,1,1,1,5,2,0,-1,-1, -1,-1,2021,27.0,3,1,0,0,0,19,1,,4,CROIZET (LIEU-DIT LE),0,,2,2,0,1,(1),(1),1,, -1,1,0,1,50,14,8,1,15,15012,1,1,0,7,Lieu Dit le Croizet,44.873924,2.477049,16,1,1
202100050544,111Â 349,A01,1,1,1,0,2,6,-1,-1, -1,-1,2021,24.0,2,1,0,2,1,3,1,,1,AUTOROUTE A1,0,,3,8,0,1,1,200,1,, -1,1,1,1,90,22,2,5,93,93066,1,1,0,3,AUTOROUTE A1,48.91217,2.3578,18,2,2
202100004613,193Â 527,A01,1,1,1,5,1,-1,-1,-1, -1,-1,2021,43.0,2,2,4,0,1,21,1,,7,RD383   3.750 A 7.640,0,,3,8,0,1,7,199,1,, -1,1,0,1,70,5,12,3,69,69266,1,1,0,6,PERIPHERIQUE LAURENT BONNEVAY (BD),45.75482,4.90851,5,1,1
202100007945,187Â 538,A01,1,1,1,1,2,6,-1,-1, -1,-1,2021,47.0,2,1,0,0,8,15,1,,1,86,0,,1,1,0,1,0,500,2,, -1,1,1,2,70,16,11,1,92,92050,1,1,0,7,A86,48.9047320164,2.2079381347,10,1,1
202100023148,160Â 241,A01,10,3,1,0,0,-1,-1,3,3,1,2021,70.0,3,2,0,1,2,16,1,,4,,0,,1,1,0,2,0,0,1,, -1,1,0,1,50,21,8,1,92,92022,2,1,0,6,ALBERT-PREMIER (RUE),48.8095,2.19064,10,2,1