Num_Acc,id_vehicule,num_veh,place,catu,sexe,trajet,secu1,secu2,secu3,locp,actp,etatp,year_acc,victim_age,senc,catv,obs,obsm,choc,manv,motor,occutc,catr,voie,v1,v2,circ,nbv,vosp,prof,pr,pr1,plan,lartpc,larrout,surf,infra,situ,vma,jour,mois,lum,dep,com,agg_,int,atm,col,adr,lat,long,hour,nb_victim,nb_vehicules
202100006635,189Â 928,A01,1,1,1,1,8,0,-1,-1, -1,-1,2021,23.0,2,2,0,2,8,13,1,,3,FUMECON (LIEU-DIT),0,,2,2,0,1,36,1100,3,, -1,1,9,1,90,22,11,3,61,61466,1,1,0,5,FUMECON (LIEU-DIT),48.73619,-0.54099,7,3,3
202100005766,191Â 487,A01,2,1,1,5,2,6,-1,-1, -1,-1,2021,18.0,1,1,0,2,1,17,1,,7,ROUMANILLE (AVENUE JOSEPH),0,,2,1,0,1,(1),(1),1,, -1,1,0,1,50,27,11,5,13,13028,2,1,0,3,ROUMANILLE (AVENUE JOSEPH),43.200663744,5.6231100028,20,2,2
202100035905,137Â 510,A01,1,1,2,5,1,8,-1,-1, -1,-1,2021,65.0,2,2,15,0,1,14,1,,4,BLANKAERT  (RUE  JUDE ),0,,2,2,0,1,(1),(1),2,, -1,1,0,4,30,4,6,1,56,56121,2,1,0,6,BLANKAERT  (RUE  JUDE ),47.76241,-3.39241,15,1,1
202100007585,188Â 181,B01,1,1,1,1,2,-1,-1,-1, -1,-1,2021,40.0,3,1,0,2,1,1,5,,4,REPUBLIQUE (COURS DE LA),0,,3,4,1,1,0,0,1,, -1,1,0,5,50,16,11,1,76,76351,2,1,0,3,REPUBLIQUE (COURS DE LA),49.49236,0.123855,15,2,2
202100047739,116Â 417,A01,10,3,2,5,0,-1,-1,3,3,2,2021,74.0,1,2,0,1,3,1,1,,4,VERSAILLES (RUE DE),0,,3,2,0,2,0,0,1,, -1,1,0,1,30,6,3,1,57,57591,2,1,0,6,VERSAILLES (RUE DE),49.25195,6.09469,9,3,1
202100013007,178Â 497,A01,2,2,1,5,0,-1,-1,-1, -1,-1,2021,22.0,1,2,4,0,2,1,1,,7,RD383   11.750 A 14.250,0,,3,6,0,1,12,399,1,, -1,1,0,1,70,14,10,5,69,69259,1,1,0,6,D383   11.750 A 14.250,45.7187321818,4.8732552121,23,2,1
202100028643,150Â 515,B01,1,1,2,1,1,0,-1,-1, -1,-1,2021,39.0,2,2,1,2,2,1,1,,4,MAINE (RUE DU) DU 33 AU 103 - DU 36 AU 1,0,,2,1,0,1,(1),(1),1,, -1,1,0,1,50,15,7,1,44,44184,2,2,0,3,MAINE (RUE DU) DU 33 AU 103 - DU 36 AU 1,47.2807,-2.21008,10,2,2
202100039858,130Â 336,A01,1,1,1,5,0,-1,-1,0,0,-1,2021,39.0,3,1,0,0,0,1,3,,4,,0,,2,2,0,1,(1),(1),1,, -1,1,0,1,50,16,5,1,33,33205,2,1,0,7,Lieu Dit Brouquet,44.626886,-0.381474,17,1,1
202100014565,175Â 671,A01,10,3,1,5,0,-1,-1,1,3,1,2021,86.0,2,5,0,1,4,4,1,,4,LE GRECO (ALLEE),0,,2,2,0,1,0,0,1,, -1,1,0,1,30,6,10,1,87,87085,2,1,0,6,LE GRECO (ALLEE),45.84576,1.2326,10,2,1
202100009166,185Â 332,A01,1,1,1,5,2,-1,-1,0,0,-1,2021,87.0,0,1,0,2,1,1,1,,9,,0,,2,2,0,2,35,900,1,, -1,1,0,1,60,6,11,1,987,98734,2,1,0,1,PK 35+900,-17.723379,-149.50573,15,2,2
202100002055,198Â 120,B01,4,2,1,0,1,0,-1,-1, -1,-1,2021,18.0,0,1,0,2,2,17,3,,4,GUESDES (RUE JULES),0,,3,2,0,1,1,0,1,, -1,1,0,1,50,20,12,1,93,93010,2,1,0,3,GUESDES (RUE JULES),48.9035816338,2.4775747673,16,3,2
202100053341,106Â 374,A01,10,3,2,0,0,-1,-1,9,2,1,2021,59.0,3,2,0,1,3,26,0,,6,BERNARD RUE TRISTAN,0,,-1,0,0,1,(1),(1),1,, -1,1,0,8,10,27,1,1,25,25056,2,1,0,6,BERNARD RUE TRISTAN,47.24824,6.03688,13,2,1
202100038239,133Â 292,A01,2,2,2,0,2,6,-1,-1, -1,-1,2021,11.0,3,1,0,2,2,26,1,,3,7,0,,2,2,0,1,0,0,1,, -1,1,0,1,50,26,5,1,92,92064,2,1,0,3,CARNOT,48.8422516106,2.2228327701,14,3,2
202100028854,150Â 141,B01,1,1,1,1,8,0,-1,0,0,-1,2021,26.0,1,1,0,2,7,1,3,,4,AVENUE DE CLICHY,0,,2,1,1,1,(1),(1),1,, -1,1,0,5,30,14,7,1,75,75117,2,3,0,3,AVENUE DE CLICHY,48.886735,2.32594,15,2,2
202100029924,148Â 315,D01,2,2,1,9,1,0,-1,-1, -1,-1,2021,56.0,1,2,4,2,0,2,1,,1,A51-Sens Aix en Provence vers Marseille,0,,1,3,0,1,1,0,1,, -1,1,0,1,90,8,7,1,13,13106,1,1,0,4,A51-Sens Aix en Provence vers Marseille,43.40406,5.35836,18,7,4
202100029528,149Â 015,A01,1,1,1,5,0,-1,-1,0,0,-1,2021,60.0,2,2,4,0,1,1,1,,2,4,0,,3,4,0,1,15,303,1,, -1,2,0,1,90,7,2,3,77,77470,1,1,1,4,N4,48.735772,2.771537,19,4,4
202100046817,118Â 094,B01,1,1,2,1,1,-1,-1,0,0,-1,2021,52.0,2,2,0,2,4,1,1,,3,d253,-1,,2,2,0,1,7,490,1,, -1,1,5,1,80,25,3,1,67,67084,1,3,0,2,D203,48.344479,7.382496,7,2,2
202100012093,180Â 100,A01,1,1,1,0,0,-1,-1,0,0,-1,2021,27.0,2,2,4,0,9,1,1,,3,907,-1,,2,2,0,1,26,400,2,, -1,1,0,1,80,21,10,1,74,74183,1,1,0,6,D907,46.111032,6.557438,18,1,1
202100036777,135Â 970,A01,10,3,2,2,0,-1,-1,3,3,1,2021,13.0,2,2,0,1,3,1,1,,3,MARIENTHAL (ROUTE DE),0,,3,2,0,2,0,0,1,, -1,1,9,1,50,1,6,1,67,67180,2,1,0,6,MARIENTHAL (ROUTE DE),48.80246,7.79907,16,3,1
202100053399,106Â 274,B01,1,1,1,1,0,-1,-1,0,0,-1,2021,20.0,2,1,0,0,0,2,3,,3,933,0,,2,2,0,1,21,935,3,, -1,2,0,1,80,29,1,3,47,47326,1,1,1,3,RD 933,44.51174,0.272781,5,2,2
202100010141,183Â 571,B01,1,1,1,5,1,-1,-1,-1, -1,-1,2021,46.0,3,2,0,2,3,1,1,,4,LIONEL TERRAY                       (R ),0,,1,3,2,1,(1),(1),1,, -1,1,0,1,50,30,10,1,69,69029,2,1,0,3,LIONEL TERRAY (R),45.7284621011,4.8946237564,13,3,2
202100027025,153Â 408,A01,1,1,1,4,1,-1,-1,0,0,-1,2021,25.0,3,2,8,2,6,21,1,,7,105,0,F,1,1,0,1,0,500,1,, -1,1,5,1,50,27,7,1,38,38382,2,5,0,3,Avenue de San Marino,45.239982,5.666199,14,3,2
202100038345,133Â 090,B01,1,1,2,0,2,0,-1,0,0,-1,2021,22.0,1,1,0,2,1,1,5,,4,LIONDARDS (RUE DES),0,,2,2,1,1,(1),(1),1,, -1,1,-1,1,50,21,5,1,63,63113,2,1,0,3,LIONDARDS (RUE DES),45.7642030717,3.0920617278,13,2,2
202100015878,173Â 296,A01,10,3,1,0,0,-1,-1,9,5,3,2021,18.0,1,4,0,1,2,26,1,,3,RTE DE LONGJUMEAU,0,,-1,0,0,1,0,0,1,, -1,1,0,8,50,30,9,3,91,91161,2,1,0,6,RTE DE LONGJUMEAU,48.713757,2.298242,21,2,1
202100023899,158Â 916,A01,1,1,2,0,8,0,-1,-1, -1,-1,2021,39.0,1,2,1,0,8,24,1,,4,RABELAIS (RUE),0,,1,1,0,1,0,0,1,, -1,1,0,1,50,16,8,1,13,13216,2,1,0,2,RABELAIS (RUE),43.3604152058,5.3299222023,16,2,2
202100041188,127Â 976,B01,2,2,2,3,1,-1,-1,0,0,-1,2021,53.0,3,2,0,2,2,19,1,,2,83,-1,,2,2,0,1,65,200,1,, -1,1,0,1,80,7,5,1,39,39434,1,2,0,3,,46.848364,5.705826,19,5,2
202100031960,144Â 616,B01,1,1,1,0,1,0,-1,-1, -1,-1,2021,50.0,1,2,0,2,8,9,1,,2,RN5-BOISRIPEAUX,0,,3,2,0,1,(1),(1),1,, -1,1,0,1,50,27,6,1,971,97101,2,6,0,3,RN5-BOISRIPEAUX,16.2797884172,-61.5077152833,6,5,2
202100045220,120Â 894,B01,1,1,2,9,2,0,-1,0,0,-1,2021,18.0,2,1,0,2,1,1,1,,4,ALOUETTES (AVENUE DES),0,,2,4,0,1,(1),(1),1,, -1,1,0,1,50,3,4,1,71,71306,2,2,0,3,ALOUETTES (AVENUE DES),46.6823852097,4.3621169085,11,2,2
202100054942,103Â 602,B01,1,1,1,1,1,0,-1,-1, -1,-1,2021,33.0,1,1,1,2,1,1,1,,3,STALINGRAD (RUE DE),0,,2,2,0,2,138,1,1,, -1,1,0,1,50,15,1,1,93,93048,2,1,0,2,STALINGRAD (RUE DE),48.8537,2.448,13,2,2
202100054589,104Â 204,A01,2,2,1,0,1,0,-1,-1, -1,-1,2021,19.0,3,2,2,0,1,21,1,,4,MORLIERE AVENUE,0,,2,2,0,1,1,0,3,, -1,2,0,8,50,15,1,5,49,49267,2,1,1,6,MORLIERE AVENUE,47.46292,-0.47914,2,2,1
202100030886,146Â 554,A01,1,1,1,1,0,-1,-1,0,0,-1,2021,24.0,1,1,0,0,0,1,3,,3,32,-1,,2,2,0,1,40,400,2,, -1,2,0,1,80,5,7,3,80,80649,1,1,0,7,Route de Fort Mahon,50.331231,1.595432,0,1,1
202100056209,101Â 422,A01,7,2,1,3,3,-1,-1,0,0,-1,2021,1.0,1,2,13,0,2,1,1,,3,100,0,,2,2,0,2,0,230,3,0,"4,9",2,0,1,80,6,1,1,16,16025,1,1,1,6,La Croix de Cotterau,45.399866,-0.251377,11,3,1
202100005656,191Â 681,A01,1,1,1,1,2,6,-1,-1, -1,-1,2021,34.0,1,1,0,2,0,0,1,,2,186,0,,1,0,0,1,1,0,1,, -1,1,9,8,70,29,11,3,94,94065,1,9,0,3,RN 186,48.75477,2.34647,20,3,2
202100013477,177Â 645,B01,1,1,2,-1,1,-1,-1,-1, -1,-1,2021,30.0,2,2,0,2,1,1,1,,3,,-1,,2,-1,0,1,(1),(1),1,, -1,1,0,1,-1,8,1,4,83,83086,1,1,0,6,Route de FrÃ©jus,43.4680252239,6.5909309382,19,2,2
202100020867,164Â 348,B01,1,1,2,0,1,0,-1,-1, -1,-1,2021,18.0,1,2,0,2,6,1,1,,1,A621 (SEPT DENIERS-ANCELY),0,,1,3,0,2,1,771,3,, -1,1,9,1,90,4,9,1,31,31069,1,1,0,4,A621 (SEPT DENIERS-ANCELY),43.62141,1.39981,12,3,3
202100011589,181Â 011,A01,1,1,1,4,2,0,-1,-1, -1,-1,2021,16.0,1,1,0,2,1,2,1,,4,PASTEUR AVENUE,0,,2,2,0,1,1,0,1,, -1,1,0,1,50,21,10,1,49,49007,2,1,0,2,PASTEUR AVENUE,47.4812,-0.524,17,2,2
202100044444,122Â 244,A01,1,1,2,0,2,-1,-1,-1, -1,-1,2021,22.0,2,1,0,2,8,1,1,,4,FELIX FAURE                         (AV),0,,2,4,1,1,(1),(1),1,, -1,1,0,1,50,10,4,1,69,69383,2,2,0,3,FELIX FAURE (AV),45.7531,4.85473,18,2,2
202100023740,159Â 183,B01,1,1,2,5,1,0,-1,0,0,-1,2021,40.0,1,2,0,2,3,1,1,,4,RUE DU THEATRE,0,,2,2,0,1,(1),(1),1,, -1,1,0,1,30,17,8,5,75,75115,2,2,0,3,RUE DU THEATRE,48.8502,2.284915,21,2,2
202100014716,175Â 410,A01,1,1,2,0,2,-1,-1,0,0,-1,2021,21.0,1,1,0,2,1,17,1,,3,768,-1,,2,2,0,2,(1),(1),1,,4,1,0,1,80,8,10,1,22,22155,1,3,0,3,Le Pignon Blanc,48.244779,-2.720109,17,2,2
202100013667,177Â 281,A01,1,1,1,1,2,6,-1,-1, -1,-1,2021,53.0,2,1,0,2,1,2,1,,4,BOUCHET LOUIS (AVENUE),0,,2,2,0,1,(1),(1),1,, -1,1,0,1,50,11,10,1,17,17306,2,1,0,2,BOUCHET LOUIS (AVENUE),45.6280211257,-0.996142283,10,2,2
202100025276,156Â 473,A01,1,1,1,5,2,8,-1,-1, -1,-1,2021,30.0,3,1,0,2,0,1,0,,4,BLANC (RUE LOUIS),0,,3,2,0,1,(1),(1),2,, -1,1,0,1,30,6,8,1,60,60414,2,2,0,1,rue Louis Blanc,49.2599229743,2.4524086118,19,2,2
202100040850,128Â 616,B01,1,1,1,5,2,6,-1,0,0,-1,2021,52.0,2,1,0,2,1,1,1,,4,,-1,,2,2,0,1,(1),(1),1,,4,1,0,1,50,8,5,1,65,65059,2,1,0,1,Rue du Castelmouly,43.074868,0.147889,18,2,2
202100018385,168Â 761,B01,1,1,2,9,2,0,-1,-1, -1,-1,2021,17.0,1,1,0,2,1,1,1,,3,CHANTELOUP (CD),0,,2,2,0,1,(1),(1),1,, -1,1,0,1,50,17,9,1,10,10362,2,1,0,1,CHANTELOUP (CD),48.29799,4.04047,18,2,2
202100043688,123Â 591,B01,1,1,2,5,2,6,-1,0,0,-1,2021,60.0,3,1,0,2,3,1,5,,4,,-1,,2,2,0,1,(1),(1),1,, -1,1,9,1,50,17,4,1,50,50272,1,2,0,3,Rue Jouvin,48.941417,-1.537507,15,2,2
202100001931,198Â 343,A01,1,1,2,5,8,-1,-1,0,0,-1,2021,18.0,2,2,13,0,1,1,1,,3,468,0,,2,2,0,1,15,300,2,, -1,1,0,3,80,22,12,3,68,68144,1,1,0,6,D468,47.761137,7.502429,20,2,1
202100003224,196Â 009,B01,1,1,1,1,1,0,-1,-1, -1,-1,2021,26.0,2,2,0,2,4,1,1,,2,RN12 EXT,0,,3,3,0,1,32,0,1,, -1,1,0,1,110,13,12,1,78,78208,1,1,0,2,RN12 EXT,48.799988,1.981698,13,2,2
202100002137,197Â 972,B01,1,1,1,5,1,0,-1,-1, -1,-1,2021,63.0,2,2,0,2,4,23,1,,3,VALS (AVENUE DE),0,,2,2,0,1,0,708,1,, -1,1,0,1,50,19,12,1,43,43251,2,1,0,2,46-48 avenue de Vals,45.03561,3.88129,10,3,2
202100009601,184Â 547,A01,1,1,1,0,1,0,-1,-1, -1,-1,2021,52.0,2,2,4,0,3,0,1,,1,VA007307 FRANCAZAL A64 Sortie 37,0,,3,3,0,1,283,609,1,, -1,2,0,1,90,3,11,3,31,31433,1,1,1,6,VA007307 FRANCAZAL A64 Sortie 37,43.54002,1.39567,3,1,1
202100025388,156Â 276,A01,1,1,1,5,2,6,-1,0,0,-1,2021,66.0,2,1,13,0,1,2,1,,3,,0,D,2,2,0,2,51,250,2,, -1,1,0,3,80,6,8,1,63,63077,1,1,0,7,RD 36 - Col de la croix saint robert,45.559827,2.853913,18,1,1
202100004667,193Â 434,A01,1,1,1,0,2,6,-1,-1, -1,-1,2021,43.0,1,1,0,4,1,1,1,,4,CHANE PANE (CHEMIN),0,,-1,1,0,2,0,0,1,, -1,1,0,1,30,3,12,1,974,97416,2,1,0,7,CHANE PANE (CHEMIN),-21.29756,55.45053,8,1,1
202100047035,117Â 698,Z01,10,3,2,2,0,-1,-1,3,1,1,2021,17.0,3,2,0,1,0,0,0,,4,PASTEUR,0,,-1,2,0,1,0,0,1,, -1,1,0,1,50,17,3,1,64,64237,2,1,0,6,PASTEUR,43.2811029269,-0.3794789314,18,2,1
202100053577,105Â 952,A01,10,3,2,9,0,-1,-1,2,3,1,2021,12.0,3,2,0,1,3,1,1,,4,VERDUN (AVENUE DE),0,,4,3,0,1,0,1,1,, -1,1,0,1,50,26,1,1,74,74012,2,9,0,6,VERDUN (AVENUE DE),46.18579,6.24254,8,2,1
202100054035,105Â 158,A01,10,3,2,0,0,-1,-1,3,3,1,2021,94.0,1,2,9,1,2,2,1,,3,PAGE (AVENUE CAMILLE),0,,2,2,0,1,(1),(1),1,, -1,1,9,1,50,13,1,1,86,86066,2,1,0,6,Avenue Camille PagÃ©,46.802739,0.528582,13,3,1
202100009478,184Â 766,A01,1,1,1,1,1,0,-1,-1, -1,-1,2021,33.0,2,4,0,2,1,26,1,,3,BAS MARIN (R DU),0,,2,2,0,1,1,0,3,, -1,2,9,1,30,4,11,1,94,94054,2,1,1,2,Rue du Bas Marin,48.74646,2.38477,10,2,2
202100010904,182Â 237,A01,1,1,1,0,1,0,-1,-1, -1,-1,2021,22.0,0,2,0,2,8,1,1,,4,PERRAULT CHARLES JUSQU'AUX NÃ¸ 17-42,0,,2,2,0,1,(1),(1),1,, -1,1,0,1,50,28,8,5,42,42218,2,1,0,2,Rue Charles Perrault,45.4479450416,4.3682504296,0,2,2
202100054432,104Â 460,A01,1,1,1,0,1,0,-1,0,0,-1,2021,22.0,1,2,0,2,2,15,1,,3,PAIX (AVENUE),0,,4,4,0,1,(1),(1),3,, -1,1,0,1,50,13,1,1,54,54323,2,3,0,3,PAIX (AVENUE),49.52917,5.76311,15,2,2
202100013874,176Â 900,A01,10,3,2,3,0,-1,-1,3,3,1,2021,79.0,2,2,0,1,2,1,1,,4,LECLERC (AVENUE DU GENERAL),0,,2,2,0,1,0,0,1,, -1,1,0,1,50,11,10,1,22,22360,2,2,0,6,LECLERC (AVENUE DU GENERAL),48.4887152724,-2.7273559486,16,2,1
202100011820,180Â 594,B01,1,1,1,1,1,0,-1,-1, -1,-1,2021,24.0,1,2,0,0,4,2,1,,2,RN136,0,,3,6,0,1,14,550,1,, -1,1,0,1,90,21,10,1,35,35238,1,9,0,2,RN136,48.11082,-1.71807,8,2,2
202100020954,164Â 208,B01,9,2,2,5,1,9,-1,0,0,-1,2021,2.0,1,2,0,2,1,1,1,,7,109,-1,,2,2,0,1,(1),(1),2,, -1,1,0,1,50,5,9,1,6,6065,1,1,0,1,Route de Saint-Jeannet,43.736989,7.150449,13,3,2
202100028871,150Â 115,A01,10,3,1,3,0,-1,-1,3,3,1,2021,40.0,2,2,0,1,0,0,1,,4,PARIS (R DE),0,,2,2,0,2,1,0,1,, -1,1,0,1,30,15,7,1,94,94004,2,1,0,6,Rue de Paris,48.753586,2.507164,18,2,1
202100003313,195Â 845,A01,10,3,2,5,0,-1,-1,4,3,1,2021,82.0,3,2,0,1,1,0,1,,6,,-1,,-1,0,0,1,(1),(1),1,,0,2,0,1,50,9,12,5,22,22070,2,7,1,6,Place du Vally,48.559402,-3.149905,17,2,1
202100039340,131Â 280,A01,1,1,1,9,1,-1,-1,0,0,-1,2021,46.0,2,2,0,2,1,13,1,,2,88,0,,2,2,0,2,73,110,3,, -1,2,0,1,80,18,5,1,12,12194,1,1,0,5,N88 ,44.239281,2.409015,18,4,3
202100015643,173Â 711,B01,1,1,1,1,2,0,-1,0,0,-1,2021,22.0,2,1,0,2,1,1,1,,4,BOULEVARD VOLTAIRE,0,,2,2,0,1,(1),(1),1,, -1,1,0,1,30,2,10,1,75,75111,2,2,0,3,BOULEVARD VOLTAIRE,48.858719,2.378579,14,2,2
202100014806,175Â 241,A01,1,1,2,5,1,-1,-1,0,0,-1,2021,24.0,3,2,8,0,2,14,1,,4,CHATEAU RUE DU,0,,2,2,1,2,(1),(1),1,, -1,1,-1,1,50,6,10,1,29,29232,2,1,0,6,Rue du Chateau,48.01075,-4.11404,14,1,1
202100033559,141Â 778,A01,10,3,1,2,0,-1,-1,3,5,1,2021,18.0,1,2,0,1,3,19,1,,4,GARE (DE LA)                        (AV),0,,2,2,0,1,(1),(1),1,, -1,1,6,1,50,18,6,1,69,69290,2,1,0,6,GARE (DE LA)                        (AV),45.68963,4.9367,13,2,1
202100010595,182Â 792,B01,1,1,2,9,1,8,-1,-1, -1,-1,2021,66.0,2,2,9,2,7,1,1,,4,,0,,2,0,0,1,0,0,1,, -1,1,0,1,50,27,10,1,92,92004,2,2,0,3,PIERRE CURIE,48.9174052903,2.3148670793,15,2,2
202100043520,123Â 871,A01,9,2,1,0,1,-1,-1,0,0,-1,2021,18.0,0,2,15,0,7,15,1,,3,496,-1,,2,2,0,1,13,500,2,, -1,1,0,8,80,18,4,1,42,42122,1,4,0,6,Route de St AnthÃ¨me,45.570734,4.054835,17,5,1
202100022508,161Â 396,A01,2,2,2,5,1,-1,-1,0,0,-1,2021,42.0,1,2,0,2,8,9,1,,3,957,0,D,2,2,0,1,13,326,3,, -1,1,0,1,70,26,8,1,82,82112,1,1,1,3,Route de Laujol,44.119754,1.103756,12,4,2
202100039259,131Â 433,B01,1,1,1,5,2,6,-1,-1, -1,-1,2021,66.0,2,1,0,2,1,1,0,,4,MARECHAL FOCH (DU)                  (AV),0,,2,3,0,1,(1),(1),1,, -1,1,0,1,50,19,5,1,69,69202,2,2,0,3,MARECHAL FOCH (DU)                  (AV),45.74396,4.79824,16,2,2
202100009302,185Â 073,A01,1,1,1,5,2,0,-1,-1, -1,-1,2021,31.0,2,1,0,2,1,1,1,,3,CHOISY(ROUTE DE),0,,1,2,0,1,0,0,1,, -1,1,5,1,50,5,11,1,94,94028,2,1,0,2,Route de Choisy,48.78367,2.44733,12,2,2
202100012477,179Â 405,A01,1,1,1,5,2,0,-1,0,0,-1,2021,33.0,2,1,0,2,8,1,5,,4,RUE D AUBERVILLIERS,0,,2,2,1,1,(1),(1),3,, -1,2,0,5,30,18,10,5,75,75119,2,2,1,3,RUE D AUBERVILLIERS,48.895271,2.371927,20,2,2
202100047107,117Â 566,A01,1,1,1,0,1,0,-1,-1, -1,-1,2021,24.0,2,2,3,0,1,2,1,,1,AUTOROUTE A2,0,,3,4,0,1,62,500,1,, -1,1,0,1,110,20,3,3,59,59383,1,1,0,6,AUTOROUTE A2,50.33929,3.533969,3,1,1
202100038056,133Â 637,A01,10,3,1,1,8,8,-1,8,1,1,2021,39.0,0,2,0,1,8,2,1,,3,NEPTUNE (PLACE),0,,1,1,1,1,0,0,3,, -1,1,0,1,50,27,5,1,93,93051,2,1,0,6,Place Neptune,48.84045,2.55045,7,2,1
202100052144,108Â 504,A01,10,3,2,5,8,8,-1,2,3,1,2021,27.0,1,1,0,1,1,1,5,,4,RUE DU FAUBOURG SAINT MARTIN,0,,2,2,0,1,(1),(1),1,, -1,2,0,1,50,8,2,1,75,75110,2,1,1,6,RUE DU FAUBOURG SAINT MARTIN,48.879949,2.363745,12,2,1
202100001251,199Â 524,B01,1,1,1,1,1,0,-1,-1, -1,-1,2021,34.0,1,2,1,0,4,23,1,,2,AUTOROUTE A86,0,,1,3,0,2,54,891,1,, -1,2,0,1,90,27,12,1,91,91645,1,1,1,2,N385,48.7598784006,2.2696311721,10,2,2
202100028701,150Â 417,A01,1,1,1,4,2,0,-1,-1, -1,-1,2021,21.0,2,1,0,2,1,2,1,,3,JAURES (AVENUE JEAN),0,,-1,2,0,1,1,0,1,, -1,1,0,1,50,16,7,5,93,93064,2,2,0,1,JAURES (AVENUE JEAN),48.864178,2.488192,22,2,2
202100010867,182Â 302,A01,1,1,1,0,2,0,-1,-1, -1,-1,2021,24.0,2,1,0,2,1,2,5,,3,LATTRE DE TASSIGNY AVENUE DE L',0,,3,3,2,1,18,340,1,, -1,1,0,1,50,25,10,1,73,73008,2,6,0,2,D1201 Boulevard MarÃ©chal de Lattre de Tassigny,45.69656,5.90738,8,2,2
202100046786,118Â 143,A01,1,1,2,1,2,0,-1,0,0,-1,2021,24.0,3,1,0,2,1,16,3,,4,BOULEVARD DU GENERAL JEAN SIMON,0,,1,2,0,1,(1),(1),1,, -1,1,0,1,50,24,3,1,75,75113,2,2,0,3,BOULEVARD DU GENERAL JEAN SIMON,48.824176,2.376809,16,2,2
202100029966,148Â 233,A01,10,3,1,0,0,-1,-1,9,B,1,2021,51.0,1,1,0,1,1,0,5,,4,GEORGES WODLI (RUE),0,,1,3,3,1,0,0,1,, -1,2,0,1,50,8,7,1,67,67482,2,1,1,6,GEORGES WODLI (RUE),48.58766,7.73883,10,2,1
202100003661,195Â 210,A01,1,1,1,1,1,0,-1,-1, -1,-1,2021,46.0,2,2,8,0,1,13,1,,2,LORIENT (DE),0,,3,4,0,1,2,200,1,, -1,2,0,8,50,9,12,5,35,35238,2,1,1,6,LORIENT (DE),48.106957,-1.725625,23,1,1
202100019588,166Â 618,A01,1,1,1,5,2,6,-1,0,0,-1,2021,15.0,1,1,0,0,6,15,1,,4,,0,,2,2,0,1,(1),(1),1,,6,1,0,1,50,12,9,1,70,70026,2,3,0,4,Rue des Giranaux,47.458668,5.601772,15,3,3
202100050920,110Â 659,B01,1,1,1,5,1,0,-1,-1, -1,-1,2021,27.0,1,2,0,0,4,2,1,,2,ROUTE NATIONALE 20,0,,1,4,0,1,22,429,1,, -1,1,0,1,110,19,2,1,9,9225,1,1,0,2,ROUTE NATIONALE 20,43.094561,1.633565,13,2,2
202100012736,178Â 953,B01,1,1,1,5,2,-1,-1,0,0,-1,2021,73.0,3,1,0,0,0,0,5,,3,578,-1,,1,1,0,1,6,720,2,, -1,1,0,1,50,17,10,1,7,7188,2,6,0,3,rond-point du Pontet,45.190657,4.686913,9,2,2
202100052657,107Â 603,B01,1,1,2,1,1,-1,-1,-1, -1,-1,2021,43.0,2,2,0,2,1,1,1,,7,RN 15 (COTE DE LA VALETTE),0,,2,2,0,2,21,500,2,, -1,8,0,1,70,2,2,1,76,76410,2,1,0,5,COTE DE LA VALETTE,49.48816,1.03117,8,3,3
202100015915,173Â 218,A01,1,1,2,0,2,-1,-1,-1, -1,-1,2021,57.0,1,1,0,2,1,5,5,,4,CRS DE VERDUN,0,,1,2,0,1,(1),(1),1,, -1,1,0,1,50,29,9,1,33,33119,2,3,0,3,Cours de Verdun,44.85146,-0.53787,15,2,2
202100010474,183Â 002,B01,2,2,1,0,1,-1,-1,-1, -1,-1,2021,18.0,1,0,0,2,5,2,0,,4,ST CYR (DE)                         (R ),0,,2,0,0,1,(1),(1),1,, -1,1,0,1,50,28,10,5,69,69389,2,1,0,2,ST CYR (DE) (R),45.78359,4.80797,0,3,2
202100041692,127Â 084,A01,1,1,1,9,2,6,-1,0,0,-1,2021,34.0,1,1,0,1,7,1,1,,4,RUE LA FAYETTE,0,,1,3,1,1,(1),(1),1,, -1,2,8,1,50,2,5,1,75,75109,2,2,0,6,RUE LA FAYETTE,48.87437,2.338172,19,2,1
202100015135,174Â 656,B01,1,1,1,5,1,5,-1,-1, -1,-1,2021,21.0,3,2,0,0,3,1,1,,3,LOUIS ARMAND (CARREFOUR),0,,1,3,0,1,0,1,1,, -1,2,0,1,50,5,10,5,93,93005,2,6,1,3,Boulevard AndrÃ© CitroÃ«n,48.956024,2.480609,21,2,2
202100010423,183Â 094,B01,1,1,1,1,2,-1,-1,0,0,-1,2021,65.0,1,1,0,2,7,19,1,,3,23,0,,2,2,0,1,4,400,1,, -1,1,0,1,80,29,10,3,973,97309,1,1,0,3,RD 23,4.892423,-52.289665,19,2,2
202100017716,169Â 958,A01,1,1,1,5,2,-1,-1,0,0,-1,2021,65.0,2,1,0,6,1,1,1,,3,913,-1,,2,2,0,2,14,500,1,, -1,1,0,1,80,18,9,3,57,57251,1,1,0,6,RD 913,48.991595,6.197577,23,1,1
202100009604,184Â 540,B01,3,2,1,0,1,0,-1,-1, -1,-1,2021,7.0,1,2,0,2,1,1,1,,2,OUEST BOULEVARD,0,,2,2,0,1,13,0,1,, -1,2,0,1,50,3,11,1,25,25056,2,2,1,4,OUEST BOULEVARD,47.21916,5.98221,14,5,3