Num_Acc,id_vehicule,num_veh,place,catu,sexe,trajet,secu1,secu2,secu3,locp,actp,etatp,year_acc,victim_age,senc,catv,obs,obsm,choc,manv,motor,occutc,catr,voie,v1,v2,circ,nbv,vosp,prof,pr,pr1,plan,lartpc,larrout,surf,infra,situ,vma,jour,mois,lum,dep,com,agg_,int,atm,col,adr,lat,long,hour,nb_victim,nb_vehicules
202100026217,154Â 839,B01,1,1,2,5,1,-1,-1,0,0,-1,2021,58.0,2,2,0,2,0,2,1,,1,11,0,A,1,3,0,1,146,0,1,,14,1,0,1,130,31,7,1,72,72031,1,1,0,3,autoroute A11 pk 146,48.088257,0.505328,17,2,2
202100042254,126Â 103,B01,9,2,1,0,1,-1,-1,0,0,-1,2021,45.0,3,2,0,2,1,1,1,,4,888,0,,2,2,0,1,(1),(1),3,, -1,2,0,1,80,28,4,1,973,97305,1,1,0,1,"D 888, avenue de la laiterie",4.947344,-52.444117,7,4,2
202100023912,158Â 891,B01,1,1,1,5,2,0,-1,0,0,-1,2021,19.0,2,1,0,2,3,1,1,,4,RUE DU FAUBOURG SAINT MARTIN,0,,2,5,0,1,(1),(1),1,, -1,1,0,1,50,16,8,1,75,75110,2,3,0,3,RUE DU FAUBOURG SAINT MARTIN,48.87577,2.3603,15,2,2
202100030006,148Â 159,A01,1,1,1,1,2,6,-1,0,0,-1,2021,24.0,1,1,0,2,3,3,1,,4,PORTE DE CLIGNANCOURT,0,,1,4,0,1,21,600,1,, -1,1,0,1,70,6,7,1,75,75118,2,1,0,2,PORTE DE CLIGNANCOURT,48.900815,2.339917,18,2,2
202100029801,148Â 519,A01,1,1,1,0,2,6,-1,-1, -1,-1,2021,33.0,1,1,0,2,2,26,1,,4,JOFFRE   BOULEVARD (79 et 18),0,,2,2,0,1,(1),(1),1,, -1,1,0,1,50,8,7,5,17,17300,2,9,0,3,JOFFRE   BOULEVARD (79 et 18),46.15659,-1.14287,22,2,2
202100003416,195Â 650,A01,10,3,1,5,8,8,-1,2,3,1,2021,23.0,0,2,0,1,2,1,0,,4,VERN (DE),0,,2,4,2,1,(1),(1),1,, -1,2,0,1,50,11,12,5,35,35238,2,1,1,6,VERN (DE),48.10129,-1.65942,19,2,1
202100034299,140Â 429,A01,1,1,1,0,2,0,-1,-1, -1,-1,2021,44.0,1,1,0,2,1,2,1,,4,AV STALINGRAD,0,,2,0,0,1,0,0,1,, -1,1,0,1,50,9,5,1,13,13004,2,1,0,3,AV STALINGRAD,43.68906,4.63659,9,2,2
202100032630,143Â 437,A01,10,3,2,0,0,-1,-1,2,3,1,2021,41.0,2,1,0,1,1,1,1,,4,cavani-Rond point du Baobab,0,,2,0,0,1,0,0,1,, -1,1,0,1,50,23,6,1,976,97611,2,9,0,6,cavani-Rond point du Baobab,-12.78443,45.22386,7,2,1
202100009439,184Â 826,B01,1,1,1,0,8,-1,-1,-1, -1,-1,2021,28.0,1,1,0,2,0,1,5,,4,RICARD (BD ANDRE),0,,2,2,1,1,(1),(1),3,, -1,2,0,1,50,3,11,2,33,33119,2,4,1,3,Boulevard AndrÃ© Ricard,44.8602570418,-0.5382946651,7,2,2
202100000146,201Â 483,A01,1,1,2,5,1,4,-1,-1,0,-1,2021,21.0,1,2,4,0,1,12,1,,2,RN 184,0,,3,4,0,2,3,0,3,, -1,2,0,1,70,29,12,1,95,95572,1,1,1,6,RN 184,49.03457,2.11375,16,1,1
202100033686,141Â 550,B01,1,1,1,5,2,0,-1,-1, -1,-1,2021,62.0,2,1,0,2,1,1,1,,3,1,0,,2,2,0,1,0,0,1,, -1,1,0,1,50,18,6,1,92,92024,2,1,0,3,CLICHY (QUAI DE) DE (8 A 60),48.90484,2.29275,15,2,2
202100013371,177Â 837,B01,1,1,2,1,2,6,-1,-1,0,-1,2021,41.0,2,1,0,2,1,1,1,,1,AUTOROUTE A115,0,,3,4,0,1,1,0,1,, -1,1,0,1,90,14,10,1,95,95582,1,1,0,5, A115,48.980713,2.241055,8,3,3
202100049892,112Â 559,A01,2,2,1,5,2,6,-1,-1, -1,-1,2021,16.0,1,1,0,2,1,17,1,,4,LAMY (BD FRANCK),0,,2,2,0,1,(1),(1),1,, -1,1,0,1,30,27,2,1,17,17306,2,3,0,3,LAMY (BD FRANCK),45.62795,-1.01604,16,3,2
202100056162,101Â 499,A01,1,1,1,5,1,0,-1,-1, -1,-1,2021,22.0,1,2,8,0,1,1,1,,4,,0,,-1,2,0,1,1,0,1,, -1,1,0,1,50,1,1,5,49,49015,2,1,0,6,LANGEVIN RUE PAUL,47.518066,-0.610439,6,1,1
202100056293,101Â 274,B01,1,1,1,9,1,0,-1,-1, -1,-1,2021,26.0,1,2,0,2,3,15,1,,4,BARGUE  (BOULEVARD),0,,2,2,0,1,0,0,1,, -1,1,0,1,30,4,1,1,93,93047,2,3,0,3,BARGUE  (BOULEVARD),48.903068552,2.5622028552,14,2,2
202100034019,140Â 951,B01,2,2,1,4,1,-1,-1,-1,0,-1,2021,28.0,2,5,0,2,1,0,1,,3,BEL-AIR (BOULEVARD DU),0,,3,4,0,1,1,350,1,, -1,8,0,1,50,16,6,1,95,95252,2,1,0,1,BEL-AIR (BOULEVARD DU),48.98624955,2.23676479,16,4,2
202100008410,186Â 701,A01,4,2,2,5,1,-1,-1,0,0,-1,2021,21.0,2,2,2,0,3,1,1,,3,906,0,D,2,2,0,1,11,20,1,, -1,1,0,3,90,12,11,3,48,48119,1,1,0,6,D 906,44.469975,3.934522,23,4,1
202100013544,177Â 513,A01,10,3,1,0,0,-1,-1,9,1,1,2021,26.0,3,3,0,1,2,2,2,1.0,4,VERDUN   PLACE DE,0,,4,1,3,1,(1),(1),1,, -1,1,9,6,10,13,10,1,17,17300,2,9,0,6,VERDUN   PLACE DE,46.16191,-1.15298,17,2,1
202100011447,181Â 259,B01,1,1,1,0,2,6,-1,0,0,-1,2021,42.0,1,1,0,2,0,1,1,,3,111E1,-1,,2,2,0,1,2,476,1,, -1,1,0,1,50,23,10,1,17,17010,2,6,0,3,AVENUE EDMOND GRASSET,46.107497,-1.105255,14,2,2
202100054934,103Â 619,B01,1,1,2,1,1,0,-1,-1, -1,-1,2021,28.0,2,2,0,2,3,1,1,,4,R DE CHAMPIGNY ,0,,2,2,0,1,1,0,1,, -1,1,0,1,50,15,1,5,94,94071,2,1,0,4,CHAMPIGNY (R DE),48.77448,2.51092,8,4,3
202100016240,172Â 604,A01,10,3,1,5,0,-1,-1,4,3,1,2021,76.0,2,1,0,1,8,1,1,,4,BOULEVARD ORNANO,0,,2,4,0,1,(1),(1),1,, -1,1,0,1,50,29,9,1,75,75118,2,4,0,6,BOULEVARD ORNANO,48.892327,2.349073,17,2,1
202100050739,110Â 990,A01,1,1,1,0,2,4,-1,-1, -1,-1,2021,25.0,2,1,0,2,0,3,1,,3,SEINE (RUE DE),0,,1,2,0,1,6,100,2,, -1,1,9,6,50,19,2,1,78,78440,2,1,0,3,SEINE (RUE DE),48.996833,1.913154,11,2,2
202100022712,161Â 001,B01,1,1,2,1,2,0,-1,-1, -1,-1,2021,31.0,2,1,0,2,7,1,5,,3,162E,0,,2,2,0,1,3,372,1,, -1,1,0,1,30,23,8,1,56,56162,2,1,0,3,PLOEMEUR (RUE DE),47.73364,-3.49511,18,2,2
202100055714,102Â 274,B01,1,1,2,0,1,-1,-1,0,0,-1,2021,52.0,0,2,0,2,3,1,1,,3,120,0,,2,2,0,2,7,900,3,, -1,1,0,1,80,9,1,3,7,7261,1,1,0,1,Lieu-dit Terra,44.820397,4.727125,18,2,2
202100016293,172Â 511,A01,1,1,1,5,2,-1,-1,0,0,-1,2021,40.0,0,1,12,0,1,0,1,,7,,-1,,2,2,0,2,60,800,2,, -1,1,0,4,50,25,8,5,6,6032,2,1,0,6,24 avenue Prince Rainier 3,43.72578,7.406891,1,1,1
202100029911,148Â 340,A01,1,1,1,5,2,6,9,0,0,-1,2021,34.0,1,1,6,0,2,1,1,,3,1006,-1,,2,2,0,2,142,540,2,, -1,1,0,3,80,10,7,1,73,73322,1,1,0,6,D1006,45.206155,6.696296,13,1,1
202100032967,142Â 829,A01,1,1,1,3,1,-1,-1,0,0,-1,2021,76.0,1,2,0,2,2,1,1,,3,7,-1,,2,2,0,1,43,800,4,, -1,1,0,1,80,22,6,1,53,53122,1,1,0,1,D7,48.274282,-0.522044,19,2,2
202100032608,143Â 490,A01,1,1,1,5,1,5,-1,0,0,-1,2021,53.0,1,2,15,0,2,1,1,,3,978,-1,,2,2,0,1,49,915,2,, -1,1,0,4,70,13,6,1,19,19101,1,1,0,6,"Le CHAMBON, Avenue du MAS",45.249313,1.784205,12,1,1
202100028170,151Â 345,B01,1,1,1,9,2,6,-1,0,0,-1,2021,60.0,2,1,0,2,8,1,1,,4,AVENUE DES CHAMPS ELYSEES,0,,2,6,0,1,(1),(1),1,, -1,1,0,1,50,19,7,1,75,75108,2,7,0,3,AVENUE DES CHAMPS ELYSEES,48.865867,2.319892,7,2,2
202100005747,191Â 525,B01,1,1,2,1,1,0,-1,-1, -1,-1,2021,21.0,1,2,0,2,3,1,1,,7,INDUSTRIEL. BOULEVARD (CD 18E),0,,4,5,0,1,3,950,2,, -1,2,0,1,70,28,11,1,76,76681,2,2,1,3,INDUSTRIEL. BOULEVARD (CD 18E),49.4032,1.1106,7,2,2
202100029399,149Â 230,B01,1,1,1,1,2,-1,-1,0,0,-1,2021,30.0,2,1,0,2,1,17,1,,3,6,0,N,2,3,0,1,36,890,1,, -1,2,0,1,90,12,7,1,69,69055,1,2,1,3,112 Route Nationale 6,45.8790494274,4.746453166,18,2,2
202100004920,192Â 996,Z01,10,3,1,9,0,-1,-1,3,3,1,2021,29.0,1,1,0,1,1,1,0,,4,RUE EUGENE OUDINE,0,,2,2,0,4,(1),(1),1,, -1,2,0,1,30,3,12,5,75,75113,2,3,1,6,RUE EUGENE OUDINE,48.826245,2.377587,18,2,1
202100002215,197Â 832,A01,1,1,1,5,1,4,-1,-1, -1,-1,2021,74.0,2,2,0,2,1,1,1,,1,AUTOROUTE A6A,0,,1,3,0,1,4,699,1,, -1,1,0,1,90,19,12,1,94,94038,1,1,0,4,AUTOROUTE A6A,48.7752,2.3461,14,3,3
202100028822,150Â 203,B01,4,2,1,0,1,-1,-1,-1, -1,-1,2021,7.0,0,2,0,2,3,9,1,,3,THIVET ( avenue du ),0,,2,3,3,3,0,0,1,, -1,1,0,1,50,13,7,1,50,50173,2,3,0,3,THIVET ( avenue du ),49.63574,-1.66595,17,4,2
202100052868,107Â 214,B01,1,1,1,2,0,-1,-1,-1, -1,-1,2021,19.0,1,1,0,2,1,1,5,,3,EMILE ZOLA (AVENUE),0,,2,2,0,1,2,1,1,,"6,7",2,0,1,50,1,2,2,79,79329,2,3,1,3,134 Avenue Emile Zola,46.99379,-0.20816,7,2,2
202100007250,188Â 796,B01,1,1,1,5,2,6,-1,-1, -1,-1,2021,49.0,1,1,0,2,1,1,1,,4,,0,,2,2,0,2,(1),(1),1,, -1,8,0,1,50,19,11,5,45,45285,2,2,0,3,ORLEANS (ROUTE D'ORLEANS),47.89603,1.86034,17,2,2
202100027691,152Â 219,A01,10,3,1,9,0,-1,-1,2,3,1,2021,52.0,2,2,0,1,1,1,1,,4,UNIVERSITE (DE L')                  (R ),0,,1,2,3,1,(1),(1),1,, -1,1,0,1,50,21,7,1,69,69387,2,1,0,6,UNIVERSITE (DE L') (R),45.75109,4.83878,10,2,1
202100044772,121Â 684,A01,1,1,1,0,2,6,-1,0,0,-1,2021,28.0,1,1,12,0,3,1,1,,3,1,0,,1,2,1,1,0,300,1,, -1,1,-1,1,50,9,4,5,29,29042,2,6,0,6,1 Route de Camaret,48.2470968093,-4.500526798,6,1,1
202100052024,108Â 719,B01,1,1,1,0,2,0,-1,-1, -1,-1,2021,17.0,2,1,0,2,1,2,1,,4,HAMBOURG (BOULEVARD),0,,2,4,0,1,(1),(1),1,, -1,1,0,1,50,9,2,1,13,13208,2,1,0,2,HAMBOURG (BOULEVARD),43.250879,5.388296,14,2,2
202100007538,188Â 273,B01,1,1,1,1,2,0,-1,-1, -1,-1,2021,28.0,1,1,0,2,1,1,1,,1,A507 sens Marseille - Aubagne,0,,1,3,0,1,6,500,1,, -1,1,1,1,70,17,11,1,13,13055,1,1,0,2,A507 sens Marseille - Aubagne,43.3095335648,5.4248671532,8,2,2
202100024970,157Â 028,A01,1,1,2,1,1,-1,-1,0,0,-1,2021,23.0,2,2,0,2,1,2,1,,3,306,-1,,2,2,2,1,27,750,1,, -1,1,0,1,70,10,8,1,69,69009,1,1,0,2,D306,45.955525,4.715088,10,2,2
202100017087,171Â 087,B01,2,2,1,5,2,0,-1,-1, -1,-1,2021,21.0,2,1,0,2,1,26,1,,3,PONT DE CRETEIL (R DU),3,,2,4,0,1,1,0,1,, -1,1,2,1,30,22,9,5,94,94068,2,1,0,3,Rue du Pont de CrÃ©teil,48.808612,2.471019,21,4,2
202100047568,116Â 741,A01,2,2,1,4,1,-1,-1,0,0,-1,2021,45.0,1,4,6,0,2,1,1,,1,A63,0,,3,3,0,1,171,500,3,, -1,2,2,2,130,19,3,3,64,64102,1,1,1,7,A63,43.496178,-1.446831,6,2,1
202100023041,160Â 436,A01,10,3,1,9,0,-1,-1,1,3,1,2021,35.0,2,2,0,1,3,1,1,,3,RD 6382,0,,3,4,0,1,4,800,1,, -1,2,0,1,70,23,7,3,76,76351,1,1,1,6,RD 6382G,49.52453,0.17891,22,2,1
202100046121,119Â 324,B01,1,1,2,0,2,0,-1,-1, -1,-1,2021,54.0,1,1,0,2,1,1,1,,4,BRIAND (BOULEVARD ARISTIDE),0,,2,3,0,1,1,0,1,, -1,1,0,1,50,29,3,1,14,14118,2,4,1,3,Boulevard Aristide Briand,49.17826,-0.36225,11,2,2
202100030587,147Â 083,A01,1,1,1,0,1,8,-1,-1, -1,-1,2021,83.0,1,2,13,0,9,13,1,,3,ESCOSSE CHEMIN D',0,,2,2,0,1,31,0,3,, -1,9,9,3,80,5,7,1,9,9225,1,1,0,6,Route dâEscosse,43.129209,1.604019,9,2,1
202100042693,125Â 321,A01,1,1,1,0,8,0,-1,-1, -1,-1,2021,52.0,3,2,13,0,2,14,1,,3,TASSINI (AVENUE VICTOR),0,,2,2,0,2,21,20,4,, -1,1,0,1,80,24,4,1,7,7281,1,1,0,6,TASSINI (AVENUE VICTOR),44.94675,4.82967,12,1,1
202100009435,184Â 834,A01,1,1,2,5,2,0,-1,-1, -1,-1,2021,35.0,2,1,0,2,3,1,1,,4,DE GAULLE (AVENUE DU GENERAL),0,,2,2,0,1,(1),(1),1,, -1,1,0,1,50,4,11,5,37,37261,2,3,0,3,DE GAULLE (AVENUE DU GENERAL),47.3808656002,0.6999380937,20,2,2
202100032266,144Â 087,B01,1,1,1,0,1,0,-1,-1, -1,-1,2021,32.0,2,2,0,2,1,1,1,,7,SALENGRO ROGER RUE,0,,2,2,1,1,(1),(1),3,, -1,1,0,1,50,21,6,1,59,59350,2,1,0,5,SALENGRO ROGER RUE,50.62546,3.11516,18,3,3
202100056284,101Â 291,A01,10,3,1,5,0,-1,-1,2,3,1,2021,74.0,1,1,0,1,1,5,5,,4,COULMIERS (R DE),0,,1,1,0,2,1,0,1,, -1,1,0,1,30,4,1,5,94,94052,2,1,0,6,COULMIERS (R DE),48.8419964227,2.4915860965,18,2,1
202100014681,175Â 470,B01,1,1,2,1,1,-1,-1,0,0,-1,2021,22.0,2,2,0,2,3,1,1,,3,558,-1,,2,2,0,1,6,800,1,, -1,1,0,1,80,8,10,2,83,83031,1,1,0,1,RD 558 PR 6+800,43.355001,6.410866,7,2,2
202100042988,124Â 832,B01,2,2,1,5,0,-1,-1,0,0,-1,2021,81.0,3,5,0,2,3,1,1,,4,206,-1,,2,2,0,1,(1),(1),1,, -1,1,0,1,80,11,4,3,35,35106,1,1,0,1,"Lieu-dit ""CropÃ©""",47.811231,-1.573671,21,3,2
202100035400,138Â 441,A01,1,1,1,5,1,-1,-1,0,0,-1,2021,34.0,1,5,5,0,1,1,1,,3,983,-1,,2,2,0,1,9,400,3,, -1,1,0,1,50,10,6,3,95,95141,2,1,0,6,RD 983,49.135975988,1.7901599407,23,1,1
202100025361,156Â 327,A01,1,1,1,5,2,-1,-1,0,0,-1,2021,50.0,1,1,0,2,1,2,5,,3,662,-1,,2,2,0,1,48,500,1,, -1,1,0,1,50,6,8,1,46,46157,2,1,0,2,Le bourg,44.521586,1.943454,8,2,2
202100017486,170Â 368,A01,1,1,2,1,2,6,-1,0,0,-1,2021,27.0,2,1,0,2,1,12,1,,4,PORTE DAUPHINE,0,,1,4,0,1,15,100,1,, -1,1,0,1,70,21,9,1,75,75116,2,1,0,2,BD PERIPHERIQUE EXTERIEUR,48.869887,2.27151,15,2,2
202100028788,150Â 258,A01,1,1,1,0,2,6,-1,-1, -1,-1,2021,45.0,1,1,0,2,8,3,1,,1,AUTOROUTE A3,0,,3,7,0,1,2,500,1,, -1,1,0,1,90,16,7,1,93,93063,1,1,0,3,AUTOROUTE A3,48.8758,2.44158,18,2,2
202100005128,192Â 613,Y01,1,1,2,1,0,-1,-1,0,0,-1,2021,41.0,0,0,0,2,0,0,-1,,3,2,0,,2,2,0,1,0,0,1,, -1,1,0,1,50,2,12,5,92,92040,2,1,0,2,RODIN (BOULEVARD),48.8182042633,2.2571620345,19,2,2
202100031902,144Â 731,B01,1,1,1,1,2,6,-1,0,0,-1,2021,47.0,2,1,0,2,1,1,1,,4,AVENUE DU PRESIDENT KENNEDY,0,,2,4,0,1,(1),(1),1,, -1,2,0,1,50,27,6,1,75,75116,2,2,1,3,AVENUE DU PRESIDENT KENNEDY,48.851321,2.278493,12,2,2
202100036031,137Â 282,B01,2,2,2,5,2,6,9,0,0,-1,2021,37.0,1,1,0,2,1,1,1,,3,137,-1,,2,2,0,1,23,280,1,, -1,1,0,1,80,7,6,1,33,33458,1,1,0,2,Lieu Dit les Clotiers,45.159244,-0.596315,17,3,2
202100023406,159Â 778,A01,10,3,2,5,0,-1,-1,2,1,1,2021,48.0,2,2,0,1,2,1,1,,3,UNIVERSITE FOUILLOLE,0,,2,2,0,1,(1),(1),1,, -1,1,0,1,50,19,8,1,971,97120,2,1,0,6,UNIVERSITE FOUILLOLE,16.22706,-61.52962,10,2,1
202100008784,186Â 045,A01,1,1,1,1,2,6,-1,0,0,-1,2021,15.0,2,1,0,2,1,1,1,,3,751,0,,2,2,1,4,5,700,3,, -1,1,0,1,30,9,11,3,18,18125,2,3,0,3,d751 route de sancerre/ rue les pelotins,47.460369,2.877501,18,2,2
202100024576,157Â 729,A01,1,1,2,5,1,-1,-1,-1, -1,-1,2021,51.0,1,2,0,2,0,11,1,,1,AUTOROUTE A 10,0,,3,6,0,2,534,705,2,, -1,1,2,1,130,12,8,2,33,33487,1,1,0,3,Autoroute A10,44.94994,-0.4631,21,5,2
202100014151,176Â 395,A01,1,1,1,5,2,-1,-1,-1, -1,-1,2021,15.0,1,1,0,2,1,17,1,,4,BOIS (RUE DU),0,,2,2,0,1,0,0,1,, -1,1,0,1,50,9,10,1,65,65047,2,1,0,3,BOIS (RUE DU),43.243232,0.096755,13,2,2
202100018431,168Â 681,A01,1,1,1,9,2,0,-1,-1, -1,-1,2021,41.0,1,1,0,2,1,18,0,,3,FELIX FAURE (BLD)  => 118/119,0,,2,2,0,1,(1),(1),1,, -1,1,0,1,50,17,9,1,93,93001,2,9,0,3,FELIX FAURE (BLD)  => 118/119,48.906743,2.379968,13,3,2
202100014712,175Â 416,A01,1,1,1,0,2,6,-1,0,0,-1,2021,32.0,2,1,3,0,2,1,1,,3,611,-1,,2,3,0,4,12,743,2,,10,1,0,1,70,8,10,3,79,79189,1,1,0,6,Route de Poitiers,46.416492,-0.178485,2,1,1
202100028613,150Â 570,A01,1,1,1,5,2,6,-1,-1, -1,-1,2021,18.0,2,1,0,1,1,1,1,,4,PONT (RUE DU),0,,1,1,0,2,(1),(1),1,, -1,1,0,1,50,13,7,1,89,89024,2,1,0,6,PONT (RUE DU),47.79466,3.57676,15,2,1
202100034042,140Â 913,B01,1,1,2,5,1,0,-1,-1, -1,-1,2021,30.0,1,2,0,2,1,0,1,,4,PERVENCHES (AVENUE DES),0,,2,2,0,1,0,0,1,, -1,1,0,1,50,15,6,1,66,66136,2,3,0,3,PERVENCHES (AVENUE DES),42.70173,2.90457,11,2,2
202100021139,163Â 873,A01,1,1,1,9,2,6,-1,0,0,-1,2021,17.0,1,1,3,0,0,1,1,,3,23,0,D,2,2,0,2,3,490,2,, -1,1,0,1,80,3,9,1,68,68312,1,1,0,6,Hippoltskirch,47.47378,7.341485,18,1,1
202100031271,145Â 845,A01,1,1,1,5,1,-1,-1,0,0,-1,2021,20.0,3,2,13,0,8,1,1,,4,,0,,-1,1,0,1,(1),(1),1,,3,1,0,3,50,3,7,3,4,4245,1,1,0,6,Chemin de Pietramal,43.869714,5.829867,0,2,1
202100002054,198Â 122,B01,1,1,2,5,1,0,-1,-1, -1,-1,2021,22.0,2,2,0,2,8,1,1,,3,MONTFERMEIL (ALLEE DE),0,,2,2,0,1,0,0,1,, -1,1,0,1,50,19,12,5,93,93014,2,1,0,5,MONTFERMEIL (ALLEE DE),48.89918,2.54199,1,3,3
202100004780,193Â 235,B01,1,1,1,5,8,0,-1,0,0,-1,2021,34.0,0,1,0,2,1,1,5,,4,CONCORDE (RUE),0,,1,1,0,1,(1),(1),1,, -1,2,9,8,30,4,12,1,27,27306,1,1,1,3,CONCORDE (RUE),49.0134507103,1.1749384042,15,2,2
202100039524,130Â 952,A01,1,1,2,5,0,-1,-1,0,0,-1,2021,19.0,3,1,0,2,1,17,1,,4,000,0,,2,2,0,1,0,0,3,, -1,1,0,1,50,19,5,1,978,97801,2,1,0,1,R DE SANDY GROUND,18.063679,-63.090684,10,3,2
202100048307,115Â 409,A01,10,3,1,0,0,-1,-1,3,3,1,2021,31.0,3,2,0,1,0,2,0,,4,ENTREPOTS (RUE DES),0,,1,1,0,1,0,0,1,, -1,1,0,1,50,12,3,1,93,93070,2,3,0,6,ENTREPOTS (RUE DES),48.90238,2.346,11,2,1
202100018880,167Â 902,B01,1,1,1,5,2,-1,-1,0,0,-1,2021,36.0,2,1,0,2,1,1,5,,3,D955,0,,2,2,0,1,(1),(1),2,, -1,1,0,1,50,12,9,1,59,59558,2,3,0,1,D955,50.2407854627,3.4422455431,10,2,2
202100042100,126Â 377,A01,1,1,1,0,0,-1,-1,0,0,-1,2021,27.0,2,2,2,0,2,0,1,,3,38,0,D,2,2,0,1,15,557,2,, -1,1,0,3,80,29,4,1,35,35169,1,1,0,6,Les Cheintes - D38,47.991925,-1.975769,19,1,1
202100005818,191Â 393,B01,1,1,1,5,1,-1,-1,0,0,-1,2021,77.0,1,2,0,0,3,15,1,,3,26,-1,,2,2,0,1,3,857,1,, -1,1,0,1,80,27,11,1,85,85031,1,3,0,3,Rue du Petit Bois,46.789645,-0.930823,8,3,2
202100048921,114Â 311,A01,1,1,2,1,1,8,-1,-1, -1,-1,2021,53.0,2,2,13,2,6,1,1,,2,RN104,0,,3,2,0,1,24,200,1,, -1,1,0,1,90,5,3,2,77,77122,1,1,0,6,RN104,48.6468008512,2.5774849194,18,1,1
202100023848,158Â 998,B01,1,1,2,0,8,-1,-1,-1, -1,-1,2021,27.0,1,1,0,2,0,19,3,,4,DOCTEUR EDMOND LOCARD               (R ),0,,2,2,2,1,(1),(1),1,, -1,1,0,1,50,16,8,1,69,69385,2,2,0,3,DOCTEUR EDMOND LOCARD (R),45.75977,4.79594,13,2,2
202100031246,145Â 892,A01,1,1,1,5,2,-1,-1,0,0,-1,2021,44.0,0,1,6,0,7,1,1,,7,,0,M,2,2,0,2,(1),(1),1,, -1,1,0,1,70,3,7,3,6,6059,1,1,0,6,ROUTE DE LA TURBIE,43.734732,7.380238,2,1,1
202100017944,169Â 551,A01,1,1,1,0,0,-1,-1,0,0,-1,2021,42.0,1,2,2,0,7,13,1,,4,,-1,,-1,2,0,1,2,500,1,, -1,1,0,3,60,20,9,1,987,98716,2,1,0,3,Village de Rotoava,-16.052062,-145.648263,15,1,1
202100017970,169Â 503,A01,1,1,1,1,2,6,-1,-1,0,-1,2021,26.0,2,1,0,2,7,1,1,,3,RD 170,0,,3,4,0,1,1,500,1,, -1,2,0,1,70,20,9,2,95,95582,1,1,1,3,RD 170,48.9666859939,2.2729039192,7,2,2
202100017641,170Â 085,B01,1,1,2,1,8,0,-1,-1, -1,-1,2021,19.0,1,1,0,2,8,0,5,,4,NOTRE DAME DU LAC AVENUE,0,,2,2,0,1,1,0,1,, -1,1,0,1,50,20,9,1,49,49007,2,1,0,2,NOTRE DAME DU LAC AVENUE,47.47548,-0.58316,9,2,2
202100050035,112Â 306,B01,1,1,1,0,2,6,-1,-1, -1,-1,2021,56.0,3,1,0,2,7,17,1,,4,LECLERC COURS DU MARECHAL,0,,2,2,0,1,(1),(1),1,, -1,1,0,1,50,26,2,1,17,17415,2,1,0,3,LECLERC COURS DU MARECHAL,45.75388,-0.65457,16,2,2
202100015684,173Â 637,A01,1,1,1,5,2,6,-1,0,0,-1,2021,51.0,1,1,0,2,1,17,1,,3,942,0,D,2,2,0,1,39,300,1,, -1,1,0,1,90,3,10,1,5,5074,1,1,0,3,D942,44.473188,6.075383,15,2,2
202100036993,135Â 572,A01,10,3,2,5,0,-1,-1,3,3,1,2021,83.0,2,2,0,1,4,4,3,,4,TOULHARS (BOULEVARD DE),0,,1,1,0,1,(1),(1),1,, -1,1,0,1,30,29,5,1,56,56107,2,1,0,6,TOULHARS (BOULEVARD DE),47.70738,-3.38165,16,2,1
202100044135,122Â 784,A01,1,1,2,0,1,8,-1,-1, -1,-1,2021,53.0,0,2,0,2,1,2,1,,4,DALBIEZ (AVENUE VICTOR),0,,2,2,0,1,(1),(1),1,, -1,1,0,1,50,10,4,1,66,66136,2,1,0,2,DALBIEZ (AVENUE VICTOR),42.67876,2.8813,9,2,2
202100012833,178Â 785,A01,1,1,1,5,2,-1,-1,-1, -1,-1,2021,15.0,0,1,0,2,1,0,1,,4,COURTES MARTIN (CHEMIN),0,,-1,0,0,1,(1),(1),1,, -1,9,0,8,50,16,10,1,51,51454,2,1,0,1,Rue Germaine Tillion,49.26662023,4.0756192803,17,2,2
202100049027,114Â 125,B01,1,1,2,5,1,-1,-1,0,0,-1,2021,22.0,2,2,0,2,3,1,1,,3,,-1,,2,2,0,1,17,730,2,, -1,1,0,1,80,6,3,1,85,85178,1,1,0,3,L'EgroniÃ¨re,46.788737,-1.557333,17,3,2
202100051532,109Â 584,B01,1,1,1,5,1,-1,-1,0,0,-1,2021,27.0,1,2,0,2,1,2,1,,1,84,0,,3,4,0,1,262,200,1,, -1,1,0,1,90,14,2,1,14,14738,1,1,0,5,A84,49.164748,-0.432828,17,5,3
202100020572,164Â 860,A01,1,1,1,5,2,6,-1,0,0,-1,2021,17.0,1,1,0,0,0,1,1,,4,QUAI ANATOLE FRANCE,0,,1,3,0,1,(1),(1),1,, -1,1,0,1,30,6,9,1,75,75107,2,1,0,7,QUAI ANATOLE FRANCE,48.860302,2.327049,20,2,1
202100048315,115Â 393,A01,1,1,1,0,2,0,-1,-1, -1,-1,2021,17.0,2,1,0,2,1,5,1,,4,FINLANDE (BD DE),0,,1,0,0,1,0,0,1,, -1,2,0,1,50,12,3,1,92,92025,2,2,0,1,FINLANDE (BD DE),48.931129456,2.2592043456,16,2,2
202100047104,117Â 573,A01,1,1,1,1,1,-1,-1,0,0,-1,2021,40.0,1,2,0,2,1,2,1,,3,210,0,D,2,2,0,2,1,400,1,, -1,1,0,1,50,23,3,1,60,60338,1,1,0,2,D210,49.35922,2.771259,18,4,2