Num_Acc,id_vehicule,num_veh,place,catu,sexe,trajet,secu1,secu2,secu3,locp,actp,etatp,year_acc,victim_age,senc,catv,obs,obsm,choc,manv,motor,occutc,catr,voie,v1,v2,circ,nbv,vosp,prof,pr,pr1,plan,lartpc,larrout,surf,infra,situ,vma,jour,mois,lum,dep,com,agg_,int,atm,col,adr,lat,long,hour,nb_victim,nb_vehicules
202100054649,104Â 107,A01,1,1,1,5,1,-1,-1,0,0,-1,2021,77.0,2,2,0,2,7,13,1,,7,468,-1,,2,2,0,1,(1),(1),1,, -1,5,0,1,80,16,1,1,67,67519,1,1,1,1,D468,48.642352,7.78892,9,2,2
202100010648,182Â 704,A01,1,1,2,5,8,-1,-1,0,0,-1,2021,56.0,2,1,0,0,0,0,1,,3,11,-1,A,2,2,0,1,6,750,1,,4,1,0,1,50,28,10,1,9,9066,2,1,0,7,D11a,42.9601413696,1.558518441,17,1,1
202100034864,139Â 391,A01,1,1,1,5,1,-1,-1,0,0,-1,2021,21.0,1,2,6,0,1,13,1,,7,48,0,,2,2,0,1,5,700,1,, -1,1,0,1,80,13,6,2,37,37217,1,1,0,6,les barraudiÃ¨res,47.3961341466,0.4786029831,6,1,1
202100051767,109Â 167,B01,3,2,1,0,3,0,-1,-1, -1,-1,2021,1.0,1,2,0,2,5,1,1,,2,186,0,,3,3,0,1,49,580,1,, -1,1,0,1,70,12,2,1,94,94065,1,1,0,3,AUTOROUTE A86,48.7548646202,2.3465137766,14,3,2
202100031545,145Â 370,B01,1,1,1,0,1,0,-1,-1, -1,-1,2021,42.0,2,2,0,0,5,1,1,,1,15,0,,1,4,0,2,4,500,3,, -1,1,0,1,50,30,6,1,92,92036,1,1,0,2,AUTOROUTE A15,48.9406783537,2.2926308104,21,2,2
202100020168,165Â 585,A01,2,2,2,0,1,-1,-1,0,0,-1,2021,16.0,1,2,3,0,2,1,1,,1,4,0,A,3,4,0,1,142,0,1,, -1,1,2,1,90,5,9,2,51,51172,1,1,0,7,A4,49.2106070004,4.0521344665,5,4,1
202100018485,168Â 591,A01,1,1,1,5,1,-1,-1,0,0,-1,2021,55.0,2,2,2,0,1,13,1,,3,1020,-1,D,2,2,0,4,(1),(1),3,, -1,1,0,1,70,4,9,5,971,97128,1,1,0,6,Louisiane,16.261549,-61.393839,20,1,1
202100051994,108Â 770,A01,1,1,1,4,2,8,-1,-1, -1,-1,2021,29.0,2,1,0,2,3,1,1,,3,CORBEIL (ROUTE DE),0,,4,2,0,1,0,0,1,, -1,1,0,1,50,9,2,2,91,91434,2,2,0,1,CORBEIL (ROUTE DE),48.65713,2.33921,18,2,2
202100046253,119Â 098,A01,10,3,1,0,8,8,-1,2,3,2,2021,63.0,2,1,0,1,1,1,0,,3,GALLIENI  AV.,0,,2,2,0,1,0,1,1,, -1,1,0,1,50,27,3,1,93,93006,2,9,0,6,GALLIENI  AV.,48.86038,2.41543,13,3,1
202100051397,109Â 813,B01,1,1,1,1,2,6,-1,-1, -1,-1,2021,53.0,1,1,0,2,1,1,1,,4,LECLERC (AVENUE DU GENERAL),0,,2,3,3,1,0,0,1,, -1,1,0,1,50,15,2,5,87,87085,2,1,0,3,LECLERC (AVENUE DU GENERAL),45.85462,1.26625,7,2,2
202100044359,122Â 381,A01,5,2,2,0,1,0,-1,-1, -1,-1,2021,21.0,2,2,3,0,1,16,0,,4,CHARLES DE GAULLE   (Rond-point),0,,2,2,0,1,(1),(1),3,, -1,1,9,4,50,11,4,5,69,69266,2,9,0,7,CHARLES DE GAULLE  (RDPT),45.78486,4.86396,3,5,1
202100035876,137Â 558,A01,10,3,2,3,0,-1,-1,2,3,1,2021,73.0,3,2,1,1,6,20,1,,4,FARGUE (ALLEE LEON PAUL),0,,2,2,0,1,(1),(1),1,, -1,1,0,1,50,7,6,1,95,95585,2,1,0,6,FARGUE (ALLEE LEON PAUL),48.97948,2.37199,8,2,1
202100028024,151Â 619,A01,1,1,1,4,1,-1,-1,0,0,-1,2021,19.0,2,5,2,0,1,1,1,,3,D31,0,,2,2,0,1,12,350,1,, -1,1,0,8,80,21,7,1,83,83051,1,1,0,6,D31,43.5322151188,6.2447395533,10,1,1
202100005989,191Â 092,B01,1,1,1,9,2,6,-1,0,0,-1,2021,35.0,1,1,0,2,1,1,1,,4,RUE DES PYRENEES,0,,2,2,2,1,(1),(1),1,, -1,2,0,1,30,27,11,1,75,75120,2,4,0,3,RUE DES PYRENEES,48.873802,2.388027,10,2,2
202100024068,158Â 630,A01,2,2,2,5,1,-1,-1,0,0,-1,2021,19.0,1,2,0,0,9,1,1,,3,4085,-1,,2,2,0,1,83,500,1,, -1,1,0,3,80,16,8,1,4,4204,1,1,0,7,RD 4085,43.893517,6.421058,17,2,1
202100004784,193Â 227,B01,2,2,2,5,1,0,-1,-1, -1,-1,2021,14.0,0,2,1,2,1,1,1,,4,MARCEL RAULT,0,,2,1,0,1,0,0,1,, -1,2,0,1,50,3,12,1,22,22360,2,1,1,1,MARCEL RAULT,48.4865047222,-2.741596341,16,5,2
202100014423,175Â 916,A01,10,3,1,2,0,-1,-1,2,3,2,2021,13.0,2,1,0,1,2,0,1,,3,VICTOR HUGO (R),0,,2,2,0,1,1,0,1,, -1,1,0,1,50,8,10,1,94,94046,2,1,0,6,Rue Victor Hugo,48.79969,2.43935,9,2,1
202100011513,181Â 143,B01,3,2,1,0,1,0,-1,-1, -1,-1,2021,1.0,2,2,0,2,4,1,1,,1,13,0,,1,3,0,1,7,900,1,, -1,1,0,1,110,23,10,1,92,92047,1,1,0,2,A13,48.8331791707,2.1600237106,12,8,2
202100002365,197Â 554,A01,10,3,2,0,0,-1,-1,2,3,1,2021,56.0,1,2,0,1,0,1,1,,4,EMILE ZOLA (RUE),0,,1,1,0,1,0,0,1,, -1,1,0,1,30,17,12,1,972,97209,2,2,0,6,EMILE ZOLA (RUE),14.61001,-61.07069,12,2,1
202100018157,169Â 155,A01,1,1,2,0,8,0,-1,-1, -1,-1,2021,23.0,3,2,0,2,1,9,1,,4,GLACIERE ( RUE DE LA ),0,,-1,2,0,1,1,233,1,, -1,1,0,1,50,18,9,5,13,13117,2,2,1,3,GLACIERE ( RUE DE LA ),43.4232470556,5.2410889074,22,4,2
202100012748,178Â 931,A01,1,1,2,5,1,-1,-1,0,0,-1,2021,54.0,2,2,0,2,3,1,1,,1,77,0,,1,4,0,1,0,603,2,, -1,1,0,1,130,17,10,1,77,77370,1,1,0,3,"A77, PK 0+700",48.22146,2.770025,17,3,2
202100041361,127Â 675,A01,1,1,1,5,2,6,-1,0,0,-1,2021,31.0,2,1,0,2,1,2,1,,3,22,0,,2,2,0,1,14,100,1,, -1,1,0,1,50,4,5,1,83,83046,2,1,0,2,D22,43.509112,6.154315,9,4,2
202100052182,108Â 434,B01,2,2,2,0,1,5,-1,0,0,-1,2021,58.0,2,2,0,0,3,1,1,,3,D4,-1,,2,2,0,2,26,300,4,, -1,1,0,1,80,8,2,1,74,74221,1,1,0,1,route de la colombiÃ¨re,46.011225,6.529891,10,3,2
202100047895,116Â 124,A01,10,3,2,0,0,-1,-1,2,3,1,2021,34.0,2,1,0,1,1,1,1,,4,m'tsapere-Boubouni (rue),0,,2,0,0,1,0,0,1,, -1,1,0,1,50,16,1,1,976,97611,2,1,0,6,m'tsapere-Boubouni (rue),-12.79047,45.2203,11,2,1
202100013970,176Â 729,A01,1,1,1,0,1,0,-1,-1, -1,-1,2021,33.0,2,2,3,0,1,12,1,,1,AUTOROUTE A10,0,,1,4,0,1,1,799,1,, -1,1,0,1,110,26,9,3,92,92002,1,1,0,6,AUTOROUTE A10,48.7322167656,2.3110771179,0,4,1
202100028922,150Â 034,A01,1,1,1,5,0,-1,-1,0,0,-1,2021,22.0,3,4,0,0,9,16,1,,4,,-1,,2,1,0,2,(1),(1),3,,3,2,0,3,-1,15,7,1,43,43186,1,2,1,7,Lieu Dit Roffiac,44.990761,4.185008,18,1,1
202100007975,187Â 477,A01,1,1,1,9,8,0,-1,-1, -1,-1,2021,25.0,1,1,0,2,1,19,1,,2,SECTION PLIANE,0,,2,2,0,1,(1),(1),2,, -1,1,0,1,50,14,11,1,971,97113,2,1,0,1,SECTION PLIANE,16.2103339366,-61.4416837692,12,2,2
202100007701,187Â 988,A01,1,1,1,5,2,6,-1,0,0,-1,2021,43.0,1,1,0,0,8,1,1,,4,,0,,2,2,0,2,(1),(1),1,,"7,5",2,0,1,50,17,11,1,89,89418,2,3,1,7,Rue des Cordeliers,47.867791,3.977802,15,2,2
202100037253,135Â 090,B01,1,1,1,0,8,0,-1,-1, -1,-1,2021,61.0,3,1,0,2,1,1,1,,4,SUISSE (BD DE) DU 7AU 162,0,,2,3,1,1,(1),(1),1,, -1,1,0,1,50,4,5,1,31,31555,2,1,0,3,SUISSE (BD DE) DU 7AU 162,43.615959,1.42149,8,2,2
202100050769,110Â 931,A01,1,1,1,9,2,6,-1,0,0,-1,2021,21.0,1,1,0,2,4,2,1,,4,RUE DU FAUBOURG SAINT ANTOINE,0,,2,2,0,1,(1),(1),1,, -1,1,0,1,30,19,2,5,75,75112,2,1,0,2,RUE DU FAUBOURG SAINT ANTOINE,48.849108,2.391012,21,2,2
202100027040,153Â 381,A01,3,2,1,5,1,0,-1,-1, -1,-1,2021,1.0,1,2,0,0,0,0,1,,1,A5b,0,,1,2,0,1,5,599,1,, -1,1,0,1,110,26,7,3,77,77384,1,1,0,6,A5b,48.602273,2.634138,1,3,2
202100004570,193Â 610,A01,1,1,2,1,8,-1,-1,0,0,-1,2021,29.0,1,2,0,2,1,1,1,,3,520,0,,2,2,0,2,38,400,2,, -1,7,0,1,70,6,12,2,38,38383,1,1,1,1,Route de Voiron,45.375438,5.644999,7,3,2
202100050496,111Â 437,A01,10,3,1,5,0,-1,-1,1,3,1,2021,4.0,2,2,0,1,1,1,0,,4,THERESE (AL.),0,,2,2,0,1,0,0,3,, -1,1,0,1,30,23,2,1,93,93010,2,1,0,6,THERESE (AL.),48.9032948221,2.4987245934,14,2,1
202100004672,193Â 426,B01,1,1,1,5,2,0,-1,-1, -1,-1,2021,39.0,3,1,0,2,1,19,1,,4,FELIX EBOUE (Rue),0,,1,1,0,1,(1),(1),1,, -1,2,0,1,50,4,12,1,973,97302,2,2,1,3,FELIX EBOUE (Rue),4.9383081617,-52.3281891346,15,2,2
202100019846,166Â 163,B01,1,1,1,1,2,8,-1,-1, -1,-1,2021,20.0,1,1,0,2,1,1,1,,3,15EME CORPS (AVE DU),0,,2,2,0,1,27,115,1,, -1,1,0,1,50,9,9,1,83,83137,2,1,0,3,15EME CORPS (AVE DU),43.12827,5.90785,12,2,2
202100031169,146Â 019,B01,1,1,1,5,2,0,-1,-1, -1,-1,2021,53.0,3,1,0,2,2,11,1,,9,PALUDS (AVENUE DES),0,,2,2,0,1,0,0,1,, -1,1,0,1,50,1,7,1,13,13005,2,9,0,3,PALUDS (AVENUE DES),43.28605,5.6016,14,3,2
202100043367,124Â 149,B01,2,2,2,0,1,0,-1,-1, -1,-1,2021,15.0,2,2,0,2,1,1,1,,3,JAURES (AV. JEAN) 125 A FIN,0,,2,2,0,1,0,0,1,, -1,1,5,1,50,20,4,1,93,93057,2,2,0,3,JAURES (AV. JEAN) 125 A FIN,48.90285,2.5083,9,3,2
202100000151,201Â 476,B01,1,1,2,1,1,-1,-1,0,0,-1,2021,42.0,1,2,0,2,3,21,1,,3,439,-1,,2,2,0,2,2,800,1,, -1,1,0,1,80,10,12,3,63,63446,1,1,0,1,D439 pr2+800,46.043034,3.188766,19,2,2
202100052688,107Â 552,B01,1,1,1,9,2,6,-1,0,0,-1,2021,39.0,1,1,0,2,8,1,1,,4,RUE PAJOL,0,,1,1,0,1,(1),(1),1,, -1,2,0,1,50,2,2,1,75,75118,2,2,1,3,RUE PAJOL,48.891267,2.363284,11,2,2
202100030242,147Â 707,A01,10,3,2,9,0,-1,-1,4,3,1,2021,53.0,1,1,0,1,1,1,3,,3,STALINGRAD (BD DE),0,,1,2,0,1,110,0,1,, -1,1,0,1,50,7,7,1,94,94081,2,1,0,3,STALINGRAD (BD DE),48.8,2.38,8,2,1
202100028018,151Â 628,A01,1,1,1,1,2,6,-1,0,0,-1,2021,16.0,1,1,12,0,1,1,1,,3,10,-1,,2,2,0,1,16,706,1,,"5,5",1,0,4,50,21,7,1,31,31135,2,1,0,6,Avenue de Palaminy,43.203842,1.076649,7,1,1
202100022876,160Â 727,A01,1,1,2,1,1,-1,-1,0,0,-1,2021,20.0,2,2,0,2,1,13,1,,3,1,0,,2,2,0,1,16,310,1,,"5,5",1,0,1,70,24,8,1,61,61165,1,1,0,1,D1,48.417111,-0.022166,17,2,2
202100003755,195Â 045,A01,3,2,1,9,1,0,-1,-1, -1,-1,2021,7.0,0,2,0,2,7,1,1,,3,2,0,,-1,3,0,1,0,0,1,, -1,1,0,1,50,10,12,5,92,92023,2,9,0,3,GENERAL DE GAULLE (AVENUE DU),48.7852461932,2.251188755,17,5,2
202100008883,185Â 862,A01,1,1,1,0,0,-1,-1,0,0,-1,2021,51.0,2,1,0,2,1,2,5,,3,23,0,,2,2,0,1,(1),(1),1,, -1,1,0,1,50,8,11,1,14,14100,2,1,0,2,Rue de Quilly,49.0504473312,-0.319895,15,2,2
202100014480,175Â 824,A01,1,1,1,5,1,-1,-1,0,0,-1,2021,79.0,3,2,0,2,3,1,1,,3,11,-1,D,2,2,0,1,(1),(1),1,,5,1,0,1,80,9,10,1,22,22137,1,1,0,1,Keroguiou,48.273197,-3.444895,9,3,2
202100048788,114Â 562,A01,1,1,2,3,1,0,-1,-1, -1,-1,2021,71.0,2,2,8,0,4,20,1,,4,ANATOLE FRANCE (R),0,,1,1,0,1,1,0,1,, -1,1,0,4,50,8,3,1,94,94043,2,1,0,6,ANATOLE FRANCE (R),48.80892,2.35919,14,1,1
202100031357,145Â 695,A01,1,1,1,9,0,-1,-1,0,0,-1,2021,15.0,3,1,0,0,0,0,5,,4,0,0,,2,2,0,2,(1),(1),1,, -1,1,0,8,50,3,7,3,42,42139,2,1,0,7,Route du Play,45.284965,4.389762,3,1,1
202100014799,175Â 253,B01,1,1,2,1,1,0,-1,-1, -1,-1,2021,21.0,1,2,0,2,1,1,1,,3,RD 323,0,,2,2,0,1,39,480,1,, -1,2,0,1,90,5,10,2,49,49007,1,1,1,4,RD 323,47.46961,-0.59486,7,5,3
202100053664,105Â 811,A01,10,3,1,3,0,-1,-1,3,3,1,2021,85.0,1,2,0,1,1,1,1,,3,906,0,,2,2,0,1,22,300,1,, -1,1,0,1,50,27,1,1,21,21584,2,2,0,6,6 Rue dâArgentine,47.280368,4.231544,9,2,1
202100010461,183Â 024,A01,1,1,2,0,1,4,-1,-1, -1,-1,2021,19.0,2,2,4,0,1,1,1,,1,AUTOROUTE A86,0,,1,3,0,2,18,399,2,, -1,2,0,1,90,29,10,1,93,93027,1,1,1,7,AUTOROUTE A86,48.9283642663,2.4146747589,16,1,1
202100021371,163Â 448,A01,2,2,2,4,1,-1,-1,0,0,-1,2021,59.0,2,2,4,0,0,1,1,,1,9,-1,A,3,3,0,2,124,300,1,, -1,1,0,2,130,2,9,1,34,34213,1,1,0,6,PK 124+200,43.479578,3.666161,17,2,1
202100039522,130Â 956,B01,1,1,1,5,1,-1,-1,0,0,-1,2021,71.0,2,2,0,2,8,1,1,,2,2,0,A,2,2,0,2,13,800,1,, -1,1,0,1,30,18,5,1,987,98725,1,1,0,5,RT 2,-17.511238,-149.500052,10,3,3
202100035077,138Â 997,B01,1,1,1,0,2,8,-1,-1, -1,-1,2021,22.0,1,1,0,2,1,1,1,,3,MAXIME GORKI (BD),0,,-1,2,0,1,1,0,1,, -1,1,0,1,50,11,6,1,94,94076,2,9,0,3,MAXIME GORKI (BD),48.79597,2.36836,13,2,2
202100045370,120Â 632,B01,1,1,1,2,2,8,-1,0,0,-1,2021,21.0,1,1,0,2,1,1,1,,3,,-1,,2,-1,0,1,9,800,2,, -1,1,0,1,-1,2,4,1,71,71468,1,9,0,3,16 Route de la Beaujarde,46.8134795166,4.4967333685,18,2,2
202100055401,102Â 820,A01,1,1,1,1,1,-1,-1,0,0,-1,2021,25.0,1,2,13,0,4,1,0,,3,901,-1,,2,2,0,1,(1),(1),3,, -1,7,0,3,80,11,1,1,87,87111,1,1,0,6,Manvin,45.747761,0.854187,12,1,1
202100002039,198Â 147,B01,1,1,1,5,1,0,-1,0,0,-1,2021,24.0,1,2,0,2,1,2,1,,4,PORTE DE CLIGNANCOURT,0,,1,4,0,1,21,800,1,, -1,1,0,1,70,19,12,5,75,75118,2,1,0,4,PORTE DE CLIGNANCOURT,48.900868,2.342645,17,3,3
202100047315,117Â 193,A01,1,1,1,0,1,0,-1,-1, -1,-1,2021,25.0,2,2,0,2,1,13,1,,1,A6A,0,,1,3,0,1,7,300,1,, -1,1,0,2,110,20,3,2,94,94034,1,1,0,2,AUTOROUTE A6A,48.75433,2.33221,7,2,2
202100000049,201Â 662,A01,1,1,1,5,1,0,-1,-1, -1,-1,2021,32.0,1,2,0,2,4,23,1,,3,LATTRE DE TASSIGNY AVENUE DE L',0,,1,2,2,1,18,40,1,, -1,1,2,1,50,12,11,1,73,73008,2,1,0,2,D1201 Boulevard MarÃ©chal de Lattre de Tassigny,45.6950340384,5.9053319277,18,4,2
202100010203,183Â 467,A01,1,1,1,5,2,-1,-1,0,0,-1,2021,53.0,1,6,6,0,1,15,1,,4,,-1,,1,1,0,1,(1),(1),2,,5,2,0,8,30,31,10,1,80,80620,2,1,1,6,Rue de la Resistance,49.928779,2.932148,15,1,1
202100027937,151Â 768,B01,1,1,1,0,8,8,-1,-1, -1,-1,2021,29.0,1,1,0,2,1,5,3,,4,CHARLES LIVON (BOULEVARD),0,,1,2,0,2,0,0,2,, -1,1,0,1,50,20,7,5,13,13207,2,1,0,1,CHARLES LIVON (BOULEVARD),43.2916,5.35598,23,2,2
202100036487,136Â 482,B01,1,1,1,5,8,8,-1,-1, -1,-1,2021,34.0,1,1,0,2,1,2,0,,3,GABRIEL PERI (AVENUE),0,,2,4,1,2,1,0,1,, -1,1,0,1,50,4,6,1,93,93048,2,1,0,1,GABRIEL PERI (AVENUE),48.85754,2.439583,10,2,2
202100030595,147Â 064,B01,1,1,1,4,8,0,-1,-1, -1,-1,2021,35.0,1,1,0,2,4,2,5,,4,RUE DE CLIGNANCOURT,0,,1,1,0,1,(1),(1),1,, -1,1,0,1,50,5,7,1,75,75118,2,2,0,2,RUE DE CLIGNANCOURT,48.891716,2.34873,12,2,2
202100022692,161Â 051,D01,1,1,1,4,2,6,-1,-1, -1,-1,2021,34.0,3,1,4,2,1,5,0,,7,MARYSE BASTIE                       (R ),0,,1,2,0,1,5,0,3,, -1,1,2,1,50,24,8,1,69,69286,2,1,0,4,MARYSE BASTIE (R),45.82384,4.91818,15,4,4
202100006224,190Â 682,A01,10,3,2,5,8,8,-1,3,3,1,2021,18.0,1,2,0,1,1,1,1,,4,TARRADE (AVENUE ADRIEN),0,,2,2,0,1,0,0,1,, -1,1,0,1,50,23,11,1,87,87085,2,1,0,6,TARRADE (AVENUE ADRIEN),45.8388,1.25507,16,2,1
202100043140,124Â 559,A01,10,3,2,3,0,-1,-1,3,3,1,2021,44.0,1,2,0,1,1,16,1,,4,FUSILIERS MARINS (AVE DES),0,,2,2,0,1,0,0,1,, -1,1,0,1,50,21,4,1,83,83137,2,9,0,6,FUSILIERS MARINS (AVE DES),43.12777,5.90672,9,2,1
202100034266,140Â 490,B01,1,1,1,0,1,0,-1,-1, -1,-1,2021,59.0,1,2,0,2,4,2,1,,3,DUGAY-TROUIN (RUE)  NÂ° IMPAIRS,0,,2,2,0,1,0,850,1,, -1,1,0,1,50,14,6,1,41,41018,2,1,0,2,DUGAY-TROUIN (RUE)  NÂ° IMPAIRS,47.5898,1.29844,8,3,2
202100007389,188Â 549,A01,1,1,1,9,1,-1,-1,0,0,-1,2021,28.0,1,5,2,0,1,1,1,,3,988,0,,2,2,0,1,2,300,1,, -1,1,0,3,80,20,11,3,63,63338,1,1,0,6,D988,46.1656146461,2.8092070805,3,1,1
202100004562,193Â 621,B01,1,1,2,4,8,0,-1,-1, -1,-1,2021,26.0,3,1,1,2,8,1,5,,3,989,0,,1,3,1,1,0,0,1,, -1,2,0,8,30,5,12,1,92,92040,2,3,1,3,ERNEST RENAN,48.8289404366,2.2825692594,13,2,2
202100042699,125Â 308,A01,1,1,1,5,2,0,-1,0,0,-1,2021,35.0,1,1,0,2,1,2,5,,4,AVENUE DE L HIPPODROME,0,,1,1,1,1,(1),(1),3,, -1,1,-1,5,50,22,4,1,75,75116,2,1,0,4,AVENUE DE L HIPPODROME,48.863642,2.237093,13,3,3
202100007379,188Â 568,A01,1,1,1,0,1,-1,-1,0,0,-1,2021,36.0,2,5,0,2,1,2,1,,1,10,-1,,3,3,0,1,170,600,1,,10,1,0,1,130,20,11,3,41,41208,1,1,0,2,A10,47.581774,1.069373,6,2,2
202100028195,151Â 296,A01,9,2,2,5,1,-1,-1,0,0,-1,2021,68.0,1,2,0,2,1,17,1,,3,429,-1,,2,2,3,1,44,364,1,, -1,1,0,1,70,19,7,1,68,68088,1,4,0,1,Route de Mulhouse,47.849836,7.276517,15,5,2
202100023797,159Â 083,C01,1,1,2,5,0,-1,-1,0,0,-1,2021,69.0,2,1,0,2,8,19,0,,3,62,0,B,2,4,1,1,2,950,1,, -1,1,9,1,50,17,8,1,30,30133,2,6,0,6,RD62B - rond point dit du Casino,43.525931,4.149442,10,3,3
202100028182,151Â 321,B01,1,1,1,0,2,8,-1,-1, -1,-1,2021,36.0,1,1,0,2,3,18,1,,3,LEON LUM AVENUE,0,,3,2,2,1,1,0,1,, -1,1,0,1,50,19,7,1,93,93046,2,1,0,3,Avenue LÃ©on Blum,48.90888,2.53117,18,2,2
202100027333,152Â 864,A01,10,3,2,0,0,-1,-1,9,B,2,2021,75.0,0,2,0,1,4,4,1,,4,VASSAL (RUE PHILEAS),0,,-1,1,0,1,0,0,1,, -1,1,0,1,50,23,7,1,91,91223,2,1,0,6,VASSAL (RUE PHILEAS),48.4267,2.13912,18,2,1
202100016226,172Â 632,B01,1,1,1,9,2,-1,-1,0,0,-1,2021,49.0,3,1,0,2,5,1,5,,4,FAUVINS ( ROUTE  DES ),0,,1,1,0,1,0,1,2,, -1,1,0,1,50,28,9,1,5,5061,2,6,1,3,FAUVINS ( ROUTE  DES ),44.5641,6.09349,12,2,2
202100041582,127Â 274,A01,1,1,2,5,2,-1,-1,0,0,-1,2021,17.0,0,1,0,2,1,1,1,,4,63,-1,,2,2,0,2,(1),(1),2,, -1,1,0,1,80,3,5,1,44,44202,1,1,0,1,La Thuelliere,47.47444,-1.254684,19,2,2
202100010337,183Â 225,A01,10,3,1,0,0,-1,-1,1,3,1,2021,59.0,1,1,0,1,1,26,1,,4,MITTERAND (RUE FRANCOIS),0,,1,1,3,1,(1),(1),1,, -1,9,4,6,50,28,10,3,6,6088,2,1,0,6,MITTERAND (RUE FRANCOIS),43.709752,7.289428,19,2,1
202100042274,126Â 067,A01,1,1,1,0,1,0,-1,-1, -1,-1,2021,23.0,2,2,4,0,1,0,1,,1,A55-Sens Martigues vers Marseille,0,,1,2,0,2,36,0,2,, -1,2,0,3,70,28,4,1,13,13056,1,1,1,6,A55-Sens Martigues vers Marseille,43.4058418448,5.0393474871,9,1,1
202100053578,105Â 950,A01,2,2,1,5,2,6,-1,-1, -1,-1,2021,16.0,1,1,0,2,2,9,1,,4,ARMAND (RUE LOUIS),0,,2,2,2,1,(1),(1),1,, -1,1,-1,1,50,26,1,1,73,73011,2,2,0,3,ARMAND (RUE LOUIS),45.6590930591,6.3709629625,16,3,2
202100032230,144Â 149,A01,1,1,1,0,1,0,-1,-1, -1,-1,2021,23.0,1,2,0,0,9,16,1,,1,AUTOROUTE A103,0,,3,7,0,2,0,935,3,, -1,2,0,1,50,26,6,3,93,93053,1,9,1,6,AUTOROUTE A103,48.88735,2.47498,0,3,1
202100010775,182Â 475,B01,2,2,2,0,2,6,-1,0,0,-1,2021,44.0,3,1,0,2,1,1,1,,3,8,0,R,2,2,0,2,5,794,3,, -1,1,0,1,80,24,10,1,69,69174,1,1,0,1,D8,45.9289696756,4.3973447419,16,3,2
202100056512,100Â 891,A01,1,1,1,5,0,-1,-1,0,0,-1,2021,32.0,0,5,4,0,0,1,1,,9,VE2,-1,,1,2,0,1,0,100,3,, -1,2,0,1,70,1,1,5,988,98805,1,1,1,6,VE2 - sortie Mont Dore,-22.223959,166.468706,20,1,1
202100046785,118Â 144,A01,10,3,1,1,0,-1,-1,1,A,1,2021,41.0,2,1,0,1,3,18,3,,4,BOULEVARD JOURDAN,0,,1,2,0,2,(1),(1),1,, -1,1,0,1,50,24,3,2,75,75114,2,1,0,6,BOULEVARD JOURDAN,48.820548,2.337422,6,2,1
202100045028,121Â 239,B01,1,1,2,0,1,0,-1,-1, -1,-1,2021,53.0,2,2,0,2,2,1,1,,4,PLOMBIERES (BOULEVARD DES),0,,3,4,0,1,(1),(1),1,, -1,1,0,1,50,5,4,1,13,13203,2,1,0,5,PLOMBIERES (BOULEVARD DES),43.317729,5.380956,16,3,3
202100035612,138Â 064,B01,1,1,1,5,1,-1,-1,0,0,-1,2021,81.0,2,2,0,2,3,1,1,,3,13,-1,,2,2,0,3,66,64,1,, -1,1,0,1,80,10,6,1,72,72272,1,1,0,1,D13,47.899154,0.657688,9,2,2
202100018696,168Â 225,B01,2,1,1,4,2,6,-1,-1, -1,-1,2021,32.0,1,1,0,2,1,12,1,,1,A507 sens Marseille - Aubagne,0,,3,4,0,2,7,429,1,, -1,1,1,1,70,10,9,1,13,13055,1,1,0,2,A507 sens Marseille - Aubagne,43.30002,5.42461,16,2,2
202100031889,144Â 754,B01,1,1,1,4,2,-1,-1,0,0,-1,2021,17.0,2,1,0,2,1,1,1,,4,LIBERTE,0,,1,1,0,1,(1),(1),1,, -1,1,0,1,30,27,6,1,12,12145,2,2,0,3,Rue de la LibertÃ©,44.0995142657,3.0759056658,19,2,2
202100007089,189Â 090,A01,2,2,2,5,1,9,-1,0,0,-1,2021,74.0,1,2,0,0,2,1,1,,1,4,-1,,3,4,0,1,83,50,1,, -1,2,0,3,130,21,11,1,2,2297,1,1,1,7,autoroute A4-PK 083+050,49.077127,3.363576,13,2,1
202100052610,107Â 680,B01,1,1,1,1,2,6,-1,0,0,-1,2021,24.0,1,1,0,2,4,1,1,,3,606,0,D,2,2,0,1,8,265,1,, -1,2,0,1,80,5,2,2,89,89074,1,1,1,2,D606,48.319021,3.139086,6,2,2
202100050232,111Â 924,A01,10,3,2,0,0,-1,-1,4,3,1,2021,32.0,3,2,0,1,2,1,1,,4,DE LATTRE DE TASSIGNY (1 A 51),0,,2,4,0,1,0,0,1,, -1,1,0,1,50,25,2,1,93,93031,2,1,0,6,DE LATTRE DE TASSIGNY (1 A 51),48.95291,2.31564,10,2,1
202100024910,157Â 133,B01,1,1,1,0,2,8,-1,-1, -1,-1,2021,28.0,1,1,14,2,8,26,1,,4,COUBRON (RUE DE ),0,,4,2,0,4,0,0,4,, -1,1,9,1,50,9,8,1,93,93047,2,1,0,3,COUBRON (RUE DE ),48.90319,2.57717,12,1,1
202100029685,148Â 735,A01,1,1,1,5,8,-1,-1,0,0,-1,2021,53.0,3,1,0,0,1,1,1,,3,241,0,,2,2,0,1,18,700,3,, -1,1,0,3,80,9,7,1,7,7314,1,1,0,7,"RD241 lieu dit ""Le SallÃ©e""",44.874958,4.586265,20,1,1
202100001549,199Â 035,B01,4,2,1,5,3,-1,-1,0,0,-1,2021,3.0,1,2,0,2,1,1,1,,2,3,-1,,2,3,0,2,36,0,1,, -1,1,9,1,80,25,12,1,974,97422,1,3,0,1,Rue Alfred Lacroix,-21.207924,55.567501,7,9,2