Num_Acc,id_vehicule,num_veh,place,catu,sexe,trajet,secu1,secu2,secu3,locp,actp,etatp,year_acc,victim_age,senc,catv,obs,obsm,choc,manv,motor,occutc,catr,voie,v1,v2,circ,nbv,vosp,prof,pr,pr1,plan,lartpc,larrout,surf,infra,situ,vma,jour,mois,lum,dep,com,agg_,int,atm,col,adr,lat,long,hour,nb_victim,nb_vehicules
202100055444,102Â 750,A01,1,1,1,0,1,0,-1,-1, -1,-1,2021,74.0,1,2,15,0,1,19,1,,3,PAUL LACAVE (AVENUE ),0,,2,2,0,1,100,0,1,, -1,1,9,4,50,9,1,1,971,97105,2,4,0,6,PAUL LACAVE (AVENUE ),15.9943625441,-61.7184072733,11,1,1
202100031441,145Â 545,A01,1,1,1,0,2,8,-1,-1, -1,-1,2021,41.0,2,1,0,0,0,1,3,,4,,0,,2,2,0,1,0,0,1,, -1,1,0,1,30,30,6,5,92,92024,2,1,0,7,GUSTAVE EIFFEL (RUE),48.9046421007,2.2969418764,23,1,1
202100041216,127Â 932,A01,1,1,2,1,1,-1,-1,0,0,-1,2021,54.0,2,2,0,2,1,26,1,,4,,-1,,2,2,0,1,(1),(1),1,,0,1,5,1,50,5,5,1,33,33003,2,3,0,1,Avenue Jules Ferry,44.93293,-0.504904,7,2,2
202100006734,189Â 746,B01,1,1,2,1,8,0,-1,-1, -1,-1,2021,38.0,1,1,0,2,3,17,5,,3,HOCHE,0,,2,2,0,1,0,1,1,, -1,1,0,1,30,23,11,1,93,93055,2,1,0,3,HOCHE,48.89402,2.40175,9,2,2
202100034439,140Â 174,B01,1,1,1,1,2,6,-1,0,0,-1,2021,44.0,1,1,0,2,2,1,1,,4,AVENUE DE BRETEUIL,0,,1,1,0,1,(1),(1),1,, -1,1,0,1,50,14,6,1,75,75107,2,1,0,3,AVENUE DE BRETEUIL,48.850033,2.311575,19,2,2
202100035695,137Â 907,A01,1,1,1,1,2,8,-1,-1, -1,-1,2021,29.0,2,1,0,2,1,7,1,,4,,0,,3,4,3,1,(1),(1),1,, -1,1,0,1,50,8,6,1,66,66136,2,3,0,3,ARGELES SUR MER AVENUE D',42.684,2.90922,16,2,2
202100056225,101Â 396,A01,2,1,1,0,2,0,-1,-1, -1,-1,2021,56.0,1,1,0,9,1,1,1,,1,A507 sens Marseille - Aubagne,0,,3,3,0,1,8,500,1,, -1,1,1,1,70,5,1,5,13,13055,1,1,0,6,A507 sens Marseille - Aubagne,43.289166,5.424457,18,1,1
202100053495,106Â 095,A01,1,1,1,0,2,0,-1,-1, -1,-1,2021,24.0,1,1,0,2,0,17,1,,4,AV AUGUSTE RODIN,0,,2,2,0,1,1,0,1,, -1,1,0,1,50,26,1,1,94,94079,2,1,0,3,AUGUSTE RODIN (AV),48.833,2.551,9,2,2
202100025153,156Â 694,B01,1,1,1,9,1,0,-1,-1, -1,-1,2021,58.0,1,5,0,1,1,23,1,,3,EMILE ZOLA (R),0,,2,2,0,1,1,0,1,, -1,2,0,1,50,7,8,1,94,94034,2,1,0,6,EMILE ZOLA (R),48.75913,2.32468,18,4,2
202100011413,181Â 319,A01,1,1,1,9,2,6,-1,0,0,-1,2021,49.0,3,1,12,0,8,13,1,,4,ECHANGEUR BRANCION,0,,1,2,0,2,(1),(1),1,, -1,1,0,1,50,23,10,1,75,75115,2,1,0,6,ECHANGEUR BRANCION,48.826794,2.296557,9,1,1
202100022043,162Â 228,B01,1,1,2,9,1,8,-1,-1, -1,-1,2021,38.0,2,2,0,2,4,0,1,,1,AUTOROUTE A3,0,,3,8,0,2,0,800,2,, -1,1,0,1,70,29,8,1,93,93006,1,9,0,2,AUTOROUTE A3,48.8667,2.423,12,4,2
202100016523,172Â 094,B01,2,2,2,1,1,0,-1,-1, -1,-1,2021,25.0,3,2,0,0,0,0,1,,3,MAGENTA (BOULEVARD),0,,2,2,0,1,1,165,1,, -1,1,0,1,50,24,9,1,77,77186,2,3,0,6,D417,48.40159,2.69665,16,4,2
202100053271,106Â 514,B01,1,1,1,4,8,0,-1,-1, -1,-1,2021,44.0,1,1,0,2,1,1,1,,3,SALENGRO (AVENUE ROGER),0,,-1,2,2,1,0,0,1,, -1,1,0,5,50,29,1,1,92,92022,2,1,0,3,SALENGRO (AVENUE ROGER),48.8052303043,2.1829875559,12,2,2
202100045478,120Â 445,B01,1,1,2,5,1,-1,-1,0,0,-1,2021,62.0,3,2,0,2,3,1,1,,4,VC2,0,,2,2,0,1,(1),(1),1,, -1,1,5,1,80,23,3,1,29,29068,1,2,0,3,VC7- VC2 Lieu dit Le Rest,48.549562,-3.997736,18,2,2
202100014944,174Â 991,B01,2,2,2,0,2,0,-1,-1, -1,-1,2021,22.0,1,1,0,2,5,2,1,,2,mamoudzou centre-Commandant Passot (Plac,0,,2,2,0,1,0,0,1,, -1,1,0,1,50,5,10,1,976,97611,2,6,0,3,mamoudzou centre-Commandant Passot (Plac,-12.78157,45.23481,10,3,2
202100056160,101Â 502,A01,1,1,2,5,1,-1,-1,-1, -1,-1,2021,24.0,0,2,0,2,2,15,1,,4,BRIE (RUE DE),0,,1,2,0,1,(1),(1),1,, -1,2,0,1,50,3,1,1,50,50129,2,3,1,3,BRIE (RUE DE),49.62754,-1.63102,12,2,2
202100052859,107Â 233,A01,1,1,2,5,1,-1,-1,-1, -1,-1,2021,53.0,2,2,0,2,4,1,1,,4,DUQUESNE                            (R ),0,,1,2,3,1,(1),(1),1,, -1,2,0,1,50,1,2,1,69,69386,2,1,1,2,DUQUESNE (R),45.77286,4.8464,16,2,2
202100050559,111Â 317,B01,1,1,1,0,2,-1,-1,-1, -1,-1,2021,33.0,1,1,0,2,3,26,3,,4,BELLECOMBE (DE)                     (R ),0,,1,4,0,1,(1),(1),1,, -1,1,0,1,50,20,2,1,69,69386,2,2,0,3,BELLECOMBE (DE) (R),45.76816,4.86317,11,2,2
202100021993,162Â 322,A01,1,1,1,5,1,-1,-1,0,0,-1,2021,20.0,2,2,16,0,1,1,1,,3,28,-1,,2,2,0,4,18,473,1,, -1,1,0,3,80,30,8,1,1,1236,1,1,0,7,Route de Montrevel,46.331925,5.087078,9,1,1
202100044663,121Â 881,B01,1,1,1,1,2,0,-1,-1, -1,-1,2021,31.0,1,1,0,2,1,0,1,,3,BANDOL (ROUTE)NÂ° PAIRS,0,,2,2,0,1,15,800,1,, -1,1,0,1,50,6,4,1,83,83123,2,9,0,3,BANDOL (ROUTE)NÂ° PAIRS,43.129932,5.78261,16,2,2
202100011132,181Â 836,B01,1,1,1,5,2,6,-1,-1, -1,-1,2021,32.0,3,1,0,2,2,1,1,,3,909,0,,2,1,0,1,0,0,1,, -1,2,5,1,50,25,10,1,92,92025,2,9,1,3,STALINGRAD (AV DE),48.9334015958,2.2646782547,12,2,2
202100032739,143Â 252,A01,1,1,1,5,2,-1,-1,0,0,-1,2021,34.0,1,1,0,2,1,13,1,,3,15,0,,2,2,0,1,8,500,3,, -1,1,0,1,90,23,6,1,19,19126,1,1,0,1,RD 15 PK 18 400 CROISSANT,45.0484058838,1.7437955885,18,2,2
202100039453,131Â 087,A01,1,1,2,9,1,-1,-1,-1, -1,-1,2021,19.0,3,2,0,2,3,19,1,,4,CHALOTAIS (RUE DE LA),0,,2,2,0,2,(1),(1),1,, -1,2,0,1,50,18,5,1,35,35051,2,9,0,3,CHALOTAIS (RUE DE LA),48.11801,-1.60072,18,2,2
202100054057,105Â 120,A01,10,3,1,1,0,-1,-1,3,3,1,2021,19.0,2,2,0,1,3,1,1,,4,Rue Durutte,0,,1,1,0,1,(1),(1),1,, -1,2,0,1,50,13,1,2,59,59178,2,1,1,6,DURUTTE (RUE),50.37264,3.08873,17,2,1
202100051445,109Â 740,A01,10,3,1,9,0,-1,-1,3,5,1,2021,7.0,3,4,0,1,3,26,1,,4,JULES GUESDE (RUE),0,,2,3,0,1,(1),(1),1,, -1,1,0,1,50,15,2,1,10,10387,2,1,0,6,JULES GUESDE (RUE),48.2940057089,4.0817427635,13,2,1
202100030334,147Â 541,A01,10,3,1,0,0,-1,-1,3,3,1,2021,36.0,1,2,0,1,1,1,1,,3,CHAUVEL,0,,3,2,0,1,(1),(1),1,, -1,1,0,1,50,5,7,5,971,97101,2,1,0,6,CHAUVEL,16.2387,-61.52644,22,2,1
202100003293,195Â 879,A01,1,1,1,9,2,-1,-1,0,0,-1,2021,51.0,1,1,0,0,0,0,1,,3,651,0,,2,2,0,1,4,175,1,, -1,1,0,1,50,12,12,5,50,50003,2,1,0,7,avenue du golf,49.05155,-1.600571,22,1,1
202100014057,176Â 569,A01,1,1,2,5,2,6,-1,0,0,-1,2021,35.0,2,1,15,0,1,1,1,,3,108,-1,,2,2,0,1,8,0,2,, -1,1,0,3,80,11,10,1,4,4031,1,1,0,7,RD 108 La Bastide Neuve,43.911134,6.112824,14,1,1
202100015554,173Â 882,B01,1,1,1,5,8,8,-1,-1, -1,-1,2021,19.0,2,1,1,0,1,1,5,,4,SVOB ( BOULEVARD EMMANUEL),0,,2,2,0,1,(1),(1),1,, -1,1,0,1,30,30,9,1,56,56121,2,1,0,2,SVOB ( BOULEVARD EMMANUEL),47.75084,-3.36804,18,2,2
202100031512,145Â 432,A01,1,1,1,5,2,-1,-1,0,0,-1,2021,46.0,2,1,0,2,8,19,5,,3,D1,0,,2,2,1,1,2,700,1,, -1,1,-1,5,50,30,6,1,73,73179,2,4,0,3,D1 / R Jean et Andre Riottot,45.588549,5.882546,15,2,2
202100041110,128Â 129,A01,10,3,2,0,0,-1,-1,3,3,1,2021,73.0,0,2,0,1,1,1,1,,4,,0,,2,2,3,1,(1),(1),1,, -1,2,0,1,30,6,5,1,33,33281,2,1,1,6,Avenue des FrÃ¨res Robinson,44.85028,-0.65568,17,2,1
202100041615,127Â 218,B01,1,1,1,5,2,-1,-1,0,0,-1,2021,52.0,2,1,0,2,1,1,5,,3,1006,-1,,1,1,0,1,122,365,2,, -1,1,5,1,50,26,3,1,73,73261,2,6,0,3,D1006 R du Temple,45.219938,6.464784,13,2,2
202100017883,169Â 657,A01,1,1,2,0,1,0,-1,-1, -1,-1,2021,26.0,1,2,0,2,2,15,1,,3,EUGENE RENAULT (R),0,,2,2,0,1,1,0,1,, -1,2,0,1,50,20,9,2,94,94046,2,3,1,3,Rue EugÃ¨ne Renault,48.81482,2.41732,19,2,2
202100050937,110Â 629,A01,1,1,1,4,2,8,-1,0,0,-1,2021,36.0,2,1,0,2,3,1,1,,4,AVENUE DE LA REPUBLIQUE,0,,3,2,0,1,(1),(1),1,, -1,1,0,1,50,19,2,5,75,75111,2,5,0,3,AVENUE DE LA REPUBLIQUE,48.8651563494,2.3752128917,21,2,2
202100024327,158Â 186,A01,10,3,1,0,0,-1,-1,2,3,1,2021,71.0,0,2,0,1,1,9,1,,3,STALINGRAD (RUE DE) A10,0,,1,-1,0,1,0,1,1,, -1,1,0,1,50,13,8,1,93,93008,2,7,0,2,STALINGRAD (RUE DE) A10,48.91322,2.43589,19,3,2
202100023982,158Â 767,A01,1,1,2,5,1,4,-1,-1,0,-1,2021,20.0,2,2,3,2,1,1,1,,2,RN 104,0,,1,4,0,1,19,299,1,, -1,1,0,1,110,16,8,2,95,95241,1,1,0,6,RN 104,49.04768,2.46637,6,1,1
202100013094,178Â 336,B01,1,1,1,9,2,8,-1,-1, -1,-1,2021,45.0,2,1,0,2,8,1,1,,4,LÃON GAMBETTA (ALLEE),0,,-1,6,0,1,0,0,1,, -1,1,0,1,50,15,10,5,13,13201,2,3,0,3,LÃON GAMBETTA (ALLEE),43.29921,5.38106,21,2,2
202100055314,102Â 955,A01,1,1,1,0,1,0,-1,-1, -1,-1,2021,85.0,2,2,0,2,7,1,1,,4,GENERAL LECLERC(AV),0,,2,2,0,1,0,0,1,, -1,2,0,1,50,12,1,1,38,38544,2,1,1,3,GENERAL LECLERC(AV),45.5043,4.8548,17,2,2
202100050479,111Â 465,A01,4,2,2,5,1,0,-1,0,0,-1,2021,12.0,1,2,0,2,5,1,1,,4,PLACE D IENA,0,,2,4,0,1,(1),(1),1,, -1,1,0,1,50,23,2,1,75,75116,2,7,0,3,PLACE D IENA,48.864871,2.294118,14,8,2
202100000045,201Â 676,A01,10,3,1,2,0,-1,-1,3,3,1,2021,12.0,1,1,0,1,1,1,1,,3,JEAN JAURES (AVE) 55 A 129,0,,2,7,3,1,0,0,1,, -1,1,0,1,50,17,6,1,93,93001,2,1,0,1,JEAN JAURES (AVE) 55 A 129,48.90633,2.394949,9,2,1
202100010681,182Â 626,B01,1,1,1,1,1,0,-1,-1, -1,-1,2021,36.0,1,2,0,2,8,1,1,,3,CATAYEE (JUSTIN),0,,2,2,0,1,1,500,1,, -1,1,0,1,50,27,10,1,973,97302,2,1,0,6,CATAYEE (JUSTIN),4.92863,-52.32534,14,3,2
202100040765,128Â 745,A01,1,1,1,9,2,6,-1,0,0,-1,2021,57.0,2,1,0,2,8,21,1,,4,AVENUE DE LAUMIERE,0,,2,2,0,2,(1),(1),1,, -1,1,0,1,30,8,5,1,75,75119,2,2,0,2,AVENUE DE LAUMIERE,48.88466,2.379826,17,2,2
202100031997,144Â 550,A01,2,2,2,5,8,0,-1,-1, -1,-1,2021,17.0,3,5,0,2,1,17,1,,4,LIVRY (AVENUE DE),0,,2,2,0,1,0,0,1,, -1,2,0,1,50,27,6,5,93,93071,2,9,1,3,Avenue de Livry,48.934164542,2.5354532897,22,3,2
202100024414,158Â 045,A01,1,1,1,0,2,-1,-1,0,0,-1,2021,34.0,2,1,0,2,1,17,1,,3,753,0,D,2,2,0,1,70,530,1,, -1,1,0,1,80,13,8,1,85,85172,1,1,0,5,Route de Challans,46.827517,-1.947927,19,4,3
202100045015,121Â 263,A01,10,3,1,0,0,-1,-1,1,3,1,2021,44.0,1,5,0,1,5,1,1,,3,RECHERCHANT (RUE ADRIEN) (2),0,,2,2,0,1,1,610,4,, -1,1,0,1,50,4,4,1,974,97416,1,1,0,6,RECHERCHANT (RUE ADRIEN) (2),-21.282511,55.474857,11,2,1
202100049364,113Â 527,B01,2,2,2,1,2,6,-1,-1, -1,-1,2021,17.0,2,1,0,2,1,1,1,,4,LAURENCIN (RUE DE),0,,1,1,0,1,(1),(1),1,, -1,1,0,1,50,27,2,1,89,89387,2,2,0,3,LAURENCIN (RUE DE),48.19814,3.27994,12,3,2
202100051366,109Â 863,B01,1,1,1,1,2,-1,-1,0,0,-1,2021,46.0,1,1,0,2,1,1,1,,3,,0,,2,2,0,1,10,623,1,, -1,2,0,1,50,16,2,2,35,35360,2,1,0,1,Boulevard de Laval,48.120755,-1.176943,18,2,2
202100031413,145Â 598,A01,1,1,1,5,1,-1,-1,-1, -1,-1,2021,23.0,1,2,0,2,1,2,1,,3,D907,0,,2,2,1,1,15,500,1,, -1,1,0,1,70,1,7,1,4,4112,2,1,0,2,RD 907,43.81441,5.80255,19,2,2
202100015339,174Â 292,A01,1,1,2,9,1,8,-1,-1, -1,-1,2021,21.0,1,2,2,0,8,1,1,,3,BARRAN (CHEMIN DE),0,,2,2,0,1,0,0,4,, -1,2,0,3,80,3,10,1,32,32013,1,1,1,7,BARRAN (CHEMIN DE),43.65213,0.53109,17,1,1
202100038286,133Â 211,A01,1,1,1,5,2,6,-1,0,0,-1,2021,78.0,2,1,0,2,3,18,1,,3,13,0,D,2,2,0,2,17,217,3,, -1,1,0,1,-1,27,5,1,34,34199,2,3,0,3,Avenue GÃ©nÃ©ral de Gaulle,43.453176,3.414168,13,2,2
202100018162,169Â 146,A01,10,3,2,0,0,-1,-1,2,3,1,2021,61.0,0,2,0,1,3,1,1,,7,BLANCARD (PROMENADE PIERRE),0,,2,2,0,1,0,100,1,, -1,1,0,1,30,17,9,1,13,13005,2,1,0,1,BLANCARD (PROMENADE PIERRE),43.29527,5.56053,16,2,1
202100046060,119Â 419,A01,10,3,2,9,0,-1,-1,3,3,1,2021,47.0,1,1,0,1,8,1,1,,3,BADUEL (ROUTE DE),0,,2,1,0,1,1,500,1,, -1,1,0,1,50,29,3,1,973,97302,2,1,0,6,BADUEL (ROUTE DE),4.93675,-52.31467,8,2,1
202100025219,156Â 584,B01,1,1,2,5,0,-1,-1,0,0,-1,2021,42.0,0,1,0,2,4,23,5,,6,,0,,-1,0,0,1,(1),(1),1,,5,1,0,8,-1,7,8,4,69,69287,2,1,0,2,PASTEUR (R),45.70056,5.01278,1,2,2
202100006668,189Â 867,B01,1,1,1,0,2,-1,-1,-1, -1,-1,2021,47.0,3,1,0,2,1,19,6,,4,LECLERC (AVE DU MARECHAL),0,,3,4,3,1,(1),(1),1,, -1,1,-1,1,50,22,11,5,33,33281,2,2,0,3,Avenue du MarÃ©chal Leclerc,44.83298,-0.6479,19,2,2
202100027336,152Â 860,B01,3,2,1,0,1,0,-1,-1, -1,-1,2021,7.0,1,2,0,2,2,0,2,,7,PIERREFEU (ROUTE DE) RD 12,0,,2,2,0,1,40,295,1,, -1,1,0,1,50,23,7,1,83,83069,1,1,0,4,PIERREFEU (ROUTE DE) RD 12,43.13212,6.16392,9,6,3
202100052507,107Â 865,A01,2,2,1,2,2,6,-1,0,0,-1,2021,13.0,1,1,0,2,1,17,1,,3,76,0,D,2,2,0,4,5,400,1,, -1,1,0,1,50,5,2,1,69,69050,2,2,0,3,ARBRESLE (DE L') (RTE),45.8736842255,4.6434244057,16,3,2
202100005524,191Â 922,B01,1,1,1,0,1,0,-1,-1, -1,-1,2021,51.0,1,5,0,2,4,2,0,,4,GIBBES (CHEMIN DE),0,,3,0,0,1,(1),(1),1,, -1,1,0,1,50,29,11,1,13,13214,2,1,0,2,GIBBES (CHEMIN DE),43.3243773624,5.3823505106,9,2,2
202100036181,137Â 021,A01,2,2,1,5,1,-1,-1,0,0,-1,2021,22.0,1,2,1,0,1,1,1,,4,,-1,,2,2,0,1,(1),(1),2,,4,1,0,1,50,5,6,2,65,65059,2,1,0,1,6 Avenue du Groupe Bernard,43.065352,0.155192,21,5,2
202100049901,112Â 540,A01,1,1,1,9,2,6,-1,0,0,-1,2021,34.0,2,1,0,2,7,1,1,,4,RUE DE VOUILLE,0,,2,2,3,1,(1),(1),1,, -1,1,0,1,50,27,2,1,75,75115,2,3,0,3,RUE DE VOUILLE,48.833383,2.309795,17,2,2
202100024770,157Â 376,B01,1,1,1,1,2,6,-1,0,0,-1,2021,37.0,1,1,0,2,4,23,1,,4,ROUTE DE LA PYRAMIDE,0,,2,2,0,1,(1),(1),1,, -1,1,0,1,50,10,8,1,75,75112,2,6,0,2,ROUTE DE LA PYRAMIDE,48.834053,2.444833,18,2,2
202100008968,185Â 687,B01,1,1,1,5,8,0,-1,0,0,-1,2021,10.0,3,1,0,2,8,10,3,,4,ROUTE DOM PERIGNON,0,,2,1,0,1,(1),(1),1,, -1,1,0,1,30,7,11,2,75,75112,2,1,0,3,ROUTE DOM PERIGNON,48.828123,2.409682,16,2,2
202100035795,137Â 723,B01,7,2,1,0,0,-1,-1,0,0,-1,2021,19.0,2,1,0,2,0,11,1,,4,,0,,2,2,0,1,(1),(1),1,,5,1,9,1,50,8,6,1,11,11353,2,3,0,3,Avenue des Treilles,43.246875,2.920523,19,3,2
202100040348,129Â 483,A01,1,1,1,4,8,-1,-1,0,0,-1,2021,29.0,1,1,0,2,1,15,5,,4,TALLINN (SANS NÂ° DE GUILERS A DELALANDE),0,,2,2,0,3,(1),(1),2,, -1,1,5,1,50,11,5,1,29,29019,2,6,0,3,Avenue de Tallinn,48.38951,-4.52022,8,2,2
202100034123,140Â 769,A01,3,2,1,4,8,0,-1,-1, -1,-1,2021,27.0,1,0,0,0,6,16,1,,3,JAURES (AVENUE JEAN),0,,1,2,1,1,1,0,1,, -1,1,0,1,50,15,6,1,93,93027,2,3,0,2,JAURES (AVENUE JEAN),48.92235,2.40708,11,3,2
202100017203,170Â 886,B01,1,1,1,5,0,-1,-1,0,0,-1,2021,64.0,1,0,0,0,4,2,5,,3,d 620,0,D,2,2,0,2,37,200,1,, -1,1,0,1,50,22,9,1,11,11206,2,1,1,2,Avenue Charles de Gaulle,43.054283,2.206733,19,2,2
202100039950,130Â 177,A01,1,1,2,1,1,0,-1,-1, -1,-1,2021,21.0,1,2,6,2,1,14,1,,4,KENNEDY  BOULEVARD J.F.,0,,1,1,0,1,(1),(1),2,, -1,2,2,1,50,4,5,5,25,25056,2,1,1,6,KENNEDY  BOULEVARD J.F.,47.23325,5.98295,20,1,1
202100043155,124Â 530,A01,1,1,1,5,2,0,-1,-1, -1,-1,2021,18.0,2,1,16,0,0,1,5,,3,724,0,,2,2,0,1,96,470,1,, -1,2,0,4,50,20,4,1,56,56083,2,1,0,7,REPUBLIQUE ( AV. DE LA ),47.79841,-3.29486,16,1,1
202100025955,155Â 289,A01,2,2,1,0,8,0,-1,-1, -1,-1,2021,37.0,2,2,0,0,0,23,1,,1,AUTOROUTE A3,0,,3,10,0,1,7,0,1,, -1,1,0,3,70,1,8,3,93,93053,1,1,0,7,AUTOROUTE A3,48.89708,2.46964,22,3,2
202100004596,193Â 563,B01,2,2,1,5,1,-1,-1,0,0,-1,2021,27.0,0,2,0,0,4,2,1,,3,,-1,,2,2,0,1,9,(1),1,, -1,1,0,1,80,5,12,4,13,13004,1,1,0,2,N572N,43.680412,4.517612,18,5,2
202100011332,181Â 472,B01,2,2,2,5,1,8,-1,-1, -1,-1,2021,43.0,1,2,0,2,1,2,1,,1,A86 INT,0,,3,6,0,1,45,799,1,, -1,1,1,1,70,24,10,1,94,94073,1,1,0,2,A86 INT,48.7633,2.3809,18,3,2
202100000171,201Â 438,B01,10,3,2,1,0,-1,-1,5,1,1,2021,23.0,1,1,0,2,1,0,6,,4,SEVERIERS (CHEMIN DES),0,,3,2,0,1,0,0,1,, -1,1,0,1,50,19,10,1,13,13028,2,1,0,3,SEVERIERS (CHEMIN DES),43.2033091763,5.6156035408,18,3,2
202100010813,182Â 401,A01,10,3,2,0,0,-1,-1,3,3,1,2021,85.0,2,2,0,1,0,16,1,,3,30,0,D,2,2,0,1,7,800,1,, -1,1,0,1,50,27,10,1,69,69052,2,3,0,6,LOZANNE (DE) (RTE),45.8749522221,4.7098141291,18,2,1
202100023874,158Â 953,A01,1,1,2,5,1,-1,-1,0,0,-1,2021,22.0,1,2,2,0,1,13,1,,4,SAINT-EXUPERY (AVENUE ANTOINE DE),0,,2,2,0,1,(1),(1),1,, -1,1,0,4,50,16,8,1,65,65440,2,1,0,6,SAINT-EXUPERY (AVENUE ANTOINE DE),43.24411,0.06658,15,1,1
202100023744,159Â 175,A01,1,1,2,9,2,0,-1,0,0,-1,2021,27.0,0,1,12,0,0,13,3,,4,AVENUE BOSQUET,0,,2,4,0,1,(1),(1),1,, -1,1,0,1,50,16,8,5,75,75107,2,2,0,6,AVENUE BOSQUET,48.861882,2.302024,21,1,1
202100045130,121Â 065,B01,1,1,2,2,1,-1,-1,0, -1,-1,2021,22.0,2,2,0,2,1,2,1,,3,MORBIHAN AVENUE DU,0,,3,4,0,1,1,500,1,, -1,1,0,1,110,2,4,2,29,29232,1,1,0,2,Avenue du Morbihan,47.9780454032,-4.0240391134,17,3,2
202100022952,160Â 596,A01,1,1,1,5,2,-1,-1,0,0,-1,2021,17.0,0,1,16,0,0,0,1,,3,748,-1,,2,2,0,1,12,370,1,, -1,1,0,1,90,22,8,3,49,49086,1,1,0,7,D748,47.32012,-0.443015,4,1,1
202100031181,146Â 000,A01,10,3,1,5,0,-1,-1,3,5,2,2021,53.0,2,2,0,1,1,16,1,,4,SIDI BRAHIM (AVENUE),0,,2,2,0,4,(1),(1),3,, -1,1,0,1,50,2,7,1,6,6069,2,1,1,6,SIDI BRAHIM (AVENUE),43.651234,6.926209,19,4,1
202100000271,201Â 237,E01,10,3,1,-1,-1,-1,-1,6,2,1,2021,6.0,2,3,0,1,6,1,3,,4,,-1,,2,-1,-1,1,(1),(1),1,, -1,1,4,1,-1,12,7,1,91,91207,2,8,0,6,allÃ©e des joncs,48.584327,2.228337,18,2,1
202100008190,187Â 082,A01,1,1,2,1,1,5,-1,0,0,-1,2021,40.0,1,2,0,2,3,15,1,,3,2,-1,,2,1,0,1,56,740,1,,3,2,0,1,80,15,11,2,1,1437,1,2,0,3,Route de la MÃ©trode,46.4500103586,5.0243968862,7,3,2
202100049288,113Â 659,A01,1,1,1,1,2,0,-1,-1, -1,-1,2021,47.0,2,1,0,0,0,13,5,,3,JEAN JAURES (R),0,,2,2,1,1,1,0,1,, -1,2,0,4,50,4,3,5,94,94046,2,1,1,7,JEAN JAURES (R),48.78957,2.435357,18,1,1
202100048658,114Â 778,B01,1,1,1,1,2,0,-1,-1, -1,-1,2021,49.0,3,1,0,2,7,1,1,,4,DECUGIS (AVENUE ALFRED),0,,2,4,0,1,(1),0,1,, -1,1,0,1,50,9,3,1,83,83069,2,6,0,3,DECUGIS (AVENUE ALFRED),43.11633,6.14666,13,2,2
202100026567,154Â 211,A01,1,1,1,5,2,6,-1,0,0,-1,2021,21.0,3,1,14,0,8,1,1,,4,,-1,,3,2,2,1,(1),(1),1,,5,1,4,1,50,28,7,5,69,69043,2,8,0,6,GARE (DE LA) (RTE),45.698866,4.763281,21,1,1
202100052759,107Â 421,B01,2,2,2,0,2,0,-1,-1, -1,-1,2021,28.0,1,1,0,2,7,1,1,,4,LYON (ROUTE DE ),0,,2,2,0,1,(1),(1),1,, -1,2,0,1,50,2,2,4,71,71475,2,1,1,3,LYON (ROUTE DE ),46.76369,4.84242,17,3,2
202100003884,194Â 810,A01,10,3,2,5,0,-1,-1,2,A,1,2021,90.0,1,2,0,1,1,1,1,,3,24,-1,,2,2,0,1,(1),(1),1,, -1,2,0,1,50,10,12,5,63,63195,2,1,1,6,24 Avenue du Docteur Corny,45.823847,3.383973,18,2,1
202100034513,140Â 036,A01,9,2,2,5,8,-1,-1,0,0,-1,2021,21.0,2,2,4,0,9,2,1,,1,13,-1,A,1,3,0,1,93,280,3,, -1,1,0,1,130,14,6,1,27,27697,1,1,0,6,A13 pk 93+280,49.212411,1.217744,21,4,1
202100034206,140Â 606,B01,1,1,2,3,2,0,-1,-1, -1,-1,2021,86.0,2,1,0,2,7,1,5,,4,,0,,2,2,0,1,0,0,1,, -1,1,0,5,50,24,3,1,85,85194,2,2,0,3,VENDEE GLOBE (BOULEVARD DU),46.49971,-1.75692,11,2,2
202100033193,142Â 431,B01,1,1,1,5,2,-1,-1,-1, -1,-1,2021,25.0,0,1,0,2,0,0,5,,4,VILLEBOIS MAREUIL (BD),0,,2,2,2,1,(1),(1),1,, -1,1,0,5,50,20,6,1,35,35238,2,1,0,3,VILLEBOIS MAREUIL (BD),48.1044,-1.65016,17,2,2
202100016471,172Â 185,A01,1,1,2,5,1,0,-1,-1, -1,-1,2021,65.0,1,0,8,0,2,13,1,,3,NAVARRE (AVENUE HENRI DE),0,,3,2,0,1,3,380,2,, -1,1,0,1,50,26,9,1,64,64102,2,1,0,7,NAVARRE (AVENUE HENRI DE),43.500924,-1.445838,11,2,1
202100051540,109Â 570,C01,1,1,2,5,1,-1,-1,0,0,-1,2021,56.0,1,2,0,2,3,1,1,,3,470,0,D,2,2,0,1,24,750,2,, -1,1,0,1,90,15,2,1,39,39443,1,2,0,5,,46.543919,5.599267,12,5,3
202100041270,127Â 833,A01,1,1,2,5,2,0,-1,-1, -1,-1,2021,23.0,1,1,0,0,8,21,1,,4,BIARRITZ (AVENUE DE),0,,2,2,0,1,0,0,1,, -1,2,0,1,50,5,5,1,64,64024,2,1,1,7,BIARRITZ (AVENUE DE),43.48033,-1.5176,8,1,1
202100028876,150Â 106,B01,1,1,1,0,8,0,-1,-1, -1,-1,2021,43.0,1,1,0,2,8,1,0,,3,VAILLANT COUTURIER (AVENUE PAUL),0,,1,3,2,1,0,0,1,, -1,1,0,1,50,15,7,1,93,93008,2,1,0,3,Avenue Paul Vaillant - Couturier,48.90828,2.45224,21,2,2
202100015608,173Â 778,A01,10,3,2,2,0,-1,-1,3,3,1,2021,15.0,0,2,0,1,2,9,1,,4,QUEBEC (AVENUE),0,,-1,1,0,1,(1),(1),3,, -1,1,5,1,30,30,9,1,17,17306,2,1,0,6,QUEBEC (AVENUE),45.63273,-1.01894,10,2,1