Num_Acc,id_vehicule,num_veh,place,catu,sexe,trajet,secu1,secu2,secu3,locp,actp,etatp,year_acc,victim_age,senc,catv,obs,obsm,choc,manv,motor,occutc,catr,voie,v1,v2,circ,nbv,vosp,prof,pr,pr1,plan,lartpc,larrout,surf,infra,situ,vma,jour,mois,lum,dep,com,agg_,int,atm,col,adr,lat,long,hour,nb_victim,nb_vehicules
202100034399,140Â 250,A01,1,1,2,1,1,0,-1,-1, -1,-1,2021,41.0,1,2,0,0,4,23,1,,1,TVPCD-Sens Les Ports vers Saint Victor,0,,1,2,0,1,0,839,1,, -1,1,1,1,50,10,6,1,13,13202,2,1,0,2,TVPCD-Sens Les Ports vers Saint Victor,43.2978,5.363,8,2,2
202100006623,189Â 951,A01,1,1,1,4,2,6,-1,-1, -1,-1,2021,41.0,1,1,0,2,2,5,1,,4,PREMIERE ARMEE (RUE DE LA),0,,3,5,1,2,0,0,2,, -1,1,4,1,50,18,11,5,67,67482,2,8,0,1,PREMIERE ARMEE (RUE DE LA),48.578355,7.749097,18,4,2
202100035838,137Â 644,A01,1,1,1,5,2,-1,-1,0,0,-1,2021,70.0,1,1,0,9,0,1,5,,7,559,0,,2,2,0,2,14,150,1,, -1,1,0,1,80,8,6,1,63,63263,2,1,0,7,D559 - route de durtol,45.8068051489,3.0133575544,17,1,1
202100019725,166Â 383,B01,1,1,1,2,2,0,-1,0,0,-1,2021,13.0,2,1,0,2,1,1,5,,4,RUE DARMESTETER,0,,2,2,1,1,(1),(1),1,, -1,2,0,5,30,10,9,1,75,75113,2,3,1,3,RUE DARMESTETER,48.823387,2.375028,17,3,2
202100046273,119Â 063,B01,1,1,1,5,1,-1,-1,0,0,-1,2021,44.0,2,2,0,2,1,1,1,,3,17,0,,2,2,0,1,37,465,1,, -1,1,0,1,80,27,3,1,44,44158,1,1,0,1,La Censive,47.2859118292,-1.8118033904,15,5,2
202100030365,147Â 486,B01,3,2,2,3,0,-1,-1,-1, -1,-1,2021,35.0,1,3,14,0,3,1,1,2.0,4,TALLEYRAND (RUE),0,,1,2,0,1,(1),(1),1,, -1,1,0,1,50,6,7,1,51,51454,2,2,0,3,Rue de Talleyrand,49.25752,4.02812,14,3,2
202100015791,173Â 444,A01,1,1,1,5,2,6,-1,0,0,-1,2021,18.0,2,1,13,0,3,0,1,,7,7,0,D,2,2,0,1,5,750,1,, -1,1,0,1,50,1,10,2,42,42308,2,1,0,6,Rue Joannes Callet,45.45201,4.582179,19,1,1
202100007303,188Â 694,B01,2,1,1,2,2,0,-1,-1, -1,-1,2021,20.0,0,1,0,2,1,1,1,,4,RABATAU (BOULEVARD),0,,-1,4,0,1,0,0,1,, -1,1,0,1,50,18,11,2,13,13210,2,1,0,3,RABATAU (BOULEVARD),43.2762990232,5.3972185386,17,2,2
202100037971,133Â 789,B01,1,1,2,0,8,0,-1,-1, -1,-1,2021,46.0,0,1,0,2,9,15,0,,4,MONCLAR (Avenue),0,,2,2,0,1,0,9,1,, -1,1,0,1,50,9,3,1,84,84007,1,1,0,3,MONCLAR (Avenue),43.94059,4.80634,16,2,2
202100034210,140Â 598,A01,1,1,1,0,1,8,-1,-1, -1,-1,2021,29.0,1,2,0,2,1,13,1,,3,EUCALYPTUS (ROUTE DES),0,,2,2,0,2,(1),(1),2,, -1,2,0,1,50,13,6,1,974,97411,1,1,1,3,EUCALYPTUS (ROUTE DES),-20.88769,55.43451,10,5,2
202100007023,189Â 206,A01,1,1,2,0,1,-1,-1,-1, -1,-1,2021,36.0,2,2,0,4,3,5,2,,4,RUE DE GIRONDE,0,,1,1,0,1,(1),(1),1,, -1,1,0,6,20,18,11,1,33,33063,2,3,0,3,Rue de Gironde,44.86403,-0.5499,8,2,2
202100036528,136Â 422,A01,2,2,2,5,1,-1,-1,0,0,-1,2021,68.0,1,2,7,0,2,1,1,,2,88,-1,,2,2,0,1,71,243,1,, -1,1,0,1,80,5,6,1,48,48039,1,1,0,6,RN88,44.477068,3.348352,11,2,1
202100013798,177Â 034,B01,1,1,1,1,2,6,-1,-1,0,-1,2021,24.0,2,1,0,2,1,11,1,,1,AUTOROUTE A15,0,,3,8,0,1,23,600,1,, -1,1,0,1,90,12,10,1,95,95500,1,1,0,2, A15,49.038346,2.088129,8,2,2
202100025088,156Â 813,A01,1,1,2,0,1,5,-1,-1, -1,-1,2021,24.0,1,2,0,2,9,1,1,,1,A55-Sens Marseille vers Martigues,0,,1,2,0,1,24,0,1,, -1,1,0,1,110,7,8,1,13,13033,1,1,0,5,A55-Sens Marseille vers Martigues,43.37321,5.18637,18,4,2
202100006912,189Â 412,A01,1,1,1,9,1,0,-1,-1, -1,-1,2021,22.0,2,2,8,0,1,13,1,,3,DRANSE (AVENUE DE LA),0,,2,2,0,1,1,0,4,, -1,1,0,1,70,20,11,1,74,74281,1,1,0,6,DRANSE (AVENUE DE LA),46.3645,6.51137,7,2,1
202100048783,114Â 569,A01,1,1,1,9,2,0,-1,0,0,-1,2021,56.0,1,1,0,2,1,1,1,,4,RUE DU BOCCADOR,0,,2,2,0,2,(1),(1),1,, -1,1,0,1,50,8,3,1,75,75108,2,2,0,3,RUE DU BOCCADOR,48.867239,2.301949,12,2,2
202100012569,179Â 246,A01,1,1,1,1,2,6,9,0,0,-1,2021,56.0,1,1,0,2,1,2,1,,3,31,0,,2,2,0,1,6,0,1,, -1,1,0,1,80,19,10,1,89,89083,1,9,0,2,D31,47.841563,3.495755,17,2,2
202100014389,175Â 990,B01,1,1,1,0,2,6,-1,-1, -1,-1,2021,15.0,0,1,0,2,7,9,1,,4,SEURRE (ROUTE DE),0,,-1,0,0,1,0,0,1,, -1,1,0,1,50,8,10,1,21,21054,2,6,1,3,SEURRE (ROUTE DE),47.01975,4.84722,16,2,2
202100044524,122Â 129,A01,2,2,2,5,0,-1,-1,0,0,-1,2021,23.0,1,2,13,0,9,1,1,,4,,0,,2,2,0,1,(1),(1),3,, -1,2,0,3,50,11,4,3,33,33483,2,1,1,6,Route de Vayres,44.8881906829,-0.3658747673,6,2,1
202100014975,174Â 936,B01,1,1,2,0,1,0,-1,-1, -1,-1,2021,45.0,2,2,0,2,4,2,1,,3,AV HENRI BARBUSSE,0,,2,2,0,1,0,0,1,, -1,2,0,1,50,5,10,1,91,91657,2,1,0,4,AV HENRI BARBUSSE,48.69813,2.41642,19,3,3
202100014464,175Â 850,A01,1,1,1,5,2,6,-1,0,0,-1,2021,45.0,1,1,12,0,8,1,1,,7,24,-1,M,3,2,0,2,35,3167,1,, -1,1,0,1,50,8,10,1,31,31157,2,1,0,6,Route de Portet,43.533644,1.36443,15,1,1
202100030371,147Â 476,A01,1,1,2,5,8,0,-1,-1, -1,-1,2021,59.0,1,0,0,0,8,16,3,,4,Daniel Mayer,0,,2,2,1,1,(1),(1),1,, -1,1,0,5,50,5,7,1,37,37261,2,3,0,7,Daniel Mayer,47.4186289527,0.6916129589,18,1,1
202100036079,137Â 192,A01,10,3,2,3,0,-1,-1,2,3,1,2021,75.0,1,2,0,1,1,15,1,,4,PAUL CLAUDEL (BOULEVARD),0,,2,4,0,1,(1),(1),1,, -1,1,0,1,50,5,6,1,13,13210,2,1,0,6,PAUL CLAUDEL (BOULEVARD),43.268271,5.414934,9,2,1
202100056476,100Â 951,A01,10,3,2,3,0,-1,-1,3,3,2,2021,66.0,3,2,0,1,3,1,1,,4,Boulevard Alexandra David-Neel,-1,,2,2,0,1,(1),(1),1,, -1,1,6,1,50,2,1,1,29,29233,2,2,0,6,Boulevard Alexandra David-Neel,47.867673,-3.574379,16,2,1
202100007197,188Â 890,B01,1,1,2,5,1,8,-1,-1, -1,-1,2021,20.0,2,2,0,2,1,1,1,,1,AUTOROUTE A 36,0,,2,6,0,1,103,300,1,, -1,1,0,1,110,18,11,1,68,68256,1,1,0,4,AUTOROUTE A 36,47.7615,7.3143,12,4,3
202100022408,161Â 590,B01,1,1,1,5,2,6,-1,-1, -1,-1,2021,20.0,3,1,0,2,1,1,1,,4,AVENUE DU COLONEL BROOKE,0,,-1,2,0,2,0,0,1,, -1,1,0,1,50,21,8,5,83,83118,2,1,0,3,AVENUE DU COLONEL BROOKE,43.44846,6.7793,20,2,2
202100019192,167Â 323,A01,10,3,1,0,0,-1,-1,2,3,1,2021,12.0,1,2,0,1,6,26,1,,7,VERDUN (AVENUE DE),0,,2,2,0,1,0,100,1,, -1,1,0,1,50,13,9,1,13,13005,2,1,0,1,VERDUN (AVENUE DE),43.2878524414,5.5784743524,8,2,1
202100038475,132Â 876,A01,1,1,2,5,1,-1,-1,0,0,-1,2021,19.0,1,2,13,0,6,1,1,,3,315,0,D,2,2,0,1,4,55,2,, -1,2,0,3,90,24,5,2,61,61203,1,1,1,6,Chemin des Loges,48.413152,0.031393,21,1,1
202100021565,163Â 088,B01,1,1,1,0,2,6,-1,-1, -1,-1,2021,20.0,2,1,0,2,0,2,1,,1,AUTOROUTE A3,0,,3,5,0,1,1,500,1,, -1,1,1,1,90,1,9,1,93,93006,1,1,0,2,AUTOROUTE A3,48.8695473617,2.4299369253,16,2,2
202100013000,178Â 507,B01,1,1,1,5,2,6,9,0,0,-1,2021,16.0,2,1,0,2,1,1,1,,4,,-1,,2,2,0,2,(1),(1),1,,4,1,0,1,50,16,10,1,62,62693,2,1,0,1,rue du moulin,50.437056,2.554096,17,2,2
202100018249,168Â 994,B01,1,1,1,5,6,-1,-1,0,0,-1,2021,16.0,1,1,0,2,1,1,1,,3,525,0,D,2,2,0,2,3,500,1,, -1,1,0,1,50,18,9,1,38,38006,2,2,1,3,D525,45.396853,6.074501,18,2,2
202100009183,185Â 296,A01,1,1,1,9,1,0,-1,-1, -1,-1,2021,69.0,1,2,0,2,2,1,1,,1,A42   6.290 A 8.310,0,,1,4,0,1,7,199,1,, -1,1,0,1,110,22,10,3,1,1249,1,1,0,2,A42   6.290 A 8.310,45.815278,4.962378,20,3,2
202100022088,162Â 143,A01,1,1,2,0,1,5,-1,-1, -1,-1,2021,20.0,1,2,8,0,9,21,1,,3,VERDUN (ROUTE DE),0,,2,2,0,1,65,555,1,, -1,1,0,3,70,27,8,1,21,21054,1,1,0,6,82 Route de Verdun,47.004176815,4.8578089909,19,1,1
202100038041,133Â 663,A01,10,3,2,5,0,-1,-1,2,3,1,2021,35.0,1,2,0,1,2,1,1,,4,RUE DE CAUMARTIN,0,,1,1,0,1,(1),(1),1,, -1,1,6,1,30,27,5,1,75,75109,2,3,0,6,RUE DE CAUMARTIN,48.874702,2.328446,17,2,1
202100034311,140Â 405,B01,1,1,1,1,2,0,-1,0,0,-1,2021,34.0,2,1,0,2,3,1,1,,4,AVENUE D ITALIE,0,,2,4,0,1,(1),(1),1,, -1,1,0,1,50,15,6,1,75,75113,2,3,0,3,AVENUE D ITALIE,48.824424,2.357822,7,2,2
202100021777,162Â 698,B01,1,1,2,0,1,5,-1,-1, -1,-1,2021,65.0,2,2,0,2,8,15,1,,3,REPUBLIQUE (AVENUE),0,,2,1,0,1,0,1,1,, -1,1,0,1,50,29,8,1,52,52121,2,1,0,3,REPUBLIQUE (AVENUE),48.10176,5.14457,17,2,2
202100049563,113Â 163,B01,9,2,1,0,8,-1,-1,0,0,-1,2021,15.0,1,2,0,0,4,15,1,,3,927,0,,2,2,0,1,4,400,1,, -1,1,0,1,-1,2,3,1,45,45253,1,2,0,2,D927-PR 4 + 400,48.166173,2.199315,14,3,2
202100029006,149Â 885,A01,2,2,1,5,1,-1,-1,0,0,-1,2021,32.0,2,2,14,0,3,0,1,,3,66,0,,-1,2,0,1,40,800,3,, -1,2,0,4,50,15,7,3,1,1105,1,6,1,6,D66,45.9049250762,4.8796411212,3,2,1
202100039514,130Â 972,A01,1,1,2,0,8,-1,-1,0,0,-1,2021,31.0,2,2,13,0,0,1,1,,3,114,-1,,2,2,0,1,18,400,2,, -1,1,0,3,80,14,5,1,17,17127,1,1,0,6,D114,46.239992,-0.796734,12,1,1
202100041781,126Â 931,A01,1,1,1,4,2,8,-1,-1, -1,-1,2021,20.0,1,1,0,2,4,26,1,,3,25,0,,1,2,0,1,0,0,1,, -1,2,0,1,50,1,5,5,91,91589,2,1,0,4,RUE HENRI DUNANT,48.68015,2.34255,21,6,3
202100041536,127Â 361,A01,1,1,1,0,1,5,-1,-1, -1,-1,2021,59.0,2,2,0,2,8,13,1,,7,ECHANGEUR SESQUIERES (A62-A620),0,,2,1,0,1,(1),(1),1,, -1,1,0,1,50,3,5,1,31,31555,2,1,0,5,ECHANGEUR SESQUIERES (A62-A620),43.64846,1.42403,17,4,4
202100009287,185Â 098,B01,1,1,1,1,2,6,-1,0,0,-1,2021,28.0,3,1,0,2,1,1,1,,4,ALLEE DE LONGCHAMP,0,,2,4,0,1,(1),(1),1,, -1,2,0,1,50,4,11,1,75,75116,2,2,0,3,ALLEE DE LONGCHAMP,48.874933,2.271098,9,2,2
202100007342,188Â 630,B01,1,1,1,5,2,0,-1,0,0,-1,2021,33.0,2,1,0,2,5,18,5,,4,RUE DROUOT,0,,1,1,0,1,(1),(1),1,, -1,1,0,1,30,16,11,5,75,75109,2,1,0,3,RUE DROUOT,48.873762,2.340673,18,2,2
202100029469,149Â 110,A01,1,1,1,5,2,6,-1,0,0,-1,2021,16.0,3,1,0,2,2,13,1,,4,1,0,,2,2,0,1,(1),(1),2,, -1,1,0,1,70,12,7,1,19,19079,1,1,0,1,Route du Coteau,45.437611,1.621749,15,2,2
202100038951,132Â 012,A01,1,1,1,5,2,0,-1,0,0,-1,2021,42.0,2,1,0,2,1,1,0,,7,PLAGE BOULEVARD DE LA,0,,1,3,0,1,(1),(1),1,, -1,1,0,1,50,20,5,1,6,6027,2,1,0,2,Promenade de la Plage,43.65664,7.17807,17,2,2
202100056451,100Â 994,A01,1,1,2,5,1,-1,-1,0,0,-1,2021,80.0,2,2,13,0,2,0,1,,2,12,0,,3,4,0,1,11,800,1,, -1,2,0,3,110,2,1,1,22,22020,1,1,1,7,PK 11+800,48.324828,-2.257197,14,1,1
202100052946,107Â 083,A01,1,1,2,0,1,-1,-1,0,0,-1,2021,51.0,2,2,0,2,3,0,1,,2,12,-1,,3,4,0,1,50,400,1,, -1,2,0,1,110,1,2,1,22,22389,1,1,0,3,"RN 12, PR 50.400",48.480652,-2.677274,16,2,2
202100013005,178Â 499,A01,1,1,1,1,2,6,-1,-1, -1,-1,2021,24.0,2,1,0,2,8,1,1,,1,A51-Sens Aix en Provence vers Marseille,0,,1,4,0,1,3,0,1,, -1,1,0,1,90,15,10,5,13,13071,1,1,0,3,A51-Sens Aix en Provence vers Marseille,43.41585,5.3648,19,3,2
202100015871,173Â 308,A01,1,1,2,5,1,-1,-1,-1, -1,-1,2021,38.0,3,2,5,0,2,14,2,,7,PERRACHE                            (QU),0,,2,2,0,1,1,0,1,, -1,1,8,1,50,30,9,5,69,69382,2,1,0,7,PERRACHE (Q),45.7411431119,4.8242257377,3,1,1
202100013320,177Â 938,B01,1,1,1,0,2,6,-1,-1, -1,-1,2021,33.0,1,1,0,0,2,1,1,,2,N 186B,0,,1,3,0,1,0,0,1,, -1,1,0,1,70,14,10,1,94,94073,1,1,0,3,RN 186,48.75347,2.37704,9,2,2
202100049551,113Â 187,B01,1,1,1,5,1,-1,-1,0,0,-1,2021,29.0,1,2,5,0,4,23,1,,1,28,0,,3,4,0,1,47,66,1,, -1,1,9,1,130,28,2,1,37,37213,1,1,0,2,"A28, barriÃ¨re de pÃ©age",47.638198,0.496742,15,5,2
202100010381,183Â 152,B01,1,1,1,9,1,0,-1,-1, -1,-1,2021,38.0,1,1,1,0,1,2,5,,4,PERIER RUE NÂ°1 A 33 ET 2 A 26,0,,2,2,0,1,0,0,1,, -1,1,0,1,50,28,10,1,92,92049,2,1,0,3,PERIER RUE NÂ°1 A 33 ET 2 A 26,48.813519,2.318269,17,2,2
202100018069,169Â 336,A01,1,1,2,9,1,5,-1,0,0,-1,2021,20.0,2,2,2,0,1,1,1,,3,98,0,,2,2,0,1,5,625,2,, -1,2,0,1,50,19,9,3,77,77112,1,1,1,6,D98,48.24659,2.619826,22,1,1
202100051891,108Â 948,A01,10,3,1,3,0,-1,-1,2,3,1,2021,89.0,0,2,0,1,2,16,0,,4,FRANCE (BOULEVARD ANATOLE),0,,3,4,0,1,(1),(1),1,, -1,1,0,1,50,9,2,5,66,66136,2,9,0,6,FRANCE (BOULEVARD ANATOLE),42.69729,2.90381,6,2,1
202100036637,136Â 221,A01,2,2,2,0,2,0,-1,-1, -1,-1,2021,20.0,1,1,0,0,7,16,1,,4,BEGAND (RUE),0,,2,2,0,1,(1),(1),3,, -1,1,0,1,50,2,6,1,10,10387,2,6,0,7,BEGAND (RUE),48.2912,4.06728,13,2,1
202100032913,142Â 929,A01,2,2,2,1,1,0,-1,-1, -1,-1,2021,49.0,1,2,0,2,7,15,1,,3,GROUPE MANOUCHIAN (AV DU),0,,3,3,0,1,1,0,1,, -1,2,0,1,50,22,6,1,94,94081,2,1,0,3,Avenue du Groupe Manouchian,48.78766,2.40687,20,3,2
202100023626,159Â 392,A01,10,3,2,1,0,-1,-1,1,3,1,2021,34.0,3,2,0,1,1,2,1,,4, -,0, -,2,2,0,1,(1),(1),1,, -1,1,0,1,50,19,8,1,6,6161,2,1,0,6,122 Chemin des Pierres Noires,43.639424,7.134871,9,2,1
202100015928,173Â 192,B01,1,1,1,5,2,6,-1,0,0,-1,2021,16.0,1,1,0,2,1,1,1,,3,MARTEL EDOUARD ALFRED (AVENUE),0,,2,2,0,1,43,670,1,, -1,1,0,1,50,29,9,1,12,12145,2,3,0,3,MARTEL EDOUARD ALFRED (AVENUE),44.11176,3.08205,17,2,2
202100014683,175Â 466,A01,10,3,2,0,0,-1,-1,6,1,2,2021,15.0,2,2,0,1,2,2,1,,3,141,-1,,2,2,2,2,0,650,1,, -1,1,6,5,80,8,10,1,80,80227,1,1,0,6,Route departementale 141,49.782916,1.989083,15,2,1
202100009447,184Â 814,A01,10,3,1,5,0,-1,-1,3,3,1,2021,51.0,0,0,0,1,0,26,0,,4,KLEBER QUAI JEAN BAPTISTE,0,,2,2,0,1,0,0,1,, -1,1,0,1,30,31,10,5,13,13056,2,1,0,6,KLEBER QUAI JEAN BAPTISTE,43.40663,5.05505,2,2,1
202100007487,188Â 373,B01,1,1,2,1,1,-1,-1,0,0,-1,2021,54.0,2,2,0,2,1,1,1,,3,958,0,D,2,2,0,1,71,508,2,,5,1,5,1,80,19,11,1,82,82124,1,3,1,4,Chemin de Montagne,44.022736,1.253817,8,3,3
202100053345,106Â 367,A01,10,3,1,5,0,-1,-1,3,3,1,2021,16.0,1,2,0,1,1,1,1,,4,ROOSEVELT (AVENUE FRANKLIN)CANNET,0,,2,2,0,1,0,0,1,, -1,1,0,1,50,26,1,1,6,6030,1,1,0,6,ROOSEVELT (AVENUE FRANKLIN)CANNET,43.5717,7.0016,11,2,1
202100023304,159Â 960,A01,1,1,1,5,2,6,-1,-1, -1,-1,2021,64.0,1,1,0,2,7,26,5,,3,ECHENILLY (RUE),0,,1,2,1,1,1,450,2,, -1,1,0,1,50,20,8,1,10,10333,2,6,1,3,ECHENILLY (RUE),48.27806,4.03841,18,2,2
202100039577,130Â 844,A01,1,1,1,5,2,0,-1,-1, -1,-1,2021,51.0,1,1,0,0,0,1,3,,4,WILSON (AVENUE DU PRESIDENT),0,,2,2,0,1,(1),(1),1,, -1,2,0,1,30,15,5,1,41,41018,2,1,1,7,WILSON (AVENUE DU PRESIDENT),47.58248,1.34141,19,1,1
202100042172,126Â 241,A01,1,1,1,0,0,-1,-1,0,0,-1,2021,27.0,0,1,0,2,0,19,-1,,7,,-1,,1,2,-1,1,(1),(1),1,, -1,1,0,1,-1,28,4,5,63,63113,2,2,0,3,CLOS NOTRE DAME (RUE DU),45.7837,3.07669,1,2,2
202100017123,171Â 028,A01,10,3,1,0,0,-1,-1,2,3,1,2021,64.0,1,2,0,1,1,15,1,,3,EUROPE BOULEVARD DE L',0,,3,4,0,1,1,0,1,, -1,1,0,1,50,23,9,1,93,93046,2,2,0,6,Boulevard de lâEurope / Rue du ChÃ¢teau,48.92467,2.54777,17,2,1
202100040206,129Â 729,A01,10,3,1,0,-1,0,-1,2,3,1,2021,6.0,3,2,0,1,5,20,1,,4,KERGUELEN (RUE),0,,1,1,0,1,(1),(1),1,, -1,1,1,1,30,12,5,1,13,13028,2,1,0,6,KERGUELEN (RUE),43.182469,5.604105,19,2,1
202100032319,143Â 988,B01,1,1,1,5,2,6,-1,0,0,-1,2021,23.0,2,1,0,2,1,1,1,,4,AVENUE VICTOR HUGO,0,,2,2,0,1,(1),(1),1,, -1,1,0,1,50,24,6,1,75,75116,2,1,0,3,AVENUE VICTOR HUGO,48.871347,2.289291,12,2,2
202100051782,109Â 138,B01,1,1,2,0,1,0,-1,-1, -1,-1,2021,50.0,2,2,0,2,9,1,1,,3,R.D.20,0,,3,4,0,2,38,500,1,, -1,7,0,1,90,10,2,1,91,91223,1,1,0,3,R.D.20,48.42279,2.13786,11,5,2
202100032905,142Â 944,A01,1,1,2,1,8,0,-1,0,0,-1,2021,41.0,1,0,0,2,1,1,3,,4,QUAI DE BERCY,0,,2,2,1,1,(1),(1),1,, -1,1,0,5,50,22,6,1,75,75112,2,2,0,1,QUAI DE BERCY,48.830653,2.386341,11,2,2
202100055736,102Â 237,A01,3,2,2,0,1,0,-1,-1, -1,-1,2021,26.0,1,2,0,2,1,2,1,,1,A86,0,,3,6,0,1,2,400,1,, -1,2,0,1,90,9,1,1,92,92050,1,1,0,2,A86,48.9180741498,2.2229397297,13,4,2
202100052328,108Â 182,A01,10,3,1,9,0,-1,-1,4,5,1,2021,30.0,1,5,0,1,3,1,1,,4,RUE ABEL,0,,1,1,0,1,(1),(1),1,, -1,2,0,1,50,6,2,2,75,75112,2,5,1,6,RUE ABEL,48.845907,2.374357,17,2,1
202100005345,192Â 233,B01,2,2,1,5,1,-1,-1,0,0,-1,2021,86.0,3,2,0,2,3,1,1,,4,DUNOIS (BOULEVARD),0,,4,2,0,1,1,0,1,, -1,2,5,1,50,1,12,1,14,14118,2,2,1,3,DUNOIS (BOULEVARD),49.183945,-0.386614,15,3,2
202100046333,118Â 951,A01,1,1,1,0,1,-1,-1,-1, -1,-1,2021,25.0,1,2,4,0,1,1,1,,4,NOBERTO GOMES MOREIRA               (CH),0,,1,3,0,1,(1),(1),4,, -1,2,9,1,50,27,3,5,69,69034,2,1,0,7,NOBERTO GOMES MOREIRA (CHM),45.78828,4.86418,4,1,1
202100033729,141Â 474,B01,1,1,2,5,1,-1,-1,0,0,-1,2021,84.0,1,2,0,2,1,1,1,,7,3,0,,2,2,0,2,0,700,1,, -1,1,0,1,50,18,6,1,37,37109,2,1,0,1,150 Avenue du GÃ©nÃ©ral de Gaulle,47.3991746546,0.6449324164,15,2,2
202100039598,130Â 804,A01,1,1,1,1,2,6,-1,0,0,-1,2021,44.0,2,1,0,0,7,1,1,,4,BOULEVARD PERIPHERIQUE,0,,1,3,0,2,3,500,2,, -1,2,0,1,70,16,5,1,75,75113,2,1,1,7,BOULEVARD PERIPHERIQUE,48.81688,2.348326,19,1,1
202100054706,104Â 003,A01,4,2,1,9,1,-1,-1,0,0,-1,2021,70.0,1,2,3,6,1,0,1,,1,11,-1,,1,5,0,2,120,200,2,, -1,1,0,1,130,17,1,2,28,28327,1,1,0,6,A11,48.189169,0.809957,20,5,1
202100037199,135Â 190,A01,10,3,2,5,0,-1,-1,2,3,1,2021,68.0,1,2,0,1,1,1,2,,4,GRANDE (RUE),0,,2,2,0,1,0,0,1,, -1,2,0,1,30,4,5,1,77,77186,2,1,1,6,GRANDE (RUE),48.41162,2.70541,15,2,1
202100015218,174Â 498,A01,2,2,2,5,1,0,-1,0,0,-1,2021,18.0,2,2,4,0,3,1,1,,4,ECHANGEUR BAGNOLET,0,,1,2,0,2,(1),(1),3,, -1,2,0,1,50,3,10,3,75,75120,2,4,1,6,ECHANGEUR BAGNOLET,48.866962,2.413435,5,2,1
202100021498,163Â 207,A01,1,1,1,0,2,0,-1,-1, -1,-1,2021,20.0,0,1,0,2,0,15,1,,3,DE GAULLE (AVENUE DU GENERAL),0,,2,2,0,2,0,0,1,, -1,1,0,1,30,1,9,5,92,92075,2,2,0,6,DE GAULLE (AVENUE DU GENERAL),48.8234122261,2.2822916508,20,3,2
202100003555,195Â 392,B01,2,2,2,5,1,-1,-1,-1, -1,-1,2021,48.0,1,2,0,2,4,15,1,,4,PAUL BERT                           (R ),0,,2,3,2,1,(1),(1),1,, -1,1,0,1,30,9,12,1,69,69383,2,2,0,2,PAUL BERT (R),45.757,4.85469,9,3,2
202100019755,166Â 331,B01,2,1,1,0,2,6,-1,-1, -1,-1,2021,36.0,2,1,0,2,8,1,1,,3,PONT D'ASNIERES,0,,1,2,0,1,0,0,1,, -1,1,2,1,50,10,9,2,92,92004,2,1,0,3,PONT D'ASNIERES,48.9045379922,2.2882676125,7,2,2
202100049396,113Â 465,A01,1,1,1,0,8,0,-1,0,0,-1,2021,72.0,1,1,0,2,1,19,5,,4,MALLARME RUE STEPHANE,0,,2,2,0,1,(1),(1),1,, -1,1,0,1,50,1,3,1,25,25056,2,3,0,3,MALLARME RUE STEPHANE,47.243755,5.999399,17,2,2
202100009663,184Â 437,A01,1,1,2,5,1,-1,-1,0,0,-1,2021,27.0,1,2,5,0,8,13,1,,3,611,0,,2,2,0,1,25,300,3,, -1,2,0,8,90,26,9,3,86,86213,1,1,1,6,D611,46.415923,0.017359,0,1,1
202100008350,186Â 801,A01,10,3,1,1,0,-1,-1,4,3,1,2021,21.0,1,2,0,1,3,1,1,,4,CHAMBRE AUX DENIERS RUE ET CHEM,0,,2,2,0,1,1,0,1,, -1,1,0,1,50,10,11,5,49,49007,2,1,0,6,CHAMBRE AUX DENIERS RUE ET CHEM,47.46557,-0.60148,18,2,1
202100019656,166Â 509,A01,10,3,1,2,0,-1,-1,4,3,1,2021,16.0,1,2,0,1,1,1,0,,4,ESCARGUEL (COURS LAZARE),0,,2,4,0,1,0,0,1,, -1,1,0,1,50,10,9,2,66,66136,2,1,0,6,ESCARGUEL (COURS LAZARE),42.69746,2.88945,7,2,1
202100047574,116Â 726,A01,1,1,1,1,2,8,-1,0,0,-1,2021,22.0,3,1,0,2,7,0,1,,4,,-1,,2,2,0,1,(1),(1),1,, -1,2,0,3,80,17,3,3,38,38349,1,3,1,3,Route de l'Ecluse,45.313852,4.789513,20,2,2
202100050521,111Â 392,A01,1,1,1,0,2,6,-1,0,0,-1,2021,18.0,3,1,0,2,3,0,1,,4,,-1,,2,2,0,2,5,931,4,, -1,1,0,1,50,24,2,1,10,10318,2,1,0,3,18 rue du grand prÃ©,48.412155,3.665603,11,2,2
202100029960,148Â 244,A01,10,3,1,0,0,-1,-1,2,3,1,2021,33.0,1,2,0,1,1,1,1,,4,Robert Jarry (Bd),0,,2,2,0,1,0,0,1,, -1,1,0,1,50,8,7,1,72,72181,2,1,0,6,Robert Jarry (Bd),47.99638,0.19215,12,2,1
202100041682,127Â 101,B01,1,1,1,4,2,6,-1,0,0,-1,2021,35.0,1,1,0,2,1,1,1,,4,AVENUE VICTOR HUGO,0,,2,2,0,1,(1),(1),1,, -1,1,0,1,50,2,5,1,75,75116,2,1,0,3,AVENUE VICTOR HUGO,48.870351,2.286966,11,2,2
202100022293,161Â 785,C01,1,1,1,9,8,0,-1,0,0,-1,2021,31.0,0,1,0,2,8,1,3,,4,BOULEVARD DAVOUT,0,,2,2,1,1,(1),(1),1,, -1,1,0,5,30,27,8,1,75,75120,2,3,0,3,BOULEVARD DAVOUT,48.851311,2.411124,18,2,2