Num_Acc,id_vehicule,num_veh,place,catu,sexe,trajet,secu1,secu2,secu3,locp,actp,etatp,year_acc,victim_age,senc,catv,obs,obsm,choc,manv,motor,occutc,catr,voie,v1,v2,circ,nbv,vosp,prof,pr,pr1,plan,lartpc,larrout,surf,infra,situ,vma,jour,mois,lum,dep,com,agg_,int,atm,col,adr,lat,long,hour,nb_victim,nb_vehicules
202100004126,194Â 366,A01,1,1,1,1,2,0,-1,-1, -1,-1,2021,36.0,1,1,0,2,3,11,1,,3,BD DE STALINGRAD ,0,,1,2,0,1,1,0,1,, -1,1,0,1,50,8,12,5,94,94073,2,1,0,3,Boulevard de Stalingrad,48.77249,2.40011,19,2,2
202100015434,174Â 121,A01,1,1,1,0,8,0,-1,-1, -1,-1,2021,32.0,1,2,4,0,2,0,1,,1,A51-Sens Marseille vers Aix en Provence,0,,1,3,0,1,1,350,1,, -1,1,0,2,90,3,10,3,13,13106,1,1,0,6,A51-Sens Marseille vers Aix en Provence,43.40498,5.35922,5,1,1
202100008293,186Â 896,A01,1,1,2,5,1,-1,-1,0,0,-1,2021,20.0,2,2,0,2,7,17,1,,3,654,-1,,2,2,0,1,57,585,1,, -1,2,0,1,80,14,11,1,32,32377,1,1,0,1,Route DÃ©partementale 654,43.724328,0.920577,11,4,2
202100043280,124Â 304,A01,1,1,1,5,8,-1,-1,0,0,-1,2021,37.0,1,2,2,0,8,21,1,,3,225,-1,,2,2,0,1,6,0,1,, -1,1,0,3,90,21,4,1,3,3156,1,1,0,6,RD225,46.567071,3.437798,19,1,1
202100009756,184Â 262,A01,10,3,1,0,0,-1,-1,3,3,2,2021,5.0,1,1,0,1,1,1,1,,3,PALAIS-DES-EXPO (AVENUE DU),0,,2,2,0,1,(1),(1),1,, -1,1,0,1,50,30,10,1,66,66136,2,1,0,6,PALAIS-DES-EXPO (AVENUE DU),42.70755,2.90175,14,3,1
202100037792,134Â 111,A01,1,1,1,1,2,8,-1,-1, -1,-1,2021,16.0,1,1,0,2,2,17,1,,4,DUCLOS (AVENUE JACQUES),0,,2,2,0,1,(1),(1),1,, -1,1,0,1,50,27,5,1,37,37233,2,1,0,6,DUCLOS (AVENUE JACQUES),47.3802253616,0.727991463,17,3,2
202100034368,140Â 306,A01,1,1,2,1,1,-1,-1,0,0,-1,2021,48.0,2,2,2,0,8,1,1,,3,8,-1,,-1,2,0,1,6,630,3,, -1,1,0,3,80,16,6,2,64,64120,1,1,0,7,ROUTE D'IHOLDY,43.299072,-1.084943,7,1,1
202100036065,137Â 216,A01,2,2,2,9,8,0,-1,-1, -1,-1,2021,15.0,3,2,7,0,1,26,1,,4,CRESSONNIERE,0,,1,2,0,1,1,0,3,, -1,1,0,1,50,6,6,1,49,49267,2,1,0,6,CRESSONNIERE,47.47301,-0.49293,18,2,1
202100002894,196Â 599,B01,1,1,1,0,8,0,-1,-1, -1,-1,2021,57.0,2,1,0,2,0,2,5,,3,CHATELLERAULT (AVENUE DE),0,,3,4,0,1,49,485,1,, -1,1,0,1,50,14,12,2,86,86158,2,1,0,2,Avenue de Chatellerault,46.627056,0.35502,7,2,2
202100003007,196Â 401,B01,1,1,2,0,1,-1,-1,0,0,-1,2021,33.0,1,2,0,0,1,1,1,,3,7,0,D,2,2,0,1,14,200,2,, -1,2,0,1,80,14,12,2,85,85175,1,1,1,1,Les Noues,46.585346,-1.152223,8,2,2
202100022402,161Â 602,A01,3,2,1,5,8,0,-1,-1, -1,-1,2021,33.0,1,2,1,2,1,14,1,,9,Rue de l'Etang Piller,0,,2,2,0,2,1,0,3,, -1,1,9,1,50,26,8,5,88,88413,2,1,0,2,Rue de l'Etang Piller,48.2964480311,6.9419780374,1,5,2
202100055262,103Â 044,A01,1,1,2,0,8,-1,-1,0,0,-1,2021,28.0,3,2,0,2,1,1,1,,4,Rue Jean Carpentier,0,,2,2,0,1,(1),(1),1,, -1,2,0,1,50,14,1,1,59,59011,2,2,1,3,Rue Jean Carpentier,50.525615,2.925577,9,2,2
202100021616,162Â 994,B01,1,1,1,0,8,-1,-1,0,0,-1,2021,36.0,1,1,0,2,1,2,1,,3,BRIENNON (RT DE),0,,2,2,0,1,10,150,1,, -1,1,0,1,80,31,8,1,42,42127,1,1,0,3,Route de Briennon,46.10267,4.07726,13,2,2
202100015843,173Â 356,A01,1,1,2,0,1,0,-1,-1, -1,-1,2021,20.0,1,2,0,2,4,1,1,,1,A507 sens Marseille - Aubagne,0,,1,3,0,2,2,549,1,, -1,1,1,1,70,30,9,1,13,13055,1,1,0,2,A507 sens Marseille - Aubagne,43.33464,5.38255,17,3,2
202100050095,112Â 193,B01,1,1,1,5,2,6,-1,0,0,-1,2021,18.0,3,1,0,2,1,1,1,,4,,-1,,2,2,0,1,(1),(1),1,, -1,1,0,1,50,26,2,1,56,56221,2,2,0,3,Rue du Clos Barre,47.68828,-2.221628,18,2,2
202100036834,135Â 858,A01,1,1,1,9,2,6,-1,0,0,-1,2021,59.0,1,1,0,2,1,1,1,,4,BOULEVARD BARBES,0,,2,4,3,1,(1),(1),1,, -1,1,0,1,50,2,6,1,75,75118,2,3,0,3,BOULEVARD BARBES,48.884469,2.349493,7,2,2
202100050454,111Â 515,B01,1,1,1,0,2,0,-1,-1, -1,-1,2021,19.0,1,1,0,2,5,1,1,,3,ITHURRALDE ANDRE (AVENUE),0,,2,2,0,1,24,700,1,, -1,1,0,1,50,23,2,1,64,64483,2,3,1,3,ITHURRALDE ANDRE (AVENUE),43.3950357305,-1.6484105587,8,2,2
202100013853,176Â 934,A01,1,1,2,9,1,0,-1,-1, -1,-1,2021,23.0,1,2,0,2,1,1,1,,3,FAURE QUAI,0,,1,1,0,1,35,44,1,, -1,1,0,1,70,10,10,1,49,49007,2,1,0,2,FAURE QUAI,47.47953,-0.5516,16,2,2
202100000032,201Â 704,A01,1,1,1,4,1,0,-1,-1, -1,-1,2021,26.0,3,0,0,2,4,1,0,,2,RN 184,0,,1,2,0,1,0,0,1,, -1,2,0,1,70,1,12,1,78,78172,1,1,0,2,RN 184,49.00232,2.0815,11,3,2
202100016864,171Â 475,B01,1,1,1,5,2,0,-1,-1, -1,-1,2021,60.0,1,1,0,2,8,13,5,,4,ROUFFACH (ROUTE DE),0,,2,2,0,1,(1),(1),1,, -1,1,9,1,50,1,9,1,68,68066,2,3,1,3,ROUFFACH (ROUTE DE),48.06697,7.34311,18,2,2
202100002809,196Â 748,A01,1,1,2,3,1,0,-1,-1, -1,-1,2021,35.0,3,2,0,2,7,0,1,,3,CLEMENCEAU (AVENUE GEORGES),0,,2,0,0,1,0,1,1,, -1,1,0,1,50,15,12,1,93,93078,2,2,0,3,CLEMENCEAU (AVENUE GEORGES),48.9581933875,2.5584638016,9,2,2
202100020247,165Â 448,A01,10,3,1,1,0,-1,-1,2,3,1,2021,71.0,1,2,0,1,1,15,1,,4,LORRAINE (AVENUE DU),0,,-1,2,0,1,(1),(1),2,, -1,1,0,1,50,7,9,2,78,78650,2,4,0,6,LORRAINE (AVENUE DU),48.88287,2.12464,8,2,1
202100015718,173Â 571,A01,1,1,2,1,1,0,-1,-1, -1,-1,2021,30.0,2,2,4,2,1,1,1,,1,AUTOROUTE A10,0,,1,2,0,4,4,699,2,, -1,2,0,1,70,2,10,3,91,91136,1,1,0,6,AUTOROUTE A10,48.71079,2.28729,7,1,1
202100004905,193Â 023,A01,1,1,1,1,2,6,-1,-1, -1,-1,2021,47.0,2,1,0,2,4,3,1,,1,A86 EXT,0,,3,3,0,1,45,400,3,, -1,2,1,1,90,4,12,1,94,94073,1,1,1,7,A86 EXT,48.7678501065,2.37867726,9,1,1
202100007003,189Â 240,A01,10,3,2,0,0,-1,-1,1,3,1,2021,79.0,3,2,0,1,2,17,1,,9,BISHOP (Avenue Maurice),0,,2,6,3,1,0,0,1,, -1,2,0,1,50,18,11,1,972,97209,2,1,1,7,BISHOP (Avenue Maurice),14.61339,-61.05239,10,2,1
202100032018,144Â 516,A01,4,2,1,5,8,-1,-1,0,0,-1,2021,21.0,1,2,13,2,7,19,1,,3,52,0,A,2,2,0,1,1,690,1,, -1,1,5,1,70,27,6,1,39,39458,1,2,0,3,,46.6163,5.6096533,17,6,2
202100007790,187Â 826,A01,1,1,1,5,1,0,-1,-1, -1,-1,2021,74.0,1,2,2,0,3,1,1,,4,KENNEDY (BD JOHN-FITZGERALD),0,,3,4,0,1,(1),(1),1,, -1,1,0,1,50,16,11,1,66,66136,2,1,0,6,KENNEDY (BD JOHN-FITZGERALD),42.68984,2.90377,10,1,1
202100050172,112Â 036,A01,10,3,2,4,8,8,-1,3,3,1,2021,58.0,1,5,0,1,1,16,1,,3,CHOCHOY (AVE BERNARD ....NÂ°13 et plus),0,,2,2,0,1,5,510,1,, -1,1,0,1,50,24,2,1,62,62040,2,1,0,6,CHOCHOY (AVE BERNARD ....NÂ°13 et plus),50.727175,2.293662,13,2,1
202100030944,146Â 443,B01,1,1,1,5,0,-1,-1,0,0,-1,2021,88.0,3,1,0,2,2,15,5,,4,,-1,,2,2,0,1,(1),(1),3,,4,1,0,1,50,2,7,1,85,85226,2,6,0,3,Rue des Tressanges,46.709773,-1.961161,13,2,2
202100002291,197Â 691,B01,1,1,1,0,8,0,-1,-1, -1,-1,2021,29.0,2,1,0,2,8,1,1,,4,101,0,,2,2,1,1,0,0,1,, -1,1,0,1,50,18,12,2,92,92012,2,1,0,3,PIERRE GRENIER (AVENUE),48.82647,2.24917,17,2,2
202100043262,124Â 332,A01,1,1,2,9,2,7,-1,0,0,-1,2021,25.0,1,1,0,0,1,1,1,,3,17,0,,2,2,0,1,44,130,2,, -1,1,0,3,80,21,4,1,4,4121,1,1,0,7,RD 17,44.022558,6.177546,18,1,1
202100015417,174Â 148,A01,2,2,2,0,1,-1,-1,0,0,-1,2021,64.0,2,2,0,2,1,1,1,,3,3,0,,2,2,0,3,4,183,2,, -1,1,0,1,80,20,8,1,77,77235,1,2,0,3,Route dÃ©partementale 3 Pk 4+183,48.99289,3.065035,11,4,2
202100035179,138Â 826,A01,1,1,1,5,2,7,9,0,0,-1,2021,64.0,2,1,0,0,0,1,1,,1,1,0,A,3,3,0,1,104,400,1,,"13,5",1,0,1,130,12,6,1,80,80383,1,1,0,7,Autoroute A1 PK104+400 vers paris,49.729327,2.781419,9,1,1
202100012802,178Â 835,A01,1,1,1,1,1,0,-1,-1, -1,-1,2021,30.0,2,2,0,2,5,1,1,,1,A86 EXT,0,,1,3,0,1,43,0,1,, -1,1,0,1,90,16,10,3,94,94081,1,1,0,2,A86 EXT,48.7740997838,2.4089615958,5,2,2
202100010959,182Â 138,B01,1,1,1,5,2,-1,-1,0,0,-1,2021,16.0,1,1,0,0,8,1,1,,3,26,-1,D,2,2,0,1,13,100,1,, -1,1,0,1,80,27,10,3,11,11041,1,3,0,3,D67,43.32485,2.879856,19,2,2
202100003013,196Â 391,B01,4,2,2,0,0,-1,-1,0,0,-1,2021,57.0,2,2,0,2,6,10,1,,2,1,0,,2,2,0,1,21,700,1,,7,2,0,1,80,15,12,3,973,97305,1,1,0,3,"rn 1, pk 22",4.977657,-52.442894,19,9,2
202100048606,114Â 877,A01,10,3,1,3,0,-1,-1,1,1,1,2021,80.0,3,4,0,1,2,15,1,,4,,-1,,-1,2,0,1,(1),(1),1,, -1,1,0,1,-1,11,3,1,1,1173,2,3,0,6,150 Rue de Bonnarche,46.337029,6.068423,11,2,1
202100004980,192Â 888,A01,1,1,1,9,1,-1,-1,0,0,-1,2021,60.0,2,2,13,2,3,9,1,,2,4,-1,,2,2,0,1,(1),(1),1,, -1,1,0,1,70,1,12,2,971,97128,1,1,0,3,Durivage,16.219893,-61.405168,17,2,2
202100011001,182Â 060,A01,2,2,2,5,1,-1,-1,0,0,-1,2021,76.0,1,2,4,2,2,1,1,,1,7,-1,A,3,3,0,2,18,400,3,, -1,1,0,1,110,27,10,1,38,38344,1,1,0,3,Autoroute A7 PK 018.400,45.371323,4.807707,16,3,2
202100053591,105Â 924,B01,1,1,2,1,1,-1,-1,-1, -1,-1,2021,30.0,1,2,0,2,3,1,1,,3,JOLIOT CURIE (RUE),0,,2,2,0,1,0,120,1,, -1,1,5,1,50,25,1,1,50,50129,2,2,0,3,JOLIOT CURIE (RUE),49.6297,-1.64244,14,2,2
202100041378,127Â 644,A01,1,1,1,1,8,-1,-1,0,0,-1,2021,45.0,1,2,2,0,8,17,1,,3,63,0,B,2,2,0,1,0,600,3,, -1,2,0,3,80,6,5,1,57,57069,1,1,1,6,D63b,49.255506,6.648968,13,1,1
202100044218,122Â 635,B01,1,1,1,1,2,6,-1,-1, -1,-1,2021,29.0,1,1,0,2,1,1,1,,1,A7-Sens Lyon vers Marseille,0,,1,3,0,1,268,0,1,, -1,1,0,1,110,13,4,1,13,13071,1,1,0,2,A7-Sens Lyon vers Marseille,43.4052007831,5.3192818165,8,4,2
202100049281,113Â 670,B01,1,1,1,9,8,0,-1,0,0,-1,2021,49.0,1,1,0,2,1,1,3,,4,BOULEVARD VOLTAIRE,0,,2,4,1,1,(1),(1),1,, -1,2,-1,5,50,4,3,2,75,75111,2,3,0,3,BOULEVARD VOLTAIRE,48.856674,2.382014,18,2,2
202100013567,177Â 469,B01,1,1,2,0,1,0,-1,-1, -1,-1,2021,24.0,1,2,0,2,8,0,1,,1,AUTOROUTE A3,0,,2,8,0,2,6,199,2,, -1,1,2,1,70,13,10,2,93,93010,1,1,0,3,AUTOROUTE A3,48.8909408086,2.4731648485,8,2,2
202100027654,152Â 289,A01,10,3,2,2,0,-1,-1,9,B,1,2021,70.0,3,2,0,1,2,1,1,,6,,-1,,-1,-1,0,1,(1),(1),2,,4,2,0,8,-1,6,7,1,57,57443,2,1,1,6,Rue de la Rousse,49.211777,6.115743,8,2,1
202100018400,168Â 735,A01,1,1,1,5,8,0,-1,0,0,-1,2021,45.0,2,1,0,2,1,25,5,,4,AVENUE STEPHANE MALLARME,0,,2,0,0,1,(1),(1),1,, -1,1,0,4,30,17,9,1,75,75117,2,3,0,1,AVENUE STEPHANE MALLARME,48.886505,2.292861,19,2,2
202100026690,154Â 003,B01,1,1,1,1,2,0,-1,-1, -1,-1,2021,39.0,3,1,0,2,1,1,5,,4,FONTAINEBLEAU (AV DE),0,,1,0,0,1,1,0,1,, -1,1,0,1,50,28,7,1,94,94073,2,9,0,3,Esplanade Auguste Perret,48.76279,2.36929,13,2,2
202100056412,101Â 065,A01,4,2,1,4,1,0,-1,-1, -1,-1,2021,24.0,1,2,0,2,1,0,1,,4,MARÃCHAL JUIN (BOULEVARD),0,,1,2,0,1,(1),(1),1,, -1,2,0,1,50,2,1,1,13,13204,2,2,1,3,MARÃCHAL JUIN (BOULEVARD),43.3138151287,5.4058302279,12,6,2
202100050708,111Â 052,A01,2,2,1,5,1,5,-1,0,0,-1,2021,72.0,2,2,0,2,3,5,1,,2,141,0,N,2,2,0,1,83,410,1,0,7,1,0,1,80,21,2,1,16,16234,1,1,0,1,Lieu-dit Les Branges,45.678923,-0.046574,15,3,2
202100041763,126Â 959,A01,10,3,2,0,0,-1,-1,3,3,1,2021,69.0,1,2,12,1,3,26,1,,4,JEUX OLYMPIQUES (AVENUE DES),0,,3,2,2,1,(1),(1),1,, -1,1,5,1,50,8,4,1,73,73011,2,6,0,6,JEUX OLYMPIQUES (AVENUE DES),45.6614,6.37343,14,2,1
202100028092,151Â 493,B01,1,1,1,5,8,-1,-1,-1, -1,-1,2021,56.0,1,1,0,2,8,1,5,,4,FELIX FAURE                         (AV),0,,2,3,2,1,(1),(1),1,, -1,1,0,1,50,19,7,1,69,69383,2,2,1,3,FELIX FAURE (AV),45.7529494602,4.853451848,16,2,2
202100037678,134Â 308,A01,2,2,2,5,1,-1,-1,0,0,-1,2021,15.0,2,2,8,0,9,14,1,,3,626,0,D,2,2,0,1,30,900,1,, -1,1,0,3,80,30,5,1,40,40058,1,1,0,7,RD 626 - PK 30 + 900,44.077612,-0.441835,8,2,1
202100023287,159Â 993,B01,1,1,1,0,2,-1,-1,-1, -1,-1,2021,19.0,2,1,0,2,1,15,1,,4,AVE ROGER COHE,0,,2,3,2,1,(1),(1),1,, -1,1,0,1,50,21,8,5,33,33318,2,2,0,3,Avenue Roger CohÃ©,44.8091,-0.63282,0,2,2
202100000389,201Â 011,A01,3,2,2,5,0,-1,-1,0,0,-1,2021,17.0,3,2,2,0,1,1,1,,4,,-1,,2,2,0,1,(1),(1),1,,4,1,0,3,80,31,12,3,35,35285,2,1,0,6,La vallÃ©e,47.76223,-1.979637,23,3,1
202100006077,190Â 940,A01,1,1,2,0,1,4,-1,-1, -1,-1,2021,24.0,2,2,4,0,1,1,1,,2,N12W,0,,1,2,0,2,29,0,3,, -1,2,3,1,70,27,11,1,78,78423,1,1,1,6,N12W,48.796903,2.021524,13,1,1
202100007167,188Â 947,A01,10,3,1,5,0,-1,-1,3,3,1,2021,18.0,1,2,0,1,1,1,1,,4,CLEMENCEAU (BD GEORGES),0,,1,3,0,1,0,0,1,, -1,1,0,1,50,19,11,1,83,83137,2,1,0,6,CLEMENCEAU (BD GEORGES),43.1234430968,5.9375578165,13,2,1
202100021575,163Â 067,B01,1,1,2,5,1,1,-1,0,0,-1,2021,45.0,1,2,0,2,3,16,1,,4,ROUTE DE L'ANSE VATA,0,,2,2,0,1,0,0,1,, -1,1,5,1,50,31,8,5,988,98818,2,3,0,3,PROMENADE ROGER LAROQUE/ROUTE DE L'ANSE VATA,-22.30292,166.44508,20,3,2
202100051408,109Â 796,A01,1,1,2,0,1,-1,-1,-1, -1,-1,2021,33.0,1,2,0,2,1,1,1,,4,QUATORZE JUILLET,0,,2,2,0,1,(1),(1),1,, -1,1,0,1,50,15,2,1,79,79191,2,2,0,3,50 Rue du 14 Juillet,46.32303,-0.45611,16,2,2
202100016283,172Â 528,B01,2,2,2,5,1,-1,-1,0,0,-1,2021,70.0,2,2,0,2,7,1,1,,3,11,0,,2,2,0,4,9,100,1,,7,1,5,1,80,28,9,1,80,80553,1,2,0,3,D11,49.988028,2.367489,16,3,2
202100028130,151Â 423,A01,10,3,1,5,0,-1,-1,5,9,3,2021,62.0,1,2,9,1,1,1,1,,4,IMBACH PLACE,0,,1,1,0,1,1,0,2,, -1,1,0,4,30,15,7,1,49,49007,2,1,0,6,IMBACH PLACE,47.47359,-0.54884,22,6,1
202100048591,114Â 902,Y01,1,1,2,0,0,-1,-1,0,0,-1,2021,70.0,1,1,0,2,1,26,0,,4,FAIDHERBE,0,,-1,1,0,1,0,0,1,, -1,1,5,1,50,7,3,1,93,93029,2,2,0,3,FAIDHERBE,48.92244,2.43364,12,2,2
202100011061,181Â 950,A01,3,2,1,5,1,-1,-1,-1, -1,-1,2021,22.0,1,2,8,0,8,14,1,,7,MARINE (BOULEVARD DE LA),0,,2,2,0,1,10,160,1,, -1,1,0,4,50,25,10,5,83,83069,2,1,0,6,MARINE (BOULEVARD DE LA),43.0972,6.16765,0,3,1
202100025578,155Â 953,B01,2,2,1,3,1,5,-1,-1, -1,-1,2021,10.0,1,2,0,2,8,1,1,,2,QUATRE VOIES GILLOT (ROUTE A),0,,3,4,0,2,6,0,3,, -1,2,0,1,90,2,8,1,974,97411,1,1,1,3,QUATRE VOIES GILLOT (ROUTE A),-20.8889,55.5005,14,3,2
202100022309,161Â 758,A01,10,3,1,9,0,-1,-1,1,3,3,2021,5.0,1,2,0,1,8,1,1,,3,LOUP (CHEMIN DU),0,,1,1,0,1,0,0,1,, -1,1,0,1,50,27,8,1,93,93078,2,1,0,3,LOUP (CHEMIN DU),48.94621,2.56561,18,2,1
202100023084,160Â 351,A01,1,1,1,4,2,0,-1,-1, -1,-1,2021,19.0,0,1,0,2,0,9,1,,4,PRADO JACQUES CHIRAC (ROND POINT),0,,1,3,0,1,1,0,2,, -1,1,0,1,50,26,7,1,13,13208,2,1,0,3,PRADO JACQUES CHIRAC (ROND POINT),43.272610688,5.3911159634,14,2,2
202100055745,102Â 220,B01,2,2,2,0,1,0,-1,-1, -1,-1,2021,30.0,1,2,0,2,4,2,1,,2,ROUTE NATIONALE 5,0,,1,3,0,1,5,500,3,, -1,1,0,1,70,8,1,1,972,97213,1,1,0,5,ROUTE NATIONALE 5,14.59579,-60.98718,13,4,3
202100009329,185Â 028,A01,1,1,1,5,0,-1,-1,0,0,-1,2021,67.0,1,2,0,2,1,1,1,,3,632,-1,,2,2,0,1,39,715,1,, -1,1,2,1,50,6,11,3,65,65301,1,1,0,1,D632,43.304351,0.226185,19,2,2
202100037980,133Â 772,B01,1,1,2,0,0,-1,-1,-1, -1,-1,2021,51.0,1,1,1,0,2,1,5,,4,COMTE VERT (AVENUE DU),0,,2,2,0,1,(1),(1),1,, -1,1,0,1,50,27,5,1,73,73065,2,1,0,3,COMTE VERT (AVENUE DU),45.5703546899,5.9152953847,7,2,2
202100011266,181Â 599,A01,1,1,1,1,1,-1,-1,0,0,-1,2021,26.0,1,2,13,0,3,21,1,,3,163,0,D,2,2,0,1,1,200,1,, -1,1,0,1,80,23,10,3,58,58086,1,1,0,7,D163,47.38474,2.9644846916,23,1,1
202100054798,103Â 844,B01,1,1,1,5,1,0,-1,-1, -1,-1,2021,32.0,2,2,0,2,8,15,1,,3,DE DION BOUTON (QUAI) DU 1 AU 28,0,,1,5,0,1,0,0,1,, -1,2,0,1,50,16,1,1,92,92062,2,3,1,3,DE DION BOUTON (QUAI) DU 1 AU 28,48.8770820656,2.241191894,16,4,2
202100038171,133Â 417,B01,1,1,1,9,1,8,-1,-1, -1,-1,2021,28.0,2,2,0,2,4,1,1,,3,MARTYRS DU PONT LONG DES,0,,2,2,0,1,30,510,1,, -1,1,0,1,50,26,5,1,64,64348,1,1,0,2,MARTYRS DU PONT LONG DES,43.3479,-0.38004,8,2,2
202100017440,170Â 451,A01,1,1,1,0,2,0,-1,0,0,-1,2021,64.0,3,1,0,0,7,1,1,,4,,0,,2,2,0,1,(1),(1),1,, -1,9,0,1,50,21,9,1,63,63113,2,1,0,7,PRE LA REINE (RUE DU),45.78528,3.11645,16,1,1
202100007282,188Â 734,B01,1,1,2,1,2,-1,-1,-1, -1,-1,2021,25.0,1,1,0,2,4,1,5,,3,GARSALEC (avenue de),0,,3,2,0,1,5,400,2,, -1,1,3,1,70,19,11,2,29,29051,1,1,0,2,Avenue de Garsalec,48.017112,-4.000677,17,2,2
202100014279,176Â 176,B01,1,1,1,3,2,6,-1,0,0,-1,2021,23.0,0,1,0,2,1,1,1,,3,571,0,D,3,2,0,1,(1),(1),1,, -1,1,0,1,-1,9,10,1,13,13027,1,3,0,3,ChÃ¢teaurenard,43.895527,4.819093,16,2,2
202100052314,108Â 206,B01,1,1,1,0,2,8,-1,-1, -1,-1,2021,19.0,1,1,0,2,1,15,1,,4,VEZIN (ROUTE DE),0,,3,4,2,1,(1),(1),1,, -1,1,5,1,50,5,2,5,35,35238,2,2,0,3,Rue de Vezin,48.116327,-1.713984,19,2,2
202100041583,127Â 273,A01,1,1,1,0,2,6,-1,0,0,-1,2021,33.0,1,1,0,2,1,17,1,,3,64,-1,,2,2,1,2,0,250,2,, -1,1,0,1,50,3,5,1,74,74152,2,1,0,1,Route des Gorges,45.902254,6.030829,17,2,2
202100011324,181Â 491,A01,2,2,1,5,1,0,-1,-1, -1,-1,2021,8.0,1,2,0,2,2,12,1,,2,RN 104,0,,1,4,0,1,36,500,3,, -1,1,0,1,70,24,10,1,91,91340,1,1,0,5,RN 104,48.60884,2.43751,12,4,3
202100018228,169Â 023,A01,4,2,2,5,1,-1,-1,0,0,-1,2021,19.0,1,2,2,0,8,1,1,,3,431,-1,,2,2,0,2,16,500,3,, -1,1,0,8,80,18,9,3,68,68315,1,1,0,7,D431,47.862902,7.13253,1,3,1
202100039866,130Â 325,A01,1,1,1,5,1,-1,-1,0,0,-1,2021,22.0,1,2,2,0,7,1,1,,3,D940,-1,,2,2,0,1,0,440,3,, -1,2,0,3,90,15,5,3,19,19007,1,1,1,6,La Riviere,44.950031,1.853364,22,2,1
202100050352,111Â 698,A01,1,1,1,0,8,0,-1,-1, -1,-1,2021,19.0,2,1,0,2,1,1,5,,7,MARÃCHAL DE LATTRE (AVENUE),0,,2,2,1,1,5,200,1,, -1,1,0,1,50,23,2,1,13,13209,2,3,0,3,MARÃCHAL DE LATTRE (AVENUE),43.24554,5.41208,16,2,2
202100011932,180Â 396,A01,1,1,2,5,8,-1,-1,0,0,-1,2021,24.0,0,2,9,0,9,1,1,,4,9498,0,D,2,2,0,1,(1),(1),1,, -1,1,0,1,50,22,10,5,42,42005,2,6,0,6,Rue de la Baume,45.5291436103,4.2571227778,1,1,1
202100046112,119Â 338,B01,1,1,1,0,2,4,-1,-1, -1,-1,2021,28.0,1,1,0,2,1,1,1,,4,LECLERC (RUE DU MARECHAL),0,,2,-1,0,1,0,0,1,, -1,1,9,1,50,29,3,1,28,28220,2,2,0,3,LECLERC (RUE DU MARECHAL),48.42843,1.46026,16,2,2
202100025698,155Â 750,A01,1,1,1,0,8,0,-1,-1, -1,-1,2021,50.0,1,4,0,2,7,12,1,,1,AUTOROUTE A3,0,,3,10,0,1,6,199,1,, -1,1,2,1,90,4,8,1,93,93010,1,1,0,3,AUTOROUTE A3,48.89115,2.47342,10,2,2
202100010909,182Â 231,A01,2,2,1,0,2,0,-1,-1, -1,-1,2021,10.0,1,1,0,2,1,2,1,,2,BEAULIEU (PORTE DE),0,,3,4,0,1,2,880,1,, -1,1,0,1,90,26,10,1,35,35051,2,1,0,2,BEAULIEU (PORTE DE),48.10506,-1.60288,17,5,2
202100000443,200Â 913,A01,10,3,1,0,0,-1,-1,1,3,1,2021,36.0,3,0,0,1,3,26,1,,4,,0,,1,0,0,2,(1),(1),2,, -1,2,0,1,50,10,5,1,38,38544,2,1,1,6,Rue Victor Baltard,45.51379,4.91669,8,2,1
202100002115,198Â 014,A01,1,1,2,0,1,0,-1,-1, -1,-1,2021,59.0,2,2,4,0,8,13,1,,1,AUTOROUTE A104,0,,3,6,0,1,4,99,1,, -1,1,0,1,90,20,12,3,93,93078,1,1,0,6,AUTOROUTE A104,48.95896,2.53484,6,1,1
202100013191,178Â 164,A01,1,1,2,5,1,-1,-1,-1, -1,-1,2021,84.0,1,2,0,2,1,2,1,,2,ROUTE NATIONALE 230,0,,3,8,0,1,44,99,1,, -1,1,0,1,90,15,10,1,33,33249,1,1,0,2,ROUTE NATIONALE 230,44.882968,-0.511536,18,2,2
202100004718,193Â 342,A01,1,1,1,0,1,0,-1,-1, -1,-1,2021,76.0,1,2,8,0,2,0,1,,3,CLAYE  (RUE DE  ),0,,-1,2,0,2,8,187,1,, -1,2,0,4,50,3,12,1,77,77464,2,1,1,6,D418,48.887444,2.703544,13,1,1
202100019867,166Â 129,B01,1,1,1,1,2,0,-1,-1, -1,-1,2021,31.0,0,1,0,2,7,1,5,,4,CORNE DE CERF (RUE DE LA ),0,,2,2,0,1,(1),(1),1,, -1,1,0,1,50,8,9,1,45,45234,2,4,0,3,Rue du Pressoir Blanc,47.88461,1.8875,17,3,2
202100001472,199Â 155,A01,10,3,2,0,0,-1,-1,4,3,1,2021,21.0,1,2,0,1,1,1,1,,4,DAGUERRE,0,,2,2,0,1,(1),(1),1,, -1,1,0,1,50,2,12,1,42,42218,2,9,0,6,Boulevard Daguerre,45.42321,4.39056,13,2,1
202100029139,149Â 664,A01,1,1,1,5,2,6,-1,-1, -1,-1,2021,19.0,1,1,0,2,1,2,1,,4,SEVERAC (BD DEODAT DE) DU 52AU 101,0,,2,2,0,1,(1),(1),1,, -1,2,0,1,50,13,7,1,31,31555,2,3,1,2,SEVERAC (BD DEODAT DE) DU 52AU 101,43.588744,1.422908,19,2,2