Num_Acc,id_vehicule,num_veh,place,catu,sexe,trajet,secu1,secu2,secu3,locp,actp,etatp,year_acc,victim_age,senc,catv,obs,obsm,choc,manv,motor,occutc,catr,voie,v1,v2,circ,nbv,vosp,prof,pr,pr1,plan,lartpc,larrout,surf,infra,situ,vma,jour,mois,lum,dep,com,agg_,int,atm,col,adr,lat,long,hour,nb_victim,nb_vehicules
202100003635,195Â 251,A01,10,3,2,0,0,-1,-1,2,3,1,2021,80.0,1,2,0,1,3,16,1,,3,CHAILLOT (RUE),0,,1,1,0,1,2,200,3,, -1,2,0,1,50,10,12,1,51,51454,2,6,0,7,Rue AndrÃ© Chaillot,49.287,4.02741,14,2,1
202100027616,152Â 362,B01,2,2,1,4,1,-1,-1,0,0,-1,2021,54.0,1,5,13,2,1,1,1,,3,964,0,D,2,2,0,4,112,100,3,, -1,1,0,1,50,23,7,1,55,55490,1,1,0,4,D964,49.3340595855,5.2463894337,7,4,3
202100038421,132Â 967,B01,1,1,1,1,2,0,-1,-1, -1,-1,2021,29.0,3,1,0,2,1,1,5,,3,993,0,,1,3,1,1,0,0,1,, -1,1,0,1,50,21,5,1,92,92026,2,3,0,3,STRASBOURG,48.89089,2.24767,9,2,2
202100040485,129Â 238,B01,1,1,2,9,1,-1,-1,-1, -1,-1,2021,59.0,1,2,0,2,1,1,1,,4,rue Pierre et Marie CURIE,0,,2,2,0,1,(1),(1),1,, -1,1,0,1,50,3,5,1,33,33529,2,3,0,3,route Ambroise ParÃ©,44.6166267087,-1.1132774954,13,2,2
202100020190,165Â 551,B01,1,1,2,5,1,-1,-1,0,0,-1,2021,55.0,2,2,0,2,3,1,1,,4,,-1,,2,1,0,1,(1),(1),3,,3,1,0,1,-1,8,9,1,29,29042,1,1,0,1,Lesvrez,48.282593,-4.553661,19,2,2
202100027503,152Â 565,B01,1,1,1,3,8,-1,-1,-1,0,-1,2021,35.0,2,1,0,2,1,21,5,,3,GARE (RUE DE LA),0,,2,2,0,1,10,950,2,, -1,1,0,1,50,21,7,1,95,95197,2,3,0,1,Rue de la Gare,48.975366,2.332775,18,2,2
202100036604,136Â 275,B01,1,1,1,1,2,8,-1,-1, -1,-1,2021,49.0,3,1,0,2,1,1,1,,7,CD 925,0,,2,2,0,1,(1),(1),1,, -1,1,0,1,50,3,6,1,59,59560,1,1,1,1,CD 925,50.53689,3.02797,17,2,2
202100043106,124Â 626,B01,1,1,1,5,0,-1,-1,0,0,-1,2021,49.0,2,1,0,2,1,1,5,,3,70,0,D,2,2,0,1,3,940,1,, -1,1,0,1,80,23,4,1,41,41008,1,1,0,3,D70,47.741217,1.543268,15,2,2
202100023377,159Â 833,A01,1,1,1,0,2,-1,-1,0,0,-1,2021,25.0,1,1,0,2,3,1,1,,3,974,-1,D,2,2,0,1,(1),(1),1,, -1,1,0,1,50,20,8,5,54,54043,2,1,0,3,2 Rue Jacques Callot,48.596549683,6.1035758265,21,2,2
202100038759,132Â 331,A01,4,2,2,5,1,0,-1,-1, -1,-1,2021,9.0,3,2,0,2,3,15,1,,3,LIEVRE D'OR (RUE DU),0,,2,2,0,1,1,110,1,, -1,1,0,1,50,19,5,1,28,28134,2,3,0,3,LIEVRE D'OR (RUE DU),48.73498,1.38732,19,4,2
202100041053,128Â 230,A01,1,1,1,0,8,0,-1,-1, -1,-1,2021,24.0,2,6,12,0,0,0,1,,4,MARTYRS DE LA RESISTANCE (DES)      (AV),0,,2,1,0,2,(1),(1),2,, -1,1,0,4,50,5,5,1,69,69259,2,1,0,7,MARTYRS DE LA RESISTANCE (DES)      (AV),45.69018,4.8679,19,1,1
202100027488,152Â 592,A01,1,1,1,1,8,0,-1,0,0,-1,2021,30.0,1,1,0,2,2,1,5,,4,RUE DE REUILLY,0,,2,2,0,4,(1),(1),1,, -1,1,0,1,30,22,7,1,75,75112,2,3,0,3,RUE DE REUILLY,48.845309,2.388956,12,2,2
202100009188,185Â 285,A01,1,1,1,0,1,8,-1,-1, -1,-1,2021,33.0,2,2,0,2,1,2,1,,1,AUTOROUTE A86,0,,3,6,0,1,11,0,3,, -1,1,0,1,90,6,11,3,92,92078,1,1,0,2,AUTOROUTE A86,48.9311292993,2.3235279586,1,2,2
202100039408,131Â 158,Z01,10,3,2,2,0,-1,-1,4,3,1,2021,19.0,3,2,0,1,0,1,0,,4,REPUBLIQUE (COURS DE LA),0,,2,4,0,1,(1),(1),1,, -1,1,0,1,50,14,1,5,76,76351,2,1,0,6,REPUBLIQUE (COURS DE LA),49.49469,0.12558,0,2,1
202100014865,175Â 140,B01,1,1,1,0,2,6,-1,-1, -1,-1,2021,24.0,2,1,0,2,2,13,1,,3,VERD DE SAINT JULIEN (BOULEVARD),0,,2,2,0,1,0,0,1,, -1,1,0,1,30,6,10,1,92,92048,2,1,0,3,VERD DE SAINT JULIEN (BOULEVARD),48.816302,2.232338,8,2,2
202100033880,141Â 202,Z01,10,3,2,5,0,-1,-1,4,3,1,2021,91.0,2,5,0,1,2,20,1,,4,RUE SAINT LAZARE,0,,1,1,2,1,(1),(1),1,, -1,1,0,1,30,17,6,1,75,75109,2,2,0,6,RUE SAINT LAZARE,48.876705,2.33236,10,2,1
202100048011,115Â 922,A01,1,1,1,0,8,8,-1,-1, -1,-1,2021,26.0,2,2,3,0,9,0,1,,2,RN2 SENS ST BENOIT ST DENIS,0,,1,2,0,2,28,0,2,, -1,1,1,1,110,14,3,3,974,97409,1,9,0,7,RN2 SENS ST BENOIT ST DENIS,-20.94274,55.64829,23,1,1
202100008091,187Â 271,A01,1,1,2,0,1,-1,-1,0,0,-1,2021,55.0,0,2,2,0,1,15,1,,9,,-1,,2,2,0,1,(1),(1),4,,4,1,0,8,80,14,10,1,24,24218,1,1,1,6,La Roche Denier,45.48489,1.047719,10,1,1
202100036566,136Â 349,A01,1,1,1,1,2,6,-1,-1, -1,-1,2021,48.0,1,1,0,2,2,3,1,,1,AUTOROUTE A86,0,,4,4,0,1,49,976,2,, -1,2,2,1,70,4,6,1,94,94034,1,1,0,2,AUTOROUTE A86,48.75581,2.34237,9,2,2
202100020287,165Â 372,B01,1,1,1,0,2,6,-1,-1, -1,-1,2021,25.0,3,1,0,2,4,9,1,,4,DE GAULLE (BD CHARLES),0,,3,4,0,1,(1),(1),1,, -1,1,0,1,50,6,9,1,37,37214,2,6,0,6,DE GAULLE (BD CHARLES),47.4264308896,0.6553866562,11,2,2
202100036625,136Â 243,A01,2,2,2,5,1,0,-1,-1, -1,-1,2021,21.0,2,2,1,0,2,14,1,,4,,0,,1,1,0,1,(1),(1),1,, -1,1,0,1,50,2,6,2,25,25462,2,1,0,6,SALINS DE (DU 0 AU 15),46.90566,6.34994,19,2,1
202100001408,199Â 260,B01,2,2,2,0,1,-1,-1,0,0,-1,2021,86.0,2,2,7,0,3,1,1,,3,948,0,D,2,2,0,1,9,160,1,, -1,2,0,1,80,27,12,1,16,16337,1,1,1,5,Saint-Maurice-des-Lions,45.9513709834,0.7140469551,15,8,3
202100035046,139Â 052,A01,10,3,2,0,0,-1,-1,2,3,1,2021,44.0,1,2,0,1,1,1,1,,4,LECLERC (BOULEVARD DU MARECHAL),0,,2,2,0,2,(1),(1),1,, -1,1,0,1,50,11,6,1,6,6069,2,1,0,6,LECLERC (BOULEVARD DU MARECHAL),43.65035,6.920441,8,2,1
202100037999,133Â 740,B01,1,1,2,1,8,0,-1,-1, -1,-1,2021,23.0,1,1,0,2,3,26,3,,4,GARE PLACE,0,,-1,2,0,1,1,0,1,, -1,1,0,1,50,27,5,1,49,49007,2,1,0,3,GARE PLACE,47.465,-0.55717,8,2,2
202100005067,192Â 720,A01,6,2,1,4,1,8,-1,-1, -1,-1,2021,30.0,1,5,6,0,2,14,1,,7,RD 88,0,,3,2,0,1,(1),(1),3,, -1,1,1,1,50,2,12,1,37,37195,2,1,0,7,,47.3855078562,0.646777153,12,3,1
202100043521,123Â 870,A01,2,2,2,0,1,-1,-1,0,0,-1,2021,78.0,3,2,17,0,2,0,1,,3,65,-1,,2,2,0,1,(1),(1),1,, -1,1,0,1,80,20,4,1,38,38535,1,1,0,6,Route Depatementale 65,45.787551,5.26969,16,2,1
202100014076,176Â 538,B01,1,1,2,0,1,-1,-1,0,0,-1,2021,62.0,0,2,6,2,8,15,1,,4,,-1,,2,2,0,3,(1),(1),1,,5,1,0,1,50,11,10,1,38,38557,2,3,0,3,Rue des Ormeaux,45.791396,5.121555,12,3,2
202100007074,189Â 114,B01,1,1,1,1,2,6,-1,0,0,-1,2021,23.0,1,1,0,2,1,1,1,,3,1206,0,,2,2,0,1,11,300,1,, -1,2,0,1,80,21,11,3,74,74309,1,1,1,1,D1206,46.115982,6.025942,1,2,2
202100027491,152Â 587,A01,1,1,1,0,8,0,-1,-1, -1,-1,2021,19.0,3,1,0,2,0,1,0,,4,ARAGO (FRANCOIS),0,,-1,2,0,1,(1),(1),1,, -1,1,0,1,50,22,7,1,973,97302,2,9,0,3,ARAGO (FRANCOIS),4.9371753437,-52.3313482628,17,2,2
202100028293,151Â 121,B01,1,1,1,5,2,-1,-1,-1, -1,-1,2021,23.0,3,1,0,2,3,1,1,,3,D 135E,0,,2,2,0,2,0,1,1,, -1,1,5,1,30,18,7,1,50,50165,2,1,0,3,D 135E,48.852953,-1.5631,12,3,2
202100004434,193Â 838,B01,1,1,1,1,1,9,-1,0,0,-1,2021,44.0,2,5,0,2,1,1,1,,3,612,-1,,2,2,0,1,9,532,1,, -1,1,5,1,90,6,12,5,34,34159,1,1,0,3,RD612,43.513845,3.805422,20,2,2
202100053617,105Â 882,A01,1,1,1,0,1,0,-1,-1, -1,-1,2021,49.0,0,2,0,2,3,26,1,,4,AUGUSTIN AUBERT (RUE),0,,1,3,0,1,1,0,1,, -1,1,5,1,50,26,1,1,13,13209,2,2,0,3,AUGUSTIN AUBERT (RUE),43.26663,5.40296,12,3,2
202100010313,183Â 272,A01,1,1,1,0,2,8,-1,0,0,-1,2021,26.0,1,1,0,2,1,1,1,,4,LEYGUES (BLVD GEORGES),0,,2,4,0,1,0,0,1,, -1,1,0,1,50,28,10,1,47,47323,2,2,0,3,LEYGUES (BLVD GEORGES),44.407966,0.707706,17,2,2
202100027708,152Â 188,B01,1,1,2,5,1,0,-1,-1, -1,-1,2021,65.0,2,2,0,2,6,2,1,,7,DEPARTEMENTALE 46 (CHEMIN),0,,2,2,0,2,10,590,1,, -1,1,0,1,50,20,7,1,83,83137,2,1,0,4,DEPARTEMENTALE 46 (CHEMIN),43.14965,5.973,11,3,3
202100040311,129Â 547,A01,1,1,2,1,0,-1,-1,-1, -1,-1,2021,55.0,1,1,0,2,7,1,5,,4,DUQUESNE                            (R ),0,,2,4,3,1,(1),(1),1,, -1,2,0,1,50,11,5,1,69,69386,2,2,1,3,DUQUESNE (R),45.77246,4.8431,8,2,2
202100030096,147Â 984,B01,1,1,1,0,2,-1,-1,0,0,-1,2021,17.0,0,1,0,0,7,1,1,,3,3498,-1,,2,2,0,1,(1),(1),1,, -1,1,0,1,50,8,7,5,42,42256,2,2,0,3,Rue de la Liberation,45.497594,4.165846,22,2,2
202100009677,184Â 412,B01,1,1,2,5,1,-1,-1,0,0,-1,2021,34.0,2,2,0,2,1,1,1,,7,69,-1,,2,2,0,1,3,500,1,, -1,1,0,1,80,3,11,3,13,13044,1,1,0,1,D69,43.616815,5.030558,21,2,2
202100008389,186Â 735,A01,1,1,1,0,2,-1,-1,0,0,-1,2021,28.0,0,1,11,0,9,0,1,,2,1,-1,C,3,2,1,1,(1),(1),1,,5,1,2,5,70,12,11,3,974,97414,1,1,0,6,N1c,-21.289138,55.411364,21,1,1
202100007051,189Â 153,B01,1,1,2,1,1,8,-1,0,0,-1,2021,32.0,3,2,0,2,4,2,1,,4,QUAI HENRI IV,0,,1,2,0,1,(1),(1),1,, -1,1,0,1,30,19,11,5,75,75104,2,1,0,4,QUAI HENRI IV,48.847718,2.364266,23,3,3
202100054571,104Â 230,A01,10,3,2,3,0,-1,-1,8,A,1,2021,42.0,1,2,0,1,4,4,1,,4,GENERAL DE GAULLE (ROUTE DU),0,,1,1,0,1,0,0,1,, -1,2,9,8,30,16,1,1,67,67447,2,1,0,6,GENERAL DE GAULLE (ROUTE DU),48.609781,7.738386,15,2,1
202100016035,172Â 998,A01,1,1,1,1,1,0,-1,-1, -1,-1,2021,42.0,1,5,0,2,4,2,1,,1,A50-Sens Marseille vers Aubagne,0,,1,4,0,1,3,500,1,, -1,1,0,1,70,30,9,1,13,13211,1,1,0,2,A50-Sens Marseille vers Aubagne,43.2862,5.43125,8,2,2
202100018391,168Â 750,A01,5,2,2,0,1,-1,-1,0,0,-1,2021,31.0,1,2,2,0,1,1,1,,2,EMILE DIDIER ( AV ),0,,-1,2,0,1,70,765,2,, -1,2,9,4,50,15,9,5,5,5061,2,6,1,6,EMILE DIDIER ( AV ),44.56546,6.09276,0,3,1
202100043054,124Â 715,B01,1,1,1,1,8,0,-1,0,0,-1,2021,34.0,1,0,0,2,4,23,3,,4,BOULEVARD SAINT MICHEL,0,,2,3,0,1,(1),(1),1,, -1,1,0,1,30,22,4,1,75,75105,2,5,0,2,BOULEVARD SAINT MICHEL,48.847339,2.340852,19,2,2
202100015705,173Â 599,A01,1,1,1,4,2,6,-1,0,0,-1,2021,54.0,2,1,0,2,2,1,1,,3,918,0,,2,2,0,2,65,890,1,, -1,1,0,1,80,1,10,1,65,65123,1,1,0,3,Quartier Espiadet Payolle,42.94375,0.286868,14,2,2
202100044471,122Â 202,A01,1,1,1,5,2,6,-1,-1, -1,-1,2021,41.0,1,1,12,0,3,14,1,,4,SAINT LOUP (BOULEVARD DE),0,,2,2,0,1,(1),(1),1,, -1,1,0,4,50,10,4,5,13,13211,2,1,0,6,SAINT LOUP (BOULEVARD DE),43.28345,5.43414,0,1,1
202100032081,144Â 405,A01,1,1,1,0,2,-1,-1,-1, -1,-1,2021,17.0,1,1,8,2,1,15,5,,7,BRIGNAIS (DE)      D 42             (RO),0,,2,3,2,1,(1),(1),1,, -1,1,5,1,50,25,6,1,69,69149,2,2,0,3,BRIGNAIS (DE) (RTE),45.7243026945,4.7806942463,18,2,2
202100052167,108Â 465,A01,1,1,1,5,2,-1,-1,0,0,-1,2021,52.0,2,1,6,0,3,1,1,,3,137,-1,,2,2,0,1,3,0,2,, -1,1,0,8,80,9,2,1,202,202346,1,1,0,6,Bernarduccio,42.513993,9.485208,17,1,1
202100012725,178Â 973,A01,1,1,1,5,1,-1,-1,0,0,-1,2021,19.0,2,2,0,2,1,1,1,,3,8,0,,2,3,0,1,2,89,1,, -1,1,5,1,80,18,10,1,31,31143,1,2,0,3,D8,43.068182,0.613099,11,2,2
202100016646,171Â 877,A01,1,1,2,9,1,0,-1,-1, -1,-1,2021,24.0,1,2,0,2,1,26,1,,4,MEIGNANNE,0,,3,2,0,1,1,0,1,, -1,1,0,1,50,26,9,1,49,49007,2,2,0,3,MEIGNANNE,47.47888,-0.57016,8,3,2
202100033746,141Â 449,A01,1,1,1,5,2,6,-1,0,0,-1,2021,61.0,1,1,0,2,1,5,1,,3,531,0,D,2,2,0,2,47,80,3,, -1,1,0,1,70,19,6,1,38,38153,1,1,0,3,D531,45.182112,5.620279,15,2,2
202100020500,164Â 993,A01,10,3,1,0,0,-1,-1,4,3,2,2021,11.0,3,2,0,1,1,1,1,,4,RUAUDIN (RUE) NÂ° IMP 1 A 67,0,,2,2,0,1,0,0,1,, -1,1,0,1,50,6,9,1,72,72181,2,1,0,6,RUAUDIN (RUE) NÂ° IMP 1 A 67,47.981095,0.2155493,16,2,1
202100035225,138Â 738,Z01,10,3,1,5,8,8,-1,2,3,2,2021,16.0,1,2,0,1,1,1,1,,4,DUPARCHY (RUE),0,,2,2,0,1,0,0,1,, -1,1,0,1,50,10,6,1,91,91687,2,1,0,6,DUPARCHY (RUE),48.67038,2.36556,17,2,1
202100056511,100Â 893,A01,1,1,1,5,2,6,-1,0,0,-1,2021,53.0,1,1,0,2,1,2,1,,2,113,-1,,2,2,0,1,37,500,1,, -1,1,0,1,80,1,1,1,30,30036,1,1,0,2,Route Nationale 113,43.7814,4.294679,13,2,2
202100010940,182Â 171,B01,1,1,2,9,8,0,-1,0,0,-1,2021,42.0,2,1,0,2,0,21,3,,4,BOULEVARD DE SEBASTOPOL,0,,1,3,2,1,(1),(1),1,, -1,1,-1,5,30,25,10,2,75,75102,2,2,0,6,BOULEVARD DE SEBASTOPOL,48.867031,2.352976,20,2,2
202100045004,121Â 283,A01,1,1,1,1,1,-1,-1,0,0,-1,2021,31.0,1,2,0,2,1,13,1,,3,cd900,-1,,2,1,0,1,(1),(1),2,, -1,1,0,1,80,7,4,1,84,84034,1,1,0,5,nÂ°76 CD900,43.886264,4.945049,17,5,3
202100039152,131Â 641,A01,10,3,1,3,0,-1,-1,4,3,1,2021,63.0,2,2,0,2,4,16,1,,3,A TRAIT (R),0,,2,3,0,2,1,0,1,, -1,1,0,1,50,20,5,1,94,94017,2,3,0,6,A TRAIT (R),48.81265,2.51414,11,2,1
202100016465,172Â 197,B01,10,3,1,5,0,-1,-1,5,1,2,2021,19.0,1,2,0,2,8,1,1,,3,COLMAR (AVENUE DE),0,,2,2,0,1,(1),(1),1,, -1,1,0,1,50,27,9,1,68,68224,2,2,0,6,COLMAR (AVENUE DE),47.75496,7.33644,13,6,2
202100015646,173Â 704,B01,1,1,1,1,2,6,-1,0,0,-1,2021,22.0,1,1,0,2,4,15,1,,4,QUAI D ORSAY,0,,2,2,0,1,(1),(1),1,, -1,2,5,1,30,2,10,5,75,75107,2,2,1,4,QUAI D ORSAY,48.862851,2.313436,2,3,3
202100055102,103Â 321,B01,8,2,2,5,1,-1,-1,0,0,-1,2021,31.0,2,2,0,2,3,1,1,,2,124,-1,,2,2,0,1,30,400,1,, -1,1,0,1,50,14,1,1,32,32147,2,1,0,1,Boulevard du Nord,43.626792,0.878059,15,5,2
202100024431,158Â 011,A01,1,1,1,5,2,6,9,0,0,-1,2021,54.0,2,1,0,2,1,2,6,,1,A35,0,A,3,4,0,1,420,600,1,, -1,1,0,1,130,14,8,1,67,67329,1,1,0,2,A35 pk420+600,48.447934,7.505207,9,2,2
202100043864,123Â 262,B01,1,1,1,5,2,8,-1,-1, -1,-1,2021,13.0,1,1,0,0,0,2,5,,4,CENTRALE (ROUTE),0,,2,2,0,1,(1),(1),1,, -1,1,0,1,50,15,4,1,78,78005,1,1,0,3,CENTRALE (ROUTE),48.983206,2.099784,14,2,2
202100030316,147Â 572,B01,1,1,1,5,2,0,-1,-1, -1,-1,2021,29.0,2,1,0,2,0,0,1,,1,A86 EXT,0,,3,8,0,1,38,500,1,, -1,1,0,1,90,7,7,1,94,94028,1,1,0,3,A86 EXT,48.79772,2.44451,16,2,2
202100041215,127Â 935,B01,1,1,1,1,1,-1,-1,0,0,-1,2021,43.0,1,2,0,2,1,1,1,,3,670,-1,,2,2,0,1,3,396,1,, -1,1,0,1,70,5,5,1,33,33366,1,1,0,1,Route de Libourne,44.982847,-0.408651,16,2,2
202100047515,116Â 830,A01,10,3,1,0,0,-1,-1,2,3,1,2021,83.0,1,2,0,1,5,1,1,,3,VICTOR HUGO  (BD),0,,2,2,0,2,11,765,1,, -1,1,0,1,50,18,3,1,6,6069,2,1,0,7,VICTOR HUGO  (BD),43.655538,6.91923,9,2,1
202100013717,177Â 186,B01,1,1,2,0,1,0,-1,-1, -1,-1,2021,54.0,1,2,0,2,3,1,1,,4,ARTS  (AVENUE DES - COTE PAIR),0,,2,2,0,1,1,0,1,, -1,1,0,1,50,12,10,1,93,93032,2,1,0,1,ARTS  (AVENUE DES - COTE PAIR),48.88606,2.54869,10,3,2
202100024799,157Â 326,A01,1,1,2,5,8,-1,-1,0,0,-1,2021,22.0,1,2,2,0,6,0,1,,3,37,0,D,2,2,0,2,9,300,1,, -1,2,0,8,80,11,8,3,84,84121,1,1,0,7,D37,43.747564,5.491362,2,1,1
202100019329,167Â 075,A01,10,3,2,9,0,-1,-1,3,3,1,2021,93.0,2,2,0,1,1,2,-1,,3,GARE (ROUTE),0,,1,1,0,1,5,470,1,, -1,1,0,1,50,6,9,1,83,83123,2,1,0,6,GARE (ROUTE),43.12113,5.81817,12,2,1
202100054064,105Â 109,A01,2,2,1,5,1,-1,-1,-1, -1,-1,2021,19.0,3,2,9,2,7,19,1,,4,BOYER (Rue Gaston),0,,2,2,0,1,(1),(1),1,, -1,1,0,1,50,21,1,1,51,51454,2,2,0,3,Rue Gaston Boyer,49.261157565,4.021012394,12,3,2
202100054160,104Â 936,A01,10,3,2,9,0,-1,-1,2,3,1,2021,12.0,1,2,0,1,3,1,1,,3,27,0,D,-1,2,0,1,17,0,1,, -1,1,6,1,50,18,1,2,91,91546,2,1,0,6,rue du pont ruÃ©,48.56766,2.032064,8,2,1
202100027475,152Â 617,B01,2,2,2,5,1,-1,-1,0,0,-1,2021,54.0,2,2,0,2,3,1,1,,3,160,0,D,2,2,0,1,1,595,3,, -1,2,0,1,80,24,7,1,85,85151,1,1,1,4,D160,46.98834,-0.93823,18,4,3
202100005621,191Â 742,A01,1,1,1,4,2,0,-1,-1, -1,-1,2021,47.0,2,1,0,2,3,3,1,,1,AUTOROUTE A6,0,,-1,3,0,1,20,200,1,, -1,2,0,1,90,30,11,1,91,91687,1,1,0,3,AUTOROUTE A6,48.6615,2.37,8,2,2
202100016315,172Â 473,A01,1,1,1,5,2,6,-1,0,0,-1,2021,84.0,1,1,0,0,7,1,1,,3,,0,,2,2,0,2,8,500,1,,"3,5",1,0,1,50,29,9,1,66,66217,2,6,0,7,Cami de Ponteilla,42.6167378846,2.8112719599,12,1,1
202100002135,197Â 975,A01,1,1,1,0,2,0,-1,-1, -1,-1,2021,20.0,3,1,0,2,2,15,1,,4,JAVARY RUE,0,,3,2,0,1,(1),(1),1,, -1,2,0,1,50,19,12,3,59,59350,2,1,1,1,JAVARY RUE,50.63262,3.08009,17,2,2
202100016487,172Â 156,B01,1,1,1,0,1,0,-1,0,0,-1,2021,75.0,1,2,0,2,6,1,1,,4,AIGUILLETTES  (BD 5A A 17A),0,,2,4,0,1,(1),(1),1,, -1,1,0,1,50,26,9,1,54,54578,2,3,0,3,AIGUILLETTES  (BD 5A A 17A),48.6688401171,6.161065441,14,2,2
202100034547,139Â 974,A01,1,1,1,1,2,6,-1,-1,0,-1,2021,53.0,2,1,0,2,7,14,1,,1,AUTOROUTE A15,0,,3,9,0,1,6,500,1,, -1,1,0,1,110,14,6,1,95,95018,1,1,0,3, A15,48.95567,2.27755,7,2,2
202100008467,186Â 603,B01,1,1,1,5,2,0,-1,-1, -1,-1,2021,63.0,0,1,0,2,7,1,1,,4,SURCOUF (RUE),0,,2,2,0,1,0,0,3,, -1,1,0,1,50,9,11,1,50,50173,2,1,0,3,SURCOUF (RUE),49.65696,-1.66145,13,2,2
202100031597,145Â 276,B01,1,1,1,5,2,6,-1,0,0,-1,2021,61.0,1,1,0,2,4,23,1,,4,AVENUE PARMENTIER,0,,2,2,0,1,(1),(1),1,, -1,2,0,1,30,30,6,1,75,75111,2,2,1,2,AVENUE PARMENTIER,48.866665,2.373501,17,2,2
202100042194,126Â 201,B01,1,1,1,9,2,6,-1,-1, -1,-1,2021,17.0,2,1,0,2,8,15,1,,4,MALLET (RUE LOUIS),0,,2,2,2,1,0,0,1,, -1,2,0,1,50,28,4,1,18,18033,2,3,1,3,MALLET (RUE LOUIS),47.08196,2.36404,16,2,2
202100027880,151Â 878,B01,1,1,1,0,8,-1,-1,-1, -1,-1,2021,38.0,2,1,0,2,7,0,0,,4,ST VINCENT                          (QU),0,,1,3,1,1,(1),(1),1,, -1,1,0,5,50,16,7,1,69,69381,2,3,0,3,SAINT VINCENT (Q),45.7684290886,4.8259946702,11,3,2
202100038083,133Â 588,A01,1,1,1,4,8,-1,-1,0,0,-1,2021,33.0,2,4,13,0,8,1,1,,3,25,-1,,2,2,0,1,19,(1),3,, -1,1,0,3,80,25,5,1,46,46219,1,1,0,6,labrugue,44.619463,1.371789,10,1,1
202100036240,136Â 905,B01,1,1,1,5,8,-1,-1,-1, -1,-1,2021,60.0,1,1,0,2,1,1,5,,4,MARCHANDEAU (AVENUE PAUL),0,,1,1,0,1,(1),(1),3,, -1,2,0,1,50,5,6,1,51,51454,2,6,0,3,Avenue Paul Marchandeau,49.24219,4.02456,8,2,2
202100028715,150Â 392,A01,1,1,2,5,2,6,-1,0,0,-1,2021,56.0,1,1,0,0,7,13,1,,3,81,-1,,2,2,0,1,82,200,3,, -1,1,0,1,80,16,7,1,201,201203,1,1,0,7,RD 81,42.291152,8.678963,14,1,1
202100010233,183Â 420,A01,1,1,1,5,2,-1,-1,0,0,-1,2021,63.0,0,1,0,2,1,26,1,,3,102,0,D,2,2,0,1,(1),(1),2,, -1,1,0,1,80,31,10,1,38,38376,1,1,0,1,400 Route de Saint Laurent du Pont,45.426431,5.775257,15,2,2
202100050628,111Â 193,B01,1,1,1,0,2,6,-1,0,0,-1,2021,52.0,1,1,0,2,1,1,1,,3,19,-1,,2,2,0,1,30,300,1,, -1,1,0,1,50,22,2,1,70,70421,2,3,0,3,Rue de la Rezelle,47.689782,6.040919,14,2,2
202100008422,186Â 685,B01,1,1,1,2,1,-1,-1,0,0,-1,2021,18.0,1,2,0,2,3,16,1,,3,125,0,,2,2,0,3,0,480,1,, -1,2,5,1,50,12,11,5,27,27016,2,2,0,1,Rue Henri RÃ©my,49.2496515208,1.4362409444,18,6,2
202100029908,148Â 343,B01,1,1,1,5,8,-1,-1,0,0,-1,2021,81.0,2,0,0,2,8,15,3,,2,94,0,N,2,2,0,1,129,411,2,, -1,1,0,1,80,10,7,1,5,5052,1,3,0,3,RN94,44.669076,6.61845,17,3,2
202100053064,106Â 869,B01,1,1,1,9,8,-1,-1,0,0,-1,2021,71.0,3,1,0,2,1,2,5,,4,EUROPE (Boulevard de l'),0,,2,2,1,1,(1),(1),3,, -1,1,0,5,50,29,1,1,26,26198,2,1,0,3,68 Boulevard de lâEurope,44.54225,4.75359,14,2,2
202100038876,132Â 137,B01,1,1,1,1,8,0,-1,-1, -1,-1,2021,19.0,3,1,0,2,7,1,5,,4,ROND POINT BUTTE CITRONNELLE,0,,1,2,1,1,0,0,3,, -1,1,0,1,50,20,5,1,974,97407,2,1,0,3,ROND POINT BUTTE CITRONNELLE,-20.93169,55.29684,8,2,2
202100012838,178Â 775,B01,2,2,2,5,1,0,-1,-1, -1,-1,2021,34.0,1,2,0,2,2,15,1,,4,WAGNER (BOULEVARD RICHARD),0,,3,2,0,1,(1),(1),1,, -1,1,5,1,50,15,10,5,37,37261,2,3,0,3,WAGNER (BOULEVARD RICHARD),47.3768828614,0.7133978605,19,3,2
202100007957,187Â 508,A01,10,3,1,0,0,-1,-1,4,3,1,2021,13.0,3,2,0,1,8,1,1,,4,BRILLIER(COUR),0,,3,5,0,1,(1),(1),1,, -1,1,9,1,50,23,5,1,38,38544,2,1,0,6,Cours Brillier,45.5219,4.87178,15,2,1
202100017517,170Â 311,A01,1,1,1,0,2,6,-1,-1, -1,-1,2021,29.0,-1,1,0,2,1,1,1,,3,BRIAND (AV. ARISTIDE) 2A 132,0,,-1,4,0,1,0,1,1,, -1,1,0,1,50,22,9,1,93,93057,2,2,0,3,Allee Louis Calmanovic,48.909311,2.503287,10,2,2
202100027803,152Â 016,A01,1,1,1,5,0,-1,-1,0,0,-1,2021,59.0,3,1,0,0,0,1,5,,4,,-1,,2,2,1,2,(1),(1),1,,"5,5",2,0,5,-1,4,7,1,51,51030,1,1,0,7,Veloroute du Canal LatÃ©ral Ã  la Marne,49.042986,4.041287,14,1,1
202100013867,176Â 915,B01,1,1,2,1,2,6,-1,-1, -1,-1,2021,62.0,0,1,0,2,4,2,1,,4,RTE DE SAINT SIMON,0,,3,2,0,1,(1),(1),1,, -1,1,9,1,50,7,10,1,31,31555,2,1,0,2,RTE DE SAINT SIMON,43.58586,1.40395,14,2,2