Num_Acc,id_vehicule,num_veh,place,catu,sexe,trajet,secu1,secu2,secu3,locp,actp,etatp,year_acc,victim_age,senc,catv,obs,obsm,choc,manv,motor,occutc,catr,voie,v1,v2,circ,nbv,vosp,prof,pr,pr1,plan,lartpc,larrout,surf,infra,situ,vma,jour,mois,lum,dep,com,agg_,int,atm,col,adr,lat,long,hour,nb_victim,nb_vehicules
202100009224,185Â 227,A01,1,1,1,0,1,-1,-1,-1, -1,-1,2021,40.0,1,2,0,2,1,26,1,,3,D485,0,,-1,6,0,1,2,99,1,, -1,1,0,1,50,5,11,5,76,76217,1,6,0,4,D485,49.92275,1.11122,17,3,3
202100018237,169Â 010,A01,1,1,2,5,2,-1,-1,0,0,-1,2021,63.0,2,1,0,2,4,1,5,,3,180,0,D,2,2,0,4,2,287,3,, -1,2,0,1,80,18,9,1,56,56140,1,1,1,4,Le Bourgneuf,47.936759,-2.809005,9,3,3
202100049054,114Â 073,A01,2,2,1,2,2,0,-1,-1, -1,-1,2021,18.0,1,1,0,0,0,26,0,,3,RD 41 (ROCADE),0,,3,4,0,1,1,200,2,, -1,1,0,1,60,4,3,1,972,97209,1,1,0,6,RD 41 (ROCADE),14.61679,-61.06019,10,2,1
202100038177,133Â 408,B01,1,1,1,1,2,0,-1,-1, -1,-1,2021,19.0,1,1,0,2,1,1,5,,4,SAINT MARC (RUE ),0,,2,2,0,1,(1),(1),1,, -1,2,0,1,50,26,5,1,45,45234,2,1,1,3,26 Rue Saint Marc,47.9047539284,1.9227960741,8,2,2
202100051880,108Â 964,A01,1,1,1,0,8,0,-1,-1, -1,-1,2021,30.0,1,1,0,2,4,26,5,,2,RN4 - SECTION RIVIERA,0,,-1,2,0,1,(1),(1),1,, -1,1,0,1,70,9,2,1,971,97113,1,1,0,5,RN4 - SECTION RIVIERA,16.21792,-61.48789,15,3,3
202100021525,163Â 166,A01,1,1,1,5,0,-1,-1,0,0,-1,2021,34.0,2,1,16,0,9,1,1,,3,937,0,D,2,2,0,1,27,150,3,, -1,1,0,3,80,2,9,3,2,2599,1,1,0,7,D937,49.566809,3.251567,1,1,1
202100012353,179Â 639,A01,1,1,1,0,2,6,-1,-1, -1,-1,2021,47.0,2,1,0,2,2,3,1,,1,AUTOROUTE A6A,0,,1,3,0,1,1,149,1,, -1,1,0,1,90,19,10,2,94,94003,1,1,0,3,AUTOROUTE A6A,48.8097,2.3388,19,2,2
202100043166,124Â 510,A01,2,2,2,0,1,0,-1,-1, -1,-1,2021,18.0,3,2,0,2,3,17,1,,7,RD 37,0,,3,4,0,1,(1),(1),1,, -1,1,0,1,90,20,4,1,37,37261,1,1,0,3,RD 37,47.3698223557,0.6545362472,18,5,2
202100041018,128Â 299,A01,9,2,2,5,3,-1,-1,0,0,-1,2021,3.0,1,2,0,2,3,19,1,,9,20,-1,,2,2,0,1,132,700,1,, -1,1,0,1,50,8,5,1,202,202148,2,6,0,1,"T20, lieu dit casamozza",42.520273,9.439954,9,3,2
202100023388,159Â 812,B01,1,1,2,1,1,-1,-1,-1, -1,-1,2021,33.0,2,2,0,2,4,1,1,,1,A7   15.770 A 20.110,0,,3,6,0,1,18,800,1,, -1,1,0,1,110,19,8,1,69,69297,1,1,0,2,A7,45.59901,4.79587,7,3,2
202100053931,105Â 346,A01,10,3,1,2,0,-1,-1,3,3,1,2021,18.0,1,2,0,1,1,1,1,,3,CARTIAUX (RUE GEORGES........),0,,2,2,0,2,15,790,1,, -1,2,0,1,50,14,1,1,62,62139,2,1,1,6,CARTIAUX (RUE GEORGES........),50.72567,2.27819,10,2,1
202100052597,107Â 708,B01,1,1,1,9,2,6,-1,-1, -1,-1,2021,29.0,3,1,0,2,1,1,1,,3,986,0,,2,2,0,1,0,0,1,, -1,1,0,1,50,3,2,1,92,92025,2,2,0,3,AGENT SARRE (AV DE L'),48.924839708,2.2666114569,11,2,2
202100015579,173Â 838,A01,4,2,1,2,1,0,-1,-1, -1,-1,2021,5.0,1,2,0,2,2,1,1,,4,STRAUSS (RUE JOHANN),0,,2,6,0,1,(1),(1),1,, -1,1,0,1,30,1,10,1,37,37261,2,2,0,3,STRAUSS (RUE JOHANN),47.3683312815,0.7102780381,7,3,2
202100012102,180Â 082,B01,1,1,1,1,2,-1,-1,0,0,-1,2021,35.0,1,1,0,2,1,1,1,,3,88,-1,,2,2,0,3,4,800,1,, -1,1,5,1,80,26,8,1,85,85213,1,3,0,3,D88/ Rte de l'imbretiÃ¨re,46.628575,-1.32411,16,2,2
202100017938,169Â 561,A01,1,1,1,0,1,-1,-1,0,0,-1,2021,31.0,2,2,16,0,9,13,1,,3,942,0,D,3,2,0,2,21,950,2,, -1,1,0,8,90,15,9,3,87,87089,1,1,0,7,La Sagne Barrat,46.206259,1.117231,20,1,1
202100055985,101Â 819,A01,1,1,2,0,1,-1,-1,0,0,-1,2021,24.0,1,2,0,0,4,2,1,,3,12,-1,,2,2,0,2,(1),(1),3,, -1,1,0,1,80,8,1,1,9,9312,1,1,0,2,D12,43.092467,1.681552,10,3,2
202100049669,112Â 958,A01,2,2,1,5,8,0,-1,-1, -1,-1,2021,15.0,1,1,0,2,1,15,3,,4,MARECHAL JOFFRE (AV DU),0,,2,2,0,1,1,0,1,, -1,1,0,1,30,28,2,1,94,94058,2,3,0,3,MARECHAL JOFFRE (AV DU),48.84041,2.51014,15,3,2
202100052483,107Â 908,B01,1,1,1,5,1,-1,-1,0,0,-1,2021,26.0,3,2,0,2,3,1,1,,4,177,0,D,2,2,0,1,(1),(1),1,, -1,1,0,1,80,6,2,2,35,35155,1,1,1,1,Le Pont Robert,47.8605462,-1.8856224,18,2,2
202100050074,112Â 232,B01,1,1,1,9,2,6,-1,-1, -1,-1,2021,43.0,1,1,4,0,0,7,1,,3,JEAN-JAURES (BD),0,,2,2,2,1,0,1,1,, -1,1,0,1,50,26,2,1,93,93070,2,1,0,3,JEAN-JAURES (BD),48.91473,2.33714,15,2,2
202100030769,146Â 762,A01,4,2,1,5,8,-1,-1,-1, -1,-1,2021,36.0,3,2,14,0,1,1,0,,4,CROIX ROUSSE (DE LA)                (BD),0,,2,3,0,1,(1),(1),1,, -1,1,0,1,50,27,6,5,69,69381,2,1,0,6,CROIX ROUSSE (DE LA) (BD),45.77426,4.83058,3,3,1
202100047937,116Â 051,A01,10,3,1,0,0,-1,-1,2,3,1,2021,17.0,1,2,0,1,1,1,1,,7,JOSEPH VALLIER (BOULEVARD),0,,3,5,0,1,56,750,1,, -1,2,5,1,50,15,3,1,38,38185,2,1,1,6,Boulevard Joseph Vallier,45.18019,5.71524,9,2,1
202100033773,141Â 402,B01,1,1,2,0,2,8,-1,-1, -1,-1,2021,38.0,1,1,0,2,7,16,1,,2,ROUTE NATIONALE 1,0,,1,-1,0,2,3,0,1,, -1,1,5,1,90,17,6,1,973,97302,2,6,0,3,MARINGOUINS (ROND-POINT),4.90701,-52.32231,14,3,2
202100009314,185Â 055,A01,1,1,1,1,2,0,-1,-1, -1,-1,2021,33.0,3,1,0,2,1,2,0,,4,HENRI BARBUSSE (RUE),0,,1,1,0,1,0,0,1,, -1,1,0,1,50,5,11,5,93,93005,2,2,0,3,HENRI BARBUSSE (RUE),48.9291669698,2.489367598,22,2,2
202100010928,182Â 193,A01,1,1,1,1,2,6,-1,0,0,-1,2021,48.0,1,1,0,0,7,12,1,,4,BOULEVARD PERIPHERIQUE,0,,1,3,0,1,4,800,1,, -1,1,0,1,70,26,10,2,75,75114,2,1,0,7,BOULEVARD PERIPHERIQUE,48.818788,2.331743,19,1,1
202100036095,137Â 161,A01,1,1,1,4,2,6,-1,0,0,-1,2021,32.0,1,1,0,2,1,1,3,,4,BOULEVARD D ALGERIE,0,,2,4,0,1,(1),(1),1,, -1,1,0,1,50,6,6,1,75,75119,2,1,0,2,BOULEVARD D ALGERIE,48.879958,2.400624,18,2,2
202100044317,122Â 453,A01,10,3,1,5,0,-1,-1,4,3,1,2021,87.0,1,1,0,1,1,1,1,,3,BRIAND AVENUE ARISTIDE AUTRES NÂ°,0,,3,4,1,1,0,1,1,, -1,1,5,1,50,12,4,1,92,92049,2,2,0,6,BRIAND AVENUE ARISTIDE AUTRES NÂ°,48.817473092,2.3254537582,16,2,1
202100053547,106Â 004,A01,1,1,1,0,1,0,-1,-1, -1,-1,2021,37.0,1,2,0,2,8,13,1,,1,AUTOROUTE A3,0,,3,8,0,3,3,0,1,, -1,2,0,1,70,27,1,1,93,93063,1,1,1,3,AUTOROUTE A3,48.87786,2.44593,15,3,2
202100050150,112Â 080,A01,1,1,1,0,2,8,-1,-1, -1,-1,2021,64.0,1,1,0,2,1,9,1,,2,FOLIE (ROUTE DE LA),0,,1,1,0,1,0,0,1,, -1,1,0,1,30,24,2,1,972,97209,2,1,0,2,FOLIE (ROUTE DE LA),14.60684,-61.06651,12,2,2
202100018942,167Â 786,B01,1,1,1,0,2,0,-1,0,0,-1,2021,65.0,1,1,0,2,1,9,5,,4,PREVOST (RUE ABBE),0,,2,2,0,1,(1),(1),1,, -1,1,0,1,50,11,9,1,63,63113,2,2,0,3,PREVOST/ dr Hospital,45.7932,3.08674,11,2,2
202100021951,162Â 388,A01,10,3,1,5,0,-1,-1,2,5,1,2021,53.0,2,1,0,1,1,1,1,,4,AVENUE DENFERT ROCHEREAU,0,,2,3,0,1,(1),(1),1,, -1,1,0,1,50,29,8,1,75,75114,2,7,0,6,AVENUE DENFERT ROCHEREAU,48.834946,2.332987,11,2,1
202100046101,119Â 354,A01,1,1,2,0,1,0,-1,-1, -1,-1,2021,54.0,3,2,0,2,1,1,1,,3,ATLANTIQUE  AVENUE DE L',0,,2,4,0,1,37,800,1,, -1,1,0,1,90,29,3,1,49,49007,1,1,0,4,ATLANTIQUE  AVENUE DE L',47.4647447026,-0.5748203316,14,3,3
202100055058,103Â 396,B01,1,1,1,5,2,0,-1,-1, -1,-1,2021,27.0,2,1,0,2,7,1,1,,4,CAPELETTE (AVENUE DE LA),0,,-1,2,0,1,0,0,1,, -1,1,0,1,50,13,1,1,13,13210,2,1,0,3,CAPELETTE (AVENUE DE LA),43.2791,5.41208,8,2,2
202100044830,121Â 582,B01,1,1,1,1,2,0,-1,-1, -1,-1,2021,61.0,2,1,0,2,6,2,1,,4,SAKAKINI (BOULEVARD),0,,2,4,0,1,(1),(1),1,, -1,1,0,1,50,7,4,2,13,13205,2,1,0,2,SAKAKINI (BOULEVARD),43.295489,5.400385,6,2,2
202100049727,112Â 861,A01,1,1,1,5,1,-1,-1,0,0,-1,2021,22.0,2,2,7,2,7,19,1,,3,50,0,D,2,2,0,1,13,50,1,, -1,1,0,1,80,2,3,1,62,62861,1,2,0,3,La Gueule d'Ours,50.377791,2.850448,12,2,2
202100015186,174Â 565,A01,2,2,2,5,0,-1,-1,0,0,-1,2021,21.0,0,2,6,0,0,6,1,,3,152,-1,,2,2,0,1,3,100,4,, -1,1,0,3,50,2,10,5,69,69270,2,1,0,7,HENRI VALENCIN (R),45.633561,4.93962,23,2,1
202100010881,182Â 278,A01,1,1,2,0,1,0,-1,0,0,-1,2021,66.0,2,2,0,2,1,19,1,,7,LAVOISIERS (BD),0,,1,3,0,1,(1),(1),1,, -1,1,0,1,50,22,10,1,63,63113,2,2,0,3,LAVOISIERS (BD),45.784,3.07614,12,2,2
202100015336,174Â 296,B01,1,1,2,0,1,0,-1,-1, -1,-1,2021,56.0,1,2,0,2,4,0,1,,4,SECRETAIN (AVENUE ROGER),0,,3,2,0,1,1,0,1,, -1,2,0,1,70,2,10,1,45,45234,2,1,1,3,SECRETAIN (AVENUE ROGER),47.88049,1.90665,17,2,2
202100029343,149Â 316,A01,2,2,2,9,8,0,-1,-1, -1,-1,2021,19.0,1,2,1,0,3,13,1,,3,986,0,,2,2,0,1,0,0,1,, -1,2,0,1,50,12,7,1,92,92050,2,1,0,6,REPUBLIQUE AVENUE DE LA,48.9126751193,2.224766314,17,2,1
202100037227,135Â 139,B01,1,1,1,4,2,0,-1,-1, -1,-1,2021,21.0,2,1,0,2,1,1,3,,7,HUGO VICTOR RUE,0,,2,2,0,1,(1),(1),2,, -1,1,0,1,50,29,4,5,59,59350,2,4,0,3,HUGO VICTOR RUE,50.6278,3.01316,20,2,2
202100018517,168Â 534,A01,10,3,1,5,8,8,-1,6,1,1,2021,41.0,0,2,0,1,7,9,1,,4,BORDEAUX (SENTE DE),0,,2,-1,0,1,(1),(1),1,, -1,1,0,1,50,16,9,1,27,27229,2,1,0,6,BORDEAUX (SENTE DE),49.01613,1.16043,7,2,1
202100037195,135Â 196,B01,4,2,1,9,1,8,-1,-1, -1,-1,2021,3.0,2,2,0,2,1,1,1,,3,CROIX DE SIX (RUE DE LA),0,,2,2,0,1,48,885,1,, -1,2,0,1,50,4,5,1,77,77482,2,1,1,1,CROIX DE SIX (RUE DE LA),48.37136,2.95789,14,3,2
202100027497,152Â 577,B01,1,1,2,9,1,-1,-1,-1, -1,-1,2021,31.0,3,2,0,2,4,1,1,,4,DOCTEUR COBLOD (DU)                 (BD),0,,2,2,0,2,(1),(1),1,, -1,1,0,1,50,22,7,1,69,69259,2,1,0,4,BERLIET (PT),45.70226,4.89263,16,3,3
202100012530,179Â 316,A01,1,1,2,1,0,-1,-1,0,0,-1,2021,31.0,3,6,0,2,5,15,1,,4,,-1,,2,1,0,1,(1),(1),2,,3,1,0,1,50,25,8,1,32,32027,1,3,0,3,Chemin de Miqueou,43.682026,-0.167316,10,2,2
202100050054,112Â 269,A01,10,3,2,5,0,-1,-1,4,3,2,2021,24.0,3,1,0,1,1,1,1,,4,QUAI SAINT MICHEL,0,,1,4,1,1,(1),(1),1,, -1,1,0,1,50,25,2,1,75,75105,2,5,0,6,QUAI SAINT MICHEL,48.853758,2.344283,16,3,1
202100021874,162Â 531,A01,1,1,2,5,1,-1,-1,0,0,-1,2021,29.0,1,2,0,2,3,13,1,,3,4,0,N,2,2,0,1,12,200,1,, -1,1,0,1,80,31,8,1,973,97309,1,1,0,1,Route de la Matourienne,4.88417,-52.290051,12,5,2
202100053074,106Â 854,A01,1,1,1,4,2,6,-1,0,0,-1,2021,45.0,1,1,0,0,3,11,1,,4,PORTE DE BAGNOLET,0,,-1,4,0,1,29,700,1,, -1,2,0,1,70,30,1,1,75,75120,2,1,0,7,PORTE DE BAGNOLET,48.866049,2.413204,11,1,1
202100054173,104Â 913,A01,1,1,1,0,1,0,-1,-1, -1,-1,2021,47.0,1,2,6,0,2,14,1,,2,RN13,0,,1,4,0,1,8,300,1,, -1,1,0,1,70,22,1,1,92,92051,1,1,0,6,RN13,48.8859519088,2.2570359707,13,1,1
202100032597,143Â 508,A01,2,2,2,5,1,-1,-1,0,0,-1,2021,64.0,2,2,0,2,1,2,1,,1,9,-1,,3,4,0,1,69,500,1,, -1,1,0,1,130,24,6,1,30,30344,1,1,0,2,"Autoroute A9, Point kilomÃ©trique 069.500",43.748653,4.207377,10,4,2
202100020296,165Â 358,A01,10,3,1,0,0,-1,-1,1,5,3,2021,11.0,1,2,0,1,3,1,1,,7,AV JEAN CHAUBET,0,,2,2,0,4,37,537,1,, -1,1,0,1,50,6,9,1,31,31555,2,1,0,6,AV JEAN CHAUBET,43.6051915478,1.4795333147,17,2,1
202100021177,163Â 809,A01,1,1,1,5,2,6,-1,0,0,-1,2021,23.0,2,1,4,0,1,1,1,,7,108,0,,2,2,2,3,55,(1),2,, -1,1,0,5,80,4,9,1,21,21390,1,1,0,6,108,47.284036,4.979483,16,1,1
202100022097,162Â 126,A01,2,2,2,5,1,0,-1,-1, -1,-1,2021,28.0,1,2,8,0,1,13,1,,4,FONTAINE DU LOUP  CHEMIN DE LA,0,,2,1,0,1,0,0,1,, -1,1,0,4,30,28,8,5,13,13098,2,1,0,1,FONTAINE DU LOUP  CHEMIN DE LA,43.45582,5.01828,2,2,1
202100042187,126Â 217,B01,1,1,1,1,2,-1,-1,-1, -1,-1,2021,46.0,1,1,0,2,8,12,5,,4,RUE DE ROME,0,,2,2,0,2,(1),(1),1,, -1,1,0,1,50,28,4,1,33,33032,2,3,0,6,Rue de Rome,44.896299,-0.520196,16,2,2
202100017493,170Â 355,B01,1,1,1,4,2,0,-1,0,0,-1,2021,47.0,1,1,0,2,4,23,1,,4,AVENUE DE VERSAILLES,0,,1,4,0,1,(1),(1),1,, -1,1,0,1,30,22,9,5,75,75116,2,4,0,2,AVENUE DE VERSAILLES,48.8381831218,2.2582026453,0,2,2
202100025496,156Â 091,A01,1,1,2,0,8,0,-1,-1, -1,-1,2021,27.0,3,2,0,2,8,10,1,,4,CHAPIT RE ( RUE DU),0,,1,1,0,1,(1),(1),1,, -1,1,0,1,50,5,8,1,93,93073,2,4,0,3,Rue du Chapitre,49.0018793383,2.5370355151,12,2,2
202100039201,131Â 553,A01,1,1,1,5,2,6,-1,0,0,-1,2021,57.0,1,1,0,2,6,11,1,,1,7,-1,,2,3,0,1,202,108,1,, -1,1,0,1,130,21,5,1,13,13018,1,1,0,3,Autoroute A7 PK 202+108 sens NORD/SUD,43.862938,4.972966,14,5,3
202100039452,131Â 089,A01,8,2,2,2,8,0,-1,-1, -1,-1,2021,17.0,3,3,0,0,0,1,1,3.0,4,GRAMMONT (AVENUE DE),0,,1,4,3,1,0,0,1,, -1,1,0,1,50,17,5,1,37,37261,2,1,0,7,GRAMMONT (AVENUE DE),47.3818900343,0.6922340244,18,3,1
202100045299,120Â 751,B01,1,1,1,5,2,6,-1,0,0,-1,2021,47.0,2,1,0,2,1,1,1,,3,512,-1,,2,2,0,2,8,150,1,, -1,1,0,1,90,4,4,1,14,14726,1,2,0,2,Impasse du Hamel aux Durands,48.853972,-0.657055,19,2,2
202100055119,103Â 287,A01,1,1,2,2,8,-1,-1,0,0,-1,2021,35.0,1,2,0,2,0,1,1,,3,62,0,,2,2,0,2,6,400,4,, -1,1,0,1,80,14,1,1,202,202188,1,1,0,1,Route du Lancone,42.604716,9.38623,9,2,2
202100047382,117Â 077,A01,1,1,1,1,2,0,-1,0,0,-1,2021,28.0,1,1,0,2,1,2,1,,4,PORTE DE PANTIN,0,,1,4,0,1,25,900,1,, -1,2,0,1,70,18,3,5,75,75119,2,1,1,2,PORTE DE PANTIN,48.896021,2.394351,22,2,2
202100055640,102Â 398,A01,2,2,1,5,1,-1,-1,0,0,-1,2021,5.0,3,2,0,0,1,0,1,,3,238,-1,D,2,2,0,2,5,800,3,, -1,1,0,3,80,10,1,1,7,7217,1,1,0,7,Route la Raviscole,45.054814,4.772884,16,2,1
202100031027,146Â 278,B01,1,1,2,5,8,0,-1,-1, -1,-1,2021,18.0,1,1,0,2,1,1,5,,4,CARNOT,0,,-1,1,1,1,0,0,1,, -1,2,0,5,30,3,7,1,64,64445,2,2,0,3,CARNOT,43.29976,-0.36999,10,2,2
202100009092,185Â 454,A01,10,3,2,5,0,-1,-1,2,3,1,2021,74.0,1,2,0,1,1,1,2,,4,DOMREMY (PLACE),0,,1,1,0,1,(1),(1),1,, -1,1,0,1,50,6,11,3,45,45234,2,7,0,6,Place Domremy,47.88966,1.90521,18,2,1
202100053222,106Â 603,A01,10,3,1,5,0,-1,-1,3,3,1,2021,76.0,1,2,0,1,1,1,1,,4,,0,,2,-1,0,1,1,0,1,, -1,1,0,1,50,28,1,1,14,14118,2,1,0,6,Rue du Chemin Vert,49.18959,-0.39038,8,2,1
202100001892,198Â 414,A01,10,3,2,2,0,-1,-1,2,3,1,2021,13.0,3,2,0,1,1,1,3,,7,ANCIENS COMBATTANTS (avenue des),0,,2,2,0,1,0,0,1,, -1,1,0,1,50,17,12,1,13,13026,2,1,0,6,ANCIENS COMBATTANTS (avenue des),43.37928,5.17196,16,2,1
202100010481,182Â 989,A01,10,3,2,1,0,-1,-1,3,3,1,2021,36.0,1,2,0,1,1,26,1,,3,AV FRANCOIS MITTERRAND,0,,3,2,0,1,(1),(1),1,, -1,1,0,8,50,28,10,1,91,91027,2,1,0,6,AV FRANCOIS MITTERRAND,48.70583,2.37111,8,2,1
202100037528,134Â 585,A01,1,1,1,0,2,6,9,0,0,-1,2021,37.0,0,1,16,0,0,21,1,,4,,-1,,2,2,0,1,(1),(1),1,, -1,2,0,1,50,26,5,1,44,44035,2,1,1,7,Rue du Vivier,47.327959,-1.562397,7,1,1
202100022210,161Â 946,A01,10,3,1,0,0,-1,-1,1,9,1,2021,74.0,0,2,0,1,4,26,1,,6,DE LATTRE DE TASSIGNY (BLD DU MARECHAL),0,,-1,0,0,1,1,0,1,, -1,1,0,1,50,27,8,1,71,71306,2,9,0,6,Boulevard de Lattre de Tassigny,46.6771662863,4.369882498,10,2,1
202100030383,147Â 455,A01,10,3,2,4,0,-1,-1,9,B,1,2021,41.0,1,2,0,1,4,26,0,,6,INTERMARCHE (RUE DU GORD),0,,-1,1,3,1,0,0,1,, -1,1,9,6,30,6,7,1,28,28085,2,9,0,2,INTERMARCHE (RUE DU GORD),48.43222,1.4935,10,2,1
202100003190,196Â 068,A01,2,2,2,5,1,-1,-1,0,0,-1,2021,83.0,2,2,0,2,1,15,1,,3,907,-1,,2,2,0,1,3,100,1,, -1,2,0,1,90,15,12,1,3,3033,1,2,1,1,D907,46.18812,3.48713,15,3,2
202100048536,114Â 996,C01,1,1,2,5,1,0,-1,0,0,-1,2021,35.0,1,2,0,0,4,23,1,,4,TORPILLEUR SIROCCO (RUE DU),0,,2,2,0,1,(1),(1),1,, -1,1,0,1,50,9,3,1,63,63113,2,3,0,4,TORPILLEUR SIROCCO (RUE DU),45.81188,3.10723,11,3,3
202100029253,149Â 468,A01,1,1,1,4,1,-1,-1,-1, -1,-1,2021,19.0,2,2,0,0,9,1,1,,1,AUTOROUTE A15,0,,3,8,0,1,8,399,1,, -1,2,0,1,90,13,7,1,95,95582,1,1,1,7, A15,48.96655,2.25597,15,1,1
202100053640,105Â 849,B01,1,1,2,0,8,0,-1,-1, -1,-1,2021,27.0,1,0,0,0,6,1,3,,3,JEAN JAURES (AVENUE) (2/74),0,,3,2,1,1,0,1,1,, -1,1,0,5,50,26,1,3,93,93055,2,1,0,2,JEAN JAURES (AVENUE) (2/74),48.9017093689,2.3900823946,18,2,2
202100031247,145Â 891,B01,1,1,2,1,2,6,-1,0,0,-1,2021,48.0,1,1,0,2,8,16,1,,3,47,-1,,2,2,0,1,(1),(1),1,, -1,1,0,1,80,28,6,1,14,14621,2,4,0,3,D47,49.044275,0.361476,12,2,2
202100033861,141Â 236,B01,1,1,1,5,2,0,-1,-1, -1,-1,2021,17.0,3,1,0,2,2,0,1,,4,BOUGAINVILLE (RUE),0,,2,2,0,2,0,0,1,, -1,1,0,1,50,16,6,1,13,13028,2,3,0,3,GASSION (AVENUE FERNAND ),43.18255,5.60544,18,2,2
202100027324,152Â 881,A01,1,1,2,5,1,-1,-1,-1, -1,-1,2021,36.0,2,2,15,0,2,14,1,,4,MOULIN CARRON                   CH,0,,2,2,0,1,(1),(1),1,, -1,1,0,3,50,22,7,1,69,69081,2,1,0,6,MOULIN CARRON (CHM),45.79069,4.77802,11,1,1
202100048097,115Â 781,A01,10,3,2,2,0,-1,-1,3,7,1,2021,13.0,1,5,0,1,3,1,1,,3,CD58,-1,,2,2,0,1,1,(1),1,, -1,1,0,1,30,15,3,1,22,22273,2,1,0,6,Rue des Jonquilles,48.558388,-2.534065,17,2,1
202100006638,189Â 923,A01,10,3,1,0,0,-1,-1,3,2,1,2021,83.0,2,4,0,1,3,1,1,,3,RN 225,0,,3,1,0,1,1,0,1,, -1,1,0,1,50,23,11,2,59,59183,2,1,0,6,RN 225,51.0208459821,2.3182439804,7,2,1
202100010865,182Â 305,A01,1,1,1,1,0,-1,-1,-1, -1,-1,2021,19.0,3,1,0,2,1,19,3,,4,GUINEE (QUAI DE LA),0,,2,2,0,1,0,0,1,, -1,1,0,1,50,25,10,1,76,76351,2,3,0,3,GUINEE (QUAI DE LA),49.48856,0.12123,16,2,2
202100021027,164Â 076,A01,1,1,1,0,1,0,-1,-1, -1,-1,2021,75.0,1,2,14,0,1,1,1,,3,BAYONNE (AVENUE DE),0,,2,3,3,1,9,663,1,, -1,2,5,1,30,2,9,5,64,64024,2,9,1,7,Avenue de Bayonne,43.4806440983,-1.5140989423,21,2,1
202100023365,159Â 853,A01,1,1,1,4,0,-1,-1,0,0,-1,2021,19.0,1,2,2,0,1,1,1,,3,56,-1,,2,2,0,1,3,150,2,, -1,1,0,3,80,20,8,1,66,66055,1,1,0,6,Route de Nefiach,42.6675090857,2.6672268659,20,1,1
202100028367,150Â 999,A01,1,1,1,5,2,6,-1,0,0,-1,2021,19.0,1,1,0,2,1,5,1,,3,975,-1,,2,2,0,1,16,700,3,,4,1,5,1,30,19,7,1,71,71373,2,3,0,3,route des alpes,46.5026723975,5.0666026405,19,2,2
202100033320,142Â 209,A01,1,1,1,4,0,-1,-1,-1, -1,-1,2021,53.0,3,0,0,2,1,19,1,,4,VC,0,,2,2,0,1,(1),(1),1,, -1,1,0,1,50,14,6,1,78,78672,2,1,0,3,ORGEVAL ROUTE D',48.932156,1.990255,14,2,2
202100049394,113Â 468,A01,10,3,2,5,0,-1,-1,2,3,1,2021,87.0,1,2,0,1,1,20,1,,4,CARNOT ( QUAI),0,,1,1,2,1,(1),(1),1,, -1,2,0,1,50,3,3,1,29,29039,2,1,1,6,Quai Carnot,47.8755599217,-3.9153492451,11,2,1
202100052637,107Â 639,B01,1,1,2,1,1,8,-1,0,0,-1,2021,40.0,2,2,0,0,4,2,1,,1,Autoroute A 31,0,,3,4,0,1,271,0,1,, -1,4,0,1,110,3,2,3,54,54072,1,1,1,2,Autoroute A 31,48.852902,6.088999,8,2,2
202100000213,201Â 357,A01,10,3,1,5,0,-1,-1,1,1,1,2021,35.0,2,2,0,1,2,2,1,,3,1504,-1,,2,2,0,1,49,1382,3,, -1,1,0,1,80,2,12,3,1,1034,1,1,1,6,D 1504,45.763826,5.704544,1,3,1
202100001729,198Â 697,B01,3,2,2,0,1,0,-1,-1, -1,-1,2021,1.0,0,2,0,0,4,23,6,,3,HENRI BARNIER (BOULEVARD),0,,1,2,0,1,(1),(1),1,, -1,1,9,1,50,22,12,2,13,13215,2,1,0,2,HENRI BARNIER (BOULEVARD),43.3678367562,5.3441087702,17,5,2
202100018514,168Â 540,B01,1,1,1,0,2,6,-1,-1, -1,-1,2021,63.0,1,1,0,2,1,0,1,,1,AUTOROUTE A6B,0,,1,4,0,1,5,143,1,, -1,1,3,1,90,17,9,1,94,94038,1,1,0,2,AUTOROUTE A6B,48.7723543881,2.3459809284,18,2,2
202100004177,194Â 286,A01,10,3,1,0,0,-1,-1,1,5,2,2021,10.0,1,2,0,1,2,1,1,,3,,0,,3,2,0,1,(1),(1),1,, -1,1,0,1,50,8,12,1,976,97615,2,1,0,6,Boulevard FranÃ§ois Mitterrand,-12.792373,45.278671,18,2,1
202100028088,151Â 499,B01,2,2,2,0,1,8,-1,-1, -1,-1,2021,26.0,1,2,0,2,0,2,1,,2,RN1-  HAUTEUR DE SORTIE LAURICISQUE,0,,1,3,0,1,(1),(1),1,, -1,1,2,1,80,18,7,1,971,97101,1,9,0,4,sortie Lauricisque,16.25365,-61.54879,17,4,3
202100033638,141Â 640,B01,1,1,2,1,2,0,-1,0,0,-1,2021,35.0,2,1,0,2,1,1,5,,4,BOULEVARD AUGUSTE BLANQUI,0,,3,1,1,2,(1),(1),1,, -1,1,0,5,50,18,6,1,75,75113,2,1,0,3,BOULEVARD AUGUSTE BLANQUI,48.831076,2.343172,12,2,2
202100006150,190Â 819,A01,1,1,1,3,0,-1,-1,0,0,-1,2021,54.0,2,2,2,0,1,1,1,,3,953,0,,2,2,0,2,12,400,3,, -1,1,0,3,80,26,11,3,4,4166,1,1,0,6,RD 953,43.840933,6.105437,19,1,1