Num_Acc,id_vehicule,num_veh,place,catu,sexe,trajet,secu1,secu2,secu3,locp,actp,etatp,year_acc,victim_age,senc,catv,obs,obsm,choc,manv,motor,occutc,catr,voie,v1,v2,circ,nbv,vosp,prof,pr,pr1,plan,lartpc,larrout,surf,infra,situ,vma,jour,mois,lum,dep,com,agg_,int,atm,col,adr,lat,long,hour,nb_victim,nb_vehicules
202100021439,163Â 321,B01,10,3,1,5,0,-1,-1,5,B,2,2021,88.0,1,1,0,2,8,1,1,,4,ALSACE LORRAINE (BOULEVARD),0,,2,2,0,1,0,0,1,, -1,1,0,1,30,31,8,1,64,64102,2,3,0,3,ALSACE LORRAINE (BOULEVARD),43.494241,-1.467643,17,3,2
202100039311,131Â 331,B01,10,3,1,0,8,8,-1,1,3,1,2021,15.0,1,2,0,1,2,19,3,,4,FRANCE (R. DE) A PARTIR DU NÂ° 66-91,0,,1,1,0,1,(1),(1),1,, -1,1,0,1,50,19,5,1,6,6088,2,1,0,6,FRANCE (R. DE) A PARTIR DU NÂ° 66-91,43.692021,7.246499,12,2,1
202100022583,161Â 252,A01,10,3,1,5,0,-1,-1,1,3,1,2021,15.0,1,1,0,2,1,20,1,,3,BD CHARLES DE GAULLE,0,,2,2,1,1,2,450,1,, -1,1,0,5,25,23,8,1,95,95582,2,1,0,6,RD 14,48.9718569506,2.2571716233,18,2,1
202100028286,151Â 132,B01,1,1,1,5,8,-1,-1,-1, -1,-1,2021,16.0,1,1,0,2,4,15,3,,4,EMILE ZOLA                          (R ),0,,2,2,3,1,(1),(1),1,, -1,1,0,1,50,18,7,1,69,69256,2,3,1,2,EMILE ZOLA (R),45.77666,4.92115,18,3,2
202100029384,149Â 254,A01,1,1,1,4,8,-1,-1,0,0,-1,2021,36.0,1,4,3,0,1,1,1,,1,A42,-1,,3,5,0,1,23,530,1,, -1,1,0,3,130,9,7,1,1,1032,1,1,0,6,A42,45.8626915245,5.1573689282,16,1,1
202100001115,199Â 775,A01,3,2,1,5,3,1,-1,0,0,-1,2021,0.0,3,2,0,2,7,1,1,,4,,-1,,2,2,0,1,(1),(1),3,,4,2,0,1,80,30,12,1,37,37123,1,1,0,1,rue de l'aurore,47.3755110684,0.3890229017,11,3,2
202100003776,195Â 013,A01,1,1,1,0,1,-1,-1,0,0,-1,2021,42.0,2,2,13,0,8,13,1,,3,34,0,D,2,2,0,2,12,625,3,, -1,2,0,3,80,10,12,3,25,25304,1,1,1,6,Rue du Docteur Quelet,47.43041,6.887741,23,1,1
202100023946,158Â 831,A01,1,1,1,0,8,-1,-1,0,0,-1,2021,38.0,3,2,0,2,1,5,1,,4,29,-1,,2,2,0,1,(1),(1),1,, -1,1,0,1,80,1,7,1,29,29201,1,1,0,1,Lieu Dit Kerouman Coz,48.41338,-4.71498,20,2,2
202100035361,138Â 502,A01,10,3,2,3,0,-1,-1,5,1,1,2021,72.0,1,2,0,1,3,1,1,,3,953,-1,,1,1,0,1,0,650,2,,3,1,5,3,50,10,6,1,82,82186,2,6,0,6,Allee du 4 Septembre,44.106522,0.892146,8,2,1
202100003324,195Â 821,A01,1,1,1,5,1,0,-1,-1, -1,-1,2021,51.0,2,2,0,2,1,2,1,,1,86,0,,3,3,0,1,10,399,1,, -1,1,0,1,90,11,12,3,92,92036,1,1,0,5,AUTOROUTE A86,48.9369901949,2.3179974325,18,3,3
202100023568,159Â 511,A01,2,2,1,5,2,8,-1,-1, -1,-1,2021,21.0,3,1,0,0,7,26,1,,4,PrÃ©sidents (carrefour des),0,,2,2,0,1,0,0,1,, -1,2,0,1,50,7,8,5,85,85194,2,1,1,6,PrÃ©sidents (carrefour des),46.48907,-1.76953,6,2,1
202100009157,185Â 343,B01,1,1,2,5,1,-1,-1,0,0,-1,2021,49.0,1,2,6,2,3,1,1,,3,12,0,D,2,2,0,1,37,237,1,, -1,1,0,1,80,5,11,3,31,31264,1,1,0,1,Route DÃ©partementale 12,43.35243,1.426989,20,3,2
202100014600,175Â 617,B01,1,1,1,2,8,-1,-1,-1, -1,-1,2021,23.0,2,1,0,2,1,2,5,,4,SAINT MAURICE (RUE),0,,1,1,0,1,(1),(1),1,, -1,1,0,5,30,7,10,1,51,51454,2,2,0,3,Rue Saint Maurice,49.2470794136,4.0415899984,7,2,2
202100041698,127Â 076,A01,10,3,1,0,0,-1,-1,2,2,3,2021,13.0,1,2,14,1,2,9,6,,3,8 MAI 45 (AVENUE DU 1 AU 182),0,,1,1,1,1,0,1,1,, -1,1,8,1,30,2,5,1,93,93007,2,1,0,6,8 MAI 45 (AVENUE DU 1 AU 182),48.9530644365,2.4423444271,11,2,1
202100056301,101Â 258,A01,10,3,2,3,0,-1,-1,3,3,2,2021,19.0,2,1,0,1,1,1,1,,7,612,-1,,1,1,0,1,0,23,3,, -1,1,5,1,50,4,1,2,34,34270,2,6,0,6,Route de Sete,43.583453,3.848702,17,3,1
202100035893,137Â 530,A01,1,1,1,5,2,8,-1,-1, -1,-1,2021,17.0,1,1,0,2,1,17,1,,4,CORPS FRANC POMMIES ET 49 RI DU,0,,2,3,1,1,0,0,1,, -1,1,0,1,50,7,6,1,64,64445,2,1,0,3,CORPS FRANC POMMIES ET 49 RI DU,43.30717,-0.3359,10,3,2
202100044648,121Â 910,D01,1,1,1,0,1,0,-1,-1, -1,-1,2021,27.0,1,2,0,2,4,1,1,,1,86,0,,3,7,0,1,9,500,1,, -1,1,0,1,90,9,4,1,92,92036,1,1,0,4,AUTOROUTE A86,48.93881,2.30688,13,6,4
202100055185,103Â 175,B01,1,1,1,9,8,0,-1,-1, -1,-1,2021,44.0,2,2,0,2,4,2,1,,4,FOUGERES (ROUTE DE),0,,2,2,2,1,(1),(1),1,, -1,1,0,1,50,13,1,2,35,35238,2,1,0,2,FOUGERES (ROUTE DE),48.12944,-1.64403,17,3,2
202100018057,169Â 356,A01,1,1,1,5,2,6,9,0,0,-1,2021,43.0,1,1,0,1,1,0,1,,2,7,-1,,2,3,0,1,71,700,1,, -1,2,0,1,80,18,9,3,26,26337,1,1,1,6,ROUTE NATIONALE 7,44.712449,4.802828,23,3,1
202100049183,113Â 839,B01,1,1,2,5,8,-1,-1,0,0,-1,2021,51.0,1,2,0,2,1,23,1,,4,910,-1,,3,3,0,3,(1),(1),1,, -1,1,0,1,50,5,3,1,37,37050,2,1,0,2,44 Avenue du Grand Sud,47.3448394682,0.7019836145,14,2,2
202100031440,145Â 546,A01,10,3,2,5,0,-1,-1,2,3,1,2021,6.0,0,2,0,1,3,26,1,,4,,0,,2,2,2,1,0,0,1,, -1,1,6,1,30,1,7,1,92,92048,2,3,0,6,MARECHAL LECLERC (AVENUE DU),48.7899441601,2.2237165196,19,2,1
202100008996,185Â 636,A01,1,1,1,5,2,6,-1,0,0,-1,2021,19.0,1,1,0,0,0,26,1,,3,34,-1,D,2,2,0,2,1,350,3,, -1,1,0,1,80,7,11,1,42,42067,1,1,0,7,Route du PilÃ¢t,45.344009,4.603261,16,1,1
202100023579,159Â 490,A01,1,1,2,0,1,0,-1,0,0,-1,2021,24.0,3,2,0,2,7,1,1,,7,MARTIN (RUE EUGENE),0,,2,2,0,1,(1),(1),1,, -1,1,5,1,50,18,8,5,63,63014,2,2,0,3,MARTIN (RUE EUGENE),45.75197,3.11812,5,2,2
202100020131,165Â 640,A01,2,1,1,0,8,0,-1,-1, -1,-1,2021,25.0,3,1,0,2,0,17,1,,4,GARE DE L'ABBAYE (AVENUE DE LA),0,,2,2,0,1,0,0,1,, -1,1,0,1,50,8,9,1,93,93005,2,1,0,3,Avenue de la Gare de lâAbbaye,48.923628,2.514231,18,2,2
202100041925,126Â 678,B01,1,1,1,5,2,0,-1,0,0,-1,2021,68.0,1,1,0,2,4,1,5,,4,BOULEVARD DE LA CHAPELLE,0,,1,3,1,1,(1),(1),3,, -1,1,0,5,50,30,4,1,75,75118,2,4,0,3,BOULEVARD DE LA CHAPELLE,48.884505,2.364212,9,2,2
202100038071,133Â 609,A01,1,1,1,1,2,-1,-1,0,0,-1,2021,26.0,1,1,0,2,3,1,1,,1,57,-1,A,3,4,0,1,9,600,2,, -1,1,0,1,110,27,5,1,83,83054,1,1,0,2,autoroute A57,43.1633959911,6.0510953673,18,2,2
202100011524,181Â 119,A01,1,1,1,9,2,8,-1,-1, -1,-1,2021,39.0,1,1,0,2,8,17,1,,2,ROUTE NATIONALE 1,0,,3,4,0,1,3,99,1,, -1,1,3,2,90,22,10,2,973,97302,1,1,0,3,ROUTE NATIONALE 1,4.90287,-52.32451,17,2,2
202100000668,200Â 520,A01,1,1,1,5,2,6,-1,0,0,-1,2021,22.0,2,1,0,2,1,1,1,,3,558,-1,,-1,2,0,2,19,300,2,, -1,1,0,1,70,30,12,1,83,83063,1,1,0,3,rd 558,43.3127405678,6.4712691307,11,2,2
202100040662,128Â 939,A01,1,1,2,1,1,-1,-1,0,0,-1,2021,55.0,3,2,0,0,0,0,1,,4,,0,,2,2,0,1,(1),(1),1,, -1,1,0,8,80,22,2,3,22,22128,2,1,0,7,Goaz TÃ©riot,48.315162,-3.373287,20,1,1
202100038404,132Â 992,A01,10,3,2,5,0,-1,-1,3,3,2,2021,4.0,1,2,0,1,2,16,2,,3,ALBERT THOMAS (AV),0,,1,1,0,2,0,0,3,, -1,1,0,1,50,24,5,1,94,94081,2,3,0,3,ALBERT THOMAS (AV),48.78317,2.39397,19,2,1
202100030812,146Â 689,A01,10,3,2,5,0,-1,-1,4,1,1,2021,55.0,1,2,14,1,2,23,1,,4,TACITURNE (AVENUE GUILLAUME LE),0,,4,2,0,1,0,0,1,, -1,1,0,1,50,30,6,1,84,84087,2,3,0,3,TACITURNE (AVENUE GUILLAUME LE),44.14188,4.81314,17,2,1
202100031706,145Â 084,A01,1,1,1,4,2,6,-1,-1, -1,-1,2021,47.0,3,1,0,2,3,9,1,,4,ARMOR (BOULEVARD D'),0,,2,2,0,1,1,0,1,, -1,1,0,1,50,29,6,1,22,22113,2,6,0,3,ARMOR (BOULEVARD D'),48.74641,-3.46665,14,2,2
202100001982,198Â 256,A01,1,1,2,0,1,0,-1,-1, -1,-1,2021,50.0,2,2,0,2,1,2,1,,1,AUTOROUTE A86,0,,3,6,0,1,15,199,1,, -1,1,2,1,90,21,12,4,93,93001,1,1,0,2,AUTOROUTE A86,48.92163,2.37594,6,2,2
202100052355,108Â 135,A01,3,2,2,5,1,-1,-1,0,0,-1,2021,18.0,1,2,2,0,1,1,1,,3,3,0,,-1,2,0,1,10,175,2,, -1,2,0,3,80,7,2,1,71,71223,1,1,1,7,Les Grands Vernes,46.974155,4.181741,14,4,1
202100031727,145Â 048,A01,1,1,1,1,2,6,-1,0,0,-1,2021,58.0,2,1,0,2,1,2,1,,4,AVENUE DE FLANDRE,0,,3,2,0,1,(1),(1),1,, -1,2,0,1,50,29,6,1,75,75119,2,1,1,2,AVENUE DE FLANDRE,48.881366,2.377555,9,2,2
202100005190,192Â 501,A01,1,1,2,1,1,-1,-1,-1, -1,-1,2021,20.0,1,2,1,2,8,24,1,,1,A46S   53.980 A 57.400,0,,3,4,0,1,54,0,1,, -1,1,0,2,110,22,11,3,69,69295,1,9,0,3,A46S   53.980 A 57.400,45.61537,4.88648,18,2,2
202100003023,196Â 377,A01,1,1,1,5,1,-1,-1,0,0,-1,2021,78.0,3,2,15,0,3,1,1,,4,,0,,2,1,0,1,(1),(1),3,,3,2,0,1,90,16,12,1,3,3008,1,1,0,6,lieu dit riboulet,46.030875,3.569967,16,1,1
202100006355,190Â 439,A01,1,1,2,1,8,-1,-1,0,0,-1,2021,22.0,3,2,0,2,1,1,1,,3,16,-1,,2,2,0,4,12,0,3,, -1,2,0,1,50,26,11,1,38,38465,2,1,0,1,D16,45.692077,5.477409,12,2,2
202100052196,108Â 411,B01,2,2,2,5,1,-1,-1,0,0,-1,2021,21.0,2,2,0,0,4,1,1,,3,342,0,N,2,2,0,4,22,908,1,, -1,1,0,1,80,7,2,2,69,69136,1,1,0,2,ESSES (DES) (RTE),45.6483786938,4.7466214746,17,3,2
202100047418,117Â 012,A01,1,1,1,5,2,6,9,0,0,-1,2021,20.0,1,1,8,2,1,17,1,,3,254,-1,D,2,2,0,2,5,700,1,, -1,1,0,1,70,20,3,1,83,83085,1,1,0,3,Route du Muy,43.485413,6.540875,11,2,2
202100005153,192Â 565,A01,10,3,2,1,0,-1,-1,5,9,1,2021,57.0,1,2,1,1,5,2,1,,3,945,0,,2,2,0,2,55,220,1,, -1,5,0,1,50,2,12,5,3,3099,2,1,1,6,40 Route du Grand Chemin,46.379279,3.034893,17,5,2
202100007711,187Â 974,A01,10,3,1,5,0,-1,-1,1,9,1,2021,84.0,2,2,6,1,3,4,2,,4,,-1,,2,1,0,1,(1),(1),1,,3,1,0,1,30,17,11,1,37,37156,2,1,0,6,62 Rue Madeleine Vernet,47.3885348512,0.8459060267,16,2,1
202100049348,113Â 551,A01,1,1,2,0,2,6,-1,-1, -1,-1,2021,30.0,1,1,0,9,0,1,1,,2,kaweni-Kaweni nord ( Z I ),0,,2,0,0,1,0,0,1,, -1,1,0,1,50,3,3,1,976,97611,2,1,0,7,kaweni-Kaweni nord ( Z I ),-12.76834,45.22432,11,1,1
202100019727,166Â 380,Z01,10,3,1,4,0,-1,-1,5,1,1,2021,24.0,2,1,0,1,1,25,3,,4,RUE ROLAND BARTHES,0,,-1,1,0,1,(1),(1),1,, -1,1,0,4,1,10,9,1,75,75112,2,1,0,6,RUE ROLAND BARTHES,48.844226,2.37832,12,2,1
202100014880,175Â 116,A01,1,1,1,1,2,9,-1,0,0,-1,2021,17.0,1,1,0,2,8,1,1,,3,97,0,,2,2,0,1,(1),(1),1,,4,1,8,1,50,7,10,1,80,80798,2,3,0,3,Rue Neuve,49.995833,2.318303,17,2,2
202100017258,170Â 801,A01,1,1,1,5,1,-1,-1,0,0,-1,2021,90.0,2,2,13,0,3,1,1,,3,D951,-1,A,2,2,0,1,1,300,3,, -1,2,0,3,80,26,9,3,36,36087,1,1,1,6,,46.599792,0.971603,0,1,1
202100025737,155Â 679,A01,1,1,1,1,1,0,-1,-1, -1,-1,2021,21.0,0,2,15,0,1,14,1,,4,,0,,2,2,0,1,(1),(1),1,, -1,1,2,4,50,2,8,1,45,45208,2,1,0,6,Rue Raymond Laforge,47.996269,2.735205,12,1,1
202100037425,134Â 761,A01,1,1,1,5,2,6,9,-1, -1,-1,2021,36.0,1,1,0,0,7,1,1,,3,ISIGNY,0,,2,2,0,2,0,0,3,, -1,1,0,1,80,29,5,1,50,50502,1,1,0,7,ISIGNY,49.12122,-1.074452,18,1,1
202100000493,200Â 823,A01,1,1,2,5,1,-1,-1,-1, -1,-1,2021,53.0,0,2,0,2,4,23,1,,4,STRASBOURG (BD),0,,2,2,3,1,0,0,1,, -1,1,0,1,50,19,10,1,76,76351,2,1,0,2,STRASBOURG (BD),49.49276,0.12016,13,2,2
202100005367,192Â 193,B01,1,1,1,9,8,0,-1,0,0,-1,2021,27.0,3,0,0,2,7,1,5,,4,PRE DE FOIRE ( RUE DU ),0,,2,-1,0,2,0,1,1,, -1,1,0,5,50,29,11,5,5,5061,2,3,0,3,PRE DE FOIRE ( RUE DU ),44.55492,6.07456,18,2,2
202100044792,121Â 645,C01,1,1,2,0,1,8,-1,-1, -1,-1,2021,47.0,1,2,0,2,4,1,1,,1,AUTOROUTE A1,0,,1,3,0,1,4,0,1,, -1,1,0,1,90,7,4,1,972,97213,1,1,0,4,AUTOROUTE A1,14.6161980274,-61.0161209115,17,4,4
202100001256,199Â 519,A01,1,1,1,0,1,0,-1,-1, -1,-1,2021,23.0,1,2,6,0,3,0,1,,1,86,0,,1,4,0,1,75,300,3,, -1,2,1,1,70,26,12,5,92,92063,1,1,1,6,A86,48.87164,2.15762,23,1,1
202100014382,176Â 003,A01,1,1,1,3,2,-1,-1,0,0,-1,2021,26.0,2,1,0,2,9,21,1,,4,EUROPE (DE 13 A 15),0,,1,5,0,1,(1),(1),1,, -1,1,0,1,50,7,10,2,29,29019,2,3,0,1,Boulevard de lâEurope,48.4161501076,-4.4683113096,20,2,2
202100052067,108Â 648,A01,1,1,1,5,8,-1,-1,0,0,-1,2021,12.0,1,1,0,0,0,25,5,,3,156,-1,,2,2,0,1,10,950,1,, -1,1,0,4,50,10,2,1,29,29174,2,1,0,7,D156 - Rue des AlliÃ©s,47.905127,-4.278193,14,1,1
202100021791,162Â 674,A01,1,1,1,1,2,6,-1,-1, -1,-1,2021,32.0,1,1,6,0,0,26,0,,9,POIFFONDS (RUE DE),0,,-1,1,0,1,0,0,3,, -1,1,5,8,50,30,8,1,28,28218,2,3,0,6,POIFFONDS (RUE DE),48.4437,1.45088,13,1,1
202100050278,111Â 846,B01,1,1,1,5,2,6,-1,0,0,-1,2021,57.0,1,1,0,2,1,1,5,,3,6,-1,,2,2,0,1,(1),(1),1,, -1,1,5,1,30,24,2,1,63,63200,2,6,0,3,place de la fontaine,45.839296,3.215446,17,2,2
202100055142,103Â 249,A01,1,1,2,1,1,0,-1,-1, -1,-1,2021,31.0,2,2,0,2,1,1,1,,1,A4,0,,3,5,0,1,1,500,1,, -1,2,0,1,90,14,1,2,94,94018,1,1,1,3,A4,48.818906873,2.4080615714,7,2,2
202100040591,129Â 061,B01,1,1,1,5,8,8,-1,-1, -1,-1,2021,42.0,1,1,0,2,7,15,1,,3,BADUEL (ROUTE DE),0,,2,2,0,1,2,300,1,, -1,1,0,1,50,8,5,5,973,97302,2,1,0,3,BADUEL (ROUTE DE),4.9323783147,-52.3081268568,21,2,2
202100039668,130Â 678,A01,1,1,1,1,1,8,-1,-1, -1,-1,2021,26.0,1,2,4,0,2,0,1,,2,RN 104,0,,1,2,0,1,40,500,2,, -1,2,2,1,50,17,5,1,91,91521,1,1,1,6,RN 104,48.6356,2.4015,6,1,1
202100001836,198Â 516,B01,1,1,1,0,2,8,-1,-1, -1,-1,2021,38.0,1,1,0,2,7,1,1,,2,ROUTE NATIONALE 1,0,,3,5,0,1,7,0,1,, -1,1,0,1,70,21,12,1,972,97213,1,1,0,3,ROUTE NATIONALE 1,14.62513,-60.980194,16,2,2
202100048176,115Â 632,B01,1,1,1,4,2,6,9,0,0,-1,2021,35.0,1,1,0,2,2,2,1,,2,7,-1,,2,2,0,1,19,200,3,, -1,1,0,1,70,14,3,1,26,26341,1,1,0,2,1 Rue ImpÃ©riale,45.142881,4.823084,17,2,2
202100039192,131Â 572,A01,1,1,1,0,2,6,-1,0,0,-1,2021,17.0,1,1,0,2,2,17,1,,3,48,0,,2,2,0,1,(1),(1),2,, -1,1,0,1,50,21,5,1,14,14514,2,3,0,3,Avenue de la LibÃ©ration,49.281118,0.186789,16,2,2
202100053936,105Â 339,A01,10,3,2,9,0,-1,-1,5,3,1,2021,86.0,1,2,0,1,4,26,1,,4,,0,,1,-1,0,2,(1),(1),1,, -1,1,0,4,50,23,1,1,54,54482,2,1,0,6,POUDRIERE (RUE DE LA),48.7015,6.20296,10,2,1
202100029213,149Â 539,A01,1,1,1,5,1,-1,-1,0,0,-1,2021,76.0,3,2,15,0,0,1,1,,4,3,0,C,2,2,0,1,(1),(1),1,, -1,2,0,3,50,14,7,3,58,58040,2,1,1,6,Brienne,47.001172,3.688547,0,1,1
202100022267,161Â 837,B01,1,1,1,4,2,6,-1,-1, -1,-1,2021,20.0,1,1,0,2,1,9,3,,4,AVE DE FONCASTEL,0,,2,3,2,1,(1),(1),1,, -1,1,0,1,50,27,8,2,33,33281,2,2,0,1,Avenue de Foncastel,44.836,-0.64107,20,2,2
202100038755,132Â 339,A01,1,1,1,5,1,-1,-1,-1, -1,-1,2021,72.0,1,2,8,0,1,16,1,,7,RD 29,0,,1,1,1,1,15,950,2,, -1,2,5,1,50,22,5,1,35,35051,1,6,1,6,RD 29,48.154599,-1.595103,18,1,1
202100009969,183Â 881,A01,10,3,1,9,0,-1,-1,9,3,1,2021,3.0,3,2,0,1,2,26,1,,4,,-1,,1,1,0,1,(1),(1),1,,3,2,0,1,50,31,10,1,973,97308,2,1,1,6,23 Rue Alphonse Gueye,3.890367,-51.800774,13,2,1
202100025052,156Â 877,A01,1,1,1,5,2,6,9,0,0,-1,2021,39.0,1,1,0,2,1,16,1,,3,5,0,,2,2,0,2,3,100,3,, -1,1,0,1,70,8,8,1,90,90093,1,6,0,3,D5,47.686196,6.844241,15,2,2
202100013419,177Â 745,B01,2,1,2,1,8,0,-1,-1, -1,-1,2021,47.0,1,1,0,2,1,1,5,,4,PASTEUR RUE,0,,1,1,0,1,0,0,1,, -1,1,0,1,50,13,10,1,92,92049,2,1,0,3,PASTEUR RUE,48.820251715,2.3157120067,18,2,2
202100003198,196Â 055,B01,1,1,1,9,2,-1,-1,0,0,-1,2021,44.0,2,1,0,2,1,1,1,,2,2,0,A,2,2,0,1,1,800,1,, -1,1,0,1,50,14,12,4,973,97307,2,3,0,5,route natiolale 2,4.876089,-52.337236,19,4,3
202100019487,166Â 803,B01,2,2,1,5,1,0,-1,-1, -1,-1,2021,22.0,1,2,0,2,4,26,1,,1,VOIE DES BERGES,0,,3,4,0,1,262,700,1,, -1,1,0,1,70,12,9,5,49,49007,2,1,0,2,VOIE DES BERGES,47.48961,-0.54447,1,3,2
202100005029,192Â 798,A01,10,3,1,5,0,-1,-1,2,3,3,2021,26.0,2,2,0,1,1,19,1,,3,ROUTE DEPARTEMENTALE 14,0,,2,4,0,4,0,800,1,, -1,1,6,8,30,2,12,1,972,97213,1,1,0,6,ROUTE DEPARTEMENTALE 14,14.6201620441,-61.0214741528,14,3,1
202100033728,141Â 476,A01,1,1,1,0,1,-1,-1,0,0,-1,2021,71.0,1,2,6,0,1,5,1,,3,158,-1,E,2,2,0,2,1,201,1,, -1,1,5,8,50,19,6,1,17,17365,2,6,0,6,Rue de la Billette,45.218691,-0.192368,11,1,1
202100009125,185Â 399,A01,1,1,1,4,2,0,-1,-1, -1,-1,2021,25.0,2,1,0,2,6,16,3,,4,JEANNE D ARC (AV),0,,3,2,0,1,1,0,1,, -1,1,0,1,30,6,11,1,94,94068,2,4,0,3,Avenue Jeanne dâArc,48.79487,2.50342,12,2,2
202100023321,159Â 929,A01,3,2,2,0,3,0,-1,-1, -1,-1,2021,1.0,1,2,12,0,2,0,1,,3,VICTOIRE (AV DE LA),0,,-1,0,0,2,0,1,1,, -1,1,2,1,50,20,8,1,94,94054,2,1,0,6,VICTOIRE (AV DE LA),48.74481,2.39851,19,3,1
202100008380,186Â 751,A01,1,1,1,0,1,0,-1,-1, -1,-1,2021,64.0,3,2,0,2,3,1,0,,3,7,0,,3,0,1,1,0,0,1,, -1,1,0,1,50,12,11,1,92,92062,2,3,0,3,Quai de Dion Bouton,48.8855192681,2.2514355183,14,2,2
202100036502,136Â 458,A01,1,1,1,0,1,-1,-1,0,0,-1,2021,30.0,2,2,13,0,8,1,1,,3,984,-1,,2,2,0,2,120,400,3,, -1,2,0,3,80,4,6,3,1,1109,1,1,1,6,D984,46.123537,5.900034,22,1,1
202100052380,108Â 085,B01,1,1,1,0,1,-1,-1,-1, -1,-1,2021,40.0,2,2,0,2,3,1,0,,4,,0,,2,2,0,2,(1),(1),3,, -1,2,0,1,80,5,2,1,69,69286,1,1,0,1,FONTAINE (DE) (RTE),45.82552,4.88195,10,3,2
202100056436,101Â 023,A01,2,2,2,0,1,0,-1,-1, -1,-1,2021,24.0,3,2,0,2,2,15,1,,3,CLAUDE DEBUSSY,0,,3,-1,0,1,0,1,1,, -1,2,4,1,50,2,1,5,93,93031,2,1,1,3,CLAUDE DEBUSSY,48.94715,2.3427,19,3,2
202100052406,108Â 037,A01,1,1,2,0,1,0,-1,-1, -1,-1,2021,44.0,2,0,6,0,9,1,1,,4,MARMAGNE (RUE DE),0,,2,2,0,1,1,0,1,, -1,2,0,1,50,2,2,2,71,71040,2,1,1,6,MARMAGNE (RUE DE),46.6988612454,4.3633822786,18,1,1
202100052694,107Â 538,A01,10,3,1,1,0,-1,-1,4,3,2,2021,30.0,1,5,0,1,2,15,1,,4,RUE DE RIVOLI,0,,2,4,0,1,(1),(1),1,, -1,2,0,1,50,3,2,1,75,75101,2,5,1,6,RUE DE RIVOLI,48.85875,2.347495,9,2,1
202100033816,141Â 314,A01,1,1,1,5,2,-1,-1,-1, -1,-1,2021,63.0,2,1,0,0,0,16,5,,3,VERDUN (RUE DE),0,,2,2,0,1,2,917,3,, -1,2,5,1,50,17,6,1,61,61001,2,3,1,7,VERDUN (RUE DE),48.43665,0.09931,20,1,1
202100052809,107Â 328,A01,1,1,2,1,1,0,-1,-1, -1,-1,2021,23.0,1,2,1,2,2,1,1,,3,TASSIGNY(AVE DU MARECHAL DE LATTRE DE),0,,1,0,0,1,1,0,1,, -1,1,0,1,50,1,2,1,94,94028,2,1,0,6,TASSIGNY(AVE DU MARECHAL DE LATTRE DE),48.8008,2.45045,14,1,1
202100033093,142Â 592,B01,1,1,2,0,1,0,-1,-1, -1,-1,2021,34.0,2,2,0,2,3,1,1,,3,LUGO (AV DE),0,,-1,2,0,1,0,1,1,, -1,1,0,1,50,21,6,1,94,94022,2,6,0,1,LUGO (AV DE),48.773289,2.409482,17,2,2
202100046190,119Â 208,A01,1,1,1,4,1,-1,-1,0,0,-1,2021,66.0,2,4,0,2,1,2,1,,3,982,0,D,2,2,0,1,2,600,2,, -1,1,0,1,70,30,3,1,71,71176,1,1,0,2,D982,46.462853,4.011221,12,2,2
202100002773,196Â 808,B01,1,1,2,5,1,0,-1,-1, -1,-1,2021,54.0,2,2,0,2,3,1,1,,3,,0,,2,3,0,1,0,0,1,, -1,1,5,1,50,22,11,5,30,30189,2,3,0,3,Avenue Georges Dayan,43.82039,4.34049,20,2,2
202100005299,192Â 317,A01,1,1,2,5,8,0,-1,-1, -1,-1,2021,21.0,1,2,8,0,9,21,1,,4,BELLE POULE LEVEE,0,,2,2,0,1,1,0,3,, -1,2,0,1,70,29,11,2,49,49246,2,1,0,7,BELLE POULE LEVEE,47.4208962949,-0.4906682971,17,1,1
202100033366,142Â 127,B01,1,1,1,0,1,0,-1,-1, -1,-1,2021,46.0,1,2,0,2,9,2,1,,3,9Â° R.C.P. AVENUE DU,0,,2,2,0,1,17,618,1,, -1,1,0,1,50,14,6,1,9,9225,2,9,0,4,9Â° R.C.P. AVENUE DU,43.11591,1.62594,12,3,3
202100036184,137Â 015,A01,10,3,2,2,0,-1,-1,3,A,3,2021,15.0,3,3,0,1,7,20,1,1.0,4,,-1,,2,2,0,1,(1),(1),1,,4,1,9,4,50,1,6,1,29,29247,2,1,0,6,Place de la Mairie,47.936534,-4.022476,8,2,1
202100034642,139Â 796,A01,7,2,1,0,0,-1,-1,0,0,-1,2021,48.0,1,2,8,0,2,1,1,,3,67,-1,,2,2,0,1,10,0,1,, -1,1,0,3,70,13,6,2,67,67107,1,1,1,7,D67,48.705208,7.547843,20,3,1
202100053058,106Â 883,A01,1,1,1,5,1,-1,-1,0,0,-1,2021,71.0,2,2,13,0,1,13,1,,3,LOCRONAN ROUTE DE,0,,2,1,0,1,3,100,2,, -1,7,0,3,80,25,1,1,29,29232,1,1,1,6,D63 - Route de Locronan,48.01317,-4.1286,10,1,1
202100001057,199Â 872,A01,1,1,1,9,2,0,-1,0,0,-1,2021,50.0,1,0,0,2,2,1,3,,4,RUE DE THIONVILLE,0,,1,1,1,1,(1),(1),1,, -1,2,-1,5,30,29,12,5,75,75119,2,3,1,3,RUE DE THIONVILLE,48.887576,2.380329,7,2,2
202100027982,151Â 687,A01,1,1,2,5,2,8,-1,-1, -1,-1,2021,36.0,2,1,13,9,1,14,5,,4,HALAGE (CHEMIN) BORDS DE MARNE,0,,-1,0,1,1,1,0,1,, -1,1,9,5,30,20,7,1,93,93050,2,1,1,1,Chemin de Halage,48.853727,2.530944,8,2,2