Num_Acc,id_vehicule,num_veh,place,catu,sexe,trajet,secu1,secu2,secu3,locp,actp,etatp,year_acc,victim_age,senc,catv,obs,obsm,choc,manv,motor,occutc,catr,voie,v1,v2,circ,nbv,vosp,prof,pr,pr1,plan,lartpc,larrout,surf,infra,situ,vma,jour,mois,lum,dep,com,agg_,int,atm,col,adr,lat,long,hour,nb_victim,nb_vehicules
202100056085,101Â 629,A01,10,3,1,1,0,-1,-1,3,3,1,2021,37.0,2,2,0,1,2,26,1,,4,MASSY (RUE DE),0,,2,2,0,2,0,0,1,, -1,2,0,1,50,5,1,2,92,92002,2,1,1,6,MASSY (RUE DE),48.73922,2.2884,8,3,1
202100002400,197Â 491,A01,10,3,2,1,0,-1,-1,2,3,1,2021,61.0,2,1,0,1,2,21,1,,7,GAULLE (AVENUE DU GENERAL DE),0,,2,2,0,1,(1),(1),1,, -1,1,0,1,50,17,12,5,59,59090,2,1,0,6,GAULLE (AVENUE DU GENERAL DE),50.7026508125,3.097057247,19,2,1
202100037183,135Â 221,B01,1,1,1,0,8,0,-1,-1, -1,-1,2021,17.0,2,1,0,2,1,1,5,,4,HENRI DUNANT (RUE),0,,2,2,0,1,(1),(1),1,, -1,1,0,1,30,31,5,1,89,89387,2,3,0,1,Rue Henri Dunant,48.20087,3.29189,8,2,2
202100004682,193Â 408,B01,1,1,1,9,2,-1,-1,-1, -1,-1,2021,79.0,2,1,0,2,1,1,1,,4,CHARMETTES (DES)                    (R ),0,,1,1,0,1,(1),(1),1,, -1,2,0,1,50,3,12,1,69,69386,2,2,0,3,CHARMETTES (DES) (R),45.76635,4.86717,8,2,2
202100018297,168Â 917,B01,1,1,1,5,8,-1,-1,-1, -1,-1,2021,31.0,2,1,0,2,8,1,0,,4,JULES FAVRE                         (BD),0,,2,4,3,1,(1),(1),1,, -1,1,0,5,50,17,9,1,69,69386,2,2,0,3,JULES FAVRE (BD),45.76622,4.85917,18,2,2
202100033180,142Â 457,B01,1,1,1,1,2,-1,-1,-1,0,-1,2021,57.0,1,1,0,2,4,2,5,,4,RUE JEAN JAURES,0,,2,2,0,1,(1),(1),1,, -1,1,0,1,50,20,6,5,95,95063,2,1,0,2,RUE JEAN JAURES,48.926429,2.222095,1,2,2
202100016991,171Â 249,A01,1,1,1,0,2,6,-1,-1, -1,-1,2021,17.0,1,1,0,2,1,26,1,,3,NARBONNE -ROUTE DE-,0,,2,2,0,1,52,0,1,, -1,1,8,1,50,25,9,1,11,11069,2,1,0,2,NARBONNE -ROUTE DE-,43.20506,2.39763,15,2,2
202100034391,140Â 266,A01,1,1,1,5,8,-1,-1,0,0,-1,2021,36.0,2,5,2,0,3,1,1,,3,49,-1,,2,2,0,2,5,500,3,, -1,1,0,3,90,16,6,3,3,3113,1,1,0,6,Route du Mayet de Montagne,46.034899,3.644629,5,2,1
202100036496,136Â 468,A01,10,3,2,5,8,8,-1,4,3,1,2021,45.0,2,1,0,1,1,16,1,,3,ANDRE MORIZET (AVENUE) - 49/FIN - 54/FIN,0,,2,2,0,1,0,0,1,, -1,1,0,1,50,3,6,1,92,92012,2,6,0,6,ANDRE MORIZET (AVENUE) - 49/FIN - 54/FIN,48.8406118984,2.2288358574,17,2,1
202100025209,156Â 603,A01,2,2,2,5,1,-1,-1,0,0,-1,2021,78.0,2,2,3,0,9,14,1,,1,89,-1,,3,2,0,2,208,900,1,, -1,2,9,3,130,7,8,1,19,19227,1,1,1,6,A89,45.3072913328,1.6778376142,13,2,1
202100007533,188Â 285,C01,1,1,2,1,1,-1,-1,0,0,-1,2021,54.0,2,2,0,2,1,1,1,,1,A16,-1,,3,2,0,1,214,690,1,, -1,2,0,1,130,19,11,1,62,62196,1,1,1,4,A16,50.47334,1.701353,7,6,4
202100018701,168Â 214,B01,2,2,1,5,1,4,-1,-1, -1,-1,2021,10.0,2,2,0,2,5,1,1,,1,AUTOROUTE A6A,0,,1,3,0,2,1,0,1,, -1,2,0,1,70,15,9,1,94,94003,1,1,1,4,AUTOROUTE A6A,48.80753,2.34079,16,4,3
202100018841,167Â 968,A01,1,1,1,1,1,-1,-1,0,0,-1,2021,20.0,2,5,0,0,0,21,1,,3,27,-1,D,2,2,0,2,7,500,2,, -1,1,0,3,70,15,9,2,61,61327,1,1,0,7,D27,48.443892,0.416451,19,1,1
202100001593,198Â 960,B01,2,2,2,0,1,-1,-1,-1, -1,-1,2021,56.0,2,2,0,0,4,2,1,,4,SAINFOINS (RUE DES),0,,2,2,0,1,0,0,1,, -1,1,0,1,50,22,12,5,61,61001,2,1,0,2,SAINFOINS (RUE DES),48.44044,0.10929,17,4,2
202100023954,158Â 815,A01,1,1,1,5,2,-1,-1,0,0,-1,2021,72.0,2,1,10,0,3,17,1,,3,113,-1,,2,2,0,2,7,(1),4,, -1,1,0,3,80,16,8,1,64,64475,1,1,0,7,D113 PK 7,43.00824,-0.85187,18,1,1
202100055093,103Â 337,A01,10,3,2,0,0,-1,-1,8,9,1,2021,74.0,2,4,0,1,6,26,1,,3,DIVISION LECLERC (AVENUE DE LA),0,,1,2,3,1,1,0,1,, -1,2,9,3,50,14,1,1,92,92019,2,1,1,6,DIVISION LECLERC (AVENUE DE LA),48.7632623499,2.2770209319,13,2,1
202100027469,152Â 629,A01,1,1,1,5,1,-1,-1,0,0,-1,2021,72.0,1,2,0,2,3,1,1,,3,160,0,D,2,2,0,2,1,600,3,, -1,1,0,1,80,23,7,1,74,74160,1,1,0,3,D160,45.873032,6.41696,9,3,2
202100049556,113Â 176,A01,1,1,1,1,2,6,-1,0,0,-1,2021,52.0,2,1,0,0,8,16,1,,3,12,0,D,2,2,0,1,12,790,1,, -1,1,0,1,50,1,3,5,61,61167,2,4,0,7,Grande Rue,48.84217,0.507999,5,1,1
202100020680,164Â 668,B01,1,1,1,5,2,8,-1,-1, -1,-1,2021,51.0,1,1,1,2,1,1,5,,4,RUE DE LA FORET,0,,2,2,0,2,0,0,1,, -1,1,0,1,30,5,9,1,91,91215,2,1,0,6,RUE DE LA FORET,48.69197,2.51454,12,3,2
202100030764,146Â 770,A01,10,3,1,0,0,-1,-1,1,9,1,2021,21.0,2,5,0,1,1,1,1,,4,BUISSIERE (DE LA)                   (CH),0,,2,2,0,1,(1),(1),1,, -1,1,0,1,50,1,7,1,69,69286,2,1,0,6,BUISSIERE (DE LA) (CHM),45.80117,4.88225,14,2,1
202100026416,154Â 478,A01,10,3,1,5,0,-1,-1,1,3,1,2021,15.0,1,2,0,1,1,1,1,,4,PAULINE KERGOMARD,0,,2,1,0,1,(1),(1),1,, -1,3,0,1,50,9,5,1,76,76351,1,1,1,6,PAULINE KERGOMARD,49.5246,0.11214,18,2,1
202100038156,133Â 448,B01,1,1,2,0,8,0,-1,-1, -1,-1,2021,28.0,3,1,0,2,7,1,5,,4,TOUSSAINT L'OUVERTURE,0,,2,2,0,1,0,0,1,, -1,1,5,1,30,26,5,1,91,91549,2,6,0,3,TOUSSAINT L'OUVERTURE,48.63825,2.34533,17,2,2
202100036278,136Â 832,A01,10,3,1,3,0,-1,-1,2,3,1,2021,80.0,1,1,0,1,1,17,0,,3,ALBERT-DHALENNE (RUE),0,,1,2,0,1,0,0,1,, -1,1,9,8,50,27,5,1,93,93070,2,1,0,1,ALBERT-DHALENNE (RUE),48.91741,2.329849,16,2,1
202100008575,186Â 409,A01,1,1,2,5,1,0,-1,-1, -1,-1,2021,49.0,1,2,0,2,6,1,1,,1,A55 - Sens Marseille vers Martigues,0,,1,2,0,2,13,500,2,, -1,2,2,1,90,11,11,3,13,13071,1,1,1,2,A55 - Sens Marseille vers Martigues,43.399109,5.296419,0,3,2
202100025916,155Â 362,A01,1,1,2,5,1,-1,-1,0,0,-1,2021,68.0,1,2,0,2,3,1,1,,3,972,0,,2,2,0,1,(1),(1),1,, -1,1,0,1,80,2,8,1,50,50483,1,1,0,5,Rue de la Mer,49.104114,-1.18162,18,5,3
202100037354,134Â 899,B01,1,1,1,5,2,-1,-1,0,0,-1,2021,60.0,2,1,0,2,1,9,5,,3,D11,-1,,2,2,0,1,4,0,1,, -1,1,5,1,50,1,6,1,53,53128,2,6,0,3,2 Rue d'Anjou,47.941848,-1.08446,10,2,2
202100022873,160Â 731,A01,1,1,1,9,1,-1,-1,0,0,-1,2021,32.0,3,2,6,0,1,17,1,,3,D216,-1,,2,2,0,2,6,710,1,, -1,1,0,3,80,22,8,1,73,73157,1,1,0,6,D216,45.183058,6.657742,9,3,1
202100038136,133Â 487,B01,1,1,2,5,1,-1,-1,-1,0,-1,2021,19.0,2,2,0,2,4,2,1,,2,RN 104,0,,3,4,0,1,6,0,1,, -1,1,0,1,90,26,5,1,95,95042,1,1,0,2,RN 104,49.06176,2.31468,12,4,2
202100044283,122Â 511,A01,10,3,1,5,0,-1,-1,1,9,1,2021,42.0,3,2,0,1,6,4,1,,6,ROMAIN ROLLAND (BOULEVARD),0,,-1,0,0,1,(1),(1),1,, -1,1,9,1,30,12,4,1,13,13210,2,1,0,6,ROMAIN ROLLAND (BOULEVARD),43.27354,5.41343,16,2,1
202100021024,164Â 082,B01,2,2,2,0,1,0,-1,-1, -1,-1,2021,66.0,2,2,0,2,6,1,1,,3,RD810,0,,2,2,0,2,28,899,1,, -1,1,0,1,50,3,9,1,64,64545,2,1,0,4,RD810,43.3705593268,-1.682434166,18,4,3
202100012140,180Â 014,A01,1,1,2,1,1,0,-1,-1, -1,-1,2021,37.0,1,2,0,2,2,12,1,,1,A104,0,,-1,4,0,1,25,0,1,, -1,1,0,1,90,20,10,1,77,77438,1,1,0,3,A104,48.86449,2.66891,13,2,2
202100038298,133Â 187,B01,1,1,1,5,2,-1,-1,0,0,-1,2021,70.0,2,1,12,2,3,1,5,,3,787,0,D,2,2,0,2,15,(1),1,, -1,1,0,1,50,19,5,1,22,22161,2,1,0,3,Rue de l Armor,48.565596,-3.14504,10,2,2
202100025602,155Â 921,B01,1,1,1,0,2,6,-1,-1, -1,-1,2021,48.0,3,1,0,2,1,18,1,,4,BOUFFLERS (ALLEES),0,,2,4,0,1,0,0,1,, -1,1,0,1,50,3,8,1,64,64102,2,1,0,3,BOUFFLERS (ALLEES),43.4928,-1.47208,9,3,2
202100012859,178Â 741,A01,1,1,2,5,8,5,-1,-1, -1,-1,2021,40.0,2,2,0,2,3,0,1,,4,CHATEAU GOMBERT CHEMIN,0,,2,2,0,1,0,0,1,, -1,1,0,1,50,16,10,5,13,13213,2,9,0,1,CHATEAU GOMBERT CHEMIN,43.34929,5.4311,0,2,2
202100024485,157Â 897,B01,2,2,1,5,1,8,-1,-1, -1,-1,2021,74.0,1,2,0,2,8,0,1,,2,RN104,0,,3,4,0,1,9,500,1,, -1,1,0,1,110,13,8,1,77,77249,1,1,0,2,RN104,48.75211432,2.6143782106,7,3,2
202100000987,199Â 989,B01,1,1,1,0,2,6,-1,-1, -1,-1,2021,59.0,2,1,0,2,0,1,1,,4,PABLO NERUDA,0,,2,2,0,1,0,0,1,, -1,1,0,1,50,21,12,1,76,76447,2,3,0,3,PABLO NERUDA,49.54847,0.17285,16,2,2
202100010322,183Â 257,B01,1,1,2,0,0,-1,-1,-1, -1,-1,2021,23.0,1,1,0,2,0,2,3,,4,RUE D'AMBARES,0,,2,2,0,1,(1),(1),1,, -1,1,0,1,50,28,10,1,33,33032,2,1,0,3,Rue d'AmbarÃ¨s,44.91583,-0.50949,14,2,2
202100037970,133Â 793,A01,1,1,1,5,2,0,-1,-1, -1,-1,2021,72.0,2,1,0,2,8,1,1,,4,LECLERC (AVENUE DU GENERAL),0,,2,2,0,1,0,0,1,, -1,2,0,1,50,25,5,1,87,87085,2,1,1,7,LECLERC (AVENUE DU GENERAL),45.84162,1.25839,10,1,1
202100006488,190Â 203,B01,1,1,1,1,2,6,-1,-1, -1,-1,2021,56.0,0,1,0,2,1,0,1,,4,63,0,,2,2,0,1,0,0,1,, -1,1,0,1,50,24,11,5,92,92020,2,2,0,3,REPUBLIQUE AV. NÂ°27 A 105 ET 26 A 178,48.804064,2.297833,18,2,2
202100030286,147Â 632,B01,1,1,1,1,2,-1,-1,0,0,-1,2021,31.0,2,1,0,2,3,1,1,,3,907,0,,2,2,0,1,1,650,1,, -1,1,0,1,50,7,7,1,45,45040,2,1,0,1,46 Faubourg de la Villeneuve,47.556331,2.844561,12,2,2
202100027316,152Â 897,A01,10,3,1,5,0,-1,-1,2,3,1,2021,17.0,1,2,0,1,2,17,1,,3,ABBE NIORT (RUE DE L'),0,,2,3,0,1,0,1,1,, -1,1,0,1,50,23,7,1,93,93007,2,1,1,6,ABBE NIORT (RUE DE L'),48.94066,2.43293,14,2,1
202100019108,167Â 474,A01,1,1,1,5,1,0,-1,-1, -1,-1,2021,41.0,2,5,4,0,1,14,1,,1,Autoroute A31,0,,3,3,0,1,315,600,1,, -1,1,0,1,110,10,9,1,57,57303,1,1,0,7,Autoroute A31,49.22,6.17,16,1,1
202100012193,179Â 924,A01,1,1,1,5,1,-1,-1,0,0,-1,2021,78.0,1,2,1,0,1,1,1,,4,CARNOT (RUE),0,,2,2,0,1,(1),(1),1,, -1,1,0,1,50,19,10,1,65,65440,2,1,0,2,CARNOT (RUE),43.222705,0.070121,15,2,2
202100053634,105Â 857,B01,10,3,2,1,0,-1,-1,3,3,1,2021,56.0,2,5,0,1,4,2,1,,4,ANDRE BOLLIER (R),0,,1,1,0,1,0,0,1,, -1,1,0,1,30,25,1,1,94,94068,2,1,0,4,ANDRE BOLLIER (R),48.8037,2.4746,13,3,2
202100041155,128Â 037,B01,1,1,1,0,1,0,-1,-1, -1,-1,2021,24.0,0,2,0,2,3,1,1,,3,ARISTIDE BRIAND AVENUE,0,,3,4,0,1,1,0,1,, -1,2,0,1,50,6,5,1,93,93046,2,9,1,3,Avenue Aristide Briand,48.915199,2.528498,13,2,2
202100034850,139Â 416,A01,1,1,2,5,2,7,-1,0,0,-1,2021,36.0,2,1,0,2,1,1,1,,2,94,-1,,2,2,0,1,107,700,1,, -1,1,0,1,80,12,6,1,5,5045,1,1,0,2,le liou,44.540567,6.476998,12,2,2
202100051342,109Â 900,B01,1,1,1,1,2,6,-1,0,0,-1,2021,25.0,2,1,0,2,1,1,1,,3,724,0,D,2,2,0,1,99,873,1,, -1,2,0,1,50,16,2,1,56,56036,1,1,1,2,332 Rue Pierre Landais,47.785675,-3.335268,12,2,2
202100050223,111Â 941,B01,1,1,1,1,2,8,-1,-1, -1,-1,2021,39.0,1,1,0,2,3,3,1,,3,HENRI BARBUSSE (AV),0,,1,0,0,1,1,0,1,, -1,1,0,1,50,25,2,1,94,94081,2,6,0,3,HENRI BARBUSSE (AV),48.79255,2.38739,11,2,2
202100028271,151Â 163,A01,10,3,2,0,0,-1,-1,2,3,1,2021,78.0,2,2,0,1,1,0,1,,4,AUBER (RUE JULES),0,,1,1,0,2,0,0,1,, -1,1,9,1,30,18,7,1,974,97411,2,9,0,6,AUBER (RUE JULES),-20.87828,55.45264,10,3,1
202100049939,112Â 479,A01,3,2,1,4,1,-1,-1,0,0,-1,2021,21.0,2,2,5,0,2,2,1,,3,93,0,,2,2,0,2,2,202,2,, -1,1,2,4,80,28,2,1,6,6136,1,1,0,7,cd93 pk2.1,43.890726,7.48555,11,4,1
202100039726,130Â 571,B01,1,1,2,1,1,0,-1,-1, -1,-1,2021,57.0,1,2,0,2,3,16,1,,3,STALINGRAD (AVENUE DE) COTE DES NÂ°51 AU,0,,2,6,0,1,0,1,1,, -1,2,5,1,50,16,5,2,93,93072,2,3,0,3,STALINGRAD (AVENUE DE) COTE DES NÂ°51 AU,48.9493143919,2.3833885788,6,2,2
202100031229,145Â 919,A01,1,1,2,5,1,5,-1,0,0,-1,2021,35.0,1,2,6,0,1,1,1,,4,93,-1,,1,1,0,1,(1),(1),1,, -1,1,0,3,50,3,7,3,974,97422,2,1,0,1,93 Rue Alverdy,-21.279512,55.512505,22,1,1
202100029922,148Â 319,B01,2,2,2,1,1,-1,-1,0,0,-1,2021,52.0,1,2,0,2,8,23,1,,3,29,-1,B,2,2,0,2,2012,(1),1,, -1,2,0,1,80,10,7,1,59,59269,1,9,1,3,CD 29b,50.057779,3.095956,12,3,2
202100029785,148Â 547,A01,10,3,1,0,0,-1,-1,4,1,1,2021,21.0,1,2,0,1,1,1,1,,7,MIRABEAU,0,,2,2,0,1,53,900,1,, -1,1,0,1,30,7,7,1,42,42305,2,4,0,6,Rue Mirabeau,45.47931,4.42226,18,2,1
202100007828,187Â 747,A01,1,1,2,3,1,-1,-1,0,0,-1,2021,32.0,1,2,0,2,3,13,1,,3,HAUTPOUL (BOULEVARD),0,,2,1,0,2,0,0,3,, -1,1,0,1,50,6,11,1,14,14715,2,1,0,6,Boulevard dâHautpoul,49.36302,0.08567,13,3,2
202100035382,138Â 467,B01,1,1,1,5,2,-1,-1,0,0,-1,2021,73.0,1,1,0,2,4,15,5,,3,7,0,,2,2,0,1,0,850,1,, -1,1,0,1,80,31,5,1,45,45175,1,1,0,2,D7-PR 0+850,47.755548,1.826694,9,2,2
202100047498,116Â 859,A01,1,1,2,5,1,0,-1,-1, -1,-1,2021,22.0,3,2,0,0,0,14,1,,7,VIEILLE CARTE (ROUTE DE),0,,2,2,0,1,(1),(1),2,, -1,1,0,1,80,17,3,1,37,37122,1,1,0,7,VIEILLE CARTE (ROUTE DE),47.3283291083,0.6412776347,12,1,1
202100045041,121Â 218,B01,2,2,2,0,1,0,-1,-1, -1,-1,2021,56.0,3,2,0,2,4,1,1,,3,GENERAL DE GAULLE (R DU),0,,3,4,0,1,0,0,1,, -1,2,0,1,50,5,4,1,94,94060,2,1,1,2,GENERAL DE GAULLE (R DU),48.7813699069,2.5719380379,14,3,2
202100035016,139Â 108,B01,1,1,1,0,2,6,-1,-1, -1,-1,2021,34.0,0,1,0,2,7,0,1,,4,KERVILER,0,,2,2,0,2,(1),(1),1,, -1,1,5,1,50,10,6,1,35,35238,2,6,0,3,KERVILER,48.10753,-1.70554,19,2,2
202100044436,122Â 258,A01,1,1,1,0,1,0,-1,-1, -1,-1,2021,27.0,1,2,3,0,9,11,1,,1,A86 INT,0,,3,3,0,1,42,200,4,, -1,2,2,2,90,11,4,1,94,94022,1,1,1,3,A86 INT,48.7765536047,2.4191581146,9,2,2
202100055625,102Â 420,A01,1,1,1,1,2,6,-1,0,0,-1,2021,18.0,1,1,0,0,0,1,1,,3,70,0,,2,2,0,2,3,650,1,, -1,7,0,1,80,10,1,1,60,60405,1,1,0,7,D70,49.671067,1.829045,13,1,1
202100042113,126Â 352,B01,1,1,1,1,1,-1,-1,0,0,-1,2021,27.0,1,2,0,2,4,2,1,,3,317,0,D,2,2,0,1,15,0,1,, -1,1,0,1,80,30,4,1,95,95580,1,1,0,4,D317,49.081663,2.529581,18,3,3
202100007550,188Â 246,A01,1,1,1,9,2,0,-1,-1, -1,-1,2021,44.0,1,1,0,2,8,2,1,,1,86,0,,3,6,0,1,11,0,1,, -1,1,0,1,90,18,11,1,92,92078,1,1,0,3,AUTOROUTE A86,48.9309792515,2.3233129103,16,2,2
202100011349,181Â 444,B01,1,1,1,1,2,0,-1,-1, -1,-1,2021,27.0,1,1,0,2,3,1,1,,3,ROUTE NATIONALE 3,0,,2,2,0,1,0,200,1,, -1,1,0,8,90,23,10,1,973,97302,1,1,0,2,ROUTE NATIONALE 3,4.90544,-52.32016,15,2,2
202100012911,178Â 652,A01,1,1,1,1,1,-1,-1,0,0,-1,2021,40.0,2,2,13,0,1,1,1,,1,85,-1,,2,4,0,1,49,860,1,, -1,1,0,3,130,3,10,1,37,37228,1,1,0,7,"A85,PK 49+860, ANGERS",47.274490236,0.1037197938,15,1,1
202100007964,187Â 493,B01,2,2,2,2,2,8,-1,-1, -1,-1,2021,12.0,2,1,0,4,1,1,1,,3,GOYAVIERS (ROUTE DE),0,,2,2,0,1,(1),(1),2,, -1,1,0,1,50,9,11,1,974,97411,1,1,0,6,GOYAVIERS (ROUTE DE),-20.90036,55.41828,7,3,1
202100029451,149Â 138,A01,1,1,1,0,8,0,-1,-1, -1,-1,2021,21.0,1,2,14,0,0,9,1,,3,QUATRIEME ZOUAVES (RUE DU),0,,1,0,0,2,1,0,1,, -1,1,0,1,50,11,7,5,93,93064,2,9,0,1,QUATRIEME ZOUAVES (RUE DU),48.87255,2.4768,4,1,1
202100041518,127Â 400,B01,1,1,2,0,8,-1,-1,-1, -1,-1,2021,26.0,2,1,0,2,1,1,3,,4,JEAN JAURES      (Rue),0,,2,2,2,1,(1),(1),1,, -1,1,0,1,50,3,5,1,69,69266,2,3,0,3,JEAN JAURES (R),45.75703,4.88066,15,2,2
202100010849,182Â 334,A01,1,1,1,5,2,8,-1,-1, -1,-1,2021,17.0,1,1,0,2,8,1,5,,3,BOULEVARD DES HEROS,0,,1,1,0,1,(1),(1),3,, -1,1,0,1,50,25,10,1,971,97101,2,6,0,3,BOULEVARD DES HEROS,16.25179,-61.52107,17,2,2
202100012514,179Â 342,A01,7,2,1,5,1,-1,-1,0,0,-1,2021,19.0,2,2,8,0,7,13,1,,3,,-1,,2,1,0,2,26,600,1,,3,1,0,3,50,18,10,5,972,97216,2,1,0,6,19 Rue Bellevue,14.81527,-61.028371,19,3,1
202100034504,140Â 051,A01,1,1,1,5,2,6,-1,0,0,-1,2021,27.0,1,1,8,0,1,1,1,,3,101,-1,,2,2,0,4,31,800,2,,4,1,0,3,-1,15,6,1,85,85213,1,1,0,6,Le Moulin de Chaille,46.5763200458,-1.3660041243,21,1,1
202100024212,158Â 395,A01,2,2,1,5,1,-1,-1,0,0,-1,2021,36.0,3,2,0,2,1,13,1,,2,85,0,,2,2,0,1,50,550,1,, -1,1,0,1,80,15,8,1,38,38317,1,1,0,5,N85,45.114541,5.698943,18,11,3
202100030332,147Â 543,A01,1,1,1,0,1,-1,-1,-1, -1,-1,2021,36.0,1,2,0,2,1,1,1,,7,ROUTE DE GENEVE                     (RO),0,,2,2,0,2,0,400,1,, -1,2,0,1,50,6,7,1,69,69286,2,1,1,5,GENEVE (DE) (RTE),45.8044372439,4.8834475279,10,3,3
202100053445,106Â 186,C01,1,1,1,9,1,0,-1,-1, -1,-1,2021,22.0,2,2,0,2,3,1,1,,4,TRESPOEY DE,0,,2,2,0,1,0,0,1,, -1,1,0,1,30,26,1,1,64,64445,2,1,0,5,avenue TRESPOEY,43.2989474867,-0.348815918,12,3,3
202100014052,176Â 577,B01,1,1,1,1,2,6,9,0,0,-1,2021,62.0,1,1,0,2,1,1,1,,2,77,-1,,2,2,0,1,11,882,1,, -1,1,0,1,80,11,10,1,10,10074,1,1,1,1,Route Nationale 77,48.121958,3.951817,7,2,2
202100005904,191Â 234,A01,1,1,1,0,1,0,-1,-1, -1,-1,2021,32.0,2,2,0,2,1,2,1,,3,RD 23 (RTE),0,,3,4,0,1,49,759,1,, -1,2,0,1,110,26,11,3,72,72181,1,1,1,2,RD 23 (RTE),47.96888,0.23504,17,2,2
202100015345,174Â 282,A01,1,1,1,0,2,0,-1,-1, -1,-1,2021,28.0,1,1,0,1,1,26,1,,4,CAPITAINE GEZE (BOULEVARD),0,,2,4,0,1,0,0,1,, -1,1,0,1,50,3,10,1,13,13214,2,1,0,1,CAPITAINE GEZE (BOULEVARD),43.33019,5.37021,11,2,1
202100051179,110Â 189,B01,1,1,1,5,2,8,-1,-1, -1,-1,2021,75.0,2,1,0,2,1,1,1,,3,AV SADI CARNOT,0,,2,2,0,1,39,100,1,, -1,1,0,1,50,17,2,1,13,13004,2,2,0,1,BD GEORGES CLEMENCEAU,43.67481,4.62345,14,2,2
202100025426,156Â 212,B01,1,1,1,9,8,-1,-1,0,0,-1,2021,21.0,0,1,0,2,1,0,5,,4,LEO LAGRANGE (RUE),0,,2,4,3,1,(1),(1),1,, -1,1,0,1,50,3,8,1,80,80021,2,2,0,3,LEO LAGRANGE (RUE),49.91067,2.31531,18,2,2
202100039995,130Â 103,A01,1,1,1,5,2,7,-1,0,0,-1,2021,36.0,1,1,0,2,8,15,1,,3,04,-1,,2,2,0,1,2,536,1,, -1,1,0,1,80,8,5,1,31,31361,1,1,0,3,07 Route de TOULOUSE,43.335335,1.321873,18,2,2
202100043532,123Â 850,A01,4,2,2,0,1,0,-1,-1, -1,-1,2021,13.0,1,2,13,0,0,26,3,,3,MONTABO (ROUTE DE) 1,0,,2,2,0,1,2,50,1,, -1,2,0,3,50,18,4,5,973,97302,2,1,1,7,MONTABO (ROUTE DE) 1,4.9413089119,-52.3029027766,4,5,1
202100049078,114Â 034,A01,1,1,2,9,1,-1,-1,0,0,-1,2021,20.0,1,2,13,0,0,14,1,,3,COMMANDEUR (AVENUE DU),0,,2,2,0,1,10,577,1,, -1,1,0,1,50,4,3,1,65,65100,2,1,0,7,COMMANDEUR (AVENUE DU),43.2593,0.0361,15,1,1
202100044225,122Â 621,B01,1,1,2,1,1,-1,-1,-1,0,-1,2021,30.0,2,2,0,2,1,2,1,,1,AUTOROUTE A15,0,,3,12,0,1,7,199,1,, -1,1,0,1,110,13,4,1,95,95018,1,1,0,2,A15,48.9607272736,2.2698121101,9,2,2
202100040848,128Â 619,A01,1,1,1,9,1,-1,-1,0,0,-1,2021,52.0,2,2,0,2,8,10,1,,3,60,0,,2,2,0,2,16,85,1,, -1,1,0,1,80,8,5,1,1,1386,1,1,0,3,,45.876940675,5.3977149725,11,3,2
202100053340,106Â 375,A01,1,1,1,1,1,-1,-1,0, -1,-1,2021,60.0,3,2,13,0,2,14,1,,4,Route de Cuzon,0,,-1,2,0,2,(1),(1),2,, -1,2,0,3,50,28,1,2,29,29232,1,1,1,7,Route de Cuzon,48.005035,-4.076279,17,1,1
202100054317,104Â 671,B01,1,1,2,1,2,8,-1,-1, -1,-1,2021,31.0,1,1,0,2,1,15,0,,3,CD NUMERO 471,0,,2,2,0,1,10,924,1,, -1,1,2,1,50,20,1,3,77,77350,1,3,0,3,CD NUMERO 471,48.7557,2.70499,6,2,2
202100029618,148Â 844,A01,2,2,2,5,1,0,-1,0,0,-1,2021,28.0,2,2,0,2,3,13,1,,4,RUE ORDENER,0,,2,2,0,1,(1),(1),1,, -1,1,0,1,50,9,7,5,75,75118,2,1,0,1,RUE ORDENER,48.893035,2.340793,23,3,2
202100018726,168Â 166,A01,1,1,2,0,1,-1,-1,0,0,-1,2021,63.0,3,2,0,2,7,1,1,,4,,0,,2,2,0,1,(1),(1),1,,4,1,0,3,80,3,5,1,35,35123,1,2,0,3,le breil,48.010439,-1.893811,18,2,2
202100050405,111Â 598,A01,1,1,1,2,2,6,-1,0,0,-1,2021,18.0,1,1,0,2,1,1,1,,3,42,0,,2,2,0,2,10,500,1,, -1,1,0,1,50,16,2,1,88,88012,2,3,0,3,Sous les Roches,48.124976,6.528502,16,2,2
202100050904,110Â 689,B01,1,1,1,0,1,-1,-1,-1, -1,-1,2021,46.0,1,2,0,2,4,1,1,,4,BLUM  LEON RUE,0,,2,2,0,1,(1),(1),1,, -1,2,0,1,50,18,2,1,29,29232,2,1,0,2,Avenue LÃ©on Blum,47.986442,-4.080796,10,2,2
202100054094,105Â 055,A01,10,3,2,5,0,-1,-1,6,1,1,2021,65.0,1,5,0,1,2,26,1,,4,verdun ( avenue de ),0,,3,2,0,1,(1),(1),1,, -1,1,5,3,50,19,1,1,4,4070,2,1,1,6,Av de Verdun,44.0863,6.213,16,2,1
202100040475,129Â 257,A01,10,3,1,5,0,-1,-1,1,3,1,2021,12.0,3,2,0,1,2,1,1,,4,JARDINS (RUE DES),0,,-1,1,0,1,0,0,1,, -1,2,0,1,50,6,5,1,57,57368,2,3,1,6,JARDINS (RUE DES),49.33759,6.04003,18,2,1
202100048412,115Â 225,B01,3,2,1,5,8,0,-1,-1, -1,-1,2021,50.0,1,2,0,2,5,0,1,,2,RN136,0,,3,6,0,1,14,878,1,, -1,2,0,8,90,10,3,1,35,35238,1,1,1,2,RN136,48.11377,-1.71873,17,3,2