Num_Acc,id_vehicule,num_veh,place,catu,sexe,trajet,secu1,secu2,secu3,locp,actp,etatp,year_acc,victim_age,senc,catv,obs,obsm,choc,manv,motor,occutc,catr,voie,v1,v2,circ,nbv,vosp,prof,pr,pr1,plan,lartpc,larrout,surf,infra,situ,vma,jour,mois,lum,dep,com,agg_,int,atm,col,adr,lat,long,hour,nb_victim,nb_vehicules
202100019183,167Â 338,A01,1,1,1,1,1,0,-1,0,0,-1,2021,34.0,2,2,0,2,8,16,1,,3,PARIS (AVENUE DE),0,,2,2,0,1,1,570,1,, -1,1,0,1,50,13,9,5,27,27681,2,2,0,3,PARIS (AVENUE DE),49.08506,1.49876,22,2,2
202100039143,131Â 657,A01,1,1,1,1,2,6,-1,0,0,-1,2021,52.0,2,1,0,2,1,17,1,,4,RUE DE CHARENTON,0,,2,3,0,1,(1),(1),1,, -1,1,0,1,50,20,5,4,75,75112,2,2,0,3,RUE DE CHARENTON,48.837306,2.391208,21,3,2
202100033570,141Â 759,A01,1,1,1,0,1,0,-1,-1, -1,-1,2021,53.0,0,2,0,2,1,17,0,,7,JAURES (RUE JEAN),0,,2,2,0,1,(1),(1),1,, -1,1,0,1,50,18,6,2,59,59163,2,1,0,1,JAURES (RUE JEAN),50.677442629,3.1535913944,19,4,2
202100054318,104Â 668,B01,1,1,2,5,1,0,-1,-1, -1,-1,2021,41.0,1,2,0,2,4,23,1,,4,MOULINS (QUAI DE),0,,2,3,0,1,(1),(1),1,, -1,1,0,1,50,19,1,5,71,71306,2,1,0,2,MOULINS (QUAI DE),46.663617453,4.3500481546,18,2,2
202100011151,181Â 799,A01,1,1,1,1,1,-1,-1,0,0,-1,2021,19.0,0,2,0,0,9,1,1,,3,102,-1,,2,2,0,2,16,350,3,, -1,1,0,8,80,25,10,1,42,42021,1,1,0,6,Route de Saint Marcellin,45.508753,4.113908,12,1,1
202100023796,159Â 086,A01,1,1,1,5,2,6,-1,0,0,-1,2021,24.0,1,1,0,2,1,16,1,,3,6,2,D,2,2,0,2,9,900,4,, -1,1,0,1,50,17,8,1,87,87060,1,1,0,1,Les Pomperies,45.615647,0.891362,15,2,2
202100027967,151Â 711,A01,10,3,2,9,0,-1,-1,4,3,3,2021,27.0,2,1,0,1,1,7,3,,4,BOULEVARD DE MAGENTA,0,,2,4,3,1,(1),(1),1,, -1,1,5,6,50,20,7,1,75,75110,2,2,0,6,BOULEVARD DE MAGENTA,48.87854,2.354072,18,2,1
202100016085,172Â 893,A01,2,2,2,0,8,0,-1,-1, -1,-1,2021,34.0,3,3,8,0,2,15,0,4.0,4,JOFFRE (AVENUE DU MARECHAL),0,,2,1,0,2,0,0,1,, -1,2,9,4,50,29,9,1,91,91471,2,1,1,6,JOFFRE (AVENUE DU MARECHAL),48.69387,2.17718,8,4,1
202100000946,200Â 059,A01,1,1,2,0,1,-1,-1,0,0,-1,2021,47.0,2,2,0,2,2,13,1,,7,288,0,,2,2,0,1,4,993,1,, -1,1,0,1,80,30,12,1,35,35240,1,1,0,5,D288,48.096455,-1.78839,16,6,3
202100029762,148Â 588,A01,1,1,1,0,8,-1,-1,-1, -1,-1,2021,36.0,1,2,0,2,6,1,1,,4,PAUL TESTE                          (R ),0,,2,2,3,1,(1),(1),1,, -1,1,0,1,50,9,7,1,69,69256,2,1,0,2,PAUL TESTE (R),45.77278,4.91291,18,4,2
202100006985,189Â 278,A01,1,1,2,1,1,4,-1,-1, -1,-1,2021,44.0,1,5,4,0,1,14,1,,1,AUTOROUTE A86,0,,1,2,0,2,51,500,2,, -1,2,3,1,70,21,11,1,94,94034,1,1,1,1,AUTOROUTE A86,48.75745,2.33483,10,1,1
202100007028,189Â 195,B01,1,1,1,4,2,8,-1,-1, -1,-1,2021,22.0,0,1,0,2,1,1,1,,3,GRANDOU (AVENUE MICHEL),0,,-1,0,0,1,0,0,3,, -1,1,0,1,50,20,11,5,24,24557,2,3,1,3,GRANDOU (AVENUE MICHEL),45.18993,0.73392,21,2,2
202100019897,166Â 067,A01,1,1,1,1,1,0,-1,-1, -1,-1,2021,57.0,1,2,3,0,1,14,1,,3,D 1044,0,,2,2,0,1,47,0,2,, -1,2,9,1,80,9,9,3,2,2165,1,9,1,6,D 1044,49.652973,3.388642,4,1,1
202100018953,167Â 765,A01,1,1,1,5,2,6,-1,-1, -1,-1,2021,22.0,3,1,4,0,3,13,1,,3,ALOUETTE (AVENUE),0,,3,4,0,2,0,0,3,, -1,1,0,1,50,13,9,1,37,37261,2,1,0,6,ALOUETTE (AVENUE),47.36264,0.6961,9,1,1
202100050723,111Â 018,A01,2,2,1,0,2,0,-1,-1, -1,-1,2021,26.0,2,1,4,0,8,1,1,,1,AUTOROUTE A86,0,,3,6,0,1,27,250,1,, -1,1,0,1,90,20,2,3,93,93064,1,1,0,6,AUTOROUTE A86,48.8771,2.47767,21,2,1
202100041810,126Â 874,B01,1,1,2,5,2,0,-1,0,0,-1,2021,24.0,2,1,0,2,2,1,5,,4,RUE MARX DORMOY,0,,3,3,1,1,(1),(1),1,, -1,1,0,5,50,1,5,1,75,75118,2,3,0,3,RUE MARX DORMOY,48.886115,2.359479,14,2,2
202100051618,109Â 426,A01,1,1,2,9,1,-1,-1,0,0,-1,2021,41.0,1,2,8,0,1,1,1,,3,958,-1,,2,2,0,4,54,600,3,, -1,1,0,3,80,13,2,1,58,58035,1,1,0,6,D958,47.061732,3.426404,12,1,1
202100030853,146Â 613,A01,1,1,1,5,2,6,-1,0,0,-1,2021,27.0,2,1,0,2,2,3,1,,4,BOULEVARD PERIPHERIQUE,0,,1,2,0,1,2,800,1,, -1,1,0,1,70,3,7,1,75,75113,2,1,0,4,BOULEVARD PERIPHERIQUE,48.816317,2.357204,18,3,3
202100007318,188Â 671,B01,1,1,1,0,2,0,-1,0,0,-1,2021,23.0,2,1,0,2,1,1,1,,4,ARIANE (BD DE L'),0,,3,5,0,1,(1),(1),1,, -1,1,0,1,50,18,11,5,6,6088,2,1,0,3,ARIANE (BD DE L'),43.733162,7.288994,19,2,2
202100029220,149Â 530,A01,1,1,1,1,1,-1,-1,0,0,-1,2021,25.0,1,2,13,0,2,1,1,,3,808,-1,,2,2,0,2,6,650,3,, -1,2,0,3,90,13,7,1,48,48072,1,1,1,6,D808,44.504372,3.338084,20,1,1
202100009336,185Â 016,B01,1,1,1,5,2,-1,-1,0,0,-1,2021,18.0,1,1,0,2,5,1,5,,3,206,0,D,2,2,0,1,5,500,1,, -1,1,0,1,80,5,11,1,49,49030,1,1,0,2,D206,47.362207,-0.040794,14,2,2
202100052360,108Â 126,G01,9,2,1,5,1,-1,-1,0,0,-1,2021,28.0,2,2,0,2,1,2,1,,7,723,0,,2,2,0,2,35,300,1,, -1,2,0,1,80,6,2,2,44,44026,1,1,1,4,ROUTE DÃPARTEMENTALE 723,47.297132,-1.405821,17,12,8
202100015284,174Â 391,C01,1,1,1,2,1,-1,-1,0,0,-1,2021,37.0,1,2,0,2,1,2,1,,2,4,-1,,2,2,0,2,(1),(1),1,, -1,1,0,1,50,4,10,5,976,97615,2,1,0,2,20 route nationale 4,-12.794837,45.272904,18,4,3
202100023094,160Â 334,A01,1,1,1,5,2,0,-1,-1, -1,-1,2021,34.0,2,1,0,0,9,26,1,,2,BALATA (ROUTE DE),0,,2,2,0,1,(1),(1),2,, -1,1,0,1,50,20,8,3,972,97209,1,1,0,6,BALATA (ROUTE DE),14.66971,-61.09066,18,1,1
202100031797,144Â 924,A01,10,3,2,5,0,-1,-1,4,3,1,2021,79.0,2,4,0,1,1,1,0,,2,7,0,,2,2,0,1,28,198,1,, -1,1,0,1,50,29,6,1,26,26347,2,2,0,6,71 Avenue Jean JaurÃ©s,45.069976,4.839003,15,2,1
202100024291,158Â 250,B01,1,1,2,5,1,-1,-1,0,0,-1,2021,20.0,3,2,0,2,7,15,1,,4,SAINTE THERESE (AVENUE),0,,2,1,0,1,1,0,2,, -1,1,0,1,50,13,8,1,14,14118,2,6,0,3,Avenue Sainte ThÃ©rÃ¨se,49.17056,-0.339,20,2,2
202100012996,178Â 514,A01,1,1,1,3,2,6,-1,0,0,-1,2021,23.0,3,1,0,2,1,1,1,,4,,-1,,2,2,0,2,(1),(1),1,,4,1,0,1,50,15,10,1,56,56007,2,3,1,3,Avenue President Wilson,47.668541,-2.977826,17,2,2
202100006083,190Â 928,B01,1,1,1,5,1,0,-1,-1, -1,-1,2021,36.0,1,2,0,2,4,2,1,,1,A86 INT,0,,3,3,0,1,41,400,1,, -1,2,0,1,90,27,11,3,94,94002,1,1,1,2,A86 INT,48.7763,2.4294,1,2,2
202100041841,126Â 827,A01,5,2,1,5,0,-1,-1,0,0,-1,2021,40.0,1,2,13,0,2,1,1,,4,,-1,,2,2,0,1,(1),(1),2,, -1,1,0,3,50,1,5,1,71,71351,2,1,0,7,Chemin de la Ferme Rouge,46.887665,5.280862,20,3,1
202100017911,169Â 607,A01,10,3,2,3,0,-1,-1,8,9,2,2021,93.0,0,2,0,1,4,20,1,,6,,-1,,-1,-1,0,1,(1),(1),1,,4,2,0,1,30,18,9,1,33,33138,2,9,0,6,28b Rue Baste,45.035197,-0.128905,16,2,1
202100029559,148Â 953,A01,1,1,1,1,2,6,-1,-1, -1,-1,2021,25.0,2,1,1,0,9,18,1,,2,RN104,0,,1,2,0,1,7,599,1,, -1,1,0,6,90,9,7,1,77,77373,1,1,0,2,RN104,48.7669394254,2.6137633301,18,2,2
202100027492,152Â 584,B01,1,1,1,9,2,8,-1,-1, -1,-1,2021,62.0,3,1,0,2,7,1,1,,4,LALLOUETTE,0,,1,1,0,1,(1),(1),1,, -1,1,9,1,50,22,7,1,973,97302,2,9,0,3,LALLOUETTE,4.9407170049,-52.3292470734,16,2,2
202100008379,186Â 754,A01,1,1,1,9,2,0,-1,-1, -1,-1,2021,47.0,2,1,0,2,1,1,5,,3,PAVE DES GARDES (ROUTE DU),0,,-1,2,0,2,0,0,1,, -1,1,5,1,50,12,11,1,92,92022,2,3,0,3,PAVE DES GARDES (ROUTE DU),48.8054566882,2.1844500303,12,2,2
202100043453,123Â 987,A01,1,1,1,1,0,0,-1,-1, -1,-1,2021,19.0,1,1,0,2,8,9,5,,4,PERRIERES (DES) (RUE),0,,2,2,0,1,(1),(1),3,, -1,1,0,1,50,19,4,2,21,21231,2,9,0,3,Rue des PerriÃ¨res,47.323279066,5.0218033791,6,2,2
202100043044,124Â 735,A01,1,1,2,0,1,0,-1,-1, -1,-1,2021,42.0,3,2,0,2,2,1,0,,7,OLIVES (AVENUE DES),0,,2,2,0,1,1,0,1,, -1,1,0,1,50,22,4,1,13,13213,2,3,0,3,OLIVES (AVENUE DES),43.3290982252,5.4308610409,8,2,2
202100040013,130Â 070,A01,1,1,1,0,2,-1,-1,0,0,-1,2021,22.0,1,1,0,0,1,0,1,,3,942,-1,D,2,2,0,1,(1),(1),1,, -1,1,0,1,50,12,5,1,59,59541,2,1,0,7,Rue de Cambrai,50.188591,3.479368,12,1,1
202100055554,102Â 552,B01,1,1,1,5,2,8,-1,-1, -1,-1,2021,70.0,1,1,0,2,8,16,1,,4,GALLIENI (RUE),0,,3,2,2,1,0,0,1,, -1,1,0,1,50,9,1,1,92,92063,2,3,0,3,GALLIENI (RUE),48.86829,2.20366,14,2,2
202100017905,169Â 615,A01,10,3,2,0,0,-1,-1,4,3,2,2021,18.0,1,2,0,1,2,1,1,,3,DOCTEUR DERVAUX  ( QUAI DU ),0,,1,2,0,1,0,0,1,, -1,1,0,1,50,18,9,5,92,92004,2,3,0,6,DOCTEUR DERVAUX  ( QUAI DU ),48.9083415169,2.2927445654,22,2,1
202100053919,105Â 367,A01,1,1,2,1,1,0,-1,-1, -1,-1,2021,51.0,2,2,16,0,4,2,1,,3,MADELEINE (ROUTE DE LA),0,,1,1,0,1,1,750,2,, -1,2,0,1,50,23,1,3,973,97302,2,6,0,2,MADELEINE (ROUTE DE LA),4.92498,-52.32393,19,2,2
202100000193,201Â 397,A01,2,2,2,9,1,-1,-1,0,0,-1,2021,74.0,2,2,0,2,3,1,1,,3,32,0,D,-1,2,0,1,15,600,3,, -1,2,0,1,80,17,12,1,74,74073,1,1,0,1,d32,46.34632,6.631236,13,6,2
202100003036,196Â 354,A01,1,1,2,9,1,0,-1,-1, -1,-1,2021,20.0,2,2,0,2,4,2,1,,1,Autoroute A31,0,,3,4,0,1,331,0,1,, -1,1,0,1,90,14,12,3,57,57672,1,1,0,6,Autoroute A31,49.34842,6.16187,2,1,1
202100002522,197Â 268,B01,1,1,2,0,1,-1,-1,0,0,-1,2021,41.0,1,2,0,2,1,1,1,,3,47,0,,2,2,0,2,13,5,3,, -1,7,0,1,80,17,12,1,43,43137,1,1,0,1,Le Regard,45.266392,4.159849,16,2,2
202100048550,114Â 969,A01,1,1,2,3,1,-1,-1,-1, -1,-1,2021,74.0,2,2,0,2,1,0,1,,3,PRESIDENT ALLENDE BOULEVARD,0,,-1,1,0,1,54,100,2,, -1,2,0,1,50,10,3,1,29,29232,2,6,1,3,D783 - Boulevard President Allende,47.99465,-4.07299,11,3,2
202100042356,125Â 912,A01,2,2,1,5,2,0,-1,0,0,-1,2021,33.0,1,1,0,2,8,13,1,,4,RUE LA FAYETTE,0,,2,2,0,1,(1),(1),1,, -1,1,8,1,50,27,4,1,75,75110,2,2,0,3,RUE LA FAYETTE,48.879741,2.358702,17,3,2
202100044667,121Â 873,B01,1,1,1,1,1,-1,-1,-1, -1,-1,2021,52.0,3,2,0,2,2,1,1,,4,CONDORCET                           (R ),0,,2,2,0,1,(1),(1),1,, -1,1,0,1,50,8,4,1,69,69290,2,2,0,4,CONDORCET (R),45.7048025031,4.9155024892,8,3,3
202100042270,126Â 075,B01,1,1,1,1,1,-1,-1,0,0,-1,2021,29.0,1,2,9,0,4,1,1,,3,6,0,,2,2,0,1,7,440,1,, -1,1,0,1,50,22,4,3,14,14047,2,2,0,2,Rue de Port-en-bessin,49.289467,-0.720318,5,2,2
202100027897,151Â 845,A01,2,2,1,5,1,-1,-1,-1, -1,-1,2021,48.0,0,6,0,0,7,10,1,,4,FRISSARD (QUAI),0,,2,2,1,1,(1),(1),1,, -1,1,0,1,50,17,7,1,76,76351,2,1,0,7,FRISSARD (QUAI),49.48925,0.12282,18,2,1
202100012815,178Â 815,B01,1,1,1,5,2,0,-1,-1, -1,-1,2021,35.0,3,1,0,2,1,17,1,,4,EPERON (AVENUE DE L'),0,,2,2,0,1,0,0,1,, -1,1,0,1,50,16,10,1,91,91549,2,2,0,3,EPERON (AVENUE DE L'),48.64072,2.33645,14,4,2
202100016375,172Â 363,A01,10,3,2,2,0,-1,-1,3,3,1,2021,20.0,1,2,0,1,1,15,3,,4,VELLARD (RUE ALCIDE),0,,1,1,0,1,0,0,1,, -1,1,0,1,50,28,9,1,93,93008,2,3,0,1,VELLARD (RUE ALCIDE),48.909078,2.443136,7,2,1
202100012059,180Â 154,B01,1,1,1,2,1,0,-1,-1, -1,-1,2021,40.0,3,2,0,2,1,2,1,,5,GRANDE ALLEE,0,,2,2,0,1,1,0,1,, -1,1,0,1,50,19,10,1,94,94011,2,1,0,3,Grande AllÃ©e,48.76849,2.49423,16,4,2
202100051687,109Â 305,B01,1,1,1,0,1,-1,-1,-1, -1,-1,2021,53.0,1,2,0,2,2,1,1,,3,BREST ROUTE DE,0,,2,2,0,1,6,600,1,, -1,5,5,1,50,11,2,1,29,29232,1,3,1,3,D770 - Route de Brest,48.0391,-4.07279,10,2,2
202100011547,181Â 078,A01,10,3,2,1,0,-1,-1,2,3,1,2021,56.0,1,2,0,1,1,1,1,,4,DONZELOT (RUE),0,,2,2,0,1,0,0,1,, -1,1,0,1,50,22,10,5,87,87085,2,1,0,6,DONZELOT (RUE),45.83257,1.27131,7,2,1
202100014872,175Â 129,A01,10,3,1,9,0,-1,-1,3,3,2,2021,9.0,1,1,0,1,1,1,1,,3,ARGENTEUIL AV D',0,,2,0,0,1,0,0,1,, -1,1,0,1,50,5,10,5,92,92004,2,3,0,6,ARGENTEUIL AV D',48.9186567233,2.2812925279,21,2,1
202100000090,201Â 588,B01,1,1,1,5,8,0,-1,-1, -1,-1,2021,14.0,3,1,0,2,3,19,5,,3,ST LOUIS(PLACE),0,,1,2,0,1,0,0,1,, -1,1,5,1,50,13,10,1,38,38544,2,7,0,6,ST LOUIS(PLACE),45.52793,4.87396,13,2,2
202100026246,154Â 784,A01,1,1,1,1,8,0,-1,-1, -1,-1,2021,25.0,1,2,0,0,9,13,1,,7,Autoroute A.35,0,,1,1,0,1,302,600,1,, -1,1,0,3,90,28,7,3,67,67482,1,1,0,7,M35,48.58147,7.72428,22,1,1
202100010388,183Â 145,A01,1,1,1,4,2,6,-1,-1, -1,-1,2021,50.0,1,1,0,0,3,1,3,,4,,0,,2,2,0,1,0,0,1,, -1,2,0,1,50,29,10,1,92,92012,2,1,1,7,BONTEMPS (rue Marcel),48.8263545059,2.24002745,16,1,1
202100009301,185Â 076,B01,1,1,1,9,2,8,-1,-1, -1,-1,2021,29.0,3,1,0,2,0,0,1,,3,CARR DE POMPADOUR,0,,1,1,0,1,1,0,1,, -1,1,0,1,50,5,11,1,94,94028,2,6,0,3,Carrefour de Pompadour,48.7747,2.43937,17,2,2
202100028504,150Â 763,B01,3,2,1,5,1,0,-1,-1, -1,-1,2021,27.0,1,2,0,2,4,1,1,,3,LAPLACE (AV),0,,2,2,0,1,0,0,1,, -1,1,0,1,30,17,7,1,94,94003,2,1,0,2,LAPLACE (AV),48.80746,2.3348,15,4,2
202100020540,164Â 923,A01,10,3,2,9,0,-1,-1,1,5,2,2021,2.0,1,2,0,1,2,26,1,,4,AV M BOURGES MAUNOURY,0,,-1,1,0,1,(1),(1),1,, -1,1,9,1,50,6,9,1,31,31555,2,1,0,6,AV M BOURGES MAUNOURY,43.631128,1.449562,17,2,1
202100026695,153Â 995,A01,1,1,1,0,2,8,-1,-1, -1,-1,2021,46.0,1,1,12,0,0,2,1,,3,CROIZAT AMBROISE RD 29 BIS,0,,2,1,0,1,0,1,1,, -1,1,0,1,50,28,7,1,93,93066,2,1,0,6,Rue Ambroise Croizat,48.93227,2.348984,19,1,1
202100021339,163Â 509,A01,2,2,1,4,1,-1,-1,0,0,-1,2021,42.0,1,2,0,2,6,19,1,,3,D.26,-1,,2,2,0,1,(1),(1),1,, -1,1,0,1,80,2,9,1,11,11067,1,2,0,3,Avenue de LÃ©zignan,43.218981,2.845947,18,3,2
202100004928,192Â 983,B01,1,1,1,0,2,0,-1,-1, -1,-1,2021,46.0,1,1,0,2,2,1,1,,4,AV RASPAIL ,0,,1,1,0,1,1,0,1,, -1,2,0,1,30,3,12,1,94,94068,2,1,1,3,Avenue Raspail,48.78618,2.48637,13,2,2
202100033872,141Â 214,A01,1,1,1,5,2,6,-1,0,0,-1,2021,32.0,1,1,0,2,2,13,1,,4,PORTE D ORLEANS,0,,1,4,0,1,5,600,1,, -1,1,0,1,70,14,6,1,75,75114,2,1,0,2,PORTE D ORLEANS,48.820927,2.321828,10,4,2
202100035205,138Â 772,A01,10,3,2,5,0,-1,-1,2,5,1,2021,2.0,0,5,0,1,3,1,0,,4,RUE EUGENE SUE,0,,1,1,0,1,(1),(1),1,, -1,1,0,1,30,10,6,1,75,75118,2,1,0,6,RUE EUGENE SUE,48.891432,2.347981,20,2,1
202100001153,199Â 712,B01,1,1,1,5,1,0,-1,-1, -1,-1,2021,43.0,2,2,6,2,7,1,1,,3,FELIX EBOUE(ROCADE),0,,2,2,0,1,1,900,1,, -1,1,0,1,50,27,12,5,973,97302,2,2,0,3,MANGO (ROUTE),4.92959,-52.31512,2,3,2
202100016327,172Â 455,A01,1,1,1,5,1,-1,-1,0,0,-1,2021,27.0,1,2,0,2,3,1,1,,3,488,-1,,2,2,0,1,7,0,3,, -1,1,0,1,80,26,9,1,69,69236,1,1,0,1,D488,45.564147,4.699595,18,3,2
202100050361,111Â 678,B01,1,1,2,1,8,0,-1,0,0,-1,2021,20.0,2,1,0,2,1,1,5,,4,RUE DE VAUGIRARD,0,,1,4,1,1,(1),(1),1,, -1,1,-1,5,50,24,2,1,75,75115,2,3,0,3,RUE DE VAUGIRARD,48.835495,2.292766,14,2,2
202100000812,200Â 270,B01,1,1,1,0,1,0,-1,-1, -1,-1,2021,30.0,1,2,0,2,4,2,1,,1,AUTOROUTE A5A,0,,3,8,0,1,0,899,1,, -1,1,0,1,90,31,12,3,77,77251,1,1,0,2,AUTOROUTE A5A,48.6231372075,2.5429465165,0,2,2
202100008440,186Â 650,A01,10,3,1,0,0,-1,-1,1,3,1,2021,59.0,2,2,0,1,2,1,1,,2,RN9,0,,1,3,0,2,0,699,1,, -1,1,0,1,50,11,11,2,972,97209,1,1,0,6,RN9,14.598491,-61.053304,5,2,1
202100001265,199Â 500,A01,1,1,1,1,1,0,-1,-1, -1,-1,2021,28.0,1,2,3,2,1,1,1,,2,RN104,0,,3,2,0,1,7,25,1,, -1,2,0,1,90,27,12,3,77,77373,1,1,1,3,RN104,48.77372,2.61191,7,2,2
202100032896,142Â 959,A01,1,1,1,5,1,0,-1,-1, -1,-1,2021,21.0,2,2,6,0,1,15,1,,4,GRANDE RUE,0,,2,2,0,1,0,0,1,, -1,1,0,4,50,19,6,5,2,2059,2,1,0,6,GRANDE RUE,49.649954,3.34887,23,1,1
202100024241,158Â 338,A01,1,1,1,4,2,0,-1,-1, -1,-1,2021,33.0,1,1,0,2,7,1,0,,3,COUR DE FRANCE (AVENUE DE LA),0,,1,3,0,1,0,0,1,, -1,1,0,1,50,13,8,5,91,91326,2,1,0,3,COUR DE FRANCE (AVENUE DE LA),48.69796,2.37194,22,2,2
202100042070,126Â 428,B01,1,1,1,0,2,6,-1,-1, -1,-1,2021,54.0,1,1,0,2,8,15,1,,3,ROSNY (AVENUE DE) NÂ° 53 A 243,0,,1,2,0,1,0,1,1,, -1,1,8,1,50,29,4,1,93,93053,2,2,0,3,ROSNY (AVENUE DE) NÂ° 53 A 243,48.8891513002,2.4713605642,12,2,2
202100020575,164Â 856,B01,1,1,1,0,1,0,-1,-1, -1,-1,2021,42.0,1,2,0,2,4,23,1,,3,PINCE VENT (AV DE),0,,2,2,0,1,0,0,1,, -1,1,0,1,30,6,9,1,94,94055,2,4,0,2,PINCE VENT (AV DE),48.7905760326,2.5515559316,13,2,2
202100038910,132Â 078,B01,1,1,1,1,1,8,-1,-1, -1,-1,2021,24.0,1,2,9,2,1,1,1,,3,CD 40,0,,3,2,0,1,(1),(1),1,, -1,1,5,1,50,18,5,3,59,59284,1,2,0,3,CD 40,50.417631,3.407234,22,2,2
202100015992,173Â 082,A01,1,1,1,5,8,-1,-1,0,0,-1,2021,27.0,2,2,2,0,1,1,1,,3,926,-1,,2,2,0,1,7,257,1,, -1,1,0,3,50,1,10,3,82,82179,2,1,0,6,9 Route de Caylus,44.177988,1.623363,3,1,1
202100003174,196Â 093,A01,1,1,1,4,1,8,-1,-1, -1,-1,2021,33.0,1,2,0,2,6,15,1,,1,86,0,,1,2,0,2,8,0,2,, -1,1,3,1,50,11,12,1,92,92036,2,2,0,3,PIERRE DE COUBERTIN PROLONGE,48.9358413218,2.2797060013,8,2,2
202100017352,170Â 629,A01,1,1,1,5,2,6,-1,-1, -1,-1,2021,36.0,2,1,0,2,8,15,1,,2,ROUTE NATIONALE 230,0,,3,4,0,1,42,620,2,, -1,1,3,1,50,23,9,1,33,33249,2,3,0,3,Rocade Rive Droite N230 -E26-,44.867879,-0.506475,15,2,2
202100014730,175Â 382,B01,1,1,1,1,2,6,-1,-1, -1,-1,2021,57.0,1,1,6,0,3,0,1,,1,AUTOROUTE A86,0,,3,2,0,2,51,0,1,, -1,1,0,1,90,7,10,1,94,94034,1,1,0,3,AUTOROUTE A86,48.7576104442,2.3283290863,16,2,2
202100009900,183Â 995,A01,1,1,2,5,1,0,-1,-1, -1,-1,2021,24.0,1,2,6,0,3,1,1,,3,RAYMOND POINCARE  (AVENUE),0,,3,2,0,2,54,36,2,, -1,2,2,3,50,31,10,5,77,77243,2,1,1,6,D231,48.87642,2.72163,19,1,1
202100009244,185Â 186,B01,2,2,1,5,1,-1,-1,-1, -1,-1,2021,66.0,2,2,0,2,1,13,1,,3,CD 1,0,,2,2,0,1,49,160,1,, -1,2,0,1,50,3,11,1,51,51504,2,1,1,1,Voie Chanteraine,48.9902,4.33835,9,3,2
202100017610,170Â 142,B01,1,1,1,1,2,0,-1,-1, -1,-1,2021,52.0,2,1,0,0,0,7,5,,4,MARIUS VIVIER MERLE                 (BD),0,,2,2,3,1,(1),(1),1,, -1,1,8,1,50,21,9,1,69,69383,2,1,0,3,MARIUS VIVIER MERLE                 (BD),45.75975,4.85811,9,2,2
202100048395,115Â 252,A01,1,1,2,0,1,8,-1,-1, -1,-1,2021,50.0,1,2,0,2,1,14,1,,4,ENGELBREIT (RUE DE L ),0,,2,2,0,1,(1),(1),1,, -1,1,0,1,50,10,3,1,67,67482,2,1,0,2,ENGELBREIT (RUE DE L ),48.5814493263,7.7073773053,13,2,2
202100020210,165Â 506,A01,10,3,2,9,0,-1,-1,9,3,2,2021,37.0,3,1,0,1,1,26,1,,4,m'tsapere-Maeventana (rue),0,,2,2,0,2,0,0,1,, -1,1,0,1,50,7,9,1,976,97611,2,1,0,6,m'tsapere-Maeventana (rue),-12.78828,45.22046,6,2,1
202100035091,138Â 974,A01,1,1,2,0,1,0,-1,-1, -1,-1,2021,84.0,2,2,0,2,1,2,1,,3,LEON LUM AVENUE,0,,3,4,0,1,0,1,1,, -1,1,0,1,50,11,6,1,93,93046,2,2,1,4,Chemin des Postes / Avenue LÃ©on Blum,48.90838,2.5336,14,3,3
202100000460,200Â 883,C01,2,2,2,9,1,0,-1,-1, -1,-1,2021,63.0,2,2,0,2,4,2,1,,1,AUTOROUTE A1,0,,3,4,0,1,1,0,1,, -1,1,0,1,90,13,11,1,972,97209,1,1,0,4,AUTOROUTE A1,14.616394,-61.04284,13,4,3
202100032507,143Â 660,A01,1,1,1,1,2,6,-1,0,0,-1,2021,18.0,2,1,0,2,2,3,3,,4,RUE DE THIONVILLE,0,,2,2,0,1,(1),(1),1,, -1,1,0,1,50,24,6,1,75,75119,2,2,0,3,RUE DE THIONVILLE,48.889362,2.383693,20,2,2
202100021550,163Â 118,A01,1,1,1,3,2,6,-1,0,0,-1,2021,36.0,1,1,0,0,3,1,1,,3,84,-1,,2,2,0,1,7,0,1,, -1,1,0,1,50,31,8,1,14,14488,2,1,0,7,D84,49.268071,-0.258479,18,1,1
202100030974,146Â 383,B01,2,2,2,5,1,-1,-1,-1,0,-1,2021,31.0,2,2,0,0,4,2,1,,1,AUTOROUTE A15,0,,3,9,0,1,8,500,1,, -1,1,0,1,110,3,7,3,95,95582,1,1,0,2, A15,48.96624,2.25746,23,3,2
202100013492,177Â 619,A01,10,3,2,0,0,-1,-1,3,3,1,2021,27.0,0,2,0,1,1,1,1,,4,SAINT FUSCIEN (RUE),0,,2,2,0,1,(1),(1),1,, -1,2,0,1,50,12,10,5,80,80021,2,1,1,6,SAINT FUSCIEN (RUE),49.88697,2.3034,20,2,1
202100031432,145Â 559,A01,2,2,2,0,8,0,-1,-1, -1,-1,2021,23.0,2,2,14,2,1,2,1,,4,GAMBETTA (R),0,,1,1,0,1,1,0,1,, -1,1,0,1,30,1,7,5,94,94033,2,9,0,2,Rue Gambetta,48.85024,2.46468,2,6,2
202100016563,172Â 026,A01,10,3,2,9,0,-1,-1,8,B,2,2021,36.0,3,2,9,1,0,26,1,,4,,0,,-1,0,0,1,0,0,1,, -1,1,9,8,50,23,9,2,92,92004,2,1,0,6,DOCTEUR FLEMING ( AVNUE DU ),48.9328433126,2.2794900835,18,3,1
202100014695,175Â 448,A01,1,1,1,0,1,-1,-1,0,0,-1,2021,64.0,2,2,0,2,1,1,1,,3,119,0,D,2,2,0,1,(1),(1),1,, -1,1,0,1,80,7,10,2,9,9177,1,1,1,6,D119,43.107672,1.546733,18,1,1