Num_Acc,id_vehicule,num_veh,place,catu,sexe,trajet,secu1,secu2,secu3,locp,actp,etatp,year_acc,victim_age,senc,catv,obs,obsm,choc,manv,motor,occutc,catr,voie,v1,v2,circ,nbv,vosp,prof,pr,pr1,plan,lartpc,larrout,surf,infra,situ,vma,jour,mois,lum,dep,com,agg_,int,atm,col,adr,lat,long,hour,nb_victim,nb_vehicules
202100003782,195Â 005,A01,1,1,1,9,0,-1,-1,0,0,-1,2021,47.0,1,2,0,2,3,13,1,,3,15,0,,2,2,0,1,19,900,1,, -1,7,0,1,80,9,12,2,45,45182,1,1,0,6,D15,47.706614,1.792563,8,2,2
202100027388,152Â 760,B01,1,1,1,4,2,6,-1,0,0,-1,2021,34.0,1,1,0,2,7,17,1,,4,AVENUE DU PRESIDENT WILSON,0,,3,4,0,2,(1),(1),1,, -1,1,0,1,50,23,7,1,75,75116,2,2,0,3,AVENUE DU PRESIDENT WILSON,48.863765,2.290674,17,4,2
202100002243,197Â 772,A01,1,1,1,5,8,0,-1,-1, -1,-1,2021,25.0,2,2,9,0,3,1,1,,3,AIGUILHE (ROCADE D'),0,,1,1,0,1,0,868,1,, -1,7,5,3,50,18,12,5,43,43002,2,1,1,6,Avenue de Bonneville,45.05073,3.88242,21,2,1
202100007692,188Â 006,B01,1,1,1,0,2,6,-1,-1, -1,-1,2021,30.0,1,1,0,2,7,11,1,,3,DOCTEUR DERVAUX  ( QUAI DU ),0,,4,2,0,1,0,0,1,, -1,1,0,1,50,16,11,1,92,92004,2,1,0,3,DOCTEUR DERVAUX  ( QUAI DU ),48.90948,2.29401,18,2,2
202100049675,112Â 948,B01,1,1,1,1,2,0,-1,-1, -1,-1,2021,47.0,2,1,0,2,2,2,1,,3,JEAN JAURES (R),0,,2,4,0,1,1,0,1,, -1,1,0,1,50,1,3,1,94,94017,2,1,0,3,JEAN JAURES (R),48.81389,2.50974,9,2,2
202100026265,154Â 751,B01,1,1,2,5,2,-1,-1,-1,0,-1,2021,53.0,1,1,0,2,6,1,5,,3,VICTOR BORDIER(BOULEVARD),0,,3,4,1,1,7,450,1,, -1,1,5,1,50,30,7,1,95,95424,2,6,0,3,RD 14,48.9927377478,2.1984251924,15,2,2
202100025789,155Â 594,B01,1,1,1,1,2,6,-1,-1, -1,-1,2021,25.0,1,1,0,2,3,1,1,,3,19,0,,1,3,3,1,0,0,1,, -1,1,0,1,50,31,7,5,92,92024,2,3,0,3,MARTRE (RUE) DE (111 A 119)   (122 A 144,48.9068662973,2.302567585,23,2,2
202100008929,185Â 756,A01,1,1,1,5,2,6,-1,-1, -1,-1,2021,67.0,1,1,0,2,7,1,1,,4,ETATS UNIS (DES)                    (BD),0,,2,4,3,1,(1),(1),1,, -1,1,0,1,50,7,11,1,69,69388,2,2,0,2,ETATS UNIS (DES) (BD),45.73713,4.8615,14,2,2
202100023129,160Â 272,B01,3,2,1,4,1,0,-1,0,0,-1,2021,28.0,3,2,0,2,3,1,1,,4,RUE DE CLIGNANCOURT,0,,1,1,0,1,(1),(1),1,, -1,1,0,1,30,20,8,1,75,75118,2,5,0,3,RUE DE CLIGNANCOURT,48.890432,2.34846,18,4,2
202100001780,198Â 609,A01,1,1,1,5,1,-1,-1,0,0,-1,2021,81.0,1,2,13,0,2,1,1,,3,612,0,D,2,2,0,1,106,825,3,, -1,2,0,3,90,24,12,1,34,34193,1,1,1,7,Route dÃ©partementale 612,43.473259,2.873043,10,1,1
202100005596,191Â 805,A01,10,3,2,9,0,-1,-1,3,3,1,2021,76.0,1,2,0,1,1,1,1,,3,930,-1,,2,2,0,1,26,0,1,, -1,2,0,1,50,30,11,5,60,60178,2,2,1,6,Avenue du ChÃ¢teau,49.607213,2.077215,17,2,1
202100044327,122Â 433,A01,1,1,2,1,1,-1,-1,0,0,-1,2021,53.0,2,2,2,0,1,1,1,,7,973,0,,2,2,0,1,59,600,1,, -1,1,0,3,80,13,4,1,84,84089,1,1,0,6,Route de la Bastidonne,43.69855,5.553846,8,1,1
202100023989,158Â 757,A01,1,1,1,0,8,0,-1,-1, -1,-1,2021,40.0,1,1,0,0,3,2,1,,2,RN9,0,,2,2,0,1,0,0,3,, -1,2,9,1,50,15,8,3,972,97209,1,1,0,6,RN9,14.59758,-61.05424,5,1,1
202100041129,128Â 093,A01,10,3,1,0,0,-1,-1,2,3,1,2021,89.0,3,2,0,1,1,9,1,,4,CHASSEURS ALPINS (ROND-POINT),0,,1,0,0,2,(1),(1),3,, -1,1,0,1,50,6,5,1,6,6069,2,9,0,6,CHASSEURS ALPINS (ROND-POINT),43.65056,6.92205,11,2,1
202100035303,138Â 601,A01,1,1,1,3,2,0,-1,0,0,-1,2021,31.0,2,1,0,2,1,17,1,,4,RUE CURIAL,0,,2,2,0,1,(1),(1),1,, -1,1,0,1,50,10,6,1,75,75119,2,3,0,3,RUE CURIAL,48.892066,2.372568,15,2,2
202100050292,111Â 810,B01,1,1,1,9,1,0,-1,0,0,-1,2021,29.0,1,2,0,2,6,1,1,,1,A13W,0,,1,4,0,1,1,500,1,, -1,1,1,1,70,25,2,5,75,75116,1,1,0,2,A13W,48.848377,2.247359,6,2,2
202100051297,109Â 985,A01,10,3,2,5,0,-1,-1,5,1,1,2021,62.0,1,2,0,1,3,13,1,,4,BOUET (DE 1 A 33 ET 2 A 18),0,,2,1,0,1,(1),(1),1,, -1,2,0,1,50,14,2,1,29,29019,2,1,1,6,Rue Bouet,48.414509,-4.495354,16,2,1
202100040682,128Â 907,B01,1,1,1,0,8,-1,-1,0,0,-1,2021,49.0,1,2,0,2,8,1,1,,3,941,-1,,2,2,0,1,5,150,1,, -1,1,0,1,80,10,5,1,28,28046,1,1,0,1,D941 - PK 5 +150,48.663838,0.912514,17,2,2
202100000307,201Â 170,B01,1,1,2,9,2,0,-1,-1, -1,-1,2021,50.0,1,0,0,2,1,0,5,,4,DESCHIZEAUX (ROND POINT LOUIS),0,,2,2,0,1,(1),(1),3,, -1,1,0,1,50,22,6,1,36,36044,2,6,0,3,deschizeau,46.81032,1.68703,14,2,2
202100020412,165Â 153,A01,1,1,1,5,2,-1,-1,0,0,-1,2021,60.0,2,1,0,0,0,1,5,,3,986,-1,,2,2,0,2,2,700,3,, -1,1,0,1,80,31,8,1,30,30139,1,1,0,6,RD986,44.138887,3.405204,13,1,1
202100039942,130Â 193,B01,1,1,1,2,2,8,-1,-1, -1,-1,2021,16.0,2,1,0,2,7,1,1,,4,DOUZILLIERE (RUE DE LA),0,,2,2,0,1,(1),(1),2,, -1,2,5,1,50,14,5,1,37,37122,2,6,1,6,DOUZILLIERE (RUE DE LA),47.3390177546,0.6535197397,15,2,2
202100025238,156Â 544,B01,1,1,1,0,1,0,-1,-1, -1,-1,2021,44.0,1,5,0,2,4,2,1,,2,N12Y,0,,-1,2,0,1,29,200,1,, -1,1,0,1,110,6,8,1,78,78073,1,1,0,2,N12Y,48.797159,2.019518,13,3,2
202100012013,180Â 238,A01,10,3,1,2,0,-1,-1,3,3,1,2021,17.0,3,2,0,1,1,1,1,,7,LEZENNES BOULEVARD DE,0,,3,3,2,1,(1),(1),1,, -1,3,0,1,50,20,10,5,59,59350,2,3,1,6,NAPOLEON CHEMIN DU PAVE,50.61809,3.10932,7,2,1
202100010488,182Â 977,B01,1,1,1,1,1,0,-1,-1, -1,-1,2021,49.0,2,2,0,2,8,0,1,,4,MELOU (RUE DE),0,,2,2,0,1,(1),(1),1,, -1,1,0,1,50,27,10,2,81,81065,2,3,0,3,MELOU (RUE DE),43.591283,2.216655,7,2,2
202100004818,193Â 172,B01,1,1,1,9,2,6,-1,0,0,-1,2021,31.0,3,1,0,2,2,17,1,,4,BOULEVARD DE MENILMONTANT,0,,1,1,0,1,(1),(1),1,, -1,2,0,1,30,4,12,2,75,75111,2,3,1,5,BOULEVARD DE MENILMONTANT,48.86507,2.38481,16,3,3
202100021084,163Â 968,B01,1,1,1,9,2,0,-1,0,0,-1,2021,25.0,1,1,0,2,8,1,1,,4,AVENUE DE LA PORTE DE CLIGNANCOURT,0,,2,4,0,1,(1),(1),1,, -1,1,0,1,30,3,9,1,75,75118,2,4,0,3,AVENUE DE LA PORTE DE CLIGNANCOURT,48.90071,2.344261,9,3,2
202100009296,185Â 084,B01,1,1,1,1,2,6,-1,-1, -1,-1,2021,47.0,0,1,0,2,1,1,1,,4,COLONEL FABIEN (R DU),0,,2,2,0,2,1,0,1,, -1,2,0,1,50,5,11,2,94,94003,2,3,0,3,Rue du Colonel Fabien,48.80112,2.33676,7,2,2
202100050850,110Â 790,B01,1,1,1,5,1,0,-1,-1,0,-1,2021,53.0,2,2,0,2,6,2,1,,1,AUTOROUTE A3,0,,3,-1,0,1,15,399,1,, -1,1,0,1,90,19,2,1,95,95277,1,1,0,3, A3,48.9701404506,2.4818328249,11,3,2
202100018920,167Â 824,B01,1,1,1,1,2,6,-1,-1, -1,-1,2021,32.0,0,1,0,2,2,1,1,,4,8 MAI 1945 (AVENUE DU),0,,2,2,0,1,0,0,1,, -1,1,0,1,50,14,9,2,83,83062,2,3,0,3,8 MAI 1945 (AVENUE DU),43.12084,6.00516,7,2,2
202100010770,182Â 483,A01,1,1,1,1,2,-1,-1,0,0,-1,2021,51.0,2,1,0,9,7,21,1,,3,18,0,,2,2,0,3,25,900,2,, -1,1,0,3,90,26,10,2,19,19125,1,1,1,3,D18,45.2850428277,2.0406280025,17,2,2
202100037086,135Â 413,A01,10,3,1,9,0,-1,-1,6,B,1,2021,23.0,1,2,0,1,2,1,1,,3,601,-1,,2,2,0,1,30,0,1,, -1,1,0,1,70,2,6,1,59,59260,1,1,0,6,D601,51.0573316098,2.4898247305,15,2,1
202100024739,157Â 426,A01,1,1,1,1,2,6,-1,-1, -1,-1,2021,56.0,2,1,0,2,1,2,1,,3,,-1,,2,2,1,1,21,0,1,, -1,1,0,1,-1,10,8,1,51,51454,2,4,0,2,Avenue du GÃ©nÃ©ral Giraud,49.24074,4.05293,13,2,2
202100001091,199Â 814,A01,1,1,1,0,2,6,-1,-1, -1,-1,2021,27.0,1,1,0,0,8,16,1,,3,MARECHAL DE LATTRE DE TASSIGNY (AVENUE),0,,2,6,2,1,0,0,3,, -1,2,0,6,50,29,12,1,92,92012,2,1,1,7,MARECHAL DE LATTRE DE TASSIGNY (AVENUE),48.840894678,2.2276335955,15,1,1
202100027271,152Â 977,A01,1,1,1,5,0,-1,-1,0,0,-1,2021,59.0,1,1,0,2,7,13,1,,3,522,0,,2,2,0,2,10,530,3,, -1,2,0,1,90,25,7,1,15,15038,1,1,1,3,D522,45.414662,2.639559,12,2,2
202100037614,134Â 424,A01,1,1,1,9,2,0,-1,0,0,-1,2021,28.0,0,1,3,0,1,14,1,,4,QUAI BRANLY,0,,1,1,0,1,(1),(1),3,, -1,1,0,1,50,28,5,5,75,75115,2,1,0,6,QUAI BRANLY,48.854735,2.289025,22,2,1
202100025540,156Â 021,B01,2,2,2,5,1,-1,-1,0,0,-1,2021,37.0,1,2,3,0,4,2,1,,1,71,0,A,3,4,0,1,331,850,1,, -1,1,0,1,130,6,8,3,3,3175,1,1,0,2,A71 PK 331+850,46.240325,3.094411,3,4,2
202100055856,102Â 038,A01,1,1,1,0,2,8,-1,-1, -1,-1,2021,25.0,1,1,9,0,1,0,1,,4,,0,,-1,2,0,1,0,0,1,, -1,1,0,1,50,8,1,3,92,92036,2,1,0,7,BASSIN NÂ°6 (ROUTE DU),48.9487582903,2.2846788168,5,1,1
202100036499,136Â 463,A01,2,2,2,5,1,-1,-1,0,0,-1,2021,14.0,1,2,0,2,7,1,1,,3,27,-1,,2,1,0,1,18,800,1,, -1,2,0,1,80,4,6,1,42,42294,1,2,1,3,Route de Pradines,46.008178,4.130114,15,3,2
202100028279,151Â 147,B01,1,1,1,5,2,-1,-1,0,0,-1,2021,3.0,3,1,0,2,8,1,5,,4,ECANCOURT (BOULEVARD D'),0,,2,2,0,2,(1),(1),1,, -1,1,0,1,50,17,7,1,95,95323,2,1,1,3,ECANCOURT (BOULEVARD D'),49.01085,2.04618,19,2,2
202100049544,113Â 198,B01,1,1,1,0,2,0,-1,-1, -1,-1,2021,18.0,1,1,0,2,8,18,1,,4,,0,,1,2,1,1,0,0,1,, -1,1,0,1,30,2,3,2,92,92075,2,1,0,3,MARY BESSEYRE (RUE),48.8206981625,2.2903932362,18,2,2
202100032245,144Â 127,A01,1,1,1,0,1,0,-1,-1, -1,-1,2021,29.0,1,2,4,0,1,21,1,,2,11 - RT,0,,1,2,0,1,1,0,1,, -1,1,0,8,50,25,6,5,202,202033,2,4,0,1,11 - RT,42.6990765777,9.4523168087,22,2,1
202100018164,169Â 143,A01,10,3,2,0,0,-1,-1,3,3,1,2021,83.0,1,2,0,1,3,1,1,,4,RTE DE CRAU,0,,2,1,1,1,0,0,1,, -1,1,0,1,50,18,9,1,13,13004,2,1,0,3,RTE DE CRAU,43.6713086836,4.642447884,9,2,1
202100003473,195Â 546,B01,1,1,2,9,1,-1,-1,0,0,-1,2021,32.0,2,5,0,2,1,1,1,,7,2205,0,M,2,2,0,2,16,500,1,, -1,1,0,1,80,11,12,1,6,6080,1,1,0,1,RM 2205 - PR 16+500,44.032151,7.132015,15,4,2
202100009623,184Â 503,A01,10,3,2,1,0,-1,-1,3,3,1,2021,43.0,2,5,0,1,3,15,1,,4,AVENUE DAUMESNIL,0,,2,3,0,1,(1),(1),1,, -1,2,0,1,30,3,11,1,75,75112,2,2,0,6,AVENUE DAUMESNIL,48.846632,2.376711,8,2,1
202100052825,107Â 302,A01,1,1,1,4,1,-1,-1,0,0,-1,2021,23.0,1,2,0,2,2,19,1,,3,724,0,D,3,2,0,1,48,400,1,, -1,2,5,1,70,3,2,1,41,41097,1,2,1,1,D724,47.313275,1.671005,16,2,2
202100015221,174Â 494,A01,1,1,1,4,2,0,-1,0,0,-1,2021,44.0,2,1,0,2,7,17,1,,4,AVENUE KLEBER,0,,2,2,0,1,(1),(1),1,, -1,1,0,1,30,4,10,1,75,75116,2,3,0,3,AVENUE KLEBER,48.866149,2.289482,13,2,2
202100006628,189Â 943,B01,1,1,1,0,2,0,-1,-1, -1,-1,2021,30.0,2,1,0,2,1,1,1,,4,ALFRED NOBEL,0,,2,2,0,1,0,0,1,, -1,2,0,1,80,22,11,5,64,64445,2,3,1,1,Avenue Alfred Nobel,43.317759,-0.30999,3,2,2
202100010776,182Â 474,A01,10,3,1,9,0,-1,-1,1,1,1,2021,87.0,3,1,13,1,2,1,1,,4,,0,,2,2,0,1,(1),(1),1,,4,1,0,1,50,27,10,2,32,32344,2,1,1,6,12 rue de la Menoue,43.652282,-0.085697,7,2,1
202100018695,168Â 227,A01,2,2,1,0,8,0,-1,-1, -1,-1,2021,32.0,2,2,13,0,0,1,1,,1,A55-Sens Martigues vers Marseille,0,,1,3,0,4,13,0,1,, -1,1,0,3,110,15,9,3,13,13071,1,1,0,6,A55-Sens Martigues vers Marseille,43.38599,5.30914,22,2,1
202100053168,106Â 696,B01,1,1,2,4,1,8,-1,-1, -1,-1,2021,21.0,1,2,0,2,1,1,1,,3,77,0,,2,2,0,1,0,0,1,, -1,1,0,1,50,28,1,1,91,91687,2,3,0,5,GABRIEL PERI (AVENUE),48.680451,2.377193,9,3,3
202100056275,101Â 305,A01,1,1,1,1,2,6,-1,0,0,-1,2021,41.0,2,1,0,2,8,1,1,,4,AVENUE DU PROFESSEUR ANDRE LEMIERE,0,,2,2,0,1,(1),(1),1,, -1,1,0,1,50,4,1,5,75,75120,2,2,0,6,AVENUE DU PROFESSEUR ANDRE LEMIERE,48.854329,2.41528,5,2,2
202100005490,191Â 981,A01,1,1,1,9,1,-1,-1,0,0,-1,2021,24.0,2,2,0,2,1,1,1,,2,RN 25,0,,1,2,0,1,1,600,1,, -1,1,0,1,110,24,11,1,80,80489,1,1,0,2,RN 25,49.88141,2.37071,13,2,2
202100027672,152Â 255,A01,1,1,1,1,2,6,-1,-1,0,-1,2021,23.0,1,1,0,2,1,1,1,,1,AUTOROUTE A15,0,,3,10,0,1,7,500,1,, -1,1,0,1,110,21,7,1,95,95018,1,1,0,2, A15,48.9616763902,2.2684363334,18,2,2
202100009901,183Â 994,A01,1,1,1,5,8,-1,-1,-1, -1,-1,2021,34.0,1,2,13,0,1,1,1,,2,RN 138,0,,3,2,0,1,11,500,1,, -1,1,9,1,90,1,11,1,76,76319,1,1,0,7,RN 138,49.35403,1.02975,10,1,1
202100042651,125Â 394,A01,1,1,1,5,0,-1,-1,0,0,-1,2021,17.0,2,1,0,2,1,13,1,,3,13,0,D,2,2,0,1,(1),(1),1,, -1,1,9,1,50,23,4,1,70,70018,2,1,0,1,24 Rue des Varennes,47.443962,5.623385,15,2,2
202100051235,110Â 102,A01,10,3,2,5,0,-1,-1,2,3,1,2021,83.0,3,2,0,1,2,16,1,,4,,-1,,2,2,0,1,(1),(1),3,, -1,1,5,1,50,17,2,1,85,85084,2,6,0,6,Avenue de la Promenade,46.777313,-1.230083,16,2,1
202100021725,162Â 806,B01,1,1,1,3,1,-1,-1,0,0,-1,2021,42.0,2,2,0,2,4,15,1,,3,938,-1,,2,2,0,1,36,700,1,, -1,1,0,1,80,31,8,1,65,65059,1,1,0,5,Route de Toulouse,43.085141,0.169065,17,4,3
202100046078,119Â 387,B01,1,1,2,5,1,0,-1,-1, -1,-1,2021,38.0,1,2,0,2,4,2,1,,3,NORD SUD VOIE,0,,2,2,0,1,33,630,1,, -1,1,0,1,70,25,3,1,64,64348,1,1,0,2,NORD SUD VOIE,43.32252,-0.39021,15,2,2
202100050625,111Â 198,A01,10,3,1,5,0,-1,-1,1,3,1,2021,80.0,3,2,0,1,1,1,1,,4,,-1,,2,2,0,2,(1),(1),1,, -1,1,0,1,50,22,2,1,22,22055,2,1,0,6,Boulevard Legris,48.624257,-2.824398,16,2,1
202100051585,109Â 486,B01,1,1,1,4,2,8,-1,-1, -1,-1,2021,21.0,2,1,0,2,8,26,1,,4,RUE PUECH DU TEIL ,0,,2,1,0,2,0,0,1,, -1,1,0,1,50,13,2,5,30,30189,2,3,0,3,BELLINI (RUE),43.82527,4.3411,19,2,2
202100022299,161Â 773,B01,1,1,2,5,8,0,-1,0,0,-1,2021,21.0,1,1,0,2,1,1,5,,4,AVENUE D ITALIE,0,,2,4,1,1,(1),(1),1,, -1,1,0,5,50,27,8,5,75,75113,2,3,0,3,AVENUE D ITALIE,48.825131,2.357576,22,3,2
202100052224,108Â 356,B01,2,1,1,0,2,0,-1,-1, -1,-1,2021,15.0,2,1,0,2,1,1,1,,7,LOUP (CHEMIN DE SAINT),0,,2,2,0,1,0,0,2,, -1,1,0,1,30,7,2,1,13,13028,2,1,0,1,LOUP (CHEMIN DE SAINT),43.18,5.59,18,2,2
202100004115,194Â 385,A01,1,1,1,1,8,0,-1,0,0,-1,2021,23.0,2,1,0,2,4,1,5,,4,RUE CAMBRONNE,0,,2,2,0,1,(1),(1),1,, -1,1,0,1,30,8,12,1,75,75115,2,3,0,2,RUE CAMBRONNE,48.84569,2.302011,13,2,2
202100015531,173Â 926,B01,1,1,1,0,2,0,-1,-1, -1,-1,2021,38.0,2,1,0,2,1,1,1,,3,CIBOURE A OLHETTE (ROUTE DE),0,,2,2,0,4,5,285,1,, -1,1,0,1,70,2,10,1,64,64545,1,1,0,3,Route de Ciboure a Olhette,43.3456699436,-1.6666603088,18,2,2
202100027737,152Â 135,B01,1,1,2,1,8,0,-1,-1, -1,-1,2021,53.0,3,1,0,2,1,1,5,,4,PAUL (RUE MARCEL),0,,2,2,0,1,(1),(1),1,, -1,1,0,1,50,20,7,1,37,37233,2,6,0,6,PAUL (RUE MARCEL),47.3949811924,0.7263194025,19,2,2
202100051215,110Â 133,B01,1,1,1,0,8,-1,-1,0,0,-1,2021,40.0,2,2,0,2,1,1,0,,3,16,-1,,2,2,0,2,9,0,1,, -1,1,0,1,70,18,2,3,74,74255,2,1,0,1,Rte des Creuses,45.87506,5.969127,6,2,2
202100049026,114Â 129,C01,1,1,1,5,2,-1,-1,0,0,-1,2021,58.0,2,1,0,2,1,0,1,,3,22,0,,2,2,0,2,34,500,3,, -1,1,0,1,80,6,3,1,1,1297,1,1,0,5,D22,45.879231,5.08844,16,4,3
202100026035,155Â 144,A01,2,2,1,5,8,-1,-1,0,0,-1,2021,32.0,1,2,11,0,1,1,1,,3,47,0,,2,2,0,1,2,800,1,, -1,1,0,1,90,2,8,3,95,95612,1,1,0,6,RD 47,49.008101,2.46487,0,2,1
202100028761,150Â 314,A01,1,1,1,4,1,-1,-1,0,0,-1,2021,59.0,1,2,2,0,3,13,1,,3,43,2,D,2,2,0,1,22,400,1,, -1,1,0,3,80,16,7,1,95,95169,1,1,0,6,d43,49.129931,1.887857,11,1,1
202100006270,190Â 584,A01,10,3,2,1,0,-1,-1,4,3,1,2021,54.0,2,2,0,1,2,1,1,,4,PAUL CLAUDEL (BOULEVARD),0,,2,3,2,1,0,0,1,, -1,2,0,1,50,25,11,5,13,13210,2,1,1,6,PAUL CLAUDEL (BOULEVARD),43.2688,5.41988,19,2,1
202100046091,119Â 369,B01,1,1,2,5,2,0,-1,0,0,-1,2021,29.0,2,1,0,2,1,1,1,,3,METZ (AVENUE DE),0,,2,3,0,1,(1),(1),1,, -1,1,0,1,50,29,3,1,54,54431,2,3,0,3,METZ (AVENUE DE),48.91772,6.06331,15,2,2
202100015137,174Â 652,B01,1,1,1,5,8,0,-1,-1, -1,-1,2021,34.0,1,1,0,2,8,25,3,,4,LOUISE MICHEL (RUE),0,,2,2,0,1,0,0,1,, -1,2,0,4,50,5,10,1,93,93005,2,1,1,3,Rue Louise Michel,48.931694,2.501664,12,2,2
202100051527,109Â 590,B01,1,1,1,5,2,8,-1,-1, -1,-1,2021,20.0,2,1,0,2,1,15,1,,3,15,0,,-1,2,0,1,0,0,1,, -1,1,0,1,50,14,2,1,92,92004,2,2,0,3,VOLTAIRE ( BD 16 A FIN ),48.91756,2.28578,18,2,2
202100034978,139Â 175,B01,1,1,1,1,2,6,-1,-1, -1,-1,2021,17.0,1,1,0,2,1,1,1,,4,BARTHES (CHEMIN DES),0,,2,2,0,1,0,0,1,, -1,1,0,1,50,9,6,1,64,64102,2,1,0,3,BARTHES (CHEMIN DES),43.50047,-1.49218,17,2,2
202100040421,129Â 361,A01,2,2,1,5,8,-1,-1,0,0,-1,2021,23.0,2,2,2,0,1,13,1,,3,30,0,,2,2,0,2,10,0,2,, -1,1,0,3,80,12,5,3,57,57669,1,1,0,6,D30,49.136378,6.881218,3,2,1
202100016210,172Â 662,A01,1,1,1,0,8,0,-1,-1, -1,-1,2021,80.0,1,1,0,2,1,2,5,,4,GUITON   AVENUE JEAN (167-341),0,,2,2,0,1,(1),(1),1,, -1,1,0,1,50,27,9,1,17,17300,2,1,0,3,GUITON   AVENUE JEAN (167-341),46.16036,-1.19251,14,2,2
202100016102,172Â 859,B01,1,1,1,5,2,8,-1,-1, -1,-1,2021,59.0,2,1,0,9,3,0,5,,4,RUE DES 3 PINS,0,,2,2,1,1,(1),0,1,, -1,1,0,5,20,28,9,1,83,83034,1,1,0,1,RUE DES 3 PINS,43.1023316595,6.0556536104,10,2,2
202100052343,108Â 152,B01,1,1,1,5,1,-1,-1,0,0,-1,2021,87.0,0,2,0,2,1,15,1,,3,58,0,D,2,2,0,1,22,500,1,, -1,1,0,1,50,7,2,1,49,49368,2,3,0,1,Rue de Vernoil,47.391595,0.061594,16,2,2
202100046718,118Â 262,A01,1,1,1,1,2,6,-1,-1, -1,-1,2021,35.0,2,1,0,2,2,1,1,,1,A86.INT,0,,-1,3,0,1,30,200,1,, -1,1,0,1,90,24,3,1,94,94033,1,1,0,6,A86.INT,48.84917,2.49047,7,1,1
202100006528,190Â 135,A01,2,2,2,5,2,-1,-1,0,0,-1,2021,49.0,2,1,0,2,1,1,1,,3,120,0,,2,2,0,2,1,20,1,, -1,1,0,1,80,24,11,1,69,69024,1,4,0,3,11 NOVEMBRE 1918 (DU) (R),45.916169,4.577329,14,3,2
202100027064,153Â 341,A01,1,1,1,0,2,6,-1,-1, -1,-1,2021,18.0,2,1,0,2,1,2,1,,4,PONTE DE LIMA (RUE),0,,2,2,0,2,(1),(1),2,, -1,2,0,1,30,25,7,1,45,45068,2,9,1,2,Rue Ponte de Lima,48.0070764638,2.72165999,12,2,2
202100046686,118Â 324,A01,2,2,1,0,2,6,-1,0,0,-1,2021,20.0,1,1,0,2,7,19,1,,3,56,0,,2,2,0,1,0,6,1,, -1,1,0,1,80,26,3,1,41,41235,1,2,0,5,D357,47.912502,0.837815,17,4,3
202100016355,172Â 399,A01,10,3,2,5,0,-1,-1,2,3,1,2021,62.0,1,1,0,1,2,18,3,,4,AVENUE D ITALIE,0,,2,4,0,2,(1),(1),1,, -1,2,0,1,30,27,9,1,75,75113,2,1,1,6,AVENUE D ITALIE,48.823529,2.35811,12,2,1
202100007242,188Â 811,B01,1,1,1,1,8,0,-1,-1, -1,-1,2021,38.0,1,1,0,2,2,26,5,,4,VILLESICARD RUE ET SQUARE,0,,1,2,0,1,1,0,2,, -1,1,0,1,30,18,11,2,49,49007,2,6,0,3,VILLESICARD RUE ET SQUARE,47.44965,-0.53053,17,2,2
202100018220,169Â 036,A01,10,3,1,3,0,-1,-1,3,3,1,2021,82.0,1,2,0,1,1,1,1,,3,6007,-1,,2,2,0,1,28,550,1,, -1,1,0,1,50,19,9,1,6,6161,2,1,0,6,2411 Route Rd6007,43.628217,7.133077,12,2,1
202100042710,125Â 288,A01,10,3,2,5,0,-1,-1,3,3,2,2021,63.0,1,2,0,1,1,15,1,,3,BD PASTEUR,0,,3,2,0,1,1,0,1,, -1,1,0,1,30,24,4,1,94,94034,2,1,0,6,PASTEUR (BD),48.75751,2.3163,17,2,1
202100032474,143Â 726,A01,1,1,1,0,1,0,-1,0,0,-1,2021,76.0,2,2,0,2,1,2,1,,7,AGRICULTURE (AVENUE DE L'),0,,3,4,0,1,(1),(1),1,, -1,2,5,1,70,22,6,1,63,63113,2,1,1,4,AGRICULTURE (AVENUE DE L'),45.77881,3.12653,10,3,3
202100045024,121Â 247,B01,1,1,2,1,1,0,-1,0,0,-1,2021,51.0,1,2,0,2,1,1,1,,4,SAULXURES (AVENUE DE),0,,2,2,0,1,(1),(1),1,, -1,1,0,1,50,4,4,1,54,54184,2,1,0,2,SAULXURES (AVENUE DE),48.70395,6.24616,11,2,2
202100017360,170Â 610,B01,1,1,1,0,2,6,-1,-1, -1,-1,2021,44.0,1,1,0,2,3,3,1,,1,AUTOROUTE A6,0,,3,6,0,2,14,649,1,, -1,1,0,1,110,24,9,1,91,91161,1,1,0,5,AUTOROUTE A6,48.69564,2.31782,19,4,4
202100055261,103Â 045,B01,1,1,2,3,1,-1,-1,0,0,-1,2021,53.0,1,2,0,2,5,0,1,,3,49,0,D,2,2,0,1,5,0,1,, -1,2,9,1,70,14,1,1,60,60259,1,1,1,3,RD 49,49.2038055441,2.267385519,15,2,2
202100046775,118Â 162,C01,1,1,1,5,1,0,-1,0,0,-1,2021,82.0,2,2,0,2,6,1,1,,4,PORTE DE CHARENTON,0,,1,4,0,1,33,900,1,, -1,1,1,1,70,23,3,1,75,75112,2,1,0,4,PORTE DE CHARENTON,48.831344,2.404078,15,3,3
202100010210,183Â 456,A01,1,1,1,0,2,-1,-1,0,0,-1,2021,31.0,2,1,0,2,1,1,1,,7,751,0,A,2,2,1,1,4,699,1,, -1,1,0,1,80,30,10,3,44,44018,1,1,0,5,M751a,47.142124,-1.667733,20,3,3
202100012302,179Â 743,A01,1,1,1,5,1,-1,-1,0,0,-1,2021,51.0,3,2,8,0,3,1,1,,3,326,0,R,2,2,0,2,1,150,4,, -1,1,0,3,80,16,10,1,61,61261,1,1,0,6,RD 326,48.484578,0.235412,15,1,1