Num_Acc,id_vehicule,num_veh,place,catu,sexe,trajet,secu1,secu2,secu3,locp,actp,etatp,year_acc,victim_age,senc,catv,obs,obsm,choc,manv,motor,occutc,catr,voie,v1,v2,circ,nbv,vosp,prof,pr,pr1,plan,lartpc,larrout,surf,infra,situ,vma,jour,mois,lum,dep,com,agg_,int,atm,col,adr,lat,long,hour,nb_victim,nb_vehicules
202100003265,195Â 928,B01,2,2,1,9,1,0,-1,0,0,-1,2021,17.0,2,2,0,2,7,16,1,,4,RUE LA BOETIE,0,,2,2,0,1,(1),(1),1,, -1,2,0,1,30,12,12,5,75,75108,2,2,1,3,RUE LA BOETIE,48.872858,2.310774,0,3,2
202100023145,160Â 244,A01,10,3,2,0,0,-1,-1,4,3,1,2021,69.0,1,1,0,1,1,1,5,,4,GUESDES (RUE JULES),0,,2,2,0,1,1,0,1,, -1,1,0,1,30,21,8,1,93,93010,2,1,0,3,GUESDES (RUE JULES),48.903858,2.475272,19,2,1
202100034445,140Â 163,A01,10,3,2,5,0,-1,-1,2,3,3,2021,12.0,3,2,1,1,2,1,2,,6,ROBERT PEARY (R),0,,-1,0,0,1,0,1,3,, -1,1,0,1,30,13,6,1,94,94022,2,9,0,6,Rue Robert Peary,48.75424,2.41378,19,2,1
202100032736,143Â 256,A01,1,1,1,5,2,6,-1,0,0,-1,2021,25.0,1,1,0,2,1,2,1,,2,176,0,N,3,4,0,2,5,800,1,, -1,1,0,1,110,24,6,1,22,22190,1,1,0,2,RN 176 - PR : 06+200,48.516178,-2.038865,13,3,2
202100003287,195Â 888,A01,10,3,2,5,8,-1,-1,3,3,1,2021,90.0,1,2,0,1,1,1,1,,3,2,0,D,2,2,0,1,2,757,1,, -1,1,9,1,50,14,12,1,31,31232,2,1,1,6,Avenue Lazare Carnot,43.769413,1.295271,11,2,1
202100033812,141Â 323,B01,1,1,1,1,2,6,-1,-1, -1,-1,2021,26.0,1,1,0,2,0,1,1,,4,MADRID (RUE DE),0,,1,1,2,2,0,0,1,, -1,1,0,1,30,14,6,1,64,64122,2,4,1,7,MADRID (RUE DE),43.467142895,-1.571559906,14,2,2
202100025947,155Â 303,B01,2,2,2,0,1,0,-1,-1, -1,-1,2021,5.0,2,2,0,2,4,0,3,,1,A7-Sens Marseille vers Lyon,0,,1,3,0,1,265,0,1,, -1,1,0,1,110,2,8,1,13,13071,1,1,0,4,A7-Sens Marseille vers Lyon,43.412615,5.281847,8,4,3
202100024410,158Â 052,A01,1,1,1,5,1,-1,-1,0,0,-1,2021,43.0,1,2,2,0,2,2,1,,2,10,0,N,3,4,0,1,19,845,1,"6,5",10,1,0,2,110,12,8,1,16,16141,1,1,0,6,Lieu-dit Le Grand Jardin,45.920103,0.196508,15,3,1
202100006050,190Â 981,A01,1,1,1,5,0,-1,-1,0,0,-1,2021,23.0,3,1,2,0,3,14,1,,2,101,0,R,2,2,0,1,(1),(1),3,, -1,1,0,3,40,28,11,2,987,98714,1,1,0,1,RT 101 proche roulotte bleu Ã  MATIRA,-16.538983,-151.736298,4,1,1
202100020716,164Â 600,B01,2,2,1,9,1,0,-1,0,0,-1,2021,26.0,1,2,0,2,0,1,1,,4,RUE VIOLET,0,,2,2,0,1,(1),(1),1,, -1,2,0,1,30,5,9,5,75,75115,2,2,1,3,RUE VIOLET,48.849386,2.294632,4,4,2
202100003280,195Â 901,A01,1,1,1,1,4,-1,-1,0,0,-1,2021,55.0,1,0,0,6,0,0,3,,3,38,0,K,2,2,0,2,1,300,1,, -1,2,0,1,80,13,12,3,57,57169,1,1,1,6,DÃ©partementale 38K,48.73672,7.239561,23,1,1
202100001778,198Â 613,C01,1,1,1,1,1,-1,-1,0,0,-1,2021,50.0,1,5,13,2,2,2,1,,3,994,-1,,2,3,0,2,48,500,3,, -1,7,0,1,90,23,12,2,12,12090,1,1,0,5,D994,44.378119,2.436605,7,4,4
202100006338,190Â 464,B01,1,1,1,0,2,6,-1,0,0,-1,2021,58.0,3,1,0,2,1,1,1,,3,9,0,D,2,2,0,1,6,226,1,, -1,1,5,1,50,26,11,1,6,6090,1,3,0,1,Avenue de la Republique,43.589368,6.936433,14,2,2
202100049562,113Â 165,A01,1,1,1,5,2,6,9,0,0,-1,2021,64.0,1,1,0,0,8,0,1,,3,673,0,,2,2,0,1,51,600,1,, -1,1,0,1,80,1,3,1,46,46240,1,1,0,7,D673,44.802986,1.564744,17,1,1
202100036339,136Â 741,A01,1,1,1,5,1,-1,-1,0,0,-1,2021,31.0,2,2,1,0,8,1,1,,3,436,0,,2,2,0,1,8,897,1,, -1,1,0,3,50,6,6,1,77,77229,2,1,0,6,Route de Meaux,48.756097,2.865093,7,1,1
202100003814,194Â 936,A01,1,1,2,1,1,0,-1,-1, -1,-1,2021,36.0,1,2,4,0,2,2,1,,1,A10 PROVINCE / RD188 PARIS,0,,1,2,0,2,4,599,2,, -1,2,0,1,70,10,12,2,91,91136,1,1,1,7,A10 PROVINCE / RD188 PARIS,48.71068,2.28793,8,1,1
202100044979,121Â 331,B01,1,1,1,1,1,0,-1,-1, -1,-1,2021,25.0,1,5,0,2,4,1,1,,3,PRESIDENT JOHN KENNEDY (AV DU),0,,2,4,0,1,0,0,1,, -1,1,0,1,50,6,4,1,94,94042,2,1,0,2,PRESIDENT JOHN KENNEDY (AV DU),48.81474,2.4634,14,3,2
202100004691,193Â 390,A01,10,3,1,5,0,-1,-1,5,9,2,2021,16.0,3,2,0,1,7,1,1,,9,CENTRE HOSPITALIER,0,,3,2,0,1,(1),(1),1,, -1,2,9,8,30,4,12,1,971,97101,1,9,1,6,CENTRE HOSPITALIER,16.2386348788,-61.5264429152,10,2,1
202100034907,139Â 314,A01,1,1,1,0,2,6,-1,-1, -1,-1,2021,59.0,2,1,0,2,1,3,1,,1,AUTOROUTE A3,0,,3,7,0,1,3,900,1,, -1,1,0,1,9,12,6,1,93,93053,1,1,0,5,AUTOROUTE A3,48.88236,2.45672,19,3,3
202100006351,190Â 445,A01,1,1,1,5,1,-1,-1,0,0,-1,2021,18.0,0,2,15,0,9,1,1,,3,6,-1,,2,2,0,1,(1),(1),1,, -1,2,0,3,80,25,11,5,84,84055,1,9,1,7,route de CAUMONT,43.945786,4.943413,20,1,1
202100028181,151Â 323,A01,10,3,1,4,0,-1,-1,9,9,1,2021,41.0,3,5,0,1,4,24,1,,6,COMMERCE (PLACE),0,,-1,0,0,2,1,0,1,, -1,1,0,8,30,19,7,1,93,93050,2,9,0,6,Place du Commerce,48.86907,2.53236,7,3,1
202100049392,113Â 473,B01,1,1,1,9,1,-1,-1,-1, -1,-1,2021,55.0,1,2,0,2,1,1,1,,4,MEGRET (RUE DE),0,,1,1,2,1,(1),(1),1,, -1,1,0,1,30,3,3,1,33,33522,2,2,0,3,Rue de Megret,44.80289,-0.58919,13,3,2
202100050640,111Â 168,B01,1,1,1,0,0,-1,-1,0,0,-1,2021,18.0,0,1,0,2,1,1,6,,4,VC,0,,2,2,0,1,(1),(1),1,, -1,1,0,1,50,20,2,5,67,67230,2,2,0,3,Rue des Chasseurs,48.7911836909,7.8289377391,17,2,2
202100020238,165Â 463,A01,1,1,2,5,1,0,-1,-1, -1,-1,2021,19.0,1,2,8,0,1,14,1,,4,BEL AIR (BOULEVARD DE),0,,3,4,0,2,0,0,1,, -1,1,0,1,50,3,9,1,87,87085,2,1,0,6,BEL AIR (BOULEVARD DE),45.81996,1.24935,19,1,1
202100003092,196Â 235,A01,2,2,2,5,1,8,-1,-1, -1,-1,2021,27.0,1,2,1,0,1,14,1,,7,SCHIRMECK (ROUTE DE),0,,2,2,0,1,(1),(1),1,, -1,1,0,1,50,13,12,4,67,67482,2,1,0,6,SCHIRMECK (ROUTE DE),48.57107,7.71176,4,2,1
202100054734,103Â 956,A01,1,1,1,0,0,-1,-1,0,0,-1,2021,26.0,2,1,0,0,0,1,1,,3,4,-1,,2,2,0,1,(1),(1),2,, -1,2,0,1,80,17,1,3,972,97224,1,1,1,6,Route Nationale 4,14.67094,-61.023114,19,1,1
202100020930,164Â 245,A01,1,1,2,5,2,6,-1,0,0,-1,2021,62.0,2,1,13,0,1,13,1,,3,70,0,,2,2,0,1,29,550,3,, -1,1,0,8,80,4,9,1,70,70198,1,1,0,6,D70,47.565929,5.69242,17,1,1
202100014222,176Â 271,B01,4,2,2,5,1,0,-1,-1, -1,-1,2021,10.0,2,2,0,0,0,9,1,,2,VILLENEUVE LE ROI (PONT DE),0,,2,5,0,1,0,1,1,, -1,1,9,8,50,9,10,1,94,94078,1,3,0,3,pont de villeneuve le roi,48.72768,2.44542,18,3,2
202100024417,158Â 039,B01,1,1,2,5,2,6,-1,0,0,-1,2021,56.0,3,1,0,2,8,1,1,,4,,-1,,2,2,0,1,(1),(1),2,,4,1,0,1,80,13,8,1,85,85305,1,1,0,3,la loge,46.56249,-0.78166,17,2,2
202100056482,100Â 942,B01,1,1,1,5,2,-1,-1,0,0,-1,2021,35.0,0,0,0,2,1,15,5,,7,39,-1,D,2,2,0,1,(1),(1),1,, -1,2,0,1,50,3,1,1,59,59011,2,3,1,3,Rue de Touraine,50.519989,2.932127,14,2,2
202100050276,111Â 850,B01,1,1,1,0,2,-1,-1,0,0,-1,2021,28.0,2,0,0,2,0,17,0,,2,6,-1,,2,2,0,2,(1),(1),1,, -1,1,0,1,80,25,2,1,971,97119,1,1,0,2,Clugny,16.396818,-61.484106,17,2,2
202100020264,165Â 414,A01,2,2,1,9,1,-1,-1,-1, -1,-1,2021,54.0,3,2,0,2,7,15,1,,4,CITE BERLIET (DE LA)            (BD),0,,2,4,0,2,(1),(1),1,, -1,1,0,1,70,6,9,1,69,69290,2,2,0,3,CITE BERLIET (DE LA) (BD),45.70477,4.91559,10,3,2
202100005620,191Â 745,B01,2,2,1,5,1,0,-1,-1, -1,-1,2021,41.0,2,2,0,2,4,2,1,,1,6B,0,,3,12,0,1,4,750,1,, -1,1,0,1,90,30,11,2,94,94038,1,1,0,4,AUTOROUTE A6B,48.7747980569,2.3456436183,17,4,3
202100039032,131Â 878,B01,1,1,1,5,2,-1,-1,0,0,-1,2021,27.0,2,1,0,2,1,13,1,,3,568,0,D,2,2,0,1,4,5,3,, -1,1,0,1,50,21,5,1,201,201247,1,1,0,3,Voie Communale Ldt Pezza Cardo,41.620704,9.298682,19,2,2
202100044621,121Â 963,A01,1,1,1,1,0,-1,-1,0,0,-1,2021,18.0,2,1,0,0,0,0,5,,4,,0,,2,2,0,1,(1),(1),1,, -1,1,0,1,50,9,3,1,71,71230,2,1,0,7,6 Rue Jean Mermoz,46.600821,4.050457,7,1,1
202100047556,116Â 762,A01,1,1,1,5,8,-1,-1,0,0,-1,2021,34.0,2,2,13,0,3,13,1,,3,41,-1,,2,2,0,1,8,280,2,, -1,2,0,3,80,19,3,3,12,12153,1,1,1,6,Candas,44.073978,2.931003,7,1,1
202100010075,183Â 689,A01,10,3,2,1,0,-1,-1,9,1,1,2021,58.0,3,2,0,1,3,20,1,,6,,-1,,-1,-1,0,1,(1),(1),1,,4,2,9,8,-1,1,11,3,25,25039,2,9,1,6,Rue du stade,47.135942,6.435944,5,2,1
202100013428,177Â 730,A01,1,1,1,2,2,6,-1,0,0,-1,2021,18.0,2,1,0,0,1,13,1,,3,19,0,,2,2,0,1,33,90,1,, -1,1,0,1,50,14,10,1,43,43178,2,3,0,3,La Vernede,45.3106971192,3.5377974808,7,3,2
202100025240,156Â 541,A01,1,1,1,5,2,6,-1,-1, -1,-1,2021,27.0,1,1,0,2,1,1,1,,1,A4,0,,1,5,0,1,7,0,1,, -1,2,0,1,90,7,8,3,94,94042,1,1,0,2,A4,48.8283679668,2.4755835633,21,2,2
202100020454,165Â 072,A01,10,3,2,1,0,-1,-1,3,3,1,2021,58.0,2,2,0,1,1,1,1,,4,CLEMENCEAU (AVENUE GEORGES),0,,1,2,0,1,(1),(1),1,, -1,1,0,1,30,26,5,1,59,59178,2,1,0,6,CLEMENCEAU (AVENUE GEORGES),50.37191,3.08862,17,2,1
202100024587,157Â 709,B01,1,1,1,0,2,-1,-1,-1, -1,-1,2021,57.0,1,1,0,2,1,1,1,,4,BERTHELOT                           (AV),0,,1,3,2,1,(1),(1),1,, -1,1,0,1,50,11,8,1,69,69387,2,2,0,6,BERTHELOT (AV),45.74523,4.84178,19,2,2
202100019301,167Â 134,A01,1,1,1,0,1,0,-1,-1, -1,-1,2021,24.0,2,2,0,2,9,2,1,,1,AUTOROUTE A 21,0,,3,4,0,1,43,400,1,, -1,1,0,1,110,10,9,1,59,59501,1,1,0,6,AUTOROUTE A 21,50.3746116443,3.2430115329,18,1,1
202100054702,104Â 008,B01,1,1,1,0,1,0,-1,-1, -1,-1,2021,41.0,2,1,0,2,2,1,1,,3,VIC. HUGO(RUE)069A075 ET 080A088,0,,1,1,0,1,0,0,1,, -1,1,0,1,50,17,1,2,92,92044,2,1,0,3,VIC. HUGO(RUE)069A075 ET 080A088,48.897178442,2.2953515424,17,2,2
202100033470,141Â 944,A01,1,1,2,5,1,-1,-1,0,0,-1,2021,30.0,1,2,2,0,8,1,1,,3,813,0,D,2,2,0,1,8,894,1,, -1,1,0,1,50,19,6,2,31,31582,2,1,0,6,170 Rue de la RÃ©publique,43.402928,1.712284,21,1,1
202100022842,160Â 783,A01,1,1,1,0,2,6,-1,0,0,-1,2021,47.0,0,1,3,0,8,0,1,,3,118,0,D,2,2,0,1,70,(1),3,, -1,1,0,3,50,24,8,1,11,11008,1,1,0,6,D118,42.996714,2.252648,15,1,1
202100003122,196Â 185,B01,2,2,1,5,1,0,-1,-1, -1,-1,2021,38.0,0,2,0,2,1,15,1,,4,TAILLES (AVENUE DES),0,,2,2,0,1,(1),(1),1,, -1,1,0,1,50,12,11,5,41,41295,2,2,0,3,TAILLES (AVENUE DES),47.59505,1.38912,19,3,2
202100022431,161Â 543,B01,1,1,1,5,2,6,-1,-1, -1,-1,2021,22.0,1,1,0,2,3,1,1,,3,NATIONALE (AVENUE) LA NEUVILLETTE,0,,2,2,1,1,14,50,1,, -1,1,0,5,50,26,8,1,51,51454,2,1,0,3,Avenue Nationale de la Neuvillette,49.28736,4.00725,17,2,2
202100011088,181Â 907,B01,2,2,2,5,2,0,-1,-1, -1,-1,2021,16.0,1,1,0,2,1,1,0,,4,MAGINOT (AV. ANDRE),0,,2,2,0,1,(1),(1),1,, -1,1,0,1,50,25,10,1,37,37261,2,3,0,6,MAGINOT (AV. ANDRE),47.4149399973,0.6882285848,16,3,2
202100031327,145Â 744,A01,10,3,2,9,0,-1,-1,4,3,1,2021,42.0,3,5,0,1,3,15,1,,3,910,0,,2,2,0,1,0,0,2,, -1,1,5,1,50,1,7,1,92,92072,2,9,0,6,GRANDE RUE,48.8208933457,2.2016912699,17,2,1
202100048133,115Â 707,A01,1,1,1,0,1,0,-1,-1, -1,-1,2021,31.0,2,2,2,0,7,1,1,,7,RD 700,0,,2,2,0,1,(1),(1),1,, -1,2,5,8,80,13,3,5,59,59367,1,1,0,6,RD 700,50.6660010331,3.2219915092,23,1,1
202100050962,110Â 584,B01,1,1,2,9,1,-1,-1,0,0,-1,2021,31.0,3,2,0,2,1,1,1,,4,C1,0,,2,2,0,1,(1),(1),2,, -1,1,0,1,80,19,2,1,51,51563,1,1,0,1,Saint Prix,48.822100685,3.7590997506,8,4,2
202100021304,163Â 574,B01,1,1,2,2,0,0,-1,-1, -1,-1,2021,15.0,2,1,0,2,1,1,5,,3,PARIS (AV DE),0,,1,2,0,1,1,0,1,, -1,1,0,4,50,2,9,1,94,94076,2,9,0,3,PARIS (AV DE),48.801555,2.364934,11,2,2
202100014887,175Â 101,A01,1,1,1,1,1,-1,-1,0,0,-1,2021,22.0,2,5,0,2,1,1,1,,3,11,-1,,2,2,0,3,30,600,1,,7,1,0,1,80,25,8,1,64,64368,1,3,0,1,CD 11,43.380006,-1.088108,7,3,2
202100007783,187Â 839,A01,1,1,1,5,2,8,-1,-1, -1,-1,2021,24.0,1,1,0,0,0,12,1,,1,AUTOROUTE A 36,0,,1,1,0,2,(1),(1),2,, -1,1,9,1,50,14,11,1,68,68224,2,1,0,3,AUTOROUTE A 36,47.7630654005,7.3186647892,11,2,2
202100007346,188Â 623,B01,1,1,1,9,2,0,-1,0,0,-1,2021,32.0,1,1,0,2,8,1,5,,4,RUE DE SEVRES,0,,2,2,0,1,(1),(1),1,, -1,1,0,1,30,18,11,1,75,75107,2,3,0,3,RUE DE SEVRES,48.84982,2.32329,10,2,2
202100037407,134Â 800,A01,10,3,1,3,0,-1,-1,4,3,1,2021,51.0,2,2,0,1,1,15,1,,4,UNIVERSITE (DE L')                  (R ),0,,1,4,3,1,(1),(1),1,, -1,1,0,1,50,29,5,1,69,69387,2,2,0,6,UNIVERSITE (DE L') (R),45.74976,4.84102,20,2,1
202100038038,133Â 668,A01,10,3,2,9,0,-1,-1,1,3,2,2021,74.0,2,5,0,1,4,4,1,,4,RUE SANTERRE,0,,1,1,0,1,(1),(1),1,, -1,1,0,1,50,27,5,1,75,75112,2,1,0,6,RUE SANTERRE,48.842798,2.398238,15,2,1
202100042372,125Â 887,B01,4,2,1,0,1,0,-1,-1, -1,-1,2021,1.0,2,2,12,2,3,14,0,,3,VAILLANT-COUTURIER (AVENUE PAUL),0,,3,4,0,1,0,1,1,, -1,1,5,1,50,27,4,5,93,93027,2,4,0,3,VAILLANT-COUTURIER (AVENUE PAUL),48.9210793511,2.4108589968,21,6,2
202100042996,124Â 818,B01,1,1,2,4,1,0,-1,-1, -1,-1,2021,49.0,2,2,0,2,4,2,1,,4,RUE EDOUARD UNGER,0,,2,2,0,2,0,0,1,, -1,2,5,1,50,16,4,1,988,98818,2,1,1,2,RUE EDOUARD UNGER,-22.2546,166.45003,15,2,2
202100029957,148Â 254,A01,1,1,1,0,2,0,-1,-1, -1,-1,2021,21.0,2,1,0,2,1,2,1,,4,8 MAI 1945 (AVENUE DU),0,,3,5,0,1,(1),(1),1,, -1,1,0,1,50,7,7,1,86,86194,2,1,0,3,Avenue du 8 Mai 1945,46.55691,0.30973,15,2,2
202100021324,163Â 537,B01,1,1,1,1,2,6,-1,0,0,-1,2021,36.0,1,1,0,2,1,1,1,,3,67,-1,,2,2,0,1,15,700,1,, -1,1,0,1,80,2,9,1,26,26096,1,2,0,1,1855 A Route de Saint Donat,45.08648,4.936337,19,2,2
202100005926,191Â 199,B01,1,1,1,5,8,8,-1,0,0,-1,2021,11.0,3,1,0,2,0,0,5,,4,MOLIERE,0,,1,1,0,1,0,0,1,, -1,2,0,1,30,23,11,5,58,58194,2,1,1,3,MOLIERE,47.0046,3.151,18,2,2
202100004276,194Â 115,A01,1,1,1,5,8,-1,-1,0,0,-1,2021,40.0,2,1,12,0,1,12,1,,3,CHERON (AVENUE HENRI),0,,2,2,0,1,1,0,1,, -1,2,0,1,50,6,12,5,14,14118,2,1,0,7,CHERON (AVENUE HENRI),49.17053,-0.4015,21,1,1
202100050635,111Â 180,A01,1,1,1,5,8,-1,-1,0,0,-1,2021,22.0,3,2,8,0,6,1,1,,4,55,0,D,2,2,0,1,5,200,1,, -1,2,0,1,70,23,2,3,13,13112,2,1,0,6,Chemin du Moulin Neuf,43.515638,5.246739,4,2,1
202100032535,143Â 614,B01,1,1,2,1,8,0,-1,-1, -1,-1,2021,38.0,1,1,0,2,1,1,3,,3,SALENGRO (AVENUE ROGER),0,,2,3,3,1,0,0,1,, -1,1,0,5,50,23,6,1,92,92022,2,1,0,3,SALENGRO (AVENUE ROGER),48.8098227929,2.1897286177,18,2,2
202100050801,110Â 873,A01,7,2,1,5,8,-1,-1,0,0,-1,2021,19.0,1,2,8,0,1,1,1,,3,999,0,,2,2,0,1,10,566,1,, -1,1,9,3,50,20,2,5,82,82167,2,1,0,6,route d'albi,43.969515,1.422472,22,3,1
202100010672,182Â 647,A01,1,1,1,0,2,6,-1,-1, -1,-1,2021,23.0,2,1,0,2,1,3,0,,1,AUTOROUTE A1,0,,3,10,0,1,4,599,1,, -1,1,0,1,90,28,10,4,93,93027,1,1,0,5,AUTOROUTE A1,48.9341878207,2.3905062963,19,3,3
202100051067,110Â 392,A01,1,1,1,5,8,0,-1,-1, -1,-1,2021,18.0,3,0,0,2,1,19,3,,4,DE GAULLE (AV DU GENERAL) NÂ° PAIRS,0,,3,4,0,1,0,0,1,, -1,1,0,1,50,16,2,5,18,18033,2,3,0,3,DE GAULLE (AV DU GENERAL) NÂ° PAIRS,47.0993,2.4067,18,2,2
202100027862,151Â 912,B01,1,1,1,5,1,8,-1,-1, -1,-1,2021,31.0,1,2,0,2,4,1,1,,1,A7-Sens Lyon vers Marseille,0,,1,2,0,1,262,0,1,, -1,1,0,1,110,21,7,3,13,13117,1,1,0,2,A7-Sens Lyon vers Marseille,43.43211,5.25758,0,5,2
202100055764,102Â 189,B01,1,1,1,4,2,-1,-1,-1, -1,-1,2021,23.0,2,1,0,2,1,1,1,,3,740,0,,2,3,3,1,1,75,1,,"8,5",1,5,1,50,7,1,5,79,79191,2,2,0,3,262 Route dâAiffres,46.3115,-0.44676,21,2,2
202100011093,181Â 899,B01,1,1,1,0,2,0,-1,-1, -1,-1,2021,31.0,1,1,0,2,1,17,0,,4,AV DIDIER DAURAT,0,,2,2,0,1,(1),(1),1,, -1,1,0,1,50,7,10,1,31,31555,2,1,0,3,AV DIDIER DAURAT,43.57261,1.49309,19,2,2
202100017053,171Â 143,A01,1,1,1,9,2,6,-1,0,0,-1,2021,33.0,2,1,0,2,1,1,1,,4,PLACE COLUCHE,0,,1,2,0,1,(1),(1),1,, -1,1,0,1,30,23,9,5,75,75113,2,2,0,3,Rue de lâAmiral Mouchez,48.826448,2.34181,0,2,2
202100024648,157Â 599,B01,1,1,1,1,2,-1,-1,0,0,-1,2021,42.0,1,1,0,2,1,1,1,,3,911,0,,-1,2,0,1,59,800,4,, -1,1,0,1,80,12,8,1,50,50117,1,1,0,2,La Hoguelle,48.736306,-1.550092,14,2,2
202100030384,147Â 454,A01,10,3,2,5,0,-1,-1,3,5,2,2021,7.0,3,2,0,1,1,1,1,,4,JAURES (Avenue Jean),0,,2,-1,0,1,(1),(1),1,, -1,1,0,1,50,30,6,1,26,26198,2,1,0,6,79 Avenue Jean JaurÃ¨s,44.5474,4.74707,15,2,1
202100026491,154Â 346,A01,10,3,1,5,0,-1,-1,2,3,1,2021,62.0,1,4,0,1,3,1,1,,4,RUE DE TOLBIAC,0,,2,3,0,1,(1),(1),1,, -1,1,0,1,30,29,7,1,75,75113,2,1,0,6,RUE DE TOLBIAC,48.827094,2.366989,8,2,1
202100027327,152Â 875,B01,2,2,2,9,1,0,-1,-1, -1,-1,2021,63.0,2,2,0,2,3,1,1,,2,RN4 - SECTION RIVIERA,0,,2,3,0,1,(1),(1),1,, -1,1,0,1,70,23,7,1,971,97113,1,1,0,5,RN4 - SECTION RIVIERA,16.21871,-61.50198,13,7,3
202100030294,147Â 618,A01,2,2,1,5,1,-1,-1,0,0,-1,2021,29.0,2,2,0,0,9,1,1,,2,1,0,,2,2,0,2,37,200,1,,5,1,0,3,70,5,7,1,976,97612,1,1,0,7,Descente du collÃ¨ge de Mtsamboro,-12.685329,45.078465,23,4,1
202100027249,153Â 011,A01,1,1,1,5,2,-1,-1,0,0,-1,2021,45.0,1,1,8,0,0,1,5,,3,7,0,,2,2,0,1,63,710,3,, -1,9,5,3,70,24,7,1,83,83148,1,6,0,6,Dn7,43.403442,6.39297,9,1,1
202100028681,150Â 455,A01,1,1,1,4,2,0,-1,0,0,-1,2021,27.0,1,1,0,2,1,1,5,,4,AVENUE NIEL,0,,-1,0,0,1,(1),(1),1,, -1,1,0,1,30,16,7,1,75,75117,2,2,0,3,AVENUE NIEL,48.882927,2.296383,13,2,2
202100029415,149Â 201,A01,1,1,1,5,1,0,-1,-1, -1,-1,2021,49.0,3,2,10,0,1,16,1,,3,MONTAGNE (ROUTE DE LA),0,,2,2,0,2,(1),(1),3,, -1,1,0,8,70,10,7,3,974,97411,1,1,0,6,MONTAGNE (ROUTE DE LA),-20.88788,55.44107,20,1,1
202100019236,167Â 247,A01,1,1,1,4,2,8,-1,-1, -1,-1,2021,31.0,1,1,0,2,3,9,1,,4,17,0,,2,2,0,1,0,0,1,, -1,1,0,1,50,13,9,1,92,92024,2,1,0,3,HENRI BARBUSSE (RUE) DE (1 A 73)   (2 A,48.8981434158,2.3018294575,12,2,2
202100046497,118Â 675,Y01,1,1,1,3,0,-1,-1,0,0,-1,2021,31.0,2,1,0,2,4,15,3,,7,Ytzhak RABIN - D63,0,,3,2,0,1,4,980,2,, -1,1,5,1,50,25,3,1,83,83126,2,6,0,3,Ytzhak RABIN - D63,43.1148364518,5.8720046282,13,2,2
202100019180,167Â 348,A01,1,1,1,0,2,-1,-1,-1, -1,-1,2021,24.0,1,1,0,2,1,2,1,,4,AVE CARNOT,0,,1,2,0,2,(1),(1),3,, -1,1,0,1,30,12,9,1,33,33119,2,1,0,2,Avenue Carnot,44.85903,-0.52986,12,2,2
202100003056,196Â 300,B01,1,1,2,1,1,0,-1,-1, -1,-1,2021,41.0,2,2,0,2,8,21,1,,1,AUTOROUTE A20,0,,3,4,0,2,187,399,3,, -1,2,0,1,110,5,10,3,87,87019,1,1,0,5,AUTOROUTE A20,45.773,1.31162,21,3,3
202100033118,142Â 557,A01,1,1,1,1,2,-1,-1,0,0,-1,2021,16.0,2,1,0,2,3,15,1,,3,203,0,D,-1,2,0,1,20,30,2,, -1,1,0,3,80,22,6,1,49,49010,1,9,0,1,D203,47.715724,-1.115069,12,2,2
202100034701,139Â 697,B01,1,1,1,5,2,-1,-1,0,0,-1,2021,64.0,1,1,0,2,2,5,1,,3,19,-1,,2,2,0,2,10,800,3,, -1,1,0,1,80,14,6,1,42,42168,1,1,0,1,Route du Mas,45.425489,4.676152,15,2,2
202100010910,182Â 229,B01,1,1,1,1,2,0,-1,-1, -1,-1,2021,50.0,2,1,0,2,1,1,0,,4,FONTAINE (RUE DE LA),0,,-1,2,0,1,(1),(1),1,, -1,1,0,1,50,26,10,1,35,35051,2,6,1,3,FONTAINE (RUE DE LA),48.11405,-1.6073,8,2,2
202100006340,190Â 459,A01,1,1,1,9,2,6,-1,0,0,-1,2021,18.0,3,1,0,2,1,1,1,,4,,-1,,2,2,0,1,(1),(1),3,, -1,2,0,1,80,26,11,1,36,36016,1,1,0,3,2 Route des Brandes.,46.540901,1.145861,9,2,2
202100041694,127Â 082,A01,1,1,1,4,1,0,-1,-1, -1,-1,2021,30.0,1,2,0,2,2,17,1,,2,PL HECTOR BERLIOZ ,0,,2,4,0,1,1,0,1,, -1,2,0,1,50,2,5,5,94,94078,2,9,0,3,Place Hector Berlioz,48.746,2.446,20,2,2
202100013057,178Â 406,B01,1,1,1,4,2,0,-1,-1, -1,-1,2021,24.0,1,1,0,2,1,18,1,,4,GUYNEMER (AVENUE G.),0,,3,0,2,1,(1),(1),1,, -1,1,0,1,50,13,10,1,62,62193,2,1,0,3,GUYNEMER (AVENUE G.),50.9498,1.893009,12,2,2
202100010072,183Â 693,A01,2,2,1,5,1,-1,-1,0,0,-1,2021,25.0,1,2,0,0,0,1,1,,3,4,0,D,2,2,0,1,14,220,1,, -1,2,0,1,90,30,10,3,61,61284,1,1,1,7,D4,48.580713,0.341252,6,2,1
202100048627,114Â 841,A01,1,1,1,5,2,6,9,0,0,-1,2021,21.0,1,1,5,0,7,14,1,,3,913,0,,2,2,0,2,18,0,2,, -1,1,0,3,70,7,3,1,95,95656,1,1,0,6,Cote du Pavillon,49.0615469749,1.7197723549,16,2,1
202100050493,111Â 441,A01,2,2,2,1,2,6,-1,-1, -1,-1,2021,47.0,0,1,0,2,1,26,1,,2,GENERAL LECLERC (AV),0,,2,2,0,2,0,0,1,, -1,1,0,1,50,23,2,5,94,94004,2,1,0,2,GENERAL LECLERC (AV),48.7475,2.51015,18,3,2