Num_Acc,id_vehicule,num_veh,place,catu,sexe,trajet,secu1,secu2,secu3,locp,actp,etatp,year_acc,victim_age,senc,catv,obs,obsm,choc,manv,motor,occutc,catr,voie,v1,v2,circ,nbv,vosp,prof,pr,pr1,plan,lartpc,larrout,surf,infra,situ,vma,jour,mois,lum,dep,com,agg_,int,atm,col,adr,lat,long,hour,nb_victim,nb_vehicules
202100027433,152Â 684,A01,10,3,1,9,0,-1,-1,5,9,3,2021,65.0,1,2,6,0,2,1,1,,4,258,-1,,1,1,0,1,(1),(1),2,, -1,1,0,8,70,23,7,3,3,3236,2,1,0,6,16 Rue de Bourzat,46.197909,3.432552,23,3,1
202100032645,143Â 416,A01,1,1,2,0,1,8,-1,-1, -1,-1,2021,28.0,0,2,8,2,1,1,1,,3,PERNES ROUTE DE,0,,2,2,0,1,0,0,1,, -1,1,0,1,80,11,6,1,84,84080,1,1,0,3,PERNES ROUTE DE,44.02315,5.02054,16,2,2
202100028780,150Â 278,B01,1,1,1,0,1,-1,-1,-1, -1,-1,2021,24.0,2,2,4,0,1,1,1,,1,A7   15.770 A 20.110,0,,3,6,0,1,18,399,1,, -1,2,0,1,110,14,7,3,69,69297,1,1,0,6,A7,45.6026736491,4.7972363215,23,5,2
202100005496,191Â 968,A01,1,1,2,2,1,-1,-1,0,0,-1,2021,26.0,2,2,0,2,1,13,1,,3,MITTERRAND (AVENUE FRANCOIS),0,,2,2,0,1,45,512,1,, -1,7,2,1,70,29,11,1,65,65417,2,1,0,1,MITTERRAND (AVENUE FRANCOIS),43.21802,0.10877,7,4,2
202100035236,138Â 721,A01,1,1,1,1,1,8,-1,-1, -1,-1,2021,49.0,2,2,0,2,1,13,1,,4,BOUILIBAYE (CHE DE),0,,2,2,0,1,0,0,1,, -1,1,0,1,30,9,6,1,83,83129,2,1,0,3,BOUILIBAYE (CHE DE),43.091913,5.83552,16,2,2
202100036344,136Â 734,A01,1,1,1,5,2,6,9,0,0,-1,2021,35.0,1,1,6,0,7,1,1,,3,218,-1,B,2,2,0,2,7,880,4,, -1,1,2,1,80,6,6,1,73,73132,1,1,0,6,D218b,45.742996,6.570876,10,1,1
202100046714,118Â 270,A01,1,1,1,0,1,0,-1,-1, -1,-1,2021,46.0,1,2,0,2,0,0,1,,1,A13,0,,3,6,0,1,39,299,1,, -1,1,0,1,130,25,3,1,78,78217,1,1,0,2,A13,48.963206,1.837368,14,5,2
202100029086,149Â 757,A01,1,1,1,0,2,0,-1,-1, -1,-1,2021,18.0,2,1,0,2,1,17,1,,7,JOFFRE (BD MARECHAL),0,,2,2,0,1,2,660,1,, -1,1,0,1,50,13,7,1,83,83137,2,3,0,5,JOFFRE (BD MARECHAL),43.1237759044,5.951487869,19,3,3
202100023504,159Â 618,B01,1,1,1,5,6,2,-1,0,0,-1,2021,51.0,1,1,0,2,1,2,1,,3,598,-1,D,2,2,0,1,2,300,1,, -1,1,0,1,50,20,8,1,60,60129,2,1,0,3,499 Route de Bailly,49.515642,3.01354,16,2,2
202100035830,137Â 660,B01,2,2,1,0,1,-1,-1,0,0,-1,2021,79.0,1,2,0,0,3,1,1,,3,117,-1,R,2,2,0,2,20,170,4,, -1,1,0,1,80,9,6,1,73,73257,2,1,0,1,D117,45.385491,6.503735,12,3,2
202100040758,128Â 756,A01,1,1,2,9,1,0,-1,-1, -1,-1,2021,31.0,3,2,2,0,0,26,1,,7,OLIVES (AVENUE DES),0,,2,0,0,1,0,0,1,, -1,1,0,4,50,8,5,5,13,13213,2,9,0,6,OLIVES (AVENUE DES),43.3262,5.4391,3,1,1
202100044220,122Â 631,B01,1,1,1,1,1,-1,-1,-1, -1,-1,2021,46.0,1,2,0,2,4,1,1,,1,ROCADE A 630,0,,1,1,0,4,28,320,1,, -1,1,3,1,50,13,4,1,33,33550,1,1,0,2,ROCADE A 630,44.783685,-0.58831,17,2,2
202100041795,126Â 900,A01,1,1,1,0,1,-1,-1,-1, -1,-1,2021,35.0,1,2,14,0,1,9,1,,4,BARTHOU (BOULEVARD LOUIS) PAIR,0,,3,2,0,2,(1),(1),1,, -1,1,0,1,50,1,5,5,51,51454,2,1,0,7,Boulevard Louis Barthou,49.2338783,4.0296667,4,1,1
202100047363,117Â 112,B01,1,1,1,5,4,9,-1,0, -1,-1,2021,61.0,2,1,0,2,1,1,5,,3,RD 783,0,,1,1,0,4,1,160,3,, -1,1,3,8,50,19,3,1,29,29039,1,4,0,3,Rue de Lanriec,47.8692,-3.89456,13,2,2
202100004716,193Â 347,A01,10,3,2,5,0,-1,-1,2,3,1,2021,84.0,2,5,0,1,3,15,1,,4,GENERAL DE GAULLE (AVENUE DU),0,,2,2,0,1,(1),(1),1,, -1,2,0,1,50,3,12,1,77,77305,2,3,1,6,GENERAL DE GAULLE (AVENUE DU),48.38182,2.95138,15,2,1
202100003487,195Â 522,A01,1,1,2,5,0,-1,-1,0,0,-1,2021,70.0,1,2,4,0,9,2,1,,1,13,0,A,1,3,0,1,68,100,1,, -1,2,0,1,-1,12,12,1,27,27203,1,1,1,3,A13 PK 68+100,49.051968,1.441462,11,5,2
202100021961,162Â 374,B01,1,1,1,5,2,0,-1,-1, -1,-1,2021,16.0,1,1,0,2,3,1,1,,3,AV DE PINCE VENT,0,,2,2,0,1,1,0,1,, -1,1,0,1,50,28,8,1,94,94055,2,4,0,1,PINCE VENT - CAR DE PINCE-VENT (AV DE),48.78942,2.54902,12,2,2
202100055293,102Â 986,B01,3,2,1,9,3,-1,-1,-1, -1,-1,2021,2.0,2,2,0,2,6,23,1,,3,FRANS ROUTE DE,0,,2,4,0,1,58,900,1,, -1,1,0,1,50,11,1,5,69,69264,2,6,0,2,FRANS (DE) (RTE),45.9840521164,4.7437328481,6,3,2
202100011507,181Â 153,A01,1,1,1,5,1,0,-1,-1, -1,-1,2021,33.0,3,2,4,0,8,1,1,,1,A55-Sens Martigues vers Marseille,0,,1,2,0,1,39,(1),3,, -1,1,1,1,50,23,10,5,13,13056,1,1,0,6,A55-Sens Martigues vers Marseille,43.411896,5.025331,1,1,1
202100026549,154Â 242,A01,1,1,1,5,0,-1,-1,0,0,-1,2021,61.0,1,1,13,0,1,0,5,,3,164,0,D,2,2,0,2,0,0,3,, -1,1,0,3,80,30,7,1,84,84123,1,1,0,6,D164,44.111976,5.3931,12,1,1
202100041187,127Â 978,A01,1,1,1,0,1,-1,-1,0,0,-1,2021,21.0,3,2,2,0,0,1,1,,4,,-1,,2,2,0,1,(1),(1),3,, -1,1,0,1,-1,7,5,4,41,41002,1,1,0,6,La Gouliere,47.307706,1.243059,2,1,1
202100017692,169Â 996,A01,10,3,1,0,0,-1,-1,2,3,3,2021,16.0,1,2,0,1,3,1,1,,4,GARCIA CHRISTINO,0,,1,1,0,1,0,1,1,, -1,1,0,1,50,20,9,1,93,93066,2,2,0,6,Rue Cristino Garcia / Passage Boise,48.916538,2.363,14,2,1
202100005152,192Â 566,A01,1,1,2,5,8,-1,-1,0,0,-1,2021,24.0,1,2,0,0,1,0,1,,3,301,-1,D,2,2,0,1,17,500,1,, -1,7,0,3,90,2,12,3,3,3297,1,1,1,7,D301 route de NASSIGNY,46.51954,2.606893,23,2,1
202100037135,135Â 317,B01,1,1,1,1,1,-1,-1,-1, -1,-1,2021,66.0,1,2,0,2,4,1,1,,1,A7   7.000 A 8.630,0,,3,6,0,1,7,575,1,, -1,1,0,1,70,27,5,3,69,69199,1,1,0,2,A7   7.000 A 8.630,45.69024,4.84547,3,2,2
202100044113,122Â 823,A01,1,1,1,0,2,0,-1,-1, -1,-1,2021,23.0,1,1,0,2,1,0,1,,4,DU LYCEE(RUE),0,,2,2,0,1,0,0,1,, -1,1,0,1,50,13,4,1,974,97409,2,9,0,3,DU LYCEE(RUE),-20.96376,55.65275,12,2,2
202100029647,148Â 794,A01,2,2,2,5,8,-1,-1,0,0,-1,2021,52.0,1,2,3,0,1,1,1,,1,19,-1,,3,4,0,1,104,900,2,, -1,1,0,8,130,11,7,1,45,45301,1,1,0,6,A19-PR 104 + 900,48.108692,2.130661,9,2,1
202100045194,120Â 954,C01,2,2,2,0,1,-1,-1,0,0,-1,2021,27.0,1,2,0,2,1,1,1,,7,68,-1,,2,2,0,1,4,893,1,, -1,1,0,1,90,3,4,1,34,34058,1,1,0,5,D68,43.681121,3.945841,17,4,3
202100046498,118Â 674,A01,10,3,1,0,0,-1,-1,3,3,1,2021,67.0,1,2,0,1,1,26,1,,7,GODILLOT  ( AVENUE ALEXIS ),0,,1,1,0,1,105,300,1,, -1,1,0,1,50,25,3,1,83,83069,2,1,0,6,GODILLOT  ( AVENUE ALEXIS ),43.11359,6.12347,7,2,1
202100029486,149Â 086,B01,1,1,1,0,2,6,-1,0,0,-1,2021,36.0,2,1,0,2,1,1,1,,3,419,0,D,2,2,0,1,17,448,1,, -1,1,5,1,80,11,7,1,68,68062,1,3,1,1,D419,47.628593,7.221596,17,2,2
202100032843,143Â 067,B01,4,2,2,5,1,0,-1,-1, -1,-1,2021,31.0,1,2,0,2,6,23,1,,3,RD 430,0,,3,2,0,2,52,99,1,, -1,2,2,1,90,21,6,1,68,68166,1,1,0,4,RD 430,47.78957,7.31521,17,8,5
202100041892,126Â 737,B01,1,1,2,1,1,0,-1,0,0,-1,2021,47.0,2,2,0,2,8,1,1,,7,RD 570,0,,2,2,1,2,(1),(1),1,, -1,1,0,1,70,30,4,1,54,54328,1,1,0,3,RD 570,48.61027,6.174,16,2,2
202100013390,177Â 796,B01,1,1,2,9,8,0,-1,0,0,-1,2021,55.0,1,1,0,2,1,1,5,,4,AVENUE WINSTON CHURCHILL,0,,2,5,1,1,(1),(1),1,, -1,1,-1,5,30,13,10,1,75,75108,2,1,0,3,AVENUE WINSTON CHURCHILL,48.866279,2.313842,9,2,2
202100028648,150Â 505,B01,1,1,2,5,8,-1,-1,-1, -1,-1,2021,42.0,1,1,0,2,1,1,5,,4,RUE SAINTE- CATHERINE,0,,-1,0,0,2,(1),(1),1,, -1,1,0,1,30,17,7,5,33,33063,2,3,0,1,Rue Sainte-Catherine,44.840235,-0.574218,1,2,2
202100021613,163Â 000,A01,1,1,2,5,2,0,-1,-1, -1,-1,2021,83.0,1,1,0,0,7,26,5,,3,DAUTEL BOULEVARD,0,,2,2,0,1,5,40,1,, -1,1,0,1,50,31,8,1,49,49353,2,1,0,7,DAUTEL BOULEVARD,47.44346,-0.48312,13,1,1
202100032302,144Â 018,B01,1,1,1,1,2,8,-1,0,0,-1,2021,57.0,2,1,0,2,4,2,0,,3,R.N.98 BORD DE MER SIESTA,0,,2,2,2,1,24,948,1,, -1,1,0,5,70,22,6,1,6,6004,1,1,0,2,R.N.98 BORD DE MER SIESTA,43.595775,7.12542,13,2,2
202100011990,180Â 282,B01,1,1,1,5,2,8,-1,-1, -1,-1,2021,54.0,2,1,0,2,7,0,1,,7,ALMANARRE (ROUTE DE L'),0,,2,2,0,2,45,870,1,, -1,1,0,1,50,19,10,1,83,83069,2,3,0,1,ALMANARRE (ROUTE DE L'),43.0847911602,6.1099755764,12,2,2
202100022577,161Â 263,A01,1,1,1,4,2,6,-1,-1, -1,-1,2021,50.0,1,1,0,2,1,3,1,,1,A86 INT,0,,-1,3,0,1,46,0,1,, -1,1,0,1,90,26,8,1,94,94073,1,1,0,4,A86 INT,48.762100526,2.3816766713,16,4,4
202100056130,101Â 550,A01,3,2,1,5,8,8,-1,0,0,-1,2021,29.0,1,2,4,2,6,14,1,,1,1,0,,3,4,0,1,2,800,1,, -1,1,0,1,70,5,1,5,988,98818,1,1,0,6,VE1 SENS SUD/NORD,-22.2472,166.4565,3,4,1
202100001140,199Â 734,B01,4,2,2,5,1,0,-1,-1, -1,-1,2021,14.0,1,2,3,0,4,23,1,,1,A13,0,,3,3,0,1,35,700,1,, -1,2,0,2,130,28,12,3,78,78238,1,1,0,2,A13,48.97058,1.88439,6,6,2
202100006685,189Â 833,B01,2,2,1,0,1,0,-1,-1, -1,-1,2021,65.0,2,2,0,2,5,2,1,,2,OUEST BOULEVARD,0,,3,6,0,1,8,1190,1,, -1,1,0,6,90,23,11,3,25,25056,1,1,0,2,OUEST BOULEVARD,47.26741,6.00333,18,3,2
202100008673,186Â 236,A01,10,3,1,5,0,-1,-1,2,3,1,2021,77.0,2,1,0,1,1,1,1,,4,AVENUE DE LAUMIERE,0,,2,2,0,2,(1),(1),1,, -1,1,0,1,50,14,8,1,75,75119,2,1,0,6,AVENUE DE LAUMIERE,48.883903,2.380517,18,2,1
202100003775,195Â 014,A01,10,3,2,5,0,-1,-1,1,3,1,2021,16.0,2,2,0,1,2,1,3,,3,7,0,D,2,2,0,1,1,100,3,, -1,1,0,1,50,9,12,3,68,68374,1,1,0,6,Rue du Logelbach,48.073958,7.292354,17,3,1
202100006327,190Â 478,A01,1,1,1,0,8,-1,-1,0,0,-1,2021,77.0,1,2,0,0,9,1,1,,3,20,-1,,2,2,0,2,27,910,2,, -1,2,0,3,90,25,11,3,19,19148,1,1,1,7,Route de Serandon,45.385988,2.288632,18,1,1
202100025625,155Â 881,B01,1,1,1,1,2,6,-1,-1, -1,-1,2021,43.0,3,1,0,2,7,15,1,,4,PAPIN DENIS -BD-,0,,2,2,0,1,0,0,1,, -1,1,5,1,50,3,8,1,11,11069,2,6,0,3,PAPIN DENIS -BD-,43.20759,2.3145,8,2,2
202100053922,105Â 362,B01,1,2,2,0,8,0,-1,-1, -1,-1,2021,20.0,2,3,0,2,2,1,2,2.0,4,BISHOP (Avenue Maurice),0,,3,6,3,1,(1),(1),1,, -1,1,0,1,30,22,1,1,972,97209,2,3,0,3,BISHOP (Avenue Maurice),14.60446,-61.06412,17,3,2
202100028693,150Â 431,A01,3,2,2,1,1,0,-1,-1, -1,-1,2021,29.0,3,2,0,2,5,1,1,,4,GENERAL GIRAUD (BD DU),0,,2,1,0,1,0,0,1,, -1,1,0,1,30,16,7,1,94,94068,2,2,0,3,GENERAL GIRAUD (BD DU),48.7886,2.48931,18,3,2
202100010954,182Â 147,A01,10,3,2,9,8,8,-1,4,3,1,2021,33.0,1,2,0,1,1,1,1,,3,AULAGNIER ( QUAI ),0,,2,0,0,1,0,0,1,, -1,1,0,1,50,25,10,5,92,92004,2,3,0,6,AULAGNIER ( QUAI ),48.9174035277,2.3198881745,19,2,1
202100009457,184Â 799,A01,1,1,1,5,2,6,-1,0,0,-1,2021,57.0,1,1,0,2,1,3,1,,4,PORTE D ORLEANS,0,,1,4,0,1,5,500,1,, -1,2,0,1,70,4,11,1,75,75114,2,1,0,3,PORTE D ORLEANS,48.820678,2.323145,8,2,2
202100029709,148Â 694,B01,1,1,1,5,2,6,-1,0,0,-1,2021,24.0,1,1,0,2,2,1,1,,2,7,-1,,2,2,0,1,94,350,1,, -1,1,0,1,80,11,7,2,26,26085,1,3,0,3,1555 Route Nationale 7,44.516962,4.74472,7,4,2
202100005577,191Â 834,A01,10,3,2,1,0,-1,-1,3,3,1,2021,19.0,2,2,0,1,3,1,1,,3,113,0,D,2,2,0,1,0,843,1,, -1,1,0,1,50,30,11,5,31,31446,2,1,1,6,70 Avenue Tolosane,43.544615,1.476384,20,2,1
202100038398,133Â 002,A01,10,3,2,5,0,-1,-1,3,3,1,2021,77.0,2,0,0,1,1,1,3,,4,RUE DE VAUGIRARD,0,,1,2,1,1,(1),(1),1,, -1,1,0,1,50,25,5,1,75,75115,2,3,0,6,RUE DE VAUGIRARD,48.842457,2.311065,15,2,1
202100050117,112Â 156,A01,10,3,1,5,0,-1,-1,4,3,1,2021,66.0,3,2,0,1,2,16,1,,7,63,0,B,2,2,0,1,(1),(1),1,, -1,1,0,1,50,26,2,1,13,13113,2,1,1,1,Rue de la Touloubre,43.580014,5.470811,16,2,1
202100022728,160Â 973,B01,1,1,1,0,2,6,-1,-1, -1,-1,2021,34.0,3,1,0,2,9,1,1,,4,PETIT CHANGE (BOULEVARD DU),0,,2,2,0,2,(1),(1),1,, -1,1,0,1,50,20,8,1,24,24322,2,3,1,3,PETIT CHANGE (BOULEVARD DU),45.1836,0.73499,19,2,2
202100028484,150Â 801,A01,2,2,2,5,1,5,-1,-1, -1,-1,2021,21.0,1,2,0,2,9,13,1,,2,20 (R.N.) COTE SUD DU TUNNEL,0,,2,2,0,1,39,666,1,, -1,1,0,1,70,17,7,1,9,9122,1,1,0,1,20 (R.N.) COTE SUD DU TUNNEL,42.955849,1.62378,8,5,2
202100003843,194Â 884,A01,1,1,2,4,8,0,-1,-1, -1,-1,2021,46.0,2,2,0,1,1,1,0,,3,ROGER SALENGRO (R),0,,2,2,0,1,1,0,1,, -1,1,0,1,50,9,12,1,94,94044,2,1,0,6,Rue Roger Salengro,48.7514344433,2.4893088339,12,3,1
202100048490,115Â 087,B01,1,1,2,5,1,-1,-1,0,0,-1,2021,26.0,1,2,0,0,3,1,1,,3,24,0,,2,2,0,2,5,150,2,, -1,1,0,1,70,10,3,1,69,69154,1,1,0,3,LUERE (DE LA) (RTE),45.7516543527,4.6444702148,17,2,2
202100014066,176Â 553,A01,2,2,1,4,1,-1,-1,0,0,-1,2021,52.0,2,5,0,2,2,2,0,,1,6,0,,1,5,0,1,60,400,3,, -1,1,0,5,130,11,10,2,77,77477,1,1,1,6,Autoroute A6,48.344755,2.589211,8,3,2
202100010982,182Â 096,A01,1,1,1,1,2,-1,-1,0,0,-1,2021,52.0,1,1,0,2,1,17,1,,3,357,-1,,2,2,0,1,36,295,1,, -1,1,0,1,80,27,10,2,72,72054,1,1,0,3,Les Parcs,48.005946,0.357785,7,2,2
202100038334,133Â 110,B01,1,1,1,0,2,0,-1,-1, -1,-1,2021,55.0,1,1,0,2,1,1,1,,4,RAVIER (RUE),0,,2,2,0,1,0,1,1,, -1,1,0,1,50,6,5,1,74,74008,2,3,0,3,RAVIER (RUE),46.20062,6.2305,19,2,2
202100052069,108Â 646,A01,1,1,1,1,1,-1,-1,0,0,-1,2021,44.0,2,2,6,0,1,1,2,,3,19,0,,2,2,0,2,16,500,1,, -1,1,0,3,80,9,2,1,1,1216,1,1,0,6,RIX,45.737114,5.516403,7,1,1
202100018262,168Â 975,A01,3,2,2,5,1,-1,-1,0,0,-1,2021,27.0,2,5,8,0,2,14,1,,2,3,-1,,2,2,0,1,(1),(1),3,, -1,1,0,3,110,19,9,3,988,98823,1,1,0,6,NÃ©outa (Tribu),-21.05581,165.40112,21,3,1
202100042350,125Â 924,B01,1,1,1,9,2,6,-1,0,0,-1,2021,61.0,1,1,0,2,1,1,1,,4,PLACE D IENA,0,,2,2,0,1,(1),(1),1,, -1,1,0,1,50,26,4,1,75,75116,2,7,0,3,PLACE D IENA,48.864697,2.294147,19,2,2
202100047482,116Â 891,A01,1,1,2,0,1,0,-1,-1, -1,-1,2021,39.0,0,2,0,2,2,1,1,,4,MADRILLET. RUE DU,0,,2,2,0,1,0,0,1,, -1,1,0,1,50,5,3,1,76,76575,2,2,0,3,MADRILLET. RUE DU,49.39479,1.07355,11,2,2
202100037684,134Â 300,A01,1,1,2,5,2,6,9,0,0,-1,2021,59.0,2,1,13,0,1,1,1,,3,8051,0,,2,2,0,2,89,(1),2,, -1,1,0,3,80,30,5,1,8,8185,1,1,0,7,D8051,49.987663,4.678293,11,1,1
202100016002,173Â 064,B01,1,1,1,2,2,6,-1,0,0,-1,2021,16.0,1,1,7,2,7,1,1,,3,34,0,D,2,2,0,1,23,995,1,, -1,1,5,1,50,1,10,1,31,31426,2,2,0,3,2 rue principale,43.08647,0.614994,17,2,2
202100002474,197Â 347,A01,1,1,1,1,2,8,-1,-1, -1,-1,2021,42.0,1,0,0,2,1,1,3,,3,GEORGES GOSNAT (AV),0,,1,2,0,1,0,0,1,, -1,1,0,1,50,16,12,1,94,94041,2,9,0,3,GEORGES GOSNAT (AV),48.81362,2.38905,14,2,2
202100009488,184Â 750,A01,1,1,1,1,2,6,-1,-1, -1,-1,2021,21.0,3,1,0,2,8,1,1,,4,AGRICULTURE (RUE DE L'),0,,1,1,0,1,1,0,1,, -1,1,0,1,30,3,11,1,92,92025,2,2,0,3,AGRICULTURE (RUE DE L'),48.913205,2.239166,13,2,2
202100040188,129Â 765,B01,1,1,2,0,1,-1,-1,-1, -1,-1,2021,62.0,1,2,0,2,4,26,1,,2,RN157,0,,3,4,0,1,40,440,1,, -1,2,0,1,90,12,5,2,35,35051,1,1,0,2,RN157,48.1146,-1.55944,18,3,2
202100003409,195Â 663,B01,1,1,1,0,2,0,-1,-1, -1,-1,2021,37.0,3,1,0,2,1,1,1,,4,KERVILER(AVENUE RENE DE),0,,2,2,0,2,(1),(1),2,, -1,2,0,1,50,7,12,1,56,56260,2,2,1,3,KERVILER(AVENUE RENE DE),47.6421,-2.7552,12,2,2
202100002379,197Â 529,B01,1,1,1,0,8,0,-1,-1, -1,-1,2021,15.0,0,1,0,2,1,1,5,,4,SAINT JACQUES (RUE),0,,2,2,0,1,0,0,1,, -1,1,5,1,50,17,12,1,91,91223,2,2,0,1,SAINT JACQUES (RUE),48.43328,2.15524,12,2,2
202100038248,133Â 278,A01,1,1,1,5,2,4,6,0,0,-1,2021,58.0,1,1,0,2,3,26,1,,3,218,-1,,2,2,0,1,4,106,1,, -1,1,0,1,80,27,5,1,62,62699,1,2,0,3,rue de gravelines,50.830337,2.077414,11,2,2
202100020830,164Â 410,C01,1,1,1,5,8,-1,-1,-1, -1,-1,2021,19.0,3,1,0,2,7,19,3,,4,HERBOUVILLE (D')                    (CO),0,,1,2,3,1,(1),(1),1,, -1,1,0,1,50,4,9,1,69,69384,2,3,0,4,HERBOUVILLE (D') (CR),45.77903,4.84103,17,3,3
202100017650,170Â 072,A01,1,1,1,9,1,-1,-1,0, -1,-1,2021,92.0,2,2,8,2,3,26,1,,4,STANG BIHAN RUE DE,0,,2,1,0,1,(1),(1),1,, -1,1,0,8,50,20,9,1,29,29232,2,1,0,1,Rue de Stang Bihan,48.01062,-4.097,12,2,2
202100029398,149Â 231,A01,10,3,2,3,0,-1,-1,6,9,1,2021,77.0,1,2,0,1,4,4,1,,3,306,0,D,2,2,0,1,61,500,1,, -1,1,0,3,50,8,7,1,69,69288,2,1,0,6,JEAN MOULIN (AV),45.687108,5.049098,10,2,1
202100024914,157Â 127,B01,1,1,1,0,8,0,-1,-1, -1,-1,2021,39.0,1,1,0,2,1,1,3,,4,,0,,1,2,1,1,0,0,1,, -1,1,0,5,50,9,8,1,92,92050,2,1,0,3,PORT RUE DU,48.89381,2.17777,17,2,2
202100029706,148Â 698,A01,2,1,1,5,0,-1,-1,0,0,-1,2021,30.0,2,1,0,2,1,1,3,,3,453,-1,,2,2,0,1,6,800,1,, -1,1,0,1,50,10,7,1,13,13004,2,1,0,3,18 route de la crau,43.411125,4.726619,17,2,2
202100046662,118Â 362,A01,3,2,1,5,1,0,-1,-1, -1,-1,2021,22.0,1,2,3,0,9,1,1,,4,BUTTE VERTE,0,,2,2,0,1,0,0,2,, -1,1,0,1,50,24,3,5,93,93051,2,1,0,6,BUTTE VERTE,48.84138,2.57913,22,3,1
202100001365,199Â 325,A01,1,1,1,1,1,-1,-1,-1, -1,-1,2021,23.0,0,2,9,0,1,1,1,,4,MARCEL SEMBAT                       (R ),0,,3,1,0,1,(1),(1),2,, -1,1,9,8,50,25,12,1,69,69199,2,1,0,6,MARCEL ETIENNE SEMBAT (R),45.71074,4.84679,16,2,1
202100049826,112Â 683,A01,1,1,2,3,1,-1,-1,0,0,-1,2021,26.0,2,2,0,2,2,1,1,,2,,-1,,1,-1,-1,1,37,666,3,, -1,1,3,1,-1,27,2,1,78,78601,1,3,1,3,D936,48.620215,1.832174,16,5,2
202100049496,113Â 280,A01,2,2,2,0,1,0,-1,-1, -1,-1,2021,20.0,3,2,5,0,1,1,1,,4,CHAPEAU DE GENDARME,0,,2,2,2,1,1,0,1,, -1,1,0,1,50,2,3,5,49,49007,2,1,0,6,CHAPEAU DE GENDARME,47.451306,-0.554263,2,3,1
202100042833,125Â 102,A01,2,2,1,0,8,0,-1,-1, -1,-1,2021,26.0,2,2,0,0,2,0,0,,3,ZONE (ROUTE DE),0,,2,2,0,1,1,200,1,, -1,1,0,1,80,22,4,1,74,74133,1,1,0,7,ZONE (ROUTE DE),46.1783,6.21413,19,2,1
202100025313,156Â 410,B01,1,1,1,0,2,6,-1,-1, -1,-1,2021,36.0,1,1,0,2,1,1,1,,4,CHARTREUX (AVENUE DES),0,,3,2,0,1,0,0,1,, -1,1,0,1,50,5,8,5,13,13204,2,3,0,3,CHARTREUX (AVENUE DES),43.31126,5.40104,21,4,2
202100028598,150Â 598,A01,1,1,1,5,2,8,-1,0,0,-1,2021,28.0,2,1,0,2,1,5,5,,1,A4,0,,3,4,0,1,5,900,2,, -1,2,0,1,90,16,7,3,75,75112,1,1,1,3,A4,48.8215162124,2.4620640278,4,2,2
202100001996,198Â 230,B01,1,1,1,9,0,-1,-1,0,0,-1,2021,28.0,2,1,0,2,1,14,3,,7,NICE (ROUTE DE),0,,2,2,0,1,15,500,1,, -1,1,0,1,70,19,12,1,83,83069,1,1,0,1,NICE (ROUTE DE),43.12993,6.17779,11,2,2
202100036587,136Â 313,B01,1,1,1,5,8,0,-1,-1, -1,-1,2021,19.0,3,1,0,2,1,1,3,,4,CEVENNES (RUE DES),0,,1,2,2,1,0,0,1,, -1,1,0,1,50,3,6,1,91,91692,2,1,0,2,CEVENNES (RUE DES),48.67969,2.17404,13,2,2
202100035459,138Â 327,A01,10,3,2,1,0,-1,-1,5,1,1,2021,41.0,1,2,0,1,5,20,1,,4,GARE (RUE DE LA),0,,1,2,0,1,0,100,2,, -1,1,4,4,30,9,6,1,91,91691,2,9,1,6,GARE (RUE DE LA),48.706972,2.485205,17,3,1
202100041243,127Â 880,A01,10,3,2,5,0,-1,-1,3,3,1,2021,16.0,3,1,0,1,1,26,1,,4,cavani-Belle vue (rue),0,,2,1,0,3,0,0,3,, -1,1,0,1,50,5,5,1,976,97611,2,1,0,6,cavani-Belle vue (rue),-12.78656,45.21939,17,2,1
202100009058,185Â 512,A01,1,1,1,5,1,-1,-1,-1,0,-1,2021,23.0,1,2,4,2,3,26,1,,1,AUTOROUTE A15,0,,-1,6,0,1,14,0,1,, -1,1,0,1,110,6,11,3,95,95424,1,1,0,6,A15,48.990877,2.194055,20,1,1
202100026667,154Â 042,B01,1,1,1,0,1,8,-1,-1, -1,-1,2021,25.0,3,2,0,2,4,2,1,,4,CASSIN (RUE RENE),0,,3,4,0,1,0,0,1,, -1,1,0,1,70,23,7,1,30,30007,2,1,0,2,CASSIN (RUE RENE),44.10833,4.10262,18,2,2
202100035546,138Â 170,A01,1,1,1,5,2,0,-1,0,0,-1,2021,67.0,2,1,0,2,1,2,3,,4,RUE DE SAINT PETERSBOURG,0,,2,3,0,2,(1),(1),1,, -1,1,0,1,30,9,6,1,75,75108,2,4,0,2,RUE DE SAINT PETERSBOURG,48.87997,2.324161,10,2,2
202100053527,106Â 038,A01,10,3,1,9,0,-1,-1,2,3,2,2021,7.0,3,2,0,1,1,1,0,,4,,-1,,1,1,0,1,(1),(1),1,, -1,2,0,1,50,26,1,1,27,27056,2,1,0,6,Rue de l'Abbatiale,49.089605,0.598981,15,2,1
202100016927,171Â 365,A01,10,3,2,5,0,-1,-1,3,5,1,2021,57.0,3,2,0,1,2,15,1,,4,JAURES (PLACE JEAN),0,,3,1,0,1,(1),(1),2,, -1,1,0,1,50,24,9,5,37,37261,2,1,0,6,JAURES (PLACE JEAN),47.3900372326,0.6896029836,7,2,1
202100001518,199Â 085,A01,1,1,1,1,1,-1,-1,0,0,-1,2021,21.0,3,2,0,0,9,2,1,,3,2,0,D,2,2,0,1,(1),(1),1,, -1,2,0,1,80,23,12,3,58,58002,1,1,0,7,Route de Donzy,47.433589,3.072889,18,1,1