Num_Acc,id_vehicule,num_veh,place,catu,sexe,trajet,secu1,secu2,secu3,locp,actp,etatp,year_acc,victim_age,senc,catv,obs,obsm,choc,manv,motor,occutc,catr,voie,v1,v2,circ,nbv,vosp,prof,pr,pr1,plan,lartpc,larrout,surf,infra,situ,vma,jour,mois,lum,dep,com,agg_,int,atm,col,adr,lat,long,hour,nb_victim,nb_vehicules
202100011368,181Â 406,A01,1,1,1,5,2,0,-1,-1, -1,-1,2021,42.0,1,1,0,2,1,1,1,,4,DUMAS (RUE ALEX),0,,-1,2,0,1,(1),(1),1,, -1,1,0,1,50,22,10,1,82,82121,2,2,0,3,DUMAS (RUE ALEX),44.0219536859,1.3740044546,14,2,2
202100014345,176Â 066,B01,1,1,1,5,8,-1,-1,-1, -1,-1,2021,77.0,1,1,0,2,8,3,0,,3,THIZY  RUE DE,0,,1,3,0,1,56,500,1,, -1,1,0,1,50,7,10,1,69,69264,2,1,0,3,THIZY DE (R),45.98705,4.71439,10,2,2
202100009198,185Â 267,B01,1,1,2,0,2,8,-1,-1, -1,-1,2021,41.0,1,1,0,2,7,1,1,,3,MADELEINE (ROUTE DE LA),0,,2,2,0,1,3,50,1,, -1,1,0,1,50,5,11,1,973,97302,2,1,0,3,MADELEINE (ROUTE DE LA),4.9138388742,-52.3207939267,13,2,2
202100039002,131Â 924,A01,1,1,2,0,2,8,-1,-1, -1,-1,2021,60.0,1,1,0,2,3,19,5,,4,PARIS (RUE DE) 1/97 - 2/114,0,,1,1,2,1,0,0,1,, -1,1,0,1,50,21,5,1,92,92012,2,3,0,3,PARIS (RUE DE) 1/97 - 2/114,48.841153934,2.2401796281,8,2,2
202100028138,151Â 408,B01,2,2,2,5,1,-1,-1,-1, -1,-1,2021,73.0,1,2,0,2,1,1,1,,4,FARGES (AVE JEAN) DU 01 ET +,0,,2,3,0,2,(1),(1),1,, -1,1,0,1,50,19,7,1,33,33009,2,2,0,1,Avenue Jean Farges,44.65664,-1.1603,14,4,2
202100046825,118Â 079,B01,2,2,2,0,1,-1,-1,0,0,-1,2021,24.0,0,2,0,0,1,1,1,,3,937,0,,2,2,0,1,57,(1),1,, -1,2,0,1,70,25,3,1,80,80620,1,1,0,1,D 937,49.934925,2.949958,13,3,2
202100023044,160Â 430,A01,1,1,1,0,2,-1,-1,-1, -1,-1,2021,49.0,1,1,14,0,1,13,1,,4,EGALITE (DE L')                     (R ),0,,2,2,0,4,(1),(1),1,, -1,1,0,1,50,26,7,5,69,69275,2,3,0,7,CORNAVENT (R),45.76934,4.9674,21,1,1
202100031881,144Â 767,A01,1,1,1,5,2,0,-1,-1, -1,-1,2021,57.0,3,1,3,9,1,1,1,,7,SEMARD PIERRE (bld),0,,2,2,0,1,0,0,1,, -1,1,0,1,30,25,6,1,13,13077,2,1,0,6,SEMARD PIERRE (bld),43.4086,5.00188,18,1,1
202100025339,156Â 362,B01,1,1,1,1,2,6,-1,-1, -1,-1,2021,31.0,2,1,0,2,7,1,1,,2,HENRI BARBUSSE (AV),0,,3,4,0,1,1,0,1,, -1,1,0,1,50,6,8,1,94,94074,2,1,0,6,Avenue Henri Barbusse,48.7648,2.4419,7,2,2
202100034861,139Â 395,B01,1,1,1,5,2,-1,-1,0,0,-1,2021,69.0,1,1,0,2,8,1,5,,3,26,-1,,2,2,0,1,24,960,3,, -1,1,0,1,50,12,6,1,27,27318,2,4,0,6,Rue des Canadiens,49.191433,0.780448,16,2,2
202100005174,192Â 531,A01,10,3,1,9,4,9,-1,1,9,2,2021,47.0,2,0,0,1,0,2,0,,3,,-1,,-1,1,0,1,12,255,1,,3,1,8,3,70,2,12,1,78,78107,1,4,0,6,D110,48.952346,1.560584,15,2,1
202100018566,168Â 448,B01,1,1,1,5,2,8,-1,-1, -1,-1,2021,59.0,2,1,0,2,8,1,1,,4,PORT (BD ROGER LE),0,,2,2,0,1,(1),(1),2,, -1,1,0,1,50,14,9,1,56,56107,2,1,0,1,PORT (BD ROGER LE),47.72756,-3.37951,17,2,2
202100029733,148Â 643,A01,1,1,1,5,2,6,-1,-1, -1,-1,2021,19.0,1,1,0,2,1,1,1,,4,FALAISES (PROMENADE DES),0,,2,2,0,2,0,0,1,, -1,1,0,1,50,9,7,5,64,64024,2,1,0,1,10 PROMENADE DES FALAISES ,43.49788,-1.54042,22,2,2
202100011935,180Â 393,A01,10,3,1,0,0,-1,-1,3,3,1,2021,61.0,1,2,0,1,2,1,1,,3,611,-1,,2,2,0,1,14,500,1,,"8,3",1,0,1,50,22,10,2,79,79270,2,1,0,7,Avenue de Blossac,46.415768,-0.198392,7,3,1
202100051603,109Â 452,B01,1,1,1,4,1,0,-1,-1, -1,-1,2021,48.0,2,2,0,2,4,0,1,,4,EPERNONS (RUE DES),0,,2,2,0,4,0,0,1,, -1,1,0,1,50,13,2,5,93,93048,2,1,0,4,EPERNONS (RUE DES),48.8682,2.4467,19,3,3
202100024387,158Â 092,B01,1,1,1,5,2,-1,-1,0,0,-1,2021,20.0,2,1,0,2,8,1,1,,3,36,0,,2,2,0,1,36,732,2,, -1,1,0,1,80,14,8,1,31,31135,2,4,0,3,Route de Mondavezan,43.223465,1.068211,19,2,2
202100039802,130Â 435,B01,1,1,2,0,1,8,-1,-1, -1,-1,2021,35.0,1,2,0,2,4,2,1,,4,Z I LA JAMBETTE,0,,2,2,0,1,5,599,1,, -1,1,0,1,50,15,5,1,972,97213,2,1,0,2,Z I LA JAMBETTE,14.6161149735,-61.0340023045,11,3,2
202100002737,196Â 878,A01,1,1,1,0,1,-1,-1,-1, -1,-1,2021,74.0,3,2,15,0,1,1,1,,4,JEAN JACQUES ROUSSEAU               (QU),0,,2,2,0,1,(1),(1),1,, -1,2,0,4,50,15,12,5,69,69142,2,1,1,6,JEAN JACQUES ROUSSEAU (Q),45.7333,4.81289,18,1,1
202100016438,172Â 247,A01,1,1,2,0,1,8,-1,-1, -1,-1,2021,57.0,1,2,0,2,3,1,1,,3,ROUTE DEPARTEMENTALE 29,0,,2,2,0,1,4,543,1,, -1,1,0,1,80,27,9,1,9,9225,1,1,0,3,ROUTE DEPARTEMENTALE 29,43.11929,1.65228,8,2,2
202100039554,130Â 889,B01,1,1,1,0,2,0,-1,-1, -1,-1,2021,19.0,1,1,0,2,1,3,1,,3,BADUEL (ROUTE DE),0,,2,2,0,1,4,599,1,, -1,1,0,1,50,17,5,1,973,97302,2,1,0,3,BADUEL (ROUTE DE),4.927696473,-52.2919507028,17,2,2
202100052127,108Â 533,A01,1,1,1,9,1,8,-1,-1, -1,-1,2021,22.0,1,2,0,2,1,13,1,,3,MONTPELLIER (ROUTE DE),0,,2,2,0,1,18,413,2,, -1,1,0,1,80,6,2,1,34,34108,2,1,0,1,MONTPELLIER (ROUTE DE),43.447052,3.762363,14,4,2
202100035368,138Â 493,A01,1,1,1,5,2,-1,-1,0,0,-1,2021,80.0,2,1,0,2,1,13,5,,3,19,-1,,2,2,0,2,47,135,1,, -1,1,0,1,80,10,6,1,46,46021,1,1,0,5,D19,44.581328,1.957734,16,8,8
202100022343,161Â 704,A01,4,2,1,5,8,-1,-1,0,0,-1,2021,16.0,2,2,6,0,0,0,1,,3,518,-1,,2,2,0,1,32,500,3,, -1,1,0,8,50,27,8,2,38,38211,1,1,0,7,D518,45.456247,5.182714,19,4,1
202100004593,193Â 567,B01,6,2,2,9,1,-1,-1,0,0,-1,2021,17.0,2,2,0,2,1,11,1,,3,619,0,,2,2,0,1,51,162,1,, -1,2,0,1,90,6,12,3,77,77090,1,1,1,1,D619,48.559227,3.196013,5,4,2
202100048500,115Â 065,A01,1,1,1,1,2,6,-1,-1, -1,-1,2021,39.0,2,1,0,2,1,3,1,,1,A4,0,,3,4,0,1,12,300,1,, -1,2,0,1,110,11,3,1,93,93051,1,1,1,2,A4,48.83607,2.54036,8,2,2
202100024748,157Â 411,B01,1,1,1,5,2,-1,-1,-1, -1,-1,2021,39.0,1,1,0,2,1,1,1,,4,BEUTRE (AVE DE),0,,2,-1,0,1,(1),(1),1,, -1,1,0,1,50,10,8,1,33,33318,2,2,0,3,Avenue de Beutre,44.80696,-0.69294,13,2,2
202100012039,180Â 191,A01,2,2,1,4,1,0,-1,-1, -1,-1,2021,24.0,3,5,6,0,1,0,1,,4,CITRONNIERS AVENUE DES,0,,2,2,0,3,(1),(1),1,, -1,1,2,1,50,20,10,1,6,6027,2,1,0,6,CITRONNIERS AVENUE DES,43.661354,7.165557,9,2,1
202100003051,196Â 317,B01,1,1,1,5,2,6,-1,-1,0,-1,2021,56.0,2,1,0,2,2,1,1,,3,RD 170,0,,3,4,0,1,1,500,1,, -1,1,0,1,90,14,12,1,95,95582,1,1,0,3,RD 170,48.96488,2.26981,8,2,2
202100037709,134Â 262,B01,1,1,2,5,1,-1,-1,0,0,-1,2021,45.0,2,2,0,2,8,1,1,,3,316,-1,,2,2,0,1,15,25,3,, -1,1,0,1,80,30,5,1,27,27517,1,1,0,3,CD316,49.124219,1.310441,16,4,2
202100023548,159Â 548,A01,1,1,1,5,2,-1,-1,0,0,-1,2021,65.0,2,1,0,2,1,17,1,,3,930,0,,2,2,0,1,(1),(1),1,, -1,1,0,1,80,19,8,1,59,59097,1,1,0,2,D930,50.1444158122,3.0533891916,16,2,2
202100046166,119Â 247,B01,1,1,2,1,1,-1,-1,0,0,-1,2021,26.0,1,2,0,2,3,1,1,,3,934,-1,,2,1,0,1,55,784,2,, -1,1,0,1,-1,29,3,1,77,77240,1,3,0,2,D934,48.786467,3.2494,18,2,2
202100015549,173Â 890,B01,1,1,1,5,2,6,-1,-1, -1,-1,2021,83.0,2,1,0,2,1,1,1,,3,DOUAI (RUE DE),0,,1,1,0,1,11,885,1,, -1,1,0,1,50,28,9,1,59,59024,2,6,0,3,DOUAI (RUE DE),50.33354,3.23709,13,2,2
202100004870,193Â 088,B01,2,2,2,5,1,-1,-1,0,0,-1,2021,23.0,2,2,13,2,2,2,1,,2,21,0,N,2,2,0,1,125,800,1,, -1,1,0,1,80,4,12,1,24,24168,1,1,1,1,Lieu dit MONPLAISIR - RN21,44.715056,0.557857,12,3,2
202100042034,126Â 490,A01,10,3,2,5,0,-1,-1,4,3,1,2021,82.0,1,2,0,1,1,1,1,,4,RUE LANET,0,,2,2,0,1,(1),(1),1,, -1,1,5,1,50,29,4,1,33,33069,2,2,0,6,Rue Lanet,44.8705,-0.5981,14,2,1
202100021740,162Â 772,A01,1,1,1,0,2,0,-1,-1, -1,-1,2021,27.0,2,1,0,2,1,3,1,,2,N118,0,,3,5,0,1,3,0,1,, -1,1,0,1,90,31,8,1,92,92048,1,1,0,2,N118,48.804470192,2.213748657,9,2,2
202100035127,138Â 915,B01,2,2,2,5,2,-1,-1,0,0,-1,2021,49.0,2,1,0,0,4,2,1,,3,D13,0,D,2,2,0,1,2,555,1,, -1,1,0,1,30,11,6,3,44,44206,2,1,0,2,Rue du GÃ©nÃ©ral Charette,46.89985,-1.678247,23,3,2
202100033829,141Â 288,A01,1,1,1,5,2,6,-1,-1, -1,-1,2021,47.0,1,1,0,2,1,18,1,,4,BROODCOORENS (RUE) DU 124 AU 176 - DU 11,0,,1,2,3,1,(1),(1),1,, -1,1,9,6,50,15,6,1,44,44184,2,3,0,3,BROODCOORENS (RUE) DU 124 AU 176 - DU 11,47.26993,-2.24465,16,2,2
202100034966,139Â 198,B01,1,1,1,1,8,0,-1,-1, -1,-1,2021,35.0,2,1,0,2,0,0,3,,4,NOUVEAU BASSIN (RUE DU),0,,1,1,0,1,(1),(1),1,, -1,1,0,1,50,11,6,1,68,68224,2,3,0,3,SALENGRO (AVENUE ROGER),47.75197,7.34893,19,2,2
202100027158,153Â 172,A01,1,1,1,5,1,-1,-1,0,0,-1,2021,20.0,1,2,2,0,1,1,1,,3,196,0,,2,2,0,1,4,620,2,, -1,1,0,3,80,25,7,2,26,26084,1,1,0,6,Route du PÃ©age,45.028448,4.987831,21,2,1
202100007961,187Â 500,A01,2,2,2,5,1,0,-1,-1, -1,-1,2021,21.0,2,2,0,2,2,15,1,,3,INNOCENT SAINT ROUTE DE,0,,2,2,0,2,28,440,2,, -1,1,0,1,50,25,3,1,73,73008,2,1,1,3,D991,45.71133,5.89321,17,3,2
202100001186,199Â 652,B01,2,2,2,0,8,0,-1,0,0,-1,2021,18.0,1,2,0,2,1,1,1,,4,MATHIEU DE DOMBASLE (RUE),0,,2,2,0,1,(1),(1),2,, -1,1,0,1,50,23,12,5,54,54339,2,1,0,3,MATHIEU DE DOMBASLE (RUE),48.72495,6.17957,20,3,2
202100018511,168Â 544,B01,1,1,1,5,2,6,-1,-1, -1,-1,2021,59.0,2,1,0,2,2,3,1,,7,,0,,3,6,0,1,0,600,1,, -1,1,0,1,70,5,9,1,69,69382,1,1,0,3,M7   0.000 A 2.278,45.74171,4.82484,19,2,2
202100044977,121Â 335,B01,1,1,2,2,2,0,-1,0,0,-1,2021,20.0,1,1,0,2,1,1,5,,4,BOULEVARD DE SEBASTOPOL,0,,1,3,1,1,(1),(1),1,, -1,1,-1,5,50,6,4,1,75,75101,2,2,0,3,BOULEVARD DE SEBASTOPOL,48.858524,2.348228,8,2,2
202100033021,142Â 717,A01,10,3,1,5,8,8,-1,5,1,2,2021,4.0,3,1,0,1,1,1,5,,9,MOTTET (Rue Agathe),0,,4,1,3,1,0,9,1,, -1,1,6,6,10,19,6,1,84,84007,2,1,0,6,MOTTET (Rue Agathe),43.931409,4.828242,20,2,1
202100003123,196Â 183,A01,1,1,2,5,1,0,-1,-1, -1,-1,2021,80.0,2,2,0,2,1,2,1,,3,RD 956,0,,2,2,0,1,(1),(1),1,, -1,1,0,1,50,11,12,1,41,41212,2,6,0,2,PATTE D'OIE (rond point),47.56113,1.37367,13,2,2
202100035800,137Â 717,A01,1,1,1,5,2,6,-1,0,0,-1,2021,53.0,1,1,15,0,1,1,1,,3,27,-1,,2,2,0,1,7,0,1,, -1,1,0,3,90,9,6,1,19,19199,1,1,0,6,D27,45.5744211527,2.457305789,11,1,1
202100037654,134Â 354,A01,1,1,1,5,1,-1,-1,0,0,-1,2021,19.0,3,2,13,0,9,1,1,,3,523,-1,,2,2,0,2,(1),(1),4,, -1,1,0,3,80,30,5,1,80,80799,1,1,0,6,D523,49.866711,2.487518,6,1,1
202100025252,156Â 518,A01,10,3,1,1,0,-1,-1,4,3,1,2021,19.0,1,2,0,1,7,1,1,,3,RTE D ORLEANS RN 20,0,,1,0,0,1,0,0,1,, -1,1,9,1,50,5,8,1,91,91425,2,1,0,6,RTE D ORLEANS RN 20,48.63997,2.26811,9,3,1
202100030597,147Â 061,A01,2,2,2,5,1,0,-1,0,0,-1,2021,29.0,1,2,0,2,8,7,1,,4,RUE DE LA CHAPELLE,0,,3,3,3,1,(1),(1),1,, -1,2,0,6,50,4,7,1,75,75118,2,2,1,3,RUE DE LA CHAPELLE,48.898532,2.359384,13,4,2
202100004611,193Â 532,B01,1,1,2,5,1,0,-1,-1, -1,-1,2021,57.0,1,2,0,0,0,0,1,,1,A50-Sens Marseille vers Aubagne,0,,1,2,0,2,13,399,3,, -1,2,0,1,90,4,12,3,13,13005,1,1,0,4,A50-Sens Marseille vers Aubagne,43.2899907187,5.5553269386,20,6,5
202100011561,181Â 058,A01,10,3,1,2,0,-1,-1,3,3,1,2021,10.0,0,2,0,1,8,1,1,,4,SAINT-NAZAIRE (DE),0,,1,1,0,1,(1),(1),1,, -1,1,0,1,30,21,10,1,66,66136,2,1,0,6,SAINT-NAZAIRE (DE),42.6832,2.90386,12,2,1
202100022256,161Â 858,B01,1,1,1,1,2,0,-1,-1, -1,-1,2021,30.0,1,1,0,2,8,26,3,,4,CORDELLES,0,,2,2,0,1,1,0,1,, -1,1,0,1,50,27,8,1,49,49267,2,3,0,3,CORDELLES,47.4666,-0.5124,20,2,2
202100048922,114Â 310,A01,1,1,1,9,1,8,-1,-1, -1,-1,2021,49.0,1,2,0,2,1,26,1,,4,RODIER(RUE),0,,1,1,0,2,0,0,1,, -1,1,0,1,50,5,3,1,974,97416,2,1,0,5,RODIER(RUE),-21.33393,55.47865,11,3,3
202100007991,187Â 448,A01,1,1,1,5,2,-1,-1,-1, -1,-1,2021,17.0,3,1,0,2,1,1,1,,4,BOIS AU COQ (AVENUE),0,,3,4,0,1,0,0,1,, -1,2,0,1,50,13,11,5,76,76351,2,2,1,3,BOIS AU COQ (AVENUE),49.5185,0.1167,17,2,2
202100053170,106Â 694,A01,1,1,2,1,1,0,-1,-1, -1,-1,2021,22.0,2,2,4,0,9,13,1,,1,AUTOROUTE A20,0,,3,4,0,2,187,500,2,, -1,2,0,1,110,25,1,3,87,87065,1,1,1,6,AUTOROUTE A20,45.7986808365,1.2963045669,7,1,1
202100042528,125Â 606,B01,1,1,1,5,0,-1,-1,0,0,-1,2021,17.0,3,1,0,2,1,19,5,,4,,-1,,3,-1,-1,1,(1),(1),1,, -1,1,0,1,-1,24,4,1,49,49180,2,2,0,3,Place du Champ de Foire,47.375729,-0.110783,19,2,2
202100045746,119Â 981,A01,10,3,2,9,0,-1,-1,3,3,1,2021,29.0,1,2,0,1,1,2,1,,4,KENNEDY (BD JOHN-FITZGERALD),0,,3,4,0,1,(1),(1),1,, -1,1,0,1,50,30,3,1,66,66136,2,1,0,6,KENNEDY (BD JOHN-FITZGERALD),42.68982,2.90257,13,2,1
202100021982,162Â 338,B01,1,1,2,5,2,8,-1,0,0,-1,2021,20.0,1,1,0,2,1,17,1,,3,,-1,,2,2,0,1,4,1015,1,, -1,1,0,1,80,27,8,1,49,49359,1,2,0,5,Route DÃ©partementale 960,47.218169,-0.162821,16,4,3
202100011377,181Â 386,A01,1,1,1,0,1,0,-1,0,0,-1,2021,44.0,1,2,8,2,1,13,1,,7,DE GAULLE (AVENUE CHARLES),0,,2,2,0,1,(1),(1),2,, -1,1,0,1,50,24,10,5,54,54439,2,2,0,6,MENDES FRANCE (RUE),48.704630259,6.255545581,0,2,1
202100016253,172Â 579,B01,1,1,1,0,2,0,-1,-1, -1,-1,2021,35.0,2,1,0,2,1,5,1,,3,PARIS (AV DE),0,,3,0,0,1,1,0,1,, -1,1,0,1,50,29,9,5,94,94076,2,1,0,1,Avenue de Paris,48.801555,2.364934,19,2,2
202100054948,103Â 593,B01,1,1,1,2,8,0,-1,-1, -1,-1,2021,15.0,1,1,0,2,7,19,5,,3,VERDUN (DE 62 A FIN),0,,2,4,3,1,0,0,1,, -1,1,0,1,50,15,1,1,92,92026,2,1,0,3,VERDUN (DE 62 A FIN),48.903002,2.258247,8,2,2
202100023433,159Â 736,A01,1,1,1,5,2,0,-1,0,0,-1,2021,33.0,2,1,0,2,1,1,1,,4,TOULOUSE (AVENUE DE,0,,2,4,3,1,(1),(1),1,, -1,1,0,6,50,18,8,1,34,34172,2,1,0,2,TOULOUSE (AVENUE DE,43.59185,3.85835,14,2,2
202100010024,183Â 782,A01,4,2,1,5,1,5,-1,0,0,-1,2021,9.0,0,2,0,2,1,1,1,,4,HARDENCOURT (RUE D'),0,,2,2,0,1,(1),(1),1,, -1,2,0,1,50,31,10,1,27,27229,2,1,1,3,HARDENCOURT (RUE D'),49.02257,1.17239,13,4,2
202100038991,131Â 942,A01,10,3,1,2,0,-1,-1,4,3,1,2021,11.0,1,2,0,1,1,19,1,,3,BRANLY BD EDOUARD,0,,2,2,0,1,0,0,1,, -1,1,0,1,50,20,5,1,93,93063,2,2,0,1,BRANLY BD EDOUARD,48.87322,2.44013,8,2,1
202100006722,189Â 768,B01,1,1,1,1,2,6,-1,0,0,-1,2021,49.0,1,1,0,2,1,1,1,,4,AVENUE PAUL DOUMER,0,,2,2,0,1,(1),(1),1,, -1,1,0,1,30,22,11,5,75,75116,2,1,0,2,AVENUE PAUL DOUMER,48.858773,2.276111,20,2,2
202100024407,158Â 057,A01,1,1,1,5,2,-1,-1,0,0,-1,2021,45.0,1,1,0,2,1,1,1,,2,77,-1,,2,2,0,4,17,408,1,, -1,1,0,1,70,13,8,1,10,10116,2,1,0,3,Route Nationale,48.14786,4.011641,7,2,2
202100049714,112Â 881,A01,1,1,1,0,2,6,9,0,0,-1,2021,46.0,3,1,0,2,1,1,1,,2,7,0, -,2,2,0,1,0,0,1,, -1,1,0,1,50,2,3,1,978,97801,2,1,0,1,R DE LA BAIE NETTLE,18.061797,-63.111885,11,2,2
202100043327,124Â 215,B01,1,1,2,5,8,0,-1,-1, -1,-1,2021,44.0,1,1,0,2,8,16,5,,9,RICHELIEU (BOULEVARD DE),0,,2,2,1,2,57,711,3,, -1,1,0,1,50,16,4,1,49,49099,2,1,0,3,RICHELIEU (BOULEVARD DE),47.04607,-0.87712,17,2,2
202100045801,119Â 885,A01,1,1,1,0,2,0,-1,-1, -1,-1,2021,19.0,1,1,0,2,1,1,1,,3,GENERAL LECLERC (AV DU),0,,2,4,0,1,37,0,1,, -1,1,0,1,50,31,3,2,94,94046,2,1,0,2,Avenue du GÃ©nÃ©ral Leclerc,48.81426,2.42379,19,2,2
202100000905,200Â 129,A01,1,1,1,5,2,6,-1,0,0,-1,2021,39.0,1,1,0,2,8,1,1,,3,1504,-1,,2,2,0,2,9,860,3,, -1,2,0,1,80,31,12,2,73,73245,1,1,0,3,D1504,45.693482,5.830074,16,5,2
202100007936,187Â 556,A01,1,1,1,9,1,-1,-1,-1, -1,-1,2021,24.0,2,2,0,2,5,2,1,,2,RN346  S/N   25.686 A 29.300,0,,3,4,0,1,27,799,1,, -1,2,0,1,90,1,11,1,69,69256,1,1,0,2,RN346  S/N   25.686 A 29.300,45.79696,4.94084,10,3,2
202100032666,143Â 377,A01,10,3,1,4,8,8,-1,2,A,1,2021,34.0,0,4,0,1,5,16,0,,4,RU ( DE ),0,,1,1,0,1,0,0,1,, -1,1,0,1,50,18,6,1,55,55545,2,3,0,7,Cour Clouet,49.1586532127,5.3842178988,13,2,1
202100023653,159Â 344,B01,1,1,1,0,2,6,-1,0,0,-1,2021,44.0,2,1,0,2,1,1,1,,3,130,0,D,2,2,0,1,9,763,1,, -1,1,5,1,80,19,8,1,17,17367,1,2,0,3,D121/D130,45.95012,-0.341477,16,2,2
202100030847,146Â 626,A01,2,2,1,0,1,0,-1,0,0,-1,2021,19.0,0,2,13,5,3,21,1,,3,RD313,0,,2,2,0,2,47,430,1,, -1,2,0,3,80,3,7,3,27,27701,1,1,1,6,RD313,49.245205,1.203991,23,2,1
202100034925,139Â 279,A01,10,3,2,9,0,-1,-1,3,3,2,2021,66.0,2,1,0,1,1,17,1,,4,MARIUS BERLIET                      (R ),0,,2,3,3,1,(1),(1),1,, -1,1,0,1,50,11,6,1,69,69388,2,1,0,6,MARIUS BERLIET (R),45.74122,4.86195,15,2,1
202100038347,133Â 087,A01,1,1,1,0,2,0,-1,0,0,-1,2021,28.0,2,1,0,2,1,1,1,,4,BLATIN (RUE),0,,1,2,0,1,(1),(1),1,, -1,1,0,1,50,24,5,2,63,63113,2,2,0,3,BLATIN/ Bonnabaud,45.77683,3.07868,21,2,2
202100009483,184Â 756,A01,3,2,2,9,1,8,-1,-1, -1,-1,2021,17.0,1,2,0,2,3,19,1,,4,CHARMILLES (AVENUE DES),0,,4,2,0,1,0,0,1,, -1,2,5,1,50,4,11,5,93,93047,2,2,1,3,CHARMILLES (AVENUE DES),48.8894293603,2.5484642386,19,5,2
202100041165,128Â 020,A01,1,1,1,4,2,6,-1,-1, -1,-1,2021,46.0,2,1,0,2,2,18,1,,4,,0,,1,1,0,1,0,0,1,, -1,2,0,1,50,6,5,1,92,92044,2,1,1,5,RIVAY(RUE)73A95 ET 62A94,48.8968773161,2.2873489559,9,3,3
202100008867,185Â 891,A01,4,2,1,0,0,-1,-1,0,0,-1,2021,20.0,3,2,6,0,2,1,1,,4,9,0,,2,2,0,1,(1),(1),1,, -1,1,0,1,50,9,11,3,988,98810,1,1,1,7,Tribu de boaoui,-20.680771,164.452758,2,4,1
202100019265,167Â 197,A01,1,1,2,3,1,-1,-1,0,0,-1,2021,76.0,1,2,0,2,1,23,1,,3,507,-1,,2,2,0,1,0,19,3,, -1,1,0,1,50,29,6,1,6,6105,2,4,0,1,1422 Route de Notre Dame,43.679915,7.034726,16,2,2
202100024882,157Â 183,A01,1,1,2,0,2,-1,-1,-1, -1,-1,2021,63.0,-1,1,0,2,7,19,5,,4,RDPT SEEHEIM JUGENHEIM,0,,3,2,0,1,(1),(1),3,, -1,1,0,1,50,9,8,1,33,33550,2,6,0,3,Avenue du MarÃ©chal Leclerc,44.778101,-0.5705537,15,2,2
202100020549,164Â 902,B01,1,1,1,5,1,0,-1,-1, -1,-1,2021,53.0,1,2,0,2,4,2,1,,3,ROUEN (ROUTE DE ),0,,2,2,0,1,1,0,1,, -1,1,0,1,90,6,9,1,14,14221,1,1,0,4,ROUEN (ROUTE DE ),49.17352,-0.26435,15,3,3
202100013061,178Â 398,A01,1,1,1,0,2,6,-1,-1, -1,-1,2021,23.0,0,1,0,2,0,26,1,,7,DE GAULLE  (BOULEVARD DU GENERAL),0,,-1,1,0,2,(1),(1),1,, -1,1,0,1,50,15,10,1,59,59512,2,9,0,3,DE GAULLE  (BOULEVARD DU GENERAL),50.6843699288,3.1713719823,18,2,2
202100026178,154Â 904,A01,1,1,1,5,1,-1,-1,0,0,-1,2021,60.0,1,2,2,0,1,0,1,,3,144,0,,2,2,0,1,5,300,3,, -1,1,0,3,70,1,8,1,62,62742,1,1,0,6,Rue de Montreuil,50.461206,1.677293,15,1,1
202100004694,193Â 384,A01,1,1,1,9,1,-1,-1,-1, -1,-1,2021,27.0,2,2,0,2,1,19,1,,3,FLAMBOYANTS ( ALLEE DES ),0,,2,2,0,1,(1),(1),1,, -1,1,0,1,50,1,12,1,971,97107,2,2,0,3,FLAMBOYANTS ( ALLEE DES ),16.0519448791,-61.5649366379,12,2,2
202100056071,101Â 658,A01,10,3,2,1,0,-1,-1,2,3,1,2021,59.0,2,1,0,1,1,1,1,,4,RUE LA FAYETTE,0,,2,4,0,1,(1),(1),1,, -1,2,0,1,50,6,1,2,75,75110,2,1,1,6,RUE LA FAYETTE,48.879869,2.359214,16,2,1
202100026625,154Â 115,A01,1,1,1,0,2,6,-1,-1, -1,-1,2021,49.0,2,1,0,2,3,15,1,,7,PETIT (ROND POINT HENRI),0,,4,3,0,1,11,200,2,, -1,1,0,1,50,28,7,1,83,83069,2,1,0,3,PETIT (ROND POINT HENRI),43.11323,6.12424,8,2,2
202100007480,188Â 383,A01,1,1,2,5,1,-1,-1,0,0,-1,2021,30.0,1,2,0,2,3,11,1,,3,316,0,,2,3,0,1,19,400,1,, -1,1,0,1,90,19,11,1,95,95149,1,1,0,3,RD 316,49.133767,2.435253,16,3,2
202100001191,199Â 644,A01,1,1,1,5,2,8,-1,-1, -1,-1,2021,58.0,-1,1,0,0,0,1,1,,4,LECLERC (ROND-POINT MARECHAL),0,,-1,2,0,1,(1),(1),1,, -1,1,0,1,50,21,12,2,36,36044,2,6,0,7,Boulevard George Sand,46.80706,1.68788,17,1,1
202100019559,166Â 670,A01,1,1,1,5,1,-1,-1,0,0,-1,2021,23.0,1,2,0,2,7,5,1,,3,522,-1,,2,2,0,2,8,200,1,, -1,1,0,1,70,11,9,3,38,38351,1,1,0,1,D522,45.538459,5.229557,0,2,2
202100047502,116Â 853,B01,1,1,1,0,2,0,-1,-1, -1,-1,2021,43.0,2,1,0,2,1,18,1,,4,RTE DE TOULOUSE,0,,2,2,2,1,(1),(1),1,, -1,1,-1,1,50,18,3,1,33,33039,2,1,0,3,Route de Toulouse,44.804789,-0.572228,9,2,2
202100000130,201Â 522,B01,1,1,1,0,8,0,-1,-1, -1,-1,2021,16.0,3,1,0,2,0,0,3,,4,GARE (AVENUE DE LA),0,,2,2,3,1,0,1,1,, -1,1,0,1,50,17,12,2,74,74012,2,1,0,3,GARE (AVENUE DE LA),46.1993,6.23746,17,3,2