Num_Acc,id_vehicule,num_veh,place,catu,sexe,trajet,secu1,secu2,secu3,locp,actp,etatp,year_acc,victim_age,senc,catv,obs,obsm,choc,manv,motor,occutc,catr,voie,v1,v2,circ,nbv,vosp,prof,pr,pr1,plan,lartpc,larrout,surf,infra,situ,vma,jour,mois,lum,dep,com,agg_,int,atm,col,adr,lat,long,hour,nb_victim,nb_vehicules
202100019156,167Â 388,B01,1,1,1,1,2,-1,-1,-1, -1,-1,2021,17.0,1,1,0,2,1,0,1,,4,BERTHELOT (RUE),0,,2,2,0,1,0,0,1,, -1,1,0,1,50,10,9,2,76,76351,2,2,0,3,BERTHELOT (RUE),49.49765,0.13616,7,2,2
202100034846,139Â 422,A01,1,1,1,5,2,6,-1,0,0,-1,2021,38.0,2,1,3,0,7,1,1,,2,116,-1,,2,2,0,2,69,500,2,, -1,1,0,3,80,13,6,1,66,66080,1,1,0,7,RN116,42.506963,2.174386,18,1,1
202100023082,160Â 358,B01,2,1,1,0,2,0,-1,-1, -1,-1,2021,32.0,0,1,0,2,0,1,1,,4,MICHELET (BOULEVARD),0,,2,4,0,1,0,0,1,, -1,1,0,1,50,2,8,1,13,13209,2,2,0,3,MICHELET (BOULEVARD),43.26541,5.39385,19,2,2
202100053689,105Â 765,B01,1,1,1,0,1,0,-1,-1, -1,-1,2021,43.0,1,2,0,2,4,2,1,,1,AUTOROUTE A23,0,,3,4,0,1,14,0,1,, -1,1,0,1,110,25,1,3,59,59435,1,1,0,4,AUTOROUTE A23,50.506289,3.211381,7,3,3
202100040969,128Â 385,A01,1,1,1,4,2,0,-1,-1, -1,-1,2021,25.0,3,1,0,2,2,15,1,,3,GENERAL LECLERC(AVE DU)89/FIN ET 122/FIN,0,,2,0,0,1,0,0,1,, -1,1,9,1,50,7,5,1,93,93055,2,1,0,3,GENERAL LECLERC(AVE DU)89/FIN ET 122/FIN,48.900419,2.410762,15,2,2
202100007313,188Â 679,A01,1,1,1,0,1,0,-1,-1, -1,-1,2021,38.0,3,2,2,0,1,1,1,,4,LUCIEN MOREL PAYEN (RUE),0,,2,2,0,1,(1),(1),3,, -1,1,0,1,50,19,11,5,10,10387,2,1,0,6,LUCIEN MOREL PAYEN (RUE),48.305,4.0916,2,1,1
202100041927,126Â 675,B01,1,1,2,5,2,0,-1,0,0,-1,2021,31.0,2,1,0,2,1,1,5,,4,RUE FONDARY,0,,1,1,1,1,(1),(1),1,, -1,1,0,5,50,30,4,1,75,75115,2,1,0,3,RUE FONDARY,48.846479,2.297378,11,2,2
202100055478,102Â 683,A01,10,3,2,2,0,-1,-1,1,3,1,2021,11.0,1,2,0,1,2,1,2,,4,,0,,2,2,0,1,(1),(1),1,, -1,2,0,1,30,7,1,2,54,54257,2,1,1,6,GRANDE RUE,48.6532205024,6.194447726,8,2,1
202100026358,154Â 582,A01,1,1,1,1,1,-1,-1,0,0,-1,2021,17.0,1,2,0,2,3,1,1,,4,,-1,,2,2,0,2,(1),(1),1,,4,1,0,1,80,30,7,1,50,50281,1,1,0,1,Village Juhel,48.78946,-1.423894,19,3,2
202100023952,158Â 819,B01,1,1,1,0,2,-1,-1,0,0,-1,2021,24.0,2,1,0,2,1,1,1,,7,6007,0,M,-1,3,0,2,54,750,3,, -1,1,0,1,70,17,8,1,6,6059,2,1,0,3,M6007,43.729739,7.358265,13,5,2
202100018503,168Â 561,A01,1,1,2,3,1,-1,-1,0,0,-1,2021,86.0,0,2,0,2,8,19,1,,3,404,0,,2,3,0,1,1,(1),1,, -1,1,5,1,90,18,9,1,14,14228,1,2,0,3,Route dÃ©partementale 404,49.278305,-0.39259,12,2,2
202100027963,151Â 719,A01,1,1,2,5,2,0,-1,0,0,-1,2021,27.0,2,1,0,2,2,2,1,,4,QUAI D AUSTERLITZ,0,,2,5,0,1,(1),(1),1,, -1,1,0,1,50,20,7,1,75,75113,2,3,0,2,QUAI D AUSTERLITZ,48.84307,2.366317,16,2,2
202100047715,116Â 456,A01,1,1,2,1,1,4,-1,-1, -1,-1,2021,49.0,2,2,1,0,2,1,1,,4,RUE BAYETTO,0,,1,1,0,1,0,0,1,, -1,1,0,1,50,8,3,1,91,91027,2,1,0,6,RUE BAYETTO,48.70189,2.37298,17,1,1
202100054070,105Â 097,A01,10,3,2,2,8,8,-1,2,4,2,2021,11.0,3,2,0,1,2,1,1,,4,GENIAUX (RUE CHARLES),0,,2,2,0,3,(1),(1),1,, -1,2,0,1,50,22,1,1,35,35238,2,1,0,6,GENIAUX (RUE CHARLES),48.1129,-1.7136,17,2,1
202100022795,160Â 859,A01,10,3,1,0,0,-1,-1,4,3,1,2021,38.0,1,2,0,1,3,1,1,,4,LAURENT BONNEVAY    (Boulevard),0,,3,4,0,1,(1),(1),3,, -1,1,0,1,70,23,8,1,69,69266,2,3,0,6,LAURENT BONNEVAY (BD),45.78753,4.88172,13,3,1
202100055540,102Â 578,A01,1,1,1,0,2,0,-1,-1, -1,-1,2021,24.0,2,1,0,0,0,1,1,,3,EUGENE RENAULT - CAR DE LA RESISTANCE (R,0,,2,2,0,1,0,0,1,, -1,1,5,1,50,10,1,5,94,94046,2,1,0,7,EUGENE RENAULT - CAR DE LA RESISTANCE (R,48.815273,2.420248,20,1,1
202100044347,122Â 403,B01,1,1,1,1,1,-1,-1,0,0,-1,2021,47.0,2,5,0,2,8,21,1,,3,931,0,,2,2,0,2,14,50,1,, -1,1,0,1,80,13,4,1,60,60103,1,1,1,3,Route Departementale 931,49.411909,2.260566,8,2,2
202100020451,165Â 077,A01,1,1,1,4,2,6,-1,-1,0,-1,2021,32.0,1,1,0,2,1,1,3,,3,ALBERT MOLINIER (RUE),0,,1,1,0,1,1,100,1,, -1,1,0,1,30,27,5,1,95,95288,2,1,0,2,RD 193,48.9856433742,2.3426038027,14,3,2
202100041742,126Â 998,A01,1,1,2,9,1,8,-1,-1, -1,-1,2021,46.0,2,2,0,2,4,2,1,,1,A50 - Sens Aubagne vers Marseille,0,,1,4,0,1,26,0,1,, -1,2,0,1,110,1,5,1,13,13005,1,1,1,2,A50 - Sens Aubagne vers Marseille,43.27932,5.58432,18,2,2
202100037188,135Â 212,A01,1,1,1,5,8,0,-1,-1, -1,-1,2021,9.0,1,1,0,2,1,9,5,,4,ECUREUILS (CHEMIN DES),0,,1,1,0,1,0,0,1,, -1,1,0,1,30,30,4,1,87,87075,1,1,0,3,ECUREUILS (CHEMIN DES),45.80736,1.20273,17,2,2
202100005171,192Â 536,A01,1,1,2,4,1,-1,-1,0,0,-1,2021,21.0,1,2,0,2,1,1,1,,3,231,0,,2,2,0,1,24,160,1,, -1,1,9,1,50,2,12,3,77,77365,2,1,0,1,D231,48.718002,3.037985,21,2,2
202100040916,128Â 487,A01,10,3,1,5,8,8,-1,3,3,1,2021,86.0,3,3,0,1,2,16,1,1.0,4,RUE LESDIGUIÃRES,0,,2,4,3,1,(1),(1),1,, -1,2,9,1,30,7,5,1,38,38185,2,3,1,6,Rue LesdiguiÃ¨res,45.18617,5.72464,9,2,1
202100025193,156Â 631,A01,1,1,1,0,2,6,-1,0,0,-1,2021,57.0,1,1,0,2,8,1,1,,3,C1,0,C,2,2,0,1,22,510,3,, -1,1,0,1,50,7,8,1,58,58309,2,1,0,3,Le Bourg,46.9489,3.964906,17,2,2
202100032862,143Â 026,A01,1,1,1,5,2,6,-1,-1, -1,-1,2021,16.0,1,1,0,2,1,17,1,,3,JAURES (RUE JEAN....1A 71 ET 2 A 48 ),0,,2,2,0,1,4,225,1,, -1,1,0,1,50,21,6,1,62,62139,2,1,0,3,JAURES (RUE JEAN....1A 71 ET 2 A 48 ),50.716782,2.281154,18,2,2
202100023575,159Â 497,B01,1,1,2,0,1,0,-1,-1, -1,-1,2021,39.0,1,2,0,2,4,1,1,,4,GENESLAY FELIX (AV) NÂ° IMP 171 A 263,0,,3,4,0,4,0,0,1,, -1,1,0,1,50,17,8,1,72,72181,2,1,0,4,GENESLAY FELIX (AV) NÂ° IMP 171 A 263,47.97415,0.2064,15,3,3
202100054232,104Â 813,A01,1,1,1,9,2,6,-1,0,0,-1,2021,21.0,2,1,0,2,1,1,1,,4,BOULEVARD NEY,0,,3,2,0,1,(1),(1),1,, -1,1,0,1,50,20,1,5,75,75118,2,2,0,3,BOULEVARD NEY,48.8978803604,2.3373681307,20,2,2
202100017614,170Â 134,A01,1,1,1,1,2,-1,-1,-1, -1,-1,2021,44.0,2,1,1,0,0,21,1,,4,EUROPE (DE L')                      (BD),0,,2,3,1,1,(1),(1),1,, -1,1,5,1,50,21,9,1,69,69152,2,1,0,7,EUROPE (DE L') (BD),45.7004022603,4.8227949823,8,1,1
202100000968,200Â 024,B01,1,1,1,0,8,0,-1,-1, -1,-1,2021,32.0,2,1,0,2,1,17,1,,3,RAVINE VILAINE (CHEMIN DEPARTEMENTAL DE),0,,-1,-1,0,1,0,0,1,, -1,1,0,1,50,28,12,1,972,97209,2,1,0,3,RAVINE VILAINE (CHEMIN DEPARTEMENTAL DE),14.63345,-61.05967,6,3,2
202100049624,113Â 042,B01,1,1,2,0,8,0,-1,-1, -1,-1,2021,27.0,1,1,0,2,1,2,5,,4,DIVISION LECLERC (RUE DE LA),0,,3,4,1,2,(1),(1),1,, -1,1,4,1,50,26,2,1,67,67482,2,8,0,2,DIVISION LECLERC (RUE DE LA),48.57992,7.74768,11,2,2
202100043109,124Â 618,A01,1,1,2,5,2,6,9,0,0,-1,2021,24.0,1,1,0,2,1,13,1,,2,102,-1,,2,3,0,2,70,500,3,, -1,1,0,1,90,23,4,1,7,7153,1,1,0,1,RN102 ,44.668404,4.101003,14,2,2
202100023243,160Â 071,B01,1,1,1,5,2,6,-1,0,0,-1,2021,60.0,1,1,0,2,6,1,1,,4,RUE MICHEL KAUMA,0,,2,2,0,1,0,0,1,, -1,1,0,1,50,19,8,1,988,98818,2,2,0,3,RUE HENRI BONNEAUD/RUE MICHEL KAUMA,-22.29573,166.45663,9,2,2
202100027513,152Â 546,B01,1,1,1,1,2,0,-1,-1, -1,-1,2021,37.0,3,1,0,2,1,1,1,,3,D.50,0,,2,3,0,2,14,813,1,, -1,1,0,1,50,20,7,1,77,77326,1,3,0,3,D50,48.5858,2.5572,21,2,2
202100033317,142Â 217,B01,1,1,2,5,8,0,-1,-1, -1,-1,2021,22.0,2,1,0,2,4,1,3,,3,VENDEE GLOBE (BOULEVARD DU),0,,3,4,1,1,78,0,1,, -1,1,0,5,90,10,6,3,85,85194,2,1,0,4,Boulevard du VendÃ©e Globe (Olonne-sur-Mer),46.51183,-1.79256,23,3,3
202100036812,135Â 903,B01,1,1,1,1,2,0,-1,-1, -1,-1,2021,35.0,0,1,0,2,1,1,3,,4,MAUBEC   QUAI,0,,2,3,0,1,(1),(1),1,, -1,1,9,1,50,2,6,1,17,17300,2,1,0,1,MAUBEC   QUAI,46.158795,-1.149867,14,2,2
202100029114,149Â 708,A01,2,2,1,5,1,0,-1,-1, -1,-1,2021,20.0,1,2,16,0,1,1,1,,3,D 947,0,,2,2,0,1,3,(1),1,, -1,1,0,1,80,12,6,3,62,62842,1,1,0,7,D 947,50.459256,2.815547,22,4,1
202100015411,174Â 158,A01,1,1,1,5,8,-1,-1,0,0,-1,2021,47.0,1,5,13,0,3,26,1,,3,53,-1,,2,2,0,1,3,160,1,, -1,2,0,1,50,2,10,3,49,49311,2,3,1,7,Route de LonguÃ©,47.38667,-0.069099,23,1,1
202100032753,143Â 227,A01,1,1,1,9,8,-1,-1,0,0,-1,2021,86.0,2,2,1,0,1,1,1,,3,122,0,,2,2,0,1,43,300,1,, -1,1,0,1,50,20,6,1,41,41161,2,1,0,6,Rue de la Grande Sologne,47.53525,2.043341,14,1,1
202100034115,140Â 781,B01,1,1,1,4,8,4,-1,-1, -1,-1,2021,55.0,2,1,0,2,4,0,5,,3,LOUISON BOBET (AV),0,,-1,2,0,1,1,0,1,, -1,1,0,1,30,6,6,1,94,94033,2,2,0,2,Avenue Louison Bobet,48.852574,2.490785,17,4,2
202100030431,147Â 378,B01,6,2,2,1,8,0,-1,-1, -1,-1,2021,36.0,1,3,0,2,3,1,1,3.0,3,MECHES.(RUE DES),0,,1,0,0,1,1,0,1,, -1,1,0,1,50,5,7,1,94,94028,2,9,0,3,Rue des MÃ¨ches,48.79344,2.46107,19,4,2
202100028821,150Â 204,A01,10,3,2,0,0,-1,-1,4,3,1,2021,50.0,1,2,0,1,1,1,1,,4,COGNACQ JAY (RUE),0,,2,2,0,1,(1),(1),1,, -1,2,0,1,50,15,7,1,51,51454,2,1,1,7,Rue Cognacq Jay,49.2319524147,4.0189768293,15,2,1
202100050126,112Â 133,A01,2,2,2,3,1,5,-1,0,0,-1,2021,84.0,0,2,0,0,1,17,1,,4,,-1,,2,2,0,1,(1),(1),2,, -1,1,0,1,80,26,2,1,27,27031,1,1,0,1,Route de Sacquenville,49.059681,1.100242,16,3,2
202100055366,102Â 873,A01,10,3,1,0,0,-1,-1,3,3,2,2021,10.0,2,2,0,1,8,15,1,,3,CRETEIL (BD DE),0,,2,2,0,1,1,0,1,, -1,2,0,1,30,12,1,5,94,94068,2,3,1,6,Rue Garnier PagÃ¨s,48.79817,2.49522,18,2,1
202100036131,137Â 098,A01,2,2,1,5,1,-1,-1,0,0,-1,2021,21.0,1,2,2,0,7,13,1,,3,2,-1,,2,2,0,1,31,100,3,, -1,1,0,3,80,4,6,1,56,56128,1,1,0,6,lieu dit Kergost,48.005171,-3.072782,21,3,1
202100029541,148Â 990,A01,1,1,1,5,2,-1,-1,0,0,-1,2021,68.0,1,1,0,2,2,1,1,,3,77,-1,,2,2,0,2,16,0,1,, -1,1,5,1,80,11,7,1,27,27196,1,6,0,3,D77,49.297283,1.174722,11,2,2
202100043778,123Â 430,A01,1,1,2,5,2,0,-1,-1, -1,-1,2021,54.0,2,1,0,2,7,12,1,,3,700,0,,4,-1,0,1,(1),(1),4,, -1,1,0,1,50,13,4,1,22,22360,1,6,0,3,RP du GUERNEAU,48.4779532789,-2.7683917433,17,2,2
202100043298,124Â 268,B01,1,1,2,0,8,-1,-1,-1, -1,-1,2021,50.0,1,1,0,2,8,15,5,,4,AUGUSTE CHOLLAT                     (R ),0,,1,1,0,1,(1),(1),1,, -1,1,0,1,50,20,4,1,69,69388,2,2,0,3,AUGUSTE CHOLLAT (R),45.73713,4.85032,15,2,2
202100022826,160Â 809,A01,1,1,1,0,2,0,-1,-1, -1,-1,2021,31.0,1,1,0,2,2,19,1,,3,BD PAUL VAILLANT COUTURIER ,0,,1,3,3,1,1,0,1,, -1,1,0,1,50,22,8,5,94,94041,2,9,0,3,Bd Paul Vaillant Couturier,48.8181,2.39799,1,4,2
202100000608,200Â 619,B01,1,1,1,0,8,0,-1,-1, -1,-1,2021,36.0,0,1,0,2,1,26,3,,4,BOULEVARD MARCEL PAUL,0,,2,2,0,1,(1),0,3,, -1,1,0,1,50,10,11,5,44,44162,2,6,0,3,BOULEVARD MARCEL PAUL,47.228,-1.635,7,2,2
202100051844,109Â 034,A01,10,3,2,3,0,-1,-1,1,1,1,2021,68.0,3,2,0,1,2,16,1,,6,,-1,,-1,-1,0,1,(1),(1),1,, -1,1,0,8,-1,11,2,1,32,32459,2,1,0,6,Au Haut RÃ©gÃ©,43.868685,0.391946,16,2,1
202100051632,109Â 402,B01,1,1,1,5,1,-1,-1,0,0,-1,2021,83.0,2,5,0,2,3,1,1,,3,34,-1,D,2,2,0,1,5,600,1,, -1,2,0,1,80,13,2,1,74,74243,1,1,0,1,D34,46.131047,6.071212,17,2,2
202100049686,112Â 927,A01,10,3,1,0,0,-1,-1,2,3,1,2021,32.0,1,2,0,1,1,1,0,,6,VICTOR HUGO (AVE)  => NÂ° 129,0,,-1,0,0,1,0,1,1,, -1,1,0,1,50,1,3,5,93,93001,2,1,0,6,VICTOR HUGO (AVE)  => NÂ° 129,48.9092658599,2.3783227513,6,2,1
202100040187,129Â 767,Z01,10,3,2,0,0,-1,-1,4,3,2,2021,7.0,2,2,0,1,1,1,1,,4,DE GAULLE (AVENUE DU GENERAL),0,,2,2,1,1,(1),(1),1,, -1,1,0,1,50,10,5,1,37,37261,2,2,0,6,DE GAULLE (AVENUE DU GENERAL),47.3809305552,0.6999658942,17,2,1
202100035763,137Â 782,B01,1,1,2,1,2,0,-1,0,0,-1,2021,59.0,1,1,0,2,1,1,5,,4,BOULEVARD SAINT MARTIN,0,,2,5,0,2,(1),(1),1,, -1,1,0,1,50,7,6,1,75,75103,2,1,0,1,BOULEVARD SAINT MARTIN,48.868085,2.361453,18,2,2
202100038671,132Â 514,A01,1,1,1,5,1,-1,-1,0,0,-1,2021,44.0,2,2,0,2,3,13,1,,3,20,0,D,2,2,0,1,30,436,1,, -1,1,0,1,-1,23,5,1,31,31228,1,1,0,1,D20 PK/PR 30+500,43.684512,1.601075,17,3,2
202100031709,145Â 079,B01,1,1,1,1,2,6,-1,0,0,-1,2021,47.0,2,1,0,2,0,26,1,,3,REPUBLIQUE (AVENUE DE LA),0,,3,2,0,1,1,0,2,, -1,1,5,1,50,12,6,5,14,14220,2,6,0,7,D513,49.3599,0.080938,23,5,2
202100026179,154Â 901,C01,3,2,1,5,1,-1,-1,0,0,-1,2021,32.0,1,2,14,0,3,1,1,,1,84,0,,3,4,0,1,151,200,1,, -1,1,0,1,130,31,7,2,50,50487,1,1,0,5,A84,48.526983,-1.34524,21,9,3
202100025875,155Â 435,B01,1,1,2,1,8,0,-1,0,0,-1,2021,30.0,2,1,0,2,1,1,5,,4,RUE DE RIVOLI,0,,2,3,1,1,(1),(1),1,, -1,1,0,1,30,1,8,1,75,75101,2,3,0,3,RUE DE RIVOLI,48.862732,2.335245,16,2,2
202100013077,178Â 367,A01,2,2,1,5,8,0,-1,-1, -1,-1,2021,19.0,1,1,0,2,6,26,1,,4,RABELAIS,0,,2,2,0,1,1,0,1,, -1,1,0,1,50,15,10,1,49,49007,2,1,0,3,RABELAIS,47.4611,-0.54656,12,3,2
202100015435,174Â 120,A01,1,1,1,5,1,0,-1,-1, -1,-1,2021,21.0,2,2,0,2,3,1,1,,1,A7-Sens Marseille vers Lyon,0,,-1,4,0,1,277,0,1,, -1,1,0,1,90,2,10,1,13,13215,1,1,0,2,A7-Sens Marseille vers Lyon,43.3499553521,5.3688884818,12,2,2
202100026989,153Â 470,A01,1,1,1,1,1,-1,-1,0,0,-1,2021,35.0,2,2,0,0,9,1,1,,3,89,-1,,2,2,0,2,15,950,1,, -1,1,0,3,80,27,7,3,89,89304,1,1,0,7,,47.84646,3.386192,4,2,1
202100006078,190Â 939,A01,1,1,1,1,1,0,-1,-1, -1,-1,2021,66.0,2,2,4,0,1,1,2,,1,A12 W,0,,-1,3,0,1,6,0,1,, -1,1,1,1,90,27,11,5,78,78073,1,1,0,6,A12 W,48.801472,2.046832,4,1,1
202100007816,187Â 774,B01,1,1,1,0,1,-1,-1,-1, -1,-1,2021,54.0,2,2,0,2,4,1,1,,4,AVE FRANCOIS MITTERRAND,0,,2,2,0,1,(1),(1),1,, -1,1,0,1,80,16,11,3,33,33281,2,1,0,4,Avenue FranÃ§ois Mitterrand,44.81371,-0.69012,18,3,3
202100031671,145Â 144,B01,2,2,2,5,1,-1,-1,0,0,-1,2021,66.0,1,2,0,2,1,1,1,,3,43,-1,A,2,2,0,2,1,1,3,, -1,1,0,1,80,30,6,1,38,38527,1,1,0,1,Rue de Rif Jany,45.147011,6.052837,15,6,2
202100000537,200Â 745,A01,1,1,1,0,1,0,-1,-1, -1,-1,2021,21.0,2,2,0,2,1,2,1,,3,TOURS (RTE) LIGNE DROITE DES HUNAUDIERES,0,,-1,4,0,1,43,700,1,, -1,1,0,1,90,11,11,2,72,72181,1,1,0,2,TOURS (RTE) LIGNE DROITE DES HUNAUDIERES,47.95998,0.22515,17,2,2
202100050077,112Â 224,A01,10,3,1,5,8,8,-1,9,3,1,2021,19.0,-1,1,0,1,1,1,1,,3,AVENUE DES PRINCES,0,,2,2,0,1,0,1,1,, -1,1,0,1,50,26,2,1,93,93033,2,2,0,6,PRINCES,48.85863,2.5816,15,2,1
202100001945,198Â 324,A01,1,1,2,1,1,-1,-1,0,0,-1,2021,56.0,1,2,0,2,1,15,1,,3,13,-1,D,2,2,3,2,18,300,1,, -1,1,5,1,80,22,12,1,29,29195,1,3,0,1,D13,48.598774,-4.505918,13,3,2
202100016399,172Â 322,A01,2,2,2,5,2,6,-1,0,0,-1,2021,15.0,3,1,0,0,0,1,1,,4,,-1,,2,2,0,1,(1),(1),1,,"3,6",1,0,1,50,25,9,1,79,79351,2,1,0,7,11 Chemin des Devises,46.436891,-0.559726,10,2,1
202100027758,152Â 091,A01,1,1,2,9,8,0,-1,0,0,-1,2021,31.0,1,1,4,0,1,13,5,,4,AVENUE GAMBETTA,0,,2,2,1,2,(1),(1),1,, -1,1,0,5,50,21,7,1,75,75120,2,5,0,6,AVENUE GAMBETTA,48.868331,2.401426,15,1,1
202100056233,101Â 378,B01,1,1,1,5,2,8,-1,0,0,-1,2021,24.0,3,1,0,2,1,7,1,,4,LECONTE DE LISLE (AVENUE),0,,2,4,3,1,0,0,1,, -1,1,9,6,50,2,1,1,974,97411,1,1,0,3,Avenue Leconte de Lisle,-20.9019,55.48711,19,2,2
202100012939,178Â 606,B01,2,2,2,2,1,-1,-1,0,0,-1,2021,16.0,1,2,0,2,5,19,1,,3,24,0,D,2,2,0,1,23,150,1,,4,1,5,1,70,24,9,2,29,29031,1,2,1,3,Lieu dit Kersalut,47.8018851,-3.603939,7,4,2
202100008501,186Â 539,A01,1,1,1,9,8,0,-1,0,0,-1,2021,26.0,1,1,12,0,0,14,5,,4,BOULEVARD DE L HOPITAL,0,,2,4,1,2,(1),(1),1,, -1,1,-1,5,30,11,11,5,75,75113,2,2,0,6,BOULEVARD DE L HOPITAL,48.834558,2.3578,2,1,1
202100003028,196Â 369,B01,1,1,1,1,2,6,-1,0,0,-1,2021,29.0,2,1,0,2,8,1,1,,4,D911,-1,,2,2,0,1,3,800,1,, -1,1,0,1,50,15,12,2,33,33397,2,1,0,3,126 Avenue d Aquitaine,44.898915,-0.494165,16,2,2
202100055095,103Â 333,A01,1,1,1,5,1,-1,-1,0,0,-1,2021,75.0,1,2,8,0,1,14,1,,3,736,0,,2,2,0,2,60,885,1,0,"5,4",1,0,3,80,15,1,1,16,16366,1,1,0,6,Lieu-dit les Chardonnerets,45.611749,-0.22956,16,1,1
202100014749,175Â 345,A01,10,3,1,5,0,-1,-1,2,3,1,2021,52.0,0,0,0,1,0,0,-1,,4,,0,,2,2,0,1,(1),(1),1,, -1,1,0,1,50,6,10,5,69,69034,2,1,0,6,HENRI CHEVALIER (R),45.7840439071,4.824747853,20,2,1
202100026953,153Â 533,A01,2,2,2,5,8,0,-1,0,0,-1,2021,23.0,2,1,0,2,1,5,3,,4,RUE DE RIVOLI,0,,3,3,1,1,(1),(1),1,, -1,1,0,5,50,25,7,5,75,75101,2,7,0,1,RUE DE RIVOLI,48.862186,2.337015,23,3,2
202100029243,149Â 487,B01,1,1,2,1,1,0,-1,-1, -1,-1,2021,48.0,1,2,0,2,4,2,1,,1,A7-Sens Marseille vers Lyon,0,,-1,3,0,1,276,500,3,, -1,1,0,1,90,12,7,1,13,13215,1,1,0,2,A7-Sens Marseille vers Lyon,43.37196,5.36118,16,2,2
202100009957,183Â 901,A01,1,1,1,5,2,6,-1,0,0,-1,2021,19.0,1,1,8,0,1,14,1,,4,2,0,,2,2,0,1,(1),(1),2,, -1,1,0,4,50,23,10,3,29,29093,2,1,0,6,Rue du Stade,48.574896,-4.414262,1,1,1
202100025874,155Â 436,A01,1,1,1,4,1,8,-1,0,0,-1,2021,41.0,2,2,0,2,3,9,1,,4,RUE DU COMMANDANT RENE MOUCHOTTE,0,,3,1,0,1,(1),(1),1,, -1,1,0,1,50,2,8,1,75,75114,2,3,0,3,RUE DU COMMANDANT RENE MOUCHOTTE,48.839817,2.321519,9,2,2
202100010397,183Â 127,A01,10,3,1,4,4,-1,-1,6,A,1,2021,62.0,1,2,1,0,2,1,1,,1,75,-1,,3,4,0,2,157,757,3,, -1,2,0,1,130,30,10,3,48,48099,1,1,1,6,A75 PR 157+757,44.542354,3.257151,1,4,1
202100033341,142Â 169,B01,1,1,2,0,1,-1,-1,-1, -1,-1,2021,49.0,2,2,0,2,4,23,1,,3,CHAMPAGNE   (  AVENUE DE),0,,1,3,0,1,22,0,1,, -1,1,0,1,50,14,6,1,51,51454,2,1,0,2,Avenue de Champagne,49.23902,4.04507,10,3,2
202100000686,200Â 485,B01,2,2,1,0,8,0,-1,-1, -1,-1,2021,16.0,3,2,0,2,2,1,0,,4,VIOLETTES ALLEE DE LA,0,,2,2,0,1,0,0,1,, -1,1,0,1,50,21,5,1,13,13063,2,9,0,3,VIOLETTES ALLEE DE LA,43.5964659791,5.0068056528,19,7,2
202100016005,173Â 059,A01,1,1,2,3,1,-1,-1,0,0,-1,2021,79.0,1,2,0,2,2,15,1,,3,904,-1,,2,2,0,1,32,400,1,, -1,1,0,1,80,30,9,1,54,54426,1,3,1,3,route dÃ©partementale 904,48.6454110921,5.900629161,10,2,2
202100054026,105Â 174,B01,1,1,1,1,1,0,-1,-1, -1,-1,2021,43.0,1,2,0,2,8,1,1,,7,95,0,,1,2,0,1,2,300,1,, -1,2,0,1,50,22,1,2,69,69259,2,2,1,3,PAUL BERT (R),45.70053,4.88774,16,3,2
202100033537,141Â 826,A01,1,1,1,0,2,6,-1,-1, -1,-1,2021,24.0,1,1,0,2,3,1,1,,4,JEAN MOULIN                         (QU),0,,1,2,3,1,(1),(1),1,, -1,1,0,6,50,18,6,5,69,69382,2,2,0,3,JEAN MOULIN (Q),45.76503,4.83813,22,2,2
202100036861,135Â 808,A01,10,3,1,5,0,-1,-1,5,5,2,2021,6.0,3,2,0,1,2,21,1,,4,VOLTA,0,,2,2,0,1,0,0,1,, -1,1,0,1,50,2,6,1,93,93066,2,1,0,6,Rue Volta,48.923735,2.340046,17,2,1
202100003764,195Â 029,A01,1,1,1,3,1,-1,-1,0,0,-1,2021,74.0,1,2,13,0,3,1,1,,3,68,0,D,2,2,0,2,5,110,2,, -1,7,0,3,80,11,12,1,62,62874,1,1,1,6,RD 68,50.271815,2.600241,10,1,1
202100029584,148Â 908,B01,1,1,2,0,1,0,-1,-1, -1,-1,2021,49.0,1,2,0,2,1,1,1,,3,19 MARS 1962 (PL),0,,2,2,0,1,43,776,1,, -1,1,0,1,50,9,7,1,72,72181,1,1,0,3,19 MARS 1962 (PL),47.96059,0.22409,14,2,2
202100027739,152Â 131,A01,1,1,1,1,1,-1,-1,-1, -1,-1,2021,44.0,2,2,0,2,1,2,1,,7,NANTES (DE),0,,2,2,0,1,11,458,1,, -1,1,5,1,50,20,7,1,35,35238,2,2,0,2,NANTES (DE),48.0863962779,-1.69507429,11,3,2
202100035642,138Â 009,C01,2,2,2,9,1,0,-1,-1, -1,-1,2021,24.0,1,2,0,2,1,2,1,,1,A507 sens Marseille - Aubagne,0,,3,4,0,2,7,519,1,, -1,1,1,1,70,9,6,1,13,13055,1,1,0,4,A507 sens Marseille - Aubagne,43.29602,5.42471,19,4,3
202100040786,128Â 711,A01,1,1,1,5,2,6,-1,0,0,-1,2021,15.0,0,1,15,9,1,26,1,,4,,-1,,-1,2,0,1,(1),(1),1,,7,1,9,3,-1,8,5,1,51,51559,2,1,0,1,Avenue du GÃ©nÃ©ral de Gaulle,49.12139,4.542482,15,2,2
202100053186,106Â 664,A01,1,1,1,0,2,-1,-1,-1, -1,-1,2021,55.0,2,1,0,2,7,19,5,,7,CHARLES DE GAULLE               BD,0,,2,8,1,1,2,200,1,, -1,2,5,1,70,28,1,5,69,69271,1,2,0,3,CHARLES DE GAULLE (BD),45.74331,4.93717,18,2,2