Num_Acc,id_vehicule,num_veh,place,catu,sexe,trajet,secu1,secu2,secu3,locp,actp,etatp,year_acc,victim_age,senc,catv,obs,obsm,choc,manv,motor,occutc,catr,voie,v1,v2,circ,nbv,vosp,prof,pr,pr1,plan,lartpc,larrout,surf,infra,situ,vma,jour,mois,lum,dep,com,agg_,int,atm,col,adr,lat,long,hour,nb_victim,nb_vehicules
202100010920,182Â 205,A01,1,1,1,0,2,6,-1,-1, -1,-1,2021,49.0,1,1,0,0,3,21,1,,4,CAPELETTE (AVENUE DE LA),0,,3,2,0,1,0,0,3,, -1,1,0,1,50,26,10,5,13,13210,2,1,0,7,CAPELETTE (AVENUE DE LA),43.2806991632,5.4069969449,21,1,1
202100015460,174Â 066,B01,1,1,2,5,1,8,-1,-1, -1,-1,2021,41.0,2,2,0,2,4,24,1,,1,A4,0,,1,4,0,1,4,800,1,, -1,2,0,1,90,3,10,3,94,94069,1,1,1,4,A4,48.8167102311,2.452692539,0,3,3
202100038164,133Â 429,A01,1,1,2,5,1,-1,-1,-1, -1,-1,2021,30.0,2,2,9,2,3,7,1,,7,PARILLY (DE)                        (BD),0,,2,5,0,1,2,200,1,, -1,1,0,1,70,26,5,1,69,69290,2,3,0,3,PARILLY (DE) (BD),45.7181631929,4.9102717638,9,2,2
202100026089,155Â 055,A01,1,1,1,1,0,-1,-1,0,0,-1,2021,18.0,3,1,0,0,8,19,3,,4,,0,,2,2,0,1,(1),(1),1,,4,1,0,1,50,1,8,1,60,60139,2,1,0,3,Rue Thomas Edison,49.153464,2.253254,18,2,2
202100034605,139Â 856,A01,1,1,1,5,2,6,-1,0,0,-1,2021,37.0,1,1,0,2,7,3,1,,4,PORTE DE PANTIN,0,,1,4,0,1,26,500,1,, -1,1,0,1,70,13,6,1,75,75119,2,1,0,3,PORTE DE PANTIN,48.890899,2.395809,13,2,2
202100012901,178Â 668,A01,10,3,2,0,0,-1,-1,2,3,1,2021,28.0,1,2,0,1,1,15,1,,3,986,0,,-1,5,0,1,1,0,1,, -1,1,0,1,50,16,10,1,92,92025,2,2,0,6,JULIEN GALLE (RUE),48.9233187071,2.25836467,11,2,1
202100021944,162Â 401,A01,1,1,1,1,1,0,-1,0,0,-1,2021,26.0,3,2,0,0,3,11,1,,3,SAINT BERNARD CH.,0,,2,2,0,2,0,1166,1,, -1,1,0,1,50,28,8,1,6,6155,2,1,0,1,SAINT BERNARD CH.,43.5977,7.0576,10,3,2
202100032889,142Â 972,B01,1,1,1,1,2,0,-1,-1, -1,-1,2021,40.0,1,1,0,2,5,1,5,,4,LAFAYETTE RUE,0,,2,2,0,1,(1),(1),2,, -1,2,0,1,50,22,6,1,25,25056,2,6,1,3,LAFAYETTE RUE,47.2172,5.96772,6,2,2
202100031648,145Â 183,A01,1,1,1,1,2,6,-1,0,0,-1,2021,18.0,2,1,0,2,8,15,1,,2,2088,-1,,2,2,0,1,61,900,1,, -1,1,5,1,80,1,7,1,12,12043,1,2,0,3,Le Lac Sud,44.286284,2.502608,14,2,2
202100021455,163Â 295,B01,1,1,1,5,2,6,-1,-1, -1,-1,2021,22.0,2,1,0,2,1,1,1,,4,PROUDHON (AVENUE),0,,3,3,0,1,(1),(1),1,, -1,1,0,1,50,1,9,1,37,37261,2,3,0,6,PROUDHON (AVENUE),47.3948651102,0.6713184513,18,2,2
202100031886,144Â 759,Z01,1,1,1,5,2,0,-1,-1, -1,-1,2021,18.0,2,1,14,2,1,15,0,,7,HENRI BARNIER (BOULEVARD),0,,2,2,2,2,0,0,1,, -1,1,0,1,50,28,6,1,13,13216,2,1,0,3,HENRI BARNIER (BOULEVARD),43.36528,5.34275,13,3,2
202100055599,102Â 475,A01,10,3,1,9,0,-1,-1,6,9,2,2021,43.0,0,2,15,1,7,2,0,,4,,0,,1,1,0,2,(1),(1),3,, -1,1,0,3,30,12,1,1,976,97617,2,1,0,3,rue de la mosquÃ©e,-12.790756,45.12074,16,3,1
202100038779,132Â 299,B01,1,1,2,5,2,0,-1,0,0,-1,2021,42.0,2,1,0,2,1,1,5,,4,RUE FAIDHERBE,0,,2,2,0,1,(1),(1),1,, -1,1,0,1,30,22,5,1,75,75111,2,4,0,3,RUE FAIDHERBE,48.851182,2.384048,11,2,2
202100008970,185Â 682,A01,1,1,1,1,2,6,-1,0,0,-1,2021,27.0,1,1,0,2,2,1,1,,4,PLACE DE CLICHY,0,,2,2,0,1,(1),(1),1,, -1,1,0,1,30,6,11,1,75,75108,2,7,0,3,PLACE DE CLICHY,48.883593,2.327179,10,2,2
202100042801,125Â 152,A01,1,1,1,1,2,8,-1,-1, -1,-1,2021,33.0,2,1,0,0,7,9,1,,2,RN3 (3),0,,3,2,0,2,(1),(1),1,, -1,1,0,8,110,23,4,3,974,97416,1,9,0,7,RN3 (3),-21.3157537462,55.4908393101,20,1,1
202100042349,125Â 925,A01,1,1,2,1,2,6,-1,0,0,-1,2021,61.0,2,1,0,2,7,14,1,,4,RUE CLAUDE DEBUSSY,0,,-1,1,0,1,(1),(1),1,, -1,1,0,1,30,26,4,1,75,75117,2,1,0,3,RUE CLAUDE DEBUSSY,48.885134,2.289154,18,2,2
202100034637,139Â 804,A01,1,1,1,1,1,-1,-1,0,0,-1,2021,21.0,1,2,0,2,1,13,1,,3,,-1,,2,2,0,1,(1),(1),1,,4,1,0,1,80,14,6,1,24,24442,1,1,0,1,D6089,45.117915,0.498755,7,4,2
202100023541,159Â 559,A01,10,3,1,5,0,-1,-1,1,3,1,2021,3.0,3,5,0,1,2,1,1,,6,,-1,,-1,-1,0,1,(1),(1),1,,4,1,0,1,30,20,8,1,7,7324,2,1,0,6,454 chemin imbert,45.05253,4.842221,9,2,1
202100021207,163Â 752,A01,4,2,2,5,1,8,-1,-1, -1,-1,2021,14.0,2,2,0,2,2,1,1,,2,RN104,0,,1,1,0,1,5,0,1,, -1,1,0,1,70,3,9,3,77,77373,1,1,0,2,RN104,48.7962,2.62222,22,4,2
202100035444,138Â 356,A01,10,3,2,0,0,-1,-1,5,A,2,2021,88.0,1,2,0,1,7,20,1,,4,ROSES (RUE DES),0,,2,2,0,1,0,0,1,, -1,1,0,4,50,8,6,1,87,87085,2,1,0,6,ROSES (RUE DES),45.85343,1.24769,12,2,1
202100043901,123Â 197,A01,1,1,1,1,8,0,-1,-1, -1,-1,2021,34.0,3,2,1,0,2,1,1,,4,LIBERTE (RUE DE LA ),0,,2,2,0,1,(1),(1),1,, -1,1,0,1,50,15,4,5,10,10325,2,1,0,6,LIBERTE (RUE DE LA ),48.25822,4.06304,4,1,1
202100054588,104Â 205,A01,1,1,1,0,2,4,-1,-1, -1,-1,2021,45.0,0,1,0,2,0,0,1,,4,GUILLEBOTTE AVENUE,0,,2,2,0,1,1,0,1,, -1,1,0,1,50,18,1,1,49,49246,2,1,0,7,GUILLEBOTTE AVENUE,47.43304,-0.51746,16,1,1
202100043153,124Â 536,A01,1,1,1,0,2,6,-1,-1, -1,-1,2021,33.0,2,1,0,2,2,1,1,,7,EGALITE RUE DE L,0,,2,2,0,1,(1),(1),1,, -1,1,0,1,30,21,4,1,59,59350,2,1,1,3,EGALITE RUE DE L,50.63129,3.00226,17,2,2
202100039210,131Â 535,A01,1,1,1,9,1,-1,-1,0,0,-1,2021,27.0,1,2,0,2,1,13,1,,2,19,-1,,2,2,0,1,61,950,1,, -1,2,0,1,80,21,5,1,70,70262,1,1,0,1,Route nationale 19,47.672128,6.383539,8,3,2
202100028434,150Â 891,A01,1,1,1,5,2,6,-1,-1, -1,-1,2021,55.0,2,1,0,2,7,0,1,,1,AUTOROUTE A6A,0,,3,12,0,1,6,849,1,, -1,1,0,1,110,18,7,1,94,94034,1,1,0,7,AUTOROUTE A6A,48.75803,2.33621,15,2,1
202100012087,180Â 110,A01,1,1,1,5,2,-1,-1,0,0,-1,2021,25.0,1,1,12,0,1,1,1,,2,7,0,,2,2,0,1,6,350,1,, -1,2,0,4,80,21,10,3,26,26002,1,1,1,6,Creux de la Thine,45.250422,4.821679,0,1,1
202100048802,114Â 540,B01,1,1,1,5,0,-1,-1,0,0,-1,2021,41.0,2,0,0,0,0,13,2,,3,18,0,,2,2,2,1,13,600,1,, -1,1,0,1,50,8,3,1,37,37147,2,1,0,7,Rue de la Motte,47.0511415993,0.5412504913,10,2,2
202100015861,173Â 325,B01,1,1,1,2,1,0,-1,-1, -1,-1,2021,50.0,1,2,0,2,6,2,1,,4,Ravine creuse (chemin),0,,2,0,0,1,0,0,1,, -1,1,0,1,50,30,9,1,974,97409,2,1,0,2,Ravine creuse (chemin),-20.96391,55.66478,7,2,2
202100041152,128Â 044,B01,2,2,2,0,1,0,-1,-1, -1,-1,2021,42.0,1,2,0,2,4,1,1,,4,ANDRE TOUTAIN (AVENUE),0,,2,2,0,1,0,0,1,, -1,2,0,1,50,6,5,1,93,93071,2,1,1,4,Avenue AndrÃ© Toutain,48.945282,2.525165,16,4,3
202100041933,126Â 665,A01,1,1,1,3,2,6,-1,0,0,-1,2021,16.0,1,1,8,0,8,14,3,,4,RUE DES HALLES,0,,1,1,1,1,(1),(1),1,, -1,1,0,1,30,30,4,1,75,75101,2,5,0,6,RUE DES HALLES,48.860026,2.346475,16,2,1
202100041662,127Â 131,A01,1,1,2,5,1,0,-1,-1, -1,-1,2021,20.0,3,2,0,0,8,19,1,,1,ARMARIS (BD DES),0,,3,3,0,1,2,500,1,, -1,1,5,1,50,27,4,5,83,83137,2,3,0,3,Avenue MirasoulÃ©ou,43.13153,5.98226,22,4,2
202100008717,186Â 152,B01,1,1,1,0,0,0,-1,-1, -1,-1,2021,22.0,1,1,0,2,8,0,3,,4,KIOSQUE (RUE DU),0,,2,2,0,1,(1),(1),1,, -1,1,0,1,50,5,11,2,59,59178,2,1,0,3,KIOSQUE (RUE DU),50.36416,3.07892,17,2,2
202100020556,164Â 885,A01,1,1,1,1,2,0,-1,0,0,-1,2021,50.0,2,1,0,2,2,1,1,,4,BOULEVARD DU MONTPARNASSE,0,,2,6,0,1,(1),(1),1,, -1,1,0,1,30,6,9,1,75,75106,2,3,0,3,BOULEVARD DU MONTPARNASSE,48.841545,2.331144,10,2,2
202100017973,169Â 499,A01,1,1,1,5,1,4,-1,-1,0,-1,2021,29.0,2,2,4,0,1,1,1,,1,AUTOROUTE A1,0,,3,6,0,1,20,400,1,, -1,2,1,1,90,20,9,5,95,95527,1,1,1,6, A1,49.021392,2.534118,0,1,1
202100035050,139Â 044,C01,1,1,1,1,2,0,-1,0,0,-1,2021,27.0,1,1,0,2,1,3,1,,4,BOULEVARD PERIPHERIQUE,0,,1,4,0,1,14,500,1,, -1,1,1,1,70,10,6,1,75,75116,2,1,0,2,BOULEVARD PERIPHERIQUE,48.864978,2.267427,13,2,2
202100015991,173Â 084,B01,2,2,2,9,1,-1,-1,0,0,-1,2021,33.0,1,2,0,2,1,1,1,,3,1029,-1,,2,2,0,1,11,850,1,, -1,2,5,1,80,1,10,1,80,80273,1,2,1,1,D1029,49.784406,1.943593,14,3,2
202100052530,107Â 821,A01,3,2,1,5,3,8,-1,-1, -1,-1,2021,3.0,1,2,13,0,1,14,1,,4,RIBERAC (RUE),0,,2,2,0,1,0,0,1,, -1,2,9,3,50,3,2,5,67,67482,2,1,0,6,RIBERAC (RUE),48.54885,7.76062,23,4,1
202100015256,174Â 441,B01,1,1,1,0,2,-1,-1,0,0,-1,2021,43.0,3,1,0,2,1,13,1,,4,,-1,,2,2,0,1,0,0,3,,4,1,0,1,30,2,10,5,83,83070,2,1,0,1,Quai Baptistin Pins,43.13781,6.377386,21,2,2
202100025461,156Â 154,B01,1,1,2,1,1,8,-1,-1, -1,-1,2021,28.0,1,2,0,0,4,2,1,,4,GARNIER (BD FREDERIC),0,,2,2,0,1,(1),(1),1,, -1,2,0,1,30,5,8,1,17,17306,2,9,1,2,GARNIER (BD FREDERIC),45.6198,-1.01749,9,2,2
202100005448,192Â 056,A01,1,1,1,1,2,-1,-1,0,0,-1,2021,38.0,1,1,9,2,7,1,1,,4,,-1,,2,2,0,1,(1),(1),1,,4,1,0,1,50,15,11,3,33,33199,2,1,0,3,Rue de la BarbotiÃ¨re,44.642815,-1.060138,7,2,2
202100008792,186Â 032,B01,1,1,2,3,1,-1,-1,0,0,-1,2021,61.0,3,2,0,2,1,1,1,,4,,0,,2,2,0,1,(1),(1),3,,4,1,0,1,80,9,11,1,86,86245,1,9,0,1,Les Groies,46.78216,0.67262,12,2,2
202100032167,144Â 254,A01,3,2,1,5,1,-1,-1,0,0,-1,2021,7.0,2,2,0,2,6,19,1,,3,1508,-1,,2,2,0,2,12,30,1,, -1,1,0,1,50,26,6,1,74,74071,2,3,1,3,route d'annecy,46.027562,5.890407,15,7,2
202100052484,107Â 906,A01,1,1,2,1,1,-1,-1,0,0,-1,2021,22.0,1,2,15,0,1,1,1,,3,1,0,,2,2,0,1,7,800,1,, -1,2,0,3,80,6,2,2,54,54462,1,1,1,6,DÃ©partementale 1,48.581824,6.347501,7,1,1
202100033087,142Â 602,A01,1,1,1,0,2,6,-1,-1, -1,-1,2021,21.0,1,1,0,2,1,15,1,,3,JULES GUESDE (QU),0,,4,2,0,1,1,0,1,, -1,1,0,1,50,21,6,1,94,94041,2,3,0,5,Quai Jules Guesde,48.8084,2.4078,9,4,3
202100005195,192Â 491,A01,1,1,1,1,1,0,-1,-1, -1,-1,2021,23.0,1,5,0,2,1,2,1,,2,315,0,,1,1,0,1,1,799,1,, -1,2,0,1,70,1,12,5,92,92036,1,1,1,4,RN315 Y,48.9218844473,2.3059529398,21,3,3
202100001182,199Â 661,A01,10,3,2,5,0,-1,-1,3,3,2,2021,13.0,1,2,0,1,2,26,1,,4,BLUM  (AVENUE LEON),0,,2,2,1,1,(1),(1),1,, -1,2,0,1,50,27,12,5,59,59017,2,1,1,6,BLUM  (AVENUE LEON),50.698958,2.888338,17,3,1
202100000825,200Â 249,A01,10,3,1,0,0,-1,-1,3,3,1,2021,27.0,1,1,0,1,3,26,1,,4,COMMERCE (DU)                       (QU),0,,2,2,2,1,(1),(1),1,, -1,1,0,1,50,17,12,5,69,69389,2,1,0,6,COMMERCE (DU) (Q),45.78225,4.8105,17,2,1
202100038166,133Â 425,B01,1,1,2,5,8,0,-1,-1, -1,-1,2021,50.0,2,1,0,2,1,19,3,,3,HUNINGUE ( RUE DE ),0,,2,2,0,1,2,0,1,, -1,1,0,1,50,1,4,1,68,68297,2,3,0,3,HUNINGUE ( RUE DE ),47.58657,7.56533,9,2,2
202100005353,192Â 219,A01,1,1,1,1,2,6,-1,-1, -1,-1,2021,32.0,3,1,0,2,1,1,1,,4,ALEX. FLEMING (BOULEVARD),0,,1,2,0,2,0,0,1,, -1,1,0,1,50,30,11,1,13,13204,2,1,0,2,ALEX. FLEMING (BOULEVARD),43.3166,5.39639,9,2,2
202100016674,171Â 823,A01,1,1,1,9,1,0,-1,0,0,-1,2021,30.0,1,2,0,2,1,2,1,,4,AVENUE DE LA GRANDE ARMEE,0,,2,8,0,1,(1),(1),1,, -1,1,0,1,50,25,9,5,75,75117,2,1,0,2,AVENUE DE LA GRANDE ARMEE,48.876951,2.285051,6,4,2
202100017704,169Â 977,B01,1,1,1,1,2,6,-1,-1, -1,-1,2021,52.0,2,1,0,2,4,2,1,,3,909,0,,3,4,1,1,0,0,1,, -1,1,0,1,50,21,9,1,92,92025,2,1,0,4,STALINGRAD (AV DE),48.93302,2.26495,8,3,3
202100025012,156Â 941,B01,1,1,1,5,2,8,-1,-1, -1,-1,2021,20.0,0,1,0,2,8,1,1,,4,PAUL CLAUDEL (BOULEVARD),0,,2,2,0,1,0,0,1,, -1,1,0,1,50,2,8,1,13,13210,2,9,0,3,PAUL CLAUDEL (BOULEVARD),43.2694,5.4216,18,2,2
202100003906,194Â 771,A01,7,2,2,2,1,-1,-1,0,0,-1,2021,11.0,3,3,13,0,3,1,1,5.0,4,19,-1,,2,2,0,2,(1),(1),3,, -1,7,0,3,80,9,12,3,22,22277,1,1,0,7,Le Champs Boissel - VC 19,48.397789,-2.846264,7,5,1
202100016548,172Â 051,A01,1,1,2,5,1,0,-1,-1, -1,-1,2021,57.0,1,2,0,2,2,9,1,,4,VICTOR HUGO (AV),0,,2,2,0,1,0,1,1,, -1,2,0,1,50,27,9,1,94,94077,2,9,0,3,Avenue Victor Hugo,48.73255,2.41981,14,2,2
202100055829,102Â 080,A01,10,3,2,1,8,8,-1,2,3,2,2021,45.0,2,1,0,1,1,1,1,,4,RUE DE BRETAGNE,0,,1,0,0,1,(1),(1),1,, -1,1,0,1,50,8,1,1,75,75103,2,2,0,6,RUE DE BRETAGNE,48.862288,2.363723,12,3,1
202100020126,165Â 650,B01,1,1,1,1,2,0,-1,-1, -1,-1,2021,24.0,2,1,0,2,1,3,0,,4,ROMAINVILLE (RUE DE),0,,2,2,0,1,1,0,1,, -1,1,0,1,30,8,9,1,93,93048,2,1,0,1,Rue de Romainville,48.8702121635,2.446799127,12,2,2
202100004595,193Â 564,B01,1,1,1,5,2,6,9,0,0,-1,2021,25.0,2,1,0,2,0,17,1,,3,114,-1,D,2,2,0,1,0,397,1,, -1,1,9,1,50,27,10,1,66,66008,2,1,0,3,Route d Elne,42.556653,3.0124,15,2,2
202100052074,108Â 637,B01,1,1,2,0,1,-1,-1,0,0,-1,2021,20.0,2,2,0,2,3,1,1,,3,1062,-1,,2,2,0,4,15,50,1,, -1,7,0,1,90,9,2,1,67,67388,1,1,0,5,dÃ©partementale 1062,48.911303,7.646635,10,3,3
202100033669,141Â 579,A01,1,1,1,9,2,0,-1,-1, -1,-1,2021,25.0,1,1,0,2,0,0,1,,3,CONTANT   (RUE),0,,2,2,0,1,1,0,1,, -1,2,0,1,50,17,6,5,93,93032,2,1,1,7,CONTANT   (RUE),48.89213,2.5342,5,1,1
202100032094,144Â 382,A01,1,1,1,0,2,0,-1,-1, -1,-1,2021,40.0,2,1,0,2,1,15,1,,4,DE LATTRE DE TASSIGNY (BLD DU MARECHAL),0,,2,3,0,2,(1),(1),2,, -1,1,5,1,50,25,6,1,71,71306,2,3,0,3,Boulevard de Lattre de Tassigny,46.6781431807,4.3666375933,21,2,2
202100020836,164Â 398,A01,1,1,1,0,2,-1,-1,-1, -1,-1,2021,53.0,0,1,0,2,1,1,1,,4,JAURES. RUE JEAN,0,,2,2,0,1,0,0,1,, -1,1,0,1,50,4,9,1,76,76231,2,3,0,3,JAURES. RUE JEAN,49.290653,1.009748,16,2,2
202100041645,127Â 165,A01,10,3,2,0,0,-1,-1,3,3,2,2021,22.0,3,2,0,1,1,1,1,,4,AVENUE BENOÃT FRACHON,0,,2,2,0,1,(1),(1),1,, -1,1,0,6,50,25,4,1,38,38421,2,1,0,6,Avenue Benoit Frachon,45.18069,5.75476,18,2,1
202100000927,200Â 092,A01,1,1,1,9,8,-1,-1,0,0,-1,2021,26.0,2,2,8,0,3,1,1,,3,30,0,D,2,2,0,2,38,500,3,, -1,2,0,3,80,30,12,3,85,85125,1,1,0,6,Treil Bois,46.616206,-0.686318,21,1,1
202100031923,144Â 685,B01,1,1,1,5,8,0,-1,-1, -1,-1,2021,19.0,1,1,0,2,1,2,0,,4,,0,,1,1,0,1,0,0,1,, -1,1,0,1,50,28,6,1,92,92051,2,1,0,2,PARMENTIER (RUE),48.882325671,2.2804757953,16,2,2
202100030593,147Â 068,B01,1,1,1,1,1,5,-1,-1, -1,-1,2021,53.0,2,2,0,2,1,1,1,,3,,0,,2,3,0,1,32,645,1,, -1,1,0,1,50,5,7,1,1,1053,2,2,0,3,MAGINOT ( AVENUE) COTE PAIR,46.20983,5.22734,19,3,2
202100001617,198Â 906,B01,1,1,2,0,1,-1,-1,0,0,-1,2021,48.0,1,2,0,2,4,1,1,,2,EMBRUN ( AVENUE D'),0,,2,2,0,1,70,638,1,, -1,1,0,1,50,22,12,1,5,5061,2,1,0,2,EMBRUN ( AVENUE D'),44.565399,6.092338,16,5,2
202100039333,131Â 292,B01,1,1,2,5,8,0,-1,-1, -1,-1,2021,61.0,1,2,0,2,2,1,1,,4,,0,,2,2,2,2,0,0,1,, -1,2,0,1,50,19,5,1,92,92073,2,2,1,3,ESTIENNE D'ORVES (RUE HONORE D'),48.8734848262,2.2252370417,9,2,2
202100034002,140Â 981,A01,1,1,1,5,2,0,-1,0,0,-1,2021,51.0,2,1,0,1,8,1,5,,4,RUE DE TOLBIAC,0,,2,3,0,2,(1),(1),1,, -1,1,0,1,50,16,6,1,75,75113,2,3,0,6,RUE DE TOLBIAC,48.827143,2.367162,19,2,1
202100052664,107Â 590,A01,1,1,2,0,8,0,-1,-1, -1,-1,2021,27.0,2,1,15,0,3,21,5,,3,BAYONNE (AVENUE DE),0,,2,4,0,1,9,420,1,, -1,1,6,1,50,3,2,5,64,64024,2,3,0,7,BAYONNE (AVENUE DE),43.48102,-1.51201,18,1,1
202100018642,168Â 316,A01,1,1,1,9,2,-1,-1,0,0,-1,2021,14.0,1,1,8,0,7,1,1,,3,234,0,D,2,2,0,1,1,714,1,, -1,1,0,3,50,15,9,1,62,62281,2,1,0,6,Route de Saint-Leonard,50.699054,1.643443,18,2,1
202100011058,181Â 955,A01,1,1,1,1,2,0,-1,-1, -1,-1,2021,20.0,1,1,0,2,1,2,1,,4,BAC (RUE THEODORE),0,,2,2,0,1,0,0,1,, -1,2,0,1,50,25,10,1,87,87085,2,1,1,2,BAC (RUE THEODORE),45.83766,1.26505,8,2,2
202100048741,114Â 640,A01,1,1,2,1,1,-1,-1,0,0,-1,2021,37.0,1,2,0,2,3,13,1,,3,24,0,,2,2,0,1,27,300,1,, -1,1,0,1,90,8,3,3,28,28154,1,1,0,3,Rue du Thymerais,48.485862,1.287535,21,2,2
202100046102,119Â 352,A01,1,1,2,5,2,0,-1,-1, -1,-1,2021,70.0,3,1,0,9,0,1,5,,3,RENTE(CHEMIN DE LA),0,,2,2,0,2,0,0,1,, -1,1,0,1,80,24,3,1,38,38544,1,1,0,7,RENTE(CHEMIN DE LA),45.5033291578,4.8943018913,16,1,1
202100020704,164Â 620,A01,1,1,2,5,1,0,-1,-1, -1,-1,2021,77.0,1,2,0,2,1,0,1,,2,VERDUN (BOULEVARD DE),0,,2,4,0,1,49,0,1,, -1,1,0,1,50,4,9,1,15,15014,2,2,0,3,VERDUN (BOULEVARD DE),44.91272,2.44185,14,2,2
202100028230,151Â 235,A01,1,1,2,5,1,-1,-1,0,0,-1,2021,19.0,2,2,0,2,1,17,1,,3,6086,0,D,2,2,0,2,45,400,1,, -1,1,0,1,80,19,7,1,30,30235,1,1,0,1,D6086,43.919381,4.533427,16,4,2
202100012766,178Â 902,A01,1,1,1,5,0,-1,-1,0,0,-1,2021,65.0,3,2,17,0,3,0,1,,9,,-1,,2,2,0,2,(1),(1),3,,4,1,0,3,50,12,9,1,74,74243,2,1,0,7,2 R des Muguets,46.137598,6.079513,18,1,1
202100047113,117Â 557,B01,1,1,1,0,2,0,-1,-1, -1,-1,2021,38.0,2,1,0,2,7,1,1,,1,AUTOROUTE A1,0,,3,10,0,1,4,599,1,, -1,1,0,1,90,22,3,1,93,93066,1,1,0,3,AUTOROUTE A1,48.93352,2.37799,8,2,2
202100009423,184Â 854,B01,1,1,1,0,8,0,-1,-1, -1,-1,2021,44.0,3,1,9,0,1,5,1,,4,SAULES RUE DES,0,,2,2,0,1,(1),(1),1,, -1,2,5,1,30,4,11,1,59,59009,2,3,1,3,SAULES RUE DES,50.61977,3.14882,12,2,2
202100039852,130Â 346,A01,1,1,1,4,8,0,-1,0, -1,-1,2021,31.0,3,5,3,2,5,1,1,,3,EUROPE (CARREFOUR DE L'),0,,3,4,0,1,0,1,1,, -1,2,0,1,50,15,5,1,93,93005,2,1,0,2,Carrefour de lâEurope,48.951524,2.482425,20,2,2
202100045398,120Â 584,A01,1,1,1,5,8,0,-1,-1, -1,-1,2021,27.0,1,1,0,2,1,19,3,,4,GRAMMONT (AVENUE DE),0,,2,4,0,1,(1),(1),1,, -1,1,0,1,50,1,4,1,37,37261,2,1,0,6,GRAMMONT (AVENUE DE),47.3764261029,0.694379735,15,2,2
202100036778,135Â 969,A01,10,3,2,5,0,-1,-1,3,3,1,2021,47.0,1,2,0,1,2,1,1,,4,ALBERT MARCELLIN,0,,-1,2,0,1,0,0,1,, -1,1,0,1,50,1,6,1,66,66136,2,1,0,6,ALBERT MARCELLIN,42.69077,2.89107,14,2,1
202100039492,131Â 016,B01,1,1,1,5,2,6,-1,0,0,-1,2021,18.0,2,1,0,2,1,2,1,,2,40,-1,,2,2,0,1,76,0,1,, -1,1,0,1,80,19,5,1,201,201272,1,1,0,2,RT 40,41.6226944414,8.9631733778,11,2,2
202100000922,200Â 099,A01,1,1,2,0,1,-1,-1,0,0,-1,2021,21.0,2,2,13,0,2,14,1,,3,100,0,D,2,2,0,2,27,500,2,,5,1,0,1,80,31,12,1,60,60541,1,1,0,7,D100,49.301677,2.689161,15,1,1
202100021328,163Â 530,A01,10,3,2,2,0,-1,-1,3,3,2,2021,17.0,2,2,0,1,1,1,1,,2,3,0,,3,2,0,2,47,100,1,, -1,1,5,1,50,3,9,1,974,97422,2,4,0,1,Rue des Poinsetias,-21.248612,55.525023,7,2,1
202100044655,121Â 893,B01,1,1,1,4,2,-1,-1,-1, -1,-1,2021,20.0,0,1,0,2,0,1,1,,4,ST AGNAN                            (R ),0,,1,1,0,1,(1),(1),1,, -1,1,0,1,30,8,4,5,69,69388,2,2,0,3,SAINT AGNAN (R),45.73966,4.86215,22,2,2
202100049869,112Â 598,A01,4,2,1,0,1,0,-1,-1, -1,-1,2021,3.0,2,2,0,2,1,13,1,,3,D606,0,,2,3,0,1,50,0,1,, -1,1,0,1,90,26,2,1,77,77482,1,1,0,3,D606,48.36107,2.92568,17,4,2
202100038249,133Â 277,A01,10,3,1,2,0,-1,-1,3,3,1,2021,41.0,2,2,0,1,1,1,1,,3,,0,,2,2,0,1,(1),(1),1,, -1,1,0,1,50,27,5,1,63,63004,2,1,0,6,Route des Fades,45.9282286394,2.8064175553,8,2,1
202100022710,161Â 004,B01,1,1,2,1,8,0,-1,-1, -1,-1,2021,40.0,2,1,0,2,8,1,3,,4,WEYGAND (AV. DU GENERAL),0,,2,2,0,1,(1),(1),1,, -1,1,0,1,50,23,8,1,60,60159,2,3,0,3,Avenue du GÃ©nÃ©ral Weygand,49.40575,2.80866,10,2,2
202100013413,177Â 757,B01,2,2,2,9,3,0,-1,-1, -1,-1,2021,5.0,2,2,0,2,2,1,1,,4,LUXEMBOURG (AL. DE),0,,2,2,0,1,1,0,1,, -1,1,0,1,40,13,10,1,93,93057,2,1,0,1,LUXEMBOURG (AL. DE),48.9137290953,2.4980247784,10,3,2
202100026212,154Â 845,A01,2,2,1,5,1,-1,-1,0,0,-1,2021,19.0,0,2,2,0,1,1,1,,3,102,0,D,2,2,0,1,5,120,2,, -1,1,0,1,80,31,7,3,27,27597,1,1,0,6,D102,49.383847,0.374254,22,2,1
202100033237,142Â 359,B01,1,1,2,5,1,-1,-1,0,0,-1,2021,60.0,2,2,0,2,3,1,1,,3,981,-1,,2,2,0,1,34,(1),3,, -1,1,0,1,80,19,6,1,30,30286,1,1,0,1,D981,43.984649,4.460491,18,4,2
202100019405,166Â 945,A01,2,2,2,5,2,6,-1,0,0,-1,2021,15.0,1,1,16,0,0,1,1,,3,D673,-1,,2,2,0,1,34,800,1,, -1,1,0,1,80,12,9,1,46,46003,1,1,0,7,D673 PK 34+800,44.827113,1.716077,18,2,1
202100026106,155Â 031,B01,3,2,2,5,1,-1,-1,0,0,-1,2021,11.0,2,2,0,2,4,16,1,,4,12,0,,2,2,0,1,0,0,1,, -1,1,5,1,50,31,7,1,988,98818,2,3,0,2,ROUTE DE L'ANSE VATA/RUE MARCELLIN LACABANNE,-22.29362,166.44655,14,4,2