Num_Acc,id_vehicule,num_veh,place,catu,sexe,trajet,secu1,secu2,secu3,locp,actp,etatp,year_acc,victim_age,senc,catv,obs,obsm,choc,manv,motor,occutc,catr,voie,v1,v2,circ,nbv,vosp,prof,pr,pr1,plan,lartpc,larrout,surf,infra,situ,vma,jour,mois,lum,dep,com,agg_,int,atm,col,adr,lat,long,hour,nb_victim,nb_vehicules
202100056241,101Â 365,B01,4,2,1,9,1,8,-1,-1, -1,-1,2021,1.0,2,2,0,2,1,1,1,,3,ROCADE EST (RD 162),0,,3,5,0,1,9,548,1,, -1,1,0,1,50,2,1,1,86,86194,2,1,0,3,Rocade Sud Est,46.553168,0.309684,14,4,2
202100044588,122Â 018,B01,1,1,1,1,2,6,-1,0,0,-1,2021,35.0,1,1,0,2,1,2,1,,4,BOULEVARD AUGUSTE BLANQUI,0,,2,5,0,1,(1),(1),1,, -1,1,0,1,50,8,4,2,75,75113,2,2,0,3,BOULEVARD AUGUSTE BLANQUI,48.8310987072,2.3442560434,6,5,2
202100037201,135Â 187,B01,1,1,1,0,2,0,-1,-1, -1,-1,2021,36.0,1,1,0,2,3,1,1,,4,GAMBETTA (PONT),0,,2,2,3,1,0,0,1,, -1,1,0,1,50,3,5,1,72,72181,2,9,0,1,GAMBETTA (PONT),48.0059,0.1922,19,2,2
202100027784,152Â 052,A01,1,1,1,0,2,0,-1,-1, -1,-1,2021,39.0,1,1,9,2,8,15,1,,9,ADRIEN AGNES (QUAI),0,,2,2,0,2,0,0,1,, -1,1,6,1,50,21,7,5,93,93001,1,9,0,3,ADRIEN AGNES (QUAI),48.91857,2.36922,1,1,1
202100056077,101Â 645,B01,1,1,1,1,1,0,-1,-1, -1,-1,2021,52.0,3,2,0,2,8,15,1,,4,RHIN ET DANUBE(RUE DU),0,,3,4,0,1,0,0,2,, -1,2,0,1,50,6,1,5,94,94011,2,1,0,3,RHIN ET DANUBE(RUE DU),48.77287,2.49059,6,2,2
202100021045,164Â 043,A01,1,1,1,5,8,0,-1,-1, -1,-1,2021,54.0,1,2,0,2,3,26,1,,4,BEDIER BOULEVARD,0,,3,2,0,1,1,0,1,, -1,1,0,1,50,2,9,1,49,49007,2,1,0,3,BEDIER BOULEVARD,47.45187,-0.54376,12,2,2
202100013969,176Â 730,A01,1,1,1,1,2,6,-1,-1, -1,-1,2021,26.0,2,1,0,0,2,3,1,,1,AUTOROUTE A10,0,,2,6,0,1,4,0,1,, -1,1,0,1,90,11,10,2,91,91377,1,1,0,7,AUTOROUTE A10,48.71769,2.29166,7,1,1
202100045485,120Â 435,A01,1,1,1,5,2,6,9,0,0,-1,2021,20.0,2,1,0,2,1,15,1,,3,541,-1,,2,2,0,2,18,520,4,, -1,1,0,1,50,3,4,1,26,26146,2,3,1,1,1 Route de Rochecourbiere,44.416416,4.909483,14,3,2
202100031465,145Â 505,B01,1,1,2,5,2,-1,-1,0,0,-1,2021,52.0,1,1,0,2,1,1,5,,3,91,-1,,2,2,0,1,33,151,1,, -1,1,0,1,80,2,7,1,89,89068,1,3,0,1,D91,47.803216,3.798193,13,2,2
202100029681,148Â 741,A01,1,1,1,5,2,-1,-1,0,0,-1,2021,30.0,1,1,0,0,7,21,5,,3,80,-1,,-1,2,0,1,18,200,2,, -1,1,0,1,80,11,7,1,14,14335,1,1,0,7,D80,49.188681,-0.078186,11,2,2
202100047926,116Â 069,A01,1,1,2,0,1,0,-1,0,0,-1,2021,31.0,3,2,13,0,3,1,1,,4,LIAISON A 330 - RD 2Bis - RN 74,0,,1,2,0,1,(1),(1),3,, -1,1,0,1,70,15,3,1,54,54395,2,1,0,6,LIAISON A 330 - RD 2Bis - RN 74,48.676802,6.201165,12,1,1
202100029586,148Â 905,B01,3,2,2,0,8,-1,-1,-1, -1,-1,2021,1.0,2,2,0,2,1,15,1,,7,GARIBALDI                           (AV),0,,3,4,0,1,0,1,1,, -1,1,0,1,50,10,7,1,69,69256,2,2,0,3,GARIBALDI (AV),45.76706,4.93291,14,4,2
202100013213,178Â 119,B01,1,1,1,5,2,6,-1,-1, -1,-1,2021,21.0,1,1,0,2,8,1,1,,4,ANDRE LASSAGNE                      (QU),0,,3,5,3,1,(1),(1),1,, -1,1,0,1,50,14,10,1,69,69381,2,1,0,3,ANDRE LASSAGNE (Q),45.7711424071,4.8380580539,16,2,2
202100026478,154Â 366,B01,1,1,1,5,8,0,-1,-1, -1,-1,2021,17.0,1,1,0,2,1,26,0,,3,VIALENC (CARREFOUR DU),0,,1,1,0,1,1,268,2,, -1,1,5,1,50,28,7,1,15,15014,2,6,0,6,Giratoire du Vialenc,44.92237,2.42802,20,2,2
202100004978,192Â 891,A01,1,1,1,2,2,-1,-1,0,0,-1,2021,17.0,1,1,0,2,7,19,1,,2,3,0,R,2,2,0,1,10,200,1,, -1,1,0,1,60,3,12,1,987,98747,1,1,0,3,PK 10+200 RT3 Ã  PUEU,-17.7648,-149.213089,16,2,2
202100010958,182Â 140,A01,1,1,1,1,2,-1,-1,0,0,-1,2021,39.0,1,1,0,2,3,15,1,,2,RN2,0,,2,2,0,1,(1),(1),1,, -1,1,0,1,50,26,10,1,974,97412,2,1,0,3,RN2,-21.377833,55.603427,8,2,2
202100021184,163Â 798,B01,2,2,2,5,1,-1,-1,0,0,-1,2021,75.0,3,2,0,2,2,1,3,,3,201,-1,,2,2,0,1,(1),(1),2,, -1,1,0,1,80,3,9,1,24,24572,1,1,0,1,Cladet,44.636904,0.844399,18,3,2
202100028239,151Â 215,A01,1,1,1,0,0,-1,-1,0,0,-1,2021,21.0,3,2,6,0,1,1,1,,4,,-1,,2,2,0,1,(1),(1),1,,5,1,0,8,70,19,7,1,971,97103,2,1,0,6,Lieu Dit Chantilly,16.236519,-61.616654,17,1,1
202100055296,102Â 980,A01,10,3,1,5,0,-1,-1,2,3,1,2021,81.0,3,4,0,1,3,10,1,,4,STRASBOURG ( BOULEVARD DE ),0,,3,0,0,1,(1),(1),1,, -1,2,9,1,50,12,1,1,62,62041,2,1,1,6,STRASBOURG ( BOULEVARD DE ),50.28855,2.78056,10,2,1
202100007416,188Â 503,B01,1,1,1,5,2,-1,-1,0,0,-1,2021,19.0,2,1,0,2,1,1,1,,3,3,-1,,2,2,0,1,105,750,1,, -1,1,0,1,80,20,11,3,33,33284,1,1,0,1,Avenue du GÃ©nÃ©ral de Gaulle,44.598818,-0.914579,19,2,2
202100046083,119Â 380,A01,1,1,1,9,1,0,-1,0,0,-1,2021,30.0,2,2,0,2,7,17,1,,4,,0,,1,2,0,1,(1),(1),1,, -1,1,0,1,50,28,3,1,63,63113,2,2,0,3,BERTHELOT (BOULEVARD),45.77727,3.07275,9,5,2
202100014840,175Â 182,A01,10,3,1,5,0,-1,-1,4,3,1,2021,81.0,1,2,0,1,1,15,1,,4,RUE DE LA FEDERATION,0,,1,1,0,1,(1),(1),2,, -1,1,0,1,30,6,10,5,75,75115,2,4,0,6,RUE DE LA FEDERATION,48.852801,2.298337,20,2,1
202100053992,105Â 242,A01,1,1,1,5,2,6,-1,0,0,-1,2021,34.0,1,1,13,0,1,1,1,,3,D127,0,,2,2,0,1,11,4,3,, -1,2,0,1,90,23,1,3,3,3181,1,2,0,7,Lieu Dit Vieux Bourg,46.3538060538,3.7394480284,18,1,1
202100032648,143Â 410,A01,1,1,2,0,2,-1,-1,0,0,-1,2021,22.0,0,1,0,2,1,1,3,,4,SAINT FUSCIEN (RUE),0,,2,2,0,1,(1),(1),1,, -1,1,0,1,50,22,6,1,80,80021,2,1,0,2,SAINT FUSCIEN (RUE),49.88311,2.30427,8,2,2
202100003250,195Â 952,B01,1,1,2,5,2,8,-1,-1, -1,-1,2021,45.0,1,1,0,2,4,1,5,,3,MEDITERRANNEE (Rond point),0,,2,0,0,1,16,25,3,, -1,1,0,1,50,12,12,1,34,34003,2,6,0,6,MEDITERRANNEE (Rond point),43.32674,3.48172,12,2,2
202100011496,181Â 175,B01,1,1,1,1,2,-1,-1,0,0,-1,2021,15.0,2,1,0,2,7,1,1,,4,27,0,C,2,2,0,1,(1),(1),1,, -1,1,0,1,30,22,10,5,67,67339,2,3,0,3,Rue de l Avenir,48.896327,7.911567,6,2,2
202100046653,118Â 376,A01,10,3,1,0,0,-1,-1,2,3,1,2021,62.0,1,1,0,1,1,26,0,,4,MUSSELBURGH (R DE),0,,2,2,0,1,0,0,1,, -1,2,0,1,30,25,3,1,94,94017,2,1,0,1,MUSSELBURGH (R DE),48.809,2.519,9,2,1
202100043886,123Â 224,B01,7,2,2,0,8,0,-1,-1, -1,-1,2021,29.0,0,3,0,2,0,0,1,2.0,4,PORTE DE LORIENT,0,,3,4,0,1,(1),(1),1,, -1,2,5,8,50,22,2,1,35,35238,2,2,1,3,PORTE DE LORIENT,48.10889,-1.71024,12,3,2
202100048960,114Â 233,B01,1,1,1,5,8,0,-1,0,0,-1,2021,23.0,2,1,0,2,0,5,3,,4,RUE DU DOCTEUR ROUX,0,,1,1,1,1,(1),(1),1,, -1,1,-1,5,50,6,3,2,75,75115,2,1,0,3,RUE DU DOCTEUR ROUX,48.841118,2.311704,17,2,2
202100055771,102Â 174,A01,10,3,2,2,0,-1,-1,1,3,1,2021,16.0,2,1,1,1,1,17,1,,7,386,0,,2,2,0,1,16,800,1,, -1,1,0,1,50,7,1,1,69,69096,2,1,0,6,D386,45.60836,4.77243,12,2,1
202100023011,160Â 495,B01,1,1,1,0,2,6,-1,-1, -1,-1,2021,30.0,1,1,0,2,7,18,1,,1,AUTOROUTE A1,0,,3,6,0,1,2,0,1,, -1,1,0,1,90,2,8,1,972,97213,1,1,0,7,AUTOROUTE A1,14.59904,-60.99946,7,2,2
202100007788,187Â 829,A01,10,3,1,5,0,-1,-1,5,9,1,2021,34.0,1,1,0,1,1,25,1,,4,NEUHOF (ROUTE),0,,2,2,1,1,0,0,1,, -1,1,0,5,50,8,11,1,67,67482,2,1,0,6,NEUHOF (ROUTE),48.55362,7.76645,14,2,1
202100033356,142Â 144,B01,1,1,1,5,-1,0,-1,0,0,-1,2021,35.0,0,1,0,2,1,15,1,,4,FAITA VINCENT (RUE),0,,2,2,0,1,0,0,1,, -1,1,0,1,50,12,6,1,30,30189,2,3,0,6,FAITA VINCENT (RUE),43.8445,4.3706,19,2,2
202100025696,155Â 755,B01,1,1,1,1,1,-1,-1,-1, -1,-1,2021,43.0,1,2,0,0,4,1,1,,7,RD383   3.750 A 7.640,0,,3,6,0,1,6,800,1,, -1,1,0,1,70,1,8,1,69,69266,1,1,0,2,LAURENT BONNEVAY (BD),45.75902,4.90921,15,4,2
202100046953,117Â 849,A01,1,1,1,9,2,0,-1,0,0,-1,2021,42.0,2,1,0,2,3,18,1,,4,RUE DE CHARENTON,0,,2,2,0,1,(1),(1),1,, -1,1,0,1,50,23,3,1,75,75112,2,2,0,3,RUE DE CHARENTON,48.837308,2.391208,9,2,2
202100033448,141Â 982,C01,1,1,2,5,1,-1,-1,0,0,-1,2021,31.0,1,2,0,2,1,1,1,,3,38,0,D,2,2,0,2,6,250,3,, -1,1,0,1,50,19,6,3,38,38238,2,1,0,5,Route de Septeme,45.51642,5.01265,0,3,3
202100028156,151Â 373,B01,1,1,1,5,2,0,-1,-1, -1,-1,2021,18.0,3,1,0,2,1,19,5,,3,RUSSIE (AVENUE DE),0,,2,2,0,3,0,0,1,, -1,1,0,1,50,19,7,5,3,3023,2,2,0,6,RUSSIE (AVENUE DE),46.11538,3.40811,1,2,2
202100003976,194Â 643,B01,1,1,1,4,1,-1,-1,-1, -1,-1,2021,38.0,1,5,0,2,5,26,3,,4,DOCTEUR GAILLETON (DU)              (QU),0,,1,5,3,1,(1),(1),1,, -1,2,0,1,50,7,12,5,69,69382,2,3,1,2,DOCTEUR GAILLETON (DU) (Q),45.75218,4.83296,2,2,2
202100034742,139Â 612,B01,1,1,1,5,1,0,-1,-1, -1,-1,2021,68.0,2,2,1,2,4,2,1,,4,,0,,2,2,0,1,0,0,1,, -1,1,0,1,30,11,6,1,91,91027,2,1,0,6,VC QUAI DE L'INDUSTRIE,48.69287,2.38942,16,3,2
202100001296,199Â 448,A01,1,1,1,5,2,0,-1,0,0,-1,2021,16.0,2,1,14,0,1,1,1,,4,BOULEVARD DE MAGENTA,0,,2,6,1,1,(1),(1),1,, -1,2,0,1,30,26,12,5,75,75110,2,2,0,6,BOULEVARD DE MAGENTA,48.878518,2.354054,22,1,1
202100036712,136Â 088,B01,1,1,1,1,2,6,-1,0,0,-1,2021,58.0,2,1,0,2,1,1,1,,3,159,0,D,2,2,0,1,0,110,1,, -1,1,0,1,50,4,6,1,201,201247,2,1,0,3,rue des turruccioli,41.600192,9.269489,8,2,2
202100026302,154Â 678,A01,1,1,1,1,2,6,-1,-1, -1,-1,2021,21.0,1,1,0,9,1,17,1,,4,PLAGE (AVENUE DE LA),0,,2,1,0,1,(1),(1),1,, -1,1,5,1,30,30,7,1,44,44132,2,2,0,1,PLAGE (AVENUE DE LA),47.2613,-2.3409,14,2,2
202100032169,144Â 250,A01,1,1,2,1,1,-1,-1,0,0,-1,2021,51.0,1,2,0,2,8,19,0,,3,D938,-1,,2,3,3,1,81,360,1,,14,1,5,1,70,25,6,1,79,79299,1,2,0,3,,46.889712,-0.193993,18,2,2
202100020416,165Â 147,A01,1,1,1,0,0,-1,-1,0,0,-1,2021,29.0,1,2,6,9,7,14,1,,3,D441,-1,,2,2,0,1,29,100,2,, -1,1,0,3,50,5,9,4,10,10091,2,1,0,6,20 Rue d Arcis,48.505843,4.269086,22,1,1
202100048482,115Â 103,A01,1,1,1,5,1,-1,-1,0,0,-1,2021,25.0,2,2,6,0,9,14,1,,1,39,0,A,3,4,0,1,118,600,1,, -1,1,0,3,130,12,3,1,71,71143,1,1,0,6,A39,46.461824413,5.2959042478,14,2,1
202100003322,195Â 827,A01,3,2,1,5,8,-1,-1,-1,0,-1,2021,6.0,2,2,4,0,7,14,1,,2,RN 184,0,,3,4,0,1,5,500,2,, -1,2,0,1,90,11,12,3,95,95572,1,1,1,6,RN 184,49.04859,2.1348,20,3,1
202100046501,118Â 667,B01,1,1,1,9,2,8,-1,-1, -1,-1,2021,15.0,2,1,0,2,1,1,5,,4,RESISTANCE (RUE DE LA),0,,2,3,0,2,0,1,1,, -1,1,0,1,50,26,3,1,74,74012,2,1,0,6,RESISTANCE (RUE DE LA),46.19726,6.25244,17,2,2
202100042175,126Â 234,B01,2,2,1,0,1,0,-1,-1, -1,-1,2021,58.0,3,2,0,2,3,19,1,,7,JAURES JEAN RUE DU 130 AU 252,0,,2,2,0,1,(1),(1),1,, -1,1,5,1,50,27,4,1,59,59009,2,2,0,3,JAURES JEAN RUE DU 130 AU 252,50.665667,3.141087,12,4,2
202100010154,183Â 547,A01,1,1,1,5,2,6,-1,-1, -1,-1,2021,24.0,1,1,0,2,1,15,1,,4,REPUBLIQUE (PCE DE LA),0,,1,2,0,1,(1),(1),1,, -1,1,0,1,50,31,10,5,33,33063,2,2,0,3,Rue de Cursol,44.83473,-0.57837,0,2,2
202100004970,192Â 906,A01,1,1,1,1,8,-1,-1,0,0,-1,2021,22.0,1,2,13,0,2,0,1,,3,12,0,,2,2,0,1,1,181,2,, -1,2,0,3,80,3,12,1,36,36022,1,1,1,6,Les Patras.,46.6196393117,1.7046511173,16,1,1
202100013831,176Â 968,Z01,10,3,1,1,0,-1,-1,2,3,2,2021,29.0,3,2,0,1,0,1,0,,4,ANTOINE GIROUST (BOULEVARD ),0,,2,2,0,1,1,0,1,, -1,1,0,1,50,11,10,5,77,77058,2,1,0,6,ANTOINE GIROUST (BOULEVARD ),48.840314,2.710622,7,3,1
202100014262,176Â 201,A01,1,1,1,9,1,-1,-1,0,0,-1,2021,35.0,0,2,0,2,1,1,1,,3,151,0,,2,2,0,1,29,920,1,, -1,1,0,1,80,9,10,3,60,60518,1,2,0,3,D151,49.5743487576,2.1828002058,20,5,2
202100018490,168Â 583,A01,2,2,2,0,1,-1,-1,0,0,-1,2021,18.0,2,2,2,0,1,1,1,,3,615,0,,2,2,0,1,10,730,1,, -1,2,0,3,80,18,9,1,66,66210,1,1,1,6,D615,42.6384136762,2.7368799783,16,2,1
202100045089,121Â 138,A01,1,1,1,5,2,-1,-1,0,0,-1,2021,54.0,2,1,0,0,1,1,5,,3,8,-1,,2,2,0,1,20,625,1,, -1,1,0,1,50,3,4,1,65,65401,2,9,0,2,Route DÃ©partementale 8,43.185853,0.101709,12,2,2
202100045006,121Â 279,B01,1,1,2,1,1,-1,-1,0,0,-1,2021,43.0,1,2,0,9,1,1,1,,3,19.3,2,B,2,2,0,1,2,70,1,, -1,1,0,1,80,6,4,1,68,68309,1,4,0,1,Route DÃ©partementale 19.3 Bis,47.665351,7.473857,7,2,2
202100008231,186Â 996,A01,2,2,2,5,1,8,-1,-1, -1,-1,2021,56.0,2,2,0,2,1,2,1,,1,AUTOROUTE A1,0,,3,8,0,2,7,900,1,, -1,2,9,1,90,13,11,1,93,93013,1,1,1,4,AUTOROUTE A1,48.93972,2.42016,15,4,3
202100016746,171Â 689,A01,1,1,1,5,8,-1,-1,0,0,-1,2021,61.0,1,2,0,0,0,1,1,,3,237,0,D,2,2,0,1,3,200,1,, -1,2,0,8,80,25,9,1,26,26085,1,1,1,7,Route des iles,44.523177,4.715517,16,1,1
202100007388,188Â 552,C01,10,3,1,4,4,-1,-1,1,9,3,2021,58.0,2,2,14,1,1,1,1,,2,70,-1,,3,4,0,1,43,800,1,, -1,2,0,2,110,19,11,3,71,71412,1,1,1,5,N70,46.725095,4.451265,22,8,3
202100056455,100Â 989,A01,1,1,1,5,1,-1,-1,0,0,-1,2021,53.0,2,2,2,0,1,1,1,,3,936,-1,,2,2,0,1,23,520,2,, -1,9,0,1,70,1,1,3,80,80825,1,1,0,6,D936,49.9594075089,1.8430694944,19,1,1
202100027393,152Â 748,B01,1,1,1,1,2,6,-1,-1, -1,-1,2021,45.0,3,1,0,2,3,1,1,,4,CORNEILLES (BD DES),0,,2,2,0,1,1,0,1,, -1,1,0,1,30,23,7,1,94,94068,2,2,0,3,Boulevard des Corneilles,48.78579,2.49215,16,2,2
202100045535,120Â 349,A01,1,1,1,4,8,-1,-1,-1, -1,-1,2021,22.0,1,1,0,2,1,1,5,,4,EMERAUDES (DES)                     (R ),0,,2,2,1,1,(1),(1),1,, -1,1,0,1,50,1,4,1,69,69386,2,1,0,2,EMERAUDES (DES) (R),45.76886,4.8602,16,3,2
202100003032,196Â 364,A01,1,1,1,0,2,0,-1,-1, -1,-1,2021,29.0,2,1,0,2,8,18,1,,1,A50-Sens Aubagne vers Marseille,0,,3,4,0,1,10,449,1,, -1,1,0,1,90,13,12,1,13,13070,1,1,0,3,A50-Sens Aubagne vers Marseille,43.285771,5.512812,9,2,2
202100053753,105Â 657,Z01,10,3,1,9,8,8,-1,4,3,1,2021,46.0,1,1,0,1,1,1,1,,4,PONT NEUF,0,,2,4,0,1,(1),(1),1,, -1,1,0,1,50,24,1,1,75,75101,2,3,0,6,PONT NEUF,48.856862,2.341281,14,2,1
202100004969,192Â 908,A01,1,1,2,0,1,-1,-1,0,0,-1,2021,25.0,1,2,0,2,8,19,1,,3,938,-1,D,2,2,0,1,2,625,2,, -1,2,5,1,70,4,12,1,64,64191,2,3,1,3,CD 938,43.1747,-0.237901,10,2,2
202100027335,152Â 862,A01,10,3,1,0,0,-1,-1,3,3,1,2021,57.0,1,5,0,1,3,1,1,,4,CURET (AV LOUIS),0,,1,2,0,1,0,0,2,, -1,1,0,1,30,15,7,1,83,83126,2,1,0,6,CURET (AV LOUIS),43.103623,5.881264,18,2,1
202100008675,186Â 233,B01,2,2,1,0,2,0,-1,-1, -1,-1,2021,36.0,1,1,0,2,1,3,1,,3,BADUEL (ROUTE DE),0,,2,2,2,1,2,50,1,, -1,1,0,1,50,8,11,5,973,97302,2,1,0,3,BADUEL (ROUTE DE),4.9339301959,-52.3106380105,18,3,2
202100001584,198Â 979,A01,10,3,1,0,0,-1,-1,2,3,1,2021,62.0,2,2,0,1,1,1,1,,4,GABRIEL PERI                        (AV),0,,2,2,3,1,(1),(1),1,, -1,1,0,1,50,23,12,2,69,69256,2,1,0,6,GABRIEL PERI (AV),45.77194,4.91083,17,2,1
202100038406,132Â 989,A01,1,1,1,2,2,0,-1,-1, -1,-1,2021,17.0,3,1,0,1,1,1,1,,9,R JEAN GABIN,0,,4,0,1,1,1,0,1,, -1,1,6,5,20,25,5,1,94,94028,2,1,0,6,GABIN.(RUE JEAN),48.77761,2.44444,11,2,1
202100046290,119Â 035,B01,1,1,1,5,2,6,-1,0,0,-1,2021,49.0,2,1,0,2,1,1,1,,1,,-1,,3,2,-1,1,53,500,1,, -1,1,7,1,-1,26,3,2,33,33002,1,2,0,3,DÃ©partementale 9,44.5126619807,-0.051881969,19,2,2
202100031274,145Â 841,B01,1,1,1,5,2,6,-1,0,0,-1,2021,62.0,3,1,0,2,1,1,1,,2,85,-1,,2,2,0,1,64,(1),1,, -1,1,0,1,80,2,7,1,38,38203,1,1,0,3,N85,45.020474,5.77486,9,2,2
202100030710,146Â 863,A01,1,1,1,0,2,6,-1,-1, -1,-1,2021,26.0,1,1,0,2,1,1,1,,2,mamoudzou centre-Rassi Boina KaÃ¯m (rue),0,,2,0,0,1,0,0,1,, -1,1,0,1,50,2,7,1,976,97611,1,1,0,3,mamoudzou centre-Rassi Boina KaÃ¯m (rue),-12.77597,45.23047,17,2,2
202100045977,119Â 570,B01,1,1,2,9,2,0,-1,0,0,-1,2021,34.0,1,1,0,2,1,1,1,,4,AVENUE DU MAHATMA GANDHI,0,,2,2,0,1,(1),(1),1,, -1,1,0,1,50,29,3,2,75,75116,2,2,0,3,AVENUE DU MAHATMA GANDHI,48.875857,2.262207,19,2,2
202100038090,133Â 578,B01,1,1,1,1,0,-1,-1,0,0,-1,2021,17.0,3,1,0,2,1,15,5,,4,,0,,2,2,0,1,(1),(1),1,, -1,1,5,1,80,27,5,1,38,38058,1,3,0,1,Rue de la Vie de Lariot,45.35204,5.31577,17,2,2
202100032505,143Â 663,A01,10,3,2,9,0,-1,-1,4,3,1,2021,62.0,2,5,0,1,5,16,1,,4,RUE DE VAUGIRARD,0,,2,2,0,1,(1),(1),1,, -1,1,0,1,30,23,6,1,75,75106,2,2,0,6,RUE DE VAUGIRARD,48.847398,2.328118,13,2,1
202100054140,104Â 975,A01,1,1,1,1,2,-1,-1,0,0,-1,2021,49.0,2,1,0,2,4,16,1,,3,1201,0,,2,2,0,1,41,180,1,, -1,2,0,1,50,22,1,2,74,74009,2,3,1,2,Jussy,46.061678,6.078803,16,2,2
202100006427,190Â 308,A01,10,3,2,0,0,-1,-1,3,3,1,2021,41.0,2,2,0,1,2,1,1,,3,BEAUCAIRE (ROUTE),0,,2,4,1,1,22,30,1,, -1,1,0,1,50,2,11,2,30,30189,2,1,0,6,BEAUCAIRE (ROUTE),43.836454,4.393968,17,2,1
202100051698,109Â 282,A01,1,1,1,0,1,8,-1,-1, -1,-1,2021,34.0,2,2,0,2,6,2,1,,4,24 AVRIL 15 (AVENUE DU),0,,2,2,0,2,(1),(1),3,, -1,2,0,1,50,12,2,1,13,13212,2,1,1,2,24 AVRIL 15 (AVENUE DU),43.307991,5.433949,16,2,2
202100037804,134Â 084,B01,1,1,1,0,1,5,-1,0,0,-1,2021,28.0,0,2,0,2,2,1,1,,6,NATIONALE 13 (ROUTE),0,,-1,-1,0,1,(1),(1),1,, -1,1,9,8,30,28,5,1,27,27306,2,9,0,3,NATIONALE 13 (ROUTE),49.01384,1.17522,14,3,2
202100002932,196Â 531,B01,1,1,2,1,8,0,-1,-1, -1,-1,2021,53.0,1,1,0,2,2,15,5,,4,CHINON (BOULEVARD DE),0,,3,1,1,1,(1),(1),1,, -1,2,5,5,50,14,12,5,37,37122,2,6,1,2,CHINON (BOULEVARD DE),47.3518509943,0.6864825636,8,2,2
202100009405,184Â 889,B01,1,1,1,1,1,0,-1,-1, -1,-1,2021,38.0,1,2,16,0,0,0,1,,3,ROUTE DEPARTEMENTALE 15,0,,1,2,0,1,1,0,1,, -1,1,5,1,70,4,11,1,972,97213,1,1,0,2,ROUTE DEPARTEMENTALE 15,14.61895,-61.00516,9,2,2
202100055245,103Â 072,A01,1,1,1,5,1,-1,-1,0,0,-1,2021,20.0,1,2,2,0,0,1,1,,3,12,0,,2,2,0,2,32,600,2,, -1,7,0,3,80,10,1,1,43,43020,1,1,0,7,D12,45.317618,4.077795,12,1,1
202100054085,105Â 072,B01,1,1,1,0,2,0,-1,-1, -1,-1,2021,20.0,1,1,0,2,1,1,1,,7,MAZARGUES (ROND-POINT),0,,-1,0,0,1,4,300,3,, -1,2,0,1,50,22,1,5,13,13209,2,9,0,3,MAZARGUES (ROND-POINT),43.2507668819,5.4034227133,20,2,2
202100050184,112Â 016,A01,1,1,1,1,2,8,-1,-1, -1,-1,2021,23.0,1,1,0,2,8,18,1,,4,HOPITAL (AVENUE DE L'HOPITAL),0,,3,4,0,1,(1),(1),1,, -1,1,0,1,50,25,2,1,45,45234,2,1,0,3,Avenue de lâHopital,47.8387566918,1.9251647155,14,2,2
202100048326,115Â 373,B01,1,1,2,5,2,-1,-1,0,0,-1,2021,59.0,1,1,0,0,8,23,5,,3,403,-1,B,2,2,0,1,0,675,1,, -1,1,0,3,50,13,3,1,71,71135,2,2,0,3,Rue des Carrieres,46.433526,4.830752,10,2,2
202100029687,148Â 733,A01,1,1,2,5,1,-1,-1,0,0,-1,2021,26.0,1,2,2,0,7,1,1,,3,19,0,D,2,2,0,1,11,50,2,, -1,2,0,3,80,10,7,1,21,21358,1,1,1,3,D19 pk 11+50,47.612415,4.517374,21,1,1
202100034845,139Â 423,A01,1,1,1,1,2,6,-1,0,0,-1,2021,51.0,2,1,0,2,1,17,1,,3,RD998,-1,,2,2,0,4,2,900,1,, -1,1,0,1,90,13,6,1,3,3195,1,1,0,2,RD998,46.290746,2.701585,12,2,2
202100007018,189Â 214,A01,1,1,2,9,8,0,-1,-1, -1,-1,2021,20.0,3,2,1,0,3,1,1,,4,SAND (RUE GEORGES),0,,1,1,0,1,(1),(1),1,, -1,1,0,1,50,20,11,5,37,37261,2,1,0,6,SAND (RUE GEORGES),47.3849822666,0.6880410402,2,1,1
202100009171,185Â 320,B01,1,1,1,5,2,-1,-1,0,0,-1,2021,50.0,1,1,0,2,1,1,1,,3,650,0,D,2,2,0,1,9,150,1,, -1,1,0,1,50,6,11,2,33,33527,2,1,0,3,8 Avenue de la CÃ´te d Argent,44.628641,-1.014426,17,2,2
202100017122,171Â 029,B01,1,1,2,1,8,0,-1,-1, -1,-1,2021,32.0,2,1,0,2,1,1,0,,3,EUROPE BOULEVARD DE L',0,,3,4,0,1,45,0,1,, -1,1,0,1,50,24,9,1,93,93046,2,1,0,3,Boulevard de lâEurope,48.92551,2.54892,15,2,2
202100026707,153Â 973,A01,2,2,2,9,1,-1,-1,0,0,-1,2021,23.0,1,2,13,0,1,1,2,,1,6,0,,3,4,0,1,262,300,2,, -1,1,0,3,130,29,7,3,21,21630,1,1,0,5,Autoroute A6 PK 262+300 sens PARIS-LYON,47.260869,4.523106,2,2,1
202100026961,153Â 518,B01,1,1,1,0,2,6,-1,-1, -1,-1,2021,35.0,0,1,0,2,1,1,1,,4,ADAMOV (ALLEE ARTHUR),0,,2,2,0,1,0,0,1,, -1,2,0,1,50,26,7,1,93,93078,2,3,1,1,AllÃ©e Arthur Adamov / Rue Sigmund Freud,48.95456,2.54907,19,2,2
202100037674,134Â 314,B01,1,1,1,5,2,-1,-1,0,0,-1,2021,22.0,1,0,0,2,4,16,1,,3,940,0,D,2,2,0,2,18,600,2,, -1,1,0,1,50,29,5,2,36,36127,2,1,0,2,RD 940,46.585899,1.993418,21,3,2