Num_Acc,id_vehicule,num_veh,place,catu,sexe,trajet,secu1,secu2,secu3,locp,actp,etatp,year_acc,victim_age,senc,catv,obs,obsm,choc,manv,motor,occutc,catr,voie,v1,v2,circ,nbv,vosp,prof,pr,pr1,plan,lartpc,larrout,surf,infra,situ,vma,jour,mois,lum,dep,com,agg_,int,atm,col,adr,lat,long,hour,nb_victim,nb_vehicules
202100028684,150Â 449,A01,1,1,1,5,1,0,-1,0,0,-1,2021,19.0,2,2,0,2,1,1,1,,4,PLACE CHARLES MICHELS,0,,2,4,0,1,(1),(1),1,, -1,1,5,1,50,15,7,5,75,75115,2,7,0,3,PLACE CHARLES MICHELS,48.8468,2.285713,5,9,2
202100055271,103Â 022,A01,1,1,1,1,2,6,-1,-1, -1,-1,2021,51.0,2,1,0,2,2,26,1,,4,,0,,2,4,1,1,(1),(1),1,, -1,2,0,1,50,12,1,2,69,69388,2,2,1,3,PAUL CAZENEUVE (R),45.73402,4.86279,16,3,2
202100003562,195Â 380,A01,10,3,2,9,0,-1,-1,4,3,1,2021,70.0,1,5,0,1,2,16,1,,4,TISSOT                              (R ),0,,1,1,2,1,(1),(1),1,, -1,1,0,1,50,9,12,1,69,69389,2,2,0,6,TISSOT (R),45.77581,4.80194,14,2,1
202100027162,153Â 167,A01,1,1,1,1,2,6,-1,0,0,-1,2021,52.0,3,1,0,6,1,1,6,,4,garen,0,A,2,2,0,1,(1),(1),1,, -1,1,0,1,70,26,7,1,27,27191,1,1,0,6,Rue de la Garenne,49.11087,1.226553,18,1,1
202100013886,176Â 875,A01,1,1,2,5,2,0,-1,0,0,-1,2021,49.0,1,1,0,2,1,2,1,,4,BOULEVARD PERIPHERIQUE,0,,1,3,0,1,5,400,1,, -1,1,0,1,70,10,10,1,75,75114,2,1,0,2,BOULEVARD PERIPHERIQUE,48.820387,2.324441,13,2,2
202100047846,116Â 234,A01,1,1,1,0,1,0,-1,-1, -1,-1,2021,37.0,1,1,0,2,7,17,1,,3,PAUL VAILLANT COUTURIER (RUE),0,,2,2,0,1,1,1,1,, -1,2,0,1,50,15,3,1,93,93032,2,9,1,3,PAUL VAILLANT COUTURIER (RUE),48.87102,2.5545,11,2,2
202100023695,159Â 262,A01,1,1,2,0,1,8,-1,-1, -1,-1,2021,54.0,2,2,0,2,1,2,1,,3,BLANC AVENUE ROSETTE,0,,2,2,0,2,1,540,4,, -1,1,0,1,70,16,8,1,66,66136,1,1,0,2,BLANC AVENUE ROSETTE,42.69942,2.91671,18,2,2
202100050086,112Â 210,A01,1,1,1,5,2,0,-1,-1, -1,-1,2021,17.0,2,1,0,2,1,2,1,,3,912,0,,2,2,0,1,0,0,1,, -1,1,0,1,50,26,2,1,92,92024,2,3,0,2,VICTOR HUGO (BD),48.90177,2.31746,17,3,2
202100050574,111Â 286,B01,1,1,2,5,8,0,-1,-1, -1,-1,2021,50.0,3,1,0,2,7,16,5,,4,CLEMENCEAU (BOULEVARD G.),0,,1,1,0,1,(1),(1),3,, -1,1,0,1,50,21,2,1,62,62193,2,6,0,3,CLEMENCEAU (BOULEVARD G.),50.954918,1.850343,14,2,2
202100039602,130Â 799,Z01,10,3,1,5,0,0,-1,2,3,1,2021,65.0,1,5,0,1,4,4,0,,4,RUE DES AMANDIERS,0,,1,1,3,1,(1),(1),1,, -1,2,0,6,50,17,5,1,75,75120,2,3,1,6,RUE DES AMANDIERS,48.866166,2.389691,11,2,1
202100007228,188Â 836,A01,1,1,1,1,2,8,-1,-1, -1,-1,2021,20.0,2,1,0,2,1,2,1,,4,BELGIQUE (RUE  DE ),0,,2,2,0,1,(1),(1),1,, -1,2,0,1,30,17,11,2,56,56121,2,3,0,2,BELGIQUE (RUE  DE ),47.75963,-3.3813,7,2,2
202100047403,117Â 038,A01,1,1,1,1,2,6,-1,-1, -1,-1,2021,27.0,2,1,0,2,1,11,1,,3,MEAUX (CHEMIN),0,,3,2,0,1,0,1,1,, -1,1,0,1,50,19,3,1,93,93049,2,1,0,3,MEAUX (CHEMIN),48.8616924912,2.5097945498,11,2,2
202100002637,197Â 066,B01,1,1,1,4,2,5,-1,0,0,-1,2021,28.0,1,1,0,2,8,3,1,,4,PORTE DE PANTIN,0,,1,4,0,1,26,400,1,, -1,1,0,1,70,16,12,5,75,75119,2,1,0,3,PORTE DE PANTIN,48.891777,2.395562,18,2,2
202100009495,184Â 738,B01,1,1,1,0,2,-1,-1,0,0,-1,2021,42.0,1,1,0,2,3,1,1,,3,26,-1,,2,2,0,1,(1),(1),1,, -1,2,5,1,-1,4,11,3,91,91204,1,1,1,1,D26,48.570956,2.401543,19,2,2
202100036541,136Â 399,B01,1,1,1,2,1,-1,-1,0,0,-1,2021,19.0,1,2,0,2,1,1,1,,3,26,0,,2,2,0,1,5,800,1,, -1,1,0,1,80,2,6,1,13,13089,1,3,0,3,D26,43.832669,4.988635,13,2,2
202100050105,112Â 176,B01,1,1,1,1,2,6,-1,0,0,-1,2021,37.0,2,1,0,0,1,1,1,,2,7,0,,2,2,0,1,72,635,1,, -1,1,0,1,50,23,2,1,26,26337,2,1,0,2,21 avenue du dauphinÃ©,44.703844,4.799411,8,2,2
202100001950,198Â 317,A01,1,1,1,5,1,-1,-1,0,0,-1,2021,50.0,1,2,0,0,7,1,1,,9,,-1,,2,2,0,2,(1),(1),2,,4,1,0,1,50,22,12,3,6,6094,1,1,0,7,Route de la Colle - sens Peone vers col de l'Espaul,44.110407,6.957275,22,1,1
202100046728,118Â 247,A01,1,1,1,0,8,0,-1,-1, -1,-1,2021,22.0,1,0,0,0,0,26,0,,4,FLORAINDRE ( RUE DE),0,,1,0,0,1,0,100,1,, -1,1,0,8,50,24,3,1,972,97213,2,1,0,7,FLORAINDRE ( RUE DE),14.61805,-61.00139,18,1,1
202100000728,200Â 408,C01,1,1,2,0,1,0,-1,-1, -1,-1,2021,32.0,1,2,0,2,1,23,1,,3,CARNOT (BOULEVARD),0,,2,2,0,1,17,720,1,, -1,1,0,1,50,28,12,1,78,78650,2,9,0,4,CARNOT (BOULEVARD),48.89385,2.13595,11,6,4
202100014991,174Â 910,A01,1,1,2,1,2,8,-1,-1, -1,-1,2021,46.0,3,1,0,0,0,26,3,,4,ROOSEVELT (DU PRESIDENT),0,,2,2,0,1,(1),(1),1,, -1,2,0,1,50,5,10,1,78,78551,2,3,1,7,ROOSEVELT (DU PRESIDENT),48.8995,2.0768,8,1,1
202100051931,108Â 881,A01,10,3,2,5,0,-1,-1,1,3,1,2021,41.0,1,2,0,1,2,1,1,,4,ALOUETTE (R DE L),0,,1,1,0,1,0,0,1,, -1,1,0,1,50,9,2,1,94,94067,2,9,0,1,ALOUETTE (R DE L),48.83825,2.41611,12,2,1
202100013820,176Â 991,A01,2,2,2,5,2,8,-1,-1, -1,-1,2021,21.0,2,1,0,2,3,18,1,,3,AV DE MORANGIS,0,,2,2,2,1,0,0,1,, -1,1,5,1,50,10,10,1,91,91027,2,2,0,3,AV DE MORANGIS,48.70579,2.36761,15,3,2
202100032685,143Â 344,B01,1,1,1,5,2,6,-1,-1, -1,-1,2021,28.0,2,1,0,2,1,1,1,,4,CAPELETTE (AVENUE DE LA),0,,2,2,0,1,0,0,1,, -1,1,0,1,50,22,6,5,13,13210,2,1,0,3,CAPELETTE (AVENUE DE LA),43.27987,5.40987,21,2,2
202100013324,177Â 931,A01,10,3,1,9,0,-1,-1,1,3,1,2021,40.0,1,2,0,1,1,11,1,,3,GENERAL LECLERC (AV),0,,1,2,0,1,1,0,1,, -1,1,0,1,50,14,10,1,94,94022,2,3,0,6,Avenue du GÃ©nÃ©ral Leclerc,48.76244,2.40662,17,2,1
202100032534,143Â 617,Y01,1,1,2,0,0,-1,-1,0,0,-1,2021,22.0,1,1,0,2,0,0,3,,3,LECLERC (AVENU DE LA DIVISION),0,,3,4,3,1,0,1,1,, -1,2,0,1,50,23,6,1,93,93013,2,1,1,1,Avenue de la Division Leclerc,48.9300077269,2.4207419157,9,2,2
202100043562,123Â 800,B01,1,1,1,4,2,6,-1,-1, -1,-1,2021,52.0,3,1,0,2,1,1,1,,4,R RENE ARCOS,0,,2,4,0,1,1,0,1,, -1,1,0,1,50,17,4,1,94,94028,2,2,0,3,Rue RenÃ© Arcos,48.77777,2.46179,12,2,2
202100013119,178Â 295,A01,2,2,2,0,2,0,-1,-1, -1,-1,2021,18.0,3,1,0,2,0,26,1,,4,LUXEMBOURG (AV DU),0,,1,1,0,1,1,0,1,, -1,1,9,8,15,15,10,5,94,94073,2,9,0,3,Avenue du Luxembourg,48.7563773797,2.3741412163,23,3,2
202100042134,126Â 314,B01,1,1,1,0,2,6,-1,0,0,-1,2021,68.0,3,1,0,0,4,23,1,,3,787,-1,D,2,2,0,1,(1),(1),1,, -1,1,8,1,70,29,4,1,22,22161,1,1,0,2,Lan Frost,48.579365,-3.142138,17,2,2
202100043479,123Â 942,A01,1,1,1,0,8,8,-1,-1, -1,-1,2021,27.0,2,1,0,2,3,2,1,,4,,0,,2,2,1,1,0,0,1,, -1,1,0,1,50,19,4,1,92,92051,2,2,0,3,"ROULE (AVENUE DU, NÂ° 29 A 91 ET 30 A 86)",48.8836205903,2.2725385662,13,2,2
202100009535,184Â 667,A01,10,3,2,5,0,-1,-1,2,1,1,2021,75.0,3,2,0,1,5,4,1,,3,2,-1,,2,2,0,1,(1),(1),1,, -1,1,0,1,50,4,11,1,38,38344,2,1,0,6,2 Rue des Arnaudes,45.374071,4.812635,15,2,1
202100025640,155Â 853,A01,10,3,1,0,0,-1,-1,4,5,2,2021,7.0,0,2,0,1,1,11,1,,3,BALLANGER (BD ROBERT),0,,2,2,0,1,0,1,1,, -1,1,0,1,50,4,8,1,93,93078,2,2,0,6,Boulevard Robert Ballanger / Avenue Emile Dambel,48.95759,2.54508,18,2,1
202100019076,167Â 545,B01,2,2,2,5,2,-1,-1,0,0,-1,2021,21.0,1,1,0,2,1,17,1,,2,1,0,,2,2,0,1,12,0,1,,7,1,0,1,80,14,9,3,973,97305,1,1,0,3,pk 12 - route nationale 1,4.919446,-52.382491,19,3,2
202100032341,143Â 950,A01,10,3,1,0,0,-1,-1,3,3,1,2021,39.0,3,2,0,1,2,1,1,,9,CHAPIT RE ( RUE DU),0,,1,1,3,1,0,0,1,, -1,1,9,1,30,25,6,1,93,93073,2,1,0,6,Rue dâAthenes,49.01071,2.55987,15,2,1
202100036231,136Â 923,A01,10,3,1,2,0,-1,-1,3,3,1,2021,9.0,1,2,0,1,5,1,1,,4,ANNEXION (RUE DE L'),0,,2,2,0,1,0,0,1,, -1,1,0,1,50,4,6,1,74,74012,2,1,0,6,ANNEXION (RUE DE L'),46.18593,6.23934,17,2,1
202100030549,147Â 152,A01,2,2,1,0,1,0,-1,-1, -1,-1,2021,30.0,3,2,0,2,2,13,1,,4,ARITXAGUE (BD D'),0,,2,3,0,1,0,0,1,, -1,1,0,1,70,4,7,5,64,64102,2,1,0,1,ARITXAGUE (BD D'),43.49028,-1.49341,3,4,2
202100043618,123Â 711,A01,1,1,1,5,2,8,-1,-1, -1,-1,2021,28.0,2,1,0,1,1,1,5,,4,ALERY (GRANDE RUE D'),0,,2,3,2,2,0,0,1,, -1,1,0,1,50,17,4,1,74,74093,2,1,0,6,ALERY (GRANDE RUE D'),45.89829,6.11176,13,2,1
202100030970,146Â 391,B01,2,2,2,0,1,0,-1,-1, -1,-1,2021,16.0,1,2,0,2,4,2,1,,1,BDL,0,,3,2,0,2,0,500,2,, -1,2,3,1,70,4,7,1,93,93027,1,1,1,2,Landy,48.9335256501,2.3841247558,11,3,2
202100025048,156Â 883,A01,2,2,1,5,1,-1,-1,0,0,-1,2021,17.0,3,2,2,0,2,1,1,,4,aucun,0, -,2,2,0,2,0,900,1,, -1,6,0,3,80,7,8,1,54,54238,1,1,0,7,Chemin communal,48.411257,6.234848,19,2,1
202100036331,136Â 751,A01,1,1,1,5,0,-1,-1,0,0,-1,2021,32.0,1,2,13,0,2,0,1,,3,42E2,0,D,2,2,0,2,2,185,2,, -1,2,0,3,80,22,5,1,24,24571,1,1,1,7,D42e2,45.022522,0.73132,18,1,1
202100044905,121Â 456,A01,1,1,1,1,8,0,-1,-1, -1,-1,2021,33.0,1,1,0,2,8,26,5,,2,JAURES (BOULEVARD JEAN),0,,2,7,1,2,(1),(1),1,, -1,1,0,1,70,6,4,1,974,97411,2,6,0,3,JAURES (BOULEVARD JEAN),-20.89335,55.4706,6,2,2
202100021166,163Â 828,B01,1,1,1,0,0,-1,-1,0,0,-1,2021,22.0,3,1,0,2,1,5,0,,4,0,0,A,1,1,0,1,(1),(1),2,, -1,1,0,1,20,3,9,1,971,97122,2,1,0,1,Pichon,16.420731,-61.472604,16,2,2
202100042336,125Â 949,A01,1,1,1,9,1,0,-1,-1, -1,-1,2021,50.0,3,2,0,2,8,13,1,,4,GROSS-UMSTADT (AVENUE DE),0,,2,2,0,1,(1),(1),1,, -1,1,0,1,50,27,4,1,7,7281,2,1,0,3,GROSS-UMSTADT (AVENUE DE),44.941858,4.861059,8,2,2
202100043022,124Â 773,B01,1,1,1,4,2,8,-1,-1, -1,-1,2021,29.0,1,1,0,2,1,1,1,,4,DOLET (RUE  ETIENNE ),0,,2,2,0,1,(1),(1),1,, -1,1,0,1,50,21,4,1,56,56098,2,3,0,3,DOLET (RUE  ETIENNE ),47.75737,-3.33693,20,2,2
202100051012,110Â 487,B01,4,2,2,0,1,0,-1,-1, -1,-1,2021,11.0,1,2,0,2,4,0,1,,1,AUTOROUTE A104,0,,3,6,0,1,3,500,2,, -1,2,0,1,90,19,2,1,93,93078,1,1,1,2,AUTOROUTE A104,48.95851,2.5269,13,3,2
202100022096,162Â 127,A01,1,1,1,0,8,0,-1,-1, -1,-1,2021,47.0,1,1,0,0,1,5,1,,7,MAGNAN (TRAVERSE),0,,1,1,0,1,0,0,1,, -1,1,0,1,50,28,8,5,13,13209,2,3,0,3,COL DE LA GINESTE D559,43.24734,5.40702,1,4,2
202100020969,164Â 186,A01,10,3,1,5,0,-1,-1,3,3,2,2021,62.0,1,2,0,1,1,1,1,,3,7,-1,,2,2,0,1,(1),(1),1,, -1,1,0,1,50,5,9,1,14,14562,2,1,0,6,Avenue du General Koenig,49.327472,-0.390824,10,2,1
202100008667,186Â 248,A01,1,1,1,4,1,0,-1,-1, -1,-1,2021,30.0,2,5,0,2,1,1,1,,2,RN 385,0,,1,2,0,1,53,619,1,, -1,1,0,1,90,10,11,4,92,92002,1,1,1,4,RN 385,48.7605399513,2.2840960846,20,4,3
202100044694,121Â 824,B01,2,2,1,0,1,-1,-1,-1, -1,-1,2021,79.0,1,2,0,2,2,1,1,,4,ANGLICANE (ALL.),0,,1,1,0,2,(1),(1),1,, -1,1,0,1,50,8,4,1,33,33009,2,2,0,3,AllÃ©e Anglicane,44.656408,-1.176387,14,4,2
202100000547,200Â 727,A01,10,3,2,1,0,-1,-1,1,3,1,2021,21.0,0,2,0,1,1,1,1,,4,,-1,,2,2,0,1,(1),(1),1,,5,1,0,1,-1,30,12,2,44,44041,1,1,0,6,Rue de l Enclose,47.100326,-1.60049,8,2,1
202100039101,131Â 740,A01,1,1,2,0,8,0,-1,0,0,-1,2021,24.0,3,2,1,0,1,1,1,,4,,0,,2,2,0,2,(1),(1),1,, -1,1,0,1,30,21,5,5,54,54395,2,1,0,6,ALIX-LE-CLERC (RUE),48.7018341209,6.1668893695,3,1,1
202100035773,137Â 766,A01,1,1,1,1,2,6,-1,-1, -1,-1,2021,34.0,1,1,0,2,7,17,1,,3,ARISTIDE BRIAND (BOULEVARD),0,,2,4,1,2,1,0,1,, -1,1,9,1,50,8,6,1,93,93048,2,1,0,3,Boulevard Aristide Briand,48.8754,2.4556,21,2,2
202100006184,190Â 763,A01,10,3,1,3,0,-1,-1,9,3,1,2021,76.0,2,2,0,1,4,20,1,,6,,0,,-1,0,0,1,(1),(1),1,,5,2,0,8,-1,12,11,2,50,50099,2,1,1,6,Route de Saint-CÃ´me,49.310036,-1.255108,17,2,1
202100017005,171Â 225,A01,1,1,1,1,2,6,-1,0,0,-1,2021,35.0,1,1,0,2,1,12,1,,4,PORTE DOREE,0,,1,4,0,1,33,600,1,, -1,1,0,1,70,24,9,1,75,75112,2,1,0,3,BD PERIPHERIQUE INTERIEUR,48.833191,2.406946,16,2,2
202100025522,156Â 049,B01,1,1,2,0,1,-1,-1,0,0,-1,2021,29.0,1,2,0,2,8,1,1,,3,126,0,,2,2,0,1,5,210,1,, -1,1,0,1,80,30,7,1,26,26005,1,3,0,5,Route de Malataverne,44.484416,4.777454,18,3,3
202100022567,161Â 285,A01,1,1,2,0,1,-1,-1,-1, -1,-1,2021,67.0,1,5,0,2,1,2,1,,1,ROCADE A 630,0,,3,6,0,1,7,755,1,, -1,1,0,1,90,26,8,1,33,33075,1,1,0,2,ROCADE A 630,44.88916,-0.59775,17,3,2
202100037168,135Â 248,A01,1,1,1,5,2,6,-1,-1, -1,-1,2021,33.0,1,1,0,2,8,1,1,,4,JEAN VALLIER                        (R ),0,,2,2,0,1,(1),(1),1,, -1,1,0,1,50,31,5,1,69,69387,2,2,0,3,JEAN VALLIER (R),45.73285,4.83751,18,3,2
202100054319,104Â 667,A01,4,2,2,0,1,8,-1,-1, -1,-1,2021,74.0,1,2,0,2,2,13,1,,4,MEUNIER-VIAL FRANCOIS  R,0,,2,4,1,1,(1),(1),1,, -1,1,5,1,50,20,1,2,69,69264,2,3,0,3,MEUNIER-VIAL FRANCOIS  (R),45.99495,4.73408,17,4,2
202100021327,163Â 531,A01,1,1,1,1,0,-1,-1,0,0,-1,2021,60.0,1,2,13,0,2,1,1,,3,94,-1,,2,2,0,2,30,135,3,, -1,2,0,3,80,3,9,1,81,81161,1,1,0,6,D94,43.871949,2.495034,17,1,1
202100009598,184Â 551,A01,1,1,1,1,2,6,-1,-1, -1,-1,2021,44.0,1,1,0,0,8,0,1,,4,A631,0,,3,6,0,1,(1),(1),1,, -1,2,0,1,70,3,11,1,33,33039,1,1,1,7,A631,44.81438,-0.53511,8,1,1
202100020234,165Â 467,B01,1,1,1,0,2,6,-1,-1, -1,-1,2021,24.0,1,1,0,2,2,16,1,,4,GORDINI ( RUE AMEDEE),0,,1,4,0,1,0,0,2,, -1,1,5,1,50,6,9,1,87,87085,2,6,0,3,GORDINI ( RUE AMEDEE),45.894,1.28107,18,2,2
202100022678,161Â 081,C01,1,1,1,0,8,0,-1,-1, -1,-1,2021,23.0,1,1,0,9,8,2,1,,2,RN 385 INT,0,,3,3,0,1,56,299,1,, -1,1,0,1,90,25,8,1,91,91645,1,1,0,4,RN 385 INT,48.759786,2.268938,17,4,4
202100004508,193Â 714,B01,1,1,1,0,1,-1,-1,-1, -1,-1,2021,41.0,0,2,0,0,4,2,1,,4,VIENNE (DE)                         (RO),0,,2,2,3,1,(1),(1),1,, -1,2,0,1,50,5,12,1,69,69259,2,1,0,2,VIENNE (DE) (RTE),45.7261302064,4.8539829254,14,2,2
202100051743,109Â 207,A01,1,1,1,1,1,-1,-1,0,0,-1,2021,42.0,1,2,2,0,1,14,1,,2,88,0,,2,2,0,1,26,940,2,, -1,2,0,3,80,12,2,3,12,12026,1,1,1,6,N88,44.389904,2.795473,19,1,1
202100054737,103Â 952,A01,10,3,2,0,0,-1,-1,3,3,1,2021,53.0,2,2,0,1,1,1,1,,4,,-1,,2,2,0,1,(1),(1),1,, -1,1,6,8,50,18,1,1,84,84054,2,1,0,1,471 Cours Emile Zola,43.91928,5.041727,9,2,1
202100055710,102Â 282,B01,1,1,2,0,1,5,-1,0,0,-1,2021,34.0,1,2,0,2,3,0,1,,7,512,-1,D,2,2,0,2,28,410,1,, -1,7,0,1,80,9,1,1,38,38471,1,1,0,1,D512,45.25261,5.767114,15,3,2
202100018749,168Â 128,B01,1,1,1,9,8,-1,-1,-1, -1,-1,2021,29.0,2,1,0,2,7,1,5,,4,MICHEL DUPEUPLE    (Rue),0,,2,2,0,1,(1),(1),1,, -1,1,0,1,50,15,9,1,69,69266,2,6,0,3,MICHEL DUPEUPLE (R),45.77492,4.8885,12,2,2
202100016425,172Â 277,A01,1,1,2,9,1,-1,-1,-1, -1,-1,2021,40.0,1,2,0,2,1,2,1,,1,ROCADE A 630,0,,3,4,0,1,6,820,1,, -1,1,0,1,90,28,9,1,33,33075,1,1,0,2,ROCADE A 630,44.88803,-0.58121,8,2,2
202100017754,169Â 888,B01,1,1,2,1,0,-1,-1,0,0,-1,2021,52.0,3,1,0,2,3,1,5,,7,1075,-1,,3,4,1,1,(1),(1),1,, -1,1,0,5,50,7,9,1,38,38317,2,1,0,3,96 Cours Saint - AndrÃ©,45.138511,5.702575,18,2,2
202100014739,175Â 362,A01,1,1,1,9,1,0,-1,-1, -1,-1,2021,32.0,2,4,0,0,0,26,1,,1,A12 W,0,,-1,5,0,1,4,99,1,, -1,1,0,1,110,6,10,1,78,78545,1,1,0,2,A12 W,48.815469,2.061694,17,2,2
202100001689,198Â 773,A01,1,1,1,0,1,0,-1,-1, -1,-1,2021,21.0,1,1,0,2,1,17,0,,4,DU CENTRE(CHEMIN),0,,2,2,0,1,0,0,1,, -1,1,0,1,50,21,12,5,974,97409,2,1,0,3,DU CENTRE(CHEMIN),-20.9484,55.65773,20,2,2
202100051266,110Â 042,Z01,10,3,1,1,0,-1,-1,3,3,1,2021,50.0,1,2,0,1,1,16,1,,7,SEYNE (ROUTE DE LA),0,,2,1,0,1,0,450,3,, -1,1,5,1,50,15,2,1,83,83090,2,1,0,6,SEYNE (ROUTE DE LA),43.123427,5.84748,7,2,1
202100000479,200Â 849,A01,1,1,1,9,2,6,-1,-1, -1,-1,2021,17.0,2,1,0,2,1,17,1,,4,COLI (RUE),0,,2,2,0,1,(1),(1),1,, -1,1,0,1,50,24,2,1,19,19031,2,3,0,3,COLI (RUE),45.16195,1.55325,14,2,2
202100038471,132Â 881,A01,10,3,2,5,0,-1,-1,3,3,1,2021,81.0,2,2,0,1,1,19,0,,4,12,0,,2,2,0,1,(1),(1),1,, -1,1,0,1,50,25,5,1,31,31395,2,1,0,6,1 AllÃ©es Niel,43.459108,1.326162,11,2,1
202100026487,154Â 353,B01,1,1,2,3,2,6,-1,0,0,-1,2021,28.0,3,1,0,2,4,1,1,,7,GRASSE AVENUE DE,0,,2,2,0,1,(1),(1),1,, -1,1,0,1,50,29,7,1,6,6027,2,1,0,2,GRASSE AVENUE DE,43.66035,7.13038,17,2,2
202100022615,161Â 191,A01,1,1,1,0,2,0,-1,0,0,-1,2021,55.0,1,1,0,0,1,19,1,,4,MICHELIN (AVENUE EDOUARD),0,,1,2,0,1,(1),(1),1,, -1,1,0,1,50,24,8,5,63,63113,2,2,0,7,MICHELIN (AVENUE EDOUARD),45.78128,3.10433,22,1,1
202100043542,123Â 832,A01,1,1,1,0,2,-1,-1,-1, -1,-1,2021,32.0,1,1,0,2,1,1,1,,4,AVE DU TAILLAN-MEDOC,0,,2,2,2,1,(1),(1),1,, -1,1,0,1,50,18,4,1,33,33162,2,2,0,3,Avenue du Taillan-MÃ©doc,44.88323,-0.65503,19,2,2
202100056405,101Â 078,A01,1,1,1,9,1,8,-1,-1, -1,-1,2021,72.0,2,2,14,0,1,26,1,,7,RUE FÃLIX ESCLANGON,0,,2,2,0,1,62,250,1,, -1,2,0,1,50,2,1,5,38,38185,2,2,1,6,Rue FÃ©lix Esclangon,45.1932,5.70875,0,1,1
202100036091,137Â 168,A01,1,1,1,5,2,6,-1,0,0,-1,2021,25.0,1,1,0,2,1,3,1,,4,PORTE D IVRY,0,,1,4,0,1,1,600,1,, -1,1,0,1,70,6,6,1,75,75113,2,1,0,3,PORTE D IVRY,48.819197,2.371793,19,2,2
202100049506,113Â 262,B01,1,1,1,5,2,0,-1,0,0,-1,2021,80.0,1,1,0,2,6,1,5,,3,GUINGAMP (ROUTE DE),0,,2,2,0,1,1,0,1,, -1,1,0,1,50,1,3,1,22,22113,2,1,0,2,GUINGAMP (ROUTE DE),48.724299,-3.435497,15,2,2
202100035739,137Â 828,B01,1,1,1,0,1,0,-1,-1, -1,-1,2021,67.0,2,2,0,2,3,1,1,,3,GARIGLIANO -PONT DU-,0,,2,2,0,1,5,0,1,, -1,1,0,1,80,8,6,1,11,11069,1,1,0,4,GARIGLIANO -PONT DU-,43.2035178866,2.334240675,18,3,3
202100001027,199Â 929,A01,1,1,1,0,2,-1,-1,-1, -1,-1,2021,22.0,2,1,16,0,-1,1,1,,3,ARCACHON (BD D'),0,,2,2,0,1,0,50,1,, -1,2,0,1,50,28,12,5,33,33529,2,1,0,7,,44.634176,-1.168974,21,1,1
202100055011,103Â 477,C01,1,1,1,0,1,0,-1,-1, -1,-1,2021,31.0,2,2,0,2,0,0,1,,3,ROUTE DEPARTEMENTALE 3,0,,2,2,0,1,5,990,1,, -1,1,0,1,80,13,1,3,972,97213,1,1,0,5,ROUTE DEPARTEMENTALE 3,14.64514,-60.9909,19,4,4
202100043331,124Â 209,A01,10,3,2,5,0,-1,-1,3,3,1,2021,63.0,3,1,0,1,0,1,5,,4,PLACE VICTOR HUGO,0,,2,2,0,1,(1),(1),1,, -1,1,0,1,30,20,4,1,38,38185,2,3,0,6,Place Victor Hugo,45.18964,5.72483,11,2,1
202100007356,188Â 604,A01,1,1,1,5,1,0,-1,-1, -1,-1,2021,36.0,2,2,1,0,6,24,1,,3,GAULLE(CARREFOUR CHARLES DE),0,,-1,2,0,1,1,0,1,, -1,2,0,1,30,17,11,1,94,94011,2,1,1,2,Carrefour du-GÃ©nÃ©ral-de-Gaulle,48.768216,2.487535,14,3,2
202100016598,171Â 966,B01,1,1,2,1,2,9,-1,0,0,-1,2021,52.0,1,1,0,2,1,1,1,,3,558,0,,2,2,0,2,23,800,3,, -1,1,0,1,70,28,9,3,83,83068,1,1,0,1,Route Departementale 558,43.2895532935,6.4943835189,4,2,2
202100040125,129Â 880,A01,1,1,1,5,2,6,-1,0,0,-1,2021,28.0,2,1,0,2,8,20,1,,3,306,0,D,2,1,1,1,24,500,1,, -1,1,0,1,50,13,5,1,72,72154,2,1,0,3,Avenue Rhin et Danube,47.700791,-0.089913,18,2,2
202100047834,116Â 256,B01,1,1,2,1,1,0,-1,-1, -1,-1,2021,57.0,3,2,1,2,1,15,1,,3,AV DE PARIS,0,,2,2,1,1,1,0,1,, -1,2,0,1,50,16,3,5,94,94080,2,2,1,3,PARIS (AV DE),48.84528,2.43157,19,5,2
202100035606,138Â 075,A01,10,3,2,3,0,-1,-1,8,3,2,2021,88.0,3,2,0,1,1,15,1,,9,,-1,,-1,2,0,1,(1),(1),1,,4,1,9,1,30,9,6,1,44,44010,2,9,0,6,Rue de Cornen,47.272849,-2.442532,10,2,1
202100048569,114Â 936,B01,1,1,1,5,2,0,-1,0,0,-1,2021,30.0,2,1,0,2,1,1,1,,4,AVENUE DE CHOISY,0,,2,3,0,1,(1),(1),1,, -1,2,0,1,50,10,3,1,75,75113,2,1,1,3,AVENUE DE CHOISY,48.826638,2.359542,17,2,2
202100008510,186Â 524,B01,1,1,1,0,1,0,-1,-1, -1,-1,2021,52.0,-1,2,0,2,4,2,1,,3,WINSTON CHURCHILL AVENUE,0,,2,2,0,2,0,1,1,, -1,1,0,1,50,10,11,2,93,93046,2,1,0,2,WINSTON CHURCHILL AVENUE,48.9145,2.5353,17,2,2
202100051899,108Â 935,A01,10,3,1,0,0,-1,-1,2,3,1,2021,17.0,1,2,0,1,3,26,1,,7,769,0,,2,2,0,1,(1),(1),1,, -1,1,0,1,50,1,2,5,63,63019,2,1,0,6,GAGARINE (RUE YOURI),45.79164,3.16319,18,2,1
202100013505,177Â 588,B01,1,1,1,2,8,0,-1,-1, -1,-1,2021,16.0,1,1,0,2,5,1,3,,4,SANTOS-DUMONT,0,,2,2,0,1,0,0,1,, -1,1,0,1,50,13,10,1,64,64335,2,6,0,3,Avenue Santos Dumont,43.3206246391,-0.4232686758,17,2,2