Num_Acc,id_vehicule,num_veh,place,catu,sexe,trajet,secu1,secu2,secu3,locp,actp,etatp,year_acc,victim_age,senc,catv,obs,obsm,choc,manv,motor,occutc,catr,voie,v1,v2,circ,nbv,vosp,prof,pr,pr1,plan,lartpc,larrout,surf,infra,situ,vma,jour,mois,lum,dep,com,agg_,int,atm,col,adr,lat,long,hour,nb_victim,nb_vehicules
202100019092,167Â 517,B01,1,1,2,0,1,-1,-1,0,0,-1,2021,26.0,2,2,0,2,1,1,1,,3,,-1,,2,1,0,2,(1),(1),1,,3,1,0,1,50,13,9,2,14,14344,2,2,0,3,D231,49.158864,-0.162263,19,3,2
202100048168,115Â 648,B01,1,1,1,4,2,6,-1,-1, -1,-1,2021,17.0,1,1,0,2,3,15,1,,3,CLEMENCEAU GEORGES AVENUE NÂ° PAIR,0,,2,6,1,1,0,0,1,, -1,1,0,1,50,25,3,5,92,92050,2,1,0,3,CLEMENCEAU GEORGES AVENUE NÂ° PAIR,48.8866557137,2.2063690424,20,2,2
202100036348,136Â 727,B01,1,1,1,0,8,-1,-1,0,0,-1,2021,33.0,1,2,0,2,1,21,1,,3,137,0,,2,2,0,2,32,730,1,, -1,1,0,1,90,5,6,1,17,17354,1,1,0,1,Route dÃ©partementale 137,45.618465,-0.566075,13,2,2
202100044674,121Â 858,B01,1,1,1,0,1,0,-1,0,0,-1,2021,20.0,1,2,0,2,1,1,1,,7,BEAULIEU (CHEMIN DE),0,,2,2,0,1,(1),(1),1,, -1,1,0,1,50,7,4,1,63,63113,2,2,0,3,BEAULIEU (CHEMIN DE),45.76784,3.1475,10,2,2
202100047131,117Â 521,A01,1,1,1,0,2,0,-1,-1, -1,-1,2021,21.0,2,1,0,2,1,26,0,,4,GOUDES (CHEMIN DES),0,,2,2,0,1,(1),(1),1,, -1,1,0,1,50,21,3,1,13,13208,2,1,0,1,GOUDES (CHEMIN DES),43.226052,5.348336,17,3,2
202100009187,185Â 287,B01,2,2,2,0,1,0,-1,-1, -1,-1,2021,20.0,2,2,0,2,9,2,1,,1,AUTOROUTE A1,0,,3,6,0,1,33,500,1,, -1,1,0,1,110,6,11,1,60,60494,1,1,0,4,AUTOROUTE A1,49.130233693,2.5591578482,10,7,5
202100042393,125Â 853,B01,1,1,1,5,2,-1,-1,0,0,-1,2021,45.0,3,1,0,2,1,1,1,,3,09,0,D,-1,2,0,1,5,510,1,, -1,1,5,1,50,26,4,1,6,6108,2,6,0,3,1242 Avenue de la Republique,43.581888,6.944052,11,2,2
202100043480,123Â 941,B01,1,1,2,9,1,8,-1,-1, -1,-1,2021,32.0,2,2,0,2,3,9,1,,3,913,0,,1,2,2,1,0,0,2,, -1,1,0,1,50,17,4,1,92,92050,2,6,0,3,BOULE PLACE DE LA,48.8872359859,2.2006445378,18,2,2
202100022083,162Â 150,A01,1,1,1,9,2,6,-1,-1, -1,-1,2021,16.0,1,1,0,2,1,1,1,,4,BRIAND (CRS ARISTIDE) (5-35) IMPAIRS,0,,2,3,3,1,(1),(1),1,, -1,1,0,1,50,28,8,1,33,33063,2,2,0,3,Cours Aristide Briand,44.831845,-0.5773,10,2,2
202100017974,169Â 496,B01,1,1,1,0,1,0,-1,-1, -1,-1,2021,31.0,2,4,0,2,9,1,1,,1,A104,0,,3,2,0,1,16,800,1,, -1,1,0,1,90,20,9,1,77,77363,1,1,0,2,A104,48.924874,2.629479,8,3,3
202100033314,142Â 221,B01,1,1,1,1,1,-1,-1,-1, -1,-1,2021,32.0,2,2,0,2,1,9,1,,3,VALLEE DE LA BIEVRES (VOIE DE LA),0,,1,1,1,1,0,0,1,, -1,1,0,8,50,14,6,1,91,91645,2,1,1,1,VALLEE DE LA BIEVRES (VOIE DE LA),48.73812,2.25529,8,2,2
202100044795,121Â 640,A01,1,1,1,0,1,0,-1,-1, -1,-1,2021,76.0,3,2,0,1,2,26,1,,3,Secteur Pont de la Gabarre,0,,3,2,0,1,0,0,1,, -1,1,0,1,50,7,4,1,971,97120,2,1,0,6,Secteur Pont de la Gabarre,16.24869,-61.53825,9,1,1
202100044947,121Â 389,B01,1,1,1,9,1,0,-1,-1, -1,-1,2021,20.0,3,2,0,2,5,15,1,,4,CHURCHILL (BOULEVARD WINSTON),0,,3,4,0,1,(1),(1),1,, -1,1,5,1,50,5,4,5,37,37261,2,3,0,3,CHURCHILL (BOULEVARD WINSTON),47.3732849734,0.6869713962,1,2,2
202100024840,157Â 255,A01,1,1,1,0,1,0,-1,-1, -1,-1,2021,71.0,2,1,3,0,1,2,1,,1,AUTOROUTE A3,0,,3,6,0,1,12,300,1,, -1,2,0,1,110,10,8,1,93,93005,1,1,1,6,AUTOROUTE A3,48.94472,2.47699,7,1,1
202100036612,136Â 264,B01,1,1,1,0,8,0,-1,-1, -1,-1,2021,63.0,1,0,0,2,0,1,3,,4,COURS JOHN KENNEDY,0,,2,2,2,1,(1),0,1,, -1,2,0,1,30,3,6,1,44,44109,2,1,0,3,COURS JOHN KENNEDY,47.21531,-1.54779,11,2,2
202100048962,114Â 231,A01,10,3,1,9,0,-1,-1,4,3,1,2021,59.0,1,2,0,1,2,7,1,,4,RUE SAINT LAZARE,0,,1,4,3,1,(1),(1),1,, -1,1,-1,6,50,5,3,1,75,75109,2,2,0,6,RUE SAINT LAZARE,48.8761585131,2.3311095468,15,2,1
202100026823,153Â 776,A01,1,1,1,0,2,8,-1,-1, -1,-1,2021,52.0,3,1,0,2,1,1,1,,4,AEROPORT INTERNATIONAL (BOULEVARD DE L'),0,,1,3,0,2,(1),(1),1,, -1,1,0,1,50,26,7,1,34,34172,2,9,0,3,AEROPORT INTERNATIONAL (BOULEVARD DE L'),43.6088157965,3.8947349371,14,2,2
202100037074,135Â 432,B01,1,1,1,1,1,0,-1,-1, -1,-1,2021,46.0,1,2,0,2,6,1,1,,2,13,0,,3,3,1,1,0,0,1,, -1,1,0,1,50,1,6,1,92,92051,2,1,0,2,"CHARLES DE GAULLE (AVENUE, NÂ° 18 A 116)",48.88189,2.26872,20,2,2
202100009041,185Â 548,B01,1,1,2,5,1,0,-1,-1, -1,-1,2021,24.0,1,2,1,0,1,1,1,,1,A51-Sens Marseille vers Aix en Provence,0,,-1,3,0,1,4,500,1,, -1,1,0,1,90,2,11,3,13,13019,1,1,0,2,A51-Sens Marseille vers Aix en Provence,43.424343,5.375447,19,4,3
202100047639,116Â 600,A01,1,1,1,0,1,0,-1,-1, -1,-1,2021,33.0,3,2,0,2,6,13,1,,4,SAINT ANTOINE A SAINT JOSEPH (CHEMIN DE),0,,2,2,0,1,(1),(1),1,, -1,1,0,8,50,15,3,1,13,13215,2,1,0,3,SAINT ANTOINE A SAINT JOSEPH (CHEMIN DE),43.359266,5.365013,14,3,2
202100011653,180Â 894,A01,1,1,1,5,8,0,-1,-1, -1,-1,2021,76.0,2,2,0,2,0,26,1,,3,CHOISY.(AVENUE DE),0,,-1,1,0,1,1,0,1,, -1,1,9,8,50,8,10,1,94,94011,2,9,0,3,Avenue de Choisy,48.77122,2.47744,13,2,2
202100039463,131Â 067,B01,1,1,2,0,1,-1,-1,-1, -1,-1,2021,52.0,2,2,0,2,4,0,1,,4,SCHLOESING (BOULEVARD),0,,2,6,3,1,(1),(1),1,, -1,2,0,1,50,18,5,1,13,13208,2,1,1,2,SCHLOESING (BOULEVARD),43.2739817041,5.4001807669,18,2,2
202100001819,198Â 548,A01,1,1,1,5,1,-1,-1,-1, -1,-1,2021,81.0,1,2,3,0,1,14,1,,1,A50,0,,3,7,0,1,63,500,1,, -1,1,3,1,90,21,12,3,83,83126,1,1,0,6,A50,43.1201,5.84993,19,1,1
202100055368,102Â 870,A01,10,3,1,0,0,-1,-1,4,3,1,2021,56.0,1,1,0,1,1,1,1,,3,ARISTIDE BRIAND (AV),0,,3,4,0,1,1,0,1,, -1,2,0,1,50,12,1,1,94,94003,2,3,1,6,ARISTIDE BRIAND (AV),48.80576,2.32567,12,2,1
202100000780,200Â 320,A01,1,1,1,9,8,0,-1,0,0,-1,2021,46.0,2,1,0,2,1,1,5,,4,AVENUE CORENTIN CARIOU,0,,1,3,1,1,(1),(1),1,, -1,1,0,1,30,31,12,1,75,75119,2,2,0,3,AVENUE CORENTIN CARIOU,48.898194,2.386009,10,3,2
202100037031,135Â 507,B01,1,1,1,4,2,6,-1,0,0,-1,2021,25.0,1,1,0,2,1,1,1,,4,RIQUIER (BD DE),0,,1,3,3,1,(1),(1),1,, -1,1,8,1,50,1,6,5,6,6088,2,2,0,3,RIQUIER (BD DE),43.70216,7.28875,22,2,2
202100025702,155Â 745,A01,1,1,1,9,1,0,-1,-1, -1,-1,2021,31.0,1,2,0,2,1,1,1,,1,A4,0,,1,4,0,1,13,899,1,, -1,2,0,1,90,3,8,3,93,93051,1,1,1,2,A4,48.8356,2.563,4,2,2
202100028235,151Â 222,A01,2,2,2,5,1,-1,-1,0,0,-1,2021,25.0,1,2,0,2,2,14,1,,1,10,-1,,3,2,0,1,321,0,1,,"10,5",1,0,1,130,19,7,1,86,86083,1,1,0,2,A10,46.507657,0.181364,12,3,2
202100001137,199Â 737,A01,1,1,2,0,1,0,-1,-1, -1,-1,2021,21.0,2,2,0,9,1,1,1,,2,RN 104,0,,1,3,0,1,40,799,1,, -1,2,9,1,90,28,12,3,91,91521,1,1,0,7,RN 104,48.63154,2.40036,0,1,1
202100031619,145Â 237,A01,10,3,1,0,0,-1,-1,3,3,1,2021,26.0,2,2,0,1,1,1,1,,3,FABIEN (BOULEVARD DU COLONEL),0,,2,2,0,1,0,0,1,, -1,1,9,1,50,30,6,1,92,92046,2,2,0,6,FABIEN (BOULEVARD DU COLONEL),48.812821,2.279673,18,2,1
202100026503,154Â 326,B01,1,1,2,1,8,0,-1,0,0,-1,2021,26.0,2,1,0,2,1,1,5,,4,BOULEVARD DE BONNE NOUVELLE,0,,2,5,0,1,(1),(1),1,, -1,1,0,1,50,28,7,1,75,75102,2,3,0,3,BOULEVARD DE BONNE NOUVELLE,48.870151,2.350481,18,2,2
202100021677,162Â 886,A01,10,3,1,5,0,-1,-1,8,1,3,2021,63.0,3,1,0,1,0,26,1,,4,,-1,,2,2,0,1,(1),(1),1,, -1,1,6,1,-1,1,9,1,95,95487,2,1,0,6,Avenue Paul Vaillant Couturier,49.151280844,2.2713053226,14,2,1
202100009878,184Â 047,A01,1,1,1,9,2,8,-1,0,0,-1,2021,35.0,1,1,0,2,1,3,1,,1,A13Y,0,,1,4,0,1,0,700,1,, -1,1,0,1,70,2,11,5,75,75116,1,1,0,3,A13Y,48.848391,2.247297,17,2,2
202100034854,139Â 409,A01,1,1,1,5,1,-1,-1,0,0,-1,2021,36.0,1,2,0,2,1,0,1,,3,619,-1,,2,3,0,1,15,913,1,, -1,1,0,1,90,12,6,3,10,10114,1,1,0,1,D619,48.511331,3.614674,22,5,2
202100043080,124Â 670,A01,2,2,1,5,1,-1,-1,0,0,-1,2021,16.0,3,2,10,0,0,1,1,,4,,-1,,2,2,0,4,(1),(1),4,,"3,5",1,2,3,80,23,4,3,47,47230,1,1,0,6,Peyrepont,44.4499,0.860168,2,2,1
202100032092,144Â 386,B01,1,1,1,5,2,0,-1,-1, -1,-1,2021,25.0,1,1,0,0,4,1,1,,3,SCHWEISGUTH (RUE DU GENERAL),0,,3,2,0,1,15,410,1,, -1,1,9,1,50,26,6,1,78,78015,2,1,0,2,SCHWEISGUTH (RUE DU GENERAL),48.99,2.068,21,4,2
202100018621,168Â 353,B01,1,1,1,5,2,6,-1,-1, -1,-1,2021,26.0,1,1,0,2,5,2,1,,3,PARC (RUE DU),0,,1,1,1,3,0,0,1,, -1,1,2,1,50,16,9,1,93,93053,2,1,0,2,PARC (RUE DU),48.89639,2.44309,16,2,2
202100031298,145Â 794,A01,1,1,1,1,2,6,-1,0,0,-1,2021,47.0,1,1,0,2,5,17,1,,4,RUE LOUIS ARMAND,0,,2,2,0,1,(1),(1),1,, -1,1,0,1,50,1,7,1,75,75115,2,4,0,3,RUE LOUIS ARMAND,48.833358,2.277176,18,2,2
202100020321,165Â 313,A01,1,1,1,5,8,0,-1,-1, -1,-1,2021,27.0,2,1,0,2,1,25,3,,4,MERCIER (AVENUE AMEDEE DU 1AU 54),0,,2,2,2,1,(1),(1),1,, -1,1,0,4,50,6,9,1,1,1053,2,1,0,3,MERCIER (AVENUE AMEDEE DU 1AU 54),46.2042,5.24072,12,2,2
202100002976,196Â 454,A01,10,3,2,2,0,-1,-1,3,3,1,2021,14.0,2,2,0,1,1,15,2,,4,R PAUL ELUARD ,0,,1,1,1,1,1,0,1,, -1,1,0,1,30,14,12,5,94,94018,2,2,0,6,Rue Paul Eluard,48.819889,2.410204,17,2,1
202100012309,179Â 731,B01,1,1,1,1,2,6,-1,0,0,-1,2021,51.0,2,1,0,2,1,1,1,,3,20,-1,D,2,2,0,1,1,877,1,,4,1,0,1,80,14,10,1,31,31232,1,3,1,1,D 20,43.7704,1.333846,19,2,2
202100019447,166Â 876,B01,1,1,2,0,1,0,-1,-1, -1,-1,2021,22.0,2,2,0,2,4,2,1,,1,AUTOROUTE A3,0,,3,8,0,1,9,0,1,, -1,1,0,1,90,12,9,1,93,93010,1,1,0,2,AUTOROUTE A3,48.91602,2.4778,13,3,3
202100033702,141Â 522,A01,1,1,1,5,1,-1,-1,0,0,-1,2021,24.0,2,2,13,0,0,1,1,,3,411,0,,2,2,0,1,3,734,1,, -1,1,0,3,70,19,6,2,77,77341,1,1,0,7,23 Route de l EspÃ©rance,48.444917,3.354669,5,1,1
202100012782,178Â 875,A01,1,1,2,5,1,0,-1,-1, -1,-1,2021,21.0,1,2,0,2,4,2,1,,1,A507 sens Aubagne- Marseille,0,,1,2,0,1,3,599,1,, -1,1,0,1,70,16,10,1,13,13055,1,1,0,2,A507 sens Aubagne- Marseille,43.32981,5.41235,15,3,2
202100033524,141Â 847,B01,1,1,1,1,1,4,-1,-1, -1,-1,2021,30.0,2,2,0,2,4,1,1,,1,A86 EXT,0,,3,3,0,1,42,299,1,, -1,1,0,1,90,18,6,1,94,94022,1,1,0,6,A86 EXT,48.7766211418,2.4180461375,20,2,2
202100011398,181Â 347,B01,1,1,2,5,2,8,-1,-1, -1,-1,2021,48.0,1,1,0,2,1,1,1,,4,PARADIS (RUE),0,,1,2,0,2,0,0,1,, -1,1,0,1,50,23,10,1,13,13206,2,3,0,3,PARADIS (RUE),43.289219352,5.3785322261,13,2,2
202100049366,113Â 522,B01,4,2,1,0,3,0,-1,-1, -1,-1,2021,4.0,1,2,0,2,4,1,1,,4,RECTEUR PINEAU (AVENUE),0,,2,2,0,1,(1),(1),1,, -1,1,0,1,50,2,3,1,86,86194,2,1,0,4,Avenue du Recteur Pineau,46.57136,0.373214,16,7,5
202100016517,172Â 102,A01,1,1,1,1,8,0,-1,-1, -1,-1,2021,20.0,2,1,0,2,1,1,3,,3,DIJON (RUE DE),0,,2,2,0,1,(1),(1),1,, -1,1,0,1,50,27,9,1,10,10343,2,2,0,3,DIJON (RUE DE),48.26714,4.08963,12,2,2
202100019938,165Â 994,A01,1,1,1,5,1,5,-1,0,0,-1,2021,24.0,2,2,0,2,1,13,1,,3,777,-1,,2,2,0,1,69,235,1,, -1,1,0,1,80,23,5,1,35,35219,1,1,0,1,La Chesnais,47.807804,-1.96154,17,2,2
202100033393,142Â 077,A01,10,3,2,3,0,-1,-1,4,3,1,2021,74.0,1,2,0,1,3,15,1,,4,PAUL VERLAINE       (Rue),0,,2,2,0,1,(1),(1),1,, -1,1,5,1,50,19,6,1,69,69266,2,2,0,6,PAUL VERLAINE (R),45.7682810991,4.880210638,10,2,1
202100023043,160Â 432,C01,1,1,2,1,1,8,-1,0,0,-1,2021,28.0,1,2,0,2,4,1,1,,3,MARECHAL JOFFRE  (RUE DU),0,,2,2,0,2,31,710,1,, -1,1,0,1,50,2,8,1,71,71309,2,1,0,4,24 Rue Marechal Joffre,46.7895110016,4.4049049778,8,3,3
202100022887,160Â 710,B01,1,1,2,0,8,0,-1,-1, -1,-1,2021,51.0,2,2,0,2,2,1,1,,1,AUTOROUTE A86,0,,3,8,0,2,15,399,3,, -1,1,2,1,90,23,8,3,93,93001,1,1,0,3,AUTOROUTE A86,48.92181,2.37701,20,2,2
202100010639,182Â 722,A01,2,2,1,4,1,-1,-1,0,0,-1,2021,23.0,3,2,0,2,5,10,1,,3,28,-1,,2,2,0,2,(1),(1),1,, -1,1,0,1,80,28,10,1,13,13066,1,1,0,3,D28,43.886498,4.890411,17,3,2
202100001356,199Â 338,A01,1,1,2,1,1,-1,-1,-1,0,-1,2021,20.0,2,2,4,0,2,14,1,,1,AUTOROUTE A3,0,,1,2,0,1,17,799,1,, -1,2,0,2,90,25,12,3,95,95527,1,1,1,6,AUTOROUTE A3,48.9854650074,2.5034236908,20,1,1
202100003946,194Â 691,B01,1,1,1,4,8,0,-1,-1, -1,-1,2021,23.0,2,4,1,0,2,1,1,,1,A104,0,,3,3,0,1,8,100,1,, -1,1,0,1,90,9,12,3,77,77294,1,1,0,2,A104,48.970396,2.570474,4,2,2
202100018216,169Â 043,B01,1,1,1,0,2,-1,-1,0,0,-1,2021,29.0,1,1,0,0,4,0,1,,2,1,-1,,3,3,0,1,27,700,1,,10,1,0,1,-1,19,9,3,974,97415,2,1,0,2,N1,-21.032516,55.251768,1,3,3
202100050818,110Â 845,B01,1,1,1,5,0,-1,-1,0,0,-1,2021,31.0,2,0,0,0,4,13,3,,3,13,0,D,3,2,0,1,15,950,1,, -1,1,0,1,90,20,2,3,43,43216,1,1,1,2,Pierre Brune,45.1397386423,3.7883602655,19,2,2
202100033016,142Â 726,B01,1,1,2,5,1,0,-1,-1, -1,-1,2021,50.0,1,2,0,2,4,1,1,,3,54,0,,2,0,0,1,0,0,1,, -1,1,0,1,30,21,6,1,91,91114,2,1,0,4,AV DU GAL LECLERC,48.68749,2.49342,9,4,3
202100030898,146Â 531,A01,1,1,1,5,2,-1,-1,0,0,-1,2021,65.0,1,1,0,1,3,1,5,,3,192,0,,2,2,1,1,1,347,2,, -1,1,0,5,80,5,7,1,44,44069,1,1,0,6,D192,47.290139,-2.405094,12,2,1
202100004467,193Â 782,A01,1,1,1,5,1,-1,-1,0,0,-1,2021,69.0,1,2,0,2,1,5,1,,3,67,0,,2,2,0,1,9,1,3,, -1,2,0,1,80,4,12,3,26,26038,1,1,1,1,Route de Chateauneuf,45.026546,4.933032,18,2,2
202100029595,148Â 887,B01,1,1,1,5,1,0,-1,-1, -1,-1,2021,43.0,2,2,0,2,4,2,1,,3,LIBERATION (AVENUE DE LA),0,,2,2,0,1,(1),(1),1,, -1,1,0,1,50,9,7,1,45,45234,2,1,0,2,Avenue de la Liberation,47.919105,1.902045,17,3,2
202100023060,160Â 399,B01,1,1,1,9,8,0,-1,-1, -1,-1,2021,32.0,1,1,0,2,3,1,3,,4,FOCH BOULEVARD,0,,3,4,0,1,1,0,1,, -1,1,0,1,30,31,7,5,49,49007,2,1,0,3,FOCH BOULEVARD,47.46899,-0.54945,23,2,2
202100011954,180Â 354,A01,1,1,2,5,1,4,-1,-1, -1,-1,2021,42.0,1,2,0,2,2,12,1,,1,A86 INT,0,,3,3,0,1,42,200,2,, -1,2,0,1,90,21,10,1,94,94022,1,1,0,4,A86 INT,48.7767878581,2.4174608997,10,3,3
202100010986,182Â 091,A01,1,1,2,1,1,-1,-1,0,0,-1,2021,29.0,1,2,0,0,4,2,1,,3,981,0,D,2,2,0,2,18,50,3,, -1,2,0,1,80,27,10,3,60,60029,1,1,1,2,D981,49.366285,1.979095,7,2,2
202100017349,170Â 634,A01,1,1,1,5,2,6,-1,0,0,-1,2021,49.0,1,1,0,2,1,3,1,,1,Autoroute A 33,0,,3,4,0,1,13,819,1,, -1,1,0,1,110,21,9,1,54,54571,1,1,0,2,Autoroute A 33,48.61848,6.25349,17,2,2
202100020227,165Â 479,A01,2,2,2,5,8,-1,-1,-1, -1,-1,2021,22.0,2,1,0,2,1,16,5,,4,BELLECOUR                           (PL),0,,2,3,2,1,(1),(1),2,, -1,1,0,1,30,8,9,5,69,69382,2,3,0,1,BELLECOUR (PL),45.7565,4.8332,0,3,2
202100048853,114Â 437,A01,1,1,1,5,2,8,-1,-1, -1,-1,2021,15.0,0,1,0,2,1,15,1,,4,ROCHELONGUE (G14 A O16,0,,2,2,0,1,(1),(1),1,, -1,1,0,1,30,5,3,1,34,34003,2,1,0,2,ROCHELONGUE (G14 A O16,43.30307,3.47744,17,2,2
202100011714,180Â 792,A01,4,2,2,5,1,-1,-1,0,0,-1,2021,20.0,2,2,7,0,1,16,1,,7,37,-1,,3,4,0,1,(1),(1),3,, -1,1,0,4,90,17,10,3,37,37050,1,6,0,6,porte de st avertin,47.3324801243,0.74659552,22,4,1
202100029864,148Â 411,B01,1,1,1,5,2,6,-1,0,0,-1,2021,58.0,2,1,0,0,4,2,1,,3,725,0,,2,2,0,1,30,100,1,, -1,1,0,1,50,9,7,1,86,86272,2,1,0,2,Rue de Lencloitre,46.8150245,0.435931,10,2,2
202100036545,136Â 393,A01,10,3,1,5,0,-1,-1,1,2,1,2021,19.0,3,2,0,0,3,15,1,,6,,-1,,-1,-1,0,1,(1),(1),2,,4,2,6,1,20,4,6,1,42,42005,2,9,1,6,Rue Edouard Garet,45.534202,4.286862,19,2,1
202100045436,120Â 519,A01,1,1,1,0,8,0,-1,-1, -1,-1,2021,44.0,1,1,0,2,3,15,0,,4,PAUL VAILLANT COUTURIER (AV),0,,2,2,0,2,0,0,1,, -1,1,0,1,30,2,4,5,94,94037,2,3,0,3,PAUL VAILLANT COUTURIER (AV),48.81678,2.333709,20,2,2
202100050034,112Â 308,A01,10,3,2,2,0,-1,-1,1,3,1,2021,59.0,1,2,0,1,2,1,1,,4,HUIT MAI 1945 (RUE DU (JUSQU'AU GYMNASE,0,,-1,2,0,2,0,0,1,, -1,1,0,1,50,25,2,1,18,18279,2,1,0,1,HUIT MAI 1945 (RUE DU (JUSQU'AU GYMNASE,47.22691,2.07536,11,2,1
202100035794,137Â 725,B01,1,1,1,1,2,6,-1,0,0,-1,2021,60.0,1,1,0,2,1,1,0,,7,D820,-1,,2,2,0,1,17,280,1,,6,1,0,1,70,8,6,1,31,31182,1,3,0,3,D820,43.672761,1.409844,17,2,2
202100013066,178Â 388,A01,1,1,2,5,2,8,-1,-1, -1,-1,2021,35.0,1,1,0,2,1,2,5,,4,CHAZELLES ( COURS LOUIS  DE ),0,,2,4,3,1,(1),(1),1,, -1,1,0,1,30,14,10,1,56,56121,2,3,0,2,CHAZELLES ( COURS LOUIS  DE ),47.75481,-3.3635,9,2,2
202100034354,140Â 328,A01,1,1,2,5,2,6,-1,0,0,-1,2021,31.0,2,1,0,0,1,1,1,,3,D18,-1,,2,2,0,1,7,200,3,, -1,1,0,1,80,14,6,1,39,39047,1,1,0,7,,46.5663,6.080053,17,1,1
202100041920,126Â 689,B01,1,1,2,1,1,0,-1,0,0,-1,2021,35.0,2,2,0,2,2,11,1,,7,DIGUE DES FRANCAIS (TRAV. DE LA),0,,1,4,0,1,(1),(1),2,, -1,1,2,6,50,30,4,1,6,6088,2,9,0,6,DIGUE DES FRANCAIS (TRAV. DE LA),43.67664,7.20141,6,2,2
202100032667,143Â 371,A01,1,1,1,1,1,-1,-1,-1, -1,-1,2021,21.0,2,2,3,0,1,13,1,,3,CONQUERANT (BOULEVARD GUILLAUME LE),0,,3,4,0,1,28,30,1,, -1,2,5,1,50,21,6,1,50,50129,2,4,1,6,CONQUERANT (BOULEVARD GUILLAUME LE),49.64524,-1.63802,8,1,1
202100010505,182Â 947,A01,10,3,1,9,8,-1,-1,2,3,1,2021,65.0,3,2,0,1,1,16,0,,4,CHAMP COMMUN (PLACE),0,,1,1,0,1,(1),(1),1,, -1,1,0,1,30,24,10,1,65,65286,2,3,0,6,CHAMP COMMUN (PLACE),43.09422,-0.0463,16,2,1
202100026292,154Â 694,A01,3,2,1,0,3,0,-1,-1, -1,-1,2021,2.0,1,2,0,2,8,15,1,,7,MAREVILLE (CHEMIN ET RUE DE),0,,2,3,0,1,(1),(1),1,, -1,1,0,1,50,30,7,1,54,54304,2,2,0,3,BOIS GRONEE (AVENUE DU),48.6793281055,6.1425898969,13,3,2
202100004174,194Â 292,A01,1,1,2,5,2,-1,-1,0,0,-1,2021,16.0,1,1,0,2,1,17,1,,2,RT1,0,A,2,1,0,1,13,400,1,, -1,1,0,1,50,8,12,1,987,98738,2,9,0,3,PK 13.400,-17.627172,-149.612176,17,6,2
202100034723,139Â 649,B01,1,1,2,0,8,0,-1,-1, -1,-1,2021,44.0,1,2,0,2,4,26,1,,1,A13,0,,3,6,0,1,48,200,1,, -1,1,0,1,110,13,6,1,78,78362,1,1,0,6,A13,48.976277,1.721074,10,5,3
202100022379,161Â 648,A01,1,1,1,5,2,6,9,0,0,-1,2021,17.0,2,1,0,2,1,17,1,,3,955,-1,,2,2,0,1,18,500,3,, -1,1,0,1,80,28,8,1,4,4183,1,1,0,1,RD 955,43.905685,6.542573,14,3,2
202100000775,200Â 329,A01,1,1,1,0,1,0,-1,-1, -1,-1,2021,51.0,1,2,0,2,3,1,1,,7,ALPHONSE DAUDET (RUE),0,,1,1,0,1,(1),(1),1,, -1,1,0,1,50,31,12,1,13,13213,2,3,1,3,ALPHONSE DAUDET (RUE),43.31779,5.40609,11,2,2
202100033732,141Â 470,B01,1,1,1,5,2,-1,-1,0,0,-1,2021,20.0,1,1,0,0,0,13,1,,2,1,-1,,2,2,0,1,54,300,1,, -1,1,0,1,60,17,6,5,987,98752,1,1,0,7,PK 54 RT 1,-17.722055,-149.404653,18,2,2
202100035969,137Â 389,A01,10,3,1,0,0,-1,-1,4,3,1,2021,66.0,2,1,0,1,1,7,5,,3,909,0,,2,3,3,1,0,0,1,, -1,1,0,1,50,7,6,1,92,92044,2,2,0,6,VIC. HUGO(RUE)091A113 ET 112A146,48.8959113116,2.296461761,8,2,1
202100000491,200Â 827,B01,1,1,1,0,2,-1,-1,-1, -1,-1,2021,58.0,2,1,0,2,4,23,1,,3,VERDUN (RUE DE),0,,2,2,0,1,70,1000,1,, -1,1,0,1,50,29,10,1,76,76351,2,1,0,4,VERDUN (RUE DE),49.5017868881,0.1546383607,17,3,3
202100014784,175Â 284,B01,1,1,1,4,2,6,-1,-1, -1,-1,2021,22.0,1,1,0,2,1,1,1,,4,CLEMENCEAU (BOULEVARD),0,,2,3,0,1,0,0,1,, -1,1,0,1,50,4,10,5,66,66136,2,3,0,3,CLEMENCEAU (BOULEVARD),42.70027,2.88966,20,2,2
202100008345,186Â 808,B01,1,1,2,9,2,8,-1,-1, -1,-1,2021,55.0,1,1,0,2,1,1,1,,4,SOURCE DE BADUEL (CHEMIN DE LA),0,,2,2,0,1,(1),(1),1,, -1,1,0,1,50,12,11,1,973,97302,2,3,0,3,SOURCE DE BADUEL (CHEMIN DE LA),4.93216,-52.30933,10,2,2
202100055696,102Â 305,B01,1,1,2,1,1,0,-1,-1, -1,-1,2021,47.0,3,2,0,2,4,23,1,,3,PABLO NERUDA (ROND-POINT),0,,1,2,0,1,0,1,1,, -1,1,0,1,50,9,1,5,93,93007,2,1,0,2,PABLO NERUDA (ROND-POINT),48.9501,2.46715,5,2,2
202100047762,116Â 374,A01,2,2,1,0,8,0,-1,-1, -1,-1,2021,62.0,1,2,0,2,4,19,1,,3,GENERAL DE GAULLE (AVENUE DU),0,,2,4,0,1,0,0,1,, -1,2,0,1,50,16,3,1,91,91687,2,9,1,3,GENERAL DE GAULLE (AVENUE DU),48.6742,2.38728,15,3,2
202100027323,152Â 882,A01,2,2,2,5,1,5,-1,-1, -1,-1,2021,38.0,0,2,0,2,8,19,0,,4,GENAS (DE)                          (RO),0,,2,3,0,1,0,0,1,, -1,1,0,1,50,23,7,1,69,69383,2,2,0,3,GENAS (DE) (RTE),45.7536225604,4.8952929676,11,3,2