Num_Acc,id_vehicule,num_veh,place,catu,sexe,trajet,secu1,secu2,secu3,locp,actp,etatp,year_acc,victim_age,senc,catv,obs,obsm,choc,manv,motor,occutc,catr,voie,v1,v2,circ,nbv,vosp,prof,pr,pr1,plan,lartpc,larrout,surf,infra,situ,vma,jour,mois,lum,dep,com,agg_,int,atm,col,adr,lat,long,hour,nb_victim,nb_vehicules
202100021975,162Â 348,A01,7,2,1,0,1,-1,-1,0,0,-1,2021,27.0,2,2,2,0,1,1,1,,3,620,-1,D,2,2,0,1,40,25,2,, -1,1,0,3,80,29,8,2,11,11119,1,1,0,6,D 620 - PK 40 + 25 m,43.04961,2.169451,19,3,1
202100051639,109Â 386,B01,1,1,2,0,1,0,-1,-1, -1,-1,2021,53.0,1,2,0,2,2,1,1,,1,AUTOROUTE A3,0,,3,8,0,1,7,699,1,, -1,1,0,1,90,12,2,3,93,93010,1,1,0,3,AUTOROUTE A3,48.90391,2.4715,19,2,2
202100042299,126Â 017,B01,2,2,1,0,1,0,-1,-1, -1,-1,2021,52.0,1,5,0,2,1,1,1,,4,CASTERET,0,,1,1,0,1,0,0,1,, -1,1,0,1,30,27,4,1,64,64445,2,2,0,3,CASTERET,43.30344,-0.36185,19,4,2
202100002051,198Â 128,B01,1,1,2,0,1,8,-1,-1, -1,-1,2021,27.0,2,2,0,2,4,1,1,,4,R DIDEROT,0,,1,1,0,1,1,0,1,, -1,1,0,1,30,11,12,5,94,94017,2,1,0,4,Rue Diderot,48.8142869272,2.4831461906,22,3,3
202100008595,186Â 369,A01,10,3,2,5,8,8,-1,3,3,1,2021,71.0,1,2,0,1,1,15,1,,4,RUE LEKAIN,0,,1,1,0,1,(1),(1),1,, -1,1,0,1,50,10,11,1,75,75116,2,5,0,6,RUE LEKAIN,48.856179,2.277859,15,3,1
202100045253,120Â 833,A01,1,1,1,5,2,6,-1,-1, -1,-1,2021,23.0,2,1,0,2,1,1,1,,4,PASTEUR (AV),0,,2,2,0,1,0,1,1,, -1,1,0,1,50,3,4,1,94,94077,2,2,0,3,PASTEUR (AV),48.73763,2.42145,16,2,2
202100053537,106Â 022,A01,1,1,1,4,1,-1,-1,0,0,-1,2021,37.0,1,2,4,0,3,2,1,,1,304,0,A,3,4,0,1,16,500,2,, -1,2,0,1,110,28,1,1,8,8110,1,1,1,6,A304,49.824806,4.512463,9,1,1
202100032205,144Â 195,B01,1,1,1,5,2,-1,-1,0,0,-1,2021,59.0,2,1,0,0,8,2,5,,2,2,-1,,2,2,0,3,(1),(1),4,, -1,1,0,1,70,27,6,1,971,97106,1,1,0,3,Route de Bellon,16.182844,-61.782137,7,2,2
202100003205,196Â 041,B01,1,1,2,5,1,-1,-1,0,0,-1,2021,30.0,2,2,0,2,1,1,1,,3,4,0,B,2,2,0,1,0,450,1,,4,1,0,1,70,13,12,1,4,4143,1,3,0,3,RD 4b / Ch de joncs,43.923639,5.906541,9,2,2
202100032056,144Â 452,B01,1,1,1,0,1,0,-1,-1, -1,-1,2021,48.0,2,2,0,2,4,1,1,,1,AUTOROUTE A6B,0,,3,2,0,1,1,149,1,, -1,1,1,1,70,27,6,1,94,94043,1,1,0,5,AUTOROUTE A6B,48.80775,2.3471,17,6,6
202100017004,171Â 227,B01,1,1,1,4,1,0,-1,0,0,-1,2021,47.0,2,5,0,2,4,2,1,,4,PORTE DE SAINT OUEN,0,,1,4,0,1,21,100,1,, -1,1,0,1,70,24,9,1,75,75118,2,1,0,2,BD PERIPHERIQUE EXTERIEUR,48.900819,2.333069,14,2,2
202100028373,150Â 991,A01,1,1,1,0,0,-1,-1,0,0,-1,2021,40.0,1,1,12,0,7,13,5,,3,33,-1,,2,2,0,4,27,950,3,, -1,1,2,1,50,19,7,1,12,12248,2,1,0,6,Route de Pousthomy,43.880851,2.601587,15,1,1
202100054711,103Â 995,A01,10,3,1,4,0,-1,-1,6,9,1,2021,51.0,1,2,15,1,1,1,1,,3,,-1,,2,2,0,1,22,134,3,, -1,2,0,1,70,14,1,1,76,76689,1,1,1,6,Route de Valmont,49.71927,0.506626,11,2,1
202100050719,111Â 025,A01,4,2,1,5,8,0,-1,-1, -1,-1,2021,18.0,2,2,4,0,3,13,1,,1,AUTOROUTE A6A,0,,1,3,0,2,8,300,1,, -1,1,0,1,110,21,2,3,91,91689,1,1,0,6,AUTOROUTE A6A,48.73918,2.31888,1,4,1
202100013157,178Â 230,A01,1,1,1,1,2,6,-1,0,0,-1,2021,15.0,1,1,0,2,7,15,1,,3,681,-1,,2,2,0,1,15,600,1,, -1,1,0,1,80,14,10,1,71,71313,1,3,1,3,D681,46.938279,4.219286,17,2,2
202100026009,155Â 188,B01,1,1,1,5,2,6,-1,0,0,-1,2021,56.0,1,1,0,2,4,1,1,,4,AVENUE DES CHAMPS ELYSEES,0,,2,6,3,1,(1),(1),1,, -1,1,0,1,50,1,8,1,75,75108,2,1,0,2,AVENUE DES CHAMPS ELYSEES,48.866625,2.317538,10,3,2
202100047424,117Â 002,A01,1,1,1,5,2,6,-1,0,0,-1,2021,18.0,3,1,2,0,1,1,1,,4,,-1,,2,2,0,1,(1),(1),3,, -1,1,0,1,50,20,3,1,62,62323,2,1,0,6,Rue des Moulins,50.297239,2.873526,17,1,1
202100019146,167Â 405,A01,10,3,2,9,0,-1,-1,3,3,1,2021,62.0,2,5,0,1,3,15,1,,3,15EME CORPS (AVE DU),0,,2,3,0,1,28,490,1,, -1,1,0,1,50,13,9,1,83,83137,2,3,0,6,15EME CORPS (AVE DU),43.1284467677,5.9123879671,11,2,1
202100039618,130Â 774,B01,1,1,1,0,2,8,0,-1, -1,-1,2021,22.0,1,1,0,2,2,1,1,,4,,0,,2,0,0,1,0,0,1,, -1,1,0,1,50,11,5,1,92,92078,2,3,0,3,ASNIERES (QUAI),48.934214484,2.3359572887,19,2,2
202100015461,174Â 062,A01,1,1,1,0,1,-1,-1,-1, -1,-1,2021,21.0,2,1,0,2,1,3,1,,1,A104,0,,3,2,0,1,16,0,1,, -1,2,0,1,90,2,10,1,77,77514,1,1,1,3,A104,48.9317759692,2.6280077907,16,2,2
202100016604,171Â 954,A01,1,1,1,0,1,0,-1,-1, -1,-1,2021,58.0,2,2,4,0,1,1,1,,1,AUTOROUTE A10,0,,1,4,0,2,4,599,2,, -1,2,0,1,70,27,9,1,91,91136,1,1,1,6,AUTOROUTE A10,48.71193,2.28948,13,1,1
202100044734,121Â 753,A01,10,3,1,3,0,-1,-1,5,3,1,2021,73.0,0,2,0,1,4,4,1,,3,,-1,,-1,2,0,1,15,200,1,, -1,1,0,4,-1,6,4,1,67,67543,2,1,0,6,6 Grand'Rue,48.501649,7.252952,10,2,1
202100012449,179Â 459,A01,10,3,1,2,0,-1,-1,3,3,2,2021,12.0,0,2,0,1,1,1,1,,4,BOIS LABBE (AVENUE DU),0,,2,1,0,1,0,0,1,, -1,1,0,1,30,18,10,2,35,35238,2,2,0,6,BOIS LABBE (AVENUE DU),48.12887,-1.70335,8,2,1
202100017814,169Â 776,A01,1,1,1,0,2,0,-1,-1, -1,-1,2021,52.0,3,1,0,2,1,7,1,,7,DIEPPE. ROUTE DE (RN 27),0,,2,3,3,1,18,500,1,, -1,2,0,1,50,20,9,1,76,76216,2,1,1,3,DIEPPE. ROUTE DE (RN 27),49.467657,1.050998,17,2,2
202100003604,195Â 306,A01,10,3,1,0,0,-1,-1,2,3,1,2021,81.0,1,2,0,0,3,0,1,,4,MITTERAND FRANCOIS (AV),0,,1,1,1,1,0,0,1,, -1,2,0,1,50,10,12,5,72,72181,2,1,1,6,MITTERAND FRANCOIS (AV),48.00357,0.19977,7,2,1
202100003080,196Â 256,A01,1,1,1,0,1,-1,-1,0,0,-1,2021,25.0,0,2,0,2,1,1,1,,3,DEPARTEMENTALE 7 (ROUTE),0,,2,2,0,4,(1),(1),1,, -1,2,0,1,90,9,12,1,80,80702,1,1,1,2,DEPARTEMENTALE 7 (ROUTE),49.85269,2.31213,12,2,2
202100018599,168Â 390,A01,1,1,1,5,1,0,-1,0,0,-1,2021,19.0,1,2,12,0,1,1,1,,4,GRAFFINEL ( CHEMIN DE ),0,,-1,2,0,1,0,1,1,, -1,1,0,1,50,15,9,1,5,5061,2,1,0,6,GRAFFINEL ( CHEMIN DE ),44.53814,6.06057,12,4,1
202100036634,136Â 226,B01,1,1,2,5,1,8,-1,-1, -1,-1,2021,44.0,1,2,0,2,1,1,1,,3,VILLEMOUSTAUSSOU -ROUTE DE-,0,,2,2,0,2,1,0,1,, -1,1,5,1,80,2,6,1,11,11069,1,3,0,3,VILLEMOUSTAUSSOU -ROUTE DE-,43.23272,2.36206,13,3,2
202100005207,192Â 466,A01,10,3,2,0,0,-1,-1,2,3,1,2021,87.0,1,2,0,1,2,1,1,,4,SMITH                               (R ),0,,1,1,0,1,(1),(1),1,, -1,1,0,1,50,29,11,3,69,69382,2,1,0,6,SMITH (R),45.74371,4.82315,17,2,1
202100050653,111Â 143,C01,1,1,2,1,1,0,-1,-1, -1,-1,2021,39.0,2,2,0,2,4,0,1,,2,A12 W,0,,3,2,0,1,12,120,1,, -1,1,0,1,90,22,2,2,78,78423,1,1,0,5,A12 W,48.78218,2.03096,6,3,3
202100016066,172Â 934,B01,1,1,1,4,1,0,-1,-1, -1,-1,2021,26.0,3,2,0,2,4,1,1,,2,ROUTE NATIONALE NÂ° 4,0,,2,2,0,1,(1),(1),1,, -1,1,0,1,50,28,9,1,974,97407,2,1,0,2,ROUTE NATIONALE NÂ° 4,-20.94969,55.30228,9,2,2
202100039877,130Â 310,A01,1,1,1,5,8,-1,-1,0,0,-1,2021,37.0,2,2,2,0,1,1,0,,3,104,0,,2,2,0,2,1,850,1,, -1,2,0,1,80,16,5,1,27,27384,1,1,1,6,Route de la Morelle,49.370714,0.304688,19,2,1
202100032732,143Â 263,A01,1,1,1,5,1,-1,-1,0,0,-1,2021,33.0,1,2,8,0,7,1,1,,3,12,-1,,2,2,0,1,7,400,1,, -1,1,0,3,80,23,6,3,63,63311,1,1,0,6,D12,46.039459,3.139869,2,1,1
202100050415,111Â 583,B01,1,1,1,5,2,-1,-1,0,0,-1,2021,65.0,2,1,0,2,3,15,5,,3,3,-1,,2,2,0,2,9,120,1,, -1,1,0,1,90,25,2,1,52,52366,1,3,0,1,D3 PK 9+120,47.91714,5.189506,14,3,2
202100044046,122Â 945,A01,1,1,1,1,2,8,-1,0,0,-1,2021,29.0,2,1,0,2,8,10,1,,4,ALLEE DES FORTIFICATIONS,0,,2,2,0,1,(1),(1),1,, -1,1,0,1,50,13,4,1,75,75116,2,1,0,2,ALLEE DES FORTIFICATIONS,48.85271,2.259898,17,2,2
202100045372,120Â 629,A01,1,1,1,5,8,0,-1,-1, -1,-1,2021,23.0,3,1,0,2,3,1,5,,6,LOUIS SALLENAVE,0,,-1,0,0,1,0,0,1,, -1,1,0,1,10,2,4,1,64,64445,2,9,0,3,LOUIS SALLENAVE,43.3169,-0.36029,15,2,2
202100052842,107Â 267,B01,1,1,1,5,2,-1,-1,0,0,-1,2021,59.0,2,1,0,2,8,1,5,,4,,-1,,2,2,1,1,(1),(1),3,, -1,1,0,1,50,10,1,1,67,67473,1,3,1,3,chemin du moulin,48.577729,7.483288,10,2,2
202100003588,195Â 338,B01,1,1,1,0,2,0,-1,-1, -1,-1,2021,55.0,1,1,0,2,0,17,0,,3,DE GAULLE CHARLES (AVENUE),0,,-1,2,0,1,0,110,1,, -1,1,0,1,50,4,12,1,78,78126,2,1,0,3,DE GAULLE CHARLES (AVENUE),48.84673,2.135494,15,2,2
202100017386,170Â 558,B01,1,1,1,0,1,0,-1,-1, -1,-1,2021,37.0,1,2,0,2,8,11,1,,1,AUTOROUTE A3,0,,3,6,0,1,13,500,1,, -1,1,0,1,90,23,9,1,93,93005,1,1,0,3,AUTOROUTE A3,48.95435,2.47356,9,2,2
202100056305,101Â 253,A01,1,1,1,4,1,-1,-1,0,0,-1,2021,45.0,2,3,3,0,7,0,1,1.0,3,748,-1,,2,2,0,2,13,300,3,,6,8,0,3,70,5,1,1,79,79013,1,1,0,6,Route de Bressuire,46.981973,-0.455479,8,1,1
202100029930,148Â 301,B01,1,1,2,0,1,0,-1,-1, -1,-1,2021,63.0,2,2,0,2,4,2,1,,1,AUTOROUTE A25,0,,3,4,0,1,18,0,1,, -1,1,0,1,110,9,7,3,59,59143,1,1,0,2,AUTOROUTE A25,50.671960602,2.8694385185,0,2,2
202100034151,140Â 718,B01,1,1,1,5,1,-1,-1,0,0,-1,2021,23.0,3,2,0,2,3,0,1,,4,5,0,D,2,2,0,1,(1),(1),2,, -1,1,0,1,70,16,6,1,42,42150,1,1,0,1,Route de St Etienne le Molard,45.7172565397,4.0801440328,16,2,2
202100022396,161Â 618,B01,1,1,1,1,1,0,-1,-1, -1,-1,2021,30.0,1,5,0,2,4,1,1,,1,A4,0,,3,4,0,1,0,1,1,, -1,1,0,1,90,23,8,1,94,94018,1,1,0,2,A4,48.8264219627,2.3918627688,11,2,2
202100003187,196Â 074,A01,7,2,2,9,0,-1,-1,0,0,-1,2021,7.0,1,2,0,2,3,0,1,,3,81,0,,2,2,0,2,15,600,3,, -1,9,0,1,80,15,12,1,82,82087,1,1,1,3,D81,44.157424,1.211693,12,4,2
202100000230,201Â 316,A01,10,3,1,0,0,-1,-1,2,3,1,2021,62.0,2,2,0,1,1,1,1,,4,,0,,1,2,0,1,(1),(1),1,, -1,1,0,1,50,13,11,1,6,6088,2,1,0,6,LEPANTE (R. DE),43.706327,7.268612,11,2,1
202100025956,155Â 286,B01,2,2,1,5,1,0,-1,-1, -1,-1,2021,0.0,2,2,0,2,4,1,1,,1,A86 EXT,0,,1,2,0,1,43,700,1,, -1,1,0,1,50,2,8,1,94,94022,1,1,0,4,A86 EXT,48.7733811508,2.4011395508,18,4,3
202100016089,172Â 886,B01,1,1,2,5,1,0,-1,-1, -1,-1,2021,20.0,0,2,0,2,1,1,1,,4,DOCTEUR CALMETTE (RUE DU),0,,2,1,0,1,0,0,1,, -1,1,5,1,50,29,9,1,91,91687,2,2,0,3,DOCTEUR CALMETTE (RUE DU),48.677053,2.369191,14,2,2
202100026819,153Â 782,A01,1,1,1,1,2,6,-1,-1, -1,-1,2021,17.0,3,1,0,0,7,1,1,,4,CHINON (BOULEVARD DE),0,,3,2,1,2,(1),(1),1,, -1,1,0,1,50,26,7,1,37,37122,2,3,0,7,CHINON (BOULEVARD DE),47.3513941,0.68141381,8,1,1
202100031282,145Â 825,D01,1,1,2,5,1,0,-1,-1, -1,-1,2021,40.0,1,2,0,2,4,2,0,,1,AUTOROUTE A86,0,,1,2,0,2,51,500,1,, -1,1,0,1,70,3,7,1,94,94034,1,1,0,4,AUTOROUTE A86,48.7599,2.3223,13,4,4
202100028743,150Â 349,A01,9,2,1,5,0,-1,-1,0,0,-1,2021,9.0,1,2,2,0,5,14,1,,3,4202,-1,,2,2,0,1,53,760,1,, -1,1,0,8,70,17,7,1,4,4076,1,1,0,6,RD 4202,43.954224,6.852529,16,3,1
202100040312,129Â 545,B01,1,1,1,1,2,0,-1,-1, -1,-1,2021,57.0,1,1,0,2,9,3,1,,1,AUTOROUTE (A1),0,,3,6,3,2,6,199,1,, -1,1,0,1,90,11,5,1,972,97213,1,1,0,3,AUTOROUTE (A1),14.6045,-61.0028,16,2,2
202100032946,142Â 865,A01,10,3,2,0,0,-1,-1,4,3,1,2021,12.0,2,1,9,1,1,1,1,,3,MARNE   ( AVENUE DE LA ),0,,2,0,0,1,0,0,1,, -1,1,0,1,50,21,6,1,92,92004,2,2,0,6,MARNE   ( AVENUE DE LA ),48.9096377731,2.2864879668,18,2,1
202100042561,125Â 550,A01,10,3,1,5,0,-1,-1,8,3,1,2021,67.0,3,0,0,1,4,4,1,,6,,-1,,-1,-1,0,1,35,500,1,, -1,1,0,8,10,26,4,1,76,76164,2,1,0,7,Avenue Winston Churchill,49.524599,0.722405,15,2,1
202100046067,119Â 407,A01,10,3,2,2,0,-1,-1,3,3,2,2021,8.0,1,2,1,1,1,1,1,,4,RONSARD (RUE),0,,2,2,0,1,(1),(1),1,, -1,1,0,8,50,29,3,1,95,95060,2,1,0,6,RONSARD (RUE),49.0379459936,2.2093968855,8,2,1
202100009031,185Â 569,A01,1,1,1,0,2,6,-1,0,0,-1,2021,18.0,2,1,0,0,0,1,1,,3,74,0,D,2,2,0,1,0,770,1,, -1,1,0,1,90,7,11,3,88,88044,1,1,0,7,D74,48.2829334931,5.6419354677,6,1,1
202100039600,130Â 802,A01,2,2,1,4,1,0,-1,0,0,-1,2021,30.0,2,2,9,2,7,1,1,,4,BOULEVARD EXELMANS,0,,2,4,0,1,(1),(1),1,, -1,2,0,1,50,14,5,1,75,75116,2,2,0,3,BOULEVARD EXELMANS,48.843029,2.260103,18,4,2
202100046581,118Â 508,B01,1,1,2,0,1,-1,-1,0,0,-1,2021,28.0,0,2,0,0,0,0,1,,4,ABBEVILLE (RUE D'),0,,2,-1,0,1,(1),(1),2,, -1,1,0,1,50,23,3,1,80,80021,2,1,0,3,ABBEVILLE (RUE D'),49.90782,2.26505,8,2,2
202100002381,197Â 527,A01,10,3,2,1,0,-1,-1,3,3,1,2021,54.0,2,2,0,1,2,1,1,,3,NOTRE-DAME-DE LORETTE (RUE DE),0,,2,2,0,2,30,156,1,, -1,2,0,1,50,17,12,5,88,88160,2,1,1,6,NOTRE-DAME-DE LORETTE (RUE DE),48.17473,6.43435,17,2,1
202100022726,160Â 977,A01,1,1,1,1,2,6,-1,-1, -1,-1,2021,25.0,1,1,0,2,3,1,1,,4,,0,,-1,3,0,1,(1),(1),1,, -1,1,4,6,50,24,8,5,25,25056,2,3,0,6,DROZ   AVENUE EDOUARD,47.24246,6.02942,22,2,2
202100020623,164Â 763,C01,1,1,1,1,2,6,-1,0,0,-1,2021,51.0,1,1,0,2,1,1,1,,3,113,0,,2,2,0,1,14,120,1,, -1,1,0,1,80,6,9,1,47,47252,1,3,0,5,Colombier Bas,44.384993,0.579856,18,3,3
202100038663,132Â 525,A01,1,1,1,4,2,0,-1,-1, -1,-1,2021,28.0,1,1,14,0,1,2,1,,3,62,0,,1,1,0,1,0,0,1,, -1,9,8,1,30,23,5,1,92,92046,2,1,0,7,HENRI BARBUSSE (BOULEVARD),48.813905388,2.2872081399,9,1,1
202100027532,152Â 514,B01,1,1,1,9,1,0,-1,-1, -1,-1,2021,48.0,1,2,1,2,1,0,1,,4,BRIOLLAY ROUTE,0,,2,1,0,1,1,0,1,, -1,1,0,1,30,22,7,1,49,49007,2,3,0,6,BRIOLLAY ROUTE,47.48904,-0.53122,17,3,3
202100023200,160Â 150,A01,10,3,1,0,0,-1,-1,1,3,1,2021,67.0,1,2,0,1,2,17,1,,2,1,-1,,2,3,0,2,(1),(1),1,, -1,1,0,1,80,21,8,3,971,97114,1,1,0,6,N1,16.128804,-61.579435,18,2,1
202100001999,198Â 224,A01,10,3,2,0,0,-1,-1,5,2,2,2021,20.0,1,2,0,1,4,1,1,,3,COEUR VOLANT (COTE DU),0,,2,2,0,2,0,750,1,, -1,1,0,1,50,18,12,1,78,78372,2,1,0,6,COEUR VOLANT (COTE DU),48.86491,2.1031,12,3,2
202100038599,132Â 643,A01,1,1,1,9,8,0,-1,-1, -1,-1,2021,17.0,1,1,0,2,3,13,1,,4,VERGER (RUE DU),0,,2,2,0,1,0,0,1,, -1,1,0,1,30,22,5,1,974,97411,2,1,0,3,VERGER (RUE DU),-20.88623,55.45242,12,3,2
202100036553,136Â 380,A01,1,1,1,5,8,-1,-1,0,0,-1,2021,24.0,2,2,0,0,0,1,1,,3,,-1,,2,2,0,1,7,900,1,, -1,1,0,8,80,4,6,2,44,44168,1,1,0,7,RD 50,47.37804,-2.1976,21,1,1
202100021500,163Â 204,A01,2,2,1,4,1,4,-1,-1, -1,-1,2021,29.0,1,2,0,2,2,17,1,,4,WALLACE (BD RICHARD) DU 17 AU 91 ET DU 3,0,,2,2,0,2,0,0,1,, -1,1,0,1,50,1,9,1,92,92062,2,2,0,3,WALLACE (BD RICHARD) DU 17 AU 91 ET DU 3,48.8811314592,2.2371641226,10,4,2
202100020689,164Â 649,A01,10,3,1,0,0,-1,-1,5,1,1,2021,38.0,2,2,6,1,1,19,1,,4,JAURES (RUE JEAN) (RPT GARE),0,,-1,4,0,1,(1),(1),1,, -1,1,0,4,50,5,9,5,51,51108,2,1,0,1,Rue Jean JaurÃ¨s,48.9547478607,4.3531281921,22,4,2
202100017213,170Â 874,B01,1,1,2,5,1,-1,-1,0,0,-1,2021,25.0,2,2,0,2,3,1,1,,3,921,-1,,2,2,0,2,16,400,3,, -1,1,0,1,90,26,9,1,12,12156,1,1,0,1,D921,44.632803,2.825729,14,3,2
202100040208,129Â 727,B01,1,1,2,9,0,-1,-1,-1, -1,-1,2021,41.0,1,5,0,2,4,0,6,,4,MARSEILLE (ROUTE DE ),0,,2,2,0,1,0,0,1,, -1,1,0,1,30,12,5,1,13,13001,2,1,0,2,MARSEILLE (ROUTE DE ),43.4770346323,5.4141676845,13,2,2
202100000681,200Â 495,A01,1,1,1,0,8,0,-1,-1, -1,-1,2021,30.0,1,1,0,2,1,1,3,,4,EUROPE (AV),0,,2,5,0,1,0,0,1,, -1,1,0,1,50,4,6,1,13,13001,2,2,0,3,EUROPE (AV),43.5237,5.43726,17,3,2
202100033742,141Â 457,B01,4,2,1,0,1,-1,-1,0,0,-1,2021,16.0,2,2,0,2,1,1,1,,3,606,-1,,2,3,0,1,50,900,2,, -1,1,0,1,80,19,6,1,89,89468,1,1,0,1,D606,48.016246,3.310475,14,5,2
202100017325,170Â 681,B01,1,1,1,0,0,-1,-1,0,0,-1,2021,22.0,3,1,0,2,1,19,5,,3,,-1,,2,-1,-1,1,14,936,3,,"8,4",1,0,1,-1,23,9,1,79,79048,2,4,0,3,Impasse Nicolas Appert,46.348542,-0.309151,14,2,2
202100056099,101Â 606,B01,1,1,2,1,1,-1,-1,0,0,-1,2021,59.0,0,2,0,2,8,19,1,,3,622,-1,,2,2,0,1,(1),(1),1,, -1,1,0,1,50,6,1,1,31,31033,2,3,0,3,Route de Capens,43.350308,1.464352,14,2,2
202100010304,183Â 288,A01,1,1,2,0,1,0,-1,0,0,-1,2021,58.0,1,2,0,2,3,1,1,,7,RD 570,0,,2,2,1,1,(1),(1),1,, -1,1,-1,1,50,27,10,1,54,54265,1,5,0,3,Route de Mirecourt,48.64744,6.18239,11,2,2
202100032293,144Â 037,A01,1,1,2,5,8,0,-1,-1, -1,-1,2021,50.0,1,2,1,0,1,13,1,,4,COUBERTIN   AVENUE PIERRE DE,0,,2,1,0,1,(1),(1),1,, -1,1,0,3,30,24,6,1,17,17300,2,1,0,6,COUBERTIN   AVENUE PIERRE DE,46.1666,-1.17045,21,1,1
202100000952,200Â 050,A01,1,1,2,5,1,0,-1,-1, -1,-1,2021,22.0,2,2,0,0,7,12,0,,2,RN 104,0,,3,4,0,2,48,299,1,, -1,1,0,3,110,30,12,3,91,91103,1,1,0,7,RN 104,48.624808,2.302811,6,1,1
202100027036,153Â 389,B01,2,2,2,5,1,8,-1,-1, -1,-1,2021,45.0,1,2,0,2,2,1,1,,1,86,0,,3,4,0,1,75,99,3,, -1,2,1,1,70,26,7,1,92,92063,1,1,1,3,A86,48.8723901573,2.1569627523,10,3,2
202100030441,147Â 360,B01,1,1,2,1,1,0,-1,-1, -1,-1,2021,61.0,0,2,0,2,3,1,1,,4,ATHENES (allÃ©e d'),0,,2,2,0,1,1,0,1,, -1,1,0,1,50,6,7,1,93,93057,2,1,0,1,ATHENES (allÃ©e d'),48.911822,2.494578,7,2,2
202100001963,198Â 293,B01,1,1,1,4,1,-1,-1,0,0,-1,2021,59.0,2,5,13,2,8,1,1,,3,4,0,D,2,2,0,2,5,800,1,, -1,1,0,1,80,23,12,1,74,74136,1,1,0,3,2774 Route du Chinaillon,45.952187,6.437033,8,3,2
202100049597,113Â 090,A01,1,1,1,5,1,0,-1,-1, -1,-1,2021,22.0,2,2,15,0,2,12,1,,1,AUTOROUTE (A1),0,,3,7,0,1,0,100,1,, -1,1,5,3,90,27,2,2,972,97209,1,1,0,6,AUTOROUTE (A1),14.61444,-61.0482,5,1,1
202100032157,144Â 271,A01,10,3,2,4,0,-1,-1,5,4,1,2021,48.0,1,1,0,1,1,25,5,,3,908,0,,2,5,0,1,0,0,1,, -1,1,0,4,50,26,6,1,92,92026,2,1,0,6,VERDUN (DE 62 A FIN),48.9048519037,2.2563412786,13,2,1
202100033372,142Â 115,A01,10,3,2,0,0,-1,-1,3,3,1,2021,23.0,0,2,0,1,7,1,1,,4,ARGELES SUR MER AVENUE D',0,,3,4,0,1,0,0,1,, -1,1,0,1,50,17,6,1,66,66136,2,1,0,6,ARGELES SUR MER AVENUE D',42.6839,2.90912,14,2,1
202100032039,144Â 480,A01,1,1,1,5,2,6,-1,0,0,-1,2021,27.0,1,1,0,2,8,17,1,,3,936,0,,2,2,0,1,50,600,1,, -1,1,0,1,80,6,6,1,24,24226,1,1,0,6,Route de Bergerac,44.853469,0.014434,16,2,2
202100018656,168Â 292,B01,1,1,1,0,0,-1,-1,0,0,-1,2021,20.0,1,0,0,2,1,0,3,,4,,-1,,1,1,0,1,(1),(1),2,,4,1,0,5,50,16,9,1,53,53097,2,1,0,1,20 Rue Pasteur,48.1498,-0.398544,17,2,2
202100002933,196Â 528,A01,1,1,1,1,2,8,-1,0,0,-1,2021,44.0,2,1,0,2,7,1,1,,2,PORTE DE VILLEJEAN,0,,3,4,0,1,16,359,1,, -1,1,0,1,90,14,12,3,35,35238,1,1,0,3,PORTE DE VILLEJEAN,48.12587,-1.71541,18,2,2
202100020244,165Â 453,A01,10,3,2,9,0,-1,-1,3,3,1,2021,68.0,0,1,0,1,1,1,5,,4,HENRI BARBUSSE (RUE),0,,-1,0,1,1,(1),(1),1,, -1,1,0,5,30,3,9,1,80,80489,2,1,0,6,HENRI BARBUSSE (RUE),49.86947,2.35986,13,2,1
202100026161,154Â 933,A01,1,1,2,1,8,0,-1,0,0,-1,2021,22.0,2,1,0,0,0,1,3,,4,RUE DE RIVOLI,0,,2,3,1,1,(1),(1),1,, -1,1,0,5,50,31,7,2,75,75101,2,2,0,7,RUE DE RIVOLI,48.860916,2.340808,20,1,1
202100008213,187Â 039,A01,1,1,1,1,1,-1,-1,0,0,-1,2021,27.0,2,2,0,2,1,1,1,,3,1001,0,D,2,0,0,3,27,800,1,,0,2,0,1,90,15,11,1,60,60700,1,1,1,1,Route Nationale 1,49.3815225263,2.1483893393,16,2,2
202100056403,101Â 081,A01,3,2,2,0,3,0,-1,0,0,-1,2021,7.0,1,2,0,2,1,1,1,,4,,0,,2,4,3,1,(1),(1),1,, -1,1,5,1,50,2,1,1,54,54395,2,1,0,2,ALBERT 1ER  (BD),48.6993168365,6.166036427,14,4,2
202100039123,131Â 696,A01,1,1,1,1,2,6,-1,-1, -1,-1,2021,32.0,1,1,0,0,3,1,1,,4,Alsace Lorraine (Avenue),0,,1,2,0,1,(1),(1),3,, -1,2,0,1,50,17,5,1,19,19272,2,9,1,7,Alsace Lorraine (Avenue),45.2605568795,1.7549835401,7,1,1
202100008749,186Â 096,B01,1,1,2,1,8,0,-1,0,0,-1,2021,65.0,2,1,0,2,4,15,5,,4,AVENUE DE VILLIERS,0,,2,4,0,1,(1),(1),1,, -1,1,0,1,30,9,11,5,75,75117,2,3,0,3,AVENUE DE VILLIERS,48.881201,2.315555,19,2,2
202100048354,115Â 320,A01,1,1,1,1,2,0,-1,-1, -1,-1,2021,46.0,2,1,0,0,7,1,1,,1,A86,0,,3,6,0,1,77,500,2,, -1,2,0,1,90,12,3,5,92,92063,1,1,1,7,A86,48.89029,2.17066,17,1,1
202100014128,176Â 434,B01,1,1,1,0,8,-1,-1,-1, -1,-1,2021,47.0,2,1,0,2,8,19,5,,4,GAMBETTA                            (CO),0,,1,2,3,1,(1),(1),1,, -1,1,0,1,50,10,10,5,69,69383,2,2,0,3,GAMBETTA (CR),45.7539512998,4.8469099402,0,2,2