Num_Acc,id_vehicule,num_veh,place,catu,sexe,trajet,secu1,secu2,secu3,locp,actp,etatp,year_acc,victim_age,senc,catv,obs,obsm,choc,manv,motor,occutc,catr,voie,v1,v2,circ,nbv,vosp,prof,pr,pr1,plan,lartpc,larrout,surf,infra,situ,vma,jour,mois,lum,dep,com,agg_,int,atm,col,adr,lat,long,hour,nb_victim,nb_vehicules
202100016641,171Â 886,A01,1,1,1,0,8,-1,-1,-1, -1,-1,2021,15.0,1,2,2,0,1,1,1,,4,PAUL MARCELLIN                      (AV),0,,2,2,0,1,(1),(1),1,, -1,2,0,4,50,26,9,5,69,69256,2,1,1,6,PAUL MARCELLIN (AV),45.7831650532,4.9292376637,3,1,1
202100011751,180Â 709,A01,1,1,1,1,1,0,-1,-1, -1,-1,2021,39.0,2,2,0,2,1,1,1,,1,A4,0,,3,3,0,1,8,500,1,, -1,1,0,1,90,22,10,3,94,94017,1,1,0,3,A4,48.8302008945,2.4957669959,6,2,2
202100004695,193Â 383,B01,1,1,1,0,2,6,-1,-1, -1,-1,2021,25.0,2,1,0,2,2,3,1,,3,ROUTE DU STILETTO,0,,2,2,0,2,1,200,1,, -1,1,0,1,50,4,12,5,201,201004,2,1,0,3,ROUTE DU STILETTO,41.94784,8.77372,17,2,2
202100028647,150Â 509,A01,1,1,1,0,1,0,-1,-1, -1,-1,2021,38.0,1,2,0,2,3,13,1,,3,ROUTE DE CORNEILHAN (RD.154),0,,2,2,0,3,3,369,3,, -1,1,0,1,80,15,7,1,34,34032,1,1,0,5,ROUTE DE CORNEILHAN (RD.154),43.3759,3.20559,6,3,3
202100027914,151Â 814,A01,1,1,1,0,1,0,-1,0,0,-1,2021,24.0,1,2,0,2,2,2,1,,7,LIBERATION (AVENUE DE LA),0,,2,1,0,2,(1),(1),1,, -1,1,0,1,50,19,7,1,54,54395,2,9,0,2,LIBERATION (AVENUE DE LA),48.697278,6.154478,13,2,2
202100045401,120Â 578,A01,1,1,1,4,1,5,-1,0, -1,-1,2021,50.0,2,2,0,2,2,15,1,,4,ROQUE (RUE DE LA),0,,2,2,0,2,0,0,1,, -1,1,0,1,30,2,4,1,30,30007,2,1,0,3,ROQUE (RUE DE LA),44.12675,4.07724,18,2,2
202100003991,194Â 615,A01,1,1,1,0,8,0,-1,-1, -1,-1,2021,32.0,2,1,0,2,1,1,1,,7,GEOFFROY ST HILAIRE (AVENUE),0,,2,2,0,1,49,70,1,, -1,1,0,1,30,7,12,2,83,83069,2,1,0,3,GEOFFROY ST HILAIRE (AVENUE),43.1078421718,6.1287564039,18,2,2
202100012177,179Â 954,B01,2,2,2,5,1,0,-1,-1, -1,-1,2021,25.0,3,2,0,2,8,1,1,,4,MONTMAILLER (RUE),0,,2,2,0,1,0,0,1,, -1,1,0,1,50,16,10,5,87,87085,2,2,0,3,MONTMAILLER (RUE),45.83607,1.25058,23,3,2
202100005311,192Â 297,B01,1,1,1,9,2,6,-1,-1, -1,-1,2021,32.0,3,1,0,2,1,1,1,,4,TONNELLE (BOULEVARD),0,,2,2,0,1,(1),(1),1,, -1,1,5,1,50,30,11,5,37,37261,2,1,0,1,TONNELLE (BOULEVARD),47.3830316518,0.6683313847,23,2,2
202100051718,109Â 247,A01,10,3,1,0,0,-1,-1,4,3,1,2021,22.0,3,2,0,1,2,1,1,,4,LENINE (PL),0,,-1,0,0,2,0,0,1,, -1,1,0,1,50,12,2,1,94,94017,2,3,0,3,LENINE (PL),48.81194,2.51076,17,2,1
202100018044,169Â 374,A01,1,1,1,5,2,6,-1,0,0,-1,2021,22.0,2,1,0,0,0,0,1,,2,11,-1,,3,4,0,1,31,876,1,,"7,6",2,0,8,90,19,9,3,17,17142,1,1,1,7,N11,46.182802,-1.083376,23,1,1
202100042268,126Â 077,B01,1,1,1,5,2,-1,-1,0,0,-1,2021,11.0,1,1,0,2,1,9,3,,4,,0,,2,2,0,1,(1),(1),1,, -1,1,0,1,30,28,4,1,33,33003,2,3,0,3,Rue du Broustey,44.937978,-0.497212,19,3,2
202100017302,170Â 724,A01,1,1,1,5,2,6,-1,0,0,-1,2021,22.0,2,1,0,2,1,1,1,,4,160,0,D,2,2,0,2,(1),(1),4,, -1,1,0,1,50,26,9,5,201,201041,2,1,0,1,Avenue Charles de Gaulle,41.387696,9.164245,4,2,2
202100015581,173Â 832,B01,1,1,2,1,1,4,-1,-1, -1,-1,2021,23.0,1,2,0,2,1,1,1,,7,RD 37,0,,3,3,0,4,12,0,3,, -1,1,3,1,90,30,9,1,37,37122,1,1,0,4,RD 37,47.3666659165,0.6542263039,8,3,3
202100018244,169Â 000,A01,9,2,2,5,0,-1,-1,0,0,-1,2021,16.0,1,2,13,0,2,21,1,,3,108,-1,,2,2,0,1,16,150,2,, -1,1,0,3,80,18,9,3,49,49080,1,1,0,6,D108,47.697704,-0.459827,23,4,1
202100023154,160Â 231,A01,1,1,1,5,2,6,-1,0,0,-1,2021,57.0,2,1,0,2,1,13,1,,3,61,0,A,2,2,0,3,0,157,3,, -1,1,0,1,80,22,8,1,31,31484,1,1,0,1,Route de BessiÃ¨res,43.687174,1.487563,15,2,2
202100041369,127Â 662,A01,1,1,1,4,1,-1,-1,0,0,-1,2021,28.0,1,2,0,2,5,17,1,,1,16,-1,A,3,4,0,1,133,550,1,, -1,1,0,1,130,6,5,1,80,80024,1,1,0,2,autoroute A16 - PK 133+550,49.9477865164,2.2346806528,8,2,2
202100046713,118Â 273,A01,1,1,2,4,1,-1,-1,-1, -1,-1,2021,44.0,2,4,0,2,1,2,1,,1,ROCADE A 630,0,,3,4,0,1,13,69,1,, -1,1,8,1,70,22,3,1,33,33162,1,1,0,4,ROCADE A 630,44.86356,-0.655284,18,7,5
202100001243,199Â 545,B01,1,1,2,1,1,-1,-1,0,0,-1,2021,38.0,0,2,0,2,3,1,1,,3,76,-1,D,-1,2,0,2,(1),(1),1,, -1,2,0,1,80,28,12,3,38,38449,1,1,1,1,Route d Heyrieux,45.63972,5.088419,19,2,2
202100010088,183Â 670,A01,10,3,1,0,0,-1,-1,2,3,1,2021,78.0,1,2,0,1,3,1,1,,3,980,-1,,3,2,0,1,58,650,1,, -1,1,0,1,50,25,10,1,21,21425,2,1,1,6,Route dÃ©partementale 980,47.626883,4.338757,9,2,1
202100006971,189Â 303,A01,3,2,2,5,1,-1,-1,0,0,-1,2021,71.0,1,2,7,2,7,13,2,,1,9,-1,A,3,3,0,1,61,600,1,, -1,1,8,1,90,21,11,1,30,30036,1,1,0,3,A9 - PK 61+600,43.7737898496,4.2819857597,15,4,2
202100055727,102Â 253,B01,1,1,1,9,1,-1,-1,0,0,-1,2021,18.0,0,2,0,2,2,1,1,,3,311,0, -,2,2,0,1,5,1,1,, -1,1,0,1,70,10,1,2,69,69028,1,2,0,3,D311,45.71487,4.693222,16,6,2
202100038000,133Â 738,A01,1,1,1,5,2,0,-1,-1, -1,-1,2021,57.0,1,1,0,0,7,26,1,,4,LEFEVRE,0,,-1,2,0,1,1,0,1,, -1,1,0,1,50,26,5,1,49,49353,2,1,0,7,LEFEVRE,47.44563,-0.48749,16,1,1
202100037937,133Â 855,A01,1,1,1,4,1,-1,-1,0,0,-1,2021,30.0,1,5,0,2,8,19,1,,3,712,-1,,2,2,0,1,57,900,3,, -1,1,0,1,80,28,5,1,29,29181,1,2,0,3,Lieu-dit Kerhamon,48.463891,-4.228953,14,2,2
202100003579,195Â 357,B01,1,1,1,2,2,6,-1,-1, -1,-1,2021,15.0,2,1,0,2,1,21,1,,3,MONTEES (RUE DES),0,,2,2,0,1,0,0,1,, -1,2,0,1,50,8,12,2,87,87085,2,2,1,3,BELLAC (RUE DE),45.85064,1.24477,7,2,2
202100035540,138Â 182,A01,10,3,2,5,0,-1,-1,2,4,3,2021,5.0,1,2,0,1,2,1,1,,4,RUE ERNEST RENAN,0,,1,1,0,1,(1),(1),1,, -1,1,0,1,50,9,6,1,75,75115,2,1,0,6,RUE ERNEST RENAN,48.842613,2.310376,11,2,1
202100025590,155Â 938,A01,1,1,1,5,8,0,-1,-1, -1,-1,2021,32.0,2,1,0,0,7,1,5,,4,BASTIE (AVENUE MARYSE),0,,1,1,0,2,0,0,4,, -1,2,0,8,30,3,8,1,87,87113,1,1,1,7,BASTIE (AVENUE MARYSE),45.88137,1.32946,12,1,1
202100020243,165Â 454,B01,1,1,1,9,2,-1,-1,0,0,-1,2021,35.0,0,1,0,2,1,1,1,,3,QUATORZE JUILLET 1789 (AVENUE DU),0,,-1,4,0,1,(1),(1),1,, -1,1,0,1,50,4,9,1,80,80021,2,1,0,1,QUATORZE JUILLET 1789 (AVENUE DU),49.88055,2.28418,14,3,2
202100026022,155Â 163,A01,1,1,1,5,2,6,-1,0,0,-1,2021,21.0,1,1,0,2,1,1,1,,3,12,-1,,2,2,0,1,12,250,1,, -1,1,0,1,80,2,8,1,31,31547,1,2,0,3,Les Aujoulets,43.504239,1.2483,15,5,2
202100017411,170Â 506,B01,1,1,1,0,1,0,-1,0,0,-1,2021,80.0,1,2,0,2,6,1,1,,3,ALATA ROUTE,0,,-1,2,0,1,0,500,1,, -1,1,0,1,50,22,9,1,201,201004,2,2,0,3,ALATA ROUTE,41.93452,8.73671,11,2,2
202100051652,109Â 363,A01,10,3,2,5,0,-1,-1,1,3,1,2021,82.0,3,5,0,1,4,4,1,,4,SERRES (ALLEE DES),0,,-1,1,0,1,(1),(1),1,, -1,1,0,1,30,30,1,1,95,95555,2,1,0,6,SERRES (ALLEE DES),48.96901,2.28179,12,2,1
202100019462,166Â 851,A01,10,3,1,5,8,8,-1,9,3,1,2021,22.0,0,2,0,1,2,1,1,,4,BOIS DE NEFLES (RUE DU),0,,1,1,0,1,0,0,1,, -1,1,0,1,30,11,9,2,974,97411,2,3,0,2,BOIS DE NEFLES (RUE DU),-20.89015,55.4568,18,2,1
202100036542,136Â 398,A01,1,1,1,5,0,-1,-1,0,0,-1,2021,15.0,2,1,0,2,7,15,5,,3,377,-1,,2,2,0,1,0,10,3,, -1,1,5,1,80,4,6,1,89,89257,1,4,0,1,D377,47.958337,3.504065,14,2,2
202100021784,162Â 687,A01,1,1,1,5,1,0,-1,-1, -1,-1,2021,50.0,2,2,0,2,4,23,1,,3,SALENGRO (RUE ROGER),0,,2,2,0,1,0,280,1,, -1,1,0,1,50,30,8,1,45,45068,2,3,0,2,Rue Roger Salengro,48.0142927816,2.7171494362,19,2,2
202100036367,136Â 695,B01,1,1,1,0,1,-1,-1,-1, -1,-1,2021,35.0,2,2,0,2,4,1,1,,4,OSCHATZ (D')                        (AV),0,,3,2,2,2,(1),(1),1,, -1,2,0,1,50,4,6,3,69,69259,2,1,1,2,OSCHATZ (D') (AV),45.69416,4.87908,22,2,2
202100018365,168Â 799,B01,1,1,2,0,1,0,-1,-1, -1,-1,2021,27.0,1,2,0,2,4,1,1,,1,VA007342 LA CEPIERE  A620 Sortie 27,0,,3,9,0,1,7,37,1,, -1,1,0,1,90,17,9,1,31,31555,1,1,0,2,VA007342 LA CEPIERE  A620 Sortie 27,43.59786,1.39734,16,4,2
202100042193,126Â 202,A01,1,1,1,5,1,0,-1,-1, -1,-1,2021,25.0,1,2,2,0,2,14,1,,3,Route DÃ©partementale 437,0,,2,2,0,1,40,120,4,, -1,1,0,1,80,27,4,2,25,25204,1,1,0,6,Route DÃ©partementale 437,46.92776,6.35934,20,1,1
202100016582,171Â 992,A01,2,2,2,5,1,-1,-1,0,0,-1,2021,19.0,1,2,6,0,1,1,1,,3,118,-1,,2,2,0,2,1,530,2,, -1,1,0,4,30,25,8,3,70,70179,2,1,0,6,6 Route de Villeparois,47.645207,6.180458,0,4,1
202100009181,185Â 299,A01,3,2,1,5,1,0,-1,-1, -1,-1,2021,21.0,1,2,6,0,3,1,1,,4,Tunnel Prado CarÃ©nage,0,,1,2,0,2,2924,0,2,, -1,1,1,1,70,6,11,5,13,13207,1,4,0,7,Tunnel Prado CarÃ©nage,43.29124,5.36613,2,3,1
202100018181,169Â 113,B01,1,1,1,9,8,0,-1,0,0,-1,2021,29.0,1,1,0,2,2,1,5,,4,RUE LA FAYETTE,0,,1,2,0,1,(1),(1),1,, -1,1,0,1,30,17,9,5,75,75109,2,3,0,3,RUE LA FAYETTE,48.876009,2.344516,20,2,2
202100012881,178Â 702,A01,1,1,1,5,2,6,-1,0,0,-1,2021,34.0,1,1,0,0,1,15,1,,4,BOULEVARD DE LA MADELEINE,0,,2,4,0,1,(1),(1),1,, -1,1,0,1,30,16,10,5,75,75109,2,3,0,7,BOULEVARD DE LA MADELEINE,48.86973,2.326492,4,2,1
202100004802,193Â 196,A01,10,3,2,9,0,-1,-1,3,3,1,2021,13.0,1,2,0,1,2,26,2,,7,DE GAULLE GENERAL AVENUE,0,,-1,2,0,1,1,0,1,, -1,1,0,1,50,4,12,1,6,6123,2,1,0,6,DE GAULLE GENERAL AVENUE,43.67341,7.18981,13,2,1
202100041654,127Â 148,A01,10,3,2,5,0,-1,-1,5,9,2,2021,25.0,1,2,8,1,8,1,1,,4,ST GERVAIS                          (R ),0,,1,1,0,1,(1),(1),1,, -1,2,0,1,50,1,5,1,69,69388,2,2,1,3,SAINT GERVAIS (R),45.74173,4.86209,11,4,2
202100005795,191Â 433,B01,2,2,2,2,1,-1,-1,0,0,-1,2021,17.0,2,2,0,2,1,1,1,,3,936,-1,,2,2,0,1,3,850,1,, -1,1,0,1,80,29,11,1,1,1353,1,1,0,5,D936,45.975403,4.785662,7,4,3
202100031956,144Â 622,A01,2,2,1,5,2,8,-1,-1, -1,-1,2021,45.0,1,1,15,0,1,1,1,,3,D28 LIGNE DES BAMBOUS,0,,2,2,0,1,(1),(1),1,, -1,2,0,1,50,27,6,5,974,97416,2,1,1,6,D28 LIGNE DES BAMBOUS,-21.30004,55.49171,22,2,1
202100039536,130Â 921,D01,1,1,2,1,1,8,-1,-1, -1,-1,2021,57.0,2,2,4,2,1,2,1,,1,A51-Sens Aix en Provence vers Marseille,0,,1,3,0,1,1,200,1,, -1,1,0,1,90,17,5,1,13,13106,1,1,0,4,A51-Sens Aix en Provence vers Marseille,43.406426,5.36151,7,4,4
202100032467,143Â 741,A01,1,1,1,5,2,6,-1,-1, -1,-1,2021,50.0,0,1,0,2,2,17,1,,3,D934,0,,3,6,0,1,8,381,1,, -1,1,0,1,70,23,6,3,77,77438,1,1,0,2,D934,48.86631,2.67909,23,3,2
202100045327,120Â 712,A01,1,1,1,0,1,-1,-1,0,0,-1,2021,54.0,1,2,8,0,0,1,1,,3,1089,0,,2,2,0,1,16,600,1,, -1,1,0,1,80,3,4,3,33,33393,1,6,0,7,,44.980266,-0.149056,21,1,1
202100018000,169Â 454,B01,3,2,2,5,1,-1,-1,-1,0,-1,2021,17.0,2,2,0,2,7,15,3,,7,BOIS AVENUE DU,0,,2,3,0,2,(1),(1),1,, -1,1,0,1,50,19,9,4,59,59009,2,2,0,3,BOIS AVENUE DU,50.63168,3.14064,0,6,2
202100018198,169Â 081,A01,1,1,1,5,8,8,-1,0,0,-1,2021,55.0,3,1,0,2,1,9,5,,4,,0,,2,2,0,1,0,0,1,, -1,1,5,1,50,18,9,1,92,92026,2,6,0,3,BEZONS (DE 23 A FIN),48.8934401631,2.252124846,16,2,2
202100055187,103Â 172,B01,1,1,1,0,8,-1,-1,-1, -1,-1,2021,76.0,1,1,0,2,1,16,1,,4,QUAI FRANCAIS,0,,3,4,0,1,(1),(1),1,, -1,2,0,1,70,13,1,1,33,33032,2,6,1,3,Quai Francais,44.89951,-0.53203,14,2,2
202100043703,123Â 570,A01,1,1,2,5,2,6,-1,0,0,-1,2021,32.0,1,1,0,0,0,0,1,,2,10,0, -,3,4,0,1,41,500,1,, -1,1,0,1,110,18,4,1,78,78601,1,1,0,7,nationale 10,48.585639,1.832212,18,1,1
202100021817,162Â 626,A01,1,1,2,5,1,0,-1,-1, -1,-1,2021,19.0,1,2,12,0,1,16,1,,3,R EMILE ZOLA ,0,,3,1,0,1,1,0,3,, -1,1,0,4,50,30,8,5,94,94002,2,2,0,6,Rue Emile Zola,48.7999,2.42712,0,3,1
202100021818,162Â 625,B01,2,2,1,5,1,0,-1,-1, -1,-1,2021,28.0,0,2,0,2,3,19,1,,4,MONTCALM (AVENUE),0,,2,2,0,1,0,0,1,, -1,1,5,1,50,30,8,1,93,93078,2,2,0,3,MONTCALM (AVENUE),48.9525,2.535,16,3,2
202100052045,108Â 686,B01,1,1,1,4,1,5,-1,-1, -1,-1,2021,33.0,3,2,0,2,1,1,1,,3,GALLIENI (BD),0,,2,2,0,1,1,0,1,, -1,1,0,1,30,9,2,1,94,94033,2,2,0,3,GALLIENI (BD),48.8487,2.4777,9,4,2
202100038710,132Â 441,B01,1,1,1,5,2,6,9,0,0,-1,2021,19.0,1,1,0,2,1,13,1,,3,7,-1,,2,2,0,1,34,700,3,, -1,1,0,1,80,23,5,1,69,69139,1,1,0,1,D7,45.808951,4.472251,13,5,2
202100048179,115Â 629,B01,4,2,1,5,0,-1,-1,0,0,-1,2021,28.0,1,2,3,0,4,2,1,,1,77,0,A,3,4,0,1,106,780,1,, -1,1,0,1,130,14,3,1,58,58086,1,1,0,2,A77 PK 106+780,47.359641,2.923651,11,6,2
202100015110,174Â 698,A01,1,1,1,5,2,6,-1,0,0,-1,2021,46.0,1,1,0,0,0,21,3,,4,AVENUE DE WAGRAM,0,,2,2,0,1,(1),(1),1,, -1,2,0,1,30,5,10,1,75,75117,2,7,1,7,AVENUE DE WAGRAM,48.87841,2.298397,10,1,1
202100000938,200Â 074,B01,1,1,1,5,1,-1,-1,0,0,-1,2021,62.0,0,2,0,2,1,1,1,,3,24,-1,,2,2,0,2,(1),(1),3,, -1,8,0,1,50,30,12,1,84,84139,2,1,0,1,D24,43.918793,5.116646,16,4,2
202100039436,131Â 112,A01,10,3,2,5,0,-1,-1,3,3,1,2021,73.0,1,2,0,1,2,15,1,,3,ALSACE LORRAINE (AVENUE),0,,-1,3,0,1,42,84,1,, -1,2,5,1,50,18,5,1,65,65440,2,2,1,6,RENAUDET (BOULEVARD PIERRE),43.24447,0.07333,17,2,1
202100008688,186Â 207,A01,1,1,1,0,2,6,-1,-1, -1,-1,2021,20.0,1,1,0,2,7,26,1,,3,117,0,,2,2,0,2,0,0,1,, -1,1,0,1,30,8,11,5,91,91216,2,1,0,5,CORBEIL (RUE),48.67032,2.33245,19,3,3
202100003263,195Â 931,A01,1,1,1,9,2,6,-1,0,0,-1,2021,34.0,3,1,0,0,0,11,1,,4,QUAI DE BERCY,0,,1,3,0,1,(1),(1),1,, -1,2,0,1,50,12,12,1,75,75112,2,1,1,7,QUAI DE BERCY,48.828757,2.387564,12,1,1
202100035899,137Â 520,A01,10,3,2,0,0,-1,-1,9,3,1,2021,58.0,1,2,0,1,1,1,1,,7,GAULLE (AVENUE DU GENERAL DE),0,,2,4,2,1,(1),(1),1,, -1,1,0,1,50,7,6,1,59,59090,2,1,0,6,GAULLE (AVENUE DU GENERAL DE),50.70644,3.10184,15,2,1
202100024064,158Â 635,A01,2,2,2,5,2,6,-1,0,0,-1,2021,36.0,2,1,2,0,3,1,1,,3,,0,,2,2,0,4,12,800,3,,6,1,0,1,80,15,8,1,36,36158,1,1,0,6,,46.531403,1.62838,15,2,1
202100003981,194Â 636,A01,1,1,2,1,2,8,-1,-1, -1,-1,2021,35.0,3,1,0,2,1,1,1,,4,DUMAY DELILLE (BOULEVARD),0,,1,1,0,1,0,100,1,, -1,2,0,1,50,7,12,1,91,91421,2,1,0,6,DUMAY DELILLE (BOULEVARD),48.699002,2.466536,9,2,2
202100022504,161Â 404,A01,1,1,1,5,2,6,-1,0,0,-1,2021,40.0,1,1,0,0,0,1,1,,3,991,-1,,2,2,0,2,41,980,3,, -1,9,0,1,90,25,8,1,19,19145,1,1,0,7,D991,45.384135,2.122421,10,1,1
202100035897,137Â 523,A01,10,3,2,5,0,-1,-1,9,1,1,2021,86.0,3,2,0,1,4,4,1,,4,MILIEU (CHEMIN DU ),0,,2,1,3,1,0,0,1,, -1,1,0,1,30,7,6,1,61,61001,2,1,0,7,sentier du Milieu,48.439229999,0.07866,15,2,1
202100001961,198Â 296,B01,1,1,1,1,2,6,-1,0,0,-1,2021,19.0,2,1,0,2,1,1,1,,3,80,0,D,2,2,0,1,5,700,1,, -1,1,0,1,-1,22,12,3,13,13094,1,3,0,1,D80,43.817051,4.713643,17,2,2
202100042527,125Â 608,A01,1,1,1,5,2,-1,-1,0,0,-1,2021,10.0,1,1,13,0,1,19,5,,3,230,0,D,2,2,0,2,12,600,4,, -1,1,0,3,80,24,4,1,61,61446,1,1,0,7,D230,48.756695,0.47896,17,1,1
202100035649,137Â 990,A01,1,1,1,9,1,0,-1,-1, -1,-1,2021,37.0,2,2,0,2,1,2,1,,2,RN 104,0,,3,4,0,1,45,900,1,, -1,1,0,1,110,9,6,1,91,91549,1,1,0,2,RN 104,48.62512,2.3348,19,2,2
202100016726,171Â 727,A01,1,1,1,5,2,-1,-1,0,0,-1,2021,15.0,1,1,0,2,1,1,1,,3,552,-1,D,2,2,0,2,6,0,3,, -1,1,0,1,80,26,9,1,53,53218,1,1,0,1,D552,48.20409,-0.377215,19,2,2
202100005588,191Â 815,B01,1,1,1,1,2,6,-1,0,0,-1,2021,16.0,1,1,0,2,8,15,1,,3,73,0,,2,2,0,1,12,400,1,, -1,1,0,1,80,1,12,1,71,71351,1,1,0,3,120 Route de Chalon,46.882983,5.237607,8,2,2
202100049716,112Â 877,A01,8,2,1,5,1,-1,-1,0,0,-1,2021,42.0,1,2,13,0,1,13,1,,2,10,-1,,2,2,0,1,13,50,3,, -1,1,0,3,80,1,3,3,201,201247,1,1,0,6,Route de Bonifacio,41.490567593,9.243534986,21,3,1
202100050198,111Â 988,C01,1,1,1,1,1,0,-1,-1, -1,-1,2021,33.0,1,2,0,2,4,20,1,,4,SAINTE MARTHE (chemin),0,,2,2,0,1,(1),(1),1,, -1,1,0,1,50,25,2,1,13,13214,2,1,0,4,SAINTE MARTHE (chemin),43.327575,5.387728,7,3,3
202100017894,169Â 637,A01,1,1,1,0,2,6,-1,-1, -1,-1,2021,19.0,0,1,0,2,1,1,1,,3,406,0,,-1,0,0,1,0,0,1,, -1,1,0,1,50,20,9,1,92,92048,2,1,0,1,MARCEL ALLEGOT (RUE),48.822142515,2.2262147069,14,2,2
202100036789,135Â 948,B01,1,1,1,9,8,0,-1,-1, -1,-1,2021,14.0,1,1,0,2,1,1,5,,7,BOUVRY ROGER RUE,0,,2,4,1,1,(1),(1),1,, -1,1,0,5,50,1,6,1,59,59560,2,1,0,3,BOUVRY ROGER RUE,50.5480851378,3.0279886464,15,2,2
202100009230,185Â 211,A01,1,1,1,5,1,8,-1,-1, -1,-1,2021,44.0,1,2,0,2,2,1,1,,4,ROMAINS (ROUTE DES),0,,2,3,1,1,0,0,1,, -1,1,0,1,50,5,11,5,67,67482,2,3,0,3,ROMAINS (ROUTE DES),48.58006,7.6971,5,3,2
202100054782,103Â 874,A01,10,3,2,5,0,-1,-1,3,3,1,2021,89.0,2,1,0,1,1,1,5,,4,RUE DE BOULAINVILLIERS,0,,1,1,0,2,(1),(1),1,, -1,5,0,1,30,16,1,1,75,75116,2,4,1,6,RUE DE BOULAINVILLIERS,48.855558,2.275051,12,2,1
202100053069,106Â 862,A01,10,3,1,0,0,-1,-1,1,3,1,2021,46.0,1,2,0,1,1,19,1,,4,PERI (AVENUE GABRIEL),0,,1,2,0,1,0,0,1,, -1,1,1,1,50,29,1,1,13,13005,2,1,0,6,PERI (AVENUE GABRIEL),43.29485,5.57117,10,2,1
202100049861,112Â 610,A01,1,1,1,1,2,6,-1,-1, -1,-1,2021,26.0,3,1,0,0,0,1,1,,4,TUNNEL ROUTIER RUE TERME     (XX),0,,1,1,0,2,(1),(1),1,, -1,1,1,1,50,27,2,2,69,69381,2,1,0,7,TUNNEL ROUTIER RUE TERME,45.77176,4.83096,18,1,1
202100038886,132Â 122,A01,2,2,2,1,1,0,-1,-1, -1,-1,2021,52.0,1,2,0,0,6,16,1,,3,GERTY ARCHIMEDE (RESIDENCE),0,,3,2,0,1,0,0,3,, -1,1,9,1,50,22,4,1,971,97120,2,9,0,2,GERTY ARCHIMEDE (RESIDENCE),16.24816,-61.53763,8,3,2
202100005685,191Â 636,B01,1,1,1,5,1,-1,-1,0,0,-1,2021,67.0,1,2,0,2,3,1,1,,3,28,-1,,2,2,0,1,33,950,2,,"4,4",1,0,1,80,30,11,1,79,79242,1,1,0,1,,46.944205,-0.527805,13,2,2
202100024378,158Â 108,B01,7,2,1,5,0,-1,-1,0,0,-1,2021,15.0,3,2,0,2,8,9,1,,4,92,0,,2,2,0,1,(1),(1),1,,5,1,5,1,50,13,8,5,35,35207,2,6,0,3,Rue Pierre Marchand,48.112908,-1.521499,22,4,2
202100031732,145Â 038,B01,1,1,1,5,2,6,-1,0,0,-1,2021,31.0,1,1,0,2,3,1,1,,4,RUE DE TOLBIAC,0,,2,3,0,1,(1),(1),1,, -1,2,0,1,50,29,6,1,75,75113,2,2,0,3,RUE DE TOLBIAC,48.826148,2.357293,10,2,2
202100011188,181Â 731,B01,3,2,1,0,1,0,-1,-1, -1,-1,2021,3.0,3,2,0,0,5,1,1,,1,STALINGRAD (BD DE),0,,1,2,0,1,0,1,1,, -1,1,0,1,50,24,10,5,94,94022,2,2,0,3,STALINGRAD (BD DE),48.77282,2.40011,21,5,2
202100036937,135Â 677,A01,10,3,1,4,0,-1,-1,6,A,1,2021,39.0,1,2,1,1,2,14,1,,1,AUTOROUTE A6,0,,1,3,0,1,12,880,1,, -1,1,0,2,110,2,6,1,91,91161,1,1,0,3,AUTOROUTE A6,48.70866,2.30662,16,2,1
202100053263,106Â 526,A01,10,3,2,5,0,-1,-1,1,3,1,2021,43.0,1,2,0,1,3,17,1,,4,KENNEDY (BOULEVARD DU PRESIDENT),0,,-1,2,0,1,0,0,1,, -1,2,0,1,50,28,1,1,93,93078,2,3,1,6,KENNEDY (BOULEVARD DU PRESIDENT),48.95919,2.54369,16,2,1
202100054107,105Â 032,B01,1,1,1,9,2,0,-1,-1, -1,-1,2021,59.0,2,1,0,2,3,1,1,,3,AV DE LA REPUBLIQUE,0,,2,2,0,1,1,0,1,, -1,1,0,8,50,22,1,2,94,94046,2,4,0,3,REPUBLIQUE (AV DE LA),48.8,2.44,18,3,2
202100042417,125Â 804,A01,1,1,2,1,1,0,-1,-1, -1,-1,2021,19.0,1,2,4,0,8,1,1,,2,449,0,,1,3,0,1,10,0,1,, -1,1,0,1,70,27,4,3,91,91521,1,1,0,7,RN 449,48.63544,2.40174,5,1,1
202100008245,186Â 975,B01,1,1,1,0,2,8,-1,-1, -1,-1,2021,18.0,2,1,0,2,1,1,1,,7,JOFFRE (BD MARECHAL),0,,4,2,0,1,1,640,1,, -1,1,0,1,50,13,11,5,83,83137,2,1,0,3,JOFFRE (BD MARECHAL),43.12421,5.95458,21,2,2
202100022544,161Â 332,A01,10,3,1,1,0,-1,-1,1,3,1,2021,60.0,2,2,0,1,3,1,1,,2,1,-1,,1,2,0,1,(1),(1),3,,"10,5",1,0,1,90,27,8,1,971,97103,1,1,0,6,RN1,16.251393,-61.588401,7,2,1
202100026536,154Â 261,A01,1,1,1,9,1,-1,-1,0,0,-1,2021,20.0,3,2,2,0,1,0,1,,4,,-1,,2,2,0,1,(1),(1),2,,3,1,0,3,80,30,7,3,79,79179,1,1,0,6,Lieu Dit la Haute Geniere,46.706793,-0.591813,3,1,1
202100052907,107Â 146,B01,1,1,1,9,1,0,-1,0,0,-1,2021,24.0,1,2,0,2,1,1,1,,4,RUE DUROC,0,,1,1,0,1,(1),(1),1,, -1,2,0,1,30,30,1,5,75,75107,2,2,1,3,RUE DUROC,48.847695,2.313351,20,2,2