Num_Acc,id_vehicule,num_veh,place,catu,sexe,trajet,secu1,secu2,secu3,locp,actp,etatp,year_acc,victim_age,senc,catv,obs,obsm,choc,manv,motor,occutc,catr,voie,v1,v2,circ,nbv,vosp,prof,pr,pr1,plan,lartpc,larrout,surf,infra,situ,vma,jour,mois,lum,dep,com,agg_,int,atm,col,adr,lat,long,hour,nb_victim,nb_vehicules
202100051090,110Â 355,A01,10,3,1,0,0,-1,-1,3,3,1,2021,43.0,1,2,0,1,2,1,1,,4,CHASTENET DE GERY (BD),0,,2,2,0,1,0,0,1,, -1,2,9,1,50,18,2,1,94,94076,2,1,1,1,CHASTENET DE GERY (BD),48.80146,2.35577,15,2,1
202100050615,111Â 217,A01,1,1,1,1,2,6,9,0,0,-1,2021,60.0,2,1,13,0,9,1,1,,3,D31,0,A,2,2,0,2,0,74,2,, -1,1,0,3,80,23,2,1,76,76238,1,1,0,7,Rue de Coupeauville,49.562703,0.223578,16,1,1
202100015620,173Â 754,B01,1,1,1,5,2,8,-1,-1, -1,-1,2021,66.0,1,1,0,2,1,1,3,,4,MARECHAL JUIN AVENUE,0,,-1,-1,0,1,1,0,1,, -1,1,0,1,50,1,10,1,13,13063,2,1,0,3,MARECHAL JUIN AVENUE,43.581660704,4.9977368279,9,2,2
202100019287,167Â 160,A01,1,1,1,1,2,6,-1,0,0,-1,2021,58.0,1,1,0,2,2,17,1,,3,306,-1,,3,2,0,1,29,500,1,, -1,1,0,1,50,13,9,1,69,69009,2,9,0,3,VILLEFRANCHE (DE) (RTE),45.941195,4.716123,7,2,2
202100016900,171Â 413,B01,1,1,1,1,2,-1,-1,-1, -1,-1,2021,36.0,0,1,0,2,2,1,3,,4,EUROPE (AVENUE DE L'),0,,3,4,0,1,(1),(1),3,, -1,1,0,1,50,22,9,5,51,51454,2,6,0,3,Rond Point Georges Clignet,49.2523103718,4.0629221805,20,2,2
202100038973,131Â 976,A01,1,1,1,9,2,8,-1,0,0,-1,2021,31.0,3,1,0,0,1,26,5,,4,QUAI HENRI IV,0,,-1,1,0,1,(1),(1),1,, -1,1,1,1,50,21,5,1,75,75104,2,1,0,7,QUAI HENRI IV,48.847367,2.364763,19,1,1
202100040510,129Â 195,A01,1,1,2,9,1,0,-1,0,0,-1,2021,69.0,1,2,0,2,3,22,1,,4,RUE DE VARIZE,0,,1,1,0,1,(1),(1),1,, -1,1,0,1,30,10,5,1,75,75116,2,1,0,3,RUE DE VARIZE,48.841994,2.257336,16,2,2
202100000314,201Â 156,A01,1,1,1,5,2,0,-1,-1, -1,-1,2021,21.0,3,1,7,2,0,1,1,,7,ROUTE NATIONALE 113 - AGAVON,0,,2,1,3,1,0,0,1,, -1,1,5,1,70,3,5,1,13,13071,2,1,0,3,ROUTE NATIONALE 113 - AGAVON,43.41549,5.29645,18,3,2
202100046708,118Â 286,A01,1,1,1,0,1,0,-1,-1, -1,-1,2021,21.0,1,2,14,0,9,0,1,,1,A55-Sens Martigues vers Marseille,0,,1,3,0,1,13,0,1,, -1,8,0,1,90,24,3,1,13,13071,1,1,0,6,A55-Sens Martigues vers Marseille,43.396243,5.298855,14,1,1
202100027094,153Â 286,B01,2,2,2,9,8,0,-1,-1, -1,-1,2021,20.0,2,1,0,2,3,18,3,,3,CROISAT AMBROISE RD 29 BIS,0,,2,2,0,1,0,1,1,, -1,1,0,1,50,25,7,1,93,93066,2,1,1,3,Rue Ambroise Croizat,48.932296,2.348941,16,3,2
202100030948,146Â 437,A01,1,1,1,1,8,-1,-1,0,0,-1,2021,19.0,1,2,6,0,1,1,1,,3,919,0,,2,2,0,1,19,500,3,, -1,1,0,3,80,2,7,3,76,76672,1,1,1,7,Route de Gaillefontaine,49.6154885042,1.5539555526,4,1,1
202100009051,185Â 525,A01,1,1,1,9,1,8,-1,-1, -1,-1,2021,26.0,1,5,0,2,1,14,1,,1,13,0,,1,4,0,3,3,849,1,, -1,1,1,1,70,6,11,5,92,92064,1,1,0,4,A13,48.8396033998,2.2123667999,17,6,3
202100004161,194Â 311,A01,10,3,2,5,0,0,0,1,3,1,2021,30.0,2,2,0,1,3,1,1,,3,87,-1,,2,2,0,1,16,789,1,, -1,2,0,1,-1,5,11,2,31,31232,1,1,0,6,3430 Route de Larra,43.752195,1.252479,18,2,1
202100009837,184Â 113,A01,1,1,1,0,1,-1,-1,0,0,-1,2021,25.0,3,2,0,2,3,1,1,,9,,-1,,2,2,0,3,(1),(1),1,,4,2,0,1,40,2,11,1,25,25367,2,4,1,3,Chemin des Paturages,47.428838,6.797774,8,2,2
202100038647,132Â 555,B01,1,1,1,9,8,0,-1,0,0,-1,2021,34.0,2,1,0,2,1,1,5,,4,BOULEVARD D INDOCHINE,0,,1,2,1,1,(1),(1),1,, -1,1,0,5,30,23,5,1,75,75119,2,3,0,3,BOULEVARD D INDOCHINE,48.88718,2.396117,13,2,2
202100044731,121Â 760,A01,1,1,2,5,1,-1,-1,0,0,-1,2021,67.0,1,2,0,2,1,1,1,,2,25,0,N,2,2,0,1,12,912,1,, -1,1,5,1,80,9,4,1,62,62086,1,2,0,3,D8,50.218147,2.578343,9,3,2
202100042946,124Â 905,A01,1,1,2,5,0,-1,-1,0,0,-1,2021,13.0,1,1,0,2,1,19,3,,3,415,0,D,2,2,0,1,15,845,1,, -1,1,0,1,50,22,4,1,88,88349,2,2,0,3,Rue de Saint-DiÃ©,48.174575,7.012214,12,2,2
202100046415,118Â 809,B01,1,1,1,1,2,6,9,0,0,-1,2021,39.0,1,1,0,2,1,1,1,,2,5,0,,3,2,0,1,(1),(1),1,, -1,1,0,1,50,27,3,5,972,97217,2,1,0,3,Habitation la Duprey,14.463475,-60.885901,18,3,2
202100032115,144Â 347,B01,1,1,1,0,2,6,-1,-1, -1,-1,2021,16.0,1,1,0,2,1,1,1,,4,LAGRUA (CH.),0,,2,2,1,1,(1),(1),1,, -1,1,0,1,50,25,6,2,33,33529,2,1,0,3,Rue Lagrua,44.645159,-1.157795,20,2,2
202100029278,149Â 430,A01,10,3,1,5,0,-1,-1,1,3,1,2021,73.0,2,1,0,1,1,1,1,,4,FOLIE (Avenue de la),0,,2,2,0,1,0,1,1,, -1,1,0,1,50,4,7,4,84,84007,2,1,0,6,FOLIE (Avenue de la),43.948673,4.819278,22,2,1
202100002604,197Â 126,A01,1,1,1,0,2,0,-1,-1, -1,-1,2021,23.0,3,1,0,0,0,11,1,,4,MARAIS (ROND POINT DES),0,,2,2,0,1,0,0,1,, -1,2,5,1,30,15,12,5,64,64102,2,6,1,3,3 avenue roger Maylie,43.49065,-1.49558,17,2,2
202100055252,103Â 061,A01,10,3,1,5,0,-1,-1,9,1,1,2021,33.0,1,2,0,1,3,0,1,,2,1,-1,,2,2,0,1,11,500,1,, -1,1,0,3,80,13,1,3,973,97305,1,1,0,6,Pk11.500 RN1,4.915918,-52.376053,20,2,1
202100010356,183Â 197,B01,1,1,1,1,2,6,-1,0,0,-1,2021,27.0,1,1,0,2,1,1,1,,4,RUE ETIENNE MARCEL,0,,2,4,0,1,(1),(1),1,, -1,2,0,1,30,29,10,1,75,75102,2,4,0,3,RUE ETIENNE MARCEL,48.864754,2.345467,17,2,2
202100049557,113Â 175,A01,4,2,1,5,9,-1,-1,0,0,-1,2021,7.0,2,2,0,2,1,1,1,,3,137,0,D,2,2,0,3,5,324,4,, -1,1,2,1,50,2,3,1,34,34031,1,1,0,1,Chemin de Vias,43.345061,3.423443,17,5,2
202100001234,199Â 566,A01,1,1,1,5,2,6,-1,0,0,-1,2021,16.0,1,1,0,2,1,1,1,,3,28,-1,,2,2,0,4,31,844,1,,4,2,0,1,80,28,12,3,1,1332,1,2,1,3,1855 Grande Rue,46.303378,4.925421,20,3,2
202100027182,153Â 128,A01,1,1,1,4,1,0,-1,-1, -1,-1,2021,26.0,2,4,13,0,7,14,1,,1,A104,0,,1,2,0,1,14,800,1,, -1,1,0,8,90,23,7,1,77,77514,1,1,0,7,A104,48.94252,2.628311,21,1,1
202100034832,139Â 449,A01,1,1,1,5,2,6,-1,0,0,-1,2021,57.0,2,1,0,2,1,2,1,,3,2,0,,2,1,0,1,3,450,1,,"3,5",1,0,1,80,12,6,1,32,32187,1,3,0,2,D2,43.560289,0.441974,15,2,2
202100021419,163Â 367,A01,10,3,1,0,0,-1,-1,2,3,1,2021,80.0,2,2,0,1,3,16,1,,4,PARADISIERS (AVENUE DES),0,,2,2,0,3,(1),(1),3,, -1,1,5,1,50,1,9,1,972,97209,2,1,0,6,PARADISIERS (AVENUE DES),14.6238800824,-61.0370886326,8,2,1
202100020620,164Â 770,A01,10,3,1,3,0,-1,-1,2,3,2,2021,69.0,1,2,0,9,8,15,1,,3,,-1,,2,2,0,1,119,1444,1,,4,1,0,1,50,6,9,1,76,76192,2,3,0,6,Rue du Huit Mai 1945,50.016631,1.318738,16,2,1
202100023322,159Â 927,A01,1,1,2,0,1,0,-1,-1, -1,-1,2021,31.0,1,2,0,2,1,2,1,,2,MARECHAL DE LATTRE DE TASSIGNY (AV),0,,3,3,0,1,1,0,1,, -1,1,0,1,70,20,8,1,94,94075,2,1,0,2,Av du Mal de Lattre de Tassigny,48.7277089407,2.5299239159,16,2,2
202100044512,122Â 144,A01,1,1,1,5,2,-1,-1,0,0,-1,2021,53.0,1,1,0,2,8,9,1,,2,1,0,,3,4,0,1,9,200,1,, -1,1,0,1,50,10,4,1,987,98738,2,1,0,3,PK 009+200,-17.585285,-149.614209,15,4,2
202100018302,168Â 908,A01,10,3,1,5,0,-1,-1,3,3,2,2021,3.0,2,2,0,1,2,16,1,,4,ROGER SALENGRO                      (R ),0,,2,2,0,1,(1),(1),3,, -1,1,0,1,50,17,9,1,69,69389,2,4,0,6,ROGER SALENGRO (R),45.77704,4.80721,17,2,1
202100037633,134Â 391,B01,1,1,2,0,1,0,-1,-1, -1,-1,2021,29.0,1,2,0,2,2,1,1,,4,PASTEUR,0,,2,2,0,1,0,9,1,, -1,1,0,1,50,29,5,1,93,93066,2,2,0,5,Rue Pasteur / Rue dâAndilly,48.94213,2.377094,19,3,3
202100034045,140Â 904,B01,1,1,1,5,2,6,-1,-1, -1,-1,2021,17.0,1,1,0,2,1,1,1,,4,GUYNEMER (AVENUE),0,,2,2,0,1,0,0,1,, -1,1,0,1,50,14,6,1,64,64024,2,1,0,3,GUYNEMER (AVENUE),43.49768,-1.53842,17,2,2
202100032069,144Â 425,B01,2,2,1,5,1,0,-1,-1, -1,-1,2021,10.0,1,2,0,2,4,26,1,,1,A86 INT,0,,1,3,0,1,38,799,1,, -1,2,0,1,90,26,6,5,94,94028,1,1,1,2,A86 INT,48.7924517963,2.4412611704,1,4,2
202100002191,197Â 877,A01,1,1,1,5,1,-1,-1,0,0,-1,2021,49.0,1,2,13,0,2,1,1,,3,958,-1,D,2,2,0,1,54,600,1,, -1,7,0,3,80,18,12,3,58,58035,1,1,0,3,cd958,47.065883,3.443978,22,2,1
202100051111,110Â 313,A01,1,1,1,5,2,6,-1,0,0,-1,2021,63.0,2,1,0,2,8,17,6,,3,10,0,D,2,2,0,2,14,555,3,, -1,1,0,1,80,19,2,1,83,83134,1,1,0,5,D10,43.457631,6.420929,16,3,3
202100028621,150Â 554,B01,1,1,2,0,2,0,-1,-1, -1,-1,2021,52.0,1,1,0,2,4,1,1,,4,WILSON (BOULEVARD THOMAS),0,,2,2,0,1,0,0,1,, -1,1,0,1,50,16,7,1,66,66136,2,1,0,2,WILSON (BOULEVARD THOMAS),42.70198,2.89934,12,2,2
202100007955,187Â 510,B01,1,1,1,1,2,6,-1,-1, -1,-1,2021,21.0,1,1,0,2,1,3,1,,2,RN104,0,,1,3,0,1,5,200,1,, -1,1,0,1,90,15,11,1,77,77373,1,1,0,2,RN104,48.7896238317,2.6178744351,9,2,2
202100047535,116Â 797,A01,10,3,1,5,0,-1,-1,3,3,1,2021,81.0,2,1,0,1,1,1,1,,4,PONT DE CRETEIL (R DU),0,,2,4,0,1,0,0,1,, -1,1,6,1,30,17,3,1,94,94068,2,1,0,6,PONT DE CRETEIL (R DU),48.80728,2.47126,11,2,1
202100035167,138Â 848,A01,1,1,1,0,2,6,-1,0,0,-1,2021,22.0,3,1,0,2,1,13,1,,4,0,0,A,2,2,0,1,(1),(1),3,, -1,1,0,1,80,11,6,1,54,54437,1,1,0,3,Rue de Flavigny,48.551799272,6.1561363944,11,2,2
202100047471,116Â 910,A01,1,1,2,1,0,-1,-1,-1, -1,-1,2021,27.0,1,1,0,2,1,1,3,,4,GAMBETTA                            (CO),0,,2,4,3,1,(1),(1),1,, -1,1,0,1,50,18,3,1,69,69387,2,2,0,1,GAMBETTA (CR),45.75389,4.84697,17,2,2
202100015537,173Â 912,A01,1,1,1,1,2,6,-1,-1, -1,-1,2021,20.0,2,1,0,2,8,9,1,,4,PITCHOT (RUE DE),0,,-1,2,0,2,0,0,1,, -1,2,5,1,50,1,10,5,64,64122,1,6,1,3,PITCHOT (RUE DE),43.46604,-1.53707,23,2,2
202100019394,166Â 961,A01,2,2,1,5,1,-1,-1,0,0,-1,2021,54.0,1,2,0,2,1,1,1,,3,,-1,,2,2,0,3,13,348,3,,5,1,0,1,80,8,9,2,44,44071,1,1,0,1,Route du Pont de lâOuen,47.200707,-1.387486,20,4,2
202100049650,112Â 991,B01,1,1,2,5,1,0,-1,-1, -1,-1,2021,26.0,1,2,1,2,8,16,1,,4,CARNOT (BOULEVARD),0,,2,3,0,1,(1),(1),1,, -1,1,5,1,50,28,2,5,21,21231,2,5,0,3,64 Rue Jean - Baptiste Baudin,47.320504,5.050415,0,4,2
202100032540,143Â 605,B01,1,1,1,0,2,0,-1,-1, -1,-1,2021,58.0,0,1,0,2,8,19,0,,4,,0,,3,2,0,1,1,0,1,, -1,1,0,1,50,24,6,1,92,92019,2,1,0,3,MONNET JEAN (AVENUE DU),48.7708468596,2.285027504,16,2,2
202100043726,123Â 531,A01,1,1,1,1,2,6,-1,-1, -1,-1,2021,37.0,1,1,0,2,1,1,1,,1,AUTOROUTE A86,0,,3,8,0,1,18,700,1,, -1,1,1,1,90,17,4,1,93,93027,1,1,0,2,AUTOROUTE A86,48.92717,2.4194,14,2,2
202100034103,140Â 805,B01,1,1,1,9,2,0,-1,0,0,-1,2021,66.0,2,1,0,2,8,1,5,,4,QUAI DE VALMY,0,,1,1,0,2,(1),(1),1,, -1,1,0,1,50,16,6,1,75,75110,2,1,0,3,QUAI DE VALMY,48.875886,2.363848,9,2,2
202100053665,105Â 810,A01,2,2,2,5,1,-1,-1,0,0,-1,2021,69.0,2,2,0,2,1,1,1,,3,13,-1,D,2,2,0,1,12,950,1,, -1,1,0,1,80,26,1,1,27,27372,1,2,0,1,D13,49.354668,1.63508,15,3,2
202100048167,115Â 650,B01,1,1,2,1,1,0,-1,-1, -1,-1,2021,30.0,1,2,0,0,5,1,1,,2,13,0,,3,7,0,1,0,0,1,, -1,2,8,1,50,13,3,5,92,92051,2,1,0,2,"CHARLES DE GAULLE (AVENUE, NÂ° 18 A 116)",48.88137,2.27139,20,2,2
202100028012,151Â 636,B01,1,1,1,1,8,-1,-1,0,0,-1,2021,47.0,3,1,0,2,8,1,1,,4,D79,-1,,2,2,0,1,(1),(1),1,, -1,1,0,1,50,19,7,1,49,49180,2,4,1,3,Rue du Docteur Jean Rabilloud,47.370981,-0.105138,7,2,2
202100021458,163Â 287,A01,1,1,1,5,1,0,-1,-1, -1,-1,2021,89.0,2,2,0,2,1,18,1,,7,D66  VOIE RAPIDE,0,,2,4,0,1,3,101,1,, -1,1,0,1,90,1,9,1,34,34172,1,1,0,5,D66  VOIE RAPIDE,43.60611,3.93448,11,3,3
202100032686,143Â 342,A01,1,1,1,0,2,0,-1,-1, -1,-1,2021,44.0,0,1,4,0,1,0,1,,7,RABATAU (BOULEVARD),0,,2,2,0,1,0,0,1,, -1,1,0,1,50,23,6,5,13,13208,2,1,0,1,RABATAU (BOULEVARD),43.27653,5.39767,1,1,1
202100052846,107Â 259,A01,1,1,2,0,1,-1,-1,0,0,-1,2021,72.0,2,2,0,2,9,3,1,,3,7,-1,,3,2,0,1,4,700,1,, -1,2,0,1,70,2,2,1,14,14125,2,1,0,4,D7,49.2300416586,-0.371389089,8,6,5
202100034602,139Â 863,A01,2,2,2,5,2,6,-1,0,0,-1,2021,27.0,3,1,12,0,3,21,1,,4,VOIE RAPIDE,0,,1,3,0,1,(1),(1),1,, -1,1,0,1,70,12,6,1,6,6088,2,1,0,7,VOIE RAPIDE,43.690263,7.240797,20,3,2
202100007338,188Â 636,A01,1,1,2,1,1,0,-1,0,0,-1,2021,33.0,3,2,7,0,1,13,3,,4,ALLEE DU BORD DE L EAU,0,,2,2,0,1,(1),(1),1,, -1,1,0,1,50,19,11,5,75,75116,2,3,0,6,ALLEE DU BORD DE L EAU,48.86167,2.229005,2,1,1
202100026322,154Â 643,B01,1,1,2,5,2,0,-1,-1, -1,-1,2021,53.0,0,1,0,2,2,1,5,,7,RN 568 CLM,0,,2,2,0,1,0,0,3,, -1,1,5,1,50,14,7,1,13,13026,2,9,0,3,RN 568 CLM,43.39018,5.16225,13,2,2
202100049930,112Â 493,A01,1,1,1,5,0,-1,-1,0,0,-1,2021,60.0,0,5,13,0,1,1,1,,4,,-1,,2,2,0,1,(1),(1),1,, -1,1,0,8,50,28,2,1,49,49326,2,1,0,6,Chemin de la TuffiÃ¨re,47.501793,-0.376652,15,1,1
202100032475,143Â 724,A01,2,2,1,0,1,0,-1,-1, -1,-1,2021,20.0,3,2,15,0,1,14,0,,4,FLANDRES (RESIDENCE DES),0,,2,2,3,1,(1),(1),1,, -1,1,0,8,50,24,6,5,59,59508,2,1,0,6,FLANDRES (RESIDENCE DES),50.74591,3.13584,4,2,1
202100030547,147Â 155,B01,1,1,2,0,1,0,-1,-1, -1,-1,2021,44.0,2,2,0,2,4,23,1,,4,LEON BLUM,0,,2,2,2,1,0,0,1,, -1,1,0,1,50,5,7,1,64,64445,2,3,1,2,LEON BLUM,43.31433,-0.33323,7,2,2
202100032923,142Â 908,B01,1,1,1,1,2,6,-1,-1, -1,-1,2021,39.0,0,1,0,2,3,0,1,,3,JEAN MERMOZ (BOULEVARD) NÂ°59AU185 ET 76A,0,,1,0,0,1,0,0,1,, -1,1,0,1,50,22,6,1,93,93059,2,5,0,3,JEAN MERMOZ (BOULEVARD) NÂ°59AU185 ET 76A,48.96676,2.36426,8,2,2
202100019671,166Â 488,B01,1,1,1,1,2,0,-1,-1, -1,-1,2021,36.0,1,1,0,2,2,1,1,,3,RD 323,0,,3,4,0,1,38,0,1,, -1,1,0,1,90,10,9,1,49,49007,1,1,0,3,RD 323,47.46813,-0.58574,17,3,2
202100007035,189Â 182,A01,10,3,1,5,0,-1,-1,2,3,2,2021,11.0,3,2,0,1,3,1,1,,4,THEODORE AUBANEL BOULEVARD,0,,2,1,0,1,1,0,1,, -1,1,0,1,30,20,11,5,13,13063,2,1,0,3,THEODORE AUBANEL BOULEVARD,43.5879,4.99968,19,3,2
202100035684,137Â 927,B01,1,1,2,0,1,8,-1,-1, -1,-1,2021,36.0,1,2,13,2,3,1,1,,3,ROUTE DE CAMARET,0,,2,2,0,1,0,0,3,, -1,1,0,1,50,8,6,2,84,84087,2,1,0,1,ROUTE DE CAMARET,44.14446,4.82881,19,4,2
202100039151,131Â 643,A01,1,1,1,0,2,0,-1,-1, -1,-1,2021,30.0,2,1,0,2,1,11,1,,3,RHIN ET DANUBE(RUE DU),0,,-1,4,0,1,1,0,1,, -1,1,0,1,50,19,5,1,94,94011,2,1,0,3,Avenue Rhin et Danube,48.770691,2.489853,20,2,2
202100048732,114Â 653,A01,1,1,1,0,0,-1,-1,0,0,-1,2021,45.0,2,5,2,0,3,0,1,,3,982,0,,2,2,0,1,44,785,1,, -1,1,0,8,80,4,3,2,51,51138,1,1,0,7,D982,49.0256423998,4.8818618059,7,1,1
202100010877,182Â 284,A01,10,3,2,0,8,8,-1,3,3,1,2021,69.0,1,2,0,1,2,1,1,,4,ALSACE LORRAINE (BOULEVARD),0,,2,2,0,1,0,0,1,, -1,2,0,1,30,26,10,1,64,64102,2,1,1,6,ALSACE LORRAINE (BOULEVARD),43.4952,-1.46984,10,2,1
202100023169,160Â 204,A01,2,2,1,5,1,-1,-1,0,0,-1,2021,29.0,2,2,0,0,0,1,1,,2,12,-1,,3,2,0,1,1,278,1,, -1,1,0,1,110,21,8,2,61,61429,1,1,0,7,RN 12,48.666478,0.783849,21,2,1
202100031253,145Â 881,A01,1,1,1,9,2,9,-1,0,0,-1,2021,30.0,2,1,15,0,1,1,1,,3,907,-1,,2,2,0,1,30,300,2,, -1,1,0,3,80,3,7,3,30,30147,1,1,0,6,D907,44.011058,4.047391,0,1,1
202100025563,155Â 980,C01,1,1,2,0,1,-1,-1,-1, -1,-1,2021,34.0,1,2,0,2,5,2,1,,1,ROCADE A 630,0,,3,4,0,1,5,409,1,, -1,1,3,1,90,5,8,1,33,33063,1,1,0,5,ROCADE A 630,44.886326,-0.56612,12,3,3
202100038774,132Â 307,B01,1,1,1,4,2,0,-1,0,0,-1,2021,40.0,1,1,0,2,7,17,1,,4,RUE DES PYRENEES,0,,2,3,3,2,(1),(1),1,, -1,1,0,1,50,21,5,5,75,75120,2,2,0,3,RUE DES PYRENEES,48.871658,2.392298,21,3,2
202100008824,185Â 968,B01,1,1,1,1,2,6,-1,-1, -1,-1,2021,38.0,1,1,0,2,1,3,1,,1,AUTOROUTE A27,0,,-1,2,0,1,0,100,4,, -1,1,0,1,90,8,11,5,59,59343,1,1,0,6,AUTOROUTE A27,50.599916,3.135714,21,2,2
202100053354,106Â 353,B01,1,1,1,5,2,0,-1,0,0,-1,2021,67.0,2,1,0,2,8,1,5,,4,AVENUE DE NOGENT,0,,2,4,1,1,(1),(1),1,, -1,2,-1,5,50,28,1,1,75,75112,2,1,0,3,AVENUE DE NOGENT,48.844421,2.441105,10,2,2
202100033736,141Â 465,A01,1,1,1,9,0,-1,-1,0,0,-1,2021,18.0,3,1,0,2,1,26,3,,6,,-1,,-1,-1,0,1,(1),(1),1,,4,1,0,1,20,16,6,1,45,45297,2,1,0,3,"parking SUPER U, rue de savoie",47.7807336326,2.3755374849,12,2,2
202100017208,170Â 880,A01,1,1,1,9,2,6,-1,0,0,-1,2021,34.0,1,1,0,0,0,1,1,,3,906,0,,2,2,0,1,23,500,1,, -1,1,0,3,80,25,9,1,71,71520,1,1,0,7,D 906 route de Lyon,46.741449,4.853296,16,1,1
202100054073,105Â 092,B01,1,1,2,1,2,-1,-1,-1, -1,-1,2021,22.0,3,1,0,2,1,1,1,,6,,0,,-1,-1,0,1,(1),(1),1,, -1,2,0,8,50,22,1,1,33,33281,2,9,1,1,Sur Parking (proximitÃ© ave de la Marne),44.833862,-0.637743,9,2,2
202100025486,156Â 109,A01,1,1,1,0,1,0,-1,-1, -1,-1,2021,28.0,2,2,0,2,1,1,1,,3,JEAN JAURES (R),0,,2,4,0,1,1,0,1,, -1,1,8,1,50,5,8,1,94,94046,2,9,0,4,Rue Jean JaurÃ¨s,48.7947,2.4343,20,3,3
202100055425,102Â 779,A01,2,2,2,0,1,0,-1,-1, -1,-1,2021,19.0,2,2,3,0,3,2,1,,1,AUTOROUTE A104,0,,3,6,0,1,3,0,1,, -1,2,0,1,90,12,1,3,93,93078,1,1,1,6,AUTOROUTE A104,48.963,2.52237,20,2,1
202100023051,160Â 417,A01,4,2,2,0,1,0,-1,-1, -1,-1,2021,20.0,2,2,0,0,1,19,1,,4,AGACHOTS (RUE DES),0,,2,2,0,1,(1),(1),1,, -1,2,0,1,50,25,7,1,60,60057,2,3,1,3,Rue des Agachots,49.44361,2.08455,15,4,2
202100027205,153Â 085,B01,2,2,2,0,1,0,-1,-1, -1,-1,2021,34.0,2,2,0,2,1,1,1,,4,SAINT JUST (RUE),0,,2,2,0,1,(1),(1),1,, -1,1,0,1,50,24,7,1,45,45068,2,1,0,1,36 Rue Saint-Just,48.0048,2.71842,15,6,2
202100025580,155Â 951,A01,10,3,2,0,0,-1,-1,2,3,1,2021,72.0,2,2,0,1,1,15,1,,4,GENERAL DE GAULLE (BLD DU),0,,1,2,0,1,0,0,1,, -1,1,0,1,30,4,8,1,972,97209,2,1,0,6,GENERAL DE GAULLE (BLD DU),14.60763,-61.06884,8,2,1
202100019209,167Â 293,A01,1,1,2,1,2,0,-1,0,0,-1,2021,24.0,1,1,0,2,8,1,3,,4,BOULEVARD DE STRASBOURG,0,,2,5,1,2,(1),(1),1,, -1,1,0,5,30,13,9,5,75,75110,2,5,0,3,BOULEVARD DE STRASBOURG,48.874816,2.3574,20,2,2
202100035908,137Â 505,B01,2,2,2,3,1,8,-1,-1, -1,-1,2021,33.0,3,2,0,2,4,2,1,,6,LOUVOIS (ROUTE DE) CORA,0,,-1,-1,0,2,(1),(1),1,, -1,2,9,1,30,5,6,1,51,51172,2,1,1,2,Route de Louvois,49.216695408,4.0531289577,19,3,2
202100027489,152Â 590,A01,1,1,1,0,1,0,-1,-1, -1,-1,2021,23.0,2,2,0,2,1,2,1,,1,RN3 (ANCIENNE ROUTE),0,,3,4,0,4,59,0,1,, -1,1,0,1,110,21,7,3,974,97416,1,1,0,2,RN3 (ANCIENNE ROUTE),-21.3024361106,55.5015161633,18,2,2
202100021822,162Â 617,B01,1,1,1,5,2,6,-1,-1, -1,-1,2021,24.0,1,1,1,0,7,2,1,,3,PAUL VAILLANT COUTURIER (RUE),0,,1,2,0,1,1,0,1,, -1,1,0,1,50,28,8,1,93,93032,2,1,0,3,PAUL VAILLANT COUTURIER (RUE),48.86601,2.5633,12,2,2
202100030653,146Â 965,B01,1,1,1,5,2,-1,-1,0,0,-1,2021,16.0,1,1,0,0,1,1,6,,3,D4,0,C,2,2,0,1,2,15,1,, -1,1,0,1,70,3,7,1,976,97606,1,1,0,2,D4,-12.93512,45.126724,16,2,2
202100002618,197Â 102,A01,1,1,1,4,1,8,-1,0,0,-1,2021,42.0,1,5,0,2,1,1,1,,2,LORIENT (DE),0,,3,4,3,1,1,0,1,, -1,1,0,1,50,16,12,5,35,35238,2,9,0,3,LORIENT (DE),48.10756,-1.71633,18,2,2
202100006598,190Â 002,A01,10,3,2,0,0,-1,-1,2,3,1,2021,24.0,3,2,1,1,1,0,1,,4,MAURICE BERTEAUX (QUAI),0,,2,0,0,1,(1),(1),1,, -1,1,0,1,50,23,11,1,78,78481,2,9,0,6,MAURICE BERTEAUX (QUAI),48.89745,2.106952,10,2,1
202100046700,118Â 302,A01,1,1,2,0,1,-1,-1,0,0,-1,2021,33.0,2,2,0,2,1,2,1,,3,321,0,D,2,2,0,1,1,30,1,, -1,1,0,1,70,23,3,1,54,54305,1,1,0,4,D321,48.7426717382,6.1853162744,7,3,3
202100037499,134Â 641,B01,1,1,1,5,2,-1,-1,0,0,-1,2021,15.0,2,1,0,2,1,1,1,,3,26,0,D,2,2,0,1,1,687,1,, -1,1,0,1,50,30,5,1,40,40273,2,3,0,3,Route OcÃ©ane,43.544598,-1.386455,15,2,2
202100006928,189Â 383,Y01,1,1,2,5,8,0,-1,-1, -1,-1,2021,72.0,3,1,0,2,8,2,5,,4,LAMY (BD FRANCK),0,,2,2,0,1,(1),(1),1,, -1,1,0,1,50,19,11,1,17,17306,2,1,0,3,LAMY (BD FRANCK),45.62712,-1.01305,14,2,2
202100053316,106Â 422,A01,1,1,1,0,1,0,-1,-1, -1,-1,2021,69.0,1,2,0,0,9,1,1,,2,ROUTE NATIONALE NÂ° 1,0,,1,2,0,1,(1),(1),1,, -1,1,0,1,110,27,1,1,974,97407,1,1,0,7,ROUTE NATIONALE NÂ° 1,-20.9482,55.322,14,1,1