Num_Acc,id_vehicule,num_veh,place,catu,sexe,trajet,secu1,secu2,secu3,locp,actp,etatp,year_acc,victim_age,senc,catv,obs,obsm,choc,manv,motor,occutc,catr,voie,v1,v2,circ,nbv,vosp,prof,pr,pr1,plan,lartpc,larrout,surf,infra,situ,vma,jour,mois,lum,dep,com,agg_,int,atm,col,adr,lat,long,hour,nb_victim,nb_vehicules
202100000195,201Â 394,A01,1,1,1,1,2,-1,-1,0,0,-1,2021,24.0,2,1,0,4,0,26,5,,3,15,0,D,2,2,0,1,27,800,1,, -1,1,4,6,50,20,12,2,74,74229,2,8,0,3,D15,46.224829,6.301786,7,2,2
202100030281,147Â 638,B01,1,1,1,3,2,6,-1,0,0,-1,2021,36.0,1,1,0,2,1,1,1,,3,900,-1,,2,2,0,1,48,708,1,, -1,1,9,6,80,8,7,1,66,66063,1,4,0,3,intersection d900/d13 pk 48+260,42.491482,2.83164,15,2,2
202100049008,114Â 154,A01,1,1,1,9,1,-1,-1,0,0,-1,2021,34.0,1,2,15,0,0,26,1,,3,934,-1,,2,2,0,1,2,700,1,, -1,1,0,1,50,7,3,1,60,60189,2,9,0,6,Rue de la RamÃ©e,49.529345,3.091498,15,1,1
202100041006,128Â 321,B01,1,1,1,0,8,-1,-1,0,0,-1,2021,43.0,1,2,0,2,1,0,1,,3,32,0,A,2,2,0,1,4,250,1,, -1,2,0,1,80,6,5,1,21,21389,1,3,1,1,pk 66 D980,47.669809,4.393051,14,2,2
202100003084,196Â 246,A01,1,1,1,0,8,-1,-1,-1, -1,-1,2021,29.0,0,1,0,0,0,0,1,,4,HUIT MAI 1945 (AVENUE DU),0,,2,2,0,1,0,0,1,, -1,1,0,1,50,12,12,1,76,76351,2,1,0,7,HUIT MAI 1945 (AVENUE DU),49.51608,0.16942,13,1,1
202100056017,101Â 754,A01,1,1,1,0,2,6,-1,-1, -1,-1,2021,33.0,2,1,0,9,0,1,1,,4,doujani-CarriÃ¨re ( route de la ),0,,2,0,0,1,0,0,4,, -1,1,0,1,50,7,1,3,976,97611,1,1,0,7,doujani-CarriÃ¨re ( route de la ),-12.79015,45.20253,2,1,1
202100011344,181Â 452,B01,1,1,2,0,1,0,-1,-1, -1,-1,2021,31.0,2,2,0,2,1,1,1,,3,CHARLERY (GUSTAVE),0,,2,2,0,1,1,299,1,, -1,1,0,1,50,18,10,1,973,97302,2,2,0,3,CHARLERY (GUSTAVE),4.93932,-52.31839,12,2,2
202100023496,159Â 631,A01,1,1,1,5,2,6,9,0,0,-1,2021,40.0,1,1,3,0,1,13,1,,3,770,-1,,2,2,0,2,17,200,1,, -1,1,0,3,80,20,8,1,29,29106,1,1,0,6,Ti Feunteun,48.119806,-4.074098,19,1,1
202100049963,112Â 443,A01,1,1,1,5,1,-1,-1,0,0,-1,2021,25.0,1,2,13,0,2,1,1,,3,417,-1,,2,2,0,2,10,670,2,, -1,1,0,3,70,28,2,1,68,68317,1,1,0,6,CD 417,48.066372,7.094024,14,1,1
202100001209,199Â 610,A01,1,1,2,9,8,0,-1,0,0,-1,2021,22.0,1,2,11,0,1,13,1,,4,AVENUE PARMENTIER,0,,2,2,0,1,(1),(1),1,, -1,1,0,1,30,27,12,5,75,75111,2,3,0,6,AVENUE PARMENTIER,48.861154,2.377846,20,1,1
202100006237,190Â 656,A01,10,3,1,2,8,8,-1,3,3,1,2021,22.0,1,2,0,1,1,1,3,,4,HARLAY (DU),0,,1,2,0,1,(1),(1),1,, -1,1,0,1,30,22,11,5,60,60159,2,1,0,6,Rue de Harlay,49.4191423658,2.8226829087,18,2,1
202100032340,143Â 951,A01,10,3,1,5,0,-1,-1,2,5,2,2021,9.0,2,2,0,1,2,1,1,,4,TOULON (R DE),0,,1,1,0,1,48,784,1,, -1,1,0,1,50,24,6,1,94,94002,2,1,0,6,Rue de Toulon,48.78429,2.42979,17,2,1
202100007598,188Â 158,B01,4,2,2,2,1,-1,-1,0,0,-1,2021,5.0,2,2,0,2,4,1,1,,2,DEBUSSY (BOULEVARD CLAUDE),0,,1,2,0,1,23,57,1,, -1,2,0,1,50,17,11,1,65,65440,2,1,1,4,DEBUSSY (BOULEVARD CLAUDE),43.220273,0.064707,7,4,3
202100022753,160Â 928,B01,2,2,1,5,2,6,-1,-1, -1,-1,2021,17.0,1,1,0,2,2,1,1,,3,AV YOURI GAGARINE ,0,,1,2,0,1,1,0,1,, -1,1,0,1,50,24,8,1,94,94081,2,1,0,3,Avenue Youri Gagarine,48.7870745994,2.3911921388,18,3,2
202100054972,103Â 552,A01,1,1,1,0,8,-1,-1,0,0,-1,2021,21.0,1,2,0,2,1,2,1,,1,61,-1,A,3,4,0,1,259,113,1,, -1,1,0,1,110,16,1,1,31,31374,1,1,0,2,Autoroute A61 - PK 259+700 - Sens TOULOUSE/NARBONNE,43.421975,1.64782,8,2,2
202100033896,141Â 172,B01,1,1,1,1,2,6,-1,-1, -1,-1,2021,28.0,2,1,0,2,1,1,1,,3,SAINT LEU (ROUTE),0,,2,2,0,1,0,0,1,, -1,1,0,1,50,17,6,1,93,93079,2,1,0,3,SAINT LEU (ROUTE),48.956073,2.332414,14,2,2
202100031826,144Â 866,A01,10,3,1,3,0,-1,-1,1,3,2,2021,52.0,3,2,0,1,3,1,1,,4,DE LATTRE DE TASSIGNY (RUE DU MARECHAL),0,,2,2,0,1,(1),(1),1,, -1,1,0,1,50,28,6,1,95,95585,2,1,0,6,DE LATTRE DE TASSIGNY (RUE DU MARECHAL),48.9805502841,2.3782637715,11,2,1
202100011936,180Â 391,B01,1,1,2,1,1,-1,-1,0,0,-1,2021,36.0,2,2,0,2,3,9,3,,3,15,-1,,2,2,0,1,10,500,1,, -1,6,0,1,80,20,10,2,60,60383,1,3,1,5,D15,49.5188444773,2.798616886,7,3,3
202100017662,170Â 052,A01,10,3,2,0,0,-1,-1,2,3,1,2021,75.0,3,2,0,1,1,1,1,,4,THOREZ MAURICE (avenue),0,,2,2,0,1,0,0,1,, -1,1,0,1,50,20,9,1,13,13077,2,1,0,6,THOREZ MAURICE (avenue),43.40267,4.98045,11,2,1
202100050764,110Â 939,B01,1,1,1,9,8,0,-1,0,0,-1,2021,44.0,2,1,0,2,1,1,3,,4,AVENUE DE FLANDRE,0,,2,5,1,1,(1),(1),1,, -1,1,-1,5,50,20,2,1,75,75119,2,2,0,3,AVENUE DE FLANDRE,48.894431,2.381483,14,2,2
202100000318,201Â 150,A01,1,1,1,5,1,8,-1,-1, -1,-1,2021,19.0,0,2,13,0,8,9,1,,7,D.5,0,,1,1,0,1,1,0,3,, -1,1,0,1,50,10,7,1,13,13098,1,9,0,7,D.5,43.45024,5.01557,15,1,1
202100053456,106Â 168,A01,1,1,2,5,1,8,-1,-1, -1,-1,2021,79.0,1,2,0,2,1,13,1,,3,,0,,2,2,0,1,1,590,2,, -1,2,0,1,50,27,1,1,45,45208,2,1,1,1,Avenue Louis-Maurice Chautemps,48.011992,2.759228,10,2,2
202100039284,131Â 382,B01,1,1,1,1,8,0,-1,-1, -1,-1,2021,17.0,1,1,0,2,1,26,3,,4,BIRGE BOULEVARD,0,,-1,2,0,1,1,0,1,, -1,1,0,1,50,19,5,1,49,49267,2,2,0,3,BIRGE BOULEVARD,47.4708,-0.519,9,2,2
202100007440,188Â 452,A01,10,3,1,5,0,-1,-1,2,3,1,2021,76.0,1,1,0,1,7,1,5,,4,RUE NATIONALE,0,,2,3,1,1,(1),(1),1,, -1,1,-1,5,30,18,11,1,75,75113,2,1,0,6,RUE NATIONALE,48.832269,2.362794,9,2,1
202100033138,142Â 522,B01,1,1,1,0,1,-1,-1,0,0,-1,2021,24.0,2,2,0,0,4,0,1,,1,42,-1,,3,5,0,2,22,900,1,, -1,2,0,1,130,22,6,1,1,1032,1,1,0,2,A42,45.864403,5.144863,7,2,2
202100012564,179Â 256,A01,1,1,1,1,2,6,-1,0,0,-1,2021,42.0,2,1,0,2,7,1,1,,3,D24,-1,,2,2,0,1,15,425,1,, -1,1,0,1,80,15,10,3,34,34176,1,2,0,3,D24,43.635376,4.054084,5,2,2
202100033632,141Â 648,B01,1,1,1,1,2,6,-1,0,0,-1,2021,34.0,2,1,0,2,6,1,1,,4,PLACE CHARLES DE GAULLE,0,,1,8,0,1,(1),(1),2,, -1,1,5,1,50,16,6,5,75,75116,2,7,0,3,PLACE CHARLES DE GAULLE,48.87317,2.295141,23,2,2
202100004968,192Â 910,A01,1,1,1,5,1,-1,-1,0,0,-1,2021,19.0,1,2,6,0,1,1,1,,3,2,-1,,2,2,0,4,15,39,1,, -1,2,5,4,50,3,12,4,50,50551,2,6,1,6,Avenue Division Leclerc,49.385662,-1.5271,22,1,1
202100040600,129Â 043,B01,1,1,2,5,1,0,-1,-1, -1,-1,2021,23.0,3,2,0,2,2,1,1,,4,RUE DE VALORGE,0,,2,2,0,1,0,0,1,, -1,1,0,1,50,9,5,5,91,91103,1,2,0,3,RUE DE VALORGE,48.615883,2.284256,22,3,2
202100032182,144Â 232,A01,1,1,1,5,2,6,-1,0,0,-1,2021,40.0,2,1,12,0,2,1,1,,3,925,-1,,2,2,0,1,42,400,2,, -1,1,0,1,80,27,6,1,2,2073,1,1,0,7,D925,49.412929,3.88791,15,1,1
202100015403,174Â 172,A01,9,2,2,5,1,-1,-1,0,0,-1,2021,15.0,1,2,0,2,2,1,1,,3,86,-1,,2,2,0,1,68,800,1,, -1,1,5,1,80,2,10,1,7,7349,1,3,0,3,D86,44.806918,4.793537,16,5,2
202100001755,198Â 653,B01,1,1,1,1,1,-1,-1,-1, -1,-1,2021,31.0,1,2,0,2,2,2,1,,3,JEAN MERMOZ (BOULEVARD) DES NÂ°1A57 ET NÂ°,0,,-1,2,0,1,0,1,1,, -1,1,0,1,50,22,12,1,93,93059,2,1,0,3,JEAN MERMOZ (BOULEVARD) DES NÂ°1A57 ET NÂ°,48.971,2.36616,9,2,2
202100046575,118Â 517,A01,1,1,1,5,2,0,-1,-1, -1,-1,2021,40.0,1,1,0,2,8,18,1,,4,REPUBLIQUE (RUE DE LA),0,,2,2,0,1,0,0,1,, -1,1,0,1,50,23,3,1,87,87048,2,1,0,2,REPUBLIQUE (RUE DE LA),45.79224,1.23396,15,2,2
202100033111,142Â 566,A01,1,1,1,1,1,-1,-1,0,0,-1,2021,23.0,1,5,2,0,2,1,1,,3,149,0,D,2,2,0,1,19,700,1,, -1,1,0,3,80,21,6,1,56,56060,1,1,0,6,La Chenais,47.732067,-2.182638,20,1,1
202100016719,171Â 738,A01,1,1,2,0,1,5,-1,0,0,-1,2021,46.0,2,2,0,2,1,13,1,,3,104,0,N,2,2,0,1,2,680,1,, -1,1,0,1,80,26,9,2,26,26166,1,1,0,1,2105 Route du Pouzin,44.75545,4.787142,19,4,2
202100032677,143Â 357,B01,1,1,1,1,2,6,-1,0,0,-1,2021,58.0,1,1,0,2,1,1,1,,2,TEIL (Route du),0,,2,2,0,1,0,385,2,, -1,1,3,1,70,23,6,1,26,26198,2,1,0,3,92 Route du Teil,44.55707,4.72922,12,2,2
202100028833,150Â 186,A01,1,1,1,5,2,6,-1,-1, -1,-1,2021,56.0,2,1,11,0,0,1,1,,3,ARCACHON (BD D'),0,,2,2,1,2,0,925,1,, -1,1,0,1,30,15,7,1,33,33529,2,1,0,6,,44.6403239659,-1.172486139,16,1,1
202100042681,125Â 342,A01,1,1,1,5,8,8,-1,-1, -1,-1,2021,33.0,1,2,2,0,6,13,1,,3,,0,,1,2,0,1,(1),(1),3,, -1,1,5,3,50,24,4,3,71,71540,1,6,0,6,Rond-Point du Vieux Saule,46.7674445175,4.4527675088,21,1,1
202100041203,127Â 956,A01,1,1,2,0,1,-1,-1,0,0,-1,2021,30.0,1,2,3,0,1,1,1,,1,42,0,,3,4,0,1,11,556,1,, -1,2,0,2,110,30,4,1,1,1418,1,1,1,6,A42,45.826907,5.015526,17,1,1
202100024392,158Â 084,A01,1,1,1,5,2,6,-1,0,0,-1,2021,40.0,1,1,14,0,1,1,1,,3,956,0,,2,2,0,1,(1),(1),2,, -1,1,0,1,80,11,8,3,84,84009,1,1,0,7,D956,43.779801,5.615033,22,1,1
202100001017,199Â 946,B01,1,1,1,1,1,4,-1,0,0,-1,2021,27.0,1,2,0,0,4,1,1,,2,PORTE DE BEAUREGARD,0,,1,4,0,1,17,100,3,, -1,1,3,1,90,28,12,5,35,35238,1,1,0,2,N136,48.130988,-1.709292,18,2,2
202100041830,126Â 840,A01,1,1,1,5,2,6,-1,-1, -1,-1,2021,43.0,1,1,11,0,3,13,1,,3,7,0,,3,4,0,3,0,0,1,, -1,1,1,1,50,30,4,5,92,92040,2,1,0,6,STALINGRAD (QUAI DE),48.8277897457,2.2605979443,22,1,1
202100022303,161Â 768,A01,1,1,1,5,8,0,-1,0,0,-1,2021,47.0,1,1,0,9,8,1,5,,4,RUE DE RIVOLI,0,,2,3,1,1,(1),(1),1,, -1,1,0,5,50,27,8,1,75,75101,2,2,0,1,RUE DE RIVOLI,48.861496,2.339143,16,2,2
202100030052,148Â 066,A01,1,1,2,0,2,8,-1,-1, -1,-1,2021,34.0,1,1,0,2,1,18,1,,3,1,0,,2,2,0,1,0,0,1,, -1,1,9,5,50,8,7,1,92,92012,2,4,0,3,QUATRE SEPTEMBRE (QUAI DU),48.8452257406,2.2266758382,18,2,2
202100024822,157Â 288,B01,1,1,1,5,0,-1,-1,0,0,-1,2021,67.0,1,1,0,2,1,1,5,,7,4,3,,2,2,2,1,(1),(1),1,, -1,1,0,1,50,10,8,1,38,38382,2,2,0,3,Route de Grenoble,45.228258,5.684089,9,2,2
202100028924,150Â 030,A01,1,1,1,1,1,-1,-1,0,0,-1,2021,29.0,1,5,2,0,1,1,1,,3,D911,2,,2,2,0,1,22,900,1,, -1,1,0,3,80,15,7,1,17,17253,1,1,0,6,D911,46.013423,-0.858221,16,1,1
202100021825,162Â 613,A01,1,1,1,5,2,0,-1,-1, -1,-1,2021,18.0,3,1,0,0,8,26,1,,3,2,0,,1,2,0,1,0,0,2,, -1,1,9,1,50,30,8,5,92,92012,2,7,0,7,PONT DE BILLANCOURT (PLACE DU),48.8253632915,2.2484198426,2,1,1
202100020403,165Â 168,A01,1,1,1,0,2,6,-1,0,0,-1,2021,40.0,2,1,3,0,1,1,1,,1,8,0,A,3,4,0,1,183,400,1,, -1,1,8,1,90,7,9,4,6,6027,1,1,0,6,"A8 PK 183.000, chaussÃ©e nord",43.663525,7.175961,22,3,3
202100027549,152Â 485,A01,1,1,1,1,1,5,-1,0,0,-1,2021,58.0,2,2,0,2,1,14,1,,3,BLANCHE (CH. DE LA VOIE) LOUVIERS A LACS,0,,2,10,0,1,10,130,1,, -1,1,5,8,50,22,7,2,27,27701,2,9,0,3,BLANCHE (CH. DE LA VOIE) LOUVIERS A LACS,49.27375,1.20409,5,2,2
202100046462,118Â 734,A01,1,1,1,5,2,-1,-1,0,0,-1,2021,59.0,1,1,0,9,1,0,1,,3,615,-1,,2,2,0,2,22,460,1,, -1,1,0,1,80,28,3,1,66,66099,1,1,0,1,D615,42.548354,2.753084,10,2,2
202100003338,195Â 792,A01,1,1,2,0,8,-1,-1,0,0,-1,2021,54.0,1,2,0,2,1,13,1,,3,1508,0,D,2,2,0,1,71,456,1,, -1,5,0,1,80,10,12,1,74,74167,1,1,1,4,RD 1508,45.764514,6.348971,12,3,3
202100025185,156Â 643,B01,1,1,1,5,0,-1,-1,0,0,-1,2021,11.0,1,1,0,2,1,1,5,,3,32,-1,,2,2,0,1,16,700,3,, -1,1,0,1,50,7,8,1,46,46059,2,2,0,3,Le bourg,44.7180632,1.60843,15,2,2
202100020078,165Â 736,B01,1,1,1,0,1,0,-1,-1, -1,-1,2021,66.0,1,2,0,2,5,1,1,,4,HOSPITALITE (RUE DE L'),0,,1,1,1,1,(1),(1),1,, -1,1,0,1,50,7,9,1,37,37261,2,2,0,2,HOSPITALITE (RUE DE L'),47.3902659398,0.6706046971,14,3,2
202100032589,143Â 521,B01,7,2,2,3,1,-1,-1,0,0,-1,2021,24.0,2,2,0,0,4,1,1,,3,8043,-1,,2,2,0,1,12,400,1,, -1,1,0,1,50,17,6,1,8,8067,2,1,0,2,Route Nationale,49.6215,5.186973,18,4,2
202100050870,110Â 752,B01,1,1,1,0,2,0,-1,-1, -1,-1,2021,30.0,0,1,0,2,8,1,3,,4,PIERRE SEMARD (avenue),0,,2,2,0,1,0,9,1,, -1,1,0,1,50,9,2,5,84,84007,2,1,0,1,PIERRE SEMARD (avenue),43.93939,4.82134,20,2,2
202100034570,139Â 925,A01,1,1,2,5,1,-1,-1,-1, -1,-1,2021,19.0,3,2,0,2,2,19,1,,3,ROUTE NATIONALE 6,0,,1,1,0,1,2,0,2,, -1,1,0,1,50,11,6,1,69,69092,2,2,0,3,ROGER SALENGRO (BD),46.0023,4.7193,20,2,2
202100027411,152Â 718,A01,5,2,2,5,0,-1,-1,0,0,-1,2021,51.0,3,2,16,0,0,26,1,,9,,-1,,2,2,0,3,(1),(1),2,, -1,1,0,3,80,23,7,1,973,97362,1,1,0,7,route de Loka,3.818631,-54.160988,12,3,1
202100021535,163Â 150,C01,2,2,2,3,1,-1,-1,0,0,-1,2021,82.0,2,2,0,2,1,1,1,,3,982,-1,,2,2,0,1,23,150,1,, -1,1,0,1,70,2,9,1,30,30068,1,1,0,5,Route des CÃ©vennes,44.023287,4.091903,8,4,3
202100024902,157Â 148,A01,2,2,1,0,1,0,-1,-1, -1,-1,2021,52.0,1,2,15,2,2,26,1,,3,JEAN JAURES (R),0,,1,2,0,1,1,0,1,, -1,2,0,4,50,4,8,3,94,94046,2,1,1,6,Rue Jean JaurÃ¨s,48.78957,2.435357,21,2,1
202100026868,153Â 693,A01,1,1,2,1,2,0,-1,-1, -1,-1,2021,41.0,1,1,1,0,1,2,3,,4,FRATERNITE RUE DE LA,0,,2,2,0,1,1,0,1,, -1,1,0,1,30,27,7,1,93,93063,2,1,0,3,Rue de la FraternitÃ©,48.87712,2.44573,9,2,2
202100021278,163Â 620,B01,1,1,1,0,2,6,-1,0,0,-1,2021,58.0,1,1,0,2,8,1,1,,7,MERCANTOUR (BD),0,,3,4,0,1,(1),(1),1,, -1,1,0,1,70,2,9,1,6,6088,2,1,0,3,MERCANTOUR (BD),43.68183,7.19891,14,2,2
202100023969,158Â 792,A01,10,3,1,9,0,-1,-1,1,4,1,2021,79.0,2,2,0,1,7,1,1,,3,,-1,,2,2,0,1,14,970,3,,3,1,0,1,30,15,8,1,5,5058,2,1,0,6,pallon,44.737722993,6.566520707,16,2,1
202100039969,130Â 145,B01,1,1,1,1,2,6,-1,-1, -1,-1,2021,39.0,1,1,0,2,2,5,1,,3,GABRIEL PERI (AVENUE),0,,2,2,1,2,1,0,1,, -1,2,0,1,50,14,5,1,93,93048,2,2,0,3,Rue Garibaldi / Rue Francois Debergue,48.85773,2.43842,11,2,2
202100055397,102Â 826,B01,1,1,2,4,2,6,4,0,0,-1,2021,55.0,1,1,0,2,3,1,1,,3,900,-1,,2,2,0,2,(1),(1),1,, -1,2,0,1,80,13,1,3,50,50510,1,1,1,3,La Briqueterie,49.180553,-1.38041,7,2,2
202100024744,157Â 417,A01,1,1,2,5,1,0,-1,-1, -1,-1,2021,19.0,1,2,13,0,8,21,1,,3,PONT D'ARDAN (RUE DU),0,,2,2,0,1,6,500,1,, -1,1,0,3,70,10,8,1,45,45004,1,1,0,6,Rue du Pont dâArdan,47.9836791334,2.825782299,13,1,1
202100001443,199Â 203,A01,1,1,1,5,2,6,-1,-1, -1,-1,2021,24.0,0,1,0,2,1,1,1,,4,DEBROUSSE                           (AV),0,,2,2,0,4,(1),(1),3,, -1,1,0,1,50,24,12,1,69,69385,2,1,0,1,DEBROUSSE (AV),45.75042,4.81413,15,2,2
202100052783,107Â 380,B01,1,1,1,2,1,-1,-1,0,0,-1,2021,20.0,2,2,0,0,1,13,1,,2,RN 165,0,,3,4,0,1,46,150,1,, -1,2,0,1,110,1,2,2,29,29232,1,1,1,6,N165 - Le Grand Guelen,47.9863094335,-4.0234357495,8,3,2
202100003973,194Â 648,A01,10,3,2,5,0,-1,-1,4,3,1,2021,31.0,1,5,0,1,1,15,0,,4,CLAIRE (DE LA)                      (R ),0,,1,1,2,1,(1),(1),1,, -1,2,0,1,50,8,12,5,69,69389,2,3,1,6,CLAIRE (DE LA) (R),45.7784237582,4.8023141921,17,2,1
202100038585,132Â 676,A01,1,1,1,1,8,-1,-1,0,0,-1,2021,55.0,2,2,13,0,2,1,1,,7,113,-1,,2,2,0,2,20,900,2,, -1,1,0,3,80,25,5,1,13,13081,1,1,0,3,Route dÃ©partementale 113,43.511647,5.203872,7,1,1
202100020642,164Â 730,A01,1,1,1,5,1,-1,-1,0,0,-1,2021,78.0,0,2,6,0,1,0,1,,4,,-1,,2,2,0,1,(1),(1),2,,5,1,0,3,50,5,9,1,17,17382,2,1,0,6,Rue du Stade,46.170819,-0.693587,17,1,1
202100033407,142Â 053,A01,1,1,1,9,8,0,-1,-1, -1,-1,2021,28.0,1,1,3,0,1,13,1,,1,A621 (SEPT DENIERS-ANCELY),0,,3,4,0,2,1,0,3,, -1,1,0,1,90,19,6,3,31,31555,2,1,0,6,A621 (SEPT DENIERS-ANCELY),43.624493,1.407698,23,2,1
202100018213,169Â 053,A01,1,1,1,5,2,6,-1,-1, -1,-1,2021,30.0,1,1,0,2,1,21,1,,1,A4,0,,-1,4,0,1,12,600,3,, -1,1,0,1,90,17,9,3,93,93051,1,1,0,4,A4,48.8366,2.5439,21,6,6
202100030945,146Â 441,B01,1,1,2,5,1,-1,-1,0,0,-1,2021,26.0,2,2,9,2,2,15,1,,7,723,0,A,3,4,0,1,40,500,1,, -1,1,5,1,70,11,6,5,44,44172,1,5,0,3,Route de Paris,47.265871,-1.487564,22,2,2
202100033498,141Â 902,A01,2,2,1,0,1,-1,-1,0,0,-1,2021,69.0,1,2,3,2,7,17,1,,2,113,-1,,2,2,0,1,9,393,1,, -1,1,0,1,70,19,6,1,34,34321,1,1,0,3,nationale 113,43.675399,4.061133,20,5,2
202100002120,198Â 007,B01,1,1,1,0,1,0,-1,-1, -1,-1,2021,52.0,1,2,0,2,1,1,1,,3,FELIX EBOUE(ROCADE),0,,2,2,0,1,1,299,1,, -1,1,0,1,50,18,12,5,973,97302,2,1,0,5,,4.92716,-52.31971,19,4,3
202100012873,178Â 716,Z01,10,3,2,9,0,-1,-1,2,3,1,2021,52.0,1,1,0,1,2,1,0,,4,RUE DE TOLBIAC,0,,2,3,3,2,(1),(1),1,, -1,1,0,1,30,16,10,1,75,75113,2,1,0,6,RUE DE TOLBIAC,48.828234,2.37248,18,2,1
202100005942,191Â 173,A01,10,3,2,5,0,-1,-1,8,9,1,2021,73.0,3,5,0,1,6,4,1,,3,656,0,,2,2,0,1,43,1000,1,, -1,2,0,1,30,26,11,1,47,47001,2,3,0,6,VAL PRE (RUE),44.21081,0.64631,10,2,1
202100054006,105Â 216,A01,10,3,2,2,0,-1,-1,3,3,1,2021,10.0,1,2,0,1,2,1,2,,3,24,-1,,2,2,0,1,5,150,1,, -1,2,0,1,50,22,1,1,38,38507,2,1,1,6,Chemin de Vaillant,45.716443,5.171379,16,2,1
202100055649,102Â 383,A01,2,2,2,5,8,0,-1,-1, -1,-1,2021,40.0,1,2,4,0,1,14,1,,2,N118,0,,3,5,0,2,0,400,1,, -1,1,0,1,70,10,1,3,92,92072,1,1,0,6,N118,48.8257540877,2.2215878963,19,2,1
202100032785,143Â 174,B01,1,1,2,5,2,6,-1,0,0,-1,2021,41.0,1,1,0,2,1,1,1,,3,,-1,,1,2,0,1,(1),(1),2,,4,1,0,1,50,24,6,1,89,89257,2,6,0,3,Avenue du Port,47.961739,3.504563,12,2,2
202100034836,139Â 442,B01,1,1,1,0,2,6,-1,0,0,-1,2021,21.0,1,1,0,2,4,1,1,,3,12,0,D,1,1,0,1,1,740,1,, -1,1,5,1,90,12,6,1,61,61456,1,6,0,2,Les Acres,48.774689,0.609784,9,2,2
202100023151,160Â 237,A01,1,1,2,1,8,8,-1,0,0,-1,2021,33.0,0,1,0,2,3,25,3,,3,920,0,,1,2,0,1,0,0,1,, -1,1,6,1,50,21,8,1,92,92002,2,7,0,3,GENERAL DE GAULLE (PLACE DU),48.7633379294,2.3091712557,18,2,2
202100041113,128Â 123,B01,1,1,1,4,2,0,-1,-1, -1,-1,2021,49.0,2,0,0,2,3,10,3,,4,ARENES,0,,2,0,0,1,0,0,1,, -1,1,0,1,50,27,4,1,30,30189,2,1,0,6,ARENES,43.8343,4.3605,17,2,2
202100026341,154Â 609,A01,2,2,1,0,8,0,-1,-1, -1,-1,2021,24.0,1,2,0,2,7,1,0,,3,PARIS (R DE),0,,-1,4,1,1,0,0,1,, -1,1,0,1,30,30,7,5,94,94018,2,1,0,3,PARIS (R DE),48.82821,2.40328,0,4,2
202100002019,198Â 184,B01,1,1,2,3,1,0,-1,-1, -1,-1,2021,64.0,1,2,0,2,3,1,1,,4,LECLERC (RUE DU GENERAL ),0,,4,2,0,1,(1),(1),2,, -1,2,0,1,50,15,12,5,59,59017,2,9,1,3,LECLERC (RUE DU GENERAL ),50.6826757786,2.8863388007,17,2,2
202100006142,190Â 833,A01,1,1,1,0,1,-1,-1,0,0,-1,2021,45.0,1,2,2,0,1,1,1,,3,38,-1,D,2,2,0,2,2,600,2,, -1,5,0,8,80,27,11,1,42,42238,1,1,1,6,Route du Col de la Loge,45.754933,3.786292,15,1,1
202100025119,156Â 754,B01,1,1,1,0,2,0,-1,-1, -1,-1,2021,15.0,1,1,0,2,7,0,1,,4,RUE LESDIGUIÃRES,0,,2,4,2,1,(1),(1),1,, -1,1,0,4,50,7,8,5,38,38185,2,2,0,3,RUE LESDIGUIÃRES,45.1872,5.72766,0,2,2
202100050932,110Â 636,B01,1,1,1,1,2,6,-1,0,0,-1,2021,27.0,2,1,0,2,3,7,1,,4,AVENUE DU GENERAL LECLERC,0,,1,5,0,1,(1),(1),1,, -1,2,0,1,50,19,2,5,75,75114,2,7,0,3,AVENUE DU GENERAL LECLERC,48.833688,2.331891,6,2,2
202100054697,104Â 017,B01,1,1,1,0,8,0,-1,-1, -1,-1,2021,32.0,2,2,0,2,4,23,1,,4,ANATOLE FRANCE (AV),0,,2,2,0,1,0,0,1,, -1,2,0,1,50,16,1,5,94,94022,2,3,0,2,ANATOLE FRANCE (AV),48.7647405256,2.4098071563,20,2,2
202100034787,139Â 531,A01,10,3,2,9,0,-1,-1,4,3,1,2021,43.0,2,1,0,1,1,1,3,,4,RUE DE LANCRY,0,,2,2,1,1,(1),(1),1,, -1,1,0,5,30,12,6,1,75,75110,2,2,0,6,RUE DE LANCRY,48.870527,2.361193,19,2,1
202100053826,105Â 536,A01,2,2,1,5,2,-1,-1,-1, -1,-1,2021,26.0,2,6,0,2,8,18,1,,4,,0,,1,4,0,1,(1),(1),1,, -1,1,0,1,50,24,1,1,69,69382,2,2,0,3,JULES COURMONT (Q),45.76349,4.83846,16,4,2
202100023373,159Â 841,B01,10,3,2,5,0,-1,-1,6,B,1,2021,56.0,2,1,0,2,1,1,1,,3,61,0,A,2,2,0,1,0,850,1,, -1,1,0,1,70,20,8,1,83,83068,1,1,0,1,D 61 A,43.27098,6.560565,10,3,2
202100023984,158Â 765,A01,1,1,1,5,8,0,-1,-1, -1,-1,2021,27.0,1,1,0,2,1,17,1,,4,BOIS ROUGE (chemin du),0,,-1,2,0,1,(1),(1),3,, -1,1,0,8,50,15,8,1,974,97409,1,1,0,1,BOIS ROUGE (chemin du),-20.91983,55.63757,16,2,2
202100044112,122Â 824,A01,1,1,1,5,2,8,-1,-1, -1,-1,2021,36.0,2,0,0,0,0,2,3,,3,TOPAZES(ALLEE DES),0,,2,2,0,2,2,290,2,, -1,1,0,1,50,11,4,1,974,97411,2,1,0,7,AllÃ©e des Topazes,-20.89787,55.44393,12,1,1