Num_Acc,id_vehicule,num_veh,place,catu,sexe,trajet,secu1,secu2,secu3,locp,actp,etatp,year_acc,victim_age,senc,catv,obs,obsm,choc,manv,motor,occutc,catr,voie,v1,v2,circ,nbv,vosp,prof,pr,pr1,plan,lartpc,larrout,surf,infra,situ,vma,jour,mois,lum,dep,com,agg_,int,atm,col,adr,lat,long,hour,nb_victim,nb_vehicules
202100025271,156Â 482,A01,1,1,1,4,1,-1,-1,-1, -1,-1,2021,21.0,1,2,0,2,1,1,1,,7,LYON (DE) (D 518)                   (RO),0,,2,5,3,1,1,800,1,, -1,1,0,1,70,5,8,5,69,69290,2,1,0,3,LYON (DE) (RTE),45.711,4.9018,21,3,2
202100000574,200Â 678,A01,1,1,1,0,2,0,-1,-1, -1,-1,2021,54.0,3,1,0,2,1,1,1,,4,LECLERC (AVENUE DU GENERAL),0,,2,2,0,1,(1),(1),1,, -1,1,9,1,50,2,11,1,11,11262,2,1,0,2,LECLERC (AVENUE DU GENERAL),43.1803582058,2.9965398367,13,2,2
202100005903,191Â 238,A01,10,3,2,0,0,-1,-1,4,3,1,2021,82.0,2,3,0,1,0,1,0,,4,BOIS AU COQ (AVENUE),0,,2,5,3,1,0,0,1,, -1,2,9,6,50,26,11,1,76,76351,2,2,0,6,BOIS AU COQ (AVENUE),49.51255,0.12568,10,2,1
202100022963,160Â 580,B01,1,1,2,5,2,4,-1,0,0,-1,2021,62.0,0,0,0,2,4,2,3,,3,33,-1,,2,2,0,3,(1),(1),2,, -1,1,0,1,80,22,8,2,50,50185,1,1,0,2,RD 33 - PK 14.600,48.858849,-1.278126,20,2,2
202100007545,188Â 257,A01,2,1,1,1,2,0,-1,-1, -1,-1,2021,49.0,2,1,0,2,3,1,1,,1,86,0,,1,2,0,1,6,599,1,, -1,2,0,1,90,17,11,1,92,92036,1,1,0,3,A86,48.9348887042,2.2678495223,8,2,2
202100005538,191Â 900,A01,10,3,1,9,0,-1,-1,1,A,2,2021,41.0,1,5,0,1,5,1,1,,4,RUE SAINT BERNARD,0,,2,2,0,1,(1),(1),1,, -1,1,0,1,30,30,11,1,75,75111,2,3,0,6,RUE SAINT BERNARD,48.851166,2.381583,12,2,1
202100053219,106Â 608,A01,1,1,1,5,1,0,-1,-1, -1,-1,2021,62.0,2,2,0,2,1,1,1,,4,MARECHAL JUIN (BOULEVARD),0,,2,3,0,1,(1),(1),1,, -1,2,0,1,50,28,1,2,21,21231,2,3,1,1,MARECHAL JUIN (BOULEVARD),47.31384,5.00815,8,3,2
202100016507,172Â 123,A01,1,1,1,5,1,5,-1,0,0,-1,2021,69.0,3,2,0,2,1,15,1,,4,POLITZER (RUE GEORGES),0,,2,5,1,1,(1),(1),1,, -1,1,9,1,50,27,9,1,27,27229,2,3,0,3,POLITZER (RUE GEORGES),49.0059694495,1.1430801086,17,2,2
202100017096,171Â 071,B01,1,1,1,3,2,6,-1,-1, -1,-1,2021,27.0,1,1,0,2,8,15,1,,3,REPUBLIQUE (AV DE LA),0,,2,2,0,1,1,0,1,, -1,1,0,1,50,24,9,1,94,94021,2,1,0,3,Avenue de la RÃ©publique,48.76271,2.3669,8,2,2
202100049710,112Â 888,A01,1,1,1,1,1,-1,-1,0,0,-1,2021,21.0,2,2,0,0,1,5,1,,3,918,0,D,2,1,0,1,91,800,1,, -1,1,0,1,80,1,3,3,64,64247,1,1,0,1,D918,43.187343,-0.903196,20,2,2
202100009369,184Â 957,A01,1,1,2,1,1,-1,-1,0,0,-1,2021,23.0,3,2,0,2,8,15,1,,3,1504,0,,2,2,2,2,13,800,2,, -1,1,5,1,80,5,11,2,73,73050,1,4,0,3,D1504,45.666973,5.854136,17,2,2
202100037484,134Â 667,A01,1,1,1,5,1,-1,-1,0,0,-1,2021,24.0,0,2,13,0,3,13,1,,3,252,-1,,2,2,0,1,1,560,2,, -1,1,0,1,80,30,5,1,61,61297,1,1,0,6,lieu dit Tyres,48.669263,0.481564,19,1,1
202100044691,121Â 828,B01,10,3,2,2,8,8,-1,1,3,1,2021,16.0,3,2,0,1,1,1,1,,4,MOULIN JEAN (AVENUE),0,,2,2,0,1,(1),(1),1,, -1,1,0,1,30,12,3,1,34,34108,2,1,0,6,MOULIN JEAN (AVENUE),43.4461720388,3.7515109337,15,2,1
202100052729,107Â 483,A01,1,1,1,4,1,-1,-1,0,0,-1,2021,46.0,2,4,16,0,1,1,1,,3,766,-1,,2,3,0,1,30,812,1,, -1,2,0,3,90,3,2,1,49,49128,1,1,0,7,D766 PR30+812,47.553172,-0.196692,16,1,1
202100028884,150Â 092,A01,1,1,1,0,2,0,-1,-1, -1,-1,2021,24.0,1,1,0,0,0,1,1,,3,ALPHONSE LE GALLO (QUAI) 35/FIN,0,,-1,0,0,1,0,0,1,, -1,3,0,1,50,14,7,5,92,92012,2,1,1,7,ALPHONSE LE GALLO (QUAI) 35/FIN,48.8377129109,2.2240577999,4,1,1
202100030546,147Â 157,B01,1,1,1,5,8,0,-1,-1, -1,-1,2021,19.0,3,1,0,2,1,26,5,,4,FOUCHET,0,,2,2,0,1,0,0,1,, -1,1,0,1,30,5,7,1,64,64445,2,1,1,3,FOUCHET,43.31367,-0.37189,20,2,2
202100001786,198Â 600,A01,10,3,2,5,0,-1,-1,5,1,1,2021,93.0,3,4,0,1,4,4,4,,4,1,-1,,2,2,0,1,(1),(1),1,, -1,1,0,4,50,22,12,1,38,38389,2,1,1,6,Rue Maitre Jacques,45.554961,5.078183,10,2,1
202100027687,152Â 225,B01,2,2,1,0,8,0,-1,-1, -1,-1,2021,16.0,0,1,0,2,0,2,3,,4,MONTGOLFIER                         (R ),0,,1,1,0,1,(1),(1),1,, -1,1,0,1,50,21,7,5,69,69386,2,2,0,3,GARIBALDI (R),45.77196,4.84988,23,3,2
202100030740,146Â 813,B01,1,1,2,0,2,-1,-1,-1, -1,-1,2021,20.0,2,1,0,2,8,1,5,,4,LAFAYETTE                           (CO),0,,2,3,1,1,(1),(1),1,, -1,1,0,1,50,29,6,1,69,69386,2,2,0,3,LAFAYETTE (CR),45.7636958684,4.8470520973,19,2,2
202100010270,183Â 350,B01,1,1,1,4,2,6,-1,-1, -1,-1,2021,19.0,2,1,0,2,1,1,3,,3,Jean Jaures (Avenue),0,,2,2,0,1,0,100,1,, -1,2,0,1,30,29,10,5,91,91191,2,9,1,3,Jean Jaures (Avenue),48.713963,2.46226,22,3,2
202100044503,122Â 154,A01,1,1,1,0,1,-1,-1,0,0,-1,2021,24.0,2,2,0,0,0,0,1,,4,18,0,C,2,2,0,1,0,0,1,, -1,2,0,3,80,10,4,1,80,80443,1,2,1,7,D18,49.867596,1.90527,8,1,1
202100040177,129Â 783,B01,1,1,1,5,8,-1,-1,-1, -1,-1,2021,15.0,2,1,1,0,1,0,5,,3,ROOSEVELT F. (RUE DU PRESIDENT),0,,2,2,1,2,0,100,1,, -1,1,0,1,50,12,5,1,51,51454,2,1,0,3,Rue du Pdt Franklin Roosevelt,49.26258,4.02756,15,2,2
202100053441,106Â 193,A01,4,2,2,9,1,0,-1,-1, -1,-1,2021,23.0,2,2,8,0,1,1,1,,4,GABRIEL PERI                        (AV),0,,2,4,3,1,(1),(1),1,, -1,1,0,6,50,27,1,5,69,69256,2,1,0,7,GABRIEL PERI                        (AV),45.7718,4.91049,6,3,1
202100056441,101Â 012,A01,10,3,2,5,0,-1,-1,4,3,1,2021,57.0,1,2,0,1,2,15,1,,3,CHARLES DE GAULLE (BD),0,,1,2,0,1,0,0,1,, -1,2,9,1,50,2,1,5,92,92025,2,2,1,6,CHARLES DE GAULLE (BD),48.9144516676,2.2289591336,17,2,1
202100017910,169Â 608,A01,1,1,2,2,1,-1,-1,0,0,-1,2021,28.0,1,2,0,0,0,1,1,,3,19,0,D,2,2,0,1,23,630,3,, -1,2,0,3,80,19,9,1,43,43117,1,1,1,6,D19,45.285546,3.465242,16,1,1
202100038942,132Â 022,A01,10,3,1,0,0,-1,-1,2,3,1,2021,44.0,1,2,0,1,1,1,1,,4,RN 8,0,,2,2,0,1,0,0,1,, -1,1,0,1,50,21,5,2,13,13005,2,1,0,6,RN 8,43.2871956464,5.5836391932,7,2,1
202100033491,141Â 912,A01,2,2,2,5,1,-1,-1,0,0,-1,2021,57.0,2,2,4,0,2,1,1,,1,6,0,,3,4,0,2,67,600,1,, -1,3,0,2,130,19,6,1,77,77520,1,1,1,6,"Autoroute A6, PK 67+600 sens LYON - PARIS",48.30866,2.652254,17,4,1
202100028313,151Â 085,A01,1,1,1,5,2,0,-1,0,0,-1,2021,31.0,1,1,0,2,1,19,5,,4,QUAI SAINT BERNARD,0,,2,5,0,1,(1),(1),1,, -1,1,0,1,50,18,7,5,75,75105,2,2,0,3,QUAI SAINT BERNARD,48.849393,2.356807,0,2,2
202100046768,118Â 175,B01,1,1,1,0,2,0,-1,-1, -1,-1,2021,25.0,1,1,0,2,3,0,1,,4,AMPERE (BOULEVARD),0,,1,2,0,1,(1),(1),1,, -1,1,5,1,30,24,3,1,13,13215,2,6,0,3,AMPERE (BOULEVARD),43.33951,5.3726,10,2,2
202100018782,168Â 068,A01,10,3,1,0,0,-1,-1,1,3,1,2021,41.0,2,2,0,1,1,2,1,,4,MENDES FRANCE (AVENUE),0,,2,6,0,1,0,0,1,, -1,1,0,1,50,15,9,2,13,13208,2,1,0,7,MENDES FRANCE (AVENUE),43.26093,5.37514,20,2,1
202100019967,165Â 944,A01,1,1,1,1,1,-1,-1,0,0,-1,2021,39.0,2,2,0,2,1,1,1,,3,834,-1,,2,2,0,1,60,850,1,, -1,1,0,1,80,26,8,2,40,40320,1,1,0,1,route departementale 834,43.932277,-0.567255,6,2,2
202100024197,158Â 420,B01,2,2,2,5,1,-1,-1,0,0,-1,2021,83.0,1,2,3,0,6,1,1,,2,7,0,,3,4,0,2,80,550,1,, -1,1,0,1,110,12,8,1,58,58152,1,1,0,3,N7,46.903824,3.157464,16,3,2
202100000700,200Â 463,B01,1,1,2,0,1,8,-1,-1, -1,-1,2021,55.0,3,2,0,2,3,19,1,,4,BELGIQUE  RUE,0,,2,2,0,1,(1),(1),1,, -1,1,0,1,30,31,12,5,17,17291,2,9,0,3,BELGIQUE  RUE,46.1774,-1.1186,18,2,2
202100035002,139Â 130,A01,1,1,1,9,1,0,-1,-1, -1,-1,2021,33.0,1,2,0,0,2,14,1,,1,A87N,0,,3,5,0,1,1,0,1,, -1,1,9,1,90,11,6,1,49,49267,2,1,0,7,A87N,47.4682,-0.51499,18,1,1
202100030796,146Â 715,B01,1,1,1,5,8,0,-1,-1, -1,-1,2021,35.0,3,1,0,2,1,1,5,,4,,0,,2,4,0,4,0,0,1,, -1,1,0,1,50,29,6,1,91,91687,2,2,0,2,MARMONT (AVENUE),48.66,2.37,17,2,2
202100051244,110Â 086,B01,1,1,1,0,1,-1,-1,0,0,-1,2021,52.0,1,2,0,2,2,1,1,,4,,-1,,2,2,0,1,(1),(1),1,,"6,3",1,0,1,50,17,2,1,79,79049,2,3,0,3,19 Boulevard de Poitiers,46.839277,-0.487508,9,2,2
202100049512,113Â 250,A01,10,3,2,5,0,-1,-1,2,3,1,2021,16.0,0,2,0,1,2,1,1,,4,24 AVRIL 15 (AVENUE DU),0,,2,2,0,1,(1),(1),1,, -1,1,0,1,50,2,3,1,13,13212,2,1,0,6,24 AVRIL 15 (AVENUE DU),43.308013,5.433574,8,2,1
202100048821,114Â 499,A01,2,2,1,5,1,-1,-1,0,0,-1,2021,25.0,2,2,7,0,2,2,1,,1,71,0,,3,4,0,1,225,800,2,, -1,1,0,3,130,8,3,1,18,18126,1,1,0,6,A71 pk225+800,46.927191,2.426224,10,2,1
202100018666,168Â 273,A01,1,1,1,5,2,6,-1,0,0,-1,2021,62.0,2,1,0,2,8,17,1,,3,1091,-1,,2,2,0,1,23,100,1,, -1,1,0,1,80,17,9,1,38,38052,1,1,0,3,RD 1091,45.116813,5.984416,15,2,2
202100038659,132Â 532,A01,1,1,1,0,2,6,-1,0, -1,-1,2021,22.0,3,1,0,2,1,13,1,,3,REPUBLIQUE AVENUE DE LA,0,,2,2,0,1,1,0,1,, -1,1,5,1,50,22,5,1,93,93006,2,2,0,3,Avenue de la RÃ©publique / Rue Robespierre,48.8604060242,2.4204114676,18,2,2
202100005936,191Â 183,A01,2,2,1,5,1,0,-1,0,0,-1,2021,20.0,2,2,6,0,2,1,1,,3,REPUBLIQUE (AVENUE DE LA),0,,-1,2,0,2,0,(1),2,, -1,1,0,1,50,20,11,5,54,54323,2,1,0,6,REPUBLIQUE (AVENUE DE LA),49.518105,5.76334,22,2,1
202100028202,151Â 282,A01,2,2,2,5,2,6,9,0,0,-1,2021,37.0,2,1,13,0,8,1,1,,3,117,0,D,2,2,0,2,21,600,1,, -1,1,0,1,80,18,7,1,11,11304,1,1,0,6,RD 117,42.879974,2.165272,18,2,1
202100019943,165Â 984,A01,1,1,2,3,1,-1,-1,0,0,-1,2021,76.0,0,2,0,2,8,1,1,,3,11,-1,D,2,2,0,1,2,750,1,,6,1,0,1,80,8,9,1,11,11067,1,3,0,3,Traverse de la DomÃ¨que,43.221596,2.833228,10,2,2
202100037805,134Â 081,A01,1,1,1,9,1,0,-1,-1, -1,-1,2021,52.0,1,2,1,0,3,1,1,,3,ZOLA (RUE EMILE),0,,2,2,0,1,0,1,1,, -1,1,0,1,50,28,5,1,24,24037,2,1,0,2,ZOLA (RUE EMILE),44.8433,0.49569,14,2,2
202100024958,157Â 051,A01,1,1,1,5,2,6,-1,0,0,-1,2021,23.0,2,1,13,0,1,1,1,,3,5,0,D,2,2,0,1,81,200,3,, -1,1,0,3,80,9,8,1,87,87153,1,1,0,6,La Maraude,45.83466,1.697645,18,2,2
202100024898,157Â 153,A01,10,3,2,1,0,-1,-1,4,3,2,2021,45.0,3,1,0,1,1,1,5,,4,BOULEVARD DE MENILMONTANT,0,,3,4,1,2,(1),(1),1,, -1,2,0,1,50,9,8,1,75,75111,2,2,1,6,BOULEVARD DE MENILMONTANT,48.862931,2.387517,8,3,1
202100036914,135Â 717,B01,1,1,1,5,1,-1,-1,0,0,-1,2021,25.0,1,2,8,0,8,1,1,,3,317,-1,,2,2,0,4,1,102,1,, -1,1,5,1,80,29,5,2,8,8336,1,2,0,3,RD317,49.658444,5.169164,21,4,2
202100025069,156Â 844,A01,1,1,2,5,1,-1,-1,0,0,-1,2021,19.0,1,2,6,0,1,21,1,,3,5,-1,,1,2,0,3,(1),(1),3,, -1,1,0,3,70,8,8,1,971,97117,2,1,0,7,Route de Lacroix,16.321311,-61.392276,11,2,2
202100018526,168Â 518,A01,10,3,1,5,0,-1,-1,1,2,1,2021,33.0,0,2,0,1,2,1,1,,4,SURVILLE (DE)                       (R ),0,,2,2,1,1,(1),(1),1,, -1,1,0,1,50,16,9,5,69,69388,2,9,0,6,SURVILLE (DE) (R),45.71933,4.854,4,2,1
202100014679,175Â 474,B01,1,1,1,5,2,6,-1,0,0,-1,2021,15.0,2,1,0,2,1,1,1,,3,54,0,D,2,2,0,1,0,916,1,, -1,1,0,1,80,8,10,1,62,62011,1,1,0,1,D54,50.318225,2.64098,17,2,2
202100042184,126Â 221,A01,1,1,1,5,1,0,-1,-1, -1,-1,2021,68.0,2,2,6,2,9,14,1,,7,BRETONNIERES (BOULEVARD DES),0,,2,2,0,1,41,100,3,, -1,1,0,3,50,28,4,1,37,37122,2,1,0,7,BRETONNIERES (BOULEVARD DES),47.3427966113,0.6233882904,8,1,1
202100021343,163Â 502,A01,1,1,1,5,1,-1,-1,0,0,-1,2021,64.0,2,2,13,0,0,1,1,,3,996,-1,,2,2,0,1,8,100,1,, -1,1,0,3,80,1,9,1,63,63236,1,1,0,6,route dÃ©partementale 996,45.587645,2.782116,14,1,1
202100047863,116Â 207,A01,1,1,1,1,2,6,9,0,0,-1,2021,37.0,0,1,0,2,1,0,1,,3,62,0,D,3,4,0,1,2,400,1,, -1,1,0,1,110,16,3,1,34,34154,1,1,0,2,D62,43.552436,3.996449,16,2,2
202100044106,122Â 837,B01,2,2,2,5,1,0,-1,-1, -1,-1,2021,33.0,2,2,0,2,4,26,1,,1,86,0,,3,4,0,1,4,99,1,, -1,1,0,1,90,13,4,1,92,92025,1,9,0,2,A86,48.9280993721,2.2383538616,16,3,2
202100027183,153Â 127,A01,10,3,2,5,0,-1,-1,9,9,1,2021,52.0,0,2,0,1,4,24,1,,6,DONELIERE (RUE DE LA),0,,-1,-1,0,1,0,0,1,, -1,2,0,1,10,24,7,1,35,35238,2,9,1,6,DONELIERE (RUE DE LA),48.1303710191,-1.684699908,19,2,1
202100008392,186Â 732,B01,1,1,2,3,2,-1,-1,0,0,-1,2021,18.0,2,1,0,2,4,1,1,,3,21,0,,2,2,0,1,14,100,1,, -1,1,0,1,90,13,11,4,34,34309,1,9,0,2,D21,43.703847,3.935605,18,2,2
202100032134,144Â 309,A01,1,1,1,4,2,6,-1,0,0,-1,2021,33.0,1,1,1,0,1,21,1,,4,RUE DE LA CROIX NIVERT,0,,2,2,0,1,(1),(1),1,, -1,1,0,1,30,26,6,2,75,75115,2,2,0,6,RUE DE LA CROIX NIVERT,48.845948,2.298729,20,1,1
202100049883,112Â 573,A01,5,2,1,5,1,0,-1,-1, -1,-1,2021,21.0,2,2,0,0,9,14,1,,2,ROCADE 14-15,0,,3,4,0,1,22,310,1,, -1,1,0,3,90,27,2,3,35,35238,1,1,0,7,ROCADE 14-15,48.14213,-1.6453,2,5,1
202100034612,139Â 845,A01,1,1,2,1,2,6,-1,0,0,-1,2021,21.0,3,1,12,0,1,14,1,,4,PLACE CAMBRONNE,0,,1,3,0,1,(1),(1),1,, -1,1,0,1,50,13,6,1,75,75115,2,7,0,6,PLACE CAMBRONNE,48.847884,2.301408,14,1,1
202100044358,122Â 383,B01,1,1,1,9,1,-1,-1,-1, -1,-1,2021,44.0,2,2,1,2,2,1,1,,4,CAMILLE ROUSSET                     (AV),0,,2,2,0,1,(1),(1),1,, -1,2,0,1,50,11,4,5,69,69029,2,3,1,3,CAMILLE ROUSSET (AV),45.73635,4.91416,20,2,2
202100016398,172Â 323,A01,1,1,1,5,2,6,9,0,0,-1,2021,48.0,1,1,0,6,1,19,1,,3,981,-1,,2,2,0,1,33,800,1,, -1,1,0,1,80,27,9,3,30,30286,1,1,0,6,D981,43.98562,4.457445,22,1,1
202100014139,176Â 413,A01,1,1,1,9,1,8,-1,-1, -1,-1,2021,18.0,1,2,0,2,2,26,1,,3,RTE NATIONALE 20,0,,3,4,0,2,0,0,1,, -1,1,3,1,70,9,10,3,91,91339,1,1,0,1,RTE NATIONALE 20,48.62824,2.26257,3,2,2
202100043586,123Â 759,A01,1,1,1,5,2,-1,-1,0,0,-1,2021,41.0,2,6,13,0,2,1,1,,4,,-1,,2,2,0,1,(1),(1),2,, -1,1,0,3,50,18,4,1,72,72011,2,9,0,7,4 rue du bourgneuf,48.320369,-0.00957,18,1,1
202100014161,176Â 381,A01,10,3,1,5,0,-1,-1,5,9,1,2021,21.0,2,2,14,1,1,14,1,,4,FROMENTIN(RUE DU LIEUTENANT FRANCOIS),0,,2,2,0,2,(1),(1),1,, -1,1,0,4,30,9,10,1,56,56260,2,1,0,6,Rue du Lt Francois Fromentin,47.64898,-2.76686,12,2,1
202100018234,169Â 013,B01,1,1,1,5,2,-1,-1,0,0,-1,2021,49.0,1,1,0,2,1,1,1,,3,903,0,D,2,2,0,2,74,50,1,, -1,1,5,1,70,18,9,1,74,74005,1,2,0,3,D903,46.341114,6.46201,11,2,2
202100018063,169Â 345,B01,1,1,1,4,1,-1,-1,0,0,-1,2021,54.0,2,2,0,2,7,1,1,,7,113,-1,,2,2,0,1,32,100,1,, -1,1,0,1,-1,10,9,1,13,13051,1,1,0,3,PK 32+100 route dÃ©partementale 113,43.586305,5.12884,14,2,2
202100036516,136Â 436,A01,1,1,1,5,2,6,-1,0,0,-1,2021,17.0,1,1,0,2,1,2,1,,3,,-1,,2,2,0,1,17,800,1,, -1,1,0,4,50,5,6,1,2,2399,2,1,0,3,14 Rue de Verdun,49.446491,3.892132,18,2,2
202100028786,150Â 262,A01,1,1,1,5,1,0,-1,-1, -1,-1,2021,24.0,2,2,0,2,1,26,1,,1,86,0,,-1,2,0,1,0,100,1,, -1,1,0,1,90,16,7,5,92,92050,1,1,0,2,A86,48.90219,2.20339,3,2,2
202100011821,180Â 592,B01,1,1,2,0,2,4,-1,-1, -1,-1,2021,44.0,0,1,1,0,1,1,5,,4,VILLEBOIS MAREUIL (BD),0,,2,2,1,1,(1),(1),1,, -1,1,0,5,50,21,10,5,35,35238,2,1,0,6,VILLEBOIS MAREUIL (BD),48.1053,-1.65062,6,2,2
202100025383,156Â 285,A01,1,1,1,4,8,-1,-1,0,0,-1,2021,48.0,1,4,0,0,0,0,0,,3,3,0,,2,2,0,1,1,204,1,, -1,1,0,3,80,7,8,1,77,77280,1,1,0,7,route dÃ©partementale 3,49.016144,3.046646,8,1,1
202100035793,137Â 727,A01,1,1,1,0,0,-1,-1,0,0,-1,2021,31.0,1,2,0,0,0,1,1,,3,173,-1,,2,2,0,1,4,150,1,, -1,1,0,1,80,9,6,1,41,41029,1,1,0,7,D173,47.525644,1.264807,11,1,1
202100020971,164Â 183,B01,1,1,1,5,2,6,-1,0,0,-1,2021,22.0,2,1,0,2,2,1,1,,3,,-1,,2,2,0,1,63,850,1,,4,1,0,1,50,5,9,1,62,62806,2,3,0,3,Route du Chatelet,50.866398,1.629663,17,2,2
202100024210,158Â 400,A01,1,1,1,5,2,6,9,0,0,-1,2021,27.0,2,1,7,0,3,1,1,,3,908,-1,,2,2,0,1,57,800,2,, -1,1,0,3,80,15,8,1,55,55258,1,1,0,6,RD 908,48.774267,5.69372,11,1,1
202100035426,138Â 394,B01,1,1,1,0,2,6,-1,-1, -1,-1,2021,45.0,1,1,0,2,1,3,1,,1,AUTOROUTE A6B,0,,1,3,0,1,7,699,1,, -1,1,0,1,110,10,6,1,94,94034,1,1,0,3,AUTOROUTE A6B,48.75179,2.32987,19,2,2
202100043967,123Â 091,A01,1,1,1,4,1,-1,-1,0,0,-1,2021,51.0,2,4,13,0,1,1,1,,3,1,0,D,2,2,0,1,60,800,1,, -1,1,0,3,90,16,4,1,3,3155,1,1,0,6,Le Champ de la ChÃ©vre,46.718442,2.965989,8,1,1
202100019510,166Â 756,A01,10,3,2,5,0,-1,-1,3,3,1,2021,72.0,1,2,0,1,5,4,1,,4,RUE DU MONT CENIS,0,,1,1,0,1,(1),(1),1,, -1,1,0,1,30,11,9,1,75,75118,2,2,0,6,RUE DU MONT CENIS,48.891827,2.343945,11,2,1
202100051885,108Â 955,A01,10,3,2,9,0,-1,-1,3,3,1,2021,31.0,1,2,0,1,1,15,1,,4,NIMEGUE (RUE DE),0,,2,3,0,1,(1),(1),1,, -1,2,0,1,50,9,2,2,86,86194,2,1,1,6,Rue de Nimegue,46.589832,0.360231,17,2,1
202100016422,172Â 285,A01,10,3,2,9,0,-1,-1,3,3,1,2021,31.0,1,2,0,1,0,1,1,,3,,-1,,2,2,0,1,(1),(1),1,,5,1,0,1,50,28,9,1,59,59212,2,9,0,6,147 Rue de Merville,50.6424953693,2.7128288059,13,2,1
202100031940,144Â 655,A01,1,1,1,1,2,6,-1,-1, -1,-1,2021,22.0,2,1,0,2,1,3,1,,1,A57,0,,3,5,0,1,3,99,1,, -1,1,8,1,70,15,6,1,83,83144,1,1,0,2,A57,43.133940965,5.9862069699,18,2,2
202100036180,137Â 022,B01,1,1,2,1,2,6,-1,0,0,-1,2021,20.0,2,1,0,2,1,1,1,,3,532,0,D,2,2,0,1,999,900,1,, -1,1,0,1,50,7,6,1,7,7324,2,3,0,1,30 Route de Lamastre,45.0705263707,4.8199821896,11,2,2
202100009744,184Â 285,A01,10,3,1,0,0,-1,-1,9,1,1,2021,64.0,0,5,0,1,6,15,1,,4,MARECHAL FOCH (PLACE),0,,2,3,0,1,(1),(1),1,, -1,1,0,1,50,28,10,1,80,80021,2,1,0,6,MARECHAL FOCH (PLACE),49.89365,2.28527,11,2,1
202100016760,171Â 665,A01,3,2,2,0,1,0,-1,-1, -1,-1,2021,9.0,2,2,0,2,1,2,1,,1,AUTOROUTE A6,0,,-1,3,0,1,10,750,1,, -1,2,0,1,110,26,9,1,91,91689,1,1,0,2,AUTOROUTE A6,48.7278,2.3141,17,4,2
202100005536,191Â 902,B01,1,1,1,4,2,0,-1,0,0,-1,2021,29.0,1,0,0,2,0,1,3,,4,QUAI D AUSTERLITZ,0,,2,5,1,1,(1),(1),1,, -1,1,0,5,30,30,11,1,75,75113,2,1,0,3,QUAI D AUSTERLITZ,48.841005,2.369162,11,2,2
202100029419,149Â 195,A01,1,1,1,5,2,6,-1,-1, -1,-1,2021,59.0,2,1,0,2,1,26,1,,3,BELFORT (RUE DE),0,,2,2,0,2,0,0,1,, -1,1,0,1,50,10,7,1,90,90008,2,1,0,2,BELFORT (RUE DE),47.6251,6.8427,8,2,2
202100051755,109Â 190,A01,1,1,1,5,0,-1,-1,0,0,-1,2021,26.0,3,2,8,0,7,13,1,,4,RM12,0,,2,2,0,1,(1),(1),1,, -1,1,0,3,90,13,2,3,988,98815,1,3,0,6,"tribu de la Roche- RM12, sens RAWA-LA ROCHE",-21.48098,168.013793,3,1,1
202100046477,118Â 710,A01,1,1,2,0,1,8,-1,-1, -1,-1,2021,35.0,1,2,0,2,0,0,1,,1,A13,0,,3,6,0,1,43,900,1,, -1,1,0,1,130,27,3,1,78,78402,1,1,0,4,A13,48.964085,1.775474,18,4,3
202100006307,190Â 518,A01,1,1,2,0,1,5,-1,-1, -1,-1,2021,21.0,-1,2,0,2,5,15,1,,3,STALINGRAD (AVENUE) DES NÂ°2 AU NÂ°100,0,,1,2,1,1,0,1,1,, -1,2,0,1,50,25,11,5,93,93072,2,3,0,3,STALINGRAD (AVENUE) DES NÂ°2 AU NÂ°100,48.94863,2.38064,21,2,2
202100011893,180Â 467,A01,1,1,1,0,2,0,-1,0,0,-1,2021,52.0,0,1,0,2,8,1,5,,4,,-1,,2,2,0,1,(1),(1),2,,4,2,0,1,50,19,10,3,59,59371,2,1,1,3,Rue du Bas,50.618617,2.880221,7,2,2
202100015244,174Â 457,A01,1,1,1,0,2,0,-1,-1, -1,-1,2021,23.0,1,1,0,1,1,7,1,,3,REPUBLIQUE (AVE DE LA ) DE 52 A 104,0,,2,3,3,1,0,1,1,, -1,1,0,6,50,4,10,1,93,93001,2,1,0,6,REPUBLIQUE (AVE DE LA ) DE 52 A 104,48.9084854399,2.3872348666,14,2,1
202100009923,183Â 954,A01,1,1,1,5,2,6,-1,0,0,-1,2021,32.0,1,1,0,2,1,1,1,,4,BOULEVARD NEY,0,,1,1,0,1,(1),(1),1,, -1,1,0,1,30,1,11,1,75,75118,2,2,0,3,BOULEVARD NEY,48.897626,2.329014,11,2,2
202100045651,120Â 137,A01,1,1,1,1,2,6,-1,-1, -1,-1,2021,36.0,2,1,1,0,1,0,1,,3,FRANCE ANATOLE (BOULEVARD) NR AUTRES,0,,2,4,0,1,0,1,1,, -1,1,0,4,50,1,4,2,93,93066,2,1,0,6,FRANCE ANATOLE (BOULEVARD) NR AUTRES,48.92668,2.35198,5,1,1
202100030664,146Â 944,A01,1,1,2,5,1,-1,-1,0,0,-1,2021,70.0,2,2,0,2,3,1,1,,3,35,0,D,2,2,0,2,10,(1),3,, -1,1,0,1,80,5,7,2,55,55366,1,1,0,3,D35,48.814833,5.111561,21,2,2