Num_Acc,id_vehicule,num_veh,place,catu,sexe,trajet,secu1,secu2,secu3,locp,actp,etatp,year_acc,victim_age,senc,catv,obs,obsm,choc,manv,motor,occutc,catr,voie,v1,v2,circ,nbv,vosp,prof,pr,pr1,plan,lartpc,larrout,surf,infra,situ,vma,jour,mois,lum,dep,com,agg_,int,atm,col,adr,lat,long,hour,nb_victim,nb_vehicules
202100037468,134Â 693,A01,1,1,1,5,2,6,9,0,0,-1,2021,25.0,3,1,2,0,1,1,1,,3,55,-1,,2,2,0,2,15,0,3,, -1,1,0,3,80,30,5,1,60,60454,1,1,0,6,D55,49.386577,2.320261,19,1,1
202100024555,157Â 767,A01,1,1,1,5,8,0,-1,0,0,-1,2021,55.0,3,1,0,2,7,19,3,,4,RUE DE RIVOLI,0,,2,6,0,1,(1),(1),1,, -1,1,0,1,30,12,8,1,75,75101,2,3,0,3,RUE DE RIVOLI,48.866295,2.324161,16,2,2
202100039394,131Â 182,C01,1,1,2,0,1,0,-1,-1, -1,-1,2021,41.0,1,2,0,2,5,0,1,,1,13,0,,3,4,0,1,2,799,1,, -1,2,0,1,70,19,5,1,92,92064,1,1,1,4,A13,48.8429820546,2.2224709619,15,5,3
202100013595,177Â 419,A01,1,1,1,5,8,0,-1,-1, -1,-1,2021,18.0,1,1,0,2,1,19,1,,3,HUIT MAI 1945 (AVENUE DU),0,,2,2,2,2,0,0,1,, -1,1,0,1,50,12,10,5,91,91477,2,2,0,3,HUIT MAI 1945 (AVENUE DU),48.708467,2.241272,5,2,2
202100003978,194Â 640,A01,10,3,1,5,8,8,-1,9,1,2,2021,34.0,3,5,0,2,1,9,1,,4,AEROPORT POLE CARAIBES,0,,-1,2,0,1,(1),(1),3,, -1,1,0,1,50,7,12,1,971,97101,2,6,0,6,AEROPORT POLE CARAIBES,16.2746509463,-61.5248805285,16,2,1
202100051587,109Â 484,B01,1,1,1,5,2,6,-1,0, -1,-1,2021,28.0,1,1,0,2,1,3,1,,4,GOUESNOU (DE 43 A 219 ET 38 A 212),0,,2,2,0,1,(1),(1),1,, -1,1,0,1,50,13,2,1,29,29019,2,1,0,3,Rue de Gouesnou,48.4118096764,-4.468515457,17,2,2
202100046724,118Â 254,B01,1,1,1,9,2,0,-1,-1, -1,-1,2021,65.0,1,1,0,2,0,16,1,,2,CRIQUE FOUILLEE (ROND POINT),0,,1,2,0,1,4,50,2,, -1,1,5,1,50,24,3,1,973,97302,2,1,0,6,CRIQUE FOUILLEE (ROND POINT),4.89701925,-52.3288035278,7,2,2
202100035767,137Â 775,B01,2,2,2,3,1,0,-1,-1, -1,-1,2021,50.0,2,2,1,0,4,24,1,,3,VERSAILLES (AV DE),0,,1,2,0,2,1,0,1,, -1,1,0,1,50,8,6,1,94,94073,2,1,0,2,Avenue de Versailles,48.75868,2.39455,19,3,2
202100054011,105Â 206,C01,1,1,1,5,1,-1,-1,-1, -1,-1,2021,23.0,1,2,0,2,6,1,1,,7,383,0,,3,10,0,1,13,800,1,, -1,2,0,1,70,22,1,5,69,69259,1,1,1,5,LAURENT BONNEVAY (BD),45.7172968343,4.8585855961,23,3,3
202100021630,162Â 962,A01,1,1,1,5,2,8,-1,-1, -1,-1,2021,49.0,1,1,0,0,8,21,1,,3,ROULLET  PAUL ( AVENUE),0,,2,2,0,4,47,488,2,, -1,1,0,1,70,31,8,5,17,17333,2,9,0,7,ROULLET  PAUL ( AVENUE),45.57719,-0.98653,23,1,1
202100001501,199Â 108,B01,1,1,1,9,8,0,-1,0,0,-1,2021,55.0,1,1,1,2,1,18,1,,4,RUE DES CAPUCINES,0,,1,1,0,1,(1),(1),1,, -1,1,0,1,50,23,12,1,75,75101,2,5,0,2,RUE DES CAPUCINES,48.869797,2.328151,15,3,2
202100014643,175Â 539,A01,1,1,2,1,1,0,-1,-1, -1,-1,2021,47.0,2,5,0,2,1,26,1,,3,GENERAL GALLIENI - PONT DE JOINVILLE (AV,0,,1,1,0,1,1,0,1,, -1,2,2,1,50,5,10,1,94,94042,2,1,1,2,Avenue du GÃ©nÃ©ral GalliÃ©ni,48.8202211402,2.4713745116,10,2,2
202100009174,185Â 316,A01,1,1,1,5,1,-1,-1,0,0,-1,2021,48.0,1,2,15,0,1,1,1,,3,7,-1,,2,2,2,1,6,300,1,, -1,1,0,3,80,7,11,1,83,83107,1,1,0,6,Le Perrussier,43.425071,6.676168,11,1,1
202100021273,163Â 631,B01,1,1,1,5,2,6,-1,-1, -1,-1,2021,27.0,1,1,0,0,0,0,0,,4,LIBERTE (BOULEVARD DE LA),0,,1,3,0,2,0,0,1,, -1,1,0,1,50,2,9,5,13,13201,2,2,0,3,LIBERTE (BOULEVARD DE LA),43.30093,5.38245,2,2,2
202100009054,185Â 520,A01,1,1,1,5,1,-1,-1,-1,0,-1,2021,40.0,1,2,0,2,7,1,1,,1,AUTOROUTE A15,0,,-1,6,0,1,19,700,1,, -1,1,0,1,110,7,11,1,95,95488,1,1,0,3,A15,49.02298,2.13455,13,2,2
202100055403,102Â 815,B01,1,1,1,5,1,-1,-1,0,0,-1,2021,61.0,1,2,13,0,4,13,1,,3,999,-1,,2,2,0,2,46,0,1,, -1,1,0,1,80,12,1,1,30,30088,1,1,0,2,D999,43.863333,4.103228,16,2,2
202100011541,181Â 089,B01,1,1,1,5,8,0,-1,-1, -1,-1,2021,20.0,1,1,0,2,4,1,5,,3,BALLAINVILLIERS (RUE),0,,2,2,0,1,0,0,1,, -1,1,0,1,70,22,10,3,91,91216,1,1,0,1,BALLAINVILLIERS (RUE),48.67195,2.30453,22,2,2
202100003267,195Â 925,A01,10,3,2,5,0,-1,-1,4,3,1,2021,59.0,2,5,0,1,3,15,1,,4,RUE REAUMUR,0,,2,4,0,2,(1),(1),1,, -1,1,0,1,30,11,12,1,75,75102,2,2,0,6,RUE REAUMUR,48.867774,2.34555,12,2,1
202100000016,201Â 733,A01,1,1,1,4,1,-1,-1,0,0,-1,2021,37.0,1,4,1,0,1,1,1,,3,15,-1,,2,2,0,1,24,700,1,, -1,2,0,8,50,28,12,1,21,21349,2,1,1,6,12 Route d Autun,47.194432,4.271381,16,1,1
202100005532,191Â 910,A01,2,2,2,5,2,6,-1,0,0,-1,2021,22.0,1,1,0,2,1,1,1,,4,BOULEVARD SUCHET,0,,2,4,0,1,(1),(1),1,, -1,1,0,1,50,30,11,5,75,75116,2,2,0,3,BOULEVARD SUCHET,48.852999,2.261902,16,3,2
202100025940,155Â 317,A01,1,1,1,5,0,-1,-1,0,0,-1,2021,39.0,3,1,12,0,0,1,5,,3,210,0,D,2,2,1,1,0,0,1,, -1,2,6,4,50,27,7,5,67,67084,2,1,1,7,Rue de la Gare,48.323529,7.429676,21,1,1
202100041087,128Â 168,A01,10,3,1,0,0,-1,-1,1,5,1,2021,10.0,0,2,0,1,1,1,1,,7,M771,0,,2,2,0,1,(1),(1),1,, -1,1,0,1,50,5,5,1,63,63113,2,1,0,6,LIONDARDS (RUE NOUVELLE DES),45.759516896,3.0876071462,14,2,1
202100022676,161Â 086,B01,1,1,1,0,1,0,-1,-1, -1,-1,2021,27.0,3,2,0,2,3,0,1,,3,7,0,,3,6,0,1,0,0,1,, -1,1,0,1,50,25,8,1,92,92026,2,1,0,3,PAUL DOUMER,48.8926,2.25929,14,2,2
202100023070,160Â 381,A01,1,1,2,0,1,8,-1,-1, -1,-1,2021,31.0,2,2,14,0,1,1,0,,7,ESPLANADE FRANCOIS MITTERRAND ,0,,1,2,0,1,13,711,1,, -1,1,0,3,50,26,7,5,31,31149,2,1,0,6,RN124,43.60621,1.33497,22,1,1
202100021513,163Â 186,A01,1,1,2,1,1,-1,-1,0,0,-1,2021,22.0,2,2,2,0,1,14,1,,3,918,0,,2,2,0,1,10,350,1,, -1,1,0,3,80,31,8,2,57,57465,1,1,0,6,D918 PK10+350,49.316534,6.29832,20,1,1
202100021987,162Â 330,A01,2,2,2,5,8,-1,-1,0,0,-1,2021,19.0,3,2,16,0,0,14,1,,9,,-1,,1,1,0,4,(1),(1),3,, -1,1,0,8,80,28,8,3,68,68176,1,1,0,7,lieu-dit bendorfweiher,47.568672,7.191362,5,2,1
202100056034,101Â 726,B01,4,2,2,0,1,-1,-1,0,0,-1,2021,31.0,0,2,0,2,1,16,1,,4,DELIVRANCE (RUE DE LA),0,,2,2,0,1,(1),(1),1,, -1,2,0,1,50,2,1,1,80,80021,2,3,1,3,DELIVRANCE (RUE DE LA),49.88711,2.32441,13,3,2
202100045364,120Â 647,A01,1,1,1,1,2,8,-1,-1, -1,-1,2021,57.0,1,1,1,0,1,26,1,,3,MANTES (ROUTE DE),0,,3,2,0,1,24,600,1,, -1,1,0,1,50,3,4,5,78,78133,2,1,0,6,MANTES (ROUTE DE),48.907221,2.04754,0,1,1
202100003561,195Â 381,A01,2,2,2,5,1,-1,-1,-1, -1,-1,2021,17.0,3,2,12,2,2,17,1,,4,BELLEVUE                            (QU),0,,1,2,0,1,(1),(1),1,, -1,1,0,1,50,9,12,3,69,69034,2,1,0,6,BELLEVUE (Q),45.78146,4.84305,17,6,3
202100052536,107Â 812,A01,10,3,2,2,0,-1,-1,3,3,1,2021,13.0,1,2,0,1,3,1,1,,4,Rue de l'Alma,0,,2,2,0,2,(1),(1),1,, -1,2,0,1,50,3,2,2,59,59512,2,1,1,6,ALMA  (RUE DE L)',50.69918,3.16905,8,2,1
202100055241,103Â 080,A01,1,1,1,1,1,-1,-1,0,0,-1,2021,47.0,2,2,2,0,2,1,0,,3,18,-1,D,2,2,0,1,2,940,3,, -1,2,0,3,80,13,1,1,41,41074,1,1,1,6,D18,47.57541,1.636001,16,1,1
202100053718,105Â 714,A01,10,3,1,5,8,-1,-1,3,3,1,2021,54.0,1,2,0,1,1,16,1,,4,,0,,2,2,0,1,(1),(1),3,, -1,1,0,1,50,25,1,1,69,69266,2,7,0,6,GENERAL LECLERC (DU) (AV),45.7593025379,4.8906615973,15,2,1
202100009077,185Â 481,A01,2,2,2,0,1,-1,-1,-1, -1,-1,2021,48.0,1,2,0,2,2,15,1,,3,SAINT JEAN D'ANGELY (AVENUE),0,,2,3,0,1,1,500,1,,"10,5",1,5,1,50,5,11,1,79,79191,2,2,0,3,Avenue Saint Jean dâAngely,46.31033,-0.46565,13,3,2
202100026704,153Â 977,A01,2,2,1,5,2,6,-1,0,0,-1,2021,17.0,2,1,13,0,1,1,1,,3,143,-1,,2,2,0,4,12,200,2,, -1,1,0,3,80,28,7,1,52,52282,1,1,0,6,RD 143,47.997715,5.178841,16,2,1
202100053846,105Â 501,B01,1,1,1,9,1,-1,-1,0,0,-1,2021,22.0,1,2,13,2,8,1,1,,3,CORAY ROUTE DE,0,,2,2,0,4,3,500,2,, -1,2,5,1,70,24,1,1,29,29051,1,2,1,3,D15 - Avenue de Coray ,48.004836,-4.032855,10,2,2
202100052781,107Â 383,B01,1,1,1,1,2,0,-1,-1, -1,-1,2021,25.0,2,1,0,9,1,19,1,,4,LIBERTE (AVENUE),0,,1,1,1,1,0,0,1,, -1,1,0,1,50,1,2,1,30,30189,2,2,0,6,LIBERTE (AVENUE),43.82355,4.35501,13,2,2
202100044334,122Â 422,A01,1,1,1,5,1,-1,-1,0,0,-1,2021,68.0,1,2,2,0,3,13,1,,3,971,-1,,2,2,0,2,36,800,1,, -1,1,0,3,90,12,4,1,21,21142,1,1,0,6,D971,47.514255,4.724979,18,1,1
202100042927,124Â 938,B01,1,1,1,0,2,6,-1,-1, -1,-1,2021,39.0,1,1,6,0,7,1,3,,4,POTTIER (RUE),0,,1,1,0,1,0,0,1,, -1,1,0,1,50,23,4,5,93,93077,2,2,0,3,POTTIER (RUE),48.884931,2.519496,5,2,2
202100049909,112Â 526,A01,1,1,1,0,2,6,-1,-1, -1,-1,2021,26.0,2,1,11,0,1,13,1,,3,3,0,,2,2,0,2,0,0,1,, -1,1,9,1,50,26,2,5,92,92050,2,3,0,6,VAILLANT COUTURIER PAUL RUE,48.88528769,2.2023162246,23,1,1
202100056038,101Â 720,A01,10,3,1,3,0,-1,-1,2,3,1,2021,70.0,2,5,0,1,2,1,1,,4,ALBERT THOMAS    (Place),0,,1,2,0,1,(1),(1),1,, -1,1,0,1,50,6,1,1,69,69266,2,6,0,6,ALBERT THOMAS    (Place),45.7641,4.8741,11,2,1
202100047299,117Â 220,A01,9,2,1,5,0,-1,-1,0,0,-1,2021,21.0,1,2,0,0,9,1,1,,3,2,0,R,2,2,0,1,(1),(1),2,, -1,9,0,1,70,21,3,1,988,98820,2,1,0,7,Tribu de HULUP,-20.640957,166.570544,7,3,1
202100042354,125Â 917,A01,1,1,1,4,2,0,-1,0,0,-1,2021,27.0,1,1,0,2,1,1,1,,4,RUE AMELOT,0,,1,2,1,1,(1),(1),1,, -1,1,0,1,30,27,4,1,75,75111,2,2,0,3,RUE AMELOT,48.863878,2.366943,16,2,2
202100017501,170Â 343,B01,1,1,2,1,2,0,-1,0,0,-1,2021,45.0,2,1,0,2,8,1,5,,4,BOULEVARD DIDEROT,0,,2,3,0,1,(1),(1),1,, -1,1,0,1,30,22,9,1,75,75112,2,2,1,3,BOULEVARD DIDEROT,48.846774,2.381749,11,2,2
202100023749,159Â 166,A01,1,1,2,5,1,0,-1,-1, -1,-1,2021,82.0,2,2,1,2,1,9,1,,3,AV SALVADOR ALLENDE ,0,,1,0,1,1,1,0,1,, -1,1,0,1,50,17,8,1,94,94017,2,1,0,3,Avenue Salvador AllendÃ©,48.80844,2.55845,13,2,2
202100040905,128Â 509,A01,1,1,1,0,1,0,-1,0,0,-1,2021,33.0,1,2,0,2,8,1,1,,4,BRIGACHTAL (AVENUE DE),0,,2,4,0,1,(1),(1),1,, -1,2,0,1,50,4,5,1,54,54184,2,2,1,3,BRIGACHTAL (AVENUE DE),48.70063,6.22462,17,2,2
202100054158,104Â 938,A01,2,2,1,5,1,-1,-1,0,0,-1,2021,34.0,2,2,13,0,1,1,1,,1,11,-1,A,1,5,0,2,25,800,2,, -1,5,0,3,110,16,1,1,78,78499,1,1,1,7,"Autoroute A11, PK 025+800 en direction de Paris",48.544711,1.911063,12,2,1
202100032195,144Â 215,A01,2,2,2,5,0,-1,-1,0,0,-1,2021,18.0,2,2,7,0,1,13,1,,3,62,0,,3,2,0,1,4,1040,3,, -1,1,5,3,90,26,6,3,30,30003,1,6,0,7,carrefour RD 62 / RD62A,43.560258,4.152403,5,2,1
202100041298,127Â 790,B01,1,1,1,0,2,6,-1,-1, -1,-1,2021,28.0,1,1,0,2,1,1,1,,4,SAINT ANTOINE A SAINT JOSEPH (CHEMIN DE),0,,2,2,0,1,0,0,3,, -1,1,0,1,50,2,5,1,13,13215,2,4,0,3,SAINT ANTOINE A SAINT JOSEPH (CHEMIN DE),43.356100467,5.3665738814,18,2,2
202100054009,105Â 210,B01,1,1,1,9,2,9,6,0,0,-1,2021,30.0,2,1,0,2,7,16,1,,2,13,0,,2,2,0,1,13,250,1,, -1,2,0,8,70,23,1,3,27,27123,1,3,0,2,Route Nationale 13,49.012281,1.301966,19,2,2
202100043205,124Â 432,A01,10,3,2,5,0,-1,-1,2,1,1,2021,60.0,2,1,0,1,1,1,5,,4,RUE D AMSTERDAM,0,,2,2,1,2,(1),(1),1,, -1,1,0,1,50,21,4,1,75,75108,2,1,0,6,RUE D AMSTERDAM,48.882447,2.327131,12,2,1
202100024329,158Â 182,A01,1,1,2,0,2,0,-1,-1, -1,-1,2021,31.0,2,1,0,2,7,5,3,,3,BOULE PLACE DE LA,0,,1,2,2,1,0,0,2,, -1,1,0,5,50,13,8,1,92,92050,2,6,0,3,BOULE PLACE DE LA,48.8868431683,2.2004383124,18,2,2
202100029387,149Â 249,A01,4,2,2,5,8,-1,-1,0,0,-1,2021,7.0,2,2,0,0,7,14,1,,1,10,0,,3,3,0,1,66,716,1,,"13,5",2,0,3,130,12,7,3,28,28199,1,1,0,3,A10,48.200183,1.850422,3,4,1
202100027022,153Â 413,A01,10,3,1,0,0,-1,-1,3,3,1,2021,43.0,1,2,0,1,3,9,1,,3,31,0,,2,2,0,4,10,810,3,, -1,1,3,1,50,26,7,1,57,57521,1,9,0,6,Route de Sarreguemines,49.179847,6.918686,19,2,1
202100018965,167Â 739,B01,1,1,2,0,8,0,-1,-1, -1,-1,2021,23.0,1,2,0,0,4,23,1,,3,REPUBLIQUE (AVENUE DE LA),0,,2,4,0,1,0,0,1,, -1,1,0,1,50,13,9,1,28,28218,2,1,0,2,REPUBLIQUE (AVENUE DE LA),48.44053,1.47033,18,3,3
202100056010,101Â 766,A01,1,1,1,1,1,0,-1,-1, -1,-1,2021,42.0,1,2,3,0,7,14,1,,1,AUTOROUTE A10,0,,-1,3,0,1,10,399,1,, -1,2,0,2,110,7,1,1,91,91661,1,1,0,7,AUTOROUTE A10,48.69499,2.23331,9,1,1
202100028479,150Â 807,B01,1,1,1,0,2,0,-1,-1, -1,-1,2021,39.0,2,1,0,2,1,1,1,,4,MICHELET (BOULEVARD),0,,2,4,3,1,0,0,1,, -1,1,0,1,50,17,7,1,13,13209,2,1,0,3,MICHELET (BOULEVARD),43.2612587135,5.3976859848,21,6,2
202100015540,173Â 906,A01,1,1,1,0,2,6,-1,-1, -1,-1,2021,17.0,1,1,0,2,1,1,1,,3,SOULT (AVENUE MARECHAL),0,,3,4,0,2,7,625,1,, -1,1,0,1,50,1,10,1,64,64102,2,1,0,2,SOULT (AVENUE MARECHAL),43.48745,-1.48463,12,2,2
202100029057,149Â 803,A01,1,1,1,5,2,6,-1,-1, -1,-1,2021,22.0,1,1,0,0,7,21,1,,1,AUTOROUTE A6A,0,,1,2,0,1,0,500,3,, -1,1,0,1,70,14,7,1,94,94037,1,1,0,7,AUTOROUTE A6A,48.81583,2.33663,16,1,1
202100031943,144Â 647,A01,2,2,2,0,1,0,-1,-1, -1,-1,2021,45.0,1,2,0,2,1,2,1,,1,86,0,,3,6,0,1,8,0,1,, -1,1,0,1,90,28,6,1,92,92036,1,1,0,4,A86,48.9357640852,2.2872224731,15,6,3
202100040106,129Â 908,A01,1,1,2,9,1,-1,-1,0,0,-1,2021,72.0,1,2,13,0,3,1,1,,3,79,0,,2,2,0,1,20,500,1,, -1,2,0,3,80,13,5,1,10,10401,1,1,1,7,Le Noyer Joli,48.231816,4.481311,7,1,1
202100035501,138Â 255,A01,1,1,1,0,2,-1,-1,-1, -1,-1,2021,16.0,1,1,0,2,8,9,5,,4,NORTHWICH (AVENUE DE),0,,1,1,0,1,(1),(1),1,, -1,1,0,1,50,2,6,1,39,39198,2,1,0,3,28 Avenue de Northwich,47.096674,5.497501,15,2,2
202100019063,167Â 565,A01,1,1,2,0,1,-1,-1,0,0,-1,2021,25.0,1,2,0,2,3,15,1,,3,37,0,,2,2,0,1,14,120,1,, -1,1,0,1,80,15,9,1,85,85081,1,3,0,3,D37,46.771673,-1.35016,18,2,2
202100030867,146Â 585,A01,10,3,2,3,0,-1,-1,3,3,1,2021,75.0,3,2,0,1,7,1,1,,4,ARISTIDE BRIAND (AVENUE),0,,2,2,0,2,0,0,1,, -1,1,0,1,50,4,7,1,93,93051,2,1,0,6,Avenue Aristide Briand,48.84841,2.5526,13,2,1
202100019561,166Â 668,B01,1,1,1,0,2,6,-1,0,0,-1,2021,18.0,1,1,0,2,1,1,1,,3,82,-1,J,2,2,0,1,(1),(1),1,, -1,1,0,1,50,29,8,1,38,38460,2,1,0,3,Route des Rivoires,45.466963,5.607276,14,2,2
202100049797,112Â 734,B01,2,2,2,5,1,-1,-1,0,0,-1,2021,72.0,2,2,0,0,4,2,1,,3,28,0,D,2,2,0,1,4,90,1,, -1,1,0,1,80,27,2,1,56,56046,1,1,0,4,D28,47.631826,-2.99053,17,5,3
202100050748,110Â 972,A01,1,1,1,5,2,-1,-1,-1, -1,-1,2021,17.0,2,1,0,2,7,9,1,,4,LIBERATION (AVE DE LA),0,,2,2,0,1,(1),(1),1,, -1,1,0,1,50,20,2,1,33,33281,2,6,0,3,Avenue de la LibÃ©ration,44.85624,-0.64366,16,2,2
202100000223,201Â 341,C01,2,2,2,0,1,0,-1,-1, -1,-1,2021,58.0,1,2,0,0,4,23,1,,4,ALEX. FLEMING (BOULEVARD),0,,3,5,0,1,0,0,1,, -1,1,0,1,50,13,11,1,13,13204,2,1,0,2,ALEX. FLEMING (BOULEVARD),43.3165335731,5.396128774,9,4,3
202100036188,137Â 009,A01,1,1,2,3,8,-1,-1,0,0,-1,2021,96.0,1,2,13,0,1,0,1,,3,47,0,B,2,2,0,1,(1),(1),1,, -1,1,0,3,80,4,6,1,59,59015,1,1,0,6,D47b,50.296692,3.119754,14,1,1
202100015398,174Â 183,A01,1,1,2,0,1,-1,-1,0,0,-1,2021,64.0,2,2,0,2,7,1,1,,2,20,0,,2,2,0,1,68,700,3,, -1,2,0,1,80,4,10,1,9,9159,1,1,0,5,RN20,42.769821,1.737084,10,6,3
202100014291,176Â 156,B01,1,1,1,5,2,6,-1,0,0,-1,2021,44.0,2,1,0,2,1,1,1,,3,201,0,,2,2,0,3,2,750,3,, -1,1,0,1,80,9,10,1,61,61182,1,1,0,1,RD201,48.471627,-0.089457,16,2,2
202100016512,172Â 112,B01,1,1,2,1,1,5,-1,-1, -1,-1,2021,54.0,1,2,0,2,5,1,1,,4,BOUYALA D'ARNAUD (BOULEVARD),0,,2,1,1,1,0,0,3,, -1,1,0,1,50,26,9,3,13,13212,2,1,0,2,BOUYALA D'ARNAUD (BOULEVARD),43.2968476834,5.4426975579,21,2,2
202100046318,118Â 984,B01,1,1,2,0,1,0,-1,-1, -1,-1,2021,40.0,1,2,0,2,1,2,1,,1,A55-Sens Marseille vers Martigues,0,,1,2,0,1,24,399,1,, -1,1,0,1,110,28,3,1,13,13026,1,1,0,2,A55-Sens Marseille vers Martigues,43.37393,5.18131,16,2,2
202100046388,118Â 853,A01,1,1,2,0,1,8,-1,-1, -1,-1,2021,33.0,2,2,1,0,2,14,1,,4,AV GAMBETTA,0,,2,2,0,1,1,0,1,, -1,1,0,1,50,24,3,1,94,94067,2,1,0,6,Avenue Gambetta,48.8446,2.42014,8,1,1
202100035300,138Â 607,B01,1,1,1,9,2,0,-1,0,0,-1,2021,20.0,2,1,0,2,1,1,5,,4,RUE D AVRON,0,,2,2,0,1,(1),(1),1,, -1,1,0,1,50,10,6,1,75,75120,2,1,0,3,RUE D AVRON,48.851992,2.402134,19,2,2
202100008428,186Â 677,B01,1,1,2,1,1,0,-1,-1, -1,-1,2021,33.0,1,2,0,2,7,14,1,,1,A50-Sens Marseille vers Aubagne,0,,3,2,0,1,3,0,1,, -1,1,0,1,90,12,11,1,13,13210,1,1,0,3,A50-Sens Marseille vers Aubagne,43.28603,5.42661,17,3,2
202100031686,145Â 121,A01,1,1,1,5,2,6,-1,0,0,-1,2021,25.0,2,1,3,0,2,1,1,,3,733,-1,,2,2,0,1,28,624,1,, -1,1,0,3,80,1,7,3,17,17185,1,1,0,6,Moulin de chalons,45.721282,-0.966668,1,1,1
202100045050,121Â 203,A01,1,1,1,0,2,6,-1,0,0,-1,2021,83.0,1,1,0,0,0,14,1,,3,751,0,,2,2,0,1,1,200,2,, -1,1,0,3,80,1,4,1,18,18032,1,1,0,7,D751,47.421874,2.895477,16,1,1
202100055117,103Â 292,A01,1,1,1,4,1,-1,-1,0,0,-1,2021,24.0,2,5,0,2,1,17,1,,3,3,-1,,2,2,0,1,3,95,1,, -1,2,2,1,70,15,1,2,38,38565,1,1,1,5,D3,45.271383,5.622318,7,3,3
202100056041,101Â 715,A01,1,1,1,5,1,8,-1,-1, -1,-1,2021,91.0,1,2,0,2,2,15,1,,4,CHENAILLER DIT COLONEL MAURICE ( AV. ),0,,2,2,0,1,(1),(1),1,, -1,1,0,1,50,5,1,1,56,56121,2,3,0,3,CHENAILLER DIT COLONEL MAURICE ( AV. ),47.73657,-3.39028,11,2,2
202100008477,186Â 585,A01,1,1,2,0,8,0,-1,-1, -1,-1,2021,22.0,3,1,0,2,8,19,5,,4,GENIAUX (RUE CHARLES),0,,2,2,1,1,(1),(1),1,, -1,1,0,1,50,10,11,1,35,35238,2,9,0,3,GENIAUX (RUE CHARLES),48.11088,-1.71214,13,2,2
202100011733,180Â 759,B01,1,1,1,1,1,-1,-1,-1, -1,-1,2021,53.0,2,2,0,2,3,1,1,,1,AUTOROUTE A 62,0,,3,4,0,1,1,200,1,, -1,1,0,1,110,22,10,2,33,33550,1,1,0,3,AUTOROUTE A 62,44.76278,-0.54763,8,3,2
202100034117,140Â 778,B01,1,1,1,1,1,7,-1,-1, -1,-1,2021,37.0,1,2,0,2,3,26,0,,3,MARECHAL FOCH (AVENUE) PL J.MERMOZ->2 CO,0,,1,2,0,1,1,0,1,, -1,1,0,1,50,16,6,1,93,93049,2,2,0,3,Avenue du MarÃ©chal Foch / Avenue Georges ClÃ©menceau,48.86245,2.50446,8,2,2
202100053498,106Â 086,A01,1,1,1,0,1,0,-1,-1, -1,-1,2021,51.0,3,5,0,2,4,1,1,,4,BERTHAUDS (RUE DES) 24 - 25 / FIN,0,,1,1,0,1,1,0,1,, -1,2,0,1,50,27,1,1,93,93064,2,1,1,4,BERTHAUDS (RUE DES) 24 - 25 / FIN,48.8752093683,2.4874242211,13,3,3
202100041521,127Â 394,B01,1,1,2,9,1,0,-1,-1, -1,-1,2021,26.0,3,2,0,2,1,1,1,,4,CORPS FRANC POMMIES DU,0,,2,0,0,1,(1),(1),1,, -1,1,0,1,50,3,5,1,64,64132,2,2,0,3,CORPS FRANC POMMIES DU,43.30498,-0.32047,14,2,2
202100017228,170Â 851,A01,2,2,1,5,8,-1,-1,0,0,-1,2021,19.0,1,2,7,0,0,1,1,,3,518,0,,2,2,0,1,19,300,1,, -1,1,0,1,80,25,9,3,38,38035,1,1,0,7,Route de Lyon,45.507204,5.086316,3,2,1
202100037105,135Â 378,B01,1,1,1,0,1,-1,-1,0,0,-1,2021,33.0,2,2,0,2,3,1,1,,3,98,0,,2,2,0,1,20,485,3,, -1,1,0,1,80,1,6,1,85,85081,1,1,0,1,D98,46.772686,-1.363639,18,2,2
202100047855,116Â 219,A01,1,1,1,0,2,6,-1,0,0,-1,2021,29.0,3,1,1,0,1,1,1,,4,,-1,,2,2,0,1,(1),(1),1,, -1,1,0,3,30,17,3,1,34,34217,2,1,0,6,Route de Montpellier,43.690917,3.862638,12,1,1
202100027117,153Â 243,B01,1,1,1,5,1,-1,-1,0,0,-1,2021,48.0,3,2,0,2,1,1,1,,4,,0,,2,2,0,1,(1),(1),3,,4,1,5,1,80,25,7,1,29,29023,1,3,0,1,Lieu-dit Kermen Bras,48.649009,-3.922784,17,5,2
202100015971,173Â 119,B01,1,1,2,9,2,0,-1,-1, -1,-1,2021,45.0,2,1,0,2,4,1,5,,3,911,0,,1,3,1,1,0,0,1,, -1,1,0,5,50,30,9,1,92,92024,2,1,0,2,JEAN JAURES (BD) DE (1 A 45)   (2 A 54),48.89834,2.30757,17,2,2
202100001231,199Â 570,A01,1,1,2,5,1,-1,-1,0,0,-1,2021,67.0,3,2,16,0,1,1,1,,4,,-1,,2,2,0,1,(1),(1),2,,4,2,0,3,80,28,12,3,29,29294,1,1,1,6,Lieu-Dit Kerdespez,48.4044486579,-4.1437768937,23,1,1
202100053440,106Â 196,C01,1,1,1,0,1,0,-1,-1, -1,-1,2021,76.0,2,2,0,2,5,23,1,,3,COUDRAIE (RUE DE LA),0,,2,2,0,1,1,0,1,, -1,2,0,1,50,27,1,1,71,71306,2,2,1,4,ANATOLE FRANCE (RUE),46.6913,4.35269,15,4,3
202100030528,147Â 194,A01,10,3,1,5,0,-1,-1,2,4,1,2021,4.0,2,2,0,1,4,26,1,,6,CHATEAU DE LA DUCHERE (DU)          (R ),0,,-1,-1,0,1,(1),(1),1,, -1,1,0,1,30,5,7,1,69,69389,2,1,0,6,CHATEAU DE LA DUCHERE (DU) (R),45.7801258088,4.7936465442,17,2,1