Num_Acc,id_vehicule,num_veh,place,catu,sexe,trajet,secu1,secu2,secu3,locp,actp,etatp,year_acc,victim_age,senc,catv,obs,obsm,choc,manv,motor,occutc,catr,voie,v1,v2,circ,nbv,vosp,prof,pr,pr1,plan,lartpc,larrout,surf,infra,situ,vma,jour,mois,lum,dep,com,agg_,int,atm,col,adr,lat,long,hour,nb_victim,nb_vehicules
202100023746,159Â 171,B01,1,1,1,0,0,0,-1,-1, -1,-1,2021,41.0,2,1,0,2,2,1,5,,4,VLADIMIR ILLITCH LENINE (AV),0,,-1,2,0,1,0,0,1,, -1,1,0,1,50,17,8,1,94,94003,2,2,0,3,Avenue Vladimir Ilitch Lenine,48.81212,2.33125,15,2,2
202100055149,103Â 236,A01,1,1,2,0,8,-1,-1,-1, -1,-1,2021,49.0,3,2,0,2,4,5,0,,4,,0,,1,0,0,1,(1),(1),3,, -1,2,0,1,50,13,1,1,69,69149,2,7,1,2,CELESTINS (DES) (CHM),45.7198605798,4.7980656869,10,2,2
202100050414,111Â 585,B01,1,1,1,5,2,-1,-1,0,0,-1,2021,44.0,3,1,0,2,7,1,5,,9, -,0, -,2,2,1,1,(1),(1),1,, -1,1,0,5,-1,25,2,1,71,71342,2,1,0,3,voie verte Ã©cluse numÃ©ro 23,46.444267,4.124873,17,2,2
202100056238,101Â 371,B01,1,1,2,1,1,8,-1,-1, -1,-1,2021,48.0,1,2,0,2,5,2,1,,2,11 - RT,0,,-1,2,0,1,(1),(1),1,, -1,1,0,1,70,4,1,1,202,202120,2,1,0,2,11 - RT,42.64959,9.44058,7,2,2
202100048778,114Â 576,A01,1,1,1,4,8,8,-1,0,0,-1,2021,29.0,2,2,0,2,3,9,1,,4,BOULEVARD DE MENILMONTANT,0,,1,1,1,1,(1),(1),1,, -1,1,0,1,30,8,3,1,75,75111,2,1,0,3,BOULEVARD DE MENILMONTANT,48.863719,2.386357,17,2,2
202100000597,200Â 634,A01,10,3,1,5,0,-1,-1,3,3,1,2021,51.0,1,2,0,1,1,1,2,,4,GENERAL LECLERC (RUE DU),0,,2,2,2,1,(1),(1),1,,9,1,-1,1,50,22,11,5,89,89387,2,1,0,6,GENERAL LECLERC (RUE DU),48.2038,3.27911,18,2,1
202100026783,153Â 848,A01,2,2,1,5,1,0,-1,-1, -1,-1,2021,42.0,1,2,1,0,1,14,1,,4,NEXON (RUE DE),0,,2,2,0,1,0,0,1,, -1,2,0,1,50,26,7,1,87,87085,2,1,1,6,NEXON (RUE DE),45.8195,1.26584,16,2,1
202100011318,181Â 509,A01,1,1,1,5,1,-1,-1,0,0,-1,2021,34.0,0,5,0,2,1,1,1,,4,,-1,,2,2,0,2,(1),(1),2,,4,1,0,1,50,24,10,3,27,27118,2,1,0,1,Rue des Collets,49.113407,1.112881,21,2,2
202100042727,125Â 262,A01,1,1,1,5,2,6,-1,0,0,-1,2021,29.0,1,1,6,0,1,1,1,,3,15,-1,,2,2,0,2,47,520,3,, -1,1,0,3,80,25,4,1,33,33102,1,1,0,6,,44.5861,-0.094966,18,1,1
202100043151,124Â 541,C01,2,2,2,9,1,0,-1,-1, -1,-1,2021,47.0,3,5,0,2,3,1,1,,4,SAINT JEAN (BOULEVARD),0,,2,2,0,1,0,(1),1,, -1,1,0,1,30,21,4,1,60,60057,2,1,0,5,Boulevard Saint-Jean,49.42849,2.07545,14,5,3
202100015393,174Â 193,A01,1,1,2,1,1,-1,-1,0,0,-1,2021,29.0,1,2,0,2,1,0,0,,3,473,-1,,2,1,0,2,(1),(1),3,, -1,2,0,1,80,4,10,1,68,68090,1,1,1,1,D473,47.497988,7.316422,16,2,2
202100013264,178Â 031,A01,10,3,2,1,0,-1,-1,3,3,1,2021,24.0,1,2,0,1,1,1,1,,4,BEAUGAILLARD (AVENUE),0,,1,2,0,4,(1),(1),1,, -1,1,0,1,50,14,10,1,37,37208,2,1,0,6,BEAUGAILLARD (AVENUE),47.365084548,0.7185852528,14,2,1
202100035296,138Â 613,A01,10,3,2,2,0,-1,-1,3,3,1,2021,19.0,2,2,0,1,2,1,1,,4,PROVENCE (AVENUE DE),0,,2,2,0,2,(1),(1),3,, -1,1,9,8,50,10,6,1,6,6069,2,1,0,6,PROVENCE (AVENUE DE),43.655331,6.922825,13,2,1
202100029017,149Â 863,A01,1,1,1,5,0,-1,-1,0,0,-1,2021,29.0,1,2,2,0,1,1,1,,3,131,0,D,2,2,0,2,15,140,2,,6,1,0,3,80,14,7,2,79,79340,1,1,0,6,,46.552191,-0.171189,21,1,1
202100038855,132Â 178,A01,1,1,1,5,2,6,9,0,0,-1,2021,28.0,1,1,2,0,0,0,1,,3,87,0,D,2,2,0,1,45,700,2,, -1,1,0,3,80,23,5,1,81,81140,1,1,0,7,En Ginest Petit,43.673354,1.808479,11,1,1
202100011292,181Â 551,A01,10,3,2,0,0,-1,-1,3,3,1,2021,39.0,1,1,0,1,1,3,1,,3,941,-1,,2,2,0,2,(1),(1),1,, -1,1,0,1,50,22,10,1,87,87154,2,9,0,6,Avenue Henri Barbusse,45.892415,0.906706,18,2,1
202100008899,185Â 833,B01,1,1,2,4,1,-1,-1,0,0,-1,2021,50.0,2,2,0,2,1,1,1,,1,6,0,,3,3,0,4,74,800,3,, -1,1,0,1,130,8,11,1,77,77333,1,1,0,4,A6,48.25887,2.725918,15,3,3
202100052243,108Â 322,C01,1,1,1,1,8,0,-1,-1, -1,-1,2021,37.0,2,5,0,2,3,2,1,,2,385,0,,1,2,0,2,56,0,1,, -1,2,0,1,90,6,2,3,91,91645,1,1,1,4,RN 385 ExtÃ¨rieure,48.760008,2.257768,21,3,3
202100042647,125Â 399,A01,1,1,2,4,1,-1,-1,0,0,-1,2021,54.0,1,2,1,0,2,0,1,,2,2,-1,,2,2,0,1,32,500,1,, -1,1,0,3,40,25,4,1,987,98722,2,1,0,6,PK 32+500 C/Mont,-17.569759,-149.318318,8,1,1
202100040803,128Â 683,A01,1,1,1,5,0,-1,-1,0,0,-1,2021,23.0,3,2,13,0,9,2,1,,3,786,0,,2,2,0,1,(1),(1),1,, -1,1,0,3,80,9,5,1,22,22381,1,1,0,7,RD 786,48.750551,-3.348395,10,1,1
202100024304,158Â 227,B01,1,1,1,4,1,-1,-1,-1, -1,-1,2021,26.0,3,5,0,2,3,1,1,,4,COULOMB(CHEMIN CHARLES),0,,2,2,0,1,(1),(1),2,, -1,1,0,1,50,10,8,1,4,4112,1,3,0,1,Inter ch Charles de Coulomb / ch du Thor,43.8003640544,5.7870663238,16,2,2
202100042145,126Â 292,A01,1,1,1,4,2,6,-1,-1, -1,-1,2021,26.0,1,1,1,0,1,12,1,,1,AUTOROUTE A6A,0,,3,3,0,2,7,949,1,, -1,1,0,1,110,29,4,1,91,91689,1,1,0,2,AUTOROUTE A6A,48.7499,2.3284,10,2,2
202100006254,190Â 618,A01,10,3,1,9,0,-1,-1,3,0,1,2021,71.0,3,2,0,1,3,1,1,,4,GROS MALHON (AVENUE),0,,2,2,0,2,(1),(1),1,, -1,2,0,1,50,25,11,2,35,35238,2,1,1,6,GROS MALHON (AVENUE),48.1246,-1.68189,8,2,1
202100027623,152Â 347,A01,1,1,1,5,0,-1,-1,0,0,-1,2021,56.0,2,6,0,0,0,0,1,,4,Crapa,0,,2,2,0,2,(1),(1),2,, -1,1,0,1,50,22,7,1,39,39323,2,1,0,7,10 Rue du Crapaud,47.164669,5.499988,19,1,1
202100015986,173Â 094,B01,1,1,1,5,2,6,-1,0,0,-1,2021,14.0,2,1,0,2,6,15,1,,3,3,0,D,2,2,0,1,86,315,1,, -1,1,0,1,90,30,9,1,51,51027,1,1,0,2,D3,49.0306081754,4.6758851742,18,2,2
202100037990,133Â 755,B01,1,1,1,0,2,0,-1,-1, -1,-1,2021,19.0,1,1,0,2,7,1,1,,3,OLHETTE (ROUTE D'),0,,-1,-1,0,1,3,546,1,, -1,1,0,1,50,27,5,1,64,64545,2,9,0,3,OLHETTE (ROUTE D'),43.35958,-1.66335,11,2,2
202100027463,152Â 639,B01,1,1,1,0,2,-1,-1,0,0,-1,2021,48.0,1,1,0,2,1,17,1,,3,1559,-1,,2,2,0,1,0,500,1,, -1,1,0,1,70,24,7,1,83,83112,2,1,0,1,D1559,43.178129,5.701888,9,2,2
202100014195,176Â 321,A01,1,1,2,5,1,0,-1,0,0,-1,2021,25.0,2,2,0,2,1,12,1,,4,PORTE D AUBERVILLIERS,0,,1,4,0,1,23,800,1,, -1,1,0,1,70,9,10,2,75,75118,2,1,0,4,PORTE D AUBERVILLIERS,48.900802,2.369807,20,3,3
202100020943,164Â 227,A01,1,1,1,5,2,6,-1,0,0,-1,2021,42.0,1,1,0,0,8,1,1,,3,114,-1,,2,2,0,1,12,500,2,, -1,1,0,1,80,5,9,1,52,52491,1,1,0,7,Rue de Germay,48.421967,5.309572,16,2,1
202100014762,175Â 326,B01,1,1,1,9,2,0,-1,-1, -1,-1,2021,37.0,1,1,0,2,3,1,1,,3,ARON (ANDRE),0,,2,2,0,1,0,400,1,, -1,1,0,1,50,6,10,1,973,97302,2,1,0,3,ARON (ANDRE),4.94345,-52.31882,15,2,2
202100033859,141Â 240,B01,1,1,1,9,1,0,-1,-1, -1,-1,2021,28.0,3,2,0,2,4,2,1,,4,CARGO RHIN FIDELI (RUE),0,,1,4,0,2,0,0,2,, -1,1,0,1,50,16,6,1,13,13202,2,9,0,2,CARGO RHIN FIDELI (RUE),43.3271034987,5.3572208975,21,5,2
202100021601,163Â 018,B01,1,1,1,5,1,8,-1,-1, -1,-1,2021,25.0,2,2,4,2,1,17,1,,3,R D 900,0,,3,4,0,1,25,460,1,, -1,1,0,1,70,30,8,1,66,66136,1,1,0,1,R D 900,42.6790037978,2.8727652133,20,2,2
202100010007,183Â 813,B01,1,1,1,5,1,-1,-1,-1, -1,-1,2021,45.0,1,2,0,2,4,2,1,,7,PAIX (AVENUE DE LA),0,,3,2,0,1,9,260,3,, -1,2,0,1,30,31,10,1,83,83062,2,6,0,2,PAIX (AVENUE DE LA),43.12918,6.01191,14,7,2
202100048073,115Â 817,A01,3,2,1,5,1,-1,-1,0,0,-1,2021,21.0,1,2,6,0,2,1,1,,3,11,0,,2,2,0,2,10,800,3,, -1,2,0,3,50,14,3,1,21,21229,2,2,1,6,D11,47.182355,4.361154,17,3,1
202100013146,178Â 248,B01,1,1,1,1,8,0,-1,-1, -1,-1,2021,34.0,1,1,1,0,1,1,5,,3,HENRI BARBUSSE (AV),0,,2,2,0,1,0,0,1,, -1,1,0,1,50,15,10,4,92,92025,2,1,0,6,HENRI BARBUSSE (AV),48.921561,2.252669,19,2,2
202100018224,169Â 029,A01,10,3,2,5,0,-1,-1,6,3,2,2021,13.0,2,2,0,1,3,2,1,,3,226E2,0,D,2,2,0,1,15,175,1,, -1,1,0,1,80,19,9,3,62,62057,1,9,0,6,Route de Zutkerque,50.863828,2.069635,1,2,1
202100037847,134Â 009,A01,10,3,1,2,0,-1,-1,2,3,1,2021,11.0,1,2,0,1,3,1,1,,3,R GABRIEL PERI,0,,3,4,0,2,1,0,1,, -1,1,1,1,50,28,5,1,94,94016,2,1,0,6,Rue Gabriel PÃ©ri,48.79773,2.34327,17,2,1
202100001152,199Â 713,B01,2,2,1,5,2,0,-1,-1, -1,-1,2021,21.0,1,1,0,2,8,1,1,,2,ILE DE FRANCE(AVENUE),0,,2,2,0,2,(1),(1),1,, -1,1,2,1,50,26,12,5,974,97409,2,2,0,3,ILE DE FRANCE(AVENUE),-20.95204,55.64886,19,3,2
202100000202,201Â 378,B01,1,1,1,0,2,6,-1,-1, -1,-1,2021,14.0,3,1,0,2,1,1,1,,4,BALZAC (RUE),0,,2,2,0,1,0,100,1,, -1,1,5,1,30,23,11,1,61,61001,2,3,0,3,BALZAC (RUE),48.428798,0.082065,13,2,2
202100005769,191Â 481,A01,10,3,1,0,0,-1,-1,2,3,2,2021,2.0,3,1,0,1,1,17,1,,4,,0,,2,2,0,1,(1),(1),1,, -1,1,0,1,50,26,11,1,6,6083,2,1,0,6,DELATTRE DE TASSIGNY (ALLEE),43.78919,7.49273,8,3,1
202100038940,132Â 024,A01,1,1,1,1,2,6,-1,-1, -1,-1,2021,24.0,1,1,0,2,1,5,1,,4,DOCTEUR SIM. SEDAN (RUE),0,,2,0,0,1,0,0,1,, -1,1,0,1,50,21,5,5,13,13205,2,3,0,4,DOCTEUR SIM. SEDAN (RUE),43.29489,5.39805,0,5,3
202100012289,179Â 765,A01,1,1,1,5,2,6,9,0,0,-1,2021,23.0,2,1,13,0,1,1,1,,3,902,-1,,2,2,0,2,37,980,4,, -1,1,0,3,90,19,10,1,12,12197,1,1,0,6,RD 902 ,44.047298,2.528991,13,1,1
202100038661,132Â 528,A01,10,3,1,9,0,-1,-1,1,5,1,2021,3.0,1,2,0,1,1,9,1,,4,SUDROT (ALLEE),0,,2,2,0,1,0,0,1,, -1,1,0,1,50,23,5,1,93,93014,2,1,0,6,AllÃ©e Sudrot,48.89997,2.53219,14,2,1
202100025782,155Â 604,A01,1,1,2,0,1,5,-1,-1, -1,-1,2021,32.0,3,2,12,2,3,16,1,,3,MARX DORMOY BOULEVARD,0,,3,6,0,1,1,0,1,, -1,2,5,1,50,3,8,5,93,93046,2,9,1,1,Boulevard Marx Dormoy,48.907332,2.524678,3,2,2
202100012043,180Â 182,B01,1,1,2,4,2,0,-1,0,0,-1,2021,31.0,1,1,0,2,3,1,5,,4,RUE BELGRAND,0,,1,1,1,1,(1),(1),1,, -1,1,-1,5,30,20,10,1,75,75120,2,7,0,3,RUE BELGRAND,48.864482,2.408397,14,2,2
202100006564,190Â 068,A01,1,1,1,4,2,6,-1,-1, -1,-1,2021,30.0,2,1,8,2,7,19,1,,4,MOLIERE                             (R ),0,,1,1,2,1,(1),(1),1,, -1,1,0,1,30,22,11,5,69,69386,2,2,0,3,MOLIERE (R),45.76482,4.84277,21,2,2
202100017006,171Â 222,A01,1,1,1,1,2,6,-1,0,0,-1,2021,40.0,2,1,0,2,2,11,1,,4,PORTE DAUPHINE,0,,1,4,0,1,15,0,2,, -1,1,0,1,70,24,9,2,75,75116,2,4,0,3,BD PERIPHERIQUE EXTERIEUR,48.8696811597,2.2712409024,6,2,2
202100053043,106Â 909,A01,1,1,1,4,8,-1,-1,-1, -1,-1,2021,31.0,1,1,0,2,1,1,5,,4,PAUL BERT                           (R ),0,,1,1,0,1,(1),(1),1,, -1,2,0,1,50,30,1,1,69,69383,2,1,1,2,PAUL BERT (R),45.7568451207,4.8500080576,14,3,2
202100049346,113Â 554,B01,1,1,1,1,2,6,-1,-1, -1,-1,2021,32.0,2,1,4,2,7,0,1,,1,86,0,,3,6,0,1,43,99,1,, -1,1,0,1,90,3,3,1,94,94022,1,1,0,3,A86 EXT,48.77402,2.40695,7,2,2
202100015307,174Â 346,B01,1,1,2,1,1,-1,-1,-1,0,-1,2021,30.0,1,2,0,2,4,2,1,,2,RN 104,0,,3,4,0,1,21,299,1,, -1,1,0,1,110,4,10,1,95,95351,1,1,0,2,RN 104,49.0355234247,2.487180233,9,2,2
202100007491,188Â 365,B01,1,1,1,1,2,6,-1,0,0,-1,2021,39.0,1,1,0,2,1,1,1,,3,115,0,D,2,2,1,1,3,305,1,, -1,2,0,1,90,18,11,1,41,41051,1,3,0,3,Route d Amboise,47.355949,1.140089,8,2,2
202100005948,191Â 164,B01,1,1,1,1,1,8,-1,-1, -1,-1,2021,57.0,3,2,0,2,9,1,1,,4,LOIRE (LEVEE DE LA),0,,2,2,0,1,(1),(1),1,, -1,1,0,1,80,26,11,1,37,37233,2,3,0,3,LOIRE (LEVEE DE LA),47.4004434299,0.7418252528,8,2,2
202100009381,184Â 935,D01,1,1,1,5,1,-1,-1,-1, -1,-1,2021,85.0,2,2,0,2,4,2,1,,1,AUTOROUTE A 63,0,,3,4,0,1,7,329,1,, -1,1,0,1,110,3,11,1,33,33122,1,1,0,4,AUTOROUTE A 63,44.747177,-0.699684,15,10,5
202100017405,170Â 516,A01,1,1,1,5,8,0,-1,-1, -1,-1,2021,10.0,3,1,0,2,8,19,5,,4,ROMERO(AVENUE),0,,2,-1,0,1,0,0,1,, -1,1,0,1,50,22,9,1,974,97407,2,1,0,3,ROMERO(AVENUE),-20.94559,55.29825,14,2,2
202100035530,138Â 200,A01,1,1,1,5,2,6,-1,0,0,-1,2021,30.0,2,1,0,2,1,1,1,,4,PORTE D AUBERVILLIERS,0,,1,4,0,1,24,300,1,, -1,1,0,1,70,8,6,1,75,75119,2,1,0,2,PORTE D AUBERVILLIERS,48.900359,2.376642,12,2,2
202100004506,193Â 716,A01,10,3,1,5,0,-1,-1,4,3,1,2021,84.0,0,1,0,1,1,26,1,,4,ROBERT REYNIER                      (R ),0,,2,2,2,1,(1),(1),1,, -1,1,0,1,30,5,12,2,69,69199,2,3,0,6,ROBERT REYNIER (R),45.7080471919,4.8611497879,16,2,1
202100009564,184Â 611,A01,1,1,2,5,1,-1,-1,0,0,-1,2021,77.0,2,2,6,0,1,1,1,,3,MAURICE THOREZ (BLD),0,,2,0,0,1,0,0,3,, -1,1,5,8,50,11,5,1,14,14225,2,6,0,6,Boulevard Maurice Thorez,49.27617,-0.10198,10,2,1
202100000581,200Â 662,B01,2,2,2,5,1,8,-1,-1, -1,-1,2021,26.0,2,2,0,2,3,9,1,,3,ROGER SALENGRO (AV),0,,2,2,0,1,1,0,1,, -1,2,0,1,30,23,12,5,94,94017,2,3,0,3,Avenue Roger Salengro,48.819358,2.487396,19,3,2
202100031454,145Â 524,B01,1,1,1,5,1,5,-1,0,0,-1,2021,70.0,1,2,0,2,3,1,1,,2,1,-1,,-1,2,0,1,51,300,3,,5,1,0,1,80,29,6,1,972,97203,1,1,0,1,route nationale 1,14.850227,-61.091151,12,5,2
202100008281,186Â 913,A01,10,3,2,5,0,-1,-1,3,3,2,2021,38.0,1,5,0,1,2,1,1,,2,7,0,,2,2,0,1,11,500,1,, -1,1,0,1,50,12,11,5,38,38336,2,1,0,6,N7,45.492134,4.832021,18,2,1
202100010890,182Â 263,A01,1,1,2,3,2,6,-1,-1, -1,-1,2021,16.0,1,1,0,2,1,1,1,,3,MARECHAL LECLERC,0,,2,3,3,1,0,0,1,, -1,1,0,1,50,25,10,1,58,58194,2,3,0,2,MARECHAL LECLERC,46.998,3.1654,14,2,2
202100011943,180Â 378,A01,1,1,1,0,1,0,-1,-1, -1,-1,2021,67.0,1,2,0,2,1,2,1,,1,AUTOROUTE A2,0,,-1,4,0,1,74,959,1,, -1,1,0,1,130,19,10,3,59,59160,1,1,0,4,AUTOROUTE A2,50.426891126,3.6435073614,19,4,4
202100004073,194Â 468,A01,10,3,1,5,0,-1,-1,3,3,1,2021,75.0,3,2,0,1,1,1,1,,3,CLEMENCEAU (RUE),0,,2,2,0,2,(1),(1),1,, -1,1,0,1,50,8,12,1,27,27681,2,6,0,6,CLEMENCEAU (RUE),49.09528,1.48563,11,2,1
202100000725,200Â 413,A01,10,3,2,3,8,8,-1,8,1,1,2021,53.0,1,5,0,1,4,20,1,,6,EUROPE (AVENUE DE L'),0,,-1,-1,0,1,(1),(1),1,, -1,1,9,8,20,30,12,1,54,54304,2,9,0,6,EUROPE (AVENUE DE L'),48.6792,6.14571,13,2,1
202100041409,127Â 584,A01,1,1,1,9,2,6,-1,0,0,-1,2021,22.0,3,1,0,2,1,1,1,,4,PONT CHARLES DE GAULLE,0,,1,2,3,1,(1),(1),1,, -1,1,2,1,50,4,5,2,75,75113,2,1,0,3,PONT CHARLES DE GAULLE,48.842455,2.368899,20,2,2
202100012174,179Â 959,B01,1,1,1,1,1,0,-1,-1, -1,-1,2021,29.0,2,2,0,2,1,1,1,,3,RTE D ORLEANS RN 20,0,,2,6,0,1,0,0,1,, -1,1,0,1,50,19,10,5,91,91425,2,1,0,1,RTE D ORLEANS RN 20,48.63983,2.26812,5,2,2
202100041498,127Â 431,A01,1,1,1,1,2,4,-1,-1, -1,-1,2021,58.0,3,1,0,2,1,2,6,,4,HECTOR BERLIOZ                          ,0,,1,1,1,1,(1),(1),1,, -1,1,0,1,30,3,5,1,69,69276,2,2,0,3,HECTOR BERLIOZ                          ,45.6681,4.85299,8,2,2
202100029404,149Â 220,A01,1,1,1,0,2,6,-1,-1, -1,-1,2021,25.0,2,1,0,0,0,21,1,,1,AUTOROUTE A6,0,,3,8,0,1,28,780,1,, -1,2,0,1,90,12,7,1,91,91340,1,1,1,7,AUTOROUTE A6,48.59936,2.4402,14,1,1
202100041326,127Â 737,A01,1,1,1,9,2,0,-1,-1, -1,-1,2021,60.0,2,1,0,2,1,5,5,,4,QU DE CHAMPIGNOL,0,,1,1,0,2,1,0,1,, -1,1,0,1,20,2,5,1,94,94068,2,3,0,1,Quai de Champignol,48.80942,2.5106,10,4,2
202100052717,107Â 504,A01,10,3,1,9,0,-1,-1,3,3,1,2021,81.0,2,2,0,0,1,2,1,,2,135,-1,,2,2,0,1,12,300,1,, -1,1,0,1,50,4,2,1,55,55543,2,1,0,6,37 Rue de Tronville,48.704093,5.298253,11,2,1
202100009502,184Â 727,A01,10,3,2,3,0,-1,-1,3,3,1,2021,85.0,1,2,0,1,1,1,1,,3,9,0,,2,2,0,1,27,89,1,, -1,2,0,1,50,5,11,1,64,64410,2,2,0,6,9 Avenue de Monein,43.3653051236,-0.626116097,15,2,1
202100045644,120Â 149,A01,10,3,2,2,0,-1,-1,4,3,1,2021,19.0,1,1,0,1,3,1,0,,3,MAXIME GORKI (BD),0,,2,2,1,1,1,0,1,, -1,1,0,1,20,1,4,1,94,94076,2,1,0,6,MAXIME GORKI (BD),48.78717,2.36783,12,2,1
202100033807,141Â 332,B01,1,1,1,0,2,0,-1,-1, -1,-1,2021,24.0,2,1,0,2,8,1,5,,4,FINKMATT (QUAI),0,,1,3,1,1,0,0,1,, -1,1,0,1,50,15,6,1,67,67482,2,3,0,3,FINKMATT (QUAI),48.58702,7.74649,18,2,2
202100013779,177Â 079,B01,1,1,2,5,1,-1,-1,0,0,-1,2021,44.0,2,2,0,0,3,1,1,,3,910,0,,2,2,0,1,33,620,1,, -1,1,0,1,80,11,10,1,57,57430,1,1,0,1,D910,49.024081,6.551113,10,2,2
202100017272,170Â 781,B01,1,1,1,5,2,-1,-1,0,0,-1,2021,32.0,2,1,0,2,2,21,1,,3,877,-1,,2,2,0,1,12,850,1,, -1,1,0,1,80,25,9,1,8,8037,1,1,0,3,CD 877,49.858764,4.351519,17,2,2
202100050732,111Â 004,B01,3,2,1,0,1,-1,-1,-1, -1,-1,2021,6.0,3,2,0,2,6,1,1,,4,PERRACHE                            (QU),0,,2,2,0,1,(1),(1),1,, -1,1,0,1,50,20,2,1,69,69382,2,1,0,4,PERRACHE (Q),45.7413007231,4.8241050725,15,6,3
202100035986,137Â 360,A01,10,3,1,5,0,-1,-1,6,1,1,2021,72.0,1,5,0,1,2,1,1,,3,34,0,D,2,2,0,3,27,87,1,, -1,1,0,1,90,8,6,2,19,19178,1,1,1,6,D34,45.2705891737,1.5289891201,6,2,1
202100008882,185Â 864,A01,10,3,2,3,0,-1,-1,3,3,1,2021,75.0,1,2,0,1,2,16,1,,4,,-1,,4,2,2,1,(1),(1),1,,4,1,0,1,50,7,11,1,29,29069,2,2,0,6,Rue Laennec,48.425212,-4.560521,10,2,1
202100048525,115Â 020,B01,1,1,2,0,8,0,-1,-1, -1,-1,2021,47.0,2,1,0,2,0,0,5,,4,FREPPEL (RUE),0,,2,2,0,1,0,0,3,, -1,1,0,1,30,10,3,1,67,67267,2,3,0,3,FREPPEL (RUE),48.55704,7.68948,12,2,2
202100029598,148Â 882,B01,1,1,1,4,1,0,-1,-1, -1,-1,2021,49.0,1,2,0,2,6,1,1,,3,BELGES (BOULEVARD DES),0,,2,2,0,1,15,900,1,, -1,1,5,1,50,10,7,2,42,42071,2,2,0,2,Boulevard des Belges,46.02487,4.09036,22,6,2
202100028837,150Â 173,A01,1,1,2,0,1,5,-1,-1, -1,-1,2021,21.0,3,2,12,0,3,0,1,,4,,0,,2,2,0,2,(1),(1),2,, -1,2,0,1,50,15,7,1,25,25056,2,1,1,6,FAURE AVENUE EDGAR,47.242759,6.017005,19,1,1
202100026239,154Â 799,A01,1,1,1,5,8,-1,-1,0,0,-1,2021,36.0,1,2,0,2,1,0,1,,3,132,-1,,2,2,0,1,8,(1),3,, -1,1,0,1,80,1,8,1,59,59409,1,1,0,1,D132,50.296742,3.210261,17,2,2
202100001675,198Â 802,A01,1,1,1,5,8,0,-1,-1, -1,-1,2021,30.0,2,2,0,2,1,2,1,,1,86,0,,3,2,0,1,2,500,1,, -1,1,0,1,90,22,12,3,92,92025,1,1,0,2,A86,48.9190397614,2.2236068855,20,2,2
202100050468,111Â 486,A01,10,3,1,5,8,8,-1,3,3,2,2021,81.0,2,2,0,1,2,1,2,,3,COMMINGES (BOULEVARD),0,,2,2,0,1,1,100,1,, -1,1,6,1,50,23,2,1,31,31483,2,1,0,6,COMMINGES (BOULEVARD),43.11255,0.71407,14,3,1
202100006445,190Â 277,A01,10,3,1,9,0,-1,-1,2,2,1,2021,40.0,2,2,0,1,2,1,1,,4,BEAU TOCQUAT (RUE),0,,2,2,0,1,(1),(1),1,, -1,1,0,1,50,23,11,1,10,10387,2,1,0,6,BEAU TOCQUAT (RUE),48.30659,4.04355,8,2,1
202100036388,136Â 661,A01,10,3,2,0,0,-1,-1,3,3,1,2021,37.0,0,2,0,1,1,15,1,,4,LUXEMBOURG (AVENUE DU),0,,1,1,0,4,(1),(1),1,, -1,1,0,1,30,3,6,1,80,80021,2,1,0,6,LUXEMBOURG (AVENUE DU),49.87042,2.28363,16,2,1
202100029423,149Â 184,B01,2,2,2,5,2,6,-1,-1, -1,-1,2021,44.0,1,1,0,2,3,1,1,,4,MAIGNON (ROUTE DE),0,,2,2,0,1,0,0,1,, -1,2,0,1,50,11,7,5,64,64024,1,6,1,1,MAIGNON (ROUTE DE),43.4726,-1.4991,23,3,2
202100034784,139Â 536,A01,1,1,1,5,2,0,-1,0,0,-1,2021,48.0,1,1,1,0,0,14,3,,4,AVENUE DE NOGENT   VINCENNES,0,,2,2,0,1,(1),(1),1,, -1,1,9,1,50,12,6,1,75,75112,2,1,1,6,AVENUE DE NOGENT   VINCENNES,48.838492,2.462276,19,1,1
202100005239,192Â 416,A01,10,3,2,5,0,-1,-1,8,3,1,2021,54.0,1,2,0,1,5,1,1,,6,LABUSSIERE (AVENUE EMILE),0,,-1,-1,0,1,0,0,1,, -1,1,0,1,30,1,12,1,87,87085,2,1,0,6,LABUSSIERE (AVENUE EMILE),45.8436,1.25266,10,2,1
202100046730,118Â 243,B01,1,1,1,0,8,-1,-1,-1, -1,-1,2021,33.0,1,1,0,2,1,1,1,,4,BARTHELEMY BUYER                    (AV),0,,2,2,0,1,(1),(1),1,, -1,1,0,1,50,24,3,1,69,69389,2,3,0,3,BARTHELEMY BUYER (AV),45.7634,4.80051,11,2,2
202100013467,177Â 664,B01,1,1,1,3,2,6,-1,0,0,-1,2021,16.0,2,1,0,2,1,17,1,,3,905,0,,2,2,0,1,(1),(1),1,,4,1,0,1,50,14,10,1,21,21038,2,2,0,3,12 Rue du Colonel Redoutey,47.191741,5.391409,17,2,2
202100046781,118Â 151,B01,1,1,1,1,2,6,-1,0,0,-1,2021,54.0,3,1,0,2,1,1,1,,4,ALLEE DE LONGCHAMP,0,,2,0,0,1,(1),(1),1,, -1,1,0,1,50,23,3,1,75,75116,2,2,0,3,ALLEE DE LONGCHAMP,48.874927,2.271105,16,2,2