Num_Acc,id_vehicule,num_veh,place,catu,sexe,trajet,secu1,secu2,secu3,locp,actp,etatp,year_acc,victim_age,senc,catv,obs,obsm,choc,manv,motor,occutc,catr,voie,v1,v2,circ,nbv,vosp,prof,pr,pr1,plan,lartpc,larrout,surf,infra,situ,vma,jour,mois,lum,dep,com,agg_,int,atm,col,adr,lat,long,hour,nb_victim,nb_vehicules
202100029046,149Â 818,A01,1,1,2,9,1,-1,-1,0,0,-1,2021,60.0,1,2,3,0,4,1,1,,1,9,0,,-1,2,0,1,37,0,1,, -1,2,0,1,130,4,7,2,30,30145,1,1,1,2,Autoroute A9/PK37/Sens ORANGE/NIMES,43.900645,4.522676,6,2,2
202100002558,197Â 209,B01,1,1,1,0,2,0,-1,-1, -1,-1,2021,27.0,2,1,0,2,6,3,1,,1,A13 Y,0,,1,2,0,1,22,200,1,, -1,1,0,1,110,17,12,3,78,78007,1,9,0,3,A13 Y,48.898672,2.005578,19,2,2
202100015084,174Â 744,A01,10,3,2,5,0,-1,-1,2,3,1,2021,19.0,2,1,0,1,1,7,1,,7,MARÃCHAL DE LATTRE (AVENUE),0,,2,3,3,1,0,0,1,, -1,1,0,6,50,5,10,1,13,13209,2,1,0,6,MARÃCHAL DE LATTRE (AVENUE),43.24549,5.4115,18,2,1
202100024705,157Â 485,A01,10,3,2,0,0,-1,-1,2,3,1,2021,33.0,3,2,0,1,5,4,1,,4,AMSTERDAM (RUE D'),0,,2,2,0,1,(1),(1),1,, -1,1,5,1,50,9,8,1,71,71076,2,1,0,6,AMSTERDAM (RUE D'),46.7843,4.8643,20,2,1
202100032384,143Â 883,A01,1,1,1,5,1,-1,-1,0,0,-1,2021,25.0,2,2,0,2,3,1,1,,3,979,-1,,2,2,0,1,2,220,3,, -1,2,0,1,50,25,6,2,61,61508,2,1,1,1,61 Avenue du Marechal Leclerc,48.92546,0.205119,20,2,2
202100028738,150Â 357,B01,1,1,2,9,1,-1,-1,0,0,-1,2021,50.0,1,2,0,2,3,1,1,,3,67,0,,2,2,0,2,22,900,1,, -1,1,0,1,80,16,7,2,14,14607,1,1,0,1,D67,49.087689,-0.677773,21,2,2
202100040555,129Â 121,B01,1,1,2,1,1,-1,-1,0,0,-1,2021,35.0,1,2,0,2,3,1,1,,3,579,0,,2,2,0,1,6,300,1,, -1,1,0,1,80,11,5,1,14,14578,1,9,0,1,D579,49.369462,0.204822,12,3,2
202100032985,142Â 787,B01,1,1,1,5,1,-1,-1,-1, -1,-1,2021,21.0,1,2,0,2,1,21,1,,7,M7   2.278 A 3.690,0,,3,6,0,2,2,500,2,, -1,2,0,1,70,22,6,3,69,69142,1,1,1,4,M7,45.7291992978,4.8158827537,2,6,4
202100044026,122Â 983,B01,1,1,1,0,2,6,-1,-1, -1,-1,2021,22.0,1,1,0,2,1,1,1,,4,TOULOUSE (AVENUE DE,0,,3,2,3,2,(1),(1),1,, -1,1,0,1,50,14,4,1,34,34172,2,1,0,1,TOULOUSE (AVENUE DE),43.59647,3.86312,18,2,2
202100048689,114Â 723,B01,1,1,1,5,2,6,-1,-1, -1,-1,2021,19.0,1,1,0,2,1,1,1,,4,CHARMILLES (MAIL DES),0,,1,2,0,1,0,0,1,, -1,1,0,1,50,8,3,1,10,10387,2,2,0,6,CHARMILLES (MAIL DES),48.30169,4.08723,11,4,3
202100001681,198Â 789,B01,1,1,2,5,1,0,-1,-1, -1,-1,2021,21.0,2,2,0,2,8,9,1,,1,A4,0,,3,4,0,1,14,899,1,, -1,1,0,1,110,23,12,2,93,93051,1,1,0,3,A4,48.83526,2.57629,16,2,2
202100051756,109Â 189,A01,5,2,1,3,0,-1,-1,0,0,-1,2021,30.0,2,2,13,0,2,1,1,,3,10,-1,,2,2,0,4,107,103,1,, -1,1,0,3,70,13,2,1,988,98824,1,1,1,6,Tribu de YambÃ©,-20.43028,164.651182,9,5,1
202100022947,160Â 606,A01,1,1,1,5,2,-1,-1,0,0,-1,2021,63.0,2,1,3,0,0,0,1,,3,2,0,,3,4,0,1,(1),(1),1,, -1,1,0,2,110,22,8,1,59,59058,1,1,0,7,Route Nationale,50.227785,3.94863,14,1,1
202100052732,107Â 477,A01,1,1,1,1,1,-1,-1,0,0,-1,2021,40.0,2,2,2,9,1,14,0,,3,449,-1,,2,2,0,1,(1),(1),1,, -1,1,0,8,80,4,2,3,91,91198,1,1,0,6,Route de Malesherbes,48.451685,2.342148,5,1,1
202100056317,101Â 232,B01,1,1,1,5,0,-1,-1,0,0,-1,2021,35.0,2,1,0,0,8,1,5,,3,50,-1,,2,2,0,1,11,450,2,, -1,1,0,1,50,2,1,5,44,44168,2,1,0,3,16 Rue Louis Pasteur,47.377789,-2.197641,18,2,2
202100023794,159Â 090,A01,1,1,1,5,2,-1,-1,0,0,-1,2021,25.0,1,1,9,2,3,2,1,,3,961,0,,2,2,0,1,7,0,1,, -1,1,0,3,90,13,8,1,21,21076,1,3,0,3,D961,47.326461,5.289295,10,2,2
202100016492,172Â 148,B01,1,1,1,5,8,8,-1,-1, -1,-1,2021,25.0,2,1,0,2,1,1,3,,4,HOCHE (RUE),0,,2,2,0,1,0,0,1,, -1,2,0,1,50,26,9,1,49,49328,2,6,1,3,HOCHE (RUE),47.25306,-0.08041,18,2,2
202100008731,186Â 127,B01,1,1,1,1,2,6,-1,-1, -1,-1,2021,48.0,3,1,0,2,8,1,1,,4,DE GAULLE (AVE DU GENERAL),0,,2,2,0,1,0,0,1,, -1,1,0,1,30,8,11,1,30,30007,2,1,0,3,DE GAULLE (AVE DU GENERAL),44.1268,4.08139,9,2,2
202100043963,123Â 098,A01,10,3,2,3,0,-1,-1,3,3,1,2021,66.0,1,2,0,1,3,1,1,,3,758,-1,,2,2,0,1,5,647,1,, -1,1,9,1,30,15,4,1,44,44186,2,1,0,6,Rue de l'Hotel de Ville,47.103141,-1.810936,13,2,1
202100017958,169Â 528,B01,1,1,1,1,2,0,-1,-1, -1,-1,2021,27.0,2,1,0,2,7,1,1,,1,A7-Sens Marseille vers Lyon,0,,3,4,0,1,278,500,1,, -1,1,0,1,70,20,9,1,13,13215,1,1,0,5,A7-Sens Marseille vers Lyon,43.342627,5.376095,8,3,3
202100050182,112Â 020,A01,1,1,2,5,1,0,-1,-1, -1,-1,2021,22.0,3,2,0,2,7,1,1,,4,PYRAMIDE ROUTE,0,,2,2,0,1,1,0,1,, -1,1,0,1,50,19,2,5,49,49007,2,1,0,3,PYRAMIDE ROUTE,47.4518864178,-0.5219686031,22,2,2
202100037209,135Â 171,A01,1,1,1,3,1,8,-1,-1, -1,-1,2021,74.0,1,2,0,2,2,1,1,,4,VITRY LE FRANCOIS (AVENUE DE),0,,2,4,0,1,0,0,1,, -1,1,0,1,50,29,5,1,67,67482,2,3,0,3,VITRY LE FRANCOIS (AVENUE DE),48.56995,7.7932,19,3,2
202100049420,113Â 424,A01,1,1,2,0,1,0,-1,-1, -1,-1,2021,32.0,2,2,12,0,2,14,1,,3,AUGUSTE DESHAIES (QU),0,,1,1,0,1,0,0,1,, -1,1,0,4,50,3,3,1,94,94041,2,1,0,1,AUGUSTE DESHAIES (QU),48.81569,2.40882,16,1,1
202100051906,108Â 919,B01,1,1,1,9,2,0,-1,-1, -1,-1,2021,40.0,2,1,0,2,1,1,1,,7,RTE DE LAUNAGUET,0,,2,2,0,1,41,999,1,, -1,1,0,1,50,8,2,5,31,31555,2,3,0,3,BD PIERRE ET MARIE CURIE,43.62617,1.43714,19,2,2
202100044579,122Â 033,B01,1,1,1,0,1,0,-1,-1, -1,-1,2021,45.0,3,2,0,2,3,2,0,,5,LITTORAL (CHEMIN DU),0,,2,3,0,1,1,0,1,, -1,1,0,1,50,9,4,1,13,13216,2,1,0,1,LITTORAL (CHEMIN DU),43.3485662673,5.3430420774,12,2,2
202100035975,137Â 379,A01,1,1,1,5,2,-1,-1,0,0,-1,2021,64.0,3,1,0,0,0,1,5,,4,,0,,2,2,0,1,(1),(1),2,,4,1,0,1,80,7,6,1,22,22234,1,1,0,7,st ignace,48.505922,-2.895294,14,1,1
202100016804,171Â 579,A01,10,3,1,9,0,-1,-1,6,9,1,2021,58.0,3,2,15,1,2,14,1,,4,CARAQUE,0,,2,2,0,1,(1),(1),2,, -1,1,0,3,50,12,8,1,971,97101,1,9,0,6,CARAQUE,16.25983,-61.49702,18,4,1
202100003441,195Â 604,B01,1,1,1,5,2,8,-1,0,0,-1,2021,48.0,2,1,0,2,1,1,5,,4,BOULEVARD ARAGO,0,,2,4,1,2,(1),(1),1,, -1,1,-1,5,30,11,12,1,75,75113,2,1,0,3,BOULEVARD ARAGO,48.834866,2.343079,15,2,2
202100030995,146Â 330,A01,1,1,1,0,1,0,-1,-1, -1,-1,2021,31.0,1,2,1,0,1,1,1,,4,RHIN ET DANUBE (AV) NÂ° PAIRS 194 A 338,0,,2,2,0,1,0,0,1,, -1,1,0,4,50,3,7,1,72,72181,2,1,0,6,RHIN ET DANUBE (AV) NÂ° PAIRS 194 A 338,48.02237,0.18343,15,1,1
202100050591,111Â 255,B01,1,1,1,0,1,8,-1,-1, -1,-1,2021,37.0,3,2,0,0,0,0,1,,4,AVENIR (PONT DE L'),0,,2,2,0,1,(1),(1),1,, -1,1,0,8,50,10,2,1,11,11262,2,1,0,6,AVENIR (PONT DE L'),43.17984,3.01734,18,2,2
202100015144,174Â 640,B01,1,1,1,1,1,8,-1,-1, -1,-1,2021,44.0,2,2,0,2,4,23,1,,3,GENERAL DE GAULLE (AVENUE) (PAIRS),0,,1,3,0,1,0,0,2,, -1,1,0,1,50,1,10,1,92,92036,2,6,0,2,GENERAL DE GAULLE (AVENUE) (PAIRS),48.9344869782,2.3196011782,16,2,2
202100004241,194Â 170,A01,1,1,2,5,1,0,-1,-1, -1,-1,2021,21.0,2,2,6,0,1,14,1,,3,COMPAGNET (GIRATOIRE DE),0,,3,2,0,1,3,500,1,, -1,2,0,1,50,5,12,1,64,64102,2,1,0,6,COMPAGNET (GIRATOIRE DE),43.4606030476,-1.4958196878,16,1,1
202100039127,131Â 689,A01,1,1,2,0,0,8,-1,-1, -1,-1,2021,65.0,1,1,0,2,0,1,5,,4,ENDOUME (RUE D'),0,,2,2,0,4,(1),(1),1,, -1,1,0,1,50,20,5,1,13,13207,2,2,0,3,ENDOUME (RUE D'),43.28611,5.36032,13,2,2
202100039459,131Â 076,A01,1,1,2,5,8,-1,-1,-1, -1,-1,2021,52.0,1,1,0,2,1,19,5,,3,LECLERC (AVE DU GAL) DU 02 ET +,0,,2,2,0,1,18,140,1,, -1,1,0,1,50,18,5,1,33,33529,2,6,0,3,Avenue du GÃ©nÃ©ral Leclerc,44.64835,-1.1525,15,2,2
202100002827,196Â 720,A01,10,3,2,3,0,-1,-1,3,3,3,2021,64.0,1,2,0,1,2,9,1,,3,955,-1,,2,2,0,1,11,630,1,, -1,2,0,1,50,8,12,1,18,18233,2,1,0,6,Avenue de Fontenay,47.338935,2.838957,12,3,1
202100016072,172Â 922,B01,1,1,2,5,0,-1,-1,-1, -1,-1,2021,80.0,0,1,0,1,0,0,-1,,4,FRANCIS DE PRESSENSE                (AV),0,,2,3,2,1,(1),(1),1,, -1,1,0,5,50,28,9,1,69,69259,2,2,0,6,FRANCIS DE PRESSENSE (AV),45.72659,4.86258,13,2,1
202100025957,155Â 283,A01,1,1,1,1,2,6,-1,-1, -1,-1,2021,37.0,2,1,0,2,1,3,1,,2,RN104,0,,3,2,0,1,12,0,1,, -1,1,0,1,90,2,8,1,77,77249,1,1,0,6,RN104,48.7312281445,2.6091964028,18,3,3
202100006213,190Â 704,B01,1,1,1,0,8,-1,-1,-1, -1,-1,2021,58.0,3,1,0,2,1,0,3,,4,AMBROISE CROIZAT                    (BD),0,,1,2,0,1,(1),(1),1,, -1,1,0,6,50,24,11,2,69,69259,2,9,0,1,AMBROISE CROIZAT (BD),45.70239,4.88774,17,2,2
202100045393,120Â 593,A01,1,1,1,5,8,0,-1,-1, -1,-1,2021,29.0,1,1,0,2,1,5,3,,4,THIERRY (RUE AUGUSTIN),0,,1,2,0,2,(1),(1),2,, -1,1,0,1,30,1,4,1,41,41018,2,1,0,1,THIERRY (RUE AUGUSTIN),47.58202,1.32281,19,2,2
202100017270,170Â 784,A01,2,2,1,0,8,-1,-1,0,0,-1,2021,38.0,1,2,0,0,0,5,1,,3,979,0,D,2,1,0,1,3,200,1,, -1,1,0,8,50,25,9,2,30,30029,2,1,0,7,D979,44.313201,4.349379,6,2,1
202100018657,168Â 291,A01,2,2,1,5,1,-1,-1,0,0,-1,2021,18.0,3,2,2,0,0,14,1,,9,,0,,2,2,0,1,(1),(1),2,,4,1,0,3,80,15,9,3,24,24520,2,1,0,6,Route de TamniÃ¨s,44.930825,1.201866,22,2,1
202100020194,165Â 542,B01,1,1,2,5,1,-1,-1,-1, -1,-1,2021,54.0,2,2,0,2,4,2,1,,1,AUTOROUTE A 63,0,,3,4,0,1,6,177,1,, -1,1,0,1,130,7,9,1,33,33122,1,1,0,2,AUTOROUTE A 63,44.754132,-0.689002,13,2,2
202100014694,175Â 449,A01,1,1,1,9,1,-1,-1,0,0,-1,2021,45.0,3,2,6,0,1,1,1,,3,977,-1,,2,2,0,1,(1),(1),1,, -1,1,0,1,50,7,10,5,50,50359,2,1,0,6,8a Avenue de l Abbaye Blanche,48.652518,-0.941182,21,1,1
202100025641,155Â 852,B01,1,1,1,1,2,0,-1,-1, -1,-1,2021,39.0,2,1,0,2,1,2,1,,3,,-1,,2,-1,-1,1,(1),(1),1,, -1,1,5,1,-1,4,8,1,93,93072,2,2,0,3,Avenue Louis Bordes,48.9558026659,2.3832982779,6,2,2
202100054404,104Â 516,B01,1,1,1,0,1,0,-1,-1, -1,-1,2021,26.0,2,5,0,0,4,1,1,,2,N118,0,,3,5,0,1,3,799,1,, -1,1,0,1,90,20,1,1,92,92048,1,1,0,2,N118,48.7972746289,2.2170122155,9,3,2
202100001062,199Â 865,A01,10,3,2,9,8,8,-1,4,3,1,2021,59.0,2,5,0,1,2,16,1,,4,RUE CROZATIER,0,,2,2,0,1,(1),(1),3,, -1,1,0,1,50,28,12,2,75,75112,2,3,0,6,RUE CROZATIER,48.850635,2.378827,8,2,1
202100050020,112Â 333,B01,2,2,2,0,3,0,-1,0,0,-1,2021,6.0,1,2,0,2,4,2,1,,4,MOULIN (BOULEVARD JEAN),0,,1,2,0,1,(1),(1),1,, -1,1,6,1,50,25,2,1,54,54395,2,3,0,2,MOULIN (BOULEVARD JEAN),48.6828664178,6.2064794451,9,3,2
202100036775,135Â 972,A01,10,3,1,9,0,-1,-1,1,3,1,2021,63.0,1,2,0,1,8,15,1,,7,HEYRIEUX (D')                       (RO),0,,2,2,0,1,5,900,1,, -1,2,0,1,50,2,6,1,69,69290,2,1,1,6,HEYRIEUX (D')                       (RO),45.68781,4.94265,10,2,1
202100016138,172Â 795,B01,1,1,1,0,2,0,-1,0,0,-1,2021,41.0,1,1,0,2,8,1,5,,4,COTE BLATIN (BD),0,,1,3,0,1,(1),(1),1,, -1,1,0,1,50,29,9,1,63,63113,2,1,0,3,COTE BLATIN (BD),45.76852,3.08966,9,2,2
202100013156,178Â 231,C01,1,1,1,5,2,-1,-1,0,0,-1,2021,79.0,1,1,0,2,9,2,5,,3,32,-1,,2,2,0,2,21,350,2,, -1,1,0,1,80,13,10,1,32,32155,1,1,0,3,RD 32,43.760229,-0.194079,16,3,3
202100012625,179Â 145,A01,1,1,1,5,2,-1,-1,-1, -1,-1,2021,22.0,1,1,0,2,1,1,1,,4,GENERAL DE GAULLE                   (BD),0,,2,2,0,2,(1),(1),1,, -1,1,0,1,50,13,10,1,69,69149,2,2,0,3,FRANCISQUE JOMARD (R),45.7176,4.79062,16,2,2
202100033522,141Â 853,A01,1,1,1,4,2,6,-1,-1, -1,-1,2021,36.0,1,1,2,0,1,2,1,,2,RN406.Y,0,,1,2,0,1,0,100,1,, -1,2,0,1,90,19,6,1,94,94028,1,1,1,6,RN406.Y,48.7843499486,2.4401287031,20,1,1
202100044806,121Â 624,A01,10,3,2,4,0,-1,-1,3,3,1,2021,60.0,1,2,0,1,1,15,1,,4,MARECHAL FOCH (RUE DU),0,,2,2,0,1,0,1,1,, -1,2,0,1,50,7,4,1,67,67180,2,3,1,6,STIEGELMANN (RUE),48.81247,7.78853,16,2,1
202100027858,151Â 924,A01,1,1,1,0,1,0,-1,-1, -1,-1,2021,35.0,1,2,0,2,4,1,3,,7,S10CM-Sens Marseille vers A.50 Aubagne,0,,3,1,0,2,0,100,1,, -1,1,3,1,50,21,7,1,13,13210,1,1,0,2,S10CM-Sens Marseille vers A.50 Aubagne,43.28324,5.40039,8,2,2
202100022207,161Â 951,B01,1,1,1,4,1,-1,-1,-1,0,-1,2021,36.0,1,5,0,2,4,2,1,,3,RD 170 ,0,,3,4,0,1,13,899,1,, -1,1,0,1,90,28,8,1,95,95277,1,1,0,2,RD 170 ,48.97811,2.44749,8,2,2
202100051044,110Â 431,A01,1,1,1,5,1,0,-1,0,0,-1,2021,23.0,1,2,9,0,3,1,1,,4,MULLER (AVENUE PAUL),0,,2,-1,0,1,(1),(1),1,, -1,1,0,1,50,17,2,5,54,54578,2,1,0,6,MULLER (AVENUE PAUL),48.6672315452,6.1463287228,18,1,1
202100034343,140Â 345,A01,1,1,1,0,2,-1,-1,0,0,-1,2021,52.0,0,1,1,0,3,1,1,,7,62,0,D,2,2,0,2,(1),(1),1,, -1,1,9,8,50,15,6,1,59,59487,2,1,0,6,17 Rue Royale,50.620349,2.907128,8,1,1
202100016162,172Â 752,A01,1,1,2,0,2,0,-1,-1, -1,-1,2021,25.0,0,1,0,2,1,1,1,,4,RUE DES PILIERS DE LA CHAUVINIERE,0,,2,2,0,1,(1),(1),1,, -1,2,0,1,50,29,9,1,44,44162,2,1,0,1,RUE DES PILIERS DE LA CHAUVINIERE,47.22995,-1.63451,7,2,2
202100029264,149Â 454,B01,1,1,1,9,8,0,-1,-1, -1,-1,2021,32.0,2,0,0,9,1,3,0,,3,MADELEINE (ROUTE DE LA),0,,2,1,0,1,3,0,1,, -1,1,0,1,50,12,7,1,973,97302,2,1,0,1,MADELEINE (ROUTE DE LA),4.91409,-52.3209,17,2,2
202100016693,171Â 789,A01,1,1,1,9,2,6,-1,0,0,-1,2021,61.0,2,1,0,2,1,1,1,,3,813,-1,,3,1,0,1,34,288,1,, -1,1,0,1,50,23,9,1,31,31035,2,1,0,1,D813,43.530683,1.4875,12,2,2
202100003770,195Â 020,A01,2,2,2,5,1,-1,-1,0,0,-1,2021,18.0,2,2,0,0,0,1,1,,3,613,0,,2,2,0,1,15,0,1,, -1,2,0,3,80,11,12,3,11,11256,1,1,1,6,rd 613 pk 15,43.118121,2.80057,2,2,1
202100046799,118Â 121,A01,1,1,1,9,2,6,-1,-1, -1,-1,2021,40.0,2,1,8,0,1,13,1,,4,R DES CARRIERES MORILLON ,0,,2,2,0,1,1,0,2,, -1,1,9,1,50,24,3,1,94,94077,2,1,1,7,Rue des CarriÃ©res Morillon,48.72956,2.43621,12,1,1
202100045155,121Â 017,A01,1,1,1,0,2,8,-1,-1, -1,-1,2021,23.0,1,1,0,2,4,15,1,,4,PARIS (RUE DE),0,,2,2,0,1,0,0,1,, -1,1,0,1,30,4,4,2,93,93048,2,1,0,2,PARIS (RUE DE),48.8563862552,2.4257129823,19,2,2
202100012791,178Â 858,A01,5,2,2,0,1,0,-1,-1, -1,-1,2021,10.0,1,2,0,0,9,26,1,,1,AUTOROUTE A6,0,,1,3,0,1,33,299,1,, -1,1,0,1,110,16,10,3,91,91179,1,1,0,7,AUTOROUTE A6,48.56709,2.47275,19,3,1
202100042598,125Â 480,A01,1,1,1,0,2,0,-1,-1, -1,-1,2021,25.0,1,1,0,0,0,0,1,,4,CAPELETTE (AVENUE DE LA),0,,2,1,0,1,(1),(1),3,, -1,1,2,1,50,25,4,5,13,13210,2,1,0,7,CAPELETTE (AVENUE DE LA),43.281507,5.404849,23,1,1
202100017525,170Â 295,B01,1,1,1,0,1,0,-1,-1, -1,-1,2021,47.0,1,1,0,2,4,1,0,,4,67,0,,3,2,0,2,0,0,1,, -1,1,0,1,50,22,9,1,92,92002,2,1,0,2,MAURICE LABROUSSE (RUE),48.7545978696,2.2976656518,10,2,2
202100017365,170Â 599,B01,1,1,1,1,2,6,-1,-1, -1,-1,2021,27.0,1,1,0,2,8,1,1,,2,10,0,,-1,0,0,1,54,860,1,, -1,1,0,1,90,23,9,1,91,91363,1,1,0,3,RN 104,48.634848,2.21359,7,2,2
202100050654,111Â 142,A01,1,1,1,5,1,0,-1,-1,0,-1,2021,51.0,2,2,4,0,1,1,1,,1,AUTOROUTE A15,0,,3,11,0,2,8,199,3,, -1,1,0,1,70,22,2,3,95,95582,1,1,0,6,A15,48.9647920226,2.2609998281,22,1,1
202100022328,161Â 725,A01,1,1,1,5,2,-1,-1,0,0,-1,2021,21.0,1,1,13,0,0,15,1,,3,76,0,D,2,2,0,1,10,522,2,, -1,1,0,1,-1,27,8,3,76,76478,2,1,0,7,11 Route du Parc,49.746139,1.11896,3,1,1
202100007116,189Â 047,B01,1,1,1,5,1,0,-1,-1, -1,-1,2021,38.0,2,2,0,2,6,6,1,,1,A86 EXT,0,,1,4,0,1,37,0,2,, -1,2,2,1,90,20,11,4,94,94046,1,9,1,2,A86 EXT,48.8085628803,2.4490578633,2,2,2
202100024206,158Â 406,A01,1,1,1,1,2,6,-1,0,0,-1,2021,25.0,1,1,0,2,1,2,1,,3,61,-1,,2,2,0,1,1,0,1,, -1,1,0,1,-1,15,8,1,83,83068,1,1,0,2,RD 61,43.2683837509,6.5528176652,11,2,2
202100055780,102Â 159,A01,1,1,2,0,1,0,-1,-1, -1,-1,2021,80.0,3,2,0,2,2,15,1,,7,OUEST BOULEVARD DE L,0,,3,2,1,1,(1),(1),1,, -1,2,0,1,50,6,1,2,59,59350,2,2,0,3,OUEST BOULEVARD DE L,50.62751,3.12174,16,2,2
202100023904,158Â 906,B01,1,1,2,5,1,0,-1,0,0,-1,2021,37.0,3,2,0,2,1,1,0,,4,GARAGAI (CHEMIN DU),0,,2,2,0,3,(1),(1),1,, -1,1,0,1,50,16,8,1,6,6069,2,1,0,3,GARAGAI (CHEMIN DU),43.641051,6.979846,20,3,2
202100000649,200Â 551,A01,1,1,1,0,1,0,-1,-1,0,-1,2021,35.0,0,2,3,0,2,1,1,,7,ROUTE DEPARTEMENTALE 652,0,,-1,4,0,1,8,300,1,, -1,2,0,1,90,25,12,3,59,59636,1,1,0,6,,50.673360644,3.0419621722,2,1,1
202100045207,120Â 925,A01,10,3,2,5,0,-1,-1,3,3,1,2021,72.0,3,2,0,1,2,26,1,,7,JEAN JAURES                         (AV),0,,3,3,0,1,(1),(1),1,, -1,1,0,1,50,3,4,1,69,69199,2,3,0,6,ARSENAL (DE L') (ALL),45.7129856754,4.855055809,13,2,1
202100052925,107Â 118,B01,1,1,1,0,2,6,-1,-1, -1,-1,2021,59.0,1,1,0,2,2,17,1,,3,909,0,,2,2,3,1,0,0,1,, -1,1,0,1,50,1,2,1,92,92044,2,2,0,3,VIC. HUGO(RUE)001A067 ET002A078,48.8954986832,2.2968989611,13,2,2
202100036635,136Â 224,A01,3,2,2,0,1,0,-1,-1, -1,-1,2021,19.0,1,2,1,0,1,1,1,,4,PREIZE (RUE DE),0,,2,2,0,1,(1),(1),1,, -1,1,0,1,50,2,6,5,10,10387,2,1,0,6,PREIZE (RUE DE),48.30548,4.07021,22,3,1
202100033801,141Â 344,A01,1,1,1,9,2,0,-1,0,0,-1,2021,14.0,0,1,0,2,1,1,1,,4,,0,,2,2,0,1,(1),(1),1,, -1,1,0,1,50,16,6,1,71,71486,2,2,0,3,Rue Colbert,46.64681,4.32134,17,2,2
202100009160,185Â 340,A01,1,1,1,5,2,6,-1,0,0,-1,2021,67.0,2,1,16,0,8,0,0,,3,2,-1,,3,4,0,4,14,496,2,, -1,1,0,3,70,7,11,1,50,50426,1,1,0,7,DÃ©partemental 2,49.388072,-1.521714,12,1,1
202100022686,161Â 063,Y01,1,1,1,5,0,-1,-1,0,0,-1,2021,17.0,3,1,0,2,0,19,0,,4,tsoundzou-Cadjifouteni ( rue ),0,,1,1,0,2,0,0,1,, -1,1,0,8,30,24,8,5,976,97611,2,3,0,3,tsoundzou-Cadjifouteni ( rue ),-12.80644,45.20837,20,3,2
202100002749,196Â 853,A01,10,3,2,2,0,-1,-1,8,3,1,2021,14.0,1,3,0,1,1,1,3,,4,BORDEAUX (PLACE DE),0,,2,2,3,1,(1),(1),1,, -1,1,4,6,50,14,12,5,67,67482,2,8,0,6,BORDEAUX (PLACE DE),48.59405,7.75769,18,2,1
202100046761,118Â 187,A01,1,1,1,0,2,0,-1,-1, -1,-1,2021,14.0,2,1,0,2,0,26,0,,4,PASTRE (RUE),0,,1,2,0,2,(1),(1),1,, -1,1,0,1,50,24,3,1,28,28134,2,2,0,1,PASTRE (RUE),48.7343162063,1.3731864095,15,2,2
202100000286,201Â 212,C01,1,1,1,5,1,-1,-1,0,0,-1,2021,23.0,1,2,0,2,8,1,1,,2,165,-1,,3,4,0,1,14,555,1,, -1,1,0,1,110,30,12,1,56,56004,1,1,0,5,N165 sens Nantes/Brest,47.538963,-2.417142,13,3,3
202100038566,132Â 711,A01,1,1,1,9,1,-1,-1,0,0,-1,2021,33.0,1,2,0,0,0,0,1,,3,52,0,D,2,2,0,1,3,90,1,, -1,2,0,3,50,25,5,3,25,25237,2,3,0,7,D52,47.521924,6.894768,2,1,1
202100017094,171Â 074,A01,1,1,1,5,1,0,-1,-1, -1,-1,2021,47.0,2,2,12,-1,2,1,1,,3,VERDUN (AV DE),0,,1,2,0,1,1,0,2,, -1,1,0,1,50,24,9,5,94,94041,2,1,0,7,VERDUN (AV DE),48.811742,2.371355,21,1,1
202100048093,115Â 788,A01,1,1,1,1,1,-1,-1,0,0,-1,2021,32.0,1,2,0,2,7,13,1,,3,1006,0,D,2,2,0,1,133,495,2,, -1,5,0,1,80,15,3,1,73,73119,1,1,1,3,D1006,45.200226,6.595528,15,3,2
202100048157,115Â 668,B01,1,1,2,5,1,0,-1,-1, -1,-1,2021,50.0,3,5,0,2,4,0,0,,4,PAUL VAILLANT COUTURIER (BD),0,,1,2,0,1,0,0,1,, -1,1,0,1,50,13,3,1,94,94038,2,1,0,2,PAUL VAILLANT COUTURIER (BD),48.78124,2.34116,12,2,2
202100017330,170Â 673,A01,2,2,2,5,1,-1,-1,0,0,-1,2021,55.0,2,5,0,0,4,15,1,,3,908,0,D,2,2,0,1,28,223,3,, -1,1,0,1,90,23,9,1,61,61419,1,3,1,2,La Baliziere,48.583207,-0.172886,18,4,2
202100048215,115Â 571,B01,1,1,1,5,1,0,-1,-1, -1,-1,2021,50.0,2,2,0,0,4,9,1,,1,13,0,,1,1,0,1,6,500,3,, -1,2,3,1,50,13,3,1,92,92047,1,1,1,2,A13,48.8353909775,2.1783346513,13,2,2
202100025638,155Â 858,A01,1,1,1,0,1,0,-1,-1, -1,-1,2021,32.0,2,2,0,4,7,15,1,,3,STALINGRAD (BD DE),0,,-1,0,0,1,1,0,1,, -1,1,4,8,50,4,8,1,94,94073,2,8,0,3,STALINGRAD (BD DE),48.77064,2.40139,17,2,2
202100048344,115Â 343,A01,1,1,1,0,1,-1,-1,0,0,-1,2021,36.0,2,2,0,0,9,1,1,,3,12,0,,2,2,0,1,27,680,1,, -1,2,0,1,80,13,3,3,1,1191,1,1,1,7,D12 lieu dit BROUILLAT,46.056198,5.523248,18,1,1
202100034930,139Â 271,A01,1,1,1,0,2,8,-1,-1, -1,-1,2021,27.0,1,1,0,9,1,13,1,,3,DEPARTEMENTALE 28,0,,3,2,0,2,4,500,4,, -1,1,0,1,50,10,6,1,972,97213,1,1,0,7,DEPARTEMENTALE 28,14.63253,-60.96285,12,2,2