Num_Acc,id_vehicule,num_veh,place,catu,sexe,trajet,secu1,secu2,secu3,locp,actp,etatp,year_acc,victim_age,senc,catv,obs,obsm,choc,manv,motor,occutc,catr,voie,v1,v2,circ,nbv,vosp,prof,pr,pr1,plan,lartpc,larrout,surf,infra,situ,vma,jour,mois,lum,dep,com,agg_,int,atm,col,adr,lat,long,hour,nb_victim,nb_vehicules
202100006707,189Â 791,A01,1,1,2,0,8,0,-1,-1, -1,-1,2021,68.0,1,1,0,2,7,15,5,,4,LAKANAL (AVENUE),0,,2,2,0,2,0,0,1,, -1,1,5,1,50,22,11,5,9,9122,2,2,0,3,LAKANAL (AVENUE),42.9556150444,1.6007114947,19,2,2
202100028752,150Â 331,A01,9,2,1,5,1,-1,-1,0,0,-1,2021,18.0,1,2,14,2,2,12,1,,2,250,-1,,3,4,3,1,39,110,1,, -1,1,3,6,70,17,7,3,33,33199,1,9,0,2,N250,44.61612,-1.104858,2,3,2
202100014331,176Â 088,A01,10,3,1,2,0,-1,-1,1,3,1,2021,10.0,1,2,0,1,1,19,3,,3,MONTTESSUY (RUE DE),0,,2,1,0,1,0,0,1,, -1,1,0,1,50,8,10,1,91,91326,2,1,0,6,MONTTESSUY (RUE DE),48.68607,2.38364,16,2,1
202100006924,189Â 390,A01,1,1,2,5,1,0,-1,-1, -1,-1,2021,22.0,1,2,4,2,5,0,1,,1,VA007342 LA CEPIERE  A620 Sortie 27,0,,1,3,0,1,8,5,1,, -1,1,0,1,90,19,11,2,31,31555,1,1,0,2,VA007342 LA CEPIERE  A620 Sortie 27,43.58969,1.3997,17,2,2
202100034468,140Â 116,C01,1,1,2,1,1,-1,-1,0,0,-1,2021,36.0,2,2,0,2,1,2,1,,1,,-1,,3,1,0,1,27,400,1,, -1,1,0,1,90,14,6,1,63,63404,1,1,0,4,"a75, PK 27+400 sens Sud/Nord",45.573347,3.245215,8,5,4
202100013934,176Â 795,A01,1,1,1,1,2,-1,-1,0,0,-1,2021,16.0,2,1,0,2,1,13,1,,3,,-1,,3,2,0,1,18,840,1,,4,1,0,1,50,11,10,2,35,35243,2,1,1,3,Rue Nationale,48.341027,-1.278241,7,2,2
202100015247,174Â 454,B01,1,1,2,0,2,6,-1,-1, -1,-1,2021,34.0,1,1,0,2,8,1,1,,4,,0,,1,2,0,1,0,0,1,, -1,1,0,1,50,30,9,1,92,92044,2,2,0,3,VOLTAIRE(RUE)1A51 ET2A40,48.8916692099,2.2835898399,16,2,2
202100018448,168Â 654,A01,1,1,1,5,0,-1,-1,0,0,-1,2021,53.0,3,1,0,0,0,1,3,,3,,0,,2,1,1,1,(1),(1),1,,"3,5",1,0,1,50,15,9,5,68,68300,2,1,0,7,Rue de Mulhouse,47.780067,7.365075,22,1,1
202100045108,121Â 106,B01,2,2,1,0,2,8,-1,-1, -1,-1,2021,19.0,1,1,0,2,1,17,1,,2,m'tsapere-Nationale 2 (route),0,,2,0,0,1,0,0,1,, -1,1,0,1,50,4,4,1,976,97611,2,1,0,3,tsoundzou-Stara (rue),-12.80732,45.20634,16,3,2
202100051425,109Â 771,A01,1,1,1,0,8,0,-1,-1, -1,-1,2021,37.0,2,2,1,0,1,13,1,,4,TURENNE RUE,0,,-1,2,0,1,(1),(1),1,, -1,1,0,1,50,15,2,5,59,59350,2,1,0,6,TURENNE RUE,50.6275709821,3.0385639585,0,3,1
202100014059,176Â 566,A01,1,1,1,5,2,6,-1,0,0,-1,2021,16.0,2,1,0,2,1,1,1,,4,910,-1,,2,2,0,2,47,240,1,,4,1,0,1,50,10,10,1,37,37154,2,1,0,2,113 Rue Nationale,47.2822631819,0.711723335,16,2,2
202100037791,134Â 112,A01,1,1,1,1,2,8,-1,-1, -1,-1,2021,31.0,3,1,0,0,8,26,1,,4,MARNE (CARREFOUR DE LA),0,,2,4,0,1,(1),(1),1,, -1,1,5,1,50,28,5,5,37,37261,2,5,0,7,MARNE (CARREFOUR DE LA),47.4235605611,0.6980247989,2,1,1
202100054477,104Â 388,A01,10,3,1,0,8,8,-1,2,3,1,2021,32.0,1,2,0,1,1,2,1,,4,VERDUN (R DE),0,,1,3,0,2,0,0,2,, -1,2,0,1,50,19,1,1,94,94043,2,1,1,1,VERDUN (R DE),48.8097,2.35862,16,2,1
202100015849,173Â 344,B01,1,1,2,9,1,0,-1,-1, -1,-1,2021,25.0,2,2,0,2,4,1,1,,1,86,0,,3,2,0,1,1,799,1,, -1,1,0,1,110,30,9,3,92,92050,1,1,0,2,A86,48.9047425947,2.2079595923,1,3,2
202100012288,179Â 766,A01,1,1,1,5,1,-1,-1,0,0,-1,2021,49.0,1,2,6,0,1,1,1,,3,142,0,D,2,2,0,2,23,930,2,, -1,1,0,3,70,18,10,1,17,17469,1,1,0,6,66 Rue de Port des Barques,45.607335,-0.62754,11,1,1
202100022733,160Â 966,B01,2,2,1,9,1,8,-1,-1, -1,-1,2021,31.0,3,2,0,2,0,0,1,,7,PARAYRE LIEUTENANT (RUE DU),0,,2,1,0,1,0,0,1,, -1,1,0,1,80,23,8,1,13,13001,1,1,0,1,PARAYRE LIEUTENANT (RUE DU),43.50221,5.35005,13,4,2
202100032989,142Â 781,A01,1,1,2,0,1,0,-1,-1, -1,-1,2021,27.0,2,2,3,0,9,2,1,,1,AUTOROUTE A1,0,,3,4,0,1,208,0,1,, -1,1,0,1,90,19,6,3,59,59507,1,1,0,6,AUTOROUTE A1,50.5992718469,3.1033614278,0,1,1
202100019304,167Â 125,A01,1,1,2,4,1,0,-1,-1, -1,-1,2021,32.0,2,2,0,2,1,2,1,,1,AUTOROUTE A10,0,,3,4,0,2,11,899,1,, -1,1,0,1,90,13,9,1,91,91661,1,1,0,4,AUTOROUTE A10,48.68568,2.21442,8,3,3
202100028667,150Â 474,A01,1,1,1,0,2,0,-1,-1, -1,-1,2021,55.0,2,1,0,2,1,26,1,,4,EDMOND ROSTAND (RUE),0,,1,1,0,1,0,0,1,, -1,1,0,1,50,15,7,1,13,13206,2,1,0,2,EDMOND ROSTAND (RUE),43.28247,5.38275,11,2,2
202100043112,124Â 612,A01,1,1,1,1,1,-1,-1,0,0,-1,2021,49.0,1,2,0,2,1,1,1,,3,763,-1,,3,4,0,1,29,0,1,, -1,1,0,1,110,22,4,1,85,85208,1,1,0,2,D763,46.85288,-1.41115,19,2,2
202100042260,126Â 090,A01,2,2,2,5,1,-1,-1,0,0,-1,2021,35.0,1,2,2,0,1,15,1,,3,174,-1,,3,2,0,1,4,230,1,, -1,2,0,3,80,28,4,1,58,58124,1,1,1,6,D174,47.090054,3.050359,17,3,1
202100051534,109Â 580,A01,1,1,1,5,2,-1,-1,0,0,-1,2021,42.0,1,1,0,0,8,1,1,,3,951,0,D,2,2,0,2,62,0,1,, -1,1,0,1,80,14,2,1,51,51381,1,1,0,7,D951,48.9350835045,3.8279379,15,1,1
202100011223,181Â 673,B01,1,1,1,5,2,6,-1,0,0,-1,2021,40.0,2,1,0,2,5,9,1,,3,PRES RASCLAUX (QUAI),0,,2,2,0,1,2,230,1,, -1,1,0,1,50,23,10,1,30,30007,2,7,0,2,PRES RASCLAUX (QUAI),44.1201,4.0771,19,2,2
202100015808,173Â 416,A01,4,2,1,5,1,-1,-1,0,0,-1,2021,19.0,2,2,13,0,1,1,1,,3,66,0,,2,2,0,1,13,500,1,, -1,2,2,3,80,2,10,3,55,55405,1,1,1,7,Rue Hameau de Chatillon,49.381426,5.589128,0,4,1
202100003372,195Â 732,A01,2,2,1,5,8,-1,-1,0,0,-1,2021,38.0,0,2,2,0,1,0,1,,3,6113,0,D,2,3,0,1,87,195,1,, -1,1,0,1,80,12,12,3,11,11356,1,1,0,6,D6113,43.295223,2.01178,22,2,1
202100011345,181Â 450,A01,10,3,1,0,8,8,-1,3,5,2,2021,6.0,1,2,0,1,1,1,1,,4,GOUNOD (RUE CHARLES),0,,2,2,0,1,(1),(1),1,, -1,1,0,1,50,22,10,1,54,54274,2,1,0,6,GOUNOD (RUE CHARLES),48.6734893895,6.2065241804,17,3,1
202100051168,110Â 213,A01,1,1,1,0,8,0,-1,-1, -1,-1,2021,46.0,2,1,6,0,1,26,1,,4,LANGEVIN (PAUL),0,,2,2,0,1,(1),(1),1,, -1,1,0,4,30,17,2,2,35,35238,2,1,0,6,LANGEVIN (PAUL),48.09391,-1.65839,18,1,1
202100007903,187Â 614,A01,1,1,1,0,1,-1,-1,0,0,-1,2021,41.0,1,2,0,2,1,5,1,,3,943,-1,,2,2,0,1,43,120,1,, -1,1,0,1,90,12,11,3,36,36071,1,1,0,1,rd 943,46.78625,1.768627,21,2,2
202100036223,136Â 941,B01,1,1,1,0,8,-1,-1,-1, -1,-1,2021,44.0,2,1,0,2,1,1,5,,4,FORTS (DES)                         (MO),0,,2,2,1,2,(1),(1),4,, -1,2,9,1,50,5,6,1,69,69034,2,3,1,3,FORTS (DES) (MO),45.7941825391,4.8327130079,8,2,2
202100037028,135Â 513,B01,1,1,1,4,1,8,-1,-1, -1,-1,2021,53.0,2,2,0,2,4,2,1,,4,PEINTRES ROUX (AVENUE DES),0,,3,2,0,1,0,0,1,, -1,1,0,1,50,1,6,1,13,13212,2,1,0,2,PEINTRES ROUX (AVENUE DES),43.3039692013,5.4726189977,12,2,2
202100043634,123Â 681,B01,1,1,1,0,8,-1,-1,-1, -1,-1,2021,22.0,1,1,0,2,1,1,5,,4,AVE PASTEUR,0,,2,2,2,1,(1),(1),1,, -1,1,0,1,50,17,4,1,33,33200,2,4,0,3,Avenue Pasteur,44.88097,-0.68593,14,2,2
202100037773,134Â 144,A01,10,3,1,3,0,-1,-1,4,3,2,2021,22.0,1,2,9,1,9,14,1,,7,BEETHOVEN AVENUE,0,,-1,2,0,1,(1),(1),2,, -1,1,5,8,50,28,5,2,59,59350,2,3,0,6,LAMBRET OSCAR AVENUE,50.6184523451,3.0328783393,21,2,1
202100014344,176Â 067,B01,1,1,1,0,2,6,-1,-1, -1,-1,2021,39.0,1,1,0,2,8,0,1,,4,FOYER FRANCAIS (DU)                 (AV),0,,2,2,0,1,(1),(1),1,, -1,1,0,1,50,8,10,5,69,69282,2,1,0,3,FOYER FRANCAIS (DU) (AV),45.77662,4.99376,19,2,2
202100011260,181Â 606,A01,1,1,1,0,8,-1,-1,0,0,-1,2021,27.0,3,2,13,0,3,1,1,,4,,0,,2,2,0,1,(1),(1),1,,4,1,0,3,80,24,10,3,86,86262,1,1,0,6,La Grange,46.426045,0.794733,0,1,1
202100047436,116Â 976,A01,1,1,1,0,8,-1,-1,0,0,-1,2021,23.0,1,2,13,0,1,1,1,,3,,0,,2,2,0,1,10,0,1,, -1,2,0,1,50,20,3,5,973,97309,2,1,0,7,Route de Remire (rd2),4.896677,-52.27399,1,1,1
202100000046,201Â 675,B01,1,1,2,1,8,-1,-1,-1, -1,-1,2021,33.0,1,5,0,2,8,1,1,,3,,-1,,2,2,2,2,43,930,3,, -1,1,-1,1,50,6,8,1,73,73065,2,1,0,3,D991 Boulevard Lemenc,45.569496,5.923196,6,3,2
202100011423,181Â 303,B01,2,2,1,9,2,0,-1,0,0,-1,2021,21.0,1,1,0,2,1,1,1,,4,AVENUE DU PRESIDENT WILSON,0,,3,3,0,2,(1),(1),1,, -1,1,0,1,30,23,10,5,75,75116,2,7,0,1,AVENUE DU PRESIDENT WILSON,48.864851,2.294225,0,3,2
202100012930,178Â 623,A01,1,1,1,5,2,6,9,0,0,-1,2021,42.0,1,1,0,0,0,21,1,,3,29,-1,,2,2,0,1,27,450,2,, -1,1,0,1,90,16,10,3,12,12266,1,1,0,7,Lieu-dit Prunhac,44.266546,2.880027,19,2,2
202100035329,138Â 558,A01,1,1,2,1,2,0,-1,0,0,-1,2021,49.0,1,1,0,0,0,1,3,,4,RUE SAINT ANTOINE,0,,3,2,1,1,(1),(1),1,, -1,1,0,5,50,10,6,1,75,75104,2,1,0,7,RUE SAINT ANTOINE,48.853829,2.365186,15,1,1
202100019690,166Â 449,B01,1,1,1,2,1,-1,-1,-1, -1,-1,2021,19.0,1,2,0,2,3,1,1,,4,EUROPE (DE 201 A 215),0,,2,2,0,2,(1),(1),1,, -1,1,5,1,50,10,9,4,29,29019,2,2,1,3,Carrefour des Quatre vents,48.416537,-4.462882,17,3,2
202100044080,122Â 884,A01,2,2,2,5,1,-1,-1,0,0,-1,2021,52.0,3,2,13,0,2,1,1,,4,3,-1,,2,2,0,1,(1),(1),1,, -1,1,0,3,50,14,4,2,32,32419,1,1,1,6,Grillats,43.402506,0.456104,20,2,1
202100045384,120Â 609,A01,1,1,1,2,2,6,-1,-1, -1,-1,2021,15.0,0,1,0,2,1,2,1,,4,PONT TOURNANT,0,,2,3,0,1,(1),(1),1,, -1,1,0,1,50,1,4,1,50,50129,2,4,0,2,PONT TOURNANT,49.63916,-1.62059,8,2,2
202100043878,123Â 240,A01,10,3,1,5,0,-1,-1,5,5,1,2021,11.0,2,2,0,1,7,1,1,,4,SARRAIL (AVE GENERAL) ( NÂ° SUP. A 100-12,0,,2,2,0,1,(1),(1),1,, -1,1,0,1,50,14,4,1,51,51108,2,3,0,7,Avenue du GÃ©nÃ©ral Sarrail,48.97111,4.36096,16,2,1
202100038604,132Â 634,B01,1,1,1,0,8,-1,-1,-1, -1,-1,2021,28.0,2,1,0,2,7,1,0,,4,GARIBALDI                           (R ),0,,1,3,3,1,(1),(1),1,, -1,2,0,1,50,22,5,5,69,69383,2,2,1,3,GARIBALDI (R),45.75701,4.85263,23,2,2
202100035822,137Â 675,A01,1,1,1,1,2,5,9,0,0,-1,2021,41.0,2,1,0,6,1,1,1,,3,149,-1,,2,2,0,1,12,300,1,, -1,1,0,1,80,8,6,2,53,53083,1,1,0,6,rd149,48.312999,-0.245261,22,1,1
202100019959,165Â 959,A01,1,1,1,5,2,6,-1,0,0,-1,2021,23.0,2,1,0,0,7,1,1,,7,788,-1,,3,4,0,2,51,50,1,, -1,2,0,1,70,9,9,3,29,29061,1,1,0,7,Pen Ar Creach,48.439551,-4.465578,3,1,1
202100042329,125Â 960,B01,1,1,2,5,1,0,-1,-1, -1,-1,2021,39.0,1,2,0,2,1,1,1,,4,HUGO (BD VICTOR),0,,2,2,0,1,1,0,1,, -1,1,0,1,50,27,4,1,14,14341,2,2,0,3,Boulevard Victor Hugo,49.1533,-0.3564,17,2,2
202100005222,192Â 444,A01,1,1,1,0,2,-1,-1,-1, -1,-1,2021,21.0,0,0,0,0,0,0,3,,4,LACASSAGNE                          (AV),0,,1,1,3,1,(1),(1),1,, -1,2,0,1,50,8,11,5,69,69383,2,1,0,7,LACASSAGNE (AV),45.7514,4.87246,0,1,1
202100001536,199Â 057,A01,1,1,1,5,1,-1,-1,0,0,-1,2021,67.0,1,2,13,0,9,1,1,,3,10,-1,A,2,2,0,1,10,0,1,,7,2,0,3,80,25,12,1,85,85267,1,1,1,7,Vienne,46.349201,-1.085088,15,1,1
202100046163,119Â 251,A01,1,1,1,5,2,-1,-1,0,0,-1,2021,48.0,1,1,0,2,3,11,0,,3,956,-1,,3,4,0,1,(1),(1),1,, -1,1,0,1,90,26,3,1,41,41031,1,1,0,2,rd 956,47.539637,1.406937,10,4,2
202100033547,141Â 806,B01,1,1,2,5,1,0,-1,-1, -1,-1,2021,49.0,2,2,0,2,4,2,1,,3,ROCADE OUEST (RD 910),0,,3,4,0,1,53,80,1,, -1,2,0,1,50,17,6,1,86,86194,2,1,1,2,Rocade Ouest,46.60272,0.32704,12,3,2
202100029791,148Â 539,B01,1,1,1,5,2,0,-1,0,0,-1,2021,55.0,2,1,0,2,3,2,5,,4,ROUTE DE GIREUGNE,0,,2,2,0,1,(1),(1),1,, -1,1,0,1,80,1,6,1,36,36202,1,1,0,2,Route de Gireugne,46.779,1.67493,9,2,2
202100023971,158Â 790,A01,1,1,1,5,2,6,-1,0,0,-1,2021,68.0,2,1,0,0,0,0,1,,2,7,-1,,3,4,0,1,44,800,1,, -1,1,0,1,110,17,8,1,3,3298,1,1,0,7,Nationale 7,46.312108,3.389325,19,1,1
202100029725,148Â 661,A01,1,1,1,5,1,0,-1,-1, -1,-1,2021,25.0,2,2,0,2,1,14,1,,1,A6A,0,,1,3,0,2,1,600,1,, -1,1,0,1,70,10,7,1,94,94003,1,1,0,2,AUTOROUTE A6A,48.8026,2.342,6,2,2
202100015157,174Â 619,A01,1,1,1,1,2,6,-1,0,0,-1,2021,24.0,2,1,13,0,0,1,1,,3,920,-1,D,2,2,0,1,11,520,2,, -1,1,0,3,90,24,8,1,19,19250,1,1,0,7,Le breuil,45.471259,1.546229,17,1,1
202100003551,195Â 398,B01,1,1,2,0,8,-1,-1,-1, -1,-1,2021,24.0,3,1,0,4,7,1,0,,4,TONY GARNIER                        (AV),0,,3,5,3,1,(1),(1),1,, -1,2,9,6,50,10,12,1,69,69387,2,3,1,3,TONY GARNIER (AV),45.73161,4.82417,7,2,2
202100028151,151Â 384,B01,1,1,1,9,2,6,-1,-1, -1,-1,2021,44.0,3,1,0,2,1,1,1,,4,LECLERC (AVENUE DU GENERAL),0,,3,2,0,1,(1),(1),1,, -1,1,9,1,50,18,7,1,11,11262,2,9,0,3,LECLERC (AVENUE DU GENERAL),43.17648,2.99399,20,2,2
202100022721,160Â 986,A01,1,1,1,0,2,-1,-1,-1, -1,-1,2021,33.0,1,1,0,2,1,13,1,,4,RUE LEO SAIGNAT,0,,2,2,0,1,(1),(1),3,, -1,1,0,1,50,24,8,1,33,33063,2,1,0,1,Rue LÃ©o Saignat,44.82706,-0.60083,18,2,2
202100030817,146Â 680,B01,1,1,1,1,2,8,-1,-1, -1,-1,2021,56.0,1,1,0,2,4,15,1,,7,MER (AVENUE DE LA) NÂ°IMPAIRS,0,,2,1,0,1,19,315,1,, -1,1,0,1,50,24,6,1,83,83129,2,3,0,4,MER (AVENUE DE LA) NÂ°IMPAIRS,43.101832823,5.8221101761,11,4,3
202100035550,138Â 164,A01,1,1,2,9,2,0,-1,0,0,-1,2021,43.0,0,1,0,0,0,1,5,,4,QUAI D ORSAY,0,,2,6,1,1,(1),(1),1,, -1,1,0,5,50,9,6,1,75,75107,2,1,0,7,QUAI D ORSAY,48.862852,2.312841,17,1,1
202100015988,173Â 090,B01,1,1,2,5,1,-1,-1,0,0,-1,2021,57.0,2,2,0,2,3,13,1,,3,31,0,D,2,2,0,2,7,0,3,, -1,1,0,1,50,29,9,2,19,19286,2,1,0,1,la croix,45.3168792151,1.3914422236,19,2,2
202100033886,141Â 190,A01,1,1,1,9,2,0,-1,-1, -1,-1,2021,18.0,1,1,0,2,8,13,1,,3,CHARLES GIDE (AV),0,,2,2,0,2,1,0,1,, -1,1,0,1,30,15,6,1,94,94043,2,1,0,3,Avenue Charles Gide,48.806977,2.353682,15,2,2
202100010675,182Â 637,A01,1,1,2,0,1,0,-1,-1, -1,-1,2021,24.0,1,2,0,2,1,2,1,,1,AUTOROUTE A1,0,,3,8,0,1,8,399,1,, -1,1,0,1,90,28,10,1,93,93013,1,1,0,2,AUTOROUTE A1,48.941269,2.427147,16,2,2
202100050805,110Â 867,A01,10,3,2,0,0,-1,-1,3,3,1,2021,85.0,1,2,0,1,1,1,1,,3,33,0,,1,2,0,1,10,480,1,, -1,1,0,1,50,21,2,1,47,47049,2,6,1,6,33 Allee des Promenades,44.443182,0.622476,10,2,1
202100028735,150Â 362,B01,1,1,1,5,2,-1,-1,0,0,-1,2021,71.0,1,1,0,0,4,1,1,,3,149,-1,,2,2,0,1,15,200,1,, -1,1,0,1,80,15,7,1,44,44064,1,1,0,2,Le Chaintreau,47.105712,-1.282246,15,2,2
202100019182,167Â 344,A01,1,1,1,1,1,-1,-1,-1, -1,-1,2021,43.0,2,2,0,2,1,2,1,,4,ROUSSE EMILE,0,,2,4,0,1,(1),(1),1,, -1,1,5,1,50,9,9,1,29,29019,2,6,0,2,Rue Emile Rousse,48.385186,-4.528152,12,2,2
202100017066,171Â 119,B01,1,1,1,9,2,0,-1,0,0,-1,2021,21.0,2,1,0,2,2,1,1,,4,BOULEVARD DE CLICHY,0,,3,2,0,1,(1),(1),1,, -1,1,0,1,30,25,9,1,75,75109,2,1,0,3,BOULEVARD DE CLICHY,48.883402,2.333465,13,4,2
202100014277,176Â 181,B01,1,1,1,0,2,6,9,0,0,-1,2021,48.0,2,1,0,2,1,2,1,,3,906,0,,2,2,0,1,47,220,1,, -1,1,0,1,50,9,10,1,78,78557,2,1,0,2,Route de Rambouillet,48.616117,1.716955,15,2,2
202100002801,196Â 761,A01,1,1,1,5,2,6,-1,-1, -1,-1,2021,63.0,2,1,0,2,1,1,1,,3,AV DANIELLE CASANOVA ,0,,2,4,0,1,1,0,1,, -1,1,0,1,50,15,12,5,94,94041,2,1,0,1,Avenue Danielle Casanova,48.813457,2.385314,19,2,2
202100000609,200Â 617,A01,10,3,2,5,0,-1,-1,0,3,2,2021,73.0,1,1,0,9,7,21,1,,3,VARLET (RUE GEORGES),0,,2,2,0,1,0,0,1,, -1,1,0,1,50,31,12,1,28,28218,2,1,0,3,VARLET (RUE GEORGES),48.438,1.46203,15,2,1
202100006581,190Â 034,A01,1,1,2,1,1,0,-1,-1, -1,-1,2021,25.0,1,2,0,2,1,2,1,,1,AUTOROUTE A20,0,,3,4,0,2,181,467,1,, -1,1,0,1,90,18,11,2,87,87085,1,1,0,4,AUTOROUTE A20,45.8515,1.27599,8,3,3
202100048418,115Â 212,B01,1,1,1,5,2,0,-1,-1, -1,-1,2021,36.0,2,1,0,2,1,1,1,,3,saint gilles route de D38,0,,-1,2,0,1,1,0,1,, -1,1,0,1,80,10,3,1,30,30032,1,2,0,3,NOURRIGUIERS CHEMIN DES,43.78533,4.57021,16,2,2
202100020801,164Â 467,A01,1,1,1,5,2,6,-1,0,0,-1,2021,36.0,1,1,0,0,7,15,1,,7,57,0,M,1,1,0,1,(1),(1),2,, -1,1,5,1,30,5,9,1,59,59252,2,6,0,3,Place des Combattants,50.7125544836,2.9324135184,18,3,2
202100017101,171Â 062,B01,2,2,1,5,1,0,-1,-1, -1,-1,2021,44.0,1,2,0,2,8,1,0,,4,PASTEUR (AV),0,,-1,2,0,1,0,1,1,, -1,1,0,1,50,25,9,1,94,94077,2,2,0,3,PASTEUR (AV),48.73741,2.41922,15,3,2
202100032471,143Â 731,A01,1,1,2,0,8,0,-1,-1, -1,-1,2021,24.0,1,1,2,4,1,19,5,,4,GENERAL DE GAULLE (AVENUE DU),0,,2,6,1,1,0,0,1,, -1,1,4,6,50,23,6,1,67,67482,2,8,0,3,GENERAL DE GAULLE (AVENUE DU),48.577365,7.769226,17,2,2
202100054537,104Â 287,B01,1,1,1,5,1,8,-1,-1, -1,-1,2021,57.0,1,2,4,2,6,1,1,,2,RN88,0,,3,4,0,1,35,600,1,, -1,1,0,1,70,19,1,1,42,42218,1,1,0,3,N88,45.43497,4.43094,14,3,2
202100018674,168Â 261,B01,1,1,1,1,2,6,-1,0,0,-1,2021,48.0,2,1,0,2,1,6,1,,3,98,-1,A,2,2,1,1,60,655,2,, -1,1,0,1,70,17,9,1,83,83065,1,1,0,1,D98,43.263948,6.618791,19,2,2
202100042078,126Â 412,A01,2,2,1,1,2,6,-1,-1, -1,-1,2021,37.0,1,1,0,0,4,1,1,,3,908,0,,2,4,3,1,0,0,1,, -1,1,0,6,50,29,4,5,92,92026,2,1,0,7,VERDUN (DE 62 A FIN),48.900257,2.260951,22,2,1
202100005968,191Â 128,B01,1,1,1,0,-1,8,-1,0,0,-1,2021,60.0,3,1,0,2,4,1,1,,2,TEIL (Route du),0,,2,2,0,1,2,210,2,, -1,1,0,1,70,26,11,5,26,26198,1,3,0,2,1 Chemin des Travailleurs a Ancone,44.553365,4.709969,6,2,2
202100038178,133Â 406,B01,1,1,1,0,2,0,-1,-1, -1,-1,2021,23.0,2,1,0,0,7,1,1,,3,LECLERC (AVENUE DU GENERAL),0,,1,2,0,1,17,480,2,, -1,1,0,1,50,25,5,1,45,45068,2,6,0,3,Avenue du GÃ©nÃ©ral Leclerc,48.0125082281,2.739371283,15,2,2
202100049881,112Â 575,A01,1,1,1,1,2,6,-1,-1, -1,-1,2021,51.0,2,1,0,0,0,1,1,,4,MURIER (RUE DU),0,,2,2,0,1,(1),(1),3,, -1,1,0,1,50,27,2,5,37,37214,2,1,0,7,MURIER (RUE DU),47.4233917104,0.6627025009,5,1,1
202100055976,101Â 835,A01,1,1,2,0,1,-1,-1,0,0,-1,2021,39.0,2,2,17,0,2,14,1,,3,161,-1,,2,2,0,1,13,300,2,, -1,1,0,3,80,8,1,3,32,32038,1,1,0,6,D161,43.64026,1.000365,18,1,1
202100003965,194Â 659,B01,1,1,1,5,8,-1,-1,-1, -1,-1,2021,29.0,1,1,0,2,0,0,0,,4,FELIX FAURE                         (AV),0,,1,2,2,1,(1),(1),1,, -1,2,0,1,50,7,12,5,69,69387,2,2,1,3,FELIX FAURE (AV),45.75214,4.84719,23,2,2
202100001201,199Â 624,A01,1,1,1,5,8,0,-1,-1, -1,-1,2021,20.0,3,1,0,0,1,26,1,,3,ROCADE NORD - RD 6113,0,,2,2,0,1,0,0,1,, -1,1,0,1,70,26,12,1,11,11069,1,1,0,7,ROCADE NORD - RD 6113,43.23351,2.36871,16,1,1
202100053490,106Â 107,B01,1,1,1,0,1,0,-1,-1, -1,-1,2021,56.0,1,2,0,2,6,9,1,,2,R DE PARIS,0,,1,4,0,1,0,0,1,, -1,2,0,1,50,27,1,5,94,94078,2,1,1,3,PARIS (R DE),48.74062,2.44673,7,4,2
202100015703,173Â 604,A01,1,1,2,5,1,-1,-1,0,0,-1,2021,49.0,3,2,6,0,1,1,1,,4,2,-1,,2,2,0,2,(1),(1),2,, -1,1,2,1,80,2,10,3,74,74155,1,1,0,6,Rte du Col des Arces,46.27776,6.508391,19,1,1
202100031938,144Â 658,B01,1,1,1,1,2,-1,-1,0,0,-1,2021,47.0,1,1,0,2,2,1,1,,3,2,0,,2,2,0,1,33,300,1,, -1,1,5,1,50,7,6,1,34,34023,2,3,0,3,Route de Sete,43.447591,3.693123,20,3,2
202100042826,125Â 113,B01,1,1,1,5,2,0,-1,-1, -1,-1,2021,51.0,1,1,0,2,1,1,5,,3,LIBERATION (RUE DE LA),0,,-1,2,0,2,3,670,1,, -1,1,5,1,50,22,4,1,78,78322,2,2,0,3,LIBERATION (RUE DE LA),48.76367,2.16674,14,2,2
202100039110,131Â 721,B01,1,1,1,0,8,-1,-1,-1, -1,-1,2021,22.0,3,1,0,2,3,1,5,,4,TAILLIS (ROND-POINT DU),0,,1,1,2,1,(1),(1),3,, -1,1,5,5,50,20,5,1,35,35051,2,6,0,3,TAILLIS (ROND-POINT DU),48.1145,-1.62,10,2,2
202100050094,112Â 195,A01,10,3,2,0,0,-1,-1,3,3,1,2021,20.0,2,2,0,1,2,1,1,,3,,-1,,2,2,0,1,1,200,1,, -1,1,0,1,50,26,2,1,972,97221,2,6,0,6,Rue du Morne Costet,14.524137,-60.973799,12,2,1
202100028928,150Â 023,B01,9,2,1,9,1,-1,-1,0,0,-1,2021,44.0,1,2,0,2,8,10,1,,3,cd9,-1,,2,2,0,1,3,700,1,, -1,1,0,1,-1,15,7,3,973,97311,1,1,0,1,Avenue Jean Galmot,5.50792,-53.966721,19,4,2
202100024070,158Â 628,A01,1,1,1,5,2,6,-1,0,0,-1,2021,17.0,3,1,14,0,1,1,1,,9,,-1,,-1,2,3,1,(1),(1),1,, -1,1,0,8,-1,16,8,3,27,27052,2,1,0,6,Voie Verte (Piste cyclable),49.238114,0.708669,1,1,1