Num_Acc,id_vehicule,num_veh,place,catu,sexe,trajet,secu1,secu2,secu3,locp,actp,etatp,year_acc,victim_age,senc,catv,obs,obsm,choc,manv,motor,occutc,catr,voie,v1,v2,circ,nbv,vosp,prof,pr,pr1,plan,lartpc,larrout,surf,infra,situ,vma,jour,mois,lum,dep,com,agg_,int,atm,col,adr,lat,long,hour,nb_victim,nb_vehicules
202100050869,110Â 754,A01,1,1,1,3,2,6,-1,-1, -1,-1,2021,19.0,0,1,0,2,1,2,1,,3,CADEROUSSE (ROUTE DE),0,,2,2,0,1,0,0,1,, -1,1,0,1,90,17,2,1,84,84087,1,3,0,2,CADEROUSSE (ROUTE DE),44.12488,4.78272,17,2,2
202100023702,159Â 250,A01,1,1,1,4,2,8,-1,-1, -1,-1,2021,31.0,2,1,0,2,7,1,1,,4,STALINGRAD ( AV. ET IMP. ),0,,2,2,0,1,(1),(1),1,, -1,1,0,1,30,16,8,1,56,56098,2,2,0,3,STALINGRAD ( AV. ET IMP. ),47.75915,-3.34193,12,2,2
202100042023,126Â 507,A01,1,1,1,0,2,6,-1,-1, -1,-1,2021,28.0,3,1,0,0,0,1,1,,4,ALBERT SCHWEITZER (RUE),0,,-1,2,0,1,0,0,1,, -1,1,0,1,50,25,4,1,52,52448,2,1,0,7,ALBERT SCHWEITZER (RUE),48.65611,4.96148,15,1,1
202100021454,163Â 296,B01,1,1,1,0,8,0,-1,-1, -1,-1,2021,38.0,0,1,0,0,0,0,5,,4,RUE GASTON MICHEL,0,,2,2,1,1,(1),(1),1,, -1,1,0,5,30,1,9,1,44,44109,2,1,0,3,RUE GASTON MICHEL,47.209667,-1.560843,14,2,2
202100037991,133Â 754,B01,1,1,2,0,1,0,-1,-1, -1,-1,2021,60.0,1,2,0,2,4,2,1,,3,EUROPE DE L',0,,-1,2,0,1,34,382,1,, -1,1,0,1,70,27,5,1,64,64348,1,1,0,2,EUROPE DE L',43.3167,-0.39521,12,2,2
202100031430,145Â 561,A01,1,1,1,0,2,6,-1,-1, -1,-1,2021,23.0,2,1,1,0,1,2,1,,3,MAXIME GORKI (BD),0,,2,4,2,1,1,0,1,, -1,1,0,5,50,1,7,1,94,94076,2,1,0,7,MAXIME GORKI (BD),48.79639,2.36836,9,1,1
202100031363,145Â 687,A01,4,2,2,5,8,-1,-1,0,0,-1,2021,19.0,1,2,15,0,8,1,1,,4,9,-1,,1,1,0,2,(1),5,3,, -1,1,0,3,80,3,7,1,31,31585,1,1,0,6,Route de Pomarede,43.134905,0.66051,8,4,1
202100045057,121Â 190,A01,2,2,2,5,2,6,-1,0,0,-1,2021,50.0,2,1,0,2,1,2,1,,3,118,-1,,2,2,0,1,56,120,1,, -1,1,0,1,80,5,4,1,11,11289,1,1,0,2,D118,43.092428,2.229538,15,4,2
202100047906,116Â 105,A01,1,1,2,2,2,6,-1,-1, -1,-1,2021,23.0,2,1,0,0,0,0,1,,7,MARECHAL FOCH (DU)                  (PL),0,,3,4,3,1,1,100,1,, -1,1,0,1,50,8,3,1,69,69034,2,1,0,7,SOLDATS (DES) (MO),45.7977480764,4.8517674208,7,1,1
202100001390,199Â 285,B01,1,1,1,1,2,0,-1,-1, -1,-1,2021,17.0,2,1,0,2,0,1,1,,4,,0,,2,2,0,1,0,0,1,, -1,2,0,1,50,25,12,5,92,92007,2,1,0,3,PORT GALAND (RUE DU),48.7885482586,2.3169726133,20,3,2
202100051859,109Â 006,B01,1,1,1,2,0,-1,-1,0,0,-1,2021,13.0,2,1,0,2,7,19,5,,3,916,0,,1,1,0,1,15,785,1,, -1,2,0,1,50,12,2,2,66,66108,2,1,1,3,19 Avenue Jean JaurÃ©s,42.691204,2.699776,8,2,2
202100017709,169Â 967,A01,1,1,1,1,8,-1,-1,0,0,-1,2021,42.0,1,2,2,0,1,1,1,,3,206,-1,,2,2,0,1,2,540,1,, -1,1,0,3,80,22,9,1,62,62905,1,1,0,6,D206,50.756075,2.184048,12,1,1
202100016480,172Â 168,B01,1,1,1,5,2,6,-1,-1, -1,-1,2021,55.0,2,1,0,2,1,1,1,,1,sortie d' A21,0,,1,1,0,1,17,700,1,, -1,1,3,1,50,1,9,1,62,62587,1,4,0,3,CD 46,50.43204,2.92203,17,2,2
202100019295,167Â 145,B01,1,1,1,5,0,-1,-1,0,0,-1,2021,81.0,1,2,0,2,3,15,1,,3,188,0,D,2,2,0,1,4,(1),1,, -1,1,0,1,80,13,9,1,59,59615,1,3,0,3,1448 rue du bois,50.694494,2.623581,8,2,2
202100005863,191Â 311,A01,1,1,2,9,0,-1,-1,0,0,-1,2021,31.0,2,2,2,0,2,14,1,,3,,0,,2,2,0,1,0,0,1,, -1,1,0,3,50,14,8,5,14,14220,2,1,0,6,D278,49.35008,0.07967,1,1,1
202100047266,117Â 275,A01,10,3,1,2,8,8,-1,4,3,1,2021,13.0,1,2,0,1,3,1,1,,3,REPUBLIQUE (RUE DE LA) NÂ° 2 A 86,0,,2,2,0,1,0,0,1,, -1,1,0,1,30,20,3,1,92,92048,2,1,0,6,REPUBLIQUE (RUE DE LA) NÂ° 2 A 86,48.80989,2.23619,15,2,1
202100035131,138Â 909,B01,1,1,1,5,2,6,-1,0,0,-1,2021,56.0,1,1,0,0,7,23,1,,2,7,0,N,1,1,0,1,64,300,2,, -1,1,0,1,-1,12,6,1,3,3138,1,6,0,3,Rond-point de Bellevue,46.246668,3.616417,10,2,2
202100055867,102Â 020,A01,10,3,1,5,0,-1,-1,3,3,1,2021,83.0,2,2,0,1,2,1,1,,3,,-1,,2,2,0,1,2,500,1,, -1,1,9,1,50,8,1,5,38,38095,2,1,0,6,Grande Rue,45.14145,5.2874,17,2,1
202100040962,128Â 399,A01,1,1,1,0,2,0,-1,-1, -1,-1,2021,43.0,2,1,0,2,1,1,1,,3,FONTAINEBLEAU (AV DE),0,,2,3,1,1,1,0,1,, -1,1,0,5,50,7,5,1,94,94043,2,1,0,3,FONTAINEBLEAU (AV DE),48.815343,2.360756,19,2,2
202100055372,102Â 863,B01,1,1,1,2,8,8,-1,0,0,-1,2021,8.0,3,0,0,0,0,25,0,,3,GUESDES (RUE JULES),0,,2,2,0,1,1,0,1,, -1,2,0,1,50,12,1,5,93,93010,2,1,1,1,GUESDES (RUE JULES),48.9035843574,2.4776073642,16,2,2
202100008993,185Â 641,A01,2,2,2,5,2,6,9,0,0,-1,2021,43.0,2,1,0,6,1,1,1,,3,52,0,D,2,2,0,1,29,750,2,, -1,1,0,1,80,7,11,1,11,11010,1,1,0,6,D52,42.9587,2.220638,11,2,1
202100014126,176Â 436,A01,2,2,1,5,1,0,-1,-1, -1,-1,2021,12.0,1,2,0,2,3,1,1,,4,MADELEINE (ROUTE DE LA),0,,2,2,0,1,2,500,1,, -1,1,0,1,50,9,10,1,973,97302,2,1,0,1,MADELEINE (ROUTE DE LA),4.9219214396,-52.3249855055,6,3,2
202100041586,127Â 268,A01,1,1,1,1,2,6,-1,0,0,-1,2021,26.0,1,1,0,2,1,1,1,,3,179,-1,,-1,2,0,1,32,620,2,, -1,1,0,1,50,3,5,1,56,56237,1,3,0,3,Le Meugoet Bihan,48.015978,-2.927753,18,2,2
202100019045,167Â 595,A01,1,1,1,1,0,-1,-1,0,0,-1,2021,53.0,1,1,0,0,9,0,5,,3,285,-1,,2,2,0,2,5,400,1,, -1,1,0,1,80,14,9,1,32,32426,1,1,0,7,Route d Artiguedieu,43.497593,0.583949,18,1,1
202100010244,183Â 399,B01,1,1,2,5,1,8,-1,-1, -1,-1,2021,27.0,1,2,15,0,9,21,1,,1,A72,0,,3,4,0,1,8,800,1,, -1,1,0,1,90,26,10,1,42,42330,1,1,0,3,A72,45.47821,4.35296,9,2,2
202100044831,121Â 580,A01,1,1,1,5,1,0,-1,0,0,-1,2021,43.0,1,5,0,2,1,2,1,,4,BOULEVARD PERIPHERIQUE,0,,1,4,0,1,19,300,1,, -1,1,0,1,70,6,4,1,75,75117,2,1,0,2,BOULEVARD PERIPHERIQUE,48.896462,2.310057,15,2,2
202100039736,130Â 554,A01,10,3,2,3,0,-1,-1,3,3,1,2021,84.0,1,2,0,1,2,1,1,,3,946,-1,D,2,2,0,1,(1),(1),1,, -1,2,0,1,50,17,5,1,8,8403,2,1,1,6,33 Avenue de Bourgoin,49.499275,4.363253,15,2,1
202100027545,152Â 493,A01,1,1,2,5,0,-1,-1,-1, -1,-1,2021,13.0,2,1,0,0,0,1,5,,3,ARCACHON (BD D'),0,,2,2,2,2,0,500,2,, -1,1,0,5,30,22,7,1,33,33529,1,1,0,7,ARCACHON (BD D'),44.638854,-1.172122,14,1,1
202100029591,148Â 893,B01,1,1,2,5,1,0,-1,0,0,-1,2021,19.0,1,2,0,2,9,1,1,,4,AIGUILLETTES (BD 1 A 3),0,,3,2,0,1,(1),(1),1,, -1,1,0,1,50,29,6,5,54,54547,2,1,0,3,AIGUILLETTES (BD 1 A 3),48.66674,6.16601,22,2,2
202100026463,154Â 400,A01,1,1,2,3,1,0,-1,-1, -1,-1,2021,52.0,1,2,0,2,0,0,1,,4,JAURES (BOULEVARD JEAN),0,,-1,1,0,1,(1),(1),1,, -1,1,0,1,50,28,7,1,37,37122,2,1,0,4,JAURES (BOULEVARD JEAN),47.3473030749,0.6528174877,9,3,3
202100025096,156Â 797,A01,2,2,2,0,1,0,-1,-1, -1,-1,2021,20.0,1,2,0,2,4,23,1,,1,AUTOROUTE A104,0,,3,6,0,1,5,0,1,, -1,1,0,1,90,8,8,4,93,93078,1,1,0,2,AUTOROUTE A104,48.96154,2.54436,1,3,2
202100032776,143Â 189,C01,1,1,1,4,1,-1,-1,0,0,-1,2021,52.0,2,5,0,2,6,23,1,,1,20,-1,,3,4,3,1,63,800,1,, -1,1,0,2,130,24,6,1,36,36202,1,1,0,4,,46.804503,1.616321,8,5,3
202100052590,107Â 721,A01,1,1,1,5,1,0,-1,-1, -1,-1,2021,37.0,0,2,0,0,0,0,1,,3,PAUL ET CAMILLE THOMOUX (RUE) COTE IMPAI,0,,1,1,0,1,0,1,1,, -1,2,0,1,50,3,2,1,93,93050,2,1,1,2,PAUL ET CAMILLE THOMOUX (RUE) COTE IMPAI,48.8634,2.52987,14,2,2
202100011273,181Â 583,B01,1,1,1,0,0,-1,-1,0,0,-1,2021,20.0,2,2,0,0,2,1,1,,3,94,-1,,2,2,0,1,8,810,1,, -1,1,0,1,80,23,10,1,82,82079,1,2,0,3,Route de Campsas,43.900393,1.370013,11,2,2
202100047139,117Â 508,B01,1,1,1,5,2,0,-1,0,0,-1,2021,27.0,1,1,0,2,1,1,5,,4,BOULEVARD JOURDAN,0,,3,2,1,2,(1),(1),1,, -1,1,-1,5,50,21,3,5,75,75114,2,2,0,3,BOULEVARD JOURDAN,48.822167,2.330363,19,3,2
202100007343,188Â 628,B01,1,1,1,5,8,0,-1,0,0,-1,2021,72.0,2,1,0,2,1,1,5,,4,BOULEVARD DE LA TOUR MAUBOURG,0,,1,2,0,1,(1),(1),1,, -1,1,0,1,30,19,11,1,75,75107,2,2,0,6,BOULEVARD DE LA TOUR MAUBOURG,48.858067,2.310007,16,2,2
202100025289,156Â 456,A01,1,1,1,5,2,6,-1,-1, -1,-1,2021,16.0,2,1,0,0,2,1,1,,4,GAMBETTA RUE,0,,2,2,0,1,(1),(1),1,, -1,1,0,1,50,31,7,1,42,42207,2,4,0,7,Rue Gambetta,45.47271,4.50916,14,2,1
202100054151,104Â 954,A01,1,1,1,3,1,-1,-1,0,0,-1,2021,32.0,2,2,0,0,1,13,1,,3,936,0,D,2,2,0,2,10,500,2,, -1,2,0,1,80,23,1,1,64,64191,1,1,1,1,D936,43.183275,-0.184509,14,3,2
202100016119,172Â 829,A01,1,1,1,5,8,-1,-1,-1, -1,-1,2021,34.0,0,2,1,0,1,1,1,,4,RENARD. RUE DU,0,,1,1,0,1,0,0,1,, -1,1,0,1,30,29,9,5,76,76540,2,1,0,6,RENARD. RUE DU,49.44897,1.07932,23,1,1
202100021761,162Â 729,A01,10,3,2,0,0,-1,-1,2,3,2,2021,55.0,1,2,0,1,1,1,1,,7,FRONT DE MER (BOULEVARD),0,,2,2,0,1,11,90,1,, -1,1,0,1,30,30,8,1,83,83069,2,1,0,6,FRONT DE MER (BOULEVARD),43.1038708195,6.1741447449,16,2,1
202100007861,187Â 686,A01,1,1,2,0,1,8,-1,-1, -1,-1,2021,78.0,3,2,8,2,3,1,1,,4,AUGUSTE SIMON (R),0,,1,1,0,1,0,0,3,, -1,1,0,1,50,16,11,1,94,94046,2,1,0,3,Rue Auguste Simon,48.803221687,2.4265837669,15,3,2
202100005921,191Â 207,A01,10,3,1,5,0,-1,-1,3,3,2,2021,16.0,2,2,0,1,1,1,1,,4,BERTHELOT (AV. MARCELIN),0,,3,4,0,1,(1),(1),1,, -1,1,0,1,50,22,11,1,60,60159,1,1,0,7,Avenue Marcelin Berthelot,49.38981,2.78747,13,2,1
202100006980,189Â 290,A01,10,3,2,2,0,-1,-1,3,3,2,2021,9.0,3,2,0,1,1,1,1,,3,924,-1,,2,2,0,1,18,100,1,, -1,1,0,1,50,22,11,1,60,60612,2,1,0,6,1 Boulevard Pasteur,49.208682,2.584459,8,2,1
202100024644,157Â 610,A01,1,1,1,1,2,6,-1,-1, -1,-1,2021,35.0,2,1,0,2,1,9,1,,4,986,0,,2,2,0,1,0,0,1,, -1,1,0,1,50,11,8,1,92,92025,2,3,0,3,GABRIEL PERI (RUE),48.918070493,2.2385330919,8,2,2
202100021802,162Â 650,B01,2,2,2,9,1,0,-1,0,0,-1,2021,63.0,0,2,0,2,4,1,1,,4,BOULEVARD PERIPHERIQUE,0,,1,4,0,1,29,0,1,, -1,1,0,1,70,30,8,1,75,75120,2,1,0,2,BOULEVARD PERIPHERIQUE,48.872376,2.412504,19,3,2
202100023007,160Â 501,A01,1,1,1,5,2,0,-1,-1, -1,-1,2021,36.0,2,1,0,2,1,21,1,,4,mamoudzou centre-Haladi Selemani ( rue ),0,,2,2,0,2,0,0,1,, -1,1,0,1,50,2,8,1,976,97611,2,1,0,2,mamoudzou centre-Haladi Selemani ( rue ),-12.77971,45.22787,13,2,2
202100037265,135Â 064,A01,10,3,2,5,0,-1,-1,3,3,1,2021,81.0,1,2,0,2,1,1,1,,3,HARCOURT (AVENUE D'),0,,2,2,0,1,1,0,1,, -1,1,0,1,50,30,5,1,14,14118,1,1,0,6,D562,49.16549,-0.36535,15,3,2
202100029625,148Â 832,A01,1,1,2,3,2,0,-1,0,0,-1,2021,64.0,1,1,14,0,0,16,5,,4,RUE DE RIVOLI,0,,2,4,1,1,(1),(1),1,, -1,1,0,5,30,10,7,1,75,75101,2,3,0,7,RUE DE RIVOLI,48.864382,2.330124,17,1,1
202100005435,192Â 083,A01,1,1,1,5,0,-1,-1,0,0,-1,2021,23.0,1,1,0,2,1,0,1,,3,916,-1,D,2,2,0,1,4,720,3,, -1,1,2,1,80,20,11,3,30,30077,1,1,0,3,,44.151985,4.056869,23,2,2
202100050145,112Â 089,A01,1,1,1,5,8,-1,-1,-1, -1,-1,2021,40.0,1,1,0,2,1,15,5,,4,MARYSE BASTIE                       (R ),0,,1,3,1,1,(1),(1),1,, -1,1,0,1,50,25,2,5,69,69388,2,2,0,1,MARYSE BASTIE (R),45.74132,4.87417,23,2,2
202100025108,156Â 773,A01,1,1,1,1,8,-1,-1,-1, -1,-1,2021,20.0,2,2,1,0,1,14,1,,3,LIMOGES (AVENUE DE) 86 A 446 et 75 A 439,0,,2,3,3,2,57,645,2,,"9,4",1,0,4,50,7,8,2,79,79191,2,1,0,6,258 Avenue de Limoges,46.31662,-0.44279,6,1,1
202100029950,148Â 267,A01,1,1,1,1,2,8,-1,-1, -1,-1,2021,50.0,2,1,0,2,2,2,1,,4,AV DES SABLES DE ROUVRES,0,,2,2,0,1,0,100,1,, -1,1,0,1,50,8,7,1,91,91201,2,9,0,3,AV DES SABLES DE ROUVRES,48.69252,2.42739,8,2,2
202100013121,178Â 292,A01,10,3,1,5,0,-1,-1,1,3,1,2021,38.0,2,2,0,1,1,1,1,,3,STALINGRAD (BD DE),0,,1,2,0,1,59,0,1,, -1,1,0,1,50,14,10,5,94,94073,2,1,0,6,Boulevard de Stalingrad,48.769227,2.402218,23,2,1
202100053392,106Â 287,A01,3,2,2,5,8,-1,-1,0,0,-1,2021,76.0,1,2,4,2,1,14,1,,1,10,-1,,3,5,0,1,71,30,1,, -1,1,0,1,130,29,1,1,28,28367,1,1,1,6,Autoroute A10 PK071+030 sens PARIS vers Province,48.146725,1.855649,14,4,2
202100005658,191Â 677,B01,1,1,1,1,2,0,-1,-1, -1,-1,2021,24.0,2,1,0,2,4,1,1,,3,AV DE STALINGRAD,0,,1,1,0,1,0,0,1,, -1,1,0,1,50,29,11,1,94,94021,2,1,0,2,Avenue de Stalingrad,48.775489,2.367585,8,2,2
202100048450,115Â 155,A01,10,3,1,0,8,8,-1,3,3,1,2021,29.0,1,2,0,1,1,15,1,,3,GABRIEL-PERI (AV),0,,2,2,0,1,0,1,1,, -1,2,0,1,50,10,3,2,93,93070,2,3,1,6,EDOUARD-VAILLANT(RUE),48.90362,2.33115,19,2,1
202100036179,137Â 025,A01,1,1,2,0,1,-1,-1,0,0,-1,2021,52.0,2,2,0,2,1,1,1,,3,541,0,,2,2,0,1,22,370,1,, -1,1,0,1,80,7,6,1,26,26322,1,1,0,1,620 Route de Nyons,44.397954,5.051168,12,2,2
202100003715,195Â 108,B01,1,1,2,1,1,8,-1,-1, -1,-1,2021,41.0,2,2,0,2,1,1,1,,2,RN2,0,,2,2,0,1,58,842,1,, -1,1,3,1,80,8,12,3,2,2408,2,1,0,5,RN2,49.54848,3.61819,17,4,3
202100049621,113Â 046,B01,1,1,1,0,2,8,-1,-1, -1,-1,2021,18.0,1,1,0,2,1,1,1,,4,STEPHANIE (RUE),0,,2,2,0,1,0,0,1,, -1,1,0,1,30,27,2,2,67,67482,2,3,0,3,STEPHANIE (RUE),48.5304,7.76846,18,2,2
202100035001,139Â 131,A01,1,1,2,5,8,0,-1,0,0,-1,2021,11.0,1,1,12,2,1,15,3,,4,MIRABEAU,0,,2,2,0,1,1,0,1,, -1,1,0,1,50,11,6,1,49,49007,2,1,0,1,MIRABEAU,47.4601273798,-0.5506159365,18,2,2
202100002784,196Â 790,A01,1,1,1,1,2,6,-1,-1, -1,-1,2021,54.0,1,1,0,2,2,17,1,,3,GUILLE GEORGES -AVENUE-,0,,2,2,0,2,(1),(1),1,, -1,1,8,1,50,13,12,1,11,11069,1,1,0,3,GUILLE GEORGES -AVENUE-,43.2298361244,2.362704277,12,2,2
202100024708,157Â 479,B01,1,1,1,9,1,0,-1,-1, -1,-1,2021,28.0,2,2,0,2,2,17,1,,4,986,0,,2,4,0,1,0,0,1,, -1,1,0,1,50,10,8,1,92,92025,2,7,0,5,GABRIEL PERI (RUE),48.918242,2.23895,14,3,3
202100053502,106Â 080,B01,1,1,1,1,8,0,-1,-1, -1,-1,2021,23.0,1,1,0,2,0,1,5,,3,HENRI BARBUSSE (RUE)  111 =>,0,,1,1,0,1,0,1,1,, -1,1,0,1,50,26,1,5,93,93001,2,9,0,3,HENRI BARBUSSE (RUE)  111 =>,48.9049,2.3894,22,2,2
202100026232,154Â 812,A01,1,1,1,5,2,6,9,0,0,-1,2021,31.0,1,1,0,0,7,1,1,,3,1006,0,D,2,2,0,1,145,650,1,, -1,1,0,1,80,21,7,1,73,73026,1,1,0,3,D1006,45.208947,6.730237,12,2,2
202100001589,198Â 968,B01,1,1,2,9,1,8,-1,-1, -1,-1,2021,50.0,1,2,0,2,4,1,1,,4,JEAN MERMOZ,0,,-1,2,0,1,0,0,1,, -1,1,6,1,50,23,12,1,64,64445,2,1,0,2,Avenue Jean Mermoz,43.3116138159,-0.3772902489,13,2,2
202100053466,106Â 147,B01,1,1,2,0,0,-1,-1,0,0,-1,2021,62.0,1,1,0,2,8,1,5,,4,DIDEROT (RUE),0,,2,1,0,1,(1),(1),1,, -1,1,0,1,50,27,1,1,26,26281,2,1,0,3, 19 Rue Diderot,45.053809,5.046135,14,2,2
202100049025,114Â 130,A01,1,1,1,5,2,6,-1,0,0,-1,2021,22.0,3,1,0,0,0,2,1,,4,0,-1,,2,2,0,1,(1),(1),1,, -1,1,0,1,50,6,3,1,7,7324,2,1,0,7,Chemin de la Digue du Rhone,45.048948,4.849504,15,1,1
202100002677,196Â 990,A01,1,1,1,4,1,-1,-1,0,0,-1,2021,37.0,1,2,12,0,2,15,2,,3,957,-1,,2,2,0,1,10,980,2,, -1,1,2,1,80,17,12,1,82,82112,1,3,0,6,Route de Laujol,44.140453,1.103262,16,2,1
202100033395,142Â 075,C01,1,1,1,0,1,-1,-1,0,0,-1,2021,43.0,2,2,0,2,4,2,1,,3,PAU (ROUTE DE),0,,2,2,0,1,51,395,1,, -1,1,0,1,50,19,6,1,65,65440,2,1,0,4,PAU (ROUTE DE),43.2381,0.04012,11,3,3
202100044342,122Â 410,A01,1,1,1,1,1,-1,-1,0,0,-1,2021,30.0,2,2,13,0,1,1,1,,3,902,0,A,2,2,0,1,8,700,3,, -1,2,0,1,80,10,4,3,74,74127,1,1,0,7,rd902,46.341595,6.555276,5,1,1
202100004627,193Â 495,A01,1,1,1,9,1,5,-1,-1, -1,-1,2021,45.0,1,2,4,0,0,0,1,,1,86,0,,3,2,0,1,53,599,1,, -1,2,0,2,90,5,12,1,92,92019,1,1,0,7,AUTOROUTE A86,48.7606565397,2.2842944138,9,1,1
202100022697,161Â 035,B01,1,1,1,0,2,0,-1,0,0,-1,2021,36.0,3,1,0,2,9,1,1,,4,JUSTICE CHEMIN DE LA,0,,2,1,0,1,0,9,1,, -1,1,0,1,30,17,8,1,30,30351,2,1,0,2,JUSTICE CHEMIN DE LA,43.95391,4.7889,16,2,2
202100021153,163Â 851,B01,2,2,2,5,1,-1,-1,0,0,-1,2021,18.0,2,5,0,2,2,1,1,,2,77,0,,2,2,0,1,14,700,1,, -1,1,0,1,80,4,9,1,10,10359,1,1,0,1,N77,48.133244,3.983359,8,4,2
202100055064,103Â 385,A01,10,3,2,1,0,-1,-1,3,3,3,2021,45.0,2,2,0,1,1,26,1,,4,GAMBETTA (BOULEVARD),0,,2,2,0,1,0,0,1,, -1,1,5,1,50,13,1,2,2,2738,2,1,0,6,GAMBETTA (BOULEVARD),49.653146,3.289605,7,2,1
202100020423,165Â 135,A01,1,1,1,5,2,6,-1,0,0,-1,2021,27.0,1,1,0,0,0,0,1,,9,,0,,2,2,1,1,(1),(1),2,,4,1,9,5,25,8,9,3,17,17019,1,1,0,7,Rue de Mouillebarbe,46.215814,-1.51802,1,1,1
202100019602,166Â 596,B01,1,1,2,5,1,0,-1,-1, -1,-1,2021,52.0,1,2,3,2,3,1,1,,1,10,0,,3,6,0,1,1,350,1,, -1,1,0,1,110,11,9,1,92,92002,1,1,0,3,AUTOROUTE A10,48.7339941782,2.31336236,6,2,2
202100015569,173Â 856,A01,1,1,2,5,1,0,-1,-1, -1,-1,2021,20.0,3,2,1,0,3,1,6,,4,,0,,1,1,0,1,(1),(1),1,, -1,1,0,1,50,30,9,1,45,45208,2,1,0,2,18 Boulevard du Rempart,47.99807,2.73581,15,2,2
202100045347,120Â 682,A01,10,3,1,0,0,-1,-1,5,9,1,2021,17.0,2,3,0,1,2,1,3,,4,ETATS UNIS (DES)                    (BD),0,,2,2,3,1,(1),(1),1,, -1,1,9,6,50,2,4,1,69,69388,2,1,0,6,ETATS-UNIS (DES) (BD),45.7264723901,4.8700118065,15,2,1
202100051674,109Â 329,A01,2,2,2,0,1,0,-1,-1, -1,-1,2021,66.0,3,2,0,2,1,1,1,,3,ATLANTIQUE  AVENUE DE L',0,,2,4,0,1,38,550,1,, -1,1,0,1,90,11,2,1,49,49007,1,1,0,2,ATLANTIQUE  AVENUE DE L',47.4671,-0.5835,13,3,2
202100024286,158Â 261,A01,1,1,1,5,1,5,-1,0,0,-1,2021,30.0,2,2,0,2,1,15,1,,4,DEVOS (BOULEVARD JULIEN),0,,2,4,0,1,(1),(1),1,, -1,1,0,1,50,13,8,5,27,27681,2,2,0,1,DEVOS (BOULEVARD JULIEN),49.08395,1.47822,22,3,2
202100040294,129Â 575,A01,1,1,1,1,2,6,-1,-1, -1,-1,2021,29.0,1,1,0,2,1,3,1,,1,A86 INT,0,,3,3,0,1,39,200,1,, -1,1,0,1,90,12,5,1,94,94028,1,1,0,2,A86 INT,48.78877,2.44009,17,2,2
202100017026,171Â 184,A01,1,1,1,9,2,0,-1,0,0,-1,2021,35.0,2,1,0,2,1,1,3,,4,AVENUE JEAN JAURES,0,,2,4,0,1,(1),(1),1,, -1,1,0,1,30,23,9,1,75,75119,2,3,0,3,AVENUE JEAN JAURES,48.886613,2.384834,10,2,2
202100004839,193Â 137,A01,1,1,1,5,8,-1,-1,0,0,-1,2021,32.0,2,2,6,0,1,1,1,,3,991,-1,,2,2,0,2,16,447,2,, -1,2,0,8,30,4,12,5,73,73085,2,3,1,6,1337 Route d Aix,45.79851,5.858969,4,1,1
202100029750,148Â 615,A01,10,3,1,5,0,-1,-1,2,3,1,2021,48.0,2,2,0,1,1,1,1,,4,MONTBERNAGE (RUE DE),0,,2,2,0,2,(1),(1),1,, -1,1,0,1,50,29,6,1,86,86194,2,1,0,6,Rue de Montbernage,46.582836,0.359274,16,2,1
202100017701,169Â 982,A01,10,3,2,9,0,-1,-1,2,3,1,2021,8.0,0,2,0,1,2,1,1,,4,EDGAR DEGAS (RUE),0,,2,2,0,1,0,0,1,, -1,1,0,1,50,21,9,1,93,93005,2,1,0,6,Rue Edgar Degas,48.955606,2.496881,18,2,1
202100051701,109Â 277,B01,1,1,1,9,2,6,-1,-1, -1,-1,2021,58.0,1,1,0,2,2,11,1,,4,HAMBOURG (BOULEVARD),0,,1,3,0,2,1,0,1,, -1,1,9,1,50,12,2,1,13,13208,2,9,0,3,HAMBOURG (BOULEVARD),43.2477,5.3924,13,2,2
202100040226,129Â 695,A01,1,1,1,1,8,0,-1,0,0,-1,2021,26.0,3,1,0,2,7,7,5,,4,BOULEVARD DU PALAIS,0,,2,4,3,1,(1),(1),1,, -1,1,0,6,50,12,5,1,75,75104,2,2,0,3,BOULEVARD DU PALAIS,48.856195,2.346482,6,2,2
202100028561,150Â 667,A01,1,1,2,5,1,9,-1,0,0,-1,2021,38.0,1,2,3,0,4,2,1,,1,A4,-1,,1,4,0,1,102,400,1,, -1,1,0,1,130,18,7,3,2,2655,1,1,0,2,A4,49.134195,3.609288,1,6,2
202100004036,194Â 528,B01,2,2,2,3,1,-1,-1,-1, -1,-1,2021,24.0,1,2,0,2,7,1,1,,3,PAIX (BOULEVARD DE LA),0,,2,3,0,1,18,860,1,, -1,1,0,1,50,8,12,1,51,51454,2,3,0,3,Boulevard de la Paix,49.25217,4.04159,15,3,2
202100033426,142Â 021,A01,1,1,1,1,2,6,-1,0,0,-1,2021,43.0,2,1,0,2,2,1,1,,4,BOULEVARD BESSIERES,0,,3,3,0,1,(1),(1),1,, -1,1,0,1,50,19,6,1,75,75117,2,3,0,3,BOULEVARD BESSIERES,48.897484,2.327764,9,2,2
202100031051,146Â 236,D01,1,1,2,5,2,-1,-1,-1, -1,-1,2021,37.0,1,1,0,2,8,1,1,,7,GAULLE (AVENUE DU GENERAL DE),0,,2,0,3,1,(1),(1),1,, -1,2,0,1,50,3,7,1,59,59090,1,3,1,6,GAULLE (AVENUE DU GENERAL DE),50.68752,3.08623,13,3,3
202100021042,164Â 047,A01,10,3,1,5,0,-1,-1,1,5,1,2021,20.0,1,2,0,1,1,26,1,,4,BARRE CITE ET RUE,0,,2,2,0,1,1,0,1,, -1,1,0,1,50,3,9,1,49,49007,2,1,0,6,BARRE CITE ET RUE,47.47208,-0.59019,19,2,1
202100048942,114Â 266,A01,1,1,1,5,1,0,-1,-1, -1,-1,2021,29.0,2,2,2,0,8,1,1,,4,GUERINAIS (BD DE LA),0,,2,2,0,1,(1),(1),2,, -1,1,0,4,50,5,3,5,35,35238,2,1,0,6,GUERINAIS (BD DE LA),48.09822,-1.71026,19,1,1