Num_Acc,id_vehicule,num_veh,place,catu,sexe,trajet,secu1,secu2,secu3,locp,actp,etatp,year_acc,victim_age,senc,catv,obs,obsm,choc,manv,motor,occutc,catr,voie,v1,v2,circ,nbv,vosp,prof,pr,pr1,plan,lartpc,larrout,surf,infra,situ,vma,jour,mois,lum,dep,com,agg_,int,atm,col,adr,lat,long,hour,nb_victim,nb_vehicules
202100002724,196Â 900,A01,2,2,2,0,1,0,-1,-1, -1,-1,2021,19.0,1,2,3,2,2,11,1,,1,86,0,,1,2,0,3,4,349,3,, -1,1,2,1,70,16,12,3,92,92025,1,1,0,3,A86,48.929438086,2.2412066559,2,5,2
202100034595,139Â 875,B01,1,1,1,5,2,6,-1,-1, -1,-1,2021,28.0,1,1,0,2,7,15,1,,4,GRAND LARGE (PROMENADE DU),0,,2,2,3,1,0,0,1,, -1,1,5,1,50,13,6,1,13,13208,2,3,0,3,GRAND LARGE (PROMENADE DU),43.24199,5.36729,19,2,2
202100010177,183Â 510,B01,1,1,1,0,1,0,-1,-1, -1,-1,2021,60.0,3,2,0,2,1,0,1,,4,GENERAL DE GAULLE (R DU),0,,2,2,0,2,1,0,2,, -1,2,0,1,50,30,10,1,94,94053,2,1,1,1,Rue du GÃ©nÃ©ral de Gaulle,48.77677,2.54085,14,2,2
202100015180,174Â 577,A01,2,2,2,5,1,-1,-1,0,0,-1,2021,76.0,2,2,2,0,1,14,1,,1,71,0,,1,1,0,1,110,0,2,, -1,2,9,3,50,3,10,1,45,45006,1,1,0,6,Aire de repos du Bois du TÃ©lÃ©graphe - Autoroute A71 - PK 110+000 - Sens Province vers PARIS,47.80848,1.854855,13,2,1
202100011002,182Â 059,A01,1,1,2,9,1,-1,-1,0,0,-1,2021,49.0,1,2,2,0,8,1,1,,3,905,-1,,2,2,0,1,107,200,1,, -1,1,0,3,90,22,10,3,21,21609,1,1,0,6,D905,47.207325,5.310087,4,1,1
202100029192,149Â 571,A01,1,1,1,4,8,-1,-1,0,0,-1,2021,19.0,1,5,2,0,3,0,1,,3,981,0,D,2,2,0,1,34,300,1,, -1,1,0,1,80,13,7,1,30,30286,1,1,0,6,DÃ©partementale 981,43.983853,4.462734,17,1,1
202100042306,126Â 004,B01,1,1,1,5,2,0,-1,-1, -1,-1,2021,62.0,1,1,0,0,1,1,1,,4,ARTISANS (RUE DES),0,,2,2,0,1,0,0,1,, -1,1,0,1,50,26,4,1,57,57672,2,1,0,7,ARTISANS (RUE DES),49.35305,6.17415,10,2,2
202100023156,160Â 228,A01,2,2,2,9,2,6,-1,0,0,-1,2021,47.0,2,1,4,0,1,1,1,,3,559,0,,2,2,0,2,79,150,2,, -1,1,0,3,80,21,8,3,83,83048,1,1,0,6,Boulevard Saint Raphael,43.196604,6.561424,21,2,1
202100023015,160Â 488,A01,10,3,1,9,0,-1,-1,2,9,1,2021,21.0,0,3,0,1,8,15,1,1.0,4,CHARLES DE GAULLE (DE)            PL,0,,2,2,0,1,(1),(1),2,, -1,1,0,1,50,22,7,2,69,69081,2,9,0,6,CHARLES DE GAULLE (DE) ( PL),45.77475,4.77813,19,2,1
202100051807,109Â 095,B01,2,2,2,0,2,0,-1,-1, -1,-1,2021,17.0,2,1,0,2,5,1,1,,4,ESPERANDIEU (RUE),0,,1,1,0,2,0,0,1,, -1,1,0,1,50,11,2,1,13,13201,2,3,0,3,ESPERANDIEU (RUE),43.30459,5.39223,16,3,2
202100014895,175Â 087,A01,2,2,1,0,1,-1,-1,0,0,-1,2021,21.0,2,2,13,0,1,0,1,,3,77,0,D,2,2,0,1,1,800,1,, -1,1,0,1,80,3,10,1,87,87003,1,1,0,7,La gorce,46.271824,1.354178,17,2,1
202100041675,127Â 112,Z01,10,3,1,5,8,8,-1,2,3,1,2021,44.0,1,0,0,1,0,1,6,,4,EMILE ZOLA (RUE),0,,1,1,0,1,(1),(1),1,, -1,1,0,1,50,3,5,5,13,13209,2,1,0,6,EMILE ZOLA (RUE),43.24605,5.40395,0,2,1
202100029972,148Â 223,B01,1,1,1,1,2,8,-1,-1, -1,-1,2021,30.0,1,1,0,2,8,9,6,,3,C.D. 940,0,,2,2,1,2,48,628,1,, -1,1,5,5,70,7,7,1,62,62893,1,3,0,3,C.D. 940,50.75574,1.60406,19,2,2
202100039853,130Â 344,A01,10,3,1,1,0,-1,-1,1,9,1,2021,58.0,3,2,1,1,1,18,1,,3,7,0,,3,4,0,1,0,0,1,, -1,2,0,1,50,14,5,1,92,92064,2,1,1,6,MARECHAL JUIN,48.83674,2.22194,19,2,1
202100034028,140Â 938,B01,1,1,2,5,1,8,-1,-1, -1,-1,2021,74.0,2,2,0,2,7,1,1,,3,MONTRICOUX D 115 (ROUTE DE),0,,2,2,0,1,44,323,1,, -1,1,0,1,80,16,6,1,82,82121,2,4,0,3,SAINT-ETIENNE DE TULMONT (ROUTE),44.03193,1.4084,14,2,2
202100033206,142Â 408,B01,1,1,2,4,2,6,-1,0,0,-1,2021,31.0,2,1,0,2,8,1,1,,4,AVENUE DE FLANDRE,0,,2,6,1,1,(1),(1),1,, -1,2,0,1,50,20,6,1,75,75119,2,2,1,3,AVENUE DE FLANDRE,48.888378,2.374126,18,3,2
202100003830,194Â 905,A01,10,3,2,2,0,-1,-1,4,5,1,2021,10.0,1,5,0,1,1,1,1,,4,BOULEVARD NEY,0,,1,2,1,1,(1),(1),1,, -1,1,8,1,50,9,12,1,75,75118,2,1,0,6,BOULEVARD NEY,48.897967,2.341513,8,2,1
202100016530,172Â 079,A01,10,3,2,3,0,-1,-1,3,3,1,2021,85.0,1,2,1,1,1,13,1,,4,GAMBETTA 74 A 162 ET 29 A 183 AVENUE,0,,2,2,0,1,(1),(1),1,, -1,1,6,8,50,2,6,1,17,17415,2,1,0,6,GAMBETTA 74 A 162 ET 29 A 183 AVENUE,45.74667,-0.62426,11,2,1
202100011399,181Â 344,B01,1,1,2,1,8,0,-1,-1, -1,-1,2021,44.0,2,2,0,2,7,1,1,,4,MENPENTI (RUE),0,,1,2,0,2,0,0,3,, -1,1,0,1,50,23,10,5,13,13206,2,2,0,3,MENPENTI (RUE),43.28313,5.3928,6,4,2
202100040583,129Â 076,A01,2,2,2,0,1,0,-1,-1, -1,-1,2021,21.0,1,2,4,0,1,26,0,,1,A86,0,,-1,2,0,1,6,0,2,, -1,2,0,1,90,10,5,4,92,92025,1,1,1,6,A86,48.9354125442,2.261189974,1,4,1
202100042861,125Â 053,B01,1,1,2,0,1,0,-1,-1, -1,-1,2021,35.0,1,2,0,2,3,17,1,,7,QUESNOY RUE DE,0,,2,2,1,1,(1),(1),1,, -1,1,0,1,50,22,4,1,59,59636,1,1,0,1,QUESNOY RUE DE,50.69406,3.04927,15,3,2
202100028472,150Â 823,A01,1,1,2,0,1,0,-1,-1, -1,-1,2021,22.0,0,2,0,2,1,12,1,,1,LANGUEDOCIENNE (AUTOROUTE A9 LA),0,,1,2,0,1,103,576,1,, -1,1,3,1,50,17,7,5,34,34129,2,6,0,2,BRET (ROND POINT PAUL LOUIS),43.5762252688,3.8735557815,1,2,2
202100038010,133Â 718,B01,1,1,1,1,2,8,-1,-1, -1,-1,2021,26.0,2,1,0,2,7,1,5,,4,CUCILLE (AVENUE DE),0,,2,2,1,1,(1),(1),1,, -1,2,0,5,50,26,5,1,35,35238,2,9,1,3,CUCILLE (AVENUE DE),48.128693,-1.698332,13,2,2
202100045689,120Â 071,A01,1,1,2,1,8,-1,-1,0,0,-1,2021,32.0,2,2,13,6,1,21,1,,4,203,0,C,2,2,0,1,0,0,1,0,"3,9",1,0,3,90,2,4,2,16,16276,1,1,0,6,Lieu-Dit Le Maine Neuf,45.455568,-0.148146,7,1,1
202100033566,141Â 767,A01,10,3,1,2,0,-1,-1,1,3,2,2021,9.0,1,2,0,1,1,26,1,,4,FOCH (RUE MARECHAL),0,,1,2,0,1,(1),(1),1,, -1,1,0,1,50,17,6,1,63,63113,2,1,0,6,FOCH (RUE MARECHAL),45.77613,3.08036,16,2,1
202100037952,133Â 827,A01,1,1,2,0,1,5,-1,-1, -1,-1,2021,48.0,3,2,0,2,2,2,2,,4,SAUTEL  BOULEVARD ANDRE,0,,3,4,0,1,(1),(1),1,, -1,1,5,8,50,27,5,2,17,17300,2,2,0,3,SAUTEL  BOULEVARD ANDRE,46.17119,-1.12299,21,2,2
202100015125,174Â 674,A01,1,1,1,0,2,0,-1,-1, -1,-1,2021,26.0,1,1,0,2,0,1,1,,2,186,0,,1,2,0,1,1,0,1,, -1,1,0,1,70,1,10,3,94,94073,1,1,0,6,RN 186,48.75349,2.37678,2,2,2
202100009023,185Â 586,C01,1,1,1,1,8,-1,-1,0,0,-1,2021,23.0,2,2,0,0,7,17,1,,1,10,0,,3,3,0,1,115,800,1,,"13,5",1,0,1,130,8,11,2,45,45020,1,1,0,5,"A10, PK 115+800",47.840382,1.673956,7,5,3
202100050973,110Â 569,A01,10,3,2,5,0,-1,-1,1,2,2,2021,89.0,3,1,0,1,1,1,5,,4,,0,,2,2,0,2,(1),(1),1,, -1,1,0,1,50,19,2,1,25,25074,1,1,0,6,Route de Saint-julien,47.200531,6.711692,15,2,1
202100037384,134Â 845,A01,1,1,1,5,1,-1,-1,0,0,-1,2021,37.0,0,2,8,0,1,1,1,,3,931,-1,,2,2,0,1,0,500,2,, -1,1,0,4,50,1,6,3,60,60103,2,4,0,6,Route de Remerangles,49.4153000499,2.2506466228,3,1,1
202100049113,113Â 965,B01,1,1,2,1,2,-1,-1,0,0,-1,2021,39.0,1,1,0,2,1,1,0,,4,NODIER RUE CHARLES (sup 22),0,,1,1,2,1,(1),(1),1,, -1,1,0,5,20,4,3,1,25,25056,2,9,0,3,NODIER RUE CHARLES (sup 22),47.23136,6.0265,17,2,2
202100008490,186Â 554,B01,1,1,2,2,8,0,-1,-1, -1,-1,2021,22.0,3,1,0,2,3,1,5,,4,GABORIAU (IMPASSE EMILE),0,,2,2,0,1,(1),(1),1,, -1,1,0,1,50,9,11,1,17,17306,2,3,0,3,GABORIAU (IMPASSE EMILE),45.62701,-1.01253,17,2,2
202100017901,169Â 621,B01,2,2,1,0,1,0,-1,-1, -1,-1,2021,24.0,1,2,0,2,4,1,1,,3,920,0,,3,3,1,1,0,0,1,, -1,1,0,1,50,20,9,1,92,92007,2,1,0,2,BRIAND (AVENUE ARISTIDE) NÂ° 100 A 160,48.79989,2.3232,15,3,2
202100019321,167Â 090,A01,2,2,1,0,8,-1,-1,-1, -1,-1,2021,28.0,1,2,15,0,3,13,1,,9,TUNNEL BELLEVUE (QUAI BELLEVUE COUVE(XX),0,,1,2,0,1,1,200,1,, -1,1,1,1,50,11,9,5,69,69034,1,1,0,7,BELLEVUE (TUN),45.78818,4.8548,5,5,1
202100029699,148Â 713,A01,10,3,1,5,0,-1,-1,1,3,3,2021,19.0,2,2,0,1,2,0,1,,3,410,-1,,2,2,0,1,3,500,1,, -1,1,0,1,90,11,7,3,77,77471,1,1,0,6,D410,48.353411,2.454994,4,2,1
202100028964,149Â 953,A01,2,2,2,5,2,6,-1,-1, -1,-1,2021,26.0,2,1,8,2,4,15,1,,4,15EME CORPS (AVE DU),0,,2,2,0,1,(1),(1),1,, -1,1,0,1,50,15,7,5,83,83137,2,1,0,2,15EME CORPS (AVE DU),43.12855,5.91386,1,3,2
202100014395,175Â 977,A01,1,1,1,9,2,8,-1,-1, -1,-1,2021,25.0,0,1,0,2,0,26,1,,7,MANOUCHIAN (AVENUE),0,,3,0,0,1,0,0,1,, -1,1,0,1,50,8,10,5,13,13005,2,1,0,6,MANOUCHIAN (AVENUE),43.28691,5.54861,20,2,2
202100048252,115Â 499,B01,2,2,2,0,2,6,-1,-1, -1,-1,2021,64.0,3,1,0,2,4,2,1,,4,BUTTE AUX CAILLES (ROND POINT DE LA),0,,2,2,0,1,0,0,2,, -1,1,0,1,50,12,3,1,64,64024,2,6,0,2,BUTTE AUX CAILLES (ROND POINT DE LA),43.497142,-1.50892,15,3,2
202100042451,125Â 739,B01,1,1,2,5,8,-1,-1,-1, -1,-1,2021,43.0,3,1,0,2,1,1,5,,3,RN6 (CHARTONNIERE),0,,1,1,0,1,(1),(1),2,, -1,1,0,1,50,25,4,1,69,69013,2,6,0,3,RN6 (CHARTONNIERE),46.00826,4.71982,12,2,2
202100040639,128Â 971,A01,7,2,2,3,1,-1,-1,0,0,-1,2021,50.0,2,2,15,0,9,0,1,,3,613,0,D,2,2,0,1,85,300,2,, -1,1,0,1,80,8,5,1,11,11036,1,1,0,6,D 613,42.846434,2.101151,10,4,1
202100007085,189Â 096,A01,1,1,1,0,2,6,-1,0,0,-1,2021,21.0,1,1,0,2,0,11,1,,4,,-1,,3,0,0,1,(1),(1),3,,0,1,0,1,50,19,11,1,37,37050,2,1,0,3,11 Avenue du Professeur Alexandre Minkowski,47.3359457383,0.6911194517,11,2,2
202100035719,137Â 866,B01,1,1,2,1,2,-1,-1,-1, -1,-1,2021,42.0,1,1,1,0,1,2,6,,4,TURENNE (RUE ),0,,1,1,2,1,(1),(1),1,, -1,1,0,5,30,8,6,1,33,33063,2,1,0,3,Rue Turenne,44.84873,-0.59265,10,2,2
202100024788,157Â 340,A01,1,1,1,0,1,-1,-1,0,0,-1,2021,70.0,1,2,0,2,8,1,2,,3,403,-1,,2,2,0,1,70,662,1,, -1,1,0,1,80,11,8,1,77,77355,1,2,0,6,Intersection D209 / D403,48.486967,3.212251,8,8,3
202100008020,187Â 397,B01,1,1,1,1,1,0,-1,-1, -1,-1,2021,47.0,1,2,0,2,4,1,1,,1,A480,0,,1,2,0,1,7,100,1,, -1,1,0,1,130,15,11,3,38,38185,1,1,0,4,A480,45.1641,5.70175,18,5,3
202100002563,197Â 200,A01,1,1,1,1,8,0,-1,-1, -1,-1,2021,39.0,1,1,0,2,0,0,1,,1,A4.Y,0,,-1,3,0,1,16,200,1,, -1,1,0,1,90,17,12,3,77,77169,1,1,0,6,A4.Y,48.83298,2.59458,17,1,1
202100001314,199Â 409,A01,1,1,2,1,8,-1,-1,0,0,-1,2021,40.0,1,2,0,2,6,13,1,,3,905,0,,2,2,0,1,18,890,1,, -1,2,0,1,90,28,12,1,39,39448,1,1,1,1,,47.003788,5.51011,8,3,2
202100044159,122Â 738,B01,1,1,1,9,2,0,-1,0,0,-1,2021,48.0,1,1,0,2,2,17,1,,4,BOULEVARD SAINT MICHEL,0,,2,4,0,1,(1),(1),1,, -1,1,0,1,50,13,4,1,75,75105,2,2,0,3,BOULEVARD SAINT MICHEL,48.841752,2.337761,12,2,2
202100019160,167Â 379,B01,1,1,1,5,1,-1,-1,0,0,-1,2021,53.0,1,5,0,2,3,1,1,,4,MAQUIS DE PAYOLLE (RUE DU),0,,2,2,0,1,(1),(1),1,, -1,1,0,1,50,13,9,1,65,65440,2,2,0,3,SEPTEMBRE (RUE DU IV),43.228829,0.083079,10,2,2
202100036404,136Â 629,A01,1,1,1,1,1,0,-1,-1, -1,-1,2021,23.0,2,5,0,2,1,19,0,,4,MARCEAU (RUE),0,,2,2,1,1,(1),(1),1,, -1,1,0,1,50,4,6,2,59,59152,2,3,0,3,MARCEAU (RUE),50.763192,3.013032,5,2,2
202100027865,151Â 905,A01,1,1,2,5,1,-1,-1,-1, -1,-1,2021,37.0,1,2,0,2,1,1,1,,1,ROCADE A 630,0,,3,6,0,1,31,200,1,, -1,1,0,1,90,20,7,2,33,33550,1,1,0,3,ROCADE A 630,44.777999,-0.556732,21,3,2
202100045236,120Â 865,A01,1,1,2,2,2,6,-1,0,0,-1,2021,15.0,1,1,0,2,1,2,1,,3,JAURES JEAN (AVENUE),0,,2,2,0,1,44,240,1,, -1,1,0,1,50,30,3,1,12,12145,2,1,0,2,JAURES JEAN (AVENUE),44.10851,3.08144,13,2,2
202100032723,143Â 278,B01,3,2,2,1,8,0,-1,-1, -1,-1,2021,50.0,1,3,0,2,5,15,1,2.0,3,986,0,,1,2,0,1,0,0,1,, -1,1,0,1,50,23,6,2,92,92050,2,2,0,2,FRANCE ANATOLE RUE,48.9035933811,2.2052331269,6,3,2
202100042741,125Â 239,A01,7,2,2,5,1,-1,-1,0,0,-1,2021,17.0,1,2,2,0,3,1,1,,3,30,0,,2,2,0,1,(1),(1),3,, -1,1,0,3,80,25,4,3,81,81128,1,1,0,6,D30,43.651618,2.376373,3,4,1
202100038732,132Â 393,B01,1,1,2,5,1,0,-1,-1, -1,-1,2021,40.0,2,2,0,2,4,1,1,,2,A104,0,,3,3,0,1,9,899,1,, -1,2,0,1,90,22,5,1,77,77249,1,1,1,6,A104,48.7475407504,2.6138919249,19,3,3
202100006360,190Â 429,B01,1,1,1,5,2,6,-1,0,0,-1,2021,24.0,1,1,0,2,1,1,1,,3,52,0,,2,2,0,2,0,0,2,, -1,2,0,1,50,25,11,1,14,14762,2,3,0,3,Avenue Guy de Maupassant,48.846393,-0.886647,17,3,2
202100055646,102Â 388,B01,1,1,1,0,1,0,-1,-1, -1,-1,2021,28.0,1,5,0,2,4,1,1,,1,A7-Sens Lyon vers Marseille,0,,-1,2,0,1,259,0,1,, -1,1,0,1,90,9,1,3,13,13117,1,1,0,2,A7-Sens Lyon vers Marseille,43.4564,5.23586,18,3,2
202100029297,149Â 396,A01,1,1,2,5,8,0,-1,-1, -1,-1,2021,26.0,1,1,3,0,7,18,1,,3,LAMARTINE,0,,3,2,0,1,2,1250,1,, -1,1,0,1,50,12,7,1,49,49246,2,1,0,3,LAMARTINE,47.43832,-0.48734,19,2,2
202100040300,129Â 567,A01,10,3,1,5,0,-1,-1,1,1,2,2021,3.0,3,2,0,1,2,1,1,,6,BICENTENAIRE.(AVENUE DU),0,,-1,0,0,1,1,0,1,, -1,1,0,1,10,19,2,1,94,94011,2,9,0,6,BICENTENAIRE.(AVENUE DU),48.7647,2.48805,16,2,1
202100023356,159Â 866,A01,1,1,2,0,2,-1,-1,0,0,-1,2021,44.0,2,1,0,0,0,0,1,,3,348,-1,D,2,2,0,2,1,(1),1,, -1,1,0,3,80,20,8,1,64,64424,1,1,0,7,Route de Garaibie,43.187312,-0.946793,19,1,1
202100021539,163Â 140,A01,2,2,1,5,1,-1,-1,0,0,-1,2021,23.0,1,2,3,2,3,13,1,,1,63,-1,A,1,3,0,1,55,0,1,, -1,2,0,1,130,2,9,1,40,40295,1,1,1,2,A63,44.373637,-0.843705,13,3,2
202100013924,176Â 811,A01,1,1,2,1,1,-1,-1,0,0,-1,2021,34.0,1,2,0,2,3,1,1,,3,131E3,-1,,2,2,0,1,30,150,2,, -1,1,0,1,80,12,10,3,62,62302,1,1,1,1,D131 E3,50.591622,1.9817,7,2,2
202100031314,145Â 766,A01,10,3,1,0,0,-1,-1,4,3,1,2021,26.0,1,1,0,1,1,2,1,,4,JEAN JAURES (R),0,,2,4,0,1,0,1,1,, -1,1,0,1,50,2,7,1,94,94046,2,3,0,6,JEAN JAURES (R),48.800079,2.432263,17,2,1
202100018555,168Â 466,B01,4,2,2,5,1,0,-1,-1, -1,-1,2021,62.0,2,2,0,2,4,15,1,,4,PHALSBOURG (RUE DE),0,,2,2,0,1,(1),(1),1,, -1,1,0,1,50,15,9,1,62,62193,2,9,0,2,PHALSBOURG (RUE DE),50.95671,1.87514,19,8,2
202100024202,158Â 412,A01,1,1,1,5,2,6,9,0,0,-1,2021,27.0,3,1,14,0,1,2,1,,3,,0,,2,1,0,1,3,918,1,,3,1,9,1,50,14,8,2,77,77234,2,9,1,6,44 Grande Rue,48.919241,2.758204,18,1,1
202100038852,132Â 182,A01,1,1,1,0,2,-1,-1,0,0,-1,2021,17.0,1,1,0,2,1,1,1,,3,538,-1,,2,2,0,1,0,0,1,, -1,1,0,1,80,23,5,1,38,38335,1,3,0,3,D538,45.373629,5.026546,15,2,2
202100029364,149Â 286,A01,10,3,2,3,0,-1,-1,1,3,1,2021,81.0,2,5,0,1,2,1,1,,3,921,-1,,2,2,0,1,5,211,1,, -1,2,0,1,50,13,7,1,65,65362,2,1,1,6,62 avenue Jean Moulin,42.959186,-0.074431,8,2,1
202100050217,111Â 951,A01,1,1,2,1,8,0,-1,0,0,-1,2021,29.0,2,1,0,0,0,1,5,,4,RUE DE LA CONVENTION,0,,2,3,3,1,(1),(1),1,, -1,1,0,1,50,25,2,1,75,75115,2,2,0,7,RUE DE LA CONVENTION,48.837235,2.296433,8,1,1
202100050143,112Â 092,B01,1,1,1,5,8,0,-1,-1, -1,-1,2021,50.0,3,1,0,2,2,0,5,,4,COMMUNE DE PARIS (AVENUE),0,,1,2,0,1,0,0,1,, -1,1,0,1,50,24,2,1,974,97407,2,6,0,3,COMMUNE DE PARIS (AVENUE),-20.94227,55.29187,14,2,2
202100051417,109Â 783,A01,10,3,1,0,0,-1,-1,3,3,1,2021,84.0,0,2,0,1,1,1,1,,4,COURTY (PAUL),0,,1,2,0,1,(1),(1),2,, -1,1,0,1,30,14,2,1,66,66136,2,3,0,6,COURTY (PAUL),42.6983579436,2.8891983459,15,2,1
202100014702,175Â 432,A01,9,2,2,5,1,-1,-1,0,0,-1,2021,11.0,1,2,4,2,6,11,1,,1,A7,0,A,3,5,3,1,157,400,1,, -1,1,0,1,130,7,10,1,84,84083,1,1,1,2,"AUTOROUTE A7, 157+400, SENS NORD-SUD",44.204728,4.724271,15,5,2
202100018276,168Â 954,B01,1,1,2,4,1,-1,-1,0,0,-1,2021,36.0,2,5,0,0,1,1,1,,3,62,0,A,2,2,0,1,5,500,3,, -1,1,0,1,90,19,9,1,1,1202,1,1,0,1,DÃ©partementale D62A,45.877461,5.304047,17,2,2
202100050131,112Â 122,A01,1,1,1,9,2,8,-1,-1, -1,-1,2021,33.0,1,1,0,2,1,3,1,,1,A57,0,,3,4,0,1,6,800,1,, -1,1,0,1,110,25,2,2,83,83144,1,1,0,3,A57,43.1434,6.0142,18,2,2
202100040841,128Â 633,B01,1,1,2,5,1,-1,-1,0,0,-1,2021,54.0,3,2,0,2,3,16,1,,3,2,0,D,2,2,0,1,8,0,1,,4,1,0,1,80,9,5,1,83,83127,1,3,0,3,D2,43.2873,5.883849,11,3,2
202100051068,110Â 390,B01,1,1,1,0,2,0,-1,-1, -1,-1,2021,62.0,0,1,0,2,4,2,1,,4,MESCHINET DE RICHEMOND   RUE,0,,2,2,0,1,(1),(1),1,, -1,1,0,1,30,18,2,1,17,17300,2,4,0,2,MESCHINET DE RICHEMOND   RUE,46.162441,-1.182329,16,2,2
202100045189,120Â 965,A01,10,3,1,0,0,-1,-1,1,3,1,2021,3.0,1,2,0,1,5,1,1,,2,4,-1,,2,2,0,1,(1),(1),1,, -1,1,0,1,50,5,4,1,976,97615,2,1,0,6,route nationale 4,-12.799707,45.27763,8,2,1
202100054287,104Â 721,A01,1,1,1,5,1,-1,-1,0,0,-1,2021,45.0,3,2,1,0,2,14,1,,2,1,0,A,2,2,0,1,31,100,1,, -1,1,0,3,70,21,1,3,986,98613,2,1,0,1,village de falaleu,-13.2884323098,-176.1826668978,20,1,1
202100033731,141Â 471,A01,5,2,1,5,0,-1,-1,0,0,-1,2021,21.0,3,2,0,0,0,1,1,,4,1,-1,,2,2,0,2,(1),(1),3,, -1,1,0,1,80,19,6,1,48,48108,1,1,0,7,La Panouse,44.729205,3.602872,18,2,1
202100012335,179Â 687,B01,1,1,1,1,0,-1,-1,0,0,-1,2021,59.0,2,1,0,0,4,0,5,,3,cd10,0,,2,2,0,2,21,205,1,, -1,1,0,1,80,20,10,2,33,33442,1,1,0,2,,45.0386115357,-0.2091508951,7,2,2
202100045561,120Â 292,A01,10,3,1,2,0,-1,-1,5,3,1,2021,17.0,2,5,0,1,0,26,1,,4,FRANCS TIREURS,0,,1,1,0,1,0,0,1,, -1,1,0,1,30,31,3,1,74,74010,2,1,0,6,FRANCS TIREURS,45.90663,6.12539,8,2,1
202100041520,127Â 396,B01,1,1,2,0,1,8,-1,-1, -1,-1,2021,50.0,1,2,0,2,4,2,1,,4,,0,,3,4,0,1,0,0,1,, -1,1,2,1,50,29,4,1,67,67482,2,1,0,2,EDMOND ROSTAND (RUE),48.59067,7.69157,18,2,2
202100052269,108Â 277,A01,1,1,1,5,1,5,-1,0,0,-1,2021,52.0,0,5,5,0,1,0,1,,4,0,0,,2,2,0,2,(1),(1),1,, -1,2,0,8,50,8,2,1,24,24352,1,1,0,6,La Grande Clavelie,45.221385,0.332674,8,1,1
202100022204,161Â 958,A01,2,2,1,5,1,4,-1,-1, -1,-1,2021,30.0,1,2,13,0,1,0,1,,2,RN 118,0,,1,0,0,1,5,800,1,, -1,1,0,1,110,28,8,1,91,91534,1,1,0,7,RN 118,48.73003,2.18179,14,2,1
202100021690,162Â 864,B01,1,1,1,1,2,6,-1,0,0,-1,2021,48.0,1,1,0,2,1,1,1,,4,,-1,,2,2,0,3,(1),(1),3,,4,1,0,1,90,31,8,1,19,19151,1,1,0,1,Rue des Eaux Vives,45.099919,1.530721,18,2,2
202100000641,200Â 562,A01,1,1,2,3,1,-1,-1,0,0,-1,2021,58.0,1,2,0,2,3,1,1,,4,vc,0,,2,2,0,1,(1),(1),1,, -1,1,0,1,50,5,11,5,33,33138,2,9,0,3,rue pierre semard,45.03809,-0.12979,18,3,2
202100006588,190Â 022,A01,10,3,1,2,0,-1,-1,3,3,1,2021,11.0,3,1,0,1,1,17,1,,4,FAVEYROLLES (ROUTE DE),0,,3,2,0,2,3,123,1,, -1,1,5,1,50,23,11,1,83,83090,2,9,0,6,FAVEYROLLES (ROUTE DE),43.13777,5.871988,7,2,1
202100008413,186Â 697,A01,10,3,2,3,8,-1,-1,3,3,1,2021,78.0,1,2,0,1,1,1,1,,3,559,-1,,2,2,0,1,96,600,1,, -1,1,0,1,50,13,11,1,83,83115,2,1,0,6,AVENUE DU GENERAL LECLERC,43.306537,6.641364,8,2,1
202100050886,110Â 718,A01,1,1,1,0,1,0,-1,0,0,-1,2021,42.0,1,2,0,2,1,1,1,,7,RD 674,0,,2,2,0,1,(1),(1),1,, -1,1,5,1,70,19,2,1,54,54495,1,6,0,2,RM 674,48.698617,6.243508,15,2,2
202100027337,152Â 857,B01,1,1,1,1,1,8,-1,-1, -1,-1,2021,50.0,2,2,0,2,5,2,1,,7,OLBIA  (VOIE),0,,1,2,0,1,13,900,1,, -1,1,0,1,50,23,7,1,83,83069,2,2,0,2,OLBIA  (VOIE),43.116,6.139,8,2,2
202100044754,121Â 719,A01,1,1,2,0,2,-1,-1,0,0,-1,2021,40.0,1,1,0,2,3,1,1,,3,32,-1,,2,2,0,1,72,0,3,, -1,1,0,1,50,8,4,1,24,24182,2,1,0,1,DÃ©partementale 32,44.873937,0.247321,15,2,2
202100030795,146Â 717,B01,1,1,2,9,1,0,-1,-1, -1,-1,2021,22.0,0,2,0,2,1,9,1,,4,,0,,2,2,0,1,0,0,1,, -1,1,0,1,50,29,6,1,91,91434,2,1,0,3,JUVISY (AVENUE DE),48.653969,2.353929,17,2,2
202100011309,181Â 524,A01,1,1,1,5,0,-1,-1,0,0,-1,2021,25.0,1,1,0,0,0,0,1,,3,319,0,,2,2,0,1,3,590,1,, -1,1,0,1,50,24,10,1,89,89013,2,1,0,7,Rue En Bas les Bries,47.860678,3.529894,14,1,1
202100032556,143Â 577,A01,1,1,1,0,0,-1,-1,0,0,-1,2021,30.0,3,1,0,0,0,0,1,,4,151,0,D,2,2,0,1,(1),(1),1,, -1,1,0,1,50,25,6,5,51,51662,2,1,0,7,Avenue des Nelmonts,49.288119,4.110762,0,1,1
202100033313,142Â 222,B01,1,1,1,5,8,-1,-1,-1,0,-1,2021,18.0,2,1,12,2,1,1,5,,3,MONTMORENCY (ROUTE DE),0,,2,2,0,1,1,550,1,, -1,1,0,1,50,14,6,2,95,95574,2,1,0,1,RD 144,49.0071342347,2.2714394331,21,2,2