Num_Acc,id_vehicule,num_veh,place,catu,sexe,trajet,secu1,secu2,secu3,locp,actp,etatp,year_acc,victim_age,senc,catv,obs,obsm,choc,manv,motor,occutc,catr,voie,v1,v2,circ,nbv,vosp,prof,pr,pr1,plan,lartpc,larrout,surf,infra,situ,vma,jour,mois,lum,dep,com,agg_,int,atm,col,adr,lat,long,hour,nb_victim,nb_vehicules
202100051048,110Â 425,A01,1,1,1,5,2,6,-1,-1, -1,-1,2021,27.0,0,1,13,0,1,1,1,,4,FOEDRE (RUE DE LA),0,,2,1,0,1,0,0,2,, -1,1,0,3,50,17,2,2,50,50129,2,1,0,6,FOEDRE (RUE DE LA),49.62729,-1.66777,18,1,1
202100035089,138Â 977,A01,10,3,1,9,0,-1,-1,4,3,2,2021,13.0,0,2,0,1,0,0,1,,3,HUIT-MAI-1945 (AVENUE DU),0,,2,4,3,1,0,1,1,, -1,1,0,6,50,10,6,2,93,93030,2,1,0,6,Avenue du 8 Mai 1945,48.949152,2.438642,22,2,1
202100023630,159Â 381,A01,1,1,1,1,0,-1,-1,0,0,-1,2021,23.0,2,5,4,0,1,1,1,,3,D68,-1,,2,2,0,1,10,298,2,, -1,1,0,8,90,19,8,1,34,34118,1,1,0,6,D68,43.716682,3.912549,7,1,1
202100025933,155Â 328,A01,10,3,2,3,0,-1,-1,2,1,2,2021,50.0,0,2,1,1,2,1,1,,3,25,-1,,2,2,0,1,7,669,1,, -1,2,0,1,50,3,8,1,77,77176,2,1,0,6,Rue du 27 Aout,48.79885,2.997347,17,2,1
202100021829,162Â 607,A01,1,1,1,5,2,-1,-1,0,0,-1,2021,19.0,2,0,0,0,3,0,3,,3,540,0,,-1,2,0,1,10,560,1,, -1,1,0,1,80,30,8,3,26,26031,1,1,0,6,D540,44.554852,4.853994,21,1,1
202100036933,135Â 688,A01,10,3,1,5,0,-1,-1,1,3,1,2021,32.0,2,4,0,1,1,1,1,,1,A46S   43.680 A 47.880,0,,3,2,0,1,47,549,1,, -1,1,0,1,90,2,6,3,69,69283,1,1,0,6,A46S   43.680 A 47.880,45.67125,4.93727,3,2,1
202100052826,107Â 300,B01,1,1,1,1,1,-1,-1,0,0,-1,2021,40.0,2,2,0,2,7,21,1,,3,784,-1,,2,2,0,2,4,480,2,, -1,2,5,1,80,3,2,1,29,29216,1,3,0,3,D784 - Kervern Ar Brenn,47.992018,-4.211755,9,2,2
202100040809,128Â 676,A01,2,2,2,5,1,-1,-1,0,0,-1,2021,25.0,2,2,6,0,5,0,1,,3,1089,0,,2,2,0,1,25,500,2,, -1,1,0,3,90,8,5,1,3,3161,1,1,0,6,Besseigeat,46.14402,2.659078,13,3,1
202100005758,191Â 504,A01,1,1,1,1,1,0,-1,-1, -1,-1,2021,31.0,2,2,4,0,5,26,1,,1,12 LES IZARDS (PERIPH EST A62),0,,3,6,0,1,227,162,1,, -1,1,0,1,90,28,8,2,31,31555,2,1,0,2,12 LES IZARDS (PERIPH EST A62),43.64677,1.44911,6,2,2
202100027152,153Â 181,B01,2,2,2,0,0,-1,-1,0,0,-1,2021,22.0,2,2,0,2,1,1,1,,3,952,0,,2,2,0,1,29,700,1,, -1,2,0,1,90,25,7,1,45,45042,1,1,0,1,D952 - PR29+700,47.79844,2.431621,14,7,2
202100044950,121Â 385,B01,1,1,1,0,1,-1,-1,-1, -1,-1,2021,26.0,1,2,0,2,1,1,1,,4,MAGUDAS (AVE DE),0,,2,4,0,1,(1),(1),1,, -1,1,0,1,50,6,4,1,33,33162,2,2,0,3,Avenue de Magudas,44.85828,-0.66631,14,2,2
202100031058,146Â 225,B01,1,1,1,5,8,0,-1,-1, -1,-1,2021,13.0,2,1,0,2,1,1,5,,3,NATIONALE (RUE),0,,2,2,0,1,(1),(1),1,, -1,1,0,4,50,28,6,1,59,59486,2,3,0,3,NATIONALE (RUE),50.41109,3.13355,16,2,2
202100017503,170Â 338,B01,1,1,1,9,2,0,-1,0,0,-1,2021,50.0,2,1,0,2,4,1,5,,4,RUE DES ORTEAUX,0,,2,2,1,1,(1),(1),1,, -1,1,0,5,30,22,9,5,75,75120,2,3,0,1,RUE DES ORTEAUX,48.857039939,2.398146987,1,2,2
202100021750,162Â 754,A01,10,3,2,5,0,-1,-1,2,3,1,2021,81.0,2,2,0,1,1,1,1,,2,JEAN JAURES ( AVENUE ),0,,2,2,0,1,38,630,1,, -1,1,0,1,50,27,8,1,5,5061,2,1,0,6,JEAN JAURES ( AVENUE ),44.55258,6.07188,10,2,1
202100033587,141Â 730,A01,1,1,1,5,2,0,-1,-1, -1,-1,2021,34.0,2,1,0,2,1,17,1,,3,,0,,2,2,0,2,0,560,1,, -1,1,0,1,50,18,6,1,45,45208,2,1,0,3,95 Rue AndrÃ© Coquillet,47.988988,2.732409,17,2,2
202100020466,165Â 052,C01,1,1,1,0,8,0,-1,-1, -1,-1,2021,27.0,0,1,0,0,0,23,0,,4,LIBERTE BVD NÂ°2 - 90-51 - 145,0,,2,2,0,1,(1),(1),1,, -1,1,0,1,50,16,5,5,59,59350,2,7,0,5,LIBERTE BVD NÂ°2 - 90-51 - 145,50.63666,3.05289,22,3,3
202100016997,171Â 239,B01,1,1,1,0,2,0,-1,0,0,-1,2021,53.0,1,1,0,2,1,3,1,,4,COUBERTIN (AVENUE PIERRE),0,,2,4,0,1,(1),(1),1,, -1,1,0,1,50,24,9,2,6,6029,2,1,0,3,COUBERTIN (AVENUE PIERRE),43.55516,6.967014,18,2,2
202100009088,185Â 462,B01,2,2,2,9,1,0,-1,-1, -1,-1,2021,70.0,1,2,0,2,3,19,1,,4,GUESDE (RUE JULES),0,,2,2,0,1,(1),(1),1,, -1,1,0,1,50,6,11,1,59,59512,2,2,0,3,GUESDE (RUE JULES),50.684446,3.183222,8,3,2
202100035129,138Â 911,A01,1,1,1,3,2,-1,-1,0,0,-1,2021,56.0,2,1,14,0,1,17,1,,7,63,0,G,2,2,0,1,0,500,1,, -1,1,5,1,80,12,6,1,31,31293,1,1,0,6,D63g,43.717651,1.387139,16,1,1
202100035184,138Â 817,B01,1,1,2,5,1,-1,-1,-1, -1,-1,2021,68.0,1,2,0,2,4,12,1,,1,A7   7.000 A 8.630,0,,3,6,0,1,8,199,1,, -1,1,0,1,70,10,6,1,69,69199,1,1,0,5,A7   7.000 A 8.630,45.6851728294,4.8467753317,20,3,3
202100020005,165Â 876,A01,10,3,2,5,0,-1,-1,3,3,1,2021,62.0,2,2,0,1,3,1,1,,3,RD939,0,,2,2,0,1,5,400,1,, -1,1,6,1,50,10,9,1,62,62318,2,1,0,6,Route d Hilbert,50.511271,1.645111,16,2,1
202100047286,117Â 240,A01,1,1,1,5,2,-1,-1,0,0,-1,2021,49.0,1,1,0,2,1,2,1,,3,813,-1,,2,2,0,1,10,800,1,, -1,1,0,1,50,20,3,1,47,47051,2,1,0,2,Route de Siailles,44.180196,0.675396,16,3,2
202100049169,113Â 864,A01,1,1,2,5,1,-1,-1,0,0,-1,2021,20.0,2,2,2,0,3,13,1,,3,85,-1,,2,2,0,2,15,270,2,, -1,1,0,3,80,6,3,1,51,51507,1,1,0,7,D85,49.103516,4.901978,14,1,1
202100048880,114Â 385,A01,1,1,1,4,1,-1,-1,0,0,-1,2021,42.0,1,4,0,0,7,15,1,,3,RD35,0,,2,2,0,1,(1),(1),2,, -1,1,5,1,50,24,2,1,91,91275,1,6,0,7,rond Point St Clair,48.672231,2.152119,15,2,1
202100055716,102Â 271,A01,1,1,2,9,1,-1,-1,0,0,-1,2021,47.0,2,2,4,0,3,21,1,,1,35,0,,3,4,0,1,88,800,1,, -1,1,0,1,130,8,1,1,68,68266,1,1,0,6,AUTORUTE 35,47.876822,7.385162,8,1,1
202100007360,188Â 597,B01,1,1,2,3,8,0,-1,-1, -1,-1,2021,57.0,1,2,0,2,4,2,1,,3,CLEMENCEAU (AVENUE GEORGES),0,,1,2,0,1,0,1,1,, -1,1,0,1,50,19,11,1,93,93078,2,1,0,2,CLEMENCEAU (AVENUE GEORGES),48.95992,2.55685,9,3,2
202100011719,180Â 781,A01,3,2,1,5,8,-1,-1,0,0,-1,2021,32.0,1,2,0,2,6,5,1,,2,1,-1,,2,2,0,1,64,600,1,,7,1,0,1,90,22,10,3,973,97304,1,1,0,1,RN1-PK 55+800,5.121037,-52.741241,19,9,2
202100000988,199Â 988,A01,10,3,1,5,0,-1,-1,4,3,2,2021,15.0,3,2,0,1,1,15,1,,4,ADELET RAYMOND (PLACE),0,,2,2,0,1,0,0,1,, -1,2,0,1,50,27,12,5,72,72181,2,1,1,6,ADELET RAYMOND (PLACE),47.9684,0.20377,20,2,1
202100004494,193Â 733,A01,2,2,2,5,2,6,-1,0,0,-1,2021,24.0,2,1,10,0,7,9,1,,3,907,-1,,2,2,0,1,21,329,1,, -1,1,0,3,80,31,7,1,74,74183,1,1,0,6,Route DÃ©partementale 907,46.129843,6.512554,11,2,1
202100035846,137Â 626,A01,1,1,2,1,1,8,-1,-1, -1,-1,2021,52.0,2,2,0,2,4,23,1,,1,A50-Sens Aubagne vers Marseille,0,,1,3,0,1,8,0,1,, -1,1,0,1,90,8,6,1,13,13211,1,1,0,4,A50-Sens Aubagne vers Marseille,43.28846,5.4981,18,4,4
202100021999,162Â 312,A01,1,1,1,5,1,-1,-1,0,0,-1,2021,69.0,1,2,0,2,1,1,1,,2,102,0,N,2,2,0,1,95,50,1,, -1,1,5,1,80,30,8,1,7,7142,1,2,1,2,INTERSECTION RN 102 ET RD 110,44.766001,3.915274,15,2,2
202100036218,136Â 951,A01,2,2,1,0,1,-1,-1,-1, -1,-1,2021,35.0,1,2,0,2,8,1,1,,4,DUGUESCLIN  (R),0,,1,1,0,1,(1),(1),1,, -1,1,0,1,30,5,6,1,69,69386,2,2,0,3,DUGUESCLIN (R),45.76979,4.84713,15,4,2
202100023419,159Â 760,A01,1,1,1,0,2,6,-1,-1, -1,-1,2021,18.0,1,1,0,0,1,26,1,,4,BERNARD (CHEMIN DE SAINT),0,,-1,2,0,1,0,0,1,, -1,1,0,1,30,19,8,1,64,64102,2,1,0,7,BERNARD (CHEMIN DE SAINT),43.50788,-1.48777,8,1,1
202100016104,172Â 855,A01,10,3,2,5,0,-1,-1,3,3,1,2021,62.0,2,2,0,1,1,1,1,,3,COMMANDANT DEFRAUX (RUE DU),0,,2,2,0,2,0,668,2,, -1,1,2,1,50,29,9,1,82,82033,2,1,1,6,COMMANDANT DEFRAUX (RUE DU),44.03776,1.11518,16,2,1
202100018881,167Â 900,A01,1,1,1,0,8,0,-1,-1, -1,-1,2021,71.0,2,2,0,2,7,14,1,,1,A50-Sens Aubagne vers Marseille,0,,1,3,0,1,12,699,1,, -1,1,0,1,90,15,9,1,13,13005,1,1,0,3,A50-Sens Aubagne vers Marseille,43.287115,5.536616,14,2,2
202100023449,159Â 708,A01,1,1,2,1,1,-1,-1,-1, -1,-1,2021,44.0,2,2,0,2,1,2,1,,3,D907,0,,2,2,0,1,15,650,1,, -1,1,0,1,50,19,8,1,4,4112,1,1,0,2,RD 907,43.81366001,5.80408,10,2,2
202100009118,185Â 411,B01,1,1,1,9,8,0,-1,0,0,-1,2021,24.0,1,1,0,2,1,1,5,,4,PLACE CHARLES DE GAULLE,0,,1,5,0,1,(1),(1),2,, -1,1,0,1,50,6,11,5,75,75116,2,7,0,3,PLACE CHARLES DE GAULLE,48.873294,2.295539,1,2,2
202100000635,200Â 570,A01,1,1,1,5,1,-1,-1,0,0,-1,2021,70.0,2,2,0,2,1,13,1,,3,43,-1,,2,2,0,1,17,785,3,, -1,7,0,1,90,16,12,3,43,43102,1,1,1,5,d43,45.177182,4.173474,7,3,3
202100008818,185Â 985,A01,1,1,1,1,1,0,-1,-1, -1,-1,2021,29.0,2,2,0,2,4,1,1,,1,A7-Sens Marseille vers Lyon,0,,1,3,0,1,254,699,1,, -1,1,0,1,110,9,11,3,13,13081,1,1,0,2,A7-Sens Marseille vers Lyon,43.49153,5.2403,19,2,2
202100029410,149Â 209,B01,1,1,1,1,2,6,-1,-1,0,-1,2021,57.0,2,1,0,2,7,1,1,,1,AUTOROUTE A15,0,,3,8,0,1,8,500,1,, -1,1,0,1,110,12,7,2,95,95582,1,1,0,3,AUTOROUTE A15,48.96612,2.25712,7,2,2
202100038106,133Â 550,B01,1,1,1,5,2,-1,-1,0,0,-1,2021,18.0,2,1,0,2,4,1,1,,3,412,-1,,2,2,0,1,0,500,1,, -1,1,0,1,80,25,5,1,30,30019,1,2,0,6,D412,43.739081,4.144657,19,3,2
202100019578,166Â 639,A01,1,1,1,5,0,-1,-1,0,0,-1,2021,25.0,2,2,11,0,1,1,1,,3,332,0,,2,2,0,1,0,0,1,, -1,1,0,1,80,11,9,3,11,11170,1,6,0,5,D332,43.117365,3.089202,23,1,1
202100023283,160Â 000,B01,1,1,2,1,8,-1,-1,-1, -1,-1,2021,32.0,1,1,0,2,3,2,0,,4,ANTRAIN (D') DE 43 ET 80 A FIN,0,,2,2,0,1,(1),(1),1,, -1,1,5,1,50,20,8,1,35,35238,2,3,0,3,Rue dâAntrain,48.12062,-1.67204,17,2,2
202100008937,185Â 743,B01,1,1,2,5,1,-1,-1,-1, -1,-1,2021,34.0,0,2,0,2,8,15,1,,4,POUSSIN. RUE NICOLAS,0,,2,2,0,1,0,0,1,, -1,1,0,1,50,7,11,5,76,76231,2,3,0,3,POUSSIN. RUE NICOLAS,49.285994,1.003411,20,2,2
202100056143,101Â 527,A01,1,1,2,9,1,0,-1,-1, -1,-1,2021,65.0,1,2,0,2,2,9,1,,3,138,0,,2,4,0,1,21,9,1,, -1,2,0,1,90,5,1,1,77,77186,1,9,1,3,BOURGOGNE (ROUTE DE),48.481113,2.669131,15,2,2
202100015599,173Â 801,A01,1,1,2,5,8,-1,-1,0,0,-1,2021,41.0,2,2,13,0,9,26,1,,3,RD 783,0,,2,2,0,1,31,900,1,, -1,2,5,3,70,2,10,3,29,29039,1,2,0,6,RD 783,47.874201,-3.898287,0,1,1
202100032124,144Â 327,A01,2,2,1,5,1,0,-1,0,0,-1,2021,20.0,1,2,0,2,1,2,1,,4,PORTE DE LA CHAPELLE,0,,1,2,0,1,(1),(1),1,, -1,1,0,1,50,26,6,1,75,75118,2,4,0,4,PORTE DE LA CHAPELLE,48.900696,2.365218,15,4,3
202100016740,171Â 697,A01,1,1,1,9,0,-1,-1,0,0,-1,2021,56.0,1,2,2,0,3,1,1,,3,974,-1,,2,3,0,2,20,65,2,, -1,1,0,3,90,27,9,2,21,21606,1,1,0,6,D974,47.080612,4.891063,8,1,1
202100003146,196Â 145,A01,2,2,1,5,1,0,-1,-1, -1,-1,2021,28.0,1,2,0,2,2,0,1,,4,COSTE REBOULH,0,,1,1,0,1,(1),(1),1,, -1,1,9,1,30,12,12,1,11,11069,2,2,0,3,COSTE REBOULH,43.2134,2.3543,10,3,2
202100008994,185Â 638,A01,1,1,1,5,1,-1,-1,0,0,-1,2021,34.0,1,2,2,0,2,1,1,,3,438,0,,3,2,0,1,29,166,3,, -1,1,0,3,50,7,11,5,61,61081,2,1,0,6,Le Bourg Chailloue,48.655125,0.193934,23,1,1
202100038235,133Â 298,A01,1,1,1,5,2,8,-1,-1, -1,-1,2021,50.0,1,1,0,2,7,1,1,,3,"""BARBUSSE HENRI, NR 35 A 137""",0,,1,2,0,1,0,1,1,, -1,1,0,1,50,26,5,1,93,93066,2,2,0,3,Rue Henri Barbusse / Rue dâArnouville,48.940538,2.371885,21,2,2
202100021566,163Â 087,A01,1,1,1,0,2,6,-1,-1, -1,-1,2021,59.0,1,1,0,2,1,2,1,,1,AUTOROUTE A1,0,,3,10,0,1,4,500,1,, -1,1,0,1,90,1,9,1,93,93066,1,1,0,4,AUTOROUTE A1,48.93312,2.37704,18,2,2
202100008124,187Â 205,A01,1,1,1,1,2,6,-1,-1,0,-1,2021,26.0,1,1,0,0,9,26,1,,2,RN 104,0,,3,4,0,1,14,0,1,, -1,1,0,1,110,15,11,1,95,95365,1,1,1,7,RN 104,49.066049,2.405666,8,1,1
202100030671,146Â 931,A01,1,1,1,5,2,-1,-1,0,0,-1,2021,61.0,3,1,0,0,3,1,1,,3,8,-1,,2,2,0,1,(1),(1),1,, -1,2,0,1,50,4,7,1,22,22070,2,1,0,7,rue du marÃ©chal joffre,48.563811,-3.151998,10,1,1
202100035627,138Â 039,B01,1,1,1,1,1,-1,-1,0,0,-1,2021,59.0,1,2,2,2,8,1,1,,3,86,-1,,2,2,0,1,6,300,4,, -1,1,0,1,80,9,6,1,95,95462,1,1,0,5,RD 86,49.14737,1.73099,20,3,3
202100011048,181Â 974,A01,1,1,2,0,1,-1,-1,-1, -1,-1,2021,22.0,3,2,0,2,3,13,1,,7,CASTELLANE                          (MO),0,,-1,1,0,2,2,0,2,, -1,1,0,1,50,25,10,2,69,69034,2,1,0,1,CASTELLANE                          (MO),45.7985,4.8423,17,4,2
202100007600,188Â 154,A01,10,3,1,0,0,-1,-1,3,3,2,2021,43.0,3,2,0,1,1,1,1,,7,TORPILLEUR SIROCCO (RUE DU),0,,3,2,0,1,(1),(1),1,, -1,1,0,1,50,17,11,5,63,63113,2,1,0,6,TORPILLEUR SIROCCO (RUE DU),45.81583,3.10693,7,2,1
202100047063,117Â 646,B01,1,1,1,9,8,0,-1,-1, -1,-1,2021,24.0,2,1,0,2,8,3,0,,3,ROSNY (AVENUE DE),0,,1,2,0,1,1,730,1,, -1,1,0,1,50,22,3,1,93,93077,2,1,0,3,ROSNY (AVENUE DE),48.88398,2.50043,13,2,2
202100024128,158Â 531,A01,1,1,1,5,2,6,-1,-1, -1,-1,2021,62.0,1,1,0,2,7,21,1,,3,ROUTE NATIONALE 20,0,,2,4,0,1,21,970,1,, -1,1,0,1,70,14,8,1,45,45302,2,3,0,2,D2020-PR 21 + 970,47.96416,1.88836,19,7,2
202100020367,165Â 231,B01,1,1,1,1,2,6,-1,0,0,-1,2021,49.0,2,1,0,2,1,18,3,,3,6007,0,D,4,3,0,1,29,450,1,, -1,1,0,1,50,8,9,1,6,6161,2,2,0,6,D6007,43.635904,7.133571,15,2,2
202100005767,191Â 483,B01,2,2,2,5,1,-1,-1,0,0,-1,2021,49.0,2,2,0,2,8,1,1,,3,CAVALERIE (COTE DE LA ),0,,2,2,0,2,48,185,3,, -1,1,0,1,90,14,11,3,12,12145,1,1,0,5,CAVALERIE (COTE DE LA ),44.08829,3.08762,19,7,4
202100049089,114Â 010,B01,1,1,1,0,2,0,-1,0,0,-1,2021,67.0,1,1,0,2,1,1,1,,3,STALINGRAD (AVENUE DE ),0,,2,2,0,2,0,880,1,, -1,1,0,1,50,4,3,1,47,47001,1,3,0,3,STALINGRAD (AVENUE DE ),44.21243,0.63793,14,2,2
202100007345,188Â 624,A01,1,1,1,9,2,6,-1,0,0,-1,2021,31.0,3,1,12,0,1,14,1,,4,PLACE DE LA RESISTANCE,0,,1,4,0,1,(1),(1),1,, -1,1,0,1,30,19,11,5,75,75107,2,7,0,6,PLACE DE LA RESISTANCE,48.862413,2.301595,5,1,1
202100037167,135Â 251,B01,1,1,1,0,8,-1,-1,-1, -1,-1,2021,20.0,0,1,0,2,0,0,1,,4,,0,,2,2,0,1,(1),(1),1,, -1,1,0,1,50,31,5,1,69,69259,2,1,0,1,DOCTEUR COBLOD (DU)                 (BD),45.69939,4.89339,19,2,2
202100051823,109Â 071,A01,10,3,2,2,0,-1,-1,4,3,1,2021,10.0,2,2,0,1,8,1,1,,4,BOULEVARD LEFEBVRE,0,,3,4,0,1,(1),(1),1,, -1,1,0,1,50,11,2,1,75,75115,2,2,0,6,BOULEVARD LEFEBVRE,48.828647,2.301413,8,2,1
202100048791,114Â 556,A01,1,1,1,0,1,0,-1,-1, -1,-1,2021,72.0,-1,2,0,2,8,10,1,,3,FRANCE ANATOLE ENTREE A1,0,,1,4,0,1,0,1,1,, -1,1,0,1,50,8,3,1,93,93066,2,1,0,5,FRANCE ANATOLE ENTREE A1,48.9270328071,2.3523969544,11,3,3
202100015364,174Â 248,A01,1,1,1,0,1,0,-1,-1, -1,-1,2021,47.0,1,2,3,0,7,9,1,,4,CHAPIT RE ( RUE DU),0,,1,2,0,1,1,200,3,, -1,2,0,3,70,3,10,1,93,93073,1,9,0,6,Rue du Chapitre,49.0015740352,2.5370424986,14,1,1
202100053742,105Â 675,B01,2,2,2,5,2,0,-1,-1, -1,-1,2021,18.0,1,1,0,2,0,0,6,,4,JEAN EUGENE CABASSUD (BOULEVARD),0,,2,0,0,2,(1),(1),1,, -1,1,0,1,50,25,1,1,13,13210,2,9,0,3,JEAN EUGENE CABASSUD (BOULEVARD),43.285132,5.41293,16,3,2
202100053196,106Â 648,B01,1,1,2,1,8,0,-1,-1, -1,-1,2021,23.0,1,1,0,2,7,19,3,,4,ROBERT SCHUMANN (BOULEVARD),0,,3,4,1,4,0,0,1,, -1,1,0,1,50,27,1,5,57,57672,2,1,0,3,ROBERT SCHUMANN (BOULEVARD),49.35334,6.17488,18,3,2
202100013306,177Â 959,A01,1,1,1,9,2,6,-1,0,0,-1,2021,56.0,2,1,12,0,8,18,1,,4,AVENUE DU GENERAL LECLERC,0,,2,5,3,1,(1),(1),1,, -1,1,-1,6,50,14,10,5,75,75114,2,1,0,6,AVENUE DU GENERAL LECLERC,48.827322,2.326697,19,1,1
202100005803,191Â 420,B01,1,1,2,0,0,-1,-1,0,0,-1,2021,43.0,3,1,0,2,1,1,5,,4,,-1,,2,2,0,1,(1),(1),1,,5,1,9,1,50,29,11,1,59,59601,2,2,1,3,Rue Chartiaux,50.0566841238,4.1022158676,12,2,2
202100006020,191Â 034,A01,10,3,1,0,0,-1,-1,3,3,1,2021,30.0,2,2,0,1,2,15,1,,3,1,0,,3,4,0,1,0,0,1,, -1,2,0,1,50,27,11,5,92,92012,2,2,1,6,QUATRE SEPTEMBRE (QUAI DU),48.841233659,2.2253564,21,2,1
202100010589,182Â 801,A01,1,1,2,0,1,8,-1,-1, -1,-1,2021,25.0,-1,2,0,2,1,2,1,,3,ANDRE CITROEN (BOULEVARD),0,,1,1,0,2,0,1,1,, -1,1,0,1,50,28,10,1,93,93005,1,1,0,2,ANDRE CITROEN (BOULEVARD),48.9588172093,2.4858084638,16,2,2
202100032562,143Â 566,B01,1,1,1,5,0,-1,-1,0,0,-1,2021,83.0,2,0,1,0,1,22,3,,3,1093,-1,,2,2,0,1,5,195,1,, -1,1,0,1,50,25,6,1,63,63295,2,1,0,3,rue du commerce,46.01393,3.353523,10,2,2
202100045920,119Â 677,A01,1,1,1,0,2,-1,-1,0,0,-1,2021,30.0,0,1,0,2,2,18,1,,4,GEORGES POMPIDOU (AVENUE),0,,-1,4,0,1,(1),(1),1,, -1,1,0,1,50,26,3,1,80,80021,2,1,0,3,GEORGES POMPIDOU (AVENUE),49.90174,2.28389,17,2,2
202100029645,148Â 798,B01,2,2,2,0,2,6,-1,0,0,-1,2021,60.0,1,1,0,0,4,0,1,,2,7,0,N,2,2,0,2,18,550,1,, -1,1,0,1,50,11,7,1,38,38019,2,1,0,2,Route Nationale 7,45.432649,4.818127,7,3,2
202100003732,195Â 079,B01,1,1,2,4,8,0,-1,0,0,-1,2021,36.0,1,1,0,2,6,19,5,,4,RUE DE MONCEAU,0,,1,1,2,1,(1),(1),1,, -1,2,0,1,30,10,12,1,75,75108,2,3,0,3,RUE DE MONCEAU,48.876708,2.308607,12,2,2
202100009063,185Â 505,A01,10,3,1,-1,0,-1,-1,2,3,1,2021,22.0,3,2,0,0,0,26,0,,4,LAC (AVENUE DU),0,,2,2,0,4,(1),(1),3,, -1,1,9,1,50,5,11,5,37,37122,2,1,0,6,LAC (AVENUE DU),47.3499535957,0.6403023005,20,2,1
202100050710,111Â 048,A01,1,1,1,9,0,-1,-1,0,0,-1,2021,19.0,0,6,0,0,6,1,1,,3,508,0,,2,2,0,1,3,250,1,, -1,1,0,3,80,22,2,1,60,60452,1,1,0,7,D508,49.2023557397,2.0127768515,17,1,1
202100047210,117Â 379,B01,1,1,1,0,2,8,-1,-1, -1,-1,2021,31.0,1,1,0,2,7,17,0,,3,66,0,,3,2,1,1,0,0,1,, -1,1,0,1,70,19,3,1,91,91377,2,9,0,3,AV DU PRESIDENT J F KENNEDY,48.73676,2.29347,18,2,2
202100017350,170Â 632,B01,4,2,1,5,1,-1,-1,-1, -1,-1,2021,8.0,2,2,0,2,4,2,1,,1,ROCADE A 630,0,,3,6,0,1,33,485,1,, -1,1,0,1,90,25,9,1,33,33039,1,1,0,2,ROCADE A 630,44.797744,-0.537466,17,5,2
202100049501,113Â 271,A01,1,1,1,1,2,-1,-1,-1, -1,-1,2021,24.0,2,1,0,2,4,1,1,,4,BD DU PRESIDENT WILSON,0,,3,4,2,1,(1),(1),1,, -1,1,0,5,50,2,3,5,33,33063,2,3,0,2,Boulevard du PrÃ©sident Wilson,44.85109,-0.59556,6,2,2
202100046841,118Â 055,B01,1,1,1,0,0,-1,-1,0,0,-1,2021,13.0,2,1,0,2,8,19,5,,3,95,-1,,2,2,0,1,13,400,1,, -1,1,0,1,50,24,3,1,37,37097,2,2,0,2,RD95 - PK13+400,47.1634876241,0.890548451,17,2,2
202100056051,101Â 696,B01,1,1,2,1,8,0,-1,-1, -1,-1,2021,30.0,2,1,0,2,3,1,5,,4,BLUM  LEON RUE,0,,2,0,0,1,(1),(1),1,, -1,1,5,1,50,6,1,5,29,29232,2,3,0,1,Rue Tristan,47.985618038,-4.0778160095,22,2,2
202100056300,101Â 259,A01,1,1,1,2,0,-1,-1,0,0,-1,2021,13.0,1,1,0,2,1,25,5,,3,986,0,,4,2,0,1,0,8,1,, -1,1,5,1,50,4,1,2,34,34111,2,6,0,3,rond point de l'Europe,43.932254,3.711287,17,2,2
202100032218,144Â 171,A01,1,1,2,5,1,0,-1,-1, -1,-1,2021,22.0,2,2,0,0,9,1,1,,1,A7-Sens Lyon vers Marseille,0,,-1,3,0,1,280,0,1,, -1,1,0,1,90,26,6,1,13,13214,1,1,0,7,A7-Sens Lyon vers Marseille,43.32166,5.37804,15,1,1
202100047944,116Â 038,B01,1,1,1,1,1,-1,-1,-1, -1,-1,2021,20.0,2,5,0,2,2,2,3,,4,VOIVILLE EST ROND POINT,0,,1,2,0,1,(1),(1),1,, -1,1,0,1,50,15,3,2,17,17415,2,6,0,3,VOIVILLE EST ROND POINT,45.74024,-0.6613,18,2,2
202100017146,170Â 989,A01,10,3,1,0,0,-1,-1,3,3,1,2021,43.0,1,2,0,1,1,26,1,,4,BELFORT (RUE DE),0,,1,1,0,1,0,0,1,, -1,1,6,8,30,25,9,1,92,92024,2,3,0,6,BELFORT (RUE DE),48.9024835029,2.3163717985,18,2,1
202100003738,195Â 070,A01,1,1,1,5,2,8,-1,-1, -1,-1,2021,18.0,2,1,0,2,3,0,1,,3,G R PIERRE MENDES-FRANCE ,0,,2,2,0,1,1,0,1,, -1,2,0,1,50,9,12,5,94,94053,2,3,1,3,Gr Pierre MendÃ¨s-France,48.7728031825,2.5455987453,22,2,2
202100044009,123Â 012,A01,1,1,1,0,2,6,-1,-1, -1,-1,2021,54.0,1,1,0,2,2,16,1,,3,Route DÃ©partementale 910,0,,-1,4,0,1,51,215,1,, -1,1,0,1,50,13,4,1,86,86194,2,6,0,3,Avenue de Paris,46.612986,0.3472226,12,2,2
202100034512,140Â 037,B01,1,1,1,1,2,7,-1,0,0,-1,2021,40.0,2,1,0,2,1,1,1,,4,,-1,,2,2,0,3,(1),(1),1,,4,1,0,1,50,14,6,1,68,68278,2,2,0,6,131 Grand Rue Pierre Braun,47.745791,7.409082,19,2,2
202100056489,100Â 927,A01,1,1,1,0,2,0,-1,-1, -1,-1,2021,33.0,1,1,0,2,1,2,1,,1,AUTOROUTE A1,0,,3,8,0,1,0,600,1,, -1,1,1,1,90,2,1,1,93,93066,1,1,0,3,A1,48.90673,2.35855,15,2,2