Num_Acc,id_vehicule,num_veh,place,catu,sexe,trajet,secu1,secu2,secu3,locp,actp,etatp,year_acc,victim_age,senc,catv,obs,obsm,choc,manv,motor,occutc,catr,voie,v1,v2,circ,nbv,vosp,prof,pr,pr1,plan,lartpc,larrout,surf,infra,situ,vma,jour,mois,lum,dep,com,agg_,int,atm,col,adr,lat,long,hour,nb_victim,nb_vehicules
202100024059,158Â 644,A01,1,1,1,4,1,-1,-1,0,0,-1,2021,39.0,2,4,0,0,9,1,1,,3,96,0,D,2,2,0,1,16,500,1,, -1,1,0,8,80,16,8,1,70,70567,1,1,0,7,D96,47.544069,6.649159,7,1,1
202100041493,127Â 439,A01,2,1,1,0,2,0,-1,-1, -1,-1,2021,21.0,3,1,0,0,0,0,1,,4,DORET 1 (BOULEVARD),0,,2,0,0,1,0,0,2,, -1,1,0,1,50,3,5,4,974,97411,2,1,0,7,DORET 1 (BOULEVARD),-20.89054,55.46158,20,1,1
202100014371,176Â 024,B01,2,2,1,9,1,4,-1,-1, -1,-1,2021,52.0,2,2,0,2,4,23,1,,7,DANEMARK (AVENUE DU),0,,3,4,0,1,(1),(1),1,, -1,1,0,1,50,7,10,1,37,37261,1,1,0,5,DANEMARK (AVENUE DU),47.4301909918,0.6830937825,17,4,3
202100053283,106Â 490,A01,1,1,1,9,2,6,9,0,0,-1,2021,55.0,1,1,0,0,0,1,1,,3,,0,D,3,2,0,2,3,400,3,, -1,1,0,3,80,26,1,1,11,11145,1,1,0,7,La PagÃ¨ze,43.235335,3.172962,16,1,1
202100025400,156Â 251,A01,1,1,1,0,1,0,-1,-1, -1,-1,2021,50.0,1,2,3,9,0,0,1,,1,AUTOROUTE A1,0,,3,6,0,1,37,299,1,, -1,1,0,1,110,6,8,3,60,60241,1,1,0,5,AUTOROUTE A1,49.16184,2.59706,5,4,3
202100041427,127Â 555,B01,1,1,1,0,2,0,-1,-1, -1,-1,2021,41.0,1,1,0,2,2,17,1,,3,106,0,,2,3,3,1,0,0,1,, -1,1,0,1,50,4,5,1,92,92026,2,3,0,3,COLOMBES,48.90453,2.25584,13,2,2
202100046138,119Â 291,B01,1,1,2,9,8,0,-1,0,0,-1,2021,7.0,2,1,0,2,1,19,5,,4,BOULEVARD NEY,0,,1,1,0,1,(1),(1),1,, -1,1,0,1,50,28,3,1,75,75118,2,2,0,3,BOULEVARD NEY,48.897799,2.337434,19,2,2
202100022483,161Â 444,A01,1,1,1,0,8,0,-1,-1, -1,-1,2021,39.0,2,1,0,2,1,15,1,,4,CDT LOUIS BOUCHET (AV),0,,2,2,0,1,0,0,1,, -1,1,5,1,50,26,8,1,93,93031,2,2,0,3,Rue du Commandant Louis Bouchet / Rue Antoine Bourdelle,48.95312,2.3215,11,3,2
202100002182,197Â 890,A01,1,1,2,1,1,-1,-1,0,0,-1,2021,22.0,1,2,8,0,9,1,1,,3,110,-1,,2,2,0,1,13,930,2,,6,7,0,3,80,21,12,3,47,47050,1,1,1,6,Le Sautoul,44.298145,0.753095,7,1,1
202100034911,139Â 305,B01,1,1,1,0,2,0,-1,-1, -1,-1,2021,34.0,1,1,0,2,0,26,1,,1,AUTOROUTE A86,0,,3,4,0,1,22,700,1,, -1,1,0,1,90,11,6,1,93,93008,1,1,0,3,AUTOROUTE A86,48.9061,2.46013,19,2,2
202100009419,184Â 862,B01,1,1,1,0,8,0,-1,-1, -1,-1,2021,40.0,1,1,0,2,3,15,5,,4,BONNEVILLE (ROUTE DE),0,,-1,2,1,1,0,1,1,, -1,2,0,1,50,4,11,1,74,74012,2,1,0,3,BONNEVILLE (ROUTE DE),46.18417,6.24252,8,2,2
202100042400,125Â 841,A01,1,1,1,1,2,6,-1,0,0,-1,2021,27.0,1,1,0,2,8,1,1,,7,2,0,,2,2,0,1,4,968,1,,4,1,0,1,80,27,4,1,37,37152,1,2,1,3,,47.4515659472,0.6747885852,18,2,2
202100022550,161Â 320,B01,1,1,2,0,1,-1,-1,0,0,-1,2021,20.0,1,2,0,2,2,1,1,,3,40,-1,,2,2,0,1,22,0,1,, -1,1,0,1,80,21,8,1,74,74050,1,3,1,3,Rte du Col de Cou,46.221118,6.433697,18,2,2
202100046628,118Â 420,B01,1,1,1,1,2,6,-1,0,0,-1,2021,65.0,0,1,0,2,4,23,1,,4,FLIREY (AV. DE),0,,-1,3,0,1,0,0,1,, -1,1,0,1,50,25,3,1,6,6088,2,1,0,2,FLIREY (AV. DE),43.72112,7.275319,10,2,2
202100046312,118Â 995,B01,1,1,1,5,2,-1,-1,0,0,-1,2021,61.0,2,1,0,2,1,15,5,,4,,0,,2,2,0,1,(1),(1),1,, -1,1,0,1,50,28,3,1,65,65320,2,2,0,1,Rue du Montaigu,43.120973,0.10613,17,2,2
202100041931,126Â 668,B01,1,1,1,9,8,0,-1,0,0,-1,2021,30.0,1,1,0,2,1,1,5,,4,BOULEVARD MONTMARTRE,0,,2,2,1,1,(1),(1),1,, -1,1,0,5,50,30,4,1,75,75109,2,2,0,3,BOULEVARD MONTMARTRE,48.871485,2.343051,11,2,2
202100047241,117Â 316,A01,1,1,1,1,2,6,-1,0,0,-1,2021,47.0,2,1,8,0,1,6,1,,3,GRASSE RTE DE,0,,1,0,0,2,3,692,1,, -1,1,0,1,50,20,3,3,6,6004,1,6,0,6,GRASSE RTE DE,43.601653,7.083633,19,1,1
202100016533,172Â 074,A01,1,1,1,5,2,0,-1,0,0,-1,2021,22.0,2,1,0,2,1,5,3,,4,BOULEVARD DE COURCELLES,0,,2,4,0,1,(1),(1),1,, -1,2,0,1,30,27,9,5,75,75117,2,3,0,3,BOULEVARD DE COURCELLES,48.878854,2.30176,5,2,2
202100041436,127Â 536,B01,10,3,1,0,0,-1,-1,6,4,1,2021,34.0,1,4,1,1,2,2,1,,1,36,0,,3,4,0,4,98,310,3,, -1,2,0,1,130,4,5,3,25,25298,1,1,1,6,A36,47.343265,6.297451,22,2,1
202100040548,129Â 132,A01,10,3,2,2,0,-1,-1,3,3,1,2021,12.0,2,2,0,1,3,1,1,,3,D42,-1,,2,2,0,1,30,851,1,, -1,1,6,1,50,11,5,1,31,31203,2,1,0,6,Route de Plaisance,43.520996,1.315611,15,2,1
202100045271,120Â 799,B01,1,1,1,3,1,-1,-1,0,0,-1,2021,29.0,2,2,0,0,3,1,1,,3,,0,,2,2,0,1,35,222,1,,6,1,0,1,50,3,4,1,68,68145,2,1,0,3,Rue de vienne,48.073971,7.405429,15,3,2
202100009639,184Â 477,B01,2,2,1,0,1,0,-1,-1, -1,-1,2021,21.0,1,2,0,0,5,19,0,,4,RODET (AVENUE GUSTAVE),0,,1,0,0,2,0,0,1,, -1,2,0,1,50,2,11,5,93,93077,2,2,1,3,RODET (AVENUE GUSTAVE),48.8857,2.51194,22,6,2
202100028075,151Â 526,B01,2,2,1,5,1,-1,-1,-1, -1,-1,2021,28.0,1,2,0,2,4,2,1,,1,ROCADE A 630,0,,3,6,0,1,6,1196,1,, -1,1,0,1,90,19,7,1,33,33075,1,1,0,4,ROCADE A 630,44.888232,-0.584546,9,5,4
202100026132,154Â 982,B01,1,1,2,5,2,-1,-1,-1, -1,-1,2021,64.0,1,1,0,2,3,0,5,,3,ALSACE LORRAINE,0,,1,2,0,1,(1),(1),1,, -1,1,0,1,50,29,7,1,50,50502,2,1,0,3,ALSACE LORRAINE,49.11463,-1.09876,15,2,2
202100028678,150Â 458,A01,10,3,1,1,0,-1,-1,2,A,1,2021,49.0,1,1,0,1,1,18,3,,4,PLACE SAINT SULPICE,0,,1,2,0,1,(1),(1),1,, -1,1,0,1,30,16,7,1,75,75106,2,7,0,6,PLACE SAINT SULPICE,48.851273,2.332951,10,2,1
202100023460,159Â 690,A01,1,1,1,5,2,0,-1,0,0,-1,2021,49.0,1,1,0,2,1,1,5,,4,QUAI VOLTAIRE,0,,2,5,1,1,(1),(1),1,, -1,1,0,5,30,19,8,1,75,75107,2,1,0,1,QUAI VOLTAIRE,48.858805,2.331577,19,2,2
202100009896,184Â 006,A01,10,3,2,5,0,-1,-1,4,3,1,2021,23.0,3,2,0,1,2,1,1,,4,AV M RAMOLFO GARNIER,0,,2,2,0,1,0,0,1,, -1,1,0,1,50,1,11,5,91,91377,2,1,0,6,AV M RAMOLFO GARNIER,48.722368,2.261992,19,2,1
202100003241,195Â 973,A01,1,1,1,0,1,5,-1,-1, -1,-1,2021,22.0,1,2,2,0,9,0,1,,3,D301,0,,2,2,0,1,7,506,1,, -1,1,0,3,90,11,12,3,77,77186,1,3,0,6,D301,48.36963,2.72157,8,1,1
202100028674,150Â 464,B01,1,1,2,5,1,0,-1,0,0,-1,2021,28.0,1,2,4,2,7,1,1,,4,PORTE D ORLEANS,0,,1,3,0,1,(1),(1),1,, -1,1,1,1,70,16,7,1,75,75114,2,4,0,5,PORTE D ORLEANS,48.820927,2.321828,14,3,3
202100003033,196Â 361,A01,1,1,1,1,2,6,-1,-1, -1,-1,2021,20.0,2,1,0,2,3,3,1,,1,A50-Sens Aubagne vers Marseille,0,,3,2,0,2,15,300,2,, -1,1,0,1,90,13,12,2,13,13005,1,1,0,3,A50-Sens Aubagne vers Marseille,43.28286,5.57804,7,3,3
202100004629,193Â 492,A01,1,1,1,4,1,0,-1,-1, -1,-1,2021,65.0,1,4,4,0,1,1,1,,1,A12 Y,0,,1,4,0,1,5,160,1,, -1,2,0,1,70,5,12,1,78,78545,1,1,1,6,A12 Y,48.80785,2.05298,15,1,1
202100011778,180Â 658,A01,1,1,1,0,1,4,-1,-1, -1,-1,2021,71.0,2,2,9,0,2,14,1,,3,GAMBETTA (AV),0,,2,2,0,1,(1),(1),1,, -1,1,0,4,50,21,10,5,81,81004,2,1,0,6,GAMBETTA (AV),43.92122,2.14643,20,1,1
202100044590,122Â 015,A01,10,3,1,5,0,-1,-1,2,3,1,2021,75.0,3,1,0,1,1,1,3,,4,RUE DE CRIMEE,0,,2,2,3,2,(1),(1),1,, -1,2,0,1,30,9,4,1,75,75119,2,2,1,6,RUE DE CRIMEE,48.879584,2.389506,18,2,1
202100028433,150Â 892,B01,2,2,2,0,1,0,-1,-1, -1,-1,2021,40.0,1,2,0,2,4,1,1,,1,AUTOROUTE A86,0,,1,2,0,2,51,479,1,, -1,1,0,1,70,18,7,1,94,94034,1,1,0,2,AUTOROUTE A86,48.75963,2.32223,20,3,2
202100012348,179Â 651,B01,1,1,1,0,1,0,-1,-1, -1,-1,2021,21.0,2,5,0,2,1,0,1,,1,A55-Sens Martigues vers Marseille,0,,3,2,0,1,0,300,1,, -1,1,3,1,70,13,10,1,13,13056,1,1,0,5,A55-Sens Martigues vers Marseille,43.3940464156,5.053279613,17,3,3
202100028379,150Â 980,B01,1,1,1,5,2,-1,-1,0,0,-1,2021,44.0,2,1,0,2,7,1,1,,3,79,-1,,2,2,0,1,33,750,3,, -1,1,0,1,50,18,7,1,31,31451,2,1,0,3,Boulevard de la RÃ©publique,43.459951,2.002988,17,2,2
202100045240,120Â 859,B01,1,1,1,5,8,0,-1,0,0,-1,2021,18.0,2,1,0,2,1,9,3,,4,AVENUE DE LAUMIERE,0,,2,2,0,2,(1),(1),1,, -1,1,0,1,50,2,4,1,75,75119,2,3,0,3,AVENUE DE LAUMIERE,48.883241,2.381099,19,2,2
202100037994,133Â 748,B01,1,1,1,0,2,0,-1,0,0,-1,2021,28.0,1,1,0,2,1,17,1,,4,,0,,1,2,0,1,(1),(1),1,, -1,1,0,1,50,26,5,1,63,63113,2,4,0,2,FRANCE (RUE ANATOLE),45.77957,3.11589,20,2,2
202100049036,114Â 106,A01,1,1,1,5,2,6,-1,-1,0,-1,2021,45.0,1,1,0,0,9,14,1,,1,AUTOROUTE A115,0,,3,6,0,2,9,484,1,, -1,1,0,1,50,6,3,2,95,95060,1,1,0,6,AUTOROUTE A115,49.0390931325,2.1918720641,17,1,1
202100028605,150Â 584,B01,1,1,1,0,1,8,-1,-1, -1,-1,2021,57.0,2,2,4,2,4,2,1,,1,AUTOROUTE (A1),0,,1,6,0,1,0,699,1,, -1,1,0,1,90,16,7,1,972,97209,1,1,0,2,AUTOROUTE (A1),14.61827,-61.03856,17,2,2
202100001244,199Â 542,B01,10,3,2,5,0,-1,-1,5,0,-1,2021,74.0,3,2,0,1,2,1,1,,3,386,0,,2,2,0,1,11,400,3,, -1,2,0,8,50,27,12,1,69,69268,1,3,1,1,GENERAL BROSSET (DU) (AV),45.653257,4.750939,14,3,2
202100008102,187Â 255,A01,2,2,2,5,2,-1,-1,0,0,-1,2021,44.0,2,1,13,0,2,1,1,,2,2,0,,-1,2,0,1,23,900,2,, -1,1,0,3,40,14,11,1,987,98722,1,1,0,3,RT 2 - PK 23+900 C/MER DISTRICT DE TIAREI,-17.591429,-149.382126,17,2,1
202100028014,151Â 634,A01,1,1,1,1,2,6,-1,0,0,-1,2021,43.0,1,1,0,0,8,1,1,,3,103,-1,,2,2,0,2,54,700,1,, -1,1,0,1,80,2,7,3,42,42216,1,1,0,7,Route de Chazelles sur Lyon,45.6192684088,4.4127416611,4,1,1
202100053115,106Â 792,A01,1,1,1,0,1,-1,-1,0,0,-1,2021,76.0,1,2,2,0,2,1,1,,3,908,-1,,2,2,0,1,36,32,2,, -1,1,0,1,-1,31,1,1,34,34126,1,1,0,6,RD 908,43.588193,3.096642,14,1,1
202100034961,139Â 211,C01,1,1,2,0,1,-1,-1,-1, -1,-1,2021,32.0,2,2,0,2,4,0,1,,7,VERDUN (DE)                         (AV),0,,2,2,0,1,10,950,1,, -1,1,0,1,50,11,6,1,69,69282,2,1,1,5,VERDUN (DE) (AV),45.78259,5.00966,17,3,3
202100007094,189Â 083,A01,10,3,1,5,0,-1,-1,2,3,1,2021,52.0,1,2,0,1,0,1,1,,2,,-1,,2,2,0,2,(1),(1),1,,5,1,6,1,50,17,11,4,971,97134,2,1,0,6,Boulevard des Habissois Souverains,16.057887,-61.768296,20,2,1
202100029871,148Â 398,A01,1,1,1,0,2,6,-1,0,0,-1,2021,59.0,1,1,0,2,9,17,1,,2,22,0,T,-1,2,0,1,4,980,1,, -1,1,0,1,50,10,7,1,201,201271,2,1,0,3,T22,41.957615,8.801529,11,2,2
202100004188,194Â 270,B01,1,1,1,5,1,-1,-1,0,0,-1,2021,24.0,2,2,0,2,2,1,1,,4,213,0,D,-1,1,0,1,(1),(1),2,, -1,2,9,1,80,3,12,3,33,33273,1,6,1,1,Avenue Pierre et Marcelle Girard,44.835515,-0.803175,21,2,2
202100014198,176Â 313,A01,1,1,2,5,8,0,-1,0,0,-1,2021,49.0,1,1,0,2,8,15,5,,4,BOULEVARD RASPAIL,0,,2,4,1,2,(1),(1),1,, -1,1,0,1,30,9,10,1,75,75106,2,2,0,3,BOULEVARD RASPAIL,48.84517,2.32854,18,2,2
202100053160,106Â 714,A01,1,1,2,1,1,-1,-1,-1, -1,-1,2021,29.0,3,2,0,2,3,2,1,,4,,0,,2,2,0,2,(1),(1),1,, -1,2,0,1,50,29,1,2,69,69259,2,2,1,2,MARCEL CACHIN (AV),45.6921661447,4.8785806898,7,2,2
202100048665,114Â 766,B01,1,1,1,5,1,0,-1,-1, -1,-1,2021,87.0,1,2,0,2,3,9,1,,4,COQUELICOTS (DES),0,,1,1,0,1,(1),(1),3,, -1,1,0,1,50,9,3,1,66,66136,2,1,0,3,COQUELICOTS (DES),42.70543,2.90187,12,2,2
202100019220,167Â 274,A01,10,3,2,2,0,-1,-1,4,3,1,2021,17.0,1,2,0,1,3,1,2,,3,PASTEUR S2  (AVENUE),0,,2,2,0,1,0,0,1,, -1,1,0,1,50,13,9,1,93,93048,2,1,0,6,Avenue Pasteur,48.8684,2.4335,9,2,1
202100045368,120Â 636,A01,1,1,1,5,8,0,-1,0,0,-1,2021,20.0,3,1,0,2,1,19,5,,4,,0,,2,2,0,1,(1),(1),1,, -1,1,0,1,50,2,4,1,71,71306,2,1,0,3,MACON (RUE DE),46.67361,4.37423,18,2,2
202100032469,143Â 735,A01,1,1,1,0,1,-1,-1,-1, -1,-1,2021,51.0,3,2,0,2,1,15,1,,4,EUREXPO (PARC DES EXPOSITIONS)          ,0,,2,6,0,1,(1),(1),1,, -1,1,0,1,50,23,6,1,69,69271,2,3,0,1,EUREXPO (PARC DES EXPOSITIONS) ,45.7258956853,4.9576663971,9,2,2
202100021204,163Â 757,B01,1,1,1,0,1,0,-1,-1, -1,-1,2021,64.0,1,2,0,2,4,2,1,,2,RN12,0,,-1,3,0,1,21,0,1,, -1,1,0,1,110,3,9,1,78,78646,1,1,0,2,RN12,48.789909,2.124398,15,2,2
202100020982,164Â 162,B01,2,2,1,0,1,8,-1,-1, -1,-1,2021,54.0,2,2,0,2,4,1,1,,1,AUTOROUTE A86,0,,3,8,0,1,13,600,1,, -1,1,0,1,90,4,9,1,93,93066,1,1,0,4,AUTOROUTE A86,48.92246,2.35485,13,7,5
202100056362,101Â 157,B01,1,1,1,1,2,-1,-1,0,0,-1,2021,53.0,2,1,0,2,0,1,5,,3,937,-1,,2,2,0,1,11,100,1,, -1,1,0,1,50,4,1,1,64,64138,2,3,0,1,Impasse Cap-sus,43.230946,-0.276584,8,2,2
202100048548,114Â 974,A01,1,1,1,9,8,0,-1,-1, -1,-1,2021,45.0,2,2,0,2,1,1,1,,4,BOUIN JEAN (BD),0,,2,2,0,1,(1),(1),2,, -1,1,0,1,50,20,2,1,34,34032,2,1,0,1,BOUIN JEAN (BD),43.33381,3.25567,16,3,2
202100029774,148Â 567,A01,10,3,2,5,0,-1,-1,3,1,1,2021,24.0,1,2,0,1,1,1,1,,3,ROBERT SCHUMANN (BOULEVARD),0,,2,4,0,1,0,260,1,, -1,1,0,1,50,7,7,1,57,57757,2,1,0,6,ROBERT SCHUMANN (BOULEVARD),49.35379,6.17957,17,2,1
202100047199,117Â 400,B01,1,1,1,5,2,8,-1,-1, -1,-1,2021,69.0,3,1,0,2,1,1,1,,4,STADE DE L'EST (RUE DU),0,,2,3,0,1,0,0,1,, -1,1,0,1,50,20,3,1,974,97411,2,3,0,3,STADE DE L'EST (RUE DU),-20.90157,55.50166,14,2,2
202100027017,153Â 424,A01,1,1,1,0,2,-1,-1,0,0,-1,2021,25.0,2,1,16,2,1,0,1,,2,9,0,,2,2,0,1,(1),(1),1,, -1,1,0,1,70,27,7,1,971,97126,1,1,0,1,section saint charles,15.973068,-61.270326,12,2,2
202100021592,163Â 037,A01,1,1,1,1,2,0,-1,-1, -1,-1,2021,17.0,3,1,0,2,3,5,3,,4,ESTIENNE D'ORVES (AVE),0,,1,7,0,1,0,0,1,, -1,1,5,1,50,31,8,1,83,83137,2,9,0,3,ESTIENNE D'ORVES (AVE),43.1273427066,5.9176665545,7,2,2
202100037363,134Â 883,A01,1,1,2,5,2,-1,-1,0,0,-1,2021,26.0,3,1,0,2,1,13,1,,4,,-1,,2,2,0,2,(1),(1),4,, -1,1,0,1,50,29,5,1,987,98712,2,1,0,1,Lotissement Erima,-17.542977,-149.503646,15,3,2
202100017942,169Â 554,A01,2,2,2,5,1,-1,-1,0,0,-1,2021,20.0,2,2,13,0,1,1,1,,1,A10,-1,,3,4,0,2,494,390,1,, -1,2,0,2,110,18,9,1,33,33380,1,1,1,7,A10 PK 494.500 SENS BORDEAUX -PARIS,45.282315,-0.550861,8,3,1
202100019430,166Â 905,A01,1,1,1,5,2,-1,-1,0,0,-1,2021,37.0,2,1,0,0,7,15,1,,3,4085,-1,,1,1,0,1,99,520,2,, -1,1,0,1,50,12,9,5,4,4039,2,6,0,7,Giratoire RD 952 et RD 4085,43.846119,6.512613,21,1,1
202100021544,163Â 130,A01,1,1,1,5,2,-1,-1,0,0,-1,2021,69.0,1,1,8,0,1,1,1,,3,D8,-1,,2,2,0,1,2,700,2,, -1,1,0,1,80,2,9,1,55,55553,1,1,0,7,D8 PK 02.700,48.7776417351,5.5804109573,15,2,1
202100029833,148Â 464,A01,1,1,2,9,2,0,-1,0,0,-1,2021,25.0,2,1,0,1,1,1,5,,4,AVENUE DE LOWENDAL,0,,2,2,0,1,(1),(1),1,, -1,1,0,1,50,9,7,1,75,75107,2,2,0,6,AVENUE DE LOWENDAL,48.852702,2.309565,17,2,1
202100056175,101Â 476,C01,1,1,2,1,1,4,-1,0,0,-1,2021,44.0,1,2,0,2,4,2,1,,4,ECHANGEUR BERCY,0,,1,4,0,1,34,600,1,, -1,1,0,1,70,4,1,5,75,75112,2,1,0,4,ECHANGEUR BERCY,48.828178,2.396136,18,3,3
202100038091,133Â 577,A01,1,1,1,5,2,6,-1,0,0,-1,2021,23.0,1,1,6,0,0,13,1,,3,1,0,,-1,2,0,4,105,500,1,, -1,1,2,8,80,27,5,1,2,2800,1,1,0,6,D1,48.95878,3.4517,19,1,1
202100050737,110Â 993,A01,1,1,1,0,2,8,-1,-1, -1,-1,2021,30.0,1,1,0,2,0,0,0,,4,MONTLHERY (RUE DE),0,,2,2,0,1,0,0,1,, -1,1,0,1,50,17,2,1,91,91434,2,1,0,2,MONTLHERY (RUE DE),48.661063,2.344496,15,2,2
202100007297,188Â 702,B01,2,2,2,5,2,6,-1,0,0,-1,2021,18.0,1,1,0,2,4,23,1,,3,MITTERRAND (RUE FRANCOIS),0,,2,2,0,3,1,0,1,, -1,1,0,1,50,11,11,5,14,14271,2,1,0,2,D233,49.15147,-0.37345,18,3,2
202100055255,103Â 056,A01,1,1,1,1,2,9,-1,0,0,-1,2021,45.0,3,1,0,0,0,1,1,,4,AVENUE BEAMONTOIR,-1,,2,2,0,1,(1),(1),1,, -1,2,5,1,50,13,1,1,95,95351,1,1,1,7,Avenue Beaumontoir,49.056833,2.515612,9,1,1
202100020485,165Â 019,B01,1,1,1,1,1,-1,-1,-1, -1,-1,2021,55.0,2,2,0,2,4,2,0,,4,POINT DU JOUR (DU)                  (IM),0,,2,2,0,1,(1),(1),1,, -1,1,0,1,50,6,9,1,69,69385,2,1,0,2,POINT DU JOUR (DU) (IMP),45.7565377167,4.7983662082,18,2,2
202100030953,146Â 429,B01,1,1,2,5,1,-1,-1,-1, -1,-1,2021,42.0,2,2,0,2,6,1,1,,1,A450   0.000 A 1.090,0,,3,6,0,1,0,350,1,, -1,1,0,1,70,28,6,1,69,69152,1,1,0,3,A450  0.000 A 1.090,45.6951344633,4.8306155205,15,3,2
202100054979,103Â 540,B01,1,1,1,5,2,6,-1,0,0,-1,2021,15.0,1,1,0,2,2,17,1,,3,21,-1,,-1,2,0,4,36,879,1,, -1,2,0,1,50,16,1,1,85,85152,2,3,1,3,3 Rue de la Chapelle,46.591532,-1.648067,15,2,2
202100037163,135Â 257,A01,10,3,1,5,0,-1,-1,2,3,1,2021,56.0,1,2,1,0,0,20,1,,4,AVENUE RAPP,0,,1,1,1,1,(1),(1),1,, -1,1,0,1,50,22,5,1,75,75107,2,5,0,6,AVENUE RAPP,48.857677,2.30019,11,2,1
202100054946,103Â 595,A01,10,3,2,2,0,-1,-1,3,3,1,2021,12.0,-1,2,0,0,3,26,1,,3,"""DESCARTES (AVENUE """"DU 1 AU 41"""")  Z1""",0,,-1,2,0,1,0,1,1,, -1,1,0,1,50,15,1,1,93,93007,2,1,0,6,"""DESCARTES (AVENUE """"DU 1 AU 41"""")  Z1""",48.95047,2.4419,9,2,1
202100005556,191Â 866,A01,10,3,1,1,0,-1,-1,2,3,1,2021,37.0,2,2,0,1,3,19,1,,3,STALINGRAD (BD DE),0,,2,4,0,1,1,0,1,, -1,1,0,1,50,30,11,5,94,94017,2,2,0,6,Boulevard de Stalingrad,48.82346,2.49679,18,2,1
202100023178,160Â 187,B01,2,2,2,5,2,-1,-1,0,0,-1,2021,47.0,1,1,0,2,3,21,1,,3,93,0,,2,2,0,1,25,150,1,, -1,1,0,3,70,22,8,1,26,26183,1,2,0,3,230 Route du Diois,44.703989,5.114179,12,3,2
202100054352,104Â 606,A01,2,2,1,4,1,0,-1,0,0,-1,2021,30.0,2,5,0,2,1,12,1,,4,PORTE DE CHARENTON,0,,1,4,0,1,33,600,1,, -1,1,0,1,70,19,1,5,75,75112,2,1,0,2,PORTE DE CHARENTON,48.833099,2.407166,21,5,2
202100031084,146Â 182,A01,1,1,1,9,1,0,-1,-1, -1,-1,2021,26.0,1,2,1,0,1,26,1,,4,BRUYERES RUE DES,0,,2,2,0,1,1,0,1,, -1,1,0,1,50,27,6,5,49,49015,2,1,0,6,BRUYERES RUE DES,47.49648,-0.58514,22,1,1
202100028113,151Â 451,B01,1,1,2,9,1,0,-1,-1, -1,-1,2021,44.0,1,2,0,2,4,1,1,,3,R D 900,0,,3,2,0,1,24,623,1,, -1,1,0,1,50,16,7,1,66,66136,1,1,0,2,R D 900,42.67464,2.86344,15,2,2
202100053876,105Â 443,A01,1,1,1,5,2,-1,-1,0,0,-1,2021,64.0,3,1,16,0,0,0,5,,4,,0,,2,2,0,1,(1),(1),1,, -1,6,0,3,80,25,1,1,80,80264,1,1,0,7,Rue de Fargny,49.959448,2.790286,15,1,1
202100010676,182Â 635,B01,1,1,1,0,1,0,-1,-1, -1,-1,2021,49.0,1,2,0,2,4,23,1,,1,AUTOROUTE A86,0,,-1,9,0,1,25,899,3,, -1,1,0,1,70,28,10,3,93,93064,1,1,0,2,AUTOROUTE A86,48.88605,2.47277,5,2,2
202100021704,162Â 843,A01,1,1,2,4,1,-1,-1,0,0,-1,2021,29.0,2,2,13,0,1,14,2,,3,18,0,E,2,2,0,1,9,400,2,, -1,1,0,3,80,1,9,1,18,18140,1,1,0,6,D18e,47.155769,2.016034,13,1,1
202100049240,113Â 741,B01,1,1,2,9,1,0,-1,-1, -1,-1,2021,41.0,1,2,0,2,2,1,1,,3,MICHELET (BOULEVARD EDMOND),0,,3,4,0,1,2,125,1,, -1,1,0,1,70,3,3,1,66,66136,1,1,0,3,MICHELET (BOULEVARD EDMOND),42.70062,2.88127,11,2,2
202100000138,201Â 501,A01,10,3,2,0,0,-1,-1,4,3,1,2021,55.0,1,2,0,1,1,1,1,,4,ROBESPIERRE (RUE),0,,2,1,0,1,0,0,1,, -1,1,0,1,50,13,12,1,52,52121,2,1,0,6,ROBESPIERRE (RUE),48.103061,5.13319,7,2,1
202100050174,112Â 032,B01,1,1,1,5,2,4,-1,-1, -1,-1,2021,54.0,0,1,0,0,2,0,5,,4,GAVRE (CHEMIN),0,,-1,2,0,1,(1),(1),1,, -1,1,0,1,50,25,2,1,59,59352,1,1,0,3,GAVRE (CHEMIN),50.731782,3.048835,9,2,2
202100018860,167Â 937,A01,1,1,1,4,1,-1,-1,0,0,-1,2021,29.0,2,2,0,2,3,17,1,,3,,-1,,2,2,0,2,7,390,2,, -1,2,0,1,90,15,9,1,88,88037,1,1,0,6,D43,47.981674,6.7241,17,3,2
202100029142,149Â 655,A01,1,1,1,5,1,8,-1,-1, -1,-1,2021,26.0,2,2,1,0,2,14,1,,3,DOLE RUE DE (sup 200),0,,2,4,0,1,13,218,1,, -1,1,0,1,70,11,7,1,25,25056,2,1,0,6,DOLE RUE DE (sup 200),47.2242,5.969343,10,1,1
202100009206,185Â 254,A01,10,3,2,0,0,-1,-1,3,3,2,2021,67.0,1,2,0,1,3,0,1,,3,ROUTE DEPARTEMENTALE 3 BIS,0,,2,4,0,1,2,299,2,, -1,1,9,1,30,5,11,1,972,97213,2,6,0,6,ROUTE DEPARTEMENTALE 3 BIS,14.6146,-60.9941,10,4,1
202100003897,194Â 788,A01,1,1,2,9,1,-1,-1,0,0,-1,2021,51.0,0,2,17,0,1,1,1,,3,978,0,,2,1,0,2,22,700,1,, -1,5,0,3,80,10,12,1,58,58031,1,1,1,6,D978,47.005825,3.443361,14,1,1