Num_Acc,id_vehicule,num_veh,place,catu,sexe,trajet,secu1,secu2,secu3,locp,actp,etatp,year_acc,victim_age,senc,catv,obs,obsm,choc,manv,motor,occutc,catr,voie,v1,v2,circ,nbv,vosp,prof,pr,pr1,plan,lartpc,larrout,surf,infra,situ,vma,jour,mois,lum,dep,com,agg_,int,atm,col,adr,lat,long,hour,nb_victim,nb_vehicules
202100005358,192Â 208,A01,1,1,1,9,2,0,-1,-1, -1,-1,2021,19.0,3,1,0,2,1,1,1,,4,LECLERC (AVENUE DU GENERAL),0,,2,2,0,1,0,0,1,, -1,1,9,1,50,29,11,1,11,11262,2,3,0,3,LECLERC (AVENUE DU GENERAL),43.17889,2.9956,17,2,2
202100050676,111Â 106,A01,9,2,1,5,8,-1,-1,0,0,-1,2021,20.0,1,2,13,0,8,1,0,,3,62,0,D,2,2,0,1,9,468,1,, -1,1,0,8,80,21,2,1,76,76455,1,1,0,6,D62,49.475779,1.421957,16,4,1
202100011946,180Â 369,A01,1,1,2,0,1,0,-1,-1, -1,-1,2021,73.0,1,2,4,2,7,1,1,,1,AUTOROUTE A6,0,,3,4,0,1,9,600,1,, -1,1,0,1,110,21,10,1,91,91689,1,1,0,3,AUTOROUTE A6,48.738371,2.31795,11,2,2
202100019923,166Â 020,B01,1,1,1,9,1,0,-1,-1, -1,-1,2021,61.0,3,2,0,2,8,15,1,,4,MUGUETS   (AVENUE DES),0,,2,2,0,1,1,0,1,, -1,1,0,1,50,8,9,1,93,93032,2,3,0,3,Avenue des Muguets / Avenue des Roses,48.89473,2.54373,13,2,2
202100006420,190Â 319,A01,10,3,1,5,0,-1,-1,8,2,1,2021,74.0,3,5,0,1,4,4,0,,6,MUZENE (RUE),0,,-1,0,0,1,(1),(1),1,, -1,1,0,8,15,24,11,1,45,45234,2,9,0,6,Rue Muzene,47.8990890464,1.902257055,10,2,1
202100040414,129Â 372,B01,1,1,1,0,2,-1,-1,0,0,-1,2021,83.0,3,1,0,2,4,1,5,,9,,-1,,2,2,0,1,(1),(1),1,, -1,1,0,1,50,11,5,1,30,30179,2,1,0,6,avenue du gÃ©nÃ©ral de Gaulle,43.87411,4.592499,14,2,2
202100043013,124Â 785,A01,10,3,1,0,0,-1,-1,4,3,1,2021,60.0,1,2,0,1,1,15,1,,4,VAL SAINT GREGOIRE (RUE DU),0,,2,2,0,1,1,0,1,, -1,1,0,8,50,30,3,1,68,68066,2,9,0,6,VAL SAINT GREGOIRE (RUE DU),48.08186,7.34453,12,2,1
202100002622,197Â 093,A01,1,1,2,1,1,0,-1,0,0,-1,2021,37.0,3,2,2,2,2,21,1,,4,FALAISES (ROUTE DES) NATION A ANDELLE,0,,2,2,3,1,(1),(1),1,, -1,1,5,4,30,16,12,5,27,27701,2,1,0,3,FALAISES (ROUTE DES) NATION A ANDELLE,49.27048,1.21245,7,2,2
202100024692,157Â 509,A01,1,1,1,5,2,-1,-1,0,0,-1,2021,23.0,1,1,1,0,1,0,1,,3,25,-1,,2,2,0,3,9,(1),2,, -1,1,0,3,70,11,8,1,17,17452,1,1,0,6,D25,45.757186,-1.219069,14,1,1
202100044011,123Â 009,A01,2,2,2,9,1,0,-1,-1, -1,-1,2021,64.0,2,2,0,2,1,1,1,,3,TABLE DU ROI (CARREFOUR DE LA),0,,2,2,0,1,10,120,1,, -1,1,0,1,70,14,4,1,77,77186,1,1,0,4,TABLE DU ROI (CARREFOUR DE LA),48.48277,2.6664,11,5,3
202100017357,170Â 616,A01,1,1,1,5,1,4,-1,-1, -1,-1,2021,32.0,1,2,3,2,1,12,2,,1,AUTOROUTE A6B,0,,1,2,0,1,8,800,1,, -1,1,3,1,90,25,9,1,91,91689,1,1,0,3,AUTOROUTE A6B,48.74137,2.31934,17,2,2
202100033253,142Â 334,B01,1,1,1,5,2,-1,-1,0,0,-1,2021,76.0,1,1,0,2,8,1,5,,3,2,-1,,2,2,0,1,25,450,3,, -1,1,9,1,50,20,6,1,70,70037,2,4,0,3,43 rue des fontenis,47.532806,5.695735,13,2,2
202100017570,170Â 218,B01,1,1,1,5,2,9,-1,0,0,-1,2021,54.0,2,1,0,2,1,1,5,,3,198,-1,,2,2,0,2,7,654,1,, -1,1,5,1,80,21,9,2,78,78615,1,3,1,1,D198,48.853283,1.909545,8,3,2
202100028060,151Â 556,A01,1,1,1,5,0,-1,-1,0,0,-1,2021,16.0,1,1,0,2,2,5,5,,3,28,0,,2,2,0,1,(1),(1),1,, -1,1,0,1,50,21,7,1,40,40184,2,2,0,3,Rue des Lacs,44.208296,-1.295979,16,2,2
202100010487,182Â 979,B01,1,1,1,1,2,0,-1,-1, -1,-1,2021,22.0,0,1,0,2,1,1,1,,4,DIGNE (AVENUE DE ),0,,2,2,0,1,0,0,1,, -1,1,0,1,50,27,10,1,83,83062,1,1,0,3,DIGNE (AVENUE DE ),43.146444,6.034538,14,2,2
202100016816,171Â 560,A01,10,3,2,1,0,-1,-1,3,3,1,2021,32.0,1,2,0,1,1,1,1,,3,IMP DE L'AULNAYE DRACOURT,0,,1,1,0,1,0,0,1,, -1,1,6,1,30,23,9,1,91,91377,2,1,1,6,IMP DE L'AULNAYE DRACOURT,48.7333,2.28333,11,2,1
202100031853,144Â 817,A01,2,2,2,0,1,0,-1,-1, -1,-1,2021,30.0,0,2,0,2,2,1,1,,4,DOUMER (AVENUE DU PRESIDENT),0,,2,2,0,1,0,0,1,, -1,1,0,1,50,26,6,2,66,66136,2,3,0,3,DOUMER (AVENUE DU PRESIDENT),42.69304,2.88715,21,3,2
202100038095,133Â 570,A01,1,1,1,5,2,-1,-1,0,0,-1,2021,15.0,3,1,0,0,2,1,1,,4,,-1,,2,2,0,1,(1),(1),3,, -1,1,0,3,50,28,5,1,1,1159,1,1,0,7,Route des Dimes,46.3343718904,4.8725821018,17,2,1
202100010822,182Â 387,A01,1,1,2,3,1,0,-1,-1, -1,-1,2021,31.0,1,2,0,2,4,1,1,,1,A507 sens Marseille - Aubagne,0,,3,4,0,1,8,720,1,, -1,1,1,1,70,27,10,5,13,13055,1,1,0,2,A507 sens Marseille - Aubagne,43.28786,5.42478,19,2,2
202100006065,190Â 961,B01,1,1,1,5,4,0,-1,0,0,-1,2021,42.0,3,1,0,2,6,2,5,,3,111,0,D,2,2,0,1,5,40,2,, -1,2,5,1,80,27,11,3,49,49035,1,3,1,2,D111,47.433941,-0.614057,18,2,2
202100022012,162Â 288,A01,2,2,1,5,1,-1,-1,0,0,-1,2021,31.0,1,2,0,2,4,11,1,,1,8,0,A,1,3,0,2,167,0,1,, -1,1,0,1,90,29,8,3,6,6085,1,1,0,4,a8 pk 167.000 voie sud,43.58493,7.027044,1,11,3
202100044841,121Â 564,A01,1,1,1,4,1,0,-1,-1, -1,-1,2021,31.0,2,4,0,0,0,0,1,,3,RTE DE STAINS,0,,3,2,0,1,1,0,1,, -1,1,0,1,50,7,4,1,94,94011,2,9,0,6,Route de Stains,48.7791,2.4922,10,1,1
202100051520,109Â 604,B01,2,2,2,9,2,6,-1,0,0,-1,2021,21.0,1,1,0,2,1,1,1,,4,BOULEVARD BESSIERES,0,,3,2,0,1,(1),(1),1,, -1,1,0,1,50,13,2,1,75,75117,2,2,0,3,BOULEVARD BESSIERES,48.897633499,2.3241502047,16,3,2
202100053427,106Â 215,B01,1,1,1,0,1,8,-1,-1, -1,-1,2021,56.0,2,2,0,2,3,15,1,,4,BALATA (ROUTE DE),0,,2,2,0,1,(1),(1),1,, -1,1,0,1,50,25,1,5,972,97209,1,1,0,1,BALATA (ROUTE DE),14.62235,-61.07285,20,2,2
202100031437,145Â 551,B01,1,1,1,0,2,0,-1,-1, -1,-1,2021,33.0,1,1,0,2,8,1,1,,4,,0,,2,2,0,1,0,0,1,, -1,1,0,1,50,1,7,1,92,92051,2,3,0,3,MADRID (AVENUE DE),48.883258161,2.259786576,10,2,2
202100015348,174Â 277,A01,1,1,2,1,8,0,-1,-1, -1,-1,2021,20.0,3,1,12,0,0,0,3,,4,SADI-CARNOT (AVEN.) [DU NÂ° AU NÂ°],0,,2,2,0,1,(1),(1),1,, -1,1,0,1,50,2,10,1,7,7102,2,1,0,7,SADI-CARNOT (AVEN.) [DU NÂ° AU NÂ°],44.924769,4.868263,12,1,1
202100030138,147Â 903,B01,2,2,1,1,1,-1,-1,-1,0,-1,2021,53.0,1,2,0,2,4,2,1,,1,AUTOROUTE A15,0,,3,10,0,2,9,899,2,, -1,1,0,1,110,7,7,1,95,95582,1,1,0,2, A15,48.97472,2.24404,6,3,2
202100035063,139Â 021,A01,10,3,1,9,0,-1,-1,3,3,2,2021,6.0,1,1,0,1,1,1,5,,4,RUE DES MORILLONS,0,,1,2,1,2,(1),(1),1,, -1,1,0,1,50,11,6,1,75,75115,2,3,0,6,RUE DES MORILLONS,48.833792,2.297844,8,3,1
202100011929,180Â 402,B01,1,1,1,1,2,-1,-1,0,0,-1,2021,16.0,1,1,0,2,8,0,1,,3,24,-1,,2,2,0,1,23,652,1,, -1,1,0,1,50,22,10,1,34,34145,2,3,0,1,Avenue de Mauguio,43.67406,4.127469,9,2,2
202100003706,195Â 126,B01,1,1,1,2,2,8,-1,-1, -1,-1,2021,15.0,3,1,0,2,8,1,1,,4,JAURES (RUE JEAN),0,,-1,2,0,1,0,0,1,, -1,1,0,1,50,8,12,1,8,8409,2,1,0,3,JAURES (RUE JEAN),49.69818,4.93175,13,2,2
202100027303,152Â 927,A01,1,1,1,5,2,6,9,0,0,-1,2021,22.0,1,1,12,0,1,14,1,,4,53,0,D,2,2,0,2,(1),(1),3,, -1,1,0,4,50,21,7,1,35,35012,2,1,0,7,Rue du ChÃªne Vert,47.84629,-1.686847,13,1,1
202100029334,149Â 330,A01,1,1,1,5,8,0,-1,0,0,-1,2021,71.0,2,1,12,0,1,11,5,,4,RUE DE RIVOLI,0,,2,3,1,1,(1),(1),1,, -1,1,0,5,20,12,7,1,75,75104,2,3,0,6,RUE DE RIVOLI,48.855209,2.361128,13,1,1
202100052517,107Â 847,B01,1,1,1,1,2,6,-1,-1, -1,-1,2021,29.0,1,1,0,2,3,3,1,,4,BOUCLE (DE LA)                      (MO),0,,3,3,2,2,(1),(1),1,, -1,1,0,1,50,4,2,2,69,69384,2,1,0,3,BOUCLE (DE LA) (MO),45.7814660805,4.8392884537,7,2,2
202100029675,148Â 752,A01,2,2,1,5,2,6,-1,0,0,-1,2021,17.0,1,1,0,2,3,19,1,,3,278,0,D,2,2,0,1,5,113,1,, -1,1,0,1,90,11,7,1,3,3258,1,2,0,1,Rue de Vendat,46.182096,3.332173,11,5,2
202100044915,121Â 439,B01,1,1,1,9,2,8,-1,-1, -1,-1,2021,20.0,3,1,0,2,1,17,1,,4,,0,,2,2,0,1,(1),(1),1,, -1,1,0,1,50,4,4,1,85,85194,2,1,0,3,GAULLE (AVENUE CHARLES DE),46.50821,-1.76948,18,2,2
202100030761,146Â 775,A01,1,1,2,5,8,-1,-1,-1, -1,-1,2021,55.0,0,1,0,0,0,16,5,,4,ESSES (DES)                         (MO),0,,2,2,2,2,(1),(1),3,, -1,2,0,1,50,3,7,1,69,69384,2,1,0,7,ESSES (DES) (MO),45.77195,4.81612,15,1,1
202100009090,185Â 459,B01,1,1,2,0,1,0,-1,0,0,-1,2021,55.0,1,2,0,2,4,2,1,,4,AIGUILLETTES  (BD 5A A 17A),0,,2,4,0,1,(1),(1),1,, -1,1,0,1,50,6,11,1,54,54578,2,1,0,2,AIGUILLETTES  (BD 5A A 17A),48.670147,6.158659,14,4,2
202100041563,127Â 312,B01,1,1,1,0,1,0,-1,-1, -1,-1,2021,49.0,2,2,0,2,4,1,1,,3,AV DE LA REPUBLIQUE ,0,,2,2,0,1,1,0,1,, -1,1,2,1,50,2,5,2,94,94046,2,9,0,4,Avenue de la RÃ©publique,48.8106,2.45707,19,6,4
202100055356,102Â 889,A01,1,1,1,4,2,6,-1,0,0,-1,2021,36.0,1,1,0,2,2,17,1,,4,RUE DU CHATEAU DES RENTIERS,0,,2,2,0,1,(1),(1),1,, -1,2,0,1,50,12,1,5,75,75113,2,1,1,2,RUE DU CHATEAU DES RENTIERS,48.830492,2.361816,20,2,2
202100001859,198Â 473,B01,1,1,1,3,1,-1,-1,0,0,-1,2021,35.0,1,2,0,2,4,2,1,,3,ROMAIN (BOULEVARD DU CDT CELESTIN),0,,-1,2,0,2,1,228,1,, -1,1,0,1,50,21,12,2,65,65286,2,1,0,2,ROMAIN (BOULEVARD DU CDT CELESTIN),43.09996,-0.0495,18,2,2
202100025964,155Â 269,B01,1,1,1,0,8,-1,-1,-1, -1,-1,2021,21.0,3,1,0,2,8,1,1,,4,BELLECOMBE (DE)                     (R ),0,,1,1,2,1,(1),(1),1,, -1,1,0,1,50,1,8,1,69,69386,2,2,0,3,BELLECOMBE (DE) (R),45.76634,4.86345,13,2,2
202100039658,130Â 706,B01,1,1,1,9,1,-1,-1,0,0,-1,2021,56.0,2,2,0,2,1,2,1,,1,7,0,A,3,5,0,2,35,200,1,, -1,2,0,1,130,14,5,1,26,26002,1,1,0,2,A7 - PK 32.500,45.23737,4.846441,8,3,2
202100029485,149Â 087,B01,2,2,2,5,1,-1,-1,0,0,-1,2021,61.0,1,2,0,0,7,1,1,,3,30,-1,,2,2,0,1,6,40,1,, -1,1,0,1,-1,11,7,1,86,86150,1,2,0,3,Intersection D30 / D738,46.744919,0.042272,14,4,2
202100040861,128Â 590,A01,1,1,1,1,2,6,-1,-1, -1,-1,2021,25.0,1,1,0,2,2,3,1,,2,RN104,0,,3,3,0,2,3,599,1,, -1,1,0,1,90,7,5,1,77,77373,1,1,0,4,RN104,48.802739259,2.6265561707,12,3,3
202100007351,188Â 613,B01,1,1,1,1,2,6,-1,-1, -1,-1,2021,37.0,2,1,0,2,1,1,1,,3,FONTAINEBLEAU (AV DE),0,,1,1,0,1,211,0,1,, -1,2,0,1,50,19,11,5,94,94073,2,1,1,3,Avenue de Fontainebleau,48.767275,2.368227,18,2,2
202100049162,113Â 879,B01,1,1,1,4,1,-1,-1,0,0,-1,2021,53.0,1,4,0,2,1,2,1,,3,928,-1,,2,2,0,1,0,830,1,, -1,1,0,1,80,5,3,1,62,62481,1,1,0,2,D928,50.283499,1.989985,16,2,2
202100008767,186Â 067,A01,2,2,1,0,1,-1,-1,-1, -1,-1,2021,47.0,3,2,0,2,2,15,1,,4,BERGER (RUE GILBERT),0,,2,2,0,1,111,0,1,, -1,1,0,1,50,9,11,1,93,93073,2,3,0,3,BERGER (RUE GILBERT),48.9506548582,2.5801885128,10,3,2
202100036470,136Â 510,A01,1,1,1,1,2,6,-1,0,0,-1,2021,23.0,1,1,0,2,3,18,3,,4,RUE DU DEPART,0,,2,4,1,1,(1),(1),1,, -1,1,0,1,50,3,6,1,75,75115,2,1,0,3,RUE DU DEPART,48.841534,2.321971,12,2,2
202100011677,180Â 853,A01,10,3,2,0,0,-1,-1,1,3,1,2021,25.0,2,4,0,1,3,1,1,,3,985,0,,2,2,0,1,1,0,1,, -1,1,6,1,50,22,10,1,92,92073,2,1,0,6,SELLIER (BOULEVARD HENRI),48.864483,2.218907,10,2,1
202100020931,164Â 244,A01,1,1,1,1,2,-1,-1,0,0,-1,2021,20.0,3,1,0,2,5,15,1,,3,245,0,A,2,2,0,1,(1),(1),1,, -1,1,0,1,50,4,9,1,58,58059,2,1,0,3,28 Avenue Gambetta,47.179209,3.025607,14,2,2
202100011417,181Â 314,B01,1,1,1,9,2,0,-1,0,0,-1,2021,18.0,1,1,0,2,7,1,1,,4,AVENUE SIMON BOLIVAR,0,,2,2,0,2,(1),(1),1,, -1,1,0,1,30,23,10,1,75,75119,2,1,0,3,AVENUE SIMON BOLIVAR,48.876324,2.375838,16,2,2
202100010781,182Â 468,A01,1,1,2,4,1,-1,-1,0,0,-1,2021,43.0,2,5,0,2,3,13,1,,3,D992,0,,2,2,0,1,23,540,3,, -1,1,0,1,80,28,10,1,1,1034,1,1,1,1,D992,45.759262,5.712867,12,2,2
202100044148,122Â 765,A01,1,1,1,3,2,6,-1,-1, -1,-1,2021,51.0,1,1,0,2,0,15,1,,4,GUTENBERG (RUE JEAN),0,,2,2,0,2,(1),(1),1,, -1,1,0,1,50,12,4,1,44,44184,2,2,0,3,GUTENBERG (RUE JEAN),47.28034,-2.22847,15,3,2
202100042920,124Â 951,B01,1,1,1,5,2,0,-1,-1, -1,-1,2021,7.0,3,1,0,2,8,0,5,,3,AV LOUIS BLANC ,0,,2,2,0,1,1,0,1,, -1,1,0,1,50,23,4,1,94,94068,2,2,0,3,Avenue Louis Blanc,48.792101,2.497146,18,2,2
202100053375,106Â 317,A01,1,1,2,4,1,-1,-1,0,0,-1,2021,61.0,2,2,2,0,1,14,1,,7,69,0,C,2,2,0,1,5,100,1,, -1,2,0,3,80,29,1,1,57,57142,1,1,1,6,RD 69 C,49.164939,6.224849,14,1,1
202100055662,102Â 359,A01,10,3,2,3,0,-1,-1,1,3,1,2021,72.0,1,2,0,1,3,15,1,,3,952,0,,2,3,0,1,85,353,1,, -1,1,5,1,50,9,1,1,54,54431,2,3,0,6,BRIEY (ROUTE DE),48.909788,6.038757,15,3,1
202100051108,110Â 320,A01,1,1,2,3,2,6,9,0,0,-1,2021,21.0,1,1,0,0,0,0,1,,3,,0,D,2,2,0,3,42,250,2,, -1,1,0,1,80,19,2,1,49,49127,1,1,0,1,la touchardiÃ¨re,47.705054,-0.268875,14,2,2
202100019815,166Â 226,A01,1,1,1,0,2,6,-1,-1, -1,-1,2021,25.0,1,1,0,2,1,3,1,,2,315,0,,1,2,0,1,3,200,1,, -1,1,1,2,70,10,9,1,92,92036,1,1,0,2,RN315 W,48.9318301185,2.3021185398,12,2,2
202100036828,135Â 872,A01,10,3,1,1,0,-1,-1,1,9,2,2021,43.0,2,2,0,2,2,21,1,,4,PORTE DE CLICHY,0,,1,3,3,2,(1),(1),1,, -1,1,0,1,50,2,6,1,75,75117,2,4,0,6,PORTE DE CLICHY,48.897468,2.312269,13,3,1
202100036059,137Â 226,B01,1,1,2,5,8,0,-1,-1, -1,-1,2021,19.0,2,1,0,2,1,26,3,,4,104Â° R.I. (RUE DU),0,,1,1,0,1,0,0,1,, -1,1,5,1,30,5,6,1,61,61006,2,2,1,3,104Â° R.I. (RUE DU),48.74450999,-0.015540002,19,2,2
202100009860,184Â 076,A01,1,1,1,3,2,6,-1,0,0,-1,2021,19.0,1,1,12,0,1,2,1,,7,610,-1,,2,2,0,1,7,344,2,, -1,2,0,4,80,2,11,3,34,34256,1,6,1,6,d610,43.699589,4.018207,20,2,1
202100004204,194Â 237,A01,1,1,2,0,1,0,-1,-1, -1,-1,2021,66.0,1,2,0,2,1,2,1,,2,13,0,,3,4,0,1,7,500,1,, -1,1,0,1,70,8,12,1,92,92051,1,1,0,2,RN13,48.8827383399,2.2670725587,11,3,2
202100056262,101Â 330,B01,1,1,1,1,2,0,-1,-1, -1,-1,2021,19.0,1,1,14,0,1,18,1,,4,NANTES (RUE DE),0,,2,2,1,1,(1),(1),1,, -1,2,0,5,50,4,1,2,35,35238,2,1,1,3,NANTES (RUE DE),48.09186,-1.69185,17,3,2
202100000391,201Â 006,A01,4,2,2,0,1,0,-1,-1, -1,-1,2021,15.0,1,2,0,2,4,23,1,,3,BAYONNE DE,0,,2,2,0,1,35,890,1,, -1,2,0,1,50,14,11,5,64,64129,2,6,1,2,BAYONNE DE,43.30505,-0.40183,18,5,2
202100007659,188Â 060,B01,1,1,2,1,2,0,-1,0,0,-1,2021,52.0,3,1,0,2,0,17,1,,4,QUAI D IVRY,0,,3,2,0,1,(1),(1),1,, -1,2,0,1,30,17,11,1,75,75113,2,3,0,3,QUAI D IVRY,48.826236,2.387269,9,2,2
202100002254,197Â 754,A01,10,3,1,1,0,-1,-1,2,3,1,2021,18.0,1,2,0,1,1,9,1,,3,BRETAGNE (ROUTE DE ),0,,2,2,0,1,1,0,1,, -1,1,0,1,50,18,12,5,14,14101,2,1,0,6,D675,49.16642,-0.41392,18,2,1
202100036030,137Â 284,B01,1,1,2,1,1,-1,-1,0,0,-1,2021,26.0,2,2,0,2,3,1,1,,3,1113,0,,2,2,0,1,20,600,1,, -1,1,0,1,80,2,6,1,33,33080,1,3,0,3,Avenue de Toulouse,44.730912,-0.532209,14,2,2
202100001303,199Â 436,B01,1,1,1,4,2,8,-1,-1, -1,-1,2021,43.0,2,1,0,2,3,16,0,,3,131,0,,3,5,0,1,0,0,1,, -1,2,0,1,50,26,12,5,92,92050,2,2,1,3,JOLIOT CURIE F. ET IRENE AVENUE  NÂ°PAIRS,48.88935,2.20415,21,2,2
202100003014,196Â 390,A01,1,1,1,5,1,-1,-1,0,0,-1,2021,38.0,2,2,13,0,3,1,1,,4,,-1,,2,2,0,1,(1),(1),3,,4,1,0,3,50,15,12,3,37,37027,2,1,0,6,Rue de la Verronnerie,47.3179430884,0.9985247254,22,1,1
202100042265,126Â 082,A01,1,1,1,1,1,-1,-1,0,0,-1,2021,36.0,2,2,6,0,1,13,1,,3,27,0,D,2,2,0,1,3,340,1,, -1,1,2,3,80,28,4,5,9,9076,1,1,0,6,dÃ©partementale 27,43.256065,1.539524,21,1,1
202100017108,171Â 050,A01,10,3,1,0,0,-1,-1,2,3,1,2021,3.0,1,2,0,1,7,1,1,,4,BENOIT MALON (R),0,,1,1,0,2,0,0,1,, -1,1,0,1,30,23,9,1,94,94017,2,1,0,6,BENOIT MALON (R),48.82759,2.50246,18,2,1
202100026249,154Â 777,A01,1,1,2,0,1,0,-1,-1, -1,-1,2021,24.0,1,2,4,2,7,1,1,,1,AUTOROUTE A86,0,,3,8,0,2,15,300,1,, -1,1,0,1,90,30,7,4,93,93001,1,1,0,6,AUTOROUTE A86,48.92151,2.37645,22,1,1
202100052231,108Â 343,A01,1,1,1,9,2,6,-1,0,0,-1,2021,21.0,1,1,0,2,1,1,1,,4,BOULEVARD MONTMARTRE,0,,2,5,0,1,(1),(1),1,, -1,2,0,1,50,6,2,1,75,75109,2,2,1,3,BOULEVARD MONTMARTRE,48.871489,2.343067,14,2,2
202100052157,108Â 483,A01,1,1,2,9,8,-1,-1,0,0,-1,2021,28.0,2,2,0,2,1,1,1,,3,952,0,,2,2,0,1,53,600,1,, -1,1,0,1,90,8,2,1,37,37077,1,1,0,1,Les Varennes,47.3300023452,0.4526845259,16,3,2
202100007039,189Â 174,A01,1,1,1,0,2,6,-1,0,0,-1,2021,50.0,3,1,0,2,2,12,1,,4,VOIE RAPIDE,0,,3,4,0,1,(1),(1),2,, -1,1,2,1,50,20,11,1,6,6088,2,1,0,3,VOIE RAPIDE,43.70846,7.27104,14,2,2
202100044710,121Â 796,B01,1,1,1,9,2,6,-1,0,0,-1,2021,31.0,1,1,0,2,4,1,1,,4,PLACE DE WAGRAM,0,,-1,2,0,1,(1),(1),1,, -1,1,0,1,50,8,4,1,75,75117,2,7,0,2,PLACE DE WAGRAM,48.8875746164,2.3046451807,8,2,2
202100017791,169Â 815,A01,10,3,2,2,0,-1,-1,4,3,1,2021,11.0,2,2,0,1,3,7,1,,4,DUQUESNE                            (R ),0,,2,5,3,1,(1),(1),1,, -1,2,0,1,50,20,9,1,69,69386,2,2,1,6,DUQUESNE (R),45.7729681037,4.8482638082,17,2,1
202100001403,199Â 267,A01,1,1,1,0,1,-1,-1,0,0,-1,2021,23.0,1,2,8,0,8,1,1,,3,790,-1,,2,2,0,2,(1),(1),2,, -1,2,0,3,80,27,12,3,22,22061,1,1,1,6,Le Merdy,48.17266838,-3.37001323,0,1,1
202100006286,190Â 560,B01,1,1,1,9,2,0,-1,0,0,-1,2021,26.0,2,1,0,2,1,1,1,,4,AVENUE NIEL,0,,2,2,0,1,(1),(1),1,, -1,1,0,1,30,25,11,1,75,75117,2,2,0,3,AVENUE NIEL,48.882923,2.296392,14,2,2
202100043046,124Â 731,A01,1,1,1,1,8,0,-1,-1, -1,-1,2021,20.0,1,1,0,2,1,1,5,,4,JULES GUESDE (RUE),0,,2,2,1,1,(1),(1),1,, -1,1,0,5,50,22,4,1,10,10387,2,3,0,3,JULES GUESDE (RUE),48.294,4.08185,13,2,2
202100028218,151Â 253,A01,1,1,2,5,2,6,-1,0,0,-1,2021,55.0,1,6,13,0,8,16,1,,4,,-1,,2,2,0,1,(1),(1),3,,4,1,0,3,70,20,7,1,64,64495,1,4,0,7,1220 Chemin Karrika Zahara,43.358351,-1.601236,15,1,1
202100051430,109Â 765,A01,1,1,1,5,1,-1,-1,-1, -1,-1,2021,48.0,0,2,1,0,1,1,1,,4,MEDERIC (RUE),0,,2,2,0,1,(1),(1),1,, -1,1,0,8,50,14,2,5,50,50602,2,1,0,6,MEDERIC (RUE),49.64235,-1.58713,21,1,1
202100035029,139Â 080,B01,1,1,1,0,2,0,-1,-1, -1,-1,2021,43.0,2,1,0,2,1,1,1,,7,COL DE LA GINESTE D559,0,,2,2,0,1,1,0,4,, -1,1,0,1,70,11,6,1,13,13209,2,1,0,1,COL DE LA GINESTE D559,43.2466711774,5.4495412304,17,2,2
202100027670,152Â 260,A01,1,1,1,0,2,6,-1,-1, -1,-1,2021,49.0,2,1,0,2,8,11,1,,1,AUTOROUTE A86,0,,3,7,0,1,26,299,1,, -1,1,0,1,90,22,7,1,93,93064,1,1,0,2,AUTOROUTE A86,48.88224,2.47345,13,2,2
202100037914,133Â 895,A01,1,1,1,1,2,-1,-1,0,0,-1,2021,43.0,1,1,6,0,8,1,1,,3,,-1,,2,2,0,1,46,126,3,, -1,1,0,4,50,28,5,1,85,85255,2,1,0,6,17 Rue Georges ClÃ©menceau,46.354638,-1.247768,18,2,1
202100039461,131Â 071,A01,1,1,1,1,1,0,-1,-1, -1,-1,2021,30.0,1,2,2,0,1,14,0,,7,ROUTE DE JEAN MOULIN-RN 538,0,,2,2,0,1,0,0,1,, -1,1,0,3,80,18,5,1,13,13103,1,1,0,6,ROUTE DE JEAN MOULIN-RN 538,43.62021,5.09648,12,1,1
202100038960,131Â 998,A01,10,3,2,5,0,-1,-1,2,3,1,2021,78.0,1,1,0,1,8,15,1,,4,BOULEVARD DE COURCELLES,0,,2,2,0,1,(1),(1),1,, -1,1,0,1,50,21,5,1,75,75117,2,2,0,6,BOULEVARD DE COURCELLES,48.88086,2.312553,14,2,1
202100053419,106Â 232,B01,3,2,1,1,1,0,-1,-1,0,-1,2021,33.0,1,2,0,2,4,2,1,,3,170 ,0,,3,6,0,1,3,900,1,, -1,2,0,1,70,27,1,3,95,95277,1,1,1,2,RD 170 ,48.9775165958,2.4658754377,7,4,2
202100054383,104Â 555,A01,6,2,1,0,3,-1,-1,0,0,-1,2021,1.0,1,5,3,0,1,1,1,,1,71,-1,,3,4,0,1,141,347,1,, -1,2,0,1,110,21,1,3,41,41161,1,1,1,6,A71 PK 143+150 sens 1,47.553505,2.008953,18,3,1
202100025536,156Â 028,A01,6,2,2,9,1,-1,-1,0,0,-1,2021,56.0,1,2,0,0,7,13,1,,3,D758,-1,,2,1,0,1,8,500,3,, -1,2,0,1,70,5,8,1,85,85029,1,1,1,3,Route de Beauvoir,46.95293,-2.01799,12,6,2
202100030766,146Â 767,B01,1,1,1,0,8,-1,-1,-1, -1,-1,2021,29.0,2,1,0,2,1,1,5,,4,BOURBONNAIS (DU)                    (R ),0,,1,1,0,2,(1),(1),1,, -1,1,0,4,50,28,6,1,69,69389,2,1,0,3,BOURBONNAIS (DU) (R),45.77357,4.79423,18,2,2
202100020833,164Â 406,A01,1,1,2,3,1,0,-1,-1, -1,-1,2021,68.0,1,2,0,2,3,9,1,,3,50,0,,3,2,0,1,0,0,1,, -1,2,0,1,50,4,9,1,91,91421,2,1,1,3,JEAN JAURES (AVENUE),48.71778,2.445,16,2,2