Num_Acc,id_vehicule,num_veh,place,catu,sexe,trajet,secu1,secu2,secu3,locp,actp,etatp,year_acc,victim_age,senc,catv,obs,obsm,choc,manv,motor,occutc,catr,voie,v1,v2,circ,nbv,vosp,prof,pr,pr1,plan,lartpc,larrout,surf,infra,situ,vma,jour,mois,lum,dep,com,agg_,int,atm,col,adr,lat,long,hour,nb_victim,nb_vehicules
202100023728,159Â 204,A01,1,1,2,0,8,0,-1,-1, -1,-1,2021,44.0,2,1,0,2,1,1,1,,7,BASSINS DE RADOUB (BOULEVARD DES),0,,1,2,0,1,0,0,1,, -1,1,0,1,50,17,8,1,13,13202,2,3,0,3,BASSINS DE RADOUB (BOULEVARD DES),43.3267,5.35843,9,2,2
202100045262,120Â 816,B01,1,1,1,4,1,0,-1,-1, -1,-1,2021,43.0,3,5,0,2,2,1,3,,3,7,0,,4,4,0,1,0,0,1,, -1,1,5,1,50,3,4,1,92,92064,2,1,0,3,CARNOT,48.8461750355,2.2239026427,16,3,2
202100007429,188Â 476,D01,1,1,1,1,2,6,-1,-1, -1,-1,2021,45.0,1,1,0,2,1,1,1,,1,A4,0,,-1,5,0,1,3,0,1,, -1,1,0,1,90,19,11,3,94,94069,1,1,0,6,A4,48.8172046066,2.428517825,19,5,5
202100015023,174Â 851,A01,1,1,2,0,1,0,-1,0,0,-1,2021,19.0,3,2,0,2,3,26,1,,7,RECLUS (AVENUE ELISEE),0,,1,2,0,1,(1),(1),1,, -1,1,5,1,50,30,9,1,63,63113,2,6,0,3,RECLUS (AVENUE ELISEE),45.7834,3.14405,16,2,2
202100039565,130Â 865,B01,1,1,1,0,2,0,-1,-1, -1,-1,2021,55.0,2,1,0,2,1,1,1,,4,ALSACE (RUE D'),0,,3,4,0,1,1,0,1,, -1,2,0,1,50,11,5,1,68,68066,2,9,0,3,ALSACE (RUE D'),48.07209,7.36944,18,2,2
202100003021,196Â 379,A01,1,1,1,5,1,-1,-1,0,0,-1,2021,20.0,2,2,2,0,1,1,1,,3,907,0,,2,2,0,1,3,100,1,, -1,1,0,3,50,15,12,3,54,54063,1,1,0,6,Grand Rue,48.843201,5.844592,21,1,1
202100012673,179Â 063,B01,1,1,1,1,2,6,-1,0,0,-1,2021,23.0,1,1,0,2,8,2,1,,4,BOULEVARD DE COURCELLES,0,,2,1,1,1,(1),(1),1,, -1,1,0,1,30,15,10,5,75,75117,2,2,0,3,BOULEVARD DE COURCELLES,48.880863,2.312644,23,2,2
202100025149,156Â 703,B01,4,2,2,5,1,0,-1,0,0,-1,2021,63.0,3,2,0,2,4,23,1,,4,QUAI DE LA RAPEE,0,,1,6,0,2,(1),(1),1,, -1,2,0,1,50,7,8,1,75,75112,2,1,0,2,QUAI DE LA RAPEE,48.842584,2.371567,13,3,2
202100038222,133Â 326,A01,1,1,1,1,8,0,-1,0,0,-1,2021,32.0,1,1,0,0,3,14,3,,4,BOULEVARD PONIATOWSKI,0,,2,2,1,1,(1),(1),1,, -1,1,0,5,50,26,5,1,75,75112,2,1,0,7,BOULEVARD PONIATOWSKI,48.832135,2.398393,10,1,1
202100054205,104Â 858,A01,10,3,2,2,0,-1,-1,2,3,1,2021,14.0,1,2,0,1,1,15,1,,3,CHAMPAGNE AVENUE DE,0,,1,1,0,2,22,0,2,, -1,2,3,1,50,21,1,2,51,51454,2,3,0,7,Rue de Louvois,49.2298998058,4.0355499161,7,2,1
202100001188,199Â 649,B01,1,1,1,1,2,6,-1,-1, -1,-1,2021,57.0,2,1,0,2,1,1,1,,4,Berthonneau (rue Jules),0,,2,2,0,1,(1),(1),1,, -1,1,0,1,50,20,12,5,41,41018,2,1,0,3,Berthonneau (rue Jules),47.607307,1.302525,8,2,2
202100038229,133Â 313,B01,1,1,1,0,2,8,-1,-1, -1,-1,2021,26.0,2,1,0,2,8,1,1,,4,AV LUCIEN FRANCAIS ,0,,2,2,0,1,1,0,1,, -1,2,0,1,50,26,5,1,94,94081,2,1,1,4,LUCIEN FRANCAIS (AV),48.78566,2.3878,16,3,3
202100030309,147Â 588,B01,1,1,1,5,1,-1,-1,-1, -1,-1,2021,29.0,1,2,0,2,4,2,1,,1,AUTOROUTE A 63,0,,3,4,0,1,2,407,1,, -1,2,0,1,110,7,7,1,33,33090,1,1,1,4,,44.774722,-0.652155,17,11,4
202100052560,107Â 772,A01,1,1,1,1,2,6,-1,-1, -1,-1,2021,63.0,1,1,0,2,7,1,1,,4,VOLTAIRE,0,,1,1,0,2,0,0,1,, -1,1,0,1,50,4,2,1,11,11069,2,3,0,3,VOLTAIRE,43.2111,2.3496,14,2,2
202100054650,104Â 106,A01,1,1,1,5,2,6,-1,0,0,-1,2021,15.0,2,1,12,0,1,1,1,,3,D779,0,,2,2,0,1,32,4,2,, -1,1,0,1,50,18,1,1,3,3102,2,1,0,6,D779 - Route Nationale,46.5242410083,3.678709325,17,1,1
202100039792,130Â 457,B01,3,2,2,5,1,0,-1,-1, -1,-1,2021,12.0,1,2,0,2,4,1,1,,1,A86 INT,0,,1,2,0,1,48,200,1,, -1,1,0,1,90,16,5,1,94,94065,1,1,0,4,A86 INT,48.75367,2.36463,18,4,3
202100017581,170Â 199,B01,1,1,1,5,2,6,9,0,0,-1,2021,46.0,1,1,0,2,1,1,1,,2,7,0,,2,2,0,1,28,0,1,, -1,1,0,1,70,23,9,1,69,69010,1,3,0,3,RN7 ,45.8395510149,4.6047279239,14,2,2
202100030160,147Â 857,A01,10,3,1,5,0,-1,-1,1,2,2,2021,88.0,0,2,0,1,4,5,1,,4,GARIBALDI. RUE,0,,2,1,3,1,0,0,1,, -1,1,4,1,30,7,7,1,76,76681,2,1,0,6,GARIBALDI. RUE,49.4155,1.09134,15,3,1
202100023903,158Â 908,B01,1,1,2,9,1,0,-1,-1, -1,-1,2021,22.0,1,2,0,2,2,2,1,,3,GENERAL LECLERC (RUE DU),0,,2,2,0,1,3,500,1,, -1,1,0,1,50,15,8,2,10,10362,2,1,0,3,GENERAL LECLERC (RUE DU),48.2913,4.0297,5,6,2
202100006778,189Â 670,B01,1,1,2,3,1,-1,-1,0,0,-1,2021,36.0,1,2,0,0,9,1,1,,2,1,-1,,3,2,0,1,(1),(1),2,, -1,1,0,1,110,23,11,1,988,98816,1,1,0,6,RT1 entre voie de dÃ©passement et creek aymes,-21.698186,165.563707,15,4,2
202100055108,103Â 309,A01,1,1,1,5,2,6,-1,0,0,-1,2021,73.0,1,1,0,0,0,0,5,,3,31,0,,2,2,0,1,4,(1),1,, -1,2,0,8,80,13,1,1,22,22220,1,1,1,7,4 Lieu Dit Lan Brugou,48.209242,-3.264404,16,1,1
202100052076,108Â 633,A01,1,1,1,1,1,-1,-1,0,0,-1,2021,51.0,1,2,0,2,2,13,1,,1,51,-1,,3,4,0,1,27,900,1,, -1,1,0,1,130,4,2,3,13,13113,1,1,0,2,A51 PK 027+900,43.595094,5.486834,20,2,2
202100045867,119Â 769,A01,10,3,1,4,0,-1,-1,1,B,1,2021,25.0,2,2,0,1,2,1,1,,3,859,0,D,2,2,0,1,19,270,1,, -1,1,8,1,80,1,4,1,201,201247,1,1,0,6,D859,41.567434,9.257226,11,2,1
202100043342,124Â 191,B01,1,1,1,5,2,0,-1,-1, -1,-1,2021,63.0,0,1,0,2,1,13,5,,4,ARAGON LOUIS.(BOULEVARD),0,,2,2,0,4,0,0,1,, -1,1,0,1,50,20,4,1,8,8105,2,3,0,3,ARAGON LOUIS.(BOULEVARD),49.7402000427,4.723405838,16,2,2
202100020625,164Â 759,A01,2,2,2,5,2,6,-1,0,0,-1,2021,19.0,2,1,0,2,1,17,1,,3,150,-1,,2,2,0,2,5,800,3,, -1,1,0,1,80,7,9,1,29,29049,1,1,0,5,D150 - Lieu Dit Kervestou,48.029456,-3.901241,15,4,3
202100021693,162Â 860,A01,1,1,1,5,2,6,-1,0,0,-1,2021,49.0,1,1,0,2,3,13,1,,3,20,0,,2,2,0,2,50,700,3,, -1,1,0,1,80,28,8,1,202,202354,1,1,0,3,RT20,42.156118,9.153757,15,2,2
202100025421,156Â 218,B01,1,1,1,0,2,8,-1,-1, -1,-1,2021,27.0,2,1,0,2,1,1,1,,4,ACHILLE RENE BOISNEUF (RUE),0,,2,2,0,1,(1),(1),1,, -1,1,0,1,50,4,8,1,971,97101,2,3,0,3,ACHILLE RENE BOISNEUF (RUE),16.2693,-61.5063,8,2,2
202100011302,181Â 536,A01,1,1,1,5,2,-1,-1,0,0,-1,2021,24.0,2,1,0,1,1,1,1,,4,,-1,,1,2,0,1,(1),(1),1,,5,1,0,1,50,22,10,3,971,97128,2,1,0,6,Rue AbbÃ© GrÃ©goire,16.2267207698,-61.3830265403,19,2,1
202100044769,121Â 688,A01,1,1,1,4,1,-1,-1,0,0,-1,2021,54.0,1,4,6,0,3,1,1,,3,D1006,-1,,2,2,0,1,34,700,3,, -1,1,0,4,50,9,4,1,38,38509,2,1,0,6,D1006,45.563748,5.443913,12,1,1
202100030124,147Â 932,B01,1,1,1,0,1,-1,-1,-1, -1,-1,2021,30.0,2,2,0,2,4,2,1,,1,AUTOROUTE A 10,0,,3,6,0,1,538,200,1,, -1,2,0,1,110,7,7,1,33,33397,1,1,1,2,AUTOROUTE A 10,44.920078,-0.475621,15,3,2
202100034043,140Â 908,A01,1,1,2,0,2,0,-1,-1, -1,-1,2021,18.0,2,1,0,2,3,13,1,,3,Route de la Corniche,0,,2,2,0,1,6,300,1,, -1,1,0,1,50,16,6,1,64,64545,2,1,0,5,Route de la Corniche,43.38181,-1.73093,15,5,4
202100021771,162Â 712,A01,1,1,2,5,2,6,-1,-1, -1,-1,2021,19.0,1,1,0,2,1,1,1,,4,OSSUNA (AVENUE D'),0,,1,2,0,1,0,0,1,, -1,1,0,1,30,30,8,1,64,64122,2,2,0,3,OSSUNA (AVENUE D'),43.48285,-1.55657,16,2,2
202100000341,201Â 112,A01,1,1,1,0,1,-1,-1,0,0,-1,2021,34.0,2,2,0,2,1,1,1,,3,94,0,D,2,2,0,1,5,265,2,, -1,1,0,1,80,22,12,1,82,82027,1,1,0,1,Route des Vignes,43.898028,1.32867,13,2,2
202100025343,156Â 355,B01,1,1,2,5,1,0,-1,-1, -1,-1,2021,59.0,1,2,0,2,3,1,1,,4,JULIEN GRIMAU (RUE),0,,2,2,0,1,0,0,1,, -1,1,0,1,50,6,8,5,93,93007,2,2,0,3,JULIEN GRIMAU (RUE),48.941,2.45879,21,2,2
202100017003,171Â 229,B01,1,1,1,1,2,6,-1,0,0,-1,2021,24.0,1,1,0,2,7,1,1,,4,PORTE D ASNIERES,0,,1,4,0,1,18,200,1,, -1,1,1,1,70,25,9,1,75,75117,2,1,0,3,BD PERIPHERIQUE INTERIEUR,48.8901699829,2.2984445112,14,2,2
202100008224,187Â 012,A01,1,1,1,5,1,8,-1,-1,0,-1,2021,32.0,1,2,0,2,1,1,2,,1,AUTOROUTE A15,0,,3,8,0,1,21,0,1,, -1,2,0,1,90,14,11,3,95,95572,1,1,1,4,A15,49.03095,2.12216,6,3,3
202100026857,153Â 714,A01,1,1,1,1,2,6,-1,0,0,-1,2021,44.0,2,1,0,2,1,1,1,,4,QUAI DU LOUVRE,0,,1,4,0,1,(1),(1),1,, -1,2,5,1,50,27,7,1,75,75101,2,3,1,2,QUAI DU LOUVRE,48.85904,2.339863,15,2,2
202100006439,190Â 286,A01,1,1,1,2,8,-1,-1,0,0,-1,2021,14.0,1,1,0,2,2,26,5,,4,BLANC (RUE DU),0,,-1,2,0,1,1,0,1,, -1,1,0,1,50,24,11,2,14,14118,2,3,0,3,BLANC (RUE DU),49.175,-0.37926,7,2,2
202100033068,142Â 633,C01,3,2,1,5,1,0,-1,0,0,-1,2021,17.0,2,2,0,2,1,1,1,,3,LUYE ( ROUTE DE LA ),0,,2,2,0,1,5,764,1,, -1,1,0,1,80,18,6,1,5,5061,1,1,0,1,LUYE ( ROUTE DE LA ),44.51037,6.0796,16,4,2
202100033219,142Â 385,A01,1,1,1,1,2,0,-1,0,0,-1,2021,46.0,3,0,0,5,8,1,3,,4,VOIE GEORGES POMPIDOU,0,,2,2,0,1,(1),(1),1,, -1,1,2,1,20,16,6,1,75,75104,2,1,0,6,VOIE GEORGES POMPIDOU,48.85031,2.361119,8,1,1
202100005693,191Â 623,A01,1,1,1,1,2,-1,-1,0,0,-1,2021,34.0,1,1,13,0,1,1,1,,3,29,-1,,2,2,0,2,17,25,1,, -1,1,0,3,80,29,11,3,50,50352,1,1,0,7,route des CARRIERES,49.134904,-1.238129,18,1,1
202100032417,143Â 829,B01,1,1,2,5,1,-1,-1,0,0,-1,2021,46.0,2,2,0,2,2,1,1,,3,1120,0,,2,2,0,2,57,950,2,, -1,2,0,1,90,20,6,1,19,19146,1,1,0,3,RD1120,45.305833,1.778648,13,2,2
202100035334,138Â 548,B01,1,1,1,9,0,0,-1,-1, -1,-1,2021,18.0,2,1,0,2,7,19,5,,3,PONT DE CRETEIL (R DU),0,,2,4,0,1,1,0,1,, -1,1,0,1,50,9,6,1,94,94068,2,9,0,1,Rue du Pont de CrÃ©teil,48.80725,2.47129,18,4,2
202100044843,121Â 561,B01,1,1,1,1,1,0,-1,-1, -1,-1,2021,36.0,1,2,0,2,6,1,1,,3,R PIERRE SEMARD,0,,4,-1,0,1,1,0,1,, -1,1,0,1,6,4,4,5,94,94011,2,9,0,2,SEMARD(RUE PIERRE),48.77475,2.48776,3,3,2
202100034275,140Â 474,A01,1,1,1,0,1,0,-1,-1, -1,-1,2021,49.0,1,2,0,2,4,1,1,,7,MENDES FRANCE (AVENUE PRESIDENT PIERRE,0,,1,2,0,1,1,0,1,, -1,1,0,1,70,14,6,1,34,34172,2,1,0,2,MENDES FRANCE (AVENUE PRESIDENT PIERRE,43.60885,3.91102,20,3,2
202100029044,149Â 822,A01,1,1,2,5,1,-1,-1,0,0,-1,2021,71.0,1,2,3,0,1,1,2,,1,62,0,A,3,4,0,1,117,(1),1,, -1,2,3,2,130,14,7,1,47,47238,1,1,1,6,A 62 - PK 117,44.20007,0.501997,7,1,1
202100043738,123Â 505,A01,1,1,1,1,1,-1,-1,-1, -1,-1,2021,27.0,3,2,0,2,9,17,1,,4,LYONNAIS (DU)                           ,0,,2,2,0,3,(1),(1),1,, -1,1,2,1,50,16,4,5,69,69259,2,1,0,5,BERLIET (PT),45.7027602229,4.8939728623,5,3,3
202100039342,131Â 278,B01,1,1,1,0,8,-1,-1,0,0,-1,2021,29.0,1,2,4,2,3,26,1,,3,20,-1,,3,2,0,1,(1),(1),1,, -1,1,5,1,70,20,5,5,91,91665,2,2,0,3,rue des cailleboudes,48.660317,2.276037,1,3,2
202100028532,150Â 718,A01,1,1,2,4,1,-1,-1,0,0,-1,2021,35.0,1,2,0,2,2,9,1,,3,938,0,,2,2,0,1,3,590,1,, -1,1,0,1,50,18,7,1,61,61207,2,1,1,3,La Maladrerie,48.320247,0.514361,8,2,2
202100053152,106Â 731,A01,1,1,1,1,2,0,-1,-1, -1,-1,2021,53.0,1,1,2,2,1,17,1,,4,C U SACREE (QTIER RICHMOND),0,,2,2,1,1,0,0,1,, -1,1,0,1,30,25,1,1,987,98735,2,1,0,3,C U SACREE (QTIER RICHMOND),-17.52753,-149.55857,16,2,2
202100036060,137Â 224,A01,2,2,1,0,1,0,-1,-1, -1,-1,2021,19.0,3,2,0,2,3,1,1,,4,BIONDI (BOULEVARD JEAN),0,,2,2,0,1,(1),(1),1,, -1,1,5,1,50,6,6,1,60,60175,2,5,0,3,Boulevard Jean Biondi,49.2523454718,2.4771112203,19,5,2
202100049917,112Â 513,A01,1,1,1,5,1,-1,-1,0,0,-1,2021,25.0,1,2,0,2,1,11,1,,3,933,-1,,2,2,0,1,0,120,1,, -1,1,0,1,80,28,2,1,62,62060,1,1,0,1,D933,50.204186,2.113721,16,4,2
202100038114,133Â 536,B01,1,1,2,3,8,-1,-1,0,0,-1,2021,63.0,2,2,0,2,1,1,1,,3,558,0,,2,2,2,1,22,500,2,, -1,1,0,1,80,27,5,1,83,83063,1,1,0,1,Route Departementale D558,43.3001564583,6.4905568957,13,2,2
202100003474,195Â 544,A01,9,2,2,9,1,-1,-1,0,0,-1,2021,53.0,0,2,2,0,1,26,1,,4,,0,,2,1,0,1,(1),(1),3,,3,1,0,4,30,11,12,1,6,6079,1,1,0,1,Corniche du Grand Duc,43.541137,6.916687,10,3,1
202100040191,129Â 760,A01,1,1,1,1,2,-1,-1,-1, -1,-1,2021,20.0,2,1,0,4,8,19,1,,4,GAMBETTA (CRS ),0,,3,2,3,1,(1),(1),1,, -1,1,0,6,50,11,5,1,33,33522,2,3,0,3,Cours Gambetta,44.8182414512,-0.5848342009,19,2,2
202100032221,144Â 164,A01,1,1,2,0,1,0,-1,-1, -1,-1,2021,34.0,2,2,0,2,4,1,1,,1,A7-Sens Marseille vers Lyon,0,,-1,3,0,1,273,0,1,, -1,1,0,1,90,25,6,1,13,13106,1,1,0,2,A7-Sens Marseille vers Lyon,43.3866345092,5.3509935525,14,3,2
202100007952,187Â 516,A01,1,1,2,5,1,8,-1,-1, -1,-1,2021,52.0,2,2,0,2,6,11,1,,1,A86 EXT,0,,-1,9,0,1,37,0,1,, -1,1,0,1,90,16,11,1,94,94046,1,1,0,2,A86 EXT,48.8076,2.4489,16,2,2
202100020534,164Â 935,A01,2,2,2,9,1,0,-1,-1, -1,-1,2021,14.0,2,2,0,2,1,2,2,,4,VITRE (BLD DE),0,,3,2,0,2,(1),(1),1,, -1,1,0,1,50,6,9,1,35,35238,2,1,0,2,VITRE (BLD DE),48.1204041235,-1.6507771235,15,3,2
202100019866,166Â 131,A01,1,1,2,9,1,0,-1,-1, -1,-1,2021,36.0,1,2,0,0,9,26,1,,3,D775,0,,2,2,0,1,2,200,1,, -1,2,0,1,80,8,9,1,49,49015,2,1,0,6,D775,47.515865,-0.619523,13,2,1
202100041620,127Â 210,A01,10,3,1,0,0,-1,-1,3,3,1,2021,18.0,3,2,0,1,2,16,1,,4,,-1,,2,2,0,1,(1),(1),3,,4,1,9,1,50,3,5,1,85,85155,2,9,1,6,Avenue des Ãtangs,46.726315,-1.457818,8,3,1
202100050116,112Â 158,B01,1,1,1,1,1,5,-1,0,0,-1,2021,52.0,1,2,4,2,3,12,1,,1,A5,-1,,3,3,0,2,34,650,1,, -1,1,0,1,130,26,2,3,77,77305,1,1,0,2,A5 PK 34+650 SENS 1 direction Troyes,48.397443,2.978223,19,2,2
202100006557,190Â 080,A01,1,1,1,0,2,8,-1,-1, -1,-1,2021,52.0,1,1,0,2,2,17,1,,3,ENTRE DEUX (CHEMIN) CD26,0,,2,2,0,1,0,100,1,, -1,1,0,1,70,23,11,1,974,97416,1,1,0,3,ENTRE DEUX (CHEMIN) CD26,-21.2962656591,55.4429984093,11,3,2
202100018123,169Â 221,C01,1,1,2,1,1,0,-1,-1, -1,-1,2021,58.0,1,2,0,2,4,1,1,,3,AV MARCEL SEMBAT,0,,2,3,0,1,0,0,1,, -1,1,5,1,30,18,9,1,91,91027,2,1,0,5,AV MARCEL SEMBAT,48.70601,2.37221,8,3,3
202100050234,111Â 922,A01,2,1,1,0,2,0,-1,-1, -1,-1,2021,32.0,1,1,0,2,7,23,1,,3,PARIS (RUE DE),0,,3,3,0,1,0,1,1,, -1,1,0,1,50,25,2,1,93,93008,2,1,0,3,PARIS (RUE DE),48.8998599135,2.4489566883,8,2,2
202100031865,144Â 800,A01,1,1,2,5,1,-1,-1,-1, -1,-1,2021,76.0,0,2,1,0,1,1,1,,4,NOTRE DAME DU VOEU (PLACE),0,,1,1,0,1,(1),(1),3,, -1,2,0,1,30,25,6,1,50,50129,2,7,1,6,NOTRE DAME DU VOEU (PLACE),49.63628,-1.62902,9,1,1
202100005436,192Â 081,B01,1,1,1,4,8,-1,-1,0,0,-1,2021,54.0,1,5,0,2,1,1,1,,2,67,-1,,2,2,0,1,16,750,2,, -1,1,3,1,80,2,12,1,52,52265,1,1,0,1,N67,48.541841,5.084224,10,2,2
202100049217,113Â 779,A01,1,1,1,0,1,8,-1,-1, -1,-1,2021,23.0,0,2,8,0,1,21,1,,4,SAINT ANTOINE (CHEMIN),0,,2,2,0,1,1,0,1,, -1,1,0,1,50,4,3,1,973,97302,2,2,0,6,SAINT ANTOINE (CHEMIN),4.93216,-52.29721,8,3,2
202100022035,162Â 243,A01,1,1,2,0,1,0,-1,-1, -1,-1,2021,24.0,1,2,0,2,4,1,1,,1,A50-Sens Toulon vers Aubagne,0,,1,3,0,1,30,600,1,, -1,1,0,8,110,27,8,1,13,13085,1,1,0,2,A50-Sens Toulon vers Aubagne,43.2448510369,5.5955829619,17,2,2
202100035138,138Â 897,A01,1,1,2,5,1,-1,-1,0,0,-1,2021,20.0,1,2,13,0,9,1,1,,3,237,0,,2,2,0,1,3,360,1,, -1,9,0,1,80,11,6,3,53,53053,1,1,0,6,D237,48.277681,-0.401815,22,1,1
202100023721,159Â 216,B01,1,1,2,5,8,0,-1,-1, -1,-1,2021,19.0,2,1,0,2,1,1,5,,4,HEDDE (AVENUE DANIEL),0,,3,2,2,2,(1),(1),1,, -1,1,0,5,50,17,8,1,17,17306,2,1,0,3,HEDDE (AVENUE DANIEL),45.62926,-1.03228,9,2,2
202100037162,135Â 258,A01,10,3,1,3,0,-1,-1,2,3,1,2021,71.0,2,2,0,1,3,1,1,,2,JEAN JAURES ( AVENUE ),0,,2,2,0,1,39,350,1,, -1,1,0,1,50,28,5,1,5,5061,1,1,0,7,JEAN JAURES ( AVENUE ),44.54774,6.06595,11,2,1
202100030782,146Â 741,A01,10,3,2,3,0,-1,-1,5,2,1,2021,78.0,3,2,0,1,1,9,1,,6,ORMESSON (RUE D'),0,,-1,-1,3,1,(1),(1),1,, -1,1,0,4,30,21,6,1,95,95210,2,1,0,6,ORMESSON (RUE D'),48.962691,2.311236,9,2,1
202100032392,143Â 872,A01,1,1,1,5,2,6,9,0,0,-1,2021,68.0,1,1,15,0,3,1,1,,3,2371,0,,2,2,0,2,3,300,3,, -1,1,0,3,70,26,6,1,3,3217,1,1,0,7,D2371,46.338069,2.642169,11,1,1
202100031043,146Â 252,B01,1,1,1,0,1,0,-1,0,0,-1,2021,22.0,1,2,0,2,4,2,1,,3,D2089,0,,1,2,0,1,(1),(1),1,, -1,1,0,1,50,29,6,1,63,63014,2,1,0,2,D2089,45.74401,3.1402,7,2,2
202100036687,136Â 137,A01,1,1,1,3,1,-1,-1,0,0,-1,2021,79.0,1,2,6,0,1,1,1,,3,43,0,D,2,2,0,2,8,800,1,, -1,1,0,3,80,3,6,1,51,51070,1,1,0,7,D43,48.843212,3.617919,12,1,1
202100040201,129Â 740,A01,1,1,1,1,2,6,-1,-1, -1,-1,2021,19.0,3,1,0,2,9,17,1,,4,SARTRE   AVENUE JEAN-PAUL,0,,2,3,0,1,(1),(1),1,, -1,1,0,1,50,12,5,1,17,17300,2,1,0,4,SARTRE   AVENUE JEAN-PAUL,46.15676,-1.12434,16,3,3
202100005749,191Â 520,C01,1,1,2,0,1,0,-1,0,0,-1,2021,23.0,2,2,0,2,8,1,1,,4,SAINTE MARIE (QUAI),0,,2,2,0,1,(1),(1),1,, -1,1,0,1,50,28,11,5,71,71076,2,3,0,5,Quai Sainte-Marie,46.7823230379,4.8609721509,19,3,3
202100039682,130Â 649,A01,2,2,2,0,8,-1,-1,-1, -1,-1,2021,21.0,1,2,0,2,2,5,1,,4,ALBERT THOMAS                       (CO),0,,2,4,0,1,(1),(1),1,, -1,1,0,1,50,16,5,5,69,69383,2,2,0,3,ALBERT THOMAS (CR),45.7436558832,4.8769801855,4,3,2
202100012554,179Â 277,A01,1,1,2,5,1,-1,-1,0,0,-1,2021,20.0,1,2,13,0,2,1,1,,1,89,0,A,3,4,0,1,285,610,3,, -1,1,0,3,-1,17,10,1,19,19002,1,1,0,6,autoroute A 89,45.604386,2.433751,16,2,1
202100038880,132Â 129,Y01,1,1,1,0,2,8,-1,0,0,-1,2021,25.0,2,1,0,2,7,1,5,,4,ROUTE DEPARTEMENTALE 3,0,,1,2,0,1,0,0,1,, -1,1,0,1,50,21,5,1,972,97213,1,1,0,3,ROUTE DEPARTEMENTALE 3,14.59806,-60.99724,15,2,2
202100020101,165Â 694,Z01,10,3,1,9,0,-1,-1,2,3,1,2021,47.0,1,2,0,1,0,1,0,,4,PLACE DE LA CHAPELLE,0,,2,4,3,1,(1),(1),1,, -1,1,5,1,30,8,9,1,75,75118,2,7,0,6,PLACE DE LA CHAPELLE,48.884542,2.359282,18,2,1
202100026402,154Â 500,A01,10,3,2,5,0,-1,-1,1,3,1,2021,39.0,0,2,0,1,1,1,1,,3,1016,-1,,2,2,0,1,6,100,1,, -1,1,0,1,50,31,7,5,60,60141,2,1,0,6,Avenue du MarÃ©chal Joffre,49.187075,2.461227,0,2,1
202100036109,137Â 137,Z01,10,3,1,0,8,8,-1,8,B,1,2021,25.0,3,1,0,1,8,25,0,,4,ARBALETRIERS (COURS),0,,-1,0,3,1,0,1,1,, -1,1,6,6,30,6,6,5,93,93066,2,1,0,6,Cour des Arbaletriers,48.93777,2.35748,22,2,1
202100021484,163Â 239,B01,1,1,1,1,2,6,-1,0,0,-1,2021,35.0,1,1,1,2,3,1,1,,4,BOULEVARD VOLTAIRE,0,,2,4,0,1,(1),(1),1,, -1,1,0,1,30,1,9,1,75,75111,2,3,0,3,BOULEVARD VOLTAIRE,48.866023,2.366329,13,2,2
202100000109,201Â 557,A01,1,1,1,0,1,-1,-1,0,0,-1,2021,22.0,1,2,17,0,1,1,1,,3,977,-1,,2,2,0,1,14,300,1,, -1,1,0,8,80,30,8,1,84,84149,1,1,0,6,RD 977,44.169724,4.954415,7,1,1
202100030418,147Â 397,A01,10,3,2,5,0,-1,-1,3,3,1,2021,89.0,1,1,0,1,1,1,3,,4,RUE DE LA ROQUETTE,0,,2,-1,0,2,(1),(1),1,, -1,1,0,1,50,6,7,1,75,75111,2,7,0,6,RUE DE LA ROQUETTE,48.857871,2.38109,16,3,1
202100005013,192Â 822,A01,1,1,1,5,1,-1,-1,-1,0,-1,2021,20.0,2,2,3,0,1,1,1,,1,AUTOROUTE A115,0,,3,4,0,1,5,900,2,, -1,1,2,2,90,3,12,3,95,95607,1,1,0,6,A115,49.0125881857,2.2214698792,1,1,1
202100010610,182Â 767,A01,7,2,2,5,1,-1,-1,0,0,-1,2021,8.0,1,2,2,0,2,14,1,,3,D654,-1,,2,2,0,1,62,890,1,, -1,1,0,3,50,28,10,3,32,32106,2,1,0,6,D654 / D116,43.719645,0.980739,20,3,1
202100021271,163Â 635,A01,1,1,1,1,1,0,-1,-1, -1,-1,2021,25.0,1,2,8,0,1,1,1,,7,ROLAND DORGELES (BOULEVARD),0,,2,4,0,1,0,0,2,, -1,2,9,1,50,1,9,5,13,13214,2,1,0,1,ROLAND DORGELES (BOULEVARD),43.3458,5.3819,4,1,1
202100039862,130Â 330,A01,1,1,1,5,2,-1,-1,0,0,-1,2021,45.0,1,6,13,0,0,2,1,,3,117,0,D,2,2,0,1,3,500,1,, -1,1,0,1,80,16,5,1,62,62881,1,3,0,6,D117,50.227133,2.168105,11,4,2
202100043922,123Â 162,A01,1,1,1,9,2,6,-1,-1, -1,-1,2021,36.0,1,1,0,2,4,11,1,,3,AV DU GENERAL LECLERC,0,,3,2,0,1,1,0,1,, -1,1,0,1,50,15,4,1,94,94046,2,1,0,2,GENERAL LECLERC (AV DU),48.80422,2.44376,19,2,2
202100049436,113Â 396,A01,1,1,2,0,1,-1,-1,0,0,-1,2021,36.0,1,2,0,2,8,15,1,,3,50,-1,A,2,2,0,1,13,250,1,, -1,1,0,1,80,2,3,1,59,59323,1,9,0,3,D50a,50.3238142523,3.6323547363,12,2,2
202100008904,185Â 824,A01,9,2,2,5,0,-1,-1,0,0,-1,2021,7.0,2,2,0,0,8,1,1,,3,50,0,B,2,2,0,1,3,503,1,, -1,1,0,1,80,8,11,2,81,81195,1,1,0,7,RD50B,43.577515,2.222328,17,5,1