Num_Acc,id_vehicule,num_veh,place,catu,sexe,trajet,secu1,secu2,secu3,locp,actp,etatp,year_acc,victim_age,senc,catv,obs,obsm,choc,manv,motor,occutc,catr,voie,v1,v2,circ,nbv,vosp,prof,pr,pr1,plan,lartpc,larrout,surf,infra,situ,vma,jour,mois,lum,dep,com,agg_,int,atm,col,adr,lat,long,hour,nb_victim,nb_vehicules
202100038641,132Â 564,A01,1,1,2,5,1,0,-1,-1, -1,-1,2021,78.0,1,2,0,2,7,19,1,,4,PAIX (RUE DE LA),0,,2,2,2,1,(1),(1),1,, -1,1,0,1,50,23,5,1,10,10387,2,2,0,3,PAIX (RUE DE LA),48.30959,4.06127,12,3,2
202100017470,170Â 397,A01,10,3,1,0,0,-1,-1,3,3,1,2021,76.0,1,2,0,1,8,1,1,,3,SEMARD (RUE PIERRE),0,,2,2,0,1,(1),(1),1,, -1,1,0,1,50,19,9,1,24,24322,2,1,0,6,SEMARD (RUE PIERRE),45.1932,0.70604,9,2,1
202100028361,151Â 009,B01,1,1,1,5,1,-1,-1,0,0,-1,2021,56.0,1,2,0,2,8,21,1,,2,10,0,T,2,2,0,1,37,900,1,,7,1,0,1,80,18,7,1,201,201139,1,1,0,3,RT10,41.690476,9.329431,19,3,2
202100003206,196Â 039,B01,1,1,1,0,1,-1,-1,0,0,-1,2021,42.0,3,2,0,2,1,1,1,,3,43,-1,,2,2,0,1,0,215,1,, -1,1,1,1,50,15,12,1,89,89257,2,1,0,1,Avenue du Port,47.959712,3.504912,8,2,2
202100055499,102Â 645,A01,1,1,2,5,1,-1,-1,0, -1,-1,2021,34.0,2,2,0,2,1,16,1,,3,PRESIDENT ALLENDE BOULEVARD,0,,3,4,0,1,55,570,1,, -1,1,0,1,70,9,1,1,29,29232,2,6,0,4,Boulevard President Allende,48.0033412771,-4.0838134289,16,11,3
202100021007,164Â 114,B01,1,1,2,1,1,0,-1,-1, -1,-1,2021,31.0,3,2,0,2,3,26,1,,4,PLATANES (AVENUE DES),0,,2,4,0,1,0,0,1,, -1,1,0,1,50,3,9,1,91,91687,2,9,0,3,PLATANES (AVENUE DES),48.65053,2.36411,8,2,2
202100015760,173Â 499,A01,1,1,1,0,2,6,-1,-1, -1,-1,2021,49.0,1,1,0,1,1,1,1,,3,ROGER SALENGRO (AV),0,,1,0,0,1,(1),(1),1,, -1,1,5,1,50,30,9,1,94,94017,2,1,0,6,ROGER SALENGRO (AV),48.8183354893,2.4926271848,18,3,1
202100034017,140Â 954,A01,1,1,1,0,1,8,-1,-1, -1,-1,2021,63.0,1,2,0,2,1,26,1,,3,ROUTE DEPARTEMENTALE 13,0,,-1,2,0,4,6,500,3,, -1,1,0,1,80,15,6,1,972,97213,1,1,0,3,ROUTE DEPARTEMENTALE 13,14.63426,-61.01495,14,2,2
202100031572,145Â 320,A01,10,3,1,0,0,-1,-1,2,3,1,2021,24.0,0,1,0,1,1,1,1,,4,CRS DE LA MARNE,0,,2,3,3,1,(1),(1),1,, -1,1,0,1,50,29,6,1,33,33063,2,1,0,6,Cours de la Marne,44.83063,-0.57174,13,3,2
202100043902,123Â 195,A01,3,2,2,3,1,0,-1,-1, -1,-1,2021,95.0,2,2,0,2,5,1,1,,3,LECLERC (AVENUE DU GENERAL),0,,-1,2,0,1,48,980,1,, -1,1,0,1,50,15,4,1,9,9122,2,3,0,3,LECLERC (AVENUE DU GENERAL),42.972476,1.607945,10,4,2
202100004631,193Â 489,A01,2,2,1,5,8,0,-1,-1, -1,-1,2021,20.0,2,2,0,0,9,12,1,,1,86,0,,1,3,0,1,7,0,3,, -1,2,0,1,90,5,12,3,92,92036,1,1,0,7,A86,48.9337071386,2.2742219004,1,2,1
202100016491,172Â 150,A01,10,3,2,1,8,8,-1,4,3,1,2021,40.0,1,2,0,1,3,9,1,,3,ALSACE LORRAINE (BOULEVARD),0,,2,2,0,1,0,245,1,, -1,2,5,1,50,27,9,2,50,50147,2,2,1,6,MARECHAL JOFFRE,49.05204,-1.44348,8,2,1
202100048417,115Â 213,A01,1,1,1,1,1,0,-1,0,0,-1,2021,21.0,1,2,0,9,7,21,1,,3,CAUMONT (ROUTE DE ),0,,2,2,0,1,1,0,1,, -1,1,0,1,50,8,3,1,14,14137,1,1,0,6,Route de Caumont,49.18313,-0.46277,10,1,1
202100017397,170Â 536,B01,1,1,1,1,2,0,-1,-1, -1,-1,2021,44.0,1,1,0,2,1,1,1,,1,A4,0,,1,5,0,1,31,900,1,, -1,1,0,1,130,22,9,3,77,77018,1,1,0,2,A4,48.835444,2.807555,20,2,2
202100036507,136Â 448,A01,1,1,1,5,2,-1,-1,0,0,-1,2021,14.0,3,1,0,2,1,13,1,,4,,-1,,2,2,0,1,(1),(1),2,,"3,5",2,0,1,80,4,6,1,82,82179,1,1,1,3,Chemin de Bartalbenque,44.164344,1.604497,17,2,2
202100027456,152Â 650,B01,2,2,2,5,1,-1,-1,0,0,-1,2021,36.0,1,2,0,0,4,1,1,,1,432,-1,,1,5,0,1,33,375,1,, -1,1,7,1,50,19,7,1,69,69288,1,1,0,2,A432 - barriÃ¨re de pÃ©age de Saint ExupÃ©ry,45.672802,5.05119,15,5,2
202100051876,108Â 973,B01,1,1,1,9,2,8,-1,-1, -1,-1,2021,42.0,1,1,0,2,1,1,1,,3,MADELEINE (ROUTE DE LA),0,,2,2,0,1,0,949,1,, -1,1,9,1,50,10,2,1,973,97302,2,1,0,3,MADELEINE (ROUTE DE LA),4.93071,-52.32622,13,2,2
202100014979,174Â 930,B01,1,1,2,5,1,0,-1,-1, -1,-1,2021,21.0,1,2,0,2,5,23,1,,4,GARIBALDI (AVENUE),0,,4,3,0,1,0,0,1,, -1,1,0,1,50,1,10,1,87,87085,2,3,0,3,GARIBALDI (AVENUE),45.83521,1.26053,15,2,2
202100055965,101Â 851,A01,1,1,1,0,2,0,-1,-1, -1,-1,2021,77.0,1,1,0,0,0,0,5,,4,CREPS PLACE EMILE,0,,2,4,0,1,0,1,1,, -1,1,0,1,50,7,1,1,92,92049,2,7,0,7,CREPS PLACE EMILE,48.81876,2.31899,11,1,1
202100023625,159Â 393,A01,1,1,2,4,1,-1,-1,0,0,-1,2021,42.0,2,2,0,2,3,15,1,,3,200,-1,,2,2,0,1,0,170,1,, -1,1,0,8,50,19,8,1,71,71231,2,3,0,1,Rue des ChÃ¢nuets,46.543585,4.454371,7,2,2
202100019106,167Â 477,B01,1,1,1,1,2,0,-1,0,0,-1,2021,47.0,1,1,0,2,1,1,1,,1,A47,0,,3,5,0,3,27,600,2,, -1,2,0,1,110,9,9,1,42,42207,1,1,0,3,A47,45.48467,4.50206,18,3,2
202100036750,136Â 014,A01,10,3,2,5,0,-1,-1,4,3,2,2021,5.0,2,2,0,1,1,1,1,,4,VAUBAN (BOULEVARD),0,,1,2,0,1,0,0,1,, -1,1,0,1,30,2,6,1,988,98818,2,1,0,6,VAUBAN (BOULEVARD),-22.27036,166.44436,11,2,1
202100013186,178Â 175,A01,2,2,2,0,1,9,-1,0,0,-1,2021,22.0,1,2,9,0,2,2,1,,3,112,0,D,2,2,0,1,25,1,1,, -1,1,0,3,70,14,10,3,27,27412,2,1,0,6,Rue Pasteur (Montaure),49.249417,1.084589,23,3,1
202100039031,131Â 880,B01,1,1,1,5,2,-1,-1,0,0,-1,2021,32.0,2,1,0,2,1,0,5,,3,D59,-1,,2,2,1,2,(1),(1),1,, -1,1,0,1,50,21,5,1,91,91661,2,2,0,3,Avenue de la Plesse,48.700967,2.252465,11,2,2
202100041157,128Â 033,B01,1,1,1,3,2,0,-1,-1, -1,-1,2021,17.0,1,1,0,2,1,1,1,,3,SAINT LEU (ROUTE),0,,2,2,2,1,0,1,1,, -1,2,0,1,50,6,5,1,93,93079,2,1,1,1,Route de Saint-Leu,48.951398,2.339216,17,3,2
202100032498,143Â 678,A01,1,1,1,0,0,-1,-1,-1, -1,-1,2021,41.0,3,1,0,2,8,0,5,,4,MIRANDA DE EBRO (RUE ),0,,2,2,0,1,1,0,1,, -1,1,0,1,50,18,6,1,18,18279,2,3,0,3,MIRANDA DE EBRO (RUE ),47.21,2.06,14,2,2
202100008924,185Â 766,B01,1,1,1,9,1,0,-1,-1, -1,-1,2021,27.0,1,2,0,2,1,26,0,,4,LAMBRIQUET JOSEPH(RUE),0,,2,2,0,2,0,0,1,, -1,1,0,1,50,7,11,5,974,97416,2,2,0,3,LAMBRIQUET JOSEPH(RUE),-21.33086,55.48096,20,2,2
202100009546,184Â 641,B01,1,1,1,1,2,-1,-1,-1, -1,-1,2021,30.0,2,1,0,2,1,3,1,,2,ROUTE NATIONALE 230,0,,3,7,0,1,34,200,1,, -1,1,3,1,90,4,11,2,33,33039,1,1,1,3,,44.80564,-0.53087,7,5,2
202100009205,185Â 255,A01,1,1,1,3,2,0,-1,-1, -1,-1,2021,38.0,3,1,0,0,8,1,1,,5,Z I LA LEZARDE,0,,2,2,0,1,2,0,1,, -1,9,9,1,30,5,11,1,972,97213,1,1,0,7,Z I LA LEZARDE,14.60915,-61.00747,15,1,1
202100052299,108Â 228,A01,10,3,2,1,0,-1,-1,9,1,1,2021,43.0,3,5,0,1,4,26,1,,4,MARIE CURIE (SQUARE),0,,-1,0,3,1,0,1,1,, -1,1,6,8,30,6,2,2,77,77285,2,1,0,6,MARIE CURIE (SQUARE),48.54198,2.62687,8,2,1
202100039093,131Â 754,B01,1,1,1,0,2,6,-1,-1, -1,-1,2021,18.0,2,1,0,2,1,17,1,,4,PITOYS (ROUTE DE),0,,2,2,0,1,0,0,1,, -1,1,0,1,50,19,5,1,64,64024,2,1,0,3,PITOYS (ROUTE DE),43.46379,-1.50429,17,2,2
202100046905,117Â 932,B01,1,1,1,1,2,0,-1,0,0,-1,2021,45.0,1,1,0,2,7,2,5,,4,SOUS MARIN CASABIANCA (RUE DU),0,,2,3,1,1,(1),(1),1,, -1,1,0,5,50,22,3,1,63,63113,2,3,0,3,SOUS MARIN CASABIANCA (RUE DU),45.80836,3.10694,17,2,2
202100029677,148Â 748,B01,7,2,2,5,1,-1,-1,0,0,-1,2021,21.0,3,2,0,2,8,1,1,,9,,-1,,2,2,0,1,(1),(1),1,,5,1,0,1,-1,10,7,4,58,58088,2,1,0,3,Rue Bailly,47.005895,3.186963,1,7,2
202100025463,156Â 149,A01,1,1,2,5,1,0,-1,-1, -1,-1,2021,20.0,1,2,0,2,1,2,1,,4,,0,,2,2,3,1,(1),(1),1,, -1,1,0,1,50,5,8,1,15,15014,2,1,0,4,LECLERC (AVENUE DU GENERAL),44.906349,2.450113,9,4,3
202100032091,144Â 388,B01,1,1,1,9,1,0,-1,-1, -1,-1,2021,28.0,2,2,1,2,2,21,1,,2,TOULOUSE RN 126 (RTE DE),0,,3,4,0,1,51,575,1,, -1,1,0,1,90,26,6,1,81,81065,1,1,0,3,TOULOUSE RN 126 (RTE DE),43.590255,2.199896,10,3,2
202100042464,125Â 715,A01,1,1,1,0,1,8,-1,-1, -1,-1,2021,19.0,3,2,6,0,1,1,1,,4,MOUGEOT (RUE DENIS),0,,2,2,0,3,0,0,3,, -1,1,0,8,50,24,4,2,52,52045,2,1,0,6,MOUGEOT (RUE DENIS),48.65009,4.9721,20,1,1
202100043319,124Â 230,B01,1,1,1,5,2,8,-1,-1, -1,-1,2021,47.0,2,1,0,2,1,2,1,,4,GENERAL DE GAULLE (ROUTE DU),0,,2,4,1,1,0,0,1,, -1,1,0,1,30,16,4,1,67,67447,2,1,0,3,GENERAL DE GAULLE (ROUTE DU),48.5993967037,7.7399392426,16,2,2
202100010274,183Â 342,B01,1,1,1,5,2,0,-1,-1, -1,-1,2021,24.0,3,1,0,2,7,17,1,,4,CHARENTES (PLACE DES),0,,2,2,0,1,0,0,1,, -1,1,0,1,50,28,10,1,87,87085,2,1,0,6,CHARENTES (PLACE DES),45.83798,1.25239,12,2,2
202100012722,178Â 978,A01,1,1,1,5,2,-1,-1,0,0,-1,2021,58.0,3,1,0,0,0,1,1,,4,0,0,C,2,2,0,1,(1),(1),1,, -1,1,0,1,50,14,10,3,44,44041,2,1,0,7,Rue des Landes de Trejet,47.111756,-1.59551,19,1,1
202100055644,102Â 391,A01,1,1,1,5,1,0,-1,-1, -1,-1,2021,22.0,1,2,10,0,9,12,1,,1,A507 sens Marseille - Aubagne,0,,1,3,0,2,4,30,3,, -1,1,1,1,70,9,1,1,13,13055,2,9,0,6,A507 sens Marseille - Aubagne,43.286353,5.425059,11,1,1
202100018874,167Â 911,A01,1,1,1,5,0,-1,-1,0,0,-1,2021,19.0,0,1,0,2,1,5,3,,3,,0,,2,2,0,2,(1),(1),2,,4,2,0,1,50,15,9,1,13,13027,2,9,1,1,Chemin de l Arenier,43.87437,4.864417,16,2,2
202100019718,166Â 394,A01,1,1,2,5,2,6,-1,0,0,-1,2021,42.0,1,1,0,2,6,1,5,,4,PLACE DU DIX HUIT JUIN 1940,0,,1,3,3,1,(1),(1),1,, -1,2,0,1,30,8,9,5,75,75106,2,7,1,3,PLACE DU DIX HUIT JUIN 1940,48.844044,2.323431,22,3,2
202100055573,102Â 518,A01,1,1,2,1,1,-1,-1,0,0,-1,2021,34.0,3,2,0,0,1,1,1,,4,,0,,2,2,0,1,0,0,3,, -1,5,0,1,80,12,1,3,57,57154,1,9,1,7,Rue de Niedervisse,49.194427,6.58566,7,1,1
202100012787,178Â 866,A01,1,1,1,1,2,6,-1,-1, -1,-1,2021,22.0,2,1,0,2,1,3,1,,2,RN346   34.850 A 36.215,0,,3,4,0,3,35,275,1,, -1,1,0,1,90,12,10,1,69,69271,1,1,0,2,N346   34.850 A 36.215,45.7504970901,4.986576587,18,2,2
202100029255,149Â 464,A01,1,1,1,4,1,-1,-1,-1,0,-1,2021,34.0,1,2,3,0,1,1,1,,1,AUTOROUTE A15,0,,3,8,0,1,7,99,1,, -1,2,0,1,110,13,7,1,95,95018,1,1,1,6,A15,48.95923,2.2733,10,1,1
202100002874,196Â 635,B01,1,1,1,0,1,6,-1,-1, -1,-1,2021,39.0,2,1,0,2,4,2,0,,1,AUTOROUTE A86,0,,3,2,0,1,26,899,1,, -1,1,0,1,90,13,12,1,93,93064,1,1,0,4,AUTOROUTE A86,48.8787695858,2.4763536005,8,5,5
202100000836,200Â 236,A01,10,3,2,5,0,-1,-1,3,3,1,2021,58.0,2,2,0,1,1,15,1,,4,BEAUREPAIRE (RUE),0,,2,2,0,1,(1),(1),1,, -1,1,0,1,50,4,10,1,89,89387,2,2,0,6,BEAUREPAIRE (RUE),48.19954,3.27973,11,2,1
202100048988,114Â 185,A01,1,1,1,1,1,-1,-1,0,0,-1,2021,28.0,1,2,13,0,2,1,1,,3,78,0,A,2,2,0,1,1,700,2,, -1,1,0,1,80,6,3,3,1,1354,1,1,0,6,D78A,46.267374,6.045935,19,1,1
202100034760,139Â 579,B01,1,1,2,9,1,-1,-1,-1, -1,-1,2021,37.0,2,2,0,2,2,26,1,,4,CHE DE LAPUJADE,0,,2,2,0,1,(1),(1),1,, -1,1,0,4,50,13,6,5,31,31555,2,1,0,2,CHE DE LAPUJADE,43.6213,1.45339,0,3,2
202100000458,200Â 889,B01,1,1,2,5,1,0,-1,-1, -1,-1,2021,25.0,1,2,0,2,1,1,1,,4,CREDENCE (RUE),0,,-1,2,0,2,0,0,1,, -1,1,0,8,30,14,11,1,13,13212,2,4,0,3,CREDENCE (RUE),43.32055,5.44511,11,2,2
202100035896,137Â 524,A01,1,1,1,0,2,0,-1,0,0,-1,2021,16.0,1,1,0,2,1,19,1,,4,MICHELIN (AVENUE EDOUARD),0,,1,2,0,1,(1),(1),1,, -1,1,0,1,50,4,6,1,63,63113,2,2,0,3,MICHELIN (AVENUE EDOUARD),45.78074,3.10925,15,2,2
202100003389,195Â 703,A01,1,1,1,4,2,0,-1,-1, -1,-1,2021,20.0,1,1,0,2,1,1,1,,4,RUISSEAU DES NOIRS (RUE),0,,2,2,0,2,0,0,1,, -1,1,0,1,50,11,12,5,974,97411,2,3,0,3,RUISSEAU DES NOIRS (RUE),-20.8923600296,55.4527372607,21,3,2
202100046994,117Â 782,A01,1,1,2,0,1,-1,-1,0,0,-1,2021,24.0,2,2,0,0,7,13,1,,3,D5,-1,,2,2,0,1,(1),(1),1,, -1,1,0,1,50,23,3,1,74,74010,2,3,0,3,Rte de Vieugy,45.859621,6.07928,12,2,2
202100054045,105Â 141,A01,1,1,1,4,1,0,-1,-1, -1,-1,2021,31.0,0,2,0,1,1,1,3,,4,THOMAS. RUE ALBERT,0,,2,2,0,1,0,0,1,, -1,2,0,1,50,22,1,1,76,76322,2,1,0,6,Rue Albert Thomas,49.41155,1.04657,8,2,1
202100003447,195Â 594,A01,10,3,1,1,0,-1,-1,2,1,1,2021,47.0,2,2,1,1,0,13,1,,4,LAMOUROUX (IMP),0,,2,2,0,1,1,0,1,, -1,1,0,1,50,11,12,1,94,94081,2,1,0,7,Allee Pierre Lamouroux,48.800131,2.381863,11,2,1
202100022598,161Â 220,A01,10,3,2,0,0,-1,-1,1,3,1,2021,66.0,2,5,0,1,5,4,1,,4,POITOU (ALLEE DU),0,,2,2,0,1,0,0,1,, -1,1,0,1,50,25,8,1,87,87065,2,1,0,6,POITOU (ALLEE DU),45.812,1.32958,9,2,1
202100007275,188Â 750,A01,2,2,1,0,1,0,-1,-1, -1,-1,2021,27.0,2,2,0,2,0,0,1,,7,FIL D'ARIANE (RD902),0,,3,4,0,1,4,100,1,, -1,1,0,1,90,19,11,3,31,31069,1,1,0,4,FIL D'ARIANE (RD902),43.66335,1.36009,23,5,3
202100044137,122Â 781,A01,1,1,2,9,8,0,-1,-1, -1,-1,2021,58.0,2,2,0,2,1,1,1,,3,LABOURD (PONT DU),0,,3,4,0,1,0,0,1,, -1,1,2,1,50,12,4,1,64,64102,2,1,0,2,LABOURD (PONT DU),43.48601,-1.47501,11,2,2
202100026350,154Â 595,B01,1,1,2,0,1,0,-1,-1, -1,-1,2021,50.0,1,2,0,2,4,23,1,,3,LIBERATION PLACE DE LA,0,,2,6,0,1,0,0,1,, -1,1,0,1,50,30,7,1,93,93046,2,1,0,2,LIBERATION PLACE DE LA,48.92338,2.54548,14,2,2
202100038420,132Â 968,A01,1,1,1,4,2,8,-1,-1, -1,-1,2021,33.0,1,1,0,2,1,18,1,,4,,0,,2,2,0,1,0,0,1,, -1,1,0,1,50,24,5,1,92,92036,2,4,0,3,FELICIE (RUE),48.9327323028,2.2970022261,19,2,2
202100041013,128Â 308,A01,1,1,1,9,1,-1,-1,0,0,-1,2021,63.0,0,2,0,0,6,2,0,,3,1,0,,2,2,0,1,(1),(1),1,, -1,2,0,1,50,3,4,2,988,98817,2,1,1,2,AVENUE DES DEUX BAIES,-22.231272,166.529533,18,2,2
202100029589,148Â 898,B01,1,1,1,5,2,0,-1,-1, -1,-1,2021,24.0,1,1,1,2,1,17,1,,4,MADRID (RUE DE),0,,1,1,0,2,0,0,1,, -1,1,0,1,30,10,7,1,64,64122,2,1,0,3,MADRID (RUE DE),43.46874,-1.57002,20,2,2
202100011433,181Â 287,A01,10,3,1,0,0,-1,-1,3,3,1,2021,59.0,2,1,0,1,1,17,1,,3,PINCE VENT (AV DE),0,,-1,2,0,1,1,0,1,, -1,1,0,1,50,23,10,1,94,94055,2,1,0,6,Avenue de Pince Vent,48.79154,2.55396,11,2,1
202100051872,108Â 981,B01,1,1,1,1,2,8,-1,-1, -1,-1,2021,41.0,1,1,0,2,1,1,1,,2,RN2 (2),0,,2,2,0,1,(1),(1),1,, -1,1,0,1,80,10,2,1,974,97416,1,1,0,3,RN2 (2),-21.35,55.50441,15,2,2
202100027573,152Â 437,B01,1,1,2,5,8,0,-1,0,0,-1,2021,30.0,2,1,0,2,7,19,5,,4,AVENUE DE WAGRAM,0,,2,2,3,1,(1),(1),1,, -1,1,0,1,50,22,7,1,75,75108,2,1,0,3,AVENUE DE WAGRAM,48.87476,2.29577,14,2,2
202100023614,159Â 415,B01,1,1,2,5,2,0,-1,0,0,-1,2021,32.0,1,1,0,2,7,1,5,,4,ALLEE VIVALDI,0,,1,1,0,1,(1),(1),1,, -1,1,0,1,50,17,8,1,75,75112,2,1,0,3,ALLEE VIVALDI,48.841554,2.391278,18,2,2
202100016889,171Â 434,A01,10,3,1,0,0,-1,-1,2,3,1,2021,17.0,0,1,0,1,1,0,1,,7,BELFORT BOULEVARD DE,0,,3,3,1,1,(1),(1),1,, -1,1,0,5,50,23,9,1,59,59350,2,1,0,6,BELFORT BOULEVARD DE,50.6203194412,3.0783399362,17,2,1
202100049600,113Â 085,A01,2,2,1,9,8,0,-1,-1, -1,-1,2021,26.0,1,1,0,2,1,2,1,,4,FRONT DE MER ( BOULEVARD),0,,2,1,0,1,(1),(1),1,, -1,1,0,1,50,1,3,1,971,97107,2,1,0,3,FRONT DE MER ( BOULEVARD),16.04236,-61.56438,16,4,2
202100011592,181Â 006,A01,1,1,1,0,2,6,-1,-1, -1,-1,2021,19.0,1,1,0,0,8,1,1,,4,RABIER (RUE FERNAND),0,,2,2,0,1,(1),(1),1,, -1,1,0,1,50,22,10,1,45,45234,2,2,0,7,Rue Fernand Rabier,47.90381,1.90976,8,1,1
202100002935,196Â 525,A01,10,3,1,4,0,-1,-1,2,3,1,2021,29.0,1,2,0,1,1,15,1,,7,NANTES (RUE DE),0,,2,2,2,1,11,900,1,, -1,2,0,1,50,14,12,2,35,35281,2,1,0,6,NANTES (RUE DE),48.09004,-1.69293,17,2,1
202100010970,182Â 115,A01,10,3,1,5,0,-1,-1,3,3,1,2021,11.0,2,5,0,1,2,1,1,,3,80,-1,,-1,2,0,1,7,900,1,, -1,1,0,1,30,27,10,1,202,202043,2,1,0,1,"RD 80, Erbalunga",42.774074,9.474925,11,2,1
202100008301,186Â 883,B01,1,1,2,3,8,-1,-1,0,0,-1,2021,44.0,1,2,0,2,3,1,1,,3,72,-1,,2,2,0,1,3,690,2,, -1,2,0,1,80,13,11,3,72,72094,2,1,1,1,Lieu Dit les Loges,47.98216,0.60345,19,2,2
202100022307,161Â 761,A01,1,1,1,0,0,0,-1,-1, -1,-1,2021,45.0,1,1,0,0,0,25,3,,3,STALINGRAD (BD DE),0,,-1,0,0,1,1,0,1,, -1,1,0,4,25,27,8,5,94,94081,2,1,0,7,STALINGRAD (BD DE),48.80201,2.37856,0,1,1
202100005826,191Â 378,A01,1,1,1,4,1,-1,-1,0,0,-1,2021,38.0,3,5,0,2,3,13,1,,4,2422,-1,,4,3,0,2,(1),(1),1,, -1,1,5,1,50,29,11,1,67,67300,2,5,0,1,avenue de la gare,48.535903,7.498598,14,2,2
202100031061,146Â 219,B01,1,1,1,5,1,8,-1,-1, -1,-1,2021,67.0,1,2,0,2,3,1,1,,4,CARNOT (RUE  LAZARE ),0,,2,2,0,1,(1),(1),1,, -1,1,0,1,50,1,7,1,56,56121,2,2,0,3,CARNOT (RUE  LAZARE ),47.7427,-3.36073,15,3,2
202100046809,118Â 105,A01,10,3,2,5,0,-1,-1,4,1,2,2021,43.0,1,2,0,0,2,16,1,,3,REPUBLIQUE (AVE DE LA ) => NO 41/50,0,,1,1,0,1,0,1,1,, -1,1,9,1,10,24,3,1,93,93001,2,1,0,6,REPUBLIQUE (AVE DE LA ) => NO 41/50,48.9121752435,2.3837490489,15,2,1
202100003990,194Â 616,B01,1,1,2,0,1,-1,-1,-1, -1,-1,2021,43.0,1,2,0,2,4,2,1,,7,GIENS (ROUTE DE ),0,,2,2,0,1,4,530,1,, -1,1,0,1,70,8,12,1,83,83069,2,1,0,2,GIENS (ROUTE DE ),43.06671,6.14723,13,2,2
202100023869,158Â 959,B01,1,1,1,1,8,-1,-1,-1, -1,-1,2021,24.0,3,1,0,2,1,25,3,,3,FRANS ROUTE DE,0,,1,1,0,1,58,900,1,, -1,1,9,1,50,16,8,1,69,69264,2,6,0,3,FRANS (DE) (RTE),45.9839813648,4.7436904907,17,2,2
202100031954,144Â 624,B01,1,1,1,1,2,8,-1,-1, -1,-1,2021,30.0,1,1,0,2,1,1,1,,4,RUE ROGER GERVOLINO,0,,2,2,0,1,0,0,1,, -1,1,0,1,50,28,6,1,988,98818,2,1,0,5,RUE ROGER GERVOLINO,-22.26663,166.46801,10,3,3
202100032821,143Â 111,A01,10,3,1,5,0,-1,-1,2,5,2,2021,3.0,3,2,0,1,3,1,1,,4,DE LESSEPS FERDINAND,0,,1,1,0,1,(1),(1),1,, -1,2,0,1,50,22,6,1,95,95280,2,1,1,6,Rue Ferdinand de Lesseps,49.02103,2.46448,14,2,1
202100015226,174Â 485,A01,10,3,2,9,0,-1,-1,4,3,1,2021,43.0,2,1,0,1,1,1,5,,4,RUE DU FAUBOURG SAINT DENIS,0,,2,2,0,1,(1),(1),1,, -1,1,0,1,30,4,10,1,75,75110,2,3,0,6,RUE DU FAUBOURG SAINT DENIS,48.881279,2.358131,13,2,1
202100036627,136Â 237,A01,1,1,2,0,1,0,-1,-1, -1,-1,2021,45.0,3,2,0,2,5,15,1,,4,FABIEN   RUE DU COLONEL,0,,2,2,0,1,(1),(1),1,, -1,1,0,1,50,2,6,1,17,17028,2,2,0,3,FABIEN   RUE DU COLONEL,46.12966,-1.11652,18,2,2
202100044037,122Â 959,B01,1,1,1,5,2,6,-1,0,0,-1,2021,77.0,1,1,0,2,1,2,1,,4,DUBOUCHAGE (BD),0,,1,1,2,1,(1),(1),1,, -1,1,1,1,50,14,4,1,6,6088,2,3,0,3,DUBOUCHAGE (BD),43.701135,7.269627,10,2,2
202100020003,165Â 879,A01,1,1,2,1,1,-1,-1,0,0,-1,2021,55.0,1,2,0,2,1,1,1,,3,106,-1,,2,2,0,1,35,835,1,, -1,2,0,1,80,10,9,4,35,35166,1,2,0,3,D106,48.148812,-1.340021,4,2,2
202100027409,152Â 720,A01,1,1,1,5,2,6,9,0,0,-1,2021,29.0,1,1,0,0,7,2,1,,3,103,0,D,2,2,0,1,22,800,2,, -1,9,0,1,80,24,7,1,11,11367,1,1,0,7,D103,43.358043,2.188618,13,1,1
202100012661,179Â 086,A01,10,3,2,5,0,-1,-1,3,3,1,2021,25.0,1,2,0,1,1,1,1,,3,TOYRE (RUE JEAN),0,,-1,2,0,1,19,345,1,, -1,1,9,1,50,17,10,1,15,15012,2,1,0,6,TOYRE (RUE JEAN),44.906829,2.487621,12,2,1
202100039888,130Â 290,A01,1,1,1,5,2,6,9,0,0,-1,2021,15.0,2,1,0,2,2,15,5,,3,174,-1,,2,1,0,1,9,600,1,, -1,2,0,1,80,16,5,1,71,71060,1,3,1,3,"le carge, PK 09+600",46.305964,4.146918,11,2,2
202100026791,153Â 833,C01,1,1,1,5,2,6,-1,-1, -1,-1,2021,35.0,2,1,0,2,8,16,1,,3,BROGNY (AVENUE DE) (SECTEUR 310),0,,2,4,1,1,0,0,1,, -1,1,0,1,50,27,7,1,74,74010,2,3,0,3,BROGNY (AVENUE DE) (SECTEUR 310),45.91156,6.12589,15,2,2
202100000858,200Â 202,B01,1,1,2,0,8,-1,-1,-1, -1,-1,2021,28.0,1,1,0,2,1,2,3,,3,PAIX (BOULEVARD DE LA),0,,2,3,1,2,18,300,1,, -1,1,5,1,50,30,12,5,51,51454,2,6,0,3,Place Aristide Briand,49.2571493094,4.039375931,23,2,2
202100025797,155Â 581,B01,1,1,2,0,2,-1,-1,0,0,-1,2021,52.0,0,1,0,2,2,17,1,,2,RN 1,0,,1,2,0,1,(1),(1),1,, -1,1,0,1,50,4,8,1,974,97414,2,1,0,3,RN 1,-21.291973,55.411772,14,2,2
202100048118,115Â 735,A01,10,3,1,0,0,-1,-1,9,B,-1,2021,0.0,1,2,0,1,7,0,1,,4,DEBOURG                             (AV),0,,2,3,1,1,(1),(1),1,, -1,2,0,1,50,13,3,5,69,69387,2,1,1,6,DEBOURG (AV),45.73101,4.8347,19,2,1