Num_Acc,id_vehicule,num_veh,place,catu,sexe,trajet,secu1,secu2,secu3,locp,actp,etatp,year_acc,victim_age,senc,catv,obs,obsm,choc,manv,motor,occutc,catr,voie,v1,v2,circ,nbv,vosp,prof,pr,pr1,plan,lartpc,larrout,surf,infra,situ,vma,jour,mois,lum,dep,com,agg_,int,atm,col,adr,lat,long,hour,nb_victim,nb_vehicules
202100050058,112Â 262,A01,1,1,1,9,2,0,-1,0,0,-1,2021,36.0,3,1,0,2,1,1,5,,4,PLACE CHARLES DE GAULLE,0,,1,1,0,1,(1),(1),2,, -1,1,0,1,50,25,2,1,75,75116,2,7,0,2,PLACE CHARLES DE GAULLE,48.873203,2.295127,9,2,2
202100006143,190Â 832,A01,10,3,2,9,0,-1,-1,4,3,1,2021,67.0,2,2,0,1,1,1,1,,3,2,-1,,2,2,1,1,11,0,1,, -1,2,0,1,50,26,11,5,68,68258,2,1,0,6,34 Rue d Ensisheim,47.837347,7.307099,19,2,1
202100014065,176Â 555,A01,10,3,1,1,0,-1,-1,1,3,1,2021,27.0,1,5,0,1,1,1,1,,3,10,0,,2,2,0,1,14,850,1,, -1,1,0,1,50,7,10,1,95,95580,2,1,0,6,RD 10,49.088254,2.557197,13,2,1
202100021971,162Â 356,A01,1,1,1,5,2,-1,-1,0,0,-1,2021,30.0,2,1,0,2,3,15,1,,3,14,0,,2,2,0,1,2,895,1,,"7,3",1,0,1,80,30,8,1,79,79148,1,3,0,3,,46.239146,-0.088593,10,2,2
202100034803,139Â 501,A01,2,2,1,0,1,0,-1,-1, -1,-1,2021,40.0,2,2,0,0,0,0,1,,3,DE LATTRE DE TASSIGNY (1 A 51),0,,2,4,0,1,0,1,1,, -1,1,9,6,50,12,6,1,93,93031,2,9,0,3,Avenue de Lattre de Tassigny,48.955543,2.311739,11,3,2
202100051139,110Â 264,A01,1,1,1,4,1,8,-1,0,0,-1,2021,43.0,1,4,3,0,3,6,1,,1,Autoroute A 31,0,,3,4,0,1,235,800,1,, -1,1,0,1,130,17,2,2,54,54232,1,1,0,7,Autoroute A 31,48.68435,5.94978,7,2,2
202100004519,193Â 696,B01,2,2,2,5,1,0,-1,-1, -1,-1,2021,30.0,3,2,0,2,2,21,1,,7,MARQUETTE RUE DE,0,,3,2,0,2,(1),(1),3,, -1,2,1,1,50,5,12,5,59,59636,2,9,0,1,MARQUETTE RUE DE,50.68414,3.06137,1,5,2
202100014136,176Â 418,A01,10,3,2,3,0,-1,-1,1,1,1,2021,50.0,3,2,1,1,0,20,1,,6,BAS DU FORT,0,,-1,-1,0,1,(1),(1),1,, -1,1,0,1,30,9,10,1,971,97113,1,1,0,6,BAS DU FORT,16.21783,-61.51575,10,2,1
202100037895,133Â 926,A01,1,1,1,5,1,-1,-1,0,0,-1,2021,26.0,1,2,0,2,3,13,1,,4,17,-1,,2,2,0,1,(1),(1),3,, -1,1,0,1,80,28,5,2,42,42228,1,1,0,1,Rue des Salles,45.567512,4.104348,21,3,2
202100015834,173Â 371,B01,1,1,1,5,0,-1,-1,0,0,-1,2021,14.0,3,0,0,2,1,13,3,,4,4,-1,,2,2,0,2,(1),(1),2,, -1,1,0,1,80,2,10,1,74,74032,1,1,0,1,Rte de la Cote,46.258206,6.530063,13,2,2
202100037612,134Â 428,A01,1,1,1,5,8,0,-1,0,0,-1,2021,51.0,3,1,0,2,1,5,5,,4,ROUTE DE LA MUETTE A NEUILLY,0,,1,1,0,1,(1),(1),2,, -1,1,0,1,50,28,5,1,75,75116,2,4,0,1,ROUTE DE LA MUETTE A NEUILLY,48.864518,2.266512,16,2,2
202100000989,199Â 987,A01,1,1,1,0,1,0,-1,-1, -1,-1,2021,51.0,2,2,0,0,7,14,1,,2,,0,,3,4,0,1,31,200,1,, -1,2,0,2,110,29,12,1,71,71306,1,1,1,7,RN 70 (ROUTE EXPRESS),46.65815,4.33085,9,3,1
202100032426,143Â 814,B01,1,1,2,0,1,-1,-1,-1, -1,-1,2021,44.0,2,2,0,2,2,1,1,,1,AUTOROUTE A 10,0,,3,6,0,1,538,99,1,, -1,1,8,1,110,25,6,5,33,33397,1,1,0,3,,44.9208,-0.47518,0,2,2
202100041421,127Â 564,A01,10,3,2,0,8,8,-1,3,3,1,2021,24.0,-1,1,0,1,5,26,0,,3,"""PAUL VAILLANT COUTURIER (AVENUE """"DU 01",0,,-1,2,0,1,0,1,1,, -1,1,0,1,50,4,5,1,93,93007,2,1,0,6,"""PAUL VAILLANT COUTURIER (AVENUE """"DU 01",48.92695,2.47214,18,2,1
202100004047,194Â 510,A01,1,1,1,9,8,0,-1,-1, -1,-1,2021,33.0,1,1,0,2,2,26,3,,4,CAMUS,0,,2,2,0,1,1,0,1,, -1,2,0,1,50,7,12,1,49,49353,2,1,1,3,CAMUS,47.45167,-0.50777,12,2,2
202100042603,125Â 471,B01,1,1,2,5,8,0,-1,0,0,-1,2021,30.0,2,1,0,2,1,1,5,,4,AVENUE DAUMESNIL,0,,2,2,1,1,(1),(1),1,, -1,1,0,5,50,25,4,1,75,75112,2,2,0,3,AVENUE DAUMESNIL,48.835891,2.405671,10,2,2
202100052347,108Â 144,A01,1,1,1,5,8,-1,-1,0,0,-1,2021,28.0,3,2,2,0,8,1,1,,4,,-1,,2,2,0,2,(1),(1),2,, -1,2,0,3,80,7,2,3,60,60699,1,1,1,6,rue des coutumes,49.522827,1.859114,0,1,1
202100027163,153Â 165,B01,2,2,2,0,1,-1,-1,0,0,-1,2021,33.0,2,2,0,2,4,1,1,,3,12,-1,,2,2,0,1,19,350,1,, -1,2,0,1,70,26,7,1,60,60116,1,1,1,4,,49.3114813681,2.3368226875,17,8,3
202100028657,150Â 491,B01,1,1,1,9,1,8,-1,-1, -1,-1,2021,28.0,3,2,0,2,1,1,1,,4,ROCHEBELLE (PONT DE),0,,1,1,0,1,0,0,1,, -1,1,2,1,30,13,7,1,30,30007,2,1,0,1,ROCHEBELLE (PONT DE),44.1241,4.0717,17,2,2
202100008443,186Â 646,A01,1,1,1,0,1,8,-1,-1, -1,-1,2021,42.0,2,2,4,0,2,26,1,,2,HIBISCUS,0,,3,2,0,1,(1),(1),1,, -1,1,0,1,90,5,11,5,971,97101,1,1,0,7,HIBISCUS,16.25041,-61.52935,23,1,1
202100002480,197Â 338,A01,10,3,1,4,0,-1,-1,1,A,1,2021,41.0,3,2,0,1,3,1,2,,3,61B,0,,2,2,0,1,0,0,1,, -1,1,0,1,50,17,12,1,92,92046,2,1,0,6,Charles de gaulle,48.82392,2.30037,15,2,1
202100008541,186Â 470,A01,1,1,1,1,1,-1,-1,0,0,-1,2021,41.0,2,2,1,0,2,26,1,,3,37,0,D,2,2,0,1,2,200,1,, -1,1,0,4,50,10,11,1,58,58046,2,1,0,3,9 Route de Vandenesse,46.857993,3.651185,11,1,1
202100050266,111Â 872,B01,1,1,1,9,2,6,-1,0,0,-1,2021,38.0,1,1,0,2,1,1,1,,3,26,0,D,2,2,0,4,1,655,1,, -1,1,0,1,80,25,2,1,40,40209,1,3,0,1,rue du 8 mai 1945,43.555033,-1.430916,17,2,2
202100008643,186Â 297,B01,1,1,1,4,1,-1,-1,0,0,-1,2021,81.0,1,4,0,2,1,1,1,,3,943,-1,,2,2,0,1,26,319,1,, -1,1,0,1,80,11,11,1,64,64405,1,1,0,1,RD943,43.338471907,-0.2622073889,16,4,2
202100010116,183Â 624,A01,1,1,2,5,1,-1,-1,-1,0,-1,2021,26.0,1,2,4,0,1,13,1,,1,AUTOROUTE A15,0,,1,1,0,2,21,299,3,, -1,2,3,1,50,30,10,3,95,95572,1,1,1,6,A15,49.03404,2.11284,20,1,1
202100047814,116Â 288,A01,1,1,1,5,1,0,-1,-1, -1,-1,2021,25.0,1,2,0,2,3,13,1,,7,R.N 569,0,,2,2,0,1,8,900,3,, -1,1,0,1,80,16,3,3,13,13047,1,1,0,1,R.N 569,43.56399,4.98429,20,2,2
202100024058,158Â 646,A01,1,1,1,5,1,-1,-1,0,0,-1,2021,23.0,2,2,3,2,2,14,1,,1,83,-1,,1,4,0,1,52,800,1,, -1,1,0,5,130,15,8,3,85,85246,1,1,0,2,A83,46.737308,-1.159257,3,4,2
202100025208,156Â 604,A01,1,1,1,4,0,-1,-1,0,0,-1,2021,22.0,1,5,13,0,3,0,1,,3,6110,-1,,2,2,0,2,10,600,1,, -1,1,0,1,80,7,8,1,30,30349,1,1,0,6,RD 6110,43.856742,4.097042,15,1,1
202100007938,187Â 551,B01,1,1,2,1,1,-1,-1,-1, -1,-1,2021,51.0,1,2,0,2,6,1,1,,1,AUTOROUTE A 10,0,,3,6,0,1,537,0,1,, -1,1,0,1,130,16,11,1,33,33003,1,1,0,3,AUTOROUTE A 10,44.92763,-0.47124,7,2,2
202100005194,192Â 493,B01,1,1,1,9,1,0,-1,-1, -1,-1,2021,48.0,2,2,0,2,8,11,1,,1,AUTOROUTE A6,0,,2,6,0,1,23,0,1,, -1,1,0,1,110,2,12,3,91,91521,1,1,0,3,AUTOROUTE A6,48.64188,2.39282,5,2,2
202100007298,188Â 701,A01,10,3,2,5,0,-1,-1,2,3,1,2021,50.0,3,2,0,1,2,1,1,,4,ENGANNERIE (RUE DE L'),0,,2,2,0,1,1,0,1,, -1,1,0,1,50,11,11,1,14,14118,2,2,0,6,ENGANNERIE (RUE DE L'),49.18302,-0.35604,14,2,1
202100002695,196Â 956,A01,1,1,1,0,2,-1,-1,0,0,-1,2021,27.0,1,1,12,2,3,17,1,,2,1,-1,,2,1,1,1,2,650,1,, -1,1,0,1,40,18,12,1,987,98715,2,1,0,6,RT1 - PK 2+650,-17.584522,-149.568578,7,2,2
202100018766,168Â 097,A01,1,1,2,2,8,0,-1,-1, -1,-1,2021,16.0,3,1,6,0,0,1,5,,4,DE GAULLE (BD CHARLES),0,,2,5,1,1,(1),(1),1,, -1,3,0,5,50,14,9,1,37,37214,2,1,1,7,DE GAULLE (BD CHARLES),47.4177125509,0.6655223072,18,1,1
202100026529,154Â 275,A01,1,1,1,5,1,-1,-1,0,0,-1,2021,25.0,2,2,0,2,7,1,1,,3,83,0,D,2,2,0,1,13,310,1,, -1,1,0,1,80,30,7,1,62,62070,1,2,0,3,D77,50.387666,2.458911,10,5,2
202100035544,138Â 175,B01,1,1,1,5,2,6,-1,0,0,-1,2021,36.0,2,1,0,2,8,23,1,,4,BOULEVARD RICHARD LENOIR,0,,3,3,0,1,(1),(1),1,, -1,1,0,1,30,9,6,1,75,75111,2,4,0,3,BOULEVARD RICHARD LENOIR,48.854014,2.36915,18,2,2
202100050157,112Â 065,B01,1,1,1,0,8,0,-1,-1, -1,-1,2021,32.0,1,1,0,2,4,2,1,,4,REPUBLIQUE (AVENUE DE LA),0,,1,1,0,1,0,0,1,, -1,1,0,1,30,16,2,5,83,83129,2,1,0,2,REPUBLIQUE (AVENUE DE LA),43.09241,5.84064,22,2,2
202100004106,194Â 401,A01,1,1,1,1,2,6,-1,0,0,-1,2021,36.0,1,1,0,2,1,1,1,,4,PORTE D ORLEANS,0,,1,3,0,1,(1),(1),1,, -1,1,0,1,70,8,12,1,75,75114,2,4,0,2,PORTE D ORLEANS,48.820678,2.323145,14,2,2
202100009334,185Â 022,A01,2,2,2,5,1,-1,-1,0,0,-1,2021,17.0,1,2,0,0,7,1,1,,3,14,0,R,2,2,0,1,2,300,2,, -1,2,0,1,70,5,11,3,19,19068,1,1,0,3,D14,45.168605,1.65194,17,3,2
202100045947,119Â 626,B01,1,1,1,0,2,-1,-1,-1, -1,-1,2021,31.0,2,1,0,2,1,1,1,,4,AVE JEAN MERMOZ,0,,2,2,0,1,(1),(1),1,, -1,1,0,1,50,30,3,1,33,33162,2,1,0,1,Avenue Jean Mermoz,44.86154,-0.66604,17,2,2
202100035948,137Â 428,A01,1,1,2,5,2,0,-1,0,0,-1,2021,21.0,1,1,0,0,0,1,3,,4,RUE DE BERRI,0,,1,1,0,1,(1),(1),1,, -1,1,0,1,50,7,6,1,75,75108,2,1,0,7,RUE DE BERRI,48.873477,2.306086,17,1,1
202100035006,139Â 124,B01,1,1,1,0,2,6,-1,-1, -1,-1,2021,17.0,2,1,0,2,1,1,1,,7,AUVERGNE (BLD D'),0,,2,2,0,1,0,300,1,, -1,1,0,1,30,11,6,5,42,42044,2,3,0,3,Boulevard dâAuvergne,45.39363,4.3216,22,2,2
202100020690,164Â 646,A01,1,1,1,9,8,0,-1,-1, -1,-1,2021,21.0,2,0,0,2,1,26,3,,3,DOUMER (RUE PAUL),0,,2,2,0,1,0,0,1,, -1,1,0,1,50,5,9,5,45,45208,2,9,0,3,DOUMER (RUE PAUL),47.99872,2.74318,22,2,2
202100046443,118Â 767,A01,1,1,1,5,1,-1,-1,0,0,-1,2021,19.0,3,2,6,0,0,1,1,,4,,-1,,2,2,0,1,(1),(1),1,, -1,1,0,8,80,28,3,1,29,29267,1,1,0,6,Lieu Dit Lesren,48.165009,-3.90665,17,1,1
202100041230,127Â 906,B01,3,2,1,0,1,0,-1,-1, -1,-1,2021,12.0,1,2,0,2,0,0,1,,1,A86 EXT,0,,3,6,0,1,59,0,1,, -1,2,0,1,110,6,5,1,78,78640,1,1,1,2,A86 EXT,48.777248,2.224102,10,4,2
202100008433,186Â 664,A01,10,3,1,0,0,-1,-1,3,3,1,2021,57.0,1,5,0,1,1,1,1,,4,BANK (BOULEVARD),0,,3,4,0,1,0,0,1,, -1,1,9,1,50,10,11,1,974,97416,2,1,0,1,BANK (BOULEVARD),-21.33074,55.47467,6,2,1
202100014817,175Â 219,B01,1,1,1,9,8,8,-1,-1, -1,-1,2021,35.0,1,1,0,2,1,1,1,,4,BRETEUIL (RUE),0,,1,2,0,1,0,0,1,, -1,1,0,1,50,5,10,5,13,13206,2,3,0,3,BRETEUIL (RUE),43.29042,5.37576,21,2,2
202100027127,153Â 216,B01,2,2,2,5,1,-1,-1,0,0,-1,2021,36.0,2,2,13,0,7,1,1,,3,101,-1,,2,2,0,1,1,900,1,,5,1,0,1,80,27,6,1,14,14527,1,1,0,6,D101,49.094047,-0.037723,17,4,1
202100012098,180Â 091,B01,1,1,1,5,6,2,9,0,0,-1,2021,17.0,1,1,0,2,1,17,1,,3,RD45,-1,,2,1,0,1,0,600,1,,3,1,0,1,80,20,10,1,38,38450,1,3,0,2,RD45,45.28353,5.533226,14,2,2
202100011683,180Â 844,A01,1,1,1,9,2,6,-1,0,0,-1,2021,46.0,2,1,0,2,3,1,1,,3,334,0,,2,1,0,1,1,620,1,,3,1,0,1,80,22,10,1,37,37077,1,4,0,3,Chanderry,47.3670243212,0.417617932,17,2,2
202100052254,108Â 303,A01,1,1,1,0,1,-1,-1,0,0,-1,2021,47.0,1,2,2,0,2,1,1,,3,910,-1,,2,2,0,1,16,670,1,, -1,1,0,3,90,7,2,1,37,37092,1,1,0,6,D910,47.5171931962,0.8149632344,14,1,1
202100039960,130Â 161,A01,2,2,1,9,2,6,-1,0,0,-1,2021,25.0,1,1,0,2,2,1,1,,4,BOULEVARD DE MENILMONTANT,0,,1,1,0,1,(1),(1),1,, -1,1,0,1,50,14,5,1,75,75120,2,1,0,3,BOULEVARD DE MENILMONTANT,48.863811,2.386554,19,3,2
202100056469,100Â 965,B01,8,2,2,5,1,-1,-1,0,0,-1,2021,13.0,2,2,0,2,1,1,1,,3,1091,-1,,2,2,1,2,14,500,1,, -1,5,0,1,80,1,1,1,38,38212,1,1,1,1,D1091,45.08246,5.897126,11,7,2
202100050387,111Â 630,A01,1,1,2,5,2,6,9,0,0,-1,2021,22.0,2,1,0,2,1,17,1,,3,730,0,D,2,2,0,1,12,885,1,, -1,1,5,1,80,24,2,1,17,17131,1,1,1,3,D730,45.58877,-0.863253,13,3,2
202100054802,103Â 836,B01,1,1,1,4,1,-1,-1,0,0,-1,2021,33.0,1,5,0,2,3,1,1,,3,855,-1,,3,2,0,2,6,650,1,, -1,5,0,1,80,15,1,1,57,57361,1,1,1,1,Route DÃ©partementale 855,49.397848,6.381576,11,2,2
202100031299,145Â 792,B01,1,1,1,1,2,0,-1,0,0,-1,2021,59.0,2,1,0,2,1,1,5,,4,RUE DE VAUGIRARD,0,,1,3,1,1,(1),(1),1,, -1,1,0,5,50,29,6,5,75,75115,2,4,0,3,RUE DE VAUGIRARD,48.839849,2.302127,23,2,2
202100026039,155Â 137,A01,1,1,1,1,2,6,-1,0,0,-1,2021,16.0,3,1,0,2,2,1,1,,4,,0,,2,2,0,1,(1),(1),1,,"4,5",1,0,1,80,2,8,1,79,79290,1,2,0,3,Chemin des GuinÃ©es,46.438764,-0.60637,12,2,2
202100050085,112Â 211,B01,1,1,1,1,2,8,-1,-1, -1,-1,2021,28.0,2,1,0,2,1,1,1,,3,986,0,,3,4,3,2,0,0,2,, -1,2,9,1,50,26,2,3,92,92025,2,9,1,3,BOURNARD (RUE DU),48.9232124456,2.2566832602,6,2,2
202100051936,108Â 871,A01,1,1,1,1,2,6,-1,-1, -1,-1,2021,33.0,-1,1,0,2,1,9,1,,3,FRANCE ANATOLE (BOULEVARD) NR AUTRES,0,,1,1,0,3,0,1,2,, -1,1,0,1,50,9,2,5,93,93066,2,1,0,2,FRANCE ANATOLE (BOULEVARD) NR AUTRES,48.9222364025,2.347062262,18,2,2
202100038490,132Â 843,A01,1,1,1,5,2,-1,-1,-1, -1,-1,2021,72.0,1,1,0,2,3,11,1,,1,,0,,3,7,0,1,24,880,1,, -1,1,0,1,90,25,5,1,33,33318,1,1,0,3,ROCADE A 630,44.78872,-0.62501,16,2,2
202100019361,167Â 021,B01,2,2,1,0,8,0,-1,0,0,-1,2021,11.0,0,2,0,2,1,1,1,,4,ARIANE (BD DE L'),0,,3,4,0,1,(1),(1),1,, -1,1,0,8,50,12,9,1,6,6088,2,9,0,3,ARIANE (BD DE L'),43.73466,7.29662,15,7,2
202100049424,113Â 417,B01,1,1,1,0,2,8,-1,-1, -1,-1,2021,48.0,3,1,0,2,2,12,1,,4,ARDOIN(RUE),0,,-1,1,0,1,0,0,1,, -1,1,8,1,50,3,3,1,93,93070,2,1,0,3,ARDOIN(RUE),48.90897,2.32699,17,2,2
202100018425,168Â 693,B01,8,2,1,0,8,0,-1,-1, -1,-1,2021,43.0,1,3,0,2,3,1,1,2.0,3,GRANDE RUE,0,,3,4,0,1,0,1,1,, -1,1,0,1,50,17,9,5,93,93077,2,1,0,3,Grande Rue,48.8842938145,2.5091099739,20,3,2
202100048662,114Â 771,A01,1,1,2,3,1,0,-1,-1, -1,-1,2021,66.0,0,2,0,2,1,2,1,,3,CONSTANCE (BOULEVARD DE ),0,,3,4,0,1,22,670,1,, -1,1,0,1,50,9,3,1,77,77186,1,1,0,2,CONSTANCE (BOULEVARD DE ),48.39768,2.69154,8,2,2
202100043652,123Â 647,B01,1,1,2,9,2,0,-1,0,0,-1,2021,34.0,3,1,0,2,1,1,5,,4,RUE DU FAUBOURG SAINT MARTIN,0,,1,2,1,1,(1),(1),1,, -1,1,0,1,50,17,4,1,75,75110,2,3,0,2,RUE DU FAUBOURG SAINT MARTIN,48.870692,2.35654,16,2,2
202100001953,198Â 311,B01,1,1,1,5,2,-1,-1,0,0,-1,2021,16.0,3,1,0,2,1,1,3,,4,22,-1,C,2,2,0,1,(1),(1),2,, -1,1,0,1,-1,22,12,3,87,87051,1,1,0,1,Le Pont,45.61063,1.602051,17,3,2
202100022590,161Â 237,A01,10,3,1,3,0,-1,-1,9,3,1,2021,69.0,2,1,0,1,1,1,3,,4,GUILLOTIERE (DE LA)                 (GR),0,,1,1,2,1,(1),(1),1,, -1,1,0,5,50,25,8,1,69,69387,2,1,0,6,GUILLOTIERE (DE LA) (GR),45.75334,4.84466,12,2,1
202100001909,198Â 385,A01,10,3,1,5,0,-1,-1,3,3,1,2021,60.0,2,2,0,1,2,26,1,,4,JOINVILLE (AV DE),0,,2,1,0,1,1,0,1,, -1,1,0,1,20,17,12,3,94,94052,2,1,0,6,Avenue de Joinville,48.829312,2.466849,17,2,1
202100031153,146Â 046,A01,1,1,2,5,1,-1,-1,0,0,-1,2021,31.0,1,2,0,2,2,2,1,,2,ECHANGEUR NÂ° 02 ( MONTALIVET ),0,,2,4,3,1,1,0,1,, -1,1,0,1,90,2,7,1,14,14437,2,1,0,4,N814,49.17959,-0.32263,15,3,3
202100024269,158Â 289,B01,1,1,1,0,1,0,-1,0,0,-1,2021,65.0,1,2,0,2,4,1,1,,4,SAULXURES (AVENUE DE),0,,2,2,1,1,(1),(1),2,, -1,1,0,1,50,11,8,1,54,54184,2,1,0,2,SAULXURES (AVENUE DE),48.7046783398,6.2458732822,17,2,2
202100023592,159Â 469,B01,1,1,1,0,2,6,-1,-1, -1,-1,2021,24.0,1,1,0,2,5,10,1,,4,RUE ISAAC NEWTON,0,,2,2,0,1,(1),(1),1,, -1,1,0,1,50,18,8,1,33,33281,2,1,0,2,RUE ISAAC NEWTON,44.83066,-0.6713,19,2,2
202100027521,152Â 531,A01,1,1,1,1,2,6,-1,-1, -1,-1,2021,55.0,1,1,0,2,1,15,1,,3,BITCHE (ROUTE DE),0,,1,1,0,1,0,0,2,, -1,1,0,1,50,21,7,1,67,67180,1,6,0,3,BITCHE (ROUTE DE),48.82581,7.76365,16,2,2
202100001214,199Â 602,A01,1,1,2,0,1,0,-1,-1, -1,-1,2021,28.0,2,2,4,0,1,1,1,,3,CANADIENS (AV DES),0,,1,0,0,3,1,0,3,, -1,2,9,1,50,27,12,1,94,94069,2,1,0,6,avenue des Canadiens,48.817936,2.4605,14,1,1
202100054415,104Â 489,A01,10,3,2,0,0,-1,-1,3,3,1,2021,59.0,3,2,0,1,1,26,0,,3,IMPERIALE (Route) D464 ,0,,2,2,0,2,1,0,2,, -1,2,0,1,30,5,1,1,202,202120,2,1,0,6,IMPERIALE (Route) D464 ,42.6590841528,9.4317814708,8,2,1
202100020619,164Â 771,A01,1,1,1,5,2,6,9,0,0,-1,2021,51.0,1,1,13,0,9,14,1,,3,10,-1,,2,2,0,1,7,650,2,,"5,5",1,0,8,80,2,9,1,63,63296,1,1,0,6,D10,45.775231,3.382802,14,1,1
202100045448,120Â 500,B01,1,1,2,9,8,0,-1,-1, -1,-1,2021,14.0,1,1,0,2,7,0,5,,3,SAINT GERMAIN  (RUE),0,,2,4,0,1,1,0,1,, -1,1,0,1,50,2,4,1,93,93032,2,3,0,3,SAINT GERMAIN  (RUE),48.88455,2.53201,16,2,2
202100034929,139Â 274,B01,1,1,1,9,1,8,-1,-1, -1,-1,2021,48.0,2,2,14,2,4,1,1,,1,AUTOROUTE A1,0,,3,8,3,1,2,599,1,, -1,1,0,1,90,11,6,1,972,97213,1,1,0,2,AUTOROUTE A1,14.61553,-61.01393,14,2,2
202100054659,104Â 088,F01,1,1,1,0,1,0,-1,-1, -1,-1,2021,32.0,1,2,0,2,4,2,1,,1,AUTOROUTE A86,0,,3,8,0,1,10,800,1,, -1,2,0,1,90,17,1,1,92,92036,1,1,1,5,AUTOROUTE A86,48.93257,2.32193,12,12,12
202100013194,178Â 156,A01,1,1,1,4,1,-1,-1,-1, -1,-1,2021,49.0,1,2,0,2,1,2,1,,1,AUTOROUTE A 63,0,,3,6,0,1,1,509,1,, -1,1,0,1,110,15,10,1,33,33192,1,1,0,2,AUTOROUTE A 63,44.778778,-0.642724,17,2,2
202100048546,114Â 978,A01,1,1,2,3,1,0,-1,-1, -1,-1,2021,90.0,1,2,4,2,0,9,1,,3,RD 37,0,,2,4,0,1,14,250,1,, -1,1,0,1,90,8,3,2,37,37195,1,1,0,6,RD 37,47.3832563131,0.6509827023,18,2,2
202100046944,117Â 862,B01,1,1,1,3,2,6,-1,0,0,-1,2021,70.0,1,1,0,2,1,1,1,,2,EMILE DIDIER ( AV ),0,,2,2,0,1,70,578,1,, -1,1,5,1,50,22,3,1,5,5061,2,3,0,3,EMILE DIDIER ( AV ),44.56418,6.08933,13,2,2
202100034969,139Â 193,B01,1,1,1,0,8,0,-1,-1, -1,-1,2021,23.0,2,1,0,2,3,15,5,,4,MEINAU (ROUTE DE LA),0,,2,2,0,1,0,0,1,, -1,1,0,1,50,10,6,1,67,67482,2,3,0,3,MEINAU (ROUTE DE LA),48.553186,7.746996,8,2,2
202100051590,109Â 478,A01,2,2,1,0,0,-1,-1,-1, -1,-1,2021,18.0,1,1,0,2,1,26,1,,4,ROMAIN ROLLAND (BOULEVARD),0,,1,1,0,1,(1),(1),1,, -1,2,0,1,50,13,2,5,13,13210,2,1,1,1,ROMAIN ROLLAND (BOULEVARD),43.2771961492,5.419887191,2,3,2
202100019344,167Â 053,B01,10,3,2,5,0,-1,-1,1,3,1,2021,19.0,2,2,0,1,2,1,1,,3,RD 70 (route dÃ©partementale),0,,2,2,0,1,2,345,1,, -1,1,0,1,80,10,9,3,29,29039,1,1,0,6,RD 70 (route dÃ©partementale),47.9186215097,-3.903399109,23,2,1
202100046117,119Â 330,A01,1,1,1,5,1,8,-1,-1, -1,-1,2021,24.0,1,2,15,0,1,14,1,,3,AUDINCOURT (ROUTE D'),0,,2,4,0,2,1,775,2,, -1,1,0,4,50,27,3,5,25,25388,2,1,0,6,AUDINCOURT (ROUTE D'),47.49773,6.80668,19,1,1
202100032087,144Â 392,B01,1,1,2,0,8,0,-1,-1, -1,-1,2021,81.0,3,2,0,2,1,1,1,,4,JUIN ( BOULEVARD DU MARECHAL ),0,,2,2,0,1,0,0,1,, -1,1,0,1,50,25,6,1,83,83069,2,3,0,5,JUIN ( BOULEVARD DU MARECHAL ),43.11627,6.1133,13,6,3
202100029135,149Â 673,A01,1,1,2,0,2,-1,-1,-1, -1,-1,2021,19.0,2,1,0,2,1,1,1,,4,CRS MARECHAL GALLIENI,0,,2,2,0,1,(1),(1),1,, -1,2,0,1,50,13,7,1,33,33522,2,1,1,2,Cours MarÃ©chal Gallieni,44.81952,-0.59793,16,2,2
202100019915,166Â 033,A01,10,3,2,3,0,-1,-1,5,1,1,2021,82.0,1,2,0,1,7,1,1,,4,HEROS NOGENTAIS (R DES),0,,2,2,0,1,1,0,1,, -1,1,0,1,50,9,9,1,94,94052,2,1,0,6,Rue des HÃ©ros Nogentais,48.83817,2.48542,10,3,1
202100009503,184Â 726,A01,2,2,1,0,1,-1,-1,0,0,-1,2021,68.0,2,2,15,0,9,1,1,,1,6,-1,,3,4,0,1,278,300,3,, -1,1,0,3,130,5,11,1,21,21214,1,1,0,6,Autoroute A6,47.189603,4.669919,17,2,1
202100030438,147Â 365,B01,1,1,1,1,0,-1,-1,-1, -1,-1,2021,37.0,1,1,0,2,1,9,6,,3,,-1,,1,2,-1,1,0,1,1,, -1,1,0,1,-1,6,7,1,93,93008,2,3,0,1,Rue Henri NoziÃ¨res / Avenue Paul Vaillant - Couturier,48.911375,2.441415,13,2,2
202100017031,171Â 176,B01,1,1,1,1,2,6,-1,0,0,-1,2021,40.0,2,1,0,2,5,17,1,,4,RUE CLAUDE TERRASSE,0,,2,2,0,1,(1),(1),1,, -1,1,0,1,30,25,9,1,75,75116,2,2,0,3,RUE CLAUDE TERRASSE,48.83854,2.262028,12,2,2
202100042303,126Â 010,B01,1,1,1,0,1,0,-1,0,0,-1,2021,51.0,1,2,0,2,3,1,1,,7,,0,,3,4,0,1,(1),(1),1,, -1,1,0,1,50,19,4,1,63,63113,2,2,0,3,CLEMENTEL (BD ETIENNE),45.8096622067,3.1094214517,13,2,2
202100028143,151Â 400,A01,1,1,1,0,1,-1,-1,0,0,-1,2021,40.0,3,2,0,2,3,19,1,,4,DETOLLE (BOULEVARD ANDRE),0,,1,1,0,1,1,0,1,, -1,1,0,1,50,19,7,1,14,14118,2,2,0,3,Boulevard AndrÃ© Detolle,49.175427,-0.389611,18,2,2
202100029934,148Â 292,A01,1,1,1,1,2,6,-1,-1,0,-1,2021,35.0,2,1,0,2,1,21,1,,1,AUTOROUTE A115,0,,3,6,0,1,0,949,1,, -1,1,0,1,90,9,7,2,95,95582,1,1,0,2,A115,48.98026,2.24082,6,2,2