Num_Acc,id_vehicule,num_veh,place,catu,sexe,trajet,secu1,secu2,secu3,locp,actp,etatp,year_acc,victim_age,senc,catv,obs,obsm,choc,manv,motor,occutc,catr,voie,v1,v2,circ,nbv,vosp,prof,pr,pr1,plan,lartpc,larrout,surf,infra,situ,vma,jour,mois,lum,dep,com,agg_,int,atm,col,adr,lat,long,hour,nb_victim,nb_vehicules
202100024724,157Â 451,B01,1,1,1,0,8,0,-1,-1, -1,-1,2021,30.0,1,1,0,2,1,1,3,,4,PIFFAULT PIERRE (AV) BESSEMER A MONNIER,0,,2,2,0,1,0,0,1,, -1,1,0,1,50,10,8,1,72,72181,2,9,0,3,PIFFAULT PIERRE (AV) BESSEMER A MONNIER,47.97859,0.17,13,2,2
202100016206,172Â 670,B01,1,1,1,2,2,6,-1,-1, -1,-1,2021,17.0,0,1,0,2,3,1,1,,3,BREST (RUE DE),0,,2,2,0,1,1,0,1,, -1,1,0,1,50,28,9,1,22,22106,2,1,0,1,BREST (RUE DE),48.49481,-2.71499,8,2,2
202100019687,166Â 456,A01,1,1,1,5,1,0,-1,-1, -1,-1,2021,26.0,3,2,0,2,2,9,1,,4,SUISSE (BD DE) DU 7AU 162,0,,2,4,1,1,(1),(1),1,, -1,1,0,1,50,10,9,1,31,31555,2,1,0,4,SUISSE (BD DE) DU 7AU 162,43.6157368382,1.4213521779,13,6,3
202100053558,105Â 984,B01,1,1,1,5,0,-1,-1,-1, -1,-1,2021,34.0,2,1,0,2,1,2,5,,4,,0,,1,2,2,1,(1),(1),1,, -1,1,0,1,50,26,1,1,69,69386,2,1,0,3,VITTON (CR),45.7702370154,4.8603862524,12,2,2
202100039065,131Â 807,A01,1,1,1,5,1,0,-1,-1, -1,-1,2021,39.0,2,2,1,0,2,1,1,,4,MOUILLARD                           (R ),0,,-1,2,0,2,(1),(1),1,, -1,1,0,1,50,20,5,5,69,69389,2,1,0,7,MOUILLARD (R),45.78417,4.80329,21,1,1
202100052004,108Â 753,B01,1,1,1,0,2,6,-1,-1, -1,-1,2021,34.0,1,1,0,2,1,1,1,,7,941,0,,2,2,0,1,(1),(1),1,, -1,1,0,1,50,22,1,1,59,59350,2,1,0,3,SALENGRO ROGER RUE,50.62659,3.11047,14,2,2
202100045195,120Â 953,B01,1,1,1,1,2,-1,-1,0,0,-1,2021,50.0,2,1,0,2,3,0,1,,7,,-1,,2,1,0,1,4,(1),3,, -1,1,0,1,90,2,4,1,13,13041,1,1,0,1,D7,43.471227,5.459256,17,2,2
202100042040,126Â 479,A01,1,1,1,5,2,6,-1,-1, -1,-1,2021,50.0,1,1,0,2,3,18,1,,4,REPUBLIQUE (BOULEVARD DE LA),0,,2,2,1,1,0,0,1,, -1,1,0,5,50,24,4,1,18,18033,2,3,0,3,REPUBLIQUE (BOULEVARD DE LA),47.089,2.395,18,2,2
202100040197,129Â 749,B01,1,1,1,1,2,8,-1,0,0,-1,2021,21.0,1,1,0,2,8,21,1,,4,PRES (IMPASSE DES),0,,2,1,0,1,(1),(1),1,, -1,1,9,1,50,11,5,1,27,27375,2,1,0,3,PRES (IMPASSE DES),49.21862,1.17508,12,2,2
202100019185,167Â 335,A01,10,3,1,2,8,8,-1,3,5,2,2021,13.0,3,2,0,1,7,1,1,,4,FAVENTINES RUE,0,,2,2,0,1,(1),(1),1,, -1,1,0,1,50,13,9,1,26,26362,2,1,0,6,FAVENTINES RUE,44.917207,4.909864,17,2,1
202100014915,175Â 054,A01,1,1,1,1,2,-1,-1,0,0,-1,2021,17.0,3,1,2,0,0,0,1,,4,VC,-1,,2,2,0,1,(1),(1),1,, -1,1,0,3,30,25,8,3,17,17219,1,1,0,7,Rue des Martyrs,45.792765,-1.123202,23,1,1
202100004448,193Â 813,A01,1,1,1,0,2,6,-1,0,0,-1,2021,32.0,1,1,0,2,3,13,1,,7,6007,0,M,2,2,0,2,57,6,3,, -1,1,5,1,70,7,12,1,6,6059,2,4,0,3,M6007,43.732344,7.382819,11,2,2
202100043075,124Â 679,A01,10,3,1,5,0,-1,-1,2,3,1,2021,18.0,2,2,0,1,1,1,1,,4,REPUBLIQUE (AVENUE DE LA),0,,1,1,0,1,0,0,1,, -1,1,0,1,50,21,4,1,92,92063,2,1,0,6,REPUBLIQUE (AVENUE DE LA),48.8790959734,2.1768674254,15,2,1
202100034249,140Â 525,B01,1,1,1,0,2,6,-1,-1, -1,-1,2021,39.0,2,1,0,2,1,1,1,,4,FORET (AVENUE DE LA),0,,2,2,0,1,0,0,1,, -1,1,0,1,50,14,6,1,64,64024,2,9,0,3,BARRE (PROMENADE DE LA),43.508283,-1.52232,13,3,2
202100032203,144Â 198,A01,10,3,1,5,0,-1,-1,1,3,1,2021,10.0,2,2,0,1,2,1,1,,2,5,-1,,2,2,0,1,(1),(1),1,, -1,1,0,1,80,22,6,1,971,97117,1,1,0,6,La Houssaie,16.33196,-61.388233,13,2,1
202100000112,201Â 550,A01,1,1,1,9,8,-1,-1,0,0,-1,2021,95.0,0,2,0,0,0,1,1,,9,,-1,,2,1,-1,2,(1),(1),1,, -1,6,8,8,-1,1,12,3,45,45173,1,1,0,7,Ã  proximitÃ© du nouveau pont de Darvoy,47.869785,2.084959,20,1,1
202100015445,174Â 098,A01,1,1,1,0,1,0,-1,-1, -1,-1,2021,27.0,2,2,0,2,1,26,1,,1,A86,0,,3,4,0,1,78,0,1,, -1,2,0,1,90,2,10,1,92,92063,1,1,0,1,A86,48.8913920044,2.1758972497,8,2,2
202100033272,142Â 298,B01,2,2,2,0,1,-1,-1,0,0,-1,2021,69.0,2,2,0,2,1,1,1,,3,606,0,D,2,3,0,1,51,963,1,, -1,1,0,1,80,21,6,1,89,89452,1,1,0,1,,48.009076,3.318726,12,4,2
202100055774,102Â 170,A01,10,3,2,5,0,-1,-1,2,3,1,2021,71.0,1,2,0,2,1,9,1,,4,FLANDRES/DUNKERQUE (CARREFOUR),0,,-1,1,0,1,0,0,3,, -1,1,0,1,50,7,1,1,66,66136,2,1,0,6,FLANDRES/DUNKERQUE (CARREFOUR),42.68668,2.90734,8,2,1
202100008373,186Â 765,A01,10,3,1,1,0,-1,-1,3,3,1,2021,35.0,3,2,0,1,1,9,1,,3,ARISTIDE BRIAND (AVENUE) COTE DES NÂ°1A87,0,,1,1,0,1,0,1,1,, -1,1,9,1,30,12,11,1,93,93072,2,6,0,1,ARISTIDE BRIAND (AVENUE) COTE DES NÂ°1A87,48.96309,2.37725,16,2,1
202100032066,144Â 432,A01,1,1,1,5,1,4,-1,-1,0,-1,2021,23.0,1,2,0,2,1,5,1,,2,RN 184,0,,3,6,0,2,6,70,3,, -1,1,0,1,50,27,6,2,95,95572,1,1,0,1,RN 184,49.05073,2.14786,5,4,2
202100049335,113Â 577,A01,1,1,1,5,1,-1,-1,0,0,-1,2021,22.0,1,2,0,0,0,0,1,,3,113,-1,,2,2,0,1,1,735,1,, -1,1,0,3,80,4,3,3,35,35004,1,1,0,7,D113,48.415053,-1.452861,19,1,1
202100043376,124Â 132,B01,1,1,1,0,2,6,-1,-1, -1,-1,2021,53.0,1,1,0,2,3,1,1,,3,910,0,,2,3,0,1,0,0,1,, -1,1,0,1,50,20,4,1,92,92012,2,4,0,3,GENERAL LECLERC (AVENUE DU) 35/FIN - 60/,48.8298792187,2.2310560942,12,2,2
202100035681,137Â 933,B01,1,1,1,5,8,0,-1,-1, -1,-1,2021,49.0,2,1,0,2,1,1,5,,4,LIMOGES (AVENUE DE),0,,2,2,0,1,0,0,1,, -1,1,0,1,50,6,6,1,87,87050,2,1,0,6,LIMOGES (AVENUE DE),45.87644,1.23781,12,2,2
202100031842,144Â 835,A01,1,1,1,0,1,0,-1,-1, -1,-1,2021,45.0,1,2,1,0,1,1,1,,3,GEORGES CLEMENCEAU,0,,2,3,2,1,5,280,1,, -1,2,0,1,50,26,6,5,76,76447,2,1,1,6,GEORGES CLEMENCEAU,49.54994,0.20019,21,1,1
202100036534,136Â 409,A01,10,3,1,0,0,-1,-1,6,3,1,2021,14.0,1,2,0,1,1,1,1,,2,1,-1,,2,2,0,1,23,300,1,, -1,1,9,1,40,3,6,2,987,98733,2,1,0,1,Pk 24300 c/mer sens PAPEETE/PAPARA,-17.689931,-149.548349,6,2,1
202100020517,164Â 961,B01,10,3,2,2,0,-1,-1,5,2,1,2021,16.0,0,2,0,1,1,1,1,,4,SCHUMAN (BOULEVARD ROBERT),0,,2,2,0,1,(1),(1),1,, -1,1,0,1,50,3,9,1,50,50129,2,2,0,3,SCHUMAN (BOULEVARD ROBERT),49.63821,-1.62531,15,3,2
202100048991,114Â 181,A01,1,1,1,5,2,-1,-1,0,0,-1,2021,67.0,3,1,0,0,8,1,1,,3,RD356,-1,,2,1,0,1,(1),(1),3,, -1,1,0,3,50,6,3,1,40,40227,2,1,0,7,454 Route de Belhade,44.339285,-0.728434,17,1,1
202100036629,136Â 235,B01,1,1,1,4,2,0,-1,0,0,-1,2021,59.0,1,1,0,2,7,1,1,,4,SAINTE THERESE (AVENUE),0,,2,2,0,1,1,0,1,, -1,1,0,8,30,2,6,1,14,14118,2,1,0,2,Avenue Sainte ThÃ©rÃ¨se,49.16993,-0.34034,12,2,2
202100040507,129Â 199,Z01,2,2,2,1,2,0,-1,0,0,-1,2021,19.0,2,1,0,2,7,17,0,,4,RUE ORDENER,0,,2,4,0,1,(1),(1),1,, -1,1,0,1,50,10,5,1,75,75118,2,2,0,3,RUE ORDENER,48.89199,2.351622,16,3,2
202100021199,163Â 765,A01,1,1,1,5,1,4,-1,-1, -1,-1,2021,62.0,2,2,0,2,1,2,1,,1,6,0,,3,6,0,1,10,300,1,, -1,1,0,1,110,3,9,1,91,91689,1,1,0,2,AUTOROUTE A6,48.73052,2.31488,15,3,2
202100051591,109Â 476,A01,1,1,1,9,2,6,-1,0,0,-1,2021,32.0,2,1,1,2,2,17,1,,4,RUE D AVRON,0,,2,2,0,1,(1),(1),1,, -1,1,0,1,30,13,2,5,75,75120,2,1,0,3,RUE D AVRON,48.851443,2.399049,18,2,2
202100000113,201Â 549,A01,10,3,2,1,0,-1,-1,5,2,1,2021,24.0,1,2,10,1,2,2,1,,3,FREDERIC SOULIE RUE,0,,-1,2,0,3,0,0,2,, -1,1,0,4,50,24,12,5,9,9225,2,1,0,6,FREDERIC SOULIE RUE,43.11431,1.61945,0,3,1
202100053390,106Â 291,A01,10,3,1,9,0,-1,-1,1,5,1,2021,2.0,3,2,0,1,1,26,1,,4,,-1,,2,2,0,1,0,0,1,, -1,9,0,1,10,26,1,1,987,98738,2,1,0,1,Serv. Ly  Waut,-17.616819,-149.613088,14,2,1
202100040222,129Â 701,A01,10,3,2,5,0,-1,-1,2,3,1,2021,91.0,1,2,0,1,1,1,1,,4,RUE DU PERE CORENTIN,0,,1,3,0,1,(1),(1),1,, -1,1,0,1,50,12,5,1,75,75114,2,2,0,6,RUE DU PERE CORENTIN,48.824483,2.328324,11,2,1
202100052368,108Â 106,A01,1,1,2,9,1,0,-1,-1, -1,-1,2021,40.0,2,2,4,0,8,1,1,,1,AUTOROUTE A103,0,,3,4,0,4,0,100,2,, -1,2,0,1,50,6,2,1,93,93064,1,1,1,6,A103,48.88821,2.47221,11,1,1
202100018305,168Â 903,B01,1,1,1,1,2,6,-1,-1, -1,-1,2021,51.0,0,1,0,2,3,1,1,,4,,0,,2,3,0,1,(1),(1),1,, -1,1,0,1,50,17,9,1,91,91377,2,1,0,3,RUE ROBERT SCHUMAN,48.728965,2.258207,18,2,2
202100008494,186Â 548,B01,2,2,2,0,1,8,-1,-1, -1,-1,2021,27.0,2,5,0,2,1,1,1,,7,CAMP DE MENTHE (AV DU),0,,2,2,0,1,0,0,1,, -1,2,0,1,50,10,11,3,13,13001,2,1,1,1,CAMP DE MENTHE (AV DU),43.51127,5.41511,21,4,2
202100011242,181Â 637,A01,1,1,1,5,2,0,-1,0,0,-1,2021,31.0,1,1,0,2,7,17,1,,4,RUE OBERKAMPF,0,,1,1,0,2,(1),(1),1,, -1,2,0,1,30,24,10,1,75,75111,2,1,0,3,RUE OBERKAMPF,48.865894,2.378357,9,2,2
202100018280,168Â 948,A01,1,1,2,5,1,-1,-1,0,0,-1,2021,20.0,1,2,4,0,3,13,1,,2,124,-1,,3,4,0,1,52,500,1,, -1,2,0,3,110,19,9,3,32,32183,1,1,0,6,rn 124 PK 52500,43.648808,0.687332,4,1,1
202100010539,182Â 889,A01,1,1,1,9,2,6,-1,0,0,-1,2021,19.0,0,1,0,2,1,1,1,,3,BRIAND (AVENUE ARISTIDE),0,,2,2,0,1,30,132,2,, -1,1,0,1,50,28,10,2,27,27299,2,1,0,3,BRIAND (AVENUE ARISTIDE),49.04052,1.15871,19,2,2
202100035159,138Â 863,A01,1,1,1,3,1,-1,-1,0,0,-1,2021,77.0,2,2,0,2,3,15,1,,2,10,-1,,2,1,0,1,116,250,1,,"3,5",1,5,1,70,11,6,1,202,202303,2,3,0,1,T10,42.26251,9.548023,14,2,2
202100010872,182Â 293,A01,1,1,1,9,1,0,-1,-1, -1,-1,2021,52.0,1,2,0,2,3,5,1,,4,POINCARE (BOULEVARD HENRI),0,,2,4,0,1,(1),(1),1,, -1,1,0,1,50,22,10,1,66,66136,2,1,0,3,POINCARE (BOULEVARD HENRI),42.69115,2.89827,18,2,2
202100052956,107Â 062,A01,10,3,1,2,0,-1,-1,3,3,1,2021,16.0,3,5,0,1,3,1,1,,3,1075,0,D,2,2,0,1,(1),(1),1,, -1,2,0,1,50,2,2,5,38,38247,2,1,1,3,Grande rue,45.80931,5.402505,7,2,1
202100051958,108Â 833,A01,1,1,2,3,1,-1,-1,0,0,-1,2021,20.0,3,2,13,0,1,1,1,,3,8,-1,,2,2,0,2,12,189,1,, -1,7,0,3,80,10,2,1,89,89062,1,1,0,6,pk 12+189 D8,47.91517,3.827255,15,2,1
202100006602,189Â 996,B01,1,1,1,1,1,0,-1,-1, -1,-1,2021,28.0,3,5,0,2,3,16,1,,3,CD 14,0,,3,6,0,1,0,398,1,, -1,2,5,1,50,22,11,2,78,78238,2,2,0,3,CD 14,48.963399,1.862556,7,2,2
202100039864,130Â 328,A01,1,1,1,4,1,-1,-1,0,0,-1,2021,28.0,1,5,6,0,1,1,1,,3,558,0,D,2,2,0,1,5,800,3,, -1,2,0,1,-1,11,5,1,83,83031,1,1,0,6,D558,43.360469,6.389784,12,1,1
202100044384,122Â 338,A01,1,1,1,9,2,-1,-1,0,0,-1,2021,55.0,1,1,0,0,0,1,1,,4,101,-1,,2,2,0,1,(1),(1),1,, -1,2,0,1,50,10,4,5,30,30178,2,1,1,7,40 Rue de la RÃ©publique,44.07204,4.742105,20,1,1
202100041685,127Â 096,B01,4,2,1,5,8,0,-1,0,0,-1,2021,82.0,0,3,0,2,2,16,1,3.0,4,QUAI D AUSTERLITZ,0,,2,4,1,1,(1),(1),1,, -1,2,0,1,50,2,5,1,75,75113,2,3,0,3,QUAI D AUSTERLITZ,48.84192,2.367874,14,4,2
202100050529,111Â 378,B01,1,1,1,4,1,-1,-1,0,0,-1,2021,44.0,1,5,0,2,2,2,1,,1,6,0,,3,5,0,1,58,350,1,, -1,1,8,1,110,24,2,2,77,77001,1,1,0,3,"A6, PK 058+350 circulant vers province",48.359699,2.576423,6,2,2
202100027747,152Â 113,D01,1,1,1,9,1,0,-1,0,0,-1,2021,74.0,2,2,0,2,4,0,0,,3,D6154,0,,2,2,0,2,54,200,1,, -1,1,0,1,50,21,7,1,27,27701,2,1,1,4,D6154,49.24242,1.18773,17,4,4
202100000551,200Â 717,B01,1,1,1,0,2,-1,-1,-1, -1,-1,2021,16.0,3,1,0,2,1,1,1,,4,BARRIER ROBERT BOULEVARD,0,,2,2,1,1,(1),(1),1,, -1,1,0,1,50,20,7,5,73,73008,2,3,0,1,BARRIER ROBERT BOULEVARD,45.69924,5.88641,22,3,2
202100017712,169Â 963,A01,1,1,1,5,1,-1,-1,0,0,-1,2021,74.0,2,2,7,0,1,1,1,,1,6,-1,,3,4,0,1,246,750,1,, -1,1,0,1,130,21,9,1,21,21177,1,1,0,6,A6 PK 246+750 sens LYON vers PARIS,47.3653655765,4.4138910521,16,2,1
202100048706,114Â 695,A01,1,1,1,0,2,8,-1,-1, -1,-1,2021,21.0,2,1,0,2,1,5,1,,4,LUCIEN NADAIRE (R),0,,2,2,0,2,0,0,1,, -1,1,0,1,30,8,3,1,94,94041,2,1,0,1,LUCIEN NADAIRE (R),48.802,2.3939,15,2,2
202100008001,187Â 432,B01,1,1,1,4,2,8,-1,-1, -1,-1,2021,19.0,0,1,0,2,7,1,1,,4,BRUTUS AVENUE GILBERT,0,,2,2,0,2,(1),(1),1,, -1,1,0,1,50,13,11,5,66,66136,2,3,0,3,BRUTUS AVENUE GILBERT,42.69362,2.89092,22,2,2
202100029657,148Â 778,A01,1,1,1,5,2,-1,-1,0,0,-1,2021,48.0,2,1,0,2,1,17,1,,3,559,-1,,2,2,0,1,54,300,1,, -1,1,0,1,50,11,7,1,83,83019,2,1,0,5,930 Avenue Lou Mistraou,43.1411122005,6.3499760117,14,3,3
202100046210,119Â 168,B01,1,1,1,1,1,5,-1,-1, -1,-1,2021,46.0,1,2,0,2,3,1,1,,3,ROUTE DEPARTEMENTALE 3,0,,-1,2,0,1,6,0,2,, -1,1,0,1,50,27,3,1,972,97213,1,1,0,1,ROUTE DEPARTEMENTALE 3,14.66221,-60.99465,14,2,2
202100017947,169Â 547,A01,10,3,1,5,0,-1,-1,2,3,1,2021,72.0,1,2,0,1,1,1,1,,3,,-1,,2,1,0,1,0,7,1,,3,1,0,1,50,17,9,1,66,66088,2,5,0,6,Rue Michel Blanc,42.670008,2.622508,8,2,1
202100029055,149Â 805,B01,2,2,2,5,2,-1,-1,0,0,-1,2021,24.0,2,1,0,2,1,1,1,,4,721,0,D,2,2,0,1,(1),(1),1,, -1,1,0,1,80,15,7,2,17,17161,1,1,0,3,route du paradis,46.184344,-1.314043,1,3,2
202100011863,180Â 518,B01,1,1,1,1,1,8,-1,-1, -1,-1,2021,47.0,1,2,0,2,4,2,1,,3,FFI (ALL DES),0,,1,2,0,1,1,0,1,, -1,2,2,1,50,21,10,1,94,94004,2,1,1,4,Allee des F F I,48.75559,2.50725,16,3,3
202100042664,125Â 372,B01,2,2,2,5,1,1,-1,0,0,-1,2021,23.0,1,2,0,2,4,23,1,,1,VOIE DE DEGAGEMENT OUEST,0,,3,4,0,1,0,0,1,, -1,1,5,1,50,24,4,1,988,98818,2,6,0,2,VE1 SENS SUD/NORD,-22.26069,166.4444,17,3,2
202100016009,173Â 047,A01,1,1,2,5,1,-1,-1,0,0,-1,2021,71.0,2,2,0,2,1,1,1,,3,736,0,D,2,2,0,2,25,650,1,, -1,1,0,1,90,1,10,1,16,16207,1,3,0,3,Carrefour D737 - D736,45.865867,0.011029,13,3,2
202100008362,186Â 784,A01,1,1,1,9,2,6,-1,0,0,-1,2021,24.0,3,1,0,2,8,1,1,,4,RUE LEIBNIZ,0,,2,2,0,1,(1),(1),1,, -1,1,0,1,30,12,11,5,75,75118,2,2,0,3,RUE LEIBNIZ,48.895979,2.330907,21,4,2
202100008866,185Â 893,B01,1,1,1,5,2,6,-1,0,0,-1,2021,18.0,3,1,0,2,8,1,1,,4,,-1,,2,2,0,1,(1),(1),1,,4,1,0,1,50,28,10,5,86,86174,2,2,0,3,1 Rue de la Grotte,46.757316,0.477918,19,2,2
202100015067,174Â 775,B01,1,1,1,0,8,0,-1,-1, -1,-1,2021,32.0,3,1,0,2,8,19,5,,4,DUNANT (RUE HENRI),0,,2,4,3,1,(1),(1),1,, -1,1,9,6,30,5,10,1,34,34172,2,1,0,3,DUNANT (RUE HENRI),43.62682,3.86934,19,2,2
202100036208,136Â 967,A01,1,1,1,0,1,0,-1,-1, -1,-1,2021,23.0,1,2,4,0,3,9,1,,1,AUTOROUTE A86,0,,3,8,0,2,22,799,1,, -1,1,3,1,50,5,6,4,93,93008,1,1,0,6,AUTOROUTE A86,48.9065,2.45796,23,1,1
202100021770,162Â 714,A01,10,3,2,5,0,-1,-1,5,2,1,2021,38.0,1,2,0,1,1,1,1,,4,PIA (TRAVERSE DE),0,,2,2,0,1,0,0,1,, -1,1,0,4,50,27,8,1,66,66136,2,1,0,6,PIA (TRAVERSE DE),42.70668,2.8925,17,2,1
202100033260,142Â 318,A01,1,1,1,5,2,6,-1,0,0,-1,2021,34.0,2,1,16,0,3,1,1,,3,36,-1,D,2,2,0,2,25,200,2,, -1,1,0,3,80,18,6,1,43,43091,1,1,1,7,Route du Gerbier,44.890912,4.162976,15,1,1
202100048757,114Â 614,A01,1,1,1,0,8,-1,-1,0,0,-1,2021,46.0,2,1,0,0,0,0,1,,3,958,0,D,2,2,0,1,6,674,2,, -1,1,0,1,80,8,3,1,59,59537,1,1,0,7,D958,50.245942,3.503748,16,1,1
202100046332,118Â 952,B01,1,1,1,4,1,0,-1,-1, -1,-1,2021,38.0,1,2,14,0,1,1,1,,4,BERTHELOT                           (AV),0,,1,2,0,1,(1),(1),3,, -1,2,0,1,50,27,3,5,69,69387,2,2,1,3,BERTHELOT                           (AV),45.74348,4.84725,1,3,2
202100003654,195Â 223,A01,10,3,2,0,0,-1,-1,3,3,1,2021,55.0,1,2,0,1,7,1,1,,4,BOULEVARD VICTOR HUGO,0,,2,2,2,1,0,0,1,, -1,2,0,1,50,9,12,5,44,44109,2,1,1,6,BOULEVARD VICTOR HUGO,47.203507,-1.55097,17,2,1
202100051284,110Â 008,A01,1,1,1,1,8,0,-1,-1, -1,-1,2021,33.0,3,1,0,2,1,1,1,,4,MONPROFIT PLACE,0,,2,2,0,1,1,0,1,, -1,1,0,1,50,15,2,4,49,49007,2,7,0,3,MONPROFIT PLACE,47.47426,-0.567097,4,2,2
202100031723,145Â 055,B01,1,1,1,5,1,-1,-1,-1, -1,-1,2021,40.0,1,2,0,2,7,15,1,,4,LAVANDES (BOULEVARD DES),0,,2,2,0,4,(1),(1),2,, -1,1,0,1,50,28,6,1,4,4112,2,4,0,3,Inter bd des Lavandes / Rue Leon MureLAVANDES (BOULEVARD DES),43.8313851711,5.7785399518,13,3,2
202100022652,161Â 131,A01,2,2,1,0,2,0,-1,0,0,-1,2021,17.0,3,1,14,0,1,26,1,,7,PLAGE BOULEVARD DE LA,0,,1,2,0,1,(1),(1),1,, -1,2,0,1,50,24,8,1,6,6027,2,1,1,6,PLAGE BOULEVARD DE LA,43.650159,7.151129,18,4,3
202100048661,114Â 773,B01,1,1,1,1,2,8,-1,-1, -1,-1,2021,38.0,3,1,0,2,1,1,0,,3,GRANDE RUE,0,,2,2,0,2,7,380,1,, -1,1,0,1,90,9,3,1,77,77332,1,1,0,1,GRANDE RUE,48.99491,2.69977,17,2,2
202100047573,116Â 729,B01,1,1,1,1,2,6,-1,0,0,-1,2021,52.0,0,1,0,0,1,0,1,,4,,-1,,2,2,0,1,(1),(1),2,, -1,1,5,1,50,12,3,1,42,42005,2,1,0,3,Rue Denis Papin,45.519823,4.280075,7,2,2
202100020115,165Â 670,A01,10,3,2,5,0,-1,-1,3,3,1,2021,52.0,1,2,0,1,1,1,1,,3,FOCH (AV),0,,2,2,0,1,0,0,1,, -1,1,2,1,30,7,9,1,94,94068,2,1,0,1,FOCH (AV),48.80518,2.48422,9,2,1
202100035163,138Â 855,A01,10,3,2,3,0,-1,-1,3,3,1,2021,20.0,1,2,0,1,1,1,1,,2,613,-1,,1,2,0,1,3,399,1,, -1,1,6,1,50,12,6,1,34,34145,2,1,0,6,45 Boulevard Lafayette,43.6764627936,4.1328844428,13,2,1
202100056030,101Â 732,A01,1,1,2,5,8,0,-1,-1, -1,-1,2021,22.0,1,1,0,0,1,1,5,,4,SCHUMAN (BOULEVARD ROBERT),0,,3,4,0,1,2,500,1,, -1,1,0,1,50,5,1,2,87,87085,2,1,0,7,SCHUMAN (BOULEVARD ROBERT),45.85774,1.27037,17,1,1
202100037300,134Â 997,B01,1,1,2,1,1,0,-1,-1, -1,-1,2021,35.0,1,2,0,2,3,1,1,,4,PAUL BERT (R),0,,1,1,0,2,1,0,1,, -1,1,0,1,50,31,5,1,94,94046,2,9,0,3,Rue Paul Bert,48.81445,2.425138,14,2,2
202100028067,151Â 543,B01,1,1,2,0,1,8,-1,-1, -1,-1,2021,34.0,2,2,0,2,4,1,1,,1,A507 sens Marseille - Aubagne,0,,1,3,0,1,7,849,1,, -1,1,0,1,70,20,7,1,13,13055,1,1,0,2,A507 sens Marseille - Aubagne,43.29552,5.42463,8,2,2
202100032204,144Â 197,A01,1,1,1,5,0,-1,-1,0,0,-1,2021,25.0,1,1,15,0,0,0,0,,2,9,-1,,2,2,0,1,(1),(1),1,, -1,1,9,8,90,26,6,3,971,97112,1,1,0,7,ravine David RN 9,15.910629,-61.32718,20,1,1
202100049139,113Â 920,B01,1,1,1,9,8,0,-1,0,0,-1,2021,48.0,2,1,0,2,1,1,5,,4,RUE VANEAU,0,,1,1,0,1,(1),(1),1,, -1,1,0,1,50,5,3,1,75,75107,2,2,0,3,RUE VANEAU,48.851696,2.319032,15,2,2
202100051514,109Â 616,A01,1,1,1,1,2,8,-1,-1, -1,-1,2021,19.0,1,1,0,2,1,1,1,,7,DES TERMES (ROUTE) RD 908,0,,2,2,1,4,14,800,3,, -1,8,0,1,70,13,2,1,13,13002,1,1,0,3,DES TERMES (ROUTE) RD 908,43.36631,5.50369,10,2,2
202100053619,105Â 879,A01,10,3,2,3,0,-1,-1,5,9,1,2021,86.0,3,2,0,1,0,0,1,,9,BD EMILE COMBES,0,,-1,0,0,1,(1),(1),1,, -1,1,9,8,50,26,1,1,13,13004,2,9,0,6,BD EMILE COMBES,43.678278,4.633733,16,2,1
202100026700,153Â 984,B01,1,1,2,9,2,8,-1,-1, -1,-1,2021,48.0,2,1,0,2,8,1,1,,3,909,0,,2,0,0,1,0,0,1,, -1,1,0,1,50,28,7,1,92,92004,2,2,0,3,PONT D'ASNIERES,48.904909379,2.2877848148,14,2,2
202100008991,185Â 646,A01,1,1,1,0,1,-1,-1,0,0,-1,2021,21.0,3,2,0,2,1,13,1,,4,149,-1,,2,2,0,1,(1),(1),1,,5,1,0,1,80,8,11,2,79,79347,1,1,1,1,24 Route de la BerthonniÃ¨re,46.693938,-0.272945,6,3,2
202100012502,179Â 361,A01,10,3,1,5,0,-1,-1,1,3,1,2021,89.0,1,2,0,1,4,20,1,,4,STALINGRAD (RUE DE),0,,2,2,0,1,0,0,1,, -1,1,0,1,30,18,10,1,92,92022,2,1,0,6,STALINGRAD (RUE DE),48.81012,2.19233,17,2,1
202100051049,110Â 424,A01,10,3,2,2,0,-1,-1,3,3,1,2021,19.0,2,2,0,1,2,1,1,,4,LECOQ (BOULEVARD PIERRE),0,,2,2,0,1,0,0,1,, -1,1,0,1,50,15,2,2,49,49099,2,1,0,6,LECOQ (BOULEVARD PIERRE),47.04929,-0.86645,8,2,1
202100026830,153Â 760,A01,1,1,1,5,1,-1,-1,0,0,-1,2021,22.0,0,2,0,2,1,0,1,,4,EUROPE (DE 58 A 166 ET 99 A 129),0,,2,4,0,1,(1),(1),1,, -1,1,5,1,50,27,7,2,29,29019,2,3,0,3,Boulevard de lâEurope,48.41292,-4.50154,20,3,2
202100051492,109Â 665,A01,10,3,1,0,0,-1,-1,1,3,1,2021,36.0,2,2,0,1,3,1,1,,2,7,-1,,3,4,0,1,3,200,1,, -1,1,0,1,110,16,2,3,3,3316,1,1,0,6,RN7,46.667081,3.256744,0,3,1
202100004250,194Â 157,B01,1,1,2,0,1,-1,-1,-1, -1,-1,2021,28.0,2,2,0,0,4,2,1,,3,CHAMPAGNE   (  AVENUE DE),0,,1,3,1,1,21,200,1,, -1,2,2,1,70,6,12,5,51,51454,2,1,1,2,Avenue de Champagne,49.23539,4.0423,18,3,2
202100041809,126Â 876,A01,1,1,1,9,2,6,-1,0,0,-1,2021,32.0,3,1,0,2,1,16,1,,4,BOULEVARD SERURIER,0,,2,2,0,2,(1),(1),1,, -1,1,0,1,30,1,5,1,75,75119,2,2,0,3,BOULEVARD SERURIER,48.883282,2.394967,11,2,2