Num_Acc,id_vehicule,num_veh,place,catu,sexe,trajet,secu1,secu2,secu3,locp,actp,etatp,year_acc,victim_age,senc,catv,obs,obsm,choc,manv,motor,occutc,catr,voie,v1,v2,circ,nbv,vosp,prof,pr,pr1,plan,lartpc,larrout,surf,infra,situ,vma,jour,mois,lum,dep,com,agg_,int,atm,col,adr,lat,long,hour,nb_victim,nb_vehicules
202100052552,107Â 785,A01,1,1,1,2,2,6,-1,-1, -1,-1,2021,17.0,1,1,0,2,1,18,1,,4,GERARD (RUE HENRI),0,,2,2,0,1,(1),(1),1,, -1,2,0,1,50,3,2,1,19,19031,2,3,1,3,GERARD (RUE HENRI),45.15236,1.5147,12,2,2
202100043594,123Â 749,A01,10,3,1,0,8,-1,-1,1,3,1,2021,47.0,2,2,0,1,1,1,1,,1,VE2,-1,,3,4,0,1,(1),(1),1,, -1,2,0,1,70,16,4,4,988,98805,1,1,1,6,Save express - sens PAITA/NOUMEA - A hauteur de la piscine de Koutio,-22.217126,166.468229,0,2,1
202100043931,123Â 147,B01,1,1,1,1,2,6,-1,-1, -1,-1,2021,32.0,2,1,0,2,1,1,1,,3,CHANZY (BOULEVARD),0,,2,2,1,1,0,0,1,, -1,1,8,1,30,15,4,1,93,93048,2,1,0,1,CHANZY (BOULEVARD),48.85941,2.4243,11,2,2
202100043344,124Â 187,B01,1,1,1,1,2,6,-1,0,0,-1,2021,63.0,1,1,0,2,7,1,1,,4,BOULEVARD PERIPHERIQUE,0,,1,4,0,1,18,100,1,, -1,1,1,1,70,20,4,1,75,75117,2,1,0,3,BOULEVARD PERIPHERIQUE,48.8896605938,2.297325019,17,2,2
202100043860,123Â 268,B01,1,1,1,9,8,0,-1,-1, -1,-1,2021,21.0,3,1,0,2,1,0,1,,4,DE BONNIER (ROUTE),0,,2,2,0,2,(1),(1),3,, -1,1,0,1,50,15,4,1,971,97101,1,1,0,1,DE BONNIER (ROUTE),16.26197,-61.48694,14,3,2
202100017886,169Â 651,B01,1,1,1,1,2,6,-1,-1, -1,-1,2021,27.0,2,1,0,2,1,1,1,,3,PRESIDENT ROOSEVELT (AV DU),0,,2,2,2,1,0,0,1,, -1,1,0,1,50,19,9,5,94,94033,2,2,0,3,Avenue du PrÃ©sident Roosevelt,48.84301,2.46485,21,2,2
202100050918,110Â 662,B01,4,2,2,4,1,0,-1,-1, -1,-1,2021,29.0,3,2,0,2,3,23,1,,4,ROSE DES VENTS AVENUE DE LA,0,,2,1,0,1,(1),(1),1,, -1,1,0,1,30,1,2,5,13,13063,2,1,0,1,ROSE DES VENTS AVENUE DE LA,43.59894,5.0081,19,5,2
202100053243,106Â 558,A01,1,1,1,2,2,0,-1,0,0,-1,2021,48.0,2,1,1,2,7,18,5,,4,RUE BRUNEL,0,,1,1,0,2,(1),(1),1,, -1,1,0,1,30,29,1,1,75,75117,2,1,0,3,RUE BRUNEL,48.876535,2.288801,9,2,2
202100019723,166Â 386,B01,1,1,1,9,2,6,-1,0,0,-1,2021,45.0,1,1,0,2,1,1,1,,4,AVENUE VICTOR HUGO,0,,2,2,0,1,(1),(1),1,, -1,1,0,1,30,9,9,1,75,75116,2,3,0,3,AVENUE VICTOR HUGO,48.872492,2.292003,16,2,2
202100034920,139Â 289,B01,1,1,1,1,0,0,-1,0,0,-1,2021,19.0,1,1,0,2,1,1,1,,1,ROUTE EXPRESS DU MONT DORE,0,,2,2,0,1,0,0,1,, -1,1,0,1,50,10,6,5,988,98818,1,1,0,3,ROUTE EXPRESS DU MONT DORE,-22.2365,166.48607,18,4,3
202100038275,133Â 230,A01,10,3,2,3,0,-1,-1,5,B,1,2021,78.0,0,2,0,1,4,4,1,,4,2,0,,1,1,0,1,(1),(1),1,, -1,1,0,4,30,27,5,1,52,52060,2,1,0,6,02 rue Vellonne,47.952748,5.747472,10,2,1
202100018266,168Â 969,B01,1,1,1,3,2,-1,-1,0,0,-1,2021,62.0,1,1,0,2,1,18,1,,3,751,-1,,2,4,0,1,11,250,1,, -1,2,0,1,50,19,9,1,37,37003,2,1,1,2,Quai du GÃ©nÃ©ral de Gaulle,47.4129523233,0.9826719416,9,2,2
202100008258,186Â 953,A01,1,1,1,5,2,6,-1,0,0,-1,2021,25.0,1,1,1,2,1,18,1,,4,AVENUE PAUL DOUMER,0,,2,4,0,1,(1),(1),1,, -1,2,0,1,30,13,11,5,75,75116,2,3,0,5,AVENUE PAUL DOUMER,48.861285,2.284218,20,3,3
202100004348,193Â 985,A01,1,1,2,5,1,5,-1,0,0,-1,2021,66.0,3,2,14,0,3,19,1,,4,,0,,2,2,0,1,(1),(1),1,, -1,2,5,1,50,7,12,5,95,95351,2,1,1,6,Avenue de Normandie,49.048806019,2.5021255016,18,1,1
202100007597,188Â 160,A01,1,1,1,2,2,-1,-1,0,0,-1,2021,15.0,2,1,1,0,1,14,1,,4,CLEMENT (RUE VICTOR),0,,2,2,0,1,(1),(1),1,, -1,2,0,1,50,17,11,1,65,65440,2,1,1,6,CLEMENT (RUE VICTOR),43.23837,0.060558,9,1,1
202100002083,198Â 076,A01,1,1,1,1,0,-1,-1,0,0,-1,2021,35.0,2,2,13,0,9,14,1,,3,6,0,,2,2,0,1,8,0,2,, -1,1,0,3,80,22,12,3,18,18231,1,1,0,6,Les Clouzerats,46.764618,2.592258,2,1,1
202100053814,105Â 561,B01,1,1,1,5,1,-1,-1,0,0,-1,2021,96.0,3,2,0,2,3,1,1,,4,4,-1,,2,2,0,2,(1),(1),1,, -1,1,0,1,-1,22,1,1,22,22384,1,1,0,4,C4 - ZA de Berlouze -,48.287526,-2.827263,17,4,3
202100050051,112Â 273,B01,1,1,1,5,2,6,-1,-1, -1,-1,2021,18.0,2,1,0,2,1,1,1,,3,,0,,2,2,0,1,12,180,1,, -1,1,0,1,70,26,2,1,1,1451,1,2,0,3,Route de Bourg,46.24312,5.22447,14,2,2
202100014834,175Â 192,A01,10,3,1,9,0,-1,-1,4,3,1,2021,52.0,1,1,0,1,0,1,1,,4,RUE ORDENER,0,,2,2,0,1,(1),(1),1,, -1,1,0,1,30,6,10,2,75,75118,2,2,0,6,RUE ORDENER,48.892407,2.344991,19,2,1
202100006459,190Â 250,B01,1,1,2,9,8,0,-1,0,0,-1,2021,50.0,1,1,0,2,4,23,5,,4,QUAI DE LA TOURNELLE,0,,2,3,1,1,(1),(1),1,, -1,1,-1,5,30,24,11,1,75,75105,2,2,0,2,QUAI DE LA TOURNELLE,48.8511147922,2.3512780666,15,2,2
202100007694,188Â 000,A01,10,3,2,0,0,-1,-1,3,3,1,2021,76.0,1,2,0,1,1,1,1,,3,11,0,D,2,2,0,2,(1),(1),1,,5,1,0,1,-1,12,11,1,974,97404,2,1,0,1,143 Avenue Raymond Barre,-21.262621,55.361926,9,2,1
202100024482,157Â 905,B01,1,1,1,5,1,8,-1,-1, -1,-1,2021,37.0,1,2,7,0,6,26,1,,1,AUTOROUTE A86,0,,3,7,0,1,12,899,1,, -1,1,0,1,90,12,8,3,93,93066,1,1,0,4,AUTOROUTE A86,48.923181,2.34356,22,3,3
202100033031,142Â 700,A01,10,3,1,9,0,-1,-1,2,A,1,2021,15.0,3,2,0,1,7,1,1,,4,,0,,2,2,0,1,(1),(1),1,, -1,2,0,1,50,20,6,1,71,71270,2,1,1,6,Rue Winston Churchill,46.31613,4.83589,16,3,1
202100040101,129Â 917,A01,10,3,2,0,8,-1,-1,3,3,1,2021,36.0,2,2,0,1,1,1,1,,7,6007,-1,M,-1,2,0,2,61,1,1,, -1,1,0,1,50,14,5,1,6,6032,2,1,0,6,23 Route Moyenne Corniche,43.725639,7.406802,14,6,1
202100049691,112Â 920,A01,10,3,2,5,0,-1,-1,3,3,1,2021,87.0,2,2,0,1,1,1,1,,4,MAURICE LABROUSSE (RUE),0,,3,1,0,2,0,0,1,, -1,1,0,1,50,1,3,1,92,92002,2,3,0,6,MAURICE LABROUSSE (RUE),48.7545559949,2.2974015523,10,2,1
202100003277,195Â 906,A01,10,3,2,5,0,-1,-1,3,3,1,2021,88.0,0,2,0,1,1,1,1,,7,2210,-1,,2,2,0,1,(1),(1),1,, -1,1,0,8,-1,12,12,1,6,6064,2,1,0,6,RM2210,43.762071,7.175531,11,2,1
202100048669,114Â 760,B01,1,1,1,1,1,0,-1,0,0,-1,2021,33.0,3,2,0,2,7,1,1,,4,SAINT-LAURENT (RUE),0,,1,1,0,1,(1),(1),1,, -1,1,0,1,30,3,3,5,54,54431,2,3,0,3,SAINT-LAURENT (RUE),48.90569,6.05137,20,2,2
202100046940,117Â 871,B01,1,1,1,1,2,6,-1,-1, -1,-1,2021,30.0,1,1,0,2,1,1,1,,7,GARDANNE (ROUTE DE ),0,,2,2,0,1,0,100,1,, -1,1,5,1,80,23,3,2,13,13001,1,3,0,3,GARDANNE (ROUTE DE ),43.49979,5.40166,6,2,2
202100047402,117Â 039,B01,1,1,1,1,2,0,-1,-1, -1,-1,2021,39.0,1,1,0,2,4,0,1,,3,DE PRESSENSE FRANCIS,0,,2,2,0,1,1,1,1,, -1,2,0,1,50,17,3,5,93,93066,2,1,1,2,DE PRESSENSE FRANCIS,48.91943,2.36096,22,2,2
202100025256,156Â 512,B01,1,1,2,1,2,0,-1,-1, -1,-1,2021,23.0,3,1,0,2,8,1,5,,4,CARREAU (RUE DU),0,,-1,2,0,1,(1),(1),1,, -1,1,0,1,50,6,8,1,86,86194,2,1,0,3,Rue du Carreau,46.607833,0.342032,7,2,2
202100028656,150Â 493,A01,10,3,2,5,0,-1,-1,2,3,1,2021,60.0,3,2,1,0,4,4,1,,4,,0,,2,2,0,1,0,0,1,, -1,1,0,3,30,16,7,5,30,30007,2,1,0,6,STALINGRAD (AVENUE DE),44.12491,4.08803,23,2,1
202100011261,181Â 605,A01,1,1,1,5,2,6,-1,0,0,-1,2021,26.0,2,1,4,0,8,0,1,,1,57,-1,,3,4,0,2,30,500,2,, -1,1,0,1,130,24,10,3,83,83100,1,1,0,7,au troute A57 Pk 30+500,43.282196,6.188189,18,1,1
202100042176,126Â 231,A01,1,1,2,4,1,0,-1,-1, -1,-1,2021,47.0,1,4,13,0,7,14,1,,2,RN 162,0,,2,2,0,1,0,0,4,, -1,1,5,1,90,28,4,2,53,53130,1,6,0,7,RN 162,48.061996,-0.73351,7,1,1
202100047340,117Â 147,A01,10,3,2,0,0,-1,-1,5,4,1,2021,40.0,1,2,1,1,1,20,1,,4,BRAILLE (RUE LOUIS),0,,2,2,2,1,(1),(1),1,, -1,1,0,8,50,19,3,1,59,59512,2,1,0,6,BRAILLE (RUE LOUIS),50.67674,3.19344,17,2,1
202100049596,113Â 091,A01,2,2,2,0,2,8,-1,-1, -1,-1,2021,33.0,1,1,0,4,1,1,1,,3,13,0,,2,2,0,1,2,600,1,, -1,1,0,1,50,28,2,1,972,97209,1,1,0,1,Route de Bois Boyer,14.63108,-61.03664,8,3,2
202100006836,189Â 563,B01,1,1,1,9,2,0,-1,-1, -1,-1,2021,20.0,3,1,0,2,1,0,1,,3,,0,,-1,3,3,1,1,0,1,, -1,2,0,1,50,21,11,5,92,92025,2,9,0,3,RENOUILLERS  (RUE DES),48.923415,2.236074,22,2,2
202100054773,103Â 889,B01,1,1,1,9,8,-1,-1,0,0,-1,2021,52.0,1,1,0,2,1,1,5,,3,128,0,,2,2,0,1,0,0,4,, -1,1,0,1,30,16,1,3,26,26198,2,6,0,3,3 Route de Saint Gervais,44.55518,4.75933,18,2,2
202100052329,108Â 181,A01,10,3,1,9,0,-1,-1,4,3,1,2021,58.0,1,3,0,1,2,1,3,,4,BOULEVARD PONIATOWSKI,0,,2,2,0,1,(1),(1),1,, -1,2,-1,6,50,6,2,2,75,75112,2,2,1,6,BOULEVARD PONIATOWSKI,48.83176,2.397803,16,2,1
202100040207,129Â 728,A01,3,2,2,5,1,0,-1,-1, -1,-1,2021,30.0,2,2,0,1,2,1,1,,7,CROZET (AVENUE LOUIS ),0,,2,2,0,1,12,100,1,, -1,2,0,1,30,10,5,1,13,13028,2,1,1,6,CROZET (AVENUE LOUIS ),43.1809,5.598,17,3,1
202100015958,173Â 143,B01,1,1,1,1,2,6,-1,0,0,-1,2021,21.0,2,1,0,2,9,1,1,,4,BOULEVARD HENRI IV,0,,2,5,0,1,(1),(1),1,, -1,1,0,1,30,28,9,1,75,75104,2,2,0,3,BOULEVARD HENRI IV,48.8508224054,2.3614320844,17,2,2
202100045358,120Â 665,A01,1,1,2,5,1,0,-1,-1, -1,-1,2021,73.0,2,2,0,2,1,15,1,,2,ALLENDE (QUAI SALVADOR),0,,4,5,0,1,17,540,1,, -1,1,0,1,50,1,4,5,87,87085,2,2,0,3,ALLENDE (QUAI SALVADOR),45.82112,1.263,7,2,2
202100021767,162Â 719,B01,1,1,2,0,8,0,-1,0,0,-1,2021,52.0,0,1,0,2,1,1,3,,4,ANDRE (RUE DU LIEUTENANT),0,,2,2,0,1,(1),(1),1,, -1,1,0,1,50,27,8,1,71,71076,2,2,0,3,ANDRE (RUE DU LIEUTENANT),46.79598,4.8544,7,2,2
202100028509,150Â 754,B01,1,1,1,0,2,0,-1,-1, -1,-1,2021,27.0,0,1,0,2,0,2,1,,3,ARAGON (AVENUE LOUIS),0,,3,2,0,1,0,0,1,, -1,1,9,8,50,17,7,5,93,93008,2,2,0,3,Avenue Louis Aragon / Rue Paul Belwo,48.91483,2.441,0,2,2
202100025538,156Â 024,B01,1,1,1,0,2,-1,-1,0,0,-1,2021,16.0,2,1,0,2,1,1,1,,3,755,0,D,2,2,0,1,39,900,1,, -1,2,0,1,50,5,8,1,85,85090,2,4,1,3,Rue des ÃpiciÃ¨res,46.835448,-0.903062,19,2,2
202100048964,114Â 228,B01,1,1,1,5,2,6,-1,0,0,-1,2021,21.0,3,1,0,2,8,1,1,,4,PLACE DE LA CONCORDE,0,,1,4,0,1,(1),(1),2,, -1,1,0,1,50,6,3,1,75,75108,2,7,0,3,PLACE DE LA CONCORDE,48.8646559464,2.3206955194,17,4,2
202100035088,138Â 979,A01,1,1,1,0,8,0,-1,-1, -1,-1,2021,36.0,3,1,0,2,1,2,3,,3,LENINE AVENUE,0,,2,2,0,1,1,0,1,, -1,1,0,1,50,10,6,1,93,93063,2,1,0,2,LENINE AVENUE,48.883,2.4264,8,2,2
202100015534,173Â 918,A01,1,1,1,9,2,8,-1,-1, -1,-1,2021,18.0,1,1,0,2,1,17,1,,4,MOUSQUETAIRES DES,0,,2,2,0,1,0,0,1,, -1,1,0,1,50,2,10,1,64,64335,2,3,0,3,Avenue Marguerite de Navarre,43.3207,-0.42756,9,2,2
202100052788,107Â 366,A01,2,1,1,5,8,0,-1,-1, -1,-1,2021,19.0,3,1,0,2,1,5,1,,4,NARVAL RUE DE,0,,2,2,0,2,(1),(1),1,, -1,1,0,1,50,1,2,1,13,13056,2,1,0,1,NARVAL RUE DE,43.420571,5.045839,14,2,2
202100023940,158Â 839,A01,1,1,1,4,1,-1,-1,0,0,-1,2021,20.0,2,5,0,2,3,13,1,,3,919,-1,,2,2,0,2,2,770,1,, -1,1,0,1,90,16,8,1,61,61456,1,1,0,5,D919,48.785986,0.633645,12,3,3
202100029104,149Â 727,A01,10,3,1,0,0,-1,-1,8,5,1,2021,10.0,1,2,0,1,0,26,1,,4,LOUIS LOUCHEUR (RUE),0,,2,1,0,1,0,0,1,, -1,1,9,8,30,11,7,1,67,67482,2,1,0,6,LOUIS LOUCHEUR (RUE),48.54994,7.75608,11,2,1
202100027538,152Â 503,A01,1,1,1,5,8,0,-1,-1, -1,-1,2021,19.0,0,0,0,2,1,1,0,,4,LABOURDE (RUE JEANNE),0,,2,2,0,1,(1),(1),1,, -1,1,0,1,50,22,7,1,37,37233,2,2,0,3,LABOURDE (RUE JEANNE),47.3971445494,0.7418815792,18,2,2
202100027818,151Â 989,A01,1,1,1,5,0,-1,-1,0,0,-1,2021,19.0,3,0,0,0,0,1,3,,4,,-1,,2,2,0,2,(1),(1),1,,4,1,0,1,80,21,7,1,46,46297,1,1,0,7,Pepy,44.673800153,1.2698435783,18,1,1
202100049831,112Â 675,B01,1,1,1,0,2,6,-1,0,0,-1,2021,44.0,0,1,0,0,0,1,1,,4,,-1,,2,1,0,3,(1),(1),2,, -1,1,5,1,50,1,3,1,38,38344,2,2,0,6,MontÃ©e des ChapÃ´ts,45.377982,4.818352,17,2,2
202100011836,180Â 564,B01,1,1,1,0,2,0,0,0,0,-1,2021,11.0,3,1,0,2,1,25,0,,4,GENERAL GALLIENI (RUE DU),0,,2,2,0,1,(1),(1),1,, -1,1,0,4,50,20,10,1,10,10362,2,1,0,3,GENERAL GALLIENI (RUE DU),48.29371,4.05357,12,2,2
202100045279,120Â 785,B01,2,2,2,0,1,9,-1,0,0,-1,2021,36.0,2,2,0,0,4,15,1,,3,5,0,D,2,2,0,1,11,600,1,, -1,1,0,1,80,3,4,1,74,74310,1,4,0,2,D5,45.829654,6.059417,18,5,2
202100012204,179Â 902,A01,10,3,2,2,0,-1,-1,1,3,1,2021,12.0,1,2,0,1,3,1,1,,4,OURS-MONS (AV. D'),0,,2,2,0,1,(1),(1),1,, -1,1,0,1,50,19,10,1,43,43157,2,1,0,6,54 Avenue dââOurs Mons,45.0381,3.9013,8,2,1
202100029963,148Â 239,A01,1,1,1,3,1,-1,-1,-1, -1,-1,2021,78.0,1,2,1,0,2,1,1,,4,GREUZE    (Rue),0,,2,2,0,1,(1),(1),1,, -1,1,0,1,50,8,7,1,69,69266,2,1,0,6,GREUZE (R),45.77039,4.89365,16,2,1
202100017055,171Â 141,A01,1,1,2,9,2,0,-1,0,0,-1,2021,25.0,2,1,0,2,1,15,3,,4,RUE DE LYON,0,,2,5,3,1,(1),(1),1,, -1,1,0,6,30,23,9,5,75,75112,2,3,0,3,RUE DE LYON,48.8514299413,2.3699014575,21,2,2
202100007808,187Â 791,B01,1,1,1,1,2,6,-1,-1, -1,-1,2021,58.0,2,1,0,2,8,1,1,,3,EST (BOULEVARD DE L'),0,,3,4,1,1,0,0,2,, -1,1,5,1,50,13,11,1,50,50602,2,6,0,3,EST (BOULEVARD DE L'),49.63658,-1.59615,14,2,2
202100048558,114Â 953,A01,1,1,1,0,8,0,-1,-1, -1,-1,2021,33.0,2,2,0,2,1,19,0,,7,MARIUS CHALVE AVENUE,0,,2,1,0,1,0,0,1,, -1,1,0,8,50,10,3,1,13,13063,2,3,0,3,FRATERNITE RUE DE LA,43.57795,4.99873,11,2,2
202100014237,176Â 239,B01,1,1,1,1,0,-1,-1,0,0,-1,2021,25.0,1,1,0,2,1,1,6,,3,765,-1,D,1,1,0,1,38,455,2,, -1,1,0,1,50,6,10,1,41,41194,2,6,0,3,Rond point de chatlievre,47.342212,1.749012,13,2,2
202100013196,178Â 152,A01,1,1,1,0,2,6,-1,-1, -1,-1,2021,33.0,2,1,0,2,1,21,1,,2,RN12 INT,0,,3,2,0,1,32,0,1,, -1,1,0,1,110,15,10,1,78,78208,1,1,0,4,RN12 INT,48.800011,1.981446,8,3,3
202100053722,105Â 708,A01,1,1,1,0,1,8,-1,-1, -1,-1,2021,20.0,0,2,8,0,1,1,1,,4,LANGEVIN (BOULEVARD PAUL),0,,2,2,0,1,0,0,1,, -1,1,0,1,50,23,1,5,66,66136,2,1,0,6,LANGEVIN (BOULEVARD PAUL),42.68346,2.87566,21,1,1
202100015257,174Â 439,B01,1,1,2,1,1,-1,-1,0,0,-1,2021,32.0,1,2,3,2,1,1,1,,3,89,-1,A,3,4,3,1,108,700,1,, -1,1,0,1,110,24,9,2,24,24372,1,1,0,5,"A89, pk 105+100",45.142972,0.557213,7,4,3
202100000327,201Â 136,A01,10,3,2,-1,8,0,0,2,3,1,2021,89.0,-1,2,0,-1,-1,4,-1,,4,,-1,,2,2,-1,1,(1),(1),1,, -1,-1,0,1,-1,3,9,1,6,6029,2,1,-1,6,99 avenue Francis Tonner,43.549575,6.976015,16,2,1
202100010421,183Â 097,A01,1,1,1,4,8,-1,-1,0,0,-1,2021,48.0,1,4,15,0,0,14,1,,2,4,0,,3,4,0,1,2,251,1,, -1,1,0,1,110,29,10,1,52,52386,1,1,0,7,Perthes,48.660837,4.805617,15,1,1
202100047930,116Â 061,B01,1,1,1,0,0,0,0,-1, -1,-1,2021,13.0,2,1,0,2,1,1,5,,4,BEAUVAIS ( RUE DE ),0,,1,2,1,2,0,0,1,, -1,1,0,1,50,15,3,1,53,53130,2,1,0,3,BEAUVAIS ( RUE DE ),48.07128,-0.78297,17,2,2
202100044756,121Â 715,A01,1,1,1,1,2,6,9,0,0,-1,2021,19.0,2,1,14,0,9,1,1,,3,62,0,,3,4,0,1,3,120,1,, -1,2,5,8,90,1,4,5,30,30003,1,6,1,7,route dÃ©partementale 62,43.572105,4.174204,5,1,1
202100002156,197Â 934,A01,1,1,1,4,1,0,-1,0,0,-1,2021,29.0,3,2,0,2,4,15,1,,4,CARREFOUR ODEON,0,,2,2,0,1,(1),(1),1,, -1,1,0,1,30,18,12,5,75,75106,2,4,0,2,CARREFOUR ODEON,48.851957,2.338648,19,2,2
202100010261,183Â 363,A01,10,3,1,0,0,-1,-1,3,3,1,2021,59.0,3,3,0,1,1,16,1,1.0,4,CHAMPLAIN. AVENUE,0,,1,3,3,1,0,0,1,, -1,2,-1,1,30,29,10,3,76,76540,2,2,0,6,CHAMPLAIN. AVENUE,49.4347,1.09347,21,2,1
202100007324,188Â 659,A01,1,1,1,1,2,6,-1,0,0,-1,2021,49.0,2,1,0,2,1,17,1,,4,TUILIERES AVENUE DES,0,,2,3,0,2,(1),(1),1,, -1,2,0,1,50,15,11,3,6,6027,2,1,1,2,TUILIERES AVENUE DES,43.665294,7.154441,7,2,2
202100045813,119Â 865,A01,1,1,1,4,2,6,-1,0,0,-1,2021,42.0,2,1,0,0,8,21,1,,3,JEAN LOLIVE (AVENUE)(55/73.62/86),0,,3,2,1,1,(1),1,1,, -1,1,0,1,50,31,3,5,93,93055,2,1,0,6,JEAN LOLIVE (AVENUE)(55/73.62/86),48.891192045,2.4023738069,20,2,2
202100015885,173Â 281,A01,1,1,1,0,8,0,-1,-1, -1,-1,2021,33.0,0,1,0,2,3,16,1,,4,MOROSELLI (RUE JULES),0,,1,1,0,1,0,0,1,, -1,1,0,1,50,30,9,1,83,83137,2,2,0,3,MOROSELLI (RUE JULES),43.13595,5.91968,13,2,2
202100056158,101Â 505,A01,10,3,1,0,0,-1,-1,2,3,1,2021,17.0,1,2,0,1,2,1,1,,3,NEUFCHATEL (RUE DE) DU NÂ° 1 A 121 (IMPAI,0,,2,2,0,1,0,600,1,, -1,1,0,1,50,5,1,1,51,51454,2,1,0,7,Rue de Neufchatel,49.274772198,4.0267714595,14,2,1
202100037496,134Â 646,A01,1,1,2,5,1,-1,-1,0,0,-1,2021,47.0,1,2,6,0,1,1,1,,3,109,-1,D,2,2,0,1,5,183,2,, -1,1,0,4,50,30,5,5,6,6090,2,1,0,6,1036 Route de la Fenerie,43.58438,6.923048,23,1,1
202100012977,178Â 543,A01,1,1,1,0,1,-1,-1,0,0,-1,2021,31.0,0,2,9,2,1,16,1,,7,D8,-1,,2,2,0,1,(1),(1),3,, -1,1,5,1,50,16,10,2,13,13062,2,1,0,1,D8,43.421268,5.495463,18,4,2
202100006094,190Â 909,B01,1,1,1,4,8,0,-1,0,0,-1,2021,33.0,3,1,0,2,8,1,5,,4,PLACE AUGUSTE BARON,0,,2,4,0,1,(1),(1),2,, -1,2,0,1,30,26,11,1,75,75119,2,7,1,3,PLACE AUGUSTE BARON,48.900619,2.386962,13,2,2
202100030911,146Â 506,A01,1,1,1,3,0,-1,-1,0,0,-1,2021,76.0,2,2,3,0,1,14,1,,2,RN57,0,,2,2,0,1,15,60,1,, -1,2,0,2,110,5,7,1,70,70311,1,1,1,6,N57,47.822789,6.394577,11,1,1
202100052315,108Â 205,B01,1,1,1,2,8,0,-1,-1, -1,-1,2021,21.0,2,1,0,2,1,19,5,,4,SAINT MAURICE DE SAURET (AVENUE),0,,2,2,0,1,(1),(1),2,, -1,1,0,1,50,5,2,1,34,34172,2,1,0,3,SAINT MAURICE DE SAURET (AVENUE),43.6204070215,3.8927329112,17,2,2
202100007737,187Â 928,B01,1,1,2,0,1,0,-1,-1, -1,-1,2021,73.0,1,2,0,2,4,2,1,,1,AUTOROUTE A25,0,,3,4,0,1,39,299,1,, -1,2,0,1,110,13,11,2,59,59262,1,1,1,2,AUTOROUTE A25,50.7796262723,2.6278942823,17,2,2
202100011477,181Â 210,A01,1,1,2,5,2,6,-1,0,0,-1,2021,15.0,1,1,0,2,8,13,1,,3,61,-1,,2,2,0,1,3,500,1,, -1,1,0,1,80,24,10,1,24,24412,1,1,0,3,Le Petit Pech,44.985138,1.280787,17,3,2
202100015153,174Â 624,B01,1,1,2,1,1,5,-1,0,0,-1,2021,28.0,3,2,0,2,3,1,1,,3,339.7,0,,2,2,0,1,(1),(1),2,, -1,1,0,1,80,6,10,1,28,28177,1,1,1,1,D339.7,48.41143,1.51805,8,2,2
202100017412,170Â 504,A01,10,3,2,3,0,-1,-1,2,3,2,2021,84.0,3,2,0,1,1,1,0,,4,rue Henri Barbusse,0,,2,2,0,1,(1),(1),1,, -1,1,0,1,30,22,9,1,95,95019,2,2,1,6,rue Henri Barbusse,48.98424,2.41759,17,2,1
202100012612,179Â 168,C01,1,1,1,0,1,-1,-1,0,0,-1,2021,53.0,1,2,0,2,1,1,1,,3,16,0,D,2,2,0,2,11,50,3,, -1,2,0,1,70,3,7,1,74,74161,1,1,1,6,Rte de Rumilly,45.880523,5.990081,16,5,3
202100030918,146Â 494,B01,1,1,1,2,1,-1,-1,0,0,-1,2021,33.0,1,2,7,2,1,21,1,,3,104,0,,2,2,0,1,58,300,1,, -1,1,0,1,80,2,7,1,21,21027,1,3,0,1,Rue de Bellefond,47.38322,5.051501,18,2,2
202100042893,124Â 995,A01,2,2,2,3,1,0,-1,-1, -1,-1,2021,19.0,0,2,9,0,1,15,1,,4,CHATAIGNIERS RUE DES,0,,2,1,0,1,(1),(1),1,, -1,1,0,1,30,23,4,5,13,13063,2,3,0,6,CHATAIGNIERS RUE DES,43.582741,5.01558,23,2,1
202100054730,103Â 963,A01,1,1,1,5,0,-1,-1,0,0,-1,2021,25.0,1,2,2,0,2,13,1,,2,3,0,,2,2,0,1,137,126,3,, -1,1,5,3,70,17,1,1,988,98822,1,4,0,6,RT3/RM20 - Tribu de Tieti,-20.916298,165.303082,11,1,1
202100051778,109Â 145,A01,10,3,2,5,0,-1,-1,4,3,1,2021,12.0,2,2,0,1,3,1,1,,4,LACASSAGNE                          (AV),0,,2,3,1,1,(1),(1),1,, -1,1,0,1,50,11,2,1,69,69383,2,1,0,6,LACASSAGNE (AV),45.75269,4.8699,10,2,1
202100006346,190Â 451,A01,1,1,1,5,2,6,-1,0,0,-1,2021,38.0,1,1,0,2,1,13,1,,2,5,-1,,2,2,0,2,23,200,1,, -1,1,0,1,80,25,11,1,974,97424,1,1,0,1,Route Nationale 5,-21.146652,55.467063,8,2,2
202100038350,133Â 082,A01,1,1,2,5,8,8,-1,-1, -1,-1,2021,52.0,1,2,0,2,1,1,1,,4,CREMER (RUE),0,,1,2,0,2,0,0,1,, -1,1,5,1,50,16,5,1,57,57631,2,1,0,3,GENERAUX CREMER (RUE),49.1100528,7.0644656,16,3,2
202100046828,118Â 075,A01,1,1,1,3,1,-1,-1,0,0,-1,2021,31.0,1,2,0,2,3,1,1,,3,1082,-1,D,2,2,0,1,48,500,1,, -1,1,0,1,50,21,3,5,42,42323,2,2,0,3,Avenue de la LibÃ©ration,45.571627,4.273912,19,2,2