Num_Acc,id_vehicule,num_veh,place,catu,sexe,trajet,secu1,secu2,secu3,locp,actp,etatp,year_acc,victim_age,senc,catv,obs,obsm,choc,manv,motor,occutc,catr,voie,v1,v2,circ,nbv,vosp,prof,pr,pr1,plan,lartpc,larrout,surf,infra,situ,vma,jour,mois,lum,dep,com,agg_,int,atm,col,adr,lat,long,hour,nb_victim,nb_vehicules
202100020297,165Â 356,A01,2,2,2,1,2,0,-1,-1, -1,-1,2021,15.0,3,1,0,2,1,1,1,,4,ANDUZE (AVE),0,,2,2,0,1,0,0,1,, -1,1,0,1,50,7,9,1,30,30007,2,3,0,1,ANDUZE (AVE),44.11336,4.07999,15,3,2
202100016555,172Â 039,A01,10,3,1,5,0,-1,-1,4,3,3,2021,9.0,1,2,0,1,3,1,1,,3,JAURES (AVENUE JEAN),0,,3,3,1,1,0,1,1,, -1,1,0,1,50,27,9,1,93,93027,2,1,0,6,Avenue Jean JaurÃ¨s,48.92438,2.40173,17,2,1
202100021467,163Â 270,A01,10,3,1,0,0,-1,-1,2,3,2,2021,8.0,1,2,0,1,1,1,1,,4,LÃON GAMBETTA (ALLEE),0,,2,3,0,1,0,0,1,, -1,1,0,1,50,1,9,1,13,13201,2,1,0,6,LÃON GAMBETTA (ALLEE),43.299,5.383,10,2,1
202100032418,143Â 827,A01,10,3,2,5,0,-1,-1,3,3,1,2021,68.0,1,2,0,1,2,1,1,,3,6,-1,,2,2,0,1,1,510,1,, -1,1,0,8,50,25,6,1,64,64422,1,6,0,6,D6,43.195368,-0.600407,12,2,1
202100040761,128Â 751,C01,1,1,1,1,2,6,-1,0,0,-1,2021,42.0,1,1,0,2,3,3,1,,4,BOULEVARD PERIPHERIQUE,0,,1,4,0,1,15,0,1,, -1,1,0,1,70,7,5,1,75,75116,2,1,0,4,BOULEVARD PERIPHERIQUE,48.869067,2.27085,18,3,3
202100004085,194Â 442,B01,1,1,1,1,1,0,-1,-1, -1,-1,2021,46.0,3,2,0,2,8,15,1,,4,CHARLES LIVON (BOULEVARD),0,,2,4,0,2,0,0,1,, -1,2,0,1,50,8,12,5,13,13207,2,3,1,3,CHARLES LIVON (BOULEVARD),43.2922,5.36301,6,2,2
202100050463,111Â 495,B01,1,1,1,9,1,0,-1,-1, -1,-1,2021,22.0,2,2,0,2,1,1,1,,4,MONTS D'ARREE (AVENUE DES),0,,3,4,1,2,(1),(1),1,, -1,1,0,1,50,23,2,1,35,35238,2,2,0,5,MONTS D'ARREE (AVENUE DES),48.13517,-1.65949,13,3,3
202100052397,108Â 051,A01,10,3,2,3,0,-1,-1,9,B,1,2021,74.0,3,5,0,1,4,4,1,,6,PICOT (AVE DU COLONEL),0,,-1,-1,0,1,0,0,1,, -1,1,9,8,10,5,2,1,83,83137,2,1,0,6,PICOT (AVE DU COLONEL),43.12555,5.95836,10,2,1
202100055327,102Â 934,A01,1,1,1,5,1,-1,-1,-1, -1,-1,2021,39.0,2,2,0,2,6,9,1,,4,,0,,2,2,0,1,(1),(1),1,, -1,1,0,1,30,12,1,1,33,33162,2,2,0,3,Rue du Moulin a Vent,44.88536,-0.64104,9,2,2
202100036313,136Â 779,A01,1,1,1,5,0,-1,-1,0,0,-1,2021,39.0,3,2,2,0,1,1,1,,4,0,0,,2,2,0,1,(1),(1),2,, -1,1,0,3,80,6,6,1,89,89221,1,1,0,6,Foret,47.686929,3.351839,12,1,1
202100005010,192Â 828,A01,1,1,1,0,1,0,-1,-1, -1,-1,2021,23.0,2,2,4,0,3,13,1,,1,AUTOROUTE A86,0,,3,7,0,2,18,0,1,, -1,2,0,1,90,3,12,4,93,93027,1,1,1,6,AUTOROUTE A86,48.92824,2.41184,21,1,1
202100007081,189Â 103,A01,1,1,1,0,1,-1,-1,0,0,-1,2021,20.0,3,2,0,2,1,1,1,,3,,-1,,2,2,0,1,(1),(1),3,,5,2,0,1,50,20,11,1,58,58134,2,1,0,1,Rue DorÃ©e,46.934455,3.269361,15,2,2
202100028578,150Â 636,A01,1,1,2,5,1,-1,-1,0,0,-1,2021,23.0,1,2,0,2,1,15,1,,2,,-1,,3,-1,-1,1,(1),(1),1,, -1,1,5,1,-1,17,7,2,50,50099,1,2,1,1,D913,49.336239,-1.262966,21,5,2
202100010002,183Â 820,A01,10,3,1,5,0,-1,-1,2,3,2,2021,9.0,3,2,0,1,2,1,1,,4,MARAT (RUE),0,,2,2,0,2,(1),(1),1,, -1,2,0,1,30,31,10,5,95,95019,2,1,1,6,MARAT (RUE),48.9843,2.42202,18,2,1
202100048060,115Â 838,C01,1,1,1,5,2,6,9,0,0,-1,2021,48.0,2,1,1,0,1,2,1,,7,114,0,D,2,2,0,1,22,77,1,, -1,1,0,1,80,14,3,1,34,34095,1,2,0,4,D114,43.515805,3.769845,13,4,3
202100023091,160Â 339,A01,1,1,1,5,8,0,-1,-1, -1,-1,2021,10.0,1,0,0,2,1,5,5,,3,BOIS NOIRS (ALLEE DES) (2),0,,2,2,0,2,(1),(1),1,, -1,1,0,4,50,20,8,1,974,97416,2,1,0,3,BOIS NOIRS (ALLEE DES) (2),-21.28574,55.46003,17,2,2
202100034992,139Â 149,B01,1,1,1,5,8,8,-1,-1, -1,-1,2021,67.0,2,1,0,2,1,17,1,,4,DE GAULLE ( AVE DU GENERAL ),0,,2,2,0,1,(1),(1),1,, -1,1,0,1,30,10,6,1,56,56121,2,1,0,3,DE GAULLE ( AVE DU GENERAL ),47.73995,-3.37721,10,2,2
202100048393,115Â 256,B01,1,1,1,0,1,8,-1,-1, -1,-1,2021,30.0,2,2,0,2,2,1,1,,4,VIRGILE (RUE),0,,2,2,0,1,(1),(1),1,, -1,1,0,1,50,10,3,1,67,67482,2,3,0,3,VIRGILE (RUE),48.5819,7.70351,15,3,2
202100031725,145Â 052,A01,2,2,1,5,2,6,-1,0,0,-1,2021,29.0,1,1,0,2,1,3,1,,4,PORTE DE BAGNOLET,0,,1,4,0,1,29,300,1,, -1,1,0,1,70,28,6,1,75,75120,2,1,0,2,PORTE DE BAGNOLET,48.869643,2.413267,17,3,2
202100013297,177Â 973,B01,1,1,1,5,2,6,-1,0,0,-1,2021,79.0,1,1,0,2,8,1,1,,4,GRASSE (AVENUE DE),0,,2,2,0,2,(1),(1),2,, -1,1,0,1,30,14,10,1,6,6029,2,1,0,1,GRASSE (AVENUE DE),43.554928,7.00897,11,2,2
202100009854,184Â 085,A01,1,1,1,4,1,-1,-1,0,0,-1,2021,19.0,2,4,0,0,0,1,1,,1,13,-1,,3,5,0,2,108,800,1,, -1,1,0,1,110,3,11,3,76,76682,1,1,0,7,a13,49.320024,1.102627,1,1,1
202100033997,140Â 987,B01,1,1,1,5,2,0,-1,0,0,-1,2021,58.0,3,1,0,2,1,1,5,,4,ROUTE DES TRIBUNES,0,,2,3,2,1,(1),(1),3,, -1,1,0,1,30,14,6,1,75,75116,2,1,0,2,ROUTE DES TRIBUNES,48.860494,2.229751,12,2,2
202100000911,200Â 116,B01,1,1,1,0,2,6,-1,0,0,-1,2021,31.0,3,1,0,2,1,1,1,,3,209,0,,2,2,0,1,4,384,1,, -1,2,5,1,80,30,12,2,77,77002,1,2,0,3,D209,48.751195,3.11765,16,2,2
202100037863,133Â 983,A01,1,1,1,0,2,8,-1,-1, -1,-1,2021,29.0,2,1,14,0,1,26,5,,4,FERNAND PENA,0,,2,2,0,1,0,0,1,, -1,1,5,1,50,27,5,1,93,93029,2,4,0,2,FERNAND PENA,48.91834,2.43591,14,2,2
202100015983,173Â 099,B01,1,1,1,5,2,-1,-1,0,0,-1,2021,68.0,1,1,0,2,2,1,6,,3,15,0,,1,2,0,1,1,0,2,, -1,1,0,1,70,30,9,1,83,83018,1,6,1,3,Avenue de la Gare,43.3448600052,6.1724656668,10,2,2
202100039267,131Â 416,A01,1,1,1,4,2,-1,-1,0,0,-1,2021,21.0,0,1,0,2,1,2,5,,4,JULES FERRY (CHAUSSEE),0,,2,2,0,2,(1),(1),1,, -1,1,0,1,50,17,5,1,80,80021,2,1,0,2,JULES FERRY (CHAUSSEE),49.88101,2.3308,14,2,2
202100010646,182Â 707,A01,1,1,1,5,2,-1,-1,0,0,-1,2021,16.0,1,1,0,2,1,9,1,,3,627,-1,,2,2,0,4,23,900,1,, -1,1,0,1,80,28,10,1,9,9209,1,4,0,1,route de Sainte Croix Volvestre - rd 627,42.993776,1.161885,15,2,2
202100025734,155Â 684,A01,1,1,1,0,1,0,-1,0,0,-1,2021,58.0,3,2,8,2,8,15,1,,7,CLEMENCEAU (BD GEORGES),0,,1,2,2,2,(1),(1),1,, -1,1,0,1,50,2,8,5,54,54395,2,2,0,3,OUDINOT (RUE DU MAL),48.67567,6.18204,21,3,2
202100044860,121Â 532,A01,10,3,2,5,0,-1,-1,3,3,1,2021,83.0,2,5,0,1,3,15,1,,3,160,0,U,2,2,0,1,26,400,1,, -1,1,0,1,50,5,4,1,85,85301,2,2,0,6,Route de l'OcÃ©an,46.825671,-1.122494,12,2,1
202100025247,156Â 526,A01,1,1,1,0,8,0,-1,-1, -1,-1,2021,44.0,1,1,0,2,1,0,1,,2,BALATA (ROUTE DE),0,,2,2,0,2,0,0,3,, -1,1,0,1,50,6,8,4,972,97209,1,1,0,2,BALATA (ROUTE DE),14.6206032549,-61.0709542036,17,2,2
202100036648,136Â 201,B01,2,2,2,5,8,0,-1,0,0,-1,2021,19.0,1,1,0,2,1,1,3,,4,RUE DE CHARONNE,0,,2,2,0,2,(1),(1),1,, -1,1,0,1,30,3,6,1,75,75111,2,2,0,3,RUE DE CHARONNE,48.855123,2.387135,12,3,2
202100046493,118Â 683,B01,1,1,1,0,8,8,-1,-1, -1,-1,2021,32.0,3,1,0,2,1,1,1,,4,SAINTONGE(AVENUE DE),0,,2,2,0,1,0,0,1,, -1,1,0,1,50,25,3,1,91,91692,2,2,0,3,SAINTONGE(AVENUE DE),48.67995,2.16306,12,2,2
202100054968,103Â 559,B01,1,1,1,5,8,-1,-1,0,0,-1,2021,76.0,0,2,0,2,2,26,1,,4,,0,,2,2,0,2,(1),(1),1,, -1,1,0,1,50,15,1,1,85,85081,2,9,0,1,Rue RenÃ© Couzinet,46.7413893059,-1.3821704686,13,2,2
202100025419,156Â 222,A01,10,3,1,0,0,-1,-1,2,4,1,2021,15.0,1,2,0,1,2,16,1,,4,VIEUX CHEMIN (RUE DU),0,,1,1,0,1,0,0,1,, -1,1,0,1,30,5,8,1,972,97209,2,3,0,6,VIEUX CHEMIN (RUE DU),14.60959,-61.07182,16,2,1
202100006587,190Â 023,B01,1,1,1,5,2,8,-1,-1, -1,-1,2021,25.0,1,1,0,2,4,0,3,,4,CHARLES DE GAULLE,0,,1,3,0,1,0,1,1,, -1,1,0,1,90,7,11,3,84,84007,2,9,0,2,CHARLES DE GAULLE,43.928837,4.805625,19,2,2
202100026075,155Â 076,A01,1,1,1,5,1,-1,-1,0,0,-1,2021,19.0,3,2,2,0,1,26,1,,4,,-1,,2,2,0,1,(1),(1),1,,5,1,0,3,-1,1,8,2,95,95213,1,1,0,6,Rue des Chantereines,49.122927,2.064673,5,1,1
202100036326,136Â 759,A01,1,1,1,5,2,-1,-1,0,0,-1,2021,45.0,2,1,0,2,1,14,1,,1,,-1,,2,2,-1,1,(1),(1),3,, -1,1,0,1,-1,6,6,1,14,14203,1,4,0,3,D400,49.230546,-0.086351,18,5,2
202100047019,117Â 729,B01,1,1,2,1,1,5,-1,-1, -1,-1,2021,56.0,2,2,0,2,1,1,1,,3,ROUTE DEPARTEMENTALE 3,0,,2,4,0,1,9,899,1,, -1,1,0,1,50,22,3,1,972,97213,1,1,0,1,ROUTE DEPARTEMENTALE 3,14.6304826771,-60.9891128558,15,2,2
202100011649,180Â 903,B01,1,1,1,0,8,0,-1,-1, -1,-1,2021,50.0,2,1,1,0,3,1,5,,3,FONTAINEBLEAU (AV DE),0,,2,2,0,1,1,0,1,, -1,1,0,1,50,22,10,1,94,94043,2,1,0,3,Avenue de Fontainebleau,48.80898,2.36258,9,2,2
202100000669,200Â 518,B01,1,1,1,5,8,-1,-1,0,0,-1,2021,67.0,1,1,0,0,4,1,5,,3,415,-1,,2,2,0,1,32,930,1,, -1,1,0,1,80,31,12,1,68,68007,1,1,0,2,Rd 415,48.058994,7.429032,11,2,2
202100000568,200Â 688,A01,1,1,1,5,8,0,-1,-1, -1,-1,2021,19.0,2,0,0,0,0,0,3,,4,Victor Hugo (Rue),0,,1,1,0,1,0,0,1,, -1,9,0,1,50,10,10,5,19,19272,2,1,0,7,Victor Hugo (Rue),45.2626741212,1.7616232917,5,1,1
202100028485,150Â 799,A01,10,3,1,5,0,-1,-1,9,B,2,2021,71.0,3,2,0,1,2,1,1,,4,VILLOTE (PARKING DE),0,,-1,1,0,1,0,0,1,, -1,1,9,8,20,16,7,1,9,9122,2,1,0,6,VILLOTE (PARKING DE),42.963604,1.60553,17,2,1
202100018888,167Â 885,A01,10,3,1,9,0,-1,-1,6,1,1,2021,36.0,2,4,0,1,1,2,1,,1,AUTOROUTE A25,0,,3,4,0,1,6,386,1,, -1,1,0,1,90,14,9,3,59,59360,1,1,0,6,AUTOROUTE A25,50.6189207315,3.0031718326,3,2,1
202100015624,173Â 744,B01,1,1,1,5,2,6,-1,-1, -1,-1,2021,50.0,1,1,0,2,7,2,1,,7,PETITE RTE DES MILLES (RTE),0,,2,2,0,1,0,0,1,, -1,1,0,1,70,1,10,1,13,13001,1,9,0,3,PETITE RTE DES MILLES (RTE),43.51022,5.39574,10,2,2
202100012665,179Â 079,A01,1,1,2,0,1,0,-1,-1, -1,-1,2021,24.0,3,2,0,2,7,1,1,,7,D.5,0,,1,2,0,1,(1),(1),1,, -1,1,0,1,90,16,10,1,13,13047,1,1,0,6,D.5,43.47125,4.99913,16,3,2
202100024562,157Â 755,B01,1,1,1,0,1,0,-1,-1, -1,-1,2021,52.0,1,2,0,2,1,0,1,,9,MADELEINE(RUE),0,,3,2,0,1,0,0,1,, -1,1,5,1,50,12,8,1,93,93070,2,1,0,2,MADELEINE(RUE),48.90744,2.34135,10,2,2
202100001711,198Â 731,A01,10,3,2,2,0,-1,-1,3,3,1,2021,12.0,1,1,0,1,1,1,1,,4,COLLEGE (AVENUE DU),0,,2,2,0,1,0,0,1,, -1,1,0,1,30,16,12,2,57,57221,1,1,0,6,COLLEGE (AVENUE DU),49.320759,6.1291923,16,3,1
202100025719,155Â 713,A01,10,3,2,0,0,-1,-1,3,3,1,2021,56.0,1,2,0,1,3,16,1,,3,ARCS(ROUTE DES),0,,3,4,0,2,5,430,1,, -1,1,9,8,70,3,8,1,83,83141,1,1,0,6,ARCS(ROUTE DES),43.49985,6.48556,8,2,1
202100004954,192Â 936,A01,1,1,1,5,6,-1,-1,0,0,-1,2021,72.0,1,1,0,2,4,15,5,,3,901,0,,2,2,0,1,13,500,1,, -1,2,0,1,80,11,11,3,84,84062,1,1,1,3,D901,43.871756,5.113707,17,2,2
202100041454,127Â 509,A01,1,1,2,5,2,6,-1,0,0,-1,2021,50.0,1,1,0,2,3,1,1,,3,560,0,,2,2,0,1,31,500,2,, -1,1,0,1,80,27,3,1,83,83025,1,1,0,3,D560,43.526086,5.960941,14,2,2
202100023958,158Â 810,A01,1,1,2,5,1,-1,-1,0,0,-1,2021,64.0,2,2,0,2,1,1,1,,3,907,0,D,2,2,0,1,54,80,3,, -1,1,0,1,80,16,8,1,30,30269,1,3,0,3,Departementale 907,44.11225,3.86299,19,2,2
202100035330,138Â 557,A01,1,1,2,1,2,0,-1,0,0,-1,2021,24.0,1,1,0,2,1,1,5,,4,RUE DE CLERY,0,,2,2,1,1,(1),(1),1,, -1,1,0,5,30,10,6,1,75,75102,2,5,0,1,RUE DE CLERY,48.867348,2.344004,10,2,2
202100052543,107Â 800,A01,1,1,2,9,8,0,-1,-1, -1,-1,2021,60.0,1,0,0,0,0,0,3,,4,VALLON,0,,2,2,0,1,1,0,1,, -1,2,0,1,50,3,2,1,49,49007,2,6,1,7,VALLON,47.46316,-0.60207,10,1,1
202100051470,109Â 699,B01,1,1,1,1,8,-1,-1,0,0,-1,2021,41.0,2,2,0,2,1,1,1,,3,14,2,,2,2,0,2,20,200,3,, -1,5,0,1,80,10,2,3,68,68200,1,4,1,1,D14bis,47.609537,7.100011,6,2,2
202100015811,173Â 412,A01,1,1,1,5,1,-1,-1,0,0,-1,2021,44.0,1,2,13,0,3,0,1,,3,35,-1,,2,2,0,2,14,273,1,, -1,1,0,1,-1,1,10,1,34,34144,1,1,0,7,D35,43.711378,3.204575,18,1,1
202100000296,201Â 193,A01,1,1,1,0,2,-1,-1,-1, -1,-1,2021,18.0,1,1,0,2,7,1,1,,4,LAFAYETTE                           (CO),0,,1,1,3,1,(1),(1),1,, -1,1,0,1,30,7,11,5,69,69383,2,2,0,3,LAFAYETTE                           (CO),45.76355,4.84302,20,2,2
202100040865,128Â 581,B01,1,1,1,5,2,0,-1,0,0,-1,2021,48.0,3,1,0,2,1,1,5,,4,ROUTE DE LA SEINE A LA BUTTE MORTEMART,0,,2,1,1,1,(1),(1),1,, -1,1,-1,5,50,21,2,1,75,75116,2,1,0,1,ROUTE DE LA SEINE A LA BUTTE MORTEMART,48.851554,2.237988,10,3,2
202100005360,192Â 204,A01,4,2,1,0,1,0,-1,-1, -1,-1,2021,19.0,0,2,2,0,1,13,1,,4,CAVE CHEMIN DE,0,,1,1,0,1,0,0,1,, -1,1,0,1,50,30,11,1,9,9225,1,1,0,6,CAVE CHEMIN DE,43.09684,1.64119,15,4,1
202100054558,104Â 253,A01,1,1,1,5,2,0,-1,-1, -1,-1,2021,26.0,2,1,0,0,0,1,5,,4,CERAMIQUE (RUE DE LA),0,,2,3,0,1,0,0,1,, -1,1,0,1,50,15,1,1,87,87085,2,2,0,7,THUILLAT (RUE VICTOR),45.84553,1.25591,16,1,1
202100052740,107Â 460,A01,1,1,2,0,1,0,-1,-1, -1,-1,2021,58.0,2,2,0,2,4,9,1,,2,RN 104,0,,3,6,0,2,34,150,1,, -1,1,0,1,90,3,2,1,91,91174,1,1,0,4,RN 104,48.62161,2.46284,17,3,3
202100019842,166Â 168,A01,10,3,1,5,0,-1,-1,4,3,2,2021,13.0,1,2,0,1,0,1,0,,3,AV DU GENERAL DE GAULLE,0,,2,4,0,1,7,600,1,, -1,1,0,1,50,9,9,1,95,95268,2,1,0,6,AV DU GENERAL DE GAULLE,48.9713532393,2.4018752575,18,2,1
202100022017,162Â 276,B01,1,1,1,5,2,6,-1,0,0,-1,2021,58.0,2,1,0,2,1,21,1,,3,5,-1,,2,2,0,3,25,800,1,, -1,1,0,1,80,30,8,1,34,34341,1,1,1,3,RD5 PK 25.800,43.4915264113,3.5759155046,16,3,2
202100052129,108Â 529,A01,10,3,2,1,0,-1,-1,3,3,1,2021,27.0,1,2,0,1,2,1,0,,4,BOTREL THEODORE (DE 37 A 45 ET 16 A 72),0,,2,2,0,1,(1),(1),1,, -1,1,0,1,50,8,2,1,29,29019,2,2,0,6,Rue ThÃ©odore Botrel,48.407244,-4.501655,15,3,2
202100055711,102Â 280,A01,1,1,2,1,1,-1,-1,0,0,-1,2021,28.0,2,2,13,0,2,21,1,,3,58,-1,,2,2,0,2,9,980,2,, -1,1,0,3,80,7,1,1,18,18271,1,1,0,6,RD 58 PK9+980,47.174078,2.38502,9,2,1
202100042721,125Â 271,A01,1,1,2,5,2,6,-1,-1, -1,-1,2021,24.0,1,1,7,0,1,1,1,,2,13,0,,1,2,1,1,0,0,1,, -1,1,0,1,50,24,4,5,92,92051,2,1,0,6,"CHARLES DE GAULLE (AVENUE, NÂ°27 A 129)",48.8822563079,2.2680974007,1,1,1
202100049788,112Â 750,A01,2,2,1,5,1,-1,-1,0,0,-1,2021,46.0,2,2,5,0,1,1,1,,1,61,0,,1,4,0,1,357,80,1,, -1,1,3,8,90,28,2,1,11,11203,1,1,0,6,a61 - pk 357.080,43.169606,2.745858,11,2,1
202100000850,200Â 216,A01,10,3,2,3,0,-1,-1,1,3,1,2021,72.0,3,2,0,1,1,9,1,,4,MARNE ET GONDOIRE (RUE),0,,3,4,0,1,0,0,1,, -1,1,0,1,50,30,12,5,77,77059,2,1,0,6,MARNE ET GONDOIRE (RUE),48.839822,2.660338,18,3,1
202100042118,126Â 344,A01,1,1,1,4,1,-1,-1,0,0,-1,2021,46.0,1,4,0,0,0,15,1,,3,,-1,,2,2,-1,1,5,100,3,, -1,1,5,1,70,28,4,3,29,29136,1,3,0,7,Lieu Dit Rosgodec,47.939649,-3.50908,5,1,1
202100007574,188Â 204,A01,1,1,1,0,2,6,-1,-1, -1,-1,2021,46.0,3,1,0,2,1,1,1,,4,RUE DU POIRIER,0,,2,2,0,2,0,100,1,, -1,2,0,1,50,15,11,5,91,91114,2,3,1,3,RUE DU POIRIER,48.7,2.5,19,2,2
202100031600,145Â 273,B01,1,1,1,9,2,6,-1,0,0,-1,2021,56.0,0,1,0,2,2,1,1,,4,QUAI BRANLY,0,,3,6,3,1,(1),(1),1,, -1,1,0,1,50,30,6,1,75,75107,2,3,0,3,QUAI BRANLY,48.859046,2.293492,14,2,2
202100008748,186Â 098,A01,10,3,2,9,0,-1,-1,2,3,1,2021,36.0,2,2,0,1,1,1,1,,4,RUE RONSARD,0,,1,1,0,1,(1),(1),1,, -1,1,0,1,30,9,11,1,75,75118,2,4,0,6,RUE RONSARD,48.885771,2.344984,15,2,1
202100034912,139Â 303,A01,2,2,2,0,1,0,-1,-1, -1,-1,2021,22.0,1,2,1,0,1,1,1,,1,AUTOROUTE A86,0,,3,7,0,2,18,299,3,, -1,1,2,1,70,11,6,1,93,93027,1,1,0,2,AUTOROUTE A86,48.92817,2.41237,17,3,2
202100054916,103Â 648,A01,1,1,1,9,2,6,-1,0,0,-1,2021,38.0,2,1,0,2,1,2,1,,4,BOULEVARD PERIPHERIQUE,0,,1,4,0,1,24,500,1,, -1,1,0,1,70,15,1,5,75,75119,2,1,0,2,BOULEVARD PERIPHERIQUE,48.900327,2.379367,19,2,2
202100036490,136Â 477,A01,10,3,1,9,0,-1,-1,3,3,1,2021,44.0,2,1,0,1,1,1,1,,3,NATIONAL (BOULEVARD),0,,2,2,0,1,0,0,1,, -1,1,5,1,50,3,6,1,92,92050,2,3,0,6,NATIONAL (BOULEVARD),48.8880316805,2.1848496795,12,2,1
202100004409,193Â 877,B01,1,1,1,2,0,0,-1,-1, -1,-1,2021,14.0,1,1,1,2,2,1,3,,3,CHATEAU (AV DU),0,,2,2,0,1,1,0,1,, -1,2,0,1,50,6,12,5,94,94080,2,1,0,6,Avenue du ChÃ¢teau,48.84816,2.43717,19,1,1
202100038234,133Â 301,A01,1,1,2,0,1,0,-1,-1, -1,-1,2021,41.0,2,2,1,0,3,26,1,,4,SALENGRO (AVENUE ROGER),0,,2,2,0,1,0,0,1,, -1,1,9,3,50,26,5,1,93,93078,2,1,0,2,Avenue Roger Salengro,48.953475,2.539454,18,2,2
202100022562,161Â 299,B01,1,1,1,5,1,-1,-1,0,0,-1,2021,18.0,1,2,0,0,2,1,1,,3,53,-1,D,2,2,0,1,0,850,1,, -1,1,0,1,80,26,8,1,60,60090,1,3,0,3,Route dÃ©partementale 53,49.1713660284,1.8846960065,19,2,2
202100043178,124Â 484,B01,1,1,1,9,2,6,-1,-1, -1,-1,2021,26.0,1,1,0,0,4,2,1,,4,CORSAIRES   AVENUE DES (125),0,,2,2,0,1,(1),(1),1,, -1,1,0,1,50,21,4,1,17,17200,2,1,0,5,CORSAIRES   AVENUE DES (125),46.1731218628,-1.161369729,17,3,3
202100043909,123Â 182,A01,1,1,1,1,2,6,-1,0,0,-1,2021,45.0,1,1,0,2,1,2,1,,4,BOULEVARD PERIPHERIQUE,0,,1,6,0,1,4,200,1,, -1,1,0,1,70,15,4,1,75,75114,2,1,0,4,BOULEVARD PERIPHERIQUE,48.816581,2.338939,18,3,3
202100009523,184Â 688,A01,1,1,1,0,1,-1,-1,0,0,-1,2021,82.0,1,2,13,0,9,1,1,,3,31,0,,2,2,0,1,35,827,1,, -1,2,0,3,80,5,11,2,85,85051,1,1,1,7,D31,46.67082,-1.017866,8,1,1
202100037060,135Â 456,B01,7,2,2,0,8,0,-1,-1, -1,-1,2021,59.0,2,3,0,2,7,1,1,2.0,3,AV DU GENERAL DE GAULLE,0,,3,7,0,1,1,0,1,, -1,1,0,1,50,31,5,1,94,94028,2,4,0,3,GAULLE(AVENUE DU GENERAL DE),48.78544,2.44993,17,3,2
202100044363,122Â 375,A01,1,1,1,0,1,0,-1,-1, -1,-1,2021,44.0,1,2,3,0,1,1,1,,2,ROCADE 16-17,0,,3,4,0,1,19,543,1,, -1,7,0,1,90,11,4,1,35,35278,1,1,1,4,ROCADE 16-17,48.14098,-1.68211,13,4,4
202100056196,101Â 443,A01,10,3,2,0,0,-1,-1,3,3,1,2021,42.0,1,2,0,1,1,1,1,,4,DANJOU (RUE) 17/FIN - 20/FIN,0,,1,1,0,1,0,0,1,, -1,1,0,1,50,5,1,5,92,92012,2,2,0,6,DANJOU (RUE) 17/FIN - 20/FIN,48.8336509767,2.2479810648,19,2,1
202100033972,141Â 041,A01,1,1,2,2,1,-1,-1,0,0,-1,2021,65.0,1,2,10,0,3,13,1,,3,57,-1,,2,2,0,2,13,430,1,, -1,1,2,1,80,17,6,1,35,35098,1,1,0,6,RD 57,47.764974,-1.646469,17,2,1
202100043576,123Â 779,A01,1,1,1,5,2,6,-1,0,0,-1,2021,63.0,2,1,0,2,1,1,1,,3,909,0,D,2,2,0,1,28,0,1,, -1,1,0,1,70,19,4,1,95,95026,1,1,0,2,D909,49.1495427886,2.3796163584,16,2,2
202100004169,194Â 301,A01,1,1,1,1,1,-1,-1,0,0,-1,2021,21.0,1,2,0,2,5,13,1,,3,652,0,A,2,2,0,4,91,150,3,, -1,2,0,1,70,14,11,1,40,40150,1,1,0,1,dÃ©partementale 652,43.865406,-1.327994,13,2,2
202100019061,167Â 569,A01,2,2,1,1,1,-1,-1,0,0,-1,2021,39.0,1,2,0,2,1,13,1,,3,817,0,D,2,2,0,1,25,0,1,, -1,1,0,1,80,15,9,1,40,40271,1,9,0,1,RD 817,43.566532,-1.203185,7,4,2
202100043483,123Â 935,B01,1,1,1,3,2,-1,-1,0,0,-1,2021,17.0,1,1,0,2,1,1,1,,3,3,0,,3,2,0,1,202,130,1,, -1,2,0,1,50,20,4,5,974,97422,2,3,1,3,Rue Charles Baudelaire,-21.2578601737,55.5017481574,17,2,2
202100027370,152Â 791,A01,1,1,2,3,1,0,-1,-1, -1,-1,2021,42.0,1,2,0,2,1,2,1,,4,PUPILLES DE LA NATION (AVENUE DES),0,,2,4,0,1,(1),(1),1,, -1,1,0,1,50,20,7,1,15,15014,2,1,0,4,PUPILLES DE LA NATION (AVENUE DES),44.91918,2.43881,16,6,3
202100012250,179Â 827,A01,10,3,2,5,0,-1,-1,3,3,1,2021,11.0,1,2,0,1,1,1,1,,4,AVENUE PAUL APPELL,0,,3,1,0,1,(1),(1),1,, -1,1,0,1,30,19,10,5,75,75114,2,3,0,6,AVENUE PAUL APPELL,48.82175,2.326695,19,2,1
202100050265,111Â 873,A01,1,1,1,1,8,-1,-1,0,0,-1,2021,56.0,1,2,2,0,1,1,1,,3,70,0,,2,2,0,2,27,241,1,, -1,1,0,8,90,25,2,3,21,21381,1,1,0,6,D70,47.392249,4.483345,19,1,1
202100002938,196Â 521,B01,1,1,1,0,2,6,-1,-1, -1,-1,2021,21.0,1,1,0,2,1,1,1,,4,rue Lagrua,0,,2,2,1,1,(1),(1),2,, -1,2,-1,1,30,3,11,5,33,33529,2,1,1,3,rue Lagrua,44.645939,-1.157898,22,2,2
202100027142,153Â 195,A01,10,3,1,5,0,-1,-1,2,3,1,2021,78.0,2,2,0,1,3,1,1,,3,415,0,D,2,2,0,1,4,800,1,, -1,1,0,1,50,26,7,1,88,88445,2,1,0,6,Rue Raymond Panin,48.237876,6.9522,9,2,1
202100016278,172Â 539,B01,1,1,1,5,1,-1,-1,0,0,-1,2021,90.0,2,2,0,2,3,1,1,,3,1089,-1,,2,3,0,2,50,0,2,, -1,2,0,1,90,29,9,1,19,19070,1,1,1,1,LIEU DIT LA BARRIERE,45.432371,2.086372,12,3,2