Num_Acc,id_vehicule,num_veh,place,catu,sexe,trajet,secu1,secu2,secu3,locp,actp,etatp,year_acc,victim_age,senc,catv,obs,obsm,choc,manv,motor,occutc,catr,voie,v1,v2,circ,nbv,vosp,prof,pr,pr1,plan,lartpc,larrout,surf,infra,situ,vma,jour,mois,lum,dep,com,agg_,int,atm,col,adr,lat,long,hour,nb_victim,nb_vehicules
202100030173,147Â 835,A01,2,2,2,5,1,0,-1,-1, -1,-1,2021,58.0,1,2,0,2,2,1,1,,4,DE LA POTERNE (ALLEE),0,,2,4,0,1,0,0,1,, -1,1,5,1,50,6,7,1,64,64102,2,1,0,3,19 AllÃ©es Paulmy,43.49097,-1.48126,11,3,2
202100012031,180Â 204,B01,1,1,1,9,2,6,-1,-1, -1,-1,2021,52.0,1,1,0,2,2,1,1,,4,PRADO (AVENUE DU),0,,2,4,3,1,0,0,1,, -1,1,0,1,50,20,10,5,13,13206,2,2,0,3,PRADO (AVENUE DU),43.28404,5.38478,19,2,2
202100013151,178Â 240,B01,1,1,1,4,1,-1,-1,0,0,-1,2021,54.0,1,5,0,2,3,1,1,,3,930,0,D,2,1,0,3,22,500,1,, -1,1,0,1,80,8,10,1,60,60365,1,3,0,1,,49.5945505057,2.0318062595,11,2,2
202100011342,181Â 455,A01,10,3,1,0,0,-1,-1,3,1,2,2021,72.0,3,2,0,1,1,1,1,,4,CHAMPETIER DE RIBES,0,,-1,-1,0,1,0,0,1,, -1,1,0,1,50,23,10,1,64,64445,2,1,0,6,CHAMPETIER DE RIBES,43.30407,-0.37766,14,3,1
202100055249,103Â 067,B01,1,1,1,0,1,-1,-1,0,0,-1,2021,40.0,1,2,0,2,4,0,1,,1,8,-1,,3,4,0,1,185,0,1,, -1,1,0,1,90,10,1,2,6,6123,1,1,0,4,A8 PK 185+000 SUD,43.667752,7.196154,18,6,4
202100022765,160Â 906,A01,1,1,1,1,1,-1,-1,-1, -1,-1,2021,25.0,2,2,4,0,9,26,1,,1,A7   13.970 A 15.270,0,,3,6,0,1,15,250,1,, -1,1,0,1,110,24,8,1,69,69294,1,1,0,6,A7,45.6271922002,4.8164034375,12,1,1
202100034218,140Â 580,A01,10,3,1,5,8,-1,-1,2,3,1,2021,31.0,0,2,0,1,1,0,0,,4,JOANNES MASSET                      (AV),0,,2,2,2,1,(1),(1),2,, -1,1,0,1,50,15,6,5,69,69389,2,1,0,6,JOANNES MASSET (AV),45.77136,4.7999,23,2,1
202100000116,201Â 545,A01,10,3,2,5,0,-1,-1,2,3,1,2021,24.0,2,2,0,1,1,1,1,,3,LYON (AVENUE DE),0,,2,2,0,1,3,650,1,, -1,2,0,1,50,16,11,5,42,42187,2,1,1,6,Avenue de Lyon,46.0379431,4.077361,17,2,1
202100002975,196Â 456,A01,10,3,1,3,0,-1,-1,5,9,1,2021,67.0,3,5,0,1,4,24,1,,6,FOCH(AVENUE DU MARECHAL),0,,-1,0,0,1,1,0,1,, -1,2,0,8,50,13,12,5,94,94028,2,1,0,6,Avenue du MarÃ©chal Foch,48.7811271836,2.4368405342,20,2,1
202100044926,121Â 422,B01,1,1,2,0,1,-1,-1,-1, -1,-1,2021,26.0,3,2,0,2,1,1,1,,7,JOSEPH LIAUTHAUD ( R ),0,,2,2,0,1,(1),(1),1,, -1,1,5,1,50,2,4,5,69,69091,2,5,0,3,JOSEPH LIAUTHAUD (R),45.58992,4.7618,21,2,2
202100010460,183Â 025,A01,1,1,2,0,8,0,-1,-1, -1,-1,2021,19.0,2,2,0,0,0,0,0,,1,AUTOROUTE A86,0,,3,4,0,4,18,0,2,, -1,2,0,1,70,29,10,2,93,93027,1,1,1,7,AUTOROUTE A86,48.92843,2.41269,19,3,1
202100032370,143Â 903,A01,1,1,1,5,2,-1,-1,0,0,-1,2021,21.0,2,1,0,2,1,13,1,,3,58,-1,,2,2,0,1,4,600,3,, -1,1,0,1,70,26,6,1,83,83132,1,1,0,5,4280 Chemin de Sauvebonne,43.168644,6.072376,10,3,3
202100043949,123Â 120,B01,1,1,1,0,2,6,-1,0,0,-1,2021,22.0,2,1,0,2,1,17,1,,3,6007,0,D,2,2,1,1,28,313,1,, -1,1,0,1,50,15,4,1,6,6161,2,1,0,3,D6007,43.62619,7.132144,17,2,2
202100018010,169Â 440,A01,1,1,2,5,1,0,-1,-1, -1,-1,2021,37.0,3,2,7,0,1,15,1,,2,COTE DE VILLE RN 102,0,,2,2,0,2,34,60,2,, -1,1,0,3,70,18,9,3,7,7138,1,1,0,6,,44.5923,4.42567,23,1,1
202100015019,174Â 860,A01,1,1,1,0,1,0,-1,0,0,-1,2021,20.0,1,2,0,2,2,2,1,,7,D 210 A (RTE),0,,2,2,0,1,(1),(1),1,, -1,1,0,1,50,1,10,1,63,63164,2,1,0,2,D 210 A (RTE),45.82322,3.15612,15,2,2
202100040718,128Â 828,B01,1,1,1,5,8,0,-1,-1, -1,-1,2021,48.0,2,1,0,2,1,13,1,,2,RN104,0,,3,7,0,1,1,500,1,, -1,1,0,1,90,9,5,1,77,77169,1,1,0,2,RN104,48.81915,2.61679,14,2,2
202100014477,175Â 829,A01,1,1,1,5,1,-1,-1,0,0,-1,2021,69.0,2,2,1,0,2,1,1,,3,19,-1,,2,2,0,1,22,748,1,, -1,1,0,4,50,8,10,1,34,34140,2,1,0,6,369 Avenue Jean Moulin,43.385589,3.169663,17,1,1
202100043968,123Â 089,A01,1,1,1,5,1,-1,-1,0,0,-1,2021,54.0,1,2,0,0,4,0,1,,3,310,0,D,2,2,0,1,28,141,1,, -1,1,0,1,90,27,3,1,72,72209,2,1,0,2,Le Bourgneuf,48.246709,-0.032755,8,4,2
202100054305,104Â 688,B01,1,1,1,9,8,0,-1,-1, -1,-1,2021,6.0,1,1,0,2,1,1,0,,3,LIBERTE (AVENUE DE LA),0,,1,1,0,1,0,300,3,, -1,2,0,1,50,20,1,5,973,97302,2,6,1,6,LIBERTE (AVENUE DE LA),4.93689,-52.32585,21,2,2
202100025853,155Â 475,A01,1,1,2,1,1,0,-1,-1, -1,-1,2021,26.0,2,2,0,2,2,2,1,,1,A104,0,,3,6,0,1,26,899,1,, -1,1,0,1,90,3,8,1,77,77468,1,1,0,2,A104,48.84832,2.66184,11,2,2
202100003404,195Â 670,A01,1,1,2,5,1,0,-1,-1, -1,-1,2021,23.0,1,2,2,0,1,1,1,,7,CD 132,0,,2,1,0,2,8,800,2,, -1,2,0,3,700,12,12,3,76,76391,1,1,1,7,CD 132,49.30827,0.97978,0,1,1
202100016701,171Â 774,B01,1,1,1,5,2,6,-1,0,0,-1,2021,57.0,1,1,0,2,8,1,1,,3,918,-1,,2,2,0,1,9,800,1,, -1,1,0,1,80,21,9,1,57,57465,1,2,0,5,D918,49.317164,6.293492,15,4,3
202100020014,165Â 852,A01,1,1,2,0,1,0,-1,-1, -1,-1,2021,31.0,2,2,0,2,1,2,1,,2,RN12 INT,0,,3,6,0,1,18,100,1,, -1,1,0,1,110,9,9,1,78,78322,1,1,0,2,RN12 INT,48.781239,2.168851,9,2,2
202100017546,170Â 261,B01,1,1,1,5,2,6,9,0,0,-1,2021,64.0,2,1,0,2,1,1,1,,3,606,0,,2,3,0,3,140,950,3,, -1,1,5,1,80,23,9,1,89,89378,1,3,0,3,Route dÃ©partementale 606,47.496814,3.966947,11,2,2
202100021795,162Â 667,A01,1,1,2,5,1,0,-1,-1, -1,-1,2021,22.0,3,2,0,2,2,2,1,,4,SARTRE   AVENUE JEAN-PAUL,0,,2,3,0,1,(1),(1),1,, -1,1,0,1,50,30,8,1,17,17300,2,1,0,4,SARTRE   AVENUE JEAN-PAUL,46.15642,-1.12781,14,7,3
202100021002,164Â 122,A01,1,1,1,0,1,0,-1,-1, -1,-1,2021,20.0,1,1,0,2,1,17,1,,2,FELIX EBOUE (BOULVARD G.GENERAL),0,,3,2,0,3,100,0,1,, -1,1,0,1,50,3,9,1,971,97105,2,1,0,3,FELIX EBOUE (BOULVARD G.GENERAL),15.99257,-61.72782,7,2,2
202100041643,127Â 167,A01,10,3,2,0,0,-1,-1,2,3,2,2021,2.0,1,2,0,1,3,15,1,,4,FOCH (AVENUE),0,,1,1,0,1,(1),(1),1,, -1,1,0,1,50,29,4,1,76,76351,2,2,0,6,FOCH (AVENUE),49.49315,0.10078,14,3,1
202100005733,191Â 551,A01,1,1,2,5,1,0,-1,-1, -1,-1,2021,44.0,1,2,0,2,3,2,1,,2,104,0,,3,2,0,1,0,600,2,, -1,1,0,1,110,29,11,1,77,77258,1,1,0,6,RN104,48.824645,2.61567,11,3,3
202100032976,142Â 814,A01,1,1,1,5,2,6,-1,0,0,-1,2021,19.0,1,1,0,2,0,1,1,,3,,-1,,-1,2,0,2,(1),(1),1,, -1,1,0,1,50,22,6,5,29,29042,2,1,0,3,Boulevard de la Plage,48.229238,-4.502796,22,2,2
202100005382,192Â 170,A01,10,3,2,5,0,-1,-1,3,3,1,2021,12.0,2,5,0,1,2,5,1,,4,RUE DU CHEVALERET,0,,2,2,0,1,(1),(1),1,, -1,2,0,1,30,1,12,1,75,75113,2,1,0,6,RUE DU CHEVALERET,48.828501,2.376494,11,2,1
202100010470,183Â 008,B01,1,1,1,5,2,-1,-1,-1, -1,-1,2021,72.0,3,1,0,2,1,1,5,,4,CLOS VERGER (DU)                    (R ),0,,2,2,0,1,(1),(1),1,, -1,1,0,1,30,28,10,2,69,69259,1,9,0,3,CLOS VERGER (DU) (R),45.7217136949,4.8940175772,17,2,2
202100053687,105Â 770,B01,1,1,1,1,2,6,-1,-1, -1,-1,2021,28.0,2,1,0,2,1,3,1,,1,A50-Sens Aubagne vers Marseille,0,,3,3,0,1,12,300,1,, -1,1,0,1,90,26,1,1,13,13005,1,1,0,3,A50-Sens Aubagne vers Marseille,43.28722,5.5419,7,2,2
202100045843,119Â 812,A01,2,2,1,5,1,-1,-1,0,0,-1,2021,17.0,2,2,16,0,1,1,1,,3,926,0,A,2,2,0,1,10,330,3,, -1,1,0,1,50,31,3,1,61,61008,2,1,0,7,Route de Paris,48.741938,0.555528,18,2,1
202100039418,131Â 141,A01,1,1,2,2,1,0,-1,-1, -1,-1,2021,36.0,3,2,8,0,1,26,1,,4,Section Port Blanc,0,,2,2,0,1,(1),(1),3,, -1,1,0,3,50,18,5,1,971,97113,1,1,0,7,Section Port Blanc,16.23681,-61.45128,6,3,1
202100037170,135Â 246,Z01,10,3,1,9,8,-1,-1,1,1,2,2021,32.0,1,2,0,1,6,13,0,,4,ALPHONSE RODET                      (R ),0,,1,1,0,1,(1),(1),1,, -1,1,0,1,30,4,5,1,69,69388,2,1,0,6,ALPHONSE RODET (R),45.72689,4.88195,17,2,1
202100030759,146Â 778,B01,1,1,1,0,1,-1,-1,-1, -1,-1,2021,43.0,1,2,0,2,4,2,1,,4,MARGNOLLES (DE)                     (R ),0,,-1,2,0,1,(1),(1),1,, -1,1,0,1,50,4,7,1,69,69034,2,1,0,2,MARGNOLLES (DE) (R),45.7887497487,4.8447688169,16,2,2
202100012518,179Â 336,A01,1,1,1,5,8,-1,-1,0,0,-1,2021,20.0,2,2,0,0,0,1,1,,3,118,-1,,2,2,0,2,3,200,1,, -1,1,0,3,80,14,10,1,58,58086,1,1,0,7,D118,47.379435,2.952833,17,1,1
202100023684,159Â 287,B01,1,1,1,4,2,0,-1,-1, -1,-1,2021,38.0,1,1,0,2,0,1,1,,2,13,-1,,1,-1,-1,1,23,141,1,, -1,1,3,1,-1,17,8,1,78,78551,2,5,0,3,FOURQUEUX (DE),48.89239,2.08243,19,2,2
202100000871,200Â 184,B01,1,1,1,5,2,0,-1,-1, -1,-1,2021,22.0,3,1,0,2,1,1,1,,4,PRADES (AVENUE DES),0,,2,3,0,2,(1),(1),1,, -1,1,5,1,50,30,12,5,15,15014,2,4,0,1,PRADES (AVENUE DES),44.91765,2.43776,21,2,2
202100027307,152Â 917,B01,1,1,2,5,1,0,-1,-1, -1,-1,2021,30.0,1,2,0,2,5,1,2,,1,A7-Sens Lyon vers Marseille,0,,3,3,0,1,275,500,1,, -1,1,0,1,90,24,7,3,13,13215,1,1,0,2,A7-Sens Lyon vers Marseille,43.36117,5.3614,0,9,3
202100039386,131Â 200,A01,1,1,1,1,1,0,-1,-1, -1,-1,2021,34.0,1,2,0,0,0,2,1,,1,A55-Sens Marseille vers Martigues,0,,1,2,0,2,36,500,3,, -1,1,0,1,70,18,5,2,13,13056,1,1,0,7,A55-Sens Marseille vers Martigues,43.39668,5.04407,20,1,1
202100040830,128Â 647,A01,8,2,1,0,0,-1,-1,0,0,-1,2021,27.0,1,5,13,0,2,14,1,,1,10,0,A,3,3,0,1,53,500,1,,"13,5",1,0,3,130,9,5,1,28,28276,1,1,0,6,A10,48.282257,1.859218,7,5,1
202100025622,155Â 885,A01,10,3,2,0,0,-1,-1,3,3,2,2021,11.0,3,2,0,1,8,1,1,,4,MISTRAL (BOULEVARD FREDERIC),0,,1,2,0,1,0,0,1,, -1,1,9,1,50,12,6,1,11,11262,2,1,0,6,MISTRAL (BOULEVARD FREDERIC),43.18696,3.00132,12,2,1
202100005133,192Â 602,A01,1,1,1,0,1,-1,-1,0,0,-1,2021,60.0,1,2,0,2,1,2,1,,1,83,-1,,1,4,0,1,2,0,1,, -1,2,0,1,110,2,12,1,44,44014,1,1,1,2,A 83 PK 2.000,47.11741,-1.49432,15,2,2
202100004470,193Â 778,A01,1,1,2,0,8,-1,-1,0,0,-1,2021,23.0,1,2,0,2,5,17,1,,3,643,-1,,2,2,0,1,(1),(1),1,, -1,7,0,1,90,7,12,1,59,59126,1,1,0,3,D135,50.312113,3.117549,8,2,2
202100027490,152Â 588,A01,10,3,2,1,0,-1,-1,2,3,1,2021,34.0,3,2,0,1,1,1,1,,4,14 JUILLET 1789(AVENUE DU),0,,-1,1,0,1,0,0,1,, -1,1,0,1,50,21,7,1,974,97407,2,1,0,3,14 JUILLET 1789(AVENUE DU),-20.9325,55.2943,8,2,1
202100048173,115Â 638,A01,1,1,1,5,2,6,0,0,0,-1,2021,56.0,1,1,0,2,1,17,1,,3,38,-1,,2,2,0,3,12,53,3,, -1,1,0,1,90,14,3,1,1,1248,1,1,0,1,dÃ©partementale D38,45.881942,4.902048,17,3,2
202100016722,171Â 734,B01,1,1,1,3,2,-1,-1,0,0,-1,2021,65.0,1,1,0,2,8,15,1,,3,116,0,,2,2,0,1,(1),(1),1,, -1,1,0,1,80,27,9,1,50,50142,1,4,0,3,D 116,49.696742,-1.388971,12,2,2
202100016556,172Â 038,A01,10,3,1,0,0,-1,-1,1,3,1,2021,47.0,2,2,0,1,3,2,1,,3,PONT BLANC.CHARLES TILLON (RUE)  3/80 =>,0,,1,2,1,1,0,1,1,, -1,2,0,1,50,27,9,5,93,93001,2,1,1,6,PONT BLANC.CHARLES TILLON (RUE)  3/80 =>,48.916,2.3925,0,2,1
202100034149,140Â 723,B01,1,1,2,3,1,-1,-1,0,0,-1,2021,61.0,2,2,0,2,1,1,1,,3,935,0,,2,2,0,1,23,300,1,, -1,1,0,1,90,14,6,1,65,65460,1,1,0,4,RD935,43.411719,0.052174,16,5,4
202100031347,145Â 711,B01,1,1,1,5,1,-1,-1,0,0,-1,2021,48.0,1,2,0,2,4,23,1,,3,411,0,,2,2,0,4,16,626,1,, -1,1,0,1,80,2,7,1,77,77025,1,9,0,4,Route dÃ©partementale 411 - PK 016.626,48.400864,3.205916,17,6,3
202100034160,140Â 700,A01,10,3,2,3,0,-1,-1,3,3,1,2021,72.0,1,2,0,1,8,1,1,,3,951,0,,2,2,0,1,(1),(1),1,, -1,1,0,1,50,17,6,1,18,18197,2,1,0,6,Avenue Jean JaurÃ¨s,46.725573,2.494245,10,2,1
202100014213,176Â 288,A01,1,1,1,2,2,6,-1,0,0,-1,2021,22.0,1,1,0,2,1,1,1,,4,RUE DE GRAMONT,0,,2,2,0,1,(1),(1),1,, -1,1,0,1,30,8,10,1,75,75102,2,3,0,3,RUE DE GRAMONT,48.8704,2.336884,8,2,2
202100000834,200Â 239,A01,10,3,1,4,0,-1,-1,1,3,1,2021,52.0,1,2,4,1,2,21,1,,3,CURIE (AVENUE PIERRE),0,,3,4,0,2,8,530,2,, -1,1,1,1,50,14,12,1,78,78545,2,1,0,6,CURIE (AVENUE PIERRE),48.79867,2.06842,15,2,1
202100037180,135Â 227,A01,10,3,1,5,8,8,-1,9,B,-1,2021,58.0,3,2,0,1,2,15,1,,4,AV JEAN JACQUES ROUSSEAU,0,,2,2,1,1,0,0,1,, -1,1,5,5,5,31,5,1,91,91027,2,3,0,6,AV JEAN JACQUES ROUSSEAU,48.703673,2.356941,19,2,1
202100048106,115Â 761,B01,5,2,2,9,1,-1,-1,-1, -1,-1,2021,43.0,2,5,0,2,4,9,1,,1,AUTOROUTE A 62,0,,3,8,0,1,0,23,1,, -1,2,3,1,70,14,3,5,33,33550,1,1,1,4,AUTOROUTE A 62,44.778135,-0.555395,5,6,3
202100008648,186Â 288,A01,1,1,1,9,1,-1,-1,0,0,-1,2021,69.0,2,2,0,2,2,15,1,,3,,-1,,2,2,0,4,45,460,2,, -1,2,0,1,70,10,11,1,30,30088,1,3,0,3,d 999,43.859101,4.115796,15,2,2
202100020345,165Â 267,B01,1,1,1,5,8,0,-1,-1, -1,-1,2021,21.0,1,1,0,2,1,2,1,,3,VAUBAN (AVENUE),0,,2,2,0,2,0,0,1,, -1,1,0,1,50,7,9,1,93,93078,2,3,0,2,VAUBAN (AVENUE),48.96704,2.55193,17,2,2
202100051816,109Â 081,A01,1,1,2,5,2,0,-1,-1, -1,-1,2021,19.0,1,1,0,2,1,1,1,,4,REPUBLIQUE (BD DE LA),0,,2,4,0,1,(1),(1),1,, -1,1,0,1,50,11,2,1,13,13001,2,1,0,2,REPUBLIQUE (BD DE LA),43.5273,5.4431,9,2,2
202100024719,157Â 461,B01,2,2,1,0,1,0,-1,-1, -1,-1,2021,16.0,1,2,0,2,1,23,1,,3,31,-1,,2,2,-1,1,(1),(1),1,, -1,1,0,1,-1,9,8,1,91,91201,2,2,0,5,RUE CHARLES MORY,48.68349,2.43204,12,4,2
202100045000,121Â 291,A01,1,1,1,5,2,6,-1,0,0,-1,2021,39.0,3,1,0,0,1,0,1,,3,901,-1,,2,2,0,1,(1),(1),1,, -1,1,0,1,-1,7,4,1,50,50598,2,1,0,7,Rue Alexis de Tocqueville,49.670874,-1.338509,18,1,1
202100053039,106Â 916,A01,1,1,1,4,2,6,-1,-1, -1,-1,2021,26.0,1,1,0,0,9,1,1,,2,RN104,0,,3,2,0,1,0,600,2,, -1,2,0,1,90,31,1,1,77,77169,1,1,0,7,RN104,48.8246280256,2.6155684865,14,1,1
202100019132,167Â 429,A01,10,3,2,9,0,-1,-1,2,9,1,2021,23.0,2,1,0,1,1,17,1,,3,passamanty-VahibÃ© ( route ),0,,2,2,0,1,0,0,1,, -1,1,0,1,50,13,9,1,976,97611,2,2,0,6,passamanty-VahibÃ© ( route ),-12.80094,45.20553,7,2,1
202100032413,143Â 836,A01,1,1,1,1,2,6,9,0,0,-1,2021,17.0,1,1,12,0,1,1,1,,3,7,-1,,2,2,0,2,22,900,2,, -1,1,0,4,50,26,6,1,3,3165,2,1,1,6,26 Rue de Lapalisse,46.074608,3.667763,8,1,1
202100038418,132Â 971,A01,1,1,1,1,2,6,-1,-1, -1,-1,2021,31.0,2,1,0,0,8,23,1,,4,,0,,1,1,0,1,0,0,1,, -1,2,0,1,50,25,5,1,92,92062,2,2,0,7,PARMENTIER (RUE),48.8778650263,2.2398604453,6,1,1
202100044158,122Â 740,A01,1,1,2,1,1,0,-1,0,0,-1,2021,45.0,1,2,0,2,1,2,3,,4,PORTE DE BAGNOLET,0,,1,4,0,1,30,400,1,, -1,1,0,1,70,12,4,1,75,75120,2,1,0,2,PORTE DE BAGNOLET,48.85993,2.413982,7,2,2
202100036025,137Â 294,B01,1,1,1,1,2,-1,-1,0,0,-1,2021,20.0,1,1,4,2,2,2,1,,3,98,-1,A,1,2,0,1,57,50,1,, -1,1,5,1,70,8,6,2,83,83065,1,1,0,3,Rond Point de la Foux,43.261202,6.576144,19,2,2
202100000503,200Â 804,A01,10,3,2,0,0,-1,-1,6,2,1,2021,62.0,3,2,0,1,1,15,1,,4,AULNAY MALLO RUE DE L',0,,2,2,0,2,(1),(1),3,, -1,1,0,1,50,28,10,1,78,78642,2,3,0,6,AULNAY MALLO RUE DE L',48.987841,1.968966,9,2,1
202100027455,152Â 651,A01,1,1,1,0,1,-1,-1,0,0,-1,2021,22.0,1,2,0,2,3,1,1,,3,1,-1,,2,2,0,1,6,500,1,,7,1,0,1,50,23,7,5,973,97309,2,1,0,3,582 Route de Montjoly,4.916075,-52.275676,22,2,2
202100051684,109Â 312,A01,1,1,1,0,2,0,-1,-1, -1,-1,2021,39.0,1,1,0,2,1,17,1,,4,ALL JULES GUESDE,0,,2,2,0,1,(1),(1),1,, -1,1,0,1,50,11,2,1,31,31555,2,1,0,2,ALL JULES GUESDE,43.59331,1.44512,17,2,2
202100041107,128Â 136,B01,1,1,2,1,1,0,-1,-1, -1,-1,2021,25.0,0,2,0,2,4,23,1,,4,BOURG SAINT JEAN (RUE DU),0,,3,2,0,1,(1),(1),1,, -1,1,0,1,50,4,5,1,41,41018,2,1,0,4,BOURG SAINT JEAN (RUE DU),47.5893,1.34018,8,4,4
202100016602,171Â 958,B01,1,1,1,4,1,-1,-1,-1, -1,-1,2021,44.0,1,2,0,2,4,2,1,,2,ROUTE NATIONALE 230,0,,3,6,0,1,42,775,1,, -1,1,0,1,90,27,9,1,33,33249,1,1,0,4,ROUTE NATIONALE 230,44.871727,-0.505852,9,3,3
202100037647,134Â 363,B01,1,1,1,1,2,6,-1,0,0,-1,2021,24.0,2,1,0,2,1,1,1,,3,948,0,,2,2,0,1,3,50,1,,6,1,0,1,50,29,5,1,79,79150,2,2,0,3,Rue de l'Auvergne,46.137631,0.178431,17,3,2
202100002502,197Â 303,B01,2,2,2,0,1,-1,-1,0,0,-1,2021,49.0,0,2,0,0,4,2,1,,2,4,-1,,2,2,0,1,54,(1),1,, -1,1,0,1,70,19,12,1,77,77032,1,1,0,2,Fortail,48.69926,3.267564,13,7,2
202100050467,111Â 487,A01,10,3,2,0,0,-1,-1,1,3,1,2021,24.0,1,2,0,1,7,1,1,,2,CORPS FRANC POMMIES (AVENUE DU),0,,2,4,0,1,51,242,1,, -1,1,0,1,50,23,2,1,32,32013,2,1,0,6,CORPS FRANC POMMIES (AVENUE DU),43.6306200862,0.5808173354,13,3,1
202100032076,144Â 415,B01,1,1,1,9,2,8,-1,-1, -1,-1,2021,23.0,1,1,0,2,8,1,6,,3,FELIX EBOUE(ROCADE),0,,2,2,0,1,1,549,1,, -1,1,9,1,50,26,6,1,973,97302,2,9,0,3,FELIX EBOUE(ROCADE),4.9281732101,-52.3174488545,8,3,2
202100045586,120Â 246,A01,10,3,2,0,0,-1,-1,9,3,1,2021,47.0,2,1,0,1,1,1,1,,4,KLEBER (PLACE),0,,2,2,1,1,(1),(1),1,, -1,1,0,1,30,30,3,2,49,49328,2,1,0,6,KLEBER (PLACE),47.26325,-0.08016,7,3,1
202100010344,183Â 214,A01,1,1,1,4,2,6,-1,0,0,-1,2021,41.0,3,1,0,2,3,1,1,,4,AVENUE DU PERE LACHAISE,0,,2,2,0,1,(1),(1),1,, -1,1,0,1,30,29,10,5,75,75120,2,2,0,3,AVENUE DU PERE LACHAISE,48.864421,2.398071,1,2,2
202100045088,121Â 140,A01,1,1,1,0,8,-1,-1,0,0,-1,2021,58.0,2,2,5,0,2,0,1,,3,160,-1,,2,2,0,1,4,500,2,, -1,1,9,3,50,6,4,3,7,7200,1,1,0,6,Route du Tunnel,44.7203331747,4.1342832148,0,1,1
202100006344,190Â 453,A01,1,1,1,5,1,-1,-1,0,0,-1,2021,22.0,2,2,4,0,1,1,1,,1,6,-1,,3,5,0,1,305,590,1,, -1,2,0,1,130,25,11,2,21,21054,1,1,0,6,autoroute A6 - sens Lyon Paris - PK 305+590,47.009706,4.864811,22,2,1
202100051711,109Â 259,B01,1,1,1,4,8,0,-1,0,0,-1,2021,26.0,2,1,0,2,1,1,5,,4,RUE DES FRANCS BOURGEOIS,0,,1,1,0,2,(1),(1),1,, -1,1,0,1,50,11,2,5,75,75103,2,2,0,3,RUE DES FRANCS BOURGEOIS,48.856467,2.364308,21,2,2
202100053056,106Â 887,A01,1,1,1,9,2,-1,-1,-1, -1,-1,2021,23.0,1,1,0,2,1,17,1,,4,RUE DE BETHMANN,0,,3,3,2,1,(1),(1),1,, -1,1,5,1,50,30,1,1,33,33063,2,3,0,3,Rue de Bethmann,44.82185,-0.60695,12,2,2
202100032162,144Â 265,A01,1,1,1,0,0,-1,-1,0,0,-1,2021,20.0,1,1,0,0,0,2,1,,4,,0,,2,2,0,1,(1),(1),1,,4,1,0,1,50,26,6,1,68,68300,2,1,0,7,3 Rue FranÃ§ois Riedweg,47.774352,7.363924,15,1,1
202100045007,121Â 278,A01,2,2,2,5,0,-1,-1,0,0,-1,2021,41.0,2,2,13,0,2,1,1,,3,4,-1,,2,2,0,1,27,530,1,, -1,1,0,3,50,6,4,2,2,2213,2,9,0,6,Le Libera,49.03114,3.525619,20,4,1
202100055979,101Â 830,A01,10,3,1,2,0,0,0,2,3,2,2021,8.0,1,2,0,1,2,1,0,,3,16,-1,,2,2,0,1,38,670,1,, -1,1,0,1,50,8,1,1,61,61161,2,1,0,6,14 Rue Emile Combes,48.803013,0.10403,12,2,1
202100041262,127Â 844,A01,1,1,1,0,2,0,-1,-1, -1,-1,2021,51.0,0,1,0,2,7,10,1,,4,FAURE. RUE FELIX,0,,2,2,0,1,(1),(1),1,, -1,1,0,1,50,5,5,1,76,76165,2,1,0,3,FAURE. RUE FELIX,49.28859,1.03198,7,2,2
202100030788,146Â 731,B01,1,1,2,3,1,0,-1,-1, -1,-1,2021,41.0,3,2,0,2,7,26,1,,6,,0,,-1,0,0,1,0,0,1,, -1,1,0,1,30,28,6,1,91,91103,1,9,0,3,AV DE LA MAISON NEUVE,48.58574,2.30489,16,3,2
202100036425,136Â 598,A01,10,3,1,0,8,8,-1,3,3,2,2021,3.0,3,5,0,1,1,15,0,,4,ORIOL BENOIT RUE,0,,1,1,0,1,(1),(1),2,, -1,1,0,1,50,3,6,1,42,42207,2,1,0,6,Avenue de la LibÃ©ration,45.47304,4.51691,11,2,1
202100011587,181Â 014,A01,1,1,1,9,8,0,-1,-1, -1,-1,2021,30.0,1,1,0,2,3,26,5,,4,GAULLE BOULEVARD CHARLES DE,0,,2,2,0,1,1,0,1,, -1,1,0,1,30,22,10,1,49,49007,2,1,0,3,,47.46975,-0.56169,11,2,2
202100023050,160Â 419,B01,2,2,1,0,1,0,-1,0,0,-1,2021,34.0,1,2,0,2,4,23,1,,7,PUY DE DOME (AVENUE DU),0,,2,2,0,2,(1),(1),1,, -1,1,0,1,50,1,8,1,63,63113,2,1,0,2,PUY DE DOME (AVENUE DU),45.7869,3.06355,19,3,2
202100004630,193Â 490,B01,1,1,2,3,8,8,-1,-1, -1,-1,2021,31.0,1,2,0,2,4,2,1,,1,86,0,,3,5,0,1,5,500,1,, -1,2,0,1,90,5,12,1,92,92025,1,1,1,2,A86,48.9337607492,2.25454017,13,2,2
202100005838,191Â 357,A01,2,2,1,5,8,-1,-1,-1, -1,-1,2021,23.0,1,2,2,0,9,0,1,,1,A7   13.970 A 15.270,0,,3,6,0,1,14,899,1,, -1,2,0,8,100,28,11,2,69,69294,1,1,1,6,A7   13.970 A 15.270,45.63028,4.81779,7,3,1