Num_Acc,id_vehicule,num_veh,place,catu,sexe,trajet,secu1,secu2,secu3,locp,actp,etatp,year_acc,victim_age,senc,catv,obs,obsm,choc,manv,motor,occutc,catr,voie,v1,v2,circ,nbv,vosp,prof,pr,pr1,plan,lartpc,larrout,surf,infra,situ,vma,jour,mois,lum,dep,com,agg_,int,atm,col,adr,lat,long,hour,nb_victim,nb_vehicules
202100047229,117Â 340,A01,2,2,1,0,1,0,-1,-1, -1,-1,2021,33.0,1,2,3,0,3,21,1,,2,03 PK RN237 MOULIN JUSTICE RE,0,,3,4,0,1,2,905,1,, -1,1,0,1,90,21,3,3,17,17200,2,1,0,7,03 PK RN237 MOULIN JUSTICE RE,46.17967,-1.15279,0,2,1
202100046126,119Â 315,A01,2,2,2,0,1,0,-1,-1, -1,-1,2021,37.0,3,2,1,0,1,13,1,,4,DANIEL PAUL AVENUE,0,,2,2,0,1,(1),(1),3,, -1,1,0,1,50,29,3,5,13,13063,2,1,0,6,DANIEL PAUL AVENUE,43.5898,5.00953,22,2,1
202100020445,165Â 087,A01,10,3,2,3,0,-1,-1,3,3,1,2021,82.0,1,2,0,1,4,20,1,,9,FOURNET (PLACE),0,,1,0,0,1,0,0,1,, -1,1,0,1,50,17,5,1,14,14366,2,1,0,6,D579,49.14062,0.22718,16,2,1
202100011523,181Â 121,A01,1,1,1,9,1,0,-1,0,0,-1,2021,24.0,1,2,15,1,1,1,1,,4,RUE GUY MOQUET,0,,1,1,0,1,(1),(1),1,, -1,1,0,1,30,29,7,5,75,75117,2,2,0,6,RUE GUY MOQUET,48.891708,2.321219,22,6,2
202100043199,124Â 442,B01,3,2,1,4,8,0,-1,0,0,-1,2021,44.0,1,4,0,2,5,15,6,,4,AVENUE DES GOBELINS,0,,2,4,3,2,(1),(1),1,, -1,1,-1,6,50,21,4,1,75,75113,2,4,0,3,AVENUE DES GOBELINS,48.834902,2.353187,16,3,2
202100044585,122Â 023,A01,1,1,1,0,2,6,-1,-1,0,-1,2021,53.0,1,1,0,2,1,17,0,,3,JAURES (AVENUE JEAN),0,,2,2,0,2,57,204,4,, -1,1,0,1,50,7,4,1,6,6104,2,1,0,1,JAURES (AVENUE JEAN),43.75636,7.44895,19,2,2
202100027578,152Â 428,A01,1,1,1,1,2,6,-1,-1, -1,-1,2021,33.0,2,1,0,2,1,1,1,,3,ALSACE LORRAINE (BD D),0,,3,2,3,2,1,0,1,, -1,1,0,1,50,22,7,1,94,94058,2,1,0,3,Boulevard dâAlsace-Lorraine,48.851893,2.509093,7,2,2
202100011328,181Â 480,A01,2,2,2,9,1,0,-1,-1, -1,-1,2021,55.0,2,2,0,2,1,1,1,,1,AUTOROUTE A86,0,,-1,6,0,1,10,699,1,, -1,1,0,1,90,24,10,1,92,92036,1,1,0,2,AUTOROUTE A86,48.9339953804,2.3205880188,12,3,2
202100054922,103Â 638,B01,1,1,2,1,8,0,-1,0,0,-1,2021,53.0,3,2,0,2,1,1,1,,4,ALLEE DU BORD DE L EAU,0,,2,2,0,1,(1),(1),1,, -1,2,0,1,50,14,1,5,75,75116,2,1,1,1,ALLEE DU BORD DE L EAU,48.868456,2.235431,20,2,2
202100050326,111Â 746,B01,1,1,1,0,2,0,0,-1,0,-1,2021,54.0,1,1,0,2,1,1,0,,4,LIBERTE BVD NÂ°147 A FIN-96 A FIN,0,,1,2,0,1,(1),(1),1,, -1,1,0,1,50,23,2,1,59,59350,2,1,0,3,LIBERTE BVD NÂ°147 A FIN-96 A FIN,50.63101,3.06302,17,2,2
202100046440,118Â 771,A01,1,1,1,5,2,-1,-1,0,0,-1,2021,21.0,0,1,13,0,1,1,1,,4,3,-1,,2,2,0,1,(1),(1),3,, -1,1,0,3,80,28,3,3,44,44043,1,1,0,6,la colline,47.097473,-1.2708317,6,1,1
202100053920,105Â 364,A01,1,1,1,4,1,-1,-1,-1, -1,-1,2021,53.0,2,5,0,2,1,1,1,,4,,0,,1,3,3,1,(1),(1),1,, -1,2,0,1,50,23,1,5,69,69387,2,2,1,3,BERTHELOT (AV),45.745206345,4.8418402792,7,3,2
202100010985,182Â 092,A01,1,1,2,5,1,-1,-1,0,0,-1,2021,60.0,2,2,0,2,3,1,1,,3,40,-1,,2,2,0,1,9,830,1,, -1,1,0,1,80,26,10,1,50,50487,1,2,0,3,D40 - PK9+830 VILLIERS LE PRE,48.533445,-1.390007,15,3,2
202100024628,157Â 636,B01,1,1,2,9,2,0,-1,0,0,-1,2021,49.0,1,1,0,2,1,1,5,,4,BOULEVARD ARAGO,0,,2,4,1,1,(1),(1),1,, -1,1,0,5,50,11,8,1,75,75114,2,3,0,3,BOULEVARD ARAGO,48.834654,2.338221,9,2,2
202100021866,162Â 550,A01,1,1,1,5,2,-1,-1,0,0,-1,2021,17.0,1,1,0,2,1,15,5,,3,33,0,,2,2,0,1,6,20,1,, -1,1,0,1,80,30,8,1,18,18226,1,1,0,3,D33,47.128695,2.463813,19,2,2
202100003826,194Â 911,A01,1,1,2,5,1,0,-1,0,0,-1,2021,25.0,1,2,7,0,1,13,1,,4,BOULEVARD DE L HOPITAL,0,,1,6,0,1,(1),(1),1,, -1,1,0,1,30,9,12,5,75,75105,2,4,0,6,BOULEVARD DE L HOPITAL,48.843185,2.364156,3,2,1
202100052691,107Â 543,A01,1,1,1,1,2,6,-1,0,0,-1,2021,38.0,1,1,0,2,7,5,1,,4,RUE DU PERE CORENTIN,0,,1,3,1,1,(1),(1),1,, -1,2,-1,5,50,3,2,4,75,75114,2,3,1,3,RUE DU PERE CORENTIN,48.8241,2.327785,7,2,2
202100018301,168Â 909,B01,1,1,1,0,2,-1,-1,-1, -1,-1,2021,23.0,1,1,0,2,1,2,1,,4,FERDINAND BUISSON                   (R ),0,,1,1,2,1,(1),(1),1,, -1,1,0,1,50,17,9,1,69,69383,2,3,0,2,FERDINAND BUISSON (R),45.74911,4.88788,8,2,2
202100024907,157Â 138,B01,1,1,1,0,2,6,-1,-1, -1,-1,2021,62.0,2,1,0,2,2,1,1,,3,PARIS (RUE DE),0,,2,2,0,1,(1),(1),1,, -1,1,0,1,50,9,8,1,93,93048,2,1,0,3,Rue de Paris,48.8571,2.4304,8,2,2
202100040977,128Â 373,A01,1,1,1,0,8,0,-1,-1, -1,-1,2021,87.0,0,2,8,0,1,26,1,,3,,0,,2,2,0,1,0,0,1,, -1,1,0,4,50,7,5,1,92,92020,2,1,0,6,PARIS AVENUE DE NÂ° IMPAIRS,48.8045851971,2.2894410789,15,2,1
202100024971,157Â 026,A01,10,3,1,3,0,-1,-1,4,3,1,2021,71.0,2,2,0,1,8,1,1,,4,84,-1,D,2,2,0,1,(1),(1),1,,"6,5",1,0,8,50,10,8,1,81,81105,2,1,0,6,54 Avenue Gambetta,43.7608211844,1.9869174063,9,2,1
202100034353,140Â 329,B01,1,1,2,5,1,-1,-1,0,0,-1,2021,22.0,1,2,0,2,7,1,1,,3,62,2,A,2,2,0,1,0,95,1,, -1,1,0,1,50,15,6,1,86,86177,2,6,0,3,Rue de la Croix Berthon,46.684276,0.25791,19,2,2
202100007181,188Â 917,A01,10,3,2,0,0,-1,-1,3,3,1,2021,42.0,1,2,0,1,1,16,1,,4,EUROPE. BOULEVARD DE L',0,,2,4,3,1,0,0,3,, -1,1,4,1,50,19,11,1,76,76540,2,1,0,6,EUROPE. BOULEVARD DE L',49.42616,1.08709,11,2,1
202100025725,155Â 702,A01,10,3,1,4,0,-1,-1,6,9,3,2021,23.0,1,3,0,1,2,1,3,,4,SCHUTZENBERGER (AVENUE),0,,2,2,3,1,0,0,1,, -1,1,8,3,50,30,7,1,67,67482,2,1,0,6,SCHUTZENBERGER (AVENUE),48.5963,7.75932,9,2,1
202100014238,176Â 238,A01,1,1,1,5,2,-1,-1,0,0,-1,2021,22.0,3,1,0,2,1,1,1,,4,,-1,,2,2,0,1,(1),(1),2,, -1,1,0,1,50,10,10,1,95,95116,1,1,0,1,Chemin du Jacloret,49.1501543427,2.3401717092,16,2,2
202100021635,162Â 953,A01,1,1,1,9,2,8,-1,-1, -1,-1,2021,31.0,2,1,0,2,1,1,1,,4,PRADO (AVENUE DU),0,,2,6,3,1,0,0,1,, -1,1,0,1,50,30,8,1,13,13208,2,3,0,3,PRADO (AVENUE DU),43.2638204744,5.3778341359,14,3,2
202100037130,135Â 329,A01,2,2,2,9,1,0,-1,-1, -1,-1,2021,19.0,2,2,0,2,4,1,1,,1,A51-Sens Aix en Provence vers Marseille,0,,1,3,0,1,1,500,1,, -1,1,0,1,90,31,5,1,13,13015,1,1,0,4,A51-Sens Aix en Provence vers Marseille,43.42808,5.38635,17,4,3
202100046820,118Â 088,B01,1,1,1,5,2,6,-1,0,0,-1,2021,55.0,1,1,0,2,1,1,1,,3,559,-1,,2,2,0,1,60,13,1,, -1,1,0,1,70,24,3,5,83,83070,1,1,0,1,Avenue du Levant,43.150182,6.403184,19,2,2
202100018554,168Â 469,A01,1,1,1,5,1,5,-1,-1, -1,-1,2021,42.0,1,2,1,2,7,1,1,,4,DIDEROT,0,,2,2,0,1,(1),(1),1,, -1,1,0,1,50,16,9,1,62,62193,2,2,0,3,DIDEROT,50.95365,1.86583,15,3,2
202100014841,175Â 181,Z01,10,3,2,5,8,8,-1,4,3,1,2021,82.0,2,1,0,1,0,1,0,,4,RUE DE VOUILLE,0,,2,2,0,1,(1),(1),1,, -1,1,0,1,30,6,10,1,75,75115,2,2,0,6,RUE DE VOUILLE,48.833878,2.308103,15,2,1
202100045763,119Â 951,A01,1,1,1,1,2,8,-1,-1, -1,-1,2021,23.0,3,1,0,2,1,1,1,,7,VOISIN (BOULEVARD ANDRE-GEORGES),0,,3,4,0,1,(1),(1),1,, -1,1,0,1,50,30,3,1,37,37214,1,1,0,6,VOISIN (BOULEVARD ANDRE-GEORGES),47.4275414408,0.6585402489,18,2,2
202100011150,181Â 800,A01,2,2,1,9,0,-1,-1,0,0,-1,2021,29.0,2,2,0,0,1,1,1,,3,748,0,,3,4,0,1,5,200,1,, -1,2,0,1,110,26,10,3,49,49167,1,1,1,7,RD 748,47.381781,-0.477546,3,2,1
202100043034,124Â 753,B01,2,2,2,9,1,-1,-1,-1, -1,-1,2021,57.0,2,2,0,2,4,2,1,,4,AVE DU GENERAL LECLERC,0,,2,2,0,1,(1),(1),1,, -1,1,0,1,50,22,4,1,33,33318,2,1,0,4,Avenue du GÃ©nÃ©ral Leclerc,44.78528,-0.68264,18,4,3
202100010624,182Â 744,A01,1,1,2,0,1,-1,-1,0,0,-1,2021,60.0,3,2,0,0,3,0,1,,3,,-1,,2,2,0,1,25,750,3,, -1,1,0,3,80,29,10,3,36,36005,1,1,0,6,,46.745713,1.845961,7,1,1
202100052516,107Â 848,A01,10,3,2,0,0,-1,-1,4,3,1,2021,63.0,1,1,0,1,0,1,1,,4,PECHERIE (DE LA)                    (QU),0,,1,2,3,1,(1),(1),1,, -1,1,0,1,50,4,2,1,69,69381,2,3,0,6,PECHERIE (DE LA) (Q),45.76597,4.83086,14,2,1
202100049435,113Â 397,A01,1,1,1,9,1,-1,-1,0,0,-1,2021,30.0,1,2,13,0,0,0,1,,3,324,0,D,2,2,0,3,5,200,1,, -1,2,0,1,80,4,3,3,51,51252,1,1,0,7,D324,49.102126,3.876779,19,1,1
202100010409,183Â 111,A01,2,2,2,5,2,6,-1,0,0,-1,2021,15.0,1,1,0,0,9,21,1,,3,975,-1,,2,3,0,1,17,610,1,, -1,1,0,1,50,29,10,1,1,1266,2,2,0,7,Route de Bourg,46.3361060524,5.1291641593,17,4,2
202100025619,155Â 889,B01,1,1,2,5,8,8,-1,-1, -1,-1,2021,98.0,1,2,0,2,2,19,1,,4,SAINT SEBASTIEN (RUE),0,,1,1,0,1,0,0,1,, -1,1,5,1,50,3,8,1,13,13206,2,2,0,3,SAINT SEBASTIEN (RUE),43.28174,5.38466,11,2,2
202100040122,129Â 883,A01,1,1,1,5,2,-1,-1,0,0,-1,2021,49.0,1,1,14,0,0,1,5,,9,1085,-1,,2,2,1,1,52,0,1,, -1,1,0,5,80,12,5,1,38,38068,1,1,0,6,RN85,45.098079,5.718727,11,1,1
202100044308,122Â 466,A01,10,3,2,9,0,-1,-1,4,3,1,2021,68.0,2,2,0,1,3,1,1,,3,ROSNY (AVENUE DE),0,,2,4,0,1,1,396,1,, -1,1,0,1,50,12,4,1,93,93077,2,1,0,6,ROSNY (AVENUE DE),48.88452,2.50733,17,2,1
202100015731,173Â 546,A01,3,2,1,5,1,0,-1,-1, -1,-1,2021,21.0,1,2,3,0,3,0,1,,2,RN104,0,,1,2,0,1,2,299,2,, -1,2,0,1,70,2,10,4,77,77169,1,1,1,7,RN104,48.8139923741,2.627040126,22,4,1
202100009725,184Â 318,B01,2,2,2,0,2,0,-1,-1, -1,-1,2021,33.0,2,1,0,2,7,1,1,,3,MADELEINE (ROUTE DE LA),0,,2,1,0,1,3,800,1,, -1,1,0,1,50,2,11,1,973,97302,2,1,0,3,MADELEINE (ROUTE DE LA),4.90967,-52.32158,16,3,2
202100009576,184Â 589,B01,1,1,1,1,2,8,-1,-1, -1,-1,2021,33.0,2,1,0,2,2,1,1,,3,AV FERDINAND DE LESSEPS,0,,2,2,0,1,0,0,1,, -1,1,0,1,50,3,11,1,91,91432,2,3,0,3,AV FERDINAND DE LESSEPS,48.703768,2.339585,15,2,2
202100042790,125Â 171,A01,1,1,1,5,2,-1,-1,0,0,-1,2021,32.0,3,1,0,0,0,0,1,,4,,0,,-1,2,0,1,(1),(1),1,, -1,1,0,1,-1,25,4,1,60,60640,1,1,0,7,Route des Ãpis,49.221528,1.945513,18,1,1
202100014118,176Â 449,A01,10,3,1,0,0,-1,-1,1,3,-1,2021,20.0,1,2,0,1,7,17,1,,4,LIBERATION (AVENUE DE LA),0,,3,2,0,2,(1),(1),1,, -1,1,9,1,50,9,10,5,54,54395,2,1,0,6,LIBERATION (AVENUE DE LA),48.69652,6.14645,19,5,1
202100015970,173Â 124,B01,1,1,1,5,2,6,-1,-1, -1,-1,2021,56.0,1,1,0,2,2,1,0,,3,908,0,,2,2,0,1,0,0,1,, -1,1,0,1,50,30,9,5,92,92026,2,9,0,3,VERDUN (DE 01 A 61),48.9002522118,2.2609104216,0,2,2
202100050935,110Â 631,A01,10,3,1,4,0,-1,-1,1,A,1,2021,45.0,1,4,1,1,4,20,1,,4,RUE ESCOFFIER,0,,2,1,0,1,(1),(1),1,, -1,1,0,1,30,19,2,1,75,75112,2,3,0,6,RUE ESCOFFIER,48.827215,2.393255,14,2,1
202100007138,189Â 011,B01,1,1,1,0,8,0,-1,-1, -1,-1,2021,22.0,2,1,0,2,1,11,1,,3,BADUEL (ROUTE DE),0,,2,2,0,1,1,300,1,, -1,1,0,1,50,18,11,1,973,97302,2,3,0,3,BADUEL (ROUTE DE),4.93875,-52.31761,18,2,2
202100042179,126Â 228,A01,10,3,1,5,0,-1,-1,2,5,2,2021,3.0,3,2,0,1,3,1,1,,4,LAUZUN (RUE PHILIPPE),0,,1,1,0,1,0,0,1,, -1,1,0,1,50,25,4,1,47,47001,2,1,0,6,LAUZUN (RUE PHILIPPE),44.20346,0.628019,17,2,1
202100045274,120Â 794,A01,7,2,2,3,1,-1,-1,0,0,-1,2021,18.0,1,2,6,0,3,16,1,,3,920,-1,,2,2,0,1,34,755,1,, -1,1,0,1,50,4,4,1,76,76220,2,2,0,6,D920/D58,49.870494,1.323037,11,2,1
202100017095,171Â 072,A01,1,1,1,2,2,6,-1,-1, -1,-1,2021,17.0,2,1,0,2,1,1,1,,3,HENRI BARBUSSE (AV),0,,2,2,0,1,1,0,1,, -1,1,0,1,30,24,9,1,94,94041,2,2,0,3,Avenue Henri Barbusse,48.80905,2.37737,15,2,2
202100028650,150Â 502,B01,1,1,1,1,8,0,-1,-1, -1,-1,2021,27.0,3,1,0,2,1,8,0,,4,STRASBOURG (BD DE) DU 2AU 66,0,,2,4,3,1,(1),(1),1,, -1,1,0,1,50,17,7,5,31,31555,2,9,0,1,STRASBOURG (BD DE) DU 2AU 66,43.6091,1.44545,0,3,2
202100014832,175Â 195,Z01,10,3,2,5,0,-1,-1,3,3,1,2021,42.0,1,1,0,1,1,17,0,,4,RUE DES PYRENEES,0,,2,3,0,1,(1),(1),1,, -1,1,0,1,30,6,10,1,75,75120,2,3,0,6,RUE DES PYRENEES,48.873712,2.389506,12,2,1
202100007262,188Â 776,A01,1,1,1,5,8,0,-1,-1, -1,-1,2021,31.0,2,1,0,2,1,1,0,,4,,0,,2,2,0,1,(1),(1),1,, -1,1,0,1,50,19,11,1,37,37122,2,1,0,6,CHANTEPIE (RUE DE),47.3480031997,0.6529951841,15,3,2
202100022264,161Â 843,A01,1,1,2,5,1,-1,-1,-1, -1,-1,2021,27.0,1,2,0,2,1,2,1,,2,ROCADE 6-7,0,,3,2,0,1,6,699,1,, -1,1,0,1,90,27,8,1,35,35238,1,1,0,2,ROCADE 6-7,48.083229,-1.643528,15,2,2
202100007536,188Â 277,B01,1,1,1,5,1,0,-1,-1, -1,-1,2021,90.0,1,2,0,2,2,2,1,,1,A501-Sens Pont de l'Etoile vers Aubagne,0,,1,2,0,1,2,0,1,, -1,1,0,1,90,18,11,1,13,13005,1,1,0,2,A501-Sens Pont de l'Etoile vers Aubagne,43.300193,5.564266,9,3,2
202100035971,137Â 386,B01,1,1,1,0,1,0,-1,-1, -1,-1,2021,18.0,1,1,0,2,1,7,1,,3,908,0,,2,4,1,1,0,0,1,, -1,1,0,1,50,31,5,1,92,92026,2,3,0,3,VERDUN (DE 62 A FIN),48.90127,2.25995,8,2,2
202100003065,196Â 282,A01,1,1,1,0,2,-1,-1,-1, -1,-1,2021,53.0,3,1,0,0,0,26,1,,4,JULES GUESDE                        (AV),0,,1,2,0,2,(1),(1),3,, -1,1,0,1,50,13,12,1,69,69259,1,9,0,7,JULES GUESDE (AV),45.72085,4.88543,15,1,1
202100031651,145Â 180,A01,1,1,1,0,2,-1,-1,0,0,-1,2021,67.0,2,1,0,0,0,15,1,,3,32,0,,2,2,0,2,22,850,2,, -1,1,0,3,80,27,6,1,1,1116,1,1,0,7,D32,45.80719,5.606568,10,1,1
202100002500,197Â 306,A01,1,1,1,4,1,-1,-1,0,0,-1,2021,21.0,3,2,0,2,3,1,0,,4,7,0,D,2,2,0,1,(1),(1),3,, -1,1,0,1,70,18,12,1,56,56184,1,1,0,1,Rue Bleue,47.671637,-2.433241,14,2,2
202100007160,188Â 970,B01,1,1,1,1,2,-1,-1,-1,0,-1,2021,21.0,1,1,0,2,1,1,1,,3,AV DE STALINGRAD,0,,3,4,0,1,0,380,1,, -1,1,5,1,50,18,11,5,95,95268,2,2,0,3,RUE MARCEL CERDAN,48.96216,2.40225,18,2,2
202100042952,124Â 895,B01,1,1,1,5,2,-1,-1,0,0,-1,2021,65.0,2,1,0,2,7,1,5,,3,60,0,,2,2,0,1,7,300,1,, -1,1,5,1,50,24,4,1,51,51149,2,2,0,3,Rue Hubert Boullez,48.9002,4.440612,12,2,2
202100013328,177Â 923,B01,1,1,1,0,2,8,-1,-1, -1,-1,2021,32.0,1,1,0,2,1,13,1,,4,CARNOT (BD),0,,2,2,0,3,0,0,1,, -1,1,0,1,50,12,10,5,94,94002,2,3,0,3,CARNOT (BD),48.79632,2.42891,21,2,2
202100012259,179Â 812,B01,1,1,1,0,8,0,-1,-1, -1,-1,2021,17.0,1,1,0,2,0,0,3,,4,GARCIA CHRISTINO,0,,1,1,0,1,0,1,1,, -1,1,0,1,50,19,10,1,93,93066,2,3,0,3,GARCIA CHRISTINO,48.91653,2.36297,17,2,2
202100006477,190Â 223,A01,1,1,2,0,1,0,-1,-1, -1,-1,2021,45.0,1,2,0,2,7,15,1,,1,STALINGRAD (BD DE),0,,3,2,1,1,1,0,1,, -1,1,3,1,50,22,11,1,94,94022,2,2,0,3,Boulevard de Stalingrad,48.77338,2.3997,12,2,2
202100010260,183Â 366,B01,2,2,2,5,1,4,-1,-1,0,-1,2021,14.0,1,2,0,2,1,2,1,,1,AUTOROUTE A1,0,,3,8,0,1,22,500,1,, -1,2,0,1,110,29,10,2,95,95154,1,1,1,4,A1,49.03895,2.5423,19,5,4
202100007359,188Â 599,A01,1,1,2,4,8,0,-1,-1, -1,-1,2021,32.0,1,2,8,0,1,15,1,,4,DEGEYTER (PLACE),0,,1,1,0,1,0,0,2,, -1,1,0,1,50,19,11,1,93,93078,2,1,0,6,DEGEYTER (PLACE),48.94701,2.56276,14,1,1
202100042619,125Â 443,A01,1,1,1,5,2,6,-1,0,0,-1,2021,28.0,2,1,0,0,0,1,1,,3,11,0,D,2,2,0,2,19,190,1,, -1,1,0,3,80,24,4,1,80,80645,1,1,0,7,D11,50.065376,2.418108,18,1,1
202100040427,129Â 351,A01,1,1,2,0,1,0,-1,-1, -1,-1,2021,46.0,1,2,0,2,8,2,1,,1,14,0,,1,2,0,1,1,700,1,, -1,1,1,1,70,11,5,1,92,92050,1,1,0,6,A14,48.894601,2.229909,17,2,1
202100002968,196Â 469,B01,1,1,1,2,8,0,-1,0,0,-1,2021,15.0,2,1,0,2,1,1,3,,4,AVENUE DES GOBELINS,0,,2,4,3,1,(1),(1),1,, -1,1,0,1,50,14,12,1,75,75113,2,2,0,3,AVENUE DES GOBELINS,48.835846,2.352503,9,3,2
202100043800,123Â 391,A01,1,1,2,1,1,0,-1,-1, -1,-1,2021,33.0,3,2,0,2,5,1,1,,4,AV DES PILIERS,0,,2,2,0,1,1,0,1,, -1,1,0,1,30,15,4,1,94,94068,2,2,0,3,Avenue des Piliers,48.793847,2.508147,17,2,2
202100044188,122Â 689,A01,1,1,1,5,2,6,-1,0,0,-1,2021,40.0,1,1,0,0,9,1,1,,4,301,0,C,2,2,0,1,0,0,2,0,"3,6",1,0,1,80,13,4,1,16,16083,1,1,0,7,Lieu-Dit les Inchauds,45.940328,0.113519,14,1,1
202100044297,122Â 482,B01,1,1,1,5,2,6,-1,0,0,-1,2021,17.0,3,1,0,2,1,17,1,,4,AVENUE DE L HIPPODROME,0,,2,1,0,1,(1),(1),3,, -1,1,0,1,50,12,4,1,75,75116,2,2,0,3,AVENUE DE L HIPPODROME,48.857841,2.250278,18,2,2
202100055312,102Â 959,B01,1,1,2,5,8,0,-1,-1, -1,-1,2021,72.0,3,1,0,2,0,1,5,,4,PRÃ HEMBERT (ROUTE DU),0,,2,2,0,1,(1),(1),1,, -1,1,0,1,50,11,1,3,44,44184,2,3,0,1,PRÃ HEMBERT (ROUTE DU),47.270713,-2.256933,8,2,2
202100012120,180Â 048,A01,1,1,1,4,0,-1,-1,0,0,-1,2021,19.0,0,6,0,0,0,0,1,,3,249,-1,,2,2,0,1,9,0,1,, -1,1,0,1,80,20,10,1,67,67451,1,1,0,7,D249,48.98713,8.019773,12,1,1
202100034361,140Â 317,A01,1,1,1,5,2,6,-1,0,0,-1,2021,47.0,1,1,0,2,2,17,1,,3,966,-1,,2,2,0,2,2,600,1,, -1,1,0,1,80,16,6,1,2,2601,1,9,1,3,D 966,49.406767,4.041139,17,2,2
202100016706,171Â 759,B01,1,1,2,1,1,-1,-1,0,0,-1,2021,57.0,1,2,0,2,1,2,1,,2,RT202,0,,2,2,0,1,0,0,1,, -1,1,0,1,50,25,8,1,202,202096,2,1,0,2,22 Avenue President Pierucci,42.303858,9.151204,12,2,2
202100028910,150Â 053,A01,1,1,1,1,2,6,9,0,0,-1,2021,17.0,2,1,0,2,0,5,1,,3,59,0,D,2,2,0,2,2,500,3,, -1,1,0,1,80,15,7,1,44,44064,1,1,1,1,Route de Saint-Fiacre,47.102469,-1.311193,13,2,2
202100031476,145Â 489,A01,1,1,1,1,2,6,-1,0,0,-1,2021,18.0,1,1,0,0,1,1,0,,3,991,0,,3,2,0,2,53,960,3,, -1,9,0,1,50,29,6,1,1,1082,2,1,1,7,Route de Seyssel,46.001761,5.783862,17,1,1
202100047890,116Â 136,B01,1,1,1,5,1,0,-1,-1,0,-1,2021,26.0,1,2,0,2,4,2,1,,2,RN 104,0,,3,6,0,1,13,600,1,, -1,1,0,1,110,15,3,3,95,95365,1,1,0,2,RN 104,49.06692,2.40127,20,2,2
202100042726,125Â 263,A01,2,2,2,0,0,-1,-1,0,0,-1,2021,22.0,1,6,1,0,1,1,6,,4,,-1,,2,2,0,1,(1),(1),1,,5,1,0,1,50,23,4,5,973,97353,2,1,0,3,Rue Emmanuel Tolinga,3.6443787778,-54.0339052778,21,3,2
202100035497,138Â 261,A01,2,2,2,5,8,0,-1,-1, -1,-1,2021,12.0,1,1,0,0,0,26,1,,4,SAUMUROISE IMPASSE ET RUE,0,,2,2,0,1,1,0,1,, -1,1,0,1,50,8,6,1,49,49007,2,1,0,6,SAUMUROISE IMPASSE ET RUE,47.45457,-0.52822,17,2,1
202100039844,130Â 360,B01,5,2,1,9,1,0,-1,0,0,-1,2021,22.0,2,2,0,2,6,1,1,,4,BOULEVARD HAUSSMANN,0,,1,3,0,1,(1),(1),1,, -1,2,0,1,50,14,5,1,75,75109,2,5,1,3,BOULEVARD HAUSSMANN,48.873788,2.326904,18,7,2
202100035812,137Â 694,B01,1,1,1,5,1,-1,-1,0,0,-1,2021,33.0,1,2,0,2,1,1,1,,3,18E5,-1,,2,2,0,2,1,494,1,, -1,1,0,1,80,9,6,1,34,34300,1,1,0,1,D18e5,43.396317,3.312657,18,2,2
202100042778,125Â 186,A01,1,1,1,0,1,-1,-1,0,0,-1,2021,57.0,2,2,0,2,3,13,1,,3,554,-1,D,2,2,0,1,79,800,1,, -1,1,0,1,80,24,4,1,83,83077,1,1,0,1,D554,43.295855,5.982844,18,2,2
202100046374,118Â 877,A01,1,1,2,9,1,0,-1,0,0,-1,2021,55.0,3,2,11,0,9,1,1,,4,ALLEE DU BORD DE L EAU,0,,2,4,0,1,(1),(1),1,, -1,1,0,1,50,25,3,5,75,75116,2,3,0,6,ALLEE DU BORD DE L EAU,48.852872,2.226322,20,1,1
202100045002,121Â 288,B01,1,1,1,4,1,-1,-1,0,0,-1,2021,51.0,1,4,0,2,3,1,1,,1,43,-1,A,2,2,0,2,192,600,2,, -1,7,2,1,70,7,4,2,73,73117,1,1,1,1,A43 pk 192+600,45.189029,6.643325,7,2,2
202100027642,152Â 308,B01,1,1,1,0,8,-1,-1,0,0,-1,2021,44.0,2,1,0,2,1,1,1,,4,,-1,,2,2,0,1,(1),(1),1,,4,1,0,1,50,21,7,1,69,69244,2,2,0,3,FINAT DUCLOS (CHM),45.758259,4.751772,11,2,2
202100014520,175Â 753,B01,1,1,1,5,2,6,-1,0,0,-1,2021,49.0,2,1,0,2,1,1,1,,3,56,-1,,2,2,0,2,4,0,1,, -1,1,0,1,80,9,10,1,49,49294,1,1,0,5,TerriÃ¨res,47.486103,-0.650591,15,3,3
202100015258,174Â 437,A01,1,1,1,0,1,-1,-1,0,0,-1,2021,33.0,2,2,5,0,0,17,1,,2,165,0,A,3,4,0,1,31,445,1,, -1,2,0,1,110,1,10,2,56,56251,1,1,1,6,N165 sens Brest/Nantes,47.608698,-2.60869,20,1,1
202100001947,198Â 321,A01,1,1,1,0,0,-1,-1,0,0,-1,2021,22.0,1,1,0,2,1,0,1,,3,310,-1,,2,2,0,3,1,300,4,, -1,1,0,1,80,22,12,3,2,2305,1,1,0,1,D310,49.192306,3.507482,21,2,2
202100036781,135Â 963,A01,1,1,1,0,2,6,-1,-1, -1,-1,2021,17.0,3,1,0,2,1,2,1,,4,BARRE (PROMENADE DE LA),0,,3,2,0,1,0,0,1,, -1,1,0,1,50,2,6,1,64,64024,2,1,0,2,BARRE (PROMENADE DE LA),43.50346,-1.52661,15,2,2
202100006819,189Â 587,B01,1,1,2,5,1,0,-1,0,0,-1,2021,59.0,1,2,0,2,6,23,2,,4,PLACE DE LA NATION,0,,1,3,0,1,(1),(1),2,, -1,2,0,1,30,21,11,5,75,75112,2,7,0,2,PLACE DE LA NATION,48.848215,2.394343,17,5,2