Num_Acc,id_vehicule,num_veh,place,catu,sexe,trajet,secu1,secu2,secu3,locp,actp,etatp,year_acc,victim_age,senc,catv,obs,obsm,choc,manv,motor,occutc,catr,voie,v1,v2,circ,nbv,vosp,prof,pr,pr1,plan,lartpc,larrout,surf,infra,situ,vma,jour,mois,lum,dep,com,agg_,int,atm,col,adr,lat,long,hour,nb_victim,nb_vehicules
202100024021,158Â 710,B01,1,1,1,5,2,6,-1,-1, -1,-1,2021,66.0,1,1,0,2,6,1,5,,4,PARIS (ROUTE ET RUE),0,,1,2,1,1,0,0,1,, -1,1,0,1,50,9,8,1,3,3190,2,1,0,3,PARIS (ROUTE ET RUE),46.57334,3.32587,10,3,2
202100018107,169Â 252,B01,2,2,2,0,1,0,-1,-1, -1,-1,2021,66.0,2,2,0,2,4,2,1,,3,LECLERC (AVENUE DU GENERAL),0,,2,2,0,1,48,402,1,, -1,1,0,1,50,27,5,1,9,9122,2,1,0,4,LECLERC (AVENUE DU GENERAL),42.97756,1.60943,17,4,3
202100043362,124Â 158,A01,10,3,1,0,0,-1,-1,3,3,1,2021,62.0,1,2,0,1,4,4,0,,4,PARIS (RUE DE),0,,2,2,0,1,1,0,2,, -1,1,0,1,50,20,4,1,93,93048,2,1,0,6,PARIS (RUE DE),48.8560650686,2.4248278532,9,2,1
202100020093,165Â 709,A01,10,3,2,3,0,-1,-1,3,3,1,2021,83.0,1,2,0,1,4,26,1,,4,GAMBETTA (BOULEVARD),0,,2,2,0,1,0,0,1,, -1,1,0,1,50,2,9,1,2,2738,2,1,0,7,GAMBETTA (BOULEVARD),49.653222,3.289819,17,2,1
202100055537,102Â 581,A01,1,1,1,5,8,0,-1,0,0,-1,2021,22.0,1,1,8,0,1,25,3,,4,BOULEVARD DE SEBASTOPOL,0,,2,5,2,1,(1),(1),1,, -1,1,0,4,50,10,1,1,75,75102,2,3,0,6,BOULEVARD DE SEBASTOPOL,48.8678978388,2.3534517387,14,1,1
202100006086,190Â 923,B01,1,1,1,0,2,0,-1,-1, -1,-1,2021,45.0,1,1,0,2,1,1,1,,3,JEAN LE GALLEU (R),0,,1,2,0,1,0,0,1,, -1,1,0,1,50,26,1,1,94,94041,2,1,0,3,JEAN LE GALLEU (R),48.80996,2.38034,16,2,2
202100047371,117Â 099,A01,10,3,2,0,8,8,-1,9,B,1,2021,43.0,1,0,0,1,1,26,0,,9,BELSUNCE (COURS),0,,2,2,3,1,0,0,1,, -1,2,9,6,30,19,3,1,13,13201,2,1,1,2,BELSUNCE (COURS),43.2977367051,5.376931643,15,2,1
202100023136,160Â 261,A01,1,1,2,5,2,0,-1,0,0,-1,2021,20.0,1,1,0,0,0,1,3,,4,RUE DE RIVOLI,0,,2,5,1,1,(1),(1),1,, -1,1,0,5,30,21,8,5,75,75104,2,1,0,7,RUE DE RIVOLI,48.85715,2.352923,3,2,1
202100027882,151Â 875,B01,1,1,1,0,1,0,-1,-1, -1,-1,2021,58.0,2,2,0,0,0,0,1,,3,MONTAUBAN (SECTEUR),0,,-1,2,0,1,(1),(1),1,, -1,1,0,1,30,20,7,1,971,97113,2,3,0,3,MONTAUBAN (SECTEUR),16.20629,-61.49849,10,2,2
202100055208,103Â 133,A01,2,2,1,9,1,0,-1,0,0,-1,2021,56.0,1,2,0,2,4,1,1,,4,AVENUE DE LA PORTE DU PRE SAINT GERVAIS,0,,2,1,1,1,(1),(1),1,, -1,2,0,1,50,13,1,1,75,75119,2,1,1,2,AVENUE DE LA PORTE DU PRE SAINT GERVAIS,48.881331,2.401894,14,3,2
202100044888,121Â 483,A01,1,1,1,3,1,-1,-1,0,0,-1,2021,22.0,2,2,0,2,3,1,1,,3,56,0,D,2,2,0,1,15,855,1,0,"4,2",1,0,1,80,8,4,1,16,16400,1,2,0,3,Lieu-Dit Les Cassettes,45.996799,0.254885,16,2,2
202100030350,147Â 508,B01,1,1,1,0,2,-1,-1,-1, -1,-1,2021,29.0,2,1,0,2,1,19,1,,4,ANTOINE PRIMAT     (Rue),0,,2,2,0,1,(1),(1),1,, -1,2,0,1,50,6,7,2,69,69266,2,2,1,3,ANTOINE PRIMAT (R),45.75818,4.89326,21,2,2
202100041134,128Â 081,A01,10,3,2,5,0,-1,-1,2,3,1,2021,83.0,3,1,0,1,1,1,1,,4,AVENUE GAMBETTA,0,,2,2,0,2,(1),(1),1,, -1,2,0,1,50,6,5,1,75,75120,2,2,1,6,AVENUE GAMBETTA,48.869678,2.402643,15,2,1
202100043074,124Â 680,A01,10,3,2,5,8,8,-1,3,3,1,2021,25.0,2,2,0,1,3,1,1,,3,62,0,,1,1,2,1,0,0,2,, -1,1,5,1,50,22,4,1,92,92046,2,6,0,6,DE STALINGRAD,48.8122344848,2.2934952378,18,2,1
202100032436,143Â 795,A01,10,3,2,0,0,-1,-1,4,3,1,2021,76.0,2,5,0,1,2,2,1,,4,GAMBETTA  BD,0,,2,3,0,1,(1),(1),1,, -1,1,5,1,50,24,6,1,69,69264,2,2,0,6,GAMBETTA (BD),45.98969,4.71503,16,2,1
202100050149,112Â 082,A01,10,3,2,3,0,-1,-1,5,2,1,2021,67.0,2,4,9,0,7,16,1,,4,,0,,1,1,0,1,(1),(1),1,, -1,1,0,4,30,24,2,1,69,69386,2,2,0,6,BUGEAUD (R),45.7667,4.85196,10,2,1
202100034026,140Â 941,A01,1,1,1,0,1,8,-1,-1, -1,-1,2021,42.0,2,2,0,0,8,1,1,,3,ARCHETTES (RTE D'),0,,2,2,0,1,5,220,1,, -1,1,0,1,70,15,6,1,88,88160,1,1,0,7,ARCHETTES (RTE D'),48.14399,6.47941,19,1,1
202100021358,163Â 476,A01,10,3,1,5,0,-1,-1,0,0,-1,2021,69.0,3,2,0,2,1,9,1,,3,19,0,D,2,2,0,1,(1),(1),2,, -1,1,0,1,50,26,8,1,90,90033,2,6,0,1,1 Faubourg de Belfort,47.508389,7.002797,12,2,1
202100039804,130Â 431,A01,1,1,2,0,8,0,-1,-1, -1,-1,2021,24.0,2,1,0,2,7,1,5,,4,FRANKLIN                            (R ),0,,1,1,0,1,(1),(1),1,, -1,2,0,1,30,15,5,1,69,69382,2,2,1,1,FRANKLIN (R),45.7519,4.83109,15,2,2
202100000765,200Â 346,A01,10,3,1,5,0,-1,-1,3,3,1,2021,66.0,1,2,0,1,1,1,1,,4,JOUHAUX (AVENUE LEON) NÂ° IMPAIRS,0,,2,2,0,1,(1),(1),1,, -1,2,9,1,50,29,12,2,39,39198,2,1,1,6,5 Avenue LÃ©on Jouhaux,47.090394,5.483057,17,2,1
202100031053,146Â 233,A01,10,3,2,0,0,-1,-1,4,3,1,2021,76.0,1,2,0,1,1,15,1,,4,CARNOT (RUE),0,,3,4,0,1,(1),(1),1,, -1,1,0,1,50,29,6,1,59,59599,2,1,0,6,CARNOT (RUE),50.7190894906,3.161444664,10,2,1
202100023159,160Â 222,A01,1,1,1,5,2,-1,-1,0,0,-1,2021,48.0,1,1,14,0,0,1,5,,4,764,-1,E,2,2,0,2,(1),(1),2,, -1,1,0,1,50,22,8,1,56,56178,2,1,0,7,Rue du General Quinivet,48.069097,-2.968556,8,1,1
202100027893,151Â 853,A01,1,1,1,5,2,-1,-1,0,0,-1,2021,32.0,0,1,0,0,1,15,1,,4,AMIENS (RUE D'),0,,1,1,0,4,(1),(1),1,, -1,1,0,1,50,17,7,5,80,80702,2,1,0,7,AMIENS (RUE D'),49.8382177181,2.3137164116,0,1,1
202100024963,157Â 041,B01,1,1,1,5,0,-1,-1,0,0,-1,2021,73.0,1,1,0,2,0,25,5,,3,907,-1,,3,2,0,1,(1),(1),1,, -1,1,0,1,70,3,8,1,84,84129,1,1,0,7,RD 907 Avenue d'Avignon,43.993092,4.864647,10,2,2
202100018761,168Â 105,B01,1,1,1,1,0,0,-1,-1, -1,-1,2021,34.0,3,1,0,2,8,1,0,,4,RIOBE (BOULEVARD GUY MARIE),0,,2,2,0,1,(1),(1),1,, -1,2,5,1,50,15,9,2,45,45234,2,2,0,3,Boulevard Guy - Marie Riobe,47.91288,1.91242,7,2,2
202100021057,164Â 019,A01,1,1,2,0,8,0,-1,-1, -1,-1,2021,25.0,1,1,8,0,1,25,3,,7,RUE DU FAUBOURG BONNEFOY,0,,2,2,0,1,1,541,1,, -1,1,0,4,50,2,9,1,31,31555,2,1,0,7,RUE DU FAUBOURG BONNEFOY,43.62636,1.45903,17,1,1
202100001654,198Â 847,A01,1,1,1,0,6,-1,-1,0,0,-1,2021,48.0,1,1,12,0,2,0,1,,4,,-1,,2,2,0,2,(1),(1),2,,5,1,0,1,70,25,12,5,72,72132,2,1,0,6,42 Avenue Pasteur,48.187027,0.646689,20,1,1
202100032679,143Â 354,A01,1,1,1,1,1,8,-1,-1, -1,-1,2021,19.0,0,2,2,0,3,13,1,,4,FONDEREAUX (CHEMIN DES),0,,2,2,0,1,1,0,1,, -1,1,0,3,50,18,6,1,18,18279,2,1,0,1,FONDEREAUX (CHEMIN DES),47.21,2.11,15,1,1
202100056429,101Â 033,B01,4,2,1,5,1,0,-1,-1, -1,-1,2021,1.0,2,2,0,2,5,0,1,,3,R PIERRE SEMARD,0,,1,2,0,1,0,0,1,, -1,7,0,1,50,1,1,1,94,94011,2,1,1,2,Rue Pierre SÃ©mard,48.763305,2.479989,9,4,2
202100022403,161Â 600,B01,2,2,2,5,1,0,-1,-1, -1,-1,2021,41.0,2,2,0,2,5,23,1,,1,AUTOROUTE A20,0,,3,4,0,1,181,100,1,, -1,1,0,1,90,21,8,1,87,87085,1,1,0,2,AUTOROUTE A20,45.84623,1.27726,15,3,2
202100001965,198Â 289,A01,10,3,2,5,0,-1,-1,1,3,1,2021,82.0,1,3,0,1,2,0,3,,4,,-1,,2,1,3,1,(1),(1),1,,3,1,4,8,50,23,12,2,31,31048,2,8,0,6,Rue du Cers,43.456744,1.613866,8,2,1
202100025369,156Â 315,A01,10,3,2,0,0,-1,-1,3,3,1,2021,51.0,3,2,0,1,3,1,1,,7,6098,0,M,2,2,0,1,(1),(1),1,, -1,1,6,1,50,5,8,1,6,6032,2,1,0,6,118 Avenue du Trois Septembre,43.723138,7.396502,19,2,1
202100012096,180Â 096,B01,1,1,1,5,0,-1,-1,0,0,-1,2021,69.0,1,1,0,2,4,1,0,,3,149,0,A,2,2,0,1,6,747,1,, -1,1,0,1,80,21,10,1,44,44063,1,1,0,2,Maupay,47.067107,-1.200793,13,2,2
202100021629,162Â 963,B01,1,1,1,0,2,0,-1,-1, -1,-1,2021,30.0,1,1,0,2,1,1,1,,4,BOURROCHES (DES) (BOULEVARD),0,,2,2,0,1,0,0,1,, -1,1,0,1,50,27,8,1,21,21231,2,1,0,2,BOURROCHES (DES) (BOULEVARD),47.3088310939,5.0172919661,15,2,2
202100035687,137Â 923,A01,2,2,1,5,2,8,-1,-1, -1,-1,2021,28.0,2,1,15,0,8,25,1,,3,CHEVREUSE (AVENUE),0,,3,4,0,1,17,150,2,, -1,1,0,4,70,21,5,1,78,78490,1,1,0,6,CHEVREUSE (AVENUE),48.7976,1.96533,20,2,1
202100010952,182Â 149,B01,1,1,1,9,2,6,-1,-1, -1,-1,2021,49.0,2,1,0,2,8,1,1,,3,912,0,,1,4,0,1,0,0,1,, -1,1,0,1,50,24,10,1,92,92024,2,3,0,3,VICTOR HUGO (BD),48.9017743293,2.3174643424,13,2,2
202100037820,134Â 054,A01,1,1,1,9,2,8,-1,0,0,-1,2021,52.0,2,1,0,2,1,21,1,,3,BIOT (CD.4) RTE DE,0,,2,2,0,1,0,150,1,, -1,1,0,1,50,28,5,1,6,6004,2,9,0,1,BIOT (CD.4) RTE DE,43.612928,7.12451,12,2,2
202100024561,157Â 757,B01,2,1,2,0,8,0,-1,-1, -1,-1,2021,10.0,0,1,0,2,1,19,0,,4,SAINT LEGER (CHEMIN),0,,4,4,0,1,(1),(1),1,, -1,1,0,1,50,12,8,1,93,93066,2,3,0,3,SAINT LEGER (CHEMIN),48.9453,2.3764,20,2,2
202100055992,101Â 803,A01,2,2,2,5,8,-1,-1,0,0,-1,2021,25.0,2,5,13,0,0,0,1,,2,1,-1,,2,2,0,3,36,460,4,, -1,1,0,1,70,7,1,3,988,98821,1,3,0,7,Coll de la pirogue,-22.08218,166.319103,22,2,1
202100054304,104Â 690,A01,1,1,2,0,1,8,-1,-1, -1,-1,2021,27.0,3,2,0,2,3,1,1,,4,LUXEMBOURG(RUE),0,,-1,1,0,1,0,0,1,, -1,1,0,1,30,19,1,1,974,97407,2,2,0,3,LUXEMBOURG(RUE),-20.93558,55.29458,12,2,2
202100004488,193Â 746,A01,1,1,1,0,1,8,-1,-1, -1,-1,2021,29.0,2,5,4,0,2,1,1,,2,RN406.W,0,,1,2,0,1,4,500,3,, -1,2,0,1,70,6,12,3,94,94044,1,1,1,6,RN406.W,48.7574,2.4764,21,1,1
202100026437,154Â 442,B01,1,1,1,5,2,-1,-1,0,0,-1,2021,54.0,0,1,0,2,1,1,3,,4,TROIS CAILLOUX (RUE DES),0,,2,1,3,1,(1),(1),1,, -1,1,0,1,30,27,7,1,80,80021,2,1,0,1,TROIS CAILLOUX (RUE DES),49.89242,2.29975,14,2,2
202100000165,201Â 451,A01,10,3,1,5,0,-1,-1,2,3,1,2021,45.0,2,2,0,1,2,1,1,,4,CRAU AVENUE DE LA,0,,2,2,0,1,1,0,1,, -1,1,0,1,30,2,10,5,13,13047,2,1,0,3,CRAU AVENUE DE LA,43.59198,4.94033,19,2,1
202100019496,166Â 783,A01,2,2,1,5,2,-1,-1,0,0,-1,2021,17.0,1,1,0,2,1,1,1,,4,ALPES RUE DES,0,,1,1,1,1,(1),(1),1,, -1,1,0,1,50,11,9,5,26,26362,2,1,0,3,108 Rue des Alpes,44.92621,4.90126,2,5,2
202100023809,159Â 063,B01,2,2,2,0,1,-1,-1,0,0,-1,2021,49.0,2,2,0,0,4,26,1,,3,108,0,D,2,2,0,1,4,500,1,, -1,1,0,1,70,10,8,1,34,34042,1,9,0,2,d108,43.876269,3.716238,18,3,2
202100052666,107Â 587,A01,1,1,2,1,2,6,-1,-1, -1,-1,2021,22.0,2,1,0,2,1,1,1,,4,MAUBEC (RUE),0,,2,3,3,2,0,0,1,, -1,1,9,1,50,3,2,1,64,64102,2,9,0,3,MAUBEC (RUE),43.50025,-1.46688,9,2,2
202100034560,139Â 945,C01,3,2,2,0,8,0,-1,-1, -1,-1,2021,16.0,2,2,0,2,4,2,1,,7,AEROPORT (AVENUE DE L'),0,,2,2,0,1,1,530,1,, -1,1,0,1,70,13,6,1,83,83069,2,1,0,4,AEROPORT (AVENUE DE L'),43.09885,6.13345,13,8,3
202100044513,122Â 142,A01,1,1,2,5,1,-1,-1,0,0,-1,2021,30.0,2,2,3,0,0,1,1,,1,8,-1,,3,4,0,2,205,700,3,, -1,2,0,1,90,10,4,1,6,6149,1,1,1,6,A8 PK205+700 SENS ITALIE- FRANCE,43.74415,7.349821,19,1,1
202100019408,166Â 941,A01,2,2,2,5,2,6,-1,0,0,-1,2021,15.0,1,6,1,0,1,16,1,,3,,-1,,2,1,0,1,(1),(1),1,,3,1,0,1,50,12,9,1,2,2071,2,1,0,6,Rue du Mont a Berry,49.410547,3.140085,13,2,1
202100000527,200Â 758,B01,1,1,1,0,2,0,-1,-1, -1,-1,2021,23.0,3,1,0,2,1,0,1,,4,SEMARD (AVENUE PIERRE),0,,2,3,0,1,(1),(1),1,, -1,2,0,1,30,13,11,5,1,1053,2,3,1,1,SEMARD (AVENUE PIERRE),46.2001408249,5.2154568583,18,2,2
202100044597,122Â 004,B01,1,1,1,1,2,6,-1,0,0,-1,2021,47.0,2,1,0,2,0,21,1,,4,RUE AUBER,0,,2,3,0,1,(1),(1),1,, -1,1,0,1,30,9,4,1,75,75109,2,5,0,3,RUE AUBER,48.873024,2.328316,9,2,2
202100035671,137Â 952,A01,10,3,2,0,0,-1,-1,2,3,1,2021,45.0,1,2,0,9,2,21,1,,4,JEAN MOULIN                         (QU),0,,3,4,3,1,(1),(1),1,, -1,1,0,6,50,7,6,1,69,69381,2,3,0,6,JEAN MOULIN (Q),45.7662929788,4.8380559683,17,2,1
202100035202,138Â 775,A01,10,3,1,5,0,-1,-1,3,3,2,2021,2.0,1,2,0,1,1,1,1,,4,RUE JEAN MERMOZ,0,,2,2,0,1,(1),(1),3,, -1,1,0,1,50,10,6,1,44,44190,2,1,0,6,RUE JEAN MERMOZ,47.19954,-1.51863,10,2,1
202100042106,126Â 367,B01,1,1,1,5,2,6,-1,0,0,-1,2021,18.0,2,1,0,2,1,1,1,,3,230,-1,,2,2,0,2,8,800,3,, -1,2,0,1,70,30,4,1,7,7295,1,1,1,1,Route de Charensol,44.826458,4.574754,12,2,2
202100042643,125Â 405,A01,1,1,1,5,9,-1,-1,0,0,-1,2021,16.0,3,1,11,2,8,17,5,,4,,-1,,1,2,0,1,(1),(1),2,,4,1,5,1,50,21,4,1,974,97410,2,6,0,3,Rond-point des 4 bornes,-21.048871,55.71358,11,2,2
202100011330,181Â 476,B01,2,2,1,0,1,0,-1,-1, -1,-1,2021,33.0,1,2,4,2,6,11,2,,1,AUTOROUTE A86,0,,3,6,0,1,10,600,1,, -1,1,0,1,90,23,10,1,92,92036,1,1,0,3,AUTOROUTE A86,48.935417355,2.3198823491,9,3,2
202100018801,168Â 038,A01,1,1,1,4,2,0,-1,0,0,-1,2021,23.0,2,1,0,2,1,13,1,,4,QUAI DE GRENELLE,0,,2,5,0,1,(1),(1),1,, -1,2,0,1,30,14,9,2,75,75115,2,1,1,3,QUAI DE GRENELLE,48.851808,2.285076,19,2,2
202100044534,122Â 116,A01,1,1,1,5,1,8,-1,-1, -1,-1,2021,19.0,2,2,13,0,9,26,1,,1,A104,0,,3,4,0,1,10,399,1,, -1,2,0,3,90,10,4,1,77,77294,1,1,0,6,A104,48.97123,2.59517,18,1,1
202100022127,162Â 079,A01,1,1,1,4,2,6,-1,-1, -1,-1,2021,17.0,1,1,0,2,3,18,1,,4,SALENGRO (RUE ROGER) 2 A 52,0,,1,1,0,1,1,0,1,, -1,1,0,1,50,28,8,1,93,93010,2,1,0,3,SALENGRO (RUE ROGER) 2 A 52,48.8994,2.478334,20,2,2
202100021547,163Â 124,A01,1,1,2,3,9,-1,-1,0,0,-1,2021,26.0,0,1,0,2,1,25,1,,9,,-1,,2,2,0,1,(1),(1),1,,4,1,9,4,50,1,9,1,38,38382,2,1,0,3,1 Rue de PrÃ©dieu,45.222845,5.687866,15,2,2
202100051304,109Â 968,B01,1,1,1,2,2,8,-1,-1, -1,-1,2021,17.0,1,1,0,2,1,1,1,,3,LECLERC (AVENUE DU GENERAL),0,,2,2,0,1,47,632,1,, -1,1,0,1,50,16,2,1,9,9122,2,1,0,2,LECLERC (AVENUE DU GENERAL),42.98362,1.61385,17,4,2
202100018486,168Â 590,A01,2,2,2,5,1,9,-1,0,0,-1,2021,45.0,3,2,0,2,8,15,1,,2,02,-1,,2,2,0,1,(1),(1),1,, -1,1,0,1,80,18,9,1,971,97129,1,2,0,6,Clugny,16.353297,-61.751868,11,5,3
202100052263,108Â 289,A01,1,1,1,1,2,6,-1,0,0,-1,2021,40.0,1,1,1,0,1,2,1,,3,299,0,D,2,2,0,1,9,145,1,, -1,2,0,1,80,8,2,1,47,47110,1,1,1,2,D299,44.461381,0.266077,12,2,2
202100004035,194Â 529,A01,10,3,2,5,8,8,-1,3,3,1,2021,80.0,2,2,0,1,3,1,1,,3,LAFAYETTE (AVENUE),0,,2,2,0,2,(1),(1),1,, -1,2,2,1,50,8,12,5,54,54273,2,1,0,6,LAFAYETTE (AVENUE),49.16492,5.88209,18,2,1
202100048961,114Â 232,A01,1,1,2,5,1,0,-1,0,0,-1,2021,29.0,1,2,11,0,1,1,1,,4,RUE DU COLONEL PIERRE AVIA,0,,1,1,0,1,(1),(1),1,, -1,1,0,1,50,6,3,1,75,75115,2,1,0,6,RUE DU COLONEL PIERRE AVIA,48.829964,2.275809,13,1,1
202100006817,189Â 590,B01,1,1,1,4,8,0,-1,0,0,-1,2021,30.0,2,1,0,2,1,1,5,,4,RUE DE LA MAISON BLANCHE,0,,1,1,2,2,(1),(1),2,, -1,1,-1,5,30,22,11,1,75,75113,2,3,0,1,RUE DE LA MAISON BLANCHE,48.825803,2.357382,10,2,2
202100007577,188Â 199,A01,10,3,1,5,0,-1,-1,4,3,1,2021,19.0,2,2,0,1,1,1,1,,4,MONTJOVIS (AVENUE),0,,2,2,0,1,0,0,1,, -1,2,0,1,50,16,11,5,87,87085,2,1,1,6,MONTJOVIS (AVENUE),45.84178,1.24621,20,2,1
202100022789,160Â 869,A01,2,2,2,5,1,0,-1,-1, -1,-1,2021,20.0,1,2,3,0,2,9,1,,1,AUTOROUTE A20,0,,1,4,0,1,182,429,3,, -1,1,0,1,90,20,8,5,87,87085,2,1,0,6,AUTOROUTE A20,45.83768,1.28264,21,2,1
202100038987,131Â 953,A01,1,1,2,1,1,0,-1,-1, -1,-1,2021,63.0,1,2,0,2,2,2,1,,4,EST (BOULEVARD DE L'),0,,2,2,0,1,0,0,1,, -1,1,0,1,50,21,5,1,93,93062,2,1,1,2,Boulevard de lâEst,48.8964448138,2.5269874335,17,2,2
202100000313,201Â 159,A01,1,1,1,5,2,6,-1,-1, -1,-1,2021,37.0,3,1,0,2,2,17,1,,7,ROUTE NATIONALE 368 (PLAN DES PENNES),0,,2,3,3,1,0,0,1,, -1,1,0,1,70,31,5,1,13,13071,1,1,0,3,ROUTE NATIONALE 368 (PLAN DES PENNES),43.4074731754,5.2941481628,15,3,2
202100031389,145Â 644,B01,1,1,1,5,2,6,9,0,0,-1,2021,62.0,1,1,0,2,2,1,1,,3,17,-1,,-1,2,0,1,54,800,1,,"5,5",1,0,1,50,26,6,2,71,71106,2,2,1,3,4bis Avenue du 8 Juin 1944,46.436899,4.268237,19,3,2
202100048748,114Â 626,B01,9,2,2,2,1,-1,-1,0,0,-1,2021,13.0,2,2,0,2,6,15,1,,3,43,0,D,2,2,0,1,7,20,2,, -1,1,0,1,80,8,3,1,83,83030,1,3,0,3,D43,43.363004,6.093893,17,3,2
202100033675,141Â 570,A01,1,1,1,5,2,6,-1,-1, -1,-1,2021,43.0,1,1,0,2,0,17,1,,3,180,0,,2,2,0,1,0,0,1,, -1,1,0,1,50,18,6,1,92,92064,2,1,0,3,BUZENVAL,48.8530090093,2.2017556429,14,2,2
202100037294,135Â 008,A01,1,1,1,5,1,0,-1,0,0,-1,2021,20.0,3,2,0,2,4,1,1,,4,QUAI DE BERCY,0,,2,6,0,2,(1),(1),1,, -1,1,1,1,50,30,5,1,75,75112,2,1,0,4,QUAI DE BERCY,48.831112,2.385562,10,4,3
202100042870,125Â 037,B01,1,1,1,1,2,8,-1,-1, -1,-1,2021,18.0,2,1,0,2,3,1,1,,3,TROIS PROVINCES (AVENUE DES ),0,,2,3,0,1,2,660,1,, -1,1,3,1,70,23,4,1,49,49099,1,3,0,3,TROIS PROVINCES (AVENUE DES ),47.05979,-0.92529,11,2,2
202100045574,120Â 270,B01,1,1,1,1,2,0,-1,0,0,-1,2021,27.0,1,1,0,2,8,1,1,,7,,0,,3,8,0,1,(1),(1),1,, -1,1,5,1,50,31,3,5,63,63113,2,5,0,3,FOREST /ClÃ©mentel,45.79987,3.11212,21,2,2
202100007966,187Â 489,B01,1,1,1,9,2,0,-1,-1, -1,-1,2021,31.0,2,1,0,2,1,1,1,,3,MADELEINE (ROUTE DE LA),0,,2,2,0,1,3,0,1,, -1,2,0,1,50,9,11,1,973,97302,2,1,1,3,MADELEINE (ROUTE DE LA),4.91448,-52.32094,7,3,2
202100028351,151Â 025,B01,1,1,1,5,2,-1,-1,0,0,-1,2021,65.0,1,1,0,2,4,13,5,,7,2209,0,M,2,2,0,1,26,900,1,, -1,1,0,1,80,14,7,1,6,6025,1,1,0,2,Route des Iscles,43.830425,7.177473,11,2,2
202100026148,154Â 955,A01,1,1,1,0,2,0,-1,0,0,-1,2021,18.0,1,1,0,2,1,9,1,,4,GAUTHIER (R. ANTOINE),0,,1,1,0,2,(1),(1),1,, -1,2,0,1,30,31,7,5,6,6088,2,2,0,3,GAUTHIER (R. ANTOINE),43.698673,7.283092,5,2,2
202100052704,107Â 524,B01,1,1,2,5,2,8,-1,-1, -1,-1,2021,39.0,2,1,0,2,3,1,1,,3,HOPITAL STELL (BOULEVARD DE L'),0,,2,4,0,2,0,0,1,, -1,1,5,1,50,26,1,5,92,92063,2,3,0,3,HOPITAL STELL (BOULEVARD DE L'),48.87865,2.18651,18,2,2
202100021464,163Â 274,A01,10,3,1,5,0,-1,-1,2,9,1,2021,37.0,1,2,0,1,2,1,1,,7,DR SCHWEITZER (AV DU ),0,,1,1,0,1,1,233,1,, -1,1,0,1,30,8,8,5,13,13054,2,1,0,3,DR SCHWEITZER (AV DU ),43.41815,5.21998,23,2,1
202100011915,180Â 429,A01,1,1,1,1,2,-1,-1,0,0,-1,2021,53.0,1,1,0,2,7,17,1,,3,2371,0,,4,2,0,1,6,150,1,, -1,1,0,1,90,18,10,3,3,3217,1,3,0,3,D33 et D2371,46.337432,2.671909,19,2,2
202100046097,119Â 360,A01,1,1,1,0,8,-1,-1,-1, -1,-1,2021,26.0,2,2,13,0,1,14,1,,2,AXE NORD SUD,0,,3,4,0,3,53,500,1,, -1,1,0,1,90,28,3,3,50,50203,1,1,0,6,AXE NORD SUD,49.60682,-1.59136,21,1,1
202100052672,107Â 578,A01,1,1,2,5,8,0,-1,-1, -1,-1,2021,21.0,3,1,0,0,0,0,3,,4,FOCH BOULEVARD,0,,2,0,2,1,1,0,1,, -1,1,0,1,25,29,1,2,49,49007,2,1,0,7,FOCH BOULEVARD,47.468148,-0.550663,18,1,1
202100009572,184Â 597,A01,2,2,2,0,1,8,-1,-1, -1,-1,2021,38.0,1,2,0,2,5,15,1,,3,ROUTE DEPARTEMENTALE 3 BIS,0,,2,2,0,1,2,700,1,, -1,1,0,1,50,3,11,1,972,97213,2,7,0,3,ROUTE DEPARTEMENTALE 3 BIS,14.65669,-60.97463,8,5,2
202100055525,102Â 597,A01,10,3,1,5,0,-1,-1,2,3,1,2021,62.0,2,2,0,1,3,1,1,,4,RUE FREMICOURT,0,,2,2,0,1,(1),(1),1,, -1,1,8,1,50,9,1,1,75,75115,2,2,0,6,RUE FREMICOURT,48.8473545729,2.2977308389,10,2,1
202100012578,179Â 233,A01,1,1,1,3,2,6,-1,0,0,-1,2021,70.0,3,1,6,0,1,19,0,,6,,0,,-1,-1,0,1,(1),(1),1,,4,1,6,8,30,19,10,1,26,26313,2,1,0,6,Chemin de Laye,44.961169,4.937292,15,1,1
202100048115,115Â 745,B01,1,1,1,1,8,4,-1,-1, -1,-1,2021,48.0,2,2,0,2,6,23,1,,1,A4,0,,-1,4,0,1,7,500,1,, -1,2,0,1,90,13,3,3,94,94017,1,1,1,4,A4,48.83008,2.48698,21,3,3
202100054646,104Â 114,B01,1,1,1,1,2,-1,-1,0,0,-1,2021,47.0,1,1,0,2,7,1,3,,4,,0,,2,2,0,1,(1),(1),2,, -1,1,9,1,50,18,1,5,37,37163,2,6,0,3,rue d'amboise,47.4195180527,0.9776048015,7,2,2
202100029438,149Â 161,A01,1,1,1,1,2,6,-1,0,0,-1,2021,34.0,1,1,0,0,8,1,1,,4,GENETS (AVENUE DES),0,,2,2,0,2,(1),(1),1,, -1,1,0,1,50,11,7,1,6,6069,2,1,0,7,GENETS (AVENUE DES),43.674002,6.905571,6,1,1
202100007355,188Â 605,B01,8,2,1,1,0,0,-1,-1, -1,-1,2021,15.0,1,3,0,2,2,1,1,3.0,3,GAULLE(AVENUE DU GENERAL DE),0,,1,2,0,1,1,0,1,, -1,1,0,1,50,19,11,1,94,94028,2,1,0,3,Avenue du GÃ©nÃ©ral de Gaulle,48.78456,2.45188,8,4,2