Num_Acc,id_vehicule,num_veh,place,catu,sexe,trajet,secu1,secu2,secu3,locp,actp,etatp,year_acc,victim_age,senc,catv,obs,obsm,choc,manv,motor,occutc,catr,voie,v1,v2,circ,nbv,vosp,prof,pr,pr1,plan,lartpc,larrout,surf,infra,situ,vma,jour,mois,lum,dep,com,agg_,int,atm,col,adr,lat,long,hour,nb_victim,nb_vehicules
202100019300,167Â 136,A01,1,1,2,0,1,0,-1,-1, -1,-1,2021,27.0,2,2,0,2,1,2,1,,1,AUTOROUTE A 21,0,,3,4,0,1,41,700,1,, -1,1,0,1,110,10,9,1,59,59501,1,1,0,2,AUTOROUTE A 21,50.37428,3.241786,19,2,2
202100055959,101Â 860,A01,10,3,1,2,0,-1,-1,4,5,1,2021,12.0,1,2,0,1,2,1,1,,3,BREMENT (RUE DE) 109 A 235 - 110 A ...,0,,2,3,0,1,0,0,1,, -1,1,6,1,50,7,1,1,93,93053,2,1,0,6,BREMENT (RUE DE) 109 A 235 - 110 A ...,48.8869,2.46989,14,2,1
202100008314,186Â 865,A01,1,1,1,9,2,6,-1,0,0,-1,2021,16.0,3,1,2,0,3,1,1,,4,,-1,,2,2,0,1,(1),(1),1,,4,1,0,8,50,12,11,3,88,88287,1,1,1,6,ancienne voie romaine,48.1144,5.89502,2,1,1
202100020146,165Â 618,A01,1,1,2,2,1,-1,-1,0,0,-1,2021,22.0,1,2,13,0,1,1,1,,3,38,0,,2,2,0,2,14,0,3,, -1,2,0,3,80,9,9,1,51,51612,1,1,0,7,D38,48.9481500774,3.9896787386,8,1,1
202100025589,155Â 940,A01,1,1,1,4,2,6,-1,-1, -1,-1,2021,47.0,2,1,0,2,8,16,1,,3,MANGIN (BOULEVARD) NÂ° IMPAIRS,0,,2,3,0,1,1,835,1,, -1,1,0,1,50,30,7,1,89,89024,2,2,0,3,MANGIN (BOULEVARD) NÂ° IMPAIRS,47.7996,3.55274,16,2,2
202100049987,112Â 390,A01,2,2,2,2,1,0,-1,-1, -1,-1,2021,30.0,1,5,1,0,1,1,1,,5,GEORGES GRATIANT (AVENUE),0,,2,1,0,1,0,(1),1,, -1,2,9,1,30,26,2,1,972,97209,2,1,1,6,GEORGES GRATIANT (AVENUE),14.61346,-61.03712,8,2,1
202100014334,176Â 084,B01,1,1,1,1,2,0,-1,-1, -1,-1,2021,40.0,1,1,0,2,3,2,1,,3,TOULOUSE (RUE DE),0,,2,2,0,1,0,0,2,, -1,2,0,1,50,7,10,3,87,87065,1,1,0,3,TOULOUSE (RUE DE),45.80015,1.29549,7,2,2
202100035436,138Â 373,B01,1,1,2,0,1,0,-1,-1, -1,-1,2021,33.0,1,2,4,2,0,1,1,,1,AUTOROUTE A86,0,,3,6,0,1,28,700,1,, -1,1,0,1,90,10,6,1,93,93048,1,1,0,3,AUTOROUTE A86,48.8645671382,2.4823039923,11,2,2
202100024747,157Â 413,A01,1,1,1,5,2,8,-1,-1, -1,-1,2021,53.0,2,1,4,0,1,14,1,,4,VAUBAN (AVENUE),0,,2,2,0,1,(1),(1),1,, -1,1,0,1,50,16,7,3,34,34108,1,1,0,7,VAUBAN (AVENUE),43.431782,3.769192,1,1,1
202100047054,117Â 665,B01,1,1,1,5,2,0,-1,0,0,-1,2021,13.0,1,1,0,2,2,15,5,,4,QUAI DE LA TOURNELLE,0,,2,1,1,1,(1),(1),1,, -1,1,-1,5,50,22,3,1,75,75105,2,3,0,3,QUAI DE LA TOURNELLE,48.850701,2.352593,18,2,2
202100034152,140Â 714,A01,1,1,2,5,1,-1,-1,0,0,-1,2021,79.0,1,2,0,2,1,11,1,,3,609,-1,,2,2,0,2,45,452,1,, -1,1,0,1,50,31,5,1,34,34180,2,1,0,5,cd609,43.608287,3.4364,12,4,3
202100005220,192Â 446,A01,1,1,1,1,1,5,-1,-1, -1,-1,2021,30.0,1,5,0,0,1,14,1,,2,RN2/043,0,,1,2,0,1,(1),(1),3,, -1,1,0,1,90,28,11,5,974,97411,1,1,0,7,RN2/043,-20.8858803478,55.4952558875,4,1,1
202100033963,141Â 056,B01,1,1,1,9,2,6,-1,0,0,-1,2021,23.0,2,1,0,2,3,1,1,,3,60,0,D,2,2,0,1,0,800,2,, -1,2,0,1,50,17,6,1,42,42299,2,1,1,5,Rue de Feurs,45.614045,4.077258,18,3,3
202100002989,196Â 434,B01,1,1,1,1,1,-1,-1,0,0,-1,2021,42.0,2,5,0,2,4,15,1,,2,10,0,,2,2,0,1,94,500,1,,7,1,9,1,50,16,12,1,202,202009,1,2,0,2,RT 10 - PK 94+500,42.08886,9.504075,9,2,2
202100026351,154Â 594,B01,1,1,2,1,2,6,-1,-1, -1,-1,2021,56.0,3,1,0,2,8,1,1,,3,CONVENTION (RUE DE LA),0,,3,4,0,2,0,1,1,, -1,1,0,1,50,30,7,1,93,93027,2,2,0,3,Rue de la Convention / Rue Raspail,48.925931,2.396735,7,2,2
202100033239,142Â 354,B01,1,1,1,5,2,6,-1,0,0,-1,2021,16.0,2,1,0,2,1,19,1,,3,119,-1,,2,2,0,1,4,430,1,, -1,1,0,1,50,20,6,1,44,44071,2,6,0,3,rue des Ã©pinettes,47.199963,-1.441269,12,2,2
202100031458,145Â 516,B01,1,1,1,5,2,-1,-1,0,0,-1,2021,52.0,3,1,0,2,1,9,5,,3,919,0,D,2,2,0,1,(1),(1),1,, -1,1,0,1,50,2,7,1,62,62878,2,3,0,3,2 Rue de la Bassure,50.27848,2.666878,10,2,2
202100002189,197Â 880,A01,1,1,1,5,0,-1,-1,0,0,-1,2021,31.0,1,2,13,0,2,1,1,,3,D29,-1,,2,2,0,1,38,800,1,, -1,1,0,3,80,21,12,3,29,29206,1,3,0,6,D29 intersection Pont Ar Toul,48.5914737094,-4.218914509,17,1,1
202100049184,113Â 838,A01,10,3,2,3,0,-1,-1,6,5,2,2021,2.0,1,2,0,1,2,1,1,,3,922,0,D,-1,2,0,1,20,200,1,, -1,1,9,1,30,5,3,1,95,95394,2,1,0,6,Route de Pontoise,49.0602002026,2.168962727,17,2,1
202100011374,181Â 392,A01,1,1,1,5,2,0,-1,-1, -1,-1,2021,20.0,3,1,14,2,3,5,1,,7,LOEUL (AVENUE ALPHONSE),0,,2,2,0,1,(1),(1),1,, -1,1,0,1,50,23,10,5,59,59508,2,1,0,3,LOEUL (AVENUE ALPHONSE),50.7574387346,3.1227892877,17,2,2
202100014441,175Â 887,A01,10,3,2,0,0,-1,-1,3,5,1,2021,39.0,2,2,0,1,1,1,1,,3,39,0,,2,2,0,1,1,0,1,, -1,1,0,6,50,8,10,1,92,92073,2,1,0,6,JAURES (AVENUE JEAN),48.8644523856,2.2076457739,17,2,1
202100033889,141Â 185,A01,1,1,2,0,1,0,-1,-1, -1,-1,2021,21.0,1,2,15,0,1,15,1,,3,GROUPE MANOUCHIAN (AV DU),0,,1,4,0,1,0,0,1,, -1,1,0,1,50,17,6,5,94,94081,2,1,0,1,GROUPE MANOUCHIAN (AV DU),48.79202,2.40404,0,1,1
202100044494,122Â 165,A01,1,1,1,0,2,6,-1,-1, -1,-1,2021,24.0,1,1,0,2,1,1,1,,3,106,0,,1,2,0,2,0,0,1,, -1,2,0,1,50,10,4,1,92,92025,2,1,0,2,EDGARD QUINET (BD),48.923432106,2.2491556406,16,3,2
202100010221,183Â 439,A01,1,1,1,0,8,-1,-1,0,0,-1,2021,59.0,2,2,6,0,1,1,1,,3,36,-1,,2,2,0,1,24,201,1,, -1,1,0,8,80,31,10,3,85,85008,1,1,0,6,La Miltiere,46.587878,-1.476997,1,1,1
202100051473,109Â 695,A01,1,1,1,5,2,-1,-1,0,0,-1,2021,61.0,1,1,0,0,0,0,5,,3,1085,-1,,2,2,0,2,54,0,1,, -1,1,0,1,90,16,2,1,5,5162,1,1,0,7,les albergemnts,44.427283,6.022224,11,1,1
202100028852,150Â 146,A01,1,1,1,9,2,0,-1,0,0,-1,2021,44.0,2,1,0,2,1,1,3,,4,AVENUE GAMBETTA,0,,2,3,1,1,(1),(1),1,, -1,1,0,5,30,15,7,1,75,75120,2,5,0,3,AVENUE GAMBETTA,48.864986,2.395526,10,2,2
202100031971,144Â 599,A01,10,3,2,5,0,-1,-1,5,2,1,2021,77.0,1,2,0,2,3,20,1,,4,GABRIEL POULMAIRE (RUE ),0,,1,1,0,1,0,0,1,, -1,1,0,4,30,27,6,1,57,57751,2,2,0,6,FERDINAND SECHEHAYE (RUE ),49.1509658,6.1647926,11,2,1
202100005889,191Â 265,A01,1,1,2,4,1,0,-1,-1, -1,-1,2021,25.0,1,2,0,2,1,2,1,,1,AUTOROUTE A20,0,,1,5,0,2,181,0,1,, -1,2,3,1,50,25,11,5,87,87085,1,1,0,6,AUTOROUTE A20,45.84859,1.27642,18,1,1
202100051588,109Â 482,A01,1,1,1,0,2,8,-1,-1, -1,-1,2021,31.0,1,1,0,2,1,9,1,,4,LIEUTAUD (COURS),0,,2,2,0,1,(1),(1),1,, -1,1,0,1,50,13,2,5,13,13206,2,3,0,3,LIEUTAUD (COURS),43.28826,5.384564,20,2,2
202100025293,156Â 447,B01,2,2,1,4,1,0,-1,-1, -1,-1,2021,42.0,1,2,0,2,4,2,1,,4,GIRAUDEAU (RUE),0,,2,2,0,1,(1),(1),1,, -1,1,0,1,50,5,8,1,37,37261,2,1,0,2,GIRAUDEAU (RUE),47.386639345,0.6766115829,19,4,2
202100025637,155Â 860,B01,1,1,1,0,2,6,-1,-1, -1,-1,2021,30.0,2,1,0,2,1,1,1,,3,COLONEL FABIEN - PONT D'IVRY (BD DU),0,,2,4,1,2,1,0,1,, -1,2,0,1,50,4,8,1,94,94041,2,3,1,3,Boulevard du Colonel Fabien,48.814587,2.407725,14,2,2
202100014813,175Â 224,B01,2,2,2,0,1,0,-1,-1, -1,-1,2021,24.0,0,2,1,2,0,0,1,,7,PLOMBIERES (RUE DE),0,,2,4,0,1,0,0,1,, -1,1,0,1,50,6,10,1,13,13203,2,1,0,3,PLOMBIERES (RUE DE),43.31704,5.38154,14,3,2
202100035376,138Â 477,A01,1,1,2,0,1,-1,-1,0,0,-1,2021,21.0,1,2,13,0,1,26,1,,3,57,0,D,2,2,0,1,42,820,1,, -1,1,0,3,90,6,6,1,15,15235,1,1,0,7,D57,44.992164879,2.974569797,14,1,1
202100038609,132Â 623,B01,7,2,2,5,8,0,-1,-1, -1,-1,2021,36.0,2,3,0,2,3,1,1,4.0,3,CORBEIL (ROUTE),0,,2,0,0,2,0,0,2,, -1,1,0,1,50,23,5,1,91,91667,2,1,0,1,CORBEIL (ROUTE),48.658917,2.339803,17,5,2
202100052052,108Â 675,A01,10,3,1,0,0,-1,-1,4,3,2,2021,1.0,1,2,0,1,1,26,1,,3,AV GENERAL LECLERC,0,,3,2,0,1,0,1,1,, -1,1,9,1,50,9,2,1,94,94022,2,1,0,6,GENERAL LECLERC (AV),48.762271,2.405979,14,2,1
202100051666,109Â 340,B01,2,2,2,9,2,8,-1,-1, -1,-1,2021,34.0,2,1,0,2,5,1,1,,4,,0,,2,-1,0,1,(1),(1),1,, -1,5,0,1,50,12,2,5,69,69266,2,1,1,3,JEAN JAURES (R),45.7573286474,4.8817920685,18,3,2
202100025130,156Â 736,A01,4,2,1,0,1,0,-1,-1, -1,-1,2021,48.0,1,2,0,2,2,7,1,,4,PRADO (AVENUE DU),0,,2,2,3,1,0,0,1,, -1,1,0,1,50,8,8,5,13,13208,2,1,0,3,PRADO (AVENUE DU),43.2705522778,5.3879670488,0,5,2
202100014550,175Â 696,B01,1,1,1,5,2,6,9,-1, -1,-1,2021,56.0,1,1,0,2,1,1,1,,4,,0,,2,7,0,1,(1),(1),1,, -1,1,5,8,50,7,10,1,69,69387,2,3,0,3,TONY GARNIER (AV),45.7262,4.8377,11,2,2
202100008210,187Â 045,A01,10,3,2,5,0,-1,-1,2,3,1,2021,44.0,0,3,0,1,2,1,1,1.0,4,,-1,,2,2,0,1,(1),(1),2,, -1,1,0,1,50,6,11,1,33,33449,2,1,0,6,Avenue Montesquieu,44.895538,-0.720255,12,2,1
202100004824,193Â 160,A01,1,1,1,5,2,6,-1,-1, -1,-1,2021,19.0,2,1,0,2,1,1,1,,2,PARIS (R DE),0,,3,4,0,1,1,0,1,, -1,2,0,1,50,4,12,1,94,94078,2,5,1,3,Rue de Paris,48.735582,2.446676,10,4,2
202100005796,191Â 431,A01,2,2,2,5,1,-1,-1,0,0,-1,2021,18.0,1,2,3,0,2,9,1,,2,176,0,N,2,2,0,1,5,800,1,, -1,1,0,1,110,28,11,1,22,22190,1,1,0,6,RN 176 - PR : 05+800,48.518566,-2.038693,11,2,1
202100011749,180Â 716,A01,1,1,1,0,2,6,-1,-1, -1,-1,2021,21.0,-1,1,4,0,2,1,1,,1,AUTOROUTE A3,0,,1,2,0,2,13,0,3,, -1,6,3,1,50,22,10,1,93,93005,2,1,0,6,AUTOROUTE A3,48.9508885757,2.4745512892,8,1,1
202100002249,197Â 763,A01,10,3,1,5,0,-1,-1,8,5,3,2021,7.0,3,2,0,1,1,1,1,,6,PAYS-BAS (AVENUE DES),0,,-1,0,0,1,(1),(1),1,, -1,1,0,1,30,18,12,1,35,35238,2,1,0,6,Avenue des Pays-Bas,48.08933,-1.65977,14,2,1
202100055112,103Â 301,B01,1,1,1,1,1,-1,-1,0,0,-1,2021,33.0,1,2,0,2,2,1,1,,3,1044,0,D,2,2,0,3,81,390,1,, -1,7,0,1,80,15,1,3,2,2033,1,1,1,1,d1044  pk 81+390,49.495887,3.780327,7,2,2
202100039237,131Â 478,A01,1,1,1,5,1,-1,-1,-1,0,-1,2021,42.0,2,2,3,0,3,13,1,,1,AUTOROUTE A15,0,,3,6,0,2,22,200,1,, -1,1,0,1,90,20,5,3,95,95572,1,1,0,6, A15,49.0333,2.1055,2,1,1
202100054042,105Â 146,D01,1,1,1,9,1,0,-1,-1, -1,-1,2021,37.0,1,2,4,0,1,2,1,,2,RTE NATIONALE N 4,0,,1,2,0,1,4,571,1,, -1,2,0,1,90,22,1,3,77,77350,1,1,0,6,RTE NATIONALE N 4,48.7678486714,2.6454692002,20,4,4
202100024995,156Â 977,A01,2,2,1,5,1,-1,-1,-1, -1,-1,2021,10.0,2,2,11,2,8,21,1,,4,ORADOUR SUR GLANE (AVENUE D'ORADOUR SUR,0,,3,4,0,1,(1),(1),1,, -1,1,0,1,50,8,8,1,45,45147,2,2,0,3,Avenue dâOradour - sur - Glane,47.933507987,1.9214061563,14,4,2
202100033661,141Â 594,A01,10,3,1,0,8,8,-1,3,3,1,2021,78.0,3,2,0,1,0,0,1,,4,LORRAINE,0,,2,2,0,1,0,0,1,, -1,1,0,1,50,14,6,1,93,93066,2,9,1,6,Rue de Lorraine,48.925309,2.368451,10,2,1
202100006644,189Â 909,A01,10,3,1,5,0,-1,-1,1,3,1,2021,88.0,3,2,0,1,1,1,1,,3,,0,,-1,2,0,1,0,0,1,, -1,1,9,1,50,23,11,1,52,52121,2,1,0,6,REPUBLIQUE (AVENUE),48.10459,5.14296,10,2,1
202100044542,122Â 101,B01,2,1,1,1,2,0,-1,-1, -1,-1,2021,60.0,1,1,0,2,1,2,1,,2,PETIT HAVRE (SECTEUR),0,,2,2,0,3,(1),(1),1,, -1,1,0,1,70,7,4,1,971,97113,2,1,0,2,PETIT HAVRE (SECTEUR),16.214,-61.42862,16,2,2
202100056386,101Â 113,B01,1,1,2,1,1,1,-1,0,0,-1,2021,52.0,3,2,0,2,3,1,1,,4,583,0,,2,2,0,1,1,0,1,, -1,1,5,1,50,3,1,1,988,98818,2,2,0,3,RUE JACQUES IEKAWE/RUE ARMAND OHLEN,-22.24839,166.46379,7,2,2
202100021132,163Â 885,A01,1,1,1,3,1,-1,-1,0,0,-1,2021,86.0,3,2,0,2,1,15,1,,4,,-1,,2,2,0,1,(1),(1),1,,5,1,0,1,50,4,9,1,34,34270,2,2,0,1,Avenue de la Condamine,43.571013,3.847441,10,2,2
202100018382,168Â 767,B01,1,1,1,0,1,0,-1,-1, -1,-1,2021,53.0,1,2,0,0,4,1,1,,4,SAINT PIERRE (RUE),0,,1,1,0,2,0,0,1,, -1,1,0,1,50,17,9,1,13,13205,2,3,0,2,SAINT PIERRE (RUE),43.2931752928,5.3890435143,16,2,2
202100009822,184Â 138,A01,10,3,1,0,0,-1,-1,9,3,1,2021,8.0,2,2,0,1,7,26,1,,4,MAURICE LABROUSSE (RUE),0,,3,2,0,2,0,0,1,, -1,1,0,1,50,2,11,2,92,92002,2,1,0,6,MAURICE LABROUSSE (RUE),48.75449,2.29881,16,2,1
202100016601,171Â 960,A01,10,3,2,9,0,-1,-1,1,2,1,2021,60.0,2,1,0,1,3,5,1,,4,,-1,,2,2,0,1,(1),(1),1,,4,1,0,1,50,27,9,1,59,59400,2,1,0,6,68 Rue Jean Jaures,50.6417953353,2.6513184842,18,2,1
202100029720,148Â 670,B01,1,1,1,5,2,0,-1,-1, -1,-1,2021,43.0,2,1,0,2,1,2,1,,7,A507 sens Aubagne- Marseille,0,,-1,3,0,1,2,200,1,, -1,1,1,1,70,9,7,1,13,13055,1,1,0,2,A507 sens Aubagne- Marseille,43.33804,5.39243,17,2,2
202100049993,112Â 383,B01,10,3,1,5,0,-1,-1,1,9,1,2021,20.0,3,5,0,1,2,1,1,,4,TILLEULS,0,,2,2,0,1,(1),(1),1,, -1,1,0,1,50,25,2,1,95,95280,2,2,0,6,Avenue des Tilleuls,49.0349888583,2.4677932262,15,3,2
202100021739,162Â 775,B01,1,1,1,0,1,0,-1,-1, -1,-1,2021,39.0,1,2,0,2,1,2,1,,1,AUTOROUTE A86,0,,1,2,0,1,51,630,1,, -1,1,1,1,70,31,8,2,94,94034,1,1,0,4,AUTOROUTE A86,48.76053,2.31962,7,3,3
202100003765,195Â 028,A01,1,1,2,5,5,1,-1,0,0,-1,2021,67.0,2,2,16,0,1,21,1,,3,55,0,,2,2,0,2,33,100,3,, -1,2,0,8,80,10,12,3,57,57691,1,1,1,7,D55 PK33+100,49.239475,6.513594,23,1,1
202100039836,130Â 376,A01,5,2,1,4,1,0,-1,0,0,-1,2021,25.0,3,5,0,2,7,1,1,,4,AVENUE DES CHAMPS ELYSEES,0,,2,8,0,1,0,0,1,, -1,1,0,1,50,14,5,1,75,75108,2,2,0,3,AVENUE DES CHAMPS ELYSEES,48.867797,2.313906,12,7,2
202100012903,178Â 666,A01,10,3,2,5,0,-1,-1,1,1,1,2021,6.0,2,2,0,1,8,1,1,,4,PRIMEVERES (RUE DES),0,,2,1,0,1,0,0,1,, -1,1,0,1,30,16,10,1,92,92002,2,1,0,6,PRIMEVERES (RUE DES),48.7607664372,2.2895616003,18,2,1
202100032005,144Â 536,A01,1,1,1,0,2,-1,-1,-1, -1,-1,2021,28.0,1,1,0,2,1,2,3,,4,,0,,2,2,0,1,0,0,1,, -1,1,0,1,50,27,6,1,92,92012,2,1,0,2,JEAN JAURES (BOULEVARD) 217/FIN - 210/FI,48.8278374323,2.24679932,20,2,2
202100045532,120Â 355,A01,1,1,1,9,2,0,-1,-1, -1,-1,2021,57.0,1,1,0,2,2,2,1,,3,BADUEL (ROUTE DE),0,,2,1,0,1,2,50,1,, -1,1,0,1,50,1,4,1,973,97302,2,1,0,2,BADUEL (ROUTE DE),4.93457,-52.31139,15,2,2
202100042218,126Â 161,A01,10,3,1,0,0,-1,-1,2,3,1,2021,22.0,2,1,0,1,1,1,1,,3,PAUL VAILLANT COUTURIER (AV),0,,2,1,0,2,0,0,1,, -1,1,0,1,50,28,4,5,94,94003,2,1,0,1,PAUL VAILLANT COUTURIER (AV),48.80218,2.33848,5,2,1
202100013690,177Â 231,B01,1,1,1,9,2,6,-1,0,0,-1,2021,49.0,2,1,0,2,2,3,1,,4,AVENUE LEDRU ROLLIN,0,,2,2,0,1,(1),(1),1,, -1,1,0,1,30,12,10,1,75,75112,2,1,0,3,AVENUE LEDRU ROLLIN,48.84934,2.373801,8,2,2
202100009096,185Â 448,A01,1,1,1,5,8,0,-1,-1, -1,-1,2021,41.0,3,1,0,2,1,5,5,,4,BONNIN (AVENUE JEAN),0,,1,4,0,1,(1),(1),2,, -1,1,5,1,50,6,11,5,37,37233,2,6,0,1,BONNIN (AVENUE JEAN),47.3957377514,0.7107000083,2,2,2
202100026417,154Â 477,A01,1,1,1,0,2,0,-1,-1, -1,-1,2021,24.0,3,1,0,9,3,21,1,,2,GENERAL DE GAULLE(AVENUE),0,,2,2,0,2,(1),(1),1,, -1,1,0,1,50,29,7,5,974,97416,2,9,0,6,GENERAL DE GAULLE(AVENUE),-21.3573012213,55.5197171133,22,1,1
202100011337,181Â 461,A01,2,2,1,4,1,8,-1,-1, -1,-1,2021,41.0,1,5,0,0,0,14,1,,2,RN2,0,,3,2,0,1,55,259,1,, -1,2,0,3,80,18,5,1,2,2294,1,1,1,7,RN2,49.520288,3.586921,11,4,1
202100041332,127Â 726,A01,10,3,1,5,0,-1,-1,2,9,2,2021,18.0,1,3,0,1,2,15,1,1.0,4,ROGER SALENGRO NÂ° 94 - FIN,0,,2,2,0,1,0,0,1,, -1,1,0,1,30,15,4,5,93,93029,2,1,0,6,ROGER SALENGRO NÂ° 94 - FIN,48.91421,2.43622,0,2,1
202100025059,156Â 863,B01,1,1,1,5,2,-1,-1,0,0,-1,2021,46.0,3,1,0,0,3,1,5,,4,,-1,,2,2,0,1,(1),(1),1,,4,1,0,1,50,8,8,1,42,42279,2,1,0,3,Chemin des Unchats,45.494371,4.237048,10,2,2
202100006138,190Â 839,A01,1,1,2,5,1,-1,-1,0,0,-1,2021,33.0,1,2,0,2,3,19,1,,3,964,-1,,2,2,0,1,5,900,1,, -1,2,5,1,80,27,11,1,82,82159,1,2,1,3,D964,44.122962,1.586012,10,4,2
202100040880,128Â 553,B01,1,1,2,5,1,0,-1,-1, -1,-1,2021,36.0,1,2,0,2,4,2,1,,3,118,0,,2,2,0,1,0,0,1,, -1,1,0,1,50,7,5,1,91,91432,2,1,0,2,AV CHARLES DE GAULLE,48.705375,2.343757,19,2,2
202100055596,102Â 478,A01,2,2,2,5,1,-1,-1,0,0,-1,2021,80.0,2,2,0,2,3,19,1,,3,938,-1,T,2,2,0,1,42,350,1,, -1,1,0,1,80,11,1,3,85,85005,1,9,0,3,La LevraudiÃ¨re,46.63771,-0.75643,17,4,2
202100033114,142Â 562,A01,1,1,1,0,8,-1,-1,0,0,-1,2021,38.0,3,2,6,0,1,1,1,,4,,0,,2,2,0,1,(1),(1),1,, -1,1,0,8,-1,22,6,1,80,80241,1,1,0,6,Domart-en-Ponthieu,50.058434,2.115008,7,2,1
202100027019,153Â 418,B01,1,1,1,4,1,-1,-1,0,0,-1,2021,34.0,2,2,0,0,4,23,1,,2,205,-1,,2,2,0,1,3,600,1,, -1,1,0,1,50,27,7,1,202,202042,2,1,0,2,Avenue de Borgo - Route territoriale 205,42.564089,9.441043,12,4,2
202100005675,191Â 653,A01,2,2,2,5,1,-1,-1,0,0,-1,2021,31.0,2,2,0,9,4,2,1,,1,151,-1,,3,4,0,1,5,650,1,, -1,1,0,1,130,29,11,1,76,76245,1,9,0,5,A 151 - PK 005+650,49.545776,1.03735,10,4,3
202100025581,155Â 950,A01,1,1,1,0,8,-1,-1,-1, -1,-1,2021,35.0,3,2,3,0,1,26,1,,4,VERDUN PERRACHE                     (VO),0,,4,5,0,2,(1),(1),2,, -1,2,0,3,50,4,8,5,69,69382,2,9,1,6,VERDUN PERRACHE (CR),45.7487,4.8283,5,1,1
202100008788,186Â 036,B01,1,1,1,5,2,6,-1,0,0,-1,2021,16.0,2,1,0,2,1,1,1,,3,80,-1,D,2,2,0,1,2,500,1,, -1,1,0,1,80,9,11,3,51,51525,1,1,1,1,D80,48.9090372306,4.3989139795,18,2,2
202100030530,147Â 191,A01,1,1,1,0,2,-1,-1,-1, -1,-1,2021,28.0,1,1,0,2,1,1,1,,4,TILSITT                             (QU),0,,1,2,3,1,(1),(1),1,, -1,1,0,6,50,5,7,5,69,69382,2,1,0,2,TILSITT (Q),45.75702,4.82712,0,2,2
202100016958,171Â 313,A01,1,1,1,0,1,0,-1,0,0,-1,2021,43.0,3,2,1,0,1,5,1,,4,avenue des mÃ©tiers,0,,2,2,0,2,(1),(1),1,, -1,1,0,1,50,24,9,3,27,27701,2,1,0,1,avenue des mÃ©tiers,49.24837,1.17426,22,3,2
202100032317,143Â 993,B01,1,1,2,9,2,0,-1,0,0,-1,2021,48.0,2,1,0,2,3,13,5,,4,BOULEVARD DE CLICHY,0,,3,2,3,1,(1),(1),1,, -1,1,0,6,50,25,6,1,75,75109,2,2,0,3,BOULEVARD DE CLICHY,48.883759,2.332282,20,2,2
202100043496,123Â 912,A01,1,1,1,5,2,6,-1,0,0,-1,2021,64.0,1,1,0,2,1,1,1,,3,978,-1,,2,2,0,3,58,200,1,, -1,1,0,1,80,20,4,1,71,71005,1,1,0,2,Le Roc Blanc,46.836006,4.689628,15,2,2
202100021936,162Â 415,A01,1,1,1,0,1,0,-1,-1, -1,-1,2021,48.0,1,2,13,0,0,0,1,,3,SAINT THOMAS ROUTE DE,0,,2,2,0,1,10,0,1,, -1,1,0,3,80,29,8,2,17,17415,1,1,0,6,SAINT THOMAS ROUTE DE,45.782445,-0.664821,21,1,1
202100013897,176Â 860,A01,5,2,2,9,0,0,-1,-1, -1,-1,2021,50.0,2,3,0,1,2,1,2,2.0,3,VICTOR HUGO (AV),0,,2,2,3,1,0,1,1,, -1,1,0,1,30,11,10,5,94,94022,2,1,0,6,Avenue Victor Hugo,48.76873,2.42049,21,3,1
202100003268,195Â 924,A01,1,1,1,0,1,0,-1,-1, -1,-1,2021,31.0,3,2,9,0,1,1,1,,4,VARIOT (RUE DU DOCTEUR),0,,1,1,0,1,1,0,1,, -1,2,0,1,30,12,12,2,93,93064,2,1,1,6,VARIOT (RUE DU DOCTEUR),48.87835,2.49086,16,1,1
202100051643,109Â 379,B01,1,1,2,0,1,0,-1,-1, -1,-1,2021,55.0,1,2,14,2,6,19,1,,3,MANDELA  (BOULEVARD),0,,3,2,0,1,0,1,1,, -1,1,0,1,30,12,2,1,973,97302,2,2,0,3,MANDELA  (BOULEVARD),4.93994,-52.32667,14,2,2
202100026317,154Â 649,B01,1,1,1,1,2,-1,-1,0,0,-1,2021,24.0,1,1,0,2,1,1,1,,4,PONTANIOU,0,,2,2,0,1,(1),(1),1,, -1,1,5,1,50,30,7,1,29,29019,2,9,0,1,Rue de Pontaniou,48.38904,-4.499656,15,2,2
202100010010,183Â 809,B01,1,1,1,5,8,0,-1,-1, -1,-1,2021,52.0,2,1,0,0,0,1,0,,3,CHARTRES (RUE DE,0,,2,2,2,1,3,590,1,, -1,2,9,1,50,29,10,1,78,78486,2,1,1,6,CHARTRES (RUE DE,48.68914,1.85153,12,2,2
202100042679,125Â 344,A01,1,1,2,5,1,0,-1,0,0,-1,2021,37.0,2,2,8,0,1,21,1,,2,PETIT BOIS (RUE DU),0,,1,2,0,1,36,1000,1,, -1,1,0,4,50,24,4,3,71,71040,1,1,0,6,N70,46.69123,4.38113,23,1,1
202100022818,160Â 821,B01,1,1,1,1,8,0,-1,0,0,-1,2021,20.0,3,1,0,2,0,0,3,,4,DIGUE DES FRANCAIS (TRAV. DE LA),0,,2,4,0,1,(1),(1),1,, -1,1,2,1,50,23,8,5,6,6088,2,1,0,1,DIGUE DES FRANCAIS (TRAV. DE LA),43.676823,7.201484,21,2,2
202100020199,165Â 530,A01,1,1,1,0,8,0,-1,-1, -1,-1,2021,26.0,1,2,0,2,1,2,1,,2,RN 104,0,,3,2,0,1,48,0,1,, -1,1,0,1,110,8,9,1,91,91570,1,1,0,4,RN 104,48.62527,2.30944,9,3,3
202100050494,111Â 440,A01,10,3,1,5,0,-1,-1,1,3,2,2021,4.0,3,2,0,1,1,1,3,,4,VICTOR HUGO (ALLEE),0,,2,1,0,1,0,0,1,, -1,1,0,1,30,23,2,1,93,93014,2,1,0,6,VICTOR HUGO (ALLEE),48.9074433949,2.5443007194,17,2,1