Num_Acc,id_vehicule,num_veh,place,catu,sexe,trajet,secu1,secu2,secu3,locp,actp,etatp,year_acc,victim_age,senc,catv,obs,obsm,choc,manv,motor,occutc,catr,voie,v1,v2,circ,nbv,vosp,prof,pr,pr1,plan,lartpc,larrout,surf,infra,situ,vma,jour,mois,lum,dep,com,agg_,int,atm,col,adr,lat,long,hour,nb_victim,nb_vehicules
202100016744,171Â 692,A01,1,1,2,5,0,-1,-1,0,0,-1,2021,52.0,1,2,2,0,1,1,1,,4,,-1,,2,2,0,3,(1),(1),1,,4,1,0,1,50,27,9,1,42,42147,2,1,0,6,Avenue de Pleuvey,45.6059088327,4.0773921442,10,1,1
202100004790,193Â 215,A01,1,1,1,5,2,8,-1,-1, -1,-1,2021,49.0,1,1,14,0,1,1,1,,4,Corniche John FitzgÃ©rald Kennedy,0,,2,2,0,1,(1),(1),1,, -1,2,0,1,50,4,12,5,13,13207,2,1,1,7,Corniche John FitzgÃ©rald Kennedy,43.28296,5.3505,2,1,1
202100003026,196Â 374,A01,10,3,1,3,0,-1,-1,3,1,1,2021,80.0,2,2,0,1,1,15,1,,3,935,0,D,2,2,0,1,63,200,1,, -1,1,5,1,50,16,12,1,65,65059,2,3,0,6,"19, allÃ©es jean JAURES",43.0659165339,0.1523974165,15,2,1
202100013411,177Â 760,A01,1,1,1,0,1,0,-1,-1, -1,-1,2021,36.0,2,2,0,2,0,0,1,,3,SALENGRO (AVENUE ROGER),0,,1,2,0,1,0,1,1,, -1,1,0,1,50,13,10,1,93,93027,2,6,0,2,SALENGRO (AVENUE ROGER),48.93557,2.38734,14,2,2
202100053616,105Â 884,A01,1,1,2,4,1,0,-1,-1, -1,-1,2021,23.0,3,2,0,2,3,16,1,,4,JOYEUX (PLACE DES),0,,2,2,0,4,1,0,1,, -1,1,0,1,50,26,1,1,13,13211,2,3,0,3,RTE D' ALLAUCH,43.3073995503,5.501158283,12,2,2
202100028845,150Â 158,A01,1,1,1,9,2,6,-1,0,0,-1,2021,47.0,1,1,0,2,1,18,1,,4,MARCEL PAGNOL (AVENUE),0,,2,2,0,2,(1),(1),1,, -1,1,0,1,50,15,7,1,6,6069,2,1,0,5,MARCEL PAGNOL (AVENUE),43.645364,6.944271,18,3,3
202100037640,134Â 376,A01,1,1,1,5,2,6,-1,0,0,-1,2021,42.0,1,1,8,0,1,1,1,,3,D749,-1,,2,2,0,1,18,400,2,, -1,1,0,3,80,30,5,1,37,37082,1,1,0,6,Les Gascogneries,47.4048331443,0.2240717411,13,1,1
202100049097,113Â 993,A01,1,1,2,5,1,8,-1,-1, -1,-1,2021,43.0,1,2,12,2,1,9,1,,4,JAURES (PLACE JEAN),0,,1,2,0,1,(1),(1),2,, -1,2,0,1,50,3,3,1,37,37261,2,1,1,5,JAURES (PLACE JEAN),47.389916564,0.6882856208,13,4,3
202100055083,103Â 354,A01,10,3,1,5,0,-1,-1,3,3,1,2021,15.0,1,2,0,1,2,1,1,,4,FRANCEVILLE  (RUE DE),0,,2,1,0,1,1,0,1,, -1,2,0,1,50,12,1,5,93,93032,2,8,1,6,FRANCEVILLE  (RUE DE),48.89035,2.54594,17,2,1
202100044517,122Â 137,B01,1,1,2,5,1,8,-1,0,0,-1,2021,20.0,2,2,0,2,1,1,1,,3,26,0,,2,2,0,1,6,400,3,, -1,1,0,1,90,9,4,1,45,45139,1,1,0,1,D26-PR 6 + 400,48.185708,2.312155,18,2,2
202100006918,189Â 401,A01,10,3,2,5,0,-1,-1,4,3,2,2021,87.0,1,2,0,1,1,1,1,,4,POISSONNERIE,0,,2,2,0,1,1,0,1,, -1,2,0,1,30,21,11,5,49,49007,2,1,1,6,POISSONNERIE,47.4727,-0.55709,19,4,1
202100030845,146Â 628,B01,1,1,1,5,1,8,-1,-1, -1,-1,2021,33.0,1,2,0,2,1,1,1,,1,ECHANGEUR SESQUIERES (A62-A620),0,,3,2,0,1,0,10,1,, -1,2,3,1,50,4,7,3,31,31555,2,1,1,3,ECHANGEUR SESQUIERES (A62-A620),43.64795,1.42203,2,5,2
202100022444,161Â 519,B01,1,1,1,0,2,6,-1,0,0,-1,2021,21.0,2,1,0,2,2,0,0,,4,BERTHELOT (BOULEVARD),0,,-1,2,0,1,(1),(1),1,, -1,1,5,1,50,26,8,5,34,34172,2,2,0,3,Avenue de Maurin,43.59973,3.87547,22,3,2
202100024456,157Â 961,A01,1,1,1,5,2,6,-1,0,0,-1,2021,70.0,2,1,0,2,2,1,5,,3,3,-1,,2,2,0,1,10,68,1,, -1,1,0,1,80,11,8,1,67,67263,1,1,0,6,D3,49.031516,7.75933,17,2,2
202100049520,113Â 238,A01,1,1,1,5,2,6,-1,0,0,-1,2021,20.0,1,1,8,0,1,12,1,,4,BOULEVARD PERIPHERIQUE INTERIEUR OUEST,0,,1,4,0,1,(1),(1),3,, -1,2,1,1,70,2,3,1,75,75116,2,4,0,6,BOULEVARD PERIPHERIQUE INTERIEUR OUEST,48.835182,2.260879,14,1,1
202100024248,158Â 325,A01,1,1,1,5,1,-1,-1,0,0,-1,2021,81.0,0,2,12,0,9,15,1,,4,SAINT LEU (RUE),0,,2,3,0,1,(1),(1),1,, -1,1,0,1,50,11,8,1,80,80021,2,1,0,7,SAINT LEU (RUE),49.89681,2.30027,14,2,1
202100049844,112Â 644,A01,1,1,1,0,2,6,-1,-1, -1,-1,2021,20.0,2,1,0,2,1,2,1,,1,13,0,,3,6,0,1,7,0,1,, -1,1,0,1,110,28,2,1,92,92047,1,1,0,2,A13,48.8345922746,2.1716273344,13,3,2
202100025990,155Â 222,A01,1,1,1,5,2,-1,-1,0,0,-1,2021,17.0,1,1,0,2,4,26,1,,4,LOC' H ROUTE DU,0,,2,2,0,1,(1),(1),1,, -1,1,0,1,50,31,7,1,29,29232,2,1,0,2,Route du Loc H,48.0106,-4.09455,19,2,2
202100055757,102Â 200,A01,10,3,1,2,0,-1,-1,5,1,1,2021,15.0,2,2,0,1,3,13,1,,4,BELLEVUE(RUE),0,,1,1,0,2,0,100,1,, -1,1,0,1,30,8,1,1,91,91691,2,9,0,6,BELLEVUE(RUE),48.71723,2.48235,8,2,1
202100026876,153Â 678,A01,1,1,2,5,1,-1,-1,0,0,-1,2021,59.0,1,2,0,2,3,0,1,,3,6,-1,,2,2,0,1,(1),(1),1,, -1,1,0,1,70,9,6,1,22,22112,1,1,0,1,D6,48.6499441389,-3.010318278,14,2,2
202100042553,125Â 567,A01,10,3,2,3,0,-1,-1,3,3,1,2021,79.0,1,5,0,1,3,1,1,,7,59,0,,2,2,0,1,0,0,1,, -1,1,9,1,50,26,4,1,13,13107,2,1,0,1,Avenue du GÃ©nÃ©ral de Gaulle,43.427583,5.442173,9,2,1
202100027913,151Â 815,A01,10,3,2,0,0,-1,-1,4,5,1,2021,28.0,1,2,0,1,7,1,1,,4,FOCH (AVENUE 2 A 16,0,,1,2,0,1,(1),(1),1,, -1,1,0,1,50,19,7,1,54,54395,2,9,0,6,FOCH (AVENUE 2 A 16,48.6882832023,6.1734674871,20,2,1
202100028061,151Â 554,B01,2,2,1,5,2,-1,-1,0,0,-1,2021,21.0,1,1,0,2,1,1,1,,3,211,-1,D,2,2,0,1,7,590,2,, -1,1,2,1,50,20,7,1,33,33322,1,1,0,1,allÃ©e Montesquieu,44.961792,-0.649545,19,3,2
202100004665,193Â 438,A01,1,1,1,0,1,0,-1,-1, -1,-1,2021,35.0,3,1,0,2,1,17,1,,4,mamoudzou centre-Republique (Place ),0,,2,2,0,1,0,0,1,, -1,1,0,1,50,3,12,1,976,97611,2,1,0,2,mamoudzou centre-Republique (Place ),-12.77888,45.23227,6,2,2
202100053349,106Â 361,A01,10,3,2,1,0,-1,-1,4,3,1,2021,65.0,2,1,0,1,1,1,1,,4,AVENUE PIERRE 1ER DE SERBIE,0,,3,2,0,1,(1),(1),1,, -1,2,0,1,50,27,1,5,75,75116,2,7,1,6,AVENUE PIERRE 1ER DE SERBIE,48.864878,2.294112,19,2,1
202100003960,194Â 668,A01,1,1,1,0,1,8,-1,-1, -1,-1,2021,21.0,3,2,1,0,1,13,1,,4,UNIVERSITE CHICAGO (RUE DE),0,,1,1,0,1,(1),(1),3,, -1,1,9,1,50,8,12,1,973,97302,2,1,0,4,UNIVERSITE CHICAGO (RUE DE),4.9343419926,-52.2989493013,13,4,4
202100049147,113Â 907,A01,1,1,1,0,2,6,-1,-1, -1,-1,2021,22.0,1,1,0,2,3,3,1,,3,ALBERT-DHALENNE (RUE),0,,3,4,0,1,0,1,1,, -1,1,0,1,50,5,3,1,93,93070,2,1,0,2,ALBERT-DHALENNE (RUE),48.914970768,2.331632667,13,2,2
202100004526,193Â 685,B01,4,2,2,5,1,0,-1,-1, -1,-1,2021,18.0,3,2,0,2,1,2,1,,4,SALYENS ( AVENUE DES ),0,,2,2,0,1,0,9,1,, -1,2,0,1,50,4,12,1,13,13117,2,1,1,4,SALYENS ( AVENUE DES ),43.44173,5.25308,15,5,3
202100008615,186Â 341,A01,10,3,2,0,0,-1,-1,5,3,1,2021,74.0,0,2,0,1,2,9,0,,4,VINCENT-PALARIC(RUE),0,,1,0,0,1,0,0,1,, -1,1,0,1,10,10,11,1,93,93070,2,1,0,6,Rue Vincent Palaric,48.90596,2.34615,7,2,1
202100041054,128Â 229,B01,1,1,1,3,2,8,-1,-1, -1,-1,2021,30.0,2,1,1,2,1,1,1,,4,FELIX FAURE                         (AV),0,,2,3,1,1,(1),(1),1,, -1,2,0,1,50,6,5,1,69,69383,2,1,1,5,FELIX FAURE (AV),45.75288,4.85289,12,4,4
202100001663,198Â 832,A01,4,2,2,5,0,-1,-1,0,0,-1,2021,19.0,2,2,0,0,8,2,1,,2,RN1,0,,2,1,0,3,34,0,2,, -1,2,0,3,-1,24,12,3,971,97114,1,1,1,7,RN1,16.1402659057,-61.5819525719,23,12,2
202100028934,150Â 013,B01,2,2,1,3,2,6,9,0,0,-1,2021,14.0,0,1,6,2,2,21,1,,3,1086,-1,,2,2,0,1,1,500,1,, -1,1,0,1,70,15,7,1,42,42265,1,3,0,1,Route de Verlieu,45.444593,4.75215,10,3,2
202100010847,182Â 338,B01,1,1,1,0,8,0,-1,-1, -1,-1,2021,43.0,2,2,0,2,8,15,1,,4,,0,,2,2,0,2,(1),(1),1,, -1,1,0,1,50,25,10,1,69,69388,2,3,0,3,NARVIK (DE) (R),45.7290228101,4.8857545855,17,2,2
202100039655,130Â 710,A01,4,2,2,5,3,-1,-1,0,0,-1,2021,2.0,2,2,0,2,1,0,1,,1,6,-1,,3,5,0,1,56,300,4,, -1,2,0,1,130,17,5,1,77,77339,1,1,1,6,Autoroute A6 PK 056+300 sens province vers Paris,48.374953,2.562046,7,4,2
202100014602,175Â 615,A01,10,3,2,0,0,-1,-1,3,3,1,2021,12.0,2,2,0,1,1,1,1,,4,SOULAS (AVENUE LOUIS JOSEPH),0,,2,3,0,1,(1),(1),1,, -1,1,0,1,50,7,10,1,45,45284,2,1,0,6,Avenue Louis-Joseph Soulas,47.90806,1.96823,17,2,1
202100017413,170Â 503,B01,1,1,1,0,1,0,-1,-1, -1,-1,2021,14.0,2,1,0,2,0,0,0,,3,VALLEE DE LA BIEVRES (VOIE DE LA),0,,1,1,0,1,0,0,2,, -1,1,0,1,50,22,9,1,91,91645,2,6,0,2,VALLEE DE LA BIEVRES (VOIE DE LA),48.735697,2.238067,18,2,2
202100026795,153Â 827,B01,1,1,1,1,2,0,-1,-1, -1,-1,2021,34.0,1,1,0,2,3,1,5,,4,AUGUSTE BLANQUI    (Avenue),0,,1,1,2,1,(1),(1),1,, -1,1,0,5,50,27,7,1,69,69266,2,1,0,3,AUGUSTE BLANQUI (AV),45.7627918033,4.8846656306,13,2,2
202100046103,119Â 351,A01,2,2,1,0,1,0,-1,-1, -1,-1,2021,18.0,2,2,13,0,1,16,1,,7,ÃCHANGEUR DU RONDEAU,0,,1,1,0,1,3,500,3,, -1,1,3,8,70,29,3,3,38,38151,1,1,0,7,Echangeur du Rondeau,45.15904,5.70222,23,2,1
202100023600,159Â 450,A01,1,1,1,9,2,6,-1,0,0,-1,2021,42.0,1,1,0,0,0,1,3,,2,RN 814,0,,2,4,3,1,1,0,1,, -1,1,3,2,70,17,8,1,14,14118,1,1,0,7,N814,49.196,-0.37962,18,1,1
202100025718,155Â 714,B01,1,1,1,1,2,6,-1,-1, -1,-1,2021,53.0,2,1,0,2,1,17,1,,3,AVENUE DE LA CORNICHE D'AZUR,0,,2,1,0,1,111,160,1,, -1,1,0,1,50,3,8,1,83,83061,2,3,0,3,AVENUE DE LA CORNICHE D'AZUR,43.3820670976,6.7221978307,7,4,2
202100000849,200Â 217,A01,10,3,2,1,8,8,-1,1,1,1,2021,60.0,1,2,0,1,6,4,1,,4,PRIMEROSE (AVENUE),0,,2,2,0,1,0,0,1,, -1,1,0,1,50,28,12,1,83,83123,2,1,0,6,PRIMEROSE (AVENUE),43.1185,5.80909,16,2,1
202100050576,111Â 282,B01,1,1,1,5,2,6,-1,-1,0,-1,2021,38.0,1,1,0,2,1,1,1,,3,CD 17,0,,2,2,0,2,1,0,1,, -1,1,0,1,70,21,2,1,57,57306,1,1,0,2,RD 17 ,49.3151,6.0783,14,2,2
202100017553,170Â 250,A01,1,1,1,5,2,6,-1,0,0,-1,2021,25.0,2,1,0,0,0,1,1,,3,518,-1,,2,2,0,4,41,390,2,, -1,1,0,1,80,23,9,1,26,26069,1,1,0,7,Route du Col de Rousset,44.833809,5.393429,11,1,1
202100049657,112Â 980,B01,1,1,1,1,2,6,-1,0,0,-1,2021,62.0,2,1,0,2,8,1,1,,4,ECHANGEUR BERCY,0,,1,2,0,4,(1),(1),1,, -1,1,0,1,50,1,3,1,75,75112,2,4,0,3,ECHANGEUR BERCY,48.8278710002,2.3887270689,11,2,2
202100035346,138Â 527,B01,2,1,1,9,2,0,-1,-1, -1,-1,2021,39.0,1,1,0,2,1,1,1,,3,VAILLANT-COUTURIER (AVENUE PAUL),0,,3,4,1,2,0,1,1,, -1,1,2,1,50,10,6,1,93,93027,2,1,0,3,Avenue Paul Vaillant Couturier,48.92,2.41,19,2,2
202100004799,193Â 201,A01,1,1,1,0,8,0,-1,0,0,-1,2021,22.0,1,1,1,0,0,0,0,,4,MADELEINE (BD DE LA),0,,3,4,0,1,(1),(1),1,, -1,1,0,1,50,4,12,1,6,6088,2,1,1,6,MADELEINE (BD DE LA),43.706855,7.231973,13,2,1
202100001447,199Â 196,A01,1,1,1,1,1,-1,-1,-1,0,-1,2021,50.0,3,2,0,2,3,19,1,,3,AV DU GENERAL DE GAULLE,0,,3,4,0,1,6,500,1,, -1,1,0,1,50,24,12,5,95,95268,2,2,0,3,AV DU GENERAL DE GAULLE,48.97667,2.39203,1,2,2
202100022680,161Â 076,D01,2,2,1,0,1,0,-1,-1, -1,-1,2021,26.0,2,2,0,2,4,1,1,,1,AUTOROUTE A6B,0,,1,2,0,1,0,500,1,, -1,1,0,1,70,25,8,1,94,94043,1,1,0,4,AUTOROUTE A6B,48.81463,2.35574,15,5,4
202100012744,178Â 935,A01,1,1,1,4,1,-1,-1,0,0,-1,2021,41.0,1,2,0,0,4,1,1,,1,11,0,A,3,2,0,4,237,500,1,,10,1,0,3,130,17,10,1,49,49188,1,1,0,7,A11 - PK 237+500,47.59534,-0.31517,11,1,1
202100009570,184Â 602,B01,1,1,1,5,2,0,-1,-1, -1,-1,2021,26.0,1,1,0,2,1,1,1,,3,BADUEL (ROUTE DE),0,,2,2,0,1,1,200,1,, -1,1,0,1,50,2,11,4,973,97302,2,2,0,1,BADUEL (ROUTE DE),4.9392893231,-52.3183321953,22,2,2
202100035703,137Â 893,B01,1,1,1,0,2,6,-1,-1, -1,-1,2021,14.0,3,1,0,2,1,1,1,,3,HENRI DE NAVARRE (AVENUE),0,,2,4,0,2,4,435,1,, -1,1,0,1,50,8,6,1,64,64102,2,2,0,3,HENRI DE NAVARRE (AVENUE),43.49408,-1.45254,8,2,2
202100019553,166Â 682,A01,1,1,1,5,1,-1,-1,0,0,-1,2021,22.0,1,2,2,0,1,1,1,,3,12,-1,D,2,2,0,1,5,552,1,, -1,1,0,3,80,12,9,1,47,47043,1,1,0,6,Route de Thouars,44.258409,0.311061,9,1,1
202100020103,165Â 691,B01,1,1,2,9,8,0,-1,0,0,-1,2021,25.0,3,0,0,2,2,1,3,,4,PLACE DE LA PORTE DE SAINT CLOUD,0,,1,1,1,1,(1),(1),3,, -1,1,0,5,30,8,9,1,75,75116,2,7,0,3,PLACE DE LA PORTE DE SAINT CLOUD,48.838421,2.257033,17,2,2
202100021035,164Â 062,A01,1,1,1,4,2,8,-1,-1, -1,-1,2021,51.0,1,1,0,2,2,2,1,,3,KERMELO (PONT),0,,3,4,0,1,0,965,1,, -1,1,2,1,70,3,9,1,56,56121,2,1,0,2,KERMELO (PONT),47.73169,-3.38624,8,2,2
202100031060,146Â 222,B01,2,2,1,5,1,8,-1,-1, -1,-1,2021,12.0,1,2,0,2,4,1,1,,4,LE MAUX ( BD JEAN ),0,,3,2,0,1,(1),(1),1,, -1,1,0,1,30,3,7,1,56,56121,2,1,0,2,LE MAUX ( BD JEAN ),47.75689,-3.38632,14,3,2
202100018679,168Â 254,A01,1,1,1,5,1,-1,-1,0,0,-1,2021,25.0,1,2,0,0,2,1,1,,3,99,-1,,2,2,0,1,51,280,2,, -1,2,0,3,80,16,9,3,54,54472,1,1,0,7,D99,48.5586876172,6.6114091875,20,2,1
202100018608,168Â 375,C01,1,1,1,1,2,0,-1,0,0,-1,2021,33.0,1,1,0,2,1,2,5,,4,COURS DE VINCENNES,0,,3,3,0,1,(1),(1),1,, -1,1,0,1,30,16,9,5,75,75112,2,2,0,5,COURS DE VINCENNES,48.8480921572,2.3991871743,21,3,3
202100037989,133Â 757,B01,1,1,2,1,2,0,-1,-1, -1,-1,2021,23.0,1,1,0,2,0,1,1,,3,LAYATS (AVENUE DE),0,,1,2,0,1,24,0,1,, -1,1,0,1,50,26,5,3,64,64483,2,9,0,6,LAYATS (AVENUE DE),43.3995,-1.64069,23,2,2
202100045121,121Â 083,B01,1,1,1,5,2,6,-1,-1, -1,-1,2021,40.0,2,1,11,0,1,1,1,,3,RTE DE SAINT MAMMES,0,,-1,2,0,1,17,410,1,, -1,1,9,1,50,3,4,1,77,77316,2,1,0,7,RTE DE SAINT MAMMES,48.374201,2.820407,17,2,2
202100045844,119Â 811,B01,1,1,1,5,2,-1,-1,0,0,-1,2021,16.0,3,1,0,2,3,1,1,,3,50,-1,,2,2,0,2,2,570,1,, -1,1,0,1,90,1,4,1,61,61081,1,4,0,3,Les Cocagnes,48.629094,0.199599,18,3,2
202100053198,106Â 644,B01,1,1,2,0,1,8,-1,-1, -1,-1,2021,34.0,1,2,0,2,4,1,1,,4,BELGIQUE (RUE  DE ),0,,2,2,0,1,(1),(1),1,, -1,2,0,1,30,29,1,1,56,56121,2,3,0,2,BELGIQUE (RUE  DE ),47.75909,-3.37919,8,2,2
202100018197,169Â 084,A01,1,1,1,4,2,0,-1,-1, -1,-1,2021,24.0,1,1,0,2,2,1,1,,4,,0,,2,2,0,1,0,0,1,, -1,1,0,1,50,18,9,2,92,92035,2,1,0,3,MÃ©dÃ©ric ( rue ),48.9118201682,2.2507287562,19,2,2
202100050289,111Â 816,B01,1,1,1,0,2,6,-1,-1, -1,-1,2021,35.0,2,1,0,2,3,3,1,,1,6B,0,,1,2,0,1,3,799,1,, -1,1,0,1,90,25,2,1,94,94038,1,1,0,3,AUTOROUTE A6B,48.7845,2.347,9,2,2
202100003638,195Â 246,B01,1,1,1,0,2,6,-1,-1, -1,-1,2021,20.0,1,1,0,2,1,1,1,,4,CLEMENT (RUE JEAN-BAPTISTE) COTE PAIR,0,,2,2,0,2,(1),(1),1,, -1,2,0,1,50,9,12,5,51,51454,2,3,0,3,Rue Jean Baptiste ClÃ©ment,49.2438535801,4.006485343,18,2,2
202100009323,185Â 039,B01,1,1,1,0,1,0,-1,-1, -1,-1,2021,34.0,2,1,0,2,7,1,1,,4,J. GUESDERUE)141A151ET 150A158,0,,1,2,0,1,0,0,1,, -1,1,0,1,50,15,10,1,92,92044,2,2,0,3,J. GUESDERUE)141A151ET 150A158,48.90044,2.28649,9,2,2
202100043934,123Â 143,A01,10,3,2,5,0,-1,-1,4,3,3,2021,11.0,2,2,0,1,2,1,2,,3,SELLIER (BOULEVARD HENRI),0,,1,3,0,1,0,0,1,, -1,1,0,1,50,15,4,1,92,92073,2,1,0,6,SELLIER (BOULEVARD HENRI),48.8655616965,2.2196245193,13,4,1
202100018274,168Â 957,B01,1,1,1,5,2,6,9,0,0,-1,2021,54.0,2,1,0,2,1,1,1,,3,11,-1,,2,2,0,1,10,480,3,,4,1,0,1,50,18,9,1,74,74127,2,4,0,1,Rte de Theozia,46.358637,6.547445,15,2,2
202100013621,177Â 369,B01,1,1,2,0,2,8,-1,-1, -1,-1,2021,17.0,0,1,0,2,4,2,1,,4,,0,,2,2,0,1,(1),(1),3,, -1,1,0,1,70,12,10,1,66,66136,1,1,0,2,POU-DE-LES-COULOBRES (CHEMIN DU),42.6656725877,2.9196073115,8,2,2
202100008621,186Â 332,A01,10,3,2,9,0,-1,-1,4,3,2,2021,9.0,1,2,0,1,1,15,1,,3,986,0,,1,2,0,1,0,0,1,, -1,1,0,1,50,10,11,5,92,92050,2,2,0,6,REPUBLIQUE AVENUE DE LA,48.9030077229,2.2061410546,19,2,1
202100039322,131Â 314,B01,1,1,1,5,0,0,-1,-1, -1,-1,2021,12.0,2,1,0,2,0,19,5,,3,AV YOURI GAGARINE,0,,3,4,0,1,1,0,1,, -1,2,0,1,50,19,5,1,94,94081,2,1,0,3,YOURI GAGARINE (AV),48.7862,2.39179,14,2,2
202100044653,121Â 897,A01,1,1,2,1,1,8,-1,-1, -1,-1,2021,67.0,3,2,0,2,1,26,1,,4,MASCAREIGNES(BOULEVARD),0,,2,2,0,1,0,0,1,, -1,1,0,1,50,7,4,1,974,97407,1,1,0,3,MASCAREIGNES(BOULEVARD),-20.9335,55.30883,14,7,2
202100053657,105Â 823,A01,1,1,2,1,1,-1,-1,0,0,-1,2021,56.0,1,2,0,2,3,13,1,,3,773,-1,,2,2,0,1,25,855,1,, -1,2,0,1,80,26,1,2,44,44013,1,1,1,1,D773,47.398545,-2.09597,17,2,2
202100021904,162Â 474,B01,1,1,1,0,1,6,-1,-1, -1,-1,2021,33.0,2,1,0,2,1,2,1,,1,AUTOROUTE A3,0,,3,8,0,1,1,399,1,, -1,1,1,1,70,30,8,1,93,93006,1,1,0,2,AUTOROUTE A3,48.86931,2.4291,17,3,2
202100011289,181Â 558,A01,1,1,1,5,2,6,-1,0,0,-1,2021,23.0,0,1,0,2,1,1,1,,3,,0,,2,2,0,1,14,700,3,, -1,9,0,1,80,24,10,1,7,7040,1,1,0,1,Route de Lamastre,45.021058,4.691613,17,2,2
202100049504,113Â 265,B01,2,2,1,0,1,0,-1,-1, -1,-1,2021,11.0,0,2,0,2,6,1,1,,4,RUE JEAN COCTEAU ,0,,2,2,0,1,(1),(1),1,, -1,1,0,1,50,28,2,1,31,31557,2,3,0,3,RUE JEAN COCTEAU ,43.59204,1.32036,17,4,2
202100019658,166Â 505,B01,1,1,1,1,2,6,-1,-1, -1,-1,2021,48.0,2,1,0,2,1,17,1,,4,ALAN SEEGER (AVENUE),0,,2,2,0,2,0,0,1,, -1,1,0,1,30,8,9,1,64,64122,2,1,0,3,ALAN SEEGER (AVENUE),43.45684,-1.54422,7,2,2
202100029622,148Â 837,B01,1,1,1,4,2,6,-1,-1, -1,-1,2021,22.0,2,1,0,2,8,1,1,,4,RUE DE TOLBIAC,0,,2,2,0,1,(1),(1),1,, -1,1,0,1,50,10,7,5,75,75113,2,3,0,3,RUE DE TOLBIAC,48.826069,2.355222,4,2,2
202100022756,160Â 925,B01,1,1,2,0,1,0,-1,-1, -1,-1,2021,29.0,0,2,0,2,1,0,1,,4,HENRI BARBUSSE (AVENUE),0,,1,2,0,1,0,0,3,, -1,1,0,1,50,24,8,1,93,93071,2,9,0,1,HENRI BARBUSSE (AVENUE),48.93897,2.53871,15,3,2
202100022037,162Â 239,B01,1,1,1,5,1,-1,-1,-1, -1,-1,2021,60.0,2,2,4,2,4,2,2,,1,A42     0.560 A 4.020,0,,3,4,0,1,2,200,1,,7,1,0,1,90,29,8,3,69,69256,1,1,0,2,A42,45.7930081232,4.9185144424,1,3,2
202100011018,182Â 037,B01,1,1,2,0,1,0,-1,-1, -1,-1,2021,32.0,1,2,0,2,9,1,1,,1,A7-Sens Lyon vers Marseille,0,,1,2,0,1,261,0,1,, -1,1,0,1,110,26,10,1,13,13117,1,1,0,2,A7-Sens Lyon vers Marseille,43.4523010037,5.2380806208,11,3,3
202100046804,118Â 112,B01,1,1,1,0,1,0,-1,-1, -1,-1,2021,66.0,3,2,0,2,6,1,1,,3,RU DE NESLE (BOULEVARD),0,,2,3,0,1,0,1,1,, -1,1,0,1,50,24,3,1,93,93051,2,2,0,3,RU DE NESLE (BOULEVARD),48.83025,2.58481,9,2,2
202100037389,134Â 834,B01,1,1,2,0,1,-1,-1,-1, -1,-1,2021,44.0,2,2,0,2,4,2,1,,1,ROCADE A 630,0,,3,7,0,1,31,545,1,, -1,1,0,1,90,31,5,1,33,33550,1,1,0,4,ROCADE A 630,44.779028,-0.552651,11,3,3
202100019940,165Â 989,A01,1,1,1,3,1,-1,-1,0,0,-1,2021,89.0,1,2,0,2,1,1,1,,3,,-1,,2,-1,0,2,1,800,1,, -1,1,0,1,80,6,9,1,33,33253,1,1,0,1,12 Route de Saint-Macaire,44.627489,-0.306519,15,2,2
202100025233,156Â 555,A01,1,1,1,1,1,0,-1,-1, -1,-1,2021,34.0,1,2,0,0,9,1,1,,2,RN 104,0,,1,4,0,1,36,799,3,, -1,2,0,1,70,7,8,1,91,91340,1,1,1,7,RN 104,48.609,2.43474,20,1,1
202100001272,199Â 488,A01,1,1,2,5,1,-1,-1,-1, -1,-1,2021,20.0,1,2,0,2,3,19,1,,4,GENAS (DE)                          (RO),0,,1,1,0,1,(1),(1),1,, -1,2,0,1,50,26,12,5,69,69383,2,2,1,3,GENAS (DE) (RTE),45.7536,4.8953,17,6,2
202100036724,136Â 068,A01,1,1,1,1,2,-1,-1,0,0,-1,2021,59.0,1,1,2,6,1,15,1,,3,534,-1,,2,2,0,2,8,800,2,, -1,1,0,8,80,31,5,1,7,7217,1,1,0,6,RD534,45.066179,4.755289,17,1,1
202100029073,149Â 779,B01,1,1,1,5,2,6,-1,-1, -1,-1,2021,40.0,2,1,0,2,7,1,1,,4,AUGUSTIN ARCHAMBAUD(RUE),0,,2,2,0,1,(1),(1),1,, -1,1,0,1,50,10,7,1,974,97416,2,1,0,3,AUGUSTIN ARCHAMBAUD(RUE),-21.332675,55.479093,17,2,2
202100029716,148Â 678,A01,2,2,1,5,1,-1,-1,0,0,-1,2021,53.0,1,2,0,2,3,11,1,,1,1,0,A,3,3,0,1,126,200,1,,"13,5",1,0,2,130,11,7,1,80,80313,1,1,0,3,A1,49.920407,2.851354,19,4,2
202100004371,193Â 946,A01,1,1,1,0,1,0,-1,-1, -1,-1,2021,40.0,2,2,4,0,1,14,1,,1,AUTOROUTE A86,0,,1,2,0,1,51,700,2,, -1,2,0,1,70,6,12,3,94,94034,1,1,0,1,AUTOROUTE A86,48.7605951369,2.3194241524,22,1,1
202100053628,105Â 866,B01,1,1,1,2,8,0,-1,0,0,-1,2021,17.0,2,1,0,2,8,1,5,,4,BOULEVARD VOLTAIRE,0,,2,2,1,1,(1),(1),1,, -1,1,-1,5,50,26,1,2,75,75111,2,2,0,3,BOULEVARD VOLTAIRE,48.862132,2.372856,8,2,2