Num_Acc,id_vehicule,num_veh,place,catu,sexe,trajet,secu1,secu2,secu3,locp,actp,etatp,year_acc,victim_age,senc,catv,obs,obsm,choc,manv,motor,occutc,catr,voie,v1,v2,circ,nbv,vosp,prof,pr,pr1,plan,lartpc,larrout,surf,infra,situ,vma,jour,mois,lum,dep,com,agg_,int,atm,col,adr,lat,long,hour,nb_victim,nb_vehicules
202100033310,142Â 227,B01,1,1,2,1,1,0,-1,0,0,-1,2021,31.0,2,2,6,2,4,16,1,,2,GEORGES POMPIDOU AVENUE,0,,1,3,0,1,2,900,1,, -1,1,0,1,50,14,6,1,201,201004,2,1,0,2,GEORGES POMPIDOU AVENUE,41.9332764496,8.7551077081,13,2,2
202100030135,147Â 908,D01,1,1,1,5,2,6,-1,-1,0,-1,2021,24.0,1,1,0,2,1,1,1,,1,AUTOROUTE A104,0,,1,2,0,1,0,1,1,, -1,1,0,1,70,8,7,1,95,95277,1,1,0,5,A104,48.97406,2.48889,19,4,4
202100002822,196Â 729,B01,2,2,2,5,1,-1,-1,0,0,-1,2021,23.0,2,2,0,2,8,23,1,,3,137,-1,,3,4,0,1,70,600,1,, -1,1,0,1,110,16,12,3,35,35317,1,1,0,3,ROUTE DEPARTEMENTALE 137,48.288048,-1.803118,23,3,2
202100055753,102Â 205,A01,10,3,1,0,0,-1,-1,2,3,1,2021,27.0,3,2,0,1,2,16,1,,4,PETIT PEROU,0,,2,2,0,1,0,0,3,, -1,1,0,1,50,7,1,2,971,97101,2,1,0,6,PETIT PEROU,16.259,-61.518,18,2,1
202100011727,180Â 768,B01,1,1,1,0,0,-1,-1,0,0,-1,2021,42.0,1,1,0,0,8,1,5,,3,75,-1,,2,2,0,1,4,400,3,, -1,1,0,3,80,23,10,1,55,55069,1,1,1,3,D75,48.84383,4.990776,17,2,2
202100009864,184Â 070,A01,10,3,2,5,0,-1,-1,3,3,2,2021,74.0,3,2,0,1,1,16,1,,4,,-1,,1,2,0,1,(1),(1),1,,5,2,9,1,40,2,11,4,85,85113,2,4,1,6,Place du General Buat,46.72298,-2.350463,19,3,1
202100044876,121Â 504,B01,1,1,2,3,1,-1,-1,0,0,-1,2021,58.0,3,2,0,9,3,1,1,,4,7,-1,C,2,2,0,1,(1),(1),1,, -1,1,0,1,50,6,4,1,44,44126,1,1,0,1,Route de la Fertais,47.146313,-2.144163,9,3,2
202100013689,177Â 233,A01,1,1,1,9,2,6,-1,0,0,-1,2021,57.0,1,1,0,2,6,15,1,,4,ROUTE DES MOULINS,0,,2,2,0,1,(1),(1),1,, -1,1,0,1,50,11,10,2,75,75116,2,2,0,3,ROUTE DES MOULINS,48.865084,2.234472,7,2,2
202100043435,124Â 021,A01,1,1,1,0,8,-1,-1,-1, -1,-1,2021,19.0,1,2,0,2,1,0,1,,4,JAURES JEAN AVENUE.,0,,2,2,0,1,(1),(1),1,, -1,1,0,1,50,18,4,1,59,59507,2,1,0,1,JAURES JEAN AVENUE.,50.602369,3.078933,20,3,2
202100056124,101Â 562,B01,1,1,1,1,2,0,-1,-1,0,-1,2021,50.0,2,1,0,2,1,21,1,,1,15,0,,3,9,0,1,8,100,1,, -1,1,0,1,110,5,1,2,95,95582,1,1,0,2,A15,48.96436,2.26219,7,2,2
202100010942,182Â 167,A01,1,1,1,5,8,0,-1,-1, -1,-1,2021,36.0,3,2,14,0,2,9,1,,4,LORRAINE (RUE DE),0,,1,1,0,1,1,0,4,, -1,1,5,3,50,26,10,5,94,94021,2,6,0,6,Rue de Lorraine,48.76338,2.35513,21,1,1
202100041597,127Â 249,A01,1,1,2,5,1,-1,-1,0,0,-1,2021,19.0,1,2,13,0,0,1,1,,3,619,-1,,2,2,0,2,90,580,2,, -1,1,0,3,80,4,5,1,70,70120,1,1,0,6,rd 619 - Le ban,47.677106,6.716037,11,1,1
202100031792,144Â 931,B01,1,1,1,1,1,-1,-1,0,0,-1,2021,27.0,2,2,0,2,2,16,1,,2,113,-1,,1,2,0,1,1,15,4,, -1,1,5,1,80,24,6,1,34,34145,1,6,0,3,N113,43.686448,4.154935,18,3,2
202100033979,141Â 023,B01,1,1,1,1,2,8,-1,-1, -1,-1,2021,44.0,1,1,0,2,1,21,1,,1,86,0,,3,3,0,1,8,0,1,, -1,1,0,1,110,16,6,1,92,92036,1,1,0,2,A86,48.9357640852,2.2872224731,16,2,2
202100011564,181Â 051,B01,1,1,1,2,2,-1,-1,0,0,-1,2021,16.0,1,1,0,2,1,1,1,,3,LOURDES (AVENUE DE),0,,2,3,0,1,1,280,1,, -1,1,0,1,50,22,10,2,65,65331,2,3,0,3,LOURDES (AVENUE DE),43.21298,0.05078,7,2,2
202100025863,155Â 455,A01,1,1,2,0,1,-1,-1,0,0,-1,2021,54.0,3,2,13,0,1,0,0,,4,,-1,,2,2,0,1,(1),(1),2,, -1,2,0,3,50,14,3,1,38,38140,1,1,1,7,Rue des Echelles,45.28068,5.89476,14,1,1
202100024743,157Â 418,A01,10,3,1,0,0,-1,-1,6,1,1,2021,70.0,2,4,0,1,2,1,1,,7,RN 20 (ROUTE NATIONALE 20 LA SOURCE),0,,3,5,0,1,36,500,1,, -1,1,0,1,90,10,8,3,45,45234,1,1,0,6,D2020-PR 36+500,47.8364,1.91619,1,2,1
202100004961,192Â 921,A01,1,1,1,5,2,6,-1,0,0,-1,2021,28.0,1,1,10,0,2,14,1,,3,751,-1,,2,2,0,1,54,600,4,, -1,1,0,3,50,11,11,1,49,49292,1,1,0,7,La Haie Longue,47.343817,-0.691608,16,1,1
202100023834,159Â 024,A01,1,1,2,5,1,-1,-1,-1,0,-1,2021,56.0,1,2,0,2,9,1,1,,2,RN 184,0,,-1,4,0,1,8,0,1,, -1,1,0,1,90,16,8,1,95,95394,1,1,0,6,RN 184,49.05312,2.16981,13,2,2
202100015211,174Â 511,A01,2,1,1,0,1,8,-1,-1, -1,-1,2021,35.0,2,1,0,2,1,3,1,,1,AUTOROUTE A3,0,,3,6,0,1,7,900,3,, -1,2,0,1,90,5,10,1,93,93010,1,1,1,2,AUTOROUTE A3,48.9063225808,2.4723963713,11,2,2
202100017077,171Â 102,A01,1,1,1,1,2,0,-1,0,0,-1,2021,42.0,2,1,0,2,0,1,5,,4,AVENUE DE BRETEUIL,0,,3,1,0,1,(1),(1),1,, -1,1,0,1,30,22,9,1,75,75107,2,1,0,3,AVENUE DE BRETEUIL,48.852351,2.312623,8,2,2
202100017948,169Â 546,A01,1,1,1,5,2,-1,-1,0,0,-1,2021,62.0,0,1,0,0,0,0,5,,9,,-1,,2,1,1,1,(1),(1),1,,3,1,0,1,20,21,9,1,84,84067,1,1,0,6,Via Venaissia (Piste cyclable),44.088101,5.007201,11,1,1
202100047003,117Â 760,B01,1,1,1,1,1,0,-1,-1, -1,-1,2021,48.0,1,2,0,2,4,2,2,,1,6,0,,3,6,0,2,17,287,1,, -1,1,0,1,110,23,3,1,91,91589,1,1,0,4,AUTOROUTE A6,48.67683,2.33894,17,3,3
202100039545,130Â 905,B01,1,1,1,1,1,0,-1,-1, -1,-1,2021,19.0,1,2,0,2,0,0,1,,1,A86 EXT,0,,-1,3,0,1,45,100,2,, -1,1,1,1,90,18,5,1,94,94073,1,1,0,4,A86 EXT,48.760995,2.382242,16,3,3
202100028358,151Â 013,A01,1,1,1,1,2,9,-1,0,0,-1,2021,39.0,1,1,8,0,1,1,1,,3,128,-1,,2,2,0,2,3,190,2,, -1,1,0,3,80,19,7,1,56,56201,1,1,0,6,Lieu Dit Stangala,48.121385,-3.531933,14,1,1
202100039113,131Â 716,A01,10,3,1,5,8,8,-1,4,3,1,2021,52.0,3,0,0,1,0,2,0,,4,AV LOUIS BAZERQUE,0,,3,2,0,1,(1),(1),1,, -1,1,6,8,50,20,5,1,31,31555,2,1,0,6,AV LOUIS BAZERQUE,43.57134,1.39187,16,2,1
202100050915,110Â 667,B01,1,1,1,0,8,8,-1,-1, -1,-1,2021,40.0,1,2,0,2,8,2,1,,4,TERRUSSE (RUE),0,,1,1,0,1,(1),(1),1,, -1,1,0,1,50,13,2,5,13,13205,2,2,0,3,TERRUSSE (RUE),43.296364,5.391519,20,2,2
202100033062,142Â 643,A01,1,1,2,5,1,0,-1,-1, -1,-1,2021,40.0,2,2,0,2,1,15,0,,4,CAPELETTE (AVENUE DE LA),0,,2,2,0,1,0,0,1,, -1,1,0,1,50,21,6,1,13,13210,2,1,0,3,CAPELETTE (AVENUE DE LA),43.27914,5.41384,17,4,4
202100006890,189Â 456,B01,1,1,2,1,1,-1,-1,-1, -1,-1,2021,24.0,2,2,0,2,8,1,1,,2,ROUTE NATIONALE 230,0,,3,6,0,2,39,319,2,, -1,1,3,1,90,22,11,1,33,33167,1,1,0,3,ROUTE NATIONALE 230,44.8413,-0.50176,9,2,2
202100003917,194Â 754,A01,1,1,1,3,1,-1,-1,0,0,-1,2021,87.0,3,2,15,0,2,14,1,,3,243,-1,,2,2,0,1,(1),(1),1,, -1,2,0,4,-1,9,12,2,67,67339,2,1,0,3,35 Rue de Rittershoffen,48.89832,7.923903,16,2,1
202100043935,123Â 142,A01,2,1,1,5,2,6,-1,-1, -1,-1,2021,4.0,3,1,13,0,1,26,0,,9,,0,,-1,0,0,2,0,0,1,, -1,6,9,1,20,15,4,1,92,92064,2,9,0,6,PARC SAINT CLOUD,48.83327,2.19745,11,1,1
202100043436,124Â 019,A01,10,3,2,5,0,-1,-1,3,3,2,2021,60.0,2,2,0,1,2,1,1,,4,GAULLE (AV GAL DE),0,,2,2,0,1,0,0,1,, -1,1,0,1,50,20,3,1,57,57630,2,1,0,6,GAULLE (AV GAL DE),48.72853,7.0493,17,2,1
202100028093,151Â 490,A01,1,1,1,1,2,6,-1,-1, -1,-1,2021,41.0,1,1,0,2,1,1,1,,4,TONY GARNIER                        (AV),0,,2,5,3,1,(1),(1),1,, -1,1,0,1,50,19,7,1,69,69387,2,1,0,3,TONY GARNIER                        (AV),45.7264698155,4.8290008307,9,2,2
202100000294,201Â 197,A01,1,1,1,0,8,-1,-1,-1, -1,-1,2021,59.0,3,1,0,2,7,19,5,,4,JULES FERRY                         (PL),0,,2,2,0,1,(1),(1),1,, -1,1,0,1,50,13,11,2,69,69386,2,1,0,3,JULES FERRY (PL),45.767,4.859,16,2,2
202100018273,168Â 959,A01,1,1,1,5,2,6,-1,0,0,-1,2021,53.0,1,1,0,6,1,1,1,,3,55,-1,,2,2,0,1,8,600,1,, -1,1,0,1,80,18,9,1,88,88173,1,3,0,6,RD55,48.359527,6.245001,9,1,1
202100020023,165Â 834,A01,1,1,1,4,1,8,-1,-1, -1,-1,2021,40.0,2,4,0,2,1,1,1,,1,A86 EXT,0,,3,8,0,1,39,900,1,, -1,1,0,1,90,9,9,1,94,94028,1,1,0,2,A86 EXT,48.78347,2.44071,7,2,2
202100039396,131Â 176,B01,1,1,2,5,1,0,-1,-1, -1,-1,2021,28.0,1,2,0,2,6,2,1,,2,RN12 INT,0,,3,6,0,1,22,500,1,, -1,1,0,1,110,18,5,1,78,78646,1,1,0,2,RN12 INT,48.791295,2.103778,11,3,2
202100037772,134Â 145,A01,2,2,2,0,8,0,-1,-1, -1,-1,2021,21.0,2,2,1,0,9,1,1,,4,MONGE (RUE),0,,2,1,0,1,(1),(1),1,, -1,1,0,1,50,28,4,1,59,59650,2,1,0,6,MONGE (RUE),50.70283,3.19992,21,2,1
202100054873,103Â 722,A01,10,3,2,0,0,-1,-1,3,3,1,2021,74.0,1,2,0,1,2,15,1,,4,MAIGNANT ALBERT (RUE) NÂ° PAIRS,0,,1,1,0,1,0,0,1,, -1,1,0,1,50,12,1,2,72,72181,2,2,0,6,MAIGNANT ALBERT (RUE) NÂ° PAIRS,48.00539,0.204,18,2,1
202100033091,142Â 595,A01,10,3,1,2,0,-1,-1,5,3,1,2021,15.0,2,2,0,1,3,1,1,,4,GAMBETTA (AV),0,,2,2,0,1,1,0,1,, -1,1,0,1,50,21,6,1,94,94046,2,1,0,6,Avenue Gambetta,48.8099347241,2.444050312,15,2,1
202100032546,143Â 593,B01,1,1,1,5,2,6,-1,0,0,-1,2021,62.0,1,1,3,0,0,1,5,,3,53,0,,2,2,0,4,11,200,1,, -1,2,0,1,70,24,6,1,26,26301,1,3,1,3,Route de Romans,45.119652,4.997272,13,2,2
202100035848,137Â 620,C01,1,1,1,1,1,0,-1,-1, -1,-1,2021,46.0,1,4,0,2,1,2,1,,1,A507 sens Marseille - Aubagne,0,,3,3,0,2,2,589,1,, -1,1,1,1,70,8,6,1,13,13055,1,1,0,4,A507 sens Marseille - Aubagne,43.32995,5.40051,10,4,3
202100014862,175Â 147,A01,1,1,2,9,1,0,-1,-1, -1,-1,2021,22.0,3,2,0,2,4,12,1,,4,PETITS PONTS (ROUTE DES),0,,1,1,0,1,0,0,1,, -1,1,0,1,50,6,10,5,93,93005,2,9,0,2,Route des Petits Ponts,48.931427,2.486249,21,2,2
202100024779,157Â 359,B01,1,1,1,1,1,0,-1,-1, -1,-1,2021,32.0,3,2,0,2,7,15,1,,3,JOFFRE (AVENUE),0,,3,4,0,1,0,0,1,, -1,1,0,1,50,10,8,1,93,93031,2,6,0,3,JOFFRE (AVENUE),48.96165,2.29499,13,2,2
202100018359,168Â 810,B01,1,1,2,1,1,-1,-1,-1, -1,-1,2021,47.0,1,2,0,2,4,1,1,,4,CLEMENCEAU (BD GEORGES),0,,2,2,0,2,(1),(1),1,, -1,1,5,1,50,17,9,1,35,35238,2,2,0,2,CLEMENCEAU (BD GEORGES),48.09451,-1.68536,10,2,2
202100003956,194Â 677,B01,2,2,1,2,3,2,-1,0,0,-1,2021,2.0,2,1,0,2,8,1,5,,4,RUE DE CASTIGLIONE,0,,1,1,0,1,(1),(1),1,, -1,1,0,1,30,23,9,1,75,75101,2,2,0,3,RUE DE CASTIGLIONE,48.866613,2.328574,8,4,2
202100046855,118Â 026,B01,1,1,2,1,2,0,-1,-1, -1,-1,2021,44.0,2,1,0,2,1,1,1,,1,A50-Sens Marseille vers Aubagne,0,,1,3,0,1,1,299,1,, -1,1,0,1,90,24,3,1,13,13210,1,1,0,3,A50-Sens Marseille vers Aubagne,43.2846410172,5.4071831703,8,2,2
202100031673,145Â 140,B01,7,2,2,5,8,-1,-1,0,0,-1,2021,65.0,1,2,1,0,1,17,2,,1,7,0,A,3,3,0,1,177,380,1,, -1,1,0,2,130,21,6,1,84,84039,1,1,0,6,pk 177.380 A7 sens Nord-Sud,44.077204,4.881095,15,3,1
202100024871,157Â 204,B01,1,1,1,3,2,8,-1,-1, -1,-1,2021,69.0,3,1,0,2,4,9,1,,4,MARCEL DASSAULT (AVENUE),0,,-1,2,0,1,0,0,1,, -1,1,0,1,50,9,8,1,64,64102,2,1,0,2,MARCEL DASSAULT (AVENUE),43.48849,-1.49092,9,2,2
202100018918,167Â 830,B01,1,1,2,4,1,0,-1,-1, -1,-1,2021,25.0,1,2,0,2,3,15,1,,3,NEXON (RUE DE),0,,2,2,0,1,0,0,1,, -1,1,0,1,90,12,9,1,87,87085,1,1,0,3,NEXON (RUE DE),45.80281,1.25338,12,2,2
202100028895,150Â 074,B01,2,2,2,0,1,-1,-1,0,0,-1,2021,73.0,2,2,0,2,1,1,1,,7,17,-1,,2,2,1,2,6,326,3,, -1,1,0,1,80,16,7,1,34,34169,1,1,0,1,D17,43.660393,3.866484,17,3,2
202100035153,138Â 876,B01,4,2,2,5,0,-1,-1,0,0,-1,2021,27.0,2,2,0,2,1,13,1,,3,3,-1,,2,2,0,2,33,652,2,, -1,2,0,1,110,12,6,1,988,98804,1,1,0,1,Tribu Haouli,-21.532911,165.857978,11,5,2
202100033106,142Â 572,B01,1,1,1,0,2,-1,-1,0,0,-1,2021,21.0,1,1,0,0,1,1,1,,3,35,-1,D,2,2,0,1,(1),(1),1,, -1,1,0,1,-1,21,6,1,91,91458,1,9,0,1,D35,48.659193,2.231013,15,3,2
202100020017,165Â 847,A01,1,1,2,0,1,4,-1,-1, -1,-1,2021,23.0,1,2,4,0,1,1,1,,1,AUTOROUTE A3,0,,3,10,0,1,11,800,1,, -1,1,3,1,50,9,9,3,93,93005,1,1,0,6,AUTOROUTE A3,48.95955,2.46548,20,1,1
202100010440,183Â 061,A01,1,1,1,5,1,-1,-1,0,0,-1,2021,41.0,2,2,0,2,1,13,1,,3,974,0,,2,2,0,1,26,500,1,, -1,1,0,1,50,29,10,5,52,52449,2,3,0,1,ROUTE DE DIJON,47.836241,5.331003,21,2,2
202100032734,143Â 260,A01,1,1,1,5,2,6,-1,0,0,-1,2021,34.0,1,1,4,0,0,2,1,,3,6,-1,,2,2,0,2,14,597,3,, -1,1,0,1,70,23,6,1,1,1322,1,1,0,6,Montee des Balmes,45.940676,4.809619,17,1,1
202100015980,173Â 103,A01,1,1,1,3,1,-1,-1,0,0,-1,2021,83.0,1,2,10,2,1,1,1,,3,05,-1,,2,2,0,1,75,500,4,, -1,1,0,1,80,30,9,1,86,86165,1,1,0,1,Le Sejour,46.44171,0.868956,15,2,2
202100017857,169Â 699,B01,1,1,1,1,2,6,-1,-1, -1,-1,2021,19.0,1,1,0,2,1,1,1,,3,RD 936,0,,2,2,0,1,0,1,1,, -1,1,0,1,50,15,9,1,24,24037,2,1,0,3,RD 936,44.83639,0.45317,15,2,2
202100048436,115Â 180,B01,1,1,1,9,2,6,-1,0,0,-1,2021,24.0,2,1,0,2,1,1,1,,4,RUE DE LA GLACIERE,0,,2,2,0,1,(1),(1),1,, -1,2,0,1,50,11,3,1,75,75113,2,2,1,3,RUE DE LA GLACIERE,48.834962,2.344997,8,2,2
202100054771,103Â 898,A01,1,1,1,3,2,6,-1,0,0,-1,2021,26.0,2,1,0,0,2,16,1,,4,EAU BLANCHE  ROND POINT DE L',0,,1,2,0,2,53,700,3,, -1,2,5,1,50,16,1,1,29,29232,2,1,1,7,D783 - Rond Point de L'Eau Blanche,47.99025,-4.0739,14,1,1
202100011992,180Â 279,A01,1,1,1,4,2,8,-1,-1, -1,-1,2021,25.0,2,1,0,2,7,1,1,,4,LIBERATION (AV DE LA) NÂ° IMP 147 ET+,0,,2,2,1,1,0,0,1,, -1,1,0,1,50,19,10,5,72,72181,2,3,0,3,LIBERATION (AV DE LA) NÂ° IMP 147 ET+,48.0059888891,0.1889437436,21,2,2
202100015089,174Â 737,B01,1,1,1,0,1,0,-1,-1, -1,-1,2021,43.0,2,2,0,2,4,2,1,,7,VERDUN (AVENUE DE),0,,2,2,0,1,0,0,1,, -1,1,0,1,50,28,9,1,13,13005,2,1,0,2,VERDUN (AVENUE DE),43.28817,5.57492,9,2,2
202100003459,195Â 569,B01,1,1,1,5,0,-1,-1,0,0,-1,2021,16.0,3,1,0,2,1,1,5,,5,,-1,,2,1,0,4,(1),(1),2,,3,2,0,1,50,11,12,5,972,97206,1,1,1,1,Quartier Ancinel,14.505099,-61.045519,18,2,2
202100003798,194Â 969,A01,1,1,2,1,1,9,-1,0,0,-1,2021,36.0,2,2,8,0,8,1,1,,3,15,-1,,2,2,0,2,29,860,2,, -1,7,0,3,80,11,12,2,2,2186,1,1,0,6,La Casiniere,48.969956,3.370078,8,1,1
202100038966,131Â 987,A01,1,1,1,5,8,0,-1,0,0,-1,2021,61.0,3,1,0,0,0,1,5,,4,ROUTE ROYALE DE BEAUTE,0,,-1,0,1,1,(1),(1),1,, -1,1,0,5,50,21,5,1,75,75112,2,1,0,7,ROUTE ROYALE DE BEAUTE,48.834189,2.442796,16,1,1
202100015091,174Â 730,B01,1,1,1,9,2,8,-1,-1, -1,-1,2021,76.0,1,1,0,2,1,1,5,,4,SOURCE (AVENUE DE ST JEAN DE LA),0,,2,2,0,1,0,0,1,, -1,1,0,1,50,2,10,1,11,11262,2,9,0,6,SOURCE (AVENUE DE ST JEAN DE LA),43.18765,2.98046,11,2,2
202100054965,103Â 565,A01,1,1,1,5,8,-1,-1,0,0,-1,2021,45.0,2,2,16,0,0,14,1,,7,2205,0,,2,2,0,1,19,200,1,, -1,1,0,8,80,15,1,2,6,6102,1,1,0,7,"RM 2205, PK 19+200",44.049978,7.127927,15,1,1
202100048698,114Â 707,B01,10,3,2,1,0,-1,-1,4,3,1,2021,35.0,1,2,1,1,0,23,1,,4,PLACE LEON BLUM,0,,2,2,0,1,(1),(1),1,, -1,1,0,1,30,9,3,1,75,75111,2,7,0,6,PLACE LEON BLUM,48.858423,2.380024,9,3,2
202100032291,144Â 041,B01,1,1,1,5,2,6,-1,0,0,-1,2021,80.0,3,1,0,0,0,0,0,,4,VAL ITON (RUE DU),0,,-1,2,0,2,(1),(1),3,, -1,1,0,1,50,24,6,1,27,27229,1,1,0,3,VAL ITON (RUE DU),49.03427,1.14802,13,2,2
202100018629,168Â 336,A01,1,1,1,0,2,8,-1,-1, -1,-1,2021,28.0,1,1,0,2,1,1,1,,3,,0,,2,2,0,1,0,0,1,, -1,1,0,1,50,15,9,5,92,92078,2,2,0,3,GALLIENI (BOULEVARD) (1/19),48.92493016,2.3254711926,22,2,2
202100010018,183Â 790,B01,1,1,1,9,1,0,-1,-1, -1,-1,2021,28.0,1,2,0,2,1,1,1,,4,MOULIN BOULEVARD,0,,2,2,0,1,1,0,1,, -1,1,0,1,50,1,11,5,49,49007,2,1,0,1,MOULIN BOULEVARD,47.48715,-0.53906,0,2,2
202100023837,159Â 019,A01,1,1,1,5,1,5,-1,-1, -1,-1,2021,60.0,1,2,0,0,9,2,1,,2,RN104,0,,1,2,0,1,9,700,1,, -1,1,0,3,90,16,8,1,77,77249,1,1,0,7,RN104,48.7500689475,2.613919088,7,3,1
202100007063,189Â 132,C01,3,2,2,5,1,0,-1,-1, -1,-1,2021,30.0,1,2,0,2,4,23,1,,3,906,0,,-1,2,1,1,40,0,1,, -1,1,0,1,50,20,11,5,92,92049,2,1,0,4,PIERRE BROSSOLETTE (AVENUE),48.8206502543,2.3118630052,0,7,3
202100038648,132Â 553,A01,1,1,1,4,2,6,-1,0,0,-1,2021,27.0,1,1,0,2,8,1,1,,4,PLACE CHARLES DE GAULLE,0,,1,8,0,1,(1),(1),1,, -1,1,0,1,50,23,5,1,75,75117,2,7,0,3,PLACE CHARLES DE GAULLE,48.874265,2.294548,19,3,2
202100036384,136Â 668,B01,1,1,2,0,1,0,-1,-1, -1,-1,2021,48.0,3,2,0,2,4,1,3,,4,PIERRE SEMARD (avenue),0,,2,2,3,1,0,9,1,, -1,1,0,1,30,13,4,2,84,84007,2,1,0,2,PIERRE SEMARD (avenue),43.93933,4.82137,19,2,2
202100025584,155Â 946,A01,2,2,2,0,2,0,-1,-1, -1,-1,2021,7.0,3,1,6,0,1,0,1,,6,DOTHEMARE,0,,-1,-1,0,1,(1),(1),1,, -1,1,0,8,30,3,8,1,971,97101,1,1,0,6,DOTHEMARE,16.27146,-61.51524,11,2,1
202100022648,161Â 137,A01,10,3,1,0,0,-1,-1,3,3,1,2021,15.0,3,2,0,1,1,1,2,,4,CREISSEL (BOULEVARD DE),0,,2,2,0,1,(1),(1),1,, -1,1,9,1,50,19,8,1,11,11262,2,1,0,6,CREISSEL (BOULEVARD DE),43.177961,3.029141,17,2,1
202100041206,127Â 951,A01,1,1,1,5,0,-1,-1,0,0,-1,2021,38.0,1,2,2,0,1,1,1,,3,14,0,,2,2,0,1,23,315,2,, -1,1,0,8,50,5,5,3,2,2758,2,1,0,6,Avenue Jean JaurÃ¨s,49.404648,3.514627,23,1,1
202100021021,164Â 089,B01,1,1,2,0,1,0,-1,0,0,-1,2021,35.0,1,2,0,2,2,1,1,,4,GRANDES BRUYERES (RUE DES ),0,,2,2,0,1,(1),(1),1,, -1,1,0,1,50,3,9,1,71,71040,2,4,0,3,GRANDES BRUYERES (RUE DES ),46.7017528592,4.4015577205,10,2,2
202100019508,166Â 759,B01,1,1,1,5,2,6,-1,0,0,-1,2021,50.0,1,1,0,2,7,1,1,,4,ECHANGEUR SAINT OUEN,0,,1,4,0,1,21,100,1,, -1,1,0,1,70,11,9,1,75,75118,2,1,0,3,BD PERIPHERIQUE INTERIEUR,48.900675,2.333095,14,3,2
202100035307,138Â 595,A01,10,3,2,5,0,-1,-1,2,3,2,2021,49.0,1,2,0,1,8,1,1,,4,AVENUE DE MALAKOFF,0,,2,2,0,1,(1),(1),1,, -1,1,0,1,50,10,6,1,75,75116,2,1,0,6,AVENUE DE MALAKOFF,48.8754878239,2.2838689687,17,3,1
202100033970,141Â 044,A01,1,1,2,5,8,-1,-1,0,0,-1,2021,63.0,2,2,6,0,1,1,1,,2,12,0,,3,2,0,1,58,547,1,, -1,1,0,1,110,17,6,1,61,61467,1,1,0,6,N12,48.4654869,0.15948599,14,1,1
202100050990,110Â 536,B01,1,1,1,4,8,-1,-1,0,0,-1,2021,36.0,2,4,0,2,1,2,1,,3,20,-1,,3,4,0,1,18,0,1,, -1,1,0,1,90,17,2,1,91,91041,1,1,0,4,N20,48.5731,2.235374,11,7,7
202100053079,106Â 847,A01,10,3,2,9,0,-1,-1,4,3,2,2021,2.0,1,2,0,1,7,16,1,,4,RUE MIRABEAU,0,,2,2,0,1,(1),(1),1,, -1,1,0,1,50,29,1,1,75,75116,2,2,0,6,RUE MIRABEAU,48.846484,2.27063,12,2,1
202100047282,117Â 246,A01,10,3,2,5,8,-1,-1,5,9,-1,2021,1.0,3,2,0,1,1,0,1,,4,,-1,,2,2,0,1,(1),(1),2,, -1,1,7,4,50,21,3,1,74,74011,2,1,0,6,R des Cygnes,45.91019,6.144828,10,3,1
202100027585,152Â 417,B01,1,1,1,5,2,0,-1,-1, -1,-1,2021,60.0,3,1,0,2,1,0,1,,3,REPUBLIQUE (AVENUE DE LA),0,,2,-1,3,1,1,0,1,, -1,1,0,1,50,22,7,2,93,93064,2,1,0,1,REPUBLIQUE (AVENUE DE LA),48.86972,2.48531,21,2,2
202100000065,201Â 633,A01,10,3,2,5,0,-1,-1,9,9,1,2021,0.0,0,1,0,1,1,26,3,,9,LILATTES,0,,-1,1,3,1,0,0,1,, -1,1,6,6,5,27,10,1,38,38053,2,1,0,2,LILATTES,45.59,5.272,17,2,1
202100048835,114Â 468,B01,1,1,1,4,1,0,-1,-1, -1,-1,2021,49.0,2,2,0,2,8,2,1,,1,AUTOROUTE A6B,0,,1,3,0,2,8,725,1,, -1,1,0,1,110,8,3,3,91,91689,1,1,0,3,AUTOROUTE A6B,48.74347,2.32326,6,2,2
202100014878,175Â 119,A01,7,2,2,9,1,-1,-1,0,0,-1,2021,9.0,1,2,2,0,8,1,1,,3,978,0,,2,2,0,2,28,480,3,, -1,1,0,3,90,6,10,2,19,19125,1,1,0,6,D978,45.276155,1.996808,18,2,1
202100036406,136Â 627,A01,10,3,2,5,0,-1,-1,8,2,1,2021,51.0,1,2,0,1,4,20,1,,4,REPUBLIQUE (PLACE DE LA),0,,1,1,0,1,0,0,1,, -1,1,6,6,30,2,6,1,57,57672,2,1,0,6,REPUBLIQUE (PLACE DE LA),49.35622,6.16485,14,2,1
202100037178,135Â 230,A01,10,3,1,0,0,-1,-1,4,3,1,2021,8.0,1,2,0,1,3,1,1,,3,SACLAY (ROUTE DE),0,,2,2,0,1,0,0,1,, -1,1,0,1,50,31,5,1,91,91477,2,1,0,6,SACLAY (ROUTE DE),48.719061,2.22142,18,2,1
202100054008,105Â 212,A01,1,1,1,5,1,-1,-1,0,0,-1,2021,27.0,2,2,13,0,1,1,1,,3,315,0,,3,2,0,1,7,150,2,, -1,1,0,3,50,24,1,3,61,61203,2,1,0,6,51 Route de Moulins le Carbonnel,48.386931,0.020229,5,1,1
202100032968,142Â 828,A01,1,1,2,2,1,-1,-1,0,0,-1,2021,19.0,1,2,2,0,7,1,1,,3,907,-1,,2,2,0,2,6,750,4,, -1,1,0,3,80,23,6,1,4,4241,1,1,0,6,RD 907,43.852901,5.725594,9,1,1