Num_Acc,id_vehicule,num_veh,place,catu,sexe,trajet,secu1,secu2,secu3,locp,actp,etatp,year_acc,victim_age,senc,catv,obs,obsm,choc,manv,motor,occutc,catr,voie,v1,v2,circ,nbv,vosp,prof,pr,pr1,plan,lartpc,larrout,surf,infra,situ,vma,jour,mois,lum,dep,com,agg_,int,atm,col,adr,lat,long,hour,nb_victim,nb_vehicules
202100004511,193Â 710,A01,1,1,2,5,1,0,-1,-1, -1,-1,2021,52.0,2,2,6,2,2,1,1,,3,48,0,,2,2,0,2,0,0,1,, -1,1,5,1,60,4,12,1,972,97209,1,3,0,3,MOUTTE (ROUTE DE),14.6180407595,-61.0568270087,13,2,2
202100036171,137Â 036,A01,1,1,1,5,2,6,-1,0,0,-1,2021,56.0,1,1,0,5,1,1,1,,3,84,-1,,2,2,0,1,54,900,1,, -1,1,0,1,50,7,6,1,202,202007,2,1,0,6,15 Petricaju -- RD 84,42.326945,8.984247,11,1,1
202100020216,165Â 500,A01,10,3,1,0,0,-1,-1,2,3,1,2021,63.0,1,2,0,1,1,26,1,,4,BAUDIN (RUE DU DOCTEUR),0,,1,2,0,1,(1),(1),1,, -1,1,0,1,30,27,8,1,28,28085,2,3,0,6,BAUDIN (RUE DU DOCTEUR),48.4523167176,1.4841411012,20,2,1
202100014741,175Â 359,A01,2,2,1,0,1,5,-1,-1, -1,-1,2021,42.0,1,2,4,0,9,26,1,,1,A86,0,,1,2,0,1,78,900,2,, -1,2,1,1,90,5,10,5,92,92050,1,1,0,6,A86,48.8924951011,2.186339167,23,2,1
202100028597,150Â 600,B01,3,2,1,5,3,8,-1,-1, -1,-1,2021,0.0,1,2,0,2,4,1,1,,1,A4,0,,3,6,0,1,6,599,1,, -1,1,0,1,90,17,7,1,94,94042,1,1,0,6,A4,48.8275727947,2.4704969547,10,3,2
202100025495,156Â 092,B01,2,2,1,0,8,0,-1,-1, -1,-1,2021,21.0,2,1,14,2,2,17,1,,4,R DE BERNAU ,0,,1,4,1,1,1,0,1,, -1,1,9,1,50,5,8,1,94,94017,2,1,0,3,BERNAU (R DE),48.81727,2.52522,12,3,2
202100031520,145Â 421,A01,10,3,2,0,0,-1,-1,3,3,1,2021,55.0,3,2,0,1,3,1,1,,4,0,0,,1,1,0,1,(1),(1),2,, -1,1,6,1,50,2,7,1,79,79049,2,2,0,7,23 Rue de la Huchette,46.839411,-0.49281,16,2,1
202100005188,192Â 503,A01,1,1,2,1,1,0,-1,-1, -1,-1,2021,23.0,1,2,4,0,8,12,1,,1,A50,0,,3,6,0,1,54,400,1,, -1,1,0,1,130,1,12,1,83,83035,1,1,0,6,A50,43.16071,5.76753,12,1,1
202100000647,200Â 555,A01,1,1,2,5,1,0,-1,-1,0,-1,2021,63.0,0,2,13,0,8,26,1,,7,ROUTE DEPARTEMENTALE 652,0,,-1,1,0,1,13,699,3,, -1,2,9,8,50,27,12,1,59,59646,1,1,1,6,ROUTE DEPARTEMENTALE 652,50.6832,3.1139,11,1,1
202100047106,117Â 569,A01,2,2,2,5,2,6,-1,-1, -1,-1,2021,46.0,1,1,0,2,4,2,1,,1,AUTOROUTE A1,0,,3,4,0,1,189,550,1,, -1,1,0,1,130,19,3,1,62,62637,1,1,0,4,AUTOROUTE A1,50.45749,2.97266,14,4,3
202100013807,177Â 017,A01,1,1,1,0,2,0,-1,-1, -1,-1,2021,21.0,2,1,0,0,0,1,1,,4,CORZENT (ROUTE),0,,2,2,0,1,0,0,1,, -1,1,0,1,50,17,6,1,74,74013,2,1,0,7,CORZENT (ROUTE),46.35659,6.43447,16,2,2
202100037690,134Â 293,A01,1,1,2,5,1,-1,-1,0,0,-1,2021,30.0,2,2,0,2,3,1,1,,3,120,0,,2,2,0,1,(1),(1),2,, -1,1,0,1,80,28,5,3,971,97102,1,1,0,1,Mahaudiere,16.443,-61.427007,19,7,2
202100025478,156Â 124,B01,1,1,1,9,2,6,-1,0,0,-1,2021,38.0,1,1,0,2,1,1,1,,4,RUE DUC,0,,1,1,0,1,(1),(1),1,, -1,1,0,1,50,5,8,1,75,75118,2,2,0,3,RUE DUC,48.892262,2.342375,17,2,2
202100055759,102Â 196,B01,1,1,1,5,-1,0,-1,-1, -1,-1,2021,20.0,1,1,0,2,1,1,1,,4,BEAUBLANC (BOULEVARD DE),0,,3,4,0,1,0,0,1,, -1,1,0,1,50,7,1,1,87,87085,2,1,0,3,BEAUBLANC (BOULEVARD DE),45.84618,1.24283,17,2,2
202100037828,134Â 038,A01,1,1,1,9,2,0,-1,0,0,-1,2021,25.0,2,1,0,2,1,1,1,,4,PLACE AUGUSTE METIVIER,0,,2,2,0,2,(1),(1),1,, -1,1,0,1,30,28,5,1,75,75120,2,4,0,3,PLACE AUGUSTE METIVIER,48.863043,2.388016,11,2,2
202100037032,135Â 506,A01,10,3,1,5,8,8,-1,9,B,1,2021,97.0,3,5,0,1,4,4,1,,4,GOBY (RUE PAUL),0,,1,1,0,2,(1),(1),1,, -1,1,0,1,30,31,5,1,6,6069,2,1,0,6,GOBY (RUE PAUL),43.6603,6.92382,16,2,1
202100028245,151Â 206,B01,1,1,2,1,8,-1,-1,0,0,-1,2021,20.0,2,2,0,0,7,1,1,,4,,-1,,2,2,0,1,(1),(1),3,,4,1,0,8,50,20,7,1,68,68154,2,4,1,3,20 Avenue du Luxembourg,47.77136,7.369707,8,2,2
202100035616,138Â 057,B01,2,2,2,5,1,-1,-1,0,0,-1,2021,68.0,2,2,0,2,1,1,1,,3,936,-1,,2,2,0,2,52,200,1,, -1,1,0,1,80,9,6,1,64,64458,1,1,0,1,RD936,43.260933,-0.723172,17,6,2
202100033791,141Â 371,A01,1,1,2,5,1,0,-1,-1, -1,-1,2021,25.0,1,2,0,2,3,5,1,,3,152,0,,3,2,0,1,0,0,1,, -1,1,0,1,50,16,6,1,91,91552,2,1,0,3,RTE DE CORBEIL,48.59545,2.274458,19,2,2
202100026859,153Â 711,A01,1,1,1,5,8,0,-1,0,0,-1,2021,40.0,2,1,0,0,2,1,3,,4,RUE DE RIVOLI,0,,2,3,1,1,(1),(1),1,, -1,2,0,5,50,26,7,1,75,75101,2,3,1,7,RUE DE RIVOLI,48.864645,2.329301,14,1,1
202100010840,182Â 350,B01,1,1,2,1,8,8,-1,-1, -1,-1,2021,39.0,1,2,0,2,4,2,1,,2,RN2/043,0,,1,4,3,1,(1),(1),1,, -1,1,0,1,70,25,10,1,974,97411,1,1,0,2,RN2/043,-20.88654,55.48958,7,2,2
202100002048,198Â 133,A01,10,3,2,1,0,-1,-1,5,9,1,2021,43.0,3,1,0,1,1,25,5,,4,BOULEVARD DE LA TOUR MAUBOURG,0,,-1,0,0,1,(1),(1),1,, -1,1,0,4,30,20,12,1,75,75107,2,4,0,6,BOULEVARD DE LA TOUR MAUBOURG,48.856338,2.309819,9,2,1
202100036734,136Â 048,A01,1,1,1,0,1,0,-1,-1, -1,-1,2021,39.0,1,2,0,2,1,1,1,,1,A7-Sens Lyon vers Marseille,0,,1,3,3,1,281,0,1,, -1,1,0,1,90,25,5,1,13,13203,1,1,0,4,A7-Sens Lyon vers Marseille,43.317052,5.377237,18,4,3
202100030545,147Â 159,A01,10,3,1,0,0,-1,-1,3,3,1,2021,50.0,1,1,0,1,1,1,1,,7,SCHIRMECK (ROUTE DE),0,,2,4,3,1,(1),(1),1,, -1,1,0,1,50,2,7,1,67,67482,2,1,0,6,SCHIRMECK (ROUTE DE),48.573302,7.718817,13,2,1
202100012132,180Â 027,B01,1,1,2,0,0,-1,-1,0,0,-1,2021,25.0,3,1,0,2,8,26,5,,7,955,-1,,-1,1,0,1,(1),(1),3,, -1,2,9,1,50,21,10,1,59,59523,2,6,0,3,rue de lille,50.585764,3.167281,14,2,2
202100035285,138Â 632,A01,1,1,1,0,2,8,-1,-1, -1,-1,2021,26.0,1,1,0,2,1,1,1,,4,SAINT LOUP (BOULEVARD DE),0,,2,2,0,1,0,0,1,, -1,1,0,1,50,10,6,1,13,13211,2,1,0,3,SAINT LOUP (BOULEVARD DE),43.2836405304,5.4345423155,20,2,2
202100033668,141Â 580,B01,1,1,1,9,8,0,-1,-1, -1,-1,2021,43.0,2,1,0,2,7,12,0,,3,ROBESPIERRE (RUE),0,,2,2,0,1,1,0,1,, -1,1,0,1,30,18,6,1,93,93048,2,7,0,3,Rue Robespierre / Place de la Republique,48.85361,2.42351,18,2,2
202100023019,160Â 483,A01,1,1,1,5,8,-1,-1,-1,0,-1,2021,22.0,1,0,0,0,1,1,3,,3,RUE CLAUDE MONET,0,,2,2,0,1,7,100,1,, -1,2,0,1,30,26,7,1,95,95268,2,1,1,3,RD 125,48.9745177025,2.3986029625,12,2,2
202100046106,119Â 346,B01,1,1,1,1,2,6,-1,-1, -1,-1,2021,34.0,1,1,0,2,1,1,1,,4,ROBIQUETTE ( BOULEVARD DE LA ),0,,2,2,2,1,(1),(1),1,, -1,1,0,1,50,29,3,1,35,35278,1,3,1,1,ROBIQUETTE ( BOULEVARD DE LA ),48.14006,-1.69971,18,4,2
202100049634,113Â 022,B01,1,1,1,5,2,6,-1,-1, -1,-1,2021,29.0,1,1,0,2,1,1,1,,4,REPUBLIQUE AVENUE DE LA,0,,2,3,1,1,(1),(1),1,, -1,1,0,1,50,28,2,5,59,59350,2,2,0,3,REPUBLIQUE AVENUE DE LA,50.635834,3.009483,19,2,2
202100038570,132Â 704,A01,2,2,2,5,2,-1,-1,0,0,-1,2021,53.0,2,1,0,0,0,0,1,,3,94,0,,2,2,0,1,62,220,1,, -1,1,0,1,80,23,5,1,26,26376,1,1,0,7,ROUTE DES ALPES,44.431574,5.281523,19,2,1
202100010531,182Â 904,A01,1,1,2,1,1,0,-1,-1, -1,-1,2021,26.0,2,2,0,2,2,11,1,,2,RN136,0,,3,4,0,2,12,600,1,, -1,1,0,1,90,28,10,1,35,35281,1,1,0,3,RN136,48.094223,-1.710131,18,3,2
202100005104,192Â 651,B01,1,1,2,5,8,0,-1,0,0,-1,2021,23.0,3,1,0,2,0,1,3,,4,RUE ROYALE,0,,2,4,0,1,(1),(1),1,, -1,1,0,1,30,2,12,5,75,75108,2,7,0,3,RUE ROYALE,48.866757,2.322058,22,2,2
202100046288,119Â 038,A01,4,2,1,0,0,-1,-1,0,0,-1,2021,10.0,1,2,13,0,3,1,1,,3,11,-1,,2,2,0,3,14,900,3,, -1,1,0,3,80,28,3,3,37,37023,1,1,0,6,bois de beaumont,47.171280044,1.2054414405,4,6,1
202100019885,166Â 088,B01,1,1,1,5,2,6,-1,0,0,-1,2021,34.0,1,1,0,2,1,1,5,,3,PETIT CLOS SAINT MARC (RUE),0,,2,6,2,1,1,0,1,, -1,1,9,1,50,8,9,1,14,14118,2,9,0,3,D401,49.20967,-0.37224,15,2,2
202100021615,162Â 996,B01,1,1,2,0,1,8,-1,-1, -1,-1,2021,29.0,3,2,0,2,3,1,1,,4,,0,,2,2,0,1,(1),(1),1,, -1,1,0,1,50,31,8,1,45,45234,2,1,0,1,Rue Honore de Balzac,47.8220702442,1.9245289564,12,2,2
202100022224,161Â 920,A01,1,1,1,5,2,6,-1,-1, -1,-1,2021,28.0,2,1,0,2,1,2,1,,4,GAMBETTA (BOULEVARD),0,,4,4,0,2,0,0,1,, -1,1,0,1,50,26,8,1,87,87085,2,1,0,2,GAMBETTA (BOULEVARD),45.82845,1.25623,15,2,2
202100016411,172Â 303,A01,1,1,1,0,8,-1,-1,0,0,-1,2021,24.0,1,2,2,0,7,13,1,,3,613,0,,2,3,0,1,72,420,1,, -1,2,0,3,90,29,9,3,27,27248,1,1,1,6,Route departementale 613,49.151889,0.561097,3,1,1
202100040478,129Â 250,B01,1,1,1,0,8,0,-1,-1, -1,-1,2021,30.0,3,1,0,2,1,1,5,,4,COURS BERRIAT,0,,2,4,2,2,(1),(1),1,, -1,1,0,5,30,9,5,1,38,38185,2,2,0,3,COURS BERRIAT,45.1882323797,5.7162165642,18,2,2
202100005158,192Â 557,A01,10,3,1,5,0,-1,-1,1,3,1,2021,73.0,3,5,0,1,3,1,1,,4,924,0,D,1,1,0,1,(1),(1),4,, -1,1,9,1,30,2,12,1,60,60086,2,6,0,6,Place Bourgeois,49.167602,2.359335,12,2,1
202100007891,187Â 635,A01,1,1,2,1,1,-1,-1,0,0,-1,2021,26.0,1,2,2,6,9,1,1,,3,5,0,D,2,2,0,1,18,900,1,, -1,1,0,8,80,16,11,3,65,65265,1,1,0,6,D5,43.227003,0.173246,5,1,1
202100025949,155Â 298,B01,1,1,1,0,1,0,-1,-1, -1,-1,2021,44.0,1,5,0,2,4,1,1,,3,20,0,,3,2,0,1,2,0,1,, -1,1,0,1,50,2,8,4,91,91377,2,1,0,2,RN20,48.71951,2.29887,6,2,2
202100004554,193Â 635,A01,1,1,2,0,1,0,-1,-1, -1,-1,2021,32.0,1,1,0,-1,0,0,0,,3,MICHELET (AVE) : DU 1 AU 103,0,,2,2,0,1,0,1,1,, -1,2,0,1,50,5,12,1,93,93070,2,1,1,6,MICHELET (AVE) : DU 1 AU 103,48.91185,2.33376,14,1,1
202100000070,201Â 625,B01,1,1,1,-1,0,-1,-1,-1, -1,-1,2021,16.0,0,1,0,2,0,0,-1,,4,,-1,,2,2,-1,1,(1),(1),1,,"5,5",1,0,1,-1,4,11,1,60,60057,2,1,0,3,Rue du Pont dâArcole,49.4262285502,2.0853413343,17,2,2
202100000959,200Â 036,A01,10,3,1,0,0,-1,-1,4,3,1,2021,82.0,1,0,0,1,0,26,1,,3,ROOSEVELT (BOULEVARD),0,,1,1,0,1,0,0,1,, -1,2,0,1,50,12,12,1,2,2738,2,1,0,6,ROOSEVELT (BOULEVARD),49.6585,3.2983,14,2,1
202100022461,161Â 487,A01,1,1,1,1,2,8,-1,-1, -1,-1,2021,59.0,2,1,0,2,1,1,1,,4,MOURET HENRI (AV),0,,3,6,0,3,0,0,1,, -1,1,5,1,50,25,8,1,13,13001,2,9,0,3,MOURET HENRI (AV),43.5210675144,5.4358702466,10,2,2
202100041132,128Â 084,A01,1,1,1,4,8,0,-1,-1, -1,-1,2021,38.0,3,1,0,2,1,19,5,,4,,0,,1,1,0,1,(1),(1),1,, -1,2,0,1,30,30,4,1,1,1053,2,2,1,3,SAMARITAINE ( RUE),46.2047225805,5.2274948816,12,2,2
202100044433,122Â 263,B01,1,1,1,1,1,-1,-1,-1,0,-1,2021,67.0,1,2,0,2,4,2,1,,1,AUTOROUTE A15,0,,3,7,0,1,24,200,1,, -1,2,0,1,90,11,4,2,95,95500,1,1,1,2,A15,49.041429061,2.0809355378,8,2,2
202100037038,135Â 494,A01,1,1,2,4,1,0,-1,0,0,-1,2021,25.0,2,2,0,2,1,12,1,,4,BOULEVARD PERIPHERIQUE,0,,1,3,0,1,6,800,1,, -1,1,0,1,70,31,5,1,75,75114,2,1,0,2,BOULEVARD PERIPHERIQUE,48.824292,2.30637,9,2,2
202100028612,150Â 572,A01,1,1,1,1,8,8,-1,-1, -1,-1,2021,22.0,1,5,0,2,3,15,1,,4,,0,,2,2,0,1,0,0,3,, -1,1,0,1,50,15,7,1,91,91689,2,1,0,3,BD ARAGO,48.73185,2.31814,13,2,2
202100020828,164Â 416,B01,1,1,1,1,8,-1,-1,-1, -1,-1,2021,24.0,1,1,0,2,1,15,5,,4,BOUCLE (DE LA)                      (MO),0,,1,2,2,2,(1),(1),1,, -1,1,0,5,50,4,9,5,69,69034,2,9,0,1,BOUCLE (DE LA) (MO),45.78276,4.83639,22,2,2
202100006661,189Â 880,A01,1,1,1,5,1,8,-1,-1, -1,-1,2021,68.0,1,2,0,0,0,0,1,,4,PATYS (RUE DES),0,,2,2,0,1,(1),(1),3,, -1,1,0,8,50,23,11,5,37,37195,2,1,0,7,PATYS (RUE DES),47.3785590135,0.6320535724,19,1,1
202100050025,112Â 325,Z01,4,2,2,5,8,0,-1,-1, -1,-1,2021,19.0,1,2,0,2,1,1,1,,4,DE GAULLE (AVENUE DU GENERAL),0,,2,2,1,1,(1),(1),1,, -1,1,0,1,50,25,2,5,37,37261,2,3,0,3,DE GAULLE (AVENUE DU GENERAL),47.3805991013,0.6985468716,5,3,2
202100009507,184Â 719,A01,1,1,1,5,8,-1,-1,0,0,-1,2021,32.0,2,2,15,0,7,13,1,,3,69,0, -,2,2,0,1,4,100,1,, -1,1,0,4,70,5,11,5,19,19229,1,1,0,6,25 Avenue de la Marquisie,45.1578775938,1.4697529157,3,1,1
202100020843,164Â 387,A01,10,3,1,5,0,-1,-1,3,3,1,2021,42.0,1,2,0,1,1,26,1,,3,VAUBAN - BOULEVARD,0,,3,3,0,1,(1),(1),1,, -1,1,0,1,50,4,9,1,59,59155,2,1,0,6,VAUBAN - BOULEVARD,51.02409,2.38845,19,2,1
202100052036,108Â 700,B01,1,1,1,1,2,6,-1,0,0,-1,2021,45.0,3,1,0,2,4,23,1,,4,BOULEVARD ROMAIN ROLLAND,0,,1,2,0,2,(1),(1),1,, -1,1,0,1,50,8,2,5,75,75114,2,2,0,2,BOULEVARD ROMAIN ROLLAND,48.820206,2.324009,18,2,2
202100042065,126Â 437,A01,1,1,1,0,1,0,-1,-1, -1,-1,2021,46.0,3,2,0,4,6,9,1,,4,SAULES (VOI DES),0,,2,3,0,1,0,100,1,, -1,1,0,6,50,29,4,1,94,94054,2,3,0,3,BOUVRAY (VOI DE),48.74683,2.42382,18,2,2
202100033100,142Â 582,B01,1,1,1,5,8,0,-1,-1, -1,-1,2021,26.0,2,1,0,2,1,2,3,,3,39,0,,2,2,0,1,0,0,1,, -1,1,5,1,50,19,6,1,92,92063,2,4,0,2,DIX-HUIT JUIN 1940 (AVENUE DU) EST,48.8651742477,2.20449619,6,2,2
202100016593,171Â 975,A01,10,3,2,2,0,-1,-1,4,3,2,2021,13.0,1,2,0,1,1,1,1,,7,263,0,,4,3,0,1,(1),(1),1,, -1,1,5,4,50,23,9,1,67,67471,2,2,0,6,28c Route de Brumath,48.629108,7.729075,12,2,1
202100051553,109Â 547,A01,1,1,1,5,2,6,9,0,0,-1,2021,48.0,1,1,0,2,0,1,1,,2,10,0,T,2,2,0,2,105,600,4,, -1,1,0,1,80,14,2,1,201,201163,1,1,0,1,route territoriale 10,41.498059,8.95011,17,2,2
202100056372,101Â 138,A01,1,1,1,2,2,-1,-1,0,0,-1,2021,17.0,1,1,0,2,1,1,1,,3,988,-1,,2,2,0,1,18,900,3,, -1,2,0,1,50,4,1,2,91,91338,2,1,1,1,Rue d'Orsay,48.651767,2.074313,8,2,2
202100021311,163Â 558,B01,1,1,1,0,1,0,-1,-1, -1,-1,2021,50.0,1,2,0,2,1,2,1,,3,JEAN-JAURES (BD),0,,2,4,0,1,0,0,1,, -1,1,0,1,50,2,9,1,93,93070,2,9,0,3,JEAN-JAURES (BD),48.9127,2.3349,11,2,2
202100055805,102Â 116,A01,1,1,2,1,8,0,-1,-1, -1,-1,2021,21.0,1,1,0,2,7,12,5,,7,50,0,,1,-1,0,1,35,10,3,, -1,1,0,1,50,7,1,5,31,31555,2,1,0,3,Rond-Point Louis Destrem,43.58785,1.39456,19,2,2
202100030000,148Â 169,B01,1,1,1,0,1,0,-1,-1, -1,-1,2021,24.0,2,2,0,2,4,0,1,,4,CARNOT (RUE),0,,3,5,0,1,(1),(1),3,, -1,1,0,1,50,7,7,1,10,10387,2,7,0,2,CARNOT (RUE),48.29738,4.06627,14,2,2
202100037059,135Â 459,A01,1,1,2,9,2,6,-1,-1, -1,-1,2021,35.0,1,1,0,2,1,13,1,,3,R LOUIS BERTRAND,0,,2,2,0,1,1,0,3,, -1,1,0,1,50,30,5,1,94,94041,2,1,0,1,Rue Louis Bertrand,48.81774,2.37581,18,2,2
202100055601,102Â 473,A01,7,2,2,0,0,-1,-1,0,0,-1,2021,16.0,2,2,6,0,3,15,1,,4,,-1,,2,2,0,1,(1),(1),2,, -1,2,0,3,50,12,1,1,973,97311,2,1,1,7,Route Saint Maurice,5.488709,-54.029624,14,4,1
202100049953,112Â 460,B01,1,1,2,0,1,-1,-1,0,0,-1,2021,30.0,1,2,0,2,1,1,1,,1,8,-1,,3,3,0,1,3,520,1,, -1,1,0,1,130,28,2,1,13,13118,1,1,0,2,"A8, Pk 003+520 sens nord/sud",43.554535,5.267365,11,2,2
202100025246,156Â 527,A01,1,1,1,0,2,-1,-1,-1, -1,-1,2021,57.0,2,1,12,0,1,1,1,,7,LYON (DE)                               ,0,,2,2,0,1,64,900,3,, -1,1,8,1,30,6,8,1,69,69276,2,1,0,7,LYON (DE) (RTE),45.6761905975,4.8608730459,13,1,1
202100026174,154Â 910,B01,1,1,1,5,0,-1,-1,0,0,-1,2021,52.0,1,2,0,0,4,24,1,,1,6,-1,,1,1,0,1,396,860,3,, -1,1,0,8,70,1,8,4,71,71150,1,1,0,2,A6 aire de creches sur saone,46.236346,4.795318,3,4,2
202100018149,169Â 173,A01,1,1,2,5,1,-1,-1,0, -1,-1,2021,71.0,3,2,13,0,3,13,2,,3,RD 70 (route dÃ©partementale),0,,2,0,0,1,1,500,1,, -1,1,0,8,80,18,9,1,29,29039,1,2,0,7,KERFEST ( CHEMIN DE),47.91095358,-3.904008865,16,1,1
202100004739,193Â 310,A01,1,1,1,9,1,0,-1,-1, -1,-1,2021,23.0,1,2,0,2,1,13,1,,3,BAUDELIERS (CHEMIN DES),0,,2,2,0,1,(1),(1),1,, -1,1,9,3,80,28,11,3,59,59447,1,9,0,3,BAUDELIERS (CHEMIN DES),50.37894,3.6187,21,3,2
202100026029,155Â 155,A01,1,1,2,0,1,-1,-1,0,0,-1,2021,21.0,1,2,4,0,4,1,1,,3,430,0,,2,4,0,1,43,500,1,, -1,1,0,1,110,31,7,1,68,68260,1,1,0,6,Route dÃ©partementale 430 PK 43.500,47.8859686874,7.2596301735,15,1,1
202100053752,105Â 658,A01,2,2,2,5,2,6,-1,0,0,-1,2021,64.0,2,1,0,2,1,1,1,,4,BOULEVARD BEAUMARCHAIS,0,,2,4,0,1,(1),(1),1,, -1,1,0,1,50,25,1,1,75,75103,2,4,0,3,BOULEVARD BEAUMARCHAIS,48.857602,2.368063,16,3,2
202100043446,124Â 000,A01,1,1,2,0,1,-1,-1,-1, -1,-1,2021,59.0,3,2,0,2,0,1,1,,4,CHEM DE COUHINS,0,,2,2,0,1,(1),(1),1,, -1,1,0,1,50,19,4,1,33,33550,2,9,0,2,Chemin de Couhins,44.7570085976,-0.5717530874,11,2,2
202100000283,201Â 219,B01,1,1,1,0,2,-1,-1,-1, -1,-1,2021,22.0,3,1,0,2,0,0,0,,4,CHARLES DE GAULLE                   (QU),0,,2,4,2,1,(1),(1),1,, -1,1,0,1,50,23,9,1,69,69386,2,1,0,2,CHARLES DE GAULLE (Q),45.783551,4.84906,8,2,2
202100036318,136Â 773,A01,1,1,1,0,0,-1,-1,0,0,-1,2021,52.0,3,5,2,0,1,1,1,,4,,-1,,2,1,0,2,(1),(1),3,,3,2,0,8,80,6,6,3,38,38099,1,1,0,6,Chemin de Saint Appolinard,45.183595,5.279263,4,1,1
202100035472,138Â 306,B01,1,1,1,5,8,0,-1,-1, -1,-1,2021,23.0,1,1,0,2,1,1,5,,4,ROMAINS (ROUTE DES),0,,2,4,1,1,0,0,1,, -1,1,0,1,50,8,6,1,67,67482,2,1,0,3,ROMAINS (ROUTE DES),48.57946,7.71068,16,2,2
202100030103,147Â 969,A01,1,1,1,5,2,-1,-1,0,0,-1,2021,82.0,3,1,0,2,7,12,5,,3,26,-1,,-1,1,0,1,(1),(1),2,, -1,2,9,1,80,27,6,1,28,28279,1,6,1,3,D26,48.635142,1.502692,11,2,2
202100046417,118Â 807,A01,1,1,1,5,8,-1,-1,0,0,-1,2021,24.0,1,1,0,2,4,1,1,,3,1005,0,D,2,2,0,2,17,530,3,, -1,1,0,1,80,28,3,1,1,1173,1,1,0,3,D1005,46.351402,6.057856,14,2,2
202100033333,142Â 181,A01,2,2,1,5,2,0,-1,-1, -1,-1,2021,54.0,1,1,11,0,1,1,1,,3,RD 75,0,,2,2,0,1,(1),(1),1,, -1,1,0,1,90,11,6,4,59,59383,1,1,0,7,RD 75,50.355437,3.560109,23,2,1
202100012231,179Â 859,B01,1,1,1,0,2,6,-1,-1, -1,-1,2021,65.0,2,1,0,2,1,7,1,,4,HUGO VICTOR (AV),0,,2,3,0,1,0,0,1,, -1,1,0,1,50,19,10,1,13,13001,2,2,0,3,HUGO VICTOR (AV),43.523,5.446,9,2,2
202100015353,174Â 268,B01,1,1,1,4,8,0,-1,0,0,-1,2021,33.0,1,2,0,2,4,23,1,,4,RUE GODEFROY CAVAIGNAC,0,,1,2,2,1,(1),(1),1,, -1,2,0,1,30,3,10,5,75,75111,2,1,1,2,RUE GODEFROY CAVAIGNAC,48.856233,2.38051,0,5,2
202100012130,180Â 030,B01,1,1,2,1,1,-1,-1,0,0,-1,2021,31.0,1,2,0,2,3,15,1,,3,1043,0,,2,2,0,1,18,800,1,, -1,2,0,1,80,20,10,1,2,2495,1,1,1,3,1 Route Nationale,49.950119,4.065357,12,2,2
202100026401,154Â 502,B01,1,1,2,5,1,-1,-1,0,0,-1,2021,72.0,1,2,0,2,1,1,1,,3,234,-1,,2,2,0,1,0,900,3,, -1,1,0,1,70,30,7,1,29,29060,1,1,0,1,Route de Quimper,47.9242971917,-4.0839003795,14,4,2
202100046274,119Â 061,A01,1,1,1,5,2,6,-1,0,0,-1,2021,21.0,0,1,13,0,3,1,1,,4,71,-1,,2,2,0,1,(1),(1),2,, -1,1,0,8,50,28,3,1,31,31311,2,1,0,6,19 Route des Vins,43.813045,1.539922,16,1,1
202100019768,166Â 313,B01,1,1,2,5,2,-1,-1,0,0,-1,2021,29.0,1,1,0,2,4,2,5,,3,929,-1,,2,2,0,2,81,820,1,, -1,1,0,1,90,11,8,1,65,65017,1,1,0,2,D929,42.8218737417,0.1755069437,12,2,2
202100005705,191Â 605,A01,10,3,1,5,0,-1,-1,9,B,2,2021,66.0,0,5,0,1,1,16,1,,2,205,0,,2,2,0,1,6,200,1,, -1,1,0,3,50,25,11,1,202,202042,2,3,0,6,"Avenue de Borgo - Sortie du parking ""Marana sport""",42.552464,9.441952,12,3,1
202100038381,133Â 032,B01,1,1,1,5,2,0,-1,-1, -1,-1,2021,15.0,1,1,0,2,7,1,0,,4,CHATELETS (RUE DES),0,,2,2,0,1,1,0,1,, -1,2,0,1,50,19,5,1,22,22215,2,1,0,3,CHATELETS (RUE DES),48.4681340389,-2.7948188782,16,2,2
202100014374,176Â 017,B01,1,1,1,1,8,0,-1,-1, -1,-1,2021,49.0,3,1,0,2,4,2,5,,4,SAINT-HELIER,0,,2,3,2,2,(1),(1),1,, -1,1,0,1,30,8,10,1,35,35238,2,1,0,2,SAINT-HELIER,48.10736,-1.66591,8,2,2
202100030921,146Â 490,A01,1,1,1,5,2,-1,-1,0,0,-1,2021,18.0,1,1,0,0,3,1,1,,3,90,0,D,2,2,0,1,17,967,1,, -1,1,0,1,80,4,7,3,85,85096,1,1,1,3,la vieille garnache,46.90236,-1.82279,3,2,2
202100010443,183Â 056,B01,1,1,1,3,2,4,-1,0,0,-1,2021,56.0,1,1,0,2,5,1,5,,4,100,3,T,2,2,0,1,(1),(1),1,, -1,1,0,1,50,29,10,1,69,69069,2,3,0,3,TOURETTE (DE LA) (R),45.745918,4.732394,17,2,2
202100034018,140Â 953,A01,10,3,2,5,0,-1,-1,2,5,3,2021,18.0,3,2,0,1,3,26,1,,4,JACOBINS (DES)                      (PL),0,,1,2,3,1,(1),(1),1,, -1,1,0,1,50,15,6,5,69,69382,2,1,0,6,JACOBINS (DES) (PL),45.7605248629,4.8340299726,23,3,1