Num_Acc,id_vehicule,num_veh,place,catu,sexe,trajet,secu1,secu2,secu3,locp,actp,etatp,year_acc,victim_age,senc,catv,obs,obsm,choc,manv,motor,occutc,catr,voie,v1,v2,circ,nbv,vosp,prof,pr,pr1,plan,lartpc,larrout,surf,infra,situ,vma,jour,mois,lum,dep,com,agg_,int,atm,col,adr,lat,long,hour,nb_victim,nb_vehicules
202100009190,185Â 281,B01,1,1,1,1,1,0,-1,-1, -1,-1,2021,38.0,2,2,0,2,4,2,1,,1,A86.EXT,0,,3,2,0,1,29,100,1,, -1,1,0,1,90,6,11,3,94,94033,1,1,0,2,A86.EXT,48.860366938,2.4850559235,19,4,4
202100024398,158Â 074,B01,1,1,1,5,2,-1,-1,0,0,-1,2021,40.0,3,1,0,2,1,1,5,,4,,-1,,2,2,0,1,(1),(1),1,,5,1,0,1,80,12,8,1,72,72349,1,9,0,3,Lieu Dit le Petit Touchesnay,48.204076,0.201305,17,2,2
202100048564,114Â 946,B01,1,1,1,4,2,0,-1,0,0,-1,2021,36.0,1,1,0,2,7,1,1,,4,BOULEVARD GOUVION SAINT CYR,0,,2,2,0,1,(1),(1),1,, -1,1,8,1,30,10,3,1,75,75117,2,3,0,3,BOULEVARD GOUVION SAINT CYR,48.883542,2.288163,8,2,2
202100007663,188Â 053,A01,10,3,1,9,0,-1,-1,1,3,1,2021,26.0,3,2,0,1,2,1,1,,4,SOUTERRAIN VAN GOGH,0,,3,2,0,1,(1),(1),1,, -1,1,1,1,30,16,11,5,75,75112,2,1,0,6,SOUTERRAIN VAN GOGH,48.843893,2.371578,22,2,1
202100000835,200Â 238,A01,10,3,2,1,0,-1,-1,3,3,1,2021,55.0,2,2,0,1,1,1,1,,2,COMMANDANT DUMONT ( AVENUE),0,,2,2,0,2,36,965,1,, -1,1,9,1,50,14,12,1,5,5061,2,1,0,6,COMMANDANT DUMONT ( AVENUE),44.56396,6.08379,17,2,1
202100041068,128Â 200,B01,1,1,1,5,1,0,-1,-1, -1,-1,2021,21.0,3,2,0,2,1,1,1,,2,BEL AIR (BOULEVARD DE),0,,3,4,0,1,16,0,1,, -1,1,5,1,50,5,5,5,87,87085,2,2,0,3,ALLENDE (QUAI SALVADOR),45.81739,1.25261,21,2,2
202100043585,123Â 760,A01,1,1,1,5,1,-1,-1,0,0,-1,2021,89.0,2,2,0,2,1,2,1,,3,936,0,,2,2,0,1,32,600,1,, -1,1,0,1,80,15,4,1,1,1272,1,1,0,2,,46.167334,5.025451,10,2,2
202100051728,109Â 230,A01,1,1,1,5,2,6,-1,-1, -1,-1,2021,63.0,2,1,0,2,1,1,1,,3,DECROS EUGENE BOULEVARD,0,,2,2,0,1,0,1,1,, -1,1,0,1,30,12,2,1,93,93045,2,1,0,3,DECROS EUGENE BOULEVARD,48.8831392011,2.4159979448,13,2,2
202100016430,172Â 266,A01,1,1,1,0,1,4,-1,-1, -1,-1,2021,47.0,1,2,0,2,1,1,0,,1,AUTOROUTE A1,0,,1,2,0,1,12,699,2,, -1,1,0,1,70,27,9,1,93,93005,1,1,0,2,AUTOROUTE A1,48.9655,2.47636,17,2,2
202100028403,150Â 944,A01,10,3,1,5,0,-1,-1,9,B,1,2021,67.0,2,2,0,1,1,26,1,,2,4,0,N,2,2,0,1,(1),(1),1,, -1,1,9,8,50,19,7,1,976,97615,2,1,0,6,RN 4 - STATION TOTAL,-12.792425,45.270436,11,2,1
202100034546,139Â 976,B01,2,2,1,5,1,-1,-1,-1,0,-1,2021,33.0,2,2,0,2,5,11,1,,3,RD 170 B4,0,,3,4,0,1,4,630,1,, -1,1,0,1,110,14,6,1,95,95277,1,1,0,2,RD 170,48.97694,2.47744,16,3,2
202100023855,158Â 988,B01,1,1,1,0,1,0,-1,-1, -1,-1,2021,58.0,2,2,0,2,1,1,1,,4,BELLEVUE (CHEMIN DE),0,,1,1,0,1,0,0,1,, -1,1,0,1,50,22,7,1,87,87085,2,2,0,3,LEON ROCHE (RUE),45.86781,1.1787,15,2,2
202100016084,172Â 894,A01,10,3,1,0,0,-1,-1,3,3,1,2021,31.0,3,2,0,1,1,1,1,,4,RUE SAINT EXUPERY,0,,2,1,2,1,0,0,3,, -1,1,9,5,30,29,9,1,91,91161,2,1,0,6,RUE SAINT EXUPERY,48.71438,2.30049,10,2,1
202100033996,140Â 989,A01,10,3,2,0,0,-1,-1,6,3,1,2021,32.0,2,2,1,0,4,20,1,,3,MAURICE THOREZ (AV),0,,1,2,0,1,89,0,1,, -1,1,0,8,30,13,6,5,94,94041,2,1,0,4,MAURICE THOREZ (AV),48.8172,2.3759,22,2,1
202100054543,104Â 278,B01,1,1,1,0,2,0,-1,-1, -1,-1,2021,60.0,1,1,0,0,0,0,1,,1,A13,0,,-1,3,0,1,39,750,1,, -1,1,0,1,130,19,1,1,78,78217,1,1,0,3,A13,48.963314,1.831438,15,2,2
202100026098,155Â 042,A01,1,1,2,5,2,6,-1,-1, -1,-1,2021,58.0,2,1,1,0,1,2,1,,3,20,0,,4,4,0,1,1,700,1,, -1,1,5,1,70,30,7,1,91,91377,1,9,0,2,RN20,48.7194,2.29905,18,3,2
202100008062,187Â 321,A01,2,1,1,1,2,0,-1,-1, -1,-1,2021,47.0,1,1,0,2,2,16,1,,3,ALBERT-DHALENNE (RUE),0,,2,2,1,1,0,1,1,, -1,1,0,5,50,15,11,1,93,93070,2,1,0,3,ALBERT-DHALENNE (RUE),48.9150562855,2.3316415562,9,2,2
202100019985,165Â 909,B01,2,2,1,1,2,-1,-1,0,0,-1,2021,30.0,1,1,8,0,1,1,1,,3,25,-1,,2,2,0,3,(1),(1),1,, -1,1,0,1,50,10,9,1,971,97124,2,2,0,6,Route de Morin,16.005422,-61.702856,8,4,2
202100051050,110Â 422,A01,2,2,2,0,8,0,-1,-1, -1,-1,2021,16.0,3,1,0,2,3,19,3,,4,EVAIN,0,,2,2,0,1,1,0,1,, -1,2,0,1,50,18,2,1,49,49007,2,9,0,3,EVAIN,47.46039,-0.55445,13,3,2
202100034818,139Â 475,A01,1,1,1,1,2,6,0,0,0,-1,2021,16.0,2,1,0,2,1,19,1,,3,342,0,D,2,2,0,2,4,372,1,, -1,1,5,1,50,11,6,1,62,62534,2,6,0,3,36a Avenue Bernard Chochoy,50.707491,2.117423,12,2,2
202100022502,161Â 409,A01,1,1,1,5,2,6,-1,0,0,-1,2021,44.0,1,1,0,2,1,17,1,,7,560,0,,2,2,0,4,5,750,2,, -1,1,0,1,70,27,8,1,83,83120,1,1,0,5,D560,43.383142,5.736345,15,3,3
202100009114,185Â 418,A01,1,1,2,0,1,-1,-1,0,0,-1,2021,26.0,1,2,13,0,6,13,1,,3,POUDRIERE(COTE DE LA),0,,2,2,0,2,3,785,2,, -1,2,0,1,50,2,11,1,12,12013,2,1,1,6,POUDRIERE(COTE DE LA),44.52958,2.2425,16,1,1
202100038716,132Â 430,A01,1,1,1,3,1,-1,-1,0,0,-1,2021,28.0,2,2,13,0,2,15,1,,3,37,-1,,2,2,0,1,3,600,4,, -1,1,0,3,80,24,5,1,50,50041,1,4,0,6,D37 PR 03.600,49.622047,-1.797246,10,1,1
202100030265,147Â 665,A01,9,2,2,5,8,-1,-1,0,0,-1,2021,15.0,2,2,2,0,1,1,1,,4,,-1,,2,2,0,1,(1),(1),2,,4,2,0,3,50,5,7,3,41,41149,2,1,1,6,35 Boulevard des AlliÃ©s,47.752576,0.865962,3,4,1
202100017986,169Â 476,B01,1,1,1,1,1,0,-1,-1, -1,-1,2021,25.0,3,2,0,2,4,1,3,,3,JACQUES DUCLOS (AVENUE),0,,3,2,0,1,0,0,1,, -1,1,0,1,50,19,9,5,91,91549,2,2,0,2,JACQUES DUCLOS (AVENUE),48.634528,2.343741,5,2,2
202100016454,172Â 218,B01,1,1,1,4,1,-1,-1,-1, -1,-1,2021,31.0,1,2,0,2,4,1,1,,7,CD 46 (DEBUT TLN A ARTHEMYSE),0,,3,2,0,1,1,1,1,, -1,1,9,1,50,27,9,1,83,83137,2,1,0,4,CD 46 (DEBUT TLN A ARTHEMYSE),43.134374,5.916672,15,3,3
202100054380,104Â 559,A01,1,1,1,4,9,-1,-1,0,0,-1,2021,18.0,0,4,0,0,7,16,1,,4,,-1,,2,2,0,1,0,0,1,, -1,1,0,1,80,20,1,1,49,49244,1,3,0,7,Chemin de l'Epinay (st Laurent-de-la-plaine),47.307521,-0.780968,12,1,1
202100042873,125Â 031,A01,1,1,1,0,2,0,-1,-1, -1,-1,2021,20.0,1,1,0,2,1,1,1,,7,Rue de la Tour de Varan,0,,2,2,0,1,23,1180,1,, -1,9,0,1,50,23,4,1,42,42095,2,1,0,5,Rue de la Tour de Varan,45.39102,4.28232,18,3,3
202100009064,185Â 504,A01,2,2,2,5,1,-1,-1,0,0,-1,2021,17.0,1,2,12,0,1,26,1,,3,AGUSTE-DECAENS (RUE),0,,2,4,0,1,499,0,2,, -1,1,0,1,50,3,11,5,14,14220,2,1,0,6,Rue Auguste Decaens,49.35576,0.08823,20,2,1
202100037942,133Â 846,B01,1,1,1,5,1,0,-1,-1, -1,-1,2021,23.0,2,2,0,2,6,1,1,,1,A57,0,,3,2,0,1,2,0,1,, -1,1,8,1,70,27,5,3,83,83137,1,1,0,2,A57,43.12933,5.977538,22,4,2
202100033030,142Â 701,A01,1,1,1,5,2,6,-1,-1, -1,-1,2021,38.0,1,1,12,0,2,1,1,,4,BIGNE A FOSSE,0,,2,2,0,1,0,0,1,, -1,1,0,1,50,20,6,1,76,76351,1,1,0,7,BIGNE A FOSSE,49.53036,0.10995,17,1,1
202100046866,118Â 004,B01,1,1,2,1,2,-1,-1,-1, -1,-1,2021,51.0,1,1,0,2,1,1,3,,4,FELIX FAURE                         (AV),0,,2,2,3,1,(1),(1),1,, -1,1,0,1,50,23,3,1,69,69383,2,3,0,3,FELIX FAURE (AV),45.75529,4.87268,7,2,2
202100025654,155Â 825,A01,8,2,2,9,1,-1,-1,0,0,-1,2021,50.0,2,5,0,2,1,2,1,,1,7,-1,,3,5,0,1,126,651,1,, -1,1,0,1,130,5,8,1,26,26169,1,1,0,5,Autoroute du Soleil,44.463611,4.761124,10,8,3
202100055718,102Â 268,A01,2,2,1,5,0,-1,-1,0,0,-1,2021,30.0,3,2,13,0,1,14,1,,4,26,0,A,2,2,0,1,1,100,3,, -1,1,0,3,90,10,1,1,988,98829,1,1,0,6,RM2,-21.61746,166.25482,16,2,1
202100046178,119Â 227,A01,10,3,2,5,0,-1,-1,2,3,1,2021,70.0,1,2,0,1,3,1,1,,3,,-1,,2,2,0,2,0,325,1,, -1,1,0,1,50,22,2,5,64,64160,2,2,0,6,AllÃ©e Anne de Neubourg,43.357778,-1.396036,20,2,1
202100029291,149Â 407,A01,2,2,2,5,1,8,-1,-1, -1,-1,2021,69.0,2,2,0,2,8,19,1,,3,D162,0,,2,2,0,1,6,420,1,, -1,1,0,1,70,11,7,1,56,56162,1,2,0,3,Route du Fort BloquÃ©,47.73789,-3.45789,17,3,2
202100047088,117Â 603,B01,1,1,2,0,1,-1,-1,0,0,-1,2021,36.0,1,2,0,2,4,1,1,,2,7,-1,,3,4,0,1,22,800,1,, -1,1,0,1,110,22,3,1,3,3286,1,1,0,4,RN 7,46.510806,3.356589,17,4,4
202100016486,172Â 158,B01,1,1,1,0,2,8,-1,-1, -1,-1,2021,22.0,1,1,0,2,1,1,1,,4,COSMAO-DUMANOIR ( BD ),0,,2,2,0,1,(1),(1),1,, -1,1,0,1,50,24,9,1,56,56121,2,3,0,3,COSMAO-DUMANOIR ( BD ),47.75307,-3.3756,13,2,2
202100010036,183Â 759,A01,2,2,1,5,2,0,-1,-1, -1,-1,2021,18.0,1,1,0,2,1,17,1,,3,,0,,2,2,0,1,9,670,1,, -1,2,0,1,50,31,10,1,4,4112,2,1,1,3,MISTRAL (AVENUE F.),43.8230751,5.7876289,12,3,2
202100010806,182Â 416,A01,1,1,1,1,2,6,-1,0,0,-1,2021,60.0,1,1,0,2,1,1,1,,7,6,-1,D,2,2,0,1,36,200,1,, -1,1,0,8,80,27,10,1,13,13110,1,1,0,3,Route DÃ©partementale 7n,43.464943,5.726538,10,2,2
202100037056,135Â 463,B01,1,1,2,9,8,0,-1,0,0,-1,2021,28.0,0,1,0,2,7,19,5,,4,PLACE DE LA REPUBLIQUE,0,,2,4,0,1,(1),(1),1,, -1,1,0,1,50,31,5,5,75,75103,2,7,0,3,PLACE DE LA REPUBLIQUE,48.867149,2.363725,21,2,2
202100040015,130Â 067,A01,1,1,2,0,8,0,-1,-1, -1,-1,2021,36.0,1,2,4,0,2,14,1,,1,A50,0,,3,6,0,1,44,32,1,, -1,1,0,2,130,13,5,1,83,83035,1,1,0,6,A50,43.17871,5.76961,19,1,1
202100010955,182Â 146,B01,1,1,1,5,2,0,-1,-1, -1,-1,2021,35.0,2,1,0,2,1,1,1,,3,ARISTIDE BRIAND (AVENUE),0,,3,2,1,1,0,0,1,, -1,1,0,1,50,26,10,1,92,92002,2,9,0,3,ARISTIDE BRIAND (AVENUE),48.7604215504,2.307767272,16,2,2
202100055138,103Â 256,A01,1,1,2,0,1,0,-1,-1, -1,-1,2021,34.0,2,2,0,2,3,1,1,,2,104,0,,1,3,0,1,38,0,1,, -1,2,0,1,90,14,1,1,91,91228,1,1,0,2,RN 104,48.618,2.426,9,2,2
202100040159,129Â 816,B01,1,1,1,0,1,8,-1,-1, -1,-1,2021,27.0,2,1,0,2,7,1,1,,4,RIETH (RUE DU),0,,2,4,1,1,0,0,1,, -1,1,0,1,50,9,5,1,67,67482,2,1,0,3,RIETH (RUE DU),48.6019222056,7.7207383757,17,2,2
202100027541,152Â 499,A01,1,1,2,1,1,-1,-1,-1, -1,-1,2021,40.0,3,2,0,2,2,2,1,,4,,0,,2,2,0,1,(1),(1),1,, -1,1,0,1,50,22,7,1,35,35281,2,2,0,3,MARIN (RUE JEAN),48.08263,-1.7127,9,2,2
202100003922,194Â 745,B01,1,1,2,0,1,-1,-1,0,0,-1,2021,67.0,1,2,0,0,1,1,1,,3,101,0,,2,2,0,1,9,0,1,,5,1,0,1,80,9,12,1,60,60247,1,2,0,1,D101,49.4356184931,2.5275973677,14,3,2
202100020010,165Â 863,B01,1,1,2,4,1,-1,-1,-1, -1,-1,2021,34.0,1,2,0,2,4,2,1,,1,ROCADE A 630,0,,3,6,0,1,26,500,1,, -1,1,0,1,90,8,9,1,33,33192,1,1,0,2,ROCADE A 630,44.789934,-0.606335,19,2,2
202100001743,198Â 672,B01,1,1,1,4,1,0,-1,0,0,-1,2021,25.0,1,2,0,2,1,1,2,,4,RUE DE ROME,0,,2,1,0,1,(1),(1),1,, -1,1,0,1,30,22,12,5,75,75117,2,2,0,3,RUE DE ROME,48.882206,2.320351,5,2,2
202100016505,172Â 127,B01,1,1,1,9,8,0,-1,-1, -1,-1,2021,45.0,2,1,0,2,3,1,5,,4,RTE DE SAINT SIMON,0,,2,5,1,1,(1),(1),1,, -1,1,0,5,50,27,9,1,31,31555,2,1,0,3,RTE DE SAINT SIMON,43.59012,1.41598,8,4,2
202100029329,149Â 338,B01,1,1,1,5,1,0,-1,0,0,-1,2021,47.0,1,2,0,2,1,1,3,,4,PLACE DE LA CONCORDE,0,,1,4,3,1,(1),(1),1,, -1,2,0,1,50,12,7,1,75,75108,2,7,0,3,PLACE DE LA CONCORDE,48.865866,2.319896,13,3,2
202100029185,149Â 583,B01,1,1,1,5,1,6,-1,-1, -1,-1,2021,25.0,2,1,0,2,1,16,1,,3,986,0,,1,0,3,1,0,0,1,, -1,1,0,6,50,11,7,2,92,92004,2,2,0,3,REDOUTE ( AVENUE DE LA  ),48.9295549677,2.2818463504,22,2,2
202100024935,157Â 091,B01,1,1,1,5,1,-1,-1,0,0,-1,2021,27.0,2,2,0,0,8,0,0,,3,58,0,,2,2,0,1,13,780,3,,4,1,5,1,70,9,8,5,49,49221,1,2,0,3,Route de l Oisellerie,47.456463,0.015954,21,3,2
202100034865,139Â 389,B01,1,1,1,2,8,-1,-1,0,0,-1,2021,6.0,3,1,0,2,3,0,5,,7,49,-1,,2,2,0,1,0,800,1,, -1,1,0,1,30,11,6,1,37,37139,2,1,0,3,6 Rue Alfred BaugÃ©,47.3825293909,0.5550344934,8,2,2
202100002013,198Â 194,A01,4,2,1,0,1,0,-1,0,0,-1,2021,20.0,2,2,0,2,1,26,1,,4,VERNE (RUE JULES),0,,2,2,0,1,(1),(1),1,, -1,1,0,1,50,19,12,5,63,63113,2,1,0,6,VERNE (RUE JULES),45.78155,3.12236,3,5,1
202100011356,181Â 430,B01,1,1,1,1,2,-1,-1,-1, -1,-1,2021,35.0,1,1,0,2,1,13,1,,4,JOSEPH GILLET                       (QU),0,,2,4,1,1,(1),(1),1,, -1,1,0,1,50,23,10,5,69,69384,2,1,0,1,JOSEPH GILLET (Q),45.78648,4.81671,2,2,2
202100048910,114Â 333,B01,1,1,2,9,1,-1,-1,0,0,-1,2021,67.0,1,2,0,0,3,0,1,,3,d332,0,,2,2,0,1,35,950,1,, -1,1,0,1,80,7,3,2,60,60579,1,1,0,1,D332,49.353225,2.877983,19,3,2
202100010084,183Â 676,A01,1,1,1,5,1,-1,-1,0,0,-1,2021,74.0,1,2,6,0,2,2,1,,3,13,0,,2,2,0,1,26,0,1,, -1,2,0,3,-1,31,10,3,83,83046,1,1,0,7,"RD 13, pk 026+000",43.517171,6.160471,19,1,1
202100002689,196Â 970,A01,1,1,1,5,8,-1,-1,0,0,-1,2021,29.0,0,2,2,0,0,4,1,,4,,-1,,2,2,0,1,(1),(1),2,,4,1,0,8,50,18,12,5,7,7064,2,1,0,6,Route de Chantelauve,44.90216,4.420797,0,1,1
202100009456,184Â 801,B01,1,1,2,1,1,4,-1,0,0,-1,2021,45.0,1,2,4,2,8,1,2,,4,PORTE DOREE,0,,1,4,0,1,32,800,1,, -1,2,0,1,70,4,11,1,75,75112,2,1,0,3,PORTE DOREE,48.838692,2.412999,12,2,2
202100048461,115Â 137,A01,1,1,1,1,0,-1,-1,0,0,-1,2021,29.0,0,2,0,0,9,1,1,,4,,0,,2,2,0,1,(1),(1),1,, -1,1,8,1,50,12,3,5,10,10381,1,1,0,7,Rue Jean Colas,48.28854,3.984915,18,1,1
202100041878,126Â 768,A01,1,1,1,4,1,0,-1,-1, -1,-1,2021,46.0,1,5,13,0,2,26,1,,3,rue de la Moselotte,0,,2,2,0,2,1,950,1,, -1,2,0,3,50,30,4,1,88,88415,2,1,1,7,rue de la Moselotte,48.01796,6.61599,8,1,1
202100006808,189Â 608,A01,1,1,1,5,2,6,-1,-1, -1,-1,2021,41.0,2,1,0,2,1,21,1,,1,A86 EXT,0,,2,4,0,1,36,599,1,, -1,1,0,1,90,23,11,1,94,94046,1,1,0,3,A86 EXT,48.8108,2.44937,15,2,2
202100001891,198Â 415,B01,1,1,1,0,1,0,-1,0,0,-1,2021,51.0,1,2,0,2,6,1,1,,2,ECHANGEUR NÂ° 5 ( COTE DE NACRE ),0,,1,2,3,1,6,199,1,, -1,1,8,1,70,20,12,3,14,14118,1,1,0,2,ECHANGEUR NÂ° 5 ( COTE DE NACRE ),49.20263,-0.36345,21,2,2
202100056447,101Â 003,A01,7,2,1,0,8,-1,-1,0,0,-1,2021,20.0,1,2,2,0,1,1,1,,3,904,0,,2,2,0,1,14,700,1,, -1,2,0,3,80,1,1,3,1,1005,1,1,1,6,D904,45.998254,4.93227,6,3,1
202100041293,127Â 799,A01,10,3,2,3,0,-1,-1,2,3,1,2021,77.0,1,2,0,1,1,1,1,,3,540,0,,1,-1,0,1,0,565,1,, -1,1,0,1,30,5,5,1,26,26198,2,1,0,6,28 Av John Fitzgerald Kennedy,44.55513,4.73783,10,2,1
202100055169,103Â 202,A01,10,3,2,0,0,-1,-1,3,3,1,2021,63.0,1,2,0,1,1,9,3,,4,ESPAGNE (ROUTE D'),0,,3,4,0,1,(1),(1),1,, -1,1,0,1,50,13,1,1,66,66136,2,1,0,6,ESPAGNE (ROUTE D'),42.6883993335,2.894943729,9,2,1
202100055073,103Â 369,A01,10,3,2,9,0,-1,-1,3,3,1,2021,59.0,2,5,0,1,2,1,1,,4,RUE CHAUVEAU LAGARDE,0,,1,1,0,1,(1),(1),1,, -1,2,0,1,50,14,1,2,75,75108,2,7,0,6,RUE CHAUVEAU LAGARDE,48.871069,2.324471,7,3,1
202100015509,173Â 980,A01,1,1,1,5,1,-1,-1,-1, -1,-1,2021,90.0,2,2,0,2,8,9,2,,7,KENNEDY (AVENUE J.)NÂ°PAIRS 2A2560,0,,2,2,0,1,0,80,1,, -1,1,0,1,50,29,9,1,83,83129,2,3,0,5,KENNEDY (AVENUE J.)NÂ°PAIRS 2A2560,43.107984,5.814983,11,5,3
202100023762,159Â 143,A01,3,2,1,4,0,-1,-1,0,0,-1,2021,35.0,2,4,0,0,8,13,1,,3,72,-1,,2,2,0,1,0,500,1,, -1,1,0,3,80,18,8,1,83,83148,1,1,0,7,RD72,43.409596,6.434807,6,2,1
202100049166,113Â 871,A01,1,1,1,1,2,6,-1,0,0,-1,2021,17.0,2,1,1,0,1,2,1,,3,813,-1,,4,3,3,1,79,990,1,, -1,1,0,1,80,5,3,1,47,47233,1,1,0,2,Route de Bordeaux,44.525472,0.105035,14,2,2
202100029173,149Â 604,A01,2,2,1,0,1,0,-1,-1, -1,-1,2021,42.0,1,2,0,2,4,23,1,,3,JEAN JAURES  (AVE)  157 A 213,0,,2,4,3,1,0,1,1,, -1,2,0,1,50,13,7,1,93,93001,2,1,1,2,JEAN JAURES  (AVE)  157 A 213,48.91203,2.40112,15,3,2
202100004187,194Â 272,A01,1,1,1,4,1,-1,-1,0,0,-1,2021,24.0,1,4,6,0,3,1,1,,1,20,-1,,3,4,0,1,367,400,1,, -1,2,2,8,-1,8,12,3,46,46105,1,1,1,6,A20 PK 367.500,44.397842,1.519107,3,1,1
202100021241,163Â 690,B01,1,1,2,1,8,0,-1,-1, -1,-1,2021,33.0,3,1,0,2,3,19,5,,4,LAMBRET OSCAR AVENUE,0,,1,1,0,2,(1),(1),3,, -1,1,9,1,50,2,9,1,59,59350,2,1,0,3,LAMBRET OSCAR AVENUE,50.61671,3.03407,18,3,2
202100004385,193Â 918,B01,1,1,2,5,1,4,-1,-1, -1,-1,2021,32.0,2,2,0,2,8,1,1,,1,RN104,0,,1,3,0,1,19,0,1,, -1,2,0,1,90,7,12,2,77,77517,1,1,1,2,RN104,48.906762694,2.6400744568,17,2,2
202100027580,152Â 426,A01,1,1,1,9,2,0,-1,-1, -1,-1,2021,22.0,2,1,12,0,7,1,1,,3,VERDUN (R DE),0,,1,2,0,2,0,0,1,, -1,1,0,1,50,21,7,1,94,94043,2,1,0,7,VERDUN (R DE),48.80851,2.35759,20,1,1
202100039382,131Â 208,B01,1,1,1,5,2,6,9,0,0,-1,2021,41.0,2,1,0,2,1,1,5,,3,109e5,0,D,2,2,0,1,22,805,3,, -1,1,0,1,30,20,5,1,33,33060,1,4,0,1,Le Sourd-est,44.562661,-0.342663,7,2,2
202100047576,116Â 723,A01,1,1,1,5,2,6,9,0,0,-1,2021,52.0,2,1,0,2,1,13,1,,7,42,-1,D,2,2,0,2,4,600,1,, -1,1,0,1,50,19,3,1,69,69116,2,1,0,1,GENERAL DE GAULLE (AV),45.8365283811,4.7714487841,16,2,2
202100045343,120Â 689,A01,1,1,1,0,2,0,-1,-1, -1,-1,2021,38.0,1,1,0,2,1,1,1,,4,LECLERC (DU MARECHAL),0,,2,4,3,1,0,0,1,, -1,1,0,1,50,31,3,1,974,97411,2,3,1,3,Rue du MarÃ©chal Leclerc,-20.88277,55.46219,15,2,2
202100024571,157Â 740,B01,1,1,1,1,2,0,-1,-1, -1,-1,2021,57.0,1,1,0,2,8,15,5,,3,VERDUN (AVENUE DE) DU 152 AU 226,0,,2,2,0,1,0,0,1,, -1,1,5,1,30,12,8,1,92,92048,2,6,0,3,VERDUN (AVENUE DE) DU 152 AU 226,48.8179,2.24884,15,2,2
202100050884,110Â 722,A01,10,3,1,5,0,-1,-1,3,5,1,2021,43.0,2,5,0,1,1,1,1,,3,TOULLEC (RUE  FRANCOIS ),0,,2,2,0,1,0,20,1,, -1,1,0,1,50,18,2,1,56,56121,2,6,0,6,TOULLEC (RUE  FRANCOIS ),47.73524,-3.37477,13,2,1
202100021391,163Â 409,A01,10,3,1,0,0,-1,-1,6,3,1,2021,26.0,1,2,0,1,1,1,1,,7,Autoroute A.35,0,,3,2,0,1,310,154,1,, -1,1,0,1,90,1,9,3,67,67152,1,1,0,6,M35,48.52874,7.69107,22,2,1
202100035267,138Â 661,A01,10,3,1,5,0,-1,-1,3,5,1,2021,67.0,3,2,0,1,1,1,1,,4,CONTREBANDIERS (AVENUE DES),0,,1,1,0,1,(1),(1),1,, -1,1,0,1,30,10,6,1,34,34003,2,1,0,6,CONTREBANDIERS (AVENUE DES),43.290232,3.51271,10,2,1
202100021111,163Â 921,B01,1,1,2,1,1,0,-1,-1, -1,-1,2021,51.0,1,2,0,2,8,1,1,,3,GEORGES POMPIDOU (AV),0,,2,2,0,1,1,0,1,, -1,1,0,1,50,3,9,1,94,94071,2,2,0,3,Avenue Georges Pompidou,48.77145,2.52498,13,2,2
202100023805,159Â 070,B01,1,1,1,9,1,6,-1,0,0,-1,2021,24.0,3,1,0,2,1,1,1,,2,2002,-1,,2,2,0,2,(1),(1),1,, -1,1,0,1,50,16,8,1,974,97402,2,3,0,1,route nationale 2002,-21.002832,55.691561,17,2,2
202100024368,158Â 122,A01,2,2,1,4,8,-1,-1,0,0,-1,2021,29.0,2,5,13,0,2,14,1,,2,88,0,,2,2,0,1,14,840,2,, -1,1,0,3,80,12,8,1,12,12107,1,1,0,6,N88,44.353023,2.921891,14,2,1
202100015671,173Â 657,B01,1,1,1,5,2,-1,-1,0,0,-1,2021,76.0,1,1,0,2,8,2,5,,3,19,0,,2,2,0,1,17,600,1,, -1,1,0,1,90,2,10,1,57,57097,1,1,0,3,D19,49.19497,6.480389,15,2,2
202100048177,115Â 631,A01,1,1,1,0,1,-1,-1,0,0,-1,2021,21.0,0,2,6,0,1,16,1,,4,,-1,,2,2,0,1,(1),(1),3,, -1,1,2,4,50,13,3,5,83,83019,2,1,0,6,Chemin des Restanques,43.143947,6.355709,23,1,1
202100017407,170Â 513,A01,10,3,2,0,0,-1,-1,2,3,1,2021,21.0,0,1,0,1,1,1,1,,4,GUILLOTIERE (DE LA)                 (PT),0,,2,4,3,1,(1),(1),1,, -1,1,0,1,50,22,9,5,69,69383,2,2,0,6,GUILLOTIERE (DE LA)                 (PT),45.75628,4.84029,19,2,1
202100005679,191Â 646,B01,9,2,1,2,9,-1,-1,0,0,-1,2021,3.0,2,2,0,2,2,1,1,,3,47,0,D,2,2,0,1,7,700,1,, -1,2,0,1,80,29,11,3,42,42231,1,2,0,3,Route de Saint Forgeux,46.094558,3.941646,17,3,2
202100015243,174Â 459,B01,1,1,1,0,2,4,-1,-1, -1,-1,2021,28.0,1,1,0,2,3,1,3,,4,BARGUE  (BOULEVARD),0,,2,2,0,1,0,0,1,, -1,1,0,1,30,4,10,1,93,93047,2,2,0,1,Boulevard Bargue / Rue Corot,48.900792,2.5576,7,2,2
202100038417,132Â 972,A01,1,1,2,0,2,8,-1,-1, -1,-1,2021,31.0,3,1,0,0,0,26,3,,9,,0,,-1,0,3,1,0,0,1,, -1,2,0,1,20,25,5,2,92,92062,2,1,1,7,PYAT (RUE FELIX),48.8897034423,2.2328851552,20,1,1
202100045096,121Â 124,A01,1,1,1,5,1,0,-1,-1, -1,-1,2021,31.0,2,2,4,0,3,1,1,,2,RN104,0,,1,2,0,1,0,300,1,, -1,1,0,1,70,4,4,3,77,77337,1,1,0,6,RN104,48.82743,2.61756,23,1,1
202100031227,145Â 923,A01,1,1,1,1,2,6,-1,0,0,-1,2021,28.0,2,1,0,2,8,17,1,,2,88,0,N,3,4,0,1,42,487,1,, -1,1,0,1,110,1,6,1,81,81297,1,1,0,3,RN88,43.9151453687,2.0639705659,19,2,2