Num_Acc,id_vehicule,num_veh,place,catu,sexe,trajet,secu1,secu2,secu3,locp,actp,etatp,year_acc,victim_age,senc,catv,obs,obsm,choc,manv,motor,occutc,catr,voie,v1,v2,circ,nbv,vosp,prof,pr,pr1,plan,lartpc,larrout,surf,infra,situ,vma,jour,mois,lum,dep,com,agg_,int,atm,col,adr,lat,long,hour,nb_victim,nb_vehicules
202100033750,141Â 443,A01,1,1,1,5,2,6,-1,0,0,-1,2021,46.0,1,1,7,0,9,1,1,,7,51,-1,,3,2,1,1,9,427,1,, -1,1,0,3,50,19,6,5,69,69063,2,1,0,7,CHAREZIEUX (DE) (Q),45.832103,4.843844,1,1,1
202100005810,191Â 407,B01,1,1,2,5,1,-1,-1,0,0,-1,2021,37.0,1,2,0,2,4,1,1,,3,518,-1,,2,2,0,1,18,900,1,,4,2,0,1,80,26,11,1,38,38035,1,4,0,4,CD518,45.509339,5.084095,10,3,3
202100017139,171Â 001,B01,2,2,2,5,2,6,-1,-1, -1,-1,2021,26.0,3,1,0,2,3,3,1,,3,3,0,,1,5,0,2,1,0,1,, -1,1,0,1,50,23,9,1,92,92073,2,1,0,2,ROOSEVELT (AVENUE FRANKLIN),48.8718097349,2.2215731442,9,3,2
202100040145,129Â 839,A01,1,1,1,1,2,0,-1,-1, -1,-1,2021,57.0,1,1,0,2,1,1,1,,4,BONNAND                             (R ),0,,1,3,2,1,(1),(1),1,, -1,1,0,1,50,12,5,2,69,69383,2,2,0,3,BONNAND (R),45.75033,4.8844,6,2,2
202100034586,139Â 894,A01,1,1,1,0,1,0,-1,0,0,-1,2021,67.0,2,2,0,2,1,13,1,,3,ROUTE DE SAINT GERVAIS,0,,2,2,0,1,1,0,2,, -1,1,0,1,80,12,6,1,30,30028,1,1,0,1,ROUTE DE SAINT GERVAIS,44.17921,4.60939,13,2,2
202100054593,104Â 196,A01,1,1,1,0,1,-1,-1,-1, -1,-1,2021,59.0,1,2,15,2,1,13,1,,4,AVENUE DE VIRECOURT,0,,3,2,0,2,(1),(1),1,, -1,1,0,1,50,18,1,1,33,33013,2,1,0,3,Avenue de Virecourt,44.85448,-0.49951,9,2,2
202100054277,104Â 740,B01,1,1,2,1,4,-1,-1,0,0,-1,2021,20.0,1,1,0,2,2,1,5,,4,301,0,D,2,2,0,1,3,0,1,, -1,2,5,1,90,21,1,5,72,72328,1,6,1,3,La Fontaine Saint Martin,48.022772,0.230965,18,2,2
202100047258,117Â 288,A01,1,1,1,5,2,0,-1,-1, -1,-1,2021,17.0,1,1,0,2,1,2,1,,4,SAVAR.(RUE JULIETTE),0,,2,2,0,1,1,0,1,, -1,1,0,1,50,20,3,1,94,94028,2,2,0,2,Rue Juliette Savar,48.77803,2.46683,11,2,2
202100043129,124Â 582,A01,1,1,1,5,1,0,-1,-1, -1,-1,2021,66.0,1,2,14,0,4,1,1,,2,ROUTE NATIONALE 5,0,,1,3,0,1,1,0,1,, -1,1,0,1,70,21,4,1,972,97213,1,1,0,2,ROUTE NATIONALE 5,14.5958,-60.99,13,2,2
202100000384,201Â 018,A01,2,2,2,5,8,-1,-1,0,0,-1,2021,24.0,1,2,3,0,1,26,1,,1,40,-1,,1,2,0,1,1,200,4,, -1,1,3,1,30,22,10,5,74,74208,1,1,0,6,a40,45.911131,6.69442,1,2,1
202100011976,180Â 311,B01,1,1,1,1,1,-1,-1,-1,0,-1,2021,52.0,3,2,0,2,1,13,1,,4,AV EUGENE VARLIN,0,,-1,2,0,1,(1),(1),1,, -1,1,0,1,50,20,10,1,95,95268,2,1,0,1,RUE EUGENE VARLIN,48.963821,2.402277,14,2,2
202100039213,131Â 530,B01,1,1,1,3,1,-1,-1,0,0,-1,2021,23.0,2,2,0,2,3,1,1,,3,995,-1,,2,2,0,1,4,875,3,, -1,1,0,1,80,21,5,1,55,55427,1,1,0,1,RD 995 / PK 04+875,48.812883,4.970713,13,2,2
202100036221,136Â 945,B01,5,2,2,5,1,5,-1,-1, -1,-1,2021,8.0,1,2,0,2,1,1,1,,1,AUTOROUTE A1,0,,1,0,0,1,3,300,1,, -1,1,0,1,90,5,6,1,972,97213,1,1,0,2,AUTOROUTE A1,14.61808,-61.02079,11,5,2
202100012260,179Â 811,A01,1,1,1,0,8,0,-1,-1, -1,-1,2021,27.0,3,2,0,0,6,24,1,,4,MONTJOIE,0,,1,1,0,1,0,1,1,, -1,1,0,1,50,18,10,1,93,93066,2,1,0,6,MONTJOIE,48.9107388002,2.3619709597,10,2,2
202100039626,130Â 760,A01,1,1,1,1,1,-1,-1,0,0,-1,2021,49.0,2,2,0,2,8,13,1,,3,36,0,,2,2,0,1,46,600,3,, -1,1,0,1,80,17,5,1,85,85093,1,1,0,3,RD36,46.663176,-1.243407,14,2,2
202100056053,101Â 693,A01,10,3,1,2,0,-1,-1,3,3,1,2021,12.0,1,2,0,1,2,1,1,,4,,0,,2,2,0,1,0,0,1,0,"5,4",1,0,1,50,5,1,1,16,16102,2,1,0,6,65 Rue de Cagouillet,45.697095,-0.322549,13,2,1
202100030133,147Â 915,B01,1,1,1,0,2,8,-1,-1, -1,-1,2021,33.0,1,1,0,2,8,3,1,,1,86,0,,3,4,0,1,6,949,1,, -1,1,0,1,90,8,7,1,92,92025,1,1,0,3,A86,48.9337646787,2.2726945731,9,2,2
202100046212,119Â 163,B01,2,2,2,5,1,-1,-1,-1, -1,-1,2021,32.0,2,2,0,2,1,15,1,,4,COMBATTANTS EN AFN 1952-1962 (DES)  (AV),0,,2,2,0,2,(1),(1),1,, -1,2,0,1,50,13,3,2,69,69286,2,3,1,3,COMBATTANTS EN AFN 1952-1962 (DES) (AV),45.81514,4.89365,18,6,2
202100024584,157Â 715,A01,1,1,1,1,1,-1,-1,0,0,-1,2021,48.0,1,2,3,0,1,2,1,,1,7,0,,3,5,0,1,59,650,1,, -1,2,0,3,130,1,5,1,26,26250,1,1,1,6,A7 Pk 059.700,45.026738,4.874861,18,1,1
202100041288,127Â 806,A01,10,3,1,0,0,-1,-1,2,3,1,2021,60.0,3,2,0,1,1,16,1,,4,,0,,1,1,0,1,(1),(1),1,, -1,1,0,1,50,5,5,1,33,33529,2,2,0,6,Rue Desbiey,44.62785,-1.1435,9,2,1
202100048419,115Â 209,A01,1,1,1,1,8,0,-1,-1, -1,-1,2021,26.0,1,1,1,2,8,24,1,,4,EMILE ZOLA (RUE),0,,1,1,0,1,(1),(1),1,, -1,1,0,6,50,11,3,3,13,13209,2,1,0,3,EMILE ZOLA (RUE),43.247192,5.401412,20,2,2
202100047055,117Â 660,A01,1,1,1,9,2,6,-1,0,0,-1,2021,33.0,1,1,0,2,2,12,1,,4,RUE PAUL BARRUEL,0,,2,2,0,2,(1),(1),1,, -1,1,0,1,50,19,3,1,75,75115,2,4,0,3,RUE PAUL BARRUEL,48.83674,2.306339,14,2,2
202100017035,171Â 170,A01,10,3,2,5,0,-1,-1,2,3,1,2021,73.0,1,2,0,1,1,1,1,,4,AVENUE FOCH,0,,1,1,0,1,(1),(1),1,, -1,1,0,1,50,22,9,1,75,75116,2,3,0,6,AVENUE FOCH,48.873537,2.287966,11,2,1
202100008923,185Â 769,B01,1,1,2,0,1,8,-1,-1, -1,-1,2021,55.0,2,2,0,2,1,26,1,,3,RECHERCHANT(RUE ADRIEN),0,,3,2,0,1,(1),(1),3,, -1,1,0,1,50,6,11,3,974,97416,1,1,0,3,RECHERCHANT(RUE ADRIEN),-21.28415,55.47964,23,2,2
202100007036,189Â 180,A01,1,1,2,9,8,0,-1,-1, -1,-1,2021,31.0,3,2,8,0,1,13,1,,2,MARCEL DASSAULT ROND POINT,0,,1,1,0,1,1,0,3,, -1,1,0,8,30,20,11,5,13,13047,2,1,0,1,MARCEL DASSAULT ROND POINT,43.50018,4.96676,6,1,1
202100045484,120Â 437,A01,10,3,2,9,8,-1,-1,0,9,2,2021,16.0,3,2,0,1,2,1,1,,7,,0,,2,2,3,3,0,0,1,, -1,1,0,8,50,2,4,1,38,38126,2,1,0,2,118 Avenue de l'Eygala,45.212074,5.757791,12,2,1
202100051637,109Â 392,A01,1,1,2,0,1,0,-1,-1, -1,-1,2021,23.0,2,2,0,2,1,2,1,,1,86,0,,3,4,0,1,6,400,1,, -1,1,0,2,90,13,2,1,92,92036,1,1,0,2,A86,48.9354016608,2.2654496814,15,2,2
202100044870,121Â 515,A01,2,2,2,5,1,-1,-1,0,0,-1,2021,19.0,1,2,13,0,1,13,1,,4,,-1,,2,2,0,2,(1),(1),3,, -1,1,0,3,50,14,3,3,12,12090,1,1,0,6,RUE DES ROUTIERS,44.368995,2.533283,0,2,1
202100036759,135Â 998,B01,1,1,1,0,2,6,-1,-1, -1,-1,2021,29.0,1,1,0,2,8,2,1,,4,JOSEPH GILLET                       (QU),0,,2,2,0,1,(1),(1),1,, -1,1,2,1,50,2,6,1,69,69384,2,3,0,3,JOSEPH GILLET (Q),45.7798,4.81162,18,2,2
202100001423,199Â 236,A01,2,2,1,4,1,-1,-1,0,0,-1,2021,23.0,1,5,0,2,7,1,1,,3,28,-1,,2,2,0,1,(1),(1),1,, -1,2,0,1,50,27,12,1,13,13027,2,1,1,5,Avenue de la LibÃ©ration,43.885723,4.866643,10,3,2
202100012287,179Â 767,A01,1,1,2,9,2,9,-1,0,0,-1,2021,49.0,3,1,8,9,6,17,1,,3,810,0,D,2,2,0,1,(1),(1),1,, -1,1,0,1,80,19,10,2,40,40036,1,1,0,6,D810,43.641246,-1.343615,7,1,1
202100052813,107Â 319,A01,1,1,1,4,2,0,-1,-1, -1,-1,2021,20.0,2,1,0,2,1,1,1,,4,EDOUARD LIEVIN,0,,2,2,0,1,0,0,1,, -1,2,0,1,50,30,1,5,93,93029,2,3,1,3,EDOUARD LIEVIN,48.9195722042,2.4597693503,23,2,2
202100016381,172Â 353,B01,1,1,1,1,2,6,-1,-1, -1,-1,2021,51.0,1,1,0,2,1,1,1,,3,61,0,,2,2,0,1,0,1,1,, -1,1,0,1,50,28,9,1,92,92046,2,2,0,1,MARNE AVENUE DE LA,48.8177106576,2.307870537,7,2,2
202100008853,185Â 915,A01,1,1,2,2,1,8,-1,-1, -1,-1,2021,21.0,2,2,0,2,1,1,0,,3,SONIA DE LAUNAY (VOI),0,,2,2,0,4,1,0,1,, -1,1,0,1,50,6,11,1,94,94017,2,1,0,2,Voie Sonia Delaunay,48.81307,2.52962,11,2,2
202100028449,150Â 863,A01,1,1,1,0,1,-1,-1,-1, -1,-1,2021,28.0,1,2,0,2,3,16,1,,4,JULES CARTERET                      (BD),0,,2,2,0,1,(1),(1),3,, -1,1,0,1,50,17,7,1,69,69387,2,2,0,3,JULES CARTERET                      (BD),45.72586,4.84056,6,2,2
202100046721,118Â 258,A01,10,3,2,5,0,-1,-1,3,3,1,2021,69.0,1,2,0,1,1,1,1,,4,ILE DE FRANCE AVENUE DE L',0,,2,2,0,1,(1),(1),1,, -1,1,5,1,50,16,1,1,25,25056,2,6,0,6,ILE DE FRANCE AVENUE DE L',47.21795,5.96443,9,2,1
202100023435,159Â 732,A01,2,2,1,5,1,-1,-1,0, -1,-1,2021,33.0,1,2,0,0,9,1,1,,2,RN 165,0,,2,4,0,1,49,700,1,, -1,1,0,3,110,19,8,3,29,29051,1,1,0,7,RN 165,48.0026685558,-4.0551104347,4,2,1
202100005198,192Â 481,B01,1,1,1,0,2,6,-1,-1, -1,-1,2021,24.0,2,1,0,2,1,3,1,,1,AUTOROUTE A86,0,,3,3,0,1,21,0,2,, -1,1,1,1,90,2,12,3,93,93008,1,1,0,3,AUTOROUTE A86,48.91239,2.43786,17,2,2
202100049696,112Â 910,B01,1,1,2,5,1,-1,-1,0,0,-1,2021,34.0,2,2,0,2,3,1,1,,3,61,0,D,2,2,0,2,7,900,2,, -1,1,0,1,80,28,2,1,63,63004,1,1,0,1,D61-Hameau de Tournobert,45.91652,2.802823,17,4,2
202100056279,101Â 297,A01,2,2,1,9,2,6,-1,0,0,-1,2021,27.0,3,1,0,2,1,13,1,,4,BOULEVARD PERIPHERIQUE INTERIEUR OUEST,0,,1,4,0,1,18,0,3,, -1,2,1,1,70,4,1,1,75,75117,2,1,0,2,BOULEVARD PERIPHERIQUE INTERIEUR OUEST,48.889204,2.296169,9,3,2
202100048720,114Â 674,A01,10,3,1,2,0,-1,-1,3,3,3,2021,12.0,2,2,0,1,0,1,0,,4,ARISTIDE BRIAND(RUE)1A49 ET 2A52,0,,1,2,3,1,0,0,1,, -1,1,0,1,50,9,3,1,92,92044,2,2,0,6,ARISTIDE BRIAND(RUE)1A49 ET 2A52,48.8904231191,2.2836488485,16,2,1
202100004275,194Â 116,A01,10,3,2,3,0,-1,-1,3,3,1,2021,52.0,1,2,0,1,3,2,1,,4,LIBERATION   RUE DE LA,0,,2,1,3,1,(1),(1),3,, -1,2,6,1,30,6,12,5,17,17291,2,9,1,6,LIBERATION   RUE DE LA,46.175,-1.114,19,2,1
202100055418,102Â 792,A01,2,2,1,4,8,4,-1,-1, -1,-1,2021,42.0,1,2,0,2,4,23,1,,1,AUTOROUTE A16,0,,3,3,0,1,90,0,1,, -1,1,0,1,110,7,1,1,62,62548,1,1,0,5,AUTOROUTE A16,50.937476,1.94767,14,4,3
202100006877,189Â 485,A01,1,1,2,1,2,6,0,0,0,-1,2021,44.0,1,1,0,2,1,2,1,,1,8,-1,,3,4,0,2,200,100,1,, -1,1,0,1,90,23,11,1,6,6088,1,1,0,2,A8 PK 200.100 SENS FRANCE ITALIE,43.733592,7.285137,9,2,2
202100029237,149Â 500,A01,1,1,1,5,8,-1,-1,0,0,-1,2021,73.0,1,2,0,2,1,13,1,,3,669,-1,,2,2,0,1,20,360,1,, -1,2,0,1,70,14,7,1,33,33339,1,1,1,1,,45.027766,-0.483801,11,3,2
202100003223,196Â 011,B01,1,1,1,1,2,6,-1,-1, -1,-1,2021,29.0,2,1,0,2,6,21,1,,1,A12 W,0,,2,3,0,1,1,850,1,, -1,1,0,1,110,13,12,1,78,78043,1,1,0,3,A12 W,48.830634,2.081971,16,2,2
202100048222,115Â 559,B01,1,1,2,0,1,0,-1,-1, -1,-1,2021,31.0,3,2,0,2,8,1,1,,4,CROIZAT(RUE),0,,2,2,0,1,0,0,1,, -1,1,0,1,50,10,3,1,974,97407,2,2,0,3,CROIZAT(RUE),-20.94185,55.28856,15,3,2
202100052089,108Â 608,B01,1,1,1,1,4,-1,-1,0,0,-1,2021,19.0,1,1,0,2,4,1,5,,3,2,-1,D,2,2,0,1,76,228,1,, -1,2,5,1,80,8,2,5,33,33256,1,1,1,2,D2,44.966851,-0.626172,6,2,2
202100033399,142Â 066,A01,1,1,1,9,2,0,-1,-1, -1,-1,2021,37.0,1,1,0,0,0,0,1,,3,JEAN JAURES (RUE),0,,2,2,0,1,10,550,1,, -1,1,0,1,50,18,6,1,59,59225,2,3,0,3,JEAN JAURES (RUE),50.297742,3.916725,20,2,2
202100015225,174Â 487,B01,1,1,1,1,2,0,-1,-1, -1,-1,2021,40.0,1,1,0,2,8,1,1,,4,AVENUE DE LA REPUBLIQUE,0,,2,4,0,1,(1),(1),1,, -1,1,0,1,30,4,10,1,75,75111,2,5,0,3,AVENUE DE LA REPUBLIQUE,48.865129,2.374926,17,2,2
202100027874,151Â 889,A01,10,3,2,9,0,-1,-1,4,3,1,2021,85.0,1,2,0,1,3,15,1,,4,GUILLOTIERE (DE LA)                 (GR),0,,1,3,0,1,(1),(1),2,, -1,1,0,1,50,20,7,1,69,69387,2,2,0,6,GUILLOTIERE (DE LA) (GR),45.7490668654,4.8534622531,13,2,1
202100027208,153Â 081,A01,2,2,2,0,1,-1,-1,-1, -1,-1,2021,19.0,2,2,2,0,4,11,1,,7,,0,,3,4,0,1,42,10,1,, -1,2,5,1,90,24,7,1,35,35051,2,6,1,6,Giratoire des douz'arÃ´mes,48.154758,-1.624566,16,2,1
202100024144,158Â 502,A01,1,1,1,0,2,6,-1,0,0,-1,2021,56.0,2,1,6,0,1,2,1,,3,RENOIR (AVENUE AUGUSTE),0,,2,2,0,1,5,688,2,, -1,1,0,1,50,14,8,1,6,6069,2,1,0,6,RENOIR (AVENUE AUGUSTE),43.681746,6.961238,12,1,1
202100040913,128Â 492,A01,1,1,2,0,2,6,-1,-1, -1,-1,2021,17.0,1,1,0,2,1,2,1,,4,RÃPUBLIQUE (AVENUE DE LA) 106 AU 130 - 1,0,,1,1,0,1,(1),(1),1,, -1,1,0,1,50,5,5,1,44,44184,2,1,0,2,RÃPUBLIQUE (AVENUE DE LA) 106 AU 130 - 1,47.28447,-2.21078,16,2,2
202100041819,126Â 860,A01,1,1,1,5,2,6,-1,0,0,-1,2021,49.0,2,1,0,2,7,1,1,,4,AVENUE MARCEAU,0,,2,3,3,1,(1),(1),1,, -1,1,0,1,50,30,4,1,75,75108,2,2,0,3,AVENUE MARCEAU,48.868635,2.299049,10,2,2
202100049789,112Â 749,A01,1,1,1,5,0,-1,-1,0,0,-1,2021,15.0,3,1,0,2,1,15,6,,3,66,-1,A,2,2,0,2,21,628,1,, -1,2,0,1,50,31,1,1,31,31082,2,9,0,3,Cote des Rouilleres,43.599101709,1.7123354245,13,2,2
202100047184,117Â 423,A01,1,1,1,5,2,6,-1,0,0,-1,2021,65.0,3,6,7,0,1,1,1,,4,27,-1,,2,2,0,1,(1),(1),1,, -1,1,0,3,80,21,3,1,17,17099,1,1,0,7,Les Mitilles,45.264553,-0.287732,19,1,1
202100003043,196Â 337,A01,1,1,1,1,2,6,-1,-1, -1,-1,2021,25.0,1,1,0,2,2,3,1,,2,RN12,0,,1,2,0,1,28,0,1,, -1,1,0,1,90,14,12,3,78,78423,1,1,0,5,RN12,48.79649,2.03597,19,3,3
202100049577,113Â 137,A01,1,1,2,0,1,0,-1,-1, -1,-1,2021,29.0,2,2,0,2,1,2,1,,2,RN 118,0,,3,7,0,3,9,699,1,, -1,1,0,1,110,2,3,1,91,91471,1,1,0,2,RN 118,48.7134,2.17895,9,2,2
202100033109,142Â 569,C01,1,1,1,1,1,-1,-1,0,0,-1,2021,40.0,1,2,0,2,3,1,1,,3,60,0,,2,2,0,1,6,890,1,, -1,1,0,1,70,21,6,1,62,62817,1,1,0,1,D60,50.270588,2.804732,13,2,2
202100044351,122Â 395,B01,1,1,1,0,1,8,-1,-1, -1,-1,2021,23.0,1,2,4,2,1,1,1,,2,RN2 DIRECTION ST BENT SORTIE PETIT BAZAR,0,,-1,2,0,1,(1),(1),1,, -1,1,0,1,90,11,4,5,974,97409,1,1,0,1,RN2 DIRECTION ST BENT SORTIE PETIT BAZAR,-20.94389,55.64949,19,3,2
202100019368,167Â 010,A01,10,3,1,5,0,-1,-1,2,4,1,2021,9.0,2,2,0,1,3,1,2,,4,RUE EDMOND ROUSSE,0,,2,2,0,1,(1),(1),1,, -1,1,0,1,30,12,9,1,75,75114,2,1,0,6,RUE EDMOND ROUSSE,48.8230109995,2.3242173499,18,2,1
202100003663,195Â 208,A01,1,1,2,5,1,0,-1,-1, -1,-1,2021,57.0,3,2,15,0,0,16,1,,4,BIGNON (RUE DU),0,,2,2,0,1,(1),(1),2,, -1,2,5,1,50,9,12,5,35,35055,2,6,1,7,BIGNON (RUE DU),48.0977461788,-1.6239391566,20,1,1
202100020458,165Â 066,A01,10,3,2,0,0,-1,-1,3,3,2,2021,23.0,1,2,0,1,2,1,1,,4,ARRAS RUE D,0,,2,2,0,1,(1),(1),1,, -1,1,0,8,30,21,5,1,59,59350,2,1,0,6,ARRAS RUE D,50.6207584915,3.0658380329,16,2,1
202100006056,190Â 975,A01,10,3,2,5,0,-1,-1,4,3,1,2021,67.0,3,2,0,1,0,1,1,,3,1516,0,,2,4,0,1,(1),(1),1,, -1,1,0,1,50,27,11,5,38,38509,2,9,0,6,61 Boulevard Gambetta,45.566504,5.449054,17,3,1
202100001211,199Â 607,A01,4,2,1,5,8,0,-1,0,0,-1,2021,20.0,2,1,0,2,1,1,3,,4,RUE DU PONT LOUIS PHILIPPE,0,,3,2,1,1,(1),(1),1,, -1,1,-1,5,30,27,12,1,75,75104,2,2,0,3,RUE DU PONT LOUIS PHILIPPE,48.856285,2.356599,16,3,2
202100005102,192Â 653,B01,1,1,1,9,2,6,-1,0,0,-1,2021,46.0,2,1,0,2,2,1,1,,4,AVENUE DAUMESNIL,0,,2,0,0,1,(1),(1),1,, -1,1,0,1,30,2,12,1,75,75112,2,3,0,3,AVENUE DAUMESNIL,48.843244,2.383689,10,2,2
202100051024,110Â 467,A01,10,3,2,0,0,-1,-1,2,3,1,2021,20.0,1,2,0,1,2,16,1,,3,MARCEAU BAILLIOTI(RUE),0,,-1,2,0,1,0,100,3,, -1,2,0,1,50,18,2,1,91,91691,2,6,1,6,MARCEAU BAILLIOTI(RUE),48.70971,2.49151,16,2,1
202100011920,180Â 420,B01,1,1,1,5,1,-1,-1,0,0,-1,2021,61.0,2,2,0,2,1,1,1,,3,11,0,,2,2,0,2,18,830,3,,6,1,0,1,80,22,10,1,4,4158,1,1,0,1,RD 11,43.710153,6.044905,8,3,2
202100042525,125Â 610,A01,1,1,2,5,8,-1,-1,0,0,-1,2021,27.0,1,2,2,0,3,0,1,,3,118,0,D,2,2,0,1,81,769,1,, -1,2,0,3,50,27,4,3,11,11063,2,1,1,6,avenue du languedoc,42.920229,2.211814,0,1,1
202100011813,180Â 605,B01,1,1,2,0,2,8,-1,-1, -1,-1,2021,60.0,0,1,0,2,4,19,5,,4,PAINLEVE ( RUE PAUL ),0,,1,0,0,1,(1),0,1,, -1,2,0,1,30,21,10,1,44,44109,2,6,0,3,PAINLEVE ( RUE PAUL ),47.225876,-1.570717,15,2,2
202100003752,195Â 050,A01,10,3,1,5,0,-1,-1,2,3,2,2021,54.0,3,1,0,1,8,16,1,,3,BOURNARD (RUE DU),0,,2,2,3,1,0,0,1,, -1,1,6,1,30,9,12,5,92,92025,2,3,0,6,JULIEN GALLE (RUE),48.9233281689,2.2583824396,18,3,1
202100030575,147Â 100,A01,10,3,2,1,0,-1,-1,5,B,1,2021,52.0,1,2,15,1,1,14,1,,4,ROUX (RUE DOCTEUR),0,,2,2,0,1,0,1,1,, -1,1,0,4,50,5,7,1,24,24037,2,1,1,6,ROUX (RUE DOCTEUR),44.86163,0.49671,11,2,1
202100056323,101Â 221,B01,1,1,1,5,1,0,-1,-1, -1,-1,2021,21.0,2,2,1,1,1,1,1,,1,5B,0,,3,3,0,1,8,199,1,, -1,2,0,1,110,3,1,3,77,77495,1,1,1,6,A5b,48.58194,2.6376,23,4,1
202100028869,150Â 118,A01,1,1,1,0,1,0,-1,-1, -1,-1,2021,46.0,2,2,0,2,4,23,1,,3,BOISSY.(AVENUE DE),0,,2,4,0,1,1,0,1,, -1,1,0,1,50,14,7,1,94,94011,2,1,0,2,Avenue de Boissy,48.76393,2.49312,14,2,2
202100041708,127Â 058,B01,2,2,2,5,1,-1,-1,0,0,-1,2021,57.0,2,2,0,2,3,1,1,,3,271,-1,,2,2,0,1,23,950,1,, -1,1,0,1,80,1,5,2,61,61121,1,1,0,1,BELLEVUE,48.464659,0.469548,20,4,2
202100024791,157Â 336,A01,1,1,1,1,1,-1,-1,0,0,-1,2021,41.0,2,2,2,0,1,13,1,,3,964,-1,,2,2,0,2,15,837,2,, -1,1,0,3,80,6,8,3,81,81064,1,1,0,7,le fangas,43.968021,1.812814,2,1,1
202100015627,173Â 740,A01,10,3,2,2,8,8,-1,2,4,1,2021,11.0,2,2,0,1,2,0,0,,4,VICTOR HUGO (RUE),0,,2,2,0,1,(1),(1),1,, -1,1,0,1,50,1,10,1,10,10387,2,1,0,6,VICTOR HUGO (RUE),48.294016,4.068195,17,2,1
202100044404,122Â 308,A01,10,3,2,3,0,-1,-1,3,3,1,2021,85.0,1,2,0,1,2,16,1,,4,D2560,0,,2,2,0,2,62,530,1,, -1,1,0,1,50,11,4,1,83,83121,2,1,0,6,Avenue Victor Hugo,43.563115,6.234194,9,2,1
202100020824,164Â 421,A01,1,1,1,0,2,6,-1,-1, -1,-1,2021,56.0,2,1,8,2,7,1,1,,2,mamoudzou centre-Commandant Passot (Plac,0,,3,3,0,1,1,0,1,, -1,1,0,1,50,3,9,1,976,97611,2,1,0,3,mamoudzou centre-Commandant Passot (Plac,-12.77965,45.23269,12,2,2
202100003457,195Â 573,A01,1,1,1,5,1,-1,-1,0,0,-1,2021,73.0,2,2,0,2,9,9,1,,3,133,-1,D,2,2,0,1,11,200,1,, -1,2,0,1,80,9,12,1,67,67103,1,1,1,5,D133,48.804944,7.386973,13,4,3
202100045272,120Â 797,A01,1,1,1,5,2,-1,-1,0,0,-1,2021,20.0,2,1,0,2,1,17,1,,3,17,-1,,2,2,0,2,0,200,3,, -1,1,0,1,90,4,4,1,974,97404,1,1,0,1,D17,-21.261561,55.339398,11,2,2
202100042956,124Â 886,A01,1,1,1,0,2,6,-1,0,0,-1,2021,24.0,2,1,0,2,1,13,1,,3,23,0,D,2,2,0,2,20,319,3,, -1,1,0,1,80,23,4,1,69,69135,1,1,0,1,COL DE CRIE (DU) (RTE),46.23222,4.55274,17,2,2
202100003421,195Â 641,B01,1,1,1,2,2,0,-1,-1, -1,-1,2021,15.0,1,1,0,2,1,1,1,,3,VALETTE (RUE),0,,2,2,0,1,0,1,1,, -1,1,0,1,30,11,12,1,24,24037,2,1,0,3,VALETTE (RUE),44.85719,0.47436,16,2,2
202100011366,181Â 409,B01,1,1,1,0,2,8,-1,-1, -1,-1,2021,16.0,1,1,0,2,5,1,1,,4,LECLERC (BD MARECHAL),0,,2,2,0,1,0,0,1,, -1,1,0,8,50,23,10,1,83,83144,2,6,0,3,Boulevard du General Leclerc,43.1363,5.98738,8,2,2
202100031186,145Â 990,B01,1,1,1,0,2,0,-1,0,0,-1,2021,14.0,2,1,0,2,1,17,1,,4,CHARLES AUROUZE ( RUE ),0,,2,2,0,1,0,1,1,, -1,1,0,1,50,1,7,1,5,5061,2,1,0,3,CHARLES AUROUZE ( RUE ),44.5655398408,6.0792992659,15,2,2
202100047749,116Â 398,B01,1,1,1,5,2,6,-1,-1, -1,-1,2021,71.0,3,1,0,2,0,1,1,,4,SUBILIA (AVENUE ERNEST ),0,,2,2,0,1,0,0,1,, -1,1,0,1,50,4,3,1,13,13028,2,1,0,3,SUBILIA (AVENUE ERNEST ),43.1847383946,5.6089010529,16,2,2
202100017149,170Â 986,B01,1,1,2,0,8,0,-1,-1, -1,-1,2021,21.0,1,0,0,2,3,15,0,,3,77,0,,2,0,1,1,0,0,1,, -1,1,0,1,50,25,9,1,92,92007,2,9,0,3,HUGO (AVENUE VICTOR),48.8036542087,2.3200848019,11,2,2
202100006165,190Â 793,B01,4,2,2,5,0,-1,-1,0,0,-1,2021,56.0,1,2,1,2,4,24,2,,1,A13,-1,,3,3,3,2,162,0,2,, -1,2,0,6,130,27,11,1,27,27662,1,1,1,6,A13,49.3476760289,0.4274657483,12,9,2
202100013650,177Â 313,B01,1,1,1,1,1,0,-1,-1, -1,-1,2021,48.0,1,2,0,2,1,2,1,,7,MELESSE (ROND POINT DE),0,,2,0,0,1,7,63,1,, -1,1,0,1,80,12,10,3,35,35278,1,1,1,2,MELESSE (ROND POINT DE),48.161341,-1.689935,7,3,2
202100020202,165Â 523,B01,1,1,1,1,2,0,-1,-1, -1,-1,2021,23.0,2,1,0,2,3,3,0,,2,RN12,0,,1,3,0,1,23,200,1,, -1,1,0,1,110,8,9,1,78,78646,1,1,0,3,RN12,48.792043,2.094368,8,2,2
202100014919,175Â 048,A01,1,1,1,1,1,-1,-1,0,0,-1,2021,31.0,2,2,13,0,1,1,1,,3,D49,0,D,2,2,0,2,(1),(1),1,, -1,2,0,3,-1,6,10,3,59,59387,1,1,0,6,Rue FranÃ§ois Mitterrand,50.290916,3.272424,7,1,1