Num_Acc,id_vehicule,num_veh,place,catu,sexe,trajet,secu1,secu2,secu3,locp,actp,etatp,year_acc,victim_age,senc,catv,obs,obsm,choc,manv,motor,occutc,catr,voie,v1,v2,circ,nbv,vosp,prof,pr,pr1,plan,lartpc,larrout,surf,infra,situ,vma,jour,mois,lum,dep,com,agg_,int,atm,col,adr,lat,long,hour,nb_victim,nb_vehicules
202100031779,144Â 955,B01,1,1,1,5,2,6,-1,0,0,-1,2021,21.0,3,1,0,2,1,1,1,,4,,-1,,2,2,0,1,(1),(1),1,,5,1,0,1,50,29,6,1,26,26191,1,1,0,3,325 A Rue Noe et Celie Poncet,44.545757,4.796267,15,2,2
202100001359,199Â 334,A01,1,1,2,1,1,4,-1,-1, -1,-1,2021,26.0,1,2,3,5,3,21,1,,1,RN104,0,,1,2,0,1,13,600,1,, -1,2,0,1,90,26,12,3,77,77514,1,1,1,6,RN104,48.9529986822,2.6280130814,0,1,1
202100033543,141Â 814,A01,10,3,2,5,0,-1,-1,3,5,1,2021,71.0,1,2,0,1,1,16,1,,3,CHAINETTE (BOULEVARD DE LA)  NÂ° PAIRS,0,,2,2,0,3,0,5,1,, -1,1,0,1,50,12,6,1,89,89024,2,6,0,6,CHAINETTE (BOULEVARD DE LA)  NÂ° PAIRS,47.80091,3.56837,17,2,1
202100036562,136Â 359,B01,1,1,1,5,2,6,-1,-1, -1,-1,2021,28.0,1,1,0,2,8,1,1,,1,A515CD-Gardanne vers A51-Marseille,0,,1,2,0,1,1,100,1,, -1,1,0,1,90,25,5,1,13,13015,1,1,0,3,A515CD-Gardanne vers A51-Marseille,43.42894,5.407224,19,2,2
202100034010,140Â 966,A01,10,3,1,5,0,-1,-1,2,3,2,2021,66.0,2,2,0,1,1,1,1,,4,Lefaguyes (chemin),0,,2,2,0,1,0,0,1,, -1,1,0,3,70,15,6,1,974,97409,2,1,0,6,Lefaguyes (chemin),-20.9603729126,55.6622909365,17,3,1
202100000671,200Â 515,A01,1,1,2,1,1,-1,-1,0,0,-1,2021,32.0,1,2,0,2,4,1,1,,3,306,-1,,2,3,2,1,31,900,1,, -1,1,0,1,80,11,12,1,69,69122,1,1,0,2,RD 306,45.9186965428,4.7308158875,11,2,2
202100026572,154Â 205,A01,1,1,1,5,2,-1,-1,0,0,-1,2021,19.0,3,1,0,0,7,1,1,,4,,-1,,2,2,0,1,(1),(1),1,, -1,1,0,1,-1,30,7,1,971,97110,1,1,0,7,chemin de la montagne,16.320737,-61.04403,8,1,1
202100030358,147Â 497,A01,2,2,2,9,1,0,-1,-1, -1,-1,2021,8.0,1,5,0,2,7,9,1,,7,THIERS (RUE),0,,2,2,0,1,(1),(1),1,, -1,1,0,1,50,6,7,1,59,59599,2,3,0,3,THIERS (RUE),50.717085,3.161767,18,3,2
202100004590,193Â 572,A01,1,1,1,5,1,9,-1,0,0,-1,2021,73.0,2,2,17,0,3,0,1,,1,A65,-1,,1,4,0,4,140,400,1,, -1,2,0,2,110,6,12,1,64,64073,1,9,1,6,A 65 PK 140.400 sens PAU / LANGON,43.434068,-0.419326,15,1,1
202100040255,129Â 647,A01,2,2,1,5,8,-1,-1,0,0,-1,2021,38.0,1,2,13,0,1,1,1,,3,441,-1,,2,2,0,1,0,360,2,, -1,1,0,3,80,13,5,1,49,49228,1,1,0,6,D441,47.504345,0.133166,13,2,1
202100050053,112Â 271,A01,1,1,1,1,2,6,-1,0,0,-1,2021,28.0,2,1,0,2,7,3,1,,4,PORTE D ISSY,0,,1,4,0,1,9,700,1,, -1,1,0,1,70,22,2,1,75,75115,2,1,0,3,PORTE D ISSY,48.835262,2.270712,16,2,2
202100052790,107Â 362,A01,1,1,1,4,2,6,-1,-1, -1,-1,2021,34.0,1,1,0,1,1,1,1,,4,PONT DE VIVAUX (BOULEVARD),0,,2,2,0,1,(1),(1),1,, -1,1,0,1,50,2,2,1,13,13210,2,1,0,6,PONT DE VIVAUX (BOULEVARD),43.28073,5.42134,12,3,1
202100014449,175Â 872,B01,1,1,1,1,2,8,-1,-1, -1,-1,2021,48.0,1,1,0,2,1,1,1,,3,20,0,,2,2,0,1,0,0,1,, -1,1,0,1,50,8,10,1,92,92036,2,2,0,3,LOUIS ROCHE (AVENUE) (1/45),48.9233604648,2.3213151097,13,2,2
202100054278,104Â 737,B01,1,1,1,1,2,-1,-1,0,0,-1,2021,38.0,1,1,0,2,1,1,1,,3,971,-1,,2,2,0,2,32,986,1,, -1,1,0,1,80,22,1,1,50,50345,1,1,0,3,D 971,49.085789,-1.42005,12,4,2
202100035959,137Â 407,A01,1,1,1,1,2,6,-1,-1, -1,-1,2021,21.0,1,1,1,0,8,1,1,,3,GALLIENI (AV.) DE 2 A 96,0,,3,4,0,1,0,0,1,, -1,1,0,1,50,7,6,1,93,93010,2,1,0,3,GALLIENI (AV.) DE 2 A 96,48.905635,2.479517,20,3,2
202100002660,197Â 027,B01,1,1,1,0,1,0,-1,-1, -1,-1,2021,48.0,1,2,0,2,4,26,1,,4,PASTEUR (BD) 1 A 63,0,,-1,1,0,1,1,0,1,, -1,1,0,1,50,16,12,1,93,93057,1,1,0,5,PASTEUR (BD) 1 A 63,48.8999612361,2.5090079777,15,3,3
202100025384,156Â 284,B01,1,1,1,1,2,6,-1,0,0,-1,2021,23.0,3,1,0,0,1,1,1,,4,,-1,,2,1,0,1,(1),(1),2,,3,1,0,1,50,6,8,2,6,6157,2,1,0,1,11 Chemin des Roures,43.718984,7.084313,7,2,2
202100008507,186Â 529,B01,1,1,1,0,2,0,-1,-1, -1,-1,2021,41.0,1,1,0,2,2,14,1,,3,MOULIN DE SAQUET (AV DU),0,,2,4,3,2,6,0,1,, -1,1,9,1,50,11,11,5,94,94081,2,1,0,3,Avenue du Moulin de Saquet,48.79238,2.38564,17,2,2
202100042462,125Â 718,A01,1,1,1,5,8,0,-1,-1,0,-1,2021,18.0,3,1,0,4,7,21,5,,4,VINCENT (CHEMIN),0,,2,2,0,1,(1),(1),1,, -1,1,4,8,70,23,4,1,59,59043,1,8,0,6,VINCENT (CHEMIN),50.71919,2.77101,19,2,2
202100042295,126Â 024,A01,1,1,2,5,1,0,-1,-1, -1,-1,2021,19.0,2,2,0,2,4,23,1,,4,SIMOND ST AVENUE,0,,2,2,2,1,(1),(1),1,, -1,1,-1,1,50,27,4,5,73,73008,2,1,0,5,SIMOND ST AVENUE,45.705726774,5.9140334031,21,3,3
202100023634,159Â 376,A01,1,1,1,5,2,-1,-1,0,0,-1,2021,63.0,1,1,0,2,0,5,5,,3,1,0,D,2,2,0,1,40,490,1,,4,1,0,1,80,19,8,1,89,89420,1,1,0,1,D1,47.566783,3.20112,15,2,2
202100027482,152Â 600,A01,1,1,1,0,2,6,-1,-1, -1,-1,2021,63.0,3,1,0,2,4,2,1,,7,ROUTE DEPARTEMENTALE 656,0,,3,4,0,1,(1),(1),3,, -1,1,0,1,90,22,7,1,59,59599,1,1,0,4,ROUTE DEPARTEMENTALE 656,50.702524,3.15893,18,3,3
202100022925,160Â 645,A01,10,3,1,5,0,-1,-1,2,9,2,2021,6.0,2,2,0,1,2,4,1,,4,AVENUE MARC SANGNIER,0,,1,1,0,1,(1),(1),1,, -1,1,0,1,50,22,8,1,75,75114,2,1,0,6,AVENUE MARC SANGNIER,48.826566,2.305273,12,3,1
202100014326,176Â 097,B01,1,1,1,9,1,0,-1,-1, -1,-1,2021,56.0,1,2,0,2,1,26,1,,4,GERMAIN ST RUF (AVENUE ),0,,2,2,0,1,(1),(1),1,, -1,1,8,1,50,7,10,1,971,97107,2,9,0,1,GERMAIN ST RUF (AVENUE ),16.0521923318,-61.5622329712,17,2,2
202100052519,107Â 843,A01,10,3,1,5,0,-1,-1,2,3,1,2021,19.0,1,2,0,1,3,1,1,,4,LABUSSIERE (AVENUE EMILE),0,,2,2,0,2,0,0,1,, -1,1,0,1,50,3,2,1,87,87085,2,1,0,6,LABUSSIERE (AVENUE EMILE),45.84449,1.25111,14,2,1
202100013964,176Â 740,A01,10,3,2,1,0,-1,-1,1,3,1,2021,23.0,3,2,0,1,1,26,1,,3,,-1,,2,2,0,1,43,0,1,,4,1,0,1,50,12,10,1,62,62474,2,2,1,6,rue du merle blanc,50.675785,1.649314,8,2,1
202100054455,104Â 423,B01,1,1,1,1,2,0,-1,-1, -1,-1,2021,42.0,3,1,0,2,0,17,5,,4,POMMERAIE   PLACE DE LA,0,,2,2,0,1,(1),(1),1,, -1,1,0,1,30,19,1,1,17,17274,2,1,0,3,POMMERAIE   PLACE DE LA,46.15484,-1.0966,13,2,2
202100028896,150Â 071,B01,2,2,2,5,1,-1,-1,0,0,-1,2021,11.0,2,2,0,0,4,2,1,,3,9,0,A,2,2,0,2,52,350,1,, -1,1,5,1,50,26,6,2,51,51367,2,1,0,2,Rue des Chetillons,48.9493489785,4.0300506417,22,5,2
202100047227,117Â 343,B01,1,1,2,3,1,-1,-1,0, -1,-1,2021,50.0,1,2,0,2,3,0,1,,4,BLUM LEON,0,,2,2,0,4,(1),(1),1,, -1,1,5,1,50,20,3,1,29,29019,2,2,0,3,Boulevard LÃ©on Blum,48.4088529625,-4.4853174276,15,2,2
202100006148,190Â 822,B01,1,1,2,1,1,-1,-1,0,0,-1,2021,28.0,1,2,0,2,1,1,1,,3,23,-1,,2,2,0,2,19,300,1,, -1,2,0,1,80,26,11,2,18,18138,1,1,1,1,Le Luet,47.0798,2.30942,7,2,2
202100007371,188Â 579,B01,1,1,2,5,2,8,-1,-1, -1,-1,2021,60.0,2,1,0,2,1,1,5,,3,GRANDE RUE,0,,3,4,1,1,0,0,1,, -1,1,0,1,50,18,11,1,92,92072,2,6,0,3,GRANDE RUE,48.8254423843,2.2158989498,12,2,2
202100000508,200Â 793,B01,1,1,2,0,1,0,-1,-1, -1,-1,2021,42.0,1,2,0,2,1,23,0,,4,GUITTON JEAN (ALLEE),0,,1,1,0,2,(1),(1),1,, -1,1,0,1,50,8,11,1,42,42218,2,1,0,2,Les Allees Jean Guitton,45.46143,4.37965,8,2,2
202100051890,108Â 949,B01,1,1,1,0,2,8,-1,-1, -1,-1,2021,38.0,0,1,0,2,1,17,1,,4,DALBIEZ (AVENUE VICTOR),0,,2,2,0,1,(1),(1),1,, -1,1,0,1,50,9,2,1,66,66136,2,1,0,3,DALBIEZ (AVENUE VICTOR),42.68016,2.88276,17,2,2
202100012913,178Â 649,A01,1,1,2,0,1,-1,-1,0,0,-1,2021,25.0,0,2,0,2,1,1,1,,3,D24,-1,,2,2,0,2,5,374,1,, -1,1,0,1,80,15,10,1,41,41120,1,2,0,1,La Prazerie,47.797561,0.941777,9,3,2
202100036018,137Â 308,B01,1,1,1,4,0,-1,-1,0,0,-1,2021,40.0,1,2,0,0,3,2,1,,4,,-1,,1,1,0,2,(1),(1),1,, -1,1,0,1,50,7,6,1,975,97502,2,1,0,3,rue de Paris,46.783247,-56.195159,12,2,2
202100043593,123Â 750,A01,2,2,2,5,1,-1,-1,0,0,-1,2021,18.0,1,2,8,0,0,1,1,,3,D32,-1,,2,2,0,1,77,700,1,, -1,1,0,3,90,18,4,1,24,24340,1,1,0,6,rue de la rÃ©sistance,44.851887,0.407291,19,3,1
202100042223,126Â 154,A01,2,2,1,0,2,8,-1,-1, -1,-1,2021,26.0,1,1,0,2,3,18,1,,3,KENNEDY (AVENUE DU PRESIDENT),0,,2,4,2,1,0,0,1,, -1,1,0,5,50,28,4,1,93,93064,2,3,0,1,KENNEDY (AVENUE DU PRESIDENT),48.88013,2.49296,16,5,2
202100020098,165Â 699,A01,1,1,1,4,2,6,-1,0,0,-1,2021,42.0,2,1,0,2,4,23,3,,4,RUE MONGE,0,,2,3,0,2,(1),(1),1,, -1,1,0,1,30,8,9,1,75,75105,2,2,0,2,RUE MONGE,48.84217,2.352057,13,2,2
202100000132,201Â 514,A01,1,1,1,5,2,8,-1,-1, -1,-1,2021,50.0,0,1,0,0,1,26,1,,4,ARRAS (Bld d'),0,,3,1,0,1,(1),(1),1,, -1,2,0,1,50,7,11,3,62,62667,2,6,1,6,ARRAS (Bld d'),50.71329,1.58333,2,1,1
202100029226,149Â 521,C01,2,2,2,0,1,-1,-1,0,0,-1,2021,20.0,2,2,0,2,4,23,1,,2,3,0,,3,4,0,1,11,400,1,, -1,2,0,1,110,13,7,3,77,77196,1,1,1,6,route nationale 3,48.948605,2.750573,20,8,5
202100054637,104Â 126,A01,1,1,1,5,1,-1,-1,0,0,-1,2021,87.0,1,2,7,0,3,1,1,,3,32,-1,,2,2,0,1,3,240,2,, -1,1,0,3,50,18,1,1,9,9223,2,6,1,6,RD32,42.8802957935,1.2156103824,16,1,1
202100038820,132Â 230,A01,1,1,1,5,8,-1,-1,0,0,-1,2021,17.0,3,1,14,0,1,1,1,,4,/,-1,,2,2,0,2,(1),(1),3,, -1,2,0,1,50,22,5,1,3,3294,2,1,1,6,Rue de la Croix Saint Marc,46.205628,3.192746,14,1,1
202100032151,144Â 280,A01,10,3,1,5,0,-1,-1,3,3,1,2021,56.0,1,0,0,1,8,1,1,,4,FRANKLIN (RUE),0,,2,2,0,1,0,0,1,, -1,1,0,1,50,26,6,1,93,93048,2,1,0,3,FRANKLIN (RUE),48.86153,2.44361,20,2,1
202100047777,116Â 351,A01,10,3,2,3,0,-1,-1,3,3,1,2021,76.0,1,2,0,1,2,1,1,,4,,0,,1,2,0,1,(1),(1),1,, -1,1,0,1,50,15,3,1,69,69264,2,1,0,6,PAUL BERT (R),45.98969,4.71586,10,2,1
202100008526,186Â 491,A01,1,1,1,5,1,-1,-1,0,0,-1,2021,23.0,2,2,2,0,2,1,1,,3,43,0,D,2,2,0,1,48,174,1,, -1,1,9,8,80,8,11,3,40,40307,1,1,0,6,D43,44.347376,-0.555711,19,1,1
202100030110,147Â 957,B01,2,2,2,5,1,-1,-1,0,0,-1,2021,70.0,2,2,0,2,8,1,1,,2,19,0,,2,2,0,2,63,800,2,, -1,2,0,1,30,5,7,1,52,52269,2,1,1,3,Avenue de la ColliniÃ¨re,47.869391,5.333481,9,3,2
202100022122,162Â 087,A01,1,1,1,1,1,0,-1,-1, -1,-1,2021,28.0,1,2,0,0,4,9,1,,3,VAUBAN (AVENUE),0,,3,4,0,1,0,0,1,, -1,1,5,1,50,28,8,1,93,93078,2,6,0,2,Avenue Georges ClÃ©menceau / Boulevard Robert Ballanger,48.96191,2.55485,18,2,2
202100030988,146Â 341,B01,3,2,1,0,1,0,-1,-1, -1,-1,2021,32.0,3,2,0,2,3,0,1,,3,AV THIBAUD DE CHAMPAGNE,0,,2,2,0,2,13,558,1,, -1,1,0,1,50,28,6,1,77,77307,2,1,0,1,AV THIBAUD DE CHAMPAGNE,48.877759,2.73831,10,4,2
202100021110,163Â 923,A01,10,3,2,3,0,-1,-1,3,3,1,2021,70.0,1,3,0,1,2,1,3,,3,STALINGRAD (BD DE),0,,3,6,0,1,0,1,1,, -1,1,4,1,30,2,9,1,94,94022,2,8,0,6,STALINGRAD (BD DE),48.7708,2.40147,16,2,1
202100028186,151Â 314,B01,1,1,1,1,2,6,-1,-1, -1,-1,2021,49.0,1,1,0,2,1,1,1,,3,9,0,,2,2,0,1,0,0,1,, -1,1,0,1,50,19,7,1,92,92026,2,1,0,3,SAINT-DENIS BD DE (01 A 197 / 02 A 118),48.8985,2.265097,19,2,2
202100023394,159Â 801,A01,1,1,1,5,1,0,-1,-1, -1,-1,2021,21.0,2,2,4,0,1,26,1,,1,A104,0,,-1,3,0,1,26,400,3,, -1,1,0,1,90,20,8,2,77,77468,1,1,0,6,A104,48.8507875094,2.6617147956,21,2,1
202100035662,137Â 965,A01,1,1,1,1,2,2,-1,0,0,-1,2021,44.0,1,1,4,0,8,13,1,,1,VOIE DE DEGAGEMENT OUEST,0,,3,4,0,1,(1),(1),3,, -1,1,0,1,70,8,6,1,988,98818,1,1,0,6,VE1 sens Sud/Nord,-22.22939,166.45815,11,1,1
202100013635,177Â 344,B01,1,1,1,0,8,0,-1,-1, -1,-1,2021,31.0,3,1,0,2,0,0,5,,4,BLERIOT LOUIS RUE,0,,4,5,3,1,(1),(1),1,, -1,1,9,6,50,11,10,1,59,59648,2,9,0,3,BLERIOT LOUIS RUE,50.58892,3.03958,18,2,2
202100003890,194Â 801,A01,10,3,1,0,0,-1,-1,2,3,1,2021,38.0,2,2,0,1,2,21,1,,3,775,0,,2,2,0,1,45,1349,1,, -1,2,0,1,50,8,12,5,44,44185,2,1,1,6,Avenue Jean Burel,47.645286,-2.074753,21,2,1
202100010159,183Â 539,A01,10,3,1,0,0,-1,-1,5,9,1,2021,33.0,1,2,0,1,0,1,6,,4,GIBBES (CHEMIN DE),0,,1,2,0,2,(1),(1),1,, -1,2,0,4,50,30,10,1,13,13214,2,1,1,6,GIBBES (CHEMIN DE),43.3243833641,5.3823451116,14,3,1
202100002144,197Â 956,B01,1,1,1,5,1,0,-1,-1, -1,-1,2021,41.0,1,2,0,2,1,0,1,,3,SENILHES BAS,0,,2,3,0,2,24,808,1,, -1,1,0,1,90,19,12,3,15,15012,1,1,0,2,SENILHES BAS,44.865,2.44908,18,5,2
202100030303,147Â 599,A01,1,1,1,5,1,-1,-1,0,0,-1,2021,33.0,2,2,0,2,3,11,1,,3,631,0,,2,2,0,1,11,0,3,, -1,1,0,1,80,26,6,3,81,81104,1,1,0,3,D631,43.7489399256,1.80272877,0,2,2
202100009069,185Â 495,B01,1,1,1,1,8,-1,-1,-1, -1,-1,2021,61.0,0,2,0,2,1,2,1,,4,11 NOVEMBRE 1918 (DU)               (AV),0,,2,2,1,1,(1),(1),1,, -1,1,0,1,50,6,11,1,69,69259,2,2,0,3,11 NOVEMBRE 1918 (DU) (AV),45.69082,4.86601,14,2,2
202100022134,162Â 068,A01,1,1,1,5,1,-1,-1,0,0,-1,2021,25.0,1,2,2,0,2,1,1,,3,,-1,,2,1,0,1,(1),(1),2,,3,1,0,3,50,28,8,2,84,84137,2,1,0,7,415 Route d Orange,44.238222,5.051968,5,1,1
202100035204,138Â 773,A01,10,3,2,5,0,-1,-1,2,1,1,2021,64.0,1,2,0,1,2,1,1,,3,DE GAULLE (AVE CHARLES) 02 ET +,0,,2,2,0,1,1,280,1,, -1,1,0,1,50,10,6,1,33,33529,2,6,0,6,,44.63303,-1.14478,10,2,1
202100008361,186Â 786,B01,1,1,1,9,8,0,-1,0,0,-1,2021,29.0,2,1,0,2,1,1,5,,4,AVENUE JEAN JAURES,0,,1,2,2,1,(1),(1),1,, -1,1,-1,5,30,12,11,2,75,75119,2,1,0,3,AVENUE JEAN JAURES,48.889221,2.393878,7,2,2
202100031880,144Â 768,B01,1,1,2,0,8,8,-1,-1, -1,-1,2021,32.0,2,1,0,2,2,0,0,,3,BEGON ROND POINT ET RUE,0,,1,2,0,1,35,0,1,, -1,1,0,1,50,21,6,1,17,17299,2,6,0,3,BEGON ROND POINT ET RUE,45.94337,-0.96022,19,2,2
202100024343,158Â 162,A01,1,1,2,1,1,-1,-1,0,0,-1,2021,23.0,1,2,4,0,3,1,1,,3,767,-1,,3,4,0,1,40,500,1,, -1,1,0,8,110,24,7,2,22,22004,1,1,0,7,RD767 PR 40+500,48.645429,-3.327334,21,1,1
202100022966,160Â 575,A01,1,1,2,5,1,-1,-1,0,0,-1,2021,44.0,1,2,13,0,1,14,1,,3,944,-1,,2,2,0,1,7,290,1,, -1,1,0,3,80,22,8,1,40,40086,1,1,0,6,Rd 944,43.698053,-0.531743,12,1,1
202100004296,194Â 080,B01,1,1,1,9,8,0,-1,0,0,-1,2021,31.0,2,1,0,2,1,1,5,,4,RUE DE DUNKERQUE,0,,1,1,0,1,(1),(1),1,, -1,2,0,1,30,7,12,5,75,75110,2,7,1,3,RUE DE DUNKERQUE,48.8804959756,2.3523160815,18,2,2
202100020188,165Â 553,A01,10,3,1,2,0,-1,-1,3,3,2,2021,3.0,1,2,0,1,2,2,1,,3,,-1,,1,2,0,1,(1),(1),3,,5,1,0,1,50,6,9,1,85,85092,2,9,0,6,Place de l Ouillette,46.463393,-0.79328,8,2,1
202100020707,164Â 616,A01,1,1,1,5,2,6,-1,-1, -1,-1,2021,20.0,1,1,6,0,1,1,1,,4,SAINT LAMBERT (CHEMIN),0,,2,2,0,1,0,0,1,, -1,1,0,4,50,5,9,1,13,13070,2,1,0,7,SAINT LAMBERT (CHEMIN),43.28539,5.51663,19,1,1
202100024375,158Â 113,A01,1,1,1,0,1,-1,-1,0,0,-1,2021,86.0,3,2,0,2,7,19,1,,3,751,0,D,2,2,0,1,27,224,3,,5,1,0,1,80,10,8,1,44,44133,1,2,0,3,D751,47.131381,-1.809016,18,3,2
202100031755,145Â 000,B01,1,1,2,0,8,0,-1,-1, -1,-1,2021,35.0,1,1,0,2,1,1,0,,3,PROGRES (RUE DU),0,,1,1,2,1,6,0,1,, -1,2,9,5,30,29,6,2,93,93048,2,1,1,3,PROGRES (RUE DU),48.85197,2.42293,19,3,2
202100054335,104Â 639,A01,1,1,2,4,8,0,-1,-1, -1,-1,2021,25.0,3,5,0,2,5,4,1,,4,OLIVET (RUE DE L'),0,,2,2,0,1,(1),(1),3,, -1,1,0,1,50,20,1,1,35,35055,2,9,0,2,OLIVET (RUE DE L'),48.08264,-1.61629,11,2,2
202100005673,191Â 658,A01,10,3,1,2,0,-1,-1,1,3,2,2021,17.0,1,2,9,1,1,1,2,,4,,0,,2,0,0,1,0,0,1,, -1,1,0,1,50,29,11,2,92,92009,2,1,0,6,CHARLES CHEFSON ( RUE ),48.918739211,2.2742289305,17,2,1
202100037716,134Â 249,B01,1,1,1,5,1,0,-1,-1, -1,-1,2021,30.0,2,2,0,2,1,1,1,,1,A507 sens Marseille - Aubagne,0,,4,3,0,3,2,0,1,, -1,1,9,1,50,29,5,5,13,13055,1,1,0,2,A507 sens Marseille - Aubagne,43.32992,5.393003,1,2,2
202100000499,200Â 808,A01,1,1,1,0,2,8,-1,-1, -1,-1,2021,15.0,3,1,0,2,1,1,1,,4,JOUHAUX (LEON),0,,2,2,0,1,(1),(1),1,, -1,2,9,1,50,30,10,5,78,78586,2,3,1,3,JOUHAUX (LEON),48.9476,2.18814,0,2,2
202100014269,176Â 193,A01,1,1,1,0,2,6,-1,0,0,-1,2021,46.0,2,1,0,0,0,0,1,,3,43,0,D,3,2,0,1,35,0,2,, -1,1,0,3,50,9,10,2,87,87051,1,1,0,7,D43,45.62242,1.585529,19,1,1
202100011250,181Â 623,B01,1,1,1,4,2,0,-1,-1, -1,-1,2021,24.0,1,1,0,2,1,19,3,,4,PROGRES (RUE DU) NÂ° 33 A ... - NÂ° PAIRS,0,,2,2,0,2,0,0,1,, -1,1,0,1,50,24,10,5,93,93053,2,3,0,3,PROGRES (RUE DU) NÂ° 33 A ... - NÂ° PAIRS,48.88549,2.46189,21,5,2
202100017963,169Â 519,A01,1,1,2,5,1,-1,-1,-1, -1,-1,2021,73.0,1,2,0,2,1,2,1,,1,ROCADE A 630,0,,3,8,0,1,32,350,1,, -1,1,0,1,90,14,9,1,33,33039,1,1,0,2,,44.79676,-0.53823,11,2,2
202100024623,157Â 645,A01,1,1,1,5,2,8,-1,-1, -1,-1,2021,24.0,1,1,0,0,0,13,5,,3,TASSINI (AVENUE VICTOR),0,,2,2,0,2,19,700,4,, -1,1,0,8,50,11,8,1,7,7281,1,1,0,7,,44.9519,4.8235,13,1,1
202100008446,186Â 642,A01,10,3,2,2,0,-1,-1,2,3,1,2021,16.0,1,2,0,1,1,1,1,,4,LECLERC (BD MARECHAL),0,,2,2,0,1,0,0,1,, -1,2,0,1,30,10,11,1,83,83144,2,1,1,6,LECLERC (BD MARECHAL),43.1361681139,5.9862157702,8,2,1
202100035686,137Â 925,B01,1,1,1,1,2,0,-1,-1, -1,-1,2021,34.0,2,1,0,2,1,1,5,,3,ARDUS (AVENUE D'),0,,2,2,0,1,23,150,1,, -1,1,0,1,50,7,6,1,82,82121,2,3,0,3,ARDUS (AVENUE D'),44.037979,1.356935,7,2,2
202100035340,138Â 539,B01,1,1,2,5,1,0,-1,-1, -1,-1,2021,25.0,0,2,0,2,3,1,1,,3,MITRY [CD115] (ROUTE DE),0,,3,4,0,1,0,0,1,, -1,1,0,1,50,9,6,5,93,93005,2,2,0,3,MITRY [CD115] (ROUTE DE),48.94946,2.5196,23,3,2
202100034113,140Â 785,A01,10,3,1,4,0,-1,-1,7,9,2,2021,47.0,1,2,6,0,1,2,1,,4,CHATEAU (AV DU),0,,1,1,1,2,4,0,2,, -1,1,0,8,30,14,6,1,94,94068,2,1,0,6,CHATEAU (AV DU),48.79086,2.51107,17,2,1
202100033183,142Â 451,B01,1,1,1,1,2,0,-1,-1, -1,-1,2021,46.0,1,1,0,2,1,1,1,,4,DECUGIS (AVENUE ALFRED),0,,2,2,0,1,0,0,1,, -1,1,0,1,50,19,6,1,83,83069,1,1,0,3,DECUGIS (AVENUE ALFRED),43.11602,6.14813,18,2,2
202100053135,106Â 763,B01,9,2,1,0,8,-1,-1,0,0,-1,2021,7.0,0,2,0,0,1,1,1,,3,313,0,D,2,2,0,1,5,500,1,, -1,2,5,1,80,31,1,3,27,27072,1,2,1,1,D313,49.094072,1.550628,18,3,2
202100047512,116Â 835,A01,1,1,1,0,2,8,-1,-1, -1,-1,2021,49.0,1,1,0,2,1,1,1,,4,pointe rouge (ave),0,,3,4,0,1,0,0,1,, -1,1,0,1,50,18,3,1,13,13208,2,1,0,3,pointe rouge (ave),43.2471155781,5.3739470297,14,2,2
202100034122,140Â 770,A01,10,3,2,5,0,-1,-1,1,3,1,2021,12.0,3,4,0,1,0,1,0,,4,VERLAINE (PLACE PAUL),0,,2,0,0,1,0,0,1,, -1,1,0,1,50,12,6,2,93,93027,2,1,0,6,VERLAINE (PLACE PAUL),48.932557,2.391002,21,2,1
202100055285,102Â 998,A01,3,2,2,0,1,0,-1,-1, -1,-1,2021,20.0,1,2,0,2,8,10,1,,3,14,0,,-1,2,0,1,3,200,1,, -1,1,0,1,70,11,1,3,78,78238,1,1,0,3,CD 14,48.979117,1.886454,20,5,2
202100032083,144Â 401,B01,1,1,2,5,8,0,-1,-1, -1,-1,2021,29.0,1,1,0,2,5,1,5,,4,,0,,-1,7,0,1,0,0,1,, -1,2,0,1,50,26,6,1,91,91549,2,6,1,3,ROGER PERRIAUD (PLACE),48.640962,2.325819,13,2,2
202100016819,171Â 556,A01,2,2,2,0,8,0,-1,-1, -1,-1,2021,19.0,1,2,1,2,6,26,1,,4,,0,,2,2,0,1,0,100,1,, -1,1,0,1,50,24,9,1,91,91691,2,1,0,6,CHEVALIER DE LA BARRE(RUE),48.69436,2.48526,19,2,1
202100004227,194Â 193,A01,2,2,1,0,1,-1,-1,0, -1,-1,2021,23.0,0,2,0,2,1,1,1,,4,MAIGNAN LARIVIERE (BOULEVARD),0,,2,4,0,1,(1),(1),1,, -1,1,0,1,50,1,12,5,80,80021,2,1,0,2,MAIGNAN LARIVIERE (BOULEVARD),49.88945,2.29353,19,3,2
202100040408,129Â 382,B01,1,1,1,5,2,-1,-1,0,0,-1,2021,16.0,1,1,0,0,4,2,1,,3,130,0,,2,2,0,1,23,550,1,, -1,1,0,1,80,12,5,1,60,60189,1,1,0,2,D130,49.540884,3.106275,15,2,2
202100022114,162Â 099,B01,1,1,1,9,2,0,-1,0,0,-1,2021,31.0,2,1,0,2,8,1,1,,4,QUAI D AUSTERLITZ,0,,2,3,0,1,(1),(1),1,, -1,1,2,1,50,28,8,1,75,75113,2,2,0,3,QUAI D AUSTERLITZ,48.841896,2.367867,18,2,2
202100030534,147Â 180,A01,1,1,1,5,1,0,-1,-1, -1,-1,2021,76.0,1,2,4,0,2,13,1,,1,AUTOROUTE A20,0,,3,2,0,1,411,615,1,, -1,1,7,1,50,5,7,1,82,82121,1,1,0,6,AUTOROUTE A20,44.0524815174,1.4101646841,13,1,1