Num_Acc,id_vehicule,num_veh,place,catu,sexe,trajet,secu1,secu2,secu3,locp,actp,etatp,year_acc,victim_age,senc,catv,obs,obsm,choc,manv,motor,occutc,catr,voie,v1,v2,circ,nbv,vosp,prof,pr,pr1,plan,lartpc,larrout,surf,infra,situ,vma,jour,mois,lum,dep,com,agg_,int,atm,col,adr,lat,long,hour,nb_victim,nb_vehicules
202100045111,121Â 102,A01,1,1,1,0,2,6,-1,-1, -1,-1,2021,37.0,2,1,0,0,7,26,1,,2,ROUTE NATIONALE 1,0,,3,5,3,1,3,200,3,, -1,1,0,1,70,25,3,5,972,97213,1,1,0,7,ROUTE NATIONALE 1,14.61840979,-61.0067172,20,1,1
202100022857,160Â 760,A01,1,1,1,5,2,6,-1,0,0,-1,2021,65.0,1,1,6,0,1,2,5,,3,998,0,,2,2,0,2,61,750,3,, -1,1,2,1,90,24,8,1,48,48194,1,1,0,6,D998,44.334946,3.874075,11,1,1
202100055198,103Â 150,A01,1,1,2,5,1,8,-1,-1, -1,-1,2021,36.0,3,2,0,2,1,2,1,,3,Route departementale 96 ,0,,3,2,0,1,0,20,1,, -1,1,2,1,90,12,1,3,7,7316,1,1,0,2,Route departementale 96 ,44.908279,4.866571,18,2,2
202100043103,124Â 632,A01,1,1,1,4,1,-1,-1,0,0,-1,2021,32.0,2,4,3,9,3,0,1,,1,A4,-1,,3,4,0,1,177,500,1,, -1,1,0,1,130,23,4,1,51,51205,1,1,0,7,A4,49.0350545071,4.4118529558,9,1,1
202100055862,102Â 030,A01,10,3,2,2,0,-1,-1,3,3,2,2021,43.0,2,2,0,1,1,1,1,,3,988,-1,,2,2,0,1,43,570,1,, -1,1,0,1,50,7,1,5,12,12033,2,1,0,6,Route de Rodez,44.469508,2.729266,17,2,1
202100002535,197Â 250,A01,2,2,2,5,2,-1,-1,0,0,-1,2021,13.0,1,1,0,2,1,5,1,,3,538,-1,,2,2,0,2,139,510,2,, -1,1,5,1,50,18,12,5,26,26220,2,6,0,1,Draye de Meyne,44.358965,5.140686,19,3,2
202100000110,201Â 556,A01,2,2,1,0,2,0,-1,-1, -1,-1,2021,15.0,3,1,0,2,8,13,1,,4,REPUBLIQUE (AVENUE DE LA),0,,3,4,0,2,0,0,1,, -1,1,0,1,50,18,12,1,74,74010,2,1,0,3,REPUBLIQUE (AVENUE DE LA),45.9085,6.1029,15,3,2
202100022714,160Â 998,B01,2,2,1,5,1,0,-1,-1, -1,-1,2021,22.0,1,2,0,2,6,2,1,,4,DUBOIS ( BOULEVARD DU DOCTEUR ),0,,2,2,0,1,(1),(1),1,, -1,1,0,1,50,24,8,5,44,44055,2,1,0,2,DUBOIS ( BOULEVARD DU DOCTEUR ),47.280777,-2.383976,5,7,2
202100046502,118Â 665,A01,10,3,2,2,8,8,-1,3,3,1,2021,21.0,0,2,0,1,0,1,1,,4,CITEE,0,,2,2,0,1,0,0,1,, -1,1,0,1,50,26,3,1,74,74010,2,1,0,6,CITEE,45.8931,6.1207,16,2,1
202100000885,200Â 165,B01,1,1,1,9,2,0,-1,0,0,-1,2021,34.0,1,1,0,2,1,2,1,,4,BOULEVARD MACDONALD,0,,2,4,0,1,(1),(1),1,, -1,2,0,1,50,30,12,1,75,75119,2,4,0,3,BOULEVARD MACDONALD,48.89733,2.392603,10,2,2
202100009672,184Â 421,B01,1,1,1,3,2,6,-1,0,0,-1,2021,20.0,1,1,0,2,0,1,1,,3,10,-1,,2,2,0,1,1,0,1,,5,2,0,1,50,3,11,5,18,18197,2,2,1,3,D10,46.725771,2.507002,18,2,2
202100024928,157Â 103,B01,2,2,2,5,1,-1,-1,0,0,-1,2021,38.0,1,2,0,2,6,21,1,,3,RD796,-1,,2,2,0,1,68,967,1,, -1,1,0,1,80,9,8,1,56,56237,1,1,0,5,lieu dit Le Faouet,48.013432,-2.973529,13,4,3
202100039948,130Â 180,B01,1,1,1,5,2,-1,-1,0, -1,-1,2021,18.0,2,1,0,2,1,1,5,,3,RD 783,0,,4,2,0,2,33,700,1,, -1,1,0,1,70,14,5,1,29,29039,1,6,0,3,RD 783,47.88572,-3.91333,17,2,2
202100005373,192Â 183,A01,1,1,1,9,2,0,-1,0,0,-1,2021,63.0,1,1,0,2,8,1,5,,4,QUAI DE LA TOURNELLE,0,,2,4,1,1,(1),(1),1,, -1,2,0,5,30,1,12,1,75,75105,2,2,1,3,QUAI DE LA TOURNELLE,48.851131,2.351315,11,2,2
202100002820,196Â 732,A01,1,1,1,0,2,6,-1,-1, -1,-1,2021,28.0,2,1,0,2,1,0,1,,3,910,0,,3,4,0,1,0,0,1,, -1,1,0,1,50,15,12,5,92,92012,2,2,0,3,EDOUARD VAILLANT (AVENUE) 57/FIN - 58/FI,48.83542,2.24947,19,2,2
202100035816,137Â 687,B01,1,1,1,1,2,6,-1,0,0,-1,2021,19.0,1,1,0,2,3,15,1,,4,,-1,,2,1,0,1,(1),(1),1,,3,1,0,1,50,9,6,1,72,72358,1,3,0,1,Les Petits Bois,48.026906,0.523915,8,2,2
202100004262,194Â 136,A01,10,3,1,0,0,-1,-1,2,3,3,2021,2.0,1,2,0,1,1,2,1,,4,BELLANGER (RUE),0,,1,1,1,1,(1),(1),1,, -1,2,0,1,50,6,12,5,37,37261,2,1,1,6,BELLANGER (RUE),47.3873329268,0.7058528066,16,3,1
202100051521,109Â 602,B01,1,1,1,1,8,0,-1,0,0,-1,2021,34.0,3,1,0,2,1,5,5,,4,RUE DE LA VILLE L EVEQUE,0,,1,1,0,1,(1),(1),1,, -1,1,0,1,30,13,2,1,75,75108,2,2,0,3,RUE DE LA VILLE L EVEQUE,48.871162,2.321642,13,3,2
202100022082,162Â 153,B01,1,1,2,0,2,-1,-1,-1, -1,-1,2021,64.0,3,1,0,2,2,1,1,,4,RUE JUDE,0,,-1,2,1,1,(1),(1),1,, -1,1,0,1,50,28,8,1,33,33162,2,2,0,3,Rue Jude,44.8656,-0.63542,12,2,2
202100018076,169Â 323,B01,1,1,1,5,2,6,-1,0,0,-1,2021,42.0,2,1,0,2,1,1,1,,7,17,0,D,2,1,0,1,36,600,1,, -1,1,0,8,50,19,9,2,13,13035,2,1,0,1,Rue du Couvent,43.694912,5.032682,19,2,2
202100018901,167Â 863,A01,10,3,1,2,0,-1,-1,2,3,1,2021,12.0,1,2,0,1,7,1,1,,7,MALAFOLIE -(RUE DE LA),0,,2,2,0,1,22,400,1,, -1,1,0,1,50,14,9,1,42,42044,2,3,0,6,Rue de la Malafolie,45.39345,4.29731,13,2,1
202100045551,120Â 317,B01,1,1,1,1,8,0,-1,-1, -1,-1,2021,46.0,1,1,0,2,7,1,3,,3,DANJOUTIN (RUE DE),0,,2,2,0,1,(1),(1),1,, -1,1,5,1,50,1,4,1,90,90010,2,1,0,3,DANJOUTIN (RUE DE),47.62875,6.86496,7,2,2
202100046303,119Â 014,A01,1,1,1,0,1,-1,-1,0,0,-1,2021,38.0,1,2,0,2,3,1,1,,3,613,-1,,2,2,0,1,55,700,1,, -1,1,0,3,90,29,3,1,34,34143,1,1,0,3,MÃ¨ze,43.440017,3.626141,9,2,2
202100037390,134Â 832,B01,2,2,1,0,1,0,-1,-1, -1,-1,2021,1.0,1,2,0,2,4,2,1,,2,104,0,,3,4,0,1,43,799,1,, -1,1,0,1,110,31,5,1,91,91235,1,1,0,2,RN 104,48.62545,2.36325,16,5,2
202100036787,135Â 952,A01,1,1,1,0,1,8,-1,-1, -1,-1,2021,80.0,1,2,0,2,1,1,1,,4,VERDUN (AVENUE DE),0,,2,2,3,1,(1),(1),1,, -1,1,0,1,50,2,6,1,59,59512,2,1,0,2,VERDUN (AVENUE DE),50.6851,3.20075,9,3,2
202100029406,149Â 218,B01,1,1,1,0,1,0,-1,-1, -1,-1,2021,42.0,2,2,0,2,4,1,1,,1,A12 W,0,,1,4,0,1,0,200,1,, -1,1,0,1,90,12,7,1,78,78043,1,1,0,2,A12 W,48.841322,2.101545,15,3,2
202100008168,187Â 121,A01,2,2,1,5,1,-1,-1,0,0,-1,2021,21.0,1,2,0,2,2,1,1,,7,D554,-1,B,2,2,0,1,1,0,1,, -1,2,0,1,70,14,11,3,83,83047,1,1,1,3,D554b,43.152141433,6.0825955868,22,4,2
202100030143,147Â 895,A01,10,3,2,3,0,-1,-1,2,3,1,2021,81.0,3,2,0,1,3,1,1,,6,MAGUDAS (AVE DE),0,,-1,-1,3,1,(1),(1),1,, -1,2,0,1,-1,7,7,1,33,33281,2,9,1,6,Avenue de Magudas,44.85602,-0.65265,12,2,1
202100035044,139Â 055,A01,1,1,1,0,2,0,-1,0,0,-1,2021,47.0,1,1,0,0,8,1,1,,3,DUVAL (AVENUE MATHIAS),0,,2,2,0,1,0,51,2,, -1,1,0,1,50,11,6,1,6,6069,2,1,0,6,DUVAL (AVENUE MATHIAS),43.654109,6.920725,15,1,1
202100015087,174Â 740,A01,1,1,1,4,2,0,-1,-1, -1,-1,2021,22.0,2,1,12,0,1,1,1,,7,MARÃCHAL DE LATTRE (AVENUE),0,,2,2,0,1,0,0,1,, -1,2,0,1,50,4,10,5,13,13209,2,1,0,6,MARÃCHAL DE LATTRE (AVENUE),43.24783,5.40652,21,1,1
202100031877,144Â 775,B01,1,1,1,5,2,6,-1,-1, -1,-1,2021,53.0,1,1,0,2,1,1,1,,3,OCEAN (BD DE L'),0,,2,2,0,1,3,545,1,, -1,1,0,1,30,27,6,5,33,33009,2,3,0,3,Boulevard Cote dâArgent,44.639403,-1.202239,23,2,2
202100019281,167Â 171,B01,1,1,1,9,2,-1,-1,0,0,-1,2021,21.0,0,1,0,2,1,5,1,,3,401,0,,2,2,0,1,8,25,1,, -1,1,0,1,50,12,9,5,77,77153,2,2,0,3,D401,49.053452,2.675514,20,5,2
202100052212,108Â 380,A01,1,1,2,1,1,8,-1,-1, -1,-1,2021,24.0,2,2,0,2,1,1,1,,3,MATIGNON (AV DES),0,,2,2,0,1,30,973,1,, -1,1,0,1,50,5,2,1,50,50218,2,1,0,2,MATIGNON (AV DES),48.83782,-1.56186,12,3,2
202100051236,110Â 100,B01,1,1,2,5,2,-1,-1,0,0,-1,2021,68.0,2,0,12,2,0,2,3,,7,7,-1,,2,2,0,1,3,500,1,, -1,1,0,4,50,17,2,1,69,69044,2,1,0,7,SAIN-BEL (DE) (RTE),45.7706472189,4.741187515,15,2,2
202100026459,154Â 405,C01,1,1,2,9,1,0,-1,-1, -1,-1,2021,43.0,1,2,0,2,1,2,1,,3,VOIE DES BERGES,0,,3,4,0,1,1,0,1,, -1,1,0,1,50,28,7,1,49,49007,2,1,0,4,VOIE DES BERGES,47.47508,-0.55529,14,3,3
202100027744,152Â 120,B01,1,1,1,1,1,8,-1,0,0,-1,2021,27.0,2,2,0,2,7,1,1,,3,ANDUZE (VIEILLE ROUTE D'),0,,2,2,0,1,0,640,3,, -1,1,0,1,50,9,7,1,30,30007,2,3,0,6,ANDUZE (VIEILLE ROUTE D'),44.1023,4.075,12,2,2
202100013930,176Â 803,A01,7,2,2,5,1,-1,-1,0,0,-1,2021,39.0,2,2,0,2,3,15,1,,3,115,-1,,2,2,0,1,25,380,1,, -1,1,0,1,50,8,10,4,33,33123,1,2,0,1,Berniard,45.09508,-0.437817,20,5,2
202100035958,137Â 409,A01,10,3,2,0,8,8,-1,4,3,1,2021,26.0,3,1,0,1,2,1,1,,3,LEVANT (BD),0,,3,4,0,1,0,1,1,, -1,1,0,1,50,7,6,1,93,93051,2,1,0,6,Boulevard du Levant,48.8397,2.54969,9,2,1
202100006178,190Â 771,A01,10,3,2,2,0,-1,-1,1,2,1,2021,17.0,3,2,0,1,2,1,1,,4,922,0,,2,2,0,1,(1),(1),1,, -1,1,0,1,50,23,11,3,69,69281,2,1,0,6,NEUVE (R),45.626031,4.921739,18,2,1
202100007156,188Â 978,A01,10,3,1,0,0,-1,-1,2,3,2,2021,6.0,1,1,0,1,2,19,1,,4,PASTEUR                             (R ),0,,2,2,2,2,(1),(1),1,, -1,1,0,1,50,18,11,5,69,69034,2,1,0,6,PASTEUR (R),45.79458,4.84686,18,2,1
202100014307,176Â 130,A01,10,3,2,0,0,-1,-1,1,5,1,2021,12.0,3,2,0,2,1,1,1,,4,CHURCHILL WINSTON (BD) NÂ° IMP 41 ET >,0,,3,2,3,1,0,0,1,, -1,1,0,1,50,8,10,1,72,72181,2,1,0,6,CHURCHILL WINSTON (BD) NÂ° IMP 41 ET >,47.99063,0.22916,8,2,1
202100041000,128Â 332,B01,1,1,1,5,2,6,9,0,0,-1,2021,19.0,1,1,0,2,7,1,1,,3,38,-1,,2,2,0,2,27,750,1,, -1,1,0,1,80,7,5,1,50,50463,1,1,0,3,Le Grand Bisson,48.916295,-1.338508,19,2,2
202100037318,134Â 966,B01,1,1,1,0,2,0,-1,-1, -1,-1,2021,22.0,1,1,0,2,1,1,1,,3,104,0,,2,0,0,1,0,0,1,, -1,1,0,1,50,31,5,2,92,92062,2,2,0,3,BERT (RUE PAUL),48.8798200158,2.233340552,21,2,2
202100034161,140Â 699,A01,1,1,1,3,2,6,-1,0,0,-1,2021,64.0,1,1,0,2,1,2,1,,3,,-1,,2,2,0,1,(1),(1),1,,4,1,0,1,50,16,6,1,28,28089,2,1,0,2,2 Rue du GÃ©nÃ©ral de Gaulle,48.578879,1.244322,11,2,2
202100033799,141Â 348,B01,1,1,1,0,1,0,-1,-1, -1,-1,2021,24.0,1,2,0,2,2,1,1,,2,VERSAILLES (ROUTE DE),0,,1,3,0,2,22,755,1,, -1,1,0,1,50,16,6,1,78,78372,2,1,0,3,VERSAILLES (ROUTE DE),48.87597,2.10396,19,3,2
202100001768,198Â 630,B01,1,1,1,0,2,-1,-1,0,0,-1,2021,56.0,3,1,0,2,1,17,1,,4,rue,0,,2,2,0,1,(1),(1),1,, -1,1,0,1,50,24,12,1,1,1354,2,1,0,3,rue de GenÃ¨ve,46.242442,6.023525,13,2,2
202100019228,167Â 261,B01,1,1,2,0,2,6,-1,-1, -1,-1,2021,39.0,0,1,0,2,8,15,1,,3,7,0,,3,4,0,1,1,0,1,, -1,1,0,1,50,13,9,1,92,92073,2,3,0,3,BLUM (QUAI LEON),48.8669190559,2.2281432152,8,2,2
202100039666,130Â 685,A01,1,1,1,4,1,0,-1,-1, -1,-1,2021,40.0,1,5,0,2,1,5,1,,3,444,0,,2,2,0,1,2,79,1,, -1,1,0,1,70,17,5,1,91,91312,1,1,0,5,RD 444,48.73579,2.22943,17,3,3
202100052266,108Â 283,A01,2,2,2,0,2,6,-1,0,0,-1,2021,16.0,1,1,0,0,0,14,1,,3,132,-1,,2,2,0,1,5,100,1,, -1,1,0,1,80,4,2,1,14,14100,1,1,0,7,lieu dit le grand moulin,49.05523,-0.345823,10,2,1
202100007364,188Â 590,B01,1,1,1,0,8,0,-1,-1, -1,-1,2021,23.0,-1,1,0,2,1,1,3,,3,PAUL VAILLANT COUTURIER (BOULEVARD),0,,3,2,0,2,1,0,1,, -1,1,0,1,50,19,11,5,93,93048,2,2,0,1,PAUL VAILLANT COUTURIER (BOULEVARD),48.86263,2.4416,0,2,2
202100054367,104Â 581,A01,10,3,1,0,0,-1,-1,3,3,-1,2021,19.0,2,2,0,1,1,13,1,,4,LOUIS BORDES (RUE),0,,2,2,0,1,0,0,1,, -1,1,0,1,50,20,1,1,93,93072,2,1,0,6,LOUIS BORDES (RUE),48.9558,2.38319,16,2,1
202100007725,187Â 953,B01,2,2,1,4,1,-1,-1,0,0,-1,2021,21.0,1,2,0,2,8,1,1,,3,1,-1,D,2,2,0,1,4,650,1,,7,1,0,1,90,17,11,2,88,88104,1,2,0,5,D1,48.3087554147,5.6902635098,17,5,4
202100028582,150Â 628,A01,1,1,1,5,1,9,-1,0,0,-1,2021,27.0,1,2,8,2,2,2,1,,3,840,-1,D,2,2,0,1,23,750,1,, -1,1,0,1,70,18,7,1,27,27165,2,1,0,2,Route de Breteuil,48.943875,0.94543,12,5,2
202100035918,137Â 484,B01,1,1,2,1,2,0,-1,-1, -1,-1,2021,19.0,2,1,0,2,1,1,1,,4,RUE JEAN BAPTISTE DUMAS,0,,1,1,1,1,(1),(1),1,, -1,2,0,1,30,4,6,1,31,31555,2,3,1,3,RUE JEAN BAPTISTE DUMAS,43.62227,1.42773,8,2,2
202100052426,108Â 002,B01,1,1,1,0,8,0,-1,0,0,-1,2021,22.0,1,1,0,2,1,26,3,,4,SERRE (RUE DE),0,,2,2,2,1,(1),(1),1,, -1,2,0,1,30,3,2,5,54,54395,2,3,1,3,SERRE (RUE DE),48.69127,6.17528,7,2,2
202100052377,108Â 091,B01,1,1,1,0,8,0,-1,-1, -1,-1,2021,26.0,1,1,0,0,0,0,0,,4,SOURCE DE BADUEL (CHEMIN DE LA),0,,2,2,0,1,(1),(1),1,, -1,1,0,1,50,5,2,1,973,97302,2,1,0,3,SOURCE DE BADUEL (CHEMIN DE LA),4.93071,-52.30912,8,3,2
202100034521,140Â 024,A01,1,1,2,5,2,-1,-1,0,0,-1,2021,67.0,3,1,0,0,0,1,5,,4,,-1,,2,2,0,2,(1),(1),1,,4,1,0,1,50,15,6,1,68,68287,2,4,1,7,Rue de Pfaffenheim,47.963965,7.293549,11,1,1
202100003484,195Â 528,B01,1,1,2,3,0,-1,-1,0,0,-1,2021,32.0,3,1,0,2,7,1,3,,3,312,-1,,2,2,2,1,5,598,3,, -1,1,0,5,50,11,12,5,38,38193,2,6,0,3,D312,45.607162,5.223567,19,2,2
202100043516,123Â 879,A01,2,2,1,5,0,-1,-1,0,0,-1,2021,23.0,2,1,0,0,0,1,1,,2,91,0,,2,2,0,1,26,400,2,, -1,1,0,1,60,19,4,2,987,98729,1,1,0,7,PK 26 + 400 Tihaura Haapiti cotÃ© mer,-17.533189,-149.838611,17,2,1
202100005623,191Â 738,B01,2,2,2,5,1,-1,-1,-1,0,-1,2021,52.0,2,2,0,2,4,2,1,,1,AUTOROUTE A115,0,,3,4,0,1,6,0,1,, -1,2,0,1,110,30,11,3,95,95607,1,1,1,4,A115,49.0134326151,2.2196245193,19,4,3
202100020984,164Â 156,B01,2,2,1,0,1,0,-1,-1, -1,-1,2021,33.0,2,2,0,2,4,1,1,,1,AUTOROUTE A3,0,,3,8,0,1,1,0,1,, -1,1,0,1,90,3,9,1,93,93006,1,1,0,2,AUTOROUTE A3,48.86719,2.42634,9,3,2
202100000770,200Â 338,B01,1,1,2,1,2,4,-1,0,0,-1,2021,19.0,0,1,0,2,1,13,3,,4,JAURES (RUE JEAN),0,,1,2,3,2,(1),(1),1,, -1,1,9,6,50,31,12,5,27,27229,2,1,0,1,JAURES (RUE JEAN),49.02136,1.15151,18,2,2
202100012962,178Â 569,A01,1,1,1,1,2,7,-1,0,0,-1,2021,23.0,0,1,8,0,1,2,1,,4,,-1,,2,2,0,1,(1),(1),1,,5,1,0,3,50,14,10,1,27,27115,2,1,0,6,Rue du Fond du Val,48.770177,1.079911,14,1,1
202100003896,194Â 789,A01,1,1,1,1,2,-1,-1,0,0,-1,2021,17.0,2,1,0,2,3,13,1,,3,51,-1,C,2,2,0,1,1,850,1,, -1,2,0,1,50,9,12,3,1,1134,1,1,1,1,d 51c,46.275888,4.861622,17,3,2
202100048345,115Â 342,A01,1,1,1,5,0,-1,-1,0,0,-1,2021,32.0,3,1,0,0,7,13,1,,4,,-1,,2,2,0,2,(1),(1),1,, -1,1,0,1,50,13,3,2,65,65335,1,1,0,7,12 Chemin de la Vigne,43.107011,0.137244,18,1,1
202100004877,193Â 070,B01,1,1,1,5,1,-1,-1,0,0,-1,2021,23.0,1,2,0,2,3,1,0,,2,RN1,-1,,2,2,0,1,52,0,2,, -1,2,0,1,70,3,12,3,973,97304,1,1,1,3,Pk 52 RN1,5.117275,-52.647042,22,2,2
202100045811,119Â 870,A01,1,1,1,0,1,0,-1,-1, -1,-1,2021,31.0,0,1,0,2,1,1,0,,4,PARC (RUE DU),0,,1,1,0,1,0,0,1,, -1,1,5,1,50,31,3,1,93,93077,2,2,0,3,PARC (RUE DU),48.88114,2.52624,13,2,2
202100019375,166Â 999,A01,1,1,1,5,2,0,-1,0,0,-1,2021,22.0,3,1,12,0,7,14,5,,4,QUAI D ORSAY,0,,1,3,1,1,(1),(1),1,, -1,1,5,5,30,11,9,1,75,75107,2,3,0,6,QUAI D ORSAY,48.862637,2.31906,13,1,1
202100005601,191Â 795,B01,1,1,1,1,2,6,-1,0,0,-1,2021,60.0,1,1,0,2,9,2,1,,2,12,-1,,3,4,0,1,69,400,1,, -1,1,0,1,110,30,11,2,35,35210,1,1,0,4,route nationale 12,48.149052,-1.792274,17,4,4
202100045935,119Â 646,A01,1,1,1,1,1,8,-1,-1, -1,-1,2021,22.0,3,2,15,0,1,16,0,,4,ROUGE PORTE (LIEU DIT),0,,2,1,0,1,(1),(1),3,, -1,1,0,1,50,30,3,1,59,59279,1,1,1,6,ROUGE PORTE (LIEU DIT),50.7831684619,3.1136369705,9,1,1
202100018176,169Â 122,B01,1,1,1,1,2,0,-1,0,0,-1,2021,51.0,2,1,0,2,1,16,3,,4,RUE DE CHARONNE,0,,2,2,1,2,(1),(1),1,, -1,1,0,5,30,18,9,1,75,75111,2,2,0,3,RUE DE CHARONNE,48.854693,2.385418,18,2,2
202100022541,161Â 337,A01,1,1,1,1,2,6,-1,0,0,-1,2021,57.0,3,1,0,2,6,11,1,,4,,-1,,1,2,0,1,(1),(1),2,, -1,1,0,1,50,21,8,1,6,6085,2,6,0,3,Avenue Saint Martin,43.608069,6.984569,18,2,2
202100032838,143Â 079,A01,1,1,1,5,1,-1,-1,-1, -1,-1,2021,92.0,1,2,1,2,8,1,1,,4,DENIS PAPIN (RUE),0,,2,2,0,1,(1),(1),1,,"5,4",2,0,1,50,21,6,1,79,79329,2,2,1,3,22 Rue Denis Papin,46.9838,-0.21433,16,3,2
202100051651,109Â 365,B01,1,1,2,1,8,-1,-1,-1,0,-1,2021,26.0,1,1,0,2,8,1,3,,3,SARCELLES (RUE DE),0,,2,2,0,1,14,0,1,, -1,1,0,1,50,11,2,1,95,95288,2,1,0,3,SARCELLES (RUE DE),48.984758,2.363946,8,2,2
202100002390,197Â 509,A01,3,2,1,0,1,-1,-1,-1, -1,-1,2021,21.0,1,2,0,2,2,11,1,,4,GARIBALDI                           (AV),0,,3,4,0,1,(1),(1),1,, -1,1,0,1,50,17,12,5,69,69256,2,9,0,3,GARIBALDI (AV),45.76706,4.93246,19,6,2
202100040230,129Â 687,A01,1,1,1,9,2,6,-1,-1, -1,-1,2021,19.0,1,1,0,2,1,2,1,,3,GAULLE(AVENUE DU GENERAL DE),0,,1,3,0,1,0,0,2,, -1,2,5,1,50,11,5,1,94,94028,2,9,1,2,GAULLE(AVENUE DU GENERAL DE),48.7842377248,2.4516892433,16,2,2
202100013706,177Â 204,A01,1,1,1,5,2,0,-1,-1, -1,-1,2021,18.0,0,1,0,2,1,1,1,,3,MAURICE THOREZ (AV),0,,2,2,0,1,0,0,1,, -1,1,0,1,50,12,10,2,94,94017,2,1,0,3,MAURICE THOREZ (AV),48.81386,2.53746,20,2,2
202100051418,109Â 782,A01,1,1,1,4,2,8,-1,-1, -1,-1,2021,22.0,0,1,12,0,7,1,1,,4,BRIAND BOULEVARD ARISTIDE,0,,2,2,0,2,(1),(1),1,, -1,1,0,1,50,13,2,5,66,66136,2,1,0,6,BRIAND BOULEVARD ARISTIDE,42.69307,2.90168,23,1,1
202100043206,124Â 430,B01,1,1,1,9,2,6,-1,0,0,-1,2021,55.0,3,1,0,2,1,1,1,,4,PLACE DE LA CONCORDE,0,,2,8,1,1,(1),(1),1,, -1,1,0,1,50,20,4,1,75,75108,2,7,0,5,PLACE DE LA CONCORDE,48.865855,2.319892,14,5,3
202100004406,193Â 883,B01,1,1,1,1,2,0,-1,0,0,-1,2021,53.0,1,1,0,2,1,1,5,,4,RUE DU FAUBOURG SAINT MARTIN,0,,2,2,0,1,(1),(1),1,, -1,2,0,1,30,6,12,5,75,75110,2,3,0,3,RUE DU FAUBOURG SAINT MARTIN,48.87927,2.362933,7,2,2
202100051627,109Â 409,B01,1,1,2,1,1,-1,-1,0,0,-1,2021,49.0,1,2,13,0,3,1,1,,3,13,0,D,2,2,0,1,24,1012,1,, -1,1,0,1,80,13,2,1,34,34063,1,2,0,3,D13,43.4909705572,3.3461791277,14,2,2
202100006915,189Â 407,A01,1,1,1,5,8,0,-1,-1, -1,-1,2021,63.0,1,1,0,0,1,1,2,,3,PIERRE DE BELSUNCE,0,,2,2,0,4,0,0,2,, -1,2,0,1,50,21,11,1,64,64269,2,1,1,7,PIERRE DE BELSUNCE,43.29257,-0.30839,14,1,1
202100046181,119Â 221,B01,1,1,1,1,2,-1,-1,0,0,-1,2021,18.0,2,1,0,2,1,1,1,,3,,0,,2,2,0,1,20,901,1,, -1,1,0,1,50,30,3,1,85,85295,2,3,0,1,Rue de l'Asson,46.982818,-1.233905,8,2,2
202100035355,138Â 512,B01,1,1,1,3,1,-1,-1,0,0,-1,2021,55.0,2,2,0,2,3,1,1,,2,7,-1,,2,2,0,1,6,350,1,, -1,1,0,1,-1,17,4,1,26,26002,1,1,0,1,12 Lotissement le Ravicole,45.239831,4.81974,9,2,2
202100047822,116Â 274,A01,1,1,1,9,2,0,-1,0,0,-1,2021,16.0,1,1,1,2,1,18,1,,7,BESSET AVENUE CYRILLE,0,,2,2,0,2,(1),(1),1,, -1,1,0,1,50,16,3,5,6,6027,2,1,0,3,BESSET AVENUE CYRILLE,43.65938,7.16151,21,2,2
202100011019,182Â 035,A01,1,1,2,1,1,0,-1,-1, -1,-1,2021,40.0,1,2,0,2,4,1,1,,1,A7-Sens Lyon vers Marseille,0,,1,3,0,1,274,500,1,, -1,1,0,1,90,26,10,2,13,13215,1,1,1,2,A7-Sens Lyon vers Marseille,43.36997,5.36097,7,2,2
202100023906,158Â 903,A01,1,1,1,5,1,-1,-1,0,0,-1,2021,89.0,2,2,0,2,3,13,1,,3,RD944,0,,2,2,0,2,4,590,2,, -1,1,0,1,90,15,8,1,5,5061,1,1,0,3,RD944,44.61156,6.12484,17,3,2
202100001036,199Â 915,A01,1,1,1,0,2,8,-1,-1, -1,-1,2021,14.0,1,1,0,2,3,26,1,,3,CARNOT (AVENUE) NÂ° IMPAIRS,0,,2,2,0,1,24,305,1,, -1,1,0,1,50,23,12,5,19,19275,2,7,0,1,CARNOT (AVENUE) NÂ° IMPAIRS,45.55283,2.31437,17,2,2
202100036815,135Â 896,B01,1,1,1,0,1,-1,-1,0,0,-1,2021,26.0,1,2,0,2,1,1,1,,2,RN 814,0,,1,-1,0,4,(1),(1),1,, -1,1,0,1,50,3,6,5,14,14437,1,2,0,3,D513,49.18235,-0.32101,1,4,2
202100054553,104Â 261,A01,10,3,2,0,0,-1,-1,1,3,1,2021,18.0,2,5,0,1,1,19,1,,3,ROUTE DE BOISVINS,0,,2,2,0,1,(1),(1),1,, -1,1,0,1,50,18,1,1,971,97101,2,1,0,6,ROUTE DE BOISVINS,16.26741,-61.48439,7,2,1
202100047591,116Â 689,A01,1,1,2,0,1,0,-1,-1, -1,-1,2021,59.0,1,2,0,0,1,2,1,,1,A12 Y,0,,3,4,0,1,5,800,1,, -1,2,0,1,90,18,3,3,78,78073,1,1,1,7,A12 Y,48.803153,2.048308,21,2,1
202100000351,201Â 087,A01,1,1,1,5,8,-1,-1,-1, -1,-1,2021,32.0,2,2,8,0,3,14,1,,4,BALMONT (DE)                        (BD),0,,2,3,3,2,(1),(1),1,, -1,1,0,1,50,13,11,5,69,69389,2,9,0,6,BALMONT (DE) (BD),45.78629,4.8012,3,1,1
202100052970,107Â 033,B01,2,2,2,3,1,0,-1,-1, -1,-1,2021,23.0,3,2,8,2,8,1,1,,4,PYRENEES ( DES ),0,,2,1,0,2,(1),(1),1,, -1,2,0,1,50,30,1,1,62,62178,2,9,1,3,PYRENEES ( DES ),50.47513491,2.53840126,16,3,2