Num_Acc,id_vehicule,num_veh,place,catu,sexe,trajet,secu1,secu2,secu3,locp,actp,etatp,year_acc,victim_age,senc,catv,obs,obsm,choc,manv,motor,occutc,catr,voie,v1,v2,circ,nbv,vosp,prof,pr,pr1,plan,lartpc,larrout,surf,infra,situ,vma,jour,mois,lum,dep,com,agg_,int,atm,col,adr,lat,long,hour,nb_victim,nb_vehicules
202100033611,141Â 686,B01,1,1,2,0,2,8,-1,0,0,-1,2021,65.0,3,1,0,2,1,1,1,,4,ROCHELLE (Chemin de la ),0,,2,7,0,2,(1),(1),4,, -1,1,5,1,50,18,6,1,26,26198,2,2,0,3,26 Rue Benjamin Franklin,44.57587,4.7558,9,2,2
202100029661,148Â 773,B01,2,2,2,5,1,-1,-1,0,0,-1,2021,73.0,2,2,0,2,1,1,1,,3,6113,0,D,2,2,0,1,3,0,1,, -1,1,0,1,90,11,7,1,11,11255,1,1,0,1,D6113,43.182665,2.948654,19,3,2
202100030611,147Â 037,A01,10,3,1,4,0,-1,-1,2,3,1,2021,30.0,1,2,0,1,6,26,1,,3,920,0,,1,1,0,1,0,0,1,, -1,1,0,1,50,5,7,1,92,92049,2,1,0,6,BRIAND AVENUE ARISTIDE NÂ°2 A 114,48.8180912327,2.3254618049,20,2,1
202100052641,107Â 631,B01,1,1,2,1,1,4,-1,-1, -1,-1,2021,49.0,1,2,0,2,4,2,1,,1,A13,0,,3,6,0,1,4,599,1,, -1,1,0,1,110,4,2,3,92,92064,1,1,0,2,A13,48.8397630302,2.2032787376,19,3,2
202100031765,144Â 982,A01,3,2,2,9,8,0,-1,-1, -1,-1,2021,21.0,2,3,9,0,5,16,2,2.0,3,,-1,,1,-1,-1,1,(1),(1),1,, -1,2,5,1,-1,29,6,1,92,92012,2,6,1,7,JEAN JAURES (BOULEVARD) 217/FIN - 210/FI,48.8253822455,2.2482168674,19,2,1
202100014080,176Â 531,A01,10,3,1,5,0,-1,-1,2,5,1,2021,11.0,2,2,0,1,2,1,1,,3,211,0,,2,2,0,1,5,100,3,, -1,1,0,1,70,10,10,1,9,9042,1,1,0,6,Unjat,43.022659,1.467769,18,2,1
202100041278,127Â 821,A01,2,2,1,4,1,8,-1,-1, -1,-1,2021,49.0,3,2,12,0,2,14,1,,4,SCORFF ( BD DU ),0,,1,1,0,1,(1),(1),2,, -1,1,5,1,30,3,5,2,56,56121,2,6,0,6,SCORFF ( BD DU ),47.76099,-3.36578,20,2,1
202100034090,140Â 827,A01,1,1,1,9,2,6,-1,0,0,-1,2021,69.0,1,1,0,2,3,1,1,,4,RUE CURIAL,0,,1,2,0,1,(1),(1),1,, -1,1,0,1,50,16,6,1,75,75119,2,2,0,3,RUE CURIAL,48.893264,2.373137,11,2,2
202100018165,169Â 141,B01,1,1,1,0,2,0,0,0,0,-1,2021,30.0,1,1,0,2,1,1,1,,4,DAMPIERRE (QUAI),0,,2,2,0,1,(1),(1),1,, -1,1,0,1,50,19,9,5,10,10387,2,2,0,3,DAMPIERRE (QUAI),48.299,4.076,22,2,2
202100027242,153Â 023,B01,2,2,1,5,1,0,-1,-1, -1,-1,2021,50.0,1,2,0,2,2,1,1,,4,,0,,1,1,0,1,0,0,1,, -1,1,0,1,50,24,7,1,92,92044,2,2,0,3,LOUIS ROUQUIER (RUE)113+ ET 106+,48.89276,2.29189,20,4,2
202100028364,151Â 003,B01,1,1,1,5,1,-1,-1,0,0,-1,2021,40.0,1,2,0,2,3,1,1,,3,31,-1,,2,2,0,1,10,875,2,, -1,1,0,1,80,19,7,1,80,80070,1,1,1,1,D31,50.072125,2.343521,18,3,2
202100029003,149Â 888,A01,1,1,1,0,2,6,-1,0,0,-1,2021,76.0,2,1,11,0,1,6,0,,3,10,-1,,2,2,0,2,4,495,1,,7,1,5,8,50,15,7,1,974,97415,2,3,0,6,79 Route de l'Ã©peron,-21.042134,55.254946,9,1,1
202100018892,167Â 877,A01,1,1,2,4,2,8,-1,-1, -1,-1,2021,25.0,1,1,0,0,7,1,3,,2,1014,0,,3,2,0,1,0,500,1,, -1,2,0,1,70,15,9,1,92,92026,1,1,1,7,RN1014 W,48.8892486093,2.2466463337,9,1,1
202100021588,163Â 043,B01,1,1,1,5,2,6,-1,-1, -1,-1,2021,17.0,1,1,0,2,6,17,1,,3,AV FRANCOIS MITTERRAND,0,,1,2,0,1,0,0,1,, -1,2,0,1,50,30,8,1,91,91027,2,1,1,2,AV FRANCOIS MITTERRAND,48.714347,2.371216,13,2,2
202100029639,148Â 808,B01,1,1,2,0,1,0,-1,-1, -1,-1,2021,41.0,2,2,0,2,5,23,1,,3,986,0,,1,2,0,1,0,0,1,, -1,2,0,1,50,10,7,1,92,92050,2,3,1,2,COMMUNE DE PARIS AVENUE DE LA,48.907511,2.212093,11,2,2
202100042405,125Â 833,A01,1,1,1,0,2,-1,-1,0,0,-1,2021,48.0,1,1,0,2,1,1,1,,2,,-1,,2,2,0,1,(1),(1),1,, -1,1,0,1,70,28,4,1,976,97607,1,1,0,1,Ironi Be,-12.835109,45.18769,14,2,2
202100016798,171Â 589,B01,1,1,1,0,2,0,-1,-1, -1,-1,2021,17.0,3,1,0,2,4,1,1,,3,ROUTE ROYALE,0,,2,2,0,2,1,0,1,, -1,1,0,1,50,25,9,1,202,202033,2,1,0,2,ROUTE ROYALE,42.67886,9.43048,18,2,2
202100015820,173Â 396,A01,10,3,1,9,0,-1,-1,2,3,1,2021,45.0,1,2,0,1,2,1,1,,3,746,-1,,3,2,0,1,11,200,1,, -1,1,5,1,50,30,9,5,85,85213,2,1,0,6,Rue Georges Clemenceau,46.593325,-1.315452,22,2,1
202100016647,171Â 875,A01,10,3,2,0,0,-1,-1,3,3,2,2021,55.0,0,2,0,1,2,1,1,,4,ROUTE DE PARIS,0,,2,4,3,1,(1),(1),1,, -1,1,0,1,50,26,9,1,44,44109,2,1,0,6,ROUTE DE PARIS,47.25008,-1.51967,18,3,1
202100021558,163Â 102,A01,1,1,1,4,1,6,-1,-1, -1,-1,2021,34.0,2,1,0,2,1,3,1,,1,AUTOROUTE A6B,0,,1,3,0,2,8,199,1,, -1,1,0,1,110,1,9,1,91,91689,1,1,0,2,AUTOROUTE A6B,48.746,2.326,16,2,2
202100020158,165Â 601,A01,2,2,2,5,8,-1,-1,0,0,-1,2021,18.0,3,2,2,0,8,1,1,,3,,-1,,2,2,0,2,(1),(1),3,,4,1,0,8,80,8,9,3,24,24527,1,1,0,6,Voie communale,45.272599,0.905739,2,2,1
202100041463,127Â 492,B01,1,1,2,0,1,-1,-1,0,0,-1,2021,29.0,1,2,0,2,2,17,1,,3,606,0,,2,3,0,1,68,700,1,, -1,1,0,1,90,4,5,1,89,89085,1,1,0,5,d606,47.936688,3.503931,8,3,3
202100049275,113Â 680,A01,1,1,1,9,2,6,-1,0,0,-1,2021,32.0,1,1,0,2,2,17,1,,4,AVENUE JEAN JAURES,0,,2,2,0,1,(1),(1),1,, -1,1,0,1,50,4,3,1,75,75119,2,3,0,3,AVENUE JEAN JAURES,48.887127,2.386772,13,2,2
202100039351,131Â 260,B01,2,2,2,5,2,6,-1,0,0,-1,2021,25.0,3,1,0,2,8,1,1,,4,,-1,,2,1,0,2,(1),(1),3,,3,1,0,1,80,18,4,1,61,61150,1,1,0,1,lieu dit les sapins,48.719997,0.420216,19,4,2
202100019141,167Â 414,A01,10,3,1,2,0,-1,-1,3,3,2,2021,8.0,2,5,0,1,8,1,1,,3,,0,,2,2,1,1,0,100,1,, -1,1,6,8,50,13,9,1,91,91114,2,1,1,6,AV CHARLES CHRISTOFLE,48.702383,2.493554,16,3,1
202100015204,174Â 525,C01,1,1,2,4,1,0,-1,-1, -1,-1,2021,31.0,2,2,0,2,4,2,1,,1,A86 INT,0,,1,3,0,1,59,360,1,, -1,2,0,1,90,5,10,1,78,78640,1,1,1,4,A86 INT,48.7775,2.22023,9,3,3
202100035299,138Â 609,B01,1,1,1,1,2,6,-1,-1, -1,-1,2021,43.0,1,1,0,2,1,1,1,,3,AMPERE (RUE),0,,2,-1,0,1,1,30,1,, -1,1,0,1,50,3,6,1,3,3095,2,6,0,3,Boulevard du Bicentenaire,46.14097,3.44475,18,2,2
202100042010,126Â 529,B01,1,1,1,9,8,-1,-1,-1, -1,-1,2021,23.0,2,1,0,2,7,26,0,,4,BONNEVAY LAURENT,0,,2,2,0,1,(1),(1),1,"6,3", -1,1,0,1,50,28,4,1,79,79191,2,2,0,3,Rue Laurent Bonnevay,46.31564,-0.48134,17,2,2
202100028587,150Â 618,C01,1,1,2,0,1,8,-1,-1, -1,-1,2021,28.0,2,2,0,2,4,2,1,,1,ROCADE A 630,0,,3,4,0,1,12,80,1,, -1,1,8,1,70,16,7,1,33,33162,1,1,0,4,ROCADE A 630,44.871121,-0.642292,17,4,4
202100005100,192Â 657,Z01,10,3,2,9,8,8,-1,2,3,1,2021,65.0,1,1,0,1,0,5,5,,4,RUE DE JAVEL,0,,1,1,0,1,(1),(1),1,, -1,1,0,1,30,1,12,5,75,75115,2,1,0,6,RUE DE JAVEL,48.842345,2.290015,23,2,1
202100002956,196Â 489,A01,10,3,2,9,0,-1,-1,1,3,1,2021,20.0,1,2,0,1,1,1,2,,4,VOULDY (CHAUSSEE DU),0,,2,2,0,1,(1),(1),3,, -1,2,0,1,50,14,12,1,10,10387,2,1,0,6,VOULDY (CHAUSSEE DU),48.305,4.08289,8,2,1
202100041231,127Â 904,A01,1,1,1,0,8,0,-1,-1, -1,-1,2021,26.0,1,1,0,2,0,26,1,,1,A86,0,,3,4,0,1,2,150,1,, -1,2,0,1,110,6,5,1,92,92050,1,1,1,7,A86,48.915885359,2.2206609497,9,1,1
202100033242,142Â 349,A01,1,1,1,1,2,6,-1,0,0,-1,2021,33.0,3,1,0,2,8,23,1,,3,,0,,2,1,0,1,9,888,1,,"3,5",1,0,1,80,18,6,1,78,78192,1,2,0,3,Rue des Brossets,48.931797,1.621706,8,2,2
202100038172,133Â 416,A01,1,1,2,9,2,6,-1,-1, -1,-1,2021,19.0,1,1,4,0,1,21,1,,3,SOULT (AVENUE MARECHAL),0,,2,4,0,1,7,756,1,, -1,1,0,1,30,26,5,5,64,64102,2,1,0,6,SOULT (AVENUE MARECHAL),43.48733,-1.48409,4,1,1
202100035074,139Â 003,B01,1,1,2,0,1,0,-1,-1, -1,-1,2021,26.0,2,2,0,2,8,9,1,,3,ROUGET DE L ISLE (AV),0,,3,2,0,1,1,0,1,, -1,1,0,8,50,10,6,1,94,94081,2,1,0,3,Avenue Rouget de Lisle,48.78274,2.39389,15,2,2
202100045337,120Â 700,B01,1,1,1,5,1,8,-1,-1, -1,-1,2021,58.0,2,2,0,2,4,2,1,,1,A4,0,,3,4,0,1,14,199,1,, -1,1,0,1,110,2,4,5,93,93051,1,1,0,2,A4,48.8361710985,2.558127345,22,2,2
202100043268,124Â 324,A01,10,3,1,5,0,-1,-1,2,3,1,2021,83.0,2,2,0,1,1,1,1,,7,2,-1,,2,2,0,1,31,390,1,, -1,1,0,1,50,21,4,1,31,31506,2,1,0,6,49 Avenue de Gameville,43.550384,1.535386,16,2,1
202100007866,187Â 679,A01,10,3,1,0,0,-1,-1,1,3,1,2021,65.0,2,1,0,1,1,26,1,,3,WILSON (AVENUE DU PRESIDENT),0,,1,3,3,1,0,1,1,, -1,1,0,1,50,16,11,1,93,93066,2,1,0,6,WILSON (AVENUE DU PRESIDENT),48.92928,2.35667,13,2,1
202100052142,108Â 508,B01,1,1,2,9,2,8,-1,0,0,-1,2021,28.0,3,1,0,2,3,1,1,,4,PLACE VICTOR ET HELENE BASCH,0,,2,3,0,1,(1),(1),1,, -1,2,0,1,50,8,2,1,75,75114,2,5,0,3,PLACE VICTOR ET HELENE BASCH,48.827789,2.326799,16,2,2
202100005549,191Â 883,A01,1,1,2,9,8,0,-1,-1, -1,-1,2021,53.0,1,2,1,0,2,1,1,,3,ALSACE LORRAINE (R D),0,,1,1,0,1,0,0,1,, -1,1,9,1,30,29,11,5,94,94068,2,1,0,2,ALSACE LORRAINE (R D),48.80294,2.48542,23,2,1
202100041713,127Â 050,A01,1,1,1,0,8,-1,-1,0,0,-1,2021,44.0,1,2,13,0,0,1,1,,3,998,0,D,2,2,0,2,38,600,2,, -1,1,0,3,90,3,5,1,3,3118,1,1,0,6,D998,46.110842,3.129494,7,1,1
202100047099,117Â 583,A01,10,3,2,5,0,-1,-1,5,5,2,2021,12.0,3,1,0,1,1,25,1,,5,/,0,,-1,2,0,1,(1),(1),1,, -1,9,9,8,-1,23,3,1,34,34276,2,7,0,6,Le Galion - AllÃ©e Eugene Saumade,43.768638,3.863808,16,2,1
202100054041,105Â 150,Z01,10,3,1,5,8,8,-1,2,3,1,2021,24.0,0,2,0,1,1,1,0,,9,FAISANDERIE RUE DE LA,0,,-1,2,0,1,(1),(1),1,, -1,1,0,1,15,15,1,5,78,78498,2,9,0,6,FAISANDERIE RUE DE LA,48.93531,2.04645,19,2,1
202100033432,142Â 013,A01,1,1,1,9,2,0,-1,0,0,-1,2021,23.0,2,1,0,2,2,17,3,,4,RUE DU FAUBOURG SAINT MARTIN,0,,2,4,0,1,(1),(1),1,, -1,1,0,1,50,18,6,5,75,75110,2,3,0,3,RUE DU FAUBOURG SAINT MARTIN,48.875833,2.36027,22,3,2
202100007999,187Â 434,A01,2,2,1,5,1,0,-1,-1, -1,-1,2021,30.0,1,2,15,0,1,14,1,,4,RHIN NAPOLEON (RUE DU),0,,-1,2,0,1,0,0,1,, -1,1,0,1,50,13,11,5,67,67482,2,1,0,6,RHIN NAPOLEON (RUE DU),48.56751,7.79221,0,3,1
202100028247,151Â 203,A01,1,1,1,1,2,6,9,0,0,-1,2021,25.0,2,1,8,0,7,1,1,,3,123,-1,,2,2,0,1,4,850,2,, -1,1,0,3,70,20,7,1,38,38110,1,1,0,6,Route de Leveau,45.567812,4.878455,9,1,1
202100005867,191Â 304,B01,1,1,1,0,2,0,-1,-1, -1,-1,2021,33.0,1,1,0,2,1,1,1,,3,MADELEINE (ROUTE DE LA),0,,2,2,0,1,1,800,1,, -1,1,0,1,50,27,11,1,973,97302,2,1,0,3,MADELEINE (ROUTE DE LA),4.9264707791,-52.3244261743,9,2,2
202100012315,179Â 721,A01,1,1,2,5,1,-1,-1,0,0,-1,2021,34.0,2,2,13,0,2,1,1,,3,613,0,,2,2,0,2,59,200,1,, -1,1,0,3,80,19,10,1,27,27116,1,1,0,7,D613,49.150935,0.73175,9,1,1
202100019949,165Â 976,A01,1,1,1,5,2,6,-1,0,0,-1,2021,58.0,1,1,13,0,1,14,1,,2,24,0,N,3,4,0,3,65,8,1,, -1,1,0,3,110,9,9,1,56,56074,1,1,0,6,route nationale 24,47.895728,-2.934752,19,1,1
202100009574,184Â 594,B01,1,1,2,4,1,0,-1,-1, -1,-1,2021,37.0,2,2,0,2,4,2,1,,2,11 - RT,0,,2,4,0,1,0,0,1,, -1,2,0,1,70,3,11,1,202,202120,1,1,1,4,11 - RT,42.64976,9.44054,10,3,3
202100002029,198Â 165,A01,7,2,2,5,8,0,-1,0,0,-1,2021,74.0,2,3,0,0,0,1,1,3.0,4,GEOLE (RUE DE),0,,2,2,0,1,0,0,1,, -1,1,0,1,50,16,12,1,14,14118,2,1,0,7,Rue de GeÃ´le,49.18527,-0.36446,15,3,1
202100024509,157Â 850,A01,1,1,1,0,2,-1,-1,-1, -1,-1,2021,22.0,2,1,0,-1,0,21,1,,4,GENAS    (Route de),0,,1,1,0,1,(1),(1),1,, -1,2,0,1,50,12,8,2,69,69266,2,3,1,7,GENAS (DE) (RTE),45.7542607377,4.8880080879,18,1,1
202100018614,168Â 364,A01,10,3,1,9,0,-1,-1,4,5,1,2021,58.0,1,1,0,1,3,1,1,,4,AVENUE BOSQUET,0,,2,4,0,1,(1),(1),1,, -1,1,0,1,30,16,9,1,75,75107,2,7,0,6,AVENUE BOSQUET,48.8546302515,2.3055423725,12,2,1
202100037850,134Â 004,B01,1,1,1,5,8,0,-1,-1, -1,-1,2021,49.0,3,2,0,2,8,23,1,,4,R EMILE ZOLA ,0,,2,0,0,1,1,0,1,, -1,1,0,1,50,28,5,1,94,94038,2,3,0,3,Rue Emile Zola,48.76575,2.32788,14,3,2
202100046770,118Â 169,A01,1,1,1,1,2,0,-1,-1, -1,-1,2021,37.0,1,1,0,2,1,0,1,,7,L'ENJOLRAS (AVE DE),0,,2,2,0,1,9,100,1,, -1,1,0,1,50,23,3,2,13,13075,2,3,0,3,L'ENJOLRAS (AVE DE),43.3376,5.45281,18,2,2
202100008845,185Â 930,A01,1,1,1,9,8,0,-1,0,0,-1,2021,18.0,1,1,0,2,1,1,5,,4,RUE BRANCION,0,,1,3,1,1,(1),(1),1,, -1,2,-1,5,30,7,11,5,75,75115,2,2,0,3,RUE BRANCION,48.828623,2.301422,2,3,2
202100015129,174Â 666,B01,1,1,1,0,1,0,-1,-1, -1,-1,2021,22.0,3,2,0,2,6,2,1,,3,BOISSY (RTE DE),0,,1,2,0,1,0,0,1,, -1,2,0,1,50,1,10,5,94,94011,1,1,1,2,BOISSY (RTE DE),48.7651284185,2.4915361404,22,2,2
202100031969,144Â 601,A01,1,1,1,0,8,-1,-1,-1, -1,-1,2021,47.0,0,1,0,2,0,0,0,,4,PAUL KRUGER      (Avenue),0,,2,2,0,1,(1),(1),1,, -1,1,0,1,50,27,6,1,69,69266,2,1,0,3,PAUL KRUGER (AV),45.75486,4.90098,20,2,2
202100023412,159Â 770,A01,1,1,1,5,2,-1,-1,-1, -1,-1,2021,54.0,0,1,0,0,0,0,1,,4,GAULLE. BOULEVARD CHARLES DE,0,,2,2,0,2,0,0,1,, -1,2,5,1,30,2,8,5,76,76498,2,6,1,7,Boulevard Charles de Gaulle,49.4199190453,1.0611838102,21,1,1
202100005624,191Â 736,A01,1,1,1,0,1,0,-1,-1, -1,-1,2021,29.0,1,1,0,2,3,6,0,,1,15,0,,3,2,0,1,4,500,1,, -1,1,0,1,90,29,11,3,92,92036,1,9,0,3,AUTOROUTE A15,48.9407403854,2.2929114253,23,2,2
202100054430,104Â 462,A01,10,3,1,9,0,-1,-1,4,3,1,2021,69.0,1,5,0,1,3,1,1,,3,REPUBLIQUE (RUE DE LA),0,,2,2,0,1,1,0,1,, -1,2,0,1,30,13,1,5,59,59385,2,1,1,6,REPUBLIQUE (RUE DE LA),50.29188,4.08098,18,2,1
202100051592,109Â 473,B01,2,2,2,9,2,6,-1,0,0,-1,2021,6.0,1,1,0,2,2,17,3,,4,RUE CAULAINCOURT,0,,2,2,0,2,(1),(1),1,, -1,1,0,1,50,13,2,1,75,75118,2,5,0,3,RUE CAULAINCOURT,48.8896910112,2.3401891402,14,3,2
202100037128,135Â 334,B01,1,1,1,1,2,-1,-1,0,0,-1,2021,38.0,1,1,0,2,1,1,5,,3,917,-1,,2,2,0,2,39,115,1,, -1,1,0,1,50,2,6,1,62,62861,2,4,0,3,D917,50.368295,2.799894,7,2,2
202100013582,177Â 439,A01,10,3,2,5,8,8,-1,3,3,2,2021,43.0,3,2,0,1,2,17,1,,4,14 JUILLET 1789(AVENUE DU),0,,1,2,0,1,0,0,1,, -1,2,9,1,50,12,10,1,974,97407,2,6,1,6,14 JUILLET 1789(AVENUE DU),-20.93237,55.29502,9,3,1
202100048985,114Â 189,B01,1,1,2,5,1,-1,-1,0,0,-1,2021,38.0,2,2,0,2,1,13,1,,3,81,0,,2,2,0,2,13,900,3,, -1,1,0,1,80,7,3,1,201,201048,1,1,0,1,RD81,42.026009,8.749205,15,2,2
202100042719,125Â 274,A01,4,2,2,5,8,0,-1,-1, -1,-1,2021,26.0,3,2,0,2,1,2,1,,3,83,0,,2,2,0,1,0,0,1,, -1,1,0,1,50,24,4,1,92,92046,2,1,0,2,Charles de gaulle,48.82135,2.29724,18,3,2
202100052241,108Â 325,B01,1,1,1,0,1,0,-1,-1, -1,-1,2021,32.0,1,2,0,2,3,1,1,,3,RD 188 CHEVREUSE,0,,2,2,0,1,8,0,1,, -1,1,0,1,80,7,2,1,91,91471,1,1,1,1,RD 188 CHEVREUSE,48.69274,2.18612,13,2,2
202100033139,142Â 521,B01,2,2,1,4,1,-1,-1,0,0,-1,2021,21.0,1,5,4,2,2,17,1,,1,35,0,A,3,4,0,1,424,300,1,, -1,1,0,1,130,21,6,1,67,67155,1,9,0,3,autoroute A35 pk 424+300,48.407554,7.480917,11,3,2
202100036387,136Â 662,A01,1,1,1,9,2,-1,-1,0,0,-1,2021,40.0,0,1,0,2,1,17,1,,3,FOUENCAMPS (CHEMIN DE),0,,2,2,0,1,(1),(1),1,, -1,1,0,1,50,3,6,1,80,80131,2,1,0,1,FOUENCAMPS (CHEMIN DE),49.8322642551,2.4034262473,17,2,2
202100040164,129Â 807,A01,1,1,1,5,1,0,-1,-1, -1,-1,2021,26.0,3,2,6,0,1,14,1,,4,TAILLEUR (RUE DU),0,,2,2,0,2,0,0,2,, -1,1,0,1,50,12,5,5,64,64024,2,1,0,7,TAILLEUR (RUE DU),43.49117,-1.52495,5,1,1
202100015060,174Â 789,A01,10,3,2,5,8,8,-1,8,3,1,2021,63.0,3,2,0,1,3,20,1,,6,La Ville Biais (rue de ),0,,-1,0,0,1,(1),(1),1,, -1,2,0,8,20,1,10,1,35,35241,2,1,1,6,La Ville Biais (rue de ),48.61477,-2.0571,12,2,1
202100027478,152Â 609,A01,1,1,1,0,2,0,-1,-1, -1,-1,2021,66.0,2,1,0,2,1,2,1,,1,A55-Sens Martigues vers Marseille,0,,1,2,0,1,22,299,1,, -1,1,0,1,110,22,7,1,13,13033,1,1,0,2,A55-Sens Martigues vers Marseille,43.37547,5.19967,17,2,2
202100034437,140Â 177,A01,1,1,1,4,2,0,-1,0,0,-1,2021,16.0,2,1,0,2,1,2,1,,4,RUE DE PICPUS,0,,2,2,0,1,(1),(1),1,, -1,1,0,1,50,13,6,1,75,75112,2,1,0,2,RUE DE PICPUS,48.845012,2.395602,18,2,2
202100052159,108Â 479,B01,1,1,2,1,1,-1,-1,0,0,-1,2021,52.0,2,2,0,9,6,1,1,,3,986,-1,,2,2,0,4,10,313,3,, -1,1,0,1,90,4,2,1,34,34042,1,1,0,6,dÃ©partementale 986,43.860556,3.742862,9,2,2
202100044622,121Â 962,A01,1,1,1,5,2,6,-1,0,0,-1,2021,17.0,3,1,0,2,1,13,1,,4,,-1,,2,1,0,2,(1),(1),4,, -1,1,0,1,80,8,4,1,63,63382,1,1,1,1,Lieu Dit Fontbonne,46.060636,2.983689,16,3,2
202100012136,180Â 021,B01,1,1,1,0,2,0,-1,-1, -1,-1,2021,19.0,0,1,0,0,0,0,1,,1,86,0,,-1,3,0,1,2,200,1,, -1,1,9,1,90,20,10,1,92,92050,1,1,0,3,A86,48.9163343351,2.221083583,7,2,2
202100050208,111Â 969,A01,2,2,1,9,2,0,-1,0,0,-1,2021,12.0,1,1,0,2,2,1,1,,4,BOULEVARD PERIPHERIQUE INTERIEUR SUD,0,,1,2,0,2,(1),(1),1,, -1,1,0,1,50,24,2,1,75,75120,2,1,0,3,BOULEVARD PERIPHERIQUE INTERIEUR SUD,48.8477777646,2.4142616987,14,3,2
202100050943,110Â 621,B01,1,1,1,4,2,8,-1,-1, -1,-1,2021,19.0,1,1,1,2,1,21,1,,4,R REMISE AUX FAISANS,0,,2,2,0,1,1,0,1,, -1,1,9,1,30,19,2,1,94,94022,2,1,0,3,REMISE AUX FAISANS (R),48.75203,2.40786,12,2,2
202100021390,163Â 410,B01,1,1,1,1,1,0,-1,-1, -1,-1,2021,25.0,1,2,0,2,4,1,1,,1,A507 sens Marseille - Aubagne,0,,1,2,0,2,3,329,3,, -1,1,1,1,70,1,9,1,13,13055,1,1,0,2,A507 sens Marseille - Aubagne,43.300384,5.425309,7,2,2
202100051365,109Â 864,A01,3,2,2,5,1,-1,-1,0,0,-1,2021,20.0,3,2,2,0,1,1,1,,4, Route de Barreaud,0,,2,2,0,2,(1),(1),3,, -1,2,0,3,50,30,1,3,33,33219,1,1,1,6,Route de Barreaud,44.998557,-0.386109,0,3,1
202100010349,183Â 206,B01,1,1,1,5,8,0,-1,0,0,-1,2021,24.0,1,1,0,2,1,1,5,,4,RUE FROIDEVAUX,0,,1,1,1,1,(1),(1),1,, -1,2,0,5,30,29,10,1,75,75114,2,2,1,3,RUE FROIDEVAUX,48.837542,2.323024,13,2,2
202100010556,182Â 863,A01,2,2,2,5,2,6,-1,0,0,-1,2021,53.0,1,1,0,2,1,2,1,,4,AVENUE DE VILLIERS,0,,2,4,0,1,(1),(1),1,, -1,1,0,1,30,28,10,1,75,75117,2,3,0,2,AVENUE DE VILLIERS,48.884445,2.301213,17,3,2
202100016781,171Â 616,C01,1,1,1,5,8,0,-1,-1, -1,-1,2021,15.0,1,1,0,2,4,1,5,,3,TIGRE (ROUTE DU),0,,2,1,0,1,0,800,1,, -1,1,0,1,50,23,9,1,973,97302,2,1,0,5,TIGRE (ROUTE DU),4.9187431546,-52.3160283566,16,3,3
202100006192,190Â 743,A01,2,2,2,5,1,-1,-1,-1, -1,-1,2021,63.0,1,5,0,2,1,2,1,,2,ROUTE NATIONALE 230,0,,3,6,0,1,42,959,1,, -1,1,0,1,90,23,11,1,33,33249,1,1,0,5,ROUTE NATIONALE 230,44.87335,-0.50659,12,4,3
202100034431,140Â 187,B01,1,1,1,1,2,6,-1,0,0,-1,2021,24.0,2,1,0,2,1,1,1,,4,AVENUE STEPHANE MALLARME,0,,2,2,0,1,(1),(1),1,, -1,1,0,1,30,14,6,1,75,75117,2,2,0,3,AVENUE STEPHANE MALLARME,48.887492,2.29477,8,2,2
202100024883,157Â 181,B01,1,1,1,0,1,-1,-1,-1, -1,-1,2021,73.0,1,2,0,2,1,1,0,,4,INDUSTRIE (BD DE L') DU 01 ET +,0,,2,2,0,1,(1),(1),1,, -1,1,0,1,50,9,8,1,33,33529,2,1,0,4,INDUSTRIE (BD DE L') DU 01 ET +,44.61339,-1.12821,12,4,4
202100046470,118Â 722,B01,1,1,1,9,1,-1,-1,0,0,-1,2021,19.0,1,2,0,2,1,23,1,,3,1084,0,,2,2,0,1,13,525,1,, -1,1,0,1,30,28,3,1,1,1142,2,1,0,2,1084 Rue de GenÃ¨ve,45.850818,5.075977,9,3,2
202100003653,195Â 224,B01,1,1,1,0,8,0,-1,-1, -1,-1,2021,37.0,1,1,0,2,1,1,5,,4,QUAI DE LA FOSSE,0,,3,4,2,1,0,0,1,, -1,1,0,1,50,10,12,5,44,44109,2,1,0,3,QUAI DE LA FOSSE,47.20997,-1.56425,18,2,2
202100021432,163Â 335,A01,1,1,1,0,1,0,-1,-1, -1,-1,2021,79.0,3,2,15,0,1,1,1,,4,KLOTZ HENRI-PIERRE (AV),0,,2,2,1,2,0,0,1,, -1,1,0,1,50,1,9,1,72,72181,2,1,0,6,KLOTZ HENRI-PIERRE (AV),48.019673,0.165549,15,1,1
202100022776,160Â 888,A01,1,1,1,3,2,6,9,0,0,-1,2021,52.0,1,1,0,0,7,15,1,,7,723,0,D,2,2,0,1,43,693,2,, -1,8,0,1,80,17,4,2,44,44172,1,6,0,7,Rond-Point des Bornes,47.275539,-1.467694,9,1,1
202100054765,103Â 908,A01,10,3,2,3,8,8,-1,5,9,1,2021,74.0,1,3,0,1,7,1,6,,4,BOULEVARD BENOIT FRACHON,0,,3,2,3,1,(1),0,1,, -1,1,0,6,50,16,1,1,44,44109,2,1,0,6,BOULEVARD BENOIT FRACHON,47.207157,-1.58003,11,2,1
202100054467,104Â 403,A01,10,3,1,9,0,-1,-1,1,5,1,2021,17.0,2,1,0,1,1,1,1,,4,BOULEVARD DAVOUT,0,,-1,2,0,1,(1),(1),1,, -1,2,0,1,50,19,1,1,75,75120,2,1,1,6,BOULEVARD DAVOUT,48.848182,2.411379,8,2,1
202100041623,127Â 205,A01,1,1,1,1,1,5,-1,-1, -1,-1,2021,19.0,2,2,15,0,4,1,1,,1,A55-Sens Martigues vers Marseille,0,,1,2,0,2,36,700,3,, -1,1,5,4,50,3,5,3,13,13056,1,1,0,6,A55-Sens Martigues vers Marseille,43.397583,5.046486,23,1,1