Num_Acc,id_vehicule,num_veh,place,catu,sexe,trajet,secu1,secu2,secu3,locp,actp,etatp,year_acc,victim_age,senc,catv,obs,obsm,choc,manv,motor,occutc,catr,voie,v1,v2,circ,nbv,vosp,prof,pr,pr1,plan,lartpc,larrout,surf,infra,situ,vma,jour,mois,lum,dep,com,agg_,int,atm,col,adr,lat,long,hour,nb_victim,nb_vehicules
202100040987,128Â 356,A01,1,1,2,0,2,6,9,0,0,-1,2021,24.0,1,1,0,2,1,2,1,,2,20,0,,2,2,0,1,13,820,1,, -1,1,0,1,70,8,5,1,201,201209,1,1,0,2,RT20 au niveau de l'embranchement D5,41.993388,8.848066,12,2,2
202100018174,169Â 125,A01,1,1,2,5,2,0,-1,0,0,-1,2021,41.0,1,1,0,2,3,1,5,,4,RUE PHILIPPE DE CHAMPAGNE,0,,2,2,1,1,(1),(1),1,, -1,1,0,5,30,18,9,2,75,75113,2,3,0,3,RUE PHILIPPE DE CHAMPAGNE,48.832861,2.35554,19,2,2
202100045932,119Â 651,B01,1,1,1,1,2,6,-1,0,0,-1,2021,52.0,1,1,0,2,4,1,1,,4,CARNOT (RUE),0,,2,2,0,1,(1),(1),1,, -1,1,0,1,50,30,3,1,65,65440,2,1,0,4,CARNOT (RUE),43.219628,0.070767,17,3,3
202100032186,144Â 227,A01,1,1,1,5,2,6,9,0,0,-1,2021,15.0,1,1,0,0,0,1,1,,3,3,0,D,2,2,0,1,17,500,1,, -1,1,0,3,70,26,6,1,5,5127,1,1,0,7,D3,44.465534,6.23649,17,1,1
202100008658,186Â 268,B01,1,1,2,1,1,-1,-1,0,0,-1,2021,48.0,2,2,0,2,7,1,1,,3,606,-1,,2,2,0,1,65,550,1,, -1,2,0,1,50,9,11,1,89,89152,2,1,1,3,48 Route de Sens,47.949953,3.468065,8,2,2
202100015058,174Â 791,B01,1,1,2,5,1,8,-1,-1, -1,-1,2021,55.0,2,2,0,2,4,2,1,,4,ATELIERS (RUE DES),0,,2,3,0,1,(1),0,1,, -1,1,0,1,50,3,10,2,37,37233,2,1,0,2,ATELIERS (RUE DES),47.385538,0.712369,19,2,2
202100027493,152Â 583,A01,1,1,1,5,2,8,-1,-1, -1,-1,2021,40.0,3,1,0,0,0,0,1,,4,JACARANDAS (CITE),0,,2,2,0,1,(1),(1),1,, -1,1,0,1,30,21,7,5,973,97302,2,1,0,7,JACARANDAS (CITE),4.92905704,-52.31106621,22,1,1
202100042789,125Â 172,A01,1,1,1,0,2,6,-1,0,0,-1,2021,56.0,3,1,0,0,0,17,1,,4,,-1,,2,2,0,1,(1),(1),1,, -1,1,0,1,80,24,4,1,60,60022,1,1,0,7,Rue de Saint-maximin,49.22205,2.501353,15,1,1
202100034392,140Â 265,A01,1,1,1,1,2,-1,-1,0,0,-1,2021,42.0,2,1,0,2,1,1,1,,3,32,0,A,2,2,0,1,7,5,1,, -1,1,0,1,50,16,6,1,74,74146,2,9,0,1,d32,46.368512,6.571356,5,2,2
202100004338,194Â 005,A01,9,2,1,0,3,-1,-1,0,0,-1,2021,0.0,2,2,0,2,6,1,1,,3,321,0, -,2,2,0,1,14,510,1,, -1,1,0,1,50,7,12,1,27,27493,2,3,0,3,Rue de la LibÃ©ration,49.331034,1.246659,10,3,2
202100042872,125Â 035,B01,1,1,1,9,2,0,-1,-1, -1,-1,2021,16.0,1,1,0,2,0,0,1,,4,MENDES FRANCE AVENUE PIERRE,0,,-1,2,0,1,1,0,1,, -1,1,0,1,50,23,4,1,49,49015,2,6,0,3,MENDES FRANCE AVENUE PIERRE,47.49937,-0.58298,13,3,2
202100023269,160Â 024,A01,1,1,1,0,2,0,-1,-1, -1,-1,2021,43.0,2,1,0,2,2,17,1,,3,CHANTACO (AVENUE DE ),0,,2,2,0,1,2,0,1,, -1,1,0,1,70,19,8,1,64,64483,2,1,0,3,7 allÃ©e des fleurs,43.3900591184,-1.6538742185,17,2,2
202100015329,174Â 306,A01,10,3,1,0,0,-1,-1,9,B,1,2021,38.0,1,2,0,1,0,1,1,,3,PAUL LANGEVIN (AVENUE ),0,,2,2,0,1,0,0,1,, -1,1,0,1,80,3,10,5,57,57616,1,1,0,6,PAUL LANGEVIN (AVENUE ),49.14077,6.19975,3,2,1
202100029148,149Â 644,B01,1,1,2,4,1,0,-1,0,0,-1,2021,26.0,1,2,0,2,4,2,1,,4,PAGNOL (BOULEVARD MARCEL),0,,2,2,0,2,(1),(1),1,, -1,1,0,1,50,13,7,1,6,6069,2,1,0,2,PAGNOL (BOULEVARD MARCEL),43.645362,6.944253,11,2,2
202100011354,181Â 434,B01,1,1,2,1,1,0,-1,-1, -1,-1,2021,32.0,2,2,0,2,5,1,1,,2,BALATA (ROUTE DE),0,,2,2,0,2,0,0,1,, -1,1,0,1,70,22,10,3,972,97209,1,1,0,3,BALATA (ROUTE DE),14.67708,-61.09069,20,2,2
202100001776,198Â 619,A01,1,1,1,1,1,-1,-1,0,0,-1,2021,18.0,2,2,0,2,3,2,1,,3,929,-1,,2,2,0,2,56,636,3,, -1,1,0,1,70,23,12,1,65,65006,1,1,0,5,D929,42.878881,0.346268,13,4,3
202100049422,113Â 420,B01,1,1,1,0,0,0,-1,-1, -1,-1,2021,17.0,3,1,0,2,2,1,5,,4,BERNAU (R DE),0,,2,4,2,2,1,0,1,, -1,1,0,5,50,3,3,1,94,94017,2,1,0,3,BERNAU (R DE),48.81747,2.53681,17,2,2
202100010404,183Â 118,A01,3,2,1,5,8,-1,-1,0,0,-1,2021,17.0,1,2,6,0,5,1,1,,3,40,0,,2,2,0,1,1,900,3,, -1,1,0,1,80,29,10,5,63,63207,1,1,0,6,"Route dÃ©partementale 40,",45.658043,3.675013,21,5,1
202100036639,136Â 218,A01,1,1,2,9,8,0,-1,0,0,-1,2021,15.0,0,1,1,0,1,5,3,,4,,0,,1,1,0,2,(1),(1),3,, -1,1,9,1,30,3,6,1,6,6088,2,9,0,6,VITTONE (AV.),43.671624,7.214201,12,2,1
202100003401,195Â 681,A01,1,1,2,0,1,8,-1,-1, -1,-1,2021,20.0,1,2,0,0,9,17,1,,3,D721,0,,2,2,0,2,2,0,1,, -1,7,0,1,70,11,12,3,91,91469,1,1,0,7,D721,48.39992,2.17463,7,1,1
202100015810,173Â 413,A01,2,2,2,9,1,5,-1,0,0,-1,2021,61.0,1,2,0,2,1,13,1,,3,2020,-1,D,2,2,0,1,42,330,1,, -1,1,0,1,90,2,10,1,41,41256,1,9,0,1,RD2020,47.292751,2.058685,12,4,2
202100026860,153Â 709,A01,1,1,1,4,2,0,-1,-1, -1,-1,2021,30.0,1,1,0,2,1,2,1,,3,YOURI GAGARINE (AV),0,,1,0,0,1,1,0,1,, -1,2,0,1,50,27,7,1,94,94081,2,1,1,2,Avenue Youri Gagarine,48.78533,2.39238,16,2,2
202100043660,123Â 632,A01,1,1,1,1,2,6,-1,-1, -1,-1,2021,36.0,2,1,0,2,1,2,1,,3,PROVINS (RTE DE),0,,3,2,0,1,0,0,1,, -1,1,9,1,50,17,4,1,94,94055,2,1,0,2,PROVINS (RTE DE),48.7957,2.54997,19,2,2
202100003177,196Â 087,A01,10,3,2,2,0,-1,-1,3,3,1,2021,11.0,1,2,0,1,2,16,1,,4,FONDOUZE (RUE),0,,1,1,0,1,0,0,1,, -1,1,0,8,30,13,12,1,92,92002,2,1,0,6,FONDOUZE (RUE),48.750585,2.297077,12,2,1
202100031003,146Â 318,A01,10,3,1,1,0,-1,-1,3,3,2,2021,50.0,2,2,0,1,3,1,1,,3,,0,,3,4,0,1,76,420,1,, -1,2,0,1,50,28,6,1,71,71270,2,1,0,6,Avenue Edouard HÃ©rriot,46.30007,4.82875,12,2,1
202100030107,147Â 964,A01,1,1,1,5,2,6,-1,0,0,-1,2021,25.0,1,1,0,2,2,17,1,,3,34,0,D,2,2,0,1,5,50,1,, -1,1,0,1,80,8,7,1,13,13027,1,9,0,3,740 Route de la Crau,43.889148,4.825723,15,2,2
202100029349,149Â 307,A01,4,2,1,0,1,0,-1,-1, -1,-1,2021,18.0,1,2,1,2,2,14,1,,3,MARTRE (RUE) DE (59 A 109)   (58 A 120),0,,1,3,3,1,0,0,1,, -1,1,8,1,50,11,7,5,92,92024,2,1,0,3,MARTRE (RUE) DE (59 A 109)   (58 A 120),48.90384,2.30539,4,5,2
202100003576,195Â 362,B01,1,1,1,5,1,0,-1,-1, -1,-1,2021,34.0,1,2,0,2,3,1,1,,4,LIBERATION (AVENUE DE LA),0,,2,3,0,2,0,0,1,, -1,2,5,1,50,8,12,5,87,87085,2,2,0,3,GARIBALDI (AVENUE),45.83445,1.26093,23,2,2
202100055162,103Â 214,A01,10,3,2,0,0,-1,-1,4,3,1,2021,49.0,0,2,0,1,1,16,1,,4,EUROPE (AVENUE DE L'),0,,2,2,0,4,(1),(1),1,, -1,1,0,1,50,13,1,1,80,80021,2,1,0,6,EUROPE (AVENUE DE L'),49.91396,2.30265,8,2,1
202100027060,153Â 349,B01,1,1,1,5,0,-1,-1,0,0,-1,2021,18.0,1,1,1,0,1,1,5,,4,MARLIOZ AVENUE DE,0,,2,2,0,1,(1),(1),1,, -1,1,0,1,50,12,7,5,73,73008,2,1,0,3,MARLIOZ AVENUE DE,45.684,5.91259,0,2,2
202100030896,146Â 533,A01,1,1,2,1,8,-1,-1,0,0,-1,2021,50.0,1,2,13,0,1,13,1,,3,63E2,0,D,2,2,0,2,0,450,2,, -1,1,0,1,80,5,7,3,39,39339,1,1,0,6,,46.355499,5.77103,1,1,1
202100004363,193Â 961,A01,1,1,1,0,1,0,-1,-1, -1,-1,2021,31.0,2,2,0,2,4,0,1,,1,A51-Sens Aix en Provence vers Marseille,0,,1,4,0,1,3,0,1,, -1,1,0,1,90,7,12,5,13,13019,1,1,0,5,A51-Sens Aix en Provence vers Marseille,43.418047,5.365838,19,4,4
202100047143,117Â 501,B01,1,1,1,9,2,8,-1,0,0,-1,2021,50.0,1,1,0,2,1,17,1,,4,BOULEVARD VOLTAIRE,0,,2,0,0,1,(1),(1),1,, -1,1,0,1,50,20,3,1,75,75111,2,1,0,3,BOULEVARD VOLTAIRE,48.854976,2.384849,18,2,2
202100022094,162Â 130,A01,2,2,1,9,8,0,-1,-1, -1,-1,2021,16.0,2,1,0,2,1,17,1,,4,LOUBON (RUE),0,,2,1,0,1,0,0,1,, -1,1,0,1,50,28,8,1,13,13203,2,1,0,3,LOUBON (RUE),43.3124492524,5.3805482921,17,3,2
202100056147,101Â 521,A01,1,1,1,5,2,6,-1,-1, -1,-1,2021,48.0,2,1,0,0,8,26,1,,4,,0,,2,2,0,1,0,0,2,, -1,2,0,1,50,4,1,1,64,64122,2,1,1,7,AVENUE DE LAHOUZE,43.4773903242,-1.5501115301,16,1,1
202100034170,140Â 683,B01,1,1,1,1,8,-1,-1,0,0,-1,2021,46.0,2,2,0,2,6,1,1,,1,8,-1,A,3,5,0,1,28,100,1,, -1,1,0,1,110,17,6,1,13,13060,1,1,0,3,A8 PK028.100 sens NICE-AIX,43.486961,5.531573,9,2,2
202100056399,101Â 089,A01,10,3,1,5,0,-1,-1,9,1,1,2021,79.0,2,2,0,1,2,1,1,,5,REPTOU (RUE DU),0,,2,2,0,1,0,0,1,, -1,1,0,1,30,2,1,1,64,64122,2,1,0,6,9 Rue du Reptou,43.47189,-1.55624,8,2,1
202100037776,134Â 138,B01,1,1,1,0,2,0,-1,0,0,-1,2021,38.0,1,1,0,2,1,1,1,,7,DRIANT (RUE DU COLONEL),0,,2,2,0,1,(1),(1),1,, -1,1,0,1,30,28,5,1,54,54339,2,1,0,3,DRIANT (RUE DU COLONEL),48.7065072264,6.1899241805,20,2,2
202100051897,108Â 938,A01,1,1,1,2,8,0,-1,0,0,-1,2021,17.0,1,1,0,2,1,17,1,,4,BLUM (AVENUE LEON),0,,2,2,2,1,(1),(1),1,, -1,2,0,1,50,2,2,2,63,63113,2,1,0,3,BLUM (AVENUE LEON),45.767127443,3.0959578304,7,2,2
202100004264,194Â 134,A01,10,3,2,5,8,8,-1,1,3,1,2021,19.0,1,2,0,1,3,1,1,,4,VOLTAIRE (BD),0,,2,2,0,1,(1),(1),1,, -1,2,0,1,50,6,12,1,35,35238,2,1,1,6,VOLTAIRE (BD),48.105060198,-1.6964845061,10,2,1
202100023962,158Â 804,A01,3,2,1,5,0,-1,-1,0,0,-1,2021,24.0,3,2,14,9,0,1,1,,6,rue,0,,-1,-1,0,1,(1),(1),1,, -1,1,9,1,-1,14,8,5,11,11170,2,7,0,6,Avenue des Noctambules,43.114953,3.106492,19,6,1
202100041869,126Â 783,B01,1,1,2,1,1,5,-1,-1, -1,-1,2021,23.0,1,2,0,2,4,0,1,,3,MONTAGNE (ROUTE DE LA),0,,2,2,0,2,3,815,4,, -1,2,0,1,70,29,4,1,974,97411,1,1,1,4,MONTAGNE (ROUTE DE LA),-20.88742,55.43783,15,3,3
202100010810,182Â 408,B01,1,1,1,5,2,-1,-1,0,0,-1,2021,17.0,1,1,0,2,1,1,5,,3,913,0,D,2,1,0,2,(1),(1),1,, -1,1,0,1,80,28,10,2,54,54196,1,2,0,6,D913,48.559944,6.1852812762,17,3,3
202100034540,139Â 990,A01,1,1,2,0,1,0,-1,-1, -1,-1,2021,34.0,2,2,0,2,1,2,1,,2,RN 118,0,,1,4,0,2,2,25,1,, -1,1,0,1,90,14,6,1,91,91064,1,1,0,2,RN 118,48.75556,2.2236,16,2,2
202100021916,162Â 455,A01,1,1,2,5,8,-1,-1,-1, -1,-1,2021,60.0,3,2,6,0,1,26,1,,4,CAROUBIER (IMP DU),0,,2,1,0,2,0,0,1,, -1,1,0,8,20,28,8,1,83,83137,2,9,0,6,CAROUBIER (IMP DU),43.1177714201,5.9755100493,12,2,1
202100007387,188Â 553,A01,1,1,2,0,1,-1,-1,0,0,-1,2021,55.0,1,5,0,2,3,0,1,,3,6009,0,,2,2,0,2,19,0,1,, -1,1,0,1,80,19,11,1,11,11024,1,1,0,1,D6009,43.115191,2.950966,14,3,2
202100020015,165Â 850,B01,1,1,1,0,2,0,-1,-1, -1,-1,2021,22.0,2,1,0,2,8,3,1,,2,RN12 INT,0,,3,3,0,1,22,500,1,, -1,2,0,2,110,9,9,1,78,78646,1,1,1,3,RN12 INT,48.791124,2.104646,9,2,2
202100030685,146Â 906,A01,1,1,1,0,1,0,-1,-1, -1,-1,2021,21.0,-1,2,14,0,9,26,1,,1,AUTOROUTE A104,0,,3,9,0,2,3,750,3,, -1,2,0,1,70,4,7,3,93,93078,1,1,1,6,AUTOROUTE A104,48.95823,2.53013,23,1,1
202100042500,125Â 652,A01,1,1,1,4,2,6,-1,0,0,-1,2021,40.0,1,1,0,2,8,13,1,,4,BOULEVARD GENERAL MARTIAL VALIN,0,,3,4,3,1,(1),(1),1,, -1,1,0,1,50,26,4,1,75,75115,2,2,0,3,BOULEVARD GENERAL MARTIAL VALIN,48.837002,2.274368,12,2,2
202100001629,198Â 890,A01,10,3,2,1,0,-1,-1,4,3,1,2021,20.0,2,2,0,1,3,13,1,,3,GENERAL LECLERC (AV DU),0,,1,2,0,1,1,0,1,, -1,1,0,1,50,23,12,1,94,94046,2,1,0,6,Avenue du GÃ©nÃ©ral Leclerc,48.80262,2.44688,11,2,1
202100050991,110Â 530,A01,1,1,1,1,0,-1,-1,0,0,-1,2021,37.0,1,2,12,2,1,1,1,,7,21,-1,,2,2,1,3,20,603,3,, -1,2,9,1,30,16,2,2,34,34057,1,1,0,1,D 21,43.647597,3.899422,18,2,2
202100008592,186Â 373,A01,1,1,1,9,2,6,-1,0,0,-1,2021,27.0,3,1,12,0,3,13,1,,4,PLACE DE VERDUN,0,,1,3,0,1,(1),(1),2,, -1,1,0,1,30,10,11,5,75,75117,2,7,0,6,PLACE DE VERDUN,48.878649,2.280002,0,1,1
202100008655,186Â 275,B01,1,1,1,5,2,6,-1,0,0,-1,2021,16.0,2,1,0,2,1,1,1,,2,1,-1,A,3,2,0,1,43,850,1,, -1,1,0,1,50,11,11,1,974,97415,2,1,0,1,Rue des Corallines,-21.105823,55.251964,5,2,2
202100031867,144Â 794,A01,10,3,1,0,0,-1,-1,2,3,1,2021,54.0,2,2,0,1,1,2,1,,4,CHATEAU (RUE DU CHATEAU D'EAU),0,,2,2,0,1,(1),(1),1,, -1,1,0,1,50,28,6,1,45,45169,2,3,0,6,Rue du Chateau dâEau,47.93077,1.83301,11,2,1
202100041826,126Â 846,A01,10,3,2,0,8,8,-1,1,3,1,2021,69.0,3,2,0,1,1,15,1,,4,POTERIE,0,,3,2,3,1,0,1,1,, -1,2,9,1,50,1,5,1,93,93066,2,3,1,6,Rue de la Poterie / Rue Maurice Thorez,48.94231,2.34791,17,2,1
202100016101,172Â 860,A01,10,3,1,0,0,-1,-1,2,9,1,2021,20.0,1,2,0,1,8,2,1,,7,GASQUET (AVE JOSEPH DE 1408 A FIN,0,,-1,2,0,1,32,30,1,, -1,1,0,1,50,28,9,1,83,83137,2,1,0,6,GASQUET (AVE JOSEPH DE 1408 A FIN,43.1177707309,5.9811544418,13,2,1
202100038101,133Â 558,A01,1,1,1,5,2,6,-1,0,0,-1,2021,17.0,3,1,0,0,0,1,1,,9,,0,,2,2,0,2,(1),(1),1,, -1,1,0,3,50,28,5,1,64,64256,2,1,0,7,Route de Bonloc,43.37349,-1.274951,15,1,1
202100033282,142Â 281,B01,1,1,1,9,2,8,-1,-1, -1,-1,2021,23.0,1,1,0,2,1,3,1,,1,A7-Sens Lyon vers Marseille,0,,1,2,0,1,271,0,1,, -1,1,0,1,90,19,6,1,13,13106,1,1,0,3,A7-Sens Lyon vers Marseille,43.39507,5.35068,19,2,2
202100021649,162Â 932,A01,10,3,2,9,0,-1,-1,2,3,1,2021,55.0,1,1,0,1,1,1,1,,4,AVENUE DU PRESIDENT WILSON,0,,1,3,0,1,(1),(1),1,, -1,1,0,1,30,30,8,5,75,75116,2,7,0,6,AVENUE DU PRESIDENT WILSON,48.864743,2.294785,21,2,1
202100010102,183Â 646,A01,1,1,1,5,2,6,-1,0,0,-1,2021,31.0,1,1,12,0,1,1,1,,3,936,-1,,2,2,0,1,14,0,3,, -1,1,0,4,70,25,8,4,33,33496,1,1,0,7,D 936,44.830978,-0.399461,3,1,1
202100029396,149Â 234,A01,1,1,1,1,1,-1,-1,0,0,-1,2021,44.0,2,2,13,0,6,1,1,,3,60,0,,2,2,0,1,18,100,3,, -1,2,0,3,80,12,7,1,42,42066,1,1,1,6,Route de Montbrison,45.735594,4.178227,9,1,1
202100020456,165Â 069,A01,1,1,2,2,8,0,-1,-1, -1,-1,2021,12.0,1,1,0,2,1,25,3,,4,CARNOY RUE DE LA NÂ°2 AU 164,0,,2,2,0,1,(1),(1),1,, -1,1,0,4,50,27,5,1,59,59328,2,1,0,3,CARNOY RUE DE LA NÂ°2 AU 164,50.64725,3.01934,17,2,2
202100021638,162Â 948,A01,10,3,1,0,0,-1,-1,9,9,1,2021,86.0,0,2,0,1,4,20,2,,6,,0,,-1,0,0,1,(1),(1),1,, -1,1,9,8,30,31,8,1,11,11069,2,9,0,6,RIVOLI  -BD ET IMPASSE-,43.2286,2.35926,13,2,1
202100019910,166Â 042,A01,1,1,2,1,2,0,-1,0,0,-1,2021,32.0,1,0,8,2,8,13,3,,4,BOULEVARD DE STRASBOURG,0,,2,5,1,1,(1),(1),1,, -1,1,0,5,30,9,9,1,75,75110,2,3,0,3,BOULEVARD DE STRASBOURG,48.8706139103,2.3549727547,19,2,2
202100040551,129Â 128,A01,1,1,2,5,0,-1,-1,0,0,-1,2021,17.0,2,0,0,2,8,15,3,,3,817,-1,,2,2,0,2,42,100,1,, -1,1,0,1,50,7,4,1,65,65062,2,1,0,2,D817,43.200616,0.13079,19,2,2
202100008074,187Â 302,B01,1,1,1,5,0,-1,-1,0,0,-1,2021,20.0,1,1,0,2,3,1,5,,3,3,-1,,2,2,0,2,12,600,1,, -1,1,0,1,90,14,11,3,51,51346,1,1,0,3,D3,49.082861,3.734837,19,2,2
202100022019,162Â 272,B01,1,1,1,5,2,6,-1,0,0,-1,2021,21.0,1,1,0,2,4,1,1,,3,1004,-1,D,2,3,0,1,(1),(1),1,, -1,2,0,1,50,29,8,2,67,67226,2,9,0,2,D1004,48.602822,7.595919,19,2,2
202100009475,184Â 771,A01,1,1,1,0,8,0,-1,-1, -1,-1,2021,39.0,1,1,0,2,2,17,1,,3,MARECHAL DE LATTRE DE TASSIGNY (AV DU),0,,1,2,0,1,0,0,1,, -1,1,0,1,50,3,11,5,94,94033,2,1,0,2,MARECHAL DE LATTRE DE TASSIGNY (AV DU),48.85295,2.494,21,2,2
202100013938,176Â 789,A01,1,1,1,5,0,-1,-1,0,0,-1,2021,18.0,1,1,0,0,0,0,1,,3,219,0,D,2,2,0,2,0,1,1,, -1,1,0,1,80,10,10,1,5,5168,1,1,0,7,D219,44.485607,5.942466,15,1,1
202100054254,104Â 779,B01,1,1,2,0,0,-1,-1,0,0,-1,2021,38.0,1,1,0,2,4,26,5,,4,AV GOUNOD,0,,2,2,0,1,1,0,1,, -1,1,0,6,30,20,1,5,94,94042,2,1,0,1,GOUNOD (AV),48.82449,2.47329,18,3,2
202100043534,123Â 847,A01,10,3,2,0,0,-1,-1,9,2,1,2021,59.0,3,5,0,1,4,26,1,,5,ACAJOU PROLONGEE,0,,2,1,0,1,(1),(1),3,, -1,1,0,1,20,16,4,1,972,97213,2,1,0,6,ACAJOU PROLONGEE,14.6268,-61.0151,7,2,1
202100049640,113Â 012,B01,1,1,1,5,2,8,-1,-1, -1,-1,2021,23.0,3,1,0,2,8,1,5,,3,CD72,0,,2,2,0,1,1,898,1,, -1,1,0,1,80,1,3,1,41,41295,1,4,0,1,PLACE (RUE DE LA),47.59681,1.37923,16,2,2
202100044422,122Â 281,A01,1,1,1,4,1,-1,-1,0,0,-1,2021,52.0,1,4,0,0,3,1,1,,3,12,0,,2,2,0,1,47,350,1,, -1,1,0,3,60,12,4,1,85,85277,1,1,0,6,PK 47.350,46.47858,-1.32299,8,1,1
202100048948,114Â 256,A01,1,1,1,0,2,0,-1,-1, -1,-1,2021,29.0,0,1,0,2,1,3,1,,4,JEAN MOULIN (BOULEVARD),0,,2,6,0,1,1,0,1,, -1,1,0,1,50,6,3,1,13,13210,2,1,0,2,JEAN MOULIN (BOULEVARD),43.286600639,5.3995877309,13,2,2
202100001429,199Â 225,B01,1,1,1,1,1,0,-1,-1, -1,-1,2021,28.0,2,2,0,2,4,2,1,,1,A7-Sens Marseille vers Lyon,0,,1,0,0,1,260,0,1,, -1,1,0,2,110,21,12,3,13,13117,1,1,0,2,A7-Sens Marseille vers Lyon,43.44908,5.24028,4,2,2
202100054689,104Â 031,A01,10,3,2,5,0,-1,-1,3,3,1,2021,74.0,1,2,0,1,1,1,1,,4,RUE JOUVENET,0,,1,1,0,1,(1),(1),1,, -1,1,0,1,30,17,1,1,75,75116,2,2,0,6,RUE JOUVENET,48.842038,2.265951,15,2,1
202100010696,182Â 604,A01,3,2,2,5,8,-1,-1,-1, -1,-1,2021,17.0,3,2,0,0,9,17,1,,4,ELISEE RECLUS                       (R ),0,,2,2,1,1,(1),(1),3,, -1,1,0,5,50,27,10,1,69,69275,2,1,0,7,ELISEE RECLUS (R),45.75492,4.95152,13,4,1
202100027984,151Â 685,B01,1,1,2,1,2,8,-1,-1, -1,-1,2021,56.0,0,1,0,2,0,0,1,,3,SELLIER (BOULEVARD HENRI),0,,3,0,0,2,1,0,1,, -1,1,0,1,50,20,7,1,92,92073,2,1,0,2,SELLIER (BOULEVARD HENRI),48.8654287463,2.2194635868,19,2,2
202100045828,119Â 836,B01,1,1,1,2,0,-1,-1,0,0,-1,2021,13.0,1,1,0,2,1,25,5,,3,,-1,,-1,2,0,1,21,600,1,, -1,1,0,4,-1,29,3,1,95,95313,2,1,0,3,44 Avenue de Paris,49.1105297744,2.2252072624,8,2,2
202100041466,127Â 487,A01,1,1,1,5,2,6,9,0,0,-1,2021,31.0,2,1,0,0,1,2,1,,3,RD19,-1,,2,2,0,1,5,946,1,, -1,1,0,1,-1,5,5,1,1,1403,1,1,0,3,Route dÃ©partementale 19 - PK/PR 05+946,45.813412,5.451558,15,3,2
202100048752,114Â 619,A01,1,1,1,1,2,6,-1,0,0,-1,2021,16.0,3,1,0,2,1,1,1,,4,,-1,,2,2,0,1,(1),(1),1,, -1,1,0,1,50,8,3,1,79,79049,2,9,0,2,23 Rue de la Vergnaie,46.847772,-0.489891,17,2,2
202100041922,126Â 685,A01,1,1,2,9,1,8,-1,0,0,-1,2021,20.0,2,2,0,2,1,1,1,,7,BARONNE ROUTE DE LA,0,,2,2,0,1,(1),(1),2,, -1,1,0,1,50,30,4,1,6,6123,2,1,0,2,BARONNE ROUTE DE LA,43.705335,7.177681,10,2,2
202100038956,132Â 004,A01,10,3,2,5,0,-1,-1,2,3,1,2021,82.0,2,1,0,1,7,1,3,,4,BOULEVARD SAINT MARCEL,0,,2,2,0,1,(1),(1),1,, -1,1,0,1,30,20,5,1,75,75105,2,3,0,6,BOULEVARD SAINT MARCEL,48.839109,2.359191,20,2,1
202100007625,188Â 116,B01,1,1,2,2,0,-1,-1,-1, -1,-1,2021,18.0,2,1,0,2,1,0,5,,4,AVE DE TIVOLI,0,,2,2,0,2,(1),(1),1,, -1,1,0,1,30,17,11,2,33,33069,2,6,0,3,Avenue de Tivoli,44.86858,-0.59708,7,2,2
202100051640,109Â 384,B01,1,1,1,0,1,0,-1,-1, -1,-1,2021,28.0,2,2,0,2,4,2,1,,1,AUTOROUTE A3,0,,3,7,0,1,3,99,1,, -1,1,1,1,90,12,2,1,93,93063,1,1,0,4,A3,48.87885,2.44767,15,4,4
202100054439,104Â 450,A01,10,3,1,5,0,-1,-1,5,3,1,2021,75.0,2,2,0,1,0,16,1,,4,ALSACE LORRAINE RUE,0,,1,1,0,1,(1),(1),1,, -1,1,9,4,50,19,1,2,42,42207,2,7,0,6,Rue Alsace Lorraine,45.47491,4.50693,9,2,1
202100036328,136Â 756,A01,1,1,1,5,2,6,9,0,0,-1,2021,55.0,1,1,6,0,1,21,1,,3,991,-1,,2,2,2,1,27,400,1,, -1,1,-1,3,50,6,6,1,73,73059,2,3,0,6,D991 - 7 Bd Gaston Mollex,45.7184609117,5.8865424016,11,1,1
202100030156,147Â 864,B01,1,1,1,5,2,0,-1,-1, -1,-1,2021,16.0,1,1,0,2,7,1,1,,4,BUISSON(BOULEVARD FERDINAND),0,,2,2,0,1,0,0,1,, -1,1,0,1,50,6,7,1,83,83050,2,3,0,3,BUISSON(BOULEVARD FERDINAND),43.533529,6.469847,12,2,2
202100007843,187Â 718,A01,1,1,2,4,1,0,-1,0,0,-1,2021,47.0,2,2,0,2,8,11,1,,4,BOULEVARD PERIPHERIQUE,0,,1,3,0,1,6,800,1,, -1,2,0,1,70,16,11,1,75,75114,2,1,0,3,BOULEVARD PERIPHERIQUE,48.824292,2.30637,8,2,2
202100002367,197Â 552,A01,10,3,1,5,0,-1,-1,2,9,2,2021,46.0,2,5,0,1,2,26,3,,4,EMILE ZOLA                          (R ),0,,1,1,0,1,(1),(1),1,, -1,1,0,1,30,17,12,1,69,69382,2,1,0,6,EMILE ZOLA (R),45.7589,4.83266,12,2,1
202100041340,127Â 714,A01,1,1,1,1,2,0,-1,-1, -1,-1,2021,34.0,1,1,0,2,2,16,3,,4,,0,,2,2,0,1,1,0,2,, -1,1,0,1,50,5,5,5,92,92007,2,6,0,3,MOULIN-BLANCHARD (RUE DU),48.794573,2.298226,21,2,2