Num_Acc,id_vehicule,num_veh,place,catu,sexe,trajet,secu1,secu2,secu3,locp,actp,etatp,year_acc,victim_age,senc,catv,obs,obsm,choc,manv,motor,occutc,catr,voie,v1,v2,circ,nbv,vosp,prof,pr,pr1,plan,lartpc,larrout,surf,infra,situ,vma,jour,mois,lum,dep,com,agg_,int,atm,col,adr,lat,long,hour,nb_victim,nb_vehicules
202100023312,159Â 945,B01,1,1,1,9,2,0,-1,0,0,-1,2021,30.0,1,0,0,2,0,1,3,,4,AVENUE DE SAINT OUEN,0,,2,4,1,2,(1),(1),1,, -1,1,0,5,50,20,8,1,75,75118,2,3,0,3,AVENUE DE SAINT OUEN,48.891622,2.326971,18,2,2
202100056007,101Â 773,A01,1,1,2,1,1,8,-1,-1, -1,-1,2021,37.0,1,2,0,2,8,1,1,,1,A7-Sens Lyon vers Marseille,0,,1,3,0,1,267,800,1,, -1,1,0,1,110,6,1,3,13,13071,1,1,0,3,A7-Sens Lyon vers Marseille,43.40376,5.312953,21,2,2
202100052223,108Â 359,B01,4,2,1,0,1,8,-1,-1, -1,-1,2021,18.0,3,2,0,2,4,2,1,,4,RADOLFZELL AVENUE DE,0,,2,2,0,2,1,0,1,, -1,1,2,1,50,6,2,5,13,13047,2,1,1,4,RADOLFZELL AVENUE DE,43.4992376568,4.9882900996,17,8,4
202100001114,199Â 776,B01,1,1,1,0,1,-1,-1,0,0,-1,2021,35.0,2,2,0,2,3,13,1,,3,357,0,,1,1,0,1,59,0,1,, -1,2,0,1,90,29,12,3,72,72045,1,1,0,1,lieu dit la rattiÃ¨re,48.018969,-0.043817,23,2,2
202100008371,186Â 769,B01,2,2,2,9,2,6,-1,0,0,-1,2021,59.0,3,1,0,2,1,1,1,,4,QUAI D ORSAY,0,,-1,2,0,1,(1),(1),1,, -1,1,0,1,50,12,11,5,75,75107,2,4,0,3,QUAI D ORSAY,48.862869,2.317921,18,3,2
202100005619,191Â 747,B01,1,1,1,2,2,6,-1,-1, -1,-1,2021,54.0,2,1,0,2,1,3,1,,1,AUTOROUTE A6B,0,,1,3,0,1,2,898,1,, -1,1,0,1,90,30,11,3,94,94076,1,1,0,2,AUTOROUTE A6B,48.79202,2.3447,19,2,2
202100021712,162Â 830,A01,1,1,1,0,2,5,6,0,0,-1,2021,21.0,1,1,16,0,7,16,1,,3,653,0,,-1,2,0,2,1,800,4,, -1,9,0,1,80,31,8,1,67,67324,1,1,0,7,RD653,48.968822,7.671794,16,1,1
202100054061,105Â 113,A01,1,1,1,1,2,6,-1,0,0,-1,2021,18.0,2,1,0,2,1,17,1,,3,952,0,,2,-1,0,1,(1),(1),1,, -1,2,9,1,50,21,1,5,54,54431,2,1,1,3,DE GAULLE (AVENUE),48.90428,6.0419,18,2,2
202100053861,105Â 470,A01,3,2,2,5,1,0,-1,-1, -1,-1,2021,27.0,2,2,0,2,5,15,1,,3,JEAN JAURES (RUE),0,,1,3,3,1,0,1,1,, -1,2,5,1,50,24,1,1,93,93053,2,3,0,3,JEAN JAURES (RUE),48.8917502374,2.4549399927,16,5,2
202100038576,132Â 691,C01,1,1,2,1,1,-1,-1,0,0,-1,2021,49.0,2,2,0,2,4,2,0,,1,131,0,A,1,2,0,1,16,500,1,, -1,1,0,1,110,18,5,1,76,76684,1,1,0,4,A131,49.482074,0.446277,17,8,6
202100051227,110Â 112,A01,1,1,1,1,2,6,5,0,0,-1,2021,36.0,2,1,0,2,8,2,1,,3,7,0,D,2,2,0,1,12,420,2,, -1,1,0,1,50,18,2,1,6,6038,1,1,0,3,137 Route de Grasse,43.664052,6.975711,13,2,2
202100000042,201Â 685,B01,2,2,2,5,0,-1,-1,-1, -1,-1,2021,69.0,1,2,0,2,3,1,1,,3,,-1,,2,2,0,1,5,793,1,, -1,1,0,1,70,30,7,1,85,85001,2,1,0,1,Route de la Pointe,46.2992,-1.26346,15,3,2
202100043241,124Â 367,B01,1,1,1,1,1,-1,-1,0,0,-1,2021,56.0,2,2,5,2,3,13,1,,3,924,0,,2,2,0,2,54,650,2,, -1,1,0,1,90,21,4,1,61,61486,1,1,0,1,Lieu Dit la Brigaudiere,48.76156,-0.681924,17,2,2
202100018637,168Â 326,A01,1,1,2,1,1,-1,-1,0,0,-1,2021,19.0,0,2,2,0,1,17,1,,3,,-1,,2,-1,-1,-1,(1),(1),3,, -1,1,0,1,-1,17,9,1,85,85038,2,2,0,6,La Croix Carron,46.887409,-1.310828,12,1,1
202100011686,180Â 838,A01,2,2,2,5,1,-1,-1,0,0,-1,2021,19.0,2,2,6,0,2,14,1,,3,12,-1,,2,2,0,1,(1),(1),2,, -1,1,0,3,50,23,10,3,63,63090,2,1,0,6,Route du ChÃ¢teau,46.03,3.184855,2,2,1
202100028004,151Â 647,A01,1,1,1,5,2,6,9,0,0,-1,2021,20.0,0,1,12,0,1,1,1,,3,916,-1,,2,2,0,3,12,255,1,, -1,1,0,1,50,20,7,1,76,76312,2,1,1,7,Rue de l Abreuvoir,49.488103,1.725465,18,1,1
202100010006,183Â 816,B01,3,2,2,0,1,0,-1,-1, -1,-1,2021,25.0,1,2,0,2,1,1,1,,3,D721,0,,2,2,0,1,3,0,1,, -1,1,0,1,70,31,10,1,91,91469,1,2,0,3,D721,48.39984,2.17456,10,4,2
202100040238,129Â 673,B01,1,1,1,5,8,0,-1,-1, -1,-1,2021,71.0,2,1,0,2,3,0,0,,3,80,0,,2,2,0,1,0,0,1,, -1,1,0,1,50,12,5,1,92,92023,2,2,0,3,PORTE DE TRIVAUX (RUE DE) NÂ°57 A 197 ET,48.7848109699,2.2380142319,15,2,2
202100032917,142Â 921,A01,1,1,1,0,2,6,-1,-1, -1,-1,2021,38.0,2,1,0,2,1,16,1,,4,ARCOS.(RUE RENE),0,,1,4,0,2,0,0,1,, -1,1,0,1,50,21,6,1,94,94028,2,9,0,2,Rue RenÃ© Arcos,48.7779881702,2.4672675133,13,2,2
202100015346,174Â 281,B01,1,1,1,0,8,0,-1,-1, -1,-1,2021,55.0,3,1,0,2,1,1,3,,4,RAYMOND FILIPPI AVENUE,0,,2,2,0,1,0,0,2,, -1,2,5,1,50,3,10,5,13,13047,2,6,1,3,RAYMOND FILIPPI AVENUE,43.49587,4.98121,21,2,2
202100005930,191Â 193,B01,1,1,1,5,1,8,-1,-1, -1,-1,2021,18.0,1,2,0,2,4,23,1,,4,LANVEUR ( ET PL. DE ),0,,2,2,0,1,(1),(1),1,, -1,1,0,1,30,26,11,1,56,56121,2,1,0,2,LANVEUR ( ET PL. DE ),47.7423464,-3.386911,14,2,2
202100046949,117Â 856,A01,1,1,1,9,8,0,-1,0,0,-1,2021,17.0,1,1,0,0,0,21,5,,4,BOULEVARD SERURIER,0,,1,2,0,2,(1),(1),3,, -1,1,0,1,50,23,3,1,75,75119,2,2,0,7,BOULEVARD SERURIER,48.878851,2.401886,8,1,1
202100031403,145Â 623,A01,1,1,1,0,2,6,-1,-1, -1,-1,2021,22.0,1,1,0,2,1,3,1,,2,104,0,,3,6,0,1,35,900,1,, -1,1,0,1,110,2,7,1,91,91174,1,1,0,1,RN 104,48.60987,2.44193,14,2,2
202100014753,175Â 341,A01,10,3,2,5,8,8,-1,3,3,1,2021,81.0,2,2,0,1,3,1,1,,4,LECLERC (BOULEVARD DU MARECHAL),0,,2,2,0,2,0,0,1,, -1,1,6,1,30,6,7,1,35,35115,2,1,0,6,LECLERC (BOULEVARD DU MARECHAL),48.35463,-1.20089,10,2,1
202100024020,158Â 711,A01,1,1,1,1,2,6,-1,-1, -1,-1,2021,46.0,1,1,9,0,1,26,1,,7,OLIVES (AVENUE DES),0,,2,2,0,1,0,0,1,, -1,1,0,1,50,15,8,5,13,13213,2,1,0,1,OLIVES (AVENUE DES),43.32493,5.44233,3,1,1
202100039678,130Â 660,A01,1,1,1,0,1,0,-1,-1, -1,-1,2021,23.0,1,2,0,2,1,2,1,,1,AUTOROUTE A103,0,,3,4,0,2,0,699,2,, -1,2,0,1,90,15,5,1,93,93053,1,1,0,4,AUTOROUTE A103,48.88783,2.47242,11,5,4
202100004813,193Â 181,B01,1,1,2,1,1,0,-1,0,0,-1,2021,37.0,3,2,0,2,4,2,1,,4,RUE JACQUES DESTREE,0,,2,3,0,2,(1),(1),1,, -1,2,0,1,30,4,12,5,75,75113,2,2,1,2,RUE JACQUES DESTREE,48.8175720246,2.3533862829,20,2,2
202100021800,162Â 653,C01,1,1,1,9,2,0,-1,0,0,-1,2021,29.0,2,1,0,2,4,1,1,,4,BOULEVARD DES BATIGNOLLES,0,,2,1,0,1,(1),(1),1,, -1,1,9,1,50,29,8,5,75,75108,2,2,0,5,BOULEVARD DES BATIGNOLLES,48.882988,2.324107,23,9,3
202100001964,198Â 290,A01,1,1,1,1,1,-1,-1,0,0,-1,2021,25.0,1,2,0,2,2,5,1,,3,1086,0,,2,2,0,1,7,500,3,, -1,7,0,1,80,23,12,2,42,42056,1,1,0,1,Route Departementale 1086,45.394491,4.742725,7,2,2
202100042166,126Â 251,A01,10,3,2,2,0,-1,-1,4,3,2,2021,10.0,3,2,0,1,1,15,1,,4,WINSTON CHURCHILL,0,,3,4,0,1,(1),(1),1,, -1,1,0,1,50,27,4,1,76,76351,2,2,0,6,WINSTON CHURCHILL,49.4941,0.1389,8,2,1
202100040174,129Â 788,B01,1,1,1,5,2,8,-1,-1, -1,-1,2021,76.0,1,1,0,2,1,1,5,,3,CROIZAT ( AVE AMBROISE ),0,,2,2,0,1,101,450,1,, -1,1,0,1,50,10,5,1,56,56098,2,2,0,3,CROIZAT ( AVE AMBROISE ),47.77442,-3.34669,10,2,2
202100033212,142Â 396,A01,1,1,1,4,2,0,-1,0,0,-1,2021,22.0,1,1,0,1,1,5,5,,4,RUE JEAN DE LA FONTAINE,0,,2,2,0,1,(1),(1),1,, -1,2,8,1,50,19,6,1,75,75116,2,5,0,6,RUE JEAN DE LA FONTAINE,48.848992,2.266261,12,2,1
202100031206,145Â 959,B01,4,2,1,5,8,0,-1,-1, -1,-1,2021,24.0,1,2,0,2,6,10,1,,3,PARIS(AVENUE DE),0,,3,2,0,1,1,0,1,, -1,1,0,1,50,3,7,4,94,94011,2,1,0,3,Avenue de Paris,48.78048,2.47541,1,3,2
202100049237,113Â 745,A01,1,1,1,0,2,8,-1,-1, -1,-1,2021,49.0,1,1,0,2,7,17,1,,4,GOLBERY (PLACE),0,,2,2,0,1,0,0,1,, -1,9,0,1,30,3,3,5,67,67482,2,3,0,3,GOLBERY (PLACE),48.58734,7.76641,20,3,2
202100024626,157Â 639,A01,2,2,2,3,2,0,-1,0,0,-1,2021,40.0,2,1,0,2,3,18,1,,4,BOULEVARD DE L HOPITAL,0,,2,6,0,1,(1),(1),1,, -1,1,0,1,30,11,8,1,75,75105,2,3,0,3,BOULEVARD DE L HOPITAL,48.841854,2.363148,15,3,2
202100002489,197Â 324,A01,1,1,1,5,2,-1,-1,0,0,-1,2021,17.0,2,1,6,0,0,26,1,,4,,-1,,2,2,0,2,(1),(1),4,,4,1,0,1,50,19,12,2,974,97422,2,1,0,6,192bis Rue Dachery,-21.262146,55.534151,5,1,1
202100033707,141Â 514,B01,1,1,1,5,0,-1,-1,0,0,-1,2021,23.0,1,1,0,2,3,11,5,,3,D89,0,D,2,2,0,2,6,748,1,, -1,1,0,1,80,18,6,1,81,81227,1,1,0,3,Chemin de la Rivierette,43.644375,2.275049,21,2,2
202100020977,164Â 172,A01,1,1,2,0,1,0,-1,-1, -1,-1,2021,28.0,2,2,0,2,3,2,1,,2,104,0,,3,4,0,1,44,0,1,, -1,1,0,1,110,4,9,1,91,91235,1,1,0,2,RN 104,48.625792,2.359148,15,3,2
202100047030,117Â 708,B01,1,1,1,-1,0,0,0,-1, -1,-1,2021,21.0,-1,1,0,2,7,-1,1,,3,PORT DE COURBETON (RUE DU),0,,2,3,0,2,2,940,3,, -1,1,0,1,50,22,3,1,77,77409,1,1,0,1,D133,48.4041195425,2.9752757327,12,2,2
202100051064,110Â 398,B01,1,1,2,0,1,-1,-1,0,0,-1,2021,74.0,1,5,0,2,0,9,1,,2,LACRA RN532,0,,1,2,0,1,6,60,3,, -1,1,9,1,110,16,2,1,26,26313,1,9,0,1,LACRA ,44.961125,4.945705,8,2,2
202100050791,110Â 894,A01,1,1,1,5,2,6,-1,0,0,-1,2021,16.0,1,1,0,2,1,21,1,,4,0,0,X,2,2,0,2,(1),(1),1,, -1,1,0,1,50,21,2,1,83,83148,2,1,1,3,Boulevard des Vallons,43.427613,6.444088,15,3,2
202100030860,146Â 600,A01,10,3,2,5,0,-1,-1,5,2,2,2021,36.0,2,2,1,1,2,16,1,,4,RUE DE COURCELLES,0,,2,2,0,2,(1),(1),1,, -1,2,0,4,50,4,7,1,75,75108,2,2,1,6,RUE DE COURCELLES,48.879145,2.30311,17,3,1
202100026771,153Â 868,A01,1,1,1,5,1,0,-1,0,0,-1,2021,34.0,1,5,13,0,1,16,1,,4,RUE AMPERE,0,,2,2,0,2,0,0,2,, -1,1,2,3,50,28,7,5,988,98818,2,6,0,6,RUE AMPERE,-22.2331,166.45655,4,2,1
202100049960,112Â 448,A01,1,1,1,5,2,6,-1,0,0,-1,2021,38.0,1,1,0,2,8,1,1,,3,D149,-1,,2,2,0,1,9,415,1,, -1,1,0,1,80,27,2,1,78,78120,1,2,1,3,D149,48.640998,1.987184,17,3,2
202100010728,182Â 553,Z01,10,3,2,5,0,-1,-1,3,3,2,2021,67.0,1,0,0,1,2,17,0,,4,LIEUTAUD (COURS)      2 A 52,0,,2,2,0,1,0,0,1,, -1,1,0,1,50,27,9,1,13,13201,2,1,0,1,LIEUTAUD (COURS)      2 A 52,43.29519,5.38175,17,2,1
202100024537,157Â 801,A01,1,1,1,0,2,6,-1,-1, -1,-1,2021,25.0,1,1,14,0,1,26,1,,4,Corniche John FitzgÃ©rald Kennedy,0,,2,3,1,1,(1),(1),3,, -1,1,0,1,50,11,8,5,13,13207,2,1,0,7,Corniche John FitzgÃ©rald Kennedy,43.2757276327,5.3590191733,1,1,1
202100033231,142Â 366,A01,1,1,1,5,2,6,-1,0,0,-1,2021,59.0,2,1,13,0,1,1,1,,3,749,0,,2,2,0,2,7,895,1,, -1,1,0,1,80,20,6,1,86,86275,1,1,0,6,Lieu-dit La MorniÃ¨re,46.871936,0.480566,10,1,1
202100005935,191Â 184,A01,1,1,1,5,2,0,-1,0,0,-1,2021,75.0,1,1,0,2,1,26,5,,7,LUPCOURT (ROUTE DE),0,,2,2,0,3,(1),(1),1,, -1,1,0,1,70,24,11,2,54,54197,1,1,0,3,LUPCOURT (ROUTE DE),48.6262020297,6.2181188076,16,2,2
202100007361,188Â 595,B01,2,2,1,2,8,0,-1,-1, -1,-1,2021,5.0,3,1,0,2,0,0,5,,4,DUCLOS (RUE JACQUES),0,,2,2,0,1,0,0,1,, -1,1,0,1,30,19,11,2,93,93078,2,1,0,6,DUCLOS (RUE JACQUES),48.95763,2.5503,8,3,2
202100016786,171Â 609,A01,10,3,1,1,0,-1,-1,2,9,1,2021,47.0,0,2,0,1,8,17,1,,4,VIENNE (DE)                         (RO),0,,3,2,2,1,(1),(1),1,, -1,1,0,1,50,24,9,1,69,69259,2,1,0,6,VIENNE (DE) (RTE),45.7233927781,4.8541358113,17,2,1
202100037717,134Â 246,A01,2,2,2,5,1,8,-1,-1, -1,-1,2021,76.0,1,2,0,2,2,21,1,,1,A46N   N/S  25.680 A 25.700,0,,3,3,0,2,25,680,1,, -1,1,2,1,90,20,5,1,69,69286,1,1,0,4,A46 ,45.8087501766,4.9182754755,18,5,4
202100032412,143Â 837,A01,1,1,1,5,2,-1,-1,0,0,-1,2021,29.0,0,1,0,0,0,1,1,,3,344,0,D,2,2,0,1,(1),(1),1,, -1,1,0,1,80,26,6,3,67,67339,1,1,0,7,D344,48.8810345525,7.9247903824,5,1,1
202100018270,168Â 962,A01,1,1,2,5,0,-1,-1,0,0,-1,2021,60.0,0,6,0,0,0,1,1,,4,0,0,A,2,2,0,1,(1),(1),2,, -1,2,0,3,50,18,9,2,30,30270,2,1,1,7,Chemin de Montredon,44.10169,4.016971,19,2,1
202100055642,102Â 393,A01,1,1,2,1,1,-1,-1,0,0,-1,2021,43.0,1,2,16,0,9,1,1,,3,59,-1,,2,2,0,2,7,400,2,, -1,1,0,1,80,11,1,1,50,50492,1,1,0,7,route de saint jean,49.088869,-0.962141,12,1,1
202100049256,113Â 716,A01,1,1,1,0,8,-1,-1,-1, -1,-1,2021,27.0,1,1,0,2,1,1,5,,4,YSER (AVE DE L),0,,-1,2,0,1,(1),(1),1,, -1,1,0,1,50,4,3,1,33,33281,2,1,1,2,Avenue de lâYser,44.84181,-0.64805,16,2,2
202100055561,102Â 540,B01,1,1,1,4,1,-1,-1,0,0,-1,2021,27.0,1,4,0,2,1,1,1,,3,31,-1,D,2,2,0,1,12,150,3,, -1,1,0,1,80,11,1,1,84,84088,1,1,0,1,D31,43.977244,5.017716,16,3,2
202100002124,197Â 999,B01,1,2,2,0,1,0,-1,-1, -1,-1,2021,18.0,1,2,0,2,6,24,1,,3,CORBEIL (ROUTE),0,,1,2,0,1,0,0,1,, -1,1,0,1,50,19,12,5,91,91667,2,1,0,4,DE CORBEIL (ROUTE),48.65274,2.33758,1,4,3
202100000456,200Â 892,B01,1,1,1,5,8,0,-1,-1, -1,-1,2021,78.0,2,1,0,2,8,19,5,,4,EUROPE (PONT DE L'EUROPE),0,,2,4,0,1,1,0,1,, -1,1,2,1,50,8,11,1,45,45298,2,1,0,3,EUROPE (PONT DE L'EUROPE),47.89336,1.87625,17,2,2
202100002835,196Â 708,A01,1,1,1,5,0,-1,-1,0,0,-1,2021,66.0,3,6,0,0,9,1,1,,4,,-1,,2,1,0,2,(1),(1),1,,"3,5",7,0,3,50,16,12,1,12,12125,2,1,0,7,Chemin de Saint-Maurice Ã  Orient,43.854015,2.626682,13,1,1
202100012011,180Â 240,B01,1,1,1,1,0,0,-1,-1, -1,-1,2021,19.0,0,1,0,9,7,1,3,,4,PARIS (RUE DE),0,,2,2,0,1,(1),(1),1,, -1,2,0,1,50,20,10,5,59,59599,2,2,1,1,PARIS (RUE DE),50.72001,3.14268,8,2,2
202100034092,140Â 825,A01,1,1,1,9,2,0,-1,0,0,-1,2021,35.0,1,1,0,2,1,18,5,,4,BOULEVARD DE COURCELLES,0,,1,1,0,1,(1),(1),1,, -1,1,0,1,30,16,6,1,75,75117,2,1,0,3,BOULEVARD DE COURCELLES,48.88001,2.307152,17,2,2
202100011299,181Â 539,A01,1,1,1,0,0,-1,-1,0,0,-1,2021,41.0,0,1,0,0,0,1,1,,2,101,0,A,2,2,0,1,10,500,2,, -1,2,0,3,40,24,10,2,987,98714,1,1,1,7,RT 101,-16.475308,-151.761897,17,1,1
202100053124,106Â 779,B01,1,1,1,5,0,-1,-1,0,0,-1,2021,63.0,1,1,0,2,8,1,1,,3,131,0,T,2,2,0,1,5,0,1,, -1,1,0,1,60,30,1,1,987,98758,2,1,0,3,"PK 5 , cÃ´te Ouest",-16.727439,-151.47556,10,2,2
202100016749,171Â 685,A01,1,1,1,5,0,-1,-1,0,0,-1,2021,23.0,2,1,0,0,0,1,3,,3,728,0,D,-1,2,1,1,1,800,1,, -1,1,0,5,30,27,9,1,17,17219,1,9,0,7,Avenue AndrÃ© DULIN,45.818033,-1.131527,14,1,1
202100037096,135Â 396,A01,2,2,2,5,1,-1,-1,0,0,-1,2021,60.0,0,2,9,0,3,1,1,,6,,-1,,-1,-1,0,1,(1),(1),1,,4,1,0,8,50,1,6,1,76,76711,2,1,0,6,Quai Francois 1er,50.0607,1.372345,20,3,1
202100033404,142Â 057,A01,1,1,1,0,8,0,-1,-1, -1,-1,2021,44.0,1,2,1,0,1,15,1,,4,LEMOINE ( RUE FELIX ),0,,2,3,2,1,0,0,1,, -1,1,0,1,50,19,6,1,44,44109,2,1,0,6,LEMOINE ( RUE FELIX ),47.23569,-1.54683,21,1,1
202100052712,107Â 511,A01,1,1,1,4,1,-1,-1,0,0,-1,2021,34.0,1,4,0,0,8,14,1,,3,32,-1,,2,2,0,1,10,200,1,, -1,1,0,1,80,4,2,1,54,54089,1,1,0,7,Route dÃ©partementale 32,48.78354,6.291218,9,1,1
202100046516,118Â 638,A01,1,1,1,5,8,0,-1,-1, -1,-1,2021,17.0,2,1,0,2,1,13,6,,4,NATIONALE RUE NÂ°RESTE IMPAIRS,0,,2,3,1,1,(1),(1),1,, -1,1,5,1,50,26,3,1,59,59350,2,2,0,3,NATIONALE RUE NÂ°RESTE IMPAIRS,50.6326523472,3.0521677985,17,2,2
202100018724,168Â 169,A01,1,1,1,1,2,6,-1,-1, -1,-1,2021,54.0,3,1,0,2,1,11,1,,4,BETHUNE (RTE DE),0,,2,3,0,1,(1),(1),1,, -1,1,0,1,50,9,7,1,62,62498,2,1,0,3,BETHUNE (RTE DE),50.44359,2.80202,16,2,2
202100014563,175Â 674,A01,1,1,1,4,2,6,-1,-1, -1,-1,2021,34.0,3,1,0,2,7,0,1,,2,RTE NATIONALE 7,0,,4,4,0,1,0,0,1,, -1,1,5,1,50,7,10,1,91,91027,2,9,0,3,RTE NATIONALE 7,48.71606,2.37092,8,2,2
202100028959,149Â 961,B01,1,1,1,5,0,-1,-1,-1, -1,-1,2021,30.0,2,2,0,2,8,1,1,,4,BOSSUET                             (R ),0,,1,1,0,1,(1),(1),1,, -1,2,0,1,50,14,7,1,69,69386,2,2,1,3,BOSSUET (R),45.7678,4.85066,9,3,2
202100036647,136Â 203,B01,2,2,2,9,2,0,-1,0,0,-1,2021,28.0,1,1,0,2,4,11,1,,4,QUAI D ISSY LES MOULINEAUX,0,,1,2,0,1,(1),(1),1,, -1,1,0,1,50,3,6,1,75,75115,2,1,0,2,QUAI D ISSY LES MOULINEAUX,48.836447,2.267481,20,3,2
202100024263,158Â 299,A01,2,2,1,0,2,0,-1,-1, -1,-1,2021,32.0,3,1,0,2,3,17,1,,4,THIERS (RUE),0,,2,2,0,1,0,0,1,, -1,1,0,1,30,13,8,1,64,64102,2,1,0,3,THIERS (RUE),43.49306,-1.47556,9,3,2
202100013574,177Â 457,B01,1,1,1,2,8,-1,-1,-1,0,-1,2021,11.0,1,1,0,2,4,1,5,,4,MALLEVILLE (RUE DE),0,,2,2,0,1,(1),(1),1,, -1,1,5,1,30,11,10,1,95,95210,2,2,1,3,MALLEVILLE (RUE DE),48.965757,2.302879,16,2,2
202100016788,171Â 606,A01,1,1,1,0,8,0,-1,-1, -1,-1,2021,35.0,1,1,2,0,1,26,1,,3,ROUTE DEPARTEMENTALE 15,0,,2,1,0,2,4,0,2,, -1,1,0,8,50,25,9,4,972,97213,1,1,0,6,ROUTE DEPARTEMENTALE 15,14.64323,-61.01068,4,1,1
202100017422,170Â 483,B01,1,1,2,0,1,0,-1,-1, -1,-1,2021,25.0,1,2,0,2,4,0,0,,4,VILLEVAUDE (RUE DE  ),0,,1,1,0,1,(1),(1),1,, -1,1,0,1,50,22,9,1,77,77372,2,9,0,2,VILLEVAUDE (RUE DE  ),48.88149,2.66175,17,2,2
202100021173,163Â 817,C01,1,1,1,5,1,-1,-1,0,0,-1,2021,32.0,3,2,0,2,7,23,1,,3,973,-1,,2,1,0,1,45,690,1,,3,1,0,1,80,4,9,1,84,84147,1,2,0,5,departementale 973,43.710921,5.419232,12,4,3
202100042148,126Â 286,B01,1,1,1,4,2,0,-1,-1,0,-1,2021,24.0,1,1,0,2,1,1,1,,4,boulevard de Bryas,0,,2,4,0,1,(1),(1),1,, -1,1,0,1,50,24,2,5,36,36044,2,3,0,3,Boulevard de Bryas,46.81049,1.70589,20,2,2
202100048803,114Â 537,A01,1,1,1,1,8,-1,-1,0,0,-1,2021,19.0,1,2,3,2,1,1,1,,4,5,0,,2,2,0,3,(1),(1),1,, -1,1,0,1,80,8,3,1,49,49092,1,1,1,1,La Grande Houssaie (chemillÃ©),47.200878,-0.771205,17,2,2
202100021361,163Â 469,A01,1,1,1,1,2,6,-1,0,0,-1,2021,21.0,2,1,0,2,1,1,1,,3,902,0,,2,2,0,1,14,267,3,, -1,2,0,1,70,3,9,1,43,43124,1,1,1,1,D902,45.100783,3.776121,14,2,2
202100028767,150Â 306,A01,10,3,2,5,0,-1,-1,8,4,1,2021,79.0,3,5,0,1,4,4,1,,9,118,0,A,-1,-1,0,1,(1),(1),1,, -1,1,9,8,-1,17,7,1,73,73227,2,7,1,6,"Place de l'Alpinium, Le Praz",45.4321494712,6.6186618805,15,2,1
202100043359,124Â 162,A01,2,2,1,0,2,6,-1,-1, -1,-1,2021,20.0,2,1,0,2,7,15,1,,4,CARNOT (BOULEVARD),0,,1,2,0,1,0,1,1,, -1,1,8,1,50,19,4,1,93,93066,2,2,0,3,CARNOT (BOULEVARD),48.93853,2.35634,20,3,2
202100030453,147Â 341,B01,1,1,2,1,1,-1,-1,0,0,-1,2021,60.0,2,2,0,2,1,1,1,,3,160,-1,,2,1,0,2,14,600,2,, -1,2,0,1,70,6,7,3,85,85109,1,1,1,1,Bellevue,46.8905004154,-1.0123354197,23,3,2
202100053286,106Â 486,A01,1,1,1,5,0,-1,-1,0,0,-1,2021,25.0,1,5,6,0,1,0,1,,4,,0,,2,2,0,2,(1),(1),1,, -1,2,0,1,50,30,1,3,45,45113,2,1,1,6,110 Route des Chopilles,48.0494840578,2.9361396432,3,2,1
202100048378,115Â 282,A01,10,3,2,2,0,-1,-1,1,7,2,2021,12.0,3,5,0,1,3,26,1,,4,RUE DE SEIBEL,0,,2,2,0,1,0,0,1,, -1,1,9,1,50,10,3,1,91,91333,1,1,0,6,RUE DE SEIBEL,48.61446,2.25952,13,2,1
202100016778,171Â 623,A01,2,2,2,5,1,0,-1,-1, -1,-1,2021,27.0,3,2,15,0,1,0,1,,4,EUGENE GOBERT(RUE),0,,-1,0,0,1,(1),(1),1,, -1,1,0,3,50,24,9,5,973,97302,2,1,0,7,EUGENE GOBERT(RUE),4.93213,-52.33055,23,2,1
202100021160,163Â 839,A01,1,1,1,5,2,6,-1,0,0,-1,2021,18.0,3,1,2,0,1,14,1,,4,1,-1,,2,2,0,2,(1),(1),4,,"10,5",1,0,1,50,4,9,3,95,95678,2,1,0,6,Chemin de Beaumont,49.0744,2.24385,2,2,1
202100048488,115Â 091,A01,1,1,1,4,1,-1,-1,0,0,-1,2021,52.0,1,5,0,0,0,0,1,,3,1075,-1,,2,2,0,1,27,200,1,, -1,1,0,8,90,12,3,1,5,5167,1,1,0,7,RD 1075 Pk 027+200,44.45914,5.725615,9,1,1
202100052414,108Â 023,B01,1,1,2,0,1,0,-1,-1, -1,-1,2021,26.0,2,2,0,2,7,1,1,,3,R D 900,0,,3,6,0,1,20,135,1,, -1,1,0,1,110,4,2,1,66,66136,1,1,0,3,R D 900,42.71758,2.87355,16,2,2
202100017433,170Â 464,A01,1,1,1,1,1,-1,-1,-1, -1,-1,2021,54.0,1,2,0,2,1,15,1,,7,GARIBALDI                           (AV),0,,2,4,0,1,0,1,1,, -1,1,0,1,50,22,9,5,69,69256,2,3,0,1,GARIBALDI                           (AV),45.76641,4.92987,5,2,2
202100049780,112Â 761,A01,2,2,2,0,1,0,-1,-1, -1,-1,2021,24.0,1,2,4,0,1,1,1,,4,CHAPIT RE ( RUE DU),0,,1,1,0,1,0,0,2,, -1,1,0,1,30,27,2,1,93,93073,2,1,0,6,CHAPIT RE ( RUE DU),49.0028833603,2.5368793539,12,2,1
202100022856,160Â 761,A01,1,1,1,5,2,-1,-1,0,0,-1,2021,39.0,1,1,0,2,1,1,1,,3,,-1,,4,2,0,1,10,950,1,,7,1,5,1,50,16,8,1,30,30089,2,3,0,3,D986l,43.847678,4.607568,14,2,2
202100054632,104Â 135,A01,1,1,1,5,2,5,6,0,0,-1,2021,31.0,1,1,0,0,7,1,1,,3,3,0,,2,2,0,1,10,800,1,, -1,1,0,1,-1,19,1,1,31,31522,1,1,0,7,route dÃ©partemantale 3,43.299114,0.831553,13,1,1