Num_Acc,id_vehicule,num_veh,place,catu,sexe,trajet,secu1,secu2,secu3,locp,actp,etatp,year_acc,victim_age,senc,catv,obs,obsm,choc,manv,motor,occutc,catr,voie,v1,v2,circ,nbv,vosp,prof,pr,pr1,plan,lartpc,larrout,surf,infra,situ,vma,jour,mois,lum,dep,com,agg_,int,atm,col,adr,lat,long,hour,nb_victim,nb_vehicules
202100028116,151Â 445,A01,1,1,2,5,1,0,-1,-1, -1,-1,2021,18.0,2,2,0,2,1,15,1,,3,ATHERBEA (AVENUE),0,,2,3,0,1,18,610,2,, -1,1,0,1,50,19,7,1,64,64125,2,1,0,1,ATHERBEA (AVENUE),43.43239,-1.59651,15,2,2
202100008889,185Â 851,B01,1,1,1,5,2,-1,-1,0,0,-1,2021,31.0,2,1,0,2,1,1,1,,3,58,-1,,2,2,0,1,0,952,1,, -1,1,0,1,80,3,10,1,85,85047,1,3,0,3,la petite bÃ©netiÃ¨re,46.805615,-1.800615,14,2,2
202100017309,170Â 711,B01,2,2,1,1,1,-1,-1,0,0,-1,2021,23.0,1,2,0,2,1,1,1,,3,606,-1,,2,3,0,1,50,195,1,, -1,1,0,1,80,23,9,5,89,89468,1,3,0,3,D606,48.022162,3.313542,20,3,2
202100005034,192Â 790,B01,1,1,1,1,1,-1,-1,-1,0,-1,2021,29.0,1,2,0,2,4,23,1,,3,RN 1 SENS PROVINCE-PARIS,0,,3,4,0,1,2,0,1,, -1,1,0,1,70,2,12,2,95,95539,2,1,0,4,RD 301,48.9914352515,2.3602473736,8,3,3
202100005144,192Â 583,A01,1,1,2,2,2,6,-1,0,0,-1,2021,16.0,1,1,0,2,3,17,1,,4,3,0,A,2,2,0,1,13,100,1,, -1,1,0,1,50,30,11,1,974,97413,2,3,0,1,Chemin Lancastel,-21.214814,55.315711,9,3,2
202100037263,135Â 069,B01,2,2,2,5,1,8,-1,-1, -1,-1,2021,49.0,3,2,0,2,4,16,1,,4,AMPERE,0,,2,2,0,1,(1),(1),1,, -1,1,0,1,50,3,5,1,17,17306,2,1,0,2,AMPERE,45.63151,-0.99593,18,3,2
202100051925,108Â 890,A01,1,1,1,1,2,6,-1,0,0,-1,2021,27.0,1,1,0,0,7,1,1,,4,RUE DU MOULIN VERT,0,,1,1,0,1,(1),(1),1,, -1,5,0,1,30,10,2,1,75,75114,2,2,1,7,RUE DU MOULIN VERT,48.83133,2.319841,9,1,1
202100027375,152Â 783,A01,1,1,2,0,1,0,-1,-1, -1,-1,2021,65.0,1,2,1,0,3,1,1,,4,EDOUARD VAILLANT (RUE),0,,1,1,0,1,(1),(1),1,, -1,1,0,1,50,23,7,1,10,10357,2,1,1,6,EDOUARD VAILLANT (RUE),48.30121,4.09902,13,1,1
202100022532,161Â 354,A01,1,1,1,5,2,-1,-1,0,0,-1,2021,52.0,2,1,0,2,3,13,5,,3,925,-1,,2,2,0,2,40,440,4,, -1,1,0,1,50,26,8,1,73,73308,1,1,0,3,RD925,45.6898113281,6.4114165425,17,2,2
202100000787,200Â 307,Z01,10,3,1,5,8,8,-1,1,1,2,2021,30.0,2,2,0,1,0,2,0,,3,MARINVILLE (AV DE),0,,1,1,0,2,0,0,1,, -1,2,0,1,30,30,12,5,94,94068,2,1,0,6,MARINVILLE (AV DE),48.80648,2.48118,3,2,1
202100004454,193Â 804,A01,1,1,2,0,1,-1,-1,0,0,-1,2021,35.0,1,2,0,2,1,23,1,,7,751,-1,,2,2,0,1,49,500,1,, -1,9,5,1,70,4,12,3,37,37099,1,2,1,1,297 Bois Tireau,47.2930212922,0.5344086885,18,4,2
202100004724,193Â 334,B01,2,2,1,0,1,0,-1,-1, -1,-1,2021,27.0,2,5,0,2,1,1,1,,3,MENDES FRANCE PIERRE(AVENUE),0,,2,2,2,2,2,135,1,, -1,1,-1,1,70,3,12,1,73,73065,1,1,0,3,D991A,45.5891068102,5.9081634879,15,3,2
202100047476,116Â 902,A01,10,3,1,3,0,-1,-1,1,3,1,2021,37.0,1,2,0,1,3,1,1,,3,CD 125,0,,3,2,0,1,3,125,1,, -1,1,0,1,50,18,3,1,95,95539,2,6,0,6,RD 125,48.9913,2.36191,16,3,1
202100028909,150Â 055,A01,1,1,1,0,1,-1,-1,0,0,-1,2021,25.0,2,2,17,0,1,17,1,,3,756,0,D,2,2,0,3,(1),(1),3,, -1,1,0,3,80,15,7,1,44,44212,1,1,0,6,La Chalousiere,47.161022,-1.215255,18,1,1
202100034859,139Â 398,A01,1,1,2,1,1,-1,-1,0,0,-1,2021,24.0,1,2,0,0,1,13,1,,3,28,0,D,2,2,0,1,8,500,2,, -1,2,0,3,80,12,6,1,27,27434,1,1,1,7,RD 28,49.208304,0.491338,6,1,1
202100010653,182Â 693,B01,1,1,1,1,2,-1,-1,0,0,-1,2021,57.0,1,1,0,2,1,1,1,,3,17B,-1,,2,2,0,1,4,175,1,, -1,1,0,1,80,27,10,3,56,56263,1,3,0,3,Lieu Dit Lescrezan,47.700087,-2.935549,21,2,2
202100026347,154Â 601,A01,2,2,2,0,2,8,-1,-1, -1,-1,2021,49.0,2,1,0,2,1,26,0,,3,VAILLANT COUTURIER (RUE),0,,2,2,0,1,0,1,1,, -1,1,8,1,30,29,7,1,93,93053,2,1,0,2,Rue Vaillant Couturier,48.891045,2.449271,11,4,2
202100054100,105Â 042,A01,10,3,2,9,0,-1,-1,3,5,1,2021,29.0,1,2,0,1,1,1,1,,4,AVENUE TRUDAINE,0,,3,2,0,1,(1),(1),1,, -1,1,8,1,50,22,1,1,75,75109,2,2,0,6,AVENUE TRUDAINE,48.881209,2.342501,11,2,1
202100023814,159Â 055,A01,10,3,1,9,0,-1,-1,1,1,1,2021,54.0,2,2,0,1,3,1,1,,3,974,-1,,2,1,0,3,24,800,1,, -1,1,0,1,80,17,8,3,54,54123,1,1,0,6,RD.974,48.637971,6.13036,22,2,1
202100007860,187Â 689,B01,1,1,1,1,1,0,-1,-1, -1,-1,2021,27.0,1,2,0,2,5,2,1,,3,STRASBOURG (BD DE),0,,2,2,0,1,1,0,1,, -1,1,0,1,30,16,11,5,94,94052,2,1,0,2,STRASBOURG (BD DE),48.84249,2.48457,20,3,2
202100016260,172Â 569,B01,1,1,1,0,8,0,-1,-1, -1,-1,2021,49.0,2,1,0,2,3,1,3,,3,ROSNY (RUE DE),0,,2,2,0,1,0,1,1,, -1,2,0,1,30,29,9,1,93,93048,2,2,1,3,Rue de Rosny / Boulevard de la BoissiÃ¨re,48.87115,2.47085,8,2,2
202100035007,139Â 122,A01,1,1,1,0,2,6,-1,-1, -1,-1,2021,15.0,3,1,0,0,2,9,1,,4,ILE DE FRANCE (AVENUE DE L'),0,,2,2,0,1,(1),(1),1,, -1,1,0,1,50,11,6,1,41,41269,2,1,0,7,ILE DE FRANCE (AVENUE DE L'),47.80735,1.05009,10,1,1
202100055206,103Â 136,B01,1,1,2,9,8,0,-1,0,0,-1,2021,32.0,2,1,0,2,1,1,5,,4,RUE DE LAGNY,0,,1,2,1,1,(1),(1),1,, -1,2,-1,5,50,13,1,5,75,75120,2,2,0,3,RUE DE LAGNY,48.848937,2.405469,20,2,2
202100028256,151Â 187,A01,1,1,1,4,1,0,-1,-1, -1,-1,2021,46.0,1,2,0,2,1,2,1,,1,A50,0,,3,6,0,1,63,0,1,, -1,1,0,1,110,16,7,1,83,83129,1,1,0,4,A50,43.1206210783,5.8429957461,16,10,3
202100017317,170Â 698,A01,1,1,1,3,1,-1,-1,0,0,-1,2021,56.0,1,2,2,0,1,1,1,,3,986,0,A,2,2,0,2,4,700,3,, -1,2,0,3,90,26,9,1,63,63470,1,1,0,6,D986,45.881767,3.054344,10,1,1
202100044891,121Â 477,A01,1,1,1,4,1,-1,-1,0,0,-1,2021,33.0,2,2,4,0,1,1,1,,1,404,-1,,1,4,0,1,15,300,1,, -1,1,0,1,110,4,4,2,1,1031,1,1,0,6,A404,46.248291,5.624094,4,1,1
202100034903,139Â 325,A01,1,1,1,5,2,-1,-1,0,0,-1,2021,58.0,0,1,0,0,0,0,1,,4,1,-1,,-1,1,0,1,(1),(1),1,, -1,9,0,1,50,12,6,2,59,59190,1,3,0,7,chemin communal C1 - ROUTE DE BOUSSOIS,50.300162,4.025234,20,1,1
202100041318,127Â 753,A01,1,1,1,9,2,6,-1,0,0,-1,2021,55.0,2,1,0,2,1,2,3,,4,BOULEVARD JOURDAN,0,,1,2,0,1,(1),(1),1,, -1,2,0,1,50,5,5,1,75,75114,2,1,1,2,BOULEVARD JOURDAN,48.819819,2.340732,15,2,2
202100037810,134Â 072,A01,1,1,1,0,2,6,-1,-1, -1,-1,2021,24.0,3,1,0,2,4,1,1,,4,CAPITAINE GEZE (BOULEVARD),0,,3,2,0,1,(1),(1),1,, -1,1,0,1,50,28,5,1,13,13214,2,1,0,2,CAPITAINE GEZE (BOULEVARD),43.32973,5.36809,18,2,2
202100017447,170Â 439,B01,1,1,2,5,1,0,-1,-1, -1,-1,2021,50.0,1,2,0,2,8,15,1,,3,LORRAINE (AVENUE DE),0,,2,3,0,1,1,430,1,, -1,1,5,1,50,21,9,1,57,57221,2,3,0,3,LORRAINE (AVENUE DE),49.32565,6.12263,7,2,2
202100014542,175Â 709,A01,1,1,1,5,2,6,9,0,0,-1,2021,71.0,1,1,0,2,0,0,1,,3,308,0,D,2,2,0,2,5,450,3,, -1,1,0,1,80,26,6,1,74,74183,1,1,0,1,Rte de Sommand,46.15537,6.513605,16,2,2
202100046972,117Â 820,C01,1,1,1,0,2,6,-1,0,0,-1,2021,29.0,2,1,0,2,4,2,1,,3,933,-1,,2,2,0,1,67,95,1,, -1,1,0,1,50,23,3,2,1,1194,2,1,0,5,809 Rue Edouard Herriot,45.987207,4.757326,18,4,3
202100035784,137Â 742,B01,1,1,1,1,2,6,-1,-1, -1,-1,2021,36.0,2,1,0,2,3,0,1,,3,989,0,,2,2,1,1,0,0,1,, -1,1,0,1,30,8,6,1,92,92040,2,9,0,3,VERDUN (AVENUE DE) DU 116 AU 150,48.8180818028,2.2512515449,9,2,2
202100002061,198Â 111,A01,10,3,2,0,0,-1,-1,3,3,1,2021,3.0,1,2,0,1,3,2,1,,4,GABRIEL PERI (RUE),0,,2,2,0,1,0,0,1,, -1,1,0,1,30,18,12,5,92,92025,2,3,0,6,GABRIEL PERI (RUE),48.918064,2.238547,19,4,1
202100032055,144Â 455,A01,1,1,1,4,1,-1,-1,-1, -1,-1,2021,42.0,1,4,0,2,1,1,1,,2,,0,,3,6,0,1,44,180,1,, -1,1,0,1,90,27,6,1,33,33249,1,1,0,2,ROUTE NATIONALE 230,44.883757,-0.511518,16,6,2
202100028711,150Â 398,B01,1,1,1,0,8,0,-1,-1, -1,-1,2021,23.0,2,1,0,2,4,1,3,,4,986,0,,2,4,3,1,0,0,1,, -1,1,0,1,50,16,7,1,92,92025,2,1,0,2,GABRIEL PERI (RUE),48.918186,2.238815,12,2,2
202100054400,104Â 524,A01,1,1,1,5,1,-1,-1,0,0,-1,2021,69.0,1,2,4,0,1,1,1,,2,20,-1,,3,2,0,1,48,200,2,, -1,1,0,1,110,20,1,1,9,9188,1,1,0,6,RN 20,42.884765,1.623734,12,1,1
202100044788,121Â 654,A01,10,3,1,0,8,8,-1,2,3,1,2021,50.0,1,2,0,1,1,9,1,,3,MACE (ROUTE GABRIEL),0,,2,1,0,2,1,973,1,, -1,1,9,1,50,7,4,1,974,97411,2,6,0,6,MACE (ROUTE GABRIEL),-20.91944,55.49411,16,2,1
202100016572,172Â 010,A01,1,1,1,5,2,-1,-1,0,0,-1,2021,74.0,2,1,0,0,0,1,5,,3,D929,0,,2,2,0,2,52,200,1,, -1,1,0,1,50,28,9,1,65,65031,2,1,0,7,D929,42.905539,0.357329,15,1,1
202100011294,181Â 549,A01,1,1,1,0,2,6,-1,0,0,-1,2021,25.0,0,1,8,0,0,1,1,,3,36,-1,,2,2,0,1,(1),(1),1,, -1,1,5,8,70,21,10,3,38,38048,2,1,0,6,cd36,45.600325,5.125337,21,1,1
202100037890,133Â 937,A01,1,1,2,5,2,-1,-1,0,0,-1,2021,32.0,1,1,0,2,1,2,5,,3,13,-1,,2,2,0,1,6,158,2,, -1,1,0,1,80,27,5,1,65,65473,1,1,0,2,D913,42.953906,-0.064995,12,2,2
202100006887,189Â 459,B01,1,1,2,0,1,-1,-1,0,0,-1,2021,51.0,1,2,0,2,1,13,1,,7,57,0,M,2,2,0,1,(1),(1),1,, -1,1,0,1,80,23,11,3,59,59252,1,1,0,1,Rue de Messines,50.700576,2.969935,19,3,2
202100034094,140Â 821,A01,10,3,2,5,0,-1,-1,3,3,1,2021,84.0,0,2,0,1,1,15,1,,4,RUE DE LA POMPE,0,,1,1,0,1,(1),(1),1,, -1,1,0,1,50,15,6,1,75,75116,2,4,0,6,RUE DE LA POMPE,48.871087,2.283447,11,2,1
202100046362,118Â 898,B01,1,1,2,5,1,0,-1,-1, -1,-1,2021,42.0,1,2,14,2,1,1,1,,4,32EME R.I (BOULEVARD),0,,2,2,0,1,0,0,1,, -1,1,0,1,50,26,3,1,2,2738,2,1,0,2,32EME R.I (BOULEVARD),49.6459,3.2889,8,5,2
202100023511,159Â 609,A01,1,1,1,5,1,-1,-1,0,0,-1,2021,28.0,1,2,6,0,1,1,1,,3,104,-1,,2,2,0,1,61,250,1,, -1,1,0,3,80,20,8,3,7,7134,1,1,0,6,1925 Route d Aubenas,44.498241,4.286259,0,1,1
202100036033,137Â 279,A01,10,3,2,1,0,-1,-1,1,3,1,2021,60.0,3,2,0,1,1,26,1,,6,,0,,-1,0,0,1,(1),(1),1,,7,1,0,8,-1,7,6,1,50,50025,2,1,0,6,Avenue du Rocher,48.678621,-1.342049,14,2,1
202100050636,111Â 178,B01,1,1,1,1,1,-1,-1,0,0,-1,2021,50.0,1,2,0,2,1,1,1,,1,9,-1,A,1,5,0,2,173,518,1,, -1,1,0,1,130,23,2,3,34,34135,1,1,0,4,A9,43.259815,3.167861,6,4,3
202100006765,189Â 694,A01,1,1,1,5,1,-1,-1,0,0,-1,2021,69.0,3,2,0,2,3,19,1,,3,650,-1,,2,1,0,1,47,672,1,,3,2,0,1,-1,23,11,2,50,50412,1,2,1,3,D650,49.312596,-1.680146,17,3,2
202100035750,137Â 804,B01,1,1,1,9,2,6,-1,0,0,-1,2021,22.0,1,1,0,2,2,15,1,,4,RUE ARMAND CARREL,0,,2,3,0,2,(1),(1),1,, -1,1,0,1,50,8,6,1,75,75119,2,3,0,3,RUE ARMAND CARREL,48.882536,2.381703,13,2,2
202100034947,139Â 238,B01,1,1,2,4,1,0,-1,-1, -1,-1,2021,46.0,1,2,0,2,4,2,2,,4,CHARCOT (QUAI JEAN),0,,1,2,0,1,0,0,1,, -1,1,0,1,50,11,6,1,83,83137,2,1,0,4,CHARCOT (QUAI JEAN),43.12701,5.89858,12,5,4
202100050727,111Â 012,B01,1,1,1,0,2,0,-1,-1, -1,-1,2021,21.0,1,1,0,2,7,1,1,,3,MADELEINE (ROUTE DE LA),0,,2,2,0,1,2,0,1,, -1,1,0,1,50,18,2,1,973,97302,2,3,0,3,MADELEINE (ROUTE DE LA),4.92172,-52.32263,9,2,2
202100001198,199Â 629,B01,1,1,1,0,1,0,-1,-1, -1,-1,2021,38.0,1,2,0,2,1,23,1,,4,LOUIS SALVATOR (BOULEVARD),0,,2,4,0,2,0,0,1,, -1,1,0,1,50,26,12,5,13,13206,2,3,0,1,LOUIS SALVATOR (BOULEVARD),43.29119,5.3827,21,3,2
202100049019,114Â 141,A01,4,2,1,5,0,-1,-1,0,0,-1,2021,33.0,1,2,8,0,3,13,1,,3,RPN10,-1,,2,2,0,1,(1),(1),1,, -1,1,9,3,50,7,3,1,988,98830,1,1,0,6,tribu de KoÃ© - TOUHO,-20.79821,165.26139,15,4,1
202100037412,134Â 792,B01,8,2,2,5,8,0,-1,-1, -1,-1,2021,17.0,1,1,0,2,8,1,1,,4,BREST (DE)                          (R ),0,,1,2,3,1,(1),(1),1,, -1,1,0,1,50,30,5,1,69,69382,2,2,0,3,BREST (DE) (R),45.7638,4.83322,21,4,2
202100017736,169Â 922,B01,1,1,2,4,1,-1,-1,0,0,-1,2021,48.0,2,2,0,2,3,21,1,,3,6,-1,,2,2,0,2,17,200,3,, -1,1,0,1,80,21,9,1,30,30320,1,1,0,1,pk 17 D6,44.116852,4.29709,13,2,2
202100020524,164Â 951,A01,2,2,1,2,8,0,-1,-1, -1,-1,2021,11.0,1,1,0,0,0,1,5,,4,CHAPEAU DE GENDARME,0,,2,2,0,1,1,0,1,, -1,1,0,1,50,6,9,1,49,49007,2,1,0,7,CHAPEAU DE GENDARME,47.45224,-0.55359,8,2,1
202100053971,105Â 279,A01,1,1,2,3,1,0,-1,-1, -1,-1,2021,47.0,0,2,1,0,6,23,1,,4,R ARTHUR CROQUETTE,0,,1,3,0,4,0,574,1,, -1,2,0,1,30,23,1,5,94,94018,2,1,1,2,ARTHUR CROQUETTE (R),48.81729,2.41837,18,3,2
202100009001,185Â 628,B01,1,1,2,5,8,-1,-1,0,0,-1,2021,52.0,1,2,0,2,1,1,1,,2,94,-1,,2,2,0,2,118,863,2,, -1,1,9,1,80,8,11,3,5,5036,1,1,0,1,N94,44.622396,6.536393,18,2,2
202100014951,174Â 980,A01,1,1,2,5,1,-1,-1,-1, -1,-1,2021,22.0,1,2,0,2,7,9,1,,7,ALBERT RAMBOZ                       (AV),0,,1,1,0,1,(1),(1),2,, -1,2,0,1,50,5,10,3,69,69199,2,2,1,3,ALBERT RAMBOZ (AV),45.69453,4.84421,22,3,2
202100048226,115Â 552,A01,1,1,1,3,2,6,-1,-1, -1,-1,2021,30.0,0,1,0,2,1,0,0,,4,DOMER                               (R ),0,,1,1,0,1,(1),(1),1,, -1,2,0,1,50,11,3,5,69,69387,2,2,1,3,DOMER (R),45.7473055972,4.8479866042,22,2,2
202100033340,142Â 173,A01,10,3,2,5,0,-1,-1,0,0,2,2021,66.0,3,2,0,1,4,4,1,,4,MARONNIERS,0,,2,2,0,1,(1),(1),1,, -1,1,0,1,50,10,6,1,54,54167,2,1,0,6,MARONNIERS,48.67187,5.90751,12,2,1
202100010412,183Â 107,A01,1,1,1,1,0,-1,-1,0,0,-1,2021,64.0,1,2,2,0,2,1,1,,3,560,0,,2,2,0,1,38,0,1,, -1,1,0,3,-1,29,10,1,83,83012,1,1,0,6,RD 560,43.5528922371,5.9974837303,15,1,1
202100053948,105Â 320,Z01,10,3,1,0,0,-1,-1,8,3,1,2021,20.0,0,2,0,1,0,26,0,,4,JULES GUESDE (PLACE),0,,3,0,3,1,0,0,1,, -1,1,9,6,50,23,1,5,13,13201,2,1,0,6,JULES GUESDE (PLACE),43.302,5.374,21,2,1
202100044468,122Â 207,A01,10,3,1,5,0,-1,-1,1,B,1,2021,44.0,1,2,0,1,1,1,1,,4,BOISSON (BOULEVARD),0,,1,1,0,1,(1),(1),1,, -1,2,0,1,50,10,4,1,13,13204,2,1,1,6,BOISSON (BOULEVARD),43.299851,5.403892,18,2,1
202100029152,149Â 638,B01,1,1,1,9,2,6,-1,0,0,-1,2021,41.0,2,1,0,2,1,1,3,,4,RUE DE BRETAGNE,0,,2,2,0,1,(1),(1),1,, -1,1,0,1,30,12,7,1,75,75103,2,1,0,3,RUE DE BRETAGNE,48.864232,2.360353,17,2,2
202100045157,121Â 013,B01,2,2,2,9,1,8,-1,-1, -1,-1,2021,24.0,2,2,0,2,1,1,1,,3,JEAN JAURES (AVENUE),0,,2,2,0,1,1,1,1,, -1,1,0,1,50,4,4,3,93,93032,2,3,0,3,JEAN JAURES (AVENUE),48.88295,2.52698,1,3,2
202100023109,160Â 306,A01,1,1,1,5,2,6,-1,-1, -1,-1,2021,22.0,2,1,0,2,1,17,1,,4,PITCHOT (RUE DE),0,,2,2,0,2,0,0,2,, -1,1,0,1,50,19,8,1,64,64122,2,1,0,5,PITCHOT (RUE DE),43.46616,-1.537,11,5,3
202100031769,144Â 975,A01,1,1,1,1,1,-1,-1,0,0,-1,2021,33.0,1,2,0,2,1,16,1,,3,45,0,D,2,2,0,2,37,800,3,, -1,8,0,1,80,29,6,2,42,42166,1,4,1,1,Route de Saligny,45.982659,4.077309,8,2,2
202100050567,111Â 302,B01,1,1,1,5,2,6,-1,-1, -1,-1,2021,44.0,2,1,0,2,1,2,1,,3,RD607 de Barbizon Ã  pavÃ© du roi,0,,2,4,0,3,18,436,1,, -1,1,0,1,90,21,2,1,77,77186,1,1,0,2,RD607 de Barbizon Ã  pavÃ© du roi,48.42831,2.6635,16,2,2
202100011468,181Â 224,A01,1,1,1,5,1,-1,-1,0,0,-1,2021,86.0,1,2,13,0,1,1,1,,3,953,0,,2,2,0,2,32,0,1,, -1,1,0,3,90,24,10,2,3,3320,1,1,0,7,route dÃ©partementale 953,46.563681,2.981447,9,1,1
202100045847,119Â 804,B01,1,1,2,9,1,5,-1,0,0,-1,2021,84.0,2,2,0,2,1,15,1,,3,D2,-1,,2,2,0,1,24,650,1,, -1,1,0,1,80,31,3,1,46,46204,1,2,0,3,Les vitarelles,44.689716,1.556671,18,2,2
202100044028,122Â 979,A01,1,1,1,0,2,-1,-1,-1, -1,-1,2021,15.0,2,1,0,2,1,1,1,,4,AVE DES MARRONNIERS,0,,2,4,1,1,(1),(1),1,, -1,1,0,1,30,14,4,1,33,33281,2,3,0,2,Avenue des Marronniers,44.84329,-0.67787,18,2,2
202100032499,143Â 677,B01,1,1,1,1,8,0,-1,-1, -1,-1,2021,17.0,3,1,0,2,7,2,5,,4,JUIN (AVENUE MARECHAL),0,,3,2,0,1,(1),(1),2,, -1,1,0,1,30,24,6,1,17,17333,2,6,0,3,JUIN (AVENUE MARECHAL),45.612851,-0.991181,8,2,2
202100053841,105Â 510,A01,1,1,2,9,1,8,-1,-1, -1,-1,2021,25.0,1,2,0,2,2,15,1,,4,,0,,2,2,0,2,(1),(1),3,, -1,1,0,1,50,24,1,2,34,34172,2,1,0,1,RAVAZ (AVENUE DU PROFESSEUR LOUIS,43.62493,3.84164,17,2,2
202100026146,154Â 960,B01,1,1,1,0,1,0,-1,-1, -1,-1,2021,56.0,2,2,0,2,4,1,1,,3,ROCADE SUD RD 6161,0,,2,2,0,1,6,0,1,, -1,1,0,1,80,30,7,1,11,11069,2,1,0,4,ROCADE SUD RD 6161,43.1986,2.3373,12,3,3
202100048927,114Â 300,A01,2,2,2,5,1,0,-1,-1, -1,-1,2021,21.0,2,2,0,2,1,19,1,,2,GENERAL DE GAULLE (BLD DU),0,,3,4,0,1,0,450,1,, -1,1,0,1,30,5,3,5,972,97209,2,3,0,6,YVES GOUSSARD (RUE),14.60781,-61.06882,23,4,3
202100038084,133Â 587,A01,1,1,1,5,8,-1,-1,0,0,-1,2021,42.0,2,2,13,0,1,1,1,,3,108,-1,D,2,2,0,1,4,900,2,, -1,1,0,3,80,27,5,3,47,47251,1,4,0,6,D108,44.294156,0.248383,22,1,1
202100031542,145Â 376,B01,3,2,2,1,1,-1,-1,-1,0,-1,2021,41.0,2,2,0,2,4,2,1,,2,RN 184,0,,3,4,0,1,4,500,1,, -1,1,0,1,90,1,7,1,95,95572,1,1,0,2,RN 184,49.041000053,2.1281182766,17,3,2
202100017388,170Â 554,A01,1,1,1,0,1,6,-1,-1, -1,-1,2021,28.0,1,1,0,2,1,12,1,,1,AUTOROUTE A86,0,,3,4,0,1,13,0,1,, -1,1,0,1,90,23,9,1,93,93066,1,1,0,6,AUTOROUTE A86,48.9229344984,2.3450405446,7,1,1
202100006239,190Â 652,B01,1,1,1,3,1,0,-1,-1, -1,-1,2021,31.0,3,2,0,2,3,1,1,,6,EGALITE RUE DE L,0,,-1,0,0,1,(1),(1),1,, -1,1,0,1,30,24,11,5,59,59220,1,9,0,3,EGALITE RUE DE L,50.58171,3.07926,18,2,2
202100023223,160Â 108,A01,1,1,1,5,1,-1,-1,0,0,-1,2021,50.0,2,2,0,2,3,13,1,,3,670,-1,,2,2,0,1,10,742,1,, -1,1,0,1,80,22,8,1,33,33414,1,1,0,5,,44.948262,-0.333935,11,4,3
202100044615,121Â 972,B01,1,1,1,0,8,0,-1,-1, -1,-1,2021,12.0,1,1,0,2,7,1,3,,4,,0,,2,3,1,1,0,0,1,, -1,1,0,4,50,9,4,1,92,92024,2,1,0,6,GENERAL LECLERC (RUE DU) DE (81 A 109)  ,48.9069748753,2.3087570071,18,3,2
202100020703,164Â 622,B01,1,1,1,9,2,6,-1,-1, -1,-1,2021,62.0,2,1,0,2,2,1,1,,9,JUILLET (AVENUE DU 14),0,,2,2,1,1,1,0,1,, -1,1,0,1,50,3,9,1,18,18279,2,1,0,3,JUILLET (AVENUE DU 14),47.21596,2.06506,11,2,2
202100044634,121Â 942,B01,1,1,1,5,2,6,9,0,0,-1,2021,26.0,1,1,0,2,1,17,1,,3,97,0,,2,2,0,1,14,324,1,, -1,1,0,1,70,2,4,1,77,77203,1,2,0,3,D97,48.989089,2.940881,16,3,2
202100054690,104Â 030,A01,1,1,1,4,2,8,-1,0,0,-1,2021,25.0,3,1,0,2,2,17,1,,4,RUE TAINE,0,,2,2,0,1,(1),(1),1,, -1,2,0,1,50,17,1,2,75,75112,2,1,0,1,RUE TAINE,48.837662,2.391771,18,2,2
202100010067,183Â 700,B01,2,2,2,5,1,-1,-1,0,0,-1,2021,59.0,1,2,0,2,2,1,1,,7,17,-1,D,2,2,0,2,7,0,2,, -1,2,0,1,80,31,10,3,34,34169,2,1,1,1,RD 17,43.665574,3.866158,17,6,2
202100019382,166Â 986,A01,10,3,1,3,0,-1,-1,5,9,1,2021,68.0,1,1,0,1,4,25,3,,9,LENINE (AVENUE),0,,-1,0,0,1,0,0,1,, -1,1,6,4,6,12,9,1,93,93027,2,1,0,2,LENINE (AVENUE),48.92099,2.41119,10,2,1
202100040936,128Â 448,A01,1,1,1,0,2,8,-1,-1, -1,-1,2021,16.0,0,1,0,2,2,3,1,,4,PAUL SIRVENT (AVE),0,,2,2,0,2,1,0,1,, -1,1,0,1,50,7,5,1,13,13075,2,3,0,3,PAUL SIRVENT (AVE),43.3435340624,5.4669838152,14,2,2
202100028673,150Â 466,A01,1,1,1,4,1,-1,-1,-1, -1,-1,2021,49.0,2,4,0,0,7,1,1,,2,RN 85 ( route ),0,,2,2,0,2,52,50,4,, -1,1,0,1,70,16,7,1,4,4070,1,1,0,7,RN 85,44.047621186,6.2028919436,14,1,1
202100055656,102Â 371,A01,1,1,1,0,1,0,-1,-1, -1,-1,2021,33.0,2,2,0,2,1,13,1,,3,RTE DES TEMPLIERS,0,,2,2,0,2,0,0,3,, -1,7,2,1,50,8,1,5,91,91425,2,1,0,1,RTE DES TEMPLIERS,48.64829,2.27425,20,2,2
202100038176,133Â 410,B01,1,1,1,0,2,-1,-1,-1, -1,-1,2021,33.0,1,1,0,2,1,0,1,,3,,-1,,2,2,0,1,1,200,1,, -1,1,0,1,-1,26,5,1,51,51454,2,2,0,3,Rue de Betheny,49.2653748703,4.044800747,20,2,2
202100005604,191Â 787,A01,1,1,1,1,2,-1,-1,0,0,-1,2021,17.0,3,1,0,2,6,1,1,,4,,-1,,2,2,0,1,(1),(1),3,,4,1,0,1,50,30,11,2,41,41252,1,1,0,1,Le Moulin de Ruabourg,47.667107,1.47602,16,2,2
202100016069,172Â 927,B01,2,2,2,0,1,-1,-1,-1, -1,-1,2021,20.0,1,2,0,2,4,23,1,,4,FRANCIS DE PRESSENSE                (AV),0,,2,2,0,1,(1),(1),1,, -1,1,0,1,50,28,9,5,69,69259,2,1,0,2,FRANCIS DE PRESSENSE                (AV),45.7148297104,4.8724150658,19,3,2