Num_Acc,id_vehicule,num_veh,place,catu,sexe,trajet,secu1,secu2,secu3,locp,actp,etatp,year_acc,victim_age,senc,catv,obs,obsm,choc,manv,motor,occutc,catr,voie,v1,v2,circ,nbv,vosp,prof,pr,pr1,plan,lartpc,larrout,surf,infra,situ,vma,jour,mois,lum,dep,com,agg_,int,atm,col,adr,lat,long,hour,nb_victim,nb_vehicules
202100016239,172Â 605,B01,1,1,2,9,2,0,-1,0,0,-1,2021,26.0,2,1,0,2,1,1,5,,4,BOULEVARD MORTIER,0,,3,2,1,1,(1),(1),1,, -1,1,0,5,50,29,9,1,75,75120,2,2,0,3,BOULEVARD MORTIER,48.867934,2.409004,8,2,2
202100033453,141Â 972,B01,1,1,1,5,2,-1,-1,0,0,-1,2021,18.0,1,1,0,2,1,1,1,,3,6085,-1,,2,2,0,1,35,933,1,, -1,1,0,1,50,20,6,1,6,6130,2,3,0,3,700 Route NapolÃ©on,43.691159,6.863896,17,2,2
202100021232,163Â 706,A01,1,1,1,0,8,8,-1,-1, -1,-1,2021,29.0,2,2,0,2,3,17,1,,3,BONNEVILLE (ROUTE DE ),0,,2,2,0,1,6,200,4,, -1,1,0,1,80,31,8,3,74,74298,1,1,0,5,BONNEVILLE (ROUTE DE ),46.16851,6.26763,21,3,3
202100010943,182Â 165,B01,1,1,2,1,1,0,-1,-1, -1,-1,2021,36.0,1,2,0,2,3,1,1,,4,PRIMEVERES (R DES),0,,-1,1,0,1,1,0,1,, -1,1,0,1,50,26,10,1,94,94038,2,2,0,3,Rue des PrimevÃ¨res,48.77739,2.35306,14,2,2
202100041090,128Â 164,A01,1,1,1,5,2,8,-1,-1, -1,-1,2021,27.0,2,6,0,2,2,13,1,,3,58,0,,2,2,0,1,(1),(1),1,, -1,1,0,1,50,5,5,1,59,59569,2,1,0,1,LAMENDIN (RUE ARTHUR),50.36995,3.11246,20,2,2
202100048799,114Â 544,A01,1,1,1,5,2,0,-1,-1, -1,-1,2021,69.0,2,1,0,0,8,26,1,,4,JAURES AVENUE JEAN NÂ°52 A FIN,0,,2,2,0,1,0,0,1,, -1,1,0,1,50,8,3,1,92,92049,2,1,0,7,JAURES AVENUE JEAN NÂ°52 A FIN,48.81491,2.30916,15,1,1
202100034101,140Â 809,B01,1,1,1,9,2,0,-1,0,0,-1,2021,33.0,1,1,0,2,7,1,5,,4,RUE DU FAUBOURG SAINT MARTIN,0,,2,2,0,1,(1),(1),1,, -1,1,0,1,50,16,6,1,75,75110,2,2,0,3,RUE DU FAUBOURG SAINT MARTIN,48.8811,2.365166,17,3,2
202100029105,149Â 725,B01,1,1,1,1,8,0,-1,-1, -1,-1,2021,25.0,2,1,0,2,2,19,5,,4,BRUMATH (ROUTE DE),0,,3,2,2,1,0,0,1,, -1,1,2,1,50,10,7,1,67,67482,2,1,0,3,BRUMATH (ROUTE DE),48.59694,7.74197,18,2,2
202100021890,162Â 505,A01,1,1,1,5,2,6,-1,0,0,-1,2021,15.0,1,1,12,0,7,1,1,,3,,-1,,2,2,0,1,11,485,1,,4,1,0,3,50,30,8,1,33,33448,2,1,0,7,,44.715098,-0.503907,16,1,1
202100043445,124Â 003,A01,1,1,2,0,1,-1,-1,-1, -1,-1,2021,36.0,1,2,0,2,3,9,1,,4,EIFFEL (AVE GUSTAVE),0,,2,2,0,1,(1),(1),1,, -1,1,0,1,50,19,4,1,33,33318,2,3,0,3,Avenue Gustave Eiffel,44.78603,-0.64073,15,2,2
202100020279,165Â 387,A01,1,1,2,0,8,-1,-1,-1, -1,-1,2021,73.0,0,1,0,2,7,19,5,,4,CHEZEL (RUE CLOVIS),0,,2,2,0,1,(1),(1),1,, -1,1,0,1,50,6,9,1,51,51454,2,2,0,3,Rue Clovis Chezel,49.2415999633,4.0352492439,9,2,2
202100032636,143Â 428,B01,1,1,1,0,2,6,-1,-1, -1,-1,2021,35.0,1,1,0,2,1,21,0,,3,Salazie (route de),0,,2,2,0,1,(1),(1),1,, -1,2,0,1,90,22,6,1,974,97409,1,9,1,1,Route de Salazie,-20.978532,55.636039,7,2,2
202100039839,130Â 369,A01,1,1,1,4,2,6,-1,0,0,-1,2021,22.0,1,1,0,0,7,21,1,,4,BOULEVARD GARIBALDI,0,,3,2,0,1,(1),(1),1,, -1,2,8,1,50,15,5,1,75,75115,2,4,0,7,BOULEVARD GARIBALDI,48.845469,2.309601,16,1,1
202100029239,149Â 496,A01,10,3,1,9,0,-1,-1,1,3,1,2021,7.0,3,2,0,1,3,1,1,,4,,0,,2,1,0,2,(1),(1),1,,3,1,0,1,50,14,7,1,22,22213,2,1,0,6,La Mettrie Pommerais,48.53034,-1.986085,12,2,1
202100039899,130Â 271,A01,1,1,1,5,1,0,-1,-1, -1,-1,2021,21.0,1,2,4,0,2,1,1,,1,AUTOROUTE A6A,0,,2,10,0,1,6,300,1,, -1,2,0,1,90,15,5,1,94,94021,1,1,1,6,AUTOROUTE A6A,48.77125,2.34544,12,2,1
202100041898,126Â 726,B01,1,1,1,5,2,6,-1,-1, -1,-1,2021,31.0,1,1,0,2,1,1,1,,7,SANDILLON  (ROUTE DE),0,,2,2,0,1,87,100,1,, -1,1,0,1,80,29,4,1,45,45274,2,1,0,2,Route de Sandillon,47.8692591785,1.9551167742,18,3,2
202100021623,162Â 979,A01,1,1,2,0,8,-1,-1,-1, -1,-1,2021,17.0,2,1,0,2,1,15,1,,4,,0,,2,2,0,1,(1),(1),1,, -1,1,5,1,50,30,8,1,33,33167,2,2,0,3,Avenue Hubert Dubedout,44.84707,-0.51024,18,3,2
202100017978,169Â 490,A01,1,1,1,5,2,8,-1,-1, -1,-1,2021,14.0,2,1,0,0,8,1,1,,3,QUAKENBRUCK (AVENUE DE),0,,1,1,0,1,1,390,2,, -1,2,0,1,50,19,9,1,61,61077,1,6,1,7,QUAKENBRUCK (AVENUE DE),48.4465119218,0.1127840376,11,2,1
202100024780,157Â 357,A01,1,1,1,0,2,8,-1,-1, -1,-1,2021,38.0,3,1,0,2,1,2,1,,3,ROUAILLER (ALLEE DU),0,,2,0,0,2,0,0,1,, -1,1,0,1,50,10,8,1,93,93014,2,1,0,2,Boulevard Gagarine,48.90481,2.54516,10,2,2
202100043994,123Â 040,B01,1,1,1,4,1,0,-1,-1, -1,-1,2021,48.0,2,2,0,2,4,2,1,,1,AUTOROUTE A104,0,,3,6,0,1,0,699,1,, -1,1,0,1,90,15,4,1,93,93005,1,1,0,4,AUTOROUTE A104,48.97239,2.49473,19,3,3
202100029583,148Â 912,A01,1,1,1,0,2,0,-1,-1, -1,-1,2021,22.0,1,1,0,2,1,17,0,,4,JAURES JEAN (AV) NÂ° PAIRS 60 ET >,0,,2,3,0,1,0,0,1,, -1,1,0,1,50,10,7,5,72,72181,2,1,0,4,JAURES JEAN (AV) NÂ° PAIRS 60 ET >,47.98616,0.2087,23,3,3
202100019147,167Â 403,B01,1,1,1,0,2,0,-1,-1, -1,-1,2021,72.0,2,1,0,2,8,1,1,,4,REPUBLIQUE (AVE DE LA),0,,2,3,0,1,0,0,1,, -1,1,0,1,50,13,9,1,83,83137,2,1,0,3,REPUBLIQUE (AVE DE LA),43.11994,5.9328,10,2,2
202100048527,115Â 016,A01,1,1,1,5,2,-1,-1,0,0,-1,2021,14.0,1,1,0,2,1,13,1,,3,ADOUR (RUE DE L'),0,,2,2,0,1,0,330,2,, -1,1,0,1,50,7,3,1,65,65417,2,1,0,1,ADOUR (RUE DE L'),43.2259182988,0.091766417,17,2,2
202100004731,193Â 322,A01,10,3,2,5,0,-1,-1,1,3,1,2021,24.0,2,2,0,1,1,1,1,,4,JOFFRE (AVENUE DU MARECHAL CD 88),0,,2,2,0,1,(1),(1),1,, -1,1,0,1,50,3,12,1,66,66136,2,1,0,6,JOFFRE (AVENUE DU MARECHAL CD 88),42.71475,2.88856,10,2,1
202100021780,162Â 692,A01,9,2,1,5,1,-1,-1,-1, -1,-1,2021,23.0,2,2,0,2,7,9,1,,2,PENESME (ROND POINT),0,,1,1,0,1,58,38,2,, -1,1,5,1,50,29,8,1,50,50602,2,6,0,3,PENESME (ROND POINT),49.6361,-1.57612,11,3,2
202100011229,181Â 660,B01,2,2,2,5,1,0,-1,0,0,-1,2021,22.0,2,2,0,2,5,12,1,,4,BOULEVARD PERIPHERIQUE,0,,1,4,0,1,32,0,1,, -1,1,0,1,70,24,10,1,75,75112,2,1,0,3,BOULEVARD PERIPHERIQUE,48.845831,2.414445,14,3,2
202100043184,124Â 470,A01,10,3,1,3,0,-1,-1,2,3,1,2021,50.0,1,2,0,1,4,4,1,,7,SAINT LOUP (BOULEVARD DE),0,,1,1,0,1,0,100,1,, -1,1,0,1,50,21,4,1,13,13210,2,1,0,6,SAINT LOUP (BOULEVARD DE),43.2828230548,5.4323037503,16,2,1
202100052673,107Â 577,A01,10,3,2,0,0,-1,-1,3,3,1,2021,19.0,3,5,0,1,7,16,1,,4,,0,,3,2,3,1,(1),0,1,, -1,1,0,1,50,3,2,1,44,44109,2,6,0,6,PICHERIT ( RUE HENRI ),47.2526556068,-1.5531081701,13,2,1
202100024672,157Â 549,A01,1,1,1,5,1,-1,-1,0,0,-1,2021,66.0,1,2,6,0,7,0,1,,3,20,-1,,2,2,0,1,43,80,2,, -1,1,0,8,80,11,8,1,28,28232,1,1,0,6,6 Route de Senonches,48.537374,0.942031,15,1,1
202100007944,187Â 539,B01,5,2,1,4,8,0,-1,-1, -1,-1,2021,38.0,2,5,0,2,5,23,1,,2,RN12,0,,3,3,0,1,24,200,1,, -1,1,0,8,70,16,11,1,78,78646,1,9,0,2,RN12,48.79312,2.0818,15,5,2
202100042536,125Â 593,A01,1,1,1,1,1,5,-1,0,0,-1,2021,27.0,1,2,13,0,9,17,1,,3,579,-1,,2,2,0,1,(1),(1),1,, -1,1,9,3,90,26,4,1,14,14102,1,1,0,6,D579,49.222138,0.2211,18,1,1
202100041579,127Â 278,A01,1,1,1,1,8,8,-1,-1, -1,-1,2021,38.0,1,1,0,0,3,21,1,,4,FAURE FELIX AVENUE,0,,1,1,0,1,0,0,1,, -1,1,0,1,30,3,5,1,92,92050,2,1,0,7,FAURE FELIX AVENUE,48.883463953,2.2214430571,7,1,1
202100016382,172Â 351,B01,1,1,2,1,1,8,-1,-1, -1,-1,2021,32.0,2,2,0,2,3,1,1,,4,,0,,2,2,0,1,0,0,1,, -1,1,0,1,50,28,9,1,92,92036,2,1,0,1,BAS TILLIERS (ALLEE DES),48.9349991451,2.3055155575,10,2,2
202100026190,154Â 878,A01,1,1,1,5,2,-1,-1,0,0,-1,2021,18.0,3,1,0,2,1,13,1,,4,,0,,2,2,0,2,(1),(1),1,,5,1,0,1,80,1,8,1,81,81183,1,1,0,1,Route de la Prade,43.80331,2.372773,19,2,2
202100013276,178Â 009,A01,1,1,1,0,2,6,-1,-1, -1,-1,2021,17.0,1,1,0,2,1,1,1,,4,PINEDE DE CONTAU (AVE) 02 AU 26,0,,2,2,0,1,(1),(1),1,, -1,1,0,1,50,14,10,5,33,33529,2,3,0,3,Avenue de la PinÃ¨de de Conteau,44.63043,-1.13026,21,2,2
202100023538,159Â 565,B01,8,2,2,0,1,-1,-1,0,0,-1,2021,51.0,0,2,0,2,1,1,1,,3,124Z,-1,,3,2,0,1,5,800,1,, -1,1,0,1,80,19,8,1,38,38557,1,1,0,1,D124z,45.771229,5.125911,19,6,2
202100046928,117Â 890,A01,1,1,2,5,8,0,-1,0,0,-1,2021,24.0,0,2,0,0,1,14,1,,3,D64E (voie nouvelle),0,,2,2,0,1,4,330,1,, -1,1,0,1,80,23,3,1,27,27562,1,1,0,7,D64,49.09402,1.41801,16,1,1
202100038151,133Â 456,A01,1,1,1,0,1,0,-1,-1, -1,-1,2021,56.0,1,2,0,0,9,1,1,,3,RD 41 (ROCADE),0,,3,4,0,2,0,100,1,, -1,1,0,1,60,26,5,1,972,97209,1,1,0,6,RD 41 (ROCADE),14.6140836264,-61.0522127153,15,1,1
202100031833,144Â 853,B01,4,2,2,5,1,0,-1,-1, -1,-1,2021,17.0,2,2,0,2,3,1,1,,4,VANTEAUX (BOULEVARD DE),0,,3,4,0,1,0,0,1,, -1,1,5,1,50,25,6,1,87,87085,2,2,0,3,VANTEAUX (BOULEVARD DE),45.8209,1.23037,18,7,2
202100037912,133Â 897,B01,1,1,1,5,2,6,9,0,0,-1,2021,39.0,2,1,0,2,3,1,1,,3,104,-1,,2,2,0,1,38,850,1,, -1,1,0,1,80,29,5,1,7,7289,1,1,0,2,Route de l'Escrinet,44.634952,4.423521,9,2,2
202100047799,116Â 314,B01,1,1,1,1,1,-1,-1,-1, -1,-1,2021,43.0,2,2,0,2,1,1,1,,3,CAZAUX (BD DE),0,,2,3,1,1,(1),(1),1,, -1,1,5,1,80,16,3,1,33,33529,1,3,0,3,Boulevard de Cazaux,44.555395,-1.153818,7,2,2
202100002419,197Â 452,B01,1,1,1,9,-1,0,-1,0,0,-1,2021,21.0,3,1,0,2,1,1,5,,4,MONSIEUR VINCENT,0,,2,2,0,1,(1),(1),1,, -1,1,0,5,30,17,12,5,35,35238,2,3,0,1,MONSIEUR VINCENT,48.0925254567,-1.6509854794,19,2,2
202100043408,124Â 073,A01,10,3,2,0,0,-1,-1,3,3,1,2021,23.0,1,1,0,1,1,17,1,,4,LECONTE DE LISLE (AVENUE),0,,2,-1,3,1,0,0,1,, -1,1,9,6,50,19,4,1,974,97411,2,1,0,1,Avenue Leconte de Lisle,-20.89341,55.48518,11,2,1
202100045001,121Â 290,A01,1,1,1,4,1,-1,-1,0,0,-1,2021,39.0,0,4,2,0,1,1,1,,4,,-1,,2,2,0,2,(1),(1),2,, -1,1,0,3,50,6,4,1,7,7101,2,1,0,6,lieu dit la tourrasse - route des costes,44.409713,4.3077189,9,1,1
202100052433,107Â 990,B01,1,1,1,1,2,8,-1,-1, -1,-1,2021,46.0,1,1,0,2,1,1,1,,3,BRIENNON (RT DE),0,,2,2,0,1,13,900,1,, -1,1,0,1,50,5,2,5,42,42127,2,3,0,3,Route de Briennon,46.0697909658,4.0738033578,7,2,2
202100013699,177Â 216,A01,1,1,1,0,2,0,-1,-1, -1,-1,2021,36.0,1,1,0,2,0,16,1,,3,REPUBLIQUE (AV DE LA),0,,2,2,0,1,0,0,1,, -1,1,0,1,50,12,10,5,94,94046,2,1,0,7,REPUBLIQUE (AV DE LA),48.8098,2.4549,21,1,1
202100017211,170Â 877,A01,1,1,2,5,1,-1,-1,0,0,-1,2021,37.0,2,2,2,0,2,13,1,,3,24,0,D,2,2,0,1,7,850,1,, -1,2,0,3,80,26,9,2,55,55537,1,1,1,6,DÃ©partementale 24,49.20768,5.487124,7,1,1
202100052993,106Â 996,B01,1,1,1,1,2,6,-1,-1, -1,-1,2021,39.0,2,1,0,2,6,0,1,,3,LIBERATION RD14 (BOULEVARD),0,,-1,1,0,1,0,1,1,, -1,2,0,1,50,31,1,5,93,93066,2,3,1,3,CALON,48.92581,2.34203,20,2,2
202100026698,153Â 990,B01,1,1,1,1,2,8,-1,-1, -1,-1,2021,50.0,2,1,0,2,3,1,1,,3,CLEMENCEAU GEORGES AVENUE NÂ°IMPAIR,0,,2,6,1,1,0,0,1,, -1,1,0,1,50,28,7,1,92,92050,2,9,0,3,CLEMENCEAU GEORGES AVENUE NÂ°IMPAIR,48.885763588,2.2192208469,9,2,2
202100032895,142Â 960,A01,10,3,1,5,0,-1,-1,3,3,2,2021,91.0,2,2,0,1,1,15,1,,4,,0,,1,2,0,1,(1),(1),1,, -1,1,9,6,50,22,6,1,6,6004,2,9,0,6,SOLEAU AV.ROBERT,43.581527,7.120675,12,3,1
202100031151,146Â 051,B01,1,1,2,1,8,0,-1,-1, -1,-1,2021,57.0,3,1,0,2,1,2,3,,4,DENFERT-ROCHEREAU   AVENUE (15),0,,1,2,1,2,(1),(1),2,, -1,1,0,5,50,2,7,1,17,17300,2,6,0,3,DENFERT-ROCHEREAU   AVENUE (15),46.1656,-1.1883,8,2,2
202100003193,196Â 062,A01,10,3,2,5,0,-1,-1,3,3,2,2021,68.0,2,2,0,1,1,1,1,,3,6098,-1,,3,2,0,1,9,868,1,, -1,1,0,1,50,15,12,1,6,6079,2,1,0,6,26 Avenue Henri Clews,43.52682,6.945317,14,4,1
202100042083,126Â 403,A01,1,1,1,5,2,-1,-1,0,0,-1,2021,18.0,2,1,0,2,1,1,1,,3,976,-1,,2,2,0,2,(1),(1),2,,4,1,0,1,50,26,4,1,30,30217,2,9,0,6,intersection avenue de Signargues et montÃ©e du Vieux Moulin,43.975659,4.686546,18,2,2
202100049783,112Â 757,B01,1,1,1,9,2,6,-1,-1, -1,-1,2021,32.0,2,1,0,2,0,0,1,,3,GAGNY (AVENUE DE),0,,1,4,1,1,0,1,1,, -1,1,5,1,50,27,2,5,93,93053,2,2,0,3,GAGNY (AVENUE DE),48.886552773,2.4720528424,21,2,2
202100022770,160Â 898,A01,1,1,1,1,2,6,-1,-1, -1,-1,2021,58.0,1,1,4,2,1,9,1,,1,AUTOROUTE A6B,0,,1,2,0,1,5,199,3,, -1,1,0,1,90,24,8,1,94,94021,1,1,0,6,AUTOROUTE A6B,48.771371548,2.3450994762,18,1,1
202100034667,139Â 756,B01,1,1,1,5,2,-1,-1,0,0,-1,2021,57.0,2,1,0,2,1,1,5,,3,44,-1,,2,2,0,2,18,881,3,, -1,1,0,1,80,14,6,1,31,31085,1,1,0,1,d44,42.917621,0.757585,10,2,2
202100025831,155Â 520,A01,1,1,1,4,1,-1,-1,0,0,-1,2021,52.0,1,2,0,2,7,13,1,,7,5,-1,D,2,2,0,2,(1),(1),3,, -1,2,0,1,70,4,8,1,38,38059,1,1,1,3,D5,45.128297,5.777971,15,2,2
202100014064,176Â 556,A01,1,1,1,5,0,-1,-1,0,0,-1,2021,36.0,3,1,12,0,0,1,3,,4,,-1,,3,2,0,1,(1),(1),1,, -1,1,0,4,50,10,10,5,66,66172,2,1,0,7,29 Boulevard du Canigou,42.717156,2.844756,22,1,1
202100017907,169Â 612,A01,2,2,1,5,1,-1,-1,0,0,-1,2021,33.0,1,2,3,0,8,13,1,,2,40,0,T,2,2,0,4,96,700,2,, -1,1,0,1,80,21,9,3,201,201272,1,1,0,6,Orasi,41.569032,8.957763,1,2,1
202100022587,161Â 245,B01,1,1,1,5,2,0,-1,-1, -1,-1,2021,19.0,1,1,0,2,1,1,1,,3,MONTABO (ROUTE DE) 2,0,,2,1,2,1,2,100,1,, -1,1,0,1,50,25,8,5,973,97302,2,1,0,3,MONTABO (ROUTE DE) 2,4.9410848938,-52.3027703763,19,3,2
202100019172,167Â 361,A01,2,2,2,1,1,0,-1,-1, -1,-1,2021,23.0,1,2,0,2,1,26,1,,4,MARMITIERE,0,,2,2,0,1,1,0,1,, -1,1,0,1,50,13,9,1,49,49267,2,1,0,2,MARMITIERE,47.471,-0.492,17,3,2
202100025577,155Â 955,B01,1,1,2,1,1,0,-1,-1, -1,-1,2021,30.0,1,2,0,2,8,1,1,,2,RAMBAUD (LEOPOLD),0,,1,0,0,1,(1),(1),1,, -1,1,0,1,70,4,8,5,974,97411,2,1,0,3,RAMBAUD (LEOPOLD),-20.885933,55.475456,5,2,2
202100025766,155Â 629,B01,1,1,2,5,1,0,-1,0,0,-1,2021,62.0,1,2,0,2,6,2,1,,4,BOULEVARD PERIPHERIQUE INTERIEUR SUD,0,,1,4,0,1,1,600,3,, -1,1,0,1,70,3,8,1,75,75113,2,1,0,3,BOULEVARD PERIPHERIQUE INTERIEUR SUD,48.819197,2.371793,20,2,2
202100007397,188Â 536,A01,1,1,2,5,1,-1,-1,0,0,-1,2021,37.0,2,2,13,0,2,1,1,,3,31,0,,2,2,0,1,8,800,1,, -1,1,0,3,80,19,11,3,14,14590,1,1,0,6,D31,49.122625,-0.795044,23,1,1
202100030873,146Â 574,B01,1,1,2,1,8,0,-1,-1, -1,-1,2021,48.0,2,1,0,2,3,9,0,,3,11,0,,2,2,0,1,0,0,1,, -1,1,0,1,50,2,7,1,92,92009,2,1,0,3,EUROPE (AVENUE),48.9069410703,2.2626444697,16,2,2
202100011918,180Â 424,A01,1,1,2,4,1,-1,-1,0,0,-1,2021,21.0,1,4,2,0,3,1,1,,3,579,0,,2,2,0,1,8,500,2,, -1,1,0,3,90,22,10,1,14,14578,1,1,0,6,D579,49.3499,0.19564,11,1,1
202100009592,184Â 560,A01,10,3,2,0,0,-1,-1,3,3,1,2021,61.0,2,2,0,1,3,1,1,,4,DANTON (RUE),0,,2,2,0,1,(1),(1),1,, -1,2,0,1,30,3,11,1,51,51454,2,1,0,7,Rue Danton,49.2706077684,4.0235486173,16,2,1
202100023068,160Â 386,A01,10,3,1,5,0,-1,-1,3,3,1,2021,24.0,1,2,0,1,3,1,1,,4,BD ALFRED DANEY,0,,2,3,3,1,(1),(1),1,, -1,1,5,1,50,25,7,5,33,33063,2,1,0,6,Boulevard Alfred Daney,44.87177,-0.56181,3,2,1
202100049944,112Â 472,A01,1,1,2,5,2,6,-1,0,0,-1,2021,50.0,1,1,3,0,0,1,1,,3,,-1,,1,4,0,1,54,200,1,, -1,1,0,6,110,28,2,1,85,85024,1,1,0,7,D32,46.935195,-1.836696,14,1,1
202100055584,102Â 502,A01,10,3,2,3,0,-1,-1,1,3,1,2021,28.0,3,2,0,1,3,20,2,,6,1,0,,-1,-1,0,1,(1),(1),1,, -1,1,0,8,50,9,1,5,61,61414,1,1,0,6,route d'alencon,48.526809,0.533202,19,2,1
202100056189,101Â 454,B01,1,1,1,5,8,0,-1,-1, -1,-1,2021,25.0,3,1,0,4,8,19,5,,9,MAURICE BERTHEAUX ALLEE,0,,2,2,3,1,1,0,1,, -1,1,9,6,50,5,1,5,93,93046,2,1,0,3,MAURICE BERTHEAUX ALLEE,48.9134113791,2.5160032511,18,2,2
202100005775,191Â 471,B01,1,1,1,9,1,0,-1,0,0,-1,2021,54.0,1,5,0,2,3,1,1,,4,AVENUE DE LA PORTE D AUBERVILLIERS,0,,2,2,0,1,(1),(1),2,, -1,2,0,1,30,28,11,1,75,75118,2,7,1,1,AVENUE DE LA PORTE D AUBERVILLIERS,48.901392,2.370253,9,2,2
202100007019,189Â 213,A01,10,3,2,0,0,-1,-1,3,3,1,2021,19.0,1,1,0,1,7,1,1,,4,LORIENT (DE),0,,2,2,0,1,(1),(1),1,, -1,2,0,1,50,21,11,5,35,35238,2,1,1,6,LORIENT (DE),48.10899,-1.70584,23,2,1
202100019419,166Â 922,A01,1,1,1,5,1,-1,-1,0,0,-1,2021,64.0,2,2,2,0,1,1,1,,3,28,0,,2,2,0,1,18,600,1,, -1,1,0,8,80,12,9,1,10,10419,1,1,0,6,Route DÃ©partementale 28,48.180864,4.23708,16,1,1
202100055834,102Â 072,A01,1,1,1,0,1,0,-1,-1, -1,-1,2021,22.0,1,2,0,2,2,1,1,,3,STALINGRAD (BD DE),0,,3,4,0,1,0,0,1,, -1,1,0,1,50,8,1,1,94,94073,2,1,0,3,Boulevard de Stalingrad,48.770717,2.401373,12,4,2
202100001789,198Â 595,A01,2,2,2,5,1,-1,-1,0,0,-1,2021,10.0,1,2,0,2,2,1,1,,3,125,0,,2,2,0,3,(1),(1),1,, -1,1,0,1,80,24,12,1,50,50633,1,2,0,3,Route de Pepinvast,49.630469,-1.320881,13,4,2
202100013963,176Â 742,B01,1,1,1,5,2,6,-1,0,0,-1,2021,49.0,1,1,0,2,4,23,1,,3,943,-1,,2,2,0,1,54,450,1,, -1,1,0,1,70,11,10,1,62,62014,2,1,0,6,Route Departementale 943,50.653429,2.394676,13,3,3
202100034895,139Â 339,A01,1,1,1,4,2,5,6,0,0,-1,2021,45.0,2,1,0,2,3,1,1,,3,532,-1,A,2,2,0,1,1,390,1,, -1,1,8,1,50,12,6,1,26,26347,2,1,0,5,52 Av Vercors et de la Resistance,45.070869,4.856767,10,3,3
202100003196,196Â 059,A01,1,1,1,1,8,-1,-1,0,0,-1,2021,34.0,2,2,2,0,1,1,1,,3,5,-1,,2,2,0,1,30,104,1,, -1,2,0,3,80,15,12,3,10,10017,1,1,0,6,RD 5,48.47588,4.419331,5,1,1
202100032037,144Â 484,B01,2,2,2,0,1,5,-1,0,0,-1,2021,58.0,1,2,0,2,3,1,1,,3,989,-1,,2,2,0,2,9,200,3,, -1,2,0,1,80,27,6,1,8,8137,1,1,1,1,RD 989,49.83574,4.699016,14,3,2
202100049222,113Â 769,B01,1,1,1,0,2,0,-1,-1, -1,-1,2021,40.0,3,1,0,2,1,1,1,,3,QUATRE CHEMINS,0,,2,0,0,1,(1),(1),1,, -1,1,0,1,50,12,2,5,971,97101,2,3,0,3,PALAIS ROYAL,16.28039,-61.49708,20,2,2
202100032578,143Â 540,A01,2,2,1,0,2,6,-1,0,0,-1,2021,45.0,1,1,0,0,0,17,1,,3,86,0,,2,2,0,1,72,460,1,, -1,1,0,1,80,25,6,1,7,7198,1,1,0,7,D86,44.7812080499,4.7656363249,18,3,2
202100037115,135Â 358,A01,1,1,1,5,2,6,-1,0,0,-1,2021,47.0,1,1,13,0,3,2,1,,3,26,-1,,2,2,0,1,17,900,1,, -1,1,0,8,80,1,6,3,28,28289,1,1,0,6,route dÃ©partementale 26,48.618442,1.459508,22,1,1
202100004522,193Â 693,A01,1,1,1,4,1,0,-1,-1, -1,-1,2021,36.0,2,4,4,0,2,2,1,,7,PONT DE SAINT COME BLD PERIPHERIQUE,0,,3,5,0,1,15,0,1,, -1,2,2,1,90,4,12,1,37,37214,1,1,1,6,pont de la Motte,47.3931709126,0.6473994255,11,1,1
202100007165,188Â 957,B01,1,1,1,1,2,6,-1,-1, -1,-1,2021,36.0,1,1,0,2,1,1,1,,2,PORT DU NAVEIX (RUE DU),0,,3,4,0,1,18,915,1,, -1,1,0,1,50,17,11,5,87,87085,2,3,0,3,PORT DU NAVEIX (RUE DU),45.83225,1.27406,7,2,2
202100018990,167Â 689,B01,2,2,1,2,2,6,-1,0,0,-1,2021,12.0,1,1,0,2,2,1,1,,4,AVENUE VICTOR HUGO,0,,2,2,0,1,(1),(1),1,, -1,2,0,1,30,14,9,1,75,75116,2,1,1,3,AVENUE VICTOR HUGO,48.870139,2.286486,8,3,2
202100026361,154Â 574,B01,1,1,1,0,2,6,-1,0,0,-1,2021,38.0,1,1,0,0,4,16,1,,3,2,0,D,2,2,1,1,1,470,3,, -1,1,0,1,50,30,7,1,6,6161,2,1,0,2,114 Avenue du Loubet,43.651387,7.127591,19,2,2
202100002836,196Â 707,A01,10,3,2,3,0,-1,-1,2,3,2,2021,84.0,3,2,0,1,1,1,1,,9,,0,,2,2,0,1,(1),(1),1,,5,1,9,1,30,17,12,1,44,44195,2,6,0,6,La Colleraye (Zone commerciale),47.371494,-1.938035,11,2,1
202100048095,115Â 784,A01,1,1,2,3,1,5,-1,0,0,-1,2021,64.0,1,2,2,0,1,0,1,,3,117,-1,,2,2,0,2,72,345,2,, -1,1,0,1,50,2,3,1,9,9246,2,1,0,7,D117,42.994376,1.278298,12,1,1
202100047765,116Â 367,A01,10,3,2,0,0,-1,-1,1,3,1,2021,74.0,1,5,0,1,1,1,1,,3,VERDUN AVENUE DE,0,,-1,1,0,1,40,65,1,, -1,1,0,1,30,5,2,2,30,30351,1,1,0,6,VERDUN AVENUE DE,43.96344,4.80023,7,2,1
202100043564,123Â 797,A01,10,3,2,5,0,-1,-1,4,3,2,2021,13.0,3,1,0,1,0,26,1,,4,GALLIENI (AVENUE),0,,2,2,3,1,0,0,1,, -1,1,4,6,50,14,4,1,93,93053,2,9,0,6,GALLIENI (AVENUE),48.9002,2.4652,18,4,1
202100020032,165Â 820,Z01,10,3,1,9,0,-1,-1,4,3,1,2021,84.0,2,1,0,1,0,1,1,,4,PLACE DE LA REPUBLIQUE,0,,2,4,0,1,(1),(1),1,, -1,1,0,1,50,2,9,5,75,75103,2,7,0,6,PLACE DE LA REPUBLIQUE,48.8665651184,2.3648410244,20,2,1