Num_Acc,id_vehicule,num_veh,place,catu,sexe,trajet,secu1,secu2,secu3,locp,actp,etatp,year_acc,victim_age,senc,catv,obs,obsm,choc,manv,motor,occutc,catr,voie,v1,v2,circ,nbv,vosp,prof,pr,pr1,plan,lartpc,larrout,surf,infra,situ,vma,jour,mois,lum,dep,com,agg_,int,atm,col,adr,lat,long,hour,nb_victim,nb_vehicules
202100009873,184Â 056,A01,1,1,1,0,1,0,-1,-1, -1,-1,2021,20.0,2,2,0,0,0,2,1,,2,RN 104,0,,3,2,0,1,42,49,1,, -1,2,0,1,110,2,11,4,91,91086,1,1,1,7,RN 104,48.6232,2.38899,6,1,1
202100027287,152Â 954,A01,2,2,2,5,1,-1,-1,0,0,-1,2021,16.0,1,2,3,0,1,1,1,,1,61,-1,A,1,4,0,1,240,827,1,, -1,1,0,1,130,24,7,1,31,31254,1,1,0,6,"autoroute a61, pk 241.800",43.543431,1.502466,15,3,1
202100039845,130Â 358,A01,1,1,2,5,8,0,-1,0,0,-1,2021,24.0,0,1,0,0,0,19,3,,4,COURS LA REINE,0,,1,2,0,1,(1),(1),1,, -1,2,0,1,50,15,5,1,75,75108,2,1,1,7,COURS LA REINE,48.864158,2.31984,17,1,1
202100008334,186Â 831,A01,10,3,2,5,0,-1,-1,1,1,1,2021,20.0,0,2,0,1,2,4,1,,4,,-1,,2,2,0,1,(1),(1),1,,4,1,0,1,50,24,7,3,59,59524,2,1,0,6,"139, rue Alexandre Derousseaux",50.566263,2.898767,1,2,1
202100005625,191Â 733,B01,1,1,1,1,2,4,-1,-1, -1,-1,2021,31.0,2,1,0,2,1,2,1,,1,A4,0,,3,5,0,1,3,0,1,, -1,1,0,1,90,2,12,2,94,94069,1,1,0,2,A4,48.8173765731,2.4288368225,8,2,2
202100018008,169Â 442,A01,1,1,1,5,2,6,-1,-1, -1,-1,2021,30.0,1,1,0,0,4,9,1,,3,CD 2 (CAMP MAJOR),0,,2,2,0,1,0,100,1,, -1,1,0,1,50,18,9,1,13,13005,2,1,0,2,CD 2 (CAMP MAJOR),43.2882487404,5.5422177797,18,2,2
202100019804,166Â 249,B01,1,1,1,1,2,6,-1,-1, -1,-1,2021,43.0,1,1,0,2,8,1,1,,1,A7-Sens Lyon vers Marseille,0,,1,3,0,1,272,0,1,, -1,1,0,1,90,10,9,1,13,13106,1,1,0,3,A7-Sens Lyon vers Marseille,43.39177,5.35095,16,2,2
202100030423,147Â 390,B01,1,1,2,4,1,0,-1,0,0,-1,2021,35.0,3,2,0,2,3,1,3,,4,PLACE DE LA CONCORDE,0,,-1,2,0,1,(1),(1),1,, -1,1,0,1,50,6,7,5,75,75108,2,7,0,3,PLACE DE LA CONCORDE,48.865873,2.319947,0,2,2
202100011103,181Â 882,A01,1,1,1,5,2,6,-1,-1, -1,-1,2021,21.0,2,1,0,2,2,13,1,,4,PRADO (AVENUE DU),0,,2,6,3,1,0,0,1,, -1,1,0,1,50,25,10,5,13,13208,2,1,0,3,PRADO (AVENUE DU),43.28024,5.38698,0,2,2
202100010884,182Â 273,A01,1,1,1,5,2,6,-1,-1, -1,-1,2021,21.0,1,1,0,0,0,1,1,,3,HOUCHIN (RUE D')  OU CD 171,0,,2,2,0,1,1,0,1,, -1,6,0,1,80,26,10,3,62,62083,1,1,1,7,HOUCHIN (RUE D')  OU CD 171,50.465896,2.617282,19,2,1
202100022454,161Â 502,AA01,2,2,1,0,1,0,-1,-1, -1,-1,2021,26.0,2,2,9,0,7,14,1,,4,MARCEAU (AVENUE DU GENERAL),0,,2,2,0,2,0,0,1,, -1,1,0,1,50,25,8,5,28,28134,2,1,0,3,MARCEAU (AVENUE DU GENERAL),48.7292,1.36684,21,2,1
202100024088,158Â 603,B01,1,1,2,0,8,-1,-1,0,0,-1,2021,47.0,3,1,0,2,0,26,5,,3,311,-1,,1,4,0,1,2,524,1,, -1,1,0,6,70,16,8,1,38,38449,1,1,0,3,Boulevard de la NoirÃ©e,45.640692,5.110123,14,2,2
202100050664,111Â 124,B01,1,1,1,3,2,6,-1,0,0,-1,2021,16.0,1,1,0,2,1,1,1,,3,7,-1,,2,2,0,1,70,940,1,, -1,1,0,1,80,20,2,1,83,83004,1,1,0,2,Dn7,43.442606,6.461635,14,3,2
202100016256,172Â 574,A01,10,3,2,9,0,-1,-1,1,3,1,2021,40.0,3,2,0,1,4,26,1,,4,CARNOT (R),0,,-1,1,0,1,1,0,1,, -1,1,0,1,30,28,9,1,94,94022,2,1,0,6,Rue Carnot,48.766199,2.408583,10,2,1
202100001852,198Â 487,A01,1,1,2,0,1,0,-1,0,0,-1,2021,61.0,1,2,0,0,1,9,1,,3,STADE (RUE DU),0,,2,2,0,1,1,950,1,, -1,1,0,3,50,21,12,1,71,71499,1,1,0,7,Rue du Stade,46.651975,4.31544,13,1,1
202100048268,115Â 472,A01,1,1,1,0,2,6,-1,-1, -1,-1,2021,23.0,1,1,0,2,1,3,1,,3,MARTYRS DE LA RÃSISTANCE (AV DES),0,,2,2,1,1,3,600,1,, -1,1,0,1,50,10,3,1,40,40192,2,2,0,3,MARTYRS DE LA RÃSISTANCE (AV DES),43.88701,-0.514,18,3,2
202100021745,162Â 762,A01,1,1,1,5,2,-1,-1,-1,0,-1,2021,45.0,1,1,0,2,1,3,1,,1,AUTOROUTE A15,0,,3,10,0,1,7,400,1,, -1,1,0,1,110,30,8,1,95,95018,1,1,0,3,A15,48.9613,2.26925,18,3,2
202100052234,108Â 338,A01,1,1,1,0,2,6,-1,-1, -1,-1,2021,20.0,3,1,0,2,1,1,1,,4,,0,,2,2,0,1,0,0,1,, -1,2,0,1,50,7,2,1,92,92035,2,2,1,3,Jules Ferry ( rue ),48.9044899048,2.2361053526,12,2,2
202100056070,101Â 659,B01,1,1,1,5,2,6,-1,0,0,-1,2021,24.0,2,1,0,2,2,7,1,,4,RUE PROUDHON,0,,2,4,3,1,(1),(1),1,, -1,2,-1,6,50,6,1,1,75,75112,2,1,0,2,RUE PROUDHON,48.837152,2.390512,13,2,2
202100040727,128Â 815,A01,1,1,1,4,1,-1,-1,0,0,-1,2021,19.0,3,2,0,1,4,26,1,,4,MATHERON CLEMENT,0,,2,2,0,1,(1),(1),1,, -1,1,9,1,30,7,5,1,95,95280,2,7,0,6,MATHERON CLEMENT,49.02421,2.46285,18,2,1
202100035270,138Â 656,B01,1,1,1,0,2,-1,-1,-1, -1,-1,2021,53.0,1,1,0,2,3,1,1,,4,RUE JEAN MERMOZ,0,,2,2,1,2,(1),(1),2,, -1,1,5,1,50,10,6,1,33,33162,2,3,0,3,Avenue Jean Mermoz,44.86972,-0.66239,15,2,2
202100046236,119Â 126,B01,1,1,1,5,2,6,-1,-1, -1,-1,2021,31.0,1,1,0,2,1,1,0,,4,CAMILLE PELLETAN (AVENUE),0,,2,3,3,1,0,0,1,, -1,1,0,1,50,27,3,1,13,13202,2,1,0,3,CAMILLE PELLETAN (AVENUE),43.30393,5.37401,15,2,2
202100007056,189Â 141,B01,1,1,1,5,8,0,-1,-1, -1,-1,2021,49.0,1,1,9,2,3,1,1,,3,GENERAL DE GAULLE (AV DU),0,,3,4,3,1,0,0,1,, -1,2,0,1,50,20,11,5,94,94017,2,1,1,3,GENERAL DE GAULLE (AV DU),48.82243,2.49232,8,2,2
202100046113,119Â 336,A01,3,2,1,0,1,0,-1,0,0,-1,2021,21.0,3,2,2,0,1,1,1,,4,IVRY (ROUTE D'),0,,2,1,0,1,(1),(1),1,, -1,1,0,3,50,29,3,5,27,27681,2,3,0,6,IVRY (ROUTE D'),49.08276,1.47764,23,3,1
202100022694,161Â 046,A01,1,1,2,5,8,-1,-1,-1, -1,-1,2021,18.0,2,1,12,0,1,1,5,,4,CHEMIN NEUF (DU)                    (MO),0,,1,1,2,2,(1),(1),3,, -1,1,0,1,50,23,8,1,69,69385,2,1,0,6,CHEMIN NEUF (DU) (MO),45.762,4.826,12,1,1
202100042676,125Â 349,A01,1,1,1,0,2,8,-1,-1, -1,-1,2021,26.0,1,1,0,2,1,1,1,,2,ROOSEVELT (DU PRESIDENT),0,,3,4,0,1,25,730,1,, -1,1,6,1,70,24,4,1,78,78551,1,1,0,2,ROOSEVELT (DU PRESIDENT),48.90215,2.06034,15,2,2
202100031519,145Â 423,B01,2,2,2,0,1,-1,-1,0,0,-1,2021,76.0,1,2,0,2,1,1,1,,3,117,-1,,2,2,0,1,23,900,3,, -1,1,0,1,80,2,7,1,9,9249,1,1,0,1,RD117,42.926719,1.743237,14,3,2
202100048258,115Â 489,A01,1,1,1,5,2,6,-1,-1, -1,-1,2021,36.0,3,1,2,0,1,13,1,,4,BREMERHAVEN (AVENUE DE),0,,2,2,0,1,0,0,3,, -1,1,5,1,50,7,3,1,50,50129,2,4,0,6,BREMERHAVEN (AVENUE DE),49.63069,-1.60456,12,1,1
202100028773,150Â 296,B01,1,1,1,5,0,-1,-1,0,0,-1,2021,67.0,2,1,0,2,6,2,5,,3,7,-1,,1,2,0,4,(1),(1),1,, -1,1,0,1,70,16,7,1,50,50616,1,1,0,2,Le Milieu de l M,48.663743,-1.353689,17,2,2
202100010003,183Â 819,A01,1,1,1,5,2,6,-1,-1, -1,-1,2021,26.0,1,1,12,0,2,14,1,,4,BAUDOT (RUE EMILE),0,,3,2,0,1,0,0,1,, -1,2,0,4,50,31,10,5,91,91377,2,1,0,7,BAUDOT (RUE EMILE),48.71905,2.26434,20,1,1
202100009982,183Â 858,A01,1,1,1,5,8,-1,-1,0,0,-1,2021,52.0,1,2,0,2,1,11,1,,3,17,0,D,2,2,1,1,5,820,1,, -1,2,0,1,80,31,10,3,56,56263,1,1,0,1,Route de Vannes,47.703639,-2.940822,18,6,2
202100013504,177Â 591,B01,1,1,2,0,2,0,-1,-1, -1,-1,2021,16.0,2,1,0,2,8,1,0,,3,RD810,0,,2,3,0,1,28,200,1,, -1,1,5,1,50,13,10,2,64,64545,2,1,0,1,RD810,43.37558,-1.67756,8,2,2
202100006760,189Â 700,B01,1,1,1,3,1,-1,-1,0,0,-1,2021,75.0,2,2,0,2,3,1,1,,3,13,-1,,2,2,3,1,18,170,1,, -1,1,5,1,70,22,11,1,44,44087,1,3,0,1,Boulevard de l Atlantique,46.998417,-1.814482,11,2,2
202100012581,179Â 228,A01,9,2,2,5,1,-1,-1,0,0,-1,2021,14.0,2,2,15,2,3,1,1,,3,247E1,-1,,2,2,0,1,0,600,1,, -1,1,0,1,30,15,10,5,33,33230,2,2,0,3,Lieu Dit Peuchaud,45.092096,-0.285999,23,4,2
202100040867,128Â 578,A01,1,1,1,1,2,6,-1,-1, -1,-1,2021,42.0,3,1,0,2,5,2,1,,4,SOURCE (RUE DE LA),0,,1,2,0,1,0,0,1,, -1,1,0,1,50,7,5,1,974,97411,2,2,0,3,Rue de la Source,-20.88811,55.44915,13,2,2
202100002272,197Â 723,A01,1,1,1,9,8,0,-1,0,0,-1,2021,23.0,3,1,0,2,1,1,3,,4,RUE DU FAUBOURG SAINT ANTOINE,0,,2,4,1,1,(1),(1),1,, -1,1,0,1,30,18,12,5,75,75111,2,2,0,5,RUE DU FAUBOURG SAINT ANTOINE,48.851292,2.376134,1,4,3
202100011810,180Â 609,A01,1,1,2,5,1,0,-1,-1, -1,-1,2021,42.0,1,2,4,0,1,9,1,,3,RD 492 DU PONT BD HÃPITAL A ÃCHANGEUR CR,0,,1,2,0,1,3,754,2,, -1,2,5,1,70,20,10,3,44,44184,1,6,1,6,RD 492 DU PONT BD HÃPITAL A ÃCHANGEUR CR,47.28582,-2.250032,21,1,1
202100009877,184Â 049,A01,1,1,1,1,2,0,-1,-1, -1,-1,2021,22.0,1,1,0,2,1,3,1,,1,13,0,,3,2,0,1,2,0,1,, -1,1,0,1,70,2,11,3,92,92012,1,1,0,2,A13,48.8485611292,2.2295996632,19,2,2
202100028422,150Â 912,A01,1,1,1,5,2,6,-1,0,0,-1,2021,25.0,1,1,8,0,1,1,1,,3,2,-1,,2,2,0,2,19,350,3,, -1,1,0,1,70,17,7,1,61,61357,1,1,0,7,Le Haut Boulay,48.538254,-0.077022,15,1,1
202100048279,115Â 453,A01,10,3,1,3,0,-1,-1,1,3,1,2021,78.0,1,2,0,1,2,1,1,,9,GRANIERE (RUE DE LA),0,,2,2,0,3,(1),(1),1,, -1,1,0,1,30,12,3,1,13,13211,2,1,0,6,GRANIERE (RUE DE LA),43.287125,5.458614,17,2,1
202100032045,144Â 472,A01,1,1,1,0,1,-1,-1,0,0,-1,2021,22.0,1,5,7,2,1,9,1,,2,13,0,,2,2,0,1,78,125,1,, -1,1,5,1,50,27,6,5,78,78147,2,2,0,3,D52,49.019412,1.484088,1,2,2
202100043421,124Â 048,A01,10,3,2,0,0,-1,-1,3,3,1,2021,75.0,3,2,0,1,3,1,1,,3,MONT VENTOUX AVENUE DU,0,,2,2,0,1,0,0,1,, -1,1,0,1,50,17,4,1,84,84031,2,1,0,6,MONT VENTOUX AVENUE DU,44.05572,5.05229,11,2,1
202100021474,163Â 257,B01,1,1,2,0,1,0,-1,0,0,-1,2021,41.0,0,2,1,0,7,24,1,,3,,0,,2,2,0,1,23,460,1,, -1,1,0,3,50,1,9,1,6,6069,2,1,0,3,CARNOT (BOULEVARD ET TRAVERSE),43.65691,6.92328,11,2,2
202100023729,159Â 202,A01,1,1,1,0,2,0,-1,-1, -1,-1,2021,18.0,0,1,11,0,8,26,1,,4,CLAUDE MONET (avenue),0,,2,2,0,2,0,0,3,, -1,1,0,3,50,12,8,5,13,13214,2,1,0,7,CLAUDE MONET (avenue),43.32688,5.39551,3,2,1
202100002410,197Â 472,A01,10,3,1,2,0,-1,-1,2,3,1,2021,16.0,2,3,0,1,2,1,1,1.0,4,GAMBETTA (RUE) DU NÂ°1 AU 57 ET DU NÂ° 2 A,0,,2,3,3,1,(1),(1),1,, -1,1,0,6,30,17,12,1,51,51454,2,1,0,7,Rue Gambetta,49.2493667642,4.0367969871,14,2,1
202100022900,160Â 690,A01,10,3,1,5,0,-1,-1,1,3,1,2021,10.0,1,2,0,1,3,1,1,,3,ESCOUVRIER (RUE DE L'),0,,2,2,0,2,0,80,1,, -1,1,0,1,50,22,8,1,95,95585,2,1,0,6,Rue de lâEscouvrier,48.9938,2.3886,14,3,1
202100038925,132Â 054,A01,1,1,2,0,1,-1,-1,-1, -1,-1,2021,19.0,2,2,0,2,7,15,1,,1,,0,,1,1,0,1,10,450,1,, -1,1,3,1,50,20,5,1,33,33075,2,2,0,3,Avenue du MÃ©doc,44.87963,-0.62681,8,2,2
202100006482,190Â 214,A01,1,1,1,0,2,6,-1,-1, -1,-1,2021,35.0,1,1,0,2,7,17,0,,4,PASTEUR (RUE),0,,2,2,0,1,1,0,1,, -1,1,0,1,50,24,11,5,93,93049,2,5,0,3,PASTEUR (RUE),48.8582351164,2.501949534,7,2,2
202100038276,133Â 229,B01,1,1,2,0,2,-1,-1,0,0,-1,2021,56.0,2,1,1,0,1,2,1,,3,1,-1,,2,2,0,1,7,200,2,, -1,1,0,1,50,25,5,1,973,97309,2,2,0,2,D2,4.911985,-52.272252,10,4,2
202100042736,125Â 247,A01,1,1,1,5,2,-1,-1,0,0,-1,2021,21.0,3,1,0,2,1,19,0,,9,,-1,,2,1,0,1,(1),(1),1,,3,1,0,1,80,24,4,1,76,76622,1,1,0,6,Route du Petit Long,49.476459,0.604181,16,5,2
202100030147,147Â 884,B01,2,2,2,5,2,8,-1,-1, -1,-1,2021,32.0,1,1,0,2,8,1,1,,2,ROUTE NATIONALE 1,0,,1,1,1,1,3,0,1,, -1,1,0,5,50,7,7,1,973,97302,1,6,0,3,ROUTE NATIONALE 1,4.9077344839,-52.3227224352,14,4,2
202100012517,179Â 337,A01,1,1,1,0,1,-1,-1,0,0,-1,2021,34.0,2,2,4,0,3,13,1,,1,10,-1,,2,3,0,1,138,850,2,,10,1,0,1,-1,25,8,1,41,41252,1,1,0,6,"Autoroute A10, PK138.650",47.690844,1.43142,18,1,1
202100008568,186Â 421,B01,2,2,2,0,1,-1,-1,0,0,-1,2021,35.0,1,2,0,2,1,1,0,,3,148,-1,,2,2,0,2,31,950,4,, -1,1,0,1,80,11,11,1,86,86237,1,1,0,1,D148,46.147251,0.244161,16,3,2
202100008110,187Â 235,A01,10,3,1,0,0,-1,-1,1,1,1,2021,22.0,1,2,0,1,1,1,1,,3,,-1,,2,2,0,1,(1),(1),1,, -1,1,0,1,90,5,11,3,14,14530,1,1,0,6,D223,49.21471,-0.277748,23,2,1
202100050646,111Â 157,A01,1,1,2,1,1,-1,-1,0,0,-1,2021,24.0,2,2,0,2,3,13,1,,3,321,-1,,2,2,0,1,2,230,1,, -1,1,0,1,70,23,2,1,27,27188,1,1,0,1,Route d'Elbeuf,49.299431,1.07982,17,2,2
202100020493,165Â 005,A01,10,3,2,5,0,-1,-1,3,5,1,2021,2.0,2,2,0,1,2,1,1,,4,LECLERC (AVENUE DU GENERAL),0,,2,2,0,1,0,0,1,, -1,1,0,1,50,4,9,1,87,87085,2,1,0,6,LECLERC (AVENUE DU GENERAL),45.84132,1.25819,12,2,1
202100050910,110Â 677,B01,1,1,1,3,0,-1,-1,-1, -1,-1,2021,48.0,1,1,0,2,4,1,5,,2,RN 141,0,,1,2,0,1,110,430,2,40,"7,5",1,0,1,50,19,2,1,16,16102,2,6,0,2,gir,45.693834,-0.347862,10,2,2
202100001567,199Â 010,B01,1,1,2,3,1,0,-1,-1, -1,-1,2021,33.0,1,2,0,2,4,2,1,,4,RUE AUGUSTE BENEBIG,0,,2,4,0,3,0,0,1,, -1,1,0,1,50,23,12,1,988,98818,2,1,0,2,RUE AUGUSTE BENEBIG,-22.27155,166.45145,12,3,2
202100010382,183Â 151,A01,1,1,1,0,2,6,-1,-1, -1,-1,2021,19.0,1,1,9,0,2,1,1,,3,2,0,,-1,2,0,2,0,0,3,, -1,2,0,1,50,29,10,1,92,92040,2,1,1,6,RODIN (BOULEVARD),48.82058,2.26311,15,1,1
202100038368,133Â 055,A01,1,1,1,1,2,6,-1,-1, -1,-1,2021,57.0,3,1,0,2,3,2,1,,4,BREILLOU (RUE DU),0,,2,2,0,2,(1),(1),1,, -1,1,0,1,50,25,5,1,35,35055,2,1,0,3,BREILLOU (RUE DU),48.09803,-1.62081,8,3,2
202100050859,110Â 770,A01,1,1,1,5,2,8,-1,-1, -1,-1,2021,27.0,1,1,14,0,1,5,1,,4,VERDUN RECAMIER                     (VO),0,,2,2,3,1,(1),(1),1,, -1,1,9,6,50,19,2,5,69,69382,2,1,0,7,VERDUN RECAMIER                     (VO),45.74884,4.830638,20,2,1
202100002984,196Â 442,A01,10,3,2,9,0,-1,-1,4,3,3,2021,51.0,1,5,0,1,1,15,1,,4,,0,,1,2,1,1,0,0,1,, -1,2,0,1,50,21,10,1,92,92044,2,2,1,6,MATHILDE GIRAULT (RUE),48.8958183823,2.2830212116,14,2,1
202100036433,136Â 583,A01,1,1,1,5,2,6,-1,-1, -1,-1,2021,46.0,1,1,0,2,1,15,3,,4,STEHELIN CAUD (RUE ),0,,2,4,2,1,(1),(1),1,, -1,1,0,1,50,5,6,5,33,33063,2,3,0,3,Rue Stehelin,44.8562,-0.62851,0,2,2
202100003124,196Â 182,A01,10,3,1,5,0,-1,-1,3,3,2,2021,15.0,1,2,0,1,1,13,1,,4,LUMIERE,0,,2,2,0,1,(1),(1),1,, -1,2,9,1,50,8,12,5,38,38053,2,1,1,6,Avenue des FrÃ¨res LumiÃ¨re,45.59417,5.26605,18,2,1
202100021083,163Â 971,B01,1,1,1,1,2,0,-1,0,0,-1,2021,35.0,1,1,0,2,1,7,1,,4,RUE DE LA CHAPELLE,0,,2,4,3,1,(1),(1),3,, -1,1,0,6,50,3,9,1,75,75118,2,7,0,3,RUE DE LA CHAPELLE,48.8950931797,2.3593410537,14,2,2
202100004640,193Â 474,A01,1,1,2,5,1,-1,-1,-1,0,-1,2021,20.0,1,2,4,2,3,1,1,,1,AUTOROUTE A15,0,,3,8,0,1,11,899,1,, -1,2,0,1,110,4,12,1,95,95252,1,1,1,2, A15,48.9825946239,2.2201663256,8,2,2
202100045134,121Â 056,B01,2,2,2,5,2,8,-1,-1, -1,-1,2021,26.0,1,1,0,2,0,0,1,,4,PRADO (AVENUE DU),0,,-1,-1,0,1,(1),(1),1,, -1,1,0,1,50,3,4,1,13,13208,2,1,0,2,PRADO (AVENUE DU),43.26997,5.38771,19,3,2
202100014952,174Â 979,A01,10,3,1,2,0,-1,-1,3,3,1,2021,16.0,3,2,9,1,1,1,1,,4,MARCEL SEMBAT                       (BD),0,,2,2,2,1,(1),(1),1,, -1,1,0,1,30,5,10,1,69,69259,2,1,0,6,MARCEL SEMBAT (BD),45.7163881151,4.8827080372,10,2,1
202100030739,146Â 815,B01,1,1,2,9,8,-1,-1,-1, -1,-1,2021,22.0,1,1,0,2,3,19,3,,4,GENERAL MOUTON DUVERNET (DU)        (R ),0,,2,2,0,1,(1),(1),1,, -1,2,0,1,50,3,7,1,69,69383,2,1,1,3,GENERAL MOUTON DUVERNET (DU) (R),45.7541368684,4.8615681115,12,2,2
202100039535,130Â 927,A01,1,1,1,1,2,6,-1,-1, -1,-1,2021,30.0,1,1,0,2,3,3,1,,1,A50-Sens Marseille vers Aubagne,0,,1,3,0,1,5,0,1,, -1,1,0,1,90,17,5,1,13,13211,1,1,0,5,A50-Sens Marseille vers Aubagne,43.29222,5.45336,18,3,3
202100003345,195Â 784,A01,1,1,1,5,1,-1,-1,0,0,-1,2021,19.0,1,2,0,2,3,13,1,,3,840,-1,,2,2,0,1,44,930,2,, -1,2,0,1,70,12,12,3,12,12130,1,1,0,1,route dÃ©partementale 840 PENCHOT,44.582586,2.198725,18,4,2
202100039214,131Â 528,A01,10,3,2,3,0,-1,-1,3,3,2,2021,61.0,1,2,0,1,2,1,1,,3,,-1,,2,2,0,1,7,795,1,, -1,1,0,1,30,20,5,1,44,44209,2,1,0,6,Rue du Champ de Foire,47.330843,-1.624319,9,2,1
202100041130,128Â 090,B01,1,1,1,1,2,6,-1,-1, -1,-1,2021,16.0,1,1,1,2,1,21,1,,3,LYON (ROUTE DE),0,,3,2,0,1,19,0,1,, -1,2,0,1,50,6,5,1,3,3190,2,1,1,5,LYON (ROUTE DE),46.54011,3.3446,8,3,3
202100043245,124Â 362,A01,2,2,1,5,8,-1,-1,0,0,-1,2021,22.0,3,2,2,0,0,0,1,,4,,-1,,-1,2,0,1,(1),(1),1,, -1,1,0,3,80,21,4,1,44,44081,1,1,0,7,La CrochetiÃ¨re,46.87648,-1.586268,19,3,1
202100002873,196Â 639,B01,1,1,1,0,1,0,-1,-1, -1,-1,2021,43.0,1,2,0,2,8,2,0,,1,AUTOROUTE A3,0,,3,2,0,1,6,500,1,, -1,1,0,1,90,13,12,1,93,93053,1,1,0,5,AUTOROUTE A3,48.8938281588,2.4719020439,12,3,3
202100053360,106Â 342,A01,1,1,1,1,2,6,-1,-1, -1,-1,2021,50.0,3,1,0,2,1,1,1,,3,MAXIME GORKI (BOULEVARD) DES NÂ°1 AU 87,0,,2,2,0,1,0,1,1,, -1,2,5,1,50,28,1,5,93,93072,2,2,1,1,MAXIME GORKI (BOULEVARD) DES NÂ°1 AU 87,48.9523035296,2.3848164082,20,2,2
202100041158,128Â 032,A01,1,1,1,0,2,0,-1,-1, -1,-1,2021,64.0,0,1,1,0,2,26,1,,4,BLES D'OR (CITE DES),0,,-1,1,0,1,0,0,1,, -1,2,0,1,50,6,5,1,93,93007,2,1,1,3,BLES D'OR (CITE DES),48.9209195855,2.4676157357,20,2,2
202100006935,189Â 371,B01,2,2,1,5,2,6,-1,0,0,-1,2021,10.0,2,1,0,2,8,3,1,,4,PORTE D ITALIE,0,,1,4,0,1,2,100,1,, -1,2,0,1,70,21,11,5,75,75113,2,1,0,3,PORTE D ITALIE,48.8172,2.366254,18,6,2
202100037285,135Â 026,B01,1,1,1,5,2,0,-1,0,0,-1,2021,27.0,1,1,0,2,1,1,5,,4,RUE DE LA CONVENTION,0,,2,2,1,1,(1),(1),1,, -1,1,0,1,50,30,5,1,75,75115,2,2,0,3,RUE DE LA CONVENTION,48.837224,2.29633,18,2,2
202100037687,134Â 296,B01,1,1,2,1,1,0,0,0,0,-1,2021,29.0,2,2,0,2,8,1,1,,1,8,-1,,1,4,0,2,214,100,3,, -1,1,0,1,110,21,5,3,6,6104,1,1,1,3,A8 PK 214.100 chaussÃ©e nord,43.760843,7.44607,21,3,2
202100036110,137Â 134,B01,1,1,2,0,1,0,-1,-1, -1,-1,2021,20.0,0,2,0,2,0,0,1,,3,GEORGES BRAQUE (BOULEVARD),0,,3,4,0,1,0,1,1,, -1,1,0,1,70,6,6,2,93,93005,2,1,0,4,Boulevard Georges Braque,48.9626,2.4721,21,6,3
202100034848,139Â 419,B01,1,1,1,5,2,-1,-1,0,0,-1,2021,28.0,0,1,0,2,1,1,6,,4,,-1,,2,2,0,1,(1),(1),1,,5,1,0,1,-1,11,6,3,72,72071,2,1,0,3,route de FlÃ©e,47.692873,0.42766,22,2,2
202100031852,144Â 819,A01,1,1,1,9,1,8,-1,-1, -1,-1,2021,20.0,2,2,4,0,9,1,1,,3,DÃ©partementale  617,0,,3,4,0,1,5,958,1,, -1,1,0,1,110,27,6,1,66,66136,1,1,0,6,DÃ©partementale  617,42.71214,2.9576,19,1,1
202100055456,102Â 725,B01,1,1,1,9,2,0,-1,-1, -1,-1,2021,20.0,3,1,0,2,1,1,1,,4,CHEMIN A L ANGLAISE,0,,2,2,0,1,0,100,2,, -1,1,0,1,50,3,1,4,84,84007,2,1,0,1,CHEMIN A L ANGLAISE,43.94877,4.83156,18,2,2
202100010836,182Â 356,B01,2,2,1,5,1,0,-1,-1, -1,-1,2021,3.0,2,2,0,2,1,2,1,,2,RN104,0,,-1,6,0,1,6,600,1,, -1,1,0,1,90,27,10,3,77,77373,1,1,0,2,RN104,48.77754,2.61399,19,3,2
202100012997,178Â 513,A01,10,3,1,0,0,-1,-1,5,9,1,2021,77.0,3,2,0,1,4,4,1,,3,68,0,D,-1,2,0,2,4359,500,1,, -1,1,0,4,80,15,10,1,22,22259,2,9,0,6,Le Champ Han,48.46192,-2.092434,14,2,1
202100000974,200Â 017,B01,1,1,1,1,8,0,-1,0,0,-1,2021,30.0,0,1,0,2,3,25,3,,3,AV CHARLES DE GAULLE,0,,2,2,0,1,0,0,1,, -1,2,0,1,50,28,12,5,91,91432,2,2,0,3,AV CHARLES DE GAULLE,48.705209,2.339735,8,2,2
202100000488,200Â 831,B01,1,1,1,2,2,6,-1,-1, -1,-1,2021,14.0,1,1,0,2,3,1,1,,3,COUTANCES (route de),0,,2,2,0,1,0,495,1,, -1,1,0,1,50,14,10,1,50,50002,2,1,1,3,COUTANCES (route de),49.11205,-1.12865,16,2,2
202100012747,178Â 932,A01,10,3,1,0,0,-1,-1,1,3,1,2021,40.0,1,2,0,1,3,1,1,,1,7,0,A,3,3,0,1,171,500,1,, -1,1,0,1,130,24,9,3,84,84087,1,1,0,6,A7 PK 171+500,44.111624,4.829586,21,2,1
202100047374,117Â 093,B01,1,1,1,0,8,0,-1,-1, -1,-1,2021,58.0,0,1,0,2,0,0,1,,4,BARRY (BOULEVARD),0,,2,2,0,1,(1),(1),1,, -1,2,0,1,50,19,3,1,13,13213,2,1,1,3,BARRY (BOULEVARD),43.3192377161,5.4115030945,8,2,2
202100043925,123Â 157,B01,1,1,1,1,1,0,-1,-1, -1,-1,2021,53.0,1,2,0,2,4,15,1,,4,R DU MOULIN A VENT ,0,,2,2,0,1,1,0,1,, -1,1,0,1,50,15,4,1,94,94071,2,1,0,2,Rue du Moulin Ã  Vent,48.76403,2.52954,19,2,2