Num_Acc,id_vehicule,num_veh,place,catu,sexe,trajet,secu1,secu2,secu3,locp,actp,etatp,year_acc,victim_age,senc,catv,obs,obsm,choc,manv,motor,occutc,catr,voie,v1,v2,circ,nbv,vosp,prof,pr,pr1,plan,lartpc,larrout,surf,infra,situ,vma,jour,mois,lum,dep,com,agg_,int,atm,col,adr,lat,long,hour,nb_victim,nb_vehicules
202100010288,183Â 318,A01,1,1,1,9,8,0,-1,-1, -1,-1,2021,22.0,1,1,0,2,1,19,3,,4,ABBE PIERRE,0,,2,2,0,1,(1),(1),1,, -1,1,0,1,50,27,10,3,66,66136,2,1,0,3,ABBE PIERRE,42.69245,2.87963,22,2,2
202100002812,196Â 742,B01,1,1,1,0,2,6,-1,-1, -1,-1,2021,21.0,-1,1,0,2,8,1,0,,3,METZ AVENUE DE,0,,3,6,3,1,1,0,1,, -1,1,0,1,50,14,12,2,93,93063,2,3,0,3,METZ AVENUE DE,48.89683,2.43256,9,3,2
202100038168,133Â 422,B01,1,1,1,5,8,0,-1,-1, -1,-1,2021,56.0,2,1,0,2,3,19,5,,4,INDRE (RUE DE L ),0,,2,3,0,1,0,0,3,, -1,1,0,1,50,22,5,1,67,67482,2,1,0,3,INDRE (RUE DE L ),48.551811,7.766178,14,2,2
202100034472,140Â 106,B01,1,1,1,5,2,-1,-1,0,0,-1,2021,74.0,2,1,0,2,1,1,5,,3,46,0,,2,2,0,1,4,653,1,, -1,1,9,1,30,15,6,1,89,89373,2,3,1,1,86 Grande Rue,48.213152,3.348507,8,2,2
202100019423,166Â 915,B01,1,1,1,0,2,6,-1,0,0,-1,2021,62.0,2,1,0,2,1,1,1,,2,1,0,,2,2,0,1,22,400,1,,7,1,0,1,70,13,9,1,976,97602,1,1,0,1,"PK 22,4 N1, DzoumognÃ©",-12.727424,45.125227,11,2,2
202100019787,166Â 278,B01,1,1,1,0,0,-1,-1,0,0,-1,2021,22.0,0,1,0,2,1,1,5,,4,,-1,,2,2,0,1,(1),(1),1,,4,1,0,1,50,9,9,5,973,97307,2,1,0,1,Chemin Morthium,4.836096,-52.326647,19,2,2
202100002701,196Â 942,A01,1,1,1,1,1,-1,-1,0,0,-1,2021,74.0,1,2,0,2,1,2,1,,3,2152,0,D,2,2,0,1,10,180,1,, -1,1,0,1,90,17,12,1,41,41252,2,9,0,2,RN 2152,47.685391,1.487172,16,2,2
202100040508,129Â 197,A01,10,3,1,9,0,-1,-1,2,1,1,2021,65.0,1,5,0,1,1,1,1,,4,RUE JEAN HENRI FABRE,0,,1,1,0,1,(1),(1),1,, -1,1,0,1,30,10,5,1,75,75118,2,2,0,6,RUE JEAN HENRI FABRE,48.901097,2.335148,14,2,1
202100002786,196Â 786,B01,2,2,1,0,1,8,-1,0,0,-1,2021,67.0,1,5,0,2,8,1,0,,7,,0,,1,2,0,1,(1),(1),1,, -1,1,0,1,50,15,12,5,6,6123,2,1,0,3,POMPIDOU GEORGES BOULEVARD,43.67021,7.194774,19,3,2
202100028406,150Â 941,C01,1,1,1,5,8,-1,-1,0,0,-1,2021,33.0,2,1,5,0,1,1,1,,3,2152,-1,,2,2,0,1,8,200,1,, -1,1,9,1,90,18,7,1,45,45191,1,1,0,5,RD 2152,48.2494936236,2.3436691624,17,9,3
202100018865,167Â 927,A01,1,1,1,1,2,6,-1,0,0,-1,2021,28.0,2,1,0,2,1,1,1,,3,123,-1,,2,2,0,1,3,200,1,, -1,1,0,1,80,16,9,2,49,49222,1,3,0,2,D 123,47.369379,-0.56909,7,2,2
202100010929,182Â 192,A01,1,1,1,5,2,6,-1,0,0,-1,2021,40.0,2,1,0,0,7,3,1,,4,PORTE DE SEVRES,0,,1,3,0,1,8,700,1,, -1,2,0,1,70,25,10,1,75,75115,2,1,1,7,PORTE DE SEVRES,48.831424,2.282854,8,1,1
202100010464,183Â 020,B01,1,1,2,0,1,0,-1,-1, -1,-1,2021,50.0,2,2,0,2,6,1,1,,1,A86.EXT,0,,1,3,0,1,32,200,1,, -1,2,1,1,90,29,10,1,94,94052,1,1,1,2,A86.EXT,48.8379348271,2.4939608574,12,2,2
202100035586,138Â 107,B01,1,1,1,0,2,6,-1,0,0,-1,2021,47.0,2,1,0,2,7,12,1,,3,153,-1,,1,1,0,1,(1),(1),2,, -1,1,0,1,50,9,6,1,91,91340,1,6,0,3,D153,48.592721,2.433885,17,3,2
202100053447,106Â 182,B01,1,1,2,9,1,8,-1,-1, -1,-1,2021,37.0,3,0,0,2,3,0,0,,4,,0,,2,2,0,1,(1),(1),1,, -1,1,0,1,50,27,1,1,59,59426,2,3,0,3,TOURCOING (RUE DE),50.751047,3.151655,15,2,2
202100039841,130Â 366,A01,1,1,2,9,1,0,-1,0,0,-1,2021,54.0,2,2,1,0,2,14,1,,4,RUE D ALESIA,0,,2,1,0,2,(1),(1),1,, -1,2,0,1,50,15,5,1,75,75114,2,1,1,6,RUE D ALESIA,48.826611,2.340749,12,1,1
202100013533,177Â 534,A01,10,3,2,9,0,-1,-1,1,3,2,2021,51.0,2,2,0,1,1,1,1,,4,,0,,1,4,1,1,(1),(1),1,, -1,1,0,1,50,12,10,1,33,33063,2,1,0,6,BD GODARD,44.85552,-0.60795,18,2,1
202100018046,169Â 372,A01,1,1,1,5,1,-1,-1,0,0,-1,2021,75.0,1,2,16,0,0,17,1,,1,77,0,A,3,4,0,1,156,700,1,, -1,2,0,3,110,19,9,1,58,58238,1,1,1,6,A77 PK156+700,46.99729,3.205433,14,2,1
202100037085,135Â 414,A01,1,1,1,3,2,-1,-1,0,0,-1,2021,60.0,2,1,12,0,3,13,1,,3,105,-1,D,2,2,0,1,0,200,1,, -1,1,0,4,50,30,5,1,79,79148,2,1,0,7,11 bis Rue du Temple,46.263476,-0.010096,12,1,1
202100049224,113Â 767,A01,1,1,1,4,2,6,-1,-1,0,-1,2021,51.0,1,1,0,2,1,19,1,,3,SOUVENIR FRANCAIS (PLACE DU),0,,1,2,3,1,1,700,1,, -1,1,5,1,50,4,3,1,95,95277,2,6,0,3,SOUVENIR FRANCAIS (PLACE DU),48.993096963,2.4545659514,16,2,2
202100004411,193Â 874,A01,10,3,2,2,0,-1,-1,3,3,1,2021,18.0,1,2,0,1,1,15,1,,4,EMILE ZOLA (AV),0,,1,1,0,1,18,0,1,, -1,2,0,1,30,6,12,1,94,94068,2,2,0,1,EMILE ZOLA (AV),48.80328,2.48467,7,2,1
202100053704,105Â 738,A01,10,3,2,5,0,-1,-1,3,5,1,2021,14.0,1,2,0,1,2,1,0,,3,125,0,,2,2,0,1,5,600,1,, -1,2,0,1,50,24,1,1,95,95585,2,1,1,6,REFUZNICKS (ROUTE DES),48.98302,2.38872,13,2,1
202100024234,158Â 351,B01,1,1,2,9,2,8,-1,-1, -1,-1,2021,20.0,2,1,0,2,1,1,6,,3,MADELEINE (ROUTE DE LA),0,,2,2,0,1,2,150,2,, -1,1,9,1,50,13,8,1,973,97302,2,4,0,1,MADELEINE (ROUTE DE LA),4.9206223351,-52.3217418195,11,2,2
202100003238,195Â 981,B01,1,1,2,0,1,-1,-1,-1, -1,-1,2021,30.0,1,2,0,2,4,1,1,,7,OLBIA  (VOIE),0,,2,2,0,1,11,920,1,, -1,1,0,1,50,11,12,5,83,83069,1,1,0,2,OLBIA  (VOIE),43.1151967179,6.1376452446,17,3,2
202100007107,189Â 063,A01,1,1,2,1,1,-1,-1,-1, -1,-1,2021,46.0,2,2,4,0,7,9,1,,7,RD383   11.460 A 11.750,0,,4,9,0,1,11,500,1,, -1,1,3,1,70,15,4,3,69,69388,1,9,0,6,D383,45.7218635002,4.8867541552,5,1,1
202100037418,134Â 773,A01,1,1,1,5,8,0,-1,-1, -1,-1,2021,46.0,2,2,2,2,1,1,1,,7,PARIS. RUE DE,0,,2,2,0,1,2,850,1,, -1,1,0,1,50,30,5,1,76,76681,2,3,0,3,PARIS. RUE DE,49.40815,1.10138,14,2,2
202100034773,139Â 558,B01,1,1,1,0,1,0,-1,-1, -1,-1,2021,29.0,1,2,0,2,4,2,1,,3,RD 660,0,,3,4,0,1,3,450,1,, -1,1,0,1,90,12,6,1,10,10362,1,9,0,2,RD 660,48.30153,4.0244,8,2,2
202100013702,177Â 212,A01,1,1,1,0,0,0,-1,0,0,-1,2021,63.0,3,1,15,0,0,0,5,,4,PARC MEDICIS (AV DU),0,,2,2,3,1,1,0,1,, -1,1,5,1,50,12,10,1,94,94034,2,6,0,3,Avenue du Parc MÃ©dicis,48.75381,2.33361,9,2,2
202100018436,168Â 672,A01,1,1,1,1,2,6,-1,-1, -1,-1,2021,45.0,3,1,0,2,2,9,1,,4,,0,,1,1,0,1,0,0,1,, -1,1,0,1,50,17,9,1,92,92051,2,1,0,3,JACQUES DULUD (RUE),48.8802313302,2.2721529007,19,2,2
202100040915,128Â 489,A01,4,2,2,5,1,0,-1,-1, -1,-1,2021,24.0,3,2,0,2,1,1,1,,4,AVENUE RHIN ET DANUBE,0,,2,2,1,1,(1),(1),1,, -1,1,0,1,50,7,5,2,38,38185,2,1,0,1,Avenue Rhin et Danube,45.16965,5.70488,20,4,2
202100002004,198Â 209,B01,1,1,1,0,1,0,-1,-1, -1,-1,2021,29.0,2,2,0,2,1,1,1,,4,MOUETTES (RUE DES),0,,2,2,0,1,0,0,1,, -1,1,0,1,50,18,12,1,67,67043,2,3,0,3,MOUETTES (RUE DES),48.61123,7.7558,15,2,2
202100012495,179Â 373,A01,2,2,2,5,1,0,-1,-1, -1,-1,2021,23.0,2,2,0,2,5,15,1,,3,PONT (R DU),0,,2,4,0,2,0,0,1,, -1,1,5,1,50,17,10,5,94,94019,2,2,0,3,Rue du Pont,48.7902,2.52244,0,3,2
202100045627,120Â 178,B01,1,1,1,9,2,6,-1,0,0,-1,2021,39.0,3,1,0,2,1,1,1,,4,AVENUE DU MAHATMA GANDHI,0,,2,2,0,1,(1),(1),1,, -1,1,0,1,50,31,3,1,75,75116,2,2,0,3,AVENUE DU MAHATMA GANDHI,48.8758272872,2.2621589899,18,2,2
202100007584,188Â 182,A01,1,1,1,5,1,-1,-1,-1, -1,-1,2021,22.0,2,2,12,0,1,1,1,,7,PARIS. ROUTE DE,0,,2,3,0,3,0,1,3,, -1,1,0,1,50,9,11,5,76,76103,2,1,0,7,PARIS. ROUTE DE,49.41695,1.13284,23,1,1
202100007571,188Â 209,A01,4,2,2,4,1,8,-1,-1, -1,-1,2021,43.0,1,2,0,2,6,1,1,,3,CHAUVEL,0,,1,2,0,1,(1),(1),3,, -1,1,5,1,50,16,11,1,971,97101,1,6,0,2,CHAUVEL,16.23914,-61.52246,15,8,2
202100008328,186Â 840,A01,1,1,1,5,2,6,9,0,0,-1,2021,56.0,3,1,0,0,0,17,1,,4,,0,,2,2,0,1,(1),(1),1,,4,2,0,1,50,13,11,1,1,1249,2,1,1,7,Rue de la Dombes,45.866898,4.92106,15,1,1
202100008222,187Â 018,C01,3,2,2,5,1,0,-1,-1, -1,-1,2021,39.0,1,2,0,2,8,2,1,,1,AUTOROUTE A1,0,,3,4,0,1,9,600,1,, -1,1,1,1,110,14,11,1,93,93007,1,1,0,2,AUTOROUTE A1,48.94706,2.44289,14,5,4
202100044290,122Â 497,D01,1,1,1,9,0,-1,-1,0,0,-1,2021,13.0,3,1,0,2,1,19,5,,4,PIERRE ET MARIE CURIE ( BD),0,,-1,3,0,2,0,1,1,, -1,1,0,1,50,9,4,1,5,5061,2,9,0,6,PIERRE ET MARIE CURIE ( BD),44.56167,6.08403,13,2,2
202100051190,110Â 171,A01,10,3,2,9,8,8,-1,4,3,1,2021,43.0,2,1,0,1,1,1,1,,4,BOULEVARD DES BATIGNOLLES,0,,1,2,0,1,(1),(1),1,, -1,1,0,1,50,17,2,1,75,75108,2,7,0,6,BOULEVARD DES BATIGNOLLES,48.881231,2.316824,14,2,1
202100008002,187Â 429,A01,1,1,1,2,2,8,-1,-1, -1,-1,2021,15.0,2,1,0,2,1,1,1,,4,SANTONA DE,0,,-1,2,0,1,0,0,1,, -1,1,0,1,70,15,11,3,64,64348,1,1,0,2,SANTONA DE,43.3213167233,-0.3937107325,18,2,2
202100029225,149Â 523,A01,10,3,2,5,0,-1,-1,3,3,2,2021,47.0,2,1,0,1,1,16,1,,3,6,2,D,1,1,0,1,(1),(1),3,, -1,1,5,1,50,11,7,1,33,33214,2,1,0,6,,45.001493,-1.198039,21,2,1
202100020906,164Â 281,A01,1,1,1,5,1,-1,-1,0,0,-1,2021,71.0,2,2,13,0,1,1,1,,3,8.6,-1,,2,2,0,2,1,200,2,, -1,1,0,3,80,5,9,1,42,42017,1,1,0,6,D8.6,45.3717,4.545915,15,2,1
202100055248,103Â 069,A01,10,3,1,9,4,-1,-1,0,0,1,2021,51.0,0,2,0,1,2,1,0,,2,7,-1,,2,2,0,1,(1),(1),1,, -1,2,0,1,50,14,1,5,978,97801,2,1,1,1,rn7 - quartier d'orlÃ©ans,18.068861,-63.035721,4,2,1
202100035333,138Â 550,B01,1,1,1,0,2,0,-1,-1, -1,-1,2021,42.0,0,1,1,0,0,2,5,,4,HENRI JANIN (R),0,,1,1,0,1,1,0,1,, -1,1,0,1,50,10,6,1,94,94078,2,1,0,6,HENRI JANIN (R),48.73017,2.44838,11,2,2
202100024982,157Â 004,B01,1,1,1,1,2,6,-1,-1, -1,-1,2021,55.0,2,1,0,2,1,1,1,,2,RN406.W,0,,1,2,0,1,2,400,1,, -1,1,0,1,90,9,8,3,94,94074,1,1,0,4,RN406.W,48.7668528202,2.4541433386,20,3,3
202100014310,176Â 126,A01,1,1,1,0,2,6,-1,-1, -1,-1,2021,35.0,1,1,0,2,3,3,0,,1,AUTOROUTE A1,0,,3,4,0,1,1,500,1,, -1,1,1,1,90,8,10,1,93,93066,1,1,0,5,AUTOROUTE A1,48.9162304301,2.3575208466,9,3,3
202100049007,114Â 155,A01,2,2,1,5,1,-1,-1,0,0,-1,2021,65.0,2,2,13,0,9,1,1,,2,320,-1,,2,2,0,2,1,380,3,, -1,1,0,3,80,7,3,1,9,9139,1,1,0,7,N320,42.574566,1.788186,7,7,1
202100022255,161Â 861,B01,1,1,2,3,8,0,-1,-1, -1,-1,2021,24.0,3,1,0,2,1,1,5,,3,PLACE DE LA MUNICIPALITE REGIONALE  DU C,0,,1,2,0,1,53,300,3,, -1,1,0,1,50,26,8,1,49,49099,2,6,0,3,PLACE DE LA MUNICIPALITE REGIONALE  DU C,47.07083,-0.84181,18,2,2
202100044349,122Â 399,A01,1,1,1,0,2,6,-1,-1, -1,-1,2021,48.0,1,1,0,2,1,2,1,,1,AUTOROUTE A86,0,,3,8,0,1,14,199,1,, -1,1,0,1,90,12,4,1,93,93066,1,1,0,2,AUTOROUTE A86,48.92193,2.36134,16,3,2
202100014284,176Â 167,A01,1,1,1,1,2,6,9,0,0,-1,2021,31.0,1,1,11,0,9,1,1,,4,,0,,2,2,0,1,(1),(1),1,,6,1,0,1,50,9,10,5,73,73248,2,6,0,6,Avenue d Italie,45.266456,6.371314,6,1,1
202100040676,128Â 918,B01,1,1,2,5,1,-1,-1,0,0,-1,2021,53.0,1,2,0,2,3,10,1,,3,122,0,,2,2,0,1,(1),(1),1,, -1,1,0,1,50,7,5,1,10,10140,2,1,0,3,6 Rue Pierre Pithou,48.038735,3.905637,15,3,2
202100032851,143Â 048,A01,10,3,1,5,0,-1,-1,1,3,1,2021,18.0,2,2,0,1,3,1,1,,4,PYRENEES (BOULEVARD DES),0,,2,4,0,1,0,0,1,, -1,1,0,1,50,19,6,5,66,66136,2,1,0,6,PYRENEES (BOULEVARD DES),42.69613,2.88834,22,2,1
202100003525,195Â 444,B01,1,1,1,0,2,8,-1,0,0,-1,2021,45.0,2,1,0,2,0,2,1,,2,T21,0,,3,2,0,1,(1),(1),1,, -1,1,0,1,90,9,5,1,201,201004,1,1,0,6,T21,41.9298287097,8.7581971657,18,2,2
202100023458,159Â 694,A01,10,3,1,5,0,-1,-1,4,3,2,2021,2.0,1,2,0,1,3,1,1,,4,BOULEVARD DE LA VILLETTE,0,,3,3,0,1,(1),(1),1,, -1,1,0,1,30,19,8,1,75,75110,2,2,0,6,BOULEVARD DE LA VILLETTE,48.884264,2.364635,14,3,1
202100026015,155Â 176,A01,2,2,1,5,8,0,-1,-1, -1,-1,2021,45.0,3,2,0,2,2,19,1,,4,ALTRINCHAM (RUE),0,,2,2,0,1,0,0,1,, -1,1,5,1,50,1,8,1,93,93007,2,1,0,3,ALTRINCHAM (RUE),48.94754,2.4476,16,4,2
202100041295,127Â 796,A01,1,1,1,5,1,0,-1,-1, -1,-1,2021,57.0,1,2,6,0,1,1,1,,4,CALMETTE (BOULEVARD DU PROFESSEUR ALBERT,0,,2,2,0,1,0,1,1,, -1,1,0,8,50,4,5,1,24,24037,2,9,0,6,CALMETTE (BOULEVARD DU PROFESSEUR ALBERT,44.85188,0.50148,19,1,1
202100032029,144Â 496,A01,1,1,1,5,2,-1,-1,0,0,-1,2021,23.0,2,1,0,0,0,1,5,,3,303,0,,2,2,0,2,2,0,1,, -1,1,0,3,80,28,6,1,14,14399,1,1,0,7,D286,49.261208,0.24447,17,1,1
202100041081,128Â 179,A01,10,3,1,2,8,8,-1,2,3,1,2021,11.0,2,2,0,1,1,21,1,,4,,0,,1,1,0,1,(1),(1),1,, -1,2,0,1,30,6,5,1,69,69266,2,1,1,6,TOLSTOI (CR),45.75982,4.88941,15,2,1
202100020152,165Â 610,A01,1,1,1,5,1,-1,-1,0,0,-1,2021,52.0,1,2,0,2,8,19,1,,3,51,-1,,2,2,0,1,10,435,1,, -1,1,0,1,80,8,9,5,39,39295,1,2,0,3,,46.483448,5.466038,21,3,2
202100009872,184Â 057,A01,2,2,1,5,1,0,-1,-1, -1,-1,2021,50.0,2,2,0,2,1,1,1,,1,10,0,,3,4,0,2,10,17,1,, -1,1,0,1,90,2,11,2,91,91661,1,1,0,4,AUTOROUTE A10,48.69547,2.23451,18,4,3
202100002538,197Â 244,A01,1,1,1,5,1,5,-1,0,0,-1,2021,26.0,2,2,6,0,1,1,1,,3,622,0,D,2,2,0,1,4,95,1,, -1,1,0,3,80,19,12,1,81,81142,1,1,0,6,Route DÃ©partementale N 622,43.523037,2.083529,9,1,1
202100034623,139Â 827,B01,1,1,1,0,2,0,-1,-1, -1,-1,2021,41.0,1,1,0,2,7,19,5,,3,JEAN MONNET (BD),0,,1,2,1,1,1,0,1,, -1,1,0,1,50,13,6,1,94,94079,2,1,0,1,JEAN MONNET (BD),48.8348,2.547,11,2,2
202100023368,159Â 848,A01,10,3,2,5,0,-1,-1,9,5,1,2021,3.0,2,2,0,1,3,1,1,,2,3,0, -,-1,2,0,1,3,500,1,, -1,9,9,1,80,20,8,1,975,97501,1,1,0,6,Miquelon-Langlade - Route de Langlade,46.92178,-56.326389,15,2,1
202100007122,189Â 039,A01,10,3,2,1,0,-1,-1,3,3,1,2021,49.0,2,2,0,1,3,1,1,,4,RUE DU 8 MAI 1945,0,,2,2,0,1,(1),(1),1,, -1,1,0,1,30,17,11,1,33,33119,2,3,0,6,Rue du 8 Mai 1945,44.852,-0.51159,13,2,1
202100035454,138Â 338,A01,10,3,1,5,0,-1,-1,2,3,1,2021,48.0,2,1,0,1,1,1,1,,4,ALBERT THOMAS                       (CO),0,,2,4,3,1,(1),(1),1,, -1,1,0,1,50,9,6,1,69,69383,2,1,0,6,ALBERT THOMAS (CR),45.74785,4.86462,14,2,1
202100045314,120Â 733,A01,1,1,1,0,8,-1,-1,0,0,-1,2021,77.0,1,2,0,0,2,1,1,,3,50,0,D,2,2,0,1,14,645,1,, -1,1,0,3,90,4,4,1,48,48126,1,1,0,7,D50,44.631726,3.40662,13,1,1
202100041247,127Â 873,B01,1,1,1,0,2,8,-1,-1, -1,-1,2021,37.0,2,1,0,2,1,1,1,,3,EBOUE (ROCADE FELIX),0,,2,2,0,1,2,50,1,, -1,1,0,1,50,5,5,4,973,97302,2,2,0,3,RABAN (ROUTE DE),4.93105,-52.31335,18,2,2
202100027133,153Â 208,A01,1,1,2,0,1,9,-1,0,0,-1,2021,61.0,0,2,4,0,1,1,1,,2,02,-1,,3,4,0,2,27,0,1,, -1,2,0,3,-1,26,7,1,60,60658,1,1,1,6,N2,49.238849,3.008717,12,1,1
202100047768,116Â 362,B01,1,1,1,4,2,-1,-1,0,0,-1,2021,21.0,0,1,0,2,1,1,1,,4,HENRI FARMAN (RUE),0,,2,2,0,1,(1),(1),1,, -1,1,0,1,50,14,3,5,80,80021,2,3,0,2,HENRI FARMAN (RUE),49.9116313024,2.3016786575,20,2,2
202100044386,122Â 336,A01,1,1,1,9,2,-1,-1,0,0,-1,2021,56.0,2,1,6,0,2,1,1,,3,3,0,D,2,2,0,1,0,380,1,, -1,1,2,3,70,11,4,1,47,47233,1,1,0,6,Rue Jean Moulin,44.526988,0.092941,18,1,1
202100019836,166Â 178,A01,1,1,1,1,1,-1,-1,-1, -1,-1,2021,25.0,2,2,8,4,3,1,1,,7,IRENE JOLIOT CURIE                  (BD),0,,2,4,2,1,0,600,1,, -1,1,0,6,50,9,9,1,69,69259,2,2,0,3,IRENE JOLIOT CURIE (BD),45.71426613,4.8792208,11,2,2
202100045153,121Â 021,B01,1,1,1,0,2,0,-1,-1, -1,-1,2021,27.0,-1,1,0,2,8,15,1,,3,PARIS (RUE DE),0,,2,5,0,1,0,1,1,, -1,1,0,1,50,4,4,1,93,93031,2,2,0,3,PARIS (RUE DE),48.954757898,2.3078491239,18,2,2
202100041818,126Â 861,A01,10,3,2,5,0,-1,-1,2,3,2,2021,1.0,2,1,0,0,0,1,5,,4,BOULEVARD DE STRASBOURG,0,,1,3,1,1,(1),(1),1,, -1,2,0,5,50,1,5,1,75,75110,2,1,1,6,BOULEVARD DE STRASBOURG,48.872816,2.356189,17,3,1
202100048494,115Â 079,A01,1,1,1,5,1,0,-1,-1, -1,-1,2021,37.0,2,5,0,2,2,14,1,,1,A46N   19.955 A 25.180,0,,3,6,0,3,23,100,1,, -1,1,0,1,90,10,3,3,69,69286,1,1,0,2,A46N,45.82097,4.91851,21,4,2
202100031782,144Â 950,A01,1,1,2,1,2,6,-1,0,0,-1,2021,18.0,2,1,0,2,1,1,1,,3,108,0,D,2,2,0,1,27,559,1,, -1,1,0,1,50,27,6,1,17,17482,2,4,0,1,Rue de la Laiterie,46.149372,-0.805092,18,3,2
202100019638,166Â 541,B01,2,2,2,9,1,-1,-1,0,0,-1,2021,34.0,0,2,1,2,3,1,1,,4,BOUTILLERIE (RUE DE),0,,2,2,0,1,(1),(1),1,, -1,1,0,1,50,8,9,1,80,80021,2,1,0,1,BOUTILLERIE (RUE DE),49.87892,2.33181,17,4,2
202100045458,120Â 481,A01,1,1,1,1,2,6,-1,-1, -1,-1,2021,29.0,1,1,0,2,1,2,1,,3,2,0,,2,2,1,2,0,0,1,, -1,1,0,1,30,2,4,1,92,92040,2,1,0,2,RODIN (BOULEVARD),48.8165699747,2.2533720732,14,3,2
202100011680,180Â 848,A01,10,3,2,0,0,-1,-1,3,3,1,2021,27.0,2,2,0,1,1,2,0,,3,106,0,,3,4,1,1,1,0,1,, -1,1,0,2,50,22,10,1,92,92025,2,3,0,6,PAUL BERT (RUE),48.928671,2.246628,15,3,2
202100037490,134Â 658,A01,1,1,1,0,0,-1,-1,0,0,-1,2021,25.0,0,1,0,0,0,0,3,,4,,0,,2,2,0,1,(1),(1),1,, -1,1,0,1,50,29,5,1,3,3264,2,1,0,7,Chemin de Chamoiroux,46.067885,3.474609,20,1,1
202100015796,173Â 433,B01,2,2,1,5,2,-1,-1,0,0,-1,2021,27.0,1,1,0,2,3,15,1,,1,344,-1,A,1,1,0,1,4,400,3,, -1,1,3,1,70,2,10,1,51,51573,1,1,0,3,A344,49.2534881179,4.0116432309,15,5,2
202100021435,163Â 331,Z01,10,3,2,0,8,8,-1,5,9,3,2021,51.0,1,1,0,1,1,25,5,,4,KEPLER (RUE),0,,2,2,0,1,0,0,3,, -1,1,9,4,50,31,8,1,67,67482,2,1,0,6,KEPLER (RUE),48.605216,7.720806,11,2,1
202100054058,105Â 119,B01,1,1,1,1,2,0,-1,-1, -1,-1,2021,44.0,1,1,0,2,7,1,5,,3,LIBERATION ( AV. DE LA ),0,,2,2,0,2,95,25,1,, -1,2,5,1,30,22,1,5,56,56083,2,6,0,3,PONT-NEUF ( QUAI DU ),47.80346,-3.27886,7,2,2
202100025953,155Â 291,A01,2,2,1,0,1,0,-1,-1, -1,-1,2021,21.0,2,2,0,0,9,1,1,,1,AUTOROUTE A86,0,,3,8,0,2,18,200,2,, -1,2,0,1,70,2,8,3,93,93027,1,1,1,7,AUTOROUTE A86,48.92852,2.41348,22,2,1
202100043815,123Â 365,A01,10,3,2,0,0,-1,-1,2,3,1,2021,52.0,1,1,0,1,3,17,1,,3,80,0,,2,3,0,1,0,0,1,, -1,1,0,1,50,16,4,1,92,92023,2,1,0,6,PORTE DE TRIVAUX (RUE DE) NÂ°57 A 197 ET,48.78496,2.23858,19,2,1
202100014660,175Â 510,B01,1,1,2,9,2,0,-1,-1, -1,-1,2021,19.0,3,1,0,2,3,1,1,,3,7,0,,2,2,0,1,0,0,1,, -1,1,0,1,50,7,10,1,92,92064,2,3,0,3,MILONS,48.8494944905,2.2238892317,11,2,2
202100041484,127Â 453,A01,10,3,1,0,0,-1,-1,3,3,1,2021,75.0,1,2,0,1,2,26,1,,3,VIEUX BOURG,0,,3,2,0,1,0,0,3,, -1,1,0,1,30,3,5,1,971,97101,2,1,0,6,VIEUX BOURG,16.24767,-61.53305,15,2,1
202100012703,179Â 012,B01,9,2,2,5,1,-1,-1,0,0,-1,2021,23.0,2,2,3,2,4,2,1,,1,6,0,,3,5,0,1,342,730,1,, -1,1,0,1,130,17,10,3,71,71384,1,1,0,2,A6 - PK342+730 SENS LYON/PARIS,46.687558,4.844713,21,5,2
202100002623,197Â 092,B01,1,1,1,0,2,6,-1,-1, -1,-1,2021,57.0,1,1,0,2,1,1,1,,3,,0,,2,0,0,1,38,0,1,, -1,1,0,1,50,16,12,1,25,25462,2,2,0,3,DOUBS DE (DU 0 AU 24),46.90994,6.35493,15,2,2
202100036886,135Â 766,A01,1,1,1,5,2,6,-1,0,0,-1,2021,24.0,1,1,2,0,7,1,1,,3,29,0,,2,2,0,1,10,500,3,, -1,1,0,3,90,2,6,1,12,12157,1,1,0,6,D29,44.341767,2.740595,18,1,1
202100014360,176Â 042,A01,1,1,2,5,1,0,-1,-1, -1,-1,2021,18.0,3,2,2,2,1,1,1,,7,BONTE AUGUSTE RUE,0,,2,2,2,1,(1),(1),1,, -1,1,5,1,50,7,10,5,59,59328,2,2,0,3,BONTE AUGUSTE RUE,50.64507,3.02236,23,2,2
202100010267,183Â 354,A01,1,1,1,9,2,8,-1,-1, -1,-1,2021,58.0,1,1,0,4,1,1,1,,7,EMILE ZOLA                          (BD),0,,2,2,0,1,2,0,1,, -1,1,0,1,50,29,10,1,69,69149,2,1,0,6,EMILE ZOLA (BD),45.7195001452,4.8053904661,16,1,1
202100056288,101Â 283,B01,1,1,1,5,1,0,-1,-1, -1,-1,2021,29.0,1,2,0,2,1,1,1,,3,CASANOVA DANIELLE NR 52-SUIV ET 21-SUIV,0,,2,2,0,1,0,1,1,, -1,1,0,1,50,3,1,1,93,93066,2,2,0,1,CASANOVA DANIELLE NR 52-SUIV ET 21-SUIV,48.92655,2.36609,15,2,2
202100039719,130Â 584,A01,1,1,1,4,2,0,-1,0,0,-1,2021,33.0,1,1,0,2,1,9,5,,4,RUE SAINT LAZARE,0,,2,4,0,1,(1),(1),1,, -1,2,0,1,50,16,5,1,75,75108,2,1,1,3,RUE SAINT LAZARE,48.87537,2.32503,14,2,2
202100011253,181Â 616,B01,1,1,1,0,1,0,-1,-1, -1,-1,2021,25.0,1,2,0,2,3,0,1,,4,ANDRE KARMAN (RUE)  138/145 =>,0,,1,1,0,1,0,0,1,, -1,1,0,1,30,24,10,1,93,93001,2,9,0,3,ANDRE KARMAN (RUE)  138/145 =>,48.90738,2.3847,14,3,2