Num_Acc,id_vehicule,num_veh,place,catu,sexe,trajet,secu1,secu2,secu3,locp,actp,etatp,year_acc,victim_age,senc,catv,obs,obsm,choc,manv,motor,occutc,catr,voie,v1,v2,circ,nbv,vosp,prof,pr,pr1,plan,lartpc,larrout,surf,infra,situ,vma,jour,mois,lum,dep,com,agg_,int,atm,col,adr,lat,long,hour,nb_victim,nb_vehicules
202100040645,128Â 963,A01,1,1,2,1,1,-1,-1,0,0,-1,2021,50.0,2,2,0,0,9,0,1,,3,38,0,,2,2,0,1,38,500,1,, -1,1,0,8,80,29,4,1,57,57210,1,1,0,7,pk 038.500,48.851331,6.983163,16,2,1
202100008118,187Â 217,A01,1,1,2,0,1,0,-1,-1, -1,-1,2021,20.0,1,2,0,2,1,2,1,,1,14,0,,1,3,0,1,3,299,1,, -1,1,1,1,70,15,11,5,92,92050,1,1,0,2,A14,48.8997355729,2.2119832291,19,3,2
202100048453,115Â 150,A01,1,1,1,0,8,8,-1,-1, -1,-1,2021,33.0,1,5,8,0,7,26,1,,4,L'encyclopÃ©die ( rue de ),0,,2,2,0,1,1,0,1,, -1,2,0,8,50,11,3,1,93,93066,2,9,1,3,L'encyclopÃ©die ( rue de ),48.9097587174,2.3624416674,8,2,2
202100008521,186Â 503,A01,1,1,1,5,0,-1,-1,0,0,-1,2021,40.0,3,2,6,0,2,1,1,,3,108,0,,2,2,0,1,(1),(1),1,, -1,1,0,4,50,11,11,5,28,28225,2,1,0,1,9 Rue Jean Moulin,48.351964,1.25963,17,1,1
202100052608,107Â 684,B01,1,1,1,5,2,-1,-1,0,0,-1,2021,79.0,1,1,0,2,8,2,5,,3,194,-1,,2,2,2,1,5,470,1,, -1,1,0,5,80,5,2,1,56,56094,1,1,0,3,D194,47.76437,-3.300321,12,2,2
202100027269,152Â 981,B01,2,2,1,5,2,6,-1,0,0,-1,2021,11.0,3,1,0,1,0,1,1,,4,,-1,,2,2,0,2,(1),(1),2,,4,1,0,1,70,25,7,1,29,29214,1,1,0,1,Roz Languidou,47.913628,-4.34961,18,4,2
202100036579,136Â 331,A01,1,1,1,0,1,-1,-1,-1, -1,-1,2021,61.0,2,2,1,2,1,2,1,,4,SERVIENT                            (R ),0,,-1,4,0,1,(1),(1),1,, -1,1,0,1,50,3,6,1,69,69383,2,1,0,4,SERVIENT (R),45.760244773,4.8461838302,17,3,3
202100036643,136Â 209,B01,1,1,1,4,2,6,-1,0,0,-1,2021,33.0,1,1,0,2,2,17,1,,4,RUE ORDENER,0,,2,2,0,1,(1),(1),1,, -1,1,0,1,30,3,6,1,75,75118,2,1,0,3,RUE ORDENER,48.891279,2.351166,10,2,2
202100017495,170Â 351,A01,1,1,1,1,2,0,-1,0,0,-1,2021,52.0,1,0,0,2,3,9,3,,4,BOULEVARD DE L HOPITAL,0,,2,5,1,2,(1),(1),1,, -1,1,0,5,30,22,9,5,75,75113,2,4,0,3,BOULEVARD DE L HOPITAL,48.835874,2.358769,20,2,2
202100002532,197Â 254,A01,2,2,1,5,1,-1,-1,0,0,-1,2021,18.0,1,2,6,0,2,1,1,,3,620,-1,,2,2,0,2,34,300,1,, -1,1,0,3,80,19,12,3,11,11429,1,1,0,3,CD620,43.243972,2.384677,5,2,1
202100039729,130Â 564,A01,1,1,1,0,2,6,-1,-1, -1,-1,2021,35.0,0,1,0,2,8,1,1,,3,REPUBLIQUE (AVENUE),0,,1,2,0,1,0,1,1,, -1,1,0,1,50,16,5,1,93,93031,2,9,0,3,Avenue de la RÃ©publique,48.949551,2.330477,9,2,2
202100055694,102Â 309,A01,1,1,1,1,8,0,-1,-1, -1,-1,2021,38.0,-1,2,0,2,1,15,1,,3,STAINS (RTE DE),0,,-1,3,0,1,0,1,1,, -1,1,0,1,50,9,1,5,93,93010,2,2,0,3,STAINS (RTE DE),48.9040577457,2.4707089732,19,2,2
202100015754,173Â 509,A01,1,1,1,4,1,0,-1,-1, -1,-1,2021,29.0,2,2,0,0,3,23,1,,4,PAUL ARMANGOT (R),0,,1,1,0,1,1,0,1,, -1,2,0,1,30,1,10,5,94,94081,2,1,1,3,Rue Paul Armangot,48.778824,2.379772,19,2,2
202100007972,187Â 482,A01,10,3,1,5,0,-1,-1,8,B,1,2021,44.0,3,2,9,1,2,15,1,,4,,0,,1,1,0,1,(1),(1),1,, -1,1,9,1,30,14,11,5,69,69149,2,2,0,6,VOLTAIRE (R),45.7151,4.80449,20,2,1
202100033965,141Â 051,B01,1,1,2,1,1,-1,-1,0,0,-1,2021,49.0,2,2,0,2,1,1,1,,3,389,0,,2,2,3,1,21,554,1,, -1,2,0,1,70,17,6,2,69,69178,1,1,0,3,MONTBRISON (DE) (RTE),45.701643417,4.4590115547,20,2,2
202100029326,149Â 343,B01,3,2,1,5,3,0,-1,0,0,-1,2021,0.0,2,2,0,2,6,23,1,,4,AVENUE COURTELINE,0,,3,2,0,1,(1),(1),1,, -1,2,0,1,50,12,7,1,75,75112,2,2,0,2,AVENUE COURTELINE,48.844004,2.413836,12,3,2
202100017831,169Â 747,A01,1,1,1,0,1,0,-1,0,0,-1,2021,36.0,1,2,0,2,1,2,2,,7,QUINET (BD EDGAR),0,,3,4,0,1,(1),(1),1,, -1,1,0,1,50,16,9,1,63,63113,2,1,0,2,QUINET (BD EDGAR),45.80521,3.12376,17,2,2
202100046132,119Â 302,A01,1,1,1,5,1,0,-1,0,0,-1,2021,57.0,3,2,0,2,2,15,1,,4,PASSAU RUE DE,0,,1,2,0,1,(1),(1),1,, -1,1,0,1,50,29,3,1,6,6027,2,2,0,5,PASSAU RUE DE,43.663889,7.15233,9,3,3
202100023248,160Â 062,A01,1,1,1,5,2,6,-1,-1, -1,-1,2021,19.0,1,1,0,2,1,2,1,,2,TOUTES RUES,0,,3,4,0,1,(1),(1),1,, -1,1,1,1,50,20,8,5,202,202037,1,6,0,4,TOUTES RUES,42.6209688748,9.437048118,0,3,3
202100023448,159Â 710,A01,10,3,1,0,0,-1,-1,2,3,1,2021,68.0,1,2,0,1,1,1,0,,4,,0,,2,2,0,1,(1),(1),1,, -1,1,0,1,50,19,8,1,6,6004,2,1,0,6,QUATRE CHEMINS CH.DES,43.602941,7.114423,19,2,1
202100043279,124Â 305,A01,1,1,1,4,1,-1,-1,0,0,-1,2021,27.0,1,4,2,0,1,1,1,,3,994,0,,2,2,0,1,19,600,1,, -1,1,0,3,80,22,4,3,55,55366,1,1,0,6,D 994,48.818563,5.095768,2,1,1
202100040054,130Â 001,B01,1,1,1,9,2,6,-1,0,0,-1,2021,54.0,1,1,0,2,2,1,1,,4,CALLAC (ROUTE DE),0,,2,2,0,1,(1),(1),1,, -1,1,0,1,50,3,5,1,29,29151,2,1,0,3,Route de Callac,48.569722,-3.805234,17,3,2
202100050518,111Â 397,A01,1,1,1,5,2,6,4,0,0,-1,2021,69.0,1,1,0,0,0,16,5,,3,97,0,,2,2,0,1,(1),(1),1,, -1,1,0,1,80,24,2,1,14,14103,1,1,0,7,Route de Saon,49.256132,-0.86927,15,1,1
202100049005,114Â 160,A01,1,1,2,0,1,-1,-1,0,0,-1,2021,60.0,1,2,7,0,0,1,1,,2,,-1,,2,-1,-1,2,15,0,1,, -1,1,0,1,-1,7,3,1,50,50099,1,3,0,7,La Croix Pan,49.362407,-1.279746,16,2,1
202100032852,143Â 047,A01,1,1,1,5,2,0,-1,-1, -1,-1,2021,38.0,1,1,0,2,1,18,1,,4,MERCADER (BOULEVARD FELIX),0,,2,4,0,1,0,0,1,, -1,1,0,1,50,18,6,1,66,66136,2,1,0,3,MERCADER (BOULEVARD FELIX),42.69187,2.89272,17,2,2
202100021142,163Â 868,A01,2,2,2,5,2,6,-1,0,0,-1,2021,43.0,2,1,0,0,0,1,1,,3,785,-1,,2,2,0,2,48,500,2,, -1,1,5,1,80,3,9,1,29,29062,1,3,0,7,D785 - LanvÃ©guen,48.17728,-3.987163,11,2,1
202100033771,141Â 406,A01,1,1,1,0,2,0,-1,-1, -1,-1,2021,20.0,1,1,0,2,9,17,1,,2,MASCAREIGNES (Avenue des),0,,2,2,0,2,0,0,1,, -1,2,0,1,50,16,6,1,974,97409,2,3,1,5,MASCAREIGNES (Avenue des),-20.94018,55.647214,11,3,3
202100014281,176Â 173,A01,1,1,1,9,1,-1,-1,0,0,-1,2021,64.0,1,5,0,2,1,5,1,,3,36,0,D,2,2,0,1,7,150,3,, -1,1,0,1,80,9,10,1,13,13004,2,1,0,1,D36,43.615068,4.639256,16,4,3
202100016541,172Â 062,B01,1,1,2,1,2,0,-1,0,0,-1,2021,28.0,2,0,0,2,1,1,3,,4,AVENUE DES CHAMPS ELYSEES,0,,2,8,1,1,(1),(1),1,, -1,2,0,5,30,27,9,1,75,75108,2,3,1,3,AVENUE DES CHAMPS ELYSEES,48.8710888101,2.3034878377,11,2,2
202100032669,143Â 369,A01,10,3,1,9,0,-1,-1,5,9,1,2021,45.0,1,5,9,1,1,14,1,,4,TILLON (AVENUE CHARLES),0,,2,4,0,1,(1),(1),1,, -1,1,5,4,50,23,6,1,35,35238,2,3,0,6,TILLON (AVENUE CHARLES),48.12475,-1.70318,17,2,1
202100011008,182Â 051,A01,10,3,2,5,0,-1,-1,9,9,1,2021,84.0,0,2,0,1,5,4,1,,6,,-1,,-1,-1,0,1,(1),(1),1,,5,1,0,8,50,26,10,1,24,24223,2,9,0,6,29 Avenue EugÃ¨ne le Roy,44.837506,0.74552,17,2,1
202100036660,136Â 183,RA01,10,3,2,2,0,-1,-1,5,3,1,2021,14.0,2,5,0,1,1,9,1,,4,LISBONNE (RUE DE),0,,2,1,0,1,0,0,1,, -1,1,9,4,50,3,6,1,93,93064,2,9,0,6,LISBONNE (RUE DE),48.88025,2.473865,8,2,1
202100014856,175Â 156,B01,1,1,1,1,8,0,-1,-1, -1,-1,2021,55.0,-1,1,0,2,1,1,0,,3,VICTOR-HUGO (BD),0,,2,4,1,1,0,1,1,, -1,1,0,8,50,6,10,1,93,93070,2,1,0,3,VICTOR-HUGO (BD),48.90902,2.32933,14,2,2
202100009304,185Â 070,A01,10,3,2,1,0,-1,-1,3,3,1,2021,29.0,2,5,0,1,1,1,1,,4,LYS.(AVENUE DES),0,,2,2,0,1,1,0,1,, -1,2,0,1,50,4,11,5,94,94011,2,6,1,6,Avenue des Lys,48.77065,2.49435,17,2,1
202100044326,122Â 434,B01,1,1,2,5,1,-1,-1,0,0,-1,2021,61.0,2,2,0,2,7,1,1,,3,65,-1,,2,2,0,1,29,400,2,, -1,1,0,1,80,13,4,1,31,31341,2,2,0,3,Intersection D65 - chemin de TÃ©oulets,43.731065,1.291966,11,2,2
202100055496,102Â 651,A01,10,3,2,0,0,-1,-1,2,3,1,2021,22.0,1,2,0,1,1,1,1,,7,RTE D ESPAGNE,0,,3,4,0,1,1,901,1,, -1,1,0,1,50,11,1,2,31,31555,2,1,0,6,Route dâEspagne,43.55052,1.42097,8,2,1
202100030703,146Â 878,A01,1,1,1,4,8,-1,-1,0,0,-1,2021,20.0,3,2,0,4,0,19,1,,4,VC,0,,2,2,0,1,(1),(1),1,, -1,2,4,6,50,17,3,4,1,1043,2,8,0,1,Chemin des Baterses,45.8296156768,4.987500608,19,2,2
202100020929,164Â 246,A01,2,2,2,5,1,-1,-1,0,0,-1,2021,28.0,1,2,15,0,3,0,0,,3,D6,0,,2,2,0,1,66,250,1,, -1,1,0,3,50,5,9,5,70,70176,2,1,0,6,grande rue,47.891644,6.620893,3,3,1
202100043002,124Â 806,B01,1,1,1,5,8,0,-1,-1, -1,-1,2021,25.0,1,1,12,2,8,21,1,,4,RUE DE VILLECRESNES,0,,2,1,0,2,(1),(1),1,, -1,1,0,1,50,22,4,2,91,91114,2,9,0,3,RUE DE VILLECRESNES,48.707429,2.506808,21,2,2
202100028795,150Â 247,A01,1,1,1,4,8,0,-1,-1, -1,-1,2021,45.0,1,5,0,0,4,26,1,,4,RAVINE VILAINE (CHEMIN DEPARTEMENTAL DE),0,,2,2,0,2,0,0,1,, -1,1,0,1,50,14,7,5,972,97209,2,1,1,7,Route de Ravine Vilaine,14.63669,-61.06318,21,1,1
202100002683,196Â 980,B01,1,1,1,5,0,-1,-1,0,0,-1,2021,76.0,3,1,0,2,2,9,0,,3,13,0,D,2,2,0,1,54,850,1,,6,1,0,1,50,18,12,2,70,70433,2,6,0,3,Rue Jean Poirey,47.615338,6.167949,15,2,2
202100053637,105Â 854,A01,10,3,1,1,0,-1,-1,2,3,1,2021,26.0,3,5,0,1,1,1,1,,4,JEAN JAURES (R),0,,1,2,0,1,0,1,1,, -1,1,0,1,50,26,1,2,94,94022,2,3,0,6,ANATOLE FRANCE (AV),48.76544,2.40931,7,2,1
202100023663,159Â 329,B01,1,1,1,1,2,6,-1,0,0,-1,2021,17.0,1,1,0,2,1,17,1,,3,117,0,,2,2,1,1,88,404,1,, -1,1,0,5,50,18,8,1,9,9289,2,3,0,3,33 Avenue Aristide Berges,43.007342,1.122875,12,2,2
202100055133,103Â 266,A01,1,1,1,5,1,-1,-1,0,0,-1,2021,32.0,2,2,6,0,3,1,1,,3,937,-1,,2,2,0,2,21,885,1,, -1,1,0,3,80,15,1,1,85,85129,1,1,0,6,Saint-pierre,46.853606,-1.495959,12,2,1
202100017404,170Â 519,C01,1,1,1,1,1,0,-1,-1, -1,-1,2021,48.0,1,2,0,2,1,2,1,,4,ANCIENNE RN 1,0,,2,2,0,1,0,0,3,, -1,1,9,8,90,22,9,1,974,97416,1,1,0,4,ANCIENNE RN 1,-21.3245,55.4455,9,3,3
202100008529,186Â 488,A01,1,1,1,4,8,-1,-1,0,0,-1,2021,49.0,3,5,7,0,0,1,1,,3,126,-1,,2,2,0,2,2,300,2,, -1,2,0,1,80,3,11,3,67,67066,1,1,1,7,D126,48.47295,7.199285,19,1,1
202100005659,191Â 676,A01,10,3,2,3,0,-1,-1,4,3,1,2021,68.0,3,2,0,1,2,16,1,,4,AERODROME (AV DE L),0,,2,2,2,2,1,0,1,, -1,1,0,1,30,29,11,1,94,94054,2,3,0,6,avenue de l'Aerodrome,48.74274,2.4002,15,2,1
202100018507,168Â 552,A01,1,1,1,5,2,-1,-1,0,0,-1,2021,17.0,1,1,0,2,1,17,1,,3,947,-1,,2,2,0,1,4,100,1,, -1,1,0,1,-1,18,9,1,59,59212,2,1,1,3,Rue du President Kennedy,50.6467680146,2.7154480526,15,3,2
202100016885,171Â 441,A01,1,1,2,0,1,0,-1,-1, -1,-1,2021,37.0,1,2,1,0,2,1,1,,4,SOUSBIELLE (RUE RAYMOND),0,,1,1,0,2,0,0,2,, -1,1,0,1,30,22,9,5,64,64102,2,1,0,2,SOUSBIELLE (RUE RAYMOND),43.4841637862,-1.4775899347,22,2,2
202100007553,188Â 241,A01,1,1,1,1,2,6,-1,-1,0,-1,2021,42.0,2,1,0,2,1,1,1,,1,AUTOROUTE A15,0,,3,8,0,1,6,700,1,, -1,1,0,1,110,18,11,1,95,95018,1,1,0,2, A15,48.9567860284,2.2765879859,9,2,2
202100054904,103Â 669,B01,2,2,2,5,1,-1,-1,0, -1,-1,2021,9.0,1,2,0,2,4,1,1,,4,RN 12,0,,3,4,0,1,73,650,1,, -1,1,0,1,50,15,1,1,29,29019,2,6,0,2,D112 - Rond Point de Pen Ar Chl'euz,48.4150715,-4.4794831,11,3,2
202100031544,145Â 372,A01,1,1,1,1,2,6,-1,-1,0,-1,2021,35.0,2,1,0,2,1,18,1,,1,AUTOROUTE A3,0,,3,-1,0,1,14,600,1,, -1,1,0,1,90,1,7,1,95,95277,1,1,0,3, A3,48.9777782041,2.4934619665,7,2,2
202100042749,125Â 228,A01,1,1,1,5,2,6,-1,0,0,-1,2021,65.0,1,1,0,2,3,1,1,,3,50,-1,D,2,2,0,2,17,200,1,, -1,1,5,1,80,25,4,1,29,29281,1,2,0,1,Lieu Dit La Croix Rouge,48.054343,-3.807331,11,2,2
202100000531,200Â 754,A01,10,3,1,1,-1,-1,-1,3,3,1,2021,54.0,1,2,0,1,1,1,1,,4,,-1,,2,2,0,1,(1),(1),1,, -1,1,0,1,50,25,2,2,73,73065,2,1,0,6,Avenue Jean JaurÃ¨s,45.567054,5.914772,18,2,1
202100053264,106Â 525,A01,1,1,2,0,1,8,-1,-1, -1,-1,2021,49.0,1,2,0,2,4,1,1,,3,PRESSENCE FRANCIS (AVENUE),0,,1,1,0,1,0,1,4,, -1,1,0,1,50,27,1,1,93,93066,2,1,0,2,PRESSENCE FRANCIS (AVENUE),48.9214687638,2.3658833206,12,2,2
202100013668,177Â 279,Z01,1,1,2,0,2,0,-1,-1, -1,-1,2021,29.0,3,1,0,2,8,26,5,,4,,0,,2,4,1,2,(1),(1),1,, -1,1,0,5,50,12,10,2,17,17300,2,3,0,1,BRIAND   AVENUE ARISTIDE,46.16474,-1.16455,8,2,2
202100041368,127Â 664,A01,1,1,2,4,1,-1,-1,0,0,-1,2021,52.0,2,2,0,2,1,19,1,,3,153,-1,,2,2,0,1,4,300,1,, -1,2,0,1,80,6,5,1,53,53135,1,2,0,3,Le Pont Vien,47.916202,-1.001231,7,3,2
202100043307,124Â 251,A01,1,1,1,5,2,6,-1,-1, -1,-1,2021,25.0,1,1,1,0,4,9,1,,4,DUTREIX (RUE ARMAND),0,,2,2,0,1,0,0,1,, -1,1,0,1,50,17,4,1,87,87085,2,3,0,3,DUTREIX (RUE ARMAND),45.83363,1.23005,9,1,1
202100040110,129Â 903,A01,2,2,2,5,1,-1,-1,0,0,-1,2021,36.0,1,2,9,0,1,1,1,,3,111,0,A,2,2,0,2,0,400,3,, -1,1,0,3,50,13,5,1,4,4176,2,1,0,6,RD 111 A,43.760727,6.149935,18,2,1
202100018756,168Â 115,A01,1,1,2,5,2,0,-1,-1, -1,-1,2021,20.0,3,1,0,0,0,1,0,,4,VOLTAIRE,0,,2,4,0,1,(1),(1),1,, -1,1,0,1,50,14,9,1,62,62193,2,2,0,3,VOLTAIRE,50.9536,1.86585,11,2,2
202100039555,130Â 887,A01,10,3,2,0,8,-1,-1,3,3,1,2021,49.0,1,2,0,1,3,16,1,,4,PIERRE COT                          (AV),0,,2,2,0,1,(1),(1),1,, -1,2,5,1,50,17,5,1,69,69259,2,9,1,6,PIERRE COT                          (AV),45.7044834119,4.8956698179,15,2,1
202100033294,142Â 253,A01,1,1,1,5,2,6,-1,-1, -1,-1,2021,30.0,2,1,0,2,1,1,1,,1,A4.W,0,,3,6,0,1,16,399,1,, -1,1,0,1,110,20,6,1,77,77083,1,1,0,2,A4.W,48.8336,2.5925,11,2,2
202100008606,186Â 355,A01,1,1,1,9,2,6,-1,0,0,-1,2021,35.0,1,1,0,0,7,1,1,,4,BOULEVARD HENRI IV,0,,2,4,0,1,(1),(1),1,, -1,1,0,1,50,10,11,1,75,75104,2,2,0,7,BOULEVARD HENRI IV,48.852069,2.365444,15,1,1
202100041669,127Â 120,A01,1,1,1,0,2,-1,-1,-1, -1,-1,2021,41.0,2,1,0,1,1,1,1,,4,RUE DU TRONC DU PINSON,0,,1,1,2,1,(1),(1),1,, -1,1,4,5,30,28,4,1,33,33162,2,1,0,6,Rue du Tronc du Pinson,44.8798,-0.63705,12,2,1
202100031263,145Â 861,B01,1,1,2,0,1,-1,-1,0,0,-1,2021,37.0,1,2,0,2,1,1,1,,3,115.2,0,,2,2,0,1,4,900,1,, -1,1,0,1,80,2,7,1,28,28321,1,2,0,1,D115.2; D21,48.821714,1.472307,18,2,2
202100000950,200Â 052,B01,1,1,1,5,1,6,-1,-1, -1,-1,2021,23.0,1,1,0,2,8,1,1,,1,A7   22.950 A 25.770,0,,3,3,0,1,26,1,2,, -1,1,0,1,110,30,12,2,38,38544,1,1,0,6,A7,45.54494,4.83889,16,4,4
202100051469,109Â 700,B01,1,1,1,4,1,-1,-1,0,0,-1,2021,66.0,1,2,6,2,3,1,1,,3,466,0,,2,2,0,1,17,568,1,, -1,1,5,1,50,15,2,4,68,68308,2,3,0,3,16 Route de la VallÃ©e,47.780857,6.978888,6,2,2
202100040338,129Â 502,A01,1,1,2,5,8,0,-1,-1, -1,-1,2021,55.0,1,2,0,2,0,26,1,,4,HANNELOUP,0,,-1,2,0,1,1,0,1,, -1,1,0,1,50,10,5,1,49,49007,2,1,0,3,HANNELOUP,47.468027,-0.546658,15,3,2
202100019397,166Â 957,B01,1,1,1,2,2,-1,-1,0,0,-1,2021,17.0,3,1,0,0,1,15,1,,3,183,0,D,2,2,0,2,11,256,1,, -1,1,0,1,80,13,9,1,56,56247,1,2,0,3,Lieu Dit Kermaria,47.65371,-2.598583,18,2,2
202100000284,201Â 217,A01,1,1,1,0,2,6,-1,-1, -1,-1,2021,24.0,1,1,0,1,7,1,1,,4,UNIVERSITE (DE L')                  (R ),0,,1,3,1,1,(1),(1),1,, -1,2,0,1,50,16,9,1,69,69387,2,1,0,6,UNIVERSITE (DE L') (R),45.750021,4.84053,8,2,1
202100009252,185Â 169,A01,1,1,1,5,1,0,-1,-1, -1,-1,2021,70.0,2,2,15,0,3,1,1,,4,ALLIES (COURS DES),0,,2,2,1,1,(1),(1),1,, -1,1,0,4,50,5,11,1,35,35238,2,1,0,6,ALLIES (COURS DES),48.10556,-1.67435,11,1,1
202100054179,104Â 900,A01,10,3,1,3,0,-1,-1,5,1,1,2021,56.0,2,1,0,1,4,25,5,,4,HUGO (RUE),0,,1,1,0,1,0,0,1,, -1,1,0,4,50,15,1,2,974,97407,2,1,0,2,HUGO (RUE),-20.93652,55.30388,18,2,1
202100030062,148Â 049,A01,1,1,1,5,2,-1,-1,0,0,-1,2021,61.0,1,1,0,5,1,0,5,,3,106.1,-1,,2,2,0,1,0,500,1,, -1,1,0,1,50,8,7,1,28,28104,2,1,0,6,27 rue jean moulin,48.484951,1.591392,12,1,1
202100004819,193Â 168,B01,1,1,1,9,2,6,-1,0,0,-1,2021,27.0,1,1,1,2,2,18,3,,4,BOULEVARD DE STRASBOURG,0,,1,0,3,1,(1),(1),1,, -1,2,0,6,30,3,12,1,75,75110,2,1,1,5,BOULEVARD DE STRASBOURG,48.871515,2.355498,11,3,3
202100025212,156Â 599,D01,1,1,2,5,1,-1,-1,0,0,-1,2021,42.0,2,2,14,0,9,0,1,,1,9,0,A,3,3,0,1,217,100,1,, -1,1,0,1,130,7,8,3,11,11188,1,1,0,6,Autoroute A9 - PK 217.100 - sens PERPIGNAN / NARBONNE,42.954491,2.9706,23,15,4
202100036116,137Â 124,A01,1,1,1,5,2,6,-1,0,0,-1,2021,34.0,1,1,0,0,8,1,1,,3,11,-1,,2,2,0,3,17,300,2,,5,2,0,1,80,6,6,1,29,29038,1,1,1,7,D 11,48.39204,-3.945068,16,1,1
202100026764,153Â 880,B01,1,1,2,5,1,0,-1,-1, -1,-1,2021,43.0,2,2,0,2,4,2,1,,1,A13,0,,3,3,0,1,4,699,1,, -1,1,0,1,70,28,7,1,92,92064,1,1,0,4,A13,48.8397442438,2.2019797335,11,3,3
202100037932,133Â 864,A01,10,3,1,5,0,-1,-1,6,B,3,2021,12.0,0,5,0,1,2,1,0,,4,,0,,-1,2,0,1,(1),(1),1,, -1,1,0,3,50,29,5,1,42,42094,1,1,0,6,Chemin des Vauches,45.724121,4.222076,16,2,1
202100051471,109Â 697,A01,1,1,1,5,2,6,-1,0,0,-1,2021,32.0,2,6,13,0,1,14,1,,3,18,0,D,2,2,0,4,31,614,2,, -1,1,0,3,80,15,2,1,35,35025,1,4,0,6,La LeutiÃ¨re,48.290903,-1.257634,17,1,1
202100051211,110Â 139,A01,1,1,1,0,0,-1,-1,0,0,-1,2021,19.0,1,1,0,2,1,13,1,,3,35,0,A,2,2,0,2,3,100,1,, -1,1,0,1,50,18,2,1,972,97221,2,1,0,1,Route Morne Glouglou,14.54551,-60.94532,14,2,2
202100054572,104Â 229,A01,1,1,1,5,1,0,-1,-1, -1,-1,2021,29.0,1,5,1,0,2,14,1,,4,PAULMY (AVENUE DES ALLEES),0,,2,4,0,2,(1),(1),1,, -1,2,0,1,50,17,1,1,64,64102,2,1,1,7,PAULMY (AVENUE DES ALLEES),43.49287,-1.48023,14,1,1
202100040317,129Â 537,A01,4,2,1,5,1,0,-1,-1, -1,-1,2021,17.0,2,2,6,0,9,1,1,,4,ERIC TABARLY (RUE),0,,2,2,0,1,0,0,3,, -1,1,0,1,50,9,5,5,87,87085,2,1,0,6,ERIC TABARLY (RUE),45.84295,1.20069,5,5,1
202100016657,171Â 856,B01,1,1,1,0,2,8,-1,-1, -1,-1,2021,46.0,0,1,0,2,3,1,1,,4,PRESIDENT KENNEDY (AV ),0,,2,2,0,1,1,233,1,, -1,1,9,1,50,25,9,1,13,13054,2,7,0,1,PRESIDENT KENNEDY (AV ),43.41751,5.2218,18,3,2
202100027419,152Â 703,A01,10,3,2,4,0,-1,-1,1,3,3,2021,19.0,3,2,0,1,6,4,1,,4,,0,,2,2,0,2,0,0,1,,4,1,0,1,80,22,7,1,81,81128,1,1,0,6,CrÃ©maussel,43.664946,2.391737,14,2,1
202100047793,116Â 323,A01,10,3,1,5,0,-1,-1,2,3,1,2021,3.0,3,2,0,1,2,1,1,,4,,0,,1,1,0,1,(1),(1),1,, -1,1,0,1,30,15,3,1,45,45234,2,1,0,6,Rue Jacquard,47.91587,1.90455,18,2,1
202100050834,110Â 818,A01,1,1,1,5,0,-1,-1,0,0,-1,2021,37.0,1,2,13,0,2,14,1,,3,40,-1,,2,2,0,2,5,266,1,, -1,1,0,3,80,21,2,1,54,54150,1,1,0,7,route dÃ©partementale 40,48.7755866413,6.1462283129,12,1,1
202100027561,152Â 458,A01,1,1,1,9,2,0,-1,0,0,-1,2021,34.0,1,1,11,0,1,13,1,,4,BOULEVARD DE BERCY,0,,2,3,0,1,(1),(1),1,, -1,1,0,1,50,21,7,5,75,75112,2,3,0,6,BOULEVARD DE BERCY,48.840037,2.381918,1,1,1
202100045719,120Â 024,A01,1,1,2,5,1,0,-1,-1, -1,-1,2021,60.0,2,2,0,2,8,9,1,,1,A4.W,0,,-1,4,0,1,17,399,1,, -1,1,0,1,110,31,3,1,77,77083,1,1,0,3,A4.W,48.8305211233,2.6099670705,17,2,2
202100020169,165Â 583,B01,2,2,2,0,1,-1,-1,0,0,-1,2021,48.0,2,5,3,2,4,2,1,,1,40,0,,1,3,0,2,53,400,3,, -1,1,0,1,130,5,9,1,74,74118,1,1,0,2,"A 40, sens geneve-chamonix",46.170975,6.241479,19,3,2
202100044357,122Â 385,A01,1,1,1,5,2,6,-1,-1, -1,-1,2021,35.0,3,1,16,0,1,1,1,,4,RUE FROMAGERE,0,,1,1,0,2,(1),0,1,, -1,2,0,1,50,9,4,5,91,91339,2,1,1,7,RUE FROMAGERE,48.63403,2.26775,20,1,1
202100023915,158Â 887,B01,1,1,1,4,2,0,-1,-1, -1,-1,2021,23.0,1,1,0,2,1,1,1,,3,ALLIES (BD DES),0,,1,2,0,1,1,0,1,, -1,1,0,1,50,16,8,1,94,94022,2,1,0,2,Boulevard des AlliÃ©s,48.766551,2.404216,19,2,2
202100013962,176Â 745,A01,1,1,1,1,2,6,-1,0,0,-1,2021,48.0,0,1,0,2,9,1,1,,3,922,-1,,-1,2,0,2,30,800,1,, -1,1,5,1,80,11,10,3,60,60213,1,3,0,6,RD 922,49.124591,2.701848,6,2,2
202100042312,125Â 993,A01,1,1,2,9,1,0,-1,-1, -1,-1,2021,47.0,3,2,0,2,1,15,1,,4,MARTIN (BOULEVARD ALEXANDRE),0,,3,6,0,1,(1),(1),1,, -1,1,5,1,50,27,4,1,45,45234,2,2,0,3,Boulevard Alexandre Martin,47.90525,1.90974,13,2,2