Num_Acc,id_vehicule,num_veh,place,catu,sexe,trajet,secu1,secu2,secu3,locp,actp,etatp,year_acc,victim_age,senc,catv,obs,obsm,choc,manv,motor,occutc,catr,voie,v1,v2,circ,nbv,vosp,prof,pr,pr1,plan,lartpc,larrout,surf,infra,situ,vma,jour,mois,lum,dep,com,agg_,int,atm,col,adr,lat,long,hour,nb_victim,nb_vehicules
202100022634,161Â 159,B01,1,1,1,0,2,6,-1,-1, -1,-1,2021,47.0,1,1,0,2,3,1,1,,4,QUAI DE LA SOUYS,0,,2,4,0,1,(1),(1),1,, -1,1,0,1,50,25,8,1,33,33065,2,2,0,3,Quai de la Souys,44.81478,-0.52753,16,2,2
202100034039,140Â 918,A01,10,3,1,9,0,-1,-1,4,3,1,2021,86.0,1,1,0,1,1,1,1,,7,FRANCOIS EPAILLY (RUE),0,,3,4,2,1,(1),(1),3,, -1,1,0,1,50,15,6,2,67,67482,2,1,0,6,FRANCOIS EPAILLY (RUE),48.57308,7.79118,21,2,1
202100019971,165Â 937,B01,1,1,1,5,2,-1,-1,0,0,-1,2021,69.0,2,1,0,0,3,21,1,,3,133,0,D,2,2,0,1,39,220,1,, -1,1,0,1,80,7,9,1,27,27677,1,3,0,7,D133,49.17517,1.048808,17,3,2
202100005721,191Â 576,A01,1,1,1,5,2,6,-1,-1, -1,-1,2021,38.0,2,1,0,2,2,1,1,,1,AUTOROUTE A6A,0,,1,3,0,1,4,324,1,, -1,1,0,1,90,29,11,1,94,94038,1,1,0,2,AUTOROUTE A6A,48.77878,2.34625,13,2,2
202100013130,178Â 277,A01,1,1,1,9,2,8,-1,-1, -1,-1,2021,40.0,2,1,8,0,1,13,1,,4,DESGRANGES (RUE),0,,2,1,0,1,1,0,1,, -1,1,0,1,50,14,10,5,93,93048,2,1,0,6,DESGRANGES (RUE),48.8537507183,2.4439029367,23,2,1
202100041983,126Â 579,A01,1,1,1,5,2,6,-1,0,0,-1,2021,54.0,1,1,3,0,0,9,1,,2,,0,,3,1,0,4,42,670,2,,4,1,0,1,110,30,4,1,33,33293,1,1,0,6,RN 89,44.877978,-0.416037,18,1,1
202100000716,200Â 434,B01,2,2,1,0,8,-1,-1,0,0,-1,2021,16.0,3,1,0,2,1,0,1,,9,,-1,,2,2,0,1,(1),(1),1,,4,1,0,1,50,3,12,1,84,84129,2,1,0,3,avenue marcel pagnol,43.984787,4.885526,15,4,2
202100025067,156Â 848,A01,1,1,1,5,1,-1,-1,0,0,-1,2021,75.0,1,2,17,0,2,14,1,,2,1,0,,2,2,0,1,60,450,1,, -1,1,0,3,90,9,8,1,988,98802,1,1,0,6,RT1 EntrÃ©e Sud de TOMO - PR 60 + 450,-21.963465,166.158385,14,4,1
202100037034,135Â 504,B01,1,1,1,1,2,0,-1,-1, -1,-1,2021,29.0,1,1,0,2,2,15,1,,4,LECLERC (SQUARE ET AVENUE DU GAL),0,,1,2,0,1,0,0,3,, -1,1,9,1,50,1,6,1,3,3190,2,6,0,3,LECLERC (SQUARE ET AVENUE DU GAL),46.56303,3.33653,18,2,2
202100051531,109Â 586,A01,1,1,2,9,1,-1,-1,0,0,-1,2021,31.0,1,2,0,6,2,21,1,,1,6,-1,,3,4,0,1,269,300,1,, -1,1,0,1,130,14,2,3,21,21362,1,1,0,6,A6,47.223419,4.592108,22,1,1
202100030628,147Â 011,A01,1,1,1,9,1,-1,-1,0,0,-1,2021,41.0,2,2,0,2,1,13,1,,3,965,0,,2,2,0,1,84,780,1,, -1,2,0,1,80,5,7,1,89,89254,1,1,1,1,D965,47.709993,3.200712,8,3,2
202100031424,145Â 573,B01,1,1,1,1,2,6,-1,0,0,-1,2021,61.0,1,1,0,2,4,15,1,,4,BOULEVARD SOULT,0,,2,2,0,1,(1),(1),1,, -1,1,5,1,50,1,7,1,75,75112,2,2,0,2,BOULEVARD SOULT,48.844243,2.410286,16,2,2
202100003147,196Â 141,B01,1,1,1,9,8,8,-1,-1, -1,-1,2021,30.0,2,2,0,2,4,2,1,,3,ESPAGNE (ROUTE D'),0,,-1,1,0,1,37,929,1,, -1,1,0,1,70,1,12,1,9,9122,1,1,0,4,ESPAGNE (ROUTE D'),42.949914,1.625146,10,5,4
202100041605,127Â 237,A01,10,3,2,3,0,-1,-1,2,3,1,2021,78.0,1,2,0,1,2,15,1,,3,313,0,,2,2,0,1,75,985,1,, -1,1,0,1,50,3,5,1,27,27103,2,2,0,6,route dÃ©partementale 313,49.355545,0.818707,16,2,1
202100055987,101Â 814,A01,1,1,1,5,1,-1,-1,0,0,-1,2021,22.0,2,2,0,2,8,13,1,,3,35,-1,,2,2,0,2,16,800,3,, -1,1,0,1,80,8,1,1,64,64353,1,1,0,1,9 route de lourdes,43.091221,-0.382494,16,2,2
202100002455,197Â 385,A01,1,1,2,9,2,0,-1,0,0,-1,2021,51.0,1,1,0,2,7,1,5,,4,AVENUE DE VILLIERS,0,,2,4,1,1,(1),(1),1,, -1,1,-1,5,30,17,12,1,75,75117,2,2,0,3,AVENUE DE VILLIERS,48.883275,2.307251,9,2,2
202100013456,177Â 688,A01,1,1,1,1,2,6,-1,0,0,-1,2021,16.0,2,1,0,2,1,18,1,,3,23,0,D,2,2,0,1,0,200,1,, -1,1,5,1,50,13,10,2,53,53147,2,2,0,3,Rue de Normandie,48.308857,-0.623249,7,2,2
202100054362,104Â 590,A01,1,1,1,9,1,8,-1,-1, -1,-1,2021,22.0,1,2,6,0,1,1,1,,4,ANSELME RONDENAY (R),0,,2,2,0,1,1,0,1,, -1,2,0,4,50,19,1,1,94,94081,2,1,1,6,ANSELME RONDENAY (R),48.77926,2.39897,13,1,1
202100028365,151Â 002,A01,8,2,1,4,9,-1,-1,0,0,-1,2021,36.0,2,5,13,0,7,1,1,,1,85,-1,A,1,2,0,1,146,150,1,, -1,1,0,8,130,16,7,1,41,41126,1,9,0,6,aoutoroute A.85 PK 146+150,47.292469,1.281169,14,4,1
202100018001,169Â 453,A01,10,3,2,5,0,-1,-1,2,5,3,2021,9.0,2,2,0,1,2,1,1,,4,COURLANCY (RUE DE),0,,2,2,0,1,(1),(1),1,, -1,1,0,1,30,19,9,1,51,51454,2,2,0,7,Rue de Courlancy,49.2457779495,4.0176087073,17,3,1
202100005106,192Â 647,A01,10,3,2,5,0,-1,-1,2,3,1,2021,61.0,1,2,0,1,2,1,2,,4,BOULEVARD DU TEMPLE,0,,1,3,0,1,(1),(1),1,, -1,2,0,1,30,2,12,1,75,75103,2,1,0,6,BOULEVARD DU TEMPLE,48.866455,2.361519,13,2,1
202100041553,127Â 330,Z01,10,3,2,5,0,-1,-1,5,2,1,2021,60.0,3,1,0,1,1,1,1,,4,PLACE ARMAND CARREL,0,,-1,0,0,1,(1),(1),1,, -1,1,6,4,1,3,5,1,75,75119,2,2,0,6,PLACE ARMAND CARREL,48.882549669,2.3816935426,14,2,1
202100019269,167Â 191,A01,10,3,1,5,0,-1,-1,3,3,1,2021,66.0,2,2,0,1,3,1,1,,3,933,-1,D,2,2,0,1,46,10,1,, -1,1,0,1,50,14,9,1,64,64493,2,1,0,6,Avenue de Navarre,43.318438,-1.02514,10,2,1
202100049233,113Â 753,A01,1,1,1,0,2,6,-1,-1, -1,-1,2021,35.0,2,1,0,2,1,17,1,,3,LEMENC (BOULEVARD),0,,2,2,2,2,44,45,2,, -1,1,0,1,50,4,3,1,73,73065,2,3,0,1,D991 LEMENC (BOULEVARD),45.57016,5.92435,11,3,2
202100036117,137Â 122,A01,1,1,2,0,1,-1,-1,0,0,-1,2021,60.0,3,2,8,2,2,15,1,,3,129,0,,2,2,0,1,3,640,1,, -1,1,0,1,80,6,6,1,1,1129,1,3,0,3,Route de Montbuisson,45.962778,5.207809,16,3,2
202100003557,195Â 387,B01,1,1,1,1,8,-1,-1,-1, -1,-1,2021,31.0,1,1,0,2,7,26,5,,4,LAFAYETTE                           (CO),0,,1,1,3,1,(1),(1),1,, -1,2,5,6,50,9,12,5,69,69383,2,2,1,3,LAFAYETTE (CR),45.763618566,4.8580411077,6,2,2
202100054812,103Â 823,A01,1,1,1,3,1,-1,-1,0,0,-1,2021,32.0,1,2,0,0,9,1,1,,3,10,0,D,2,2,0,1,26,100,1,, -1,7,0,5,80,15,1,3,55,55215,1,1,1,7,D10,48.496321,5.504987,17,1,1
202100000155,201Â 471,A01,1,1,1,0,2,0,-1,0,0,-1,2021,30.0,3,1,1,0,5,1,1,,4,LORETTO CHEMIN,0,,1,1,0,2,(1),(1),1,, -1,2,9,1,50,24,12,5,201,201004,2,9,0,6,LORETTO CHEMIN,41.92896,8.73387,20,1,1
202100025028,156Â 915,A01,1,1,1,5,1,-1,-1,0,0,-1,2021,21.0,3,2,17,0,2,14,1,,3,960,0,D,3,2,0,1,48,670,1,, -1,1,0,3,90,8,8,1,49,49371,1,1,0,6,D960,47.126111,-0.707164,16,1,1
202100039871,130Â 317,A01,1,1,1,5,1,9,-1,0,0,-1,2021,34.0,2,2,6,0,1,0,1,,3,77,-1,,2,2,0,2,21,655,2,, -1,2,0,1,50,15,5,5,2,2386,2,1,1,6,1 Rue de Lavaqueresse,49.953988,3.661607,22,1,1
202100045231,120Â 876,A01,1,1,1,2,2,6,-1,0,0,-1,2021,17.0,0,1,0,2,1,17,1,,4,CORDIERS (RUE DES),0,,2,2,0,1,(1),(1),1,, -1,1,0,1,30,2,4,1,22,22113,2,3,0,3,CORDIERS (RUE DES),48.73113,-3.44666,8,2,2
202100039234,131Â 485,B01,1,1,1,0,1,0,-1,-1, -1,-1,2021,56.0,1,2,0,2,4,2,1,,1,86,0,,3,4,0,1,3,200,1,, -1,1,0,1,110,19,5,1,92,92025,1,1,0,2,A86,48.9233278822,2.2286303863,15,2,2
202100022653,161Â 127,B01,4,2,1,1,1,0,-1,0,0,-1,2021,41.0,1,2,0,2,4,2,1,,4,PORTE D AUTEUIL,0,,1,4,0,1,11,700,1,, -1,1,1,1,70,24,8,1,75,75116,2,1,0,4,PORTE D AUTEUIL,48.844089,2.254686,20,4,3
202100001496,199Â 115,A01,1,1,1,4,2,6,-1,0,0,-1,2021,39.0,2,1,0,2,1,1,1,,4,AVENUE DE FRANCE,0,,2,2,0,1,(1),(1),1,, -1,2,0,1,30,24,12,1,75,75113,2,2,1,1,AVENUE DE FRANCE,48.827187,2.380048,11,2,2
202100001611,198Â 918,A01,1,1,1,5,1,0,-1,-1, -1,-1,2021,79.0,2,2,10,0,1,1,1,,4,JEAN DUSSERT (RUE),0,,2,2,0,2,0,0,1,, -1,1,8,1,50,23,12,1,13,13204,2,1,0,1,JEAN DUSSERT (RUE),43.3148428116,5.4010914993,11,1,1
202100027697,152Â 206,A01,1,1,1,5,1,-1,-1,-1,0,-1,2021,71.0,1,2,0,2,8,1,1,,3,DIX NEUF MARS 62 (DU),0,,3,3,3,1,2,830,1,, -1,1,5,1,50,21,7,5,95,95277,2,6,0,3,RD 970,48.993292,2.442686,22,2,2
202100041060,128Â 214,B01,2,1,1,0,8,0,-1,-1, -1,-1,2021,40.0,1,1,0,2,1,0,5,,2,Morne Salines,0,,2,2,0,2,(1),(1),1,, -1,1,0,1,70,5,5,3,971,97113,1,3,0,3,Morne Salines,16.20857,-61.44203,19,2,2
202100050777,110Â 918,A01,1,1,1,0,8,0,-1,-1, -1,-1,2021,25.0,2,1,12,0,1,26,1,,3,HUIT MAI 1945 (AV DU),0,,1,1,0,1,1,0,3,, -1,1,5,1,50,20,2,5,94,94044,2,6,0,6,Avenue du 8 Mai 1945,48.75152,2.49057,19,1,1
202100011479,181Â 208,A01,1,1,1,0,2,-1,-1,0,0,-1,2021,35.0,0,1,15,0,0,0,1,,4,,-1,,2,1,0,1,(1),(1),1,,"5,5",1,0,1,50,24,10,5,85,85288,2,6,0,6,Avenue des Sports,46.463984,-1.634485,0,1,1
202100004675,193Â 420,B01,1,1,1,9,2,8,-1,-1, -1,-1,2021,62.0,2,1,0,2,1,1,1,,3,MONTABO (ROUTE DE) 2,0,,2,1,0,1,2,50,1,, -1,1,0,1,50,2,12,1,973,97302,2,1,0,3,MONTABO (ROUTE DE) 2,4.9423176856,-52.3051750661,12,2,2
202100037570,134Â 510,B01,2,2,2,5,1,0,-1,-1, -1,-1,2021,21.0,1,2,0,2,4,23,1,,7,1ERE DFL (AVENUE),0,,2,2,0,1,41,0,1,, -1,1,0,1,50,28,5,1,83,83034,2,1,0,2,1ERE DFL (AVENUE),43.092771,6.074657,18,4,2
202100008695,186Â 194,B01,1,1,1,4,0,-1,-1,-1, -1,-1,2021,32.0,1,1,0,2,0,0,3,,4,TOBROUK,0,,1,1,0,1,(1),(1),1,, -1,1,5,1,50,5,11,5,78,78586,2,6,0,3,TOBROUK,48.93208,2.16524,19,2,2
202100033939,141Â 095,A01,1,1,1,5,0,-1,-1,0,0,-1,2021,58.0,1,2,5,2,7,13,1,,3,46,0,,2,2,0,1,25,515,1,, -1,2,2,1,70,17,6,1,43,43012,2,1,1,1,Route de Firminy,45.3839160022,4.2274430394,18,2,2
202100016660,171Â 849,B01,1,1,1,1,2,0,-1,-1, -1,-1,2021,39.0,0,1,0,2,1,0,1,,4,CABOT (BOULEVARD),0,,2,2,0,1,0,0,1,, -1,1,0,1,50,25,9,1,13,13209,2,3,0,3,CABOT (BOULEVARD),43.26018,5.4158,14,2,2
202100001544,199Â 042,B01,1,1,1,5,1,-1,-1,0,0,-1,2021,57.0,1,2,0,2,2,14,0,,1,9,0,A,3,3,0,1,60,700,1,, -1,2,0,1,130,24,12,3,30,30169,1,1,1,3,"A9, Pk 60+700",43.795106,4.305696,2,6,2
202100003428,195Â 625,A01,10,3,1,0,0,-1,-1,2,3,1,2021,14.0,2,2,0,1,1,1,1,,4,DANIEL CASANOVA (BOULEVARD),0,,2,0,0,1,1,0,1,, -1,1,0,1,50,11,12,1,13,13214,2,1,0,1,DANIEL CASANOVA (BOULEVARD),43.32452,5.37388,13,2,1
202100032065,144Â 434,A01,2,2,1,5,1,-1,-1,-1,0,-1,2021,23.0,1,2,4,0,1,26,1,,1,AUTOROUTE A115,0,,3,5,0,1,0,600,3,, -1,2,0,1,70,27,6,5,95,95582,1,1,1,6, A115,48.97778,2.24082,5,5,1
202100015972,173Â 118,B01,1,1,1,5,8,8,-1,0,0,-1,2021,11.0,2,1,0,2,-1,25,5,,3,VICTOR HUGO (BD),0,,2,0,0,1,0,0,1,, -1,1,0,1,50,30,9,1,92,92024,2,1,0,6,VICTOR HUGO (BD),48.9014267412,2.3168970057,17,2,2
202100028445,150Â 869,A01,10,3,1,5,0,-1,-1,3,3,2,2021,3.0,2,2,0,1,2,1,1,,4,AVENUE DES TERROIRS DE FRANCE,0,,3,2,0,1,(1),(1),1,, -1,1,0,1,50,17,7,1,75,75112,2,1,0,6,AVENUE DES TERROIRS DE FRANCE,48.832047,2.388404,18,4,1
202100015273,174Â 412,A01,1,1,1,5,2,6,-1,0,0,-1,2021,31.0,2,1,0,2,1,1,1,,3,909,-1,,2,2,0,2,20,490,1,, -1,1,0,1,90,4,10,1,15,15259,1,1,0,2,RD 909,45.115965,3.144665,15,2,2
202100026439,154Â 439,A01,2,2,2,0,1,5,-1,-1, -1,-1,2021,21.0,2,2,2,0,1,14,0,,3,COEUR VOLANT (COTE DU),0,,2,0,0,2,0,640,1,, -1,1,0,3,50,29,7,1,78,78372,2,1,0,6,COEUR VOLANT (COTE DU),48.86431,2.10353,13,2,1
202100043341,124Â 192,B01,2,2,2,0,3,0,-1,-1, -1,-1,2021,5.0,1,1,0,2,1,1,0,,4,SALOMON RACHI (RUE),0,,2,2,0,1,(1),(1),1,, -1,1,0,5,50,19,4,1,10,10387,2,2,0,3,SALOMON RACHI (RUE),48.2888089915,4.0804553032,8,3,2
202100022959,160Â 586,A01,1,1,1,5,1,-1,-1,0,0,-1,2021,26.0,2,2,13,0,0,0,1,,7,55,0,M,2,2,0,2,0,250,1,, -1,1,0,1,80,19,8,1,6,6042,1,1,0,6,M55,43.980579,7.139933,17,1,1
202100014682,175Â 469,B01,1,1,2,5,2,-1,-1,0,0,-1,2021,52.0,2,1,0,2,0,1,5,,3,8,0,,2,1,0,2,10,350,1,, -1,1,0,1,80,7,10,2,57,57102,2,1,0,3,Bousse,49.277689,6.215917,19,2,2
202100056229,101Â 388,A01,2,2,1,0,1,0,-1,-1, -1,-1,2021,43.0,2,2,0,0,1,1,1,,2,104,0,,1,1,0,1,44,299,3,, -1,2,0,1,50,5,1,1,91,91235,1,1,0,7,RN 104,48.6258535349,2.3562412262,13,2,1
202100034526,140Â 015,A01,10,3,2,5,8,-1,-1,2,3,1,2021,75.0,1,2,0,1,8,1,0,,3,618,0,D,2,2,0,1,17,972,3,, -1,1,0,1,50,15,6,1,9,9111,2,1,1,6,Douns,42.948311,1.059279,8,3,1
202100036896,135Â 749,A01,1,1,1,1,2,6,-1,0,0,-1,2021,21.0,0,1,6,0,1,0,0,,3,220,-1,,2,2,0,2,18,160,1,, -1,1,0,1,50,3,6,1,61,61214,2,1,0,6,20 Rue Charles MÃ©rouvel,48.765098,0.613816,14,1,1
202100052322,108Â 190,B01,1,1,1,9,8,0,-1,0,0,-1,2021,35.0,1,1,0,2,7,1,5,,4,PLACE DE LA PORTE DE SAINT CLOUD,0,,3,1,1,1,(1),(1),3,, -1,2,-1,5,50,6,2,1,75,75116,2,7,1,3,PLACE DE LA PORTE DE SAINT CLOUD,48.8380209788,2.2563705654,16,3,2
202100027712,152Â 177,A01,1,1,1,0,8,0,-1,-1, -1,-1,2021,34.0,0,2,4,0,3,1,1,,7,D 418,0,,3,4,0,1,3,50,1,, -1,1,0,1,90,21,7,3,76,76497,1,1,0,6,D 418,49.3817488295,1.0576486588,22,1,1
202100020753,164Â 538,B01,2,2,2,4,1,-1,-1,0,0,-1,2021,55.0,1,5,0,2,2,21,1,,2,248,-1,,2,2,0,1,1,297,1,,7,1,0,1,80,4,9,1,79,79298,1,1,0,1,,46.245876,-0.48151,18,3,2
202100041751,126Â 982,B01,1,1,1,5,1,-1,-1,-1,0,-1,2021,25.0,2,2,0,2,1,1,1,,1,AUTOROUTE A15,0,,3,9,0,1,21,100,1,, -1,2,0,1,90,1,5,4,95,95572,1,1,1,1, A15,49.03099,2.1204,22,2,2
202100040440,129Â 322,B01,1,1,2,0,2,6,-1,-1, -1,-1,2021,34.0,2,1,0,2,1,17,1,,2,tsoundzou-Cadjifouteni ( rue ),0,,2,0,0,1,0,0,1,, -1,1,0,1,50,10,5,1,976,97611,2,1,1,2,tsoundzou-Cadjifouteni ( rue ),-12.80751,45.20559,6,2,2
202100004625,193Â 497,A01,1,1,1,5,1,0,-1,-1, -1,-1,2021,56.0,3,2,4,0,1,0,1,,1,AUTOROUTE A86,0,,1,1,0,2,50,779,2,, -1,2,0,1,50,5,12,1,94,94034,1,1,1,7,AUTOROUTE A86,48.75815,2.3353,11,1,1
202100047630,116Â 616,B01,1,1,1,-1,0,-1,-1,-1, -1,-1,2021,39.0,1,1,0,2,1,1,5,,4,LOUIS BLANC (PLACE),0,,2,2,0,1,0,0,2,, -1,1,0,1,50,16,3,1,32,32013,2,3,0,3,LOUIS BLANC (PLACE),43.64703,0.58746,13,2,2
202100033839,141Â 272,B01,1,1,2,1,2,-1,-1,-1, -1,-1,2021,44.0,1,0,0,2,9,1,3,,4,TAILLIS (ROND-POINT DU),0,,1,1,2,1,(1),(1),2,, -1,2,5,1,50,17,6,1,35,35051,2,6,0,3,Rond-point du Taillis,48.114074,-1.620255,8,2,2
202100024846,157Â 245,A01,10,3,1,0,8,8,-1,2,3,1,2021,58.0,1,1,0,1,1,1,5,,4,ARRAS RUE D,0,,3,0,0,1,(1),(1),1,, -1,1,0,1,50,2,8,1,59,59350,2,1,0,6,ARRAS RUE D,50.61998,3.065,13,2,1
202100044402,122Â 311,A01,1,1,2,1,1,-1,-1,0,0,-1,2021,33.0,1,2,0,2,3,13,1,,3,69,0,,2,2,0,2,6,340,2,, -1,1,0,1,80,12,4,1,39,39478,1,1,0,1,,46.421928,5.879054,18,2,2
202100041894,126Â 734,A01,1,1,1,0,8,0,-1,-1, -1,-1,2021,74.0,0,1,0,0,0,1,5,,4,,0,,-1,2,0,1,0,0,1,, -1,1,0,1,50,24,4,1,53,53130,2,1,0,7,FERME DE BOIS GAMATS ( CHEMIN DE LA ),48.052368,-0.783655,11,1,1
202100032491,143Â 692,A01,1,1,2,5,1,-1,-1,-1, -1,-1,2021,88.0,2,2,0,2,1,1,1,,3,PYLA (BD DU),0,,2,2,0,1,2,650,2,, -1,1,0,1,50,24,6,1,33,33529,2,6,0,3,,44.63306,-1.1609,15,2,2
202100004474,193Â 771,A01,1,1,1,5,1,-1,-1,-1, -1,-1,2021,53.0,1,2,4,0,1,14,1,,1,ROCADE A 630,0,,1,2,0,2,0,519,2,, -1,4,3,1,70,6,12,5,33,33249,1,1,1,6,ROCADE A 630,44.884657,-0.511607,20,1,1
202100022075,162Â 169,B01,2,2,2,9,1,-1,-1,-1, -1,-1,2021,21.0,3,2,0,2,4,2,1,,4,INTERMARCHE (BOULEVARD WILSON),0,,4,2,0,1,(1),(1),1,, -1,1,5,1,50,27,8,1,51,51454,2,6,0,2,Boulevard du PrÃ©sident Wilson,49.24186,4.01772,20,4,2
202100038349,133Â 084,A01,10,3,2,2,0,-1,-1,3,3,1,2021,12.0,1,2,0,1,3,1,1,,4,LANNOY (RUE),0,,2,2,0,1,(1),(1),1,, -1,1,0,1,50,25,5,1,59,59512,2,1,0,6,LANNOY (RUE),50.683485,3.192178,8,2,1
202100028011,151Â 638,A01,1,1,1,9,0,-1,-1,0,0,-1,2021,23.0,1,2,16,0,1,1,1,,3,919,0,,2,2,0,1,7,950,1,, -1,1,0,3,90,21,7,3,61,61435,1,1,0,7,Saint-Nicolas-de-Sommaire,48.829664,0.610782,7,1,1
202100047981,115Â 975,B01,1,1,1,9,2,6,-1,0,0,-1,2021,37.0,1,1,0,2,1,2,1,,3,137,0,D,2,2,0,1,119,198,1,, -1,1,0,1,50,15,3,3,17,17407,2,1,0,3,Route de Nantes,46.206792,-1.026949,20,2,2
202100034943,139Â 246,B01,1,1,1,5,8,0,-1,-1, -1,-1,2021,39.0,2,1,0,2,1,1,5,,4,GAMBETTA (BOULEVARD),0,,2,3,0,2,0,0,1,, -1,1,5,1,50,9,6,1,87,87085,2,2,0,3,GAMBETTA (BOULEVARD),45.82858,1.25616,15,2,2
202100031516,145Â 426,A01,1,1,1,5,2,6,-1,0,0,-1,2021,16.0,1,1,0,2,7,15,1,,3,87,-1,,2,2,0,2,6,190,3,, -1,1,0,1,50,2,7,1,1,1400,2,9,0,3,D87,45.805843,5.491847,17,2,2
202100039144,131Â 655,A01,1,1,1,5,2,0,-1,0,0,-1,2021,5.0,1,1,0,2,8,19,5,,4,RUE MICHEL CHASLES,0,,1,1,0,1,(1),(1),1,, -1,1,0,1,50,20,5,1,75,75112,2,2,0,3,RUE MICHEL CHASLES,48.846925,2.373868,16,2,2
202100006473,190Â 228,A01,10,3,2,1,0,-1,-1,2,3,1,2021,20.0,1,1,0,1,3,1,1,,4,RUE DU QUATRE SEPTEMBRE,0,,1,3,3,1,(1),(1),1,, -1,1,0,1,30,23,11,5,75,75102,2,2,0,6,RUE DU QUATRE SEPTEMBRE,48.869174,2.338691,18,2,1
202100009731,184Â 309,A01,1,1,2,0,1,8,-1,-1, -1,-1,2021,19.0,2,2,0,2,1,2,1,,4,MARECHAL JUIN AVENUE,0,,-1,1,0,2,(1),(1),1,, -1,1,0,1,50,2,11,1,201,201004,2,1,0,2,MARECHAL JUIN AVENUE,41.93775,8.75084,16,3,2
202100036982,135Â 594,A01,10,3,1,5,0,-1,-1,3,3,1,2021,64.0,1,2,0,1,1,1,1,,4,TORCATIS (AVENUE LOUIS),0,,1,1,0,1,0,0,1,, -1,1,0,1,50,1,6,1,66,66136,2,1,0,6,TORCATIS (AVENUE LOUIS),42.70352,2.88887,14,2,1
202100022853,160Â 766,A01,1,1,2,5,2,-1,-1,0,0,-1,2021,25.0,1,1,0,0,8,1,1,,3,290,0,,2,2,0,1,4,900,2,, -1,9,0,1,70,26,6,2,7,7330,1,1,0,7,Route touristique des gorges de l'adÃ¨che  CD 290,44.382597,4.41365,20,1,1
202100020933,164Â 241,A01,1,1,1,0,0,-1,-1,0,0,-1,2021,74.0,1,1,0,0,1,0,5,,3,,-1,,-1,1,2,1,(1),(1),1,,3,1,0,5,50,5,9,1,14,14339,2,1,0,7,Rue de l Eglise,49.1283846,-0.314847,13,1,1
202100034088,140Â 831,A01,10,3,2,5,0,-1,-1,8,9,3,2021,3.0,3,5,0,1,4,4,1,,4,AVENUE ALBERT DE MUN,0,,-1,1,0,1,(1),(1),1,, -1,1,6,1,20,16,6,1,75,75116,2,1,0,6,AVENUE ALBERT DE MUN,48.863114,2.291588,17,4,1
202100016324,172Â 461,A01,1,1,1,5,2,6,-1,0,0,-1,2021,37.0,2,1,5,0,2,14,1,,7,468,0,M,2,2,0,1,63,300,3,, -1,1,0,3,80,24,8,3,67,67519,1,1,0,6,M468,48.644819,7.794006,4,1,1
202100052898,107Â 165,B01,1,1,2,0,1,8,-1,-1, -1,-1,2021,35.0,3,2,0,2,3,1,1,,4,FLORIAN (AVENUE),0,,3,3,0,2,(1),(1),1,, -1,1,1,1,50,1,2,5,13,13210,2,1,0,3,FLORIAN (impasse),43.285013,5.426259,19,2,2
202100004224,194Â 199,A01,1,1,1,1,1,0,-1,-1, -1,-1,2021,19.0,2,2,0,2,1,13,1,,2,RN.147,0,,-1,2,0,1,65,750,3,, -1,1,0,1,80,6,12,2,86,86158,1,1,0,1,N147,46.641685,0.291347,7,2,2
202100036434,136Â 581,Z01,10,3,2,0,0,-1,-1,3,3,1,2021,51.0,2,2,0,1,1,26,1,,4,RTE DE TOULOUSE,0,,2,2,2,1,(1),(1),1,, -1,2,0,1,50,4,6,1,33,33039,2,3,1,6,Route de Toulouse,44.80608,-0.57274,11,2,1
202100018993,167Â 683,A01,1,1,1,1,2,6,-1,0,0,-1,2021,54.0,1,1,0,2,1,2,1,,4,AVENUE DE L HIPPODROME,0,,2,2,0,1,(1),(1),1,, -1,1,0,1,50,13,9,1,75,75116,2,1,0,2,AVENUE DE L HIPPODROME,48.857834,2.249829,7,2,2
202100013994,176Â 689,B01,1,1,1,5,8,8,-1,-1, -1,-1,2021,61.0,2,1,0,2,8,1,1,,3,CHATEAUX (CARREFOUR LES),0,,2,10,0,1,1,0,1,, -1,1,5,1,50,9,10,5,67,67462,2,9,0,3,CHATEAUX (CARREFOUR LES),48.26314,7.441,19,3,2
202100041226,127Â 910,B01,1,1,1,0,1,0,-1,-1, -1,-1,2021,48.0,2,5,0,2,7,1,1,,1,A6B,0,,3,3,0,1,6,0,1,, -1,2,0,1,90,6,5,1,94,94021,1,1,1,3,AUTOROUTE A6B,48.75984,2.33846,14,2,2
202100013772,177Â 090,A01,10,3,2,1,0,-1,-1,0,0,2,2021,19.0,0,2,0,1,2,1,1,,7,72,0,D,2,2,0,1,(1),(1),1,, -1,1,0,3,80,13,10,3,13,13035,1,1,0,2,D17d,43.678732,5.065432,7,2,1
202100027075,153Â 324,B01,1,1,1,0,2,6,-1,-1, -1,-1,2021,52.0,1,1,0,2,1,1,1,,4,JURANVILLE (BOULEVARD DE),0,,2,2,0,1,(1),(1),1,, -1,1,9,1,50,23,7,1,18,18033,2,4,0,3,JURANVILLE (BOULEVARD DE),47.08337,2.38885,15,2,2
202100041764,126Â 958,B01,2,2,2,9,0,0,-1,-1, -1,-1,2021,40.0,2,1,0,2,6,9,3,,4,SOUVENIR FRANCAIS -AVENUE-,0,,2,2,0,1,(1),(1),1,, -1,1,0,1,50,15,4,1,11,11069,2,1,0,3,SOUVENIR FRANCAIS -AVENUE-,43.20856,2.38313,18,3,2
202100045596,120Â 226,B01,1,1,1,1,2,6,-1,-1, -1,-1,2021,29.0,1,1,0,2,3,1,1,,4,LIBERTE (BD DE LA),0,,2,2,0,2,(1),(1),1,, -1,1,0,1,50,30,3,1,34,34032,2,4,0,3,LIBERTE (BD DE LA),43.3387,3.22509,13,2,2