Num_Acc,id_vehicule,num_veh,place,catu,sexe,trajet,secu1,secu2,secu3,locp,actp,etatp,year_acc,victim_age,senc,catv,obs,obsm,choc,manv,motor,occutc,catr,voie,v1,v2,circ,nbv,vosp,prof,pr,pr1,plan,lartpc,larrout,surf,infra,situ,vma,jour,mois,lum,dep,com,agg_,int,atm,col,adr,lat,long,hour,nb_victim,nb_vehicules
202100043286,124Â 290,B01,1,1,1,1,2,6,-1,0,0,-1,2021,19.0,2,1,0,0,3,1,1,,3,22,-1,,2,2,0,3,1,738,1,, -1,1,0,1,50,21,4,1,76,76164,1,1,0,1,Route de Caillouville,49.529883,0.77344,13,2,2
202100036838,135Â 851,B01,1,1,2,1,8,0,-1,0,0,-1,2021,32.0,2,1,0,2,7,17,5,,4,RUE DE CRONSTADT,0,,2,2,0,2,(1),(1),1,, -1,1,0,1,30,2,6,1,75,75115,2,1,0,3,RUE DE CRONSTADT,48.833886,2.301618,9,2,2
202100054148,104Â 961,A01,1,1,2,3,1,-1,-1,0,0,-1,2021,91.0,3,2,0,2,3,15,1,,3,19,-1,C,2,2,0,1,0,0,1,, -1,1,0,1,80,22,1,1,38,38543,1,2,0,3,Route de la Plaine,45.659722,5.459594,11,2,2
202100041366,127Â 667,A01,4,2,1,9,1,-1,-1,0,0,-1,2021,19.0,2,2,8,0,1,13,1,,4,,-1,,2,2,0,1,(1),(1),3,, -1,1,0,4,50,5,5,1,23,23031,2,1,0,6,Rue de la Gare,46.350597,2.221105,20,4,1
202100035451,138Â 343,A01,8,2,2,0,0,-1,-1,-1, -1,-1,2021,34.0,2,3,0,2,3,1,1,2.0,7,AMBROISE CROIZAT                    (BD),0,,3,6,1,1,2,0,1,, -1,1,0,1,50,9,6,5,69,69259,2,2,0,3,AMBROISE CROIZAT (BD),45.70324,4.88748,22,3,2
202100051582,109Â 493,A01,1,1,1,1,2,-1,-1,-1, -1,-1,2021,23.0,1,1,6,0,1,14,1,,3,CHAMPAGNE   (  AVENUE DE),0,,3,4,1,1,22,530,1,, -1,1,2,3,70,13,2,5,51,51454,2,1,0,7,Avenue de Champagne,49.2272615581,4.0290763694,4,1,1
202100036981,135Â 596,B01,1,1,1,5,8,0,-1,-1, -1,-1,2021,30.0,1,1,0,2,1,13,5,,4,MOLIERE (AVENUE),0,,2,4,2,1,0,0,1,, -1,1,0,1,50,29,5,1,67,67482,2,1,0,3,MOLIERE (AVENUE),48.594938,7.707432,10,2,2
202100037809,134Â 073,A01,10,3,2,5,0,-1,-1,1,3,3,2021,19.0,1,2,0,1,1,1,1,,4,SAINT CANNAT (RUE),0,,1,1,0,1,0,0,1,, -1,1,0,1,50,28,5,1,13,13201,2,1,0,6,SAINT CANNAT (RUE),43.2985,5.373,18,2,1
202100036258,136Â 870,A01,10,3,2,0,0,-1,-1,4,3,1,2021,77.0,1,5,0,1,2,16,1,,4,SOLA (BD PIERRE),0,,1,3,0,1,(1),(1),1,, -1,1,0,1,50,5,6,1,6,6088,2,1,0,6,SOLA (BD PIERRE),43.70729,7.28615,18,2,1
202100010603,182Â 775,A01,1,1,2,3,1,-1,-1,0,0,-1,2021,73.0,1,2,0,2,1,13,1,,3,1,-1,,2,2,0,1,22,10,3,,"5,5",1,0,1,90,29,10,1,23,23258,1,1,0,1,Route dÃ©partementale 1,46.2939873013,1.4735627174,11,2,2
202100021348,163Â 493,B01,1,1,1,1,2,-1,-1,0,0,-1,2021,26.0,1,1,0,2,1,17,1,,3,461,-1,,1,2,0,2,61,215,1,, -1,1,3,1,90,2,9,1,25,25321,1,1,0,3,PK 61 - RD 461 - SENS VLL VERS SUISSE,47.059057,6.689236,6,2,2
202100004421,193Â 860,B01,1,1,2,2,2,8,-1,-1, -1,-1,2021,13.0,2,1,9,1,1,25,5,,4,VERDUN (AV. DE) 1 A 33,0,,-1,2,0,1,1,0,1,, -1,2,9,4,50,6,12,5,93,93010,2,9,1,3,VERDUN (AV. DE) 1 A 33,48.9054172695,2.4898070098,17,2,2
202100020374,165Â 220,A01,1,1,1,1,2,-1,-1,0,0,-1,2021,16.0,1,1,0,2,1,1,1,,3,16,-1,,2,2,0,1,2,740,1,, -1,1,0,1,30,6,9,1,41,41200,2,1,0,6,2 Route d Herbault,47.754918,1.077194,7,3,3
202100022751,160Â 933,B01,1,1,1,9,8,0,-1,0,0,-1,2021,54.0,2,1,0,2,2,17,5,,4,RUE SAINT GEORGES,0,,2,1,1,2,(1),(1),1,, -1,1,0,1,30,24,8,1,75,75109,2,1,0,3,RUE SAINT GEORGES,48.877425,2.337304,8,2,2
202100046264,119Â 079,A01,1,1,1,5,2,6,9,0,0,-1,2021,44.0,1,1,0,0,1,1,1,,3,41,0,,2,2,0,2,16,0,3,, -1,1,0,3,90,28,3,1,19,19017,1,1,0,7,Route de l'Auvergnassou,45.0123320476,1.8763649034,16,1,1
202100037953,133Â 825,B01,1,1,2,1,1,5,-1,-1, -1,-1,2021,36.0,2,2,0,2,2,1,1,,3,MARX DORMOY (RUE),0,,2,3,0,3,1,0,1,, -1,1,4,1,50,27,5,4,93,93050,2,1,0,1,Rue Marx Dormoy,48.85402,2.53241,22,2,2
202100052005,108Â 751,B01,1,1,1,3,8,0,-1,-1, -1,-1,2021,37.0,1,1,0,2,7,19,3,,3,143,0,,2,2,0,1,(1),(1),1,, -1,2,0,1,50,4,2,2,59,59227,2,1,0,3,JAURES JEAN (RUE),50.36418,3.30029,17,2,2
202100051383,109Â 835,A01,10,3,2,5,0,-1,-1,5,1,1,2021,52.0,2,2,0,1,8,16,2,,4,,-1,,2,2,-1,1,(1),(1),1,, -1,1,-1,1,50,15,2,1,988,98818,2,3,0,6,SORTIE DU PARKING STATION ESSENCE/ROUTE DE L'ANSE-VATA,-22.29869,166.44478,9,2,1
202100036645,136Â 206,A01,10,3,2,5,0,-1,-1,4,3,1,2021,81.0,1,0,0,1,1,1,3,,4,AVENUE DE CLICHY,0,,2,3,1,1,(1),(1),1,, -1,1,0,5,30,3,6,1,75,75117,2,3,0,6,AVENUE DE CLICHY,48.884937,2.326755,12,2,1
202100042301,126Â 013,A01,1,1,1,0,2,0,-1,0,0,-1,2021,25.0,1,1,0,2,1,26,1,,4,REPUBLIQUE (AVENUE DE LA),0,,3,2,3,1,(1),(1),1,, -1,1,0,1,50,26,4,1,63,63113,2,1,0,2,REPUBLIQUE (AVENUE DE LA),45.78981,3.11066,12,2,2
202100002578,197Â 177,A01,1,1,1,4,2,-1,-1,-1, -1,-1,2021,34.0,1,1,0,0,8,26,0,,4,OBSERVANCE (DE L')                  (MO),0,,2,2,0,2,(1),(1),2,, -1,2,0,8,50,16,12,5,69,69389,2,1,0,7,OBSERVANCE (DE L') (MO),45.76721,4.81158,21,1,1
202100048522,115Â 025,A01,1,1,1,5,2,-1,-1,-1, -1,-1,2021,42.0,1,1,0,2,1,1,1,,4,MARECHAL LECLERC (DU)               (R ),0,,2,2,0,1,(1),(1),1,, -1,1,0,1,50,9,3,1,69,69290,2,1,0,1,MARECHAL LECLERC (R),45.6926558224,4.9361202121,18,3,2
202100009538,184Â 663,A01,10,3,2,9,0,-1,-1,0,9,1,2021,30.0,3,5,0,1,1,0,1,,3,,-1,,-1,0,0,1,(1),(1),1,,0,2,0,8,50,4,11,3,22,22008,2,1,1,6,2 Sentier des Briandais,48.41355,-2.103325,22,2,1
202100006110,190Â 883,B01,1,1,1,1,1,0,-1,-1, -1,-1,2021,57.0,2,2,0,2,4,2,1,,4,HIPPOLYTE MARQUES (BD),0,,1,2,1,1,1,0,1,, -1,1,0,1,30,26,11,1,75,75113,2,1,0,5,Boulevard Hippolyte MarquÃ¨s,48.81916,2.37288,11,5,3
202100001008,199Â 962,A01,10,3,2,5,0,-1,-1,4,3,1,2021,16.0,1,2,0,1,1,1,1,,4,GALLIENI AVENUE,0,,2,2,0,1,1,0,1,, -1,2,0,1,50,29,12,1,49,49246,2,1,1,6,GALLIENI AVENUE,47.4367,-0.5163,9,2,1
202100023064,160Â 393,A01,1,1,2,5,1,0,-1,-1, -1,-1,2021,21.0,2,2,1,0,2,1,1,,4,CHEVALLIER (RUE AUGUSTE),0,,1,1,1,1,(1),(1),1,, -1,1,0,1,50,1,8,1,37,37261,2,1,0,6,CHEVALLIER (RUE AUGUSTE),47.3819155946,0.6789225614,6,1,1
202100015215,174Â 503,C01,1,1,1,0,2,6,-1,-1, -1,-1,2021,35.0,1,1,0,2,2,3,1,,1,A86.INT,0,,1,3,0,1,30,263,1,, -1,2,0,1,90,5,10,1,94,94033,1,1,1,5,A86.INT,48.84879,2.49089,9,4,3
202100055794,102Â 135,B01,1,1,2,0,8,0,-1,-1, -1,-1,2021,30.0,3,1,0,2,1,19,5,,4,AVENUE DE GRUGLIASCO,0,,2,2,0,1,(1),(1),1,, -1,1,0,1,50,8,1,1,38,38151,2,2,0,3,Avenue de Grugliasco,45.14926,5.72047,8,2,2
202100013293,177Â 980,A01,10,3,2,0,0,-1,-1,9,3,2,2021,32.0,0,2,0,1,0,1,1,,4,RABATAU (BOULEVARD),0,,2,4,0,1,0,0,1,, -1,1,0,1,50,5,10,1,13,13210,2,1,0,1,RABATAU (BOULEVARD),43.2762834008,5.39720781,12,3,1
202100053642,105Â 846,B01,1,1,1,4,2,6,-1,-1, -1,-1,2021,34.0,1,1,0,2,1,15,1,,3,989,0,,2,2,0,1,0,0,3,, -1,1,8,1,30,26,1,1,92,92040,2,9,0,3,LEON BLUM (PLACE),48.8208091954,2.2601285577,13,2,2
202100027365,152Â 802,B01,1,1,1,0,2,6,-1,-1, -1,-1,2021,31.0,3,1,12,2,6,1,1,,4,RUE BERGEON,0,,1,1,0,1,(1),(1),1,, -1,1,0,1,20,23,7,1,33,33063,2,2,0,3,Rue Bergeon,44.82969,-0.56918,13,2,2
202100007475,188Â 391,A01,10,3,2,5,0,-1,-1,1,3,1,2021,47.0,1,2,0,1,1,16,1,,3,928,0,D,-1,2,0,1,11,725,1,, -1,1,0,1,30,18,11,1,62,62549,2,9,0,6,Avenue de Lattre de Tassigny,50.374314,2.030459,9,2,1
202100001373,199Â 313,A01,1,1,1,0,1,0,-1,-1, -1,-1,2021,87.0,1,2,4,0,3,13,1,,3,,0,,3,4,0,1,140,0,3,, -1,2,9,1,70,25,12,1,25,25230,2,1,0,6,SOCHAUX (RUE DE),47.50132,6.84252,11,2,1
202100042391,125Â 858,B01,1,1,1,4,1,-1,-1,0,0,-1,2021,22.0,1,4,0,2,2,1,1,,3,999,-1,N,2,2,0,1,1,908,1,, -1,1,0,1,80,27,4,1,31,31584,1,1,0,5,Route de Montauban,43.866849,1.471918,18,3,3
202100005215,192Â 453,A01,10,3,1,5,0,-1,-1,2,3,1,2021,40.0,1,2,0,1,2,1,1,,4,RUE AUGUSTE BENEBIG,0,,2,2,0,2,0,0,1,, -1,2,0,1,50,2,12,1,988,98818,2,1,1,6,RUE AUGUSTE BENEBIG,-22.26879,166.45951,6,2,1
202100040310,129Â 550,A01,2,2,1,4,1,-1,-1,-1, -1,-1,2021,34.0,2,2,0,2,8,15,1,,4,JEAN MERMOZ                         (AV),0,,2,4,3,1,(1),(1),1,, -1,2,0,6,50,11,5,1,69,69388,2,9,1,3,JEAN MERMOZ  (AV),45.73551,4.87205,15,3,2
202100024290,158Â 252,A01,2,2,2,9,1,0,-1,-1, -1,-1,2021,66.0,1,2,3,0,1,14,1,,2,RN 141,0,,2,2,0,1,105,120,1,0,7,1,0,1,70,20,7,1,16,16089,1,1,0,6,,45.6813,-0.294699,18,2,1
202100023471,159Â 669,A01,1,1,1,0,2,0,-1,-1, -1,-1,2021,30.0,2,1,0,0,7,21,1,,4,,0,,2,2,0,1,69,0,1,, -1,1,0,1,50,18,8,1,92,92012,2,2,0,7,VICTOR HUGO (AVENUE) 49/FIN - 60/FIN,48.8372938567,2.2457486566,18,1,1
202100012411,179Â 521,A01,10,3,1,3,0,-1,-1,2,3,1,2021,60.0,1,2,0,1,1,1,1,,4,MARECHAL FOCH (RUE),0,,2,2,0,1,(1),(1),1,, -1,1,0,1,50,17,10,1,71,71153,2,4,1,6,Rue MarÃ©chal Foch,46.8043753556,4.4410809077,9,2,1
202100024366,158Â 126,A01,10,3,2,3,0,-1,-1,1,3,1,2021,72.0,0,2,0,1,3,15,2,,6,,-1,,-1,-1,0,1,(1),(1),1,,4,1,0,1,50,13,8,1,61,61414,1,1,0,6,Route d Alencon,48.5272,0.533132,9,2,1
202100016544,172Â 057,B01,1,1,1,1,2,0,-1,-1, -1,-1,2021,43.0,2,1,0,2,1,1,1,,3,PIERRE MENDES FRANCE (AV),0,,2,2,0,1,1,0,1,, -1,1,0,1,50,26,9,1,94,94042,2,1,0,3,Avenue Pierre MendÃ¨s- France,48.81429,2.46251,10,2,2
202100047323,117Â 178,A01,10,3,2,0,0,-1,-1,1,3,1,2021,31.0,3,2,0,1,1,19,1,,4,BOIS DE NEFLES (ROUTE DE),0,,2,2,0,1,(1),(1),1,, -1,1,0,1,30,19,3,1,974,97411,2,1,0,6,Route de Bois de NÃ¨fles (c.d. 49),-20.89136,55.48029,8,2,1
202100037564,134Â 521,B01,1,1,1,0,2,8,-1,-1, -1,-1,2021,55.0,1,1,0,0,0,1,1,,7,EMILE ZOLA                          (BD),0,,2,2,0,1,2,500,1,, -1,1,0,1,50,29,5,1,69,69149,2,3,0,7,EMILE ZOLA                          (BD),45.71983,4.79881,9,2,2
202100010495,182Â 960,A01,2,2,2,0,1,-1,-1,-1, -1,-1,2021,28.0,3,2,0,2,4,1,1,,4,MERIDIENNE. RUE,0,,2,3,0,1,0,0,1,, -1,1,0,1,30,28,10,3,76,76540,2,2,0,5,MERIDIENNE. RUE,49.42578,1.08261,20,4,3
202100006948,189Â 350,B01,1,1,2,0,8,0,-1,-1, -1,-1,2021,43.0,3,2,0,2,1,1,1,,4,TOULOUSE-LAUTREC (ALLEE),0,,2,2,0,1,0,0,1,, -1,2,0,1,50,21,11,1,93,93078,2,2,1,3,TOULOUSE-LAUTREC (ALLEE),48.95292,2.55311,12,2,2
202100014724,175Â 396,A01,1,1,1,1,2,6,-1,-1, -1,-1,2021,35.0,1,1,0,2,4,2,1,,1,A50-Sens Marseille vers Aubagne,0,,1,3,0,1,8,880,1,, -1,1,0,2,90,5,10,3,13,13211,1,1,0,2,A50-Sens Marseille vers Aubagne,43.2882,5.50004,23,2,2
202100037558,134Â 532,B01,2,2,2,0,2,8,-1,-1, -1,-1,2021,20.0,1,1,1,0,7,1,1,,4,14 ET 22 JUIN 1962,0,,2,2,0,1,(1),(1),1,, -1,1,0,1,50,29,5,1,973,97302,2,1,0,6,14 ET 22 JUIN 1962,4.9351379707,-52.3273974979,17,3,2
202100026604,154Â 151,A01,10,3,1,0,0,-1,-1,1,5,1,2021,44.0,2,2,0,1,3,1,1,,1,A86 EXT,0,,3,4,0,1,39,700,1,, -1,1,0,1,90,28,7,1,94,94028,1,1,0,6,A86 EXT,48.78242,2.4409,19,2,1
202100021221,163Â 728,A01,1,1,2,4,1,-1,-1,-1,0,-1,2021,31.0,1,2,0,2,6,23,1,,3,DIVISION LECLERC (AVENUE DE LA),0,,1,2,0,1,1,0,1,, -1,1,0,1,50,2,9,1,95,95585,2,6,0,2,RD 316,48.98334,2.37089,15,4,2
202100001560,199Â 021,B01,4,2,2,5,1,-1,-1,-1, -1,-1,2021,19.0,1,2,0,2,4,2,1,,1,A7   10.992 A 13.970,0,,3,6,0,1,13,600,1,, -1,2,3,1,110,24,12,3,69,69296,1,1,0,2,A7   10.992 A 13.970,45.64083,4.82579,18,4,2
202100017983,169Â 480,B01,1,1,2,0,0,-1,-1,-1, -1,-1,2021,22.0,0,1,0,2,7,19,3,,4,ANDRE PHILIP                        (R ),0,,2,2,3,1,(1),(1),1,, -1,2,5,1,50,19,9,5,69,69383,2,2,1,3,ANDRE PHILIP (R),45.7528,4.85209,1,3,2
202100033328,142Â 188,B01,1,1,1,0,2,0,-1,-1, -1,-1,2021,31.0,1,1,0,2,4,1,1,,3,R D 900,0,,3,4,0,1,0,0,1,, -1,1,0,1,110,12,6,3,66,66136,2,1,0,2,R D 900,42.72982,2.88098,23,2,2
202100054037,105Â 156,A01,10,3,2,5,0,-1,-1,3,3,1,2021,56.0,2,3,0,1,0,1,1,1.0,4,PIERRE SEMARD (avenue),0,,2,3,0,1,0,0,1,, -1,1,0,1,50,21,1,1,84,84007,2,1,0,6,PIERRE SEMARD (avenue),43.93992,4.82041,14,2,1
202100010477,182Â 996,B01,2,2,2,5,1,0,-1,0,0,-1,2021,28.0,1,2,0,2,0,15,1,,2,T21,0,,4,2,0,1,(1),(1),2,, -1,1,0,1,50,28,10,1,201,201004,2,6,0,3,T21,41.92961,8.76144,16,3,2
202100047960,116Â 011,A01,1,1,1,5,2,6,-1,-1, -1,-1,2021,39.0,1,1,0,2,1,13,1,,4,COLONEL FABIEN (AV DU),0,,2,2,0,1,0,0,1,, -1,1,0,1,50,14,3,1,94,94081,2,1,0,1,COLONEL FABIEN (AV DU),48.78359,2.3798,12,2,2
202100016193,172Â 693,A01,1,1,1,0,2,0,-1,-1, -1,-1,2021,40.0,1,1,14,0,0,26,1,,4,AV PAUL SEJOURNE,0,,3,4,0,1,(1),(1),1,, -1,1,2,1,50,28,9,5,31,31555,2,1,0,6,AV PAUL SEJOURNE,43.60672,1.42821,21,1,1
202100035055,139Â 034,B01,1,1,1,4,2,0,-1,0,0,-1,2021,35.0,2,1,0,2,2,17,3,,4,RUE MONGE,0,,2,3,0,2,(1),(1),1,, -1,1,0,1,30,9,6,5,75,75105,2,3,0,1,RUE MONGE,48.844481,2.352427,22,3,2
202100055684,102Â 325,B01,1,1,1,1,2,0,-1,0,0,-1,2021,36.0,2,1,0,2,4,13,5,,4,RUE DE LA PEPINIERE,0,,1,3,3,1,(1),(1),1,, -1,1,-1,6,50,8,1,5,75,75108,2,1,0,3,RUE DE LA PEPINIERE,48.875022,2.321286,17,2,2
202100009899,183Â 999,A01,10,3,1,3,8,8,-1,3,3,1,2021,80.0,1,2,0,1,1,1,0,,3,BEAUSSET (ROUTE DU),0,,2,1,0,1,0,0,1,, -1,1,0,1,50,22,10,1,83,83009,2,1,0,6,BEAUSSET (ROUTE DU),43.1468,5.76526,17,2,1
202100041534,127Â 367,B01,1,1,2,5,1,0,-1,-1, -1,-1,2021,25.0,3,2,0,2,1,1,1,,4,JEAN JAURES,0,,2,3,0,1,(1),(1),1,, -1,1,0,1,50,2,5,1,37,37122,2,2,0,1,JEAN JAURES,47.3487678289,0.6632523536,10,6,2
202100001913,198Â 373,B01,1,1,1,0,2,6,-1,-1, -1,-1,2021,32.0,3,1,0,2,1,1,1,,4,ORADOUR SUR GLANE(AVENUE D'),0,,-1,2,0,1,1,0,1,, -1,1,0,1,50,20,12,5,94,94011,2,1,0,1,ORADOUR SUR GLANE(AVENUE D'),48.76872,2.48079,18,2,2
202100032886,142Â 982,B01,1,1,2,1,8,-1,-1,0, -1,-1,2021,19.0,0,1,0,2,8,1,3,,4,MONTAIGNE (DE 39 A 111 ET 32 A 96),0,,1,2,0,1,(1),(1),2,, -1,1,0,1,50,11,6,1,29,29019,2,6,0,3,Boulevard Montaigne,48.40524,-4.47805,9,2,2
202100051402,109Â 806,A01,2,2,1,5,0,0,-1,-1, -1,-1,2021,20.0,2,2,13,0,0,1,1,,3,ROUTE DE BORDEAUX,0,,2,2,0,1,2,340,3,, -1,1,0,8,50,14,2,3,82,82121,2,6,0,6,ROUTE DE BORDEAUX,44.02756,1.32507,0,2,1
202100018168,169Â 135,B01,1,1,1,4,2,7,-1,0,0,-1,2021,38.0,1,1,0,2,1,7,1,,4,AVENUE MARCEAU,0,,2,4,3,2,(1),(1),1,, -1,1,0,6,30,17,9,1,75,75108,2,3,0,2,AVENUE MARCEAU,48.86651,2.29948,19,2,2
202100004908,193Â 017,A01,1,1,1,5,1,0,-1,-1, -1,-1,2021,27.0,1,2,4,2,3,2,1,,1,A86 EXT,0,,1,3,0,1,45,299,3,, -1,2,1,1,80,4,12,3,94,94073,1,1,1,4,A86 EXT,48.76823,2.379,3,3,3
202100013304,177Â 962,A01,1,1,1,5,2,8,-1,0,0,-1,2021,34.0,1,1,0,0,1,1,5,,4,ALLEE DU BORD DE L EAU,0,,2,2,0,1,(1),(1),1,, -1,1,0,1,50,14,10,5,75,75116,2,3,0,6,ALLEE DU BORD DE L EAU,48.862294,2.229339,21,1,1
202100052364,108Â 114,A01,2,2,2,9,1,-1,-1,-1, -1,-1,2021,20.0,2,2,0,2,1,14,1,,1,ROCADE A 630,0,,3,6,0,1,6,0,1,, -1,2,0,1,90,6,2,1,33,33063,1,1,1,2,Rocade Nord A630,44.886831,-0.569558,13,4,2
202100056004,101Â 778,A01,1,1,1,3,2,6,9,0,0,-1,2021,60.0,1,1,0,2,1,3,1,,3,263,0,D,2,2,0,1,19,300,1,, -1,1,0,1,70,8,1,3,76,76099,1,1,0,1,Route de la Pierre,49.55683,0.85675,18,2,2
202100039730,130Â 563,A01,10,3,1,5,0,-1,-1,2,3,1,2021,14.0,1,2,0,1,3,9,1,,4,VERLAINE (RUE PAUL),0,,2,1,3,1,0,0,1,, -1,2,9,8,30,16,5,1,93,93027,2,1,1,6,Rue Paul Verlaine,48.93333,2.392296,18,2,1
202100020856,164Â 367,A01,1,1,2,0,1,0,-1,-1, -1,-1,2021,32.0,2,2,0,2,1,15,1,,4,MIRABEAU (PONT),0,,2,2,0,1,(1),(1),1,, -1,1,0,1,50,4,9,5,37,37261,2,2,0,3,MALRAUX (QUAI ANDRE),47.3975752883,0.6993154825,22,3,2
202100031162,146Â 033,A01,1,1,1,1,2,6,-1,-1, -1,-1,2021,50.0,2,1,12,0,0,1,1,,4,ELIE WIESEL (BD),0,,1,2,0,2,4,599,3,, -1,1,1,1,50,2,7,5,13,13210,2,1,0,6,ELIE WIESEL (BD),43.28257,5.42677,19,1,1
202100036546,136Â 391,A01,2,2,1,5,2,6,9,0,0,-1,2021,14.0,1,1,13,0,1,10,1,,7,,-1,,-1,1,0,1,(1),(1),1,,3,1,0,3,80,5,6,1,38,38328,1,1,0,6,160 CHEMIN DE MAUPAS,45.250899,5.724121,15,2,1
202100049356,113Â 538,B01,1,1,1,4,1,-1,-1,-1, -1,-1,2021,22.0,1,5,0,0,8,15,1,,7,HIPPODROME (DE L')                  (AV),0,,2,2,0,1,3,100,1,, -1,1,0,3,50,3,3,2,69,69286,2,1,0,3,HIPPODROME (DE L')                  (AV),45.816744,4.88901,18,2,2
202100046366,118Â 890,A01,1,1,1,5,2,6,-1,0,0,-1,2021,66.0,1,1,0,0,8,1,1,,4,PLACE EDMOND ROSTAND,0,,1,2,3,1,(1),(1),1,, -1,2,0,1,50,26,3,5,75,75106,2,7,1,7,PLACE EDMOND ROSTAND,48.8475085923,2.3404399505,22,1,1
202100047454,116Â 942,A01,1,1,1,5,1,-1,-1,0,0,-1,2021,16.0,2,2,6,0,1,1,1,,3,8,-1,A,2,2,0,1,(1),(1),1,, -1,1,5,4,50,19,3,5,29,29022,2,3,0,6,D8A - 13 Rue du General Leclerc,48.275438,-4.603347,22,3,1
202100023220,160Â 114,A01,1,1,1,5,2,6,-1,0,0,-1,2021,24.0,2,1,10,2,1,13,1,,3,918,0,,2,2,0,2,52,0,3,, -1,1,0,1,80,21,8,1,65,65123,1,1,0,1,Artigues,42.9365442733,0.2090942451,18,2,2
202100035233,138Â 726,B01,1,1,1,9,2,8,-1,-1, -1,-1,2021,19.0,3,1,0,2,0,13,1,,4,GIBAUDERIE (RUE DE LA),0,,2,2,0,1,(1),(1),2,, -1,1,0,1,90,9,6,1,86,86194,2,1,1,1,Rue de la Gibauderie,46.54873,0.39116,12,2,2
202100025213,156Â 594,B01,1,1,1,5,1,-1,-1,0,0,-1,2021,48.0,1,2,0,2,6,2,1,,1,837,-1,,3,4,0,1,3,362,1,, -1,1,3,1,110,7,8,1,17,17299,1,1,0,2,A837 - PK 002.400 - Sens Rochefort vers Saintes,45.963594,-0.965424,17,7,2
202100042703,125Â 300,B01,1,1,2,5,2,0,-1,0,0,-1,2021,50.0,3,1,0,2,2,1,5,,4,AVENUE DE NOGENT   VINCENNES,0,,2,4,1,1,(1),(1),1,, -1,1,-1,5,50,24,4,1,75,75112,2,1,0,3,AVENUE DE NOGENT   VINCENNES,48.844403,2.4402,12,2,2
202100035916,137Â 487,A01,1,1,1,5,1,-1,-1,-1, -1,-1,2021,55.0,1,2,1,0,3,13,1,,4,Rue LAFOND,0,,1,1,0,1,(1),(1),1,, -1,1,0,1,50,7,6,1,35,35238,2,1,0,6,Rue LAFOND,48.12136,-1.66635,15,1,1
202100022186,161Â 986,A01,1,1,1,5,2,6,9,0,0,-1,2021,21.0,3,1,6,0,9,0,1,,7,21,0,,2,2,0,1,(1),(1),1,, -1,1,0,3,-1,28,8,3,13,13014,1,1,1,7,D21,43.486805,5.190509,23,1,1
202100027796,152Â 029,A01,1,1,1,5,2,8,-1,0,0,-1,2021,42.0,2,1,12,0,1,1,1,,3,13,-1,,2,2,0,1,12,24,3,, -1,1,0,1,50,20,7,4,35,35056,2,1,0,6,5 rue chateaubriand,48.384081,-1.822996,23,1,1
202100032727,143Â 272,B01,1,1,2,5,2,0,-1,-1, -1,-1,2021,38.0,2,1,0,2,3,18,3,,3,907,0,,3,2,1,1,0,0,1,, -1,1,0,1,50,23,6,1,92,92012,2,2,0,3,REINE (ROUTE DE LA) 39/107 BIS,48.8391087785,2.2468355298,21,2,2
202100001252,199Â 523,A01,1,1,2,0,1,8,-1,-1, -1,-1,2021,23.0,2,2,4,0,1,1,1,,1,A12 W,0,,3,1,0,2,7,0,3,, -1,2,0,1,70,27,12,1,78,78423,1,1,1,6,A12 W,48.793494,2.040672,11,1,1
202100023213,160Â 128,A01,1,1,1,1,1,-1,-1,0,0,-1,2021,23.0,1,2,3,0,2,1,1,,3,,-1,,2,1,0,2,(1),(1),1,,"3,5",1,0,1,80,22,8,1,74,74042,1,4,0,6,34 Imp du Pre Jean Charles,46.087906,6.385894,7,1,1
202100034951,139Â 232,A01,1,1,1,5,2,-1,-1,0, -1,-1,2021,26.0,0,1,8,0,1,1,1,,4,ALPHONSE FIQUET (PLACE),0,,2,4,0,1,(1),(1),1,, -1,1,0,1,50,9,6,1,80,80021,2,1,0,6,ALPHONSE FIQUET (PLACE),49.89104,2.30663,20,1,1
202100055989,101Â 810,A01,1,1,1,4,1,-1,-1,0,0,-1,2021,30.0,2,2,0,0,2,1,1,,3,146,0,,2,2,1,2,(1),(1),1,, -1,7,0,1,80,8,1,1,40,40046,1,1,0,1,D146,44.434653,-1.226671,9,2,2
202100006670,189Â 862,B01,1,1,1,0,2,6,-1,-1, -1,-1,2021,21.0,1,1,0,2,1,1,1,,2,RD1250 (BONNEVAL - LA HUME) - Z.A.,0,,2,2,0,1,41,450,1,, -1,1,0,1,80,23,11,1,33,33529,2,1,0,5,RD1250 (BONNEVAL - LA HUME) - Z.A.,44.61776,-1.1336,10,3,3
202100017937,169Â 562,A01,10,3,2,0,0,-1,-1,3,3,1,2021,72.0,3,2,0,1,1,16,1,,3,27,0,,2,2,0,1,(1),(1),3,, -1,1,0,1,50,21,9,1,28,28051,2,6,0,6,Rue d OrlÃ©ans,48.180606,1.389856,14,2,1
202100035724,137Â 856,B01,1,1,2,1,1,8,-1,0,0,-1,2021,39.0,0,2,0,2,0,0,1,,2,FRANCAIS LIBRES (BD),0,,3,4,0,2,0,0,1,, -1,1,0,1,70,3,6,2,30,30189,2,2,0,6,FRANCAIS LIBRES (BD),43.8305,4.32313,5,2,2