Num_Acc,id_vehicule,num_veh,place,catu,sexe,trajet,secu1,secu2,secu3,locp,actp,etatp,year_acc,victim_age,senc,catv,obs,obsm,choc,manv,motor,occutc,catr,voie,v1,v2,circ,nbv,vosp,prof,pr,pr1,plan,lartpc,larrout,surf,infra,situ,vma,jour,mois,lum,dep,com,agg_,int,atm,col,adr,lat,long,hour,nb_victim,nb_vehicules
202100028321,151Â 072,A01,1,1,1,1,2,0,-1,0,0,-1,2021,22.0,1,1,0,2,2,1,1,,4,RUE DE DUNKERQUE,0,,1,2,0,1,(1),(1),1,, -1,1,0,1,30,18,7,1,75,75110,2,2,0,3,RUE DE DUNKERQUE,48.88024,2.353651,20,2,2
202100031838,144Â 844,A01,1,1,2,0,1,-1,-1,0,0,-1,2021,22.0,0,2,0,0,9,1,1,,4,EUROPE (AVENUE DE L'),0,,1,1,0,1,(1),(1),3,, -1,2,0,1,50,25,6,3,80,80021,1,1,1,7,EUROPE (AVENUE DE L'),49.91796,2.30459,18,1,1
202100031120,146Â 117,B01,1,1,1,1,0,-1,-1,-1, -1,-1,2021,47.0,1,0,0,2,8,13,3,,4,BD DU PRESIDENT WILSON,0,,3,4,2,1,(1),(1),1,, -1,1,8,1,50,1,7,1,33,33063,2,1,0,3,Boulevard du PrÃ©sident Wilson,44.850742,-0.595855,10,2,2
202100003510,195Â 472,A01,10,3,2,1,0,-1,-1,2,3,1,2021,32.0,2,2,0,1,3,1,1,,4,AVE DE THOUARS,0,,2,3,1,1,(1),(1),1,, -1,2,0,1,50,9,12,5,33,33522,2,1,1,6,Avenue de Thouars,44.78736,-0.59067,8,2,1
202100056349,101Â 177,A01,2,2,1,5,8,0,-1,-1, -1,-1,2021,22.0,1,2,1,0,1,26,1,,3,62,0,,3,2,0,3,0,1,3,, -1,2,8,4,50,3,1,5,92,92049,2,1,1,6,DORMOY AVENUE MARX NÂ°2 A 100,48.8099420688,2.3168089986,20,2,1
202100025868,155Â 447,B01,1,1,1,9,2,0,-1,0,0,-1,2021,38.0,1,1,0,2,1,15,1,,4,RUE DES FRERES FLAVIEN,0,,2,2,0,1,(1),(1),1,, -1,2,0,1,50,2,8,3,75,75120,2,1,1,1,RUE DES FRERES FLAVIEN,48.877375,2.411533,22,2,2
202100048541,114Â 986,B01,1,1,1,1,2,6,-1,-1, -1,-1,2021,60.0,3,0,0,2,3,19,3,,4,POMPIDOU(AVENUE GEORGES),0,,2,4,1,1,(1),(1),1,, -1,1,5,5,50,10,3,1,56,56260,2,1,0,3,POMPIDOU (AVENUE GEORGES),47.66568,-2.77032,7,2,2
202100032014,144Â 522,B01,1,1,1,5,2,-1,-1,0,0,-1,2021,74.0,1,1,0,2,8,2,1,,3,42,0,A,2,2,0,2,9,850,2,, -1,1,0,1,70,27,6,1,83,83019,1,1,1,3,Route de Cabasson,43.119718,6.32422,17,3,2
202100028045,151Â 582,A01,4,2,2,3,0,-1,-1,0,0,-1,2021,9.0,2,2,16,0,9,1,1,,2,12,0,,3,4,0,1,2,210,2,, -1,1,0,3,110,21,7,1,28,28185,1,1,0,7,Pont,48.772681,1.555177,9,5,1
202100042756,125Â 219,A01,1,1,1,5,2,6,-1,0,0,-1,2021,21.0,2,1,0,0,0,1,1,,3,90,-1,,2,2,0,1,9,590,1,, -1,1,0,3,80,24,4,1,60,60564,1,1,0,7,"Rd 90, PK 09.590",49.573822,2.462311,13,1,1
202100032870,143Â 013,B01,1,1,1,1,2,0,-1,0,0,-1,2021,33.0,1,1,0,2,2,1,5,,7,STRASBOURG (AVENUE DE),0,,2,5,2,1,(1),(1),1,, -1,1,-1,1,50,21,6,1,54,54395,2,1,0,3,STRASBOURG (AVENUE DE),48.6789398145,6.1971477047,8,2,2
202100044649,121Â 907,B01,1,1,2,1,1,0,-1,-1, -1,-1,2021,31.0,1,2,0,2,4,1,1,,1,86 INT,0,,3,2,0,1,36,500,1,, -1,1,0,1,90,9,4,1,94,94046,1,1,0,2,A86 INT,48.8108627407,2.4489178981,9,2,2
202100034336,140Â 358,B01,1,1,1,0,1,0,-1,-1, -1,-1,2021,58.0,2,2,1,2,2,1,1,,3,,0,,2,4,0,1,0,0,1,, -1,1,0,1,50,15,6,1,92,92036,2,2,0,3,PIERRE DE COUBERTIN  ( BD ),48.9292613664,2.2844610279,17,2,2
202100036316,136Â 776,A01,1,1,1,5,2,6,-1,0,0,-1,2021,53.0,3,1,0,2,7,1,1,,4,,-1,,2,2,0,1,(1),(1),1,,4,1,0,1,80,6,6,1,35,35259,1,1,1,3,Ste Anne,48.602661,-1.664976,10,2,2
202100030642,146Â 986,A01,1,1,1,5,2,-1,-1,0,0,-1,2021,71.0,1,1,0,0,0,0,5,,3,20,0,,2,2,0,1,0,800,1,, -1,1,0,1,50,1,7,1,70,70421,2,1,0,7,17 rue de l'Ã©glise,47.690403,6.043242,12,1,1
202100011746,180Â 721,A01,10,3,1,0,0,-1,-1,6,3,1,2021,38.0,2,5,0,1,1,21,1,,1,A12 W,0,,3,3,0,1,1,899,1,, -1,1,0,1,110,21,10,3,78,78043,1,1,0,6,A12 W,48.83063,2.08225,21,4,1
202100021900,162Â 483,B01,1,1,1,0,2,6,-1,-1, -1,-1,2021,47.0,2,1,0,2,1,21,1,,1,AUTOROUTE A6B,0,,1,3,0,1,4,99,1,, -1,1,0,1,90,30,8,1,94,94038,1,1,0,2,AUTOROUTE A6B,48.7786,2.3466,14,3,2
202100042431,125Â 776,B01,4,2,2,0,1,0,-1,-1, -1,-1,2021,17.0,1,2,0,2,1,1,1,,3,AMEDE CLARA,0,,1,1,0,2,(1),(1),1,, -1,1,0,1,50,24,4,5,971,97113,2,1,0,4,AMEDE CLARA,16.20553,-61.49179,18,6,3
202100048889,114Â 370,B01,1,1,2,5,1,-1,-1,0,0,-1,2021,67.0,2,2,0,2,7,1,1,,3,971,-1,,2,2,0,1,3,901,1,, -1,1,8,1,50,7,3,1,50,50008,1,1,0,3,Le Val,48.850406,-1.541085,18,2,2
202100045940,119Â 636,B01,1,1,1,2,2,6,-1,-1, -1,-1,2021,16.0,1,1,0,2,3,1,1,,4,MUIDS (RUE DES MUIDS),0,,2,2,0,1,(1),(1),1,, -1,1,0,1,50,30,3,1,45,45075,2,2,0,3,Rue des Muids,47.8855546678,1.8193369668,7,2,2
202100001765,198Â 636,B01,1,1,1,5,2,0,-1,-1, -1,-1,2021,31.0,2,1,0,2,1,1,3,,3,910,0,,2,3,0,1,0,0,1,, -1,1,0,1,50,21,12,1,92,92012,2,3,0,3,GENERAL LECLERC (AVENUE DU) 35/FIN - 60/,48.8309362379,2.23462075,16,2,2
202100014794,175Â 266,A01,10,3,1,0,0,-1,-1,1,2,1,2021,48.0,1,5,0,1,3,1,1,,4,AIGUILLETTES  (BD DES),0,,2,4,0,1,(1),(1),1,, -1,2,0,1,50,3,10,5,54,54395,2,3,1,6,AIGUILLETTES  (BD DES),48.6671652537,6.1647704244,19,2,1
202100003395,195Â 692,B01,1,1,2,0,1,8,-1,-1, -1,-1,2021,47.0,3,2,0,2,4,1,1,,4,PAUL NARDAL (AVENUE),0,,1,2,0,1,0,0,1,, -1,1,0,1,30,11,12,1,972,97209,2,1,0,2,PAUL NARDAL (AVENUE),14.60816,-61.07247,7,2,2
202100053217,106Â 614,A01,10,3,2,0,0,-1,-1,4,3,1,2021,55.0,1,1,0,1,0,15,0,,4,HUIT MAI 1945 (QUAI DU),0,,2,2,0,1,0,0,1,, -1,1,9,1,50,29,1,1,30,30007,2,9,0,6,HUIT MAI 1945 (QUAI DU),44.13379,4.07839,16,3,2
202100007730,187Â 941,A01,1,1,1,2,2,6,-1,0,0,-1,2021,15.0,1,1,0,2,5,17,1,,3,760,0,D,2,2,0,1,82,456,1,, -1,1,0,1,50,18,11,1,85,85250,2,2,1,3,Avenue des Sables,46.564198,-1.714981,8,2,2
202100010511,182Â 935,A01,10,3,1,5,0,-1,-1,2,3,1,2021,14.0,1,2,0,1,1,1,1,,4,SPAS (R),0,,2,2,0,1,(1),(1),1,, -1,1,0,1,30,9,10,2,62,62523,2,1,0,6,SPAS (R),50.45342,2.851538,18,2,1
202100025234,156Â 553,B01,1,1,1,0,1,4,-1,-1, -1,-1,2021,52.0,2,2,0,2,8,1,1,,1,6,0,,1,3,0,3,31,799,1,, -1,2,0,1,110,7,8,1,91,91659,1,1,1,3,AUTOROUTE A6,48.57849,2.46293,13,2,2
202100000079,201Â 610,B01,1,1,1,4,1,0,-1,-1, -1,-1,2021,34.0,1,0,0,2,1,1,1,,3,ROCADE (RUE DE LA ........),-1,,2,2,-1,1,65,0,1,, -1,1,0,1,50,21,12,1,62,62757,2,3,0,3,CORMETTES (RUE DES ..)+CAVES COTE ROCADE,50.759778,2.222591,11,2,2
202100035617,138Â 055,A01,1,1,2,5,2,6,-1,0,0,-1,2021,63.0,1,1,2,0,0,1,1,,3,36,-1,,2,1,0,2,34,285,3,, -1,1,0,3,80,10,6,1,36,36070,1,1,0,6,la route du lac,46.443772,1.596794,15,1,1
202100013914,176Â 832,B01,1,1,2,2,1,0,-1,0,0,-1,2021,49.0,1,2,0,2,1,1,1,,3,124,0,,2,2,0,2,28,150,1,, -1,1,0,1,50,5,10,1,47,47048,2,4,0,1,Avenue de la Prune,44.538519,0.617675,16,3,2
202100038251,133Â 273,A01,1,1,1,4,1,-1,-1,0,0,-1,2021,52.0,2,4,3,2,7,6,1,,1,20,-1,,3,4,0,1,231,425,1,, -1,1,0,1,130,27,5,1,19,19250,1,1,0,1,Autoroute A20 - PK 231+425,45.469651705,1.5187845996,13,2,2
202100024663,157Â 567,A01,2,2,2,5,2,-1,-1,0,0,-1,2021,26.0,1,6,12,0,3,1,1,,3,D143A,-1,,2,2,0,1,(1),(1),3,, -1,1,0,4,50,11,8,1,14,14403,2,7,0,6,D143A,49.13886,0.37265,16,2,1
202100038327,133Â 131,B01,1,1,1,9,8,0,-1,-1, -1,-1,2021,21.0,3,2,0,2,1,21,1,,4,DE LA BALANCE (CHEMIN),0,,-1,2,0,1,(1),(1),2,, -1,1,0,1,50,24,5,1,971,97101,1,1,0,1,DE LA BALANCE (CHEMIN),16.2909,-61.49177,12,2,2
202100027698,152Â 205,A01,10,3,1,3,0,-1,-1,2,3,3,2021,28.0,2,2,0,1,1,1,1,,3,HAVRE(BOULEVARD DU),0,,1,2,0,1,10,750,2,, -1,1,0,1,50,20,7,1,95,95306,2,6,0,6,RD 14,48.99815,2.18755,10,2,1
202100018527,168Â 515,A01,1,1,1,4,1,-1,-1,-1, -1,-1,2021,66.0,3,4,0,2,3,26,1,,4,GENERAL DE GAULLE                   (AV),0,,2,2,3,2,(1),(1),4,, -1,2,0,1,50,16,9,1,69,69142,2,1,1,3,GENERAL DE GAULLE (AV),45.72637,4.81221,15,2,2
202100029350,149Â 305,B01,1,1,1,0,1,0,-1,-1, -1,-1,2021,20.0,1,2,0,2,6,15,1,,4,,0,,2,2,0,2,0,0,1,, -1,1,0,1,50,12,7,5,92,92023,2,1,0,3,JEAN BAPTISTE CLEMENT (AVENUE),48.80022,2.26758,22,2,2
202100050497,111Â 436,B01,1,1,1,1,8,0,-1,-1, -1,-1,2021,28.0,2,1,0,2,8,1,5,,3,7,0,,2,6,1,1,0,0,1,, -1,1,9,5,50,23,2,5,92,92062,2,3,0,3,DE DION BOUTON (QUAI) DU 29 AU 65,48.8818673788,2.2467014194,6,2,2
202100042686,125Â 331,A01,10,3,2,3,0,-1,-1,9,2,2,2021,27.0,3,2,0,1,2,21,1,,6,Avenue de Bigorre,0,,-1,-1,0,1,0,0,1,, -1,1,9,8,50,24,4,1,47,47031,2,1,1,6,Avenue de Bigorre,44.176,0.635,14,2,1
202100007105,189Â 066,A01,1,1,2,1,1,0,-1,-1, -1,-1,2021,24.0,1,2,4,0,3,16,1,,1,A7-Sens Marseille vers Lyon,0,,1,1,0,1,264,0,4,, -1,1,9,1,80,18,11,5,13,13071,1,1,0,7,A7-Sens Marseille vers Lyon,43.41734,5.27439,21,1,1
202100031038,146Â 260,A01,10,3,2,0,0,-1,-1,4,3,1,2021,66.0,2,2,0,1,2,1,1,,4,CHARRAS (AVENUE),0,,1,1,0,1,(1),(1),1,, -1,1,0,1,50,2,7,1,63,63113,2,1,0,6,CHARRAS (AVENUE),45.77975,3.09593,10,2,1
202100012580,179Â 231,B01,1,1,2,1,1,-1,-1,0,0,-1,2021,53.0,1,2,0,0,4,15,1,,3,820,-1,,2,2,0,1,1,700,1,, -1,1,0,1,80,13,10,1,9,9282,1,3,0,2,RD 820,43.254518,1.563985,18,2,2
202100002830,196Â 716,A01,10,3,2,5,0,-1,-1,3,3,1,2021,87.0,2,1,0,1,1,1,1,,3,26,0,,2,2,0,1,0,145,3,, -1,1,0,1,50,16,12,1,14,14027,2,4,0,6,D54,49.020429,-0.63379,15,2,1
202100054504,104Â 348,A01,1,1,1,5,1,-1,-1,0,0,-1,2021,22.0,2,2,2,0,1,1,1,,3,782,-1,,2,2,0,1,2,850,3,, -1,2,0,3,70,20,1,3,56,56113,1,1,1,6,Longueville,48.054153,-3.214177,4,2,1
202100044187,122Â 690,A01,10,3,1,1,0,-1,-1,1,3,1,2021,46.0,2,1,0,1,0,19,3,,4,,0,,1,1,1,1,0,0,1,, -1,1,0,1,30,13,4,1,92,92023,2,1,0,6,JEAN JAURES (AVENUE) NÂ°57 A 259 ET 64 A,48.8095432851,2.2690243961,8,2,1
202100056093,101Â 615,A01,1,1,1,5,1,-1,-1,0,0,-1,2021,70.0,1,2,0,2,1,13,1,,3,16,-1,,2,2,0,1,7,200,3,, -1,1,0,1,80,6,1,1,71,71008,1,1,0,1,"Lieu-dit ""Les Granges""",46.230574,4.367602,12,2,2
202100055779,102Â 162,A01,1,1,1,0,8,0,-1,-1, -1,-1,2021,23.0,3,2,0,2,1,26,1,,4,JAURES JEAN RUE    NÂ°101 AU 263,0,,2,2,0,1,(1),(1),1,, -1,1,5,1,50,8,1,1,59,59009,2,3,0,3,JAURES JEAN RUE    NÂ°101 AU 263,50.66087,3.13743,13,2,2
202100005886,191Â 269,B01,1,1,1,2,1,0,-1,-1, -1,-1,2021,14.0,2,1,0,2,1,9,0,,3,AV JEAN PIERRE BENARD,0,,1,4,0,1,0,0,1,, -1,1,5,1,50,26,11,1,91,91027,2,9,0,3,AV JEAN PIERRE BENARD,48.71304,2.37825,8,2,2
202100002978,196Â 452,B01,1,1,1,0,1,0,-1,-1, -1,-1,2021,60.0,0,2,0,2,2,1,1,,4,KALIFAT (RUE),0,,2,2,0,1,0,0,1,, -1,1,0,1,50,14,12,1,93,93073,2,2,0,3,KALIFAT (RUE),48.95286,2.58592,9,2,2
202100002148,197Â 946,B01,1,1,1,0,2,6,-1,-1, -1,-1,2021,16.0,1,1,0,2,1,1,1,,3,JEAN MATHON (FAUBOURG),0,,2,2,0,1,5,150,1,, -1,1,0,1,50,17,12,1,7,7019,2,3,0,3,JEAN MATHON (FAUBOURG),44.624862,4.392287,17,3,2
202100026081,155Â 068,A01,1,1,2,1,1,-1,-1,0,0,-1,2021,66.0,1,2,0,0,9,13,1,,3,979,-1,,2,2,0,1,33,590,1,, -1,2,0,8,80,27,7,1,71,71382,1,1,1,7,RD 979,46.518057363,3.8587461202,18,1,1
202100051584,109Â 490,A01,1,1,2,4,8,0,-1,-1, -1,-1,2021,31.0,2,3,4,0,1,1,1,1.0,3,RD 2060,0,,3,4,0,1,29,200,1,, -1,5,0,1,110,10,2,1,45,45338,2,1,1,6,D 2060-PR29+200,47.970718,2.719645,9,1,1
202100047931,116Â 060,A01,10,3,1,0,0,-1,-1,1,3,1,2021,9.0,2,2,0,1,2,1,1,,4,SAINT BRICE (RUE),0,,2,2,0,1,(1),(1),1,, -1,1,0,1,50,14,3,1,51,51454,2,1,0,7,Rue de Saint Brice,49.25928,4.01804,16,2,1
202100038016,133Â 708,A01,1,1,1,0,2,6,-1,-1, -1,-1,2021,37.0,1,1,0,2,1,18,1,,1,VA007456 SESQUIERES A620 Sortie 33,0,,2,2,0,1,0,1,1,, -1,1,2,1,50,27,5,1,31,31555,2,1,0,3,VA007456 SESQUIERES A620 Sortie 33,43.64771,1.42215,8,2,2
202100035683,137Â 929,B01,1,1,1,9,1,8,-1,-1, -1,-1,2021,42.0,3,2,0,2,2,9,1,,5,MOZART (PLACE),0,,2,1,0,3,(1),(1),1,, -1,1,9,6,20,7,6,1,86,86041,2,1,0,3,Place Mozart,46.60067,0.354229,15,2,2
202100042689,125Â 327,A01,1,1,1,5,2,6,-1,-1, -1,-1,2021,54.0,1,1,0,0,3,0,1,,2,34 PK RN11 ROCADE NANTES,0,,1,1,0,3,(1),(1),1,, -1,1,0,3,60,24,4,1,17,17291,1,1,0,7,34 PK RN11 ROCADE NANTES,46.177734,-1.10107,10,1,1
202100026006,155Â 194,A01,2,2,2,9,1,0,-1,0,0,-1,2021,31.0,1,2,0,2,3,13,1,,4,BOULEVARD SERURIER,0,,2,1,0,2,(1),(1),1,, -1,1,0,1,50,1,8,5,75,75119,2,1,0,2,BOULEVARD SERURIER,48.878532,2.402503,1,3,2
202100001923,198Â 357,A01,1,1,1,0,2,6,-1,-1, -1,-1,2021,33.0,0,1,0,0,8,1,0,,3,993,0,,1,1,0,1,0,0,2,, -1,9,1,1,50,21,12,1,92,92062,2,1,0,7,BOULEVARD CIRCULAIRE,48.891414,2.234208,12,1,1
202100024642,157Â 614,B01,1,1,1,4,1,0,-1,-1, -1,-1,2021,24.0,2,3,0,2,1,1,1,1.0,3,914,0,,1,4,0,1,0,0,1,, -1,1,5,1,50,11,8,1,92,92050,2,3,0,3,PONS NOEL RUE,48.90402,2.2187,9,2,2
202100028637,150Â 525,A01,1,1,1,5,2,6,-1,-1, -1,-1,2021,29.0,0,1,0,2,1,2,1,,4,Quai Lawton COLLINS,0,,2,2,0,1,0,0,1,, -1,1,0,1,50,16,7,1,50,50129,2,1,0,2,Quai Lawton COLLINS,49.6407,-1.6181,9,2,2
202100022479,161Â 452,A01,1,1,2,1,1,0,-1,-1, -1,-1,2021,26.0,3,2,8,0,1,0,1,,6,VAUBAN (AVENUE),0,,-1,0,0,1,0,0,1,, -1,1,9,1,15,26,8,1,93,93078,2,1,0,6,Parking Avenue Vauban,48.9674,2.55216,9,1,1
202100055842,102Â 059,A01,10,3,2,2,8,8,-1,2,3,2,2021,12.0,3,2,1,1,1,17,1,,4,DUMONT D'URVILLE (AVENUE),0,,2,2,0,1,0,0,1,, -1,1,0,1,50,8,1,1,93,93071,2,1,0,6,DUMONT D'URVILLE (AVENUE),48.9464005475,2.5222292764,14,2,1
202100022463,161Â 482,C01,1,1,1,4,1,8,-1,-1, -1,-1,2021,23.0,1,2,0,2,1,1,1,,3,C.D.533,0,,2,2,0,2,52,550,2,, -1,1,0,1,80,25,8,1,7,7281,1,1,0,4,,44.92862,4.80811,14,5,3
202100044744,121Â 739,A01,2,2,1,9,1,-1,-1,0,0,-1,2021,24.0,1,2,0,2,4,2,1,,4,,-1,,2,2,0,1,(1),(1),1,, -1,1,0,1,50,7,4,1,29,29105,2,1,0,4,Rue du Pontic,48.5197353315,-4.0665511654,12,4,3
202100016817,171Â 558,B01,1,1,1,1,1,5,-1,-1, -1,-1,2021,37.0,1,2,0,2,8,16,1,,3,JEAN JAURES (AVENUE),0,,2,2,2,1,0,100,1,, -1,1,0,1,30,25,9,3,91,91421,2,3,0,3,JEAN JAURES (AVENUE),48.71321,2.44892,5,2,2
202100030367,147Â 482,B01,1,1,1,5,1,-1,-1,-1, -1,-1,2021,19.0,1,2,0,2,3,1,1,,4,COQUEBERT (RUE) DU 1 A 62 ET 2 A 42,0,,2,2,0,2,(1),(1),1,, -1,1,0,1,50,5,7,1,51,51454,2,2,0,3,Rue Coquebert,49.26139,4.03833,18,2,2
202100022413,161Â 578,B01,1,1,1,9,2,0,-1,0,0,-1,2021,52.0,0,1,0,2,1,1,1,,4,JEAN LAVILLE (RUE),0,,2,2,0,1,1,0,1,, -1,1,0,1,50,25,8,1,71,71306,2,1,0,3,JEAN LAVILLE (RUE),46.67291,4.37112,16,2,2
202100041506,127Â 419,A01,1,1,2,5,1,0,-1,-1, -1,-1,2021,20.0,2,2,12,0,9,13,1,,4,PRADES (RUE DES),0,,2,2,0,1,0,0,1,, -1,1,0,1,50,2,5,5,87,87085,2,1,0,6,PRADES (RUE DES),45.87191,1.29421,3,2,1
202100050851,110Â 788,B01,1,1,2,5,1,4,-1,-1, -1,-1,2021,60.0,1,2,0,2,4,1,1,,2,RN406.Y,0,,3,3,0,1,5,0,1,, -1,1,0,1,90,20,2,1,94,94011,1,1,0,4,RN406.Y,48.75954,2.48575,13,3,3
202100017477,170Â 382,A01,10,3,1,9,0,-1,-1,5,3,-1,2021,13.0,3,5,0,2,1,26,1,,9,SAINT MARCEL (BOULEVARD DE ),0,,2,2,0,1,0,0,1,, -1,1,0,1,50,22,9,1,13,13211,2,9,0,1,SAINT MARCEL (BOULEVARD DE ),43.2875407109,5.4651018444,8,2,1
202100041345,127Â 706,A01,1,1,2,5,2,6,-1,0,0,-1,2021,18.0,2,1,5,0,1,1,1,,3,81,0,D,2,2,0,2,15,200,1,, -1,1,0,3,80,6,5,1,81,81296,1,1,0,6,maguelonne,43.850963,2.281852,18,1,1
202100020587,164Â 833,B01,1,1,2,0,1,0,-1,-1, -1,-1,2021,26.0,0,2,0,2,3,2,1,,4,CARNOT (AV.) DE 56 A 129,0,,1,1,0,1,1,0,1,, -1,1,0,1,30,6,9,5,93,93010,2,9,0,3,CARNOT (AV.) DE 56 A 129,48.898036,2.480612,21,2,2
202100006109,190Â 885,A01,1,1,1,1,2,0,-1,-1, -1,-1,2021,44.0,2,1,0,0,0,1,1,,4,HENRI MARTIN (R),0,,2,2,0,1,1,0,1,, -1,2,0,1,50,26,11,5,94,94041,2,1,1,7,Rue Henri Martin,48.80649,2.37422,20,1,1
202100053997,105Â 232,A01,1,1,1,5,2,-1,-1,0,0,-1,2021,62.0,1,1,0,2,7,13,1,,3,22,0,D,2,2,0,1,25,300,3,, -1,1,0,3,80,23,1,1,30,30102,1,1,0,1,D22,43.931373,4.27911,15,2,2
202100030980,146Â 366,B01,1,1,2,1,1,-1,-1,0,0,-1,2021,42.0,0,2,0,2,6,1,1,,3,BAPAUME (BOULEVARD DE),0,,2,5,0,1,(1),(1),1,, -1,1,0,1,50,28,6,1,80,80021,2,2,0,3,BAPAUME (BOULEVARD DE),49.87894,2.30524,12,2,2
202100000299,201Â 187,A01,1,1,1,5,1,-1,-1,0,0,-1,2021,23.0,2,2,0,2,3,9,1,,2,1,-1,,3,4,0,2,(1),(1),1,, -1,1,0,1,90,21,7,3,972,97222,1,9,0,3,"Chemin Trou Man Lic, RN1",14.70331,-60.941162,20,2,2
202100015723,173Â 563,A01,1,1,2,5,1,0,-1,-1, -1,-1,2021,25.0,-1,2,0,2,1,1,1,,1,AUTOROUTE A3,0,,1,1,0,1,12,0,1,, -1,2,3,1,70,2,10,3,93,93005,1,1,0,2,AUTOROUTE A3,48.96414,2.47373,5,2,2
202100041112,128Â 125,A01,1,1,1,9,2,6,-1,-1, -1,-1,2021,28.0,2,1,1,2,1,7,1,,7,MINIMES (AV DES) DU 1AU 178,0,,1,2,3,1,0,500,1,, -1,1,9,1,50,6,5,1,31,31555,2,1,0,3,MINIMES (AV DES) DU 1AU 178,43.625928,1.43394,15,2,2
202100027105,153Â 262,A01,1,1,1,5,1,-1,-1,0,0,-1,2021,70.0,3,2,0,2,1,1,1,,3,37,0,,2,2,0,1,5,595,1,, -1,2,5,3,80,26,7,1,77,77162,1,9,1,3,Croisement C17/D37,48.85971,3.155458,9,2,2
202100021849,162Â 575,A01,1,1,2,1,1,-1,-1,0,0,-1,2021,64.0,0,2,0,2,7,15,1,,3,,0,,1,2,0,1,29,308,1,,5,1,3,5,90,28,8,1,49,49323,1,1,0,3,D323,47.50804,-0.472284,9,2,2
202100004820,193Â 167,B01,1,1,1,4,8,0,-1,0,0,-1,2021,44.0,2,1,0,2,1,1,1,,4,QUAI BRANLY,0,,2,7,0,1,(1),(1),1,, -1,2,0,1,30,4,12,5,75,75107,2,3,1,3,QUAI BRANLY,48.857471,2.291043,2,2,2
202100005371,192Â 185,A01,10,3,1,5,0,-1,-1,2,3,1,2021,67.0,2,2,0,1,1,1,2,,4,AVENUE D ITALIE,0,,3,4,0,1,(1),(1),1,, -1,1,0,1,30,29,11,5,75,75113,2,3,0,6,AVENUE D ITALIE,48.826772,2.357106,20,3,1
202100049383,113Â 489,A01,1,1,1,5,2,6,-1,-1, -1,-1,2021,49.0,3,1,0,2,1,1,6,,4,PROGRES (RUE DU ),0,,2,2,0,1,(1),(1),1,, -1,1,0,1,50,3,3,1,59,59017,2,3,0,3,PROGRES (RUE DU ),50.6911012682,2.8757612407,15,2,2
202100006646,189Â 907,A01,10,3,2,2,0,-1,-1,2,3,1,2021,13.0,1,2,0,1,2,1,1,,4,EUROPE (AVENUE DE L'),0,,2,2,0,1,(1),(1),1,, -1,1,0,1,50,23,11,1,51,51454,2,1,0,7,Avenue de lâEurope,49.2544428316,4.0617066622,7,2,1
202100001239,199Â 557,A01,1,1,2,0,1,5,-1,0,0,-1,2021,33.0,2,2,0,6,3,1,1,,2,12,-1,,1,4,0,1,45,900,1,, -1,1,3,1,110,26,12,1,22,22246,1,9,0,2,ROUTE NATIONALE 12 PR 045+900,48.476563,-2.60818,14,6,2
202100053107,106Â 805,A01,1,1,1,5,0,-1,-1,0,0,-1,2021,31.0,3,1,8,0,1,1,1,,4,,-1,,2,2,0,1,(1),(1),1,, -1,1,0,1,50,31,1,1,974,97414,2,1,0,6,Chemin de l'Enclos,-21.280382,55.427093,10,1,1
202100028584,150Â 626,A01,1,1,1,5,2,6,-1,0,0,-1,2021,23.0,2,1,13,0,1,19,1,,3,55,0,,2,2,0,2,27,185,1,, -1,1,0,3,80,18,7,1,60,60575,1,1,1,7,D55,49.2878155725,2.2233506178,19,1,1
202100015074,174Â 761,A01,10,3,2,2,0,-1,-1,4,3,1,2021,15.0,2,2,0,1,3,26,1,,7,AV JEAN JAURES,0,,2,4,1,1,5,116,1,, -1,1,5,1,50,4,10,1,31,31557,2,1,0,6,AV JEAN JAURES,43.5885,1.35902,7,2,1
202100040538,129Â 148,A01,2,2,2,5,2,6,-1,0,0,-1,2021,49.0,2,1,13,0,9,1,1,,3,42,0,,2,2,0,2,16,700,3,, -1,1,0,8,80,9,5,1,73,73156,1,1,0,6,D42 Che de la Ceniere,45.644894,5.791954,17,2,1
202100027811,152Â 001,A01,1,1,1,3,2,6,-1,0,0,-1,2021,20.0,2,1,0,2,1,1,1,,3,933,-1,,2,2,0,1,6,300,1,, -1,1,0,1,80,22,7,1,80,80092,1,2,0,3,D 933,49.960345,2.27402,9,2,2
202100021561,163Â 098,B01,1,1,1,1,1,4,-1,-1, -1,-1,2021,60.0,2,5,0,2,5,2,1,,1,AUTOROUTE A6,0,,3,6,0,2,18,760,1,, -1,1,0,1,110,1,9,3,91,91434,1,1,0,2,AUTOROUTE A6,48.66845,2.35409,6,2,2
202100018539,168Â 495,B01,1,1,1,1,2,6,-1,-1, -1,-1,2021,40.0,0,1,0,2,8,1,1,,4,CONSTANTINE. RUE DE,0,,1,1,0,1,0,0,1,, -1,1,-1,1,30,16,9,1,76,76540,2,3,0,3,CONSTANTINE. RUE DE,49.44897,1.06688,7,2,2
202100009394,184Â 908,C01,2,2,1,9,1,1,-1,0,0,-1,2021,23.0,1,2,0,2,7,1,1,,4,RUE JULES FERRY,0,,1,3,0,1,0,0,1,, -1,1,0,1,50,5,11,1,988,98818,2,4,0,5,RUE JULES FERRY/JAMES COOK,-22.26809,166.43747,10,6,3
202100033133,142Â 531,A01,1,1,2,5,1,-1,-1,0,0,-1,2021,19.0,1,2,0,0,4,1,1,,3,613,-1,,1,1,0,1,79,500,1,, -1,1,0,1,80,14,6,1,27,27252,1,1,0,4,Route de Paris,49.145953,0.467783,10,4,3