Num_Acc,id_vehicule,num_veh,place,catu,sexe,trajet,secu1,secu2,secu3,locp,actp,etatp,year_acc,victim_age,senc,catv,obs,obsm,choc,manv,motor,occutc,catr,voie,v1,v2,circ,nbv,vosp,prof,pr,pr1,plan,lartpc,larrout,surf,infra,situ,vma,jour,mois,lum,dep,com,agg_,int,atm,col,adr,lat,long,hour,nb_victim,nb_vehicules
202100010699,182Â 599,A01,1,1,2,0,1,0,-1,0,0,-1,2021,30.0,1,2,0,2,1,1,1,,7,AULNAT (RTE D),0,,2,2,0,1,(1),(1),1,, -1,1,0,1,50,26,10,1,63,63164,2,1,0,2,AULNAT (RTE D),45.81208,3.15237,13,2,2
202100010339,183Â 223,A01,10,3,2,2,0,-1,-1,2,3,2,2021,8.0,1,2,0,1,1,1,3,,4,TOUR-Y-VAL (RUE DE),0,,2,0,0,2,0,0,1,, -1,1,0,1,50,22,10,1,2,2691,2,1,0,6,TOUR-Y-VAL (RUE DE),49.83996,3.28807,13,2,1
202100046970,117Â 823,A01,1,1,1,0,1,-1,-1,0,0,-1,2021,64.0,2,2,15,0,1,1,1,,3,15,-1,D,2,2,0,1,44,208,3,, -1,1,0,3,50,10,3,1,33,33294,2,1,0,6,,44.612525,-0.088951,16,1,1
202100016093,172Â 880,A01,1,1,2,5,8,0,-1,-1, -1,-1,2021,18.0,1,1,0,2,3,1,3,,4,GARE (AVENUE DE LA),0,,1,1,2,1,(1),(1),1,, -1,1,0,1,30,22,9,1,89,89387,2,1,0,3,GARE (AVENUE DE LA),48.19725,3.26811,11,2,2
202100005410,192Â 125,A01,2,2,2,0,1,-1,-1,0,0,-1,2021,15.0,2,2,2,0,2,0,1,,4,,-1,,2,2,0,1,(1),(1),1,,5,2,0,3,50,30,11,1,58,58086,2,1,0,1,11 Chemin des FougÃ¨res,47.371286,2.907026,12,2,1
202100028669,150Â 471,B01,1,1,1,0,2,6,-1,-1, -1,-1,2021,20.0,2,1,0,2,7,3,1,,3,ROCADE NORD - RD 6113,0,,2,2,0,1,57,0,1,, -1,1,0,1,80,16,7,1,11,11069,1,1,0,3,ROCADE NORD - RD 6113,43.2271,2.33243,14,3,2
202100021506,163Â 197,A01,1,1,1,1,2,6,9,0,0,-1,2021,25.0,2,1,0,0,2,2,1,,3,28,0,,2,2,0,1,3,950,4,, -1,2,0,3,80,31,8,3,67,67044,1,1,0,7,rd28,48.892557,7.519026,20,1,1
202100019122,167Â 444,A01,1,1,1,1,1,-1,-1,-1,0,-1,2021,27.0,1,2,4,0,3,21,1,,2,RN 184,0,,3,4,0,1,4,300,1,, -1,2,0,1,90,14,9,5,95,95572,1,1,1,6,RN 184,49.04025,2.12728,5,1,1
202100044882,121Â 494,A01,1,1,1,1,2,6,9,0,0,-1,2021,39.0,2,1,1,2,1,1,1,,3,32,0,C,2,2,0,4,0,530,1,, -1,1,0,1,70,6,4,1,1,1098,1,3,1,3,D32c,45.777685,5.688059,17,2,2
202100056440,101Â 014,B01,4,2,1,4,8,4,-1,-1, -1,-1,2021,47.0,1,4,0,2,6,23,1,,3,GRANDE RUE,0,,3,4,1,1,(1),(1),1,, -1,1,0,1,50,1,1,5,92,92072,2,1,0,2,GRANDE RUE,48.8252705555,2.2154161334,5,3,2
202100036048,137Â 250,A01,1,1,1,0,2,0,-1,-1, -1,-1,2021,42.0,1,1,15,0,1,15,1,,3,BOULEVARD DES HEROS,0,,3,2,0,1,(1),(1),2,, -1,1,2,3,50,29,5,5,971,97101,2,2,0,6,BOULEVARD DES HEROS,16.24847,-61.52701,20,1,1
202100021240,163Â 691,B01,1,1,1,5,8,0,-1,-1, -1,-1,2021,20.0,1,1,0,2,6,2,5,,3,D51 ,0,,2,0,0,1,10,175,2,, -1,1,0,1,80,1,9,1,62,62019,1,1,0,2,D51 ,50.413417,2.734994,19,2,2
202100015425,174Â 135,B01,1,1,1,5,2,-1,-1,0,0,-1,2021,60.0,3,1,0,2,1,17,1,,3,468,-1,,2,2,0,1,(1),(1),1,, -1,1,0,1,50,2,10,1,67,67130,2,3,0,3,D468,48.418207,7.701353,15,3,2
202100017741,169Â 912,B01,1,1,1,4,9,-1,-1,0,0,-1,2021,53.0,2,4,0,0,2,0,1,,1,43,-1,,1,1,3,1,26,500,3,, -1,1,9,6,50,21,9,1,38,38193,1,1,0,3,A43 - Aire de service TOTAL,45.613257,5.214021,10,2,2
202100048842,114Â 457,A01,10,3,1,9,0,-1,-1,2,3,1,2021,18.0,1,2,0,1,3,1,1,,3,AV CHARLES DE GAULLE,0,,3,4,0,1,0,0,1,, -1,1,0,1,50,6,3,1,91,91432,2,1,0,6,AV CHARLES DE GAULLE,48.70525,2.33983,12,2,1
202100048447,115Â 161,A01,1,1,1,4,1,0,-1,-1, -1,-1,2021,30.0,1,5,7,0,1,1,1,,4,EDOUARD HERRIOT (AV),0,,1,0,0,1,1,0,1,, -1,2,0,1,30,10,3,1,94,94034,2,1,1,6,EDOUARD HERRIOT (AV),48.75495,2.32727,18,1,1
202100003994,194Â 609,B01,1,1,1,0,2,-1,-1,0,0,-1,2021,47.0,0,1,0,2,1,1,5,,4,HAUTE DES TANNEURS (RUE),0,,1,1,0,1,(1),(1),1,, -1,1,0,1,50,7,12,1,80,80021,2,2,0,3,HAUTE DES TANNEURS (RUE),49.8967,2.29786,12,2,2
202100025020,156Â 930,A01,1,1,1,4,2,0,-1,0,0,-1,2021,29.0,1,1,0,2,8,14,1,,4,BOULEVARD DE MAGENTA,0,,2,4,3,1,(1),(1),1,, -1,1,0,1,50,8,8,5,75,75110,2,3,0,3,BOULEVARD DE MAGENTA,48.882081,2.350931,2,2,2
202100009585,184Â 574,B01,1,1,1,1,1,-1,-1,-1, -1,-1,2021,44.0,2,2,0,2,2,1,1,,4,GRANGE ROLLIN (rue de la),0,,2,2,0,2,(1),(1),1,, -1,2,0,1,50,3,11,3,69,69115,2,1,1,5,GRANGE ROLLIN (DE LA) (R),45.9729,4.71939,6,3,3
202100043073,124Â 681,B01,2,2,1,0,1,0,-1,-1, -1,-1,2021,19.0,1,1,0,2,8,26,1,,3,FELIX FAURE (BLD)  => 118/119,0,,2,2,0,1,0,1,1,, -1,1,0,1,50,22,4,1,93,93001,2,1,0,2,FELIX FAURE (BLD)  => 118/119,48.9075469552,2.3791626429,18,3,2
202100032502,143Â 669,A01,1,1,1,0,1,0,-1,-1, -1,-1,2021,37.0,1,2,0,2,1,2,1,,9,FERRINI FORTUNE (AV),0,,2,2,0,1,0,0,1,, -1,1,0,1,50,24,6,2,13,13001,2,1,0,2,FERRINI FORTUNE (AV),43.50321,5.43605,20,3,2
202100037707,134Â 265,B01,1,1,1,5,2,-1,-1,0,0,-1,2021,37.0,2,1,0,2,1,1,1,,3,103,0,D,2,2,0,2,2,535,1,0,"5,6",1,0,1,50,23,5,2,16,16138,2,2,0,3,14 Rue Nouvelle,45.667965,0.094521,19,3,2
202100021143,163Â 867,A01,1,1,1,5,0,-1,-1,0,0,-1,2021,26.0,1,2,2,0,2,1,1,,3,11,-1,,2,2,0,1,9,474,1,,6,2,0,3,80,4,9,3,31,31100,1,1,0,6,D11,43.314343,1.624303,3,1,1
202100048828,114Â 486,B01,1,1,2,1,0,-1,-1,0,0,-1,2021,51.0,1,1,0,0,7,1,5,,3,20,-1,,2,2,2,1,(1),(1),1,, -1,1,0,5,50,9,3,1,68,68154,2,2,0,3,68 Rue de Mulhouse,47.770823,7.346962,13,2,2
202100033753,141Â 439,C01,1,1,2,1,1,8,-1,-1, -1,-1,2021,48.0,2,2,0,2,1,2,1,,1,A55-Sens Martigues vers Marseille,0,,1,2,0,2,36,99,3,, -1,1,0,1,50,15,6,1,13,13056,1,1,0,4,A55-Sens Martigues vers Marseille,43.39613,5.04594,10,3,3
202100024606,157Â 673,A01,1,1,2,0,1,0,-1,-1, -1,-1,2021,19.0,0,2,0,2,1,10,1,,7,ROUTE DE PARIS,0,,3,5,0,1,(1),(1),1,, -1,2,0,1,70,8,8,5,44,44109,1,2,1,3,ROUTE DE PARIS,47.26018,-1.49946,1,5,2
202100005896,191Â 251,A01,10,3,1,9,0,-1,-1,4,3,1,2021,71.0,2,4,0,1,7,1,1,,3,SAINT LOUIS RUE,0,,4,3,0,1,18,220,3,, -1,2,0,1,30,26,11,1,78,78498,2,1,1,6,SAINT LOUIS RUE,48.93051,2.03855,13,2,1
202100009168,185Â 329,A01,2,2,1,5,1,-1,-1,0,0,-1,2021,31.0,1,2,7,0,9,1,1,,1,4,0,A,3,4,0,1,207,675,1,, -1,1,0,3,130,7,11,3,51,51211,1,1,0,7,A4,49.076888,4.816003,4,2,1
202100003601,195Â 311,A01,10,3,1,0,0,-1,-1,2,3,1,2021,75.0,3,3,0,1,7,15,1,1.0,4,CARNOT (RUE),0,,2,2,3,1,0,0,1,, -1,2,9,1,30,8,12,5,74,74010,2,2,1,6,CARNOT (RUE),45.9054,6.12392,17,2,1
202100042192,126Â 206,A01,1,1,2,0,1,-1,-1,-1, -1,-1,2021,75.0,2,2,0,2,3,15,1,,4,BENODET rue de,0,,2,2,0,1,(1),(1),1,, -1,1,0,1,50,28,4,1,29,29232,2,1,0,1,Rue de Benodet,47.984324,-4.105218,17,3,2
202100029058,149Â 801,A01,2,2,1,0,1,0,-1,-1, -1,-1,2021,20.0,2,2,0,2,1,1,1,,2,RN 104,0,,3,2,0,2,40,0,3,, -1,2,0,1,70,14,7,1,91,91521,1,1,1,2,RN 104,48.63374,2.40075,7,3,2
202100040862,128Â 589,B01,1,1,1,0,1,0,-1,-1, -1,-1,2021,56.0,1,2,0,2,4,2,0,,1,A86 INT,0,,-1,2,0,1,47,0,3,, -1,1,0,1,90,7,5,1,94,94073,1,1,0,2,A86 INT,48.7542436863,2.3810453254,9,2,2
202100048896,114Â 358,B01,9,2,2,9,1,-1,-1,0,0,-1,2021,10.0,1,2,0,2,1,2,1,,3,438,-1,,2,2,0,1,34,170,1,, -1,1,0,1,80,7,3,3,27,27425,1,3,0,6,"RD438, Nassandres sur Risle",49.149279,0.665123,18,3,2
202100016330,172Â 449,A01,2,2,2,0,2,6,-1,0,0,-1,2021,47.0,2,1,0,0,0,1,1,,3,137,0,,2,2,0,1,12,800,1,, -1,1,0,1,80,29,9,3,60,60116,1,1,0,7,D137,49.317583,2.378916,20,2,1
202100041119,128Â 110,A01,10,3,2,2,0,-1,-1,2,3,1,2021,12.0,3,2,0,1,2,1,1,,4,LACS (ROUTE DES) BLANCHE A GALION,0,,2,2,0,1,(1),(1),1,, -1,2,5,1,50,6,5,2,27,27701,2,2,1,6,LACS (ROUTE DES) BLANCHE A GALION,49.2742530571,1.2055818737,8,2,1
202100006060,190Â 969,A01,4,2,1,5,1,-1,-1,0,0,-1,2021,20.0,1,2,2,0,3,13,1,,3,5,-1,,2,2,0,1,17,350,3,,"6,4",1,0,3,80,27,11,3,79,79319,1,1,0,6,Bois Guerin,46.34976,-0.141406,6,4,1
202100011076,181Â 926,A01,10,3,2,0,0,-1,-1,1,1,1,2021,21.0,0,2,0,1,1,1,1,,4,VIEILLE ECLUSE (RUE DE LA),0,,2,2,0,1,(1),(1),1,, -1,1,0,1,50,24,10,1,59,59178,2,1,0,6,VIEILLE ECLUSE (RUE DE LA),50.4036791201,3.1428824365,15,2,1
202100048581,114Â 916,B01,1,1,1,5,8,0,-1,-1, -1,-1,2021,49.0,1,1,0,2,6,1,3,,3,STALINGRAD (AV DE),0,,1,2,1,1,1,0,1,, -1,1,0,5,50,10,3,1,94,94076,2,1,0,2,STALINGRAD (AV DE),48.78422,2.3669,14,2,2
202100024401,158Â 068,B01,1,1,1,5,2,-1,-1,0,0,-1,2021,72.0,2,1,0,2,8,15,5,,3,954,-1,,2,2,0,2,2,959,1,, -1,1,0,1,80,6,8,1,5,5164,1,3,1,3,D954,44.513743,6.372207,17,3,2
202100014099,176Â 497,A01,1,1,1,0,2,6,-1,-1, -1,-1,2021,27.0,2,1,0,0,0,21,1,,1,A13,0,,1,3,0,1,48,2500,1,, -1,1,0,1,130,10,10,5,78,78531,1,1,0,7,A13,48.990337,1.64613,20,1,1
202100036995,135Â 570,A01,1,1,1,5,2,8,-1,-1, -1,-1,2021,25.0,2,1,0,2,2,1,1,,4,SIAM (RUE  DE ),0,,2,2,0,1,(1),(1),1,, -1,1,0,1,30,28,5,1,56,56121,2,3,0,3,SIAM (RUE  DE ),47.7391,-3.37592,20,2,2
202100037073,135Â 434,A01,1,1,1,4,2,6,-1,-1, -1,-1,2021,25.0,1,1,0,2,1,18,1,,3,910,0,,3,2,0,1,0,0,1,, -1,1,0,1,50,1,6,1,92,92072,2,1,0,3,EUROPE (AVENUE DE L'),48.82312,2.20957,12,2,2
202100011568,181Â 044,A01,2,2,1,5,2,0,-1,-1, -1,-1,2021,15.0,3,1,1,0,1,21,1,,6,HAMBOUM (CHEMIN DE),0,,-1,-1,0,1,0,0,2,, -1,1,0,2,30,22,10,1,64,64102,1,1,0,3,HAMBOUM (CHEMIN DE),43.4977505637,-1.4600149541,18,3,2
202100018338,168Â 847,A01,10,3,2,2,0,-1,-1,1,3,1,2021,14.0,2,2,0,1,1,1,1,,4,PICASSO ( AVENUE PABLO ),0,,2,2,0,1,(1),(1),1,, -1,1,0,1,50,16,9,1,56,56083,2,1,0,6,PICASSO ( AVENUE PABLO ),47.80208,-3.29052,18,2,1
202100025689,155Â 766,B01,1,1,1,5,2,6,-1,0,0,-1,2021,21.0,2,1,12,2,0,9,1,,3,125,-1,,-1,1,0,2,28,530,2,, -1,1,5,1,50,5,8,1,26,26206,2,6,0,3,1  Avenue du Vercors,44.831914,4.977944,11,3,2
202100008834,185Â 949,B01,1,1,1,1,2,6,-1,-1,0,-1,2021,39.0,2,1,4,2,1,3,1,,2,RN 184,0,,3,6,0,1,11,0,1,, -1,1,0,1,90,9,11,1,95,95256,1,1,0,6,RN 184,49.056575,2.205491,9,2,2
202100018453,168Â 645,A01,1,1,1,5,1,-1,-1,0,0,-1,2021,38.0,2,2,0,2,3,1,1,,3,944,-1,,2,2,0,1,3,200,1,, -1,1,0,1,90,17,9,3,51,51171,1,1,0,1,D944,49.3691096714,3.9263050124,20,3,2
202100039439,131Â 107,A01,1,1,2,5,1,-1,-1,-1, -1,-1,2021,22.0,2,2,13,0,1,1,1,,3,BUISSON (ROUTE DU),0,,2,2,0,4,1,220,4,, -1,2,0,1,80,17,5,1,61,61218,1,1,1,7,22 BUISSON (ROUTE DU),48.74526,-0.61253,11,2,1
202100018989,167Â 690,Z01,10,3,2,5,0,-1,-1,2,3,1,2021,73.0,3,1,0,1,1,1,3,,4,PLACE DE LA PORTE DE SAINT CLOUD,0,,1,3,1,1,(1),(1),1,, -1,2,0,5,30,14,9,5,75,75116,2,7,1,6,PLACE DE LA PORTE DE SAINT CLOUD,48.8377982246,2.2564336934,20,2,1
202100025738,155Â 678,A01,1,1,2,5,1,-1,-1,-1, -1,-1,2021,24.0,2,2,4,2,7,1,1,,2,RN136,0,,3,6,0,1,15,53,1,, -1,1,0,1,90,3,8,1,35,35238,1,1,0,3,RN136,48.11511,-1.71925,16,2,2
202100030652,146Â 966,C01,1,1,1,0,2,-1,-1,0,0,-1,2021,53.0,2,1,3,0,4,23,1,,1,8,0,A,3,5,0,1,181,238,3,, -1,1,0,1,50,5,7,1,6,6027,1,1,0,4,A8 Sortie 48 PK 181.238 Nord,43.66039,7.151198,17,3,3
202100006559,190Â 077,A01,1,1,1,0,8,0,-1,-1, -1,-1,2021,60.0,1,1,12,0,0,26,0,,4,SACRE COEUR (RD POINT) -RIV. DES GALETS ,0,,-1,2,0,1,0,0,1,, -1,1,0,1,50,21,11,3,974,97407,2,1,0,6,SACRE COEUR (RD POINT) -RIV. DES GALETS ,-20.955,55.311,23,1,1
202100030123,147Â 934,B01,1,1,1,5,1,-1,-1,-1, -1,-1,2021,68.0,1,2,4,2,6,2,1,,2,RN346   29.300 A 34.350,0,,3,4,0,2,32,950,1,, -1,1,0,1,90,8,7,1,69,69275,1,1,0,3,EST (ROC),45.77154,4.98483,14,2,2
202100015245,174Â 456,A01,1,1,1,0,2,8,-1,-1, -1,-1,2021,44.0,1,1,0,0,1,1,1,,4,63,0,,2,2,0,1,0,0,1,, -1,1,0,1,50,1,10,5,92,92020,2,1,0,7,REPUBLIQUE AV. NÂ°27 A 105 ET 26 A 178,48.8039497979,2.2977653146,0,1,1
202100008812,185Â 996,A01,1,1,1,5,1,-1,-1,0,0,-1,2021,52.0,2,2,2,0,3,5,1,,3,988,-1,,2,2,0,1,59,122,1,, -1,1,0,3,80,9,11,3,81,81099,1,1,0,6,RD 988,43.889929,1.876302,23,1,1
202100043921,123Â 164,A01,1,1,1,0,8,0,-1,-1, -1,-1,2021,54.0,3,2,0,2,1,1,0,,2,HUIT MAI 1945 (AV DU),0,,1,2,0,1,1,0,1,, -1,1,0,1,50,15,4,5,94,94078,2,1,0,2,HUIT MAI 1945 (AV DU),48.7272,2.4453,5,2,2
202100050546,111Â 344,A01,1,1,2,0,1,0,-1,-1, -1,-1,2021,20.0,2,2,4,2,7,1,1,,1,AUTOROUTE A104,0,,3,7,0,1,3,900,1,, -1,1,0,1,90,22,2,3,93,93078,1,1,0,3,AUTOROUTE A104,48.95811,2.5309,19,2,2
202100051729,109Â 228,B01,1,1,2,9,1,0,-1,-1, -1,-1,2021,40.0,1,2,0,2,2,1,1,,4,MONTGOLFIER (RUE),0,,2,1,0,1,0,0,1,, -1,1,0,1,50,12,2,1,93,93007,2,1,0,3,MONTGOLFIER (RUE),48.9532451976,2.4452590229,14,3,2
202100022100,162Â 121,A01,1,1,2,1,1,8,-1,-1, -1,-1,2021,32.0,1,2,14,0,4,2,1,,3,RD 660,0,,2,2,0,1,3,800,1,, -1,1,0,1,90,27,8,1,10,10362,1,1,0,2,RD 660,48.29684,4.0067,9,2,2
202100002465,197Â 367,Z01,10,3,2,3,8,8,-1,3,3,1,2021,14.0,1,2,0,1,1,1,0,,4,BOULEVARD DIDEROT,0,,1,3,0,1,(1),(1),1,, -1,1,0,1,30,17,12,5,75,75112,2,3,0,6,BOULEVARD DIDEROT,48.846093,2.375683,16,2,1
202100010667,182Â 657,A01,1,1,1,1,2,6,-1,-1, -1,-1,2021,39.0,2,1,0,2,7,3,1,,1,AUTOROUTE A6,0,,1,4,0,1,13,581,1,, -1,1,0,1,110,28,10,2,91,91161,1,1,0,3,AUTOROUTE A6,48.70215,2.30816,8,2,2
202100017301,170Â 726,B01,1,1,1,0,8,-1,-1,0,0,-1,2021,34.0,1,1,0,2,4,2,1,,3,20,0,N,4,4,0,1,3,200,1,, -1,1,0,1,90,23,9,3,91,91587,1,1,0,2,N 20,48.694981,2.286566,3,2,2
202100014430,175Â 903,A01,10,3,2,0,0,-1,-1,4,3,1,2021,38.0,1,2,0,1,3,15,1,,3,MAURICE BERTEAUX (R),0,,2,3,0,2,1,0,1,, -1,1,0,1,50,8,10,1,94,94071,2,3,0,6,Rue du Grand Val,48.77379,2.51722,9,2,1
202100003326,195Â 816,B01,2,2,2,5,1,0,-1,-1, -1,-1,2021,20.0,1,2,0,2,6,11,1,,1,A86 INT,0,,1,3,0,1,45,99,2,, -1,2,9,1,70,12,12,3,94,94073,1,1,1,6,A86 INT,48.76942,2.37949,3,3,2
202100008121,187Â 213,A01,1,1,1,0,1,0,-1,-1, -1,-1,2021,22.0,2,1,0,2,1,3,1,,1,AUTOROUTE A1,0,,3,6,0,1,2,200,1,, -1,2,0,1,90,15,11,5,93,93066,1,1,1,3,AUTOROUTE A1,48.9217312677,2.3573491055,19,2,2
202100049344,113Â 558,A01,1,1,2,0,1,0,-1,-1, -1,-1,2021,44.0,2,2,0,2,3,1,1,,1,AUTOROUTE A86,0,,3,6,0,1,13,800,1,, -1,1,0,1,90,4,3,1,93,93066,1,1,0,5,AUTOROUTE A86,48.92249,2.35583,11,3,3
202100052624,107Â 658,A01,1,1,1,5,1,-1,-1,0,0,-1,2021,32.0,1,2,3,0,3,17,1,,2,154,-1,N,3,4,0,2,38,200,1,, -1,1,0,1,110,5,2,1,27,27147,1,1,0,7,"N154, PR 038+200 vers ROUEN",49.110013,1.187242,15,1,1
202100024279,158Â 272,A01,1,1,1,1,8,0,-1,-1, -1,-1,2021,20.0,2,1,0,2,1,1,5,,4,AVE DU TAILLAN-MEDOC,0,,2,3,2,1,(1),(1),1,, -1,1,0,5,50,13,8,1,33,33162,2,3,0,3,Avenue du Taillan-MÃ©doc,44.88118,-0.65273,12,2,2
202100041038,128Â 259,B01,2,2,2,5,2,6,-1,-1, -1,-1,2021,59.0,1,1,0,2,4,1,1,,1,A570,0,,3,4,0,1,0,787,1,, -1,1,0,1,110,4,5,1,83,83062,1,1,0,2,A570,43.140224,6.038904,14,3,2
202100048586,114Â 910,A01,10,3,2,2,0,-1,-1,3,3,1,2021,13.0,2,1,0,1,7,2,1,,4,CHAMPIGNY (RTE DE),0,,2,2,0,1,1,0,1,, -1,1,0,1,50,8,3,1,94,94079,2,1,0,6,CHAMPIGNY (RTE DE),48.82428,2.534,15,2,1
202100040158,129Â 817,A01,1,1,1,0,2,6,-1,-1, -1,-1,2021,21.0,1,1,0,2,1,1,1,,3,FRANS ROUTE DE,0,,2,3,0,1,58,900,1,, -1,1,0,1,50,12,5,1,69,69264,2,1,0,2,D504,45.98396,4.74186,15,2,2
202100022010,162Â 293,A01,1,1,1,2,2,6,-1,0,0,-1,2021,19.0,2,1,6,0,1,13,1,,7,35,-1,,2,2,0,1,21,845,1,, -1,1,0,4,50,30,8,1,35,35131,2,1,0,6,Rue de CintrÃ©,48.122667,-1.818642,7,1,1
202100002477,197Â 342,A01,1,1,1,0,1,0,-1,-1, -1,-1,2021,63.0,1,2,1,0,2,1,2,,4,"VERSAILLES (AVENUE DE, DU 2 AU 28 ET DU",0,,2,2,0,1,1,0,1,, -1,1,0,1,50,17,12,2,93,93032,2,1,0,2,"VERSAILLES (AVENUE DE, DU 2 AU 28 ET DU",48.87809,2.53954,8,1,1
202100027547,152Â 490,A01,1,1,2,1,1,0,-1,-1, -1,-1,2021,21.0,2,2,0,2,1,2,1,,1,33 A LALANDE (PEAGE NORD),0,,3,6,0,1,0,376,1,, -1,1,0,1,90,22,7,1,31,31555,1,1,0,5,33 A LALANDE (PEAGE NORD),43.65024,1.42222,7,3,3
202100052954,107Â 064,B01,1,1,1,5,1,-1,-1,0,0,-1,2021,30.0,1,2,0,2,2,1,1,,3,201,0,,2,2,0,1,57,480,2,, -1,2,0,1,80,1,2,1,68,68021,1,1,1,1,D201,47.623535,7.487419,16,3,2
202100012285,179Â 770,A01,10,3,2,2,0,-1,-1,6,3,1,2021,13.0,2,5,8,1,1,1,1,,3,41,0,D,2,2,0,1,11,365,1,, -1,1,0,1,80,19,10,1,38,38160,1,1,0,6,D41,45.482576,4.989931,18,4,1
202100046111,119Â 339,A01,10,3,2,2,0,-1,-1,5,1,1,2021,11.0,3,2,0,1,4,4,1,,4,KERGESTIN RUE DE,0,,2,2,0,1,(1),(1),1,, -1,1,0,4,50,29,3,1,29,29232,2,1,0,6,35 Rue de Kerjestin,47.9842001372,-4.1308998808,8,2,1
202100015289,174Â 383,A01,1,1,1,5,2,6,-1,0,0,-1,2021,17.0,1,1,0,2,1,1,1,,4,,0,,1,1,0,1,(1),(1),1,,"5,5",1,0,1,30,2,10,1,4,4019,2,1,0,2,Av Porfirio Diaz,44.386623,6.654475,15,2,2
202100036026,137Â 291,A01,2,2,2,2,1,-1,-1,0,0,-1,2021,17.0,2,2,0,2,7,19,1,,3,905,0,,2,2,0,1,102,900,1,, -1,1,5,1,70,8,6,1,21,21352,1,2,0,3,d905,47.21779,5.258578,6,3,2
202100030491,147Â 268,B01,1,1,1,5,0,-1,-1,0,0,-1,2021,14.0,1,1,0,0,0,1,0,,3,537,0,D,2,2,0,1,6,62,3,, -1,3,5,1,50,6,7,1,44,44209,2,6,0,6,D537,47.331755,-1.617833,16,2,2
202100008806,186Â 005,A01,2,2,1,0,0,-1,-1,0,0,-1,2021,26.0,0,2,0,2,7,19,1,,2,568,0,N,3,2,3,1,(1),(1),1,, -1,1,5,1,90,8,11,3,13,13004,1,2,0,3,N568,43.625871,4.748358,22,4,2
202100005897,191Â 249,B01,1,1,1,5,2,6,-1,-1, -1,-1,2021,48.0,0,1,0,2,1,5,0,,4,ECLUSE (QUAI DE L'),0,,2,0,0,1,(1),(1),1,, -1,2,9,1,30,21,11,1,78,78015,2,9,1,1,ECLUSE (QUAI DE L'),48.963543,2.046167,11,2,2
202100026967,153Â 506,A01,10,3,2,5,0,-1,-1,2,3,1,2021,3.0,1,2,0,1,1,26,1,,4,STRASBOURG (RUE DE),0,,2,2,0,1,0,0,1,, -1,1,0,1,50,26,7,1,93,93031,2,1,0,6,Rue de Strasbourg,48.95668,2.29736,19,2,1
202100014984,174Â 922,B01,1,1,1,2,2,6,-1,-1, -1,-1,2021,17.0,2,1,0,2,7,17,1,,7,FAVEYROLLES (ROUTE DE),0,,2,2,0,2,3,0,1,, -1,1,0,1,50,5,10,1,83,83090,2,1,0,3,FAVEYROLLES (ROUTE DE),43.13809,5.87857,8,2,2
202100038603,132Â 636,B01,1,1,1,0,1,-1,-1,-1, -1,-1,2021,48.0,2,2,0,2,8,2,1,,4,,0,,1,4,3,1,(1),(1),1,, -1,1,0,1,50,23,5,1,69,69387,2,3,0,3,JEAN JAURES                         (AV),45.75119,4.84542,8,2,2
202100035293,138Â 617,A01,1,1,1,0,2,6,-1,-1, -1,-1,2021,17.0,3,1,12,0,1,1,1,,4,MULETS (CHEMIN 1  DES),0,,1,1,0,1,(1),(1),3,, -1,1,0,1,70,8,6,1,7,7281,2,1,0,6,,44.93991,4.85792,12,1,1
202100043422,124Â 047,B01,1,1,2,0,8,0,-1,-1, -1,-1,2021,54.0,3,0,0,2,1,1,3,,4,VENUS D'ARLES (Rue de la),0,,-1,1,1,1,0,9,1,, -1,1,0,1,50,16,4,1,84,84007,2,1,0,2,VENUS D'ARLES (Rue de la),43.92999,4.81911,16,2,2
202100050282,111Â 835,A01,1,1,1,3,2,6,-1,0,0,-1,2021,17.0,2,1,0,2,6,1,1,,3,958,0,D,2,2,0,1,19,500,1,, -1,1,0,1,50,26,2,1,59,59571,2,1,0,5,Rue Georges ClÃ©menceau,50.185936,3.497144,10,3,3
202100030234,147Â 720,B01,1,1,2,5,2,0,-1,0,0,-1,2021,69.0,1,1,0,2,1,13,5,,4,RUE RICHARD LENOIR,0,,2,2,1,1,(1),(1),1,, -1,1,0,5,30,7,7,1,75,75111,2,1,0,3,RUE RICHARD LENOIR,48.85679,2.381023,10,2,2
202100019501,166Â 773,B01,1,1,1,1,2,8,-1,-1, -1,-1,2021,27.0,2,1,0,2,1,1,1,,4,LAFON (RUE),0,,1,2,0,2,0,0,1,, -1,1,9,1,30,11,9,2,13,13206,2,9,0,3,LAFON (RUE),43.2915049531,5.3818081929,6,4,2
202100002273,197Â 720,A01,10,3,1,9,0,-1,-1,2,3,1,2021,37.0,2,1,0,1,1,1,1,,4,AVENUE PARMENTIER,0,,2,2,0,1,(1),(1),1,, -1,1,0,1,30,18,12,1,75,75110,2,1,0,6,AVENUE PARMENTIER,48.870374,2.370763,9,2,1
202100019750,166Â 340,A01,10,3,1,0,0,-1,-1,1,1,1,2021,28.0,1,2,14,0,1,19,0,,4,PAUL DOUMER (RUE),0,,2,2,0,1,(1),(1),1,, -1,1,0,1,30,10,9,1,93,93001,2,1,0,6,PAUL DOUMER (RUE),48.9173959217,2.387158832,10,2,1
202100002590,197Â 154,A01,1,1,1,4,2,8,-1,0,0,-1,2021,18.0,1,1,0,4,1,1,1,,4,BOURDES (DE),0,,2,2,0,1,(1),(1),1,, -1,1,4,1,30,16,12,5,81,81004,2,8,0,3,BOURDES (DE),43.92085,2.11562,19,2,2