Num_Acc,id_vehicule,num_veh,place,catu,sexe,trajet,secu1,secu2,secu3,locp,actp,etatp,year_acc,victim_age,senc,catv,obs,obsm,choc,manv,motor,occutc,catr,voie,v1,v2,circ,nbv,vosp,prof,pr,pr1,plan,lartpc,larrout,surf,infra,situ,vma,jour,mois,lum,dep,com,agg_,int,atm,col,adr,lat,long,hour,nb_victim,nb_vehicules
202100017288,170Â 750,A01,10,3,2,9,0,-1,-1,9,9,1,2021,46.0,0,2,6,1,1,15,1,,4,0,0,O,2,2,0,1,(1),(1),2,, -1,1,0,4,50,23,9,1,971,97103,2,1,0,6,Rue josÃ©phine Baker,16.256842,-61.578691,15,2,1
202100009074,185Â 486,B01,2,2,1,5,2,6,-1,-1,0,-1,2021,19.0,3,1,0,2,2,1,1,,4,DEPART (RUE DU),0,,2,2,0,1,(1),(1),1,, -1,1,0,1,50,6,11,2,95,95210,2,3,0,3,DEPART (RUE DU),48.9748505939,2.3044561969,17,3,2
202100040234,129Â 681,B01,1,1,1,4,1,0,-1,-1, -1,-1,2021,41.0,1,2,0,0,4,1,1,,4,EUROPE ( PONT DE L'),0,,1,2,0,1,0,0,1,, -1,1,0,1,50,12,5,1,93,93057,2,1,0,2,EUROPE ( PONT DE L'),48.914654,2.502121,7,2,2
202100040522,129Â 175,A01,10,3,1,9,0,-1,-1,2,3,1,2021,60.0,0,2,0,1,1,1,0,,3,PATAY (R DE),0,,-1,2,0,1,0,0,3,, -1,1,0,1,50,3,5,1,94,94017,2,1,0,6,PATAY (R DE),48.82224,2.49793,8,2,1
202100031681,145Â 129,A01,1,1,1,5,2,6,-1,0,0,-1,2021,31.0,1,1,0,0,7,1,1,,3,13,0,,2,2,0,1,21,850,2,, -1,1,0,3,50,20,6,3,4,4245,2,1,0,7,RD 13,43.879722,5.845113,4,1,1
202100046421,118Â 800,A01,2,2,1,5,2,6,-1,0,0,-1,2021,17.0,1,1,0,2,1,1,1,,3,792,-1,,2,2,0,4,8,0,1,, -1,1,0,1,80,27,3,1,22,22051,1,2,0,3,Le GuÃ©rida (Dolo),48.3925406129,-2.3413884828,17,3,2
202100045794,119Â 895,B01,1,1,1,4,2,0,-1,0,0,-1,2021,24.0,1,1,9,2,8,1,1,,4,BOULEVARD DU MONTPARNASSE,0,,3,6,0,1,(1),(1),1,, -1,1,0,1,50,31,3,1,75,75114,2,3,0,3,BOULEVARD DU MONTPARNASSE,48.84018,2.33483,12,2,2
202100030753,146Â 786,A01,1,1,1,5,2,6,-1,-1, -1,-1,2021,54.0,2,1,0,2,1,17,1,,2,ROUTE NATIONALE 5,0,,2,6,0,1,1,500,1,, -1,1,0,1,90,4,7,1,972,97213,2,1,0,2,ROUTE NATIONALE 5,14.59593,-60.98722,16,2,2
202100024198,158Â 418,A01,2,2,1,5,1,-1,-1,0,0,-1,2021,44.0,1,2,0,9,1,2,1,,1,7,-1,A,1,3,0,1,200,0,1,, -1,1,0,1,130,13,8,1,13,13066,1,1,0,6,A7,43.884408,4.923763,11,2,1
202100010451,183Â 041,B01,1,1,1,0,1,-1,-1,-1, -1,-1,2021,25.0,2,2,0,2,4,2,1,,1,43,0,,3,6,0,1,2,200,1,, -1,1,0,1,70,28,10,3,69,69029,1,1,0,2,A43   3.353 A 3.865,45.7275047962,4.909052543,19,2,2
202100054408,104Â 503,B01,1,1,1,5,2,6,-1,-1, -1,-1,2021,24.0,2,1,0,2,1,1,1,,2,104,0,,-1,6,0,1,19,581,1,, -1,2,0,1,90,20,1,2,77,77122,1,1,0,2,RN104,48.66244,2.61362,18,2,2
202100050125,112Â 134,C01,1,1,2,-1,0,0,0,-1, -1,-1,2021,78.0,3,1,0,2,9,15,-1,,4,,-1,,2,2,0,1,(1),(1),1,, -1,1,0,1,50,26,2,1,85,85226,2,3,0,1,Intersection Rue de la Touche / Avenue du Terre-Fort,46.716298,-1.961859,11,2,2
202100003006,196Â 402,A01,1,1,1,5,2,6,-1,0,0,-1,2021,16.0,3,1,0,0,8,1,1,,3,578,0,D,2,2,0,1,68,770,2,, -1,1,0,1,70,23,10,1,7,7001,1,1,0,6,D578 lieu dit MandÃ©,44.891908,4.391066,17,1,1
202100052480,107Â 912,A01,1,1,1,4,1,0,-1,-1, -1,-1,2021,54.0,2,2,15,0,1,14,1,,3,67,0,,2,4,0,1,0,0,2,, -1,1,0,1,50,5,2,1,92,92019,2,1,0,7,SULLY PRUDHOMME (AVENUE),48.7703047701,2.2871249914,15,1,1
202100047145,117Â 497,A01,10,3,1,5,8,8,-1,1,3,1,2021,56.0,1,2,0,1,1,1,1,,4,RUE JEAN JAURES ,0,,2,2,0,1,0,0,1,, -1,1,0,1,30,21,3,5,93,93063,2,1,0,6,JAURES RUE JEAN,48.8808174692,2.4419847327,20,2,1
202100051883,108Â 958,B01,3,2,1,5,1,8,-1,-1, -1,-1,2021,4.0,1,2,0,2,2,1,1,,3,7,0,,2,4,0,1,0,0,1,, -1,1,0,1,50,9,2,1,91,91521,2,9,0,3,REMY (RUE ALBERT),48.66101,2.40283,16,3,2
202100010630,182Â 735,A01,1,1,1,0,8,-1,-1,0,0,-1,2021,25.0,1,2,3,0,1,1,1,,2,57,-1,,3,2,0,1,26,0,3,, -1,1,3,3,110,29,10,3,88,88099,1,1,0,6,RN57 Ã©changeur Chavelot,48.22656,6.429877,3,3,1
202100047306,117Â 210,A01,10,3,2,1,0,-1,-1,2,3,1,2021,55.0,1,2,0,1,1,1,1,,3,171,-1,,-1,2,0,1,9,190,1,, -1,1,6,1,30,20,3,1,26,26004,2,1,1,6,5 Avenue du Vivarais,44.974058,5.0264503,18,2,1
202100005990,191Â 091,A01,1,1,1,5,2,6,-1,0,0,-1,2021,44.0,1,1,0,2,6,17,1,,4,RUE DES PYRENEES,0,,2,2,0,2,(1),(1),1,, -1,2,0,1,30,26,11,5,75,75120,2,2,1,2,RUE DES PYRENEES,48.852701,2.406119,23,3,2
202100053503,106Â 077,B01,1,1,1,0,1,0,-1,-1, -1,-1,2021,43.0,1,2,0,2,4,1,1,,3,7,0,,1,5,0,1,0,0,1,, -1,2,0,1,50,27,1,2,92,92062,2,1,1,2,DE DION BOUTON (QUAI) DU 29 AU 65,48.88451455,2.2500756383,7,2,2
202100008355,186Â 794,A01,5,2,1,5,8,0,-1,-1, -1,-1,2021,20.0,1,2,11,0,2,1,1,,4,GILBERT DRU (RUE),0,,1,1,0,1,0,0,1,, -1,2,0,1,50,12,11,5,13,13202,2,1,0,1,GILBERT DRU (RUE),43.30227,5.36836,5,4,1
202100056067,101Â 666,B01,1,1,1,1,2,0,-1,0,0,-1,2021,41.0,1,1,0,2,8,1,1,,4,BOULEVARD JOURDAN,0,,1,2,1,2,(1),(1),1,, -1,2,0,1,50,6,1,1,75,75114,2,1,0,3,BOULEVARD JOURDAN,48.821679,2.332948,14,2,2
202100043147,124Â 549,B01,1,1,2,1,2,0,-1,-1, -1,-1,2021,27.0,1,1,0,2,3,1,0,,3,BASQUE (AVENUE DU GRAND),0,,2,4,1,1,4,605,1,, -1,1,0,5,50,21,4,1,64,64102,2,1,0,3,BASQUE (AVENUE DU GRAND),43.49169,-1.45399,17,3,2
202100024802,157Â 320,A01,1,1,1,5,2,6,-1,0,0,-1,2021,62.0,2,1,12,0,2,21,1,,3,613,-1,,2,2,0,1,(1),(1),4,, -1,1,0,4,50,11,8,1,14,14543,2,2,0,6,D613,49.199867,-0.477605,15,1,1
202100035742,137Â 820,B01,1,1,2,0,1,0,-1,-1, -1,-1,2021,43.0,1,2,0,2,1,1,1,,4,PIERRE BROSSOLETTE (RUE),0,,2,2,0,1,(1),(1),1,, -1,1,8,1,50,7,6,1,10,10387,2,2,0,3,PIERRE BROSSOLETTE (RUE),48.286626,4.077444,10,2,2
202100009040,185Â 550,B01,5,2,2,3,1,0,-1,-1, -1,-1,2021,11.0,1,2,0,2,4,1,1,,1,A7-Sens Marseille vers Lyon,0,,-1,3,0,1,265,299,1,, -1,1,0,3,110,5,11,1,13,13071,1,1,0,2,A7-Sens Marseille vers Lyon,43.41429,5.27968,12,3,2
202100048136,115Â 703,B01,1,1,1,0,2,8,-1,-1, -1,-1,2021,18.0,2,1,0,2,1,1,1,,4,AGEN (AVENUE D'),0,,-1,2,0,1,0,0,1,, -1,1,0,1,50,5,3,1,47,47323,2,9,0,3,AGEN (AVENUE D'),44.39749,0.70748,11,2,2
202100056123,101Â 564,B01,4,2,1,0,1,0,-1,-1, -1,-1,2021,2.0,2,2,0,2,4,23,1,,1,AUTOROUTE A15,0,,3,8,0,1,5,400,1,, -1,2,2,1,90,4,1,3,92,92036,1,1,0,2,AUTOROUTE A15,48.945829154,2.2833738855,20,6,2
202100026001,155Â 204,A01,1,1,1,5,1,0,-1,-1, -1,-1,2021,30.0,3,2,6,0,1,1,1,,4,RIJOLE AVENUE DE LA,0,,2,2,1,1,0,0,3,, -1,2,0,8,30,1,8,2,9,9225,2,3,0,6,RIJOLE AVENUE DE LA,43.11851,1.62188,6,4,1
202100003046,196Â 327,B01,1,1,1,9,2,6,-1,-1, -1,-1,2021,31.0,1,1,4,2,7,0,1,,1,86,0,,1,4,0,1,0,600,1,, -1,1,0,1,70,13,12,5,92,92050,1,1,0,4,A86,48.9050793362,2.2089654207,18,4,3
202100022596,161Â 223,B01,1,1,1,5,2,0,-1,-1, -1,-1,2021,36.0,2,1,0,2,1,0,0,,4,BD ARISTIDE BRIAND,0,,2,2,0,1,0,0,1,, -1,1,0,1,50,24,8,1,91,91589,2,9,0,3,BD ARISTIDE BRIAND,48.687595,2.355494,18,2,2
202100010615,182Â 760,A01,1,1,1,5,2,6,-1,0,0,-1,2021,49.0,3,1,0,0,7,1,1,,5,sans,0,A,1,1,0,2,(1),(1),4,, -1,6,0,8,30,28,10,1,29,29228,1,1,0,7,Lieu Dit Kerscoulet,48.0363124786,-4.6105402708,17,2,1
202100019403,166Â 948,B01,1,1,1,5,1,-1,-1,0,0,-1,2021,71.0,1,2,0,2,3,1,1,,3,820,0,D,2,2,0,1,56,150,1,, -1,1,0,1,80,12,9,1,82,82048,1,9,0,1,D820,43.877819,1.298146,11,3,2
202100052383,108Â 079,B01,1,1,2,0,1,0,-1,-1, -1,-1,2021,47.0,3,2,0,2,4,2,0,,3,CAPITAINE THEN,0,,2,1,0,1,1,0,1,, -1,1,5,1,50,5,2,1,202,202033,2,6,0,4,CAPITAINE THEN,42.67466,9.43791,14,3,3
202100017086,171Â 089,Y01,1,1,1,5,0,-1,-1,0,0,-1,2021,6.0,3,1,0,2,1,19,5,,4,PAUL DEROULEDE (R),0,,1,1,0,1,1,0,1,, -1,1,0,1,30,24,9,1,94,94068,2,1,0,1,PAUL DEROULEDE (R),48.78906,2.4821,13,2,2
202100050837,110Â 814,A01,1,1,1,0,0,-1,-1,0,0,-1,2021,26.0,2,0,0,2,0,5,0,,4,0,0,,2,2,0,1,(1),(1),1,, -1,1,0,1,50,21,2,1,42,42005,2,1,0,1,Rue Lamartine,45.526915,4.269669,14,2,2
202100023804,159Â 071,A01,1,1,1,5,2,6,-1,0,0,-1,2021,17.0,1,1,0,0,1,0,1,,3,111,-1,D,2,2,0,1,6,10,3,,4,1,0,3,80,15,8,1,34,34163,1,1,0,7,D111,43.653738,3.699474,17,1,1
202100023675,159Â 299,A01,10,3,1,5,0,-1,-1,2,3,1,2021,56.0,1,2,0,1,1,2,1,,4,JEAN JAURES                         (IM),0,,2,2,3,1,(1),(1),1,, -1,1,5,1,50,17,8,1,69,69387,2,3,0,6,JEAN JAURES (AV),45.7460393771,4.8422992229,8,2,1
202100024288,158Â 256,Z01,1,1,1,5,8,0,-1,-1, -1,-1,2021,11.0,3,1,0,2,8,19,5,,4,GUYENNE   RUE DE,0,,2,2,0,1,(1),(1),1,, -1,1,0,1,50,12,8,1,17,17291,2,3,0,1,GUYENNE   RUE DE,46.18637,-1.12148,18,2,2
202100022569,161Â 282,B01,1,1,1,0,8,0,-1,-1, -1,-1,2021,35.0,2,2,0,2,1,3,0,,1,10,0,,3,3,0,1,3,400,1,, -1,1,0,1,110,26,8,1,91,91377,1,1,0,3,AUTOROUTE A10,48.72063,2.29448,9,2,2
202100012594,179Â 205,B01,2,2,1,5,1,0,-1,-1, -1,-1,2021,25.0,1,2,0,0,3,1,1,,1,A507 sens Aubagne- Marseille,0,,-1,3,0,2,10,0,1,, -1,1,0,1,50,17,10,3,13,13055,1,1,0,2,A507 sens Aubagne- Marseille,43.3245,5.42278,21,4,2
202100020475,165Â 037,A01,1,1,1,5,2,0,-1,-1, -1,-1,2021,64.0,1,1,0,0,1,1,5,,4,CHEVREUIL (RUE EUGENE),0,,2,1,0,1,(1),(1),1,, -1,1,5,1,50,3,6,1,37,37214,2,6,0,7,CHEVREUL (RUE EUGENE),47.4245015794,0.6593888998,12,1,1
202100022904,160Â 683,Z01,10,3,1,0,0,-1,-1,0,0,-1,2021,69.0,1,0,0,9,7,17,0,,7,SALINS ( ROUTE DES VIEUX),0,,2,2,0,1,42,180,1,, -1,1,0,1,50,22,8,1,83,83069,1,1,0,6,SALINS ( ROUTE DES VIEUX),43.11558,6.19121,7,2,1
202100051850,109Â 021,B01,1,1,1,4,1,-1,-1,0,0,-1,2021,43.0,1,2,0,2,1,1,1,,3,752,0,,-1,2,0,1,21,793,3,, -1,7,0,1,80,12,2,3,85,85090,1,1,0,6,Les EchardiÃ¨res,46.79911,-0.86911,5,4,2
202100027834,151Â 963,A01,1,1,1,5,2,6,-1,0,0,-1,2021,33.0,2,1,0,2,1,2,1,,3,927,0,,2,2,0,1,8,150,1,, -1,1,0,1,90,21,7,1,28,28199,1,1,0,2,927,48.205358,1.869698,18,2,2
202100049969,112Â 432,A01,2,2,1,5,8,-1,-1,0,0,-1,2021,22.0,2,2,2,0,1,13,1,,3,401,-1,,3,2,0,1,5,500,3,, -1,1,0,3,80,28,2,1,40,40123,1,1,0,7,route dÃ©partementale 401,43.770908,-1.095543,15,2,1
202100054999,103Â 500,B01,1,1,2,1,1,0,-1,-1,0,-1,2021,30.0,2,2,4,2,4,2,1,,1,15,0,,3,6,0,1,10,600,1,, -1,1,0,1,110,12,1,2,95,95252,1,9,0,5, A15,48.9766591204,2.2348937913,8,3,3
202100048256,115Â 493,B01,1,1,2,0,8,0,-1,-1, -1,-1,2021,35.0,3,1,0,2,7,1,5,,4,,0,,2,2,0,2,(1),(1),3,, -1,2,5,1,30,11,3,1,56,56260,2,6,0,3,GARE (GIRATOIRE DE LA),47.6640912781,-2.7553930879,9,2,2
202100021417,163Â 369,A01,1,1,1,0,2,6,-1,-1, -1,-1,2021,62.0,1,1,0,2,7,9,1,,4,ST THEODORE                         (R ),0,,1,1,0,1,(1),(1),1,, -1,1,0,1,50,31,8,1,69,69383,2,1,0,3,SAINT THEODORE (R),45.748372702,4.8635584116,11,2,2
202100044895,121Â 472,A01,10,3,1,5,0,-1,-1,1,1,1,2021,65.0,1,2,0,1,2,2,1,,3,203,-1,,2,2,0,1,(1),(1),1,, -1,1,0,1,70,6,4,3,971,97112,1,1,0,6,section murat,15.873445,-61.294012,19,2,1
202100054054,105Â 125,B01,1,1,1,0,2,0,-1,0,0,-1,2021,23.0,2,1,0,2,8,0,1,,4,MAS (RUE DU),0,,2,2,0,1,(1),(1),1,, -1,1,0,1,50,20,1,5,63,63032,2,4,0,3,MAS (RUE DU),45.75012,3.09288,18,2,2
202100041842,126Â 826,A01,1,1,1,5,2,6,-1,0,0,-1,2021,56.0,2,1,0,0,1,13,1,,3,D8,-1,,2,2,0,1,14,580,3,, -1,1,0,3,80,1,5,1,89,89062,1,1,0,7,D8,47.9258639502,3.8518077135,15,1,1
202100045125,121Â 073,B01,1,1,1,5,8,0,-1,-1, -1,-1,2021,23.0,2,2,0,2,1,1,1,,3,FUTERIE(PLACE DE LA),0,,2,2,0,1,1,250,1,, -1,1,0,1,50,4,4,1,38,38544,2,3,0,3,Place de la Futerie,45.52768,4.88028,14,2,2
202100032678,143Â 355,A01,10,3,1,0,0,-1,-1,4,3,2,2021,4.0,0,2,0,1,1,1,1,,4,BLUM  BOULEVARD LEON (inf 51),0,,2,4,0,1,0,0,1,, -1,2,0,1,50,23,6,1,25,25056,2,2,1,6,CHOPIN RUE FREDERIC,47.26262,6.04048,16,2,1
202100048076,115Â 811,B01,1,1,2,1,0,-1,-1,0,0,-1,2021,51.0,0,1,0,0,4,1,5,,3,840,-1,D,2,1,0,1,0,1,2,, -1,1,5,1,-1,15,3,1,27,27679,2,6,0,2,D840,48.738181,0.920164,15,2,2
202100046254,119Â 097,A01,10,3,1,0,0,-1,-1,3,3,1,2021,16.0,1,2,0,1,1,1,1,,3,GALLIENI (AVENUE),0,,2,2,0,1,0,1,1,, -1,1,0,1,50,28,3,1,93,93031,2,1,0,6,GALLIENI (AVENUE),48.9654,2.30012,19,2,1
202100013018,178Â 477,A01,2,2,2,5,1,-1,-1,-1,0,-1,2021,27.0,2,2,0,2,6,2,1,,1,AUTOROUTE A15,0,,1,3,0,1,16,100,1,, -1,1,0,1,110,16,10,3,95,95306,1,1,0,2, A15,49.0020597419,2.1709628262,5,3,2
202100041334,127Â 724,A01,1,1,1,1,2,6,-1,-1, -1,-1,2021,33.0,3,1,1,2,8,1,0,,3,985,0,,2,2,0,1,0,0,2,, -1,1,0,1,50,4,5,1,92,92064,2,1,0,3,REPUBLIQUE,48.857648121,2.2108536959,17,2,2
202100016219,172Â 646,A01,1,1,1,0,1,0,-1,-1, -1,-1,2021,68.0,0,5,0,0,8,9,1,,4,VALLON DE TOULOUSE (RUE),0,,1,2,1,1,0,0,1,, -1,1,0,1,50,28,9,1,13,13210,2,1,0,6,VALLON DE TOULOUSE (RUE),43.266,5.41999,8,2,2
202100046240,119Â 118,A01,1,1,2,5,2,6,-1,-1, -1,-1,2021,36.0,1,1,6,0,1,1,1,,4,GEORGES CLEMENCEAU,0,,2,2,0,1,0,0,2,, -1,1,0,4,50,28,3,1,2,2738,2,1,0,7,GEORGES CLEMENCEAU,49.65385,3.28532,18,1,1
202100045946,119Â 627,B01,1,1,1,1,8,-1,-1,-1, -1,-1,2021,43.0,2,1,0,2,1,1,5,,4,LIBERTE (BD DE LA),0,,3,4,2,1,(1),(1),1,, -1,1,0,5,30,30,3,1,35,35238,2,1,0,3,LIBERTE (BD DE LA),48.10812,-1.68271,9,2,2
202100031406,145Â 613,A01,1,1,1,4,1,0,-1,-1, -1,-1,2021,38.0,1,2,0,2,1,1,1,,2,RN315 Y,0,,3,4,0,2,1,399,3,, -1,1,0,1,90,2,7,1,92,92036,1,1,0,4,RN315 Y,48.9182648361,2.30736786,13,4,3
202100029294,149Â 400,A01,2,2,1,5,1,0,-1,0,0,-1,2021,43.0,1,2,4,0,1,1,1,,3,,0,,3,2,0,2,(1),(1),3,, -1,1,0,1,50,9,7,3,54,54323,2,1,0,6,FAIENCERIE (RUE DE LA),49.51033,5.76973,23,2,1
202100018131,169Â 208,B01,1,1,1,5,8,0,-1,-1, -1,-1,2021,14.0,2,1,0,2,4,1,5,,3,BAYONNE (AVENUE DE),0,,3,4,0,1,9,170,1,, -1,2,0,1,50,18,9,5,64,64024,2,1,0,2,BAYONNE (AVENUE DE),43.48178,-1.50871,4,2,2
202100001223,199Â 585,B01,1,1,1,5,1,0,-1,-1, -1,-1,2021,41.0,3,0,0,2,4,0,0,,3,920,0,,1,4,1,1,0,0,1,, -1,2,0,1,50,26,12,1,92,92002,2,7,1,4,GENERAL DE GAULLE (PLACE DU),48.76346,2.30876,14,3,3
202100040935,128Â 450,B01,1,1,1,9,2,0,-1,-1, -1,-1,2021,19.0,3,1,0,2,4,12,1,,7,JEAN PAUL SARTRE (AVENUE),0,,1,2,0,1,1,0,1,, -1,1,0,1,70,7,5,5,13,13213,2,9,0,2,JEAN PAUL SARTRE (AVENUE),43.31616,5.40941,23,3,2
202100048676,114Â 748,A01,1,1,2,1,1,0,-1,-1, -1,-1,2021,22.0,2,2,0,2,1,1,1,,4,BERT (QUAI PAUL),0,,3,3,1,1,(1),(1),1,, -1,1,0,1,50,9,3,1,37,37261,2,3,0,3,BERT (QUAI PAUL),47.4015009524,0.6865596772,7,2,2
202100014363,176Â 038,A01,1,1,2,1,1,0,-1,0,0,-1,2021,58.0,1,2,12,0,1,13,1,,7,LEOPOLD (COURS),0,,1,2,2,1,(1),(1),1,, -1,1,-1,1,30,8,10,5,54,54395,2,1,0,7,LEOPOLD (COURS),48.69629,6.176175,6,1,1
202100017705,169Â 974,B01,2,2,2,5,1,0,-1,-1, -1,-1,2021,40.0,1,2,0,2,4,26,1,,3,920,0,,1,3,1,1,0,0,1,, -1,1,0,1,50,21,9,5,92,92007,2,1,0,4,BRIAND (AVENUE ARISTIDE) NÂ° 2 A 98,48.8081764841,2.3262637854,22,6,3
202100005666,191Â 668,A01,1,1,1,4,1,0,-1,-1, -1,-1,2021,34.0,1,5,3,2,1,14,1,,3,PERI (BOULEVARD GABRIEL)  0 - 37 / 42,0,,1,2,0,1,1,0,1,, -1,7,0,4,50,29,11,5,93,93064,2,1,0,6,PERI (BOULEVARD GABRIEL)  0 - 37 / 42,48.877812415,2.4745416641,6,1,1
202100050985,110Â 548,A01,10,3,2,5,0,-1,-1,1,2,1,2021,76.0,0,2,0,1,4,4,1,,4,,0,,2,1,0,2,(1),(1),1,, -1,1,0,1,30,20,2,1,31,31036,2,1,1,6,31 AllÃ©e de Nanbours,43.548149,1.563139,11,2,1
202100034454,140Â 145,B01,1,1,1,4,1,8,-1,-1, -1,-1,2021,20.0,1,2,0,2,3,1,1,,3,20,0,,2,2,0,1,0,0,1,, -1,1,0,1,50,11,6,1,92,92036,2,2,0,3,LOUIS ROCHE (AVENUE) (1/45),48.923344,2.321315,20,2,2
202100017429,170Â 472,B01,2,1,2,0,2,6,-1,-1, -1,-1,2021,16.0,2,1,0,2,1,1,1,,4,PREMARTINE (RUE) NÂ° IMP 1 A 41,0,,2,2,0,2,0,0,1,, -1,1,0,1,50,22,9,5,72,72181,2,2,0,1,PREMARTINE (RUE) NÂ° IMP 1 A 41,48.0079915568,0.2097415922,20,2,2
202100050315,111Â 766,B01,1,1,1,1,8,-1,-1,-1, -1,-1,2021,48.0,1,1,0,2,7,19,6,,3,LIMOGES (AVENUE DE) 2 A 84 et 1 A 73,0,,2,2,0,1,59,250,1,,"9,5",1,0,1,50,24,2,1,79,79191,2,3,0,3,Rue du 14 Juillet,46.32223,-0.45685,12,2,2
202100043819,123Â 358,A01,1,1,1,5,0,-1,-1,0,0,-1,2021,14.0,1,1,0,9,1,0,5,,4,,-1,,2,2,0,2,(1),(1),1,, -1,1,0,1,50,17,4,1,36,36034,2,1,0,6,40 Rue de Safran,47.257996,1.653689,15,1,1
202100027992,151Â 671,A01,1,1,1,0,1,-1,-1,0,0,-1,2021,55.0,0,2,0,0,0,0,1,,3,37,-1,,2,2,0,1,12,0,1,, -1,1,0,8,80,28,6,2,36,36237,1,1,0,7,,47.113656,1.612673,21,1,1
202100009695,184Â 373,B01,1,1,1,5,4,-1,-1,0,0,-1,2021,36.0,1,1,0,2,7,1,5,,3,938,3,D,-1,2,0,1,20,850,1,, -1,1,5,1,50,3,11,5,79,79049,2,6,0,3,Boulevard de lâEurope,46.834912,-0.481505,22,2,2
202100037110,135Â 368,C01,1,1,1,4,1,-1,-1,0,0,-1,2021,19.0,1,4,1,0,1,1,1,,1,29,-1,A,1,4,0,1,37,500,1,, -1,1,0,2,90,2,6,2,76,76586,1,1,0,2,A29 -  PK 37+500 29 - Sens le Havre vers Amiens,49.569759,0.377269,4,2,2
202100006714,189Â 782,A01,1,1,1,5,1,0,-1,0,0,-1,2021,32.0,2,2,6,0,1,16,1,,2,PROVENCE (AVENUE DE),0,,2,2,0,2,40,1,1,, -1,1,0,3,50,20,11,5,5,5061,2,4,0,6,ST JEAN ( ROUTE DE ),44.53743,6.05291,3,1,1
202100014478,175Â 827,A01,1,1,1,1,1,-1,-1,0,0,-1,2021,26.0,1,5,0,2,3,13,1,,3,786,0,,2,2,0,1,(1),(1),3,, -1,1,0,1,80,8,10,1,22,22042,1,1,0,1,Penn Ar Hra,48.754417,-3.314411,14,2,2
202100042974,124Â 856,A01,1,1,1,5,1,-1,-1,0,0,-1,2021,19.0,1,2,3,0,1,13,1,,7,16,-1,,2,2,0,2,12,720,3,, -1,1,2,8,80,24,4,3,13,13044,1,1,0,6,Route dÃ©partementale 16,43.600509,5.046276,0,3,1
202100034429,140Â 190,A01,10,3,2,5,0,-1,-1,3,3,1,2021,62.0,0,5,0,1,1,15,1,,4,RUE MARCADET,0,,1,1,0,1,(1),(1),2,, -1,1,0,1,50,14,6,1,75,75118,2,3,1,6,RUE MARCADET,48.893072,2.327749,14,2,1
202100016904,171Â 407,B01,1,1,2,1,8,0,-1,-1, -1,-1,2021,18.0,1,1,0,2,1,26,5,,4,NOTRE DAME DU LAC AVENUE,0,,1,2,0,1,1,0,2,, -1,1,0,1,30,24,9,1,49,49007,2,1,0,3,NOTRE DAME DU LAC AVENUE,47.475569,-0.583445,12,2,2
202100045722,120Â 021,A01,10,3,1,0,8,-1,-1,1,3,1,2021,44.0,2,1,0,1,3,1,1,,4,PERRIN (AVE JEAN),0,,2,2,0,1,(1),(1),1,, -1,1,0,1,50,24,3,1,33,33281,2,1,0,6,Avenue Jean Perrin,44.83803,-0.67057,13,2,1
202100047163,117Â 466,A01,10,3,1,4,9,8,8,5,9,1,2021,51.0,3,5,0,1,8,18,0,,4,,-1,,-1,2,0,4,(1),(1),1,, -1,1,0,4,50,20,3,1,6,6038,2,9,0,6,243 chemin du Vignal,43.647993,6.975793,9,2,1
202100012769,178Â 897,B01,1,1,1,0,0,-1,-1,0,0,-1,2021,49.0,3,1,0,2,3,3,5,,3,4,0,D,2,2,0,1,3,20,1,, -1,1,0,1,80,12,10,3,38,38087,1,1,0,1,D4,45.572596,4.811572,20,2,2
202100013021,178Â 472,A01,1,1,1,0,1,0,-1,-1, -1,-1,2021,29.0,2,2,0,9,1,1,1,,1,A4,0,,1,5,0,1,2,299,1,, -1,1,0,1,90,16,10,3,94,94018,1,1,0,6,A4,48.8176187265,2.4186579611,5,1,1
202100008778,186Â 052,A01,10,3,2,1,0,-1,-1,2,3,1,2021,66.0,1,2,0,1,2,15,2,,3,13,0,,2,8,0,2,0,0,2,, -1,1,0,1,50,9,11,1,92,92025,2,2,0,6,GENERAL LECLERC (PLACE DU),48.9231766028,2.2524923086,16,2,1
202100033634,141Â 646,A01,1,1,1,9,2,0,-1,0,0,-1,2021,38.0,2,1,0,2,3,17,1,,4,RUE DE LA CROIX NIVERT,0,,2,2,0,1,(1),(1),1,, -1,2,0,1,50,18,6,1,75,75115,2,1,1,3,RUE DE LA CROIX NIVERT,48.841522,2.292514,16,2,2
202100055230,103Â 097,A01,1,1,2,5,1,0,-1,-1, -1,-1,2021,21.0,2,2,0,2,8,13,1,,4,MARTYRS DE LA DEPORTATION (RUE DES),0,,2,2,0,1,0,0,1,, -1,2,0,1,50,13,1,5,93,93007,1,1,1,3,MARTYRS DE LA DEPORTATION (RUE DES),48.947362,2.438727,19,2,2
202100009199,185Â 266,A01,2,2,2,5,2,0,-1,-1, -1,-1,2021,14.0,1,1,0,2,5,1,1,,4,ARAGO (FRANCOIS),0,,3,2,0,1,(1),(1),1,, -1,1,0,1,50,4,11,5,973,97302,2,2,0,3,ARAGO (FRANCOIS),4.9367940617,-52.3312316537,22,4,2
202100038209,133Â 345,A01,1,1,2,5,1,0,-1,0,0,-1,2021,23.0,2,2,4,2,2,14,1,,4,PORTE DE SAINT CLOUD,0,,1,4,0,1,10,800,1,, -1,1,1,1,70,25,5,1,75,75116,2,1,0,5,BD PERIPHERIQUE EXTERIEUR,48.836323,2.256396,18,5,4
202100010606,182Â 772,A01,1,1,2,5,0,-1,-1,0,0,-1,2021,32.0,1,2,0,0,9,0,1,,3,23,0,D,2,2,0,1,11,200,3,, -1,1,0,3,70,28,10,3,74,74009,1,1,1,7,d23,46.080688,6.053456,5,1,1