Num_Acc,id_vehicule,num_veh,place,catu,sexe,trajet,secu1,secu2,secu3,locp,actp,etatp,year_acc,victim_age,senc,catv,obs,obsm,choc,manv,motor,occutc,catr,voie,v1,v2,circ,nbv,vosp,prof,pr,pr1,plan,lartpc,larrout,surf,infra,situ,vma,jour,mois,lum,dep,com,agg_,int,atm,col,adr,lat,long,hour,nb_victim,nb_vehicules
202100002594,197Â 146,B01,2,2,1,0,1,-1,-1,-1, -1,-1,2021,86.0,0,2,0,2,1,1,1,,4,JAURES. AVENUE JEAN,0,,2,2,0,1,0,0,1,, -1,1,0,1,50,16,12,1,76,76498,2,1,1,5,JAURES. AVENUE JEAN,49.4254,1.05822,13,5,3
202100025105,156Â 779,B01,1,1,1,5,1,-1,-1,-1, -1,-1,2021,34.0,1,2,0,2,4,23,1,,7,AMBROISE CROIZAT                    (BD),0,,3,4,0,1,1,600,1,, -1,1,0,1,50,8,8,5,69,69259,2,3,0,2,AMBROISE CROIZAT (BD),45.7066,4.88747,2,2,2
202100023470,159Â 671,A01,1,1,1,5,2,0,-1,-1, -1,-1,2021,30.0,1,1,0,2,1,1,1,,3,992,0,,1,3,0,1,0,0,1,, -1,1,0,1,50,18,8,1,92,92025,2,2,0,3,CHARLES DE GAULLE (BD),48.914542,2.229174,10,3,2
202100034952,139Â 230,B01,1,1,1,0,2,0,-1,-1, -1,-1,2021,39.0,1,1,0,2,1,1,1,,3,RD 308,0,,2,2,0,1,10,890,1,, -1,1,0,1,70,11,6,1,78,78551,1,2,0,3,RD 308,48.93943,2.07613,12,2,2
202100042366,125Â 900,B01,1,1,2,1,2,0,-1,-1, -1,-1,2021,32.0,2,1,0,2,7,1,3,,3,JEAN JAURES (R),0,,-1,2,0,1,1,0,1,, -1,1,2,1,50,27,4,2,94,94022,2,9,0,3,JEAN JAURES (R),48.765204,2.408051,20,2,2
202100026489,154Â 349,B01,10,3,2,1,0,-1,-1,3,3,1,2021,18.0,1,2,0,1,1,21,1,,3,FERE EN TARDENOIS ( ROUTE DE - C.D. 06 ),0,,2,2,0,1,0,0,1,, -1,1,0,1,50,7,7,1,2,2064,2,1,0,6,FERE EN TARDENOIS ( ROUTE DE - C.D. 06 ),49.36667,3.33398,11,2,1
202100031979,144Â 583,A01,1,1,1,5,0,-1,-1,0,0,-1,2021,12.0,3,1,0,2,2,0,5,,6,,0,,-1,0,0,1,(1),(1),1,, -1,1,0,8,-1,27,6,1,25,25056,2,1,0,2,GARNIER RUE LOUIS,47.215631812,5.9685319662,16,2,2
202100013262,178Â 036,A01,1,1,1,0,1,0,-1,-1, -1,-1,2021,20.0,2,2,0,2,1,2,1,,7,RD 201,0,,1,2,0,1,8,700,1,, -1,1,0,1,90,14,10,3,42,42183,1,1,0,2,M201,45.4187872366,4.3702336451,19,2,2
202100020011,165Â 860,C01,1,1,2,1,1,-1,-1,-1, -1,-1,2021,30.0,1,2,0,2,4,2,1,,2,ROUTE NATIONALE 230,0,,3,6,0,1,40,380,1,, -1,1,0,1,90,7,9,1,33,33013,1,1,0,4,Rocade Rive Droite N230,44.85066,-0.50407,8,3,3
202100026214,154Â 843,A01,1,1,1,5,1,-1,-1,0,0,-1,2021,22.0,2,2,17,0,1,1,1,,3,51,-1,D,2,2,0,2,1,800,1,, -1,1,0,3,80,31,7,2,30,30218,1,1,0,6,D.51,44.241856,4.27911,5,1,1
202100035693,137Â 913,A01,1,1,1,3,2,8,-1,-1, -1,-1,2021,22.0,1,1,0,2,1,1,1,,4,PAPIN (RUE),0,,2,2,0,1,(1),(1),1,, -1,1,0,1,50,8,6,1,68,68224,2,1,0,3,PAPIN (RUE),47.75248,7.33206,18,2,2
202100008044,187Â 351,A01,1,1,1,4,2,6,-1,0,0,-1,2021,29.0,2,1,0,2,2,3,1,,4,BOULEVARD PERIPHERIQUE,0,,1,3,0,1,(1),(1),1,, -1,1,0,1,70,13,11,1,75,75114,2,4,0,2,BOULEVARD PERIPHERIQUE,48.821883,2.316696,13,2,2
202100037563,134Â 522,A01,10,3,2,5,0,-1,-1,2,5,2,2021,3.0,3,5,0,1,2,1,1,,4,JEAN MACE                           (PL),0,,1,1,0,1,(1),(1),1,, -1,1,9,1,50,29,5,1,69,69387,2,1,0,6,JEAN MACE                           (PL),45.7462963058,4.8419671655,12,2,1
202100021043,164Â 046,A01,10,3,2,9,0,-1,-1,3,3,1,2021,32.0,1,5,0,1,1,26,1,,4,BRETONNIERES BOULEVARD,0,,2,2,0,1,1,0,1,, -1,1,0,1,50,1,9,1,49,49267,2,1,0,6,BRETONNIERES BOULEVARD,47.47802,-0.51437,8,2,1
202100026509,154Â 316,A01,2,2,2,5,2,0,-1,-1, -1,-1,2021,23.0,1,1,4,0,3,17,1,,3,GENERAL DE GAULLE (AV DU),0,,2,4,0,1,1,0,1,, -1,1,0,1,50,11,7,5,94,94017,2,1,0,6,Avenue du GÃ©nÃ©ral de Gaulle,48.826239,2.505272,2,2,1
202100021090,163Â 956,B01,1,1,2,9,2,0,-1,0,0,-1,2021,54.0,1,1,0,2,1,1,5,,4,ALLEE DU BORD DE L EAU,0,,3,1,1,1,(1),(1),3,, -1,1,0,5,30,3,9,1,75,75116,2,2,0,3,ALLEE DU BORD DE L EAU,48.876131,2.246359,14,2,2
202100028242,151Â 211,A01,1,1,1,5,2,6,-1,0,0,-1,2021,49.0,1,1,0,0,9,0,1,,2,20,0,,2,2,0,1,112,800,3,, -1,1,2,1,80,20,7,3,202,202337,1,1,0,7,RT20,42.475318,9.262547,3,1,1
202100002310,197Â 659,B01,1,1,1,5,1,-1,-1,0,0,-1,2021,63.0,1,2,0,2,1,1,1,,7,6,0,M,2,1,0,4,68,1003,4,,3,2,0,1,80,18,12,1,42,42208,1,4,1,1,Lieu Dit les MaladiÃ¨res,45.544283,4.460852,11,2,2
202100042496,125Â 660,A01,10,3,2,5,0,-1,-1,4,3,1,2021,38.0,2,4,0,1,1,1,1,,4,AVENUE VICTOR HUGO,0,,-1,2,0,1,(1),(1),1,, -1,1,0,1,50,26,4,1,75,75116,2,2,0,6,RUE DE LONGCHAMP,48.866955,2.278956,10,2,1
202100029689,148Â 730,A01,1,1,1,5,1,-1,-1,0,0,-1,2021,30.0,1,2,2,0,8,1,1,,3,131,0,R,2,2,0,1,3,800,1,, -1,1,0,3,80,11,7,1,30,30101,1,1,0,6,RD 131,44.078861,4.147317,20,1,1
202100012249,179Â 828,A01,10,3,1,2,0,-1,-1,2,4,1,2021,12.0,1,2,0,1,2,1,1,,4,AVENUE EMILE ZOLA,0,,2,2,0,1,(1),(1),1,, -1,1,0,1,30,19,10,1,75,75115,2,1,0,6,AVENUE EMILE ZOLA,48.846377,2.282629,15,2,1
202100007942,187Â 544,B01,1,1,1,4,2,6,-1,-1, -1,-1,2021,29.0,2,1,0,2,7,0,1,,1,AUTOROUTE A6A,0,,3,6,0,1,4,158,1,, -1,1,0,1,90,16,11,1,94,94038,1,1,0,5,AUTOROUTE A6A,48.7805,2.3467,14,3,3
202100043633,123Â 682,B01,1,1,1,9,2,0,-1,-1, -1,-1,2021,27.0,3,1,0,2,2,14,1,,4,FLANDRES-DUNKERQUE (PLACE),0,,1,3,0,1,(1),(1),2,, -1,1,0,1,50,17,4,1,34,34172,2,6,0,3,FLANDRES-DUNKERQUE (PLACE),43.58961,3.85661,16,2,2
202100009353,184Â 988,A01,1,1,1,1,1,-1,-1,0,0,-1,2021,18.0,1,2,0,2,1,2,1,,3,73,-1,D,2,2,0,1,6,846,1,, -1,1,0,1,80,5,11,3,85,85277,1,1,0,6,D73,46.529616,-1.42848,18,3,2
202100048293,115Â 429,A01,1,1,2,9,1,0,-1,0,0,-1,2021,33.0,1,2,6,0,1,16,1,,4,BOULEVARD PONIATOWSKI,0,,1,2,0,1,(1),(1),1,, -1,1,0,4,50,12,3,1,75,75112,2,2,0,6,BOULEVARD PONIATOWSKI,48.83492,2.405465,11,1,1
202100019131,167Â 430,A01,10,3,2,0,0,-1,-1,1,3,1,2021,77.0,2,2,0,1,4,4,1,,4,ALPES (AVENUE  DES ),0,,2,2,0,1,0,1,1,, -1,1,0,1,50,11,9,1,5,5061,2,1,0,6,ALPES (AVENUE  DES ),44.56314,6.08482,10,2,1
202100032752,143Â 229,A01,1,1,1,9,8,-1,-1,0,0,-1,2021,22.0,2,2,0,2,3,13,1,,3,820,-1,,2,2,0,2,17,950,3,, -1,2,0,1,80,21,6,1,46,46145,1,1,1,3,Route de Brive,44.902678,1.477734,9,2,2
202100028658,150Â 490,A01,10,3,1,5,0,-1,-1,1,3,1,2021,11.0,0,2,0,1,1,1,1,,4,PAUL (RUE MARCEL),0,,2,2,3,1,(1),(1),1,, -1,1,0,1,50,16,7,1,27,27229,2,1,0,6,PAUL (RUE MARCEL),49.028737,1.163348,19,2,1
202100032149,144Â 284,B01,1,1,2,5,1,0,-1,-1, -1,-1,2021,31.0,2,2,0,2,4,0,1,,3,L'HIPPODROME (AV DE),0,,2,2,0,1,1,0,3,, -1,2,0,1,50,25,6,2,94,94019,2,1,1,2,Avenue de L Hippodrome,48.8003528939,2.5704789162,21,2,2
202100015890,173Â 266,A01,1,1,2,1,2,0,-1,-1, -1,-1,2021,18.0,3,1,0,0,0,1,1,,4,RD 23 (RTE),0,,2,2,0,1,0,0,1,, -1,2,0,1,50,29,9,5,72,72003,2,1,1,7,RD 23 (RTE),47.97232,0.14736,5,1,1
202100018923,167Â 818,B01,1,1,1,1,2,-1,-1,0,0,-1,2021,48.0,0,1,0,2,1,1,1,,4,RENE GAMBIER (RUE),0,,2,2,0,1,(1),(1),1,, -1,1,0,1,50,13,9,1,80,80164,2,1,0,3,RENE GAMBIER (RUE),49.88508,2.35046,12,2,2
202100012264,179Â 803,A01,10,3,2,0,0,-1,-1,2,3,1,2021,44.0,1,2,0,1,2,1,1,,3,PARIS (RUE DE),0,,1,2,0,1,0,1,1,, -1,2,0,1,50,19,10,3,93,93048,2,1,0,6,PARIS (RUE DE),48.85586,2.42435,3,2,1
202100021215,163Â 738,A01,1,1,1,5,1,-1,-1,0,0,-1,2021,75.0,1,2,13,0,3,1,1,,3,902,-1,,2,2,0,1,22,300,1,, -1,1,0,1,80,4,5,1,74,74034,1,1,0,7,D902,46.261573,6.623662,16,2,1
202100017452,170Â 431,A01,2,2,1,5,8,0,-1,-1, -1,-1,2021,38.0,1,2,1,0,2,14,1,,4,MULSANT (RUE),0,,2,2,0,1,(1),(1),1,, -1,1,0,1,50,22,9,5,42,42187,2,1,0,6,Rue Mulsant,46.0394180652,4.0547480732,21,2,1
202100006974,189Â 300,B01,1,1,2,0,1,-1,-1,0,0,-1,2021,51.0,1,2,0,2,3,1,1,,2,1,0,,2,2,0,1,58,500,1,,7,2,0,1,80,21,11,1,973,97304,1,1,0,1,"RN1, PK 058.500",5.147281,-52.708368,16,2,2
202100043945,123Â 127,A01,1,1,2,9,1,-1,-1,0,0,-1,2021,39.0,2,2,0,0,0,0,1,,3,982,-1,,2,2,0,1,14,400,1,, -1,1,0,3,80,5,3,3,51,51602,1,1,0,7,D982,48.812389,4.713264,22,1,1
202100023973,158Â 787,A01,1,1,1,1,4,-1,-1,0,0,-1,2021,49.0,1,1,0,2,7,1,5,,3,1084,-1,,-1,2,1,1,6,710,3,, -1,1,0,5,50,13,8,1,1,1043,2,6,0,3,intersection d1084 et d1084A,45.833344,4.993587,7,2,2
202100015822,173Â 391,B01,1,1,1,5,2,-1,-1,0,0,-1,2021,75.0,2,1,0,2,1,0,5,,7,185,-1,,-1,2,1,1,12,386,1,, -1,1,0,5,70,1,10,1,34,34337,1,3,0,3,Cd 185,43.53794,3.864398,10,2,2
202100045595,120Â 228,B01,1,1,1,2,2,0,-1,-1, -1,-1,2021,15.0,2,1,0,2,1,1,5,,4,CARTIER (BD JACQUES),0,,2,2,0,1,(1),(1),1,, -1,1,5,1,50,1,4,1,35,35238,2,2,0,3,ALMA (DE L'),48.09737,-1.674964,7,2,2
202100016691,171Â 794,A01,1,1,1,5,8,-1,-1,0,0,-1,2021,41.0,1,2,0,0,9,9,1,,3,14,-1,,2,2,0,1,0,200,2,, -1,1,0,1,80,25,9,1,43,43074,1,3,0,7,intersection RN 2102 ET RD14,45.337381,3.362975,19,1,1
202100030351,147Â 507,A01,1,1,2,0,1,8,-1,-1, -1,-1,2021,35.0,1,2,16,0,1,1,1,,3,BLANC AVENUE ROSETTE,0,,1,3,0,1,1,20,2,, -1,1,0,1,70,4,7,3,66,66136,1,1,0,6,BLANC AVENUE ROSETTE,42.69946,2.91031,3,1,1
202100008618,186Â 336,A01,1,1,1,1,2,8,-1,-1, -1,-1,2021,21.0,1,1,1,2,1,9,1,,3,JEAN MOULIN (AVENUE),0,,-1,1,0,1,0,1,1,, -1,1,9,1,20,9,11,5,93,93048,2,9,0,3,JEAN MOULIN (AVENUE),48.8601545953,2.4513360855,18,3,2
202100003171,196Â 100,A01,1,1,2,0,1,0,-1,-1, -1,-1,2021,30.0,0,2,1,2,1,1,1,,4,BLANCHEVILLE (AVENUE),0,,2,1,0,1,0,0,1,, -1,1,0,1,50,13,12,5,93,93050,2,1,0,1,BLANCHEVILLE (AVENUE),48.8620627921,2.5402658907,18,2,2
202100009691,184Â 381,A01,1,1,2,5,8,-1,-1,0,0,-1,2021,24.0,3,2,8,0,1,0,1,,4,,-1,,2,1,0,1,(1),(1),3,,7,2,0,4,50,3,11,5,38,38449,1,1,1,6,Rue du Santoyon,45.660455,5.107617,23,1,1
202100043136,124Â 571,B01,1,1,2,0,1,0,-1,0,0,-1,2021,27.0,1,2,0,2,3,1,1,,3,SARTENE ANCIENNE ROUTE,0,,-1,2,0,1,1,20,1,, -1,2,0,1,50,21,4,1,201,201004,1,1,1,3,SARTENE ANCIENNE ROUTE,41.9295759043,8.7734119194,16,2,2
202100051354,109Â 882,A01,1,1,2,5,2,6,-1,0,0,-1,2021,19.0,2,1,0,0,8,1,1,,3,29,0,D,2,2,0,2,14,750,2,0,"6,2",9,0,1,80,16,2,1,16,16071,1,3,0,7,Lieu-dit La Gouie,45.92383,0.754589,12,1,1
202100029238,149Â 498,B01,1,1,1,1,2,-1,-1,0,0,-1,2021,20.0,2,1,0,2,1,17,1,,3,D787,-1,,2,0,0,4,17,(1),1,,0,1,0,1,50,13,7,1,22,22067,2,3,0,3,Rue Pen An Croissant,48.555416,-3.16317,18,2,2
202100009449,184Â 812,B01,1,1,1,0,8,0,-1,-1, -1,-1,2021,24.0,2,1,0,2,0,9,1,,4,EDMOND ROSTAND (RUE),0,,1,0,0,1,0,0,1,, -1,1,0,1,50,4,11,1,13,13206,2,2,0,3,EDMOND ROSTAND (RUE),43.28931,5.37987,15,2,2
202100036897,135Â 748,A01,2,2,1,5,2,6,-1,0,0,-1,2021,16.0,3,1,0,2,8,19,1,,3,,-1,,2,2,0,1,23,500,1,, -1,1,0,1,80,2,6,1,49,49347,1,3,0,3,Route du Rocher,47.600862,-0.468257,17,3,2
202100005251,192Â 399,A01,1,1,1,0,8,-1,-1,0,0,-1,2021,16.0,0,2,9,0,1,1,1,,3,GRAND MARAIS (RUE DU),0,,2,2,0,1,(1),(1),1,, -1,2,0,1,50,27,11,5,80,80021,2,1,1,7,GRAND MARAIS (RUE DU),49.9198419863,2.2682261468,4,2,1
202100044186,122Â 692,B01,1,1,1,5,0,-1,-1,0,0,-1,2021,15.0,3,1,0,2,1,19,5,,3,986,0,,2,4,3,1,0,0,1,, -1,1,0,1,50,13,4,1,92,92025,2,3,0,3,BOURNARD (RUE DU),48.9230844966,2.2540450577,14,2,2
202100004031,194Â 535,A01,10,3,2,5,0,-1,-1,3,3,1,2021,46.0,1,2,0,1,2,1,1,,4,FOCH (RUE  MARECHAL ),0,,2,2,0,1,(1),(1),1,, -1,1,0,1,30,3,12,5,56,56083,2,1,0,6,FOCH (RUE  MARECHAL ),47.80557,-3.27652,19,2,1
202100050343,111Â 715,A01,1,1,1,0,1,5,-1,-1, -1,-1,2021,45.0,3,2,0,2,3,15,1,,2,OUEST BOULEVARD,0,,2,2,0,1,13,550,2,, -1,1,0,1,50,24,2,1,25,25056,2,6,0,3,OUEST BOULEVARD,47.2207,5.9805,16,4,2
202100022258,161Â 854,B01,1,1,1,5,1,0,-1,-1, -1,-1,2021,44.0,1,2,0,2,4,26,1,,4,DUNANT BOULEVARD,0,,2,4,0,1,1,0,1,, -1,1,0,1,50,27,8,1,49,49007,2,1,0,2,DUNANT BOULEVARD,47.48346,-0.52516,15,2,2
202100020983,164Â 158,A01,1,1,1,5,1,-1,-1,-1,0,-1,2021,33.0,1,2,14,0,2,26,1,,1,AUTOROUTE A15,0,,3,6,0,1,18,0,1,, -1,2,0,1,110,4,9,1,95,95488,1,1,1,6, A15,49.01233,2.15038,9,1,1
202100002305,197Â 667,A01,1,1,1,3,2,6,-1,0,0,-1,2021,31.0,1,1,0,2,1,1,1,,7,,-1,,2,2,0,1,56,720,1,,4,1,8,1,50,19,12,1,31,31157,2,2,0,3,Rue de la Vieille Ãglise,43.532865,1.343508,12,2,2
202100029897,148Â 360,A01,1,1,1,0,2,-1,-1,0,0,-1,2021,38.0,1,1,0,2,1,1,1,,3,,0,,2,2,0,1,10,0,1,,4,1,5,1,-1,10,7,1,973,97309,2,1,0,3,Route de RÃ©mire,4.903823,-52.273335,11,2,2
202100003274,195Â 910,A01,1,1,2,0,2,6,-1,-1, -1,-1,2021,18.0,2,1,0,2,1,13,1,,3,1,0,,2,2,0,1,0,0,1,, -1,2,0,1,50,12,12,1,92,92024,2,1,1,3,CLICHY (QUAI DE) DE (104 A 202),48.9123230927,2.3112970591,14,2,2
202100037221,135Â 148,B01,1,1,1,4,1,0,-1,-1, -1,-1,2021,48.0,2,2,0,2,1,19,1,,4,JACQUARD (BOULEVARD),0,,2,2,0,1,(1),(1),1,, -1,2,0,1,30,4,5,5,62,62193,2,2,1,3,JACQUARD (BOULEVARD),50.951727,1.853469,4,4,2
202100016370,172Â 372,B01,1,1,1,0,1,0,-1,-1, -1,-1,2021,48.0,1,2,0,9,4,23,1,,3,BOISSY.(AVENUE DE),0,,2,4,0,1,0,0,1,, -1,1,0,1,50,28,9,1,94,94011,2,1,0,2,Avenue de Boissy,48.7645,2.49241,17,2,2
202100009588,184Â 568,A01,1,1,2,0,2,8,-1,-1, -1,-1,2021,42.0,2,1,0,9,1,1,1,,4,,0,,2,2,0,1,(1),(1),1,, -1,1,0,1,30,3,11,1,56,56121,2,1,0,6,Rue de Lanveur,47.74437,-3.39495,8,1,1
202100039460,131Â 074,B01,1,1,1,9,1,0,-1,-1, -1,-1,2021,47.0,1,2,0,2,4,1,1,,3,FRANCOIS MITTERAND ( AVENUE),0,,3,2,0,1,76,119,1,, -1,1,0,1,50,17,5,1,31,31483,2,1,0,2,FRANCOIS MITTERAND ( AVENUE),43.11233,0.74622,6,2,2
202100049442,113Â 385,A01,10,3,2,0,0,-1,-1,3,3,1,2021,82.0,1,5,0,1,3,1,1,,3,9,0,D,2,2,0,1,73,627,1,, -1,1,9,1,50,3,3,1,34,34079,2,1,0,6,Avenue de Montpellier,43.63262,3.439187,14,2,1
202100048262,115Â 482,A01,2,2,1,4,8,0,-1,-1, -1,-1,2021,20.0,3,2,2,0,7,15,1,,4,RAFOUX ALLEE DES,0,,2,2,0,2,1,0,2,, -1,2,0,3,50,12,3,1,49,49015,2,1,0,6,RAFOUX ALLEE DES,47.504,-0.57118,9,2,1
202100022150,162Â 045,A01,1,1,1,5,8,-1,-1,0,0,-1,2021,30.0,2,5,16,0,9,1,1,,3,D112,0,,2,2,0,2,(1),(1),1,, -1,1,0,8,80,28,8,3,65,65031,1,1,0,7,D112,42.9061389957,0.3477216114,4,1,1
202100041384,127Â 635,A01,1,1,1,1,2,6,-1,-1, -1,-1,2021,55.0,2,1,4,0,3,13,1,,1,A507 sens Aubagne- Marseille,0,,3,3,0,2,1,600,3,, -1,1,1,1,70,4,5,5,13,13055,1,1,0,7,A507 sens Aubagne- Marseille,43.33054,5.3917,22,1,1
202100051838,109Â 045,A01,1,1,1,2,1,0,-1,-1, -1,-1,2021,47.0,2,2,3,0,1,13,1,,3,67,0,,-1,2,0,1,0,0,3,, -1,7,0,4,50,10,2,1,92,92002,2,1,1,6,JEAN MONNET (AVENUE),48.74637,2.29649,16,1,1
202100055926,101Â 909,B01,1,1,1,5,2,4,-1,-1, -1,-1,2021,20.0,2,1,0,2,4,1,1,,4,THOREZ (AVE MAURICE),0,,1,1,0,1,0,0,1,, -1,1,0,1,70,7,1,2,30,30007,2,6,0,3,THOREZ (AVE MAURICE),44.1379,4.08002,18,2,2
202100035656,137Â 979,B01,1,1,1,0,2,0,-1,-1, -1,-1,2021,37.0,0,1,0,0,0,0,1,,1,86,0,,-1,4,0,1,0,600,1,, -1,1,0,1,70,8,6,1,92,92050,1,1,0,6,A86,48.8989782331,2.199459672,16,2,2
202100018356,168Â 814,A01,1,1,1,5,8,0,-1,-1, -1,-1,2021,17.0,2,1,12,0,7,1,5,,4,MONTJOYEUX (AVENUE),0,,2,2,0,2,(1),(1),1,, -1,1,0,1,50,16,9,2,37,37261,2,1,0,7,MONTJOYEUX (AVENUE),47.36152,0.70846,19,1,1
202100037919,133Â 889,A01,1,1,1,0,2,-1,-1,0,0,-1,2021,57.0,1,1,0,0,4,1,5,,2,2,-1,,2,2,0,1,9,0,1,, -1,1,0,1,-1,28,5,3,973,97307,1,1,0,2,route nationale 2 PK 8,4.815773,-52.350025,19,2,2
202100048082,115Â 803,A01,1,1,1,0,0,-1,-1,0,0,-1,2021,25.0,1,1,0,2,0,13,0,,2,2,0,,2,2,0,2,(1),(1),1,, -1,1,8,1,70,14,3,3,971,97103,1,1,0,1,Wonche,16.259113,-61.613055,22,2,2
202100043335,124Â 203,A01,1,1,1,5,1,0,-1,0,0,-1,2021,20.0,1,2,8,0,3,13,1,,3,AUDINCOURT (ROUTE D'),0,,2,2,0,4,0,590,1,, -1,1,0,3,50,17,4,5,25,25388,2,4,0,7,AUDINCOURT (ROUTE D'),47.5044,6.8032,22,3,1
202100025171,156Â 663,A01,1,1,1,5,2,-1,-1,0,0,-1,2021,45.0,3,1,13,0,2,1,1,,9,,0,,-1,2,0,1,(1),(1),3,,7,3,9,3,50,7,8,2,30,30034,1,1,0,6,Chemin Haut de GÃ©nÃ©rac,43.75445,4.479675,19,1,1
202100021612,163Â 002,B01,1,1,1,5,2,8,-1,-1, -1,-1,2021,64.0,1,1,0,2,7,1,5,,4,NANCY (RUE DE),0,,2,2,0,1,0,0,2,, -1,1,0,1,50,30,8,1,49,49099,2,4,0,3,NANCY (RUE DE),47.05738,-0.84796,15,2,2
202100026609,154Â 142,A01,1,1,1,5,2,6,9,0,0,-1,2021,36.0,2,1,0,2,2,17,1,,3,1203,0,D,2,2,0,1,22,0,1,, -1,1,0,1,80,1,4,1,74,74116,1,1,0,2,ROUTE DÃPARTEMENTALE 1203,46.060699,6.289426,16,2,2
202100035076,138Â 999,B01,1,1,1,5,2,8,-1,-1, -1,-1,2021,66.0,2,1,0,2,7,1,1,,3,GENERAL DE GAULLE (AV DU),0,,3,4,0,1,1,0,1,, -1,1,0,1,50,11,6,1,94,94046,2,1,0,3,Avenue du GÃ©nÃ©ral de Gaulle,48.814274,2.421122,9,2,2
202100046049,119Â 444,A01,2,2,2,0,1,0,-1,-1, -1,-1,2021,24.0,1,2,0,0,1,1,1,,1,A5502D-Sens Marseille vers A55-Martigues,0,,-1,2,0,1,1,500,1,, -1,1,0,1,90,29,3,1,13,13071,1,1,0,7,A5502D-Sens Marseille vers A55-Martigues,43.398064,5.297929,13,3,1
202100029984,148Â 200,A01,1,1,1,5,1,0,-1,-1, -1,-1,2021,51.0,1,2,6,0,1,1,1,,7,PROUDHON (AVENUE),0,,3,4,0,1,1,0,3,, -1,2,2,1,50,7,7,1,37,37195,2,1,0,7,PROUDHON (AVENUE),47.3889218673,0.6467865407,11,1,1
202100056509,100Â 897,A01,2,2,1,5,1,-1,-1,0,0,-1,2021,37.0,1,2,13,0,8,1,1,,3,28,0,C,2,2,0,2,2,950,3,, -1,2,0,3,80,1,1,1,21,21638,1,1,0,6,D28C,47.529934,5.192585,10,2,1
202100014824,175Â 208,A01,10,3,2,0,0,-1,-1,3,3,1,2021,66.0,1,2,0,1,1,1,1,,4,CAP BD DU,0,,2,2,0,4,0,0,1,, -1,1,5,1,50,1,10,1,6,6004,2,6,0,6,CAP BD DU,43.57318,7.12427,15,2,1
202100021056,164Â 020,A01,1,1,2,0,2,6,-1,-1, -1,-1,2021,19.0,2,1,0,2,1,0,1,,7,NARBONNE (ROUTE DE),0,,2,3,3,1,2,1825,1,, -1,1,0,1,50,3,9,1,31,31555,2,1,0,3,NARBONNE (ROUTE DE),43.56901,1.45651,18,2,2
202100026397,154Â 509,A01,1,1,2,5,0,-1,-1,0,0,-1,2021,71.0,1,0,0,0,7,1,3,,3,149,0,,2,2,0,2,13,500,3,, -1,2,0,1,80,31,7,1,63,63038,1,1,1,7,Super Besse,45.502708,2.877538,12,1,1
202100005491,191Â 978,A01,4,2,2,0,1,0,-1,-1, -1,-1,2021,18.0,3,2,8,0,1,0,1,,3,THIERS   (AVENUE EX RN 6- RD),0,,2,5,0,1,15,471,1,, -1,1,2,4,50,28,11,5,77,77288,2,1,0,6,D606,48.52786,2.65376,3,4,1
202100024776,157Â 364,A01,10,3,1,5,0,-1,-1,0,5,1,2021,8.0,1,2,0,1,2,1,1,,4,FONTENAY (MAIL MAURICE DE),0,,1,1,0,1,(1),(1),1,, -1,1,0,1,30,10,8,1,93,93027,2,7,0,6,FONTENAY (MAIL MAURICE DE),48.9282,2.37839,19,4,1
202100006636,189Â 927,A01,10,3,2,2,8,8,-1,4,3,1,2021,15.0,0,2,0,1,1,1,-1,,4,GAMBETTA (RUE),0,,2,3,0,1,(1),(1),1,, -1,1,0,1,30,22,11,2,60,60175,2,9,0,6,Rue Gambetta,49.26619,2.47347,17,2,1
202100023909,158Â 897,B01,1,1,2,4,1,0,-1,0,0,-1,2021,28.0,1,2,0,2,3,1,1,,4,BOULEVARD DE LA VILLETTE,0,,3,3,0,1,(1),(1),1,, -1,1,0,1,50,16,8,1,75,75110,2,3,0,3,BOULEVARD DE LA VILLETTE,48.881522,2.370061,12,6,2
202100016668,171Â 834,A01,1,1,1,4,2,6,-1,0,0,-1,2021,37.0,1,1,0,2,8,21,1,,4,PORTE DE VINCENNES,0,,1,4,0,1,31,500,1,, -1,1,0,1,70,24,9,2,75,75120,2,1,0,4,BD PERIPHERIQUE INTERIEUR,48.850099,2.415106,19,4,4
202100034014,140Â 961,B01,1,1,2,5,8,-1,-1,-1, -1,-1,2021,46.0,2,1,0,2,4,1,5,,4,MONTGOLFIER                         (R ),0,,1,1,2,1,(1),(1),1,, -1,1,0,1,50,16,6,1,69,69386,2,2,0,2,MONTGOLFIER (R),45.77199,4.84993,11,2,2
202100044000,123Â 026,A01,10,3,1,3,0,-1,-1,2,3,1,2021,69.0,3,2,0,1,3,1,1,,4,LECONTE DE LISLE (AVENUE),0,,2,0,0,1,0,0,1,, -1,1,0,1,50,14,4,1,974,97411,2,1,0,6,LECONTE DE LISLE (AVENUE),-20.8914,55.48049,15,2,1
202100030603,147Â 051,A01,10,3,1,0,0,8,-1,4,3,1,2021,33.0,1,1,0,1,1,0,1,,4,JEAN JAURES (R),0,,-1,4,3,1,1,0,1,, -1,1,6,6,50,5,7,1,94,94046,2,9,0,6,JEAN JAURES (R),48.7949252045,2.4337935448,20,2,1
202100028090,151Â 496,B01,1,1,1,9,2,0,-1,-1, -1,-1,2021,19.0,1,1,0,2,3,13,5,,2,mamoudzou centre-RP Passot quai colas (R,0,,2,2,0,1,0,0,1,, -1,1,0,1,50,19,7,1,976,97611,2,1,0,3,mamoudzou centre-RP Passot quai colas (R,-12.77677,45.23192,7,2,2