Num_Acc,id_vehicule,num_veh,place,catu,sexe,trajet,secu1,secu2,secu3,locp,actp,etatp,year_acc,victim_age,senc,catv,obs,obsm,choc,manv,motor,occutc,catr,voie,v1,v2,circ,nbv,vosp,prof,pr,pr1,plan,lartpc,larrout,surf,infra,situ,vma,jour,mois,lum,dep,com,agg_,int,atm,col,adr,lat,long,hour,nb_victim,nb_vehicules
202100038237,133Â 295,A01,10,3,1,5,0,-1,-1,1,5,2,2021,10.0,2,2,0,1,2,19,1,,4,GUTENBERG,0,,1,1,0,1,0,0,1,, -1,1,0,1,50,26,5,1,93,93029,2,1,0,6,Rue Gutenberg,48.92268,2.43062,16,2,1
202100006860,189Â 519,A01,10,3,1,5,0,-1,-1,2,3,1,2021,85.0,3,2,0,1,3,15,1,,4,,-1,,2,2,0,2,(1),(1),1,,4,1,5,1,50,22,11,1,29,29274,2,4,0,6,Rue Yves Queignec,48.027049,-3.706024,15,2,1
202100010399,183Â 124,A01,1,1,1,5,2,-1,-1,0,0,-1,2021,28.0,2,1,0,0,0,1,5,,3,386,0,D,2,2,0,1,4,900,1,, -1,1,0,3,80,2,9,1,51,51287,1,1,0,7,D386,49.0933360557,3.9403481312,15,1,1
202100056430,101Â 031,A01,2,2,2,0,1,0,-1,-1, -1,-1,2021,20.0,3,5,0,2,1,5,1,,4,JEAN MONNET (BD),0,,2,2,0,2,0,0,1,, -1,1,0,1,50,2,1,5,94,94015,2,1,0,1,Boulevard Jean Monnet,48.83091,2.531582,20,3,2
202100036561,136Â 361,A01,1,1,1,5,1,0,-1,-1, -1,-1,2021,27.0,1,2,0,2,4,2,1,,1,A50-Sens Marseille vers Aubagne,0,,1,3,0,1,5,199,1,, -1,1,0,1,90,2,6,1,13,13211,1,1,0,2,A50-Sens Marseille vers Aubagne,43.29278,5.45491,13,2,2
202100023789,159Â 101,A01,1,1,1,4,1,-1,-1,0,0,-1,2021,58.0,2,4,13,0,7,1,1,,3,900,0,B,2,2,0,1,12,700,2,, -1,1,0,3,90,17,8,1,5,5176,1,9,0,6,VALSERRES,44.476551,6.115297,10,1,1
202100046652,118Â 377,A01,10,3,2,3,0,-1,-1,2,3,1,2021,65.0,0,2,1,1,2,13,1,,4,PAUL VAILLANT COUTURIER (R),0,,2,2,0,1,1,0,1,, -1,2,8,1,50,25,3,1,94,94073,2,1,1,6,PAUL VAILLANT COUTURIER (R),48.76265,2.39362,12,2,1
202100015473,174Â 044,B01,1,1,1,4,2,0,-1,-1, -1,-1,2021,20.0,1,1,0,2,1,1,1,,4,RABAN (ROUTE DE),0,,2,1,0,1,(1),(1),1,, -1,1,0,1,50,2,10,1,973,97302,2,1,0,7,RABAN (ROUTE DE),4.92243,-52.31262,6,1,1
202100045956,119Â 609,B01,2,2,1,0,2,0,-1,0,0,-1,2021,19.0,0,1,0,2,8,1,1,,4,ROMANS AVENUE DE (103),0,,2,2,0,2,(1),(1),1,, -1,1,0,1,50,29,3,1,26,26362,2,3,0,3,Avenue de Romans,44.934937,4.908227,19,3,2
202100030467,147Â 310,C01,1,1,1,3,1,-1,-1,0,0,-1,2021,90.0,0,2,0,2,8,19,1,,3,6,-1,,2,2,0,1,40,219,1,,7,1,0,1,80,6,7,1,31,31135,2,2,0,4,126 Chemin des Vignes,43.22769,1.083205,9,3,3
202100041785,126Â 921,A01,1,1,1,5,8,0,-1,-1, -1,-1,2021,31.0,0,0,12,0,0,26,1,,4,MESLIERS. COTE DES,0,,-1,1,0,1,(1),(1),1,, -1,2,0,4,50,1,5,5,76,76231,2,1,0,7,MESLIERS. COTE DES,49.286643,0.995109,21,1,1
202100028284,151Â 134,B01,2,2,2,9,1,8,-1,-1, -1,-1,2021,28.0,3,2,0,2,4,0,1,,4,FLORISSANT (AVENUE),0,,2,2,0,1,0,1,1,, -1,1,0,1,50,17,7,5,74,74012,2,6,0,2,FLORISSANT (AVENUE),46.19127,6.24337,2,3,2
202100033258,142Â 324,B01,9,2,2,5,1,-1,-1,0,0,-1,2021,64.0,1,2,3,2,3,1,1,,3,613,0,,2,2,0,1,129,0,2,, -1,1,0,1,80,20,6,1,14,14342,1,1,0,1,D613,49.308281,-1.132793,18,7,2
202100023506,159Â 616,A01,1,1,1,5,2,6,-1,0,0,-1,2021,29.0,0,1,0,0,6,0,1,,2,31,-1,,2,4,0,1,20,500,1,, -1,1,0,1,-1,20,8,1,60,60029,1,1,0,3,,49.393295,2.001743,16,2,2
202100016589,171Â 979,A01,1,1,2,5,2,6,9,0,0,-1,2021,47.0,1,1,0,0,0,9,1,,3,28,-1,,2,2,0,1,56,731,3,, -1,1,0,1,80,24,9,1,28,28172,1,6,0,7,D28,48.552932,1.669278,16,1,1
202100049503,113Â 268,A01,2,2,2,0,1,0,-1,-1, -1,-1,2021,25.0,1,2,0,2,1,1,1,,4,BD DES RECOLLETS,0,,2,3,0,1,(1),(1),1,, -1,1,0,1,50,2,3,1,31,31555,2,9,0,3,BD DES RECOLLETS,43.58438,1.44788,14,3,2
202100007629,188Â 108,A01,10,3,2,2,0,-1,-1,3,1,1,2021,17.0,1,2,0,1,2,15,1,,3,LIBERTE (AVENUE DE LA),0,,2,2,0,1,39,790,1,, -1,2,0,8,50,17,11,1,28,28404,2,2,1,1,LIBERTE (AVENUE DE LA),48.72906,1.32698,7,2,1
202100007302,188Â 695,B01,1,1,1,1,2,6,-1,-1, -1,-1,2021,33.0,2,1,0,2,1,1,1,,4,SAKAKINI (BOULEVARD),0,,3,0,0,1,0,0,1,, -1,1,0,1,50,19,11,5,13,13205,2,2,0,3,SAKAKINI (BOULEVARD),43.2937120211,5.4015391889,5,3,2
202100037223,135Â 146,A01,1,1,2,5,1,0,-1,-1, -1,-1,2021,39.0,1,2,1,0,2,2,1,,4,TOURCOING (RUE DE),0,,2,2,2,1,(1),(1),1,, -1,1,0,1,50,31,5,1,59,59426,2,1,0,6,TOURCOING (RUE DE),50.746028,3.157938,20,1,1
202100004635,193Â 481,A01,1,1,2,5,1,-1,-1,-1,0,-1,2021,44.0,2,5,4,2,2,12,1,,1,AUTOROUTE A1,0,,3,6,0,1,24,0,1,, -1,2,0,1,110,5,12,3,95,95154,1,1,1,3,AUTOROUTE A1,49.051782746,2.5477874279,17,2,2
202100042828,125Â 109,A01,1,1,1,0,2,6,-1,-1, -1,-1,2021,25.0,0,1,0,2,1,0,1,,4,CHURCHILL. RUE WINSTON,0,,2,2,0,1,(1),(1),1,, -1,1,-1,2,50,23,4,1,76,76497,2,2,0,3,CHURCHILL. RUE WINSTON,49.38712,1.02144,18,2,2
202100011133,181Â 834,B01,1,1,1,9,2,6,-1,-1, -1,-1,2021,52.0,2,1,0,2,8,1,1,,3,D911,0,,1,3,3,1,0,0,1,, -1,1,0,5,50,21,10,1,92,92024,2,3,0,3,JEAN JAURES (BD) DE 47 A 109)   (56 A 14,48.9037028494,2.3032351282,9,2,2
202100037763,134Â 161,A01,1,1,1,0,2,0,-1,-1, -1,-1,2021,26.0,2,1,0,2,1,1,1,,4,MALVAL (DE)                         (CH),0,,2,2,0,1,(1),(1),1,, -1,1,0,1,30,28,5,1,69,69256,2,1,0,1,MALVAL (DE) (CHM),45.78072,4.91153,7,2,2
202100023711,159Â 234,B01,4,2,2,5,1,0,-1,-1, -1,-1,2021,1.0,3,2,0,2,4,2,1,,4,MAGINOT (AV. ANDRE),0,,2,4,0,1,(1),(1),1,, -1,1,0,1,50,17,8,1,37,37261,2,1,0,2,MAGINOT (AV. ANDRE),47.4238015437,0.6982927332,15,3,2
202100016479,172Â 172,D01,1,1,1,1,1,0,-1,0,0,-1,2021,55.0,2,5,0,0,4,2,1,,7,,0,,3,4,0,2,(1),(1),1,, -1,1,0,1,70,9,9,1,63,63070,1,1,0,5,RD 2089,45.73954,3.07266,12,4,4
202100013821,176Â 989,B01,2,2,1,0,1,0,-1,-1, -1,-1,2021,15.0,1,2,0,2,3,1,1,,4,BLUM (AV. LEON),0,,2,2,0,3,(1),(1),1,, -1,1,0,1,50,11,10,1,88,88160,2,2,0,3,BLUM (AV. LEON),48.19053,6.45987,15,3,2
202100015836,173Â 367,A01,10,3,1,5,0,-1,-1,1,3,1,2021,43.0,1,2,0,1,3,15,1,,3,D338,0,,2,2,0,2,0,170,3,, -1,1,0,1,50,2,10,1,64,64126,2,3,1,6,RUE LOUIS BARTHOU,43.175752,-0.606715,9,3,1
202100042588,125Â 498,B01,2,2,2,0,1,0,-1,-1, -1,-1,2021,28.0,0,2,0,2,1,1,1,,4,VERDUN (RUE DE VERDUN),0,,2,2,0,1,(1),(1),1,, -1,1,0,1,50,25,4,1,45,45147,2,3,0,1,Rue de Verdun,47.9347639461,1.9090685339,15,3,2
202100027225,153Â 055,A01,2,2,1,4,1,0,-1,-1, -1,-1,2021,25.0,2,5,14,0,3,15,1,,4,BOULEVARD AUGUSTE BLANQUI,0,,-1,4,0,1,0,0,1,, -1,1,0,1,50,23,7,1,75,75113,2,1,0,3,BOULEVARD AUGUSTE BLANQUI,48.83087,2.34416,16,2,1
202100024659,157Â 577,A01,1,1,1,5,8,-1,-1,0,0,-1,2021,31.0,2,2,12,0,2,0,1,,7,63,0,A,2,2,0,1,1,951,1,, -1,1,0,4,50,11,8,5,31,31157,2,1,0,6,Route de Tournefeuille,43.542374,1.338176,3,1,1
202100016511,172Â 113,A01,1,1,2,1,1,9,-1,-1, -1,-1,2021,30.0,0,2,0,2,2,1,1,,4,ANDRE BARDON (rue),0,,1,4,0,1,0,0,1,, -1,1,0,1,50,27,9,1,13,13210,2,1,0,3,ANDRE BARDON (rue),43.2833701852,5.4266676633,8,2,2
202100013283,177Â 996,B01,1,1,1,5,2,0,-1,-1, -1,-1,2021,74.0,0,1,0,2,4,0,5,,4,AERODROME (RUE DE L'),0,,2,2,0,1,1,0,1,, -1,1,0,1,50,13,10,1,22,22113,2,6,0,3,AERODROME (RUE DE L'),48.7463448143,-3.4666628837,9,2,2
202100041385,127Â 634,A01,1,1,2,0,1,0,-1,-1, -1,-1,2021,39.0,2,2,0,0,0,26,1,,1,A7-Sens Marseille vers Lyon,0,,1,3,0,1,254,0,1,, -1,1,0,1,110,4,5,3,13,13081,1,1,0,7,A7-Sens Marseille vers Lyon,43.49402,5.2398,21,1,1
202100003433,195Â 618,A01,10,3,1,5,0,-1,-1,2,3,1,2021,57.0,1,1,0,1,1,9,1,,4,RUE LHOMOND,0,,1,1,0,2,(1),(1),1,, -1,1,0,1,30,11,12,1,75,75105,2,1,0,6,RUE LHOMOND,48.8408347166,2.3486575484,10,2,1
202100004339,194Â 004,A01,10,3,2,3,0,-1,-1,2,3,1,2021,78.0,3,2,0,1,3,15,1,,4,,-1,,1,1,0,1,(1),(1),2,,4,2,0,1,50,6,12,2,37,37273,2,1,1,6,3 rue hÃ©lÃ¨ne boucher,47.395650272,0.7693655044,17,2,1
202100012617,179Â 160,B01,2,1,1,0,1,0,-1,-1, -1,-1,2021,44.0,1,1,0,2,1,2,0,,4,PENTE SASSY (chemin de la),0,,2,2,0,1,0,0,1,, -1,1,0,1,50,17,10,1,974,97409,2,1,0,3,PENTE SASSY (chemin de la),-20.96674,55.65952,5,2,2
202100030783,146Â 739,B01,1,1,2,1,2,8,-1,-1,0,-1,2021,42.0,2,1,0,2,1,1,3,,4,DEPART (RUE DU),0,,2,2,0,1,(1),(1),1,, -1,1,9,1,50,22,6,1,95,95210,2,1,0,1,DEPART (RUE DU),48.97475,2.30457,8,2,2
202100033433,142Â 012,A01,1,1,1,9,2,0,-1,0,0,-1,2021,41.0,1,1,14,0,0,14,1,,4,QUAI D ORSAY,0,,2,6,0,1,(1),(1),1,, -1,1,0,1,50,19,6,5,75,75107,2,1,0,6,QUAI D ORSAY,48.862883,2.316927,1,1,1
202100021728,162Â 800,B01,1,1,1,1,1,-1,-1,0,0,-1,2021,48.0,1,2,13,2,2,1,1,,3,242,-1,D,2,2,0,2,5,610,1,, -1,1,0,1,80,31,8,1,33,33433,1,1,0,1,,44.913857,-0.410006,8,2,2
202100036484,136Â 489,B01,1,1,1,9,8,0,-1,-1, -1,-1,2021,49.0,1,1,0,2,1,18,6,,3,EDOUARD VAILLANT DU 1 A FIN.,0,,2,4,1,1,0,0,1,, -1,1,9,5,50,4,6,1,93,93055,2,9,0,6,EDOUARD VAILLANT DU 1 A FIN.,48.902009,2.393585,11,2,2
202100036042,137Â 262,B01,1,1,2,9,1,0,-1,-1, -1,-1,2021,28.0,2,2,0,2,8,1,1,,1,AUTOROUTE A86,0,,3,6,0,1,20,200,3,, -1,1,1,1,90,7,6,1,93,93029,1,1,0,3,AUTOROUTE A86,48.91735,2.4293,15,2,2
202100010015,183Â 795,B01,1,1,1,4,1,0,-1,-1, -1,-1,2021,30.0,2,5,0,2,6,1,1,,4,SOLFERINO,0,,4,3,0,1,(1),(1),1,, -1,2,0,1,30,30,10,1,60,60159,2,2,1,3,Rue SolfÃ©rino,49.41957,2.823792,13,5,2
202100023914,158Â 888,A01,1,1,2,0,1,0,-1,-1, -1,-1,2021,55.0,1,2,8,0,2,1,1,,3,AV DU RU DE GIRONDE,0,,1,1,0,1,1,0,1,, -1,1,0,1,50,16,8,1,94,94074,2,1,0,6,Avenue du RÃ» de Gironde,48.74633,2.46303,13,1,1
202100010992,182Â 079,A01,1,1,1,0,1,-1,-1,0,0,-1,2021,61.0,2,2,0,2,1,13,1,,2,145,-1,,2,2,0,1,21,730,1,, -1,1,0,1,80,25,10,1,87,87180,1,1,0,1,RN 145,46.194983,1.268406,9,3,2
202100039411,131Â 153,A01,1,1,2,5,8,0,-1,-1, -1,-1,2021,20.0,1,1,0,2,1,1,1,,4,LACASSAGNE                          (AV),0,,1,2,0,1,(1),(1),1,, -1,1,0,1,50,18,5,1,69,69383,2,2,0,2,LACASSAGNE                          (AV),45.74588,4.88742,10,2,2
202100013253,178Â 051,B01,1,1,1,0,2,0,-1,0,0,-1,2021,22.0,1,1,0,2,1,1,5,,4,JAURES (AVENUE JEAN),0,,2,2,0,1,(1),(1),1,, -1,1,0,1,50,13,10,1,54,54547,2,1,0,3,JAURES (AVENUE JEAN),48.6603709737,6.1596169498,18,2,2
202100017425,170Â 479,A01,2,2,1,0,1,-1,-1,-1, -1,-1,2021,59.0,0,2,1,0,3,13,1,,4,ABBE DE L'EPEE,0,,2,2,0,1,0,0,1,, -1,1,0,1,50,22,9,5,76,76351,2,1,0,6,ABBE DE L'EPEE,49.50223,0.13952,1,2,1
202100023714,159Â 228,B01,1,1,2,9,8,0,-1,-1, -1,-1,2021,27.0,2,1,0,2,1,7,5,,4,CRS VICTOR HUGO,0,,2,2,3,1,(1),(1),1,, -1,1,-1,5,50,17,8,1,33,33063,2,1,0,3,Cours Victor Hugo,44.83496,-0.57047,9,2,2
202100022747,160Â 941,A01,1,1,1,9,2,6,-1,0,0,-1,2021,21.0,2,1,0,2,0,1,1,,4,BOULEVARD DAVOUT,0,,1,2,0,1,(1),(1),1,, -1,1,0,1,50,23,8,5,75,75120,2,4,0,3,BOULEVARD DAVOUT,48.856253,2.410008,23,2,2
202100027471,152Â 625,A01,1,1,1,1,1,-1,-1,0,0,-1,2021,64.0,1,2,6,0,3,1,6,,2,134,-1,,2,2,0,1,78,160,1,, -1,1,9,3,80,23,7,1,64,64064,1,1,0,6,Rn 134,43.114189,-0.618882,16,1,1
202100011086,181Â 911,B01,1,1,1,0,1,0,-1,0,0,-1,2021,19.0,1,5,0,2,2,1,1,,7,REPUBLIQUE (RUE DE LA),0,,2,2,0,2,(1),(1),1,, -1,1,0,1,70,25,10,1,54,54357,2,9,0,3,REPUBLIQUE (RUE DE LA),48.7097704541,6.1457656324,9,2,2
202100003722,195Â 096,A01,1,1,1,4,2,6,-1,0,0,-1,2021,22.0,1,1,0,2,3,1,1,,4,BOULEVARD DES BATIGNOLLES,0,,-1,0,0,1,(1),(1),1,, -1,1,0,1,30,9,12,1,75,75117,2,2,0,3,BOULEVARD DES BATIGNOLLES,48.882343,2.320959,15,2,2
202100003572,195Â 368,A01,10,3,1,2,0,-1,-1,4,3,1,2021,12.0,1,2,0,1,1,21,1,,3,VOIE DE LA VALLEE DE LA BIEVRE,0,,2,2,0,1,0,0,1,, -1,2,0,1,50,10,12,2,91,91377,2,1,1,6,VOIE DE LA VALLEE DE LA BIEVRE,48.73673,2.247574,8,2,1
202100048993,114Â 178,B01,1,1,1,5,2,6,-1,0,0,-1,2021,45.0,2,1,0,2,1,1,1,,3,135,-1,,2,2,1,1,14,445,1,, -1,1,0,1,80,7,3,1,56,56206,1,3,0,3,Lieu Dit Guyodec,47.700184,-2.787918,15,2,2
202100000014,201Â 737,B01,1,1,1,0,8,0,-1,-1, -1,-1,2021,12.0,1,1,0,2,0,0,5,,3,39,0,,2,4,0,4,0,0,1,, -1,1,0,1,50,17,10,1,92,92063,2,2,0,3,HOPITAL STELL (BOULEVARD DE L'),48.8810767676,2.1844232082,15,2,2
202100025178,156Â 654,B01,1,1,2,5,1,-1,-1,0,0,-1,2021,72.0,1,2,0,2,2,1,1,,3,253,0,,2,2,0,1,0,250,1,,5,2,0,1,80,7,8,1,32,32147,1,2,1,3,RD 523,43.623957,0.909145,9,2,2
202100040563,129Â 110,A01,10,3,2,0,0,-1,-1,6,B,1,2021,58.0,3,2,0,1,2,1,1,,4,,-1,,3,2,0,1,(1),(1),1,, -1,1,0,3,50,3,5,1,24,24370,2,1,0,6,Rue du Grand Cordon,44.844353,0.149799,7,2,1
202100001131,199Â 750,A01,1,1,2,0,1,-1,-1,-1, -1,-1,2021,22.0,2,2,4,0,1,14,1,,1,AUTOROUTE A 63,0,,1,2,0,2,0,690,2,, -1,2,3,1,50,29,12,1,33,33318,1,1,1,6,Autoroute A63,44.78941,-0.62339,9,1,1
202100051556,109Â 540,B01,1,1,1,5,2,-1,-1,0,0,-1,2021,66.0,2,1,0,2,6,1,5,,3,8,0,,2,2,0,1,12,400,2,, -1,1,0,3,90,13,2,1,65,65335,1,1,0,3,RD 8,43.114122,0.121134,15,2,2
202100011313,181Â 517,A01,1,1,1,1,2,6,-1,0,0,-1,2021,37.0,2,1,0,2,3,17,1,,3,1205,0,D,2,2,0,1,10,100,1,, -1,1,0,1,50,25,10,2,74,74197,2,1,0,3,Route d Annemasse,46.154263,6.305294,7,2,2
202100023598,159Â 456,B01,1,1,1,9,1,0,-1,-1, -1,-1,2021,26.0,3,2,8,2,7,1,2,,4,COLIGNY   AVENUE,0,,2,2,0,1,(1),(1),1,, -1,1,9,1,30,18,8,5,17,17300,2,2,0,3,COLIGNY   AVENUE,46.16151,-1.16541,22,3,2
202100003950,194Â 686,A01,10,3,1,0,0,-1,-1,3,3,1,2021,42.0,0,1,0,1,1,3,1,,4,FERNANDEL (AVENUE),0,,2,2,0,1,0,0,1,, -1,1,0,1,50,7,12,1,13,13212,2,1,0,1,FERNANDEL (AVENUE),43.312,5.449,15,2,1
202100009365,184Â 965,B01,1,1,1,1,1,-1,-1,0,0,-1,2021,26.0,2,2,0,2,1,1,1,,3,449,0,D,2,2,0,1,53,100,1,, -1,1,0,1,80,1,10,2,91,91198,1,1,0,1,D449,48.462567,2.34047,7,2,2
202100037275,135Â 044,B01,1,1,2,0,1,0,-1,0,0,-1,2021,31.0,0,2,0,2,4,1,1,,4,VOIE RAPIDE,0,,1,0,0,2,(1),(1),4,, -1,1,2,1,30,31,5,1,6,6088,2,1,0,4,VOIE RAPIDE,43.705,7.259,18,3,3
202100040389,129Â 411,A01,1,1,2,5,1,8,-1,-1, -1,-1,2021,84.0,1,2,11,0,1,13,1,,4,DENFERT ROCHEREAU (RUE),0,,2,2,0,1,0,0,1,, -1,1,9,8,50,11,5,1,92,92012,2,4,0,6,DENFERT ROCHEREAU (RUE),48.8476376616,2.2423662656,16,1,1
202100054723,103Â 975,A01,10,3,2,5,0,-1,-1,2,3,1,2021,70.0,2,4,0,0,6,9,1,,3,997,0,,2,2,0,1,10,550,2,, -1,1,0,1,50,18,1,1,23,23032,2,4,0,6,D917,46.3512105845,2.2134232521,9,2,1
202100014742,175Â 358,A01,1,1,1,0,2,6,-1,-1, -1,-1,2021,21.0,1,1,0,2,9,1,1,,1,AUTOROUTE A86,0,,-1,3,0,1,22,0,1,, -1,1,1,1,90,7,10,1,93,93008,1,1,0,2,AUTOROUTE A86,48.9091277259,2.4483409523,9,2,2
202100025787,155Â 597,A01,1,1,2,0,1,0,-1,-1, -1,-1,2021,32.0,3,0,1,0,2,26,1,,4,,0,,1,2,0,2,0,0,1,, -1,1,0,1,50,3,8,5,92,92048,2,1,0,6,LE CORBEILLER (AVENUE) NÂ° 1 A 45,48.8137288787,2.2422876653,22,1,1
202100014044,176Â 595,A01,1,1,1,5,1,-1,-1,0,0,-1,2021,20.0,1,2,2,0,1,13,1,,3,D933,-1,A,2,2,0,1,0,670,1,, -1,1,0,1,80,10,10,3,71,71305,1,1,0,6,D933A,46.447867,4.895332,5,1,1
202100020643,164Â 729,A01,1,1,1,5,2,6,-1,0,0,-1,2021,53.0,1,1,12,0,1,6,1,,3,62,0,D,3,4,0,1,7,136,1,, -1,1,0,1,90,6,9,1,30,30133,1,6,0,7,D62,43.5655,4.1244,20,1,1
202100003774,195Â 016,B01,1,1,1,0,1,-1,-1,0,0,-1,2021,65.0,3,2,0,2,3,13,1,,4,,-1,,2,2,0,2,(1),(1),1,,4,2,0,1,80,10,12,1,12,12133,1,1,1,1,les cans,44.296794,2.517478,16,2,2
202100036930,135Â 694,B01,1,1,1,4,1,-1,-1,0,0,-1,2021,21.0,1,5,0,2,4,1,1,,3,D1330,-1,,2,2,0,1,0,20,1,, -1,1,0,1,80,3,6,1,60,60028,1,1,0,2,RD 330,49.215323,2.556837,13,2,2
202100016608,171Â 949,A01,2,2,2,5,1,8,-1,-1, -1,-1,2021,18.0,2,2,13,0,0,12,1,,1,AUTOROUTE A6,0,,1,6,0,1,20,889,1,, -1,1,0,2,110,27,9,3,91,91286,1,1,0,6,AUTOROUTE A6,48.65725,2.376913,0,2,1
202100038623,132Â 600,B01,1,1,1,5,1,-1,-1,-1, -1,-1,2021,21.0,0,2,0,2,3,1,1,,4,EUGENE CHEVREUL                     (R ),0,,2,2,0,2,(1),(1),1,, -1,1,2,1,50,23,5,1,69,69290,2,1,1,1,EUGENE CHEVREUL (R),45.68705,4.93294,15,4,2
202100002104,198Â 038,A01,1,1,1,1,2,6,-1,0,0,-1,2021,18.0,1,1,0,0,2,0,1,,3,30,0,D,2,2,0,1,6,800,1,, -1,1,0,1,50,21,12,5,69,69052,2,1,0,7,CHAZAY (DE) (RTE),45.882689,4.707019,6,1,1
202100055406,102Â 808,A01,1,1,2,1,8,-1,-1,0,0,-1,2021,80.0,1,2,3,0,2,14,1,,1,10,0,A,1,5,0,1,7,900,1,, -1,2,0,1,110,12,1,3,91,91111,1,1,1,6,A10,48.618208,2.128537,20,1,1
202100004551,193Â 640,B01,1,1,1,1,2,0,-1,-1, -1,-1,2021,19.0,1,1,0,2,8,0,1,,3,BALLANGER (BD ROBERT),0,,2,2,0,1,0,1,1,, -1,2,0,1,50,5,12,5,93,93078,2,9,1,3,BALLANGER (BD ROBERT),48.95552,2.53901,17,2,2
202100030950,146Â 433,A01,1,1,1,5,2,6,-1,0,0,-1,2021,46.0,2,1,0,2,1,5,1,,3,963,0,,2,2,0,1,9,100,1,, -1,1,2,1,80,4,7,3,2,2574,1,1,0,1,D963,49.891623,4.033661,23,2,2
202100037419,134Â 772,A01,10,3,1,0,0,-1,-1,2,3,1,2021,2.0,3,2,0,1,2,26,1,,4,GODART JUSTIN  (R),0,,2,2,0,1,(1),(1),1,, -1,1,0,1,50,30,5,1,69,69264,2,1,0,6,GODART JUSTIN (R),45.98205391,4.73884812,19,2,1
202100045150,121Â 028,B01,2,2,1,0,1,0,-1,-1, -1,-1,2021,18.0,2,2,1,2,2,1,1,,4,AMBROISE CROIZAT (R),0,,2,2,0,1,0,0,1,, -1,1,0,1,50,4,4,1,94,94076,2,9,0,3,Rue Ambroise Croizat,48.801447,2.359491,14,3,2
202100018252,168Â 990,A01,7,2,2,4,1,-1,-1,0,0,-1,2021,43.0,1,2,2,0,9,14,1,,3,957,0,,2,2,0,2,6,870,2,, -1,1,0,3,-1,18,8,3,83,83122,1,1,0,7,RD 957,43.759286,6.218101,23,4,1
202100025027,156Â 917,B01,9,2,1,5,1,-1,-1,0,0,-1,2021,65.0,2,2,0,2,4,2,1,,1,61,0,A,-1,4,0,1,351,600,1,, -1,1,0,1,130,8,8,1,11,11148,1,1,0,2,A 61 PK 351+600,43.1720712396,2.695813179,18,6,2
202100027417,152Â 705,A01,1,1,2,5,1,-1,-1,0,0,-1,2021,22.0,2,2,8,0,3,1,1,,3,748,-1,,2,2,0,2,13,790,3,,"6,3",2,0,3,70,24,7,1,79,79013,1,1,1,6,,46.978613,-0.457778,11,1,1
202100005952,191Â 155,A01,10,3,1,1,0,-1,-1,5,9,1,2021,22.0,3,2,0,1,1,25,1,,4,VANEAU,0,,2,2,2,1,(1),(1),1,, -1,2,0,4,50,26,11,5,35,35238,2,1,1,6,VANEAU,48.11111,-1.69279,18,2,1
202100030145,147Â 888,B01,1,1,2,1,1,0,-1,-1, -1,-1,2021,40.0,2,2,0,2,4,2,1,,4,LEBLOND(RUE M. ET A.),0,,1,2,0,1,0,0,1,, -1,1,0,1,50,7,7,1,974,97416,2,1,0,2,LEBLOND(RUE M. ET A.),-21.33558,55.46674,10,2,2
202100028945,149Â 987,A01,1,1,2,9,8,0,-1,-1, -1,-1,2021,27.0,2,2,0,2,4,1,1,,2,N6 PROVINCE / N104 INT,0,,1,4,0,1,27,0,1,, -1,1,0,1,90,15,7,1,91,91617,1,1,0,2,RN6 PROVINCE / RN104 INT,48.6405,2.53555,13,2,2
202100030100,147Â 976,A01,1,1,1,1,2,6,-1,0,0,-1,2021,51.0,2,1,16,0,9,21,1,,3,,-1,,2,2,0,2,0,100,1,, -1,1,0,1,80,2,7,1,69,69097,1,1,0,7,PELUSSIN (DE) (RTE),45.5145872236,4.7212833166,19,1,1
202100006415,190Â 327,B01,1,1,1,0,8,-1,-1,-1, -1,-1,2021,71.0,3,1,0,2,1,1,5,,4,SOUVENIR FRANCAIS (PLACE DU),0,,1,2,0,1,(1),(1),2,, -1,1,0,1,50,24,11,1,51,51454,2,6,0,3,Place du Souvenir FranÃ§ais,49.269235,4.070023,12,2,2
202100018512,168Â 542,A01,1,1,1,1,2,-1,-1,-1, -1,-1,2021,43.0,1,1,16,0,7,2,1,,1,ROCADE A 630,0,,1,2,0,1,4,800,3,, -1,8,3,1,50,17,9,1,33,33063,1,1,0,6,Rocade Nord A630 -E4-,44.88622,-0.56261,8,1,1
202100001718,198Â 720,A01,1,1,1,5,1,-1,-1,-1, -1,-1,2021,60.0,2,2,0,2,1,1,1,,3,SCHMITT (AVENUE RENE),0,,2,2,0,1,0,728,1,, -1,2,0,1,50,9,11,1,50,50129,2,2,0,2,SCHMITT (AVENUE RENE),49.63323,-1.64857,13,2,2
202100020635,164Â 739,B01,1,1,1,1,1,-1,-1,0,0,-1,2021,59.0,2,5,0,0,8,1,1,,3,560,0,,2,2,0,2,40,0,3,, -1,1,0,1,50,7,9,2,83,83012,2,1,0,5,Route de Draguignan,43.5593138271,6.0122444819,6,3,3
202100044972,121Â 343,Z01,2,2,1,9,8,0,-1,0,0,-1,2021,38.0,3,1,0,2,1,19,3,,4,RUE DE KABYLIE,0,,1,1,0,1,(1),(1),1,, -1,1,0,1,50,5,4,5,75,75119,2,2,0,3,RUE DE KABYLIE,48.884292,2.367571,23,3,2