Num_Acc,id_vehicule,num_veh,place,catu,sexe,trajet,secu1,secu2,secu3,locp,actp,etatp,year_acc,victim_age,senc,catv,obs,obsm,choc,manv,motor,occutc,catr,voie,v1,v2,circ,nbv,vosp,prof,pr,pr1,plan,lartpc,larrout,surf,infra,situ,vma,jour,mois,lum,dep,com,agg_,int,atm,col,adr,lat,long,hour,nb_victim,nb_vehicules
202100038826,132Â 223,A01,1,1,1,5,0,-1,-1,0,0,-1,2021,29.0,3,4,13,0,2,16,1,,9,,-1,,-1,1,0,2,(1),(1),3,, -1,6,0,8,-1,23,5,1,50,50112,1,1,0,6,La Baronnerie,48.752401,-1.227486,16,3,1
202100014450,175Â 871,B01,1,1,1,5,2,0,-1,-1, -1,-1,2021,37.0,1,1,1,0,0,1,5,,4,,0,,2,2,0,1,0,0,1,, -1,1,0,1,50,8,10,1,92,92026,2,1,0,6,MARCEAU,48.9002724446,2.245041132,10,2,2
202100030939,146Â 453,A01,1,1,2,5,2,6,-1,0,0,-1,2021,42.0,1,1,0,2,3,1,5,,3,520,0,A,2,2,0,2,(1),(1),2,, -1,1,0,1,70,5,7,1,38,38407,1,1,0,3,D520 A,45.327847,5.656908,13,4,4
202100056409,101Â 070,A01,2,2,1,5,1,-1,-1,0,0,-1,2021,49.0,1,2,16,0,1,14,1,,2,12,0,,1,4,0,1,16,399,1,, -1,2,0,3,110,2,1,3,29,29151,1,1,1,7,N12 - Pr 16+400,48.58769,-3.80633,19,4,1
202100002129,197Â 991,B01,1,1,1,9,2,6,-1,0,0,-1,2021,15.0,2,1,0,2,7,1,1,,4,POINTE (de la),0,,2,2,0,1,(1),(1),1,, -1,1,0,1,50,18,12,1,80,80001,2,1,0,3,POINTE (de la),50.1104844625,1.8252278119,12,2,2
202100008760,186Â 079,B01,2,2,2,5,2,6,-1,0,0,-1,2021,23.0,3,1,0,2,1,16,1,,4,QUAI SAINT EXUPERY,0,,1,2,0,1,(1),(1),1,, -1,1,0,1,50,9,11,3,75,75116,2,4,0,3,QUAI SAINT EXUPERY,48.838372,2.266,20,3,2
202100054998,103Â 503,B01,1,1,2,5,1,0,-1,-1, -1,-1,2021,21.0,2,2,0,2,3,1,1,,1,AUTOROUTE A3,0,,3,10,0,1,7,99,1,, -1,2,0,1,90,14,1,1,93,93053,1,1,1,5,AUTOROUTE A3,48.8977,2.4695,15,3,3
202100023750,159Â 165,B01,1,1,1,0,8,0,-1,-1, -1,-1,2021,35.0,1,0,1,0,0,0,0,,3,OUTREBON (AVENUE),0,,1,1,0,1,0,1,1,, -1,1,0,1,50,17,8,1,93,93077,2,1,0,3,Avenue Outrebon,48.888865,2.511053,17,2,2
202100008591,186Â 374,A01,1,1,2,1,2,6,-1,0,0,-1,2021,33.0,2,1,0,0,7,3,1,,4,PORTE DE PASSY,0,,1,3,0,1,13,800,3,, -1,1,0,1,50,9,11,1,75,75116,2,1,0,7,PORTE DE PASSY,48.859496,2.262727,9,1,1
202100021850,162Â 573,A01,1,1,2,5,1,-1,-1,0,0,-1,2021,22.0,2,2,2,0,8,13,1,,3,921,-1,,2,2,0,1,16,900,3,, -1,1,0,3,90,29,8,1,12,12156,1,1,0,6,D921,44.635498,2.830954,13,1,1
202100004678,193Â 414,A01,1,1,1,5,1,-1,-1,-1, -1,-1,2021,24.0,2,2,0,2,2,19,1,,4,GAMBETTA                            (CO),0,,2,2,3,1,(1),(1),1,, -1,2,0,1,50,3,12,5,69,69383,2,2,1,3,GAMBETTA (CR),45.75159,4.85372,23,2,2
202100019267,167Â 194,B01,1,1,2,5,8,-1,-1,0,0,-1,2021,64.0,1,2,0,2,1,1,1,,3,403,0,,2,2,0,1,5,200,1,, -1,1,0,1,80,13,9,1,45,45056,1,1,0,1,D403,48.165456,2.506428,13,3,2
202100046379,118Â 867,B01,1,1,2,9,8,0,-1,0,0,-1,2021,18.0,2,1,0,2,7,1,5,,4,RUE DE LA GLACIERE,0,,1,2,0,1,(1),(1),1,, -1,1,0,1,50,27,3,1,75,75113,2,1,0,3,RUE DE LA GLACIERE,48.827952,2.34244,15,2,2
202100038481,132Â 864,A01,9,2,2,5,1,-1,-1,0,0,-1,2021,16.0,2,2,16,0,0,1,1,,3,113,-1,,2,2,0,1,26,105,2,, -1,1,0,3,80,23,5,2,62,62318,1,1,0,7,CD 113,50.518456,1.670833,21,4,1
202100023876,158Â 951,B01,1,1,1,0,2,0,-1,-1, -1,-1,2021,41.0,2,1,0,2,8,1,1,,3,BRETELLE DE LAUTOROUTE RD 913,0,,2,2,0,1,1,750,3,, -1,1,0,1,70,15,8,1,64,64545,1,1,0,3,BRETELLE DE LAUTOROUTE RD 913,43.37756,-1.68715,9,2,2
202100038180,133Â 401,A01,1,1,1,0,8,0,-1,-1, -1,-1,2021,22.0,3,2,0,2,1,17,1,,4,RUE PAUL CLAUDEL,0,,2,2,0,1,(1),(1),1,, -1,1,0,1,50,26,5,5,38,38185,2,1,0,3,Rue Paul Claudel,45.1724,5.7365,3,4,2
202100012976,178Â 545,B01,1,1,1,5,2,-1,-1,0,0,-1,2021,50.0,1,1,0,2,3,1,5,,7,7,-1,,-1,2,1,1,(1),(1),1,, -1,1,0,5,80,2,10,1,13,13020,2,1,0,3,D7,43.392731,5.54816,11,2,2
202100023715,159Â 226,B01,1,1,1,0,1,-1,-1,-1, -1,-1,2021,29.0,2,2,0,2,1,1,1,,4,RUE DE LANGLET,0,,3,2,0,1,(1),(1),1,, -1,1,0,1,50,17,8,5,33,33162,2,3,0,3,RUE DE LANGLET,44.88942,-0.63117,4,2,2
202100047711,116Â 464,B01,1,1,2,9,2,0,-1,-1, -1,-1,2021,61.0,1,1,0,2,0,7,0,,4,JULES FERRY                         (PL),0,,2,4,3,1,(1),(1),1,, -1,1,0,1,50,1,3,1,69,69386,2,9,0,6,JULES FERRY                         (PL),45.76805,4.85908,15,2,2
202100015002,174Â 889,A01,1,1,1,5,2,8,-1,-1, -1,-1,2021,14.0,1,1,0,2,1,1,1,,4,ACACIAS (RUE DES) NÂ°2 A 16 ET 1 A 3,0,,2,2,0,1,(1),(1),1,, -1,1,0,1,50,4,10,1,71,71153,2,1,0,2,ACACIAS (RUE DES) NÂ°2 A 16 ET 1 A 3,46.7994026308,4.4230392597,13,2,2
202100019946,165Â 980,B01,3,2,1,9,1,-1,-1,0,0,-1,2021,54.0,1,2,0,2,4,1,1,,2,10,-1,,2,2,0,2,97,300,1,,7,2,0,1,70,10,9,1,202,202009,1,1,1,2,RT 10 - Le Fort,42.1045111009,9.5152115824,9,3,2
202100018329,168Â 862,B01,1,1,2,2,8,0,-1,-1, -1,-1,2021,27.0,2,1,0,2,7,1,3,,4,ETATS-UNIS (BOULEVARD DES),0,,2,2,0,1,(1),(1),1,, -1,1,0,1,50,16,9,1,60,60159,2,6,0,3,Boulevard des Ãtats-Unis,49.40812,2.82237,15,2,2
202100011078,181Â 923,A01,10,3,2,2,0,-1,-1,3,3,1,2021,13.0,1,2,0,1,1,1,1,,4,LARUE (RUE GEORGES),0,,1,1,0,1,(1),(1),1,, -1,1,0,1,50,22,10,5,59,59654,2,1,0,6,LARUE (RUE GEORGES),50.385776,3.108602,7,2,1
202100035315,138Â 583,A01,1,1,1,5,1,0,-1,0,0,-1,2021,22.0,2,2,0,2,1,2,1,,4,AVENUE DE CHOISY,0,,2,3,0,1,(1),(1),1,, -1,1,0,1,50,10,6,1,75,75113,2,3,0,2,AVENUE DE CHOISY,48.827262,2.359087,18,3,2
202100038108,133Â 545,A01,1,1,1,5,2,-1,-1,0,0,-1,2021,16.0,1,1,0,2,1,17,1,,3,22,-1,,2,2,0,2,(1),(1),1,,5,2,0,1,50,19,5,1,8,8361,2,2,0,3,Rue du stade,49.834588,4.613314,19,3,2
202100037714,134Â 253,B01,1,1,2,5,1,0,-1,-1, -1,-1,2021,31.0,1,2,0,2,1,2,1,,9,Tunnel Joliette Marseille vers Aubagne,0,,1,2,0,1,0,1,3,, -1,1,1,1,70,29,5,1,13,13202,1,1,0,2,Tunnel Joliette Marseille vers Aubagne,43.3020414187,5.3644457235,13,2,2
202100023941,158Â 838,A01,1,1,1,4,1,-1,-1,0,0,-1,2021,19.0,2,5,13,0,1,1,1,,3,300,-1,,2,2,0,1,4,500,2,, -1,1,0,1,80,10,8,1,47,47214,1,1,0,7,Route de Tonneins,44.325383,0.27763,12,1,1
202100008014,187Â 407,A01,1,1,2,9,1,0,-1,-1, -1,-1,2021,18.0,1,2,0,0,1,26,1,,1,MALMOUCHE RUE ET CHEMIN,0,,2,2,0,1,1,0,1,, -1,1,0,1,50,14,11,1,49,49267,2,1,0,7,,47.46849,-0.51489,17,1,1
202100007281,188Â 736,B01,1,1,2,5,1,0,-1,0,0,-1,2021,68.0,2,2,0,2,8,0,1,,3,LEZAN (route de ),0,,2,2,0,1,18,850,1,, -1,1,0,1,70,19,11,1,30,30243,1,3,0,3,Chemin des Vignes,44.076730512,4.0715389251,13,2,2
202100004123,194Â 371,A01,1,1,2,5,8,0,-1,0,0,-1,2021,15.0,1,1,0,2,2,1,5,,4,BOULEVARD SAINT GERMAIN,0,,2,4,3,1,(1),(1),1,, -1,1,0,6,30,8,12,1,75,75107,2,2,0,3,BOULEVARD SAINT GERMAIN,48.858502,2.323115,12,2,2
202100016881,171Â 448,A01,2,2,2,0,2,6,-1,-1, -1,-1,2021,50.0,2,1,0,2,5,16,1,,3,AVRIL (AVENUE DU 14),0,,2,2,0,2,2,195,3,, -1,1,5,1,50,25,9,1,64,64102,2,1,0,2,AVRIL (AVENUE DU 14),43.50255,-1.45651,15,3,2
202100014327,176Â 095,A01,10,3,1,3,0,-1,-1,3,3,1,2021,65.0,1,2,0,1,2,15,1,,4,MAURICE MARIE-CLAIRE(RUE),0,,1,2,0,1,(1),(1),2,, -1,1,0,1,30,8,10,1,971,97105,2,2,0,6,MAURICE MARIE-CLAIRE(RUE),15.99603,-61.73057,9,2,1
202100049102,113Â 985,A01,1,1,1,0,2,6,-1,-1, -1,-1,2021,56.0,1,1,0,2,1,2,1,,3,PYLA (BD DU),0,,2,2,1,2,2,890,1,, -1,1,-1,1,50,5,3,1,33,33529,2,1,0,2,Boulevard du Pyla,44.63335,-1.1636,18,2,2
202100006160,190Â 801,A01,1,1,2,0,0,-1,-1,0,0,-1,2021,78.0,2,2,0,2,1,13,1,,3,498,-1,,2,2,0,1,30,550,1,, -1,1,0,1,80,26,11,3,42,42169,1,1,0,1,D498,45.464721,4.122308,18,3,2
202100014191,176Â 328,B01,1,1,1,5,1,8,-1,0,0,-1,2021,37.0,1,2,0,2,4,1,1,,4,BLANC (RUE LOUIS),0,,2,4,0,1,(1),(1),1,, -1,1,0,1,50,9,10,5,6,6029,2,1,0,2,BLANC (RUE LOUIS),43.5531,7.01266,22,2,2
202100025743,155Â 668,B01,1,1,1,4,8,0,-1,0,0,-1,2021,23.0,0,0,0,2,1,1,3,,4,ROMANS AVENUE DE (103),0,,2,2,1,2,(1),(1),3,, -1,1,0,5,50,26,7,1,26,26362,2,1,0,3,144 Avenue de Romans,44.935316,4.909285,14,2,2
202100043035,124Â 749,A01,1,1,1,4,2,6,-1,-1, -1,-1,2021,25.0,1,1,0,2,1,1,1,,4,AV JEAN RIEUX,0,,2,2,0,1,(1),(1),1,, -1,1,0,1,50,22,4,5,31,31555,2,3,0,3,AV JEAN RIEUX,43.58722,1.47394,22,2,2
202100049301,113Â 634,B01,1,1,1,0,2,-1,-1,0,0,-1,2021,42.0,1,1,0,2,4,1,1,,3,708,-1,,2,2,0,2,81,950,1,, -1,1,0,1,80,5,3,2,24,24294,1,1,0,2,Route dÃ©partementale 708,44.990033,0.16075,6,2,2
202100018815,168Â 012,A01,2,2,2,0,1,0,-1,-1, -1,-1,2021,14.0,1,2,0,2,7,16,0,,3,JEAN LOLIVE (AVENUE)(137/FIN ET 134/FIN),0,,2,2,2,1,(1),(1),1,, -1,2,0,5,50,15,9,1,93,93055,2,2,1,3,JEAN LOLIVE (AVENUE)(137/FIN ET 134/FIN),48.893952,2.417166,17,3,2
202100047971,115Â 992,A01,1,1,1,0,1,0,-1,-1, -1,-1,2021,84.0,3,2,1,0,2,26,1,,3,9,0,,-1,0,0,2,0,0,3,, -1,1,0,8,30,15,3,1,92,92044,2,1,0,6,ANA.FRANCE(RUE)77A139 ET 74A124,48.8969108193,2.2806769609,11,2,1
202100007875,187Â 665,A01,1,1,1,0,2,8,-1,-1, -1,-1,2021,21.0,1,1,2,0,0,0,1,,3,986,0,,2,2,0,1,0,0,1,, -1,2,0,1,50,15,11,5,92,92036,2,1,1,6,LUCIEN LANTERNIER (AVENUE) (2/34),48.932266,2.29086,21,1,1
202100043441,124Â 009,A01,1,1,1,5,2,6,-1,0,0,-1,2021,20.0,2,1,0,2,1,17,1,,3,Avenue de Bigorre,0,,2,2,0,1,1,765,1,, -1,1,5,1,50,19,4,1,47,47031,2,2,0,2,Avenue de Bigorre,44.18801,0.63086,18,2,2
202100027319,152Â 891,A01,1,1,1,5,2,0,-1,-1, -1,-1,2021,24.0,1,1,0,2,7,1,1,,4,MOUFIA (ROUTE DE),0,,2,0,0,1,0,0,1,, -1,1,0,1,50,19,7,1,974,97411,2,3,0,3,MOUFIA (ROUTE DE),-20.89816,55.49149,15,2,2
202100052625,107Â 657,A01,1,1,1,4,8,-1,-1,0,0,-1,2021,40.0,3,4,0,0,0,0,6,,2,2,-1,,2,2,0,4,(1),(1),1,, -1,2,0,1,50,5,2,1,975,97502,2,1,1,7,Route de la Pointe Blanche,46.7724493498,-56.1765666604,14,1,1
202100021844,162Â 583,A01,1,1,2,5,1,-1,-1,0,0,-1,2021,61.0,1,2,13,0,2,14,1,,3,6110,-1,,2,2,0,1,11,600,1,, -1,1,0,3,80,31,8,1,11,11220,1,1,0,6,RD 610,43.204894,2.568655,10,1,1
202100050288,111Â 818,B01,1,1,1,4,1,0,-1,-1, -1,-1,2021,57.0,1,5,0,2,5,1,1,,1,AUTOROUTE A6,0,,3,6,0,1,16,850,1,, -1,1,0,1,110,25,2,1,91,91589,1,1,0,5,AUTOROUTE A6,48.67927,2.33406,10,6,4
202100037920,133Â 886,A01,1,1,1,0,2,-1,-1,0,0,-1,2021,30.0,0,1,0,2,1,1,1,,4,1,0,D,2,2,0,4,(1),(1),2,, -1,3,0,5,50,28,5,3,973,97309,2,1,0,1,163 Route du Mahury,4.882297,-52.275611,20,2,2
202100036889,135Â 761,B01,1,1,1,5,2,-1,-1,0,0,-1,2021,45.0,2,1,0,0,4,1,1,,3,643,-1,,2,2,0,1,(1),(1),1,, -1,1,5,1,80,2,6,1,59,59432,1,6,0,5,D960,50.151861,3.263744,19,3,3
202100055824,102Â 087,B01,1,1,1,9,2,8,-1,0,0,-1,2021,41.0,1,1,0,2,2,1,1,,4,AVENUE DE LA PORTE CHAUMONT,0,,2,3,0,1,(1),(1),1,, -1,1,0,1,50,8,1,1,75,75119,2,2,0,3,AVENUE DE LA PORTE CHAUMONT,48.886239,2.396734,16,2,2
202100036606,136Â 273,B01,1,1,1,0,8,0,-1,-1, -1,-1,2021,15.0,3,2,0,2,7,19,5,,4,DECOURS(RUE),0,,2,2,0,1,(1),(1),1,, -1,1,0,1,50,2,6,1,59,59375,2,1,0,3,DECOURS(RUE),50.41057,3.27782,12,2,2
202100013912,176Â 836,B01,1,1,1,5,1,0,-1,-1, -1,-1,2021,34.0,2,5,0,2,6,23,1,,3,QUATRE SEPTEMBRE (QUAI DU),0,,3,4,0,1,0,0,1,, -1,1,0,1,50,11,10,1,92,92012,2,3,0,2,QUATRE SEPTEMBRE (QUAI DU),48.8528267195,2.2264078259,16,3,2
202100019013,167Â 652,A01,3,2,1,5,1,0,-1,-1, -1,-1,2021,18.0,3,2,0,2,1,1,1,,4,NORIETS (R DES),0,,-1,2,0,1,1,0,1,, -1,2,0,1,50,14,9,5,94,94081,2,1,0,1,Rue des Noriets,48.79409,2.38172,20,4,2
202100033028,142Â 703,B01,4,2,1,0,1,0,-1,-1, -1,-1,2021,37.0,2,2,0,2,5,15,1,,3,SALVADOR ALLENDE (BOULEVARD),0,,3,4,0,1,7,674,1,, -1,2,5,1,50,21,6,5,77,77337,2,3,1,3,SALVADOR ALLENDE (BOULEVARD),48.848723,2.62096,0,5,2
202100050661,111Â 129,A01,1,1,1,5,2,8,-1,-1, -1,-1,2021,30.0,1,1,0,2,1,1,1,,3,SEVRES (RUE DE),0,,2,2,0,1,0,0,1,, -1,1,0,1,50,21,2,5,92,92077,2,2,0,3,SEVRES (RUE DE),48.826011957,2.1981760286,20,2,2
202100044305,122Â 470,A01,10,3,2,3,0,-1,-1,1,3,1,2021,93.0,1,2,0,1,4,4,1,,4,R DU DOCTEUR RAMON,0,,1,1,0,2,1,0,3,, -1,1,0,1,50,12,4,1,94,94028,2,1,0,6,RAMON.(RUE DU DOCTEUR),48.77367,2.46732,11,2,1
202100038228,133Â 314,B01,1,1,1,4,8,0,-1,0,0,-1,2021,32.0,1,1,0,2,1,2,5,,4,BOULEVARD DE SEBASTOPOL,0,,1,4,1,1,(1),(1),1,, -1,2,5,5,50,25,5,5,75,75101,2,2,1,2,BOULEVARD DE SEBASTOPOL,48.860073,2.349087,22,2,2
202100008607,186Â 354,A01,1,1,1,1,8,0,-1,0,0,-1,2021,13.0,1,1,0,2,1,5,3,,4,RUE DU TEMPLE,0,,1,2,3,1,(1),(1),1,, -1,1,0,1,30,10,11,2,75,75103,2,3,0,3,RUE DU TEMPLE,48.865395,2.360447,8,2,2
202100040001,130Â 093,B01,1,1,2,1,2,6,-1,0,0,-1,2021,42.0,1,1,0,2,2,1,1,,7,77,0,,2,2,0,1,3,200,1,, -1,1,0,1,80,10,5,1,37,37179,1,1,0,3,route dÃ©partementale,47.4502020364,0.7233917713,10,2,2
202100026291,154Â 696,A01,1,1,1,0,2,8,-1,-1, -1,-1,2021,17.0,1,1,12,0,8,1,1,,3,KERPOTENCE (RUE  DE ),0,,2,2,0,1,2,200,2,, -1,1,5,3,30,29,7,1,56,56083,2,6,0,7,KERPOTENCE (RUE  DE ),47.81555,-3.24384,15,1,1
202100026974,153Â 495,A01,2,2,2,5,2,6,9,0,0,-1,2021,20.0,2,1,8,0,1,0,0,,3,155,-1,,2,2,0,1,6,735,1,, -1,2,0,3,90,25,7,1,41,41234,1,1,1,7,D155,47.565038,1.132897,20,2,1
202100042650,125Â 396,B01,1,1,1,0,1,-1,-1,0,0,-1,2021,64.0,2,2,0,2,1,1,1,,3,0,0,P,2,2,0,1,5,500,3,, -1,1,0,1,50,25,4,1,91,91661,1,1,0,1,Route de Villiers,48.695195,2.247026,18,5,2
202100033493,141Â 909,A01,1,1,1,0,0,-1,-1,0,0,-1,2021,52.0,0,1,0,2,1,19,5,,2,,0,,-1,1,0,4,32,(1),1,, -1,1,0,1,-1,17,6,2,987,98722,1,3,0,3,Mahaena,-17.5667792268,-149.3269264698,6,2,2
202100042121,126Â 339,A01,1,1,2,5,1,-1,-1,0,0,-1,2021,20.0,1,2,12,0,2,1,1,,3,11,0,D,2,2,1,1,4,0,2,, -1,1,0,4,50,30,4,1,95,95199,2,1,0,6,RD 11,49.026789,2.344878,15,3,1
202100000856,200Â 208,B01,3,2,2,0,1,0,-1,-1, -1,-1,2021,35.0,3,2,0,2,4,2,1,,7,PERRIN JEAN RUE,0,,2,3,0,1,(1),(1),1,, -1,1,2,1,50,30,12,5,59,59350,2,1,0,2,PERRIN JEAN RUE,50.62158,3.0876,18,5,2
202100039327,131Â 304,A01,1,1,2,5,1,0,-1,-1, -1,-1,2021,22.0,2,2,1,2,3,1,1,,4,MONTAIGUT(BOULVARD DU),0,,2,1,0,1,0,0,1,, -1,1,0,1,50,18,5,1,94,94028,2,1,0,1,MONTAIGUT(BOULVARD DU),48.7912216003,2.4446511269,14,2,2
202100038594,132Â 651,A01,3,2,1,0,1,0,-1,-1, -1,-1,2021,10.0,2,2,0,2,1,1,1,,1,A4,0,,3,6,0,1,22,799,1,, -1,2,0,1,110,24,5,1,77,77121,1,1,1,2,A4,48.83139,2.68345,16,5,2
202100010408,183Â 113,B01,1,1,1,5,0,-1,-1,0,0,-1,2021,65.0,1,1,0,2,3,16,5,,3,53,0,D,1,1,0,1,3,917,1,, -1,1,5,1,50,28,10,1,44,44029,2,6,0,3,boulevard pasteur,47.267433,-1.342027,12,2,2
202100005571,191Â 843,Y01,1,1,1,9,8,0,-1,-1, -1,-1,2021,33.0,1,1,1,0,1,14,5,,3,907,0,,3,3,2,1,0,0,1,, -1,1,0,1,50,30,11,5,92,92012,2,1,0,2,MARECHAL DE LATTRE DE TASSIGNY (AVENUE),48.8408346577,2.2272902727,22,2,2
202100030209,147Â 770,A01,1,1,1,5,1,8,-1,-1, -1,-1,2021,38.0,2,2,0,2,1,1,1,,3,RPT COLETTE LAFFINEUR RD 570,0,,2,2,0,1,37,0,1,, -1,1,0,1,80,7,7,3,13,13004,1,1,0,1,RPT COLETTE LAFFINEUR RD 570,43.68652,4.64364,5,2,2
202100029478,149Â 097,A01,1,1,1,5,2,6,9,0,0,-1,2021,33.0,1,1,0,0,8,1,1,,4,,-1,,2,1,0,2,(1),(1),2,,3,9,0,1,80,11,7,1,71,71135,1,1,0,7,Rue des Carrieres,46.4345152952,4.8278523864,16,1,1
202100007238,188Â 817,A01,10,3,2,0,0,-1,-1,2,3,1,2021,86.0,0,2,0,1,4,4,1,,4,ANCIEN QUAI (RUE DE L'),0,,1,1,0,1,(1),(1),1,, -1,1,0,1,50,29,10,1,50,50129,2,1,0,7,ANCIEN QUAI (RUE DE L'),49.63678,-1.62474,14,2,1
202100029666,148Â 767,B01,1,1,1,0,1,-1,-1,0,0,-1,2021,57.0,2,2,0,0,5,1,1,,3,6,0,D,2,2,0,1,47,550,1,, -1,1,0,1,50,9,7,1,42,42081,2,2,1,3,Route du Stade,45.613283,4.264144,12,2,2
202100045960,119Â 600,Z01,10,3,1,5,0,-1,-1,4,3,1,2021,57.0,1,2,0,1,1,1,1,,4,RADOLFZELL AVENUE DE,0,,2,2,0,1,(1),(1),1,, -1,1,9,1,50,30,3,1,13,13047,2,1,0,6,RADOLFZELL AVENUE DE,43.499158,4.98746,8,2,1
202100011975,180Â 313,A01,10,3,1,0,0,-1,-1,2,3,1,2021,93.0,3,2,0,1,3,1,0,,3,ROUTE ROYALE,0,,2,2,0,2,1,0,1,, -1,1,0,1,50,20,10,1,202,202033,2,1,0,1,ROUTE ROYALE,42.67946,9.42919,9,2,1
202100018575,168Â 432,A01,1,1,1,2,2,6,-1,-1, -1,-1,2021,15.0,2,1,0,2,1,1,1,,4,VALLES (RUE JULES),0,,2,2,0,1,(1),(1),3,, -1,1,0,1,50,6,9,1,43,43157,2,1,0,1,10 Rue Jules Valles,45.0447743574,3.8869540393,16,2,2
202100006735,189Â 744,B01,1,1,1,0,2,0,-1,-1, -1,-1,2021,47.0,1,1,0,2,1,2,1,,3,MARECHAL LECLERCQ (AVENUE) COTE PAIR,0,,-1,2,0,1,1,0,1,, -1,1,0,1,50,23,11,1,93,93050,2,3,0,3,MARECHAL LECLERCQ (AVENUE) COTE PAIR,48.8594540353,2.5373362005,9,2,2
202100042938,124Â 918,A01,1,1,1,1,1,0,-1,-1, -1,-1,2021,24.0,1,5,0,2,1,1,1,,3,,-1,,2,-1,-1,1,(1),(1),1,, -1,1,5,1,-1,23,4,1,92,92048,2,2,0,3,MARECHAL JUIN (AVENUE DU),48.7861227698,2.2215047479,13,2,2
202100040232,129Â 685,B01,1,1,1,1,2,0,-1,-1, -1,-1,2021,45.0,3,1,0,2,0,0,1,,3,LIBERATION RD14 (BOULEVARD),0,,2,2,0,1,0,1,1,, -1,1,0,1,50,11,5,1,93,93066,2,1,0,3,Boulevard de la LibÃ©ration,48.928168,2.341324,17,2,2
202100044452,122Â 234,B01,1,1,1,5,2,0,-1,-1, -1,-1,2021,61.0,1,1,1,0,7,1,5,,3,SAINT-NAUPHARY D 999 (ROUTE DE),0,,2,2,0,1,14,630,1,, -1,1,0,1,80,10,4,1,82,82121,2,1,0,3,SAINT-NAUPHARY D 999 (ROUTE DE),43.99198,1.38954,14,2,2
202100039156,131Â 633,A01,10,3,1,0,0,-1,-1,1,3,1,2021,37.0,0,2,0,1,1,1,0,,4,MONTGOLFIER AVENUE,0,,1,1,0,1,1,0,1,, -1,1,0,1,50,20,5,1,93,93046,2,9,0,6,Avenue Montgolfier,48.904249,2.520639,7,2,1
202100002571,197Â 188,A01,10,3,2,1,0,-1,-1,3,3,1,2021,21.0,1,2,0,1,1,26,1,,4,DE GAULLE (AVENUE),0,,2,2,0,1,(1),(1),1,, -1,2,0,1,50,16,12,1,973,97302,2,2,1,6,DE GAULLE (AVENUE),4.9398545925,-52.3273455799,17,2,1
202100032119,144Â 339,B01,1,1,1,0,2,6,-1,-1, -1,-1,2021,56.0,1,1,0,2,1,21,1,,4,BOSPHORE (BOULEVARD DU),0,,2,3,2,2,0,0,1,, -1,1,0,1,50,26,6,1,13,13215,2,1,0,1,BOSPHORE (BOULEVARD DU),43.37096,5.36401,13,2,2
202100037622,134Â 409,A01,1,1,2,9,8,0,-1,0,0,-1,2021,31.0,1,1,0,0,0,1,5,,4,BOULEVARD DE SEBASTOPOL,0,,2,5,1,1,(1),(1),1,, -1,1,0,5,50,29,5,1,75,75101,2,3,0,7,BOULEVARD DE SEBASTOPOL,48.862471,2.350441,18,1,1
202100045467,120Â 464,B01,1,1,1,2,6,2,-1,0,0,-1,2021,15.0,2,1,0,2,3,1,1,,3,89,-1,E,2,2,0,1,2,0,4,, -1,1,0,1,80,2,4,1,1,1288,1,1,0,1,D89e,46.1998382198,5.9377066791,16,2,2
202100021910,162Â 465,A01,1,1,1,0,2,0,-1,-1, -1,-1,2021,27.0,1,1,1,0,1,26,0,,2,PIERRE LOTI (ALLEE),0,,2,2,0,1,0,0,1,, -1,1,0,4,50,28,8,1,987,98735,2,9,0,7,PIERRE LOTI (ALLEE),-17.546293,-149.553554,17,1,1
202100044576,122Â 039,A01,1,1,1,5,8,0,-1,-1, -1,-1,2021,19.0,2,1,0,2,1,15,3,,3,DENFERT ROCHEREAU RUE,0,,2,2,0,1,35,604,1,, -1,1,0,1,50,8,4,1,17,17299,2,3,0,3,DENFERT ROCHEREAU RUE,45.94011,-0.96562,16,2,2
202100004213,194Â 222,A01,10,3,1,4,0,-1,-1,1,3,1,2021,63.0,3,2,0,1,1,1,1,,4,CARNOT (BOULEVARD),0,,3,4,0,2,0,0,1,, -1,1,0,1,50,6,12,1,6,6029,2,1,0,6,CARNOT (BOULEVARD),43.56096,7.01683,9,2,1
202100034906,139Â 317,B01,1,1,1,1,8,8,-1,-1, -1,-1,2021,31.0,2,2,0,2,1,1,1,,2,104,0,,1,12,0,2,59,700,1,, -1,1,0,2,110,12,6,3,91,91363,1,1,0,3,RN 104,48.6641,2.189435,0,2,2
202100003485,195Â 526,A01,1,1,1,4,1,-1,-1,0,0,-1,2021,59.0,1,4,13,9,2,14,1,,3,140,-1,,2,3,0,1,14,610,1,, -1,1,0,3,90,11,12,1,37,37225,1,1,0,6,,47.354248,0.905685,11,1,1
202100024222,158Â 377,E01,1,1,1,4,2,6,0,-1, -1,-1,2021,29.0,1,1,0,2,1,0,1,,1,13,0,,1,3,0,1,1,200,1,, -1,1,1,1,70,14,8,5,92,92012,1,1,0,5,A13,48.848427126,2.2390222098,0,5,5
202100036211,136Â 961,A01,1,1,2,5,1,0,-1,0,0,-1,2021,30.0,2,2,4,2,9,1,1,,1,A4,0,,3,5,0,2,5,200,1,, -1,1,0,1,90,5,6,1,75,75112,1,1,0,3,A4,48.819642,2.458885,12,2,2
202100020925,164Â 252,A01,1,1,1,5,2,6,-1,0,0,-1,2021,55.0,1,1,0,2,3,1,1,,3,11,-1,,2,2,0,1,2,799,2,,"5,5",1,0,1,80,5,9,1,2,2258,1,4,0,3,D 11,49.137403,3.183932,9,2,2