Num_Acc,id_vehicule,num_veh,place,catu,sexe,trajet,secu1,secu2,secu3,locp,actp,etatp,year_acc,victim_age,senc,catv,obs,obsm,choc,manv,motor,occutc,catr,voie,v1,v2,circ,nbv,vosp,prof,pr,pr1,plan,lartpc,larrout,surf,infra,situ,vma,jour,mois,lum,dep,com,agg_,int,atm,col,adr,lat,long,hour,nb_victim,nb_vehicules
202100025132,156Â 733,A01,10,3,1,0,0,-1,-1,1,3,1,2021,5.0,0,2,0,1,0,26,0,,4,PADOUANE (BD DE LA ),0,,2,2,0,1,1,299,1,, -1,1,0,1,50,7,8,1,13,13215,2,1,0,1,PADOUANE (BD DE LA ),43.3533277052,5.3688317217,14,2,1
202100046439,118Â 772,B01,1,1,2,5,1,-1,-1,0,0,-1,2021,54.0,2,2,0,2,3,1,1,,3,20,-1,E,2,2,0,1,0,350,3,, -1,1,0,1,50,27,3,1,39,39171,2,1,0,1,130 Rue du Champ Beaulieu,46.667915,5.457917,11,2,2
202100029302,149Â 386,A01,1,1,2,0,1,-1,-1,-1, -1,-1,2021,21.0,1,2,0,2,1,1,1,,4,FREVILLE (AVENUE HENRI),0,,3,4,2,1,(1),(1),1,, -1,1,5,1,50,12,7,1,35,35238,2,2,0,3,FREVILLE (AVENUE HENRI),48.09209,-1.67484,14,2,2
202100033994,140Â 993,A01,10,3,2,5,0,-1,-1,5,1,1,2021,72.0,0,2,0,1,1,25,1,,4,CLEMENCEAU (RUE GEORGES),0,,1,-1,3,1,(1),(1),1,, -1,1,0,4,50,10,6,1,3,3310,2,1,0,6,28 Rue Georges ClÃ©menceau,46.12553,3.42274,14,3,2
202100047902,116Â 111,A01,1,1,1,0,8,-1,-1,-1, -1,-1,2021,36.0,2,2,8,0,3,17,1,,4,JEAN JAURES                         (AV),0,,1,2,3,1,(1),(1),1,, -1,1,0,1,50,15,3,1,69,69387,2,2,0,6,JEAN JAURES (AV),45.75044,4.84499,15,1,1
202100054927,103Â 630,A01,1,1,1,5,2,0,-1,0,0,-1,2021,36.0,2,1,0,0,1,7,5,,4,BOULEVARD HENRI IV,0,,2,4,3,1,(1),(1),1,, -1,1,-1,6,50,15,1,1,75,75104,2,4,0,7,BOULEVARD HENRI IV,48.852222,2.366028,17,1,1
202100004380,193Â 929,B01,1,1,1,0,2,8,-1,-1, -1,-1,2021,36.0,1,1,0,2,5,1,1,,1,AUTOROUTE A3,0,,3,8,0,1,1,700,1,, -1,2,0,1,90,6,12,5,93,93048,1,1,1,3,AUTOROUTE A3,48.8708612993,2.4314562625,19,2,2
202100041948,126Â 639,B01,1,1,1,0,8,0,-1,-1, -1,-1,2021,22.0,1,1,0,2,1,1,0,,4,PRESIDENT WILSON (AVENUE DU),0,,2,2,0,1,0,0,1,, -1,1,0,1,50,30,4,1,93,93048,2,2,0,3,PRESIDENT WILSON (AVENUE DU),48.855660849,2.4395569358,18,2,2
202100024060,158Â 643,B01,1,1,2,5,1,-1,-1,0,0,-1,2021,83.0,2,2,0,2,8,19,1,,3,900,-1,,2,2,0,1,46,725,2,, -1,1,5,1,80,15,8,1,66,66106,1,3,0,3,RD 900,42.500926,2.821147,12,6,2
202100018474,168Â 609,B01,1,1,1,4,2,6,-1,0,0,-1,2021,60.0,1,1,0,2,1,1,1,,3,50,0,,2,2,0,1,(1),(1),1,, -1,1,0,1,50,17,9,5,28,28359,1,3,0,3,D50,48.761621,1.231161,21,2,2
202100014342,176Â 071,A01,1,1,1,9,2,6,-1,-1, -1,-1,2021,15.0,0,1,0,2,2,1,1,,4,SAINT GERVAIS. CAVEE,0,,1,2,0,2,0,0,1,, -1,1,0,1,30,8,10,1,76,76540,2,2,0,3,SAINT GERVAIS. CAVEE,49.44991,1.08381,9,2,2
202100021661,162Â 912,B01,1,1,1,5,2,6,-1,-1, -1,-1,2021,40.0,1,1,0,2,4,23,1,,4,MONUMENT (R DU),0,,2,2,0,2,1,0,1,, -1,1,0,1,50,20,7,5,94,94017,2,1,0,2,Rue du Monument,48.81227,2.51941,22,2,2
202100053680,105Â 782,A01,10,3,2,2,0,-1,-1,3,3,2,2021,45.0,2,2,0,1,3,16,1,,4,,0,,2,2,0,1,(1),(1),1,, -1,1,0,1,50,26,1,1,57,57433,2,3,0,6,13 Avenue des Nations,49.202492,6.164031,8,2,1
202100045855,119Â 789,A01,1,1,1,0,1,-1,-1,0,0,-1,2021,44.0,0,2,15,2,1,1,1,,3,150,0,,2,2,0,1,(1),(1),1,, -1,1,0,3,80,31,3,1,50,50168,1,1,0,3,La Bellerie,48.611218,-1.274253,16,3,2
202100015105,174Â 707,B01,1,1,1,4,1,0,-1,0,0,-1,2021,41.0,2,5,0,2,4,23,1,,4,AVENUE DE FLANDRE,0,,2,4,1,1,(1),(1),1,, -1,1,0,1,30,5,10,5,75,75119,2,2,0,2,AVENUE DE FLANDRE,48.888386,2.374138,0,6,2
202100040236,129Â 677,A01,10,3,1,5,0,-1,-1,4,3,2,2021,6.0,1,4,0,1,5,1,0,,3,"GENERAL LECLERC (BOULEVARD DU, NÂ° 1 A 27",0,,2,4,0,1,0,0,1,, -1,1,0,1,50,12,5,1,92,92051,2,1,0,6,"GENERAL LECLERC (BOULEVARD DU, NÂ° 1 A 27",48.8901868021,2.2608044744,15,2,1
202100044962,121Â 365,A01,1,1,1,5,1,0,-1,-1, -1,-1,2021,59.0,1,2,0,2,3,15,1,,4,FERNAND PAURIOL (RUE),0,,2,2,0,1,(1),(1),1,, -1,1,0,1,50,6,4,5,13,13205,2,2,0,3,BAILLE (BOULEVARD),43.287964,5.391452,22,2,2
202100034502,140Â 054,A01,1,1,1,5,2,-1,-1,0,0,-1,2021,20.0,1,1,0,2,3,1,1,,3,104,0,,2,2,0,1,12,30,3,, -1,1,0,1,80,14,6,1,4,4134,1,1,0,1,RD 104,44.338353,6.026484,10,4,2
202100020919,164Â 263,A01,2,2,2,5,2,6,-1,0,0,-1,2021,54.0,2,1,15,0,7,14,1,,3,18,0,,2,2,0,1,11,500,2,,4,1,0,3,80,4,9,1,12,12280,1,4,0,6,D18,44.902464,2.753253,18,2,1
202100050682,111Â 098,A01,1,1,1,1,1,-1,-1,0,0,-1,2021,78.0,3,2,0,9,1,0,1,,4,04,-1,,2,2,0,1,(1),(1),1,, -1,1,0,1,50,22,2,1,46,46127,2,1,1,6,Route du Bos,44.753217,1.407194,8,1,1
202100036043,137Â 259,A01,2,2,2,5,2,6,-1,-1, -1,-1,2021,46.0,1,1,0,2,3,2,1,,2,RN2 (2),0,,3,2,0,1,(1),(1),1,, -1,1,0,1,70,6,6,3,974,97416,1,1,0,2,RN2 (2),-21.348589,55.497733,18,3,2
202100010703,182Â 594,A01,10,3,1,5,0,-1,-1,3,3,1,2021,83.0,1,2,0,1,1,1,1,,3,GRAND'RUE,0,,-1,2,0,1,2,500,1,, -1,1,0,1,50,22,10,1,57,57221,2,1,1,6,GRAND'RUE,49.3265,6.12039,10,2,1
202100022510,161Â 392,A01,1,1,1,5,2,6,-1,0,0,-1,2021,14.0,3,1,0,2,1,13,1,,4,,0,,2,1,0,2,(1),(1),2,,3,1,0,1,80,25,8,1,71,71493,1,1,0,1,Rue du Bourg,46.961761139,4.5482109994,14,2,2
202100026111,155Â 023,A01,10,3,2,0,0,-1,-1,3,3,1,2021,59.0,2,2,0,1,2,11,1,,3,CLARA BOURGAREL - ASSAINISSEMENT (RUE),0,,3,2,0,1,(1),(1),1,, -1,1,0,1,50,27,6,1,971,97101,2,1,0,6,CLARA BOURGAREL - ASSAINISSEMENT (RUE),16.2386,-61.52945,11,2,1
202100052677,107Â 571,B01,1,1,1,1,1,-1,-1,-1, -1,-1,2021,37.0,2,2,0,2,5,1,2,,4,RUE PEYRONNET,0,,1,1,2,1,(1),(1),1,, -1,1,5,1,50,4,2,5,33,33063,2,2,0,3,Cours de la Marne,44.82818,-0.56076,0,5,2
202100039653,130Â 714,A01,10,3,2,5,0,-1,-1,1,6,1,2021,64.0,3,2,0,5,3,1,1,,4,,-1,,2,2,0,1,(1),(1),1,, -1,1,0,1,80,18,5,2,24,24167,1,1,0,6,Route de Sainte Marthe,44.659626,0.409209,6,2,1
202100046183,119Â 219,A01,1,1,1,1,2,-1,-1,0,0,-1,2021,35.0,2,1,0,6,1,1,1,,1,28,-1,A,1,1,0,1,102,0,2,, -1,1,3,1,-1,29,3,3,72,72386,1,1,0,6,Autoroute A28,48.047691,0.293498,20,1,1
202100017032,171Â 174,B01,1,1,1,9,2,0,-1,0,0,-1,2021,26.0,1,1,0,2,1,17,1,,4,AVENUE KLEBER,0,,2,3,0,1,(1),(1),1,, -1,1,0,1,50,24,9,5,75,75116,2,3,0,3,AVENUE KLEBER,48.867258,2.290325,23,2,2
202100020656,164Â 707,A01,1,1,1,5,2,6,-1,0,0,-1,2021,62.0,3,1,5,0,1,1,1,,4,d10,0, -,2,2,0,1,(1),(1),4,, -1,1,2,3,70,5,9,3,33,33487,1,4,0,6,Rue Armand Beraud -Rd 10,44.971829,-0.479587,21,1,1
202100011792,180Â 636,B01,1,1,2,0,8,0,-1,-1, -1,-1,2021,20.0,2,1,0,2,2,19,5,,4,DANUBE (PONT DU),0,,2,4,0,3,0,0,1,, -1,1,2,1,50,20,10,1,67,67482,2,1,0,3,DANUBE (PONT DU),48.57376,7.77108,15,2,2
202100035186,138Â 812,B01,1,1,2,1,1,8,-1,0,0,-1,2021,36.0,1,2,0,2,4,2,1,,1,Autoroute A 31,0,,3,3,0,3,247,800,1,, -1,1,3,1,110,10,6,1,54,54115,1,1,0,4,Autoroute A 31,48.6944,6.10526,8,3,3
202100022275,161Â 820,A01,10,3,1,5,0,-1,-1,1,3,1,2021,8.0,3,2,0,1,8,1,1,,6,PLAGE   ROUTE DE LA,0,,-1,-1,0,1,(1),(1),1,, -1,1,9,1,30,27,8,3,17,17028,1,1,0,6,PLAGE   ROUTE DE LA,46.12658,-1.12744,21,2,1
202100014707,175Â 424,A01,1,1,1,5,2,-1,-1,0,0,-1,2021,55.0,1,1,0,2,9,13,1,,2,20,0,,2,2,0,2,93,0,3,, -1,1,0,1,80,8,10,1,202,202289,1,1,0,1,rt 20,42.357632,9.171594,11,2,2
202100007476,188Â 390,B01,1,1,2,9,1,-1,-1,0,0,-1,2021,51.0,2,2,14,2,3,1,3,,3,122,0,D,2,2,0,2,22,0,2,, -1,1,0,1,80,17,11,3,17,17387,1,1,0,1,D122,45.842957,-0.774676,18,2,2
202100029539,148Â 992,A01,1,1,1,5,1,-1,-1,0,0,-1,2021,37.0,1,2,2,0,1,13,1,,3,306,-1,,2,2,0,1,18,377,1,, -1,1,0,3,90,11,7,2,72,72154,1,1,0,7,D306 entre LA FLECHE et THOREE LES PINS,47.688359,0.005407,7,1,1
202100036761,135Â 994,B01,1,1,1,1,2,5,-1,-1, -1,-1,2021,67.0,2,1,0,2,8,1,1,,4,OBSERVANCE (DE L')                  (MO),0,,2,2,0,2,(1),(1),1,, -1,1,0,1,50,1,6,1,69,69389,2,4,1,1,OBSERVANCE (DE L')                  (MO),45.76479,4.8117,8,2,2
202100051486,109Â 673,B01,1,1,1,9,2,6,-1,0,0,-1,2021,23.0,2,1,0,2,4,1,1,,3,20,0,,3,4,0,1,28,800,1,, -1,1,0,1,90,14,2,3,91,91226,1,1,0,2,RN20,48.492108,2.198419,21,2,2
202100045580,120Â 258,B01,1,1,2,5,-1,0,-1,-1, -1,-1,2021,38.0,1,1,0,2,1,1,1,,3,RUISSEAU (RUE DU),0,,2,2,0,1,6,185,1,, -1,1,0,1,50,29,3,1,57,57306,2,3,0,5,RUISSEAU (RUE DU),49.33913,6.07868,17,3,3
202100044377,122Â 347,A01,1,1,1,5,2,0,-1,-1, -1,-1,2021,25.0,1,1,0,2,1,1,5,,3,VICTOR HUGO (AVE)  NÂ° 167 =>,0,,2,2,0,1,0,1,1,, -1,1,0,1,50,11,4,1,93,93001,2,3,0,3,VICTOR HUGO (AVE)  NÂ° 167 =>,48.912485699,2.3801741084,13,2,2
202100045589,120Â 239,A01,1,1,1,1,2,6,-1,-1, -1,-1,2021,50.0,1,1,0,2,1,17,1,,3,VERDUN (RUE DE),0,,2,2,2,1,0,100,1,, -1,1,0,1,50,1,4,1,45,45208,2,1,0,3,Avenue de Verdun,47.998477,2.747704,10,2,2
202100044608,121Â 983,A01,10,3,2,0,0,-1,-1,2,3,1,2021,44.0,1,2,0,1,4,20,1,,3,JEAN LOLIVE (AVENUE)(1/55 2/60),0,,-1,2,0,1,0,1,1,, -1,1,0,5,50,8,4,1,93,93055,2,1,0,6,JEAN LOLIVE (AVENUE)(1/55 2/60),48.89097,2.40165,10,2,1
202100043858,123Â 271,A01,10,3,2,3,0,-1,-1,3,3,1,2021,74.0,2,5,0,1,3,15,1,,4,VICTOR SCHOELCHER (RUE),0,,1,1,0,1,(1),(1),1,, -1,1,0,1,30,14,4,1,972,97209,2,3,0,6,VICTOR SCHOELCHER (RUE),14.6049,-61.06907,9,2,1
202100050275,111Â 853,A01,8,2,2,5,0,-1,-1,0,0,-1,2021,24.0,1,2,0,2,1,1,1,,1,13,0,A,3,5,0,2,99,380,1,, -1,2,0,1,130,25,2,3,27,27351,1,1,0,2,"autoroute A13, pk099+380 vers Rouen",49.252173,1.167126,21,3,2
202100037027,135Â 515,B01,1,1,1,5,2,6,-1,-1, -1,-1,2021,18.0,1,1,0,2,0,0,1,,4,BAILLE (BOULEVARD),0,,2,2,1,1,(1),(1),1,, -1,1,0,1,50,1,6,1,13,13205,2,2,0,2,BAILLE (BOULEVARD),43.28832,5.3927,15,2,2
202100037470,134Â 690,A01,1,1,1,5,1,-1,-1,0,0,-1,2021,38.0,2,2,14,0,3,1,1,,3,,-1,,2,2,0,1,10,600,1,, -1,1,9,1,50,30,5,2,95,95487,2,1,0,6,109 Avenue Jacques Vogt,49.1535135399,2.2712768152,21,1,1
202100000692,200Â 476,A01,10,3,2,0,0,-1,-1,3,3,1,2021,20.0,1,5,0,1,2,19,6,,4,INFIRMERIES (AV DES),0,,2,2,0,1,0,0,1,, -1,2,0,1,30,29,4,1,13,13001,2,1,1,1,INFIRMERIES (AV DES),43.52364,5.43075,12,2,1
202100046929,117Â 889,A01,10,3,1,2,0,-1,-1,3,3,1,2021,18.0,3,2,0,1,1,15,1,,3,MENDES FRANCE (AVENUE PIERRE),0,,2,2,0,1,(1),(1),1,, -1,1,0,1,50,23,3,1,27,27681,2,2,0,6,MADELEINE (RUE DE LA),49.08949,1.4823,12,2,1
202100011887,180Â 477,B01,1,1,2,1,1,-1,-1,0,0,-1,2021,54.0,2,2,0,2,1,1,1,,3,927,0,,2,2,0,1,48,95,1,, -1,1,0,3,80,22,10,1,28,28198,1,1,0,1,D927,48.080538,1.411947,17,3,2
202100026981,153Â 485,A01,1,1,2,5,1,-1,-1,0,0,-1,2021,70.0,2,2,1,0,1,1,1,,7,17,0,D,2,2,0,1,10,813,1,, -1,1,0,1,50,26,7,1,34,34217,2,1,0,7,Route de Mende,43.699707,3.862384,16,1,1
202100035117,138Â 934,A01,2,2,1,0,1,-1,-1,0,0,-1,2021,21.0,2,2,2,0,1,1,1,,3,17,-1,,2,2,0,1,11,410,1,, -1,1,0,3,80,12,6,1,82,82148,1,1,0,6,Route de Caussade,44.237128,1.60763,15,2,1
202100017508,170Â 326,B01,1,1,2,9,1,8,-1,-1, -1,-1,2021,21.0,2,2,0,2,4,2,1,,3,LE FOLL (AV),0,,2,0,0,1,0,1,3,, -1,1,0,1,50,22,9,5,94,94077,2,1,0,2,LE FOLL (AV),48.72829,2.43445,21,2,2
202100052083,108Â 621,A01,1,1,2,1,1,-1,-1,0,0,-1,2021,39.0,3,2,0,2,1,26,1,,2,36,0,,2,2,0,1,50,489,1,, -1,7,5,1,80,10,2,1,77,77192,1,2,0,3,Intersection Nationale 36 et DÃ©partementale 144,48.694013,2.82089,10,2,2
202100020179,165Â 566,B01,1,1,1,5,2,-1,-1,0,0,-1,2021,44.0,3,1,0,2,7,2,5,,3,27,0,D,1,1,0,1,0,0,3,, -1,1,0,1,50,8,9,1,13,13097,2,6,0,3,D 27,43.645982,4.804866,8,2,2
202100029191,149Â 572,A01,1,1,1,1,2,6,9,0,0,-1,2021,31.0,1,1,3,0,2,0,1,,3,323,-1,D,1,4,0,2,54,315,3,, -1,1,0,1,90,29,6,1,72,72008,1,1,0,6,D323,47.943135,0.192094,17,1,1
202100014353,176Â 054,B01,1,1,2,5,2,6,-1,-1, -1,-1,2021,25.0,3,1,0,2,1,1,1,,4,BIARRITZ (AVENUE DE),0,,2,2,0,1,0,0,1,, -1,1,0,1,50,7,10,5,64,64024,2,1,0,3,BIARRITZ (AVENUE DE),43.4806878885,-1.5302786976,20,2,2
202100052488,107Â 901,A01,2,2,1,5,1,-1,-1,0,0,-1,2021,29.0,1,2,4,0,3,2,1,,1,10,0,,1,4,0,1,204,0,1,, -1,1,0,1,130,1,2,1,37,37261,1,1,0,7,"A10, PK204+000 VERS BORDEAUX",47.4112032073,0.7272357792,12,2,1
202100040837,128Â 638,A01,3,2,1,5,0,-1,-1,0,0,-1,2021,43.0,1,2,5,0,2,1,1,,3,18,0,D,2,2,0,1,30,810,2,, -1,1,0,3,30,8,5,5,66,66210,2,1,0,6,Boulevard frÃ©dÃ©ric Mistral,42.626258,2.750847,22,4,1
202100023807,159Â 067,A01,1,1,1,0,0,-1,-1,0,0,-1,2021,38.0,3,1,0,0,0,1,1,,4,,-1,,2,2,0,2,(1),(1),1,, -1,1,0,1,50,17,8,3,971,97134,1,1,0,7,Route de Grand Croix,16.047694,-61.751268,19,1,1
202100029813,148Â 498,A01,1,1,1,0,2,6,-1,0,0,-1,2021,26.0,2,1,8,0,1,1,1,,4,,0,,1,1,0,1,(1),(1),1,, -1,1,0,1,30,9,7,1,6,6012,2,1,0,6,CARNIER (AVENUE DU),43.74253,7.422073,17,1,1
202100023799,159Â 081,A01,1,1,1,0,1,-1,-1,0,0,-1,2021,29.0,2,5,0,2,1,0,1,,1,77,0,,3,4,0,1,12,900,1,, -1,1,0,1,130,18,8,3,45,45222,1,1,0,2,A 77 PK 012+900,48.127014,2.712947,2,2,2
202100004301,194Â 072,A01,10,3,2,0,8,8,-1,3,3,1,2021,86.0,2,2,0,1,1,1,1,,4,HELENE MULLER (R),0,,2,-1,0,1,1,0,1,, -1,2,6,1,50,7,12,5,94,94073,2,1,1,6,Rue HÃ©lÃ¨ne Muller,48.75822,2.39684,17,2,1
202100027941,151Â 761,A01,1,1,1,0,1,0,-1,-1, -1,-1,2021,55.0,3,2,0,2,1,15,1,,4,CLOVIS HUGUES (RUE),0,,-1,2,0,1,0,0,1,, -1,1,0,1,50,20,7,1,13,13203,2,2,0,3,CLOVIS HUGUES (RUE),43.3096092584,5.3861043983,9,2,2
202100047789,116Â 329,A01,5,2,2,0,8,0,-1,0,0,-1,2021,21.0,3,1,0,2,1,26,3,,4,VILLERS (RUE DE),0,,1,1,2,3,(1),(1),1,, -1,1,-1,1,30,16,3,1,54,54395,2,2,0,3,VILLERS (RUE DE),48.6841126486,6.1660548672,18,3,2
202100031129,146Â 099,A01,2,2,2,0,1,0,-1,-1, -1,-1,2021,52.0,1,2,6,2,3,21,0,,4,AV DE LA GLOIRE,0,,2,1,0,1,(1),(1),1,, -1,1,0,1,50,1,7,1,31,31555,2,9,0,3,AV DE LA GLOIRE,43.60513,1.45741,19,4,2
202100019223,167Â 269,A01,10,3,2,0,0,-1,-1,2,3,1,2021,76.0,2,4,0,1,3,15,1,,3,VAILLANT-COUTURIER (AVENUE PAUL),0,,1,2,0,1,0,0,2,, -1,1,5,1,50,13,9,1,93,93027,2,6,0,6,Avenue Paul Vaillant Couturier / Avenue LÃ©nine,48.92057,2.41066,11,2,1
202100003415,195Â 652,A01,1,1,2,1,1,0,-1,-1, -1,-1,2021,24.0,2,2,0,2,5,13,1,,2,RN136,0,,3,4,0,1,8,594,1,, -1,2,0,1,90,11,12,3,35,35238,1,1,1,2,RN136,48.08098,-1.66741,20,2,2
202100034418,140Â 211,A01,1,1,2,5,2,6,-1,-1, -1,-1,2021,25.0,1,1,0,2,7,3,1,,1,A86 INT,0,,3,3,0,1,45,900,1,, -1,1,1,1,90,15,6,1,94,94073,1,1,0,3,A86 INT,48.7630280253,2.3813295364,16,2,2
202100023464,159Â 682,A01,1,1,1,9,1,5,-1,0, -1,-1,2021,29.0,3,2,9,0,0,0,1,,3,THEOPHILE SUEUR (BOULEVARD),0,,4,4,0,1,1,0,1,, -1,1,5,8,50,19,8,5,93,93048,2,9,0,3,Boulevard ThÃ©ophile Sueur,48.864042,2.467338,1,2,2
202100048895,114Â 360,B01,1,1,1,3,1,-1,-1,0,0,-1,2021,83.0,1,2,0,2,1,5,1,,3,181,-1,,2,2,0,1,41,670,1,, -1,1,0,1,50,8,3,1,27,27284,2,1,0,1,D181,49.268828,1.785327,11,2,2
202100038997,131Â 933,A01,10,3,1,1,0,-1,-1,3,3,1,2021,19.0,1,1,0,2,1,1,1,,3,PARIS AVENUE DE NÂ° IMPAIRS,0,,3,2,0,1,0,1,1,, -1,1,0,1,50,20,5,1,92,92020,2,1,0,6,PARIS AVENUE DE NÂ° IMPAIRS,48.8058459462,2.2915613651,9,2,1
202100041517,127Â 401,A01,2,2,1,0,3,-1,-1,-1, -1,-1,2021,0.0,3,2,14,0,1,1,1,,4,EDOUARD HERRIOT                     (AV),0,,1,1,0,3,(1),(1),1,, -1,1,0,1,50,3,5,1,69,69029,2,6,0,7,EDOUARD HERRIOT (AV),45.7290750398,4.9013144374,14,2,1
202100010204,183Â 466,A01,1,1,1,5,1,-1,-1,0,0,-1,2021,27.0,2,5,10,0,5,1,1,,2,21,-1,,2,2,0,1,16,950,1,, -1,2,0,8,80,31,10,3,32,32208,1,1,1,6,RN 21,43.916699,0.628077,2,2,1
202100030888,146Â 547,A01,2,2,1,0,1,-1,-1,0,0,-1,2021,21.0,1,2,6,0,1,13,1,,3,929,-1,,2,2,1,1,44,(1),1,, -1,1,0,3,50,5,7,1,65,65408,2,1,0,6,"23, route des nestes",42.968535,0.37603,14,2,1
202100022500,161Â 411,B01,1,1,1,5,2,-1,-1,0,0,-1,2021,16.0,3,1,0,2,1,1,1,,4,,-1,,2,1,0,1,(1),(1),2,,3,1,0,1,50,24,8,1,30,30308,1,1,0,1,Chemin du Perret,43.980371,4.430988,17,2,2
202100024093,158Â 594,A01,7,2,1,5,1,-1,-1,0,0,-1,2021,23.0,2,2,0,0,1,1,1,,3,1,-1,,-1,2,0,2,4,600,3,,"5,5",1,0,1,70,15,8,1,53,53119,1,1,0,7,ROUTE DE LAVAL,48.033998,-0.758507,17,4,1
202100021701,162Â 847,A01,1,1,1,4,0,-1,-1,0,0,-1,2021,56.0,1,4,3,0,8,2,1,,3,17,-1,,-1,2,0,2,14,750,3,, -1,1,0,3,80,26,8,1,38,38560,1,1,0,6,Route de Planchartier,45.480235,5.491844,13,1,1
202100046096,119Â 361,A01,1,1,1,1,1,-1,-1,-1, -1,-1,2021,46.0,0,2,6,0,2,1,1,,4,ARAGO (RUE),0,,2,2,0,1,(1),(1),2,, -1,9,0,3,50,28,3,5,50,50173,2,4,0,6,ARAGO (RUE),49.65175,-1.66703,5,1,1
202100000434,200Â 930,A01,2,2,1,4,1,-1,-1,0,0,-1,2021,24.0,2,5,0,2,2,3,1,,1,41,0,A,3,4,0,2,92,400,1,, -1,1,0,1,130,17,12,1,73,73288,1,1,0,2,A41 PK92.400,45.631404,5.908641,13,3,2
202100020912,164Â 273,A01,1,1,1,0,2,-1,-1,0,0,-1,2021,28.0,2,1,0,0,0,15,1,,3,RD3,0,A,1,1,0,1,0,47,1,, -1,1,0,1,50,4,9,1,76,76397,2,3,0,7,Rue du Pont Saint-Pierre,49.792534,1.108723,15,1,1
202100013372,177Â 835,A01,1,1,1,0,1,0,-1,-1, -1,-1,2021,37.0,1,5,0,0,3,1,1,,1,AUTOROUTE A104,0,,3,3,0,2,3,200,3,, -1,1,0,1,90,14,10,3,93,93078,1,1,0,7,AUTOROUTE A104,48.9609,2.52433,1,1,1
202100037278,135Â 040,B01,1,1,1,9,2,8,-1,-1, -1,-1,2021,35.0,1,1,0,2,2,1,1,,3,PARIS (ROUTE DE),0,,1,2,0,1,29,400,2,, -1,1,0,1,80,4,5,1,1,1451,1,6,0,3,PARIS (ROUTE DE),46.23281,5.20027,12,2,2
202100042227,126Â 146,A01,1,1,1,0,1,0,-1,-1, -1,-1,2021,44.0,1,5,0,2,3,26,0,,3,DE GAULLE (AVENUE DU GENERAL),0,,2,2,0,1,0,1,1,, -1,1,0,1,50,28,4,1,93,93030,2,1,0,5,DE GAULLE (AVENUE DU GENERAL),48.94998,2.41527,16,5,3
202100006891,189Â 454,A01,1,1,1,0,8,0,-1,-1, -1,-1,2021,53.0,2,2,4,0,3,0,1,,2,ROUTE NATIONALE 227,0,,-1,1,0,1,0,500,3,, -1,2,0,1,30,21,11,1,59,59346,1,1,1,6,ROUTE NATIONALE 227,50.6012131197,3.1317768591,13,1,1
202100018848,167Â 954,A01,1,1,1,5,1,9,-1,0,0,-1,2021,72.0,2,2,3,2,1,5,1,,3,946,0,,2,2,0,4,27,450,1,, -1,1,0,1,80,16,9,1,2,2379,1,1,0,1,dÃ©partementale 946,49.810802,3.660636,9,2,2
202100008858,185Â 906,A01,10,3,1,2,8,8,-1,9,3,1,2021,15.0,3,1,0,1,1,1,1,,4,,0,,2,2,0,1,0,0,1,, -1,1,0,8,30,8,11,1,92,92048,2,1,0,6,HENRI ETLIN (RUE),48.79391,2.21998,16,2,1
202100034747,139Â 600,A01,10,3,1,5,0,-1,-1,1,3,1,2021,5.0,0,2,0,1,2,0,1,,4,BLERIOT LOUIS (RUE),0,,1,1,2,1,(1),(1),1,, -1,1,-1,1,50,11,6,1,73,73065,2,1,0,6,BLERIOT LOUIS (RUE),45.5596548825,5.9048982256,19,2,1
202100020226,165Â 482,B01,2,2,2,5,1,-1,-1,-1, -1,-1,2021,47.0,2,2,0,2,3,1,1,,4,VAUBAN                              (R ),0,,1,1,2,1,(1),(1),1,, -1,1,0,1,30,8,9,5,69,69386,2,2,0,3,VAUBAN (R),45.7648,4.84277,1,5,2
202100015330,174Â 305,A01,2,2,2,5,1,-1,-1,-1, -1,-1,2021,21.0,1,2,15,2,1,21,1,,4,JAURES (AVENUE JEAN) DU NÂ° 74 A FIN (PAI,0,,2,2,0,1,(1),(1),1,, -1,2,0,3,50,3,10,5,51,51454,2,3,1,7,Avenue Jean JaurÃ¨s,49.2621590464,4.0523889642,5,2,1
202100043175,124Â 491,B01,1,1,1,5,1,-1,-1,-1, -1,-1,2021,62.0,1,5,0,2,4,1,1,,4,FOCH MARECHAL,0,,-1,4,0,1,(1),(1),1,, -1,1,0,1,50,21,4,1,29,29019,2,1,0,4,Avenue MarÃ©chal Foch,48.3927577,-4.487727,11,3,3
202100024643,157Â 613,B01,1,1,1,0,0,0,0,-1, -1,-1,2021,17.0,0,1,0,2,0,0,5,,9,PARVIS (LE),0,,-1,0,0,1,0,0,1,, -1,1,0,8,20,10,8,5,92,92062,2,9,0,1,PARVIS (LE),48.891829,2.237806,23,2,2
202100004268,194Â 128,A01,10,3,1,0,0,-1,-1,1,3,2,2021,3.0,3,2,0,1,3,1,1,,4,CHEMINEMENT HENRI BOSCO,0,,2,1,0,1,(1),(1),1,, -1,2,0,1,30,6,12,1,31,31555,2,1,0,6,CHEMINEMENT HENRI BOSCO,43.61082,1.43117,12,2,1
202100007489,188Â 369,B01,1,1,1,5,1,-1,-1,0,0,-1,2021,76.0,2,2,0,0,8,1,1,,3,28,0,,2,2,0,1,21,498,1,, -1,1,0,1,90,19,11,1,61,61440,1,2,0,3,Lieu Dit la Jarciere,48.739281,0.718001,11,2,2